
build/crux/associativity_pmu:     file format elf64-x86-64


Disassembly of section .init:

0000000000002000 <_init>:
    2000:	f3 0f 1e fa          	endbr64
    2004:	48 83 ec 08          	sub    rsp,0x8
    2008:	48 8b 05 e1 df 00 00 	mov    rax,QWORD PTR [rip+0xdfe1]        # fff0 <__gmon_start__@Base>
    200f:	48 85 c0             	test   rax,rax
    2012:	74 02                	je     2016 <_init+0x16>
    2014:	ff d0                	call   rax
    2016:	48 83 c4 08          	add    rsp,0x8
    201a:	c3                   	ret

Disassembly of section .plt:

0000000000002020 <.plt>:
    2020:	ff 35 c2 dd 00 00    	push   QWORD PTR [rip+0xddc2]        # fde8 <_GLOBAL_OFFSET_TABLE_+0x8>
    2026:	ff 25 c4 dd 00 00    	jmp    QWORD PTR [rip+0xddc4]        # fdf0 <_GLOBAL_OFFSET_TABLE_+0x10>
    202c:	0f 1f 40 00          	nop    DWORD PTR [rax+0x0]
    2030:	f3 0f 1e fa          	endbr64
    2034:	68 00 00 00 00       	push   0x0
    2039:	e9 e2 ff ff ff       	jmp    2020 <_init+0x20>
    203e:	66 90                	xchg   ax,ax
    2040:	f3 0f 1e fa          	endbr64
    2044:	68 01 00 00 00       	push   0x1
    2049:	e9 d2 ff ff ff       	jmp    2020 <_init+0x20>
    204e:	66 90                	xchg   ax,ax
    2050:	f3 0f 1e fa          	endbr64
    2054:	68 02 00 00 00       	push   0x2
    2059:	e9 c2 ff ff ff       	jmp    2020 <_init+0x20>
    205e:	66 90                	xchg   ax,ax
    2060:	f3 0f 1e fa          	endbr64
    2064:	68 03 00 00 00       	push   0x3
    2069:	e9 b2 ff ff ff       	jmp    2020 <_init+0x20>
    206e:	66 90                	xchg   ax,ax
    2070:	f3 0f 1e fa          	endbr64
    2074:	68 04 00 00 00       	push   0x4
    2079:	e9 a2 ff ff ff       	jmp    2020 <_init+0x20>
    207e:	66 90                	xchg   ax,ax
    2080:	f3 0f 1e fa          	endbr64
    2084:	68 05 00 00 00       	push   0x5
    2089:	e9 92 ff ff ff       	jmp    2020 <_init+0x20>
    208e:	66 90                	xchg   ax,ax
    2090:	f3 0f 1e fa          	endbr64
    2094:	68 06 00 00 00       	push   0x6
    2099:	e9 82 ff ff ff       	jmp    2020 <_init+0x20>
    209e:	66 90                	xchg   ax,ax
    20a0:	f3 0f 1e fa          	endbr64
    20a4:	68 07 00 00 00       	push   0x7
    20a9:	e9 72 ff ff ff       	jmp    2020 <_init+0x20>
    20ae:	66 90                	xchg   ax,ax
    20b0:	f3 0f 1e fa          	endbr64
    20b4:	68 08 00 00 00       	push   0x8
    20b9:	e9 62 ff ff ff       	jmp    2020 <_init+0x20>
    20be:	66 90                	xchg   ax,ax
    20c0:	f3 0f 1e fa          	endbr64
    20c4:	68 09 00 00 00       	push   0x9
    20c9:	e9 52 ff ff ff       	jmp    2020 <_init+0x20>
    20ce:	66 90                	xchg   ax,ax
    20d0:	f3 0f 1e fa          	endbr64
    20d4:	68 0a 00 00 00       	push   0xa
    20d9:	e9 42 ff ff ff       	jmp    2020 <_init+0x20>
    20de:	66 90                	xchg   ax,ax
    20e0:	f3 0f 1e fa          	endbr64
    20e4:	68 0b 00 00 00       	push   0xb
    20e9:	e9 32 ff ff ff       	jmp    2020 <_init+0x20>
    20ee:	66 90                	xchg   ax,ax
    20f0:	f3 0f 1e fa          	endbr64
    20f4:	68 0c 00 00 00       	push   0xc
    20f9:	e9 22 ff ff ff       	jmp    2020 <_init+0x20>
    20fe:	66 90                	xchg   ax,ax
    2100:	f3 0f 1e fa          	endbr64
    2104:	68 0d 00 00 00       	push   0xd
    2109:	e9 12 ff ff ff       	jmp    2020 <_init+0x20>
    210e:	66 90                	xchg   ax,ax
    2110:	f3 0f 1e fa          	endbr64
    2114:	68 0e 00 00 00       	push   0xe
    2119:	e9 02 ff ff ff       	jmp    2020 <_init+0x20>
    211e:	66 90                	xchg   ax,ax
    2120:	f3 0f 1e fa          	endbr64
    2124:	68 0f 00 00 00       	push   0xf
    2129:	e9 f2 fe ff ff       	jmp    2020 <_init+0x20>
    212e:	66 90                	xchg   ax,ax
    2130:	f3 0f 1e fa          	endbr64
    2134:	68 10 00 00 00       	push   0x10
    2139:	e9 e2 fe ff ff       	jmp    2020 <_init+0x20>
    213e:	66 90                	xchg   ax,ax
    2140:	f3 0f 1e fa          	endbr64
    2144:	68 11 00 00 00       	push   0x11
    2149:	e9 d2 fe ff ff       	jmp    2020 <_init+0x20>
    214e:	66 90                	xchg   ax,ax
    2150:	f3 0f 1e fa          	endbr64
    2154:	68 12 00 00 00       	push   0x12
    2159:	e9 c2 fe ff ff       	jmp    2020 <_init+0x20>
    215e:	66 90                	xchg   ax,ax
    2160:	f3 0f 1e fa          	endbr64
    2164:	68 13 00 00 00       	push   0x13
    2169:	e9 b2 fe ff ff       	jmp    2020 <_init+0x20>
    216e:	66 90                	xchg   ax,ax
    2170:	f3 0f 1e fa          	endbr64
    2174:	68 14 00 00 00       	push   0x14
    2179:	e9 a2 fe ff ff       	jmp    2020 <_init+0x20>
    217e:	66 90                	xchg   ax,ax
    2180:	f3 0f 1e fa          	endbr64
    2184:	68 15 00 00 00       	push   0x15
    2189:	e9 92 fe ff ff       	jmp    2020 <_init+0x20>
    218e:	66 90                	xchg   ax,ax
    2190:	f3 0f 1e fa          	endbr64
    2194:	68 16 00 00 00       	push   0x16
    2199:	e9 82 fe ff ff       	jmp    2020 <_init+0x20>
    219e:	66 90                	xchg   ax,ax
    21a0:	f3 0f 1e fa          	endbr64
    21a4:	68 17 00 00 00       	push   0x17
    21a9:	e9 72 fe ff ff       	jmp    2020 <_init+0x20>
    21ae:	66 90                	xchg   ax,ax
    21b0:	f3 0f 1e fa          	endbr64
    21b4:	68 18 00 00 00       	push   0x18
    21b9:	e9 62 fe ff ff       	jmp    2020 <_init+0x20>
    21be:	66 90                	xchg   ax,ax
    21c0:	f3 0f 1e fa          	endbr64
    21c4:	68 19 00 00 00       	push   0x19
    21c9:	e9 52 fe ff ff       	jmp    2020 <_init+0x20>
    21ce:	66 90                	xchg   ax,ax
    21d0:	f3 0f 1e fa          	endbr64
    21d4:	68 1a 00 00 00       	push   0x1a
    21d9:	e9 42 fe ff ff       	jmp    2020 <_init+0x20>
    21de:	66 90                	xchg   ax,ax
    21e0:	f3 0f 1e fa          	endbr64
    21e4:	68 1b 00 00 00       	push   0x1b
    21e9:	e9 32 fe ff ff       	jmp    2020 <_init+0x20>
    21ee:	66 90                	xchg   ax,ax
    21f0:	f3 0f 1e fa          	endbr64
    21f4:	68 1c 00 00 00       	push   0x1c
    21f9:	e9 22 fe ff ff       	jmp    2020 <_init+0x20>
    21fe:	66 90                	xchg   ax,ax
    2200:	f3 0f 1e fa          	endbr64
    2204:	68 1d 00 00 00       	push   0x1d
    2209:	e9 12 fe ff ff       	jmp    2020 <_init+0x20>
    220e:	66 90                	xchg   ax,ax
    2210:	f3 0f 1e fa          	endbr64
    2214:	68 1e 00 00 00       	push   0x1e
    2219:	e9 02 fe ff ff       	jmp    2020 <_init+0x20>
    221e:	66 90                	xchg   ax,ax
    2220:	f3 0f 1e fa          	endbr64
    2224:	68 1f 00 00 00       	push   0x1f
    2229:	e9 f2 fd ff ff       	jmp    2020 <_init+0x20>
    222e:	66 90                	xchg   ax,ax
    2230:	f3 0f 1e fa          	endbr64
    2234:	68 20 00 00 00       	push   0x20
    2239:	e9 e2 fd ff ff       	jmp    2020 <_init+0x20>
    223e:	66 90                	xchg   ax,ax
    2240:	f3 0f 1e fa          	endbr64
    2244:	68 21 00 00 00       	push   0x21
    2249:	e9 d2 fd ff ff       	jmp    2020 <_init+0x20>
    224e:	66 90                	xchg   ax,ax
    2250:	f3 0f 1e fa          	endbr64
    2254:	68 22 00 00 00       	push   0x22
    2259:	e9 c2 fd ff ff       	jmp    2020 <_init+0x20>
    225e:	66 90                	xchg   ax,ax
    2260:	f3 0f 1e fa          	endbr64
    2264:	68 23 00 00 00       	push   0x23
    2269:	e9 b2 fd ff ff       	jmp    2020 <_init+0x20>
    226e:	66 90                	xchg   ax,ax
    2270:	f3 0f 1e fa          	endbr64
    2274:	68 24 00 00 00       	push   0x24
    2279:	e9 a2 fd ff ff       	jmp    2020 <_init+0x20>
    227e:	66 90                	xchg   ax,ax
    2280:	f3 0f 1e fa          	endbr64
    2284:	68 25 00 00 00       	push   0x25
    2289:	e9 92 fd ff ff       	jmp    2020 <_init+0x20>
    228e:	66 90                	xchg   ax,ax
    2290:	f3 0f 1e fa          	endbr64
    2294:	68 26 00 00 00       	push   0x26
    2299:	e9 82 fd ff ff       	jmp    2020 <_init+0x20>
    229e:	66 90                	xchg   ax,ax
    22a0:	f3 0f 1e fa          	endbr64
    22a4:	68 27 00 00 00       	push   0x27
    22a9:	e9 72 fd ff ff       	jmp    2020 <_init+0x20>
    22ae:	66 90                	xchg   ax,ax
    22b0:	f3 0f 1e fa          	endbr64
    22b4:	68 28 00 00 00       	push   0x28
    22b9:	e9 62 fd ff ff       	jmp    2020 <_init+0x20>
    22be:	66 90                	xchg   ax,ax
    22c0:	f3 0f 1e fa          	endbr64
    22c4:	68 29 00 00 00       	push   0x29
    22c9:	e9 52 fd ff ff       	jmp    2020 <_init+0x20>
    22ce:	66 90                	xchg   ax,ax
    22d0:	f3 0f 1e fa          	endbr64
    22d4:	68 2a 00 00 00       	push   0x2a
    22d9:	e9 42 fd ff ff       	jmp    2020 <_init+0x20>
    22de:	66 90                	xchg   ax,ax
    22e0:	f3 0f 1e fa          	endbr64
    22e4:	68 2b 00 00 00       	push   0x2b
    22e9:	e9 32 fd ff ff       	jmp    2020 <_init+0x20>
    22ee:	66 90                	xchg   ax,ax
    22f0:	f3 0f 1e fa          	endbr64
    22f4:	68 2c 00 00 00       	push   0x2c
    22f9:	e9 22 fd ff ff       	jmp    2020 <_init+0x20>
    22fe:	66 90                	xchg   ax,ax
    2300:	f3 0f 1e fa          	endbr64
    2304:	68 2d 00 00 00       	push   0x2d
    2309:	e9 12 fd ff ff       	jmp    2020 <_init+0x20>
    230e:	66 90                	xchg   ax,ax
    2310:	f3 0f 1e fa          	endbr64
    2314:	68 2e 00 00 00       	push   0x2e
    2319:	e9 02 fd ff ff       	jmp    2020 <_init+0x20>
    231e:	66 90                	xchg   ax,ax
    2320:	f3 0f 1e fa          	endbr64
    2324:	68 2f 00 00 00       	push   0x2f
    2329:	e9 f2 fc ff ff       	jmp    2020 <_init+0x20>
    232e:	66 90                	xchg   ax,ax
    2330:	f3 0f 1e fa          	endbr64
    2334:	68 30 00 00 00       	push   0x30
    2339:	e9 e2 fc ff ff       	jmp    2020 <_init+0x20>
    233e:	66 90                	xchg   ax,ax
    2340:	f3 0f 1e fa          	endbr64
    2344:	68 31 00 00 00       	push   0x31
    2349:	e9 d2 fc ff ff       	jmp    2020 <_init+0x20>
    234e:	66 90                	xchg   ax,ax
    2350:	f3 0f 1e fa          	endbr64
    2354:	68 32 00 00 00       	push   0x32
    2359:	e9 c2 fc ff ff       	jmp    2020 <_init+0x20>
    235e:	66 90                	xchg   ax,ax
    2360:	f3 0f 1e fa          	endbr64
    2364:	68 33 00 00 00       	push   0x33
    2369:	e9 b2 fc ff ff       	jmp    2020 <_init+0x20>
    236e:	66 90                	xchg   ax,ax
    2370:	f3 0f 1e fa          	endbr64
    2374:	68 34 00 00 00       	push   0x34
    2379:	e9 a2 fc ff ff       	jmp    2020 <_init+0x20>
    237e:	66 90                	xchg   ax,ax
    2380:	f3 0f 1e fa          	endbr64
    2384:	68 35 00 00 00       	push   0x35
    2389:	e9 92 fc ff ff       	jmp    2020 <_init+0x20>
    238e:	66 90                	xchg   ax,ax
    2390:	f3 0f 1e fa          	endbr64
    2394:	68 36 00 00 00       	push   0x36
    2399:	e9 82 fc ff ff       	jmp    2020 <_init+0x20>
    239e:	66 90                	xchg   ax,ax
    23a0:	f3 0f 1e fa          	endbr64
    23a4:	68 37 00 00 00       	push   0x37
    23a9:	e9 72 fc ff ff       	jmp    2020 <_init+0x20>
    23ae:	66 90                	xchg   ax,ax
    23b0:	f3 0f 1e fa          	endbr64
    23b4:	68 38 00 00 00       	push   0x38
    23b9:	e9 62 fc ff ff       	jmp    2020 <_init+0x20>
    23be:	66 90                	xchg   ax,ax
    23c0:	f3 0f 1e fa          	endbr64
    23c4:	68 39 00 00 00       	push   0x39
    23c9:	e9 52 fc ff ff       	jmp    2020 <_init+0x20>
    23ce:	66 90                	xchg   ax,ax

Disassembly of section .plt.got:

00000000000023d0 <__cxa_finalize@plt>:
    23d0:	f3 0f 1e fa          	endbr64
    23d4:	ff 25 ee db 00 00    	jmp    QWORD PTR [rip+0xdbee]        # ffc8 <__cxa_finalize@GLIBC_2.2.5>
    23da:	66 0f 1f 44 00 00    	nop    WORD PTR [rax+rax*1+0x0]

00000000000023e0 <_ZNSt7__cxx1112basic_stringIcSt11char_traitsIcESaIcEED1Ev@plt>:
    23e0:	f3 0f 1e fa          	endbr64
    23e4:	ff 25 e6 db 00 00    	jmp    QWORD PTR [rip+0xdbe6]        # ffd0 <_ZNSt7__cxx1112basic_stringIcSt11char_traitsIcESaIcEED1Ev@GLIBCXX_3.4.21>
    23ea:	66 0f 1f 44 00 00    	nop    WORD PTR [rax+rax*1+0x0]

Disassembly of section .plt.sec:

00000000000023f0 <_ZNSt7__cxx1112basic_stringIcSt11char_traitsIcESaIcEEaSERKS4_@plt>:
    23f0:	f3 0f 1e fa          	endbr64
    23f4:	ff 25 fe d9 00 00    	jmp    QWORD PTR [rip+0xd9fe]        # fdf8 <_ZNSt7__cxx1112basic_stringIcSt11char_traitsIcESaIcEEaSERKS4_@GLIBCXX_3.4.21>
    23fa:	66 0f 1f 44 00 00    	nop    WORD PTR [rax+rax*1+0x0]

0000000000002400 <__errno_location@plt>:
    2400:	f3 0f 1e fa          	endbr64
    2404:	ff 25 f6 d9 00 00    	jmp    QWORD PTR [rip+0xd9f6]        # fe00 <__errno_location@GLIBC_2.2.5>
    240a:	66 0f 1f 44 00 00    	nop    WORD PTR [rax+rax*1+0x0]

0000000000002410 <syscall@plt>:
    2410:	f3 0f 1e fa          	endbr64
    2414:	ff 25 ee d9 00 00    	jmp    QWORD PTR [rip+0xd9ee]        # fe08 <syscall@GLIBC_2.2.5>
    241a:	66 0f 1f 44 00 00    	nop    WORD PTR [rax+rax*1+0x0]

0000000000002420 <_ZNSolsEm@plt>:
    2420:	f3 0f 1e fa          	endbr64
    2424:	ff 25 e6 d9 00 00    	jmp    QWORD PTR [rip+0xd9e6]        # fe10 <_ZNSolsEm@GLIBCXX_3.4>
    242a:	66 0f 1f 44 00 00    	nop    WORD PTR [rax+rax*1+0x0]

0000000000002430 <strerror@plt>:
    2430:	f3 0f 1e fa          	endbr64
    2434:	ff 25 de d9 00 00    	jmp    QWORD PTR [rip+0xd9de]        # fe18 <strerror@GLIBC_2.2.5>
    243a:	66 0f 1f 44 00 00    	nop    WORD PTR [rax+rax*1+0x0]

0000000000002440 <_ZSt17__throw_bad_allocv@plt>:
    2440:	f3 0f 1e fa          	endbr64
    2444:	ff 25 d6 d9 00 00    	jmp    QWORD PTR [rip+0xd9d6]        # fe20 <_ZSt17__throw_bad_allocv@GLIBCXX_3.4>
    244a:	66 0f 1f 44 00 00    	nop    WORD PTR [rax+rax*1+0x0]

0000000000002450 <__isoc23_sscanf@plt>:
    2450:	f3 0f 1e fa          	endbr64
    2454:	ff 25 ce d9 00 00    	jmp    QWORD PTR [rip+0xd9ce]        # fe28 <__isoc23_sscanf@GLIBC_2.38>
    245a:	66 0f 1f 44 00 00    	nop    WORD PTR [rax+rax*1+0x0]

0000000000002460 <__cxa_begin_catch@plt>:
    2460:	f3 0f 1e fa          	endbr64
    2464:	ff 25 c6 d9 00 00    	jmp    QWORD PTR [rip+0xd9c6]        # fe30 <__cxa_begin_catch@CXXABI_1.3>
    246a:	66 0f 1f 44 00 00    	nop    WORD PTR [rax+rax*1+0x0]

0000000000002470 <_ZNKSt7__cxx1112basic_stringIcSt11char_traitsIcESaIcEE5c_strEv@plt>:
    2470:	f3 0f 1e fa          	endbr64
    2474:	ff 25 be d9 00 00    	jmp    QWORD PTR [rip+0xd9be]        # fe38 <_ZNKSt7__cxx1112basic_stringIcSt11char_traitsIcESaIcEE5c_strEv@GLIBCXX_3.4.21>
    247a:	66 0f 1f 44 00 00    	nop    WORD PTR [rax+rax*1+0x0]

0000000000002480 <strlen@plt>:
    2480:	f3 0f 1e fa          	endbr64
    2484:	ff 25 b6 d9 00 00    	jmp    QWORD PTR [rip+0xd9b6]        # fe40 <strlen@GLIBC_2.2.5>
    248a:	66 0f 1f 44 00 00    	nop    WORD PTR [rax+rax*1+0x0]

0000000000002490 <memcmp@plt>:
    2490:	f3 0f 1e fa          	endbr64
    2494:	ff 25 ae d9 00 00    	jmp    QWORD PTR [rip+0xd9ae]        # fe48 <memcmp@GLIBC_2.2.5>
    249a:	66 0f 1f 44 00 00    	nop    WORD PTR [rax+rax*1+0x0]

00000000000024a0 <strncmp@plt>:
    24a0:	f3 0f 1e fa          	endbr64
    24a4:	ff 25 a6 d9 00 00    	jmp    QWORD PTR [rip+0xd9a6]        # fe50 <strncmp@GLIBC_2.2.5>
    24aa:	66 0f 1f 44 00 00    	nop    WORD PTR [rax+rax*1+0x0]

00000000000024b0 <_ZNSt14basic_ofstreamIcSt11char_traitsIcEE4openERKNSt7__cxx1112basic_stringIcS1_SaIcEEESt13_Ios_Openmode@plt>:
    24b0:	f3 0f 1e fa          	endbr64
    24b4:	ff 25 9e d9 00 00    	jmp    QWORD PTR [rip+0xd99e]        # fe58 <_ZNSt14basic_ofstreamIcSt11char_traitsIcEE4openERKNSt7__cxx1112basic_stringIcS1_SaIcEEESt13_Ios_Openmode@GLIBCXX_3.4.21>
    24ba:	66 0f 1f 44 00 00    	nop    WORD PTR [rax+rax*1+0x0]

00000000000024c0 <_ZSt20__throw_length_errorPKc@plt>:
    24c0:	f3 0f 1e fa          	endbr64
    24c4:	ff 25 96 d9 00 00    	jmp    QWORD PTR [rip+0xd996]        # fe60 <_ZSt20__throw_length_errorPKc@GLIBCXX_3.4>
    24ca:	66 0f 1f 44 00 00    	nop    WORD PTR [rax+rax*1+0x0]

00000000000024d0 <getrusage@plt>:
    24d0:	f3 0f 1e fa          	endbr64
    24d4:	ff 25 8e d9 00 00    	jmp    QWORD PTR [rip+0xd98e]        # fe68 <getrusage@GLIBC_2.2.5>
    24da:	66 0f 1f 44 00 00    	nop    WORD PTR [rax+rax*1+0x0]

00000000000024e0 <munmap@plt>:
    24e0:	f3 0f 1e fa          	endbr64
    24e4:	ff 25 86 d9 00 00    	jmp    QWORD PTR [rip+0xd986]        # fe70 <munmap@GLIBC_2.2.5>
    24ea:	66 0f 1f 44 00 00    	nop    WORD PTR [rax+rax*1+0x0]

00000000000024f0 <_ZSt24__throw_invalid_argumentPKc@plt>:
    24f0:	f3 0f 1e fa          	endbr64
    24f4:	ff 25 7e d9 00 00    	jmp    QWORD PTR [rip+0xd97e]        # fe78 <_ZSt24__throw_invalid_argumentPKc@GLIBCXX_3.4>
    24fa:	66 0f 1f 44 00 00    	nop    WORD PTR [rax+rax*1+0x0]

0000000000002500 <_ZNKSt7__cxx1112basic_stringIcSt11char_traitsIcESaIcEE4sizeEv@plt>:
    2500:	f3 0f 1e fa          	endbr64
    2504:	ff 25 76 d9 00 00    	jmp    QWORD PTR [rip+0xd976]        # fe80 <_ZNKSt7__cxx1112basic_stringIcSt11char_traitsIcESaIcEE4sizeEv@GLIBCXX_3.4.21>
    250a:	66 0f 1f 44 00 00    	nop    WORD PTR [rax+rax*1+0x0]

0000000000002510 <_ZSt28__throw_bad_array_new_lengthv@plt>:
    2510:	f3 0f 1e fa          	endbr64
    2514:	ff 25 6e d9 00 00    	jmp    QWORD PTR [rip+0xd96e]        # fe88 <_ZSt28__throw_bad_array_new_lengthv@GLIBCXX_3.4.29>
    251a:	66 0f 1f 44 00 00    	nop    WORD PTR [rax+rax*1+0x0]

0000000000002520 <perror@plt>:
    2520:	f3 0f 1e fa          	endbr64
    2524:	ff 25 66 d9 00 00    	jmp    QWORD PTR [rip+0xd966]        # fe90 <perror@GLIBC_2.2.5>
    252a:	66 0f 1f 44 00 00    	nop    WORD PTR [rax+rax*1+0x0]

0000000000002530 <__cxa_atexit@plt>:
    2530:	f3 0f 1e fa          	endbr64
    2534:	ff 25 5e d9 00 00    	jmp    QWORD PTR [rip+0xd95e]        # fe98 <__cxa_atexit@GLIBC_2.2.5>
    253a:	66 0f 1f 44 00 00    	nop    WORD PTR [rax+rax*1+0x0]

0000000000002540 <_ZStlsIcSt11char_traitsIcESaIcEERSt13basic_ostreamIT_T0_ES7_RKNSt7__cxx1112basic_stringIS4_S5_T1_EE@plt>:
    2540:	f3 0f 1e fa          	endbr64
    2544:	ff 25 56 d9 00 00    	jmp    QWORD PTR [rip+0xd956]        # fea0 <_ZStlsIcSt11char_traitsIcESaIcEERSt13basic_ostreamIT_T0_ES7_RKNSt7__cxx1112basic_stringIS4_S5_T1_EE@GLIBCXX_3.4.21>
    254a:	66 0f 1f 44 00 00    	nop    WORD PTR [rax+rax*1+0x0]

0000000000002550 <_ZdlPv@plt>:
    2550:	f3 0f 1e fa          	endbr64
    2554:	ff 25 4e d9 00 00    	jmp    QWORD PTR [rip+0xd94e]        # fea8 <_ZdlPv@GLIBCXX_3.4>
    255a:	66 0f 1f 44 00 00    	nop    WORD PTR [rax+rax*1+0x0]

0000000000002560 <_ZStlsISt11char_traitsIcEERSt13basic_ostreamIcT_ES5_PKc@plt>:
    2560:	f3 0f 1e fa          	endbr64
    2564:	ff 25 46 d9 00 00    	jmp    QWORD PTR [rip+0xd946]        # feb0 <_ZStlsISt11char_traitsIcEERSt13basic_ostreamIcT_ES5_PKc@GLIBCXX_3.4>
    256a:	66 0f 1f 44 00 00    	nop    WORD PTR [rax+rax*1+0x0]

0000000000002570 <fclose@plt>:
    2570:	f3 0f 1e fa          	endbr64
    2574:	ff 25 3e d9 00 00    	jmp    QWORD PTR [rip+0xd93e]        # feb8 <fclose@GLIBC_2.2.5>
    257a:	66 0f 1f 44 00 00    	nop    WORD PTR [rax+rax*1+0x0]

0000000000002580 <_Znwm@plt>:
    2580:	f3 0f 1e fa          	endbr64
    2584:	ff 25 36 d9 00 00    	jmp    QWORD PTR [rip+0xd936]        # fec0 <_Znwm@GLIBCXX_3.4>
    258a:	66 0f 1f 44 00 00    	nop    WORD PTR [rax+rax*1+0x0]

0000000000002590 <_ZNKSt7__cxx1112basic_stringIcSt11char_traitsIcESaIcEE6substrEmm@plt>:
    2590:	f3 0f 1e fa          	endbr64
    2594:	ff 25 2e d9 00 00    	jmp    QWORD PTR [rip+0xd92e]        # fec8 <_ZNKSt7__cxx1112basic_stringIcSt11char_traitsIcESaIcEE6substrEmm@GLIBCXX_3.4.21>
    259a:	66 0f 1f 44 00 00    	nop    WORD PTR [rax+rax*1+0x0]

00000000000025a0 <__stack_chk_fail@plt>:
    25a0:	f3 0f 1e fa          	endbr64
    25a4:	ff 25 26 d9 00 00    	jmp    QWORD PTR [rip+0xd926]        # fed0 <__stack_chk_fail@GLIBC_2.4>
    25aa:	66 0f 1f 44 00 00    	nop    WORD PTR [rax+rax*1+0x0]

00000000000025b0 <fputs@plt>:
    25b0:	f3 0f 1e fa          	endbr64
    25b4:	ff 25 1e d9 00 00    	jmp    QWORD PTR [rip+0xd91e]        # fed8 <fputs@GLIBC_2.2.5>
    25ba:	66 0f 1f 44 00 00    	nop    WORD PTR [rax+rax*1+0x0]

00000000000025c0 <fopen@plt>:
    25c0:	f3 0f 1e fa          	endbr64
    25c4:	ff 25 16 d9 00 00    	jmp    QWORD PTR [rip+0xd916]        # fee0 <fopen@GLIBC_2.2.5>
    25ca:	66 0f 1f 44 00 00    	nop    WORD PTR [rax+rax*1+0x0]

00000000000025d0 <madvise@plt>:
    25d0:	f3 0f 1e fa          	endbr64
    25d4:	ff 25 0e d9 00 00    	jmp    QWORD PTR [rip+0xd90e]        # fee8 <madvise@GLIBC_2.2.5>
    25da:	66 0f 1f 44 00 00    	nop    WORD PTR [rax+rax*1+0x0]

00000000000025e0 <exit@plt>:
    25e0:	f3 0f 1e fa          	endbr64
    25e4:	ff 25 06 d9 00 00    	jmp    QWORD PTR [rip+0xd906]        # fef0 <exit@GLIBC_2.2.5>
    25ea:	66 0f 1f 44 00 00    	nop    WORD PTR [rax+rax*1+0x0]

00000000000025f0 <_ZNKSt7__cxx1112basic_stringIcSt11char_traitsIcESaIcEE4dataEv@plt>:
    25f0:	f3 0f 1e fa          	endbr64
    25f4:	ff 25 fe d8 00 00    	jmp    QWORD PTR [rip+0xd8fe]        # fef8 <_ZNKSt7__cxx1112basic_stringIcSt11char_traitsIcESaIcEE4dataEv@GLIBCXX_3.4.21>
    25fa:	66 0f 1f 44 00 00    	nop    WORD PTR [rax+rax*1+0x0]

0000000000002600 <_ZNKSt7__cxx1112basic_stringIcSt11char_traitsIcESaIcEE4findEcm@plt>:
    2600:	f3 0f 1e fa          	endbr64
    2604:	ff 25 f6 d8 00 00    	jmp    QWORD PTR [rip+0xd8f6]        # ff00 <_ZNKSt7__cxx1112basic_stringIcSt11char_traitsIcESaIcEE4findEcm@GLIBCXX_3.4.21>
    260a:	66 0f 1f 44 00 00    	nop    WORD PTR [rax+rax*1+0x0]

0000000000002610 <_ZNSt7__cxx1112basic_stringIcSt11char_traitsIcESaIcEEaSEPKc@plt>:
    2610:	f3 0f 1e fa          	endbr64
    2614:	ff 25 ee d8 00 00    	jmp    QWORD PTR [rip+0xd8ee]        # ff08 <_ZNSt7__cxx1112basic_stringIcSt11char_traitsIcESaIcEEaSEPKc@GLIBCXX_3.4.21>
    261a:	66 0f 1f 44 00 00    	nop    WORD PTR [rax+rax*1+0x0]

0000000000002620 <_ZNSt7__cxx1112basic_stringIcSt11char_traitsIcESaIcEEC1EPKcRKS3_@plt>:
    2620:	f3 0f 1e fa          	endbr64
    2624:	ff 25 e6 d8 00 00    	jmp    QWORD PTR [rip+0xd8e6]        # ff10 <_ZNSt7__cxx1112basic_stringIcSt11char_traitsIcESaIcEEC1EPKcRKS3_@GLIBCXX_3.4.21>
    262a:	66 0f 1f 44 00 00    	nop    WORD PTR [rax+rax*1+0x0]

0000000000002630 <__isoc23_strtoull@plt>:
    2630:	f3 0f 1e fa          	endbr64
    2634:	ff 25 de d8 00 00    	jmp    QWORD PTR [rip+0xd8de]        # ff18 <__isoc23_strtoull@GLIBC_2.38>
    263a:	66 0f 1f 44 00 00    	nop    WORD PTR [rax+rax*1+0x0]

0000000000002640 <sched_getcpu@plt>:
    2640:	f3 0f 1e fa          	endbr64
    2644:	ff 25 d6 d8 00 00    	jmp    QWORD PTR [rip+0xd8d6]        # ff20 <sched_getcpu@GLIBC_2.6>
    264a:	66 0f 1f 44 00 00    	nop    WORD PTR [rax+rax*1+0x0]

0000000000002650 <_ZNSt7__cxx1112basic_stringIcSt11char_traitsIcESaIcEEC1Ev@plt>:
    2650:	f3 0f 1e fa          	endbr64
    2654:	ff 25 ce d8 00 00    	jmp    QWORD PTR [rip+0xd8ce]        # ff28 <_ZNSt7__cxx1112basic_stringIcSt11char_traitsIcESaIcEEC1Ev@GLIBCXX_3.4.21>
    265a:	66 0f 1f 44 00 00    	nop    WORD PTR [rax+rax*1+0x0]

0000000000002660 <ioctl@plt>:
    2660:	f3 0f 1e fa          	endbr64
    2664:	ff 25 c6 d8 00 00    	jmp    QWORD PTR [rip+0xd8c6]        # ff30 <ioctl@GLIBC_2.2.5>
    266a:	66 0f 1f 44 00 00    	nop    WORD PTR [rax+rax*1+0x0]

0000000000002670 <_ZNSt14basic_ofstreamIcSt11char_traitsIcEE5closeEv@plt>:
    2670:	f3 0f 1e fa          	endbr64
    2674:	ff 25 be d8 00 00    	jmp    QWORD PTR [rip+0xd8be]        # ff38 <_ZNSt14basic_ofstreamIcSt11char_traitsIcEE5closeEv@GLIBCXX_3.4>
    267a:	66 0f 1f 44 00 00    	nop    WORD PTR [rax+rax*1+0x0]

0000000000002680 <fprintf@plt>:
    2680:	f3 0f 1e fa          	endbr64
    2684:	ff 25 b6 d8 00 00    	jmp    QWORD PTR [rip+0xd8b6]        # ff40 <fprintf@GLIBC_2.2.5>
    268a:	66 0f 1f 44 00 00    	nop    WORD PTR [rax+rax*1+0x0]

0000000000002690 <read@plt>:
    2690:	f3 0f 1e fa          	endbr64
    2694:	ff 25 ae d8 00 00    	jmp    QWORD PTR [rip+0xd8ae]        # ff48 <read@GLIBC_2.2.5>
    269a:	66 0f 1f 44 00 00    	nop    WORD PTR [rax+rax*1+0x0]

00000000000026a0 <_ZSt20__throw_out_of_rangePKc@plt>:
    26a0:	f3 0f 1e fa          	endbr64
    26a4:	ff 25 a6 d8 00 00    	jmp    QWORD PTR [rip+0xd8a6]        # ff50 <_ZSt20__throw_out_of_rangePKc@GLIBCXX_3.4>
    26aa:	66 0f 1f 44 00 00    	nop    WORD PTR [rax+rax*1+0x0]

00000000000026b0 <__cxa_rethrow@plt>:
    26b0:	f3 0f 1e fa          	endbr64
    26b4:	ff 25 9e d8 00 00    	jmp    QWORD PTR [rip+0xd89e]        # ff58 <__cxa_rethrow@CXXABI_1.3>
    26ba:	66 0f 1f 44 00 00    	nop    WORD PTR [rax+rax*1+0x0]

00000000000026c0 <_ZNSt14basic_ofstreamIcSt11char_traitsIcEED1Ev@plt>:
    26c0:	f3 0f 1e fa          	endbr64
    26c4:	ff 25 96 d8 00 00    	jmp    QWORD PTR [rip+0xd896]        # ff60 <_ZNSt14basic_ofstreamIcSt11char_traitsIcEED1Ev@GLIBCXX_3.4>
    26ca:	66 0f 1f 44 00 00    	nop    WORD PTR [rax+rax*1+0x0]

00000000000026d0 <fgets@plt>:
    26d0:	f3 0f 1e fa          	endbr64
    26d4:	ff 25 8e d8 00 00    	jmp    QWORD PTR [rip+0xd88e]        # ff68 <fgets@GLIBC_2.2.5>
    26da:	66 0f 1f 44 00 00    	nop    WORD PTR [rax+rax*1+0x0]

00000000000026e0 <memmove@plt>:
    26e0:	f3 0f 1e fa          	endbr64
    26e4:	ff 25 86 d8 00 00    	jmp    QWORD PTR [rip+0xd886]        # ff70 <memmove@GLIBC_2.2.5>
    26ea:	66 0f 1f 44 00 00    	nop    WORD PTR [rax+rax*1+0x0]

00000000000026f0 <__cxa_end_catch@plt>:
    26f0:	f3 0f 1e fa          	endbr64
    26f4:	ff 25 7e d8 00 00    	jmp    QWORD PTR [rip+0xd87e]        # ff78 <__cxa_end_catch@CXXABI_1.3>
    26fa:	66 0f 1f 44 00 00    	nop    WORD PTR [rax+rax*1+0x0]

0000000000002700 <_ZNKSt7__cxx1112basic_stringIcSt11char_traitsIcESaIcEE5emptyEv@plt>:
    2700:	f3 0f 1e fa          	endbr64
    2704:	ff 25 76 d8 00 00    	jmp    QWORD PTR [rip+0xd876]        # ff80 <_ZNKSt7__cxx1112basic_stringIcSt11char_traitsIcESaIcEE5emptyEv@GLIBCXX_3.4.21>
    270a:	66 0f 1f 44 00 00    	nop    WORD PTR [rax+rax*1+0x0]

0000000000002710 <_ZNSt14basic_ofstreamIcSt11char_traitsIcEEC1Ev@plt>:
    2710:	f3 0f 1e fa          	endbr64
    2714:	ff 25 6e d8 00 00    	jmp    QWORD PTR [rip+0xd86e]        # ff88 <_ZNSt14basic_ofstreamIcSt11char_traitsIcEEC1Ev@GLIBCXX_3.4>
    271a:	66 0f 1f 44 00 00    	nop    WORD PTR [rax+rax*1+0x0]

0000000000002720 <_ZNSolsEi@plt>:
    2720:	f3 0f 1e fa          	endbr64
    2724:	ff 25 66 d8 00 00    	jmp    QWORD PTR [rip+0xd866]        # ff90 <_ZNSolsEi@GLIBCXX_3.4>
    272a:	66 0f 1f 44 00 00    	nop    WORD PTR [rax+rax*1+0x0]

0000000000002730 <_Unwind_Resume@plt>:
    2730:	f3 0f 1e fa          	endbr64
    2734:	ff 25 5e d8 00 00    	jmp    QWORD PTR [rip+0xd85e]        # ff98 <_Unwind_Resume@GCC_3.0>
    273a:	66 0f 1f 44 00 00    	nop    WORD PTR [rax+rax*1+0x0]

0000000000002740 <mmap@plt>:
    2740:	f3 0f 1e fa          	endbr64
    2744:	ff 25 56 d8 00 00    	jmp    QWORD PTR [rip+0xd856]        # ffa0 <mmap@GLIBC_2.2.5>
    274a:	66 0f 1f 44 00 00    	nop    WORD PTR [rax+rax*1+0x0]

0000000000002750 <_ZNSolsEd@plt>:
    2750:	f3 0f 1e fa          	endbr64
    2754:	ff 25 4e d8 00 00    	jmp    QWORD PTR [rip+0xd84e]        # ffa8 <_ZNSolsEd@GLIBCXX_3.4>
    275a:	66 0f 1f 44 00 00    	nop    WORD PTR [rax+rax*1+0x0]

0000000000002760 <_ZNSt14basic_ofstreamIcSt11char_traitsIcEEC1ERKNSt7__cxx1112basic_stringIcS1_SaIcEEESt13_Ios_Openmode@plt>:
    2760:	f3 0f 1e fa          	endbr64
    2764:	ff 25 46 d8 00 00    	jmp    QWORD PTR [rip+0xd846]        # ffb0 <_ZNSt14basic_ofstreamIcSt11char_traitsIcEEC1ERKNSt7__cxx1112basic_stringIcS1_SaIcEEESt13_Ios_Openmode@GLIBCXX_3.4.21>
    276a:	66 0f 1f 44 00 00    	nop    WORD PTR [rax+rax*1+0x0]

0000000000002770 <fwrite@plt>:
    2770:	f3 0f 1e fa          	endbr64
    2774:	ff 25 3e d8 00 00    	jmp    QWORD PTR [rip+0xd83e]        # ffb8 <fwrite@GLIBC_2.2.5>
    277a:	66 0f 1f 44 00 00    	nop    WORD PTR [rax+rax*1+0x0]

0000000000002780 <close@plt>:
    2780:	f3 0f 1e fa          	endbr64
    2784:	ff 25 36 d8 00 00    	jmp    QWORD PTR [rip+0xd836]        # ffc0 <close@GLIBC_2.2.5>
    278a:	66 0f 1f 44 00 00    	nop    WORD PTR [rax+rax*1+0x0]

Disassembly of section .text:

0000000000002790 <_start>:
    2790:	f3 0f 1e fa          	endbr64
    2794:	31 ed                	xor    ebp,ebp
    2796:	49 89 d1             	mov    r9,rdx
    2799:	5e                   	pop    rsi
    279a:	48 89 e2             	mov    rdx,rsp
    279d:	48 83 e4 f0          	and    rsp,0xfffffffffffffff0
    27a1:	50                   	push   rax
    27a2:	54                   	push   rsp
    27a3:	45 31 c0             	xor    r8d,r8d
    27a6:	31 c9                	xor    ecx,ecx
    27a8:	48 8d 3d 95 2a 00 00 	lea    rdi,[rip+0x2a95]        # 5244 <main>
    27af:	ff 15 23 d8 00 00    	call   QWORD PTR [rip+0xd823]        # ffd8 <__libc_start_main@GLIBC_2.34>
    27b5:	f4                   	hlt
    27b6:	66 2e 0f 1f 84 00 00 	cs nop WORD PTR [rax+rax*1+0x0]
    27bd:	00 00 00 

00000000000027c0 <deregister_tm_clones>:
    27c0:	48 8d 3d 51 d8 00 00 	lea    rdi,[rip+0xd851]        # 10018 <__TMC_END__>
    27c7:	48 8d 05 4a d8 00 00 	lea    rax,[rip+0xd84a]        # 10018 <__TMC_END__>
    27ce:	48 39 f8             	cmp    rax,rdi
    27d1:	74 15                	je     27e8 <deregister_tm_clones+0x28>
    27d3:	48 8b 05 0e d8 00 00 	mov    rax,QWORD PTR [rip+0xd80e]        # ffe8 <_ITM_deregisterTMCloneTable@Base>
    27da:	48 85 c0             	test   rax,rax
    27dd:	74 09                	je     27e8 <deregister_tm_clones+0x28>
    27df:	ff e0                	jmp    rax
    27e1:	0f 1f 80 00 00 00 00 	nop    DWORD PTR [rax+0x0]
    27e8:	c3                   	ret
    27e9:	0f 1f 80 00 00 00 00 	nop    DWORD PTR [rax+0x0]

00000000000027f0 <register_tm_clones>:
    27f0:	48 8d 3d 21 d8 00 00 	lea    rdi,[rip+0xd821]        # 10018 <__TMC_END__>
    27f7:	48 8d 35 1a d8 00 00 	lea    rsi,[rip+0xd81a]        # 10018 <__TMC_END__>
    27fe:	48 29 fe             	sub    rsi,rdi
    2801:	48 89 f0             	mov    rax,rsi
    2804:	48 c1 ee 3f          	shr    rsi,0x3f
    2808:	48 c1 f8 03          	sar    rax,0x3
    280c:	48 01 c6             	add    rsi,rax
    280f:	48 d1 fe             	sar    rsi,1
    2812:	74 14                	je     2828 <register_tm_clones+0x38>
    2814:	48 8b 05 dd d7 00 00 	mov    rax,QWORD PTR [rip+0xd7dd]        # fff8 <_ITM_registerTMCloneTable@Base>
    281b:	48 85 c0             	test   rax,rax
    281e:	74 08                	je     2828 <register_tm_clones+0x38>
    2820:	ff e0                	jmp    rax
    2822:	66 0f 1f 44 00 00    	nop    WORD PTR [rax+rax*1+0x0]
    2828:	c3                   	ret
    2829:	0f 1f 80 00 00 00 00 	nop    DWORD PTR [rax+0x0]

0000000000002830 <__do_global_dtors_aux>:
    2830:	f3 0f 1e fa          	endbr64
    2834:	80 3d 15 d9 00 00 00 	cmp    BYTE PTR [rip+0xd915],0x0        # 10150 <completed.0>
    283b:	75 2b                	jne    2868 <__do_global_dtors_aux+0x38>
    283d:	55                   	push   rbp
    283e:	48 83 3d 82 d7 00 00 	cmp    QWORD PTR [rip+0xd782],0x0        # ffc8 <__cxa_finalize@GLIBC_2.2.5>
    2845:	00 
    2846:	48 89 e5             	mov    rbp,rsp
    2849:	74 0c                	je     2857 <__do_global_dtors_aux+0x27>
    284b:	48 8b 3d b6 d7 00 00 	mov    rdi,QWORD PTR [rip+0xd7b6]        # 10008 <__dso_handle>
    2852:	e8 79 fb ff ff       	call   23d0 <__cxa_finalize@plt>
    2857:	e8 64 ff ff ff       	call   27c0 <deregister_tm_clones>
    285c:	c6 05 ed d8 00 00 01 	mov    BYTE PTR [rip+0xd8ed],0x1        # 10150 <completed.0>
    2863:	5d                   	pop    rbp
    2864:	c3                   	ret
    2865:	0f 1f 00             	nop    DWORD PTR [rax]
    2868:	c3                   	ret
    2869:	0f 1f 80 00 00 00 00 	nop    DWORD PTR [rax+0x0]

0000000000002870 <frame_dummy>:
    2870:	f3 0f 1e fa          	endbr64
    2874:	e9 77 ff ff ff       	jmp    27f0 <register_tm_clones>

0000000000002879 <_ZL11timer_startv>:
    2879:	55                   	push   rbp
    287a:	48 89 e5             	mov    rbp,rsp
    287d:	0f ae e8             	lfence
    2880:	90                   	nop
    2881:	0f 31                	rdtsc
    2883:	48 c1 e2 20          	shl    rdx,0x20
    2887:	48 09 d0             	or     rax,rdx
    288a:	90                   	nop
    288b:	48 89 45 f8          	mov    QWORD PTR [rbp-0x8],rax
    288f:	0f ae e8             	lfence
    2892:	90                   	nop
    2893:	48 8b 45 f8          	mov    rax,QWORD PTR [rbp-0x8]
    2897:	5d                   	pop    rbp
    2898:	c3                   	ret

0000000000002899 <_ZL10timer_stopv>:
    2899:	55                   	push   rbp
    289a:	48 89 e5             	mov    rbp,rsp
    289d:	48 83 ec 20          	sub    rsp,0x20
    28a1:	64 48 8b 04 25 28 00 	mov    rax,QWORD PTR fs:0x28
    28a8:	00 00 
    28aa:	48 89 45 f8          	mov    QWORD PTR [rbp-0x8],rax
    28ae:	31 c0                	xor    eax,eax
    28b0:	0f ae e8             	lfence
    28b3:	90                   	nop
    28b4:	48 8d 45 e4          	lea    rax,[rbp-0x1c]
    28b8:	48 89 45 f0          	mov    QWORD PTR [rbp-0x10],rax
    28bc:	0f 01 f9             	rdtscp
    28bf:	89 ce                	mov    esi,ecx
    28c1:	48 8b 4d f0          	mov    rcx,QWORD PTR [rbp-0x10]
    28c5:	89 31                	mov    DWORD PTR [rcx],esi
    28c7:	48 c1 e2 20          	shl    rdx,0x20
    28cb:	48 09 d0             	or     rax,rdx
    28ce:	90                   	nop
    28cf:	48 89 45 e8          	mov    QWORD PTR [rbp-0x18],rax
    28d3:	0f ae e8             	lfence
    28d6:	90                   	nop
    28d7:	48 8b 45 e8          	mov    rax,QWORD PTR [rbp-0x18]
    28db:	48 8b 55 f8          	mov    rdx,QWORD PTR [rbp-0x8]
    28df:	64 48 2b 14 25 28 00 	sub    rdx,QWORD PTR fs:0x28
    28e6:	00 00 
    28e8:	74 05                	je     28ef <_ZL10timer_stopv+0x56>
    28ea:	e8 b1 fc ff ff       	call   25a0 <__stack_chk_fail@plt>
    28ef:	c9                   	leave
    28f0:	c3                   	ret

00000000000028f1 <_ZL4failPKc>:
    28f1:	f3 0f 1e fa          	endbr64
    28f5:	55                   	push   rbp
    28f6:	48 89 e5             	mov    rbp,rsp
    28f9:	48 83 ec 10          	sub    rsp,0x10
    28fd:	48 89 7d f8          	mov    QWORD PTR [rbp-0x8],rdi
    2901:	48 8b 45 f8          	mov    rax,QWORD PTR [rbp-0x8]
    2905:	48 89 c7             	mov    rdi,rax
    2908:	e8 13 fc ff ff       	call   2520 <perror@plt>
    290d:	bf 01 00 00 00       	mov    edi,0x1
    2912:	e8 c9 fc ff ff       	call   25e0 <exit@plt>

0000000000002917 <_ZL8pmu_openPKc>:
    2917:	f3 0f 1e fa          	endbr64
    291b:	55                   	push   rbp
    291c:	48 89 e5             	mov    rbp,rsp
    291f:	48 81 ec c0 00 00 00 	sub    rsp,0xc0
    2926:	48 89 bd 48 ff ff ff 	mov    QWORD PTR [rbp-0xb8],rdi
    292d:	64 48 8b 04 25 28 00 	mov    rax,QWORD PTR fs:0x28
    2934:	00 00 
    2936:	48 89 45 f8          	mov    QWORD PTR [rbp-0x8],rax
    293a:	31 c0                	xor    eax,eax
    293c:	48 8b 85 48 ff ff ff 	mov    rax,QWORD PTR [rbp-0xb8]
    2943:	48 89 85 68 ff ff ff 	mov    QWORD PTR [rbp-0x98],rax
    294a:	c7 85 5c ff ff ff 00 	mov    DWORD PTR [rbp-0xa4],0x0
    2951:	00 00 00 
    2954:	e9 8b 02 00 00       	jmp    2be4 <_ZL8pmu_openPKc+0x2cd>
    2959:	e8 a2 fa ff ff       	call   2400 <__errno_location@plt>
    295e:	c7 00 00 00 00 00    	mov    DWORD PTR [rax],0x0
    2964:	48 8d 8d 60 ff ff ff 	lea    rcx,[rbp-0xa0]
    296b:	48 8b 85 68 ff ff ff 	mov    rax,QWORD PTR [rbp-0x98]
    2972:	ba 00 00 00 00       	mov    edx,0x0
    2977:	48 89 ce             	mov    rsi,rcx
    297a:	48 89 c7             	mov    rdi,rax
    297d:	e8 ae fc ff ff       	call   2630 <__isoc23_strtoull@plt>
    2982:	8b 95 5c ff ff ff    	mov    edx,DWORD PTR [rbp-0xa4]
    2988:	48 63 d2             	movsxd rdx,edx
    298b:	48 8d 0c d5 00 00 00 	lea    rcx,[rdx*8+0x0]
    2992:	00 
    2993:	48 8d 15 06 d8 00 00 	lea    rdx,[rip+0xd806]        # 101a0 <_ZL11pmu_configs>
    299a:	48 89 04 11          	mov    QWORD PTR [rcx+rdx*1],rax
    299e:	e8 5d fa ff ff       	call   2400 <__errno_location@plt>
    29a3:	8b 00                	mov    eax,DWORD PTR [rax]
    29a5:	85 c0                	test   eax,eax
    29a7:	75 45                	jne    29ee <_ZL8pmu_openPKc+0xd7>
    29a9:	48 8b 85 60 ff ff ff 	mov    rax,QWORD PTR [rbp-0xa0]
    29b0:	48 39 85 68 ff ff ff 	cmp    QWORD PTR [rbp-0x98],rax
    29b7:	74 35                	je     29ee <_ZL8pmu_openPKc+0xd7>
    29b9:	48 8b 85 68 ff ff ff 	mov    rax,QWORD PTR [rbp-0x98]
    29c0:	0f b6 00             	movzx  eax,BYTE PTR [rax]
    29c3:	3c 2d                	cmp    al,0x2d
    29c5:	74 27                	je     29ee <_ZL8pmu_openPKc+0xd7>
    29c7:	83 bd 5c ff ff ff 02 	cmp    DWORD PTR [rbp-0xa4],0x2
    29ce:	7f 10                	jg     29e0 <_ZL8pmu_openPKc+0xc9>
    29d0:	48 8b 85 60 ff ff ff 	mov    rax,QWORD PTR [rbp-0xa0]
    29d7:	0f b6 00             	movzx  eax,BYTE PTR [rax]
    29da:	3c 2c                	cmp    al,0x2c
    29dc:	75 10                	jne    29ee <_ZL8pmu_openPKc+0xd7>
    29de:	eb 3b                	jmp    2a1b <_ZL8pmu_openPKc+0x104>
    29e0:	48 8b 85 60 ff ff ff 	mov    rax,QWORD PTR [rbp-0xa0]
    29e7:	0f b6 00             	movzx  eax,BYTE PTR [rax]
    29ea:	84 c0                	test   al,al
    29ec:	74 2d                	je     2a1b <_ZL8pmu_openPKc+0x104>
    29ee:	48 8b 05 2b d6 00 00 	mov    rax,QWORD PTR [rip+0xd62b]        # 10020 <stderr@GLIBC_2.2.5>
    29f5:	48 89 c1             	mov    rcx,rax
    29f8:	ba 38 00 00 00       	mov    edx,0x38
    29fd:	be 01 00 00 00       	mov    esi,0x1
    2a02:	48 8d 05 07 96 00 00 	lea    rax,[rip+0x9607]        # c010 <_ZStL19piecewise_construct+0x8>
    2a09:	48 89 c7             	mov    rdi,rax
    2a0c:	e8 5f fd ff ff       	call   2770 <fwrite@plt>
    2a11:	bf 01 00 00 00       	mov    edi,0x1
    2a16:	e8 c5 fb ff ff       	call   25e0 <exit@plt>
    2a1b:	48 8b 85 60 ff ff ff 	mov    rax,QWORD PTR [rbp-0xa0]
    2a22:	0f b6 00             	movzx  eax,BYTE PTR [rax]
    2a25:	84 c0                	test   al,al
    2a27:	74 0d                	je     2a36 <_ZL8pmu_openPKc+0x11f>
    2a29:	48 8b 85 60 ff ff ff 	mov    rax,QWORD PTR [rbp-0xa0]
    2a30:	48 83 c0 01          	add    rax,0x1
    2a34:	eb 07                	jmp    2a3d <_ZL8pmu_openPKc+0x126>
    2a36:	48 8b 85 60 ff ff ff 	mov    rax,QWORD PTR [rbp-0xa0]
    2a3d:	48 89 85 68 ff ff ff 	mov    QWORD PTR [rbp-0x98],rax
    2a44:	48 8d 95 70 ff ff ff 	lea    rdx,[rbp-0x90]
    2a4b:	b8 00 00 00 00       	mov    eax,0x0
    2a50:	b9 11 00 00 00       	mov    ecx,0x11
    2a55:	48 89 d7             	mov    rdi,rdx
    2a58:	f3 48 ab             	rep stos QWORD PTR es:[rdi],rax
    2a5b:	c7 85 70 ff ff ff 04 	mov    DWORD PTR [rbp-0x90],0x4
    2a62:	00 00 00 
    2a65:	c7 85 74 ff ff ff 88 	mov    DWORD PTR [rbp-0x8c],0x88
    2a6c:	00 00 00 
    2a6f:	8b 85 5c ff ff ff    	mov    eax,DWORD PTR [rbp-0xa4]
    2a75:	48 98                	cdqe
    2a77:	48 8d 14 c5 00 00 00 	lea    rdx,[rax*8+0x0]
    2a7e:	00 
    2a7f:	48 8d 05 1a d7 00 00 	lea    rax,[rip+0xd71a]        # 101a0 <_ZL11pmu_configs>
    2a86:	48 8b 04 02          	mov    rax,QWORD PTR [rdx+rax*1]
    2a8a:	48 89 85 78 ff ff ff 	mov    QWORD PTR [rbp-0x88],rax
    2a91:	83 bd 5c ff ff ff 00 	cmp    DWORD PTR [rbp-0xa4],0x0
    2a98:	0f 94 c0             	sete   al
    2a9b:	83 e0 01             	and    eax,0x1
    2a9e:	89 c2                	mov    edx,eax
    2aa0:	0f b6 45 98          	movzx  eax,BYTE PTR [rbp-0x68]
    2aa4:	83 e0 fe             	and    eax,0xfffffffe
    2aa7:	09 d0                	or     eax,edx
    2aa9:	88 45 98             	mov    BYTE PTR [rbp-0x68],al
    2aac:	83 bd 5c ff ff ff 00 	cmp    DWORD PTR [rbp-0xa4],0x0
    2ab3:	0f 94 c0             	sete   al
    2ab6:	83 e0 01             	and    eax,0x1
    2ab9:	8d 14 85 00 00 00 00 	lea    edx,[rax*4+0x0]
    2ac0:	0f b6 45 98          	movzx  eax,BYTE PTR [rbp-0x68]
    2ac4:	83 e0 fb             	and    eax,0xfffffffb
    2ac7:	09 d0                	or     eax,edx
    2ac9:	88 45 98             	mov    BYTE PTR [rbp-0x68],al
    2acc:	0f b6 45 98          	movzx  eax,BYTE PTR [rbp-0x68]
    2ad0:	83 c8 20             	or     eax,0x20
    2ad3:	88 45 98             	mov    BYTE PTR [rbp-0x68],al
    2ad6:	0f b6 45 98          	movzx  eax,BYTE PTR [rbp-0x68]
    2ada:	83 c8 40             	or     eax,0x40
    2add:	88 45 98             	mov    BYTE PTR [rbp-0x68],al
    2ae0:	0f b6 45 9a          	movzx  eax,BYTE PTR [rbp-0x66]
    2ae4:	83 c8 10             	or     eax,0x10
    2ae7:	88 45 9a             	mov    BYTE PTR [rbp-0x66],al
    2aea:	48 c7 45 90 0f 00 00 	mov    QWORD PTR [rbp-0x70],0xf
    2af1:	00 
    2af2:	83 bd 5c ff ff ff 00 	cmp    DWORD PTR [rbp-0xa4],0x0
    2af9:	74 08                	je     2b03 <_ZL8pmu_openPKc+0x1ec>
    2afb:	8b 15 5f d6 00 00    	mov    edx,DWORD PTR [rip+0xd65f]        # 10160 <_ZL7pmu_fds>
    2b01:	eb 05                	jmp    2b08 <_ZL8pmu_openPKc+0x1f1>
    2b03:	ba ff ff ff ff       	mov    edx,0xffffffff
    2b08:	48 8d 85 70 ff ff ff 	lea    rax,[rbp-0x90]
    2b0f:	41 b9 08 00 00 00    	mov    r9d,0x8
    2b15:	41 89 d0             	mov    r8d,edx
    2b18:	b9 ff ff ff ff       	mov    ecx,0xffffffff
    2b1d:	ba 00 00 00 00       	mov    edx,0x0
    2b22:	48 89 c6             	mov    rsi,rax
    2b25:	bf 2a 01 00 00       	mov    edi,0x12a
    2b2a:	b8 00 00 00 00       	mov    eax,0x0
    2b2f:	e8 dc f8 ff ff       	call   2410 <syscall@plt>
    2b34:	89 c1                	mov    ecx,eax
    2b36:	8b 85 5c ff ff ff    	mov    eax,DWORD PTR [rbp-0xa4]
    2b3c:	48 98                	cdqe
    2b3e:	48 8d 14 85 00 00 00 	lea    rdx,[rax*4+0x0]
    2b45:	00 
    2b46:	48 8d 05 13 d6 00 00 	lea    rax,[rip+0xd613]        # 10160 <_ZL7pmu_fds>
    2b4d:	89 0c 02             	mov    DWORD PTR [rdx+rax*1],ecx
    2b50:	8b 85 5c ff ff ff    	mov    eax,DWORD PTR [rbp-0xa4]
    2b56:	48 98                	cdqe
    2b58:	48 8d 14 85 00 00 00 	lea    rdx,[rax*4+0x0]
    2b5f:	00 
    2b60:	48 8d 05 f9 d5 00 00 	lea    rax,[rip+0xd5f9]        # 10160 <_ZL7pmu_fds>
    2b67:	8b 04 02             	mov    eax,DWORD PTR [rdx+rax*1]
    2b6a:	85 c0                	test   eax,eax
    2b6c:	79 0f                	jns    2b7d <_ZL8pmu_openPKc+0x266>
    2b6e:	48 8d 05 d4 94 00 00 	lea    rax,[rip+0x94d4]        # c049 <_ZStL19piecewise_construct+0x41>
    2b75:	48 89 c7             	mov    rdi,rax
    2b78:	e8 74 fd ff ff       	call   28f1 <_ZL4failPKc>
    2b7d:	8b 85 5c ff ff ff    	mov    eax,DWORD PTR [rbp-0xa4]
    2b83:	48 98                	cdqe
    2b85:	48 8d 14 c5 00 00 00 	lea    rdx,[rax*8+0x0]
    2b8c:	00 
    2b8d:	48 8d 05 ec d5 00 00 	lea    rax,[rip+0xd5ec]        # 10180 <_ZL7pmu_ids>
    2b94:	48 01 c2             	add    rdx,rax
    2b97:	8b 85 5c ff ff ff    	mov    eax,DWORD PTR [rbp-0xa4]
    2b9d:	48 98                	cdqe
    2b9f:	48 8d 0c 85 00 00 00 	lea    rcx,[rax*4+0x0]
    2ba6:	00 
    2ba7:	48 8d 05 b2 d5 00 00 	lea    rax,[rip+0xd5b2]        # 10160 <_ZL7pmu_fds>
    2bae:	8b 04 01             	mov    eax,DWORD PTR [rcx+rax*1]
    2bb1:	b9 07 24 08 80       	mov    ecx,0x80082407
    2bb6:	48 89 ce             	mov    rsi,rcx
    2bb9:	89 c7                	mov    edi,eax
    2bbb:	b8 00 00 00 00       	mov    eax,0x0
    2bc0:	e8 9b fa ff ff       	call   2660 <ioctl@plt>
    2bc5:	85 c0                	test   eax,eax
    2bc7:	0f 95 c0             	setne  al
    2bca:	84 c0                	test   al,al
    2bcc:	74 0f                	je     2bdd <_ZL8pmu_openPKc+0x2c6>
    2bce:	48 8d 05 84 94 00 00 	lea    rax,[rip+0x9484]        # c059 <_ZStL19piecewise_construct+0x51>
    2bd5:	48 89 c7             	mov    rdi,rax
    2bd8:	e8 14 fd ff ff       	call   28f1 <_ZL4failPKc>
    2bdd:	83 85 5c ff ff ff 01 	add    DWORD PTR [rbp-0xa4],0x1
    2be4:	83 bd 5c ff ff ff 03 	cmp    DWORD PTR [rbp-0xa4],0x3
    2beb:	0f 8e 68 fd ff ff    	jle    2959 <_ZL8pmu_openPKc+0x42>
    2bf1:	90                   	nop
    2bf2:	48 8b 45 f8          	mov    rax,QWORD PTR [rbp-0x8]
    2bf6:	64 48 2b 04 25 28 00 	sub    rax,QWORD PTR fs:0x28
    2bfd:	00 00 
    2bff:	74 05                	je     2c06 <_ZL8pmu_openPKc+0x2ef>
    2c01:	e8 9a f9 ff ff       	call   25a0 <__stack_chk_fail@plt>
    2c06:	c9                   	leave
    2c07:	c3                   	ret

0000000000002c08 <_ZL9pmu_startv>:
    2c08:	f3 0f 1e fa          	endbr64
    2c0c:	55                   	push   rbp
    2c0d:	48 89 e5             	mov    rbp,rsp
    2c10:	8b 05 4a d5 00 00    	mov    eax,DWORD PTR [rip+0xd54a]        # 10160 <_ZL7pmu_fds>
    2c16:	ba 01 00 00 00       	mov    edx,0x1
    2c1b:	be 03 24 00 00       	mov    esi,0x2403
    2c20:	89 c7                	mov    edi,eax
    2c22:	b8 00 00 00 00       	mov    eax,0x0
    2c27:	e8 34 fa ff ff       	call   2660 <ioctl@plt>
    2c2c:	85 c0                	test   eax,eax
    2c2e:	0f 95 c0             	setne  al
    2c31:	84 c0                	test   al,al
    2c33:	74 0f                	je     2c44 <_ZL9pmu_startv+0x3c>
    2c35:	48 8d 05 2f 94 00 00 	lea    rax,[rip+0x942f]        # c06b <_ZStL19piecewise_construct+0x63>
    2c3c:	48 89 c7             	mov    rdi,rax
    2c3f:	e8 ad fc ff ff       	call   28f1 <_ZL4failPKc>
    2c44:	8b 05 16 d5 00 00    	mov    eax,DWORD PTR [rip+0xd516]        # 10160 <_ZL7pmu_fds>
    2c4a:	ba 01 00 00 00       	mov    edx,0x1
    2c4f:	be 00 24 00 00       	mov    esi,0x2400
    2c54:	89 c7                	mov    edi,eax
    2c56:	b8 00 00 00 00       	mov    eax,0x0
    2c5b:	e8 00 fa ff ff       	call   2660 <ioctl@plt>
    2c60:	85 c0                	test   eax,eax
    2c62:	0f 95 c0             	setne  al
    2c65:	84 c0                	test   al,al
    2c67:	74 0f                	je     2c78 <_ZL9pmu_startv+0x70>
    2c69:	48 8d 05 05 94 00 00 	lea    rax,[rip+0x9405]        # c075 <_ZStL19piecewise_construct+0x6d>
    2c70:	48 89 c7             	mov    rdi,rax
    2c73:	e8 79 fc ff ff       	call   28f1 <_ZL4failPKc>
    2c78:	90                   	nop
    2c79:	5d                   	pop    rbp
    2c7a:	c3                   	ret

0000000000002c7b <_ZL8pmu_stopv>:
    2c7b:	f3 0f 1e fa          	endbr64
    2c7f:	55                   	push   rbp
    2c80:	48 89 e5             	mov    rbp,rsp
    2c83:	48 83 ec 10          	sub    rsp,0x10
    2c87:	8b 05 d3 d4 00 00    	mov    eax,DWORD PTR [rip+0xd4d3]        # 10160 <_ZL7pmu_fds>
    2c8d:	ba 01 00 00 00       	mov    edx,0x1
    2c92:	be 01 24 00 00       	mov    esi,0x2401
    2c97:	89 c7                	mov    edi,eax
    2c99:	b8 00 00 00 00       	mov    eax,0x0
    2c9e:	e8 bd f9 ff ff       	call   2660 <ioctl@plt>
    2ca3:	85 c0                	test   eax,eax
    2ca5:	0f 95 c0             	setne  al
    2ca8:	84 c0                	test   al,al
    2caa:	74 0f                	je     2cbb <_ZL8pmu_stopv+0x40>
    2cac:	48 8d 05 cd 93 00 00 	lea    rax,[rip+0x93cd]        # c080 <_ZStL19piecewise_construct+0x78>
    2cb3:	48 89 c7             	mov    rdi,rax
    2cb6:	e8 36 fc ff ff       	call   28f1 <_ZL4failPKc>
    2cbb:	8b 05 9f d4 00 00    	mov    eax,DWORD PTR [rip+0xd49f]        # 10160 <_ZL7pmu_fds>
    2cc1:	ba 58 00 00 00       	mov    edx,0x58
    2cc6:	48 8d 0d f3 d4 00 00 	lea    rcx,[rip+0xd4f3]        # 101c0 <_ZL10pmu_counts>
    2ccd:	48 89 ce             	mov    rsi,rcx
    2cd0:	89 c7                	mov    edi,eax
    2cd2:	e8 b9 f9 ff ff       	call   2690 <read@plt>
    2cd7:	48 89 45 f8          	mov    QWORD PTR [rbp-0x8],rax
    2cdb:	48 83 7d f8 58       	cmp    QWORD PTR [rbp-0x8],0x58
    2ce0:	75 38                	jne    2d1a <_ZL8pmu_stopv+0x9f>
    2ce2:	48 8b 05 d7 d4 00 00 	mov    rax,QWORD PTR [rip+0xd4d7]        # 101c0 <_ZL10pmu_counts>
    2ce9:	48 83 f8 04          	cmp    rax,0x4
    2ced:	75 2b                	jne    2d1a <_ZL8pmu_stopv+0x9f>
    2cef:	48 8b 05 d2 d4 00 00 	mov    rax,QWORD PTR [rip+0xd4d2]        # 101c8 <_ZL10pmu_counts+0x8>
    2cf6:	48 85 c0             	test   rax,rax
    2cf9:	74 1f                	je     2d1a <_ZL8pmu_stopv+0x9f>
    2cfb:	48 8b 05 ce d4 00 00 	mov    rax,QWORD PTR [rip+0xd4ce]        # 101d0 <_ZL10pmu_counts+0x10>
    2d02:	48 85 c0             	test   rax,rax
    2d05:	74 13                	je     2d1a <_ZL8pmu_stopv+0x9f>
    2d07:	48 8b 15 c2 d4 00 00 	mov    rdx,QWORD PTR [rip+0xd4c2]        # 101d0 <_ZL10pmu_counts+0x10>
    2d0e:	48 8b 05 b3 d4 00 00 	mov    rax,QWORD PTR [rip+0xd4b3]        # 101c8 <_ZL10pmu_counts+0x8>
    2d15:	48 39 c2             	cmp    rdx,rax
    2d18:	74 3a                	je     2d54 <_ZL8pmu_stopv+0xd9>
    2d1a:	48 8b 35 af d4 00 00 	mov    rsi,QWORD PTR [rip+0xd4af]        # 101d0 <_ZL10pmu_counts+0x10>
    2d21:	48 8b 0d a0 d4 00 00 	mov    rcx,QWORD PTR [rip+0xd4a0]        # 101c8 <_ZL10pmu_counts+0x8>
    2d28:	48 8b 05 f1 d2 00 00 	mov    rax,QWORD PTR [rip+0xd2f1]        # 10020 <stderr@GLIBC_2.2.5>
    2d2f:	48 8b 55 f8          	mov    rdx,QWORD PTR [rbp-0x8]
    2d33:	49 89 f0             	mov    r8,rsi
    2d36:	48 8d 35 53 93 00 00 	lea    rsi,[rip+0x9353]        # c090 <_ZStL19piecewise_construct+0x88>
    2d3d:	48 89 c7             	mov    rdi,rax
    2d40:	b8 00 00 00 00       	mov    eax,0x0
    2d45:	e8 36 f9 ff ff       	call   2680 <fprintf@plt>
    2d4a:	bf 01 00 00 00       	mov    edi,0x1
    2d4f:	e8 8c f8 ff ff       	call   25e0 <exit@plt>
    2d54:	90                   	nop
    2d55:	c9                   	leave
    2d56:	c3                   	ret

0000000000002d57 <_ZL8pmu_savePKcm>:
    2d57:	f3 0f 1e fa          	endbr64
    2d5b:	55                   	push   rbp
    2d5c:	48 89 e5             	mov    rbp,rsp
    2d5f:	48 83 ec 30          	sub    rsp,0x30
    2d63:	48 89 7d d8          	mov    QWORD PTR [rbp-0x28],rdi
    2d67:	48 89 75 d0          	mov    QWORD PTR [rbp-0x30],rsi
    2d6b:	48 8b 45 d8          	mov    rax,QWORD PTR [rbp-0x28]
    2d6f:	48 8d 15 6d 93 00 00 	lea    rdx,[rip+0x936d]        # c0e3 <_ZStL19piecewise_construct+0xdb>
    2d76:	48 89 d6             	mov    rsi,rdx
    2d79:	48 89 c7             	mov    rdi,rax
    2d7c:	e8 3f f8 ff ff       	call   25c0 <fopen@plt>
    2d81:	48 89 45 f8          	mov    QWORD PTR [rbp-0x8],rax
    2d85:	48 83 7d f8 00       	cmp    QWORD PTR [rbp-0x8],0x0
    2d8a:	75 0f                	jne    2d9b <_ZL8pmu_savePKcm+0x44>
    2d8c:	48 8d 05 52 93 00 00 	lea    rax,[rip+0x9352]        # c0e5 <_ZStL19piecewise_construct+0xdd>
    2d93:	48 89 c7             	mov    rdi,rax
    2d96:	e8 56 fb ff ff       	call   28f1 <_ZL4failPKc>
    2d9b:	48 8b 0d 2e d4 00 00 	mov    rcx,QWORD PTR [rip+0xd42e]        # 101d0 <_ZL10pmu_counts+0x10>
    2da2:	48 8b 15 1f d4 00 00 	mov    rdx,QWORD PTR [rip+0xd41f]        # 101c8 <_ZL10pmu_counts+0x8>
    2da9:	48 8b 75 d0          	mov    rsi,QWORD PTR [rbp-0x30]
    2dad:	48 8b 45 f8          	mov    rax,QWORD PTR [rbp-0x8]
    2db1:	49 89 f0             	mov    r8,rsi
    2db4:	48 8d 35 35 93 00 00 	lea    rsi,[rip+0x9335]        # c0f0 <_ZStL19piecewise_construct+0xe8>
    2dbb:	48 89 c7             	mov    rdi,rax
    2dbe:	b8 00 00 00 00       	mov    eax,0x0
    2dc3:	e8 b8 f8 ff ff       	call   2680 <fprintf@plt>
    2dc8:	c7 45 ec 00 00 00 00 	mov    DWORD PTR [rbp-0x14],0x0
    2dcf:	e9 2f 01 00 00       	jmp    2f03 <_ZL8pmu_savePKcm+0x1ac>
    2dd4:	c7 45 f0 ff ff ff ff 	mov    DWORD PTR [rbp-0x10],0xffffffff
    2ddb:	c7 45 f4 00 00 00 00 	mov    DWORD PTR [rbp-0xc],0x0
    2de2:	eb 42                	jmp    2e26 <_ZL8pmu_savePKcm+0xcf>
    2de4:	8b 45 f4             	mov    eax,DWORD PTR [rbp-0xc]
    2de7:	48 98                	cdqe
    2de9:	48 83 c0 01          	add    rax,0x1
    2ded:	48 c1 e0 04          	shl    rax,0x4
    2df1:	48 89 c2             	mov    rdx,rax
    2df4:	48 8d 05 d5 d3 00 00 	lea    rax,[rip+0xd3d5]        # 101d0 <_ZL10pmu_counts+0x10>
    2dfb:	48 8b 14 02          	mov    rdx,QWORD PTR [rdx+rax*1]
    2dff:	8b 45 ec             	mov    eax,DWORD PTR [rbp-0x14]
    2e02:	48 98                	cdqe
    2e04:	48 8d 0c c5 00 00 00 	lea    rcx,[rax*8+0x0]
    2e0b:	00 
    2e0c:	48 8d 05 6d d3 00 00 	lea    rax,[rip+0xd36d]        # 10180 <_ZL7pmu_ids>
    2e13:	48 8b 04 01          	mov    rax,QWORD PTR [rcx+rax*1]
    2e17:	48 39 c2             	cmp    rdx,rax
    2e1a:	75 06                	jne    2e22 <_ZL8pmu_savePKcm+0xcb>
    2e1c:	8b 45 f4             	mov    eax,DWORD PTR [rbp-0xc]
    2e1f:	89 45 f0             	mov    DWORD PTR [rbp-0x10],eax
    2e22:	83 45 f4 01          	add    DWORD PTR [rbp-0xc],0x1
    2e26:	83 7d f4 03          	cmp    DWORD PTR [rbp-0xc],0x3
    2e2a:	7e b8                	jle    2de4 <_ZL8pmu_savePKcm+0x8d>
    2e2c:	83 7d f0 00          	cmp    DWORD PTR [rbp-0x10],0x0
    2e30:	79 2d                	jns    2e5f <_ZL8pmu_savePKcm+0x108>
    2e32:	48 8b 05 e7 d1 00 00 	mov    rax,QWORD PTR [rip+0xd1e7]        # 10020 <stderr@GLIBC_2.2.5>
    2e39:	48 89 c1             	mov    rcx,rax
    2e3c:	ba 15 00 00 00       	mov    edx,0x15
    2e41:	be 01 00 00 00       	mov    esi,0x1
    2e46:	48 8d 05 ed 92 00 00 	lea    rax,[rip+0x92ed]        # c13a <_ZStL19piecewise_construct+0x132>
    2e4d:	48 89 c7             	mov    rdi,rax
    2e50:	e8 1b f9 ff ff       	call   2770 <fwrite@plt>
    2e55:	bf 01 00 00 00       	mov    edi,0x1
    2e5a:	e8 81 f7 ff ff       	call   25e0 <exit@plt>
    2e5f:	8b 45 f0             	mov    eax,DWORD PTR [rbp-0x10]
    2e62:	48 98                	cdqe
    2e64:	48 83 c0 01          	add    rax,0x1
    2e68:	48 c1 e0 04          	shl    rax,0x4
    2e6c:	48 89 c2             	mov    rdx,rax
    2e6f:	48 8d 05 52 d3 00 00 	lea    rax,[rip+0xd352]        # 101c8 <_ZL10pmu_counts+0x8>
    2e76:	48 8b 0c 02          	mov    rcx,QWORD PTR [rdx+rax*1]
    2e7a:	8b 45 ec             	mov    eax,DWORD PTR [rbp-0x14]
    2e7d:	48 98                	cdqe
    2e7f:	48 8d 14 c5 00 00 00 	lea    rdx,[rax*8+0x0]
    2e86:	00 
    2e87:	48 8d 05 12 d3 00 00 	lea    rax,[rip+0xd312]        # 101a0 <_ZL11pmu_configs>
    2e8e:	48 8b 14 02          	mov    rdx,QWORD PTR [rdx+rax*1]
    2e92:	83 7d ec 00          	cmp    DWORD PTR [rbp-0x14],0x0
    2e96:	74 09                	je     2ea1 <_ZL8pmu_savePKcm+0x14a>
    2e98:	48 8d 05 b1 92 00 00 	lea    rax,[rip+0x92b1]        # c150 <_ZStL19piecewise_construct+0x148>
    2e9f:	eb 07                	jmp    2ea8 <_ZL8pmu_savePKcm+0x151>
    2ea1:	48 8d 05 aa 92 00 00 	lea    rax,[rip+0x92aa]        # c152 <_ZStL19piecewise_construct+0x14a>
    2ea8:	48 8b 7d f8          	mov    rdi,QWORD PTR [rbp-0x8]
    2eac:	49 89 c8             	mov    r8,rcx
    2eaf:	48 89 d1             	mov    rcx,rdx
    2eb2:	48 89 c2             	mov    rdx,rax
    2eb5:	48 8d 05 97 92 00 00 	lea    rax,[rip+0x9297]        # c153 <_ZStL19piecewise_construct+0x14b>
    2ebc:	48 89 c6             	mov    rsi,rax
    2ebf:	b8 00 00 00 00       	mov    eax,0x0
    2ec4:	e8 b7 f7 ff ff       	call   2680 <fprintf@plt>
    2ec9:	8b 45 ec             	mov    eax,DWORD PTR [rbp-0x14]
    2ecc:	48 98                	cdqe
    2ece:	48 8d 14 85 00 00 00 	lea    rdx,[rax*4+0x0]
    2ed5:	00 
    2ed6:	48 8d 05 83 d2 00 00 	lea    rax,[rip+0xd283]        # 10160 <_ZL7pmu_fds>
    2edd:	8b 04 02             	mov    eax,DWORD PTR [rdx+rax*1]
    2ee0:	89 c7                	mov    edi,eax
    2ee2:	e8 99 f8 ff ff       	call   2780 <close@plt>
    2ee7:	85 c0                	test   eax,eax
    2ee9:	0f 95 c0             	setne  al
    2eec:	84 c0                	test   al,al
    2eee:	74 0f                	je     2eff <_ZL8pmu_savePKcm+0x1a8>
    2ef0:	48 8d 05 79 92 00 00 	lea    rax,[rip+0x9279]        # c170 <_ZStL19piecewise_construct+0x168>
    2ef7:	48 89 c7             	mov    rdi,rax
    2efa:	e8 f2 f9 ff ff       	call   28f1 <_ZL4failPKc>
    2eff:	83 45 ec 01          	add    DWORD PTR [rbp-0x14],0x1
    2f03:	83 7d ec 03          	cmp    DWORD PTR [rbp-0x14],0x3
    2f07:	0f 8e c7 fe ff ff    	jle    2dd4 <_ZL8pmu_savePKcm+0x7d>
    2f0d:	48 8b 45 f8          	mov    rax,QWORD PTR [rbp-0x8]
    2f11:	48 89 c1             	mov    rcx,rax
    2f14:	ba 03 00 00 00       	mov    edx,0x3
    2f19:	be 01 00 00 00       	mov    esi,0x1
    2f1e:	48 8d 05 55 92 00 00 	lea    rax,[rip+0x9255]        # c17a <_ZStL19piecewise_construct+0x172>
    2f25:	48 89 c7             	mov    rdi,rax
    2f28:	e8 43 f8 ff ff       	call   2770 <fwrite@plt>
    2f2d:	48 8b 45 f8          	mov    rax,QWORD PTR [rbp-0x8]
    2f31:	48 89 c7             	mov    rdi,rax
    2f34:	e8 37 f6 ff ff       	call   2570 <fclose@plt>
    2f39:	85 c0                	test   eax,eax
    2f3b:	0f 95 c0             	setne  al
    2f3e:	84 c0                	test   al,al
    2f40:	74 0f                	je     2f51 <_ZL8pmu_savePKcm+0x1fa>
    2f42:	48 8d 05 35 92 00 00 	lea    rax,[rip+0x9235]        # c17e <_ZStL19piecewise_construct+0x176>
    2f49:	48 89 c7             	mov    rdi,rax
    2f4c:	e8 a0 f9 ff ff       	call   28f1 <_ZL4failPKc>
    2f51:	90                   	nop
    2f52:	c9                   	leave
    2f53:	c3                   	ret

0000000000002f54 <_ZL10save_ticksPKcPKmm>:
    2f54:	f3 0f 1e fa          	endbr64
    2f58:	55                   	push   rbp
    2f59:	48 89 e5             	mov    rbp,rsp
    2f5c:	48 83 ec 30          	sub    rsp,0x30
    2f60:	48 89 7d e8          	mov    QWORD PTR [rbp-0x18],rdi
    2f64:	48 89 75 e0          	mov    QWORD PTR [rbp-0x20],rsi
    2f68:	48 89 55 d8          	mov    QWORD PTR [rbp-0x28],rdx
    2f6c:	48 8b 45 e8          	mov    rax,QWORD PTR [rbp-0x18]
    2f70:	48 8d 15 12 92 00 00 	lea    rdx,[rip+0x9212]        # c189 <_ZStL19piecewise_construct+0x181>
    2f77:	48 89 d6             	mov    rsi,rdx
    2f7a:	48 89 c7             	mov    rdi,rax
    2f7d:	e8 3e f6 ff ff       	call   25c0 <fopen@plt>
    2f82:	48 89 45 f8          	mov    QWORD PTR [rbp-0x8],rax
    2f86:	48 83 7d f8 00       	cmp    QWORD PTR [rbp-0x8],0x0
    2f8b:	74 1f                	je     2fac <_ZL10save_ticksPKcPKmm+0x58>
    2f8d:	48 8b 4d f8          	mov    rcx,QWORD PTR [rbp-0x8]
    2f91:	48 8b 55 d8          	mov    rdx,QWORD PTR [rbp-0x28]
    2f95:	48 8b 45 e0          	mov    rax,QWORD PTR [rbp-0x20]
    2f99:	be 08 00 00 00       	mov    esi,0x8
    2f9e:	48 89 c7             	mov    rdi,rax
    2fa1:	e8 ca f7 ff ff       	call   2770 <fwrite@plt>
    2fa6:	48 39 45 d8          	cmp    QWORD PTR [rbp-0x28],rax
    2faa:	74 07                	je     2fb3 <_ZL10save_ticksPKcPKmm+0x5f>
    2fac:	b8 01 00 00 00       	mov    eax,0x1
    2fb1:	eb 05                	jmp    2fb8 <_ZL10save_ticksPKcPKmm+0x64>
    2fb3:	b8 00 00 00 00       	mov    eax,0x0
    2fb8:	84 c0                	test   al,al
    2fba:	74 0f                	je     2fcb <_ZL10save_ticksPKcPKmm+0x77>
    2fbc:	48 8d 05 c9 91 00 00 	lea    rax,[rip+0x91c9]        # c18c <_ZStL19piecewise_construct+0x184>
    2fc3:	48 89 c7             	mov    rdi,rax
    2fc6:	e8 26 f9 ff ff       	call   28f1 <_ZL4failPKc>
    2fcb:	48 8b 45 f8          	mov    rax,QWORD PTR [rbp-0x8]
    2fcf:	48 89 c7             	mov    rdi,rax
    2fd2:	e8 99 f5 ff ff       	call   2570 <fclose@plt>
    2fd7:	85 c0                	test   eax,eax
    2fd9:	0f 95 c0             	setne  al
    2fdc:	84 c0                	test   al,al
    2fde:	74 0f                	je     2fef <_ZL10save_ticksPKcPKmm+0x9b>
    2fe0:	48 8d 05 b0 91 00 00 	lea    rax,[rip+0x91b0]        # c197 <_ZStL19piecewise_construct+0x18f>
    2fe7:	48 89 c7             	mov    rdi,rax
    2fea:	e8 02 f9 ff ff       	call   28f1 <_ZL4failPKc>
    2fef:	90                   	nop
    2ff0:	c9                   	leave
    2ff1:	c3                   	ret

0000000000002ff2 <_ZL9log_usageRK6rusageS1_>:
    2ff2:	f3 0f 1e fa          	endbr64
    2ff6:	55                   	push   rbp
    2ff7:	48 89 e5             	mov    rbp,rsp
    2ffa:	41 56                	push   r14
    2ffc:	41 55                	push   r13
    2ffe:	41 54                	push   r12
    3000:	53                   	push   rbx
    3001:	48 83 ec 10          	sub    rsp,0x10
    3005:	48 89 7d d8          	mov    QWORD PTR [rbp-0x28],rdi
    3009:	48 89 75 d0          	mov    QWORD PTR [rbp-0x30],rsi
    300d:	48 8b 45 d0          	mov    rax,QWORD PTR [rbp-0x30]
    3011:	48 8b 90 88 00 00 00 	mov    rdx,QWORD PTR [rax+0x88]
    3018:	48 8b 45 d8          	mov    rax,QWORD PTR [rbp-0x28]
    301c:	48 8b 80 88 00 00 00 	mov    rax,QWORD PTR [rax+0x88]
    3023:	48 29 c2             	sub    rdx,rax
    3026:	49 89 d4             	mov    r12,rdx
    3029:	48 8b 45 d0          	mov    rax,QWORD PTR [rbp-0x30]
    302d:	48 8b 90 80 00 00 00 	mov    rdx,QWORD PTR [rax+0x80]
    3034:	48 8b 45 d8          	mov    rax,QWORD PTR [rbp-0x28]
    3038:	48 8b 80 80 00 00 00 	mov    rax,QWORD PTR [rax+0x80]
    303f:	48 29 c2             	sub    rdx,rax
    3042:	49 89 d6             	mov    r14,rdx
    3045:	48 8b 45 d0          	mov    rax,QWORD PTR [rbp-0x30]
    3049:	48 8b 50 48          	mov    rdx,QWORD PTR [rax+0x48]
    304d:	48 8b 45 d8          	mov    rax,QWORD PTR [rbp-0x28]
    3051:	48 8b 40 48          	mov    rax,QWORD PTR [rax+0x48]
    3055:	48 29 c2             	sub    rdx,rax
    3058:	49 89 d5             	mov    r13,rdx
    305b:	48 8b 45 d0          	mov    rax,QWORD PTR [rbp-0x30]
    305f:	48 8b 50 40          	mov    rdx,QWORD PTR [rax+0x40]
    3063:	48 8b 45 d8          	mov    rax,QWORD PTR [rbp-0x28]
    3067:	48 8b 40 40          	mov    rax,QWORD PTR [rax+0x40]
    306b:	48 89 d3             	mov    rbx,rdx
    306e:	48 29 c3             	sub    rbx,rax
    3071:	e8 ca f5 ff ff       	call   2640 <sched_getcpu@plt>
    3076:	89 c2                	mov    edx,eax
    3078:	48 8b 05 a1 cf 00 00 	mov    rax,QWORD PTR [rip+0xcfa1]        # 10020 <stderr@GLIBC_2.2.5>
    307f:	48 83 ec 08          	sub    rsp,0x8
    3083:	41 54                	push   r12
    3085:	4d 89 f1             	mov    r9,r14
    3088:	4d 89 e8             	mov    r8,r13
    308b:	48 89 d9             	mov    rcx,rbx
    308e:	48 8d 35 13 91 00 00 	lea    rsi,[rip+0x9113]        # c1a8 <_ZStL19piecewise_construct+0x1a0>
    3095:	48 89 c7             	mov    rdi,rax
    3098:	b8 00 00 00 00       	mov    eax,0x0
    309d:	e8 de f5 ff ff       	call   2680 <fprintf@plt>
    30a2:	48 83 c4 10          	add    rsp,0x10
    30a6:	90                   	nop
    30a7:	48 8d 65 e0          	lea    rsp,[rbp-0x20]
    30ab:	5b                   	pop    rbx
    30ac:	41 5c                	pop    r12
    30ae:	41 5d                	pop    r13
    30b0:	41 5e                	pop    r14
    30b2:	5d                   	pop    rbp
    30b3:	c3                   	ret

00000000000030b4 <_ZL11log_mappingPKvPKc>:
    30b4:	f3 0f 1e fa          	endbr64
    30b8:	55                   	push   rbp
    30b9:	48 89 e5             	mov    rbp,rsp
    30bc:	48 81 ec 50 02 00 00 	sub    rsp,0x250
    30c3:	48 89 bd b8 fd ff ff 	mov    QWORD PTR [rbp-0x248],rdi
    30ca:	48 89 b5 b0 fd ff ff 	mov    QWORD PTR [rbp-0x250],rsi
    30d1:	64 48 8b 04 25 28 00 	mov    rax,QWORD PTR fs:0x28
    30d8:	00 00 
    30da:	48 89 45 f8          	mov    QWORD PTR [rbp-0x8],rax
    30de:	31 c0                	xor    eax,eax
    30e0:	48 8d 05 1f 91 00 00 	lea    rax,[rip+0x911f]        # c206 <_ZStL19piecewise_construct+0x1fe>
    30e7:	48 89 c6             	mov    rsi,rax
    30ea:	48 8d 05 17 91 00 00 	lea    rax,[rip+0x9117]        # c208 <_ZStL19piecewise_construct+0x200>
    30f1:	48 89 c7             	mov    rdi,rax
    30f4:	e8 c7 f4 ff ff       	call   25c0 <fopen@plt>
    30f9:	48 89 85 e8 fd ff ff 	mov    QWORD PTR [rbp-0x218],rax
    3100:	48 83 bd e8 fd ff ff 	cmp    QWORD PTR [rbp-0x218],0x0
    3107:	00 
    3108:	75 0f                	jne    3119 <_ZL11log_mappingPKvPKc+0x65>
    310a:	48 8d 05 08 91 00 00 	lea    rax,[rip+0x9108]        # c219 <_ZStL19piecewise_construct+0x211>
    3111:	48 89 c7             	mov    rdi,rax
    3114:	e8 d8 f7 ff ff       	call   28f1 <_ZL4failPKc>
    3119:	48 c7 85 d0 fd ff ff 	mov    QWORD PTR [rbp-0x230],0x0
    3120:	00 00 00 00 
    3124:	48 c7 85 d8 fd ff ff 	mov    QWORD PTR [rbp-0x228],0x0
    312b:	00 00 00 00 
    312f:	48 c7 85 e0 fd ff ff 	mov    QWORD PTR [rbp-0x220],0x0
    3136:	00 00 00 00 
    313a:	c6 85 cf fd ff ff 00 	mov    BYTE PTR [rbp-0x231],0x0
    3141:	e8 fa f4 ff ff       	call   2640 <sched_getcpu@plt>
    3146:	89 c6                	mov    esi,eax
    3148:	48 8b 05 d1 ce 00 00 	mov    rax,QWORD PTR [rip+0xced1]        # 10020 <stderr@GLIBC_2.2.5>
    314f:	48 8b 8d b8 fd ff ff 	mov    rcx,QWORD PTR [rbp-0x248]
    3156:	48 8b 95 b0 fd ff ff 	mov    rdx,QWORD PTR [rbp-0x250]
    315d:	41 89 f0             	mov    r8d,esi
    3160:	48 8d 35 b8 90 00 00 	lea    rsi,[rip+0x90b8]        # c21f <_ZStL19piecewise_construct+0x217>
    3167:	48 89 c7             	mov    rdi,rax
    316a:	b8 00 00 00 00       	mov    eax,0x0
    316f:	e8 0c f5 ff ff       	call   2680 <fprintf@plt>
    3174:	e9 0a 01 00 00       	jmp    3283 <_ZL11log_mappingPKvPKc+0x1cf>
    3179:	48 8d 8d d8 fd ff ff 	lea    rcx,[rbp-0x228]
    3180:	48 8d 95 d0 fd ff ff 	lea    rdx,[rbp-0x230]
    3187:	48 8d 85 f0 fd ff ff 	lea    rax,[rbp-0x210]
    318e:	48 8d 35 a5 90 00 00 	lea    rsi,[rip+0x90a5]        # c23a <_ZStL19piecewise_construct+0x232>
    3195:	48 89 c7             	mov    rdi,rax
    3198:	b8 00 00 00 00       	mov    eax,0x0
    319d:	e8 ae f2 ff ff       	call   2450 <__isoc23_sscanf@plt>
    31a2:	83 f8 02             	cmp    eax,0x2
    31a5:	0f 94 c0             	sete   al
    31a8:	84 c0                	test   al,al
    31aa:	74 4f                	je     31fb <_ZL11log_mappingPKvPKc+0x147>
    31ac:	48 8b 95 b8 fd ff ff 	mov    rdx,QWORD PTR [rbp-0x248]
    31b3:	48 8b 85 d0 fd ff ff 	mov    rax,QWORD PTR [rbp-0x230]
    31ba:	48 39 c2             	cmp    rdx,rax
    31bd:	72 1a                	jb     31d9 <_ZL11log_mappingPKvPKc+0x125>
    31bf:	48 8b 95 b8 fd ff ff 	mov    rdx,QWORD PTR [rbp-0x248]
    31c6:	48 8b 85 d8 fd ff ff 	mov    rax,QWORD PTR [rbp-0x228]
    31cd:	48 39 c2             	cmp    rdx,rax
    31d0:	73 07                	jae    31d9 <_ZL11log_mappingPKvPKc+0x125>
    31d2:	b8 01 00 00 00       	mov    eax,0x1
    31d7:	eb 05                	jmp    31de <_ZL11log_mappingPKvPKc+0x12a>
    31d9:	b8 00 00 00 00       	mov    eax,0x0
    31de:	88 85 cf fd ff ff    	mov    BYTE PTR [rbp-0x231],al
    31e4:	80 bd cf fd ff ff 00 	cmp    BYTE PTR [rbp-0x231],0x0
    31eb:	74 0e                	je     31fb <_ZL11log_mappingPKvPKc+0x147>
    31ed:	48 8b 85 d0 fd ff ff 	mov    rax,QWORD PTR [rbp-0x230]
    31f4:	48 89 85 e0 fd ff ff 	mov    QWORD PTR [rbp-0x220],rax
    31fb:	80 bd cf fd ff ff 00 	cmp    BYTE PTR [rbp-0x231],0x0
    3202:	74 7f                	je     3283 <_ZL11log_mappingPKvPKc+0x1cf>
    3204:	48 8d 85 f0 fd ff ff 	lea    rax,[rbp-0x210]
    320b:	ba 0e 00 00 00       	mov    edx,0xe
    3210:	48 8d 0d 2b 90 00 00 	lea    rcx,[rip+0x902b]        # c242 <_ZStL19piecewise_construct+0x23a>
    3217:	48 89 ce             	mov    rsi,rcx
    321a:	48 89 c7             	mov    rdi,rax
    321d:	e8 7e f2 ff ff       	call   24a0 <strncmp@plt>
    3222:	85 c0                	test   eax,eax
    3224:	74 44                	je     326a <_ZL11log_mappingPKvPKc+0x1b6>
    3226:	48 8d 85 f0 fd ff ff 	lea    rax,[rbp-0x210]
    322d:	ba 0f 00 00 00       	mov    edx,0xf
    3232:	48 8d 0d 18 90 00 00 	lea    rcx,[rip+0x9018]        # c251 <_ZStL19piecewise_construct+0x249>
    3239:	48 89 ce             	mov    rsi,rcx
    323c:	48 89 c7             	mov    rdi,rax
    323f:	e8 5c f2 ff ff       	call   24a0 <strncmp@plt>
    3244:	85 c0                	test   eax,eax
    3246:	74 22                	je     326a <_ZL11log_mappingPKvPKc+0x1b6>
    3248:	48 8d 85 f0 fd ff ff 	lea    rax,[rbp-0x210]
    324f:	ba 05 00 00 00       	mov    edx,0x5
    3254:	48 8d 0d 06 90 00 00 	lea    rcx,[rip+0x9006]        # c261 <_ZStL19piecewise_construct+0x259>
    325b:	48 89 ce             	mov    rsi,rcx
    325e:	48 89 c7             	mov    rdi,rax
    3261:	e8 3a f2 ff ff       	call   24a0 <strncmp@plt>
    3266:	85 c0                	test   eax,eax
    3268:	75 19                	jne    3283 <_ZL11log_mappingPKvPKc+0x1cf>
    326a:	48 8b 15 af cd 00 00 	mov    rdx,QWORD PTR [rip+0xcdaf]        # 10020 <stderr@GLIBC_2.2.5>
    3271:	48 8d 85 f0 fd ff ff 	lea    rax,[rbp-0x210]
    3278:	48 89 d6             	mov    rsi,rdx
    327b:	48 89 c7             	mov    rdi,rax
    327e:	e8 2d f3 ff ff       	call   25b0 <fputs@plt>
    3283:	48 8b 95 e8 fd ff ff 	mov    rdx,QWORD PTR [rbp-0x218]
    328a:	48 8d 85 f0 fd ff ff 	lea    rax,[rbp-0x210]
    3291:	be 00 02 00 00       	mov    esi,0x200
    3296:	48 89 c7             	mov    rdi,rax
    3299:	e8 32 f4 ff ff       	call   26d0 <fgets@plt>
    329e:	48 85 c0             	test   rax,rax
    32a1:	0f 95 c0             	setne  al
    32a4:	84 c0                	test   al,al
    32a6:	0f 85 cd fe ff ff    	jne    3179 <_ZL11log_mappingPKvPKc+0xc5>
    32ac:	48 8b 85 e8 fd ff ff 	mov    rax,QWORD PTR [rbp-0x218]
    32b3:	48 89 c7             	mov    rdi,rax
    32b6:	e8 b5 f2 ff ff       	call   2570 <fclose@plt>
    32bb:	48 8d 05 44 8f 00 00 	lea    rax,[rip+0x8f44]        # c206 <_ZStL19piecewise_construct+0x1fe>
    32c2:	48 89 c6             	mov    rsi,rax
    32c5:	48 8d 05 9b 8f 00 00 	lea    rax,[rip+0x8f9b]        # c267 <_ZStL19piecewise_construct+0x25f>
    32cc:	48 89 c7             	mov    rdi,rax
    32cf:	e8 ec f2 ff ff       	call   25c0 <fopen@plt>
    32d4:	48 89 85 e8 fd ff ff 	mov    QWORD PTR [rbp-0x218],rax
    32db:	48 83 bd e8 fd ff ff 	cmp    QWORD PTR [rbp-0x218],0x0
    32e2:	00 
    32e3:	0f 85 80 00 00 00    	jne    3369 <_ZL11log_mappingPKvPKc+0x2b5>
    32e9:	48 8d 05 8c 8f 00 00 	lea    rax,[rip+0x8f8c]        # c27c <_ZStL19piecewise_construct+0x274>
    32f0:	48 89 c7             	mov    rdi,rax
    32f3:	e8 f9 f5 ff ff       	call   28f1 <_ZL4failPKc>
    32f8:	eb 6f                	jmp    3369 <_ZL11log_mappingPKvPKc+0x2b5>
    32fa:	48 8d 95 d0 fd ff ff 	lea    rdx,[rbp-0x230]
    3301:	48 8d 85 f0 fd ff ff 	lea    rax,[rbp-0x210]
    3308:	48 8d 0d 77 8f 00 00 	lea    rcx,[rip+0x8f77]        # c286 <_ZStL19piecewise_construct+0x27e>
    330f:	48 89 ce             	mov    rsi,rcx
    3312:	48 89 c7             	mov    rdi,rax
    3315:	b8 00 00 00 00       	mov    eax,0x0
    331a:	e8 31 f1 ff ff       	call   2450 <__isoc23_sscanf@plt>
    331f:	83 f8 01             	cmp    eax,0x1
    3322:	75 17                	jne    333b <_ZL11log_mappingPKvPKc+0x287>
    3324:	48 8b 85 d0 fd ff ff 	mov    rax,QWORD PTR [rbp-0x230]
    332b:	48 39 85 e0 fd ff ff 	cmp    QWORD PTR [rbp-0x220],rax
    3332:	75 07                	jne    333b <_ZL11log_mappingPKvPKc+0x287>
    3334:	b8 01 00 00 00       	mov    eax,0x1
    3339:	eb 05                	jmp    3340 <_ZL11log_mappingPKvPKc+0x28c>
    333b:	b8 00 00 00 00       	mov    eax,0x0
    3340:	84 c0                	test   al,al
    3342:	74 25                	je     3369 <_ZL11log_mappingPKvPKc+0x2b5>
    3344:	48 8b 05 d5 cc 00 00 	mov    rax,QWORD PTR [rip+0xccd5]        # 10020 <stderr@GLIBC_2.2.5>
    334b:	48 8d 95 f0 fd ff ff 	lea    rdx,[rbp-0x210]
    3352:	48 8d 0d 31 8f 00 00 	lea    rcx,[rip+0x8f31]        # c28a <_ZStL19piecewise_construct+0x282>
    3359:	48 89 ce             	mov    rsi,rcx
    335c:	48 89 c7             	mov    rdi,rax
    335f:	b8 00 00 00 00       	mov    eax,0x0
    3364:	e8 17 f3 ff ff       	call   2680 <fprintf@plt>
    3369:	48 8b 95 e8 fd ff ff 	mov    rdx,QWORD PTR [rbp-0x218]
    3370:	48 8d 85 f0 fd ff ff 	lea    rax,[rbp-0x210]
    3377:	be 00 02 00 00       	mov    esi,0x200
    337c:	48 89 c7             	mov    rdi,rax
    337f:	e8 4c f3 ff ff       	call   26d0 <fgets@plt>
    3384:	48 85 c0             	test   rax,rax
    3387:	0f 95 c0             	setne  al
    338a:	84 c0                	test   al,al
    338c:	0f 85 68 ff ff ff    	jne    32fa <_ZL11log_mappingPKvPKc+0x246>
    3392:	48 8b 85 e8 fd ff ff 	mov    rax,QWORD PTR [rbp-0x218]
    3399:	48 89 c7             	mov    rdi,rax
    339c:	e8 cf f1 ff ff       	call   2570 <fclose@plt>
    33a1:	90                   	nop
    33a2:	48 8b 45 f8          	mov    rax,QWORD PTR [rbp-0x8]
    33a6:	64 48 2b 04 25 28 00 	sub    rax,QWORD PTR fs:0x28
    33ad:	00 00 
    33af:	74 05                	je     33b6 <_ZL11log_mappingPKvPKc+0x302>
    33b1:	e8 ea f1 ff ff       	call   25a0 <__stack_chk_fail@plt>
    33b6:	c9                   	leave
    33b7:	c3                   	ret

00000000000033b8 <_ZL9tsc_startv>:
    33b8:	55                   	push   rbp
    33b9:	48 89 e5             	mov    rbp,rsp
    33bc:	e8 b8 f4 ff ff       	call   2879 <_ZL11timer_startv>
    33c1:	5d                   	pop    rbp
    33c2:	c3                   	ret

00000000000033c3 <_ZL8tsc_stopv>:
    33c3:	55                   	push   rbp
    33c4:	48 89 e5             	mov    rbp,rsp
    33c7:	e8 cd f4 ff ff       	call   2899 <_ZL10timer_stopv>
    33cc:	5d                   	pop    rbp
    33cd:	c3                   	ret

00000000000033ce <_ZL15parse_size_listRKNSt7__cxx1112basic_stringIcSt11char_traitsIcESaIcEEE>:
    33ce:	f3 0f 1e fa          	endbr64
    33d2:	55                   	push   rbp
    33d3:	48 89 e5             	mov    rbp,rsp
    33d6:	53                   	push   rbx
    33d7:	48 83 ec 68          	sub    rsp,0x68
    33db:	48 89 7d 98          	mov    QWORD PTR [rbp-0x68],rdi
    33df:	48 89 75 90          	mov    QWORD PTR [rbp-0x70],rsi
    33e3:	64 48 8b 04 25 28 00 	mov    rax,QWORD PTR fs:0x28
    33ea:	00 00 
    33ec:	48 89 45 e8          	mov    QWORD PTR [rbp-0x18],rax
    33f0:	31 c0                	xor    eax,eax
    33f2:	48 8b 45 98          	mov    rax,QWORD PTR [rbp-0x68]
    33f6:	48 89 c7             	mov    rdi,rax
    33f9:	e8 48 29 00 00       	call   5d46 <_ZNSt6vectorImSaImEEC1Ev>
    33fe:	48 c7 45 b0 00 00 00 	mov    QWORD PTR [rbp-0x50],0x0
    3405:	00 
    3406:	e9 b5 00 00 00       	jmp    34c0 <_ZL15parse_size_listRKNSt7__cxx1112basic_stringIcSt11char_traitsIcESaIcEEE+0xf2>
    340b:	48 8b 55 b0          	mov    rdx,QWORD PTR [rbp-0x50]
    340f:	48 8b 45 90          	mov    rax,QWORD PTR [rbp-0x70]
    3413:	be 2c 00 00 00       	mov    esi,0x2c
    3418:	48 89 c7             	mov    rdi,rax
    341b:	e8 e0 f1 ff ff       	call   2600 <_ZNKSt7__cxx1112basic_stringIcSt11char_traitsIcESaIcEE4findEcm@plt>
    3420:	48 89 45 b8          	mov    QWORD PTR [rbp-0x48],rax
    3424:	48 83 7d b8 ff       	cmp    QWORD PTR [rbp-0x48],0xffffffffffffffff
    3429:	74 0a                	je     3435 <_ZL15parse_size_listRKNSt7__cxx1112basic_stringIcSt11char_traitsIcESaIcEEE+0x67>
    342b:	48 8b 45 b8          	mov    rax,QWORD PTR [rbp-0x48]
    342f:	48 2b 45 b0          	sub    rax,QWORD PTR [rbp-0x50]
    3433:	eb 07                	jmp    343c <_ZL15parse_size_listRKNSt7__cxx1112basic_stringIcSt11char_traitsIcESaIcEEE+0x6e>
    3435:	48 c7 c0 ff ff ff ff 	mov    rax,0xffffffffffffffff
    343c:	48 8d 7d c0          	lea    rdi,[rbp-0x40]
    3440:	48 8b 55 b0          	mov    rdx,QWORD PTR [rbp-0x50]
    3444:	48 8b 75 90          	mov    rsi,QWORD PTR [rbp-0x70]
    3448:	48 89 c1             	mov    rcx,rax
    344b:	e8 40 f1 ff ff       	call   2590 <_ZNKSt7__cxx1112basic_stringIcSt11char_traitsIcESaIcEE6substrEmm@plt>
    3450:	48 8d 45 c0          	lea    rax,[rbp-0x40]
    3454:	48 89 c7             	mov    rdi,rax
    3457:	e8 a4 f2 ff ff       	call   2700 <_ZNKSt7__cxx1112basic_stringIcSt11char_traitsIcESaIcEE5emptyEv@plt>
    345c:	83 f0 01             	xor    eax,0x1
    345f:	84 c0                	test   al,al
    3461:	74 2d                	je     3490 <_ZL15parse_size_listRKNSt7__cxx1112basic_stringIcSt11char_traitsIcESaIcEEE+0xc2>
    3463:	48 8d 45 c0          	lea    rax,[rbp-0x40]
    3467:	ba 0a 00 00 00       	mov    edx,0xa
    346c:	be 00 00 00 00       	mov    esi,0x0
    3471:	48 89 c7             	mov    rdi,rax
    3474:	e8 37 28 00 00       	call   5cb0 <_ZNSt7__cxx115stoulERKNS_12basic_stringIcSt11char_traitsIcESaIcEEEPmi>
    3479:	48 89 45 a8          	mov    QWORD PTR [rbp-0x58],rax
    347d:	48 8d 55 a8          	lea    rdx,[rbp-0x58]
    3481:	48 8b 45 98          	mov    rax,QWORD PTR [rbp-0x68]
    3485:	48 89 d6             	mov    rsi,rdx
    3488:	48 89 c7             	mov    rdi,rax
    348b:	e8 f6 2b 00 00       	call   6086 <_ZNSt6vectorImSaImEE9push_backEOm>
    3490:	48 83 7d b8 ff       	cmp    QWORD PTR [rbp-0x48],0xffffffffffffffff
    3495:	75 07                	jne    349e <_ZL15parse_size_listRKNSt7__cxx1112basic_stringIcSt11char_traitsIcESaIcEEE+0xd0>
    3497:	bb 00 00 00 00       	mov    ebx,0x0
    349c:	eb 11                	jmp    34af <_ZL15parse_size_listRKNSt7__cxx1112basic_stringIcSt11char_traitsIcESaIcEEE+0xe1>
    349e:	48 8b 45 b8          	mov    rax,QWORD PTR [rbp-0x48]
    34a2:	48 83 c0 01          	add    rax,0x1
    34a6:	48 89 45 b0          	mov    QWORD PTR [rbp-0x50],rax
    34aa:	bb 01 00 00 00       	mov    ebx,0x1
    34af:	48 8d 45 c0          	lea    rax,[rbp-0x40]
    34b3:	48 89 c7             	mov    rdi,rax
    34b6:	e8 25 ef ff ff       	call   23e0 <_ZNSt7__cxx1112basic_stringIcSt11char_traitsIcESaIcEED1Ev@plt>
    34bb:	83 fb 01             	cmp    ebx,0x1
    34be:	75 64                	jne    3524 <_ZL15parse_size_listRKNSt7__cxx1112basic_stringIcSt11char_traitsIcESaIcEEE+0x156>
    34c0:	48 8b 45 90          	mov    rax,QWORD PTR [rbp-0x70]
    34c4:	48 89 c7             	mov    rdi,rax
    34c7:	e8 34 f0 ff ff       	call   2500 <_ZNKSt7__cxx1112basic_stringIcSt11char_traitsIcESaIcEE4sizeEv@plt>
    34cc:	48 39 45 b0          	cmp    QWORD PTR [rbp-0x50],rax
    34d0:	0f 92 c0             	setb   al
    34d3:	84 c0                	test   al,al
    34d5:	0f 85 30 ff ff ff    	jne    340b <_ZL15parse_size_listRKNSt7__cxx1112basic_stringIcSt11char_traitsIcESaIcEEE+0x3d>
    34db:	eb 47                	jmp    3524 <_ZL15parse_size_listRKNSt7__cxx1112basic_stringIcSt11char_traitsIcESaIcEEE+0x156>
    34dd:	f3 0f 1e fa          	endbr64
    34e1:	48 89 c3             	mov    rbx,rax
    34e4:	48 8d 45 c0          	lea    rax,[rbp-0x40]
    34e8:	48 89 c7             	mov    rdi,rax
    34eb:	e8 f0 ee ff ff       	call   23e0 <_ZNSt7__cxx1112basic_stringIcSt11char_traitsIcESaIcEED1Ev@plt>
    34f0:	eb 07                	jmp    34f9 <_ZL15parse_size_listRKNSt7__cxx1112basic_stringIcSt11char_traitsIcESaIcEEE+0x12b>
    34f2:	f3 0f 1e fa          	endbr64
    34f6:	48 89 c3             	mov    rbx,rax
    34f9:	48 8b 45 98          	mov    rax,QWORD PTR [rbp-0x68]
    34fd:	48 89 c7             	mov    rdi,rax
    3500:	e8 27 2b 00 00       	call   602c <_ZNSt6vectorImSaImEED1Ev>
    3505:	48 89 d8             	mov    rax,rbx
    3508:	48 8b 55 e8          	mov    rdx,QWORD PTR [rbp-0x18]
    350c:	64 48 2b 14 25 28 00 	sub    rdx,QWORD PTR fs:0x28
    3513:	00 00 
    3515:	74 05                	je     351c <_ZL15parse_size_listRKNSt7__cxx1112basic_stringIcSt11char_traitsIcESaIcEEE+0x14e>
    3517:	e8 84 f0 ff ff       	call   25a0 <__stack_chk_fail@plt>
    351c:	48 89 c7             	mov    rdi,rax
    351f:	e8 0c f2 ff ff       	call   2730 <_Unwind_Resume@plt>
    3524:	90                   	nop
    3525:	48 8b 45 e8          	mov    rax,QWORD PTR [rbp-0x18]
    3529:	64 48 2b 04 25 28 00 	sub    rax,QWORD PTR fs:0x28
    3530:	00 00 
    3532:	74 05                	je     3539 <_ZL15parse_size_listRKNSt7__cxx1112basic_stringIcSt11char_traitsIcESaIcEEE+0x16b>
    3534:	e8 67 f0 ff ff       	call   25a0 <__stack_chk_fail@plt>
    3539:	48 8b 45 98          	mov    rax,QWORD PTR [rbp-0x68]
    353d:	48 8b 5d f8          	mov    rbx,QWORD PTR [rbp-0x8]
    3541:	c9                   	leave
    3542:	c3                   	ret

0000000000003543 <_Z10parse_argsiPPcR6Config>:
    3543:	f3 0f 1e fa          	endbr64
    3547:	55                   	push   rbp
    3548:	48 89 e5             	mov    rbp,rsp
    354b:	41 54                	push   r12
    354d:	53                   	push   rbx
    354e:	48 81 ec f0 00 00 00 	sub    rsp,0xf0
    3555:	89 bd 1c ff ff ff    	mov    DWORD PTR [rbp-0xe4],edi
    355b:	48 89 b5 10 ff ff ff 	mov    QWORD PTR [rbp-0xf0],rsi
    3562:	48 89 95 08 ff ff ff 	mov    QWORD PTR [rbp-0xf8],rdx
    3569:	64 48 8b 04 25 28 00 	mov    rax,QWORD PTR fs:0x28
    3570:	00 00 
    3572:	48 89 45 e8          	mov    QWORD PTR [rbp-0x18],rax
    3576:	31 c0                	xor    eax,eax
    3578:	48 8b 85 08 ff ff ff 	mov    rax,QWORD PTR [rbp-0xf8]
    357f:	48 c7 40 68 40 00 00 	mov    QWORD PTR [rax+0x68],0x40
    3586:	00 
    3587:	48 8b 85 08 ff ff ff 	mov    rax,QWORD PTR [rbp-0xf8]
    358e:	48 c7 80 88 00 00 00 	mov    QWORD PTR [rax+0x88],0x80
    3595:	80 00 00 00 
    3599:	c7 85 2c ff ff ff 01 	mov    DWORD PTR [rbp-0xd4],0x1
    35a0:	00 00 00 
    35a3:	e9 34 0a 00 00       	jmp    3fdc <_Z10parse_argsiPPcR6Config+0xa99>
    35a8:	48 8d 45 80          	lea    rax,[rbp-0x80]
    35ac:	48 89 85 30 ff ff ff 	mov    QWORD PTR [rbp-0xd0],rax
    35b3:	90                   	nop
    35b4:	90                   	nop
    35b5:	8b 85 2c ff ff ff    	mov    eax,DWORD PTR [rbp-0xd4]
    35bb:	48 98                	cdqe
    35bd:	48 8d 14 c5 00 00 00 	lea    rdx,[rax*8+0x0]
    35c4:	00 
    35c5:	48 8b 85 10 ff ff ff 	mov    rax,QWORD PTR [rbp-0xf0]
    35cc:	48 01 d0             	add    rax,rdx
    35cf:	48 8b 08             	mov    rcx,QWORD PTR [rax]
    35d2:	48 8d 55 80          	lea    rdx,[rbp-0x80]
    35d6:	48 8d 45 a0          	lea    rax,[rbp-0x60]
    35da:	48 89 ce             	mov    rsi,rcx
    35dd:	48 89 c7             	mov    rdi,rax
    35e0:	e8 3b f0 ff ff       	call   2620 <_ZNSt7__cxx1112basic_stringIcSt11char_traitsIcESaIcEEC1EPKcRKS3_@plt>
    35e5:	48 8d 45 80          	lea    rax,[rbp-0x80]
    35e9:	48 89 c7             	mov    rdi,rax
    35ec:	e8 f3 36 00 00       	call   6ce4 <_ZNSt15__new_allocatorIcED1Ev>
    35f1:	90                   	nop
    35f2:	48 8d 45 a0          	lea    rax,[rbp-0x60]
    35f6:	48 8d 15 9e 8c 00 00 	lea    rdx,[rip+0x8c9e]        # c29b <_ZStL19piecewise_construct+0x293>
    35fd:	48 89 d6             	mov    rsi,rdx
    3600:	48 89 c7             	mov    rdi,rax
    3603:	e8 b3 2a 00 00       	call   60bb <_ZSteqIcSt11char_traitsIcESaIcEEbRKNSt7__cxx1112basic_stringIT_T0_T1_EEPKS5_>
    3608:	84 c0                	test   al,al
    360a:	74 18                	je     3624 <_Z10parse_argsiPPcR6Config+0xe1>
    360c:	8b 85 2c ff ff ff    	mov    eax,DWORD PTR [rbp-0xd4]
    3612:	83 c0 01             	add    eax,0x1
    3615:	39 85 1c ff ff ff    	cmp    DWORD PTR [rbp-0xe4],eax
    361b:	7e 07                	jle    3624 <_Z10parse_argsiPPcR6Config+0xe1>
    361d:	b8 01 00 00 00       	mov    eax,0x1
    3622:	eb 05                	jmp    3629 <_Z10parse_argsiPPcR6Config+0xe6>
    3624:	b8 00 00 00 00       	mov    eax,0x0
    3629:	84 c0                	test   al,al
    362b:	74 3b                	je     3668 <_Z10parse_argsiPPcR6Config+0x125>
    362d:	83 85 2c ff ff ff 01 	add    DWORD PTR [rbp-0xd4],0x1
    3634:	8b 85 2c ff ff ff    	mov    eax,DWORD PTR [rbp-0xd4]
    363a:	48 98                	cdqe
    363c:	48 8d 14 c5 00 00 00 	lea    rdx,[rax*8+0x0]
    3643:	00 
    3644:	48 8b 85 10 ff ff ff 	mov    rax,QWORD PTR [rbp-0xf0]
    364b:	48 01 d0             	add    rax,rdx
    364e:	48 8b 10             	mov    rdx,QWORD PTR [rax]
    3651:	48 8b 85 08 ff ff ff 	mov    rax,QWORD PTR [rbp-0xf8]
    3658:	48 89 d6             	mov    rsi,rdx
    365b:	48 89 c7             	mov    rdi,rax
    365e:	e8 ad ef ff ff       	call   2610 <_ZNSt7__cxx1112basic_stringIcSt11char_traitsIcESaIcEEaSEPKc@plt>
    3663:	e9 53 09 00 00       	jmp    3fbb <_Z10parse_argsiPPcR6Config+0xa78>
    3668:	48 8d 45 a0          	lea    rax,[rbp-0x60]
    366c:	48 8d 15 35 8c 00 00 	lea    rdx,[rip+0x8c35]        # c2a8 <_ZStL19piecewise_construct+0x2a0>
    3673:	48 89 d6             	mov    rsi,rdx
    3676:	48 89 c7             	mov    rdi,rax
    3679:	e8 3d 2a 00 00       	call   60bb <_ZSteqIcSt11char_traitsIcESaIcEEbRKNSt7__cxx1112basic_stringIT_T0_T1_EEPKS5_>
    367e:	84 c0                	test   al,al
    3680:	74 18                	je     369a <_Z10parse_argsiPPcR6Config+0x157>
    3682:	8b 85 2c ff ff ff    	mov    eax,DWORD PTR [rbp-0xd4]
    3688:	83 c0 01             	add    eax,0x1
    368b:	39 85 1c ff ff ff    	cmp    DWORD PTR [rbp-0xe4],eax
    3691:	7e 07                	jle    369a <_Z10parse_argsiPPcR6Config+0x157>
    3693:	b8 01 00 00 00       	mov    eax,0x1
    3698:	eb 05                	jmp    369f <_Z10parse_argsiPPcR6Config+0x15c>
    369a:	b8 00 00 00 00       	mov    eax,0x0
    369f:	84 c0                	test   al,al
    36a1:	74 3f                	je     36e2 <_Z10parse_argsiPPcR6Config+0x19f>
    36a3:	83 85 2c ff ff ff 01 	add    DWORD PTR [rbp-0xd4],0x1
    36aa:	8b 85 2c ff ff ff    	mov    eax,DWORD PTR [rbp-0xd4]
    36b0:	48 98                	cdqe
    36b2:	48 8d 14 c5 00 00 00 	lea    rdx,[rax*8+0x0]
    36b9:	00 
    36ba:	48 8b 85 10 ff ff ff 	mov    rax,QWORD PTR [rbp-0xf0]
    36c1:	48 01 d0             	add    rax,rdx
    36c4:	48 8b 00             	mov    rax,QWORD PTR [rax]
    36c7:	48 8b 95 08 ff ff ff 	mov    rdx,QWORD PTR [rbp-0xf8]
    36ce:	48 83 c2 20          	add    rdx,0x20
    36d2:	48 89 c6             	mov    rsi,rax
    36d5:	48 89 d7             	mov    rdi,rdx
    36d8:	e8 33 ef ff ff       	call   2610 <_ZNSt7__cxx1112basic_stringIcSt11char_traitsIcESaIcEEaSEPKc@plt>
    36dd:	e9 d9 08 00 00       	jmp    3fbb <_Z10parse_argsiPPcR6Config+0xa78>
    36e2:	48 8d 45 a0          	lea    rax,[rbp-0x60]
    36e6:	48 8d 15 c8 8b 00 00 	lea    rdx,[rip+0x8bc8]        # c2b5 <_ZStL19piecewise_construct+0x2ad>
    36ed:	48 89 d6             	mov    rsi,rdx
    36f0:	48 89 c7             	mov    rdi,rax
    36f3:	e8 c3 29 00 00       	call   60bb <_ZSteqIcSt11char_traitsIcESaIcEEbRKNSt7__cxx1112basic_stringIT_T0_T1_EEPKS5_>
    36f8:	84 c0                	test   al,al
    36fa:	74 18                	je     3714 <_Z10parse_argsiPPcR6Config+0x1d1>
    36fc:	8b 85 2c ff ff ff    	mov    eax,DWORD PTR [rbp-0xd4]
    3702:	83 c0 01             	add    eax,0x1
    3705:	39 85 1c ff ff ff    	cmp    DWORD PTR [rbp-0xe4],eax
    370b:	7e 07                	jle    3714 <_Z10parse_argsiPPcR6Config+0x1d1>
    370d:	b8 01 00 00 00       	mov    eax,0x1
    3712:	eb 05                	jmp    3719 <_Z10parse_argsiPPcR6Config+0x1d6>
    3714:	b8 00 00 00 00       	mov    eax,0x0
    3719:	84 c0                	test   al,al
    371b:	74 3f                	je     375c <_Z10parse_argsiPPcR6Config+0x219>
    371d:	83 85 2c ff ff ff 01 	add    DWORD PTR [rbp-0xd4],0x1
    3724:	8b 85 2c ff ff ff    	mov    eax,DWORD PTR [rbp-0xd4]
    372a:	48 98                	cdqe
    372c:	48 8d 14 c5 00 00 00 	lea    rdx,[rax*8+0x0]
    3733:	00 
    3734:	48 8b 85 10 ff ff ff 	mov    rax,QWORD PTR [rbp-0xf0]
    373b:	48 01 d0             	add    rax,rdx
    373e:	48 8b 00             	mov    rax,QWORD PTR [rax]
    3741:	48 8b 95 08 ff ff ff 	mov    rdx,QWORD PTR [rbp-0xf8]
    3748:	48 83 c2 40          	add    rdx,0x40
    374c:	48 89 c6             	mov    rsi,rax
    374f:	48 89 d7             	mov    rdi,rdx
    3752:	e8 b9 ee ff ff       	call   2610 <_ZNSt7__cxx1112basic_stringIcSt11char_traitsIcESaIcEEaSEPKc@plt>
    3757:	e9 5f 08 00 00       	jmp    3fbb <_Z10parse_argsiPPcR6Config+0xa78>
    375c:	48 8d 45 a0          	lea    rax,[rbp-0x60]
    3760:	48 8d 15 5d 8b 00 00 	lea    rdx,[rip+0x8b5d]        # c2c4 <_ZStL19piecewise_construct+0x2bc>
    3767:	48 89 d6             	mov    rsi,rdx
    376a:	48 89 c7             	mov    rdi,rax
    376d:	e8 49 29 00 00       	call   60bb <_ZSteqIcSt11char_traitsIcESaIcEEbRKNSt7__cxx1112basic_stringIT_T0_T1_EEPKS5_>
    3772:	84 c0                	test   al,al
    3774:	74 18                	je     378e <_Z10parse_argsiPPcR6Config+0x24b>
    3776:	8b 85 2c ff ff ff    	mov    eax,DWORD PTR [rbp-0xd4]
    377c:	83 c0 01             	add    eax,0x1
    377f:	39 85 1c ff ff ff    	cmp    DWORD PTR [rbp-0xe4],eax
    3785:	7e 07                	jle    378e <_Z10parse_argsiPPcR6Config+0x24b>
    3787:	b8 01 00 00 00       	mov    eax,0x1
    378c:	eb 05                	jmp    3793 <_Z10parse_argsiPPcR6Config+0x250>
    378e:	b8 00 00 00 00       	mov    eax,0x0
    3793:	84 c0                	test   al,al
    3795:	0f 84 82 00 00 00    	je     381d <_Z10parse_argsiPPcR6Config+0x2da>
    379b:	48 8d 45 80          	lea    rax,[rbp-0x80]
    379f:	48 89 85 38 ff ff ff 	mov    QWORD PTR [rbp-0xc8],rax
    37a6:	90                   	nop
    37a7:	90                   	nop
    37a8:	83 85 2c ff ff ff 01 	add    DWORD PTR [rbp-0xd4],0x1
    37af:	8b 85 2c ff ff ff    	mov    eax,DWORD PTR [rbp-0xd4]
    37b5:	48 98                	cdqe
    37b7:	48 8d 14 c5 00 00 00 	lea    rdx,[rax*8+0x0]
    37be:	00 
    37bf:	48 8b 85 10 ff ff ff 	mov    rax,QWORD PTR [rbp-0xf0]
    37c6:	48 01 d0             	add    rax,rdx
    37c9:	48 8b 08             	mov    rcx,QWORD PTR [rax]
    37cc:	48 8d 55 80          	lea    rdx,[rbp-0x80]
    37d0:	48 8d 45 c0          	lea    rax,[rbp-0x40]
    37d4:	48 89 ce             	mov    rsi,rcx
    37d7:	48 89 c7             	mov    rdi,rax
    37da:	e8 41 ee ff ff       	call   2620 <_ZNSt7__cxx1112basic_stringIcSt11char_traitsIcESaIcEEC1EPKcRKS3_@plt>
    37df:	48 8d 45 c0          	lea    rax,[rbp-0x40]
    37e3:	ba 0a 00 00 00       	mov    edx,0xa
    37e8:	be 00 00 00 00       	mov    esi,0x0
    37ed:	48 89 c7             	mov    rdi,rax
    37f0:	e8 bb 24 00 00       	call   5cb0 <_ZNSt7__cxx115stoulERKNS_12basic_stringIcSt11char_traitsIcESaIcEEEPmi>
    37f5:	48 8b 95 08 ff ff ff 	mov    rdx,QWORD PTR [rbp-0xf8]
    37fc:	48 89 42 60          	mov    QWORD PTR [rdx+0x60],rax
    3800:	48 8d 45 c0          	lea    rax,[rbp-0x40]
    3804:	48 89 c7             	mov    rdi,rax
    3807:	e8 d4 eb ff ff       	call   23e0 <_ZNSt7__cxx1112basic_stringIcSt11char_traitsIcESaIcEED1Ev@plt>
    380c:	48 8d 45 80          	lea    rax,[rbp-0x80]
    3810:	48 89 c7             	mov    rdi,rax
    3813:	e8 cc 34 00 00       	call   6ce4 <_ZNSt15__new_allocatorIcED1Ev>
    3818:	e9 9e 07 00 00       	jmp    3fbb <_Z10parse_argsiPPcR6Config+0xa78>
    381d:	48 8d 45 a0          	lea    rax,[rbp-0x60]
    3821:	48 8d 15 a7 8a 00 00 	lea    rdx,[rip+0x8aa7]        # c2cf <_ZStL19piecewise_construct+0x2c7>
    3828:	48 89 d6             	mov    rsi,rdx
    382b:	48 89 c7             	mov    rdi,rax
    382e:	e8 88 28 00 00       	call   60bb <_ZSteqIcSt11char_traitsIcESaIcEEbRKNSt7__cxx1112basic_stringIT_T0_T1_EEPKS5_>
    3833:	84 c0                	test   al,al
    3835:	74 18                	je     384f <_Z10parse_argsiPPcR6Config+0x30c>
    3837:	8b 85 2c ff ff ff    	mov    eax,DWORD PTR [rbp-0xd4]
    383d:	83 c0 01             	add    eax,0x1
    3840:	39 85 1c ff ff ff    	cmp    DWORD PTR [rbp-0xe4],eax
    3846:	7e 07                	jle    384f <_Z10parse_argsiPPcR6Config+0x30c>
    3848:	b8 01 00 00 00       	mov    eax,0x1
    384d:	eb 05                	jmp    3854 <_Z10parse_argsiPPcR6Config+0x311>
    384f:	b8 00 00 00 00       	mov    eax,0x0
    3854:	84 c0                	test   al,al
    3856:	0f 84 82 00 00 00    	je     38de <_Z10parse_argsiPPcR6Config+0x39b>
    385c:	48 8d 45 80          	lea    rax,[rbp-0x80]
    3860:	48 89 85 40 ff ff ff 	mov    QWORD PTR [rbp-0xc0],rax
    3867:	90                   	nop
    3868:	90                   	nop
    3869:	83 85 2c ff ff ff 01 	add    DWORD PTR [rbp-0xd4],0x1
    3870:	8b 85 2c ff ff ff    	mov    eax,DWORD PTR [rbp-0xd4]
    3876:	48 98                	cdqe
    3878:	48 8d 14 c5 00 00 00 	lea    rdx,[rax*8+0x0]
    387f:	00 
    3880:	48 8b 85 10 ff ff ff 	mov    rax,QWORD PTR [rbp-0xf0]
    3887:	48 01 d0             	add    rax,rdx
    388a:	48 8b 08             	mov    rcx,QWORD PTR [rax]
    388d:	48 8d 55 80          	lea    rdx,[rbp-0x80]
    3891:	48 8d 45 c0          	lea    rax,[rbp-0x40]
    3895:	48 89 ce             	mov    rsi,rcx
    3898:	48 89 c7             	mov    rdi,rax
    389b:	e8 80 ed ff ff       	call   2620 <_ZNSt7__cxx1112basic_stringIcSt11char_traitsIcESaIcEEC1EPKcRKS3_@plt>
    38a0:	48 8d 45 c0          	lea    rax,[rbp-0x40]
    38a4:	ba 0a 00 00 00       	mov    edx,0xa
    38a9:	be 00 00 00 00       	mov    esi,0x0
    38ae:	48 89 c7             	mov    rdi,rax
    38b1:	e8 fa 23 00 00       	call   5cb0 <_ZNSt7__cxx115stoulERKNS_12basic_stringIcSt11char_traitsIcESaIcEEEPmi>
    38b6:	48 8b 95 08 ff ff ff 	mov    rdx,QWORD PTR [rbp-0xf8]
    38bd:	48 89 42 68          	mov    QWORD PTR [rdx+0x68],rax
    38c1:	48 8d 45 c0          	lea    rax,[rbp-0x40]
    38c5:	48 89 c7             	mov    rdi,rax
    38c8:	e8 13 eb ff ff       	call   23e0 <_ZNSt7__cxx1112basic_stringIcSt11char_traitsIcESaIcEED1Ev@plt>
    38cd:	48 8d 45 80          	lea    rax,[rbp-0x80]
    38d1:	48 89 c7             	mov    rdi,rax
    38d4:	e8 0b 34 00 00       	call   6ce4 <_ZNSt15__new_allocatorIcED1Ev>
    38d9:	e9 dd 06 00 00       	jmp    3fbb <_Z10parse_argsiPPcR6Config+0xa78>
    38de:	48 8d 45 a0          	lea    rax,[rbp-0x60]
    38e2:	48 8d 15 f2 89 00 00 	lea    rdx,[rip+0x89f2]        # c2db <_ZStL19piecewise_construct+0x2d3>
    38e9:	48 89 d6             	mov    rsi,rdx
    38ec:	48 89 c7             	mov    rdi,rax
    38ef:	e8 c7 27 00 00       	call   60bb <_ZSteqIcSt11char_traitsIcESaIcEEbRKNSt7__cxx1112basic_stringIT_T0_T1_EEPKS5_>
    38f4:	84 c0                	test   al,al
    38f6:	74 18                	je     3910 <_Z10parse_argsiPPcR6Config+0x3cd>
    38f8:	8b 85 2c ff ff ff    	mov    eax,DWORD PTR [rbp-0xd4]
    38fe:	83 c0 01             	add    eax,0x1
    3901:	39 85 1c ff ff ff    	cmp    DWORD PTR [rbp-0xe4],eax
    3907:	7e 07                	jle    3910 <_Z10parse_argsiPPcR6Config+0x3cd>
    3909:	b8 01 00 00 00       	mov    eax,0x1
    390e:	eb 05                	jmp    3915 <_Z10parse_argsiPPcR6Config+0x3d2>
    3910:	b8 00 00 00 00       	mov    eax,0x0
    3915:	84 c0                	test   al,al
    3917:	0f 84 82 00 00 00    	je     399f <_Z10parse_argsiPPcR6Config+0x45c>
    391d:	48 8d 45 80          	lea    rax,[rbp-0x80]
    3921:	48 89 85 48 ff ff ff 	mov    QWORD PTR [rbp-0xb8],rax
    3928:	90                   	nop
    3929:	90                   	nop
    392a:	83 85 2c ff ff ff 01 	add    DWORD PTR [rbp-0xd4],0x1
    3931:	8b 85 2c ff ff ff    	mov    eax,DWORD PTR [rbp-0xd4]
    3937:	48 98                	cdqe
    3939:	48 8d 14 c5 00 00 00 	lea    rdx,[rax*8+0x0]
    3940:	00 
    3941:	48 8b 85 10 ff ff ff 	mov    rax,QWORD PTR [rbp-0xf0]
    3948:	48 01 d0             	add    rax,rdx
    394b:	48 8b 08             	mov    rcx,QWORD PTR [rax]
    394e:	48 8d 55 80          	lea    rdx,[rbp-0x80]
    3952:	48 8d 45 c0          	lea    rax,[rbp-0x40]
    3956:	48 89 ce             	mov    rsi,rcx
    3959:	48 89 c7             	mov    rdi,rax
    395c:	e8 bf ec ff ff       	call   2620 <_ZNSt7__cxx1112basic_stringIcSt11char_traitsIcESaIcEEC1EPKcRKS3_@plt>
    3961:	48 8d 45 c0          	lea    rax,[rbp-0x40]
    3965:	ba 0a 00 00 00       	mov    edx,0xa
    396a:	be 00 00 00 00       	mov    esi,0x0
    396f:	48 89 c7             	mov    rdi,rax
    3972:	e8 39 23 00 00       	call   5cb0 <_ZNSt7__cxx115stoulERKNS_12basic_stringIcSt11char_traitsIcESaIcEEEPmi>
    3977:	48 8b 95 08 ff ff ff 	mov    rdx,QWORD PTR [rbp-0xf8]
    397e:	48 89 42 70          	mov    QWORD PTR [rdx+0x70],rax
    3982:	48 8d 45 c0          	lea    rax,[rbp-0x40]
    3986:	48 89 c7             	mov    rdi,rax
    3989:	e8 52 ea ff ff       	call   23e0 <_ZNSt7__cxx1112basic_stringIcSt11char_traitsIcESaIcEED1Ev@plt>
    398e:	48 8d 45 80          	lea    rax,[rbp-0x80]
    3992:	48 89 c7             	mov    rdi,rax
    3995:	e8 4a 33 00 00       	call   6ce4 <_ZNSt15__new_allocatorIcED1Ev>
    399a:	e9 1c 06 00 00       	jmp    3fbb <_Z10parse_argsiPPcR6Config+0xa78>
    399f:	48 8d 45 a0          	lea    rax,[rbp-0x60]
    39a3:	48 8d 15 39 89 00 00 	lea    rdx,[rip+0x8939]        # c2e3 <_ZStL19piecewise_construct+0x2db>
    39aa:	48 89 d6             	mov    rsi,rdx
    39ad:	48 89 c7             	mov    rdi,rax
    39b0:	e8 06 27 00 00       	call   60bb <_ZSteqIcSt11char_traitsIcESaIcEEbRKNSt7__cxx1112basic_stringIT_T0_T1_EEPKS5_>
    39b5:	84 c0                	test   al,al
    39b7:	74 18                	je     39d1 <_Z10parse_argsiPPcR6Config+0x48e>
    39b9:	8b 85 2c ff ff ff    	mov    eax,DWORD PTR [rbp-0xd4]
    39bf:	83 c0 01             	add    eax,0x1
    39c2:	39 85 1c ff ff ff    	cmp    DWORD PTR [rbp-0xe4],eax
    39c8:	7e 07                	jle    39d1 <_Z10parse_argsiPPcR6Config+0x48e>
    39ca:	b8 01 00 00 00       	mov    eax,0x1
    39cf:	eb 05                	jmp    39d6 <_Z10parse_argsiPPcR6Config+0x493>
    39d1:	b8 00 00 00 00       	mov    eax,0x0
    39d6:	84 c0                	test   al,al
    39d8:	0f 84 82 00 00 00    	je     3a60 <_Z10parse_argsiPPcR6Config+0x51d>
    39de:	48 8d 45 80          	lea    rax,[rbp-0x80]
    39e2:	48 89 85 50 ff ff ff 	mov    QWORD PTR [rbp-0xb0],rax
    39e9:	90                   	nop
    39ea:	90                   	nop
    39eb:	83 85 2c ff ff ff 01 	add    DWORD PTR [rbp-0xd4],0x1
    39f2:	8b 85 2c ff ff ff    	mov    eax,DWORD PTR [rbp-0xd4]
    39f8:	48 98                	cdqe
    39fa:	48 8d 14 c5 00 00 00 	lea    rdx,[rax*8+0x0]
    3a01:	00 
    3a02:	48 8b 85 10 ff ff ff 	mov    rax,QWORD PTR [rbp-0xf0]
    3a09:	48 01 d0             	add    rax,rdx
    3a0c:	48 8b 08             	mov    rcx,QWORD PTR [rax]
    3a0f:	48 8d 55 80          	lea    rdx,[rbp-0x80]
    3a13:	48 8d 45 c0          	lea    rax,[rbp-0x40]
    3a17:	48 89 ce             	mov    rsi,rcx
    3a1a:	48 89 c7             	mov    rdi,rax
    3a1d:	e8 fe eb ff ff       	call   2620 <_ZNSt7__cxx1112basic_stringIcSt11char_traitsIcESaIcEEC1EPKcRKS3_@plt>
    3a22:	48 8d 45 c0          	lea    rax,[rbp-0x40]
    3a26:	ba 0a 00 00 00       	mov    edx,0xa
    3a2b:	be 00 00 00 00       	mov    esi,0x0
    3a30:	48 89 c7             	mov    rdi,rax
    3a33:	e8 78 22 00 00       	call   5cb0 <_ZNSt7__cxx115stoulERKNS_12basic_stringIcSt11char_traitsIcESaIcEEEPmi>
    3a38:	48 8b 95 08 ff ff ff 	mov    rdx,QWORD PTR [rbp-0xf8]
    3a3f:	48 89 42 78          	mov    QWORD PTR [rdx+0x78],rax
    3a43:	48 8d 45 c0          	lea    rax,[rbp-0x40]
    3a47:	48 89 c7             	mov    rdi,rax
    3a4a:	e8 91 e9 ff ff       	call   23e0 <_ZNSt7__cxx1112basic_stringIcSt11char_traitsIcESaIcEED1Ev@plt>
    3a4f:	48 8d 45 80          	lea    rax,[rbp-0x80]
    3a53:	48 89 c7             	mov    rdi,rax
    3a56:	e8 89 32 00 00       	call   6ce4 <_ZNSt15__new_allocatorIcED1Ev>
    3a5b:	e9 5b 05 00 00       	jmp    3fbb <_Z10parse_argsiPPcR6Config+0xa78>
    3a60:	48 8d 45 a0          	lea    rax,[rbp-0x60]
    3a64:	48 8d 15 82 88 00 00 	lea    rdx,[rip+0x8882]        # c2ed <_ZStL19piecewise_construct+0x2e5>
    3a6b:	48 89 d6             	mov    rsi,rdx
    3a6e:	48 89 c7             	mov    rdi,rax
    3a71:	e8 45 26 00 00       	call   60bb <_ZSteqIcSt11char_traitsIcESaIcEEbRKNSt7__cxx1112basic_stringIT_T0_T1_EEPKS5_>
    3a76:	84 c0                	test   al,al
    3a78:	74 18                	je     3a92 <_Z10parse_argsiPPcR6Config+0x54f>
    3a7a:	8b 85 2c ff ff ff    	mov    eax,DWORD PTR [rbp-0xd4]
    3a80:	83 c0 01             	add    eax,0x1
    3a83:	39 85 1c ff ff ff    	cmp    DWORD PTR [rbp-0xe4],eax
    3a89:	7e 07                	jle    3a92 <_Z10parse_argsiPPcR6Config+0x54f>
    3a8b:	b8 01 00 00 00       	mov    eax,0x1
    3a90:	eb 05                	jmp    3a97 <_Z10parse_argsiPPcR6Config+0x554>
    3a92:	b8 00 00 00 00       	mov    eax,0x0
    3a97:	84 c0                	test   al,al
    3a99:	0f 84 85 00 00 00    	je     3b24 <_Z10parse_argsiPPcR6Config+0x5e1>
    3a9f:	48 8d 45 80          	lea    rax,[rbp-0x80]
    3aa3:	48 89 85 58 ff ff ff 	mov    QWORD PTR [rbp-0xa8],rax
    3aaa:	90                   	nop
    3aab:	90                   	nop
    3aac:	83 85 2c ff ff ff 01 	add    DWORD PTR [rbp-0xd4],0x1
    3ab3:	8b 85 2c ff ff ff    	mov    eax,DWORD PTR [rbp-0xd4]
    3ab9:	48 98                	cdqe
    3abb:	48 8d 14 c5 00 00 00 	lea    rdx,[rax*8+0x0]
    3ac2:	00 
    3ac3:	48 8b 85 10 ff ff ff 	mov    rax,QWORD PTR [rbp-0xf0]
    3aca:	48 01 d0             	add    rax,rdx
    3acd:	48 8b 08             	mov    rcx,QWORD PTR [rax]
    3ad0:	48 8d 55 80          	lea    rdx,[rbp-0x80]
    3ad4:	48 8d 45 c0          	lea    rax,[rbp-0x40]
    3ad8:	48 89 ce             	mov    rsi,rcx
    3adb:	48 89 c7             	mov    rdi,rax
    3ade:	e8 3d eb ff ff       	call   2620 <_ZNSt7__cxx1112basic_stringIcSt11char_traitsIcESaIcEEC1EPKcRKS3_@plt>
    3ae3:	48 8d 45 c0          	lea    rax,[rbp-0x40]
    3ae7:	ba 0a 00 00 00       	mov    edx,0xa
    3aec:	be 00 00 00 00       	mov    esi,0x0
    3af1:	48 89 c7             	mov    rdi,rax
    3af4:	e8 b7 21 00 00       	call   5cb0 <_ZNSt7__cxx115stoulERKNS_12basic_stringIcSt11char_traitsIcESaIcEEEPmi>
    3af9:	48 8b 95 08 ff ff ff 	mov    rdx,QWORD PTR [rbp-0xf8]
    3b00:	48 89 82 80 00 00 00 	mov    QWORD PTR [rdx+0x80],rax
    3b07:	48 8d 45 c0          	lea    rax,[rbp-0x40]
    3b0b:	48 89 c7             	mov    rdi,rax
    3b0e:	e8 cd e8 ff ff       	call   23e0 <_ZNSt7__cxx1112basic_stringIcSt11char_traitsIcESaIcEED1Ev@plt>
    3b13:	48 8d 45 80          	lea    rax,[rbp-0x80]
    3b17:	48 89 c7             	mov    rdi,rax
    3b1a:	e8 c5 31 00 00       	call   6ce4 <_ZNSt15__new_allocatorIcED1Ev>
    3b1f:	e9 97 04 00 00       	jmp    3fbb <_Z10parse_argsiPPcR6Config+0xa78>
    3b24:	48 8d 45 a0          	lea    rax,[rbp-0x60]
    3b28:	48 8d 15 c7 87 00 00 	lea    rdx,[rip+0x87c7]        # c2f6 <_ZStL19piecewise_construct+0x2ee>
    3b2f:	48 89 d6             	mov    rsi,rdx
    3b32:	48 89 c7             	mov    rdi,rax
    3b35:	e8 81 25 00 00       	call   60bb <_ZSteqIcSt11char_traitsIcESaIcEEbRKNSt7__cxx1112basic_stringIT_T0_T1_EEPKS5_>
    3b3a:	84 c0                	test   al,al
    3b3c:	74 18                	je     3b56 <_Z10parse_argsiPPcR6Config+0x613>
    3b3e:	8b 85 2c ff ff ff    	mov    eax,DWORD PTR [rbp-0xd4]
    3b44:	83 c0 01             	add    eax,0x1
    3b47:	39 85 1c ff ff ff    	cmp    DWORD PTR [rbp-0xe4],eax
    3b4d:	7e 07                	jle    3b56 <_Z10parse_argsiPPcR6Config+0x613>
    3b4f:	b8 01 00 00 00       	mov    eax,0x1
    3b54:	eb 05                	jmp    3b5b <_Z10parse_argsiPPcR6Config+0x618>
    3b56:	b8 00 00 00 00       	mov    eax,0x0
    3b5b:	84 c0                	test   al,al
    3b5d:	0f 84 85 00 00 00    	je     3be8 <_Z10parse_argsiPPcR6Config+0x6a5>
    3b63:	48 8d 45 80          	lea    rax,[rbp-0x80]
    3b67:	48 89 85 60 ff ff ff 	mov    QWORD PTR [rbp-0xa0],rax
    3b6e:	90                   	nop
    3b6f:	90                   	nop
    3b70:	83 85 2c ff ff ff 01 	add    DWORD PTR [rbp-0xd4],0x1
    3b77:	8b 85 2c ff ff ff    	mov    eax,DWORD PTR [rbp-0xd4]
    3b7d:	48 98                	cdqe
    3b7f:	48 8d 14 c5 00 00 00 	lea    rdx,[rax*8+0x0]
    3b86:	00 
    3b87:	48 8b 85 10 ff ff ff 	mov    rax,QWORD PTR [rbp-0xf0]
    3b8e:	48 01 d0             	add    rax,rdx
    3b91:	48 8b 08             	mov    rcx,QWORD PTR [rax]
    3b94:	48 8d 55 80          	lea    rdx,[rbp-0x80]
    3b98:	48 8d 45 c0          	lea    rax,[rbp-0x40]
    3b9c:	48 89 ce             	mov    rsi,rcx
    3b9f:	48 89 c7             	mov    rdi,rax
    3ba2:	e8 79 ea ff ff       	call   2620 <_ZNSt7__cxx1112basic_stringIcSt11char_traitsIcESaIcEEC1EPKcRKS3_@plt>
    3ba7:	48 8d 45 c0          	lea    rax,[rbp-0x40]
    3bab:	ba 0a 00 00 00       	mov    edx,0xa
    3bb0:	be 00 00 00 00       	mov    esi,0x0
    3bb5:	48 89 c7             	mov    rdi,rax
    3bb8:	e8 f3 20 00 00       	call   5cb0 <_ZNSt7__cxx115stoulERKNS_12basic_stringIcSt11char_traitsIcESaIcEEEPmi>
    3bbd:	48 8b 95 08 ff ff ff 	mov    rdx,QWORD PTR [rbp-0xf8]
    3bc4:	48 89 82 88 00 00 00 	mov    QWORD PTR [rdx+0x88],rax
    3bcb:	48 8d 45 c0          	lea    rax,[rbp-0x40]
    3bcf:	48 89 c7             	mov    rdi,rax
    3bd2:	e8 09 e8 ff ff       	call   23e0 <_ZNSt7__cxx1112basic_stringIcSt11char_traitsIcESaIcEED1Ev@plt>
    3bd7:	48 8d 45 80          	lea    rax,[rbp-0x80]
    3bdb:	48 89 c7             	mov    rdi,rax
    3bde:	e8 01 31 00 00       	call   6ce4 <_ZNSt15__new_allocatorIcED1Ev>
    3be3:	e9 d3 03 00 00       	jmp    3fbb <_Z10parse_argsiPPcR6Config+0xa78>
    3be8:	48 8d 45 a0          	lea    rax,[rbp-0x60]
    3bec:	48 8d 15 0b 87 00 00 	lea    rdx,[rip+0x870b]        # c2fe <_ZStL19piecewise_construct+0x2f6>
    3bf3:	48 89 d6             	mov    rsi,rdx
    3bf6:	48 89 c7             	mov    rdi,rax
    3bf9:	e8 bd 24 00 00       	call   60bb <_ZSteqIcSt11char_traitsIcESaIcEEbRKNSt7__cxx1112basic_stringIT_T0_T1_EEPKS5_>
    3bfe:	84 c0                	test   al,al
    3c00:	74 18                	je     3c1a <_Z10parse_argsiPPcR6Config+0x6d7>
    3c02:	8b 85 2c ff ff ff    	mov    eax,DWORD PTR [rbp-0xd4]
    3c08:	83 c0 01             	add    eax,0x1
    3c0b:	39 85 1c ff ff ff    	cmp    DWORD PTR [rbp-0xe4],eax
    3c11:	7e 07                	jle    3c1a <_Z10parse_argsiPPcR6Config+0x6d7>
    3c13:	b8 01 00 00 00       	mov    eax,0x1
    3c18:	eb 05                	jmp    3c1f <_Z10parse_argsiPPcR6Config+0x6dc>
    3c1a:	b8 00 00 00 00       	mov    eax,0x0
    3c1f:	84 c0                	test   al,al
    3c21:	0f 84 86 00 00 00    	je     3cad <_Z10parse_argsiPPcR6Config+0x76a>
    3c27:	48 8d 45 80          	lea    rax,[rbp-0x80]
    3c2b:	48 89 85 68 ff ff ff 	mov    QWORD PTR [rbp-0x98],rax
    3c32:	90                   	nop
    3c33:	90                   	nop
    3c34:	83 85 2c ff ff ff 01 	add    DWORD PTR [rbp-0xd4],0x1
    3c3b:	8b 85 2c ff ff ff    	mov    eax,DWORD PTR [rbp-0xd4]
    3c41:	48 98                	cdqe
    3c43:	48 8d 14 c5 00 00 00 	lea    rdx,[rax*8+0x0]
    3c4a:	00 
    3c4b:	48 8b 85 10 ff ff ff 	mov    rax,QWORD PTR [rbp-0xf0]
    3c52:	48 01 d0             	add    rax,rdx
    3c55:	48 8b 08             	mov    rcx,QWORD PTR [rax]
    3c58:	48 8d 55 80          	lea    rdx,[rbp-0x80]
    3c5c:	48 8d 45 c0          	lea    rax,[rbp-0x40]
    3c60:	48 89 ce             	mov    rsi,rcx
    3c63:	48 89 c7             	mov    rdi,rax
    3c66:	e8 b5 e9 ff ff       	call   2620 <_ZNSt7__cxx1112basic_stringIcSt11char_traitsIcESaIcEEC1EPKcRKS3_@plt>
    3c6b:	48 8d 45 c0          	lea    rax,[rbp-0x40]
    3c6f:	ba 0a 00 00 00       	mov    edx,0xa
    3c74:	be 00 00 00 00       	mov    esi,0x0
    3c79:	48 89 c7             	mov    rdi,rax
    3c7c:	e8 2f 20 00 00       	call   5cb0 <_ZNSt7__cxx115stoulERKNS_12basic_stringIcSt11char_traitsIcESaIcEEEPmi>
    3c81:	89 c2                	mov    edx,eax
    3c83:	48 8b 85 08 ff ff ff 	mov    rax,QWORD PTR [rbp-0xf8]
    3c8a:	89 90 90 00 00 00    	mov    DWORD PTR [rax+0x90],edx
    3c90:	48 8d 45 c0          	lea    rax,[rbp-0x40]
    3c94:	48 89 c7             	mov    rdi,rax
    3c97:	e8 44 e7 ff ff       	call   23e0 <_ZNSt7__cxx1112basic_stringIcSt11char_traitsIcESaIcEED1Ev@plt>
    3c9c:	48 8d 45 80          	lea    rax,[rbp-0x80]
    3ca0:	48 89 c7             	mov    rdi,rax
    3ca3:	e8 3c 30 00 00       	call   6ce4 <_ZNSt15__new_allocatorIcED1Ev>
    3ca8:	e9 0e 03 00 00       	jmp    3fbb <_Z10parse_argsiPPcR6Config+0xa78>
    3cad:	48 8d 45 a0          	lea    rax,[rbp-0x60]
    3cb1:	48 8d 15 4d 86 00 00 	lea    rdx,[rip+0x864d]        # c305 <_ZStL19piecewise_construct+0x2fd>
    3cb8:	48 89 d6             	mov    rsi,rdx
    3cbb:	48 89 c7             	mov    rdi,rax
    3cbe:	e8 f8 23 00 00       	call   60bb <_ZSteqIcSt11char_traitsIcESaIcEEbRKNSt7__cxx1112basic_stringIT_T0_T1_EEPKS5_>
    3cc3:	84 c0                	test   al,al
    3cc5:	74 18                	je     3cdf <_Z10parse_argsiPPcR6Config+0x79c>
    3cc7:	8b 85 2c ff ff ff    	mov    eax,DWORD PTR [rbp-0xd4]
    3ccd:	83 c0 01             	add    eax,0x1
    3cd0:	39 85 1c ff ff ff    	cmp    DWORD PTR [rbp-0xe4],eax
    3cd6:	7e 07                	jle    3cdf <_Z10parse_argsiPPcR6Config+0x79c>
    3cd8:	b8 01 00 00 00       	mov    eax,0x1
    3cdd:	eb 05                	jmp    3ce4 <_Z10parse_argsiPPcR6Config+0x7a1>
    3cdf:	b8 00 00 00 00       	mov    eax,0x0
    3ce4:	84 c0                	test   al,al
    3ce6:	74 42                	je     3d2a <_Z10parse_argsiPPcR6Config+0x7e7>
    3ce8:	83 85 2c ff ff ff 01 	add    DWORD PTR [rbp-0xd4],0x1
    3cef:	8b 85 2c ff ff ff    	mov    eax,DWORD PTR [rbp-0xd4]
    3cf5:	48 98                	cdqe
    3cf7:	48 8d 14 c5 00 00 00 	lea    rdx,[rax*8+0x0]
    3cfe:	00 
    3cff:	48 8b 85 10 ff ff ff 	mov    rax,QWORD PTR [rbp-0xf0]
    3d06:	48 01 d0             	add    rax,rdx
    3d09:	48 8b 00             	mov    rax,QWORD PTR [rax]
    3d0c:	48 8b 95 08 ff ff ff 	mov    rdx,QWORD PTR [rbp-0xf8]
    3d13:	48 81 c2 98 00 00 00 	add    rdx,0x98
    3d1a:	48 89 c6             	mov    rsi,rax
    3d1d:	48 89 d7             	mov    rdi,rdx
    3d20:	e8 eb e8 ff ff       	call   2610 <_ZNSt7__cxx1112basic_stringIcSt11char_traitsIcESaIcEEaSEPKc@plt>
    3d25:	e9 91 02 00 00       	jmp    3fbb <_Z10parse_argsiPPcR6Config+0xa78>
    3d2a:	48 8d 45 a0          	lea    rax,[rbp-0x60]
    3d2e:	48 8d 15 d9 85 00 00 	lea    rdx,[rip+0x85d9]        # c30e <_ZStL19piecewise_construct+0x306>
    3d35:	48 89 d6             	mov    rsi,rdx
    3d38:	48 89 c7             	mov    rdi,rax
    3d3b:	e8 7b 23 00 00       	call   60bb <_ZSteqIcSt11char_traitsIcESaIcEEbRKNSt7__cxx1112basic_stringIT_T0_T1_EEPKS5_>
    3d40:	84 c0                	test   al,al
    3d42:	74 18                	je     3d5c <_Z10parse_argsiPPcR6Config+0x819>
    3d44:	8b 85 2c ff ff ff    	mov    eax,DWORD PTR [rbp-0xd4]
    3d4a:	83 c0 01             	add    eax,0x1
    3d4d:	39 85 1c ff ff ff    	cmp    DWORD PTR [rbp-0xe4],eax
    3d53:	7e 07                	jle    3d5c <_Z10parse_argsiPPcR6Config+0x819>
    3d55:	b8 01 00 00 00       	mov    eax,0x1
    3d5a:	eb 05                	jmp    3d61 <_Z10parse_argsiPPcR6Config+0x81e>
    3d5c:	b8 00 00 00 00       	mov    eax,0x0
    3d61:	84 c0                	test   al,al
    3d63:	74 42                	je     3da7 <_Z10parse_argsiPPcR6Config+0x864>
    3d65:	83 85 2c ff ff ff 01 	add    DWORD PTR [rbp-0xd4],0x1
    3d6c:	8b 85 2c ff ff ff    	mov    eax,DWORD PTR [rbp-0xd4]
    3d72:	48 98                	cdqe
    3d74:	48 8d 14 c5 00 00 00 	lea    rdx,[rax*8+0x0]
    3d7b:	00 
    3d7c:	48 8b 85 10 ff ff ff 	mov    rax,QWORD PTR [rbp-0xf0]
    3d83:	48 01 d0             	add    rax,rdx
    3d86:	48 8b 00             	mov    rax,QWORD PTR [rax]
    3d89:	48 8b 95 08 ff ff ff 	mov    rdx,QWORD PTR [rbp-0xf8]
    3d90:	48 81 c2 b8 00 00 00 	add    rdx,0xb8
    3d97:	48 89 c6             	mov    rsi,rax
    3d9a:	48 89 d7             	mov    rdi,rdx
    3d9d:	e8 6e e8 ff ff       	call   2610 <_ZNSt7__cxx1112basic_stringIcSt11char_traitsIcESaIcEEaSEPKc@plt>
    3da2:	e9 14 02 00 00       	jmp    3fbb <_Z10parse_argsiPPcR6Config+0xa78>
    3da7:	48 8d 45 a0          	lea    rax,[rbp-0x60]
    3dab:	48 8d 15 69 85 00 00 	lea    rdx,[rip+0x8569]        # c31b <_ZStL19piecewise_construct+0x313>
    3db2:	48 89 d6             	mov    rsi,rdx
    3db5:	48 89 c7             	mov    rdi,rax
    3db8:	e8 fe 22 00 00       	call   60bb <_ZSteqIcSt11char_traitsIcESaIcEEbRKNSt7__cxx1112basic_stringIT_T0_T1_EEPKS5_>
    3dbd:	84 c0                	test   al,al
    3dbf:	74 18                	je     3dd9 <_Z10parse_argsiPPcR6Config+0x896>
    3dc1:	8b 85 2c ff ff ff    	mov    eax,DWORD PTR [rbp-0xd4]
    3dc7:	83 c0 01             	add    eax,0x1
    3dca:	39 85 1c ff ff ff    	cmp    DWORD PTR [rbp-0xe4],eax
    3dd0:	7e 07                	jle    3dd9 <_Z10parse_argsiPPcR6Config+0x896>
    3dd2:	b8 01 00 00 00       	mov    eax,0x1
    3dd7:	eb 05                	jmp    3dde <_Z10parse_argsiPPcR6Config+0x89b>
    3dd9:	b8 00 00 00 00       	mov    eax,0x0
    3dde:	84 c0                	test   al,al
    3de0:	0f 84 a6 00 00 00    	je     3e8c <_Z10parse_argsiPPcR6Config+0x949>
    3de6:	48 8d 85 2b ff ff ff 	lea    rax,[rbp-0xd5]
    3ded:	48 89 85 70 ff ff ff 	mov    QWORD PTR [rbp-0x90],rax
    3df4:	90                   	nop
    3df5:	90                   	nop
    3df6:	83 85 2c ff ff ff 01 	add    DWORD PTR [rbp-0xd4],0x1
    3dfd:	8b 85 2c ff ff ff    	mov    eax,DWORD PTR [rbp-0xd4]
    3e03:	48 98                	cdqe
    3e05:	48 8d 14 c5 00 00 00 	lea    rdx,[rax*8+0x0]
    3e0c:	00 
    3e0d:	48 8b 85 10 ff ff ff 	mov    rax,QWORD PTR [rbp-0xf0]
    3e14:	48 01 d0             	add    rax,rdx
    3e17:	48 8b 08             	mov    rcx,QWORD PTR [rax]
    3e1a:	48 8d 95 2b ff ff ff 	lea    rdx,[rbp-0xd5]
    3e21:	48 8d 45 c0          	lea    rax,[rbp-0x40]
    3e25:	48 89 ce             	mov    rsi,rcx
    3e28:	48 89 c7             	mov    rdi,rax
    3e2b:	e8 f0 e7 ff ff       	call   2620 <_ZNSt7__cxx1112basic_stringIcSt11char_traitsIcESaIcEEC1EPKcRKS3_@plt>
    3e30:	48 8d 45 80          	lea    rax,[rbp-0x80]
    3e34:	48 8d 55 c0          	lea    rdx,[rbp-0x40]
    3e38:	48 89 d6             	mov    rsi,rdx
    3e3b:	48 89 c7             	mov    rdi,rax
    3e3e:	e8 8b f5 ff ff       	call   33ce <_ZL15parse_size_listRKNSt7__cxx1112basic_stringIcSt11char_traitsIcESaIcEEE>
    3e43:	48 8b 85 08 ff ff ff 	mov    rax,QWORD PTR [rbp-0xf8]
    3e4a:	48 8d 90 d8 00 00 00 	lea    rdx,[rax+0xd8]
    3e51:	48 8d 45 80          	lea    rax,[rbp-0x80]
    3e55:	48 89 c6             	mov    rsi,rax
    3e58:	48 89 d7             	mov    rdi,rdx
    3e5b:	e8 d6 22 00 00       	call   6136 <_ZNSt6vectorImSaImEEaSEOS1_>
    3e60:	48 8d 45 80          	lea    rax,[rbp-0x80]
    3e64:	48 89 c7             	mov    rdi,rax
    3e67:	e8 c0 21 00 00       	call   602c <_ZNSt6vectorImSaImEED1Ev>
    3e6c:	48 8d 45 c0          	lea    rax,[rbp-0x40]
    3e70:	48 89 c7             	mov    rdi,rax
    3e73:	e8 68 e5 ff ff       	call   23e0 <_ZNSt7__cxx1112basic_stringIcSt11char_traitsIcESaIcEED1Ev@plt>
    3e78:	48 8d 85 2b ff ff ff 	lea    rax,[rbp-0xd5]
    3e7f:	48 89 c7             	mov    rdi,rax
    3e82:	e8 5d 2e 00 00       	call   6ce4 <_ZNSt15__new_allocatorIcED1Ev>
    3e87:	e9 2f 01 00 00       	jmp    3fbb <_Z10parse_argsiPPcR6Config+0xa78>
    3e8c:	48 8d 45 a0          	lea    rax,[rbp-0x60]
    3e90:	48 8d 15 8d 84 00 00 	lea    rdx,[rip+0x848d]        # c324 <_ZStL19piecewise_construct+0x31c>
    3e97:	48 89 d6             	mov    rsi,rdx
    3e9a:	48 89 c7             	mov    rdi,rax
    3e9d:	e8 19 22 00 00       	call   60bb <_ZSteqIcSt11char_traitsIcESaIcEEbRKNSt7__cxx1112basic_stringIT_T0_T1_EEPKS5_>
    3ea2:	84 c0                	test   al,al
    3ea4:	74 18                	je     3ebe <_Z10parse_argsiPPcR6Config+0x97b>
    3ea6:	8b 85 2c ff ff ff    	mov    eax,DWORD PTR [rbp-0xd4]
    3eac:	83 c0 01             	add    eax,0x1
    3eaf:	39 85 1c ff ff ff    	cmp    DWORD PTR [rbp-0xe4],eax
    3eb5:	7e 07                	jle    3ebe <_Z10parse_argsiPPcR6Config+0x97b>
    3eb7:	b8 01 00 00 00       	mov    eax,0x1
    3ebc:	eb 05                	jmp    3ec3 <_Z10parse_argsiPPcR6Config+0x980>
    3ebe:	b8 00 00 00 00       	mov    eax,0x0
    3ec3:	84 c0                	test   al,al
    3ec5:	0f 84 a3 00 00 00    	je     3f6e <_Z10parse_argsiPPcR6Config+0xa2b>
    3ecb:	48 8d 85 2b ff ff ff 	lea    rax,[rbp-0xd5]
    3ed2:	48 89 85 78 ff ff ff 	mov    QWORD PTR [rbp-0x88],rax
    3ed9:	90                   	nop
    3eda:	90                   	nop
    3edb:	83 85 2c ff ff ff 01 	add    DWORD PTR [rbp-0xd4],0x1
    3ee2:	8b 85 2c ff ff ff    	mov    eax,DWORD PTR [rbp-0xd4]
    3ee8:	48 98                	cdqe
    3eea:	48 8d 14 c5 00 00 00 	lea    rdx,[rax*8+0x0]
    3ef1:	00 
    3ef2:	48 8b 85 10 ff ff ff 	mov    rax,QWORD PTR [rbp-0xf0]
    3ef9:	48 01 d0             	add    rax,rdx
    3efc:	48 8b 08             	mov    rcx,QWORD PTR [rax]
    3eff:	48 8d 95 2b ff ff ff 	lea    rdx,[rbp-0xd5]
    3f06:	48 8d 45 c0          	lea    rax,[rbp-0x40]
    3f0a:	48 89 ce             	mov    rsi,rcx
    3f0d:	48 89 c7             	mov    rdi,rax
    3f10:	e8 0b e7 ff ff       	call   2620 <_ZNSt7__cxx1112basic_stringIcSt11char_traitsIcESaIcEEC1EPKcRKS3_@plt>
    3f15:	48 8d 45 80          	lea    rax,[rbp-0x80]
    3f19:	48 8d 55 c0          	lea    rdx,[rbp-0x40]
    3f1d:	48 89 d6             	mov    rsi,rdx
    3f20:	48 89 c7             	mov    rdi,rax
    3f23:	e8 a6 f4 ff ff       	call   33ce <_ZL15parse_size_listRKNSt7__cxx1112basic_stringIcSt11char_traitsIcESaIcEEE>
    3f28:	48 8b 85 08 ff ff ff 	mov    rax,QWORD PTR [rbp-0xf8]
    3f2f:	48 8d 90 f0 00 00 00 	lea    rdx,[rax+0xf0]
    3f36:	48 8d 45 80          	lea    rax,[rbp-0x80]
    3f3a:	48 89 c6             	mov    rsi,rax
    3f3d:	48 89 d7             	mov    rdi,rdx
    3f40:	e8 f1 21 00 00       	call   6136 <_ZNSt6vectorImSaImEEaSEOS1_>
    3f45:	48 8d 45 80          	lea    rax,[rbp-0x80]
    3f49:	48 89 c7             	mov    rdi,rax
    3f4c:	e8 db 20 00 00       	call   602c <_ZNSt6vectorImSaImEED1Ev>
    3f51:	48 8d 45 c0          	lea    rax,[rbp-0x40]
    3f55:	48 89 c7             	mov    rdi,rax
    3f58:	e8 83 e4 ff ff       	call   23e0 <_ZNSt7__cxx1112basic_stringIcSt11char_traitsIcESaIcEED1Ev@plt>
    3f5d:	48 8d 85 2b ff ff ff 	lea    rax,[rbp-0xd5]
    3f64:	48 89 c7             	mov    rdi,rax
    3f67:	e8 78 2d 00 00       	call   6ce4 <_ZNSt15__new_allocatorIcED1Ev>
    3f6c:	eb 4d                	jmp    3fbb <_Z10parse_argsiPPcR6Config+0xa78>
    3f6e:	48 8d 05 b9 83 00 00 	lea    rax,[rip+0x83b9]        # c32e <_ZStL19piecewise_construct+0x326>
    3f75:	48 89 c6             	mov    rsi,rax
    3f78:	48 8d 05 c1 c0 00 00 	lea    rax,[rip+0xc0c1]        # 10040 <_ZSt4cerr@GLIBCXX_3.4>
    3f7f:	48 89 c7             	mov    rdi,rax
    3f82:	e8 d9 e5 ff ff       	call   2560 <_ZStlsISt11char_traitsIcEERSt13basic_ostreamIcT_ES5_PKc@plt>
    3f87:	48 89 c2             	mov    rdx,rax
    3f8a:	48 8d 45 a0          	lea    rax,[rbp-0x60]
    3f8e:	48 89 c6             	mov    rsi,rax
    3f91:	48 89 d7             	mov    rdi,rdx
    3f94:	e8 a7 e5 ff ff       	call   2540 <_ZStlsIcSt11char_traitsIcESaIcEERSt13basic_ostreamIT_T0_ES7_RKNSt7__cxx1112basic_stringIS4_S5_T1_EE@plt>
    3f99:	48 89 c2             	mov    rdx,rax
    3f9c:	48 8d 05 99 83 00 00 	lea    rax,[rip+0x8399]        # c33c <_ZStL19piecewise_construct+0x334>
    3fa3:	48 89 c6             	mov    rsi,rax
    3fa6:	48 89 d7             	mov    rdi,rdx
    3fa9:	e8 b2 e5 ff ff       	call   2560 <_ZStlsISt11char_traitsIcEERSt13basic_ostreamIcT_ES5_PKc@plt>
    3fae:	41 bc 00 00 00 00    	mov    r12d,0x0
    3fb4:	bb 00 00 00 00       	mov    ebx,0x0
    3fb9:	eb 05                	jmp    3fc0 <_Z10parse_argsiPPcR6Config+0xa7d>
    3fbb:	bb 01 00 00 00       	mov    ebx,0x1
    3fc0:	48 8d 45 a0          	lea    rax,[rbp-0x60]
    3fc4:	48 89 c7             	mov    rdi,rax
    3fc7:	e8 14 e4 ff ff       	call   23e0 <_ZNSt7__cxx1112basic_stringIcSt11char_traitsIcESaIcEED1Ev@plt>
    3fcc:	83 fb 01             	cmp    ebx,0x1
    3fcf:	0f 85 99 00 00 00    	jne    406e <_Z10parse_argsiPPcR6Config+0xb2b>
    3fd5:	83 85 2c ff ff ff 01 	add    DWORD PTR [rbp-0xd4],0x1
    3fdc:	8b 85 2c ff ff ff    	mov    eax,DWORD PTR [rbp-0xd4]
    3fe2:	3b 85 1c ff ff ff    	cmp    eax,DWORD PTR [rbp-0xe4]
    3fe8:	0f 8c ba f5 ff ff    	jl     35a8 <_Z10parse_argsiPPcR6Config+0x65>
    3fee:	48 8b 85 08 ff ff ff 	mov    rax,QWORD PTR [rbp-0xf8]
    3ff5:	48 8b 40 60          	mov    rax,QWORD PTR [rax+0x60]
    3ff9:	48 85 c0             	test   rax,rax
    3ffc:	74 39                	je     4037 <_Z10parse_argsiPPcR6Config+0xaf4>
    3ffe:	48 8b 85 08 ff ff ff 	mov    rax,QWORD PTR [rbp-0xf8]
    4005:	48 8b 40 70          	mov    rax,QWORD PTR [rax+0x70]
    4009:	48 85 c0             	test   rax,rax
    400c:	74 29                	je     4037 <_Z10parse_argsiPPcR6Config+0xaf4>
    400e:	48 8b 85 08 ff ff ff 	mov    rax,QWORD PTR [rbp-0xf8]
    4015:	48 8b 40 78          	mov    rax,QWORD PTR [rax+0x78]
    4019:	48 85 c0             	test   rax,rax
    401c:	74 19                	je     4037 <_Z10parse_argsiPPcR6Config+0xaf4>
    401e:	48 8b 85 08 ff ff ff 	mov    rax,QWORD PTR [rbp-0xf8]
    4025:	48 05 98 00 00 00    	add    rax,0x98
    402b:	48 89 c7             	mov    rdi,rax
    402e:	e8 cd e6 ff ff       	call   2700 <_ZNKSt7__cxx1112basic_stringIcSt11char_traitsIcESaIcEE5emptyEv@plt>
    4033:	84 c0                	test   al,al
    4035:	74 07                	je     403e <_Z10parse_argsiPPcR6Config+0xafb>
    4037:	b8 01 00 00 00       	mov    eax,0x1
    403c:	eb 05                	jmp    4043 <_Z10parse_argsiPPcR6Config+0xb00>
    403e:	b8 00 00 00 00       	mov    eax,0x0
    4043:	84 c0                	test   al,al
    4045:	74 21                	je     4068 <_Z10parse_argsiPPcR6Config+0xb25>
    4047:	48 8d 05 f2 82 00 00 	lea    rax,[rip+0x82f2]        # c340 <_ZStL19piecewise_construct+0x338>
    404e:	48 89 c6             	mov    rsi,rax
    4051:	48 8d 05 e8 bf 00 00 	lea    rax,[rip+0xbfe8]        # 10040 <_ZSt4cerr@GLIBCXX_3.4>
    4058:	48 89 c7             	mov    rdi,rax
    405b:	e8 00 e5 ff ff       	call   2560 <_ZStlsISt11char_traitsIcEERSt13basic_ostreamIcT_ES5_PKc@plt>
    4060:	41 bc 00 00 00 00    	mov    r12d,0x0
    4066:	eb 06                	jmp    406e <_Z10parse_argsiPPcR6Config+0xb2b>
    4068:	41 bc 01 00 00 00    	mov    r12d,0x1
    406e:	44 89 e0             	mov    eax,r12d
    4071:	48 8b 55 e8          	mov    rdx,QWORD PTR [rbp-0x18]
    4075:	64 48 2b 14 25 28 00 	sub    rdx,QWORD PTR fs:0x28
    407c:	00 00 
    407e:	0f 84 0a 02 00 00    	je     428e <_Z10parse_argsiPPcR6Config+0xd4b>
    4084:	e9 00 02 00 00       	jmp    4289 <_Z10parse_argsiPPcR6Config+0xd46>
    4089:	f3 0f 1e fa          	endbr64
    408d:	48 89 c3             	mov    rbx,rax
    4090:	48 8d 45 80          	lea    rax,[rbp-0x80]
    4094:	48 89 c7             	mov    rdi,rax
    4097:	e8 48 2c 00 00       	call   6ce4 <_ZNSt15__new_allocatorIcED1Ev>
    409c:	90                   	nop
    409d:	48 89 d8             	mov    rax,rbx
    40a0:	48 8b 55 e8          	mov    rdx,QWORD PTR [rbp-0x18]
    40a4:	64 48 2b 14 25 28 00 	sub    rdx,QWORD PTR fs:0x28
    40ab:	00 00 
    40ad:	74 05                	je     40b4 <_Z10parse_argsiPPcR6Config+0xb71>
    40af:	e8 ec e4 ff ff       	call   25a0 <__stack_chk_fail@plt>
    40b4:	48 89 c7             	mov    rdi,rax
    40b7:	e8 74 e6 ff ff       	call   2730 <_Unwind_Resume@plt>
    40bc:	f3 0f 1e fa          	endbr64
    40c0:	48 89 c3             	mov    rbx,rax
    40c3:	48 8d 45 c0          	lea    rax,[rbp-0x40]
    40c7:	48 89 c7             	mov    rdi,rax
    40ca:	e8 11 e3 ff ff       	call   23e0 <_ZNSt7__cxx1112basic_stringIcSt11char_traitsIcESaIcEED1Ev@plt>
    40cf:	eb 07                	jmp    40d8 <_Z10parse_argsiPPcR6Config+0xb95>
    40d1:	f3 0f 1e fa          	endbr64
    40d5:	48 89 c3             	mov    rbx,rax
    40d8:	48 8d 45 80          	lea    rax,[rbp-0x80]
    40dc:	48 89 c7             	mov    rdi,rax
    40df:	e8 00 2c 00 00       	call   6ce4 <_ZNSt15__new_allocatorIcED1Ev>
    40e4:	90                   	nop
    40e5:	e9 74 01 00 00       	jmp    425e <_Z10parse_argsiPPcR6Config+0xd1b>
    40ea:	f3 0f 1e fa          	endbr64
    40ee:	48 89 c3             	mov    rbx,rax
    40f1:	48 8d 45 c0          	lea    rax,[rbp-0x40]
    40f5:	48 89 c7             	mov    rdi,rax
    40f8:	e8 e3 e2 ff ff       	call   23e0 <_ZNSt7__cxx1112basic_stringIcSt11char_traitsIcESaIcEED1Ev@plt>
    40fd:	eb 07                	jmp    4106 <_Z10parse_argsiPPcR6Config+0xbc3>
    40ff:	f3 0f 1e fa          	endbr64
    4103:	48 89 c3             	mov    rbx,rax
    4106:	48 8d 45 80          	lea    rax,[rbp-0x80]
    410a:	48 89 c7             	mov    rdi,rax
    410d:	e8 d2 2b 00 00       	call   6ce4 <_ZNSt15__new_allocatorIcED1Ev>
    4112:	90                   	nop
    4113:	e9 46 01 00 00       	jmp    425e <_Z10parse_argsiPPcR6Config+0xd1b>
    4118:	f3 0f 1e fa          	endbr64
    411c:	48 89 c3             	mov    rbx,rax
    411f:	48 8d 45 c0          	lea    rax,[rbp-0x40]
    4123:	48 89 c7             	mov    rdi,rax
    4126:	e8 b5 e2 ff ff       	call   23e0 <_ZNSt7__cxx1112basic_stringIcSt11char_traitsIcESaIcEED1Ev@plt>
    412b:	eb 07                	jmp    4134 <_Z10parse_argsiPPcR6Config+0xbf1>
    412d:	f3 0f 1e fa          	endbr64
    4131:	48 89 c3             	mov    rbx,rax
    4134:	48 8d 45 80          	lea    rax,[rbp-0x80]
    4138:	48 89 c7             	mov    rdi,rax
    413b:	e8 a4 2b 00 00       	call   6ce4 <_ZNSt15__new_allocatorIcED1Ev>
    4140:	90                   	nop
    4141:	e9 18 01 00 00       	jmp    425e <_Z10parse_argsiPPcR6Config+0xd1b>
    4146:	f3 0f 1e fa          	endbr64
    414a:	48 89 c3             	mov    rbx,rax
    414d:	48 8d 45 c0          	lea    rax,[rbp-0x40]
    4151:	48 89 c7             	mov    rdi,rax
    4154:	e8 87 e2 ff ff       	call   23e0 <_ZNSt7__cxx1112basic_stringIcSt11char_traitsIcESaIcEED1Ev@plt>
    4159:	eb 07                	jmp    4162 <_Z10parse_argsiPPcR6Config+0xc1f>
    415b:	f3 0f 1e fa          	endbr64
    415f:	48 89 c3             	mov    rbx,rax
    4162:	48 8d 45 80          	lea    rax,[rbp-0x80]
    4166:	48 89 c7             	mov    rdi,rax
    4169:	e8 76 2b 00 00       	call   6ce4 <_ZNSt15__new_allocatorIcED1Ev>
    416e:	90                   	nop
    416f:	e9 ea 00 00 00       	jmp    425e <_Z10parse_argsiPPcR6Config+0xd1b>
    4174:	f3 0f 1e fa          	endbr64
    4178:	48 89 c3             	mov    rbx,rax
    417b:	48 8d 45 c0          	lea    rax,[rbp-0x40]
    417f:	48 89 c7             	mov    rdi,rax
    4182:	e8 59 e2 ff ff       	call   23e0 <_ZNSt7__cxx1112basic_stringIcSt11char_traitsIcESaIcEED1Ev@plt>
    4187:	eb 07                	jmp    4190 <_Z10parse_argsiPPcR6Config+0xc4d>
    4189:	f3 0f 1e fa          	endbr64
    418d:	48 89 c3             	mov    rbx,rax
    4190:	48 8d 45 80          	lea    rax,[rbp-0x80]
    4194:	48 89 c7             	mov    rdi,rax
    4197:	e8 48 2b 00 00       	call   6ce4 <_ZNSt15__new_allocatorIcED1Ev>
    419c:	90                   	nop
    419d:	e9 bc 00 00 00       	jmp    425e <_Z10parse_argsiPPcR6Config+0xd1b>
    41a2:	f3 0f 1e fa          	endbr64
    41a6:	48 89 c3             	mov    rbx,rax
    41a9:	48 8d 45 c0          	lea    rax,[rbp-0x40]
    41ad:	48 89 c7             	mov    rdi,rax
    41b0:	e8 2b e2 ff ff       	call   23e0 <_ZNSt7__cxx1112basic_stringIcSt11char_traitsIcESaIcEED1Ev@plt>
    41b5:	eb 07                	jmp    41be <_Z10parse_argsiPPcR6Config+0xc7b>
    41b7:	f3 0f 1e fa          	endbr64
    41bb:	48 89 c3             	mov    rbx,rax
    41be:	48 8d 45 80          	lea    rax,[rbp-0x80]
    41c2:	48 89 c7             	mov    rdi,rax
    41c5:	e8 1a 2b 00 00       	call   6ce4 <_ZNSt15__new_allocatorIcED1Ev>
    41ca:	90                   	nop
    41cb:	e9 8e 00 00 00       	jmp    425e <_Z10parse_argsiPPcR6Config+0xd1b>
    41d0:	f3 0f 1e fa          	endbr64
    41d4:	48 89 c3             	mov    rbx,rax
    41d7:	48 8d 45 c0          	lea    rax,[rbp-0x40]
    41db:	48 89 c7             	mov    rdi,rax
    41de:	e8 fd e1 ff ff       	call   23e0 <_ZNSt7__cxx1112basic_stringIcSt11char_traitsIcESaIcEED1Ev@plt>
    41e3:	eb 07                	jmp    41ec <_Z10parse_argsiPPcR6Config+0xca9>
    41e5:	f3 0f 1e fa          	endbr64
    41e9:	48 89 c3             	mov    rbx,rax
    41ec:	48 8d 45 80          	lea    rax,[rbp-0x80]
    41f0:	48 89 c7             	mov    rdi,rax
    41f3:	e8 ec 2a 00 00       	call   6ce4 <_ZNSt15__new_allocatorIcED1Ev>
    41f8:	90                   	nop
    41f9:	eb 63                	jmp    425e <_Z10parse_argsiPPcR6Config+0xd1b>
    41fb:	f3 0f 1e fa          	endbr64
    41ff:	48 89 c3             	mov    rbx,rax
    4202:	48 8d 45 c0          	lea    rax,[rbp-0x40]
    4206:	48 89 c7             	mov    rdi,rax
    4209:	e8 d2 e1 ff ff       	call   23e0 <_ZNSt7__cxx1112basic_stringIcSt11char_traitsIcESaIcEED1Ev@plt>
    420e:	eb 07                	jmp    4217 <_Z10parse_argsiPPcR6Config+0xcd4>
    4210:	f3 0f 1e fa          	endbr64
    4214:	48 89 c3             	mov    rbx,rax
    4217:	48 8d 85 2b ff ff ff 	lea    rax,[rbp-0xd5]
    421e:	48 89 c7             	mov    rdi,rax
    4221:	e8 be 2a 00 00       	call   6ce4 <_ZNSt15__new_allocatorIcED1Ev>
    4226:	90                   	nop
    4227:	eb 35                	jmp    425e <_Z10parse_argsiPPcR6Config+0xd1b>
    4229:	f3 0f 1e fa          	endbr64
    422d:	48 89 c3             	mov    rbx,rax
    4230:	48 8d 45 c0          	lea    rax,[rbp-0x40]
    4234:	48 89 c7             	mov    rdi,rax
    4237:	e8 a4 e1 ff ff       	call   23e0 <_ZNSt7__cxx1112basic_stringIcSt11char_traitsIcESaIcEED1Ev@plt>
    423c:	eb 07                	jmp    4245 <_Z10parse_argsiPPcR6Config+0xd02>
    423e:	f3 0f 1e fa          	endbr64
    4242:	48 89 c3             	mov    rbx,rax
    4245:	48 8d 85 2b ff ff ff 	lea    rax,[rbp-0xd5]
    424c:	48 89 c7             	mov    rdi,rax
    424f:	e8 90 2a 00 00       	call   6ce4 <_ZNSt15__new_allocatorIcED1Ev>
    4254:	90                   	nop
    4255:	eb 07                	jmp    425e <_Z10parse_argsiPPcR6Config+0xd1b>
    4257:	f3 0f 1e fa          	endbr64
    425b:	48 89 c3             	mov    rbx,rax
    425e:	48 8d 45 a0          	lea    rax,[rbp-0x60]
    4262:	48 89 c7             	mov    rdi,rax
    4265:	e8 76 e1 ff ff       	call   23e0 <_ZNSt7__cxx1112basic_stringIcSt11char_traitsIcESaIcEED1Ev@plt>
    426a:	48 89 d8             	mov    rax,rbx
    426d:	48 8b 55 e8          	mov    rdx,QWORD PTR [rbp-0x18]
    4271:	64 48 2b 14 25 28 00 	sub    rdx,QWORD PTR fs:0x28
    4278:	00 00 
    427a:	74 05                	je     4281 <_Z10parse_argsiPPcR6Config+0xd3e>
    427c:	e8 1f e3 ff ff       	call   25a0 <__stack_chk_fail@plt>
    4281:	48 89 c7             	mov    rdi,rax
    4284:	e8 a7 e4 ff ff       	call   2730 <_Unwind_Resume@plt>
    4289:	e8 12 e3 ff ff       	call   25a0 <__stack_chk_fail@plt>
    428e:	48 81 c4 f0 00 00 00 	add    rsp,0xf0
    4295:	5b                   	pop    rbx
    4296:	41 5c                	pop    r12
    4298:	5d                   	pop    rbp
    4299:	c3                   	ret

000000000000429a <_Z15allocate_buffermbRm>:
    429a:	f3 0f 1e fa          	endbr64
    429e:	55                   	push   rbp
    429f:	48 89 e5             	mov    rbp,rsp
    42a2:	53                   	push   rbx
    42a3:	48 83 ec 58          	sub    rsp,0x58
    42a7:	48 89 7d b8          	mov    QWORD PTR [rbp-0x48],rdi
    42ab:	89 f0                	mov    eax,esi
    42ad:	48 89 55 a8          	mov    QWORD PTR [rbp-0x58],rdx
    42b1:	88 45 b4             	mov    BYTE PTR [rbp-0x4c],al
    42b4:	48 c7 45 d0 00 00 20 	mov    QWORD PTR [rbp-0x30],0x200000
    42bb:	00 
    42bc:	80 7d b4 00          	cmp    BYTE PTR [rbp-0x4c],0x0
    42c0:	74 12                	je     42d4 <_Z15allocate_buffermbRm+0x3a>
    42c2:	48 8b 45 b8          	mov    rax,QWORD PTR [rbp-0x48]
    42c6:	48 05 ff ff 1f 00    	add    rax,0x1fffff
    42cc:	48 25 00 00 e0 ff    	and    rax,0xffffffffffe00000
    42d2:	eb 04                	jmp    42d8 <_Z15allocate_buffermbRm+0x3e>
    42d4:	48 8b 45 b8          	mov    rax,QWORD PTR [rbp-0x48]
    42d8:	48 89 45 d8          	mov    QWORD PTR [rbp-0x28],rax
    42dc:	48 8b 45 d8          	mov    rax,QWORD PTR [rbp-0x28]
    42e0:	41 b9 00 00 00 00    	mov    r9d,0x0
    42e6:	41 b8 ff ff ff ff    	mov    r8d,0xffffffff
    42ec:	b9 22 00 00 00       	mov    ecx,0x22
    42f1:	ba 03 00 00 00       	mov    edx,0x3
    42f6:	48 89 c6             	mov    rsi,rax
    42f9:	bf 00 00 00 00       	mov    edi,0x0
    42fe:	e8 3d e4 ff ff       	call   2740 <mmap@plt>
    4303:	48 89 45 e0          	mov    QWORD PTR [rbp-0x20],rax
    4307:	48 83 7d e0 ff       	cmp    QWORD PTR [rbp-0x20],0xffffffffffffffff
    430c:	75 7d                	jne    438b <_Z15allocate_buffermbRm+0xf1>
    430e:	48 8d 05 63 80 00 00 	lea    rax,[rip+0x8063]        # c378 <_ZStL19piecewise_construct+0x370>
    4315:	48 89 c6             	mov    rsi,rax
    4318:	48 8d 05 21 bd 00 00 	lea    rax,[rip+0xbd21]        # 10040 <_ZSt4cerr@GLIBCXX_3.4>
    431f:	48 89 c7             	mov    rdi,rax
    4322:	e8 39 e2 ff ff       	call   2560 <_ZStlsISt11char_traitsIcEERSt13basic_ostreamIcT_ES5_PKc@plt>
    4327:	48 89 c3             	mov    rbx,rax
    432a:	e8 d1 e0 ff ff       	call   2400 <__errno_location@plt>
    432f:	8b 00                	mov    eax,DWORD PTR [rax]
    4331:	89 c6                	mov    esi,eax
    4333:	48 89 df             	mov    rdi,rbx
    4336:	e8 e5 e3 ff ff       	call   2720 <_ZNSolsEi@plt>
    433b:	48 89 c2             	mov    rdx,rax
    433e:	48 8d 05 59 80 00 00 	lea    rax,[rip+0x8059]        # c39e <_ZStL19piecewise_construct+0x396>
    4345:	48 89 c6             	mov    rsi,rax
    4348:	48 89 d7             	mov    rdi,rdx
    434b:	e8 10 e2 ff ff       	call   2560 <_ZStlsISt11char_traitsIcEERSt13basic_ostreamIcT_ES5_PKc@plt>
    4350:	48 89 c3             	mov    rbx,rax
    4353:	e8 a8 e0 ff ff       	call   2400 <__errno_location@plt>
    4358:	8b 00                	mov    eax,DWORD PTR [rax]
    435a:	89 c7                	mov    edi,eax
    435c:	e8 cf e0 ff ff       	call   2430 <strerror@plt>
    4361:	48 89 c6             	mov    rsi,rax
    4364:	48 89 df             	mov    rdi,rbx
    4367:	e8 f4 e1 ff ff       	call   2560 <_ZStlsISt11char_traitsIcEERSt13basic_ostreamIcT_ES5_PKc@plt>
    436c:	48 89 c2             	mov    rdx,rax
    436f:	48 8d 05 2b 80 00 00 	lea    rax,[rip+0x802b]        # c3a1 <_ZStL19piecewise_construct+0x399>
    4376:	48 89 c6             	mov    rsi,rax
    4379:	48 89 d7             	mov    rdi,rdx
    437c:	e8 df e1 ff ff       	call   2560 <_ZStlsISt11char_traitsIcEERSt13basic_ostreamIcT_ES5_PKc@plt>
    4381:	bf 01 00 00 00       	mov    edi,0x1
    4386:	e8 55 e2 ff ff       	call   25e0 <exit@plt>
    438b:	80 7d b4 00          	cmp    BYTE PTR [rbp-0x4c],0x0
    438f:	0f 84 94 00 00 00    	je     4429 <_Z15allocate_buffermbRm+0x18f>
    4395:	48 8b 4d d8          	mov    rcx,QWORD PTR [rbp-0x28]
    4399:	48 8b 45 e0          	mov    rax,QWORD PTR [rbp-0x20]
    439d:	ba 0e 00 00 00       	mov    edx,0xe
    43a2:	48 89 ce             	mov    rsi,rcx
    43a5:	48 89 c7             	mov    rdi,rax
    43a8:	e8 23 e2 ff ff       	call   25d0 <madvise@plt>
    43ad:	85 c0                	test   eax,eax
    43af:	0f 95 c0             	setne  al
    43b2:	84 c0                	test   al,al
    43b4:	74 73                	je     4429 <_Z15allocate_buffermbRm+0x18f>
    43b6:	48 8d 05 eb 7f 00 00 	lea    rax,[rip+0x7feb]        # c3a8 <_ZStL19piecewise_construct+0x3a0>
    43bd:	48 89 c6             	mov    rsi,rax
    43c0:	48 8d 05 79 bc 00 00 	lea    rax,[rip+0xbc79]        # 10040 <_ZSt4cerr@GLIBCXX_3.4>
    43c7:	48 89 c7             	mov    rdi,rax
    43ca:	e8 91 e1 ff ff       	call   2560 <_ZStlsISt11char_traitsIcEERSt13basic_ostreamIcT_ES5_PKc@plt>
    43cf:	48 89 c3             	mov    rbx,rax
    43d2:	e8 29 e0 ff ff       	call   2400 <__errno_location@plt>
    43d7:	8b 00                	mov    eax,DWORD PTR [rax]
    43d9:	89 c6                	mov    esi,eax
    43db:	48 89 df             	mov    rdi,rbx
    43de:	e8 3d e3 ff ff       	call   2720 <_ZNSolsEi@plt>
    43e3:	48 89 c2             	mov    rdx,rax
    43e6:	48 8d 05 b1 7f 00 00 	lea    rax,[rip+0x7fb1]        # c39e <_ZStL19piecewise_construct+0x396>
    43ed:	48 89 c6             	mov    rsi,rax
    43f0:	48 89 d7             	mov    rdi,rdx
    43f3:	e8 68 e1 ff ff       	call   2560 <_ZStlsISt11char_traitsIcEERSt13basic_ostreamIcT_ES5_PKc@plt>
    43f8:	48 89 c3             	mov    rbx,rax
    43fb:	e8 00 e0 ff ff       	call   2400 <__errno_location@plt>
    4400:	8b 00                	mov    eax,DWORD PTR [rax]
    4402:	89 c7                	mov    edi,eax
    4404:	e8 27 e0 ff ff       	call   2430 <strerror@plt>
    4409:	48 89 c6             	mov    rsi,rax
    440c:	48 89 df             	mov    rdi,rbx
    440f:	e8 4c e1 ff ff       	call   2560 <_ZStlsISt11char_traitsIcEERSt13basic_ostreamIcT_ES5_PKc@plt>
    4414:	48 89 c2             	mov    rdx,rax
    4417:	48 8d 05 ba 7f 00 00 	lea    rax,[rip+0x7fba]        # c3d8 <_ZStL19piecewise_construct+0x3d0>
    441e:	48 89 c6             	mov    rsi,rax
    4421:	48 89 d7             	mov    rdi,rdx
    4424:	e8 37 e1 ff ff       	call   2560 <_ZStlsISt11char_traitsIcEERSt13basic_ostreamIcT_ES5_PKc@plt>
    4429:	48 8b 45 e0          	mov    rax,QWORD PTR [rbp-0x20]
    442d:	48 89 45 e8          	mov    QWORD PTR [rbp-0x18],rax
    4431:	48 c7 45 c8 00 00 00 	mov    QWORD PTR [rbp-0x38],0x0
    4438:	00 
    4439:	eb 16                	jmp    4451 <_Z15allocate_buffermbRm+0x1b7>
    443b:	48 8b 55 e8          	mov    rdx,QWORD PTR [rbp-0x18]
    443f:	48 8b 45 c8          	mov    rax,QWORD PTR [rbp-0x38]
    4443:	48 01 d0             	add    rax,rdx
    4446:	c6 00 00             	mov    BYTE PTR [rax],0x0
    4449:	48 81 45 c8 00 10 00 	add    QWORD PTR [rbp-0x38],0x1000
    4450:	00 
    4451:	48 8b 45 c8          	mov    rax,QWORD PTR [rbp-0x38]
    4455:	48 3b 45 d8          	cmp    rax,QWORD PTR [rbp-0x28]
    4459:	72 e0                	jb     443b <_Z15allocate_buffermbRm+0x1a1>
    445b:	48 8b 45 a8          	mov    rax,QWORD PTR [rbp-0x58]
    445f:	48 8b 55 d8          	mov    rdx,QWORD PTR [rbp-0x28]
    4463:	48 89 10             	mov    QWORD PTR [rax],rdx
    4466:	48 8b 45 e0          	mov    rax,QWORD PTR [rbp-0x20]
    446a:	48 8b 5d f8          	mov    rbx,QWORD PTR [rbp-0x8]
    446e:	c9                   	leave
    446f:	c3                   	ret

0000000000004470 <_Z20build_conflict_cycleP4Nodemmj>:
    4470:	f3 0f 1e fa          	endbr64
    4474:	55                   	push   rbp
    4475:	48 89 e5             	mov    rbp,rsp
    4478:	53                   	push   rbx
    4479:	48 81 ec 00 10 00 00 	sub    rsp,0x1000
    4480:	48 83 0c 24 00       	or     QWORD PTR [rsp],0x0
    4485:	48 81 ec 18 04 00 00 	sub    rsp,0x418
    448c:	48 89 bd f8 eb ff ff 	mov    QWORD PTR [rbp-0x1408],rdi
    4493:	48 89 b5 f0 eb ff ff 	mov    QWORD PTR [rbp-0x1410],rsi
    449a:	48 89 95 e8 eb ff ff 	mov    QWORD PTR [rbp-0x1418],rdx
    44a1:	89 8d e4 eb ff ff    	mov    DWORD PTR [rbp-0x141c],ecx
    44a7:	64 48 8b 04 25 28 00 	mov    rax,QWORD PTR fs:0x28
    44ae:	00 00 
    44b0:	48 89 45 e8          	mov    QWORD PTR [rbp-0x18],rax
    44b4:	31 c0                	xor    eax,eax
    44b6:	48 83 bd e8 eb ff ff 	cmp    QWORD PTR [rbp-0x1418],0x1
    44bd:	01 
    44be:	77 24                	ja     44e4 <_Z20build_conflict_cycleP4Nodemmj+0x74>
    44c0:	48 83 bd e8 eb ff ff 	cmp    QWORD PTR [rbp-0x1418],0x1
    44c7:	01 
    44c8:	0f 85 44 02 00 00    	jne    4712 <_Z20build_conflict_cycleP4Nodemmj+0x2a2>
    44ce:	48 8b 95 f8 eb ff ff 	mov    rdx,QWORD PTR [rbp-0x1408]
    44d5:	48 8b 85 f8 eb ff ff 	mov    rax,QWORD PTR [rbp-0x1408]
    44dc:	48 89 10             	mov    QWORD PTR [rax],rdx
    44df:	e9 2f 02 00 00       	jmp    4713 <_Z20build_conflict_cycleP4Nodemmj+0x2a3>
    44e4:	48 8d 85 07 ec ff ff 	lea    rax,[rbp-0x13f9]
    44eb:	48 89 85 38 ec ff ff 	mov    QWORD PTR [rbp-0x13c8],rax
    44f2:	90                   	nop
    44f3:	90                   	nop
    44f4:	48 8d 95 07 ec ff ff 	lea    rdx,[rbp-0x13f9]
    44fb:	48 8b 8d e8 eb ff ff 	mov    rcx,QWORD PTR [rbp-0x1418]
    4502:	48 8d 85 40 ec ff ff 	lea    rax,[rbp-0x13c0]
    4509:	48 89 ce             	mov    rsi,rcx
    450c:	48 89 c7             	mov    rdi,rax
    450f:	e8 5e 1c 00 00       	call   6172 <_ZNSt6vectorImSaImEEC1EmRKS0_>
    4514:	48 8d 85 07 ec ff ff 	lea    rax,[rbp-0x13f9]
    451b:	48 89 c7             	mov    rdi,rax
    451e:	e8 03 28 00 00       	call   6d26 <_ZNSt15__new_allocatorImED1Ev>
    4523:	90                   	nop
    4524:	48 c7 85 08 ec ff ff 	mov    QWORD PTR [rbp-0x13f8],0x0
    452b:	00 00 00 00 
    452f:	eb 2b                	jmp    455c <_Z20build_conflict_cycleP4Nodemmj+0xec>
    4531:	48 8b 95 08 ec ff ff 	mov    rdx,QWORD PTR [rbp-0x13f8]
    4538:	48 8d 85 40 ec ff ff 	lea    rax,[rbp-0x13c0]
    453f:	48 89 d6             	mov    rsi,rdx
    4542:	48 89 c7             	mov    rdi,rax
    4545:	e8 a6 1c 00 00       	call   61f0 <_ZNSt6vectorImSaImEEixEm>
    454a:	48 8b 95 08 ec ff ff 	mov    rdx,QWORD PTR [rbp-0x13f8]
    4551:	48 89 10             	mov    QWORD PTR [rax],rdx
    4554:	48 83 85 08 ec ff ff 	add    QWORD PTR [rbp-0x13f8],0x1
    455b:	01 
    455c:	48 8b 85 08 ec ff ff 	mov    rax,QWORD PTR [rbp-0x13f8]
    4563:	48 3b 85 e8 eb ff ff 	cmp    rax,QWORD PTR [rbp-0x1418]
    456a:	72 c5                	jb     4531 <_Z20build_conflict_cycleP4Nodemmj+0xc1>
    456c:	8b 95 e4 eb ff ff    	mov    edx,DWORD PTR [rbp-0x141c]
    4572:	48 8d 85 60 ec ff ff 	lea    rax,[rbp-0x13a0]
    4579:	48 89 d6             	mov    rsi,rdx
    457c:	48 89 c7             	mov    rdi,rax
    457f:	e8 90 1c 00 00       	call   6214 <_ZNSt23mersenne_twister_engineImLm32ELm624ELm397ELm31ELm2567483615ELm11ELm4294967295ELm7ELm2636928640ELm15ELm4022730752ELm18ELm1812433253EEC1Em>
    4584:	48 8d 85 40 ec ff ff 	lea    rax,[rbp-0x13c0]
    458b:	48 89 c7             	mov    rdi,rax
    458e:	e8 f7 1c 00 00       	call   628a <_ZNSt6vectorImSaImEE3endEv>
    4593:	48 89 c3             	mov    rbx,rax
    4596:	48 8d 85 40 ec ff ff 	lea    rax,[rbp-0x13c0]
    459d:	48 89 c7             	mov    rdi,rax
    45a0:	e8 99 1c 00 00       	call   623e <_ZNSt6vectorImSaImEE5beginEv>
    45a5:	48 89 c1             	mov    rcx,rax
    45a8:	48 8d 85 60 ec ff ff 	lea    rax,[rbp-0x13a0]
    45af:	48 89 c2             	mov    rdx,rax
    45b2:	48 89 de             	mov    rsi,rbx
    45b5:	48 89 cf             	mov    rdi,rcx
    45b8:	e8 1d 1d 00 00       	call   62da <_ZSt7shuffleIN9__gnu_cxx17__normal_iteratorIPmSt6vectorImSaImEEEERSt23mersenne_twister_engineImLm32ELm624ELm397ELm31ELm2567483615ELm11ELm4294967295ELm7ELm2636928640ELm15ELm4022730752ELm18ELm1812433253EEEvT_SA_OT0_>
    45bd:	48 c7 85 10 ec ff ff 	mov    QWORD PTR [rbp-0x13f0],0x0
    45c4:	00 00 00 00 
    45c8:	e9 b5 00 00 00       	jmp    4682 <_Z20build_conflict_cycleP4Nodemmj+0x212>
    45cd:	48 8b 95 10 ec ff ff 	mov    rdx,QWORD PTR [rbp-0x13f0]
    45d4:	48 8d 85 40 ec ff ff 	lea    rax,[rbp-0x13c0]
    45db:	48 89 d6             	mov    rsi,rdx
    45de:	48 89 c7             	mov    rdi,rax
    45e1:	e8 0a 1c 00 00       	call   61f0 <_ZNSt6vectorImSaImEEixEm>
    45e6:	48 8b 00             	mov    rax,QWORD PTR [rax]
    45e9:	48 89 85 18 ec ff ff 	mov    QWORD PTR [rbp-0x13e8],rax
    45f0:	48 8b 85 10 ec ff ff 	mov    rax,QWORD PTR [rbp-0x13f0]
    45f7:	48 83 c0 01          	add    rax,0x1
    45fb:	ba 00 00 00 00       	mov    edx,0x0
    4600:	48 f7 b5 e8 eb ff ff 	div    QWORD PTR [rbp-0x1418]
    4607:	48 8d 85 40 ec ff ff 	lea    rax,[rbp-0x13c0]
    460e:	48 89 d6             	mov    rsi,rdx
    4611:	48 89 c7             	mov    rdi,rax
    4614:	e8 d7 1b 00 00       	call   61f0 <_ZNSt6vectorImSaImEEixEm>
    4619:	48 8b 00             	mov    rax,QWORD PTR [rax]
    461c:	48 89 85 20 ec ff ff 	mov    QWORD PTR [rbp-0x13e0],rax
    4623:	48 8b 85 18 ec ff ff 	mov    rax,QWORD PTR [rbp-0x13e8]
    462a:	48 0f af 85 f0 eb ff 	imul   rax,QWORD PTR [rbp-0x1410]
    4631:	ff 
    4632:	48 89 c2             	mov    rdx,rax
    4635:	48 8b 85 f8 eb ff ff 	mov    rax,QWORD PTR [rbp-0x1408]
    463c:	48 01 d0             	add    rax,rdx
    463f:	48 89 85 28 ec ff ff 	mov    QWORD PTR [rbp-0x13d8],rax
    4646:	48 8b 85 20 ec ff ff 	mov    rax,QWORD PTR [rbp-0x13e0]
    464d:	48 0f af 85 f0 eb ff 	imul   rax,QWORD PTR [rbp-0x1410]
    4654:	ff 
    4655:	48 89 c2             	mov    rdx,rax
    4658:	48 8b 85 f8 eb ff ff 	mov    rax,QWORD PTR [rbp-0x1408]
    465f:	48 01 d0             	add    rax,rdx
    4662:	48 89 85 30 ec ff ff 	mov    QWORD PTR [rbp-0x13d0],rax
    4669:	48 8b 95 30 ec ff ff 	mov    rdx,QWORD PTR [rbp-0x13d0]
    4670:	48 8b 85 28 ec ff ff 	mov    rax,QWORD PTR [rbp-0x13d8]
    4677:	48 89 10             	mov    QWORD PTR [rax],rdx
    467a:	48 83 85 10 ec ff ff 	add    QWORD PTR [rbp-0x13f0],0x1
    4681:	01 
    4682:	48 8b 85 10 ec ff ff 	mov    rax,QWORD PTR [rbp-0x13f0]
    4689:	48 3b 85 e8 eb ff ff 	cmp    rax,QWORD PTR [rbp-0x1418]
    4690:	0f 82 37 ff ff ff    	jb     45cd <_Z20build_conflict_cycleP4Nodemmj+0x15d>
    4696:	48 8d 85 40 ec ff ff 	lea    rax,[rbp-0x13c0]
    469d:	48 89 c7             	mov    rdi,rax
    46a0:	e8 87 19 00 00       	call   602c <_ZNSt6vectorImSaImEED1Ev>
    46a5:	eb 6c                	jmp    4713 <_Z20build_conflict_cycleP4Nodemmj+0x2a3>
    46a7:	f3 0f 1e fa          	endbr64
    46ab:	48 89 c3             	mov    rbx,rax
    46ae:	48 8d 85 07 ec ff ff 	lea    rax,[rbp-0x13f9]
    46b5:	48 89 c7             	mov    rdi,rax
    46b8:	e8 69 26 00 00       	call   6d26 <_ZNSt15__new_allocatorImED1Ev>
    46bd:	90                   	nop
    46be:	48 89 d8             	mov    rax,rbx
    46c1:	48 8b 55 e8          	mov    rdx,QWORD PTR [rbp-0x18]
    46c5:	64 48 2b 14 25 28 00 	sub    rdx,QWORD PTR fs:0x28
    46cc:	00 00 
    46ce:	74 05                	je     46d5 <_Z20build_conflict_cycleP4Nodemmj+0x265>
    46d0:	e8 cb de ff ff       	call   25a0 <__stack_chk_fail@plt>
    46d5:	48 89 c7             	mov    rdi,rax
    46d8:	e8 53 e0 ff ff       	call   2730 <_Unwind_Resume@plt>
    46dd:	f3 0f 1e fa          	endbr64
    46e1:	48 89 c3             	mov    rbx,rax
    46e4:	48 8d 85 40 ec ff ff 	lea    rax,[rbp-0x13c0]
    46eb:	48 89 c7             	mov    rdi,rax
    46ee:	e8 39 19 00 00       	call   602c <_ZNSt6vectorImSaImEED1Ev>
    46f3:	48 89 d8             	mov    rax,rbx
    46f6:	48 8b 55 e8          	mov    rdx,QWORD PTR [rbp-0x18]
    46fa:	64 48 2b 14 25 28 00 	sub    rdx,QWORD PTR fs:0x28
    4701:	00 00 
    4703:	74 05                	je     470a <_Z20build_conflict_cycleP4Nodemmj+0x29a>
    4705:	e8 96 de ff ff       	call   25a0 <__stack_chk_fail@plt>
    470a:	48 89 c7             	mov    rdi,rax
    470d:	e8 1e e0 ff ff       	call   2730 <_Unwind_Resume@plt>
    4712:	90                   	nop
    4713:	48 8b 45 e8          	mov    rax,QWORD PTR [rbp-0x18]
    4717:	64 48 2b 04 25 28 00 	sub    rax,QWORD PTR fs:0x28
    471e:	00 00 
    4720:	74 05                	je     4727 <_Z20build_conflict_cycleP4Nodemmj+0x2b7>
    4722:	e8 79 de ff ff       	call   25a0 <__stack_chk_fail@plt>
    4727:	48 8b 5d f8          	mov    rbx,QWORD PTR [rbp-0x8]
    472b:	c9                   	leave
    472c:	c3                   	ret

000000000000472d <_Z9measure_KP4NodemmmmmmmjPSt14basic_ofstreamIcSt11char_traitsIcEE>:
    472d:	f3 0f 1e fa          	endbr64
    4731:	55                   	push   rbp
    4732:	48 89 e5             	mov    rbp,rsp
    4735:	41 55                	push   r13
    4737:	41 54                	push   r12
    4739:	53                   	push   rbx
    473a:	48 81 ec 28 02 00 00 	sub    rsp,0x228
    4741:	48 89 bd 08 fe ff ff 	mov    QWORD PTR [rbp-0x1f8],rdi
    4748:	48 89 b5 00 fe ff ff 	mov    QWORD PTR [rbp-0x200],rsi
    474f:	48 89 95 f8 fd ff ff 	mov    QWORD PTR [rbp-0x208],rdx
    4756:	48 89 8d f0 fd ff ff 	mov    QWORD PTR [rbp-0x210],rcx
    475d:	4c 89 85 e8 fd ff ff 	mov    QWORD PTR [rbp-0x218],r8
    4764:	4c 89 8d e0 fd ff ff 	mov    QWORD PTR [rbp-0x220],r9
    476b:	48 8b 45 28          	mov    rax,QWORD PTR [rbp+0x28]
    476f:	48 89 85 d8 fd ff ff 	mov    QWORD PTR [rbp-0x228],rax
    4776:	64 48 8b 04 25 28 00 	mov    rax,QWORD PTR fs:0x28
    477d:	00 00 
    477f:	48 89 45 d8          	mov    QWORD PTR [rbp-0x28],rax
    4783:	31 c0                	xor    eax,eax
    4785:	8b 4d 20             	mov    ecx,DWORD PTR [rbp+0x20]
    4788:	48 8b 95 f8 fd ff ff 	mov    rdx,QWORD PTR [rbp-0x208]
    478f:	48 8b b5 00 fe ff ff 	mov    rsi,QWORD PTR [rbp-0x200]
    4796:	48 8b 85 08 fe ff ff 	mov    rax,QWORD PTR [rbp-0x1f8]
    479d:	48 89 c7             	mov    rdi,rax
    47a0:	e8 cb fc ff ff       	call   4470 <_Z20build_conflict_cycleP4Nodemmj>
    47a5:	48 8b 85 08 fe ff ff 	mov    rax,QWORD PTR [rbp-0x1f8]
    47ac:	48 89 85 20 fe ff ff 	mov    QWORD PTR [rbp-0x1e0],rax
    47b3:	48 c7 85 28 fe ff ff 	mov    QWORD PTR [rbp-0x1d8],0x0
    47ba:	00 00 00 00 
    47be:	eb 3e                	jmp    47fe <_Z9measure_KP4NodemmmmmmmjPSt14basic_ofstreamIcSt11char_traitsIcEE+0xd1>
    47c0:	48 c7 85 30 fe ff ff 	mov    QWORD PTR [rbp-0x1d0],0x0
    47c7:	00 00 00 00 
    47cb:	eb 19                	jmp    47e6 <_Z9measure_KP4NodemmmmmmmjPSt14basic_ofstreamIcSt11char_traitsIcEE+0xb9>
    47cd:	48 8b 85 20 fe ff ff 	mov    rax,QWORD PTR [rbp-0x1e0]
    47d4:	48 8b 00             	mov    rax,QWORD PTR [rax]
    47d7:	48 89 85 20 fe ff ff 	mov    QWORD PTR [rbp-0x1e0],rax
    47de:	48 83 85 30 fe ff ff 	add    QWORD PTR [rbp-0x1d0],0x1
    47e5:	01 
    47e6:	48 8b 85 30 fe ff ff 	mov    rax,QWORD PTR [rbp-0x1d0]
    47ed:	48 3b 85 f8 fd ff ff 	cmp    rax,QWORD PTR [rbp-0x208]
    47f4:	72 d7                	jb     47cd <_Z9measure_KP4NodemmmmmmmjPSt14basic_ofstreamIcSt11char_traitsIcEE+0xa0>
    47f6:	48 83 85 28 fe ff ff 	add    QWORD PTR [rbp-0x1d8],0x1
    47fd:	01 
    47fe:	48 8b 85 28 fe ff ff 	mov    rax,QWORD PTR [rbp-0x1d8]
    4805:	48 3b 85 e8 fd ff ff 	cmp    rax,QWORD PTR [rbp-0x218]
    480c:	72 b2                	jb     47c0 <_Z9measure_KP4NodemmmmmmmjPSt14basic_ofstreamIcSt11char_traitsIcEE+0x93>
    480e:	48 8b 55 10          	mov    rdx,QWORD PTR [rbp+0x10]
    4812:	48 8b 45 18          	mov    rax,QWORD PTR [rbp+0x18]
    4816:	48 01 d0             	add    rax,rdx
    4819:	48 d1 e8             	shr    rax,1
    481c:	48 89 85 60 fe ff ff 	mov    QWORD PTR [rbp-0x1a0],rax
    4823:	48 8d 85 90 fe ff ff 	lea    rax,[rbp-0x170]
    482a:	48 89 c7             	mov    rdi,rax
    482d:	e8 14 15 00 00       	call   5d46 <_ZNSt6vectorImSaImEEC1Ev>
    4832:	48 c7 85 40 ff ff ff 	mov    QWORD PTR [rbp-0xc0],0x0
    4839:	00 00 00 00 
    483d:	48 8d 95 40 ff ff ff 	lea    rdx,[rbp-0xc0]
    4844:	48 8b 8d f0 fd ff ff 	mov    rcx,QWORD PTR [rbp-0x210]
    484b:	48 8d 85 90 fe ff ff 	lea    rax,[rbp-0x170]
    4852:	48 89 ce             	mov    rsi,rcx
    4855:	48 89 c7             	mov    rdi,rax
    4858:	e8 0d 1d 00 00       	call   656a <_ZNSt6vectorImSaImEE6resizeEmRKm>
    485d:	48 8d 85 90 fe ff ff 	lea    rax,[rbp-0x170]
    4864:	48 89 c7             	mov    rdi,rax
    4867:	e8 aa 1d 00 00       	call   6616 <_ZNSt6vectorImSaImEE5clearEv>
    486c:	48 c7 85 38 fe ff ff 	mov    QWORD PTR [rbp-0x1c8],0x0
    4873:	00 00 00 00 
    4877:	48 8b 85 08 fe ff ff 	mov    rax,QWORD PTR [rbp-0x1f8]
    487e:	48 89 85 20 fe ff ff 	mov    QWORD PTR [rbp-0x1e0],rax
    4885:	48 8b 85 08 fe ff ff 	mov    rax,QWORD PTR [rbp-0x1f8]
    488c:	48 8d 15 f9 7b 00 00 	lea    rdx,[rip+0x7bf9]        # c48c <_ZStL19piecewise_construct+0x484>
    4893:	48 89 d6             	mov    rsi,rdx
    4896:	48 89 c7             	mov    rdi,rax
    4899:	e8 16 e8 ff ff       	call   30b4 <_ZL11log_mappingPKvPKc>
    489e:	48 8d 95 b0 fe ff ff 	lea    rdx,[rbp-0x150]
    48a5:	b8 00 00 00 00       	mov    eax,0x0
    48aa:	b9 12 00 00 00       	mov    ecx,0x12
    48af:	48 89 d7             	mov    rdi,rdx
    48b2:	f3 48 ab             	rep stos QWORD PTR es:[rdi],rax
    48b5:	48 8d 95 40 ff ff ff 	lea    rdx,[rbp-0xc0]
    48bc:	b8 00 00 00 00       	mov    eax,0x0
    48c1:	b9 12 00 00 00       	mov    ecx,0x12
    48c6:	48 89 d7             	mov    rdi,rdx
    48c9:	f3 48 ab             	rep stos QWORD PTR es:[rdi],rax
    48cc:	48 8d 85 b0 fe ff ff 	lea    rax,[rbp-0x150]
    48d3:	48 89 c6             	mov    rsi,rax
    48d6:	bf 00 00 00 00       	mov    edi,0x0
    48db:	e8 f0 db ff ff       	call   24d0 <getrusage@plt>
    48e0:	e8 23 e3 ff ff       	call   2c08 <_ZL9pmu_startv>
    48e5:	48 c7 85 40 fe ff ff 	mov    QWORD PTR [rbp-0x1c0],0x0
    48ec:	00 00 00 00 
    48f0:	e9 f5 00 00 00       	jmp    49ea <_Z9measure_KP4NodemmmmmmmjPSt14basic_ofstreamIcSt11char_traitsIcEE+0x2bd>
    48f5:	48 c7 85 48 fe ff ff 	mov    QWORD PTR [rbp-0x1b8],0x0
    48fc:	00 00 00 00 
    4900:	eb 19                	jmp    491b <_Z9measure_KP4NodemmmmmmmjPSt14basic_ofstreamIcSt11char_traitsIcEE+0x1ee>
    4902:	48 8b 85 20 fe ff ff 	mov    rax,QWORD PTR [rbp-0x1e0]
    4909:	48 8b 00             	mov    rax,QWORD PTR [rax]
    490c:	48 89 85 20 fe ff ff 	mov    QWORD PTR [rbp-0x1e0],rax
    4913:	48 83 85 48 fe ff ff 	add    QWORD PTR [rbp-0x1b8],0x1
    491a:	01 
    491b:	48 8b 85 f8 fd ff ff 	mov    rax,QWORD PTR [rbp-0x208]
    4922:	48 83 e8 01          	sub    rax,0x1
    4926:	48 39 85 48 fe ff ff 	cmp    QWORD PTR [rbp-0x1b8],rax
    492d:	72 d3                	jb     4902 <_Z9measure_KP4NodemmmmmmmjPSt14basic_ofstreamIcSt11char_traitsIcEE+0x1d5>
    492f:	e8 84 ea ff ff       	call   33b8 <_ZL9tsc_startv>
    4934:	48 89 85 80 fe ff ff 	mov    QWORD PTR [rbp-0x180],rax
    493b:	48 8b 85 20 fe ff ff 	mov    rax,QWORD PTR [rbp-0x1e0]
    4942:	48 8b 00             	mov    rax,QWORD PTR [rax]
    4945:	48 89 85 50 fe ff ff 	mov    QWORD PTR [rbp-0x1b0],rax
    494c:	48 c7 85 58 fe ff ff 	mov    QWORD PTR [rbp-0x1a8],0x0
    4953:	00 00 00 00 
    4957:	eb 19                	jmp    4972 <_Z9measure_KP4NodemmmmmmmjPSt14basic_ofstreamIcSt11char_traitsIcEE+0x245>
    4959:	48 8b 85 50 fe ff ff 	mov    rax,QWORD PTR [rbp-0x1b0]
    4960:	48 8b 00             	mov    rax,QWORD PTR [rax]
    4963:	48 89 85 50 fe ff ff 	mov    QWORD PTR [rbp-0x1b0],rax
    496a:	48 83 85 58 fe ff ff 	add    QWORD PTR [rbp-0x1a8],0x1
    4971:	01 
    4972:	48 8b 85 58 fe ff ff 	mov    rax,QWORD PTR [rbp-0x1a8]
    4979:	48 3b 85 e0 fd ff ff 	cmp    rax,QWORD PTR [rbp-0x220]
    4980:	72 d7                	jb     4959 <_Z9measure_KP4NodemmmmmmmjPSt14basic_ofstreamIcSt11char_traitsIcEE+0x22c>
    4982:	e8 3c ea ff ff       	call   33c3 <_ZL8tsc_stopv>
    4987:	48 89 85 88 fe ff ff 	mov    QWORD PTR [rbp-0x178],rax
    498e:	48 8b 85 88 fe ff ff 	mov    rax,QWORD PTR [rbp-0x178]
    4995:	48 2b 85 80 fe ff ff 	sub    rax,QWORD PTR [rbp-0x180]
    499c:	48 89 85 18 fe ff ff 	mov    QWORD PTR [rbp-0x1e8],rax
    49a3:	48 8d 95 18 fe ff ff 	lea    rdx,[rbp-0x1e8]
    49aa:	48 8d 85 90 fe ff ff 	lea    rax,[rbp-0x170]
    49b1:	48 89 d6             	mov    rsi,rdx
    49b4:	48 89 c7             	mov    rdi,rax
    49b7:	e8 84 1c 00 00       	call   6640 <_ZNSt6vectorImSaImEE9push_backERKm>
    49bc:	48 8b 85 18 fe ff ff 	mov    rax,QWORD PTR [rbp-0x1e8]
    49c3:	48 39 85 60 fe ff ff 	cmp    QWORD PTR [rbp-0x1a0],rax
    49ca:	73 08                	jae    49d4 <_Z9measure_KP4NodemmmmmmmjPSt14basic_ofstreamIcSt11char_traitsIcEE+0x2a7>
    49cc:	48 83 85 38 fe ff ff 	add    QWORD PTR [rbp-0x1c8],0x1
    49d3:	01 
    49d4:	48 8b 85 08 fe ff ff 	mov    rax,QWORD PTR [rbp-0x1f8]
    49db:	48 89 85 20 fe ff ff 	mov    QWORD PTR [rbp-0x1e0],rax
    49e2:	48 83 85 40 fe ff ff 	add    QWORD PTR [rbp-0x1c0],0x1
    49e9:	01 
    49ea:	48 8b 85 40 fe ff ff 	mov    rax,QWORD PTR [rbp-0x1c0]
    49f1:	48 3b 85 f0 fd ff ff 	cmp    rax,QWORD PTR [rbp-0x210]
    49f8:	0f 82 f7 fe ff ff    	jb     48f5 <_Z9measure_KP4NodemmmmmmmjPSt14basic_ofstreamIcSt11char_traitsIcEE+0x1c8>
    49fe:	e8 78 e2 ff ff       	call   2c7b <_ZL8pmu_stopv>
    4a03:	48 8d 85 40 ff ff ff 	lea    rax,[rbp-0xc0]
    4a0a:	48 89 c6             	mov    rsi,rax
    4a0d:	bf 00 00 00 00       	mov    edi,0x0
    4a12:	e8 b9 da ff ff       	call   24d0 <getrusage@plt>
    4a17:	48 8d 95 40 ff ff ff 	lea    rdx,[rbp-0xc0]
    4a1e:	48 8d 85 b0 fe ff ff 	lea    rax,[rbp-0x150]
    4a25:	48 89 d6             	mov    rsi,rdx
    4a28:	48 89 c7             	mov    rdi,rax
    4a2b:	e8 c2 e5 ff ff       	call   2ff2 <_ZL9log_usageRK6rusageS1_>
    4a30:	48 8b 85 08 fe ff ff 	mov    rax,QWORD PTR [rbp-0x1f8]
    4a37:	48 8d 15 55 7a 00 00 	lea    rdx,[rip+0x7a55]        # c493 <_ZStL19piecewise_construct+0x48b>
    4a3e:	48 89 d6             	mov    rsi,rdx
    4a41:	48 89 c7             	mov    rdi,rax
    4a44:	e8 6b e6 ff ff       	call   30b4 <_ZL11log_mappingPKvPKc>
    4a49:	48 8b 95 f8 fd ff ff 	mov    rdx,QWORD PTR [rbp-0x208]
    4a50:	48 8b 85 e0 fd ff ff 	mov    rax,QWORD PTR [rbp-0x220]
    4a57:	48 01 d0             	add    rax,rdx
    4a5a:	48 0f af 85 f0 fd ff 	imul   rax,QWORD PTR [rbp-0x210]
    4a61:	ff 
    4a62:	48 89 c3             	mov    rbx,rax
    4a65:	48 8d 05 b4 b7 00 00 	lea    rax,[rip+0xb7b4]        # 10220 <_ZL11counts_path>
    4a6c:	48 89 c7             	mov    rdi,rax
    4a6f:	e8 fc d9 ff ff       	call   2470 <_ZNKSt7__cxx1112basic_stringIcSt11char_traitsIcESaIcEE5c_strEv@plt>
    4a74:	48 89 de             	mov    rsi,rbx
    4a77:	48 89 c7             	mov    rdi,rax
    4a7a:	e8 d8 e2 ff ff       	call   2d57 <_ZL8pmu_savePKcm>
    4a7f:	48 8d 85 90 fe ff ff 	lea    rax,[rbp-0x170]
    4a86:	48 89 c7             	mov    rdi,rax
    4a89:	e8 80 1c 00 00       	call   670e <_ZNSt6vectorImSaImEE4dataEv>
    4a8e:	48 89 c3             	mov    rbx,rax
    4a91:	48 8d 05 a8 b7 00 00 	lea    rax,[rip+0xb7a8]        # 10240 <_ZL10ticks_path>
    4a98:	48 89 c7             	mov    rdi,rax
    4a9b:	e8 d0 d9 ff ff       	call   2470 <_ZNKSt7__cxx1112basic_stringIcSt11char_traitsIcESaIcEE5c_strEv@plt>
    4aa0:	48 89 c1             	mov    rcx,rax
    4aa3:	48 8b 85 f0 fd ff ff 	mov    rax,QWORD PTR [rbp-0x210]
    4aaa:	48 89 c2             	mov    rdx,rax
    4aad:	48 89 de             	mov    rsi,rbx
    4ab0:	48 89 cf             	mov    rdi,rcx
    4ab3:	e8 9c e4 ff ff       	call   2f54 <_ZL10save_ticksPKcPKmm>
    4ab8:	48 8d 85 90 fe ff ff 	lea    rax,[rbp-0x170]
    4abf:	48 89 c7             	mov    rdi,rax
    4ac2:	e8 c3 17 00 00       	call   628a <_ZNSt6vectorImSaImEE3endEv>
    4ac7:	48 89 c3             	mov    rbx,rax
    4aca:	48 8d 85 90 fe ff ff 	lea    rax,[rbp-0x170]
    4ad1:	48 89 c7             	mov    rdi,rax
    4ad4:	e8 65 17 00 00       	call   623e <_ZNSt6vectorImSaImEE5beginEv>
    4ad9:	48 89 de             	mov    rsi,rbx
    4adc:	48 89 c7             	mov    rdi,rax
    4adf:	e8 52 1c 00 00       	call   6736 <_ZSt4sortIN9__gnu_cxx17__normal_iteratorIPmSt6vectorImSaImEEEEEvT_S7_>
    4ae4:	48 8b 85 f0 fd ff ff 	mov    rax,QWORD PTR [rbp-0x210]
    4aeb:	48 d1 e8             	shr    rax,1
    4aee:	48 89 c2             	mov    rdx,rax
    4af1:	48 8d 85 90 fe ff ff 	lea    rax,[rbp-0x170]
    4af8:	48 89 d6             	mov    rsi,rdx
    4afb:	48 89 c7             	mov    rdi,rax
    4afe:	e8 ed 16 00 00       	call   61f0 <_ZNSt6vectorImSaImEEixEm>
    4b03:	48 8b 00             	mov    rax,QWORD PTR [rax]
    4b06:	48 85 c0             	test   rax,rax
    4b09:	78 0b                	js     4b16 <_Z9measure_KP4NodemmmmmmmjPSt14basic_ofstreamIcSt11char_traitsIcEE+0x3e9>
    4b0b:	66 0f ef c0          	pxor   xmm0,xmm0
    4b0f:	f2 48 0f 2a c0       	cvtsi2sd xmm0,rax
    4b14:	eb 19                	jmp    4b2f <_Z9measure_KP4NodemmmmmmmjPSt14basic_ofstreamIcSt11char_traitsIcEE+0x402>
    4b16:	48 89 c2             	mov    rdx,rax
    4b19:	48 d1 ea             	shr    rdx,1
    4b1c:	83 e0 01             	and    eax,0x1
    4b1f:	48 09 c2             	or     rdx,rax
    4b22:	66 0f ef c0          	pxor   xmm0,xmm0
    4b26:	f2 48 0f 2a c2       	cvtsi2sd xmm0,rdx
    4b2b:	f2 0f 58 c0          	addsd  xmm0,xmm0
    4b2f:	48 8b 85 e0 fd ff ff 	mov    rax,QWORD PTR [rbp-0x220]
    4b36:	48 85 c0             	test   rax,rax
    4b39:	78 0b                	js     4b46 <_Z9measure_KP4NodemmmmmmmjPSt14basic_ofstreamIcSt11char_traitsIcEE+0x419>
    4b3b:	66 0f ef c9          	pxor   xmm1,xmm1
    4b3f:	f2 48 0f 2a c8       	cvtsi2sd xmm1,rax
    4b44:	eb 19                	jmp    4b5f <_Z9measure_KP4NodemmmmmmmjPSt14basic_ofstreamIcSt11char_traitsIcEE+0x432>
    4b46:	48 89 c2             	mov    rdx,rax
    4b49:	48 d1 ea             	shr    rdx,1
    4b4c:	83 e0 01             	and    eax,0x1
    4b4f:	48 09 c2             	or     rdx,rax
    4b52:	66 0f ef c9          	pxor   xmm1,xmm1
    4b56:	f2 48 0f 2a ca       	cvtsi2sd xmm1,rdx
    4b5b:	f2 0f 58 c9          	addsd  xmm1,xmm1
    4b5f:	f2 0f 5e c1          	divsd  xmm0,xmm1
    4b63:	f2 0f 11 85 68 fe ff 	movsd  QWORD PTR [rbp-0x198],xmm0
    4b6a:	ff 
    4b6b:	48 83 bd d8 fd ff ff 	cmp    QWORD PTR [rbp-0x228],0x0
    4b72:	00 
    4b73:	0f 84 44 01 00 00    	je     4cbd <_Z9measure_KP4NodemmmmmmmjPSt14basic_ofstreamIcSt11char_traitsIcEE+0x590>
    4b79:	48 8d 85 90 fe ff ff 	lea    rax,[rbp-0x170]
    4b80:	48 89 85 70 fe ff ff 	mov    QWORD PTR [rbp-0x190],rax
    4b87:	48 8b 85 70 fe ff ff 	mov    rax,QWORD PTR [rbp-0x190]
    4b8e:	48 89 c7             	mov    rdi,rax
    4b91:	e8 a8 16 00 00       	call   623e <_ZNSt6vectorImSaImEE5beginEv>
    4b96:	48 89 85 10 fe ff ff 	mov    QWORD PTR [rbp-0x1f0],rax
    4b9d:	48 8b 85 70 fe ff ff 	mov    rax,QWORD PTR [rbp-0x190]
    4ba4:	48 89 c7             	mov    rdi,rax
    4ba7:	e8 de 16 00 00       	call   628a <_ZNSt6vectorImSaImEE3endEv>
    4bac:	48 89 85 18 fe ff ff 	mov    QWORD PTR [rbp-0x1e8],rax
    4bb3:	e9 e4 00 00 00       	jmp    4c9c <_Z9measure_KP4NodemmmmmmmjPSt14basic_ofstreamIcSt11char_traitsIcEE+0x56f>
    4bb8:	48 8d 85 10 fe ff ff 	lea    rax,[rbp-0x1f0]
    4bbf:	48 89 c7             	mov    rdi,rax
    4bc2:	e8 01 1c 00 00       	call   67c8 <_ZNK9__gnu_cxx17__normal_iteratorIPmSt6vectorImSaImEEEdeEv>
    4bc7:	48 8b 00             	mov    rax,QWORD PTR [rax]
    4bca:	48 89 85 78 fe ff ff 	mov    QWORD PTR [rbp-0x188],rax
    4bd1:	48 8b 85 d8 fd ff ff 	mov    rax,QWORD PTR [rbp-0x228]
    4bd8:	48 8b 95 f8 fd ff ff 	mov    rdx,QWORD PTR [rbp-0x208]
    4bdf:	48 89 d6             	mov    rsi,rdx
    4be2:	48 89 c7             	mov    rdi,rax
    4be5:	e8 36 d8 ff ff       	call   2420 <_ZNSolsEm@plt>
    4bea:	48 89 c2             	mov    rdx,rax
    4bed:	48 8d 05 5c 75 00 00 	lea    rax,[rip+0x755c]        # c150 <_ZStL19piecewise_construct+0x148>
    4bf4:	48 89 c6             	mov    rsi,rax
    4bf7:	48 89 d7             	mov    rdi,rdx
    4bfa:	e8 61 d9 ff ff       	call   2560 <_ZStlsISt11char_traitsIcEERSt13basic_ostreamIcT_ES5_PKc@plt>
    4bff:	48 89 c1             	mov    rcx,rax
    4c02:	48 8b 85 78 fe ff ff 	mov    rax,QWORD PTR [rbp-0x188]
    4c09:	48 85 c0             	test   rax,rax
    4c0c:	78 0b                	js     4c19 <_Z9measure_KP4NodemmmmmmmjPSt14basic_ofstreamIcSt11char_traitsIcEE+0x4ec>
    4c0e:	66 0f ef c0          	pxor   xmm0,xmm0
    4c12:	f2 48 0f 2a c0       	cvtsi2sd xmm0,rax
    4c17:	eb 19                	jmp    4c32 <_Z9measure_KP4NodemmmmmmmjPSt14basic_ofstreamIcSt11char_traitsIcEE+0x505>
    4c19:	48 89 c2             	mov    rdx,rax
    4c1c:	48 d1 ea             	shr    rdx,1
    4c1f:	83 e0 01             	and    eax,0x1
    4c22:	48 09 c2             	or     rdx,rax
    4c25:	66 0f ef c0          	pxor   xmm0,xmm0
    4c29:	f2 48 0f 2a c2       	cvtsi2sd xmm0,rdx
    4c2e:	f2 0f 58 c0          	addsd  xmm0,xmm0
    4c32:	48 8b 85 e0 fd ff ff 	mov    rax,QWORD PTR [rbp-0x220]
    4c39:	48 85 c0             	test   rax,rax
    4c3c:	78 0b                	js     4c49 <_Z9measure_KP4NodemmmmmmmjPSt14basic_ofstreamIcSt11char_traitsIcEE+0x51c>
    4c3e:	66 0f ef c9          	pxor   xmm1,xmm1
    4c42:	f2 48 0f 2a c8       	cvtsi2sd xmm1,rax
    4c47:	eb 19                	jmp    4c62 <_Z9measure_KP4NodemmmmmmmjPSt14basic_ofstreamIcSt11char_traitsIcEE+0x535>
    4c49:	48 89 c2             	mov    rdx,rax
    4c4c:	48 d1 ea             	shr    rdx,1
    4c4f:	83 e0 01             	and    eax,0x1
    4c52:	48 09 c2             	or     rdx,rax
    4c55:	66 0f ef c9          	pxor   xmm1,xmm1
    4c59:	f2 48 0f 2a ca       	cvtsi2sd xmm1,rdx
    4c5e:	f2 0f 58 c9          	addsd  xmm1,xmm1
    4c62:	f2 0f 5e c1          	divsd  xmm0,xmm1
    4c66:	66 48 0f 7e c0       	movq   rax,xmm0
    4c6b:	66 48 0f 6e c0       	movq   xmm0,rax
    4c70:	48 89 cf             	mov    rdi,rcx
    4c73:	e8 d8 da ff ff       	call   2750 <_ZNSolsEd@plt>
    4c78:	48 89 c2             	mov    rdx,rax
    4c7b:	48 8d 05 ba 76 00 00 	lea    rax,[rip+0x76ba]        # c33c <_ZStL19piecewise_construct+0x334>
    4c82:	48 89 c6             	mov    rsi,rax
    4c85:	48 89 d7             	mov    rdi,rdx
    4c88:	e8 d3 d8 ff ff       	call   2560 <_ZStlsISt11char_traitsIcEERSt13basic_ostreamIcT_ES5_PKc@plt>
    4c8d:	48 8d 85 10 fe ff ff 	lea    rax,[rbp-0x1f0]
    4c94:	48 89 c7             	mov    rdi,rax
    4c97:	e8 08 1b 00 00       	call   67a4 <_ZN9__gnu_cxx17__normal_iteratorIPmSt6vectorImSaImEEEppEv>
    4c9c:	48 8d 95 18 fe ff ff 	lea    rdx,[rbp-0x1e8]
    4ca3:	48 8d 85 10 fe ff ff 	lea    rax,[rbp-0x1f0]
    4caa:	48 89 d6             	mov    rsi,rdx
    4cad:	48 89 c7             	mov    rdi,rax
    4cb0:	e8 b0 1a 00 00       	call   6765 <_ZN9__gnu_cxxneIPmSt6vectorImSaImEEEEbRKNS_17__normal_iteratorIT_T0_EESA_>
    4cb5:	84 c0                	test   al,al
    4cb7:	0f 85 fb fe ff ff    	jne    4bb8 <_Z9measure_KP4NodemmmmmmmjPSt14basic_ofstreamIcSt11char_traitsIcEE+0x48b>
    4cbd:	48 8b 85 38 fe ff ff 	mov    rax,QWORD PTR [rbp-0x1c8]
    4cc4:	48 85 c0             	test   rax,rax
    4cc7:	78 0b                	js     4cd4 <_Z9measure_KP4NodemmmmmmmjPSt14basic_ofstreamIcSt11char_traitsIcEE+0x5a7>
    4cc9:	66 0f ef c0          	pxor   xmm0,xmm0
    4ccd:	f2 48 0f 2a c0       	cvtsi2sd xmm0,rax
    4cd2:	eb 19                	jmp    4ced <_Z9measure_KP4NodemmmmmmmjPSt14basic_ofstreamIcSt11char_traitsIcEE+0x5c0>
    4cd4:	48 89 c2             	mov    rdx,rax
    4cd7:	48 d1 ea             	shr    rdx,1
    4cda:	83 e0 01             	and    eax,0x1
    4cdd:	48 09 c2             	or     rdx,rax
    4ce0:	66 0f ef c0          	pxor   xmm0,xmm0
    4ce4:	f2 48 0f 2a c2       	cvtsi2sd xmm0,rdx
    4ce9:	f2 0f 58 c0          	addsd  xmm0,xmm0
    4ced:	48 8b 85 f0 fd ff ff 	mov    rax,QWORD PTR [rbp-0x210]
    4cf4:	48 85 c0             	test   rax,rax
    4cf7:	78 0b                	js     4d04 <_Z9measure_KP4NodemmmmmmmjPSt14basic_ofstreamIcSt11char_traitsIcEE+0x5d7>
    4cf9:	66 0f ef c9          	pxor   xmm1,xmm1
    4cfd:	f2 48 0f 2a c8       	cvtsi2sd xmm1,rax
    4d02:	eb 19                	jmp    4d1d <_Z9measure_KP4NodemmmmmmmjPSt14basic_ofstreamIcSt11char_traitsIcEE+0x5f0>
    4d04:	48 89 c2             	mov    rdx,rax
    4d07:	48 d1 ea             	shr    rdx,1
    4d0a:	83 e0 01             	and    eax,0x1
    4d0d:	48 09 c2             	or     rdx,rax
    4d10:	66 0f ef c9          	pxor   xmm1,xmm1
    4d14:	f2 48 0f 2a ca       	cvtsi2sd xmm1,rdx
    4d19:	f2 0f 58 c9          	addsd  xmm1,xmm1
    4d1d:	f2 0f 5e c1          	divsd  xmm0,xmm1
    4d21:	66 49 0f 7e c4       	movq   r12,xmm0
    4d26:	4c 8b ad 68 fe ff ff 	mov    r13,QWORD PTR [rbp-0x198]
    4d2d:	48 8d 85 90 fe ff ff 	lea    rax,[rbp-0x170]
    4d34:	48 89 c7             	mov    rdi,rax
    4d37:	e8 f0 12 00 00       	call   602c <_ZNSt6vectorImSaImEED1Ev>
    4d3c:	4c 89 a5 c0 fd ff ff 	mov    QWORD PTR [rbp-0x240],r12
    4d43:	4c 89 ad c8 fd ff ff 	mov    QWORD PTR [rbp-0x238],r13
    4d4a:	66 0f 6f 85 c0 fd ff 	movdqa xmm0,XMMWORD PTR [rbp-0x240]
    4d51:	ff 
    4d52:	4c 89 e0             	mov    rax,r12
    4d55:	4c 89 ea             	mov    rdx,r13
    4d58:	66 48 0f 6e ca       	movq   xmm1,rdx
    4d5d:	48 8b 45 d8          	mov    rax,QWORD PTR [rbp-0x28]
    4d61:	64 48 2b 04 25 28 00 	sub    rax,QWORD PTR fs:0x28
    4d68:	00 00 
    4d6a:	74 3c                	je     4da8 <_Z9measure_KP4NodemmmmmmmjPSt14basic_ofstreamIcSt11char_traitsIcEE+0x67b>
    4d6c:	eb 35                	jmp    4da3 <_Z9measure_KP4NodemmmmmmmjPSt14basic_ofstreamIcSt11char_traitsIcEE+0x676>
    4d6e:	f3 0f 1e fa          	endbr64
    4d72:	48 89 c3             	mov    rbx,rax
    4d75:	48 8d 85 90 fe ff ff 	lea    rax,[rbp-0x170]
    4d7c:	48 89 c7             	mov    rdi,rax
    4d7f:	e8 a8 12 00 00       	call   602c <_ZNSt6vectorImSaImEED1Ev>
    4d84:	48 89 d8             	mov    rax,rbx
    4d87:	48 8b 55 d8          	mov    rdx,QWORD PTR [rbp-0x28]
    4d8b:	64 48 2b 14 25 28 00 	sub    rdx,QWORD PTR fs:0x28
    4d92:	00 00 
    4d94:	74 05                	je     4d9b <_Z9measure_KP4NodemmmmmmmjPSt14basic_ofstreamIcSt11char_traitsIcEE+0x66e>
    4d96:	e8 05 d8 ff ff       	call   25a0 <__stack_chk_fail@plt>
    4d9b:	48 89 c7             	mov    rdi,rax
    4d9e:	e8 8d d9 ff ff       	call   2730 <_Unwind_Resume@plt>
    4da3:	e8 f8 d7 ff ff       	call   25a0 <__stack_chk_fail@plt>
    4da8:	48 81 c4 28 02 00 00 	add    rsp,0x228
    4daf:	5b                   	pop    rbx
    4db0:	41 5c                	pop    r12
    4db2:	41 5d                	pop    r13
    4db4:	5d                   	pop    rbp
    4db5:	c3                   	ret

0000000000004db6 <_Z9calibrateP4NodemmmmRmS1_j>:
    4db6:	f3 0f 1e fa          	endbr64
    4dba:	55                   	push   rbp
    4dbb:	48 89 e5             	mov    rbp,rsp
    4dbe:	53                   	push   rbx
    4dbf:	48 81 ec 28 01 00 00 	sub    rsp,0x128
    4dc6:	48 89 bd 08 ff ff ff 	mov    QWORD PTR [rbp-0xf8],rdi
    4dcd:	48 89 b5 00 ff ff ff 	mov    QWORD PTR [rbp-0x100],rsi
    4dd4:	48 89 95 f8 fe ff ff 	mov    QWORD PTR [rbp-0x108],rdx
    4ddb:	48 89 8d f0 fe ff ff 	mov    QWORD PTR [rbp-0x110],rcx
    4de2:	4c 89 85 e8 fe ff ff 	mov    QWORD PTR [rbp-0x118],r8
    4de9:	4c 89 8d e0 fe ff ff 	mov    QWORD PTR [rbp-0x120],r9
    4df0:	48 8b 45 10          	mov    rax,QWORD PTR [rbp+0x10]
    4df4:	48 89 85 d8 fe ff ff 	mov    QWORD PTR [rbp-0x128],rax
    4dfb:	64 48 8b 04 25 28 00 	mov    rax,QWORD PTR fs:0x28
    4e02:	00 00 
    4e04:	48 89 45 e8          	mov    QWORD PTR [rbp-0x18],rax
    4e08:	31 c0                	xor    eax,eax
    4e0a:	48 c7 85 78 ff ff ff 	mov    QWORD PTR [rbp-0x88],0x2710
    4e11:	10 27 00 00 
    4e15:	8b 55 18             	mov    edx,DWORD PTR [rbp+0x18]
    4e18:	48 8b b5 00 ff ff ff 	mov    rsi,QWORD PTR [rbp-0x100]
    4e1f:	48 8b 85 08 ff ff ff 	mov    rax,QWORD PTR [rbp-0xf8]
    4e26:	89 d1                	mov    ecx,edx
    4e28:	ba 01 00 00 00       	mov    edx,0x1
    4e2d:	48 89 c7             	mov    rdi,rax
    4e30:	e8 3b f6 ff ff       	call   4470 <_Z20build_conflict_cycleP4Nodemmj>
    4e35:	48 8b 85 08 ff ff ff 	mov    rax,QWORD PTR [rbp-0xf8]
    4e3c:	48 89 85 20 ff ff ff 	mov    QWORD PTR [rbp-0xe0],rax
    4e43:	48 c7 85 28 ff ff ff 	mov    QWORD PTR [rbp-0xd8],0x0
    4e4a:	00 00 00 00 
    4e4e:	eb 19                	jmp    4e69 <_Z9calibrateP4NodemmmmRmS1_j+0xb3>
    4e50:	48 8b 85 20 ff ff ff 	mov    rax,QWORD PTR [rbp-0xe0]
    4e57:	48 8b 00             	mov    rax,QWORD PTR [rax]
    4e5a:	48 89 85 20 ff ff ff 	mov    QWORD PTR [rbp-0xe0],rax
    4e61:	48 83 85 28 ff ff ff 	add    QWORD PTR [rbp-0xd8],0x1
    4e68:	01 
    4e69:	48 8b 85 28 ff ff ff 	mov    rax,QWORD PTR [rbp-0xd8]
    4e70:	48 3b 85 f0 fe ff ff 	cmp    rax,QWORD PTR [rbp-0x110]
    4e77:	72 d7                	jb     4e50 <_Z9calibrateP4NodemmmmRmS1_j+0x9a>
    4e79:	48 8d 45 d0          	lea    rax,[rbp-0x30]
    4e7d:	48 89 45 a0          	mov    QWORD PTR [rbp-0x60],rax
    4e81:	90                   	nop
    4e82:	90                   	nop
    4e83:	48 8d 55 d0          	lea    rdx,[rbp-0x30]
    4e87:	48 8d 45 b0          	lea    rax,[rbp-0x50]
    4e8b:	be 10 27 00 00       	mov    esi,0x2710
    4e90:	48 89 c7             	mov    rdi,rax
    4e93:	e8 da 12 00 00       	call   6172 <_ZNSt6vectorImSaImEEC1EmRKS0_>
    4e98:	48 8d 45 d0          	lea    rax,[rbp-0x30]
    4e9c:	48 89 c7             	mov    rdi,rax
    4e9f:	e8 82 1e 00 00       	call   6d26 <_ZNSt15__new_allocatorImED1Ev>
    4ea4:	90                   	nop
    4ea5:	48 c7 85 30 ff ff ff 	mov    QWORD PTR [rbp-0xd0],0x0
    4eac:	00 00 00 00 
    4eb0:	eb 7f                	jmp    4f31 <_Z9calibrateP4NodemmmmRmS1_j+0x17b>
    4eb2:	e8 01 e5 ff ff       	call   33b8 <_ZL9tsc_startv>
    4eb7:	48 89 45 90          	mov    QWORD PTR [rbp-0x70],rax
    4ebb:	48 8b 85 20 ff ff ff 	mov    rax,QWORD PTR [rbp-0xe0]
    4ec2:	48 89 85 38 ff ff ff 	mov    QWORD PTR [rbp-0xc8],rax
    4ec9:	48 c7 85 40 ff ff ff 	mov    QWORD PTR [rbp-0xc0],0x0
    4ed0:	00 00 00 00 
    4ed4:	eb 19                	jmp    4eef <_Z9calibrateP4NodemmmmRmS1_j+0x139>
    4ed6:	48 8b 85 38 ff ff ff 	mov    rax,QWORD PTR [rbp-0xc8]
    4edd:	48 8b 00             	mov    rax,QWORD PTR [rax]
    4ee0:	48 89 85 38 ff ff ff 	mov    QWORD PTR [rbp-0xc8],rax
    4ee7:	48 83 85 40 ff ff ff 	add    QWORD PTR [rbp-0xc0],0x1
    4eee:	01 
    4eef:	48 8b 85 40 ff ff ff 	mov    rax,QWORD PTR [rbp-0xc0]
    4ef6:	48 3b 85 e8 fe ff ff 	cmp    rax,QWORD PTR [rbp-0x118]
    4efd:	72 d7                	jb     4ed6 <_Z9calibrateP4NodemmmmRmS1_j+0x120>
    4eff:	e8 bf e4 ff ff       	call   33c3 <_ZL8tsc_stopv>
    4f04:	48 89 45 98          	mov    QWORD PTR [rbp-0x68],rax
    4f08:	48 8b 95 30 ff ff ff 	mov    rdx,QWORD PTR [rbp-0xd0]
    4f0f:	48 8d 45 b0          	lea    rax,[rbp-0x50]
    4f13:	48 89 d6             	mov    rsi,rdx
    4f16:	48 89 c7             	mov    rdi,rax
    4f19:	e8 d2 12 00 00       	call   61f0 <_ZNSt6vectorImSaImEEixEm>
    4f1e:	48 8b 55 98          	mov    rdx,QWORD PTR [rbp-0x68]
    4f22:	48 2b 55 90          	sub    rdx,QWORD PTR [rbp-0x70]
    4f26:	48 89 10             	mov    QWORD PTR [rax],rdx
    4f29:	48 83 85 30 ff ff ff 	add    QWORD PTR [rbp-0xd0],0x1
    4f30:	01 
    4f31:	48 81 bd 30 ff ff ff 	cmp    QWORD PTR [rbp-0xd0],0x270f
    4f38:	0f 27 00 00 
    4f3c:	0f 86 70 ff ff ff    	jbe    4eb2 <_Z9calibrateP4NodemmmmRmS1_j+0xfc>
    4f42:	48 8d 45 b0          	lea    rax,[rbp-0x50]
    4f46:	48 89 c7             	mov    rdi,rax
    4f49:	e8 3c 13 00 00       	call   628a <_ZNSt6vectorImSaImEE3endEv>
    4f4e:	48 89 c3             	mov    rbx,rax
    4f51:	48 8d 45 b0          	lea    rax,[rbp-0x50]
    4f55:	48 89 c7             	mov    rdi,rax
    4f58:	e8 e1 12 00 00       	call   623e <_ZNSt6vectorImSaImEE5beginEv>
    4f5d:	48 89 de             	mov    rsi,rbx
    4f60:	48 89 c7             	mov    rdi,rax
    4f63:	e8 ce 17 00 00       	call   6736 <_ZSt4sortIN9__gnu_cxx17__normal_iteratorIPmSt6vectorImSaImEEEEEvT_S7_>
    4f68:	48 8d 45 b0          	lea    rax,[rbp-0x50]
    4f6c:	be 1c 25 00 00       	mov    esi,0x251c
    4f71:	48 89 c7             	mov    rdi,rax
    4f74:	e8 77 12 00 00       	call   61f0 <_ZNSt6vectorImSaImEEixEm>
    4f79:	48 8b 10             	mov    rdx,QWORD PTR [rax]
    4f7c:	48 8b 85 e0 fe ff ff 	mov    rax,QWORD PTR [rbp-0x120]
    4f83:	48 89 10             	mov    QWORD PTR [rax],rdx
    4f86:	8b 45 18             	mov    eax,DWORD PTR [rbp+0x18]
    4f89:	8d 48 01             	lea    ecx,[rax+0x1]
    4f8c:	48 8b 95 f8 fe ff ff 	mov    rdx,QWORD PTR [rbp-0x108]
    4f93:	48 8b b5 00 ff ff ff 	mov    rsi,QWORD PTR [rbp-0x100]
    4f9a:	48 8b 85 08 ff ff ff 	mov    rax,QWORD PTR [rbp-0xf8]
    4fa1:	48 89 c7             	mov    rdi,rax
    4fa4:	e8 c7 f4 ff ff       	call   4470 <_Z20build_conflict_cycleP4Nodemmj>
    4fa9:	48 8b 85 08 ff ff ff 	mov    rax,QWORD PTR [rbp-0xf8]
    4fb0:	48 89 85 20 ff ff ff 	mov    QWORD PTR [rbp-0xe0],rax
    4fb7:	48 c7 85 48 ff ff ff 	mov    QWORD PTR [rbp-0xb8],0x0
    4fbe:	00 00 00 00 
    4fc2:	eb 3e                	jmp    5002 <_Z9calibrateP4NodemmmmRmS1_j+0x24c>
    4fc4:	48 c7 85 50 ff ff ff 	mov    QWORD PTR [rbp-0xb0],0x0
    4fcb:	00 00 00 00 
    4fcf:	eb 19                	jmp    4fea <_Z9calibrateP4NodemmmmRmS1_j+0x234>
    4fd1:	48 8b 85 20 ff ff ff 	mov    rax,QWORD PTR [rbp-0xe0]
    4fd8:	48 8b 00             	mov    rax,QWORD PTR [rax]
    4fdb:	48 89 85 20 ff ff ff 	mov    QWORD PTR [rbp-0xe0],rax
    4fe2:	48 83 85 50 ff ff ff 	add    QWORD PTR [rbp-0xb0],0x1
    4fe9:	01 
    4fea:	48 8b 85 50 ff ff ff 	mov    rax,QWORD PTR [rbp-0xb0]
    4ff1:	48 3b 85 f8 fe ff ff 	cmp    rax,QWORD PTR [rbp-0x108]
    4ff8:	72 d7                	jb     4fd1 <_Z9calibrateP4NodemmmmRmS1_j+0x21b>
    4ffa:	48 83 85 48 ff ff ff 	add    QWORD PTR [rbp-0xb8],0x1
    5001:	01 
    5002:	48 8b 85 48 ff ff ff 	mov    rax,QWORD PTR [rbp-0xb8]
    5009:	48 3b 85 f0 fe ff ff 	cmp    rax,QWORD PTR [rbp-0x110]
    5010:	72 b2                	jb     4fc4 <_Z9calibrateP4NodemmmmRmS1_j+0x20e>
    5012:	48 8d 85 1f ff ff ff 	lea    rax,[rbp-0xe1]
    5019:	48 89 45 a8          	mov    QWORD PTR [rbp-0x58],rax
    501d:	90                   	nop
    501e:	90                   	nop
    501f:	48 8d 95 1f ff ff ff 	lea    rdx,[rbp-0xe1]
    5026:	48 8d 45 d0          	lea    rax,[rbp-0x30]
    502a:	be 10 27 00 00       	mov    esi,0x2710
    502f:	48 89 c7             	mov    rdi,rax
    5032:	e8 3b 11 00 00       	call   6172 <_ZNSt6vectorImSaImEEC1EmRKS0_>
    5037:	48 8d 85 1f ff ff ff 	lea    rax,[rbp-0xe1]
    503e:	48 89 c7             	mov    rdi,rax
    5041:	e8 e0 1c 00 00       	call   6d26 <_ZNSt15__new_allocatorImED1Ev>
    5046:	90                   	nop
    5047:	48 c7 85 58 ff ff ff 	mov    QWORD PTR [rbp-0xa8],0x0
    504e:	00 00 00 00 
    5052:	e9 ca 00 00 00       	jmp    5121 <_Z9calibrateP4NodemmmmRmS1_j+0x36b>
    5057:	48 c7 85 60 ff ff ff 	mov    QWORD PTR [rbp-0xa0],0x0
    505e:	00 00 00 00 
    5062:	eb 19                	jmp    507d <_Z9calibrateP4NodemmmmRmS1_j+0x2c7>
    5064:	48 8b 85 20 ff ff ff 	mov    rax,QWORD PTR [rbp-0xe0]
    506b:	48 8b 00             	mov    rax,QWORD PTR [rax]
    506e:	48 89 85 20 ff ff ff 	mov    QWORD PTR [rbp-0xe0],rax
    5075:	48 83 85 60 ff ff ff 	add    QWORD PTR [rbp-0xa0],0x1
    507c:	01 
    507d:	48 8b 85 f8 fe ff ff 	mov    rax,QWORD PTR [rbp-0x108]
    5084:	48 83 e8 01          	sub    rax,0x1
    5088:	48 39 85 60 ff ff ff 	cmp    QWORD PTR [rbp-0xa0],rax
    508f:	72 d3                	jb     5064 <_Z9calibrateP4NodemmmmRmS1_j+0x2ae>
    5091:	e8 22 e3 ff ff       	call   33b8 <_ZL9tsc_startv>
    5096:	48 89 45 80          	mov    QWORD PTR [rbp-0x80],rax
    509a:	48 8b 85 20 ff ff ff 	mov    rax,QWORD PTR [rbp-0xe0]
    50a1:	48 8b 00             	mov    rax,QWORD PTR [rax]
    50a4:	48 89 85 68 ff ff ff 	mov    QWORD PTR [rbp-0x98],rax
    50ab:	48 c7 85 70 ff ff ff 	mov    QWORD PTR [rbp-0x90],0x0
    50b2:	00 00 00 00 
    50b6:	eb 19                	jmp    50d1 <_Z9calibrateP4NodemmmmRmS1_j+0x31b>
    50b8:	48 8b 85 68 ff ff ff 	mov    rax,QWORD PTR [rbp-0x98]
    50bf:	48 8b 00             	mov    rax,QWORD PTR [rax]
    50c2:	48 89 85 68 ff ff ff 	mov    QWORD PTR [rbp-0x98],rax
    50c9:	48 83 85 70 ff ff ff 	add    QWORD PTR [rbp-0x90],0x1
    50d0:	01 
    50d1:	48 8b 85 70 ff ff ff 	mov    rax,QWORD PTR [rbp-0x90]
    50d8:	48 3b 85 e8 fe ff ff 	cmp    rax,QWORD PTR [rbp-0x118]
    50df:	72 d7                	jb     50b8 <_Z9calibrateP4NodemmmmRmS1_j+0x302>
    50e1:	e8 dd e2 ff ff       	call   33c3 <_ZL8tsc_stopv>
    50e6:	48 89 45 88          	mov    QWORD PTR [rbp-0x78],rax
    50ea:	48 8b 95 58 ff ff ff 	mov    rdx,QWORD PTR [rbp-0xa8]
    50f1:	48 8d 45 d0          	lea    rax,[rbp-0x30]
    50f5:	48 89 d6             	mov    rsi,rdx
    50f8:	48 89 c7             	mov    rdi,rax
    50fb:	e8 f0 10 00 00       	call   61f0 <_ZNSt6vectorImSaImEEixEm>
    5100:	48 8b 55 88          	mov    rdx,QWORD PTR [rbp-0x78]
    5104:	48 2b 55 80          	sub    rdx,QWORD PTR [rbp-0x80]
    5108:	48 89 10             	mov    QWORD PTR [rax],rdx
    510b:	48 8b 85 08 ff ff ff 	mov    rax,QWORD PTR [rbp-0xf8]
    5112:	48 89 85 20 ff ff ff 	mov    QWORD PTR [rbp-0xe0],rax
    5119:	48 83 85 58 ff ff ff 	add    QWORD PTR [rbp-0xa8],0x1
    5120:	01 
    5121:	48 81 bd 58 ff ff ff 	cmp    QWORD PTR [rbp-0xa8],0x270f
    5128:	0f 27 00 00 
    512c:	0f 86 25 ff ff ff    	jbe    5057 <_Z9calibrateP4NodemmmmRmS1_j+0x2a1>
    5132:	48 8d 45 d0          	lea    rax,[rbp-0x30]
    5136:	48 89 c7             	mov    rdi,rax
    5139:	e8 4c 11 00 00       	call   628a <_ZNSt6vectorImSaImEE3endEv>
    513e:	48 89 c3             	mov    rbx,rax
    5141:	48 8d 45 d0          	lea    rax,[rbp-0x30]
    5145:	48 89 c7             	mov    rdi,rax
    5148:	e8 f1 10 00 00       	call   623e <_ZNSt6vectorImSaImEE5beginEv>
    514d:	48 89 de             	mov    rsi,rbx
    5150:	48 89 c7             	mov    rdi,rax
    5153:	e8 de 15 00 00       	call   6736 <_ZSt4sortIN9__gnu_cxx17__normal_iteratorIPmSt6vectorImSaImEEEEEvT_S7_>
    5158:	48 8d 45 d0          	lea    rax,[rbp-0x30]
    515c:	be f4 01 00 00       	mov    esi,0x1f4
    5161:	48 89 c7             	mov    rdi,rax
    5164:	e8 87 10 00 00       	call   61f0 <_ZNSt6vectorImSaImEEixEm>
    5169:	48 8b 10             	mov    rdx,QWORD PTR [rax]
    516c:	48 8b 85 d8 fe ff ff 	mov    rax,QWORD PTR [rbp-0x128]
    5173:	48 89 10             	mov    QWORD PTR [rax],rdx
    5176:	48 8d 45 d0          	lea    rax,[rbp-0x30]
    517a:	48 89 c7             	mov    rdi,rax
    517d:	e8 aa 0e 00 00       	call   602c <_ZNSt6vectorImSaImEED1Ev>
    5182:	48 8d 45 b0          	lea    rax,[rbp-0x50]
    5186:	48 89 c7             	mov    rdi,rax
    5189:	e8 9e 0e 00 00       	call   602c <_ZNSt6vectorImSaImEED1Ev>
    518e:	48 8b 45 e8          	mov    rax,QWORD PTR [rbp-0x18]
    5192:	64 48 2b 04 25 28 00 	sub    rax,QWORD PTR fs:0x28
    5199:	00 00 
    519b:	0f 84 9d 00 00 00    	je     523e <_Z9calibrateP4NodemmmmRmS1_j+0x488>
    51a1:	e9 93 00 00 00       	jmp    5239 <_Z9calibrateP4NodemmmmRmS1_j+0x483>
    51a6:	f3 0f 1e fa          	endbr64
    51aa:	48 89 c3             	mov    rbx,rax
    51ad:	48 8d 45 d0          	lea    rax,[rbp-0x30]
    51b1:	48 89 c7             	mov    rdi,rax
    51b4:	e8 6d 1b 00 00       	call   6d26 <_ZNSt15__new_allocatorImED1Ev>
    51b9:	90                   	nop
    51ba:	48 89 d8             	mov    rax,rbx
    51bd:	48 8b 55 e8          	mov    rdx,QWORD PTR [rbp-0x18]
    51c1:	64 48 2b 14 25 28 00 	sub    rdx,QWORD PTR fs:0x28
    51c8:	00 00 
    51ca:	74 05                	je     51d1 <_Z9calibrateP4NodemmmmRmS1_j+0x41b>
    51cc:	e8 cf d3 ff ff       	call   25a0 <__stack_chk_fail@plt>
    51d1:	48 89 c7             	mov    rdi,rax
    51d4:	e8 57 d5 ff ff       	call   2730 <_Unwind_Resume@plt>
    51d9:	f3 0f 1e fa          	endbr64
    51dd:	48 89 c3             	mov    rbx,rax
    51e0:	48 8d 85 1f ff ff ff 	lea    rax,[rbp-0xe1]
    51e7:	48 89 c7             	mov    rdi,rax
    51ea:	e8 37 1b 00 00       	call   6d26 <_ZNSt15__new_allocatorImED1Ev>
    51ef:	90                   	nop
    51f0:	eb 1c                	jmp    520e <_Z9calibrateP4NodemmmmRmS1_j+0x458>
    51f2:	f3 0f 1e fa          	endbr64
    51f6:	48 89 c3             	mov    rbx,rax
    51f9:	48 8d 45 d0          	lea    rax,[rbp-0x30]
    51fd:	48 89 c7             	mov    rdi,rax
    5200:	e8 27 0e 00 00       	call   602c <_ZNSt6vectorImSaImEED1Ev>
    5205:	eb 07                	jmp    520e <_Z9calibrateP4NodemmmmRmS1_j+0x458>
    5207:	f3 0f 1e fa          	endbr64
    520b:	48 89 c3             	mov    rbx,rax
    520e:	48 8d 45 b0          	lea    rax,[rbp-0x50]
    5212:	48 89 c7             	mov    rdi,rax
    5215:	e8 12 0e 00 00       	call   602c <_ZNSt6vectorImSaImEED1Ev>
    521a:	48 89 d8             	mov    rax,rbx
    521d:	48 8b 55 e8          	mov    rdx,QWORD PTR [rbp-0x18]
    5221:	64 48 2b 14 25 28 00 	sub    rdx,QWORD PTR fs:0x28
    5228:	00 00 
    522a:	74 05                	je     5231 <_Z9calibrateP4NodemmmmRmS1_j+0x47b>
    522c:	e8 6f d3 ff ff       	call   25a0 <__stack_chk_fail@plt>
    5231:	48 89 c7             	mov    rdi,rax
    5234:	e8 f7 d4 ff ff       	call   2730 <_Unwind_Resume@plt>
    5239:	e8 62 d3 ff ff       	call   25a0 <__stack_chk_fail@plt>
    523e:	48 8b 5d f8          	mov    rbx,QWORD PTR [rbp-0x8]
    5242:	c9                   	leave
    5243:	c3                   	ret

0000000000005244 <main>:
    5244:	f3 0f 1e fa          	endbr64
    5248:	55                   	push   rbp
    5249:	48 89 e5             	mov    rbp,rsp
    524c:	53                   	push   rbx
    524d:	48 81 ec d8 05 00 00 	sub    rsp,0x5d8
    5254:	89 bd 2c fa ff ff    	mov    DWORD PTR [rbp-0x5d4],edi
    525a:	48 89 b5 20 fa ff ff 	mov    QWORD PTR [rbp-0x5e0],rsi
    5261:	64 48 8b 04 25 28 00 	mov    rax,QWORD PTR fs:0x28
    5268:	00 00 
    526a:	48 89 45 e8          	mov    QWORD PTR [rbp-0x18],rax
    526e:	31 c0                	xor    eax,eax
    5270:	48 8d 95 d0 fa ff ff 	lea    rdx,[rbp-0x530]
    5277:	b8 00 00 00 00       	mov    eax,0x0
    527c:	b9 21 00 00 00       	mov    ecx,0x21
    5281:	48 89 d7             	mov    rdi,rdx
    5284:	f3 48 ab             	rep stos QWORD PTR es:[rdi],rax
    5287:	48 8d 85 d0 fa ff ff 	lea    rax,[rbp-0x530]
    528e:	48 89 c7             	mov    rdi,rax
    5291:	e8 ba d3 ff ff       	call   2650 <_ZNSt7__cxx1112basic_stringIcSt11char_traitsIcESaIcEEC1Ev@plt>
    5296:	48 8d 85 d0 fa ff ff 	lea    rax,[rbp-0x530]
    529d:	48 83 c0 20          	add    rax,0x20
    52a1:	48 89 c7             	mov    rdi,rax
    52a4:	e8 a7 d3 ff ff       	call   2650 <_ZNSt7__cxx1112basic_stringIcSt11char_traitsIcESaIcEEC1Ev@plt>
    52a9:	48 8d 85 d0 fa ff ff 	lea    rax,[rbp-0x530]
    52b0:	48 83 c0 40          	add    rax,0x40
    52b4:	48 89 c7             	mov    rdi,rax
    52b7:	e8 94 d3 ff ff       	call   2650 <_ZNSt7__cxx1112basic_stringIcSt11char_traitsIcESaIcEEC1Ev@plt>
    52bc:	48 8d 85 d0 fa ff ff 	lea    rax,[rbp-0x530]
    52c3:	48 05 98 00 00 00    	add    rax,0x98
    52c9:	48 89 c7             	mov    rdi,rax
    52cc:	e8 7f d3 ff ff       	call   2650 <_ZNSt7__cxx1112basic_stringIcSt11char_traitsIcESaIcEEC1Ev@plt>
    52d1:	48 8d 85 d0 fa ff ff 	lea    rax,[rbp-0x530]
    52d8:	48 05 b8 00 00 00    	add    rax,0xb8
    52de:	48 89 c7             	mov    rdi,rax
    52e1:	e8 6a d3 ff ff       	call   2650 <_ZNSt7__cxx1112basic_stringIcSt11char_traitsIcESaIcEEC1Ev@plt>
    52e6:	48 c7 85 a8 fb ff ff 	mov    QWORD PTR [rbp-0x458],0x0
    52ed:	00 00 00 00 
    52f1:	48 c7 85 b0 fb ff ff 	mov    QWORD PTR [rbp-0x450],0x0
    52f8:	00 00 00 00 
    52fc:	48 c7 85 b8 fb ff ff 	mov    QWORD PTR [rbp-0x448],0x0
    5303:	00 00 00 00 
    5307:	48 8d 85 d0 fa ff ff 	lea    rax,[rbp-0x530]
    530e:	48 05 d8 00 00 00    	add    rax,0xd8
    5314:	48 89 c7             	mov    rdi,rax
    5317:	e8 2a 0a 00 00       	call   5d46 <_ZNSt6vectorImSaImEEC1Ev>
    531c:	48 c7 85 c0 fb ff ff 	mov    QWORD PTR [rbp-0x440],0x0
    5323:	00 00 00 00 
    5327:	48 c7 85 c8 fb ff ff 	mov    QWORD PTR [rbp-0x438],0x0
    532e:	00 00 00 00 
    5332:	48 c7 85 d0 fb ff ff 	mov    QWORD PTR [rbp-0x430],0x0
    5339:	00 00 00 00 
    533d:	48 8d 85 d0 fa ff ff 	lea    rax,[rbp-0x530]
    5344:	48 05 f0 00 00 00    	add    rax,0xf0
    534a:	48 89 c7             	mov    rdi,rax
    534d:	e8 f4 09 00 00       	call   5d46 <_ZNSt6vectorImSaImEEC1Ev>
    5352:	48 8d 95 d0 fa ff ff 	lea    rdx,[rbp-0x530]
    5359:	48 8b 8d 20 fa ff ff 	mov    rcx,QWORD PTR [rbp-0x5e0]
    5360:	8b 85 2c fa ff ff    	mov    eax,DWORD PTR [rbp-0x5d4]
    5366:	48 89 ce             	mov    rsi,rcx
    5369:	89 c7                	mov    edi,eax
    536b:	e8 d3 e1 ff ff       	call   3543 <_Z10parse_argsiPPcR6Config>
    5370:	83 f0 01             	xor    eax,0x1
    5373:	84 c0                	test   al,al
    5375:	74 0a                	je     5381 <main+0x13d>
    5377:	bb 01 00 00 00       	mov    ebx,0x1
    537c:	e9 49 07 00 00       	jmp    5aca <main+0x886>
    5381:	48 8d 85 d0 fa ff ff 	lea    rax,[rbp-0x530]
    5388:	48 89 c7             	mov    rdi,rax
    538b:	e8 70 d3 ff ff       	call   2700 <_ZNKSt7__cxx1112basic_stringIcSt11char_traitsIcESaIcEE5emptyEv@plt>
    5390:	84 c0                	test   al,al
    5392:	75 72                	jne    5406 <main+0x1c2>
    5394:	48 8d 85 d0 fa ff ff 	lea    rax,[rbp-0x530]
    539b:	48 83 c0 20          	add    rax,0x20
    539f:	48 89 c7             	mov    rdi,rax
    53a2:	e8 59 d3 ff ff       	call   2700 <_ZNKSt7__cxx1112basic_stringIcSt11char_traitsIcESaIcEE5emptyEv@plt>
    53a7:	84 c0                	test   al,al
    53a9:	75 5b                	jne    5406 <main+0x1c2>
    53ab:	48 8d 85 d0 fa ff ff 	lea    rax,[rbp-0x530]
    53b2:	48 83 c0 40          	add    rax,0x40
    53b6:	48 89 c7             	mov    rdi,rax
    53b9:	e8 42 d3 ff ff       	call   2700 <_ZNKSt7__cxx1112basic_stringIcSt11char_traitsIcESaIcEE5emptyEv@plt>
    53be:	84 c0                	test   al,al
    53c0:	75 44                	jne    5406 <main+0x1c2>
    53c2:	48 8d 85 d0 fa ff ff 	lea    rax,[rbp-0x530]
    53c9:	48 05 f0 00 00 00    	add    rax,0xf0
    53cf:	48 89 c7             	mov    rdi,rax
    53d2:	e8 07 14 00 00       	call   67de <_ZNKSt6vectorImSaImEE4sizeEv>
    53d7:	48 83 f8 01          	cmp    rax,0x1
    53db:	75 29                	jne    5406 <main+0x1c2>
    53dd:	48 8d 85 d0 fa ff ff 	lea    rax,[rbp-0x530]
    53e4:	48 05 f0 00 00 00    	add    rax,0xf0
    53ea:	be 00 00 00 00       	mov    esi,0x0
    53ef:	48 89 c7             	mov    rdi,rax
    53f2:	e8 f9 0d 00 00       	call   61f0 <_ZNSt6vectorImSaImEEixEm>
    53f7:	48 8b 00             	mov    rax,QWORD PTR [rax]
    53fa:	48 8b 95 40 fb ff ff 	mov    rdx,QWORD PTR [rbp-0x4c0]
    5401:	48 39 c2             	cmp    rdx,rax
    5404:	73 07                	jae    540d <main+0x1c9>
    5406:	b8 01 00 00 00       	mov    eax,0x1
    540b:	eb 05                	jmp    5412 <main+0x1ce>
    540d:	b8 00 00 00 00       	mov    eax,0x0
    5412:	84 c0                	test   al,al
    5414:	74 23                	je     5439 <main+0x1f5>
    5416:	48 8d 05 83 70 00 00 	lea    rax,[rip+0x7083]        # c4a0 <_ZStL19piecewise_construct+0x498>
    541d:	48 89 c6             	mov    rsi,rax
    5420:	48 8d 05 19 ac 00 00 	lea    rax,[rip+0xac19]        # 10040 <_ZSt4cerr@GLIBCXX_3.4>
    5427:	48 89 c7             	mov    rdi,rax
    542a:	e8 31 d1 ff ff       	call   2560 <_ZStlsISt11char_traitsIcEERSt13basic_ostreamIcT_ES5_PKc@plt>
    542f:	bb 01 00 00 00       	mov    ebx,0x1
    5434:	e9 91 06 00 00       	jmp    5aca <main+0x886>
    5439:	48 8d 85 d0 fa ff ff 	lea    rax,[rbp-0x530]
    5440:	48 89 c7             	mov    rdi,rax
    5443:	e8 28 d0 ff ff       	call   2470 <_ZNKSt7__cxx1112basic_stringIcSt11char_traitsIcESaIcEE5c_strEv@plt>
    5448:	48 89 c7             	mov    rdi,rax
    544b:	e8 c7 d4 ff ff       	call   2917 <_ZL8pmu_openPKc>
    5450:	48 8d 85 d0 fa ff ff 	lea    rax,[rbp-0x530]
    5457:	48 83 c0 20          	add    rax,0x20
    545b:	48 89 c6             	mov    rsi,rax
    545e:	48 8d 05 bb ad 00 00 	lea    rax,[rip+0xadbb]        # 10220 <_ZL11counts_path>
    5465:	48 89 c7             	mov    rdi,rax
    5468:	e8 83 cf ff ff       	call   23f0 <_ZNSt7__cxx1112basic_stringIcSt11char_traitsIcESaIcEEaSERKS4_@plt>
    546d:	48 8d 85 d0 fa ff ff 	lea    rax,[rbp-0x530]
    5474:	48 83 c0 40          	add    rax,0x40
    5478:	48 89 c6             	mov    rsi,rax
    547b:	48 8d 05 be ad 00 00 	lea    rax,[rip+0xadbe]        # 10240 <_ZL10ticks_path>
    5482:	48 89 c7             	mov    rdi,rax
    5485:	e8 66 cf ff ff       	call   23f0 <_ZNSt7__cxx1112basic_stringIcSt11char_traitsIcESaIcEEaSERKS4_@plt>
    548a:	48 8b 95 38 fb ff ff 	mov    rdx,QWORD PTR [rbp-0x4c8]
    5491:	48 8b 85 30 fb ff ff 	mov    rax,QWORD PTR [rbp-0x4d0]
    5498:	48 0f af c2          	imul   rax,rdx
    549c:	48 89 85 78 fa ff ff 	mov    QWORD PTR [rbp-0x588],rax
    54a3:	48 8b 85 40 fb ff ff 	mov    rax,QWORD PTR [rbp-0x4c0]
    54aa:	48 0f af 85 78 fa ff 	imul   rax,QWORD PTR [rbp-0x588]
    54b1:	ff 
    54b2:	48 89 c2             	mov    rdx,rax
    54b5:	48 8b 85 38 fb ff ff 	mov    rax,QWORD PTR [rbp-0x4c8]
    54bc:	48 01 d0             	add    rax,rdx
    54bf:	48 89 85 80 fa ff ff 	mov    QWORD PTR [rbp-0x580],rax
    54c6:	c6 85 3d fa ff ff 01 	mov    BYTE PTR [rbp-0x5c3],0x1
    54cd:	48 c7 85 40 fa ff ff 	mov    QWORD PTR [rbp-0x5c0],0x0
    54d4:	00 00 00 00 
    54d8:	0f b6 8d 3d fa ff ff 	movzx  ecx,BYTE PTR [rbp-0x5c3]
    54df:	48 8d 95 40 fa ff ff 	lea    rdx,[rbp-0x5c0]
    54e6:	48 8b 85 80 fa ff ff 	mov    rax,QWORD PTR [rbp-0x580]
    54ed:	89 ce                	mov    esi,ecx
    54ef:	48 89 c7             	mov    rdi,rax
    54f2:	e8 a3 ed ff ff       	call   429a <_Z15allocate_buffermbRm>
    54f7:	48 89 85 88 fa ff ff 	mov    QWORD PTR [rbp-0x578],rax
    54fe:	48 8b 85 88 fa ff ff 	mov    rax,QWORD PTR [rbp-0x578]
    5505:	48 89 85 90 fa ff ff 	mov    QWORD PTR [rbp-0x570],rax
    550c:	8b bd 60 fb ff ff    	mov    edi,DWORD PTR [rbp-0x4a0]
    5512:	4c 8b 85 58 fb ff ff 	mov    r8,QWORD PTR [rbp-0x4a8]
    5519:	48 8b 8d 50 fb ff ff 	mov    rcx,QWORD PTR [rbp-0x4b0]
    5520:	48 8b 95 40 fb ff ff 	mov    rdx,QWORD PTR [rbp-0x4c0]
    5527:	4c 8d 8d 48 fa ff ff 	lea    r9,[rbp-0x5b8]
    552e:	48 8b b5 78 fa ff ff 	mov    rsi,QWORD PTR [rbp-0x588]
    5535:	48 8b 85 90 fa ff ff 	mov    rax,QWORD PTR [rbp-0x570]
    553c:	57                   	push   rdi
    553d:	48 8d bd 50 fa ff ff 	lea    rdi,[rbp-0x5b0]
    5544:	57                   	push   rdi
    5545:	48 89 c7             	mov    rdi,rax
    5548:	e8 69 f8 ff ff       	call   4db6 <_Z9calibrateP4NodemmmmRmS1_j>
    554d:	48 83 c4 10          	add    rsp,0x10
    5551:	48 8d 05 73 6f 00 00 	lea    rax,[rip+0x6f73]        # c4cb <_ZStL19piecewise_construct+0x4c3>
    5558:	48 89 c6             	mov    rsi,rax
    555b:	48 8d 05 de aa 00 00 	lea    rax,[rip+0xaade]        # 10040 <_ZSt4cerr@GLIBCXX_3.4>
    5562:	48 89 c7             	mov    rdi,rax
    5565:	e8 f6 cf ff ff       	call   2560 <_ZStlsISt11char_traitsIcEERSt13basic_ostreamIcT_ES5_PKc@plt>
    556a:	48 89 c2             	mov    rdx,rax
    556d:	48 8b 85 48 fa ff ff 	mov    rax,QWORD PTR [rbp-0x5b8]
    5574:	48 89 c6             	mov    rsi,rax
    5577:	48 89 d7             	mov    rdi,rdx
    557a:	e8 a1 ce ff ff       	call   2420 <_ZNSolsEm@plt>
    557f:	48 89 c2             	mov    rdx,rax
    5582:	48 8d 05 58 6f 00 00 	lea    rax,[rip+0x6f58]        # c4e1 <_ZStL19piecewise_construct+0x4d9>
    5589:	48 89 c6             	mov    rsi,rax
    558c:	48 89 d7             	mov    rdi,rdx
    558f:	e8 cc cf ff ff       	call   2560 <_ZStlsISt11char_traitsIcEERSt13basic_ostreamIcT_ES5_PKc@plt>
    5594:	48 89 c2             	mov    rdx,rax
    5597:	48 8b 85 58 fb ff ff 	mov    rax,QWORD PTR [rbp-0x4a8]
    559e:	48 89 c6             	mov    rsi,rax
    55a1:	48 89 d7             	mov    rdi,rdx
    55a4:	e8 77 ce ff ff       	call   2420 <_ZNSolsEm@plt>
    55a9:	48 89 c2             	mov    rdx,rax
    55ac:	48 8d 05 ee 6d 00 00 	lea    rax,[rip+0x6dee]        # c3a1 <_ZStL19piecewise_construct+0x399>
    55b3:	48 89 c6             	mov    rsi,rax
    55b6:	48 89 d7             	mov    rdi,rdx
    55b9:	e8 a2 cf ff ff       	call   2560 <_ZStlsISt11char_traitsIcEERSt13basic_ostreamIcT_ES5_PKc@plt>
    55be:	48 8d 05 30 6f 00 00 	lea    rax,[rip+0x6f30]        # c4f5 <_ZStL19piecewise_construct+0x4ed>
    55c5:	48 89 c6             	mov    rsi,rax
    55c8:	48 8d 05 71 aa 00 00 	lea    rax,[rip+0xaa71]        # 10040 <_ZSt4cerr@GLIBCXX_3.4>
    55cf:	48 89 c7             	mov    rdi,rax
    55d2:	e8 89 cf ff ff       	call   2560 <_ZStlsISt11char_traitsIcEERSt13basic_ostreamIcT_ES5_PKc@plt>
    55d7:	48 89 c2             	mov    rdx,rax
    55da:	48 8b 85 50 fa ff ff 	mov    rax,QWORD PTR [rbp-0x5b0]
    55e1:	48 89 c6             	mov    rsi,rax
    55e4:	48 89 d7             	mov    rdi,rdx
    55e7:	e8 34 ce ff ff       	call   2420 <_ZNSolsEm@plt>
    55ec:	48 89 c2             	mov    rdx,rax
    55ef:	48 8d 05 15 6f 00 00 	lea    rax,[rip+0x6f15]        # c50b <_ZStL19piecewise_construct+0x503>
    55f6:	48 89 c6             	mov    rsi,rax
    55f9:	48 89 d7             	mov    rdi,rdx
    55fc:	e8 5f cf ff ff       	call   2560 <_ZStlsISt11char_traitsIcEERSt13basic_ostreamIcT_ES5_PKc@plt>
    5601:	48 8d 85 d0 fa ff ff 	lea    rax,[rbp-0x530]
    5608:	48 8d 88 98 00 00 00 	lea    rcx,[rax+0x98]
    560f:	48 8d 85 e0 fb ff ff 	lea    rax,[rbp-0x420]
    5616:	ba 10 00 00 00       	mov    edx,0x10
    561b:	48 89 ce             	mov    rsi,rcx
    561e:	48 89 c7             	mov    rdi,rax
    5621:	e8 3a d1 ff ff       	call   2760 <_ZNSt14basic_ofstreamIcSt11char_traitsIcEEC1ERKNSt7__cxx1112basic_stringIcS1_SaIcEEESt13_Ios_Openmode@plt>
    5626:	48 8d 85 e0 fb ff ff 	lea    rax,[rbp-0x420]
    562d:	48 8d 15 e4 6e 00 00 	lea    rdx,[rip+0x6ee4]        # c518 <_ZStL19piecewise_construct+0x510>
    5634:	48 89 d6             	mov    rsi,rdx
    5637:	48 89 c7             	mov    rdi,rax
    563a:	e8 21 cf ff ff       	call   2560 <_ZStlsISt11char_traitsIcEERSt13basic_ostreamIcT_ES5_PKc@plt>
    563f:	48 8d 85 e0 fd ff ff 	lea    rax,[rbp-0x220]
    5646:	48 89 c7             	mov    rdi,rax
    5649:	e8 c2 d0 ff ff       	call   2710 <_ZNSt14basic_ofstreamIcSt11char_traitsIcEEC1Ev@plt>
    564e:	48 8d 85 d0 fa ff ff 	lea    rax,[rbp-0x530]
    5655:	48 05 b8 00 00 00    	add    rax,0xb8
    565b:	48 89 c7             	mov    rdi,rax
    565e:	e8 9d d0 ff ff       	call   2700 <_ZNKSt7__cxx1112basic_stringIcSt11char_traitsIcESaIcEE5emptyEv@plt>
    5663:	83 f0 01             	xor    eax,0x1
    5666:	84 c0                	test   al,al
    5668:	74 23                	je     568d <main+0x449>
    566a:	48 8d 85 d0 fa ff ff 	lea    rax,[rbp-0x530]
    5671:	48 05 d8 00 00 00    	add    rax,0xd8
    5677:	48 89 c7             	mov    rdi,rax
    567a:	e8 87 11 00 00       	call   6806 <_ZNKSt6vectorImSaImEE5emptyEv>
    567f:	83 f0 01             	xor    eax,0x1
    5682:	84 c0                	test   al,al
    5684:	74 07                	je     568d <main+0x449>
    5686:	b8 01 00 00 00       	mov    eax,0x1
    568b:	eb 05                	jmp    5692 <main+0x44e>
    568d:	b8 00 00 00 00       	mov    eax,0x0
    5692:	88 85 3e fa ff ff    	mov    BYTE PTR [rbp-0x5c2],al
    5698:	80 bd 3e fa ff ff 00 	cmp    BYTE PTR [rbp-0x5c2],0x0
    569f:	74 3e                	je     56df <main+0x49b>
    56a1:	48 8d 85 d0 fa ff ff 	lea    rax,[rbp-0x530]
    56a8:	48 8d 88 b8 00 00 00 	lea    rcx,[rax+0xb8]
    56af:	48 8d 85 e0 fd ff ff 	lea    rax,[rbp-0x220]
    56b6:	ba 10 00 00 00       	mov    edx,0x10
    56bb:	48 89 ce             	mov    rsi,rcx
    56be:	48 89 c7             	mov    rdi,rax
    56c1:	e8 ea cd ff ff       	call   24b0 <_ZNSt14basic_ofstreamIcSt11char_traitsIcEE4openERKNSt7__cxx1112basic_stringIcS1_SaIcEEESt13_Ios_Openmode@plt>
    56c6:	48 8d 85 e0 fd ff ff 	lea    rax,[rbp-0x220]
    56cd:	48 8d 15 6b 6e 00 00 	lea    rdx,[rip+0x6e6b]        # c53f <_ZStL19piecewise_construct+0x537>
    56d4:	48 89 d6             	mov    rsi,rdx
    56d7:	48 89 c7             	mov    rdi,rax
    56da:	e8 81 ce ff ff       	call   2560 <_ZStlsISt11char_traitsIcEERSt13basic_ostreamIcT_ES5_PKc@plt>
    56df:	48 8d 85 b0 fa ff ff 	lea    rax,[rbp-0x550]
    56e6:	48 89 c7             	mov    rdi,rax
    56e9:	e8 58 06 00 00       	call   5d46 <_ZNSt6vectorImSaImEEC1Ev>
    56ee:	48 8d 85 d0 fa ff ff 	lea    rax,[rbp-0x530]
    56f5:	48 05 f0 00 00 00    	add    rax,0xf0
    56fb:	48 89 c7             	mov    rdi,rax
    56fe:	e8 03 11 00 00       	call   6806 <_ZNKSt6vectorImSaImEE5emptyEv>
    5703:	83 f0 01             	xor    eax,0x1
    5706:	84 c0                	test   al,al
    5708:	74 22                	je     572c <main+0x4e8>
    570a:	48 8d 85 d0 fa ff ff 	lea    rax,[rbp-0x530]
    5711:	48 8d 90 f0 00 00 00 	lea    rdx,[rax+0xf0]
    5718:	48 8d 85 b0 fa ff ff 	lea    rax,[rbp-0x550]
    571f:	48 89 d6             	mov    rsi,rdx
    5722:	48 89 c7             	mov    rdi,rax
    5725:	e8 44 11 00 00       	call   686e <_ZNSt6vectorImSaImEEaSERKS1_>
    572a:	eb 4b                	jmp    5777 <main+0x533>
    572c:	48 c7 85 a0 fa ff ff 	mov    QWORD PTR [rbp-0x560],0x1
    5733:	01 00 00 00 
    5737:	eb 2b                	jmp    5764 <main+0x520>
    5739:	48 8d 95 a0 fa ff ff 	lea    rdx,[rbp-0x560]
    5740:	48 8d 85 b0 fa ff ff 	lea    rax,[rbp-0x550]
    5747:	48 89 d6             	mov    rsi,rdx
    574a:	48 89 c7             	mov    rdi,rax
    574d:	e8 ee 0e 00 00       	call   6640 <_ZNSt6vectorImSaImEE9push_backERKm>
    5752:	48 8b 85 a0 fa ff ff 	mov    rax,QWORD PTR [rbp-0x560]
    5759:	48 83 c0 01          	add    rax,0x1
    575d:	48 89 85 a0 fa ff ff 	mov    QWORD PTR [rbp-0x560],rax
    5764:	48 8b 95 40 fb ff ff 	mov    rdx,QWORD PTR [rbp-0x4c0]
    576b:	48 8b 85 a0 fa ff ff 	mov    rax,QWORD PTR [rbp-0x560]
    5772:	48 39 c2             	cmp    rdx,rax
    5775:	73 c2                	jae    5739 <main+0x4f5>
    5777:	48 8d 85 b0 fa ff ff 	lea    rax,[rbp-0x550]
    577e:	48 89 85 98 fa ff ff 	mov    QWORD PTR [rbp-0x568],rax
    5785:	48 8b 85 98 fa ff ff 	mov    rax,QWORD PTR [rbp-0x568]
    578c:	48 89 c7             	mov    rdi,rax
    578f:	e8 aa 0a 00 00       	call   623e <_ZNSt6vectorImSaImEE5beginEv>
    5794:	48 89 85 60 fa ff ff 	mov    QWORD PTR [rbp-0x5a0],rax
    579b:	48 8b 85 98 fa ff ff 	mov    rax,QWORD PTR [rbp-0x568]
    57a2:	48 89 c7             	mov    rdi,rax
    57a5:	e8 e0 0a 00 00       	call   628a <_ZNSt6vectorImSaImEE3endEv>
    57aa:	48 89 85 68 fa ff ff 	mov    QWORD PTR [rbp-0x598],rax
    57b1:	e9 81 02 00 00       	jmp    5a37 <main+0x7f3>
    57b6:	48 8d 85 60 fa ff ff 	lea    rax,[rbp-0x5a0]
    57bd:	48 89 c7             	mov    rdi,rax
    57c0:	e8 03 10 00 00       	call   67c8 <_ZNK9__gnu_cxx17__normal_iteratorIPmSt6vectorImSaImEEEdeEv>
    57c5:	48 8b 00             	mov    rax,QWORD PTR [rax]
    57c8:	48 89 85 58 fa ff ff 	mov    QWORD PTR [rbp-0x5a8],rax
    57cf:	80 bd 3e fa ff ff 00 	cmp    BYTE PTR [rbp-0x5c2],0x0
    57d6:	0f 84 8c 00 00 00    	je     5868 <main+0x624>
    57dc:	48 8d 85 d0 fa ff ff 	lea    rax,[rbp-0x530]
    57e3:	48 05 d8 00 00 00    	add    rax,0xd8
    57e9:	48 89 c7             	mov    rdi,rax
    57ec:	e8 99 0a 00 00       	call   628a <_ZNSt6vectorImSaImEE3endEv>
    57f1:	48 89 85 a0 fa ff ff 	mov    QWORD PTR [rbp-0x560],rax
    57f8:	48 8d 85 d0 fa ff ff 	lea    rax,[rbp-0x530]
    57ff:	48 05 d8 00 00 00    	add    rax,0xd8
    5805:	48 89 c7             	mov    rdi,rax
    5808:	e8 7d 0a 00 00       	call   628a <_ZNSt6vectorImSaImEE3endEv>
    580d:	48 89 c3             	mov    rbx,rax
    5810:	48 8d 85 d0 fa ff ff 	lea    rax,[rbp-0x530]
    5817:	48 05 d8 00 00 00    	add    rax,0xd8
    581d:	48 89 c7             	mov    rdi,rax
    5820:	e8 19 0a 00 00       	call   623e <_ZNSt6vectorImSaImEE5beginEv>
    5825:	48 89 c1             	mov    rcx,rax
    5828:	48 8d 85 58 fa ff ff 	lea    rax,[rbp-0x5a8]
    582f:	48 89 c2             	mov    rdx,rax
    5832:	48 89 de             	mov    rsi,rbx
    5835:	48 89 cf             	mov    rdi,rcx
    5838:	e8 6a 14 00 00       	call   6ca7 <_ZSt4findIN9__gnu_cxx17__normal_iteratorIPmSt6vectorImSaImEEEEmET_S7_S7_RKT0_>
    583d:	48 89 85 70 fa ff ff 	mov    QWORD PTR [rbp-0x590],rax
    5844:	48 8d 95 a0 fa ff ff 	lea    rdx,[rbp-0x560]
    584b:	48 8d 85 70 fa ff ff 	lea    rax,[rbp-0x590]
    5852:	48 89 d6             	mov    rsi,rdx
    5855:	48 89 c7             	mov    rdi,rax
    5858:	e8 08 0f 00 00       	call   6765 <_ZN9__gnu_cxxneIPmSt6vectorImSaImEEEEbRKNS_17__normal_iteratorIT_T0_EESA_>
    585d:	84 c0                	test   al,al
    585f:	74 07                	je     5868 <main+0x624>
    5861:	b8 01 00 00 00       	mov    eax,0x1
    5866:	eb 05                	jmp    586d <main+0x629>
    5868:	b8 00 00 00 00       	mov    eax,0x0
    586d:	88 85 3f fa ff ff    	mov    BYTE PTR [rbp-0x5c1],al
    5873:	80 bd 3f fa ff ff 00 	cmp    BYTE PTR [rbp-0x5c1],0x0
    587a:	74 09                	je     5885 <main+0x641>
    587c:	48 8d bd e0 fd ff ff 	lea    rdi,[rbp-0x220]
    5883:	eb 05                	jmp    588a <main+0x646>
    5885:	bf 00 00 00 00       	mov    edi,0x0
    588a:	8b 95 60 fb ff ff    	mov    edx,DWORD PTR [rbp-0x4a0]
    5890:	48 8b 85 58 fa ff ff 	mov    rax,QWORD PTR [rbp-0x5a8]
    5897:	6b c0 64             	imul   eax,eax,0x64
    589a:	44 8d 14 02          	lea    r10d,[rdx+rax*1]
    589e:	4c 8b 8d 50 fa ff ff 	mov    r9,QWORD PTR [rbp-0x5b0]
    58a5:	4c 8b 85 48 fa ff ff 	mov    r8,QWORD PTR [rbp-0x5b8]
    58ac:	48 8b 9d 58 fb ff ff 	mov    rbx,QWORD PTR [rbp-0x4a8]
    58b3:	4c 8b 9d 50 fb ff ff 	mov    r11,QWORD PTR [rbp-0x4b0]
    58ba:	48 8b 8d 48 fb ff ff 	mov    rcx,QWORD PTR [rbp-0x4b8]
    58c1:	48 8b 95 58 fa ff ff 	mov    rdx,QWORD PTR [rbp-0x5a8]
    58c8:	48 8b b5 78 fa ff ff 	mov    rsi,QWORD PTR [rbp-0x588]
    58cf:	48 8b 85 90 fa ff ff 	mov    rax,QWORD PTR [rbp-0x570]
    58d6:	57                   	push   rdi
    58d7:	41 52                	push   r10
    58d9:	41 51                	push   r9
    58db:	41 50                	push   r8
    58dd:	49 89 d9             	mov    r9,rbx
    58e0:	4d 89 d8             	mov    r8,r11
    58e3:	48 89 c7             	mov    rdi,rax
    58e6:	e8 42 ee ff ff       	call   472d <_Z9measure_KP4NodemmmmmmmjPSt14basic_ofstreamIcSt11char_traitsIcEE>
    58eb:	48 83 c4 20          	add    rsp,0x20
    58ef:	66 48 0f 7e c0       	movq   rax,xmm0
    58f4:	66 0f 28 c1          	movapd xmm0,xmm1
    58f8:	48 89 85 a0 fa ff ff 	mov    QWORD PTR [rbp-0x560],rax
    58ff:	f2 0f 11 85 a8 fa ff 	movsd  QWORD PTR [rbp-0x558],xmm0
    5906:	ff 
    5907:	48 8b 95 58 fa ff ff 	mov    rdx,QWORD PTR [rbp-0x5a8]
    590e:	48 8d 85 e0 fb ff ff 	lea    rax,[rbp-0x420]
    5915:	48 89 d6             	mov    rsi,rdx
    5918:	48 89 c7             	mov    rdi,rax
    591b:	e8 00 cb ff ff       	call   2420 <_ZNSolsEm@plt>
    5920:	48 89 c2             	mov    rdx,rax
    5923:	48 8d 05 26 68 00 00 	lea    rax,[rip+0x6826]        # c150 <_ZStL19piecewise_construct+0x148>
    592a:	48 89 c6             	mov    rsi,rax
    592d:	48 89 d7             	mov    rdi,rdx
    5930:	e8 2b cc ff ff       	call   2560 <_ZStlsISt11char_traitsIcEERSt13basic_ostreamIcT_ES5_PKc@plt>
    5935:	48 89 c2             	mov    rdx,rax
    5938:	48 8b 85 a0 fa ff ff 	mov    rax,QWORD PTR [rbp-0x560]
    593f:	66 48 0f 6e c0       	movq   xmm0,rax
    5944:	48 89 d7             	mov    rdi,rdx
    5947:	e8 04 ce ff ff       	call   2750 <_ZNSolsEd@plt>
    594c:	48 89 c2             	mov    rdx,rax
    594f:	48 8d 05 fa 67 00 00 	lea    rax,[rip+0x67fa]        # c150 <_ZStL19piecewise_construct+0x148>
    5956:	48 89 c6             	mov    rsi,rax
    5959:	48 89 d7             	mov    rdi,rdx
    595c:	e8 ff cb ff ff       	call   2560 <_ZStlsISt11char_traitsIcEERSt13basic_ostreamIcT_ES5_PKc@plt>
    5961:	48 89 c2             	mov    rdx,rax
    5964:	48 8b 85 a8 fa ff ff 	mov    rax,QWORD PTR [rbp-0x558]
    596b:	66 48 0f 6e c0       	movq   xmm0,rax
    5970:	48 89 d7             	mov    rdi,rdx
    5973:	e8 d8 cd ff ff       	call   2750 <_ZNSolsEd@plt>
    5978:	48 89 c2             	mov    rdx,rax
    597b:	48 8d 05 ba 69 00 00 	lea    rax,[rip+0x69ba]        # c33c <_ZStL19piecewise_construct+0x334>
    5982:	48 89 c6             	mov    rsi,rax
    5985:	48 89 d7             	mov    rdi,rdx
    5988:	e8 d3 cb ff ff       	call   2560 <_ZStlsISt11char_traitsIcEERSt13basic_ostreamIcT_ES5_PKc@plt>
    598d:	48 8d 05 c1 6b 00 00 	lea    rax,[rip+0x6bc1]        # c555 <_ZStL19piecewise_construct+0x54d>
    5994:	48 89 c6             	mov    rsi,rax
    5997:	48 8d 05 a2 a6 00 00 	lea    rax,[rip+0xa6a2]        # 10040 <_ZSt4cerr@GLIBCXX_3.4>
    599e:	48 89 c7             	mov    rdi,rax
    59a1:	e8 ba cb ff ff       	call   2560 <_ZStlsISt11char_traitsIcEERSt13basic_ostreamIcT_ES5_PKc@plt>
    59a6:	48 89 c2             	mov    rdx,rax
    59a9:	48 8b 85 58 fa ff ff 	mov    rax,QWORD PTR [rbp-0x5a8]
    59b0:	48 89 c6             	mov    rsi,rax
    59b3:	48 89 d7             	mov    rdi,rdx
    59b6:	e8 65 ca ff ff       	call   2420 <_ZNSolsEm@plt>
    59bb:	48 89 c2             	mov    rdx,rax
    59be:	48 8d 05 93 6b 00 00 	lea    rax,[rip+0x6b93]        # c558 <_ZStL19piecewise_construct+0x550>
    59c5:	48 89 c6             	mov    rsi,rax
    59c8:	48 89 d7             	mov    rdi,rdx
    59cb:	e8 90 cb ff ff       	call   2560 <_ZStlsISt11char_traitsIcEERSt13basic_ostreamIcT_ES5_PKc@plt>
    59d0:	48 89 c2             	mov    rdx,rax
    59d3:	48 8b 85 a0 fa ff ff 	mov    rax,QWORD PTR [rbp-0x560]
    59da:	66 48 0f 6e c0       	movq   xmm0,rax
    59df:	48 89 d7             	mov    rdi,rdx
    59e2:	e8 69 cd ff ff       	call   2750 <_ZNSolsEd@plt>
    59e7:	48 89 c2             	mov    rdx,rax
    59ea:	48 8d 05 6b 6b 00 00 	lea    rax,[rip+0x6b6b]        # c55c <_ZStL19piecewise_construct+0x554>
    59f1:	48 89 c6             	mov    rsi,rax
    59f4:	48 89 d7             	mov    rdi,rdx
    59f7:	e8 64 cb ff ff       	call   2560 <_ZStlsISt11char_traitsIcEERSt13basic_ostreamIcT_ES5_PKc@plt>
    59fc:	48 89 c2             	mov    rdx,rax
    59ff:	48 8b 85 a8 fa ff ff 	mov    rax,QWORD PTR [rbp-0x558]
    5a06:	66 48 0f 6e c0       	movq   xmm0,rax
    5a0b:	48 89 d7             	mov    rdi,rdx
    5a0e:	e8 3d cd ff ff       	call   2750 <_ZNSolsEd@plt>
    5a13:	48 89 c2             	mov    rdx,rax
    5a16:	48 8d 05 1f 69 00 00 	lea    rax,[rip+0x691f]        # c33c <_ZStL19piecewise_construct+0x334>
    5a1d:	48 89 c6             	mov    rsi,rax
    5a20:	48 89 d7             	mov    rdi,rdx
    5a23:	e8 38 cb ff ff       	call   2560 <_ZStlsISt11char_traitsIcEERSt13basic_ostreamIcT_ES5_PKc@plt>
    5a28:	48 8d 85 60 fa ff ff 	lea    rax,[rbp-0x5a0]
    5a2f:	48 89 c7             	mov    rdi,rax
    5a32:	e8 6d 0d 00 00       	call   67a4 <_ZN9__gnu_cxx17__normal_iteratorIPmSt6vectorImSaImEEEppEv>
    5a37:	48 8d 95 68 fa ff ff 	lea    rdx,[rbp-0x598]
    5a3e:	48 8d 85 60 fa ff ff 	lea    rax,[rbp-0x5a0]
    5a45:	48 89 d6             	mov    rsi,rdx
    5a48:	48 89 c7             	mov    rdi,rax
    5a4b:	e8 15 0d 00 00       	call   6765 <_ZN9__gnu_cxxneIPmSt6vectorImSaImEEEEbRKNS_17__normal_iteratorIT_T0_EESA_>
    5a50:	84 c0                	test   al,al
    5a52:	0f 85 5e fd ff ff    	jne    57b6 <main+0x572>
    5a58:	48 8d 85 e0 fb ff ff 	lea    rax,[rbp-0x420]
    5a5f:	48 89 c7             	mov    rdi,rax
    5a62:	e8 09 cc ff ff       	call   2670 <_ZNSt14basic_ofstreamIcSt11char_traitsIcEE5closeEv@plt>
    5a67:	80 bd 3e fa ff ff 00 	cmp    BYTE PTR [rbp-0x5c2],0x0
    5a6e:	74 0f                	je     5a7f <main+0x83b>
    5a70:	48 8d 85 e0 fd ff ff 	lea    rax,[rbp-0x220]
    5a77:	48 89 c7             	mov    rdi,rax
    5a7a:	e8 f1 cb ff ff       	call   2670 <_ZNSt14basic_ofstreamIcSt11char_traitsIcEE5closeEv@plt>
    5a7f:	48 8b 95 40 fa ff ff 	mov    rdx,QWORD PTR [rbp-0x5c0]
    5a86:	48 8b 85 88 fa ff ff 	mov    rax,QWORD PTR [rbp-0x578]
    5a8d:	48 89 d6             	mov    rsi,rdx
    5a90:	48 89 c7             	mov    rdi,rax
    5a93:	e8 48 ca ff ff       	call   24e0 <munmap@plt>
    5a98:	bb 00 00 00 00       	mov    ebx,0x0
    5a9d:	48 8d 85 b0 fa ff ff 	lea    rax,[rbp-0x550]
    5aa4:	48 89 c7             	mov    rdi,rax
    5aa7:	e8 80 05 00 00       	call   602c <_ZNSt6vectorImSaImEED1Ev>
    5aac:	48 8d 85 e0 fd ff ff 	lea    rax,[rbp-0x220]
    5ab3:	48 89 c7             	mov    rdi,rax
    5ab6:	e8 05 cc ff ff       	call   26c0 <_ZNSt14basic_ofstreamIcSt11char_traitsIcEED1Ev@plt>
    5abb:	48 8d 85 e0 fb ff ff 	lea    rax,[rbp-0x420]
    5ac2:	48 89 c7             	mov    rdi,rax
    5ac5:	e8 f6 cb ff ff       	call   26c0 <_ZNSt14basic_ofstreamIcSt11char_traitsIcEED1Ev@plt>
    5aca:	48 8d 85 d0 fa ff ff 	lea    rax,[rbp-0x530]
    5ad1:	48 89 c7             	mov    rdi,rax
    5ad4:	e8 8d 02 00 00       	call   5d66 <_ZN6ConfigD1Ev>
    5ad9:	89 d8                	mov    eax,ebx
    5adb:	48 8b 55 e8          	mov    rdx,QWORD PTR [rbp-0x18]
    5adf:	64 48 2b 14 25 28 00 	sub    rdx,QWORD PTR fs:0x28
    5ae6:	00 00 
    5ae8:	0f 84 84 00 00 00    	je     5b72 <main+0x92e>
    5aee:	eb 7d                	jmp    5b6d <main+0x929>
    5af0:	f3 0f 1e fa          	endbr64
    5af4:	48 89 c3             	mov    rbx,rax
    5af7:	48 8d 85 b0 fa ff ff 	lea    rax,[rbp-0x550]
    5afe:	48 89 c7             	mov    rdi,rax
    5b01:	e8 26 05 00 00       	call   602c <_ZNSt6vectorImSaImEED1Ev>
    5b06:	eb 07                	jmp    5b0f <main+0x8cb>
    5b08:	f3 0f 1e fa          	endbr64
    5b0c:	48 89 c3             	mov    rbx,rax
    5b0f:	48 8d 85 e0 fd ff ff 	lea    rax,[rbp-0x220]
    5b16:	48 89 c7             	mov    rdi,rax
    5b19:	e8 a2 cb ff ff       	call   26c0 <_ZNSt14basic_ofstreamIcSt11char_traitsIcEED1Ev@plt>
    5b1e:	eb 07                	jmp    5b27 <main+0x8e3>
    5b20:	f3 0f 1e fa          	endbr64
    5b24:	48 89 c3             	mov    rbx,rax
    5b27:	48 8d 85 e0 fb ff ff 	lea    rax,[rbp-0x420]
    5b2e:	48 89 c7             	mov    rdi,rax
    5b31:	e8 8a cb ff ff       	call   26c0 <_ZNSt14basic_ofstreamIcSt11char_traitsIcEED1Ev@plt>
    5b36:	eb 07                	jmp    5b3f <main+0x8fb>
    5b38:	f3 0f 1e fa          	endbr64
    5b3c:	48 89 c3             	mov    rbx,rax
    5b3f:	48 8d 85 d0 fa ff ff 	lea    rax,[rbp-0x530]
    5b46:	48 89 c7             	mov    rdi,rax
    5b49:	e8 18 02 00 00       	call   5d66 <_ZN6ConfigD1Ev>
    5b4e:	48 89 d8             	mov    rax,rbx
    5b51:	48 8b 55 e8          	mov    rdx,QWORD PTR [rbp-0x18]
    5b55:	64 48 2b 14 25 28 00 	sub    rdx,QWORD PTR fs:0x28
    5b5c:	00 00 
    5b5e:	74 05                	je     5b65 <main+0x921>
    5b60:	e8 3b ca ff ff       	call   25a0 <__stack_chk_fail@plt>
    5b65:	48 89 c7             	mov    rdi,rax
    5b68:	e8 c3 cb ff ff       	call   2730 <_Unwind_Resume@plt>
    5b6d:	e8 2e ca ff ff       	call   25a0 <__stack_chk_fail@plt>
    5b72:	48 8b 5d f8          	mov    rbx,QWORD PTR [rbp-0x8]
    5b76:	c9                   	leave
    5b77:	c3                   	ret

0000000000005b78 <_Z41__static_initialization_and_destruction_0v>:
    5b78:	f3 0f 1e fa          	endbr64
    5b7c:	55                   	push   rbp
    5b7d:	48 89 e5             	mov    rbp,rsp
    5b80:	48 8d 05 99 a6 00 00 	lea    rax,[rip+0xa699]        # 10220 <_ZL11counts_path>
    5b87:	48 89 c7             	mov    rdi,rax
    5b8a:	e8 c1 ca ff ff       	call   2650 <_ZNSt7__cxx1112basic_stringIcSt11char_traitsIcESaIcEEC1Ev@plt>
    5b8f:	48 8d 05 72 a4 00 00 	lea    rax,[rip+0xa472]        # 10008 <__dso_handle>
    5b96:	48 89 c2             	mov    rdx,rax
    5b99:	48 8d 05 80 a6 00 00 	lea    rax,[rip+0xa680]        # 10220 <_ZL11counts_path>
    5ba0:	48 89 c6             	mov    rsi,rax
    5ba3:	48 8b 05 26 a4 00 00 	mov    rax,QWORD PTR [rip+0xa426]        # ffd0 <_ZNSt7__cxx1112basic_stringIcSt11char_traitsIcESaIcEED1Ev@GLIBCXX_3.4.21>
    5baa:	48 89 c7             	mov    rdi,rax
    5bad:	e8 7e c9 ff ff       	call   2530 <__cxa_atexit@plt>
    5bb2:	48 8d 05 87 a6 00 00 	lea    rax,[rip+0xa687]        # 10240 <_ZL10ticks_path>
    5bb9:	48 89 c7             	mov    rdi,rax
    5bbc:	e8 8f ca ff ff       	call   2650 <_ZNSt7__cxx1112basic_stringIcSt11char_traitsIcESaIcEEC1Ev@plt>
    5bc1:	48 8d 05 40 a4 00 00 	lea    rax,[rip+0xa440]        # 10008 <__dso_handle>
    5bc8:	48 89 c2             	mov    rdx,rax
    5bcb:	48 8d 05 6e a6 00 00 	lea    rax,[rip+0xa66e]        # 10240 <_ZL10ticks_path>
    5bd2:	48 89 c6             	mov    rsi,rax
    5bd5:	48 8b 05 f4 a3 00 00 	mov    rax,QWORD PTR [rip+0xa3f4]        # ffd0 <_ZNSt7__cxx1112basic_stringIcSt11char_traitsIcESaIcEED1Ev@GLIBCXX_3.4.21>
    5bdc:	48 89 c7             	mov    rdi,rax
    5bdf:	e8 4c c9 ff ff       	call   2530 <__cxa_atexit@plt>
    5be4:	90                   	nop
    5be5:	5d                   	pop    rbp
    5be6:	c3                   	ret

0000000000005be7 <_GLOBAL__sub_I__Z10parse_argsiPPcR6Config>:
    5be7:	f3 0f 1e fa          	endbr64
    5beb:	55                   	push   rbp
    5bec:	48 89 e5             	mov    rbp,rsp
    5bef:	e8 84 ff ff ff       	call   5b78 <_Z41__static_initialization_and_destruction_0v>
    5bf4:	5d                   	pop    rbp
    5bf5:	c3                   	ret

0000000000005bf6 <_ZSt23__is_constant_evaluatedv>:
    5bf6:	f3 0f 1e fa          	endbr64
    5bfa:	55                   	push   rbp
    5bfb:	48 89 e5             	mov    rbp,rsp
    5bfe:	b8 00 00 00 00       	mov    eax,0x0
    5c03:	5d                   	pop    rbp
    5c04:	c3                   	ret

0000000000005c05 <_ZnwmPv>:
    5c05:	f3 0f 1e fa          	endbr64
    5c09:	55                   	push   rbp
    5c0a:	48 89 e5             	mov    rbp,rsp
    5c0d:	48 89 7d f8          	mov    QWORD PTR [rbp-0x8],rdi
    5c11:	48 89 75 f0          	mov    QWORD PTR [rbp-0x10],rsi
    5c15:	48 8b 45 f0          	mov    rax,QWORD PTR [rbp-0x10]
    5c19:	5d                   	pop    rbp
    5c1a:	c3                   	ret

0000000000005c1b <_ZNSt11char_traitsIcE7compareEPKcS2_m>:
    5c1b:	f3 0f 1e fa          	endbr64
    5c1f:	55                   	push   rbp
    5c20:	48 89 e5             	mov    rbp,rsp
    5c23:	48 83 ec 20          	sub    rsp,0x20
    5c27:	48 89 7d f8          	mov    QWORD PTR [rbp-0x8],rdi
    5c2b:	48 89 75 f0          	mov    QWORD PTR [rbp-0x10],rsi
    5c2f:	48 89 55 e8          	mov    QWORD PTR [rbp-0x18],rdx
    5c33:	48 83 7d e8 00       	cmp    QWORD PTR [rbp-0x18],0x0
    5c38:	75 07                	jne    5c41 <_ZNSt11char_traitsIcE7compareEPKcS2_m+0x26>
    5c3a:	b8 00 00 00 00       	mov    eax,0x0
    5c3f:	eb 18                	jmp    5c59 <_ZNSt11char_traitsIcE7compareEPKcS2_m+0x3e>
    5c41:	48 8b 55 e8          	mov    rdx,QWORD PTR [rbp-0x18]
    5c45:	48 8b 4d f0          	mov    rcx,QWORD PTR [rbp-0x10]
    5c49:	48 8b 45 f8          	mov    rax,QWORD PTR [rbp-0x8]
    5c4d:	48 89 ce             	mov    rsi,rcx
    5c50:	48 89 c7             	mov    rdi,rax
    5c53:	e8 38 c8 ff ff       	call   2490 <memcmp@plt>
    5c58:	90                   	nop
    5c59:	c9                   	leave
    5c5a:	c3                   	ret

0000000000005c5b <_ZNSt11char_traitsIcE6lengthEPKc>:
    5c5b:	f3 0f 1e fa          	endbr64
    5c5f:	55                   	push   rbp
    5c60:	48 89 e5             	mov    rbp,rsp
    5c63:	48 83 ec 10          	sub    rsp,0x10
    5c67:	48 89 7d f8          	mov    QWORD PTR [rbp-0x8],rdi
    5c6b:	48 8b 45 f8          	mov    rax,QWORD PTR [rbp-0x8]
    5c6f:	48 89 c7             	mov    rdi,rax
    5c72:	e8 09 c8 ff ff       	call   2480 <strlen@plt>
    5c77:	c9                   	leave
    5c78:	c3                   	ret

0000000000005c79 <_ZN9__gnu_cxx5__ops16__iter_less_iterEv>:
    5c79:	f3 0f 1e fa          	endbr64
    5c7d:	55                   	push   rbp
    5c7e:	48 89 e5             	mov    rbp,rsp
    5c81:	90                   	nop
    5c82:	5d                   	pop    rbp
    5c83:	c3                   	ret

0000000000005c84 <_ZN9__gnu_cxx5__ops14_Iter_less_valC1ENS0_15_Iter_less_iterE>:
    5c84:	f3 0f 1e fa          	endbr64
    5c88:	55                   	push   rbp
    5c89:	48 89 e5             	mov    rbp,rsp
    5c8c:	48 89 7d f8          	mov    QWORD PTR [rbp-0x8],rdi
    5c90:	90                   	nop
    5c91:	5d                   	pop    rbp
    5c92:	c3                   	ret

0000000000005c93 <_ZN9__gnu_cxx5__ops15__val_comp_iterENS0_15_Iter_less_iterE>:
    5c93:	f3 0f 1e fa          	endbr64
    5c97:	55                   	push   rbp
    5c98:	48 89 e5             	mov    rbp,rsp
    5c9b:	90                   	nop
    5c9c:	5d                   	pop    rbp
    5c9d:	c3                   	ret

0000000000005c9e <_ZSt17__size_to_integerm>:
    5c9e:	f3 0f 1e fa          	endbr64
    5ca2:	55                   	push   rbp
    5ca3:	48 89 e5             	mov    rbp,rsp
    5ca6:	48 89 7d f8          	mov    QWORD PTR [rbp-0x8],rdi
    5caa:	48 8b 45 f8          	mov    rax,QWORD PTR [rbp-0x8]
    5cae:	5d                   	pop    rbp
    5caf:	c3                   	ret

0000000000005cb0 <_ZNSt7__cxx115stoulERKNS_12basic_stringIcSt11char_traitsIcESaIcEEEPmi>:
    5cb0:	f3 0f 1e fa          	endbr64
    5cb4:	55                   	push   rbp
    5cb5:	48 89 e5             	mov    rbp,rsp
    5cb8:	48 83 ec 20          	sub    rsp,0x20
    5cbc:	48 89 7d f8          	mov    QWORD PTR [rbp-0x8],rdi
    5cc0:	48 89 75 f0          	mov    QWORD PTR [rbp-0x10],rsi
    5cc4:	89 55 ec             	mov    DWORD PTR [rbp-0x14],edx
    5cc7:	48 8b 45 f8          	mov    rax,QWORD PTR [rbp-0x8]
    5ccb:	48 89 c7             	mov    rdi,rax
    5cce:	e8 9d c7 ff ff       	call   2470 <_ZNKSt7__cxx1112basic_stringIcSt11char_traitsIcESaIcEE5c_strEv@plt>
    5cd3:	48 89 c2             	mov    rdx,rax
    5cd6:	8b 4d ec             	mov    ecx,DWORD PTR [rbp-0x14]
    5cd9:	48 8b 45 f0          	mov    rax,QWORD PTR [rbp-0x10]
    5cdd:	41 89 c8             	mov    r8d,ecx
    5ce0:	48 89 c1             	mov    rcx,rax
    5ce3:	48 8d 05 1f 63 00 00 	lea    rax,[rip+0x631f]        # c009 <_ZStL19piecewise_construct+0x1>
    5cea:	48 89 c6             	mov    rsi,rax
    5ced:	48 8b 05 ec a2 00 00 	mov    rax,QWORD PTR [rip+0xa2ec]        # ffe0 <__isoc23_strtoul@GLIBC_2.38>
    5cf4:	48 89 c7             	mov    rdi,rax
    5cf7:	e8 5c 01 00 00       	call   5e58 <_ZN9__gnu_cxx6__stoaImmcJiEEET0_PFT_PKT1_PPS3_DpT2_EPKcS5_PmS9_>
    5cfc:	c9                   	leave
    5cfd:	c3                   	ret

0000000000005cfe <_ZNSt12_Vector_baseImSaImEE12_Vector_implD1Ev>:
    5cfe:	f3 0f 1e fa          	endbr64
    5d02:	55                   	push   rbp
    5d03:	48 89 e5             	mov    rbp,rsp
    5d06:	48 83 ec 20          	sub    rsp,0x20
    5d0a:	48 89 7d e8          	mov    QWORD PTR [rbp-0x18],rdi
    5d0e:	48 8b 45 e8          	mov    rax,QWORD PTR [rbp-0x18]
    5d12:	48 89 45 f8          	mov    QWORD PTR [rbp-0x8],rax
    5d16:	48 8b 45 f8          	mov    rax,QWORD PTR [rbp-0x8]
    5d1a:	48 89 c7             	mov    rdi,rax
    5d1d:	e8 04 10 00 00       	call   6d26 <_ZNSt15__new_allocatorImED1Ev>
    5d22:	90                   	nop
    5d23:	90                   	nop
    5d24:	c9                   	leave
    5d25:	c3                   	ret

0000000000005d26 <_ZNSt12_Vector_baseImSaImEEC1Ev>:
    5d26:	f3 0f 1e fa          	endbr64
    5d2a:	55                   	push   rbp
    5d2b:	48 89 e5             	mov    rbp,rsp
    5d2e:	48 83 ec 10          	sub    rsp,0x10
    5d32:	48 89 7d f8          	mov    QWORD PTR [rbp-0x8],rdi
    5d36:	48 8b 45 f8          	mov    rax,QWORD PTR [rbp-0x8]
    5d3a:	48 89 c7             	mov    rdi,rax
    5d3d:	e8 66 02 00 00       	call   5fa8 <_ZNSt12_Vector_baseImSaImEE12_Vector_implC1Ev>
    5d42:	90                   	nop
    5d43:	c9                   	leave
    5d44:	c3                   	ret
    5d45:	90                   	nop

0000000000005d46 <_ZNSt6vectorImSaImEEC1Ev>:
    5d46:	f3 0f 1e fa          	endbr64
    5d4a:	55                   	push   rbp
    5d4b:	48 89 e5             	mov    rbp,rsp
    5d4e:	48 83 ec 10          	sub    rsp,0x10
    5d52:	48 89 7d f8          	mov    QWORD PTR [rbp-0x8],rdi
    5d56:	48 8b 45 f8          	mov    rax,QWORD PTR [rbp-0x8]
    5d5a:	48 89 c7             	mov    rdi,rax
    5d5d:	e8 c4 ff ff ff       	call   5d26 <_ZNSt12_Vector_baseImSaImEEC1Ev>
    5d62:	90                   	nop
    5d63:	c9                   	leave
    5d64:	c3                   	ret
    5d65:	90                   	nop

0000000000005d66 <_ZN6ConfigD1Ev>:
    5d66:	f3 0f 1e fa          	endbr64
    5d6a:	55                   	push   rbp
    5d6b:	48 89 e5             	mov    rbp,rsp
    5d6e:	48 83 ec 10          	sub    rsp,0x10
    5d72:	48 89 7d f8          	mov    QWORD PTR [rbp-0x8],rdi
    5d76:	48 8b 45 f8          	mov    rax,QWORD PTR [rbp-0x8]
    5d7a:	48 05 f0 00 00 00    	add    rax,0xf0
    5d80:	48 89 c7             	mov    rdi,rax
    5d83:	e8 a4 02 00 00       	call   602c <_ZNSt6vectorImSaImEED1Ev>
    5d88:	48 8b 45 f8          	mov    rax,QWORD PTR [rbp-0x8]
    5d8c:	48 05 d8 00 00 00    	add    rax,0xd8
    5d92:	48 89 c7             	mov    rdi,rax
    5d95:	e8 92 02 00 00       	call   602c <_ZNSt6vectorImSaImEED1Ev>
    5d9a:	48 8b 45 f8          	mov    rax,QWORD PTR [rbp-0x8]
    5d9e:	48 05 b8 00 00 00    	add    rax,0xb8
    5da4:	48 89 c7             	mov    rdi,rax
    5da7:	e8 34 c6 ff ff       	call   23e0 <_ZNSt7__cxx1112basic_stringIcSt11char_traitsIcESaIcEED1Ev@plt>
    5dac:	48 8b 45 f8          	mov    rax,QWORD PTR [rbp-0x8]
    5db0:	48 05 98 00 00 00    	add    rax,0x98
    5db6:	48 89 c7             	mov    rdi,rax
    5db9:	e8 22 c6 ff ff       	call   23e0 <_ZNSt7__cxx1112basic_stringIcSt11char_traitsIcESaIcEED1Ev@plt>
    5dbe:	48 8b 45 f8          	mov    rax,QWORD PTR [rbp-0x8]
    5dc2:	48 83 c0 40          	add    rax,0x40
    5dc6:	48 89 c7             	mov    rdi,rax
    5dc9:	e8 12 c6 ff ff       	call   23e0 <_ZNSt7__cxx1112basic_stringIcSt11char_traitsIcESaIcEED1Ev@plt>
    5dce:	48 8b 45 f8          	mov    rax,QWORD PTR [rbp-0x8]
    5dd2:	48 83 c0 20          	add    rax,0x20
    5dd6:	48 89 c7             	mov    rdi,rax
    5dd9:	e8 02 c6 ff ff       	call   23e0 <_ZNSt7__cxx1112basic_stringIcSt11char_traitsIcESaIcEED1Ev@plt>
    5dde:	48 8b 45 f8          	mov    rax,QWORD PTR [rbp-0x8]
    5de2:	48 89 c7             	mov    rdi,rax
    5de5:	e8 f6 c5 ff ff       	call   23e0 <_ZNSt7__cxx1112basic_stringIcSt11char_traitsIcESaIcEED1Ev@plt>
    5dea:	90                   	nop
    5deb:	c9                   	leave
    5dec:	c3                   	ret
    5ded:	90                   	nop

0000000000005dee <_ZZN9__gnu_cxx6__stoaImmcJiEEET0_PFT_PKT1_PPS3_DpT2_EPKcS5_PmS9_EN11_Save_errnoC1Ev>:
    5dee:	f3 0f 1e fa          	endbr64
    5df2:	55                   	push   rbp
    5df3:	48 89 e5             	mov    rbp,rsp
    5df6:	48 83 ec 10          	sub    rsp,0x10
    5dfa:	48 89 7d f8          	mov    QWORD PTR [rbp-0x8],rdi
    5dfe:	e8 fd c5 ff ff       	call   2400 <__errno_location@plt>
    5e03:	8b 10                	mov    edx,DWORD PTR [rax]
    5e05:	48 8b 45 f8          	mov    rax,QWORD PTR [rbp-0x8]
    5e09:	89 10                	mov    DWORD PTR [rax],edx
    5e0b:	e8 f0 c5 ff ff       	call   2400 <__errno_location@plt>
    5e10:	c7 00 00 00 00 00    	mov    DWORD PTR [rax],0x0
    5e16:	90                   	nop
    5e17:	c9                   	leave
    5e18:	c3                   	ret
    5e19:	90                   	nop

0000000000005e1a <_ZZN9__gnu_cxx6__stoaImmcJiEEET0_PFT_PKT1_PPS3_DpT2_EPKcS5_PmS9_EN11_Save_errnoD1Ev>:
    5e1a:	f3 0f 1e fa          	endbr64
    5e1e:	55                   	push   rbp
    5e1f:	48 89 e5             	mov    rbp,rsp
    5e22:	48 83 ec 10          	sub    rsp,0x10
    5e26:	48 89 7d f8          	mov    QWORD PTR [rbp-0x8],rdi
    5e2a:	e8 d1 c5 ff ff       	call   2400 <__errno_location@plt>
    5e2f:	8b 00                	mov    eax,DWORD PTR [rax]
    5e31:	85 c0                	test   eax,eax
    5e33:	75 0d                	jne    5e42 <_ZZN9__gnu_cxx6__stoaImmcJiEEET0_PFT_PKT1_PPS3_DpT2_EPKcS5_PmS9_EN11_Save_errnoD1Ev+0x28>
    5e35:	e8 c6 c5 ff ff       	call   2400 <__errno_location@plt>
    5e3a:	48 8b 55 f8          	mov    rdx,QWORD PTR [rbp-0x8]
    5e3e:	8b 12                	mov    edx,DWORD PTR [rdx]
    5e40:	89 10                	mov    DWORD PTR [rax],edx
    5e42:	90                   	nop
    5e43:	c9                   	leave
    5e44:	c3                   	ret

0000000000005e45 <_ZZN9__gnu_cxx6__stoaImmcJiEEET0_PFT_PKT1_PPS3_DpT2_EPKcS5_PmS9_EN10_Range_chk6_S_chkEmSt17integral_constantIbLb0EE>:
    5e45:	f3 0f 1e fa          	endbr64
    5e49:	55                   	push   rbp
    5e4a:	48 89 e5             	mov    rbp,rsp
    5e4d:	48 89 7d f8          	mov    QWORD PTR [rbp-0x8],rdi
    5e51:	b8 00 00 00 00       	mov    eax,0x0
    5e56:	5d                   	pop    rbp
    5e57:	c3                   	ret

0000000000005e58 <_ZN9__gnu_cxx6__stoaImmcJiEEET0_PFT_PKT1_PPS3_DpT2_EPKcS5_PmS9_>:
    5e58:	f3 0f 1e fa          	endbr64
    5e5c:	55                   	push   rbp
    5e5d:	48 89 e5             	mov    rbp,rsp
    5e60:	53                   	push   rbx
    5e61:	48 83 ec 68          	sub    rsp,0x68
    5e65:	48 89 7d b8          	mov    QWORD PTR [rbp-0x48],rdi
    5e69:	48 89 75 b0          	mov    QWORD PTR [rbp-0x50],rsi
    5e6d:	48 89 55 a8          	mov    QWORD PTR [rbp-0x58],rdx
    5e71:	48 89 4d a0          	mov    QWORD PTR [rbp-0x60],rcx
    5e75:	44 89 45 9c          	mov    DWORD PTR [rbp-0x64],r8d
    5e79:	64 48 8b 04 25 28 00 	mov    rax,QWORD PTR fs:0x28
    5e80:	00 00 
    5e82:	48 89 45 e8          	mov    QWORD PTR [rbp-0x18],rax
    5e86:	31 c0                	xor    eax,eax
    5e88:	48 8d 45 cc          	lea    rax,[rbp-0x34]
    5e8c:	48 89 c7             	mov    rdi,rax
    5e8f:	e8 5a ff ff ff       	call   5dee <_ZZN9__gnu_cxx6__stoaImmcJiEEET0_PFT_PKT1_PPS3_DpT2_EPKcS5_PmS9_EN11_Save_errnoC1Ev>
    5e94:	8b 55 9c             	mov    edx,DWORD PTR [rbp-0x64]
    5e97:	48 8d 4d d0          	lea    rcx,[rbp-0x30]
    5e9b:	48 8b 45 a8          	mov    rax,QWORD PTR [rbp-0x58]
    5e9f:	4c 8b 45 b8          	mov    r8,QWORD PTR [rbp-0x48]
    5ea3:	48 89 ce             	mov    rsi,rcx
    5ea6:	48 89 c7             	mov    rdi,rax
    5ea9:	41 ff d0             	call   r8
    5eac:	48 89 45 d8          	mov    QWORD PTR [rbp-0x28],rax
    5eb0:	48 8b 45 d0          	mov    rax,QWORD PTR [rbp-0x30]
    5eb4:	48 39 45 a8          	cmp    QWORD PTR [rbp-0x58],rax
    5eb8:	75 20                	jne    5eda <_ZN9__gnu_cxx6__stoaImmcJiEEET0_PFT_PKT1_PPS3_DpT2_EPKcS5_PmS9_+0x82>
    5eba:	48 8b 45 e8          	mov    rax,QWORD PTR [rbp-0x18]
    5ebe:	64 48 2b 04 25 28 00 	sub    rax,QWORD PTR fs:0x28
    5ec5:	00 00 
    5ec7:	74 05                	je     5ece <_ZN9__gnu_cxx6__stoaImmcJiEEET0_PFT_PKT1_PPS3_DpT2_EPKcS5_PmS9_+0x76>
    5ec9:	e8 d2 c6 ff ff       	call   25a0 <__stack_chk_fail@plt>
    5ece:	48 8b 45 b0          	mov    rax,QWORD PTR [rbp-0x50]
    5ed2:	48 89 c7             	mov    rdi,rax
    5ed5:	e8 16 c6 ff ff       	call   24f0 <_ZSt24__throw_invalid_argumentPKc@plt>
    5eda:	e8 21 c5 ff ff       	call   2400 <__errno_location@plt>
    5edf:	8b 00                	mov    eax,DWORD PTR [rax]
    5ee1:	83 f8 22             	cmp    eax,0x22
    5ee4:	74 10                	je     5ef6 <_ZN9__gnu_cxx6__stoaImmcJiEEET0_PFT_PKT1_PPS3_DpT2_EPKcS5_PmS9_+0x9e>
    5ee6:	48 8b 45 d8          	mov    rax,QWORD PTR [rbp-0x28]
    5eea:	48 89 c7             	mov    rdi,rax
    5eed:	e8 53 ff ff ff       	call   5e45 <_ZZN9__gnu_cxx6__stoaImmcJiEEET0_PFT_PKT1_PPS3_DpT2_EPKcS5_PmS9_EN10_Range_chk6_S_chkEmSt17integral_constantIbLb0EE>
    5ef2:	84 c0                	test   al,al
    5ef4:	74 07                	je     5efd <_ZN9__gnu_cxx6__stoaImmcJiEEET0_PFT_PKT1_PPS3_DpT2_EPKcS5_PmS9_+0xa5>
    5ef6:	b8 01 00 00 00       	mov    eax,0x1
    5efb:	eb 05                	jmp    5f02 <_ZN9__gnu_cxx6__stoaImmcJiEEET0_PFT_PKT1_PPS3_DpT2_EPKcS5_PmS9_+0xaa>
    5efd:	b8 00 00 00 00       	mov    eax,0x0
    5f02:	84 c0                	test   al,al
    5f04:	74 20                	je     5f26 <_ZN9__gnu_cxx6__stoaImmcJiEEET0_PFT_PKT1_PPS3_DpT2_EPKcS5_PmS9_+0xce>
    5f06:	48 8b 45 e8          	mov    rax,QWORD PTR [rbp-0x18]
    5f0a:	64 48 2b 04 25 28 00 	sub    rax,QWORD PTR fs:0x28
    5f11:	00 00 
    5f13:	74 05                	je     5f1a <_ZN9__gnu_cxx6__stoaImmcJiEEET0_PFT_PKT1_PPS3_DpT2_EPKcS5_PmS9_+0xc2>
    5f15:	e8 86 c6 ff ff       	call   25a0 <__stack_chk_fail@plt>
    5f1a:	48 8b 45 b0          	mov    rax,QWORD PTR [rbp-0x50]
    5f1e:	48 89 c7             	mov    rdi,rax
    5f21:	e8 7a c7 ff ff       	call   26a0 <_ZSt20__throw_out_of_rangePKc@plt>
    5f26:	48 8b 45 d8          	mov    rax,QWORD PTR [rbp-0x28]
    5f2a:	48 89 45 e0          	mov    QWORD PTR [rbp-0x20],rax
    5f2e:	48 83 7d a0 00       	cmp    QWORD PTR [rbp-0x60],0x0
    5f33:	74 12                	je     5f47 <_ZN9__gnu_cxx6__stoaImmcJiEEET0_PFT_PKT1_PPS3_DpT2_EPKcS5_PmS9_+0xef>
    5f35:	48 8b 45 d0          	mov    rax,QWORD PTR [rbp-0x30]
    5f39:	48 2b 45 a8          	sub    rax,QWORD PTR [rbp-0x58]
    5f3d:	48 89 c2             	mov    rdx,rax
    5f40:	48 8b 45 a0          	mov    rax,QWORD PTR [rbp-0x60]
    5f44:	48 89 10             	mov    QWORD PTR [rax],rdx
    5f47:	48 8b 5d e0          	mov    rbx,QWORD PTR [rbp-0x20]
    5f4b:	48 8d 45 cc          	lea    rax,[rbp-0x34]
    5f4f:	48 89 c7             	mov    rdi,rax
    5f52:	e8 c3 fe ff ff       	call   5e1a <_ZZN9__gnu_cxx6__stoaImmcJiEEET0_PFT_PKT1_PPS3_DpT2_EPKcS5_PmS9_EN11_Save_errnoD1Ev>
    5f57:	48 89 d8             	mov    rax,rbx
    5f5a:	48 8b 55 e8          	mov    rdx,QWORD PTR [rbp-0x18]
    5f5e:	64 48 2b 14 25 28 00 	sub    rdx,QWORD PTR fs:0x28
    5f65:	00 00 
    5f67:	74 39                	je     5fa2 <_ZN9__gnu_cxx6__stoaImmcJiEEET0_PFT_PKT1_PPS3_DpT2_EPKcS5_PmS9_+0x14a>
    5f69:	eb 32                	jmp    5f9d <_ZN9__gnu_cxx6__stoaImmcJiEEET0_PFT_PKT1_PPS3_DpT2_EPKcS5_PmS9_+0x145>
    5f6b:	f3 0f 1e fa          	endbr64
    5f6f:	48 89 c3             	mov    rbx,rax
    5f72:	48 8d 45 cc          	lea    rax,[rbp-0x34]
    5f76:	48 89 c7             	mov    rdi,rax
    5f79:	e8 9c fe ff ff       	call   5e1a <_ZZN9__gnu_cxx6__stoaImmcJiEEET0_PFT_PKT1_PPS3_DpT2_EPKcS5_PmS9_EN11_Save_errnoD1Ev>
    5f7e:	48 89 d8             	mov    rax,rbx
    5f81:	48 8b 55 e8          	mov    rdx,QWORD PTR [rbp-0x18]
    5f85:	64 48 2b 14 25 28 00 	sub    rdx,QWORD PTR fs:0x28
    5f8c:	00 00 
    5f8e:	74 05                	je     5f95 <_ZN9__gnu_cxx6__stoaImmcJiEEET0_PFT_PKT1_PPS3_DpT2_EPKcS5_PmS9_+0x13d>
    5f90:	e8 0b c6 ff ff       	call   25a0 <__stack_chk_fail@plt>
    5f95:	48 89 c7             	mov    rdi,rax
    5f98:	e8 93 c7 ff ff       	call   2730 <_Unwind_Resume@plt>
    5f9d:	e8 fe c5 ff ff       	call   25a0 <__stack_chk_fail@plt>
    5fa2:	48 8b 5d f8          	mov    rbx,QWORD PTR [rbp-0x8]
    5fa6:	c9                   	leave
    5fa7:	c3                   	ret

0000000000005fa8 <_ZNSt12_Vector_baseImSaImEE12_Vector_implC1Ev>:
    5fa8:	f3 0f 1e fa          	endbr64
    5fac:	55                   	push   rbp
    5fad:	48 89 e5             	mov    rbp,rsp
    5fb0:	48 83 ec 20          	sub    rsp,0x20
    5fb4:	48 89 7d e8          	mov    QWORD PTR [rbp-0x18],rdi
    5fb8:	48 8b 45 e8          	mov    rax,QWORD PTR [rbp-0x18]
    5fbc:	48 89 45 f0          	mov    QWORD PTR [rbp-0x10],rax
    5fc0:	48 8b 45 f0          	mov    rax,QWORD PTR [rbp-0x10]
    5fc4:	48 89 45 f8          	mov    QWORD PTR [rbp-0x8],rax
    5fc8:	90                   	nop
    5fc9:	90                   	nop
    5fca:	48 8b 45 e8          	mov    rax,QWORD PTR [rbp-0x18]
    5fce:	48 89 c7             	mov    rdi,rax
    5fd1:	e8 1e 0d 00 00       	call   6cf4 <_ZNSt12_Vector_baseImSaImEE17_Vector_impl_dataC1Ev>
    5fd6:	90                   	nop
    5fd7:	c9                   	leave
    5fd8:	c3                   	ret
    5fd9:	90                   	nop

0000000000005fda <_ZNSt12_Vector_baseImSaImEED1Ev>:
    5fda:	f3 0f 1e fa          	endbr64
    5fde:	55                   	push   rbp
    5fdf:	48 89 e5             	mov    rbp,rsp
    5fe2:	48 83 ec 10          	sub    rsp,0x10
    5fe6:	48 89 7d f8          	mov    QWORD PTR [rbp-0x8],rdi
    5fea:	48 8b 45 f8          	mov    rax,QWORD PTR [rbp-0x8]
    5fee:	48 8b 50 10          	mov    rdx,QWORD PTR [rax+0x10]
    5ff2:	48 8b 45 f8          	mov    rax,QWORD PTR [rbp-0x8]
    5ff6:	48 8b 00             	mov    rax,QWORD PTR [rax]
    5ff9:	48 29 c2             	sub    rdx,rax
    5ffc:	48 89 d0             	mov    rax,rdx
    5fff:	48 c1 f8 03          	sar    rax,0x3
    6003:	48 89 c2             	mov    rdx,rax
    6006:	48 8b 45 f8          	mov    rax,QWORD PTR [rbp-0x8]
    600a:	48 8b 08             	mov    rcx,QWORD PTR [rax]
    600d:	48 8b 45 f8          	mov    rax,QWORD PTR [rbp-0x8]
    6011:	48 89 ce             	mov    rsi,rcx
    6014:	48 89 c7             	mov    rdi,rax
    6017:	e8 1a 0d 00 00       	call   6d36 <_ZNSt12_Vector_baseImSaImEE13_M_deallocateEPmm>
    601c:	48 8b 45 f8          	mov    rax,QWORD PTR [rbp-0x8]
    6020:	48 89 c7             	mov    rdi,rax
    6023:	e8 d6 fc ff ff       	call   5cfe <_ZNSt12_Vector_baseImSaImEE12_Vector_implD1Ev>
    6028:	90                   	nop
    6029:	c9                   	leave
    602a:	c3                   	ret
    602b:	90                   	nop

000000000000602c <_ZNSt6vectorImSaImEED1Ev>:
    602c:	f3 0f 1e fa          	endbr64
    6030:	55                   	push   rbp
    6031:	48 89 e5             	mov    rbp,rsp
    6034:	48 83 ec 30          	sub    rsp,0x30
    6038:	48 89 7d d8          	mov    QWORD PTR [rbp-0x28],rdi
    603c:	48 8b 45 d8          	mov    rax,QWORD PTR [rbp-0x28]
    6040:	48 89 c7             	mov    rdi,rax
    6043:	e8 40 0d 00 00       	call   6d88 <_ZNSt12_Vector_baseImSaImEE19_M_get_Tp_allocatorEv>
    6048:	48 8b 55 d8          	mov    rdx,QWORD PTR [rbp-0x28]
    604c:	48 8b 52 08          	mov    rdx,QWORD PTR [rdx+0x8]
    6050:	48 8b 4d d8          	mov    rcx,QWORD PTR [rbp-0x28]
    6054:	48 8b 09             	mov    rcx,QWORD PTR [rcx]
    6057:	48 89 4d e8          	mov    QWORD PTR [rbp-0x18],rcx
    605b:	48 89 55 f0          	mov    QWORD PTR [rbp-0x10],rdx
    605f:	48 89 45 f8          	mov    QWORD PTR [rbp-0x8],rax
    6063:	48 8b 55 f0          	mov    rdx,QWORD PTR [rbp-0x10]
    6067:	48 8b 45 e8          	mov    rax,QWORD PTR [rbp-0x18]
    606b:	48 89 d6             	mov    rsi,rdx
    606e:	48 89 c7             	mov    rdi,rax
    6071:	e8 31 25 00 00       	call   85a7 <_ZSt8_DestroyIPmEvT_S1_>
    6076:	90                   	nop
    6077:	48 8b 45 d8          	mov    rax,QWORD PTR [rbp-0x28]
    607b:	48 89 c7             	mov    rdi,rax
    607e:	e8 57 ff ff ff       	call   5fda <_ZNSt12_Vector_baseImSaImEED1Ev>
    6083:	90                   	nop
    6084:	c9                   	leave
    6085:	c3                   	ret

0000000000006086 <_ZNSt6vectorImSaImEE9push_backEOm>:
    6086:	f3 0f 1e fa          	endbr64
    608a:	55                   	push   rbp
    608b:	48 89 e5             	mov    rbp,rsp
    608e:	48 83 ec 10          	sub    rsp,0x10
    6092:	48 89 7d f8          	mov    QWORD PTR [rbp-0x8],rdi
    6096:	48 89 75 f0          	mov    QWORD PTR [rbp-0x10],rsi
    609a:	48 8b 45 f0          	mov    rax,QWORD PTR [rbp-0x10]
    609e:	48 89 c7             	mov    rdi,rax
    60a1:	e8 f4 0c 00 00       	call   6d9a <_ZSt4moveIRmEONSt16remove_referenceIT_E4typeEOS2_>
    60a6:	48 89 c2             	mov    rdx,rax
    60a9:	48 8b 45 f8          	mov    rax,QWORD PTR [rbp-0x8]
    60ad:	48 89 d6             	mov    rsi,rdx
    60b0:	48 89 c7             	mov    rdi,rax
    60b3:	e8 f4 0c 00 00       	call   6dac <_ZNSt6vectorImSaImEE12emplace_backIJmEEEvDpOT_>
    60b8:	90                   	nop
    60b9:	c9                   	leave
    60ba:	c3                   	ret

00000000000060bb <_ZSteqIcSt11char_traitsIcESaIcEEbRKNSt7__cxx1112basic_stringIT_T0_T1_EEPKS5_>:
    60bb:	f3 0f 1e fa          	endbr64
    60bf:	55                   	push   rbp
    60c0:	48 89 e5             	mov    rbp,rsp
    60c3:	53                   	push   rbx
    60c4:	48 83 ec 18          	sub    rsp,0x18
    60c8:	48 89 7d e8          	mov    QWORD PTR [rbp-0x18],rdi
    60cc:	48 89 75 e0          	mov    QWORD PTR [rbp-0x20],rsi
    60d0:	48 8b 45 e8          	mov    rax,QWORD PTR [rbp-0x18]
    60d4:	48 89 c7             	mov    rdi,rax
    60d7:	e8 24 c4 ff ff       	call   2500 <_ZNKSt7__cxx1112basic_stringIcSt11char_traitsIcESaIcEE4sizeEv@plt>
    60dc:	48 89 c3             	mov    rbx,rax
    60df:	48 8b 45 e0          	mov    rax,QWORD PTR [rbp-0x20]
    60e3:	48 89 c7             	mov    rdi,rax
    60e6:	e8 70 fb ff ff       	call   5c5b <_ZNSt11char_traitsIcE6lengthEPKc>
    60eb:	48 39 c3             	cmp    rbx,rax
    60ee:	75 3b                	jne    612b <_ZSteqIcSt11char_traitsIcESaIcEEbRKNSt7__cxx1112basic_stringIT_T0_T1_EEPKS5_+0x70>
    60f0:	48 8b 45 e8          	mov    rax,QWORD PTR [rbp-0x18]
    60f4:	48 89 c7             	mov    rdi,rax
    60f7:	e8 04 c4 ff ff       	call   2500 <_ZNKSt7__cxx1112basic_stringIcSt11char_traitsIcESaIcEE4sizeEv@plt>
    60fc:	48 89 c3             	mov    rbx,rax
    60ff:	48 8b 45 e8          	mov    rax,QWORD PTR [rbp-0x18]
    6103:	48 89 c7             	mov    rdi,rax
    6106:	e8 e5 c4 ff ff       	call   25f0 <_ZNKSt7__cxx1112basic_stringIcSt11char_traitsIcESaIcEE4dataEv@plt>
    610b:	48 89 c1             	mov    rcx,rax
    610e:	48 8b 45 e0          	mov    rax,QWORD PTR [rbp-0x20]
    6112:	48 89 da             	mov    rdx,rbx
    6115:	48 89 c6             	mov    rsi,rax
    6118:	48 89 cf             	mov    rdi,rcx
    611b:	e8 fb fa ff ff       	call   5c1b <_ZNSt11char_traitsIcE7compareEPKcS2_m>
    6120:	85 c0                	test   eax,eax
    6122:	75 07                	jne    612b <_ZSteqIcSt11char_traitsIcESaIcEEbRKNSt7__cxx1112basic_stringIT_T0_T1_EEPKS5_+0x70>
    6124:	b8 01 00 00 00       	mov    eax,0x1
    6129:	eb 05                	jmp    6130 <_ZSteqIcSt11char_traitsIcESaIcEEbRKNSt7__cxx1112basic_stringIT_T0_T1_EEPKS5_+0x75>
    612b:	b8 00 00 00 00       	mov    eax,0x0
    6130:	48 8b 5d f8          	mov    rbx,QWORD PTR [rbp-0x8]
    6134:	c9                   	leave
    6135:	c3                   	ret

0000000000006136 <_ZNSt6vectorImSaImEEaSEOS1_>:
    6136:	f3 0f 1e fa          	endbr64
    613a:	55                   	push   rbp
    613b:	48 89 e5             	mov    rbp,rsp
    613e:	48 83 ec 20          	sub    rsp,0x20
    6142:	48 89 7d e8          	mov    QWORD PTR [rbp-0x18],rdi
    6146:	48 89 75 e0          	mov    QWORD PTR [rbp-0x20],rsi
    614a:	c6 45 ff 01          	mov    BYTE PTR [rbp-0x1],0x1
    614e:	48 8b 45 e0          	mov    rax,QWORD PTR [rbp-0x20]
    6152:	48 89 c7             	mov    rdi,rax
    6155:	e8 39 0d 00 00       	call   6e93 <_ZSt4moveIRSt6vectorImSaImEEEONSt16remove_referenceIT_E4typeEOS5_>
    615a:	48 89 c2             	mov    rdx,rax
    615d:	48 8b 45 e8          	mov    rax,QWORD PTR [rbp-0x18]
    6161:	48 89 d6             	mov    rsi,rdx
    6164:	48 89 c7             	mov    rdi,rax
    6167:	e8 3a 0d 00 00       	call   6ea6 <_ZNSt6vectorImSaImEE14_M_move_assignEOS1_St17integral_constantIbLb1EE>
    616c:	48 8b 45 e8          	mov    rax,QWORD PTR [rbp-0x18]
    6170:	c9                   	leave
    6171:	c3                   	ret

0000000000006172 <_ZNSt6vectorImSaImEEC1EmRKS0_>:
    6172:	f3 0f 1e fa          	endbr64
    6176:	55                   	push   rbp
    6177:	48 89 e5             	mov    rbp,rsp
    617a:	53                   	push   rbx
    617b:	48 83 ec 28          	sub    rsp,0x28
    617f:	48 89 7d e8          	mov    QWORD PTR [rbp-0x18],rdi
    6183:	48 89 75 e0          	mov    QWORD PTR [rbp-0x20],rsi
    6187:	48 89 55 d8          	mov    QWORD PTR [rbp-0x28],rdx
    618b:	48 8b 5d e8          	mov    rbx,QWORD PTR [rbp-0x18]
    618f:	48 8b 55 d8          	mov    rdx,QWORD PTR [rbp-0x28]
    6193:	48 8b 45 e0          	mov    rax,QWORD PTR [rbp-0x20]
    6197:	48 89 d6             	mov    rsi,rdx
    619a:	48 89 c7             	mov    rdi,rax
    619d:	e8 e8 0d 00 00       	call   6f8a <_ZNSt6vectorImSaImEE17_S_check_init_lenEmRKS0_>
    61a2:	48 89 c1             	mov    rcx,rax
    61a5:	48 8b 45 d8          	mov    rax,QWORD PTR [rbp-0x28]
    61a9:	48 89 c2             	mov    rdx,rax
    61ac:	48 89 ce             	mov    rsi,rcx
    61af:	48 89 df             	mov    rdi,rbx
    61b2:	e8 77 0e 00 00       	call   702e <_ZNSt12_Vector_baseImSaImEEC1EmRKS0_>
    61b7:	48 8b 55 e0          	mov    rdx,QWORD PTR [rbp-0x20]
    61bb:	48 8b 45 e8          	mov    rax,QWORD PTR [rbp-0x18]
    61bf:	48 89 d6             	mov    rsi,rdx
    61c2:	48 89 c7             	mov    rdi,rax
    61c5:	e8 ca 0e 00 00       	call   7094 <_ZNSt6vectorImSaImEE21_M_default_initializeEm>
    61ca:	eb 1e                	jmp    61ea <_ZNSt6vectorImSaImEEC1EmRKS0_+0x78>
    61cc:	f3 0f 1e fa          	endbr64
    61d0:	48 89 c3             	mov    rbx,rax
    61d3:	48 8b 45 e8          	mov    rax,QWORD PTR [rbp-0x18]
    61d7:	48 89 c7             	mov    rdi,rax
    61da:	e8 fb fd ff ff       	call   5fda <_ZNSt12_Vector_baseImSaImEED1Ev>
    61df:	48 89 d8             	mov    rax,rbx
    61e2:	48 89 c7             	mov    rdi,rax
    61e5:	e8 46 c5 ff ff       	call   2730 <_Unwind_Resume@plt>
    61ea:	48 8b 5d f8          	mov    rbx,QWORD PTR [rbp-0x8]
    61ee:	c9                   	leave
    61ef:	c3                   	ret

00000000000061f0 <_ZNSt6vectorImSaImEEixEm>:
    61f0:	f3 0f 1e fa          	endbr64
    61f4:	55                   	push   rbp
    61f5:	48 89 e5             	mov    rbp,rsp
    61f8:	48 89 7d f8          	mov    QWORD PTR [rbp-0x8],rdi
    61fc:	48 89 75 f0          	mov    QWORD PTR [rbp-0x10],rsi
    6200:	48 8b 45 f8          	mov    rax,QWORD PTR [rbp-0x8]
    6204:	48 8b 00             	mov    rax,QWORD PTR [rax]
    6207:	48 8b 55 f0          	mov    rdx,QWORD PTR [rbp-0x10]
    620b:	48 c1 e2 03          	shl    rdx,0x3
    620f:	48 01 d0             	add    rax,rdx
    6212:	5d                   	pop    rbp
    6213:	c3                   	ret

0000000000006214 <_ZNSt23mersenne_twister_engineImLm32ELm624ELm397ELm31ELm2567483615ELm11ELm4294967295ELm7ELm2636928640ELm15ELm4022730752ELm18ELm1812433253EEC1Em>:
    6214:	f3 0f 1e fa          	endbr64
    6218:	55                   	push   rbp
    6219:	48 89 e5             	mov    rbp,rsp
    621c:	48 83 ec 10          	sub    rsp,0x10
    6220:	48 89 7d f8          	mov    QWORD PTR [rbp-0x8],rdi
    6224:	48 89 75 f0          	mov    QWORD PTR [rbp-0x10],rsi
    6228:	48 8b 55 f0          	mov    rdx,QWORD PTR [rbp-0x10]
    622c:	48 8b 45 f8          	mov    rax,QWORD PTR [rbp-0x8]
    6230:	48 89 d6             	mov    rsi,rdx
    6233:	48 89 c7             	mov    rdi,rax
    6236:	e8 9d 0e 00 00       	call   70d8 <_ZNSt23mersenne_twister_engineImLm32ELm624ELm397ELm31ELm2567483615ELm11ELm4294967295ELm7ELm2636928640ELm15ELm4022730752ELm18ELm1812433253EE4seedEm>
    623b:	90                   	nop
    623c:	c9                   	leave
    623d:	c3                   	ret

000000000000623e <_ZNSt6vectorImSaImEE5beginEv>:
    623e:	f3 0f 1e fa          	endbr64
    6242:	55                   	push   rbp
    6243:	48 89 e5             	mov    rbp,rsp
    6246:	48 83 ec 20          	sub    rsp,0x20
    624a:	48 89 7d e8          	mov    QWORD PTR [rbp-0x18],rdi
    624e:	64 48 8b 04 25 28 00 	mov    rax,QWORD PTR fs:0x28
    6255:	00 00 
    6257:	48 89 45 f8          	mov    QWORD PTR [rbp-0x8],rax
    625b:	31 c0                	xor    eax,eax
    625d:	48 8b 55 e8          	mov    rdx,QWORD PTR [rbp-0x18]
    6261:	48 8d 45 f0          	lea    rax,[rbp-0x10]
    6265:	48 89 d6             	mov    rsi,rdx
    6268:	48 89 c7             	mov    rdi,rax
    626b:	e8 12 0f 00 00       	call   7182 <_ZN9__gnu_cxx17__normal_iteratorIPmSt6vectorImSaImEEEC1ERKS1_>
    6270:	48 8b 45 f0          	mov    rax,QWORD PTR [rbp-0x10]
    6274:	48 8b 55 f8          	mov    rdx,QWORD PTR [rbp-0x8]
    6278:	64 48 2b 14 25 28 00 	sub    rdx,QWORD PTR fs:0x28
    627f:	00 00 
    6281:	74 05                	je     6288 <_ZNSt6vectorImSaImEE5beginEv+0x4a>
    6283:	e8 18 c3 ff ff       	call   25a0 <__stack_chk_fail@plt>
    6288:	c9                   	leave
    6289:	c3                   	ret

000000000000628a <_ZNSt6vectorImSaImEE3endEv>:
    628a:	f3 0f 1e fa          	endbr64
    628e:	55                   	push   rbp
    628f:	48 89 e5             	mov    rbp,rsp
    6292:	48 83 ec 20          	sub    rsp,0x20
    6296:	48 89 7d e8          	mov    QWORD PTR [rbp-0x18],rdi
    629a:	64 48 8b 04 25 28 00 	mov    rax,QWORD PTR fs:0x28
    62a1:	00 00 
    62a3:	48 89 45 f8          	mov    QWORD PTR [rbp-0x8],rax
    62a7:	31 c0                	xor    eax,eax
    62a9:	48 8b 45 e8          	mov    rax,QWORD PTR [rbp-0x18]
    62ad:	48 8d 50 08          	lea    rdx,[rax+0x8]
    62b1:	48 8d 45 f0          	lea    rax,[rbp-0x10]
    62b5:	48 89 d6             	mov    rsi,rdx
    62b8:	48 89 c7             	mov    rdi,rax
    62bb:	e8 c2 0e 00 00       	call   7182 <_ZN9__gnu_cxx17__normal_iteratorIPmSt6vectorImSaImEEEC1ERKS1_>
    62c0:	48 8b 45 f0          	mov    rax,QWORD PTR [rbp-0x10]
    62c4:	48 8b 55 f8          	mov    rdx,QWORD PTR [rbp-0x8]
    62c8:	64 48 2b 14 25 28 00 	sub    rdx,QWORD PTR fs:0x28
    62cf:	00 00 
    62d1:	74 05                	je     62d8 <_ZNSt6vectorImSaImEE3endEv+0x4e>
    62d3:	e8 c8 c2 ff ff       	call   25a0 <__stack_chk_fail@plt>
    62d8:	c9                   	leave
    62d9:	c3                   	ret

00000000000062da <_ZSt7shuffleIN9__gnu_cxx17__normal_iteratorIPmSt6vectorImSaImEEEERSt23mersenne_twister_engineImLm32ELm624ELm397ELm31ELm2567483615ELm11ELm4294967295ELm7ELm2636928640ELm15ELm4022730752ELm18ELm1812433253EEEvT_SA_OT0_>:
    62da:	f3 0f 1e fa          	endbr64
    62de:	55                   	push   rbp
    62df:	48 89 e5             	mov    rbp,rsp
    62e2:	53                   	push   rbx
    62e3:	48 83 ec 78          	sub    rsp,0x78
    62e7:	48 89 7d 98          	mov    QWORD PTR [rbp-0x68],rdi
    62eb:	48 89 75 90          	mov    QWORD PTR [rbp-0x70],rsi
    62ef:	48 89 55 88          	mov    QWORD PTR [rbp-0x78],rdx
    62f3:	64 48 8b 04 25 28 00 	mov    rax,QWORD PTR fs:0x28
    62fa:	00 00 
    62fc:	48 89 45 e8          	mov    QWORD PTR [rbp-0x18],rax
    6300:	31 c0                	xor    eax,eax
    6302:	48 8d 55 90          	lea    rdx,[rbp-0x70]
    6306:	48 8d 45 98          	lea    rax,[rbp-0x68]
    630a:	48 89 d6             	mov    rsi,rdx
    630d:	48 89 c7             	mov    rdi,rax
    6310:	e8 8e 0e 00 00       	call   71a3 <_ZN9__gnu_cxxeqIPmSt6vectorImSaImEEEEbRKNS_17__normal_iteratorIT_T0_EESA_>
    6315:	84 c0                	test   al,al
    6317:	0f 85 32 02 00 00    	jne    654f <_ZSt7shuffleIN9__gnu_cxx17__normal_iteratorIPmSt6vectorImSaImEEEERSt23mersenne_twister_engineImLm32ELm624ELm397ELm31ELm2567483615ELm11ELm4294967295ELm7ELm2636928640ELm15ELm4022730752ELm18ELm1812433253EEEvT_SA_OT0_+0x275>
    631d:	b8 ff ff ff ff       	mov    eax,0xffffffff
    6322:	48 89 45 a8          	mov    QWORD PTR [rbp-0x58],rax
    6326:	48 8d 55 98          	lea    rdx,[rbp-0x68]
    632a:	48 8d 45 90          	lea    rax,[rbp-0x70]
    632e:	48 89 d6             	mov    rsi,rdx
    6331:	48 89 c7             	mov    rdi,rax
    6334:	e8 a9 0e 00 00       	call   71e2 <_ZN9__gnu_cxxmiIPmSt6vectorImSaImEEEENS_17__normal_iteratorIT_T0_E15difference_typeERKS8_SB_>
    6339:	48 89 45 b0          	mov    QWORD PTR [rbp-0x50],rax
    633d:	b8 ff ff ff ff       	mov    eax,0xffffffff
    6342:	ba 00 00 00 00       	mov    edx,0x0
    6347:	48 f7 75 b0          	div    QWORD PTR [rbp-0x50]
    634b:	48 3b 45 b0          	cmp    rax,QWORD PTR [rbp-0x50]
    634f:	0f 82 4c 01 00 00    	jb     64a1 <_ZSt7shuffleIN9__gnu_cxx17__normal_iteratorIPmSt6vectorImSaImEEEERSt23mersenne_twister_engineImLm32ELm624ELm397ELm31ELm2567483615ELm11ELm4294967295ELm7ELm2636928640ELm15ELm4022730752ELm18ELm1812433253EEEvT_SA_OT0_+0x1c7>
    6355:	48 8d 45 98          	lea    rax,[rbp-0x68]
    6359:	be 01 00 00 00       	mov    esi,0x1
    635e:	48 89 c7             	mov    rdi,rax
    6361:	e8 c2 0e 00 00       	call   7228 <_ZNK9__gnu_cxx17__normal_iteratorIPmSt6vectorImSaImEEEplEl>
    6366:	48 89 45 c0          	mov    QWORD PTR [rbp-0x40],rax
    636a:	48 8b 45 b0          	mov    rax,QWORD PTR [rbp-0x50]
    636e:	83 e0 01             	and    eax,0x1
    6371:	48 85 c0             	test   rax,rax
    6374:	0f 85 07 01 00 00    	jne    6481 <_ZSt7shuffleIN9__gnu_cxx17__normal_iteratorIPmSt6vectorImSaImEEEERSt23mersenne_twister_engineImLm32ELm624ELm397ELm31ELm2567483615ELm11ELm4294967295ELm7ELm2636928640ELm15ELm4022730752ELm18ELm1812433253EEEvT_SA_OT0_+0x1a7>
    637a:	48 8d 45 d0          	lea    rax,[rbp-0x30]
    637e:	ba 01 00 00 00       	mov    edx,0x1
    6383:	be 00 00 00 00       	mov    esi,0x0
    6388:	48 89 c7             	mov    rdi,rax
    638b:	e8 fe 0e 00 00       	call   728e <_ZNSt24uniform_int_distributionImEC1Emm>
    6390:	48 8b 55 88          	mov    rdx,QWORD PTR [rbp-0x78]
    6394:	48 8d 45 d0          	lea    rax,[rbp-0x30]
    6398:	48 89 d6             	mov    rsi,rdx
    639b:	48 89 c7             	mov    rdi,rax
    639e:	e8 83 0f 00 00       	call   7326 <_ZNSt24uniform_int_distributionImEclISt23mersenne_twister_engineImLm32ELm624ELm397ELm31ELm2567483615ELm11ELm4294967295ELm7ELm2636928640ELm15ELm4022730752ELm18ELm1812433253EEEEmRT_>
    63a3:	48 89 c2             	mov    rdx,rax
    63a6:	48 8d 45 98          	lea    rax,[rbp-0x68]
    63aa:	48 89 d6             	mov    rsi,rdx
    63ad:	48 89 c7             	mov    rdi,rax
    63b0:	e8 73 0e 00 00       	call   7228 <_ZNK9__gnu_cxx17__normal_iteratorIPmSt6vectorImSaImEEEplEl>
    63b5:	48 89 c3             	mov    rbx,rax
    63b8:	48 8d 45 c0          	lea    rax,[rbp-0x40]
    63bc:	be 00 00 00 00       	mov    esi,0x0
    63c1:	48 89 c7             	mov    rdi,rax
    63c4:	e8 f7 0e 00 00       	call   72c0 <_ZN9__gnu_cxx17__normal_iteratorIPmSt6vectorImSaImEEEppEi>
    63c9:	48 89 de             	mov    rsi,rbx
    63cc:	48 89 c7             	mov    rdi,rax
    63cf:	e8 7f 0f 00 00       	call   7353 <_ZSt9iter_swapIN9__gnu_cxx17__normal_iteratorIPmSt6vectorImSaImEEEES6_EvT_T0_>
    63d4:	e9 a8 00 00 00       	jmp    6481 <_ZSt7shuffleIN9__gnu_cxx17__normal_iteratorIPmSt6vectorImSaImEEEERSt23mersenne_twister_engineImLm32ELm624ELm397ELm31ELm2567483615ELm11ELm4294967295ELm7ELm2636928640ELm15ELm4022730752ELm18ELm1812433253EEEvT_SA_OT0_+0x1a7>
    63d9:	48 8d 55 98          	lea    rdx,[rbp-0x68]
    63dd:	48 8d 45 c0          	lea    rax,[rbp-0x40]
    63e1:	48 89 d6             	mov    rsi,rdx
    63e4:	48 89 c7             	mov    rdi,rax
    63e7:	e8 f6 0d 00 00       	call   71e2 <_ZN9__gnu_cxxmiIPmSt6vectorImSaImEEEENS_17__normal_iteratorIT_T0_E15difference_typeERKS8_SB_>
    63ec:	48 83 c0 01          	add    rax,0x1
    63f0:	48 89 45 b8          	mov    QWORD PTR [rbp-0x48],rax
    63f4:	48 8b 45 b8          	mov    rax,QWORD PTR [rbp-0x48]
    63f8:	48 8d 48 01          	lea    rcx,[rax+0x1]
    63fc:	48 8b 55 88          	mov    rdx,QWORD PTR [rbp-0x78]
    6400:	48 8b 45 b8          	mov    rax,QWORD PTR [rbp-0x48]
    6404:	48 89 ce             	mov    rsi,rcx
    6407:	48 89 c7             	mov    rdi,rax
    640a:	e8 86 0f 00 00       	call   7395 <_ZSt22__gen_two_uniform_intsImRSt23mersenne_twister_engineImLm32ELm624ELm397ELm31ELm2567483615ELm11ELm4294967295ELm7ELm2636928640ELm15ELm4022730752ELm18ELm1812433253EEESt4pairIT_S4_ES4_S4_OT0_>
    640f:	48 89 45 d0          	mov    QWORD PTR [rbp-0x30],rax
    6413:	48 89 55 d8          	mov    QWORD PTR [rbp-0x28],rdx
    6417:	48 8b 45 d0          	mov    rax,QWORD PTR [rbp-0x30]
    641b:	48 89 c2             	mov    rdx,rax
    641e:	48 8d 45 98          	lea    rax,[rbp-0x68]
    6422:	48 89 d6             	mov    rsi,rdx
    6425:	48 89 c7             	mov    rdi,rax
    6428:	e8 fb 0d 00 00       	call   7228 <_ZNK9__gnu_cxx17__normal_iteratorIPmSt6vectorImSaImEEEplEl>
    642d:	48 89 c3             	mov    rbx,rax
    6430:	48 8d 45 c0          	lea    rax,[rbp-0x40]
    6434:	be 00 00 00 00       	mov    esi,0x0
    6439:	48 89 c7             	mov    rdi,rax
    643c:	e8 7f 0e 00 00       	call   72c0 <_ZN9__gnu_cxx17__normal_iteratorIPmSt6vectorImSaImEEEppEi>
    6441:	48 89 de             	mov    rsi,rbx
    6444:	48 89 c7             	mov    rdi,rax
    6447:	e8 07 0f 00 00       	call   7353 <_ZSt9iter_swapIN9__gnu_cxx17__normal_iteratorIPmSt6vectorImSaImEEEES6_EvT_T0_>
    644c:	48 8b 45 d8          	mov    rax,QWORD PTR [rbp-0x28]
    6450:	48 89 c2             	mov    rdx,rax
    6453:	48 8d 45 98          	lea    rax,[rbp-0x68]
    6457:	48 89 d6             	mov    rsi,rdx
    645a:	48 89 c7             	mov    rdi,rax
    645d:	e8 c6 0d 00 00       	call   7228 <_ZNK9__gnu_cxx17__normal_iteratorIPmSt6vectorImSaImEEEplEl>
    6462:	48 89 c3             	mov    rbx,rax
    6465:	48 8d 45 c0          	lea    rax,[rbp-0x40]
    6469:	be 00 00 00 00       	mov    esi,0x0
    646e:	48 89 c7             	mov    rdi,rax
    6471:	e8 4a 0e 00 00       	call   72c0 <_ZN9__gnu_cxx17__normal_iteratorIPmSt6vectorImSaImEEEppEi>
    6476:	48 89 de             	mov    rsi,rbx
    6479:	48 89 c7             	mov    rdi,rax
    647c:	e8 d2 0e 00 00       	call   7353 <_ZSt9iter_swapIN9__gnu_cxx17__normal_iteratorIPmSt6vectorImSaImEEEES6_EvT_T0_>
    6481:	48 8d 55 90          	lea    rdx,[rbp-0x70]
    6485:	48 8d 45 c0          	lea    rax,[rbp-0x40]
    6489:	48 89 d6             	mov    rsi,rdx
    648c:	48 89 c7             	mov    rdi,rax
    648f:	e8 d1 02 00 00       	call   6765 <_ZN9__gnu_cxxneIPmSt6vectorImSaImEEEEbRKNS_17__normal_iteratorIT_T0_EESA_>
    6494:	84 c0                	test   al,al
    6496:	0f 85 3d ff ff ff    	jne    63d9 <_ZSt7shuffleIN9__gnu_cxx17__normal_iteratorIPmSt6vectorImSaImEEEERSt23mersenne_twister_engineImLm32ELm624ELm397ELm31ELm2567483615ELm11ELm4294967295ELm7ELm2636928640ELm15ELm4022730752ELm18ELm1812433253EEEvT_SA_OT0_+0xff>
    649c:	e9 af 00 00 00       	jmp    6550 <_ZSt7shuffleIN9__gnu_cxx17__normal_iteratorIPmSt6vectorImSaImEEEERSt23mersenne_twister_engineImLm32ELm624ELm397ELm31ELm2567483615ELm11ELm4294967295ELm7ELm2636928640ELm15ELm4022730752ELm18ELm1812433253EEEvT_SA_OT0_+0x276>
    64a1:	48 8d 45 c0          	lea    rax,[rbp-0x40]
    64a5:	48 89 c7             	mov    rdi,rax
    64a8:	e8 93 0f 00 00       	call   7440 <_ZNSt24uniform_int_distributionImEC1Ev>
    64ad:	48 8d 45 98          	lea    rax,[rbp-0x68]
    64b1:	be 01 00 00 00       	mov    esi,0x1
    64b6:	48 89 c7             	mov    rdi,rax
    64b9:	e8 6a 0d 00 00       	call   7228 <_ZNK9__gnu_cxx17__normal_iteratorIPmSt6vectorImSaImEEEplEl>
    64be:	48 89 45 a0          	mov    QWORD PTR [rbp-0x60],rax
    64c2:	eb 6e                	jmp    6532 <_ZSt7shuffleIN9__gnu_cxx17__normal_iteratorIPmSt6vectorImSaImEEEERSt23mersenne_twister_engineImLm32ELm624ELm397ELm31ELm2567483615ELm11ELm4294967295ELm7ELm2636928640ELm15ELm4022730752ELm18ELm1812433253EEEvT_SA_OT0_+0x258>
    64c4:	48 8d 55 98          	lea    rdx,[rbp-0x68]
    64c8:	48 8d 45 a0          	lea    rax,[rbp-0x60]
    64cc:	48 89 d6             	mov    rsi,rdx
    64cf:	48 89 c7             	mov    rdi,rax
    64d2:	e8 0b 0d 00 00       	call   71e2 <_ZN9__gnu_cxxmiIPmSt6vectorImSaImEEEENS_17__normal_iteratorIT_T0_E15difference_typeERKS8_SB_>
    64d7:	48 89 c2             	mov    rdx,rax
    64da:	48 8d 45 d0          	lea    rax,[rbp-0x30]
    64de:	be 00 00 00 00       	mov    esi,0x0
    64e3:	48 89 c7             	mov    rdi,rax
    64e6:	e8 81 0f 00 00       	call   746c <_ZNSt24uniform_int_distributionImE10param_typeC1Emm>
    64eb:	48 8d 55 d0          	lea    rdx,[rbp-0x30]
    64ef:	48 8b 4d 88          	mov    rcx,QWORD PTR [rbp-0x78]
    64f3:	48 8d 45 c0          	lea    rax,[rbp-0x40]
    64f7:	48 89 ce             	mov    rsi,rcx
    64fa:	48 89 c7             	mov    rdi,rax
    64fd:	e8 c8 0f 00 00       	call   74ca <_ZNSt24uniform_int_distributionImEclISt23mersenne_twister_engineImLm32ELm624ELm397ELm31ELm2567483615ELm11ELm4294967295ELm7ELm2636928640ELm15ELm4022730752ELm18ELm1812433253EEEEmRT_RKNS0_10param_typeE>
    6502:	48 89 c2             	mov    rdx,rax
    6505:	48 8d 45 98          	lea    rax,[rbp-0x68]
    6509:	48 89 d6             	mov    rsi,rdx
    650c:	48 89 c7             	mov    rdi,rax
    650f:	e8 14 0d 00 00       	call   7228 <_ZNK9__gnu_cxx17__normal_iteratorIPmSt6vectorImSaImEEEplEl>
    6514:	48 89 c2             	mov    rdx,rax
    6517:	48 8b 45 a0          	mov    rax,QWORD PTR [rbp-0x60]
    651b:	48 89 d6             	mov    rsi,rdx
    651e:	48 89 c7             	mov    rdi,rax
    6521:	e8 2d 0e 00 00       	call   7353 <_ZSt9iter_swapIN9__gnu_cxx17__normal_iteratorIPmSt6vectorImSaImEEEES6_EvT_T0_>
    6526:	48 8d 45 a0          	lea    rax,[rbp-0x60]
    652a:	48 89 c7             	mov    rdi,rax
    652d:	e8 72 02 00 00       	call   67a4 <_ZN9__gnu_cxx17__normal_iteratorIPmSt6vectorImSaImEEEppEv>
    6532:	48 8d 55 90          	lea    rdx,[rbp-0x70]
    6536:	48 8d 45 a0          	lea    rax,[rbp-0x60]
    653a:	48 89 d6             	mov    rsi,rdx
    653d:	48 89 c7             	mov    rdi,rax
    6540:	e8 20 02 00 00       	call   6765 <_ZN9__gnu_cxxneIPmSt6vectorImSaImEEEEbRKNS_17__normal_iteratorIT_T0_EESA_>
    6545:	84 c0                	test   al,al
    6547:	0f 85 77 ff ff ff    	jne    64c4 <_ZSt7shuffleIN9__gnu_cxx17__normal_iteratorIPmSt6vectorImSaImEEEERSt23mersenne_twister_engineImLm32ELm624ELm397ELm31ELm2567483615ELm11ELm4294967295ELm7ELm2636928640ELm15ELm4022730752ELm18ELm1812433253EEEvT_SA_OT0_+0x1ea>
    654d:	eb 01                	jmp    6550 <_ZSt7shuffleIN9__gnu_cxx17__normal_iteratorIPmSt6vectorImSaImEEEERSt23mersenne_twister_engineImLm32ELm624ELm397ELm31ELm2567483615ELm11ELm4294967295ELm7ELm2636928640ELm15ELm4022730752ELm18ELm1812433253EEEvT_SA_OT0_+0x276>
    654f:	90                   	nop
    6550:	48 8b 45 e8          	mov    rax,QWORD PTR [rbp-0x18]
    6554:	64 48 2b 04 25 28 00 	sub    rax,QWORD PTR fs:0x28
    655b:	00 00 
    655d:	74 05                	je     6564 <_ZSt7shuffleIN9__gnu_cxx17__normal_iteratorIPmSt6vectorImSaImEEEERSt23mersenne_twister_engineImLm32ELm624ELm397ELm31ELm2567483615ELm11ELm4294967295ELm7ELm2636928640ELm15ELm4022730752ELm18ELm1812433253EEEvT_SA_OT0_+0x28a>
    655f:	e8 3c c0 ff ff       	call   25a0 <__stack_chk_fail@plt>
    6564:	48 8b 5d f8          	mov    rbx,QWORD PTR [rbp-0x8]
    6568:	c9                   	leave
    6569:	c3                   	ret

000000000000656a <_ZNSt6vectorImSaImEE6resizeEmRKm>:
    656a:	f3 0f 1e fa          	endbr64
    656e:	55                   	push   rbp
    656f:	48 89 e5             	mov    rbp,rsp
    6572:	53                   	push   rbx
    6573:	48 83 ec 28          	sub    rsp,0x28
    6577:	48 89 7d e8          	mov    QWORD PTR [rbp-0x18],rdi
    657b:	48 89 75 e0          	mov    QWORD PTR [rbp-0x20],rsi
    657f:	48 89 55 d8          	mov    QWORD PTR [rbp-0x28],rdx
    6583:	48 8b 45 e8          	mov    rax,QWORD PTR [rbp-0x18]
    6587:	48 89 c7             	mov    rdi,rax
    658a:	e8 4f 02 00 00       	call   67de <_ZNKSt6vectorImSaImEE4sizeEv>
    658f:	48 3b 45 e0          	cmp    rax,QWORD PTR [rbp-0x20]
    6593:	0f 92 c0             	setb   al
    6596:	84 c0                	test   al,al
    6598:	74 3d                	je     65d7 <_ZNSt6vectorImSaImEE6resizeEmRKm+0x6d>
    659a:	48 8b 45 e8          	mov    rax,QWORD PTR [rbp-0x18]
    659e:	48 89 c7             	mov    rdi,rax
    65a1:	e8 38 02 00 00       	call   67de <_ZNKSt6vectorImSaImEE4sizeEv>
    65a6:	48 8b 55 e0          	mov    rdx,QWORD PTR [rbp-0x20]
    65aa:	48 89 d3             	mov    rbx,rdx
    65ad:	48 29 c3             	sub    rbx,rax
    65b0:	48 8b 45 e8          	mov    rax,QWORD PTR [rbp-0x18]
    65b4:	48 89 c7             	mov    rdi,rax
    65b7:	e8 ce fc ff ff       	call   628a <_ZNSt6vectorImSaImEE3endEv>
    65bc:	48 89 c6             	mov    rsi,rax
    65bf:	48 8b 55 d8          	mov    rdx,QWORD PTR [rbp-0x28]
    65c3:	48 8b 45 e8          	mov    rax,QWORD PTR [rbp-0x18]
    65c7:	48 89 d1             	mov    rcx,rdx
    65ca:	48 89 da             	mov    rdx,rbx
    65cd:	48 89 c7             	mov    rdi,rax
    65d0:	e8 75 10 00 00       	call   764a <_ZNSt6vectorImSaImEE14_M_fill_insertEN9__gnu_cxx17__normal_iteratorIPmS1_EEmRKm>
    65d5:	eb 38                	jmp    660f <_ZNSt6vectorImSaImEE6resizeEmRKm+0xa5>
    65d7:	48 8b 45 e8          	mov    rax,QWORD PTR [rbp-0x18]
    65db:	48 89 c7             	mov    rdi,rax
    65de:	e8 fb 01 00 00       	call   67de <_ZNKSt6vectorImSaImEE4sizeEv>
    65e3:	48 39 45 e0          	cmp    QWORD PTR [rbp-0x20],rax
    65e7:	0f 92 c0             	setb   al
    65ea:	84 c0                	test   al,al
    65ec:	74 21                	je     660f <_ZNSt6vectorImSaImEE6resizeEmRKm+0xa5>
    65ee:	48 8b 45 e8          	mov    rax,QWORD PTR [rbp-0x18]
    65f2:	48 8b 00             	mov    rax,QWORD PTR [rax]
    65f5:	48 8b 55 e0          	mov    rdx,QWORD PTR [rbp-0x20]
    65f9:	48 c1 e2 03          	shl    rdx,0x3
    65fd:	48 01 c2             	add    rdx,rax
    6600:	48 8b 45 e8          	mov    rax,QWORD PTR [rbp-0x18]
    6604:	48 89 d6             	mov    rsi,rdx
    6607:	48 89 c7             	mov    rdi,rax
    660a:	e8 a1 16 00 00       	call   7cb0 <_ZNSt6vectorImSaImEE15_M_erase_at_endEPm>
    660f:	90                   	nop
    6610:	48 8b 5d f8          	mov    rbx,QWORD PTR [rbp-0x8]
    6614:	c9                   	leave
    6615:	c3                   	ret

0000000000006616 <_ZNSt6vectorImSaImEE5clearEv>:
    6616:	f3 0f 1e fa          	endbr64
    661a:	55                   	push   rbp
    661b:	48 89 e5             	mov    rbp,rsp
    661e:	48 83 ec 10          	sub    rsp,0x10
    6622:	48 89 7d f8          	mov    QWORD PTR [rbp-0x8],rdi
    6626:	48 8b 45 f8          	mov    rax,QWORD PTR [rbp-0x8]
    662a:	48 8b 10             	mov    rdx,QWORD PTR [rax]
    662d:	48 8b 45 f8          	mov    rax,QWORD PTR [rbp-0x8]
    6631:	48 89 d6             	mov    rsi,rdx
    6634:	48 89 c7             	mov    rdi,rax
    6637:	e8 74 16 00 00       	call   7cb0 <_ZNSt6vectorImSaImEE15_M_erase_at_endEPm>
    663c:	90                   	nop
    663d:	c9                   	leave
    663e:	c3                   	ret
    663f:	90                   	nop

0000000000006640 <_ZNSt6vectorImSaImEE9push_backERKm>:
    6640:	f3 0f 1e fa          	endbr64
    6644:	55                   	push   rbp
    6645:	48 89 e5             	mov    rbp,rsp
    6648:	53                   	push   rbx
    6649:	48 83 ec 48          	sub    rsp,0x48
    664d:	48 89 7d b8          	mov    QWORD PTR [rbp-0x48],rdi
    6651:	48 89 75 b0          	mov    QWORD PTR [rbp-0x50],rsi
    6655:	48 8b 45 b8          	mov    rax,QWORD PTR [rbp-0x48]
    6659:	48 8b 50 08          	mov    rdx,QWORD PTR [rax+0x8]
    665d:	48 8b 45 b8          	mov    rax,QWORD PTR [rbp-0x48]
    6661:	48 8b 40 10          	mov    rax,QWORD PTR [rax+0x10]
    6665:	48 39 c2             	cmp    rdx,rax
    6668:	74 7a                	je     66e4 <_ZNSt6vectorImSaImEE9push_backERKm+0xa4>
    666a:	48 8b 45 b8          	mov    rax,QWORD PTR [rbp-0x48]
    666e:	48 8b 40 08          	mov    rax,QWORD PTR [rax+0x8]
    6672:	48 8b 55 b8          	mov    rdx,QWORD PTR [rbp-0x48]
    6676:	48 89 55 c0          	mov    QWORD PTR [rbp-0x40],rdx
    667a:	48 89 45 c8          	mov    QWORD PTR [rbp-0x38],rax
    667e:	48 8b 45 b0          	mov    rax,QWORD PTR [rbp-0x50]
    6682:	48 89 45 d0          	mov    QWORD PTR [rbp-0x30],rax
    6686:	48 8b 45 d0          	mov    rax,QWORD PTR [rbp-0x30]
    668a:	48 89 c7             	mov    rdi,rax
    668d:	e8 5c 2c 00 00       	call   92ee <_ZSt7forwardIRKmEOT_RNSt16remove_referenceIS2_E4typeE>
    6692:	48 8b 55 c0          	mov    rdx,QWORD PTR [rbp-0x40]
    6696:	48 89 55 d8          	mov    QWORD PTR [rbp-0x28],rdx
    669a:	48 8b 55 c8          	mov    rdx,QWORD PTR [rbp-0x38]
    669e:	48 89 55 e0          	mov    QWORD PTR [rbp-0x20],rdx
    66a2:	48 89 45 e8          	mov    QWORD PTR [rbp-0x18],rax
    66a6:	48 8b 45 e0          	mov    rax,QWORD PTR [rbp-0x20]
    66aa:	48 89 c6             	mov    rsi,rax
    66ad:	bf 08 00 00 00       	mov    edi,0x8
    66b2:	e8 4e f5 ff ff       	call   5c05 <_ZnwmPv>
    66b7:	48 89 c3             	mov    rbx,rax
    66ba:	48 8b 45 e8          	mov    rax,QWORD PTR [rbp-0x18]
    66be:	48 89 c7             	mov    rdi,rax
    66c1:	e8 28 2c 00 00       	call   92ee <_ZSt7forwardIRKmEOT_RNSt16remove_referenceIS2_E4typeE>
    66c6:	48 8b 00             	mov    rax,QWORD PTR [rax]
    66c9:	48 89 03             	mov    QWORD PTR [rbx],rax
    66cc:	90                   	nop
    66cd:	90                   	nop
    66ce:	48 8b 45 b8          	mov    rax,QWORD PTR [rbp-0x48]
    66d2:	48 8b 40 08          	mov    rax,QWORD PTR [rax+0x8]
    66d6:	48 8d 50 08          	lea    rdx,[rax+0x8]
    66da:	48 8b 45 b8          	mov    rax,QWORD PTR [rbp-0x48]
    66de:	48 89 50 08          	mov    QWORD PTR [rax+0x8],rdx
    66e2:	eb 22                	jmp    6706 <_ZNSt6vectorImSaImEE9push_backERKm+0xc6>
    66e4:	48 8b 45 b8          	mov    rax,QWORD PTR [rbp-0x48]
    66e8:	48 89 c7             	mov    rdi,rax
    66eb:	e8 9a fb ff ff       	call   628a <_ZNSt6vectorImSaImEE3endEv>
    66f0:	48 89 c1             	mov    rcx,rax
    66f3:	48 8b 55 b0          	mov    rdx,QWORD PTR [rbp-0x50]
    66f7:	48 8b 45 b8          	mov    rax,QWORD PTR [rbp-0x48]
    66fb:	48 89 ce             	mov    rsi,rcx
    66fe:	48 89 c7             	mov    rdi,rax
    6701:	e8 66 16 00 00       	call   7d6c <_ZNSt6vectorImSaImEE17_M_realloc_insertIJRKmEEEvN9__gnu_cxx17__normal_iteratorIPmS1_EEDpOT_>
    6706:	90                   	nop
    6707:	48 8b 5d f8          	mov    rbx,QWORD PTR [rbp-0x8]
    670b:	c9                   	leave
    670c:	c3                   	ret
    670d:	90                   	nop

000000000000670e <_ZNSt6vectorImSaImEE4dataEv>:
    670e:	f3 0f 1e fa          	endbr64
    6712:	55                   	push   rbp
    6713:	48 89 e5             	mov    rbp,rsp
    6716:	48 83 ec 10          	sub    rsp,0x10
    671a:	48 89 7d f8          	mov    QWORD PTR [rbp-0x8],rdi
    671e:	48 8b 45 f8          	mov    rax,QWORD PTR [rbp-0x8]
    6722:	48 8b 10             	mov    rdx,QWORD PTR [rax]
    6725:	48 8b 45 f8          	mov    rax,QWORD PTR [rbp-0x8]
    6729:	48 89 d6             	mov    rsi,rdx
    672c:	48 89 c7             	mov    rdi,rax
    672f:	e8 bc 1a 00 00       	call   81f0 <_ZNKSt6vectorImSaImEE11_M_data_ptrImEEPT_S4_>
    6734:	c9                   	leave
    6735:	c3                   	ret

0000000000006736 <_ZSt4sortIN9__gnu_cxx17__normal_iteratorIPmSt6vectorImSaImEEEEEvT_S7_>:
    6736:	f3 0f 1e fa          	endbr64
    673a:	55                   	push   rbp
    673b:	48 89 e5             	mov    rbp,rsp
    673e:	48 83 ec 10          	sub    rsp,0x10
    6742:	48 89 7d f8          	mov    QWORD PTR [rbp-0x8],rdi
    6746:	48 89 75 f0          	mov    QWORD PTR [rbp-0x10],rsi
    674a:	e8 2a f5 ff ff       	call   5c79 <_ZN9__gnu_cxx5__ops16__iter_less_iterEv>
    674f:	48 8b 55 f0          	mov    rdx,QWORD PTR [rbp-0x10]
    6753:	48 8b 45 f8          	mov    rax,QWORD PTR [rbp-0x8]
    6757:	48 89 d6             	mov    rsi,rdx
    675a:	48 89 c7             	mov    rdi,rax
    675d:	e8 a4 1a 00 00       	call   8206 <_ZSt6__sortIN9__gnu_cxx17__normal_iteratorIPmSt6vectorImSaImEEEENS0_5__ops15_Iter_less_iterEEvT_S9_T0_>
    6762:	90                   	nop
    6763:	c9                   	leave
    6764:	c3                   	ret

0000000000006765 <_ZN9__gnu_cxxneIPmSt6vectorImSaImEEEEbRKNS_17__normal_iteratorIT_T0_EESA_>:
    6765:	f3 0f 1e fa          	endbr64
    6769:	55                   	push   rbp
    676a:	48 89 e5             	mov    rbp,rsp
    676d:	53                   	push   rbx
    676e:	48 83 ec 18          	sub    rsp,0x18
    6772:	48 89 7d e8          	mov    QWORD PTR [rbp-0x18],rdi
    6776:	48 89 75 e0          	mov    QWORD PTR [rbp-0x20],rsi
    677a:	48 8b 45 e8          	mov    rax,QWORD PTR [rbp-0x18]
    677e:	48 89 c7             	mov    rdi,rax
    6781:	e8 f4 1a 00 00       	call   827a <_ZNK9__gnu_cxx17__normal_iteratorIPmSt6vectorImSaImEEE4baseEv>
    6786:	48 8b 18             	mov    rbx,QWORD PTR [rax]
    6789:	48 8b 45 e0          	mov    rax,QWORD PTR [rbp-0x20]
    678d:	48 89 c7             	mov    rdi,rax
    6790:	e8 e5 1a 00 00       	call   827a <_ZNK9__gnu_cxx17__normal_iteratorIPmSt6vectorImSaImEEE4baseEv>
    6795:	48 8b 00             	mov    rax,QWORD PTR [rax]
    6798:	48 39 c3             	cmp    rbx,rax
    679b:	0f 95 c0             	setne  al
    679e:	48 8b 5d f8          	mov    rbx,QWORD PTR [rbp-0x8]
    67a2:	c9                   	leave
    67a3:	c3                   	ret

00000000000067a4 <_ZN9__gnu_cxx17__normal_iteratorIPmSt6vectorImSaImEEEppEv>:
    67a4:	f3 0f 1e fa          	endbr64
    67a8:	55                   	push   rbp
    67a9:	48 89 e5             	mov    rbp,rsp
    67ac:	48 89 7d f8          	mov    QWORD PTR [rbp-0x8],rdi
    67b0:	48 8b 45 f8          	mov    rax,QWORD PTR [rbp-0x8]
    67b4:	48 8b 00             	mov    rax,QWORD PTR [rax]
    67b7:	48 8d 50 08          	lea    rdx,[rax+0x8]
    67bb:	48 8b 45 f8          	mov    rax,QWORD PTR [rbp-0x8]
    67bf:	48 89 10             	mov    QWORD PTR [rax],rdx
    67c2:	48 8b 45 f8          	mov    rax,QWORD PTR [rbp-0x8]
    67c6:	5d                   	pop    rbp
    67c7:	c3                   	ret

00000000000067c8 <_ZNK9__gnu_cxx17__normal_iteratorIPmSt6vectorImSaImEEEdeEv>:
    67c8:	f3 0f 1e fa          	endbr64
    67cc:	55                   	push   rbp
    67cd:	48 89 e5             	mov    rbp,rsp
    67d0:	48 89 7d f8          	mov    QWORD PTR [rbp-0x8],rdi
    67d4:	48 8b 45 f8          	mov    rax,QWORD PTR [rbp-0x8]
    67d8:	48 8b 00             	mov    rax,QWORD PTR [rax]
    67db:	5d                   	pop    rbp
    67dc:	c3                   	ret
    67dd:	90                   	nop

00000000000067de <_ZNKSt6vectorImSaImEE4sizeEv>:
    67de:	f3 0f 1e fa          	endbr64
    67e2:	55                   	push   rbp
    67e3:	48 89 e5             	mov    rbp,rsp
    67e6:	48 89 7d f8          	mov    QWORD PTR [rbp-0x8],rdi
    67ea:	48 8b 45 f8          	mov    rax,QWORD PTR [rbp-0x8]
    67ee:	48 8b 50 08          	mov    rdx,QWORD PTR [rax+0x8]
    67f2:	48 8b 45 f8          	mov    rax,QWORD PTR [rbp-0x8]
    67f6:	48 8b 00             	mov    rax,QWORD PTR [rax]
    67f9:	48 29 c2             	sub    rdx,rax
    67fc:	48 89 d0             	mov    rax,rdx
    67ff:	48 c1 f8 03          	sar    rax,0x3
    6803:	5d                   	pop    rbp
    6804:	c3                   	ret
    6805:	90                   	nop

0000000000006806 <_ZNKSt6vectorImSaImEE5emptyEv>:
    6806:	f3 0f 1e fa          	endbr64
    680a:	55                   	push   rbp
    680b:	48 89 e5             	mov    rbp,rsp
    680e:	48 83 ec 30          	sub    rsp,0x30
    6812:	48 89 7d d8          	mov    QWORD PTR [rbp-0x28],rdi
    6816:	64 48 8b 04 25 28 00 	mov    rax,QWORD PTR fs:0x28
    681d:	00 00 
    681f:	48 89 45 f8          	mov    QWORD PTR [rbp-0x8],rax
    6823:	31 c0                	xor    eax,eax
    6825:	48 8b 45 d8          	mov    rax,QWORD PTR [rbp-0x28]
    6829:	48 89 c7             	mov    rdi,rax
    682c:	e8 a7 1a 00 00       	call   82d8 <_ZNKSt6vectorImSaImEE3endEv>
    6831:	48 89 45 f0          	mov    QWORD PTR [rbp-0x10],rax
    6835:	48 8b 45 d8          	mov    rax,QWORD PTR [rbp-0x28]
    6839:	48 89 c7             	mov    rdi,rax
    683c:	e8 4b 1a 00 00       	call   828c <_ZNKSt6vectorImSaImEE5beginEv>
    6841:	48 89 45 e8          	mov    QWORD PTR [rbp-0x18],rax
    6845:	48 8d 55 f0          	lea    rdx,[rbp-0x10]
    6849:	48 8d 45 e8          	lea    rax,[rbp-0x18]
    684d:	48 89 d6             	mov    rsi,rdx
    6850:	48 89 c7             	mov    rdi,rax
    6853:	e8 d0 1a 00 00       	call   8328 <_ZN9__gnu_cxxeqIPKmSt6vectorImSaImEEEEbRKNS_17__normal_iteratorIT_T0_EESB_>
    6858:	48 8b 55 f8          	mov    rdx,QWORD PTR [rbp-0x8]
    685c:	64 48 2b 14 25 28 00 	sub    rdx,QWORD PTR fs:0x28
    6863:	00 00 
    6865:	74 05                	je     686c <_ZNKSt6vectorImSaImEE5emptyEv+0x66>
    6867:	e8 34 bd ff ff       	call   25a0 <__stack_chk_fail@plt>
    686c:	c9                   	leave
    686d:	c3                   	ret

000000000000686e <_ZNSt6vectorImSaImEEaSERKS1_>:
    686e:	f3 0f 1e fa          	endbr64
    6872:	55                   	push   rbp
    6873:	48 89 e5             	mov    rbp,rsp
    6876:	41 56                	push   r14
    6878:	41 55                	push   r13
    687a:	41 54                	push   r12
    687c:	53                   	push   rbx
    687d:	48 81 ec 90 00 00 00 	sub    rsp,0x90
    6884:	48 89 bd 58 ff ff ff 	mov    QWORD PTR [rbp-0xa8],rdi
    688b:	48 89 b5 50 ff ff ff 	mov    QWORD PTR [rbp-0xb0],rsi
    6892:	64 48 8b 04 25 28 00 	mov    rax,QWORD PTR fs:0x28
    6899:	00 00 
    689b:	48 89 45 d8          	mov    QWORD PTR [rbp-0x28],rax
    689f:	31 c0                	xor    eax,eax
    68a1:	48 8b 85 50 ff ff ff 	mov    rax,QWORD PTR [rbp-0xb0]
    68a8:	48 89 c7             	mov    rdi,rax
    68ab:	e8 b7 1a 00 00       	call   8367 <_ZSt11__addressofIKSt6vectorImSaImEEEPT_RS4_>
    68b0:	48 39 85 58 ff ff ff 	cmp    QWORD PTR [rbp-0xa8],rax
    68b7:	0f 95 c0             	setne  al
    68ba:	84 c0                	test   al,al
    68bc:	0f 84 ba 03 00 00    	je     6c7c <_ZNSt6vectorImSaImEEaSERKS1_+0x40e>
    68c2:	b8 00 00 00 00       	mov    eax,0x0
    68c7:	84 c0                	test   al,al
    68c9:	0f 84 05 01 00 00    	je     69d4 <_ZNSt6vectorImSaImEEaSERKS1_+0x166>
    68cf:	b8 01 00 00 00       	mov    eax,0x1
    68d4:	83 f0 01             	xor    eax,0x1
    68d7:	84 c0                	test   al,al
    68d9:	74 39                	je     6914 <_ZNSt6vectorImSaImEEaSERKS1_+0xa6>
    68db:	48 8b 85 50 ff ff ff 	mov    rax,QWORD PTR [rbp-0xb0]
    68e2:	48 89 c7             	mov    rdi,rax
    68e5:	e8 90 1a 00 00       	call   837a <_ZNKSt12_Vector_baseImSaImEE19_M_get_Tp_allocatorEv>
    68ea:	48 89 c3             	mov    rbx,rax
    68ed:	48 8b 85 58 ff ff ff 	mov    rax,QWORD PTR [rbp-0xa8]
    68f4:	48 89 c7             	mov    rdi,rax
    68f7:	e8 8c 04 00 00       	call   6d88 <_ZNSt12_Vector_baseImSaImEE19_M_get_Tp_allocatorEv>
    68fc:	48 89 45 88          	mov    QWORD PTR [rbp-0x78],rax
    6900:	48 89 5d 90          	mov    QWORD PTR [rbp-0x70],rbx
    6904:	b8 00 00 00 00       	mov    eax,0x0
    6909:	84 c0                	test   al,al
    690b:	74 07                	je     6914 <_ZNSt6vectorImSaImEEaSERKS1_+0xa6>
    690d:	b8 01 00 00 00       	mov    eax,0x1
    6912:	eb 05                	jmp    6919 <_ZNSt6vectorImSaImEEaSERKS1_+0xab>
    6914:	b8 00 00 00 00       	mov    eax,0x0
    6919:	84 c0                	test   al,al
    691b:	74 7c                	je     6999 <_ZNSt6vectorImSaImEEaSERKS1_+0x12b>
    691d:	48 8b 85 58 ff ff ff 	mov    rax,QWORD PTR [rbp-0xa8]
    6924:	48 89 c7             	mov    rdi,rax
    6927:	e8 ea fc ff ff       	call   6616 <_ZNSt6vectorImSaImEE5clearEv>
    692c:	48 8b 85 58 ff ff ff 	mov    rax,QWORD PTR [rbp-0xa8]
    6933:	48 8b 95 58 ff ff ff 	mov    rdx,QWORD PTR [rbp-0xa8]
    693a:	48 8b 4a 10          	mov    rcx,QWORD PTR [rdx+0x10]
    693e:	48 8b 95 58 ff ff ff 	mov    rdx,QWORD PTR [rbp-0xa8]
    6945:	48 8b 12             	mov    rdx,QWORD PTR [rdx]
    6948:	48 29 d1             	sub    rcx,rdx
    694b:	48 c1 f9 03          	sar    rcx,0x3
    694f:	48 89 ca             	mov    rdx,rcx
    6952:	48 89 d6             	mov    rsi,rdx
    6955:	48 8b 95 58 ff ff ff 	mov    rdx,QWORD PTR [rbp-0xa8]
    695c:	48 8b 0a             	mov    rcx,QWORD PTR [rdx]
    695f:	48 89 f2             	mov    rdx,rsi
    6962:	48 89 ce             	mov    rsi,rcx
    6965:	48 89 c7             	mov    rdi,rax
    6968:	e8 c9 03 00 00       	call   6d36 <_ZNSt12_Vector_baseImSaImEE13_M_deallocateEPmm>
    696d:	48 8b 85 58 ff ff ff 	mov    rax,QWORD PTR [rbp-0xa8]
    6974:	48 c7 00 00 00 00 00 	mov    QWORD PTR [rax],0x0
    697b:	48 8b 85 58 ff ff ff 	mov    rax,QWORD PTR [rbp-0xa8]
    6982:	48 c7 40 08 00 00 00 	mov    QWORD PTR [rax+0x8],0x0
    6989:	00 
    698a:	48 8b 85 58 ff ff ff 	mov    rax,QWORD PTR [rbp-0xa8]
    6991:	48 c7 40 10 00 00 00 	mov    QWORD PTR [rax+0x10],0x0
    6998:	00 
    6999:	48 8b 85 50 ff ff ff 	mov    rax,QWORD PTR [rbp-0xb0]
    69a0:	48 89 c7             	mov    rdi,rax
    69a3:	e8 d2 19 00 00       	call   837a <_ZNKSt12_Vector_baseImSaImEE19_M_get_Tp_allocatorEv>
    69a8:	48 89 c3             	mov    rbx,rax
    69ab:	48 8b 85 58 ff ff ff 	mov    rax,QWORD PTR [rbp-0xa8]
    69b2:	48 89 c7             	mov    rdi,rax
    69b5:	e8 ce 03 00 00       	call   6d88 <_ZNSt12_Vector_baseImSaImEE19_M_get_Tp_allocatorEv>
    69ba:	48 89 45 98          	mov    QWORD PTR [rbp-0x68],rax
    69be:	48 89 5d a0          	mov    QWORD PTR [rbp-0x60],rbx
    69c2:	48 8b 45 98          	mov    rax,QWORD PTR [rbp-0x68]
    69c6:	48 89 45 a8          	mov    QWORD PTR [rbp-0x58],rax
    69ca:	48 8b 45 a0          	mov    rax,QWORD PTR [rbp-0x60]
    69ce:	48 89 45 b0          	mov    QWORD PTR [rbp-0x50],rax
    69d2:	90                   	nop
    69d3:	90                   	nop
    69d4:	48 8b 85 50 ff ff ff 	mov    rax,QWORD PTR [rbp-0xb0]
    69db:	48 89 c7             	mov    rdi,rax
    69de:	e8 fb fd ff ff       	call   67de <_ZNKSt6vectorImSaImEE4sizeEv>
    69e3:	48 89 85 78 ff ff ff 	mov    QWORD PTR [rbp-0x88],rax
    69ea:	48 8b 85 58 ff ff ff 	mov    rax,QWORD PTR [rbp-0xa8]
    69f1:	48 89 c7             	mov    rdi,rax
    69f4:	e8 93 19 00 00       	call   838c <_ZNKSt6vectorImSaImEE8capacityEv>
    69f9:	48 3b 85 78 ff ff ff 	cmp    rax,QWORD PTR [rbp-0x88]
    6a00:	0f 92 c0             	setb   al
    6a03:	84 c0                	test   al,al
    6a05:	0f 84 fc 00 00 00    	je     6b07 <_ZNSt6vectorImSaImEEaSERKS1_+0x299>
    6a0b:	48 8b 85 50 ff ff ff 	mov    rax,QWORD PTR [rbp-0xb0]
    6a12:	48 89 c7             	mov    rdi,rax
    6a15:	e8 be 18 00 00       	call   82d8 <_ZNKSt6vectorImSaImEE3endEv>
    6a1a:	48 89 c3             	mov    rbx,rax
    6a1d:	48 8b 85 50 ff ff ff 	mov    rax,QWORD PTR [rbp-0xb0]
    6a24:	48 89 c7             	mov    rdi,rax
    6a27:	e8 60 18 00 00       	call   828c <_ZNKSt6vectorImSaImEE5beginEv>
    6a2c:	48 89 c2             	mov    rdx,rax
    6a2f:	48 8b b5 78 ff ff ff 	mov    rsi,QWORD PTR [rbp-0x88]
    6a36:	48 8b 85 58 ff ff ff 	mov    rax,QWORD PTR [rbp-0xa8]
    6a3d:	48 89 d9             	mov    rcx,rbx
    6a40:	48 89 c7             	mov    rdi,rax
    6a43:	e8 6c 19 00 00       	call   83b4 <_ZNSt6vectorImSaImEE20_M_allocate_and_copyIN9__gnu_cxx17__normal_iteratorIPKmS1_EEEEPmmT_S9_>
    6a48:	48 89 45 80          	mov    QWORD PTR [rbp-0x80],rax
    6a4c:	48 8b 85 58 ff ff ff 	mov    rax,QWORD PTR [rbp-0xa8]
    6a53:	48 89 c7             	mov    rdi,rax
    6a56:	e8 2d 03 00 00       	call   6d88 <_ZNSt12_Vector_baseImSaImEE19_M_get_Tp_allocatorEv>
    6a5b:	48 8b 95 58 ff ff ff 	mov    rdx,QWORD PTR [rbp-0xa8]
    6a62:	48 8b 52 08          	mov    rdx,QWORD PTR [rdx+0x8]
    6a66:	48 8b 8d 58 ff ff ff 	mov    rcx,QWORD PTR [rbp-0xa8]
    6a6d:	48 8b 09             	mov    rcx,QWORD PTR [rcx]
    6a70:	48 89 4d b8          	mov    QWORD PTR [rbp-0x48],rcx
    6a74:	48 89 55 c0          	mov    QWORD PTR [rbp-0x40],rdx
    6a78:	48 89 45 c8          	mov    QWORD PTR [rbp-0x38],rax
    6a7c:	48 8b 55 c0          	mov    rdx,QWORD PTR [rbp-0x40]
    6a80:	48 8b 45 b8          	mov    rax,QWORD PTR [rbp-0x48]
    6a84:	48 89 d6             	mov    rsi,rdx
    6a87:	48 89 c7             	mov    rdi,rax
    6a8a:	e8 18 1b 00 00       	call   85a7 <_ZSt8_DestroyIPmEvT_S1_>
    6a8f:	90                   	nop
    6a90:	48 8b 85 58 ff ff ff 	mov    rax,QWORD PTR [rbp-0xa8]
    6a97:	48 8b 95 58 ff ff ff 	mov    rdx,QWORD PTR [rbp-0xa8]
    6a9e:	48 8b 4a 10          	mov    rcx,QWORD PTR [rdx+0x10]
    6aa2:	48 8b 95 58 ff ff ff 	mov    rdx,QWORD PTR [rbp-0xa8]
    6aa9:	48 8b 12             	mov    rdx,QWORD PTR [rdx]
    6aac:	48 29 d1             	sub    rcx,rdx
    6aaf:	48 c1 f9 03          	sar    rcx,0x3
    6ab3:	48 89 ca             	mov    rdx,rcx
    6ab6:	48 89 d6             	mov    rsi,rdx
    6ab9:	48 8b 95 58 ff ff ff 	mov    rdx,QWORD PTR [rbp-0xa8]
    6ac0:	48 8b 0a             	mov    rcx,QWORD PTR [rdx]
    6ac3:	48 89 f2             	mov    rdx,rsi
    6ac6:	48 89 ce             	mov    rsi,rcx
    6ac9:	48 89 c7             	mov    rdi,rax
    6acc:	e8 65 02 00 00       	call   6d36 <_ZNSt12_Vector_baseImSaImEE13_M_deallocateEPmm>
    6ad1:	48 8b 85 58 ff ff ff 	mov    rax,QWORD PTR [rbp-0xa8]
    6ad8:	48 8b 55 80          	mov    rdx,QWORD PTR [rbp-0x80]
    6adc:	48 89 10             	mov    QWORD PTR [rax],rdx
    6adf:	48 8b 85 58 ff ff ff 	mov    rax,QWORD PTR [rbp-0xa8]
    6ae6:	48 8b 00             	mov    rax,QWORD PTR [rax]
    6ae9:	48 8b 95 78 ff ff ff 	mov    rdx,QWORD PTR [rbp-0x88]
    6af0:	48 c1 e2 03          	shl    rdx,0x3
    6af4:	48 01 c2             	add    rdx,rax
    6af7:	48 8b 85 58 ff ff ff 	mov    rax,QWORD PTR [rbp-0xa8]
    6afe:	48 89 50 10          	mov    QWORD PTR [rax+0x10],rdx
    6b02:	e9 52 01 00 00       	jmp    6c59 <_ZNSt6vectorImSaImEEaSERKS1_+0x3eb>
    6b07:	48 8b 85 58 ff ff ff 	mov    rax,QWORD PTR [rbp-0xa8]
    6b0e:	48 89 c7             	mov    rdi,rax
    6b11:	e8 c8 fc ff ff       	call   67de <_ZNKSt6vectorImSaImEE4sizeEv>
    6b16:	48 3b 85 78 ff ff ff 	cmp    rax,QWORD PTR [rbp-0x88]
    6b1d:	0f 93 c0             	setae  al
    6b20:	84 c0                	test   al,al
    6b22:	0f 84 95 00 00 00    	je     6bbd <_ZNSt6vectorImSaImEEaSERKS1_+0x34f>
    6b28:	48 8b 85 58 ff ff ff 	mov    rax,QWORD PTR [rbp-0xa8]
    6b2f:	48 89 c7             	mov    rdi,rax
    6b32:	e8 51 02 00 00       	call   6d88 <_ZNSt12_Vector_baseImSaImEE19_M_get_Tp_allocatorEv>
    6b37:	48 89 c3             	mov    rbx,rax
    6b3a:	48 8b 85 58 ff ff ff 	mov    rax,QWORD PTR [rbp-0xa8]
    6b41:	48 89 c7             	mov    rdi,rax
    6b44:	e8 41 f7 ff ff       	call   628a <_ZNSt6vectorImSaImEE3endEv>
    6b49:	49 89 c4             	mov    r12,rax
    6b4c:	48 8b 85 58 ff ff ff 	mov    rax,QWORD PTR [rbp-0xa8]
    6b53:	48 89 c7             	mov    rdi,rax
    6b56:	e8 e3 f6 ff ff       	call   623e <_ZNSt6vectorImSaImEE5beginEv>
    6b5b:	49 89 c6             	mov    r14,rax
    6b5e:	48 8b 85 50 ff ff ff 	mov    rax,QWORD PTR [rbp-0xb0]
    6b65:	48 89 c7             	mov    rdi,rax
    6b68:	e8 6b 17 00 00       	call   82d8 <_ZNKSt6vectorImSaImEE3endEv>
    6b6d:	49 89 c5             	mov    r13,rax
    6b70:	48 8b 85 50 ff ff ff 	mov    rax,QWORD PTR [rbp-0xb0]
    6b77:	48 89 c7             	mov    rdi,rax
    6b7a:	e8 0d 17 00 00       	call   828c <_ZNKSt6vectorImSaImEE5beginEv>
    6b7f:	4c 89 f2             	mov    rdx,r14
    6b82:	4c 89 ee             	mov    rsi,r13
    6b85:	48 89 c7             	mov    rdi,rax
    6b88:	e8 c9 18 00 00       	call   8456 <_ZSt4copyIN9__gnu_cxx17__normal_iteratorIPKmSt6vectorImSaImEEEENS1_IPmS6_EEET0_T_SB_SA_>
    6b8d:	48 89 85 68 ff ff ff 	mov    QWORD PTR [rbp-0x98],rax
    6b94:	4c 89 a5 70 ff ff ff 	mov    QWORD PTR [rbp-0x90],r12
    6b9b:	48 89 5d d0          	mov    QWORD PTR [rbp-0x30],rbx
    6b9f:	48 8b 95 70 ff ff ff 	mov    rdx,QWORD PTR [rbp-0x90]
    6ba6:	48 8b 85 68 ff ff ff 	mov    rax,QWORD PTR [rbp-0x98]
    6bad:	48 89 d6             	mov    rsi,rdx
    6bb0:	48 89 c7             	mov    rdi,rax
    6bb3:	e8 d7 29 00 00       	call   958f <_ZSt8_DestroyIN9__gnu_cxx17__normal_iteratorIPmSt6vectorImSaImEEEEEvT_S7_>
    6bb8:	e9 9c 00 00 00       	jmp    6c59 <_ZNSt6vectorImSaImEEaSERKS1_+0x3eb>
    6bbd:	48 8b 85 58 ff ff ff 	mov    rax,QWORD PTR [rbp-0xa8]
    6bc4:	48 8b 18             	mov    rbx,QWORD PTR [rax]
    6bc7:	48 8b 85 50 ff ff ff 	mov    rax,QWORD PTR [rbp-0xb0]
    6bce:	4c 8b 20             	mov    r12,QWORD PTR [rax]
    6bd1:	48 8b 85 58 ff ff ff 	mov    rax,QWORD PTR [rbp-0xa8]
    6bd8:	48 89 c7             	mov    rdi,rax
    6bdb:	e8 fe fb ff ff       	call   67de <_ZNKSt6vectorImSaImEE4sizeEv>
    6be0:	48 c1 e0 03          	shl    rax,0x3
    6be4:	49 8d 0c 04          	lea    rcx,[r12+rax*1]
    6be8:	48 8b 85 50 ff ff ff 	mov    rax,QWORD PTR [rbp-0xb0]
    6bef:	48 8b 00             	mov    rax,QWORD PTR [rax]
    6bf2:	48 89 da             	mov    rdx,rbx
    6bf5:	48 89 ce             	mov    rsi,rcx
    6bf8:	48 89 c7             	mov    rdi,rax
    6bfb:	e8 a5 18 00 00       	call   84a5 <_ZSt4copyIPmS0_ET0_T_S2_S1_>
    6c00:	48 8b 85 58 ff ff ff 	mov    rax,QWORD PTR [rbp-0xa8]
    6c07:	48 89 c7             	mov    rdi,rax
    6c0a:	e8 79 01 00 00       	call   6d88 <_ZNSt12_Vector_baseImSaImEE19_M_get_Tp_allocatorEv>
    6c0f:	49 89 c5             	mov    r13,rax
    6c12:	48 8b 85 58 ff ff ff 	mov    rax,QWORD PTR [rbp-0xa8]
    6c19:	4c 8b 60 08          	mov    r12,QWORD PTR [rax+0x8]
    6c1d:	48 8b 85 50 ff ff ff 	mov    rax,QWORD PTR [rbp-0xb0]
    6c24:	48 8b 58 08          	mov    rbx,QWORD PTR [rax+0x8]
    6c28:	48 8b 85 50 ff ff ff 	mov    rax,QWORD PTR [rbp-0xb0]
    6c2f:	4c 8b 30             	mov    r14,QWORD PTR [rax]
    6c32:	48 8b 85 58 ff ff ff 	mov    rax,QWORD PTR [rbp-0xa8]
    6c39:	48 89 c7             	mov    rdi,rax
    6c3c:	e8 9d fb ff ff       	call   67de <_ZNKSt6vectorImSaImEE4sizeEv>
    6c41:	48 c1 e0 03          	shl    rax,0x3
    6c45:	4c 01 f0             	add    rax,r14
    6c48:	4c 89 e9             	mov    rcx,r13
    6c4b:	4c 89 e2             	mov    rdx,r12
    6c4e:	48 89 de             	mov    rsi,rbx
    6c51:	48 89 c7             	mov    rdi,rax
    6c54:	e8 9b 18 00 00       	call   84f4 <_ZSt22__uninitialized_copy_aIPmS0_mET0_T_S2_S1_RSaIT1_E>
    6c59:	48 8b 85 58 ff ff ff 	mov    rax,QWORD PTR [rbp-0xa8]
    6c60:	48 8b 00             	mov    rax,QWORD PTR [rax]
    6c63:	48 8b 95 78 ff ff ff 	mov    rdx,QWORD PTR [rbp-0x88]
    6c6a:	48 c1 e2 03          	shl    rdx,0x3
    6c6e:	48 01 c2             	add    rdx,rax
    6c71:	48 8b 85 58 ff ff ff 	mov    rax,QWORD PTR [rbp-0xa8]
    6c78:	48 89 50 08          	mov    QWORD PTR [rax+0x8],rdx
    6c7c:	48 8b 85 58 ff ff ff 	mov    rax,QWORD PTR [rbp-0xa8]
    6c83:	48 8b 55 d8          	mov    rdx,QWORD PTR [rbp-0x28]
    6c87:	64 48 2b 14 25 28 00 	sub    rdx,QWORD PTR fs:0x28
    6c8e:	00 00 
    6c90:	74 05                	je     6c97 <_ZNSt6vectorImSaImEEaSERKS1_+0x429>
    6c92:	e8 09 b9 ff ff       	call   25a0 <__stack_chk_fail@plt>
    6c97:	48 81 c4 90 00 00 00 	add    rsp,0x90
    6c9e:	5b                   	pop    rbx
    6c9f:	41 5c                	pop    r12
    6ca1:	41 5d                	pop    r13
    6ca3:	41 5e                	pop    r14
    6ca5:	5d                   	pop    rbp
    6ca6:	c3                   	ret

0000000000006ca7 <_ZSt4findIN9__gnu_cxx17__normal_iteratorIPmSt6vectorImSaImEEEEmET_S7_S7_RKT0_>:
    6ca7:	f3 0f 1e fa          	endbr64
    6cab:	55                   	push   rbp
    6cac:	48 89 e5             	mov    rbp,rsp
    6caf:	48 83 ec 20          	sub    rsp,0x20
    6cb3:	48 89 7d f8          	mov    QWORD PTR [rbp-0x8],rdi
    6cb7:	48 89 75 f0          	mov    QWORD PTR [rbp-0x10],rsi
    6cbb:	48 89 55 e8          	mov    QWORD PTR [rbp-0x18],rdx
    6cbf:	48 8b 45 e8          	mov    rax,QWORD PTR [rbp-0x18]
    6cc3:	48 89 c7             	mov    rdi,rax
    6cc6:	e8 5e 18 00 00       	call   8529 <_ZN9__gnu_cxx5__ops17__iter_equals_valIKmEENS0_16_Iter_equals_valIT_EERS4_>
    6ccb:	48 89 c2             	mov    rdx,rax
    6cce:	48 8b 4d f0          	mov    rcx,QWORD PTR [rbp-0x10]
    6cd2:	48 8b 45 f8          	mov    rax,QWORD PTR [rbp-0x8]
    6cd6:	48 89 ce             	mov    rsi,rcx
    6cd9:	48 89 c7             	mov    rdi,rax
    6cdc:	e8 94 18 00 00       	call   8575 <_ZSt9__find_ifIN9__gnu_cxx17__normal_iteratorIPmSt6vectorImSaImEEEENS0_5__ops16_Iter_equals_valIKmEEET_SB_SB_T0_>
    6ce1:	c9                   	leave
    6ce2:	c3                   	ret
    6ce3:	90                   	nop

0000000000006ce4 <_ZNSt15__new_allocatorIcED1Ev>:
    6ce4:	f3 0f 1e fa          	endbr64
    6ce8:	55                   	push   rbp
    6ce9:	48 89 e5             	mov    rbp,rsp
    6cec:	48 89 7d f8          	mov    QWORD PTR [rbp-0x8],rdi
    6cf0:	90                   	nop
    6cf1:	5d                   	pop    rbp
    6cf2:	c3                   	ret
    6cf3:	90                   	nop

0000000000006cf4 <_ZNSt12_Vector_baseImSaImEE17_Vector_impl_dataC1Ev>:
    6cf4:	f3 0f 1e fa          	endbr64
    6cf8:	55                   	push   rbp
    6cf9:	48 89 e5             	mov    rbp,rsp
    6cfc:	48 89 7d f8          	mov    QWORD PTR [rbp-0x8],rdi
    6d00:	48 8b 45 f8          	mov    rax,QWORD PTR [rbp-0x8]
    6d04:	48 c7 00 00 00 00 00 	mov    QWORD PTR [rax],0x0
    6d0b:	48 8b 45 f8          	mov    rax,QWORD PTR [rbp-0x8]
    6d0f:	48 c7 40 08 00 00 00 	mov    QWORD PTR [rax+0x8],0x0
    6d16:	00 
    6d17:	48 8b 45 f8          	mov    rax,QWORD PTR [rbp-0x8]
    6d1b:	48 c7 40 10 00 00 00 	mov    QWORD PTR [rax+0x10],0x0
    6d22:	00 
    6d23:	90                   	nop
    6d24:	5d                   	pop    rbp
    6d25:	c3                   	ret

0000000000006d26 <_ZNSt15__new_allocatorImED1Ev>:
    6d26:	f3 0f 1e fa          	endbr64
    6d2a:	55                   	push   rbp
    6d2b:	48 89 e5             	mov    rbp,rsp
    6d2e:	48 89 7d f8          	mov    QWORD PTR [rbp-0x8],rdi
    6d32:	90                   	nop
    6d33:	5d                   	pop    rbp
    6d34:	c3                   	ret
    6d35:	90                   	nop

0000000000006d36 <_ZNSt12_Vector_baseImSaImEE13_M_deallocateEPmm>:
    6d36:	f3 0f 1e fa          	endbr64
    6d3a:	55                   	push   rbp
    6d3b:	48 89 e5             	mov    rbp,rsp
    6d3e:	48 83 ec 40          	sub    rsp,0x40
    6d42:	48 89 7d d8          	mov    QWORD PTR [rbp-0x28],rdi
    6d46:	48 89 75 d0          	mov    QWORD PTR [rbp-0x30],rsi
    6d4a:	48 89 55 c8          	mov    QWORD PTR [rbp-0x38],rdx
    6d4e:	48 83 7d d0 00       	cmp    QWORD PTR [rbp-0x30],0x0
    6d53:	74 30                	je     6d85 <_ZNSt12_Vector_baseImSaImEE13_M_deallocateEPmm+0x4f>
    6d55:	48 8b 45 d8          	mov    rax,QWORD PTR [rbp-0x28]
    6d59:	48 89 45 e8          	mov    QWORD PTR [rbp-0x18],rax
    6d5d:	48 8b 45 d0          	mov    rax,QWORD PTR [rbp-0x30]
    6d61:	48 89 45 f0          	mov    QWORD PTR [rbp-0x10],rax
    6d65:	48 8b 45 c8          	mov    rax,QWORD PTR [rbp-0x38]
    6d69:	48 89 45 f8          	mov    QWORD PTR [rbp-0x8],rax
    6d6d:	48 8b 55 f8          	mov    rdx,QWORD PTR [rbp-0x8]
    6d71:	48 8b 4d f0          	mov    rcx,QWORD PTR [rbp-0x10]
    6d75:	48 8b 45 e8          	mov    rax,QWORD PTR [rbp-0x18]
    6d79:	48 89 ce             	mov    rsi,rcx
    6d7c:	48 89 c7             	mov    rdi,rax
    6d7f:	e8 b6 2a 00 00       	call   983a <_ZNSt15__new_allocatorImE10deallocateEPmm>
    6d84:	90                   	nop
    6d85:	90                   	nop
    6d86:	c9                   	leave
    6d87:	c3                   	ret

0000000000006d88 <_ZNSt12_Vector_baseImSaImEE19_M_get_Tp_allocatorEv>:
    6d88:	f3 0f 1e fa          	endbr64
    6d8c:	55                   	push   rbp
    6d8d:	48 89 e5             	mov    rbp,rsp
    6d90:	48 89 7d f8          	mov    QWORD PTR [rbp-0x8],rdi
    6d94:	48 8b 45 f8          	mov    rax,QWORD PTR [rbp-0x8]
    6d98:	5d                   	pop    rbp
    6d99:	c3                   	ret

0000000000006d9a <_ZSt4moveIRmEONSt16remove_referenceIT_E4typeEOS2_>:
    6d9a:	f3 0f 1e fa          	endbr64
    6d9e:	55                   	push   rbp
    6d9f:	48 89 e5             	mov    rbp,rsp
    6da2:	48 89 7d f8          	mov    QWORD PTR [rbp-0x8],rdi
    6da6:	48 8b 45 f8          	mov    rax,QWORD PTR [rbp-0x8]
    6daa:	5d                   	pop    rbp
    6dab:	c3                   	ret

0000000000006dac <_ZNSt6vectorImSaImEE12emplace_backIJmEEEvDpOT_>:
    6dac:	f3 0f 1e fa          	endbr64
    6db0:	55                   	push   rbp
    6db1:	48 89 e5             	mov    rbp,rsp
    6db4:	53                   	push   rbx
    6db5:	48 83 ec 48          	sub    rsp,0x48
    6db9:	48 89 7d b8          	mov    QWORD PTR [rbp-0x48],rdi
    6dbd:	48 89 75 b0          	mov    QWORD PTR [rbp-0x50],rsi
    6dc1:	48 8b 45 b8          	mov    rax,QWORD PTR [rbp-0x48]
    6dc5:	48 8b 50 08          	mov    rdx,QWORD PTR [rax+0x8]
    6dc9:	48 8b 45 b8          	mov    rax,QWORD PTR [rbp-0x48]
    6dcd:	48 8b 40 10          	mov    rax,QWORD PTR [rax+0x10]
    6dd1:	48 39 c2             	cmp    rdx,rax
    6dd4:	0f 84 82 00 00 00    	je     6e5c <_ZNSt6vectorImSaImEE12emplace_backIJmEEEvDpOT_+0xb0>
    6dda:	48 8b 45 b0          	mov    rax,QWORD PTR [rbp-0x50]
    6dde:	48 89 c7             	mov    rdi,rax
    6de1:	e8 eb 17 00 00       	call   85d1 <_ZSt7forwardImEOT_RNSt16remove_referenceIS0_E4typeE>
    6de6:	48 8b 55 b8          	mov    rdx,QWORD PTR [rbp-0x48]
    6dea:	48 8b 52 08          	mov    rdx,QWORD PTR [rdx+0x8]
    6dee:	48 8b 4d b8          	mov    rcx,QWORD PTR [rbp-0x48]
    6df2:	48 89 4d c0          	mov    QWORD PTR [rbp-0x40],rcx
    6df6:	48 89 55 c8          	mov    QWORD PTR [rbp-0x38],rdx
    6dfa:	48 89 45 d0          	mov    QWORD PTR [rbp-0x30],rax
    6dfe:	48 8b 45 d0          	mov    rax,QWORD PTR [rbp-0x30]
    6e02:	48 89 c7             	mov    rdi,rax
    6e05:	e8 c7 17 00 00       	call   85d1 <_ZSt7forwardImEOT_RNSt16remove_referenceIS0_E4typeE>
    6e0a:	48 8b 55 c0          	mov    rdx,QWORD PTR [rbp-0x40]
    6e0e:	48 89 55 d8          	mov    QWORD PTR [rbp-0x28],rdx
    6e12:	48 8b 55 c8          	mov    rdx,QWORD PTR [rbp-0x38]
    6e16:	48 89 55 e0          	mov    QWORD PTR [rbp-0x20],rdx
    6e1a:	48 89 45 e8          	mov    QWORD PTR [rbp-0x18],rax
    6e1e:	48 8b 45 e0          	mov    rax,QWORD PTR [rbp-0x20]
    6e22:	48 89 c6             	mov    rsi,rax
    6e25:	bf 08 00 00 00       	mov    edi,0x8
    6e2a:	e8 d6 ed ff ff       	call   5c05 <_ZnwmPv>
    6e2f:	48 89 c3             	mov    rbx,rax
    6e32:	48 8b 45 e8          	mov    rax,QWORD PTR [rbp-0x18]
    6e36:	48 89 c7             	mov    rdi,rax
    6e39:	e8 93 17 00 00       	call   85d1 <_ZSt7forwardImEOT_RNSt16remove_referenceIS0_E4typeE>
    6e3e:	48 8b 00             	mov    rax,QWORD PTR [rax]
    6e41:	48 89 03             	mov    QWORD PTR [rbx],rax
    6e44:	90                   	nop
    6e45:	90                   	nop
    6e46:	48 8b 45 b8          	mov    rax,QWORD PTR [rbp-0x48]
    6e4a:	48 8b 40 08          	mov    rax,QWORD PTR [rax+0x8]
    6e4e:	48 8d 50 08          	lea    rdx,[rax+0x8]
    6e52:	48 8b 45 b8          	mov    rax,QWORD PTR [rbp-0x48]
    6e56:	48 89 50 08          	mov    QWORD PTR [rax+0x8],rdx
    6e5a:	eb 30                	jmp    6e8c <_ZNSt6vectorImSaImEE12emplace_backIJmEEEvDpOT_+0xe0>
    6e5c:	48 8b 45 b0          	mov    rax,QWORD PTR [rbp-0x50]
    6e60:	48 89 c7             	mov    rdi,rax
    6e63:	e8 69 17 00 00       	call   85d1 <_ZSt7forwardImEOT_RNSt16remove_referenceIS0_E4typeE>
    6e68:	48 89 c3             	mov    rbx,rax
    6e6b:	48 8b 45 b8          	mov    rax,QWORD PTR [rbp-0x48]
    6e6f:	48 89 c7             	mov    rdi,rax
    6e72:	e8 13 f4 ff ff       	call   628a <_ZNSt6vectorImSaImEE3endEv>
    6e77:	48 89 c1             	mov    rcx,rax
    6e7a:	48 8b 45 b8          	mov    rax,QWORD PTR [rbp-0x48]
    6e7e:	48 89 da             	mov    rdx,rbx
    6e81:	48 89 ce             	mov    rsi,rcx
    6e84:	48 89 c7             	mov    rdi,rax
    6e87:	e8 58 17 00 00       	call   85e4 <_ZNSt6vectorImSaImEE17_M_realloc_insertIJmEEEvN9__gnu_cxx17__normal_iteratorIPmS1_EEDpOT_>
    6e8c:	90                   	nop
    6e8d:	48 8b 5d f8          	mov    rbx,QWORD PTR [rbp-0x8]
    6e91:	c9                   	leave
    6e92:	c3                   	ret

0000000000006e93 <_ZSt4moveIRSt6vectorImSaImEEEONSt16remove_referenceIT_E4typeEOS5_>:
    6e93:	f3 0f 1e fa          	endbr64
    6e97:	55                   	push   rbp
    6e98:	48 89 e5             	mov    rbp,rsp
    6e9b:	48 89 7d f8          	mov    QWORD PTR [rbp-0x8],rdi
    6e9f:	48 8b 45 f8          	mov    rax,QWORD PTR [rbp-0x8]
    6ea3:	5d                   	pop    rbp
    6ea4:	c3                   	ret
    6ea5:	90                   	nop

0000000000006ea6 <_ZNSt6vectorImSaImEE14_M_move_assignEOS1_St17integral_constantIbLb1EE>:
    6ea6:	f3 0f 1e fa          	endbr64
    6eaa:	55                   	push   rbp
    6eab:	48 89 e5             	mov    rbp,rsp
    6eae:	53                   	push   rbx
    6eaf:	48 83 ec 68          	sub    rsp,0x68
    6eb3:	48 89 7d 98          	mov    QWORD PTR [rbp-0x68],rdi
    6eb7:	48 89 75 90          	mov    QWORD PTR [rbp-0x70],rsi
    6ebb:	64 48 8b 04 25 28 00 	mov    rax,QWORD PTR fs:0x28
    6ec2:	00 00 
    6ec4:	48 89 45 e8          	mov    QWORD PTR [rbp-0x18],rax
    6ec8:	31 c0                	xor    eax,eax
    6eca:	48 8b 55 98          	mov    rdx,QWORD PTR [rbp-0x68]
    6ece:	48 8d 45 af          	lea    rax,[rbp-0x51]
    6ed2:	48 89 d6             	mov    rsi,rdx
    6ed5:	48 89 c7             	mov    rdi,rax
    6ed8:	e8 8b 1b 00 00       	call   8a68 <_ZNKSt12_Vector_baseImSaImEE13get_allocatorEv>
    6edd:	48 8d 55 af          	lea    rdx,[rbp-0x51]
    6ee1:	48 8d 45 d0          	lea    rax,[rbp-0x30]
    6ee5:	48 89 d6             	mov    rsi,rdx
    6ee8:	48 89 c7             	mov    rdi,rax
    6eeb:	e8 be 1b 00 00       	call   8aae <_ZNSt6vectorImSaImEEC1ERKS0_>
    6ef0:	48 8d 45 af          	lea    rax,[rbp-0x51]
    6ef4:	48 89 c7             	mov    rdi,rax
    6ef7:	e8 2a fe ff ff       	call   6d26 <_ZNSt15__new_allocatorImED1Ev>
    6efc:	90                   	nop
    6efd:	48 8b 45 98          	mov    rax,QWORD PTR [rbp-0x68]
    6f01:	48 8b 55 90          	mov    rdx,QWORD PTR [rbp-0x70]
    6f05:	48 89 d6             	mov    rsi,rdx
    6f08:	48 89 c7             	mov    rdi,rax
    6f0b:	e8 c8 1b 00 00       	call   8ad8 <_ZNSt12_Vector_baseImSaImEE17_Vector_impl_data12_M_swap_dataERS2_>
    6f10:	48 8b 55 90          	mov    rdx,QWORD PTR [rbp-0x70]
    6f14:	48 8d 45 d0          	lea    rax,[rbp-0x30]
    6f18:	48 89 d6             	mov    rsi,rdx
    6f1b:	48 89 c7             	mov    rdi,rax
    6f1e:	e8 b5 1b 00 00       	call   8ad8 <_ZNSt12_Vector_baseImSaImEE17_Vector_impl_data12_M_swap_dataERS2_>
    6f23:	48 8b 45 90          	mov    rax,QWORD PTR [rbp-0x70]
    6f27:	48 89 c7             	mov    rdi,rax
    6f2a:	e8 59 fe ff ff       	call   6d88 <_ZNSt12_Vector_baseImSaImEE19_M_get_Tp_allocatorEv>
    6f2f:	48 89 c3             	mov    rbx,rax
    6f32:	48 8b 45 98          	mov    rax,QWORD PTR [rbp-0x68]
    6f36:	48 89 c7             	mov    rdi,rax
    6f39:	e8 4a fe ff ff       	call   6d88 <_ZNSt12_Vector_baseImSaImEE19_M_get_Tp_allocatorEv>
    6f3e:	48 89 45 b0          	mov    QWORD PTR [rbp-0x50],rax
    6f42:	48 89 5d b8          	mov    QWORD PTR [rbp-0x48],rbx
    6f46:	48 8b 45 b0          	mov    rax,QWORD PTR [rbp-0x50]
    6f4a:	48 89 45 c0          	mov    QWORD PTR [rbp-0x40],rax
    6f4e:	48 8b 45 b8          	mov    rax,QWORD PTR [rbp-0x48]
    6f52:	48 89 45 c8          	mov    QWORD PTR [rbp-0x38],rax
    6f56:	48 8b 45 c8          	mov    rax,QWORD PTR [rbp-0x38]
    6f5a:	48 89 c7             	mov    rdi,rax
    6f5d:	e8 4f 33 00 00       	call   a2b1 <_ZSt4moveIRSaImEEONSt16remove_referenceIT_E4typeEOS3_>
    6f62:	90                   	nop
    6f63:	90                   	nop
    6f64:	48 8d 45 d0          	lea    rax,[rbp-0x30]
    6f68:	48 89 c7             	mov    rdi,rax
    6f6b:	e8 bc f0 ff ff       	call   602c <_ZNSt6vectorImSaImEED1Ev>
    6f70:	48 8b 45 e8          	mov    rax,QWORD PTR [rbp-0x18]
    6f74:	64 48 2b 04 25 28 00 	sub    rax,QWORD PTR fs:0x28
    6f7b:	00 00 
    6f7d:	74 05                	je     6f84 <_ZNSt6vectorImSaImEE14_M_move_assignEOS1_St17integral_constantIbLb1EE+0xde>
    6f7f:	e8 1c b6 ff ff       	call   25a0 <__stack_chk_fail@plt>
    6f84:	48 8b 5d f8          	mov    rbx,QWORD PTR [rbp-0x8]
    6f88:	c9                   	leave
    6f89:	c3                   	ret

0000000000006f8a <_ZNSt6vectorImSaImEE17_S_check_init_lenEmRKS0_>:
    6f8a:	f3 0f 1e fa          	endbr64
    6f8e:	55                   	push   rbp
    6f8f:	48 89 e5             	mov    rbp,rsp
    6f92:	53                   	push   rbx
    6f93:	48 83 ec 48          	sub    rsp,0x48
    6f97:	48 89 7d b8          	mov    QWORD PTR [rbp-0x48],rdi
    6f9b:	48 89 75 b0          	mov    QWORD PTR [rbp-0x50],rsi
    6f9f:	64 48 8b 04 25 28 00 	mov    rax,QWORD PTR fs:0x28
    6fa6:	00 00 
    6fa8:	48 89 45 e8          	mov    QWORD PTR [rbp-0x18],rax
    6fac:	31 c0                	xor    eax,eax
    6fae:	48 8b 45 b0          	mov    rax,QWORD PTR [rbp-0x50]
    6fb2:	48 89 45 d0          	mov    QWORD PTR [rbp-0x30],rax
    6fb6:	48 8d 45 cf          	lea    rax,[rbp-0x31]
    6fba:	48 89 45 d8          	mov    QWORD PTR [rbp-0x28],rax
    6fbe:	48 8b 45 d0          	mov    rax,QWORD PTR [rbp-0x30]
    6fc2:	48 89 45 e0          	mov    QWORD PTR [rbp-0x20],rax
    6fc6:	90                   	nop
    6fc7:	90                   	nop
    6fc8:	48 8d 45 cf          	lea    rax,[rbp-0x31]
    6fcc:	48 89 c7             	mov    rdi,rax
    6fcf:	e8 83 1b 00 00       	call   8b57 <_ZNSt6vectorImSaImEE11_S_max_sizeERKS0_>
    6fd4:	48 3b 45 b8          	cmp    rax,QWORD PTR [rbp-0x48]
    6fd8:	0f 92 c3             	setb   bl
    6fdb:	48 8d 45 cf          	lea    rax,[rbp-0x31]
    6fdf:	48 89 c7             	mov    rdi,rax
    6fe2:	e8 3f fd ff ff       	call   6d26 <_ZNSt15__new_allocatorImED1Ev>
    6fe7:	90                   	nop
    6fe8:	84 db                	test   bl,bl
    6fea:	74 23                	je     700f <_ZNSt6vectorImSaImEE17_S_check_init_lenEmRKS0_+0x85>
    6fec:	48 8b 45 e8          	mov    rax,QWORD PTR [rbp-0x18]
    6ff0:	64 48 2b 04 25 28 00 	sub    rax,QWORD PTR fs:0x28
    6ff7:	00 00 
    6ff9:	74 05                	je     7000 <_ZNSt6vectorImSaImEE17_S_check_init_lenEmRKS0_+0x76>
    6ffb:	e8 a0 b5 ff ff       	call   25a0 <__stack_chk_fail@plt>
    7000:	48 8d 05 61 55 00 00 	lea    rax,[rip+0x5561]        # c568 <_ZStL19piecewise_construct+0x560>
    7007:	48 89 c7             	mov    rdi,rax
    700a:	e8 b1 b4 ff ff       	call   24c0 <_ZSt20__throw_length_errorPKc@plt>
    700f:	48 8b 45 b8          	mov    rax,QWORD PTR [rbp-0x48]
    7013:	48 8b 55 e8          	mov    rdx,QWORD PTR [rbp-0x18]
    7017:	64 48 2b 14 25 28 00 	sub    rdx,QWORD PTR fs:0x28
    701e:	00 00 
    7020:	74 05                	je     7027 <_ZNSt6vectorImSaImEE17_S_check_init_lenEmRKS0_+0x9d>
    7022:	e8 79 b5 ff ff       	call   25a0 <__stack_chk_fail@plt>
    7027:	48 8b 5d f8          	mov    rbx,QWORD PTR [rbp-0x8]
    702b:	c9                   	leave
    702c:	c3                   	ret
    702d:	90                   	nop

000000000000702e <_ZNSt12_Vector_baseImSaImEEC1EmRKS0_>:
    702e:	f3 0f 1e fa          	endbr64
    7032:	55                   	push   rbp
    7033:	48 89 e5             	mov    rbp,rsp
    7036:	53                   	push   rbx
    7037:	48 83 ec 28          	sub    rsp,0x28
    703b:	48 89 7d e8          	mov    QWORD PTR [rbp-0x18],rdi
    703f:	48 89 75 e0          	mov    QWORD PTR [rbp-0x20],rsi
    7043:	48 89 55 d8          	mov    QWORD PTR [rbp-0x28],rdx
    7047:	48 8b 45 e8          	mov    rax,QWORD PTR [rbp-0x18]
    704b:	48 8b 55 d8          	mov    rdx,QWORD PTR [rbp-0x28]
    704f:	48 89 d6             	mov    rsi,rdx
    7052:	48 89 c7             	mov    rdi,rax
    7055:	e8 7e 1b 00 00       	call   8bd8 <_ZNSt12_Vector_baseImSaImEE12_Vector_implC1ERKS0_>
    705a:	48 8b 55 e0          	mov    rdx,QWORD PTR [rbp-0x20]
    705e:	48 8b 45 e8          	mov    rax,QWORD PTR [rbp-0x18]
    7062:	48 89 d6             	mov    rsi,rdx
    7065:	48 89 c7             	mov    rdi,rax
    7068:	e8 b1 1b 00 00       	call   8c1e <_ZNSt12_Vector_baseImSaImEE17_M_create_storageEm>
    706d:	eb 1e                	jmp    708d <_ZNSt12_Vector_baseImSaImEEC1EmRKS0_+0x5f>
    706f:	f3 0f 1e fa          	endbr64
    7073:	48 89 c3             	mov    rbx,rax
    7076:	48 8b 45 e8          	mov    rax,QWORD PTR [rbp-0x18]
    707a:	48 89 c7             	mov    rdi,rax
    707d:	e8 7c ec ff ff       	call   5cfe <_ZNSt12_Vector_baseImSaImEE12_Vector_implD1Ev>
    7082:	48 89 d8             	mov    rax,rbx
    7085:	48 89 c7             	mov    rdi,rax
    7088:	e8 a3 b6 ff ff       	call   2730 <_Unwind_Resume@plt>
    708d:	48 8b 5d f8          	mov    rbx,QWORD PTR [rbp-0x8]
    7091:	c9                   	leave
    7092:	c3                   	ret
    7093:	90                   	nop

0000000000007094 <_ZNSt6vectorImSaImEE21_M_default_initializeEm>:
    7094:	f3 0f 1e fa          	endbr64
    7098:	55                   	push   rbp
    7099:	48 89 e5             	mov    rbp,rsp
    709c:	48 83 ec 10          	sub    rsp,0x10
    70a0:	48 89 7d f8          	mov    QWORD PTR [rbp-0x8],rdi
    70a4:	48 89 75 f0          	mov    QWORD PTR [rbp-0x10],rsi
    70a8:	48 8b 45 f8          	mov    rax,QWORD PTR [rbp-0x8]
    70ac:	48 89 c7             	mov    rdi,rax
    70af:	e8 d4 fc ff ff       	call   6d88 <_ZNSt12_Vector_baseImSaImEE19_M_get_Tp_allocatorEv>
    70b4:	48 89 c2             	mov    rdx,rax
    70b7:	48 8b 45 f8          	mov    rax,QWORD PTR [rbp-0x8]
    70bb:	48 8b 00             	mov    rax,QWORD PTR [rax]
    70be:	48 8b 4d f0          	mov    rcx,QWORD PTR [rbp-0x10]
    70c2:	48 89 ce             	mov    rsi,rcx
    70c5:	48 89 c7             	mov    rdi,rax
    70c8:	e8 ab 1b 00 00       	call   8c78 <_ZSt27__uninitialized_default_n_aIPmmmET_S1_T0_RSaIT1_E>
    70cd:	48 8b 55 f8          	mov    rdx,QWORD PTR [rbp-0x8]
    70d1:	48 89 42 08          	mov    QWORD PTR [rdx+0x8],rax
    70d5:	90                   	nop
    70d6:	c9                   	leave
    70d7:	c3                   	ret

00000000000070d8 <_ZNSt23mersenne_twister_engineImLm32ELm624ELm397ELm31ELm2567483615ELm11ELm4294967295ELm7ELm2636928640ELm15ELm4022730752ELm18ELm1812433253EE4seedEm>:
    70d8:	f3 0f 1e fa          	endbr64
    70dc:	55                   	push   rbp
    70dd:	48 89 e5             	mov    rbp,rsp
    70e0:	48 83 ec 20          	sub    rsp,0x20
    70e4:	48 89 7d e8          	mov    QWORD PTR [rbp-0x18],rdi
    70e8:	48 89 75 e0          	mov    QWORD PTR [rbp-0x20],rsi
    70ec:	48 8b 45 e0          	mov    rax,QWORD PTR [rbp-0x20]
    70f0:	48 89 c7             	mov    rdi,rax
    70f3:	e8 ad 1b 00 00       	call   8ca5 <_ZNSt8__detail5__modImLm4294967296ELm1ELm0EEET_S1_>
    70f8:	48 8b 55 e8          	mov    rdx,QWORD PTR [rbp-0x18]
    70fc:	48 89 02             	mov    QWORD PTR [rdx],rax
    70ff:	48 c7 45 f0 01 00 00 	mov    QWORD PTR [rbp-0x10],0x1
    7106:	00 
    7107:	eb 5c                	jmp    7165 <_ZNSt23mersenne_twister_engineImLm32ELm624ELm397ELm31ELm2567483615ELm11ELm4294967295ELm7ELm2636928640ELm15ELm4022730752ELm18ELm1812433253EE4seedEm+0x8d>
    7109:	48 8b 45 f0          	mov    rax,QWORD PTR [rbp-0x10]
    710d:	48 8d 50 ff          	lea    rdx,[rax-0x1]
    7111:	48 8b 45 e8          	mov    rax,QWORD PTR [rbp-0x18]
    7115:	48 8b 04 d0          	mov    rax,QWORD PTR [rax+rdx*8]
    7119:	48 89 45 f8          	mov    QWORD PTR [rbp-0x8],rax
    711d:	48 8b 45 f8          	mov    rax,QWORD PTR [rbp-0x8]
    7121:	48 c1 e8 1e          	shr    rax,0x1e
    7125:	48 31 45 f8          	xor    QWORD PTR [rbp-0x8],rax
    7129:	48 8b 45 f8          	mov    rax,QWORD PTR [rbp-0x8]
    712d:	48 69 c0 65 89 07 6c 	imul   rax,rax,0x6c078965
    7134:	48 89 45 f8          	mov    QWORD PTR [rbp-0x8],rax
    7138:	48 8b 45 f0          	mov    rax,QWORD PTR [rbp-0x10]
    713c:	48 89 c7             	mov    rdi,rax
    713f:	e8 88 1b 00 00       	call   8ccc <_ZNSt8__detail5__modImLm624ELm1ELm0EEET_S1_>
    7144:	48 01 45 f8          	add    QWORD PTR [rbp-0x8],rax
    7148:	48 8b 45 f8          	mov    rax,QWORD PTR [rbp-0x8]
    714c:	48 89 c7             	mov    rdi,rax
    714f:	e8 51 1b 00 00       	call   8ca5 <_ZNSt8__detail5__modImLm4294967296ELm1ELm0EEET_S1_>
    7154:	48 8b 55 e8          	mov    rdx,QWORD PTR [rbp-0x18]
    7158:	48 8b 4d f0          	mov    rcx,QWORD PTR [rbp-0x10]
    715c:	48 89 04 ca          	mov    QWORD PTR [rdx+rcx*8],rax
    7160:	48 83 45 f0 01       	add    QWORD PTR [rbp-0x10],0x1
    7165:	48 81 7d f0 6f 02 00 	cmp    QWORD PTR [rbp-0x10],0x26f
    716c:	00 
    716d:	76 9a                	jbe    7109 <_ZNSt23mersenne_twister_engineImLm32ELm624ELm397ELm31ELm2567483615ELm11ELm4294967295ELm7ELm2636928640ELm15ELm4022730752ELm18ELm1812433253EE4seedEm+0x31>
    716f:	48 8b 45 e8          	mov    rax,QWORD PTR [rbp-0x18]
    7173:	48 c7 80 80 13 00 00 	mov    QWORD PTR [rax+0x1380],0x270
    717a:	70 02 00 00 
    717e:	90                   	nop
    717f:	c9                   	leave
    7180:	c3                   	ret
    7181:	90                   	nop

0000000000007182 <_ZN9__gnu_cxx17__normal_iteratorIPmSt6vectorImSaImEEEC1ERKS1_>:
    7182:	f3 0f 1e fa          	endbr64
    7186:	55                   	push   rbp
    7187:	48 89 e5             	mov    rbp,rsp
    718a:	48 89 7d f8          	mov    QWORD PTR [rbp-0x8],rdi
    718e:	48 89 75 f0          	mov    QWORD PTR [rbp-0x10],rsi
    7192:	48 8b 45 f0          	mov    rax,QWORD PTR [rbp-0x10]
    7196:	48 8b 10             	mov    rdx,QWORD PTR [rax]
    7199:	48 8b 45 f8          	mov    rax,QWORD PTR [rbp-0x8]
    719d:	48 89 10             	mov    QWORD PTR [rax],rdx
    71a0:	90                   	nop
    71a1:	5d                   	pop    rbp
    71a2:	c3                   	ret

00000000000071a3 <_ZN9__gnu_cxxeqIPmSt6vectorImSaImEEEEbRKNS_17__normal_iteratorIT_T0_EESA_>:
    71a3:	f3 0f 1e fa          	endbr64
    71a7:	55                   	push   rbp
    71a8:	48 89 e5             	mov    rbp,rsp
    71ab:	53                   	push   rbx
    71ac:	48 83 ec 18          	sub    rsp,0x18
    71b0:	48 89 7d e8          	mov    QWORD PTR [rbp-0x18],rdi
    71b4:	48 89 75 e0          	mov    QWORD PTR [rbp-0x20],rsi
    71b8:	48 8b 45 e8          	mov    rax,QWORD PTR [rbp-0x18]
    71bc:	48 89 c7             	mov    rdi,rax
    71bf:	e8 b6 10 00 00       	call   827a <_ZNK9__gnu_cxx17__normal_iteratorIPmSt6vectorImSaImEEE4baseEv>
    71c4:	48 8b 18             	mov    rbx,QWORD PTR [rax]
    71c7:	48 8b 45 e0          	mov    rax,QWORD PTR [rbp-0x20]
    71cb:	48 89 c7             	mov    rdi,rax
    71ce:	e8 a7 10 00 00       	call   827a <_ZNK9__gnu_cxx17__normal_iteratorIPmSt6vectorImSaImEEE4baseEv>
    71d3:	48 8b 00             	mov    rax,QWORD PTR [rax]
    71d6:	48 39 c3             	cmp    rbx,rax
    71d9:	0f 94 c0             	sete   al
    71dc:	48 8b 5d f8          	mov    rbx,QWORD PTR [rbp-0x8]
    71e0:	c9                   	leave
    71e1:	c3                   	ret

00000000000071e2 <_ZN9__gnu_cxxmiIPmSt6vectorImSaImEEEENS_17__normal_iteratorIT_T0_E15difference_typeERKS8_SB_>:
    71e2:	f3 0f 1e fa          	endbr64
    71e6:	55                   	push   rbp
    71e7:	48 89 e5             	mov    rbp,rsp
    71ea:	53                   	push   rbx
    71eb:	48 83 ec 18          	sub    rsp,0x18
    71ef:	48 89 7d e8          	mov    QWORD PTR [rbp-0x18],rdi
    71f3:	48 89 75 e0          	mov    QWORD PTR [rbp-0x20],rsi
    71f7:	48 8b 45 e8          	mov    rax,QWORD PTR [rbp-0x18]
    71fb:	48 89 c7             	mov    rdi,rax
    71fe:	e8 77 10 00 00       	call   827a <_ZNK9__gnu_cxx17__normal_iteratorIPmSt6vectorImSaImEEE4baseEv>
    7203:	48 8b 18             	mov    rbx,QWORD PTR [rax]
    7206:	48 8b 45 e0          	mov    rax,QWORD PTR [rbp-0x20]
    720a:	48 89 c7             	mov    rdi,rax
    720d:	e8 68 10 00 00       	call   827a <_ZNK9__gnu_cxx17__normal_iteratorIPmSt6vectorImSaImEEE4baseEv>
    7212:	48 8b 00             	mov    rax,QWORD PTR [rax]
    7215:	48 89 da             	mov    rdx,rbx
    7218:	48 29 c2             	sub    rdx,rax
    721b:	48 89 d0             	mov    rax,rdx
    721e:	48 c1 f8 03          	sar    rax,0x3
    7222:	48 8b 5d f8          	mov    rbx,QWORD PTR [rbp-0x8]
    7226:	c9                   	leave
    7227:	c3                   	ret

0000000000007228 <_ZNK9__gnu_cxx17__normal_iteratorIPmSt6vectorImSaImEEEplEl>:
    7228:	f3 0f 1e fa          	endbr64
    722c:	55                   	push   rbp
    722d:	48 89 e5             	mov    rbp,rsp
    7230:	48 83 ec 30          	sub    rsp,0x30
    7234:	48 89 7d d8          	mov    QWORD PTR [rbp-0x28],rdi
    7238:	48 89 75 d0          	mov    QWORD PTR [rbp-0x30],rsi
    723c:	64 48 8b 04 25 28 00 	mov    rax,QWORD PTR fs:0x28
    7243:	00 00 
    7245:	48 89 45 f8          	mov    QWORD PTR [rbp-0x8],rax
    7249:	31 c0                	xor    eax,eax
    724b:	48 8b 45 d8          	mov    rax,QWORD PTR [rbp-0x28]
    724f:	48 8b 00             	mov    rax,QWORD PTR [rax]
    7252:	48 8b 55 d0          	mov    rdx,QWORD PTR [rbp-0x30]
    7256:	48 c1 e2 03          	shl    rdx,0x3
    725a:	48 01 d0             	add    rax,rdx
    725d:	48 89 45 e8          	mov    QWORD PTR [rbp-0x18],rax
    7261:	48 8d 55 e8          	lea    rdx,[rbp-0x18]
    7265:	48 8d 45 f0          	lea    rax,[rbp-0x10]
    7269:	48 89 d6             	mov    rsi,rdx
    726c:	48 89 c7             	mov    rdi,rax
    726f:	e8 0e ff ff ff       	call   7182 <_ZN9__gnu_cxx17__normal_iteratorIPmSt6vectorImSaImEEEC1ERKS1_>
    7274:	48 8b 45 f0          	mov    rax,QWORD PTR [rbp-0x10]
    7278:	48 8b 55 f8          	mov    rdx,QWORD PTR [rbp-0x8]
    727c:	64 48 2b 14 25 28 00 	sub    rdx,QWORD PTR fs:0x28
    7283:	00 00 
    7285:	74 05                	je     728c <_ZNK9__gnu_cxx17__normal_iteratorIPmSt6vectorImSaImEEEplEl+0x64>
    7287:	e8 14 b3 ff ff       	call   25a0 <__stack_chk_fail@plt>
    728c:	c9                   	leave
    728d:	c3                   	ret

000000000000728e <_ZNSt24uniform_int_distributionImEC1Emm>:
    728e:	f3 0f 1e fa          	endbr64
    7292:	55                   	push   rbp
    7293:	48 89 e5             	mov    rbp,rsp
    7296:	48 83 ec 20          	sub    rsp,0x20
    729a:	48 89 7d f8          	mov    QWORD PTR [rbp-0x8],rdi
    729e:	48 89 75 f0          	mov    QWORD PTR [rbp-0x10],rsi
    72a2:	48 89 55 e8          	mov    QWORD PTR [rbp-0x18],rdx
    72a6:	48 8b 45 f8          	mov    rax,QWORD PTR [rbp-0x8]
    72aa:	48 8b 55 e8          	mov    rdx,QWORD PTR [rbp-0x18]
    72ae:	48 8b 4d f0          	mov    rcx,QWORD PTR [rbp-0x10]
    72b2:	48 89 ce             	mov    rsi,rcx
    72b5:	48 89 c7             	mov    rdi,rax
    72b8:	e8 af 01 00 00       	call   746c <_ZNSt24uniform_int_distributionImE10param_typeC1Emm>
    72bd:	90                   	nop
    72be:	c9                   	leave
    72bf:	c3                   	ret

00000000000072c0 <_ZN9__gnu_cxx17__normal_iteratorIPmSt6vectorImSaImEEEppEi>:
    72c0:	f3 0f 1e fa          	endbr64
    72c4:	55                   	push   rbp
    72c5:	48 89 e5             	mov    rbp,rsp
    72c8:	48 83 ec 30          	sub    rsp,0x30
    72cc:	48 89 7d d8          	mov    QWORD PTR [rbp-0x28],rdi
    72d0:	89 75 d4             	mov    DWORD PTR [rbp-0x2c],esi
    72d3:	64 48 8b 04 25 28 00 	mov    rax,QWORD PTR fs:0x28
    72da:	00 00 
    72dc:	48 89 45 f8          	mov    QWORD PTR [rbp-0x8],rax
    72e0:	31 c0                	xor    eax,eax
    72e2:	48 8b 45 d8          	mov    rax,QWORD PTR [rbp-0x28]
    72e6:	48 8b 00             	mov    rax,QWORD PTR [rax]
    72e9:	48 8d 48 08          	lea    rcx,[rax+0x8]
    72ed:	48 8b 55 d8          	mov    rdx,QWORD PTR [rbp-0x28]
    72f1:	48 89 0a             	mov    QWORD PTR [rdx],rcx
    72f4:	48 89 45 e8          	mov    QWORD PTR [rbp-0x18],rax
    72f8:	48 8d 55 e8          	lea    rdx,[rbp-0x18]
    72fc:	48 8d 45 f0          	lea    rax,[rbp-0x10]
    7300:	48 89 d6             	mov    rsi,rdx
    7303:	48 89 c7             	mov    rdi,rax
    7306:	e8 77 fe ff ff       	call   7182 <_ZN9__gnu_cxx17__normal_iteratorIPmSt6vectorImSaImEEEC1ERKS1_>
    730b:	48 8b 45 f0          	mov    rax,QWORD PTR [rbp-0x10]
    730f:	48 8b 55 f8          	mov    rdx,QWORD PTR [rbp-0x8]
    7313:	64 48 2b 14 25 28 00 	sub    rdx,QWORD PTR fs:0x28
    731a:	00 00 
    731c:	74 05                	je     7323 <_ZN9__gnu_cxx17__normal_iteratorIPmSt6vectorImSaImEEEppEi+0x63>
    731e:	e8 7d b2 ff ff       	call   25a0 <__stack_chk_fail@plt>
    7323:	c9                   	leave
    7324:	c3                   	ret
    7325:	90                   	nop

0000000000007326 <_ZNSt24uniform_int_distributionImEclISt23mersenne_twister_engineImLm32ELm624ELm397ELm31ELm2567483615ELm11ELm4294967295ELm7ELm2636928640ELm15ELm4022730752ELm18ELm1812433253EEEEmRT_>:
    7326:	f3 0f 1e fa          	endbr64
    732a:	55                   	push   rbp
    732b:	48 89 e5             	mov    rbp,rsp
    732e:	48 83 ec 10          	sub    rsp,0x10
    7332:	48 89 7d f8          	mov    QWORD PTR [rbp-0x8],rdi
    7336:	48 89 75 f0          	mov    QWORD PTR [rbp-0x10],rsi
    733a:	48 8b 55 f8          	mov    rdx,QWORD PTR [rbp-0x8]
    733e:	48 8b 4d f0          	mov    rcx,QWORD PTR [rbp-0x10]
    7342:	48 8b 45 f8          	mov    rax,QWORD PTR [rbp-0x8]
    7346:	48 89 ce             	mov    rsi,rcx
    7349:	48 89 c7             	mov    rdi,rax
    734c:	e8 79 01 00 00       	call   74ca <_ZNSt24uniform_int_distributionImEclISt23mersenne_twister_engineImLm32ELm624ELm397ELm31ELm2567483615ELm11ELm4294967295ELm7ELm2636928640ELm15ELm4022730752ELm18ELm1812433253EEEEmRT_RKNS0_10param_typeE>
    7351:	c9                   	leave
    7352:	c3                   	ret

0000000000007353 <_ZSt9iter_swapIN9__gnu_cxx17__normal_iteratorIPmSt6vectorImSaImEEEES6_EvT_T0_>:
    7353:	f3 0f 1e fa          	endbr64
    7357:	55                   	push   rbp
    7358:	48 89 e5             	mov    rbp,rsp
    735b:	53                   	push   rbx
    735c:	48 83 ec 18          	sub    rsp,0x18
    7360:	48 89 7d e8          	mov    QWORD PTR [rbp-0x18],rdi
    7364:	48 89 75 e0          	mov    QWORD PTR [rbp-0x20],rsi
    7368:	48 8d 45 e0          	lea    rax,[rbp-0x20]
    736c:	48 89 c7             	mov    rdi,rax
    736f:	e8 54 f4 ff ff       	call   67c8 <_ZNK9__gnu_cxx17__normal_iteratorIPmSt6vectorImSaImEEEdeEv>
    7374:	48 89 c3             	mov    rbx,rax
    7377:	48 8d 45 e8          	lea    rax,[rbp-0x18]
    737b:	48 89 c7             	mov    rdi,rax
    737e:	e8 45 f4 ff ff       	call   67c8 <_ZNK9__gnu_cxx17__normal_iteratorIPmSt6vectorImSaImEEEdeEv>
    7383:	48 89 de             	mov    rsi,rbx
    7386:	48 89 c7             	mov    rdi,rax
    7389:	e8 65 19 00 00       	call   8cf3 <_ZSt4swapImENSt9enable_ifIXsrSt6__and_IJSt6__not_ISt15__is_tuple_likeIT_EESt21is_move_constructibleIS4_ESt18is_move_assignableIS4_EEE5valueEvE4typeERS4_SE_>
    738e:	90                   	nop
    738f:	48 8b 5d f8          	mov    rbx,QWORD PTR [rbp-0x8]
    7393:	c9                   	leave
    7394:	c3                   	ret

0000000000007395 <_ZSt22__gen_two_uniform_intsImRSt23mersenne_twister_engineImLm32ELm624ELm397ELm31ELm2567483615ELm11ELm4294967295ELm7ELm2636928640ELm15ELm4022730752ELm18ELm1812433253EEESt4pairIT_S4_ES4_S4_OT0_>:
    7395:	f3 0f 1e fa          	endbr64
    7399:	55                   	push   rbp
    739a:	48 89 e5             	mov    rbp,rsp
    739d:	48 83 ec 50          	sub    rsp,0x50
    73a1:	48 89 7d c8          	mov    QWORD PTR [rbp-0x38],rdi
    73a5:	48 89 75 c0          	mov    QWORD PTR [rbp-0x40],rsi
    73a9:	48 89 55 b8          	mov    QWORD PTR [rbp-0x48],rdx
    73ad:	64 48 8b 04 25 28 00 	mov    rax,QWORD PTR fs:0x28
    73b4:	00 00 
    73b6:	48 89 45 f8          	mov    QWORD PTR [rbp-0x8],rax
    73ba:	31 c0                	xor    eax,eax
    73bc:	48 8b 45 c8          	mov    rax,QWORD PTR [rbp-0x38]
    73c0:	48 0f af 45 c0       	imul   rax,QWORD PTR [rbp-0x40]
    73c5:	48 8d 50 ff          	lea    rdx,[rax-0x1]
    73c9:	48 8d 45 e0          	lea    rax,[rbp-0x20]
    73cd:	be 00 00 00 00       	mov    esi,0x0
    73d2:	48 89 c7             	mov    rdi,rax
    73d5:	e8 b4 fe ff ff       	call   728e <_ZNSt24uniform_int_distributionImEC1Emm>
    73da:	48 8b 55 b8          	mov    rdx,QWORD PTR [rbp-0x48]
    73de:	48 8d 45 e0          	lea    rax,[rbp-0x20]
    73e2:	48 89 d6             	mov    rsi,rdx
    73e5:	48 89 c7             	mov    rdi,rax
    73e8:	e8 39 ff ff ff       	call   7326 <_ZNSt24uniform_int_distributionImEclISt23mersenne_twister_engineImLm32ELm624ELm397ELm31ELm2567483615ELm11ELm4294967295ELm7ELm2636928640ELm15ELm4022730752ELm18ELm1812433253EEEEmRT_>
    73ed:	48 89 45 d8          	mov    QWORD PTR [rbp-0x28],rax
    73f1:	48 8b 45 d8          	mov    rax,QWORD PTR [rbp-0x28]
    73f5:	ba 00 00 00 00       	mov    edx,0x0
    73fa:	48 f7 75 c0          	div    QWORD PTR [rbp-0x40]
    73fe:	48 89 d0             	mov    rax,rdx
    7401:	48 89 45 e0          	mov    QWORD PTR [rbp-0x20],rax
    7405:	48 8b 45 d8          	mov    rax,QWORD PTR [rbp-0x28]
    7409:	ba 00 00 00 00       	mov    edx,0x0
    740e:	48 f7 75 c0          	div    QWORD PTR [rbp-0x40]
    7412:	48 89 45 d0          	mov    QWORD PTR [rbp-0x30],rax
    7416:	48 8d 55 e0          	lea    rdx,[rbp-0x20]
    741a:	48 8d 45 d0          	lea    rax,[rbp-0x30]
    741e:	48 89 d6             	mov    rsi,rdx
    7421:	48 89 c7             	mov    rdi,rax
    7424:	e8 43 19 00 00       	call   8d6c <_ZSt9make_pairImmESt4pairINSt25__strip_reference_wrapperINSt5decayIT_E4typeEE6__typeENS1_INS2_IT0_E4typeEE6__typeEEOS3_OS8_>
    7429:	48 8b 4d f8          	mov    rcx,QWORD PTR [rbp-0x8]
    742d:	64 48 2b 0c 25 28 00 	sub    rcx,QWORD PTR fs:0x28
    7434:	00 00 
    7436:	74 05                	je     743d <_ZSt22__gen_two_uniform_intsImRSt23mersenne_twister_engineImLm32ELm624ELm397ELm31ELm2567483615ELm11ELm4294967295ELm7ELm2636928640ELm15ELm4022730752ELm18ELm1812433253EEESt4pairIT_S4_ES4_S4_OT0_+0xa8>
    7438:	e8 63 b1 ff ff       	call   25a0 <__stack_chk_fail@plt>
    743d:	c9                   	leave
    743e:	c3                   	ret
    743f:	90                   	nop

0000000000007440 <_ZNSt24uniform_int_distributionImEC1Ev>:
    7440:	f3 0f 1e fa          	endbr64
    7444:	55                   	push   rbp
    7445:	48 89 e5             	mov    rbp,rsp
    7448:	48 83 ec 10          	sub    rsp,0x10
    744c:	48 89 7d f8          	mov    QWORD PTR [rbp-0x8],rdi
    7450:	48 8b 45 f8          	mov    rax,QWORD PTR [rbp-0x8]
    7454:	48 c7 c2 ff ff ff ff 	mov    rdx,0xffffffffffffffff
    745b:	be 00 00 00 00       	mov    esi,0x0
    7460:	48 89 c7             	mov    rdi,rax
    7463:	e8 26 fe ff ff       	call   728e <_ZNSt24uniform_int_distributionImEC1Emm>
    7468:	90                   	nop
    7469:	c9                   	leave
    746a:	c3                   	ret
    746b:	90                   	nop

000000000000746c <_ZNSt24uniform_int_distributionImE10param_typeC1Emm>:
    746c:	f3 0f 1e fa          	endbr64
    7470:	55                   	push   rbp
    7471:	48 89 e5             	mov    rbp,rsp
    7474:	48 83 ec 20          	sub    rsp,0x20
    7478:	48 89 7d f8          	mov    QWORD PTR [rbp-0x8],rdi
    747c:	48 89 75 f0          	mov    QWORD PTR [rbp-0x10],rsi
    7480:	48 89 55 e8          	mov    QWORD PTR [rbp-0x18],rdx
    7484:	48 8b 45 f8          	mov    rax,QWORD PTR [rbp-0x8]
    7488:	48 8b 55 f0          	mov    rdx,QWORD PTR [rbp-0x10]
    748c:	48 89 10             	mov    QWORD PTR [rax],rdx
    748f:	48 8b 45 f8          	mov    rax,QWORD PTR [rbp-0x8]
    7493:	48 8b 55 e8          	mov    rdx,QWORD PTR [rbp-0x18]
    7497:	48 89 50 08          	mov    QWORD PTR [rax+0x8],rdx
    749b:	e8 56 e7 ff ff       	call   5bf6 <_ZSt23__is_constant_evaluatedv>
    74a0:	84 c0                	test   al,al
    74a2:	74 1b                	je     74bf <_ZNSt24uniform_int_distributionImE10param_typeC1Emm+0x53>
    74a4:	48 8b 45 f8          	mov    rax,QWORD PTR [rbp-0x8]
    74a8:	48 8b 00             	mov    rax,QWORD PTR [rax]
    74ab:	48 8b 55 f8          	mov    rdx,QWORD PTR [rbp-0x8]
    74af:	48 8b 52 08          	mov    rdx,QWORD PTR [rdx+0x8]
    74b3:	48 39 c2             	cmp    rdx,rax
    74b6:	73 07                	jae    74bf <_ZNSt24uniform_int_distributionImE10param_typeC1Emm+0x53>
    74b8:	b8 01 00 00 00       	mov    eax,0x1
    74bd:	eb 05                	jmp    74c4 <_ZNSt24uniform_int_distributionImE10param_typeC1Emm+0x58>
    74bf:	b8 00 00 00 00       	mov    eax,0x0
    74c4:	84 c0                	test   al,al
    74c6:	90                   	nop
    74c7:	c9                   	leave
    74c8:	c3                   	ret
    74c9:	90                   	nop

00000000000074ca <_ZNSt24uniform_int_distributionImEclISt23mersenne_twister_engineImLm32ELm624ELm397ELm31ELm2567483615ELm11ELm4294967295ELm7ELm2636928640ELm15ELm4022730752ELm18ELm1812433253EEEEmRT_RKNS0_10param_typeE>:
    74ca:	f3 0f 1e fa          	endbr64
    74ce:	55                   	push   rbp
    74cf:	48 89 e5             	mov    rbp,rsp
    74d2:	53                   	push   rbx
    74d3:	48 81 ec 98 00 00 00 	sub    rsp,0x98
    74da:	48 89 bd 78 ff ff ff 	mov    QWORD PTR [rbp-0x88],rdi
    74e1:	48 89 b5 70 ff ff ff 	mov    QWORD PTR [rbp-0x90],rsi
    74e8:	48 89 95 68 ff ff ff 	mov    QWORD PTR [rbp-0x98],rdx
    74ef:	64 48 8b 04 25 28 00 	mov    rax,QWORD PTR fs:0x28
    74f6:	00 00 
    74f8:	48 89 45 e8          	mov    QWORD PTR [rbp-0x18],rax
    74fc:	31 c0                	xor    eax,eax
    74fe:	48 c7 45 98 00 00 00 	mov    QWORD PTR [rbp-0x68],0x0
    7505:	00 
    7506:	b8 ff ff ff ff       	mov    eax,0xffffffff
    750b:	48 89 45 a0          	mov    QWORD PTR [rbp-0x60],rax
    750f:	48 89 45 a8          	mov    QWORD PTR [rbp-0x58],rax
    7513:	48 8b 85 68 ff ff ff 	mov    rax,QWORD PTR [rbp-0x98]
    751a:	48 89 c7             	mov    rdi,rax
    751d:	e8 c0 18 00 00       	call   8de2 <_ZNKSt24uniform_int_distributionImE10param_type1bEv>
    7522:	48 89 c3             	mov    rbx,rax
    7525:	48 8b 85 68 ff ff ff 	mov    rax,QWORD PTR [rbp-0x98]
    752c:	48 89 c7             	mov    rdi,rax
    752f:	e8 c4 18 00 00       	call   8df8 <_ZNKSt24uniform_int_distributionImE10param_type1aEv>
    7534:	48 29 c3             	sub    rbx,rax
    7537:	48 89 da             	mov    rdx,rbx
    753a:	48 89 55 b0          	mov    QWORD PTR [rbp-0x50],rdx
    753e:	b8 fe ff ff ff       	mov    eax,0xfffffffe
    7543:	48 3b 45 b0          	cmp    rax,QWORD PTR [rbp-0x50]
    7547:	72 32                	jb     757b <_ZNSt24uniform_int_distributionImEclISt23mersenne_twister_engineImLm32ELm624ELm397ELm31ELm2567483615ELm11ELm4294967295ELm7ELm2636928640ELm15ELm4022730752ELm18ELm1812433253EEEEmRT_RKNS0_10param_typeE+0xb1>
    7549:	48 8b 45 b0          	mov    rax,QWORD PTR [rbp-0x50]
    754d:	48 83 c0 01          	add    rax,0x1
    7551:	48 89 45 c8          	mov    QWORD PTR [rbp-0x38],rax
    7555:	48 8b 45 c8          	mov    rax,QWORD PTR [rbp-0x38]
    7559:	89 45 8c             	mov    DWORD PTR [rbp-0x74],eax
    755c:	8b 55 8c             	mov    edx,DWORD PTR [rbp-0x74]
    755f:	48 8b 85 70 ff ff ff 	mov    rax,QWORD PTR [rbp-0x90]
    7566:	89 d6                	mov    esi,edx
    7568:	48 89 c7             	mov    rdi,rax
    756b:	e8 9d 18 00 00       	call   8e0d <_ZNSt24uniform_int_distributionImE5_S_ndImSt23mersenne_twister_engineImLm32ELm624ELm397ELm31ELm2567483615ELm11ELm4294967295ELm7ELm2636928640ELm15ELm4022730752ELm18ELm1812433253EEjEET1_RT0_S4_>
    7570:	89 c0                	mov    eax,eax
    7572:	48 89 45 90          	mov    QWORD PTR [rbp-0x70],rax
    7576:	e9 9f 00 00 00       	jmp    761a <_ZNSt24uniform_int_distributionImEclISt23mersenne_twister_engineImLm32ELm624ELm397ELm31ELm2567483615ELm11ELm4294967295ELm7ELm2636928640ELm15ELm4022730752ELm18ELm1812433253EEEEmRT_RKNS0_10param_typeE+0x150>
    757b:	b8 ff ff ff ff       	mov    eax,0xffffffff
    7580:	48 3b 45 b0          	cmp    rax,QWORD PTR [rbp-0x50]
    7584:	72 02                	jb     7588 <_ZNSt24uniform_int_distributionImEclISt23mersenne_twister_engineImLm32ELm624ELm397ELm31ELm2567483615ELm11ELm4294967295ELm7ELm2636928640ELm15ELm4022730752ELm18ELm1812433253EEEEmRT_RKNS0_10param_typeE+0xbe>
    7586:	eb 7f                	jmp    7607 <_ZNSt24uniform_int_distributionImEclISt23mersenne_twister_engineImLm32ELm624ELm397ELm31ELm2567483615ELm11ELm4294967295ELm7ELm2636928640ELm15ELm4022730752ELm18ELm1812433253EEEEmRT_RKNS0_10param_typeE+0x13d>
    7588:	48 b8 00 00 00 00 01 	movabs rax,0x100000000
    758f:	00 00 00 
    7592:	48 89 45 b8          	mov    QWORD PTR [rbp-0x48],rax
    7596:	48 8b 45 b0          	mov    rax,QWORD PTR [rbp-0x50]
    759a:	48 c1 e8 20          	shr    rax,0x20
    759e:	48 89 c2             	mov    rdx,rax
    75a1:	48 8d 45 d0          	lea    rax,[rbp-0x30]
    75a5:	be 00 00 00 00       	mov    esi,0x0
    75aa:	48 89 c7             	mov    rdi,rax
    75ad:	e8 ba fe ff ff       	call   746c <_ZNSt24uniform_int_distributionImE10param_typeC1Emm>
    75b2:	48 8d 55 d0          	lea    rdx,[rbp-0x30]
    75b6:	48 8b 8d 70 ff ff ff 	mov    rcx,QWORD PTR [rbp-0x90]
    75bd:	48 8b 85 78 ff ff ff 	mov    rax,QWORD PTR [rbp-0x88]
    75c4:	48 89 ce             	mov    rsi,rcx
    75c7:	48 89 c7             	mov    rdi,rax
    75ca:	e8 fb fe ff ff       	call   74ca <_ZNSt24uniform_int_distributionImEclISt23mersenne_twister_engineImLm32ELm624ELm397ELm31ELm2567483615ELm11ELm4294967295ELm7ELm2636928640ELm15ELm4022730752ELm18ELm1812433253EEEEmRT_RKNS0_10param_typeE>
    75cf:	48 c1 e0 20          	shl    rax,0x20
    75d3:	48 89 45 c0          	mov    QWORD PTR [rbp-0x40],rax
    75d7:	48 8b 85 70 ff ff ff 	mov    rax,QWORD PTR [rbp-0x90]
    75de:	48 89 c7             	mov    rdi,rax
    75e1:	e8 a2 18 00 00       	call   8e88 <_ZNSt23mersenne_twister_engineImLm32ELm624ELm397ELm31ELm2567483615ELm11ELm4294967295ELm7ELm2636928640ELm15ELm4022730752ELm18ELm1812433253EEclEv>
    75e6:	48 8b 55 c0          	mov    rdx,QWORD PTR [rbp-0x40]
    75ea:	48 01 d0             	add    rax,rdx
    75ed:	48 89 45 90          	mov    QWORD PTR [rbp-0x70],rax
    75f1:	48 8b 45 90          	mov    rax,QWORD PTR [rbp-0x70]
    75f5:	48 39 45 b0          	cmp    QWORD PTR [rbp-0x50],rax
    75f9:	72 8d                	jb     7588 <_ZNSt24uniform_int_distributionImEclISt23mersenne_twister_engineImLm32ELm624ELm397ELm31ELm2567483615ELm11ELm4294967295ELm7ELm2636928640ELm15ELm4022730752ELm18ELm1812433253EEEEmRT_RKNS0_10param_typeE+0xbe>
    75fb:	48 8b 45 90          	mov    rax,QWORD PTR [rbp-0x70]
    75ff:	48 3b 45 c0          	cmp    rax,QWORD PTR [rbp-0x40]
    7603:	72 83                	jb     7588 <_ZNSt24uniform_int_distributionImEclISt23mersenne_twister_engineImLm32ELm624ELm397ELm31ELm2567483615ELm11ELm4294967295ELm7ELm2636928640ELm15ELm4022730752ELm18ELm1812433253EEEEmRT_RKNS0_10param_typeE+0xbe>
    7605:	eb 13                	jmp    761a <_ZNSt24uniform_int_distributionImEclISt23mersenne_twister_engineImLm32ELm624ELm397ELm31ELm2567483615ELm11ELm4294967295ELm7ELm2636928640ELm15ELm4022730752ELm18ELm1812433253EEEEmRT_RKNS0_10param_typeE+0x150>
    7607:	48 8b 85 70 ff ff ff 	mov    rax,QWORD PTR [rbp-0x90]
    760e:	48 89 c7             	mov    rdi,rax
    7611:	e8 72 18 00 00       	call   8e88 <_ZNSt23mersenne_twister_engineImLm32ELm624ELm397ELm31ELm2567483615ELm11ELm4294967295ELm7ELm2636928640ELm15ELm4022730752ELm18ELm1812433253EEclEv>
    7616:	48 89 45 90          	mov    QWORD PTR [rbp-0x70],rax
    761a:	48 8b 85 68 ff ff ff 	mov    rax,QWORD PTR [rbp-0x98]
    7621:	48 89 c7             	mov    rdi,rax
    7624:	e8 cf 17 00 00       	call   8df8 <_ZNKSt24uniform_int_distributionImE10param_type1aEv>
    7629:	48 8b 55 90          	mov    rdx,QWORD PTR [rbp-0x70]
    762d:	48 01 d0             	add    rax,rdx
    7630:	48 8b 55 e8          	mov    rdx,QWORD PTR [rbp-0x18]
    7634:	64 48 2b 14 25 28 00 	sub    rdx,QWORD PTR fs:0x28
    763b:	00 00 
    763d:	74 05                	je     7644 <_ZNSt24uniform_int_distributionImEclISt23mersenne_twister_engineImLm32ELm624ELm397ELm31ELm2567483615ELm11ELm4294967295ELm7ELm2636928640ELm15ELm4022730752ELm18ELm1812433253EEEEmRT_RKNS0_10param_typeE+0x17a>
    763f:	e8 5c af ff ff       	call   25a0 <__stack_chk_fail@plt>
    7644:	48 8b 5d f8          	mov    rbx,QWORD PTR [rbp-0x8]
    7648:	c9                   	leave
    7649:	c3                   	ret

000000000000764a <_ZNSt6vectorImSaImEE14_M_fill_insertEN9__gnu_cxx17__normal_iteratorIPmS1_EEmRKm>:
    764a:	f3 0f 1e fa          	endbr64
    764e:	55                   	push   rbp
    764f:	48 89 e5             	mov    rbp,rsp
    7652:	41 54                	push   r12
    7654:	53                   	push   rbx
    7655:	48 81 ec e0 00 00 00 	sub    rsp,0xe0
    765c:	48 89 bd 28 ff ff ff 	mov    QWORD PTR [rbp-0xd8],rdi
    7663:	48 89 b5 20 ff ff ff 	mov    QWORD PTR [rbp-0xe0],rsi
    766a:	48 89 95 18 ff ff ff 	mov    QWORD PTR [rbp-0xe8],rdx
    7671:	48 89 8d 10 ff ff ff 	mov    QWORD PTR [rbp-0xf0],rcx
    7678:	64 48 8b 04 25 28 00 	mov    rax,QWORD PTR fs:0x28
    767f:	00 00 
    7681:	48 89 45 e8          	mov    QWORD PTR [rbp-0x18],rax
    7685:	31 c0                	xor    eax,eax
    7687:	48 83 bd 18 ff ff ff 	cmp    QWORD PTR [rbp-0xe8],0x0
    768e:	00 
    768f:	0f 84 fa 05 00 00    	je     7c8f <_ZNSt6vectorImSaImEE14_M_fill_insertEN9__gnu_cxx17__normal_iteratorIPmS1_EEmRKm+0x645>
    7695:	48 8b 85 28 ff ff ff 	mov    rax,QWORD PTR [rbp-0xd8]
    769c:	48 8b 50 10          	mov    rdx,QWORD PTR [rax+0x10]
    76a0:	48 8b 85 28 ff ff ff 	mov    rax,QWORD PTR [rbp-0xd8]
    76a7:	48 8b 40 08          	mov    rax,QWORD PTR [rax+0x8]
    76ab:	48 29 c2             	sub    rdx,rax
    76ae:	48 89 d0             	mov    rax,rdx
    76b1:	48 c1 f8 03          	sar    rax,0x3
    76b5:	48 3b 85 18 ff ff ff 	cmp    rax,QWORD PTR [rbp-0xe8]
    76bc:	0f 82 4b 02 00 00    	jb     790d <_ZNSt6vectorImSaImEE14_M_fill_insertEN9__gnu_cxx17__normal_iteratorIPmS1_EEmRKm+0x2c3>
    76c2:	48 8b 95 10 ff ff ff 	mov    rdx,QWORD PTR [rbp-0xf0]
    76c9:	48 8b 8d 28 ff ff ff 	mov    rcx,QWORD PTR [rbp-0xd8]
    76d0:	48 8d 45 d0          	lea    rax,[rbp-0x30]
    76d4:	48 89 ce             	mov    rsi,rcx
    76d7:	48 89 c7             	mov    rdi,rax
    76da:	e8 41 18 00 00       	call   8f20 <_ZNSt6vectorImSaImEE16_Temporary_valueC1IJRKmEEEPS1_DpOT_>
    76df:	48 8d 45 d0          	lea    rax,[rbp-0x30]
    76e3:	48 89 c7             	mov    rdi,rax
    76e6:	e8 37 19 00 00       	call   9022 <_ZNSt6vectorImSaImEE16_Temporary_value6_M_valEv>
    76eb:	48 89 85 70 ff ff ff 	mov    QWORD PTR [rbp-0x90],rax
    76f2:	48 8b 85 28 ff ff ff 	mov    rax,QWORD PTR [rbp-0xd8]
    76f9:	48 89 c7             	mov    rdi,rax
    76fc:	e8 89 eb ff ff       	call   628a <_ZNSt6vectorImSaImEE3endEv>
    7701:	48 89 85 30 ff ff ff 	mov    QWORD PTR [rbp-0xd0],rax
    7708:	48 8d 95 20 ff ff ff 	lea    rdx,[rbp-0xe0]
    770f:	48 8d 85 30 ff ff ff 	lea    rax,[rbp-0xd0]
    7716:	48 89 d6             	mov    rsi,rdx
    7719:	48 89 c7             	mov    rdi,rax
    771c:	e8 c1 fa ff ff       	call   71e2 <_ZN9__gnu_cxxmiIPmSt6vectorImSaImEEEENS_17__normal_iteratorIT_T0_E15difference_typeERKS8_SB_>
    7721:	48 89 85 78 ff ff ff 	mov    QWORD PTR [rbp-0x88],rax
    7728:	48 8b 85 28 ff ff ff 	mov    rax,QWORD PTR [rbp-0xd8]
    772f:	48 8b 40 08          	mov    rax,QWORD PTR [rax+0x8]
    7733:	48 89 45 80          	mov    QWORD PTR [rbp-0x80],rax
    7737:	48 8b 85 78 ff ff ff 	mov    rax,QWORD PTR [rbp-0x88]
    773e:	48 39 85 18 ff ff ff 	cmp    QWORD PTR [rbp-0xe8],rax
    7745:	0f 83 e3 00 00 00    	jae    782e <_ZNSt6vectorImSaImEE14_M_fill_insertEN9__gnu_cxx17__normal_iteratorIPmS1_EEmRKm+0x1e4>
    774b:	48 8b 85 28 ff ff ff 	mov    rax,QWORD PTR [rbp-0xd8]
    7752:	48 89 c7             	mov    rdi,rax
    7755:	e8 2e f6 ff ff       	call   6d88 <_ZNSt12_Vector_baseImSaImEE19_M_get_Tp_allocatorEv>
    775a:	48 89 c1             	mov    rcx,rax
    775d:	48 8b 85 18 ff ff ff 	mov    rax,QWORD PTR [rbp-0xe8]
    7764:	48 c1 e0 03          	shl    rax,0x3
    7768:	48 f7 d8             	neg    rax
    776b:	48 89 c2             	mov    rdx,rax
    776e:	48 8b 45 80          	mov    rax,QWORD PTR [rbp-0x80]
    7772:	48 8d 3c 02          	lea    rdi,[rdx+rax*1]
    7776:	48 8b 55 80          	mov    rdx,QWORD PTR [rbp-0x80]
    777a:	48 8b 45 80          	mov    rax,QWORD PTR [rbp-0x80]
    777e:	48 89 c6             	mov    rsi,rax
    7781:	e8 b2 18 00 00       	call   9038 <_ZSt22__uninitialized_move_aIPmS0_SaImEET0_T_S3_S2_RT1_>
    7786:	48 8b 85 28 ff ff ff 	mov    rax,QWORD PTR [rbp-0xd8]
    778d:	48 8b 40 08          	mov    rax,QWORD PTR [rax+0x8]
    7791:	48 8b 95 18 ff ff ff 	mov    rdx,QWORD PTR [rbp-0xe8]
    7798:	48 c1 e2 03          	shl    rdx,0x3
    779c:	48 01 c2             	add    rdx,rax
    779f:	48 8b 85 28 ff ff ff 	mov    rax,QWORD PTR [rbp-0xd8]
    77a6:	48 89 50 08          	mov    QWORD PTR [rax+0x8],rdx
    77aa:	48 8b 85 18 ff ff ff 	mov    rax,QWORD PTR [rbp-0xe8]
    77b1:	48 c1 e0 03          	shl    rax,0x3
    77b5:	48 f7 d8             	neg    rax
    77b8:	48 89 c2             	mov    rdx,rax
    77bb:	48 8b 45 80          	mov    rax,QWORD PTR [rbp-0x80]
    77bf:	48 8d 1c 02          	lea    rbx,[rdx+rax*1]
    77c3:	48 8d 85 20 ff ff ff 	lea    rax,[rbp-0xe0]
    77ca:	48 89 c7             	mov    rdi,rax
    77cd:	e8 a8 0a 00 00       	call   827a <_ZNK9__gnu_cxx17__normal_iteratorIPmSt6vectorImSaImEEE4baseEv>
    77d2:	48 8b 00             	mov    rax,QWORD PTR [rax]
    77d5:	48 8b 55 80          	mov    rdx,QWORD PTR [rbp-0x80]
    77d9:	48 89 de             	mov    rsi,rbx
    77dc:	48 89 c7             	mov    rdi,rax
    77df:	e8 ab 18 00 00       	call   908f <_ZSt13move_backwardIPmS0_ET0_T_S2_S1_>
    77e4:	48 8d 85 20 ff ff ff 	lea    rax,[rbp-0xe0]
    77eb:	48 89 c7             	mov    rdi,rax
    77ee:	e8 87 0a 00 00       	call   827a <_ZNK9__gnu_cxx17__normal_iteratorIPmSt6vectorImSaImEEE4baseEv>
    77f3:	48 8b 00             	mov    rax,QWORD PTR [rax]
    77f6:	48 8b 95 18 ff ff ff 	mov    rdx,QWORD PTR [rbp-0xe8]
    77fd:	48 c1 e2 03          	shl    rdx,0x3
    7801:	48 8d 1c 10          	lea    rbx,[rax+rdx*1]
    7805:	48 8d 85 20 ff ff ff 	lea    rax,[rbp-0xe0]
    780c:	48 89 c7             	mov    rdi,rax
    780f:	e8 66 0a 00 00       	call   827a <_ZNK9__gnu_cxx17__normal_iteratorIPmSt6vectorImSaImEEE4baseEv>
    7814:	48 8b 00             	mov    rax,QWORD PTR [rax]
    7817:	48 8b 95 70 ff ff ff 	mov    rdx,QWORD PTR [rbp-0x90]
    781e:	48 89 de             	mov    rsi,rbx
    7821:	48 89 c7             	mov    rdi,rax
    7824:	e8 b5 18 00 00       	call   90de <_ZSt4fillIPmmEvT_S1_RKT0_>
    7829:	e9 ce 00 00 00       	jmp    78fc <_ZNSt6vectorImSaImEE14_M_fill_insertEN9__gnu_cxx17__normal_iteratorIPmS1_EEmRKm+0x2b2>
    782e:	48 8b 85 28 ff ff ff 	mov    rax,QWORD PTR [rbp-0xd8]
    7835:	48 89 c7             	mov    rdi,rax
    7838:	e8 4b f5 ff ff       	call   6d88 <_ZNSt12_Vector_baseImSaImEE19_M_get_Tp_allocatorEv>
    783d:	48 89 c1             	mov    rcx,rax
    7840:	48 8b 85 18 ff ff ff 	mov    rax,QWORD PTR [rbp-0xe8]
    7847:	48 2b 85 78 ff ff ff 	sub    rax,QWORD PTR [rbp-0x88]
    784e:	48 89 c6             	mov    rsi,rax
    7851:	48 8b 95 70 ff ff ff 	mov    rdx,QWORD PTR [rbp-0x90]
    7858:	48 8b 45 80          	mov    rax,QWORD PTR [rbp-0x80]
    785c:	48 89 c7             	mov    rdi,rax
    785f:	e8 ac 18 00 00       	call   9110 <_ZSt24__uninitialized_fill_n_aIPmmmmET_S1_T0_RKT1_RSaIT2_E>
    7864:	48 8b 95 28 ff ff ff 	mov    rdx,QWORD PTR [rbp-0xd8]
    786b:	48 89 42 08          	mov    QWORD PTR [rdx+0x8],rax
    786f:	48 8b 85 28 ff ff ff 	mov    rax,QWORD PTR [rbp-0xd8]
    7876:	48 89 c7             	mov    rdi,rax
    7879:	e8 0a f5 ff ff       	call   6d88 <_ZNSt12_Vector_baseImSaImEE19_M_get_Tp_allocatorEv>
    787e:	49 89 c4             	mov    r12,rax
    7881:	48 8b 85 28 ff ff ff 	mov    rax,QWORD PTR [rbp-0xd8]
    7888:	48 8b 58 08          	mov    rbx,QWORD PTR [rax+0x8]
    788c:	48 8d 85 20 ff ff ff 	lea    rax,[rbp-0xe0]
    7893:	48 89 c7             	mov    rdi,rax
    7896:	e8 df 09 00 00       	call   827a <_ZNK9__gnu_cxx17__normal_iteratorIPmSt6vectorImSaImEEE4baseEv>
    789b:	48 8b 00             	mov    rax,QWORD PTR [rax]
    789e:	48 8b 75 80          	mov    rsi,QWORD PTR [rbp-0x80]
    78a2:	4c 89 e1             	mov    rcx,r12
    78a5:	48 89 da             	mov    rdx,rbx
    78a8:	48 89 c7             	mov    rdi,rax
    78ab:	e8 88 17 00 00       	call   9038 <_ZSt22__uninitialized_move_aIPmS0_SaImEET0_T_S3_S2_RT1_>
    78b0:	48 8b 85 28 ff ff ff 	mov    rax,QWORD PTR [rbp-0xd8]
    78b7:	48 8b 40 08          	mov    rax,QWORD PTR [rax+0x8]
    78bb:	48 8b 95 78 ff ff ff 	mov    rdx,QWORD PTR [rbp-0x88]
    78c2:	48 c1 e2 03          	shl    rdx,0x3
    78c6:	48 01 c2             	add    rdx,rax
    78c9:	48 8b 85 28 ff ff ff 	mov    rax,QWORD PTR [rbp-0xd8]
    78d0:	48 89 50 08          	mov    QWORD PTR [rax+0x8],rdx
    78d4:	48 8d 85 20 ff ff ff 	lea    rax,[rbp-0xe0]
    78db:	48 89 c7             	mov    rdi,rax
    78de:	e8 97 09 00 00       	call   827a <_ZNK9__gnu_cxx17__normal_iteratorIPmSt6vectorImSaImEEE4baseEv>
    78e3:	48 8b 00             	mov    rax,QWORD PTR [rax]
    78e6:	48 8b 95 70 ff ff ff 	mov    rdx,QWORD PTR [rbp-0x90]
    78ed:	48 8b 4d 80          	mov    rcx,QWORD PTR [rbp-0x80]
    78f1:	48 89 ce             	mov    rsi,rcx
    78f4:	48 89 c7             	mov    rdi,rax
    78f7:	e8 e2 17 00 00       	call   90de <_ZSt4fillIPmmEvT_S1_RKT0_>
    78fc:	48 8d 45 d0          	lea    rax,[rbp-0x30]
    7900:	48 89 c7             	mov    rdi,rax
    7903:	e8 ca 16 00 00       	call   8fd2 <_ZNSt6vectorImSaImEE16_Temporary_valueD1Ev>
    7908:	e9 82 03 00 00       	jmp    7c8f <_ZNSt6vectorImSaImEE14_M_fill_insertEN9__gnu_cxx17__normal_iteratorIPmS1_EEmRKm+0x645>
    790d:	48 8b 85 28 ff ff ff 	mov    rax,QWORD PTR [rbp-0xd8]
    7914:	48 8b 00             	mov    rax,QWORD PTR [rax]
    7917:	48 89 85 40 ff ff ff 	mov    QWORD PTR [rbp-0xc0],rax
    791e:	48 8b 85 28 ff ff ff 	mov    rax,QWORD PTR [rbp-0xd8]
    7925:	48 8b 40 08          	mov    rax,QWORD PTR [rax+0x8]
    7929:	48 89 85 48 ff ff ff 	mov    QWORD PTR [rbp-0xb8],rax
    7930:	48 8d 85 20 ff ff ff 	lea    rax,[rbp-0xe0]
    7937:	48 89 c7             	mov    rdi,rax
    793a:	e8 3b 09 00 00       	call   827a <_ZNK9__gnu_cxx17__normal_iteratorIPmSt6vectorImSaImEEE4baseEv>
    793f:	48 8b 00             	mov    rax,QWORD PTR [rax]
    7942:	48 89 85 50 ff ff ff 	mov    QWORD PTR [rbp-0xb0],rax
    7949:	48 8b 8d 18 ff ff ff 	mov    rcx,QWORD PTR [rbp-0xe8]
    7950:	48 8b 85 28 ff ff ff 	mov    rax,QWORD PTR [rbp-0xd8]
    7957:	48 8d 15 3b 4c 00 00 	lea    rdx,[rip+0x4c3b]        # c599 <_ZStL19piecewise_construct+0x591>
    795e:	48 89 ce             	mov    rsi,rcx
    7961:	48 89 c7             	mov    rdi,rax
    7964:	e8 dd 17 00 00       	call   9146 <_ZNKSt6vectorImSaImEE12_M_check_lenEmPKc>
    7969:	48 89 85 58 ff ff ff 	mov    QWORD PTR [rbp-0xa8],rax
    7970:	48 8b 85 50 ff ff ff 	mov    rax,QWORD PTR [rbp-0xb0]
    7977:	48 2b 85 40 ff ff ff 	sub    rax,QWORD PTR [rbp-0xc0]
    797e:	48 c1 f8 03          	sar    rax,0x3
    7982:	48 89 85 60 ff ff ff 	mov    QWORD PTR [rbp-0xa0],rax
    7989:	48 8b 85 28 ff ff ff 	mov    rax,QWORD PTR [rbp-0xd8]
    7990:	48 8b 95 58 ff ff ff 	mov    rdx,QWORD PTR [rbp-0xa8]
    7997:	48 89 d6             	mov    rsi,rdx
    799a:	48 89 c7             	mov    rdi,rax
    799d:	e8 a8 18 00 00       	call   924a <_ZNSt12_Vector_baseImSaImEE11_M_allocateEm>
    79a2:	48 89 85 68 ff ff ff 	mov    QWORD PTR [rbp-0x98],rax
    79a9:	48 8b 85 68 ff ff ff 	mov    rax,QWORD PTR [rbp-0x98]
    79b0:	48 89 85 38 ff ff ff 	mov    QWORD PTR [rbp-0xc8],rax
    79b7:	48 8b 85 28 ff ff ff 	mov    rax,QWORD PTR [rbp-0xd8]
    79be:	48 89 c7             	mov    rdi,rax
    79c1:	e8 c2 f3 ff ff       	call   6d88 <_ZNSt12_Vector_baseImSaImEE19_M_get_Tp_allocatorEv>
    79c6:	48 89 c1             	mov    rcx,rax
    79c9:	48 8b 85 60 ff ff ff 	mov    rax,QWORD PTR [rbp-0xa0]
    79d0:	48 8d 14 c5 00 00 00 	lea    rdx,[rax*8+0x0]
    79d7:	00 
    79d8:	48 8b 85 68 ff ff ff 	mov    rax,QWORD PTR [rbp-0x98]
    79df:	48 8d 3c 02          	lea    rdi,[rdx+rax*1]
    79e3:	48 8b 95 10 ff ff ff 	mov    rdx,QWORD PTR [rbp-0xf0]
    79ea:	48 8b 85 18 ff ff ff 	mov    rax,QWORD PTR [rbp-0xe8]
    79f1:	48 89 c6             	mov    rsi,rax
    79f4:	e8 17 17 00 00       	call   9110 <_ZSt24__uninitialized_fill_n_aIPmmmmET_S1_T0_RKT1_RSaIT2_E>
    79f9:	48 c7 85 38 ff ff ff 	mov    QWORD PTR [rbp-0xc8],0x0
    7a00:	00 00 00 00 
    7a04:	48 8b 85 28 ff ff ff 	mov    rax,QWORD PTR [rbp-0xd8]
    7a0b:	48 89 c7             	mov    rdi,rax
    7a0e:	e8 75 f3 ff ff       	call   6d88 <_ZNSt12_Vector_baseImSaImEE19_M_get_Tp_allocatorEv>
    7a13:	48 89 c1             	mov    rcx,rax
    7a16:	48 8b 95 68 ff ff ff 	mov    rdx,QWORD PTR [rbp-0x98]
    7a1d:	48 8b b5 50 ff ff ff 	mov    rsi,QWORD PTR [rbp-0xb0]
    7a24:	48 8b 85 40 ff ff ff 	mov    rax,QWORD PTR [rbp-0xc0]
    7a2b:	48 89 c7             	mov    rdi,rax
    7a2e:	e8 64 18 00 00       	call   9297 <_ZSt34__uninitialized_move_if_noexcept_aIPmS0_SaImEET0_T_S3_S2_RT1_>
    7a33:	48 89 85 38 ff ff ff 	mov    QWORD PTR [rbp-0xc8],rax
    7a3a:	48 8b 85 18 ff ff ff 	mov    rax,QWORD PTR [rbp-0xe8]
    7a41:	48 c1 e0 03          	shl    rax,0x3
    7a45:	48 01 85 38 ff ff ff 	add    QWORD PTR [rbp-0xc8],rax
    7a4c:	48 8b 85 28 ff ff ff 	mov    rax,QWORD PTR [rbp-0xd8]
    7a53:	48 89 c7             	mov    rdi,rax
    7a56:	e8 2d f3 ff ff       	call   6d88 <_ZNSt12_Vector_baseImSaImEE19_M_get_Tp_allocatorEv>
    7a5b:	48 89 c1             	mov    rcx,rax
    7a5e:	48 8b 95 38 ff ff ff 	mov    rdx,QWORD PTR [rbp-0xc8]
    7a65:	48 8b b5 48 ff ff ff 	mov    rsi,QWORD PTR [rbp-0xb8]
    7a6c:	48 8b 85 50 ff ff ff 	mov    rax,QWORD PTR [rbp-0xb0]
    7a73:	48 89 c7             	mov    rdi,rax
    7a76:	e8 1c 18 00 00       	call   9297 <_ZSt34__uninitialized_move_if_noexcept_aIPmS0_SaImEET0_T_S3_S2_RT1_>
    7a7b:	48 89 85 38 ff ff ff 	mov    QWORD PTR [rbp-0xc8],rax
    7a82:	48 8b 85 28 ff ff ff 	mov    rax,QWORD PTR [rbp-0xd8]
    7a89:	48 89 c7             	mov    rdi,rax
    7a8c:	e8 f7 f2 ff ff       	call   6d88 <_ZNSt12_Vector_baseImSaImEE19_M_get_Tp_allocatorEv>
    7a91:	48 8b 95 40 ff ff ff 	mov    rdx,QWORD PTR [rbp-0xc0]
    7a98:	48 89 55 88          	mov    QWORD PTR [rbp-0x78],rdx
    7a9c:	48 8b 95 48 ff ff ff 	mov    rdx,QWORD PTR [rbp-0xb8]
    7aa3:	48 89 55 90          	mov    QWORD PTR [rbp-0x70],rdx
    7aa7:	48 89 45 98          	mov    QWORD PTR [rbp-0x68],rax
    7aab:	48 8b 55 90          	mov    rdx,QWORD PTR [rbp-0x70]
    7aaf:	48 8b 45 88          	mov    rax,QWORD PTR [rbp-0x78]
    7ab3:	48 89 d6             	mov    rsi,rdx
    7ab6:	48 89 c7             	mov    rdi,rax
    7ab9:	e8 e9 0a 00 00       	call   85a7 <_ZSt8_DestroyIPmEvT_S1_>
    7abe:	90                   	nop
    7abf:	48 8b 85 28 ff ff ff 	mov    rax,QWORD PTR [rbp-0xd8]
    7ac6:	48 8b 95 28 ff ff ff 	mov    rdx,QWORD PTR [rbp-0xd8]
    7acd:	48 8b 52 10          	mov    rdx,QWORD PTR [rdx+0x10]
    7ad1:	48 2b 95 40 ff ff ff 	sub    rdx,QWORD PTR [rbp-0xc0]
    7ad8:	48 c1 fa 03          	sar    rdx,0x3
    7adc:	48 8b 8d 40 ff ff ff 	mov    rcx,QWORD PTR [rbp-0xc0]
    7ae3:	48 89 ce             	mov    rsi,rcx
    7ae6:	48 89 c7             	mov    rdi,rax
    7ae9:	e8 48 f2 ff ff       	call   6d36 <_ZNSt12_Vector_baseImSaImEE13_M_deallocateEPmm>
    7aee:	48 8b 85 28 ff ff ff 	mov    rax,QWORD PTR [rbp-0xd8]
    7af5:	48 8b 95 68 ff ff ff 	mov    rdx,QWORD PTR [rbp-0x98]
    7afc:	48 89 10             	mov    QWORD PTR [rax],rdx
    7aff:	48 8b 85 28 ff ff ff 	mov    rax,QWORD PTR [rbp-0xd8]
    7b06:	48 8b 95 38 ff ff ff 	mov    rdx,QWORD PTR [rbp-0xc8]
    7b0d:	48 89 50 08          	mov    QWORD PTR [rax+0x8],rdx
    7b11:	48 8b 85 58 ff ff ff 	mov    rax,QWORD PTR [rbp-0xa8]
    7b18:	48 8d 14 c5 00 00 00 	lea    rdx,[rax*8+0x0]
    7b1f:	00 
    7b20:	48 8b 85 68 ff ff ff 	mov    rax,QWORD PTR [rbp-0x98]
    7b27:	48 01 c2             	add    rdx,rax
    7b2a:	48 8b 85 28 ff ff ff 	mov    rax,QWORD PTR [rbp-0xd8]
    7b31:	48 89 50 10          	mov    QWORD PTR [rax+0x10],rdx
    7b35:	e9 55 01 00 00       	jmp    7c8f <_ZNSt6vectorImSaImEE14_M_fill_insertEN9__gnu_cxx17__normal_iteratorIPmS1_EEmRKm+0x645>
    7b3a:	f3 0f 1e fa          	endbr64
    7b3e:	48 89 c3             	mov    rbx,rax
    7b41:	48 8d 45 d0          	lea    rax,[rbp-0x30]
    7b45:	48 89 c7             	mov    rdi,rax
    7b48:	e8 85 14 00 00       	call   8fd2 <_ZNSt6vectorImSaImEE16_Temporary_valueD1Ev>
    7b4d:	48 89 d8             	mov    rax,rbx
    7b50:	48 8b 55 e8          	mov    rdx,QWORD PTR [rbp-0x18]
    7b54:	64 48 2b 14 25 28 00 	sub    rdx,QWORD PTR fs:0x28
    7b5b:	00 00 
    7b5d:	74 05                	je     7b64 <_ZNSt6vectorImSaImEE14_M_fill_insertEN9__gnu_cxx17__normal_iteratorIPmS1_EEmRKm+0x51a>
    7b5f:	e8 3c aa ff ff       	call   25a0 <__stack_chk_fail@plt>
    7b64:	48 89 c7             	mov    rdi,rax
    7b67:	e8 c4 ab ff ff       	call   2730 <_Unwind_Resume@plt>
    7b6c:	f3 0f 1e fa          	endbr64
    7b70:	48 89 c7             	mov    rdi,rax
    7b73:	e8 e8 a8 ff ff       	call   2460 <__cxa_begin_catch@plt>
    7b78:	48 83 bd 38 ff ff ff 	cmp    QWORD PTR [rbp-0xc8],0x0
    7b7f:	00 
    7b80:	75 6c                	jne    7bee <_ZNSt6vectorImSaImEE14_M_fill_insertEN9__gnu_cxx17__normal_iteratorIPmS1_EEmRKm+0x5a4>
    7b82:	48 8b 85 28 ff ff ff 	mov    rax,QWORD PTR [rbp-0xd8]
    7b89:	48 89 c7             	mov    rdi,rax
    7b8c:	e8 f7 f1 ff ff       	call   6d88 <_ZNSt12_Vector_baseImSaImEE19_M_get_Tp_allocatorEv>
    7b91:	48 8b 8d 60 ff ff ff 	mov    rcx,QWORD PTR [rbp-0xa0]
    7b98:	48 8b 95 18 ff ff ff 	mov    rdx,QWORD PTR [rbp-0xe8]
    7b9f:	48 01 ca             	add    rdx,rcx
    7ba2:	48 8d 0c d5 00 00 00 	lea    rcx,[rdx*8+0x0]
    7ba9:	00 
    7baa:	48 8b 95 68 ff ff ff 	mov    rdx,QWORD PTR [rbp-0x98]
    7bb1:	48 01 ca             	add    rdx,rcx
    7bb4:	48 8b 8d 60 ff ff ff 	mov    rcx,QWORD PTR [rbp-0xa0]
    7bbb:	48 8d 34 cd 00 00 00 	lea    rsi,[rcx*8+0x0]
    7bc2:	00 
    7bc3:	48 8b 8d 68 ff ff ff 	mov    rcx,QWORD PTR [rbp-0x98]
    7bca:	48 01 f1             	add    rcx,rsi
    7bcd:	48 89 4d a0          	mov    QWORD PTR [rbp-0x60],rcx
    7bd1:	48 89 55 a8          	mov    QWORD PTR [rbp-0x58],rdx
    7bd5:	48 89 45 b0          	mov    QWORD PTR [rbp-0x50],rax
    7bd9:	48 8b 55 a8          	mov    rdx,QWORD PTR [rbp-0x58]
    7bdd:	48 8b 45 a0          	mov    rax,QWORD PTR [rbp-0x60]
    7be1:	48 89 d6             	mov    rsi,rdx
    7be4:	48 89 c7             	mov    rdi,rax
    7be7:	e8 bb 09 00 00       	call   85a7 <_ZSt8_DestroyIPmEvT_S1_>
    7bec:	eb 3d                	jmp    7c2b <_ZNSt6vectorImSaImEE14_M_fill_insertEN9__gnu_cxx17__normal_iteratorIPmS1_EEmRKm+0x5e1>
    7bee:	48 8b 85 28 ff ff ff 	mov    rax,QWORD PTR [rbp-0xd8]
    7bf5:	48 89 c7             	mov    rdi,rax
    7bf8:	e8 8b f1 ff ff       	call   6d88 <_ZNSt12_Vector_baseImSaImEE19_M_get_Tp_allocatorEv>
    7bfd:	48 8b 95 68 ff ff ff 	mov    rdx,QWORD PTR [rbp-0x98]
    7c04:	48 89 55 b8          	mov    QWORD PTR [rbp-0x48],rdx
    7c08:	48 8b 95 38 ff ff ff 	mov    rdx,QWORD PTR [rbp-0xc8]
    7c0f:	48 89 55 c0          	mov    QWORD PTR [rbp-0x40],rdx
    7c13:	48 89 45 c8          	mov    QWORD PTR [rbp-0x38],rax
    7c17:	48 8b 55 c0          	mov    rdx,QWORD PTR [rbp-0x40]
    7c1b:	48 8b 45 b8          	mov    rax,QWORD PTR [rbp-0x48]
    7c1f:	48 89 d6             	mov    rsi,rdx
    7c22:	48 89 c7             	mov    rdi,rax
    7c25:	e8 7d 09 00 00       	call   85a7 <_ZSt8_DestroyIPmEvT_S1_>
    7c2a:	90                   	nop
    7c2b:	48 8b 85 28 ff ff ff 	mov    rax,QWORD PTR [rbp-0xd8]
    7c32:	48 8b 95 58 ff ff ff 	mov    rdx,QWORD PTR [rbp-0xa8]
    7c39:	48 8b 8d 68 ff ff ff 	mov    rcx,QWORD PTR [rbp-0x98]
    7c40:	48 89 ce             	mov    rsi,rcx
    7c43:	48 89 c7             	mov    rdi,rax
    7c46:	e8 eb f0 ff ff       	call   6d36 <_ZNSt12_Vector_baseImSaImEE13_M_deallocateEPmm>
    7c4b:	48 8b 45 e8          	mov    rax,QWORD PTR [rbp-0x18]
    7c4f:	64 48 2b 04 25 28 00 	sub    rax,QWORD PTR fs:0x28
    7c56:	00 00 
    7c58:	74 05                	je     7c5f <_ZNSt6vectorImSaImEE14_M_fill_insertEN9__gnu_cxx17__normal_iteratorIPmS1_EEmRKm+0x615>
    7c5a:	e8 41 a9 ff ff       	call   25a0 <__stack_chk_fail@plt>
    7c5f:	e8 4c aa ff ff       	call   26b0 <__cxa_rethrow@plt>
    7c64:	f3 0f 1e fa          	endbr64
    7c68:	48 89 c3             	mov    rbx,rax
    7c6b:	e8 80 aa ff ff       	call   26f0 <__cxa_end_catch@plt>
    7c70:	48 89 d8             	mov    rax,rbx
    7c73:	48 8b 55 e8          	mov    rdx,QWORD PTR [rbp-0x18]
    7c77:	64 48 2b 14 25 28 00 	sub    rdx,QWORD PTR fs:0x28
    7c7e:	00 00 
    7c80:	74 05                	je     7c87 <_ZNSt6vectorImSaImEE14_M_fill_insertEN9__gnu_cxx17__normal_iteratorIPmS1_EEmRKm+0x63d>
    7c82:	e8 19 a9 ff ff       	call   25a0 <__stack_chk_fail@plt>
    7c87:	48 89 c7             	mov    rdi,rax
    7c8a:	e8 a1 aa ff ff       	call   2730 <_Unwind_Resume@plt>
    7c8f:	90                   	nop
    7c90:	48 8b 45 e8          	mov    rax,QWORD PTR [rbp-0x18]
    7c94:	64 48 2b 04 25 28 00 	sub    rax,QWORD PTR fs:0x28
    7c9b:	00 00 
    7c9d:	74 05                	je     7ca4 <_ZNSt6vectorImSaImEE14_M_fill_insertEN9__gnu_cxx17__normal_iteratorIPmS1_EEmRKm+0x65a>
    7c9f:	e8 fc a8 ff ff       	call   25a0 <__stack_chk_fail@plt>
    7ca4:	48 81 c4 e0 00 00 00 	add    rsp,0xe0
    7cab:	5b                   	pop    rbx
    7cac:	41 5c                	pop    r12
    7cae:	5d                   	pop    rbp
    7caf:	c3                   	ret

0000000000007cb0 <_ZNSt6vectorImSaImEE15_M_erase_at_endEPm>:
    7cb0:	f3 0f 1e fa          	endbr64
    7cb4:	55                   	push   rbp
    7cb5:	48 89 e5             	mov    rbp,rsp
    7cb8:	48 83 ec 30          	sub    rsp,0x30
    7cbc:	48 89 7d d8          	mov    QWORD PTR [rbp-0x28],rdi
    7cc0:	48 89 75 d0          	mov    QWORD PTR [rbp-0x30],rsi
    7cc4:	48 8b 45 d8          	mov    rax,QWORD PTR [rbp-0x28]
    7cc8:	48 8b 40 08          	mov    rax,QWORD PTR [rax+0x8]
    7ccc:	48 2b 45 d0          	sub    rax,QWORD PTR [rbp-0x30]
    7cd0:	48 c1 f8 03          	sar    rax,0x3
    7cd4:	48 89 45 e0          	mov    QWORD PTR [rbp-0x20],rax
    7cd8:	48 83 7d e0 00       	cmp    QWORD PTR [rbp-0x20],0x0
    7cdd:	74 44                	je     7d23 <_ZNSt6vectorImSaImEE15_M_erase_at_endEPm+0x73>
    7cdf:	48 8b 45 d8          	mov    rax,QWORD PTR [rbp-0x28]
    7ce3:	48 89 c7             	mov    rdi,rax
    7ce6:	e8 9d f0 ff ff       	call   6d88 <_ZNSt12_Vector_baseImSaImEE19_M_get_Tp_allocatorEv>
    7ceb:	48 8b 55 d8          	mov    rdx,QWORD PTR [rbp-0x28]
    7cef:	48 8b 52 08          	mov    rdx,QWORD PTR [rdx+0x8]
    7cf3:	48 8b 4d d0          	mov    rcx,QWORD PTR [rbp-0x30]
    7cf7:	48 89 4d e8          	mov    QWORD PTR [rbp-0x18],rcx
    7cfb:	48 89 55 f0          	mov    QWORD PTR [rbp-0x10],rdx
    7cff:	48 89 45 f8          	mov    QWORD PTR [rbp-0x8],rax
    7d03:	48 8b 55 f0          	mov    rdx,QWORD PTR [rbp-0x10]
    7d07:	48 8b 45 e8          	mov    rax,QWORD PTR [rbp-0x18]
    7d0b:	48 89 d6             	mov    rsi,rdx
    7d0e:	48 89 c7             	mov    rdi,rax
    7d11:	e8 91 08 00 00       	call   85a7 <_ZSt8_DestroyIPmEvT_S1_>
    7d16:	90                   	nop
    7d17:	48 8b 45 d8          	mov    rax,QWORD PTR [rbp-0x28]
    7d1b:	48 8b 55 d0          	mov    rdx,QWORD PTR [rbp-0x30]
    7d1f:	48 89 50 08          	mov    QWORD PTR [rax+0x8],rdx
    7d23:	90                   	nop
    7d24:	c9                   	leave
    7d25:	c3                   	ret

0000000000007d26 <_ZNSt6vectorImSaImEE15_S_use_relocateEv>:
    7d26:	f3 0f 1e fa          	endbr64
    7d2a:	55                   	push   rbp
    7d2b:	48 89 e5             	mov    rbp,rsp
    7d2e:	48 83 ec 10          	sub    rsp,0x10
    7d32:	64 48 8b 04 25 28 00 	mov    rax,QWORD PTR fs:0x28
    7d39:	00 00 
    7d3b:	48 89 45 f8          	mov    QWORD PTR [rbp-0x8],rax
    7d3f:	31 c0                	xor    eax,eax
    7d41:	e8 16 00 00 00       	call   7d5c <_ZNSt6vectorImSaImEE19_S_nothrow_relocateESt17integral_constantIbLb1EE>
    7d46:	48 8b 55 f8          	mov    rdx,QWORD PTR [rbp-0x8]
    7d4a:	64 48 2b 14 25 28 00 	sub    rdx,QWORD PTR fs:0x28
    7d51:	00 00 
    7d53:	74 05                	je     7d5a <_ZNSt6vectorImSaImEE15_S_use_relocateEv+0x34>
    7d55:	e8 46 a8 ff ff       	call   25a0 <__stack_chk_fail@plt>
    7d5a:	c9                   	leave
    7d5b:	c3                   	ret

0000000000007d5c <_ZNSt6vectorImSaImEE19_S_nothrow_relocateESt17integral_constantIbLb1EE>:
    7d5c:	f3 0f 1e fa          	endbr64
    7d60:	55                   	push   rbp
    7d61:	48 89 e5             	mov    rbp,rsp
    7d64:	b8 01 00 00 00       	mov    eax,0x1
    7d69:	5d                   	pop    rbp
    7d6a:	c3                   	ret
    7d6b:	90                   	nop

0000000000007d6c <_ZNSt6vectorImSaImEE17_M_realloc_insertIJRKmEEEvN9__gnu_cxx17__normal_iteratorIPmS1_EEDpOT_>:
    7d6c:	f3 0f 1e fa          	endbr64
    7d70:	55                   	push   rbp
    7d71:	48 89 e5             	mov    rbp,rsp
    7d74:	53                   	push   rbx
    7d75:	48 81 ec e8 00 00 00 	sub    rsp,0xe8
    7d7c:	48 89 bd 28 ff ff ff 	mov    QWORD PTR [rbp-0xd8],rdi
    7d83:	48 89 b5 20 ff ff ff 	mov    QWORD PTR [rbp-0xe0],rsi
    7d8a:	48 89 95 18 ff ff ff 	mov    QWORD PTR [rbp-0xe8],rdx
    7d91:	64 48 8b 04 25 28 00 	mov    rax,QWORD PTR fs:0x28
    7d98:	00 00 
    7d9a:	48 89 45 e8          	mov    QWORD PTR [rbp-0x18],rax
    7d9e:	31 c0                	xor    eax,eax
    7da0:	48 8b 85 28 ff ff ff 	mov    rax,QWORD PTR [rbp-0xd8]
    7da7:	48 8d 15 02 48 00 00 	lea    rdx,[rip+0x4802]        # c5b0 <_ZStL19piecewise_construct+0x5a8>
    7dae:	be 01 00 00 00       	mov    esi,0x1
    7db3:	48 89 c7             	mov    rdi,rax
    7db6:	e8 8b 13 00 00       	call   9146 <_ZNKSt6vectorImSaImEE12_M_check_lenEmPKc>
    7dbb:	48 89 85 40 ff ff ff 	mov    QWORD PTR [rbp-0xc0],rax
    7dc2:	48 8b 85 28 ff ff ff 	mov    rax,QWORD PTR [rbp-0xd8]
    7dc9:	48 8b 00             	mov    rax,QWORD PTR [rax]
    7dcc:	48 89 85 48 ff ff ff 	mov    QWORD PTR [rbp-0xb8],rax
    7dd3:	48 8b 85 28 ff ff ff 	mov    rax,QWORD PTR [rbp-0xd8]
    7dda:	48 8b 40 08          	mov    rax,QWORD PTR [rax+0x8]
    7dde:	48 89 85 50 ff ff ff 	mov    QWORD PTR [rbp-0xb0],rax
    7de5:	48 8b 85 28 ff ff ff 	mov    rax,QWORD PTR [rbp-0xd8]
    7dec:	48 89 c7             	mov    rdi,rax
    7def:	e8 4a e4 ff ff       	call   623e <_ZNSt6vectorImSaImEE5beginEv>
    7df4:	48 89 85 30 ff ff ff 	mov    QWORD PTR [rbp-0xd0],rax
    7dfb:	48 8d 95 30 ff ff ff 	lea    rdx,[rbp-0xd0]
    7e02:	48 8d 85 20 ff ff ff 	lea    rax,[rbp-0xe0]
    7e09:	48 89 d6             	mov    rsi,rdx
    7e0c:	48 89 c7             	mov    rdi,rax
    7e0f:	e8 ce f3 ff ff       	call   71e2 <_ZN9__gnu_cxxmiIPmSt6vectorImSaImEEEENS_17__normal_iteratorIT_T0_E15difference_typeERKS8_SB_>
    7e14:	48 89 85 58 ff ff ff 	mov    QWORD PTR [rbp-0xa8],rax
    7e1b:	48 8b 85 28 ff ff ff 	mov    rax,QWORD PTR [rbp-0xd8]
    7e22:	48 8b 95 40 ff ff ff 	mov    rdx,QWORD PTR [rbp-0xc0]
    7e29:	48 89 d6             	mov    rsi,rdx
    7e2c:	48 89 c7             	mov    rdi,rax
    7e2f:	e8 16 14 00 00       	call   924a <_ZNSt12_Vector_baseImSaImEE11_M_allocateEm>
    7e34:	48 89 85 60 ff ff ff 	mov    QWORD PTR [rbp-0xa0],rax
    7e3b:	48 8b 85 60 ff ff ff 	mov    rax,QWORD PTR [rbp-0xa0]
    7e42:	48 89 85 38 ff ff ff 	mov    QWORD PTR [rbp-0xc8],rax
    7e49:	48 8b 85 18 ff ff ff 	mov    rax,QWORD PTR [rbp-0xe8]
    7e50:	48 89 c7             	mov    rdi,rax
    7e53:	e8 96 14 00 00       	call   92ee <_ZSt7forwardIRKmEOT_RNSt16remove_referenceIS2_E4typeE>
    7e58:	48 8b 95 58 ff ff ff 	mov    rdx,QWORD PTR [rbp-0xa8]
    7e5f:	48 8d 0c d5 00 00 00 	lea    rcx,[rdx*8+0x0]
    7e66:	00 
    7e67:	48 8b 95 60 ff ff ff 	mov    rdx,QWORD PTR [rbp-0xa0]
    7e6e:	48 01 d1             	add    rcx,rdx
    7e71:	48 8b 95 28 ff ff ff 	mov    rdx,QWORD PTR [rbp-0xd8]
    7e78:	48 89 95 68 ff ff ff 	mov    QWORD PTR [rbp-0x98],rdx
    7e7f:	48 89 8d 70 ff ff ff 	mov    QWORD PTR [rbp-0x90],rcx
    7e86:	48 89 85 78 ff ff ff 	mov    QWORD PTR [rbp-0x88],rax
    7e8d:	48 8b 85 78 ff ff ff 	mov    rax,QWORD PTR [rbp-0x88]
    7e94:	48 89 c7             	mov    rdi,rax
    7e97:	e8 52 14 00 00       	call   92ee <_ZSt7forwardIRKmEOT_RNSt16remove_referenceIS2_E4typeE>
    7e9c:	48 8b 95 68 ff ff ff 	mov    rdx,QWORD PTR [rbp-0x98]
    7ea3:	48 89 55 80          	mov    QWORD PTR [rbp-0x80],rdx
    7ea7:	48 8b 95 70 ff ff ff 	mov    rdx,QWORD PTR [rbp-0x90]
    7eae:	48 89 55 88          	mov    QWORD PTR [rbp-0x78],rdx
    7eb2:	48 89 45 90          	mov    QWORD PTR [rbp-0x70],rax
    7eb6:	48 8b 45 88          	mov    rax,QWORD PTR [rbp-0x78]
    7eba:	48 89 c6             	mov    rsi,rax
    7ebd:	bf 08 00 00 00       	mov    edi,0x8
    7ec2:	e8 3e dd ff ff       	call   5c05 <_ZnwmPv>
    7ec7:	48 89 c3             	mov    rbx,rax
    7eca:	48 8b 45 90          	mov    rax,QWORD PTR [rbp-0x70]
    7ece:	48 89 c7             	mov    rdi,rax
    7ed1:	e8 18 14 00 00       	call   92ee <_ZSt7forwardIRKmEOT_RNSt16remove_referenceIS2_E4typeE>
    7ed6:	48 8b 00             	mov    rax,QWORD PTR [rax]
    7ed9:	48 89 03             	mov    QWORD PTR [rbx],rax
    7edc:	90                   	nop
    7edd:	90                   	nop
    7ede:	48 c7 85 38 ff ff ff 	mov    QWORD PTR [rbp-0xc8],0x0
    7ee5:	00 00 00 00 
    7ee9:	e8 38 fe ff ff       	call   7d26 <_ZNSt6vectorImSaImEE15_S_use_relocateEv>
    7eee:	84 c0                	test   al,al
    7ef0:	0f 84 95 00 00 00    	je     7f8b <_ZNSt6vectorImSaImEE17_M_realloc_insertIJRKmEEEvN9__gnu_cxx17__normal_iteratorIPmS1_EEDpOT_+0x21f>
    7ef6:	48 8b 85 28 ff ff ff 	mov    rax,QWORD PTR [rbp-0xd8]
    7efd:	48 89 c7             	mov    rdi,rax
    7f00:	e8 83 ee ff ff       	call   6d88 <_ZNSt12_Vector_baseImSaImEE19_M_get_Tp_allocatorEv>
    7f05:	48 89 c3             	mov    rbx,rax
    7f08:	48 8d 85 20 ff ff ff 	lea    rax,[rbp-0xe0]
    7f0f:	48 89 c7             	mov    rdi,rax
    7f12:	e8 63 03 00 00       	call   827a <_ZNK9__gnu_cxx17__normal_iteratorIPmSt6vectorImSaImEEE4baseEv>
    7f17:	48 8b 30             	mov    rsi,QWORD PTR [rax]
    7f1a:	48 8b 95 60 ff ff ff 	mov    rdx,QWORD PTR [rbp-0xa0]
    7f21:	48 8b 85 48 ff ff ff 	mov    rax,QWORD PTR [rbp-0xb8]
    7f28:	48 89 d9             	mov    rcx,rbx
    7f2b:	48 89 c7             	mov    rdi,rax
    7f2e:	e8 cd 13 00 00       	call   9300 <_ZNSt6vectorImSaImEE11_S_relocateEPmS2_S2_RS0_>
    7f33:	48 89 85 38 ff ff ff 	mov    QWORD PTR [rbp-0xc8],rax
    7f3a:	48 83 85 38 ff ff ff 	add    QWORD PTR [rbp-0xc8],0x8
    7f41:	08 
    7f42:	48 8b 85 28 ff ff ff 	mov    rax,QWORD PTR [rbp-0xd8]
    7f49:	48 89 c7             	mov    rdi,rax
    7f4c:	e8 37 ee ff ff       	call   6d88 <_ZNSt12_Vector_baseImSaImEE19_M_get_Tp_allocatorEv>
    7f51:	48 89 c3             	mov    rbx,rax
    7f54:	48 8d 85 20 ff ff ff 	lea    rax,[rbp-0xe0]
    7f5b:	48 89 c7             	mov    rdi,rax
    7f5e:	e8 17 03 00 00       	call   827a <_ZNK9__gnu_cxx17__normal_iteratorIPmSt6vectorImSaImEEE4baseEv>
    7f63:	48 8b 00             	mov    rax,QWORD PTR [rax]
    7f66:	48 8b 95 38 ff ff ff 	mov    rdx,QWORD PTR [rbp-0xc8]
    7f6d:	48 8b b5 50 ff ff ff 	mov    rsi,QWORD PTR [rbp-0xb0]
    7f74:	48 89 d9             	mov    rcx,rbx
    7f77:	48 89 c7             	mov    rdi,rax
    7f7a:	e8 81 13 00 00       	call   9300 <_ZNSt6vectorImSaImEE11_S_relocateEPmS2_S2_RS0_>
    7f7f:	48 89 85 38 ff ff ff 	mov    QWORD PTR [rbp-0xc8],rax
    7f86:	e9 90 00 00 00       	jmp    801b <_ZNSt6vectorImSaImEE17_M_realloc_insertIJRKmEEEvN9__gnu_cxx17__normal_iteratorIPmS1_EEDpOT_+0x2af>
    7f8b:	48 8b 85 28 ff ff ff 	mov    rax,QWORD PTR [rbp-0xd8]
    7f92:	48 89 c7             	mov    rdi,rax
    7f95:	e8 ee ed ff ff       	call   6d88 <_ZNSt12_Vector_baseImSaImEE19_M_get_Tp_allocatorEv>
    7f9a:	48 89 c3             	mov    rbx,rax
    7f9d:	48 8d 85 20 ff ff ff 	lea    rax,[rbp-0xe0]
    7fa4:	48 89 c7             	mov    rdi,rax
    7fa7:	e8 ce 02 00 00       	call   827a <_ZNK9__gnu_cxx17__normal_iteratorIPmSt6vectorImSaImEEE4baseEv>
    7fac:	48 8b 30             	mov    rsi,QWORD PTR [rax]
    7faf:	48 8b 95 60 ff ff ff 	mov    rdx,QWORD PTR [rbp-0xa0]
    7fb6:	48 8b 85 48 ff ff ff 	mov    rax,QWORD PTR [rbp-0xb8]
    7fbd:	48 89 d9             	mov    rcx,rbx
    7fc0:	48 89 c7             	mov    rdi,rax
    7fc3:	e8 cf 12 00 00       	call   9297 <_ZSt34__uninitialized_move_if_noexcept_aIPmS0_SaImEET0_T_S3_S2_RT1_>
    7fc8:	48 89 85 38 ff ff ff 	mov    QWORD PTR [rbp-0xc8],rax
    7fcf:	48 83 85 38 ff ff ff 	add    QWORD PTR [rbp-0xc8],0x8
    7fd6:	08 
    7fd7:	48 8b 85 28 ff ff ff 	mov    rax,QWORD PTR [rbp-0xd8]
    7fde:	48 89 c7             	mov    rdi,rax
    7fe1:	e8 a2 ed ff ff       	call   6d88 <_ZNSt12_Vector_baseImSaImEE19_M_get_Tp_allocatorEv>
    7fe6:	48 89 c3             	mov    rbx,rax
    7fe9:	48 8d 85 20 ff ff ff 	lea    rax,[rbp-0xe0]
    7ff0:	48 89 c7             	mov    rdi,rax
    7ff3:	e8 82 02 00 00       	call   827a <_ZNK9__gnu_cxx17__normal_iteratorIPmSt6vectorImSaImEEE4baseEv>
    7ff8:	48 8b 00             	mov    rax,QWORD PTR [rax]
    7ffb:	48 8b 95 38 ff ff ff 	mov    rdx,QWORD PTR [rbp-0xc8]
    8002:	48 8b b5 50 ff ff ff 	mov    rsi,QWORD PTR [rbp-0xb0]
    8009:	48 89 d9             	mov    rcx,rbx
    800c:	48 89 c7             	mov    rdi,rax
    800f:	e8 83 12 00 00       	call   9297 <_ZSt34__uninitialized_move_if_noexcept_aIPmS0_SaImEET0_T_S3_S2_RT1_>
    8014:	48 89 85 38 ff ff ff 	mov    QWORD PTR [rbp-0xc8],rax
    801b:	e8 06 fd ff ff       	call   7d26 <_ZNSt6vectorImSaImEE15_S_use_relocateEv>
    8020:	83 f0 01             	xor    eax,0x1
    8023:	84 c0                	test   al,al
    8025:	74 3d                	je     8064 <_ZNSt6vectorImSaImEE17_M_realloc_insertIJRKmEEEvN9__gnu_cxx17__normal_iteratorIPmS1_EEDpOT_+0x2f8>
    8027:	48 8b 85 28 ff ff ff 	mov    rax,QWORD PTR [rbp-0xd8]
    802e:	48 89 c7             	mov    rdi,rax
    8031:	e8 52 ed ff ff       	call   6d88 <_ZNSt12_Vector_baseImSaImEE19_M_get_Tp_allocatorEv>
    8036:	48 8b 95 48 ff ff ff 	mov    rdx,QWORD PTR [rbp-0xb8]
    803d:	48 89 55 98          	mov    QWORD PTR [rbp-0x68],rdx
    8041:	48 8b 95 50 ff ff ff 	mov    rdx,QWORD PTR [rbp-0xb0]
    8048:	48 89 55 a0          	mov    QWORD PTR [rbp-0x60],rdx
    804c:	48 89 45 a8          	mov    QWORD PTR [rbp-0x58],rax
    8050:	48 8b 55 a0          	mov    rdx,QWORD PTR [rbp-0x60]
    8054:	48 8b 45 98          	mov    rax,QWORD PTR [rbp-0x68]
    8058:	48 89 d6             	mov    rsi,rdx
    805b:	48 89 c7             	mov    rdi,rax
    805e:	e8 44 05 00 00       	call   85a7 <_ZSt8_DestroyIPmEvT_S1_>
    8063:	90                   	nop
    8064:	48 8b 85 28 ff ff ff 	mov    rax,QWORD PTR [rbp-0xd8]
    806b:	48 8b 95 28 ff ff ff 	mov    rdx,QWORD PTR [rbp-0xd8]
    8072:	48 8b 52 10          	mov    rdx,QWORD PTR [rdx+0x10]
    8076:	48 2b 95 48 ff ff ff 	sub    rdx,QWORD PTR [rbp-0xb8]
    807d:	48 c1 fa 03          	sar    rdx,0x3
    8081:	48 8b 8d 48 ff ff ff 	mov    rcx,QWORD PTR [rbp-0xb8]
    8088:	48 89 ce             	mov    rsi,rcx
    808b:	48 89 c7             	mov    rdi,rax
    808e:	e8 a3 ec ff ff       	call   6d36 <_ZNSt12_Vector_baseImSaImEE13_M_deallocateEPmm>
    8093:	48 8b 85 28 ff ff ff 	mov    rax,QWORD PTR [rbp-0xd8]
    809a:	48 8b 95 60 ff ff ff 	mov    rdx,QWORD PTR [rbp-0xa0]
    80a1:	48 89 10             	mov    QWORD PTR [rax],rdx
    80a4:	48 8b 85 28 ff ff ff 	mov    rax,QWORD PTR [rbp-0xd8]
    80ab:	48 8b 95 38 ff ff ff 	mov    rdx,QWORD PTR [rbp-0xc8]
    80b2:	48 89 50 08          	mov    QWORD PTR [rax+0x8],rdx
    80b6:	48 8b 85 40 ff ff ff 	mov    rax,QWORD PTR [rbp-0xc0]
    80bd:	48 8d 14 c5 00 00 00 	lea    rdx,[rax*8+0x0]
    80c4:	00 
    80c5:	48 8b 85 60 ff ff ff 	mov    rax,QWORD PTR [rbp-0xa0]
    80cc:	48 01 c2             	add    rdx,rax
    80cf:	48 8b 85 28 ff ff ff 	mov    rax,QWORD PTR [rbp-0xd8]
    80d6:	48 89 50 10          	mov    QWORD PTR [rax+0x10],rdx
    80da:	90                   	nop
    80db:	48 8b 45 e8          	mov    rax,QWORD PTR [rbp-0x18]
    80df:	64 48 2b 04 25 28 00 	sub    rax,QWORD PTR fs:0x28
    80e6:	00 00 
    80e8:	0f 84 fc 00 00 00    	je     81ea <_ZNSt6vectorImSaImEE17_M_realloc_insertIJRKmEEEvN9__gnu_cxx17__normal_iteratorIPmS1_EEDpOT_+0x47e>
    80ee:	e9 f2 00 00 00       	jmp    81e5 <_ZNSt6vectorImSaImEE17_M_realloc_insertIJRKmEEEvN9__gnu_cxx17__normal_iteratorIPmS1_EEDpOT_+0x479>
    80f3:	f3 0f 1e fa          	endbr64
    80f7:	48 89 c7             	mov    rdi,rax
    80fa:	e8 61 a3 ff ff       	call   2460 <__cxa_begin_catch@plt>
    80ff:	48 83 bd 38 ff ff ff 	cmp    QWORD PTR [rbp-0xc8],0x0
    8106:	00 
    8107:	75 3b                	jne    8144 <_ZNSt6vectorImSaImEE17_M_realloc_insertIJRKmEEEvN9__gnu_cxx17__normal_iteratorIPmS1_EEDpOT_+0x3d8>
    8109:	48 8b 85 58 ff ff ff 	mov    rax,QWORD PTR [rbp-0xa8]
    8110:	48 8d 14 c5 00 00 00 	lea    rdx,[rax*8+0x0]
    8117:	00 
    8118:	48 8b 85 60 ff ff ff 	mov    rax,QWORD PTR [rbp-0xa0]
    811f:	48 01 c2             	add    rdx,rax
    8122:	48 8b 85 28 ff ff ff 	mov    rax,QWORD PTR [rbp-0xd8]
    8129:	48 89 45 b0          	mov    QWORD PTR [rbp-0x50],rax
    812d:	48 89 55 b8          	mov    QWORD PTR [rbp-0x48],rdx
    8131:	48 8b 45 b0          	mov    rax,QWORD PTR [rbp-0x50]
    8135:	48 89 45 c0          	mov    QWORD PTR [rbp-0x40],rax
    8139:	48 8b 45 b8          	mov    rax,QWORD PTR [rbp-0x48]
    813d:	48 89 45 c8          	mov    QWORD PTR [rbp-0x38],rax
    8141:	90                   	nop
    8142:	eb 3d                	jmp    8181 <_ZNSt6vectorImSaImEE17_M_realloc_insertIJRKmEEEvN9__gnu_cxx17__normal_iteratorIPmS1_EEDpOT_+0x415>
    8144:	48 8b 85 28 ff ff ff 	mov    rax,QWORD PTR [rbp-0xd8]
    814b:	48 89 c7             	mov    rdi,rax
    814e:	e8 35 ec ff ff       	call   6d88 <_ZNSt12_Vector_baseImSaImEE19_M_get_Tp_allocatorEv>
    8153:	48 8b 95 60 ff ff ff 	mov    rdx,QWORD PTR [rbp-0xa0]
    815a:	48 89 55 d0          	mov    QWORD PTR [rbp-0x30],rdx
    815e:	48 8b 95 38 ff ff ff 	mov    rdx,QWORD PTR [rbp-0xc8]
    8165:	48 89 55 d8          	mov    QWORD PTR [rbp-0x28],rdx
    8169:	48 89 45 e0          	mov    QWORD PTR [rbp-0x20],rax
    816d:	48 8b 55 d8          	mov    rdx,QWORD PTR [rbp-0x28]
    8171:	48 8b 45 d0          	mov    rax,QWORD PTR [rbp-0x30]
    8175:	48 89 d6             	mov    rsi,rdx
    8178:	48 89 c7             	mov    rdi,rax
    817b:	e8 27 04 00 00       	call   85a7 <_ZSt8_DestroyIPmEvT_S1_>
    8180:	90                   	nop
    8181:	48 8b 85 28 ff ff ff 	mov    rax,QWORD PTR [rbp-0xd8]
    8188:	48 8b 95 40 ff ff ff 	mov    rdx,QWORD PTR [rbp-0xc0]
    818f:	48 8b 8d 60 ff ff ff 	mov    rcx,QWORD PTR [rbp-0xa0]
    8196:	48 89 ce             	mov    rsi,rcx
    8199:	48 89 c7             	mov    rdi,rax
    819c:	e8 95 eb ff ff       	call   6d36 <_ZNSt12_Vector_baseImSaImEE13_M_deallocateEPmm>
    81a1:	48 8b 45 e8          	mov    rax,QWORD PTR [rbp-0x18]
    81a5:	64 48 2b 04 25 28 00 	sub    rax,QWORD PTR fs:0x28
    81ac:	00 00 
    81ae:	74 05                	je     81b5 <_ZNSt6vectorImSaImEE17_M_realloc_insertIJRKmEEEvN9__gnu_cxx17__normal_iteratorIPmS1_EEDpOT_+0x449>
    81b0:	e8 eb a3 ff ff       	call   25a0 <__stack_chk_fail@plt>
    81b5:	e8 f6 a4 ff ff       	call   26b0 <__cxa_rethrow@plt>
    81ba:	f3 0f 1e fa          	endbr64
    81be:	48 89 c3             	mov    rbx,rax
    81c1:	e8 2a a5 ff ff       	call   26f0 <__cxa_end_catch@plt>
    81c6:	48 89 d8             	mov    rax,rbx
    81c9:	48 8b 55 e8          	mov    rdx,QWORD PTR [rbp-0x18]
    81cd:	64 48 2b 14 25 28 00 	sub    rdx,QWORD PTR fs:0x28
    81d4:	00 00 
    81d6:	74 05                	je     81dd <_ZNSt6vectorImSaImEE17_M_realloc_insertIJRKmEEEvN9__gnu_cxx17__normal_iteratorIPmS1_EEDpOT_+0x471>
    81d8:	e8 c3 a3 ff ff       	call   25a0 <__stack_chk_fail@plt>
    81dd:	48 89 c7             	mov    rdi,rax
    81e0:	e8 4b a5 ff ff       	call   2730 <_Unwind_Resume@plt>
    81e5:	e8 b6 a3 ff ff       	call   25a0 <__stack_chk_fail@plt>
    81ea:	48 8b 5d f8          	mov    rbx,QWORD PTR [rbp-0x8]
    81ee:	c9                   	leave
    81ef:	c3                   	ret

00000000000081f0 <_ZNKSt6vectorImSaImEE11_M_data_ptrImEEPT_S4_>:
    81f0:	f3 0f 1e fa          	endbr64
    81f4:	55                   	push   rbp
    81f5:	48 89 e5             	mov    rbp,rsp
    81f8:	48 89 7d f8          	mov    QWORD PTR [rbp-0x8],rdi
    81fc:	48 89 75 f0          	mov    QWORD PTR [rbp-0x10],rsi
    8200:	48 8b 45 f0          	mov    rax,QWORD PTR [rbp-0x10]
    8204:	5d                   	pop    rbp
    8205:	c3                   	ret

0000000000008206 <_ZSt6__sortIN9__gnu_cxx17__normal_iteratorIPmSt6vectorImSaImEEEENS0_5__ops15_Iter_less_iterEEvT_S9_T0_>:
    8206:	f3 0f 1e fa          	endbr64
    820a:	55                   	push   rbp
    820b:	48 89 e5             	mov    rbp,rsp
    820e:	48 83 ec 20          	sub    rsp,0x20
    8212:	48 89 7d f8          	mov    QWORD PTR [rbp-0x8],rdi
    8216:	48 89 75 f0          	mov    QWORD PTR [rbp-0x10],rsi
    821a:	48 8d 55 f0          	lea    rdx,[rbp-0x10]
    821e:	48 8d 45 f8          	lea    rax,[rbp-0x8]
    8222:	48 89 d6             	mov    rsi,rdx
    8225:	48 89 c7             	mov    rdi,rax
    8228:	e8 38 e5 ff ff       	call   6765 <_ZN9__gnu_cxxneIPmSt6vectorImSaImEEEEbRKNS_17__normal_iteratorIT_T0_EESA_>
    822d:	84 c0                	test   al,al
    822f:	74 45                	je     8276 <_ZSt6__sortIN9__gnu_cxx17__normal_iteratorIPmSt6vectorImSaImEEEENS0_5__ops15_Iter_less_iterEEvT_S9_T0_+0x70>
    8231:	48 8d 55 f8          	lea    rdx,[rbp-0x8]
    8235:	48 8d 45 f0          	lea    rax,[rbp-0x10]
    8239:	48 89 d6             	mov    rsi,rdx
    823c:	48 89 c7             	mov    rdi,rax
    823f:	e8 9e ef ff ff       	call   71e2 <_ZN9__gnu_cxxmiIPmSt6vectorImSaImEEEENS_17__normal_iteratorIT_T0_E15difference_typeERKS8_SB_>
    8244:	48 89 c7             	mov    rdi,rax
    8247:	e8 ea 10 00 00       	call   9336 <_ZSt4__lgIlET_S0_>
    824c:	48 8d 14 00          	lea    rdx,[rax+rax*1]
    8250:	48 8b 4d f0          	mov    rcx,QWORD PTR [rbp-0x10]
    8254:	48 8b 45 f8          	mov    rax,QWORD PTR [rbp-0x8]
    8258:	48 89 ce             	mov    rsi,rcx
    825b:	48 89 c7             	mov    rdi,rax
    825e:	e8 fa 10 00 00       	call   935d <_ZSt16__introsort_loopIN9__gnu_cxx17__normal_iteratorIPmSt6vectorImSaImEEEElNS0_5__ops15_Iter_less_iterEEvT_S9_T0_T1_>
    8263:	48 8b 55 f0          	mov    rdx,QWORD PTR [rbp-0x10]
    8267:	48 8b 45 f8          	mov    rax,QWORD PTR [rbp-0x8]
    826b:	48 89 d6             	mov    rsi,rdx
    826e:	48 89 c7             	mov    rdi,rax
    8271:	e8 9f 11 00 00       	call   9415 <_ZSt22__final_insertion_sortIN9__gnu_cxx17__normal_iteratorIPmSt6vectorImSaImEEEENS0_5__ops15_Iter_less_iterEEvT_S9_T0_>
    8276:	90                   	nop
    8277:	c9                   	leave
    8278:	c3                   	ret
    8279:	90                   	nop

000000000000827a <_ZNK9__gnu_cxx17__normal_iteratorIPmSt6vectorImSaImEEE4baseEv>:
    827a:	f3 0f 1e fa          	endbr64
    827e:	55                   	push   rbp
    827f:	48 89 e5             	mov    rbp,rsp
    8282:	48 89 7d f8          	mov    QWORD PTR [rbp-0x8],rdi
    8286:	48 8b 45 f8          	mov    rax,QWORD PTR [rbp-0x8]
    828a:	5d                   	pop    rbp
    828b:	c3                   	ret

000000000000828c <_ZNKSt6vectorImSaImEE5beginEv>:
    828c:	f3 0f 1e fa          	endbr64
    8290:	55                   	push   rbp
    8291:	48 89 e5             	mov    rbp,rsp
    8294:	48 83 ec 20          	sub    rsp,0x20
    8298:	48 89 7d e8          	mov    QWORD PTR [rbp-0x18],rdi
    829c:	64 48 8b 04 25 28 00 	mov    rax,QWORD PTR fs:0x28
    82a3:	00 00 
    82a5:	48 89 45 f8          	mov    QWORD PTR [rbp-0x8],rax
    82a9:	31 c0                	xor    eax,eax
    82ab:	48 8b 55 e8          	mov    rdx,QWORD PTR [rbp-0x18]
    82af:	48 8d 45 f0          	lea    rax,[rbp-0x10]
    82b3:	48 89 d6             	mov    rsi,rdx
    82b6:	48 89 c7             	mov    rdi,rax
    82b9:	e8 e8 11 00 00       	call   94a6 <_ZN9__gnu_cxx17__normal_iteratorIPKmSt6vectorImSaImEEEC1ERKS2_>
    82be:	48 8b 45 f0          	mov    rax,QWORD PTR [rbp-0x10]
    82c2:	48 8b 55 f8          	mov    rdx,QWORD PTR [rbp-0x8]
    82c6:	64 48 2b 14 25 28 00 	sub    rdx,QWORD PTR fs:0x28
    82cd:	00 00 
    82cf:	74 05                	je     82d6 <_ZNKSt6vectorImSaImEE5beginEv+0x4a>
    82d1:	e8 ca a2 ff ff       	call   25a0 <__stack_chk_fail@plt>
    82d6:	c9                   	leave
    82d7:	c3                   	ret

00000000000082d8 <_ZNKSt6vectorImSaImEE3endEv>:
    82d8:	f3 0f 1e fa          	endbr64
    82dc:	55                   	push   rbp
    82dd:	48 89 e5             	mov    rbp,rsp
    82e0:	48 83 ec 20          	sub    rsp,0x20
    82e4:	48 89 7d e8          	mov    QWORD PTR [rbp-0x18],rdi
    82e8:	64 48 8b 04 25 28 00 	mov    rax,QWORD PTR fs:0x28
    82ef:	00 00 
    82f1:	48 89 45 f8          	mov    QWORD PTR [rbp-0x8],rax
    82f5:	31 c0                	xor    eax,eax
    82f7:	48 8b 45 e8          	mov    rax,QWORD PTR [rbp-0x18]
    82fb:	48 8d 50 08          	lea    rdx,[rax+0x8]
    82ff:	48 8d 45 f0          	lea    rax,[rbp-0x10]
    8303:	48 89 d6             	mov    rsi,rdx
    8306:	48 89 c7             	mov    rdi,rax
    8309:	e8 98 11 00 00       	call   94a6 <_ZN9__gnu_cxx17__normal_iteratorIPKmSt6vectorImSaImEEEC1ERKS2_>
    830e:	48 8b 45 f0          	mov    rax,QWORD PTR [rbp-0x10]
    8312:	48 8b 55 f8          	mov    rdx,QWORD PTR [rbp-0x8]
    8316:	64 48 2b 14 25 28 00 	sub    rdx,QWORD PTR fs:0x28
    831d:	00 00 
    831f:	74 05                	je     8326 <_ZNKSt6vectorImSaImEE3endEv+0x4e>
    8321:	e8 7a a2 ff ff       	call   25a0 <__stack_chk_fail@plt>
    8326:	c9                   	leave
    8327:	c3                   	ret

0000000000008328 <_ZN9__gnu_cxxeqIPKmSt6vectorImSaImEEEEbRKNS_17__normal_iteratorIT_T0_EESB_>:
    8328:	f3 0f 1e fa          	endbr64
    832c:	55                   	push   rbp
    832d:	48 89 e5             	mov    rbp,rsp
    8330:	53                   	push   rbx
    8331:	48 83 ec 18          	sub    rsp,0x18
    8335:	48 89 7d e8          	mov    QWORD PTR [rbp-0x18],rdi
    8339:	48 89 75 e0          	mov    QWORD PTR [rbp-0x20],rsi
    833d:	48 8b 45 e8          	mov    rax,QWORD PTR [rbp-0x18]
    8341:	48 89 c7             	mov    rdi,rax
    8344:	e8 7f 11 00 00       	call   94c8 <_ZNK9__gnu_cxx17__normal_iteratorIPKmSt6vectorImSaImEEE4baseEv>
    8349:	48 8b 18             	mov    rbx,QWORD PTR [rax]
    834c:	48 8b 45 e0          	mov    rax,QWORD PTR [rbp-0x20]
    8350:	48 89 c7             	mov    rdi,rax
    8353:	e8 70 11 00 00       	call   94c8 <_ZNK9__gnu_cxx17__normal_iteratorIPKmSt6vectorImSaImEEE4baseEv>
    8358:	48 8b 00             	mov    rax,QWORD PTR [rax]
    835b:	48 39 c3             	cmp    rbx,rax
    835e:	0f 94 c0             	sete   al
    8361:	48 8b 5d f8          	mov    rbx,QWORD PTR [rbp-0x8]
    8365:	c9                   	leave
    8366:	c3                   	ret

0000000000008367 <_ZSt11__addressofIKSt6vectorImSaImEEEPT_RS4_>:
    8367:	f3 0f 1e fa          	endbr64
    836b:	55                   	push   rbp
    836c:	48 89 e5             	mov    rbp,rsp
    836f:	48 89 7d f8          	mov    QWORD PTR [rbp-0x8],rdi
    8373:	48 8b 45 f8          	mov    rax,QWORD PTR [rbp-0x8]
    8377:	5d                   	pop    rbp
    8378:	c3                   	ret
    8379:	90                   	nop

000000000000837a <_ZNKSt12_Vector_baseImSaImEE19_M_get_Tp_allocatorEv>:
    837a:	f3 0f 1e fa          	endbr64
    837e:	55                   	push   rbp
    837f:	48 89 e5             	mov    rbp,rsp
    8382:	48 89 7d f8          	mov    QWORD PTR [rbp-0x8],rdi
    8386:	48 8b 45 f8          	mov    rax,QWORD PTR [rbp-0x8]
    838a:	5d                   	pop    rbp
    838b:	c3                   	ret

000000000000838c <_ZNKSt6vectorImSaImEE8capacityEv>:
    838c:	f3 0f 1e fa          	endbr64
    8390:	55                   	push   rbp
    8391:	48 89 e5             	mov    rbp,rsp
    8394:	48 89 7d f8          	mov    QWORD PTR [rbp-0x8],rdi
    8398:	48 8b 45 f8          	mov    rax,QWORD PTR [rbp-0x8]
    839c:	48 8b 50 10          	mov    rdx,QWORD PTR [rax+0x10]
    83a0:	48 8b 45 f8          	mov    rax,QWORD PTR [rbp-0x8]
    83a4:	48 8b 00             	mov    rax,QWORD PTR [rax]
    83a7:	48 29 c2             	sub    rdx,rax
    83aa:	48 89 d0             	mov    rax,rdx
    83ad:	48 c1 f8 03          	sar    rax,0x3
    83b1:	5d                   	pop    rbp
    83b2:	c3                   	ret
    83b3:	90                   	nop

00000000000083b4 <_ZNSt6vectorImSaImEE20_M_allocate_and_copyIN9__gnu_cxx17__normal_iteratorIPKmS1_EEEEPmmT_S9_>:
    83b4:	f3 0f 1e fa          	endbr64
    83b8:	55                   	push   rbp
    83b9:	48 89 e5             	mov    rbp,rsp
    83bc:	53                   	push   rbx
    83bd:	48 83 ec 38          	sub    rsp,0x38
    83c1:	48 89 7d d8          	mov    QWORD PTR [rbp-0x28],rdi
    83c5:	48 89 75 d0          	mov    QWORD PTR [rbp-0x30],rsi
    83c9:	48 89 55 c8          	mov    QWORD PTR [rbp-0x38],rdx
    83cd:	48 89 4d c0          	mov    QWORD PTR [rbp-0x40],rcx
    83d1:	48 8b 45 d8          	mov    rax,QWORD PTR [rbp-0x28]
    83d5:	48 8b 55 d0          	mov    rdx,QWORD PTR [rbp-0x30]
    83d9:	48 89 d6             	mov    rsi,rdx
    83dc:	48 89 c7             	mov    rdi,rax
    83df:	e8 66 0e 00 00       	call   924a <_ZNSt12_Vector_baseImSaImEE11_M_allocateEm>
    83e4:	48 89 45 e8          	mov    QWORD PTR [rbp-0x18],rax
    83e8:	48 8b 45 d8          	mov    rax,QWORD PTR [rbp-0x28]
    83ec:	48 89 c7             	mov    rdi,rax
    83ef:	e8 94 e9 ff ff       	call   6d88 <_ZNSt12_Vector_baseImSaImEE19_M_get_Tp_allocatorEv>
    83f4:	48 89 c1             	mov    rcx,rax
    83f7:	48 8b 55 e8          	mov    rdx,QWORD PTR [rbp-0x18]
    83fb:	48 8b 75 c0          	mov    rsi,QWORD PTR [rbp-0x40]
    83ff:	48 8b 45 c8          	mov    rax,QWORD PTR [rbp-0x38]
    8403:	48 89 c7             	mov    rdi,rax
    8406:	e8 cf 10 00 00       	call   94da <_ZSt22__uninitialized_copy_aIN9__gnu_cxx17__normal_iteratorIPKmSt6vectorImSaImEEEEPmmET0_T_SA_S9_RSaIT1_E>
    840b:	48 8b 45 e8          	mov    rax,QWORD PTR [rbp-0x18]
    840f:	eb 3f                	jmp    8450 <_ZNSt6vectorImSaImEE20_M_allocate_and_copyIN9__gnu_cxx17__normal_iteratorIPKmS1_EEEEPmmT_S9_+0x9c>
    8411:	f3 0f 1e fa          	endbr64
    8415:	48 89 c7             	mov    rdi,rax
    8418:	e8 43 a0 ff ff       	call   2460 <__cxa_begin_catch@plt>
    841d:	48 8b 45 d8          	mov    rax,QWORD PTR [rbp-0x28]
    8421:	48 8b 55 d0          	mov    rdx,QWORD PTR [rbp-0x30]
    8425:	48 8b 4d e8          	mov    rcx,QWORD PTR [rbp-0x18]
    8429:	48 89 ce             	mov    rsi,rcx
    842c:	48 89 c7             	mov    rdi,rax
    842f:	e8 02 e9 ff ff       	call   6d36 <_ZNSt12_Vector_baseImSaImEE13_M_deallocateEPmm>
    8434:	e8 77 a2 ff ff       	call   26b0 <__cxa_rethrow@plt>
    8439:	f3 0f 1e fa          	endbr64
    843d:	48 89 c3             	mov    rbx,rax
    8440:	e8 ab a2 ff ff       	call   26f0 <__cxa_end_catch@plt>
    8445:	48 89 d8             	mov    rax,rbx
    8448:	48 89 c7             	mov    rdi,rax
    844b:	e8 e0 a2 ff ff       	call   2730 <_Unwind_Resume@plt>
    8450:	48 8b 5d f8          	mov    rbx,QWORD PTR [rbp-0x8]
    8454:	c9                   	leave
    8455:	c3                   	ret

0000000000008456 <_ZSt4copyIN9__gnu_cxx17__normal_iteratorIPKmSt6vectorImSaImEEEENS1_IPmS6_EEET0_T_SB_SA_>:
    8456:	f3 0f 1e fa          	endbr64
    845a:	55                   	push   rbp
    845b:	48 89 e5             	mov    rbp,rsp
    845e:	53                   	push   rbx
    845f:	48 83 ec 28          	sub    rsp,0x28
    8463:	48 89 7d e8          	mov    QWORD PTR [rbp-0x18],rdi
    8467:	48 89 75 e0          	mov    QWORD PTR [rbp-0x20],rsi
    846b:	48 89 55 d8          	mov    QWORD PTR [rbp-0x28],rdx
    846f:	48 8b 45 e0          	mov    rax,QWORD PTR [rbp-0x20]
    8473:	48 89 c7             	mov    rdi,rax
    8476:	e8 94 10 00 00       	call   950f <_ZSt12__miter_baseIN9__gnu_cxx17__normal_iteratorIPKmSt6vectorImSaImEEEEET_S8_>
    847b:	48 89 c3             	mov    rbx,rax
    847e:	48 8b 45 e8          	mov    rax,QWORD PTR [rbp-0x18]
    8482:	48 89 c7             	mov    rdi,rax
    8485:	e8 85 10 00 00       	call   950f <_ZSt12__miter_baseIN9__gnu_cxx17__normal_iteratorIPKmSt6vectorImSaImEEEEET_S8_>
    848a:	48 89 c1             	mov    rcx,rax
    848d:	48 8b 45 d8          	mov    rax,QWORD PTR [rbp-0x28]
    8491:	48 89 c2             	mov    rdx,rax
    8494:	48 89 de             	mov    rsi,rbx
    8497:	48 89 cf             	mov    rdi,rcx
    849a:	e8 82 10 00 00       	call   9521 <_ZSt13__copy_move_aILb0EN9__gnu_cxx17__normal_iteratorIPKmSt6vectorImSaImEEEENS1_IPmS6_EEET1_T0_SB_SA_>
    849f:	48 8b 5d f8          	mov    rbx,QWORD PTR [rbp-0x8]
    84a3:	c9                   	leave
    84a4:	c3                   	ret

00000000000084a5 <_ZSt4copyIPmS0_ET0_T_S2_S1_>:
    84a5:	f3 0f 1e fa          	endbr64
    84a9:	55                   	push   rbp
    84aa:	48 89 e5             	mov    rbp,rsp
    84ad:	53                   	push   rbx
    84ae:	48 83 ec 28          	sub    rsp,0x28
    84b2:	48 89 7d e8          	mov    QWORD PTR [rbp-0x18],rdi
    84b6:	48 89 75 e0          	mov    QWORD PTR [rbp-0x20],rsi
    84ba:	48 89 55 d8          	mov    QWORD PTR [rbp-0x28],rdx
    84be:	48 8b 45 e0          	mov    rax,QWORD PTR [rbp-0x20]
    84c2:	48 89 c7             	mov    rdi,rax
    84c5:	e8 ef 10 00 00       	call   95b9 <_ZSt12__miter_baseIPmET_S1_>
    84ca:	48 89 c3             	mov    rbx,rax
    84cd:	48 8b 45 e8          	mov    rax,QWORD PTR [rbp-0x18]
    84d1:	48 89 c7             	mov    rdi,rax
    84d4:	e8 e0 10 00 00       	call   95b9 <_ZSt12__miter_baseIPmET_S1_>
    84d9:	48 89 c1             	mov    rcx,rax
    84dc:	48 8b 45 d8          	mov    rax,QWORD PTR [rbp-0x28]
    84e0:	48 89 c2             	mov    rdx,rax
    84e3:	48 89 de             	mov    rsi,rbx
    84e6:	48 89 cf             	mov    rdi,rcx
    84e9:	e8 dd 10 00 00       	call   95cb <_ZSt13__copy_move_aILb0EPmS0_ET1_T0_S2_S1_>
    84ee:	48 8b 5d f8          	mov    rbx,QWORD PTR [rbp-0x8]
    84f2:	c9                   	leave
    84f3:	c3                   	ret

00000000000084f4 <_ZSt22__uninitialized_copy_aIPmS0_mET0_T_S2_S1_RSaIT1_E>:
    84f4:	f3 0f 1e fa          	endbr64
    84f8:	55                   	push   rbp
    84f9:	48 89 e5             	mov    rbp,rsp
    84fc:	48 83 ec 20          	sub    rsp,0x20
    8500:	48 89 7d f8          	mov    QWORD PTR [rbp-0x8],rdi
    8504:	48 89 75 f0          	mov    QWORD PTR [rbp-0x10],rsi
    8508:	48 89 55 e8          	mov    QWORD PTR [rbp-0x18],rdx
    850c:	48 89 4d e0          	mov    QWORD PTR [rbp-0x20],rcx
    8510:	48 8b 55 e8          	mov    rdx,QWORD PTR [rbp-0x18]
    8514:	48 8b 4d f0          	mov    rcx,QWORD PTR [rbp-0x10]
    8518:	48 8b 45 f8          	mov    rax,QWORD PTR [rbp-0x8]
    851c:	48 89 ce             	mov    rsi,rcx
    851f:	48 89 c7             	mov    rdi,rax
    8522:	e8 12 11 00 00       	call   9639 <_ZSt18uninitialized_copyIPmS0_ET0_T_S2_S1_>
    8527:	c9                   	leave
    8528:	c3                   	ret

0000000000008529 <_ZN9__gnu_cxx5__ops17__iter_equals_valIKmEENS0_16_Iter_equals_valIT_EERS4_>:
    8529:	f3 0f 1e fa          	endbr64
    852d:	55                   	push   rbp
    852e:	48 89 e5             	mov    rbp,rsp
    8531:	48 83 ec 20          	sub    rsp,0x20
    8535:	48 89 7d e8          	mov    QWORD PTR [rbp-0x18],rdi
    8539:	64 48 8b 04 25 28 00 	mov    rax,QWORD PTR fs:0x28
    8540:	00 00 
    8542:	48 89 45 f8          	mov    QWORD PTR [rbp-0x8],rax
    8546:	31 c0                	xor    eax,eax
    8548:	48 8b 55 e8          	mov    rdx,QWORD PTR [rbp-0x18]
    854c:	48 8d 45 f0          	lea    rax,[rbp-0x10]
    8550:	48 89 d6             	mov    rsi,rdx
    8553:	48 89 c7             	mov    rdi,rax
    8556:	e8 17 11 00 00       	call   9672 <_ZN9__gnu_cxx5__ops16_Iter_equals_valIKmEC1ERS2_>
    855b:	48 8b 45 f0          	mov    rax,QWORD PTR [rbp-0x10]
    855f:	48 8b 55 f8          	mov    rdx,QWORD PTR [rbp-0x8]
    8563:	64 48 2b 14 25 28 00 	sub    rdx,QWORD PTR fs:0x28
    856a:	00 00 
    856c:	74 05                	je     8573 <_ZN9__gnu_cxx5__ops17__iter_equals_valIKmEENS0_16_Iter_equals_valIT_EERS4_+0x4a>
    856e:	e8 2d a0 ff ff       	call   25a0 <__stack_chk_fail@plt>
    8573:	c9                   	leave
    8574:	c3                   	ret

0000000000008575 <_ZSt9__find_ifIN9__gnu_cxx17__normal_iteratorIPmSt6vectorImSaImEEEENS0_5__ops16_Iter_equals_valIKmEEET_SB_SB_T0_>:
    8575:	f3 0f 1e fa          	endbr64
    8579:	55                   	push   rbp
    857a:	48 89 e5             	mov    rbp,rsp
    857d:	48 83 ec 20          	sub    rsp,0x20
    8581:	48 89 7d f8          	mov    QWORD PTR [rbp-0x8],rdi
    8585:	48 89 75 f0          	mov    QWORD PTR [rbp-0x10],rsi
    8589:	48 89 55 e8          	mov    QWORD PTR [rbp-0x18],rdx
    858d:	90                   	nop
    858e:	48 8b 55 e8          	mov    rdx,QWORD PTR [rbp-0x18]
    8592:	48 8b 4d f0          	mov    rcx,QWORD PTR [rbp-0x10]
    8596:	48 8b 45 f8          	mov    rax,QWORD PTR [rbp-0x8]
    859a:	48 89 ce             	mov    rsi,rcx
    859d:	48 89 c7             	mov    rdi,rax
    85a0:	e8 eb 10 00 00       	call   9690 <_ZSt9__find_ifIN9__gnu_cxx17__normal_iteratorIPmSt6vectorImSaImEEEENS0_5__ops16_Iter_equals_valIKmEEET_SB_SB_T0_St26random_access_iterator_tag>
    85a5:	c9                   	leave
    85a6:	c3                   	ret

00000000000085a7 <_ZSt8_DestroyIPmEvT_S1_>:
    85a7:	f3 0f 1e fa          	endbr64
    85ab:	55                   	push   rbp
    85ac:	48 89 e5             	mov    rbp,rsp
    85af:	48 83 ec 10          	sub    rsp,0x10
    85b3:	48 89 7d f8          	mov    QWORD PTR [rbp-0x8],rdi
    85b7:	48 89 75 f0          	mov    QWORD PTR [rbp-0x10],rsi
    85bb:	48 8b 55 f0          	mov    rdx,QWORD PTR [rbp-0x10]
    85bf:	48 8b 45 f8          	mov    rax,QWORD PTR [rbp-0x8]
    85c3:	48 89 d6             	mov    rsi,rdx
    85c6:	48 89 c7             	mov    rdi,rax
    85c9:	e8 93 12 00 00       	call   9861 <_ZNSt12_Destroy_auxILb1EE9__destroyIPmEEvT_S3_>
    85ce:	90                   	nop
    85cf:	c9                   	leave
    85d0:	c3                   	ret

00000000000085d1 <_ZSt7forwardImEOT_RNSt16remove_referenceIS0_E4typeE>:
    85d1:	f3 0f 1e fa          	endbr64
    85d5:	55                   	push   rbp
    85d6:	48 89 e5             	mov    rbp,rsp
    85d9:	48 89 7d f8          	mov    QWORD PTR [rbp-0x8],rdi
    85dd:	48 8b 45 f8          	mov    rax,QWORD PTR [rbp-0x8]
    85e1:	5d                   	pop    rbp
    85e2:	c3                   	ret
    85e3:	90                   	nop

00000000000085e4 <_ZNSt6vectorImSaImEE17_M_realloc_insertIJmEEEvN9__gnu_cxx17__normal_iteratorIPmS1_EEDpOT_>:
    85e4:	f3 0f 1e fa          	endbr64
    85e8:	55                   	push   rbp
    85e9:	48 89 e5             	mov    rbp,rsp
    85ec:	53                   	push   rbx
    85ed:	48 81 ec e8 00 00 00 	sub    rsp,0xe8
    85f4:	48 89 bd 28 ff ff ff 	mov    QWORD PTR [rbp-0xd8],rdi
    85fb:	48 89 b5 20 ff ff ff 	mov    QWORD PTR [rbp-0xe0],rsi
    8602:	48 89 95 18 ff ff ff 	mov    QWORD PTR [rbp-0xe8],rdx
    8609:	64 48 8b 04 25 28 00 	mov    rax,QWORD PTR fs:0x28
    8610:	00 00 
    8612:	48 89 45 e8          	mov    QWORD PTR [rbp-0x18],rax
    8616:	31 c0                	xor    eax,eax
    8618:	48 8b 85 28 ff ff ff 	mov    rax,QWORD PTR [rbp-0xd8]
    861f:	48 8d 15 8a 3f 00 00 	lea    rdx,[rip+0x3f8a]        # c5b0 <_ZStL19piecewise_construct+0x5a8>
    8626:	be 01 00 00 00       	mov    esi,0x1
    862b:	48 89 c7             	mov    rdi,rax
    862e:	e8 13 0b 00 00       	call   9146 <_ZNKSt6vectorImSaImEE12_M_check_lenEmPKc>
    8633:	48 89 85 40 ff ff ff 	mov    QWORD PTR [rbp-0xc0],rax
    863a:	48 8b 85 28 ff ff ff 	mov    rax,QWORD PTR [rbp-0xd8]
    8641:	48 8b 00             	mov    rax,QWORD PTR [rax]
    8644:	48 89 85 48 ff ff ff 	mov    QWORD PTR [rbp-0xb8],rax
    864b:	48 8b 85 28 ff ff ff 	mov    rax,QWORD PTR [rbp-0xd8]
    8652:	48 8b 40 08          	mov    rax,QWORD PTR [rax+0x8]
    8656:	48 89 85 50 ff ff ff 	mov    QWORD PTR [rbp-0xb0],rax
    865d:	48 8b 85 28 ff ff ff 	mov    rax,QWORD PTR [rbp-0xd8]
    8664:	48 89 c7             	mov    rdi,rax
    8667:	e8 d2 db ff ff       	call   623e <_ZNSt6vectorImSaImEE5beginEv>
    866c:	48 89 85 30 ff ff ff 	mov    QWORD PTR [rbp-0xd0],rax
    8673:	48 8d 95 30 ff ff ff 	lea    rdx,[rbp-0xd0]
    867a:	48 8d 85 20 ff ff ff 	lea    rax,[rbp-0xe0]
    8681:	48 89 d6             	mov    rsi,rdx
    8684:	48 89 c7             	mov    rdi,rax
    8687:	e8 56 eb ff ff       	call   71e2 <_ZN9__gnu_cxxmiIPmSt6vectorImSaImEEEENS_17__normal_iteratorIT_T0_E15difference_typeERKS8_SB_>
    868c:	48 89 85 58 ff ff ff 	mov    QWORD PTR [rbp-0xa8],rax
    8693:	48 8b 85 28 ff ff ff 	mov    rax,QWORD PTR [rbp-0xd8]
    869a:	48 8b 95 40 ff ff ff 	mov    rdx,QWORD PTR [rbp-0xc0]
    86a1:	48 89 d6             	mov    rsi,rdx
    86a4:	48 89 c7             	mov    rdi,rax
    86a7:	e8 9e 0b 00 00       	call   924a <_ZNSt12_Vector_baseImSaImEE11_M_allocateEm>
    86ac:	48 89 85 60 ff ff ff 	mov    QWORD PTR [rbp-0xa0],rax
    86b3:	48 8b 85 60 ff ff ff 	mov    rax,QWORD PTR [rbp-0xa0]
    86ba:	48 89 85 38 ff ff ff 	mov    QWORD PTR [rbp-0xc8],rax
    86c1:	48 8b 85 18 ff ff ff 	mov    rax,QWORD PTR [rbp-0xe8]
    86c8:	48 89 c7             	mov    rdi,rax
    86cb:	e8 01 ff ff ff       	call   85d1 <_ZSt7forwardImEOT_RNSt16remove_referenceIS0_E4typeE>
    86d0:	48 8b 95 58 ff ff ff 	mov    rdx,QWORD PTR [rbp-0xa8]
    86d7:	48 8d 0c d5 00 00 00 	lea    rcx,[rdx*8+0x0]
    86de:	00 
    86df:	48 8b 95 60 ff ff ff 	mov    rdx,QWORD PTR [rbp-0xa0]
    86e6:	48 01 d1             	add    rcx,rdx
    86e9:	48 8b 95 28 ff ff ff 	mov    rdx,QWORD PTR [rbp-0xd8]
    86f0:	48 89 95 68 ff ff ff 	mov    QWORD PTR [rbp-0x98],rdx
    86f7:	48 89 8d 70 ff ff ff 	mov    QWORD PTR [rbp-0x90],rcx
    86fe:	48 89 85 78 ff ff ff 	mov    QWORD PTR [rbp-0x88],rax
    8705:	48 8b 85 78 ff ff ff 	mov    rax,QWORD PTR [rbp-0x88]
    870c:	48 89 c7             	mov    rdi,rax
    870f:	e8 bd fe ff ff       	call   85d1 <_ZSt7forwardImEOT_RNSt16remove_referenceIS0_E4typeE>
    8714:	48 8b 95 68 ff ff ff 	mov    rdx,QWORD PTR [rbp-0x98]
    871b:	48 89 55 80          	mov    QWORD PTR [rbp-0x80],rdx
    871f:	48 8b 95 70 ff ff ff 	mov    rdx,QWORD PTR [rbp-0x90]
    8726:	48 89 55 88          	mov    QWORD PTR [rbp-0x78],rdx
    872a:	48 89 45 90          	mov    QWORD PTR [rbp-0x70],rax
    872e:	48 8b 45 88          	mov    rax,QWORD PTR [rbp-0x78]
    8732:	48 89 c6             	mov    rsi,rax
    8735:	bf 08 00 00 00       	mov    edi,0x8
    873a:	e8 c6 d4 ff ff       	call   5c05 <_ZnwmPv>
    873f:	48 89 c3             	mov    rbx,rax
    8742:	48 8b 45 90          	mov    rax,QWORD PTR [rbp-0x70]
    8746:	48 89 c7             	mov    rdi,rax
    8749:	e8 83 fe ff ff       	call   85d1 <_ZSt7forwardImEOT_RNSt16remove_referenceIS0_E4typeE>
    874e:	48 8b 00             	mov    rax,QWORD PTR [rax]
    8751:	48 89 03             	mov    QWORD PTR [rbx],rax
    8754:	90                   	nop
    8755:	90                   	nop
    8756:	48 c7 85 38 ff ff ff 	mov    QWORD PTR [rbp-0xc8],0x0
    875d:	00 00 00 00 
    8761:	e8 c0 f5 ff ff       	call   7d26 <_ZNSt6vectorImSaImEE15_S_use_relocateEv>
    8766:	84 c0                	test   al,al
    8768:	0f 84 95 00 00 00    	je     8803 <_ZNSt6vectorImSaImEE17_M_realloc_insertIJmEEEvN9__gnu_cxx17__normal_iteratorIPmS1_EEDpOT_+0x21f>
    876e:	48 8b 85 28 ff ff ff 	mov    rax,QWORD PTR [rbp-0xd8]
    8775:	48 89 c7             	mov    rdi,rax
    8778:	e8 0b e6 ff ff       	call   6d88 <_ZNSt12_Vector_baseImSaImEE19_M_get_Tp_allocatorEv>
    877d:	48 89 c3             	mov    rbx,rax
    8780:	48 8d 85 20 ff ff ff 	lea    rax,[rbp-0xe0]
    8787:	48 89 c7             	mov    rdi,rax
    878a:	e8 eb fa ff ff       	call   827a <_ZNK9__gnu_cxx17__normal_iteratorIPmSt6vectorImSaImEEE4baseEv>
    878f:	48 8b 30             	mov    rsi,QWORD PTR [rax]
    8792:	48 8b 95 60 ff ff ff 	mov    rdx,QWORD PTR [rbp-0xa0]
    8799:	48 8b 85 48 ff ff ff 	mov    rax,QWORD PTR [rbp-0xb8]
    87a0:	48 89 d9             	mov    rcx,rbx
    87a3:	48 89 c7             	mov    rdi,rax
    87a6:	e8 55 0b 00 00       	call   9300 <_ZNSt6vectorImSaImEE11_S_relocateEPmS2_S2_RS0_>
    87ab:	48 89 85 38 ff ff ff 	mov    QWORD PTR [rbp-0xc8],rax
    87b2:	48 83 85 38 ff ff ff 	add    QWORD PTR [rbp-0xc8],0x8
    87b9:	08 
    87ba:	48 8b 85 28 ff ff ff 	mov    rax,QWORD PTR [rbp-0xd8]
    87c1:	48 89 c7             	mov    rdi,rax
    87c4:	e8 bf e5 ff ff       	call   6d88 <_ZNSt12_Vector_baseImSaImEE19_M_get_Tp_allocatorEv>
    87c9:	48 89 c3             	mov    rbx,rax
    87cc:	48 8d 85 20 ff ff ff 	lea    rax,[rbp-0xe0]
    87d3:	48 89 c7             	mov    rdi,rax
    87d6:	e8 9f fa ff ff       	call   827a <_ZNK9__gnu_cxx17__normal_iteratorIPmSt6vectorImSaImEEE4baseEv>
    87db:	48 8b 00             	mov    rax,QWORD PTR [rax]
    87de:	48 8b 95 38 ff ff ff 	mov    rdx,QWORD PTR [rbp-0xc8]
    87e5:	48 8b b5 50 ff ff ff 	mov    rsi,QWORD PTR [rbp-0xb0]
    87ec:	48 89 d9             	mov    rcx,rbx
    87ef:	48 89 c7             	mov    rdi,rax
    87f2:	e8 09 0b 00 00       	call   9300 <_ZNSt6vectorImSaImEE11_S_relocateEPmS2_S2_RS0_>
    87f7:	48 89 85 38 ff ff ff 	mov    QWORD PTR [rbp-0xc8],rax
    87fe:	e9 90 00 00 00       	jmp    8893 <_ZNSt6vectorImSaImEE17_M_realloc_insertIJmEEEvN9__gnu_cxx17__normal_iteratorIPmS1_EEDpOT_+0x2af>
    8803:	48 8b 85 28 ff ff ff 	mov    rax,QWORD PTR [rbp-0xd8]
    880a:	48 89 c7             	mov    rdi,rax
    880d:	e8 76 e5 ff ff       	call   6d88 <_ZNSt12_Vector_baseImSaImEE19_M_get_Tp_allocatorEv>
    8812:	48 89 c3             	mov    rbx,rax
    8815:	48 8d 85 20 ff ff ff 	lea    rax,[rbp-0xe0]
    881c:	48 89 c7             	mov    rdi,rax
    881f:	e8 56 fa ff ff       	call   827a <_ZNK9__gnu_cxx17__normal_iteratorIPmSt6vectorImSaImEEE4baseEv>
    8824:	48 8b 30             	mov    rsi,QWORD PTR [rax]
    8827:	48 8b 95 60 ff ff ff 	mov    rdx,QWORD PTR [rbp-0xa0]
    882e:	48 8b 85 48 ff ff ff 	mov    rax,QWORD PTR [rbp-0xb8]
    8835:	48 89 d9             	mov    rcx,rbx
    8838:	48 89 c7             	mov    rdi,rax
    883b:	e8 57 0a 00 00       	call   9297 <_ZSt34__uninitialized_move_if_noexcept_aIPmS0_SaImEET0_T_S3_S2_RT1_>
    8840:	48 89 85 38 ff ff ff 	mov    QWORD PTR [rbp-0xc8],rax
    8847:	48 83 85 38 ff ff ff 	add    QWORD PTR [rbp-0xc8],0x8
    884e:	08 
    884f:	48 8b 85 28 ff ff ff 	mov    rax,QWORD PTR [rbp-0xd8]
    8856:	48 89 c7             	mov    rdi,rax
    8859:	e8 2a e5 ff ff       	call   6d88 <_ZNSt12_Vector_baseImSaImEE19_M_get_Tp_allocatorEv>
    885e:	48 89 c3             	mov    rbx,rax
    8861:	48 8d 85 20 ff ff ff 	lea    rax,[rbp-0xe0]
    8868:	48 89 c7             	mov    rdi,rax
    886b:	e8 0a fa ff ff       	call   827a <_ZNK9__gnu_cxx17__normal_iteratorIPmSt6vectorImSaImEEE4baseEv>
    8870:	48 8b 00             	mov    rax,QWORD PTR [rax]
    8873:	48 8b 95 38 ff ff ff 	mov    rdx,QWORD PTR [rbp-0xc8]
    887a:	48 8b b5 50 ff ff ff 	mov    rsi,QWORD PTR [rbp-0xb0]
    8881:	48 89 d9             	mov    rcx,rbx
    8884:	48 89 c7             	mov    rdi,rax
    8887:	e8 0b 0a 00 00       	call   9297 <_ZSt34__uninitialized_move_if_noexcept_aIPmS0_SaImEET0_T_S3_S2_RT1_>
    888c:	48 89 85 38 ff ff ff 	mov    QWORD PTR [rbp-0xc8],rax
    8893:	e8 8e f4 ff ff       	call   7d26 <_ZNSt6vectorImSaImEE15_S_use_relocateEv>
    8898:	83 f0 01             	xor    eax,0x1
    889b:	84 c0                	test   al,al
    889d:	74 3d                	je     88dc <_ZNSt6vectorImSaImEE17_M_realloc_insertIJmEEEvN9__gnu_cxx17__normal_iteratorIPmS1_EEDpOT_+0x2f8>
    889f:	48 8b 85 28 ff ff ff 	mov    rax,QWORD PTR [rbp-0xd8]
    88a6:	48 89 c7             	mov    rdi,rax
    88a9:	e8 da e4 ff ff       	call   6d88 <_ZNSt12_Vector_baseImSaImEE19_M_get_Tp_allocatorEv>
    88ae:	48 8b 95 48 ff ff ff 	mov    rdx,QWORD PTR [rbp-0xb8]
    88b5:	48 89 55 98          	mov    QWORD PTR [rbp-0x68],rdx
    88b9:	48 8b 95 50 ff ff ff 	mov    rdx,QWORD PTR [rbp-0xb0]
    88c0:	48 89 55 a0          	mov    QWORD PTR [rbp-0x60],rdx
    88c4:	48 89 45 a8          	mov    QWORD PTR [rbp-0x58],rax
    88c8:	48 8b 55 a0          	mov    rdx,QWORD PTR [rbp-0x60]
    88cc:	48 8b 45 98          	mov    rax,QWORD PTR [rbp-0x68]
    88d0:	48 89 d6             	mov    rsi,rdx
    88d3:	48 89 c7             	mov    rdi,rax
    88d6:	e8 cc fc ff ff       	call   85a7 <_ZSt8_DestroyIPmEvT_S1_>
    88db:	90                   	nop
    88dc:	48 8b 85 28 ff ff ff 	mov    rax,QWORD PTR [rbp-0xd8]
    88e3:	48 8b 95 28 ff ff ff 	mov    rdx,QWORD PTR [rbp-0xd8]
    88ea:	48 8b 52 10          	mov    rdx,QWORD PTR [rdx+0x10]
    88ee:	48 2b 95 48 ff ff ff 	sub    rdx,QWORD PTR [rbp-0xb8]
    88f5:	48 c1 fa 03          	sar    rdx,0x3
    88f9:	48 8b 8d 48 ff ff ff 	mov    rcx,QWORD PTR [rbp-0xb8]
    8900:	48 89 ce             	mov    rsi,rcx
    8903:	48 89 c7             	mov    rdi,rax
    8906:	e8 2b e4 ff ff       	call   6d36 <_ZNSt12_Vector_baseImSaImEE13_M_deallocateEPmm>
    890b:	48 8b 85 28 ff ff ff 	mov    rax,QWORD PTR [rbp-0xd8]
    8912:	48 8b 95 60 ff ff ff 	mov    rdx,QWORD PTR [rbp-0xa0]
    8919:	48 89 10             	mov    QWORD PTR [rax],rdx
    891c:	48 8b 85 28 ff ff ff 	mov    rax,QWORD PTR [rbp-0xd8]
    8923:	48 8b 95 38 ff ff ff 	mov    rdx,QWORD PTR [rbp-0xc8]
    892a:	48 89 50 08          	mov    QWORD PTR [rax+0x8],rdx
    892e:	48 8b 85 40 ff ff ff 	mov    rax,QWORD PTR [rbp-0xc0]
    8935:	48 8d 14 c5 00 00 00 	lea    rdx,[rax*8+0x0]
    893c:	00 
    893d:	48 8b 85 60 ff ff ff 	mov    rax,QWORD PTR [rbp-0xa0]
    8944:	48 01 c2             	add    rdx,rax
    8947:	48 8b 85 28 ff ff ff 	mov    rax,QWORD PTR [rbp-0xd8]
    894e:	48 89 50 10          	mov    QWORD PTR [rax+0x10],rdx
    8952:	90                   	nop
    8953:	48 8b 45 e8          	mov    rax,QWORD PTR [rbp-0x18]
    8957:	64 48 2b 04 25 28 00 	sub    rax,QWORD PTR fs:0x28
    895e:	00 00 
    8960:	0f 84 fc 00 00 00    	je     8a62 <_ZNSt6vectorImSaImEE17_M_realloc_insertIJmEEEvN9__gnu_cxx17__normal_iteratorIPmS1_EEDpOT_+0x47e>
    8966:	e9 f2 00 00 00       	jmp    8a5d <_ZNSt6vectorImSaImEE17_M_realloc_insertIJmEEEvN9__gnu_cxx17__normal_iteratorIPmS1_EEDpOT_+0x479>
    896b:	f3 0f 1e fa          	endbr64
    896f:	48 89 c7             	mov    rdi,rax
    8972:	e8 e9 9a ff ff       	call   2460 <__cxa_begin_catch@plt>
    8977:	48 83 bd 38 ff ff ff 	cmp    QWORD PTR [rbp-0xc8],0x0
    897e:	00 
    897f:	75 3b                	jne    89bc <_ZNSt6vectorImSaImEE17_M_realloc_insertIJmEEEvN9__gnu_cxx17__normal_iteratorIPmS1_EEDpOT_+0x3d8>
    8981:	48 8b 85 58 ff ff ff 	mov    rax,QWORD PTR [rbp-0xa8]
    8988:	48 8d 14 c5 00 00 00 	lea    rdx,[rax*8+0x0]
    898f:	00 
    8990:	48 8b 85 60 ff ff ff 	mov    rax,QWORD PTR [rbp-0xa0]
    8997:	48 01 c2             	add    rdx,rax
    899a:	48 8b 85 28 ff ff ff 	mov    rax,QWORD PTR [rbp-0xd8]
    89a1:	48 89 45 b0          	mov    QWORD PTR [rbp-0x50],rax
    89a5:	48 89 55 b8          	mov    QWORD PTR [rbp-0x48],rdx
    89a9:	48 8b 45 b0          	mov    rax,QWORD PTR [rbp-0x50]
    89ad:	48 89 45 c0          	mov    QWORD PTR [rbp-0x40],rax
    89b1:	48 8b 45 b8          	mov    rax,QWORD PTR [rbp-0x48]
    89b5:	48 89 45 c8          	mov    QWORD PTR [rbp-0x38],rax
    89b9:	90                   	nop
    89ba:	eb 3d                	jmp    89f9 <_ZNSt6vectorImSaImEE17_M_realloc_insertIJmEEEvN9__gnu_cxx17__normal_iteratorIPmS1_EEDpOT_+0x415>
    89bc:	48 8b 85 28 ff ff ff 	mov    rax,QWORD PTR [rbp-0xd8]
    89c3:	48 89 c7             	mov    rdi,rax
    89c6:	e8 bd e3 ff ff       	call   6d88 <_ZNSt12_Vector_baseImSaImEE19_M_get_Tp_allocatorEv>
    89cb:	48 8b 95 60 ff ff ff 	mov    rdx,QWORD PTR [rbp-0xa0]
    89d2:	48 89 55 d0          	mov    QWORD PTR [rbp-0x30],rdx
    89d6:	48 8b 95 38 ff ff ff 	mov    rdx,QWORD PTR [rbp-0xc8]
    89dd:	48 89 55 d8          	mov    QWORD PTR [rbp-0x28],rdx
    89e1:	48 89 45 e0          	mov    QWORD PTR [rbp-0x20],rax
    89e5:	48 8b 55 d8          	mov    rdx,QWORD PTR [rbp-0x28]
    89e9:	48 8b 45 d0          	mov    rax,QWORD PTR [rbp-0x30]
    89ed:	48 89 d6             	mov    rsi,rdx
    89f0:	48 89 c7             	mov    rdi,rax
    89f3:	e8 af fb ff ff       	call   85a7 <_ZSt8_DestroyIPmEvT_S1_>
    89f8:	90                   	nop
    89f9:	48 8b 85 28 ff ff ff 	mov    rax,QWORD PTR [rbp-0xd8]
    8a00:	48 8b 95 40 ff ff ff 	mov    rdx,QWORD PTR [rbp-0xc0]
    8a07:	48 8b 8d 60 ff ff ff 	mov    rcx,QWORD PTR [rbp-0xa0]
    8a0e:	48 89 ce             	mov    rsi,rcx
    8a11:	48 89 c7             	mov    rdi,rax
    8a14:	e8 1d e3 ff ff       	call   6d36 <_ZNSt12_Vector_baseImSaImEE13_M_deallocateEPmm>
    8a19:	48 8b 45 e8          	mov    rax,QWORD PTR [rbp-0x18]
    8a1d:	64 48 2b 04 25 28 00 	sub    rax,QWORD PTR fs:0x28
    8a24:	00 00 
    8a26:	74 05                	je     8a2d <_ZNSt6vectorImSaImEE17_M_realloc_insertIJmEEEvN9__gnu_cxx17__normal_iteratorIPmS1_EEDpOT_+0x449>
    8a28:	e8 73 9b ff ff       	call   25a0 <__stack_chk_fail@plt>
    8a2d:	e8 7e 9c ff ff       	call   26b0 <__cxa_rethrow@plt>
    8a32:	f3 0f 1e fa          	endbr64
    8a36:	48 89 c3             	mov    rbx,rax
    8a39:	e8 b2 9c ff ff       	call   26f0 <__cxa_end_catch@plt>
    8a3e:	48 89 d8             	mov    rax,rbx
    8a41:	48 8b 55 e8          	mov    rdx,QWORD PTR [rbp-0x18]
    8a45:	64 48 2b 14 25 28 00 	sub    rdx,QWORD PTR fs:0x28
    8a4c:	00 00 
    8a4e:	74 05                	je     8a55 <_ZNSt6vectorImSaImEE17_M_realloc_insertIJmEEEvN9__gnu_cxx17__normal_iteratorIPmS1_EEDpOT_+0x471>
    8a50:	e8 4b 9b ff ff       	call   25a0 <__stack_chk_fail@plt>
    8a55:	48 89 c7             	mov    rdi,rax
    8a58:	e8 d3 9c ff ff       	call   2730 <_Unwind_Resume@plt>
    8a5d:	e8 3e 9b ff ff       	call   25a0 <__stack_chk_fail@plt>
    8a62:	48 8b 5d f8          	mov    rbx,QWORD PTR [rbp-0x8]
    8a66:	c9                   	leave
    8a67:	c3                   	ret

0000000000008a68 <_ZNKSt12_Vector_baseImSaImEE13get_allocatorEv>:
    8a68:	f3 0f 1e fa          	endbr64
    8a6c:	55                   	push   rbp
    8a6d:	48 89 e5             	mov    rbp,rsp
    8a70:	48 83 ec 30          	sub    rsp,0x30
    8a74:	48 89 7d d8          	mov    QWORD PTR [rbp-0x28],rdi
    8a78:	48 89 75 d0          	mov    QWORD PTR [rbp-0x30],rsi
    8a7c:	48 8b 45 d0          	mov    rax,QWORD PTR [rbp-0x30]
    8a80:	48 89 c7             	mov    rdi,rax
    8a83:	e8 f2 f8 ff ff       	call   837a <_ZNKSt12_Vector_baseImSaImEE19_M_get_Tp_allocatorEv>
    8a88:	48 8b 55 d8          	mov    rdx,QWORD PTR [rbp-0x28]
    8a8c:	48 89 55 e0          	mov    QWORD PTR [rbp-0x20],rdx
    8a90:	48 89 45 e8          	mov    QWORD PTR [rbp-0x18],rax
    8a94:	48 8b 45 e0          	mov    rax,QWORD PTR [rbp-0x20]
    8a98:	48 89 45 f0          	mov    QWORD PTR [rbp-0x10],rax
    8a9c:	48 8b 45 e8          	mov    rax,QWORD PTR [rbp-0x18]
    8aa0:	48 89 45 f8          	mov    QWORD PTR [rbp-0x8],rax
    8aa4:	90                   	nop
    8aa5:	90                   	nop
    8aa6:	90                   	nop
    8aa7:	48 8b 45 d8          	mov    rax,QWORD PTR [rbp-0x28]
    8aab:	c9                   	leave
    8aac:	c3                   	ret
    8aad:	90                   	nop

0000000000008aae <_ZNSt6vectorImSaImEEC1ERKS0_>:
    8aae:	f3 0f 1e fa          	endbr64
    8ab2:	55                   	push   rbp
    8ab3:	48 89 e5             	mov    rbp,rsp
    8ab6:	48 83 ec 10          	sub    rsp,0x10
    8aba:	48 89 7d f8          	mov    QWORD PTR [rbp-0x8],rdi
    8abe:	48 89 75 f0          	mov    QWORD PTR [rbp-0x10],rsi
    8ac2:	48 8b 45 f8          	mov    rax,QWORD PTR [rbp-0x8]
    8ac6:	48 8b 55 f0          	mov    rdx,QWORD PTR [rbp-0x10]
    8aca:	48 89 d6             	mov    rsi,rdx
    8acd:	48 89 c7             	mov    rdi,rax
    8ad0:	e8 9f 0d 00 00       	call   9874 <_ZNSt12_Vector_baseImSaImEEC1ERKS0_>
    8ad5:	90                   	nop
    8ad6:	c9                   	leave
    8ad7:	c3                   	ret

0000000000008ad8 <_ZNSt12_Vector_baseImSaImEE17_Vector_impl_data12_M_swap_dataERS2_>:
    8ad8:	f3 0f 1e fa          	endbr64
    8adc:	55                   	push   rbp
    8add:	48 89 e5             	mov    rbp,rsp
    8ae0:	48 83 ec 30          	sub    rsp,0x30
    8ae4:	48 89 7d d8          	mov    QWORD PTR [rbp-0x28],rdi
    8ae8:	48 89 75 d0          	mov    QWORD PTR [rbp-0x30],rsi
    8aec:	64 48 8b 04 25 28 00 	mov    rax,QWORD PTR fs:0x28
    8af3:	00 00 
    8af5:	48 89 45 f8          	mov    QWORD PTR [rbp-0x8],rax
    8af9:	31 c0                	xor    eax,eax
    8afb:	48 8d 45 e0          	lea    rax,[rbp-0x20]
    8aff:	48 89 c7             	mov    rdi,rax
    8b02:	e8 ed e1 ff ff       	call   6cf4 <_ZNSt12_Vector_baseImSaImEE17_Vector_impl_dataC1Ev>
    8b07:	48 8b 55 d8          	mov    rdx,QWORD PTR [rbp-0x28]
    8b0b:	48 8d 45 e0          	lea    rax,[rbp-0x20]
    8b0f:	48 89 d6             	mov    rsi,rdx
    8b12:	48 89 c7             	mov    rdi,rax
    8b15:	e8 84 0d 00 00       	call   989e <_ZNSt12_Vector_baseImSaImEE17_Vector_impl_data12_M_copy_dataERKS2_>
    8b1a:	48 8b 55 d0          	mov    rdx,QWORD PTR [rbp-0x30]
    8b1e:	48 8b 45 d8          	mov    rax,QWORD PTR [rbp-0x28]
    8b22:	48 89 d6             	mov    rsi,rdx
    8b25:	48 89 c7             	mov    rdi,rax
    8b28:	e8 71 0d 00 00       	call   989e <_ZNSt12_Vector_baseImSaImEE17_Vector_impl_data12_M_copy_dataERKS2_>
    8b2d:	48 8d 55 e0          	lea    rdx,[rbp-0x20]
    8b31:	48 8b 45 d0          	mov    rax,QWORD PTR [rbp-0x30]
    8b35:	48 89 d6             	mov    rsi,rdx
    8b38:	48 89 c7             	mov    rdi,rax
    8b3b:	e8 5e 0d 00 00       	call   989e <_ZNSt12_Vector_baseImSaImEE17_Vector_impl_data12_M_copy_dataERKS2_>
    8b40:	90                   	nop
    8b41:	48 8b 45 f8          	mov    rax,QWORD PTR [rbp-0x8]
    8b45:	64 48 2b 04 25 28 00 	sub    rax,QWORD PTR fs:0x28
    8b4c:	00 00 
    8b4e:	74 05                	je     8b55 <_ZNSt12_Vector_baseImSaImEE17_Vector_impl_data12_M_swap_dataERS2_+0x7d>
    8b50:	e8 4b 9a ff ff       	call   25a0 <__stack_chk_fail@plt>
    8b55:	c9                   	leave
    8b56:	c3                   	ret

0000000000008b57 <_ZNSt6vectorImSaImEE11_S_max_sizeERKS0_>:
    8b57:	f3 0f 1e fa          	endbr64
    8b5b:	55                   	push   rbp
    8b5c:	48 89 e5             	mov    rbp,rsp
    8b5f:	48 83 ec 40          	sub    rsp,0x40
    8b63:	48 89 7d c8          	mov    QWORD PTR [rbp-0x38],rdi
    8b67:	64 48 8b 04 25 28 00 	mov    rax,QWORD PTR fs:0x28
    8b6e:	00 00 
    8b70:	48 89 45 f8          	mov    QWORD PTR [rbp-0x8],rax
    8b74:	31 c0                	xor    eax,eax
    8b76:	48 b8 ff ff ff ff ff 	movabs rax,0xfffffffffffffff
    8b7d:	ff ff 0f 
    8b80:	48 89 45 d0          	mov    QWORD PTR [rbp-0x30],rax
    8b84:	48 8b 45 c8          	mov    rax,QWORD PTR [rbp-0x38]
    8b88:	48 89 45 e0          	mov    QWORD PTR [rbp-0x20],rax
    8b8c:	48 8b 45 e0          	mov    rax,QWORD PTR [rbp-0x20]
    8b90:	48 89 45 e8          	mov    QWORD PTR [rbp-0x18],rax
    8b94:	48 8b 45 e8          	mov    rax,QWORD PTR [rbp-0x18]
    8b98:	48 89 45 f0          	mov    QWORD PTR [rbp-0x10],rax
    8b9c:	48 b8 ff ff ff ff ff 	movabs rax,0xfffffffffffffff
    8ba3:	ff ff 0f 
    8ba6:	90                   	nop
    8ba7:	90                   	nop
    8ba8:	48 89 45 d8          	mov    QWORD PTR [rbp-0x28],rax
    8bac:	48 8d 55 d8          	lea    rdx,[rbp-0x28]
    8bb0:	48 8d 45 d0          	lea    rax,[rbp-0x30]
    8bb4:	48 89 d6             	mov    rsi,rdx
    8bb7:	48 89 c7             	mov    rdi,rax
    8bba:	e8 20 0d 00 00       	call   98df <_ZSt3minImERKT_S2_S2_>
    8bbf:	48 8b 00             	mov    rax,QWORD PTR [rax]
    8bc2:	48 8b 55 f8          	mov    rdx,QWORD PTR [rbp-0x8]
    8bc6:	64 48 2b 14 25 28 00 	sub    rdx,QWORD PTR fs:0x28
    8bcd:	00 00 
    8bcf:	74 05                	je     8bd6 <_ZNSt6vectorImSaImEE11_S_max_sizeERKS0_+0x7f>
    8bd1:	e8 ca 99 ff ff       	call   25a0 <__stack_chk_fail@plt>
    8bd6:	c9                   	leave
    8bd7:	c3                   	ret

0000000000008bd8 <_ZNSt12_Vector_baseImSaImEE12_Vector_implC1ERKS0_>:
    8bd8:	f3 0f 1e fa          	endbr64
    8bdc:	55                   	push   rbp
    8bdd:	48 89 e5             	mov    rbp,rsp
    8be0:	48 83 ec 30          	sub    rsp,0x30
    8be4:	48 89 7d d8          	mov    QWORD PTR [rbp-0x28],rdi
    8be8:	48 89 75 d0          	mov    QWORD PTR [rbp-0x30],rsi
    8bec:	48 8b 45 d8          	mov    rax,QWORD PTR [rbp-0x28]
    8bf0:	48 89 45 e0          	mov    QWORD PTR [rbp-0x20],rax
    8bf4:	48 8b 45 d0          	mov    rax,QWORD PTR [rbp-0x30]
    8bf8:	48 89 45 e8          	mov    QWORD PTR [rbp-0x18],rax
    8bfc:	48 8b 45 e0          	mov    rax,QWORD PTR [rbp-0x20]
    8c00:	48 89 45 f0          	mov    QWORD PTR [rbp-0x10],rax
    8c04:	48 8b 45 e8          	mov    rax,QWORD PTR [rbp-0x18]
    8c08:	48 89 45 f8          	mov    QWORD PTR [rbp-0x8],rax
    8c0c:	90                   	nop
    8c0d:	90                   	nop
    8c0e:	48 8b 45 d8          	mov    rax,QWORD PTR [rbp-0x28]
    8c12:	48 89 c7             	mov    rdi,rax
    8c15:	e8 da e0 ff ff       	call   6cf4 <_ZNSt12_Vector_baseImSaImEE17_Vector_impl_dataC1Ev>
    8c1a:	90                   	nop
    8c1b:	c9                   	leave
    8c1c:	c3                   	ret
    8c1d:	90                   	nop

0000000000008c1e <_ZNSt12_Vector_baseImSaImEE17_M_create_storageEm>:
    8c1e:	f3 0f 1e fa          	endbr64
    8c22:	55                   	push   rbp
    8c23:	48 89 e5             	mov    rbp,rsp
    8c26:	48 83 ec 10          	sub    rsp,0x10
    8c2a:	48 89 7d f8          	mov    QWORD PTR [rbp-0x8],rdi
    8c2e:	48 89 75 f0          	mov    QWORD PTR [rbp-0x10],rsi
    8c32:	48 8b 55 f0          	mov    rdx,QWORD PTR [rbp-0x10]
    8c36:	48 8b 45 f8          	mov    rax,QWORD PTR [rbp-0x8]
    8c3a:	48 89 d6             	mov    rsi,rdx
    8c3d:	48 89 c7             	mov    rdi,rax
    8c40:	e8 05 06 00 00       	call   924a <_ZNSt12_Vector_baseImSaImEE11_M_allocateEm>
    8c45:	48 8b 55 f8          	mov    rdx,QWORD PTR [rbp-0x8]
    8c49:	48 89 02             	mov    QWORD PTR [rdx],rax
    8c4c:	48 8b 45 f8          	mov    rax,QWORD PTR [rbp-0x8]
    8c50:	48 8b 10             	mov    rdx,QWORD PTR [rax]
    8c53:	48 8b 45 f8          	mov    rax,QWORD PTR [rbp-0x8]
    8c57:	48 89 50 08          	mov    QWORD PTR [rax+0x8],rdx
    8c5b:	48 8b 45 f8          	mov    rax,QWORD PTR [rbp-0x8]
    8c5f:	48 8b 00             	mov    rax,QWORD PTR [rax]
    8c62:	48 8b 55 f0          	mov    rdx,QWORD PTR [rbp-0x10]
    8c66:	48 c1 e2 03          	shl    rdx,0x3
    8c6a:	48 01 c2             	add    rdx,rax
    8c6d:	48 8b 45 f8          	mov    rax,QWORD PTR [rbp-0x8]
    8c71:	48 89 50 10          	mov    QWORD PTR [rax+0x10],rdx
    8c75:	90                   	nop
    8c76:	c9                   	leave
    8c77:	c3                   	ret

0000000000008c78 <_ZSt27__uninitialized_default_n_aIPmmmET_S1_T0_RSaIT1_E>:
    8c78:	f3 0f 1e fa          	endbr64
    8c7c:	55                   	push   rbp
    8c7d:	48 89 e5             	mov    rbp,rsp
    8c80:	48 83 ec 20          	sub    rsp,0x20
    8c84:	48 89 7d f8          	mov    QWORD PTR [rbp-0x8],rdi
    8c88:	48 89 75 f0          	mov    QWORD PTR [rbp-0x10],rsi
    8c8c:	48 89 55 e8          	mov    QWORD PTR [rbp-0x18],rdx
    8c90:	48 8b 55 f0          	mov    rdx,QWORD PTR [rbp-0x10]
    8c94:	48 8b 45 f8          	mov    rax,QWORD PTR [rbp-0x8]
    8c98:	48 89 d6             	mov    rsi,rdx
    8c9b:	48 89 c7             	mov    rdi,rax
    8c9e:	e8 6b 0c 00 00       	call   990e <_ZSt25__uninitialized_default_nIPmmET_S1_T0_>
    8ca3:	c9                   	leave
    8ca4:	c3                   	ret

0000000000008ca5 <_ZNSt8__detail5__modImLm4294967296ELm1ELm0EEET_S1_>:
    8ca5:	f3 0f 1e fa          	endbr64
    8ca9:	55                   	push   rbp
    8caa:	48 89 e5             	mov    rbp,rsp
    8cad:	48 83 ec 20          	sub    rsp,0x20
    8cb1:	48 89 7d e8          	mov    QWORD PTR [rbp-0x18],rdi
    8cb5:	48 c7 45 f8 01 00 00 	mov    QWORD PTR [rbp-0x8],0x1
    8cbc:	00 
    8cbd:	48 8b 45 e8          	mov    rax,QWORD PTR [rbp-0x18]
    8cc1:	48 89 c7             	mov    rdi,rax
    8cc4:	e8 72 0c 00 00       	call   993b <_ZNSt8__detail4_ModImLm4294967296ELm1ELm0ELb1ELb1EE6__calcEm>
    8cc9:	90                   	nop
    8cca:	c9                   	leave
    8ccb:	c3                   	ret

0000000000008ccc <_ZNSt8__detail5__modImLm624ELm1ELm0EEET_S1_>:
    8ccc:	f3 0f 1e fa          	endbr64
    8cd0:	55                   	push   rbp
    8cd1:	48 89 e5             	mov    rbp,rsp
    8cd4:	48 83 ec 20          	sub    rsp,0x20
    8cd8:	48 89 7d e8          	mov    QWORD PTR [rbp-0x18],rdi
    8cdc:	48 c7 45 f8 01 00 00 	mov    QWORD PTR [rbp-0x8],0x1
    8ce3:	00 
    8ce4:	48 8b 45 e8          	mov    rax,QWORD PTR [rbp-0x18]
    8ce8:	48 89 c7             	mov    rdi,rax
    8ceb:	e8 6e 0c 00 00       	call   995e <_ZNSt8__detail4_ModImLm624ELm1ELm0ELb1ELb1EE6__calcEm>
    8cf0:	90                   	nop
    8cf1:	c9                   	leave
    8cf2:	c3                   	ret

0000000000008cf3 <_ZSt4swapImENSt9enable_ifIXsrSt6__and_IJSt6__not_ISt15__is_tuple_likeIT_EESt21is_move_constructibleIS4_ESt18is_move_assignableIS4_EEE5valueEvE4typeERS4_SE_>:
    8cf3:	f3 0f 1e fa          	endbr64
    8cf7:	55                   	push   rbp
    8cf8:	48 89 e5             	mov    rbp,rsp
    8cfb:	48 83 ec 20          	sub    rsp,0x20
    8cff:	48 89 7d e8          	mov    QWORD PTR [rbp-0x18],rdi
    8d03:	48 89 75 e0          	mov    QWORD PTR [rbp-0x20],rsi
    8d07:	64 48 8b 04 25 28 00 	mov    rax,QWORD PTR fs:0x28
    8d0e:	00 00 
    8d10:	48 89 45 f8          	mov    QWORD PTR [rbp-0x8],rax
    8d14:	31 c0                	xor    eax,eax
    8d16:	48 8b 45 e8          	mov    rax,QWORD PTR [rbp-0x18]
    8d1a:	48 89 c7             	mov    rdi,rax
    8d1d:	e8 78 e0 ff ff       	call   6d9a <_ZSt4moveIRmEONSt16remove_referenceIT_E4typeEOS2_>
    8d22:	48 8b 00             	mov    rax,QWORD PTR [rax]
    8d25:	48 89 45 f0          	mov    QWORD PTR [rbp-0x10],rax
    8d29:	48 8b 45 e0          	mov    rax,QWORD PTR [rbp-0x20]
    8d2d:	48 89 c7             	mov    rdi,rax
    8d30:	e8 65 e0 ff ff       	call   6d9a <_ZSt4moveIRmEONSt16remove_referenceIT_E4typeEOS2_>
    8d35:	48 8b 10             	mov    rdx,QWORD PTR [rax]
    8d38:	48 8b 45 e8          	mov    rax,QWORD PTR [rbp-0x18]
    8d3c:	48 89 10             	mov    QWORD PTR [rax],rdx
    8d3f:	48 8d 45 f0          	lea    rax,[rbp-0x10]
    8d43:	48 89 c7             	mov    rdi,rax
    8d46:	e8 4f e0 ff ff       	call   6d9a <_ZSt4moveIRmEONSt16remove_referenceIT_E4typeEOS2_>
    8d4b:	48 8b 10             	mov    rdx,QWORD PTR [rax]
    8d4e:	48 8b 45 e0          	mov    rax,QWORD PTR [rbp-0x20]
    8d52:	48 89 10             	mov    QWORD PTR [rax],rdx
    8d55:	90                   	nop
    8d56:	48 8b 45 f8          	mov    rax,QWORD PTR [rbp-0x8]
    8d5a:	64 48 2b 04 25 28 00 	sub    rax,QWORD PTR fs:0x28
    8d61:	00 00 
    8d63:	74 05                	je     8d6a <_ZSt4swapImENSt9enable_ifIXsrSt6__and_IJSt6__not_ISt15__is_tuple_likeIT_EESt21is_move_constructibleIS4_ESt18is_move_assignableIS4_EEE5valueEvE4typeERS4_SE_+0x77>
    8d65:	e8 36 98 ff ff       	call   25a0 <__stack_chk_fail@plt>
    8d6a:	c9                   	leave
    8d6b:	c3                   	ret

0000000000008d6c <_ZSt9make_pairImmESt4pairINSt25__strip_reference_wrapperINSt5decayIT_E4typeEE6__typeENS1_INS2_IT0_E4typeEE6__typeEEOS3_OS8_>:
    8d6c:	f3 0f 1e fa          	endbr64
    8d70:	55                   	push   rbp
    8d71:	48 89 e5             	mov    rbp,rsp
    8d74:	53                   	push   rbx
    8d75:	48 83 ec 38          	sub    rsp,0x38
    8d79:	48 89 7d c8          	mov    QWORD PTR [rbp-0x38],rdi
    8d7d:	48 89 75 c0          	mov    QWORD PTR [rbp-0x40],rsi
    8d81:	64 48 8b 04 25 28 00 	mov    rax,QWORD PTR fs:0x28
    8d88:	00 00 
    8d8a:	48 89 45 e8          	mov    QWORD PTR [rbp-0x18],rax
    8d8e:	31 c0                	xor    eax,eax
    8d90:	48 8b 45 c0          	mov    rax,QWORD PTR [rbp-0x40]
    8d94:	48 89 c7             	mov    rdi,rax
    8d97:	e8 35 f8 ff ff       	call   85d1 <_ZSt7forwardImEOT_RNSt16remove_referenceIS0_E4typeE>
    8d9c:	48 89 c3             	mov    rbx,rax
    8d9f:	48 8b 45 c8          	mov    rax,QWORD PTR [rbp-0x38]
    8da3:	48 89 c7             	mov    rdi,rax
    8da6:	e8 26 f8 ff ff       	call   85d1 <_ZSt7forwardImEOT_RNSt16remove_referenceIS0_E4typeE>
    8dab:	48 89 c1             	mov    rcx,rax
    8dae:	48 8d 45 d0          	lea    rax,[rbp-0x30]
    8db2:	48 89 da             	mov    rdx,rbx
    8db5:	48 89 ce             	mov    rsi,rcx
    8db8:	48 89 c7             	mov    rdi,rax
    8dbb:	e8 e8 0b 00 00       	call   99a8 <_ZNSt4pairImmEC1ImmLb1EEEOT_OT0_>
    8dc0:	48 8b 45 d0          	mov    rax,QWORD PTR [rbp-0x30]
    8dc4:	48 8b 55 d8          	mov    rdx,QWORD PTR [rbp-0x28]
    8dc8:	48 8b 4d e8          	mov    rcx,QWORD PTR [rbp-0x18]
    8dcc:	64 48 2b 0c 25 28 00 	sub    rcx,QWORD PTR fs:0x28
    8dd3:	00 00 
    8dd5:	74 05                	je     8ddc <_ZSt9make_pairImmESt4pairINSt25__strip_reference_wrapperINSt5decayIT_E4typeEE6__typeENS1_INS2_IT0_E4typeEE6__typeEEOS3_OS8_+0x70>
    8dd7:	e8 c4 97 ff ff       	call   25a0 <__stack_chk_fail@plt>
    8ddc:	48 8b 5d f8          	mov    rbx,QWORD PTR [rbp-0x8]
    8de0:	c9                   	leave
    8de1:	c3                   	ret

0000000000008de2 <_ZNKSt24uniform_int_distributionImE10param_type1bEv>:
    8de2:	f3 0f 1e fa          	endbr64
    8de6:	55                   	push   rbp
    8de7:	48 89 e5             	mov    rbp,rsp
    8dea:	48 89 7d f8          	mov    QWORD PTR [rbp-0x8],rdi
    8dee:	48 8b 45 f8          	mov    rax,QWORD PTR [rbp-0x8]
    8df2:	48 8b 40 08          	mov    rax,QWORD PTR [rax+0x8]
    8df6:	5d                   	pop    rbp
    8df7:	c3                   	ret

0000000000008df8 <_ZNKSt24uniform_int_distributionImE10param_type1aEv>:
    8df8:	f3 0f 1e fa          	endbr64
    8dfc:	55                   	push   rbp
    8dfd:	48 89 e5             	mov    rbp,rsp
    8e00:	48 89 7d f8          	mov    QWORD PTR [rbp-0x8],rdi
    8e04:	48 8b 45 f8          	mov    rax,QWORD PTR [rbp-0x8]
    8e08:	48 8b 00             	mov    rax,QWORD PTR [rax]
    8e0b:	5d                   	pop    rbp
    8e0c:	c3                   	ret

0000000000008e0d <_ZNSt24uniform_int_distributionImE5_S_ndImSt23mersenne_twister_engineImLm32ELm624ELm397ELm31ELm2567483615ELm11ELm4294967295ELm7ELm2636928640ELm15ELm4022730752ELm18ELm1812433253EEjEET1_RT0_S4_>:
    8e0d:	f3 0f 1e fa          	endbr64
    8e11:	55                   	push   rbp
    8e12:	48 89 e5             	mov    rbp,rsp
    8e15:	48 83 ec 20          	sub    rsp,0x20
    8e19:	48 89 7d e8          	mov    QWORD PTR [rbp-0x18],rdi
    8e1d:	89 75 e4             	mov    DWORD PTR [rbp-0x1c],esi
    8e20:	48 8b 45 e8          	mov    rax,QWORD PTR [rbp-0x18]
    8e24:	48 89 c7             	mov    rdi,rax
    8e27:	e8 5c 00 00 00       	call   8e88 <_ZNSt23mersenne_twister_engineImLm32ELm624ELm397ELm31ELm2567483615ELm11ELm4294967295ELm7ELm2636928640ELm15ELm4022730752ELm18ELm1812433253EEclEv>
    8e2c:	8b 55 e4             	mov    edx,DWORD PTR [rbp-0x1c]
    8e2f:	48 0f af c2          	imul   rax,rdx
    8e33:	48 89 45 f8          	mov    QWORD PTR [rbp-0x8],rax
    8e37:	48 8b 45 f8          	mov    rax,QWORD PTR [rbp-0x8]
    8e3b:	89 45 f0             	mov    DWORD PTR [rbp-0x10],eax
    8e3e:	8b 45 f0             	mov    eax,DWORD PTR [rbp-0x10]
    8e41:	3b 45 e4             	cmp    eax,DWORD PTR [rbp-0x1c]
    8e44:	73 38                	jae    8e7e <_ZNSt24uniform_int_distributionImE5_S_ndImSt23mersenne_twister_engineImLm32ELm624ELm397ELm31ELm2567483615ELm11ELm4294967295ELm7ELm2636928640ELm15ELm4022730752ELm18ELm1812433253EEjEET1_RT0_S4_+0x71>
    8e46:	8b 45 e4             	mov    eax,DWORD PTR [rbp-0x1c]
    8e49:	f7 d8                	neg    eax
    8e4b:	ba 00 00 00 00       	mov    edx,0x0
    8e50:	f7 75 e4             	div    DWORD PTR [rbp-0x1c]
    8e53:	89 55 f4             	mov    DWORD PTR [rbp-0xc],edx
    8e56:	eb 1e                	jmp    8e76 <_ZNSt24uniform_int_distributionImE5_S_ndImSt23mersenne_twister_engineImLm32ELm624ELm397ELm31ELm2567483615ELm11ELm4294967295ELm7ELm2636928640ELm15ELm4022730752ELm18ELm1812433253EEjEET1_RT0_S4_+0x69>
    8e58:	48 8b 45 e8          	mov    rax,QWORD PTR [rbp-0x18]
    8e5c:	48 89 c7             	mov    rdi,rax
    8e5f:	e8 24 00 00 00       	call   8e88 <_ZNSt23mersenne_twister_engineImLm32ELm624ELm397ELm31ELm2567483615ELm11ELm4294967295ELm7ELm2636928640ELm15ELm4022730752ELm18ELm1812433253EEclEv>
    8e64:	8b 55 e4             	mov    edx,DWORD PTR [rbp-0x1c]
    8e67:	48 0f af c2          	imul   rax,rdx
    8e6b:	48 89 45 f8          	mov    QWORD PTR [rbp-0x8],rax
    8e6f:	48 8b 45 f8          	mov    rax,QWORD PTR [rbp-0x8]
    8e73:	89 45 f0             	mov    DWORD PTR [rbp-0x10],eax
    8e76:	8b 45 f0             	mov    eax,DWORD PTR [rbp-0x10]
    8e79:	3b 45 f4             	cmp    eax,DWORD PTR [rbp-0xc]
    8e7c:	72 da                	jb     8e58 <_ZNSt24uniform_int_distributionImE5_S_ndImSt23mersenne_twister_engineImLm32ELm624ELm397ELm31ELm2567483615ELm11ELm4294967295ELm7ELm2636928640ELm15ELm4022730752ELm18ELm1812433253EEjEET1_RT0_S4_+0x4b>
    8e7e:	48 8b 45 f8          	mov    rax,QWORD PTR [rbp-0x8]
    8e82:	48 c1 e8 20          	shr    rax,0x20
    8e86:	c9                   	leave
    8e87:	c3                   	ret

0000000000008e88 <_ZNSt23mersenne_twister_engineImLm32ELm624ELm397ELm31ELm2567483615ELm11ELm4294967295ELm7ELm2636928640ELm15ELm4022730752ELm18ELm1812433253EEclEv>:
    8e88:	f3 0f 1e fa          	endbr64
    8e8c:	55                   	push   rbp
    8e8d:	48 89 e5             	mov    rbp,rsp
    8e90:	48 83 ec 20          	sub    rsp,0x20
    8e94:	48 89 7d e8          	mov    QWORD PTR [rbp-0x18],rdi
    8e98:	48 8b 45 e8          	mov    rax,QWORD PTR [rbp-0x18]
    8e9c:	48 8b 80 80 13 00 00 	mov    rax,QWORD PTR [rax+0x1380]
    8ea3:	48 3d 6f 02 00 00    	cmp    rax,0x26f
    8ea9:	76 0c                	jbe    8eb7 <_ZNSt23mersenne_twister_engineImLm32ELm624ELm397ELm31ELm2567483615ELm11ELm4294967295ELm7ELm2636928640ELm15ELm4022730752ELm18ELm1812433253EEclEv+0x2f>
    8eab:	48 8b 45 e8          	mov    rax,QWORD PTR [rbp-0x18]
    8eaf:	48 89 c7             	mov    rdi,rax
    8eb2:	e8 39 0b 00 00       	call   99f0 <_ZNSt23mersenne_twister_engineImLm32ELm624ELm397ELm31ELm2567483615ELm11ELm4294967295ELm7ELm2636928640ELm15ELm4022730752ELm18ELm1812433253EE11_M_gen_randEv>
    8eb7:	48 8b 45 e8          	mov    rax,QWORD PTR [rbp-0x18]
    8ebb:	48 8b 80 80 13 00 00 	mov    rax,QWORD PTR [rax+0x1380]
    8ec2:	48 8d 48 01          	lea    rcx,[rax+0x1]
    8ec6:	48 8b 55 e8          	mov    rdx,QWORD PTR [rbp-0x18]
    8eca:	48 89 8a 80 13 00 00 	mov    QWORD PTR [rdx+0x1380],rcx
    8ed1:	48 8b 55 e8          	mov    rdx,QWORD PTR [rbp-0x18]
    8ed5:	48 8b 04 c2          	mov    rax,QWORD PTR [rdx+rax*8]
    8ed9:	48 89 45 f8          	mov    QWORD PTR [rbp-0x8],rax
    8edd:	48 8b 45 f8          	mov    rax,QWORD PTR [rbp-0x8]
    8ee1:	48 c1 e8 0b          	shr    rax,0xb
    8ee5:	89 c0                	mov    eax,eax
    8ee7:	48 31 45 f8          	xor    QWORD PTR [rbp-0x8],rax
    8eeb:	48 8b 45 f8          	mov    rax,QWORD PTR [rbp-0x8]
    8eef:	48 c1 e0 07          	shl    rax,0x7
    8ef3:	25 80 56 2c 9d       	and    eax,0x9d2c5680
    8ef8:	48 31 45 f8          	xor    QWORD PTR [rbp-0x8],rax
    8efc:	48 8b 45 f8          	mov    rax,QWORD PTR [rbp-0x8]
    8f00:	48 c1 e0 0f          	shl    rax,0xf
    8f04:	25 00 00 c6 ef       	and    eax,0xefc60000
    8f09:	48 31 45 f8          	xor    QWORD PTR [rbp-0x8],rax
    8f0d:	48 8b 45 f8          	mov    rax,QWORD PTR [rbp-0x8]
    8f11:	48 c1 e8 12          	shr    rax,0x12
    8f15:	48 31 45 f8          	xor    QWORD PTR [rbp-0x8],rax
    8f19:	48 8b 45 f8          	mov    rax,QWORD PTR [rbp-0x8]
    8f1d:	c9                   	leave
    8f1e:	c3                   	ret
    8f1f:	90                   	nop

0000000000008f20 <_ZNSt6vectorImSaImEE16_Temporary_valueC1IJRKmEEEPS1_DpOT_>:
    8f20:	f3 0f 1e fa          	endbr64
    8f24:	55                   	push   rbp
    8f25:	48 89 e5             	mov    rbp,rsp
    8f28:	53                   	push   rbx
    8f29:	48 83 ec 58          	sub    rsp,0x58
    8f2d:	48 89 7d b8          	mov    QWORD PTR [rbp-0x48],rdi
    8f31:	48 89 75 b0          	mov    QWORD PTR [rbp-0x50],rsi
    8f35:	48 89 55 a8          	mov    QWORD PTR [rbp-0x58],rdx
    8f39:	48 8b 45 b8          	mov    rax,QWORD PTR [rbp-0x48]
    8f3d:	48 8b 55 b0          	mov    rdx,QWORD PTR [rbp-0x50]
    8f41:	48 89 10             	mov    QWORD PTR [rax],rdx
    8f44:	48 8b 45 b8          	mov    rax,QWORD PTR [rbp-0x48]
    8f48:	48 83 c0 08          	add    rax,0x8
    8f4c:	48 89 c7             	mov    rdi,rax
    8f4f:	e8 56 0c 00 00       	call   9baa <_ZNSt6vectorImSaImEE16_Temporary_value8_StorageC1Ev>
    8f54:	48 8b 45 a8          	mov    rax,QWORD PTR [rbp-0x58]
    8f58:	48 89 c7             	mov    rdi,rax
    8f5b:	e8 8e 03 00 00       	call   92ee <_ZSt7forwardIRKmEOT_RNSt16remove_referenceIS2_E4typeE>
    8f60:	48 89 c3             	mov    rbx,rax
    8f63:	48 8b 45 b8          	mov    rax,QWORD PTR [rbp-0x48]
    8f67:	48 89 c7             	mov    rdi,rax
    8f6a:	e8 61 0c 00 00       	call   9bd0 <_ZNSt6vectorImSaImEE16_Temporary_value6_M_ptrEv>
    8f6f:	48 8b 55 b8          	mov    rdx,QWORD PTR [rbp-0x48]
    8f73:	48 8b 12             	mov    rdx,QWORD PTR [rdx]
    8f76:	48 89 55 c0          	mov    QWORD PTR [rbp-0x40],rdx
    8f7a:	48 89 45 c8          	mov    QWORD PTR [rbp-0x38],rax
    8f7e:	48 89 5d d0          	mov    QWORD PTR [rbp-0x30],rbx
    8f82:	48 8b 45 d0          	mov    rax,QWORD PTR [rbp-0x30]
    8f86:	48 89 c7             	mov    rdi,rax
    8f89:	e8 60 03 00 00       	call   92ee <_ZSt7forwardIRKmEOT_RNSt16remove_referenceIS2_E4typeE>
    8f8e:	48 8b 55 c0          	mov    rdx,QWORD PTR [rbp-0x40]
    8f92:	48 89 55 d8          	mov    QWORD PTR [rbp-0x28],rdx
    8f96:	48 8b 55 c8          	mov    rdx,QWORD PTR [rbp-0x38]
    8f9a:	48 89 55 e0          	mov    QWORD PTR [rbp-0x20],rdx
    8f9e:	48 89 45 e8          	mov    QWORD PTR [rbp-0x18],rax
    8fa2:	48 8b 45 e0          	mov    rax,QWORD PTR [rbp-0x20]
    8fa6:	48 89 c6             	mov    rsi,rax
    8fa9:	bf 08 00 00 00       	mov    edi,0x8
    8fae:	e8 52 cc ff ff       	call   5c05 <_ZnwmPv>
    8fb3:	48 89 c3             	mov    rbx,rax
    8fb6:	48 8b 45 e8          	mov    rax,QWORD PTR [rbp-0x18]
    8fba:	48 89 c7             	mov    rdi,rax
    8fbd:	e8 2c 03 00 00       	call   92ee <_ZSt7forwardIRKmEOT_RNSt16remove_referenceIS2_E4typeE>
    8fc2:	48 8b 00             	mov    rax,QWORD PTR [rax]
    8fc5:	48 89 03             	mov    QWORD PTR [rbx],rax
    8fc8:	90                   	nop
    8fc9:	90                   	nop
    8fca:	90                   	nop
    8fcb:	48 8b 5d f8          	mov    rbx,QWORD PTR [rbp-0x8]
    8fcf:	c9                   	leave
    8fd0:	c3                   	ret
    8fd1:	90                   	nop

0000000000008fd2 <_ZNSt6vectorImSaImEE16_Temporary_valueD1Ev>:
    8fd2:	f3 0f 1e fa          	endbr64
    8fd6:	55                   	push   rbp
    8fd7:	48 89 e5             	mov    rbp,rsp
    8fda:	48 83 ec 30          	sub    rsp,0x30
    8fde:	48 89 7d d8          	mov    QWORD PTR [rbp-0x28],rdi
    8fe2:	48 8b 45 d8          	mov    rax,QWORD PTR [rbp-0x28]
    8fe6:	48 89 c7             	mov    rdi,rax
    8fe9:	e8 e2 0b 00 00       	call   9bd0 <_ZNSt6vectorImSaImEE16_Temporary_value6_M_ptrEv>
    8fee:	48 8b 55 d8          	mov    rdx,QWORD PTR [rbp-0x28]
    8ff2:	48 8b 12             	mov    rdx,QWORD PTR [rdx]
    8ff5:	48 89 55 e0          	mov    QWORD PTR [rbp-0x20],rdx
    8ff9:	48 89 45 e8          	mov    QWORD PTR [rbp-0x18],rax
    8ffd:	48 8b 45 e0          	mov    rax,QWORD PTR [rbp-0x20]
    9001:	48 89 45 f0          	mov    QWORD PTR [rbp-0x10],rax
    9005:	48 8b 45 e8          	mov    rax,QWORD PTR [rbp-0x18]
    9009:	48 89 45 f8          	mov    QWORD PTR [rbp-0x8],rax
    900d:	90                   	nop
    900e:	90                   	nop
    900f:	48 8b 45 d8          	mov    rax,QWORD PTR [rbp-0x28]
    9013:	48 83 c0 08          	add    rax,0x8
    9017:	48 89 c7             	mov    rdi,rax
    901a:	e8 a1 0b 00 00       	call   9bc0 <_ZNSt6vectorImSaImEE16_Temporary_value8_StorageD1Ev>
    901f:	90                   	nop
    9020:	c9                   	leave
    9021:	c3                   	ret

0000000000009022 <_ZNSt6vectorImSaImEE16_Temporary_value6_M_valEv>:
    9022:	f3 0f 1e fa          	endbr64
    9026:	55                   	push   rbp
    9027:	48 89 e5             	mov    rbp,rsp
    902a:	48 89 7d f8          	mov    QWORD PTR [rbp-0x8],rdi
    902e:	48 8b 45 f8          	mov    rax,QWORD PTR [rbp-0x8]
    9032:	48 83 c0 08          	add    rax,0x8
    9036:	5d                   	pop    rbp
    9037:	c3                   	ret

0000000000009038 <_ZSt22__uninitialized_move_aIPmS0_SaImEET0_T_S3_S2_RT1_>:
    9038:	f3 0f 1e fa          	endbr64
    903c:	55                   	push   rbp
    903d:	48 89 e5             	mov    rbp,rsp
    9040:	53                   	push   rbx
    9041:	48 83 ec 28          	sub    rsp,0x28
    9045:	48 89 7d e8          	mov    QWORD PTR [rbp-0x18],rdi
    9049:	48 89 75 e0          	mov    QWORD PTR [rbp-0x20],rsi
    904d:	48 89 55 d8          	mov    QWORD PTR [rbp-0x28],rdx
    9051:	48 89 4d d0          	mov    QWORD PTR [rbp-0x30],rcx
    9055:	48 8b 45 e0          	mov    rax,QWORD PTR [rbp-0x20]
    9059:	48 89 c7             	mov    rdi,rax
    905c:	e8 91 0b 00 00       	call   9bf2 <_ZSt18make_move_iteratorIPmESt13move_iteratorIT_ES2_>
    9061:	48 89 c3             	mov    rbx,rax
    9064:	48 8b 45 e8          	mov    rax,QWORD PTR [rbp-0x18]
    9068:	48 89 c7             	mov    rdi,rax
    906b:	e8 82 0b 00 00       	call   9bf2 <_ZSt18make_move_iteratorIPmESt13move_iteratorIT_ES2_>
    9070:	48 89 c7             	mov    rdi,rax
    9073:	48 8b 55 d0          	mov    rdx,QWORD PTR [rbp-0x30]
    9077:	48 8b 45 d8          	mov    rax,QWORD PTR [rbp-0x28]
    907b:	48 89 d1             	mov    rcx,rdx
    907e:	48 89 c2             	mov    rdx,rax
    9081:	48 89 de             	mov    rsi,rbx
    9084:	e8 c0 0b 00 00       	call   9c49 <_ZSt22__uninitialized_copy_aISt13move_iteratorIPmES1_mET0_T_S4_S3_RSaIT1_E>
    9089:	48 8b 5d f8          	mov    rbx,QWORD PTR [rbp-0x8]
    908d:	c9                   	leave
    908e:	c3                   	ret

000000000000908f <_ZSt13move_backwardIPmS0_ET0_T_S2_S1_>:
    908f:	f3 0f 1e fa          	endbr64
    9093:	55                   	push   rbp
    9094:	48 89 e5             	mov    rbp,rsp
    9097:	53                   	push   rbx
    9098:	48 83 ec 28          	sub    rsp,0x28
    909c:	48 89 7d e8          	mov    QWORD PTR [rbp-0x18],rdi
    90a0:	48 89 75 e0          	mov    QWORD PTR [rbp-0x20],rsi
    90a4:	48 89 55 d8          	mov    QWORD PTR [rbp-0x28],rdx
    90a8:	48 8b 45 e0          	mov    rax,QWORD PTR [rbp-0x20]
    90ac:	48 89 c7             	mov    rdi,rax
    90af:	e8 05 05 00 00       	call   95b9 <_ZSt12__miter_baseIPmET_S1_>
    90b4:	48 89 c3             	mov    rbx,rax
    90b7:	48 8b 45 e8          	mov    rax,QWORD PTR [rbp-0x18]
    90bb:	48 89 c7             	mov    rdi,rax
    90be:	e8 f6 04 00 00       	call   95b9 <_ZSt12__miter_baseIPmET_S1_>
    90c3:	48 89 c1             	mov    rcx,rax
    90c6:	48 8b 45 d8          	mov    rax,QWORD PTR [rbp-0x28]
    90ca:	48 89 c2             	mov    rdx,rax
    90cd:	48 89 de             	mov    rsi,rbx
    90d0:	48 89 cf             	mov    rdi,rcx
    90d3:	e8 a6 0b 00 00       	call   9c7e <_ZSt22__copy_move_backward_aILb1EPmS0_ET1_T0_S2_S1_>
    90d8:	48 8b 5d f8          	mov    rbx,QWORD PTR [rbp-0x8]
    90dc:	c9                   	leave
    90dd:	c3                   	ret

00000000000090de <_ZSt4fillIPmmEvT_S1_RKT0_>:
    90de:	f3 0f 1e fa          	endbr64
    90e2:	55                   	push   rbp
    90e3:	48 89 e5             	mov    rbp,rsp
    90e6:	48 83 ec 20          	sub    rsp,0x20
    90ea:	48 89 7d f8          	mov    QWORD PTR [rbp-0x8],rdi
    90ee:	48 89 75 f0          	mov    QWORD PTR [rbp-0x10],rsi
    90f2:	48 89 55 e8          	mov    QWORD PTR [rbp-0x18],rdx
    90f6:	48 8b 55 e8          	mov    rdx,QWORD PTR [rbp-0x18]
    90fa:	48 8b 4d f0          	mov    rcx,QWORD PTR [rbp-0x10]
    90fe:	48 8b 45 f8          	mov    rax,QWORD PTR [rbp-0x8]
    9102:	48 89 ce             	mov    rsi,rcx
    9105:	48 89 c7             	mov    rdi,rax
    9108:	e8 df 0b 00 00       	call   9cec <_ZSt8__fill_aIPmmEvT_S1_RKT0_>
    910d:	90                   	nop
    910e:	c9                   	leave
    910f:	c3                   	ret

0000000000009110 <_ZSt24__uninitialized_fill_n_aIPmmmmET_S1_T0_RKT1_RSaIT2_E>:
    9110:	f3 0f 1e fa          	endbr64
    9114:	55                   	push   rbp
    9115:	48 89 e5             	mov    rbp,rsp
    9118:	48 83 ec 20          	sub    rsp,0x20
    911c:	48 89 7d f8          	mov    QWORD PTR [rbp-0x8],rdi
    9120:	48 89 75 f0          	mov    QWORD PTR [rbp-0x10],rsi
    9124:	48 89 55 e8          	mov    QWORD PTR [rbp-0x18],rdx
    9128:	48 89 4d e0          	mov    QWORD PTR [rbp-0x20],rcx
    912c:	48 8b 55 e8          	mov    rdx,QWORD PTR [rbp-0x18]
    9130:	48 8b 4d f0          	mov    rcx,QWORD PTR [rbp-0x10]
    9134:	48 8b 45 f8          	mov    rax,QWORD PTR [rbp-0x8]
    9138:	48 89 ce             	mov    rsi,rcx
    913b:	48 89 c7             	mov    rdi,rax
    913e:	e8 db 0b 00 00       	call   9d1e <_ZSt20uninitialized_fill_nIPmmmET_S1_T0_RKT1_>
    9143:	c9                   	leave
    9144:	c3                   	ret
    9145:	90                   	nop

0000000000009146 <_ZNKSt6vectorImSaImEE12_M_check_lenEmPKc>:
    9146:	f3 0f 1e fa          	endbr64
    914a:	55                   	push   rbp
    914b:	48 89 e5             	mov    rbp,rsp
    914e:	53                   	push   rbx
    914f:	48 83 ec 48          	sub    rsp,0x48
    9153:	48 89 7d c8          	mov    QWORD PTR [rbp-0x38],rdi
    9157:	48 89 75 c0          	mov    QWORD PTR [rbp-0x40],rsi
    915b:	48 89 55 b8          	mov    QWORD PTR [rbp-0x48],rdx
    915f:	64 48 8b 04 25 28 00 	mov    rax,QWORD PTR fs:0x28
    9166:	00 00 
    9168:	48 89 45 e8          	mov    QWORD PTR [rbp-0x18],rax
    916c:	31 c0                	xor    eax,eax
    916e:	48 8b 45 c8          	mov    rax,QWORD PTR [rbp-0x38]
    9172:	48 89 c7             	mov    rdi,rax
    9175:	e8 da 0b 00 00       	call   9d54 <_ZNKSt6vectorImSaImEE8max_sizeEv>
    917a:	48 89 c3             	mov    rbx,rax
    917d:	48 8b 45 c8          	mov    rax,QWORD PTR [rbp-0x38]
    9181:	48 89 c7             	mov    rdi,rax
    9184:	e8 55 d6 ff ff       	call   67de <_ZNKSt6vectorImSaImEE4sizeEv>
    9189:	48 29 c3             	sub    rbx,rax
    918c:	48 89 da             	mov    rdx,rbx
    918f:	48 8b 45 c0          	mov    rax,QWORD PTR [rbp-0x40]
    9193:	48 39 c2             	cmp    rdx,rax
    9196:	0f 92 c0             	setb   al
    9199:	84 c0                	test   al,al
    919b:	74 20                	je     91bd <_ZNKSt6vectorImSaImEE12_M_check_lenEmPKc+0x77>
    919d:	48 8b 45 e8          	mov    rax,QWORD PTR [rbp-0x18]
    91a1:	64 48 2b 04 25 28 00 	sub    rax,QWORD PTR fs:0x28
    91a8:	00 00 
    91aa:	74 05                	je     91b1 <_ZNKSt6vectorImSaImEE12_M_check_lenEmPKc+0x6b>
    91ac:	e8 ef 93 ff ff       	call   25a0 <__stack_chk_fail@plt>
    91b1:	48 8b 45 b8          	mov    rax,QWORD PTR [rbp-0x48]
    91b5:	48 89 c7             	mov    rdi,rax
    91b8:	e8 03 93 ff ff       	call   24c0 <_ZSt20__throw_length_errorPKc@plt>
    91bd:	48 8b 45 c8          	mov    rax,QWORD PTR [rbp-0x38]
    91c1:	48 89 c7             	mov    rdi,rax
    91c4:	e8 15 d6 ff ff       	call   67de <_ZNKSt6vectorImSaImEE4sizeEv>
    91c9:	48 89 c3             	mov    rbx,rax
    91cc:	48 8b 45 c8          	mov    rax,QWORD PTR [rbp-0x38]
    91d0:	48 89 c7             	mov    rdi,rax
    91d3:	e8 06 d6 ff ff       	call   67de <_ZNKSt6vectorImSaImEE4sizeEv>
    91d8:	48 89 45 d8          	mov    QWORD PTR [rbp-0x28],rax
    91dc:	48 8d 55 c0          	lea    rdx,[rbp-0x40]
    91e0:	48 8d 45 d8          	lea    rax,[rbp-0x28]
    91e4:	48 89 d6             	mov    rsi,rdx
    91e7:	48 89 c7             	mov    rdi,rax
    91ea:	e8 8b 0b 00 00       	call   9d7a <_ZSt3maxImERKT_S2_S2_>
    91ef:	48 8b 00             	mov    rax,QWORD PTR [rax]
    91f2:	48 01 d8             	add    rax,rbx
    91f5:	48 89 45 e0          	mov    QWORD PTR [rbp-0x20],rax
    91f9:	48 8b 45 c8          	mov    rax,QWORD PTR [rbp-0x38]
    91fd:	48 89 c7             	mov    rdi,rax
    9200:	e8 d9 d5 ff ff       	call   67de <_ZNKSt6vectorImSaImEE4sizeEv>
    9205:	48 39 45 e0          	cmp    QWORD PTR [rbp-0x20],rax
    9209:	72 12                	jb     921d <_ZNKSt6vectorImSaImEE12_M_check_lenEmPKc+0xd7>
    920b:	48 8b 45 c8          	mov    rax,QWORD PTR [rbp-0x38]
    920f:	48 89 c7             	mov    rdi,rax
    9212:	e8 3d 0b 00 00       	call   9d54 <_ZNKSt6vectorImSaImEE8max_sizeEv>
    9217:	48 3b 45 e0          	cmp    rax,QWORD PTR [rbp-0x20]
    921b:	73 0e                	jae    922b <_ZNKSt6vectorImSaImEE12_M_check_lenEmPKc+0xe5>
    921d:	48 8b 45 c8          	mov    rax,QWORD PTR [rbp-0x38]
    9221:	48 89 c7             	mov    rdi,rax
    9224:	e8 2b 0b 00 00       	call   9d54 <_ZNKSt6vectorImSaImEE8max_sizeEv>
    9229:	eb 04                	jmp    922f <_ZNKSt6vectorImSaImEE12_M_check_lenEmPKc+0xe9>
    922b:	48 8b 45 e0          	mov    rax,QWORD PTR [rbp-0x20]
    922f:	48 8b 55 e8          	mov    rdx,QWORD PTR [rbp-0x18]
    9233:	64 48 2b 14 25 28 00 	sub    rdx,QWORD PTR fs:0x28
    923a:	00 00 
    923c:	74 05                	je     9243 <_ZNKSt6vectorImSaImEE12_M_check_lenEmPKc+0xfd>
    923e:	e8 5d 93 ff ff       	call   25a0 <__stack_chk_fail@plt>
    9243:	48 8b 5d f8          	mov    rbx,QWORD PTR [rbp-0x8]
    9247:	c9                   	leave
    9248:	c3                   	ret
    9249:	90                   	nop

000000000000924a <_ZNSt12_Vector_baseImSaImEE11_M_allocateEm>:
    924a:	f3 0f 1e fa          	endbr64
    924e:	55                   	push   rbp
    924f:	48 89 e5             	mov    rbp,rsp
    9252:	48 83 ec 20          	sub    rsp,0x20
    9256:	48 89 7d e8          	mov    QWORD PTR [rbp-0x18],rdi
    925a:	48 89 75 e0          	mov    QWORD PTR [rbp-0x20],rsi
    925e:	48 83 7d e0 00       	cmp    QWORD PTR [rbp-0x20],0x0
    9263:	74 2b                	je     9290 <_ZNSt12_Vector_baseImSaImEE11_M_allocateEm+0x46>
    9265:	48 8b 45 e8          	mov    rax,QWORD PTR [rbp-0x18]
    9269:	48 89 45 f0          	mov    QWORD PTR [rbp-0x10],rax
    926d:	48 8b 45 e0          	mov    rax,QWORD PTR [rbp-0x20]
    9271:	48 89 45 f8          	mov    QWORD PTR [rbp-0x8],rax
    9275:	48 8b 4d f8          	mov    rcx,QWORD PTR [rbp-0x8]
    9279:	48 8b 45 f0          	mov    rax,QWORD PTR [rbp-0x10]
    927d:	ba 00 00 00 00       	mov    edx,0x0
    9282:	48 89 ce             	mov    rsi,rcx
    9285:	48 89 c7             	mov    rdi,rax
    9288:	e8 c3 11 00 00       	call   a450 <_ZNSt15__new_allocatorImE8allocateEmPKv>
    928d:	90                   	nop
    928e:	eb 05                	jmp    9295 <_ZNSt12_Vector_baseImSaImEE11_M_allocateEm+0x4b>
    9290:	b8 00 00 00 00       	mov    eax,0x0
    9295:	c9                   	leave
    9296:	c3                   	ret

0000000000009297 <_ZSt34__uninitialized_move_if_noexcept_aIPmS0_SaImEET0_T_S3_S2_RT1_>:
    9297:	f3 0f 1e fa          	endbr64
    929b:	55                   	push   rbp
    929c:	48 89 e5             	mov    rbp,rsp
    929f:	53                   	push   rbx
    92a0:	48 83 ec 28          	sub    rsp,0x28
    92a4:	48 89 7d e8          	mov    QWORD PTR [rbp-0x18],rdi
    92a8:	48 89 75 e0          	mov    QWORD PTR [rbp-0x20],rsi
    92ac:	48 89 55 d8          	mov    QWORD PTR [rbp-0x28],rdx
    92b0:	48 89 4d d0          	mov    QWORD PTR [rbp-0x30],rcx
    92b4:	48 8b 45 e0          	mov    rax,QWORD PTR [rbp-0x20]
    92b8:	48 89 c7             	mov    rdi,rax
    92bb:	e8 e9 0a 00 00       	call   9da9 <_ZSt32__make_move_if_noexcept_iteratorImSt13move_iteratorIPmEET0_PT_>
    92c0:	48 89 c3             	mov    rbx,rax
    92c3:	48 8b 45 e8          	mov    rax,QWORD PTR [rbp-0x18]
    92c7:	48 89 c7             	mov    rdi,rax
    92ca:	e8 da 0a 00 00       	call   9da9 <_ZSt32__make_move_if_noexcept_iteratorImSt13move_iteratorIPmEET0_PT_>
    92cf:	48 89 c7             	mov    rdi,rax
    92d2:	48 8b 55 d0          	mov    rdx,QWORD PTR [rbp-0x30]
    92d6:	48 8b 45 d8          	mov    rax,QWORD PTR [rbp-0x28]
    92da:	48 89 d1             	mov    rcx,rdx
    92dd:	48 89 c2             	mov    rdx,rax
    92e0:	48 89 de             	mov    rsi,rbx
    92e3:	e8 61 09 00 00       	call   9c49 <_ZSt22__uninitialized_copy_aISt13move_iteratorIPmES1_mET0_T_S4_S3_RSaIT1_E>
    92e8:	48 8b 5d f8          	mov    rbx,QWORD PTR [rbp-0x8]
    92ec:	c9                   	leave
    92ed:	c3                   	ret

00000000000092ee <_ZSt7forwardIRKmEOT_RNSt16remove_referenceIS2_E4typeE>:
    92ee:	f3 0f 1e fa          	endbr64
    92f2:	55                   	push   rbp
    92f3:	48 89 e5             	mov    rbp,rsp
    92f6:	48 89 7d f8          	mov    QWORD PTR [rbp-0x8],rdi
    92fa:	48 8b 45 f8          	mov    rax,QWORD PTR [rbp-0x8]
    92fe:	5d                   	pop    rbp
    92ff:	c3                   	ret

0000000000009300 <_ZNSt6vectorImSaImEE11_S_relocateEPmS2_S2_RS0_>:
    9300:	f3 0f 1e fa          	endbr64
    9304:	55                   	push   rbp
    9305:	48 89 e5             	mov    rbp,rsp
    9308:	48 83 ec 20          	sub    rsp,0x20
    930c:	48 89 7d f8          	mov    QWORD PTR [rbp-0x8],rdi
    9310:	48 89 75 f0          	mov    QWORD PTR [rbp-0x10],rsi
    9314:	48 89 55 e8          	mov    QWORD PTR [rbp-0x18],rdx
    9318:	48 89 4d e0          	mov    QWORD PTR [rbp-0x20],rcx
    931c:	48 8b 4d e0          	mov    rcx,QWORD PTR [rbp-0x20]
    9320:	48 8b 55 e8          	mov    rdx,QWORD PTR [rbp-0x18]
    9324:	48 8b 75 f0          	mov    rsi,QWORD PTR [rbp-0x10]
    9328:	48 8b 45 f8          	mov    rax,QWORD PTR [rbp-0x8]
    932c:	48 89 c7             	mov    rdi,rax
    932f:	e8 c1 0a 00 00       	call   9df5 <_ZNSt6vectorImSaImEE14_S_do_relocateEPmS2_S2_RS0_St17integral_constantIbLb1EE>
    9334:	c9                   	leave
    9335:	c3                   	ret

0000000000009336 <_ZSt4__lgIlET_S0_>:
    9336:	f3 0f 1e fa          	endbr64
    933a:	55                   	push   rbp
    933b:	48 89 e5             	mov    rbp,rsp
    933e:	48 89 7d f8          	mov    QWORD PTR [rbp-0x8],rdi
    9342:	48 8b 45 f8          	mov    rax,QWORD PTR [rbp-0x8]
    9346:	48 0f bd c0          	bsr    rax,rax
    934a:	48 83 f0 3f          	xor    rax,0x3f
    934e:	48 98                	cdqe
    9350:	ba 3f 00 00 00       	mov    edx,0x3f
    9355:	48 29 c2             	sub    rdx,rax
    9358:	48 89 d0             	mov    rax,rdx
    935b:	5d                   	pop    rbp
    935c:	c3                   	ret

000000000000935d <_ZSt16__introsort_loopIN9__gnu_cxx17__normal_iteratorIPmSt6vectorImSaImEEEElNS0_5__ops15_Iter_less_iterEEvT_S9_T0_T1_>:
    935d:	f3 0f 1e fa          	endbr64
    9361:	55                   	push   rbp
    9362:	48 89 e5             	mov    rbp,rsp
    9365:	48 83 ec 30          	sub    rsp,0x30
    9369:	48 89 7d e8          	mov    QWORD PTR [rbp-0x18],rdi
    936d:	48 89 75 e0          	mov    QWORD PTR [rbp-0x20],rsi
    9371:	48 89 55 d8          	mov    QWORD PTR [rbp-0x28],rdx
    9375:	64 48 8b 04 25 28 00 	mov    rax,QWORD PTR fs:0x28
    937c:	00 00 
    937e:	48 89 45 f8          	mov    QWORD PTR [rbp-0x8],rax
    9382:	31 c0                	xor    eax,eax
    9384:	eb 5b                	jmp    93e1 <_ZSt16__introsort_loopIN9__gnu_cxx17__normal_iteratorIPmSt6vectorImSaImEEEElNS0_5__ops15_Iter_less_iterEEvT_S9_T0_T1_+0x84>
    9386:	48 83 7d d8 00       	cmp    QWORD PTR [rbp-0x28],0x0
    938b:	75 19                	jne    93a6 <_ZSt16__introsort_loopIN9__gnu_cxx17__normal_iteratorIPmSt6vectorImSaImEEEElNS0_5__ops15_Iter_less_iterEEvT_S9_T0_T1_+0x49>
    938d:	48 8b 55 e0          	mov    rdx,QWORD PTR [rbp-0x20]
    9391:	48 8b 4d e0          	mov    rcx,QWORD PTR [rbp-0x20]
    9395:	48 8b 45 e8          	mov    rax,QWORD PTR [rbp-0x18]
    9399:	48 89 ce             	mov    rsi,rcx
    939c:	48 89 c7             	mov    rdi,rax
    939f:	e8 87 0a 00 00       	call   9e2b <_ZSt14__partial_sortIN9__gnu_cxx17__normal_iteratorIPmSt6vectorImSaImEEEENS0_5__ops15_Iter_less_iterEEvT_S9_S9_T0_>
    93a4:	eb 59                	jmp    93ff <_ZSt16__introsort_loopIN9__gnu_cxx17__normal_iteratorIPmSt6vectorImSaImEEEElNS0_5__ops15_Iter_less_iterEEvT_S9_T0_T1_+0xa2>
    93a6:	48 83 6d d8 01       	sub    QWORD PTR [rbp-0x28],0x1
    93ab:	48 8b 55 e0          	mov    rdx,QWORD PTR [rbp-0x20]
    93af:	48 8b 45 e8          	mov    rax,QWORD PTR [rbp-0x18]
    93b3:	48 89 d6             	mov    rsi,rdx
    93b6:	48 89 c7             	mov    rdi,rax
    93b9:	e8 b6 0a 00 00       	call   9e74 <_ZSt27__unguarded_partition_pivotIN9__gnu_cxx17__normal_iteratorIPmSt6vectorImSaImEEEENS0_5__ops15_Iter_less_iterEET_S9_S9_T0_>
    93be:	48 89 45 f0          	mov    QWORD PTR [rbp-0x10],rax
    93c2:	48 8b 55 d8          	mov    rdx,QWORD PTR [rbp-0x28]
    93c6:	48 8b 4d e0          	mov    rcx,QWORD PTR [rbp-0x20]
    93ca:	48 8b 45 f0          	mov    rax,QWORD PTR [rbp-0x10]
    93ce:	48 89 ce             	mov    rsi,rcx
    93d1:	48 89 c7             	mov    rdi,rax
    93d4:	e8 84 ff ff ff       	call   935d <_ZSt16__introsort_loopIN9__gnu_cxx17__normal_iteratorIPmSt6vectorImSaImEEEElNS0_5__ops15_Iter_less_iterEEvT_S9_T0_T1_>
    93d9:	48 8b 45 f0          	mov    rax,QWORD PTR [rbp-0x10]
    93dd:	48 89 45 e0          	mov    QWORD PTR [rbp-0x20],rax
    93e1:	48 8d 55 e8          	lea    rdx,[rbp-0x18]
    93e5:	48 8d 45 e0          	lea    rax,[rbp-0x20]
    93e9:	48 89 d6             	mov    rsi,rdx
    93ec:	48 89 c7             	mov    rdi,rax
    93ef:	e8 ee dd ff ff       	call   71e2 <_ZN9__gnu_cxxmiIPmSt6vectorImSaImEEEENS_17__normal_iteratorIT_T0_E15difference_typeERKS8_SB_>
    93f4:	48 83 f8 10          	cmp    rax,0x10
    93f8:	0f 9f c0             	setg   al
    93fb:	84 c0                	test   al,al
    93fd:	75 87                	jne    9386 <_ZSt16__introsort_loopIN9__gnu_cxx17__normal_iteratorIPmSt6vectorImSaImEEEElNS0_5__ops15_Iter_less_iterEEvT_S9_T0_T1_+0x29>
    93ff:	48 8b 45 f8          	mov    rax,QWORD PTR [rbp-0x8]
    9403:	64 48 2b 04 25 28 00 	sub    rax,QWORD PTR fs:0x28
    940a:	00 00 
    940c:	74 05                	je     9413 <_ZSt16__introsort_loopIN9__gnu_cxx17__normal_iteratorIPmSt6vectorImSaImEEEElNS0_5__ops15_Iter_less_iterEEvT_S9_T0_T1_+0xb6>
    940e:	e8 8d 91 ff ff       	call   25a0 <__stack_chk_fail@plt>
    9413:	c9                   	leave
    9414:	c3                   	ret

0000000000009415 <_ZSt22__final_insertion_sortIN9__gnu_cxx17__normal_iteratorIPmSt6vectorImSaImEEEENS0_5__ops15_Iter_less_iterEEvT_S9_T0_>:
    9415:	f3 0f 1e fa          	endbr64
    9419:	55                   	push   rbp
    941a:	48 89 e5             	mov    rbp,rsp
    941d:	48 83 ec 20          	sub    rsp,0x20
    9421:	48 89 7d f8          	mov    QWORD PTR [rbp-0x8],rdi
    9425:	48 89 75 f0          	mov    QWORD PTR [rbp-0x10],rsi
    9429:	48 8d 55 f8          	lea    rdx,[rbp-0x8]
    942d:	48 8d 45 f0          	lea    rax,[rbp-0x10]
    9431:	48 89 d6             	mov    rsi,rdx
    9434:	48 89 c7             	mov    rdi,rax
    9437:	e8 a6 dd ff ff       	call   71e2 <_ZN9__gnu_cxxmiIPmSt6vectorImSaImEEEENS_17__normal_iteratorIT_T0_E15difference_typeERKS8_SB_>
    943c:	48 83 f8 10          	cmp    rax,0x10
    9440:	0f 9f c0             	setg   al
    9443:	84 c0                	test   al,al
    9445:	74 48                	je     948f <_ZSt22__final_insertion_sortIN9__gnu_cxx17__normal_iteratorIPmSt6vectorImSaImEEEENS0_5__ops15_Iter_less_iterEEvT_S9_T0_+0x7a>
    9447:	48 8d 45 f8          	lea    rax,[rbp-0x8]
    944b:	be 10 00 00 00       	mov    esi,0x10
    9450:	48 89 c7             	mov    rdi,rax
    9453:	e8 d0 dd ff ff       	call   7228 <_ZNK9__gnu_cxx17__normal_iteratorIPmSt6vectorImSaImEEEplEl>
    9458:	48 89 c2             	mov    rdx,rax
    945b:	48 8b 45 f8          	mov    rax,QWORD PTR [rbp-0x8]
    945f:	48 89 d6             	mov    rsi,rdx
    9462:	48 89 c7             	mov    rdi,rax
    9465:	e8 e0 0a 00 00       	call   9f4a <_ZSt16__insertion_sortIN9__gnu_cxx17__normal_iteratorIPmSt6vectorImSaImEEEENS0_5__ops15_Iter_less_iterEEvT_S9_T0_>
    946a:	48 8d 45 f8          	lea    rax,[rbp-0x8]
    946e:	be 10 00 00 00       	mov    esi,0x10
    9473:	48 89 c7             	mov    rdi,rax
    9476:	e8 ad dd ff ff       	call   7228 <_ZNK9__gnu_cxx17__normal_iteratorIPmSt6vectorImSaImEEEplEl>
    947b:	48 89 c2             	mov    rdx,rax
    947e:	48 8b 45 f0          	mov    rax,QWORD PTR [rbp-0x10]
    9482:	48 89 c6             	mov    rsi,rax
    9485:	48 89 d7             	mov    rdi,rdx
    9488:	e8 eb 0b 00 00       	call   a078 <_ZSt26__unguarded_insertion_sortIN9__gnu_cxx17__normal_iteratorIPmSt6vectorImSaImEEEENS0_5__ops15_Iter_less_iterEEvT_S9_T0_>
    948d:	eb 13                	jmp    94a2 <_ZSt22__final_insertion_sortIN9__gnu_cxx17__normal_iteratorIPmSt6vectorImSaImEEEENS0_5__ops15_Iter_less_iterEEvT_S9_T0_+0x8d>
    948f:	48 8b 55 f0          	mov    rdx,QWORD PTR [rbp-0x10]
    9493:	48 8b 45 f8          	mov    rax,QWORD PTR [rbp-0x8]
    9497:	48 89 d6             	mov    rsi,rdx
    949a:	48 89 c7             	mov    rdi,rax
    949d:	e8 a8 0a 00 00       	call   9f4a <_ZSt16__insertion_sortIN9__gnu_cxx17__normal_iteratorIPmSt6vectorImSaImEEEENS0_5__ops15_Iter_less_iterEEvT_S9_T0_>
    94a2:	90                   	nop
    94a3:	c9                   	leave
    94a4:	c3                   	ret
    94a5:	90                   	nop

00000000000094a6 <_ZN9__gnu_cxx17__normal_iteratorIPKmSt6vectorImSaImEEEC1ERKS2_>:
    94a6:	f3 0f 1e fa          	endbr64
    94aa:	55                   	push   rbp
    94ab:	48 89 e5             	mov    rbp,rsp
    94ae:	48 89 7d f8          	mov    QWORD PTR [rbp-0x8],rdi
    94b2:	48 89 75 f0          	mov    QWORD PTR [rbp-0x10],rsi
    94b6:	48 8b 45 f0          	mov    rax,QWORD PTR [rbp-0x10]
    94ba:	48 8b 10             	mov    rdx,QWORD PTR [rax]
    94bd:	48 8b 45 f8          	mov    rax,QWORD PTR [rbp-0x8]
    94c1:	48 89 10             	mov    QWORD PTR [rax],rdx
    94c4:	90                   	nop
    94c5:	5d                   	pop    rbp
    94c6:	c3                   	ret
    94c7:	90                   	nop

00000000000094c8 <_ZNK9__gnu_cxx17__normal_iteratorIPKmSt6vectorImSaImEEE4baseEv>:
    94c8:	f3 0f 1e fa          	endbr64
    94cc:	55                   	push   rbp
    94cd:	48 89 e5             	mov    rbp,rsp
    94d0:	48 89 7d f8          	mov    QWORD PTR [rbp-0x8],rdi
    94d4:	48 8b 45 f8          	mov    rax,QWORD PTR [rbp-0x8]
    94d8:	5d                   	pop    rbp
    94d9:	c3                   	ret

00000000000094da <_ZSt22__uninitialized_copy_aIN9__gnu_cxx17__normal_iteratorIPKmSt6vectorImSaImEEEEPmmET0_T_SA_S9_RSaIT1_E>:
    94da:	f3 0f 1e fa          	endbr64
    94de:	55                   	push   rbp
    94df:	48 89 e5             	mov    rbp,rsp
    94e2:	48 83 ec 20          	sub    rsp,0x20
    94e6:	48 89 7d f8          	mov    QWORD PTR [rbp-0x8],rdi
    94ea:	48 89 75 f0          	mov    QWORD PTR [rbp-0x10],rsi
    94ee:	48 89 55 e8          	mov    QWORD PTR [rbp-0x18],rdx
    94f2:	48 89 4d e0          	mov    QWORD PTR [rbp-0x20],rcx
    94f6:	48 8b 55 e8          	mov    rdx,QWORD PTR [rbp-0x18]
    94fa:	48 8b 4d f0          	mov    rcx,QWORD PTR [rbp-0x10]
    94fe:	48 8b 45 f8          	mov    rax,QWORD PTR [rbp-0x8]
    9502:	48 89 ce             	mov    rsi,rcx
    9505:	48 89 c7             	mov    rdi,rax
    9508:	e8 e3 0b 00 00       	call   a0f0 <_ZSt18uninitialized_copyIN9__gnu_cxx17__normal_iteratorIPKmSt6vectorImSaImEEEEPmET0_T_SA_S9_>
    950d:	c9                   	leave
    950e:	c3                   	ret

000000000000950f <_ZSt12__miter_baseIN9__gnu_cxx17__normal_iteratorIPKmSt6vectorImSaImEEEEET_S8_>:
    950f:	f3 0f 1e fa          	endbr64
    9513:	55                   	push   rbp
    9514:	48 89 e5             	mov    rbp,rsp
    9517:	48 89 7d f8          	mov    QWORD PTR [rbp-0x8],rdi
    951b:	48 8b 45 f8          	mov    rax,QWORD PTR [rbp-0x8]
    951f:	5d                   	pop    rbp
    9520:	c3                   	ret

0000000000009521 <_ZSt13__copy_move_aILb0EN9__gnu_cxx17__normal_iteratorIPKmSt6vectorImSaImEEEENS1_IPmS6_EEET1_T0_SB_SA_>:
    9521:	f3 0f 1e fa          	endbr64
    9525:	55                   	push   rbp
    9526:	48 89 e5             	mov    rbp,rsp
    9529:	41 54                	push   r12
    952b:	53                   	push   rbx
    952c:	48 83 ec 20          	sub    rsp,0x20
    9530:	48 89 7d e8          	mov    QWORD PTR [rbp-0x18],rdi
    9534:	48 89 75 e0          	mov    QWORD PTR [rbp-0x20],rsi
    9538:	48 89 55 d8          	mov    QWORD PTR [rbp-0x28],rdx
    953c:	48 8b 45 d8          	mov    rax,QWORD PTR [rbp-0x28]
    9540:	48 89 c7             	mov    rdi,rax
    9543:	e8 02 0c 00 00       	call   a14a <_ZSt12__niter_baseIPmSt6vectorImSaImEEET_N9__gnu_cxx17__normal_iteratorIS4_T0_EE>
    9548:	49 89 c4             	mov    r12,rax
    954b:	48 8b 45 e0          	mov    rax,QWORD PTR [rbp-0x20]
    954f:	48 89 c7             	mov    rdi,rax
    9552:	e8 d2 0b 00 00       	call   a129 <_ZSt12__niter_baseIPKmSt6vectorImSaImEEET_N9__gnu_cxx17__normal_iteratorIS5_T0_EE>
    9557:	48 89 c3             	mov    rbx,rax
    955a:	48 8b 45 e8          	mov    rax,QWORD PTR [rbp-0x18]
    955e:	48 89 c7             	mov    rdi,rax
    9561:	e8 c3 0b 00 00       	call   a129 <_ZSt12__niter_baseIPKmSt6vectorImSaImEEET_N9__gnu_cxx17__normal_iteratorIS5_T0_EE>
    9566:	4c 89 e2             	mov    rdx,r12
    9569:	48 89 de             	mov    rsi,rbx
    956c:	48 89 c7             	mov    rdi,rax
    956f:	e8 f7 0b 00 00       	call   a16b <_ZSt14__copy_move_a1ILb0EPKmPmET1_T0_S4_S3_>
    9574:	48 89 c2             	mov    rdx,rax
    9577:	48 8b 45 d8          	mov    rax,QWORD PTR [rbp-0x28]
    957b:	48 89 d6             	mov    rsi,rdx
    957e:	48 89 c7             	mov    rdi,rax
    9581:	e8 16 0c 00 00       	call   a19c <_ZSt12__niter_wrapIN9__gnu_cxx17__normal_iteratorIPmSt6vectorImSaImEEEES2_ET_S7_T0_>
    9586:	48 83 c4 20          	add    rsp,0x20
    958a:	5b                   	pop    rbx
    958b:	41 5c                	pop    r12
    958d:	5d                   	pop    rbp
    958e:	c3                   	ret

000000000000958f <_ZSt8_DestroyIN9__gnu_cxx17__normal_iteratorIPmSt6vectorImSaImEEEEEvT_S7_>:
    958f:	f3 0f 1e fa          	endbr64
    9593:	55                   	push   rbp
    9594:	48 89 e5             	mov    rbp,rsp
    9597:	48 83 ec 10          	sub    rsp,0x10
    959b:	48 89 7d f8          	mov    QWORD PTR [rbp-0x8],rdi
    959f:	48 89 75 f0          	mov    QWORD PTR [rbp-0x10],rsi
    95a3:	48 8b 55 f0          	mov    rdx,QWORD PTR [rbp-0x10]
    95a7:	48 8b 45 f8          	mov    rax,QWORD PTR [rbp-0x8]
    95ab:	48 89 d6             	mov    rsi,rdx
    95ae:	48 89 c7             	mov    rdi,rax
    95b1:	e8 28 0c 00 00       	call   a1de <_ZNSt12_Destroy_auxILb1EE9__destroyIN9__gnu_cxx17__normal_iteratorIPmSt6vectorImSaImEEEEEEvT_S9_>
    95b6:	90                   	nop
    95b7:	c9                   	leave
    95b8:	c3                   	ret

00000000000095b9 <_ZSt12__miter_baseIPmET_S1_>:
    95b9:	f3 0f 1e fa          	endbr64
    95bd:	55                   	push   rbp
    95be:	48 89 e5             	mov    rbp,rsp
    95c1:	48 89 7d f8          	mov    QWORD PTR [rbp-0x8],rdi
    95c5:	48 8b 45 f8          	mov    rax,QWORD PTR [rbp-0x8]
    95c9:	5d                   	pop    rbp
    95ca:	c3                   	ret

00000000000095cb <_ZSt13__copy_move_aILb0EPmS0_ET1_T0_S2_S1_>:
    95cb:	f3 0f 1e fa          	endbr64
    95cf:	55                   	push   rbp
    95d0:	48 89 e5             	mov    rbp,rsp
    95d3:	41 54                	push   r12
    95d5:	53                   	push   rbx
    95d6:	48 83 ec 20          	sub    rsp,0x20
    95da:	48 89 7d e8          	mov    QWORD PTR [rbp-0x18],rdi
    95de:	48 89 75 e0          	mov    QWORD PTR [rbp-0x20],rsi
    95e2:	48 89 55 d8          	mov    QWORD PTR [rbp-0x28],rdx
    95e6:	48 8b 45 d8          	mov    rax,QWORD PTR [rbp-0x28]
    95ea:	48 89 c7             	mov    rdi,rax
    95ed:	e8 ff 0b 00 00       	call   a1f1 <_ZSt12__niter_baseIPmET_S1_>
    95f2:	49 89 c4             	mov    r12,rax
    95f5:	48 8b 45 e0          	mov    rax,QWORD PTR [rbp-0x20]
    95f9:	48 89 c7             	mov    rdi,rax
    95fc:	e8 f0 0b 00 00       	call   a1f1 <_ZSt12__niter_baseIPmET_S1_>
    9601:	48 89 c3             	mov    rbx,rax
    9604:	48 8b 45 e8          	mov    rax,QWORD PTR [rbp-0x18]
    9608:	48 89 c7             	mov    rdi,rax
    960b:	e8 e1 0b 00 00       	call   a1f1 <_ZSt12__niter_baseIPmET_S1_>
    9610:	4c 89 e2             	mov    rdx,r12
    9613:	48 89 de             	mov    rsi,rbx
    9616:	48 89 c7             	mov    rdi,rax
    9619:	e8 e5 0b 00 00       	call   a203 <_ZSt14__copy_move_a1ILb0EPmS0_ET1_T0_S2_S1_>
    961e:	48 89 c2             	mov    rdx,rax
    9621:	48 8d 45 d8          	lea    rax,[rbp-0x28]
    9625:	48 89 d6             	mov    rsi,rdx
    9628:	48 89 c7             	mov    rdi,rax
    962b:	e8 04 0c 00 00       	call   a234 <_ZSt12__niter_wrapIPmET_RKS1_S1_>
    9630:	48 83 c4 20          	add    rsp,0x20
    9634:	5b                   	pop    rbx
    9635:	41 5c                	pop    r12
    9637:	5d                   	pop    rbp
    9638:	c3                   	ret

0000000000009639 <_ZSt18uninitialized_copyIPmS0_ET0_T_S2_S1_>:
    9639:	f3 0f 1e fa          	endbr64
    963d:	55                   	push   rbp
    963e:	48 89 e5             	mov    rbp,rsp
    9641:	48 83 ec 30          	sub    rsp,0x30
    9645:	48 89 7d e8          	mov    QWORD PTR [rbp-0x18],rdi
    9649:	48 89 75 e0          	mov    QWORD PTR [rbp-0x20],rsi
    964d:	48 89 55 d8          	mov    QWORD PTR [rbp-0x28],rdx
    9651:	c6 45 fe 01          	mov    BYTE PTR [rbp-0x2],0x1
    9655:	c6 45 ff 01          	mov    BYTE PTR [rbp-0x1],0x1
    9659:	48 8b 55 d8          	mov    rdx,QWORD PTR [rbp-0x28]
    965d:	48 8b 4d e0          	mov    rcx,QWORD PTR [rbp-0x20]
    9661:	48 8b 45 e8          	mov    rax,QWORD PTR [rbp-0x18]
    9665:	48 89 ce             	mov    rsi,rcx
    9668:	48 89 c7             	mov    rdi,rax
    966b:	e8 da 0b 00 00       	call   a24a <_ZNSt20__uninitialized_copyILb1EE13__uninit_copyIPmS2_EET0_T_S4_S3_>
    9670:	c9                   	leave
    9671:	c3                   	ret

0000000000009672 <_ZN9__gnu_cxx5__ops16_Iter_equals_valIKmEC1ERS2_>:
    9672:	f3 0f 1e fa          	endbr64
    9676:	55                   	push   rbp
    9677:	48 89 e5             	mov    rbp,rsp
    967a:	48 89 7d f8          	mov    QWORD PTR [rbp-0x8],rdi
    967e:	48 89 75 f0          	mov    QWORD PTR [rbp-0x10],rsi
    9682:	48 8b 45 f8          	mov    rax,QWORD PTR [rbp-0x8]
    9686:	48 8b 55 f0          	mov    rdx,QWORD PTR [rbp-0x10]
    968a:	48 89 10             	mov    QWORD PTR [rax],rdx
    968d:	90                   	nop
    968e:	5d                   	pop    rbp
    968f:	c3                   	ret

0000000000009690 <_ZSt9__find_ifIN9__gnu_cxx17__normal_iteratorIPmSt6vectorImSaImEEEENS0_5__ops16_Iter_equals_valIKmEEET_SB_SB_T0_St26random_access_iterator_tag>:
    9690:	f3 0f 1e fa          	endbr64
    9694:	55                   	push   rbp
    9695:	48 89 e5             	mov    rbp,rsp
    9698:	48 83 ec 30          	sub    rsp,0x30
    969c:	48 89 7d e8          	mov    QWORD PTR [rbp-0x18],rdi
    96a0:	48 89 75 e0          	mov    QWORD PTR [rbp-0x20],rsi
    96a4:	48 89 55 d8          	mov    QWORD PTR [rbp-0x28],rdx
    96a8:	48 8d 55 e8          	lea    rdx,[rbp-0x18]
    96ac:	48 8d 45 e0          	lea    rax,[rbp-0x20]
    96b0:	48 89 d6             	mov    rsi,rdx
    96b3:	48 89 c7             	mov    rdi,rax
    96b6:	e8 27 db ff ff       	call   71e2 <_ZN9__gnu_cxxmiIPmSt6vectorImSaImEEEENS_17__normal_iteratorIT_T0_E15difference_typeERKS8_SB_>
    96bb:	48 c1 f8 02          	sar    rax,0x2
    96bf:	48 89 45 f8          	mov    QWORD PTR [rbp-0x8],rax
    96c3:	e9 b5 00 00 00       	jmp    977d <_ZSt9__find_ifIN9__gnu_cxx17__normal_iteratorIPmSt6vectorImSaImEEEENS0_5__ops16_Iter_equals_valIKmEEET_SB_SB_T0_St26random_access_iterator_tag+0xed>
    96c8:	48 8b 55 e8          	mov    rdx,QWORD PTR [rbp-0x18]
    96cc:	48 8d 45 d8          	lea    rax,[rbp-0x28]
    96d0:	48 89 d6             	mov    rsi,rdx
    96d3:	48 89 c7             	mov    rdi,rax
    96d6:	e8 a1 0b 00 00       	call   a27c <_ZN9__gnu_cxx5__ops16_Iter_equals_valIKmEclINS_17__normal_iteratorIPmSt6vectorImSaImEEEEEEbT_>
    96db:	84 c0                	test   al,al
    96dd:	74 09                	je     96e8 <_ZSt9__find_ifIN9__gnu_cxx17__normal_iteratorIPmSt6vectorImSaImEEEENS0_5__ops16_Iter_equals_valIKmEEET_SB_SB_T0_St26random_access_iterator_tag+0x58>
    96df:	48 8b 45 e8          	mov    rax,QWORD PTR [rbp-0x18]
    96e3:	e9 50 01 00 00       	jmp    9838 <_ZSt9__find_ifIN9__gnu_cxx17__normal_iteratorIPmSt6vectorImSaImEEEENS0_5__ops16_Iter_equals_valIKmEEET_SB_SB_T0_St26random_access_iterator_tag+0x1a8>
    96e8:	48 8d 45 e8          	lea    rax,[rbp-0x18]
    96ec:	48 89 c7             	mov    rdi,rax
    96ef:	e8 b0 d0 ff ff       	call   67a4 <_ZN9__gnu_cxx17__normal_iteratorIPmSt6vectorImSaImEEEppEv>
    96f4:	48 8b 55 e8          	mov    rdx,QWORD PTR [rbp-0x18]
    96f8:	48 8d 45 d8          	lea    rax,[rbp-0x28]
    96fc:	48 89 d6             	mov    rsi,rdx
    96ff:	48 89 c7             	mov    rdi,rax
    9702:	e8 75 0b 00 00       	call   a27c <_ZN9__gnu_cxx5__ops16_Iter_equals_valIKmEclINS_17__normal_iteratorIPmSt6vectorImSaImEEEEEEbT_>
    9707:	84 c0                	test   al,al
    9709:	74 09                	je     9714 <_ZSt9__find_ifIN9__gnu_cxx17__normal_iteratorIPmSt6vectorImSaImEEEENS0_5__ops16_Iter_equals_valIKmEEET_SB_SB_T0_St26random_access_iterator_tag+0x84>
    970b:	48 8b 45 e8          	mov    rax,QWORD PTR [rbp-0x18]
    970f:	e9 24 01 00 00       	jmp    9838 <_ZSt9__find_ifIN9__gnu_cxx17__normal_iteratorIPmSt6vectorImSaImEEEENS0_5__ops16_Iter_equals_valIKmEEET_SB_SB_T0_St26random_access_iterator_tag+0x1a8>
    9714:	48 8d 45 e8          	lea    rax,[rbp-0x18]
    9718:	48 89 c7             	mov    rdi,rax
    971b:	e8 84 d0 ff ff       	call   67a4 <_ZN9__gnu_cxx17__normal_iteratorIPmSt6vectorImSaImEEEppEv>
    9720:	48 8b 55 e8          	mov    rdx,QWORD PTR [rbp-0x18]
    9724:	48 8d 45 d8          	lea    rax,[rbp-0x28]
    9728:	48 89 d6             	mov    rsi,rdx
    972b:	48 89 c7             	mov    rdi,rax
    972e:	e8 49 0b 00 00       	call   a27c <_ZN9__gnu_cxx5__ops16_Iter_equals_valIKmEclINS_17__normal_iteratorIPmSt6vectorImSaImEEEEEEbT_>
    9733:	84 c0                	test   al,al
    9735:	74 09                	je     9740 <_ZSt9__find_ifIN9__gnu_cxx17__normal_iteratorIPmSt6vectorImSaImEEEENS0_5__ops16_Iter_equals_valIKmEEET_SB_SB_T0_St26random_access_iterator_tag+0xb0>
    9737:	48 8b 45 e8          	mov    rax,QWORD PTR [rbp-0x18]
    973b:	e9 f8 00 00 00       	jmp    9838 <_ZSt9__find_ifIN9__gnu_cxx17__normal_iteratorIPmSt6vectorImSaImEEEENS0_5__ops16_Iter_equals_valIKmEEET_SB_SB_T0_St26random_access_iterator_tag+0x1a8>
    9740:	48 8d 45 e8          	lea    rax,[rbp-0x18]
    9744:	48 89 c7             	mov    rdi,rax
    9747:	e8 58 d0 ff ff       	call   67a4 <_ZN9__gnu_cxx17__normal_iteratorIPmSt6vectorImSaImEEEppEv>
    974c:	48 8b 55 e8          	mov    rdx,QWORD PTR [rbp-0x18]
    9750:	48 8d 45 d8          	lea    rax,[rbp-0x28]
    9754:	48 89 d6             	mov    rsi,rdx
    9757:	48 89 c7             	mov    rdi,rax
    975a:	e8 1d 0b 00 00       	call   a27c <_ZN9__gnu_cxx5__ops16_Iter_equals_valIKmEclINS_17__normal_iteratorIPmSt6vectorImSaImEEEEEEbT_>
    975f:	84 c0                	test   al,al
    9761:	74 09                	je     976c <_ZSt9__find_ifIN9__gnu_cxx17__normal_iteratorIPmSt6vectorImSaImEEEENS0_5__ops16_Iter_equals_valIKmEEET_SB_SB_T0_St26random_access_iterator_tag+0xdc>
    9763:	48 8b 45 e8          	mov    rax,QWORD PTR [rbp-0x18]
    9767:	e9 cc 00 00 00       	jmp    9838 <_ZSt9__find_ifIN9__gnu_cxx17__normal_iteratorIPmSt6vectorImSaImEEEENS0_5__ops16_Iter_equals_valIKmEEET_SB_SB_T0_St26random_access_iterator_tag+0x1a8>
    976c:	48 8d 45 e8          	lea    rax,[rbp-0x18]
    9770:	48 89 c7             	mov    rdi,rax
    9773:	e8 2c d0 ff ff       	call   67a4 <_ZN9__gnu_cxx17__normal_iteratorIPmSt6vectorImSaImEEEppEv>
    9778:	48 83 6d f8 01       	sub    QWORD PTR [rbp-0x8],0x1
    977d:	48 83 7d f8 00       	cmp    QWORD PTR [rbp-0x8],0x0
    9782:	0f 8f 40 ff ff ff    	jg     96c8 <_ZSt9__find_ifIN9__gnu_cxx17__normal_iteratorIPmSt6vectorImSaImEEEENS0_5__ops16_Iter_equals_valIKmEEET_SB_SB_T0_St26random_access_iterator_tag+0x38>
    9788:	48 8d 55 e8          	lea    rdx,[rbp-0x18]
    978c:	48 8d 45 e0          	lea    rax,[rbp-0x20]
    9790:	48 89 d6             	mov    rsi,rdx
    9793:	48 89 c7             	mov    rdi,rax
    9796:	e8 47 da ff ff       	call   71e2 <_ZN9__gnu_cxxmiIPmSt6vectorImSaImEEEENS_17__normal_iteratorIT_T0_E15difference_typeERKS8_SB_>
    979b:	48 83 f8 03          	cmp    rax,0x3
    979f:	74 18                	je     97b9 <_ZSt9__find_ifIN9__gnu_cxx17__normal_iteratorIPmSt6vectorImSaImEEEENS0_5__ops16_Iter_equals_valIKmEEET_SB_SB_T0_St26random_access_iterator_tag+0x129>
    97a1:	48 83 f8 03          	cmp    rax,0x3
    97a5:	0f 8f 89 00 00 00    	jg     9834 <_ZSt9__find_ifIN9__gnu_cxx17__normal_iteratorIPmSt6vectorImSaImEEEENS0_5__ops16_Iter_equals_valIKmEEET_SB_SB_T0_St26random_access_iterator_tag+0x1a4>
    97ab:	48 83 f8 01          	cmp    rax,0x1
    97af:	74 5a                	je     980b <_ZSt9__find_ifIN9__gnu_cxx17__normal_iteratorIPmSt6vectorImSaImEEEENS0_5__ops16_Iter_equals_valIKmEEET_SB_SB_T0_St26random_access_iterator_tag+0x17b>
    97b1:	48 83 f8 02          	cmp    rax,0x2
    97b5:	74 2b                	je     97e2 <_ZSt9__find_ifIN9__gnu_cxx17__normal_iteratorIPmSt6vectorImSaImEEEENS0_5__ops16_Iter_equals_valIKmEEET_SB_SB_T0_St26random_access_iterator_tag+0x152>
    97b7:	eb 7b                	jmp    9834 <_ZSt9__find_ifIN9__gnu_cxx17__normal_iteratorIPmSt6vectorImSaImEEEENS0_5__ops16_Iter_equals_valIKmEEET_SB_SB_T0_St26random_access_iterator_tag+0x1a4>
    97b9:	48 8b 55 e8          	mov    rdx,QWORD PTR [rbp-0x18]
    97bd:	48 8d 45 d8          	lea    rax,[rbp-0x28]
    97c1:	48 89 d6             	mov    rsi,rdx
    97c4:	48 89 c7             	mov    rdi,rax
    97c7:	e8 b0 0a 00 00       	call   a27c <_ZN9__gnu_cxx5__ops16_Iter_equals_valIKmEclINS_17__normal_iteratorIPmSt6vectorImSaImEEEEEEbT_>
    97cc:	84 c0                	test   al,al
    97ce:	74 06                	je     97d6 <_ZSt9__find_ifIN9__gnu_cxx17__normal_iteratorIPmSt6vectorImSaImEEEENS0_5__ops16_Iter_equals_valIKmEEET_SB_SB_T0_St26random_access_iterator_tag+0x146>
    97d0:	48 8b 45 e8          	mov    rax,QWORD PTR [rbp-0x18]
    97d4:	eb 62                	jmp    9838 <_ZSt9__find_ifIN9__gnu_cxx17__normal_iteratorIPmSt6vectorImSaImEEEENS0_5__ops16_Iter_equals_valIKmEEET_SB_SB_T0_St26random_access_iterator_tag+0x1a8>
    97d6:	48 8d 45 e8          	lea    rax,[rbp-0x18]
    97da:	48 89 c7             	mov    rdi,rax
    97dd:	e8 c2 cf ff ff       	call   67a4 <_ZN9__gnu_cxx17__normal_iteratorIPmSt6vectorImSaImEEEppEv>
    97e2:	48 8b 55 e8          	mov    rdx,QWORD PTR [rbp-0x18]
    97e6:	48 8d 45 d8          	lea    rax,[rbp-0x28]
    97ea:	48 89 d6             	mov    rsi,rdx
    97ed:	48 89 c7             	mov    rdi,rax
    97f0:	e8 87 0a 00 00       	call   a27c <_ZN9__gnu_cxx5__ops16_Iter_equals_valIKmEclINS_17__normal_iteratorIPmSt6vectorImSaImEEEEEEbT_>
    97f5:	84 c0                	test   al,al
    97f7:	74 06                	je     97ff <_ZSt9__find_ifIN9__gnu_cxx17__normal_iteratorIPmSt6vectorImSaImEEEENS0_5__ops16_Iter_equals_valIKmEEET_SB_SB_T0_St26random_access_iterator_tag+0x16f>
    97f9:	48 8b 45 e8          	mov    rax,QWORD PTR [rbp-0x18]
    97fd:	eb 39                	jmp    9838 <_ZSt9__find_ifIN9__gnu_cxx17__normal_iteratorIPmSt6vectorImSaImEEEENS0_5__ops16_Iter_equals_valIKmEEET_SB_SB_T0_St26random_access_iterator_tag+0x1a8>
    97ff:	48 8d 45 e8          	lea    rax,[rbp-0x18]
    9803:	48 89 c7             	mov    rdi,rax
    9806:	e8 99 cf ff ff       	call   67a4 <_ZN9__gnu_cxx17__normal_iteratorIPmSt6vectorImSaImEEEppEv>
    980b:	48 8b 55 e8          	mov    rdx,QWORD PTR [rbp-0x18]
    980f:	48 8d 45 d8          	lea    rax,[rbp-0x28]
    9813:	48 89 d6             	mov    rsi,rdx
    9816:	48 89 c7             	mov    rdi,rax
    9819:	e8 5e 0a 00 00       	call   a27c <_ZN9__gnu_cxx5__ops16_Iter_equals_valIKmEclINS_17__normal_iteratorIPmSt6vectorImSaImEEEEEEbT_>
    981e:	84 c0                	test   al,al
    9820:	74 06                	je     9828 <_ZSt9__find_ifIN9__gnu_cxx17__normal_iteratorIPmSt6vectorImSaImEEEENS0_5__ops16_Iter_equals_valIKmEEET_SB_SB_T0_St26random_access_iterator_tag+0x198>
    9822:	48 8b 45 e8          	mov    rax,QWORD PTR [rbp-0x18]
    9826:	eb 10                	jmp    9838 <_ZSt9__find_ifIN9__gnu_cxx17__normal_iteratorIPmSt6vectorImSaImEEEENS0_5__ops16_Iter_equals_valIKmEEET_SB_SB_T0_St26random_access_iterator_tag+0x1a8>
    9828:	48 8d 45 e8          	lea    rax,[rbp-0x18]
    982c:	48 89 c7             	mov    rdi,rax
    982f:	e8 70 cf ff ff       	call   67a4 <_ZN9__gnu_cxx17__normal_iteratorIPmSt6vectorImSaImEEEppEv>
    9834:	48 8b 45 e0          	mov    rax,QWORD PTR [rbp-0x20]
    9838:	c9                   	leave
    9839:	c3                   	ret

000000000000983a <_ZNSt15__new_allocatorImE10deallocateEPmm>:
    983a:	f3 0f 1e fa          	endbr64
    983e:	55                   	push   rbp
    983f:	48 89 e5             	mov    rbp,rsp
    9842:	48 83 ec 20          	sub    rsp,0x20
    9846:	48 89 7d f8          	mov    QWORD PTR [rbp-0x8],rdi
    984a:	48 89 75 f0          	mov    QWORD PTR [rbp-0x10],rsi
    984e:	48 89 55 e8          	mov    QWORD PTR [rbp-0x18],rdx
    9852:	48 8b 45 f0          	mov    rax,QWORD PTR [rbp-0x10]
    9856:	48 89 c7             	mov    rdi,rax
    9859:	e8 f2 8c ff ff       	call   2550 <_ZdlPv@plt>
    985e:	90                   	nop
    985f:	c9                   	leave
    9860:	c3                   	ret

0000000000009861 <_ZNSt12_Destroy_auxILb1EE9__destroyIPmEEvT_S3_>:
    9861:	f3 0f 1e fa          	endbr64
    9865:	55                   	push   rbp
    9866:	48 89 e5             	mov    rbp,rsp
    9869:	48 89 7d f8          	mov    QWORD PTR [rbp-0x8],rdi
    986d:	48 89 75 f0          	mov    QWORD PTR [rbp-0x10],rsi
    9871:	90                   	nop
    9872:	5d                   	pop    rbp
    9873:	c3                   	ret

0000000000009874 <_ZNSt12_Vector_baseImSaImEEC1ERKS0_>:
    9874:	f3 0f 1e fa          	endbr64
    9878:	55                   	push   rbp
    9879:	48 89 e5             	mov    rbp,rsp
    987c:	48 83 ec 10          	sub    rsp,0x10
    9880:	48 89 7d f8          	mov    QWORD PTR [rbp-0x8],rdi
    9884:	48 89 75 f0          	mov    QWORD PTR [rbp-0x10],rsi
    9888:	48 8b 45 f8          	mov    rax,QWORD PTR [rbp-0x8]
    988c:	48 8b 55 f0          	mov    rdx,QWORD PTR [rbp-0x10]
    9890:	48 89 d6             	mov    rsi,rdx
    9893:	48 89 c7             	mov    rdi,rax
    9896:	e8 3d f3 ff ff       	call   8bd8 <_ZNSt12_Vector_baseImSaImEE12_Vector_implC1ERKS0_>
    989b:	90                   	nop
    989c:	c9                   	leave
    989d:	c3                   	ret

000000000000989e <_ZNSt12_Vector_baseImSaImEE17_Vector_impl_data12_M_copy_dataERKS2_>:
    989e:	f3 0f 1e fa          	endbr64
    98a2:	55                   	push   rbp
    98a3:	48 89 e5             	mov    rbp,rsp
    98a6:	48 89 7d f8          	mov    QWORD PTR [rbp-0x8],rdi
    98aa:	48 89 75 f0          	mov    QWORD PTR [rbp-0x10],rsi
    98ae:	48 8b 45 f0          	mov    rax,QWORD PTR [rbp-0x10]
    98b2:	48 8b 10             	mov    rdx,QWORD PTR [rax]
    98b5:	48 8b 45 f8          	mov    rax,QWORD PTR [rbp-0x8]
    98b9:	48 89 10             	mov    QWORD PTR [rax],rdx
    98bc:	48 8b 45 f0          	mov    rax,QWORD PTR [rbp-0x10]
    98c0:	48 8b 50 08          	mov    rdx,QWORD PTR [rax+0x8]
    98c4:	48 8b 45 f8          	mov    rax,QWORD PTR [rbp-0x8]
    98c8:	48 89 50 08          	mov    QWORD PTR [rax+0x8],rdx
    98cc:	48 8b 45 f0          	mov    rax,QWORD PTR [rbp-0x10]
    98d0:	48 8b 50 10          	mov    rdx,QWORD PTR [rax+0x10]
    98d4:	48 8b 45 f8          	mov    rax,QWORD PTR [rbp-0x8]
    98d8:	48 89 50 10          	mov    QWORD PTR [rax+0x10],rdx
    98dc:	90                   	nop
    98dd:	5d                   	pop    rbp
    98de:	c3                   	ret

00000000000098df <_ZSt3minImERKT_S2_S2_>:
    98df:	f3 0f 1e fa          	endbr64
    98e3:	55                   	push   rbp
    98e4:	48 89 e5             	mov    rbp,rsp
    98e7:	48 89 7d f8          	mov    QWORD PTR [rbp-0x8],rdi
    98eb:	48 89 75 f0          	mov    QWORD PTR [rbp-0x10],rsi
    98ef:	48 8b 45 f0          	mov    rax,QWORD PTR [rbp-0x10]
    98f3:	48 8b 10             	mov    rdx,QWORD PTR [rax]
    98f6:	48 8b 45 f8          	mov    rax,QWORD PTR [rbp-0x8]
    98fa:	48 8b 00             	mov    rax,QWORD PTR [rax]
    98fd:	48 39 c2             	cmp    rdx,rax
    9900:	73 06                	jae    9908 <_ZSt3minImERKT_S2_S2_+0x29>
    9902:	48 8b 45 f0          	mov    rax,QWORD PTR [rbp-0x10]
    9906:	eb 04                	jmp    990c <_ZSt3minImERKT_S2_S2_+0x2d>
    9908:	48 8b 45 f8          	mov    rax,QWORD PTR [rbp-0x8]
    990c:	5d                   	pop    rbp
    990d:	c3                   	ret

000000000000990e <_ZSt25__uninitialized_default_nIPmmET_S1_T0_>:
    990e:	f3 0f 1e fa          	endbr64
    9912:	55                   	push   rbp
    9913:	48 89 e5             	mov    rbp,rsp
    9916:	48 83 ec 20          	sub    rsp,0x20
    991a:	48 89 7d e8          	mov    QWORD PTR [rbp-0x18],rdi
    991e:	48 89 75 e0          	mov    QWORD PTR [rbp-0x20],rsi
    9922:	c6 45 ff 01          	mov    BYTE PTR [rbp-0x1],0x1
    9926:	48 8b 55 e0          	mov    rdx,QWORD PTR [rbp-0x20]
    992a:	48 8b 45 e8          	mov    rax,QWORD PTR [rbp-0x18]
    992e:	48 89 d6             	mov    rsi,rdx
    9931:	48 89 c7             	mov    rdi,rax
    9934:	e8 8a 09 00 00       	call   a2c3 <_ZNSt27__uninitialized_default_n_1ILb1EE18__uninit_default_nIPmmEET_S3_T0_>
    9939:	c9                   	leave
    993a:	c3                   	ret

000000000000993b <_ZNSt8__detail4_ModImLm4294967296ELm1ELm0ELb1ELb1EE6__calcEm>:
    993b:	f3 0f 1e fa          	endbr64
    993f:	55                   	push   rbp
    9940:	48 89 e5             	mov    rbp,rsp
    9943:	48 89 7d e8          	mov    QWORD PTR [rbp-0x18],rdi
    9947:	48 8b 45 e8          	mov    rax,QWORD PTR [rbp-0x18]
    994b:	48 89 45 f8          	mov    QWORD PTR [rbp-0x8],rax
    994f:	b8 ff ff ff ff       	mov    eax,0xffffffff
    9954:	48 21 45 f8          	and    QWORD PTR [rbp-0x8],rax
    9958:	48 8b 45 f8          	mov    rax,QWORD PTR [rbp-0x8]
    995c:	5d                   	pop    rbp
    995d:	c3                   	ret

000000000000995e <_ZNSt8__detail4_ModImLm624ELm1ELm0ELb1ELb1EE6__calcEm>:
    995e:	f3 0f 1e fa          	endbr64
    9962:	55                   	push   rbp
    9963:	48 89 e5             	mov    rbp,rsp
    9966:	48 89 7d e8          	mov    QWORD PTR [rbp-0x18],rdi
    996a:	48 8b 45 e8          	mov    rax,QWORD PTR [rbp-0x18]
    996e:	48 89 45 f8          	mov    QWORD PTR [rbp-0x8],rax
    9972:	48 8b 4d f8          	mov    rcx,QWORD PTR [rbp-0x8]
    9976:	48 89 c8             	mov    rax,rcx
    9979:	48 c1 e8 04          	shr    rax,0x4
    997d:	48 ba 21 0d d2 20 0d 	movabs rdx,0xd20d20d20d20d21
    9984:	d2 20 0d 
    9987:	48 f7 e2             	mul    rdx
    998a:	48 89 d0             	mov    rax,rdx
    998d:	48 d1 e8             	shr    rax,1
    9990:	48 69 c0 70 02 00 00 	imul   rax,rax,0x270
    9997:	48 29 c1             	sub    rcx,rax
    999a:	48 89 ca             	mov    rdx,rcx
    999d:	48 89 55 f8          	mov    QWORD PTR [rbp-0x8],rdx
    99a1:	48 8b 45 f8          	mov    rax,QWORD PTR [rbp-0x8]
    99a5:	5d                   	pop    rbp
    99a6:	c3                   	ret
    99a7:	90                   	nop

00000000000099a8 <_ZNSt4pairImmEC1ImmLb1EEEOT_OT0_>:
    99a8:	f3 0f 1e fa          	endbr64
    99ac:	55                   	push   rbp
    99ad:	48 89 e5             	mov    rbp,rsp
    99b0:	48 83 ec 20          	sub    rsp,0x20
    99b4:	48 89 7d f8          	mov    QWORD PTR [rbp-0x8],rdi
    99b8:	48 89 75 f0          	mov    QWORD PTR [rbp-0x10],rsi
    99bc:	48 89 55 e8          	mov    QWORD PTR [rbp-0x18],rdx
    99c0:	48 8b 45 f0          	mov    rax,QWORD PTR [rbp-0x10]
    99c4:	48 89 c7             	mov    rdi,rax
    99c7:	e8 05 ec ff ff       	call   85d1 <_ZSt7forwardImEOT_RNSt16remove_referenceIS0_E4typeE>
    99cc:	48 8b 10             	mov    rdx,QWORD PTR [rax]
    99cf:	48 8b 45 f8          	mov    rax,QWORD PTR [rbp-0x8]
    99d3:	48 89 10             	mov    QWORD PTR [rax],rdx
    99d6:	48 8b 45 e8          	mov    rax,QWORD PTR [rbp-0x18]
    99da:	48 89 c7             	mov    rdi,rax
    99dd:	e8 ef eb ff ff       	call   85d1 <_ZSt7forwardImEOT_RNSt16remove_referenceIS0_E4typeE>
    99e2:	48 8b 10             	mov    rdx,QWORD PTR [rax]
    99e5:	48 8b 45 f8          	mov    rax,QWORD PTR [rbp-0x8]
    99e9:	48 89 50 08          	mov    QWORD PTR [rax+0x8],rdx
    99ed:	90                   	nop
    99ee:	c9                   	leave
    99ef:	c3                   	ret

00000000000099f0 <_ZNSt23mersenne_twister_engineImLm32ELm624ELm397ELm31ELm2567483615ELm11ELm4294967295ELm7ELm2636928640ELm15ELm4022730752ELm18ELm1812433253EE11_M_gen_randEv>:
    99f0:	f3 0f 1e fa          	endbr64
    99f4:	55                   	push   rbp
    99f5:	48 89 e5             	mov    rbp,rsp
    99f8:	48 89 7d b8          	mov    QWORD PTR [rbp-0x48],rdi
    99fc:	48 c7 45 d8 00 00 00 	mov    QWORD PTR [rbp-0x28],0xffffffff80000000
    9a03:	80 
    9a04:	48 c7 45 e0 ff ff ff 	mov    QWORD PTR [rbp-0x20],0x7fffffff
    9a0b:	7f 
    9a0c:	48 c7 45 c8 00 00 00 	mov    QWORD PTR [rbp-0x38],0x0
    9a13:	00 
    9a14:	eb 7d                	jmp    9a93 <_ZNSt23mersenne_twister_engineImLm32ELm624ELm397ELm31ELm2567483615ELm11ELm4294967295ELm7ELm2636928640ELm15ELm4022730752ELm18ELm1812433253EE11_M_gen_randEv+0xa3>
    9a16:	48 8b 45 b8          	mov    rax,QWORD PTR [rbp-0x48]
    9a1a:	48 8b 55 c8          	mov    rdx,QWORD PTR [rbp-0x38]
    9a1e:	48 8b 04 d0          	mov    rax,QWORD PTR [rax+rdx*8]
    9a22:	48 25 00 00 00 80    	and    rax,0xffffffff80000000
    9a28:	48 89 c1             	mov    rcx,rax
    9a2b:	48 8b 45 c8          	mov    rax,QWORD PTR [rbp-0x38]
    9a2f:	48 8d 50 01          	lea    rdx,[rax+0x1]
    9a33:	48 8b 45 b8          	mov    rax,QWORD PTR [rbp-0x48]
    9a37:	48 8b 04 d0          	mov    rax,QWORD PTR [rax+rdx*8]
    9a3b:	25 ff ff ff 7f       	and    eax,0x7fffffff
    9a40:	48 09 c8             	or     rax,rcx
    9a43:	48 89 45 f8          	mov    QWORD PTR [rbp-0x8],rax
    9a47:	48 8b 45 c8          	mov    rax,QWORD PTR [rbp-0x38]
    9a4b:	48 8d 90 8d 01 00 00 	lea    rdx,[rax+0x18d]
    9a52:	48 8b 45 b8          	mov    rax,QWORD PTR [rbp-0x48]
    9a56:	48 8b 04 d0          	mov    rax,QWORD PTR [rax+rdx*8]
    9a5a:	48 8b 55 f8          	mov    rdx,QWORD PTR [rbp-0x8]
    9a5e:	48 d1 ea             	shr    rdx,1
    9a61:	48 31 c2             	xor    rdx,rax
    9a64:	48 8b 45 f8          	mov    rax,QWORD PTR [rbp-0x8]
    9a68:	83 e0 01             	and    eax,0x1
    9a6b:	48 85 c0             	test   rax,rax
    9a6e:	74 07                	je     9a77 <_ZNSt23mersenne_twister_engineImLm32ELm624ELm397ELm31ELm2567483615ELm11ELm4294967295ELm7ELm2636928640ELm15ELm4022730752ELm18ELm1812433253EE11_M_gen_randEv+0x87>
    9a70:	b8 df b0 08 99       	mov    eax,0x9908b0df
    9a75:	eb 05                	jmp    9a7c <_ZNSt23mersenne_twister_engineImLm32ELm624ELm397ELm31ELm2567483615ELm11ELm4294967295ELm7ELm2636928640ELm15ELm4022730752ELm18ELm1812433253EE11_M_gen_randEv+0x8c>
    9a77:	b8 00 00 00 00       	mov    eax,0x0
    9a7c:	48 31 d0             	xor    rax,rdx
    9a7f:	48 89 c1             	mov    rcx,rax
    9a82:	48 8b 45 b8          	mov    rax,QWORD PTR [rbp-0x48]
    9a86:	48 8b 55 c8          	mov    rdx,QWORD PTR [rbp-0x38]
    9a8a:	48 89 0c d0          	mov    QWORD PTR [rax+rdx*8],rcx
    9a8e:	48 83 45 c8 01       	add    QWORD PTR [rbp-0x38],0x1
    9a93:	48 81 7d c8 e2 00 00 	cmp    QWORD PTR [rbp-0x38],0xe2
    9a9a:	00 
    9a9b:	0f 86 75 ff ff ff    	jbe    9a16 <_ZNSt23mersenne_twister_engineImLm32ELm624ELm397ELm31ELm2567483615ELm11ELm4294967295ELm7ELm2636928640ELm15ELm4022730752ELm18ELm1812433253EE11_M_gen_randEv+0x26>
    9aa1:	48 c7 45 d0 e3 00 00 	mov    QWORD PTR [rbp-0x30],0xe3
    9aa8:	00 
    9aa9:	eb 7d                	jmp    9b28 <_ZNSt23mersenne_twister_engineImLm32ELm624ELm397ELm31ELm2567483615ELm11ELm4294967295ELm7ELm2636928640ELm15ELm4022730752ELm18ELm1812433253EE11_M_gen_randEv+0x138>
    9aab:	48 8b 45 b8          	mov    rax,QWORD PTR [rbp-0x48]
    9aaf:	48 8b 55 d0          	mov    rdx,QWORD PTR [rbp-0x30]
    9ab3:	48 8b 04 d0          	mov    rax,QWORD PTR [rax+rdx*8]
    9ab7:	48 25 00 00 00 80    	and    rax,0xffffffff80000000
    9abd:	48 89 c1             	mov    rcx,rax
    9ac0:	48 8b 45 d0          	mov    rax,QWORD PTR [rbp-0x30]
    9ac4:	48 8d 50 01          	lea    rdx,[rax+0x1]
    9ac8:	48 8b 45 b8          	mov    rax,QWORD PTR [rbp-0x48]
    9acc:	48 8b 04 d0          	mov    rax,QWORD PTR [rax+rdx*8]
    9ad0:	25 ff ff ff 7f       	and    eax,0x7fffffff
    9ad5:	48 09 c8             	or     rax,rcx
    9ad8:	48 89 45 f0          	mov    QWORD PTR [rbp-0x10],rax
    9adc:	48 8b 45 d0          	mov    rax,QWORD PTR [rbp-0x30]
    9ae0:	48 8d 90 1d ff ff ff 	lea    rdx,[rax-0xe3]
    9ae7:	48 8b 45 b8          	mov    rax,QWORD PTR [rbp-0x48]
    9aeb:	48 8b 04 d0          	mov    rax,QWORD PTR [rax+rdx*8]
    9aef:	48 8b 55 f0          	mov    rdx,QWORD PTR [rbp-0x10]
    9af3:	48 d1 ea             	shr    rdx,1
    9af6:	48 31 c2             	xor    rdx,rax
    9af9:	48 8b 45 f0          	mov    rax,QWORD PTR [rbp-0x10]
    9afd:	83 e0 01             	and    eax,0x1
    9b00:	48 85 c0             	test   rax,rax
    9b03:	74 07                	je     9b0c <_ZNSt23mersenne_twister_engineImLm32ELm624ELm397ELm31ELm2567483615ELm11ELm4294967295ELm7ELm2636928640ELm15ELm4022730752ELm18ELm1812433253EE11_M_gen_randEv+0x11c>
    9b05:	b8 df b0 08 99       	mov    eax,0x9908b0df
    9b0a:	eb 05                	jmp    9b11 <_ZNSt23mersenne_twister_engineImLm32ELm624ELm397ELm31ELm2567483615ELm11ELm4294967295ELm7ELm2636928640ELm15ELm4022730752ELm18ELm1812433253EE11_M_gen_randEv+0x121>
    9b0c:	b8 00 00 00 00       	mov    eax,0x0
    9b11:	48 31 d0             	xor    rax,rdx
    9b14:	48 89 c1             	mov    rcx,rax
    9b17:	48 8b 45 b8          	mov    rax,QWORD PTR [rbp-0x48]
    9b1b:	48 8b 55 d0          	mov    rdx,QWORD PTR [rbp-0x30]
    9b1f:	48 89 0c d0          	mov    QWORD PTR [rax+rdx*8],rcx
    9b23:	48 83 45 d0 01       	add    QWORD PTR [rbp-0x30],0x1
    9b28:	48 81 7d d0 6e 02 00 	cmp    QWORD PTR [rbp-0x30],0x26e
    9b2f:	00 
    9b30:	0f 86 75 ff ff ff    	jbe    9aab <_ZNSt23mersenne_twister_engineImLm32ELm624ELm397ELm31ELm2567483615ELm11ELm4294967295ELm7ELm2636928640ELm15ELm4022730752ELm18ELm1812433253EE11_M_gen_randEv+0xbb>
    9b36:	48 8b 45 b8          	mov    rax,QWORD PTR [rbp-0x48]
    9b3a:	48 8b 80 78 13 00 00 	mov    rax,QWORD PTR [rax+0x1378]
    9b41:	48 25 00 00 00 80    	and    rax,0xffffffff80000000
    9b47:	48 89 c2             	mov    rdx,rax
    9b4a:	48 8b 45 b8          	mov    rax,QWORD PTR [rbp-0x48]
    9b4e:	48 8b 00             	mov    rax,QWORD PTR [rax]
    9b51:	25 ff ff ff 7f       	and    eax,0x7fffffff
    9b56:	48 09 d0             	or     rax,rdx
    9b59:	48 89 45 e8          	mov    QWORD PTR [rbp-0x18],rax
    9b5d:	48 8b 45 b8          	mov    rax,QWORD PTR [rbp-0x48]
    9b61:	48 8b 80 60 0c 00 00 	mov    rax,QWORD PTR [rax+0xc60]
    9b68:	48 8b 55 e8          	mov    rdx,QWORD PTR [rbp-0x18]
    9b6c:	48 d1 ea             	shr    rdx,1
    9b6f:	48 31 c2             	xor    rdx,rax
    9b72:	48 8b 45 e8          	mov    rax,QWORD PTR [rbp-0x18]
    9b76:	83 e0 01             	and    eax,0x1
    9b79:	48 85 c0             	test   rax,rax
    9b7c:	74 07                	je     9b85 <_ZNSt23mersenne_twister_engineImLm32ELm624ELm397ELm31ELm2567483615ELm11ELm4294967295ELm7ELm2636928640ELm15ELm4022730752ELm18ELm1812433253EE11_M_gen_randEv+0x195>
    9b7e:	b8 df b0 08 99       	mov    eax,0x9908b0df
    9b83:	eb 05                	jmp    9b8a <_ZNSt23mersenne_twister_engineImLm32ELm624ELm397ELm31ELm2567483615ELm11ELm4294967295ELm7ELm2636928640ELm15ELm4022730752ELm18ELm1812433253EE11_M_gen_randEv+0x19a>
    9b85:	b8 00 00 00 00       	mov    eax,0x0
    9b8a:	48 31 c2             	xor    rdx,rax
    9b8d:	48 8b 45 b8          	mov    rax,QWORD PTR [rbp-0x48]
    9b91:	48 89 90 78 13 00 00 	mov    QWORD PTR [rax+0x1378],rdx
    9b98:	48 8b 45 b8          	mov    rax,QWORD PTR [rbp-0x48]
    9b9c:	48 c7 80 80 13 00 00 	mov    QWORD PTR [rax+0x1380],0x0
    9ba3:	00 00 00 00 
    9ba7:	90                   	nop
    9ba8:	5d                   	pop    rbp
    9ba9:	c3                   	ret

0000000000009baa <_ZNSt6vectorImSaImEE16_Temporary_value8_StorageC1Ev>:
    9baa:	f3 0f 1e fa          	endbr64
    9bae:	55                   	push   rbp
    9baf:	48 89 e5             	mov    rbp,rsp
    9bb2:	48 89 7d f8          	mov    QWORD PTR [rbp-0x8],rdi
    9bb6:	48 8b 45 f8          	mov    rax,QWORD PTR [rbp-0x8]
    9bba:	c6 00 00             	mov    BYTE PTR [rax],0x0
    9bbd:	90                   	nop
    9bbe:	5d                   	pop    rbp
    9bbf:	c3                   	ret

0000000000009bc0 <_ZNSt6vectorImSaImEE16_Temporary_value8_StorageD1Ev>:
    9bc0:	f3 0f 1e fa          	endbr64
    9bc4:	55                   	push   rbp
    9bc5:	48 89 e5             	mov    rbp,rsp
    9bc8:	48 89 7d f8          	mov    QWORD PTR [rbp-0x8],rdi
    9bcc:	90                   	nop
    9bcd:	5d                   	pop    rbp
    9bce:	c3                   	ret
    9bcf:	90                   	nop

0000000000009bd0 <_ZNSt6vectorImSaImEE16_Temporary_value6_M_ptrEv>:
    9bd0:	f3 0f 1e fa          	endbr64
    9bd4:	55                   	push   rbp
    9bd5:	48 89 e5             	mov    rbp,rsp
    9bd8:	48 83 ec 10          	sub    rsp,0x10
    9bdc:	48 89 7d f8          	mov    QWORD PTR [rbp-0x8],rdi
    9be0:	48 8b 45 f8          	mov    rax,QWORD PTR [rbp-0x8]
    9be4:	48 83 c0 08          	add    rax,0x8
    9be8:	48 89 c7             	mov    rdi,rax
    9beb:	e8 34 07 00 00       	call   a324 <_ZSt11__addressofImEPT_RS0_>
    9bf0:	c9                   	leave
    9bf1:	c3                   	ret

0000000000009bf2 <_ZSt18make_move_iteratorIPmESt13move_iteratorIT_ES2_>:
    9bf2:	f3 0f 1e fa          	endbr64
    9bf6:	55                   	push   rbp
    9bf7:	48 89 e5             	mov    rbp,rsp
    9bfa:	48 83 ec 20          	sub    rsp,0x20
    9bfe:	48 89 7d e8          	mov    QWORD PTR [rbp-0x18],rdi
    9c02:	64 48 8b 04 25 28 00 	mov    rax,QWORD PTR fs:0x28
    9c09:	00 00 
    9c0b:	48 89 45 f8          	mov    QWORD PTR [rbp-0x8],rax
    9c0f:	31 c0                	xor    eax,eax
    9c11:	48 8d 45 e8          	lea    rax,[rbp-0x18]
    9c15:	48 89 c7             	mov    rdi,rax
    9c18:	e8 19 07 00 00       	call   a336 <_ZSt4moveIRPmEONSt16remove_referenceIT_E4typeEOS3_>
    9c1d:	48 8b 10             	mov    rdx,QWORD PTR [rax]
    9c20:	48 8d 45 f0          	lea    rax,[rbp-0x10]
    9c24:	48 89 d6             	mov    rsi,rdx
    9c27:	48 89 c7             	mov    rdi,rax
    9c2a:	e8 19 07 00 00       	call   a348 <_ZNSt13move_iteratorIPmEC1ES0_>
    9c2f:	48 8b 45 f0          	mov    rax,QWORD PTR [rbp-0x10]
    9c33:	48 8b 55 f8          	mov    rdx,QWORD PTR [rbp-0x8]
    9c37:	64 48 2b 14 25 28 00 	sub    rdx,QWORD PTR fs:0x28
    9c3e:	00 00 
    9c40:	74 05                	je     9c47 <_ZSt18make_move_iteratorIPmESt13move_iteratorIT_ES2_+0x55>
    9c42:	e8 59 89 ff ff       	call   25a0 <__stack_chk_fail@plt>
    9c47:	c9                   	leave
    9c48:	c3                   	ret

0000000000009c49 <_ZSt22__uninitialized_copy_aISt13move_iteratorIPmES1_mET0_T_S4_S3_RSaIT1_E>:
    9c49:	f3 0f 1e fa          	endbr64
    9c4d:	55                   	push   rbp
    9c4e:	48 89 e5             	mov    rbp,rsp
    9c51:	48 83 ec 20          	sub    rsp,0x20
    9c55:	48 89 7d f8          	mov    QWORD PTR [rbp-0x8],rdi
    9c59:	48 89 75 f0          	mov    QWORD PTR [rbp-0x10],rsi
    9c5d:	48 89 55 e8          	mov    QWORD PTR [rbp-0x18],rdx
    9c61:	48 89 4d e0          	mov    QWORD PTR [rbp-0x20],rcx
    9c65:	48 8b 55 e8          	mov    rdx,QWORD PTR [rbp-0x18]
    9c69:	48 8b 4d f0          	mov    rcx,QWORD PTR [rbp-0x10]
    9c6d:	48 8b 45 f8          	mov    rax,QWORD PTR [rbp-0x8]
    9c71:	48 89 ce             	mov    rsi,rcx
    9c74:	48 89 c7             	mov    rdi,rax
    9c77:	e8 f9 06 00 00       	call   a375 <_ZSt18uninitialized_copyISt13move_iteratorIPmES1_ET0_T_S4_S3_>
    9c7c:	c9                   	leave
    9c7d:	c3                   	ret

0000000000009c7e <_ZSt22__copy_move_backward_aILb1EPmS0_ET1_T0_S2_S1_>:
    9c7e:	f3 0f 1e fa          	endbr64
    9c82:	55                   	push   rbp
    9c83:	48 89 e5             	mov    rbp,rsp
    9c86:	41 54                	push   r12
    9c88:	53                   	push   rbx
    9c89:	48 83 ec 20          	sub    rsp,0x20
    9c8d:	48 89 7d e8          	mov    QWORD PTR [rbp-0x18],rdi
    9c91:	48 89 75 e0          	mov    QWORD PTR [rbp-0x20],rsi
    9c95:	48 89 55 d8          	mov    QWORD PTR [rbp-0x28],rdx
    9c99:	48 8b 45 d8          	mov    rax,QWORD PTR [rbp-0x28]
    9c9d:	48 89 c7             	mov    rdi,rax
    9ca0:	e8 4c 05 00 00       	call   a1f1 <_ZSt12__niter_baseIPmET_S1_>
    9ca5:	49 89 c4             	mov    r12,rax
    9ca8:	48 8b 45 e0          	mov    rax,QWORD PTR [rbp-0x20]
    9cac:	48 89 c7             	mov    rdi,rax
    9caf:	e8 3d 05 00 00       	call   a1f1 <_ZSt12__niter_baseIPmET_S1_>
    9cb4:	48 89 c3             	mov    rbx,rax
    9cb7:	48 8b 45 e8          	mov    rax,QWORD PTR [rbp-0x18]
    9cbb:	48 89 c7             	mov    rdi,rax
    9cbe:	e8 2e 05 00 00       	call   a1f1 <_ZSt12__niter_baseIPmET_S1_>
    9cc3:	4c 89 e2             	mov    rdx,r12
    9cc6:	48 89 de             	mov    rsi,rbx
    9cc9:	48 89 c7             	mov    rdi,rax
    9ccc:	e8 dd 06 00 00       	call   a3ae <_ZSt23__copy_move_backward_a1ILb1EPmS0_ET1_T0_S2_S1_>
    9cd1:	48 89 c2             	mov    rdx,rax
    9cd4:	48 8d 45 d8          	lea    rax,[rbp-0x28]
    9cd8:	48 89 d6             	mov    rsi,rdx
    9cdb:	48 89 c7             	mov    rdi,rax
    9cde:	e8 51 05 00 00       	call   a234 <_ZSt12__niter_wrapIPmET_RKS1_S1_>
    9ce3:	48 83 c4 20          	add    rsp,0x20
    9ce7:	5b                   	pop    rbx
    9ce8:	41 5c                	pop    r12
    9cea:	5d                   	pop    rbp
    9ceb:	c3                   	ret

0000000000009cec <_ZSt8__fill_aIPmmEvT_S1_RKT0_>:
    9cec:	f3 0f 1e fa          	endbr64
    9cf0:	55                   	push   rbp
    9cf1:	48 89 e5             	mov    rbp,rsp
    9cf4:	48 83 ec 20          	sub    rsp,0x20
    9cf8:	48 89 7d f8          	mov    QWORD PTR [rbp-0x8],rdi
    9cfc:	48 89 75 f0          	mov    QWORD PTR [rbp-0x10],rsi
    9d00:	48 89 55 e8          	mov    QWORD PTR [rbp-0x18],rdx
    9d04:	48 8b 55 e8          	mov    rdx,QWORD PTR [rbp-0x18]
    9d08:	48 8b 4d f0          	mov    rcx,QWORD PTR [rbp-0x10]
    9d0c:	48 8b 45 f8          	mov    rax,QWORD PTR [rbp-0x8]
    9d10:	48 89 ce             	mov    rsi,rcx
    9d13:	48 89 c7             	mov    rdi,rax
    9d16:	e8 c4 06 00 00       	call   a3df <_ZSt9__fill_a1IPmmEN9__gnu_cxx11__enable_ifIXsrSt11__is_scalarIT0_E7__valueEvE6__typeET_S8_RKS4_>
    9d1b:	90                   	nop
    9d1c:	c9                   	leave
    9d1d:	c3                   	ret

0000000000009d1e <_ZSt20uninitialized_fill_nIPmmmET_S1_T0_RKT1_>:
    9d1e:	f3 0f 1e fa          	endbr64
    9d22:	55                   	push   rbp
    9d23:	48 89 e5             	mov    rbp,rsp
    9d26:	48 83 ec 30          	sub    rsp,0x30
    9d2a:	48 89 7d e8          	mov    QWORD PTR [rbp-0x18],rdi
    9d2e:	48 89 75 e0          	mov    QWORD PTR [rbp-0x20],rsi
    9d32:	48 89 55 d8          	mov    QWORD PTR [rbp-0x28],rdx
    9d36:	c6 45 ff 01          	mov    BYTE PTR [rbp-0x1],0x1
    9d3a:	48 8b 55 d8          	mov    rdx,QWORD PTR [rbp-0x28]
    9d3e:	48 8b 4d e0          	mov    rcx,QWORD PTR [rbp-0x20]
    9d42:	48 8b 45 e8          	mov    rax,QWORD PTR [rbp-0x18]
    9d46:	48 89 ce             	mov    rsi,rcx
    9d49:	48 89 c7             	mov    rdi,rax
    9d4c:	e8 cd 06 00 00       	call   a41e <_ZNSt22__uninitialized_fill_nILb1EE15__uninit_fill_nIPmmmEET_S3_T0_RKT1_>
    9d51:	c9                   	leave
    9d52:	c3                   	ret
    9d53:	90                   	nop

0000000000009d54 <_ZNKSt6vectorImSaImEE8max_sizeEv>:
    9d54:	f3 0f 1e fa          	endbr64
    9d58:	55                   	push   rbp
    9d59:	48 89 e5             	mov    rbp,rsp
    9d5c:	48 83 ec 10          	sub    rsp,0x10
    9d60:	48 89 7d f8          	mov    QWORD PTR [rbp-0x8],rdi
    9d64:	48 8b 45 f8          	mov    rax,QWORD PTR [rbp-0x8]
    9d68:	48 89 c7             	mov    rdi,rax
    9d6b:	e8 0a e6 ff ff       	call   837a <_ZNKSt12_Vector_baseImSaImEE19_M_get_Tp_allocatorEv>
    9d70:	48 89 c7             	mov    rdi,rax
    9d73:	e8 df ed ff ff       	call   8b57 <_ZNSt6vectorImSaImEE11_S_max_sizeERKS0_>
    9d78:	c9                   	leave
    9d79:	c3                   	ret

0000000000009d7a <_ZSt3maxImERKT_S2_S2_>:
    9d7a:	f3 0f 1e fa          	endbr64
    9d7e:	55                   	push   rbp
    9d7f:	48 89 e5             	mov    rbp,rsp
    9d82:	48 89 7d f8          	mov    QWORD PTR [rbp-0x8],rdi
    9d86:	48 89 75 f0          	mov    QWORD PTR [rbp-0x10],rsi
    9d8a:	48 8b 45 f8          	mov    rax,QWORD PTR [rbp-0x8]
    9d8e:	48 8b 10             	mov    rdx,QWORD PTR [rax]
    9d91:	48 8b 45 f0          	mov    rax,QWORD PTR [rbp-0x10]
    9d95:	48 8b 00             	mov    rax,QWORD PTR [rax]
    9d98:	48 39 c2             	cmp    rdx,rax
    9d9b:	73 06                	jae    9da3 <_ZSt3maxImERKT_S2_S2_+0x29>
    9d9d:	48 8b 45 f0          	mov    rax,QWORD PTR [rbp-0x10]
    9da1:	eb 04                	jmp    9da7 <_ZSt3maxImERKT_S2_S2_+0x2d>
    9da3:	48 8b 45 f8          	mov    rax,QWORD PTR [rbp-0x8]
    9da7:	5d                   	pop    rbp
    9da8:	c3                   	ret

0000000000009da9 <_ZSt32__make_move_if_noexcept_iteratorImSt13move_iteratorIPmEET0_PT_>:
    9da9:	f3 0f 1e fa          	endbr64
    9dad:	55                   	push   rbp
    9dae:	48 89 e5             	mov    rbp,rsp
    9db1:	48 83 ec 20          	sub    rsp,0x20
    9db5:	48 89 7d e8          	mov    QWORD PTR [rbp-0x18],rdi
    9db9:	64 48 8b 04 25 28 00 	mov    rax,QWORD PTR fs:0x28
    9dc0:	00 00 
    9dc2:	48 89 45 f8          	mov    QWORD PTR [rbp-0x8],rax
    9dc6:	31 c0                	xor    eax,eax
    9dc8:	48 8b 55 e8          	mov    rdx,QWORD PTR [rbp-0x18]
    9dcc:	48 8d 45 f0          	lea    rax,[rbp-0x10]
    9dd0:	48 89 d6             	mov    rsi,rdx
    9dd3:	48 89 c7             	mov    rdi,rax
    9dd6:	e8 6d 05 00 00       	call   a348 <_ZNSt13move_iteratorIPmEC1ES0_>
    9ddb:	48 8b 45 f0          	mov    rax,QWORD PTR [rbp-0x10]
    9ddf:	48 8b 55 f8          	mov    rdx,QWORD PTR [rbp-0x8]
    9de3:	64 48 2b 14 25 28 00 	sub    rdx,QWORD PTR fs:0x28
    9dea:	00 00 
    9dec:	74 05                	je     9df3 <_ZSt32__make_move_if_noexcept_iteratorImSt13move_iteratorIPmEET0_PT_+0x4a>
    9dee:	e8 ad 87 ff ff       	call   25a0 <__stack_chk_fail@plt>
    9df3:	c9                   	leave
    9df4:	c3                   	ret

0000000000009df5 <_ZNSt6vectorImSaImEE14_S_do_relocateEPmS2_S2_RS0_St17integral_constantIbLb1EE>:
    9df5:	f3 0f 1e fa          	endbr64
    9df9:	55                   	push   rbp
    9dfa:	48 89 e5             	mov    rbp,rsp
    9dfd:	48 83 ec 20          	sub    rsp,0x20
    9e01:	48 89 7d f8          	mov    QWORD PTR [rbp-0x8],rdi
    9e05:	48 89 75 f0          	mov    QWORD PTR [rbp-0x10],rsi
    9e09:	48 89 55 e8          	mov    QWORD PTR [rbp-0x18],rdx
    9e0d:	48 89 4d e0          	mov    QWORD PTR [rbp-0x20],rcx
    9e11:	48 8b 4d e0          	mov    rcx,QWORD PTR [rbp-0x20]
    9e15:	48 8b 55 e8          	mov    rdx,QWORD PTR [rbp-0x18]
    9e19:	48 8b 75 f0          	mov    rsi,QWORD PTR [rbp-0x10]
    9e1d:	48 8b 45 f8          	mov    rax,QWORD PTR [rbp-0x8]
    9e21:	48 89 c7             	mov    rdi,rax
    9e24:	e8 91 06 00 00       	call   a4ba <_ZSt12__relocate_aIPmS0_SaImEET0_T_S3_S2_RT1_>
    9e29:	c9                   	leave
    9e2a:	c3                   	ret

0000000000009e2b <_ZSt14__partial_sortIN9__gnu_cxx17__normal_iteratorIPmSt6vectorImSaImEEEENS0_5__ops15_Iter_less_iterEEvT_S9_S9_T0_>:
    9e2b:	f3 0f 1e fa          	endbr64
    9e2f:	55                   	push   rbp
    9e30:	48 89 e5             	mov    rbp,rsp
    9e33:	48 83 ec 20          	sub    rsp,0x20
    9e37:	48 89 7d f8          	mov    QWORD PTR [rbp-0x8],rdi
    9e3b:	48 89 75 f0          	mov    QWORD PTR [rbp-0x10],rsi
    9e3f:	48 89 55 e8          	mov    QWORD PTR [rbp-0x18],rdx
    9e43:	48 8b 55 e8          	mov    rdx,QWORD PTR [rbp-0x18]
    9e47:	48 8b 4d f0          	mov    rcx,QWORD PTR [rbp-0x10]
    9e4b:	48 8b 45 f8          	mov    rax,QWORD PTR [rbp-0x8]
    9e4f:	48 89 ce             	mov    rsi,rcx
    9e52:	48 89 c7             	mov    rdi,rax
    9e55:	e8 c7 06 00 00       	call   a521 <_ZSt13__heap_selectIN9__gnu_cxx17__normal_iteratorIPmSt6vectorImSaImEEEENS0_5__ops15_Iter_less_iterEEvT_S9_S9_T0_>
    9e5a:	48 8d 55 e7          	lea    rdx,[rbp-0x19]
    9e5e:	48 8b 4d f0          	mov    rcx,QWORD PTR [rbp-0x10]
    9e62:	48 8b 45 f8          	mov    rax,QWORD PTR [rbp-0x8]
    9e66:	48 89 ce             	mov    rsi,rcx
    9e69:	48 89 c7             	mov    rdi,rax
    9e6c:	e8 65 07 00 00       	call   a5d6 <_ZSt11__sort_heapIN9__gnu_cxx17__normal_iteratorIPmSt6vectorImSaImEEEENS0_5__ops15_Iter_less_iterEEvT_S9_RT0_>
    9e71:	90                   	nop
    9e72:	c9                   	leave
    9e73:	c3                   	ret

0000000000009e74 <_ZSt27__unguarded_partition_pivotIN9__gnu_cxx17__normal_iteratorIPmSt6vectorImSaImEEEENS0_5__ops15_Iter_less_iterEET_S9_S9_T0_>:
    9e74:	f3 0f 1e fa          	endbr64
    9e78:	55                   	push   rbp
    9e79:	48 89 e5             	mov    rbp,rsp
    9e7c:	53                   	push   rbx
    9e7d:	48 83 ec 38          	sub    rsp,0x38
    9e81:	48 89 7d d8          	mov    QWORD PTR [rbp-0x28],rdi
    9e85:	48 89 75 d0          	mov    QWORD PTR [rbp-0x30],rsi
    9e89:	64 48 8b 04 25 28 00 	mov    rax,QWORD PTR fs:0x28
    9e90:	00 00 
    9e92:	48 89 45 e8          	mov    QWORD PTR [rbp-0x18],rax
    9e96:	31 c0                	xor    eax,eax
    9e98:	48 8d 55 d8          	lea    rdx,[rbp-0x28]
    9e9c:	48 8d 45 d0          	lea    rax,[rbp-0x30]
    9ea0:	48 89 d6             	mov    rsi,rdx
    9ea3:	48 89 c7             	mov    rdi,rax
    9ea6:	e8 37 d3 ff ff       	call   71e2 <_ZN9__gnu_cxxmiIPmSt6vectorImSaImEEEENS_17__normal_iteratorIT_T0_E15difference_typeERKS8_SB_>
    9eab:	48 89 c2             	mov    rdx,rax
    9eae:	48 c1 ea 3f          	shr    rdx,0x3f
    9eb2:	48 01 d0             	add    rax,rdx
    9eb5:	48 d1 f8             	sar    rax,1
    9eb8:	48 89 c2             	mov    rdx,rax
    9ebb:	48 8d 45 d8          	lea    rax,[rbp-0x28]
    9ebf:	48 89 d6             	mov    rsi,rdx
    9ec2:	48 89 c7             	mov    rdi,rax
    9ec5:	e8 5e d3 ff ff       	call   7228 <_ZNK9__gnu_cxx17__normal_iteratorIPmSt6vectorImSaImEEEplEl>
    9eca:	48 89 45 e0          	mov    QWORD PTR [rbp-0x20],rax
    9ece:	48 8d 45 d0          	lea    rax,[rbp-0x30]
    9ed2:	be 01 00 00 00       	mov    esi,0x1
    9ed7:	48 89 c7             	mov    rdi,rax
    9eda:	e8 57 07 00 00       	call   a636 <_ZNK9__gnu_cxx17__normal_iteratorIPmSt6vectorImSaImEEEmiEl>
    9edf:	48 89 c3             	mov    rbx,rax
    9ee2:	48 8d 45 d8          	lea    rax,[rbp-0x28]
    9ee6:	be 01 00 00 00       	mov    esi,0x1
    9eeb:	48 89 c7             	mov    rdi,rax
    9eee:	e8 35 d3 ff ff       	call   7228 <_ZNK9__gnu_cxx17__normal_iteratorIPmSt6vectorImSaImEEEplEl>
    9ef3:	48 89 c6             	mov    rsi,rax
    9ef6:	48 8b 55 e0          	mov    rdx,QWORD PTR [rbp-0x20]
    9efa:	48 8b 45 d8          	mov    rax,QWORD PTR [rbp-0x28]
    9efe:	48 89 d9             	mov    rcx,rbx
    9f01:	48 89 c7             	mov    rdi,rax
    9f04:	e8 96 07 00 00       	call   a69f <_ZSt22__move_median_to_firstIN9__gnu_cxx17__normal_iteratorIPmSt6vectorImSaImEEEENS0_5__ops15_Iter_less_iterEEvT_S9_S9_S9_T0_>
    9f09:	48 8d 45 d8          	lea    rax,[rbp-0x28]
    9f0d:	be 01 00 00 00       	mov    esi,0x1
    9f12:	48 89 c7             	mov    rdi,rax
    9f15:	e8 0e d3 ff ff       	call   7228 <_ZNK9__gnu_cxx17__normal_iteratorIPmSt6vectorImSaImEEEplEl>
    9f1a:	48 89 c1             	mov    rcx,rax
    9f1d:	48 8b 55 d8          	mov    rdx,QWORD PTR [rbp-0x28]
    9f21:	48 8b 45 d0          	mov    rax,QWORD PTR [rbp-0x30]
    9f25:	48 89 c6             	mov    rsi,rax
    9f28:	48 89 cf             	mov    rdi,rcx
    9f2b:	e8 97 08 00 00       	call   a7c7 <_ZSt21__unguarded_partitionIN9__gnu_cxx17__normal_iteratorIPmSt6vectorImSaImEEEENS0_5__ops15_Iter_less_iterEET_S9_S9_S9_T0_>
    9f30:	48 8b 55 e8          	mov    rdx,QWORD PTR [rbp-0x18]
    9f34:	64 48 2b 14 25 28 00 	sub    rdx,QWORD PTR fs:0x28
    9f3b:	00 00 
    9f3d:	74 05                	je     9f44 <_ZSt27__unguarded_partition_pivotIN9__gnu_cxx17__normal_iteratorIPmSt6vectorImSaImEEEENS0_5__ops15_Iter_less_iterEET_S9_S9_T0_+0xd0>
    9f3f:	e8 5c 86 ff ff       	call   25a0 <__stack_chk_fail@plt>
    9f44:	48 8b 5d f8          	mov    rbx,QWORD PTR [rbp-0x8]
    9f48:	c9                   	leave
    9f49:	c3                   	ret

0000000000009f4a <_ZSt16__insertion_sortIN9__gnu_cxx17__normal_iteratorIPmSt6vectorImSaImEEEENS0_5__ops15_Iter_less_iterEEvT_S9_T0_>:
    9f4a:	f3 0f 1e fa          	endbr64
    9f4e:	55                   	push   rbp
    9f4f:	48 89 e5             	mov    rbp,rsp
    9f52:	53                   	push   rbx
    9f53:	48 83 ec 48          	sub    rsp,0x48
    9f57:	48 89 7d c8          	mov    QWORD PTR [rbp-0x38],rdi
    9f5b:	48 89 75 c0          	mov    QWORD PTR [rbp-0x40],rsi
    9f5f:	64 48 8b 04 25 28 00 	mov    rax,QWORD PTR fs:0x28
    9f66:	00 00 
    9f68:	48 89 45 e8          	mov    QWORD PTR [rbp-0x18],rax
    9f6c:	31 c0                	xor    eax,eax
    9f6e:	48 8d 55 c0          	lea    rdx,[rbp-0x40]
    9f72:	48 8d 45 c8          	lea    rax,[rbp-0x38]
    9f76:	48 89 d6             	mov    rsi,rdx
    9f79:	48 89 c7             	mov    rdi,rax
    9f7c:	e8 22 d2 ff ff       	call   71a3 <_ZN9__gnu_cxxeqIPmSt6vectorImSaImEEEEbRKNS_17__normal_iteratorIT_T0_EESA_>
    9f81:	84 c0                	test   al,al
    9f83:	0f 85 d4 00 00 00    	jne    a05d <_ZSt16__insertion_sortIN9__gnu_cxx17__normal_iteratorIPmSt6vectorImSaImEEEENS0_5__ops15_Iter_less_iterEEvT_S9_T0_+0x113>
    9f89:	48 8d 45 c8          	lea    rax,[rbp-0x38]
    9f8d:	be 01 00 00 00       	mov    esi,0x1
    9f92:	48 89 c7             	mov    rdi,rax
    9f95:	e8 8e d2 ff ff       	call   7228 <_ZNK9__gnu_cxx17__normal_iteratorIPmSt6vectorImSaImEEEplEl>
    9f9a:	48 89 45 d8          	mov    QWORD PTR [rbp-0x28],rax
    9f9e:	e9 9d 00 00 00       	jmp    a040 <_ZSt16__insertion_sortIN9__gnu_cxx17__normal_iteratorIPmSt6vectorImSaImEEEENS0_5__ops15_Iter_less_iterEEvT_S9_T0_+0xf6>
    9fa3:	48 8b 55 c8          	mov    rdx,QWORD PTR [rbp-0x38]
    9fa7:	48 8b 4d d8          	mov    rcx,QWORD PTR [rbp-0x28]
    9fab:	48 8d 45 bf          	lea    rax,[rbp-0x41]
    9faf:	48 89 ce             	mov    rsi,rcx
    9fb2:	48 89 c7             	mov    rdi,rax
    9fb5:	e8 ca 08 00 00       	call   a884 <_ZNK9__gnu_cxx5__ops15_Iter_less_iterclINS_17__normal_iteratorIPmSt6vectorImSaImEEEES8_EEbT_T0_>
    9fba:	84 c0                	test   al,al
    9fbc:	74 65                	je     a023 <_ZSt16__insertion_sortIN9__gnu_cxx17__normal_iteratorIPmSt6vectorImSaImEEEENS0_5__ops15_Iter_less_iterEEvT_S9_T0_+0xd9>
    9fbe:	48 8d 45 d8          	lea    rax,[rbp-0x28]
    9fc2:	48 89 c7             	mov    rdi,rax
    9fc5:	e8 fe c7 ff ff       	call   67c8 <_ZNK9__gnu_cxx17__normal_iteratorIPmSt6vectorImSaImEEEdeEv>
    9fca:	48 89 c7             	mov    rdi,rax
    9fcd:	e8 c8 cd ff ff       	call   6d9a <_ZSt4moveIRmEONSt16remove_referenceIT_E4typeEOS2_>
    9fd2:	48 8b 00             	mov    rax,QWORD PTR [rax]
    9fd5:	48 89 45 e0          	mov    QWORD PTR [rbp-0x20],rax
    9fd9:	48 8d 45 d8          	lea    rax,[rbp-0x28]
    9fdd:	be 01 00 00 00       	mov    esi,0x1
    9fe2:	48 89 c7             	mov    rdi,rax
    9fe5:	e8 3e d2 ff ff       	call   7228 <_ZNK9__gnu_cxx17__normal_iteratorIPmSt6vectorImSaImEEEplEl>
    9fea:	48 89 c2             	mov    rdx,rax
    9fed:	48 8b 4d d8          	mov    rcx,QWORD PTR [rbp-0x28]
    9ff1:	48 8b 45 c8          	mov    rax,QWORD PTR [rbp-0x38]
    9ff5:	48 89 ce             	mov    rsi,rcx
    9ff8:	48 89 c7             	mov    rdi,rax
    9ffb:	e8 c7 08 00 00       	call   a8c7 <_ZSt13move_backwardIN9__gnu_cxx17__normal_iteratorIPmSt6vectorImSaImEEEES6_ET0_T_S8_S7_>
    a000:	48 8d 45 e0          	lea    rax,[rbp-0x20]
    a004:	48 89 c7             	mov    rdi,rax
    a007:	e8 8e cd ff ff       	call   6d9a <_ZSt4moveIRmEONSt16remove_referenceIT_E4typeEOS2_>
    a00c:	48 89 c3             	mov    rbx,rax
    a00f:	48 8d 45 c8          	lea    rax,[rbp-0x38]
    a013:	48 89 c7             	mov    rdi,rax
    a016:	e8 ad c7 ff ff       	call   67c8 <_ZNK9__gnu_cxx17__normal_iteratorIPmSt6vectorImSaImEEEdeEv>
    a01b:	48 8b 13             	mov    rdx,QWORD PTR [rbx]
    a01e:	48 89 10             	mov    QWORD PTR [rax],rdx
    a021:	eb 11                	jmp    a034 <_ZSt16__insertion_sortIN9__gnu_cxx17__normal_iteratorIPmSt6vectorImSaImEEEENS0_5__ops15_Iter_less_iterEEvT_S9_T0_+0xea>
    a023:	e8 6b bc ff ff       	call   5c93 <_ZN9__gnu_cxx5__ops15__val_comp_iterENS0_15_Iter_less_iterE>
    a028:	48 8b 45 d8          	mov    rax,QWORD PTR [rbp-0x28]
    a02c:	48 89 c7             	mov    rdi,rax
    a02f:	e8 e2 08 00 00       	call   a916 <_ZSt25__unguarded_linear_insertIN9__gnu_cxx17__normal_iteratorIPmSt6vectorImSaImEEEENS0_5__ops14_Val_less_iterEEvT_T0_>
    a034:	48 8d 45 d8          	lea    rax,[rbp-0x28]
    a038:	48 89 c7             	mov    rdi,rax
    a03b:	e8 64 c7 ff ff       	call   67a4 <_ZN9__gnu_cxx17__normal_iteratorIPmSt6vectorImSaImEEEppEv>
    a040:	48 8d 55 c0          	lea    rdx,[rbp-0x40]
    a044:	48 8d 45 d8          	lea    rax,[rbp-0x28]
    a048:	48 89 d6             	mov    rsi,rdx
    a04b:	48 89 c7             	mov    rdi,rax
    a04e:	e8 12 c7 ff ff       	call   6765 <_ZN9__gnu_cxxneIPmSt6vectorImSaImEEEEbRKNS_17__normal_iteratorIT_T0_EESA_>
    a053:	84 c0                	test   al,al
    a055:	0f 85 48 ff ff ff    	jne    9fa3 <_ZSt16__insertion_sortIN9__gnu_cxx17__normal_iteratorIPmSt6vectorImSaImEEEENS0_5__ops15_Iter_less_iterEEvT_S9_T0_+0x59>
    a05b:	eb 01                	jmp    a05e <_ZSt16__insertion_sortIN9__gnu_cxx17__normal_iteratorIPmSt6vectorImSaImEEEENS0_5__ops15_Iter_less_iterEEvT_S9_T0_+0x114>
    a05d:	90                   	nop
    a05e:	48 8b 45 e8          	mov    rax,QWORD PTR [rbp-0x18]
    a062:	64 48 2b 04 25 28 00 	sub    rax,QWORD PTR fs:0x28
    a069:	00 00 
    a06b:	74 05                	je     a072 <_ZSt16__insertion_sortIN9__gnu_cxx17__normal_iteratorIPmSt6vectorImSaImEEEENS0_5__ops15_Iter_less_iterEEvT_S9_T0_+0x128>
    a06d:	e8 2e 85 ff ff       	call   25a0 <__stack_chk_fail@plt>
    a072:	48 8b 5d f8          	mov    rbx,QWORD PTR [rbp-0x8]
    a076:	c9                   	leave
    a077:	c3                   	ret

000000000000a078 <_ZSt26__unguarded_insertion_sortIN9__gnu_cxx17__normal_iteratorIPmSt6vectorImSaImEEEENS0_5__ops15_Iter_less_iterEEvT_S9_T0_>:
    a078:	f3 0f 1e fa          	endbr64
    a07c:	55                   	push   rbp
    a07d:	48 89 e5             	mov    rbp,rsp
    a080:	48 83 ec 30          	sub    rsp,0x30
    a084:	48 89 7d e8          	mov    QWORD PTR [rbp-0x18],rdi
    a088:	48 89 75 e0          	mov    QWORD PTR [rbp-0x20],rsi
    a08c:	64 48 8b 04 25 28 00 	mov    rax,QWORD PTR fs:0x28
    a093:	00 00 
    a095:	48 89 45 f8          	mov    QWORD PTR [rbp-0x8],rax
    a099:	31 c0                	xor    eax,eax
    a09b:	48 8b 45 e8          	mov    rax,QWORD PTR [rbp-0x18]
    a09f:	48 89 45 f0          	mov    QWORD PTR [rbp-0x10],rax
    a0a3:	eb 1d                	jmp    a0c2 <_ZSt26__unguarded_insertion_sortIN9__gnu_cxx17__normal_iteratorIPmSt6vectorImSaImEEEENS0_5__ops15_Iter_less_iterEEvT_S9_T0_+0x4a>
    a0a5:	e8 e9 bb ff ff       	call   5c93 <_ZN9__gnu_cxx5__ops15__val_comp_iterENS0_15_Iter_less_iterE>
    a0aa:	48 8b 45 f0          	mov    rax,QWORD PTR [rbp-0x10]
    a0ae:	48 89 c7             	mov    rdi,rax
    a0b1:	e8 60 08 00 00       	call   a916 <_ZSt25__unguarded_linear_insertIN9__gnu_cxx17__normal_iteratorIPmSt6vectorImSaImEEEENS0_5__ops14_Val_less_iterEEvT_T0_>
    a0b6:	48 8d 45 f0          	lea    rax,[rbp-0x10]
    a0ba:	48 89 c7             	mov    rdi,rax
    a0bd:	e8 e2 c6 ff ff       	call   67a4 <_ZN9__gnu_cxx17__normal_iteratorIPmSt6vectorImSaImEEEppEv>
    a0c2:	48 8d 55 e0          	lea    rdx,[rbp-0x20]
    a0c6:	48 8d 45 f0          	lea    rax,[rbp-0x10]
    a0ca:	48 89 d6             	mov    rsi,rdx
    a0cd:	48 89 c7             	mov    rdi,rax
    a0d0:	e8 90 c6 ff ff       	call   6765 <_ZN9__gnu_cxxneIPmSt6vectorImSaImEEEEbRKNS_17__normal_iteratorIT_T0_EESA_>
    a0d5:	84 c0                	test   al,al
    a0d7:	75 cc                	jne    a0a5 <_ZSt26__unguarded_insertion_sortIN9__gnu_cxx17__normal_iteratorIPmSt6vectorImSaImEEEENS0_5__ops15_Iter_less_iterEEvT_S9_T0_+0x2d>
    a0d9:	90                   	nop
    a0da:	48 8b 45 f8          	mov    rax,QWORD PTR [rbp-0x8]
    a0de:	64 48 2b 04 25 28 00 	sub    rax,QWORD PTR fs:0x28
    a0e5:	00 00 
    a0e7:	74 05                	je     a0ee <_ZSt26__unguarded_insertion_sortIN9__gnu_cxx17__normal_iteratorIPmSt6vectorImSaImEEEENS0_5__ops15_Iter_less_iterEEvT_S9_T0_+0x76>
    a0e9:	e8 b2 84 ff ff       	call   25a0 <__stack_chk_fail@plt>
    a0ee:	c9                   	leave
    a0ef:	c3                   	ret

000000000000a0f0 <_ZSt18uninitialized_copyIN9__gnu_cxx17__normal_iteratorIPKmSt6vectorImSaImEEEEPmET0_T_SA_S9_>:
    a0f0:	f3 0f 1e fa          	endbr64
    a0f4:	55                   	push   rbp
    a0f5:	48 89 e5             	mov    rbp,rsp
    a0f8:	48 83 ec 30          	sub    rsp,0x30
    a0fc:	48 89 7d e8          	mov    QWORD PTR [rbp-0x18],rdi
    a100:	48 89 75 e0          	mov    QWORD PTR [rbp-0x20],rsi
    a104:	48 89 55 d8          	mov    QWORD PTR [rbp-0x28],rdx
    a108:	c6 45 fe 01          	mov    BYTE PTR [rbp-0x2],0x1
    a10c:	c6 45 ff 01          	mov    BYTE PTR [rbp-0x1],0x1
    a110:	48 8b 55 d8          	mov    rdx,QWORD PTR [rbp-0x28]
    a114:	48 8b 4d e0          	mov    rcx,QWORD PTR [rbp-0x20]
    a118:	48 8b 45 e8          	mov    rax,QWORD PTR [rbp-0x18]
    a11c:	48 89 ce             	mov    rsi,rcx
    a11f:	48 89 c7             	mov    rdi,rax
    a122:	e8 d4 08 00 00       	call   a9fb <_ZNSt20__uninitialized_copyILb1EE13__uninit_copyIN9__gnu_cxx17__normal_iteratorIPKmSt6vectorImSaImEEEEPmEET0_T_SC_SB_>
    a127:	c9                   	leave
    a128:	c3                   	ret

000000000000a129 <_ZSt12__niter_baseIPKmSt6vectorImSaImEEET_N9__gnu_cxx17__normal_iteratorIS5_T0_EE>:
    a129:	f3 0f 1e fa          	endbr64
    a12d:	55                   	push   rbp
    a12e:	48 89 e5             	mov    rbp,rsp
    a131:	48 83 ec 10          	sub    rsp,0x10
    a135:	48 89 7d f8          	mov    QWORD PTR [rbp-0x8],rdi
    a139:	48 8d 45 f8          	lea    rax,[rbp-0x8]
    a13d:	48 89 c7             	mov    rdi,rax
    a140:	e8 83 f3 ff ff       	call   94c8 <_ZNK9__gnu_cxx17__normal_iteratorIPKmSt6vectorImSaImEEE4baseEv>
    a145:	48 8b 00             	mov    rax,QWORD PTR [rax]
    a148:	c9                   	leave
    a149:	c3                   	ret

000000000000a14a <_ZSt12__niter_baseIPmSt6vectorImSaImEEET_N9__gnu_cxx17__normal_iteratorIS4_T0_EE>:
    a14a:	f3 0f 1e fa          	endbr64
    a14e:	55                   	push   rbp
    a14f:	48 89 e5             	mov    rbp,rsp
    a152:	48 83 ec 10          	sub    rsp,0x10
    a156:	48 89 7d f8          	mov    QWORD PTR [rbp-0x8],rdi
    a15a:	48 8d 45 f8          	lea    rax,[rbp-0x8]
    a15e:	48 89 c7             	mov    rdi,rax
    a161:	e8 14 e1 ff ff       	call   827a <_ZNK9__gnu_cxx17__normal_iteratorIPmSt6vectorImSaImEEE4baseEv>
    a166:	48 8b 00             	mov    rax,QWORD PTR [rax]
    a169:	c9                   	leave
    a16a:	c3                   	ret

000000000000a16b <_ZSt14__copy_move_a1ILb0EPKmPmET1_T0_S4_S3_>:
    a16b:	f3 0f 1e fa          	endbr64
    a16f:	55                   	push   rbp
    a170:	48 89 e5             	mov    rbp,rsp
    a173:	48 83 ec 20          	sub    rsp,0x20
    a177:	48 89 7d f8          	mov    QWORD PTR [rbp-0x8],rdi
    a17b:	48 89 75 f0          	mov    QWORD PTR [rbp-0x10],rsi
    a17f:	48 89 55 e8          	mov    QWORD PTR [rbp-0x18],rdx
    a183:	48 8b 55 e8          	mov    rdx,QWORD PTR [rbp-0x18]
    a187:	48 8b 4d f0          	mov    rcx,QWORD PTR [rbp-0x10]
    a18b:	48 8b 45 f8          	mov    rax,QWORD PTR [rbp-0x8]
    a18f:	48 89 ce             	mov    rsi,rcx
    a192:	48 89 c7             	mov    rdi,rax
    a195:	e8 92 08 00 00       	call   aa2c <_ZSt14__copy_move_a2ILb0EPKmPmET1_T0_S4_S3_>
    a19a:	c9                   	leave
    a19b:	c3                   	ret

000000000000a19c <_ZSt12__niter_wrapIN9__gnu_cxx17__normal_iteratorIPmSt6vectorImSaImEEEES2_ET_S7_T0_>:
    a19c:	f3 0f 1e fa          	endbr64
    a1a0:	55                   	push   rbp
    a1a1:	48 89 e5             	mov    rbp,rsp
    a1a4:	48 83 ec 10          	sub    rsp,0x10
    a1a8:	48 89 7d f8          	mov    QWORD PTR [rbp-0x8],rdi
    a1ac:	48 89 75 f0          	mov    QWORD PTR [rbp-0x10],rsi
    a1b0:	48 8b 45 f8          	mov    rax,QWORD PTR [rbp-0x8]
    a1b4:	48 89 c7             	mov    rdi,rax
    a1b7:	e8 8e ff ff ff       	call   a14a <_ZSt12__niter_baseIPmSt6vectorImSaImEEET_N9__gnu_cxx17__normal_iteratorIS4_T0_EE>
    a1bc:	48 8b 55 f0          	mov    rdx,QWORD PTR [rbp-0x10]
    a1c0:	48 29 c2             	sub    rdx,rax
    a1c3:	48 89 d0             	mov    rax,rdx
    a1c6:	48 c1 f8 03          	sar    rax,0x3
    a1ca:	48 89 c2             	mov    rdx,rax
    a1cd:	48 8d 45 f8          	lea    rax,[rbp-0x8]
    a1d1:	48 89 d6             	mov    rsi,rdx
    a1d4:	48 89 c7             	mov    rdi,rax
    a1d7:	e8 4c d0 ff ff       	call   7228 <_ZNK9__gnu_cxx17__normal_iteratorIPmSt6vectorImSaImEEEplEl>
    a1dc:	c9                   	leave
    a1dd:	c3                   	ret

000000000000a1de <_ZNSt12_Destroy_auxILb1EE9__destroyIN9__gnu_cxx17__normal_iteratorIPmSt6vectorImSaImEEEEEEvT_S9_>:
    a1de:	f3 0f 1e fa          	endbr64
    a1e2:	55                   	push   rbp
    a1e3:	48 89 e5             	mov    rbp,rsp
    a1e6:	48 89 7d f8          	mov    QWORD PTR [rbp-0x8],rdi
    a1ea:	48 89 75 f0          	mov    QWORD PTR [rbp-0x10],rsi
    a1ee:	90                   	nop
    a1ef:	5d                   	pop    rbp
    a1f0:	c3                   	ret

000000000000a1f1 <_ZSt12__niter_baseIPmET_S1_>:
    a1f1:	f3 0f 1e fa          	endbr64
    a1f5:	55                   	push   rbp
    a1f6:	48 89 e5             	mov    rbp,rsp
    a1f9:	48 89 7d f8          	mov    QWORD PTR [rbp-0x8],rdi
    a1fd:	48 8b 45 f8          	mov    rax,QWORD PTR [rbp-0x8]
    a201:	5d                   	pop    rbp
    a202:	c3                   	ret

000000000000a203 <_ZSt14__copy_move_a1ILb0EPmS0_ET1_T0_S2_S1_>:
    a203:	f3 0f 1e fa          	endbr64
    a207:	55                   	push   rbp
    a208:	48 89 e5             	mov    rbp,rsp
    a20b:	48 83 ec 20          	sub    rsp,0x20
    a20f:	48 89 7d f8          	mov    QWORD PTR [rbp-0x8],rdi
    a213:	48 89 75 f0          	mov    QWORD PTR [rbp-0x10],rsi
    a217:	48 89 55 e8          	mov    QWORD PTR [rbp-0x18],rdx
    a21b:	48 8b 55 e8          	mov    rdx,QWORD PTR [rbp-0x18]
    a21f:	48 8b 4d f0          	mov    rcx,QWORD PTR [rbp-0x10]
    a223:	48 8b 45 f8          	mov    rax,QWORD PTR [rbp-0x8]
    a227:	48 89 ce             	mov    rsi,rcx
    a22a:	48 89 c7             	mov    rdi,rax
    a22d:	e8 2b 08 00 00       	call   aa5d <_ZSt14__copy_move_a2ILb0EPmS0_ET1_T0_S2_S1_>
    a232:	c9                   	leave
    a233:	c3                   	ret

000000000000a234 <_ZSt12__niter_wrapIPmET_RKS1_S1_>:
    a234:	f3 0f 1e fa          	endbr64
    a238:	55                   	push   rbp
    a239:	48 89 e5             	mov    rbp,rsp
    a23c:	48 89 7d f8          	mov    QWORD PTR [rbp-0x8],rdi
    a240:	48 89 75 f0          	mov    QWORD PTR [rbp-0x10],rsi
    a244:	48 8b 45 f0          	mov    rax,QWORD PTR [rbp-0x10]
    a248:	5d                   	pop    rbp
    a249:	c3                   	ret

000000000000a24a <_ZNSt20__uninitialized_copyILb1EE13__uninit_copyIPmS2_EET0_T_S4_S3_>:
    a24a:	f3 0f 1e fa          	endbr64
    a24e:	55                   	push   rbp
    a24f:	48 89 e5             	mov    rbp,rsp
    a252:	48 83 ec 20          	sub    rsp,0x20
    a256:	48 89 7d f8          	mov    QWORD PTR [rbp-0x8],rdi
    a25a:	48 89 75 f0          	mov    QWORD PTR [rbp-0x10],rsi
    a25e:	48 89 55 e8          	mov    QWORD PTR [rbp-0x18],rdx
    a262:	48 8b 55 e8          	mov    rdx,QWORD PTR [rbp-0x18]
    a266:	48 8b 4d f0          	mov    rcx,QWORD PTR [rbp-0x10]
    a26a:	48 8b 45 f8          	mov    rax,QWORD PTR [rbp-0x8]
    a26e:	48 89 ce             	mov    rsi,rcx
    a271:	48 89 c7             	mov    rdi,rax
    a274:	e8 2c e2 ff ff       	call   84a5 <_ZSt4copyIPmS0_ET0_T_S2_S1_>
    a279:	c9                   	leave
    a27a:	c3                   	ret
    a27b:	90                   	nop

000000000000a27c <_ZN9__gnu_cxx5__ops16_Iter_equals_valIKmEclINS_17__normal_iteratorIPmSt6vectorImSaImEEEEEEbT_>:
    a27c:	f3 0f 1e fa          	endbr64
    a280:	55                   	push   rbp
    a281:	48 89 e5             	mov    rbp,rsp
    a284:	48 83 ec 10          	sub    rsp,0x10
    a288:	48 89 7d f8          	mov    QWORD PTR [rbp-0x8],rdi
    a28c:	48 89 75 f0          	mov    QWORD PTR [rbp-0x10],rsi
    a290:	48 8d 45 f0          	lea    rax,[rbp-0x10]
    a294:	48 89 c7             	mov    rdi,rax
    a297:	e8 2c c5 ff ff       	call   67c8 <_ZNK9__gnu_cxx17__normal_iteratorIPmSt6vectorImSaImEEEdeEv>
    a29c:	48 8b 10             	mov    rdx,QWORD PTR [rax]
    a29f:	48 8b 45 f8          	mov    rax,QWORD PTR [rbp-0x8]
    a2a3:	48 8b 00             	mov    rax,QWORD PTR [rax]
    a2a6:	48 8b 00             	mov    rax,QWORD PTR [rax]
    a2a9:	48 39 c2             	cmp    rdx,rax
    a2ac:	0f 94 c0             	sete   al
    a2af:	c9                   	leave
    a2b0:	c3                   	ret

000000000000a2b1 <_ZSt4moveIRSaImEEONSt16remove_referenceIT_E4typeEOS3_>:
    a2b1:	f3 0f 1e fa          	endbr64
    a2b5:	55                   	push   rbp
    a2b6:	48 89 e5             	mov    rbp,rsp
    a2b9:	48 89 7d f8          	mov    QWORD PTR [rbp-0x8],rdi
    a2bd:	48 8b 45 f8          	mov    rax,QWORD PTR [rbp-0x8]
    a2c1:	5d                   	pop    rbp
    a2c2:	c3                   	ret

000000000000a2c3 <_ZNSt27__uninitialized_default_n_1ILb1EE18__uninit_default_nIPmmEET_S3_T0_>:
    a2c3:	f3 0f 1e fa          	endbr64
    a2c7:	55                   	push   rbp
    a2c8:	48 89 e5             	mov    rbp,rsp
    a2cb:	48 83 ec 20          	sub    rsp,0x20
    a2cf:	48 89 7d e8          	mov    QWORD PTR [rbp-0x18],rdi
    a2d3:	48 89 75 e0          	mov    QWORD PTR [rbp-0x20],rsi
    a2d7:	48 83 7d e0 00       	cmp    QWORD PTR [rbp-0x20],0x0
    a2dc:	74 40                	je     a31e <_ZNSt27__uninitialized_default_n_1ILb1EE18__uninit_default_nIPmmEET_S3_T0_+0x5b>
    a2de:	48 8b 45 e8          	mov    rax,QWORD PTR [rbp-0x18]
    a2e2:	48 89 c7             	mov    rdi,rax
    a2e5:	e8 3a 00 00 00       	call   a324 <_ZSt11__addressofImEPT_RS0_>
    a2ea:	48 89 45 f8          	mov    QWORD PTR [rbp-0x8],rax
    a2ee:	48 8b 45 f8          	mov    rax,QWORD PTR [rbp-0x8]
    a2f2:	48 89 c7             	mov    rdi,rax
    a2f5:	e8 94 07 00 00       	call   aa8e <_ZSt10_ConstructImJEEvPT_DpOT0_>
    a2fa:	48 83 45 e8 08       	add    QWORD PTR [rbp-0x18],0x8
    a2ff:	48 8b 45 e0          	mov    rax,QWORD PTR [rbp-0x20]
    a303:	48 8d 48 ff          	lea    rcx,[rax-0x1]
    a307:	48 8b 55 f8          	mov    rdx,QWORD PTR [rbp-0x8]
    a30b:	48 8b 45 e8          	mov    rax,QWORD PTR [rbp-0x18]
    a30f:	48 89 ce             	mov    rsi,rcx
    a312:	48 89 c7             	mov    rdi,rax
    a315:	e8 9f 07 00 00       	call   aab9 <_ZSt6fill_nIPmmmET_S1_T0_RKT1_>
    a31a:	48 89 45 e8          	mov    QWORD PTR [rbp-0x18],rax
    a31e:	48 8b 45 e8          	mov    rax,QWORD PTR [rbp-0x18]
    a322:	c9                   	leave
    a323:	c3                   	ret

000000000000a324 <_ZSt11__addressofImEPT_RS0_>:
    a324:	f3 0f 1e fa          	endbr64
    a328:	55                   	push   rbp
    a329:	48 89 e5             	mov    rbp,rsp
    a32c:	48 89 7d f8          	mov    QWORD PTR [rbp-0x8],rdi
    a330:	48 8b 45 f8          	mov    rax,QWORD PTR [rbp-0x8]
    a334:	5d                   	pop    rbp
    a335:	c3                   	ret

000000000000a336 <_ZSt4moveIRPmEONSt16remove_referenceIT_E4typeEOS3_>:
    a336:	f3 0f 1e fa          	endbr64
    a33a:	55                   	push   rbp
    a33b:	48 89 e5             	mov    rbp,rsp
    a33e:	48 89 7d f8          	mov    QWORD PTR [rbp-0x8],rdi
    a342:	48 8b 45 f8          	mov    rax,QWORD PTR [rbp-0x8]
    a346:	5d                   	pop    rbp
    a347:	c3                   	ret

000000000000a348 <_ZNSt13move_iteratorIPmEC1ES0_>:
    a348:	f3 0f 1e fa          	endbr64
    a34c:	55                   	push   rbp
    a34d:	48 89 e5             	mov    rbp,rsp
    a350:	48 83 ec 10          	sub    rsp,0x10
    a354:	48 89 7d f8          	mov    QWORD PTR [rbp-0x8],rdi
    a358:	48 89 75 f0          	mov    QWORD PTR [rbp-0x10],rsi
    a35c:	48 8d 45 f0          	lea    rax,[rbp-0x10]
    a360:	48 89 c7             	mov    rdi,rax
    a363:	e8 ce ff ff ff       	call   a336 <_ZSt4moveIRPmEONSt16remove_referenceIT_E4typeEOS3_>
    a368:	48 8b 10             	mov    rdx,QWORD PTR [rax]
    a36b:	48 8b 45 f8          	mov    rax,QWORD PTR [rbp-0x8]
    a36f:	48 89 10             	mov    QWORD PTR [rax],rdx
    a372:	90                   	nop
    a373:	c9                   	leave
    a374:	c3                   	ret

000000000000a375 <_ZSt18uninitialized_copyISt13move_iteratorIPmES1_ET0_T_S4_S3_>:
    a375:	f3 0f 1e fa          	endbr64
    a379:	55                   	push   rbp
    a37a:	48 89 e5             	mov    rbp,rsp
    a37d:	48 83 ec 30          	sub    rsp,0x30
    a381:	48 89 7d e8          	mov    QWORD PTR [rbp-0x18],rdi
    a385:	48 89 75 e0          	mov    QWORD PTR [rbp-0x20],rsi
    a389:	48 89 55 d8          	mov    QWORD PTR [rbp-0x28],rdx
    a38d:	c6 45 fe 01          	mov    BYTE PTR [rbp-0x2],0x1
    a391:	c6 45 ff 01          	mov    BYTE PTR [rbp-0x1],0x1
    a395:	48 8b 55 d8          	mov    rdx,QWORD PTR [rbp-0x28]
    a399:	48 8b 4d e0          	mov    rcx,QWORD PTR [rbp-0x20]
    a39d:	48 8b 45 e8          	mov    rax,QWORD PTR [rbp-0x18]
    a3a1:	48 89 ce             	mov    rsi,rcx
    a3a4:	48 89 c7             	mov    rdi,rax
    a3a7:	e8 4a 07 00 00       	call   aaf6 <_ZNSt20__uninitialized_copyILb1EE13__uninit_copyISt13move_iteratorIPmES3_EET0_T_S6_S5_>
    a3ac:	c9                   	leave
    a3ad:	c3                   	ret

000000000000a3ae <_ZSt23__copy_move_backward_a1ILb1EPmS0_ET1_T0_S2_S1_>:
    a3ae:	f3 0f 1e fa          	endbr64
    a3b2:	55                   	push   rbp
    a3b3:	48 89 e5             	mov    rbp,rsp
    a3b6:	48 83 ec 20          	sub    rsp,0x20
    a3ba:	48 89 7d f8          	mov    QWORD PTR [rbp-0x8],rdi
    a3be:	48 89 75 f0          	mov    QWORD PTR [rbp-0x10],rsi
    a3c2:	48 89 55 e8          	mov    QWORD PTR [rbp-0x18],rdx
    a3c6:	48 8b 55 e8          	mov    rdx,QWORD PTR [rbp-0x18]
    a3ca:	48 8b 4d f0          	mov    rcx,QWORD PTR [rbp-0x10]
    a3ce:	48 8b 45 f8          	mov    rax,QWORD PTR [rbp-0x8]
    a3d2:	48 89 ce             	mov    rsi,rcx
    a3d5:	48 89 c7             	mov    rdi,rax
    a3d8:	e8 4a 07 00 00       	call   ab27 <_ZSt23__copy_move_backward_a2ILb1EPmS0_ET1_T0_S2_S1_>
    a3dd:	c9                   	leave
    a3de:	c3                   	ret

000000000000a3df <_ZSt9__fill_a1IPmmEN9__gnu_cxx11__enable_ifIXsrSt11__is_scalarIT0_E7__valueEvE6__typeET_S8_RKS4_>:
    a3df:	f3 0f 1e fa          	endbr64
    a3e3:	55                   	push   rbp
    a3e4:	48 89 e5             	mov    rbp,rsp
    a3e7:	48 89 7d e8          	mov    QWORD PTR [rbp-0x18],rdi
    a3eb:	48 89 75 e0          	mov    QWORD PTR [rbp-0x20],rsi
    a3ef:	48 89 55 d8          	mov    QWORD PTR [rbp-0x28],rdx
    a3f3:	48 8b 45 d8          	mov    rax,QWORD PTR [rbp-0x28]
    a3f7:	48 8b 00             	mov    rax,QWORD PTR [rax]
    a3fa:	48 89 45 f8          	mov    QWORD PTR [rbp-0x8],rax
    a3fe:	eb 10                	jmp    a410 <_ZSt9__fill_a1IPmmEN9__gnu_cxx11__enable_ifIXsrSt11__is_scalarIT0_E7__valueEvE6__typeET_S8_RKS4_+0x31>
    a400:	48 8b 45 e8          	mov    rax,QWORD PTR [rbp-0x18]
    a404:	48 8b 55 f8          	mov    rdx,QWORD PTR [rbp-0x8]
    a408:	48 89 10             	mov    QWORD PTR [rax],rdx
    a40b:	48 83 45 e8 08       	add    QWORD PTR [rbp-0x18],0x8
    a410:	48 8b 45 e8          	mov    rax,QWORD PTR [rbp-0x18]
    a414:	48 3b 45 e0          	cmp    rax,QWORD PTR [rbp-0x20]
    a418:	75 e6                	jne    a400 <_ZSt9__fill_a1IPmmEN9__gnu_cxx11__enable_ifIXsrSt11__is_scalarIT0_E7__valueEvE6__typeET_S8_RKS4_+0x21>
    a41a:	90                   	nop
    a41b:	90                   	nop
    a41c:	5d                   	pop    rbp
    a41d:	c3                   	ret

000000000000a41e <_ZNSt22__uninitialized_fill_nILb1EE15__uninit_fill_nIPmmmEET_S3_T0_RKT1_>:
    a41e:	f3 0f 1e fa          	endbr64
    a422:	55                   	push   rbp
    a423:	48 89 e5             	mov    rbp,rsp
    a426:	48 83 ec 20          	sub    rsp,0x20
    a42a:	48 89 7d f8          	mov    QWORD PTR [rbp-0x8],rdi
    a42e:	48 89 75 f0          	mov    QWORD PTR [rbp-0x10],rsi
    a432:	48 89 55 e8          	mov    QWORD PTR [rbp-0x18],rdx
    a436:	48 8b 55 e8          	mov    rdx,QWORD PTR [rbp-0x18]
    a43a:	48 8b 4d f0          	mov    rcx,QWORD PTR [rbp-0x10]
    a43e:	48 8b 45 f8          	mov    rax,QWORD PTR [rbp-0x8]
    a442:	48 89 ce             	mov    rsi,rcx
    a445:	48 89 c7             	mov    rdi,rax
    a448:	e8 6c 06 00 00       	call   aab9 <_ZSt6fill_nIPmmmET_S1_T0_RKT1_>
    a44d:	c9                   	leave
    a44e:	c3                   	ret
    a44f:	90                   	nop

000000000000a450 <_ZNSt15__new_allocatorImE8allocateEmPKv>:
    a450:	f3 0f 1e fa          	endbr64
    a454:	55                   	push   rbp
    a455:	48 89 e5             	mov    rbp,rsp
    a458:	48 83 ec 30          	sub    rsp,0x30
    a45c:	48 89 7d e8          	mov    QWORD PTR [rbp-0x18],rdi
    a460:	48 89 75 e0          	mov    QWORD PTR [rbp-0x20],rsi
    a464:	48 89 55 d8          	mov    QWORD PTR [rbp-0x28],rdx
    a468:	48 8b 45 e8          	mov    rax,QWORD PTR [rbp-0x18]
    a46c:	48 89 45 f8          	mov    QWORD PTR [rbp-0x8],rax
    a470:	48 b8 ff ff ff ff ff 	movabs rax,0xfffffffffffffff
    a477:	ff ff 0f 
    a47a:	48 3b 45 e0          	cmp    rax,QWORD PTR [rbp-0x20]
    a47e:	0f 92 c0             	setb   al
    a481:	0f b6 c0             	movzx  eax,al
    a484:	48 85 c0             	test   rax,rax
    a487:	0f 95 c0             	setne  al
    a48a:	84 c0                	test   al,al
    a48c:	74 1a                	je     a4a8 <_ZNSt15__new_allocatorImE8allocateEmPKv+0x58>
    a48e:	48 b8 ff ff ff ff ff 	movabs rax,0x1fffffffffffffff
    a495:	ff ff 1f 
    a498:	48 3b 45 e0          	cmp    rax,QWORD PTR [rbp-0x20]
    a49c:	73 05                	jae    a4a3 <_ZNSt15__new_allocatorImE8allocateEmPKv+0x53>
    a49e:	e8 6d 80 ff ff       	call   2510 <_ZSt28__throw_bad_array_new_lengthv@plt>
    a4a3:	e8 98 7f ff ff       	call   2440 <_ZSt17__throw_bad_allocv@plt>
    a4a8:	48 8b 45 e0          	mov    rax,QWORD PTR [rbp-0x20]
    a4ac:	48 c1 e0 03          	shl    rax,0x3
    a4b0:	48 89 c7             	mov    rdi,rax
    a4b3:	e8 c8 80 ff ff       	call   2580 <_Znwm@plt>
    a4b8:	c9                   	leave
    a4b9:	c3                   	ret

000000000000a4ba <_ZSt12__relocate_aIPmS0_SaImEET0_T_S3_S2_RT1_>:
    a4ba:	f3 0f 1e fa          	endbr64
    a4be:	55                   	push   rbp
    a4bf:	48 89 e5             	mov    rbp,rsp
    a4c2:	41 54                	push   r12
    a4c4:	53                   	push   rbx
    a4c5:	48 83 ec 20          	sub    rsp,0x20
    a4c9:	48 89 7d e8          	mov    QWORD PTR [rbp-0x18],rdi
    a4cd:	48 89 75 e0          	mov    QWORD PTR [rbp-0x20],rsi
    a4d1:	48 89 55 d8          	mov    QWORD PTR [rbp-0x28],rdx
    a4d5:	48 89 4d d0          	mov    QWORD PTR [rbp-0x30],rcx
    a4d9:	48 8b 45 d8          	mov    rax,QWORD PTR [rbp-0x28]
    a4dd:	48 89 c7             	mov    rdi,rax
    a4e0:	e8 0c fd ff ff       	call   a1f1 <_ZSt12__niter_baseIPmET_S1_>
    a4e5:	49 89 c4             	mov    r12,rax
    a4e8:	48 8b 45 e0          	mov    rax,QWORD PTR [rbp-0x20]
    a4ec:	48 89 c7             	mov    rdi,rax
    a4ef:	e8 fd fc ff ff       	call   a1f1 <_ZSt12__niter_baseIPmET_S1_>
    a4f4:	48 89 c3             	mov    rbx,rax
    a4f7:	48 8b 45 e8          	mov    rax,QWORD PTR [rbp-0x18]
    a4fb:	48 89 c7             	mov    rdi,rax
    a4fe:	e8 ee fc ff ff       	call   a1f1 <_ZSt12__niter_baseIPmET_S1_>
    a503:	48 89 c7             	mov    rdi,rax
    a506:	48 8b 45 d0          	mov    rax,QWORD PTR [rbp-0x30]
    a50a:	48 89 c1             	mov    rcx,rax
    a50d:	4c 89 e2             	mov    rdx,r12
    a510:	48 89 de             	mov    rsi,rbx
    a513:	e8 40 06 00 00       	call   ab58 <_ZSt14__relocate_a_1ImmENSt9enable_ifIXsrSt24__is_bitwise_relocatableIT_vE5valueEPS2_E4typeES4_S4_S4_RSaIT0_E>
    a518:	48 83 c4 20          	add    rsp,0x20
    a51c:	5b                   	pop    rbx
    a51d:	41 5c                	pop    r12
    a51f:	5d                   	pop    rbp
    a520:	c3                   	ret

000000000000a521 <_ZSt13__heap_selectIN9__gnu_cxx17__normal_iteratorIPmSt6vectorImSaImEEEENS0_5__ops15_Iter_less_iterEEvT_S9_S9_T0_>:
    a521:	f3 0f 1e fa          	endbr64
    a525:	55                   	push   rbp
    a526:	48 89 e5             	mov    rbp,rsp
    a529:	48 83 ec 30          	sub    rsp,0x30
    a52d:	48 89 7d e8          	mov    QWORD PTR [rbp-0x18],rdi
    a531:	48 89 75 e0          	mov    QWORD PTR [rbp-0x20],rsi
    a535:	48 89 55 d8          	mov    QWORD PTR [rbp-0x28],rdx
    a539:	64 48 8b 04 25 28 00 	mov    rax,QWORD PTR fs:0x28
    a540:	00 00 
    a542:	48 89 45 f8          	mov    QWORD PTR [rbp-0x8],rax
    a546:	31 c0                	xor    eax,eax
    a548:	48 8d 55 d7          	lea    rdx,[rbp-0x29]
    a54c:	48 8b 4d e0          	mov    rcx,QWORD PTR [rbp-0x20]
    a550:	48 8b 45 e8          	mov    rax,QWORD PTR [rbp-0x18]
    a554:	48 89 ce             	mov    rsi,rcx
    a557:	48 89 c7             	mov    rdi,rax
    a55a:	e8 60 06 00 00       	call   abbf <_ZSt11__make_heapIN9__gnu_cxx17__normal_iteratorIPmSt6vectorImSaImEEEENS0_5__ops15_Iter_less_iterEEvT_S9_RT0_>
    a55f:	48 8b 45 e0          	mov    rax,QWORD PTR [rbp-0x20]
    a563:	48 89 45 f0          	mov    QWORD PTR [rbp-0x10],rax
    a567:	eb 3f                	jmp    a5a8 <_ZSt13__heap_selectIN9__gnu_cxx17__normal_iteratorIPmSt6vectorImSaImEEEENS0_5__ops15_Iter_less_iterEEvT_S9_S9_T0_+0x87>
    a569:	48 8b 55 e8          	mov    rdx,QWORD PTR [rbp-0x18]
    a56d:	48 8b 4d f0          	mov    rcx,QWORD PTR [rbp-0x10]
    a571:	48 8d 45 d7          	lea    rax,[rbp-0x29]
    a575:	48 89 ce             	mov    rsi,rcx
    a578:	48 89 c7             	mov    rdi,rax
    a57b:	e8 04 03 00 00       	call   a884 <_ZNK9__gnu_cxx5__ops15_Iter_less_iterclINS_17__normal_iteratorIPmSt6vectorImSaImEEEES8_EEbT_T0_>
    a580:	84 c0                	test   al,al
    a582:	74 18                	je     a59c <_ZSt13__heap_selectIN9__gnu_cxx17__normal_iteratorIPmSt6vectorImSaImEEEENS0_5__ops15_Iter_less_iterEEvT_S9_S9_T0_+0x7b>
    a584:	48 8d 4d d7          	lea    rcx,[rbp-0x29]
    a588:	48 8b 55 f0          	mov    rdx,QWORD PTR [rbp-0x10]
    a58c:	48 8b 75 e0          	mov    rsi,QWORD PTR [rbp-0x20]
    a590:	48 8b 45 e8          	mov    rax,QWORD PTR [rbp-0x18]
    a594:	48 89 c7             	mov    rdi,rax
    a597:	e8 58 07 00 00       	call   acf4 <_ZSt10__pop_heapIN9__gnu_cxx17__normal_iteratorIPmSt6vectorImSaImEEEENS0_5__ops15_Iter_less_iterEEvT_S9_S9_RT0_>
    a59c:	48 8d 45 f0          	lea    rax,[rbp-0x10]
    a5a0:	48 89 c7             	mov    rdi,rax
    a5a3:	e8 fc c1 ff ff       	call   67a4 <_ZN9__gnu_cxx17__normal_iteratorIPmSt6vectorImSaImEEEppEv>
    a5a8:	48 8d 55 d8          	lea    rdx,[rbp-0x28]
    a5ac:	48 8d 45 f0          	lea    rax,[rbp-0x10]
    a5b0:	48 89 d6             	mov    rsi,rdx
    a5b3:	48 89 c7             	mov    rdi,rax
    a5b6:	e8 fa 06 00 00       	call   acb5 <_ZN9__gnu_cxxltIPmSt6vectorImSaImEEEEbRKNS_17__normal_iteratorIT_T0_EESA_>
    a5bb:	84 c0                	test   al,al
    a5bd:	75 aa                	jne    a569 <_ZSt13__heap_selectIN9__gnu_cxx17__normal_iteratorIPmSt6vectorImSaImEEEENS0_5__ops15_Iter_less_iterEEvT_S9_S9_T0_+0x48>
    a5bf:	90                   	nop
    a5c0:	48 8b 45 f8          	mov    rax,QWORD PTR [rbp-0x8]
    a5c4:	64 48 2b 04 25 28 00 	sub    rax,QWORD PTR fs:0x28
    a5cb:	00 00 
    a5cd:	74 05                	je     a5d4 <_ZSt13__heap_selectIN9__gnu_cxx17__normal_iteratorIPmSt6vectorImSaImEEEENS0_5__ops15_Iter_less_iterEEvT_S9_S9_T0_+0xb3>
    a5cf:	e8 cc 7f ff ff       	call   25a0 <__stack_chk_fail@plt>
    a5d4:	c9                   	leave
    a5d5:	c3                   	ret

000000000000a5d6 <_ZSt11__sort_heapIN9__gnu_cxx17__normal_iteratorIPmSt6vectorImSaImEEEENS0_5__ops15_Iter_less_iterEEvT_S9_RT0_>:
    a5d6:	f3 0f 1e fa          	endbr64
    a5da:	55                   	push   rbp
    a5db:	48 89 e5             	mov    rbp,rsp
    a5de:	48 83 ec 20          	sub    rsp,0x20
    a5e2:	48 89 7d f8          	mov    QWORD PTR [rbp-0x8],rdi
    a5e6:	48 89 75 f0          	mov    QWORD PTR [rbp-0x10],rsi
    a5ea:	48 89 55 e8          	mov    QWORD PTR [rbp-0x18],rdx
    a5ee:	eb 24                	jmp    a614 <_ZSt11__sort_heapIN9__gnu_cxx17__normal_iteratorIPmSt6vectorImSaImEEEENS0_5__ops15_Iter_less_iterEEvT_S9_RT0_+0x3e>
    a5f0:	48 8d 45 f0          	lea    rax,[rbp-0x10]
    a5f4:	48 89 c7             	mov    rdi,rax
    a5f7:	e8 bc 07 00 00       	call   adb8 <_ZN9__gnu_cxx17__normal_iteratorIPmSt6vectorImSaImEEEmmEv>
    a5fc:	48 8b 4d e8          	mov    rcx,QWORD PTR [rbp-0x18]
    a600:	48 8b 55 f0          	mov    rdx,QWORD PTR [rbp-0x10]
    a604:	48 8b 75 f0          	mov    rsi,QWORD PTR [rbp-0x10]
    a608:	48 8b 45 f8          	mov    rax,QWORD PTR [rbp-0x8]
    a60c:	48 89 c7             	mov    rdi,rax
    a60f:	e8 e0 06 00 00       	call   acf4 <_ZSt10__pop_heapIN9__gnu_cxx17__normal_iteratorIPmSt6vectorImSaImEEEENS0_5__ops15_Iter_less_iterEEvT_S9_S9_RT0_>
    a614:	48 8d 55 f8          	lea    rdx,[rbp-0x8]
    a618:	48 8d 45 f0          	lea    rax,[rbp-0x10]
    a61c:	48 89 d6             	mov    rsi,rdx
    a61f:	48 89 c7             	mov    rdi,rax
    a622:	e8 bb cb ff ff       	call   71e2 <_ZN9__gnu_cxxmiIPmSt6vectorImSaImEEEENS_17__normal_iteratorIT_T0_E15difference_typeERKS8_SB_>
    a627:	48 83 f8 01          	cmp    rax,0x1
    a62b:	0f 9f c0             	setg   al
    a62e:	84 c0                	test   al,al
    a630:	75 be                	jne    a5f0 <_ZSt11__sort_heapIN9__gnu_cxx17__normal_iteratorIPmSt6vectorImSaImEEEENS0_5__ops15_Iter_less_iterEEvT_S9_RT0_+0x1a>
    a632:	90                   	nop
    a633:	90                   	nop
    a634:	c9                   	leave
    a635:	c3                   	ret

000000000000a636 <_ZNK9__gnu_cxx17__normal_iteratorIPmSt6vectorImSaImEEEmiEl>:
    a636:	f3 0f 1e fa          	endbr64
    a63a:	55                   	push   rbp
    a63b:	48 89 e5             	mov    rbp,rsp
    a63e:	48 83 ec 30          	sub    rsp,0x30
    a642:	48 89 7d d8          	mov    QWORD PTR [rbp-0x28],rdi
    a646:	48 89 75 d0          	mov    QWORD PTR [rbp-0x30],rsi
    a64a:	64 48 8b 04 25 28 00 	mov    rax,QWORD PTR fs:0x28
    a651:	00 00 
    a653:	48 89 45 f8          	mov    QWORD PTR [rbp-0x8],rax
    a657:	31 c0                	xor    eax,eax
    a659:	48 8b 45 d8          	mov    rax,QWORD PTR [rbp-0x28]
    a65d:	48 8b 00             	mov    rax,QWORD PTR [rax]
    a660:	48 8b 55 d0          	mov    rdx,QWORD PTR [rbp-0x30]
    a664:	48 c1 e2 03          	shl    rdx,0x3
    a668:	48 f7 da             	neg    rdx
    a66b:	48 01 d0             	add    rax,rdx
    a66e:	48 89 45 e8          	mov    QWORD PTR [rbp-0x18],rax
    a672:	48 8d 55 e8          	lea    rdx,[rbp-0x18]
    a676:	48 8d 45 f0          	lea    rax,[rbp-0x10]
    a67a:	48 89 d6             	mov    rsi,rdx
    a67d:	48 89 c7             	mov    rdi,rax
    a680:	e8 fd ca ff ff       	call   7182 <_ZN9__gnu_cxx17__normal_iteratorIPmSt6vectorImSaImEEEC1ERKS1_>
    a685:	48 8b 45 f0          	mov    rax,QWORD PTR [rbp-0x10]
    a689:	48 8b 55 f8          	mov    rdx,QWORD PTR [rbp-0x8]
    a68d:	64 48 2b 14 25 28 00 	sub    rdx,QWORD PTR fs:0x28
    a694:	00 00 
    a696:	74 05                	je     a69d <_ZNK9__gnu_cxx17__normal_iteratorIPmSt6vectorImSaImEEEmiEl+0x67>
    a698:	e8 03 7f ff ff       	call   25a0 <__stack_chk_fail@plt>
    a69d:	c9                   	leave
    a69e:	c3                   	ret

000000000000a69f <_ZSt22__move_median_to_firstIN9__gnu_cxx17__normal_iteratorIPmSt6vectorImSaImEEEENS0_5__ops15_Iter_less_iterEEvT_S9_S9_S9_T0_>:
    a69f:	f3 0f 1e fa          	endbr64
    a6a3:	55                   	push   rbp
    a6a4:	48 89 e5             	mov    rbp,rsp
    a6a7:	48 83 ec 30          	sub    rsp,0x30
    a6ab:	48 89 7d f8          	mov    QWORD PTR [rbp-0x8],rdi
    a6af:	48 89 75 f0          	mov    QWORD PTR [rbp-0x10],rsi
    a6b3:	48 89 55 e8          	mov    QWORD PTR [rbp-0x18],rdx
    a6b7:	48 89 4d e0          	mov    QWORD PTR [rbp-0x20],rcx
    a6bb:	48 8b 55 e8          	mov    rdx,QWORD PTR [rbp-0x18]
    a6bf:	48 8b 4d f0          	mov    rcx,QWORD PTR [rbp-0x10]
    a6c3:	48 8d 45 df          	lea    rax,[rbp-0x21]
    a6c7:	48 89 ce             	mov    rsi,rcx
    a6ca:	48 89 c7             	mov    rdi,rax
    a6cd:	e8 b2 01 00 00       	call   a884 <_ZNK9__gnu_cxx5__ops15_Iter_less_iterclINS_17__normal_iteratorIPmSt6vectorImSaImEEEES8_EEbT_T0_>
    a6d2:	84 c0                	test   al,al
    a6d4:	74 7b                	je     a751 <_ZSt22__move_median_to_firstIN9__gnu_cxx17__normal_iteratorIPmSt6vectorImSaImEEEENS0_5__ops15_Iter_less_iterEEvT_S9_S9_S9_T0_+0xb2>
    a6d6:	48 8b 55 e0          	mov    rdx,QWORD PTR [rbp-0x20]
    a6da:	48 8b 4d e8          	mov    rcx,QWORD PTR [rbp-0x18]
    a6de:	48 8d 45 df          	lea    rax,[rbp-0x21]
    a6e2:	48 89 ce             	mov    rsi,rcx
    a6e5:	48 89 c7             	mov    rdi,rax
    a6e8:	e8 97 01 00 00       	call   a884 <_ZNK9__gnu_cxx5__ops15_Iter_less_iterclINS_17__normal_iteratorIPmSt6vectorImSaImEEEES8_EEbT_T0_>
    a6ed:	84 c0                	test   al,al
    a6ef:	74 18                	je     a709 <_ZSt22__move_median_to_firstIN9__gnu_cxx17__normal_iteratorIPmSt6vectorImSaImEEEENS0_5__ops15_Iter_less_iterEEvT_S9_S9_S9_T0_+0x6a>
    a6f1:	48 8b 55 e8          	mov    rdx,QWORD PTR [rbp-0x18]
    a6f5:	48 8b 45 f8          	mov    rax,QWORD PTR [rbp-0x8]
    a6f9:	48 89 d6             	mov    rsi,rdx
    a6fc:	48 89 c7             	mov    rdi,rax
    a6ff:	e8 4f cc ff ff       	call   7353 <_ZSt9iter_swapIN9__gnu_cxx17__normal_iteratorIPmSt6vectorImSaImEEEES6_EvT_T0_>
    a704:	e9 bb 00 00 00       	jmp    a7c4 <_ZSt22__move_median_to_firstIN9__gnu_cxx17__normal_iteratorIPmSt6vectorImSaImEEEENS0_5__ops15_Iter_less_iterEEvT_S9_S9_S9_T0_+0x125>
    a709:	48 8b 55 e0          	mov    rdx,QWORD PTR [rbp-0x20]
    a70d:	48 8b 4d f0          	mov    rcx,QWORD PTR [rbp-0x10]
    a711:	48 8d 45 df          	lea    rax,[rbp-0x21]
    a715:	48 89 ce             	mov    rsi,rcx
    a718:	48 89 c7             	mov    rdi,rax
    a71b:	e8 64 01 00 00       	call   a884 <_ZNK9__gnu_cxx5__ops15_Iter_less_iterclINS_17__normal_iteratorIPmSt6vectorImSaImEEEES8_EEbT_T0_>
    a720:	84 c0                	test   al,al
    a722:	74 18                	je     a73c <_ZSt22__move_median_to_firstIN9__gnu_cxx17__normal_iteratorIPmSt6vectorImSaImEEEENS0_5__ops15_Iter_less_iterEEvT_S9_S9_S9_T0_+0x9d>
    a724:	48 8b 55 e0          	mov    rdx,QWORD PTR [rbp-0x20]
    a728:	48 8b 45 f8          	mov    rax,QWORD PTR [rbp-0x8]
    a72c:	48 89 d6             	mov    rsi,rdx
    a72f:	48 89 c7             	mov    rdi,rax
    a732:	e8 1c cc ff ff       	call   7353 <_ZSt9iter_swapIN9__gnu_cxx17__normal_iteratorIPmSt6vectorImSaImEEEES6_EvT_T0_>
    a737:	e9 88 00 00 00       	jmp    a7c4 <_ZSt22__move_median_to_firstIN9__gnu_cxx17__normal_iteratorIPmSt6vectorImSaImEEEENS0_5__ops15_Iter_less_iterEEvT_S9_S9_S9_T0_+0x125>
    a73c:	48 8b 55 f0          	mov    rdx,QWORD PTR [rbp-0x10]
    a740:	48 8b 45 f8          	mov    rax,QWORD PTR [rbp-0x8]
    a744:	48 89 d6             	mov    rsi,rdx
    a747:	48 89 c7             	mov    rdi,rax
    a74a:	e8 04 cc ff ff       	call   7353 <_ZSt9iter_swapIN9__gnu_cxx17__normal_iteratorIPmSt6vectorImSaImEEEES6_EvT_T0_>
    a74f:	eb 73                	jmp    a7c4 <_ZSt22__move_median_to_firstIN9__gnu_cxx17__normal_iteratorIPmSt6vectorImSaImEEEENS0_5__ops15_Iter_less_iterEEvT_S9_S9_S9_T0_+0x125>
    a751:	48 8b 55 e0          	mov    rdx,QWORD PTR [rbp-0x20]
    a755:	48 8b 4d f0          	mov    rcx,QWORD PTR [rbp-0x10]
    a759:	48 8d 45 df          	lea    rax,[rbp-0x21]
    a75d:	48 89 ce             	mov    rsi,rcx
    a760:	48 89 c7             	mov    rdi,rax
    a763:	e8 1c 01 00 00       	call   a884 <_ZNK9__gnu_cxx5__ops15_Iter_less_iterclINS_17__normal_iteratorIPmSt6vectorImSaImEEEES8_EEbT_T0_>
    a768:	84 c0                	test   al,al
    a76a:	74 15                	je     a781 <_ZSt22__move_median_to_firstIN9__gnu_cxx17__normal_iteratorIPmSt6vectorImSaImEEEENS0_5__ops15_Iter_less_iterEEvT_S9_S9_S9_T0_+0xe2>
    a76c:	48 8b 55 f0          	mov    rdx,QWORD PTR [rbp-0x10]
    a770:	48 8b 45 f8          	mov    rax,QWORD PTR [rbp-0x8]
    a774:	48 89 d6             	mov    rsi,rdx
    a777:	48 89 c7             	mov    rdi,rax
    a77a:	e8 d4 cb ff ff       	call   7353 <_ZSt9iter_swapIN9__gnu_cxx17__normal_iteratorIPmSt6vectorImSaImEEEES6_EvT_T0_>
    a77f:	eb 43                	jmp    a7c4 <_ZSt22__move_median_to_firstIN9__gnu_cxx17__normal_iteratorIPmSt6vectorImSaImEEEENS0_5__ops15_Iter_less_iterEEvT_S9_S9_S9_T0_+0x125>
    a781:	48 8b 55 e0          	mov    rdx,QWORD PTR [rbp-0x20]
    a785:	48 8b 4d e8          	mov    rcx,QWORD PTR [rbp-0x18]
    a789:	48 8d 45 df          	lea    rax,[rbp-0x21]
    a78d:	48 89 ce             	mov    rsi,rcx
    a790:	48 89 c7             	mov    rdi,rax
    a793:	e8 ec 00 00 00       	call   a884 <_ZNK9__gnu_cxx5__ops15_Iter_less_iterclINS_17__normal_iteratorIPmSt6vectorImSaImEEEES8_EEbT_T0_>
    a798:	84 c0                	test   al,al
    a79a:	74 15                	je     a7b1 <_ZSt22__move_median_to_firstIN9__gnu_cxx17__normal_iteratorIPmSt6vectorImSaImEEEENS0_5__ops15_Iter_less_iterEEvT_S9_S9_S9_T0_+0x112>
    a79c:	48 8b 55 e0          	mov    rdx,QWORD PTR [rbp-0x20]
    a7a0:	48 8b 45 f8          	mov    rax,QWORD PTR [rbp-0x8]
    a7a4:	48 89 d6             	mov    rsi,rdx
    a7a7:	48 89 c7             	mov    rdi,rax
    a7aa:	e8 a4 cb ff ff       	call   7353 <_ZSt9iter_swapIN9__gnu_cxx17__normal_iteratorIPmSt6vectorImSaImEEEES6_EvT_T0_>
    a7af:	eb 13                	jmp    a7c4 <_ZSt22__move_median_to_firstIN9__gnu_cxx17__normal_iteratorIPmSt6vectorImSaImEEEENS0_5__ops15_Iter_less_iterEEvT_S9_S9_S9_T0_+0x125>
    a7b1:	48 8b 55 e8          	mov    rdx,QWORD PTR [rbp-0x18]
    a7b5:	48 8b 45 f8          	mov    rax,QWORD PTR [rbp-0x8]
    a7b9:	48 89 d6             	mov    rsi,rdx
    a7bc:	48 89 c7             	mov    rdi,rax
    a7bf:	e8 8f cb ff ff       	call   7353 <_ZSt9iter_swapIN9__gnu_cxx17__normal_iteratorIPmSt6vectorImSaImEEEES6_EvT_T0_>
    a7c4:	90                   	nop
    a7c5:	c9                   	leave
    a7c6:	c3                   	ret

000000000000a7c7 <_ZSt21__unguarded_partitionIN9__gnu_cxx17__normal_iteratorIPmSt6vectorImSaImEEEENS0_5__ops15_Iter_less_iterEET_S9_S9_S9_T0_>:
    a7c7:	f3 0f 1e fa          	endbr64
    a7cb:	55                   	push   rbp
    a7cc:	48 89 e5             	mov    rbp,rsp
    a7cf:	48 83 ec 20          	sub    rsp,0x20
    a7d3:	48 89 7d f8          	mov    QWORD PTR [rbp-0x8],rdi
    a7d7:	48 89 75 f0          	mov    QWORD PTR [rbp-0x10],rsi
    a7db:	48 89 55 e8          	mov    QWORD PTR [rbp-0x18],rdx
    a7df:	eb 0c                	jmp    a7ed <_ZSt21__unguarded_partitionIN9__gnu_cxx17__normal_iteratorIPmSt6vectorImSaImEEEENS0_5__ops15_Iter_less_iterEET_S9_S9_S9_T0_+0x26>
    a7e1:	48 8d 45 f8          	lea    rax,[rbp-0x8]
    a7e5:	48 89 c7             	mov    rdi,rax
    a7e8:	e8 b7 bf ff ff       	call   67a4 <_ZN9__gnu_cxx17__normal_iteratorIPmSt6vectorImSaImEEEppEv>
    a7ed:	48 8b 55 e8          	mov    rdx,QWORD PTR [rbp-0x18]
    a7f1:	48 8b 4d f8          	mov    rcx,QWORD PTR [rbp-0x8]
    a7f5:	48 8d 45 e7          	lea    rax,[rbp-0x19]
    a7f9:	48 89 ce             	mov    rsi,rcx
    a7fc:	48 89 c7             	mov    rdi,rax
    a7ff:	e8 80 00 00 00       	call   a884 <_ZNK9__gnu_cxx5__ops15_Iter_less_iterclINS_17__normal_iteratorIPmSt6vectorImSaImEEEES8_EEbT_T0_>
    a804:	84 c0                	test   al,al
    a806:	75 d9                	jne    a7e1 <_ZSt21__unguarded_partitionIN9__gnu_cxx17__normal_iteratorIPmSt6vectorImSaImEEEENS0_5__ops15_Iter_less_iterEET_S9_S9_S9_T0_+0x1a>
    a808:	48 8d 45 f0          	lea    rax,[rbp-0x10]
    a80c:	48 89 c7             	mov    rdi,rax
    a80f:	e8 a4 05 00 00       	call   adb8 <_ZN9__gnu_cxx17__normal_iteratorIPmSt6vectorImSaImEEEmmEv>
    a814:	eb 0c                	jmp    a822 <_ZSt21__unguarded_partitionIN9__gnu_cxx17__normal_iteratorIPmSt6vectorImSaImEEEENS0_5__ops15_Iter_less_iterEET_S9_S9_S9_T0_+0x5b>
    a816:	48 8d 45 f0          	lea    rax,[rbp-0x10]
    a81a:	48 89 c7             	mov    rdi,rax
    a81d:	e8 96 05 00 00       	call   adb8 <_ZN9__gnu_cxx17__normal_iteratorIPmSt6vectorImSaImEEEmmEv>
    a822:	48 8b 55 f0          	mov    rdx,QWORD PTR [rbp-0x10]
    a826:	48 8b 4d e8          	mov    rcx,QWORD PTR [rbp-0x18]
    a82a:	48 8d 45 e7          	lea    rax,[rbp-0x19]
    a82e:	48 89 ce             	mov    rsi,rcx
    a831:	48 89 c7             	mov    rdi,rax
    a834:	e8 4b 00 00 00       	call   a884 <_ZNK9__gnu_cxx5__ops15_Iter_less_iterclINS_17__normal_iteratorIPmSt6vectorImSaImEEEES8_EEbT_T0_>
    a839:	84 c0                	test   al,al
    a83b:	75 d9                	jne    a816 <_ZSt21__unguarded_partitionIN9__gnu_cxx17__normal_iteratorIPmSt6vectorImSaImEEEENS0_5__ops15_Iter_less_iterEET_S9_S9_S9_T0_+0x4f>
    a83d:	48 8d 55 f0          	lea    rdx,[rbp-0x10]
    a841:	48 8d 45 f8          	lea    rax,[rbp-0x8]
    a845:	48 89 d6             	mov    rsi,rdx
    a848:	48 89 c7             	mov    rdi,rax
    a84b:	e8 65 04 00 00       	call   acb5 <_ZN9__gnu_cxxltIPmSt6vectorImSaImEEEEbRKNS_17__normal_iteratorIT_T0_EESA_>
    a850:	83 f0 01             	xor    eax,0x1
    a853:	84 c0                	test   al,al
    a855:	74 06                	je     a85d <_ZSt21__unguarded_partitionIN9__gnu_cxx17__normal_iteratorIPmSt6vectorImSaImEEEENS0_5__ops15_Iter_less_iterEET_S9_S9_S9_T0_+0x96>
    a857:	48 8b 45 f8          	mov    rax,QWORD PTR [rbp-0x8]
    a85b:	eb 24                	jmp    a881 <_ZSt21__unguarded_partitionIN9__gnu_cxx17__normal_iteratorIPmSt6vectorImSaImEEEENS0_5__ops15_Iter_less_iterEET_S9_S9_S9_T0_+0xba>
    a85d:	48 8b 55 f0          	mov    rdx,QWORD PTR [rbp-0x10]
    a861:	48 8b 45 f8          	mov    rax,QWORD PTR [rbp-0x8]
    a865:	48 89 d6             	mov    rsi,rdx
    a868:	48 89 c7             	mov    rdi,rax
    a86b:	e8 e3 ca ff ff       	call   7353 <_ZSt9iter_swapIN9__gnu_cxx17__normal_iteratorIPmSt6vectorImSaImEEEES6_EvT_T0_>
    a870:	48 8d 45 f8          	lea    rax,[rbp-0x8]
    a874:	48 89 c7             	mov    rdi,rax
    a877:	e8 28 bf ff ff       	call   67a4 <_ZN9__gnu_cxx17__normal_iteratorIPmSt6vectorImSaImEEEppEv>
    a87c:	e9 6c ff ff ff       	jmp    a7ed <_ZSt21__unguarded_partitionIN9__gnu_cxx17__normal_iteratorIPmSt6vectorImSaImEEEENS0_5__ops15_Iter_less_iterEET_S9_S9_S9_T0_+0x26>
    a881:	c9                   	leave
    a882:	c3                   	ret
    a883:	90                   	nop

000000000000a884 <_ZNK9__gnu_cxx5__ops15_Iter_less_iterclINS_17__normal_iteratorIPmSt6vectorImSaImEEEES8_EEbT_T0_>:
    a884:	f3 0f 1e fa          	endbr64
    a888:	55                   	push   rbp
    a889:	48 89 e5             	mov    rbp,rsp
    a88c:	53                   	push   rbx
    a88d:	48 83 ec 28          	sub    rsp,0x28
    a891:	48 89 7d e8          	mov    QWORD PTR [rbp-0x18],rdi
    a895:	48 89 75 e0          	mov    QWORD PTR [rbp-0x20],rsi
    a899:	48 89 55 d8          	mov    QWORD PTR [rbp-0x28],rdx
    a89d:	48 8d 45 e0          	lea    rax,[rbp-0x20]
    a8a1:	48 89 c7             	mov    rdi,rax
    a8a4:	e8 1f bf ff ff       	call   67c8 <_ZNK9__gnu_cxx17__normal_iteratorIPmSt6vectorImSaImEEEdeEv>
    a8a9:	48 8b 18             	mov    rbx,QWORD PTR [rax]
    a8ac:	48 8d 45 d8          	lea    rax,[rbp-0x28]
    a8b0:	48 89 c7             	mov    rdi,rax
    a8b3:	e8 10 bf ff ff       	call   67c8 <_ZNK9__gnu_cxx17__normal_iteratorIPmSt6vectorImSaImEEEdeEv>
    a8b8:	48 8b 00             	mov    rax,QWORD PTR [rax]
    a8bb:	48 39 c3             	cmp    rbx,rax
    a8be:	0f 92 c0             	setb   al
    a8c1:	48 8b 5d f8          	mov    rbx,QWORD PTR [rbp-0x8]
    a8c5:	c9                   	leave
    a8c6:	c3                   	ret

000000000000a8c7 <_ZSt13move_backwardIN9__gnu_cxx17__normal_iteratorIPmSt6vectorImSaImEEEES6_ET0_T_S8_S7_>:
    a8c7:	f3 0f 1e fa          	endbr64
    a8cb:	55                   	push   rbp
    a8cc:	48 89 e5             	mov    rbp,rsp
    a8cf:	53                   	push   rbx
    a8d0:	48 83 ec 28          	sub    rsp,0x28
    a8d4:	48 89 7d e8          	mov    QWORD PTR [rbp-0x18],rdi
    a8d8:	48 89 75 e0          	mov    QWORD PTR [rbp-0x20],rsi
    a8dc:	48 89 55 d8          	mov    QWORD PTR [rbp-0x28],rdx
    a8e0:	48 8b 45 e0          	mov    rax,QWORD PTR [rbp-0x20]
    a8e4:	48 89 c7             	mov    rdi,rax
    a8e7:	e8 f0 04 00 00       	call   addc <_ZSt12__miter_baseIN9__gnu_cxx17__normal_iteratorIPmSt6vectorImSaImEEEEET_S7_>
    a8ec:	48 89 c3             	mov    rbx,rax
    a8ef:	48 8b 45 e8          	mov    rax,QWORD PTR [rbp-0x18]
    a8f3:	48 89 c7             	mov    rdi,rax
    a8f6:	e8 e1 04 00 00       	call   addc <_ZSt12__miter_baseIN9__gnu_cxx17__normal_iteratorIPmSt6vectorImSaImEEEEET_S7_>
    a8fb:	48 89 c1             	mov    rcx,rax
    a8fe:	48 8b 45 d8          	mov    rax,QWORD PTR [rbp-0x28]
    a902:	48 89 c2             	mov    rdx,rax
    a905:	48 89 de             	mov    rsi,rbx
    a908:	48 89 cf             	mov    rdi,rcx
    a90b:	e8 de 04 00 00       	call   adee <_ZSt22__copy_move_backward_aILb1EN9__gnu_cxx17__normal_iteratorIPmSt6vectorImSaImEEEES6_ET1_T0_S8_S7_>
    a910:	48 8b 5d f8          	mov    rbx,QWORD PTR [rbp-0x8]
    a914:	c9                   	leave
    a915:	c3                   	ret

000000000000a916 <_ZSt25__unguarded_linear_insertIN9__gnu_cxx17__normal_iteratorIPmSt6vectorImSaImEEEENS0_5__ops14_Val_less_iterEEvT_T0_>:
    a916:	f3 0f 1e fa          	endbr64
    a91a:	55                   	push   rbp
    a91b:	48 89 e5             	mov    rbp,rsp
    a91e:	53                   	push   rbx
    a91f:	48 83 ec 38          	sub    rsp,0x38
    a923:	48 89 7d c8          	mov    QWORD PTR [rbp-0x38],rdi
    a927:	64 48 8b 04 25 28 00 	mov    rax,QWORD PTR fs:0x28
    a92e:	00 00 
    a930:	48 89 45 e8          	mov    QWORD PTR [rbp-0x18],rax
    a934:	31 c0                	xor    eax,eax
    a936:	48 8d 45 c8          	lea    rax,[rbp-0x38]
    a93a:	48 89 c7             	mov    rdi,rax
    a93d:	e8 86 be ff ff       	call   67c8 <_ZNK9__gnu_cxx17__normal_iteratorIPmSt6vectorImSaImEEEdeEv>
    a942:	48 89 c7             	mov    rdi,rax
    a945:	e8 50 c4 ff ff       	call   6d9a <_ZSt4moveIRmEONSt16remove_referenceIT_E4typeEOS2_>
    a94a:	48 8b 00             	mov    rax,QWORD PTR [rax]
    a94d:	48 89 45 d8          	mov    QWORD PTR [rbp-0x28],rax
    a951:	48 8b 45 c8          	mov    rax,QWORD PTR [rbp-0x38]
    a955:	48 89 45 e0          	mov    QWORD PTR [rbp-0x20],rax
    a959:	48 8d 45 e0          	lea    rax,[rbp-0x20]
    a95d:	48 89 c7             	mov    rdi,rax
    a960:	e8 53 04 00 00       	call   adb8 <_ZN9__gnu_cxx17__normal_iteratorIPmSt6vectorImSaImEEEmmEv>
    a965:	eb 3d                	jmp    a9a4 <_ZSt25__unguarded_linear_insertIN9__gnu_cxx17__normal_iteratorIPmSt6vectorImSaImEEEENS0_5__ops14_Val_less_iterEEvT_T0_+0x8e>
    a967:	48 8d 45 e0          	lea    rax,[rbp-0x20]
    a96b:	48 89 c7             	mov    rdi,rax
    a96e:	e8 55 be ff ff       	call   67c8 <_ZNK9__gnu_cxx17__normal_iteratorIPmSt6vectorImSaImEEEdeEv>
    a973:	48 89 c7             	mov    rdi,rax
    a976:	e8 1f c4 ff ff       	call   6d9a <_ZSt4moveIRmEONSt16remove_referenceIT_E4typeEOS2_>
    a97b:	48 89 c3             	mov    rbx,rax
    a97e:	48 8d 45 c8          	lea    rax,[rbp-0x38]
    a982:	48 89 c7             	mov    rdi,rax
    a985:	e8 3e be ff ff       	call   67c8 <_ZNK9__gnu_cxx17__normal_iteratorIPmSt6vectorImSaImEEEdeEv>
    a98a:	48 8b 13             	mov    rdx,QWORD PTR [rbx]
    a98d:	48 89 10             	mov    QWORD PTR [rax],rdx
    a990:	48 8b 45 e0          	mov    rax,QWORD PTR [rbp-0x20]
    a994:	48 89 45 c8          	mov    QWORD PTR [rbp-0x38],rax
    a998:	48 8d 45 e0          	lea    rax,[rbp-0x20]
    a99c:	48 89 c7             	mov    rdi,rax
    a99f:	e8 14 04 00 00       	call   adb8 <_ZN9__gnu_cxx17__normal_iteratorIPmSt6vectorImSaImEEEmmEv>
    a9a4:	48 8b 55 e0          	mov    rdx,QWORD PTR [rbp-0x20]
    a9a8:	48 8d 4d d8          	lea    rcx,[rbp-0x28]
    a9ac:	48 8d 45 c7          	lea    rax,[rbp-0x39]
    a9b0:	48 89 ce             	mov    rsi,rcx
    a9b3:	48 89 c7             	mov    rdi,rax
    a9b6:	e8 a1 04 00 00       	call   ae5c <_ZNK9__gnu_cxx5__ops14_Val_less_iterclImNS_17__normal_iteratorIPmSt6vectorImSaImEEEEEEbRT_T0_>
    a9bb:	84 c0                	test   al,al
    a9bd:	75 a8                	jne    a967 <_ZSt25__unguarded_linear_insertIN9__gnu_cxx17__normal_iteratorIPmSt6vectorImSaImEEEENS0_5__ops14_Val_less_iterEEvT_T0_+0x51>
    a9bf:	48 8d 45 d8          	lea    rax,[rbp-0x28]
    a9c3:	48 89 c7             	mov    rdi,rax
    a9c6:	e8 cf c3 ff ff       	call   6d9a <_ZSt4moveIRmEONSt16remove_referenceIT_E4typeEOS2_>
    a9cb:	48 89 c3             	mov    rbx,rax
    a9ce:	48 8d 45 c8          	lea    rax,[rbp-0x38]
    a9d2:	48 89 c7             	mov    rdi,rax
    a9d5:	e8 ee bd ff ff       	call   67c8 <_ZNK9__gnu_cxx17__normal_iteratorIPmSt6vectorImSaImEEEdeEv>
    a9da:	48 8b 13             	mov    rdx,QWORD PTR [rbx]
    a9dd:	48 89 10             	mov    QWORD PTR [rax],rdx
    a9e0:	90                   	nop
    a9e1:	48 8b 45 e8          	mov    rax,QWORD PTR [rbp-0x18]
    a9e5:	64 48 2b 04 25 28 00 	sub    rax,QWORD PTR fs:0x28
    a9ec:	00 00 
    a9ee:	74 05                	je     a9f5 <_ZSt25__unguarded_linear_insertIN9__gnu_cxx17__normal_iteratorIPmSt6vectorImSaImEEEENS0_5__ops14_Val_less_iterEEvT_T0_+0xdf>
    a9f0:	e8 ab 7b ff ff       	call   25a0 <__stack_chk_fail@plt>
    a9f5:	48 8b 5d f8          	mov    rbx,QWORD PTR [rbp-0x8]
    a9f9:	c9                   	leave
    a9fa:	c3                   	ret

000000000000a9fb <_ZNSt20__uninitialized_copyILb1EE13__uninit_copyIN9__gnu_cxx17__normal_iteratorIPKmSt6vectorImSaImEEEEPmEET0_T_SC_SB_>:
    a9fb:	f3 0f 1e fa          	endbr64
    a9ff:	55                   	push   rbp
    aa00:	48 89 e5             	mov    rbp,rsp
    aa03:	48 83 ec 20          	sub    rsp,0x20
    aa07:	48 89 7d f8          	mov    QWORD PTR [rbp-0x8],rdi
    aa0b:	48 89 75 f0          	mov    QWORD PTR [rbp-0x10],rsi
    aa0f:	48 89 55 e8          	mov    QWORD PTR [rbp-0x18],rdx
    aa13:	48 8b 55 e8          	mov    rdx,QWORD PTR [rbp-0x18]
    aa17:	48 8b 4d f0          	mov    rcx,QWORD PTR [rbp-0x10]
    aa1b:	48 8b 45 f8          	mov    rax,QWORD PTR [rbp-0x8]
    aa1f:	48 89 ce             	mov    rsi,rcx
    aa22:	48 89 c7             	mov    rdi,rax
    aa25:	e8 6d 04 00 00       	call   ae97 <_ZSt4copyIN9__gnu_cxx17__normal_iteratorIPKmSt6vectorImSaImEEEEPmET0_T_SA_S9_>
    aa2a:	c9                   	leave
    aa2b:	c3                   	ret

000000000000aa2c <_ZSt14__copy_move_a2ILb0EPKmPmET1_T0_S4_S3_>:
    aa2c:	f3 0f 1e fa          	endbr64
    aa30:	55                   	push   rbp
    aa31:	48 89 e5             	mov    rbp,rsp
    aa34:	48 83 ec 20          	sub    rsp,0x20
    aa38:	48 89 7d f8          	mov    QWORD PTR [rbp-0x8],rdi
    aa3c:	48 89 75 f0          	mov    QWORD PTR [rbp-0x10],rsi
    aa40:	48 89 55 e8          	mov    QWORD PTR [rbp-0x18],rdx
    aa44:	48 8b 55 e8          	mov    rdx,QWORD PTR [rbp-0x18]
    aa48:	48 8b 4d f0          	mov    rcx,QWORD PTR [rbp-0x10]
    aa4c:	48 8b 45 f8          	mov    rax,QWORD PTR [rbp-0x8]
    aa50:	48 89 ce             	mov    rsi,rcx
    aa53:	48 89 c7             	mov    rdi,rax
    aa56:	e8 8b 04 00 00       	call   aee6 <_ZNSt11__copy_moveILb0ELb1ESt26random_access_iterator_tagE8__copy_mIKmmEEPT0_PT_S7_S5_>
    aa5b:	c9                   	leave
    aa5c:	c3                   	ret

000000000000aa5d <_ZSt14__copy_move_a2ILb0EPmS0_ET1_T0_S2_S1_>:
    aa5d:	f3 0f 1e fa          	endbr64
    aa61:	55                   	push   rbp
    aa62:	48 89 e5             	mov    rbp,rsp
    aa65:	48 83 ec 20          	sub    rsp,0x20
    aa69:	48 89 7d f8          	mov    QWORD PTR [rbp-0x8],rdi
    aa6d:	48 89 75 f0          	mov    QWORD PTR [rbp-0x10],rsi
    aa71:	48 89 55 e8          	mov    QWORD PTR [rbp-0x18],rdx
    aa75:	48 8b 55 e8          	mov    rdx,QWORD PTR [rbp-0x18]
    aa79:	48 8b 4d f0          	mov    rcx,QWORD PTR [rbp-0x10]
    aa7d:	48 8b 45 f8          	mov    rax,QWORD PTR [rbp-0x8]
    aa81:	48 89 ce             	mov    rsi,rcx
    aa84:	48 89 c7             	mov    rdi,rax
    aa87:	e8 e2 04 00 00       	call   af6e <_ZNSt11__copy_moveILb0ELb1ESt26random_access_iterator_tagE8__copy_mImmEEPT0_PT_S6_S4_>
    aa8c:	c9                   	leave
    aa8d:	c3                   	ret

000000000000aa8e <_ZSt10_ConstructImJEEvPT_DpOT0_>:
    aa8e:	f3 0f 1e fa          	endbr64
    aa92:	55                   	push   rbp
    aa93:	48 89 e5             	mov    rbp,rsp
    aa96:	48 83 ec 10          	sub    rsp,0x10
    aa9a:	48 89 7d f8          	mov    QWORD PTR [rbp-0x8],rdi
    aa9e:	48 8b 45 f8          	mov    rax,QWORD PTR [rbp-0x8]
    aaa2:	48 89 c6             	mov    rsi,rax
    aaa5:	bf 08 00 00 00       	mov    edi,0x8
    aaaa:	e8 56 b1 ff ff       	call   5c05 <_ZnwmPv>
    aaaf:	48 c7 00 00 00 00 00 	mov    QWORD PTR [rax],0x0
    aab6:	90                   	nop
    aab7:	c9                   	leave
    aab8:	c3                   	ret

000000000000aab9 <_ZSt6fill_nIPmmmET_S1_T0_RKT1_>:
    aab9:	f3 0f 1e fa          	endbr64
    aabd:	55                   	push   rbp
    aabe:	48 89 e5             	mov    rbp,rsp
    aac1:	48 83 ec 20          	sub    rsp,0x20
    aac5:	48 89 7d f8          	mov    QWORD PTR [rbp-0x8],rdi
    aac9:	48 89 75 f0          	mov    QWORD PTR [rbp-0x10],rsi
    aacd:	48 89 55 e8          	mov    QWORD PTR [rbp-0x18],rdx
    aad1:	90                   	nop
    aad2:	48 8b 45 f0          	mov    rax,QWORD PTR [rbp-0x10]
    aad6:	48 89 c7             	mov    rdi,rax
    aad9:	e8 c0 b1 ff ff       	call   5c9e <_ZSt17__size_to_integerm>
    aade:	48 89 c1             	mov    rcx,rax
    aae1:	48 8b 45 f8          	mov    rax,QWORD PTR [rbp-0x8]
    aae5:	48 8b 55 e8          	mov    rdx,QWORD PTR [rbp-0x18]
    aae9:	48 89 ce             	mov    rsi,rcx
    aaec:	48 89 c7             	mov    rdi,rax
    aaef:	e8 02 05 00 00       	call   aff6 <_ZSt10__fill_n_aIPmmmET_S1_T0_RKT1_St26random_access_iterator_tag>
    aaf4:	c9                   	leave
    aaf5:	c3                   	ret

000000000000aaf6 <_ZNSt20__uninitialized_copyILb1EE13__uninit_copyISt13move_iteratorIPmES3_EET0_T_S6_S5_>:
    aaf6:	f3 0f 1e fa          	endbr64
    aafa:	55                   	push   rbp
    aafb:	48 89 e5             	mov    rbp,rsp
    aafe:	48 83 ec 20          	sub    rsp,0x20
    ab02:	48 89 7d f8          	mov    QWORD PTR [rbp-0x8],rdi
    ab06:	48 89 75 f0          	mov    QWORD PTR [rbp-0x10],rsi
    ab0a:	48 89 55 e8          	mov    QWORD PTR [rbp-0x18],rdx
    ab0e:	48 8b 55 e8          	mov    rdx,QWORD PTR [rbp-0x18]
    ab12:	48 8b 4d f0          	mov    rcx,QWORD PTR [rbp-0x10]
    ab16:	48 8b 45 f8          	mov    rax,QWORD PTR [rbp-0x8]
    ab1a:	48 89 ce             	mov    rsi,rcx
    ab1d:	48 89 c7             	mov    rdi,rax
    ab20:	e8 32 05 00 00       	call   b057 <_ZSt4copyISt13move_iteratorIPmES1_ET0_T_S4_S3_>
    ab25:	c9                   	leave
    ab26:	c3                   	ret

000000000000ab27 <_ZSt23__copy_move_backward_a2ILb1EPmS0_ET1_T0_S2_S1_>:
    ab27:	f3 0f 1e fa          	endbr64
    ab2b:	55                   	push   rbp
    ab2c:	48 89 e5             	mov    rbp,rsp
    ab2f:	48 83 ec 20          	sub    rsp,0x20
    ab33:	48 89 7d f8          	mov    QWORD PTR [rbp-0x8],rdi
    ab37:	48 89 75 f0          	mov    QWORD PTR [rbp-0x10],rsi
    ab3b:	48 89 55 e8          	mov    QWORD PTR [rbp-0x18],rdx
    ab3f:	48 8b 55 e8          	mov    rdx,QWORD PTR [rbp-0x18]
    ab43:	48 8b 4d f0          	mov    rcx,QWORD PTR [rbp-0x10]
    ab47:	48 8b 45 f8          	mov    rax,QWORD PTR [rbp-0x8]
    ab4b:	48 89 ce             	mov    rsi,rcx
    ab4e:	48 89 c7             	mov    rdi,rax
    ab51:	e8 50 05 00 00       	call   b0a6 <_ZNSt20__copy_move_backwardILb1ELb1ESt26random_access_iterator_tagE13__copy_move_bImmEEPT0_PT_S6_S4_>
    ab56:	c9                   	leave
    ab57:	c3                   	ret

000000000000ab58 <_ZSt14__relocate_a_1ImmENSt9enable_ifIXsrSt24__is_bitwise_relocatableIT_vE5valueEPS2_E4typeES4_S4_S4_RSaIT0_E>:
    ab58:	f3 0f 1e fa          	endbr64
    ab5c:	55                   	push   rbp
    ab5d:	48 89 e5             	mov    rbp,rsp
    ab60:	48 83 ec 30          	sub    rsp,0x30
    ab64:	48 89 7d e8          	mov    QWORD PTR [rbp-0x18],rdi
    ab68:	48 89 75 e0          	mov    QWORD PTR [rbp-0x20],rsi
    ab6c:	48 89 55 d8          	mov    QWORD PTR [rbp-0x28],rdx
    ab70:	48 89 4d d0          	mov    QWORD PTR [rbp-0x30],rcx
    ab74:	48 8b 45 e0          	mov    rax,QWORD PTR [rbp-0x20]
    ab78:	48 2b 45 e8          	sub    rax,QWORD PTR [rbp-0x18]
    ab7c:	48 c1 f8 03          	sar    rax,0x3
    ab80:	48 89 45 f8          	mov    QWORD PTR [rbp-0x8],rax
    ab84:	48 83 7d f8 00       	cmp    QWORD PTR [rbp-0x8],0x0
    ab89:	7e 1f                	jle    abaa <_ZSt14__relocate_a_1ImmENSt9enable_ifIXsrSt24__is_bitwise_relocatableIT_vE5valueEPS2_E4typeES4_S4_S4_RSaIT0_E+0x52>
    ab8b:	48 8b 45 f8          	mov    rax,QWORD PTR [rbp-0x8]
    ab8f:	48 8d 14 c5 00 00 00 	lea    rdx,[rax*8+0x0]
    ab96:	00 
    ab97:	48 8b 4d e8          	mov    rcx,QWORD PTR [rbp-0x18]
    ab9b:	48 8b 45 d8          	mov    rax,QWORD PTR [rbp-0x28]
    ab9f:	48 89 ce             	mov    rsi,rcx
    aba2:	48 89 c7             	mov    rdi,rax
    aba5:	e8 36 7b ff ff       	call   26e0 <memmove@plt>
    abaa:	48 8b 45 f8          	mov    rax,QWORD PTR [rbp-0x8]
    abae:	48 8d 14 c5 00 00 00 	lea    rdx,[rax*8+0x0]
    abb5:	00 
    abb6:	48 8b 45 d8          	mov    rax,QWORD PTR [rbp-0x28]
    abba:	48 01 d0             	add    rax,rdx
    abbd:	c9                   	leave
    abbe:	c3                   	ret

000000000000abbf <_ZSt11__make_heapIN9__gnu_cxx17__normal_iteratorIPmSt6vectorImSaImEEEENS0_5__ops15_Iter_less_iterEEvT_S9_RT0_>:
    abbf:	f3 0f 1e fa          	endbr64
    abc3:	55                   	push   rbp
    abc4:	48 89 e5             	mov    rbp,rsp
    abc7:	48 83 ec 50          	sub    rsp,0x50
    abcb:	48 89 7d c8          	mov    QWORD PTR [rbp-0x38],rdi
    abcf:	48 89 75 c0          	mov    QWORD PTR [rbp-0x40],rsi
    abd3:	48 89 55 b8          	mov    QWORD PTR [rbp-0x48],rdx
    abd7:	64 48 8b 04 25 28 00 	mov    rax,QWORD PTR fs:0x28
    abde:	00 00 
    abe0:	48 89 45 f8          	mov    QWORD PTR [rbp-0x8],rax
    abe4:	31 c0                	xor    eax,eax
    abe6:	48 8d 55 c8          	lea    rdx,[rbp-0x38]
    abea:	48 8d 45 c0          	lea    rax,[rbp-0x40]
    abee:	48 89 d6             	mov    rsi,rdx
    abf1:	48 89 c7             	mov    rdi,rax
    abf4:	e8 e9 c5 ff ff       	call   71e2 <_ZN9__gnu_cxxmiIPmSt6vectorImSaImEEEENS_17__normal_iteratorIT_T0_E15difference_typeERKS8_SB_>
    abf9:	48 83 f8 01          	cmp    rax,0x1
    abfd:	0f 9e c0             	setle  al
    ac00:	84 c0                	test   al,al
    ac02:	0f 85 93 00 00 00    	jne    ac9b <_ZSt11__make_heapIN9__gnu_cxx17__normal_iteratorIPmSt6vectorImSaImEEEENS0_5__ops15_Iter_less_iterEEvT_S9_RT0_+0xdc>
    ac08:	48 8d 55 c8          	lea    rdx,[rbp-0x38]
    ac0c:	48 8d 45 c0          	lea    rax,[rbp-0x40]
    ac10:	48 89 d6             	mov    rsi,rdx
    ac13:	48 89 c7             	mov    rdi,rax
    ac16:	e8 c7 c5 ff ff       	call   71e2 <_ZN9__gnu_cxxmiIPmSt6vectorImSaImEEEENS_17__normal_iteratorIT_T0_E15difference_typeERKS8_SB_>
    ac1b:	48 89 45 f0          	mov    QWORD PTR [rbp-0x10],rax
    ac1f:	48 8b 45 f0          	mov    rax,QWORD PTR [rbp-0x10]
    ac23:	48 83 e8 02          	sub    rax,0x2
    ac27:	48 89 c2             	mov    rdx,rax
    ac2a:	48 c1 ea 3f          	shr    rdx,0x3f
    ac2e:	48 01 d0             	add    rax,rdx
    ac31:	48 d1 f8             	sar    rax,1
    ac34:	48 89 45 e8          	mov    QWORD PTR [rbp-0x18],rax
    ac38:	48 8b 55 e8          	mov    rdx,QWORD PTR [rbp-0x18]
    ac3c:	48 8d 45 c8          	lea    rax,[rbp-0x38]
    ac40:	48 89 d6             	mov    rsi,rdx
    ac43:	48 89 c7             	mov    rdi,rax
    ac46:	e8 dd c5 ff ff       	call   7228 <_ZNK9__gnu_cxx17__normal_iteratorIPmSt6vectorImSaImEEEplEl>
    ac4b:	48 89 45 e0          	mov    QWORD PTR [rbp-0x20],rax
    ac4f:	48 8d 45 e0          	lea    rax,[rbp-0x20]
    ac53:	48 89 c7             	mov    rdi,rax
    ac56:	e8 6d bb ff ff       	call   67c8 <_ZNK9__gnu_cxx17__normal_iteratorIPmSt6vectorImSaImEEEdeEv>
    ac5b:	48 89 c7             	mov    rdi,rax
    ac5e:	e8 37 c1 ff ff       	call   6d9a <_ZSt4moveIRmEONSt16remove_referenceIT_E4typeEOS2_>
    ac63:	48 8b 00             	mov    rax,QWORD PTR [rax]
    ac66:	48 89 45 d8          	mov    QWORD PTR [rbp-0x28],rax
    ac6a:	48 8d 45 d8          	lea    rax,[rbp-0x28]
    ac6e:	48 89 c7             	mov    rdi,rax
    ac71:	e8 24 c1 ff ff       	call   6d9a <_ZSt4moveIRmEONSt16remove_referenceIT_E4typeEOS2_>
    ac76:	48 8b 08             	mov    rcx,QWORD PTR [rax]
    ac79:	48 8b 55 f0          	mov    rdx,QWORD PTR [rbp-0x10]
    ac7d:	48 8b 75 e8          	mov    rsi,QWORD PTR [rbp-0x18]
    ac81:	48 8b 45 c8          	mov    rax,QWORD PTR [rbp-0x38]
    ac85:	48 89 c7             	mov    rdi,rax
    ac88:	e8 b8 04 00 00       	call   b145 <_ZSt13__adjust_heapIN9__gnu_cxx17__normal_iteratorIPmSt6vectorImSaImEEEElmNS0_5__ops15_Iter_less_iterEEvT_T0_SA_T1_T2_>
    ac8d:	48 83 7d e8 00       	cmp    QWORD PTR [rbp-0x18],0x0
    ac92:	74 0a                	je     ac9e <_ZSt11__make_heapIN9__gnu_cxx17__normal_iteratorIPmSt6vectorImSaImEEEENS0_5__ops15_Iter_less_iterEEvT_S9_RT0_+0xdf>
    ac94:	48 83 6d e8 01       	sub    QWORD PTR [rbp-0x18],0x1
    ac99:	eb 9d                	jmp    ac38 <_ZSt11__make_heapIN9__gnu_cxx17__normal_iteratorIPmSt6vectorImSaImEEEENS0_5__ops15_Iter_less_iterEEvT_S9_RT0_+0x79>
    ac9b:	90                   	nop
    ac9c:	eb 01                	jmp    ac9f <_ZSt11__make_heapIN9__gnu_cxx17__normal_iteratorIPmSt6vectorImSaImEEEENS0_5__ops15_Iter_less_iterEEvT_S9_RT0_+0xe0>
    ac9e:	90                   	nop
    ac9f:	48 8b 45 f8          	mov    rax,QWORD PTR [rbp-0x8]
    aca3:	64 48 2b 04 25 28 00 	sub    rax,QWORD PTR fs:0x28
    acaa:	00 00 
    acac:	74 05                	je     acb3 <_ZSt11__make_heapIN9__gnu_cxx17__normal_iteratorIPmSt6vectorImSaImEEEENS0_5__ops15_Iter_less_iterEEvT_S9_RT0_+0xf4>
    acae:	e8 ed 78 ff ff       	call   25a0 <__stack_chk_fail@plt>
    acb3:	c9                   	leave
    acb4:	c3                   	ret

000000000000acb5 <_ZN9__gnu_cxxltIPmSt6vectorImSaImEEEEbRKNS_17__normal_iteratorIT_T0_EESA_>:
    acb5:	f3 0f 1e fa          	endbr64
    acb9:	55                   	push   rbp
    acba:	48 89 e5             	mov    rbp,rsp
    acbd:	53                   	push   rbx
    acbe:	48 83 ec 18          	sub    rsp,0x18
    acc2:	48 89 7d e8          	mov    QWORD PTR [rbp-0x18],rdi
    acc6:	48 89 75 e0          	mov    QWORD PTR [rbp-0x20],rsi
    acca:	48 8b 45 e8          	mov    rax,QWORD PTR [rbp-0x18]
    acce:	48 89 c7             	mov    rdi,rax
    acd1:	e8 a4 d5 ff ff       	call   827a <_ZNK9__gnu_cxx17__normal_iteratorIPmSt6vectorImSaImEEE4baseEv>
    acd6:	48 8b 18             	mov    rbx,QWORD PTR [rax]
    acd9:	48 8b 45 e0          	mov    rax,QWORD PTR [rbp-0x20]
    acdd:	48 89 c7             	mov    rdi,rax
    ace0:	e8 95 d5 ff ff       	call   827a <_ZNK9__gnu_cxx17__normal_iteratorIPmSt6vectorImSaImEEE4baseEv>
    ace5:	48 8b 00             	mov    rax,QWORD PTR [rax]
    ace8:	48 39 c3             	cmp    rbx,rax
    aceb:	0f 92 c0             	setb   al
    acee:	48 8b 5d f8          	mov    rbx,QWORD PTR [rbp-0x8]
    acf2:	c9                   	leave
    acf3:	c3                   	ret

000000000000acf4 <_ZSt10__pop_heapIN9__gnu_cxx17__normal_iteratorIPmSt6vectorImSaImEEEENS0_5__ops15_Iter_less_iterEEvT_S9_S9_RT0_>:
    acf4:	f3 0f 1e fa          	endbr64
    acf8:	55                   	push   rbp
    acf9:	48 89 e5             	mov    rbp,rsp
    acfc:	53                   	push   rbx
    acfd:	48 83 ec 38          	sub    rsp,0x38
    ad01:	48 89 7d d8          	mov    QWORD PTR [rbp-0x28],rdi
    ad05:	48 89 75 d0          	mov    QWORD PTR [rbp-0x30],rsi
    ad09:	48 89 55 c8          	mov    QWORD PTR [rbp-0x38],rdx
    ad0d:	48 89 4d c0          	mov    QWORD PTR [rbp-0x40],rcx
    ad11:	64 48 8b 04 25 28 00 	mov    rax,QWORD PTR fs:0x28
    ad18:	00 00 
    ad1a:	48 89 45 e8          	mov    QWORD PTR [rbp-0x18],rax
    ad1e:	31 c0                	xor    eax,eax
    ad20:	48 8d 45 c8          	lea    rax,[rbp-0x38]
    ad24:	48 89 c7             	mov    rdi,rax
    ad27:	e8 9c ba ff ff       	call   67c8 <_ZNK9__gnu_cxx17__normal_iteratorIPmSt6vectorImSaImEEEdeEv>
    ad2c:	48 89 c7             	mov    rdi,rax
    ad2f:	e8 66 c0 ff ff       	call   6d9a <_ZSt4moveIRmEONSt16remove_referenceIT_E4typeEOS2_>
    ad34:	48 8b 00             	mov    rax,QWORD PTR [rax]
    ad37:	48 89 45 e0          	mov    QWORD PTR [rbp-0x20],rax
    ad3b:	48 8d 45 d8          	lea    rax,[rbp-0x28]
    ad3f:	48 89 c7             	mov    rdi,rax
    ad42:	e8 81 ba ff ff       	call   67c8 <_ZNK9__gnu_cxx17__normal_iteratorIPmSt6vectorImSaImEEEdeEv>
    ad47:	48 89 c7             	mov    rdi,rax
    ad4a:	e8 4b c0 ff ff       	call   6d9a <_ZSt4moveIRmEONSt16remove_referenceIT_E4typeEOS2_>
    ad4f:	48 89 c3             	mov    rbx,rax
    ad52:	48 8d 45 c8          	lea    rax,[rbp-0x38]
    ad56:	48 89 c7             	mov    rdi,rax
    ad59:	e8 6a ba ff ff       	call   67c8 <_ZNK9__gnu_cxx17__normal_iteratorIPmSt6vectorImSaImEEEdeEv>
    ad5e:	48 8b 13             	mov    rdx,QWORD PTR [rbx]
    ad61:	48 89 10             	mov    QWORD PTR [rax],rdx
    ad64:	48 8d 45 e0          	lea    rax,[rbp-0x20]
    ad68:	48 89 c7             	mov    rdi,rax
    ad6b:	e8 2a c0 ff ff       	call   6d9a <_ZSt4moveIRmEONSt16remove_referenceIT_E4typeEOS2_>
    ad70:	48 8b 18             	mov    rbx,QWORD PTR [rax]
    ad73:	48 8d 55 d8          	lea    rdx,[rbp-0x28]
    ad77:	48 8d 45 d0          	lea    rax,[rbp-0x30]
    ad7b:	48 89 d6             	mov    rsi,rdx
    ad7e:	48 89 c7             	mov    rdi,rax
    ad81:	e8 5c c4 ff ff       	call   71e2 <_ZN9__gnu_cxxmiIPmSt6vectorImSaImEEEENS_17__normal_iteratorIT_T0_E15difference_typeERKS8_SB_>
    ad86:	48 89 c2             	mov    rdx,rax
    ad89:	48 8b 45 d8          	mov    rax,QWORD PTR [rbp-0x28]
    ad8d:	48 89 d9             	mov    rcx,rbx
    ad90:	be 00 00 00 00       	mov    esi,0x0
    ad95:	48 89 c7             	mov    rdi,rax
    ad98:	e8 a8 03 00 00       	call   b145 <_ZSt13__adjust_heapIN9__gnu_cxx17__normal_iteratorIPmSt6vectorImSaImEEEElmNS0_5__ops15_Iter_less_iterEEvT_T0_SA_T1_T2_>
    ad9d:	90                   	nop
    ad9e:	48 8b 45 e8          	mov    rax,QWORD PTR [rbp-0x18]
    ada2:	64 48 2b 04 25 28 00 	sub    rax,QWORD PTR fs:0x28
    ada9:	00 00 
    adab:	74 05                	je     adb2 <_ZSt10__pop_heapIN9__gnu_cxx17__normal_iteratorIPmSt6vectorImSaImEEEENS0_5__ops15_Iter_less_iterEEvT_S9_S9_RT0_+0xbe>
    adad:	e8 ee 77 ff ff       	call   25a0 <__stack_chk_fail@plt>
    adb2:	48 8b 5d f8          	mov    rbx,QWORD PTR [rbp-0x8]
    adb6:	c9                   	leave
    adb7:	c3                   	ret

000000000000adb8 <_ZN9__gnu_cxx17__normal_iteratorIPmSt6vectorImSaImEEEmmEv>:
    adb8:	f3 0f 1e fa          	endbr64
    adbc:	55                   	push   rbp
    adbd:	48 89 e5             	mov    rbp,rsp
    adc0:	48 89 7d f8          	mov    QWORD PTR [rbp-0x8],rdi
    adc4:	48 8b 45 f8          	mov    rax,QWORD PTR [rbp-0x8]
    adc8:	48 8b 00             	mov    rax,QWORD PTR [rax]
    adcb:	48 8d 50 f8          	lea    rdx,[rax-0x8]
    adcf:	48 8b 45 f8          	mov    rax,QWORD PTR [rbp-0x8]
    add3:	48 89 10             	mov    QWORD PTR [rax],rdx
    add6:	48 8b 45 f8          	mov    rax,QWORD PTR [rbp-0x8]
    adda:	5d                   	pop    rbp
    addb:	c3                   	ret

000000000000addc <_ZSt12__miter_baseIN9__gnu_cxx17__normal_iteratorIPmSt6vectorImSaImEEEEET_S7_>:
    addc:	f3 0f 1e fa          	endbr64
    ade0:	55                   	push   rbp
    ade1:	48 89 e5             	mov    rbp,rsp
    ade4:	48 89 7d f8          	mov    QWORD PTR [rbp-0x8],rdi
    ade8:	48 8b 45 f8          	mov    rax,QWORD PTR [rbp-0x8]
    adec:	5d                   	pop    rbp
    aded:	c3                   	ret

000000000000adee <_ZSt22__copy_move_backward_aILb1EN9__gnu_cxx17__normal_iteratorIPmSt6vectorImSaImEEEES6_ET1_T0_S8_S7_>:
    adee:	f3 0f 1e fa          	endbr64
    adf2:	55                   	push   rbp
    adf3:	48 89 e5             	mov    rbp,rsp
    adf6:	41 54                	push   r12
    adf8:	53                   	push   rbx
    adf9:	48 83 ec 20          	sub    rsp,0x20
    adfd:	48 89 7d e8          	mov    QWORD PTR [rbp-0x18],rdi
    ae01:	48 89 75 e0          	mov    QWORD PTR [rbp-0x20],rsi
    ae05:	48 89 55 d8          	mov    QWORD PTR [rbp-0x28],rdx
    ae09:	48 8b 45 d8          	mov    rax,QWORD PTR [rbp-0x28]
    ae0d:	48 89 c7             	mov    rdi,rax
    ae10:	e8 35 f3 ff ff       	call   a14a <_ZSt12__niter_baseIPmSt6vectorImSaImEEET_N9__gnu_cxx17__normal_iteratorIS4_T0_EE>
    ae15:	49 89 c4             	mov    r12,rax
    ae18:	48 8b 45 e0          	mov    rax,QWORD PTR [rbp-0x20]
    ae1c:	48 89 c7             	mov    rdi,rax
    ae1f:	e8 26 f3 ff ff       	call   a14a <_ZSt12__niter_baseIPmSt6vectorImSaImEEET_N9__gnu_cxx17__normal_iteratorIS4_T0_EE>
    ae24:	48 89 c3             	mov    rbx,rax
    ae27:	48 8b 45 e8          	mov    rax,QWORD PTR [rbp-0x18]
    ae2b:	48 89 c7             	mov    rdi,rax
    ae2e:	e8 17 f3 ff ff       	call   a14a <_ZSt12__niter_baseIPmSt6vectorImSaImEEET_N9__gnu_cxx17__normal_iteratorIS4_T0_EE>
    ae33:	4c 89 e2             	mov    rdx,r12
    ae36:	48 89 de             	mov    rsi,rbx
    ae39:	48 89 c7             	mov    rdi,rax
    ae3c:	e8 6d f5 ff ff       	call   a3ae <_ZSt23__copy_move_backward_a1ILb1EPmS0_ET1_T0_S2_S1_>
    ae41:	48 89 c2             	mov    rdx,rax
    ae44:	48 8b 45 d8          	mov    rax,QWORD PTR [rbp-0x28]
    ae48:	48 89 d6             	mov    rsi,rdx
    ae4b:	48 89 c7             	mov    rdi,rax
    ae4e:	e8 49 f3 ff ff       	call   a19c <_ZSt12__niter_wrapIN9__gnu_cxx17__normal_iteratorIPmSt6vectorImSaImEEEES2_ET_S7_T0_>
    ae53:	48 83 c4 20          	add    rsp,0x20
    ae57:	5b                   	pop    rbx
    ae58:	41 5c                	pop    r12
    ae5a:	5d                   	pop    rbp
    ae5b:	c3                   	ret

000000000000ae5c <_ZNK9__gnu_cxx5__ops14_Val_less_iterclImNS_17__normal_iteratorIPmSt6vectorImSaImEEEEEEbRT_T0_>:
    ae5c:	f3 0f 1e fa          	endbr64
    ae60:	55                   	push   rbp
    ae61:	48 89 e5             	mov    rbp,rsp
    ae64:	53                   	push   rbx
    ae65:	48 83 ec 28          	sub    rsp,0x28
    ae69:	48 89 7d e8          	mov    QWORD PTR [rbp-0x18],rdi
    ae6d:	48 89 75 e0          	mov    QWORD PTR [rbp-0x20],rsi
    ae71:	48 89 55 d8          	mov    QWORD PTR [rbp-0x28],rdx
    ae75:	48 8b 45 e0          	mov    rax,QWORD PTR [rbp-0x20]
    ae79:	48 8b 18             	mov    rbx,QWORD PTR [rax]
    ae7c:	48 8d 45 d8          	lea    rax,[rbp-0x28]
    ae80:	48 89 c7             	mov    rdi,rax
    ae83:	e8 40 b9 ff ff       	call   67c8 <_ZNK9__gnu_cxx17__normal_iteratorIPmSt6vectorImSaImEEEdeEv>
    ae88:	48 8b 00             	mov    rax,QWORD PTR [rax]
    ae8b:	48 39 c3             	cmp    rbx,rax
    ae8e:	0f 92 c0             	setb   al
    ae91:	48 8b 5d f8          	mov    rbx,QWORD PTR [rbp-0x8]
    ae95:	c9                   	leave
    ae96:	c3                   	ret

000000000000ae97 <_ZSt4copyIN9__gnu_cxx17__normal_iteratorIPKmSt6vectorImSaImEEEEPmET0_T_SA_S9_>:
    ae97:	f3 0f 1e fa          	endbr64
    ae9b:	55                   	push   rbp
    ae9c:	48 89 e5             	mov    rbp,rsp
    ae9f:	53                   	push   rbx
    aea0:	48 83 ec 28          	sub    rsp,0x28
    aea4:	48 89 7d e8          	mov    QWORD PTR [rbp-0x18],rdi
    aea8:	48 89 75 e0          	mov    QWORD PTR [rbp-0x20],rsi
    aeac:	48 89 55 d8          	mov    QWORD PTR [rbp-0x28],rdx
    aeb0:	48 8b 45 e0          	mov    rax,QWORD PTR [rbp-0x20]
    aeb4:	48 89 c7             	mov    rdi,rax
    aeb7:	e8 53 e6 ff ff       	call   950f <_ZSt12__miter_baseIN9__gnu_cxx17__normal_iteratorIPKmSt6vectorImSaImEEEEET_S8_>
    aebc:	48 89 c3             	mov    rbx,rax
    aebf:	48 8b 45 e8          	mov    rax,QWORD PTR [rbp-0x18]
    aec3:	48 89 c7             	mov    rdi,rax
    aec6:	e8 44 e6 ff ff       	call   950f <_ZSt12__miter_baseIN9__gnu_cxx17__normal_iteratorIPKmSt6vectorImSaImEEEEET_S8_>
    aecb:	48 89 c1             	mov    rcx,rax
    aece:	48 8b 45 d8          	mov    rax,QWORD PTR [rbp-0x28]
    aed2:	48 89 c2             	mov    rdx,rax
    aed5:	48 89 de             	mov    rsi,rbx
    aed8:	48 89 cf             	mov    rdi,rcx
    aedb:	e8 7c 04 00 00       	call   b35c <_ZSt13__copy_move_aILb0EN9__gnu_cxx17__normal_iteratorIPKmSt6vectorImSaImEEEEPmET1_T0_SA_S9_>
    aee0:	48 8b 5d f8          	mov    rbx,QWORD PTR [rbp-0x8]
    aee4:	c9                   	leave
    aee5:	c3                   	ret

000000000000aee6 <_ZNSt11__copy_moveILb0ELb1ESt26random_access_iterator_tagE8__copy_mIKmmEEPT0_PT_S7_S5_>:
    aee6:	f3 0f 1e fa          	endbr64
    aeea:	55                   	push   rbp
    aeeb:	48 89 e5             	mov    rbp,rsp
    aeee:	48 83 ec 30          	sub    rsp,0x30
    aef2:	48 89 7d e8          	mov    QWORD PTR [rbp-0x18],rdi
    aef6:	48 89 75 e0          	mov    QWORD PTR [rbp-0x20],rsi
    aefa:	48 89 55 d8          	mov    QWORD PTR [rbp-0x28],rdx
    aefe:	48 8b 45 e0          	mov    rax,QWORD PTR [rbp-0x20]
    af02:	48 2b 45 e8          	sub    rax,QWORD PTR [rbp-0x18]
    af06:	48 c1 f8 03          	sar    rax,0x3
    af0a:	48 89 45 f8          	mov    QWORD PTR [rbp-0x8],rax
    af0e:	48 83 7d f8 01       	cmp    QWORD PTR [rbp-0x8],0x1
    af13:	0f 9f c0             	setg   al
    af16:	0f b6 c0             	movzx  eax,al
    af19:	48 85 c0             	test   rax,rax
    af1c:	74 21                	je     af3f <_ZNSt11__copy_moveILb0ELb1ESt26random_access_iterator_tagE8__copy_mIKmmEEPT0_PT_S7_S5_+0x59>
    af1e:	48 8b 45 f8          	mov    rax,QWORD PTR [rbp-0x8]
    af22:	48 8d 14 c5 00 00 00 	lea    rdx,[rax*8+0x0]
    af29:	00 
    af2a:	48 8b 4d e8          	mov    rcx,QWORD PTR [rbp-0x18]
    af2e:	48 8b 45 d8          	mov    rax,QWORD PTR [rbp-0x28]
    af32:	48 89 ce             	mov    rsi,rcx
    af35:	48 89 c7             	mov    rdi,rax
    af38:	e8 a3 77 ff ff       	call   26e0 <memmove@plt>
    af3d:	eb 1a                	jmp    af59 <_ZNSt11__copy_moveILb0ELb1ESt26random_access_iterator_tagE8__copy_mIKmmEEPT0_PT_S7_S5_+0x73>
    af3f:	48 83 7d f8 01       	cmp    QWORD PTR [rbp-0x8],0x1
    af44:	75 13                	jne    af59 <_ZNSt11__copy_moveILb0ELb1ESt26random_access_iterator_tagE8__copy_mIKmmEEPT0_PT_S7_S5_+0x73>
    af46:	48 8b 55 e8          	mov    rdx,QWORD PTR [rbp-0x18]
    af4a:	48 8b 45 d8          	mov    rax,QWORD PTR [rbp-0x28]
    af4e:	48 89 d6             	mov    rsi,rdx
    af51:	48 89 c7             	mov    rdi,rax
    af54:	e8 71 04 00 00       	call   b3ca <_ZNSt11__copy_moveILb0ELb0ESt26random_access_iterator_tagE12__assign_oneImKmEEvPT_PT0_>
    af59:	48 8b 45 f8          	mov    rax,QWORD PTR [rbp-0x8]
    af5d:	48 8d 14 c5 00 00 00 	lea    rdx,[rax*8+0x0]
    af64:	00 
    af65:	48 8b 45 d8          	mov    rax,QWORD PTR [rbp-0x28]
    af69:	48 01 d0             	add    rax,rdx
    af6c:	c9                   	leave
    af6d:	c3                   	ret

000000000000af6e <_ZNSt11__copy_moveILb0ELb1ESt26random_access_iterator_tagE8__copy_mImmEEPT0_PT_S6_S4_>:
    af6e:	f3 0f 1e fa          	endbr64
    af72:	55                   	push   rbp
    af73:	48 89 e5             	mov    rbp,rsp
    af76:	48 83 ec 30          	sub    rsp,0x30
    af7a:	48 89 7d e8          	mov    QWORD PTR [rbp-0x18],rdi
    af7e:	48 89 75 e0          	mov    QWORD PTR [rbp-0x20],rsi
    af82:	48 89 55 d8          	mov    QWORD PTR [rbp-0x28],rdx
    af86:	48 8b 45 e0          	mov    rax,QWORD PTR [rbp-0x20]
    af8a:	48 2b 45 e8          	sub    rax,QWORD PTR [rbp-0x18]
    af8e:	48 c1 f8 03          	sar    rax,0x3
    af92:	48 89 45 f8          	mov    QWORD PTR [rbp-0x8],rax
    af96:	48 83 7d f8 01       	cmp    QWORD PTR [rbp-0x8],0x1
    af9b:	0f 9f c0             	setg   al
    af9e:	0f b6 c0             	movzx  eax,al
    afa1:	48 85 c0             	test   rax,rax
    afa4:	74 21                	je     afc7 <_ZNSt11__copy_moveILb0ELb1ESt26random_access_iterator_tagE8__copy_mImmEEPT0_PT_S6_S4_+0x59>
    afa6:	48 8b 45 f8          	mov    rax,QWORD PTR [rbp-0x8]
    afaa:	48 8d 14 c5 00 00 00 	lea    rdx,[rax*8+0x0]
    afb1:	00 
    afb2:	48 8b 4d e8          	mov    rcx,QWORD PTR [rbp-0x18]
    afb6:	48 8b 45 d8          	mov    rax,QWORD PTR [rbp-0x28]
    afba:	48 89 ce             	mov    rsi,rcx
    afbd:	48 89 c7             	mov    rdi,rax
    afc0:	e8 1b 77 ff ff       	call   26e0 <memmove@plt>
    afc5:	eb 1a                	jmp    afe1 <_ZNSt11__copy_moveILb0ELb1ESt26random_access_iterator_tagE8__copy_mImmEEPT0_PT_S6_S4_+0x73>
    afc7:	48 83 7d f8 01       	cmp    QWORD PTR [rbp-0x8],0x1
    afcc:	75 13                	jne    afe1 <_ZNSt11__copy_moveILb0ELb1ESt26random_access_iterator_tagE8__copy_mImmEEPT0_PT_S6_S4_+0x73>
    afce:	48 8b 55 e8          	mov    rdx,QWORD PTR [rbp-0x18]
    afd2:	48 8b 45 d8          	mov    rax,QWORD PTR [rbp-0x28]
    afd6:	48 89 d6             	mov    rsi,rdx
    afd9:	48 89 c7             	mov    rdi,rax
    afdc:	e8 0a 04 00 00       	call   b3eb <_ZNSt11__copy_moveILb0ELb0ESt26random_access_iterator_tagE12__assign_oneImmEEvPT_PT0_>
    afe1:	48 8b 45 f8          	mov    rax,QWORD PTR [rbp-0x8]
    afe5:	48 8d 14 c5 00 00 00 	lea    rdx,[rax*8+0x0]
    afec:	00 
    afed:	48 8b 45 d8          	mov    rax,QWORD PTR [rbp-0x28]
    aff1:	48 01 d0             	add    rax,rdx
    aff4:	c9                   	leave
    aff5:	c3                   	ret

000000000000aff6 <_ZSt10__fill_n_aIPmmmET_S1_T0_RKT1_St26random_access_iterator_tag>:
    aff6:	f3 0f 1e fa          	endbr64
    affa:	55                   	push   rbp
    affb:	48 89 e5             	mov    rbp,rsp
    affe:	48 83 ec 20          	sub    rsp,0x20
    b002:	48 89 7d f8          	mov    QWORD PTR [rbp-0x8],rdi
    b006:	48 89 75 f0          	mov    QWORD PTR [rbp-0x10],rsi
    b00a:	48 89 55 e8          	mov    QWORD PTR [rbp-0x18],rdx
    b00e:	48 83 7d f0 00       	cmp    QWORD PTR [rbp-0x10],0x0
    b013:	75 06                	jne    b01b <_ZSt10__fill_n_aIPmmmET_S1_T0_RKT1_St26random_access_iterator_tag+0x25>
    b015:	48 8b 45 f8          	mov    rax,QWORD PTR [rbp-0x8]
    b019:	eb 3a                	jmp    b055 <_ZSt10__fill_n_aIPmmmET_S1_T0_RKT1_St26random_access_iterator_tag+0x5f>
    b01b:	48 8b 45 f0          	mov    rax,QWORD PTR [rbp-0x10]
    b01f:	48 8d 14 c5 00 00 00 	lea    rdx,[rax*8+0x0]
    b026:	00 
    b027:	48 8b 45 f8          	mov    rax,QWORD PTR [rbp-0x8]
    b02b:	48 8d 0c 02          	lea    rcx,[rdx+rax*1]
    b02f:	48 8b 55 e8          	mov    rdx,QWORD PTR [rbp-0x18]
    b033:	48 8b 45 f8          	mov    rax,QWORD PTR [rbp-0x8]
    b037:	48 89 ce             	mov    rsi,rcx
    b03a:	48 89 c7             	mov    rdi,rax
    b03d:	e8 aa ec ff ff       	call   9cec <_ZSt8__fill_aIPmmEvT_S1_RKT0_>
    b042:	48 8b 45 f0          	mov    rax,QWORD PTR [rbp-0x10]
    b046:	48 8d 14 c5 00 00 00 	lea    rdx,[rax*8+0x0]
    b04d:	00 
    b04e:	48 8b 45 f8          	mov    rax,QWORD PTR [rbp-0x8]
    b052:	48 01 d0             	add    rax,rdx
    b055:	c9                   	leave
    b056:	c3                   	ret

000000000000b057 <_ZSt4copyISt13move_iteratorIPmES1_ET0_T_S4_S3_>:
    b057:	f3 0f 1e fa          	endbr64
    b05b:	55                   	push   rbp
    b05c:	48 89 e5             	mov    rbp,rsp
    b05f:	53                   	push   rbx
    b060:	48 83 ec 28          	sub    rsp,0x28
    b064:	48 89 7d e8          	mov    QWORD PTR [rbp-0x18],rdi
    b068:	48 89 75 e0          	mov    QWORD PTR [rbp-0x20],rsi
    b06c:	48 89 55 d8          	mov    QWORD PTR [rbp-0x28],rdx
    b070:	48 8b 45 e0          	mov    rax,QWORD PTR [rbp-0x20]
    b074:	48 89 c7             	mov    rdi,rax
    b077:	e8 90 03 00 00       	call   b40c <_ZSt12__miter_baseIPmEDTcl12__miter_basecldtfp_4baseEEESt13move_iteratorIT_E>
    b07c:	48 89 c3             	mov    rbx,rax
    b07f:	48 8b 45 e8          	mov    rax,QWORD PTR [rbp-0x18]
    b083:	48 89 c7             	mov    rdi,rax
    b086:	e8 81 03 00 00       	call   b40c <_ZSt12__miter_baseIPmEDTcl12__miter_basecldtfp_4baseEEESt13move_iteratorIT_E>
    b08b:	48 89 c1             	mov    rcx,rax
    b08e:	48 8b 45 d8          	mov    rax,QWORD PTR [rbp-0x28]
    b092:	48 89 c2             	mov    rdx,rax
    b095:	48 89 de             	mov    rsi,rbx
    b098:	48 89 cf             	mov    rdi,rcx
    b09b:	e8 92 03 00 00       	call   b432 <_ZSt13__copy_move_aILb1EPmS0_ET1_T0_S2_S1_>
    b0a0:	48 8b 5d f8          	mov    rbx,QWORD PTR [rbp-0x8]
    b0a4:	c9                   	leave
    b0a5:	c3                   	ret

000000000000b0a6 <_ZNSt20__copy_move_backwardILb1ELb1ESt26random_access_iterator_tagE13__copy_move_bImmEEPT0_PT_S6_S4_>:
    b0a6:	f3 0f 1e fa          	endbr64
    b0aa:	55                   	push   rbp
    b0ab:	48 89 e5             	mov    rbp,rsp
    b0ae:	48 83 ec 30          	sub    rsp,0x30
    b0b2:	48 89 7d e8          	mov    QWORD PTR [rbp-0x18],rdi
    b0b6:	48 89 75 e0          	mov    QWORD PTR [rbp-0x20],rsi
    b0ba:	48 89 55 d8          	mov    QWORD PTR [rbp-0x28],rdx
    b0be:	48 8b 45 e0          	mov    rax,QWORD PTR [rbp-0x20]
    b0c2:	48 2b 45 e8          	sub    rax,QWORD PTR [rbp-0x18]
    b0c6:	48 c1 f8 03          	sar    rax,0x3
    b0ca:	48 89 45 f8          	mov    QWORD PTR [rbp-0x8],rax
    b0ce:	48 83 7d f8 01       	cmp    QWORD PTR [rbp-0x8],0x1
    b0d3:	0f 9f c0             	setg   al
    b0d6:	0f b6 c0             	movzx  eax,al
    b0d9:	48 85 c0             	test   rax,rax
    b0dc:	74 32                	je     b110 <_ZNSt20__copy_move_backwardILb1ELb1ESt26random_access_iterator_tagE13__copy_move_bImmEEPT0_PT_S6_S4_+0x6a>
    b0de:	48 8b 45 f8          	mov    rax,QWORD PTR [rbp-0x8]
    b0e2:	48 8d 14 c5 00 00 00 	lea    rdx,[rax*8+0x0]
    b0e9:	00 
    b0ea:	48 8b 45 f8          	mov    rax,QWORD PTR [rbp-0x8]
    b0ee:	48 c1 e0 03          	shl    rax,0x3
    b0f2:	48 f7 d8             	neg    rax
    b0f5:	48 89 c1             	mov    rcx,rax
    b0f8:	48 8b 45 d8          	mov    rax,QWORD PTR [rbp-0x28]
    b0fc:	48 01 c1             	add    rcx,rax
    b0ff:	48 8b 45 e8          	mov    rax,QWORD PTR [rbp-0x18]
    b103:	48 89 c6             	mov    rsi,rax
    b106:	48 89 cf             	mov    rdi,rcx
    b109:	e8 d2 75 ff ff       	call   26e0 <memmove@plt>
    b10e:	eb 1e                	jmp    b12e <_ZNSt20__copy_move_backwardILb1ELb1ESt26random_access_iterator_tagE13__copy_move_bImmEEPT0_PT_S6_S4_+0x88>
    b110:	48 83 7d f8 01       	cmp    QWORD PTR [rbp-0x8],0x1
    b115:	75 17                	jne    b12e <_ZNSt20__copy_move_backwardILb1ELb1ESt26random_access_iterator_tagE13__copy_move_bImmEEPT0_PT_S6_S4_+0x88>
    b117:	48 8b 45 d8          	mov    rax,QWORD PTR [rbp-0x28]
    b11b:	48 8d 50 f8          	lea    rdx,[rax-0x8]
    b11f:	48 8b 45 e8          	mov    rax,QWORD PTR [rbp-0x18]
    b123:	48 89 c6             	mov    rsi,rax
    b126:	48 89 d7             	mov    rdi,rdx
    b129:	e8 72 03 00 00       	call   b4a0 <_ZNSt11__copy_moveILb1ELb0ESt26random_access_iterator_tagE12__assign_oneImmEEvPT_PT0_>
    b12e:	48 8b 45 f8          	mov    rax,QWORD PTR [rbp-0x8]
    b132:	48 c1 e0 03          	shl    rax,0x3
    b136:	48 f7 d8             	neg    rax
    b139:	48 89 c2             	mov    rdx,rax
    b13c:	48 8b 45 d8          	mov    rax,QWORD PTR [rbp-0x28]
    b140:	48 01 d0             	add    rax,rdx
    b143:	c9                   	leave
    b144:	c3                   	ret

000000000000b145 <_ZSt13__adjust_heapIN9__gnu_cxx17__normal_iteratorIPmSt6vectorImSaImEEEElmNS0_5__ops15_Iter_less_iterEEvT_T0_SA_T1_T2_>:
    b145:	f3 0f 1e fa          	endbr64
    b149:	55                   	push   rbp
    b14a:	48 89 e5             	mov    rbp,rsp
    b14d:	53                   	push   rbx
    b14e:	48 83 ec 68          	sub    rsp,0x68
    b152:	48 89 7d b8          	mov    QWORD PTR [rbp-0x48],rdi
    b156:	48 89 75 b0          	mov    QWORD PTR [rbp-0x50],rsi
    b15a:	48 89 55 a8          	mov    QWORD PTR [rbp-0x58],rdx
    b15e:	48 89 4d a0          	mov    QWORD PTR [rbp-0x60],rcx
    b162:	64 48 8b 04 25 28 00 	mov    rax,QWORD PTR fs:0x28
    b169:	00 00 
    b16b:	48 89 45 e8          	mov    QWORD PTR [rbp-0x18],rax
    b16f:	31 c0                	xor    eax,eax
    b171:	48 8b 45 b0          	mov    rax,QWORD PTR [rbp-0x50]
    b175:	48 89 45 e0          	mov    QWORD PTR [rbp-0x20],rax
    b179:	48 8b 45 b0          	mov    rax,QWORD PTR [rbp-0x50]
    b17d:	48 89 45 d8          	mov    QWORD PTR [rbp-0x28],rax
    b181:	e9 b9 00 00 00       	jmp    b23f <_ZSt13__adjust_heapIN9__gnu_cxx17__normal_iteratorIPmSt6vectorImSaImEEEElmNS0_5__ops15_Iter_less_iterEEvT_T0_SA_T1_T2_+0xfa>
    b186:	48 8b 45 d8          	mov    rax,QWORD PTR [rbp-0x28]
    b18a:	48 83 c0 01          	add    rax,0x1
    b18e:	48 01 c0             	add    rax,rax
    b191:	48 89 45 d8          	mov    QWORD PTR [rbp-0x28],rax
    b195:	48 8b 45 d8          	mov    rax,QWORD PTR [rbp-0x28]
    b199:	48 8d 50 ff          	lea    rdx,[rax-0x1]
    b19d:	48 8d 45 b8          	lea    rax,[rbp-0x48]
    b1a1:	48 89 d6             	mov    rsi,rdx
    b1a4:	48 89 c7             	mov    rdi,rax
    b1a7:	e8 7c c0 ff ff       	call   7228 <_ZNK9__gnu_cxx17__normal_iteratorIPmSt6vectorImSaImEEEplEl>
    b1ac:	48 89 c3             	mov    rbx,rax
    b1af:	48 8b 55 d8          	mov    rdx,QWORD PTR [rbp-0x28]
    b1b3:	48 8d 45 b8          	lea    rax,[rbp-0x48]
    b1b7:	48 89 d6             	mov    rsi,rdx
    b1ba:	48 89 c7             	mov    rdi,rax
    b1bd:	e8 66 c0 ff ff       	call   7228 <_ZNK9__gnu_cxx17__normal_iteratorIPmSt6vectorImSaImEEEplEl>
    b1c2:	48 89 c1             	mov    rcx,rax
    b1c5:	48 8d 45 9f          	lea    rax,[rbp-0x61]
    b1c9:	48 89 da             	mov    rdx,rbx
    b1cc:	48 89 ce             	mov    rsi,rcx
    b1cf:	48 89 c7             	mov    rdi,rax
    b1d2:	e8 ad f6 ff ff       	call   a884 <_ZNK9__gnu_cxx5__ops15_Iter_less_iterclINS_17__normal_iteratorIPmSt6vectorImSaImEEEES8_EEbT_T0_>
    b1d7:	84 c0                	test   al,al
    b1d9:	74 05                	je     b1e0 <_ZSt13__adjust_heapIN9__gnu_cxx17__normal_iteratorIPmSt6vectorImSaImEEEElmNS0_5__ops15_Iter_less_iterEEvT_T0_SA_T1_T2_+0x9b>
    b1db:	48 83 6d d8 01       	sub    QWORD PTR [rbp-0x28],0x1
    b1e0:	48 8b 55 d8          	mov    rdx,QWORD PTR [rbp-0x28]
    b1e4:	48 8d 45 b8          	lea    rax,[rbp-0x48]
    b1e8:	48 89 d6             	mov    rsi,rdx
    b1eb:	48 89 c7             	mov    rdi,rax
    b1ee:	e8 35 c0 ff ff       	call   7228 <_ZNK9__gnu_cxx17__normal_iteratorIPmSt6vectorImSaImEEEplEl>
    b1f3:	48 89 45 d0          	mov    QWORD PTR [rbp-0x30],rax
    b1f7:	48 8d 45 d0          	lea    rax,[rbp-0x30]
    b1fb:	48 89 c7             	mov    rdi,rax
    b1fe:	e8 c5 b5 ff ff       	call   67c8 <_ZNK9__gnu_cxx17__normal_iteratorIPmSt6vectorImSaImEEEdeEv>
    b203:	48 89 c7             	mov    rdi,rax
    b206:	e8 8f bb ff ff       	call   6d9a <_ZSt4moveIRmEONSt16remove_referenceIT_E4typeEOS2_>
    b20b:	48 89 c3             	mov    rbx,rax
    b20e:	48 8b 55 b0          	mov    rdx,QWORD PTR [rbp-0x50]
    b212:	48 8d 45 b8          	lea    rax,[rbp-0x48]
    b216:	48 89 d6             	mov    rsi,rdx
    b219:	48 89 c7             	mov    rdi,rax
    b21c:	e8 07 c0 ff ff       	call   7228 <_ZNK9__gnu_cxx17__normal_iteratorIPmSt6vectorImSaImEEEplEl>
    b221:	48 89 45 c8          	mov    QWORD PTR [rbp-0x38],rax
    b225:	48 8d 45 c8          	lea    rax,[rbp-0x38]
    b229:	48 89 c7             	mov    rdi,rax
    b22c:	e8 97 b5 ff ff       	call   67c8 <_ZNK9__gnu_cxx17__normal_iteratorIPmSt6vectorImSaImEEEdeEv>
    b231:	48 8b 13             	mov    rdx,QWORD PTR [rbx]
    b234:	48 89 10             	mov    QWORD PTR [rax],rdx
    b237:	48 8b 45 d8          	mov    rax,QWORD PTR [rbp-0x28]
    b23b:	48 89 45 b0          	mov    QWORD PTR [rbp-0x50],rax
    b23f:	48 8b 45 a8          	mov    rax,QWORD PTR [rbp-0x58]
    b243:	48 83 e8 01          	sub    rax,0x1
    b247:	48 89 c2             	mov    rdx,rax
    b24a:	48 c1 ea 3f          	shr    rdx,0x3f
    b24e:	48 01 d0             	add    rax,rdx
    b251:	48 d1 f8             	sar    rax,1
    b254:	48 39 45 d8          	cmp    QWORD PTR [rbp-0x28],rax
    b258:	0f 8c 28 ff ff ff    	jl     b186 <_ZSt13__adjust_heapIN9__gnu_cxx17__normal_iteratorIPmSt6vectorImSaImEEEElmNS0_5__ops15_Iter_less_iterEEvT_T0_SA_T1_T2_+0x41>
    b25e:	48 8b 45 a8          	mov    rax,QWORD PTR [rbp-0x58]
    b262:	83 e0 01             	and    eax,0x1
    b265:	48 85 c0             	test   rax,rax
    b268:	0f 85 91 00 00 00    	jne    b2ff <_ZSt13__adjust_heapIN9__gnu_cxx17__normal_iteratorIPmSt6vectorImSaImEEEElmNS0_5__ops15_Iter_less_iterEEvT_T0_SA_T1_T2_+0x1ba>
    b26e:	48 8b 45 a8          	mov    rax,QWORD PTR [rbp-0x58]
    b272:	48 83 e8 02          	sub    rax,0x2
    b276:	48 89 c2             	mov    rdx,rax
    b279:	48 c1 ea 3f          	shr    rdx,0x3f
    b27d:	48 01 d0             	add    rax,rdx
    b280:	48 d1 f8             	sar    rax,1
    b283:	48 39 45 d8          	cmp    QWORD PTR [rbp-0x28],rax
    b287:	75 76                	jne    b2ff <_ZSt13__adjust_heapIN9__gnu_cxx17__normal_iteratorIPmSt6vectorImSaImEEEElmNS0_5__ops15_Iter_less_iterEEvT_T0_SA_T1_T2_+0x1ba>
    b289:	48 8b 45 d8          	mov    rax,QWORD PTR [rbp-0x28]
    b28d:	48 83 c0 01          	add    rax,0x1
    b291:	48 01 c0             	add    rax,rax
    b294:	48 89 45 d8          	mov    QWORD PTR [rbp-0x28],rax
    b298:	48 8b 45 d8          	mov    rax,QWORD PTR [rbp-0x28]
    b29c:	48 8d 50 ff          	lea    rdx,[rax-0x1]
    b2a0:	48 8d 45 b8          	lea    rax,[rbp-0x48]
    b2a4:	48 89 d6             	mov    rsi,rdx
    b2a7:	48 89 c7             	mov    rdi,rax
    b2aa:	e8 79 bf ff ff       	call   7228 <_ZNK9__gnu_cxx17__normal_iteratorIPmSt6vectorImSaImEEEplEl>
    b2af:	48 89 45 d0          	mov    QWORD PTR [rbp-0x30],rax
    b2b3:	48 8d 45 d0          	lea    rax,[rbp-0x30]
    b2b7:	48 89 c7             	mov    rdi,rax
    b2ba:	e8 09 b5 ff ff       	call   67c8 <_ZNK9__gnu_cxx17__normal_iteratorIPmSt6vectorImSaImEEEdeEv>
    b2bf:	48 89 c7             	mov    rdi,rax
    b2c2:	e8 d3 ba ff ff       	call   6d9a <_ZSt4moveIRmEONSt16remove_referenceIT_E4typeEOS2_>
    b2c7:	48 89 c3             	mov    rbx,rax
    b2ca:	48 8b 55 b0          	mov    rdx,QWORD PTR [rbp-0x50]
    b2ce:	48 8d 45 b8          	lea    rax,[rbp-0x48]
    b2d2:	48 89 d6             	mov    rsi,rdx
    b2d5:	48 89 c7             	mov    rdi,rax
    b2d8:	e8 4b bf ff ff       	call   7228 <_ZNK9__gnu_cxx17__normal_iteratorIPmSt6vectorImSaImEEEplEl>
    b2dd:	48 89 45 c8          	mov    QWORD PTR [rbp-0x38],rax
    b2e1:	48 8d 45 c8          	lea    rax,[rbp-0x38]
    b2e5:	48 89 c7             	mov    rdi,rax
    b2e8:	e8 db b4 ff ff       	call   67c8 <_ZNK9__gnu_cxx17__normal_iteratorIPmSt6vectorImSaImEEEdeEv>
    b2ed:	48 8b 13             	mov    rdx,QWORD PTR [rbx]
    b2f0:	48 89 10             	mov    QWORD PTR [rax],rdx
    b2f3:	48 8b 45 d8          	mov    rax,QWORD PTR [rbp-0x28]
    b2f7:	48 83 e8 01          	sub    rax,0x1
    b2fb:	48 89 45 b0          	mov    QWORD PTR [rbp-0x50],rax
    b2ff:	48 8d 45 9f          	lea    rax,[rbp-0x61]
    b303:	48 89 c7             	mov    rdi,rax
    b306:	e8 c2 01 00 00       	call   b4cd <_ZSt4moveIRN9__gnu_cxx5__ops15_Iter_less_iterEEONSt16remove_referenceIT_E4typeEOS5_>
    b30b:	48 8d 45 d0          	lea    rax,[rbp-0x30]
    b30f:	48 89 c7             	mov    rdi,rax
    b312:	e8 6d a9 ff ff       	call   5c84 <_ZN9__gnu_cxx5__ops14_Iter_less_valC1ENS0_15_Iter_less_iterE>
    b317:	48 8d 45 a0          	lea    rax,[rbp-0x60]
    b31b:	48 89 c7             	mov    rdi,rax
    b31e:	e8 77 ba ff ff       	call   6d9a <_ZSt4moveIRmEONSt16remove_referenceIT_E4typeEOS2_>
    b323:	48 8b 08             	mov    rcx,QWORD PTR [rax]
    b326:	48 8d 7d d0          	lea    rdi,[rbp-0x30]
    b32a:	48 8b 55 e0          	mov    rdx,QWORD PTR [rbp-0x20]
    b32e:	48 8b 75 b0          	mov    rsi,QWORD PTR [rbp-0x50]
    b332:	48 8b 45 b8          	mov    rax,QWORD PTR [rbp-0x48]
    b336:	49 89 f8             	mov    r8,rdi
    b339:	48 89 c7             	mov    rdi,rax
    b33c:	e8 9e 01 00 00       	call   b4df <_ZSt11__push_heapIN9__gnu_cxx17__normal_iteratorIPmSt6vectorImSaImEEEElmNS0_5__ops14_Iter_less_valEEvT_T0_SA_T1_RT2_>
    b341:	90                   	nop
    b342:	48 8b 45 e8          	mov    rax,QWORD PTR [rbp-0x18]
    b346:	64 48 2b 04 25 28 00 	sub    rax,QWORD PTR fs:0x28
    b34d:	00 00 
    b34f:	74 05                	je     b356 <_ZSt13__adjust_heapIN9__gnu_cxx17__normal_iteratorIPmSt6vectorImSaImEEEElmNS0_5__ops15_Iter_less_iterEEvT_T0_SA_T1_T2_+0x211>
    b351:	e8 4a 72 ff ff       	call   25a0 <__stack_chk_fail@plt>
    b356:	48 8b 5d f8          	mov    rbx,QWORD PTR [rbp-0x8]
    b35a:	c9                   	leave
    b35b:	c3                   	ret

000000000000b35c <_ZSt13__copy_move_aILb0EN9__gnu_cxx17__normal_iteratorIPKmSt6vectorImSaImEEEEPmET1_T0_SA_S9_>:
    b35c:	f3 0f 1e fa          	endbr64
    b360:	55                   	push   rbp
    b361:	48 89 e5             	mov    rbp,rsp
    b364:	41 54                	push   r12
    b366:	53                   	push   rbx
    b367:	48 83 ec 20          	sub    rsp,0x20
    b36b:	48 89 7d e8          	mov    QWORD PTR [rbp-0x18],rdi
    b36f:	48 89 75 e0          	mov    QWORD PTR [rbp-0x20],rsi
    b373:	48 89 55 d8          	mov    QWORD PTR [rbp-0x28],rdx
    b377:	48 8b 45 d8          	mov    rax,QWORD PTR [rbp-0x28]
    b37b:	48 89 c7             	mov    rdi,rax
    b37e:	e8 6e ee ff ff       	call   a1f1 <_ZSt12__niter_baseIPmET_S1_>
    b383:	49 89 c4             	mov    r12,rax
    b386:	48 8b 45 e0          	mov    rax,QWORD PTR [rbp-0x20]
    b38a:	48 89 c7             	mov    rdi,rax
    b38d:	e8 97 ed ff ff       	call   a129 <_ZSt12__niter_baseIPKmSt6vectorImSaImEEET_N9__gnu_cxx17__normal_iteratorIS5_T0_EE>
    b392:	48 89 c3             	mov    rbx,rax
    b395:	48 8b 45 e8          	mov    rax,QWORD PTR [rbp-0x18]
    b399:	48 89 c7             	mov    rdi,rax
    b39c:	e8 88 ed ff ff       	call   a129 <_ZSt12__niter_baseIPKmSt6vectorImSaImEEET_N9__gnu_cxx17__normal_iteratorIS5_T0_EE>
    b3a1:	4c 89 e2             	mov    rdx,r12
    b3a4:	48 89 de             	mov    rsi,rbx
    b3a7:	48 89 c7             	mov    rdi,rax
    b3aa:	e8 bc ed ff ff       	call   a16b <_ZSt14__copy_move_a1ILb0EPKmPmET1_T0_S4_S3_>
    b3af:	48 89 c2             	mov    rdx,rax
    b3b2:	48 8d 45 d8          	lea    rax,[rbp-0x28]
    b3b6:	48 89 d6             	mov    rsi,rdx
    b3b9:	48 89 c7             	mov    rdi,rax
    b3bc:	e8 73 ee ff ff       	call   a234 <_ZSt12__niter_wrapIPmET_RKS1_S1_>
    b3c1:	48 83 c4 20          	add    rsp,0x20
    b3c5:	5b                   	pop    rbx
    b3c6:	41 5c                	pop    r12
    b3c8:	5d                   	pop    rbp
    b3c9:	c3                   	ret

000000000000b3ca <_ZNSt11__copy_moveILb0ELb0ESt26random_access_iterator_tagE12__assign_oneImKmEEvPT_PT0_>:
    b3ca:	f3 0f 1e fa          	endbr64
    b3ce:	55                   	push   rbp
    b3cf:	48 89 e5             	mov    rbp,rsp
    b3d2:	48 89 7d f8          	mov    QWORD PTR [rbp-0x8],rdi
    b3d6:	48 89 75 f0          	mov    QWORD PTR [rbp-0x10],rsi
    b3da:	48 8b 45 f0          	mov    rax,QWORD PTR [rbp-0x10]
    b3de:	48 8b 10             	mov    rdx,QWORD PTR [rax]
    b3e1:	48 8b 45 f8          	mov    rax,QWORD PTR [rbp-0x8]
    b3e5:	48 89 10             	mov    QWORD PTR [rax],rdx
    b3e8:	90                   	nop
    b3e9:	5d                   	pop    rbp
    b3ea:	c3                   	ret

000000000000b3eb <_ZNSt11__copy_moveILb0ELb0ESt26random_access_iterator_tagE12__assign_oneImmEEvPT_PT0_>:
    b3eb:	f3 0f 1e fa          	endbr64
    b3ef:	55                   	push   rbp
    b3f0:	48 89 e5             	mov    rbp,rsp
    b3f3:	48 89 7d f8          	mov    QWORD PTR [rbp-0x8],rdi
    b3f7:	48 89 75 f0          	mov    QWORD PTR [rbp-0x10],rsi
    b3fb:	48 8b 45 f0          	mov    rax,QWORD PTR [rbp-0x10]
    b3ff:	48 8b 10             	mov    rdx,QWORD PTR [rax]
    b402:	48 8b 45 f8          	mov    rax,QWORD PTR [rbp-0x8]
    b406:	48 89 10             	mov    QWORD PTR [rax],rdx
    b409:	90                   	nop
    b40a:	5d                   	pop    rbp
    b40b:	c3                   	ret

000000000000b40c <_ZSt12__miter_baseIPmEDTcl12__miter_basecldtfp_4baseEEESt13move_iteratorIT_E>:
    b40c:	f3 0f 1e fa          	endbr64
    b410:	55                   	push   rbp
    b411:	48 89 e5             	mov    rbp,rsp
    b414:	48 83 ec 10          	sub    rsp,0x10
    b418:	48 89 7d f8          	mov    QWORD PTR [rbp-0x8],rdi
    b41c:	48 8d 45 f8          	lea    rax,[rbp-0x8]
    b420:	48 89 c7             	mov    rdi,rax
    b423:	e8 18 02 00 00       	call   b640 <_ZNKSt13move_iteratorIPmE4baseEv>
    b428:	48 89 c7             	mov    rdi,rax
    b42b:	e8 89 e1 ff ff       	call   95b9 <_ZSt12__miter_baseIPmET_S1_>
    b430:	c9                   	leave
    b431:	c3                   	ret

000000000000b432 <_ZSt13__copy_move_aILb1EPmS0_ET1_T0_S2_S1_>:
    b432:	f3 0f 1e fa          	endbr64
    b436:	55                   	push   rbp
    b437:	48 89 e5             	mov    rbp,rsp
    b43a:	41 54                	push   r12
    b43c:	53                   	push   rbx
    b43d:	48 83 ec 20          	sub    rsp,0x20
    b441:	48 89 7d e8          	mov    QWORD PTR [rbp-0x18],rdi
    b445:	48 89 75 e0          	mov    QWORD PTR [rbp-0x20],rsi
    b449:	48 89 55 d8          	mov    QWORD PTR [rbp-0x28],rdx
    b44d:	48 8b 45 d8          	mov    rax,QWORD PTR [rbp-0x28]
    b451:	48 89 c7             	mov    rdi,rax
    b454:	e8 98 ed ff ff       	call   a1f1 <_ZSt12__niter_baseIPmET_S1_>
    b459:	49 89 c4             	mov    r12,rax
    b45c:	48 8b 45 e0          	mov    rax,QWORD PTR [rbp-0x20]
    b460:	48 89 c7             	mov    rdi,rax
    b463:	e8 89 ed ff ff       	call   a1f1 <_ZSt12__niter_baseIPmET_S1_>
    b468:	48 89 c3             	mov    rbx,rax
    b46b:	48 8b 45 e8          	mov    rax,QWORD PTR [rbp-0x18]
    b46f:	48 89 c7             	mov    rdi,rax
    b472:	e8 7a ed ff ff       	call   a1f1 <_ZSt12__niter_baseIPmET_S1_>
    b477:	4c 89 e2             	mov    rdx,r12
    b47a:	48 89 de             	mov    rsi,rbx
    b47d:	48 89 c7             	mov    rdi,rax
    b480:	e8 d0 01 00 00       	call   b655 <_ZSt14__copy_move_a1ILb1EPmS0_ET1_T0_S2_S1_>
    b485:	48 89 c2             	mov    rdx,rax
    b488:	48 8d 45 d8          	lea    rax,[rbp-0x28]
    b48c:	48 89 d6             	mov    rsi,rdx
    b48f:	48 89 c7             	mov    rdi,rax
    b492:	e8 9d ed ff ff       	call   a234 <_ZSt12__niter_wrapIPmET_RKS1_S1_>
    b497:	48 83 c4 20          	add    rsp,0x20
    b49b:	5b                   	pop    rbx
    b49c:	41 5c                	pop    r12
    b49e:	5d                   	pop    rbp
    b49f:	c3                   	ret

000000000000b4a0 <_ZNSt11__copy_moveILb1ELb0ESt26random_access_iterator_tagE12__assign_oneImmEEvPT_PT0_>:
    b4a0:	f3 0f 1e fa          	endbr64
    b4a4:	55                   	push   rbp
    b4a5:	48 89 e5             	mov    rbp,rsp
    b4a8:	48 83 ec 10          	sub    rsp,0x10
    b4ac:	48 89 7d f8          	mov    QWORD PTR [rbp-0x8],rdi
    b4b0:	48 89 75 f0          	mov    QWORD PTR [rbp-0x10],rsi
    b4b4:	48 8b 45 f0          	mov    rax,QWORD PTR [rbp-0x10]
    b4b8:	48 89 c7             	mov    rdi,rax
    b4bb:	e8 da b8 ff ff       	call   6d9a <_ZSt4moveIRmEONSt16remove_referenceIT_E4typeEOS2_>
    b4c0:	48 8b 10             	mov    rdx,QWORD PTR [rax]
    b4c3:	48 8b 45 f8          	mov    rax,QWORD PTR [rbp-0x8]
    b4c7:	48 89 10             	mov    QWORD PTR [rax],rdx
    b4ca:	90                   	nop
    b4cb:	c9                   	leave
    b4cc:	c3                   	ret

000000000000b4cd <_ZSt4moveIRN9__gnu_cxx5__ops15_Iter_less_iterEEONSt16remove_referenceIT_E4typeEOS5_>:
    b4cd:	f3 0f 1e fa          	endbr64
    b4d1:	55                   	push   rbp
    b4d2:	48 89 e5             	mov    rbp,rsp
    b4d5:	48 89 7d f8          	mov    QWORD PTR [rbp-0x8],rdi
    b4d9:	48 8b 45 f8          	mov    rax,QWORD PTR [rbp-0x8]
    b4dd:	5d                   	pop    rbp
    b4de:	c3                   	ret

000000000000b4df <_ZSt11__push_heapIN9__gnu_cxx17__normal_iteratorIPmSt6vectorImSaImEEEElmNS0_5__ops14_Iter_less_valEEvT_T0_SA_T1_RT2_>:
    b4df:	f3 0f 1e fa          	endbr64
    b4e3:	55                   	push   rbp
    b4e4:	48 89 e5             	mov    rbp,rsp
    b4e7:	53                   	push   rbx
    b4e8:	48 83 ec 58          	sub    rsp,0x58
    b4ec:	48 89 7d c8          	mov    QWORD PTR [rbp-0x38],rdi
    b4f0:	48 89 75 c0          	mov    QWORD PTR [rbp-0x40],rsi
    b4f4:	48 89 55 b8          	mov    QWORD PTR [rbp-0x48],rdx
    b4f8:	48 89 4d b0          	mov    QWORD PTR [rbp-0x50],rcx
    b4fc:	4c 89 45 a8          	mov    QWORD PTR [rbp-0x58],r8
    b500:	64 48 8b 04 25 28 00 	mov    rax,QWORD PTR fs:0x28
    b507:	00 00 
    b509:	48 89 45 e8          	mov    QWORD PTR [rbp-0x18],rax
    b50d:	31 c0                	xor    eax,eax
    b50f:	48 8b 45 c0          	mov    rax,QWORD PTR [rbp-0x40]
    b513:	48 83 e8 01          	sub    rax,0x1
    b517:	48 89 c2             	mov    rdx,rax
    b51a:	48 c1 ea 3f          	shr    rdx,0x3f
    b51e:	48 01 d0             	add    rax,rdx
    b521:	48 d1 f8             	sar    rax,1
    b524:	48 89 45 e0          	mov    QWORD PTR [rbp-0x20],rax
    b528:	eb 78                	jmp    b5a2 <_ZSt11__push_heapIN9__gnu_cxx17__normal_iteratorIPmSt6vectorImSaImEEEElmNS0_5__ops14_Iter_less_valEEvT_T0_SA_T1_RT2_+0xc3>
    b52a:	48 8b 55 e0          	mov    rdx,QWORD PTR [rbp-0x20]
    b52e:	48 8d 45 c8          	lea    rax,[rbp-0x38]
    b532:	48 89 d6             	mov    rsi,rdx
    b535:	48 89 c7             	mov    rdi,rax
    b538:	e8 eb bc ff ff       	call   7228 <_ZNK9__gnu_cxx17__normal_iteratorIPmSt6vectorImSaImEEEplEl>
    b53d:	48 89 45 d8          	mov    QWORD PTR [rbp-0x28],rax
    b541:	48 8d 45 d8          	lea    rax,[rbp-0x28]
    b545:	48 89 c7             	mov    rdi,rax
    b548:	e8 7b b2 ff ff       	call   67c8 <_ZNK9__gnu_cxx17__normal_iteratorIPmSt6vectorImSaImEEEdeEv>
    b54d:	48 89 c7             	mov    rdi,rax
    b550:	e8 45 b8 ff ff       	call   6d9a <_ZSt4moveIRmEONSt16remove_referenceIT_E4typeEOS2_>
    b555:	48 89 c3             	mov    rbx,rax
    b558:	48 8b 55 c0          	mov    rdx,QWORD PTR [rbp-0x40]
    b55c:	48 8d 45 c8          	lea    rax,[rbp-0x38]
    b560:	48 89 d6             	mov    rsi,rdx
    b563:	48 89 c7             	mov    rdi,rax
    b566:	e8 bd bc ff ff       	call   7228 <_ZNK9__gnu_cxx17__normal_iteratorIPmSt6vectorImSaImEEEplEl>
    b56b:	48 89 45 d0          	mov    QWORD PTR [rbp-0x30],rax
    b56f:	48 8d 45 d0          	lea    rax,[rbp-0x30]
    b573:	48 89 c7             	mov    rdi,rax
    b576:	e8 4d b2 ff ff       	call   67c8 <_ZNK9__gnu_cxx17__normal_iteratorIPmSt6vectorImSaImEEEdeEv>
    b57b:	48 8b 13             	mov    rdx,QWORD PTR [rbx]
    b57e:	48 89 10             	mov    QWORD PTR [rax],rdx
    b581:	48 8b 45 e0          	mov    rax,QWORD PTR [rbp-0x20]
    b585:	48 89 45 c0          	mov    QWORD PTR [rbp-0x40],rax
    b589:	48 8b 45 c0          	mov    rax,QWORD PTR [rbp-0x40]
    b58d:	48 83 e8 01          	sub    rax,0x1
    b591:	48 89 c2             	mov    rdx,rax
    b594:	48 c1 ea 3f          	shr    rdx,0x3f
    b598:	48 01 d0             	add    rax,rdx
    b59b:	48 d1 f8             	sar    rax,1
    b59e:	48 89 45 e0          	mov    QWORD PTR [rbp-0x20],rax
    b5a2:	48 8b 45 c0          	mov    rax,QWORD PTR [rbp-0x40]
    b5a6:	48 3b 45 b8          	cmp    rax,QWORD PTR [rbp-0x48]
    b5aa:	7e 34                	jle    b5e0 <_ZSt11__push_heapIN9__gnu_cxx17__normal_iteratorIPmSt6vectorImSaImEEEElmNS0_5__ops14_Iter_less_valEEvT_T0_SA_T1_RT2_+0x101>
    b5ac:	48 8b 55 e0          	mov    rdx,QWORD PTR [rbp-0x20]
    b5b0:	48 8d 45 c8          	lea    rax,[rbp-0x38]
    b5b4:	48 89 d6             	mov    rsi,rdx
    b5b7:	48 89 c7             	mov    rdi,rax
    b5ba:	e8 69 bc ff ff       	call   7228 <_ZNK9__gnu_cxx17__normal_iteratorIPmSt6vectorImSaImEEEplEl>
    b5bf:	48 89 c1             	mov    rcx,rax
    b5c2:	48 8d 55 b0          	lea    rdx,[rbp-0x50]
    b5c6:	48 8b 45 a8          	mov    rax,QWORD PTR [rbp-0x58]
    b5ca:	48 89 ce             	mov    rsi,rcx
    b5cd:	48 89 c7             	mov    rdi,rax
    b5d0:	e8 b1 00 00 00       	call   b686 <_ZNK9__gnu_cxx5__ops14_Iter_less_valclINS_17__normal_iteratorIPmSt6vectorImSaImEEEEmEEbT_RT0_>
    b5d5:	84 c0                	test   al,al
    b5d7:	74 07                	je     b5e0 <_ZSt11__push_heapIN9__gnu_cxx17__normal_iteratorIPmSt6vectorImSaImEEEElmNS0_5__ops14_Iter_less_valEEvT_T0_SA_T1_RT2_+0x101>
    b5d9:	b8 01 00 00 00       	mov    eax,0x1
    b5de:	eb 05                	jmp    b5e5 <_ZSt11__push_heapIN9__gnu_cxx17__normal_iteratorIPmSt6vectorImSaImEEEElmNS0_5__ops14_Iter_less_valEEvT_T0_SA_T1_RT2_+0x106>
    b5e0:	b8 00 00 00 00       	mov    eax,0x0
    b5e5:	84 c0                	test   al,al
    b5e7:	0f 85 3d ff ff ff    	jne    b52a <_ZSt11__push_heapIN9__gnu_cxx17__normal_iteratorIPmSt6vectorImSaImEEEElmNS0_5__ops14_Iter_less_valEEvT_T0_SA_T1_RT2_+0x4b>
    b5ed:	48 8d 45 b0          	lea    rax,[rbp-0x50]
    b5f1:	48 89 c7             	mov    rdi,rax
    b5f4:	e8 a1 b7 ff ff       	call   6d9a <_ZSt4moveIRmEONSt16remove_referenceIT_E4typeEOS2_>
    b5f9:	48 89 c3             	mov    rbx,rax
    b5fc:	48 8b 55 c0          	mov    rdx,QWORD PTR [rbp-0x40]
    b600:	48 8d 45 c8          	lea    rax,[rbp-0x38]
    b604:	48 89 d6             	mov    rsi,rdx
    b607:	48 89 c7             	mov    rdi,rax
    b60a:	e8 19 bc ff ff       	call   7228 <_ZNK9__gnu_cxx17__normal_iteratorIPmSt6vectorImSaImEEEplEl>
    b60f:	48 89 45 d8          	mov    QWORD PTR [rbp-0x28],rax
    b613:	48 8d 45 d8          	lea    rax,[rbp-0x28]
    b617:	48 89 c7             	mov    rdi,rax
    b61a:	e8 a9 b1 ff ff       	call   67c8 <_ZNK9__gnu_cxx17__normal_iteratorIPmSt6vectorImSaImEEEdeEv>
    b61f:	48 8b 13             	mov    rdx,QWORD PTR [rbx]
    b622:	48 89 10             	mov    QWORD PTR [rax],rdx
    b625:	90                   	nop
    b626:	48 8b 45 e8          	mov    rax,QWORD PTR [rbp-0x18]
    b62a:	64 48 2b 04 25 28 00 	sub    rax,QWORD PTR fs:0x28
    b631:	00 00 
    b633:	74 05                	je     b63a <_ZSt11__push_heapIN9__gnu_cxx17__normal_iteratorIPmSt6vectorImSaImEEEElmNS0_5__ops14_Iter_less_valEEvT_T0_SA_T1_RT2_+0x15b>
    b635:	e8 66 6f ff ff       	call   25a0 <__stack_chk_fail@plt>
    b63a:	48 8b 5d f8          	mov    rbx,QWORD PTR [rbp-0x8]
    b63e:	c9                   	leave
    b63f:	c3                   	ret

000000000000b640 <_ZNKSt13move_iteratorIPmE4baseEv>:
    b640:	f3 0f 1e fa          	endbr64
    b644:	55                   	push   rbp
    b645:	48 89 e5             	mov    rbp,rsp
    b648:	48 89 7d f8          	mov    QWORD PTR [rbp-0x8],rdi
    b64c:	48 8b 45 f8          	mov    rax,QWORD PTR [rbp-0x8]
    b650:	48 8b 00             	mov    rax,QWORD PTR [rax]
    b653:	5d                   	pop    rbp
    b654:	c3                   	ret

000000000000b655 <_ZSt14__copy_move_a1ILb1EPmS0_ET1_T0_S2_S1_>:
    b655:	f3 0f 1e fa          	endbr64
    b659:	55                   	push   rbp
    b65a:	48 89 e5             	mov    rbp,rsp
    b65d:	48 83 ec 20          	sub    rsp,0x20
    b661:	48 89 7d f8          	mov    QWORD PTR [rbp-0x8],rdi
    b665:	48 89 75 f0          	mov    QWORD PTR [rbp-0x10],rsi
    b669:	48 89 55 e8          	mov    QWORD PTR [rbp-0x18],rdx
    b66d:	48 8b 55 e8          	mov    rdx,QWORD PTR [rbp-0x18]
    b671:	48 8b 4d f0          	mov    rcx,QWORD PTR [rbp-0x10]
    b675:	48 8b 45 f8          	mov    rax,QWORD PTR [rbp-0x8]
    b679:	48 89 ce             	mov    rsi,rcx
    b67c:	48 89 c7             	mov    rdi,rax
    b67f:	e8 38 00 00 00       	call   b6bc <_ZSt14__copy_move_a2ILb1EPmS0_ET1_T0_S2_S1_>
    b684:	c9                   	leave
    b685:	c3                   	ret

000000000000b686 <_ZNK9__gnu_cxx5__ops14_Iter_less_valclINS_17__normal_iteratorIPmSt6vectorImSaImEEEEmEEbT_RT0_>:
    b686:	f3 0f 1e fa          	endbr64
    b68a:	55                   	push   rbp
    b68b:	48 89 e5             	mov    rbp,rsp
    b68e:	48 83 ec 20          	sub    rsp,0x20
    b692:	48 89 7d f8          	mov    QWORD PTR [rbp-0x8],rdi
    b696:	48 89 75 f0          	mov    QWORD PTR [rbp-0x10],rsi
    b69a:	48 89 55 e8          	mov    QWORD PTR [rbp-0x18],rdx
    b69e:	48 8d 45 f0          	lea    rax,[rbp-0x10]
    b6a2:	48 89 c7             	mov    rdi,rax
    b6a5:	e8 1e b1 ff ff       	call   67c8 <_ZNK9__gnu_cxx17__normal_iteratorIPmSt6vectorImSaImEEEdeEv>
    b6aa:	48 8b 10             	mov    rdx,QWORD PTR [rax]
    b6ad:	48 8b 45 e8          	mov    rax,QWORD PTR [rbp-0x18]
    b6b1:	48 8b 00             	mov    rax,QWORD PTR [rax]
    b6b4:	48 39 c2             	cmp    rdx,rax
    b6b7:	0f 92 c0             	setb   al
    b6ba:	c9                   	leave
    b6bb:	c3                   	ret

000000000000b6bc <_ZSt14__copy_move_a2ILb1EPmS0_ET1_T0_S2_S1_>:
    b6bc:	f3 0f 1e fa          	endbr64
    b6c0:	55                   	push   rbp
    b6c1:	48 89 e5             	mov    rbp,rsp
    b6c4:	48 83 ec 20          	sub    rsp,0x20
    b6c8:	48 89 7d f8          	mov    QWORD PTR [rbp-0x8],rdi
    b6cc:	48 89 75 f0          	mov    QWORD PTR [rbp-0x10],rsi
    b6d0:	48 89 55 e8          	mov    QWORD PTR [rbp-0x18],rdx
    b6d4:	48 8b 55 e8          	mov    rdx,QWORD PTR [rbp-0x18]
    b6d8:	48 8b 4d f0          	mov    rcx,QWORD PTR [rbp-0x10]
    b6dc:	48 8b 45 f8          	mov    rax,QWORD PTR [rbp-0x8]
    b6e0:	48 89 ce             	mov    rsi,rcx
    b6e3:	48 89 c7             	mov    rdi,rax
    b6e6:	e8 02 00 00 00       	call   b6ed <_ZNSt11__copy_moveILb1ELb1ESt26random_access_iterator_tagE8__copy_mImmEEPT0_PT_S6_S4_>
    b6eb:	c9                   	leave
    b6ec:	c3                   	ret

000000000000b6ed <_ZNSt11__copy_moveILb1ELb1ESt26random_access_iterator_tagE8__copy_mImmEEPT0_PT_S6_S4_>:
    b6ed:	f3 0f 1e fa          	endbr64
    b6f1:	55                   	push   rbp
    b6f2:	48 89 e5             	mov    rbp,rsp
    b6f5:	48 83 ec 30          	sub    rsp,0x30
    b6f9:	48 89 7d e8          	mov    QWORD PTR [rbp-0x18],rdi
    b6fd:	48 89 75 e0          	mov    QWORD PTR [rbp-0x20],rsi
    b701:	48 89 55 d8          	mov    QWORD PTR [rbp-0x28],rdx
    b705:	48 8b 45 e0          	mov    rax,QWORD PTR [rbp-0x20]
    b709:	48 2b 45 e8          	sub    rax,QWORD PTR [rbp-0x18]
    b70d:	48 c1 f8 03          	sar    rax,0x3
    b711:	48 89 45 f8          	mov    QWORD PTR [rbp-0x8],rax
    b715:	48 83 7d f8 01       	cmp    QWORD PTR [rbp-0x8],0x1
    b71a:	0f 9f c0             	setg   al
    b71d:	0f b6 c0             	movzx  eax,al
    b720:	48 85 c0             	test   rax,rax
    b723:	74 21                	je     b746 <_ZNSt11__copy_moveILb1ELb1ESt26random_access_iterator_tagE8__copy_mImmEEPT0_PT_S6_S4_+0x59>
    b725:	48 8b 45 f8          	mov    rax,QWORD PTR [rbp-0x8]
    b729:	48 8d 14 c5 00 00 00 	lea    rdx,[rax*8+0x0]
    b730:	00 
    b731:	48 8b 4d e8          	mov    rcx,QWORD PTR [rbp-0x18]
    b735:	48 8b 45 d8          	mov    rax,QWORD PTR [rbp-0x28]
    b739:	48 89 ce             	mov    rsi,rcx
    b73c:	48 89 c7             	mov    rdi,rax
    b73f:	e8 9c 6f ff ff       	call   26e0 <memmove@plt>
    b744:	eb 1a                	jmp    b760 <_ZNSt11__copy_moveILb1ELb1ESt26random_access_iterator_tagE8__copy_mImmEEPT0_PT_S6_S4_+0x73>
    b746:	48 83 7d f8 01       	cmp    QWORD PTR [rbp-0x8],0x1
    b74b:	75 13                	jne    b760 <_ZNSt11__copy_moveILb1ELb1ESt26random_access_iterator_tagE8__copy_mImmEEPT0_PT_S6_S4_+0x73>
    b74d:	48 8b 55 e8          	mov    rdx,QWORD PTR [rbp-0x18]
    b751:	48 8b 45 d8          	mov    rax,QWORD PTR [rbp-0x28]
    b755:	48 89 d6             	mov    rsi,rdx
    b758:	48 89 c7             	mov    rdi,rax
    b75b:	e8 40 fd ff ff       	call   b4a0 <_ZNSt11__copy_moveILb1ELb0ESt26random_access_iterator_tagE12__assign_oneImmEEvPT_PT0_>
    b760:	48 8b 45 f8          	mov    rax,QWORD PTR [rbp-0x8]
    b764:	48 8d 14 c5 00 00 00 	lea    rdx,[rax*8+0x0]
    b76b:	00 
    b76c:	48 8b 45 d8          	mov    rax,QWORD PTR [rbp-0x28]
    b770:	48 01 d0             	add    rax,rdx
    b773:	c9                   	leave
    b774:	c3                   	ret

Disassembly of section .fini:

000000000000b778 <_fini>:
    b778:	f3 0f 1e fa          	endbr64
    b77c:	48 83 ec 08          	sub    rsp,0x8
    b780:	48 83 c4 08          	add    rsp,0x8
    b784:	c3                   	ret
