trial,reload_ticks,classified_evicted
0,53,0
1,57,0
2,53,0
3,51,0
4,55,0
5,53,0
6,52,0
7,51,0
8,52,0
9,52,0
10,53,0
11,55,0
12,52,0
13,52,0
14,55,0
15,54,0
16,52,0
17,51,0
18,52,0
19,53,0
20,51,0
21,54,0
22,53,0
23,52,0
24,52,0
25,51,0
26,52,0
27,52,0
28,51,0
29,52,0
30,51,0
31,53,0
32,50,0
33,53,0
34,53,0
35,52,0
36,52,0
37,53,0
38,50,0
39,51,0
40,54,0
41,50,0
42,51,0
43,52,0
44,52,0
45,51,0
46,52,0
47,53,0
48,52,0
49,52,0
50,49,0
51,52,0
52,51,0
53,52,0
54,52,0
55,51,0
56,52,0
57,52,0
58,51,0
59,50,0
60,53,0
61,52,0
62,52,0
63,50,0
64,49,0
65,52,0
66,51,0
67,50,0
68,52,0
69,51,0
70,50,0
71,51,0
72,50,0
73,52,0
74,53,0
75,50,0
76,49,0
77,52,0
78,52,0
79,55,0
80,50,0
81,52,0
82,53,0
83,54,0
84,51,0
85,52,0
86,52,0
87,51,0
88,50,0
89,50,0
90,52,0
91,51,0
92,50,0
93,51,0
94,52,0
95,50,0
96,51,0
97,52,0
98,51,0
99,55,0
100,52,0
101,50,0
102,53,0
103,50,0
104,50,0
105,51,0
106,52,0
107,54,0
108,51,0
109,52,0
110,52,0
111,53,0
112,52,0
113,52,0
114,51,0
115,50,0
116,51,0
117,52,0
118,52,0
119,52,0
120,53,0
121,52,0
122,52,0
123,51,0
124,52,0
125,52,0
126,51,0
127,54,0
128,52,0
129,53,0
130,52,0
131,54,0
132,51,0
133,52,0
134,52,0
135,53,0
136,52,0
137,52,0
138,51,0
139,54,0
140,50,0
141,51,0
142,54,0
143,52,0
144,53,0
145,52,0
146,52,0
147,52,0
148,53,0
149,50,0
150,54,0
151,53,0
152,52,0
153,54,0
154,55,0
155,52,0
156,52,0
157,51,0
158,50,0
159,52,0
160,55,0
161,52,0
162,53,0
163,51,0
164,50,0
165,53,0
166,52,0
167,52,0
168,55,0
169,52,0
170,52,0
171,51,0
172,52,0
173,52,0
174,52,0
175,51,0
176,54,0
177,52,0
178,49,0
179,52,0
180,52,0
181,53,0
182,50,0
183,54,0
184,55,0
185,52,0
186,50,0
187,51,0
188,54,0
189,52,0
190,53,0
191,54,0
192,52,0
193,53,0
194,52,0
195,53,0
196,51,0
197,54,0
198,51,0
199,52,0
200,52,0
201,54,0
202,53,0
203,52,0
204,52,0
205,51,0
206,52,0
207,52,0
208,53,0
209,50,0
210,52,0
211,51,0
212,52,0
213,51,0
214,52,0
215,52,0
216,53,0
217,52,0
218,52,0
219,53,0
220,50,0
221,53,0
222,53,0
223,50,0
224,53,0
225,52,0
226,52,0
227,53,0
228,52,0
229,50,0
230,51,0
231,51,0
232,52,0
233,53,0
234,51,0
235,50,0
236,51,0
237,52,0
238,52,0
239,53,0
240,52,0
241,52,0
242,53,0
243,54,0
244,55,0
245,52,0
246,52,0
247,51,0
248,52,0
249,52,0
250,55,0
251,52,0
252,53,0
253,52,0
254,52,0
255,55,0
256,54,0
257,50,0
258,50,0
259,51,0
260,54,0
261,53,0
262,52,0
263,52,0
264,53,0
265,54,0
266,50,0
267,55,0
268,52,0
269,55,0
270,52,0
271,52,0
272,55,0
273,50,0
274,52,0
275,51,0
276,54,0
277,53,0
278,52,0
279,52,0
280,51,0
281,52,0
282,52,0
283,53,0
284,50,0
285,53,0
286,55,0
287,52,0
288,54,0
289,51,0
290,52,0
291,52,0
292,55,0
293,52,0
294,52,0
295,51,0
296,52,0
297,53,0
298,52,0
299,52,0
300,51,0
301,50,0
302,52,0
303,51,0
304,52,0
305,53,0
306,53,0
307,52,0
308,51,0
309,52,0
310,52,0
311,53,0
312,52,0
313,52,0
314,51,0
315,51,0
316,52,0
317,53,0
318,50,0
319,50,0
320,55,0
321,54,0
322,53,0
323,51,0
324,52,0
325,53,0
326,52,0
327,52,0
328,51,0
329,52,0
330,53,0
331,52,0
332,54,0
333,51,0
334,50,0
335,53,0
336,53,0
337,50,0
338,53,0
339,52,0
340,52,0
341,53,0
342,50,0
343,52,0
344,51,0
345,54,0
346,52,0
347,55,0
348,52,0
349,52,0
350,51,0
351,54,0
352,52,0
353,51,0
354,50,0
355,51,0
356,52,0
357,54,0
358,51,0
359,52,0
360,54,0
361,53,0
362,52,0
363,53,0
364,53,0
365,54,0
366,53,0
367,52,0
368,54,0
369,53,0
370,52,0
371,52,0
372,52,0
373,51,0
374,52,0
375,52,0
376,53,0
377,50,0
378,55,0
379,53,0
380,50,0
381,53,0
382,54,0
383,50,0
384,55,0
385,52,0
386,51,0
387,51,0
388,52,0
389,51,0
390,54,0
391,52,0
392,51,0
393,50,0
394,52,0
395,53,0
396,50,0
397,52,0
398,51,0
399,54,0
400,52,0
401,52,0
402,53,0
403,50,0
404,52,0
405,53,0
406,50,0
407,51,0
408,53,0
409,52,0
410,53,0
411,50,0
412,52,0
413,53,0
414,52,0
415,52,0
416,51,0
417,52,0
418,50,0
419,51,0
420,52,0
421,54,0
422,51,0
423,50,0
424,52,0
425,53,0
426,50,0
427,52,0
428,50,0
429,53,0
430,52,0
431,55,0
432,51,0
433,54,0
434,53,0
435,51,0
436,54,0
437,50,0
438,53,0
439,52,0
440,54,0
441,51,0
442,52,0
443,52,0
444,53,0
445,52,0
446,53,0
447,55,0
448,52,0
449,55,0
450,52,0
451,52,0
452,53,0
453,52,0
454,52,0
455,53,0
456,51,0
457,54,0
458,52,0
459,53,0
460,50,0
461,51,0
462,53,0
463,52,0
464,53,0
465,52,0
466,52,0
467,53,0
468,52,0
469,52,0
470,53,0
471,52,0
472,54,0
473,55,0
474,52,0
475,52,0
476,55,0
477,50,0
478,52,0
479,53,0
480,52,0
481,55,0
482,55,0
483,52,0
484,54,0
485,51,0
486,53,0
487,52,0
488,49,0
489,53,0
490,54,0
491,51,0
492,52,0
493,52,0
494,53,0
495,50,0
496,50,0
497,55,0
498,52,0
499,52,0
500,51,0
501,52,0
502,51,0
503,51,0
504,52,0
505,53,0
506,51,0
507,52,0
508,51,0
509,52,0
510,52,0
511,53,0
512,53,0
513,52,0
514,50,0
515,53,0
516,50,0
517,50,0
518,51,0
519,52,0
520,52,0
521,53,0
522,52,0
523,51,0
524,51,0
525,52,0
526,51,0
527,53,0
528,52,0
529,53,0
530,52,0
531,50,0
532,53,0
533,52,0
534,50,0
535,53,0
536,52,0
537,50,0
538,51,0
539,52,0
540,52,0
541,54,0
542,53,0
543,50,0
544,52,0
545,53,0
546,52,0
547,53,0
548,52,0
549,52,0
550,51,0
551,52,0
552,52,0
553,53,0
554,52,0
555,53,0
556,52,0
557,54,0
558,55,0
559,50,0
560,52,0
561,53,0
562,52,0
563,51,0
564,51,0
565,54,0
566,53,0
567,52,0
568,50,0
569,52,0
570,49,0
571,52,0
572,50,0
573,51,0
574,52,0
575,52,0
576,51,0
577,50,0
578,54,0
579,55,0
580,52,0
581,52,0
582,53,0
583,52,0
584,53,0
585,53,0
586,52,0
587,51,0
588,53,0
589,52,0
590,53,0
591,52,0
592,50,0
593,55,0
594,50,0
595,52,0
596,52,0
597,53,0
598,54,0
599,50,0
600,51,0
601,52,0
602,52,0
603,53,0
604,50,0
605,49,0
606,51,0
607,52,0
608,53,0
609,53,0
610,50,0
611,53,0
612,52,0
613,50,0
614,51,0
615,50,0
616,50,0
617,53,0
618,52,0
619,52,0
620,53,0
621,52,0
622,54,0
623,49,0
624,54,0
625,52,0
626,51,0
627,53,0
628,52,0
629,52,0
630,53,0
631,52,0
632,52,0
633,53,0
634,50,0
635,54,0
636,53,0
637,52,0
638,52,0
639,53,0
640,52,0
641,52,0
642,53,0
643,52,0
644,55,0
645,53,0
646,54,0
647,51,0
648,52,0
649,52,0
650,55,0
651,52,0
652,52,0
653,51,0
654,55,0
655,52,0
656,52,0
657,53,0
658,52,0
659,53,0
660,52,0
661,52,0
662,53,0
663,52,0
664,52,0
665,53,0
666,52,0
667,51,0
668,51,0
669,54,0
670,51,0
671,52,0
672,54,0
673,53,0
674,50,0
675,52,0
676,53,0
677,52,0
678,52,0
679,53,0
680,52,0
681,51,0
682,53,0
683,51,0
684,52,0
685,53,0
686,55,0
687,52,0
688,53,0
689,51,0
690,50,0
691,53,0
692,52,0
693,52,0
694,51,0
695,52,0
696,52,0
697,51,0
698,52,0
699,53,0
700,52,0
701,54,0
702,51,0
703,50,0
704,52,0
705,53,0
706,52,0
707,55,0
708,53,0
709,50,0
710,50,0
711,49,0
712,52,0
713,52,0
714,51,0
715,50,0
716,52,0
717,53,0
718,52,0
719,51,0
720,53,0
721,52,0
722,53,0
723,52,0
724,52,0
725,51,0
726,52,0
727,52,0
728,55,0
729,50,0
730,50,0
731,51,0
732,50,0
733,53,0
734,53,0
735,52,0
736,53,0
737,52,0
738,52,0
739,54,0
740,51,0
741,52,0
742,52,0
743,53,0
744,52,0
745,52,0
746,53,0
747,50,0
748,52,0
749,51,0
750,50,0
751,53,0
752,51,0
753,52,0
754,53,0
755,51,0
756,52,0
757,51,0
758,54,0
759,52,0
760,53,0
761,52,0
762,52,0
763,55,0
764,54,0
765,52,0
766,52,0
767,53,0
768,50,0
769,52,0
770,51,0
771,52,0
772,53,0
773,55,0
774,52,0
775,51,0
776,52,0
777,52,0
778,53,0
779,52,0
780,52,0
781,53,0
782,52,0
783,52,0
784,53,0
785,53,0
786,52,0
787,53,0
788,52,0
789,54,0
790,51,0
791,52,0
792,52,0
793,53,0
794,53,0
795,52,0
796,52,0
797,53,0
798,50,0
799,50,0
800,51,0
801,50,0
802,52,0
803,53,0
804,52,0
805,50,0
806,53,0
807,52,0
808,55,0
809,51,0
810,54,0
811,53,0
812,51,0
813,52,0
814,51,0
815,52,0
816,50,0
817,53,0
818,54,0
819,50,0
820,53,0
821,52,0
822,50,0
823,54,0
824,55,0
825,52,0
826,50,0
827,55,0
828,52,0
829,52,0
830,53,0
831,52,0
832,53,0
833,54,0
834,54,0
835,55,0
836,50,0
837,52,0
838,53,0
839,50,0
840,52,0
841,51,0
842,54,0
843,53,0
844,51,0
845,54,0
846,53,0
847,52,0
848,50,0
849,55,0
850,53,0
851,51,0
852,50,0
853,51,0
854,52,0
855,52,0
856,53,0
857,52,0
858,50,0
859,55,0
860,52,0
861,50,0
862,55,0
863,52,0
864,52,0
865,53,0
866,50,0
867,52,0
868,51,0
869,50,0
870,51,0
871,51,0
872,52,0
873,51,0
874,52,0
875,52,0
876,53,0
877,50,0
878,54,0
879,55,0
880,53,0
881,52,0
882,52,0
883,51,0
884,52,0
885,52,0
886,53,0
887,53,0
888,50,0
889,51,0
890,52,0
891,52,0
892,49,0
893,52,0
894,52,0
895,51,0
896,50,0
897,50,0
898,51,0
899,50,0
900,51,0
901,51,0
902,54,0
903,51,0
904,52,0
905,52,0
906,51,0
907,52,0
908,50,0
909,55,0
910,54,0
911,52,0
912,51,0
913,50,0
914,52,0
915,49,0
916,53,0
917,54,0
918,54,0
919,77,0
920,52,0
921,51,0
922,51,0
923,53,0
924,52,0
925,52,0
926,53,0
927,52,0
928,52,0
929,53,0
930,52,0
931,50,0
932,53,0
933,50,0
934,52,0
935,51,0
936,52,0
937,52,0
938,53,0
939,52,0
940,52,0
941,51,0
942,52,0
943,52,0
944,51,0
945,52,0
946,53,0
947,53,0
948,52,0
949,52,0
950,51,0
951,50,0
952,50,0
953,53,0
954,52,0
955,52,0
956,55,0
957,50,0
958,51,0
959,51,0
960,52,0
961,55,0
962,55,0
963,52,0
964,51,0
965,52,0
966,50,0
967,51,0
968,52,0
969,50,0
970,51,0
971,52,0
972,52,0
973,53,0
974,52,0
975,52,0
976,51,0
977,51,0
978,50,0
979,53,0
980,51,0
981,50,0
982,53,0
983,51,0
984,52,0
985,53,0
986,53,0
987,52,0
988,51,0
989,52,0
990,50,0
991,51,0
992,52,0
993,52,0
994,55,0
995,52,0
996,50,0
997,51,0
998,55,0
999,52,0
1000,51,0
1001,50,0
1002,50,0
1003,51,0
1004,51,0
1005,50,0
1006,52,0
1007,51,0
1008,52,0
1009,52,0
1010,53,0
1011,50,0
1012,52,0
1013,53,0
1014,51,0
1015,50,0
1016,52,0
1017,53,0
1018,54,0
1019,50,0
1020,51,0
1021,54,0
1022,52,0
1023,51,0
1024,52,0
1025,50,0
1026,52,0
1027,51,0
1028,54,0
1029,52,0
1030,55,0
1031,50,0
1032,52,0
1033,50,0
1034,51,0
1035,52,0
1036,52,0
1037,51,0
1038,52,0
1039,50,0
1040,51,0
1041,52,0
1042,52,0
1043,55,0
1044,52,0
1045,52,0
1046,51,0
1047,52,0
1048,52,0
1049,53,0
1050,53,0
1051,52,0
1052,51,0
1053,55,0
1054,52,0
1055,52,0
1056,53,0
1057,54,0
1058,52,0
1059,49,0
1060,52,0
1061,50,0
1062,51,0
1063,53,0
1064,52,0
1065,50,0
1066,51,0
1067,50,0
1068,52,0
1069,49,0
1070,52,0
1071,54,0
1072,55,0
1073,50,0
1074,52,0
1075,49,0
1076,50,0
1077,52,0
1078,51,0
1079,52,0
1080,52,0
1081,51,0
1082,52,0
1083,50,0
1084,53,0
1085,52,0
1086,52,0
1087,49,0
1088,52,0
1089,52,0
1090,53,0
1091,52,0
1092,54,0
1093,52,0
1094,51,0
1095,52,0
1096,50,0
1097,51,0
1098,52,0
1099,52,0
1100,53,0
1101,52,0
1102,54,0
1103,51,0
1104,52,0
1105,52,0
1106,51,0
1107,53,0
1108,52,0
1109,51,0
1110,53,0
1111,52,0
1112,53,0
1113,51,0
1114,52,0
1115,52,0
1116,53,0
1117,52,0
1118,52,0
1119,53,0
1120,50,0
1121,52,0
1122,51,0
1123,54,0
1124,52,0
1125,52,0
1126,51,0
1127,52,0
1128,50,0
1129,51,0
1130,52,0
1131,52,0
1132,51,0
1133,52,0
1134,50,0
1135,51,0
1136,52,0
1137,50,0
1138,53,0
1139,52,0
1140,50,0
1141,51,0
1142,52,0
1143,54,0
1144,49,0
1145,55,0
1146,52,0
1147,51,0
1148,53,0
1149,52,0
1150,53,0
1151,51,0
1152,50,0
1153,52,0
1154,53,0
1155,55,0
1156,50,0
1157,52,0
1158,49,0
1159,52,0
1160,52,0
1161,53,0
1162,52,0
1163,52,0
1164,49,0
1165,51,0
1166,50,0
1167,52,0
1168,55,0
1169,50,0
1170,52,0
1171,51,0
1172,52,0
1173,52,0
1174,53,0
1175,53,0
1176,52,0
1177,55,0
1178,51,0
1179,52,0
1180,52,0
1181,53,0
1182,52,0
1183,52,0
1184,52,0
1185,55,0
1186,50,0
1187,52,0
1188,51,0
1189,51,0
1190,52,0
1191,55,0
1192,51,0
1193,52,0
1194,53,0
1195,53,0
1196,50,0
1197,52,0
1198,51,0
1199,50,0
1200,50,0
1201,51,0
1202,52,0
1203,52,0
1204,51,0
1205,52,0
1206,50,0
1207,55,0
1208,52,0
1209,52,0
1210,51,0
1211,53,0
1212,54,0
1213,51,0
1214,53,0
1215,52,0
1216,52,0
1217,52,0
1218,51,0
1219,50,0
1220,50,0
1221,51,0
1222,52,0
1223,54,0
1224,51,0
1225,50,0
1226,50,0
1227,51,0
1228,52,0
1229,50,0
1230,51,0
1231,52,0
1232,52,0
1233,49,0
1234,52,0
1235,52,0
1236,55,0
1237,52,0
1238,52,0
1239,51,0
1240,50,0
1241,52,0
1242,51,0
1243,52,0
1244,52,0
1245,54,0
1246,51,0
1247,52,0
1248,50,0
1249,53,0
1250,52,0
1251,50,0
1252,51,0
1253,50,0
1254,52,0
1255,53,0
1256,52,0
1257,58,0
1258,51,0
1259,52,0
1260,50,0
1261,53,0
1262,52,0
1263,52,0
1264,51,0
1265,52,0
1266,52,0
1267,53,0
1268,51,0
1269,52,0
1270,53,0
1271,51,0
1272,50,0
1273,55,0
1274,53,0
1275,55,0
1276,50,0
1277,55,0
1278,51,0
1279,52,0
1280,53,0
1281,51,0
1282,52,0
1283,52,0
1284,51,0
1285,52,0
1286,52,0
1287,53,0
1288,52,0
1289,52,0
1290,51,0
1291,54,0
1292,52,0
1293,55,0
1294,52,0
1295,52,0
1296,49,0
1297,52,0
1298,50,0
1299,51,0
1300,50,0
1301,52,0
1302,53,0
1303,52,0
1304,52,0
1305,52,0
1306,55,0
1307,52,0
1308,52,0
1309,55,0
1310,52,0
1311,50,0
1312,51,0
1313,50,0
1314,52,0
1315,49,0
1316,52,0
1317,50,0
1318,53,0
1319,52,0
1320,54,0
1321,51,0
1322,51,0
1323,52,0
1324,52,0
1325,51,0
1326,52,0
1327,52,0
1328,53,0
1329,50,0
1330,52,0
1331,53,0
1332,52,0
1333,50,0
1334,51,0
1335,53,0
1336,50,0
1337,52,0
1338,51,0
1339,53,0
1340,50,0
1341,53,0
1342,51,0
1343,52,0
1344,52,0
1345,55,0
1346,52,0
1347,50,0
1348,53,0
1349,52,0
1350,52,0
1351,53,0
1352,52,0
1353,52,0
1354,53,0
1355,51,0
1356,54,0
1357,52,0
1358,51,0
1359,52,0
1360,52,0
1361,51,0
1362,50,0
1363,52,0
1364,49,0
1365,51,0
1366,52,0
1367,52,0
1368,51,0
1369,52,0
1370,52,0
1371,53,0
1372,50,0
1373,52,0
1374,51,0
1375,53,0
1376,52,0
1377,51,0
1378,53,0
1379,54,0
1380,49,0
1381,53,0
1382,50,0
1383,52,0
1384,49,0
1385,52,0
1386,50,0
1387,53,0
1388,52,0
1389,54,0
1390,51,0
1391,52,0
1392,52,0
1393,51,0
1394,54,0
1395,50,0
1396,50,0
1397,51,0
1398,52,0
1399,52,0
1400,53,0
1401,51,0
1402,52,0
1403,53,0
1404,53,0
1405,50,0
1406,53,0
1407,50,0
1408,52,0
1409,51,0
1410,51,0
1411,50,0
1412,51,0
1413,51,0
1414,52,0
1415,50,0
1416,51,0
1417,50,0
1418,52,0
1419,51,0
1420,52,0
1421,52,0
1422,53,0
1423,50,0
1424,52,0
1425,53,0
1426,52,0
1427,50,0
1428,52,0
1429,51,0
1430,50,0
1431,52,0
1432,53,0
1433,50,0
1434,52,0
1435,53,0
1436,52,0
1437,52,0
1438,49,0
1439,52,0
1440,52,0
1441,51,0
1442,50,0
1443,54,0
1444,51,0
1445,52,0
1446,50,0
1447,51,0
1448,51,0
1449,52,0
1450,55,0
1451,52,0
1452,52,0
1453,51,0
1454,51,0
1455,52,0
1456,52,0
1457,53,0
1458,55,0
1459,52,0
1460,53,0
1461,52,0
1462,52,0
1463,51,0
1464,51,0
1465,52,0
1466,51,0
1467,53,0
1468,52,0
1469,51,0
1470,55,0
1471,52,0
1472,55,0
1473,51,0
1474,50,0
1475,53,0
1476,53,0
1477,52,0
1478,50,0
1479,51,0
1480,50,0
1481,52,0
1482,51,0
1483,52,0
1484,54,0
1485,53,0
1486,51,0
1487,52,0
1488,52,0
1489,51,0
1490,51,0
1491,54,0
1492,52,0
1493,55,0
1494,50,0
1495,52,0
1496,53,0
1497,50,0
1498,50,0
1499,53,0
1500,52,0
1501,50,0
1502,51,0
1503,53,0
1504,54,0
1505,53,0
1506,49,0
1507,52,0
1508,52,0
1509,53,0
1510,50,0
1511,52,0
1512,53,0
1513,50,0
1514,50,0
1515,53,0
1516,51,0
1517,51,0
1518,50,0
1519,55,0
1520,51,0
1521,54,0
1522,52,0
1523,55,0
1524,52,0
1525,50,0
1526,51,0
1527,52,0
1528,50,0
1529,51,0
1530,52,0
1531,52,0
1532,51,0
1533,50,0
1534,52,0
1535,55,0
1536,52,0
1537,52,0
1538,51,0
1539,53,0
1540,50,0
1541,51,0
1542,53,0
1543,52,0
1544,51,0
1545,53,0
1546,52,0
1547,52,0
1548,52,0
1549,53,0
1550,52,0
1551,50,0
1552,51,0
1553,52,0
1554,52,0
1555,49,0
1556,52,0
1557,52,0
1558,53,0
1559,50,0
1560,52,0
1561,51,0
1562,52,0
1563,50,0
1564,51,0
1565,52,0
1566,50,0
1567,51,0
1568,51,0
1569,52,0
1570,51,0
1571,51,0
1572,52,0
1573,51,0
1574,53,0
1575,52,0
1576,55,0
1577,53,0
1578,52,0
1579,52,0
1580,52,0
1581,51,0
1582,50,0
1583,52,0
1584,51,0
1585,52,0
1586,53,0
1587,55,0
1588,52,0
1589,52,0
1590,53,0
1591,52,0
1592,50,0
1593,53,0
1594,52,0
1595,52,0
1596,51,0
1597,52,0
1598,52,0
1599,51,0
1600,52,0
1601,52,0
1602,53,0
1603,50,0
1604,52,0
1605,53,0
1606,52,0
1607,52,0
1608,51,0
1609,53,0
1610,50,0
1611,52,0
1612,51,0
1613,52,0
1614,50,0
1615,53,0
1616,52,0
1617,52,0
1618,49,0
1619,52,0
1620,52,0
1621,55,0
1622,50,0
1623,52,0
1624,55,0
1625,52,0
1626,52,0
1627,53,0
1628,52,0
1629,52,0
1630,51,0
1631,53,0
1632,52,0
1633,52,0
1634,51,0
1635,50,0
1636,50,0
1637,51,0
1638,53,0
1639,54,0
1640,53,0
1641,51,0
1642,50,0
1643,49,0
1644,53,0
1645,54,0
1646,52,0
1647,51,0
1648,54,0
1649,52,0
1650,51,0
1651,50,0
1652,54,0
1653,53,0
1654,52,0
1655,52,0
1656,53,0
1657,53,0
1658,52,0
1659,50,0
1660,53,0
1661,52,0
1662,52,0
1663,51,0
1664,50,0
1665,52,0
1666,55,0
1667,52,0
1668,52,0
1669,52,0
1670,53,0
1671,52,0
1672,52,0
1673,49,0
1674,53,0
1675,50,0
1676,52,0
1677,49,0
1678,52,0
1679,52,0
1680,51,0
1681,52,0
1682,52,0
1683,51,0
1684,52,0
1685,50,0
1686,53,0
1687,50,0
1688,52,0
1689,49,0
1690,51,0
1691,50,0
1692,51,0
1693,51,0
1694,52,0
1695,52,0
1696,55,0
1697,55,0
1698,52,0
1699,52,0
1700,51,0
1701,52,0
1702,52,0
1703,53,0
1704,52,0
1705,52,0
1706,53,0
1707,52,0
1708,52,0
1709,53,0
1710,52,0
1711,52,0
1712,49,0
1713,54,0
1714,50,0
1715,55,0
1716,52,0
1717,50,0
1718,53,0
1719,50,0
1720,50,0
1721,53,0
1722,50,0
1723,52,0
1724,53,0
1725,52,0
1726,52,0
1727,50,0
1728,53,0
1729,50,0
1730,52,0
1731,49,0
1732,54,0
1733,52,0
1734,51,0
1735,52,0
1736,52,0
1737,53,0
1738,52,0
1739,54,0
1740,51,0
1741,52,0
1742,50,0
1743,53,0
1744,52,0
1745,52,0
1746,56,0
1747,50,0
1748,52,0
1749,52,0
1750,50,0
1751,53,0
1752,52,0
1753,50,0
1754,53,0
1755,52,0
1756,52,0
1757,53,0
1758,52,0
1759,52,0
1760,51,0
1761,52,0
1762,50,0
1763,51,0
1764,52,0
1765,52,0
1766,51,0
1767,51,0
1768,50,0
1769,52,0
1770,49,0
1771,52,0
1772,50,0
1773,51,0
1774,53,0
1775,50,0
1776,53,0
1777,53,0
1778,52,0
1779,50,0
1780,53,0
1781,50,0
1782,52,0
1783,51,0
1784,52,0
1785,52,0
1786,51,0
1787,50,0
1788,52,0
1789,51,0
1790,51,0
1791,50,0
1792,51,0
1793,53,0
1794,52,0
1795,52,0
1796,53,0
1797,52,0
1798,54,0
1799,51,0
1800,52,0
1801,54,0
1802,53,0
1803,53,0
1804,52,0
1805,50,0
1806,51,0
1807,51,0
1808,52,0
1809,53,0
1810,51,0
1811,52,0
1812,52,0
1813,49,0
1814,52,0
1815,52,0
1816,53,0
1817,50,0
1818,54,0
1819,53,0
1820,52,0
1821,50,0
1822,51,0
1823,51,0
1824,52,0
1825,51,0
1826,53,0
1827,52,0
1828,52,0
1829,51,0
1830,50,0
1831,52,0
1832,51,0
1833,51,0
1834,52,0
1835,53,0
1836,53,0
1837,52,0
1838,52,0
1839,51,0
1840,54,0
1841,52,0
1842,51,0
1843,52,0
1844,52,0
1845,51,0
1846,50,0
1847,52,0
1848,53,0
1849,52,0
1850,50,0
1851,53,0
1852,51,0
1853,52,0
1854,53,0
1855,51,0
1856,52,0
1857,52,0
1858,49,0
1859,52,0
1860,50,0
1861,53,0
1862,51,0
1863,50,0
1864,52,0
1865,53,0
1866,50,0
1867,50,0
1868,55,0
1869,50,0
1870,52,0
1871,53,0
1872,52,0
1873,50,0
1874,51,0
1875,50,0
1876,52,0
1877,53,0
1878,51,0
1879,54,0
1880,52,0
1881,53,0
1882,52,0
1883,50,0
1884,51,0
1885,52,0
1886,52,0
1887,51,0
1888,52,0
1889,52,0
1890,53,0
1891,53,0
1892,50,0
1893,52,0
1894,51,0
1895,50,0
1896,50,0
1897,51,0
1898,50,0
1899,52,0
1900,51,0
1901,50,0
1902,52,0
1903,51,0
1904,50,0
1905,52,0
1906,53,0
1907,54,0
1908,52,0
1909,51,0
1910,50,0
1911,50,0
1912,51,0
1913,52,0
1914,50,0
1915,51,0
1916,52,0
1917,52,0
1918,53,0
1919,53,0
1920,52,0
1921,52,0
1922,51,0
1923,52,0
1924,52,0
1925,51,0
1926,52,0
1927,50,0
1928,53,0
1929,52,0
1930,52,0
1931,49,0
1932,52,0
1933,52,0
1934,51,0
1935,52,0
1936,50,0
1937,49,0
1938,52,0
1939,50,0
1940,53,0
1941,53,0
1942,52,0
1943,50,0
1944,51,0
1945,50,0
1946,52,0
1947,51,0
1948,52,0
1949,52,0
1950,52,0
1951,53,0
1952,54,0
1953,52,0
1954,51,0
1955,52,0
1956,52,0
1957,55,0
1958,54,0
1959,52,0
1960,51,0
1961,52,0
1962,54,0
1963,51,0
1964,52,0
1965,54,0
1966,53,0
1967,53,0
1968,50,0
1969,52,0
1970,51,0
1971,50,0
1972,52,0
1973,53,0
1974,52,0
1975,50,0
1976,55,0
1977,54,0
1978,52,0
1979,52,0
1980,53,0
1981,52,0
1982,52,0
1983,53,0
1984,54,0
1985,52,0
1986,53,0
1987,50,0
1988,54,0
1989,49,0
1990,53,0
1991,50,0
1992,51,0
1993,51,0
1994,50,0
1995,52,0
1996,51,0
1997,50,0
1998,52,0
1999,51,0
2000,52,0
2001,50,0
2002,51,0
2003,52,0
2004,54,0
2005,53,0
2006,51,0
2007,50,0
2008,50,0
2009,53,0
2010,52,0
2011,52,0
2012,51,0
2013,52,0
2014,50,0
2015,53,0
2016,51,0
2017,52,0
2018,51,0
2019,51,0
2020,50,0
2021,52,0
2022,51,0
2023,52,0
2024,52,0
2025,53,0
2026,52,0
2027,52,0
2028,49,0
2029,52,0
2030,50,0
2031,51,0
2032,53,0
2033,52,0
2034,51,0
2035,51,0
2036,52,0
2037,55,0
2038,55,0
2039,53,0
2040,52,0
2041,50,0
2042,51,0
2043,52,0
2044,52,0
2045,51,0
2046,52,0
2047,50,0
2048,51,0
2049,50,0
2050,52,0
2051,53,0
2052,52,0
2053,52,0
2054,51,0
2055,50,0
2056,52,0
2057,51,0
2058,50,0
2059,50,0
2060,51,0
2061,50,0
2062,52,0
2063,49,0
2064,52,0
2065,50,0
2066,51,0
2067,53,0
2068,52,0
2069,52,0
2070,51,0
2071,52,0
2072,52,0
2073,51,0
2074,50,0
2075,52,0
2076,51,0
2077,52,0
2078,52,0
2079,51,0
2080,54,0
2081,52,0
2082,51,0
2083,52,0
2084,52,0
2085,51,0
2086,50,0
2087,52,0
2088,51,0
2089,52,0
2090,50,0
2091,53,0
2092,50,0
2093,52,0
2094,51,0
2095,52,0
2096,52,0
2097,54,0
2098,53,0
2099,51,0
2100,52,0
2101,51,0
2102,52,0
2103,52,0
2104,51,0
2105,53,0
2106,52,0
2107,53,0
2108,51,0
2109,50,0
2110,52,0
2111,51,0
2112,50,0
2113,52,0
2114,51,0
2115,50,0
2116,52,0
2117,49,0
2118,54,0
2119,50,0
2120,55,0
2121,50,0
2122,52,0
2123,53,0
2124,52,0
2125,51,0
2126,52,0
2127,52,0
2128,51,0
2129,52,0
2130,54,0
2131,55,0
2132,52,0
2133,50,0
2134,51,0
2135,52,0
2136,52,0
2137,55,0
2138,51,0
2139,52,0
2140,51,0
2141,51,0
2142,52,0
2143,52,0
2144,51,0
2145,52,0
2146,50,0
2147,51,0
2148,52,0
2149,52,0
2150,53,0
2151,52,0
2152,50,0
2153,51,0
2154,53,0
2155,53,0
2156,52,0
2157,53,0
2158,55,0
2159,50,0
2160,52,0
2161,51,0
2162,52,0
2163,50,0
2164,55,0
2165,50,0
2166,52,0
2167,49,0
2168,52,0
2169,52,0
2170,55,0
2171,53,0
2172,52,0
2173,50,0
2174,55,0
2175,52,0
2176,52,0
2177,51,0
2178,52,0
2179,54,0
2180,51,0
2181,52,0
2182,54,0
2183,52,0
2184,53,0
2185,54,0
2186,52,0
2187,49,0
2188,53,0
2189,50,0
2190,55,0
2191,51,0
2192,52,0
2193,52,0
2194,51,0
2195,52,0
2196,52,0
2197,51,0
2198,52,0
2199,50,0
2200,51,0
2201,52,0
2202,54,0
2203,51,0
2204,50,0
2205,52,0
2206,53,0
2207,50,0
2208,50,0
2209,53,0
2210,52,0
2211,50,0
2212,53,0
2213,53,0
2214,50,0
2215,52,0
2216,51,0
2217,52,0
2218,52,0
2219,53,0
2220,52,0
2221,52,0
2222,51,0
2223,55,0
2224,50,0
2225,51,0
2226,53,0
2227,52,0
2228,49,0
2229,52,0
2230,50,0
2231,53,0
2232,53,0
2233,54,0
2234,51,0
2235,51,0
2236,50,0
2237,55,0
2238,52,0
2239,50,0
2240,53,0
2241,52,0
2242,52,0
2243,50,0
2244,55,0
2245,52,0
2246,52,0
2247,53,0
2248,53,0
2249,52,0
2250,55,0
2251,51,0
2252,52,0
2253,52,0
2254,55,0
2255,52,0
2256,52,0
2257,49,0
2258,54,0
2259,54,0
2260,53,0
2261,54,0
2262,54,0
2263,51,0
2264,52,0
2265,52,0
2266,51,0
2267,52,0
2268,52,0
2269,55,0
2270,55,0
2271,52,0
2272,50,0
2273,53,0
2274,52,0
2275,52,0
2276,53,0
2277,49,0
2278,50,0
2279,52,0
2280,51,0
2281,52,0
2282,52,0
2283,53,0
2284,54,0
2285,52,0
2286,51,0
2287,52,0
2288,52,0
2289,51,0
2290,53,0
2291,52,0
2292,51,0
2293,51,0
2294,52,0
2295,52,0
2296,55,0
2297,50,0
2298,52,0
2299,51,0
2300,52,0
2301,52,0
2302,50,0
2303,53,0
2304,52,0
2305,52,0
2306,53,0
2307,52,0
2308,52,0
2309,51,0
2310,52,0
2311,50,0
2312,51,0
2313,51,0
2314,52,0
2315,52,0
2316,51,0
2317,50,0
2318,52,0
2319,53,0
2320,50,0
2321,52,0
2322,53,0
2323,52,0
2324,50,0
2325,51,0
2326,50,0
2327,54,0
2328,51,0
2329,53,0
2330,50,0
2331,50,0
2332,53,0
2333,52,0
2334,52,0
2335,53,0
2336,53,0
2337,52,0
2338,52,0
2339,51,0
2340,52,0
2341,52,0
2342,55,0
2343,52,0
2344,50,0
2345,51,0
2346,52,0
2347,50,0
2348,53,0
2349,52,0
2350,52,0
2351,49,0
2352,53,0
2353,52,0
2354,52,0
2355,49,0
2356,52,0
2357,54,0
2358,51,0
2359,51,0
2360,50,0
2361,52,0
2362,51,0
2363,52,0
2364,52,0
2365,55,0
2366,50,0
2367,52,0
2368,49,0
2369,51,0
2370,52,0
2371,51,0
2372,49,0
2373,52,0
2374,52,0
2375,51,0
2376,50,0
2377,52,0
2378,53,0
2379,52,0
2380,50,0
2381,53,0
2382,50,0
2383,52,0
2384,51,0
2385,54,0
2386,50,0
2387,53,0
2388,51,0
2389,50,0
2390,52,0
2391,53,0
2392,50,0
2393,52,0
2394,51,0
2395,52,0
2396,52,0
2397,53,0
2398,52,0
2399,54,0
2400,53,0
2401,52,0
2402,52,0
2403,53,0
2404,52,0
2405,50,0
2406,53,0
2407,50,0
2408,52,0
2409,51,0
2410,52,0
2411,52,0
2412,51,0
2413,52,0
2414,52,0
2415,49,0
2416,54,0
2417,54,0
2418,52,0
2419,53,0
2420,52,0
2421,50,0
2422,49,0
2423,52,0
2424,50,0
2425,51,0
2426,49,0
2427,50,0
2428,52,0
2429,49,0
2430,52,0
2431,50,0
2432,53,0
2433,50,0
2434,52,0
2435,49,0
2436,51,0
2437,50,0
2438,50,0
2439,49,0
2440,50,0
2441,52,0
2442,49,0
2443,50,0
2444,50,0
2445,53,0
2446,49,0
2447,51,0
2448,50,0
2449,51,0
2450,55,0
2451,52,0
2452,52,0
2453,55,0
2454,52,0
2455,54,0
2456,53,0
2457,52,0
2458,50,0
2459,51,0
2460,51,0
2461,52,0
2462,52,0
2463,53,0
2464,50,0
2465,52,0
2466,49,0
2467,52,0
2468,52,0
2469,51,0
2470,51,0
2471,50,0
2472,52,0
2473,53,0
2474,52,0
2475,52,0
2476,51,0
2477,53,0
2478,51,0
2479,52,0
2480,52,0
2481,53,0
2482,52,0
2483,54,0
2484,55,0
2485,52,0
2486,52,0
2487,51,0
2488,52,0
2489,50,0
2490,51,0
2491,49,0
2492,52,0
2493,50,0
2494,51,0
2495,54,0
2496,52,0
2497,51,0
2498,52,0
2499,52,0
2500,51,0
2501,55,0
2502,50,0
2503,52,0
2504,51,0
2505,52,0
2506,52,0
2507,53,0
2508,51,0
2509,52,0
2510,52,0
2511,51,0
2512,52,0
2513,52,0
2514,53,0
2515,54,0
2516,52,0
2517,51,0
2518,52,0
2519,52,0
2520,53,0
2521,52,0
2522,52,0
2523,55,0
2524,52,0
2525,52,0
2526,51,0
2527,50,0
2528,50,0
2529,51,0
2530,51,0
2531,50,0
2532,53,0
2533,51,0
2534,52,0
2535,51,0
2536,51,0
2537,52,0
2538,52,0
2539,53,0
2540,51,0
2541,50,0
2542,51,0
2543,55,0
2544,52,0
2545,51,0
2546,51,0
2547,50,0
2548,50,0
2549,53,0
2550,50,0
2551,50,0
2552,53,0
2553,52,0
2554,50,0
2555,51,0
2556,52,0
2557,52,0
2558,53,0
2559,52,0
2560,52,0
2561,51,0
2562,53,0
2563,54,0
2564,51,0
2565,56,0
2566,53,0
2567,52,0
2568,54,0
2569,50,0
2570,51,0
2571,50,0
2572,52,0
2573,53,0
2574,50,0
2575,52,0
2576,51,0
2577,54,0
2578,52,0
2579,51,0
2580,52,0
2581,52,0
2582,53,0
2583,50,0
2584,55,0
2585,55,0
2586,54,0
2587,51,0
2588,52,0
2589,52,0
2590,51,0
2591,50,0
2592,52,0
2593,51,0
2594,52,0
2595,52,0
2596,50,0
2597,53,0
2598,52,0
2599,50,0
2600,49,0
2601,52,0
2602,54,0
2603,55,0
2604,52,0
2605,52,0
2606,51,0
2607,54,0
2608,52,0
2609,51,0
2610,52,0
2611,53,0
2612,53,0
2613,52,0
2614,53,0
2615,51,0
2616,54,0
2617,53,0
2618,52,0
2619,52,0
2620,51,0
2621,52,0
2622,52,0
2623,51,0
2624,52,0
2625,52,0
2626,51,0
2627,52,0
2628,52,0
2629,53,0
2630,51,0
2631,50,0
2632,54,0
2633,53,0
2634,52,0
2635,50,0
2636,53,0
2637,52,0
2638,50,0
2639,51,0
2640,50,0
2641,50,0
2642,53,0
2643,50,0
2644,52,0
2645,51,0
2646,52,0
2647,52,0
2648,53,0
2649,52,0
2650,52,0
2651,53,0
2652,52,0
2653,52,0
2654,53,0
2655,50,0
2656,52,0
2657,51,0
2658,52,0
2659,50,0
2660,53,0
2661,51,0
2662,52,0
2663,52,0
2664,53,0
2665,52,0
2666,52,0
2667,53,0
2668,50,0
2669,52,0
2670,51,0
2671,52,0
2672,52,0
2673,53,0
2674,52,0
2675,52,0
2676,51,0
2677,52,0
2678,53,0
2679,53,0
2680,52,0
2681,53,0
2682,50,0
2683,52,0
2684,51,0
2685,50,0
2686,51,0
2687,51,0
2688,54,0
2689,53,0
2690,51,0
2691,54,0
2692,53,0
2693,53,0
2694,50,0
2695,50,0
2696,49,0
2697,50,0
2698,51,0
2699,53,0
2700,52,0
2701,51,0
2702,50,0
2703,52,0
2704,51,0
2705,50,0
2706,50,0
2707,53,0
2708,50,0
2709,52,0
2710,51,0
2711,52,0
2712,51,0
2713,50,0
2714,50,0
2715,51,0
2716,50,0
2717,50,0
2718,53,0
2719,52,0
2720,51,0
2721,52,0
2722,52,0
2723,51,0
2724,50,0
2725,50,0
2726,50,0
2727,51,0
2728,52,0
2729,52,0
2730,51,0
2731,52,0
2732,52,0
2733,53,0
2734,50,0
2735,52,0
2736,55,0
2737,50,0
2738,50,0
2739,53,0
2740,52,0
2741,52,0
2742,53,0
2743,50,0
2744,53,0
2745,55,0
2746,50,0
2747,43712,1
2748,52,0
2749,49,0
2750,55,0
2751,52,0
2752,52,0
2753,53,0
2754,50,0
2755,50,0
2756,53,0
2757,51,0
2758,52,0
2759,52,0
2760,53,0
2761,52,0
2762,50,0
2763,49,0
2764,53,0
2765,52,0
2766,52,0
2767,53,0
2768,50,0
2769,52,0
2770,53,0
2771,52,0
2772,52,0
2773,51,0
2774,52,0
2775,52,0
2776,55,0
2777,53,0
2778,54,0
2779,52,0
2780,53,0
2781,54,0
2782,50,0
2783,49,0
2784,52,0
2785,52,0
2786,53,0
2787,52,0
2788,54,0
2789,51,0
2790,51,0
2791,55,0
2792,54,0
2793,54,0
2794,52,0
2795,54,0
2796,53,0
2797,55,0
2798,52,0
2799,52,0
2800,52,0
2801,52,0
2802,51,0
2803,52,0
2804,50,0
2805,54,0
2806,53,0
2807,55,0
2808,52,0
2809,54,0
2810,55,0
2811,51,0
2812,52,0
2813,52,0
2814,52,0
2815,53,0
2816,52,0
2817,54,0
2818,54,0
2819,55,0
2820,52,0
2821,52,0
2822,52,0
2823,54,0
2824,51,0
2825,53,0
2826,52,0
2827,52,0
2828,55,0
2829,55,0
2830,52,0
2831,54,0
2832,54,0
2833,53,0
2834,52,0
2835,54,0
2836,54,0
2837,53,0
2838,52,0
2839,52,0
2840,54,0
2841,53,0
2842,51,0
2843,54,0
2844,54,0
2845,53,0
2846,53,0
2847,52,0
2848,54,0
2849,55,0
2850,53,0
2851,53,0
2852,54,0
2853,52,0
2854,53,0
2855,53,0
2856,54,0
2857,52,0
2858,53,0
2859,53,0
2860,52,0
2861,52,0
2862,50,0
2863,52,0
2864,54,0
2865,51,0
2866,51,0
2867,52,0
2868,50,0
2869,55,0
2870,52,0
2871,52,0
2872,52,0
2873,53,0
2874,50,0
2875,50,0
2876,51,0
2877,52,0
2878,50,0
2879,53,0
2880,52,0
2881,54,0
2882,51,0
2883,51,0
2884,52,0
2885,51,0
2886,53,0
2887,52,0
2888,50,0
2889,55,0
2890,51,0
2891,50,0
2892,52,0
2893,51,0
2894,50,0
2895,52,0
2896,51,0
2897,50,0
2898,52,0
2899,51,0
2900,52,0
2901,50,0
2902,51,0
2903,52,0
2904,50,0
2905,53,0
2906,52,0
2907,52,0
2908,53,0
2909,51,0
2910,52,0
2911,52,0
2912,53,0
2913,50,0
2914,52,0
2915,51,0
2916,52,0
2917,54,0
2918,51,0
2919,53,0
2920,52,0
2921,52,0
2922,51,0
2923,52,0
2924,53,0
2925,51,0
2926,52,0
2927,50,0
2928,53,0
2929,50,0
2930,52,0
2931,51,0
2932,52,0
2933,50,0
2934,53,0
2935,52,0
2936,52,0
2937,51,0
2938,52,0
2939,50,0
2940,55,0
2941,52,0
2942,50,0
2943,53,0
2944,52,0
2945,52,0
2946,55,0
2947,52,0
2948,52,0
2949,51,0
2950,52,0
2951,50,0
2952,54,0
2953,53,0
2954,52,0
2955,52,0
2956,53,0
2957,53,0
2958,54,0
2959,53,0
2960,51,0
2961,52,0
2962,51,0
2963,51,0
2964,54,0
2965,52,0
2966,53,0
2967,52,0
2968,52,0
2969,51,0
2970,52,0
2971,54,0
2972,53,0
2973,52,0
2974,50,0
2975,53,0
2976,50,0
2977,52,0
2978,51,0
2979,50,0
2980,50,0
2981,52,0
2982,49,0
2983,50,0
2984,50,0
2985,53,0
2986,52,0
2987,52,0
2988,51,0
2989,52,0
2990,50,0
2991,53,0
2992,50,0
2993,52,0
2994,51,0
2995,52,0
2996,52,0
2997,55,0
2998,55,0
2999,52,0
3000,53,0
3001,53,0
3002,52,0
3003,52,0
3004,53,0
3005,54,0
3006,52,0
3007,55,0
3008,52,0
3009,50,0
3010,52,0
3011,53,0
3012,52,0
3013,52,0
3014,51,0
3015,52,0
3016,50,0
3017,53,0
3018,52,0
3019,52,0
3020,51,0
3021,52,0
3022,54,0
3023,51,0
3024,51,0
3025,52,0
3026,52,0
3027,51,0
3028,52,0
3029,52,0
3030,51,0
3031,50,0
3032,52,0
3033,55,0
3034,52,0
3035,52,0
3036,51,0
3037,52,0
3038,50,0
3039,51,0
3040,51,0
3041,52,0
3042,52,0
3043,53,0
3044,51,0
3045,52,0
3046,51,0
3047,51,0
3048,50,0
3049,51,0
3050,53,0
3051,52,0
3052,52,0
3053,51,0
3054,50,0
3055,52,0
3056,53,0
3057,50,0
3058,52,0
3059,53,0
3060,50,0
3061,50,0
3062,49,0
3063,55,0
3064,52,0
3065,53,0
3066,51,0
3067,52,0
3068,49,0
3069,53,0
3070,52,0
3071,52,0
3072,53,0
3073,52,0
3074,50,0
3075,53,0
3076,51,0
3077,50,0
3078,49,0
3079,51,0
3080,50,0
3081,53,0
3082,51,0
3083,52,0
3084,52,0
3085,51,0
3086,52,0
3087,52,0
3088,51,0
3089,52,0
3090,52,0
3091,53,0
3092,50,0
3093,52,0
3094,51,0
3095,52,0
3096,50,0
3097,53,0
3098,54,0
3099,50,0
3100,51,0
3101,53,0
3102,52,0
3103,53,0
3104,51,0
3105,52,0
3106,53,0
3107,51,0
3108,50,0
3109,53,0
3110,51,0
3111,52,0
3112,53,0
3113,53,0
3114,50,0
3115,53,0
3116,51,0
3117,50,0
3118,49,0
3119,55,0
3120,52,0
3121,52,0
3122,53,0
3123,52,0
3124,52,0
3125,51,0
3126,54,0
3127,52,0
3128,53,0
3129,52,0
3130,52,0
3131,52,0
3132,53,0
3133,52,0
3134,50,0
3135,51,0
3136,52,0
3137,52,0
3138,51,0
3139,51,0
3140,52,0
3141,51,0
3142,51,0
3143,50,0
3144,53,0
3145,53,0
3146,52,0
3147,52,0
3148,51,0
3149,52,0
3150,52,0
3151,51,0
3152,52,0
3153,52,0
3154,51,0
3155,52,0
3156,54,0
3157,53,0
3158,52,0
3159,52,0
3160,50,0
3161,53,0
3162,53,0
3163,52,0
3164,53,0
3165,49,0
3166,52,0
3167,52,0
3168,53,0
3169,50,0
3170,52,0
3171,53,0
3172,52,0
3173,50,0
3174,51,0
3175,50,0
3176,52,0
3177,49,0
3178,51,0
3179,50,0
3180,51,0
3181,51,0
3182,52,0
3183,52,0
3184,53,0
3185,52,0
3186,54,0
3187,51,0
3188,52,0
3189,52,0
3190,52,0
3191,51,0
3192,50,0
3193,52,0
3194,53,0
3195,52,0
3196,52,0
3197,55,0
3198,51,0
3199,52,0
3200,52,0
3201,53,0
3202,52,0
3203,52,0
3204,51,0
3205,52,0
3206,52,0
3207,51,0
3208,52,0
3209,52,0
3210,51,0
3211,51,0
3212,52,0
3213,51,0
3214,55,0
3215,52,0
3216,52,0
3217,51,0
3218,52,0
3219,52,0
3220,51,0
3221,51,0
3222,52,0
3223,53,0
3224,55,0
3225,52,0
3226,50,0
3227,55,0
3228,50,0
3229,52,0
3230,51,0
3231,52,0
3232,50,0
3233,51,0
3234,50,0
3235,50,0
3236,49,0
3237,52,0
3238,50,0
3239,51,0
3240,50,0
3241,54,0
3242,53,0
3243,52,0
3244,52,0
3245,51,0
3246,52,0
3247,52,0
3248,51,0
3249,52,0
3250,52,0
3251,50,0
3252,51,0
3253,52,0
3254,52,0
3255,51,0
3256,51,0
3257,52,0
3258,51,0
3259,51,0
3260,52,0
3261,51,0
3262,53,0
3263,52,0
3264,51,0
3265,53,0
3266,52,0
3267,53,0
3268,51,0
3269,52,0
3270,51,0
3271,51,0
3272,50,0
3273,53,0
3274,53,0
3275,52,0
3276,53,0
3277,51,0
3278,52,0
3279,52,0
3280,55,0
3281,53,0
3282,50,0
3283,51,0
3284,51,0
3285,52,0
3286,52,0
3287,53,0
3288,52,0
3289,52,0
3290,53,0
3291,52,0
3292,52,0
3293,53,0
3294,52,0
3295,52,0
3296,53,0
3297,52,0
3298,52,0
3299,51,0
3300,54,0
3301,52,0
3302,51,0
3303,52,0
3304,54,0
3305,51,0
3306,52,0
3307,50,0
3308,51,0
3309,53,0
3310,52,0
3311,52,0
3312,49,0
3313,52,0
3314,52,0
3315,51,0
3316,52,0
3317,52,0
3318,51,0
3319,53,0
3320,52,0
3321,53,0
3322,49,0
3323,50,0
3324,52,0
3325,55,0
3326,50,0
3327,52,0
3328,53,0
3329,54,0
3330,50,0
3331,55,0
3332,52,0
3333,52,0
3334,53,0
3335,52,0
3336,50,0
3337,51,0
3338,52,0
3339,52,0
3340,52,0
3341,51,0
3342,51,0
3343,52,0
3344,52,0
3345,51,0
3346,52,0
3347,52,0
3348,55,0
3349,52,0
3350,52,0
3351,51,0
3352,52,0
3353,52,0
3354,51,0
3355,51,0
3356,50,0
3357,50,0
3358,53,0
3359,50,0
3360,52,0
3361,53,0
3362,52,0
3363,52,0
3364,53,0
3365,52,0
3366,52,0
3367,51,0
3368,52,0
3369,52,0
3370,52,0
3371,51,0
3372,54,0
3373,52,0
3374,51,0
3375,52,0
3376,50,0
3377,51,0
3378,53,0
3379,52,0
3380,53,0
3381,51,0
3382,52,0
3383,52,0
3384,58,0
3385,49,0
3386,53,0
3387,52,0
3388,52,0
3389,50,0
3390,51,0
3391,50,0
3392,50,0
3393,49,0
3394,50,0
3395,50,0
3396,55,0
3397,50,0
3398,54,0
3399,51,0
3400,52,0
3401,50,0
3402,53,0
3403,50,0
3404,50,0
3405,51,0
3406,52,0
3407,50,0
3408,53,0
3409,52,0
3410,50,0
3411,51,0
3412,53,0
3413,52,0
3414,52,0
3415,53,0
3416,51,0
3417,50,0
3418,52,0
3419,53,0
3420,52,0
3421,52,0
3422,53,0
3423,50,0
3424,50,0
3425,51,0
3426,52,0
3427,50,0
3428,53,0
3429,53,0
3430,50,0
3431,50,0
3432,51,0
3433,50,0
3434,52,0
3435,51,0
3436,52,0
3437,50,0
3438,51,0
3439,51,0
3440,52,0
3441,52,0
3442,53,0
3443,50,0
3444,52,0
3445,52,0
3446,53,0
3447,51,0
3448,52,0
3449,52,0
3450,51,0
3451,50,0
3452,52,0
3453,53,0
3454,54,0
3455,52,0
3456,55,0
3457,51,0
3458,50,0
3459,54,0
3460,51,0
3461,52,0
3462,52,0
3463,51,0
3464,51,0
3465,50,0
3466,52,0
3467,53,0
3468,52,0
3469,52,0
3470,49,0
3471,52,0
3472,50,0
3473,53,0
3474,50,0
3475,52,0
3476,52,0
3477,53,0
3478,52,0
3479,52,0
3480,51,0
3481,51,0
3482,52,0
3483,52,0
3484,51,0
3485,52,0
3486,52,0
3487,51,0
3488,51,0
3489,52,0
3490,50,0
3491,51,0
3492,52,0
3493,52,0
3494,53,0
3495,53,0
3496,52,0
3497,52,0
3498,53,0
3499,52,0
3500,52,0
3501,55,0
3502,53,0
3503,52,0
3504,52,0
3505,53,0
3506,52,0
3507,50,0
3508,50,0
3509,51,0
3510,51,0
3511,52,0
3512,52,0
3513,53,0
3514,50,0
3515,54,0
3516,53,0
3517,53,0
3518,52,0
3519,52,0
3520,51,0
3521,50,0
3522,52,0
3523,53,0
3524,52,0
3525,52,0
3526,53,0
3527,51,0
3528,50,0
3529,52,0
3530,49,0
3531,52,0
3532,52,0
3533,53,0
3534,52,0
3535,52,0
3536,51,0
3537,55,0
3538,50,0
3539,52,0
3540,50,0
3541,53,0
3542,54,0
3543,52,0
3544,55,0
3545,52,0
3546,50,0
3547,53,0
3548,51,0
3549,54,0
3550,52,0
3551,55,0
3552,52,0
3553,50,0
3554,53,0
3555,52,0
3556,50,0
3557,53,0
3558,52,0
3559,52,0
3560,53,0
3561,51,0
3562,50,0
3563,52,0
3564,51,0
3565,54,0
3566,50,0
3567,53,0
3568,52,0
3569,50,0
3570,53,0
3571,53,0
3572,51,0
3573,52,0
3574,51,0
3575,53,0
3576,50,0
3577,52,0
3578,51,0
3579,52,0
3580,50,0
3581,53,0
3582,52,0
3583,52,0
3584,51,0
3585,50,0
3586,50,0
3587,51,0
3588,50,0
3589,52,0
3590,55,0
3591,51,0
3592,52,0
3593,52,0
3594,51,0
3595,50,0
3596,50,0
3597,51,0
3598,54,0
3599,52,0
3600,52,0
3601,51,0
3602,52,0
3603,50,0
3604,52,0
3605,51,0
3606,52,0
3607,52,0
3608,51,0
3609,50,0
3610,50,0
3611,49,0
3612,55,0
3613,52,0
3614,52,0
3615,53,0
3616,54,0
3617,52,0
3618,53,0
3619,52,0
3620,50,0
3621,51,0
3622,51,0
3623,52,0
3624,52,0
3625,49,0
3626,52,0
3627,52,0
3628,55,0
3629,52,0
3630,54,0
3631,52,0
3632,51,0
3633,55,0
3634,50,0
3635,55,0
3636,51,0
3637,52,0
3638,49,0
3639,51,0
3640,52,0
3641,52,0
3642,51,0
3643,52,0
3644,52,0
3645,51,0
3646,53,0
3647,52,0
3648,52,0
3649,53,0
3650,50,0
3651,52,0
3652,51,0
3653,53,0
3654,52,0
3655,52,0
3656,51,0
3657,52,0
3658,52,0
3659,53,0
3660,51,0
3661,52,0
3662,52,0
3663,52,0
3664,51,0
3665,51,0
3666,52,0
3667,52,0
3668,51,0
3669,54,0
3670,50,0
3671,53,0
3672,50,0
3673,50,0
3674,51,0
3675,51,0
3676,54,0
3677,50,0
3678,49,0
3679,52,0
3680,50,0
3681,51,0
3682,52,0
3683,52,0
3684,55,0
3685,52,0
3686,52,0
3687,52,0
3688,53,0
3689,52,0
3690,52,0
3691,55,0
3692,51,0
3693,50,0
3694,52,0
3695,53,0
3696,51,0
3697,50,0
3698,53,0
3699,51,0
3700,54,0
3701,52,0
3702,55,0
3703,52,0
3704,52,0
3705,49,0
3706,51,0
3707,52,0
3708,53,0
3709,55,0
3710,52,0
3711,52,0
3712,51,0
3713,52,0
3714,52,0
3715,55,0
3716,53,0
3717,52,0
3718,53,0
3719,51,0
3720,52,0
3721,52,0
3722,51,0
3723,52,0
3724,50,0
3725,52,0
3726,53,0
3727,52,0
3728,50,0
3729,51,0
3730,55,0
3731,50,0
3732,53,0
3733,53,0
3734,54,0
3735,51,0
3736,51,0
3737,52,0
3738,53,0
3739,49,0
3740,52,0
3741,50,0
3742,51,0
3743,50,0
3744,52,0
3745,53,0
3746,52,0
3747,52,0
3748,53,0
3749,52,0
3750,52,0
3751,53,0
3752,53,0
3753,49,0
3754,52,0
3755,49,0
3756,55,0
3757,50,0
3758,53,0
3759,53,0
3760,52,0
3761,52,0
3762,51,0
3763,52,0
3764,52,0
3765,51,0
3766,50,0
3767,50,0
3768,51,0
3769,50,0
3770,54,0
3771,51,0
3772,52,0
3773,52,0
3774,51,0
3775,52,0
3776,50,0
3777,50,0
3778,55,0
3779,52,0
3780,52,0
3781,52,0
3782,53,0
3783,54,0
3784,50,0
3785,55,0
3786,52,0
3787,50,0
3788,51,0
3789,53,0
3790,52,0
3791,52,0
3792,51,0
3793,52,0
3794,52,0
3795,52,0
3796,55,0
3797,52,0
3798,52,0
3799,55,0
3800,52,0
3801,54,0
3802,52,0
3803,55,0
3804,50,0
3805,50,0
3806,49,0
3807,52,0
3808,52,0
3809,51,0
3810,51,0
3811,52,0
3812,52,0
3813,52,0
3814,51,0
3815,50,0
3816,52,0
3817,53,0
3818,50,0
3819,52,0
3820,50,0
3821,51,0
3822,52,0
3823,52,0
3824,51,0
3825,53,0
3826,52,0
3827,53,0
3828,49,0
3829,52,0
3830,50,0
3831,51,0
3832,52,0
3833,52,0
3834,51,0
3835,55,0
3836,50,0
3837,52,0
3838,51,0
3839,52,0
3840,52,0
3841,52,0
3842,53,0
3843,52,0
3844,54,0
3845,52,0
3846,51,0
3847,52,0
3848,52,0
3849,53,0
3850,51,0
3851,50,0
3852,50,0
3853,53,0
3854,52,0
3855,50,0
3856,55,0
3857,51,0
3858,52,0
3859,52,0
3860,53,0
3861,52,0
3862,52,0
3863,53,0
3864,51,0
3865,50,0
3866,52,0
3867,51,0
3868,52,0
3869,50,0
3870,51,0
3871,52,0
3872,52,0
3873,51,0
3874,51,0
3875,50,0
3876,50,0
3877,51,0
3878,51,0
3879,50,0
3880,52,0
3881,51,0
3882,50,0
3883,52,0
3884,53,0
3885,51,0
3886,52,0
3887,52,0
3888,51,0
3889,50,0
3890,52,0
3891,53,0
3892,52,0
3893,50,0
3894,53,0
3895,52,0
3896,52,0
3897,51,0
3898,51,0
3899,52,0
3900,52,0
3901,53,0
3902,50,0
3903,50,0
3904,53,0
3905,50,0
3906,52,0
3907,51,0
3908,53,0
3909,52,0
3910,50,0
3911,53,0
3912,53,0
3913,52,0
3914,52,0
3915,55,0
3916,52,0
3917,50,0
3918,53,0
3919,51,0
3920,52,0
3921,50,0
3922,51,0
3923,54,0
3924,52,0
3925,53,0
3926,52,0
3927,52,0
3928,53,0
3929,52,0
3930,52,0
3931,53,0
3932,53,0
3933,50,0
3934,52,0
3935,53,0
3936,52,0
3937,50,0
3938,52,0
3939,49,0
3940,51,0
3941,50,0
3942,52,0
3943,49,0
3944,52,0
3945,50,0
3946,53,0
3947,52,0
3948,52,0
3949,53,0
3950,55,0
3951,50,0
3952,51,0
3953,53,0
3954,52,0
3955,52,0
3956,51,0
3957,52,0
3958,52,0
3959,49,0
3960,55,0
3961,50,0
3962,50,0
3963,53,0
3964,52,0
3965,52,0
3966,51,0
3967,51,0
3968,52,0
3969,50,0
3970,52,0
3971,51,0
3972,54,0
3973,52,0
3974,55,0
3975,51,0
3976,52,0
3977,52,0
3978,53,0
3979,52,0
3980,52,0
3981,53,0
3982,51,0
3983,52,0
3984,52,0
3985,53,0
3986,52,0
3987,52,0
3988,53,0
3989,52,0
3990,50,0
3991,51,0
3992,53,0
3993,50,0
3994,52,0
3995,53,0
3996,52,0
3997,50,0
3998,51,0
3999,50,0
4000,52,0
4001,50,0
4002,52,0
4003,49,0
4004,52,0
4005,50,0
4006,51,0
4007,50,0
4008,52,0
4009,53,0
4010,51,0
4011,50,0
4012,52,0
4013,53,0
4014,52,0
4015,52,0
4016,55,0
4017,52,0
4018,52,0
4019,53,0
4020,51,0
4021,52,0
4022,53,0
4023,49,0
4024,54,0
4025,50,0
4026,53,0
4027,50,0
4028,54,0
4029,53,0
4030,55,0
4031,51,0
4032,52,0
4033,52,0
4034,53,0
4035,50,0
4036,50,0
4037,49,0
4038,52,0
4039,52,0
4040,53,0
4041,53,0
4042,54,0
4043,52,0
4044,53,0
4045,50,0
4046,50,0
4047,53,0
4048,52,0
4049,50,0
4050,53,0
4051,51,0
4052,52,0
4053,50,0
4054,55,0
4055,50,0
4056,52,0
4057,51,0
4058,52,0
4059,50,0
4060,52,0
4061,51,0
4062,52,0
4063,52,0
4064,51,0
4065,53,0
4066,52,0
4067,52,0
4068,53,0
4069,52,0
4070,52,0
4071,51,0
4072,52,0
4073,54,0
4074,51,0
4075,53,0
4076,52,0
4077,52,0
4078,51,0
4079,52,0
4080,50,0
4081,55,0
4082,50,0
4083,52,0
4084,50,0
4085,55,0
4086,50,0
4087,54,0
4088,53,0
4089,52,0
4090,52,0
4091,50,0
4092,51,0
4093,51,0
4094,52,0
4095,52,0
4096,49,0
4097,54,0
4098,50,0
4099,51,0
4100,52,0
4101,52,0
4102,55,0
4103,55,0
4104,52,0
4105,52,0
4106,51,0
4107,52,0
4108,50,0
4109,51,0
4110,52,0
4111,52,0
4112,51,0
4113,53,0
4114,54,0
4115,52,0
4116,51,0
4117,52,0
4118,54,0
4119,53,0
4120,49,0
4121,51,0
4122,52,0
4123,52,0
4124,51,0
4125,50,0
4126,50,0
4127,51,0
4128,50,0
4129,52,0
4130,53,0
4131,53,0
4132,50,0
4133,52,0
4134,51,0
4135,52,0
4136,50,0
4137,51,0
4138,51,0
4139,50,0
4140,50,0
4141,53,0
4142,50,0
4143,52,0
4144,49,0
4145,53,0
4146,52,0
4147,52,0
4148,53,0
4149,55,0
4150,50,0
4151,52,0
4152,51,0
4153,51,0
4154,52,0
4155,50,0
4156,51,0
4157,52,0
4158,52,0
4159,49,0
4160,52,0
4161,52,0
4162,53,0
4163,53,0
4164,52,0
4165,50,0
4166,51,0
4167,50,0
4168,52,0
4169,53,0
4170,52,0
4171,54,0
4172,51,0
4173,53,0
4174,52,0
4175,50,0
4176,51,0
4177,52,0
4178,52,0
4179,51,0
4180,50,0
4181,52,0
4182,51,0
4183,50,0
4184,52,0
4185,50,0
4186,53,0
4187,53,0
4188,54,0
4189,52,0
4190,51,0
4191,50,0
4192,50,0
4193,49,0
4194,51,0
4195,50,0
4196,52,0
4197,49,0
4198,50,0
4199,54,0
4200,55,0
4201,52,0
4202,52,0
4203,58,0
4204,50,0
4205,52,0
4206,52,0
4207,53,0
4208,50,0
4209,50,0
4210,53,0
4211,52,0
4212,52,0
4213,51,0
4214,52,0
4215,52,0
4216,51,0
4217,52,0
4218,52,0
4219,53,0
4220,52,0
4221,52,0
4222,51,0
4223,52,0
4224,52,0
4225,51,0
4226,50,0
4227,52,0
4228,53,0
4229,52,0
4230,52,0
4231,51,0
4232,52,0
4233,52,0
4234,52,0
4235,53,0
4236,50,0
4237,52,0
4238,53,0
4239,52,0
4240,52,0
4241,51,0
4242,52,0
4243,52,0
4244,51,0
4245,52,0
4246,54,0
4247,55,0
4248,52,0
4249,52,0
4250,55,0
4251,52,0
4252,54,0
4253,51,0
4254,52,0
4255,50,0
4256,51,0
4257,53,0
4258,52,0
4259,51,0
4260,53,0
4261,50,0
4262,52,0
4263,50,0
4264,51,0
4265,50,0
4266,52,0
4267,51,0
4268,52,0
4269,50,0
4270,53,0
4271,52,0
4272,52,0
4273,53,0
4274,52,0
4275,52,0
4276,53,0
4277,51,0
4278,54,0
4279,53,0
4280,53,0
4281,50,0
4282,51,0
4283,51,0
4284,54,0
4285,52,0
4286,51,0
4287,52,0
4288,54,0
4289,51,0
4290,52,0
4291,50,0
4292,51,0
4293,53,0
4294,51,0
4295,54,0
4296,52,0
4297,53,0
4298,50,0
4299,52,0
4300,49,0
4301,52,0
4302,52,0
4303,51,0
4304,53,0
4305,52,0
4306,53,0
4307,53,0
4308,52,0
4309,52,0
4310,53,0
4311,52,0
4312,50,0
4313,51,0
4314,50,0
4315,52,0
4316,49,0
4317,51,0
4318,52,0
4319,52,0
4320,49,0
4321,52,0
4322,50,0
4323,55,0
4324,51,0
4325,54,0
4326,52,0
4327,51,0
4328,50,0
4329,54,0
4330,49,0
4331,52,0
4332,52,0
4333,51,0
4334,52,0
4335,52,0
4336,51,0
4337,52,0
4338,50,0
4339,51,0
4340,53,0
4341,52,0
4342,53,0
4343,51,0
4344,52,0
4345,55,0
4346,49,0
4347,52,0
4348,53,0
4349,55,0
4350,52,0
4351,53,0
4352,51,0
4353,54,0
4354,50,0
4355,55,0
4356,53,0
4357,50,0
4358,52,0
4359,53,0
4360,52,0
4361,53,0
4362,52,0
4363,52,0
4364,53,0
4365,52,0
4366,50,0
4367,53,0
4368,52,0
4369,52,0
4370,51,0
4371,50,0
4372,52,0
4373,49,0
4374,50,0
4375,52,0
4376,53,0
4377,50,0
4378,51,0
4379,51,0
4380,52,0
4381,51,0
4382,52,0
4383,52,0
4384,51,0
4385,52,0
4386,50,0
4387,50,0
4388,53,0
4389,52,0
4390,52,0
4391,53,0
4392,52,0
4393,55,0
4394,51,0
4395,52,0
4396,53,0
4397,50,0
4398,50,0
4399,51,0
4400,52,0
4401,52,0
4402,53,0
4403,52,0
4404,52,0
4405,53,0
4406,50,0
4407,52,0
4408,51,0
4409,50,0
4410,52,0
4411,51,0
4412,52,0
4413,51,0
4414,51,0
4415,52,0
4416,52,0
4417,51,0
4418,55,0
4419,52,0
4420,53,0
4421,52,0
4422,52,0
4423,55,0
4424,52,0
4425,52,0
4426,51,0
4427,52,0
4428,50,0
4429,53,0
4430,52,0
4431,52,0
4432,53,0
4433,50,0
4434,54,0
4435,53,0
4436,52,0
4437,52,0
4438,53,0
4439,52,0
4440,52,0
4441,51,0
4442,52,0
4443,50,0
4444,55,0
4445,50,0
4446,52,0
4447,51,0
4448,51,0
4449,52,0
4450,53,0
4451,55,0
4452,52,0
4453,53,0
4454,53,0
4455,52,0
4456,55,0
4457,52,0
4458,54,0
4459,49,0
4460,52,0
4461,52,0
4462,53,0
4463,50,0
4464,52,0
4465,51,0
4466,52,0
4467,50,0
4468,53,0
4469,50,0
4470,54,0
4471,53,0
4472,51,0
4473,52,0
4474,55,0
4475,53,0
4476,52,0
4477,50,0
4478,51,0
4479,50,0
4480,52,0
4481,51,0
4482,52,0
4483,52,0
4484,55,0
4485,52,0
4486,52,0
4487,53,0
4488,52,0
4489,52,0
4490,55,0
4491,54,0
4492,52,0
4493,49,0
4494,50,0
4495,50,0
4496,51,0
4497,50,0
4498,52,0
4499,51,0
4500,52,0
4501,50,0
4502,53,0
4503,52,0
4504,52,0
4505,51,0
4506,52,0
4507,50,0
4508,51,0
4509,52,0
4510,52,0
4511,49,0
4512,52,0
4513,50,0
4514,51,0
4515,50,0
4516,52,0
4517,53,0
4518,52,0
4519,50,0
4520,55,0
4521,50,0
4522,52,0
4523,51,0
4524,52,0
4525,52,0
4526,53,0
4527,52,0
4528,53,0
4529,51,0
4530,52,0
4531,51,0
4532,52,0
4533,50,0
4534,51,0
4535,52,0
4536,52,0
4537,50,0
4538,51,0
4539,52,0
4540,52,0
4541,55,0
4542,52,0
4543,51,0
4544,53,0
4545,50,0
4546,53,0
4547,52,0
4548,54,0
4549,51,0
4550,52,0
4551,50,0
4552,51,0
4553,50,0
4554,52,0
4555,49,0
4556,52,0
4557,50,0
4558,53,0
4559,50,0
4560,55,0
4561,51,0
4562,54,0
4563,53,0
4564,52,0
4565,50,0
4566,54,0
4567,55,0
4568,50,0
4569,50,0
4570,51,0
4571,50,0
4572,52,0
4573,51,0
4574,52,0
4575,51,0
4576,51,0
4577,52,0
4578,51,0
4579,51,0
4580,52,0
4581,51,0
4582,52,0
4583,50,0
4584,55,0
4585,51,0
4586,52,0
4587,51,0
4588,53,0
4589,52,0
4590,51,0
4591,53,0
4592,52,0
4593,51,0
4594,52,0
4595,52,0
4596,53,0
4597,51,0
4598,52,0
4599,50,0
4600,51,0
4601,52,0
4602,52,0
4603,55,0
4604,52,0
4605,52,0
4606,51,0
4607,50,0
4608,52,0
4609,49,0
4610,54,0
4611,52,0
4612,53,0
4613,50,0
4614,52,0
4615,53,0
4616,50,0
4617,52,0
4618,53,0
4619,50,0
4620,52,0
4621,53,0
4622,50,0
4623,52,0
4624,53,0
4625,54,0
4626,52,0
4627,51,0
4628,51,0
4629,52,0
4630,51,0
4631,53,0
4632,52,0
4633,51,0
4634,53,0
4635,52,0
4636,53,0
4637,51,0
4638,52,0
4639,51,0
4640,53,0
4641,52,0
4642,51,0
4643,53,0
4644,50,0
4645,51,0
4646,51,0
4647,52,0
4648,51,0
4649,53,0
4650,52,0
4651,49,0
4652,55,0
4653,54,0
4654,53,0
4655,52,0
4656,52,0
4657,50,0
4658,55,0
4659,52,0
4660,52,0
4661,51,0
4662,52,0
4663,54,0
4664,51,0
4665,52,0
4666,52,0
4667,51,0
4668,54,0
4669,52,0
4670,51,0
4671,52,0
4672,52,0
4673,53,0
4674,52,0
4675,50,0
4676,51,0
4677,52,0
4678,51,0
4679,51,0
4680,54,0
4681,53,0
4682,52,0
4683,52,0
4684,51,0
4685,52,0
4686,50,0
4687,50,0
4688,51,0
4689,50,0
4690,52,0
4691,53,0
4692,52,0
4693,51,0
4694,53,0
4695,52,0
4696,51,0
4697,52,0
4698,52,0
4699,51,0
4700,52,0
4701,50,0
4702,53,0
4703,52,0
4704,50,0
4705,51,0
4706,50,0
4707,52,0
4708,51,0
4709,50,0
4710,51,0
4711,51,0
4712,52,0
4713,51,0
4714,52,0
4715,50,0
4716,53,0
4717,49,0
4718,50,0
4719,52,0
4720,53,0
4721,52,0
4722,52,0
4723,53,0
4724,52,0
4725,53,0
4726,51,0
4727,52,0
4728,53,0
4729,53,0
4730,52,0
4731,55,0
4732,53,0
4733,52,0
4734,51,0
4735,52,0
4736,52,0
4737,53,0
4738,52,0
4739,52,0
4740,51,0
4741,52,0
4742,52,0
4743,51,0
4744,50,0
4745,52,0
4746,53,0
4747,51,0
4748,52,0
4749,51,0
4750,53,0
4751,50,0
4752,53,0
4753,50,0
4754,52,0
4755,53,0
4756,52,0
4757,50,0
4758,53,0
4759,52,0
4760,52,0
4761,51,0
4762,52,0
4763,50,0
4764,53,0
4765,52,0
4766,52,0
4767,53,0
4768,52,0
4769,50,0
4770,53,0
4771,50,0
4772,54,0
4773,53,0
4774,52,0
4775,50,0
4776,52,0
4777,51,0
4778,52,0
4779,50,0
4780,51,0
4781,54,0
4782,52,0
4783,51,0
4784,52,0
4785,52,0
4786,51,0
4787,52,0
4788,52,0
4789,53,0
4790,54,0
4791,52,0
4792,53,0
4793,52,0
4794,52,0
4795,51,0
4796,52,0
4797,52,0
4798,53,0
4799,52,0
4800,52,0
4801,51,0
4802,52,0
4803,52,0
4804,53,0
4805,50,0
4806,52,0
4807,51,0
4808,51,0
4809,52,0
4810,53,0
4811,53,0
4812,52,0
4813,53,0
4814,51,0
4815,52,0
4816,53,0
4817,52,0
4818,52,0
4819,51,0
4820,52,0
4821,52,0
4822,51,0
4823,52,0
4824,54,0
4825,53,0
4826,50,0
4827,50,0
4828,51,0
4829,50,0
4830,52,0
4831,51,0
4832,52,0
4833,50,0
4834,51,0
4835,50,0
4836,52,0
4837,52,0
4838,53,0
4839,52,0
4840,53,0
4841,51,0
4842,52,0
4843,51,0
4844,52,0
4845,50,0
4846,53,0
4847,50,0
4848,50,0
4849,51,0
4850,52,0
4851,54,0
4852,53,0
4853,54,0
4854,52,0
4855,53,0
4856,52,0
4857,52,0
4858,51,0
4859,52,0
4860,53,0
4861,53,0
4862,52,0
4863,51,0
4864,52,0
4865,50,0
4866,50,0
4867,51,0
4868,52,0
4869,50,0
4870,53,0
4871,52,0
4872,52,0
4873,51,0
4874,50,0
4875,52,0
4876,53,0
4877,50,0
4878,53,0
4879,51,0
4880,52,0
4881,53,0
4882,52,0
4883,52,0
4884,55,0
4885,54,0
4886,50,0
4887,51,0
4888,52,0
4889,52,0
4890,55,0
4891,52,0
4892,52,0
4893,53,0
4894,52,0
4895,52,0
4896,53,0
4897,53,0
4898,50,0
4899,51,0
4900,52,0
4901,52,0
4902,53,0
4903,52,0
4904,52,0
4905,53,0
4906,52,0
4907,52,0
4908,53,0
4909,52,0
4910,52,0
4911,51,0
4912,52,0
4913,52,0
4914,53,0
4915,50,0
4916,52,0
4917,51,0
4918,52,0
4919,52,0
4920,51,0
4921,52,0
4922,52,0
4923,51,0
4924,50,0
4925,51,0
4926,53,0
4927,50,0
4928,52,0
4929,51,0
4930,52,0
4931,50,0
4932,51,0
4933,52,0
4934,52,0
4935,51,0
4936,52,0
4937,52,0
4938,53,0
4939,52,0
4940,52,0
4941,53,0
4942,52,0
4943,50,0
4944,53,0
4945,50,0
4946,52,0
4947,51,0
4948,52,0
4949,50,0
4950,53,0
4951,52,0
4952,52,0
4953,51,0
4954,52,0
4955,52,0
4956,55,0
4957,51,0
4958,52,0
4959,52,0
4960,53,0
4961,52,0
4962,54,0
4963,53,0
4964,52,0
4965,52,0
4966,53,0
4967,52,0
4968,52,0
4969,53,0
4970,53,0
4971,52,0
4972,51,0
4973,52,0
4974,50,0
4975,51,0
4976,54,0
4977,52,0
4978,51,0
4979,52,0
4980,52,0
4981,51,0
4982,50,0
4983,52,0
4984,55,0
4985,52,0
4986,52,0
4987,53,0
4988,52,0
4989,50,0
4990,53,0
4991,52,0
4992,52,0
4993,53,0
4994,52,0
4995,50,0
4996,51,0
4997,52,0
4998,52,0
4999,55,0
5000,52,0
5001,52,0
5002,55,0
5003,54,0
5004,52,0
5005,53,0
5006,52,0
5007,51,0
5008,53,0
5009,50,0
5010,51,0
5011,52,0
5012,52,0
5013,55,0
5014,52,0
5015,52,0
5016,52,0
5017,51,0
5018,52,0
5019,52,0
5020,53,0
5021,50,0
5022,59,0
5023,51,0
5024,52,0
5025,50,0
5026,53,0
5027,49,0
5028,50,0
5029,51,0
5030,51,0
5031,50,0
5032,52,0
5033,51,0
5034,52,0
5035,52,0
5036,53,0
5037,52,0
5038,52,0
5039,53,0
5040,51,0
5041,52,0
5042,52,0
5043,51,0
5044,54,0
5045,50,0
5046,51,0
5047,51,0
5048,50,0
5049,52,0
5050,52,0
5051,51,0
5052,51,0
5053,52,0
5054,52,0
5055,53,0
5056,52,0
5057,52,0
5058,52,0
5059,51,0
5060,52,0
5061,52,0
5062,51,0
5063,51,0
5064,52,0
5065,52,0
5066,53,0
5067,51,0
5068,50,0
5069,54,0
5070,49,0
5071,53,0
5072,52,0
5073,52,0
5074,53,0
5075,51,0
5076,50,0
5077,54,0
5078,52,0
5079,51,0
5080,51,0
5081,50,0
5082,52,0
5083,55,0
5084,53,0
5085,52,0
5086,52,0
5087,53,0
5088,55,0
5089,50,0
5090,52,0
5091,51,0
5092,52,0
5093,52,0
5094,52,0
5095,53,0
5096,52,0
5097,50,0
5098,52,0
5099,51,0
5100,52,0
5101,52,0
5102,51,0
5103,51,0
5104,52,0
5105,52,0
5106,54,0
5107,51,0
5108,52,0
5109,52,0
5110,51,0
5111,51,0
5112,52,0
5113,52,0
5114,53,0
5115,53,0
5116,54,0
5117,52,0
5118,53,0
5119,53,0
5120,52,0
5121,50,0
5122,53,0
5123,53,0
5124,52,0
5125,52,0
5126,55,0
5127,53,0
5128,52,0
5129,52,0
5130,53,0
5131,49,0
5132,52,0
5133,52,0
5134,53,0
5135,52,0
5136,52,0
5137,50,0
5138,52,0
5139,49,0
5140,52,0
5141,52,0
5142,52,0
5143,51,0
5144,54,0
5145,52,0
5146,51,0
5147,53,0
5148,52,0
5149,52,0
5150,51,0
5151,49,0
5152,52,0
5153,52,0
5154,51,0
5155,50,0
5156,52,0
5157,52,0
5158,51,0
5159,52,0
5160,52,0
5161,52,0
5162,53,0
5163,50,0
5164,52,0
5165,51,0
5166,53,0
5167,51,0
5168,50,0
5169,52,0
5170,53,0
5171,51,0
5172,52,0
5173,52,0
5174,53,0
5175,50,0
5176,52,0
5177,51,0
5178,52,0
5179,50,0
5180,51,0
5181,51,0
5182,52,0
5183,52,0
5184,53,0
5185,51,0
5186,54,0
5187,52,0
5188,51,0
5189,50,0
5190,52,0
5191,53,0
5192,51,0
5193,50,0
5194,52,0
5195,53,0
5196,53,0
5197,53,0
5198,54,0
5199,50,0
5200,51,0
5201,50,0
5202,50,0
5203,51,0
5204,53,0
5205,52,0
5206,50,0
5207,51,0
5208,51,0
5209,52,0
5210,52,0
5211,51,0
5212,52,0
5213,54,0
5214,53,0
5215,53,0
5216,52,0
5217,52,0
5218,53,0
5219,52,0
5220,52,0
5221,49,0
5222,53,0
5223,52,0
5224,52,0
5225,53,0
5226,51,0
5227,51,0
5228,52,0
5229,52,0
5230,51,0
5231,53,0
5232,52,0
5233,50,0
5234,53,0
5235,52,0
5236,52,0
5237,52,0
5238,51,0
5239,52,0
5240,52,0
5241,52,0
5242,55,0
5243,54,0
5244,52,0
5245,51,0
5246,51,0
5247,52,0
5248,50,0
5249,49,0
5250,51,0
5251,54,0
5252,52,0
5253,51,0
5254,53,0
5255,52,0
5256,54,0
5257,50,0
5258,51,0
5259,51,0
5260,52,0
5261,50,0
5262,53,0
5263,50,0
5264,52,0
5265,52,0
5266,51,0
5267,52,0
5268,52,0
5269,52,0
5270,53,0
5271,50,0
5272,52,0
5273,53,0
5274,51,0
5275,52,0
5276,50,0
5277,51,0
5278,55,0
5279,52,0
5280,52,0
5281,51,0
5282,52,0
5283,52,0
5284,52,0
5285,53,0
5286,55,0
5287,53,0
5288,50,0
5289,50,0
5290,53,0
5291,52,0
5292,54,0
5293,52,0
5294,51,0
5295,52,0
5296,50,0
5297,53,0
5298,53,0
5299,52,0
5300,50,0
5301,53,0
5302,51,0
5303,50,0
5304,52,0
5305,51,0
5306,51,0
5307,50,0
5308,52,0
5309,51,0
5310,52,0
5311,50,0
5312,52,0
5313,53,0
5314,52,0
5315,52,0
5316,52,0
5317,52,0
5318,51,0
5319,52,0
5320,52,0
5321,55,0
5322,53,0
5323,50,0
5324,52,0
5325,49,0
5326,52,0
5327,50,0
5328,52,0
5329,49,0
5330,50,0
5331,50,0
5332,51,0
5333,51,0
5334,52,0
5335,52,0
5336,51,0
5337,51,0
5338,52,0
5339,52,0
5340,53,0
5341,52,0
5342,50,0
5343,52,0
5344,53,0
5345,52,0
5346,52,0
5347,50,0
5348,53,0
5349,51,0
5350,52,0
5351,50,0
5352,51,0
5353,50,0
5354,52,0
5355,53,0
5356,51,0
5357,50,0
5358,54,0
5359,51,0
5360,53,0
5361,52,0
5362,52,0
5363,51,0
5364,52,0
5365,50,0
5366,53,0
5367,51,0
5368,52,0
5369,50,0
5370,51,0
5371,51,0
5372,54,0
5373,50,0
5374,53,0
5375,53,0
5376,50,0
5377,52,0
5378,49,0
5379,51,0
5380,54,0
5381,52,0
5382,50,0
5383,51,0
5384,54,0
5385,52,0
5386,53,0
5387,52,0
5388,52,0
5389,52,0
5390,51,0
5391,52,0
5392,50,0
5393,53,0
5394,51,0
5395,52,0
5396,52,0
5397,51,0
5398,54,0
5399,52,0
5400,53,0
5401,53,0
5402,54,0
5403,52,0
5404,52,0
5405,53,0
5406,52,0
5407,52,0
5408,53,0
5409,51,0
5410,52,0
5411,50,0
5412,51,0
5413,50,0
5414,54,0
5415,53,0
5416,55,0
5417,50,0
5418,52,0
5419,53,0
5420,53,0
5421,50,0
5422,54,0
5423,53,0
5424,51,0
5425,52,0
5426,52,0
5427,51,0
5428,52,0
5429,52,0
5430,52,0
5431,51,0
5432,52,0
5433,52,0
5434,54,0
5435,52,0
5436,53,0
5437,50,0
5438,52,0
5439,51,0
5440,51,0
5441,52,0
5442,54,0
5443,53,0
5444,53,0
5445,50,0
5446,52,0
5447,51,0
5448,51,0
5449,52,0
5450,52,0
5451,49,0
5452,52,0
5453,52,0
5454,52,0
5455,49,0
5456,52,0
5457,52,0
5458,53,0
5459,49,0
5460,52,0
5461,52,0
5462,53,0
5463,51,0
5464,53,0
5465,52,0
5466,52,0
5467,53,0
5468,52,0
5469,52,0
5470,51,0
5471,53,0
5472,50,0
5473,52,0
5474,55,0
5475,52,0
5476,54,0
5477,49,0
5478,51,0
5479,50,0
5480,52,0
5481,49,0
5482,51,0
5483,54,0
5484,52,0
5485,53,0
5486,52,0
5487,52,0
5488,53,0
5489,53,0
5490,52,0
5491,52,0
5492,53,0
5493,51,0
5494,51,0
5495,50,0
5496,52,0
5497,53,0
5498,52,0
5499,52,0
5500,52,0
5501,53,0
5502,52,0
5503,50,0
5504,53,0
5505,51,0
5506,52,0
5507,52,0
5508,51,0
5509,52,0
5510,50,0
5511,55,0
5512,51,0
5513,50,0
5514,52,0
5515,53,0
5516,53,0
5517,52,0
5518,52,0
5519,51,0
5520,52,0
5521,50,0
5522,52,0
5523,51,0
5524,53,0
5525,50,0
5526,52,0
5527,53,0
5528,51,0
5529,50,0
5530,52,0
5531,51,0
5532,52,0
5533,52,0
5534,51,0
5535,51,0
5536,52,0
5537,52,0
5538,53,0
5539,51,0
5540,50,0
5541,50,0
5542,51,0
5543,52,0
5544,50,0
5545,52,0
5546,53,0
5547,52,0
5548,52,0
5549,50,0
5550,53,0
5551,52,0
5552,50,0
5553,55,0
5554,51,0
5555,53,0
5556,52,0
5557,52,0
5558,51,0
5559,55,0
5560,52,0
5561,52,0
5562,51,0
5563,50,0
5564,54,0
5565,52,0
5566,51,0
5567,50,0
5568,52,0
5569,51,0
5570,55,0
5571,52,0
5572,52,0
5573,49,0
5574,53,0
5575,52,0
5576,52,0
5577,49,0
5578,51,0
5579,54,0
5580,52,0
5581,49,0
5582,51,0
5583,52,0
5584,52,0
5585,50,0
5586,51,0
5587,53,0
5588,50,0
5589,52,0
5590,51,0
5591,52,0
5592,52,0
5593,50,0
5594,51,0
5595,52,0
5596,52,0
5597,50,0
5598,53,0
5599,52,0
5600,52,0
5601,52,0
5602,51,0
5603,52,0
5604,52,0
5605,50,0
5606,51,0
5607,54,0
5608,52,0
5609,51,0
5610,53,0
5611,52,0
5612,54,0
5613,53,0
5614,53,0
5615,53,0
5616,52,0
5617,52,0
5618,51,0
5619,55,0
5620,52,0
5621,52,0
5622,51,0
5623,53,0
5624,54,0
5625,52,0
5626,51,0
5627,50,0
5628,54,0
5629,52,0
5630,51,0
5631,52,0
5632,52,0
5633,51,0
5634,51,0
5635,50,0
5636,50,0
5637,53,0
5638,53,0
5639,50,0
5640,52,0
5641,53,0
5642,55,0
5643,52,0
5644,52,0
5645,52,0
5646,53,0
5647,50,0
5648,52,0
5649,52,0
5650,55,0
5651,52,0
5652,50,0
5653,53,0
5654,51,0
5655,52,0
5656,52,0
5657,51,0
5658,50,0
5659,52,0
5660,55,0
5661,51,0
5662,52,0
5663,52,0
5664,53,0
5665,50,0
5666,50,0
5667,52,0
5668,51,0
5669,50,0
5670,52,0
5671,53,0
5672,51,0
5673,50,0
5674,52,0
5675,52,0
5676,53,0
5677,49,0
5678,50,0
5679,52,0
5680,55,0
5681,50,0
5682,52,0
5683,55,0
5684,52,0
5685,54,0
5686,51,0
5687,53,0
5688,52,0
5689,54,0
5690,53,0
5691,49,0
5692,52,0
5693,52,0
5694,51,0
5695,50,0
5696,52,0
5697,52,0
5698,51,0
5699,52,0
5700,52,0
5701,53,0
5702,55,0
5703,52,0
5704,52,0
5705,52,0
5706,51,0
5707,49,0
5708,54,0
5709,52,0
5710,51,0
5711,52,0
5712,50,0
5713,50,0
5714,55,0
5715,54,0
5716,52,0
5717,53,0
5718,51,0
5719,50,0
5720,52,0
5721,49,0
5722,53,0
5723,52,0
5724,52,0
5725,49,0
5726,53,0
5727,52,0
5728,52,0
5729,49,0
5730,51,0
5731,50,0
5732,52,0
5733,51,0
5734,51,0
5735,53,0
5736,50,0
5737,50,0
5738,51,0
5739,51,0
5740,52,0
5741,52,0
5742,53,0
5743,50,0
5744,52,0
5745,52,0
5746,51,0
5747,50,0
5748,52,0
5749,52,0
5750,53,0
5751,50,0
5752,52,0
5753,52,0
5754,51,0
5755,50,0
5756,52,0
5757,52,0
5758,53,0
5759,50,0
5760,52,0
5761,52,0
5762,51,0
5763,52,0
5764,52,0
5765,52,0
5766,52,0
5767,49,0
5768,52,0
5769,54,0
5770,52,0
5771,55,0
5772,52,0
5773,52,0
5774,55,0
5775,53,0
5776,50,0
5777,52,0
5778,53,0
5779,51,0
5780,52,0
5781,52,0
5782,51,0
5783,50,0
5784,52,0
5785,51,0
5786,55,0
5787,50,0
5788,50,0
5789,53,0
5790,52,0
5791,50,0
5792,52,0
5793,50,0
5794,51,0
5795,50,0
5796,52,0
5797,53,0
5798,51,0
5799,52,0
5800,52,0
5801,51,0
5802,52,0
5803,50,0
5804,51,0
5805,52,0
5806,54,0
5807,52,0
5808,53,0
5809,50,0
5810,52,0
5811,51,0
5812,52,0
5813,50,0
5814,52,0
5815,49,0
5816,52,0
5817,50,0
5818,51,0
5819,53,0
5820,53,0
5821,52,0
5822,51,0
5823,53,0
5824,52,0
5825,50,0
5826,51,0
5827,51,0
5828,52,0
5829,52,0
5830,53,0
5831,52,0
5832,50,0
5833,51,0
5834,51,0
5835,52,0
5836,52,0
5837,49,0
5838,52,0
5839,52,0
5840,51,0
5841,55,0
5842,51,0
5843,55,0
5844,50,0
5845,52,0
5846,49,0
5847,52,0
5848,52,0
5849,53,0
5850,50,0
5851,50,0
5852,51,0
5853,52,0
5854,50,0
5855,51,0
5856,50,0
5857,52,0
5858,51,0
5859,52,0
5860,50,0
5861,51,0
5862,52,0
5863,52,0
5864,53,0
5865,51,0
5866,52,0
5867,52,0
5868,51,0
5869,50,0
5870,52,0
5871,51,0
5872,50,0
5873,52,0
5874,51,0
5875,54,0
5876,52,0
5877,53,0
5878,50,0
5879,52,0
5880,55,0
5881,52,0
5882,52,0
5883,51,0
5884,52,0
5885,52,0
5886,53,0
5887,50,0
5888,52,0
5889,49,0
5890,54,0
5891,52,0
5892,52,0
5893,53,0
5894,50,0
5895,52,0
5896,53,0
5897,52,0
5898,52,0
5899,53,0
5900,52,0
5901,52,0
5902,49,0
5903,52,0
5904,52,0
5905,51,0
5906,52,0
5907,52,0
5908,51,0
5909,52,0
5910,52,0
5911,53,0
5912,52,0
5913,52,0
5914,51,0
5915,52,0
5916,52,0
5917,55,0
5918,50,0
5919,52,0
5920,50,0
5921,51,0
5922,54,0
5923,54,0
5924,51,0
5925,52,0
5926,52,0
5927,53,0
5928,52,0
5929,54,0
5930,51,0
5931,52,0
5932,52,0
5933,53,0
5934,50,0
5935,52,0
5936,51,0
5937,50,0
5938,50,0
5939,51,0
5940,50,0
5941,52,0
5942,49,0
5943,52,0
5944,53,0
5945,53,0
5946,50,0
5947,54,0
5948,51,0
5949,53,0
5950,52,0
5951,53,0
5952,53,0
5953,50,0
5954,50,0
5955,53,0
5956,52,0
5957,52,0
5958,49,0
5959,52,0
5960,52,0
5961,55,0
5962,50,0
5963,51,0
5964,53,0
5965,52,0
5966,49,0
5967,52,0
5968,52,0
5969,51,0
5970,52,0
5971,52,0
5972,55,0
5973,50,0
5974,50,0
5975,52,0
5976,51,0
5977,50,0
5978,52,0
5979,53,0
5980,50,0
5981,52,0
5982,53,0
5983,52,0
5984,51,0
5985,53,0
5986,52,0
5987,53,0
5988,51,0
5989,54,0
5990,51,0
5991,52,0
5992,50,0
5993,55,0
5994,54,0
5995,50,0
5996,53,0
5997,50,0
5998,52,0
5999,51,0
6000,52,0
6001,52,0
6002,53,0
6003,51,0
6004,52,0
6005,53,0
6006,51,0
6007,52,0
6008,53,0
6009,53,0
6010,52,0
6011,53,0
6012,52,0
6013,52,0
6014,49,0
6015,52,0
6016,54,0
6017,53,0
6018,50,0
6019,52,0
6020,53,0
6021,52,0
6022,50,0
6023,53,0
6024,54,0
6025,52,0
6026,49,0
6027,52,0
6028,52,0
6029,52,0
6030,51,0
6031,52,0
6032,52,0
6033,53,0
6034,52,0
6035,52,0
6036,51,0
6037,52,0
6038,52,0
6039,49,0
6040,50,0
6041,52,0
6042,53,0
6043,50,0
6044,54,0
6045,55,0
6046,52,0
6047,50,0
6048,55,0
6049,52,0
6050,52,0
6051,51,0
6052,52,0
6053,52,0
6054,51,0
6055,52,0
6056,52,0
6057,55,0
6058,51,0
6059,52,0
6060,52,0
6061,51,0
6062,52,0
6063,52,0
6064,51,0
6065,52,0
6066,52,0
6067,51,0
6068,52,0
6069,50,0
6070,51,0
6071,52,0
6072,52,0
6073,53,0
6074,54,0
6075,52,0
6076,51,0
6077,52,0
6078,51,0
6079,51,0
6080,52,0
6081,51,0
6082,51,0
6083,54,0
6084,54,0
6085,51,0
6086,55,0
6087,52,0
6088,51,0
6089,53,0
6090,54,0
6091,53,0
6092,53,0
6093,54,0
6094,51,0
6095,51,0
6096,54,0
6097,51,0
6098,53,0
6099,52,0
6100,53,0
6101,52,0
6102,50,0
6103,53,0
6104,52,0
6105,50,0
6106,51,0
6107,52,0
6108,52,0
6109,51,0
6110,52,0
6111,52,0
6112,53,0
6113,51,0
6114,52,0
6115,52,0
6116,49,0
6117,52,0
6118,52,0
6119,51,0
6120,50,0
6121,53,0
6122,55,0
6123,50,0
6124,51,0
6125,52,0
6126,54,0
6127,55,0
6128,52,0
6129,50,0
6130,53,0
6131,52,0
6132,50,0
6133,53,0
6134,52,0
6135,52,0
6136,51,0
6137,52,0
6138,53,0
6139,53,0
6140,50,0
6141,54,0
6142,53,0
6143,52,0
6144,50,0
6145,53,0
6146,52,0
6147,52,0
6148,49,0
6149,52,0
6150,52,0
6151,51,0
6152,50,0
6153,52,0
6154,51,0
6155,52,0
6156,51,0
6157,55,0
6158,54,0
6159,53,0
6160,50,0
6161,50,0
6162,53,0
6163,50,0
6164,50,0
6165,55,0
6166,52,0
6167,54,0
6168,52,0
6169,51,0
6170,52,0
6171,52,0
6172,51,0
6173,50,0
6174,52,0
6175,51,0
6176,52,0
6177,52,0
6178,55,0
6179,52,0
6180,52,0
6181,49,0
6182,52,0
6183,51,0
6184,51,0
6185,52,0
6186,51,0
6187,52,0
6188,52,0
6189,49,0
6190,53,0
6191,50,0
6192,52,0
6193,49,0
6194,50,0
6195,50,0
6196,52,0
6197,51,0
6198,52,0
6199,52,0
6200,49,0
6201,52,0
6202,50,0
6203,55,0
6204,52,0
6205,52,0
6206,51,0
6207,52,0
6208,50,0
6209,53,0
6210,51,0
6211,52,0
6212,53,0
6213,53,0
6214,50,0
6215,52,0
6216,51,0
6217,52,0
6218,52,0
6219,53,0
6220,52,0
6221,52,0
6222,51,0
6223,52,0
6224,52,0
6225,51,0
6226,52,0
6227,52,0
6228,51,0
6229,51,0
6230,55,0
6231,52,0
6232,51,0
6233,51,0
6234,52,0
6235,51,0
6236,53,0
6237,52,0
6238,51,0
6239,52,0
6240,54,0
6241,55,0
6242,52,0
6243,52,0
6244,53,0
6245,52,0
6246,52,0
6247,49,0
6248,51,0
6249,54,0
6250,53,0
6251,53,0
6252,54,0
6253,55,0
6254,52,0
6255,50,0
6256,55,0
6257,52,0
6258,50,0
6259,52,0
6260,51,0
6261,51,0
6262,52,0
6263,53,0
6264,52,0
6265,52,0
6266,51,0
6267,50,0
6268,54,0
6269,51,0
6270,52,0
6271,52,0
6272,53,0
6273,52,0
6274,50,0
6275,51,0
6276,52,0
6277,52,0
6278,55,0
6279,50,0
6280,52,0
6281,53,0
6282,52,0
6283,52,0
6284,53,0
6285,53,0
6286,50,0
6287,50,0
6288,53,0
6289,52,0
6290,52,0
6291,53,0
6292,53,0
6293,52,0
6294,55,0
6295,52,0
6296,52,0
6297,53,0
6298,50,0
6299,54,0
6300,51,0
6301,52,0
6302,50,0
6303,51,0
6304,52,0
6305,52,0
6306,51,0
6307,52,0
6308,51,0
6309,51,0
6310,50,0
6311,51,0
6312,53,0
6313,50,0
6314,51,0
6315,53,0
6316,52,0
6317,52,0
6318,49,0
6319,52,0
6320,50,0
6321,55,0
6322,52,0
6323,52,0
6324,55,0
6325,50,0
6326,50,0
6327,53,0
6328,50,0
6329,52,0
6330,51,0
6331,52,0
6332,53,0
6333,51,0
6334,50,0
6335,53,0
6336,52,0
6337,52,0
6338,51,0
6339,52,0
6340,52,0
6341,55,0
6342,50,0
6343,50,0
6344,52,0
6345,51,0
6346,52,0
6347,52,0
6348,51,0
6349,54,0
6350,50,0
6351,51,0
6352,50,0
6353,52,0
6354,51,0
6355,52,0
6356,52,0
6357,51,0
6358,52,0
6359,51,0
6360,51,0
6361,52,0
6362,51,0
6363,53,0
6364,54,0
6365,51,0
6366,52,0
6367,50,0
6368,51,0
6369,52,0
6370,54,0
6371,50,0
6372,53,0
6373,50,0
6374,52,0
6375,55,0
6376,50,0
6377,52,0
6378,53,0
6379,52,0
6380,50,0
6381,51,0
6382,54,0
6383,52,0
6384,53,0
6385,52,0
6386,52,0
6387,53,0
6388,50,0
6389,52,0
6390,51,0
6391,52,0
6392,50,0
6393,53,0
6394,52,0
6395,52,0
6396,49,0
6397,53,0
6398,52,0
6399,52,0
6400,51,0
6401,54,0
6402,50,0
6403,51,0
6404,50,0
6405,52,0
6406,53,0
6407,52,0
6408,52,0
6409,55,0
6410,50,0
6411,52,0
6412,51,0
6413,52,0
6414,52,0
6415,53,0
6416,52,0
6417,52,0
6418,53,0
6419,50,0
6420,52,0
6421,51,0
6422,50,0
6423,52,0
6424,53,0
6425,51,0
6426,52,0
6427,52,0
6428,53,0
6429,52,0
6430,50,0
6431,53,0
6432,52,0
6433,52,0
6434,53,0
6435,52,0
6436,52,0
6437,53,0
6438,52,0
6439,52,0
6440,49,0
6441,52,0
6442,50,0
6443,51,0
6444,52,0
6445,52,0
6446,53,0
6447,52,0
6448,50,0
6449,53,0
6450,50,0
6451,52,0
6452,51,0
6453,51,0
6454,52,0
6455,53,0
6456,53,0
6457,54,0
6458,51,0
6459,52,0
6460,52,0
6461,51,0
6462,50,0
6463,52,0
6464,51,0
6465,52,0
6466,50,0
6467,51,0
6468,52,0
6469,52,0
6470,51,0
6471,52,0
6472,53,0
6473,53,0
6474,50,0
6475,51,0
6476,52,0
6477,50,0
6478,51,0
6479,52,0
6480,52,0
6481,54,0
6482,51,0
6483,52,0
6484,52,0
6485,51,0
6486,50,0
6487,52,0
6488,51,0
6489,52,0
6490,50,0
6491,53,0
6492,52,0
6493,51,0
6494,49,0
6495,52,0
6496,51,0
6497,52,0
6498,50,0
6499,53,0
6500,52,0
6501,50,0
6502,51,0
6503,50,0
6504,52,0
6505,51,0
6506,52,0
6507,52,0
6508,53,0
6509,53,0
6510,50,0
6511,53,0
6512,53,0
6513,52,0
6514,52,0
6515,55,0
6516,52,0
6517,53,0
6518,49,0
6519,52,0
6520,51,0
6521,52,0
6522,50,0
6523,55,0
6524,49,0
6525,50,0
6526,53,0
6527,51,0
6528,50,0
6529,53,0
6530,51,0
6531,50,0
6532,53,0
6533,53,0
6534,52,0
6535,53,0
6536,52,0
6537,52,0
6538,50,0
6539,51,0
6540,52,0
6541,52,0
6542,51,0
6543,52,0
6544,54,0
6545,53,0
6546,52,0
6547,52,0
6548,51,0
6549,52,0
6550,52,0
6551,53,0
6552,52,0
6553,52,0
6554,51,0
6555,52,0
6556,50,0
6557,55,0
6558,52,0
6559,54,0
6560,49,0
6561,54,0
6562,50,0
6563,53,0
6564,52,0
6565,52,0
6566,52,0
6567,55,0
6568,50,0
6569,52,0
6570,53,0
6571,54,0
6572,52,0
6573,53,0
6574,54,0
6575,52,0
6576,53,0
6577,52,0
6578,50,0
6579,51,0
6580,52,0
6581,50,0
6582,51,0
6583,54,0
6584,50,0
6585,51,0
6586,52,0
6587,52,0
6588,51,0
6589,50,0
6590,52,0
6591,51,0
6592,52,0
6593,52,0
6594,52,0
6595,51,0
6596,50,0
6597,52,0
6598,51,0
6599,50,0
6600,52,0
6601,51,0
6602,52,0
6603,52,0
6604,53,0
6605,52,0
6606,50,0
6607,51,0
6608,50,0
6609,53,0
6610,51,0
6611,54,0
6612,53,0
6613,51,0
6614,54,0
6615,52,0
6616,53,0
6617,50,0
6618,52,0
6619,51,0
6620,52,0
6621,52,0
6622,51,0
6623,51,0
6624,54,0
6625,52,0
6626,51,0
6627,52,0
6628,52,0
6629,53,0
6630,50,0
6631,52,0
6632,51,0
6633,52,0
6634,52,0
6635,53,0
6636,50,0
6637,52,0
6638,51,0
6639,52,0
6640,55,0
6641,51,0
6642,50,0
6643,53,0
6644,55,0
6645,52,0
6646,49,0
6647,52,0
6648,52,0
6649,51,0
6650,50,0
6651,52,0
6652,50,0
6653,53,0
6654,50,0
6655,52,0
6656,51,0
6657,52,0
6658,51,0
6659,51,0
6660,50,0
6661,58,0
6662,52,0
6663,52,0
6664,52,0
6665,50,0
6666,51,0
6667,51,0
6668,50,0
6669,52,0
6670,51,0
6671,54,0
6672,52,0
6673,51,0
6674,50,0
6675,52,0
6676,51,0
6677,53,0
6678,52,0
6679,51,0
6680,51,0
6681,52,0
6682,50,0
6683,53,0
6684,50,0
6685,52,0
6686,51,0
6687,51,0
6688,52,0
6689,51,0
6690,49,0
6691,50,0
6692,50,0
6693,51,0
6694,52,0
6695,53,0
6696,51,0
6697,52,0
6698,51,0
6699,53,0
6700,50,0
6701,51,0
6702,52,0
6703,52,0
6704,49,0
6705,51,0
6706,54,0
6707,51,0
6708,51,0
6709,52,0
6710,51,0
6711,53,0
6712,50,0
6713,53,0
6714,51,0
6715,52,0
6716,51,0
6717,51,0
6718,53,0
6719,50,0
6720,53,0
6721,53,0
6722,52,0
6723,53,0
6724,52,0
6725,50,0
6726,51,0
6727,52,0
6728,52,0
6729,53,0
6730,52,0
6731,52,0
6732,51,0
6733,52,0
6734,50,0
6735,51,0
6736,52,0
6737,52,0
6738,51,0
6739,50,0
6740,52,0
6741,53,0
6742,52,0
6743,52,0
6744,51,0
6745,50,0
6746,54,0
6747,52,0
6748,53,0
6749,54,0
6750,49,0
6751,53,0
6752,52,0
6753,51,0
6754,50,0
6755,52,0
6756,53,0
6757,52,0
6758,52,0
6759,53,0
6760,52,0
6761,54,0
6762,51,0
6763,52,0
6764,50,0
6765,55,0
6766,50,0
6767,52,0
6768,51,0
6769,52,0
6770,50,0
6771,53,0
6772,52,0
6773,52,0
6774,51,0
6775,52,0
6776,51,0
6777,53,0
6778,50,0
6779,52,0
6780,53,0
6781,52,0
6782,50,0
6783,53,0
6784,50,0
6785,52,0
6786,53,0
6787,50,0
6788,52,0
6789,53,0
6790,52,0
6791,53,0
6792,51,0
6793,52,0
6794,51,0
6795,52,0
6796,52,0
6797,53,0
6798,50,0
6799,52,0
6800,51,0
6801,50,0
6802,52,0
6803,53,0
6804,50,0
6805,52,0
6806,51,0
6807,50,0
6808,50,0
6809,53,0
6810,52,0
6811,52,0
6812,51,0
6813,52,0
6814,50,0
6815,51,0
6816,54,0
6817,50,0
6818,51,0
6819,52,0
6820,52,0
6821,53,0
6822,52,0
6823,52,0
6824,51,0
6825,54,0
6826,52,0
6827,55,0
6828,54,0
6829,53,0
6830,55,0
6831,54,0
6832,55,0
6833,51,0
6834,54,0
6835,51,0
6836,52,0
6837,52,0
6838,50,0
6839,51,0
6840,52,0
6841,52,0
6842,51,0
6843,52,0
6844,50,0
6845,51,0
6846,50,0
6847,52,0
6848,49,0
6849,52,0
6850,52,0
6851,53,0
6852,50,0
6853,55,0
6854,55,0
6855,52,0
6856,51,0
6857,52,0
6858,50,0
6859,53,0
6860,53,0
6861,52,0
6862,51,0
6863,51,0
6864,52,0
6865,55,0
6866,53,0
6867,51,0
6868,52,0
6869,53,0
6870,51,0
6871,52,0
6872,51,0
6873,51,0
6874,52,0
6875,51,0
6876,52,0
6877,52,0
6878,51,0
6879,52,0
6880,52,0
6881,53,0
6882,52,0
6883,52,0
6884,51,0
6885,52,0
6886,52,0
6887,53,0
6888,51,0
6889,52,0
6890,53,0
6891,52,0
6892,52,0
6893,53,0
6894,50,0
6895,52,0
6896,52,0
6897,53,0
6898,52,0
6899,52,0
6900,53,0
6901,52,0
6902,52,0
6903,53,0
6904,50,0
6905,52,0
6906,51,0
6907,52,0
6908,50,0
6909,53,0
6910,54,0
6911,52,0
6912,51,0
6913,54,0
6914,50,0
6915,53,0
6916,52,0
6917,52,0
6918,51,0
6919,52,0
6920,52,0
6921,55,0
6922,50,0
6923,51,0
6924,49,0
6925,50,0
6926,52,0
6927,51,0
6928,52,0
6929,54,0
6930,51,0
6931,52,0
6932,52,0
6933,51,0
6934,52,0
6935,52,0
6936,53,0
6937,52,0
6938,51,0
6939,53,0
6940,50,0
6941,51,0
6942,52,0
6943,52,0
6944,53,0
6945,52,0
6946,52,0
6947,53,0
6948,52,0
6949,52,0
6950,53,0
6951,52,0
6952,52,0
6953,55,0
6954,50,0
6955,50,0
6956,55,0
6957,52,0
6958,52,0
6959,53,0
6960,52,0
6961,52,0
6962,53,0
6963,52,0
6964,52,0
6965,51,0
6966,52,0
6967,52,0
6968,49,0
6969,50,0
6970,53,0
6971,53,0
6972,50,0
6973,51,0
6974,52,0
6975,52,0
6976,51,0
6977,52,0
6978,52,0
6979,53,0
6980,52,0
6981,54,0
6982,51,0
6983,52,0
6984,52,0
6985,50,0
6986,55,0
6987,52,0
6988,51,0
6989,51,0
6990,52,0
6991,53,0
6992,52,0
6993,54,0
6994,53,0
6995,52,0
6996,52,0
6997,51,0
6998,52,0
6999,52,0
7000,53,0
7001,52,0
7002,52,0
7003,51,0
7004,50,0
7005,52,0
7006,55,0
7007,52,0
7008,52,0
7009,53,0
7010,52,0
7011,50,0
7012,51,0
7013,53,0
7014,52,0
7015,55,0
7016,51,0
7017,52,0
7018,49,0
7019,51,0
7020,52,0
7021,51,0
7022,51,0
7023,52,0
7024,53,0
7025,53,0
7026,54,0
7027,55,0
7028,52,0
7029,52,0
7030,53,0
7031,52,0
7032,50,0
7033,51,0
7034,51,0
7035,52,0
7036,49,0
7037,51,0
7038,50,0
7039,51,0
7040,52,0
7041,52,0
7042,52,0
7043,53,0
7044,52,0
7045,52,0
7046,51,0
7047,52,0
7048,52,0
7049,51,0
7050,52,0
7051,52,0
7052,53,0
7053,50,0
7054,52,0
7055,51,0
7056,52,0
7057,50,0
7058,51,0
7059,50,0
7060,52,0
7061,51,0
7062,52,0
7063,50,0
7064,53,0
7065,52,0
7066,52,0
7067,51,0
7068,52,0
7069,50,0
7070,52,0
7071,51,0
7072,52,0
7073,52,0
7074,51,0
7075,52,0
7076,52,0
7077,51,0
7078,52,0
7079,50,0
7080,53,0
7081,54,0
7082,52,0
7083,53,0
7084,50,0
7085,52,0
7086,51,0
7087,52,0
7088,52,0
7089,51,0
7090,52,0
7091,52,0
7092,51,0
7093,52,0
7094,52,0
7095,51,0
7096,54,0
7097,53,0
7098,53,0
7099,52,0
7100,52,0
7101,51,0
7102,52,0
7103,52,0
7104,51,0
7105,55,0
7106,50,0
7107,55,0
7108,52,0
7109,52,0
7110,51,0
7111,54,0
7112,50,0
7113,51,0
7114,52,0
7115,50,0
7116,51,0
7117,50,0
7118,52,0
7119,49,0
7120,50,0
7121,51,0
7122,51,0
7123,50,0
7124,53,0
7125,50,0
7126,52,0
7127,53,0
7128,52,0
7129,50,0
7130,52,0
7131,53,0
7132,52,0
7133,50,0
7134,53,0
7135,52,0
7136,51,0
7137,53,0
7138,52,0
7139,53,0
7140,53,0
7141,52,0
7142,53,0
7143,52,0
7144,52,0
7145,51,0
7146,52,0
7147,52,0
7148,55,0
7149,52,0
7150,52,0
7151,51,0
7152,54,0
7153,52,0
7154,53,0
7155,50,0
7156,52,0
7157,53,0
7158,53,0
7159,50,0
7160,51,0
7161,53,0
7162,52,0
7163,53,0
7164,55,0
7165,52,0
7166,51,0
7167,52,0
7168,52,0
7169,51,0
7170,52,0
7171,50,0
7172,53,0
7173,50,0
7174,52,0
7175,53,0
7176,52,0
7177,50,0
7178,51,0
7179,52,0
7180,52,0
7181,53,0
7182,52,0
7183,50,0
7184,53,0
7185,50,0
7186,52,0
7187,53,0
7188,55,0
7189,50,0
7190,52,0
7191,51,0
7192,52,0
7193,52,0
7194,53,0
7195,52,0
7196,52,0
7197,51,0
7198,52,0
7199,50,0
7200,53,0
7201,52,0
7202,52,0
7203,55,0
7204,52,0
7205,52,0
7206,51,0
7207,50,0
7208,52,0
7209,51,0
7210,52,0
7211,52,0
7212,51,0
7213,50,0
7214,52,0
7215,51,0
7216,50,0
7217,50,0
7218,53,0
7219,53,0
7220,52,0
7221,52,0
7222,51,0
7223,54,0
7224,52,0
7225,53,0
7226,50,0
7227,52,0
7228,55,0
7229,50,0
7230,53,0
7231,53,0
7232,52,0
7233,53,0
7234,52,0
7235,50,0
7236,51,0
7237,50,0
7238,52,0
7239,51,0
7240,52,0
7241,50,0
7242,51,0
7243,50,0
7244,54,0
7245,49,0
7246,50,0
7247,52,0
7248,53,0
7249,51,0
7250,50,0
7251,49,0
7252,55,0
7253,50,0
7254,53,0
7255,50,0
7256,52,0
7257,51,0
7258,50,0
7259,50,0
7260,51,0
7261,52,0
7262,52,0
7263,55,0
7264,52,0
7265,51,0
7266,51,0
7267,50,0
7268,53,0
7269,50,0
7270,50,0
7271,49,0
7272,52,0
7273,52,0
7274,53,0
7275,52,0
7276,52,0
7277,51,0
7278,52,0
7279,50,0
7280,55,0
7281,50,0
7282,52,0
7283,51,0
7284,52,0
7285,50,0
7286,53,0
7287,50,0
7288,54,0
7289,51,0
7290,52,0
7291,50,0
7292,51,0
7293,50,0
7294,53,0
7295,49,0
7296,50,0
7297,53,0
7298,51,0
7299,50,0
7300,53,0
7301,52,0
7302,52,0
7303,51,0
7304,52,0
7305,50,0
7306,51,0
7307,50,0
7308,52,0
7309,52,0
7310,53,0
7311,52,0
7312,53,0
7313,53,0
7314,52,0
7315,49,0
7316,52,0
7317,50,0
7318,53,0
7319,52,0
7320,52,0
7321,51,0
7322,50,0
7323,52,0
7324,51,0
7325,50,0
7326,52,0
7327,53,0
7328,54,0
7329,50,0
7330,51,0
7331,52,0
7332,51,0
7333,53,0
7334,52,0
7335,51,0
7336,53,0
7337,54,0
7338,51,0
7339,51,0
7340,51,0
7341,50,0
7342,51,0
7343,53,0
7344,52,0
7345,53,0
7346,52,0
7347,50,0
7348,51,0
7349,52,0
7350,54,0
7351,51,0
7352,52,0
7353,52,0
7354,53,0
7355,50,0
7356,52,0
7357,49,0
7358,52,0
7359,52,0
7360,55,0
7361,52,0
7362,52,0
7363,51,0
7364,50,0
7365,52,0
7366,53,0
7367,50,0
7368,52,0
7369,50,0
7370,53,0
7371,50,0
7372,52,0
7373,49,0
7374,52,0
7375,50,0
7376,55,0
7377,52,0
7378,54,0
7379,51,0
7380,52,0
7381,50,0
7382,51,0
7383,52,0
7384,52,0
7385,51,0
7386,52,0
7387,50,0
7388,51,0
7389,50,0
7390,54,0
7391,51,0
7392,52,0
7393,50,0
7394,51,0
7395,50,0
7396,52,0
7397,52,0
7398,49,0
7399,52,0
7400,52,0
7401,53,0
7402,52,0
7403,52,0
7404,53,0
7405,52,0
7406,51,0
7407,55,0
7408,54,0
7409,51,0
7410,53,0
7411,52,0
7412,53,0
7413,51,0
7414,52,0
7415,51,0
7416,55,0
7417,50,0
7418,53,0
7419,50,0
7420,50,0
7421,55,0
7422,52,0
7423,50,0
7424,51,0
7425,52,0
7426,50,0
7427,50,0
7428,55,0
7429,50,0
7430,52,0
7431,51,0
7432,52,0
7433,53,0
7434,51,0
7435,52,0
7436,51,0
7437,54,0
7438,50,0
7439,51,0
7440,50,0
7441,52,0
7442,51,0
7443,52,0
7444,49,0
7445,55,0
7446,50,0
7447,51,0
7448,53,0
7449,52,0
7450,49,0
7451,51,0
7452,52,0
7453,53,0
7454,50,0
7455,52,0
7456,53,0
7457,53,0
7458,50,0
7459,52,0
7460,51,0
7461,52,0
7462,52,0
7463,53,0
7464,52,0
7465,52,0
7466,51,0
7467,52,0
7468,51,0
7469,55,0
7470,52,0
7471,53,0
7472,52,0
7473,52,0
7474,53,0
7475,52,0
7476,50,0
7477,55,0
7478,50,0
7479,52,0
7480,57,0
7481,51,0
7482,53,0
7483,49,0
7484,50,0
7485,53,0
7486,49,0
7487,52,0
7488,52,0
7489,53,0
7490,54,0
7491,52,0
7492,51,0
7493,52,0
7494,52,0
7495,53,0
7496,53,0
7497,54,0
7498,52,0
7499,55,0
7500,52,0
7501,52,0
7502,51,0
7503,52,0
7504,52,0
7505,51,0
7506,55,0
7507,52,0
7508,52,0
7509,52,0
7510,53,0
7511,52,0
7512,50,0
7513,52,0
7514,52,0
7515,52,0
7516,52,0
7517,51,0
7518,53,0
7519,50,0
7520,51,0
7521,51,0
7522,52,0
7523,52,0
7524,51,0
7525,52,0
7526,52,0
7527,51,0
7528,52,0
7529,54,0
7530,51,0
7531,52,0
7532,50,0
7533,51,0
7534,53,0
7535,52,0
7536,51,0
7537,51,0
7538,54,0
7539,52,0
7540,53,0
7541,52,0
7542,50,0
7543,53,0
7544,49,0
7545,53,0
7546,52,0
7547,50,0
7548,53,0
7549,55,0
7550,52,0
7551,52,0
7552,49,0
7553,52,0
7554,52,0
7555,51,0
7556,50,0
7557,52,0
7558,51,0
7559,54,0
7560,50,0
7561,51,0
7562,52,0
7563,52,0
7564,51,0
7565,52,0
7566,52,0
7567,53,0
7568,51,0
7569,56,0
7570,55,0
7571,53,0
7572,53,0
7573,57,0
7574,54,0
7575,54,0
7576,52,0
7577,54,0
7578,54,0
7579,56,0
7580,54,0
7581,54,0
7582,55,0
7583,55,0
7584,53,0
7585,53,0
7586,53,0
7587,57,0
7588,54,0
7589,56,0
7590,54,0
7591,54,0
7592,56,0
7593,54,0
7594,55,0
7595,53,0
7596,53,0
7597,56,0
7598,54,0
7599,54,0
7600,54,0
7601,54,0
7602,54,0
7603,56,0
7604,53,0
7605,53,0
7606,55,0
7607,57,0
7608,54,0
7609,56,0
7610,56,0
7611,56,0
7612,54,0
7613,52,0
7614,52,0
7615,52,0
7616,50,0
7617,54,0
7618,52,0
7619,55,0
7620,49,0
7621,54,0
7622,52,0
7623,54,0
7624,51,0
7625,53,0
7626,50,0
7627,52,0
7628,51,0
7629,52,0
7630,50,0
7631,52,0
7632,53,0
7633,52,0
7634,54,0
7635,51,0
7636,51,0
7637,52,0
7638,50,0
7639,51,0
7640,54,0
7641,52,0
7642,55,0
7643,52,0
7644,53,0
7645,52,0
7646,52,0
7647,51,0
7648,52,0
7649,52,0
7650,51,0
7651,53,0
7652,52,0
7653,52,0
7654,55,0
7655,52,0
7656,54,0
7657,51,0
7658,53,0
7659,52,0
7660,52,0
7661,51,0
7662,52,0
7663,52,0
7664,53,0
7665,50,0
7666,52,0
7667,52,0
7668,51,0
7669,54,0
7670,52,0
7671,55,0
7672,51,0
7673,52,0
7674,52,0
7675,50,0
7676,51,0
7677,52,0
7678,52,0
7679,53,0
7680,54,0
7681,52,0
7682,51,0
7683,51,0
7684,52,0
7685,52,0
7686,55,0
7687,54,0
7688,52,0
7689,53,0
7690,55,0
7691,52,0
7692,52,0
7693,53,0
7694,52,0
7695,52,0
7696,51,0
7697,52,0
7698,53,0
7699,55,0
7700,54,0
7701,51,0
7702,53,0
7703,53,0
7704,50,0
7705,51,0
7706,50,0
7707,50,0
7708,51,0
7709,52,0
7710,50,0
7711,51,0
7712,54,0
7713,50,0
7714,51,0
7715,52,0
7716,52,0
7717,53,0
7718,50,0
7719,51,0
7720,51,0
7721,50,0
7722,51,0
7723,55,0
7724,52,0
7725,53,0
7726,52,0
7727,50,0
7728,51,0
7729,52,0
7730,52,0
7731,51,0
7732,50,0
7733,52,0
7734,50,0
7735,53,0
7736,52,0
7737,52,0
7738,51,0
7739,52,0
7740,51,0
7741,55,0
7742,54,0
7743,51,0
7744,52,0
7745,52,0
7746,53,0
7747,52,0
7748,50,0
7749,51,0
7750,52,0
7751,52,0
7752,55,0
7753,52,0
7754,52,0
7755,53,0
7756,54,0
7757,53,0
7758,51,0
7759,50,0
7760,51,0
7761,51,0
7762,52,0
7763,52,0
7764,53,0
7765,50,0
7766,54,0
7767,53,0
7768,52,0
7769,52,0
7770,53,0
7771,50,0
7772,52,0
7773,53,0
7774,52,0
7775,51,0
7776,53,0
7777,50,0
7778,53,0
7779,53,0
7780,52,0
7781,52,0
7782,53,0
7783,50,0
7784,53,0
7785,51,0
7786,50,0
7787,55,0
7788,52,0
7789,52,0
7790,51,0
7791,52,0
7792,52,0
7793,52,0
7794,51,0
7795,50,0
7796,52,0
7797,53,0
7798,52,0
7799,52,0
7800,53,0
7801,50,0
7802,52,0
7803,53,0
7804,52,0
7805,52,0
7806,51,0
7807,52,0
7808,52,0
7809,53,0
7810,52,0
7811,52,0
7812,51,0
7813,52,0
7814,52,0
7815,53,0
7816,52,0
7817,51,0
7818,53,0
7819,52,0
7820,53,0
7821,51,0
7822,53,0
7823,52,0
7824,52,0
7825,51,0
7826,54,0
7827,52,0
7828,55,0
7829,52,0
7830,54,0
7831,51,0
7832,50,0
7833,52,0
7834,53,0
7835,50,0
7836,52,0
7837,51,0
7838,52,0
7839,52,0
7840,53,0
7841,55,0
7842,52,0
7843,53,0
7844,53,0
7845,52,0
7846,53,0
7847,51,0
7848,52,0
7849,51,0
7850,51,0
7851,52,0
7852,52,0
7853,51,0
7854,55,0
7855,52,0
7856,53,0
7857,53,0
7858,50,0
7859,49,0
7860,55,0
7861,52,0
7862,51,0
7863,51,0
7864,50,0
7865,53,0
7866,53,0
7867,50,0
7868,53,0
7869,51,0
7870,52,0
7871,52,0
7872,51,0
7873,52,0
7874,53,0
7875,55,0
7876,52,0
7877,51,0
7878,51,0
7879,52,0
7880,53,0
7881,51,0
7882,52,0
7883,52,0
7884,53,0
7885,52,0
7886,50,0
7887,51,0
7888,50,0
7889,52,0
7890,55,0
7891,50,0
7892,52,0
7893,51,0
7894,50,0
7895,52,0
7896,51,0
7897,54,0
7898,51,0
7899,51,0
7900,52,0
7901,53,0
7902,52,0
7903,52,0
7904,51,0
7905,52,0
7906,52,0
7907,55,0
7908,52,0
7909,52,0
7910,53,0
7911,52,0
7912,52,0
7913,53,0
7914,53,0
7915,52,0
7916,51,0
7917,52,0
7918,52,0
7919,51,0
7920,55,0
7921,52,0
7922,53,0
7923,52,0
7924,52,0
7925,55,0
7926,52,0
7927,52,0
7928,51,0
7929,52,0
7930,50,0
7931,51,0
7932,52,0
7933,52,0
7934,51,0
7935,54,0
7936,52,0
7937,53,0
7938,52,0
7939,55,0
7940,51,0
7941,52,0
7942,51,0
7943,51,0
7944,53,0
7945,54,0
7946,53,0
7947,52,0
7948,50,0
7949,53,0
7950,52,0
7951,52,0
7952,53,0
7953,54,0
7954,50,0
7955,53,0
7956,52,0
7957,54,0
7958,51,0
7959,52,0
7960,52,0
7961,51,0
7962,50,0
7963,52,0
7964,53,0
7965,52,0
7966,50,0
7967,55,0
7968,50,0
7969,50,0
7970,51,0
7971,54,0
7972,52,0
7973,52,0
7974,55,0
7975,52,0
7976,54,0
7977,53,0
7978,50,0
7979,52,0
7980,53,0
7981,52,0
7982,54,0
7983,51,0
7984,52,0
7985,52,0
7986,53,0
7987,54,0
7988,52,0
7989,51,0
7990,50,0
7991,52,0
7992,53,0
7993,52,0
7994,54,0
7995,53,0
7996,52,0
7997,52,0
7998,53,0
7999,50,0
8000,52,0
8001,51,0
8002,52,0
8003,54,0
8004,52,0
8005,53,0
8006,50,0
8007,52,0
8008,53,0
8009,50,0
8010,52,0
8011,53,0
8012,54,0
8013,53,0
8014,51,0
8015,54,0
8016,51,0
8017,55,0
8018,52,0
8019,51,0
8020,55,0
8021,54,0
8022,51,0
8023,52,0
8024,52,0
8025,51,0
8026,52,0
8027,52,0
8028,55,0
8029,52,0
8030,52,0
8031,51,0
8032,50,0
8033,50,0
8034,52,0
8035,51,0
8036,50,0
8037,51,0
8038,51,0
8039,54,0
8040,53,0
8041,53,0
8042,52,0
8043,51,0
8044,52,0
8045,52,0
8046,51,0
8047,52,0
8048,52,0
8049,51,0
8050,50,0
8051,52,0
8052,53,0
8053,52,0
8054,53,0
8055,55,0
8056,52,0
8057,55,0
8058,52,0
8059,50,0
8060,51,0
8061,52,0
8062,50,0
8063,52,0
8064,51,0
8065,52,0
8066,52,0
8067,51,0
8068,52,0
8069,53,0
8070,53,0
8071,52,0
8072,55,0
8073,52,0
8074,50,0
8075,51,0
8076,52,0
8077,52,0
8078,53,0
8079,52,0
8080,52,0
8081,53,0
8082,52,0
8083,52,0
8084,51,0
8085,52,0
8086,53,0
8087,51,0
8088,52,0
8089,51,0
8090,50,0
8091,50,0
8092,50,0
8093,51,0
8094,52,0
8095,54,0
8096,53,0
8097,52,0
8098,50,0
8099,51,0
8100,54,0
8101,52,0
8102,49,0
8103,50,0
8104,50,0
8105,53,0
8106,50,0
8107,54,0
8108,53,0
8109,52,0
8110,52,0
8111,51,0
8112,52,0
8113,52,0
8114,51,0
8115,50,0
8116,52,0
8117,51,0
8118,52,0
8119,55,0
8120,51,0
8121,52,0
8122,52,0
8123,55,0
8124,52,0
8125,52,0
8126,51,0
8127,52,0
8128,52,0
8129,51,0
8130,52,0
8131,52,0
8132,53,0
8133,52,0
8134,52,0
8135,53,0
8136,52,0
8137,52,0
8138,53,0
8139,52,0
8140,52,0
8141,51,0
8142,52,0
8143,52,0
8144,51,0
8145,51,0
8146,50,0
8147,51,0
8148,55,0
8149,52,0
8150,53,0
8151,53,0
8152,55,0
8153,52,0
8154,51,0
8155,53,0
8156,52,0
8157,51,0
8158,53,0
8159,54,0
8160,53,0
8161,53,0
8162,52,0
8163,51,0
8164,52,0
8165,52,0
8166,51,0
8167,52,0
8168,52,0
8169,51,0
8170,52,0
8171,52,0
8172,53,0
8173,52,0
8174,52,0
8175,51,0
8176,52,0
8177,52,0
8178,51,0
8179,50,0
8180,52,0
8181,55,0
8182,54,0
8183,52,0
8184,52,0
8185,51,0
8186,52,0
8187,52,0
8188,51,0
8189,50,0
8190,53,0
8191,51,0
8192,54,0
8193,51,0
8194,51,0
8195,52,0
8196,53,0
8197,52,0
8198,52,0
8199,51,0
8200,52,0
8201,52,0
8202,51,0
8203,52,0
8204,52,0
8205,51,0
8206,52,0
8207,54,0
8208,51,0
8209,52,0
8210,52,0
8211,53,0
8212,50,0
8213,54,0
8214,53,0
8215,53,0
8216,52,0
8217,51,0
8218,52,0
8219,52,0
8220,51,0
8221,52,0
8222,52,0
8223,51,0
8224,52,0
8225,52,0
8226,53,0
8227,52,0
8228,51,0
8229,51,0
8230,52,0
8231,53,0
8232,52,0
8233,52,0
8234,51,0
8235,50,0
8236,50,0
8237,53,0
8238,52,0
8239,52,0
8240,53,0
8241,52,0
8242,54,0
8243,50,0
8244,53,0
8245,50,0
8246,52,0
8247,53,0
8248,52,0
8249,52,0
8250,51,0
8251,50,0
8252,52,0
8253,53,0
8254,50,0
8255,51,0
8256,49,0
8257,50,0
8258,51,0
8259,52,0
8260,52,0
8261,53,0
8262,52,0
8263,50,0
8264,53,0
8265,52,0
8266,54,0
8267,53,0
8268,52,0
8269,52,0
8270,53,0
8271,53,0
8272,52,0
8273,52,0
8274,51,0
8275,52,0
8276,52,0
8277,51,0
8278,54,0
8279,50,0
8280,53,0
8281,52,0
8282,52,0
8283,51,0
8284,50,0
8285,54,0
8286,51,0
8287,52,0
8288,52,0
8289,51,0
8290,52,0
8291,50,0
8292,53,0
8293,52,0
8294,54,0
8295,53,0
8296,52,0
8297,52,0
8298,51,0
8299,58,0
8300,50,0
8301,52,0
8302,50,0
8303,52,0
8304,50,0
8305,51,0
8306,52,0
8307,52,0
8308,52,0
8309,51,0
8310,53,0
8311,50,0
8312,52,0
8313,51,0
8314,53,0
8315,52,0
8316,50,0
8317,52,0
8318,52,0
8319,53,0
8320,52,0
8321,52,0
8322,55,0
8323,53,0
8324,54,0
8325,52,0
8326,51,0
8327,52,0
8328,52,0
8329,55,0
8330,52,0
8331,52,0
8332,52,0
8333,49,0
8334,52,0
8335,54,0
8336,51,0
8337,51,0
8338,52,0
8339,52,0
8340,51,0
8341,50,0
8342,50,0
8343,52,0
8344,53,0
8345,50,0
8346,50,0
8347,52,0
8348,55,0
8349,52,0
8350,50,0
8351,53,0
8352,55,0
8353,52,0
8354,52,0
8355,51,0
8356,52,0
8357,50,0
8358,52,0
8359,51,0
8360,52,0
8361,52,0
8362,51,0
8363,55,0
8364,52,0
8365,53,0
8366,51,0
8367,52,0
8368,52,0
8369,55,0
8370,52,0
8371,52,0
8372,52,0
8373,53,0
8374,52,0
8375,50,0
8376,53,0
8377,52,0
8378,51,0
8379,50,0
8380,52,0
8381,53,0
8382,52,0
8383,50,0
8384,51,0
8385,52,0
8386,52,0
8387,50,0
8388,51,0
8389,52,0
8390,52,0
8391,51,0
8392,53,0
8393,50,0
8394,52,0
8395,51,0
8396,54,0
8397,50,0
8398,51,0
8399,51,0
8400,52,0
8401,52,0
8402,51,0
8403,50,0
8404,52,0
8405,51,0
8406,51,0
8407,52,0
8408,54,0
8409,53,0
8410,55,0
8411,50,0
8412,50,0
8413,53,0
8414,55,0
8415,50,0
8416,52,0
8417,53,0
8418,52,0
8419,50,0
8420,51,0
8421,53,0
8422,52,0
8423,50,0
8424,53,0
8425,52,0
8426,52,0
8427,52,0
8428,55,0
8429,52,0
8430,52,0
8431,51,0
8432,53,0
8433,54,0
8434,52,0
8435,51,0
8436,52,0
8437,52,0
8438,50,0
8439,55,0
8440,53,0
8441,52,0
8442,52,0
8443,53,0
8444,53,0
8445,52,0
8446,50,0
8447,51,0
8448,51,0
8449,52,0
8450,52,0
8451,51,0
8452,52,0
8453,52,0
8454,51,0
8455,53,0
8456,50,0
8457,52,0
8458,51,0
8459,52,0
8460,52,0
8461,52,0
8462,51,0
8463,52,0
8464,52,0
8465,51,0
8466,51,0
8467,52,0
8468,52,0
8469,52,0
8470,49,0
8471,49,0
8472,52,0
8473,52,0
8474,51,0
8475,54,0
8476,50,0
8477,53,0
8478,52,0
8479,52,0
8480,51,0
8481,51,0
8482,50,0
8483,50,0
8484,51,0
8485,50,0
8486,52,0
8487,53,0
8488,52,0
8489,52,0
8490,51,0
8491,53,0
8492,52,0
8493,49,0
8494,53,0
8495,52,0
8496,50,0
8497,50,0
8498,53,0
8499,50,0
8500,52,0
8501,51,0
8502,50,0
8503,50,0
8504,53,0
8505,52,0
8506,52,0
8507,53,0
8508,50,0
8509,54,0
8510,51,0
8511,49,0
8512,54,0
8513,52,0
8514,55,0
8515,52,0
8516,50,0
8517,53,0
8518,52,0
8519,52,0
8520,53,0
8521,52,0
8522,52,0
8523,51,0
8524,52,0
8525,52,0
8526,52,0
8527,52,0
8528,55,0
8529,52,0
8530,54,0
8531,53,0
8532,52,0
8533,52,0
8534,53,0
8535,52,0
8536,50,0
8537,51,0
8538,51,0
8539,50,0
8540,53,0
8541,53,0
8542,54,0
8543,51,0
8544,53,0
8545,50,0
8546,52,0
8547,53,0
8548,52,0
8549,52,0
8550,53,0
8551,52,0
8552,52,0
8553,53,0
8554,51,0
8555,51,0
8556,52,0
8557,52,0
8558,51,0
8559,52,0
8560,52,0
8561,49,0
8562,51,0
8563,50,0
8564,52,0
8565,53,0
8566,52,0
8567,50,0
8568,53,0
8569,52,0
8570,52,0
8571,53,0
8572,53,0
8573,50,0
8574,50,0
8575,51,0
8576,52,0
8577,50,0
8578,53,0
8579,53,0
8580,50,0
8581,52,0
8582,52,0
8583,49,0
8584,50,0
8585,50,0
8586,53,0
8587,52,0
8588,52,0
8589,50,0
8590,49,0
8591,52,0
8592,52,0
8593,51,0
8594,52,0
8595,50,0
8596,53,0
8597,53,0
8598,52,0
8599,52,0
8600,51,0
8601,52,0
8602,50,0
8603,51,0
8604,52,0
8605,50,0
8606,51,0
8607,51,0
8608,54,0
8609,52,0
8610,53,0
8611,55,0
8612,53,0
8613,50,0
8614,53,0
8615,53,0
8616,52,0
8617,52,0
8618,53,0
8619,52,0
8620,54,0
8621,51,0
8622,51,0
8623,50,0
8624,50,0
8625,51,0
8626,52,0
8627,50,0
8628,53,0
8629,51,0
8630,52,0
8631,52,0
8632,53,0
8633,50,0
8634,52,0
8635,51,0
8636,51,0
8637,50,0
8638,52,0
8639,54,0
8640,51,0
8641,52,0
8642,54,0
8643,51,0
8644,51,0
8645,54,0
8646,50,0
8647,51,0
8648,50,0
8649,50,0
8650,49,0
8651,53,0
8652,54,0
8653,52,0
8654,51,0
8655,52,0
8656,52,0
8657,51,0
8658,55,0
8659,52,0
8660,52,0
8661,55,0
8662,50,0
8663,54,0
8664,52,0
8665,53,0
8666,49,0
8667,50,0
8668,52,0
8669,53,0
8670,53,0
8671,52,0
8672,52,0
8673,53,0
8674,52,0
8675,52,0
8676,51,0
8677,51,0
8678,50,0
8679,52,0
8680,51,0
8681,52,0
8682,54,0
8683,51,0
8684,52,0
8685,50,0
8686,51,0
8687,51,0
8688,52,0
8689,50,0
8690,51,0
8691,53,0
8692,52,0
8693,50,0
8694,51,0
8695,52,0
8696,52,0
8697,53,0
8698,53,0
8699,50,0
8700,53,0
8701,55,0
8702,52,0
8703,52,0
8704,51,0
8705,50,0
8706,52,0
8707,51,0
8708,52,0
8709,52,0
8710,53,0
8711,50,0
8712,52,0
8713,53,0
8714,50,0
8715,54,0
8716,51,0
8717,55,0
8718,52,0
8719,52,0
8720,51,0
8721,53,0
8722,52,0
8723,52,0
8724,53,0
8725,52,0
8726,52,0
8727,51,0
8728,52,0
8729,52,0
8730,53,0
8731,55,0
8732,52,0
8733,49,0
8734,51,0
8735,52,0
8736,53,0
8737,53,0
8738,52,0
8739,52,0
8740,51,0
8741,52,0
8742,52,0
8743,51,0
8744,53,0
8745,50,0
8746,53,0
8747,53,0
8748,49,0
8749,50,0
8750,52,0
8751,51,0
8752,52,0
8753,54,0
8754,49,0
8755,52,0
8756,52,0
8757,51,0
8758,51,0
8759,52,0
8760,53,0
8761,53,0
8762,52,0
8763,52,0
8764,51,0
8765,52,0
8766,52,0
8767,51,0
8768,52,0
8769,52,0
8770,53,0
8771,55,0
8772,52,0
8773,52,0
8774,51,0
8775,51,0
8776,52,0
8777,52,0
8778,51,0
8779,54,0
8780,52,0
8781,49,0
8782,53,0
8783,52,0
8784,53,0
8785,53,0
8786,52,0
8787,50,0
8788,53,0
8789,52,0
8790,52,0
8791,52,0
8792,51,0
8793,50,0
8794,52,0
8795,51,0
8796,55,0
8797,54,0
8798,52,0
8799,53,0
8800,52,0
8801,54,0
8802,53,0
8803,53,0
8804,53,0
8805,52,0
8806,52,0
8807,53,0
8808,52,0
8809,52,0
8810,53,0
8811,53,0
8812,54,0
8813,51,0
8814,51,0
8815,50,0
8816,52,0
8817,53,0
8818,52,0
8819,50,0
8820,54,0
8821,51,0
8822,53,0
8823,52,0
8824,51,0
8825,55,0
8826,52,0
8827,52,0
8828,49,0
8829,52,0
8830,52,0
8831,53,0
8832,52,0
8833,52,0
8834,53,0
8835,52,0
8836,54,0
8837,55,0
8838,51,0
8839,52,0
8840,51,0
8841,55,0
8842,50,0
8843,52,0
8844,51,0
8845,52,0
8846,52,0
8847,51,0
8848,51,0
8849,52,0
8850,50,0
8851,51,0
8852,53,0
8853,50,0
8854,53,0
8855,53,0
8856,52,0
8857,50,0
8858,55,0
8859,51,0
8860,50,0
8861,52,0
8862,53,0
8863,50,0
8864,50,0
8865,53,0
8866,52,0
8867,54,0
8868,53,0
8869,52,0
8870,50,0
8871,53,0
8872,52,0
8873,52,0
8874,53,0
8875,52,0
8876,54,0
8877,50,0
8878,49,0
8879,53,0
8880,54,0
8881,53,0
8882,55,0
8883,50,0
8884,52,0
8885,53,0
8886,52,0
8887,52,0
8888,53,0
8889,54,0
8890,50,0
8891,53,0
8892,52,0
8893,52,0
8894,53,0
8895,50,0
8896,50,0
8897,51,0
8898,51,0
8899,54,0
8900,52,0
8901,51,0
8902,50,0
8903,52,0
8904,52,0
8905,51,0
8906,52,0
8907,52,0
8908,53,0
8909,52,0
8910,52,0
8911,51,0
8912,53,0
8913,52,0
8914,51,0
8915,55,0
8916,52,0
8917,50,0
8918,53,0
8919,54,0
8920,50,0
8921,51,0
8922,53,0
8923,52,0
8924,52,0
8925,49,0
8926,52,0
8927,52,0
8928,51,0
8929,52,0
8930,52,0
8931,51,0
8932,51,0
8933,51,0
8934,50,0
8935,52,0
8936,53,0
8937,54,0
8938,50,0
8939,51,0
8940,51,0
8941,52,0
8942,52,0
8943,53,0
8944,52,0
8945,50,0
8946,51,0
8947,51,0
8948,52,0
8949,52,0
8950,51,0
8951,50,0
8952,52,0
8953,53,0
8954,52,0
8955,50,0
8956,52,0
8957,53,0
8958,52,0
8959,52,0
8960,53,0
8961,51,0
8962,51,0
8963,54,0
8964,52,0
8965,53,0
8966,52,0
8967,52,0
8968,51,0
8969,52,0
8970,52,0
8971,51,0
8972,51,0
8973,50,0
8974,52,0
8975,51,0
8976,53,0
8977,52,0
8978,50,0
8979,49,0
8980,52,0
8981,52,0
8982,53,0
8983,51,0
8984,50,0
8985,52,0
8986,51,0
8987,50,0
8988,52,0
8989,49,0
8990,51,0
8991,53,0
8992,54,0
8993,52,0
8994,51,0
8995,52,0
8996,50,0
8997,51,0
8998,53,0
8999,50,0
9000,52,0
9001,52,0
9002,51,0
9003,50,0
9004,50,0
9005,51,0
9006,50,0
9007,50,0
9008,51,0
9009,49,0
9010,52,0
9011,52,0
9012,49,0
9013,52,0
9014,50,0
9015,49,0
9016,50,0
9017,50,0
9018,53,0
9019,52,0
9020,52,0
9021,51,0
9022,52,0
9023,50,0
9024,53,0
9025,55,0
9026,52,0
9027,52,0
9028,55,0
9029,52,0
9030,52,0
9031,52,0
9032,53,0
9033,50,0
9034,52,0
9035,53,0
9036,52,0
9037,52,0
9038,53,0
9039,50,0
9040,52,0
9041,51,0
9042,52,0
9043,50,0
9044,53,0
9045,51,0
9046,50,0
9047,51,0
9048,49,0
9049,52,0
9050,52,0
9051,53,0
9052,50,0
9053,50,0
9054,51,0
9055,50,0
9056,50,0
9057,51,0
9058,51,0
9059,52,0
9060,52,0
9061,52,0
9062,51,0
9063,55,0
9064,50,0
9065,52,0
9066,53,0
9067,52,0
9068,52,0
9069,53,0
9070,52,0
9071,50,0
9072,51,0
9073,53,0
9074,54,0
9075,52,0
9076,53,0
9077,54,0
9078,50,0
9079,55,0
9080,51,0
9081,50,0
9082,50,0
9083,51,0
9084,52,0
9085,50,0
9086,55,0
9087,53,0
9088,54,0
9089,52,0
9090,52,0
9091,51,0
9092,50,0
9093,50,0
9094,51,0
9095,51,0
9096,52,0
9097,54,0
9098,55,0
9099,53,0
9100,52,0
9101,52,0
9102,51,0
9103,51,0
9104,54,0
9105,50,0
9106,51,0
9107,51,0
9108,50,0
9109,54,0
9110,53,0
9111,51,0
9112,54,0
9113,52,0
9114,53,0
9115,52,0
9116,52,0
9117,52,0
9118,54,0
9119,53,0
9120,53,0
9121,52,0
9122,52,0
9123,52,0
9124,53,0
9125,52,0
9126,54,0
9127,51,0
9128,51,0
9129,52,0
9130,52,0
9131,53,0
9132,54,0
9133,50,0
9134,53,0
9135,51,0
9136,52,0
9137,50,0
9138,51,0
9139,55,0
9140,50,0
9141,52,0
9142,51,0
9143,51,0
9144,50,0
9145,52,0
9146,51,0
9147,52,0
9148,54,0
9149,55,0
9150,52,0
9151,52,0
9152,55,0
9153,53,0
9154,50,0
9155,54,0
9156,51,0
9157,54,0
9158,50,0
9159,53,0
9160,52,0
9161,50,0
9162,53,0
9163,51,0
9164,54,0
9165,52,0
9166,51,0
9167,52,0
9168,52,0
9169,55,0
9170,53,0
9171,50,0
9172,50,0
9173,53,0
9174,54,0
9175,52,0
9176,51,0
9177,52,0
9178,52,0
9179,51,0
9180,53,0
9181,54,0
9182,52,0
9183,53,0
9184,50,0
9185,52,0
9186,51,0
9187,52,0
9188,50,0
9189,53,0
9190,51,0
9191,50,0
9192,50,0
9193,51,0
9194,50,0
9195,52,0
9196,53,0
9197,52,0
9198,50,0
9199,51,0
9200,51,0
9201,53,0
9202,52,0
9203,52,0
9204,51,0
9205,54,0
9206,54,0
9207,53,0
9208,53,0
9209,50,0
9210,52,0
9211,51,0
9212,52,0
9213,52,0
9214,49,0
9215,52,0
9216,52,0
9217,52,0
9218,51,0
9219,50,0
9220,50,0
9221,53,0
9222,55,0
9223,52,0
9224,50,0
9225,55,0
9226,52,0
9227,52,0
9228,50,0
9229,52,0
9230,51,0
9231,50,0
9232,52,0
9233,55,0
9234,51,0
9235,52,0
9236,52,0
9237,53,0
9238,50,0
9239,52,0
9240,51,0
9241,53,0
9242,54,0
9243,52,0
9244,53,0
9245,52,0
9246,52,0
9247,52,0
9248,53,0
9249,52,0
9250,50,0
9251,51,0
9252,52,0
9253,52,0
9254,51,0
9255,51,0
9256,52,0
9257,52,0
9258,50,0
9259,53,0
9260,50,0
9261,52,0
9262,52,0
9263,53,0
9264,52,0
9265,54,0
9266,51,0
9267,53,0
9268,50,0
9269,52,0
9270,53,0
9271,52,0
9272,52,0
9273,51,0
9274,49,0
9275,52,0
9276,52,0
9277,51,0
9278,54,0
9279,52,0
9280,51,0
9281,52,0
9282,52,0
9283,53,0
9284,53,0
9285,50,0
9286,50,0
9287,55,0
9288,49,0
9289,52,0
9290,50,0
9291,51,0
9292,51,0
9293,52,0
9294,52,0
9295,51,0
9296,52,0
9297,52,0
9298,51,0
9299,55,0
9300,52,0
9301,52,0
9302,49,0
9303,52,0
9304,54,0
9305,53,0
9306,51,0
9307,52,0
9308,52,0
9309,53,0
9310,52,0
9311,50,0
9312,53,0
9313,53,0
9314,50,0
9315,52,0
9316,50,0
9317,53,0
9318,50,0
9319,50,0
9320,51,0
9321,55,0
9322,50,0
9323,52,0
9324,51,0
9325,50,0
9326,50,0
9327,53,0
9328,53,0
9329,54,0
9330,50,0
9331,51,0
9332,50,0
9333,54,0
9334,51,0
9335,52,0
9336,50,0
9337,55,0
9338,52,0
9339,50,0
9340,51,0
9341,51,0
9342,50,0
9343,51,0
9344,53,0
9345,52,0
9346,52,0
9347,52,0
9348,53,0
9349,52,0
9350,52,0
9351,51,0
9352,53,0
9353,50,0
9354,52,0
9355,53,0
9356,54,0
9357,52,0
9358,53,0
9359,50,0
9360,52,0
9361,53,0
9362,52,0
9363,52,0
9364,49,0
9365,51,0
9366,50,0
9367,51,0
9368,49,0
9369,54,0
9370,52,0
9371,53,0
9372,50,0
9373,50,0
9374,51,0
9375,51,0
9376,51,0
9377,50,0
9378,52,0
9379,49,0
9380,54,0
9381,52,0
9382,51,0
9383,50,0
9384,52,0
9385,52,0
9386,51,0
9387,50,0
9388,52,0
9389,53,0
9390,51,0
9391,50,0
9392,53,0
9393,53,0
9394,52,0
9395,50,0
9396,53,0
9397,49,0
9398,52,0
9399,50,0
9400,53,0
9401,52,0
9402,54,0
9403,52,0
9404,52,0
9405,51,0
9406,50,0
9407,52,0
9408,51,0
9409,49,0
9410,52,0
9411,50,0
9412,53,0
9413,50,0
9414,52,0
9415,52,0
9416,53,0
9417,50,0
9418,52,0
9419,51,0
9420,52,0
9421,52,0
9422,53,0
9423,51,0
9424,52,0
9425,50,0
9426,53,0
9427,52,0
9428,52,0
9429,51,0
9430,51,0
9431,52,0
9432,52,0
9433,53,0
9434,51,0
9435,52,0
9436,52,0
9437,51,0
9438,53,0
9439,54,0
9440,52,0
9441,51,0
9442,52,0
9443,52,0
9444,53,0
9445,51,0
9446,52,0
9447,53,0
9448,53,0
9449,50,0
9450,54,0
9451,49,0
9452,54,0
9453,52,0
9454,55,0
9455,53,0
9456,54,0
9457,50,0
9458,55,0
9459,51,0
9460,52,0
9461,50,0
9462,53,0
9463,53,0
9464,52,0
9465,52,0
9466,55,0
9467,52,0
9468,52,0
9469,51,0
9470,55,0
9471,52,0
9472,52,0
9473,53,0
9474,50,0
9475,52,0
9476,55,0
9477,50,0
9478,50,0
9479,51,0
9480,51,0
9481,54,0
9482,52,0
9483,51,0
9484,52,0
9485,50,0
9486,53,0
9487,53,0
9488,52,0
9489,52,0
9490,53,0
9491,51,0
9492,52,0
9493,50,0
9494,53,0
9495,52,0
9496,54,0
9497,51,0
9498,52,0
9499,52,0
9500,51,0
9501,51,0
9502,52,0
9503,50,0
9504,55,0
9505,52,0
9506,52,0
9507,53,0
9508,52,0
9509,50,0
9510,53,0
9511,51,0
9512,52,0
9513,50,0
9514,55,0
9515,52,0
9516,52,0
9517,55,0
9518,54,0
9519,50,0
9520,54,0
9521,53,0
9522,52,0
9523,52,0
9524,52,0
9525,53,0
9526,52,0
9527,50,0
9528,55,0
9529,50,0
9530,52,0
9531,53,0
9532,55,0
9533,50,0
9534,52,0
9535,51,0
9536,52,0
9537,52,0
9538,53,0
9539,50,0
9540,54,0
9541,53,0
9542,51,0
9543,54,0
9544,52,0
9545,51,0
9546,52,0
9547,52,0
9548,52,0
9549,51,0
9550,53,0
9551,50,0
9552,52,0
9553,51,0
9554,52,0
9555,52,0
9556,51,0
9557,53,0
9558,54,0
9559,50,0
9560,51,0
9561,50,0
9562,54,0
9563,53,0
9564,52,0
9565,52,0
9566,53,0
9567,49,0
9568,54,0
9569,50,0
9570,51,0
9571,52,0
9572,52,0
9573,53,0
9574,53,0
9575,53,0
9576,50,0
9577,50,0
9578,49,0
9579,51,0
9580,52,0
9581,52,0
9582,53,0
9583,52,0
9584,52,0
9585,52,0
9586,51,0
9587,52,0
9588,52,0
9589,51,0
9590,50,0
9591,54,0
9592,50,0
9593,53,0
9594,54,0
9595,52,0
9596,51,0
9597,52,0
9598,52,0
9599,51,0
9600,51,0
9601,52,0
9602,52,0
9603,51,0
9604,49,0
9605,52,0
9606,52,0
9607,51,0
9608,49,0
9609,54,0
9610,52,0
9611,51,0
9612,52,0
9613,54,0
9614,51,0
9615,51,0
9616,52,0
9617,52,0
9618,53,0
9619,52,0
9620,52,0
9621,52,0
9622,51,0
9623,52,0
9624,52,0
9625,51,0
9626,55,0
9627,52,0
9628,52,0
9629,53,0
9630,52,0
9631,52,0
9632,52,0
9633,51,0
9634,52,0
9635,52,0
9636,51,0
9637,53,0
9638,50,0
9639,52,0
9640,49,0
9641,52,0
9642,50,0
9643,51,0
9644,53,0
9645,52,0
9646,50,0
9647,51,0
9648,54,0
9649,52,0
9650,51,0
9651,51,0
9652,50,0
9653,52,0
9654,49,0
9655,50,0
9656,50,0
9657,55,0
9658,50,0
9659,50,0
9660,51,0
9661,53,0
9662,51,0
9663,52,0
9664,52,0
9665,51,0
9666,50,0
9667,50,0
9668,53,0
9669,52,0
9670,52,0
9671,53,0
9672,50,0
9673,52,0
9674,53,0
9675,51,0
9676,52,0
9677,51,0
9678,51,0
9679,50,0
9680,50,0
9681,53,0
9682,52,0
9683,54,0
9684,51,0
9685,52,0
9686,52,0
9687,55,0
9688,53,0
9689,52,0
9690,53,0
9691,53,0
9692,49,0
9693,54,0
9694,50,0
9695,53,0
9696,50,0
9697,52,0
9698,51,0
9699,51,0
9700,54,0
9701,52,0
9702,51,0
9703,52,0
9704,54,0
9705,51,0
9706,49,0
9707,54,0
9708,52,0
9709,51,0
9710,52,0
9711,52,0
9712,55,0
9713,51,0
9714,50,0
9715,52,0
9716,51,0
9717,52,0
9718,52,0
9719,51,0
9720,53,0
9721,51,0
9722,52,0
9723,52,0
9724,53,0
9725,51,0
9726,52,0
9727,50,0
9728,49,0
9729,52,0
9730,50,0
9731,51,0
9732,53,0
9733,50,0
9734,52,0
9735,51,0
9736,51,0
9737,54,0
9738,52,0
9739,55,0
9740,50,0
9741,54,0
9742,53,0
9743,53,0
9744,52,0
9745,52,0
9746,51,0
9747,54,0
9748,52,0
9749,51,0
9750,53,0
9751,53,0
9752,54,0
9753,50,0
9754,53,0
9755,52,0
9756,52,0
9757,52,0
9758,53,0
9759,50,0
9760,50,0
9761,53,0
9762,53,0
9763,50,0
9764,52,0
9765,53,0
9766,50,0
9767,52,0
9768,51,0
9769,52,0
9770,54,0
9771,51,0
9772,49,0
9773,52,0
9774,52,0
9775,51,0
9776,52,0
9777,50,0
9778,52,0
9779,55,0
9780,53,0
9781,52,0
9782,52,0
9783,53,0
9784,52,0
9785,50,0
9786,53,0
9787,49,0
9788,50,0
9789,52,0
9790,51,0
9791,52,0
9792,52,0
9793,53,0
9794,53,0
9795,50,0
9796,52,0
9797,51,0
9798,52,0
9799,50,0
9800,52,0
9801,51,0
9802,52,0
9803,52,0
9804,51,0
9805,49,0
9806,52,0
9807,50,0
9808,53,0
9809,53,0
9810,50,0
9811,50,0
9812,53,0
9813,52,0
9814,52,0
9815,55,0
9816,51,0
9817,52,0
9818,52,0
9819,49,0
9820,52,0
9821,52,0
9822,51,0
9823,49,0
9824,50,0
9825,50,0
9826,51,0
9827,50,0
9828,52,0
9829,51,0
9830,52,0
9831,50,0
9832,52,0
9833,52,0
9834,51,0
9835,52,0
9836,50,0
9837,53,0
9838,54,0
9839,50,0
9840,51,0
9841,53,0
9842,50,0
9843,53,0
9844,53,0
9845,50,0
9846,52,0
9847,51,0
9848,52,0
9849,52,0
9850,51,0
9851,52,0
9852,52,0
9853,53,0
9854,55,0
9855,50,0
9856,51,0
9857,51,0
9858,52,0
9859,52,0
9860,52,0
9861,53,0
9862,52,0
9863,54,0
9864,51,0
9865,49,0
9866,54,0
9867,52,0
9868,51,0
9869,50,0
9870,50,0
9871,52,0
9872,53,0
9873,52,0
9874,52,0
9875,51,0
9876,52,0
9877,52,0
9878,51,0
9879,50,0
9880,52,0
9881,52,0
9882,53,0
9883,50,0
9884,50,0
9885,53,0
9886,51,0
9887,52,0
9888,50,0
9889,51,0
9890,53,0
9891,50,0
9892,52,0
9893,53,0
9894,52,0
9895,52,0
9896,53,0
9897,51,0
9898,52,0
9899,52,0
9900,51,0
9901,50,0
9902,52,0
9903,53,0
9904,52,0
9905,54,0
9906,53,0
9907,51,0
9908,52,0
9909,50,0
9910,51,0
9911,50,0
9912,52,0
9913,51,0
9914,51,0
9915,52,0
9916,52,0
9917,52,0
9918,51,0
9919,51,0
9920,52,0
9921,54,0
9922,51,0
9923,49,0
9924,52,0
9925,50,0
9926,51,0
9927,52,0
9928,52,0
9929,50,0
9930,53,0
9931,52,0
9932,52,0
9933,55,0
9934,55,0
9935,50,0
9936,52,0
9937,58,0
9938,55,0
9939,51,0
9940,52,0
9941,52,0
9942,53,0
9943,51,0
9944,52,0
9945,50,0
9946,53,0
9947,55,0
9948,50,0
9949,54,0
9950,55,0
9951,50,0
9952,52,0
9953,50,0
9954,53,0
9955,50,0
9956,52,0
9957,51,0
9958,53,0
9959,52,0
9960,52,0
9961,53,0
9962,52,0
9963,54,0
9964,53,0
9965,52,0
9966,51,0
9967,50,0
9968,50,0
9969,55,0
9970,53,0
9971,50,0
9972,52,0
9973,51,0
9974,52,0
9975,54,0
9976,52,0
9977,53,0
9978,52,0
9979,52,0
9980,53,0
9981,51,0
9982,50,0
9983,54,0
9984,51,0
9985,52,0
9986,52,0
9987,51,0
9988,55,0
9989,54,0
9990,52,0
9991,53,0
9992,51,0
9993,51,0
9994,54,0
9995,52,0
9996,53,0
9997,50,0
9998,52,0
9999,51,0
10000,55,0
10001,55,0
10002,52,0
10003,52,0
10004,52,0
10005,52,0
10006,53,0
10007,51,0
10008,52,0
10009,52,0
10010,53,0
10011,53,0
10012,52,0
10013,52,0
10014,52,0
10015,53,0
10016,53,0
10017,50,0
10018,52,0
10019,53,0
10020,55,0
10021,52,0
10022,52,0
10023,52,0
10024,53,0
10025,52,0
10026,50,0
10027,52,0
10028,52,0
10029,51,0
10030,51,0
10031,50,0
10032,50,0
10033,51,0
10034,53,0
10035,54,0
10036,50,0
10037,51,0
10038,53,0
10039,52,0
10040,50,0
10041,51,0
10042,51,0
10043,50,0
10044,52,0
10045,53,0
10046,53,0
10047,52,0
10048,52,0
10049,52,0
10050,53,0
10051,52,0
10052,52,0
10053,50,0
10054,52,0
10055,55,0
10056,51,0
10057,52,0
10058,52,0
10059,51,0
10060,51,0
10061,50,0
10062,52,0
10063,51,0
10064,51,0
10065,52,0
10066,52,0
10067,50,0
10068,51,0
10069,55,0
10070,50,0
10071,52,0
10072,49,0
10073,51,0
10074,50,0
10075,50,0
10076,51,0
10077,51,0
10078,52,0
10079,50,0
10080,52,0
10081,53,0
10082,53,0
10083,50,0
10084,50,0
10085,52,0
10086,53,0
10087,50,0
10088,50,0
10089,52,0
10090,51,0
10091,49,0
10092,50,0
10093,52,0
10094,51,0
10095,49,0
10096,50,0
10097,52,0
10098,51,0
10099,53,0
10100,50,0
10101,52,0
10102,51,0
10103,53,0
10104,50,0
10105,52,0
10106,51,0
10107,50,0
10108,53,0
10109,52,0
10110,52,0
10111,50,0
10112,51,0
10113,52,0
10114,52,0
10115,52,0
10116,51,0
10117,50,0
10118,52,0
10119,50,0
10120,49,0
10121,52,0
10122,52,0
10123,50,0
10124,51,0
10125,52,0
10126,50,0
10127,51,0
10128,53,0
10129,50,0
10130,50,0
10131,53,0
10132,51,0
10133,50,0
10134,52,0
10135,52,0
10136,53,0
10137,51,0
10138,50,0
10139,50,0
10140,53,0
10141,55,0
10142,52,0
10143,50,0
10144,53,0
10145,53,0
10146,50,0
10147,52,0
10148,51,0
10149,51,0
10150,50,0
10151,52,0
10152,51,0
10153,51,0
10154,50,0
10155,52,0
10156,55,0
10157,50,0
10158,50,0
10159,50,0
10160,53,0
10161,51,0
10162,51,0
10163,50,0
10164,50,0
10165,51,0
10166,53,0
10167,52,0
10168,50,0
10169,51,0
10170,49,0
10171,52,0
10172,52,0
10173,53,0
10174,52,0
10175,50,0
10176,50,0
10177,53,0
10178,52,0
10179,52,0
10180,50,0
10181,53,0
10182,52,0
10183,52,0
10184,52,0
10185,53,0
10186,51,0
10187,52,0
10188,50,0
10189,52,0
10190,49,0
10191,55,0
10192,52,0
10193,50,0
10194,51,0
10195,55,0
10196,52,0
10197,50,0
10198,49,0
10199,55,0
10200,52,0
10201,54,0
10202,51,0
10203,51,0
10204,52,0
10205,52,0
10206,53,0
10207,51,0
10208,52,0
10209,50,0
10210,53,0
10211,55,0
10212,52,0
10213,52,0
10214,52,0
10215,51,0
10216,51,0
10217,51,0
10218,50,0
10219,50,0
10220,53,0
10221,51,0
10222,52,0
10223,52,0
10224,55,0
10225,51,0
10226,52,0
10227,52,0
10228,52,0
10229,51,0
10230,50,0
10231,50,0
10232,52,0
10233,53,0
10234,51,0
10235,52,0
10236,50,0
10237,51,0
10238,51,0
10239,52,0
10240,52,0
10241,53,0
10242,53,0
10243,53,0
10244,52,0
10245,52,0
10246,52,0
10247,53,0
10248,50,0
10249,52,0
10250,52,0
10251,51,0
10252,53,0
10253,50,0
10254,52,0
10255,51,0
10256,55,0
10257,52,0
10258,50,0
10259,51,0
10260,53,0
10261,50,0
10262,50,0
10263,51,0
10264,53,0
10265,52,0
10266,52,0
10267,51,0
10268,53,0
10269,50,0
10270,54,0
10271,52,0
10272,53,0
10273,50,0
10274,50,0
10275,53,0
10276,51,0
10277,50,0
10278,50,0
10279,52,0
10280,51,0
10281,52,0
10282,52,0
10283,53,0
10284,51,0
10285,50,0
10286,52,0
10287,53,0
10288,51,0
10289,52,0
10290,50,0
10291,51,0
10292,51,0
10293,52,0
10294,52,0
10295,53,0
10296,50,0
10297,52,0
10298,50,0
10299,51,0
10300,52,0
10301,52,0
10302,50,0
10303,52,0
10304,51,0
10305,52,0
10306,50,0
10307,50,0
10308,53,0
10309,52,0
10310,50,0
10311,50,0
10312,55,0
10313,52,0
10314,50,0
10315,50,0
10316,51,0
10317,50,0
10318,54,0
10319,52,0
10320,49,0
10321,52,0
10322,50,0
10323,53,0
10324,51,0
10325,52,0
10326,52,0
10327,53,0
10328,51,0
10329,51,0
10330,52,0
10331,50,0
10332,53,0
10333,53,0
10334,50,0
10335,50,0
10336,51,0
10337,55,0
10338,52,0
10339,50,0
10340,51,0
10341,53,0
10342,52,0
10343,52,0
10344,53,0
10345,51,0
10346,52,0
10347,50,0
10348,53,0
10349,51,0
10350,52,0
10351,54,0
10352,52,0
10353,55,0
10354,52,0
10355,50,0
10356,52,0
10357,50,0
10358,51,0
10359,53,0
10360,52,0
10361,50,0
10362,51,0
10363,51,0
10364,52,0
10365,50,0
10366,49,0
10367,51,0
10368,52,0
10369,52,0
10370,51,0
10371,53,0
10372,52,0
10373,52,0
10374,52,0
10375,51,0
10376,52,0
10377,54,0
10378,52,0
10379,49,0
10380,51,0
10381,52,0
10382,52,0
10383,52,0
10384,49,0
10385,51,0
10386,50,0
10387,54,0
10388,52,0
10389,55,0
10390,50,0
10391,52,0
10392,52,0
10393,51,0
10394,53,0
10395,52,0
10396,52,0
10397,53,0
10398,51,0
10399,52,0
10400,52,0
10401,51,0
10402,51,0
10403,52,0
10404,52,0
10405,53,0
10406,53,0
10407,54,0
10408,52,0
10409,50,0
10410,50,0
10411,49,0
10412,49,0
10413,50,0
10414,52,0
10415,53,0
10416,49,0
10417,50,0
10418,52,0
10419,51,0
10420,53,0
10421,52,0
10422,50,0
10423,51,0
10424,49,0
10425,50,0
10426,50,0
10427,53,0
10428,51,0
10429,52,0
10430,50,0
10431,51,0
10432,53,0
10433,52,0
10434,52,0
10435,51,0
10436,53,0
10437,53,0
10438,50,0
10439,50,0
10440,51,0
10441,51,0
10442,52,0
10443,52,0
10444,51,0
10445,51,0
10446,50,0
10447,52,0
10448,51,0
10449,51,0
10450,52,0
10451,50,0
10452,51,0
10453,53,0
10454,52,0
10455,52,0
10456,49,0
10457,51,0
10458,52,0
10459,50,0
10460,53,0
10461,51,0
10462,52,0
10463,50,0
10464,50,0
10465,53,0
10466,53,0
10467,52,0
10468,52,0
10469,51,0
10470,53,0
10471,52,0
10472,50,0
10473,49,0
10474,52,0
10475,52,0
10476,50,0
10477,51,0
10478,52,0
10479,52,0
10480,52,0
10481,51,0
10482,52,0
10483,50,0
10484,52,0
10485,53,0
10486,52,0
10487,50,0
10488,52,0
10489,53,0
10490,52,0
10491,51,0
10492,54,0
10493,52,0
10494,51,0
10495,53,0
10496,50,0
10497,52,0
10498,53,0
10499,50,0
10500,52,0
10501,50,0
10502,53,0
10503,52,0
10504,52,0
10505,52,0
10506,49,0
10507,55,0
10508,52,0
10509,50,0
10510,51,0
10511,52,0
10512,52,0
10513,50,0
10514,53,0
10515,52,0
10516,50,0
10517,50,0
10518,50,0
10519,51,0
10520,53,0
10521,52,0
10522,52,0
10523,51,0
10524,51,0
10525,50,0
10526,50,0
10527,51,0
10528,51,0
10529,50,0
10530,50,0
10531,51,0
10532,51,0
10533,52,0
10534,52,0
10535,53,0
10536,55,0
10537,50,0
10538,50,0
10539,52,0
10540,51,0
10541,52,0
10542,52,0
10543,50,0
10544,51,0
10545,53,0
10546,51,0
10547,50,0
10548,50,0
10549,52,0
10550,51,0
10551,52,0
10552,50,0
10553,54,0
10554,51,0
10555,53,0
10556,50,0
10557,50,0
10558,53,0
10559,53,0
10560,50,0
10561,50,0
10562,51,0
10563,51,0
10564,50,0
10565,52,0
10566,52,0
10567,51,0
10568,52,0
10569,50,0
10570,50,0
10571,51,0
10572,49,0
10573,53,0
10574,50,0
10575,52,0
10576,51,0
10577,51,0
10578,50,0
10579,52,0
10580,51,0
10581,53,0
10582,50,0
10583,50,0
10584,53,0
10585,51,0
10586,52,0
10587,50,0
10588,53,0
10589,51,0
10590,52,0
10591,50,0
10592,52,0
10593,53,0
10594,52,0
10595,50,0
10596,50,0
10597,53,0
10598,51,0
10599,52,0
10600,50,0
10601,50,0
10602,51,0
10603,50,0
10604,52,0
10605,52,0
10606,51,0
10607,52,0
10608,52,0
10609,52,0
10610,51,0
10611,50,0
10612,50,0
10613,52,0
10614,53,0
10615,50,0
10616,50,0
10617,50,0
10618,55,0
10619,54,0
10620,50,0
10621,51,0
10622,51,0
10623,52,0
10624,50,0
10625,49,0
10626,53,0
10627,51,0
10628,52,0
10629,50,0
10630,51,0
10631,51,0
10632,52,0
10633,52,0
10634,49,0
10635,51,0
10636,55,0
10637,50,0
10638,50,0
10639,51,0
10640,52,0
10641,52,0
10642,51,0
10643,53,0
10644,50,0
10645,52,0
10646,53,0
10647,51,0
10648,52,0
10649,52,0
10650,51,0
10651,49,0
10652,52,0
10653,52,0
10654,53,0
10655,51,0
10656,50,0
10657,50,0
10658,49,0
10659,51,0
10660,50,0
10661,50,0
10662,51,0
10663,52,0
10664,52,0
10665,53,0
10666,53,0
10667,54,0
10668,52,0
10669,51,0
10670,53,0
10671,52,0
10672,52,0
10673,51,0
10674,53,0
10675,52,0
10676,50,0
10677,51,0
10678,53,0
10679,50,0
10680,50,0
10681,49,0
10682,53,0
10683,52,0
10684,52,0
10685,52,0
10686,50,0
10687,49,0
10688,57,0
10689,49,0
10690,53,0
10691,52,0
10692,52,0
10693,52,0
10694,49,0
10695,53,0
10696,52,0
10697,54,0
10698,49,0
10699,53,0
10700,52,0
10701,54,0
10702,52,0
10703,53,0
10704,52,0
10705,52,0
10706,52,0
10707,53,0
10708,52,0
10709,52,0
10710,49,0
10711,53,0
10712,54,0
10713,54,0
10714,53,0
10715,52,0
10716,52,0
10717,50,0
10718,53,0
10719,53,0
10720,49,0
10721,54,0
10722,52,0
10723,53,0
10724,52,0
10725,52,0
10726,50,0
10727,53,0
10728,52,0
10729,54,0
10730,51,0
10731,53,0
10732,54,0
10733,52,0
10734,55,0
10735,52,0
10736,54,0
10737,51,0
10738,53,0
10739,50,0
10740,52,0
10741,53,0
10742,51,0
10743,52,0
10744,52,0
10745,51,0
10746,49,0
10747,52,0
10748,52,0
10749,52,0
10750,55,0
10751,55,0
10752,52,0
10753,52,0
10754,52,0
10755,51,0
10756,53,0
10757,50,0
10758,52,0
10759,53,0
10760,53,0
10761,54,0
10762,52,0
10763,52,0
10764,55,0
10765,53,0
10766,52,0
10767,52,0
10768,55,0
10769,53,0
10770,52,0
10771,52,0
10772,52,0
10773,53,0
10774,55,0
10775,54,0
10776,52,0
10777,51,0
10778,53,0
10779,50,0
10780,54,0
10781,50,0
10782,51,0
10783,52,0
10784,52,0
10785,52,0
10786,51,0
10787,50,0
10788,52,0
10789,52,0
10790,51,0
10791,54,0
10792,50,0
10793,49,0
10794,51,0
10795,50,0
10796,52,0
10797,51,0
10798,51,0
10799,52,0
10800,52,0
10801,53,0
10802,52,0
10803,52,0
10804,52,0
10805,51,0
10806,52,0
10807,52,0
10808,52,0
10809,53,0
10810,51,0
10811,52,0
10812,52,0
10813,52,0
10814,53,0
10815,53,0
10816,54,0
10817,52,0
10818,52,0
10819,53,0
10820,55,0
10821,52,0
10822,50,0
10823,53,0
10824,51,0
10825,52,0
10826,52,0
10827,52,0
10828,51,0
10829,52,0
10830,52,0
10831,53,0
10832,51,0
10833,52,0
10834,52,0
10835,50,0
10836,51,0
10837,53,0
10838,52,0
10839,52,0
10840,51,0
10841,51,0
10842,51,0
10843,50,0
10844,52,0
10845,52,0
10846,53,0
10847,50,0
10848,54,0
10849,52,0
10850,53,0
10851,51,0
10852,52,0
10853,50,0
10854,49,0
10855,53,0
10856,52,0
10857,50,0
10858,49,0
10859,53,0
10860,52,0
10861,50,0
10862,51,0
10863,53,0
10864,50,0
10865,52,0
10866,51,0
10867,51,0
10868,50,0
10869,50,0
10870,52,0
10871,51,0
10872,51,0
10873,52,0
10874,52,0
10875,51,0
10876,53,0
10877,50,0
10878,52,0
10879,53,0
10880,51,0
10881,52,0
10882,52,0
10883,49,0
10884,53,0
10885,50,0
10886,50,0
10887,49,0
10888,52,0
10889,52,0
10890,50,0
10891,49,0
10892,53,0
10893,52,0
10894,50,0
10895,51,0
10896,53,0
10897,52,0
10898,52,0
10899,50,0
10900,55,0
10901,51,0
10902,52,0
10903,54,0
10904,51,0
10905,51,0
10906,52,0
10907,50,0
10908,52,0
10909,51,0
10910,51,0
10911,52,0
10912,52,0
10913,52,0
10914,53,0
10915,53,0
10916,52,0
10917,50,0
10918,53,0
10919,52,0
10920,52,0
10921,52,0
10922,51,0
10923,51,0
10924,50,0
10925,54,0
10926,52,0
10927,51,0
10928,52,0
10929,52,0
10930,51,0
10931,52,0
10932,51,0
10933,52,0
10934,52,0
10935,53,0
10936,49,0
10937,50,0
10938,52,0
10939,53,0
10940,49,0
10941,52,0
10942,52,0
10943,53,0
10944,50,0
10945,52,0
10946,53,0
10947,53,0
10948,52,0
10949,50,0
10950,51,0
10951,51,0
10952,52,0
10953,50,0
10954,51,0
10955,53,0
10956,52,0
10957,50,0
10958,53,0
10959,53,0
10960,51,0
10961,52,0
10962,52,0
10963,53,0
10964,53,0
10965,52,0
10966,52,0
10967,52,0
10968,51,0
10969,52,0
10970,54,0
10971,52,0
10972,51,0
10973,51,0
10974,52,0
10975,52,0
10976,52,0
10977,53,0
10978,51,0
10979,52,0
10980,52,0
10981,52,0
10982,51,0
10983,53,0
10984,52,0
10985,52,0
10986,52,0
10987,51,0
10988,55,0
10989,52,0
10990,52,0
10991,51,0
10992,51,0
10993,51,0
10994,52,0
10995,52,0
10996,53,0
10997,53,0
10998,54,0
10999,52,0
11000,51,0
11001,53,0
11002,52,0
11003,52,0
11004,51,0
11005,51,0
11006,52,0
11007,52,0
11008,51,0
11009,51,0
11010,52,0
11011,52,0
11012,53,0
11013,51,0
11014,52,0
11015,52,0
11016,51,0
11017,53,0
11018,52,0
11019,50,0
11020,51,0
11021,51,0
11022,51,0
11023,52,0
11024,50,0
11025,55,0
11026,53,0
11027,52,0
11028,52,0
11029,51,0
11030,51,0
11031,54,0
11032,52,0
11033,53,0
11034,53,0
11035,50,0
11036,52,0
11037,51,0
11038,51,0
11039,52,0
11040,50,0
11041,52,0
11042,53,0
11043,52,0
11044,52,0
11045,52,0
11046,51,0
11047,51,0
11048,52,0
11049,54,0
11050,51,0
11051,53,0
11052,52,0
11053,52,0
11054,52,0
11055,51,0
11056,53,0
11057,52,0
11058,50,0
11059,51,0
11060,53,0
11061,52,0
11062,52,0
11063,51,0
11064,51,0
11065,50,0
11066,50,0
11067,49,0
11068,51,0
11069,50,0
11070,50,0
11071,51,0
11072,53,0
11073,52,0
11074,50,0
11075,53,0
11076,52,0
11077,52,0
11078,50,0
11079,53,0
11080,52,0
11081,52,0
11082,52,0
11083,52,0
11084,51,0
11085,52,0
11086,52,0
11087,52,0
11088,51,0
11089,53,0
11090,54,0
11091,52,0
11092,53,0
11093,53,0
11094,52,0
11095,54,0
11096,51,0
11097,52,0
11098,50,0
11099,53,0
11100,55,0
11101,52,0
11102,50,0
11103,53,0
11104,52,0
11105,52,0
11106,51,0
11107,51,0
11108,52,0
11109,52,0
11110,51,0
11111,52,0
11112,50,0
11113,52,0
11114,53,0
11115,51,0
11116,50,0
11117,50,0
11118,53,0
11119,52,0
11120,50,0
11121,52,0
11122,53,0
11123,52,0
11124,50,0
11125,52,0
11126,51,0
11127,52,0
11128,52,0
11129,53,0
11130,53,0
11131,50,0
11132,52,0
11133,53,0
11134,53,0
11135,52,0
11136,52,0
11137,51,0
11138,49,0
11139,50,0
11140,52,0
11141,52,0
11142,51,0
11143,53,0
11144,52,0
11145,50,0
11146,52,0
11147,51,0
11148,55,0
11149,52,0
11150,54,0
11151,51,0
11152,53,0
11153,55,0
11154,52,0
11155,50,0
11156,51,0
11157,53,0
11158,52,0
11159,52,0
11160,52,0
11161,53,0
11162,55,0
11163,52,0
11164,52,0
11165,51,0
11166,51,0
11167,52,0
11168,52,0
11169,53,0
11170,50,0
11171,52,0
11172,54,0
11173,52,0
11174,49,0
11175,51,0
11176,50,0
11177,52,0
11178,51,0
11179,50,0
11180,52,0
11181,54,0
11182,53,0
11183,49,0
11184,54,0
11185,52,0
11186,53,0
11187,51,0
11188,54,0
11189,52,0
11190,49,0
11191,53,0
11192,52,0
11193,50,0
11194,51,0
11195,51,0
11196,50,0
11197,52,0
11198,53,0
11199,51,0
11200,52,0
11201,52,0
11202,52,0
11203,51,0
11204,51,0
11205,52,0
11206,52,0
11207,55,0
11208,51,0
11209,52,0
11210,52,0
11211,54,0
11212,51,0
11213,53,0
11214,52,0
11215,52,0
11216,52,0
11217,51,0
11218,55,0
11219,52,0
11220,50,0
11221,51,0
11222,55,0
11223,52,0
11224,52,0
11225,52,0
11226,51,0
11227,53,0
11228,52,0
11229,50,0
11230,51,0
11231,51,0
11232,52,0
11233,52,0
11234,52,0
11235,53,0
11236,55,0
11237,50,0
11238,52,0
11239,53,0
11240,53,0
11241,52,0
11242,50,0
11243,53,0
11244,52,0
11245,54,0
11246,52,0
11247,51,0
11248,52,0
11249,52,0
11250,51,0
11251,53,0
11252,52,0
11253,50,0
11254,49,0
11255,51,0
11256,50,0
11257,52,0
11258,51,0
11259,51,0
11260,50,0
11261,52,0
11262,52,0
11263,53,0
11264,51,0
11265,52,0
11266,52,0
11267,53,0
11268,52,0
11269,52,0
11270,51,0
11271,51,0
11272,52,0
11273,52,0
11274,51,0
11275,50,0
11276,52,0
11277,53,0
11278,51,0
11279,50,0
11280,52,0
11281,51,0
11282,52,0
11283,52,0
11284,51,0
11285,52,0
11286,52,0
11287,52,0
11288,53,0
11289,52,0
11290,52,0
11291,51,0
11292,52,0
11293,53,0
11294,50,0
11295,52,0
11296,52,0
11297,51,0
11298,50,0
11299,50,0
11300,50,0
11301,53,0
11302,52,0
11303,52,0
11304,51,0
11305,51,0
11306,54,0
11307,52,0
11308,53,0
11309,51,0
11310,52,0
11311,52,0
11312,49,0
11313,53,0
11314,52,0
11315,52,0
11316,53,0
11317,51,0
11318,52,0
11319,50,0
11320,51,0
11321,52,0
11322,53,0
11323,52,0
11324,50,0
11325,52,0
11326,51,0
11327,51,0
11328,52,0
11329,54,0
11330,52,0
11331,51,0
11332,51,0
11333,54,0
11334,50,0
11335,52,0
11336,53,0
11337,53,0
11338,54,0
11339,52,0
11340,52,0
11341,53,0
11342,51,0
11343,54,0
11344,54,0
11345,52,0
11346,51,0
11347,53,0
11348,52,0
11349,54,0
11350,52,0
11351,55,0
11352,52,0
11353,52,0
11354,54,0
11355,53,0
11356,51,0
11357,52,0
11358,52,0
11359,49,0
11360,49,0
11361,52,0
11362,52,0
11363,51,0
11364,51,0
11365,52,0
11366,50,0
11367,51,0
11368,53,0
11369,52,0
11370,50,0
11371,49,0
11372,55,0
11373,50,0
11374,50,0
11375,51,0
11376,49,0
11377,52,0
11378,52,0
11379,51,0
11380,53,0
11381,52,0
11382,50,0
11383,52,0
11384,51,0
11385,53,0
11386,52,0
11387,52,0
11388,53,0
11389,53,0
11390,52,0
11391,52,0
11392,52,0
11393,53,0
11394,52,0
11395,50,0
11396,51,0
11397,51,0
11398,52,0
11399,52,0
11400,53,0
11401,51,0
11402,52,0
11403,50,0
11404,51,0
11405,52,0
11406,50,0
11407,49,0
11408,53,0
11409,50,0
11410,50,0
11411,50,0
11412,53,0
11413,49,0
11414,50,0
11415,50,0
11416,53,0
11417,50,0
11418,52,0
11419,49,0
11420,51,0
11421,50,0
11422,52,0
11423,49,0
11424,53,0
11425,52,0
11426,50,0
11427,51,0
11428,52,0
11429,52,0
11430,50,0
11431,53,0
11432,52,0
11433,58,0
11434,52,0
11435,52,0
11436,52,0
11437,50,0
11438,51,0
11439,51,0
11440,52,0
11441,52,0
11442,52,0
11443,51,0
11444,53,0
11445,50,0
11446,52,0
11447,55,0
11448,51,0
11449,54,0
11450,52,0
11451,53,0
11452,53,0
11453,52,0
11454,50,0
11455,53,0
11456,51,0
11457,50,0
11458,52,0
11459,51,0
11460,52,0
11461,52,0
11462,52,0
11463,52,0
11464,53,0
11465,51,0
11466,54,0
11467,52,0
11468,49,0
11469,52,0
11470,52,0
11471,50,0
11472,51,0
11473,52,0
11474,52,0
11475,50,0
11476,49,0
11477,52,0
11478,52,0
11479,51,0
11480,51,0
11481,52,0
11482,50,0
11483,53,0
11484,51,0
11485,52,0
11486,50,0
11487,51,0
11488,55,0
11489,54,0
11490,50,0
11491,51,0
11492,51,0
11493,50,0
11494,52,0
11495,52,0
11496,53,0
11497,50,0
11498,54,0
11499,51,0
11500,51,0
11501,52,0
11502,52,0
11503,53,0
11504,51,0
11505,50,0
11506,52,0
11507,51,0
11508,52,0
11509,52,0
11510,50,0
11511,51,0
11512,52,0
11513,52,0
11514,49,0
11515,53,0
11516,52,0
11517,54,0
11518,51,0
11519,51,0
11520,50,0
11521,52,0
11522,51,0
11523,53,0
11524,52,0
11525,52,0
11526,52,0
11527,51,0
11528,52,0
11529,50,0
11530,52,0
11531,53,0
11532,52,0
11533,52,0
11534,51,0
11535,51,0
11536,50,0
11537,52,0
11538,53,0
11539,52,0
11540,50,0
11541,51,0
11542,49,0
11543,52,0
11544,54,0
11545,53,0
11546,50,0
11547,52,0
11548,52,0
11549,53,0
11550,50,0
11551,52,0
11552,53,0
11553,51,0
11554,52,0
11555,52,0
11556,49,0
11557,55,0
11558,52,0
11559,50,0
11560,51,0
11561,51,0
11562,52,0
11563,50,0
11564,53,0
11565,50,0
11566,50,0
11567,53,0
11568,53,0
11569,52,0
11570,50,0
11571,53,0
11572,52,0
11573,50,0
11574,55,0
11575,51,0
11576,52,0
11577,50,0
11578,53,0
11579,52,0
11580,50,0
11581,52,0
11582,51,0
11583,52,0
11584,52,0
11585,49,0
11586,53,0
11587,53,0
11588,52,0
11589,50,0
11590,53,0
11591,49,0
11592,52,0
11593,52,0
11594,51,0
11595,50,0
11596,52,0
11597,55,0
11598,53,0
11599,50,0
11600,52,0
11601,53,0
11602,53,0
11603,50,0
11604,52,0
11605,51,0
11606,52,0
11607,52,0
11608,53,0
11609,49,0
11610,52,0
11611,52,0
11612,55,0
11613,51,0
11614,50,0
11615,50,0
11616,53,0
11617,51,0
11618,53,0
11619,52,0
11620,52,0
11621,49,0
11622,55,0
11623,52,0
11624,52,0
11625,49,0
11626,51,0
11627,52,0
11628,52,0
11629,53,0
11630,51,0
11631,52,0
11632,52,0
11633,53,0
11634,53,0
11635,52,0
11636,50,0
11637,51,0
11638,53,0
11639,54,0
11640,52,0
11641,49,0
11642,51,0
11643,54,0
11644,52,0
11645,51,0
11646,52,0
11647,53,0
11648,52,0
11649,52,0
11650,51,0
11651,53,0
11652,50,0
11653,52,0
11654,51,0
11655,55,0
11656,50,0
11657,50,0
11658,51,0
11659,52,0
11660,50,0
11661,52,0
11662,51,0
11663,50,0
11664,52,0
11665,50,0
11666,51,0
11667,52,0
11668,52,0
11669,53,0
11670,53,0
11671,50,0
11672,52,0
11673,53,0
11674,53,0
11675,52,0
11676,52,0
11677,52,0
11678,51,0
11679,53,0
11680,52,0
11681,50,0
11682,53,0
11683,51,0
11684,52,0
11685,50,0
11686,53,0
11687,51,0
11688,52,0
11689,52,0
11690,53,0
11691,52,0
11692,50,0
11693,52,0
11694,53,0
11695,52,0
11696,52,0
11697,52,0
11698,51,0
11699,52,0
11700,52,0
11701,53,0
11702,51,0
11703,52,0
11704,50,0
11705,53,0
11706,52,0
11707,51,0
11708,52,0
11709,50,0
11710,53,0
11711,52,0
11712,52,0
11713,53,0
11714,51,0
11715,52,0
11716,52,0
11717,51,0
11718,55,0
11719,52,0
11720,50,0
11721,51,0
11722,52,0
11723,52,0
11724,51,0
11725,53,0
11726,52,0
11727,52,0
11728,49,0
11729,52,0
11730,52,0
11731,51,0
11732,53,0
11733,52,0
11734,52,0
11735,51,0
11736,52,0
11737,50,0
11738,54,0
11739,51,0
11740,51,0
11741,50,0
11742,52,0
11743,53,0
11744,51,0
11745,52,0
11746,52,0
11747,51,0
11748,50,0
11749,54,0
11750,51,0
11751,53,0
11752,52,0
11753,52,0
11754,51,0
11755,50,0
11756,52,0
11757,52,0
11758,53,0
11759,52,0
11760,50,0
11761,51,0
11762,51,0
11763,54,0
11764,50,0
11765,49,0
11766,51,0
11767,54,0
11768,50,0
11769,50,0
11770,53,0
11771,51,0
11772,54,0
11773,50,0
11774,53,0
11775,52,0
11776,54,0
11777,51,0
11778,53,0
11779,52,0
11780,52,0
11781,53,0
11782,51,0
11783,52,0
11784,50,0
11785,53,0
11786,50,0
11787,52,0
11788,50,0
11789,49,0
11790,52,0
11791,50,0
11792,52,0
11793,49,0
11794,50,0
11795,50,0
11796,51,0
11797,49,0
11798,49,0
11799,52,0
11800,52,0
11801,52,0
11802,53,0
11803,52,0
11804,50,0
11805,52,0
11806,51,0
11807,52,0
11808,50,0
11809,52,0
11810,55,0
11811,52,0
11812,52,0
11813,52,0
11814,53,0
11815,52,0
11816,52,0
11817,52,0
11818,55,0
11819,52,0
11820,52,0
11821,52,0
11822,51,0
11823,52,0
11824,50,0
11825,52,0
11826,51,0
11827,52,0
11828,50,0
11829,52,0
11830,52,0
11831,53,0
11832,52,0
11833,52,0
11834,51,0
11835,55,0
11836,52,0
11837,50,0
11838,49,0
11839,49,0
11840,52,0
11841,52,0
11842,53,0
11843,49,0
11844,52,0
11845,54,0
11846,49,0
11847,52,0
11848,50,0
11849,50,0
11850,51,0
11851,54,0
11852,50,0
11853,53,0
11854,51,0
11855,54,0
11856,50,0
11857,49,0
11858,51,0
11859,52,0
11860,52,0
11861,51,0
11862,55,0
11863,50,0
11864,50,0
11865,51,0
11866,53,0
11867,52,0
11868,50,0
11869,53,0
11870,52,0
11871,50,0
11872,52,0
11873,51,0
11874,50,0
11875,50,0
11876,51,0
11877,51,0
11878,50,0
11879,52,0
11880,53,0
11881,50,0
11882,50,0
11883,55,0
11884,51,0
11885,52,0
11886,52,0
11887,51,0
11888,52,0
11889,52,0
11890,52,0
11891,52,0
11892,55,0
11893,52,0
11894,50,0
11895,51,0
11896,53,0
11897,52,0
11898,52,0
11899,51,0
11900,53,0
11901,50,0
11902,52,0
11903,53,0
11904,51,0
11905,50,0
11906,54,0
11907,53,0
11908,55,0
11909,52,0
11910,52,0
11911,53,0
11912,51,0
11913,52,0
11914,50,0
11915,51,0
11916,51,0
11917,52,0
11918,50,0
11919,50,0
11920,51,0
11921,49,0
11922,52,0
11923,52,0
11924,53,0
11925,50,0
11926,52,0
11927,52,0
11928,51,0
11929,50,0
11930,52,0
11931,51,0
11932,51,0
11933,50,0
11934,52,0
11935,51,0
11936,50,0
11937,52,0
11938,53,0
11939,49,0
11940,50,0
11941,54,0
11942,51,0
11943,53,0
11944,50,0
11945,52,0
11946,51,0
11947,52,0
11948,54,0
11949,52,0
11950,49,0
11951,49,0
11952,55,0
11953,50,0
11954,50,0
11955,53,0
11956,53,0
11957,52,0
11958,52,0
11959,49,0
11960,52,0
11961,52,0
11962,52,0
11963,53,0
11964,52,0
11965,52,0
11966,52,0
11967,53,0
11968,52,0
11969,54,0
11970,52,0
11971,51,0
11972,52,0
11973,54,0
11974,52,0
11975,51,0
11976,52,0
11977,54,0
11978,52,0
11979,53,0
11980,52,0
11981,52,0
11982,52,0
11983,50,0
11984,51,0
11985,49,0
11986,50,0
11987,52,0
11988,51,0
11989,51,0
11990,52,0
11991,52,0
11992,53,0
11993,52,0
11994,52,0
11995,53,0
11996,53,0
11997,52,0
11998,52,0
11999,52,0
12000,51,0
12001,52,0
12002,50,0
12003,53,0
12004,55,0
12005,52,0
12006,50,0
12007,55,0
12008,52,0
12009,52,0
12010,52,0
12011,49,0
12012,53,0
12013,51,0
12014,50,0
12015,50,0
12016,53,0
12017,52,0
12018,52,0
12019,50,0
12020,51,0
12021,52,0
12022,50,0
12023,49,0
12024,51,0
12025,52,0
12026,50,0
12027,49,0
12028,52,0
12029,52,0
12030,52,0
12031,53,0
12032,50,0
12033,52,0
12034,53,0
12035,53,0
12036,50,0
12037,52,0
12038,53,0
12039,51,0
12040,52,0
12041,50,0
12042,52,0
12043,51,0
12044,52,0
12045,52,0
12046,53,0
12047,51,0
12048,50,0
12049,52,0
12050,53,0
12051,52,0
12052,52,0
12053,52,0
12054,53,0
12055,54,0
12056,50,0
12057,51,0
12058,53,0
12059,50,0
12060,50,0
12061,53,0
12062,50,0
12063,52,0
12064,53,0
12065,51,0
12066,50,0
12067,52,0
12068,53,0
12069,50,0
12070,50,0
12071,52,0
12072,52,0
12073,51,0
12074,53,0
12075,50,0
12076,52,0
12077,51,0
12078,50,0
12079,50,0
12080,51,0
12081,51,0
12082,52,0
12083,54,0
12084,55,0
12085,53,0
12086,50,0
12087,52,0
12088,53,0
12089,55,0
12090,50,0
12091,52,0
12092,53,0
12093,51,0
12094,52,0
12095,52,0
12096,53,0
12097,52,0
12098,52,0
12099,52,0
12100,55,0
12101,52,0
12102,52,0
12103,52,0
12104,51,0
12105,53,0
12106,52,0
12107,52,0
12108,51,0
12109,53,0
12110,54,0
12111,50,0
12112,51,0
12113,52,0
12114,50,0
12115,52,0
12116,51,0
12117,50,0
12118,52,0
12119,52,0
12120,51,0
12121,52,0
12122,54,0
12123,53,0
12124,53,0
12125,52,0
12126,52,0
12127,51,0
12128,53,0
12129,52,0
12130,50,0
12131,51,0
12132,53,0
12133,52,0
12134,52,0
12135,52,0
12136,51,0
12137,51,0
12138,52,0
12139,52,0
12140,55,0
12141,51,0
12142,50,0
12143,52,0
12144,55,0
12145,53,0
12146,52,0
12147,54,0
12148,52,0
12149,51,0
12150,52,0
12151,52,0
12152,54,0
12153,55,0
12154,52,0
12155,52,0
12156,52,0
12157,55,0
12158,52,0
12159,52,0
12160,52,0
12161,53,0
12162,52,0
12163,51,0
12164,50,0
12165,50,0
12166,53,0
12167,50,0
12168,50,0
12169,52,0
12170,49,0
12171,52,0
12172,54,0
12173,51,0
12174,53,0
12175,50,0
12176,52,0
12177,49,0
12178,57,0
12179,51,0
12180,55,0
12181,55,0
12182,51,0
12183,52,0
12184,50,0
12185,51,0
12186,53,0
12187,52,0
12188,52,0
12189,51,0
12190,52,0
12191,50,0
12192,51,0
12193,52,0
12194,52,0
12195,51,0
12196,50,0
12197,52,0
12198,51,0
12199,52,0
12200,52,0
12201,53,0
12202,53,0
12203,52,0
12204,50,0
12205,51,0
12206,52,0
12207,54,0
12208,51,0
12209,52,0
12210,52,0
12211,53,0
12212,51,0
12213,50,0
12214,51,0
12215,53,0
12216,52,0
12217,53,0
12218,53,0
12219,52,0
12220,52,0
12221,51,0
12222,52,0
12223,52,0
12224,53,0
12225,52,0
12226,50,0
12227,53,0
12228,52,0
12229,52,0
12230,51,0
12231,50,0
12232,50,0
12233,51,0
12234,52,0
12235,52,0
12236,51,0
12237,50,0
12238,50,0
12239,53,0
12240,50,0
12241,54,0
12242,51,0
12243,53,0
12244,52,0
12245,52,0
12246,51,0
12247,51,0
12248,50,0
12249,55,0
12250,51,0
12251,50,0
12252,50,0
12253,51,0
12254,50,0
12255,52,0
12256,51,0
12257,50,0
12258,52,0
12259,55,0
12260,50,0
12261,52,0
12262,51,0
12263,50,0
12264,50,0
12265,51,0
12266,52,0
12267,54,0
12268,53,0
12269,52,0
12270,52,0
12271,51,0
12272,52,0
12273,53,0
12274,52,0
12275,52,0
12276,53,0
12277,50,0
12278,52,0
12279,53,0
12280,52,0
12281,52,0
12282,53,0
12283,52,0
12284,52,0
12285,51,0
12286,52,0
12287,50,0
12288,53,0
12289,55,0
12290,52,0
12291,55,0
12292,52,0
12293,52,0
12294,53,0
12295,53,0
12296,52,0
12297,52,0
12298,51,0
12299,52,0
12300,52,0
12301,55,0
12302,52,0
12303,52,0
12304,55,0
12305,53,0
12306,52,0
12307,52,0
12308,51,0
12309,52,0
12310,52,0
12311,53,0
12312,51,0
12313,52,0
12314,52,0
12315,53,0
12316,54,0
12317,59,0
12318,58,0
12319,56,0
12320,57,0
12321,54,0
12322,52,0
12323,52,0
12324,53,0
12325,55,0
12326,51,0
12327,52,0
12328,52,0
12329,54,0
12330,55,0
12331,51,0
12332,53,0
12333,54,0
12334,52,0
12335,54,0
12336,54,0
12337,55,0
12338,51,0
12339,53,0
12340,54,0
12341,52,0
12342,54,0
12343,54,0
12344,55,0
12345,51,0
12346,51,0
12347,55,0
12348,52,0
12349,52,0
12350,54,0
12351,54,0
12352,53,0
12353,53,0
12354,53,0
12355,52,0
12356,52,0
12357,54,0
12358,52,0
12359,53,0
12360,51,0
12361,53,0
12362,54,0
12363,52,0
12364,52,0
12365,52,0
12366,51,0
12367,53,0
12368,54,0
12369,54,0
12370,52,0
12371,55,0
12372,51,0
12373,53,0
12374,52,0
12375,54,0
12376,52,0
12377,55,0
12378,51,0
12379,53,0
12380,52,0
12381,54,0
12382,54,0
12383,52,0
12384,54,0
12385,55,0
12386,55,0
12387,55,0
12388,54,0
12389,52,0
12390,52,0
12391,53,0
12392,53,0
12393,54,0
12394,54,0
12395,54,0
12396,55,0
12397,53,0
12398,54,0
12399,54,0
12400,54,0
12401,53,0
12402,53,0
12403,52,0
12404,54,0
12405,54,0
12406,54,0
12407,53,0
12408,55,0
12409,54,0
12410,54,0
12411,52,0
12412,52,0
12413,52,0
12414,53,0
12415,51,0
12416,52,0
12417,52,0
12418,52,0
12419,52,0
12420,49,0
12421,49,0
12422,53,0
12423,52,0
12424,52,0
12425,52,0
12426,54,0
12427,51,0
12428,51,0
12429,53,0
12430,54,0
12431,52,0
12432,52,0
12433,52,0
12434,51,0
12435,55,0
12436,53,0
12437,52,0
12438,50,0
12439,54,0
12440,52,0
12441,51,0
12442,54,0
12443,55,0
12444,51,0
12445,54,0
12446,52,0
12447,54,0
12448,55,0
12449,55,0
12450,55,0
12451,54,0
12452,52,0
12453,54,0
12454,51,0
12455,51,0
12456,52,0
12457,52,0
12458,54,0
12459,52,0
12460,51,0
12461,53,0
12462,54,0
12463,54,0
12464,54,0
12465,55,0
12466,53,0
12467,54,0
12468,54,0
12469,54,0
12470,53,0
12471,53,0
12472,53,0
12473,53,0
12474,54,0
12475,52,0
12476,52,0
12477,54,0
12478,55,0
12479,53,0
12480,53,0
12481,52,0
12482,52,0
12483,52,0
12484,52,0
12485,55,0
12486,51,0
12487,51,0
12488,54,0
12489,52,0
12490,52,0
12491,52,0
12492,53,0
12493,53,0
12494,52,0
12495,54,0
12496,54,0
12497,53,0
12498,55,0
12499,52,0
12500,52,0
12501,54,0
12502,54,0
12503,52,0
12504,52,0
12505,53,0
12506,55,0
12507,53,0
12508,52,0
12509,54,0
12510,51,0
12511,51,0
12512,53,0
12513,54,0
12514,54,0
12515,54,0
12516,53,0
12517,53,0
12518,54,0
12519,54,0
12520,54,0
12521,51,0
12522,55,0
12523,54,0
12524,54,0
12525,54,0
12526,51,0
12527,55,0
12528,53,0
12529,55,0
12530,54,0
12531,52,0
12532,54,0
12533,52,0
12534,55,0
12535,51,0
12536,53,0
12537,54,0
12538,52,0
12539,52,0
12540,52,0
12541,53,0
12542,53,0
12543,53,0
12544,54,0
12545,52,0
12546,52,0
12547,50,0
12548,53,0
12549,53,0
12550,51,0
12551,52,0
12552,52,0
12553,52,0
12554,53,0
12555,51,0
12556,51,0
12557,52,0
12558,52,0
12559,52,0
12560,52,0
12561,53,0
12562,51,0
12563,53,0
12564,52,0
12565,52,0
12566,52,0
12567,51,0
12568,53,0
12569,53,0
12570,54,0
12571,52,0
12572,52,0
12573,52,0
12574,51,0
12575,55,0
12576,53,0
12577,52,0
12578,54,0
12579,54,0
12580,55,0
12581,49,0
12582,51,0
12583,52,0
12584,50,0
12585,54,0
12586,53,0
12587,53,0
12588,51,0
12589,54,0
12590,52,0
12591,52,0
12592,52,0
12593,51,0
12594,55,0
12595,51,0
12596,52,0
12597,54,0
12598,52,0
12599,52,0
12600,53,0
12601,49,0
12602,51,0
12603,54,0
12604,52,0
12605,52,0
12606,55,0
12607,53,0
12608,53,0
12609,54,0
12610,52,0
12611,54,0
12612,54,0
12613,54,0
12614,53,0
12615,51,0
12616,53,0
12617,54,0
12618,52,0
12619,52,0
12620,52,0
12621,53,0
12622,53,0
12623,51,0
12624,54,0
12625,52,0
12626,54,0
12627,54,0
12628,50,0
12629,53,0
12630,55,0
12631,53,0
12632,52,0
12633,52,0
12634,54,0
12635,52,0
12636,52,0
12637,53,0
12638,53,0
12639,53,0
12640,54,0
12641,52,0
12642,52,0
12643,54,0
12644,53,0
12645,51,0
12646,55,0
12647,54,0
12648,52,0
12649,52,0
12650,52,0
12651,53,0
12652,51,0
12653,51,0
12654,54,0
12655,52,0
12656,52,0
12657,52,0
12658,54,0
12659,51,0
12660,55,0
12661,55,0
12662,52,0
12663,54,0
12664,52,0
12665,55,0
12666,51,0
12667,54,0
12668,54,0
12669,54,0
12670,55,0
12671,53,0
12672,55,0
12673,52,0
12674,54,0
12675,54,0
12676,55,0
12677,55,0
12678,51,0
12679,52,0
12680,54,0
12681,52,0
12682,55,0
12683,53,0
12684,52,0
12685,52,0
12686,54,0
12687,54,0
12688,52,0
12689,52,0
12690,53,0
12691,53,0
12692,56,0
12693,54,0
12694,52,0
12695,53,0
12696,55,0
12697,52,0
12698,52,0
12699,52,0
12700,53,0
12701,55,0
12702,54,0
12703,54,0
12704,54,0
12705,55,0
12706,55,0
12707,54,0
12708,52,0
12709,52,0
12710,52,0
12711,53,0
12712,53,0
12713,52,0
12714,54,0
12715,52,0
12716,53,0
12717,51,0
12718,53,0
12719,52,0
12720,52,0
12721,52,0
12722,52,0
12723,53,0
12724,53,0
12725,54,0
12726,52,0
12727,52,0
12728,53,0
12729,51,0
12730,53,0
12731,52,0
12732,52,0
12733,52,0
12734,51,0
12735,52,0
12736,52,0
12737,51,0
12738,53,0
12739,52,0
12740,52,0
12741,53,0
12742,53,0
12743,52,0
12744,52,0
12745,53,0
12746,52,0
12747,54,0
12748,52,0
12749,53,0
12750,52,0
12751,52,0
12752,51,0
12753,54,0
12754,52,0
12755,51,0
12756,55,0
12757,55,0
12758,54,0
12759,52,0
12760,51,0
12761,52,0
12762,52,0
12763,51,0
12764,52,0
12765,52,0
12766,55,0
12767,52,0
12768,52,0
12769,53,0
12770,53,0
12771,52,0
12772,51,0
12773,53,0
12774,52,0
12775,52,0
12776,53,0
12777,52,0
12778,52,0
12779,51,0
12780,52,0
12781,54,0
12782,53,0
12783,53,0
12784,52,0
12785,54,0
12786,51,0
12787,53,0
12788,52,0
12789,52,0
12790,55,0
12791,50,0
12792,52,0
12793,53,0
12794,52,0
12795,52,0
12796,52,0
12797,51,0
12798,52,0
12799,52,0
12800,51,0
12801,52,0
12802,52,0
12803,53,0
12804,53,0
12805,52,0
12806,53,0
12807,53,0
12808,52,0
12809,53,0
12810,53,0
12811,52,0
12812,52,0
12813,50,0
12814,51,0
12815,53,0
12816,52,0
12817,53,0
12818,51,0
12819,52,0
12820,50,0
12821,51,0
12822,52,0
12823,52883,1
12824,54,0
12825,56,0
12826,54,0
12827,54,0
12828,54,0
12829,54,0
12830,53,0
12831,55,0
12832,57,0
12833,54,0
12834,54,0
12835,52,0
12836,53,0
12837,53,0
12838,53,0
12839,54,0
12840,54,0
12841,54,0
12842,54,0
12843,55,0
12844,53,0
12845,53,0
12846,54,0
12847,54,0
12848,54,0
12849,53,0
12850,55,0
12851,53,0
12852,52,0
12853,51,0
12854,52,0
12855,54,0
12856,51,0
12857,53,0
12858,51,0
12859,55,0
12860,54,0
12861,54,0
12862,54,0
12863,51,0
12864,53,0
12865,54,0
12866,54,0
12867,52,0
12868,53,0
12869,53,0
12870,54,0
12871,52,0
12872,52,0
12873,53,0
12874,53,0
12875,56,0
12876,54,0
12877,52,0
12878,53,0
12879,53,0
12880,54,0
12881,52,0
12882,51,0
12883,55,0
12884,53,0
12885,52,0
12886,54,0
12887,51,0
12888,55,0
12889,55,0
12890,53,0
12891,54,0
12892,52,0
12893,52,0
12894,53,0
12895,53,0
12896,54,0
12897,54,0
12898,53,0
12899,55,0
12900,54,0
12901,52,0
12902,52,0
12903,55,0
12904,55,0
12905,54,0
12906,54,0
12907,54,0
12908,53,0
12909,52,0
12910,54,0
12911,54,0
12912,53,0
12913,55,0
12914,53,0
12915,52,0
12916,52,0
12917,51,0
12918,53,0
12919,52,0
12920,52,0
12921,53,0
12922,59,0
12923,50,0
12924,52,0
12925,52,0
12926,53,0
12927,53,0
12928,52,0
12929,52,0
12930,53,0
12931,52,0
12932,50,0
12933,51,0
12934,53,0
12935,52,0
12936,51,0
12937,53,0
12938,52,0
12939,52,0
12940,53,0
12941,52,0
12942,52,0
12943,53,0
12944,52,0
12945,52,0
12946,53,0
12947,53,0
12948,52,0
12949,52,0
12950,53,0
12951,52,0
12952,52,0
12953,52,0
12954,51,0
12955,51,0
12956,52,0
12957,51,0
12958,51,0
12959,50,0
12960,52,0
12961,51,0
12962,52,0
12963,50,0
12964,51,0
12965,50,0
12966,52,0
12967,51,0
12968,53,0
12969,52,0
12970,52,0
12971,51,0
12972,50,0
12973,52,0
12974,51,0
12975,52,0
12976,50,0
12977,53,0
12978,53,0
12979,52,0
12980,52,0
12981,51,0
12982,50,0
12983,52,0
12984,52,0
12985,51,0
12986,52,0
12987,50,0
12988,51,0
12989,53,0
12990,52,0
12991,50,0
12992,55,0
12993,50,0
12994,52,0
12995,51,0
12996,55,0
12997,54,0
12998,52,0
12999,53,0
13000,50,0
13001,52,0
13002,51,0
13003,52,0
13004,54,0
13005,54,0
13006,54,0
13007,50,0
13008,54,0
13009,50,0
13010,50,0
13011,53,0
13012,55,0
13013,53,0
13014,54,0
13015,54,0
13016,53,0
13017,53,0
13018,54,0
13019,54,0
13020,54,0
13021,53,0
13022,51,0
13023,52,0
13024,54,0
13025,51,0
13026,51,0
13027,52,0
13028,52,0
13029,52,0
13030,51,0
13031,51,0
13032,52,0
13033,52,0
13034,54,0
13035,52,0
13036,52,0
13037,53,0
13038,51,0
13039,54,0
13040,52,0
13041,51,0
13042,55,0
13043,53,0
13044,52,0
13045,52,0
13046,52,0
13047,51,0
13048,50,0
13049,52,0
13050,52,0
13051,53,0
13052,51,0
13053,52,0
13054,52,0
13055,53,0
13056,49,0
13057,52,0
13058,54,0
13059,52,0
13060,49,0
13061,51,0
13062,52,0
13063,53,0
13064,52,0
13065,54,0
13066,54,0
13067,55,0
13068,55,0
13069,55,0
13070,54,0
13071,52,0
13072,52,0
13073,55,0
13074,53,0
13075,55,0
13076,52,0
13077,54,0
13078,54,0
13079,52,0
13080,51,0
13081,53,0
13082,54,0
13083,54,0
13084,54,0
13085,53,0
13086,51,0
13087,55,0
13088,54,0
13089,54,0
13090,55,0
13091,52,0
13092,55,0
13093,53,0
13094,53,0
13095,54,0
13096,54,0
13097,54,0
13098,53,0
13099,55,0
13100,53,0
13101,54,0
13102,54,0
13103,54,0
13104,51,0
13105,55,0
13106,53,0
13107,54,0
13108,54,0
13109,54,0
13110,54,0
13111,55,0
13112,55,0
13113,50,0
13114,52,0
13115,52,0
13116,52,0
13117,52,0
13118,51,0
13119,52,0
13120,52,0
13121,53,0
13122,51,0
13123,52,0
13124,52,0
13125,55,0
13126,52,0
13127,54,0
13128,53,0
13129,53,0
13130,54,0
13131,52,0
13132,51,0
13133,52,0
13134,50,0
13135,51,0
13136,51,0
13137,52,0
13138,52,0
13139,53,0
13140,55,0
13141,52,0
13142,52,0
13143,55,0
13144,52,0
13145,50,0
13146,55,0
13147,52,0
13148,52,0
13149,51,0
13150,53,0
13151,54,0
13152,52,0
13153,51,0
13154,52,0
13155,52,0
13156,51,0
13157,52,0
13158,52,0
13159,55,0
13160,51,0
13161,52,0
13162,54,0
13163,53,0
13164,51,0
13165,52,0
13166,51,0
13167,51,0
13168,51,0
13169,50,0
13170,52,0
13171,51,0
13172,52,0
13173,54,0
13174,52,0
13175,51,0
13176,52,0
13177,52,0
13178,51,0
13179,51,0
13180,54,0
13181,52,0
13182,51,0
13183,52,0
13184,52,0
13185,52,0
13186,53,0
13187,52,0
13188,54,0
13189,51,0
13190,53,0
13191,50,0
13192,52,0
13193,52,0
13194,53,0
13195,52,0
13196,52,0
13197,53,0
13198,51,0
13199,52,0
13200,52,0
13201,51,0
13202,52,0
13203,52,0
13204,53,0
13205,55,0
13206,52,0
13207,52,0
13208,51,0
13209,54,0
13210,54,0
13211,52,0
13212,51,0
13213,52,0
13214,50,0
13215,51,0
13216,53,0
13217,54,0
13218,52,0
13219,51,0
13220,52,0
13221,52,0
13222,52,0
13223,51,0
13224,53,0
13225,52,0
13226,52,0
13227,51,0
13228,52,0
13229,52,0
13230,51,0
13231,51,0
13232,52,0
13233,52,0
13234,53,0
13235,52,0
13236,52,0
13237,51,0
13238,52,0
13239,54,0
13240,51,0
13241,51,0
13242,52,0
13243,54,0
13244,55,0
13245,52,0
13246,52,0
13247,51,0
13248,52,0
13249,52,0
13250,50,0
13251,51,0
13252,53,0
13253,50,0
13254,53,0
13255,53,0
13256,52,0
13257,52,0
13258,49,0
13259,52,0
13260,52,0
13261,53,0
13262,51,0
13263,52,0
13264,53,0
13265,51,0
13266,52,0
13267,52,0
13268,55,0
13269,54,0
13270,52,0
13271,53,0
13272,52,0
13273,52,0
13274,51,0
13275,52,0
13276,52,0
13277,50,0
13278,55,0
13279,52,0
13280,52,0
13281,53,0
13282,53,0
13283,52,0
13284,53,0
13285,53,0
13286,52,0
13287,52,0
13288,53,0
13289,50,0
13290,50,0
13291,53,0
13292,54,0
13293,52,0
13294,51,0
13295,52,0
13296,52,0
13297,53,0
13298,53,0
13299,50,0
13300,52,0
13301,51,0
13302,50,0
13303,52,0
13304,52,0
13305,51,0
13306,52,0
13307,52,0
13308,51,0
13309,52,0
13310,52,0
13311,53,0
13312,50,0
13313,52,0
13314,51,0
13315,55,0
13316,52,0
13317,51,0
13318,53,0
13319,52,0
13320,52,0
13321,53,0
13322,54,0
13323,54,0
13324,51,0
13325,52,0
13326,52,0
13327,53,0
13328,53,0
13329,52,0
13330,52,0
13331,51,0
13332,52,0
13333,50,0
13334,54,0
13335,51,0
13336,53,0
13337,52,0
13338,52,0
13339,51,0
13340,50,0
13341,52,0
13342,53,0
13343,50,0
13344,50,0
13345,51,0
13346,52,0
13347,52,0
13348,53,0
13349,55,0
13350,54,0
13351,51,0
13352,51,0
13353,50,0
13354,52,0
13355,51,0
13356,54,0
13357,52,0
13358,53,0
13359,52,0
13360,52,0
13361,52,0
13362,49,0
13363,51,0
13364,52,0
13365,51,0
13366,51,0
13367,52,0
13368,54,0
13369,53,0
13370,52,0
13371,52,0
13372,52,0
13373,55,0
13374,52,0
13375,54,0
13376,53,0
13377,55,0
13378,52,0
13379,52,0
13380,51,0
13381,52,0
13382,52,0
13383,53,0
13384,51,0
13385,50,0
13386,54,0
13387,53,0
13388,51,0
13389,50,0
13390,52,0
13391,53,0
13392,49,0
13393,50,0
13394,50,0
13395,55,0
13396,52,0
13397,52,0
13398,51,0
13399,52,0
13400,50,0
13401,49,0
13402,52,0
13403,52,0
13404,51,0
13405,50,0
13406,52,0
13407,53,0
13408,52,0
13409,50,0
13410,49,0
13411,51,0
13412,52,0
13413,49,0
13414,51,0
13415,50,0
13416,52,0
13417,51,0
13418,53,0
13419,52,0
13420,52,0
13421,53,0
13422,52,0
13423,52,0
13424,53,0
13425,52,0
13426,52,0
13427,53,0
13428,51,0
13429,52,0
13430,52,0
13431,51,0
13432,50,0
13433,52,0
13434,53,0
13435,52,0
13436,52,0
13437,52,0
13438,51,0
13439,52,0
13440,52,0
13441,51,0
13442,52,0
13443,52,0
13444,51,0
13445,53,0
13446,51,0
13447,50,0
13448,53,0
13449,53,0
13450,52,0
13451,52,0
13452,51,0
13453,50,0
13454,50,0
13455,51,0
13456,53,0
13457,52,0
13458,52,0
13459,51,0
13460,54,0
13461,52,0
13462,55,0
13463,52,0
13464,52,0
13465,51,0
13466,51,0
13467,52,0
13468,52,0
13469,53,0
13470,52,0
13471,50,0
13472,53,0
13473,55,0
13474,54,0
13475,52,0
13476,52,0
13477,53,0
13478,52,0
13479,52,0
13480,53,0
13481,52,0
13482,50,0
13483,53,0
13484,50,0
13485,50,0
13486,53,0
13487,50,0
13488,54,0
13489,49,0
13490,52,0
13491,54,0
13492,49,0
13493,54,0
13494,52,0
13495,51,0
13496,51,0
13497,52,0
13498,50,0
13499,51,0
13500,54,0
13501,52,0
13502,52,0
13503,55,0
13504,52,0
13505,54,0
13506,51,0
13507,52,0
13508,52,0
13509,53,0
13510,53,0
13511,52,0
13512,52,0
13513,51,0
13514,52,0
13515,52,0
13516,52,0
13517,51,0
13518,52,0
13519,54,0
13520,53,0
13521,51,0
13522,54,0
13523,52,0
13524,53,0
13525,52,0
13526,52,0
13527,51,0
13528,53,0
13529,52,0
13530,52,0
13531,51,0
13532,51,0
13533,52,0
13534,52,0
13535,51,0
13536,54,0
13537,52,0
13538,51,0
13539,52,0
13540,54,0
13541,49,0
13542,52,0
13543,50,0
13544,53,0
13545,53,0
13546,52,0
13547,49,0
13548,55,0
13549,52,0
13550,51,0
13551,53,0
13552,52,0
13553,52,0
13554,53,0
13555,52,0
13556,50,0
13557,50,0
13558,53,0
13559,52,0
13560,52,0
13561,51,0
13562,50,0
13563,52,0
13564,51,0
13565,52,0
13566,52,0
13567,51,0
13568,51,0
13569,52,0
13570,55,0
13571,51,0
13572,52,0
13573,52,0
13574,51,0
13575,52,0
13576,52,0
13577,51,0
13578,53,0
13579,50,0
13580,52,0
13581,53,0
13582,52,0
13583,54,0
13584,53,0
13585,51,0
13586,52,0
13587,52,0
13588,51,0
13589,52,0
13590,54,0
13591,53,0
13592,52,0
13593,52,0
13594,51,0
13595,53,0
13596,54,0
13597,51,0
13598,53,0
13599,52,0
13600,52,0
13601,53,0
13602,50,0
13603,52,0
13604,51,0
13605,52,0
13606,52,0
13607,51,0
13608,52,0
13609,54,0
13610,53,0
13611,52,0
13612,52,0
13613,50,0
13614,53,0
13615,49,0
13616,50,0
13617,52,0
13618,51,0
13619,52,0
13620,52,0
13621,51,0
13622,56,0
13623,52,0
13624,55,0
13625,50,0
13626,50,0
13627,51,0
13628,52,0
13629,50,0
13630,51,0
13631,49,0
13632,54,0
13633,50,0
13634,51,0
13635,50,0
13636,50,0
13637,53,0
13638,52,0
13639,50,0
13640,51,0
13641,52,0
13642,49,0
13643,52,0
13644,52,0
13645,51,0
13646,53,0
13647,52,0
13648,51,0
13649,53,0
13650,52,0
13651,52,0
13652,51,0
13653,52,0
13654,50,0
13655,51,0
13656,53,0
13657,50,0
13658,52,0
13659,53,0
13660,52,0
13661,52,0
13662,51,0
13663,51,0
13664,54,0
13665,54,0
13666,53,0
13667,59,0
13668,52,0
13669,51,0
13670,49,0
13671,53,0
13672,52,0
13673,52,0
13674,52,0
13675,51,0
13676,50,0
13677,52,0
13678,52,0
13679,53,0
13680,52,0
13681,52,0
13682,51,0
13683,53,0
13684,50,0
13685,54,0
13686,53,0
13687,53,0
13688,52,0
13689,52,0
13690,51,0
13691,50,0
13692,52,0
13693,51,0
13694,55,0
13695,51,0
13696,54,0
13697,52,0
13698,55,0
13699,52,0
13700,52,0
13701,53,0
13702,51,0
13703,52,0
13704,54,0
13705,51,0
13706,51,0
13707,52,0
13708,52,0
13709,55,0
13710,52,0
13711,54,0
13712,52,0
13713,51,0
13714,52,0
13715,52,0
13716,51,0
13717,51,0
13718,52,0
13719,52,0
13720,53,0
13721,52,0
13722,52,0
13723,52,0
13724,52,0
13725,51,0
13726,52,0
13727,52,0
13728,51,0
13729,52,0
13730,52,0
13731,53,0
13732,53,0
13733,52,0
13734,52,0
13735,51,0
13736,53,0
13737,54,0
13738,52,0
13739,55,0
13740,50,0
13741,52,0
13742,53,0
13743,52,0
13744,52,0
13745,53,0
13746,53,0
13747,52,0
13748,54,0
13749,51,0
13750,52,0
13751,50,0
13752,53,0
13753,51,0
13754,51,0
13755,50,0
13756,52,0
13757,53,0
13758,53,0
13759,52,0
13760,52,0
13761,53,0
13762,50,0
13763,52,0
13764,53,0
13765,53,0
13766,50,0
13767,52,0
13768,53,0
13769,52,0
13770,52,0
13771,53,0
13772,53,0
13773,52,0
13774,52,0
13775,51,0
13776,51,0
13777,52,0
13778,52,0
13779,51,0
13780,51,0
13781,52,0
13782,52,0
13783,52,0
13784,53,0
13785,52,0
13786,52,0
13787,52,0
13788,51,0
13789,52,0
13790,52,0
13791,51,0
13792,53,0
13793,50,0
13794,52,0
13795,51,0
13796,51,0
13797,52,0
13798,52,0
13799,51,0
13800,51,0
13801,52,0
13802,52,0
13803,55,0
13804,51,0
13805,54,0
13806,52,0
13807,51,0
13808,52,0
13809,52,0
13810,52,0
13811,52,0
13812,53,0
13813,53,0
13814,50,0
13815,52,0
13816,51,0
13817,52,0
13818,54,0
13819,52,0
13820,51,0
13821,52,0
13822,54,0
13823,52,0
13824,53,0
13825,52,0
13826,52,0
13827,52,0
13828,51,0
13829,52,0
13830,52,0
13831,52,0
13832,53,0
13833,52,0
13834,54,0
13835,52,0
13836,51,0
13837,52,0
13838,52,0
13839,52,0
13840,51,0
13841,52,0
13842,52,0
13843,52,0
13844,53,0
13845,53,0
13846,52,0
13847,50,0
13848,51,0
13849,55,0
13850,52,0
13851,52,0
13852,53,0
13853,53,0
13854,54,0
13855,54,0
13856,51,0
13857,52,0
13858,54,0
13859,52,0
13860,51,0
13861,52,0
13862,52,0
13863,51,0
13864,55,0
13865,52,0
13866,52,0
13867,53,0
13868,55,0
13869,52,0
13870,54,0
13871,51,0
13872,53,0
13873,52,0
13874,52,0
13875,55,0
13876,52,0
13877,52,0
13878,51,0
13879,53,0
13880,52,0
13881,52,0
13882,51,0
13883,51,0
13884,52,0
13885,52,0
13886,53,0
13887,51,0
13888,52,0
13889,54,0
13890,53,0
13891,52,0
13892,52,0
13893,52,0
13894,53,0
13895,52,0
13896,52,0
13897,53,0
13898,53,0
13899,52,0
13900,52,0
13901,51,0
13902,53,0
13903,52,0
13904,52,0
13905,53,0
13906,53,0
13907,54,0
13908,50,0
13909,51,0
13910,53,0
13911,52,0
13912,52,0
13913,51,0
13914,50,0
13915,52,0
13916,53,0
13917,51,0
13918,52,0
13919,54,0
13920,53,0
13921,53,0
13922,52,0
13923,52,0
13924,53,0
13925,52,0
13926,52,0
13927,51,0
13928,53,0
13929,52,0
13930,52,0
13931,52,0
13932,55,0
13933,53,0
13934,52,0
13935,52,0
13936,51,0
13937,51,0
13938,52,0
13939,52,0
13940,55,0
13941,52,0
13942,52,0
13943,53,0
13944,51,0
13945,52,0
13946,52,0
13947,51,0
13948,53,0
13949,50,0
13950,52,0
13951,51,0
13952,52,0
13953,50,0
13954,53,0
13955,51,0
13956,52,0
13957,52,0
13958,51,0
13959,51,0
13960,55,0
13961,54,0
13962,54,0
13963,51,0
13964,51,0
13965,52,0
13966,52,0
13967,55,0
13968,52,0
13969,52,0
13970,52,0
13971,51,0
13972,54,0
13973,52,0
13974,53,0
13975,53,0
13976,52,0
13977,50,0
13978,51,0
13979,53,0
13980,52,0
13981,50,0
13982,51,0
13983,55,0
13984,52,0
13985,52,0
13986,53,0
13987,51,0
13988,53,0
13989,50,0
13990,52,0
13991,49,0
13992,51,0
13993,52,0
13994,52,0
13995,51,0
13996,50,0
13997,50,0
13998,51,0
13999,53,0
14000,50,0
14001,52,0
14002,55,0
14003,52,0
14004,50,0
14005,52,0
14006,49,0
14007,52,0
14008,54,0
14009,53,0
14010,51,0
14011,50,0
14012,52,0
14013,51,0
14014,51,0
14015,52,0
14016,50,0
14017,51,0
14018,55,0
14019,54,0
14020,52,0
14021,55,0
14022,52,0
14023,54,0
14024,51,0
14025,53,0
14026,52,0
14027,51,0
14028,51,0
14029,52,0
14030,52,0
14031,51,0
14032,52,0
14033,52,0
14034,51,0
14035,52,0
14036,52,0
14037,53,0
14038,52,0
14039,54,0
14040,53,0
14041,52,0
14042,52,0
14043,52,0
14044,53,0
14045,51,0
14046,52,0
14047,52,0
14048,51,0
14049,52,0
14050,52,0
14051,51,0
14052,50,0
14053,52,0
14054,53,0
14055,52,0
14056,52,0
14057,51,0
14058,53,0
14059,52,0
14060,54,0
14061,51,0
14062,52,0
14063,54,0
14064,53,0
14065,52,0
14066,52,0
14067,53,0
14068,51,0
14069,54,0
14070,52,0
14071,52,0
14072,53,0
14073,52,0
14074,50,0
14075,51,0
14076,52,0
14077,52,0
14078,53,0
14079,54,0
14080,52,0
14081,53,0
14082,52,0
14083,50,0
14084,53,0
14085,52,0
14086,52,0
14087,53,0
14088,52,0
14089,52,0
14090,51,0
14091,53,0
14092,50,0
14093,51,0
14094,51,0
14095,50,0
14096,53,0
14097,51,0
14098,51,0
14099,52,0
14100,52,0
14101,53,0
14102,50,0
14103,52,0
14104,53,0
14105,50,0
14106,52,0
14107,53,0
14108,52,0
14109,52,0
14110,51,0
14111,52,0
14112,52,0
14113,55,0
14114,51,0
14115,52,0
14116,51,0
14117,55,0
14118,52,0
14119,52,0
14120,51,0
14121,52,0
14122,54,0
14123,51,0
14124,50,0
14125,52,0
14126,52,0
14127,51,0
14128,51,0
14129,52,0
14130,53,0
14131,53,0
14132,52,0
14133,52,0
14134,53,0
14135,52,0
14136,50,0
14137,51,0
14138,52,0
14139,54,0
14140,53,0
14141,53,0
14142,52,0
14143,52,0
14144,53,0
14145,52,0
14146,52,0
14147,53,0
14148,52,0
14149,52,0
14150,55,0
14151,51,0
14152,50,0
14153,52,0
14154,55,0
14155,51,0
14156,53,0
14157,52,0
14158,50,0
14159,51,0
14160,52,0
14161,50,0
14162,52,0
14163,51,0
14164,50,0
14165,52,0
14166,53,0
14167,53,0
14168,50,0
14169,50,0
14170,51,0
14171,50,0
14172,50,0
14173,50,0
14174,49,0
14175,52,0
14176,50,0
14177,51,0
14178,53,0
14179,50,0
14180,50,0
14181,52,0
14182,51,0
14183,52,0
14184,52,0
14185,51,0
14186,52,0
14187,52,0
14188,53,0
14189,51,0
14190,52,0
14191,52,0
14192,53,0
14193,54,0
14194,52,0
14195,51,0
14196,52,0
14197,50,0
14198,53,0
14199,52,0
14200,54,0
14201,55,0
14202,52,0
14203,50,0
14204,55,0
14205,53,0
14206,50,0
14207,51,0
14208,51,0
14209,54,0
14210,54,0
14211,50,0
14212,51,0
14213,52,0
14214,54,0
14215,51,0
14216,54,0
14217,52,0
14218,51,0
14219,52,0
14220,52,0
14221,55,0
14222,52,0
14223,52,0
14224,51,0
14225,55,0
14226,52,0
14227,53,0
14228,53,0
14229,50,0
14230,51,0
14231,53,0
14232,54,0
14233,52,0
14234,51,0
14235,50,0
14236,52,0
14237,55,0
14238,54,0
14239,52,0
14240,52,0
14241,53,0
14242,52,0
14243,52,0
14244,55,0
14245,52,0
14246,50,0
14247,51,0
14248,53,0
14249,52,0
14250,53,0
14251,51,0
14252,50,0
14253,51,0
14254,51,0
14255,52,0
14256,52,0
14257,51,0
14258,52,0
14259,52,0
14260,51,0
14261,52,0
14262,54,0
14263,53,0
14264,52,0
14265,50,0
14266,53,0
14267,52,0
14268,52,0
14269,52,0
14270,53,0
14271,51,0
14272,54,0
14273,52,0
14274,53,0
14275,52,0
14276,52,0
14277,51,0
14278,52,0
14279,52,0
14280,53,0
14281,52,0
14282,50,0
14283,55,0
14284,52,0
14285,52,0
14286,53,0
14287,53,0
14288,52,0
14289,52,0
14290,51,0
14291,52,0
14292,52,0
14293,53,0
14294,52,0
14295,52,0
14296,52,0
14297,52,0
14298,55,0
14299,52,0
14300,52,0
14301,51,0
14302,51,0
14303,52,0
14304,53,0
14305,53,0
14306,52,0
14307,52,0
14308,53,0
14309,52,0
14310,52,0
14311,53,0
14312,51,0
14313,54,0
14314,52,0
14315,51,0
14316,52,0
14317,54,0
14318,51,0
14319,51,0
14320,52,0
14321,52,0
14322,51,0
14323,52,0
14324,50,0
14325,52,0
14326,53,0
14327,52,0
14328,52,0
14329,51,0
14330,53,0
14331,52,0
14332,52,0
14333,55,0
14334,52,0
14335,52,0
14336,51,0
14337,52,0
14338,52,0
14339,51,0
14340,53,0
14341,52,0
14342,52,0
14343,53,0
14344,54,0
14345,54,0
14346,51,0
14347,52,0
14348,52,0
14349,51,0
14350,52,0
14351,54,0
14352,51,0
14353,55,0
14354,51,0
14355,50,0
14356,52,0
14357,51,0
14358,52,0
14359,50,0
14360,51,0
14361,53,0
14362,50,0
14363,53,0
14364,55,0
14365,52,0
14366,52,0
14367,53,0
14368,52,0
14369,50,0
14370,51,0
14371,51,0
14372,52,0
14373,54,0
14374,53,0
14375,52,0
14376,52,0
14377,53,0
14378,53,0
14379,52,0
14380,54,0
14381,53,0
14382,51,0
14383,52,0
14384,52,0
14385,53,0
14386,52,0
14387,50,0
14388,51,0
14389,51,0
14390,50,0
14391,52,0
14392,51,0
14393,52,0
14394,52,0
14395,51,0
14396,53,0
14397,52,0
14398,52,0
14399,51,0
14400,52,0
14401,52,0
14402,53,0
14403,52,0
14404,52,0
14405,51,0
14406,50,0
14407,52,0
14408,52,0
14409,55,0
14410,52,0
14411,52,0
14412,59,0
14413,51,0
14414,53,0
14415,53,0
14416,52,0
14417,52,0
14418,52,0
14419,51,0
14420,51,0
14421,52,0
14422,52,0
14423,53,0
14424,50,0
14425,54,0
14426,49,0
14427,55,0
14428,54,0
14429,52,0
14430,53,0
14431,54,0
14432,50,0
14433,55,0
14434,52,0
14435,51,0
14436,50,0
14437,52,0
14438,51,0
14439,51,0
14440,52,0
14441,50,0
14442,51,0
14443,53,0
14444,50,0
14445,52,0
14446,51,0
14447,51,0
14448,52,0
14449,54,0
14450,53,0
14451,52,0
14452,52,0
14453,51,0
14454,51,0
14455,54,0
14456,50,0
14457,51,0
14458,52,0
14459,50,0
14460,53,0
14461,55,0
14462,52,0
14463,52,0
14464,52,0
14465,53,0
14466,54,0
14467,52,0
14468,51,0
14469,53,0
14470,54,0
14471,52,0
14472,51,0
14473,54,0
14474,52,0
14475,51,0
14476,52,0
14477,52,0
14478,53,0
14479,53,0
14480,52,0
14481,52,0
14482,51,0
14483,52,0
14484,52,0
14485,53,0
14486,51,0
14487,52,0
14488,52,0
14489,51,0
14490,52,0
14491,52,0
14492,52,0
14493,55,0
14494,52,0
14495,52,0
14496,55,0
14497,51,0
14498,52,0
14499,52,0
14500,51,0
14501,52,0
14502,54,0
14503,51,0
14504,52,0
14505,52,0
14506,53,0
14507,53,0
14508,52,0
14509,52,0
14510,51,0
14511,52,0
14512,52,0
14513,51,0
14514,52,0
14515,52,0
14516,51,0
14517,51,0
14518,54,0
14519,53,0
14520,55,0
14521,53,0
14522,52,0
14523,50,0
14524,53,0
14525,50,0
14526,52,0
14527,53,0
14528,50,0
14529,50,0
14530,53,0
14531,52,0
14532,52,0
14533,49,0
14534,50,0
14535,52,0
14536,51,0
14537,51,0
14538,50,0
14539,51,0
14540,53,0
14541,50,0
14542,53,0
14543,51,0
14544,52,0
14545,53,0
14546,51,0
14547,50,0
14548,52,0
14549,52,0
14550,55,0
14551,52,0
14552,52,0
14553,55,0
14554,52,0
14555,50,0
14556,55,0
14557,51,0
14558,50,0
14559,52,0
14560,53,0
14561,52,0
14562,52,0
14563,51,0
14564,52,0
14565,50,0
14566,53,0
14567,52,0
14568,52,0
14569,51,0
14570,52,0
14571,54,0
14572,53,0
14573,55,0
14574,52,0
14575,52,0
14576,51,0
14577,51,0
14578,52,0
14579,52,0
14580,51,0
14581,52,0
14582,52,0
14583,51,0
14584,52,0
14585,52,0
14586,51,0
14587,51,0
14588,52,0
14589,52,0
14590,51,0
14591,52,0
14592,50,0
14593,55,0
14594,52,0
14595,52,0
14596,51,0
14597,55,0
14598,52,0
14599,52,0
14600,51,0
14601,50,0
14602,52,0
14603,53,0
14604,55,0
14605,53,0
14606,52,0
14607,52,0
14608,53,0
14609,54,0
14610,52,0
14611,55,0
14612,52,0
14613,52,0
14614,51,0
14615,53,0
14616,54,0
14617,52,0
14618,51,0
14619,54,0
14620,52,0
14621,51,0
14622,51,0
14623,50,0
14624,52,0
14625,55,0
14626,54,0
14627,52,0
14628,51,0
14629,55,0
14630,54,0
14631,52,0
14632,53,0
14633,50,0
14634,52,0
14635,52,0
14636,51,0
14637,51,0
14638,52,0
14639,51,0
14640,51,0
14641,52,0
14642,52,0
14643,53,0
14644,52,0
14645,50,0
14646,51,0
14647,52,0
14648,52,0
14649,51,0
14650,53,0
14651,50,0
14652,52,0
14653,55,0
14654,52,0
14655,52,0
14656,51,0
14657,52,0
14658,52,0
14659,51,0
14660,51,0
14661,52,0
14662,53,0
14663,51,0
14664,53,0
14665,52,0
14666,50,0
14667,51,0
14668,50,0
14669,52,0
14670,53,0
14671,52,0
14672,50,0
14673,49,0
14674,54,0
14675,52,0
14676,49,0
14677,52,0
14678,52,0
14679,51,0
14680,52,0
14681,52,0
14682,53,0
14683,53,0
14684,50,0
14685,50,0
14686,53,0
14687,50,0
14688,50,0
14689,51,0
14690,55,0
14691,52,0
14692,52,0
14693,53,0
14694,52,0
14695,50,0
14696,51,0
14697,53,0
14698,52,0
14699,52,0
14700,55,0
14701,52,0
14702,52,0
14703,51,0
14704,52,0
14705,50,0
14706,53,0
14707,52,0
14708,50,0
14709,51,0
14710,51,0
14711,50,0
14712,53,0
14713,51,0
14714,50,0
14715,52,0
14716,53,0
14717,51,0
14718,52,0
14719,52,0
14720,53,0
14721,52,0
14722,50,0
14723,55,0
14724,52,0
14725,52,0
14726,53,0
14727,52,0
14728,52,0
14729,51,0
14730,51,0
14731,52,0
14732,52,0
14733,51,0
14734,52,0
14735,54,0
14736,53,0
14737,52,0
14738,50,0
14739,51,0
14740,51,0
14741,50,0
14742,52,0
14743,51,0
14744,52,0
14745,52,0
14746,52,0
14747,53,0
14748,52,0
14749,52,0
14750,51,0
14751,53,0
14752,52,0
14753,52,0
14754,51,0
14755,52,0
14756,52,0
14757,51,0
14758,53,0
14759,52,0
14760,52,0
14761,51,0
14762,52,0
14763,52,0
14764,55,0
14765,52,0
14766,52,0
14767,51,0
14768,51,0
14769,52,0
14770,52,0
14771,51,0
14772,52,0
14773,54,0
14774,52,0
14775,53,0
14776,53,0
14777,52,0
14778,52,0
14779,51,0
14780,54,0
14781,50,0
14782,51,0
14783,53,0
14784,50,0
14785,52,0
14786,53,0
14787,52,0
14788,52,0
14789,51,0
14790,52,0
14791,52,0
14792,53,0
14793,51,0
14794,52,0
14795,52,0
14796,53,0
14797,52,0
14798,52,0
14799,51,0
14800,52,0
14801,54,0
14802,52,0
14803,55,0
14804,51,0
14805,52,0
14806,52,0
14807,51,0
14808,52,0
14809,52,0
14810,53,0
14811,55,0
14812,54,0
14813,52,0
14814,53,0
14815,54,0
14816,52,0
14817,51,0
14818,52,0
14819,50,0
14820,55,0
14821,51,0
14822,50,0
14823,52,0
14824,53,0
14825,52,0
14826,50,0
14827,55,0
14828,52,0
14829,52,0
14830,51,0
14831,55,0
14832,52,0
14833,52,0
14834,51,0
14835,51,0
14836,52,0
14837,52,0
14838,53,0
14839,52,0
14840,52,0
14841,51,0
14842,52,0
14843,50,0
14844,51,0
14845,52,0
14846,54,0
14847,53,0
14848,53,0
14849,52,0
14850,53,0
14851,53,0
14852,52,0
14853,52,0
14854,53,0
14855,52,0
14856,50,0
14857,51,0
14858,52,0
14859,52,0
14860,52,0
14861,51,0
14862,52,0
14863,50,0
14864,53,0
14865,51,0
14866,52,0
14867,51,0
14868,53,0
14869,52,0
14870,52,0
14871,53,0
14872,52,0
14873,52,0
14874,51,0
14875,52,0
14876,50,0
14877,51,0
14878,52,0
14879,50,0
14880,53,0
14881,52,0
14882,54,0
14883,53,0
14884,55,0
14885,50,0
14886,52,0
14887,52,0
14888,51,0
14889,52,0
14890,52,0
14891,53,0
14892,50,0
14893,50,0
14894,53,0
14895,52,0
14896,50,0
14897,51,0
14898,52,0
14899,54,0
14900,53,0
14901,53,0
14902,52,0
14903,52,0
14904,53,0
14905,52,0
14906,50,0
14907,51,0
14908,52,0
14909,52,0
14910,53,0
14911,51,0
14912,52,0
14913,52,0
14914,53,0
14915,51,0
14916,52,0
14917,52,0
14918,53,0
14919,52,0
14920,52,0
14921,53,0
14922,52,0
14923,50,0
14924,51,0
14925,55,0
14926,54,0
14927,52,0
14928,51,0
14929,52,0
14930,50,0
14931,51,0
14932,52,0
14933,52,0
14934,51,0
14935,51,0
14936,54,0
14937,54,0
14938,53,0
14939,52,0
14940,52,0
14941,51,0
14942,51,0
14943,51,0
14944,52,0
14945,52,0
14946,51,0
14947,52,0
14948,52,0
14949,53,0
14950,52,0
14951,52,0
14952,53,0
14953,53,0
14954,52,0
14955,52,0
14956,53,0
14957,52,0
14958,50,0
14959,51,0
14960,53,0
14961,52,0
14962,52,0
14963,53,0
14964,52,0
14965,52,0
14966,53,0
14967,53,0
14968,50,0
14969,52,0
14970,51,0
14971,52,0
14972,54,0
14973,52,0
14974,53,0
14975,51,0
14976,54,0
14977,52,0
14978,51,0
14979,52,0
14980,52,0
14981,55,0
14982,54,0
14983,54,0
14984,51,0
14985,52,0
14986,52,0
14987,53,0
14988,51,0
14989,52,0
14990,52,0
14991,53,0
14992,54,0
14993,50,0
14994,55,0
14995,52,0
14996,52,0
14997,51,0
14998,52,0
14999,50,0
15000,51,0
15001,51,0
15002,51,0
15003,52,0
15004,49,0
15005,51,0
15006,52,0
15007,51,0
15008,49,0
15009,50,0
15010,52,0
15011,51,0
15012,50,0
15013,52,0
15014,51,0
15015,52,0
15016,50,0
15017,55,0
15018,52,0
15019,50,0
15020,49,0
15021,51,0
15022,52,0
15023,53,0
15024,51,0
15025,52,0
15026,52,0
15027,53,0
15028,52,0
15029,52,0
15030,52,0
15031,51,0
15032,52,0
15033,52,0
15034,55,0
15035,51,0
15036,52,0
15037,53,0
15038,53,0
15039,52,0
15040,52,0
15041,55,0
15042,52,0
15043,52,0
15044,53,0
15045,52,0
15046,52,0
15047,51,0
15048,52,0
15049,54,0
15050,53,0
15051,51,0
15052,52,0
15053,50,0
15054,53,0
15055,50,0
15056,52,0
15057,54,0
15058,53,0
15059,52,0
15060,52,0
15061,51,0
15062,51,0
15063,52,0
15064,52,0
15065,55,0
15066,52,0
15067,50,0
15068,55,0
15069,52,0
15070,50,0
15071,53,0
15072,53,0
15073,52,0
15074,51,0
15075,51,0
15076,50,0
15077,52,0
15078,53,0
15079,52,0
15080,52,0
15081,53,0
15082,51,0
15083,52,0
15084,53,0
15085,51,0
15086,55,0
15087,52,0
15088,52,0
15089,51,0
15090,52,0
15091,52,0
15092,53,0
15093,53,0
15094,54,0
15095,52,0
15096,55,0
15097,52,0
15098,52,0
15099,53,0
15100,52,0
15101,52,0
15102,51,0
15103,52,0
15104,52,0
15105,53,0
15106,51,0
15107,52,0
15108,52,0
15109,51,0
15110,52,0
15111,52,0
15112,50,0
15113,53,0
15114,50,0
15115,52,0
15116,53,0
15117,52,0
15118,52,0
15119,51,0
15120,53,0
15121,50,0
15122,50,0
15123,51,0
15124,50,0
15125,50,0
15126,51,0
15127,50,0
15128,52,0
15129,51,0
15130,54,0
15131,50,0
15132,51,0
15133,50,0
15134,52,0
15135,53,0
15136,52,0
15137,52,0
15138,53,0
15139,49,0
15140,50,0
15141,52,0
15142,51,0
15143,51,0
15144,52,0
15145,52,0
15146,53,0
15147,54,0
15148,52,0
15149,55,0
15150,52,0
15151,52,0
15152,55,0
15153,52,0
15154,52,0
15155,55,0
15156,51,0
15157,59,0
15158,53,0
15159,53,0
15160,50,0
15161,50,0
15162,52,0
15163,53,0
15164,53,0
15165,50,0
15166,52,0
15167,53,0
15168,52,0
15169,52,0
15170,53,0
15171,51,0
15172,50,0
15173,52,0
15174,53,0
15175,52,0
15176,52,0
15177,55,0
15178,52,0
15179,52,0
15180,53,0
15181,52,0
15182,52,0
15183,53,0
15184,50,0
15185,52,0
15186,51,0
15187,50,0
15188,52,0
15189,53,0
15190,50,0
15191,52,0
15192,52,0
15193,53,0
15194,50,0
15195,50,0
15196,53,0
15197,51,0
15198,52,0
15199,52,0
15200,51,0
15201,52,0
15202,52,0
15203,51,0
15204,50,0
15205,50,0
15206,51,0
15207,52,0
15208,52,0
15209,51,0
15210,52,0
15211,52,0
15212,53,0
15213,55,0
15214,50,0
15215,51,0
15216,51,0
15217,52,0
15218,52,0
15219,51,0
15220,52,0
15221,52,0
15222,51,0
15223,53,0
15224,52,0
15225,52,0
15226,51,0
15227,52,0
15228,52,0
15229,53,0
15230,51,0
15231,50,0
15232,52,0
15233,51,0
15234,52,0
15235,52,0
15236,51,0
15237,52,0
15238,50,0
15239,52,0
15240,51,0
15241,52,0
15242,50,0
15243,51,0
15244,53,0
15245,50,0
15246,52,0
15247,53,0
15248,50,0
15249,52,0
15250,51,0
15251,51,0
15252,52,0
15253,52,0
15254,53,0
15255,50,0
15256,52,0
15257,52,0
15258,53,0
15259,52,0
15260,52,0
15261,53,0
15262,55,0
15263,52,0
15264,52,0
15265,51,0
15266,52,0
15267,52,0
15268,55,0
15269,52,0
15270,54,0
15271,51,0
15272,53,0
15273,54,0
15274,52,0
15275,51,0
15276,54,0
15277,52,0
15278,51,0
15279,52,0
15280,52,0
15281,53,0
15282,55,0
15283,52,0
15284,52,0
15285,51,0
15286,51,0
15287,54,0
15288,52,0
15289,51,0
15290,54,0
15291,52,0
15292,51,0
15293,52,0
15294,50,0
15295,53,0
15296,52,0
15297,52,0
15298,51,0
15299,53,0
15300,52,0
15301,52,0
15302,53,0
15303,54,0
15304,52,0
15305,55,0
15306,54,0
15307,52,0
15308,51,0
15309,52,0
15310,52,0
15311,55,0
15312,51,0
15313,52,0
15314,53,0
15315,51,0
15316,51,0
15317,52,0
15318,51,0
15319,51,0
15320,52,0
15321,52,0
15322,55,0
15323,50,0
15324,52,0
15325,51,0
15326,52,0
15327,52,0
15328,53,0
15329,54,0
15330,52,0
15331,51,0
15332,52,0
15333,52,0
15334,53,0
15335,52,0
15336,52,0
15337,51,0
15338,52,0
15339,52,0
15340,51,0
15341,52,0
15342,52,0
15343,51,0
15344,52,0
15345,52,0
15346,52,0
15347,51,0
15348,52,0
15349,52,0
15350,53,0
15351,53,0
15352,52,0
15353,53,0
15354,53,0
15355,50,0
15356,53,0
15357,55,0
15358,52,0
15359,52,0
15360,55,0
15361,52,0
15362,52,0
15363,51,0
15364,52,0
15365,52,0
15366,51,0
15367,52,0
15368,52,0
15369,55,0
15370,50,0
15371,52,0
15372,51,0
15373,52,0
15374,52,0
15375,51,0
15376,52,0
15377,52,0
15378,52,0
15379,55,0
15380,50,0
15381,52,0
15382,53,0
15383,52,0
15384,54,0
15385,53,0
15386,51,0
15387,52,0
15388,51,0
15389,53,0
15390,50,0
15391,52,0
15392,51,0
15393,50,0
15394,52,0
15395,53,0
15396,54,0
15397,52,0
15398,51,0
15399,52,0
15400,52,0
15401,51,0
15402,51,0
15403,50,0
15404,53,0
15405,53,0
15406,52,0
15407,54,0
15408,52,0
15409,51,0
15410,54,0
15411,52,0
15412,51,0
15413,51,0
15414,52,0
15415,53,0
15416,53,0
15417,52,0
15418,52,0
15419,51,0
15420,52,0
15421,52,0
15422,51,0
15423,52,0
15424,54,0
15425,51,0
15426,52,0
15427,50,0
15428,53,0
15429,53,0
15430,52,0
15431,52,0
15432,51,0
15433,54,0
15434,52,0
15435,51,0
15436,54,0
15437,52,0
15438,52,0
15439,55,0
15440,51,0
15441,52,0
15442,52,0
15443,53,0
15444,54,0
15445,52,0
15446,53,0
15447,51,0
15448,52,0
15449,52,0
15450,53,0
15451,52,0
15452,52,0
15453,53,0
15454,53,0
15455,52,0
15456,54,0
15457,51,0
15458,52,0
15459,50,0
15460,52,0
15461,53,0
15462,52,0
15463,50,0
15464,53,0
15465,51,0
15466,52,0
15467,52,0
15468,51,0
15469,52,0
15470,50,0
15471,53,0
15472,52,0
15473,54,0
15474,52,0
15475,51,0
15476,52,0
15477,52,0
15478,53,0
15479,53,0
15480,52,0
15481,52,0
15482,53,0
15483,52,0
15484,52,0
15485,53,0
15486,52,0
15487,54,0
15488,53,0
15489,52,0
15490,52,0
15491,53,0
15492,52,0
15493,52,0
15494,53,0
15495,50,0
15496,54,0
15497,51,0
15498,54,0
15499,52,0
15500,51,0
15501,53,0
15502,52,0
15503,52,0
15504,53,0
15505,53,0
15506,50,0
15507,53,0
15508,52,0
15509,50,0
15510,53,0
15511,55,0
15512,52,0
15513,51,0
15514,53,0
15515,50,0
15516,52,0
15517,53,0
15518,52,0
15519,52,0
15520,53,0
15521,51,0
15522,50,0
15523,53,0
15524,51,0
15525,52,0
15526,51,0
15527,53,0
15528,52,0
15529,52,0
15530,51,0
15531,52,0
15532,52,0
15533,50,0
15534,51,0
15535,52,0
15536,50,0
15537,53,0
15538,52,0
15539,52,0
15540,55,0
15541,52,0
15542,52,0
15543,53,0
15544,52,0
15545,50,0
15546,51,0
15547,55,0
15548,50,0
15549,53,0
15550,53,0
15551,52,0
15552,51,0
15553,51,0
15554,52,0
15555,53,0
15556,51,0
15557,52,0
15558,53,0
15559,51,0
15560,50,0
15561,52,0
15562,51,0
15563,55,0
15564,54,0
15565,52,0
15566,55,0
15567,50,0
15568,54,0
15569,53,0
15570,51,0
15571,52,0
15572,53,0
15573,51,0
15574,54,0
15575,52,0
15576,53,0
15577,52,0
15578,52,0
15579,53,0
15580,53,0
15581,52,0
15582,52,0
15583,51,0
15584,50,0
15585,50,0
15586,53,0
15587,53,0
15588,52,0
15589,54,0
15590,53,0
15591,51,0
15592,54,0
15593,52,0
15594,55,0
15595,52,0
15596,52,0
15597,53,0
15598,55,0
15599,51,0
15600,52,0
15601,51,0
15602,53,0
15603,50,0
15604,52,0
15605,53,0
15606,50,0
15607,52,0
15608,51,0
15609,54,0
15610,54,0
15611,53,0
15612,50,0
15613,50,0
15614,53,0
15615,50,0
15616,50,0
15617,53,0
15618,52,0
15619,54,0
15620,53,0
15621,52,0
15622,54,0
15623,51,0
15624,55,0
15625,52,0
15626,51,0
15627,51,0
15628,52,0
15629,54,0
15630,51,0
15631,55,0
15632,50,0
15633,52,0
15634,51,0
15635,50,0
15636,52,0
15637,55,0
15638,52,0
15639,52,0
15640,51,0
15641,52,0
15642,52,0
15643,51,0
15644,52,0
15645,54,0
15646,53,0
15647,55,0
15648,50,0
15649,52,0
15650,51,0
15651,52,0
15652,52,0
15653,53,0
15654,53,0
15655,51,0
15656,52,0
15657,53,0
15658,51,0
15659,52,0
15660,51,0
15661,53,0
15662,52,0
15663,55,0
15664,51,0
15665,50,0
15666,52,0
15667,51,0
15668,51,0
15669,52,0
15670,53,0
15671,51,0
15672,52,0
15673,50,0
15674,51,0
15675,52,0
15676,55,0
15677,49,0
15678,52,0
15679,53,0
15680,53,0
15681,54,0
15682,51,0
15683,53,0
15684,52,0
15685,51,0
15686,52,0
15687,52,0
15688,53,0
15689,55,0
15690,50,0
15691,53,0
15692,50,0
15693,50,0
15694,50,0
15695,51,0
15696,52,0
15697,52,0
15698,51,0
15699,51,0
15700,52,0
15701,53,0
15702,53,0
15703,52,0
15704,51,0
15705,51,0
15706,52,0
15707,52,0
15708,53,0
15709,52,0
15710,52,0
15711,51,0
15712,54,0
15713,52,0
15714,51,0
15715,52,0
15716,54,0
15717,53,0
15718,51,0
15719,52,0
15720,52,0
15721,53,0
15722,51,0
15723,52,0
15724,54,0
15725,51,0
15726,52,0
15727,52,0
15728,53,0
15729,51,0
15730,52,0
15731,51,0
15732,55,0
15733,52,0
15734,52,0
15735,53,0
15736,52,0
15737,52,0
15738,55,0
15739,52,0
15740,52,0
15741,51,0
15742,51,0
15743,54,0
15744,52,0
15745,55,0
15746,52,0
15747,53,0
15748,52,0
15749,53,0
15750,53,0
15751,52,0
15752,52,0
15753,52,0
15754,49,0
15755,50,0
15756,50,0
15757,55,0
15758,52,0
15759,52,0
15760,53,0
15761,51,0
15762,52,0
15763,51,0
15764,49,0
15765,52,0
15766,52,0
15767,53,0
15768,52,0
15769,50,0
15770,51,0
15771,50,0
15772,50,0
15773,53,0
15774,50,0
15775,50,0
15776,49,0
15777,52,0
15778,52,0
15779,49,0
15780,51,0
15781,52,0
15782,52,0
15783,51,0
15784,52,0
15785,54,0
15786,53,0
15787,52,0
15788,52,0
15789,53,0
15790,55,0
15791,52,0
15792,51,0
15793,55,0
15794,52,0
15795,51,0
15796,51,0
15797,50,0
15798,52,0
15799,55,0
15800,52,0
15801,52,0
15802,51,0
15803,52,0
15804,52,0
15805,53,0
15806,51,0
15807,55,0
15808,52,0
15809,51,0
15810,51,0
15811,52,0
15812,52,0
15813,51,0
15814,50,0
15815,52,0
15816,53,0
15817,52,0
15818,52,0
15819,53,0
15820,51,0
15821,52,0
15822,52,0
15823,51,0
15824,50,0
15825,52,0
15826,52,0
15827,49,0
15828,52,0
15829,52,0
15830,51,0
15831,50,0
15832,50,0
15833,51,0
15834,50,0
15835,52,0
15836,51,0
15837,50,0
15838,52,0
15839,51,0
15840,50,0
15841,52,0
15842,53,0
15843,52,0
15844,52,0
15845,51,0
15846,50,0
15847,52,0
15848,53,0
15849,50,0
15850,52,0
15851,49,0
15852,50,0
15853,52,0
15854,53,0
15855,52,0
15856,52,0
15857,51,0
15858,53,0
15859,52,0
15860,52,0
15861,51,0
15862,52,0
15863,51,0
15864,51,0
15865,54,0
15866,53,0
15867,55,0
15868,52,0
15869,52,0
15870,55,0
15871,52,0
15872,52,0
15873,51,0
15874,50,0
15875,50,0
15876,53,0
15877,50,0
15878,52,0
15879,53,0
15880,51,0
15881,50,0
15882,52,0
15883,53,0
15884,52,0
15885,52,0
15886,53,0
15887,52,0
15888,52,0
15889,53,0
15890,52,0
15891,52,0
15892,51,0
15893,55,0
15894,54,0
15895,52,0
15896,51,0
15897,52,0
15898,52,0
15899,51,0
15900,52,0
15901,54,0
15902,57,0
15903,55,0
15904,51,0
15905,54,0
15906,52,0
15907,52,0
15908,55,0
15909,52,0
15910,52,0
15911,52,0
15912,51,0
15913,52,0
15914,52,0
15915,53,0
15916,53,0
15917,52,0
15918,54,0
15919,53,0
15920,52,0
15921,52,0
15922,52,0
15923,51,0
15924,52,0
15925,52,0
15926,53,0
15927,53,0
15928,53,0
15929,50,0
15930,52,0
15931,53,0
15932,52,0
15933,52,0
15934,51,0
15935,51,0
15936,52,0
15937,52,0
15938,53,0
15939,52,0
15940,52,0
15941,55,0
15942,51,0
15943,52,0
15944,52,0
15945,51,0
15946,50,0
15947,54,0
15948,51,0
15949,51,0
15950,52,0
15951,52,0
15952,55,0
15953,50,0
15954,54,0
15955,53,0
15956,51,0
15957,52,0
15958,52,0
15959,51,0
15960,52,0
15961,52,0
15962,55,0
15963,53,0
15964,52,0
15965,52,0
15966,51,0
15967,52,0
15968,52,0
15969,51,0
15970,53,0
15971,52,0
15972,52,0
15973,53,0
15974,52,0
15975,52,0
15976,51,0
15977,52,0
15978,52,0
15979,53,0
15980,51,0
15981,50,0
15982,52,0
15983,53,0
15984,50,0
15985,52,0
15986,53,0
15987,52,0
15988,52,0
15989,53,0
15990,51,0
15991,50,0
15992,52,0
15993,51,0
15994,52,0
15995,54,0
15996,51,0
15997,52,0
15998,50,0
15999,51,0
16000,53,0
16001,51,0
16002,50,0
16003,54,0
16004,53,0
16005,52,0
16006,52,0
16007,51,0
16008,50,0
16009,50,0
16010,51,0
16011,52,0
16012,52,0
16013,53,0
16014,53,0
16015,54,0
16016,53,0
16017,53,0
16018,52,0
16019,52,0
16020,53,0
16021,52,0
16022,52,0
16023,51,0
16024,54,0
16025,52,0
16026,51,0
16027,50,0
16028,50,0
16029,55,0
16030,52,0
16031,52,0
16032,52,0
16033,53,0
16034,57,0
16035,50,0
16036,52,0
16037,51,0
16038,52,0
16039,52,0
16040,51,0
16041,52,0
16042,52,0
16043,53,0
16044,52,0
16045,52,0
16046,51,0
16047,51,0
16048,50,0
16049,52,0
16050,55,0
16051,52,0
16052,50,0
16053,51,0
16054,54,0
16055,52,0
16056,51,0
16057,53,0
16058,54,0
16059,51,0
16060,51,0
16061,51,0
16062,54,0
16063,52,0
16064,51,0
16065,52,0
16066,52,0
16067,51,0
16068,52,0
16069,52,0
16070,53,0
16071,51,0
16072,52,0
16073,52,0
16074,51,0
16075,52,0
16076,52,0
16077,53,0
16078,50,0
16079,52,0
16080,53,0
16081,52,0
16082,52,0
16083,53,0
16084,53,0
16085,52,0
16086,51,0
16087,53,0
16088,52,0
16089,52,0
16090,53,0
16091,53,0
16092,52,0
16093,52,0
16094,55,0
16095,52,0
16096,54,0
16097,51,0
16098,54,0
16099,52,0
16100,55,0
16101,52,0
16102,54,0
16103,51,0
16104,55,0
16105,54,0
16106,51,0
16107,53,0
16108,54,0
16109,52,0
16110,53,0
16111,52,0
16112,52,0
16113,51,0
16114,53,0
16115,52,0
16116,52,0
16117,53,0
16118,52,0
16119,52,0
16120,55,0
16121,55,0
16122,50,0
16123,54,0
16124,53,0
16125,52,0
16126,52,0
16127,51,0
16128,51,0
16129,52,0
16130,52,0
16131,53,0
16132,52,0
16133,54,0
16134,53,0
16135,51,0
16136,52,0
16137,51,0
16138,53,0
16139,50,0
16140,52,0
16141,53,0
16142,50,0
16143,52,0
16144,53,0
16145,52,0
16146,52,0
16147,51,0
16148,52,0
16149,52,0
16150,51,0
16151,52,0
16152,52,0
16153,53,0
16154,52,0
16155,52,0
16156,51,0
16157,52,0
16158,52,0
16159,52,0
16160,53,0
16161,55,0
16162,54,0
16163,53,0
16164,52,0
16165,50,0
16166,53,0
16167,52,0
16168,52,0
16169,53,0
16170,51,0
16171,50,0
16172,51,0
16173,53,0
16174,52,0
16175,52,0
16176,51,0
16177,50,0
16178,52,0
16179,51,0
16180,52,0
16181,52,0
16182,53,0
16183,52,0
16184,50,0
16185,53,0
16186,52,0
16187,52,0
16188,53,0
16189,53,0
16190,51,0
16191,52,0
16192,51,0
16193,55,0
16194,52,0
16195,52,0
16196,51,0
16197,52,0
16198,52,0
16199,55,0
16200,52,0
16201,52,0
16202,51,0
16203,52,0
16204,54,0
16205,51,0
16206,55,0
16207,52,0
16208,52,0
16209,51,0
16210,52,0
16211,52,0
16212,51,0
16213,54,0
16214,52,0
16215,51,0
16216,52,0
16217,52,0
16218,53,0
16219,53,0
16220,50,0
16221,50,0
16222,52,0
16223,49,0
16224,52,0
16225,52,0
16226,51,0
16227,52,0
16228,52,0
16229,51,0
16230,52,0
16231,52,0
16232,51,0
16233,50,0
16234,52,0
16235,51,0
16236,52,0
16237,50,0
16238,53,0
16239,52,0
16240,52,0
16241,51,0
16242,50,0
16243,50,0
16244,51,0
16245,52,0
16246,50,0
16247,51,0
16248,50,0
16249,52,0
16250,52,0
16251,55,0
16252,53,0
16253,52,0
16254,52,0
16255,51,0
16256,52,0
16257,52,0
16258,53,0
16259,52,0
16260,52,0
16261,53,0
16262,53,0
16263,52,0
16264,52,0
16265,53,0
16266,52,0
16267,52,0
16268,51,0
16269,52,0
16270,52,0
16271,51,0
16272,53,0
16273,52,0
16274,52,0
16275,51,0
16276,53,0
16277,52,0
16278,52,0
16279,51,0
16280,54,0
16281,50,0
16282,51,0
16283,52,0
16284,50,0
16285,51,0
16286,51,0
16287,52,0
16288,52,0
16289,53,0
16290,52,0
16291,50,0
16292,51,0
16293,52,0
16294,54,0
16295,53,0
16296,51,0
16297,51,0
16298,50,0
16299,49,0
16300,53,0
16301,50,0
16302,55,0
16303,51,0
16304,52,0
16305,53,0
16306,52,0
16307,50,0
16308,51,0
16309,50,0
16310,50,0
16311,51,0
16312,52,0
16313,50,0
16314,51,0
16315,50,0
16316,52,0
16317,51,0
16318,52,0
16319,50,0
16320,51,0
16321,50,0
16322,52,0
16323,49,0
16324,53,0
16325,52,0
16326,54,0
16327,53,0
16328,52,0
16329,50,0
16330,53,0
16331,52,0
16332,50,0
16333,53,0
16334,51,0
16335,52,0
16336,52,0
16337,51,0
16338,50,0
16339,52,0
16340,51,0
16341,52,0
16342,52,0
16343,53,0
16344,52,0
16345,50,0
16346,51,0
16347,52,0
16348,52,0
16349,53,0
16350,52,0
16351,52,0
16352,52,0
16353,51,0
16354,51,0
16355,52,0
16356,53,0
16357,53,0
16358,52,0
16359,52,0
16360,51,0
16361,52,0
16362,52,0
16363,51,0
16364,55,0
16365,52,0
16366,52,0
16367,51,0
16368,52,0
16369,52,0
16370,52,0
16371,49,0
16372,52,0
16373,50,0
16374,55,0
16375,50,0
16376,52,0
16377,53,0
16378,50,0
16379,52,0
16380,51,0
16381,52,0
16382,52,0
16383,51,0
16384,52,0
16385,52,0
16386,53,0
16387,52,0
16388,52,0
16389,53,0
16390,52,0
16391,50,0
16392,55,0
16393,49,0
16394,52,0
16395,51,0
16396,51,0
16397,55,0
16398,54,0
16399,52,0
16400,53,0
16401,52,0
16402,52,0
16403,55,0
16404,51,0
16405,52,0
16406,52,0
16407,51,0
16408,52,0
16409,52,0
16410,51,0
16411,52,0
16412,54,0
16413,51,0
16414,51,0
16415,54,0
16416,51,0
16417,51,0
16418,54,0
16419,52,0
16420,51,0
16421,54,0
16422,52,0
16423,52,0
16424,51,0
16425,50,0
16426,52,0
16427,53,0
16428,52,0
16429,52,0
16430,51,0
16431,53,0
16432,52,0
16433,52,0
16434,55,0
16435,54,0
16436,52,0
16437,51,0
16438,52,0
16439,54,0
16440,53,0
16441,49,0
16442,53,0
16443,50,0
16444,51,0
16445,55,0
16446,50,0
16447,50,0
16448,53,0
16449,50,0
16450,52,0
16451,51,0
16452,50,0
16453,50,0
16454,51,0
16455,50,0
16456,50,0
16457,51,0
16458,50,0
16459,52,0
16460,51,0
16461,50,0
16462,52,0
16463,51,0
16464,52,0
16465,50,0
16466,53,0
16467,52,0
16468,50,0
16469,50,0
16470,53,0
16471,50,0
16472,52,0
16473,51,0
16474,52,0
16475,52,0
16476,52,0
16477,50,0
16478,52,0
16479,52,0
16480,53,0
16481,50,0
16482,52,0
16483,51,0
16484,50,0
16485,52,0
16486,53,0
16487,52,0
16488,50,0
16489,53,0
16490,53,0
16491,52,0
16492,50,0
16493,53,0
16494,50,0
16495,52,0
16496,51,0
16497,50,0
16498,52,0
16499,53,0
16500,51,0
16501,54,0
16502,52,0
16503,49,0
16504,52,0
16505,52,0
16506,52,0
16507,51,0
16508,53,0
16509,52,0
16510,52,0
16511,49,0
16512,52,0
16513,52,0
16514,51,0
16515,52,0
16516,52,0
16517,49,0
16518,53,0
16519,54,0
16520,52,0
16521,49,0
16522,54,0
16523,50,0
16524,51,0
16525,55,0
16526,52,0
16527,51,0
16528,51,0
16529,52,0
16530,52,0
16531,51,0
16532,52,0
16533,60,0
16534,59,0
16535,58,0
16536,60,0
16537,59,0
16538,60,0
16539,58,0
16540,59,0
16541,59,0
16542,58,0
16543,58,0
16544,59,0
16545,59,0
16546,58,0
16547,58,0
16548,59,0
16549,58,0
16550,58,0
16551,59,0
16552,59,0
16553,58,0
16554,58,0
16555,59,0
16556,59,0
16557,58,0
16558,58,0
16559,59,0
16560,59,0
16561,58,0
16562,58,0
16563,59,0
16564,59,0
16565,58,0
16566,58,0
16567,59,0
16568,59,0
16569,58,0
16570,58,0
16571,59,0
16572,59,0
16573,56,0
16574,57,0
16575,58,0
16576,58,0
16577,59,0
16578,57,0
16579,58,0
16580,56,0
16581,57,0
16582,57,0
16583,58,0
16584,58,0
16585,59,0
16586,56,0
16587,58,0
16588,57,0
16589,59,0
16590,58,0
16591,58,0
16592,59,0
16593,59,0
16594,56,0
16595,58,0
16596,59,0
16597,59,0
16598,58,0
16599,56,0
16600,57,0
16601,59,0
16602,58,0
16603,58,0
16604,57,0
16605,58,0
16606,59,0
16607,57,0
16608,58,0
16609,60,0
16610,57,0
16611,59,0
16612,58,0
16613,58,0
16614,59,0
16615,57,0
16616,56,0
16617,58,0
16618,56,0
16619,59,0
16620,58,0
16621,56,0
16622,60,0
16623,59,0
16624,58,0
16625,56,0
16626,57,0
16627,57,0
16628,56,0
16629,58,0
16630,60,0
16631,55,0
16632,59,0
16633,58,0
16634,56,0
16635,57,0
16636,59,0
16637,60,0
16638,61,0
16639,59,0
16640,58,0
16641,58,0
16642,59,0
16643,59,0
16644,57,0
16645,60,0
16646,58,0
16647,63,0
16648,59,0
16649,56,0
16650,57,0
16651,59,0
16652,56,0
16653,59,0
16654,57,0
16655,58,0
16656,58,0
16657,59,0
16658,58,0
16659,56,0
16660,59,0
16661,59,0
16662,56,0
16663,58,0
16664,59,0
16665,58,0
16666,59,0
16667,58,0
16668,58,0
16669,56,0
16670,61,0
16671,56,0
16672,58,0
16673,57,0
16674,57,0
16675,58,0
16676,58,0
16677,59,0
16678,57,0
16679,58,0
16680,58,0
16681,59,0
16682,59,0
16683,58,0
16684,58,0
16685,57,0
16686,58,0
16687,54,0
16688,57,0
16689,53,0
16690,57,0
16691,55,0
16692,57,0
16693,53,0
16694,55,0
16695,53,0
16696,55,0
16697,54,0
16698,56,0
16699,54,0
16700,54,0
16701,56,0
16702,54,0
16703,53,0
16704,53,0
16705,53,0
16706,53,0
16707,57,0
16708,54,0
16709,54,0
16710,54,0
16711,54,0
16712,56,0
16713,54,0
16714,57,0
16715,53,0
16716,55,0
16717,55,0
16718,55,0
16719,54,0
16720,54,0
16721,54,0
16722,54,0
16723,52,0
16724,54,0
16725,56,0
16726,54,0
16727,54,0
16728,55,0
16729,51,0
16730,53,0
16731,53,0
16732,53,0
16733,55,0
16734,55,0
16735,54,0
16736,54,0
16737,53,0
16738,51,0
16739,52,0
16740,52,0
16741,51,0
16742,53,0
16743,52,0
16744,52,0
16745,51,0
16746,55,0
16747,52,0
16748,50,0
16749,53,0
16750,51,0
16751,52,0
16752,52,0
16753,51,0
16754,52,0
16755,52,0
16756,52,0
16757,53,0
16758,50,0
16759,52,0
16760,52,0
16761,52,0
16762,51,0
16763,52,0
16764,50,0
16765,49,0
16766,51,0
16767,52,0
16768,50,0
16769,53,0
16770,50,0
16771,50,0
16772,53,0
16773,50,0
16774,50,0
16775,49,0
16776,52,0
16777,52,0
16778,52,0
16779,51,0
16780,52,0
16781,50,0
16782,49,0
16783,50,0
16784,52,0
16785,51,0
16786,51,0
16787,52,0
16788,50,0
16789,51,0
16790,50,0
16791,50,0
16792,52,0
16793,51,0
16794,52,0
16795,52,0
16796,53,0
16797,52,0
16798,54,0
16799,51,0
16800,51,0
16801,50,0
16802,53,0
16803,49,0
16804,50,0
16805,52,0
16806,51,0
16807,50,0
16808,50,0
16809,55,0
16810,53,0
16811,52,0
16812,50,0
16813,51,0
16814,52,0
16815,52,0
16816,50,0
16817,53,0
16818,55,0
16819,52,0
16820,52,0
16821,51,0
16822,52,0
16823,52,0
16824,53,0
16825,55,0
16826,54,0
16827,52,0
16828,53,0
16829,53,0
16830,54,0
16831,52,0
16832,55,0
16833,51,0
16834,52,0
16835,52,0
16836,53,0
16837,52,0
16838,52,0
16839,51,0
16840,53,0
16841,52,0
16842,52,0
16843,52,0
16844,51,0
16845,52,0
16846,50,0
16847,55,0
16848,51,0
16849,54,0
16850,52,0
16851,51,0
16852,50,0
16853,52,0
16854,53,0
16855,53,0
16856,50,0
16857,52,0
16858,53,0
16859,52,0
16860,50,0
16861,51,0
16862,51,0
16863,52,0
16864,50,0
16865,53,0
16866,52,0
16867,52,0
16868,53,0
16869,49,0
16870,52,0
16871,52,0
16872,52,0
16873,53,0
16874,55,0
16875,54,0
16876,52,0
16877,51,0
16878,55,0
16879,54,0
16880,52,0
16881,53,0
16882,52,0
16883,52,0
16884,53,0
16885,51,0
16886,52,0
16887,52,0
16888,51,0
16889,51,0
16890,54,0
16891,52,0
16892,55,0
16893,53,0
16894,52,0
16895,52,0
16896,53,0
16897,52,0
16898,50,0
16899,54,0
16900,50,0
16901,53,0
16902,52,0
16903,52,0
16904,51,0
16905,53,0
16906,52,0
16907,52,0
16908,51,0
16909,50,0
16910,54,0
16911,51,0
16912,51,0
16913,50,0
16914,52,0
16915,51,0
16916,50,0
16917,52,0
16918,53,0
16919,52,0
16920,50,0
16921,51,0
16922,49,0
16923,50,0
16924,50,0
16925,51,0
16926,52,0
16927,54,0
16928,52,0
16929,51,0
16930,51,0
16931,54,0
16932,52,0
16933,53,0
16934,53,0
16935,52,0
16936,52,0
16937,53,0
16938,52,0
16939,52,0
16940,53,0
16941,51,0
16942,52,0
16943,50,0
16944,53,0
16945,52,0
16946,52,0
16947,52,0
16948,53,0
16949,52,0
16950,52,0
16951,53,0
16952,52,0
16953,52,0
16954,52,0
16955,52,0
16956,53,0
16957,50,0
16958,50,0
16959,53,0
16960,52,0
16961,50,0
16962,51,0
16963,51,0
16964,50,0
16965,50,0
16966,51,0
16967,52,0
16968,50,0
16969,53,0
16970,51,0
16971,50,0
16972,50,0
16973,51,0
16974,52,0
16975,50,0
16976,55,0
16977,50,0
16978,52,0
16979,53,0
16980,55,0
16981,50,0
16982,50,0
16983,52,0
16984,55,0
16985,52,0
16986,50,0
16987,51,0
16988,51,0
16989,50,0
16990,52,0
16991,51,0
16992,52,0
16993,52,0
16994,49,0
16995,55,0
16996,52,0
16997,50,0
16998,51,0
16999,52,0
17000,50,0
17001,51,0
17002,51,0
17003,50,0
17004,52,0
17005,51,0
17006,50,0
17007,52,0
17008,51,0
17009,51,0
17010,52,0
17011,52,0
17012,52,0
17013,51,0
17014,52,0
17015,50,0
17016,52,0
17017,53,0
17018,52,0
17019,52,0
17020,51,0
17021,51,0
17022,52,0
17023,52,0
17024,53,0
17025,53,0
17026,52,0
17027,52,0
17028,51,0
17029,51,0
17030,52,0
17031,50,0
17032,53,0
17033,55,0
17034,52,0
17035,52,0
17036,51,0
17037,52,0
17038,52,0
17039,52,0
17040,50,0
17041,51,0
17042,53,0
17043,52,0
17044,52,0
17045,53,0
17046,52,0
17047,50,0
17048,53,0
17049,53,0
17050,52,0
17051,52,0
17052,51,0
17053,52,0
17054,50,0
17055,52,0
17056,51,0
17057,50,0
17058,50,0
17059,49,0
17060,52,0
17061,50,0
17062,50,0
17063,53,0
17064,54,0
17065,52,0
17066,51,0
17067,53,0
17068,52,0
17069,52,0
17070,51,0
17071,53,0
17072,52,0
17073,50,0
17074,53,0
17075,52,0
17076,50,0
17077,53,0
17078,51,0
17079,50,0
17080,52,0
17081,53,0
17082,53,0
17083,52,0
17084,52,0
17085,51,0
17086,54,0
17087,52,0
17088,51,0
17089,52,0
17090,52,0
17091,55,0
17092,53,0
17093,52,0
17094,50,0
17095,52,0
17096,51,0
17097,52,0
17098,50,0
17099,52,0
17100,51,0
17101,52,0
17102,52,0
17103,51,0
17104,53,0
17105,50,0
17106,52,0
17107,51,0
17108,52,0
17109,50,0
17110,52,0
17111,51,0
17112,52,0
17113,52,0
17114,51,0
17115,53,0
17116,52,0
17117,52,0
17118,53,0
17119,52,0
17120,50,0
17121,52,0
17122,53,0
17123,51,0
17124,52,0
17125,50,0
17126,51,0
17127,52,0
17128,50,0
17129,53,0
17130,52,0
17131,50,0
17132,51,0
17133,53,0
17134,50,0
17135,50,0
17136,51,0
17137,50,0
17138,50,0
17139,53,0
17140,52,0
17141,50,0
17142,51,0
17143,53,0
17144,50,0
17145,50,0
17146,51,0
17147,52,0
17148,52,0
17149,53,0
17150,53,0
17151,54,0
17152,52,0
17153,53,0
17154,51,0
17155,52,0
17156,50,0
17157,49,0
17158,50,0
17159,50,0
17160,53,0
17161,51,0
17162,52,0
17163,50,0
17164,55,0
17165,49,0
17166,50,0
17167,52,0
17168,49,0
17169,50,0
17170,52,0
17171,51,0
17172,51,0
17173,50,0
17174,50,0
17175,53,0
17176,50,0
17177,50,0
17178,51,0
17179,51,0
17180,52,0
17181,52,0
17182,51,0
17183,51,0
17184,52,0
17185,52,0
17186,55,0
17187,50,0
17188,50,0
17189,50,0
17190,51,0
17191,52,0
17192,50,0
17193,51,0
17194,51,0
17195,50,0
17196,50,0
17197,53,0
17198,52,0
17199,50,0
17200,51,0
17201,53,0
17202,52,0
17203,50,0
17204,52,0
17205,53,0
17206,52,0
17207,52,0
17208,50,0
17209,51,0
17210,51,0
17211,50,0
17212,52,0
17213,51,0
17214,50,0
17215,52,0
17216,49,0
17217,49,0
17218,54,0
17219,52,0
17220,51,0
17221,52,0
17222,52,0
17223,53,0
17224,51,0
17225,54,0
17226,52,0
17227,51,0
17228,52,0
17229,50,0
17230,51,0
17231,49,0
17232,50,0
17233,52,0
17234,49,0
17235,53,0
17236,54,0
17237,50,0
17238,53,0
17239,50,0
17240,52,0
17241,53,0
17242,53,0
17243,54,0
17244,52,0
17245,51,0
17246,52,0
17247,50,0
17248,50,0
17249,53,0
17250,50,0
17251,52,0
17252,50,0
17253,53,0
17254,50,0
17255,52,0
17256,50,0
17257,53,0
17258,52,0
17259,50,0
17260,52,0
17261,49,0
17262,50,0
17263,50,0
17264,52,0
17265,53,0
17266,51,0
17267,54,0
17268,52,0
17269,51,0
17270,52,0
17271,54,0
17272,53,0
17273,53,0
17274,52,0
17275,50,0
17276,53,0
17277,53,0
17278,52,0
17279,52,0
17280,51,0
17281,52,0
17282,50,0
17283,51,0
17284,55,0
17285,52,0
17286,52,0
17287,53,0
17288,52,0
17289,54,0
17290,52,0
17291,53,0
17292,51,0
17293,52,0
17294,52,0
17295,53,0
17296,52,0
17297,52,0
17298,53,0
17299,53,0
17300,52,0
17301,52,0
17302,51,0
17303,52,0
17304,52,0
17305,51,0
17306,50,0
17307,50,0
17308,53,0
17309,51,0
17310,50,0
17311,52,0
17312,51,0
17313,52,0
17314,50,0
17315,51,0
17316,55,0
17317,50,0
17318,52,0
17319,55,0
17320,51,0
17321,52,0
17322,50,0
17323,51,0
17324,50,0
17325,52,0
17326,49,0
17327,51,0
17328,50,0
17329,50,0
17330,53,0
17331,50,0
17332,50,0
17333,55,0
17334,51,0
17335,52,0
17336,52,0
17337,53,0
17338,52,0
17339,50,0
17340,51,0
17341,51,0
17342,54,0
17343,50,0
17344,53,0
17345,50,0
17346,52,0
17347,52,0
17348,52,0
17349,53,0
17350,52,0
17351,52,0
17352,51,0
17353,55,0
17354,50,0
17355,52,0
17356,53,0
17357,50,0
17358,50,0
17359,53,0
17360,49,0
17361,52,0
17362,52,0
17363,53,0
17364,51,0
17365,50,0
17366,50,0
17367,55,0
17368,51,0
17369,52,0
17370,50,0
17371,51,0
17372,53,0
17373,50,0
17374,52,0
17375,51,0
17376,52,0
17377,52,0
17378,51,0
17379,51,0
17380,52,0
17381,52,0
17382,55,0
17383,52,0
17384,52,0
17385,53,0
17386,51,0
17387,52,0
17388,50,0
17389,51,0
17390,50,0
17391,50,0
17392,56,0
17393,50,0
17394,52,0
17395,54,0
17396,51,0
17397,51,0
17398,50,0
17399,52,0
17400,51,0
17401,52,0
17402,50,0
17403,51,0
17404,51,0
17405,52,0
17406,52,0
17407,53,0
17408,50,0
17409,52,0
17410,55,0
17411,51,0
17412,50,0
17413,52,0
17414,53,0
17415,52,0
17416,52,0
17417,51,0
17418,52,0
17419,52,0
17420,52,0
17421,51,0
17422,53,0
17423,54,0
17424,53,0
17425,53,0
17426,52,0
17427,52,0
17428,51,0
17429,54,0
17430,52,0
17431,53,0
17432,50,0
17433,52,0
17434,55,0
17435,52,0
17436,52,0
17437,53,0
17438,52,0
17439,52,0
17440,51,0
17441,52,0
17442,54,0
17443,51,0
17444,52,0
17445,52,0
17446,53,0
17447,51,0
17448,52,0
17449,52,0
17450,52,0
17451,53,0
17452,52,0
17453,52,0
17454,53,0
17455,52,0
17456,52,0
17457,51,0
17458,52,0
17459,52,0
17460,53,0
17461,55,0
17462,52,0
17463,52,0
17464,53,0
17465,52,0
17466,52,0
17467,55,0
17468,52,0
17469,52,0
17470,53,0
17471,52,0
17472,52,0
17473,51,0
17474,53,0
17475,52,0
17476,51,0
17477,53,0
17478,52,0
17479,52,0
17480,53,0
17481,51,0
17482,52,0
17483,52,0
17484,51,0
17485,52,0
17486,52,0
17487,53,0
17488,53,0
17489,54,0
17490,53,0
17491,53,0
17492,52,0
17493,52,0
17494,53,0
17495,54,0
17496,52,0
17497,55,0
17498,52,0
17499,50,0
17500,51,0
17501,55,0
17502,50,0
17503,51,0
17504,53,0
17505,52,0
17506,52,0
17507,53,0
17508,54,0
17509,52,0
17510,51,0
17511,53,0
17512,51,0
17513,50,0
17514,53,0
17515,55,0
17516,52,0
17517,52,0
17518,53,0
17519,50,0
17520,52,0
17521,53,0
17522,51,0
17523,54,0
17524,52,0
17525,51,0
17526,54,0
17527,54,0
17528,53,0
17529,52,0
17530,52,0
17531,51,0
17532,53,0
17533,52,0
17534,52,0
17535,51,0
17536,52,0
17537,52,0
17538,51,0
17539,52,0
17540,52,0
17541,52,0
17542,51,0
17543,52,0
17544,52,0
17545,51,0
17546,51,0
17547,50,0
17548,52,0
17549,51,0
17550,50,0
17551,54,0
17552,53,0
17553,52,0
17554,52,0
17555,55,0
17556,55,0
17557,54,0
17558,55,0
17559,51,0
17560,52,0
17561,52,0
17562,51,0
17563,52,0
17564,52,0
17565,51,0
17566,52,0
17567,52,0
17568,53,0
17569,52,0
17570,52,0
17571,52,0
17572,53,0
17573,52,0
17574,52,0
17575,55,0
17576,52,0
17577,50,0
17578,53,0
17579,53,0
17580,50,0
17581,55,0
17582,53,0
17583,52,0
17584,52,0
17585,53,0
17586,52,0
17587,52,0
17588,51,0
17589,52,0
17590,52,0
17591,53,0
17592,52,0
17593,52,0
17594,51,0
17595,52,0
17596,52,0
17597,53,0
17598,52,0
17599,52,0
17600,52,0
17601,51,0
17602,52,0
17603,52,0
17604,53,0
17605,52,0
17606,52,0
17607,51,0
17608,52,0
17609,52,0
17610,51,0
17611,53,0
17612,52,0
17613,52,0
17614,53,0
17615,50,0
17616,52,0
17617,53,0
17618,50,0
17619,52,0
17620,53,0
17621,52,0
17622,50,0
17623,51,0
17624,51,0
17625,52,0
17626,53,0
17627,51,0
17628,52,0
17629,52,0
17630,51,0
17631,51,0
17632,50,0
17633,52,0
17634,53,0
17635,52,0
17636,52,0
17637,51,0
17638,52,0
17639,50,0
17640,53,0
17641,51,0
17642,52,0
17643,53,0
17644,51,0
17645,52,0
17646,52,0
17647,53,0
17648,52,0
17649,54,0
17650,51,0
17651,52,0
17652,50,0
17653,55,0
17654,52,0
17655,52,0
17656,51,0
17657,53,0
17658,50,0
17659,52,0
17660,51,0
17661,51,0
17662,54,0
17663,52,0
17664,53,0
17665,50,0
17666,52,0
17667,51,0
17668,53,0
17669,52,0
17670,51,0
17671,53,0
17672,50,0
17673,52,0
17674,53,0
17675,54,0
17676,52,0
17677,53,0
17678,55,0
17679,52,0
17680,51,0
17681,51,0
17682,52,0
17683,52,0
17684,55,0
17685,52,0
17686,54,0
17687,51,0
17688,52,0
17689,52,0
17690,53,0
17691,53,0
17692,53,0
17693,50,0
17694,52,0
17695,51,0
17696,52,0
17697,52,0
17698,51,0
17699,52,0
17700,52,0
17701,51,0
17702,51,0
17703,52,0
17704,52,0
17705,55,0
17706,54,0
17707,50,0
17708,53,0
17709,55,0
17710,54,0
17711,52,0
17712,53,0
17713,54,0
17714,52,0
17715,51,0
17716,50,0
17717,52,0
17718,51,0
17719,54,0
17720,50,0
17721,52,0
17722,53,0
17723,52,0
17724,52,0
17725,55,0
17726,52,0
17727,52,0
17728,53,0
17729,52,0
17730,52,0
17731,51,0
17732,51,0
17733,54,0
17734,53,0
17735,55,0
17736,52,0
17737,51,0
17738,55,0
17739,52,0
17740,52,0
17741,55,0
17742,50,0
17743,52,0
17744,51,0
17745,52,0
17746,52,0
17747,53,0
17748,51,0
17749,52,0
17750,54,0
17751,53,0
17752,52,0
17753,54,0
17754,53,0
17755,52,0
17756,52,0
17757,51,0
17758,52,0
17759,50,0
17760,53,0
17761,51,0
17762,52,0
17763,51,0
17764,53,0
17765,52,0
17766,52,0
17767,51,0
17768,52,0
17769,53,0
17770,53,0
17771,50,0
17772,52,0
17773,53,0
17774,50,0
17775,52,0
17776,53,0
17777,51,0
17778,52,0
17779,52,0
17780,51,0
17781,52,0
17782,52,0
17783,51,0
17784,52,0
17785,52,0
17786,55,0
17787,52,0
17788,52,0
17789,51,0
17790,53,0
17791,50,0
17792,53,0
17793,53,0
17794,52,0
17795,52,0
17796,55,0
17797,52,0
17798,52,0
17799,51,0
17800,50,0
17801,50,0
17802,53,0
17803,52,0
17804,52,0
17805,55,0
17806,51,0
17807,53,0
17808,54,0
17809,51,0
17810,51,0
17811,52,0
17812,52,0
17813,55,0
17814,54,0
17815,52,0
17816,51,0
17817,51,0
17818,52,0
17819,51,0
17820,51,0
17821,50,0
17822,52,0
17823,51,0
17824,52,0
17825,52,0
17826,53,0
17827,52,0
17828,50,0
17829,51,0
17830,51,0
17831,52,0
17832,50,0
17833,53,0
17834,52,0
17835,52,0
17836,53,0
17837,53,0
17838,52,0
17839,52,0
17840,53,0
17841,55,0
17842,52,0
17843,52,0
17844,53,0
17845,54,0
17846,52,0
17847,55,0
17848,51,0
17849,52,0
17850,51,0
17851,51,0
17852,52,0
17853,52,0
17854,51,0
17855,54,0
17856,52,0
17857,53,0
17858,52,0
17859,52,0
17860,55,0
17861,55,0
17862,54,0
17863,52,0
17864,53,0
17865,52,0
17866,54,0
17867,52,0
17868,53,0
17869,52,0
17870,52,0
17871,51,0
17872,52,0
17873,52,0
17874,51,0
17875,51,0
17876,52,0
17877,52,0
17878,53,0
17879,52,0
17880,52,0
17881,51,0
17882,52,0
17883,52,0
17884,53,0
17885,52,0
17886,52,0
17887,51,0
17888,51,0
17889,52,0
17890,52,0
17891,51,0
17892,52,0
17893,52,0
17894,51,0
17895,50,0
17896,52,0
17897,50,0
17898,51,0
17899,51,0
17900,52,0
17901,52,0
17902,51,0
17903,52,0
17904,52,0
17905,53,0
17906,52,0
17907,54,0
17908,53,0
17909,52,0
17910,52,0
17911,51,0
17912,52,0
17913,52,0
17914,51,0
17915,52,0
17916,52,0
17917,51,0
17918,51,0
17919,52,0
17920,53,0
17921,51,0
17922,50,0
17923,51,0
17924,52,0
17925,52,0
17926,52,0
17927,51,0
17928,52,0
17929,52,0
17930,51,0
17931,52,0
17932,52,0
17933,51,0
17934,50,0
17935,50,0
17936,53,0
17937,51,0
17938,50,0
17939,51,0
17940,51,0
17941,52,0
17942,52,0
17943,55,0
17944,50,0
17945,52,0
17946,51,0
17947,54,0
17948,50,0
17949,53,0
17950,52,0
17951,52,0
17952,51,0
17953,52,0
17954,52,0
17955,52,0
17956,51,0
17957,52,0
17958,52,0
17959,51,0
17960,55,0
17961,52,0
17962,52,0
17963,51,0
17964,52,0
17965,50,0
17966,53,0
17967,52,0
17968,50,0
17969,55,0
17970,51,0
17971,54,0
17972,53,0
17973,55,0
17974,52,0
17975,52,0
17976,53,0
17977,52,0
17978,54,0
17979,53,0
17980,54,0
17981,52,0
17982,51,0
17983,52,0
17984,54,0
17985,52,0
17986,51,0
17987,53,0
17988,54,0
17989,52,0
17990,51,0
17991,54,0
17992,52,0
17993,53,0
17994,52,0
17995,52,0
17996,53,0
17997,52,0
17998,52,0
17999,53,0
18000,51,0
18001,54,0
18002,52,0
18003,51,0
18004,52,0
18005,54,0
18006,51,0
18007,55,0
18008,52,0
18009,52,0
18010,51,0
18011,52,0
18012,52,0
18013,51,0
18014,52,0
18015,52,0
18016,52,0
18017,51,0
18018,51,0
18019,52,0
18020,52,0
18021,53,0
18022,50,0
18023,54,0
18024,53,0
18025,52,0
18026,54,0
18027,53,0
18028,53,0
18029,52,0
18030,53,0
18031,51,0
18032,50,0
18033,52,0
18034,53,0
18035,52,0
18036,50,0
18037,53,0
18038,54,0
18039,52,0
18040,53,0
18041,51,0
18042,50,0
18043,53,0
18044,53,0
18045,52,0
18046,50,0
18047,52,0
18048,55,0
18049,54,0
18050,52,0
18051,53,0
18052,52,0
18053,52,0
18054,55,0
18055,55,0
18056,50,0
18057,53,0
18058,53,0
18059,54,0
18060,52,0
18061,53,0
18062,52,0
18063,52,0
18064,51,0
18065,52,0
18066,52,0
18067,51,0
18068,52,0
18069,50,0
18070,55,0
18071,53,0
18072,50,0
18073,51,0
18074,55,0
18075,52,0
18076,52,0
18077,52,0
18078,53,0
18079,52,0
18080,52,0
18081,51,0
18082,52,0
18083,52,0
18084,51,0
18085,50,0
18086,52,0
18087,53,0
18088,52,0
18089,52,0
18090,51,0
18091,52,0
18092,50,0
18093,53,0
18094,52,0
18095,52,0
18096,55,0
18097,52,0
18098,52,0
18099,51,0
18100,52,0
18101,50,0
18102,53,0
18103,52,0
18104,52,0
18105,50,0
18106,51,0
18107,51,0
18108,52,0
18109,53,0
18110,51,0
18111,50,0
18112,51,0
18113,51,0
18114,52,0
18115,53,0
18116,50,0
18117,50,0
18118,51,0
18119,53,0
18120,52,0
18121,53,0
18122,51,0
18123,52,0
18124,52,0
18125,51,0
18126,50,0
18127,50,0
18128,51,0
18129,52,0
18130,50,0
18131,53,0
18132,52,0
18133,50,0
18134,52,0
18135,51,0
18136,52,0
18137,55,0
18138,55,0
18139,51,0
18140,49,0
18141,52,0
18142,50,0
18143,52,0
18144,50,0
18145,51,0
18146,52,0
18147,51,0
18148,54,0
18149,50,0
18150,53,0
18151,51,0
18152,54,0
18153,52,0
18154,53,0
18155,50,0
18156,50,0
18157,51,0
18158,53,0
18159,52,0
18160,52,0
18161,51,0
18162,54,0
18163,52,0
18164,55,0
18165,52,0
18166,52,0
18167,53,0
18168,53,0
18169,52,0
18170,52,0
18171,53,0
18172,52,0
18173,52,0
18174,51,0
18175,53,0
18176,53,0
18177,52,0
18178,52,0
18179,53,0
18180,52,0
18181,52,0
18182,55,0
18183,52,0
18184,52,0
18185,53,0
18186,51,0
18187,52,0
18188,52,0
18189,53,0
18190,50,0
18191,54,0
18192,53,0
18193,52,0
18194,54,0
18195,53,0
18196,55,0
18197,52,0
18198,53,0
18199,53,0
18200,52,0
18201,51,0
18202,51,0
18203,54,0
18204,50,0
18205,52,0
18206,51,0
18207,52,0
18208,50,0
18209,53,0
18210,52,0
18211,52,0
18212,51,0
18213,55,0
18214,52,0
18215,53,0
18216,51,0
18217,52,0
18218,51,0
18219,53,0
18220,52,0
18221,52,0
18222,51,0
18223,50,0
18224,52,0
18225,51,0
18226,52,0
18227,52,0
18228,51,0
18229,52,0
18230,52,0
18231,53,0
18232,53,0
18233,51,0
18234,50,0
18235,51,0
18236,55,0
18237,50,0
18238,52,0
18239,55,0
18240,52,0
18241,52,0
18242,53,0
18243,52,0
18244,50,0
18245,51,0
18246,55,0
18247,52,0
18248,52,0
18249,53,0
18250,50,0
18251,52,0
18252,53,0
18253,52,0
18254,50,0
18255,51,0
18256,52,0
18257,52,0
18258,53,0
18259,55,0
18260,52,0
18261,52,0
18262,52,0
18263,51,0
18264,50,0
18265,52,0
18266,51,0
18267,52,0
18268,52,0
18269,51,0
18270,51,0
18271,52,0
18272,53,0
18273,55,0
18274,50,0
18275,52,0
18276,55,0
18277,50,0
18278,52,0
18279,51,0
18280,52,0
18281,52,0
18282,55,0
18283,52,0
18284,52,0
18285,52,0
18286,51,0
18287,52,0
18288,52,0
18289,52,0
18290,53,0
18291,52,0
18292,52,0
18293,51,0
18294,51,0
18295,54,0
18296,52,0
18297,53,0
18298,52,0
18299,52,0
18300,55,0
18301,52,0
18302,52,0
18303,53,0
18304,53,0
18305,52,0
18306,52,0
18307,51,0
18308,52,0
18309,52,0
18310,53,0
18311,52,0
18312,52,0
18313,52,0
18314,55,0
18315,54,0
18316,52,0
18317,52,0
18318,52,0
18319,53,0
18320,54,0
18321,54,0
18322,51,0
18323,52,0
18324,50,0
18325,51,0
18326,51,0
18327,52,0
18328,52,0
18329,51,0
18330,54,0
18331,52,0
18332,53,0
18333,52,0
18334,52,0
18335,51,0
18336,52,0
18337,52,0
18338,53,0
18339,53,0
18340,52,0
18341,52,0
18342,53,0
18343,52,0
18344,50,0
18345,52,0
18346,51,0
18347,50,0
18348,52,0
18349,53,0
18350,51,0
18351,50,0
18352,52,0
18353,53,0
18354,52,0
18355,50,0
18356,55,0
18357,52,0
18358,52,0
18359,53,0
18360,52,0
18361,52,0
18362,53,0
18363,52,0
18364,50,0
18365,51,0
18366,51,0
18367,52,0
18368,51,0
18369,53,0
18370,54,0
18371,52,0
18372,52,0
18373,51,0
18374,52,0
18375,52,0
18376,53,0
18377,52,0
18378,52,0
18379,53,0
18380,55,0
18381,52,0
18382,51,0
18383,51,0
18384,50,0
18385,52,0
18386,51,0
18387,50,0
18388,52,0
18389,55,0
18390,52,0
18391,52,0
18392,51,0
18393,52,0
18394,52,0
18395,55,0
18396,54,0
18397,52,0
18398,53,0
18399,52,0
18400,52,0
18401,50,0
18402,49,0
18403,53,0
18404,52,0
18405,51,0
18406,51,0
18407,50,0
18408,52,0
18409,51,0
18410,52,0
18411,50,0
18412,55,0
18413,50,0
18414,52,0
18415,49,0
18416,52,0
18417,50,0
18418,53,0
18419,51,0
18420,52,0
18421,49,0
18422,51,0
18423,52,0
18424,52,0
18425,53,0
18426,52,0
18427,52,0
18428,51,0
18429,51,0
18430,50,0
18431,52,0
18432,53,0
18433,52,0
18434,52,0
18435,51,0
18436,53,0
18437,52,0
18438,51,0
18439,53,0
18440,50,0
18441,52,0
18442,51,0
18443,50,0
18444,54,0
18445,53,0
18446,52,0
18447,52,0
18448,51,0
18449,53,0
18450,50,0
18451,51,0
18452,53,0
18453,52,0
18454,52,0
18455,51,0
18456,51,0
18457,52,0
18458,54,0
18459,51,0
18460,51,0
18461,50,0
18462,52,0
18463,51,0
18464,54,0
18465,50,0
18466,51,0
18467,53,0
18468,50,0
18469,52,0
18470,55,0
18471,52,0
18472,50,0
18473,51,0
18474,52,0
18475,52,0
18476,51,0
18477,53,0
18478,50,0
18479,53,0
18480,53,0
18481,52,0
18482,53,0
18483,49,0
18484,50,0
18485,54,0
18486,54,0
18487,53,0
18488,55,0
18489,54,0
18490,54,0
18491,51,0
18492,52,0
18493,54,0
18494,51,0
18495,52,0
18496,54,0
18497,51,0
18498,51,0
18499,52,0
18500,52,0
18501,53,0
18502,54,0
18503,50,0
18504,55,0
18505,54,0
18506,54,0
18507,51,0
18508,52,0
18509,52,0
18510,53,0
18511,53,0
18512,50,0
18513,52,0
18514,51,0
18515,51,0
18516,50,0
18517,52,0
18518,55,0
18519,52,0
18520,50,0
18521,55,0
18522,50,0
18523,52,0
18524,55,0
18525,52,0
18526,52,0
18527,51,0
18528,50,0
18529,52,0
18530,53,0
18531,52,0
18532,50,0
18533,53,0
18534,52,0
18535,52,0
18536,53,0
18537,53,0
18538,54,0
18539,53,0
18540,51,0
18541,53,0
18542,50,0
18543,52,0
18544,51,0
18545,52,0
18546,54,0
18547,53,0
18548,50,0
18549,52,0
18550,51,0
18551,50,0
18552,52,0
18553,51,0
18554,50,0
18555,50,0
18556,51,0
18557,50,0
18558,52,0
18559,55,0
18560,50,0
18561,50,0
18562,51,0
18563,52,0
18564,50,0
18565,55,0
18566,54,0
18567,52,0
18568,52,0
18569,55,0
18570,52,0
18571,54,0
18572,51,0
18573,52,0
18574,52,0
18575,51,0
18576,51,0
18577,52,0
18578,51,0
18579,53,0
18580,52,0
18581,52,0
18582,53,0
18583,50,0
18584,52,0
18585,51,0
18586,52,0
18587,50,0
18588,53,0
18589,50,0
18590,52,0
18591,53,0
18592,52,0
18593,54,0
18594,51,0
18595,51,0
18596,55,0
18597,54,0
18598,53,0
18599,51,0
18600,50,0
18601,53,0
18602,51,0
18603,52,0
18604,52,0
18605,51,0
18606,52,0
18607,50,0
18608,55,0
18609,52,0
18610,52,0
18611,53,0
18612,52,0
18613,52,0
18614,51,0
18615,51,0
18616,52,0
18617,52,0
18618,51,0
18619,52,0
18620,50,0
18621,53,0
18622,55,0
18623,50,0
18624,52,0
18625,51,0
18626,52,0
18627,50,0
18628,51,0
18629,52,0
18630,52,0
18631,51,0
18632,53,0
18633,52,0
18634,53,0
18635,51,0
18636,52,0
18637,52,0
18638,53,0
18639,54,0
18640,52,0
18641,51,0
18642,50,0
18643,52,0
18644,51,0
18645,55,0
18646,52,0
18647,52,0
18648,53,0
18649,51,0
18650,50,0
18651,54,0
18652,53,0
18653,52,0
18654,50,0
18655,53,0
18656,53,0
18657,52,0
18658,52,0
18659,53,0
18660,52,0
18661,52,0
18662,49,0
18663,52,0
18664,50,0
18665,53,0
18666,50,0
18667,52,0
18668,51,0
18669,52,0
18670,52,0
18671,51,0
18672,52,0
18673,50,0
18674,49,0
18675,53,0
18676,51,0
18677,54,0
18678,52,0
18679,55,0
18680,52,0
18681,54,0
18682,53,0
18683,52,0
18684,52,0
18685,53,0
18686,52,0
18687,54,0
18688,53,0
18689,55,0
18690,52,0
18691,52,0
18692,53,0
18693,54,0
18694,52,0
18695,53,0
18696,52,0
18697,50,0
18698,53,0
18699,52,0
18700,50,0
18701,53,0
18702,53,0
18703,52,0
18704,54,0
18705,53,0
18706,53,0
18707,50,0
18708,49,0
18709,53,0
18710,50,0
18711,51,0
18712,55,0
18713,52,0
18714,51,0
18715,53,0
18716,50,0
18717,52,0
18718,49,0
18719,52,0
18720,50,0
18721,53,0
18722,50,0
18723,52,0
18724,51,0
18725,52,0
18726,52,0
18727,53,0
18728,52,0
18729,52,0
18730,52,0
18731,51,0
18732,52,0
18733,52,0
18734,53,0
18735,52,0
18736,50,0
18737,51,0
18738,52,0
18739,50,0
18740,49,0
18741,52,0
18742,52,0
18743,53,0
18744,50,0
18745,52,0
18746,49,0
18747,51,0
18748,52,0
18749,53,0
18750,53,0
18751,52,0
18752,50,0
18753,53,0
18754,54,0
18755,52,0
18756,51,0
18757,54,0
18758,52,0
18759,52,0
18760,55,0
18761,52,0
18762,50,0
18763,53,0
18764,52,0
18765,52,0
18766,53,0
18767,51,0
18768,50,0
18769,55,0
18770,51,0
18771,52,0
18772,50,0
18773,51,0
18774,54,0
18775,52,0
18776,53,0
18777,52,0
18778,52,0
18779,55,0
18780,55,0
18781,52,0
18782,53,0
18783,53,0
18784,52,0
18785,50,0
18786,52,0
18787,53,0
18788,52,0
18789,52,0
18790,51,0
18791,52,0
18792,52,0
18793,51,0
18794,51,0
18795,52,0
18796,52,0
18797,55,0
18798,54,0
18799,54,0
18800,53,0
18801,52,0
18802,52,0
18803,51,0
18804,51,0
18805,52,0
18806,53,0
18807,53,0
18808,52,0
18809,52,0
18810,55,0
18811,52,0
18812,52,0
18813,54,0
18814,51,0
18815,52,0
18816,54,0
18817,51,0
18818,55,0
18819,52,0
18820,51,0
18821,51,0
18822,50,0
18823,52,0
18824,51,0
18825,52,0
18826,54,0
18827,55,0
18828,52,0
18829,52,0
18830,51,0
18831,53,0
18832,54,0
18833,51,0
18834,55,0
18835,52,0
18836,50,0
18837,52,0
18838,51,0
18839,52,0
18840,52,0
18841,53,0
18842,52,0
18843,52,0
18844,51,0
18845,50,0
18846,52,0
18847,51,0
18848,52,0
18849,52,0
18850,51,0
18851,51,0
18852,50,0
18853,51,0
18854,49,0
18855,52,0
18856,52,0
18857,53,0
18858,52,0
18859,52,0
18860,55,0
18861,51,0
18862,52,0
18863,53,0
18864,53,0
18865,52,0
18866,50,0
18867,51,0
18868,55,0
18869,52,0
18870,52,0
18871,51,0
18872,50,0
18873,52,0
18874,51,0
18875,52,0
18876,50,0
18877,51,0
18878,50,0
18879,52,0
18880,55,0
18881,52,0
18882,58,0
18883,50,0
18884,50,0
18885,51,0
18886,52,0
18887,50,0
18888,51,0
18889,51,0
18890,52,0
18891,52,0
18892,53,0
18893,50,0
18894,50,0
18895,51,0
18896,52,0
18897,50,0
18898,49,0
18899,50,0
18900,50,0
18901,51,0
18902,50,0
18903,50,0
18904,55,0
18905,52,0
18906,50,0
18907,51,0
18908,53,0
18909,50,0
18910,52,0
18911,52,0
18912,49,0
18913,50,0
18914,50,0
18915,51,0
18916,50,0
18917,52,0
18918,51,0
18919,51,0
18920,50,0
18921,52,0
18922,51,0
18923,52,0
18924,52,0
18925,52,0
18926,53,0
18927,52,0
18928,50,0
18929,49,0
18930,51,0
18931,52,0
18932,52,0
18933,53,0
18934,50,0
18935,50,0
18936,51,0
18937,51,0
18938,55,0
18939,54,0
18940,54,0
18941,51,0
18942,52,0
18943,54,0
18944,53,0
18945,53,0
18946,52,0
18947,52,0
18948,51,0
18949,50,0
18950,52,0
18951,55,0
18952,54,0
18953,54,0
18954,51,0
18955,51,0
18956,54,0
18957,51,0
18958,51,0
18959,54,0
18960,52,0
18961,53,0
18962,50,0
18963,50,0
18964,51,0
18965,52,0
18966,52,0
18967,52,0
18968,51,0
18969,51,0
18970,52,0
18971,52,0
18972,53,0
18973,52,0
18974,54,0
18975,51,0
18976,51,0
18977,52,0
18978,53,0
18979,51,0
18980,50,0
18981,52,0
18982,51,0
18983,50,0
18984,52,0
18985,51,0
18986,52,0
18987,50,0
18988,55,0
18989,52,0
18990,52,0
18991,55,0
18992,51,0
18993,52,0
18994,51,0
18995,51,0
18996,51,0
18997,52,0
18998,52,0
18999,51,0
19000,52,0
19001,54,0
19002,53,0
19003,52,0
19004,50,0
19005,53,0
19006,52,0
19007,50,0
19008,53,0
19009,55,0
19010,52,0
19011,53,0
19012,51,0
19013,54,0
19014,53,0
19015,51,0
19016,52,0
19017,52,0
19018,53,0
19019,52,0
19020,52,0
19021,53,0
19022,52,0
19023,52,0
19024,51,0
19025,53,0
19026,52,0
19027,52,0
19028,51,0
19029,52,0
19030,52,0
19031,53,0
19032,52,0
19033,54,0
19034,51,0
19035,50,0
19036,52,0
19037,53,0
19038,52,0
19039,52,0
19040,51,0
19041,52,0
19042,52,0
19043,51,0
19044,52,0
19045,52,0
19046,52,0
19047,53,0
19048,52,0
19049,52,0
19050,53,0
19051,52,0
19052,54,0
19053,55,0
19054,53,0
19055,52,0
19056,52,0
19057,51,0
19058,51,0
19059,52,0
19060,51,0
19061,51,0
19062,54,0
19063,52,0
19064,51,0
19065,50,0
19066,52,0
19067,53,0
19068,54,0
19069,52,0
19070,51,0
19071,52,0
19072,54,0
19073,51,0
19074,53,0
19075,52,0
19076,51,0
19077,53,0
19078,54,0
19079,52,0
19080,53,0
19081,52,0
19082,54,0
19083,52,0
19084,51,0
19085,53,0
19086,50,0
19087,54,0
19088,53,0
19089,52,0
19090,52,0
19091,53,0
19092,52,0
19093,50,0
19094,51,0
19095,51,0
19096,50,0
19097,52,0
19098,51,0
19099,54,0
19100,52,0
19101,55,0
19102,54,0
19103,54,0
19104,55,0
19105,51,0
19106,54,0
19107,51,0
19108,51,0
19109,54,0
19110,52,0
19111,50,0
19112,53,0
19113,52,0
19114,54,0
19115,51,0
19116,51,0
19117,52,0
19118,53,0
19119,53,0
19120,52,0
19121,52,0
19122,53,0
19123,52,0
19124,52,0
19125,51,0
19126,52,0
19127,52,0
19128,53,0
19129,51,0
19130,52,0
19131,52,0
19132,51,0
19133,54,0
19134,50,0
19135,51,0
19136,52,0
19137,52,0
19138,53,0
19139,51,0
19140,53,0
19141,52,0
19142,52,0
19143,51,0
19144,52,0
19145,52,0
19146,51,0
19147,52,0
19148,52,0
19149,53,0
19150,52,0
19151,52,0
19152,51,0
19153,52,0
19154,52,0
19155,52,0
19156,53,0
19157,54,0
19158,52,0
19159,53,0
19160,50,0
19161,52,0
19162,53,0
19163,52,0
19164,52,0
19165,51,0
19166,52,0
19167,52,0
19168,50,0
19169,53,0
19170,51,0
19171,54,0
19172,51,0
19173,51,0
19174,52,0
19175,52,0
19176,51,0
19177,52,0
19178,52,0
19179,51,0
19180,52,0
19181,52,0
19182,51,0
19183,54,0
19184,52,0
19185,53,0
19186,50,0
19187,52,0
19188,53,0
19189,52,0
19190,52,0
19191,51,0
19192,52,0
19193,50,0
19194,53,0
19195,53,0
19196,51,0
19197,50,0
19198,52,0
19199,55,0
19200,52,0
19201,52,0
19202,51,0
19203,52,0
19204,52,0
19205,53,0
19206,52,0
19207,52,0
19208,51,0
19209,53,0
19210,52,0
19211,53,0
19212,53,0
19213,52,0
19214,52,0
19215,55,0
19216,52,0
19217,50,0
19218,51,0
19219,51,0
19220,52,0
19221,53,0
19222,53,0
19223,54,0
19224,52,0
19225,54,0
19226,51,0
19227,52,0
19228,52,0
19229,52,0
19230,53,0
19231,52,0
19232,52,0
19233,51,0
19234,53,0
19235,50,0
19236,53,0
19237,51,0
19238,52,0
19239,52,0
19240,53,0
19241,52,0
19242,52,0
19243,53,0
19244,51,0
19245,52,0
19246,51,0
19247,53,0
19248,52,0
19249,52,0
19250,53,0
19251,52,0
19252,50,0
19253,54,0
19254,53,0
19255,52,0
19256,52,0
19257,51,0
19258,51,0
19259,52,0
19260,51,0
19261,53,0
19262,52,0
19263,52,0
19264,51,0
19265,52,0
19266,52,0
19267,53,0
19268,52,0
19269,52,0
19270,53,0
19271,51,0
19272,52,0
19273,52,0
19274,51,0
19275,52,0
19276,52,0
19277,53,0
19278,55,0
19279,52,0
19280,52,0
19281,52,0
19282,53,0
19283,54,0
19284,52,0
19285,51,0
19286,52,0
19287,52,0
19288,53,0
19289,55,0
19290,50,0
19291,52,0
19292,51,0
19293,52,0
19294,52,0
19295,51,0
19296,52,0
19297,52,0
19298,53,0
19299,52,0
19300,54,0
19301,55,0
19302,51,0
19303,52,0
19304,53,0
19305,53,0
19306,54,0
19307,52,0
19308,55,0
19309,51,0
19310,52,0
19311,50,0
19312,55,0
19313,52,0
19314,52,0
19315,51,0
19316,52,0
19317,52,0
19318,53,0
19319,55,0
19320,52,0
19321,53,0
19322,53,0
19323,52,0
19324,52,0
19325,53,0
19326,50,0
19327,52,0
19328,51,0
19329,52,0
19330,52,0
19331,55,0
19332,52,0
19333,54,0
19334,55,0
19335,52,0
19336,52,0
19337,52,0
19338,51,0
19339,55,0
19340,52,0
19341,55,0
19342,51,0
19343,54,0
19344,51,0
19345,55,0
19346,52,0
19347,52,0
19348,53,0
19349,52,0
19350,52,0
19351,53,0
19352,54,0
19353,52,0
19354,53,0
19355,52,0
19356,52,0
19357,55,0
19358,53,0
19359,50,0
19360,53,0
19361,51,0
19362,52,0
19363,51,0
19364,53,0
19365,52,0
19366,52,0
19367,52,0
19368,51,0
19369,54,0
19370,52,0
19371,51,0
19372,52,0
19373,52,0
19374,55,0
19375,52,0
19376,50,0
19377,51,0
19378,51,0
19379,52,0
19380,51,0
19381,51,0
19382,52,0
19383,53,0
19384,55,0
19385,52,0
19386,52,0
19387,53,0
19388,50,0
19389,52,0
19390,53,0
19391,54,0
19392,52,0
19393,51,0
19394,51,0
19395,52,0
19396,52,0
19397,51,0
19398,51,0
19399,50,0
19400,52,0
19401,51,0
19402,52,0
19403,52,0
19404,51,0
19405,54,0
19406,50,0
19407,53,0
19408,52,0
19409,52,0
19410,51,0
19411,51,0
19412,50,0
19413,51,0
19414,55,0
19415,52,0
19416,52,0
19417,53,0
19418,52,0
19419,52,0
19420,51,0
19421,52,0
19422,52,0
19423,52,0
19424,53,0
19425,53,0
19426,52,0
19427,52,0
19428,53,0
19429,52,0
19430,52,0
19431,51,0
19432,52,0
19433,50,0
19434,51,0
19435,53,0
19436,52,0
19437,52,0
19438,53,0
19439,50,0
19440,52,0
19441,51,0
19442,53,0
19443,52,0
19444,52,0
19445,53,0
19446,52,0
19447,52,0
19448,53,0
19449,52,0
19450,52,0
19451,50,0
19452,51,0
19453,51,0
19454,52,0
19455,52,0
19456,51,0
19457,52,0
19458,52,0
19459,51,0
19460,52,0
19461,52,0
19462,51,0
19463,52,0
19464,52,0
19465,55,0
19466,51,0
19467,52,0
19468,53,0
19469,51,0
19470,52,0
19471,52,0
19472,51,0
19473,52,0
19474,52,0
19475,51,0
19476,52,0
19477,52,0
19478,53,0
19479,52,0
19480,52,0
19481,50,0
19482,53,0
19483,53,0
19484,50,0
19485,52,0
19486,53,0
19487,50,0
19488,52,0
19489,51,0
19490,52,0
19491,52,0
19492,53,0
19493,52,0
19494,52,0
19495,51,0
19496,52,0
19497,50,0
19498,51,0
19499,53,0
19500,50,0
19501,53,0
19502,53,0
19503,52,0
19504,52,0
19505,51,0
19506,50,0
19507,52,0
19508,52,0
19509,51,0
19510,52,0
19511,52,0
19512,51,0
19513,50,0
19514,52,0
19515,55,0
19516,54,0
19517,52,0
19518,53,0
19519,52,0
19520,52,0
19521,53,0
19522,52,0
19523,52,0
19524,51,0
19525,52,0
19526,52,0
19527,53,0
19528,52,0
19529,50,0
19530,53,0
19531,51,0
19532,52,0
19533,51,0
19534,53,0
19535,52,0
19536,53,0
19537,53,0
19538,51,0
19539,52,0
19540,52,0
19541,53,0
19542,52,0
19543,52,0
19544,53,0
19545,52,0
19546,50,0
19547,51,0
19548,52,0
19549,50,0
19550,51,0
19551,52,0
19552,52,0
19553,51,0
19554,53,0
19555,52,0
19556,52,0
19557,51,0
19558,52,0
19559,52,0
19560,53,0
19561,54,0
19562,52,0
19563,51,0
19564,52,0
19565,52,0
19566,52,0
19567,53,0
19568,51,0
19569,50,0
19570,52,0
19571,53,0
19572,52,0
19573,52,0
19574,51,0
19575,52,0
19576,52,0
19577,51,0
19578,53,0
19579,50,0
19580,52,0
19581,51,0
19582,54,0
19583,52,0
19584,53,0
19585,51,0
19586,52,0
19587,50,0
19588,51,0
19589,51,0
19590,54,0
19591,52,0
19592,51,0
19593,53,0
19594,52,0
19595,52,0
19596,51,0
19597,49,0
19598,52,0
19599,52,0
19600,53,0
19601,52,0
19602,54,0
19603,52,0
19604,53,0
19605,50,0
19606,54,0
19607,49,0
19608,51,0
19609,52,0
19610,50,0
19611,49,0
19612,50,0
19613,52,0
19614,50,0
19615,53,0
19616,50,0
19617,50,0
19618,51,0
19619,51,0
19620,52,0
19621,52,0
19622,51,0
19623,55,0
19624,52,0
19625,52,0
19626,55,0
19627,55,0
19628,55,0
19629,51,0
19630,52,0
19631,52,0
19632,51,0
19633,50,0
19634,50,0
19635,49,0
19636,50,0
19637,50,0
19638,51,0
19639,52,0
19640,52,0
19641,53,0
19642,51,0
19643,50,0
19644,51,0
19645,55,0
19646,53,0
19647,50,0
19648,53,0
19649,51,0
19650,50,0
19651,53,0
19652,53,0
19653,54,0
19654,51,0
19655,53,0
19656,50,0
19657,51,0
19658,49,0
19659,50,0
19660,53,0
19661,53,0
19662,52,0
19663,53,0
19664,52,0
19665,50,0
19666,51,0
19667,52,0
19668,52,0
19669,49,0
19670,52,0
19671,50,0
19672,52,0
19673,55,0
19674,52,0
19675,52,0
19676,55,0
19677,52,0
19678,50,0
19679,53,0
19680,52,0
19681,52,0
19682,51,0
19683,50,0
19684,52,0
19685,53,0
19686,52,0
19687,52,0
19688,53,0
19689,52,0
19690,52,0
19691,51,0
19692,52,0
19693,52,0
19694,51,0
19695,52,0
19696,52,0
19697,51,0
19698,52,0
19699,52,0
19700,55,0
19701,51,0
19702,51,0
19703,52,0
19704,52,0
19705,51,0
19706,52,0
19707,52,0
19708,51,0
19709,52,0
19710,52,0
19711,51,0
19712,50,0
19713,52,0
19714,51,0
19715,52,0
19716,52,0
19717,51,0
19718,52,0
19719,54,0
19720,51,0
19721,54,0
19722,50,0
19723,55,0
19724,52,0
19725,54,0
19726,53,0
19727,53,0
19728,54,0
19729,53,0
19730,53,0
19731,52,0
19732,53,0
19733,53,0
19734,52,0
19735,52,0
19736,51,0
19737,54,0
19738,52,0
19739,51,0
19740,54,0
19741,52,0
19742,52,0
19743,51,0
19744,52,0
19745,50,0
19746,53,0
19747,52,0
19748,52,0
19749,53,0
19750,52,0
19751,52,0
19752,52,0
19753,51,0
19754,54,0
19755,52,0
19756,53,0
19757,52,0
19758,52,0
19759,55,0
19760,50,0
19761,50,0
19762,51,0
19763,54,0
19764,52,0
19765,51,0
19766,52,0
19767,52,0
19768,53,0
19769,51,0
19770,52,0
19771,54,0
19772,51,0
19773,51,0
19774,52,0
19775,52,0
19776,51,0
19777,52,0
19778,52,0
19779,55,0
19780,52,0
19781,52,0
19782,53,0
19783,54,0
19784,52,0
19785,55,0
19786,52,0
19787,52,0
19788,55,0
19789,50,0
19790,52,0
19791,51,0
19792,52,0
19793,52,0
19794,55,0
19795,52,0
19796,52,0
19797,53,0
19798,52,0
19799,52,0
19800,52,0
19801,53,0
19802,52,0
19803,50,0
19804,53,0
19805,53,0
19806,50,0
19807,53,0
19808,53,0
19809,50,0
19810,52,0
19811,55,0
19812,52,0
19813,51,0
19814,53,0
19815,52,0
19816,52,0
19817,53,0
19818,54,0
19819,52,0
19820,53,0
19821,52,0
19822,53,0
19823,51,0
19824,52,0
19825,53,0
19826,51,0
19827,50,0
19828,50,0
19829,52,0
19830,51,0
19831,52,0
19832,52,0
19833,53,0
19834,50,0
19835,53,0
19836,51,0
19837,52,0
19838,53,0
19839,55,0
19840,52,0
19841,51,0
19842,51,0
19843,52,0
19844,55,0
19845,53,0
19846,52,0
19847,51,0
19848,51,0
19849,52,0
19850,51,0
19851,55,0
19852,52,0
19853,51,0
19854,51,0
19855,52,0
19856,52,0
19857,53,0
19858,51,0
19859,52,0
19860,53,0
19861,55,0
19862,52,0
19863,51,0
19864,53,0
19865,50,0
19866,51,0
19867,51,0
19868,52,0
19869,52,0
19870,55,0
19871,52,0
19872,52,0
19873,51,0
19874,52,0
19875,52,0
19876,51,0
19877,50,0
19878,52,0
19879,51,0
19880,52,0
19881,54,0
19882,51,0
19883,55,0
19884,51,0
19885,52,0
19886,51,0
19887,53,0
19888,52,0
19889,53,0
19890,53,0
19891,52,0
19892,52,0
19893,55,0
19894,52,0
19895,52,0
19896,53,0
19897,52,0
19898,52,0
19899,51,0
19900,52,0
19901,52,0
19902,55,0
19903,52,0
19904,54,0
19905,53,0
19906,52,0
19907,52,0
19908,53,0
19909,51,0
19910,52,0
19911,52,0
19912,54,0
19913,53,0
19914,52,0
19915,52,0
19916,53,0
19917,52,0
19918,54,0
19919,51,0
19920,52,0
19921,52,0
19922,53,0
19923,55,0
19924,50,0
19925,51,0
19926,51,0
19927,54,0
19928,52,0
19929,51,0
19930,52,0
19931,54,0
19932,51,0
19933,52,0
19934,54,0
19935,53,0
19936,51,0
19937,54,0
19938,51,0
19939,51,0
19940,52,0
19941,52,0
19942,52,0
19943,51,0
19944,50,0
19945,52,0
19946,53,0
19947,54,0
19948,50,0
19949,55,0
19950,52,0
19951,52,0
19952,51,0
19953,52,0
19954,52,0
19955,51,0
19956,52,0
19957,50,0
19958,53,0
19959,53,0
19960,52,0
19961,52,0
19962,53,0
19963,52,0
19964,52,0
19965,53,0
19966,52,0
19967,50,0
19968,52,0
19969,51,0
19970,54,0
19971,54,0
19972,53,0
19973,52,0
19974,54,0
19975,53,0
19976,52,0
19977,52,0
19978,51,0
19979,51,0
19980,50,0
19981,52,0
19982,53,0
19983,52,0
19984,53,0
19985,51,0
19986,52,0
19987,52,0
19988,51,0
19989,50,0
19990,53,0
19991,51,0
19992,52,0
19993,53,0
19994,53,0
19995,52,0
19996,52,0
19997,52,0
19998,53,0
19999,52,0
