trial,reload_ticks,classified_evicted
0,77,0
1,55,0
2,50,0
3,52,0
4,51,0
5,55,0
6,52,0
7,52,0
8,52,0
9,51,0
10,53,0
11,52,0
12,53,0
13,55,0
14,52,0
15,50,0
16,50,0
17,52,0
18,54,0
19,52,0
20,52,0
21,51,0
22,51,0
23,51,0
24,51,0
25,52,0
26,50,0
27,52,0
28,52,0
29,54,0
30,52,0
31,51,0
32,53,0
33,55,0
34,53,0
35,52,0
36,54,0
37,54,0
38,52,0
39,52,0
40,51,0
41,51,0
42,52,0
43,52,0
44,52,0
45,54,0
46,52,0
47,52,0
48,55,0
49,51,0
50,53,0
51,53,0
52,52,0
53,52,0
54,52,0
55,52,0
56,52,0
57,51,0
58,51,0
59,53,0
60,53,0
61,51,0
62,52,0
63,52,0
64,54,0
65,52,0
66,52,0
67,53,0
68,52,0
69,52,0
70,52,0
71,52,0
72,52,0
73,52,0
74,51,0
75,51,0
76,55,0
77,51,0
78,52,0
79,50,0
80,54,0
81,50,0
82,52,0
83,51,0
84,53,0
85,51,0
86,51,0
87,52,0
88,50,0
89,52,0
90,54,0
91,50,0
92,52,0
93,52,0
94,53,0
95,53,0
96,52,0
97,50,0
98,50,0
99,50,0
100,54,0
101,51,0
102,51,0
103,52,0
104,50,0
105,50,0
106,52,0
107,52,0
108,50,0
109,50,0
110,51,0
111,51,0
112,51,0
113,53,0
114,52,0
115,50,0
116,52,0
117,52,0
118,52,0
119,50,0
120,52,0
121,51,0
122,53,0
123,51,0
124,53,0
125,51,0
126,54,0
127,52,0
128,50,0
129,52,0
130,53,0
131,51,0
132,51,0
133,52,0
134,50,0
135,54,0
136,50,0
137,50,0
138,54,0
139,52,0
140,53,0
141,51,0
142,51,0
143,51,0
144,53,0
145,52,0
146,50,0
147,52,0
148,52,0
149,52,0
150,52,0
151,54,0
152,52,0
153,53,0
154,51,0
155,53,0
156,53,0
157,53,0
158,50,0
159,52,0
160,54,0
161,53,0
162,53,0
163,53,0
164,55,0
165,52,0
166,52,0
167,50,0
168,52,0
169,50,0
170,54,0
171,52,0
172,53,0
173,51,0
174,53,0
175,51,0
176,52,0
177,52,0
178,54,0
179,52,0
180,54,0
181,52,0
182,53,0
183,53,0
184,55,0
185,51,0
186,52,0
187,50,0
188,52,0
189,51,0
190,53,0
191,51,0
192,51,0
193,52,0
194,50,0
195,52,0
196,52,0
197,54,0
198,53,0
199,53,0
200,51,0
201,51,0
202,52,0
203,50,0
204,52,0
205,52,0
206,54,0
207,51,0
208,51,0
209,51,0
210,51,0
211,52,0
212,52,0
213,50,0
214,52,0
215,52,0
216,52,0
217,50,0
218,50,0
219,52,0
220,52,0
221,54,0
222,52,0
223,55,0
224,51,0
225,53,0
226,55,0
227,51,0
228,50,0
229,52,0
230,52,0
231,52,0
232,52,0
233,52,0
234,53,0
235,53,0
236,51,0
237,55,0
238,53,0
239,52,0
240,52,0
241,50,0
242,52,0
243,50,0
244,52,0
245,51,0
246,55,0
247,54,0
248,52,0
249,50,0
250,54,0
251,52,0
252,51,0
253,53,0
254,51,0
255,51,0
256,52,0
257,50,0
258,54,0
259,52,0
260,54,0
261,50,0
262,51,0
263,53,0
264,51,0
265,53,0
266,52,0
267,52,0
268,52,0
269,52,0
270,54,0
271,52,0
272,55,0
273,51,0
274,53,0
275,53,0
276,53,0
277,52,0
278,52,0
279,51,0
280,53,0
281,53,0
282,55,0
283,52,0
284,50,0
285,52,0
286,50,0
287,52,0
288,50,0
289,52,0
290,53,0
291,53,0
292,53,0
293,55,0
294,52,0
295,54,0
296,52,0
297,52,0
298,52,0
299,52,0
300,50,0
301,51,0
302,53,0
303,53,0
304,51,0
305,53,0
306,54,0
307,52,0
308,51,0
309,51,0
310,53,0
311,51,0
312,55,0
313,52,0
314,50,0
315,50,0
316,52,0
317,52,0
318,50,0
319,52,0
320,51,0
321,53,0
322,49,0
323,51,0
324,53,0
325,52,0
326,50,0
327,52,0
328,50,0
329,50,0
330,54,0
331,52,0
332,50,0
333,53,0
334,55,0
335,51,0
336,50,0
337,52,0
338,50,0
339,52,0
340,53,0
341,53,0
342,53,0
343,55,0
344,55,0
345,52,0
346,52,0
347,52,0
348,50,0
349,50,0
350,54,0
351,52,0
352,53,0
353,53,0
354,53,0
355,53,0
356,51,0
357,54,0
358,50,0
359,54,0
360,52,0
361,50,0
362,54,0
363,52,0
364,52,0
365,52,0
366,50,0
367,50,0
368,50,0
369,52,0
370,52,0
371,52,0
372,53,0
373,51,0
374,53,0
375,53,0
376,51,0
377,52,0
378,50,0
379,54,0
380,52,0
381,50,0
382,52,0
383,52,0
384,51,0
385,53,0
386,55,0
387,51,0
388,51,0
389,50,0
390,52,0
391,52,0
392,54,0
393,52,0
394,54,0
395,53,0
396,52,0
397,50,0
398,52,0
399,50,0
400,52,0
401,50,0
402,53,0
403,51,0
404,51,0
405,51,0
406,51,0
407,52,0
408,52,0
409,52,0
410,52,0
411,52,0
412,50,0
413,55,0
414,53,0
415,51,0
416,53,0
417,52,0
418,52,0
419,54,0
420,50,0
421,52,0
422,52,0
423,51,0
424,52,0
425,52,0
426,52,0
427,50,0
428,54,0
429,51,0
430,53,0
431,51,0
432,51,0
433,52,0
434,52,0
435,50,0
436,52,0
437,52,0
438,52,0
439,55,0
440,53,0
441,49,0
442,53,0
443,53,0
444,52,0
445,50,0
446,54,0
447,52,0
448,52,0
449,52,0
450,51,0
451,53,0
452,51,0
453,55,0
454,54,0
455,52,0
456,55,0
457,49,0
458,52,0
459,50,0
460,52,0
461,54,0
462,52,0
463,55,0
464,55,0
465,53,0
466,51,0
467,52,0
468,52,0
469,52,0
470,52,0
471,52,0
472,53,0
473,53,0
474,53,0
475,53,0
476,52,0
477,50,0
478,50,0
479,55,0
480,51,0
481,51,0
482,49,0
483,53,0
484,52,0
485,50,0
486,52,0
487,52,0
488,50,0
489,52,0
490,52,0
491,55,0
492,49,0
493,55,0
494,53,0
495,51,0
496,50,0
497,52,0
498,52,0
499,52,0
500,50,0
501,52,0
502,52,0
503,51,0
504,51,0
505,53,0
506,51,0
507,53,0
508,52,0
509,52,0
510,50,0
511,51,0
512,53,0
513,53,0
514,53,0
515,52,0
516,52,0
517,52,0
518,52,0
519,50,0
520,52,0
521,50,0
522,51,0
523,51,0
524,51,0
525,49,0
526,51,0
527,52,0
528,54,0
529,52,0
530,52,0
531,52,0
532,52,0
533,52,0
534,51,0
535,51,0
536,55,0
537,52,0
538,52,0
539,50,0
540,54,0
541,52,0
542,55,0
543,51,0
544,51,0
545,53,0
546,49,0
547,52,0
548,52,0
549,52,0
550,50,0
551,52,0
552,50,0
553,52,0
554,51,0
555,55,0
556,53,0
557,51,0
558,51,0
559,52,0
560,52,0
561,52,0
562,50,0
563,50,0
564,54,0
565,52,0
566,53,0
567,52,0
568,50,0
569,52,0
570,50,0
571,54,0
572,52,0
573,51,0
574,51,0
575,51,0
576,53,0
577,53,0
578,52,0
579,50,0
580,50,0
581,52,0
582,52,0
583,52,0
584,53,0
585,53,0
586,51,0
587,51,0
588,51,0
589,52,0
590,52,0
591,52,0
592,50,0
593,52,0
594,54,0
595,55,0
596,52,0
597,50,0
598,52,0
599,50,0
600,52,0
601,52,0
602,51,0
603,53,0
604,53,0
605,51,0
606,51,0
607,54,0
608,50,0
609,52,0
610,52,0
611,52,0
612,52,0
613,53,0
614,51,0
615,51,0
616,53,0
617,52,0
618,50,0
619,52,0
620,54,0
621,50,0
622,53,0
623,53,0
624,51,0
625,52,0
626,54,0
627,50,0
628,53,0
629,51,0
630,53,0
631,51,0
632,52,0
633,52,0
634,52,0
635,50,0
636,50,0
637,51,0
638,53,0
639,51,0
640,52,0
641,54,0
642,52,0
643,52,0
644,54,0
645,53,0
646,53,0
647,51,0
648,51,0
649,52,0
650,52,0
651,52,0
652,52,0
653,51,0
654,52,0
655,54,0
656,52,0
657,54,0
658,52,0
659,52,0
660,49,0
661,51,0
662,53,0
663,51,0
664,53,0
665,52,0
666,52,0
667,50,0
668,52,0
669,52,0
670,50,0
671,53,0
672,55,0
673,53,0
674,51,0
675,52,0
676,52,0
677,52,0
678,50,0
679,52,0
680,52,0
681,52,0
682,53,0
683,52,0
684,50,0
685,52,0
686,52,0
687,50,0
688,50,0
689,52,0
690,53,0
691,51,0
692,51,0
693,55,0
694,51,0
695,52,0
696,52,0
697,52,0
698,52,0
699,50,0
700,52,0
701,52,0
702,51,0
703,51,0
704,53,0
705,53,0
706,53,0
707,53,0
708,52,0
709,52,0
710,52,0
711,53,0
712,51,0
713,51,0
714,53,0
715,51,0
716,52,0
717,50,0
718,52,0
719,50,0
720,50,0
721,52,0
722,53,0
723,51,0
724,51,0
725,53,0
726,50,0
727,52,0
728,52,0
729,52,0
730,52,0
731,50,0
732,52,0
733,53,0
734,51,0
735,51,0
736,53,0
737,51,0
738,52,0
739,50,0
740,54,0
741,55,0
742,51,0
743,53,0
744,53,0
745,49,0
746,52,0
747,50,0
748,52,0
749,52,0
750,52,0
751,52,0
752,52,0
753,49,0
754,51,0
755,53,0
756,53,0
757,51,0
758,52,0
759,50,0
760,52,0
761,50,0
762,52,0
763,52,0
764,51,0
765,51,0
766,51,0
767,51,0
768,51,0
769,50,0
770,54,0
771,52,0
772,51,0
773,55,0
774,53,0
775,52,0
776,52,0
777,50,0
778,52,0
779,54,0
780,52,0
781,52,0
782,51,0
783,53,0
784,55,0
785,51,0
786,52,0
787,50,0
788,52,0
789,50,0
790,54,0
791,52,0
792,55,0
793,51,0
794,53,0
795,51,0
796,51,0
797,52,0
798,52,0
799,52,0
800,52,0
801,53,0
802,53,0
803,51,0
804,52,0
805,54,0
806,52,0
807,50,0
808,52,0
809,52,0
810,53,0
811,53,0
812,53,0
813,51,0
814,52,0
815,52,0
816,52,0
817,52,0
818,52,0
819,52,0
820,53,0
821,51,0
822,53,0
823,55,0
824,52,0
825,52,0
826,50,0
827,52,0
828,50,0
829,54,0
830,53,0
831,52,0
832,52,0
833,54,0
834,52,0
835,52,0
836,50,0
837,51,0
838,49,0
839,51,0
840,51,0
841,51,0
842,50,0
843,52,0
844,54,0
845,52,0
846,52,0
847,54,0
848,51,0
849,51,0
850,53,0
851,55,0
852,53,0
853,52,0
854,52,0
855,52,0
856,52,0
857,52,0
858,54,0
859,55,0
860,52,0
861,52,0
862,52,0
863,50,0
864,52,0
865,52,0
866,52,0
867,51,0
868,53,0
869,51,0
870,51,0
871,53,0
872,52,0
873,50,0
874,52,0
875,52,0
876,50,0
877,50,0
878,52,0
879,53,0
880,55,0
881,49,0
882,53,0
883,51,0
884,52,0
885,52,0
886,52,0
887,50,0
888,54,0
889,53,0
890,53,0
891,53,0
892,52,0
893,50,0
894,52,0
895,52,0
896,52,0
897,50,0
898,52,0
899,53,0
900,53,0
901,51,0
902,53,0
903,53,0
904,53,0
905,50,0
906,52,0
907,52,0
908,52,0
909,54,0
910,52,0
911,53,0
912,53,0
913,51,0
914,53,0
915,55,0
916,54,0
917,52,0
918,52,0
919,59,0
920,50,0
921,53,0
922,50,0
923,52,0
924,53,0
925,51,0
926,51,0
927,52,0
928,50,0
929,52,0
930,52,0
931,55,0
932,55,0
933,52,0
934,52,0
935,52,0
936,52,0
937,51,0
938,49,0
939,50,0
940,50,0
941,50,0
942,50,0
943,51,0
944,51,0
945,51,0
946,50,0
947,52,0
948,50,0
949,53,0
950,49,0
951,51,0
952,52,0
953,50,0
954,55,0
955,51,0
956,52,0
957,50,0
958,50,0
959,52,0
960,51,0
961,53,0
962,52,0
963,52,0
964,52,0
965,52,0
966,51,0
967,53,0
968,53,0
969,52,0
970,50,0
971,52,0
972,52,0
973,53,0
974,53,0
975,50,0
976,52,0
977,50,0
978,50,0
979,51,0
980,53,0
981,53,0
982,50,0
983,52,0
984,50,0
985,52,0
986,49,0
987,49,0
988,51,0
989,50,0
990,50,0
991,50,0
992,52,0
993,51,0
994,53,0
995,50,0
996,50,0
997,50,0
998,50,0
999,49,0
1000,51,0
1001,53,0
1002,51,0
1003,52,0
1004,52,0
1005,52,0
1006,52,0
1007,51,0
1008,49,0
1009,52,0
1010,52,0
1011,50,0
1012,52,0
1013,53,0
1014,51,0
1015,52,0
1016,52,0
1017,52,0
1018,51,0
1019,53,0
1020,53,0
1021,52,0
1022,54,0
1023,54,0
1024,53,0
1025,53,0
1026,51,0
1027,50,0
1028,52,0
1029,52,0
1030,52,0
1031,52,0
1032,54,0
1033,52,0
1034,51,0
1035,51,0
1036,52,0
1037,52,0
1038,52,0
1039,53,0
1040,53,0
1041,53,0
1042,54,0
1043,50,0
1044,52,0
1045,53,0
1046,53,0
1047,52,0
1048,50,0
1049,52,0
1050,53,0
1051,53,0
1052,55,0
1053,52,0
1054,52,0
1055,52,0
1056,53,0
1057,51,0
1058,52,0
1059,52,0
1060,53,0
1061,51,0
1062,52,0
1063,52,0
1064,52,0
1065,50,0
1066,53,0
1067,51,0
1068,52,0
1069,50,0
1070,52,0
1071,51,0
1072,53,0
1073,52,0
1074,52,0
1075,54,0
1076,54,0
1077,51,0
1078,53,0
1079,54,0
1080,54,0
1081,50,0
1082,51,0
1083,51,0
1084,53,0
1085,52,0
1086,52,0
1087,51,0
1088,53,0
1089,52,0
1090,52,0
1091,52,0
1092,53,0
1093,53,0
1094,52,0
1095,52,0
1096,50,0
1097,51,0
1098,51,0
1099,52,0
1100,50,0
1101,50,0
1102,52,0
1103,51,0
1104,53,0
1105,54,0
1106,52,0
1107,52,0
1108,53,0
1109,51,0
1110,51,0
1111,50,0
1112,52,0
1113,54,0
1114,51,0
1115,51,0
1116,52,0
1117,52,0
1118,53,0
1119,51,0
1120,52,0
1121,50,0
1122,52,0
1123,51,0
1124,51,0
1125,53,0
1126,54,0
1127,52,0
1128,52,0
1129,53,0
1130,51,0
1131,53,0
1132,50,0
1133,52,0
1134,54,0
1135,53,0
1136,53,0
1137,52,0
1138,54,0
1139,52,0
1140,54,0
1141,53,0
1142,51,0
1143,52,0
1144,52,0
1145,53,0
1146,53,0
1147,52,0
1148,52,0
1149,50,0
1150,52,0
1151,53,0
1152,55,0
1153,52,0
1154,52,0
1155,50,0
1156,52,0
1157,53,0
1158,51,0
1159,52,0
1160,52,0
1161,52,0
1162,52,0
1163,51,0
1164,53,0
1165,52,0
1166,52,0
1167,54,0
1168,52,0
1169,51,0
1170,51,0
1171,52,0
1172,50,0
1173,53,0
1174,51,0
1175,51,0
1176,50,0
1177,50,0
1178,54,0
1179,51,0
1180,51,0
1181,53,0
1182,52,0
1183,52,0
1184,52,0
1185,51,0
1186,51,0
1187,55,0
1188,50,0
1189,50,0
1190,54,0
1191,53,0
1192,51,0
1193,52,0
1194,52,0
1195,52,0
1196,52,0
1197,51,0
1198,51,0
1199,52,0
1200,50,0
1201,55,0
1202,49,0
1203,52,0
1204,52,0
1205,50,0
1206,52,0
1207,53,0
1208,51,0
1209,52,0
1210,52,0
1211,52,0
1212,53,0
1213,53,0
1214,53,0
1215,50,0
1216,52,0
1217,52,0
1218,53,0
1219,51,0
1220,53,0
1221,52,0
1222,52,0
1223,52,0
1224,51,0
1225,51,0
1226,52,0
1227,52,0
1228,51,0
1229,51,0
1230,51,0
1231,52,0
1232,52,0
1233,52,0
1234,53,0
1235,51,0
1236,52,0
1237,52,0
1238,52,0
1239,51,0
1240,51,0
1241,55,0
1242,50,0
1243,52,0
1244,52,0
1245,51,0
1246,53,0
1247,52,0
1248,52,0
1249,52,0
1250,51,0
1251,55,0
1252,51,0
1253,52,0
1254,54,0
1255,52,0
1256,53,0
1257,52,0
1258,52,0
1259,51,0
1260,51,0
1261,53,0
1262,54,0
1263,52,0
1264,52,0
1265,55,0
1266,51,0
1267,50,0
1268,50,0
1269,50,0
1270,53,0
1271,51,0
1272,52,0
1273,52,0
1274,52,0
1275,52,0
1276,49,0
1277,55,0
1278,52,0
1279,52,0
1280,54,0
1281,55,0
1282,53,0
1283,51,0
1284,52,0
1285,51,0
1286,55,0
1287,52,0
1288,52,0
1289,52,0
1290,52,0
1291,51,0
1292,55,0
1293,50,0
1294,52,0
1295,54,0
1296,51,0
1297,51,0
1298,51,0
1299,52,0
1300,52,0
1301,50,0
1302,53,0
1303,53,0
1304,52,0
1305,52,0
1306,54,0
1307,52,0
1308,51,0
1309,51,0
1310,52,0
1311,52,0
1312,52,0
1313,53,0
1314,50,0
1315,50,0
1316,50,0
1317,55,0
1318,51,0
1319,51,0
1320,52,0
1321,50,0
1322,52,0
1323,53,0
1324,51,0
1325,52,0
1326,50,0
1327,52,0
1328,50,0
1329,51,0
1330,51,0
1331,52,0
1332,50,0
1333,52,0
1334,52,0
1335,51,0
1336,53,0
1337,50,0
1338,50,0
1339,52,0
1340,51,0
1341,52,0
1342,50,0
1343,52,0
1344,52,0
1345,53,0
1346,53,0
1347,53,0
1348,50,0
1349,52,0
1350,52,0
1351,53,0
1352,51,0
1353,52,0
1354,52,0
1355,54,0
1356,50,0
1357,51,0
1358,51,0
1359,51,0
1360,52,0
1361,52,0
1362,52,0
1363,51,0
1364,53,0
1365,52,0
1366,52,0
1367,54,0
1368,52,0
1369,51,0
1370,50,0
1371,52,0
1372,52,0
1373,53,0
1374,51,0
1375,52,0
1376,50,0
1377,52,0
1378,52,0
1379,51,0
1380,53,0
1381,52,0
1382,50,0
1383,52,0
1384,52,0
1385,51,0
1386,53,0
1387,53,0
1388,52,0
1389,54,0
1390,52,0
1391,55,0
1392,51,0
1393,52,0
1394,50,0
1395,52,0
1396,51,0
1397,52,0
1398,52,0
1399,52,0
1400,52,0
1401,55,0
1402,53,0
1403,52,0
1404,52,0
1405,52,0
1406,51,0
1407,53,0
1408,55,0
1409,52,0
1410,54,0
1411,54,0
1412,53,0
1413,53,0
1414,52,0
1415,52,0
1416,50,0
1417,51,0
1418,53,0
1419,53,0
1420,52,0
1421,52,0
1422,52,0
1423,53,0
1424,50,0
1425,52,0
1426,52,0
1427,55,0
1428,51,0
1429,52,0
1430,52,0
1431,52,0
1432,52,0
1433,51,0
1434,53,0
1435,52,0
1436,54,0
1437,52,0
1438,51,0
1439,55,0
1440,52,0
1441,52,0
1442,52,0
1443,51,0
1444,53,0
1445,51,0
1446,54,0
1447,50,0
1448,52,0
1449,51,0
1450,51,0
1451,52,0
1452,52,0
1453,53,0
1454,51,0
1455,52,0
1456,52,0
1457,52,0
1458,53,0
1459,51,0
1460,52,0
1461,50,0
1462,52,0
1463,54,0
1464,55,0
1465,51,0
1466,54,0
1467,54,0
1468,52,0
1469,51,0
1470,51,0
1471,52,0
1472,52,0
1473,52,0
1474,50,0
1475,53,0
1476,55,0
1477,52,0
1478,54,0
1479,50,0
1480,53,0
1481,55,0
1482,52,0
1483,52,0
1484,51,0
1485,51,0
1486,52,0
1487,52,0
1488,52,0
1489,52,0
1490,51,0
1491,51,0
1492,54,0
1493,54,0
1494,52,0
1495,52,0
1496,51,0
1497,53,0
1498,52,0
1499,50,0
1500,52,0
1501,52,0
1502,55,0
1503,49,0
1504,52,0
1505,50,0
1506,52,0
1507,54,0
1508,53,0
1509,51,0
1510,54,0
1511,50,0
1512,55,0
1513,51,0
1514,52,0
1515,52,0
1516,52,0
1517,52,0
1518,55,0
1519,53,0
1520,52,0
1521,50,0
1522,52,0
1523,52,0
1524,51,0
1525,53,0
1526,52,0
1527,52,0
1528,52,0
1529,52,0
1530,51,0
1531,53,0
1532,52,0
1533,52,0
1534,52,0
1535,52,0
1536,55,0
1537,53,0
1538,52,0
1539,52,0
1540,51,0
1541,51,0
1542,51,0
1543,52,0
1544,52,0
1545,52,0
1546,51,0
1547,51,0
1548,52,0
1549,50,0
1550,54,0
1551,52,0
1552,53,0
1553,51,0
1554,53,0
1555,52,0
1556,50,0
1557,52,0
1558,53,0
1559,51,0
1560,52,0
1561,50,0
1562,54,0
1563,50,0
1564,55,0
1565,51,0
1566,54,0
1567,54,0
1568,51,0
1569,51,0
1570,52,0
1571,50,0
1572,52,0
1573,52,0
1574,51,0
1575,53,0
1576,52,0
1577,52,0
1578,50,0
1579,52,0
1580,51,0
1581,51,0
1582,52,0
1583,52,0
1584,52,0
1585,51,0
1586,51,0
1587,51,0
1588,50,0
1589,52,0
1590,50,0
1591,55,0
1592,51,0
1593,51,0
1594,52,0
1595,52,0
1596,51,0
1597,52,0
1598,54,0
1599,54,0
1600,51,0
1601,53,0
1602,55,0
1603,50,0
1604,52,0
1605,54,0
1606,53,0
1607,51,0
1608,52,0
1609,52,0
1610,50,0
1611,51,0
1612,53,0
1613,51,0
1614,54,0
1615,50,0
1616,54,0
1617,51,0
1618,53,0
1619,52,0
1620,54,0
1621,52,0
1622,55,0
1623,51,0
1624,51,0
1625,52,0
1626,51,0
1627,53,0
1628,52,0
1629,52,0
1630,50,0
1631,55,0
1632,53,0
1633,51,0
1634,54,0
1635,52,0
1636,52,0
1637,51,0
1638,53,0
1639,52,0
1640,52,0
1641,54,0
1642,51,0
1643,53,0
1644,51,0
1645,54,0
1646,50,0
1647,52,0
1648,53,0
1649,53,0
1650,52,0
1651,52,0
1652,51,0
1653,53,0
1654,52,0
1655,52,0
1656,52,0
1657,52,0
1658,51,0
1659,51,0
1660,52,0
1661,52,0
1662,52,0
1663,53,0
1664,53,0
1665,49,0
1666,54,0
1667,50,0
1668,52,0
1669,51,0
1670,51,0
1671,52,0
1672,50,0
1673,52,0
1674,52,0
1675,51,0
1676,55,0
1677,52,0
1678,54,0
1679,52,0
1680,53,0
1681,50,0
1682,52,0
1683,54,0
1684,53,0
1685,51,0
1686,53,0
1687,52,0
1688,52,0
1689,52,0
1690,53,0
1691,51,0
1692,53,0
1693,50,0
1694,52,0
1695,52,0
1696,53,0
1697,51,0
1698,53,0
1699,50,0
1700,50,0
1701,52,0
1702,51,0
1703,53,0
1704,50,0
1705,52,0
1706,50,0
1707,52,0
1708,51,0
1709,52,0
1710,50,0
1711,52,0
1712,51,0
1713,55,0
1714,51,0
1715,50,0
1716,52,0
1717,52,0
1718,53,0
1719,55,0
1720,51,0
1721,50,0
1722,54,0
1723,50,0
1724,53,0
1725,51,0
1726,51,0
1727,52,0
1728,52,0
1729,50,0
1730,49,0
1731,55,0
1732,51,0
1733,54,0
1734,50,0
1735,50,0
1736,51,0
1737,51,0
1738,52,0
1739,50,0
1740,52,0
1741,51,0
1742,53,0
1743,52,0
1744,52,0
1745,52,0
1746,58,0
1747,50,0
1748,53,0
1749,50,0
1750,54,0
1751,51,0
1752,52,0
1753,51,0
1754,51,0
1755,50,0
1756,52,0
1757,51,0
1758,51,0
1759,53,0
1760,54,0
1761,52,0
1762,52,0
1763,51,0
1764,51,0
1765,51,0
1766,52,0
1767,54,0
1768,52,0
1769,55,0
1770,51,0
1771,55,0
1772,52,0
1773,52,0
1774,50,0
1775,51,0
1776,53,0
1777,51,0
1778,52,0
1779,52,0
1780,55,0
1781,53,0
1782,51,0
1783,54,0
1784,51,0
1785,53,0
1786,52,0
1787,54,0
1788,52,0
1789,53,0
1790,53,0
1791,52,0
1792,52,0
1793,54,0
1794,53,0
1795,53,0
1796,52,0
1797,52,0
1798,52,0
1799,53,0
1800,51,0
1801,52,0
1802,52,0
1803,52,0
1804,51,0
1805,53,0
1806,52,0
1807,52,0
1808,54,0
1809,55,0
1810,55,0
1811,52,0
1812,52,0
1813,51,0
1814,53,0
1815,52,0
1816,52,0
1817,52,0
1818,53,0
1819,51,0
1820,50,0
1821,50,0
1822,52,0
1823,53,0
1824,53,0
1825,54,0
1826,54,0
1827,52,0
1828,51,0
1829,51,0
1830,52,0
1831,50,0
1832,52,0
1833,51,0
1834,51,0
1835,52,0
1836,52,0
1837,52,0
1838,53,0
1839,55,0
1840,52,0
1841,52,0
1842,49,0
1843,55,0
1844,54,0
1845,52,0
1846,52,0
1847,53,0
1848,51,0
1849,52,0
1850,50,0
1851,50,0
1852,53,0
1853,51,0
1854,53,0
1855,52,0
1856,52,0
1857,52,0
1858,55,0
1859,51,0
1860,50,0
1861,52,0
1862,52,0
1863,55,0
1864,51,0
1865,52,0
1866,52,0
1867,54,0
1868,51,0
1869,53,0
1870,52,0
1871,52,0
1872,51,0
1873,51,0
1874,51,0
1875,52,0
1876,50,0
1877,52,0
1878,53,0
1879,51,0
1880,52,0
1881,52,0
1882,50,0
1883,51,0
1884,51,0
1885,51,0
1886,50,0
1887,50,0
1888,52,0
1889,53,0
1890,51,0
1891,52,0
1892,52,0
1893,54,0
1894,52,0
1895,53,0
1896,53,0
1897,50,0
1898,55,0
1899,55,0
1900,53,0
1901,50,0
1902,52,0
1903,50,0
1904,51,0
1905,51,0
1906,52,0
1907,54,0
1908,52,0
1909,49,0
1910,55,0
1911,52,0
1912,54,0
1913,52,0
1914,53,0
1915,51,0
1916,52,0
1917,54,0
1918,54,0
1919,55,0
1920,53,0
1921,52,0
1922,50,0
1923,50,0
1924,55,0
1925,53,0
1926,52,0
1927,52,0
1928,55,0
1929,53,0
1930,52,0
1931,52,0
1932,54,0
1933,51,0
1934,51,0
1935,50,0
1936,52,0
1937,52,0
1938,49,0
1939,53,0
1940,54,0
1941,54,0
1942,50,0
1943,53,0
1944,53,0
1945,52,0
1946,52,0
1947,54,0
1948,55,0
1949,51,0
1950,54,0
1951,52,0
1952,52,0
1953,51,0
1954,55,0
1955,52,0
1956,51,0
1957,53,0
1958,52,0
1959,54,0
1960,54,0
1961,53,0
1962,53,0
1963,49,0
1964,52,0
1965,54,0
1966,53,0
1967,51,0
1968,51,0
1969,52,0
1970,52,0
1971,51,0
1972,53,0
1973,51,0
1974,50,0
1975,54,0
1976,51,0
1977,53,0
1978,53,0
1979,50,0
1980,52,0
1981,55,0
1982,51,0
1983,52,0
1984,50,0
1985,53,0
1986,53,0
1987,52,0
1988,54,0
1989,52,0
1990,51,0
1991,51,0
1992,52,0
1993,52,0
1994,52,0
1995,51,0
1996,51,0
1997,54,0
1998,52,0
1999,52,0
2000,53,0
2001,53,0
2002,52,0
2003,50,0
2004,50,0
2005,55,0
2006,53,0
2007,52,0
2008,50,0
2009,52,0
2010,51,0
2011,51,0
2012,50,0
2013,52,0
2014,51,0
2015,49,0
2016,52,0
2017,54,0
2018,54,0
2019,49,0
2020,53,0
2021,54,0
2022,50,0
2023,50,0
2024,52,0
2025,55,0
2026,55,0
2027,50,0
2028,52,0
2029,50,0
2030,53,0
2031,53,0
2032,52,0
2033,50,0
2034,52,0
2035,53,0
2036,51,0
2037,50,0
2038,54,0
2039,52,0
2040,51,0
2041,53,0
2042,52,0
2043,50,0
2044,55,0
2045,51,0
2046,50,0
2047,54,0
2048,52,0
2049,53,0
2050,53,0
2051,51,0
2052,52,0
2053,52,0
2054,52,0
2055,53,0
2056,55,0
2057,52,0
2058,50,0
2059,52,0
2060,53,0
2061,53,0
2062,50,0
2063,52,0
2064,52,0
2065,51,0
2066,51,0
2067,51,0
2068,52,0
2069,52,0
2070,50,0
2071,51,0
2072,50,0
2073,52,0
2074,52,0
2075,53,0
2076,55,0
2077,50,0
2078,50,0
2079,54,0
2080,53,0
2081,53,0
2082,52,0
2083,54,0
2084,52,0
2085,53,0
2086,51,0
2087,55,0
2088,50,0
2089,50,0
2090,52,0
2091,53,0
2092,53,0
2093,50,0
2094,50,0
2095,54,0
2096,53,0
2097,51,0
2098,52,0
2099,54,0
2100,49,0
2101,53,0
2102,54,0
2103,52,0
2104,52,0
2105,53,0
2106,53,0
2107,50,0
2108,52,0
2109,52,0
2110,51,0
2111,53,0
2112,54,0
2113,52,0
2114,50,0
2115,51,0
2116,51,0
2117,50,0
2118,50,0
2119,52,0
2120,53,0
2121,51,0
2122,50,0
2123,54,0
2124,54,0
2125,53,0
2126,53,0
2127,52,0
2128,54,0
2129,49,0
2130,52,0
2131,54,0
2132,52,0
2133,49,0
2134,53,0
2135,54,0
2136,52,0
2137,52,0
2138,53,0
2139,53,0
2140,52,0
2141,52,0
2142,52,0
2143,51,0
2144,53,0
2145,50,0
2146,52,0
2147,54,0
2148,51,0
2149,53,0
2150,52,0
2151,52,0
2152,52,0
2153,51,0
2154,55,0
2155,52,0
2156,52,0
2157,54,0
2158,50,0
2159,52,0
2160,54,0
2161,51,0
2162,51,0
2163,52,0
2164,54,0
2165,52,0
2166,51,0
2167,51,0
2168,52,0
2169,52,0
2170,52,0
2171,51,0
2172,53,0
2173,52,0
2174,50,0
2175,52,0
2176,55,0
2177,53,0
2178,52,0
2179,50,0
2180,54,0
2181,51,0
2182,53,0
2183,52,0
2184,52,0
2185,52,0
2186,53,0
2187,52,0
2188,54,0
2189,51,0
2190,51,0
2191,51,0
2192,52,0
2193,52,0
2194,52,0
2195,55,0
2196,53,0
2197,52,0
2198,52,0
2199,52,0
2200,51,0
2201,51,0
2202,52,0
2203,52,0
2204,52,0
2205,53,0
2206,51,0
2207,52,0
2208,52,0
2209,50,0
2210,51,0
2211,51,0
2212,52,0
2213,52,0
2214,54,0
2215,53,0
2216,52,0
2217,52,0
2218,52,0
2219,51,0
2220,51,0
2221,52,0
2222,54,0
2223,52,0
2224,52,0
2225,51,0
2226,55,0
2227,52,0
2228,50,0
2229,52,0
2230,55,0
2231,51,0
2232,52,0
2233,52,0
2234,52,0
2235,51,0
2236,51,0
2237,53,0
2238,52,0
2239,52,0
2240,50,0
2241,53,0
2242,55,0
2243,52,0
2244,51,0
2245,53,0
2246,51,0
2247,50,0
2248,52,0
2249,53,0
2250,53,0
2251,52,0
2252,52,0
2253,52,0
2254,53,0
2255,51,0
2256,52,0
2257,52,0
2258,52,0
2259,53,0
2260,51,0
2261,52,0
2262,52,0
2263,50,0
2264,52,0
2265,51,0
2266,55,0
2267,52,0
2268,52,0
2269,52,0
2270,51,0
2271,53,0
2272,52,0
2273,52,0
2274,55,0
2275,51,0
2276,54,0
2277,50,0
2278,52,0
2279,51,0
2280,55,0
2281,52,0
2282,52,0
2283,50,0
2284,51,0
2285,51,0
2286,52,0
2287,52,0
2288,52,0
2289,53,0
2290,53,0
2291,55,0
2292,52,0
2293,54,0
2294,55,0
2295,53,0
2296,53,0
2297,54,0
2298,50,0
2299,52,0
2300,53,0
2301,55,0
2302,52,0
2303,50,0
2304,53,0
2305,55,0
2306,52,0
2307,50,0
2308,54,0
2309,49,0
2310,53,0
2311,52,0
2312,52,0
2313,52,0
2314,53,0
2315,55,0
2316,52,0
2317,52,0
2318,52,0
2319,51,0
2320,53,0
2321,52,0
2322,54,0
2323,50,0
2324,52,0
2325,53,0
2326,51,0
2327,54,0
2328,54,0
2329,50,0
2330,49,0
2331,54,0
2332,54,0
2333,51,0
2334,53,0
2335,51,0
2336,52,0
2337,52,0
2338,51,0
2339,51,0
2340,54,0
2341,52,0
2342,52,0
2343,53,0
2344,53,0
2345,52,0
2346,52,0
2347,52,0
2348,53,0
2349,53,0
2350,50,0
2351,52,0
2352,54,0
2353,53,0
2354,49,0
2355,52,0
2356,54,0
2357,52,0
2358,51,0
2359,53,0
2360,54,0
2361,52,0
2362,55,0
2363,51,0
2364,50,0
2365,54,0
2366,52,0
2367,51,0
2368,51,0
2369,52,0
2370,50,0
2371,54,0
2372,51,0
2373,51,0
2374,52,0
2375,52,0
2376,52,0
2377,55,0
2378,55,0
2379,52,0
2380,52,0
2381,52,0
2382,51,0
2383,51,0
2384,51,0
2385,54,0
2386,54,0
2387,52,0
2388,53,0
2389,52,0
2390,50,0
2391,51,0
2392,53,0
2393,52,0
2394,52,0
2395,52,0
2396,53,0
2397,51,0
2398,53,0
2399,50,0
2400,52,0
2401,52,0
2402,51,0
2403,51,0
2404,52,0
2405,52,0
2406,54,0
2407,51,0
2408,53,0
2409,52,0
2410,52,0
2411,52,0
2412,51,0
2413,53,0
2414,53,0
2415,52,0
2416,50,0
2417,52,0
2418,52,0
2419,52,0
2420,52,0
2421,53,0
2422,53,0
2423,53,0
2424,52,0
2425,50,0
2426,52,0
2427,55,0
2428,53,0
2429,54,0
2430,52,0
2431,52,0
2432,51,0
2433,53,0
2434,51,0
2435,50,0
2436,52,0
2437,54,0
2438,51,0
2439,51,0
2440,52,0
2441,54,0
2442,52,0
2443,53,0
2444,51,0
2445,52,0
2446,50,0
2447,53,0
2448,53,0
2449,50,0
2450,50,0
2451,52,0
2452,53,0
2453,53,0
2454,52,0
2455,52,0
2456,50,0
2457,52,0
2458,51,0
2459,53,0
2460,52,0
2461,54,0
2462,52,0
2463,55,0
2464,51,0
2465,50,0
2466,52,0
2467,52,0
2468,53,0
2469,55,0
2470,52,0
2471,52,0
2472,52,0
2473,55,0
2474,55,0
2475,50,0
2476,52,0
2477,53,0
2478,53,0
2479,54,0
2480,52,0
2481,52,0
2482,55,0
2483,53,0
2484,54,0
2485,52,0
2486,52,0
2487,55,0
2488,53,0
2489,52,0
2490,50,0
2491,52,0
2492,51,0
2493,55,0
2494,52,0
2495,50,0
2496,52,0
2497,51,0
2498,53,0
2499,52,0
2500,54,0
2501,54,0
2502,55,0
2503,51,0
2504,52,0
2505,51,0
2506,52,0
2507,50,0
2508,52,0
2509,52,0
2510,53,0
2511,52,0
2512,52,0
2513,52,0
2514,55,0
2515,51,0
2516,52,0
2517,52,0
2518,54,0
2519,51,0
2520,55,0
2521,52,0
2522,54,0
2523,50,0
2524,51,0
2525,51,0
2526,52,0
2527,50,0
2528,54,0
2529,51,0
2530,51,0
2531,52,0
2532,54,0
2533,53,0
2534,51,0
2535,52,0
2536,52,0
2537,52,0
2538,51,0
2539,51,0
2540,54,0
2541,50,0
2542,52,0
2543,51,0
2544,55,0
2545,52,0
2546,52,0
2547,52,0
2548,53,0
2549,51,0
2550,52,0
2551,50,0
2552,52,0
2553,51,0
2554,51,0
2555,52,0
2556,52,0
2557,52,0
2558,55,0
2559,53,0
2560,52,0
2561,52,0
2562,52,0
2563,55,0
2564,50,0
2565,55,0
2566,51,0
2567,52,0
2568,52,0
2569,52,0
2570,51,0
2571,51,0
2572,55,0
2573,52,0
2574,52,0
2575,50,0
2576,52,0
2577,52,0
2578,53,0
2579,51,0
2580,53,0
2581,51,0
2582,52,0
2583,52,0
2584,52,0
2585,52,0
2586,55,0
2587,49,0
2588,53,0
2589,51,0
2590,52,0
2591,52,0
2592,54,0
2593,52,0
2594,54,0
2595,53,0
2596,55,0
2597,53,0
2598,54,0
2599,52,0
2600,54,0
2601,52,0
2602,53,0
2603,51,0
2604,51,0
2605,53,0
2606,52,0
2607,50,0
2608,52,0
2609,50,0
2610,55,0
2611,51,0
2612,51,0
2613,53,0
2614,54,0
2615,52,0
2616,51,0
2617,55,0
2618,51,0
2619,52,0
2620,50,0
2621,50,0
2622,54,0
2623,54,0
2624,53,0
2625,53,0
2626,53,0
2627,54,0
2628,52,0
2629,52,0
2630,52,0
2631,55,0
2632,51,0
2633,53,0
2634,52,0
2635,52,0
2636,52,0
2637,54,0
2638,52,0
2639,55,0
2640,51,0
2641,53,0
2642,52,0
2643,54,0
2644,51,0
2645,53,0
2646,55,0
2647,52,0
2648,52,0
2649,52,0
2650,54,0
2651,51,0
2652,53,0
2653,53,0
2654,52,0
2655,54,0
2656,52,0
2657,52,0
2658,53,0
2659,53,0
2660,53,0
2661,52,0
2662,52,0
2663,50,0
2664,52,0
2665,52,0
2666,51,0
2667,53,0
2668,52,0
2669,52,0
2670,54,0
2671,54,0
2672,53,0
2673,51,0
2674,52,0
2675,52,0
2676,52,0
2677,52,0
2678,53,0
2679,51,0
2680,52,0
2681,52,0
2682,54,0
2683,52,0
2684,53,0
2685,51,0
2686,53,0
2687,52,0
2688,52,0
2689,52,0
2690,52,0
2691,53,0
2692,53,0
2693,53,0
2694,52,0
2695,52,0
2696,52,0
2697,54,0
2698,55,0
2699,51,0
2700,51,0
2701,54,0
2702,52,0
2703,55,0
2704,51,0
2705,55,0
2706,52,0
2707,54,0
2708,50,0
2709,52,0
2710,55,0
2711,53,0
2712,53,0
2713,52,0
2714,52,0
2715,50,0
2716,52,0
2717,52,0
2718,51,0
2719,51,0
2720,53,0
2721,52,0
2722,54,0
2723,50,0
2724,52,0
2725,52,0
2726,51,0
2727,53,0
2728,51,0
2729,52,0
2730,52,0
2731,52,0
2732,53,0
2733,53,0
2734,52,0
2735,52,0
2736,52,0
2737,52,0
2738,54,0
2739,51,0
2740,51,0
2741,53,0
2742,54,0
2743,52,0
2744,52,0
2745,52,0
2746,51,0
2747,55,0
2748,51,0
2749,52,0
2750,54,0
2751,50,0
2752,54,0
2753,52,0
2754,55,0
2755,51,0
2756,55,0
2757,50,0
2758,54,0
2759,52,0
2760,54,0
2761,55,0
2762,52,0
2763,52,0
2764,52,0
2765,50,0
2766,52,0
2767,53,0
2768,55,0
2769,51,0
2770,50,0
2771,52,0
2772,52,0
2773,52,0
2774,53,0
2775,53,0
2776,51,0
2777,52,0
2778,50,0
2779,50,0
2780,52,0
2781,54,0
2782,51,0
2783,53,0
2784,51,0
2785,53,0
2786,52,0
2787,52,0
2788,52,0
2789,53,0
2790,53,0
2791,53,0
2792,50,0
2793,54,0
2794,50,0
2795,54,0
2796,52,0
2797,53,0
2798,53,0
2799,53,0
2800,50,0
2801,52,0
2802,50,0
2803,54,0
2804,53,0
2805,55,0
2806,51,0
2807,54,0
2808,52,0
2809,54,0
2810,50,0
2811,54,0
2812,53,0
2813,55,0
2814,51,0
2815,54,0
2816,52,0
2817,52,0
2818,51,0
2819,53,0
2820,52,0
2821,50,0
2822,52,0
2823,52,0
2824,55,0
2825,53,0
2826,51,0
2827,51,0
2828,52,0
2829,52,0
2830,52,0
2831,52,0
2832,55,0
2833,53,0
2834,51,0
2835,52,0
2836,50,0
2837,50,0
2838,52,0
2839,53,0
2840,53,0
2841,53,0
2842,52,0
2843,52,0
2844,52,0
2845,52,0
2846,53,0
2847,54,0
2848,50,0
2849,52,0
2850,52,0
2851,51,0
2852,49,0
2853,55,0
2854,53,0
2855,52,0
2856,52,0
2857,52,0
2858,52,0
2859,51,0
2860,53,0
2861,51,0
2862,52,0
2863,52,0
2864,52,0
2865,52,0
2866,51,0
2867,51,0
2868,51,0
2869,54,0
2870,52,0
2871,52,0
2872,52,0
2873,53,0
2874,53,0
2875,51,0
2876,54,0
2877,52,0
2878,51,0
2879,55,0
2880,53,0
2881,52,0
2882,52,0
2883,52,0
2884,54,0
2885,55,0
2886,55,0
2887,51,0
2888,54,0
2889,50,0
2890,54,0
2891,52,0
2892,55,0
2893,51,0
2894,55,0
2895,52,0
2896,54,0
2897,52,0
2898,54,0
2899,51,0
2900,53,0
2901,53,0
2902,52,0
2903,52,0
2904,54,0
2905,51,0
2906,55,0
2907,52,0
2908,50,0
2909,50,0
2910,52,0
2911,52,0
2912,51,0
2913,53,0
2914,51,0
2915,54,0
2916,52,0
2917,52,0
2918,52,0
2919,55,0
2920,55,0
2921,55,0
2922,52,0
2923,52,0
2924,50,0
2925,54,0
2926,55,0
2927,51,0
2928,51,0
2929,52,0
2930,54,0
2931,52,0
2932,52,0
2933,52,0
2934,51,0
2935,54,0
2936,52,0
2937,52,0
2938,54,0
2939,53,0
2940,51,0
2941,55,0
2942,53,0
2943,52,0
2944,50,0
2945,52,0
2946,52,0
2947,51,0
2948,53,0
2949,51,0
2950,52,0
2951,54,0
2952,50,0
2953,52,0
2954,51,0
2955,51,0
2956,53,0
2957,51,0
2958,52,0
2959,52,0
2960,52,0
2961,52,0
2962,51,0
2963,54,0
2964,54,0
2965,52,0
2966,54,0
2967,52,0
2968,53,0
2969,53,0
2970,53,0
2971,52,0
2972,50,0
2973,50,0
2974,52,0
2975,52,0
2976,51,0
2977,53,0
2978,51,0
2979,54,0
2980,52,0
2981,52,0
2982,50,0
2983,52,0
2984,51,0
2985,49,0
2986,53,0
2987,55,0
2988,52,0
2989,54,0
2990,52,0
2991,52,0
2992,53,0
2993,52,0
2994,54,0
2995,54,0
2996,50,0
2997,52,0
2998,55,0
2999,51,0
3000,51,0
3001,52,0
3002,50,0
3003,52,0
3004,52,0
3005,52,0
3006,51,0
3007,53,0
3008,53,0
3009,52,0
3010,52,0
3011,54,0
3012,50,0
3013,53,0
3014,51,0
3015,51,0
3016,52,0
3017,52,0
3018,52,0
3019,54,0
3020,52,0
3021,51,0
3022,52,0
3023,50,0
3024,52,0
3025,50,0
3026,53,0
3027,55,0
3028,53,0
3029,53,0
3030,54,0
3031,52,0
3032,50,0
3033,52,0
3034,51,0
3035,51,0
3036,53,0
3037,52,0
3038,54,0
3039,52,0
3040,52,0
3041,51,0
3042,55,0
3043,51,0
3044,52,0
3045,52,0
3046,52,0
3047,52,0
3048,53,0
3049,51,0
3050,52,0
3051,50,0
3052,54,0
3053,55,0
3054,55,0
3055,51,0
3056,54,0
3057,50,0
3058,52,0
3059,52,0
3060,55,0
3061,51,0
3062,52,0
3063,52,0
3064,54,0
3065,52,0
3066,51,0
3067,53,0
3068,53,0
3069,52,0
3070,54,0
3071,52,0
3072,54,0
3073,53,0
3074,53,0
3075,55,0
3076,54,0
3077,52,0
3078,54,0
3079,51,0
3080,53,0
3081,52,0
3082,54,0
3083,50,0
3084,54,0
3085,51,0
3086,53,0
3087,51,0
3088,52,0
3089,52,0
3090,52,0
3091,52,0
3092,52,0
3093,53,0
3094,51,0
3095,52,0
3096,50,0
3097,52,0
3098,52,0
3099,52,0
3100,51,0
3101,51,0
3102,51,0
3103,52,0
3104,52,0
3105,52,0
3106,52,0
3107,55,0
3108,50,0
3109,50,0
3110,52,0
3111,52,0
3112,51,0
3113,51,0
3114,51,0
3115,52,0
3116,52,0
3117,50,0
3118,52,0
3119,52,0
3120,55,0
3121,53,0
3122,51,0
3123,52,0
3124,52,0
3125,54,0
3126,52,0
3127,52,0
3128,51,0
3129,53,0
3130,53,0
3131,50,0
3132,52,0
3133,52,0
3134,52,0
3135,50,0
3136,53,0
3137,54,0
3138,54,0
3139,50,0
3140,52,0
3141,52,0
3142,51,0
3143,53,0
3144,53,0
3145,52,0
3146,50,0
3147,50,0
3148,52,0
3149,53,0
3150,53,0
3151,53,0
3152,51,0
3153,52,0
3154,50,0
3155,54,0
3156,52,0
3157,51,0
3158,53,0
3159,53,0
3160,51,0
3161,52,0
3162,52,0
3163,52,0
3164,52,0
3165,51,0
3166,54,0
3167,50,0
3168,52,0
3169,52,0
3170,54,0
3171,52,0
3172,53,0
3173,51,0
3174,51,0
3175,54,0
3176,52,0
3177,52,0
3178,52,0
3179,53,0
3180,51,0
3181,55,0
3182,52,0
3183,54,0
3184,52,0
3185,52,0
3186,55,0
3187,51,0
3188,53,0
3189,51,0
3190,52,0
3191,52,0
3192,50,0
3193,52,0
3194,51,0
3195,54,0
3196,50,0
3197,52,0
3198,52,0
3199,52,0
3200,51,0
3201,51,0
3202,53,0
3203,52,0
3204,52,0
3205,52,0
3206,52,0
3207,53,0
3208,53,0
3209,55,0
3210,53,0
3211,52,0
3212,52,0
3213,52,0
3214,52,0
3215,55,0
3216,55,0
3217,51,0
3218,52,0
3219,52,0
3220,52,0
3221,54,0
3222,53,0
3223,55,0
3224,51,0
3225,52,0
3226,52,0
3227,55,0
3228,55,0
3229,53,0
3230,52,0
3231,54,0
3232,52,0
3233,54,0
3234,52,0
3235,53,0
3236,51,0
3237,54,0
3238,52,0
3239,54,0
3240,52,0
3241,53,0
3242,51,0
3243,55,0
3244,52,0
3245,54,0
3246,52,0
3247,54,0
3248,55,0
3249,55,0
3250,51,0
3251,54,0
3252,54,0
3253,54,0
3254,51,0
3255,51,0
3256,52,0
3257,52,0
3258,52,0
3259,52,0
3260,52,0
3261,53,0
3262,51,0
3263,51,0
3264,54,0
3265,54,0
3266,54,0
3267,52,0
3268,55,0
3269,51,0
3270,52,0
3271,52,0
3272,52,0
3273,52,0
3274,52,0
3275,53,0
3276,53,0
3277,53,0
3278,50,0
3279,50,0
3280,52,0
3281,52,0
3282,51,0
3283,52,0
3284,52,0
3285,52,0
3286,52,0
3287,51,0
3288,51,0
3289,51,0
3290,52,0
3291,52,0
3292,50,0
3293,52,0
3294,52,0
3295,51,0
3296,51,0
3297,53,0
3298,52,0
3299,50,0
3300,50,0
3301,52,0
3302,51,0
3303,55,0
3304,55,0
3305,52,0
3306,52,0
3307,52,0
3308,52,0
3309,51,0
3310,55,0
3311,51,0
3312,54,0
3313,52,0
3314,52,0
3315,51,0
3316,51,0
3317,53,0
3318,52,0
3319,52,0
3320,50,0
3321,50,0
3322,50,0
3323,55,0
3324,51,0
3325,53,0
3326,54,0
3327,54,0
3328,54,0
3329,52,0
3330,54,0
3331,51,0
3332,53,0
3333,51,0
3334,54,0
3335,52,0
3336,52,0
3337,52,0
3338,54,0
3339,51,0
3340,53,0
3341,52,0
3342,52,0
3343,52,0
3344,52,0
3345,53,0
3346,51,0
3347,53,0
3348,52,0
3349,52,0
3350,52,0
3351,50,0
3352,51,0
3353,55,0
3354,51,0
3355,52,0
3356,52,0
3357,54,0
3358,50,0
3359,52,0
3360,55,0
3361,51,0
3362,53,0
3363,52,0
3364,52,0
3365,52,0
3366,52,0
3367,51,0
3368,53,0
3369,51,0
3370,52,0
3371,50,0
3372,54,0
3373,51,0
3374,51,0
3375,53,0
3376,53,0
3377,52,0
3378,52,0
3379,52,0
3380,52,0
3381,53,0
3382,51,0
3383,51,0
3384,59,0
3385,51,0
3386,50,0
3387,51,0
3388,52,0
3389,54,0
3390,49,0
3391,55,0
3392,52,0
3393,52,0
3394,50,0
3395,51,0
3396,51,0
3397,52,0
3398,50,0
3399,52,0
3400,51,0
3401,53,0
3402,50,0
3403,52,0
3404,52,0
3405,51,0
3406,51,0
3407,52,0
3408,52,0
3409,53,0
3410,51,0
3411,54,0
3412,52,0
3413,52,0
3414,51,0
3415,51,0
3416,52,0
3417,54,0
3418,50,0
3419,51,0
3420,53,0
3421,52,0
3422,50,0
3423,52,0
3424,51,0
3425,53,0
3426,52,0
3427,52,0
3428,52,0
3429,51,0
3430,53,0
3431,52,0
3432,54,0
3433,55,0
3434,49,0
3435,55,0
3436,50,0
3437,54,0
3438,53,0
3439,50,0
3440,52,0
3441,52,0
3442,53,0
3443,51,0
3444,52,0
3445,52,0
3446,52,0
3447,51,0
3448,53,0
3449,52,0
3450,54,0
3451,50,0
3452,55,0
3453,55,0
3454,55,0
3455,50,0
3456,52,0
3457,52,0
3458,53,0
3459,51,0
3460,54,0
3461,54,0
3462,50,0
3463,53,0
3464,53,0
3465,52,0
3466,52,0
3467,53,0
3468,51,0
3469,50,0
3470,50,0
3471,52,0
3472,49,0
3473,53,0
3474,52,0
3475,50,0
3476,50,0
3477,51,0
3478,53,0
3479,52,0
3480,50,0
3481,52,0
3482,52,0
3483,55,0
3484,51,0
3485,54,0
3486,50,0
3487,52,0
3488,51,0
3489,55,0
3490,52,0
3491,52,0
3492,50,0
3493,52,0
3494,51,0
3495,53,0
3496,50,0
3497,49,0
3498,51,0
3499,52,0
3500,52,0
3501,50,0
3502,52,0
3503,51,0
3504,53,0
3505,50,0
3506,52,0
3507,50,0
3508,51,0
3509,51,0
3510,51,0
3511,50,0
3512,52,0
3513,50,0
3514,53,0
3515,53,0
3516,52,0
3517,50,0
3518,50,0
3519,51,0
3520,53,0
3521,51,0
3522,52,0
3523,52,0
3524,52,0
3525,50,0
3526,52,0
3527,53,0
3528,53,0
3529,51,0
3530,50,0
3531,54,0
3532,52,0
3533,51,0
3534,53,0
3535,55,0
3536,52,0
3537,52,0
3538,50,0
3539,52,0
3540,53,0
3541,51,0
3542,52,0
3543,52,0
3544,52,0
3545,52,0
3546,51,0
3547,53,0
3548,51,0
3549,52,0
3550,54,0
3551,54,0
3552,55,0
3553,52,0
3554,54,0
3555,52,0
3556,53,0
3557,55,0
3558,53,0
3559,50,0
3560,50,0
3561,52,0
3562,53,0
3563,53,0
3564,53,0
3565,52,0
3566,54,0
3567,52,0
3568,53,0
3569,53,0
3570,52,0
3571,52,0
3572,50,0
3573,52,0
3574,53,0
3575,51,0
3576,52,0
3577,52,0
3578,52,0
3579,52,0
3580,51,0
3581,53,0
3582,54,0
3583,53,0
3584,51,0
3585,51,0
3586,52,0
3587,52,0
3588,52,0
3589,53,0
3590,51,0
3591,52,0
3592,52,0
3593,52,0
3594,52,0
3595,51,0
3596,53,0
3597,52,0
3598,52,0
3599,52,0
3600,51,0
3601,53,0
3602,51,0
3603,52,0
3604,54,0
3605,52,0
3606,51,0
3607,53,0
3608,52,0
3609,52,0
3610,54,0
3611,51,0
3612,53,0
3613,52,0
3614,54,0
3615,52,0
3616,53,0
3617,53,0
3618,52,0
3619,54,0
3620,50,0
3621,52,0
3622,55,0
3623,51,0
3624,52,0
3625,52,0
3626,52,0
3627,52,0
3628,51,0
3629,51,0
3630,52,0
3631,52,0
3632,52,0
3633,55,0
3634,53,0
3635,51,0
3636,52,0
3637,50,0
3638,52,0
3639,53,0
3640,52,0
3641,52,0
3642,54,0
3643,51,0
3644,51,0
3645,51,0
3646,50,0
3647,52,0
3648,52,0
3649,51,0
3650,51,0
3651,51,0
3652,54,0
3653,54,0
3654,52,0
3655,53,0
3656,51,0
3657,51,0
3658,52,0
3659,50,0
3660,52,0
3661,51,0
3662,53,0
3663,51,0
3664,52,0
3665,52,0
3666,52,0
3667,53,0
3668,53,0
3669,52,0
3670,52,0
3671,51,0
3672,53,0
3673,51,0
3674,52,0
3675,52,0
3676,50,0
3677,55,0
3678,51,0
3679,53,0
3680,52,0
3681,52,0
3682,52,0
3683,52,0
3684,51,0
3685,51,0
3686,52,0
3687,52,0
3688,52,0
3689,52,0
3690,51,0
3691,51,0
3692,53,0
3693,50,0
3694,52,0
3695,52,0
3696,51,0
3697,51,0
3698,50,0
3699,52,0
3700,52,0
3701,53,0
3702,53,0
3703,53,0
3704,52,0
3705,52,0
3706,52,0
3707,53,0
3708,51,0
3709,51,0
3710,52,0
3711,54,0
3712,52,0
3713,51,0
3714,51,0
3715,53,0
3716,52,0
3717,52,0
3718,52,0
3719,52,0
3720,51,0
3721,53,0
3722,52,0
3723,52,0
3724,52,0
3725,52,0
3726,55,0
3727,54,0
3728,50,0
3729,52,0
3730,53,0
3731,53,0
3732,52,0
3733,52,0
3734,52,0
3735,52,0
3736,55,0
3737,53,0
3738,52,0
3739,52,0
3740,52,0
3741,52,0
3742,51,0
3743,51,0
3744,52,0
3745,52,0
3746,52,0
3747,55,0
3748,53,0
3749,53,0
3750,52,0
3751,52,0
3752,54,0
3753,53,0
3754,53,0
3755,55,0
3756,52,0
3757,53,0
3758,55,0
3759,51,0
3760,52,0
3761,52,0
3762,54,0
3763,53,0
3764,51,0
3765,52,0
3766,52,0
3767,52,0
3768,52,0
3769,53,0
3770,51,0
3771,52,0
3772,52,0
3773,54,0
3774,52,0
3775,51,0
3776,53,0
3777,52,0
3778,54,0
3779,52,0
3780,53,0
3781,51,0
3782,55,0
3783,52,0
3784,50,0
3785,51,0
3786,51,0
3787,52,0
3788,52,0
3789,54,0
3790,51,0
3791,53,0
3792,53,0
3793,50,0
3794,52,0
3795,52,0
3796,53,0
3797,53,0
3798,52,0
3799,52,0
3800,52,0
3801,51,0
3802,53,0
3803,55,0
3804,50,0
3805,52,0
3806,50,0
3807,51,0
3808,51,0
3809,55,0
3810,52,0
3811,52,0
3812,52,0
3813,51,0
3814,52,0
3815,52,0
3816,52,0
3817,53,0
3818,53,0
3819,52,0
3820,50,0
3821,52,0
3822,52,0
3823,53,0
3824,55,0
3825,52,0
3826,52,0
3827,52,0
3828,52,0
3829,51,0
3830,51,0
3831,52,0
3832,52,0
3833,52,0
3834,51,0
3835,55,0
3836,53,0
3837,52,0
3838,52,0
3839,52,0
3840,51,0
3841,53,0
3842,51,0
3843,50,0
3844,51,0
3845,55,0
3846,53,0
3847,52,0
3848,54,0
3849,52,0
3850,51,0
3851,53,0
3852,51,0
3853,52,0
3854,52,0
3855,52,0
3856,52,0
3857,53,0
3858,51,0
3859,52,0
3860,52,0
3861,52,0
3862,52,0
3863,51,0
3864,53,0
3865,52,0
3866,52,0
3867,52,0
3868,50,0
3869,55,0
3870,55,0
3871,51,0
3872,50,0
3873,52,0
3874,53,0
3875,53,0
3876,52,0
3877,52,0
3878,52,0
3879,52,0
3880,51,0
3881,55,0
3882,51,0
3883,50,0
3884,50,0
3885,52,0
3886,51,0
3887,51,0
3888,53,0
3889,52,0
3890,52,0
3891,52,0
3892,52,0
3893,51,0
3894,53,0
3895,52,0
3896,52,0
3897,50,0
3898,52,0
3899,53,0
3900,53,0
3901,52,0
3902,52,0
3903,53,0
3904,51,0
3905,52,0
3906,52,0
3907,52,0
3908,52,0
3909,51,0
3910,53,0
3911,53,0
3912,52,0
3913,54,0
3914,50,0
3915,51,0
3916,51,0
3917,53,0
3918,52,0
3919,52,0
3920,50,0
3921,53,0
3922,51,0
3923,51,0
3924,52,0
3925,52,0
3926,52,0
3927,51,0
3928,51,0
3929,51,0
3930,50,0
3931,53,0
3932,53,0
3933,53,0
3934,52,0
3935,54,0
3936,52,0
3937,52,0
3938,53,0
3939,53,0
3940,52,0
3941,52,0
3942,52,0
3943,52,0
3944,53,0
3945,55,0
3946,50,0
3947,50,0
3948,50,0
3949,53,0
3950,55,0
3951,49,0
3952,52,0
3953,52,0
3954,50,0
3955,51,0
3956,53,0
3957,52,0
3958,52,0
3959,52,0
3960,51,0
3961,52,0
3962,50,0
3963,52,0
3964,52,0
3965,51,0
3966,52,0
3967,54,0
3968,55,0
3969,53,0
3970,53,0
3971,50,0
3972,52,0
3973,54,0
3974,51,0
3975,53,0
3976,52,0
3977,50,0
3978,52,0
3979,52,0
3980,53,0
3981,51,0
3982,52,0
3983,52,0
3984,50,0
3985,51,0
3986,53,0
3987,53,0
3988,52,0
3989,52,0
3990,52,0
3991,51,0
3992,53,0
3993,53,0
3994,52,0
3995,50,0
3996,49,0
3997,51,0
3998,54,0
3999,52,0
4000,52,0
4001,55,0
4002,53,0
4003,53,0
4004,50,0
4005,52,0
4006,50,0
4007,53,0
4008,53,0
4009,53,0
4010,52,0
4011,54,0
4012,52,0
4013,51,0
4014,51,0
4015,52,0
4016,54,0
4017,54,0
4018,52,0
4019,53,0
4020,53,0
4021,51,0
4022,52,0
4023,52,0
4024,52,0
4025,52,0
4026,50,0
4027,52,0
4028,52,0
4029,53,0
4030,53,0
4031,52,0
4032,52,0
4033,52,0
4034,52,0
4035,53,0
4036,51,0
4037,53,0
4038,52,0
4039,52,0
4040,52,0
4041,53,0
4042,53,0
4043,51,0
4044,52,0
4045,54,0
4046,52,0
4047,53,0
4048,51,0
4049,51,0
4050,50,0
4051,54,0
4052,52,0
4053,53,0
4054,52,0
4055,54,0
4056,54,0
4057,52,0
4058,53,0
4059,53,0
4060,52,0
4061,52,0
4062,52,0
4063,52,0
4064,53,0
4065,53,0
4066,53,0
4067,52,0
4068,52,0
4069,52,0
4070,51,0
4071,51,0
4072,51,0
4073,52,0
4074,54,0
4075,52,0
4076,52,0
4077,55,0
4078,51,0
4079,52,0
4080,54,0
4081,50,0
4082,52,0
4083,51,0
4084,52,0
4085,52,0
4086,52,0
4087,51,0
4088,53,0
4089,51,0
4090,52,0
4091,52,0
4092,52,0
4093,55,0
4094,53,0
4095,51,0
4096,52,0
4097,52,0
4098,52,0
4099,52,0
4100,53,0
4101,55,0
4102,52,0
4103,50,0
4104,54,0
4105,52,0
4106,51,0
4107,51,0
4108,52,0
4109,52,0
4110,50,0
4111,50,0
4112,53,0
4113,53,0
4114,52,0
4115,52,0
4116,53,0
4117,55,0
4118,53,0
4119,52,0
4120,52,0
4121,50,0
4122,53,0
4123,53,0
4124,52,0
4125,52,0
4126,52,0
4127,52,0
4128,51,0
4129,53,0
4130,52,0
4131,52,0
4132,52,0
4133,52,0
4134,53,0
4135,51,0
4136,52,0
4137,54,0
4138,52,0
4139,51,0
4140,53,0
4141,51,0
4142,54,0
4143,51,0
4144,51,0
4145,51,0
4146,52,0
4147,52,0
4148,52,0
4149,53,0
4150,51,0
4151,52,0
4152,52,0
4153,52,0
4154,52,0
4155,51,0
4156,51,0
4157,52,0
4158,54,0
4159,52,0
4160,55,0
4161,53,0
4162,52,0
4163,52,0
4164,52,0
4165,52,0
4166,53,0
4167,51,0
4168,52,0
4169,52,0
4170,54,0
4171,53,0
4172,50,0
4173,52,0
4174,50,0
4175,52,0
4176,51,0
4177,55,0
4178,52,0
4179,52,0
4180,54,0
4181,51,0
4182,53,0
4183,53,0
4184,52,0
4185,52,0
4186,52,0
4187,53,0
4188,55,0
4189,51,0
4190,50,0
4191,52,0
4192,50,0
4193,53,0
4194,53,0
4195,53,0
4196,52,0
4197,54,0
4198,52,0
4199,55,0
4200,53,0
4201,52,0
4202,52,0
4203,59,0
4204,50,0
4205,50,0
4206,51,0
4207,52,0
4208,52,0
4209,52,0
4210,51,0
4211,52,0
4212,52,0
4213,52,0
4214,51,0
4215,51,0
4216,50,0
4217,54,0
4218,52,0
4219,51,0
4220,53,0
4221,51,0
4222,52,0
4223,52,0
4224,52,0
4225,51,0
4226,51,0
4227,49,0
4228,52,0
4229,53,0
4230,53,0
4231,53,0
4232,52,0
4233,50,0
4234,50,0
4235,52,0
4236,55,0
4237,53,0
4238,52,0
4239,50,0
4240,52,0
4241,52,0
4242,51,0
4243,53,0
4244,51,0
4245,52,0
4246,50,0
4247,54,0
4248,53,0
4249,51,0
4250,49,0
4251,52,0
4252,50,0
4253,52,0
4254,51,0
4255,53,0
4256,53,0
4257,52,0
4258,52,0
4259,53,0
4260,53,0
4261,52,0
4262,52,0
4263,50,0
4264,52,0
4265,55,0
4266,51,0
4267,52,0
4268,52,0
4269,52,0
4270,52,0
4271,49,0
4272,51,0
4273,52,0
4274,54,0
4275,54,0
4276,52,0
4277,53,0
4278,55,0
4279,50,0
4280,52,0
4281,52,0
4282,52,0
4283,51,0
4284,51,0
4285,52,0
4286,52,0
4287,53,0
4288,53,0
4289,52,0
4290,52,0
4291,54,0
4292,50,0
4293,53,0
4294,53,0
4295,52,0
4296,50,0
4297,52,0
4298,52,0
4299,51,0
4300,53,0
4301,52,0
4302,52,0
4303,54,0
4304,52,0
4305,51,0
4306,55,0
4307,52,0
4308,50,0
4309,50,0
4310,51,0
4311,55,0
4312,51,0
4313,52,0
4314,52,0
4315,52,0
4316,51,0
4317,54,0
4318,54,0
4319,52,0
4320,51,0
4321,51,0
4322,52,0
4323,52,0
4324,52,0
4325,52,0
4326,53,0
4327,51,0
4328,52,0
4329,50,0
4330,54,0
4331,53,0
4332,51,0
4333,51,0
4334,52,0
4335,50,0
4336,52,0
4337,53,0
4338,51,0
4339,53,0
4340,50,0
4341,52,0
4342,50,0
4343,55,0
4344,51,0
4345,52,0
4346,52,0
4347,55,0
4348,51,0
4349,50,0
4350,54,0
4351,52,0
4352,55,0
4353,53,0
4354,55,0
4355,50,0
4356,50,0
4357,52,0
4358,53,0
4359,53,0
4360,52,0
4361,52,0
4362,50,0
4363,52,0
4364,51,0
4365,51,0
4366,51,0
4367,52,0
4368,50,0
4369,54,0
4370,53,0
4371,53,0
4372,52,0
4373,52,0
4374,54,0
4375,51,0
4376,54,0
4377,50,0
4378,50,0
4379,52,0
4380,53,0
4381,53,0
4382,52,0
4383,52,0
4384,50,0
4385,52,0
4386,53,0
4387,53,0
4388,52,0
4389,50,0
4390,52,0
4391,50,0
4392,51,0
4393,53,0
4394,52,0
4395,50,0
4396,54,0
4397,50,0
4398,53,0
4399,49,0
4400,51,0
4401,52,0
4402,52,0
4403,52,0
4404,51,0
4405,52,0
4406,50,0
4407,52,0
4408,52,0
4409,55,0
4410,53,0
4411,52,0
4412,52,0
4413,52,0
4414,54,0
4415,51,0
4416,51,0
4417,53,0
4418,52,0
4419,52,0
4420,52,0
4421,52,0
4422,53,0
4423,53,0
4424,50,0
4425,52,0
4426,52,0
4427,52,0
4428,53,0
4429,51,0
4430,53,0
4431,52,0
4432,52,0
4433,50,0
4434,53,0
4435,50,0
4436,52,0
4437,52,0
4438,52,0
4439,53,0
4440,53,0
4441,52,0
4442,52,0
4443,52,0
4444,52,0
4445,51,0
4446,51,0
4447,52,0
4448,52,0
4449,52,0
4450,52,0
4451,51,0
4452,55,0
4453,52,0
4454,54,0
4455,52,0
4456,52,0
4457,51,0
4458,53,0
4459,52,0
4460,50,0
4461,52,0
4462,55,0
4463,52,0
4464,50,0
4465,52,0
4466,53,0
4467,55,0
4468,53,0
4469,52,0
4470,50,0
4471,52,0
4472,51,0
4473,53,0
4474,53,0
4475,52,0
4476,52,0
4477,52,0
4478,51,0
4479,51,0
4480,51,0
4481,52,0
4482,52,0
4483,50,0
4484,55,0
4485,51,0
4486,50,0
4487,52,0
4488,50,0
4489,52,0
4490,55,0
4491,51,0
4492,52,0
4493,50,0
4494,51,0
4495,55,0
4496,52,0
4497,50,0
4498,52,0
4499,50,0
4500,51,0
4501,53,0
4502,52,0
4503,52,0
4504,52,0
4505,51,0
4506,55,0
4507,51,0
4508,52,0
4509,52,0
4510,52,0
4511,53,0
4512,51,0
4513,53,0
4514,52,0
4515,50,0
4516,52,0
4517,55,0
4518,53,0
4519,52,0
4520,54,0
4521,55,0
4522,51,0
4523,52,0
4524,52,0
4525,54,0
4526,52,0
4527,55,0
4528,51,0
4529,52,0
4530,52,0
4531,52,0
4532,51,0
4533,51,0
4534,53,0
4535,54,0
4536,52,0
4537,50,0
4538,55,0
4539,51,0
4540,51,0
4541,50,0
4542,50,0
4543,54,0
4544,51,0
4545,51,0
4546,51,0
4547,50,0
4548,50,0
4549,52,0
4550,51,0
4551,52,0
4552,52,0
4553,54,0
4554,51,0
4555,49,0
4556,53,0
4557,52,0
4558,50,0
4559,50,0
4560,53,0
4561,51,0
4562,53,0
4563,50,0
4564,52,0
4565,54,0
4566,53,0
4567,51,0
4568,51,0
4569,52,0
4570,50,0
4571,50,0
4572,53,0
4573,51,0
4574,55,0
4575,52,0
4576,52,0
4577,52,0
4578,55,0
4579,52,0
4580,52,0
4581,52,0
4582,52,0
4583,53,0
4584,51,0
4585,52,0
4586,50,0
4587,52,0
4588,52,0
4589,51,0
4590,53,0
4591,53,0
4592,52,0
4593,52,0
4594,50,0
4595,51,0
4596,53,0
4597,51,0
4598,50,0
4599,52,0
4600,50,0
4601,53,0
4602,55,0
4603,55,0
4604,52,0
4605,54,0
4606,52,0
4607,52,0
4608,52,0
4609,52,0
4610,54,0
4611,52,0
4612,53,0
4613,53,0
4614,51,0
4615,52,0
4616,52,0
4617,52,0
4618,53,0
4619,51,0
4620,53,0
4621,52,0
4622,52,0
4623,54,0
4624,51,0
4625,51,0
4626,53,0
4627,52,0
4628,52,0
4629,50,0
4630,52,0
4631,51,0
4632,55,0
4633,52,0
4634,52,0
4635,52,0
4636,52,0
4637,52,0
4638,52,0
4639,54,0
4640,52,0
4641,55,0
4642,51,0
4643,52,0
4644,52,0
4645,54,0
4646,52,0
4647,51,0
4648,51,0
4649,52,0
4650,50,0
4651,50,0
4652,52,0
4653,53,0
4654,53,0
4655,52,0
4656,52,0
4657,52,0
4658,52,0
4659,55,0
4660,55,0
4661,52,0
4662,50,0
4663,52,0
4664,51,0
4665,51,0
4666,52,0
4667,50,0
4668,55,0
4669,51,0
4670,55,0
4671,52,0
4672,52,0
4673,52,0
4674,53,0
4675,51,0
4676,53,0
4677,52,0
4678,52,0
4679,52,0
4680,51,0
4681,53,0
4682,52,0
4683,52,0
4684,52,0
4685,52,0
4686,53,0
4687,51,0
4688,52,0
4689,52,0
4690,52,0
4691,51,0
4692,53,0
4693,51,0
4694,50,0
4695,51,0
4696,51,0
4697,55,0
4698,54,0
4699,50,0
4700,52,0
4701,51,0
4702,53,0
4703,52,0
4704,52,0
4705,50,0
4706,52,0
4707,55,0
4708,49,0
4709,52,0
4710,52,0
4711,54,0
4712,52,0
4713,53,0
4714,51,0
4715,52,0
4716,52,0
4717,52,0
4718,52,0
4719,53,0
4720,53,0
4721,52,0
4722,52,0
4723,52,0
4724,55,0
4725,52,0
4726,50,0
4727,50,0
4728,53,0
4729,53,0
4730,55,0
4731,52,0
4732,52,0
4733,52,0
4734,51,0
4735,51,0
4736,55,0
4737,52,0
4738,54,0
4739,50,0
4740,53,0
4741,51,0
4742,51,0
4743,52,0
4744,52,0
4745,52,0
4746,55,0
4747,51,0
4748,51,0
4749,52,0
4750,50,0
4751,52,0
4752,54,0
4753,53,0
4754,51,0
4755,53,0
4756,50,0
4757,51,0
4758,51,0
4759,51,0
4760,52,0
4761,52,0
4762,50,0
4763,51,0
4764,53,0
4765,53,0
4766,54,0
4767,52,0
4768,52,0
4769,51,0
4770,51,0
4771,51,0
4772,52,0
4773,52,0
4774,52,0
4775,53,0
4776,53,0
4777,53,0
4778,54,0
4779,52,0
4780,52,0
4781,51,0
4782,53,0
4783,51,0
4784,50,0
4785,53,0
4786,51,0
4787,53,0
4788,50,0
4789,52,0
4790,50,0
4791,52,0
4792,51,0
4793,53,0
4794,52,0
4795,52,0
4796,52,0
4797,52,0
4798,55,0
4799,51,0
4800,53,0
4801,54,0
4802,50,0
4803,52,0
4804,51,0
4805,55,0
4806,51,0
4807,52,0
4808,52,0
4809,50,0
4810,49,0
4811,53,0
4812,51,0
4813,52,0
4814,54,0
4815,53,0
4816,51,0
4817,52,0
4818,52,0
4819,50,0
4820,52,0
4821,51,0
4822,53,0
4823,52,0
4824,52,0
4825,52,0
4826,52,0
4827,51,0
4828,51,0
4829,52,0
4830,52,0
4831,52,0
4832,52,0
4833,51,0
4834,51,0
4835,52,0
4836,52,0
4837,52,0
4838,53,0
4839,53,0
4840,53,0
4841,52,0
4842,54,0
4843,55,0
4844,53,0
4845,52,0
4846,50,0
4847,52,0
4848,49,0
4849,53,0
4850,55,0
4851,52,0
4852,52,0
4853,52,0
4854,51,0
4855,53,0
4856,51,0
4857,52,0
4858,52,0
4859,52,0
4860,53,0
4861,51,0
4862,52,0
4863,52,0
4864,52,0
4865,52,0
4866,51,0
4867,54,0
4868,53,0
4869,50,0
4870,52,0
4871,52,0
4872,51,0
4873,53,0
4874,51,0
4875,52,0
4876,50,0
4877,52,0
4878,51,0
4879,51,0
4880,52,0
4881,50,0
4882,50,0
4883,52,0
4884,51,0
4885,53,0
4886,52,0
4887,54,0
4888,52,0
4889,55,0
4890,55,0
4891,51,0
4892,52,0
4893,52,0
4894,52,0
4895,55,0
4896,52,0
4897,52,0
4898,54,0
4899,49,0
4900,51,0
4901,51,0
4902,54,0
4903,52,0
4904,52,0
4905,51,0
4906,53,0
4907,52,0
4908,50,0
4909,50,0
4910,52,0
4911,51,0
4912,53,0
4913,50,0
4914,52,0
4915,50,0
4916,52,0
4917,49,0
4918,53,0
4919,50,0
4920,52,0
4921,50,0
4922,52,0
4923,51,0
4924,50,0
4925,52,0
4926,50,0
4927,53,0
4928,51,0
4929,51,0
4930,52,0
4931,50,0
4932,52,0
4933,51,0
4934,51,0
4935,53,0
4936,50,0
4937,52,0
4938,52,0
4939,55,0
4940,51,0
4941,51,0
4942,52,0
4943,50,0
4944,52,0
4945,52,0
4946,53,0
4947,55,0
4948,52,0
4949,52,0
4950,52,0
4951,52,0
4952,51,0
4953,52,0
4954,50,0
4955,50,0
4956,53,0
4957,53,0
4958,51,0
4959,50,0
4960,52,0
4961,50,0
4962,51,0
4963,49,0
4964,51,0
4965,52,0
4966,52,0
4967,50,0
4968,52,0
4969,51,0
4970,55,0
4971,52,0
4972,52,0
4973,50,0
4974,52,0
4975,51,0
4976,51,0
4977,52,0
4978,52,0
4979,54,0
4980,52,0
4981,51,0
4982,54,0
4983,52,0
4984,52,0
4985,51,0
4986,51,0
4987,52,0
4988,52,0
4989,50,0
4990,52,0
4991,51,0
4992,51,0
4993,52,0
4994,52,0
4995,52,0
4996,56,0
4997,56,0
4998,55,0
4999,54,0
5000,53,0
5001,54,0
5002,54,0
5003,52,0
5004,56,0
5005,55,0
5006,54,0
5007,55,0
5008,54,0
5009,56,0
5010,55,0
5011,52,0
5012,56,0
5013,53,0
5014,54,0
5015,56,0
5016,53,0
5017,54,0
5018,54,0
5019,53,0
5020,54,0
5021,55,0
5022,59,0
5023,54,0
5024,54,0
5025,55,0
5026,54,0
5027,55,0
5028,54,0
5029,54,0
5030,53,0
5031,56,0
5032,55,0
5033,57,0
5034,56,0
5035,57,0
5036,54,0
5037,55,0
5038,55,0
5039,56,0
5040,53,0
5041,56,0
5042,55,0
5043,54,0
5044,55,0
5045,56,0
5046,56,0
5047,53,0
5048,54,0
5049,56,0
5050,55,0
5051,54,0
5052,55,0
5053,54,0
5054,54,0
5055,55,0
5056,54,0
5057,54,0
5058,53,0
5059,56,0
5060,57,0
5061,51,0
5062,54,0
5063,53,0
5064,54,0
5065,54,0
5066,55,0
5067,54,0
5068,56,0
5069,53,0
5070,52,0
5071,52,0
5072,56,0
5073,54,0
5074,55,0
5075,54,0
5076,55,0
5077,57,0
5078,56,0
5079,53,0
5080,54,0
5081,56,0
5082,53,0
5083,54,0
5084,54,0
5085,53,0
5086,56,0
5087,53,0
5088,55,0
5089,56,0
5090,57,0
5091,54,0
5092,56,0
5093,53,0
5094,54,0
5095,54,0
5096,53,0
5097,54,0
5098,54,0
5099,55,0
5100,54,0
5101,55,0
5102,52,0
5103,53,0
5104,54,0
5105,54,0
5106,55,0
5107,54,0
5108,54,0
5109,53,0
5110,56,0
5111,56,0
5112,53,0
5113,54,0
5114,55,0
5115,55,0
5116,54,0
5117,53,0
5118,53,0
5119,54,0
5120,53,0
5121,54,0
5122,52,0
5123,53,0
5124,54,0
5125,53,0
5126,49,0
5127,54,0
5128,51,0
5129,55,0
5130,52,0
5131,54,0
5132,53,0
5133,53,0
5134,52,0
5135,54,0
5136,54,0
5137,51,0
5138,49,0
5139,54,0
5140,54,0
5141,54,0
5142,53,0
5143,52,0
5144,54,0
5145,52,0
5146,51,0
5147,55,0
5148,52,0
5149,54,0
5150,51,0
5151,55,0
5152,52,0
5153,52,0
5154,53,0
5155,53,0
5156,52,0
5157,56,0
5158,51,0
5159,52,0
5160,52,0
5161,53,0
5162,51,0
5163,52,0
5164,54,0
5165,54,0
5166,55,0
5167,55,0
5168,50,0
5169,54,0
5170,55,0
5171,55,0
5172,52,0
5173,52,0
5174,50,0
5175,53,0
5176,51,0
5177,52,0
5178,50,0
5179,51,0
5180,55,0
5181,54,0
5182,50,0
5183,54,0
5184,52,0
5185,55,0
5186,51,0
5187,52,0
5188,52,0
5189,54,0
5190,55,0
5191,51,0
5192,52,0
5193,54,0
5194,52,0
5195,55,0
5196,53,0
5197,52,0
5198,52,0
5199,50,0
5200,55,0
5201,53,0
5202,51,0
5203,52,0
5204,51,0
5205,51,0
5206,52,0
5207,54,0
5208,54,0
5209,53,0
5210,53,0
5211,54,0
5212,54,0
5213,52,0
5214,53,0
5215,51,0
5216,52,0
5217,52,0
5218,54,0
5219,51,0
5220,53,0
5221,51,0
5222,52,0
5223,52,0
5224,52,0
5225,51,0
5226,53,0
5227,52,0
5228,52,0
5229,52,0
5230,52,0
5231,51,0
5232,53,0
5233,52,0
5234,50,0
5235,51,0
5236,55,0
5237,53,0
5238,52,0
5239,52,0
5240,54,0
5241,53,0
5242,51,0
5243,52,0
5244,54,0
5245,54,0
5246,52,0
5247,53,0
5248,53,0
5249,54,0
5250,52,0
5251,52,0
5252,52,0
5253,51,0
5254,53,0
5255,52,0
5256,54,0
5257,54,0
5258,53,0
5259,53,0
5260,53,0
5261,54,0
5262,52,0
5263,52,0
5264,51,0
5265,51,0
5266,54,0
5267,52,0
5268,53,0
5269,55,0
5270,53,0
5271,52,0
5272,54,0
5273,52,0
5274,51,0
5275,53,0
5276,51,0
5277,52,0
5278,54,0
5279,52,0
5280,55,0
5281,55,0
5282,52,0
5283,52,0
5284,54,0
5285,52,0
5286,51,0
5287,53,0
5288,53,0
5289,54,0
5290,54,0
5291,52,0
5292,51,0
5293,51,0
5294,51,0
5295,52,0
5296,52,0
5297,52,0
5298,53,0
5299,52,0
5300,54,0
5301,50,0
5302,52,0
5303,51,0
5304,53,0
5305,53,0
5306,54,0
5307,54,0
5308,52,0
5309,51,0
5310,51,0
5311,55,0
5312,52,0
5313,54,0
5314,54,0
5315,53,0
5316,51,0
5317,55,0
5318,54,0
5319,54,0
5320,52,0
5321,52,0
5322,53,0
5323,55,0
5324,52,0
5325,54,0
5326,52,0
5327,52,0
5328,51,0
5329,52,0
5330,52,0
5331,52,0
5332,54,0
5333,55,0
5334,53,0
5335,51,0
5336,52,0
5337,54,0
5338,54,0
5339,53,0
5340,53,0
5341,53,0
5342,50,0
5343,54,0
5344,54,0
5345,51,0
5346,51,0
5347,53,0
5348,52,0
5349,52,0
5350,52,0
5351,53,0
5352,53,0
5353,53,0
5354,52,0
5355,52,0
5356,52,0
5357,54,0
5358,53,0
5359,53,0
5360,54,0
5361,52,0
5362,54,0
5363,51,0
5364,53,0
5365,52,0
5366,52,0
5367,54,0
5368,54,0
5369,53,0
5370,51,0
5371,53,0
5372,52,0
5373,52,0
5374,52,0
5375,51,0
5376,55,0
5377,51,0
5378,52,0
5379,52,0
5380,52,0
5381,52,0
5382,53,0
5383,53,0
5384,52,0
5385,54,0
5386,54,0
5387,52,0
5388,53,0
5389,53,0
5390,54,0
5391,52,0
5392,53,0
5393,55,0
5394,53,0
5395,54,0
5396,52,0
5397,52,0
5398,55,0
5399,55,0
5400,55,0
5401,54,0
5402,54,0
5403,54,0
5404,51,0
5405,53,0
5406,55,0
5407,54,0
5408,52,0
5409,50,0
5410,55,0
5411,51,0
5412,51,0
5413,54,0
5414,52,0
5415,54,0
5416,51,0
5417,53,0
5418,55,0
5419,52,0
5420,52,0
5421,53,0
5422,53,0
5423,54,0
5424,54,0
5425,52,0
5426,53,0
5427,51,0
5428,53,0
5429,52,0
5430,54,0
5431,52,0
5432,55,0
5433,51,0
5434,55,0
5435,52,0
5436,52,0
5437,52,0
5438,53,0
5439,51,0
5440,53,0
5441,54,0
5442,52,0
5443,52,0
5444,55,0
5445,53,0
5446,52,0
5447,52,0
5448,52,0
5449,53,0
5450,53,0
5451,53,0
5452,52,0
5453,52,0
5454,53,0
5455,55,0
5456,52,0
5457,54,0
5458,50,0
5459,51,0
5460,53,0
5461,53,0
5462,52,0
5463,50,0
5464,52,0
5465,51,0
5466,55,0
5467,52,0
5468,54,0
5469,54,0
5470,52,0
5471,51,0
5472,53,0
5473,54,0
5474,50,0
5475,52,0
5476,52,0
5477,55,0
5478,55,0
5479,55,0
5480,54,0
5481,54,0
5482,54,0
5483,53,0
5484,55,0
5485,52,0
5486,52,0
5487,54,0
5488,51,0
5489,51,0
5490,54,0
5491,52,0
5492,52,0
5493,54,0
5494,51,0
5495,53,0
5496,52,0
5497,52,0
5498,52,0
5499,52,0
5500,53,0
5501,51,0
5502,52,0
5503,50,0
5504,54,0
5505,54,0
5506,53,0
5507,53,0
5508,55,0
5509,50,0
5510,52,0
5511,54,0
5512,53,0
5513,55,0
5514,51,0
5515,52,0
5516,54,0
5517,53,0
5518,53,0
5519,53,0
5520,52,0
5521,52,0
5522,52,0
5523,55,0
5524,53,0
5525,51,0
5526,54,0
5527,52,0
5528,52,0
5529,52,0
5530,53,0
5531,51,0
5532,53,0
5533,54,0
5534,52,0
5535,54,0
5536,52,0
5537,53,0
5538,55,0
5539,53,0
5540,50,0
5541,54,0
5542,50,0
5543,51,0
5544,53,0
5545,53,0
5546,52,0
5547,54,0
5548,52,0
5549,52,0
5550,50,0
5551,52,0
5552,50,0
5553,51,0
5554,51,0
5555,55,0
5556,50,0
5557,52,0
5558,52,0
5559,52,0
5560,52,0
5561,51,0
5562,53,0
5563,55,0
5564,53,0
5565,52,0
5566,50,0
5567,52,0
5568,52,0
5569,53,0
5570,51,0
5571,55,0
5572,52,0
5573,52,0
5574,52,0
5575,52,0
5576,54,0
5577,51,0
5578,50,0
5579,52,0
5580,52,0
5581,52,0
5582,51,0
5583,51,0
5584,51,0
5585,54,0
5586,52,0
5587,52,0
5588,52,0
5589,51,0
5590,53,0
5591,55,0
5592,52,0
5593,52,0
5594,50,0
5595,52,0
5596,51,0
5597,53,0
5598,53,0
5599,54,0
5600,52,0
5601,52,0
5602,52,0
5603,55,0
5604,51,0
5605,53,0
5606,50,0
5607,52,0
5608,55,0
5609,51,0
5610,55,0
5611,52,0
5612,54,0
5613,50,0
5614,54,0
5615,51,0
5616,53,0
5617,53,0
5618,54,0
5619,52,0
5620,54,0
5621,52,0
5622,53,0
5623,53,0
5624,53,0
5625,52,0
5626,52,0
5627,52,0
5628,54,0
5629,53,0
5630,53,0
5631,51,0
5632,52,0
5633,52,0
5634,52,0
5635,52,0
5636,54,0
5637,53,0
5638,52,0
5639,52,0
5640,54,0
5641,51,0
5642,53,0
5643,55,0
5644,52,0
5645,52,0
5646,52,0
5647,50,0
5648,53,0
5649,51,0
5650,53,0
5651,52,0
5652,54,0
5653,54,0
5654,50,0
5655,52,0
5656,53,0
5657,51,0
5658,53,0
5659,52,0
5660,50,0
5661,50,0
5662,52,0
5663,53,0
5664,55,0
5665,55,0
5666,52,0
5667,50,0
5668,54,0
5669,55,0
5670,51,0
5671,52,0
5672,50,0
5673,52,0
5674,52,0
5675,55,0
5676,53,0
5677,51,0
5678,51,0
5679,52,0
5680,50,0
5681,52,0
5682,54,0
5683,55,0
5684,51,0
5685,53,0
5686,53,0
5687,52,0
5688,50,0
5689,52,0
5690,52,0
5691,54,0
5692,53,0
5693,51,0
5694,51,0
5695,52,0
5696,50,0
5697,54,0
5698,52,0
5699,55,0
5700,52,0
5701,52,0
5702,54,0
5703,52,0
5704,50,0
5705,53,0
5706,51,0
5707,53,0
5708,54,0
5709,54,0
5710,50,0
5711,52,0
5712,52,0
5713,53,0
5714,53,0
5715,53,0
5716,52,0
5717,50,0
5718,50,0
5719,52,0
5720,54,0
5721,53,0
5722,55,0
5723,55,0
5724,50,0
5725,52,0
5726,52,0
5727,52,0
5728,52,0
5729,51,0
5730,50,0
5731,52,0
5732,52,0
5733,52,0
5734,51,0
5735,51,0
5736,53,0
5737,50,0
5738,52,0
5739,52,0
5740,54,0
5741,52,0
5742,51,0
5743,53,0
5744,51,0
5745,50,0
5746,54,0
5747,52,0
5748,50,0
5749,52,0
5750,51,0
5751,53,0
5752,53,0
5753,52,0
5754,54,0
5755,52,0
5756,52,0
5757,52,0
5758,51,0
5759,51,0
5760,54,0
5761,52,0
5762,54,0
5763,51,0
5764,55,0
5765,53,0
5766,55,0
5767,52,0
5768,54,0
5769,52,0
5770,54,0
5771,51,0
5772,53,0
5773,53,0
5774,52,0
5775,50,0
5776,52,0
5777,52,0
5778,52,0
5779,55,0
5780,51,0
5781,53,0
5782,52,0
5783,52,0
5784,52,0
5785,54,0
5786,53,0
5787,53,0
5788,51,0
5789,52,0
5790,54,0
5791,53,0
5792,52,0
5793,52,0
5794,52,0
5795,52,0
5796,55,0
5797,51,0
5798,53,0
5799,52,0
5800,52,0
5801,52,0
5802,54,0
5803,51,0
5804,53,0
5805,51,0
5806,55,0
5807,54,0
5808,52,0
5809,52,0
5810,52,0
5811,51,0
5812,53,0
5813,51,0
5814,54,0
5815,52,0
5816,52,0
5817,52,0
5818,53,0
5819,49,0
5820,53,0
5821,52,0
5822,52,0
5823,53,0
5824,51,0
5825,55,0
5826,52,0
5827,52,0
5828,54,0
5829,54,0
5830,52,0
5831,51,0
5832,53,0
5833,51,0
5834,52,0
5835,50,0
5836,52,0
5837,52,0
5838,55,0
5839,49,0
5840,53,0
5841,50,0
5842,55,0
5843,55,0
5844,54,0
5845,52,0
5846,55,0
5847,51,0
5848,51,0
5849,50,0
5850,52,0
5851,52,0
5852,52,0
5853,52,0
5854,52,0
5855,51,0
5856,55,0
5857,51,0
5858,53,0
5859,53,0
5860,52,0
5861,52,0
5862,52,0
5863,52,0
5864,54,0
5865,50,0
5866,52,0
5867,51,0
5868,55,0
5869,49,0
5870,51,0
5871,53,0
5872,52,0
5873,52,0
5874,50,0
5875,50,0
5876,53,0
5877,53,0
5878,55,0
5879,55,0
5880,53,0
5881,52,0
5882,50,0
5883,50,0
5884,52,0
5885,52,0
5886,52,0
5887,52,0
5888,51,0
5889,53,0
5890,51,0
5891,53,0
5892,55,0
5893,53,0
5894,52,0
5895,52,0
5896,50,0
5897,50,0
5898,52,0
5899,52,0
5900,52,0
5901,51,0
5902,51,0
5903,51,0
5904,55,0
5905,50,0
5906,52,0
5907,52,0
5908,52,0
5909,51,0
5910,53,0
5911,49,0
5912,51,0
5913,53,0
5914,52,0
5915,52,0
5916,50,0
5917,52,0
5918,50,0
5919,52,0
5920,52,0
5921,51,0
5922,51,0
5923,53,0
5924,51,0
5925,51,0
5926,52,0
5927,52,0
5928,50,0
5929,50,0
5930,50,0
5931,52,0
5932,51,0
5933,55,0
5934,53,0
5935,53,0
5936,52,0
5937,52,0
5938,50,0
5939,52,0
5940,53,0
5941,55,0
5942,53,0
5943,53,0
5944,52,0
5945,52,0
5946,52,0
5947,52,0
5948,50,0
5949,52,0
5950,51,0
5951,51,0
5952,51,0
5953,53,0
5954,54,0
5955,52,0
5956,52,0
5957,54,0
5958,50,0
5959,50,0
5960,51,0
5961,55,0
5962,55,0
5963,51,0
5964,52,0
5965,50,0
5966,52,0
5967,53,0
5968,51,0
5969,55,0
5970,49,0
5971,55,0
5972,52,0
5973,52,0
5974,52,0
5975,52,0
5976,52,0
5977,52,0
5978,55,0
5979,53,0
5980,51,0
5981,51,0
5982,52,0
5983,52,0
5984,52,0
5985,54,0
5986,51,0
5987,53,0
5988,53,0
5989,53,0
5990,51,0
5991,52,0
5992,50,0
5993,52,0
5994,52,0
5995,50,0
5996,51,0
5997,55,0
5998,51,0
5999,52,0
6000,54,0
6001,52,0
6002,51,0
6003,53,0
6004,53,0
6005,51,0
6006,52,0
6007,54,0
6008,50,0
6009,52,0
6010,52,0
6011,52,0
6012,51,0
6013,51,0
6014,51,0
6015,55,0
6016,54,0
6017,52,0
6018,54,0
6019,52,0
6020,52,0
6021,51,0
6022,49,0
6023,51,0
6024,51,0
6025,52,0
6026,52,0
6027,52,0
6028,52,0
6029,52,0
6030,51,0
6031,53,0
6032,52,0
6033,52,0
6034,50,0
6035,50,0
6036,52,0
6037,52,0
6038,52,0
6039,51,0
6040,53,0
6041,51,0
6042,51,0
6043,53,0
6044,52,0
6045,52,0
6046,50,0
6047,50,0
6048,50,0
6049,54,0
6050,52,0
6051,49,0
6052,55,0
6053,51,0
6054,51,0
6055,52,0
6056,54,0
6057,50,0
6058,52,0
6059,52,0
6060,52,0
6061,55,0
6062,51,0
6063,53,0
6064,52,0
6065,50,0
6066,50,0
6067,52,0
6068,52,0
6069,52,0
6070,52,0
6071,53,0
6072,53,0
6073,55,0
6074,55,0
6075,55,0
6076,52,0
6077,54,0
6078,52,0
6079,52,0
6080,52,0
6081,52,0
6082,52,0
6083,53,0
6084,51,0
6085,53,0
6086,51,0
6087,51,0
6088,52,0
6089,54,0
6090,50,0
6091,51,0
6092,53,0
6093,51,0
6094,51,0
6095,53,0
6096,50,0
6097,52,0
6098,52,0
6099,50,0
6100,54,0
6101,52,0
6102,52,0
6103,53,0
6104,51,0
6105,53,0
6106,53,0
6107,53,0
6108,50,0
6109,50,0
6110,52,0
6111,52,0
6112,52,0
6113,52,0
6114,51,0
6115,55,0
6116,53,0
6117,51,0
6118,49,0
6119,52,0
6120,52,0
6121,54,0
6122,52,0
6123,53,0
6124,55,0
6125,53,0
6126,53,0
6127,52,0
6128,54,0
6129,50,0
6130,52,0
6131,54,0
6132,52,0
6133,52,0
6134,51,0
6135,51,0
6136,53,0
6137,55,0
6138,52,0
6139,52,0
6140,52,0
6141,52,0
6142,50,0
6143,50,0
6144,52,0
6145,51,0
6146,55,0
6147,51,0
6148,51,0
6149,52,0
6150,52,0
6151,52,0
6152,52,0
6153,50,0
6154,53,0
6155,51,0
6156,52,0
6157,50,0
6158,52,0
6159,50,0
6160,52,0
6161,50,0
6162,53,0
6163,51,0
6164,55,0
6165,51,0
6166,51,0
6167,52,0
6168,52,0
6169,52,0
6170,54,0
6171,50,0
6172,52,0
6173,51,0
6174,51,0
6175,53,0
6176,53,0
6177,50,0
6178,52,0
6179,50,0
6180,54,0
6181,50,0
6182,52,0
6183,53,0
6184,51,0
6185,54,0
6186,52,0
6187,52,0
6188,52,0
6189,52,0
6190,51,0
6191,53,0
6192,55,0
6193,51,0
6194,51,0
6195,52,0
6196,52,0
6197,52,0
6198,50,0
6199,54,0
6200,50,0
6201,51,0
6202,53,0
6203,53,0
6204,53,0
6205,52,0
6206,52,0
6207,52,0
6208,54,0
6209,50,0
6210,52,0
6211,52,0
6212,51,0
6213,51,0
6214,51,0
6215,53,0
6216,54,0
6217,52,0
6218,50,0
6219,55,0
6220,51,0
6221,51,0
6222,55,0
6223,53,0
6224,52,0
6225,50,0
6226,52,0
6227,52,0
6228,52,0
6229,52,0
6230,52,0
6231,51,0
6232,53,0
6233,51,0
6234,55,0
6235,51,0
6236,52,0
6237,52,0
6238,52,0
6239,52,0
6240,54,0
6241,52,0
6242,52,0
6243,51,0
6244,51,0
6245,53,0
6246,52,0
6247,52,0
6248,54,0
6249,52,0
6250,52,0
6251,53,0
6252,53,0
6253,53,0
6254,51,0
6255,52,0
6256,52,0
6257,50,0
6258,52,0
6259,50,0
6260,52,0
6261,52,0
6262,51,0
6263,51,0
6264,51,0
6265,53,0
6266,53,0
6267,52,0
6268,50,0
6269,50,0
6270,50,0
6271,50,0
6272,50,0
6273,52,0
6274,51,0
6275,49,0
6276,51,0
6277,54,0
6278,52,0
6279,52,0
6280,52,0
6281,52,0
6282,53,0
6283,49,0
6284,51,0
6285,51,0
6286,53,0
6287,52,0
6288,50,0
6289,52,0
6290,50,0
6291,54,0
6292,52,0
6293,52,0
6294,53,0
6295,53,0
6296,51,0
6297,53,0
6298,51,0
6299,54,0
6300,50,0
6301,52,0
6302,52,0
6303,52,0
6304,52,0
6305,54,0
6306,53,0
6307,52,0
6308,54,0
6309,52,0
6310,52,0
6311,50,0
6312,52,0
6313,53,0
6314,53,0
6315,53,0
6316,53,0
6317,52,0
6318,54,0
6319,52,0
6320,52,0
6321,54,0
6322,52,0
6323,55,0
6324,55,0
6325,53,0
6326,51,0
6327,52,0
6328,52,0
6329,54,0
6330,54,0
6331,50,0
6332,51,0
6333,53,0
6334,53,0
6335,51,0
6336,53,0
6337,50,0
6338,52,0
6339,53,0
6340,53,0
6341,51,0
6342,55,0
6343,51,0
6344,52,0
6345,52,0
6346,54,0
6347,52,0
6348,52,0
6349,50,0
6350,55,0
6351,51,0
6352,51,0
6353,53,0
6354,52,0
6355,50,0
6356,50,0
6357,54,0
6358,54,0
6359,52,0
6360,55,0
6361,51,0
6362,51,0
6363,53,0
6364,52,0
6365,52,0
6366,54,0
6367,50,0
6368,52,0
6369,51,0
6370,51,0
6371,52,0
6372,52,0
6373,54,0
6374,52,0
6375,52,0
6376,52,0
6377,52,0
6378,51,0
6379,55,0
6380,49,0
6381,51,0
6382,52,0
6383,52,0
6384,50,0
6385,52,0
6386,50,0
6387,52,0
6388,52,0
6389,51,0
6390,53,0
6391,51,0
6392,53,0
6393,52,0
6394,52,0
6395,54,0
6396,54,0
6397,52,0
6398,51,0
6399,51,0
6400,52,0
6401,52,0
6402,54,0
6403,50,0
6404,52,0
6405,53,0
6406,53,0
6407,51,0
6408,52,0
6409,54,0
6410,52,0
6411,52,0
6412,50,0
6413,52,0
6414,53,0
6415,53,0
6416,51,0
6417,53,0
6418,51,0
6419,52,0
6420,50,0
6421,50,0
6422,50,0
6423,52,0
6424,52,0
6425,51,0
6426,55,0
6427,51,0
6428,53,0
6429,54,0
6430,52,0
6431,52,0
6432,51,0
6433,53,0
6434,53,0
6435,51,0
6436,52,0
6437,52,0
6438,52,0
6439,52,0
6440,52,0
6441,50,0
6442,54,0
6443,52,0
6444,51,0
6445,53,0
6446,53,0
6447,53,0
6448,53,0
6449,50,0
6450,50,0
6451,52,0
6452,52,0
6453,52,0
6454,52,0
6455,52,0
6456,50,0
6457,53,0
6458,53,0
6459,55,0
6460,55,0
6461,50,0
6462,50,0
6463,50,0
6464,54,0
6465,52,0
6466,55,0
6467,51,0
6468,51,0
6469,53,0
6470,51,0
6471,52,0
6472,52,0
6473,52,0
6474,52,0
6475,50,0
6476,52,0
6477,53,0
6478,51,0
6479,53,0
6480,51,0
6481,53,0
6482,50,0
6483,52,0
6484,52,0
6485,50,0
6486,52,0
6487,54,0
6488,50,0
6489,53,0
6490,51,0
6491,51,0
6492,52,0
6493,52,0
6494,52,0
6495,50,0
6496,50,0
6497,53,0
6498,55,0
6499,53,0
6500,53,0
6501,52,0
6502,50,0
6503,50,0
6504,52,0
6505,52,0
6506,52,0
6507,52,0
6508,49,0
6509,49,0
6510,51,0
6511,53,0
6512,53,0
6513,52,0
6514,50,0
6515,52,0
6516,54,0
6517,52,0
6518,52,0
6519,51,0
6520,51,0
6521,53,0
6522,51,0
6523,52,0
6524,52,0
6525,52,0
6526,51,0
6527,55,0
6528,49,0
6529,51,0
6530,52,0
6531,54,0
6532,52,0
6533,54,0
6534,50,0
6535,52,0
6536,51,0
6537,55,0
6538,51,0
6539,55,0
6540,51,0
6541,52,0
6542,50,0
6543,52,0
6544,52,0
6545,54,0
6546,50,0
6547,53,0
6548,51,0
6549,51,0
6550,53,0
6551,52,0
6552,52,0
6553,52,0
6554,55,0
6555,51,0
6556,55,0
6557,51,0
6558,52,0
6559,50,0
6560,54,0
6561,52,0
6562,52,0
6563,51,0
6564,53,0
6565,51,0
6566,55,0
6567,52,0
6568,50,0
6569,52,0
6570,52,0
6571,52,0
6572,50,0
6573,52,0
6574,55,0
6575,51,0
6576,51,0
6577,51,0
6578,52,0
6579,50,0
6580,52,0
6581,54,0
6582,54,0
6583,52,0
6584,50,0
6585,51,0
6586,50,0
6587,52,0
6588,52,0
6589,54,0
6590,54,0
6591,52,0
6592,53,0
6593,53,0
6594,51,0
6595,51,0
6596,53,0
6597,52,0
6598,52,0
6599,50,0
6600,52,0
6601,52,0
6602,52,0
6603,52,0
6604,53,0
6605,49,0
6606,53,0
6607,53,0
6608,51,0
6609,52,0
6610,52,0
6611,50,0
6612,52,0
6613,52,0
6614,52,0
6615,53,0
6616,51,0
6617,52,0
6618,52,0
6619,54,0
6620,50,0
6621,52,0
6622,52,0
6623,52,0
6624,53,0
6625,55,0
6626,49,0
6627,51,0
6628,53,0
6629,52,0
6630,52,0
6631,54,0
6632,52,0
6633,54,0
6634,52,0
6635,54,0
6636,52,0
6637,55,0
6638,51,0
6639,53,0
6640,51,0
6641,53,0
6642,52,0
6643,54,0
6644,50,0
6645,52,0
6646,55,0
6647,51,0
6648,51,0
6649,53,0
6650,52,0
6651,52,0
6652,52,0
6653,50,0
6654,52,0
6655,52,0
6656,55,0
6657,51,0
6658,53,0
6659,51,0
6660,52,0
6661,51,0
6662,51,0
6663,50,0
6664,52,0
6665,52,0
6666,53,0
6667,53,0
6668,51,0
6669,52,0
6670,52,0
6671,52,0
6672,52,0
6673,51,0
6674,49,0
6675,51,0
6676,52,0
6677,52,0
6678,54,0
6679,52,0
6680,52,0
6681,51,0
6682,51,0
6683,53,0
6684,52,0
6685,52,0
6686,54,0
6687,52,0
6688,50,0
6689,49,0
6690,52,0
6691,52,0
6692,54,0
6693,52,0
6694,53,0
6695,51,0
6696,55,0
6697,52,0
6698,50,0
6699,50,0
6700,52,0
6701,52,0
6702,53,0
6703,51,0
6704,51,0
6705,50,0
6706,54,0
6707,52,0
6708,52,0
6709,53,0
6710,51,0
6711,53,0
6712,52,0
6713,50,0
6714,52,0
6715,54,0
6716,55,0
6717,53,0
6718,51,0
6719,52,0
6720,52,0
6721,51,0
6722,51,0
6723,51,0
6724,52,0
6725,52,0
6726,54,0
6727,52,0
6728,51,0
6729,53,0
6730,53,0
6731,52,0
6732,50,0
6733,54,0
6734,52,0
6735,49,0
6736,51,0
6737,53,0
6738,52,0
6739,52,0
6740,52,0
6741,52,0
6742,55,0
6743,49,0
6744,49,0
6745,52,0
6746,54,0
6747,50,0
6748,50,0
6749,53,0
6750,53,0
6751,52,0
6752,52,0
6753,52,0
6754,52,0
6755,53,0
6756,53,0
6757,51,0
6758,52,0
6759,52,0
6760,52,0
6761,52,0
6762,52,0
6763,51,0
6764,51,0
6765,51,0
6766,52,0
6767,52,0
6768,52,0
6769,52,0
6770,53,0
6771,49,0
6772,51,0
6773,52,0
6774,52,0
6775,52,0
6776,50,0
6777,52,0
6778,55,0
6779,51,0
6780,51,0
6781,52,0
6782,50,0
6783,55,0
6784,51,0
6785,53,0
6786,50,0
6787,54,0
6788,52,0
6789,50,0
6790,50,0
6791,53,0
6792,55,0
6793,53,0
6794,50,0
6795,50,0
6796,52,0
6797,50,0
6798,52,0
6799,55,0
6800,53,0
6801,51,0
6802,52,0
6803,52,0
6804,52,0
6805,50,0
6806,52,0
6807,55,0
6808,53,0
6809,55,0
6810,53,0
6811,52,0
6812,52,0
6813,50,0
6814,53,0
6815,51,0
6816,51,0
6817,52,0
6818,50,0
6819,50,0
6820,50,0
6821,54,0
6822,52,0
6823,51,0
6824,51,0
6825,53,0
6826,52,0
6827,52,0
6828,50,0
6829,52,0
6830,52,0
6831,55,0
6832,51,0
6833,53,0
6834,50,0
6835,50,0
6836,50,0
6837,54,0
6838,52,0
6839,51,0
6840,53,0
6841,51,0
6842,54,0
6843,52,0
6844,53,0
6845,51,0
6846,49,0
6847,50,0
6848,54,0
6849,50,0
6850,52,0
6851,52,0
6852,51,0
6853,53,0
6854,53,0
6855,52,0
6856,50,0
6857,50,0
6858,54,0
6859,55,0
6860,51,0
6861,51,0
6862,52,0
6863,50,0
6864,52,0
6865,52,0
6866,52,0
6867,53,0
6868,53,0
6869,53,0
6870,52,0
6871,52,0
6872,55,0
6873,55,0
6874,51,0
6875,53,0
6876,52,0
6877,50,0
6878,50,0
6879,52,0
6880,55,0
6881,55,0
6882,51,0
6883,52,0
6884,50,0
6885,50,0
6886,52,0
6887,51,0
6888,51,0
6889,51,0
6890,52,0
6891,50,0
6892,50,0
6893,52,0
6894,51,0
6895,51,0
6896,53,0
6897,51,0
6898,52,0
6899,52,0
6900,52,0
6901,50,0
6902,55,0
6903,50,0
6904,54,0
6905,52,0
6906,50,0
6907,51,0
6908,55,0
6909,51,0
6910,50,0
6911,52,0
6912,52,0
6913,52,0
6914,49,0
6915,51,0
6916,51,0
6917,52,0
6918,52,0
6919,52,0
6920,52,0
6921,53,0
6922,51,0
6923,51,0
6924,52,0
6925,50,0
6926,52,0
6927,52,0
6928,52,0
6929,53,0
6930,55,0
6931,51,0
6932,52,0
6933,52,0
6934,49,0
6935,51,0
6936,51,0
6937,50,0
6938,50,0
6939,52,0
6940,52,0
6941,53,0
6942,49,0
6943,53,0
6944,52,0
6945,50,0
6946,50,0
6947,54,0
6948,55,0
6949,51,0
6950,51,0
6951,52,0
6952,52,0
6953,50,0
6954,52,0
6955,52,0
6956,53,0
6957,51,0
6958,49,0
6959,52,0
6960,52,0
6961,50,0
6962,50,0
6963,51,0
6964,50,0
6965,52,0
6966,52,0
6967,52,0
6968,52,0
6969,55,0
6970,53,0
6971,53,0
6972,50,0
6973,54,0
6974,50,0
6975,52,0
6976,51,0
6977,53,0
6978,53,0
6979,51,0
6980,52,0
6981,50,0
6982,50,0
6983,50,0
6984,51,0
6985,53,0
6986,55,0
6987,55,0
6988,52,0
6989,50,0
6990,52,0
6991,50,0
6992,51,0
6993,52,0
6994,52,0
6995,50,0
6996,52,0
6997,52,0
6998,51,0
6999,53,0
7000,53,0
7001,52,0
7002,50,0
7003,50,0
7004,50,0
7005,52,0
7006,49,0
7007,49,0
7008,53,0
7009,52,0
7010,50,0
7011,50,0
7012,52,0
7013,52,0
7014,53,0
7015,49,0
7016,53,0
7017,52,0
7018,50,0
7019,50,0
7020,50,0
7021,51,0
7022,53,0
7023,51,0
7024,54,0
7025,52,0
7026,52,0
7027,51,0
7028,53,0
7029,51,0
7030,53,0
7031,52,0
7032,52,0
7033,52,0
7034,52,0
7035,51,0
7036,53,0
7037,53,0
7038,50,0
7039,50,0
7040,52,0
7041,52,0
7042,52,0
7043,49,0
7044,51,0
7045,51,0
7046,50,0
7047,52,0
7048,50,0
7049,50,0
7050,53,0
7051,53,0
7052,55,0
7053,53,0
7054,52,0
7055,52,0
7056,51,0
7057,51,0
7058,51,0
7059,52,0
7060,52,0
7061,52,0
7062,52,0
7063,51,0
7064,51,0
7065,55,0
7066,52,0
7067,52,0
7068,52,0
7069,50,0
7070,49,0
7071,53,0
7072,51,0
7073,54,0
7074,50,0
7075,52,0
7076,50,0
7077,51,0
7078,51,0
7079,53,0
7080,52,0
7081,50,0
7082,52,0
7083,52,0
7084,53,0
7085,51,0
7086,52,0
7087,52,0
7088,52,0
7089,55,0
7090,53,0
7091,51,0
7092,52,0
7093,54,0
7094,52,0
7095,50,0
7096,51,0
7097,51,0
7098,51,0
7099,52,0
7100,52,0
7101,50,0
7102,50,0
7103,52,0
7104,51,0
7105,53,0
7106,52,0
7107,50,0
7108,52,0
7109,52,0
7110,50,0
7111,49,0
7112,52,0
7113,52,0
7114,54,0
7115,52,0
7116,55,0
7117,51,0
7118,52,0
7119,50,0
7120,52,0
7121,52,0
7122,51,0
7123,51,0
7124,51,0
7125,51,0
7126,54,0
7127,54,0
7128,50,0
7129,50,0
7130,55,0
7131,53,0
7132,55,0
7133,53,0
7134,52,0
7135,52,0
7136,54,0
7137,52,0
7138,54,0
7139,53,0
7140,51,0
7141,51,0
7142,52,0
7143,52,0
7144,52,0
7145,51,0
7146,55,0
7147,53,0
7148,52,0
7149,52,0
7150,52,0
7151,54,0
7152,52,0
7153,51,0
7154,55,0
7155,51,0
7156,52,0
7157,52,0
7158,52,0
7159,54,0
7160,50,0
7161,55,0
7162,51,0
7163,51,0
7164,55,0
7165,54,0
7166,50,0
7167,52,0
7168,52,0
7169,52,0
7170,51,0
7171,55,0
7172,53,0
7173,54,0
7174,50,0
7175,52,0
7176,50,0
7177,53,0
7178,53,0
7179,51,0
7180,50,0
7181,52,0
7182,50,0
7183,50,0
7184,52,0
7185,52,0
7186,53,0
7187,53,0
7188,49,0
7189,52,0
7190,50,0
7191,52,0
7192,52,0
7193,52,0
7194,51,0
7195,53,0
7196,51,0
7197,53,0
7198,50,0
7199,50,0
7200,52,0
7201,51,0
7202,53,0
7203,51,0
7204,53,0
7205,52,0
7206,50,0
7207,52,0
7208,52,0
7209,52,0
7210,51,0
7211,55,0
7212,51,0
7213,52,0
7214,52,0
7215,52,0
7216,54,0
7217,51,0
7218,51,0
7219,51,0
7220,51,0
7221,54,0
7222,52,0
7223,52,0
7224,52,0
7225,53,0
7226,51,0
7227,51,0
7228,50,0
7229,50,0
7230,55,0
7231,53,0
7232,53,0
7233,51,0
7234,52,0
7235,52,0
7236,52,0
7237,54,0
7238,51,0
7239,51,0
7240,53,0
7241,50,0
7242,52,0
7243,50,0
7244,52,0
7245,49,0
7246,53,0
7247,53,0
7248,52,0
7249,50,0
7250,54,0
7251,52,0
7252,55,0
7253,51,0
7254,55,0
7255,53,0
7256,52,0
7257,52,0
7258,50,0
7259,51,0
7260,53,0
7261,52,0
7262,54,0
7263,54,0
7264,50,0
7265,51,0
7266,53,0
7267,51,0
7268,52,0
7269,52,0
7270,52,0
7271,52,0
7272,50,0
7273,53,0
7274,53,0
7275,51,0
7276,50,0
7277,52,0
7278,50,0
7279,52,0
7280,50,0
7281,55,0
7282,51,0
7283,51,0
7284,54,0
7285,50,0
7286,52,0
7287,53,0
7288,51,0
7289,52,0
7290,52,0
7291,54,0
7292,54,0
7293,52,0
7294,51,0
7295,53,0
7296,53,0
7297,54,0
7298,52,0
7299,52,0
7300,52,0
7301,52,0
7302,53,0
7303,51,0
7304,49,0
7305,52,0
7306,52,0
7307,52,0
7308,52,0
7309,51,0
7310,51,0
7311,51,0
7312,51,0
7313,52,0
7314,50,0
7315,55,0
7316,51,0
7317,51,0
7318,49,0
7319,52,0
7320,54,0
7321,52,0
7322,50,0
7323,52,0
7324,51,0
7325,51,0
7326,51,0
7327,52,0
7328,52,0
7329,52,0
7330,50,0
7331,52,0
7332,55,0
7333,51,0
7334,53,0
7335,52,0
7336,50,0
7337,52,0
7338,52,0
7339,52,0
7340,51,0
7341,53,0
7342,51,0
7343,54,0
7344,52,0
7345,50,0
7346,50,0
7347,51,0
7348,53,0
7349,51,0
7350,52,0
7351,52,0
7352,50,0
7353,52,0
7354,50,0
7355,51,0
7356,51,0
7357,53,0
7358,51,0
7359,52,0
7360,50,0
7361,52,0
7362,52,0
7363,52,0
7364,51,0
7365,51,0
7366,51,0
7367,53,0
7368,50,0
7369,52,0
7370,50,0
7371,51,0
7372,53,0
7373,53,0
7374,50,0
7375,52,0
7376,50,0
7377,50,0
7378,52,0
7379,53,0
7380,51,0
7381,51,0
7382,53,0
7383,50,0
7384,52,0
7385,54,0
7386,52,0
7387,54,0
7388,53,0
7389,53,0
7390,51,0
7391,52,0
7392,52,0
7393,54,0
7394,50,0
7395,52,0
7396,55,0
7397,53,0
7398,51,0
7399,54,0
7400,52,0
7401,54,0
7402,49,0
7403,55,0
7404,49,0
7405,51,0
7406,54,0
7407,52,0
7408,50,0
7409,50,0
7410,52,0
7411,51,0
7412,51,0
7413,51,0
7414,52,0
7415,50,0
7416,52,0
7417,52,0
7418,52,0
7419,53,0
7420,51,0
7421,53,0
7422,52,0
7423,54,0
7424,54,0
7425,54,0
7426,52,0
7427,55,0
7428,52,0
7429,52,0
7430,52,0
7431,54,0
7432,51,0
7433,53,0
7434,53,0
7435,51,0
7436,52,0
7437,52,0
7438,52,0
7439,54,0
7440,53,0
7441,53,0
7442,51,0
7443,52,0
7444,52,0
7445,54,0
7446,52,0
7447,52,0
7448,51,0
7449,53,0
7450,51,0
7451,54,0
7452,52,0
7453,52,0
7454,54,0
7455,51,0
7456,50,0
7457,54,0
7458,52,0
7459,54,0
7460,52,0
7461,51,0
7462,51,0
7463,53,0
7464,52,0
7465,50,0
7466,52,0
7467,50,0
7468,53,0
7469,51,0
7470,53,0
7471,49,0
7472,54,0
7473,52,0
7474,52,0
7475,50,0
7476,51,0
7477,51,0
7478,53,0
7479,52,0
7480,49,0
7481,52,0
7482,50,0
7483,51,0
7484,52,0
7485,50,0
7486,52,0
7487,53,0
7488,49,0
7489,50,0
7490,50,0
7491,52,0
7492,49,0
7493,53,0
7494,52,0
7495,52,0
7496,52,0
7497,52,0
7498,53,0
7499,51,0
7500,52,0
7501,50,0
7502,52,0
7503,52,0
7504,51,0
7505,51,0
7506,52,0
7507,52,0
7508,54,0
7509,53,0
7510,51,0
7511,53,0
7512,52,0
7513,50,0
7514,53,0
7515,51,0
7516,52,0
7517,52,0
7518,52,0
7519,55,0
7520,51,0
7521,53,0
7522,52,0
7523,52,0
7524,50,0
7525,50,0
7526,55,0
7527,53,0
7528,52,0
7529,52,0
7530,50,0
7531,52,0
7532,53,0
7533,53,0
7534,52,0
7535,52,0
7536,52,0
7537,52,0
7538,51,0
7539,50,0
7540,52,0
7541,52,0
7542,53,0
7543,51,0
7544,53,0
7545,52,0
7546,54,0
7547,52,0
7548,53,0
7549,53,0
7550,53,0
7551,52,0
7552,50,0
7553,54,0
7554,51,0
7555,53,0
7556,51,0
7557,50,0
7558,52,0
7559,52,0
7560,51,0
7561,55,0
7562,51,0
7563,54,0
7564,50,0
7565,52,0
7566,53,0
7567,52,0
7568,54,0
7569,50,0
7570,55,0
7571,51,0
7572,51,0
7573,52,0
7574,54,0
7575,52,0
7576,51,0
7577,51,0
7578,51,0
7579,52,0
7580,52,0
7581,52,0
7582,53,0
7583,53,0
7584,53,0
7585,52,0
7586,50,0
7587,52,0
7588,55,0
7589,53,0
7590,52,0
7591,52,0
7592,52,0
7593,53,0
7594,52,0
7595,52,0
7596,52,0
7597,52,0
7598,53,0
7599,51,0
7600,50,0
7601,52,0
7602,54,0
7603,53,0
7604,51,0
7605,51,0
7606,50,0
7607,52,0
7608,52,0
7609,51,0
7610,53,0
7611,52,0
7612,52,0
7613,54,0
7614,53,0
7615,51,0
7616,53,0
7617,52,0
7618,52,0
7619,54,0
7620,53,0
7621,52,0
7622,52,0
7623,52,0
7624,49,0
7625,55,0
7626,53,0
7627,50,0
7628,54,0
7629,52,0
7630,53,0
7631,53,0
7632,52,0
7633,52,0
7634,50,0
7635,50,0
7636,51,0
7637,55,0
7638,52,0
7639,52,0
7640,52,0
7641,52,0
7642,51,0
7643,53,0
7644,52,0
7645,54,0
7646,52,0
7647,52,0
7648,52,0
7649,54,0
7650,52,0
7651,52,0
7652,51,0
7653,51,0
7654,52,0
7655,52,0
7656,52,0
7657,52,0
7658,55,0
7659,55,0
7660,52,0
7661,50,0
7662,52,0
7663,53,0
7664,55,0
7665,51,0
7666,52,0
7667,52,0
7668,52,0
7669,51,0
7670,51,0
7671,52,0
7672,52,0
7673,50,0
7674,52,0
7675,51,0
7676,51,0
7677,52,0
7678,52,0
7679,51,0
7680,53,0
7681,52,0
7682,52,0
7683,52,0
7684,52,0
7685,53,0
7686,51,0
7687,52,0
7688,52,0
7689,50,0
7690,52,0
7691,53,0
7692,51,0
7693,52,0
7694,50,0
7695,52,0
7696,51,0
7697,53,0
7698,49,0
7699,52,0
7700,50,0
7701,50,0
7702,51,0
7703,53,0
7704,53,0
7705,52,0
7706,52,0
7707,53,0
7708,51,0
7709,52,0
7710,52,0
7711,52,0
7712,50,0
7713,51,0
7714,53,0
7715,52,0
7716,50,0
7717,50,0
7718,50,0
7719,53,0
7720,51,0
7721,53,0
7722,50,0
7723,52,0
7724,52,0
7725,52,0
7726,51,0
7727,51,0
7728,51,0
7729,52,0
7730,52,0
7731,52,0
7732,51,0
7733,51,0
7734,53,0
7735,52,0
7736,51,0
7737,53,0
7738,49,0
7739,52,0
7740,52,0
7741,50,0
7742,51,0
7743,51,0
7744,51,0
7745,52,0
7746,52,0
7747,52,0
7748,53,0
7749,55,0
7750,53,0
7751,52,0
7752,54,0
7753,52,0
7754,51,0
7755,51,0
7756,53,0
7757,52,0
7758,52,0
7759,50,0
7760,51,0
7761,53,0
7762,52,0
7763,52,0
7764,53,0
7765,55,0
7766,52,0
7767,52,0
7768,52,0
7769,52,0
7770,53,0
7771,55,0
7772,52,0
7773,54,0
7774,54,0
7775,52,0
7776,51,0
7777,51,0
7778,52,0
7779,52,0
7780,52,0
7781,50,0
7782,55,0
7783,53,0
7784,52,0
7785,50,0
7786,52,0
7787,53,0
7788,51,0
7789,49,0
7790,54,0
7791,51,0
7792,53,0
7793,51,0
7794,52,0
7795,52,0
7796,54,0
7797,51,0
7798,53,0
7799,52,0
7800,52,0
7801,52,0
7802,55,0
7803,51,0
7804,55,0
7805,52,0
7806,50,0
7807,52,0
7808,51,0
7809,55,0
7810,52,0
7811,54,0
7812,54,0
7813,52,0
7814,51,0
7815,55,0
7816,54,0
7817,52,0
7818,52,0
7819,53,0
7820,50,0
7821,52,0
7822,52,0
7823,53,0
7824,53,0
7825,50,0
7826,52,0
7827,50,0
7828,53,0
7829,53,0
7830,51,0
7831,52,0
7832,50,0
7833,52,0
7834,51,0
7835,53,0
7836,52,0
7837,50,0
7838,54,0
7839,51,0
7840,51,0
7841,53,0
7842,50,0
7843,52,0
7844,50,0
7845,50,0
7846,55,0
7847,55,0
7848,52,0
7849,52,0
7850,51,0
7851,51,0
7852,50,0
7853,52,0
7854,50,0
7855,53,0
7856,53,0
7857,55,0
7858,52,0
7859,52,0
7860,50,0
7861,53,0
7862,51,0
7863,51,0
7864,52,0
7865,52,0
7866,52,0
7867,51,0
7868,55,0
7869,52,0
7870,52,0
7871,52,0
7872,52,0
7873,51,0
7874,55,0
7875,52,0
7876,52,0
7877,53,0
7878,51,0
7879,52,0
7880,50,0
7881,50,0
7882,52,0
7883,53,0
7884,51,0
7885,52,0
7886,54,0
7887,52,0
7888,52,0
7889,51,0
7890,53,0
7891,52,0
7892,52,0
7893,54,0
7894,52,0
7895,53,0
7896,51,0
7897,53,0
7898,52,0
7899,52,0
7900,52,0
7901,53,0
7902,53,0
7903,51,0
7904,52,0
7905,52,0
7906,53,0
7907,53,0
7908,52,0
7909,50,0
7910,50,0
7911,52,0
7912,51,0
7913,51,0
7914,52,0
7915,52,0
7916,54,0
7917,52,0
7918,53,0
7919,51,0
7920,52,0
7921,52,0
7922,52,0
7923,52,0
7924,51,0
7925,53,0
7926,52,0
7927,50,0
7928,50,0
7929,52,0
7930,51,0
7931,53,0
7932,50,0
7933,50,0
7934,53,0
7935,51,0
7936,52,0
7937,50,0
7938,54,0
7939,54,0
7940,51,0
7941,53,0
7942,52,0
7943,50,0
7944,52,0
7945,50,0
7946,51,0
7947,55,0
7948,52,0
7949,52,0
7950,54,0
7951,52,0
7952,53,0
7953,53,0
7954,52,0
7955,52,0
7956,52,0
7957,51,0
7958,51,0
7959,51,0
7960,52,0
7961,51,0
7962,51,0
7963,51,0
7964,52,0
7965,52,0
7966,54,0
7967,53,0
7968,53,0
7969,52,0
7970,52,0
7971,52,0
7972,52,0
7973,55,0
7974,51,0
7975,50,0
7976,52,0
7977,50,0
7978,51,0
7979,51,0
7980,52,0
7981,52,0
7982,50,0
7983,52,0
7984,51,0
7985,51,0
7986,52,0
7987,50,0
7988,51,0
7989,51,0
7990,52,0
7991,54,0
7992,52,0
7993,55,0
7994,51,0
7995,52,0
7996,52,0
7997,52,0
7998,51,0
7999,55,0
8000,53,0
8001,50,0
8002,52,0
8003,52,0
8004,55,0
8005,51,0
8006,52,0
8007,52,0
8008,52,0
8009,49,0
8010,55,0
8011,49,0
8012,54,0
8013,52,0
8014,54,0
8015,51,0
8016,52,0
8017,52,0
8018,52,0
8019,51,0
8020,51,0
8021,52,0
8022,54,0
8023,52,0
8024,53,0
8025,51,0
8026,51,0
8027,50,0
8028,52,0
8029,54,0
8030,52,0
8031,51,0
8032,51,0
8033,52,0
8034,52,0
8035,52,0
8036,51,0
8037,53,0
8038,55,0
8039,54,0
8040,52,0
8041,52,0
8042,55,0
8043,50,0
8044,52,0
8045,52,0
8046,52,0
8047,51,0
8048,55,0
8049,52,0
8050,52,0
8051,52,0
8052,51,0
8053,55,0
8054,51,0
8055,54,0
8056,50,0
8057,50,0
8058,52,0
8059,53,0
8060,51,0
8061,52,0
8062,50,0
8063,50,0
8064,52,0
8065,55,0
8066,51,0
8067,52,0
8068,52,0
8069,52,0
8070,52,0
8071,51,0
8072,52,0
8073,52,0
8074,52,0
8075,53,0
8076,55,0
8077,53,0
8078,50,0
8079,52,0
8080,52,0
8081,52,0
8082,51,0
8083,51,0
8084,52,0
8085,52,0
8086,52,0
8087,52,0
8088,51,0
8089,53,0
8090,51,0
8091,50,0
8092,50,0
8093,50,0
8094,53,0
8095,53,0
8096,53,0
8097,50,0
8098,52,0
8099,52,0
8100,53,0
8101,52,0
8102,50,0
8103,52,0
8104,53,0
8105,55,0
8106,51,0
8107,52,0
8108,52,0
8109,52,0
8110,51,0
8111,53,0
8112,55,0
8113,52,0
8114,52,0
8115,52,0
8116,53,0
8117,55,0
8118,53,0
8119,52,0
8120,52,0
8121,50,0
8122,49,0
8123,51,0
8124,52,0
8125,54,0
8126,52,0
8127,52,0
8128,51,0
8129,50,0
8130,54,0
8131,52,0
8132,51,0
8133,53,0
8134,52,0
8135,52,0
8136,52,0
8137,52,0
8138,51,0
8139,51,0
8140,52,0
8141,50,0
8142,52,0
8143,53,0
8144,55,0
8145,53,0
8146,52,0
8147,52,0
8148,52,0
8149,53,0
8150,51,0
8151,50,0
8152,54,0
8153,52,0
8154,52,0
8155,52,0
8156,52,0
8157,54,0
8158,55,0
8159,53,0
8160,51,0
8161,54,0
8162,52,0
8163,52,0
8164,53,0
8165,51,0
8166,52,0
8167,50,0
8168,52,0
8169,52,0
8170,53,0
8171,51,0
8172,54,0
8173,52,0
8174,50,0
8175,51,0
8176,51,0
8177,52,0
8178,50,0
8179,50,0
8180,51,0
8181,53,0
8182,52,0
8183,54,0
8184,51,0
8185,53,0
8186,51,0
8187,50,0
8188,52,0
8189,52,0
8190,53,0
8191,51,0
8192,52,0
8193,52,0
8194,52,0
8195,53,0
8196,51,0
8197,52,0
8198,52,0
8199,50,0
8200,52,0
8201,53,0
8202,53,0
8203,52,0
8204,52,0
8205,54,0
8206,52,0
8207,53,0
8208,55,0
8209,52,0
8210,50,0
8211,55,0
8212,53,0
8213,52,0
8214,52,0
8215,52,0
8216,53,0
8217,53,0
8218,53,0
8219,52,0
8220,54,0
8221,52,0
8222,51,0
8223,55,0
8224,53,0
8225,52,0
8226,50,0
8227,52,0
8228,51,0
8229,51,0
8230,52,0
8231,54,0
8232,52,0
8233,52,0
8234,53,0
8235,51,0
8236,52,0
8237,50,0
8238,53,0
8239,49,0
8240,52,0
8241,50,0
8242,54,0
8243,52,0
8244,51,0
8245,51,0
8246,52,0
8247,52,0
8248,52,0
8249,55,0
8250,51,0
8251,51,0
8252,52,0
8253,50,0
8254,52,0
8255,51,0
8256,53,0
8257,55,0
8258,52,0
8259,50,0
8260,50,0
8261,51,0
8262,51,0
8263,53,0
8264,52,0
8265,52,0
8266,53,0
8267,55,0
8268,52,0
8269,52,0
8270,52,0
8271,52,0
8272,51,0
8273,51,0
8274,51,0
8275,50,0
8276,52,0
8277,50,0
8278,52,0
8279,55,0
8280,51,0
8281,52,0
8282,50,0
8283,52,0
8284,50,0
8285,51,0
8286,53,0
8287,52,0
8288,52,0
8289,52,0
8290,52,0
8291,53,0
8292,53,0
8293,52,0
8294,54,0
8295,51,0
8296,51,0
8297,51,0
8298,52,0
8299,50,0
8300,54,0
8301,53,0
8302,51,0
8303,50,0
8304,54,0
8305,51,0
8306,51,0
8307,52,0
8308,52,0
8309,52,0
8310,51,0
8311,55,0
8312,51,0
8313,52,0
8314,52,0
8315,50,0
8316,52,0
8317,51,0
8318,53,0
8319,55,0
8320,50,0
8321,52,0
8322,52,0
8323,52,0
8324,50,0
8325,53,0
8326,51,0
8327,53,0
8328,50,0
8329,52,0
8330,50,0
8331,54,0
8332,51,0
8333,51,0
8334,53,0
8335,52,0
8336,52,0
8337,53,0
8338,51,0
8339,51,0
8340,52,0
8341,52,0
8342,54,0
8343,52,0
8344,53,0
8345,51,0
8346,51,0
8347,52,0
8348,52,0
8349,52,0
8350,52,0
8351,52,0
8352,51,0
8353,51,0
8354,51,0
8355,52,0
8356,52,0
8357,52,0
8358,50,0
8359,51,0
8360,53,0
8361,51,0
8362,52,0
8363,54,0
8364,52,0
8365,52,0
8366,55,0
8367,53,0
8368,50,0
8369,50,0
8370,54,0
8371,52,0
8372,53,0
8373,53,0
8374,51,0
8375,52,0
8376,52,0
8377,52,0
8378,52,0
8379,51,0
8380,51,0
8381,51,0
8382,51,0
8383,52,0
8384,52,0
8385,52,0
8386,52,0
8387,51,0
8388,51,0
8389,51,0
8390,52,0
8391,52,0
8392,54,0
8393,54,0
8394,52,0
8395,53,0
8396,50,0
8397,50,0
8398,54,0
8399,55,0
8400,53,0
8401,51,0
8402,55,0
8403,50,0
8404,52,0
8405,52,0
8406,52,0
8407,51,0
8408,55,0
8409,53,0
8410,55,0
8411,52,0
8412,52,0
8413,50,0
8414,54,0
8415,51,0
8416,53,0
8417,51,0
8418,53,0
8419,52,0
8420,50,0
8421,52,0
8422,52,0
8423,52,0
8424,51,0
8425,53,0
8426,52,0
8427,54,0
8428,54,0
8429,51,0
8430,51,0
8431,51,0
8432,51,0
8433,52,0
8434,54,0
8435,52,0
8436,54,0
8437,52,0
8438,51,0
8439,53,0
8440,51,0
8441,50,0
8442,50,0
8443,50,0
8444,52,0
8445,50,0
8446,55,0
8447,51,0
8448,51,0
8449,51,0
8450,52,0
8451,52,0
8452,52,0
8453,50,0
8454,51,0
8455,51,0
8456,52,0
8457,52,0
8458,52,0
8459,52,0
8460,55,0
8461,51,0
8462,53,0
8463,52,0
8464,52,0
8465,52,0
8466,52,0
8467,53,0
8468,53,0
8469,51,0
8470,53,0
8471,50,0
8472,50,0
8473,52,0
8474,52,0
8475,55,0
8476,51,0
8477,51,0
8478,52,0
8479,54,0
8480,52,0
8481,52,0
8482,55,0
8483,53,0
8484,55,0
8485,52,0
8486,52,0
8487,52,0
8488,53,0
8489,53,0
8490,55,0
8491,52,0
8492,52,0
8493,54,0
8494,50,0
8495,53,0
8496,55,0
8497,51,0
8498,51,0
8499,50,0
8500,52,0
8501,52,0
8502,52,0
8503,51,0
8504,51,0
8505,53,0
8506,52,0
8507,52,0
8508,52,0
8509,52,0
8510,53,0
8511,51,0
8512,53,0
8513,52,0
8514,52,0
8515,52,0
8516,51,0
8517,53,0
8518,51,0
8519,52,0
8520,52,0
8521,54,0
8522,52,0
8523,53,0
8524,53,0
8525,51,0
8526,52,0
8527,52,0
8528,52,0
8529,52,0
8530,53,0
8531,51,0
8532,55,0
8533,52,0
8534,52,0
8535,50,0
8536,52,0
8537,52,0
8538,51,0
8539,51,0
8540,53,0
8541,52,0
8542,54,0
8543,52,0
8544,52,0
8545,55,0
8546,50,0
8547,54,0
8548,52,0
8549,52,0
8550,51,0
8551,53,0
8552,51,0
8553,52,0
8554,52,0
8555,52,0
8556,50,0
8557,52,0
8558,51,0
8559,51,0
8560,51,0
8561,52,0
8562,54,0
8563,54,0
8564,52,0
8565,53,0
8566,53,0
8567,53,0
8568,52,0
8569,54,0
8570,52,0
8571,50,0
8572,52,0
8573,53,0
8574,55,0
8575,54,0
8576,50,0
8577,52,0
8578,50,0
8579,51,0
8580,51,0
8581,53,0
8582,50,0
8583,52,0
8584,52,0
8585,52,0
8586,53,0
8587,53,0
8588,51,0
8589,55,0
8590,50,0
8591,52,0
8592,50,0
8593,52,0
8594,49,0
8595,51,0
8596,51,0
8597,52,0
8598,52,0
8599,52,0
8600,54,0
8601,52,0
8602,53,0
8603,51,0
8604,53,0
8605,54,0
8606,50,0
8607,51,0
8608,55,0
8609,51,0
8610,51,0
8611,52,0
8612,52,0
8613,52,0
8614,50,0
8615,53,0
8616,53,0
8617,53,0
8618,52,0
8619,52,0
8620,52,0
8621,54,0
8622,52,0
8623,51,0
8624,51,0
8625,53,0
8626,50,0
8627,52,0
8628,52,0
8629,52,0
8630,50,0
8631,53,0
8632,53,0
8633,51,0
8634,50,0
8635,50,0
8636,52,0
8637,51,0
8638,53,0
8639,55,0
8640,52,0
8641,54,0
8642,52,0
8643,52,0
8644,54,0
8645,53,0
8646,51,0
8647,53,0
8648,51,0
8649,52,0
8650,52,0
8651,52,0
8652,50,0
8653,51,0
8654,53,0
8655,51,0
8656,53,0
8657,52,0
8658,52,0
8659,50,0
8660,52,0
8661,51,0
8662,53,0
8663,53,0
8664,52,0
8665,50,0
8666,52,0
8667,51,0
8668,51,0
8669,55,0
8670,52,0
8671,54,0
8672,54,0
8673,52,0
8674,51,0
8675,51,0
8676,51,0
8677,52,0
8678,54,0
8679,54,0
8680,54,0
8681,52,0
8682,51,0
8683,51,0
8684,55,0
8685,52,0
8686,50,0
8687,52,0
8688,54,0
8689,51,0
8690,51,0
8691,53,0
8692,51,0
8693,52,0
8694,52,0
8695,53,0
8696,51,0
8697,53,0
8698,52,0
8699,54,0
8700,52,0
8701,52,0
8702,55,0
8703,51,0
8704,53,0
8705,52,0
8706,54,0
8707,54,0
8708,52,0
8709,52,0
8710,51,0
8711,55,0
8712,53,0
8713,52,0
8714,52,0
8715,52,0
8716,52,0
8717,51,0
8718,55,0
8719,51,0
8720,52,0
8721,54,0
8722,52,0
8723,50,0
8724,51,0
8725,52,0
8726,52,0
8727,50,0
8728,52,0
8729,52,0
8730,51,0
8731,53,0
8732,53,0
8733,52,0
8734,52,0
8735,50,0
8736,52,0
8737,51,0
8738,53,0
8739,55,0
8740,52,0
8741,50,0
8742,52,0
8743,54,0
8744,52,0
8745,55,0
8746,55,0
8747,51,0
8748,52,0
8749,52,0
8750,52,0
8751,50,0
8752,53,0
8753,51,0
8754,52,0
8755,52,0
8756,52,0
8757,52,0
8758,51,0
8759,51,0
8760,51,0
8761,52,0
8762,54,0
8763,52,0
8764,50,0
8765,53,0
8766,55,0
8767,51,0
8768,51,0
8769,52,0
8770,52,0
8771,52,0
8772,54,0
8773,55,0
8774,51,0
8775,55,0
8776,53,0
8777,52,0
8778,52,0
8779,50,0
8780,50,0
8781,51,0
8782,53,0
8783,51,0
8784,52,0
8785,52,0
8786,54,0
8787,53,0
8788,53,0
8789,51,0
8790,53,0
8791,52,0
8792,52,0
8793,50,0
8794,50,0
8795,51,0
8796,51,0
8797,53,0
8798,53,0
8799,52,0
8800,52,0
8801,52,0
8802,52,0
8803,52,0
8804,53,0
8805,51,0
8806,51,0
8807,52,0
8808,52,0
8809,52,0
8810,52,0
8811,50,0
8812,53,0
8813,53,0
8814,52,0
8815,52,0
8816,52,0
8817,52,0
8818,55,0
8819,51,0
8820,51,0
8821,51,0
8822,52,0
8823,52,0
8824,52,0
8825,50,0
8826,53,0
8827,55,0
8828,51,0
8829,51,0
8830,52,0
8831,50,0
8832,54,0
8833,52,0
8834,52,0
8835,53,0
8836,51,0
8837,53,0
8838,52,0
8839,52,0
8840,52,0
8841,52,0
8842,51,0
8843,53,0
8844,54,0
8845,52,0
8846,50,0
8847,52,0
8848,51,0
8849,53,0
8850,53,0
8851,52,0
8852,50,0
8853,52,0
8854,52,0
8855,53,0
8856,53,0
8857,51,0
8858,52,0
8859,50,0
8860,52,0
8861,52,0
8862,52,0
8863,53,0
8864,53,0
8865,53,0
8866,52,0
8867,50,0
8868,50,0
8869,52,0
8870,51,0
8871,51,0
8872,51,0
8873,52,0
8874,52,0
8875,52,0
8876,51,0
8877,51,0
8878,53,0
8879,50,0
8880,52,0
8881,52,0
8882,52,0
8883,51,0
8884,55,0
8885,51,0
8886,52,0
8887,52,0
8888,50,0
8889,52,0
8890,53,0
8891,51,0
8892,51,0
8893,52,0
8894,52,0
8895,54,0
8896,50,0
8897,52,0
8898,51,0
8899,51,0
8900,53,0
8901,52,0
8902,52,0
8903,55,0
8904,51,0
8905,51,0
8906,50,0
8907,52,0
8908,50,0
8909,52,0
8910,53,0
8911,51,0
8912,51,0
8913,52,0
8914,50,0
8915,54,0
8916,52,0
8917,51,0
8918,51,0
8919,55,0
8920,50,0
8921,52,0
8922,52,0
8923,52,0
8924,50,0
8925,51,0
8926,53,0
8927,55,0
8928,50,0
8929,50,0
8930,54,0
8931,51,0
8932,52,0
8933,52,0
8934,52,0
8935,52,0
8936,51,0
8937,51,0
8938,51,0
8939,51,0
8940,52,0
8941,52,0
8942,52,0
8943,52,0
8944,53,0
8945,55,0
8946,53,0
8947,52,0
8948,52,0
8949,52,0
8950,54,0
8951,52,0
8952,55,0
8953,53,0
8954,51,0
8955,52,0
8956,52,0
8957,52,0
8958,52,0
8959,55,0
8960,51,0
8961,52,0
8962,54,0
8963,52,0
8964,50,0
8965,55,0
8966,51,0
8967,53,0
8968,52,0
8969,52,0
8970,50,0
8971,50,0
8972,52,0
8973,51,0
8974,55,0
8975,51,0
8976,51,0
8977,52,0
8978,52,0
8979,52,0
8980,50,0
8981,51,0
8982,51,0
8983,51,0
8984,51,0
8985,52,0
8986,52,0
8987,52,0
8988,50,0
8989,52,0
8990,53,0
8991,53,0
8992,50,0
8993,52,0
8994,50,0
8995,53,0
8996,53,0
8997,53,0
8998,55,0
8999,52,0
9000,54,0
9001,52,0
9002,52,0
9003,52,0
9004,55,0
9005,51,0
9006,51,0
9007,52,0
9008,54,0
9009,50,0
9010,50,0
9011,52,0
9012,51,0
9013,53,0
9014,51,0
9015,52,0
9016,52,0
9017,52,0
9018,54,0
9019,52,0
9020,51,0
9021,55,0
9022,52,0
9023,54,0
9024,52,0
9025,53,0
9026,51,0
9027,55,0
9028,53,0
9029,50,0
9030,52,0
9031,54,0
9032,50,0
9033,55,0
9034,51,0
9035,51,0
9036,52,0
9037,52,0
9038,52,0
9039,52,0
9040,52,0
9041,53,0
9042,53,0
9043,53,0
9044,52,0
9045,50,0
9046,54,0
9047,54,0
9048,52,0
9049,51,0
9050,51,0
9051,51,0
9052,52,0
9053,52,0
9054,51,0
9055,51,0
9056,53,0
9057,52,0
9058,52,0
9059,52,0
9060,52,0
9061,52,0
9062,55,0
9063,51,0
9064,51,0
9065,52,0
9066,52,0
9067,54,0
9068,52,0
9069,51,0
9070,53,0
9071,55,0
9072,52,0
9073,54,0
9074,52,0
9075,54,0
9076,52,0
9077,53,0
9078,53,0
9079,55,0
9080,52,0
9081,52,0
9082,53,0
9083,55,0
9084,50,0
9085,52,0
9086,54,0
9087,52,0
9088,50,0
9089,53,0
9090,51,0
9091,53,0
9092,52,0
9093,52,0
9094,52,0
9095,52,0
9096,51,0
9097,51,0
9098,55,0
9099,52,0
9100,52,0
9101,52,0
9102,52,0
9103,55,0
9104,49,0
9105,53,0
9106,52,0
9107,52,0
9108,52,0
9109,54,0
9110,53,0
9111,52,0
9112,52,0
9113,52,0
9114,52,0
9115,53,0
9116,55,0
9117,53,0
9118,52,0
9119,52,0
9120,52,0
9121,52,0
9122,51,0
9123,55,0
9124,50,0
9125,52,0
9126,52,0
9127,53,0
9128,53,0
9129,52,0
9130,52,0
9131,50,0
9132,51,0
9133,53,0
9134,52,0
9135,52,0
9136,52,0
9137,51,0
9138,51,0
9139,55,0
9140,52,0
9141,51,0
9142,51,0
9143,53,0
9144,52,0
9145,52,0
9146,52,0
9147,51,0
9148,51,0
9149,52,0
9150,52,0
9151,52,0
9152,52,0
9153,53,0
9154,51,0
9155,50,0
9156,52,0
9157,52,0
9158,51,0
9159,51,0
9160,49,0
9161,52,0
9162,52,0
9163,52,0
9164,53,0
9165,53,0
9166,50,0
9167,52,0
9168,50,0
9169,55,0
9170,52,0
9171,50,0
9172,50,0
9173,52,0
9174,51,0
9175,51,0
9176,52,0
9177,52,0
9178,52,0
9179,52,0
9180,51,0
9181,53,0
9182,50,0
9183,52,0
9184,50,0
9185,52,0
9186,53,0
9187,51,0
9188,52,0
9189,50,0
9190,54,0
9191,52,0
9192,49,0
9193,55,0
9194,52,0
9195,52,0
9196,52,0
9197,53,0
9198,51,0
9199,52,0
9200,50,0
9201,51,0
9202,53,0
9203,55,0
9204,50,0
9205,52,0
9206,52,0
9207,55,0
9208,51,0
9209,55,0
9210,52,0
9211,50,0
9212,50,0
9213,53,0
9214,53,0
9215,52,0
9216,50,0
9217,52,0
9218,53,0
9219,53,0
9220,53,0
9221,50,0
9222,50,0
9223,54,0
9224,51,0
9225,53,0
9226,52,0
9227,54,0
9228,50,0
9229,54,0
9230,53,0
9231,55,0
9232,51,0
9233,54,0
9234,52,0
9235,50,0
9236,49,0
9237,55,0
9238,49,0
9239,52,0
9240,50,0
9241,53,0
9242,51,0
9243,52,0
9244,50,0
9245,52,0
9246,52,0
9247,53,0
9248,51,0
9249,52,0
9250,52,0
9251,54,0
9252,52,0
9253,53,0
9254,53,0
9255,52,0
9256,52,0
9257,52,0
9258,50,0
9259,55,0
9260,51,0
9261,52,0
9262,50,0
9263,50,0
9264,50,0
9265,53,0
9266,51,0
9267,52,0
9268,50,0
9269,52,0
9270,55,0
9271,51,0
9272,52,0
9273,54,0
9274,52,0
9275,52,0
9276,53,0
9277,55,0
9278,50,0
9279,50,0
9280,52,0
9281,52,0
9282,49,0
9283,53,0
9284,53,0
9285,52,0
9286,52,0
9287,52,0
9288,49,0
9289,55,0
9290,53,0
9291,52,0
9292,54,0
9293,54,0
9294,52,0
9295,53,0
9296,51,0
9297,52,0
9298,52,0
9299,51,0
9300,53,0
9301,53,0
9302,52,0
9303,52,0
9304,52,0
9305,52,0
9306,55,0
9307,55,0
9308,52,0
9309,54,0
9310,54,0
9311,52,0
9312,53,0
9313,53,0
9314,51,0
9315,52,0
9316,54,0
9317,50,0
9318,51,0
9319,51,0
9320,55,0
9321,52,0
9322,50,0
9323,52,0
9324,50,0
9325,51,0
9326,52,0
9327,52,0
9328,52,0
9329,52,0
9330,49,0
9331,53,0
9332,51,0
9333,54,0
9334,50,0
9335,52,0
9336,53,0
9337,55,0
9338,51,0
9339,52,0
9340,50,0
9341,52,0
9342,52,0
9343,51,0
9344,51,0
9345,53,0
9346,50,0
9347,50,0
9348,50,0
9349,52,0
9350,53,0
9351,53,0
9352,52,0
9353,52,0
9354,50,0
9355,52,0
9356,55,0
9357,51,0
9358,51,0
9359,52,0
9360,50,0
9361,51,0
9362,51,0
9363,53,0
9364,52,0
9365,52,0
9366,50,0
9367,52,0
9368,53,0
9369,51,0
9370,53,0
9371,52,0
9372,52,0
9373,52,0
9374,53,0
9375,53,0
9376,51,0
9377,52,0
9378,52,0
9379,52,0
9380,52,0
9381,53,0
9382,53,0
9383,52,0
9384,52,0
9385,52,0
9386,52,0
9387,53,0
9388,55,0
9389,52,0
9390,50,0
9391,52,0
9392,51,0
9393,51,0
9394,52,0
9395,52,0
9396,50,0
9397,52,0
9398,53,0
9399,53,0
9400,53,0
9401,54,0
9402,50,0
9403,52,0
9404,53,0
9405,51,0
9406,49,0
9407,50,0
9408,52,0
9409,54,0
9410,53,0
9411,53,0
9412,51,0
9413,52,0
9414,52,0
9415,52,0
9416,52,0
9417,50,0
9418,52,0
9419,50,0
9420,52,0
9421,53,0
9422,51,0
9423,52,0
9424,52,0
9425,52,0
9426,52,0
9427,51,0
9428,53,0
9429,52,0
9430,52,0
9431,52,0
9432,52,0
9433,55,0
9434,53,0
9435,52,0
9436,52,0
9437,52,0
9438,52,0
9439,53,0
9440,53,0
9441,52,0
9442,50,0
9443,54,0
9444,52,0
9445,53,0
9446,52,0
9447,50,0
9448,52,0
9449,53,0
9450,51,0
9451,50,0
9452,52,0
9453,50,0
9454,52,0
9455,53,0
9456,51,0
9457,52,0
9458,52,0
9459,50,0
9460,52,0
9461,51,0
9462,53,0
9463,49,0
9464,52,0
9465,50,0
9466,52,0
9467,49,0
9468,53,0
9469,53,0
9470,52,0
9471,50,0
9472,52,0
9473,53,0
9474,53,0
9475,55,0
9476,52,0
9477,50,0
9478,51,0
9479,53,0
9480,52,0
9481,52,0
9482,54,0
9483,50,0
9484,55,0
9485,53,0
9486,53,0
9487,50,0
9488,52,0
9489,52,0
9490,53,0
9491,53,0
9492,51,0
9493,50,0
9494,52,0
9495,50,0
9496,52,0
9497,51,0
9498,53,0
9499,50,0
9500,52,0
9501,50,0
9502,52,0
9503,51,0
9504,52,0
9505,50,0
9506,52,0
9507,50,0
9508,51,0
9509,51,0
9510,55,0
9511,50,0
9512,52,0
9513,52,0
9514,52,0
9515,51,0
9516,53,0
9517,52,0
9518,52,0
9519,52,0
9520,52,0
9521,50,0
9522,51,0
9523,49,0
9524,51,0
9525,50,0
9526,52,0
9527,52,0
9528,55,0
9529,51,0
9530,53,0
9531,52,0
9532,52,0
9533,51,0
9534,51,0
9535,51,0
9536,53,0
9537,52,0
9538,50,0
9539,52,0
9540,51,0
9541,53,0
9542,53,0
9543,52,0
9544,54,0
9545,50,0
9546,52,0
9547,51,0
9548,53,0
9549,55,0
9550,50,0
9551,50,0
9552,52,0
9553,52,0
9554,53,0
9555,49,0
9556,52,0
9557,50,0
9558,52,0
9559,50,0
9560,51,0
9561,53,0
9562,51,0
9563,52,0
9564,54,0
9565,50,0
9566,52,0
9567,49,0
9568,50,0
9569,52,0
9570,52,0
9571,53,0
9572,53,0
9573,51,0
9574,52,0
9575,52,0
9576,52,0
9577,50,0
9578,51,0
9579,49,0
9580,52,0
9581,50,0
9582,50,0
9583,50,0
9584,55,0
9585,53,0
9586,55,0
9587,50,0
9588,50,0
9589,50,0
9590,51,0
9591,49,0
9592,51,0
9593,52,0
9594,54,0
9595,50,0
9596,51,0
9597,52,0
9598,52,0
9599,52,0
9600,52,0
9601,51,0
9602,53,0
9603,52,0
9604,50,0
9605,54,0
9606,52,0
9607,51,0
9608,53,0
9609,52,0
9610,50,0
9611,54,0
9612,54,0
9613,51,0
9614,53,0
9615,52,0
9616,50,0
9617,54,0
9618,52,0
9619,51,0
9620,55,0
9621,52,0
9622,52,0
9623,50,0
9624,51,0
9625,51,0
9626,52,0
9627,50,0
9628,50,0
9629,51,0
9630,51,0
9631,51,0
9632,52,0
9633,50,0
9634,50,0
9635,49,0
9636,53,0
9637,51,0
9638,52,0
9639,50,0
9640,52,0
9641,51,0
9642,55,0
9643,49,0
9644,54,0
9645,52,0
9646,54,0
9647,53,0
9648,51,0
9649,51,0
9650,52,0
9651,54,0
9652,52,0
9653,50,0
9654,55,0
9655,53,0
9656,52,0
9657,52,0
9658,54,0
9659,52,0
9660,51,0
9661,52,0
9662,50,0
9663,50,0
9664,52,0
9665,53,0
9666,53,0
9667,50,0
9668,52,0
9669,50,0
9670,52,0
9671,51,0
9672,51,0
9673,53,0
9674,50,0
9675,50,0
9676,52,0
9677,53,0
9678,53,0
9679,51,0
9680,52,0
9681,50,0
9682,52,0
9683,52,0
9684,53,0
9685,51,0
9686,53,0
9687,52,0
9688,54,0
9689,51,0
9690,53,0
9691,52,0
9692,50,0
9693,52,0
9694,50,0
9695,51,0
9696,51,0
9697,53,0
9698,52,0
9699,52,0
9700,50,0
9701,51,0
9702,51,0
9703,51,0
9704,52,0
9705,52,0
9706,52,0
9707,52,0
9708,51,0
9709,53,0
9710,55,0
9711,52,0
9712,52,0
9713,52,0
9714,52,0
9715,53,0
9716,55,0
9717,53,0
9718,52,0
9719,52,0
9720,52,0
9721,52,0
9722,53,0
9723,51,0
9724,53,0
9725,52,0
9726,52,0
9727,53,0
9728,53,0
9729,52,0
9730,50,0
9731,52,0
9732,50,0
9733,51,0
9734,51,0
9735,53,0
9736,52,0
9737,50,0
9738,52,0
9739,52,0
9740,53,0
9741,51,0
9742,51,0
9743,52,0
9744,54,0
9745,50,0
9746,51,0
9747,51,0
9748,53,0
9749,52,0
9750,52,0
9751,54,0
9752,52,0
9753,53,0
9754,50,0
9755,52,0
9756,50,0
9757,51,0
9758,51,0
9759,51,0
9760,50,0
9761,52,0
9762,50,0
9763,51,0
9764,51,0
9765,51,0
9766,52,0
9767,52,0
9768,50,0
9769,52,0
9770,53,0
9771,53,0
9772,52,0
9773,52,0
9774,50,0
9775,52,0
9776,51,0
9777,53,0
9778,50,0
9779,52,0
9780,52,0
9781,54,0
9782,49,0
9783,53,0
9784,55,0
9785,52,0
9786,50,0
9787,50,0
9788,49,0
9789,50,0
9790,52,0
9791,52,0
9792,52,0
9793,51,0
9794,53,0
9795,52,0
9796,52,0
9797,52,0
9798,52,0
9799,51,0
9800,51,0
9801,52,0
9802,52,0
9803,50,0
9804,52,0
9805,51,0
9806,53,0
9807,52,0
9808,54,0
9809,52,0
9810,52,0
9811,51,0
9812,55,0
9813,52,0
9814,52,0
9815,52,0
9816,52,0
9817,52,0
9818,50,0
9819,52,0
9820,50,0
9821,51,0
9822,51,0
9823,52,0
9824,50,0
9825,54,0
9826,50,0
9827,53,0
9828,51,0
9829,53,0
9830,52,0
9831,52,0
9832,50,0
9833,51,0
9834,49,0
9835,55,0
9836,50,0
9837,52,0
9838,50,0
9839,55,0
9840,53,0
9841,55,0
9842,52,0
9843,52,0
9844,52,0
9845,51,0
9846,50,0
9847,52,0
9848,50,0
9849,52,0
9850,51,0
9851,51,0
9852,52,0
9853,52,0
9854,52,0
9855,54,0
9856,53,0
9857,55,0
9858,51,0
9859,52,0
9860,52,0
9861,52,0
9862,53,0
9863,51,0
9864,53,0
9865,52,0
9866,50,0
9867,52,0
9868,50,0
9869,51,0
9870,53,0
9871,53,0
9872,54,0
9873,52,0
9874,52,0
9875,53,0
9876,51,0
9877,53,0
9878,50,0
9879,52,0
9880,50,0
9881,53,0
9882,51,0
9883,52,0
9884,50,0
9885,52,0
9886,52,0
9887,53,0
9888,55,0
9889,53,0
9890,50,0
9891,50,0
9892,52,0
9893,52,0
9894,53,0
9895,53,0
9896,52,0
9897,52,0
9898,52,0
9899,54,0
9900,53,0
9901,51,0
9902,51,0
9903,52,0
9904,52,0
9905,50,0
9906,52,0
9907,53,0
9908,51,0
9909,50,0
9910,50,0
9911,52,0
9912,49,0
9913,53,0
9914,51,0
9915,52,0
9916,50,0
9917,52,0
9918,51,0
9919,53,0
9920,49,0
9921,52,0
9922,50,0
9923,52,0
9924,52,0
9925,51,0
9926,53,0
9927,51,0
9928,52,0
9929,52,0
9930,52,0
9931,53,0
9932,55,0
9933,51,0
9934,52,0
9935,54,0
9936,52,0
9937,52,0
9938,51,0
9939,52,0
9940,52,0
9941,55,0
9942,53,0
9943,52,0
9944,50,0
9945,52,0
9946,52,0
9947,52,0
9948,51,0
9949,55,0
9950,49,0
9951,52,0
9952,52,0
9953,52,0
9954,52,0
9955,52,0
9956,51,0
9957,52,0
9958,52,0
9959,52,0
9960,55,0
9961,53,0
9962,52,0
9963,52,0
9964,52,0
9965,52,0
9966,53,0
9967,51,0
9968,52,0
9969,52,0
9970,52,0
9971,51,0
9972,55,0
9973,52,0
9974,50,0
9975,52,0
9976,52,0
9977,51,0
9978,51,0
9979,52,0
9980,52,0
9981,52,0
9982,53,0
9983,51,0
9984,53,0
9985,52,0
9986,50,0
9987,52,0
9988,53,0
9989,52,0
9990,52,0
9991,52,0
9992,53,0
9993,53,0
9994,52,0
9995,54,0
9996,54,0
9997,55,0
9998,51,0
9999,53,0
10000,52,0
10001,55,0
10002,53,0
10003,52,0
10004,50,0
10005,50,0
10006,49,0
10007,51,0
10008,52,0
10009,52,0
10010,52,0
10011,51,0
10012,51,0
10013,52,0
10014,50,0
10015,54,0
10016,51,0
10017,53,0
10018,54,0
10019,50,0
10020,50,0
10021,55,0
10022,52,0
10023,52,0
10024,52,0
10025,55,0
10026,51,0
10027,52,0
10028,52,0
10029,50,0
10030,52,0
10031,49,0
10032,51,0
10033,55,0
10034,52,0
10035,52,0
10036,52,0
10037,53,0
10038,51,0
10039,55,0
10040,52,0
10041,54,0
10042,52,0
10043,50,0
10044,53,0
10045,55,0
10046,52,0
10047,52,0
10048,52,0
10049,50,0
10050,53,0
10051,52,0
10052,52,0
10053,52,0
10054,53,0
10055,51,0
10056,53,0
10057,54,0
10058,52,0
10059,50,0
10060,52,0
10061,53,0
10062,49,0
10063,52,0
10064,52,0
10065,50,0
10066,52,0
10067,53,0
10068,53,0
10069,53,0
10070,52,0
10071,50,0
10072,52,0
10073,55,0
10074,53,0
10075,55,0
10076,52,0
10077,50,0
10078,53,0
10079,53,0
10080,52,0
10081,52,0
10082,52,0
10083,52,0
10084,51,0
10085,53,0
10086,52,0
10087,52,0
10088,54,0
10089,55,0
10090,51,0
10091,53,0
10092,54,0
10093,52,0
10094,52,0
10095,53,0
10096,51,0
10097,51,0
10098,50,0
10099,50,0
10100,52,0
10101,53,0
10102,53,0
10103,52,0
10104,54,0
10105,54,0
10106,52,0
10107,50,0
10108,50,0
10109,52,0
10110,52,0
10111,53,0
10112,51,0
10113,52,0
10114,52,0
10115,52,0
10116,52,0
10117,51,0
10118,53,0
10119,52,0
10120,52,0
10121,52,0
10122,52,0
10123,53,0
10124,55,0
10125,50,0
10126,54,0
10127,52,0
10128,55,0
10129,51,0
10130,51,0
10131,54,0
10132,54,0
10133,52,0
10134,53,0
10135,53,0
10136,50,0
10137,52,0
10138,51,0
10139,55,0
10140,50,0
10141,52,0
10142,50,0
10143,51,0
10144,53,0
10145,52,0
10146,52,0
10147,52,0
10148,51,0
10149,53,0
10150,52,0
10151,52,0
10152,52,0
10153,53,0
10154,51,0
10155,51,0
10156,52,0
10157,52,0
10158,52,0
10159,53,0
10160,53,0
10161,52,0
10162,53,0
10163,53,0
10164,53,0
10165,52,0
10166,50,0
10167,52,0
10168,51,0
10169,55,0
10170,52,0
10171,52,0
10172,54,0
10173,50,0
10174,51,0
10175,53,0
10176,52,0
10177,52,0
10178,52,0
10179,50,0
10180,51,0
10181,53,0
10182,52,0
10183,52,0
10184,52,0
10185,50,0
10186,51,0
10187,53,0
10188,52,0
10189,54,0
10190,52,0
10191,51,0
10192,52,0
10193,54,0
10194,52,0
10195,53,0
10196,51,0
10197,50,0
10198,51,0
10199,54,0
10200,52,0
10201,51,0
10202,51,0
10203,55,0
10204,52,0
10205,54,0
10206,54,0
10207,50,0
10208,50,0
10209,53,0
10210,53,0
10211,55,0
10212,52,0
10213,52,0
10214,52,0
10215,50,0
10216,52,0
10217,51,0
10218,53,0
10219,49,0
10220,51,0
10221,52,0
10222,52,0
10223,50,0
10224,52,0
10225,50,0
10226,53,0
10227,52,0
10228,50,0
10229,52,0
10230,52,0
10231,52,0
10232,53,0
10233,55,0
10234,55,0
10235,50,0
10236,50,0
10237,50,0
10238,50,0
10239,53,0
10240,53,0
10241,53,0
10242,53,0
10243,52,0
10244,52,0
10245,52,0
10246,52,0
10247,51,0
10248,53,0
10249,51,0
10250,51,0
10251,50,0
10252,52,0
10253,52,0
10254,52,0
10255,53,0
10256,51,0
10257,52,0
10258,52,0
10259,52,0
10260,54,0
10261,53,0
10262,51,0
10263,51,0
10264,52,0
10265,52,0
10266,54,0
10267,52,0
10268,50,0
10269,51,0
10270,51,0
10271,53,0
10272,49,0
10273,54,0
10274,50,0
10275,52,0
10276,54,0
10277,53,0
10278,51,0
10279,51,0
10280,53,0
10281,50,0
10282,50,0
10283,52,0
10284,52,0
10285,51,0
10286,51,0
10287,51,0
10288,53,0
10289,54,0
10290,52,0
10291,55,0
10292,55,0
10293,51,0
10294,52,0
10295,52,0
10296,52,0
10297,52,0
10298,53,0
10299,53,0
10300,55,0
10301,52,0
10302,54,0
10303,52,0
10304,54,0
10305,52,0
10306,51,0
10307,51,0
10308,55,0
10309,52,0
10310,50,0
10311,52,0
10312,52,0
10313,53,0
10314,51,0
10315,51,0
10316,50,0
10317,52,0
10318,53,0
10319,53,0
10320,51,0
10321,52,0
10322,50,0
10323,52,0
10324,52,0
10325,53,0
10326,49,0
10327,55,0
10328,52,0
10329,50,0
10330,50,0
10331,49,0
10332,51,0
10333,53,0
10334,50,0
10335,52,0
10336,52,0
10337,52,0
10338,51,0
10339,53,0
10340,52,0
10341,55,0
10342,56,0
10343,57,0
10344,54,0
10345,51,0
10346,54,0
10347,55,0
10348,54,0
10349,55,0
10350,56,0
10351,56,0
10352,54,0
10353,56,0
10354,53,0
10355,54,0
10356,57,0
10357,54,0
10358,56,0
10359,55,0
10360,54,0
10361,54,0
10362,55,0
10363,52,0
10364,54,0
10365,53,0
10366,54,0
10367,55,0
10368,54,0
10369,55,0
10370,53,0
10371,54,0
10372,55,0
10373,54,0
10374,54,0
10375,55,0
10376,56,0
10377,55,0
10378,53,0
10379,56,0
10380,55,0
10381,56,0
10382,56,0
10383,55,0
10384,56,0
10385,55,0
10386,53,0
10387,54,0
10388,55,0
10389,54,0
10390,56,0
10391,55,0
10392,54,0
10393,56,0
10394,55,0
10395,54,0
10396,55,0
10397,54,0
10398,55,0
10399,54,0
10400,54,0
10401,55,0
10402,54,0
10403,54,0
10404,55,0
10405,54,0
10406,55,0
10407,53,0
10408,56,0
10409,55,0
10410,56,0
10411,54,0
10412,55,0
10413,54,0
10414,56,0
10415,53,0
10416,56,0
10417,57,0
10418,53,0
10419,54,0
10420,55,0
10421,56,0
10422,54,0
10423,53,0
10424,54,0
10425,54,0
10426,56,0
10427,54,0
10428,57,0
10429,54,0
10430,53,0
10431,53,0
10432,56,0
10433,53,0
10434,54,0
10435,56,0
10436,53,0
10437,54,0
10438,54,0
10439,53,0
10440,54,0
10441,54,0
10442,55,0
10443,54,0
10444,53,0
10445,53,0
10446,54,0
10447,53,0
10448,54,0
10449,54,0
10450,55,0
10451,54,0
10452,54,0
10453,55,0
10454,54,0
10455,57,0
10456,54,0
10457,54,0
10458,53,0
10459,54,0
10460,54,0
10461,57,0
10462,54,0
10463,54,0
10464,51,0
10465,54,0
10466,54,0
10467,55,0
10468,54,0
10469,54,0
10470,53,0
10471,54,0
10472,52,0
10473,53,0
10474,54,0
10475,54,0
10476,53,0
10477,52,0
10478,52,0
10479,53,0
10480,54,0
10481,52,0
10482,56,0
10483,54,0
10484,55,0
10485,54,0
10486,55,0
10487,54,0
10488,54,0
10489,51,0
10490,52,0
10491,54,0
10492,53,0
10493,51,0
10494,52,0
10495,54,0
10496,55,0
10497,54,0
10498,54,0
10499,53,0
10500,55,0
10501,54,0
10502,54,0
10503,53,0
10504,54,0
10505,54,0
10506,55,0
10507,53,0
10508,54,0
10509,54,0
10510,53,0
10511,51,0
10512,52,0
10513,54,0
10514,54,0
10515,52,0
10516,55,0
10517,51,0
10518,52,0
10519,52,0
10520,53,0
10521,55,0
10522,54,0
10523,54,0
10524,51,0
10525,52,0
10526,54,0
10527,53,0
10528,53,0
10529,54,0
10530,52,0
10531,53,0
10532,55,0
10533,54,0
10534,52,0
10535,53,0
10536,55,0
10537,51,0
10538,51,0
10539,50,0
10540,50,0
10541,52,0
10542,55,0
10543,55,0
10544,52,0
10545,52,0
10546,52,0
10547,53,0
10548,53,0
10549,50,0
10550,52,0
10551,52,0
10552,51,0
10553,53,0
10554,52,0
10555,52,0
10556,52,0
10557,51,0
10558,55,0
10559,52,0
10560,50,0
10561,54,0
10562,53,0
10563,51,0
10564,52,0
10565,53,0
10566,53,0
10567,53,0
10568,52,0
10569,50,0
10570,51,0
10571,53,0
10572,53,0
10573,52,0
10574,52,0
10575,51,0
10576,53,0
10577,53,0
10578,52,0
10579,50,0
10580,51,0
10581,51,0
10582,51,0
10583,52,0
10584,54,0
10585,53,0
10586,53,0
10587,51,0
10588,52,0
10589,54,0
10590,51,0
10591,51,0
10592,53,0
10593,52,0
10594,52,0
10595,53,0
10596,52,0
10597,50,0
10598,54,0
10599,51,0
10600,53,0
10601,52,0
10602,54,0
10603,54,0
10604,51,0
10605,53,0
10606,52,0
10607,52,0
10608,52,0
10609,51,0
10610,51,0
10611,52,0
10612,52,0
10613,52,0
10614,51,0
10615,51,0
10616,51,0
10617,52,0
10618,52,0
10619,52,0
10620,53,0
10621,53,0
10622,50,0
10623,53,0
10624,53,0
10625,52,0
10626,50,0
10627,50,0
10628,53,0
10629,51,0
10630,51,0
10631,52,0
10632,52,0
10633,52,0
10634,51,0
10635,55,0
10636,52,0
10637,52,0
10638,52,0
10639,53,0
10640,53,0
10641,52,0
10642,52,0
10643,52,0
10644,53,0
10645,51,0
10646,52,0
10647,50,0
10648,52,0
10649,52,0
10650,53,0
10651,51,0
10652,50,0
10653,51,0
10654,53,0
10655,52,0
10656,52,0
10657,52,0
10658,52,0
10659,53,0
10660,51,0
10661,50,0
10662,52,0
10663,52,0
10664,51,0
10665,51,0
10666,52,0
10667,50,0
10668,52,0
10669,52,0
10670,53,0
10671,51,0
10672,50,0
10673,52,0
10674,52,0
10675,55,0
10676,53,0
10677,52,0
10678,52,0
10679,52,0
10680,53,0
10681,52,0
10682,54,0
10683,50,0
10684,51,0
10685,53,0
10686,52,0
10687,52,0
10688,56,0
10689,52,0
10690,51,0
10691,52,0
10692,51,0
10693,49,0
10694,53,0
10695,52,0
10696,52,0
10697,50,0
10698,52,0
10699,53,0
10700,55,0
10701,52,0
10702,52,0
10703,50,0
10704,52,0
10705,53,0
10706,51,0
10707,52,0
10708,52,0
10709,50,0
10710,52,0
10711,50,0
10712,52,0
10713,52,0
10714,52,0
10715,49,0
10716,51,0
10717,53,0
10718,50,0
10719,50,0
10720,52,0
10721,52,0
10722,53,0
10723,49,0
10724,53,0
10725,54,0
10726,50,0
10727,52,0
10728,53,0
10729,51,0
10730,53,0
10731,52,0
10732,52,0
10733,50,0
10734,52,0
10735,51,0
10736,53,0
10737,51,0
10738,52,0
10739,51,0
10740,55,0
10741,53,0
10742,52,0
10743,52,0
10744,54,0
10745,51,0
10746,51,0
10747,55,0
10748,52,0
10749,52,0
10750,52,0
10751,52,0
10752,55,0
10753,53,0
10754,52,0
10755,54,0
10756,54,0
10757,52,0
10758,53,0
10759,51,0
10760,52,0
10761,52,0
10762,52,0
10763,51,0
10764,55,0
10765,51,0
10766,52,0
10767,52,0
10768,55,0
10769,55,0
10770,51,0
10771,50,0
10772,52,0
10773,52,0
10774,52,0
10775,53,0
10776,55,0
10777,51,0
10778,52,0
10779,52,0
10780,50,0
10781,53,0
10782,53,0
10783,55,0
10784,52,0
10785,52,0
10786,50,0
10787,52,0
10788,55,0
10789,53,0
10790,55,0
10791,52,0
10792,52,0
10793,50,0
10794,52,0
10795,49,0
10796,54,0
10797,52,0
10798,52,0
10799,52,0
10800,53,0
10801,53,0
10802,52,0
10803,52,0
10804,54,0
10805,52,0
10806,51,0
10807,55,0
10808,53,0
10809,52,0
10810,54,0
10811,52,0
10812,53,0
10813,53,0
10814,51,0
10815,54,0
10816,52,0
10817,52,0
10818,54,0
10819,51,0
10820,55,0
10821,51,0
10822,55,0
10823,52,0
10824,52,0
10825,53,0
10826,51,0
10827,52,0
10828,52,0
10829,52,0
10830,52,0
10831,53,0
10832,53,0
10833,53,0
10834,52,0
10835,52,0
10836,52,0
10837,52,0
10838,52,0
10839,53,0
10840,53,0
10841,53,0
10842,52,0
10843,50,0
10844,52,0
10845,52,0
10846,51,0
10847,51,0
10848,51,0
10849,50,0
10850,52,0
10851,49,0
10852,53,0
10853,55,0
10854,52,0
10855,50,0
10856,54,0
10857,52,0
10858,53,0
10859,51,0
10860,53,0
10861,52,0
10862,54,0
10863,52,0
10864,51,0
10865,55,0
10866,51,0
10867,52,0
10868,52,0
10869,50,0
10870,52,0
10871,53,0
10872,51,0
10873,52,0
10874,54,0
10875,52,0
10876,52,0
10877,55,0
10878,51,0
10879,52,0
10880,54,0
10881,52,0
10882,53,0
10883,51,0
10884,54,0
10885,52,0
10886,54,0
10887,52,0
10888,53,0
10889,51,0
10890,53,0
10891,52,0
10892,52,0
10893,52,0
10894,53,0
10895,51,0
10896,51,0
10897,52,0
10898,54,0
10899,54,0
10900,53,0
10901,55,0
10902,51,0
10903,50,0
10904,52,0
10905,50,0
10906,53,0
10907,51,0
10908,54,0
10909,54,0
10910,52,0
10911,53,0
10912,55,0
10913,54,0
10914,54,0
10915,54,0
10916,53,0
10917,51,0
10918,53,0
10919,52,0
10920,52,0
10921,54,0
10922,53,0
10923,53,0
10924,55,0
10925,54,0
10926,52,0
10927,52,0
10928,53,0
10929,51,0
10930,53,0
10931,54,0
10932,52,0
10933,52,0
10934,53,0
10935,51,0
10936,53,0
10937,52,0
10938,51,0
10939,51,0
10940,53,0
10941,50,0
10942,54,0
10943,52,0
10944,51,0
10945,53,0
10946,51,0
10947,52,0
10948,50,0
10949,52,0
10950,52,0
10951,53,0
10952,55,0
10953,51,0
10954,52,0
10955,52,0
10956,52,0
10957,53,0
10958,55,0
10959,49,0
10960,52,0
10961,50,0
10962,52,0
10963,52,0
10964,53,0
10965,50,0
10966,52,0
10967,52,0
10968,52,0
10969,53,0
10970,51,0
10971,52,0
10972,52,0
10973,52,0
10974,50,0
10975,51,0
10976,51,0
10977,51,0
10978,52,0
10979,54,0
10980,52,0
10981,52,0
10982,51,0
10983,55,0
10984,52,0
10985,52,0
10986,50,0
10987,52,0
10988,55,0
10989,51,0
10990,52,0
10991,52,0
10992,52,0
10993,53,0
10994,51,0
10995,53,0
10996,50,0
10997,54,0
10998,50,0
10999,52,0
11000,51,0
11001,55,0
11002,51,0
11003,52,0
11004,52,0
11005,52,0
11006,52,0
11007,53,0
11008,51,0
11009,53,0
11010,52,0
11011,52,0
11012,50,0
11013,52,0
11014,51,0
11015,51,0
11016,53,0
11017,52,0
11018,54,0
11019,50,0
11020,52,0
11021,51,0
11022,54,0
11023,52,0
11024,52,0
11025,52,0
11026,53,0
11027,51,0
11028,54,0
11029,52,0
11030,54,0
11031,52,0
11032,51,0
11033,51,0
11034,53,0
11035,54,0
11036,52,0
11037,50,0
11038,53,0
11039,51,0
11040,55,0
11041,52,0
11042,54,0
11043,50,0
11044,52,0
11045,51,0
11046,55,0
11047,51,0
11048,54,0
11049,52,0
11050,53,0
11051,53,0
11052,54,0
11053,52,0
11054,52,0
11055,52,0
11056,51,0
11057,51,0
11058,53,0
11059,52,0
11060,50,0
11061,52,0
11062,52,0
11063,51,0
11064,51,0
11065,55,0
11066,54,0
11067,54,0
11068,52,0
11069,52,0
11070,55,0
11071,53,0
11072,54,0
11073,52,0
11074,54,0
11075,52,0
11076,53,0
11077,50,0
11078,54,0
11079,52,0
11080,53,0
11081,51,0
11082,55,0
11083,52,0
11084,52,0
11085,50,0
11086,51,0
11087,51,0
11088,55,0
11089,52,0
11090,52,0
11091,52,0
11092,53,0
11093,51,0
11094,55,0
11095,52,0
11096,52,0
11097,54,0
11098,55,0
11099,51,0
11100,55,0
11101,50,0
11102,54,0
11103,50,0
11104,51,0
11105,54,0
11106,54,0
11107,54,0
11108,53,0
11109,51,0
11110,53,0
11111,54,0
11112,52,0
11113,52,0
11114,53,0
11115,53,0
11116,51,0
11117,54,0
11118,52,0
11119,52,0
11120,53,0
11121,53,0
11122,53,0
11123,54,0
11124,52,0
11125,54,0
11126,55,0
11127,51,0
11128,53,0
11129,52,0
11130,54,0
11131,54,0
11132,53,0
11133,52,0
11134,52,0
11135,52,0
11136,52,0
11137,53,0
11138,51,0
11139,52,0
11140,54,0
11141,52,0
11142,52,0
11143,55,0
11144,55,0
11145,52,0
11146,52,0
11147,52,0
11148,52,0
11149,55,0
11150,53,0
11151,53,0
11152,52,0
11153,54,0
11154,52,0
11155,52,0
11156,51,0
11157,53,0
11158,51,0
11159,52,0
11160,52,0
11161,53,0
11162,53,0
11163,54,0
11164,52,0
11165,52,0
11166,52,0
11167,55,0
11168,53,0
11169,51,0
11170,52,0
11171,54,0
11172,52,0
11173,54,0
11174,55,0
11175,55,0
11176,51,0
11177,52,0
11178,52,0
11179,54,0
11180,52,0
11181,53,0
11182,51,0
11183,55,0
11184,52,0
11185,50,0
11186,52,0
11187,54,0
11188,51,0
11189,52,0
11190,52,0
11191,52,0
11192,52,0
11193,52,0
11194,53,0
11195,53,0
11196,53,0
11197,54,0
11198,52,0
11199,52,0
11200,53,0
11201,53,0
11202,55,0
11203,52,0
11204,52,0
11205,52,0
11206,52,0
11207,53,0
11208,55,0
11209,53,0
11210,50,0
11211,54,0
11212,50,0
11213,50,0
11214,53,0
11215,53,0
11216,50,0
11217,50,0
11218,52,0
11219,53,0
11220,51,0
11221,53,0
11222,54,0
11223,52,0
11224,50,0
11225,51,0
11226,51,0
11227,55,0
11228,52,0
11229,54,0
11230,52,0
11231,52,0
11232,55,0
11233,51,0
11234,53,0
11235,51,0
11236,50,0
11237,50,0
11238,52,0
11239,52,0
11240,51,0
11241,51,0
11242,51,0
11243,52,0
11244,52,0
11245,51,0
11246,53,0
11247,53,0
11248,52,0
11249,52,0
11250,52,0
11251,55,0
11252,51,0
11253,51,0
11254,52,0
11255,50,0
11256,50,0
11257,53,0
11258,55,0
11259,53,0
11260,52,0
11261,54,0
11262,52,0
11263,53,0
11264,53,0
11265,53,0
11266,52,0
11267,52,0
11268,52,0
11269,52,0
11270,53,0
11271,53,0
11272,52,0
11273,52,0
11274,51,0
11275,51,0
11276,53,0
11277,52,0
11278,52,0
11279,52,0
11280,52,0
11281,51,0
11282,53,0
11283,50,0
11284,52,0
11285,50,0
11286,52,0
11287,53,0
11288,51,0
11289,51,0
11290,50,0
11291,50,0
11292,52,0
11293,52,0
11294,51,0
11295,53,0
11296,52,0
11297,50,0
11298,50,0
11299,52,0
11300,51,0
11301,54,0
11302,52,0
11303,52,0
11304,55,0
11305,53,0
11306,53,0
11307,52,0
11308,52,0
11309,52,0
11310,52,0
11311,51,0
11312,55,0
11313,51,0
11314,52,0
11315,52,0
11316,54,0
11317,51,0
11318,55,0
11319,51,0
11320,52,0
11321,52,0
11322,54,0
11323,52,0
11324,51,0
11325,51,0
11326,53,0
11327,52,0
11328,51,0
11329,51,0
11330,53,0
11331,54,0
11332,52,0
11333,52,0
11334,52,0
11335,53,0
11336,51,0
11337,51,0
11338,52,0
11339,52,0
11340,50,0
11341,50,0
11342,55,0
11343,53,0
11344,51,0
11345,52,0
11346,54,0
11347,54,0
11348,52,0
11349,55,0
11350,51,0
11351,52,0
11352,52,0
11353,52,0
11354,52,0
11355,55,0
11356,50,0
11357,52,0
11358,52,0
11359,51,0
11360,53,0
11361,51,0
11362,52,0
11363,52,0
11364,52,0
11365,50,0
11366,55,0
11367,51,0
11368,51,0
11369,52,0
11370,52,0
11371,52,0
11372,50,0
11373,53,0
11374,55,0
11375,51,0
11376,52,0
11377,50,0
11378,52,0
11379,52,0
11380,51,0
11381,53,0
11382,55,0
11383,52,0
11384,52,0
11385,52,0
11386,53,0
11387,53,0
11388,54,0
11389,50,0
11390,52,0
11391,52,0
11392,54,0
11393,55,0
11394,53,0
11395,53,0
11396,54,0
11397,50,0
11398,52,0
11399,52,0
11400,55,0
11401,55,0
11402,51,0
11403,52,0
11404,52,0
11405,54,0
11406,52,0
11407,53,0
11408,53,0
11409,51,0
11410,52,0
11411,50,0
11412,51,0
11413,51,0
11414,52,0
11415,52,0
11416,50,0
11417,52,0
11418,53,0
11419,51,0
11420,55,0
11421,52,0
11422,52,0
11423,52,0
11424,50,0
11425,51,0
11426,53,0
11427,53,0
11428,52,0
11429,52,0
11430,52,0
11431,52,0
11432,51,0
11433,58,0
11434,49,0
11435,52,0
11436,50,0
11437,52,0
11438,51,0
11439,51,0
11440,54,0
11441,52,0
11442,50,0
11443,51,0
11444,51,0
11445,52,0
11446,52,0
11447,52,0
11448,52,0
11449,55,0
11450,51,0
11451,52,0
11452,50,0
11453,52,0
11454,52,0
11455,51,0
11456,53,0
11457,53,0
11458,52,0
11459,51,0
11460,53,0
11461,53,0
11462,52,0
11463,52,0
11464,54,0
11465,52,0
11466,53,0
11467,51,0
11468,52,0
11469,50,0
11470,52,0
11471,52,0
11472,55,0
11473,53,0
11474,50,0
11475,52,0
11476,50,0
11477,52,0
11478,49,0
11479,53,0
11480,52,0
11481,52,0
11482,50,0
11483,52,0
11484,53,0
11485,51,0
11486,52,0
11487,52,0
11488,53,0
11489,51,0
11490,51,0
11491,52,0
11492,54,0
11493,52,0
11494,50,0
11495,52,0
11496,51,0
11497,51,0
11498,53,0
11499,52,0
11500,54,0
11501,52,0
11502,50,0
11503,51,0
11504,53,0
11505,53,0
11506,52,0
11507,50,0
11508,52,0
11509,52,0
11510,49,0
11511,49,0
11512,53,0
11513,50,0
11514,50,0
11515,52,0
11516,50,0
11517,53,0
11518,52,0
11519,52,0
11520,52,0
11521,52,0
11522,52,0
11523,51,0
11524,53,0
11525,53,0
11526,52,0
11527,52,0
11528,50,0
11529,54,0
11530,53,0
11531,51,0
11532,53,0
11533,52,0
11534,52,0
11535,50,0
11536,54,0
11537,52,0
11538,53,0
11539,51,0
11540,53,0
11541,52,0
11542,52,0
11543,52,0
11544,52,0
11545,53,0
11546,52,0
11547,52,0
11548,52,0
11549,52,0
11550,51,0
11551,51,0
11552,53,0
11553,52,0
11554,52,0
11555,52,0
11556,52,0
11557,53,0
11558,51,0
11559,51,0
11560,50,0
11561,52,0
11562,52,0
11563,52,0
11564,49,0
11565,51,0
11566,49,0
11567,50,0
11568,50,0
11569,50,0
11570,54,0
11571,51,0
11572,51,0
11573,55,0
11574,52,0
11575,52,0
11576,55,0
11577,53,0
11578,50,0
11579,50,0
11580,52,0
11581,54,0
11582,55,0
11583,53,0
11584,53,0
11585,50,0
11586,50,0
11587,54,0
11588,52,0
11589,51,0
11590,51,0
11591,52,0
11592,50,0
11593,52,0
11594,52,0
11595,53,0
11596,51,0
11597,49,0
11598,54,0
11599,52,0
11600,50,0
11601,52,0
11602,53,0
11603,51,0
11604,51,0
11605,52,0
11606,51,0
11607,51,0
11608,51,0
11609,52,0
11610,52,0
11611,52,0
11612,52,0
11613,51,0
11614,51,0
11615,52,0
11616,52,0
11617,52,0
11618,52,0
11619,51,0
11620,53,0
11621,53,0
11622,52,0
11623,52,0
11624,52,0
11625,52,0
11626,53,0
11627,53,0
11628,52,0
11629,52,0
11630,54,0
11631,52,0
11632,51,0
11633,52,0
11634,52,0
11635,52,0
11636,51,0
11637,55,0
11638,51,0
11639,52,0
11640,52,0
11641,50,0
11642,51,0
11643,53,0
11644,50,0
11645,52,0
11646,50,0
11647,53,0
11648,51,0
11649,51,0
11650,50,0
11651,52,0
11652,50,0
11653,51,0
11654,51,0
11655,50,0
11656,50,0
11657,50,0
11658,51,0
11659,55,0
11660,53,0
11661,50,0
11662,52,0
11663,55,0
11664,51,0
11665,52,0
11666,52,0
11667,52,0
11668,53,0
11669,51,0
11670,54,0
11671,50,0
11672,50,0
11673,51,0
11674,53,0
11675,54,0
11676,52,0
11677,54,0
11678,50,0
11679,51,0
11680,53,0
11681,54,0
11682,54,0
11683,52,0
11684,55,0
11685,53,0
11686,52,0
11687,50,0
11688,50,0
11689,55,0
11690,53,0
11691,52,0
11692,52,0
11693,49,0
11694,49,0
11695,52,0
11696,52,0
11697,50,0
11698,50,0
11699,53,0
11700,51,0
11701,50,0
11702,50,0
11703,52,0
11704,52,0
11705,55,0
11706,53,0
11707,52,0
11708,52,0
11709,50,0
11710,52,0
11711,49,0
11712,53,0
11713,52,0
11714,50,0
11715,50,0
11716,52,0
11717,53,0
11718,51,0
11719,52,0
11720,50,0
11721,53,0
11722,51,0
11723,54,0
11724,52,0
11725,52,0
11726,51,0
11727,53,0
11728,52,0
11729,54,0
11730,50,0
11731,54,0
11732,51,0
11733,53,0
11734,50,0
11735,54,0
11736,50,0
11737,53,0
11738,51,0
11739,53,0
11740,50,0
11741,54,0
11742,52,0
11743,53,0
11744,53,0
11745,52,0
11746,52,0
11747,52,0
11748,52,0
11749,55,0
11750,53,0
11751,50,0
11752,52,0
11753,51,0
11754,53,0
11755,52,0
11756,52,0
11757,52,0
11758,54,0
11759,51,0
11760,53,0
11761,50,0
11762,52,0
11763,54,0
11764,51,0
11765,53,0
11766,53,0
11767,52,0
11768,52,0
11769,54,0
11770,53,0
11771,51,0
11772,55,0
11773,52,0
11774,52,0
11775,52,0
11776,53,0
11777,51,0
11778,52,0
11779,51,0
11780,53,0
11781,53,0
11782,52,0
11783,54,0
11784,52,0
11785,53,0
11786,55,0
11787,52,0
11788,50,0
11789,52,0
11790,52,0
11791,53,0
11792,51,0
11793,50,0
11794,52,0
11795,52,0
11796,55,0
11797,53,0
11798,52,0
11799,54,0
11800,50,0
11801,52,0
11802,53,0
11803,53,0
11804,50,0
11805,52,0
11806,52,0
11807,51,0
11808,53,0
11809,54,0
11810,52,0
11811,53,0
11812,53,0
11813,52,0
11814,54,0
11815,52,0
11816,51,0
11817,53,0
11818,51,0
11819,54,0
11820,54,0
11821,52,0
11822,53,0
11823,51,0
11824,54,0
11825,50,0
11826,54,0
11827,51,0
11828,53,0
11829,50,0
11830,54,0
11831,54,0
11832,55,0
11833,51,0
11834,54,0
11835,52,0
11836,54,0
11837,53,0
11838,53,0
11839,54,0
11840,52,0
11841,53,0
11842,53,0
11843,52,0
11844,52,0
11845,52,0
11846,51,0
11847,51,0
11848,52,0
11849,52,0
11850,52,0
11851,53,0
11852,51,0
11853,51,0
11854,52,0
11855,50,0
11856,52,0
11857,53,0
11858,53,0
11859,51,0
11860,50,0
11861,52,0
11862,52,0
11863,53,0
11864,53,0
11865,52,0
11866,52,0
11867,52,0
11868,53,0
11869,54,0
11870,54,0
11871,52,0
11872,54,0
11873,55,0
11874,55,0
11875,52,0
11876,52,0
11877,50,0
11878,55,0
11879,53,0
11880,54,0
11881,50,0
11882,52,0
11883,53,0
11884,51,0
11885,51,0
11886,54,0
11887,52,0
11888,54,0
11889,55,0
11890,53,0
11891,52,0
11892,52,0
11893,52,0
11894,51,0
11895,55,0
11896,53,0
11897,54,0
11898,53,0
11899,53,0
11900,55,0
11901,50,0
11902,52,0
11903,50,0
11904,51,0
11905,51,0
11906,53,0
11907,50,0
11908,52,0
11909,52,0
11910,53,0
11911,53,0
11912,50,0
11913,52,0
11914,50,0
11915,52,0
11916,51,0
11917,53,0
11918,53,0
11919,52,0
11920,54,0
11921,50,0
11922,53,0
11923,53,0
11924,51,0
11925,50,0
11926,52,0
11927,51,0
11928,51,0
11929,52,0
11930,52,0
11931,52,0
11932,52,0
11933,51,0
11934,51,0
11935,52,0
11936,52,0
11937,50,0
11938,54,0
11939,51,0
11940,51,0
11941,52,0
11942,52,0
11943,52,0
11944,52,0
11945,51,0
11946,53,0
11947,52,0
11948,52,0
11949,52,0
11950,52,0
11951,51,0
11952,53,0
11953,50,0
11954,52,0
11955,52,0
11956,52,0
11957,52,0
11958,52,0
11959,50,0
11960,52,0
11961,53,0
11962,51,0
11963,52,0
11964,54,0
11965,54,0
11966,52,0
11967,53,0
11968,49,0
11969,51,0
11970,54,0
11971,52,0
11972,52,0
11973,51,0
11974,53,0
11975,52,0
11976,52,0
11977,52,0
11978,52,0
11979,51,0
11980,49,0
11981,50,0
11982,52,0
11983,52,0
11984,51,0
11985,51,0
11986,51,0
11987,54,0
11988,51,0
11989,51,0
11990,53,0
11991,52,0
11992,50,0
11993,52,0
11994,51,0
11995,51,0
11996,52,0
11997,52,0
11998,54,0
11999,53,0
12000,53,0
12001,51,0
12002,54,0
12003,50,0
12004,52,0
12005,53,0
12006,51,0
12007,52,0
12008,50,0
12009,52,0
12010,51,0
12011,53,0
12012,52,0
12013,52,0
12014,54,0
12015,52,0
12016,55,0
12017,51,0
12018,50,0
12019,53,0
12020,51,0
12021,51,0
12022,52,0
12023,52,0
12024,52,0
12025,55,0
12026,51,0
12027,52,0
12028,52,0
12029,50,0
12030,51,0
12031,53,0
12032,51,0
12033,54,0
12034,52,0
12035,52,0
12036,53,0
12037,49,0
12038,52,0
12039,52,0
12040,50,0
12041,51,0
12042,51,0
12043,53,0
12044,54,0
12045,52,0
12046,50,0
12047,51,0
12048,50,0
12049,52,0
12050,50,0
12051,51,0
12052,51,0
12053,52,0
12054,52,0
12055,50,0
12056,52,0
12057,53,0
12058,51,0
12059,52,0
12060,54,0
12061,50,0
12062,52,0
12063,51,0
12064,53,0
12065,52,0
12066,52,0
12067,52,0
12068,55,0
12069,51,0
12070,49,0
12071,52,0
12072,52,0
12073,52,0
12074,51,0
12075,51,0
12076,53,0
12077,52,0
12078,52,0
12079,51,0
12080,53,0
12081,50,0
12082,52,0
12083,52,0
12084,50,0
12085,53,0
12086,55,0
12087,52,0
12088,52,0
12089,52,0
12090,52,0
12091,53,0
12092,53,0
12093,50,0
12094,50,0
12095,50,0
12096,51,0
12097,51,0
12098,53,0
12099,52,0
12100,52,0
12101,50,0
12102,50,0
12103,53,0
12104,55,0
12105,50,0
12106,50,0
12107,50,0
12108,52,0
12109,53,0
12110,51,0
12111,52,0
12112,52,0
12113,55,0
12114,51,0
12115,52,0
12116,52,0
12117,54,0
12118,51,0
12119,55,0
12120,51,0
12121,52,0
12122,52,0
12123,54,0
12124,53,0
12125,51,0
12126,52,0
12127,52,0
12128,52,0
12129,53,0
12130,51,0
12131,53,0
12132,54,0
12133,52,0
12134,50,0
12135,53,0
12136,55,0
12137,53,0
12138,54,0
12139,52,0
12140,54,0
12141,52,0
12142,54,0
12143,50,0
12144,52,0
12145,53,0
12146,53,0
12147,52,0
12148,52,0
12149,52,0
12150,52,0
12151,53,0
12152,53,0
12153,52,0
12154,50,0
12155,50,0
12156,52,0
12157,51,0
12158,51,0
12159,52,0
12160,50,0
12161,52,0
12162,52,0
12163,53,0
12164,55,0
12165,52,0
12166,54,0
12167,52,0
12168,49,0
12169,53,0
12170,52,0
12171,50,0
12172,53,0
12173,53,0
12174,49,0
12175,52,0
12176,52,0
12177,54,0
12178,59,0
12179,52,0
12180,51,0
12181,54,0
12182,52,0
12183,53,0
12184,52,0
12185,52,0
12186,52,0
12187,51,0
12188,53,0
12189,52,0
12190,51,0
12191,53,0
12192,54,0
12193,51,0
12194,53,0
12195,52,0
12196,50,0
12197,50,0
12198,49,0
12199,53,0
12200,51,0
12201,50,0
12202,54,0
12203,50,0
12204,51,0
12205,53,0
12206,52,0
12207,52,0
12208,50,0
12209,50,0
12210,51,0
12211,51,0
12212,52,0
12213,52,0
12214,50,0
12215,49,0
12216,51,0
12217,51,0
12218,54,0
12219,52,0
12220,53,0
12221,53,0
12222,52,0
12223,52,0
12224,52,0
12225,51,0
12226,51,0
12227,51,0
12228,52,0
12229,50,0
12230,50,0
12231,53,0
12232,53,0
12233,51,0
12234,52,0
12235,50,0
12236,54,0
12237,51,0
12238,53,0
12239,53,0
12240,52,0
12241,50,0
12242,52,0
12243,51,0
12244,53,0
12245,51,0
12246,52,0
12247,52,0
12248,52,0
12249,52,0
12250,53,0
12251,52,0
12252,52,0
12253,50,0
12254,51,0
12255,55,0
12256,52,0
12257,50,0
12258,50,0
12259,51,0
12260,49,0
12261,53,0
12262,52,0
12263,50,0
12264,52,0
12265,50,0
12266,51,0
12267,51,0
12268,50,0
12269,54,0
12270,52,0
12271,50,0
12272,53,0
12273,53,0
12274,53,0
12275,54,0
12276,52,0
12277,50,0
12278,52,0
12279,52,0
12280,52,0
12281,52,0
12282,52,0
12283,53,0
12284,53,0
12285,53,0
12286,52,0
12287,52,0
12288,52,0
12289,53,0
12290,51,0
12291,51,0
12292,52,0
12293,52,0
12294,52,0
12295,52,0
12296,51,0
12297,51,0
12298,52,0
12299,52,0
12300,52,0
12301,52,0
12302,53,0
12303,51,0
12304,52,0
12305,52,0
12306,52,0
12307,52,0
12308,51,0
12309,54,0
12310,50,0
12311,52,0
12312,55,0
12313,53,0
12314,52,0
12315,52,0
12316,52,0
12317,52,0
12318,51,0
12319,51,0
12320,52,0
12321,52,0
12322,52,0
12323,53,0
12324,53,0
12325,53,0
12326,50,0
12327,52,0
12328,50,0
12329,53,0
12330,55,0
12331,53,0
12332,52,0
12333,52,0
12334,52,0
12335,51,0
12336,51,0
12337,52,0
12338,52,0
12339,51,0
12340,51,0
12341,52,0
12342,52,0
12343,52,0
12344,52,0
12345,53,0
12346,51,0
12347,52,0
12348,54,0
12349,52,0
12350,52,0
12351,51,0
12352,53,0
12353,52,0
12354,54,0
12355,52,0
12356,51,0
12357,53,0
12358,51,0
12359,54,0
12360,52,0
12361,54,0
12362,53,0
12363,51,0
12364,53,0
12365,52,0
12366,52,0
12367,52,0
12368,51,0
12369,50,0
12370,52,0
12371,50,0
12372,51,0
12373,53,0
12374,52,0
12375,52,0
12376,52,0
12377,49,0
12378,53,0
12379,52,0
12380,52,0
12381,52,0
12382,53,0
12383,53,0
12384,53,0
12385,52,0
12386,52,0
12387,52,0
12388,51,0
12389,55,0
12390,52,0
12391,54,0
12392,52,0
12393,53,0
12394,51,0
12395,51,0
12396,52,0
12397,52,0
12398,53,0
12399,51,0
12400,52,0
12401,52,0
12402,52,0
12403,51,0
12404,51,0
12405,53,0
12406,52,0
12407,54,0
12408,54,0
12409,51,0
12410,51,0
12411,51,0
12412,50,0
12413,52,0
12414,52,0
12415,53,0
12416,51,0
12417,51,0
12418,52,0
12419,52,0
12420,52,0
12421,51,0
12422,55,0
12423,53,0
12424,50,0
12425,52,0
12426,52,0
12427,53,0
12428,51,0
12429,50,0
12430,52,0
12431,53,0
12432,53,0
12433,51,0
12434,50,0
12435,50,0
12436,52,0
12437,51,0
12438,53,0
12439,51,0
12440,52,0
12441,50,0
12442,52,0
12443,51,0
12444,53,0
12445,51,0
12446,52,0
12447,52,0
12448,50,0
12449,53,0
12450,53,0
12451,49,0
12452,52,0
12453,52,0
12454,52,0
12455,53,0
12456,51,0
12457,50,0
12458,54,0
12459,52,0
12460,55,0
12461,53,0
12462,52,0
12463,54,0
12464,52,0
12465,52,0
12466,51,0
12467,51,0
12468,51,0
12469,52,0
12470,52,0
12471,52,0
12472,55,0
12473,55,0
12474,51,0
12475,50,0
12476,52,0
12477,52,0
12478,52,0
12479,55,0
12480,53,0
12481,52,0
12482,52,0
12483,50,0
12484,52,0
12485,51,0
12486,53,0
12487,52,0
12488,52,0
12489,51,0
12490,55,0
12491,50,0
12492,50,0
12493,52,0
12494,52,0
12495,51,0
12496,53,0
12497,50,0
12498,52,0
12499,50,0
12500,50,0
12501,53,0
12502,51,0
12503,50,0
12504,52,0
12505,50,0
12506,52,0
12507,51,0
12508,51,0
12509,52,0
12510,52,0
12511,50,0
12512,52,0
12513,53,0
12514,51,0
12515,52,0
12516,52,0
12517,53,0
12518,55,0
12519,52,0
12520,52,0
12521,52,0
12522,52,0
12523,51,0
12524,51,0
12525,52,0
12526,54,0
12527,52,0
12528,52,0
12529,55,0
12530,51,0
12531,52,0
12532,52,0
12533,52,0
12534,51,0
12535,51,0
12536,53,0
12537,52,0
12538,52,0
12539,52,0
12540,51,0
12541,53,0
12542,53,0
12543,54,0
12544,54,0
12545,52,0
12546,51,0
12547,51,0
12548,52,0
12549,50,0
12550,53,0
12551,53,0
12552,52,0
12553,54,0
12554,54,0
12555,51,0
12556,53,0
12557,53,0
12558,54,0
12559,50,0
12560,52,0
12561,49,0
12562,55,0
12563,52,0
12564,50,0
12565,54,0
12566,52,0
12567,51,0
12568,51,0
12569,50,0
12570,50,0
12571,52,0
12572,53,0
12573,53,0
12574,51,0
12575,52,0
12576,54,0
12577,53,0
12578,51,0
12579,54,0
12580,54,0
12581,52,0
12582,55,0
12583,51,0
12584,51,0
12585,52,0
12586,54,0
12587,52,0
12588,51,0
12589,51,0
12590,52,0
12591,52,0
12592,52,0
12593,52,0
12594,51,0
12595,51,0
12596,52,0
12597,52,0
12598,52,0
12599,52,0
12600,51,0
12601,51,0
12602,52,0
12603,52,0
12604,52,0
12605,52,0
12606,55,0
12607,53,0
12608,52,0
12609,52,0
12610,51,0
12611,53,0
12612,52,0
12613,50,0
12614,54,0
12615,52,0
12616,51,0
12617,53,0
12618,52,0
12619,54,0
12620,50,0
12621,50,0
12622,53,0
12623,51,0
12624,52,0
12625,54,0
12626,50,0
12627,52,0
12628,51,0
12629,53,0
12630,49,0
12631,50,0
12632,52,0
12633,52,0
12634,55,0
12635,49,0
12636,49,0
12637,50,0
12638,52,0
12639,53,0
12640,51,0
12641,52,0
12642,50,0
12643,52,0
12644,52,0
12645,51,0
12646,53,0
12647,51,0
12648,50,0
12649,50,0
12650,52,0
12651,52,0
12652,55,0
12653,53,0
12654,52,0
12655,50,0
12656,50,0
12657,52,0
12658,53,0
12659,51,0
12660,51,0
12661,50,0
12662,50,0
12663,52,0
12664,55,0
12665,52,0
12666,50,0
12667,54,0
12668,52,0
12669,55,0
12670,51,0
12671,52,0
12672,52,0
12673,52,0
12674,52,0
12675,51,0
12676,55,0
12677,52,0
12678,54,0
12679,52,0
12680,52,0
12681,51,0
12682,55,0
12683,52,0
12684,50,0
12685,52,0
12686,54,0
12687,53,0
12688,55,0
12689,52,0
12690,52,0
12691,52,0
12692,52,0
12693,51,0
12694,52,0
12695,50,0
12696,50,0
12697,51,0
12698,156,0
12699,51,0
12700,51,0
12701,52,0
12702,54,0
12703,52,0
12704,51,0
12705,51,0
12706,50,0
12707,52,0
12708,52,0
12709,54,0
12710,53,0
12711,53,0
12712,52,0
12713,52,0
12714,52,0
12715,52,0
12716,53,0
12717,51,0
12718,53,0
12719,52,0
12720,52,0
12721,54,0
12722,51,0
12723,51,0
12724,53,0
12725,52,0
12726,52,0
12727,52,0
12728,51,0
12729,53,0
12730,54,0
12731,52,0
12732,51,0
12733,53,0
12734,51,0
12735,50,0
12736,52,0
12737,52,0
12738,51,0
12739,53,0
12740,53,0
12741,54,0
12742,50,0
12743,52,0
12744,51,0
12745,53,0
12746,53,0
12747,50,0
12748,54,0
12749,54,0
12750,53,0
12751,51,0
12752,50,0
12753,52,0
12754,52,0
12755,52,0
12756,49,0
12757,51,0
12758,54,0
12759,50,0
12760,51,0
12761,51,0
12762,52,0
12763,52,0
12764,52,0
12765,52,0
12766,51,0
12767,53,0
12768,52,0
12769,52,0
12770,52,0
12771,53,0
12772,55,0
12773,52,0
12774,52,0
12775,52,0
12776,53,0
12777,53,0
12778,55,0
12779,52,0
12780,52,0
12781,52,0
12782,55,0
12783,55,0
12784,52,0
12785,52,0
12786,53,0
12787,55,0
12788,52,0
12789,52,0
12790,52,0
12791,52,0
12792,53,0
12793,55,0
12794,52,0
12795,54,0
12796,54,0
12797,50,0
12798,51,0
12799,55,0
12800,51,0
12801,52,0
12802,52,0
12803,52,0
12804,51,0
12805,53,0
12806,51,0
12807,50,0
12808,52,0
12809,52,0
12810,52,0
12811,53,0
12812,53,0
12813,53,0
12814,50,0
12815,52,0
12816,51,0
12817,53,0
12818,52,0
12819,52,0
12820,52,0
12821,50,0
12822,53,0
12823,55,0
12824,51,0
12825,50,0
12826,52,0
12827,50,0
12828,52,0
12829,51,0
12830,51,0
12831,53,0
12832,50,0
12833,52,0
12834,50,0
12835,50,0
12836,53,0
12837,53,0
12838,52,0
12839,50,0
12840,52,0
12841,52,0
12842,51,0
12843,52,0
12844,52,0
12845,50,0
12846,52,0
12847,53,0
12848,53,0
12849,50,0
12850,52,0
12851,52,0
12852,53,0
12853,51,0
12854,51,0
12855,54,0
12856,52,0
12857,52,0
12858,55,0
12859,51,0
12860,52,0
12861,50,0
12862,52,0
12863,51,0
12864,55,0
12865,51,0
12866,52,0
12867,54,0
12868,52,0
12869,53,0
12870,52,0
12871,50,0
12872,52,0
12873,51,0
12874,55,0
12875,52,0
12876,54,0
12877,52,0
12878,52,0
12879,55,0
12880,53,0
12881,52,0
12882,52,0
12883,52,0
12884,54,0
12885,51,0
12886,53,0
12887,52,0
12888,52,0
12889,52,0
12890,52,0
12891,53,0
12892,53,0
12893,53,0
12894,52,0
12895,52,0
12896,52,0
12897,51,0
12898,54,0
12899,52,0
12900,52,0
12901,53,0
12902,49,0
12903,53,0
12904,50,0
12905,54,0
12906,50,0
12907,52,0
12908,53,0
12909,53,0
12910,52,0
12911,52,0
12912,54,0
12913,51,0
12914,51,0
12915,51,0
12916,54,0
12917,52,0
12918,52,0
12919,51,0
12920,53,0
12921,51,0
12922,51,0
12923,52,0
12924,53,0
12925,52,0
12926,52,0
12927,55,0
12928,51,0
12929,54,0
12930,54,0
12931,53,0
12932,55,0
12933,51,0
12934,52,0
12935,54,0
12936,52,0
12937,55,0
12938,51,0
12939,50,0
12940,52,0
12941,54,0
12942,52,0
12943,51,0
12944,51,0
12945,52,0
12946,50,0
12947,55,0
12948,52,0
12949,54,0
12950,52,0
12951,51,0
12952,51,0
12953,52,0
12954,52,0
12955,50,0
12956,51,0
12957,51,0
12958,51,0
12959,52,0
12960,52,0
12961,52,0
12962,55,0
12963,51,0
12964,52,0
12965,52,0
12966,52,0
12967,51,0
12968,55,0
12969,52,0
12970,52,0
12971,50,0
12972,53,0
12973,51,0
12974,52,0
12975,54,0
12976,52,0
12977,52,0
12978,53,0
12979,50,0
12980,50,0
12981,52,0
12982,55,0
12983,51,0
12984,50,0
12985,52,0
12986,52,0
12987,51,0
12988,53,0
12989,52,0
12990,50,0
12991,50,0
12992,52,0
12993,55,0
12994,55,0
12995,50,0
12996,52,0
12997,52,0
12998,51,0
12999,51,0
13000,52,0
13001,52,0
13002,52,0
13003,52,0
13004,53,0
13005,55,0
13006,50,0
13007,52,0
13008,53,0
13009,51,0
13010,52,0
13011,52,0
13012,52,0
13013,53,0
13014,51,0
13015,50,0
13016,52,0
13017,52,0
13018,52,0
13019,51,0
13020,55,0
13021,52,0
13022,52,0
13023,50,0
13024,53,0
13025,51,0
13026,50,0
13027,50,0
13028,52,0
13029,52,0
13030,51,0
13031,55,0
13032,50,0
13033,52,0
13034,52,0
13035,53,0
13036,53,0
13037,52,0
13038,52,0
13039,54,0
13040,53,0
13041,53,0
13042,50,0
13043,52,0
13044,51,0
13045,51,0
13046,52,0
13047,52,0
13048,52,0
13049,51,0
13050,51,0
13051,52,0
13052,52,0
13053,50,0
13054,53,0
13055,53,0
13056,53,0
13057,54,0
13058,52,0
13059,55,0
13060,53,0
13061,53,0
13062,52,0
13063,50,0
13064,53,0
13065,51,0
13066,52,0
13067,52,0
13068,50,0
13069,53,0
13070,51,0
13071,52,0
13072,52,0
13073,55,0
13074,51,0
13075,52,0
13076,50,0
13077,52,0
13078,53,0
13079,53,0
13080,52,0
13081,52,0
13082,52,0
13083,53,0
13084,51,0
13085,52,0
13086,50,0
13087,54,0
13088,55,0
13089,51,0
13090,54,0
13091,52,0
13092,54,0
13093,51,0
13094,51,0
13095,54,0
13096,50,0
13097,52,0
13098,51,0
13099,51,0
13100,52,0
13101,52,0
13102,53,0
13103,51,0
13104,52,0
13105,52,0
13106,52,0
13107,55,0
13108,51,0
13109,52,0
13110,50,0
13111,54,0
13112,53,0
13113,55,0
13114,52,0
13115,52,0
13116,52,0
13117,51,0
13118,53,0
13119,52,0
13120,52,0
13121,50,0
13122,51,0
13123,51,0
13124,51,0
13125,52,0
13126,52,0
13127,52,0
13128,51,0
13129,51,0
13130,52,0
13131,50,0
13132,52,0
13133,51,0
13134,55,0
13135,54,0
13136,52,0
13137,52,0
13138,53,0
13139,52,0
13140,52,0
13141,52,0
13142,53,0
13143,51,0
13144,52,0
13145,54,0
13146,50,0
13147,51,0
13148,51,0
13149,52,0
13150,52,0
13151,52,0
13152,52,0
13153,53,0
13154,51,0
13155,50,0
13156,52,0
13157,52,0
13158,53,0
13159,51,0
13160,52,0
13161,52,0
13162,50,0
13163,49,0
13164,53,0
13165,51,0
13166,50,0
13167,54,0
13168,52,0
13169,51,0
13170,53,0
13171,52,0
13172,50,0
13173,50,0
13174,55,0
13175,49,0
13176,50,0
13177,52,0
13178,53,0
13179,53,0
13180,53,0
13181,50,0
13182,52,0
13183,52,0
13184,51,0
13185,51,0
13186,52,0
13187,52,0
13188,52,0
13189,52,0
13190,51,0
13191,53,0
13192,52,0
13193,50,0
13194,50,0
13195,53,0
13196,53,0
13197,52,0
13198,52,0
13199,50,0
13200,52,0
13201,53,0
13202,55,0
13203,52,0
13204,52,0
13205,52,0
13206,53,0
13207,51,0
13208,52,0
13209,50,0
13210,54,0
13211,53,0
13212,52,0
13213,54,0
13214,52,0
13215,51,0
13216,55,0
13217,52,0
13218,52,0
13219,52,0
13220,55,0
13221,53,0
13222,51,0
13223,50,0
13224,52,0
13225,52,0
13226,51,0
13227,51,0
13228,52,0
13229,52,0
13230,54,0
13231,55,0
13232,53,0
13233,52,0
13234,54,0
13235,52,0
13236,51,0
13237,51,0
13238,51,0
13239,50,0
13240,53,0
13241,53,0
13242,53,0
13243,52,0
13244,50,0
13245,52,0
13246,51,0
13247,51,0
13248,55,0
13249,54,0
13250,52,0
13251,50,0
13252,51,0
13253,53,0
13254,52,0
13255,50,0
13256,52,0
13257,52,0
13258,51,0
13259,51,0
13260,52,0
13261,52,0
13262,54,0
13263,52,0
13264,53,0
13265,51,0
13266,52,0
13267,52,0
13268,54,0
13269,52,0
13270,55,0
13271,51,0
13272,52,0
13273,52,0
13274,52,0
13275,53,0
13276,53,0
13277,53,0
13278,50,0
13279,54,0
13280,52,0
13281,51,0
13282,52,0
13283,54,0
13284,52,0
13285,51,0
13286,53,0
13287,54,0
13288,54,0
13289,52,0
13290,53,0
13291,51,0
13292,52,0
13293,54,0
13294,50,0
13295,51,0
13296,51,0
13297,53,0
13298,52,0
13299,50,0
13300,50,0
13301,53,0
13302,55,0
13303,50,0
13304,50,0
13305,54,0
13306,53,0
13307,51,0
13308,52,0
13309,54,0
13310,51,0
13311,51,0
13312,51,0
13313,52,0
13314,50,0
13315,52,0
13316,53,0
13317,55,0
13318,52,0
13319,50,0
13320,50,0
13321,52,0
13322,53,0
13323,51,0
13324,51,0
13325,52,0
13326,52,0
13327,52,0
13328,53,0
13329,53,0
13330,51,0
13331,52,0
13332,52,0
13333,50,0
13334,51,0
13335,55,0
13336,51,0
13337,52,0
13338,52,0
13339,50,0
13340,51,0
13341,50,0
13342,52,0
13343,50,0
13344,52,0
13345,55,0
13346,51,0
13347,52,0
13348,52,0
13349,52,0
13350,52,0
13351,51,0
13352,53,0
13353,52,0
13354,52,0
13355,50,0
13356,52,0
13357,53,0
13358,51,0
13359,51,0
13360,50,0
13361,50,0
13362,52,0
13363,52,0
13364,53,0
13365,53,0
13366,52,0
13367,52,0
13368,52,0
13369,52,0
13370,51,0
13371,51,0
13372,51,0
13373,52,0
13374,52,0
13375,52,0
13376,55,0
13377,55,0
13378,51,0
13379,52,0
13380,52,0
13381,52,0
13382,52,0
13383,53,0
13384,51,0
13385,52,0
13386,52,0
13387,50,0
13388,52,0
13389,51,0
13390,53,0
13391,52,0
13392,50,0
13393,52,0
13394,53,0
13395,51,0
13396,53,0
13397,52,0
13398,52,0
13399,52,0
13400,51,0
13401,51,0
13402,53,0
13403,52,0
13404,52,0
13405,52,0
13406,51,0
13407,51,0
13408,55,0
13409,52,0
13410,50,0
13411,50,0
13412,53,0
13413,51,0
13414,51,0
13415,52,0
13416,52,0
13417,52,0
13418,52,0
13419,51,0
13420,52,0
13421,54,0
13422,51,0
13423,51,0
13424,52,0
13425,53,0
13426,53,0
13427,52,0
13428,50,0
13429,52,0
13430,51,0
13431,51,0
13432,54,0
13433,52,0
13434,52,0
13435,55,0
13436,51,0
13437,52,0
13438,54,0
13439,50,0
13440,52,0
13441,55,0
13442,53,0
13443,52,0
13444,52,0
13445,50,0
13446,53,0
13447,51,0
13448,52,0
13449,50,0
13450,54,0
13451,55,0
13452,53,0
13453,52,0
13454,52,0
13455,51,0
13456,55,0
13457,52,0
13458,50,0
13459,52,0
13460,53,0
13461,51,0
13462,52,0
13463,54,0
13464,52,0
13465,52,0
13466,53,0
13467,51,0
13468,52,0
13469,52,0
13470,52,0
13471,51,0
13472,53,0
13473,51,0
13474,54,0
13475,52,0
13476,52,0
13477,55,0
13478,51,0
13479,49,0
13480,52,0
13481,50,0
13482,50,0
13483,51,0
13484,51,0
13485,50,0
13486,54,0
13487,52,0
13488,52,0
13489,55,0
13490,51,0
13491,52,0
13492,52,0
13493,52,0
13494,52,0
13495,51,0
13496,51,0
13497,52,0
13498,52,0
13499,50,0
13500,52,0
13501,53,0
13502,51,0
13503,52,0
13504,52,0
13505,55,0
13506,51,0
13507,52,0
13508,52,0
13509,52,0
13510,52,0
13511,53,0
13512,55,0
13513,51,0
13514,52,0
13515,52,0
13516,50,0
13517,53,0
13518,51,0
13519,55,0
13520,50,0
13521,52,0
13522,50,0
13523,51,0
13524,55,0
13525,51,0
13526,52,0
13527,52,0
13528,52,0
13529,52,0
13530,53,0
13531,51,0
13532,52,0
13533,54,0
13534,52,0
13535,52,0
13536,51,0
13537,53,0
13538,53,0
13539,52,0
13540,52,0
13541,52,0
13542,53,0
13543,55,0
13544,55,0
13545,52,0
13546,52,0
13547,52,0
13548,52,0
13549,53,0
13550,53,0
13551,52,0
13552,52,0
13553,50,0
13554,50,0
13555,53,0
13556,53,0
13557,53,0
13558,54,0
13559,50,0
13560,50,0
13561,52,0
13562,53,0
13563,51,0
13564,52,0
13565,54,0
13566,54,0
13567,52,0
13568,55,0
13569,51,0
13570,53,0
13571,52,0
13572,52,0
13573,52,0
13574,51,0
13575,53,0
13576,51,0
13577,54,0
13578,52,0
13579,54,0
13580,53,0
13581,51,0
13582,53,0
13583,52,0
13584,54,0
13585,52,0
13586,53,0
13587,53,0
13588,52,0
13589,54,0
13590,52,0
13591,52,0
13592,53,0
13593,51,0
13594,51,0
13595,52,0
13596,52,0
13597,52,0
13598,51,0
13599,51,0
13600,53,0
13601,54,0
13602,52,0
13603,52,0
13604,51,0
13605,51,0
13606,51,0
13607,54,0
13608,52,0
13609,52,0
13610,51,0
13611,53,0
13612,53,0
13613,54,0
13614,52,0
13615,52,0
13616,55,0
13617,51,0
13618,51,0
13619,52,0
13620,52,0
13621,50,0
13622,51,0
13623,53,0
13624,52,0
13625,52,0
13626,54,0
13627,55,0
13628,53,0
13629,53,0
13630,50,0
13631,54,0
13632,52,0
13633,53,0
13634,51,0
13635,52,0
13636,50,0
13637,54,0
13638,52,0
13639,55,0
13640,53,0
13641,52,0
13642,54,0
13643,52,0
13644,51,0
13645,51,0
13646,55,0
13647,54,0
13648,52,0
13649,50,0
13650,53,0
13651,51,0
13652,53,0
13653,52,0
13654,52,0
13655,53,0
13656,51,0
13657,52,0
13658,52,0
13659,54,0
13660,53,0
13661,51,0
13662,52,0
13663,50,0
13664,52,0
13665,52,0
13666,53,0
13667,58,0
13668,54,0
13669,51,0
13670,52,0
13671,54,0
13672,51,0
13673,55,0
13674,52,0
13675,52,0
13676,50,0
13677,51,0
13678,51,0
13679,55,0
13680,52,0
13681,52,0
13682,52,0
13683,52,0
13684,50,0
13685,51,0
13686,51,0
13687,53,0
13688,52,0
13689,52,0
13690,52,0
13691,52,0
13692,52,0
13693,51,0
13694,51,0
13695,53,0
13696,51,0
13697,50,0
13698,52,0
13699,53,0
13700,53,0
13701,51,0
13702,53,0
13703,50,0
13704,52,0
13705,52,0
13706,52,0
13707,52,0
13708,55,0
13709,55,0
13710,51,0
13711,50,0
13712,50,0
13713,50,0
13714,50,0
13715,52,0
13716,53,0
13717,53,0
13718,53,0
13719,53,0
13720,52,0
13721,50,0
13722,52,0
13723,52,0
13724,52,0
13725,52,0
13726,53,0
13727,53,0
13728,53,0
13729,52,0
13730,52,0
13731,55,0
13732,51,0
13733,51,0
13734,52,0
13735,52,0
13736,52,0
13737,52,0
13738,50,0
13739,51,0
13740,51,0
13741,51,0
13742,53,0
13743,52,0
13744,52,0
13745,52,0
13746,52,0
13747,52,0
13748,51,0
13749,53,0
13750,53,0
13751,52,0
13752,52,0
13753,50,0
13754,50,0
13755,52,0
13756,51,0
13757,53,0
13758,53,0
13759,52,0
13760,52,0
13761,52,0
13762,52,0
13763,53,0
13764,53,0
13765,51,0
13766,51,0
13767,50,0
13768,50,0
13769,50,0
13770,50,0
13771,55,0
13772,55,0
13773,51,0
13774,52,0
13775,50,0
13776,50,0
13777,54,0
13778,52,0
13779,51,0
13780,53,0
13781,53,0
13782,52,0
13783,52,0
13784,52,0
13785,52,0
13786,52,0
13787,51,0
13788,53,0
13789,55,0
13790,50,0
13791,54,0
13792,53,0
13793,51,0
13794,53,0
13795,52,0
13796,52,0
13797,50,0
13798,52,0
13799,55,0
13800,53,0
13801,51,0
13802,52,0
13803,50,0
13804,50,0
13805,52,0
13806,53,0
13807,55,0
13808,51,0
13809,52,0
13810,52,0
13811,52,0
13812,50,0
13813,51,0
13814,53,0
13815,53,0
13816,52,0
13817,52,0
13818,50,0
13819,54,0
13820,51,0
13821,50,0
13822,52,0
13823,52,0
13824,51,0
13825,49,0
13826,51,0
13827,52,0
13828,50,0
13829,52,0
13830,52,0
13831,53,0
13832,51,0
13833,51,0
13834,52,0
13835,52,0
13836,50,0
13837,52,0
13838,51,0
13839,51,0
13840,51,0
13841,52,0
13842,54,0
13843,52,0
13844,52,0
13845,51,0
13846,51,0
13847,51,0
13848,52,0
13849,52,0
13850,55,0
13851,55,0
13852,53,0
13853,52,0
13854,54,0
13855,50,0
13856,52,0
13857,50,0
13858,51,0
13859,51,0
13860,55,0
13861,52,0
13862,52,0
13863,52,0
13864,52,0
13865,53,0
13866,53,0
13867,51,0
13868,52,0
13869,50,0
13870,50,0
13871,52,0
13872,50,0
13873,51,0
13874,51,0
13875,53,0
13876,50,0
13877,50,0
13878,52,0
13879,51,0
13880,52,0
13881,52,0
13882,50,0
13883,54,0
13884,52,0
13885,53,0
13886,53,0
13887,50,0
13888,52,0
13889,52,0
13890,52,0
13891,53,0
13892,53,0
13893,55,0
13894,52,0
13895,52,0
13896,52,0
13897,52,0
13898,52,0
13899,53,0
13900,53,0
13901,53,0
13902,52,0
13903,50,0
13904,50,0
13905,53,0
13906,53,0
13907,52,0
13908,52,0
13909,54,0
13910,52,0
13911,50,0
13912,53,0
13913,51,0
13914,51,0
13915,50,0
13916,50,0
13917,50,0
13918,52,0
13919,52,0
13920,51,0
13921,51,0
13922,53,0
13923,50,0
13924,52,0
13925,50,0
13926,52,0
13927,51,0
13928,51,0
13929,51,0
13930,52,0
13931,52,0
13932,50,0
13933,50,0
13934,53,0
13935,52,0
13936,50,0
13937,52,0
13938,50,0
13939,55,0
13940,51,0
13941,51,0
13942,53,0
13943,52,0
13944,50,0
13945,52,0
13946,50,0
13947,55,0
13948,49,0
13949,51,0
13950,52,0
13951,50,0
13952,50,0
13953,52,0
13954,55,0
13955,53,0
13956,55,0
13957,52,0
13958,52,0
13959,52,0
13960,52,0
13961,53,0
13962,55,0
13963,50,0
13964,52,0
13965,52,0
13966,51,0
13967,51,0
13968,53,0
13969,54,0
13970,50,0
13971,54,0
13972,52,0
13973,55,0
13974,51,0
13975,52,0
13976,52,0
13977,52,0
13978,52,0
13979,52,0
13980,53,0
13981,51,0
13982,53,0
13983,52,0
13984,52,0
13985,52,0
13986,52,0
13987,51,0
13988,53,0
13989,52,0
13990,52,0
13991,52,0
13992,52,0
13993,53,0
13994,52,0
13995,54,0
13996,50,0
13997,50,0
13998,53,0
13999,55,0
14000,52,0
14001,52,0
14002,54,0
14003,52,0
14004,53,0
14005,51,0
14006,53,0
14007,50,0
14008,54,0
14009,50,0
14010,54,0
14011,53,0
14012,51,0
14013,53,0
14014,52,0
14015,50,0
14016,52,0
14017,50,0
14018,53,0
14019,49,0
14020,51,0
14021,50,0
14022,54,0
14023,53,0
14024,55,0
14025,53,0
14026,52,0
14027,52,0
14028,52,0
14029,52,0
14030,53,0
14031,51,0
14032,55,0
14033,52,0
14034,52,0
14035,54,0
14036,54,0
14037,52,0
14038,51,0
14039,53,0
14040,52,0
14041,52,0
14042,52,0
14043,52,0
14044,52,0
14045,51,0
14046,51,0
14047,53,0
14048,52,0
14049,50,0
14050,54,0
14051,53,0
14052,53,0
14053,50,0
14054,54,0
14055,50,0
14056,52,0
14057,53,0
14058,53,0
14059,49,0
14060,52,0
14061,50,0
14062,52,0
14063,52,0
14064,53,0
14065,51,0
14066,53,0
14067,51,0
14068,50,0
14069,50,0
14070,54,0
14071,52,0
14072,53,0
14073,53,0
14074,51,0
14075,50,0
14076,52,0
14077,50,0
14078,52,0
14079,51,0
14080,51,0
14081,50,0
14082,52,0
14083,50,0
14084,52,0
14085,53,0
14086,53,0
14087,53,0
14088,52,0
14089,54,0
14090,54,0
14091,54,0
14092,51,0
14093,51,0
14094,51,0
14095,53,0
14096,50,0
14097,54,0
14098,54,0
14099,52,0
14100,53,0
14101,53,0
14102,51,0
14103,52,0
14104,52,0
14105,52,0
14106,52,0
14107,51,0
14108,52,0
14109,52,0
14110,54,0
14111,52,0
14112,52,0
14113,53,0
14114,51,0
14115,53,0
14116,52,0
14117,52,0
14118,52,0
14119,52,0
14120,53,0
14121,53,0
14122,51,0
14123,53,0
14124,52,0
14125,50,0
14126,50,0
14127,52,0
14128,51,0
14129,55,0
14130,52,0
14131,52,0
14132,52,0
14133,50,0
14134,52,0
14135,53,0
14136,53,0
14137,52,0
14138,52,0
14139,52,0
14140,51,0
14141,51,0
14142,51,0
14143,50,0
14144,52,0
14145,52,0
14146,52,0
14147,51,0
14148,51,0
14149,53,0
14150,52,0
14151,50,0
14152,52,0
14153,52,0
14154,53,0
14155,53,0
14156,51,0
14157,52,0
14158,52,0
14159,52,0
14160,52,0
14161,53,0
14162,53,0
14163,52,0
14164,52,0
14165,53,0
14166,51,0
14167,55,0
14168,52,0
14169,52,0
14170,52,0
14171,54,0
14172,51,0
14173,51,0
14174,54,0
14175,52,0
14176,52,0
14177,52,0
14178,49,0
14179,49,0
14180,52,0
14181,54,0
14182,54,0
14183,52,0
14184,55,0
14185,53,0
14186,53,0
14187,52,0
14188,54,0
14189,54,0
14190,53,0
14191,51,0
14192,52,0
14193,52,0
14194,52,0
14195,55,0
14196,51,0
14197,52,0
14198,50,0
14199,50,0
14200,52,0
14201,55,0
14202,53,0
14203,51,0
14204,52,0
14205,52,0
14206,54,0
14207,52,0
14208,55,0
14209,51,0
14210,51,0
14211,50,0
14212,52,0
14213,52,0
14214,52,0
14215,51,0
14216,49,0
14217,51,0
14218,52,0
14219,50,0
14220,55,0
14221,55,0
14222,52,0
14223,52,0
14224,52,0
14225,52,0
14226,51,0
14227,51,0
14228,51,0
14229,50,0
14230,52,0
14231,50,0
14232,50,0
14233,50,0
14234,53,0
14235,53,0
14236,51,0
14237,50,0
14238,54,0
14239,50,0
14240,52,0
14241,53,0
14242,51,0
14243,51,0
14244,53,0
14245,52,0
14246,50,0
14247,52,0
14248,52,0
14249,49,0
14250,52,0
14251,52,0
14252,52,0
14253,50,0
14254,51,0
14255,51,0
14256,53,0
14257,50,0
14258,50,0
14259,50,0
14260,52,0
14261,50,0
14262,51,0
14263,51,0
14264,51,0
14265,52,0
14266,52,0
14267,52,0
14268,54,0
14269,50,0
14270,51,0
14271,49,0
14272,51,0
14273,50,0
14274,50,0
14275,50,0
14276,50,0
14277,50,0
14278,53,0
14279,50,0
14280,52,0
14281,54,0
14282,52,0
14283,53,0
14284,55,0
14285,51,0
14286,52,0
14287,52,0
14288,54,0
14289,52,0
14290,52,0
14291,53,0
14292,53,0
14293,51,0
14294,52,0
14295,52,0
14296,50,0
14297,52,0
14298,53,0
14299,53,0
14300,53,0
14301,53,0
14302,52,0
14303,54,0
14304,50,0
14305,52,0
14306,53,0
14307,55,0
14308,54,0
14309,52,0
14310,52,0
14311,55,0
14312,53,0
14313,53,0
14314,52,0
14315,50,0
14316,52,0
14317,52,0
14318,51,0
14319,51,0
14320,51,0
14321,52,0
14322,52,0
14323,54,0
14324,50,0
14325,51,0
14326,55,0
14327,53,0
14328,52,0
14329,52,0
14330,54,0
14331,50,0
14332,55,0
14333,53,0
14334,53,0
14335,50,0
14336,52,0
14337,51,0
14338,51,0
14339,53,0
14340,52,0
14341,50,0
14342,52,0
14343,52,0
14344,51,0
14345,51,0
14346,53,0
14347,52,0
14348,52,0
14349,52,0
14350,52,0
14351,53,0
14352,51,0
14353,53,0
14354,52,0
14355,52,0
14356,52,0
14357,52,0
14358,53,0
14359,51,0
14360,53,0
14361,52,0
14362,52,0
14363,52,0
14364,52,0
14365,51,0
14366,51,0
14367,52,0
14368,52,0
14369,55,0
14370,53,0
14371,51,0
14372,52,0
14373,52,0
14374,52,0
14375,52,0
14376,53,0
14377,51,0
14378,53,0
14379,52,0
14380,52,0
14381,52,0
14382,52,0
14383,51,0
14384,53,0
14385,51,0
14386,52,0
14387,52,0
14388,50,0
14389,52,0
14390,51,0
14391,51,0
14392,53,0
14393,52,0
14394,54,0
14395,50,0
14396,55,0
14397,53,0
14398,52,0
14399,54,0
14400,50,0
14401,50,0
14402,53,0
14403,55,0
14404,55,0
14405,54,0
14406,52,0
14407,52,0
14408,52,0
14409,55,0
14410,53,0
14411,53,0
14412,58,0
14413,51,0
14414,52,0
14415,52,0
14416,53,0
14417,52,0
14418,50,0
14419,52,0
14420,53,0
14421,51,0
14422,53,0
14423,54,0
14424,52,0
14425,52,0
14426,51,0
14427,51,0
14428,53,0
14429,52,0
14430,52,0
14431,50,0
14432,52,0
14433,51,0
14434,52,0
14435,52,0
14436,52,0
14437,53,0
14438,51,0
14439,51,0
14440,52,0
14441,52,0
14442,52,0
14443,53,0
14444,53,0
14445,53,0
14446,52,0
14447,52,0
14448,52,0
14449,52,0
14450,53,0
14451,53,0
14452,52,0
14453,52,0
14454,52,0
14455,52,0
14456,51,0
14457,53,0
14458,54,0
14459,52,0
14460,50,0
14461,51,0
14462,53,0
14463,53,0
14464,52,0
14465,55,0
14466,51,0
14467,55,0
14468,50,0
14469,51,0
14470,53,0
14471,51,0
14472,52,0
14473,50,0
14474,50,0
14475,51,0
14476,55,0
14477,49,0
14478,50,0
14479,50,0
14480,52,0
14481,53,0
14482,51,0
14483,49,0
14484,50,0
14485,52,0
14486,52,0
14487,51,0
14488,53,0
14489,53,0
14490,52,0
14491,50,0
14492,50,0
14493,53,0
14494,53,0
14495,50,0
14496,54,0
14497,51,0
14498,51,0
14499,52,0
14500,52,0
14501,52,0
14502,52,0
14503,53,0
14504,53,0
14505,52,0
14506,52,0
14507,52,0
14508,52,0
14509,51,0
14510,53,0
14511,52,0
14512,50,0
14513,52,0
14514,55,0
14515,51,0
14516,53,0
14517,52,0
14518,52,0
14519,52,0
14520,55,0
14521,53,0
14522,55,0
14523,52,0
14524,52,0
14525,54,0
14526,53,0
14527,51,0
14528,52,0
14529,52,0
14530,53,0
14531,51,0
14532,52,0
14533,50,0
14534,52,0
14535,51,0
14536,51,0
14537,50,0
14538,52,0
14539,50,0
14540,52,0
14541,49,0
14542,55,0
14543,52,0
14544,50,0
14545,52,0
14546,55,0
14547,51,0
14548,53,0
14549,50,0
14550,52,0
14551,50,0
14552,51,0
14553,53,0
14554,51,0
14555,50,0
14556,52,0
14557,53,0
14558,52,0
14559,50,0
14560,50,0
14561,52,0
14562,51,0
14563,55,0
14564,52,0
14565,54,0
14566,52,0
14567,55,0
14568,51,0
14569,51,0
14570,52,0
14571,52,0
14572,52,0
14573,53,0
14574,55,0
14575,52,0
14576,52,0
14577,50,0
14578,52,0
14579,53,0
14580,51,0
14581,51,0
14582,50,0
14583,52,0
14584,54,0
14585,51,0
14586,53,0
14587,50,0
14588,50,0
14589,51,0
14590,51,0
14591,52,0
14592,50,0
14593,50,0
14594,52,0
14595,51,0
14596,51,0
14597,53,0
14598,50,0
14599,50,0
14600,52,0
14601,51,0
14602,51,0
14603,51,0
14604,50,0
14605,52,0
14606,52,0
14607,53,0
14608,51,0
14609,53,0
14610,52,0
14611,50,0
14612,52,0
14613,50,0
14614,51,0
14615,52,0
14616,50,0
14617,52,0
14618,51,0
14619,51,0
14620,53,0
14621,50,0
14622,54,0
14623,52,0
14624,53,0
14625,55,0
14626,51,0
14627,52,0
14628,52,0
14629,52,0
14630,51,0
14631,51,0
14632,51,0
14633,52,0
14634,52,0
14635,52,0
14636,52,0
14637,51,0
14638,53,0
14639,52,0
14640,52,0
14641,52,0
14642,52,0
14643,51,0
14644,51,0
14645,53,0
14646,52,0
14647,55,0
14648,51,0
14649,52,0
14650,50,0
14651,52,0
14652,52,0
14653,51,0
14654,55,0
14655,50,0
14656,52,0
14657,52,0
14658,52,0
14659,51,0
14660,53,0
14661,52,0
14662,52,0
14663,52,0
14664,52,0
14665,51,0
14666,51,0
14667,52,0
14668,52,0
14669,50,0
14670,52,0
14671,53,0
14672,53,0
14673,52,0
14674,52,0
14675,55,0
14676,55,0
14677,52,0
14678,52,0
14679,52,0
14680,52,0
14681,51,0
14682,51,0
14683,52,0
14684,52,0
14685,54,0
14686,52,0
14687,53,0
14688,55,0
14689,52,0
14690,52,0
14691,50,0
14692,51,0
14693,51,0
14694,55,0
14695,54,0
14696,52,0
14697,52,0
14698,53,0
14699,51,0
14700,53,0
14701,54,0
14702,52,0
14703,54,0
14704,55,0
14705,52,0
14706,54,0
14707,51,0
14708,51,0
14709,52,0
14710,54,0
14711,54,0
14712,52,0
14713,51,0
14714,53,0
14715,52,0
14716,52,0
14717,52,0
14718,53,0
14719,53,0
14720,52,0
14721,52,0
14722,52,0
14723,53,0
14724,53,0
14725,52,0
14726,52,0
14727,52,0
14728,52,0
14729,51,0
14730,53,0
14731,52,0
14732,50,0
14733,52,0
14734,51,0
14735,52,0
14736,52,0
14737,52,0
14738,53,0
14739,51,0
14740,50,0
14741,52,0
14742,52,0
14743,55,0
14744,51,0
14745,52,0
14746,52,0
14747,52,0
14748,51,0
14749,53,0
14750,55,0
14751,54,0
14752,54,0
14753,52,0
14754,51,0
14755,51,0
14756,52,0
14757,52,0
14758,52,0
14759,53,0
14760,53,0
14761,52,0
14762,52,0
14763,51,0
14764,55,0
14765,52,0
14766,50,0
14767,52,0
14768,53,0
14769,51,0
14770,51,0
14771,54,0
14772,50,0
14773,50,0
14774,51,0
14775,49,0
14776,52,0
14777,52,0
14778,52,0
14779,52,0
14780,51,0
14781,53,0
14782,52,0
14783,52,0
14784,52,0
14785,51,0
14786,53,0
14787,51,0
14788,50,0
14789,52,0
14790,52,0
14791,53,0
14792,50,0
14793,52,0
14794,54,0
14795,51,0
14796,53,0
14797,53,0
14798,52,0
14799,52,0
14800,52,0
14801,51,0
14802,51,0
14803,52,0
14804,52,0
14805,50,0
14806,52,0
14807,55,0
14808,55,0
14809,52,0
14810,52,0
14811,54,0
14812,52,0
14813,51,0
14814,51,0
14815,52,0
14816,50,0
14817,52,0
14818,52,0
14819,50,0
14820,50,0
14821,50,0
14822,52,0
14823,51,0
14824,51,0
14825,52,0
14826,54,0
14827,52,0
14828,55,0
14829,51,0
14830,53,0
14831,52,0
14832,50,0
14833,50,0
14834,55,0
14835,51,0
14836,52,0
14837,52,0
14838,54,0
14839,52,0
14840,51,0
14841,53,0
14842,52,0
14843,50,0
14844,52,0
14845,53,0
14846,53,0
14847,51,0
14848,52,0
14849,49,0
14850,51,0
14851,52,0
14852,52,0
14853,52,0
14854,52,0
14855,53,0
14856,53,0
14857,52,0
14858,52,0
14859,52,0
14860,55,0
14861,53,0
14862,52,0
14863,52,0
14864,52,0
14865,51,0
14866,51,0
14867,52,0
14868,52,0
14869,52,0
14870,52,0
14871,53,0
14872,53,0
14873,52,0
14874,52,0
14875,52,0
14876,51,0
14877,52,0
14878,52,0
14879,50,0
14880,51,0
14881,53,0
14882,52,0
14883,52,0
14884,54,0
14885,55,0
14886,51,0
14887,53,0
14888,50,0
14889,52,0
14890,52,0
14891,51,0
14892,53,0
14893,52,0
14894,52,0
14895,52,0
14896,51,0
14897,53,0
14898,54,0
14899,50,0
14900,54,0
14901,51,0
14902,51,0
14903,52,0
14904,52,0
14905,51,0
14906,55,0
14907,52,0
14908,52,0
14909,54,0
14910,53,0
14911,53,0
14912,52,0
14913,54,0
14914,50,0
14915,52,0
14916,53,0
14917,51,0
14918,52,0
14919,52,0
14920,52,0
14921,53,0
14922,53,0
14923,52,0
14924,52,0
14925,54,0
14926,52,0
14927,55,0
14928,53,0
14929,52,0
14930,50,0
14931,52,0
14932,51,0
14933,50,0
14934,50,0
14935,52,0
14936,51,0
14937,51,0
14938,52,0
14939,52,0
14940,52,0
14941,53,0
14942,55,0
14943,50,0
14944,54,0
14945,52,0
14946,53,0
14947,53,0
14948,53,0
14949,52,0
14950,52,0
14951,52,0
14952,49,0
14953,51,0
14954,52,0
14955,52,0
14956,52,0
14957,51,0
14958,51,0
14959,53,0
14960,52,0
14961,55,0
14962,52,0
14963,53,0
14964,55,0
14965,54,0
14966,54,0
14967,53,0
14968,52,0
14969,54,0
14970,55,0
14971,55,0
14972,54,0
14973,52,0
14974,54,0
14975,55,0
14976,52,0
14977,52,0
14978,54,0
14979,53,0
14980,53,0
14981,52,0
14982,54,0
14983,53,0
14984,55,0
14985,54,0
14986,54,0
14987,53,0
14988,53,0
14989,54,0
14990,54,0
14991,53,0
14992,53,0
14993,52,0
14994,52,0
14995,53,0
14996,54,0
14997,54,0
14998,53,0
14999,53,0
15000,54,0
15001,54,0
15002,51,0
15003,53,0
15004,54,0
15005,54,0
15006,54,0
15007,53,0
15008,52,0
15009,52,0
15010,52,0
15011,51,0
15012,55,0
15013,54,0
15014,54,0
15015,55,0
15016,55,0
15017,54,0
15018,54,0
15019,55,0
15020,55,0
15021,54,0
15022,54,0
15023,53,0
15024,54,0
15025,54,0
15026,52,0
15027,55,0
15028,54,0
15029,54,0
15030,52,0
15031,55,0
15032,55,0
15033,54,0
15034,54,0
15035,51,0
15036,53,0
15037,52,0
15038,52,0
15039,52,0
15040,55,0
15041,54,0
15042,54,0
15043,52,0
15044,55,0
15045,55,0
15046,52,0
15047,52,0
15048,53,0
15049,51,0
15050,54,0
15051,54,0
15052,54,0
15053,52,0
15054,52,0
15055,52,0
15056,53,0
15057,53,0
15058,54,0
15059,52,0
15060,53,0
15061,51,0
15062,52,0
15063,54,0
15064,52,0
15065,49,0
15066,55,0
15067,52,0
15068,52,0
15069,51,0
15070,53,0
15071,54,0
15072,52,0
15073,54,0
15074,51,0
15075,55,0
15076,52,0
15077,54,0
15078,53,0
15079,53,0
15080,54,0
15081,55,0
15082,53,0
15083,52,0
15084,52,0
15085,52,0
15086,55,0
15087,53,0
15088,52,0
15089,54,0
15090,55,0
15091,55,0
15092,52,0
15093,54,0
15094,51,0
15095,53,0
15096,54,0
15097,52,0
15098,54,0
15099,55,0
15100,54,0
15101,51,0
15102,54,0
15103,51,0
15104,52,0
15105,52,0
15106,54,0
15107,55,0
15108,55,0
15109,54,0
15110,54,0
15111,52,0
15112,53,0
15113,51,0
15114,52,0
15115,52,0
15116,50,0
15117,54,0
15118,53,0
15119,55,0
15120,50,0
15121,54,0
15122,50,0
15123,55,0
15124,53,0
15125,51,0
15126,50,0
15127,52,0
15128,52,0
15129,51,0
15130,52,0
15131,52,0
15132,52,0
15133,51,0
15134,51,0
15135,53,0
15136,52,0
15137,52,0
15138,54,0
15139,52,0
15140,51,0
15141,55,0
15142,52,0
15143,52,0
15144,52,0
15145,52,0
15146,55,0
15147,51,0
15148,52,0
15149,52,0
15150,52,0
15151,52,0
15152,51,0
15153,53,0
15154,52,0
15155,52,0
15156,50,0
15157,56,0
15158,54,0
15159,52,0
15160,55,0
15161,50,0
15162,52,0
15163,52,0
15164,52,0
15165,53,0
15166,51,0
15167,50,0
15168,54,0
15169,52,0
15170,53,0
15171,51,0
15172,52,0
15173,52,0
15174,52,0
15175,53,0
15176,53,0
15177,52,0
15178,51,0
15179,53,0
15180,51,0
15181,52,0
15182,52,0
15183,50,0
15184,51,0
15185,53,0
15186,51,0
15187,52,0
15188,52,0
15189,54,0
15190,51,0
15191,53,0
15192,49,0
15193,50,0
15194,50,0
15195,50,0
15196,49,0
15197,51,0
15198,52,0
15199,54,0
15200,52,0
15201,51,0
15202,49,0
15203,49,0
15204,50,0
15205,53,0
15206,51,0
15207,51,0
15208,52,0
15209,50,0
15210,55,0
15211,52,0
15212,52,0
15213,50,0
15214,55,0
15215,51,0
15216,51,0
15217,50,0
15218,50,0
15219,52,0
15220,51,0
15221,55,0
15222,51,0
15223,52,0
15224,52,0
15225,52,0
15226,53,0
15227,51,0
15228,52,0
15229,54,0
15230,54,0
15231,53,0
15232,51,0
15233,53,0
15234,50,0
15235,52,0
15236,52,0
15237,53,0
15238,53,0
15239,52,0
15240,52,0
15241,52,0
15242,49,0
15243,52,0
15244,52,0
15245,52,0
15246,50,0
15247,53,0
15248,49,0
15249,52,0
15250,52,0
15251,50,0
15252,51,0
15253,55,0
15254,51,0
15255,52,0
15256,52,0
15257,52,0
15258,53,0
15259,51,0
15260,51,0
15261,50,0
15262,50,0
15263,52,0
15264,53,0
15265,51,0
15266,51,0
15267,50,0
15268,52,0
15269,52,0
15270,53,0
15271,51,0
15272,52,0
15273,50,0
15274,55,0
15275,53,0
15276,52,0
15277,54,0
15278,50,0
15279,52,0
15280,55,0
15281,53,0
15282,52,0
15283,52,0
15284,52,0
15285,52,0
15286,53,0
15287,50,0
15288,52,0
15289,52,0
15290,52,0
15291,51,0
15292,51,0
15293,52,0
15294,54,0
15295,50,0
15296,52,0
15297,51,0
15298,53,0
15299,52,0
15300,52,0
15301,54,0
15302,53,0
15303,51,0
15304,52,0
15305,50,0
15306,51,0
15307,55,0
15308,49,0
15309,54,0
15310,52,0
15311,50,0
15312,50,0
15313,51,0
15314,53,0
15315,52,0
15316,50,0
15317,54,0
15318,53,0
15319,51,0
15320,53,0
15321,52,0
15322,50,0
15323,50,0
15324,79,0
15325,53,0
15326,52,0
15327,52,0
15328,53,0
15329,50,0
15330,50,0
15331,51,0
15332,51,0
15333,52,0
15334,51,0
15335,51,0
15336,52,0
15337,54,0
15338,50,0
15339,53,0
15340,51,0
15341,53,0
15342,52,0
15343,50,0
15344,52,0
15345,51,0
15346,51,0
15347,52,0
15348,52,0
15349,52,0
15350,52,0
15351,51,0
15352,51,0
15353,50,0
15354,50,0
15355,52,0
15356,52,0
15357,51,0
15358,51,0
15359,54,0
15360,52,0
15361,50,0
15362,53,0
15363,51,0
15364,50,0
15365,52,0
15366,53,0
15367,53,0
15368,52,0
15369,52,0
15370,52,0
15371,52,0
15372,53,0
15373,53,0
15374,53,0
15375,52,0
15376,54,0
15377,52,0
15378,54,0
15379,51,0
15380,53,0
15381,51,0
15382,52,0
15383,52,0
15384,52,0
15385,52,0
15386,51,0
15387,55,0
15388,52,0
15389,50,0
15390,50,0
15391,50,0
15392,49,0
15393,51,0
15394,51,0
15395,54,0
15396,50,0
15397,54,0
15398,55,0
15399,55,0
15400,52,0
15401,54,0
15402,52,0
15403,52,0
15404,51,0
15405,53,0
15406,52,0
15407,54,0
15408,52,0
15409,55,0
15410,55,0
15411,53,0
15412,50,0
15413,54,0
15414,52,0
15415,55,0
15416,51,0
15417,54,0
15418,52,0
15419,52,0
15420,51,0
15421,53,0
15422,51,0
15423,52,0
15424,53,0
15425,53,0
15426,52,0
15427,50,0
15428,52,0
15429,53,0
15430,53,0
15431,52,0
15432,52,0
15433,52,0
15434,50,0
15435,51,0
15436,51,0
15437,52,0
15438,50,0
15439,52,0
15440,53,0
15441,53,0
15442,50,0
15443,52,0
15444,52,0
15445,53,0
15446,53,0
15447,52,0
15448,50,0
15449,52,0
15450,53,0
15451,51,0
15452,50,0
15453,50,0
15454,52,0
15455,53,0
15456,53,0
15457,51,0
15458,52,0
15459,52,0
15460,52,0
15461,51,0
15462,51,0
15463,52,0
15464,50,0
15465,50,0
15466,49,0
15467,51,0
15468,52,0
15469,54,0
15470,50,0
15471,55,0
15472,53,0
15473,53,0
15474,52,0
15475,52,0
15476,52,0
15477,51,0
15478,51,0
15479,52,0
15480,50,0
15481,52,0
15482,51,0
15483,50,0
15484,52,0
15485,52,0
15486,51,0
15487,51,0
15488,52,0
15489,52,0
15490,52,0
15491,55,0
15492,53,0
15493,49,0
15494,54,0
15495,52,0
15496,52,0
15497,49,0
15498,53,0
15499,52,0
15500,52,0
15501,50,0
15502,52,0
15503,53,0
15504,51,0
15505,52,0
15506,52,0
15507,52,0
15508,51,0
15509,55,0
15510,52,0
15511,52,0
15512,52,0
15513,52,0
15514,53,0
15515,51,0
15516,52,0
15517,50,0
15518,54,0
15519,51,0
15520,53,0
15521,51,0
15522,52,0
15523,50,0
15524,52,0
15525,51,0
15526,53,0
15527,51,0
15528,52,0
15529,50,0
15530,52,0
15531,55,0
15532,53,0
15533,50,0
15534,52,0
15535,54,0
15536,51,0
15537,52,0
15538,52,0
15539,52,0
15540,54,0
15541,51,0
15542,53,0
15543,53,0
15544,52,0
15545,50,0
15546,50,0
15547,52,0
15548,51,0
15549,53,0
15550,52,0
15551,52,0
15552,50,0
15553,50,0
15554,51,0
15555,53,0
15556,51,0
15557,52,0
15558,50,0
15559,54,0
15560,51,0
15561,51,0
15562,51,0
15563,50,0
15564,50,0
15565,50,0
15566,52,0
15567,53,0
15568,51,0
15569,51,0
15570,54,0
15571,52,0
15572,52,0
15573,53,0
15574,53,0
15575,52,0
15576,54,0
15577,50,0
15578,54,0
15579,55,0
15580,53,0
15581,52,0
15582,52,0
15583,52,0
15584,55,0
15585,51,0
15586,51,0
15587,52,0
15588,52,0
15589,52,0
15590,51,0
15591,51,0
15592,52,0
15593,54,0
15594,52,0
15595,54,0
15596,55,0
15597,53,0
15598,50,0
15599,54,0
15600,52,0
15601,55,0
15602,51,0
15603,52,0
15604,52,0
15605,54,0
15606,54,0
15607,51,0
15608,53,0
15609,52,0
15610,51,0
15611,53,0
15612,51,0
15613,52,0
15614,52,0
15615,50,0
15616,51,0
15617,51,0
15618,52,0
15619,54,0
15620,52,0
15621,53,0
15622,49,0
15623,52,0
15624,52,0
15625,52,0
15626,53,0
15627,53,0
15628,52,0
15629,52,0
15630,52,0
15631,53,0
15632,51,0
15633,52,0
15634,54,0
15635,50,0
15636,52,0
15637,53,0
15638,51,0
15639,52,0
15640,52,0
15641,52,0
15642,53,0
15643,53,0
15644,52,0
15645,52,0
15646,54,0
15647,51,0
15648,55,0
15649,52,0
15650,50,0
15651,50,0
15652,52,0
15653,51,0
15654,51,0
15655,50,0
15656,52,0
15657,52,0
15658,51,0
15659,52,0
15660,50,0
15661,52,0
15662,51,0
15663,53,0
15664,51,0
15665,52,0
15666,52,0
15667,52,0
15668,53,0
15669,51,0
15670,52,0
15671,50,0
15672,52,0
15673,51,0
15674,53,0
15675,52,0
15676,50,0
15677,54,0
15678,51,0
15679,53,0
15680,52,0
15681,52,0
15682,50,0
15683,52,0
15684,51,0
15685,52,0
15686,50,0
15687,54,0
15688,52,0
15689,53,0
15690,52,0
15691,52,0
15692,52,0
15693,53,0
15694,51,0
15695,52,0
15696,50,0
15697,52,0
15698,55,0
15699,51,0
15700,51,0
15701,52,0
15702,52,0
15703,52,0
15704,53,0
15705,53,0
15706,50,0
15707,52,0
15708,52,0
15709,52,0
15710,51,0
15711,53,0
15712,52,0
15713,52,0
15714,50,0
15715,52,0
15716,53,0
15717,55,0
15718,50,0
15719,52,0
15720,49,0
15721,53,0
15722,52,0
15723,52,0
15724,50,0
15725,51,0
15726,53,0
15727,51,0
15728,50,0
15729,52,0
15730,50,0
15731,53,0
15732,53,0
15733,52,0
15734,52,0
15735,54,0
15736,52,0
15737,51,0
15738,51,0
15739,54,0
15740,52,0
15741,52,0
15742,53,0
15743,51,0
15744,52,0
15745,52,0
15746,52,0
15747,51,0
15748,51,0
15749,53,0
15750,52,0
15751,54,0
15752,50,0
15753,53,0
15754,53,0
15755,50,0
15756,52,0
15757,50,0
15758,51,0
15759,51,0
15760,51,0
15761,50,0
15762,52,0
15763,52,0
15764,51,0
15765,49,0
15766,52,0
15767,50,0
15768,50,0
15769,53,0
15770,51,0
15771,52,0
15772,50,0
15773,52,0
15774,52,0
15775,51,0
15776,51,0
15777,52,0
15778,52,0
15779,52,0
15780,55,0
15781,51,0
15782,50,0
15783,52,0
15784,52,0
15785,51,0
15786,51,0
15787,52,0
15788,52,0
15789,52,0
15790,50,0
15791,51,0
15792,53,0
15793,50,0
15794,52,0
15795,52,0
15796,53,0
15797,51,0
15798,50,0
15799,52,0
15800,52,0
15801,53,0
15802,49,0
15803,52,0
15804,52,0
15805,52,0
15806,53,0
15807,51,0
15808,52,0
15809,52,0
15810,54,0
15811,51,0
15812,53,0
15813,51,0
15814,52,0
15815,51,0
15816,53,0
15817,50,0
15818,52,0
15819,52,0
15820,50,0
15821,49,0
15822,51,0
15823,51,0
15824,50,0
15825,52,0
15826,50,0
15827,51,0
15828,51,0
15829,49,0
15830,52,0
15831,52,0
15832,52,0
15833,52,0
15834,51,0
15835,51,0
15836,51,0
15837,52,0
15838,54,0
15839,54,0
15840,49,0
15841,51,0
15842,51,0
15843,52,0
15844,50,0
15845,52,0
15846,52,0
15847,55,0
15848,55,0
15849,54,0
15850,52,0
15851,54,0
15852,53,0
15853,55,0
15854,51,0
15855,52,0
15856,52,0
15857,51,0
15858,51,0
15859,54,0
15860,50,0
15861,54,0
15862,51,0
15863,53,0
15864,51,0
15865,52,0
15866,52,0
15867,52,0
15868,51,0
15869,53,0
15870,51,0
15871,52,0
15872,50,0
15873,52,0
15874,52,0
15875,53,0
15876,53,0
15877,53,0
15878,52,0
15879,50,0
15880,52,0
15881,52,0
15882,53,0
15883,53,0
15884,51,0
15885,52,0
15886,52,0
15887,54,0
15888,51,0
15889,53,0
15890,50,0
15891,52,0
15892,54,0
15893,51,0
15894,51,0
15895,52,0
15896,52,0
15897,50,0
15898,50,0
15899,51,0
15900,51,0
15901,52,0
15902,58,0
15903,50,0
15904,50,0
15905,55,0
15906,52,0
15907,52,0
15908,51,0
15909,53,0
15910,54,0
15911,52,0
15912,52,0
15913,52,0
15914,51,0
15915,51,0
15916,52,0
15917,52,0
15918,54,0
15919,54,0
15920,51,0
15921,51,0
15922,51,0
15923,52,0
15924,52,0
15925,52,0
15926,52,0
15927,53,0
15928,51,0
15929,51,0
15930,52,0
15931,54,0
15932,52,0
15933,53,0
15934,53,0
15935,53,0
15936,52,0
15937,52,0
15938,52,0
15939,55,0
15940,51,0
15941,51,0
15942,52,0
15943,52,0
15944,54,0
15945,52,0
15946,55,0
15947,53,0
15948,52,0
15949,54,0
15950,52,0
15951,52,0
15952,55,0
15953,53,0
15954,55,0
15955,52,0
15956,52,0
15957,54,0
15958,52,0
15959,51,0
15960,52,0
15961,54,0
15962,52,0
15963,53,0
15964,51,0
15965,51,0
15966,52,0
15967,52,0
15968,50,0
15969,53,0
15970,51,0
15971,51,0
15972,52,0
15973,52,0
15974,50,0
15975,54,0
15976,51,0
15977,51,0
15978,53,0
15979,50,0
15980,52,0
15981,52,0
15982,52,0
15983,51,0
15984,53,0
15985,52,0
15986,50,0
15987,54,0
15988,51,0
15989,52,0
15990,54,0
15991,52,0
15992,52,0
15993,53,0
15994,51,0
15995,51,0
15996,52,0
15997,52,0
15998,52,0
15999,50,0
16000,53,0
16001,55,0
16002,53,0
16003,52,0
16004,52,0
16005,52,0
16006,52,0
16007,51,0
16008,53,0
16009,53,0
16010,54,0
16011,52,0
16012,50,0
16013,53,0
16014,51,0
16015,53,0
16016,54,0
16017,52,0
16018,53,0
16019,51,0
16020,53,0
16021,52,0
16022,54,0
16023,52,0
16024,52,0
16025,51,0
16026,51,0
16027,51,0
16028,52,0
16029,50,0
16030,50,0
16031,52,0
16032,53,0
16033,51,0
16034,53,0
16035,52,0
16036,52,0
16037,52,0
16038,52,0
16039,51,0
16040,53,0
16041,53,0
16042,50,0
16043,52,0
16044,53,0
16045,51,0
16046,51,0
16047,52,0
16048,52,0
16049,52,0
16050,52,0
16051,50,0
16052,51,0
16053,51,0
16054,51,0
16055,50,0
16056,54,0
16057,54,0
16058,52,0
16059,51,0
16060,51,0
16061,53,0
16062,52,0
16063,52,0
16064,52,0
16065,52,0
16066,51,0
16067,53,0
16068,53,0
16069,52,0
16070,50,0
16071,50,0
16072,52,0
16073,52,0
16074,50,0
16075,52,0
16076,52,0
16077,55,0
16078,49,0
16079,53,0
16080,51,0
16081,50,0
16082,52,0
16083,52,0
16084,52,0
16085,51,0
16086,51,0
16087,51,0
16088,50,0
16089,52,0
16090,50,0
16091,52,0
16092,51,0
16093,53,0
16094,53,0
16095,52,0
16096,50,0
16097,52,0
16098,52,0
16099,52,0
16100,49,0
16101,52,0
16102,54,0
16103,52,0
16104,51,0
16105,51,0
16106,51,0
16107,52,0
16108,50,0
16109,52,0
16110,50,0
16111,53,0
16112,55,0
16113,51,0
16114,52,0
16115,52,0
16116,52,0
16117,52,0
16118,51,0
16119,55,0
16120,52,0
16121,50,0
16122,54,0
16123,52,0
16124,55,0
16125,51,0
16126,51,0
16127,52,0
16128,52,0
16129,51,0
16130,53,0
16131,50,0
16132,52,0
16133,52,0
16134,52,0
16135,53,0
16136,53,0
16137,52,0
16138,54,0
16139,52,0
16140,52,0
16141,51,0
16142,53,0
16143,51,0
16144,52,0
16145,54,0
16146,52,0
16147,52,0
16148,53,0
16149,51,0
16150,52,0
16151,52,0
16152,54,0
16153,52,0
16154,53,0
16155,51,0
16156,52,0
16157,52,0
16158,51,0
16159,51,0
16160,53,0
16161,50,0
16162,52,0
16163,52,0
16164,55,0
16165,51,0
16166,53,0
16167,52,0
16168,52,0
16169,54,0
16170,52,0
16171,53,0
16172,51,0
16173,51,0
16174,54,0
16175,52,0
16176,52,0
16177,52,0
16178,53,0
16179,51,0
16180,52,0
16181,50,0
16182,52,0
16183,50,0
16184,53,0
16185,52,0
16186,54,0
16187,52,0
16188,52,0
16189,51,0
16190,51,0
16191,51,0
16192,52,0
16193,54,0
16194,52,0
16195,52,0
16196,53,0
16197,53,0
16198,51,0
16199,52,0
16200,52,0
16201,52,0
16202,52,0
16203,51,0
16204,53,0
16205,53,0
16206,50,0
16207,52,0
16208,52,0
16209,52,0
16210,55,0
16211,51,0
16212,53,0
16213,50,0
16214,52,0
16215,51,0
16216,51,0
16217,52,0
16218,54,0
16219,52,0
16220,52,0
16221,51,0
16222,53,0
16223,53,0
16224,51,0
16225,50,0
16226,54,0
16227,52,0
16228,52,0
16229,53,0
16230,53,0
16231,53,0
16232,52,0
16233,52,0
16234,52,0
16235,52,0
16236,53,0
16237,53,0
16238,51,0
16239,50,0
16240,50,0
16241,52,0
16242,52,0
16243,51,0
16244,52,0
16245,52,0
16246,54,0
16247,52,0
16248,51,0
16249,51,0
16250,53,0
16251,52,0
16252,52,0
16253,50,0
16254,54,0
16255,53,0
16256,53,0
16257,51,0
16258,52,0
16259,54,0
16260,52,0
16261,52,0
16262,53,0
16263,55,0
16264,52,0
16265,52,0
16266,52,0
16267,54,0
16268,52,0
16269,51,0
16270,53,0
16271,52,0
16272,50,0
16273,51,0
16274,53,0
16275,53,0
16276,52,0
16277,52,0
16278,54,0
16279,52,0
16280,52,0
16281,55,0
16282,53,0
16283,52,0
16284,52,0
16285,52,0
16286,52,0
16287,51,0
16288,51,0
16289,52,0
16290,52,0
16291,52,0
16292,52,0
16293,53,0
16294,55,0
16295,53,0
16296,52,0
16297,52,0
16298,52,0
16299,52,0
16300,52,0
16301,52,0
16302,50,0
16303,52,0
16304,51,0
16305,53,0
16306,53,0
16307,50,0
16308,52,0
16309,54,0
16310,52,0
16311,51,0
16312,53,0
16313,52,0
16314,54,0
16315,52,0
16316,52,0
16317,51,0
16318,53,0
16319,51,0
16320,52,0
16321,50,0
16322,52,0
16323,51,0
16324,51,0
16325,51,0
16326,52,0
16327,52,0
16328,53,0
16329,51,0
16330,51,0
16331,52,0
16332,52,0
16333,54,0
16334,52,0
16335,53,0
16336,53,0
16337,51,0
16338,52,0
16339,52,0
16340,52,0
16341,53,0
16342,51,0
16343,53,0
16344,52,0
16345,54,0
16346,52,0
16347,52,0
16348,53,0
16349,53,0
16350,52,0
16351,52,0
16352,52,0
16353,52,0
16354,51,0
16355,55,0
16356,53,0
16357,52,0
16358,52,0
16359,51,0
16360,51,0
16361,52,0
16362,52,0
16363,54,0
16364,52,0
16365,53,0
16366,53,0
16367,53,0
16368,52,0
16369,54,0
16370,52,0
16371,52,0
16372,51,0
16373,51,0
16374,52,0
16375,52,0
16376,54,0
16377,52,0
16378,51,0
16379,53,0
16380,53,0
16381,52,0
16382,52,0
16383,52,0
16384,52,0
16385,51,0
16386,52,0
16387,52,0
16388,52,0
16389,52,0
16390,53,0
16391,51,0
16392,55,0
16393,52,0
16394,52,0
16395,54,0
16396,52,0
16397,51,0
16398,53,0
16399,51,0
16400,52,0
16401,50,0
16402,50,0
16403,52,0
16404,53,0
16405,53,0
16406,51,0
16407,50,0
16408,50,0
16409,54,0
16410,52,0
16411,51,0
16412,53,0
16413,52,0
16414,50,0
16415,52,0
16416,53,0
16417,53,0
16418,51,0
16419,52,0
16420,52,0
16421,50,0
16422,52,0
16423,53,0
16424,53,0
16425,52,0
16426,52,0
16427,52,0
16428,52,0
16429,55,0
16430,53,0
16431,55,0
16432,52,0
16433,52,0
16434,52,0
16435,52,0
16436,51,0
16437,51,0
16438,53,0
16439,52,0
16440,52,0
16441,52,0
16442,51,0
16443,53,0
16444,54,0
16445,52,0
16446,52,0
16447,53,0
16448,53,0
16449,53,0
16450,52,0
16451,50,0
16452,52,0
16453,52,0
16454,53,0
16455,51,0
16456,55,0
16457,52,0
16458,52,0
16459,52,0
16460,55,0
16461,53,0
16462,51,0
16463,52,0
16464,52,0
16465,52,0
16466,52,0
16467,53,0
16468,55,0
16469,51,0
16470,52,0
16471,55,0
16472,53,0
16473,55,0
16474,52,0
16475,52,0
16476,54,0
16477,52,0
16478,51,0
16479,51,0
16480,51,0
16481,52,0
16482,50,0
16483,52,0
16484,54,0
16485,51,0
16486,55,0
16487,53,0
16488,52,0
16489,52,0
16490,52,0
16491,51,0
16492,55,0
16493,53,0
16494,52,0
16495,52,0
16496,52,0
16497,53,0
16498,52,0
16499,54,0
16500,50,0
16501,52,0
16502,53,0
16503,51,0
16504,53,0
16505,52,0
16506,54,0
16507,54,0
16508,52,0
16509,53,0
16510,51,0
16511,52,0
16512,54,0
16513,50,0
16514,54,0
16515,51,0
16516,53,0
16517,53,0
16518,52,0
16519,50,0
16520,52,0
16521,51,0
16522,51,0
16523,55,0
16524,52,0
16525,54,0
16526,52,0
16527,53,0
16528,52,0
16529,52,0
16530,50,0
16531,52,0
16532,53,0
16533,51,0
16534,52,0
16535,52,0
16536,50,0
16537,52,0
16538,53,0
16539,55,0
16540,51,0
16541,52,0
16542,52,0
16543,52,0
16544,50,0
16545,53,0
16546,51,0
16547,51,0
16548,52,0
16549,52,0
16550,50,0
16551,51,0
16552,51,0
16553,51,0
16554,52,0
16555,52,0
16556,53,0
16557,53,0
16558,52,0
16559,50,0
16560,52,0
16561,52,0
16562,53,0
16563,51,0
16564,51,0
16565,52,0
16566,52,0
16567,54,0
16568,52,0
16569,55,0
16570,51,0
16571,53,0
16572,52,0
16573,52,0
16574,50,0
16575,52,0
16576,55,0
16577,51,0
16578,53,0
16579,50,0
16580,54,0
16581,52,0
16582,52,0
16583,52,0
16584,52,0
16585,52,0
16586,52,0
16587,51,0
16588,55,0
16589,51,0
16590,52,0
16591,52,0
16592,50,0
16593,52,0
16594,51,0
16595,53,0
16596,53,0
16597,52,0
16598,52,0
16599,50,0
16600,52,0
16601,53,0
16602,55,0
16603,55,0
16604,51,0
16605,52,0
16606,52,0
16607,52,0
16608,53,0
16609,53,0
16610,51,0
16611,52,0
16612,50,0
16613,53,0
16614,53,0
16615,53,0
16616,52,0
16617,50,0
16618,52,0
16619,52,0
16620,53,0
16621,51,0
16622,51,0
16623,52,0
16624,52,0
16625,52,0
16626,50,0
16627,52,0
16628,53,0
16629,53,0
16630,52,0
16631,54,0
16632,52,0
16633,52,0
16634,55,0
16635,51,0
16636,53,0
16637,52,0
16638,52,0
16639,50,0
16640,51,0
16641,50,0
16642,52,0
16643,50,0
16644,52,0
16645,51,0
16646,51,0
16647,59,0
16648,52,0
16649,51,0
16650,52,0
16651,52,0
16652,50,0
16653,53,0
16654,51,0
16655,51,0
16656,50,0
16657,54,0
16658,51,0
16659,55,0
16660,52,0
16661,52,0
16662,52,0
16663,52,0
16664,53,0
16665,51,0
16666,54,0
16667,54,0
16668,52,0
16669,52,0
16670,55,0
16671,51,0
16672,54,0
16673,52,0
16674,52,0
16675,51,0
16676,51,0
16677,51,0
16678,52,0
16679,54,0
16680,52,0
16681,53,0
16682,51,0
16683,53,0
16684,52,0
16685,52,0
16686,52,0
16687,53,0
16688,52,0
16689,52,0
16690,52,0
16691,51,0
16692,55,0
16693,52,0
16694,52,0
16695,52,0
16696,52,0
16697,51,0
16698,53,0
16699,52,0
16700,52,0
16701,50,0
16702,52,0
16703,53,0
16704,51,0
16705,52,0
16706,52,0
16707,52,0
16708,52,0
16709,51,0
16710,53,0
16711,52,0
16712,50,0
16713,50,0
16714,52,0
16715,51,0
16716,53,0
16717,54,0
16718,52,0
16719,51,0
16720,51,0
16721,51,0
16722,52,0
16723,54,0
16724,52,0
16725,51,0
16726,55,0
16727,53,0
16728,54,0
16729,54,0
16730,54,0
16731,51,0
16732,51,0
16733,53,0
16734,54,0
16735,52,0
16736,52,0
16737,53,0
16738,51,0
16739,53,0
16740,50,0
16741,50,0
16742,52,0
16743,52,0
16744,53,0
16745,51,0
16746,52,0
16747,50,0
16748,51,0
16749,53,0
16750,51,0
16751,52,0
16752,52,0
16753,54,0
16754,53,0
16755,55,0
16756,51,0
16757,52,0
16758,52,0
16759,52,0
16760,52,0
16761,53,0
16762,51,0
16763,53,0
16764,52,0
16765,50,0
16766,52,0
16767,51,0
16768,51,0
16769,53,0
16770,52,0
16771,52,0
16772,52,0
16773,52,0
16774,51,0
16775,51,0
16776,53,0
16777,52,0
16778,52,0
16779,51,0
16780,51,0
16781,50,0
16782,50,0
16783,50,0
16784,50,0
16785,53,0
16786,49,0
16787,51,0
16788,50,0
16789,50,0
16790,52,0
16791,50,0
16792,51,0
16793,55,0
16794,51,0
16795,50,0
16796,50,0
16797,50,0
16798,52,0
16799,51,0
16800,53,0
16801,49,0
16802,52,0
16803,52,0
16804,52,0
16805,50,0
16806,49,0
16807,52,0
16808,50,0
16809,50,0
16810,53,0
16811,51,0
16812,51,0
16813,50,0
16814,52,0
16815,50,0
16816,50,0
16817,49,0
16818,51,0
16819,49,0
16820,52,0
16821,54,0
16822,52,0
16823,55,0
16824,53,0
16825,53,0
16826,52,0
16827,50,0
16828,52,0
16829,52,0
16830,55,0
16831,53,0
16832,55,0
16833,52,0
16834,54,0
16835,52,0
16836,50,0
16837,52,0
16838,52,0
16839,52,0
16840,53,0
16841,51,0
16842,51,0
16843,52,0
16844,54,0
16845,52,0
16846,53,0
16847,51,0
16848,53,0
16849,52,0
16850,52,0
16851,52,0
16852,53,0
16853,51,0
16854,53,0
16855,52,0
16856,52,0
16857,50,0
16858,51,0
16859,53,0
16860,53,0
16861,52,0
16862,52,0
16863,52,0
16864,53,0
16865,51,0
16866,52,0
16867,52,0
16868,55,0
16869,51,0
16870,53,0
16871,50,0
16872,54,0
16873,52,0
16874,51,0
16875,53,0
16876,53,0
16877,52,0
16878,52,0
16879,52,0
16880,53,0
16881,51,0
16882,52,0
16883,52,0
16884,52,0
16885,52,0
16886,51,0
16887,51,0
16888,52,0
16889,52,0
16890,52,0
16891,52,0
16892,55,0
16893,51,0
16894,52,0
16895,52,0
16896,53,0
16897,55,0
16898,52,0
16899,52,0
16900,52,0
16901,52,0
16902,51,0
16903,51,0
16904,51,0
16905,52,0
16906,54,0
16907,52,0
16908,51,0
16909,51,0
16910,51,0
16911,50,0
16912,52,0
16913,52,0
16914,51,0
16915,51,0
16916,53,0
16917,52,0
16918,52,0
16919,52,0
16920,52,0
16921,51,0
16922,53,0
16923,52,0
16924,52,0
16925,53,0
16926,51,0
16927,52,0
16928,52,0
16929,50,0
16930,52,0
16931,53,0
16932,51,0
16933,52,0
16934,52,0
16935,54,0
16936,50,0
16937,51,0
16938,53,0
16939,53,0
16940,52,0
16941,52,0
16942,52,0
16943,52,0
16944,51,0
16945,53,0
16946,52,0
16947,52,0
16948,50,0
16949,50,0
16950,51,0
16951,51,0
16952,53,0
16953,52,0
16954,52,0
16955,51,0
16956,51,0
16957,53,0
16958,52,0
16959,52,0
16960,52,0
16961,52,0
16962,51,0
16963,51,0
16964,52,0
16965,52,0
16966,52,0
16967,52,0
16968,55,0
16969,51,0
16970,51,0
16971,52,0
16972,50,0
16973,52,0
16974,52,0
16975,53,0
16976,55,0
16977,52,0
16978,52,0
16979,52,0
16980,54,0
16981,53,0
16982,51,0
16983,53,0
16984,52,0
16985,52,0
16986,51,0
16987,55,0
16988,51,0
16989,52,0
16990,52,0
16991,52,0
16992,53,0
16993,51,0
16994,51,0
16995,52,0
16996,50,0
16997,52,0
16998,51,0
16999,55,0
17000,53,0
17001,52,0
17002,50,0
17003,54,0
17004,52,0
17005,55,0
17006,55,0
17007,52,0
17008,52,0
17009,52,0
17010,52,0
17011,53,0
17012,53,0
17013,55,0
17014,52,0
17015,52,0
17016,51,0
17017,51,0
17018,52,0
17019,52,0
17020,52,0
17021,52,0
17022,51,0
17023,53,0
17024,52,0
17025,54,0
17026,52,0
17027,52,0
17028,51,0
17029,53,0
17030,52,0
17031,52,0
17032,52,0
17033,52,0
17034,53,0
17035,51,0
17036,52,0
17037,52,0
17038,52,0
17039,52,0
17040,55,0
17041,51,0
17042,52,0
17043,52,0
17044,50,0
17045,53,0
17046,52,0
17047,52,0
17048,50,0
17049,51,0
17050,51,0
17051,55,0
17052,54,0
17053,52,0
17054,52,0
17055,51,0
17056,53,0
17057,51,0
17058,52,0
17059,52,0
17060,52,0
17061,53,0
17062,51,0
17063,52,0
17064,54,0
17065,52,0
17066,51,0
17067,53,0
17068,51,0
17069,52,0
17070,52,0
17071,52,0
17072,51,0
17073,53,0
17074,51,0
17075,52,0
17076,52,0
17077,55,0
17078,51,0
17079,52,0
17080,52,0
17081,52,0
17082,52,0
17083,55,0
17084,55,0
17085,52,0
17086,50,0
17087,52,0
17088,52,0
17089,53,0
17090,53,0
17091,53,0
17092,52,0
17093,52,0
17094,52,0
17095,51,0
17096,51,0
17097,51,0
17098,52,0
17099,52,0
17100,52,0
17101,51,0
17102,53,0
17103,55,0
17104,52,0
17105,55,0
17106,51,0
17107,51,0
17108,54,0
17109,50,0
17110,50,0
17111,52,0
17112,55,0
17113,53,0
17114,52,0
17115,52,0
17116,52,0
17117,52,0
17118,53,0
17119,51,0
17120,52,0
17121,50,0
17122,52,0
17123,50,0
17124,53,0
17125,51,0
17126,53,0
17127,52,0
17128,50,0
17129,52,0
17130,52,0
17131,51,0
17132,53,0
17133,52,0
17134,52,0
17135,53,0
17136,55,0
17137,53,0
17138,52,0
17139,52,0
17140,50,0
17141,52,0
17142,53,0
17143,53,0
17144,52,0
17145,54,0
17146,52,0
17147,54,0
17148,52,0
17149,51,0
17150,51,0
17151,52,0
17152,52,0
17153,50,0
17154,52,0
17155,53,0
17156,53,0
17157,51,0
17158,52,0
17159,52,0
17160,54,0
17161,52,0
17162,51,0
17163,51,0
17164,50,0
17165,54,0
17166,53,0
17167,53,0
17168,51,0
17169,52,0
17170,52,0
17171,52,0
17172,55,0
17173,51,0
17174,53,0
17175,52,0
17176,54,0
17177,52,0
17178,52,0
17179,51,0
17180,53,0
17181,52,0
17182,54,0
17183,52,0
17184,52,0
17185,53,0
17186,51,0
17187,52,0
17188,52,0
17189,52,0
17190,52,0
17191,53,0
17192,53,0
17193,52,0
17194,52,0
17195,51,0
17196,51,0
17197,51,0
17198,50,0
17199,52,0
17200,52,0
17201,53,0
17202,53,0
17203,53,0
17204,52,0
17205,52,0
17206,52,0
17207,55,0
17208,51,0
17209,51,0
17210,52,0
17211,52,0
17212,52,0
17213,53,0
17214,51,0
17215,53,0
17216,52,0
17217,50,0
17218,54,0
17219,51,0
17220,53,0
17221,51,0
17222,52,0
17223,53,0
17224,51,0
17225,53,0
17226,52,0
17227,52,0
17228,52,0
17229,53,0
17230,53,0
17231,55,0
17232,54,0
17233,52,0
17234,52,0
17235,53,0
17236,51,0
17237,55,0
17238,54,0
17239,54,0
17240,52,0
17241,53,0
17242,51,0
17243,52,0
17244,52,0
17245,52,0
17246,53,0
17247,51,0
17248,53,0
17249,52,0
17250,52,0
17251,52,0
17252,53,0
17253,52,0
17254,52,0
17255,52,0
17256,55,0
17257,51,0
17258,53,0
17259,52,0
17260,52,0
17261,54,0
17262,51,0
17263,53,0
17264,53,0
17265,52,0
17266,52,0
17267,52,0
17268,51,0
17269,51,0
17270,51,0
17271,52,0
17272,54,0
17273,52,0
17274,51,0
17275,51,0
17276,51,0
17277,52,0
17278,52,0
17279,52,0
17280,52,0
17281,55,0
17282,52,0
17283,50,0
17284,52,0
17285,53,0
17286,51,0
17287,51,0
17288,52,0
17289,54,0
17290,50,0
17291,53,0
17292,51,0
17293,55,0
17294,52,0
17295,52,0
17296,52,0
17297,52,0
17298,51,0
17299,51,0
17300,52,0
17301,52,0
17302,54,0
17303,52,0
17304,51,0
17305,53,0
17306,52,0
17307,50,0
17308,52,0
17309,52,0
17310,51,0
17311,52,0
17312,52,0
17313,54,0
17314,52,0
17315,53,0
17316,51,0
17317,52,0
17318,52,0
17319,54,0
17320,52,0
17321,53,0
17322,51,0
17323,51,0
17324,54,0
17325,52,0
17326,52,0
17327,51,0
17328,51,0
17329,51,0
17330,52,0
17331,52,0
17332,50,0
17333,52,0
17334,53,0
17335,53,0
17336,53,0
17337,52,0
17338,50,0
17339,54,0
17340,52,0
17341,51,0
17342,52,0
17343,52,0
17344,50,0
17345,55,0
17346,51,0
17347,51,0
17348,52,0
17349,52,0
17350,54,0
17351,52,0
17352,53,0
17353,51,0
17354,52,0
17355,52,0
17356,50,0
17357,52,0
17358,51,0
17359,53,0
17360,52,0
17361,52,0
17362,52,0
17363,52,0
17364,51,0
17365,53,0
17366,51,0
17367,52,0
17368,54,0
17369,52,0
17370,53,0
17371,54,0
17372,52,0
17373,50,0
17374,53,0
17375,51,0
17376,51,0
17377,52,0
17378,50,0
17379,52,0
17380,52,0
17381,51,0
17382,51,0
17383,52,0
17384,50,0
17385,54,0
17386,52,0
17387,51,0
17388,51,0
17389,52,0
17390,54,0
17391,54,0
17392,57,0
17393,52,0
17394,49,0
17395,52,0
17396,55,0
17397,51,0
17398,52,0
17399,52,0
17400,52,0
17401,51,0
17402,53,0
17403,52,0
17404,54,0
17405,54,0
17406,52,0
17407,53,0
17408,51,0
17409,52,0
17410,52,0
17411,52,0
17412,52,0
17413,55,0
17414,53,0
17415,52,0
17416,54,0
17417,55,0
17418,51,0
17419,53,0
17420,52,0
17421,52,0
17422,54,0
17423,52,0
17424,51,0
17425,53,0
17426,53,0
17427,52,0
17428,52,0
17429,54,0
17430,52,0
17431,51,0
17432,51,0
17433,51,0
17434,52,0
17435,54,0
17436,52,0
17437,53,0
17438,53,0
17439,51,0
17440,52,0
17441,52,0
17442,52,0
17443,55,0
17444,53,0
17445,52,0
17446,52,0
17447,52,0
17448,52,0
17449,53,0
17450,55,0
17451,55,0
17452,52,0
17453,52,0
17454,50,0
17455,52,0
17456,51,0
17457,53,0
17458,52,0
17459,52,0
17460,52,0
17461,54,0
17462,53,0
17463,51,0
17464,51,0
17465,52,0
17466,52,0
17467,54,0
17468,52,0
17469,53,0
17470,49,0
17471,52,0
17472,52,0
17473,55,0
17474,51,0
17475,53,0
17476,52,0
17477,50,0
17478,54,0
17479,50,0
17480,52,0
17481,55,0
17482,51,0
17483,51,0
17484,52,0
17485,52,0
17486,50,0
17487,52,0
17488,52,0
17489,51,0
17490,51,0
17491,53,0
17492,52,0
17493,52,0
17494,50,0
17495,52,0
17496,55,0
17497,55,0
17498,54,0
17499,54,0
17500,52,0
17501,51,0
17502,51,0
17503,51,0
17504,52,0
17505,50,0
17506,52,0
17507,50,0
17508,51,0
17509,51,0
17510,51,0
17511,52,0
17512,52,0
17513,52,0
17514,52,0
17515,51,0
17516,53,0
17517,53,0
17518,52,0
17519,52,0
17520,52,0
17521,54,0
17522,53,0
17523,53,0
17524,51,0
17525,54,0
17526,52,0
17527,51,0
17528,51,0
17529,52,0
17530,50,0
17531,54,0
17532,52,0
17533,53,0
17534,51,0
17535,55,0
17536,52,0
17537,52,0
17538,52,0
17539,52,0
17540,51,0
17541,51,0
17542,53,0
17543,50,0
17544,52,0
17545,54,0
17546,50,0
17547,53,0
17548,53,0
17549,55,0
17550,52,0
17551,52,0
17552,52,0
17553,52,0
17554,52,0
17555,52,0
17556,52,0
17557,54,0
17558,53,0
17559,55,0
17560,52,0
17561,52,0
17562,52,0
17563,52,0
17564,51,0
17565,53,0
17566,53,0
17567,50,0
17568,54,0
17569,50,0
17570,55,0
17571,51,0
17572,55,0
17573,52,0
17574,52,0
17575,54,0
17576,52,0
17577,55,0
17578,51,0
17579,52,0
17580,54,0
17581,54,0
17582,51,0
17583,55,0
17584,52,0
17585,52,0
17586,52,0
17587,52,0
17588,53,0
17589,55,0
17590,53,0
17591,52,0
17592,54,0
17593,52,0
17594,52,0
17595,53,0
17596,53,0
17597,51,0
17598,54,0
17599,52,0
17600,52,0
17601,52,0
17602,53,0
17603,51,0
17604,52,0
17605,52,0
17606,52,0
17607,54,0
17608,52,0
17609,52,0
17610,56,0
17611,50,0
17612,52,0
17613,51,0
17614,51,0
17615,53,0
17616,52,0
17617,50,0
17618,52,0
17619,50,0
17620,51,0
17621,51,0
17622,53,0
17623,52,0
17624,52,0
17625,50,0
17626,52,0
17627,51,0
17628,53,0
17629,53,0
17630,52,0
17631,52,0
17632,50,0
17633,50,0
17634,53,0
17635,53,0
17636,51,0
17637,52,0
17638,50,0
17639,51,0
17640,51,0
17641,51,0
17642,52,0
17643,52,0
17644,52,0
17645,52,0
17646,52,0
17647,53,0
17648,51,0
17649,53,0
17650,52,0
17651,50,0
17652,52,0
17653,52,0
17654,51,0
17655,53,0
17656,51,0
17657,52,0
17658,52,0
17659,50,0
17660,52,0
17661,52,0
17662,51,0
17663,51,0
17664,53,0
17665,52,0
17666,52,0
17667,52,0
17668,51,0
17669,53,0
17670,50,0
17671,50,0
17672,50,0
17673,50,0
17674,50,0
17675,51,0
17676,49,0
17677,51,0
17678,52,0
17679,52,0
17680,50,0
17681,50,0
17682,55,0
17683,51,0
17684,53,0
17685,52,0
17686,52,0
17687,50,0
17688,52,0
17689,52,0
17690,53,0
17691,49,0
17692,51,0
17693,50,0
17694,52,0
17695,52,0
17696,52,0
17697,51,0
17698,50,0
17699,54,0
17700,50,0
17701,52,0
17702,50,0
17703,51,0
17704,51,0
17705,53,0
17706,50,0
17707,52,0
17708,50,0
17709,52,0
17710,51,0
17711,51,0
17712,53,0
17713,52,0
17714,52,0
17715,52,0
17716,50,0
17717,51,0
17718,53,0
17719,51,0
17720,52,0
17721,52,0
17722,52,0
17723,52,0
17724,52,0
17725,53,0
17726,50,0
17727,50,0
17728,52,0
17729,53,0
17730,53,0
17731,49,0
17732,52,0
17733,50,0
17734,50,0
17735,50,0
17736,52,0
17737,51,0
17738,53,0
17739,53,0
17740,50,0
17741,50,0
17742,52,0
17743,50,0
17744,51,0
17745,51,0
17746,52,0
17747,52,0
17748,52,0
17749,50,0
17750,52,0
17751,49,0
17752,53,0
17753,55,0
17754,52,0
17755,53,0
17756,53,0
17757,51,0
17758,52,0
17759,50,0
17760,52,0
17761,52,0
17762,51,0
17763,51,0
17764,51,0
17765,50,0
17766,52,0
17767,50,0
17768,52,0
17769,49,0
17770,53,0
17771,51,0
17772,52,0
17773,52,0
17774,52,0
17775,52,0
17776,53,0
17777,51,0
17778,52,0
17779,52,0
17780,54,0
17781,50,0
17782,51,0
17783,51,0
17784,52,0
17785,52,0
17786,52,0
17787,49,0
17788,53,0
17789,53,0
17790,52,0
17791,50,0
17792,52,0
17793,52,0
17794,53,0
17795,51,0
17796,51,0
17797,54,0
17798,50,0
17799,50,0
17800,52,0
17801,51,0
17802,53,0
17803,53,0
17804,52,0
17805,52,0
17806,50,0
17807,52,0
17808,51,0
17809,51,0
17810,51,0
17811,50,0
17812,54,0
17813,52,0
17814,55,0
17815,53,0
17816,52,0
17817,52,0
17818,54,0
17819,52,0
17820,51,0
17821,53,0
17822,55,0
17823,52,0
17824,52,0
17825,52,0
17826,50,0
17827,51,0
17828,53,0
17829,53,0
17830,52,0
17831,50,0
17832,54,0
17833,52,0
17834,52,0
17835,51,0
17836,53,0
17837,51,0
17838,54,0
17839,52,0
17840,51,0
17841,51,0
17842,51,0
17843,52,0
17844,54,0
17845,50,0
17846,52,0
17847,53,0
17848,53,0
17849,51,0
17850,53,0
17851,52,0
17852,50,0
17853,52,0
17854,52,0
17855,53,0
17856,53,0
17857,53,0
17858,52,0
17859,52,0
17860,52,0
17861,52,0
17862,53,0
17863,51,0
17864,53,0
17865,51,0
17866,50,0
17867,52,0
17868,50,0
17869,53,0
17870,53,0
17871,52,0
17872,50,0
17873,54,0
17874,50,0
17875,53,0
17876,51,0
17877,53,0
17878,53,0
17879,52,0
17880,50,0
17881,52,0
17882,52,0
17883,51,0
17884,53,0
17885,53,0
17886,52,0
17887,52,0
17888,50,0
17889,52,0
17890,50,0
17891,55,0
17892,51,0
17893,55,0
17894,50,0
17895,52,0
17896,52,0
17897,52,0
17898,52,0
17899,50,0
17900,54,0
17901,52,0
17902,53,0
17903,51,0
17904,49,0
17905,52,0
17906,52,0
17907,52,0
17908,52,0
17909,51,0
17910,51,0
17911,53,0
17912,52,0
17913,52,0
17914,52,0
17915,52,0
17916,55,0
17917,53,0
17918,55,0
17919,52,0
17920,54,0
17921,54,0
17922,52,0
17923,51,0
17924,51,0
17925,54,0
17926,52,0
17927,51,0
17928,51,0
17929,55,0
17930,52,0
17931,54,0
17932,52,0
17933,52,0
17934,51,0
17935,53,0
17936,52,0
17937,52,0
17938,52,0
17939,52,0
17940,52,0
17941,51,0
17942,53,0
17943,51,0
17944,52,0
17945,54,0
17946,52,0
17947,52,0
17948,53,0
17949,51,0
17950,52,0
17951,54,0
17952,52,0
17953,54,0
17954,50,0
17955,53,0
17956,52,0
17957,50,0
17958,52,0
17959,50,0
17960,51,0
17961,53,0
17962,52,0
17963,52,0
17964,52,0
17965,52,0
17966,51,0
17967,51,0
17968,53,0
17969,50,0
17970,52,0
17971,52,0
17972,54,0
17973,55,0
17974,51,0
17975,55,0
17976,50,0
17977,52,0
17978,50,0
17979,52,0
17980,53,0
17981,55,0
17982,52,0
17983,52,0
17984,51,0
17985,53,0
17986,53,0
17987,52,0
17988,52,0
17989,54,0
17990,54,0
17991,52,0
17992,51,0
17993,53,0
17994,52,0
17995,54,0
17996,54,0
17997,52,0
17998,52,0
17999,51,0
18000,51,0
18001,51,0
18002,50,0
18003,52,0
18004,52,0
18005,52,0
18006,51,0
18007,51,0
18008,51,0
18009,52,0
18010,54,0
18011,52,0
18012,52,0
18013,51,0
18014,50,0
18015,52,0
18016,50,0
18017,52,0
18018,49,0
18019,53,0
18020,49,0
18021,52,0
18022,50,0
18023,50,0
18024,50,0
18025,53,0
18026,51,0
18027,53,0
18028,51,0
18029,52,0
18030,52,0
18031,52,0
18032,52,0
18033,51,0
18034,53,0
18035,55,0
18036,52,0
18037,50,0
18038,52,0
18039,54,0
18040,52,0
18041,53,0
18042,53,0
18043,50,0
18044,52,0
18045,52,0
18046,51,0
18047,55,0
18048,51,0
18049,52,0
18050,50,0
18051,50,0
18052,54,0
18053,53,0
18054,51,0
18055,51,0
18056,51,0
18057,50,0
18058,52,0
18059,50,0
18060,52,0
18061,55,0
18062,51,0
18063,51,0
18064,52,0
18065,52,0
18066,52,0
18067,50,0
18068,50,0
18069,51,0
18070,51,0
18071,53,0
18072,50,0
18073,52,0
18074,53,0
18075,53,0
18076,51,0
18077,52,0
18078,52,0
18079,50,0
18080,52,0
18081,51,0
18082,53,0
18083,51,0
18084,53,0
18085,50,0
18086,52,0
18087,52,0
18088,52,0
18089,53,0
18090,51,0
18091,53,0
18092,54,0
18093,52,0
18094,50,0
18095,52,0
18096,49,0
18097,51,0
18098,51,0
18099,52,0
18100,50,0
18101,52,0
18102,51,0
18103,52,0
18104,52,0
18105,52,0
18106,52,0
18107,52,0
18108,53,0
18109,55,0
18110,53,0
18111,52,0
18112,50,0
18113,52,0
18114,52,0
18115,51,0
18116,53,0
18117,55,0
18118,54,0
18119,52,0
18120,50,0
18121,52,0
18122,53,0
18123,53,0
18124,51,0
18125,54,0
18126,52,0
18127,50,0
18128,51,0
18129,53,0
18130,50,0
18131,52,0
18132,50,0
18133,54,0
18134,53,0
18135,53,0
18136,53,0
18137,55,0
18138,50,0
18139,53,0
18140,54,0
18141,52,0
18142,51,0
18143,52,0
18144,50,0
18145,51,0
18146,55,0
18147,50,0
18148,52,0
18149,51,0
18150,55,0
18151,50,0
18152,52,0
18153,53,0
18154,53,0
18155,50,0
18156,50,0
18157,51,0
18158,51,0
18159,52,0
18160,51,0
18161,51,0
18162,50,0
18163,54,0
18164,51,0
18165,51,0
18166,52,0
18167,52,0
18168,52,0
18169,53,0
18170,52,0
18171,50,0
18172,50,0
18173,55,0
18174,55,0
18175,52,0
18176,52,0
18177,53,0
18178,53,0
18179,52,0
18180,52,0
18181,53,0
18182,53,0
18183,52,0
18184,52,0
18185,52,0
18186,53,0
18187,50,0
18188,52,0
18189,53,0
18190,52,0
18191,52,0
18192,52,0
18193,51,0
18194,53,0
18195,50,0
18196,52,0
18197,53,0
18198,51,0
18199,50,0
18200,52,0
18201,53,0
18202,53,0
18203,50,0
18204,52,0
18205,52,0
18206,53,0
18207,53,0
18208,52,0
18209,52,0
18210,50,0
18211,55,0
18212,51,0
18213,52,0
18214,52,0
18215,52,0
18216,55,0
18217,50,0
18218,52,0
18219,52,0
18220,49,0
18221,51,0
18222,52,0
18223,52,0
18224,50,0
18225,51,0
18226,53,0
18227,52,0
18228,50,0
18229,50,0
18230,51,0
18231,53,0
18232,52,0
18233,52,0
18234,52,0
18235,51,0
18236,53,0
18237,51,0
18238,50,0
18239,52,0
18240,50,0
18241,53,0
18242,51,0
18243,52,0
18244,50,0
18245,52,0
18246,52,0
18247,52,0
18248,52,0
18249,51,0
18250,55,0
18251,52,0
18252,52,0
18253,52,0
18254,53,0
18255,51,0
18256,52,0
18257,54,0
18258,52,0
18259,55,0
18260,51,0
18261,52,0
18262,52,0
18263,52,0
18264,53,0
18265,53,0
18266,52,0
18267,52,0
18268,51,0
18269,51,0
18270,52,0
18271,52,0
18272,50,0
18273,53,0
18274,55,0
18275,52,0
18276,52,0
18277,52,0
18278,52,0
18279,50,0
18280,54,0
18281,51,0
18282,51,0
18283,52,0
18284,52,0
18285,52,0
18286,53,0
18287,51,0
18288,52,0
18289,52,0
18290,50,0
18291,53,0
18292,49,0
18293,52,0
18294,52,0
18295,50,0
18296,51,0
18297,49,0
18298,52,0
18299,50,0
18300,52,0
18301,53,0
18302,51,0
18303,52,0
18304,52,0
18305,52,0
18306,51,0
18307,51,0
18308,52,0
18309,51,0
18310,55,0
18311,50,0
18312,52,0
18313,53,0
18314,53,0
18315,50,0
18316,54,0
18317,52,0
18318,53,0
18319,53,0
18320,52,0
18321,52,0
18322,51,0
18323,53,0
18324,54,0
18325,52,0
18326,54,0
18327,51,0
18328,53,0
18329,52,0
18330,54,0
18331,55,0
18332,53,0
18333,50,0
18334,52,0
18335,53,0
18336,53,0
18337,52,0
18338,52,0
18339,52,0
18340,51,0
18341,51,0
18342,52,0
18343,52,0
18344,52,0
18345,53,0
18346,51,0
18347,54,0
18348,52,0
18349,51,0
18350,52,0
18351,52,0
18352,52,0
18353,53,0
18354,53,0
18355,53,0
18356,52,0
18357,52,0
18358,52,0
18359,53,0
18360,51,0
18361,52,0
18362,54,0
18363,52,0
18364,53,0
18365,53,0
18366,52,0
18367,52,0
18368,52,0
18369,52,0
18370,51,0
18371,53,0
18372,50,0
18373,52,0
18374,52,0
18375,52,0
18376,52,0
18377,50,0
18378,51,0
18379,53,0
18380,52,0
18381,52,0
18382,52,0
18383,51,0
18384,51,0
18385,52,0
18386,54,0
18387,54,0
18388,53,0
18389,55,0
18390,52,0
18391,52,0
18392,52,0
18393,53,0
18394,51,0
18395,50,0
18396,52,0
18397,52,0
18398,53,0
18399,51,0
18400,50,0
18401,50,0
18402,52,0
18403,51,0
18404,53,0
18405,50,0
18406,52,0
18407,52,0
18408,53,0
18409,51,0
18410,54,0
18411,54,0
18412,52,0
18413,53,0
18414,51,0
18415,52,0
18416,52,0
18417,53,0
18418,55,0
18419,52,0
18420,52,0
18421,52,0
18422,51,0
18423,53,0
18424,50,0
18425,52,0
18426,53,0
18427,51,0
18428,52,0
18429,54,0
18430,52,0
18431,51,0
18432,55,0
18433,53,0
18434,52,0
18435,54,0
18436,52,0
18437,51,0
18438,51,0
18439,52,0
18440,52,0
18441,52,0
18442,55,0
18443,51,0
18444,52,0
18445,52,0
18446,52,0
18447,52,0
18448,53,0
18449,53,0
18450,52,0
18451,53,0
18452,55,0
18453,52,0
18454,52,0
18455,54,0
18456,51,0
18457,53,0
18458,52,0
18459,52,0
18460,52,0
18461,51,0
18462,51,0
18463,54,0
18464,52,0
18465,51,0
18466,55,0
18467,52,0
18468,52,0
18469,50,0
18470,53,0
18471,53,0
18472,54,0
18473,50,0
18474,54,0
18475,53,0
18476,52,0
18477,50,0
18478,54,0
18479,53,0
18480,51,0
18481,54,0
18482,54,0
18483,52,0
18484,53,0
18485,53,0
18486,52,0
18487,54,0
18488,53,0
18489,55,0
18490,54,0
18491,52,0
18492,52,0
18493,51,0
18494,55,0
18495,54,0
18496,54,0
18497,53,0
18498,52,0
18499,52,0
18500,52,0
18501,53,0
18502,50,0
18503,52,0
18504,50,0
18505,51,0
18506,49,0
18507,52,0
18508,50,0
18509,52,0
18510,50,0
18511,53,0
18512,49,0
18513,52,0
18514,50,0
18515,51,0
18516,49,0
18517,52,0
18518,52,0
18519,52,0
18520,53,0
18521,51,0
18522,51,0
18523,52,0
18524,50,0
18525,52,0
18526,51,0
18527,53,0
18528,52,0
18529,52,0
18530,53,0
18531,52,0
18532,52,0
18533,52,0
18534,51,0
18535,51,0
18536,52,0
18537,52,0
18538,52,0
18539,51,0
18540,53,0
18541,54,0
18542,52,0
18543,53,0
18544,53,0
18545,52,0
18546,52,0
18547,52,0
18548,51,0
18549,53,0
18550,52,0
18551,50,0
18552,54,0
18553,55,0
18554,51,0
18555,52,0
18556,52,0
18557,52,0
18558,55,0
18559,53,0
18560,54,0
18561,52,0
18562,53,0
18563,51,0
18564,53,0
18565,52,0
18566,54,0
18567,53,0
18568,55,0
18569,52,0
18570,52,0
18571,52,0
18572,53,0
18573,51,0
18574,54,0
18575,54,0
18576,54,0
18577,53,0
18578,55,0
18579,52,0
18580,54,0
18581,54,0
18582,51,0
18583,53,0
18584,52,0
18585,52,0
18586,54,0
18587,53,0
18588,55,0
18589,50,0
18590,53,0
18591,53,0
18592,52,0
18593,52,0
18594,50,0
18595,52,0
18596,53,0
18597,53,0
18598,52,0
18599,52,0
18600,50,0
18601,51,0
18602,51,0
18603,55,0
18604,50,0
18605,50,0
18606,52,0
18607,53,0
18608,49,0
18609,52,0
18610,50,0
18611,52,0
18612,51,0
18613,51,0
18614,53,0
18615,52,0
18616,52,0
18617,52,0
18618,51,0
18619,51,0
18620,50,0
18621,52,0
18622,50,0
18623,51,0
18624,51,0
18625,53,0
18626,50,0
18627,52,0
18628,50,0
18629,51,0
18630,49,0
18631,52,0
18632,52,0
18633,54,0
18634,51,0
18635,51,0
18636,50,0
18637,50,0
18638,55,0
18639,55,0
18640,52,0
18641,52,0
18642,52,0
18643,53,0
18644,53,0
18645,52,0
18646,50,0
18647,52,0
18648,53,0
18649,51,0
18650,52,0
18651,50,0
18652,52,0
18653,51,0
18654,51,0
18655,52,0
18656,54,0
18657,52,0
18658,51,0
18659,51,0
18660,50,0
18661,52,0
18662,52,0
18663,51,0
18664,53,0
18665,52,0
18666,52,0
18667,55,0
18668,52,0
18669,52,0
18670,52,0
18671,51,0
18672,51,0
18673,52,0
18674,52,0
18675,51,0
18676,51,0
18677,52,0
18678,54,0
18679,50,0
18680,53,0
18681,51,0
18682,51,0
18683,52,0
18684,52,0
18685,50,0
18686,53,0
18687,51,0
18688,54,0
18689,50,0
18690,52,0
18691,55,0
18692,51,0
18693,52,0
18694,50,0
18695,52,0
18696,51,0
18697,53,0
18698,52,0
18699,51,0
18700,51,0
18701,52,0
18702,52,0
18703,50,0
18704,53,0
18705,51,0
18706,52,0
18707,52,0
18708,52,0
18709,51,0
18710,51,0
18711,52,0
18712,52,0
18713,53,0
18714,55,0
18715,52,0
18716,54,0
18717,52,0
18718,51,0
18719,51,0
18720,50,0
18721,52,0
18722,51,0
18723,51,0
18724,52,0
18725,54,0
18726,54,0
18727,55,0
18728,53,0
18729,52,0
18730,52,0
18731,52,0
18732,53,0
18733,53,0
18734,52,0
18735,52,0
18736,52,0
18737,51,0
18738,53,0
18739,52,0
18740,52,0
18741,52,0
18742,55,0
18743,51,0
18744,54,0
18745,54,0
18746,55,0
18747,51,0
18748,52,0
18749,52,0
18750,52,0
18751,53,0
18752,53,0
18753,52,0
18754,54,0
18755,54,0
18756,53,0
18757,53,0
18758,52,0
18759,52,0
18760,52,0
18761,53,0
18762,53,0
18763,52,0
18764,54,0
18765,52,0
18766,53,0
18767,51,0
18768,52,0
18769,52,0
18770,52,0
18771,53,0
18772,53,0
18773,52,0
18774,52,0
18775,52,0
18776,55,0
18777,51,0
18778,52,0
18779,52,0
18780,52,0
18781,51,0
18782,52,0
18783,52,0
18784,51,0
18785,55,0
18786,52,0
18787,50,0
18788,52,0
18789,52,0
18790,51,0
18791,51,0
18792,54,0
18793,52,0
18794,52,0
18795,55,0
18796,51,0
18797,52,0
18798,50,0
18799,52,0
18800,53,0
18801,53,0
18802,51,0
18803,52,0
18804,50,0
18805,52,0
18806,51,0
18807,51,0
18808,52,0
18809,51,0
18810,51,0
18811,52,0
18812,52,0
18813,52,0
18814,53,0
18815,55,0
18816,52,0
18817,54,0
18818,51,0
18819,51,0
18820,52,0
18821,52,0
18822,52,0
18823,55,0
18824,55,0
18825,52,0
18826,52,0
18827,52,0
18828,53,0
18829,51,0
18830,50,0
18831,52,0
18832,51,0
18833,53,0
18834,52,0
18835,54,0
18836,52,0
18837,51,0
18838,51,0
18839,54,0
18840,55,0
18841,51,0
18842,55,0
18843,50,0
18844,52,0
18845,52,0
18846,51,0
18847,55,0
18848,52,0
18849,52,0
18850,52,0
18851,53,0
18852,51,0
18853,52,0
18854,52,0
18855,50,0
18856,53,0
18857,51,0
18858,52,0
18859,54,0
18860,50,0
18861,51,0
18862,53,0
18863,52,0
18864,50,0
18865,52,0
18866,49,0
18867,55,0
18868,52,0
18869,50,0
18870,52,0
18871,55,0
18872,51,0
18873,52,0
18874,52,0
18875,52,0
18876,51,0
18877,51,0
18878,50,0
18879,50,0
18880,50,0
18881,51,0
18882,56,0
18883,53,0
18884,52,0
18885,51,0
18886,53,0
18887,52,0
18888,52,0
18889,53,0
18890,50,0
18891,50,0
18892,54,0
18893,52,0
18894,53,0
18895,51,0
18896,55,0
18897,50,0
18898,50,0
18899,52,0
18900,52,0
18901,51,0
18902,53,0
18903,51,0
18904,54,0
18905,50,0
18906,52,0
18907,52,0
18908,51,0
18909,51,0
18910,51,0
18911,52,0
18912,50,0
18913,50,0
18914,52,0
18915,53,0
18916,53,0
18917,55,0
18918,52,0
18919,52,0
18920,53,0
18921,51,0
18922,52,0
18923,52,0
18924,50,0
18925,50,0
18926,50,0
18927,53,0
18928,53,0
18929,51,0
18930,52,0
18931,50,0
18932,54,0
18933,52,0
18934,53,0
18935,49,0
18936,51,0
18937,52,0
18938,50,0
18939,50,0
18940,52,0
18941,51,0
18942,53,0
18943,51,0
18944,52,0
18945,52,0
18946,50,0
18947,50,0
18948,51,0
18949,52,0
18950,52,0
18951,52,0
18952,52,0
18953,53,0
18954,51,0
18955,52,0
18956,52,0
18957,52,0
18958,54,0
18959,51,0
18960,55,0
18961,51,0
18962,54,0
18963,54,0
18964,52,0
18965,52,0
18966,53,0
18967,55,0
18968,54,0
18969,50,0
18970,54,0
18971,52,0
18972,53,0
18973,55,0
18974,52,0
18975,54,0
18976,52,0
18977,53,0
18978,53,0
18979,52,0
18980,52,0
18981,52,0
18982,51,0
18983,51,0
18984,51,0
18985,50,0
18986,52,0
18987,50,0
18988,55,0
18989,51,0
18990,51,0
18991,52,0
18992,54,0
18993,52,0
18994,53,0
18995,55,0
18996,55,0
18997,52,0
18998,54,0
18999,52,0
19000,53,0
19001,51,0
19002,53,0
19003,54,0
19004,52,0
19005,52,0
19006,53,0
19007,52,0
19008,52,0
19009,50,0
19010,51,0
19011,53,0
19012,53,0
19013,52,0
19014,52,0
19015,54,0
19016,53,0
19017,53,0
19018,52,0
19019,54,0
19020,52,0
19021,52,0
19022,53,0
19023,49,0
19024,51,0
19025,52,0
19026,52,0
19027,54,0
19028,52,0
19029,53,0
19030,51,0
19031,52,0
19032,54,0
19033,51,0
19034,53,0
19035,51,0
19036,52,0
19037,52,0
19038,52,0
19039,52,0
19040,49,0
19041,53,0
19042,53,0
19043,54,0
19044,52,0
19045,52,0
19046,55,0
19047,53,0
19048,51,0
19049,52,0
19050,54,0
19051,52,0
19052,52,0
19053,55,0
19054,55,0
19055,52,0
19056,50,0
19057,52,0
19058,52,0
19059,55,0
19060,53,0
19061,52,0
19062,52,0
19063,52,0
19064,51,0
19065,51,0
19066,52,0
19067,52,0
19068,54,0
19069,52,0
19070,55,0
19071,53,0
19072,51,0
19073,50,0
19074,54,0
19075,52,0
19076,55,0
19077,51,0
19078,51,0
19079,52,0
19080,52,0
19081,52,0
19082,52,0
19083,53,0
19084,51,0
19085,52,0
19086,50,0
19087,52,0
19088,50,0
19089,51,0
19090,52,0
19091,50,0
19092,50,0
19093,52,0
19094,52,0
19095,53,0
19096,51,0
19097,52,0
19098,52,0
19099,54,0
19100,52,0
19101,51,0
19102,53,0
19103,53,0
19104,52,0
19105,52,0
19106,54,0
19107,52,0
19108,55,0
19109,53,0
19110,53,0
19111,50,0
19112,52,0
19113,52,0
19114,55,0
19115,55,0
19116,55,0
19117,52,0
19118,54,0
19119,51,0
19120,53,0
19121,51,0
19122,52,0
19123,50,0
19124,54,0
19125,52,0
19126,53,0
19127,53,0
19128,55,0
19129,52,0
19130,54,0
19131,52,0
19132,53,0
19133,55,0
19134,53,0
19135,52,0
19136,52,0
19137,52,0
19138,54,0
19139,53,0
19140,51,0
19141,52,0
19142,52,0
19143,52,0
19144,52,0
19145,51,0
19146,54,0
19147,52,0
19148,54,0
19149,52,0
19150,55,0
19151,53,0
19152,54,0
19153,52,0
19154,54,0
19155,52,0
19156,55,0
19157,53,0
19158,54,0
19159,52,0
19160,54,0
19161,52,0
19162,55,0
19163,53,0
19164,51,0
19165,54,0
19166,52,0
19167,52,0
19168,51,0
19169,51,0
19170,53,0
19171,52,0
19172,52,0
19173,55,0
19174,51,0
19175,51,0
19176,52,0
19177,52,0
19178,52,0
19179,53,0
19180,53,0
19181,51,0
19182,52,0
19183,52,0
19184,52,0
19185,55,0
19186,51,0
19187,53,0
19188,52,0
19189,52,0
19190,52,0
19191,51,0
19192,51,0
19193,51,0
19194,52,0
19195,52,0
19196,54,0
19197,53,0
19198,53,0
19199,51,0
19200,54,0
19201,51,0
19202,55,0
19203,53,0
19204,52,0
19205,54,0
19206,54,0
19207,51,0
19208,55,0
19209,53,0
19210,50,0
19211,54,0
19212,52,0
19213,55,0
19214,53,0
19215,51,0
19216,54,0
19217,54,0
19218,52,0
19219,51,0
19220,53,0
19221,51,0
19222,52,0
19223,52,0
19224,50,0
19225,51,0
19226,53,0
19227,51,0
19228,52,0
19229,52,0
19230,53,0
19231,55,0
19232,52,0
19233,50,0
19234,52,0
19235,52,0
19236,51,0
19237,55,0
19238,52,0
19239,52,0
19240,54,0
19241,52,0
19242,55,0
19243,55,0
19244,52,0
19245,52,0
19246,54,0
19247,52,0
19248,51,0
19249,51,0
19250,53,0
19251,54,0
19252,52,0
19253,52,0
19254,53,0
19255,53,0
19256,51,0
19257,52,0
19258,52,0
19259,51,0
19260,53,0
19261,53,0
19262,52,0
19263,52,0
19264,52,0
19265,53,0
19266,53,0
19267,53,0
19268,52,0
19269,54,0
19270,52,0
19271,51,0
19272,55,0
19273,51,0
19274,52,0
19275,50,0
19276,50,0
19277,52,0
19278,53,0
19279,51,0
19280,53,0
19281,50,0
19282,52,0
19283,50,0
19284,52,0
19285,53,0
19286,52,0
19287,52,0
19288,52,0
19289,52,0
19290,53,0
19291,53,0
19292,52,0
19293,52,0
19294,52,0
19295,54,0
19296,52,0
19297,51,0
19298,51,0
19299,52,0
19300,50,0
19301,50,0
19302,52,0
19303,51,0
19304,51,0
19305,51,0
19306,52,0
19307,50,0
19308,52,0
19309,52,0
19310,53,0
19311,55,0
19312,53,0
19313,52,0
19314,52,0
19315,51,0
19316,51,0
19317,53,0
19318,52,0
19319,50,0
19320,52,0
19321,55,0
19322,51,0
19323,53,0
19324,52,0
19325,54,0
19326,52,0
19327,52,0
19328,53,0
19329,51,0
19330,52,0
19331,52,0
19332,52,0
19333,52,0
19334,53,0
19335,53,0
19336,51,0
19337,52,0
19338,52,0
19339,54,0
19340,53,0
19341,53,0
19342,54,0
19343,52,0
19344,52,0
19345,55,0
19346,55,0
19347,55,0
19348,50,0
19349,52,0
19350,52,0
19351,55,0
19352,53,0
19353,55,0
19354,52,0
19355,52,0
19356,50,0
19357,55,0
19358,55,0
19359,51,0
19360,50,0
19361,52,0
19362,52,0
19363,53,0
19364,55,0
19365,55,0
19366,50,0
19367,54,0
19368,52,0
19369,55,0
19370,52,0
19371,54,0
19372,54,0
19373,54,0
19374,53,0
19375,55,0
19376,52,0
19377,54,0
19378,52,0
19379,52,0
19380,53,0
19381,55,0
19382,52,0
19383,54,0
19384,52,0
19385,52,0
19386,53,0
19387,51,0
19388,53,0
19389,52,0
19390,50,0
19391,54,0
19392,51,0
19393,51,0
19394,53,0
19395,52,0
19396,50,0
19397,54,0
19398,51,0
19399,52,0
19400,52,0
19401,54,0
19402,52,0
19403,53,0
19404,53,0
19405,55,0
19406,54,0
19407,54,0
19408,52,0
19409,52,0
19410,53,0
19411,55,0
19412,52,0
19413,52,0
19414,54,0
19415,52,0
19416,53,0
19417,51,0
19418,51,0
19419,54,0
19420,54,0
19421,52,0
19422,55,0
19423,53,0
19424,55,0
19425,52,0
19426,52,0
19427,53,0
19428,53,0
19429,53,0
19430,52,0
19431,54,0
19432,52,0
19433,53,0
19434,53,0
19435,53,0
19436,52,0
19437,50,0
19438,52,0
19439,53,0
19440,51,0
19441,51,0
19442,52,0
19443,54,0
19444,52,0
19445,52,0
19446,51,0
19447,53,0
19448,53,0
19449,52,0
19450,52,0
19451,52,0
19452,52,0
19453,53,0
19454,51,0
19455,50,0
19456,52,0
19457,52,0
19458,53,0
19459,51,0
19460,52,0
19461,52,0
19462,52,0
19463,52,0
19464,51,0
19465,53,0
19466,53,0
19467,50,0
19468,50,0
19469,52,0
19470,52,0
19471,50,0
19472,53,0
19473,55,0
19474,50,0
19475,50,0
19476,50,0
19477,52,0
19478,55,0
19479,53,0
19480,53,0
19481,51,0
19482,50,0
19483,52,0
19484,53,0
19485,51,0
19486,52,0
19487,52,0
19488,52,0
19489,50,0
19490,55,0
19491,53,0
19492,53,0
19493,50,0
19494,50,0
19495,52,0
19496,52,0
19497,51,0
19498,51,0
19499,52,0
19500,50,0
19501,52,0
19502,52,0
19503,53,0
19504,51,0
19505,53,0
19506,54,0
19507,52,0
19508,52,0
19509,53,0
19510,51,0
19511,52,0
19512,52,0
19513,54,0
19514,53,0
19515,55,0
19516,51,0
19517,52,0
19518,50,0
19519,50,0
19520,51,0
19521,51,0
19522,55,0
19523,52,0
19524,50,0
19525,50,0
19526,53,0
19527,51,0
19528,51,0
19529,52,0
19530,52,0
19531,52,0
19532,52,0
19533,51,0
19534,51,0
19535,52,0
19536,52,0
19537,50,0
19538,52,0
19539,53,0
19540,52,0
19541,52,0
19542,50,0
19543,52,0
19544,51,0
19545,51,0
19546,52,0
19547,52,0
19548,50,0
19549,52,0
19550,51,0
19551,53,0
19552,52,0
19553,52,0
19554,52,0
19555,52,0
19556,55,0
19557,51,0
19558,54,0
19559,52,0
19560,54,0
19561,52,0
19562,53,0
19563,53,0
19564,54,0
19565,52,0
19566,52,0
19567,52,0
19568,52,0
19569,52,0
19570,54,0
19571,52,0
19572,53,0
19573,51,0
19574,53,0
19575,52,0
19576,54,0
19577,52,0
19578,53,0
19579,53,0
19580,51,0
19581,54,0
19582,52,0
19583,52,0
19584,52,0
19585,53,0
19586,51,0
19587,52,0
19588,54,0
19589,52,0
19590,54,0
19591,53,0
19592,53,0
19593,51,0
19594,52,0
19595,52,0
19596,55,0
19597,51,0
19598,53,0
19599,52,0
19600,52,0
19601,52,0
19602,51,0
19603,51,0
19604,53,0
19605,52,0
19606,54,0
19607,52,0
19608,53,0
19609,55,0
19610,55,0
19611,54,0
19612,52,0
19613,54,0
19614,52,0
19615,51,0
19616,51,0
19617,52,0
19618,52,0
19619,52,0
19620,55,0
19621,51,0
19622,51,0
19623,52,0
19624,52,0
19625,51,0
19626,53,0
19627,53,0
19628,52,0
19629,53,0
19630,52,0
19631,49,0
19632,51,0
19633,52,0
19634,50,0
19635,53,0
19636,51,0
19637,49,0
19638,52,0
19639,52,0
19640,50,0
19641,53,0
19642,55,0
19643,52,0
19644,54,0
19645,52,0
19646,52,0
19647,51,0
19648,51,0
19649,53,0
19650,53,0
19651,52,0
19652,52,0
19653,53,0
19654,53,0
19655,53,0
19656,54,0
19657,52,0
19658,52,0
19659,52,0
19660,51,0
19661,53,0
19662,52,0
19663,52,0
19664,52,0
19665,52,0
19666,51,0
19667,51,0
19668,55,0
19669,54,0
19670,52,0
19671,52,0
19672,52,0
19673,55,0
19674,51,0
19675,53,0
19676,52,0
19677,52,0
19678,53,0
19679,51,0
19680,52,0
19681,50,0
19682,52,0
19683,52,0
19684,51,0
19685,51,0
19686,53,0
19687,52,0
19688,52,0
19689,54,0
19690,52,0
19691,55,0
19692,53,0
19693,51,0
19694,51,0
19695,52,0
19696,52,0
19697,54,0
19698,52,0
19699,53,0
19700,53,0
19701,53,0
19702,52,0
19703,54,0
19704,52,0
19705,51,0
19706,51,0
19707,50,0
19708,50,0
19709,52,0
19710,51,0
19711,51,0
19712,53,0
19713,52,0
19714,54,0
19715,50,0
19716,52,0
19717,51,0
19718,51,0
19719,52,0
19720,52,0
19721,52,0
19722,52,0
19723,51,0
19724,53,0
19725,51,0
19726,54,0
19727,52,0
19728,50,0
19729,53,0
19730,55,0
19731,53,0
19732,52,0
19733,52,0
19734,53,0
19735,51,0
19736,52,0
19737,52,0
19738,52,0
19739,54,0
19740,49,0
19741,53,0
19742,53,0
19743,52,0
19744,50,0
19745,54,0
19746,52,0
19747,51,0
19748,55,0
19749,53,0
19750,52,0
19751,52,0
19752,54,0
19753,55,0
19754,49,0
19755,53,0
19756,52,0
19757,50,0
19758,52,0
19759,52,0
19760,54,0
19761,52,0
19762,52,0
19763,52,0
19764,51,0
19765,53,0
19766,52,0
19767,52,0
19768,52,0
19769,52,0
19770,51,0
19771,53,0
19772,53,0
19773,52,0
19774,52,0
19775,50,0
19776,51,0
19777,51,0
19778,51,0
19779,52,0
19780,52,0
19781,50,0
19782,52,0
19783,53,0
19784,55,0
19785,55,0
19786,52,0
19787,52,0
19788,54,0
19789,51,0
19790,51,0
19791,52,0
19792,52,0
19793,52,0
19794,55,0
19795,51,0
19796,53,0
19797,53,0
19798,52,0
19799,52,0
19800,52,0
19801,50,0
19802,53,0
19803,51,0
19804,53,0
19805,52,0
19806,52,0
19807,52,0
19808,52,0
19809,55,0
19810,51,0
19811,53,0
19812,52,0
19813,52,0
19814,52,0
19815,50,0
19816,52,0
19817,53,0
19818,54,0
19819,52,0
19820,50,0
19821,51,0
19822,51,0
19823,51,0
19824,52,0
19825,52,0
19826,52,0
19827,52,0
19828,53,0
19829,53,0
19830,51,0
19831,52,0
19832,52,0
19833,52,0
19834,52,0
19835,53,0
19836,51,0
19837,53,0
19838,52,0
19839,54,0
19840,50,0
19841,52,0
19842,53,0
19843,53,0
19844,51,0
19845,50,0
19846,52,0
19847,55,0
19848,51,0
19849,53,0
19850,52,0
19851,52,0
19852,52,0
19853,52,0
19854,51,0
19855,53,0
19856,55,0
19857,51,0
19858,50,0
19859,52,0
19860,50,0
19861,52,0
19862,55,0
19863,51,0
19864,53,0
19865,52,0
19866,52,0
19867,52,0
19868,52,0
19869,52,0
19870,53,0
19871,53,0
19872,52,0
19873,54,0
19874,51,0
19875,53,0
19876,53,0
19877,52,0
19878,52,0
19879,52,0
19880,52,0
19881,51,0
19882,53,0
19883,53,0
19884,54,0
19885,54,0
19886,52,0
19887,51,0
19888,51,0
19889,51,0
19890,52,0
19891,50,0
19892,52,0
19893,52,0
19894,53,0
19895,51,0
19896,52,0
19897,50,0
19898,52,0
19899,51,0
19900,53,0
19901,52,0
19902,52,0
19903,52,0
19904,52,0
19905,51,0
19906,53,0
19907,52,0
19908,52,0
19909,54,0
19910,52,0
19911,51,0
19912,51,0
19913,52,0
19914,52,0
19915,52,0
19916,52,0
19917,53,0
19918,51,0
19919,52,0
19920,54,0
19921,52,0
19922,52,0
19923,55,0
19924,53,0
19925,51,0
19926,52,0
19927,51,0
19928,51,0
19929,53,0
19930,52,0
19931,52,0
19932,52,0
19933,52,0
19934,51,0
19935,55,0
19936,53,0
19937,50,0
19938,52,0
19939,54,0
19940,52,0
19941,51,0
19942,53,0
19943,51,0
19944,52,0
19945,52,0
19946,52,0
19947,52,0
19948,53,0
19949,51,0
19950,51,0
19951,52,0
19952,50,0
19953,53,0
19954,51,0
19955,50,0
19956,52,0
19957,52,0
19958,53,0
19959,53,0
19960,52,0
19961,50,0
19962,52,0
19963,50,0
19964,52,0
19965,53,0
19966,55,0
19967,53,0
19968,52,0
19969,52,0
19970,54,0
19971,50,0
19972,53,0
19973,51,0
19974,53,0
19975,52,0
19976,52,0
19977,50,0
19978,52,0
19979,49,0
19980,51,0
19981,51,0
19982,53,0
19983,52,0
19984,52,0
19985,52,0
19986,55,0
19987,50,0
19988,52,0
19989,52,0
19990,50,0
19991,52,0
19992,53,0
19993,51,0
19994,53,0
19995,52,0
19996,52,0
19997,52,0
19998,52,0
19999,51,0
