trial,reload_ticks,classified_evicted
0,71,0
1,57,0
2,56,0
3,58,0
4,55,0
5,56,0
6,63,0
7,62,0
8,59,0
9,56,0
10,54,0
11,57,0
12,51,0
13,56,0
14,56,0
15,57,0
16,51,0
17,58,0
18,57,0
19,59,0
20,58,0
21,59,0
22,55,0
23,58,0
24,54,0
25,59,0
26,58,0
27,58,0
28,57,0
29,57,0
30,58,0
31,58,0
32,57,0
33,56,0
34,56,0
35,57,0
36,63,0
37,55,0
38,58,0
39,51,0
40,59,0
41,56,0
42,55,0
43,55,0
44,58,0
45,56,0
46,55,0
47,56,0
48,56,0
49,55,0
50,56,0
51,52,0
52,59,0
53,58,0
54,58,0
55,55,0
56,56,0
57,58,0
58,59,0
59,57,0
60,58,0
61,56,0
62,55,0
63,56,0
64,58,0
65,55,0
66,59,0
67,57,0
68,56,0
69,56,0
70,55,0
71,58,0
72,56,0
73,59,0
74,56,0
75,58,0
76,59,0
77,58,0
78,56,0
79,57,0
80,56,0
81,58,0
82,55,0
83,55,0
84,58,0
85,58,0
86,57,0
87,56,0
88,56,0
89,59,0
90,54,0
91,60,0
92,59,0
93,58,0
94,52,0
95,59,0
96,56,0
97,56,0
98,56,0
99,55,0
100,56,0
101,57,0
102,58,0
103,50,0
104,57,0
105,58,0
106,53,0
107,53,0
108,58,0
109,61,0
110,56,0
111,52,0
112,59,0
113,56,0
114,58,0
115,61,0
116,56,0
117,58,0
118,53,0
119,57,0
120,50,0
121,57,0
122,62,0
123,50,0
124,59,0
125,57,0
126,52,0
127,58,0
128,56,0
129,55,0
130,56,0
131,56,0
132,55,0
133,62,0
134,57,0
135,55,0
136,56,0
137,56,0
138,53,0
139,56,0
140,56,0
141,55,0
142,56,0
143,56,0
144,57,0
145,56,0
146,52,0
147,59,0
148,56,0
149,58,0
150,59,0
151,58,0
152,56,0
153,49,0
154,56,0
155,56,0
156,54,0
157,57,0
158,50,0
159,63,0
160,55,0
161,56,0
162,52,0
163,59,0
164,56,0
165,56,0
166,55,0
167,55,0
168,50,0
169,56,0
170,59,0
171,56,0
172,62,0
173,51,0
174,58,0
175,56,0
176,55,0
177,55,0
178,56,0
179,56,0
180,57,0
181,57,0
182,54,0
183,56,0
184,57,0
185,59,0
186,52,0
187,54,0
188,59,0
189,57,0
190,58,0
191,56,0
192,57,0
193,60,0
194,58,0
195,53,0
196,52,0
197,52,0
198,57,0
199,56,0
200,61,0
201,55,0
202,52,0
203,53,0
204,51,0
205,58,0
206,56,0
207,59,0
208,52,0
209,56,0
210,57,0
211,58,0
212,56,0
213,59,0
214,55,0
215,59,0
216,58,0
217,58,0
218,59,0
219,57,0
220,58,0
221,58,0
222,57,0
223,59,0
224,58,0
225,58,0
226,57,0
227,59,0
228,58,0
229,62,0
230,57,0
231,52,0
232,54,0
233,55,0
234,59,0
235,52,0
236,56,0
237,55,0
238,59,0
239,56,0
240,58,0
241,57,0
242,55,0
243,56,0
244,50,0
245,56,0
246,55,0
247,54,0
248,52,0
249,57,0
250,50,0
251,56,0
252,59,0
253,62,0
254,58,0
255,55,0
256,59,0
257,50,0
258,55,0
259,56,0
260,60,0
261,51,0
262,58,0
263,52,0
264,57,0
265,56,0
266,58,0
267,57,0
268,59,0
269,56,0
270,58,0
271,53,0
272,56,0
273,62,0
274,56,0
275,59,0
276,58,0
277,56,0
278,57,0
279,57,0
280,56,0
281,58,0
282,59,0
283,57,0
284,56,0
285,56,0
286,59,0
287,57,0
288,58,0
289,58,0
290,58,0
291,55,0
292,58,0
293,56,0
294,56,0
295,59,0
296,56,0
297,58,0
298,59,0
299,63,0
300,56,0
301,51,0
302,55,0
303,54,0
304,56,0
305,58,0
306,51,0
307,52,0
308,56,0
309,51,0
310,56,0
311,54,0
312,63,0
313,57,0
314,62,0
315,49,0
316,52,0
317,58,0
318,53,0
319,54,0
320,56,0
321,57,0
322,62,0
323,56,0
324,53,0
325,50,0
326,51,0
327,57,0
328,52,0
329,51,0
330,49,0
331,60,0
332,57,0
333,59,0
334,57,0
335,56,0
336,58,0
337,56,0
338,55,0
339,58,0
340,58,0
341,58,0
342,59,0
343,59,0
344,58,0
345,56,0
346,57,0
347,59,0
348,56,0
349,52,0
350,57,0
351,59,0
352,56,0
353,65,0
354,57,0
355,52,0
356,54,0
357,59,0
358,55,0
359,58,0
360,56,0
361,59,0
362,56,0
363,57,0
364,60,0
365,56,0
366,55,0
367,59,0
368,50,0
369,56,0
370,59,0
371,52,0
372,56,0
373,55,0
374,55,0
375,58,0
376,56,0
377,57,0
378,57,0
379,54,0
380,55,0
381,55,0
382,62,0
383,56,0
384,63,0
385,54,0
386,56,0
387,55,0
388,58,0
389,56,0
390,59,0
391,58,0
392,59,0
393,55,0
394,52,0
395,59,0
396,59,0
397,56,0
398,56,0
399,55,0
400,62,0
401,58,0
402,59,0
403,59,0
404,58,0
405,56,0
406,57,0
407,63,0
408,58,0
409,63,0
410,59,0
411,56,0
412,56,0
413,55,0
414,52,0
415,58,0
416,56,0
417,57,0
418,58,0
419,56,0
420,56,0
421,55,0
422,63,0
423,56,0
424,53,0
425,56,0
426,52,0
427,57,0
428,57,0
429,62,0
430,53,0
431,56,0
432,60,0
433,57,0
434,52,0
435,58,0
436,55,0
437,57,0
438,54,0
439,58,0
440,55,0
441,57,0
442,60,0
443,57,0
444,59,0
445,58,0
446,58,0
447,53,0
448,52,0
449,58,0
450,58,0
451,57,0
452,59,0
453,58,0
454,58,0
455,56,0
456,58,0
457,56,0
458,56,0
459,58,0
460,56,0
461,56,0
462,56,0
463,55,0
464,57,0
465,57,0
466,57,0
467,56,0
468,58,0
469,56,0
470,56,0
471,57,0
472,59,0
473,58,0
474,54,0
475,58,0
476,55,0
477,59,0
478,57,0
479,58,0
480,54,0
481,57,0
482,57,0
483,55,0
484,58,0
485,56,0
486,56,0
487,55,0
488,57,0
489,56,0
490,54,0
491,56,0
492,55,0
493,57,0
494,57,0
495,56,0
496,58,0
497,55,0
498,55,0
499,57,0
500,57,0
501,57,0
502,56,0
503,58,0
504,57,0
505,57,0
506,59,0
507,58,0
508,56,0
509,58,0
510,57,0
511,57,0
512,59,0
513,58,0
514,56,0
515,56,0
516,56,0
517,59,0
518,57,0
519,56,0
520,56,0
521,58,0
522,57,0
523,57,0
524,58,0
525,56,0
526,58,0
527,59,0
528,59,0
529,59,0
530,55,0
531,55,0
532,59,0
533,58,0
534,58,0
535,58,0
536,55,0
537,57,0
538,59,0
539,58,0
540,56,0
541,58,0
542,55,0
543,57,0
544,59,0
545,56,0
546,58,0
547,56,0
548,56,0
549,55,0
550,55,0
551,56,0
552,56,0
553,58,0
554,56,0
555,59,0
556,59,0
557,58,0
558,58,0
559,55,0
560,58,0
561,58,0
562,57,0
563,57,0
564,57,0
565,56,0
566,58,0
567,54,0
568,55,0
569,55,0
570,56,0
571,54,0
572,56,0
573,57,0
574,55,0
575,56,0
576,56,0
577,57,0
578,57,0
579,56,0
580,54,0
581,56,0
582,59,0
583,59,0
584,56,0
585,56,0
586,58,0
587,57,0
588,56,0
589,55,0
590,55,0
591,57,0
592,56,0
593,56,0
594,56,0
595,57,0
596,55,0
597,57,0
598,58,0
599,58,0
600,56,0
601,56,0
602,57,0
603,57,0
604,56,0
605,56,0
606,58,0
607,59,0
608,57,0
609,55,0
610,58,0
611,56,0
612,58,0
613,59,0
614,57,0
615,57,0
616,57,0
617,57,0
618,59,0
619,56,0
620,58,0
621,59,0
622,55,0
623,55,0
624,54,0
625,58,0
626,57,0
627,59,0
628,56,0
629,54,0
630,56,0
631,55,0
632,59,0
633,58,0
634,56,0
635,58,0
636,55,0
637,57,0
638,57,0
639,58,0
640,56,0
641,55,0
642,59,0
643,59,0
644,58,0
645,58,0
646,58,0
647,58,0
648,56,0
649,57,0
650,55,0
651,55,0
652,56,0
653,58,0
654,57,0
655,55,0
656,57,0
657,58,0
658,56,0
659,56,0
660,57,0
661,57,0
662,56,0
663,56,0
664,58,0
665,55,0
666,59,0
667,55,0
668,58,0
669,56,0
670,56,0
671,55,0
672,57,0
673,56,0
674,56,0
675,56,0
676,54,0
677,55,0
678,57,0
679,57,0
680,57,0
681,56,0
682,54,0
683,56,0
684,55,0
685,57,0
686,59,0
687,54,0
688,54,0
689,57,0
690,57,0
691,57,0
692,58,0
693,56,0
694,58,0
695,55,0
696,55,0
697,56,0
698,56,0
699,56,0
700,56,0
701,55,0
702,57,0
703,58,0
704,56,0
705,56,0
706,56,0
707,56,0
708,57,0
709,57,0
710,56,0
711,56,0
712,56,0
713,55,0
714,55,0
715,56,0
716,56,0
717,54,0
718,57,0
719,57,0
720,57,0
721,58,0
722,56,0
723,56,0
724,57,0
725,55,0
726,58,0
727,58,0
728,56,0
729,57,0
730,57,0
731,56,0
732,56,0
733,54,0
734,56,0
735,56,0
736,59,0
737,57,0
738,57,0
739,56,0
740,54,0
741,59,0
742,55,0
743,57,0
744,54,0
745,58,0
746,55,0
747,57,0
748,56,0
749,56,0
750,56,0
751,55,0
752,57,0
753,59,0
754,58,0
755,58,0
756,58,0
757,57,0
758,55,0
759,54,0
760,56,0
761,58,0
762,55,0
763,59,0
764,56,0
765,55,0
766,57,0
767,54,0
768,56,0
769,56,0
770,57,0
771,57,0
772,57,0
773,56,0
774,56,0
775,58,0
776,57,0
777,59,0
778,59,0
779,56,0
780,56,0
781,56,0
782,57,0
783,57,0
784,56,0
785,56,0
786,56,0
787,55,0
788,59,0
789,57,0
790,59,0
791,58,0
792,56,0
793,58,0
794,58,0
795,56,0
796,56,0
797,59,0
798,59,0
799,56,0
800,58,0
801,54,0
802,57,0
803,59,0
804,57,0
805,56,0
806,58,0
807,56,0
808,59,0
809,59,0
810,57,0
811,56,0
812,54,0
813,54,0
814,55,0
815,57,0
816,59,0
817,56,0
818,56,0
819,58,0
820,58,0
821,55,0
822,57,0
823,57,0
824,57,0
825,57,0
826,56,0
827,56,0
828,58,0
829,59,0
830,55,0
831,56,0
832,56,0
833,56,0
834,58,0
835,55,0
836,55,0
837,55,0
838,58,0
839,56,0
840,56,0
841,57,0
842,55,0
843,55,0
844,56,0
845,54,0
846,56,0
847,59,0
848,57,0
849,56,0
850,58,0
851,56,0
852,56,0
853,59,0
854,57,0
855,57,0
856,59,0
857,58,0
858,56,0
859,56,0
860,55,0
861,59,0
862,57,0
863,58,0
864,56,0
865,58,0
866,55,0
867,57,0
868,56,0
869,56,0
870,56,0
871,59,0
872,57,0
873,56,0
874,58,0
875,58,0
876,59,0
877,59,0
878,56,0
879,54,0
880,56,0
881,55,0
882,55,0
883,57,0
884,57,0
885,56,0
886,54,0
887,58,0
888,57,0
889,57,0
890,58,0
891,54,0
892,58,0
893,57,0
894,55,0
895,56,0
896,56,0
897,56,0
898,57,0
899,55,0
900,56,0
901,54,0
902,56,0
903,55,0
904,55,0
905,58,0
906,56,0
907,56,0
908,55,0
909,57,0
910,57,0
911,58,0
912,56,0
913,58,0
914,56,0
915,55,0
916,55,0
917,56,0
918,58,0
919,72,0
920,56,0
921,58,0
922,55,0
923,59,0
924,58,0
925,58,0
926,59,0
927,57,0
928,58,0
929,56,0
930,57,0
931,57,0
932,56,0
933,56,0
934,55,0
935,55,0
936,56,0
937,56,0
938,56,0
939,55,0
940,55,0
941,58,0
942,58,0
943,59,0
944,59,0
945,54,0
946,54,0
947,59,0
948,57,0
949,56,0
950,58,0
951,59,0
952,59,0
953,58,0
954,56,0
955,58,0
956,58,0
957,57,0
958,59,0
959,56,0
960,54,0
961,55,0
962,55,0
963,56,0
964,54,0
965,57,0
966,57,0
967,56,0
968,56,0
969,59,0
970,57,0
971,56,0
972,56,0
973,59,0
974,55,0
975,56,0
976,56,0
977,57,0
978,57,0
979,56,0
980,54,0
981,55,0
982,56,0
983,56,0
984,55,0
985,59,0
986,56,0
987,58,0
988,59,0
989,57,0
990,58,0
991,56,0
992,59,0
993,57,0
994,56,0
995,56,0
996,58,0
997,55,0
998,55,0
999,56,0
1000,56,0
1001,56,0
1002,58,0
1003,55,0
1004,55,0
1005,56,0
1006,56,0
1007,56,0
1008,57,0
1009,55,0
1010,56,0
1011,58,0
1012,56,0
1013,55,0
1014,58,0
1015,56,0
1016,56,0
1017,59,0
1018,57,0
1019,56,0
1020,56,0
1021,57,0
1022,59,0
1023,58,0
1024,54,0
1025,55,0
1026,59,0
1027,59,0
1028,59,0
1029,58,0
1030,58,0
1031,58,0
1032,57,0
1033,56,0
1034,56,0
1035,56,0
1036,55,0
1037,57,0
1038,56,0
1039,58,0
1040,55,0
1041,57,0
1042,56,0
1043,56,0
1044,57,0
1045,59,0
1046,56,0
1047,56,0
1048,56,0
1049,59,0
1050,55,0
1051,56,0
1052,56,0
1053,57,0
1054,55,0
1055,58,0
1056,56,0
1057,56,0
1058,58,0
1059,57,0
1060,59,0
1061,58,0
1062,58,0
1063,57,0
1064,59,0
1065,54,0
1066,56,0
1067,55,0
1068,59,0
1069,56,0
1070,56,0
1071,55,0
1072,57,0
1073,57,0
1074,54,0
1075,56,0
1076,57,0
1077,57,0
1078,56,0
1079,58,0
1080,57,0
1081,57,0
1082,56,0
1083,58,0
1084,57,0
1085,55,0
1086,56,0
1087,56,0
1088,56,0
1089,58,0
1090,57,0
1091,55,0
1092,56,0
1093,56,0
1094,56,0
1095,59,0
1096,57,0
1097,58,0
1098,58,0
1099,56,0
1100,59,0
1101,58,0
1102,54,0
1103,57,0
1104,55,0
1105,58,0
1106,56,0
1107,57,0
1108,57,0
1109,56,0
1110,56,0
1111,54,0
1112,57,0
1113,55,0
1114,56,0
1115,56,0
1116,57,0
1117,57,0
1118,56,0
1119,56,0
1120,58,0
1121,57,0
1122,59,0
1123,58,0
1124,56,0
1125,57,0
1126,59,0
1127,56,0
1128,56,0
1129,57,0
1130,57,0
1131,56,0
1132,56,0
1133,55,0
1134,57,0
1135,56,0
1136,58,0
1137,55,0
1138,57,0
1139,56,0
1140,56,0
1141,57,0
1142,56,0
1143,56,0
1144,58,0
1145,57,0
1146,57,0
1147,54,0
1148,56,0
1149,57,0
1150,55,0
1151,57,0
1152,56,0
1153,56,0
1154,55,0
1155,55,0
1156,56,0
1157,56,0
1158,59,0
1159,57,0
1160,56,0
1161,58,0
1162,59,0
1163,59,0
1164,58,0
1165,56,0
1166,55,0
1167,55,0
1168,54,0
1169,58,0
1170,56,0
1171,55,0
1172,56,0
1173,56,0
1174,56,0
1175,55,0
1176,56,0
1177,56,0
1178,56,0
1179,59,0
1180,56,0
1181,56,0
1182,56,0
1183,56,0
1184,59,0
1185,55,0
1186,58,0
1187,54,0
1188,57,0
1189,55,0
1190,56,0
1191,56,0
1192,57,0
1193,55,0
1194,58,0
1195,56,0
1196,57,0
1197,57,0
1198,58,0
1199,58,0
1200,56,0
1201,57,0
1202,59,0
1203,58,0
1204,58,0
1205,59,0
1206,55,0
1207,58,0
1208,56,0
1209,57,0
1210,57,0
1211,56,0
1212,58,0
1213,58,0
1214,58,0
1215,57,0
1216,59,0
1217,58,0
1218,58,0
1219,55,0
1220,57,0
1221,55,0
1222,56,0
1223,58,0
1224,56,0
1225,55,0
1226,58,0
1227,58,0
1228,55,0
1229,57,0
1230,56,0
1231,56,0
1232,56,0
1233,55,0
1234,57,0
1235,56,0
1236,56,0
1237,59,0
1238,57,0
1239,58,0
1240,54,0
1241,57,0
1242,55,0
1243,59,0
1244,56,0
1245,56,0
1246,56,0
1247,55,0
1248,59,0
1249,56,0
1250,56,0
1251,55,0
1252,57,0
1253,56,0
1254,56,0
1255,56,0
1256,55,0
1257,57,0
1258,56,0
1259,54,0
1260,55,0
1261,55,0
1262,56,0
1263,58,0
1264,56,0
1265,57,0
1266,57,0
1267,56,0
1268,56,0
1269,55,0
1270,55,0
1271,56,0
1272,56,0
1273,55,0
1274,57,0
1275,55,0
1276,56,0
1277,56,0
1278,57,0
1279,57,0
1280,56,0
1281,58,0
1282,57,0
1283,57,0
1284,56,0
1285,56,0
1286,59,0
1287,55,0
1288,56,0
1289,56,0
1290,59,0
1291,55,0
1292,56,0
1293,56,0
1294,57,0
1295,57,0
1296,54,0
1297,56,0
1298,55,0
1299,55,0
1300,56,0
1301,56,0
1302,55,0
1303,59,0
1304,56,0
1305,58,0
1306,56,0
1307,55,0
1308,59,0
1309,56,0
1310,56,0
1311,55,0
1312,59,0
1313,56,0
1314,58,0
1315,59,0
1316,57,0
1317,56,0
1318,56,0
1319,55,0
1320,55,0
1321,58,0
1322,56,0
1323,54,0
1324,55,0
1325,55,0
1326,54,0
1327,56,0
1328,59,0
1329,59,0
1330,57,0
1331,58,0
1332,56,0
1333,57,0
1334,55,0
1335,56,0
1336,58,0
1337,56,0
1338,56,0
1339,55,0
1340,57,0
1341,56,0
1342,56,0
1343,55,0
1344,59,0
1345,56,0
1346,56,0
1347,56,0
1348,55,0
1349,56,0
1350,58,0
1351,56,0
1352,55,0
1353,57,0
1354,56,0
1355,56,0
1356,59,0
1357,59,0
1358,56,0
1359,56,0
1360,56,0
1361,55,0
1362,57,0
1363,56,0
1364,56,0
1365,57,0
1366,59,0
1367,58,0
1368,58,0
1369,54,0
1370,55,0
1371,55,0
1372,58,0
1373,54,0
1374,56,0
1375,55,0
1376,56,0
1377,56,0
1378,58,0
1379,57,0
1380,55,0
1381,58,0
1382,58,0
1383,59,0
1384,55,0
1385,55,0
1386,58,0
1387,58,0
1388,59,0
1389,57,0
1390,56,0
1391,56,0
1392,57,0
1393,57,0
1394,58,0
1395,58,0
1396,57,0
1397,55,0
1398,56,0
1399,56,0
1400,57,0
1401,54,0
1402,59,0
1403,55,0
1404,56,0
1405,58,0
1406,55,0
1407,59,0
1408,56,0
1409,56,0
1410,57,0
1411,59,0
1412,56,0
1413,56,0
1414,55,0
1415,59,0
1416,56,0
1417,56,0
1418,59,0
1419,57,0
1420,56,0
1421,58,0
1422,57,0
1423,57,0
1424,54,0
1425,58,0
1426,55,0
1427,57,0
1428,56,0
1429,56,0
1430,57,0
1431,57,0
1432,57,0
1433,57,0
1434,58,0
1435,56,0
1436,57,0
1437,55,0
1438,56,0
1439,56,0
1440,57,0
1441,56,0
1442,56,0
1443,56,0
1444,57,0
1445,54,0
1446,56,0
1447,57,0
1448,59,0
1449,56,0
1450,58,0
1451,55,0
1452,55,0
1453,56,0
1454,58,0
1455,55,0
1456,59,0
1457,56,0
1458,58,0
1459,55,0
1460,57,0
1461,56,0
1462,56,0
1463,57,0
1464,59,0
1465,57,0
1466,56,0
1467,58,0
1468,57,0
1469,55,0
1470,56,0
1471,56,0
1472,55,0
1473,59,0
1474,56,0
1475,56,0
1476,55,0
1477,55,0
1478,58,0
1479,58,0
1480,57,0
1481,59,0
1482,56,0
1483,56,0
1484,57,0
1485,57,0
1486,56,0
1487,56,0
1488,57,0
1489,55,0
1490,58,0
1491,56,0
1492,55,0
1493,57,0
1494,58,0
1495,54,0
1496,56,0
1497,55,0
1498,57,0
1499,58,0
1500,56,0
1501,57,0
1502,57,0
1503,56,0
1504,56,0
1505,56,0
1506,59,0
1507,56,0
1508,58,0
1509,56,0
1510,55,0
1511,57,0
1512,56,0
1513,56,0
1514,59,0
1515,57,0
1516,56,0
1517,56,0
1518,55,0
1519,57,0
1520,58,0
1521,56,0
1522,56,0
1523,55,0
1524,57,0
1525,54,0
1526,54,0
1527,55,0
1528,57,0
1529,55,0
1530,58,0
1531,58,0
1532,57,0
1533,55,0
1534,56,0
1535,58,0
1536,58,0
1537,55,0
1538,57,0
1539,58,0
1540,58,0
1541,59,0
1542,55,0
1543,58,0
1544,56,0
1545,59,0
1546,59,0
1547,56,0
1548,56,0
1549,58,0
1550,57,0
1551,57,0
1552,56,0
1553,56,0
1554,55,0
1555,57,0
1556,56,0
1557,56,0
1558,57,0
1559,59,0
1560,55,0
1561,54,0
1562,56,0
1563,59,0
1564,55,0
1565,54,0
1566,56,0
1567,56,0
1568,59,0
1569,55,0
1570,54,0
1571,56,0
1572,59,0
1573,55,0
1574,56,0
1575,56,0
1576,59,0
1577,59,0
1578,56,0
1579,56,0
1580,59,0
1581,56,0
1582,58,0
1583,56,0
1584,59,0
1585,59,0
1586,56,0
1587,56,0
1588,55,0
1589,55,0
1590,56,0
1591,58,0
1592,56,0
1593,57,0
1594,59,0
1595,58,0
1596,56,0
1597,57,0
1598,55,0
1599,54,0
1600,56,0
1601,59,0
1602,55,0
1603,54,0
1604,56,0
1605,59,0
1606,57,0
1607,54,0
1608,56,0
1609,57,0
1610,56,0
1611,54,0
1612,56,0
1613,57,0
1614,59,0
1615,56,0
1616,56,0
1617,57,0
1618,56,0
1619,58,0
1620,55,0
1621,59,0
1622,56,0
1623,54,0
1624,56,0
1625,56,0
1626,57,0
1627,56,0
1628,58,0
1629,56,0
1630,55,0
1631,59,0
1632,58,0
1633,54,0
1634,57,0
1635,57,0
1636,56,0
1637,56,0
1638,55,0
1639,56,0
1640,56,0
1641,56,0
1642,59,0
1643,58,0
1644,56,0
1645,56,0
1646,59,0
1647,57,0
1648,58,0
1649,58,0
1650,59,0
1651,55,0
1652,56,0
1653,56,0
1654,56,0
1655,56,0
1656,57,0
1657,55,0
1658,56,0
1659,58,0
1660,55,0
1661,59,0
1662,55,0
1663,58,0
1664,58,0
1665,56,0
1666,55,0
1667,57,0
1668,56,0
1669,58,0
1670,56,0
1671,57,0
1672,55,0
1673,58,0
1674,54,0
1675,56,0
1676,56,0
1677,54,0
1678,55,0
1679,57,0
1680,56,0
1681,58,0
1682,58,0
1683,58,0
1684,55,0
1685,59,0
1686,56,0
1687,58,0
1688,56,0
1689,55,0
1690,55,0
1691,59,0
1692,56,0
1693,58,0
1694,58,0
1695,58,0
1696,55,0
1697,59,0
1698,57,0
1699,58,0
1700,56,0
1701,56,0
1702,57,0
1703,59,0
1704,57,0
1705,57,0
1706,56,0
1707,58,0
1708,59,0
1709,57,0
1710,59,0
1711,58,0
1712,58,0
1713,58,0
1714,59,0
1715,55,0
1716,57,0
1717,58,0
1718,58,0
1719,56,0
1720,57,0
1721,55,0
1722,58,0
1723,56,0
1724,58,0
1725,56,0
1726,59,0
1727,55,0
1728,56,0
1729,58,0
1730,58,0
1731,56,0
1732,58,0
1733,56,0
1734,57,0
1735,57,0
1736,58,0
1737,58,0
1738,57,0
1739,57,0
1740,57,0
1741,58,0
1742,58,0
1743,58,0
1744,55,0
1745,55,0
1746,56,0
1747,54,0
1748,56,0
1749,54,0
1750,56,0
1751,54,0
1752,57,0
1753,55,0
1754,57,0
1755,73,0
1756,58,0
1757,58,0
1758,56,0
1759,56,0
1760,57,0
1761,57,0
1762,56,0
1763,56,0
1764,56,0
1765,56,0
1766,59,0
1767,55,0
1768,55,0
1769,56,0
1770,56,0
1771,56,0
1772,57,0
1773,59,0
1774,55,0
1775,57,0
1776,54,0
1777,56,0
1778,56,0
1779,59,0
1780,57,0
1781,59,0
1782,56,0
1783,58,0
1784,57,0
1785,58,0
1786,58,0
1787,58,0
1788,55,0
1789,55,0
1790,55,0
1791,58,0
1792,56,0
1793,58,0
1794,57,0
1795,57,0
1796,57,0
1797,57,0
1798,56,0
1799,56,0
1800,56,0
1801,57,0
1802,55,0
1803,56,0
1804,56,0
1805,58,0
1806,56,0
1807,55,0
1808,57,0
1809,56,0
1810,59,0
1811,56,0
1812,58,0
1813,56,0
1814,57,0
1815,57,0
1816,57,0
1817,56,0
1818,56,0
1819,56,0
1820,57,0
1821,57,0
1822,56,0
1823,56,0
1824,58,0
1825,56,0
1826,57,0
1827,59,0
1828,58,0
1829,56,0
1830,56,0
1831,59,0
1832,57,0
1833,56,0
1834,56,0
1835,55,0
1836,57,0
1837,56,0
1838,58,0
1839,58,0
1840,56,0
1841,56,0
1842,55,0
1843,57,0
1844,57,0
1845,56,0
1846,58,0
1847,58,0
1848,57,0
1849,55,0
1850,56,0
1851,56,0
1852,56,0
1853,59,0
1854,57,0
1855,56,0
1856,56,0
1857,57,0
1858,57,0
1859,56,0
1860,56,0
1861,56,0
1862,57,0
1863,55,0
1864,56,0
1865,54,0
1866,58,0
1867,56,0
1868,58,0
1869,55,0
1870,55,0
1871,54,0
1872,54,0
1873,55,0
1874,57,0
1875,56,0
1876,56,0
1877,56,0
1878,59,0
1879,55,0
1880,56,0
1881,56,0
1882,56,0
1883,57,0
1884,59,0
1885,58,0
1886,56,0
1887,56,0
1888,57,0
1889,57,0
1890,57,0
1891,56,0
1892,58,0
1893,57,0
1894,57,0
1895,56,0
1896,54,0
1897,58,0
1898,58,0
1899,55,0
1900,55,0
1901,56,0
1902,54,0
1903,56,0
1904,56,0
1905,55,0
1906,55,0
1907,56,0
1908,54,0
1909,58,0
1910,59,0
1911,57,0
1912,56,0
1913,56,0
1914,60,0
1915,57,0
1916,55,0
1917,57,0
1918,54,0
1919,58,0
1920,55,0
1921,59,0
1922,56,0
1923,58,0
1924,56,0
1925,56,0
1926,56,0
1927,59,0
1928,59,0
1929,56,0
1930,56,0
1931,58,0
1932,57,0
1933,57,0
1934,55,0
1935,56,0
1936,56,0
1937,59,0
1938,57,0
1939,58,0
1940,56,0
1941,56,0
1942,59,0
1943,59,0
1944,56,0
1945,56,0
1946,56,0
1947,55,0
1948,55,0
1949,57,0
1950,56,0
1951,56,0
1952,56,0
1953,57,0
1954,59,0
1955,55,0
1956,56,0
1957,56,0
1958,58,0
1959,55,0
1960,57,0
1961,56,0
1962,56,0
1963,56,0
1964,55,0
1965,57,0
1966,56,0
1967,58,0
1968,56,0
1969,56,0
1970,55,0
1971,59,0
1972,56,0
1973,54,0
1974,58,0
1975,56,0
1976,57,0
1977,55,0
1978,58,0
1979,56,0
1980,56,0
1981,55,0
1982,57,0
1983,56,0
1984,56,0
1985,58,0
1986,56,0
1987,57,0
1988,57,0
1989,57,0
1990,56,0
1991,58,0
1992,56,0
1993,55,0
1994,57,0
1995,58,0
1996,58,0
1997,55,0
1998,59,0
1999,55,0
2000,56,0
2001,56,0
2002,55,0
2003,57,0
2004,56,0
2005,58,0
2006,58,0
2007,59,0
2008,55,0
2009,56,0
2010,56,0
2011,58,0
2012,56,0
2013,57,0
2014,59,0
2015,57,0
2016,56,0
2017,54,0
2018,56,0
2019,57,0
2020,57,0
2021,56,0
2022,56,0
2023,55,0
2024,59,0
2025,56,0
2026,58,0
2027,56,0
2028,57,0
2029,57,0
2030,58,0
2031,56,0
2032,56,0
2033,55,0
2034,57,0
2035,56,0
2036,58,0
2037,56,0
2038,59,0
2039,55,0
2040,56,0
2041,56,0
2042,56,0
2043,55,0
2044,56,0
2045,55,0
2046,59,0
2047,56,0
2048,56,0
2049,58,0
2050,57,0
2051,57,0
2052,56,0
2053,54,0
2054,58,0
2055,59,0
2056,55,0
2057,58,0
2058,56,0
2059,56,0
2060,57,0
2061,55,0
2062,56,0
2063,54,0
2064,56,0
2065,55,0
2066,55,0
2067,58,0
2068,58,0
2069,57,0
2070,55,0
2071,56,0
2072,58,0
2073,56,0
2074,56,0
2075,59,0
2076,59,0
2077,55,0
2078,56,0
2079,58,0
2080,59,0
2081,55,0
2082,57,0
2083,56,0
2084,58,0
2085,56,0
2086,57,0
2087,55,0
2088,56,0
2089,58,0
2090,56,0
2091,55,0
2092,57,0
2093,56,0
2094,56,0
2095,56,0
2096,56,0
2097,57,0
2098,55,0
2099,56,0
2100,56,0
2101,54,0
2102,56,0
2103,55,0
2104,55,0
2105,55,0
2106,56,0
2107,56,0
2108,58,0
2109,61,0
2110,57,0
2111,59,0
2112,56,0
2113,58,0
2114,56,0
2115,56,0
2116,55,0
2117,57,0
2118,56,0
2119,58,0
2120,56,0
2121,56,0
2122,55,0
2123,57,0
2124,56,0
2125,56,0
2126,58,0
2127,55,0
2128,55,0
2129,59,0
2130,56,0
2131,58,0
2132,56,0
2133,58,0
2134,56,0
2135,59,0
2136,57,0
2137,56,0
2138,58,0
2139,58,0
2140,56,0
2141,55,0
2142,55,0
2143,56,0
2144,56,0
2145,58,0
2146,55,0
2147,57,0
2148,56,0
2149,56,0
2150,54,0
2151,57,0
2152,57,0
2153,56,0
2154,56,0
2155,56,0
2156,57,0
2157,55,0
2158,59,0
2159,56,0
2160,58,0
2161,56,0
2162,54,0
2163,55,0
2164,59,0
2165,56,0
2166,56,0
2167,56,0
2168,59,0
2169,59,0
2170,59,0
2171,56,0
2172,56,0
2173,54,0
2174,55,0
2175,55,0
2176,55,0
2177,58,0
2178,54,0
2179,56,0
2180,57,0
2181,57,0
2182,58,0
2183,56,0
2184,54,0
2185,55,0
2186,57,0
2187,56,0
2188,56,0
2189,58,0
2190,54,0
2191,59,0
2192,55,0
2193,57,0
2194,56,0
2195,58,0
2196,56,0
2197,57,0
2198,57,0
2199,58,0
2200,56,0
2201,56,0
2202,57,0
2203,57,0
2204,56,0
2205,54,0
2206,56,0
2207,55,0
2208,55,0
2209,56,0
2210,54,0
2211,58,0
2212,57,0
2213,55,0
2214,59,0
2215,56,0
2216,56,0
2217,58,0
2218,57,0
2219,56,0
2220,55,0
2221,57,0
2222,57,0
2223,56,0
2224,56,0
2225,60,0
2226,55,0
2227,55,0
2228,54,0
2229,54,0
2230,56,0
2231,55,0
2232,55,0
2233,57,0
2234,56,0
2235,58,0
2236,56,0
2237,56,0
2238,59,0
2239,59,0
2240,56,0
2241,54,0
2242,58,0
2243,55,0
2244,59,0
2245,55,0
2246,56,0
2247,58,0
2248,58,0
2249,56,0
2250,58,0
2251,59,0
2252,55,0
2253,58,0
2254,56,0
2255,58,0
2256,56,0
2257,57,0
2258,55,0
2259,55,0
2260,58,0
2261,58,0
2262,58,0
2263,59,0
2264,59,0
2265,56,0
2266,54,0
2267,54,0
2268,57,0
2269,59,0
2270,59,0
2271,56,0
2272,56,0
2273,55,0
2274,57,0
2275,59,0
2276,57,0
2277,57,0
2278,59,0
2279,56,0
2280,56,0
2281,58,0
2282,55,0
2283,57,0
2284,57,0
2285,58,0
2286,56,0
2287,58,0
2288,55,0
2289,57,0
2290,56,0
2291,58,0
2292,56,0
2293,59,0
2294,59,0
2295,59,0
2296,56,0
2297,58,0
2298,56,0
2299,57,0
2300,57,0
2301,57,0
2302,58,0
2303,56,0
2304,54,0
2305,59,0
2306,56,0
2307,55,0
2308,57,0
2309,58,0
2310,56,0
2311,56,0
2312,55,0
2313,59,0
2314,56,0
2315,56,0
2316,56,0
2317,59,0
2318,55,0
2319,57,0
2320,57,0
2321,56,0
2322,58,0
2323,56,0
2324,57,0
2325,57,0
2326,59,0
2327,56,0
2328,54,0
2329,54,0
2330,57,0
2331,55,0
2332,58,0
2333,56,0
2334,58,0
2335,56,0
2336,57,0
2337,57,0
2338,56,0
2339,56,0
2340,56,0
2341,56,0
2342,57,0
2343,55,0
2344,56,0
2345,56,0
2346,56,0
2347,55,0
2348,55,0
2349,56,0
2350,56,0
2351,58,0
2352,55,0
2353,57,0
2354,56,0
2355,58,0
2356,54,0
2357,57,0
2358,59,0
2359,59,0
2360,56,0
2361,56,0
2362,56,0
2363,57,0
2364,57,0
2365,57,0
2366,56,0
2367,56,0
2368,56,0
2369,56,0
2370,57,0
2371,55,0
2372,54,0
2373,56,0
2374,58,0
2375,55,0
2376,57,0
2377,58,0
2378,56,0
2379,54,0
2380,56,0
2381,55,0
2382,55,0
2383,55,0
2384,58,0
2385,58,0
2386,58,0
2387,59,0
2388,57,0
2389,55,0
2390,56,0
2391,56,0
2392,56,0
2393,56,0
2394,57,0
2395,59,0
2396,55,0
2397,58,0
2398,56,0
2399,59,0
2400,55,0
2401,59,0
2402,56,0
2403,56,0
2404,56,0
2405,57,0
2406,57,0
2407,57,0
2408,56,0
2409,56,0
2410,56,0
2411,57,0
2412,55,0
2413,57,0
2414,56,0
2415,54,0
2416,59,0
2417,59,0
2418,59,0
2419,58,0
2420,58,0
2421,56,0
2422,56,0
2423,56,0
2424,57,0
2425,55,0
2426,56,0
2427,58,0
2428,54,0
2429,56,0
2430,57,0
2431,57,0
2432,57,0
2433,58,0
2434,56,0
2435,58,0
2436,57,0
2437,57,0
2438,56,0
2439,58,0
2440,56,0
2441,57,0
2442,59,0
2443,58,0
2444,58,0
2445,56,0
2446,56,0
2447,57,0
2448,57,0
2449,57,0
2450,54,0
2451,57,0
2452,56,0
2453,58,0
2454,55,0
2455,55,0
2456,55,0
2457,58,0
2458,56,0
2459,54,0
2460,59,0
2461,59,0
2462,58,0
2463,58,0
2464,55,0
2465,59,0
2466,57,0
2467,56,0
2468,56,0
2469,56,0
2470,55,0
2471,57,0
2472,56,0
2473,54,0
2474,56,0
2475,55,0
2476,57,0
2477,56,0
2478,56,0
2479,56,0
2480,58,0
2481,56,0
2482,57,0
2483,59,0
2484,57,0
2485,54,0
2486,56,0
2487,57,0
2488,57,0
2489,56,0
2490,56,0
2491,56,0
2492,55,0
2493,59,0
2494,59,0
2495,58,0
2496,56,0
2497,57,0
2498,57,0
2499,56,0
2500,58,0
2501,56,0
2502,55,0
2503,59,0
2504,56,0
2505,56,0
2506,56,0
2507,57,0
2508,56,0
2509,57,0
2510,55,0
2511,57,0
2512,56,0
2513,56,0
2514,58,0
2515,57,0
2516,55,0
2517,56,0
2518,56,0
2519,57,0
2520,57,0
2521,55,0
2522,56,0
2523,56,0
2524,57,0
2525,55,0
2526,55,0
2527,54,0
2528,56,0
2529,56,0
2530,55,0
2531,57,0
2532,57,0
2533,56,0
2534,58,0
2535,57,0
2536,55,0
2537,57,0
2538,59,0
2539,57,0
2540,56,0
2541,54,0
2542,58,0
2543,55,0
2544,55,0
2545,58,0
2546,58,0
2547,56,0
2548,59,0
2549,55,0
2550,58,0
2551,56,0
2552,56,0
2553,57,0
2554,57,0
2555,56,0
2556,56,0
2557,56,0
2558,59,0
2559,55,0
2560,55,0
2561,54,0
2562,56,0
2563,56,0
2564,59,0
2565,59,0
2566,56,0
2567,56,0
2568,58,0
2569,54,0
2570,56,0
2571,56,0
2572,56,0
2573,57,0
2574,55,0
2575,59,0
2576,55,0
2577,58,0
2578,56,0
2579,56,0
2580,56,0
2581,59,0
2582,59,0
2583,56,0
2584,56,0
2585,56,0
2586,56,0
2587,57,0
2588,55,0
2589,57,0
2590,58,0
2591,56,0
2592,54,0
2593,56,0
2594,58,0
2595,56,0
2596,57,0
2597,59,0
2598,57,0
2599,58,0
2600,56,0
2601,56,0
2602,55,0
2603,59,0
2604,55,0
2605,56,0
2606,56,0
2607,58,0
2608,55,0
2609,57,0
2610,59,0
2611,55,0
2612,56,0
2613,56,0
2614,56,0
2615,57,0
2616,59,0
2617,56,0
2618,58,0
2619,56,0
2620,56,0
2621,59,0
2622,59,0
2623,56,0
2624,56,0
2625,56,0
2626,55,0
2627,57,0
2628,57,0
2629,56,0
2630,56,0
2631,56,0
2632,57,0
2633,57,0
2634,58,0
2635,56,0
2636,57,0
2637,55,0
2638,54,0
2639,54,0
2640,57,0
2641,57,0
2642,56,0
2643,56,0
2644,56,0
2645,57,0
2646,57,0
2647,58,0
2648,56,0
2649,56,0
2650,57,0
2651,56,0
2652,55,0
2653,59,0
2654,56,0
2655,56,0
2656,55,0
2657,57,0
2658,56,0
2659,58,0
2660,58,0
2661,59,0
2662,57,0
2663,57,0
2664,58,0
2665,56,0
2666,56,0
2667,59,0
2668,55,0
2669,58,0
2670,58,0
2671,56,0
2672,57,0
2673,59,0
2674,56,0
2675,56,0
2676,56,0
2677,59,0
2678,55,0
2679,58,0
2680,58,0
2681,56,0
2682,58,0
2683,55,0
2684,55,0
2685,58,0
2686,56,0
2687,56,0
2688,59,0
2689,55,0
2690,59,0
2691,56,0
2692,58,0
2693,58,0
2694,59,0
2695,55,0
2696,59,0
2697,56,0
2698,56,0
2699,57,0
2700,59,0
2701,55,0
2702,57,0
2703,56,0
2704,56,0
2705,56,0
2706,59,0
2707,57,0
2708,55,0
2709,56,0
2710,56,0
2711,56,0
2712,58,0
2713,57,0
2714,57,0
2715,57,0
2716,58,0
2717,56,0
2718,56,0
2719,57,0
2720,57,0
2721,57,0
2722,58,0
2723,58,0
2724,58,0
2725,57,0
2726,57,0
2727,58,0
2728,58,0
2729,56,0
2730,57,0
2731,57,0
2732,57,0
2733,56,0
2734,58,0
2735,56,0
2736,57,0
2737,55,0
2738,58,0
2739,57,0
2740,56,0
2741,58,0
2742,57,0
2743,59,0
2744,59,0
2745,56,0
2746,54,0
2747,58,0
2748,55,0
2749,59,0
2750,57,0
2751,58,0
2752,58,0
2753,56,0
2754,55,0
2755,59,0
2756,58,0
2757,58,0
2758,56,0
2759,59,0
2760,55,0
2761,58,0
2762,56,0
2763,58,0
2764,56,0
2765,55,0
2766,59,0
2767,55,0
2768,59,0
2769,56,0
2770,56,0
2771,54,0
2772,55,0
2773,57,0
2774,59,0
2775,56,0
2776,54,0
2777,57,0
2778,59,0
2779,56,0
2780,58,0
2781,56,0
2782,56,0
2783,55,0
2784,55,0
2785,55,0
2786,58,0
2787,56,0
2788,56,0
2789,55,0
2790,59,0
2791,55,0
2792,58,0
2793,56,0
2794,55,0
2795,57,0
2796,57,0
2797,58,0
2798,56,0
2799,57,0
2800,56,0
2801,57,0
2802,55,0
2803,56,0
2804,58,0
2805,58,0
2806,55,0
2807,55,0
2808,59,0
2809,56,0
2810,58,0
2811,55,0
2812,57,0
2813,57,0
2814,58,0
2815,56,0
2816,57,0
2817,55,0
2818,56,0
2819,58,0
2820,56,0
2821,57,0
2822,59,0
2823,56,0
2824,56,0
2825,56,0
2826,59,0
2827,56,0
2828,55,0
2829,55,0
2830,56,0
2831,56,0
2832,59,0
2833,57,0
2834,55,0
2835,56,0
2836,58,0
2837,57,0
2838,57,0
2839,59,0
2840,56,0
2841,58,0
2842,59,0
2843,55,0
2844,56,0
2845,56,0
2846,54,0
2847,58,0
2848,57,0
2849,57,0
2850,57,0
2851,58,0
2852,58,0
2853,58,0
2854,55,0
2855,57,0
2856,56,0
2857,56,0
2858,56,0
2859,58,0
2860,56,0
2861,57,0
2862,59,0
2863,55,0
2864,58,0
2865,56,0
2866,58,0
2867,55,0
2868,55,0
2869,56,0
2870,56,0
2871,54,0
2872,55,0
2873,55,0
2874,55,0
2875,56,0
2876,56,0
2877,56,0
2878,55,0
2879,59,0
2880,58,0
2881,56,0
2882,58,0
2883,57,0
2884,59,0
2885,58,0
2886,56,0
2887,57,0
2888,56,0
2889,58,0
2890,56,0
2891,55,0
2892,55,0
2893,56,0
2894,56,0
2895,58,0
2896,55,0
2897,59,0
2898,59,0
2899,56,0
2900,56,0
2901,56,0
2902,55,0
2903,57,0
2904,57,0
2905,58,0
2906,58,0
2907,61,0
2908,57,0
2909,57,0
2910,58,0
2911,58,0
2912,56,0
2913,57,0
2914,59,0
2915,56,0
2916,55,0
2917,56,0
2918,58,0
2919,55,0
2920,55,0
2921,55,0
2922,56,0
2923,58,0
2924,57,0
2925,57,0
2926,55,0
2927,56,0
2928,54,0
2929,59,0
2930,57,0
2931,57,0
2932,56,0
2933,56,0
2934,56,0
2935,57,0
2936,59,0
2937,58,0
2938,54,0
2939,54,0
2940,55,0
2941,57,0
2942,59,0
2943,56,0
2944,58,0
2945,56,0
2946,56,0
2947,57,0
2948,55,0
2949,58,0
2950,56,0
2951,58,0
2952,56,0
2953,57,0
2954,59,0
2955,56,0
2956,58,0
2957,58,0
2958,59,0
2959,57,0
2960,54,0
2961,58,0
2962,57,0
2963,57,0
2964,55,0
2965,56,0
2966,56,0
2967,57,0
2968,57,0
2969,58,0
2970,56,0
2971,56,0
2972,58,0
2973,56,0
2974,59,0
2975,57,0
2976,56,0
2977,58,0
2978,59,0
2979,55,0
2980,57,0
2981,56,0
2982,58,0
2983,55,0
2984,57,0
2985,61,0
2986,56,0
2987,54,0
2988,59,0
2989,59,0
2990,57,0
2991,56,0
2992,60,0
2993,58,0
2994,59,0
2995,59,0
2996,59,0
2997,58,0
2998,58,0
2999,58,0
3000,56,0
3001,59,0
3002,55,0
3003,57,0
3004,56,0
3005,56,0
3006,59,0
3007,56,0
3008,58,0
3009,56,0
3010,59,0
3011,55,0
3012,57,0
3013,58,0
3014,58,0
3015,56,0
3016,55,0
3017,57,0
3018,57,0
3019,58,0
3020,56,0
3021,56,0
3022,59,0
3023,57,0
3024,56,0
3025,58,0
3026,54,0
3027,55,0
3028,56,0
3029,55,0
3030,57,0
3031,56,0
3032,58,0
3033,56,0
3034,55,0
3035,57,0
3036,59,0
3037,56,0
3038,56,0
3039,56,0
3040,57,0
3041,55,0
3042,59,0
3043,56,0
3044,56,0
3045,59,0
3046,57,0
3047,57,0
3048,58,0
3049,58,0
3050,56,0
3051,55,0
3052,55,0
3053,58,0
3054,56,0
3055,58,0
3056,57,0
3057,56,0
3058,57,0
3059,55,0
3060,57,0
3061,58,0
3062,56,0
3063,58,0
3064,59,0
3065,57,0
3066,56,0
3067,58,0
3068,56,0
3069,56,0
3070,55,0
3071,55,0
3072,56,0
3073,54,0
3074,56,0
3075,59,0
3076,55,0
3077,58,0
3078,58,0
3079,56,0
3080,56,0
3081,55,0
3082,57,0
3083,58,0
3084,56,0
3085,56,0
3086,55,0
3087,56,0
3088,59,0
3089,59,0
3090,58,0
3091,56,0
3092,56,0
3093,57,0
3094,55,0
3095,56,0
3096,56,0
3097,56,0
3098,57,0
3099,59,0
3100,55,0
3101,56,0
3102,56,0
3103,58,0
3104,57,0
3105,57,0
3106,56,0
3107,58,0
3108,56,0
3109,55,0
3110,55,0
3111,54,0
3112,56,0
3113,58,0
3114,58,0
3115,56,0
3116,57,0
3117,59,0
3118,56,0
3119,56,0
3120,56,0
3121,55,0
3122,59,0
3123,57,0
3124,54,0
3125,56,0
3126,59,0
3127,55,0
3128,56,0
3129,56,0
3130,58,0
3131,57,0
3132,55,0
3133,56,0
3134,56,0
3135,56,0
3136,57,0
3137,57,0
3138,58,0
3139,56,0
3140,56,0
3141,57,0
3142,57,0
3143,58,0
3144,56,0
3145,58,0
3146,54,0
3147,59,0
3148,59,0
3149,58,0
3150,56,0
3151,58,0
3152,59,0
3153,59,0
3154,56,0
3155,56,0
3156,54,0
3157,57,0
3158,57,0
3159,56,0
3160,56,0
3161,58,0
3162,59,0
3163,55,0
3164,58,0
3165,56,0
3166,56,0
3167,59,0
3168,55,0
3169,56,0
3170,58,0
3171,56,0
3172,59,0
3173,55,0
3174,56,0
3175,58,0
3176,56,0
3177,56,0
3178,59,0
3179,57,0
3180,59,0
3181,54,0
3182,56,0
3183,58,0
3184,57,0
3185,55,0
3186,58,0
3187,58,0
3188,54,0
3189,55,0
3190,55,0
3191,56,0
3192,58,0
3193,58,0
3194,59,0
3195,59,0
3196,58,0
3197,58,0
3198,58,0
3199,55,0
3200,57,0
3201,59,0
3202,56,0
3203,58,0
3204,58,0
3205,54,0
3206,56,0
3207,57,0
3208,57,0
3209,56,0
3210,58,0
3211,56,0
3212,55,0
3213,57,0
3214,56,0
3215,58,0
3216,58,0
3217,55,0
3218,55,0
3219,58,0
3220,58,0
3221,58,0
3222,57,0
3223,57,0
3224,56,0
3225,54,0
3226,56,0
3227,59,0
3228,57,0
3229,58,0
3230,58,0
3231,56,0
3232,57,0
3233,57,0
3234,56,0
3235,56,0
3236,56,0
3237,56,0
3238,58,0
3239,57,0
3240,57,0
3241,55,0
3242,54,0
3243,56,0
3244,56,0
3245,57,0
3246,59,0
3247,58,0
3248,56,0
3249,58,0
3250,56,0
3251,57,0
3252,57,0
3253,56,0
3254,56,0
3255,59,0
3256,59,0
3257,55,0
3258,58,0
3259,54,0
3260,56,0
3261,57,0
3262,57,0
3263,57,0
3264,55,0
3265,58,0
3266,56,0
3267,56,0
3268,55,0
3269,59,0
3270,56,0
3271,56,0
3272,56,0
3273,57,0
3274,57,0
3275,56,0
3276,54,0
3277,56,0
3278,57,0
3279,55,0
3280,54,0
3281,56,0
3282,57,0
3283,57,0
3284,56,0
3285,56,0
3286,54,0
3287,57,0
3288,55,0
3289,56,0
3290,56,0
3291,57,0
3292,55,0
3293,57,0
3294,59,0
3295,56,0
3296,54,0
3297,58,0
3298,59,0
3299,55,0
3300,59,0
3301,56,0
3302,56,0
3303,57,0
3304,57,0
3305,56,0
3306,56,0
3307,56,0
3308,56,0
3309,57,0
3310,56,0
3311,56,0
3312,54,0
3313,55,0
3314,57,0
3315,56,0
3316,56,0
3317,56,0
3318,57,0
3319,55,0
3320,55,0
3321,58,0
3322,57,0
3323,56,0
3324,58,0
3325,57,0
3326,57,0
3327,57,0
3328,56,0
3329,58,0
3330,58,0
3331,59,0
3332,55,0
3333,57,0
3334,56,0
3335,58,0
3336,56,0
3337,55,0
3338,59,0
3339,57,0
3340,58,0
3341,56,0
3342,56,0
3343,59,0
3344,57,0
3345,58,0
3346,58,0
3347,58,0
3348,56,0
3349,56,0
3350,55,0
3351,55,0
3352,57,0
3353,58,0
3354,56,0
3355,55,0
3356,57,0
3357,59,0
3358,56,0
3359,56,0
3360,59,0
3361,57,0
3362,57,0
3363,58,0
3364,56,0
3365,58,0
3366,55,0
3367,59,0
3368,56,0
3369,56,0
3370,56,0
3371,57,0
3372,57,0
3373,57,0
3374,58,0
3375,56,0
3376,56,0
3377,57,0
3378,57,0
3379,57,0
3380,56,0
3381,56,0
3382,56,0
3383,55,0
3384,55,0
3385,58,0
3386,57,0
3387,58,0
3388,56,0
3389,58,0
3390,56,0
3391,59,0
3392,57,0
3393,58,0
3394,56,0
3395,57,0
3396,59,0
3397,59,0
3398,58,0
3399,58,0
3400,55,0
3401,55,0
3402,58,0
3403,56,0
3404,56,0
3405,55,0
3406,55,0
3407,57,0
3408,58,0
3409,56,0
3410,56,0
3411,59,0
3412,57,0
3413,57,0
3414,56,0
3415,58,0
3416,59,0
3417,59,0
3418,55,0
3419,58,0
3420,58,0
3421,56,0
3422,57,0
3423,59,0
3424,58,0
3425,58,0
3426,56,0
3427,57,0
3428,59,0
3429,58,0
3430,54,0
3431,57,0
3432,59,0
3433,55,0
3434,57,0
3435,56,0
3436,56,0
3437,59,0
3438,57,0
3439,57,0
3440,56,0
3441,58,0
3442,57,0
3443,59,0
3444,59,0
3445,58,0
3446,56,0
3447,59,0
3448,57,0
3449,59,0
3450,58,0
3451,58,0
3452,59,0
3453,57,0
3454,57,0
3455,58,0
3456,58,0
3457,59,0
3458,59,0
3459,59,0
3460,58,0
3461,58,0
3462,56,0
3463,58,0
3464,55,0
3465,57,0
3466,58,0
3467,56,0
3468,58,0
3469,59,0
3470,59,0
3471,57,0
3472,56,0
3473,58,0
3474,59,0
3475,57,0
3476,57,0
3477,58,0
3478,58,0
3479,58,0
3480,55,0
3481,59,0
3482,58,0
3483,58,0
3484,58,0
3485,57,0
3486,57,0
3487,59,0
3488,59,0
3489,58,0
3490,58,0
3491,58,0
3492,57,0
3493,55,0
3494,59,0
3495,56,0
3496,56,0
3497,57,0
3498,55,0
3499,57,0
3500,60,0
3501,58,0
3502,58,0
3503,57,0
3504,55,0
3505,57,0
3506,56,0
3507,58,0
3508,58,0
3509,59,0
3510,55,0
3511,57,0
3512,56,0
3513,58,0
3514,56,0
3515,58,0
3516,56,0
3517,57,0
3518,59,0
3519,58,0
3520,60,0
3521,56,0
3522,59,0
3523,59,0
3524,56,0
3525,56,0
3526,56,0
3527,57,0
3528,59,0
3529,57,0
3530,58,0
3531,58,0
3532,58,0
3533,59,0
3534,59,0
3535,58,0
3536,58,0
3537,56,0
3538,55,0
3539,59,0
3540,59,0
3541,55,0
3542,58,0
3543,58,0
3544,56,0
3545,57,0
3546,59,0
3547,58,0
3548,56,0
3549,58,0
3550,59,0
3551,57,0
3552,56,0
3553,58,0
3554,56,0
3555,55,0
3556,59,0
3557,58,0
3558,58,0
3559,58,0
3560,59,0
3561,59,0
3562,55,0
3563,58,0
3564,56,0
3565,59,0
3566,57,0
3567,58,0
3568,57,0
3569,58,0
3570,58,0
3571,58,0
3572,57,0
3573,57,0
3574,58,0
3575,56,0
3576,58,0
3577,59,0
3578,57,0
3579,58,0
3580,56,0
3581,58,0
3582,59,0
3583,57,0
3584,56,0
3585,58,0
3586,57,0
3587,57,0
3588,55,0
3589,56,0
3590,56,0
3591,59,0
3592,57,0
3593,56,0
3594,56,0
3595,58,0
3596,56,0
3597,58,0
3598,57,0
3599,59,0
3600,58,0
3601,58,0
3602,58,0
3603,55,0
3604,57,0
3605,58,0
3606,56,0
3607,56,0
3608,59,0
3609,57,0
3610,58,0
3611,58,0
3612,56,0
3613,57,0
3614,59,0
3615,56,0
3616,58,0
3617,58,0
3618,55,0
3619,57,0
3620,58,0
3621,58,0
3622,58,0
3623,58,0
3624,59,0
3625,57,0
3626,59,0
3627,58,0
3628,58,0
3629,56,0
3630,59,0
3631,57,0
3632,58,0
3633,56,0
3634,58,0
3635,59,0
3636,57,0
3637,59,0
3638,58,0
3639,56,0
3640,59,0
3641,55,0
3642,59,0
3643,58,0
3644,58,0
3645,58,0
3646,57,0
3647,59,0
3648,54,0
3649,56,0
3650,58,0
3651,58,0
3652,57,0
3653,55,0
3654,58,0
3655,58,0
3656,58,0
3657,56,0
3658,59,0
3659,59,0
3660,58,0
3661,56,0
3662,56,0
3663,57,0
3664,57,0
3665,58,0
3666,58,0
3667,58,0
3668,57,0
3669,57,0
3670,57,0
3671,58,0
3672,58,0
3673,56,0
3674,59,0
3675,55,0
3676,55,0
3677,57,0
3678,58,0
3679,56,0
3680,57,0
3681,59,0
3682,59,0
3683,56,0
3684,58,0
3685,58,0
3686,59,0
3687,59,0
3688,59,0
3689,56,0
3690,58,0
3691,57,0
3692,59,0
3693,56,0
3694,56,0
3695,56,0
3696,59,0
3697,55,0
3698,57,0
3699,56,0
3700,56,0
3701,58,0
3702,55,0
3703,59,0
3704,55,0
3705,57,0
3706,56,0
3707,56,0
3708,57,0
3709,59,0
3710,55,0
3711,58,0
3712,56,0
3713,56,0
3714,59,0
3715,59,0
3716,58,0
3717,58,0
3718,56,0
3719,55,0
3720,57,0
3721,58,0
3722,56,0
3723,56,0
3724,57,0
3725,57,0
3726,57,0
3727,58,0
3728,58,0
3729,57,0
3730,55,0
3731,55,0
3732,56,0
3733,58,0
3734,56,0
3735,59,0
3736,59,0
3737,57,0
3738,58,0
3739,58,0
3740,59,0
3741,57,0
3742,59,0
3743,58,0
3744,56,0
3745,55,0
3746,57,0
3747,59,0
3748,58,0
3749,58,0
3750,57,0
3751,59,0
3752,56,0
3753,58,0
3754,56,0
3755,57,0
3756,59,0
3757,58,0
3758,57,0
3759,56,0
3760,56,0
3761,57,0
3762,59,0
3763,57,0
3764,56,0
3765,56,0
3766,56,0
3767,57,0
3768,55,0
3769,58,0
3770,56,0
3771,58,0
3772,59,0
3773,59,0
3774,56,0
3775,58,0
3776,58,0
3777,59,0
3778,59,0
3779,58,0
3780,56,0
3781,58,0
3782,57,0
3783,57,0
3784,59,0
3785,56,0
3786,56,0
3787,58,0
3788,56,0
3789,55,0
3790,59,0
3791,59,0
3792,58,0
3793,58,0
3794,57,0
3795,59,0
3796,57,0
3797,58,0
3798,58,0
3799,56,0
3800,59,0
3801,57,0
3802,56,0
3803,56,0
3804,58,0
3805,57,0
3806,55,0
3807,59,0
3808,56,0
3809,58,0
3810,58,0
3811,57,0
3812,55,0
3813,57,0
3814,55,0
3815,58,0
3816,58,0
3817,58,0
3818,59,0
3819,59,0
3820,59,0
3821,58,0
3822,58,0
3823,58,0
3824,59,0
3825,57,0
3826,58,0
3827,58,0
3828,58,0
3829,59,0
3830,55,0
3831,57,0
3832,56,0
3833,58,0
3834,57,0
3835,57,0
3836,55,0
3837,58,0
3838,56,0
3839,57,0
3840,59,0
3841,57,0
3842,57,0
3843,58,0
3844,58,0
3845,58,0
3846,59,0
3847,59,0
3848,56,0
3849,56,0
3850,56,0
3851,57,0
3852,55,0
3853,59,0
3854,56,0
3855,56,0
3856,58,0
3857,59,0
3858,57,0
3859,58,0
3860,56,0
3861,58,0
3862,57,0
3863,59,0
3864,55,0
3865,56,0
3866,58,0
3867,56,0
3868,58,0
3869,56,0
3870,57,0
3871,59,0
3872,58,0
3873,56,0
3874,58,0
3875,59,0
3876,59,0
3877,56,0
3878,58,0
3879,58,0
3880,55,0
3881,57,0
3882,55,0
3883,58,0
3884,58,0
3885,59,0
3886,59,0
3887,59,0
3888,58,0
3889,56,0
3890,59,0
3891,59,0
3892,57,0
3893,56,0
3894,58,0
3895,56,0
3896,58,0
3897,59,0
3898,57,0
3899,58,0
3900,56,0
3901,58,0
3902,55,0
3903,59,0
3904,58,0
3905,56,0
3906,58,0
3907,57,0
3908,57,0
3909,56,0
3910,58,0
3911,58,0
3912,57,0
3913,57,0
3914,56,0
3915,58,0
3916,58,0
3917,57,0
3918,57,0
3919,58,0
3920,56,0
3921,58,0
3922,57,0
3923,57,0
3924,55,0
3925,56,0
3926,58,0
3927,56,0
3928,57,0
3929,57,0
3930,58,0
3931,58,0
3932,58,0
3933,57,0
3934,59,0
3935,56,0
3936,58,0
3937,56,0
3938,57,0
3939,57,0
3940,56,0
3941,56,0
3942,56,0
3943,55,0
3944,57,0
3945,56,0
3946,58,0
3947,56,0
3948,59,0
3949,59,0
3950,57,0
3951,55,0
3952,58,0
3953,58,0
3954,56,0
3955,59,0
3956,57,0
3957,59,0
3958,58,0
3959,56,0
3960,59,0
3961,57,0
3962,59,0
3963,56,0
3964,58,0
3965,58,0
3966,55,0
3967,59,0
3968,59,0
3969,58,0
3970,58,0
3971,59,0
3972,57,0
3973,59,0
3974,58,0
3975,58,0
3976,57,0
3977,58,0
3978,59,0
3979,55,0
3980,57,0
3981,58,0
3982,58,0
3983,58,0
3984,57,0
3985,57,0
3986,59,0
3987,58,0
3988,58,0
3989,57,0
3990,57,0
3991,57,0
3992,58,0
3993,58,0
3994,58,0
3995,57,0
3996,57,0
3997,59,0
3998,58,0
3999,58,0
4000,58,0
4001,57,0
4002,57,0
4003,56,0
4004,56,0
4005,56,0
4006,58,0
4007,57,0
4008,57,0
4009,57,0
4010,58,0
4011,58,0
4012,55,0
4013,55,0
4014,59,0
4015,56,0
4016,58,0
4017,58,0
4018,57,0
4019,59,0
4020,57,0
4021,56,0
4022,58,0
4023,58,0
4024,57,0
4025,59,0
4026,58,0
4027,56,0
4028,58,0
4029,55,0
4030,57,0
4031,57,0
4032,57,0
4033,58,0
4034,56,0
4035,55,0
4036,59,0
4037,59,0
4038,56,0
4039,58,0
4040,58,0
4041,59,0
4042,59,0
4043,56,0
4044,56,0
4045,58,0
4046,57,0
4047,55,0
4048,58,0
4049,58,0
4050,58,0
4051,55,0
4052,59,0
4053,56,0
4054,56,0
4055,58,0
4056,57,0
4057,57,0
4058,56,0
4059,57,0
4060,56,0
4061,56,0
4062,59,0
4063,55,0
4064,58,0
4065,56,0
4066,58,0
4067,57,0
4068,57,0
4069,56,0
4070,58,0
4071,56,0
4072,59,0
4073,57,0
4074,56,0
4075,58,0
4076,56,0
4077,57,0
4078,59,0
4079,56,0
4080,56,0
4081,56,0
4082,59,0
4083,57,0
4084,56,0
4085,56,0
4086,58,0
4087,56,0
4088,57,0
4089,57,0
4090,56,0
4091,58,0
4092,58,0
4093,59,0
4094,59,0
4095,57,0
4096,58,0
4097,58,0
4098,59,0
4099,57,0
4100,59,0
4101,58,0
4102,58,0
4103,58,0
4104,59,0
4105,57,0
4106,56,0
4107,56,0
4108,56,0
4109,59,0
4110,59,0
4111,57,0
4112,58,0
4113,58,0
4114,58,0
4115,57,0
4116,59,0
4117,57,0
4118,58,0
4119,58,0
4120,58,0
4121,57,0
4122,59,0
4123,56,0
4124,58,0
4125,58,0
4126,55,0
4127,59,0
4128,59,0
4129,56,0
4130,58,0
4131,58,0
4132,59,0
4133,59,0
4134,56,0
4135,56,0
4136,56,0
4137,55,0
4138,55,0
4139,58,0
4140,57,0
4141,58,0
4142,58,0
4143,59,0
4144,57,0
4145,59,0
4146,58,0
4147,58,0
4148,56,0
4149,57,0
4150,59,0
4151,57,0
4152,58,0
4153,58,0
4154,57,0
4155,59,0
4156,57,0
4157,58,0
4158,58,0
4159,56,0
4160,57,0
4161,59,0
4162,57,0
4163,58,0
4164,58,0
4165,55,0
4166,57,0
4167,55,0
4168,57,0
4169,56,0
4170,58,0
4171,58,0
4172,55,0
4173,55,0
4174,59,0
4175,58,0
4176,58,0
4177,57,0
4178,57,0
4179,59,0
4180,58,0
4181,58,0
4182,56,0
4183,59,0
4184,57,0
4185,54,0
4186,58,0
4187,57,0
4188,57,0
4189,59,0
4190,58,0
4191,58,0
4192,55,0
4193,59,0
4194,59,0
4195,57,0
4196,58,0
4197,58,0
4198,58,0
4199,55,0
4200,57,0
4201,57,0
4202,56,0
4203,59,0
4204,57,0
4205,57,0
4206,55,0
4207,55,0
4208,57,0
4209,57,0
4210,56,0
4211,56,0
4212,58,0
4213,57,0
4214,58,0
4215,55,0
4216,55,0
4217,56,0
4218,58,0
4219,56,0
4220,57,0
4221,56,0
4222,56,0
4223,58,0
4224,55,0
4225,58,0
4226,58,0
4227,58,0
4228,57,0
4229,57,0
4230,58,0
4231,56,0
4232,57,0
4233,55,0
4234,56,0
4235,56,0
4236,56,0
4237,59,0
4238,59,0
4239,58,0
4240,56,0
4241,58,0
4242,56,0
4243,59,0
4244,57,0
4245,56,0
4246,56,0
4247,56,0
4248,57,0
4249,59,0
4250,56,0
4251,56,0
4252,56,0
4253,55,0
4254,55,0
4255,56,0
4256,54,0
4257,58,0
4258,55,0
4259,57,0
4260,58,0
4261,56,0
4262,58,0
4263,59,0
4264,55,0
4265,59,0
4266,54,0
4267,56,0
4268,55,0
4269,56,0
4270,57,0
4271,55,0
4272,58,0
4273,56,0
4274,57,0
4275,59,0
4276,57,0
4277,58,0
4278,56,0
4279,58,0
4280,59,0
4281,59,0
4282,58,0
4283,56,0
4284,58,0
4285,57,0
4286,57,0
4287,59,0
4288,58,0
4289,58,0
4290,56,0
4291,57,0
4292,55,0
4293,56,0
4294,56,0
4295,58,0
4296,55,0
4297,56,0
4298,59,0
4299,57,0
4300,57,0
4301,58,0
4302,58,0
4303,55,0
4304,57,0
4305,59,0
4306,58,0
4307,56,0
4308,56,0
4309,57,0
4310,57,0
4311,58,0
4312,56,0
4313,58,0
4314,57,0
4315,57,0
4316,55,0
4317,56,0
4318,56,0
4319,56,0
4320,55,0
4321,57,0
4322,56,0
4323,58,0
4324,58,0
4325,56,0
4326,57,0
4327,55,0
4328,55,0
4329,56,0
4330,56,0
4331,57,0
4332,55,0
4333,54,0
4334,58,0
4335,56,0
4336,59,0
4337,55,0
4338,58,0
4339,54,0
4340,54,0
4341,59,0
4342,59,0
4343,56,0
4344,58,0
4345,56,0
4346,55,0
4347,55,0
4348,56,0
4349,56,0
4350,56,0
4351,57,0
4352,57,0
4353,57,0
4354,55,0
4355,58,0
4356,56,0
4357,59,0
4358,55,0
4359,57,0
4360,56,0
4361,58,0
4362,57,0
4363,55,0
4364,59,0
4365,56,0
4366,58,0
4367,56,0
4368,59,0
4369,57,0
4370,56,0
4371,56,0
4372,56,0
4373,57,0
4374,57,0
4375,58,0
4376,54,0
4377,55,0
4378,55,0
4379,57,0
4380,56,0
4381,58,0
4382,56,0
4383,54,0
4384,59,0
4385,55,0
4386,58,0
4387,56,0
4388,54,0
4389,55,0
4390,59,0
4391,56,0
4392,58,0
4393,56,0
4394,55,0
4395,57,0
4396,56,0
4397,54,0
4398,56,0
4399,57,0
4400,57,0
4401,56,0
4402,56,0
4403,54,0
4404,55,0
4405,55,0
4406,56,0
4407,56,0
4408,58,0
4409,55,0
4410,56,0
4411,55,0
4412,57,0
4413,59,0
4414,58,0
4415,56,0
4416,55,0
4417,59,0
4418,59,0
4419,56,0
4420,54,0
4421,56,0
4422,55,0
4423,59,0
4424,58,0
4425,56,0
4426,58,0
4427,57,0
4428,57,0
4429,56,0
4430,56,0
4431,56,0
4432,59,0
4433,55,0
4434,55,0
4435,54,0
4436,54,0
4437,55,0
4438,56,0
4439,55,0
4440,57,0
4441,58,0
4442,58,0
4443,56,0
4444,59,0
4445,59,0
4446,55,0
4447,58,0
4448,56,0
4449,59,0
4450,55,0
4451,57,0
4452,54,0
4453,58,0
4454,56,0
4455,55,0
4456,57,0
4457,56,0
4458,58,0
4459,56,0
4460,59,0
4461,59,0
4462,55,0
4463,56,0
4464,54,0
4465,58,0
4466,56,0
4467,57,0
4468,55,0
4469,55,0
4470,58,0
4471,56,0
4472,59,0
4473,59,0
4474,57,0
4475,58,0
4476,56,0
4477,56,0
4478,57,0
4479,55,0
4480,56,0
4481,54,0
4482,54,0
4483,57,0
4484,55,0
4485,56,0
4486,56,0
4487,58,0
4488,55,0
4489,59,0
4490,58,0
4491,56,0
4492,58,0
4493,56,0
4494,56,0
4495,55,0
4496,57,0
4497,58,0
4498,56,0
4499,58,0
4500,55,0
4501,57,0
4502,56,0
4503,58,0
4504,56,0
4505,55,0
4506,57,0
4507,58,0
4508,56,0
4509,57,0
4510,57,0
4511,56,0
4512,58,0
4513,58,0
4514,56,0
4515,55,0
4516,55,0
4517,54,0
4518,56,0
4519,56,0
4520,57,0
4521,59,0
4522,55,0
4523,59,0
4524,56,0
4525,58,0
4526,56,0
4527,59,0
4528,59,0
4529,56,0
4530,56,0
4531,59,0
4532,55,0
4533,56,0
4534,56,0
4535,56,0
4536,55,0
4537,59,0
4538,56,0
4539,56,0
4540,59,0
4541,55,0
4542,56,0
4543,56,0
4544,56,0
4545,57,0
4546,55,0
4547,56,0
4548,56,0
4549,56,0
4550,56,0
4551,57,0
4552,57,0
4553,54,0
4554,56,0
4555,58,0
4556,57,0
4557,55,0
4558,56,0
4559,58,0
4560,56,0
4561,57,0
4562,57,0
4563,56,0
4564,56,0
4565,56,0
4566,55,0
4567,57,0
4568,54,0
4569,56,0
4570,54,0
4571,59,0
4572,59,0
4573,58,0
4574,56,0
4575,56,0
4576,55,0
4577,59,0
4578,55,0
4579,56,0
4580,56,0
4581,56,0
4582,57,0
4583,55,0
4584,56,0
4585,56,0
4586,56,0
4587,55,0
4588,57,0
4589,56,0
4590,56,0
4591,54,0
4592,57,0
4593,57,0
4594,58,0
4595,56,0
4596,56,0
4597,56,0
4598,57,0
4599,59,0
4600,56,0
4601,56,0
4602,57,0
4603,57,0
4604,57,0
4605,57,0
4606,55,0
4607,56,0
4608,54,0
4609,56,0
4610,57,0
4611,55,0
4612,58,0
4613,58,0
4614,56,0
4615,59,0
4616,57,0
4617,59,0
4618,56,0
4619,58,0
4620,55,0
4621,57,0
4622,55,0
4623,56,0
4624,58,0
4625,56,0
4626,57,0
4627,57,0
4628,54,0
4629,56,0
4630,56,0
4631,55,0
4632,56,0
4633,57,0
4634,55,0
4635,56,0
4636,58,0
4637,56,0
4638,55,0
4639,57,0
4640,56,0
4641,56,0
4642,56,0
4643,55,0
4644,59,0
4645,56,0
4646,58,0
4647,56,0
4648,59,0
4649,55,0
4650,59,0
4651,56,0
4652,58,0
4653,57,0
4654,57,0
4655,55,0
4656,58,0
4657,58,0
4658,59,0
4659,56,0
4660,57,0
4661,59,0
4662,56,0
4663,56,0
4664,56,0
4665,59,0
4666,57,0
4667,57,0
4668,56,0
4669,56,0
4670,57,0
4671,57,0
4672,55,0
4673,56,0
4674,56,0
4675,57,0
4676,57,0
4677,57,0
4678,58,0
4679,56,0
4680,59,0
4681,57,0
4682,59,0
4683,54,0
4684,56,0
4685,59,0
4686,59,0
4687,57,0
4688,59,0
4689,56,0
4690,56,0
4691,57,0
4692,55,0
4693,55,0
4694,54,0
4695,56,0
4696,55,0
4697,57,0
4698,56,0
4699,56,0
4700,56,0
4701,55,0
4702,57,0
4703,59,0
4704,56,0
4705,56,0
4706,55,0
4707,55,0
4708,56,0
4709,56,0
4710,56,0
4711,57,0
4712,55,0
4713,56,0
4714,59,0
4715,56,0
4716,56,0
4717,59,0
4718,57,0
4719,55,0
4720,58,0
4721,58,0
4722,58,0
4723,57,0
4724,57,0
4725,56,0
4726,58,0
4727,56,0
4728,59,0
4729,59,0
4730,58,0
4731,56,0
4732,56,0
4733,55,0
4734,59,0
4735,56,0
4736,56,0
4737,56,0
4738,59,0
4739,55,0
4740,56,0
4741,58,0
4742,58,0
4743,56,0
4744,56,0
4745,59,0
4746,57,0
4747,58,0
4748,56,0
4749,56,0
4750,59,0
4751,57,0
4752,58,0
4753,56,0
4754,56,0
4755,55,0
4756,55,0
4757,57,0
4758,58,0
4759,56,0
4760,57,0
4761,55,0
4762,55,0
4763,58,0
4764,58,0
4765,58,0
4766,55,0
4767,57,0
4768,57,0
4769,56,0
4770,57,0
4771,56,0
4772,56,0
4773,58,0
4774,59,0
4775,55,0
4776,58,0
4777,56,0
4778,58,0
4779,57,0
4780,59,0
4781,55,0
4782,58,0
4783,56,0
4784,56,0
4785,57,0
4786,57,0
4787,56,0
4788,56,0
4789,56,0
4790,55,0
4791,57,0
4792,56,0
4793,56,0
4794,58,0
4795,57,0
4796,57,0
4797,55,0
4798,55,0
4799,56,0
4800,56,0
4801,58,0
4802,57,0
4803,55,0
4804,59,0
4805,54,0
4806,58,0
4807,58,0
4808,59,0
4809,55,0
4810,54,0
4811,58,0
4812,56,0
4813,57,0
4814,59,0
4815,55,0
4816,54,0
4817,54,0
4818,56,0
4819,55,0
4820,55,0
4821,56,0
4822,56,0
4823,56,0
4824,57,0
4825,57,0
4826,55,0
4827,57,0
4828,56,0
4829,56,0
4830,59,0
4831,59,0
4832,56,0
4833,56,0
4834,56,0
4835,57,0
4836,57,0
4837,56,0
4838,56,0
4839,58,0
4840,55,0
4841,59,0
4842,54,0
4843,54,0
4844,56,0
4845,59,0
4846,55,0
4847,56,0
4848,56,0
4849,56,0
4850,57,0
4851,57,0
4852,55,0
4853,56,0
4854,56,0
4855,58,0
4856,55,0
4857,57,0
4858,57,0
4859,54,0
4860,56,0
4861,55,0
4862,59,0
4863,56,0
4864,56,0
4865,56,0
4866,57,0
4867,57,0
4868,57,0
4869,56,0
4870,56,0
4871,55,0
4872,57,0
4873,56,0
4874,58,0
4875,54,0
4876,57,0
4877,55,0
4878,58,0
4879,55,0
4880,56,0
4881,56,0
4882,56,0
4883,57,0
4884,57,0
4885,54,0
4886,56,0
4887,57,0
4888,57,0
4889,59,0
4890,56,0
4891,58,0
4892,56,0
4893,57,0
4894,57,0
4895,56,0
4896,56,0
4897,54,0
4898,57,0
4899,55,0
4900,56,0
4901,58,0
4902,56,0
4903,59,0
4904,55,0
4905,59,0
4906,55,0
4907,58,0
4908,58,0
4909,56,0
4910,59,0
4911,55,0
4912,56,0
4913,54,0
4914,56,0
4915,55,0
4916,57,0
4917,56,0
4918,58,0
4919,56,0
4920,55,0
4921,59,0
4922,58,0
4923,56,0
4924,56,0
4925,55,0
4926,59,0
4927,56,0
4928,56,0
4929,58,0
4930,59,0
4931,55,0
4932,57,0
4933,56,0
4934,58,0
4935,56,0
4936,58,0
4937,58,0
4938,57,0
4939,57,0
4940,56,0
4941,58,0
4942,58,0
4943,57,0
4944,57,0
4945,57,0
4946,56,0
4947,56,0
4948,56,0
4949,55,0
4950,59,0
4951,57,0
4952,59,0
4953,56,0
4954,56,0
4955,59,0
4956,59,0
4957,56,0
4958,58,0
4959,58,0
4960,55,0
4961,57,0
4962,56,0
4963,58,0
4964,54,0
4965,58,0
4966,58,0
4967,55,0
4968,59,0
4969,56,0
4970,56,0
4971,58,0
4972,55,0
4973,59,0
4974,58,0
4975,56,0
4976,56,0
4977,55,0
4978,59,0
4979,56,0
4980,56,0
4981,54,0
4982,57,0
4983,59,0
4984,58,0
4985,54,0
4986,56,0
4987,57,0
4988,57,0
4989,56,0
4990,56,0
4991,56,0
4992,58,0
4993,56,0
4994,57,0
4995,55,0
4996,56,0
4997,56,0
4998,58,0
4999,57,0
5000,59,0
5001,56,0
5002,56,0
5003,56,0
5004,57,0
5005,59,0
5006,56,0
5007,56,0
5008,58,0
5009,57,0
5010,57,0
5011,54,0
5012,56,0
5013,58,0
5014,59,0
5015,57,0
5016,56,0
5017,56,0
5018,54,0
5019,59,0
5020,56,0
5021,55,0
5022,54,0
5023,56,0
5024,56,0
5025,56,0
5026,56,0
5027,58,0
5028,56,0
5029,57,0
5030,57,0
5031,56,0
5032,54,0
5033,55,0
5034,57,0
5035,56,0
5036,56,0
5037,56,0
5038,59,0
5039,56,0
5040,56,0
5041,54,0
5042,55,0
5043,57,0
5044,58,0
5045,58,0
5046,55,0
5047,57,0
5048,58,0
5049,59,0
5050,56,0
5051,58,0
5052,57,0
5053,59,0
5054,56,0
5055,58,0
5056,55,0
5057,59,0
5058,59,0
5059,56,0
5060,56,0
5061,57,0
5062,56,0
5063,56,0
5064,56,0
5065,59,0
5066,59,0
5067,56,0
5068,56,0
5069,56,0
5070,55,0
5071,57,0
5072,56,0
5073,58,0
5074,55,0
5075,57,0
5076,59,0
5077,56,0
5078,58,0
5079,56,0
5080,55,0
5081,59,0
5082,56,0
5083,56,0
5084,57,0
5085,57,0
5086,57,0
5087,56,0
5088,54,0
5089,57,0
5090,57,0
5091,58,0
5092,56,0
5093,56,0
5094,59,0
5095,55,0
5096,56,0
5097,56,0
5098,56,0
5099,59,0
5100,59,0
5101,56,0
5102,58,0
5103,59,0
5104,59,0
5105,58,0
5106,58,0
5107,58,0
5108,56,0
5109,57,0
5110,57,0
5111,58,0
5112,56,0
5113,55,0
5114,59,0
5115,58,0
5116,54,0
5117,58,0
5118,55,0
5119,59,0
5120,56,0
5121,58,0
5122,55,0
5123,57,0
5124,56,0
5125,58,0
5126,59,0
5127,55,0
5128,56,0
5129,58,0
5130,55,0
5131,57,0
5132,56,0
5133,56,0
5134,56,0
5135,55,0
5136,59,0
5137,59,0
5138,56,0
5139,56,0
5140,55,0
5141,55,0
5142,58,0
5143,56,0
5144,55,0
5145,59,0
5146,56,0
5147,54,0
5148,57,0
5149,57,0
5150,56,0
5151,56,0
5152,57,0
5153,55,0
5154,56,0
5155,58,0
5156,56,0
5157,55,0
5158,58,0
5159,54,0
5160,58,0
5161,59,0
5162,57,0
5163,58,0
5164,56,0
5165,57,0
5166,59,0
5167,56,0
5168,58,0
5169,56,0
5170,59,0
5171,58,0
5172,56,0
5173,56,0
5174,59,0
5175,59,0
5176,56,0
5177,58,0
5178,57,0
5179,55,0
5180,58,0
5181,56,0
5182,57,0
5183,57,0
5184,58,0
5185,54,0
5186,59,0
5187,59,0
5188,56,0
5189,56,0
5190,59,0
5191,57,0
5192,58,0
5193,56,0
5194,58,0
5195,54,0
5196,55,0
5197,57,0
5198,58,0
5199,56,0
5200,57,0
5201,59,0
5202,58,0
5203,56,0
5204,55,0
5205,59,0
5206,58,0
5207,56,0
5208,57,0
5209,55,0
5210,54,0
5211,58,0
5212,55,0
5213,57,0
5214,56,0
5215,58,0
5216,56,0
5217,55,0
5218,57,0
5219,56,0
5220,58,0
5221,59,0
5222,59,0
5223,56,0
5224,57,0
5225,56,0
5226,58,0
5227,59,0
5228,57,0
5229,56,0
5230,56,0
5231,56,0
5232,57,0
5233,57,0
5234,56,0
5235,56,0
5236,56,0
5237,57,0
5238,59,0
5239,56,0
5240,58,0
5241,57,0
5242,59,0
5243,55,0
5244,56,0
5245,58,0
5246,59,0
5247,55,0
5248,56,0
5249,56,0
5250,58,0
5251,57,0
5252,55,0
5253,59,0
5254,58,0
5255,54,0
5256,55,0
5257,57,0
5258,56,0
5259,58,0
5260,58,0
5261,59,0
5262,57,0
5263,56,0
5264,58,0
5265,57,0
5266,57,0
5267,58,0
5268,58,0
5269,56,0
5270,59,0
5271,57,0
5272,56,0
5273,56,0
5274,59,0
5275,55,0
5276,56,0
5277,58,0
5278,55,0
5279,59,0
5280,55,0
5281,58,0
5282,58,0
5283,56,0
5284,57,0
5285,59,0
5286,56,0
5287,56,0
5288,58,0
5289,55,0
5290,55,0
5291,56,0
5292,56,0
5293,55,0
5294,57,0
5295,58,0
5296,58,0
5297,57,0
5298,57,0
5299,54,0
5300,58,0
5301,57,0
5302,57,0
5303,54,0
5304,56,0
5305,58,0
5306,55,0
5307,55,0
5308,56,0
5309,56,0
5310,59,0
5311,56,0
5312,57,0
5313,56,0
5314,58,0
5315,57,0
5316,57,0
5317,58,0
5318,58,0
5319,55,0
5320,55,0
5321,54,0
5322,56,0
5323,59,0
5324,57,0
5325,58,0
5326,58,0
5327,57,0
5328,57,0
5329,55,0
5330,56,0
5331,56,0
5332,59,0
5333,57,0
5334,57,0
5335,54,0
5336,58,0
5337,57,0
5338,57,0
5339,56,0
5340,56,0
5341,56,0
5342,57,0
5343,56,0
5344,57,0
5345,59,0
5346,56,0
5347,56,0
5348,56,0
5349,59,0
5350,59,0
5351,56,0
5352,56,0
5353,54,0
5354,59,0
5355,57,0
5356,56,0
5357,56,0
5358,56,0
5359,55,0
5360,55,0
5361,54,0
5362,58,0
5363,56,0
5364,63,0
5365,55,0
5366,59,0
5367,58,0
5368,56,0
5369,59,0
5370,57,0
5371,57,0
5372,56,0
5373,56,0
5374,58,0
5375,58,0
5376,55,0
5377,55,0
5378,59,0
5379,58,0
5380,56,0
5381,57,0
5382,57,0
5383,58,0
5384,58,0
5385,56,0
5386,55,0
5387,56,0
5388,56,0
5389,56,0
5390,59,0
5391,57,0
5392,58,0
5393,56,0
5394,56,0
5395,55,0
5396,55,0
5397,55,0
5398,56,0
5399,56,0
5400,59,0
5401,55,0
5402,57,0
5403,59,0
5404,56,0
5405,56,0
5406,56,0
5407,55,0
5408,55,0
5409,58,0
5410,58,0
5411,56,0
5412,57,0
5413,55,0
5414,56,0
5415,56,0
5416,55,0
5417,55,0
5418,56,0
5419,58,0
5420,56,0
5421,58,0
5422,57,0
5423,57,0
5424,56,0
5425,56,0
5426,55,0
5427,59,0
5428,57,0
5429,56,0
5430,58,0
5431,59,0
5432,58,0
5433,58,0
5434,55,0
5435,59,0
5436,56,0
5437,56,0
5438,56,0
5439,55,0
5440,57,0
5441,58,0
5442,54,0
5443,57,0
5444,59,0
5445,55,0
5446,56,0
5447,56,0
5448,55,0
5449,59,0
5450,54,0
5451,56,0
5452,56,0
5453,59,0
5454,57,0
5455,54,0
5456,56,0
5457,57,0
5458,55,0
5459,57,0
5460,57,0
5461,56,0
5462,56,0
5463,56,0
5464,58,0
5465,59,0
5466,55,0
5467,56,0
5468,56,0
5469,56,0
5470,57,0
5471,57,0
5472,56,0
5473,56,0
5474,55,0
5475,55,0
5476,58,0
5477,54,0
5478,58,0
5479,57,0
5480,59,0
5481,56,0
5482,54,0
5483,56,0
5484,55,0
5485,57,0
5486,58,0
5487,56,0
5488,59,0
5489,57,0
5490,56,0
5491,56,0
5492,56,0
5493,56,0
5494,57,0
5495,55,0
5496,56,0
5497,56,0
5498,56,0
5499,55,0
5500,57,0
5501,56,0
5502,56,0
5503,57,0
5504,57,0
5505,57,0
5506,56,0
5507,56,0
5508,59,0
5509,59,0
5510,54,0
5511,54,0
5512,56,0
5513,57,0
5514,55,0
5515,56,0
5516,56,0
5517,55,0
5518,55,0
5519,56,0
5520,56,0
5521,58,0
5522,55,0
5523,57,0
5524,59,0
5525,56,0
5526,56,0
5527,58,0
5528,55,0
5529,57,0
5530,58,0
5531,56,0
5532,57,0
5533,55,0
5534,56,0
5535,57,0
5536,59,0
5537,55,0
5538,56,0
5539,56,0
5540,57,0
5541,57,0
5542,56,0
5543,54,0
5544,55,0
5545,57,0
5546,56,0
5547,56,0
5548,57,0
5549,55,0
5550,56,0
5551,58,0
5552,56,0
5553,56,0
5554,57,0
5555,57,0
5556,56,0
5557,58,0
5558,57,0
5559,59,0
5560,56,0
5561,56,0
5562,56,0
5563,57,0
5564,56,0
5565,56,0
5566,56,0
5567,59,0
5568,57,0
5569,58,0
5570,56,0
5571,58,0
5572,59,0
5573,55,0
5574,56,0
5575,58,0
5576,57,0
5577,59,0
5578,54,0
5579,54,0
5580,55,0
5581,57,0
5582,56,0
5583,56,0
5584,54,0
5585,55,0
5586,55,0
5587,54,0
5588,56,0
5589,56,0
5590,59,0
5591,57,0
5592,54,0
5593,56,0
5594,57,0
5595,57,0
5596,56,0
5597,58,0
5598,55,0
5599,58,0
5600,55,0
5601,59,0
5602,58,0
5603,58,0
5604,55,0
5605,57,0
5606,54,0
5607,58,0
5608,59,0
5609,55,0
5610,58,0
5611,58,0
5612,56,0
5613,55,0
5614,58,0
5615,58,0
5616,58,0
5617,59,0
5618,59,0
5619,56,0
5620,56,0
5621,55,0
5622,55,0
5623,56,0
5624,56,0
5625,59,0
5626,59,0
5627,56,0
5628,56,0
5629,56,0
5630,51,0
5631,57,0
5632,58,0
5633,56,0
5634,55,0
5635,57,0
5636,56,0
5637,56,0
5638,56,0
5639,57,0
5640,57,0
5641,56,0
5642,56,0
5643,56,0
5644,57,0
5645,61,0
5646,54,0
5647,58,0
5648,55,0
5649,55,0
5650,56,0
5651,58,0
5652,55,0
5653,57,0
5654,56,0
5655,56,0
5656,57,0
5657,57,0
5658,56,0
5659,54,0
5660,56,0
5661,59,0
5662,55,0
5663,56,0
5664,56,0
5665,57,0
5666,55,0
5667,55,0
5668,55,0
5669,56,0
5670,54,0
5671,59,0
5672,59,0
5673,54,0
5674,54,0
5675,56,0
5676,55,0
5677,56,0
5678,56,0
5679,58,0
5680,57,0
5681,55,0
5682,54,0
5683,56,0
5684,57,0
5685,57,0
5686,56,0
5687,52,0
5688,55,0
5689,56,0
5690,56,0
5691,58,0
5692,59,0
5693,55,0
5694,56,0
5695,56,0
5696,58,0
5697,57,0
5698,57,0
5699,56,0
5700,58,0
5701,57,0
5702,59,0
5703,56,0
5704,56,0
5705,57,0
5706,57,0
5707,56,0
5708,56,0
5709,57,0
5710,57,0
5711,56,0
5712,58,0
5713,56,0
5714,57,0
5715,57,0
5716,55,0
5717,58,0
5718,56,0
5719,57,0
5720,59,0
5721,55,0
5722,56,0
5723,54,0
5724,57,0
5725,57,0
5726,56,0
5727,56,0
5728,55,0
5729,59,0
5730,56,0
5731,58,0
5732,56,0
5733,57,0
5734,57,0
5735,56,0
5736,54,0
5737,57,0
5738,55,0
5739,56,0
5740,56,0
5741,56,0
5742,59,0
5743,57,0
5744,58,0
5745,57,0
5746,58,0
5747,58,0
5748,55,0
5749,57,0
5750,59,0
5751,56,0
5752,56,0
5753,57,0
5754,59,0
5755,56,0
5756,58,0
5757,57,0
5758,57,0
5759,58,0
5760,54,0
5761,60,0
5762,56,0
5763,55,0
5764,59,0
5765,56,0
5766,56,0
5767,57,0
5768,55,0
5769,56,0
5770,56,0
5771,58,0
5772,59,0
5773,56,0
5774,56,0
5775,56,0
5776,55,0
5777,57,0
5778,56,0
5779,58,0
5780,57,0
5781,59,0
5782,56,0
5783,54,0
5784,56,0
5785,57,0
5786,55,0
5787,56,0
5788,54,0
5789,56,0
5790,59,0
5791,57,0
5792,58,0
5793,54,0
5794,59,0
5795,55,0
5796,58,0
5797,54,0
5798,56,0
5799,57,0
5800,56,0
5801,56,0
5802,56,0
5803,57,0
5804,55,0
5805,56,0
5806,56,0
5807,57,0
5808,59,0
5809,58,0
5810,56,0
5811,55,0
5812,57,0
5813,54,0
5814,54,0
5815,55,0
5816,55,0
5817,56,0
5818,56,0
5819,54,0
5820,55,0
5821,57,0
5822,58,0
5823,56,0
5824,55,0
5825,57,0
5826,54,0
5827,56,0
5828,55,0
5829,55,0
5830,58,0
5831,56,0
5832,57,0
5833,59,0
5834,56,0
5835,56,0
5836,56,0
5837,59,0
5838,56,0
5839,56,0
5840,56,0
5841,57,0
5842,55,0
5843,59,0
5844,56,0
5845,54,0
5846,56,0
5847,59,0
5848,57,0
5849,57,0
5850,58,0
5851,56,0
5852,56,0
5853,56,0
5854,57,0
5855,55,0
5856,57,0
5857,56,0
5858,56,0
5859,56,0
5860,57,0
5861,57,0
5862,58,0
5863,54,0
5864,56,0
5865,58,0
5866,56,0
5867,58,0
5868,57,0
5869,55,0
5870,59,0
5871,56,0
5872,56,0
5873,56,0
5874,59,0
5875,55,0
5876,57,0
5877,58,0
5878,56,0
5879,56,0
5880,58,0
5881,59,0
5882,59,0
5883,59,0
5884,59,0
5885,56,0
5886,56,0
5887,56,0
5888,55,0
5889,59,0
5890,57,0
5891,59,0
5892,58,0
5893,58,0
5894,56,0
5895,58,0
5896,56,0
5897,54,0
5898,57,0
5899,55,0
5900,55,0
5901,58,0
5902,56,0
5903,56,0
5904,56,0
5905,59,0
5906,55,0
5907,56,0
5908,56,0
5909,56,0
5910,58,0
5911,55,0
5912,57,0
5913,57,0
5914,56,0
5915,56,0
5916,56,0
5917,57,0
5918,55,0
5919,55,0
5920,58,0
5921,56,0
5922,56,0
5923,56,0
5924,56,0
5925,55,0
5926,57,0
5927,56,0
5928,56,0
5929,56,0
5930,56,0
5931,59,0
5932,55,0
5933,55,0
5934,58,0
5935,56,0
5936,54,0
5937,56,0
5938,55,0
5939,57,0
5940,56,0
5941,58,0
5942,58,0
5943,57,0
5944,57,0
5945,59,0
5946,58,0
5947,56,0
5948,56,0
5949,59,0
5950,58,0
5951,55,0
5952,59,0
5953,56,0
5954,58,0
5955,54,0
5956,57,0
5957,55,0
5958,56,0
5959,58,0
5960,56,0
5961,58,0
5962,59,0
5963,55,0
5964,57,0
5965,55,0
5966,58,0
5967,56,0
5968,56,0
5969,55,0
5970,59,0
5971,59,0
5972,56,0
5973,56,0
5974,55,0
5975,55,0
5976,55,0
5977,54,0
5978,57,0
5979,56,0
5980,56,0
5981,56,0
5982,57,0
5983,59,0
5984,78,0
5985,63,0
5986,62,0
5987,63,0
5988,65,0
5989,64,0
5990,65,0
5991,64,0
5992,65,0
5993,64,0
5994,63,0
5995,64,0
5996,63,0
5997,66,0
5998,62,0
5999,65,0
6000,64,0
6001,65,0
6002,64,0
6003,63,0
6004,57,0
6005,59,0
6006,57,0
6007,61,0
6008,59,0
6009,57,0
6010,59,0
6011,59,0
6012,57,0
6013,61,0
6014,57,0
6015,61,0
6016,59,0
6017,61,0
6018,57,0
6019,57,0
6020,61,0
6021,57,0
6022,59,0
6023,59,0
6024,61,0
6025,61,0
6026,59,0
6027,59,0
6028,58,0
6029,59,0
6030,63,0
6031,61,0
6032,60,0
6033,58,0
6034,60,0
6035,61,0
6036,61,0
6037,61,0
6038,57,0
6039,59,0
6040,58,0
6041,58,0
6042,61,0
6043,57,0
6044,59,0
6045,61,0
6046,57,0
6047,60,0
6048,55,0
6049,56,0
6050,56,0
6051,56,0
6052,58,0
6053,57,0
6054,57,0
6055,55,0
6056,56,0
6057,54,0
6058,58,0
6059,57,0
6060,55,0
6061,56,0
6062,58,0
6063,56,0
6064,59,0
6065,55,0
6066,57,0
6067,56,0
6068,56,0
6069,59,0
6070,57,0
6071,56,0
6072,56,0
6073,57,0
6074,57,0
6075,54,0
6076,56,0
6077,58,0
6078,57,0
6079,59,0
6080,55,0
6081,56,0
6082,56,0
6083,55,0
6084,57,0
6085,54,0
6086,56,0
6087,56,0
6088,59,0
6089,57,0
6090,56,0
6091,58,0
6092,57,0
6093,55,0
6094,55,0
6095,58,0
6096,54,0
6097,57,0
6098,57,0
6099,57,0
6100,56,0
6101,56,0
6102,55,0
6103,57,0
6104,56,0
6105,55,0
6106,58,0
6107,54,0
6108,55,0
6109,57,0
6110,56,0
6111,58,0
6112,56,0
6113,55,0
6114,57,0
6115,58,0
6116,56,0
6117,56,0
6118,57,0
6119,55,0
6120,56,0
6121,56,0
6122,56,0
6123,55,0
6124,59,0
6125,56,0
6126,56,0
6127,56,0
6128,55,0
6129,57,0
6130,57,0
6131,56,0
6132,56,0
6133,56,0
6134,58,0
6135,59,0
6136,59,0
6137,57,0
6138,56,0
6139,56,0
6140,55,0
6141,55,0
6142,57,0
6143,58,0
6144,58,0
6145,57,0
6146,55,0
6147,56,0
6148,58,0
6149,56,0
6150,57,0
6151,57,0
6152,56,0
6153,56,0
6154,58,0
6155,57,0
6156,57,0
6157,57,0
6158,56,0
6159,58,0
6160,58,0
6161,57,0
6162,55,0
6163,58,0
6164,56,0
6165,58,0
6166,56,0
6167,55,0
6168,55,0
6169,57,0
6170,58,0
6171,58,0
6172,58,0
6173,57,0
6174,57,0
6175,56,0
6176,56,0
6177,56,0
6178,59,0
6179,55,0
6180,57,0
6181,56,0
6182,58,0
6183,56,0
6184,55,0
6185,57,0
6186,56,0
6187,56,0
6188,58,0
6189,55,0
6190,57,0
6191,56,0
6192,58,0
6193,56,0
6194,54,0
6195,58,0
6196,57,0
6197,55,0
6198,58,0
6199,56,0
6200,55,0
6201,55,0
6202,55,0
6203,54,0
6204,56,0
6205,57,0
6206,55,0
6207,57,0
6208,56,0
6209,56,0
6210,55,0
6211,57,0
6212,56,0
6213,56,0
6214,56,0
6215,59,0
6216,57,0
6217,55,0
6218,56,0
6219,56,0
6220,57,0
6221,56,0
6222,57,0
6223,57,0
6224,56,0
6225,56,0
6226,56,0
6227,59,0
6228,55,0
6229,56,0
6230,56,0
6231,59,0
6232,55,0
6233,54,0
6234,56,0
6235,57,0
6236,57,0
6237,55,0
6238,56,0
6239,56,0
6240,57,0
6241,55,0
6242,54,0
6243,58,0
6244,56,0
6245,55,0
6246,57,0
6247,59,0
6248,56,0
6249,56,0
6250,56,0
6251,57,0
6252,57,0
6253,56,0
6254,56,0
6255,58,0
6256,57,0
6257,55,0
6258,56,0
6259,56,0
6260,56,0
6261,55,0
6262,55,0
6263,58,0
6264,58,0
6265,54,0
6266,55,0
6267,57,0
6268,56,0
6269,56,0
6270,56,0
6271,57,0
6272,55,0
6273,58,0
6274,56,0
6275,56,0
6276,55,0
6277,56,0
6278,56,0
6279,56,0
6280,58,0
6281,55,0
6282,55,0
6283,58,0
6284,58,0
6285,56,0
6286,55,0
6287,57,0
6288,59,0
6289,58,0
6290,56,0
6291,57,0
6292,57,0
6293,56,0
6294,56,0
6295,56,0
6296,59,0
6297,59,0
6298,56,0
6299,56,0
6300,56,0
6301,54,0
6302,57,0
6303,57,0
6304,54,0
6305,56,0
6306,56,0
6307,59,0
6308,55,0
6309,58,0
6310,56,0
6311,58,0
6312,55,0
6313,57,0
6314,56,0
6315,58,0
6316,55,0
6317,55,0
6318,59,0
6319,56,0
6320,58,0
6321,56,0
6322,57,0
6323,57,0
6324,58,0
6325,56,0
6326,56,0
6327,55,0
6328,57,0
6329,56,0
6330,58,0
6331,58,0
6332,56,0
6333,57,0
6334,55,0
6335,59,0
6336,56,0
6337,56,0
6338,57,0
6339,57,0
6340,56,0
6341,56,0
6342,56,0
6343,57,0
6344,55,0
6345,55,0
6346,56,0
6347,56,0
6348,57,0
6349,55,0
6350,55,0
6351,58,0
6352,56,0
6353,56,0
6354,55,0
6355,55,0
6356,54,0
6357,58,0
6358,56,0
6359,56,0
6360,55,0
6361,55,0
6362,55,0
6363,58,0
6364,58,0
6365,59,0
6366,57,0
6367,57,0
6368,56,0
6369,56,0
6370,55,0
6371,59,0
6372,56,0
6373,56,0
6374,56,0
6375,57,0
6376,56,0
6377,58,0
6378,56,0
6379,59,0
6380,57,0
6381,58,0
6382,54,0
6383,56,0
6384,55,0
6385,59,0
6386,56,0
6387,58,0
6388,58,0
6389,58,0
6390,58,0
6391,57,0
6392,57,0
6393,56,0
6394,56,0
6395,55,0
6396,57,0
6397,56,0
6398,58,0
6399,57,0
6400,59,0
6401,56,0
6402,54,0
6403,56,0
6404,57,0
6405,57,0
6406,56,0
6407,58,0
6408,56,0
6409,55,0
6410,59,0
6411,54,0
6412,58,0
6413,56,0
6414,59,0
6415,59,0
6416,56,0
6417,58,0
6418,58,0
6419,56,0
6420,57,0
6421,59,0
6422,58,0
6423,56,0
6424,56,0
6425,57,0
6426,55,0
6427,56,0
6428,56,0
6429,56,0
6430,59,0
6431,58,0
6432,58,0
6433,56,0
6434,57,0
6435,57,0
6436,55,0
6437,56,0
6438,58,0
6439,55,0
6440,59,0
6441,58,0
6442,56,0
6443,54,0
6444,59,0
6445,55,0
6446,57,0
6447,59,0
6448,56,0
6449,56,0
6450,56,0
6451,57,0
6452,59,0
6453,56,0
6454,58,0
6455,57,0
6456,57,0
6457,57,0
6458,56,0
6459,56,0
6460,55,0
6461,55,0
6462,57,0
6463,56,0
6464,56,0
6465,56,0
6466,59,0
6467,55,0
6468,56,0
6469,56,0
6470,58,0
6471,59,0
6472,55,0
6473,57,0
6474,56,0
6475,56,0
6476,56,0
6477,59,0
6478,55,0
6479,55,0
6480,56,0
6481,58,0
6482,56,0
6483,59,0
6484,57,0
6485,56,0
6486,56,0
6487,56,0
6488,55,0
6489,55,0
6490,56,0
6491,56,0
6492,56,0
6493,57,0
6494,56,0
6495,54,0
6496,54,0
6497,57,0
6498,57,0
6499,56,0
6500,56,0
6501,58,0
6502,57,0
6503,55,0
6504,59,0
6505,56,0
6506,56,0
6507,58,0
6508,55,0
6509,57,0
6510,58,0
6511,54,0
6512,56,0
6513,59,0
6514,55,0
6515,56,0
6516,56,0
6517,56,0
6518,57,0
6519,59,0
6520,54,0
6521,56,0
6522,57,0
6523,57,0
6524,57,0
6525,54,0
6526,54,0
6527,55,0
6528,55,0
6529,56,0
6530,54,0
6531,54,0
6532,59,0
6533,59,0
6534,57,0
6535,54,0
6536,56,0
6537,56,0
6538,59,0
6539,57,0
6540,56,0
6541,56,0
6542,55,0
6543,55,0
6544,56,0
6545,58,0
6546,57,0
6547,59,0
6548,56,0
6549,56,0
6550,58,0
6551,57,0
6552,57,0
6553,54,0
6554,56,0
6555,58,0
6556,59,0
6557,55,0
6558,56,0
6559,58,0
6560,56,0
6561,56,0
6562,56,0
6563,59,0
6564,57,0
6565,56,0
6566,58,0
6567,57,0
6568,55,0
6569,59,0
6570,56,0
6571,56,0
6572,56,0
6573,55,0
6574,56,0
6575,58,0
6576,56,0
6577,59,0
6578,57,0
6579,56,0
6580,56,0
6581,56,0
6582,55,0
6583,59,0
6584,56,0
6585,56,0
6586,57,0
6587,59,0
6588,57,0
6589,55,0
6590,56,0
6591,54,0
6592,56,0
6593,57,0
6594,55,0
6595,56,0
6596,58,0
6597,54,0
6598,57,0
6599,55,0
6600,56,0
6601,56,0
6602,57,0
6603,57,0
6604,58,0
6605,58,0
6606,58,0
6607,55,0
6608,55,0
6609,56,0
6610,54,0
6611,58,0
6612,59,0
6613,57,0
6614,57,0
6615,54,0
6616,58,0
6617,56,0
6618,54,0
6619,55,0
6620,55,0
6621,57,0
6622,58,0
6623,54,0
6624,57,0
6625,59,0
6626,58,0
6627,58,0
6628,58,0
6629,55,0
6630,55,0
6631,56,0
6632,58,0
6633,54,0
6634,57,0
6635,57,0
6636,55,0
6637,56,0
6638,56,0
6639,58,0
6640,57,0
6641,55,0
6642,58,0
6643,58,0
6644,56,0
6645,55,0
6646,56,0
6647,55,0
6648,58,0
6649,56,0
6650,58,0
6651,58,0
6652,57,0
6653,56,0
6654,56,0
6655,56,0
6656,55,0
6657,57,0
6658,59,0
6659,58,0
6660,56,0
6661,71,0
6662,56,0
6663,58,0
6664,55,0
6665,59,0
6666,56,0
6667,58,0
6668,56,0
6669,56,0
6670,56,0
6671,56,0
6672,55,0
6673,57,0
6674,56,0
6675,58,0
6676,56,0
6677,57,0
6678,55,0
6679,56,0
6680,56,0
6681,58,0
6682,56,0
6683,57,0
6684,59,0
6685,58,0
6686,56,0
6687,55,0
6688,57,0
6689,57,0
6690,58,0
6691,54,0
6692,56,0
6693,55,0
6694,56,0
6695,57,0
6696,57,0
6697,56,0
6698,56,0
6699,58,0
6700,57,0
6701,57,0
6702,56,0
6703,56,0
6704,56,0
6705,59,0
6706,57,0
6707,57,0
6708,56,0
6709,56,0
6710,56,0
6711,59,0
6712,57,0
6713,56,0
6714,58,0
6715,58,0
6716,57,0
6717,59,0
6718,56,0
6719,58,0
6720,56,0
6721,57,0
6722,57,0
6723,59,0
6724,55,0
6725,56,0
6726,58,0
6727,58,0
6728,57,0
6729,57,0
6730,58,0
6731,56,0
6732,58,0
6733,55,0
6734,59,0
6735,57,0
6736,56,0
6737,54,0
6738,56,0
6739,57,0
6740,55,0
6741,58,0
6742,58,0
6743,56,0
6744,55,0
6745,55,0
6746,55,0
6747,56,0
6748,56,0
6749,56,0
6750,56,0
6751,56,0
6752,57,0
6753,57,0
6754,56,0
6755,54,0
6756,56,0
6757,55,0
6758,59,0
6759,56,0
6760,58,0
6761,56,0
6762,57,0
6763,59,0
6764,57,0
6765,56,0
6766,58,0
6767,56,0
6768,59,0
6769,59,0
6770,55,0
6771,56,0
6772,56,0
6773,54,0
6774,57,0
6775,57,0
6776,56,0
6777,54,0
6778,58,0
6779,58,0
6780,58,0
6781,57,0
6782,55,0
6783,55,0
6784,58,0
6785,58,0
6786,56,0
6787,55,0
6788,59,0
6789,54,0
6790,58,0
6791,58,0
6792,57,0
6793,57,0
6794,56,0
6795,56,0
6796,58,0
6797,57,0
6798,57,0
6799,56,0
6800,58,0
6801,56,0
6802,59,0
6803,57,0
6804,57,0
6805,54,0
6806,59,0
6807,56,0
6808,56,0
6809,56,0
6810,57,0
6811,57,0
6812,56,0
6813,56,0
6814,58,0
6815,57,0
6816,57,0
6817,57,0
6818,58,0
6819,58,0
6820,59,0
6821,57,0
6822,59,0
6823,56,0
6824,56,0
6825,56,0
6826,59,0
6827,57,0
6828,58,0
6829,56,0
6830,58,0
6831,57,0
6832,59,0
6833,57,0
6834,59,0
6835,54,0
6836,56,0
6837,56,0
6838,59,0
6839,57,0
6840,58,0
6841,56,0
6842,57,0
6843,59,0
6844,55,0
6845,56,0
6846,56,0
6847,57,0
6848,57,0
6849,55,0
6850,56,0
6851,56,0
6852,55,0
6853,57,0
6854,56,0
6855,56,0
6856,58,0
6857,55,0
6858,59,0
6859,57,0
6860,58,0
6861,58,0
6862,58,0
6863,54,0
6864,57,0
6865,59,0
6866,58,0
6867,54,0
6868,56,0
6869,59,0
6870,59,0
6871,56,0
6872,54,0
6873,54,0
6874,59,0
6875,57,0
6876,58,0
6877,56,0
6878,58,0
6879,57,0
6880,57,0
6881,55,0
6882,56,0
6883,54,0
6884,57,0
6885,55,0
6886,59,0
6887,56,0
6888,58,0
6889,56,0
6890,58,0
6891,57,0
6892,55,0
6893,59,0
6894,56,0
6895,56,0
6896,56,0
6897,59,0
6898,57,0
6899,62,0
6900,58,0
6901,56,0
6902,55,0
6903,57,0
6904,57,0
6905,58,0
6906,56,0
6907,58,0
6908,55,0
6909,55,0
6910,56,0
6911,58,0
6912,56,0
6913,59,0
6914,57,0
6915,55,0
6916,58,0
6917,58,0
6918,56,0
6919,56,0
6920,59,0
6921,55,0
6922,58,0
6923,56,0
6924,58,0
6925,56,0
6926,57,0
6927,55,0
6928,56,0
6929,56,0
6930,58,0
6931,56,0
6932,57,0
6933,55,0
6934,58,0
6935,58,0
6936,56,0
6937,55,0
6938,55,0
6939,55,0
6940,56,0
6941,56,0
6942,58,0
6943,57,0
6944,55,0
6945,58,0
6946,59,0
6947,56,0
6948,56,0
6949,56,0
6950,58,0
6951,55,0
6952,57,0
6953,56,0
6954,56,0
6955,56,0
6956,59,0
6957,55,0
6958,59,0
6959,58,0
6960,58,0
6961,56,0
6962,59,0
6963,55,0
6964,58,0
6965,56,0
6966,58,0
6967,57,0
6968,57,0
6969,59,0
6970,56,0
6971,56,0
6972,58,0
6973,57,0
6974,57,0
6975,59,0
6976,54,0
6977,56,0
6978,54,0
6979,55,0
6980,55,0
6981,59,0
6982,58,0
6983,56,0
6984,58,0
6985,57,0
6986,55,0
6987,59,0
6988,54,0
6989,58,0
6990,56,0
6991,59,0
6992,55,0
6993,58,0
6994,54,0
6995,56,0
6996,54,0
6997,57,0
6998,57,0
6999,56,0
7000,56,0
7001,56,0
7002,59,0
7003,55,0
7004,55,0
7005,54,0
7006,56,0
7007,58,0
7008,55,0
7009,55,0
7010,56,0
7011,54,0
7012,56,0
7013,55,0
7014,57,0
7015,54,0
7016,56,0
7017,57,0
7018,57,0
7019,58,0
7020,56,0
7021,55,0
7022,55,0
7023,54,0
7024,56,0
7025,56,0
7026,58,0
7027,55,0
7028,56,0
7029,58,0
7030,56,0
7031,57,0
7032,59,0
7033,56,0
7034,58,0
7035,57,0
7036,59,0
7037,56,0
7038,58,0
7039,55,0
7040,59,0
7041,54,0
7042,58,0
7043,55,0
7044,55,0
7045,54,0
7046,58,0
7047,54,0
7048,59,0
7049,59,0
7050,58,0
7051,54,0
7052,58,0
7053,56,0
7054,55,0
7055,56,0
7056,58,0
7057,56,0
7058,55,0
7059,55,0
7060,58,0
7061,54,0
7062,56,0
7063,55,0
7064,59,0
7065,56,0
7066,58,0
7067,55,0
7068,59,0
7069,56,0
7070,58,0
7071,55,0
7072,55,0
7073,56,0
7074,56,0
7075,56,0
7076,57,0
7077,59,0
7078,56,0
7079,56,0
7080,54,0
7081,57,0
7082,57,0
7083,56,0
7084,58,0
7085,56,0
7086,57,0
7087,57,0
7088,56,0
7089,56,0
7090,58,0
7091,55,0
7092,57,0
7093,56,0
7094,58,0
7095,57,0
7096,55,0
7097,54,0
7098,58,0
7099,57,0
7100,55,0
7101,58,0
7102,58,0
7103,56,0
7104,55,0
7105,55,0
7106,58,0
7107,56,0
7108,56,0
7109,56,0
7110,55,0
7111,57,0
7112,58,0
7113,54,0
7114,55,0
7115,57,0
7116,55,0
7117,54,0
7118,58,0
7119,56,0
7120,55,0
7121,54,0
7122,58,0
7123,56,0
7124,55,0
7125,57,0
7126,56,0
7127,54,0
7128,57,0
7129,57,0
7130,59,0
7131,56,0
7132,56,0
7133,55,0
7134,56,0
7135,56,0
7136,56,0
7137,56,0
7138,55,0
7139,59,0
7140,54,0
7141,56,0
7142,59,0
7143,59,0
7144,55,0
7145,58,0
7146,54,0
7147,57,0
7148,57,0
7149,56,0
7150,58,0
7151,57,0
7152,59,0
7153,56,0
7154,56,0
7155,59,0
7156,55,0
7157,56,0
7158,58,0
7159,58,0
7160,57,0
7161,59,0
7162,56,0
7163,56,0
7164,57,0
7165,55,0
7166,59,0
7167,56,0
7168,58,0
7169,57,0
7170,57,0
7171,54,0
7172,58,0
7173,56,0
7174,55,0
7175,55,0
7176,56,0
7177,56,0
7178,56,0
7179,57,0
7180,55,0
7181,56,0
7182,56,0
7183,57,0
7184,57,0
7185,56,0
7186,56,0
7187,56,0
7188,57,0
7189,55,0
7190,55,0
7191,56,0
7192,58,0
7193,56,0
7194,57,0
7195,55,0
7196,57,0
7197,56,0
7198,56,0
7199,59,0
7200,55,0
7201,56,0
7202,56,0
7203,58,0
7204,55,0
7205,59,0
7206,54,0
7207,58,0
7208,57,0
7209,57,0
7210,55,0
7211,56,0
7212,56,0
7213,57,0
7214,55,0
7215,56,0
7216,54,0
7217,58,0
7218,59,0
7219,55,0
7220,55,0
7221,55,0
7222,58,0
7223,56,0
7224,56,0
7225,55,0
7226,55,0
7227,58,0
7228,56,0
7229,57,0
7230,59,0
7231,59,0
7232,56,0
7233,56,0
7234,59,0
7235,55,0
7236,55,0
7237,58,0
7238,58,0
7239,57,0
7240,57,0
7241,57,0
7242,58,0
7243,56,0
7244,57,0
7245,57,0
7246,57,0
7247,57,0
7248,56,0
7249,58,0
7250,56,0
7251,59,0
7252,59,0
7253,56,0
7254,56,0
7255,56,0
7256,59,0
7257,57,0
7258,54,0
7259,56,0
7260,56,0
7261,55,0
7262,57,0
7263,56,0
7264,58,0
7265,58,0
7266,59,0
7267,57,0
7268,57,0
7269,58,0
7270,56,0
7271,57,0
7272,57,0
7273,57,0
7274,57,0
7275,58,0
7276,56,0
7277,58,0
7278,55,0
7279,57,0
7280,56,0
7281,58,0
7282,55,0
7283,55,0
7284,56,0
7285,56,0
7286,58,0
7287,59,0
7288,57,0
7289,56,0
7290,56,0
7291,58,0
7292,57,0
7293,59,0
7294,56,0
7295,54,0
7296,54,0
7297,55,0
7298,57,0
7299,56,0
7300,58,0
7301,56,0
7302,56,0
7303,55,0
7304,59,0
7305,54,0
7306,56,0
7307,57,0
7308,55,0
7309,56,0
7310,56,0
7311,56,0
7312,55,0
7313,57,0
7314,58,0
7315,56,0
7316,56,0
7317,55,0
7318,57,0
7319,56,0
7320,58,0
7321,55,0
7322,55,0
7323,56,0
7324,56,0
7325,59,0
7326,55,0
7327,59,0
7328,56,0
7329,56,0
7330,56,0
7331,57,0
7332,57,0
7333,56,0
7334,58,0
7335,56,0
7336,57,0
7337,57,0
7338,58,0
7339,56,0
7340,56,0
7341,57,0
7342,57,0
7343,56,0
7344,58,0
7345,58,0
7346,55,0
7347,57,0
7348,56,0
7349,58,0
7350,59,0
7351,59,0
7352,57,0
7353,58,0
7354,58,0
7355,59,0
7356,57,0
7357,57,0
7358,57,0
7359,56,0
7360,54,0
7361,58,0
7362,55,0
7363,55,0
7364,54,0
7365,58,0
7366,56,0
7367,59,0
7368,57,0
7369,56,0
7370,58,0
7371,58,0
7372,57,0
7373,59,0
7374,56,0
7375,56,0
7376,58,0
7377,59,0
7378,59,0
7379,58,0
7380,58,0
7381,56,0
7382,55,0
7383,56,0
7384,58,0
7385,58,0
7386,58,0
7387,58,0
7388,59,0
7389,59,0
7390,56,0
7391,58,0
7392,58,0
7393,57,0
7394,55,0
7395,56,0
7396,58,0
7397,56,0
7398,57,0
7399,59,0
7400,58,0
7401,58,0
7402,56,0
7403,57,0
7404,55,0
7405,57,0
7406,56,0
7407,58,0
7408,55,0
7409,59,0
7410,55,0
7411,56,0
7412,58,0
7413,58,0
7414,58,0
7415,59,0
7416,59,0
7417,59,0
7418,56,0
7419,57,0
7420,55,0
7421,57,0
7422,56,0
7423,54,0
7424,55,0
7425,59,0
7426,56,0
7427,56,0
7428,59,0
7429,57,0
7430,56,0
7431,54,0
7432,56,0
7433,55,0
7434,59,0
7435,58,0
7436,56,0
7437,58,0
7438,59,0
7439,57,0
7440,55,0
7441,57,0
7442,54,0
7443,58,0
7444,58,0
7445,55,0
7446,57,0
7447,56,0
7448,56,0
7449,57,0
7450,59,0
7451,57,0
7452,58,0
7453,58,0
7454,57,0
7455,57,0
7456,58,0
7457,56,0
7458,58,0
7459,57,0
7460,57,0
7461,56,0
7462,58,0
7463,56,0
7464,55,0
7465,55,0
7466,54,0
7467,56,0
7468,56,0
7469,55,0
7470,57,0
7471,56,0
7472,54,0
7473,58,0
7474,55,0
7475,55,0
7476,57,0
7477,56,0
7478,58,0
7479,57,0
7480,56,0
7481,55,0
7482,58,0
7483,56,0
7484,56,0
7485,59,0
7486,55,0
7487,57,0
7488,56,0
7489,58,0
7490,56,0
7491,56,0
7492,56,0
7493,57,0
7494,59,0
7495,56,0
7496,56,0
7497,54,0
7498,56,0
7499,57,0
7500,57,0
7501,55,0
7502,58,0
7503,56,0
7504,56,0
7505,58,0
7506,57,0
7507,55,0
7508,56,0
7509,58,0
7510,58,0
7511,55,0
7512,59,0
7513,57,0
7514,56,0
7515,58,0
7516,58,0
7517,56,0
7518,57,0
7519,59,0
7520,58,0
7521,58,0
7522,56,0
7523,57,0
7524,59,0
7525,59,0
7526,58,0
7527,58,0
7528,58,0
7529,57,0
7530,57,0
7531,58,0
7532,55,0
7533,58,0
7534,56,0
7535,58,0
7536,59,0
7537,59,0
7538,59,0
7539,58,0
7540,58,0
7541,58,0
7542,57,0
7543,57,0
7544,57,0
7545,58,0
7546,58,0
7547,56,0
7548,57,0
7549,55,0
7550,59,0
7551,58,0
7552,58,0
7553,56,0
7554,58,0
7555,59,0
7556,57,0
7557,55,0
7558,58,0
7559,58,0
7560,58,0
7561,56,0
7562,56,0
7563,57,0
7564,59,0
7565,59,0
7566,56,0
7567,58,0
7568,56,0
7569,59,0
7570,57,0
7571,57,0
7572,58,0
7573,58,0
7574,58,0
7575,59,0
7576,57,0
7577,59,0
7578,58,0
7579,58,0
7580,56,0
7581,59,0
7582,57,0
7583,59,0
7584,58,0
7585,58,0
7586,58,0
7587,59,0
7588,55,0
7589,59,0
7590,59,0
7591,58,0
7592,58,0
7593,58,0
7594,57,0
7595,59,0
7596,56,0
7597,56,0
7598,56,0
7599,59,0
7600,57,0
7601,57,0
7602,58,0
7603,58,0
7604,58,0
7605,59,0
7606,59,0
7607,57,0
7608,58,0
7609,58,0
7610,57,0
7611,57,0
7612,57,0
7613,58,0
7614,58,0
7615,58,0
7616,57,0
7617,57,0
7618,57,0
7619,54,0
7620,58,0
7621,56,0
7622,57,0
7623,59,0
7624,57,0
7625,56,0
7626,58,0
7627,58,0
7628,57,0
7629,57,0
7630,58,0
7631,58,0
7632,58,0
7633,56,0
7634,57,0
7635,57,0
7636,56,0
7637,56,0
7638,56,0
7639,59,0
7640,57,0
7641,58,0
7642,58,0
7643,58,0
7644,57,0
7645,54,0
7646,57,0
7647,59,0
7648,58,0
7649,58,0
7650,56,0
7651,57,0
7652,55,0
7653,58,0
7654,58,0
7655,56,0
7656,59,0
7657,59,0
7658,59,0
7659,58,0
7660,58,0
7661,58,0
7662,55,0
7663,55,0
7664,56,0
7665,58,0
7666,58,0
7667,59,0
7668,57,0
7669,59,0
7670,58,0
7671,56,0
7672,58,0
7673,59,0
7674,56,0
7675,59,0
7676,59,0
7677,56,0
7678,56,0
7679,58,0
7680,59,0
7681,57,0
7682,57,0
7683,56,0
7684,58,0
7685,58,0
7686,59,0
7687,57,0
7688,57,0
7689,58,0
7690,58,0
7691,56,0
7692,59,0
7693,59,0
7694,58,0
7695,58,0
7696,58,0
7697,58,0
7698,59,0
7699,59,0
7700,59,0
7701,58,0
7702,56,0
7703,56,0
7704,58,0
7705,56,0
7706,55,0
7707,57,0
7708,58,0
7709,58,0
7710,58,0
7711,58,0
7712,57,0
7713,57,0
7714,59,0
7715,58,0
7716,58,0
7717,58,0
7718,56,0
7719,59,0
7720,59,0
7721,57,0
7722,58,0
7723,58,0
7724,58,0
7725,59,0
7726,59,0
7727,56,0
7728,58,0
7729,58,0
7730,58,0
7731,58,0
7732,57,0
7733,57,0
7734,58,0
7735,58,0
7736,56,0
7737,58,0
7738,59,0
7739,57,0
7740,58,0
7741,58,0
7742,58,0
7743,60,0
7744,57,0
7745,57,0
7746,59,0
7747,58,0
7748,58,0
7749,56,0
7750,57,0
7751,59,0
7752,55,0
7753,58,0
7754,58,0
7755,58,0
7756,57,0
7757,57,0
7758,55,0
7759,57,0
7760,58,0
7761,58,0
7762,58,0
7763,59,0
7764,57,0
7765,59,0
7766,58,0
7767,58,0
7768,57,0
7769,55,0
7770,59,0
7771,56,0
7772,58,0
7773,56,0
7774,57,0
7775,59,0
7776,55,0
7777,56,0
7778,58,0
7779,56,0
7780,59,0
7781,55,0
7782,59,0
7783,56,0
7784,56,0
7785,55,0
7786,56,0
7787,59,0
7788,55,0
7789,56,0
7790,56,0
7791,58,0
7792,55,0
7793,57,0
7794,54,0
7795,56,0
7796,57,0
7797,59,0
7798,58,0
7799,56,0
7800,56,0
7801,59,0
7802,55,0
7803,56,0
7804,54,0
7805,58,0
7806,59,0
7807,59,0
7808,58,0
7809,58,0
7810,58,0
7811,57,0
7812,57,0
7813,59,0
7814,58,0
7815,56,0
7816,56,0
7817,56,0
7818,59,0
7819,59,0
7820,58,0
7821,58,0
7822,56,0
7823,57,0
7824,55,0
7825,56,0
7826,56,0
7827,58,0
7828,57,0
7829,55,0
7830,57,0
7831,58,0
7832,56,0
7833,56,0
7834,55,0
7835,59,0
7836,58,0
7837,56,0
7838,56,0
7839,59,0
7840,57,0
7841,57,0
7842,58,0
7843,58,0
7844,56,0
7845,58,0
7846,56,0
7847,59,0
7848,59,0
7849,58,0
7850,58,0
7851,56,0
7852,56,0
7853,57,0
7854,55,0
7855,55,0
7856,58,0
7857,58,0
7858,56,0
7859,57,0
7860,59,0
7861,59,0
7862,58,0
7863,58,0
7864,56,0
7865,58,0
7866,55,0
7867,57,0
7868,57,0
7869,58,0
7870,58,0
7871,58,0
7872,56,0
7873,58,0
7874,59,0
7875,59,0
7876,56,0
7877,58,0
7878,58,0
7879,56,0
7880,59,0
7881,59,0
7882,56,0
7883,54,0
7884,56,0
7885,55,0
7886,57,0
7887,56,0
7888,58,0
7889,58,0
7890,59,0
7891,59,0
7892,57,0
7893,58,0
7894,58,0
7895,58,0
7896,58,0
7897,59,0
7898,57,0
7899,58,0
7900,56,0
7901,58,0
7902,56,0
7903,56,0
7904,59,0
7905,55,0
7906,59,0
7907,58,0
7908,58,0
7909,59,0
7910,55,0
7911,55,0
7912,56,0
7913,58,0
7914,57,0
7915,57,0
7916,57,0
7917,58,0
7918,56,0
7919,56,0
7920,56,0
7921,57,0
7922,59,0
7923,58,0
7924,56,0
7925,58,0
7926,58,0
7927,59,0
7928,57,0
7929,58,0
7930,55,0
7931,56,0
7932,58,0
7933,57,0
7934,55,0
7935,58,0
7936,58,0
7937,56,0
7938,57,0
7939,59,0
7940,58,0
7941,56,0
7942,58,0
7943,55,0
7944,59,0
7945,59,0
7946,56,0
7947,58,0
7948,57,0
7949,57,0
7950,57,0
7951,56,0
7952,58,0
7953,56,0
7954,59,0
7955,57,0
7956,57,0
7957,58,0
7958,56,0
7959,58,0
7960,57,0
7961,57,0
7962,58,0
7963,56,0
7964,58,0
7965,58,0
7966,58,0
7967,59,0
7968,57,0
7969,57,0
7970,56,0
7971,58,0
7972,58,0
7973,59,0
7974,59,0
7975,59,0
7976,58,0
7977,58,0
7978,58,0
7979,57,0
7980,57,0
7981,59,0
7982,56,0
7983,58,0
7984,59,0
7985,55,0
7986,57,0
7987,56,0
7988,58,0
7989,56,0
7990,59,0
7991,57,0
7992,56,0
7993,58,0
7994,56,0
7995,58,0
7996,56,0
7997,57,0
7998,57,0
7999,58,0
8000,58,0
8001,58,0
8002,58,0
8003,57,0
8004,57,0
8005,55,0
8006,56,0
8007,58,0
8008,56,0
8009,57,0
8010,57,0
8011,55,0
8012,58,0
8013,58,0
8014,58,0
8015,55,0
8016,55,0
8017,59,0
8018,56,0
8019,58,0
8020,56,0
8021,57,0
8022,57,0
8023,57,0
8024,55,0
8025,56,0
8026,56,0
8027,58,0
8028,57,0
8029,57,0
8030,59,0
8031,58,0
8032,58,0
8033,56,0
8034,59,0
8035,59,0
8036,59,0
8037,56,0
8038,58,0
8039,58,0
8040,57,0
8041,59,0
8042,57,0
8043,58,0
8044,56,0
8045,58,0
8046,55,0
8047,57,0
8048,55,0
8049,58,0
8050,56,0
8051,58,0
8052,56,0
8053,58,0
8054,59,0
8055,57,0
8056,56,0
8057,58,0
8058,58,0
8059,59,0
8060,57,0
8061,59,0
8062,58,0
8063,56,0
8064,58,0
8065,59,0
8066,55,0
8067,57,0
8068,56,0
8069,58,0
8070,58,0
8071,56,0
8072,55,0
8073,57,0
8074,58,0
8075,58,0
8076,58,0
8077,59,0
8078,59,0
8079,58,0
8080,56,0
8081,56,0
8082,54,0
8083,59,0
8084,59,0
8085,58,0
8086,58,0
8087,58,0
8088,58,0
8089,57,0
8090,59,0
8091,56,0
8092,58,0
8093,56,0
8094,61,0
8095,59,0
8096,59,0
8097,58,0
8098,56,0
8099,56,0
8100,55,0
8101,57,0
8102,56,0
8103,56,0
8104,58,0
8105,55,0
8106,59,0
8107,57,0
8108,58,0
8109,58,0
8110,54,0
8111,58,0
8112,55,0
8113,57,0
8114,58,0
8115,58,0
8116,58,0
8117,58,0
8118,59,0
8119,59,0
8120,58,0
8121,56,0
8122,56,0
8123,56,0
8124,59,0
8125,57,0
8126,56,0
8127,58,0
8128,58,0
8129,59,0
8130,59,0
8131,59,0
8132,56,0
8133,56,0
8134,56,0
8135,57,0
8136,59,0
8137,59,0
8138,58,0
8139,57,0
8140,56,0
8141,56,0
8142,57,0
8143,59,0
8144,55,0
8145,58,0
8146,56,0
8147,58,0
8148,56,0
8149,59,0
8150,57,0
8151,58,0
8152,58,0
8153,58,0
8154,58,0
8155,59,0
8156,55,0
8157,59,0
8158,58,0
8159,58,0
8160,58,0
8161,55,0
8162,55,0
8163,57,0
8164,58,0
8165,56,0
8166,58,0
8167,58,0
8168,57,0
8169,59,0
8170,59,0
8171,58,0
8172,58,0
8173,56,0
8174,57,0
8175,57,0
8176,59,0
8177,58,0
8178,58,0
8179,56,0
8180,59,0
8181,59,0
8182,59,0
8183,58,0
8184,58,0
8185,58,0
8186,59,0
8187,55,0
8188,59,0
8189,58,0
8190,58,0
8191,56,0
8192,56,0
8193,57,0
8194,59,0
8195,57,0
8196,57,0
8197,58,0
8198,58,0
8199,58,0
8200,55,0
8201,57,0
8202,57,0
8203,58,0
8204,58,0
8205,58,0
8206,57,0
8207,55,0
8208,59,0
8209,58,0
8210,58,0
8211,58,0
8212,55,0
8213,59,0
8214,58,0
8215,58,0
8216,56,0
8217,55,0
8218,57,0
8219,58,0
8220,56,0
8221,58,0
8222,55,0
8223,55,0
8224,59,0
8225,55,0
8226,58,0
8227,56,0
8228,56,0
8229,59,0
8230,59,0
8231,58,0
8232,54,0
8233,58,0
8234,59,0
8235,59,0
8236,59,0
8237,54,0
8238,58,0
8239,55,0
8240,55,0
8241,59,0
8242,58,0
8243,56,0
8244,56,0
8245,57,0
8246,59,0
8247,57,0
8248,56,0
8249,56,0
8250,59,0
8251,57,0
8252,59,0
8253,57,0
8254,59,0
8255,58,0
8256,58,0
8257,59,0
8258,57,0
8259,57,0
8260,58,0
8261,58,0
8262,58,0
8263,59,0
8264,59,0
8265,59,0
8266,58,0
8267,58,0
8268,56,0
8269,59,0
8270,57,0
8271,56,0
8272,58,0
8273,56,0
8274,59,0
8275,57,0
8276,58,0
8277,56,0
8278,58,0
8279,59,0
8280,55,0
8281,57,0
8282,57,0
8283,58,0
8284,56,0
8285,58,0
8286,57,0
8287,57,0
8288,56,0
8289,56,0
8290,58,0
8291,57,0
8292,57,0
8293,57,0
8294,58,0
8295,58,0
8296,57,0
8297,57,0
8298,57,0
8299,59,0
8300,58,0
8301,58,0
8302,58,0
8303,58,0
8304,58,0
8305,55,0
8306,59,0
8307,56,0
8308,56,0
8309,58,0
8310,57,0
8311,59,0
8312,57,0
8313,56,0
8314,56,0
8315,58,0
8316,56,0
8317,55,0
8318,57,0
8319,57,0
8320,56,0
8321,56,0
8322,56,0
8323,59,0
8324,58,0
8325,58,0
8326,59,0
8327,55,0
8328,57,0
8329,56,0
8330,58,0
8331,56,0
8332,59,0
8333,55,0
8334,56,0
8335,56,0
8336,56,0
8337,56,0
8338,59,0
8339,55,0
8340,58,0
8341,56,0
8342,56,0
8343,59,0
8344,59,0
8345,56,0
8346,56,0
8347,55,0
8348,55,0
8349,59,0
8350,56,0
8351,56,0
8352,58,0
8353,57,0
8354,57,0
8355,55,0
8356,56,0
8357,56,0
8358,58,0
8359,54,0
8360,59,0
8361,55,0
8362,54,0
8363,58,0
8364,56,0
8365,59,0
8366,55,0
8367,57,0
8368,56,0
8369,56,0
8370,58,0
8371,56,0
8372,57,0
8373,59,0
8374,58,0
8375,58,0
8376,58,0
8377,58,0
8378,55,0
8379,57,0
8380,56,0
8381,56,0
8382,58,0
8383,56,0
8384,56,0
8385,56,0
8386,57,0
8387,55,0
8388,56,0
8389,56,0
8390,56,0
8391,59,0
8392,57,0
8393,59,0
8394,58,0
8395,58,0
8396,57,0
8397,57,0
8398,55,0
8399,56,0
8400,58,0
8401,56,0
8402,57,0
8403,59,0
8404,56,0
8405,56,0
8406,56,0
8407,55,0
8408,59,0
8409,57,0
8410,56,0
8411,58,0
8412,56,0
8413,56,0
8414,57,0
8415,57,0
8416,57,0
8417,56,0
8418,56,0
8419,56,0
8420,56,0
8421,57,0
8422,55,0
8423,54,0
8424,56,0
8425,56,0
8426,59,0
8427,57,0
8428,56,0
8429,56,0
8430,58,0
8431,59,0
8432,55,0
8433,57,0
8434,58,0
8435,56,0
8436,56,0
8437,55,0
8438,55,0
8439,57,0
8440,55,0
8441,58,0
8442,56,0
8443,56,0
8444,59,0
8445,57,0
8446,57,0
8447,58,0
8448,56,0
8449,58,0
8450,56,0
8451,57,0
8452,55,0
8453,57,0
8454,58,0
8455,56,0
8456,56,0
8457,56,0
8458,55,0
8459,57,0
8460,56,0
8461,56,0
8462,54,0
8463,58,0
8464,55,0
8465,55,0
8466,58,0
8467,62,0
8468,58,0
8469,56,0
8470,54,0
8471,55,0
8472,57,0
8473,57,0
8474,56,0
8475,56,0
8476,58,0
8477,56,0
8478,55,0
8479,57,0
8480,57,0
8481,56,0
8482,56,0
8483,58,0
8484,55,0
8485,57,0
8486,57,0
8487,58,0
8488,56,0
8489,56,0
8490,58,0
8491,57,0
8492,59,0
8493,55,0
8494,58,0
8495,56,0
8496,56,0
8497,57,0
8498,57,0
8499,59,0
8500,59,0
8501,57,0
8502,58,0
8503,58,0
8504,58,0
8505,55,0
8506,57,0
8507,55,0
8508,58,0
8509,56,0
8510,56,0
8511,57,0
8512,59,0
8513,55,0
8514,55,0
8515,56,0
8516,58,0
8517,58,0
8518,55,0
8519,57,0
8520,57,0
8521,54,0
8522,58,0
8523,56,0
8524,59,0
8525,59,0
8526,55,0
8527,56,0
8528,57,0
8529,58,0
8530,54,0
8531,56,0
8532,58,0
8533,59,0
8534,59,0
8535,58,0
8536,56,0
8537,56,0
8538,59,0
8539,57,0
8540,59,0
8541,54,0
8542,54,0
8543,56,0
8544,59,0
8545,59,0
8546,57,0
8547,58,0
8548,56,0
8549,56,0
8550,57,0
8551,57,0
8552,57,0
8553,56,0
8554,56,0
8555,56,0
8556,57,0
8557,57,0
8558,55,0
8559,55,0
8560,54,0
8561,56,0
8562,56,0
8563,57,0
8564,57,0
8565,59,0
8566,56,0
8567,56,0
8568,57,0
8569,55,0
8570,59,0
8571,58,0
8572,56,0
8573,56,0
8574,59,0
8575,57,0
8576,59,0
8577,56,0
8578,56,0
8579,56,0
8580,59,0
8581,57,0
8582,55,0
8583,56,0
8584,56,0
8585,58,0
8586,56,0
8587,56,0
8588,54,0
8589,56,0
8590,55,0
8591,59,0
8592,59,0
8593,56,0
8594,54,0
8595,56,0
8596,57,0
8597,59,0
8598,59,0
8599,56,0
8600,56,0
8601,56,0
8602,55,0
8603,57,0
8604,59,0
8605,54,0
8606,58,0
8607,56,0
8608,56,0
8609,55,0
8610,57,0
8611,55,0
8612,58,0
8613,58,0
8614,56,0
8615,58,0
8616,56,0
8617,56,0
8618,55,0
8619,55,0
8620,57,0
8621,56,0
8622,58,0
8623,58,0
8624,55,0
8625,55,0
8626,55,0
8627,58,0
8628,58,0
8629,56,0
8630,56,0
8631,57,0
8632,57,0
8633,59,0
8634,56,0
8635,56,0
8636,54,0
8637,57,0
8638,57,0
8639,59,0
8640,56,0
8641,57,0
8642,56,0
8643,58,0
8644,56,0
8645,58,0
8646,57,0
8647,55,0
8648,57,0
8649,58,0
8650,56,0
8651,58,0
8652,56,0
8653,57,0
8654,55,0
8655,55,0
8656,58,0
8657,54,0
8658,54,0
8659,55,0
8660,55,0
8661,55,0
8662,58,0
8663,56,0
8664,58,0
8665,59,0
8666,55,0
8667,57,0
8668,58,0
8669,56,0
8670,58,0
8671,58,0
8672,58,0
8673,55,0
8674,59,0
8675,55,0
8676,58,0
8677,54,0
8678,58,0
8679,57,0
8680,59,0
8681,55,0
8682,58,0
8683,56,0
8684,56,0
8685,55,0
8686,59,0
8687,59,0
8688,58,0
8689,58,0
8690,54,0
8691,55,0
8692,55,0
8693,55,0
8694,58,0
8695,58,0
8696,56,0
8697,55,0
8698,55,0
8699,55,0
8700,55,0
8701,55,0
8702,54,0
8703,54,0
8704,55,0
8705,55,0
8706,57,0
8707,56,0
8708,58,0
8709,58,0
8710,56,0
8711,59,0
8712,59,0
8713,56,0
8714,56,0
8715,56,0
8716,57,0
8717,59,0
8718,57,0
8719,56,0
8720,58,0
8721,56,0
8722,57,0
8723,57,0
8724,57,0
8725,56,0
8726,56,0
8727,56,0
8728,55,0
8729,57,0
8730,56,0
8731,56,0
8732,58,0
8733,57,0
8734,57,0
8735,59,0
8736,58,0
8737,56,0
8738,58,0
8739,57,0
8740,55,0
8741,57,0
8742,58,0
8743,56,0
8744,56,0
8745,55,0
8746,55,0
8747,55,0
8748,58,0
8749,56,0
8750,56,0
8751,57,0
8752,55,0
8753,55,0
8754,56,0
8755,56,0
8756,56,0
8757,56,0
8758,59,0
8759,59,0
8760,56,0
8761,56,0
8762,56,0
8763,56,0
8764,59,0
8765,55,0
8766,58,0
8767,56,0
8768,58,0
8769,57,0
8770,59,0
8771,55,0
8772,56,0
8773,58,0
8774,58,0
8775,55,0
8776,59,0
8777,55,0
8778,58,0
8779,56,0
8780,56,0
8781,57,0
8782,59,0
8783,56,0
8784,57,0
8785,55,0
8786,56,0
8787,56,0
8788,58,0
8789,56,0
8790,59,0
8791,59,0
8792,59,0
8793,56,0
8794,58,0
8795,59,0
8796,59,0
8797,57,0
8798,59,0
8799,57,0
8800,56,0
8801,58,0
8802,56,0
8803,57,0
8804,55,0
8805,58,0
8806,56,0
8807,56,0
8808,56,0
8809,55,0
8810,58,0
8811,57,0
8812,59,0
8813,57,0
8814,58,0
8815,58,0
8816,58,0
8817,57,0
8818,55,0
8819,55,0
8820,58,0
8821,58,0
8822,59,0
8823,57,0
8824,55,0
8825,58,0
8826,54,0
8827,58,0
8828,59,0
8829,59,0
8830,58,0
8831,58,0
8832,56,0
8833,58,0
8834,57,0
8835,55,0
8836,58,0
8837,58,0
8838,54,0
8839,58,0
8840,58,0
8841,55,0
8842,57,0
8843,59,0
8844,58,0
8845,56,0
8846,58,0
8847,59,0
8848,59,0
8849,55,0
8850,58,0
8851,56,0
8852,56,0
8853,55,0
8854,57,0
8855,56,0
8856,58,0
8857,58,0
8858,58,0
8859,57,0
8860,57,0
8861,58,0
8862,58,0
8863,58,0
8864,59,0
8865,56,0
8866,59,0
8867,59,0
8868,59,0
8869,56,0
8870,56,0
8871,58,0
8872,57,0
8873,59,0
8874,58,0
8875,56,0
8876,56,0
8877,57,0
8878,59,0
8879,57,0
8880,56,0
8881,58,0
8882,58,0
8883,55,0
8884,59,0
8885,58,0
8886,56,0
8887,58,0
8888,55,0
8889,57,0
8890,59,0
8891,59,0
8892,57,0
8893,58,0
8894,54,0
8895,56,0
8896,57,0
8897,57,0
8898,56,0
8899,58,0
8900,56,0
8901,57,0
8902,55,0
8903,59,0
8904,54,0
8905,56,0
8906,54,0
8907,57,0
8908,55,0
8909,55,0
8910,56,0
8911,58,0
8912,56,0
8913,59,0
8914,57,0
8915,58,0
8916,58,0
8917,58,0
8918,54,0
8919,56,0
8920,59,0
8921,59,0
8922,57,0
8923,56,0
8924,56,0
8925,56,0
8926,57,0
8927,59,0
8928,55,0
8929,58,0
8930,58,0
8931,56,0
8932,59,0
8933,55,0
8934,58,0
8935,56,0
8936,58,0
8937,58,0
8938,57,0
8939,55,0
8940,58,0
8941,56,0
8942,56,0
8943,55,0
8944,59,0
8945,56,0
8946,59,0
8947,59,0
8948,59,0
8949,54,0
8950,58,0
8951,58,0
8952,57,0
8953,59,0
8954,55,0
8955,60,0
8956,58,0
8957,56,0
8958,57,0
8959,59,0
8960,55,0
8961,58,0
8962,58,0
8963,58,0
8964,57,0
8965,57,0
8966,55,0
8967,58,0
8968,56,0
8969,58,0
8970,57,0
8971,59,0
8972,55,0
8973,55,0
8974,57,0
8975,58,0
8976,56,0
8977,56,0
8978,57,0
8979,55,0
8980,57,0
8981,56,0
8982,58,0
8983,56,0
8984,58,0
8985,56,0
8986,59,0
8987,57,0
8988,55,0
8989,54,0
8990,58,0
8991,58,0
8992,55,0
8993,59,0
8994,57,0
8995,56,0
8996,58,0
8997,56,0
8998,59,0
8999,57,0
9000,59,0
9001,56,0
9002,58,0
9003,55,0
9004,59,0
9005,59,0
9006,56,0
9007,56,0
9008,56,0
9009,58,0
9010,58,0
9011,55,0
9012,55,0
9013,57,0
9014,56,0
9015,56,0
9016,58,0
9017,59,0
9018,57,0
9019,59,0
9020,56,0
9021,56,0
9022,54,0
9023,55,0
9024,57,0
9025,59,0
9026,56,0
9027,56,0
9028,54,0
9029,56,0
9030,57,0
9031,55,0
9032,56,0
9033,56,0
9034,56,0
9035,56,0
9036,55,0
9037,55,0
9038,59,0
9039,55,0
9040,57,0
9041,54,0
9042,56,0
9043,58,0
9044,55,0
9045,55,0
9046,57,0
9047,58,0
9048,56,0
9049,56,0
9050,57,0
9051,57,0
9052,59,0
9053,56,0
9054,56,0
9055,56,0
9056,59,0
9057,57,0
9058,57,0
9059,58,0
9060,54,0
9061,56,0
9062,55,0
9063,59,0
9064,58,0
9065,56,0
9066,54,0
9067,58,0
9068,56,0
9069,56,0
9070,55,0
9071,55,0
9072,58,0
9073,56,0
9074,58,0
9075,56,0
9076,57,0
9077,59,0
9078,58,0
9079,58,0
9080,58,0
9081,57,0
9082,59,0
9083,55,0
9084,58,0
9085,58,0
9086,56,0
9087,57,0
9088,57,0
9089,54,0
9090,58,0
9091,56,0
9092,59,0
9093,59,0
9094,57,0
9095,57,0
9096,57,0
9097,56,0
9098,56,0
9099,56,0
9100,59,0
9101,55,0
9102,57,0
9103,58,0
9104,58,0
9105,56,0
9106,58,0
9107,59,0
9108,59,0
9109,59,0
9110,56,0
9111,58,0
9112,56,0
9113,55,0
9114,55,0
9115,57,0
9116,54,0
9117,58,0
9118,56,0
9119,57,0
9120,55,0
9121,56,0
9122,57,0
9123,57,0
9124,56,0
9125,54,0
9126,58,0
9127,56,0
9128,59,0
9129,59,0
9130,57,0
9131,58,0
9132,58,0
9133,58,0
9134,55,0
9135,59,0
9136,57,0
9137,56,0
9138,56,0
9139,56,0
9140,56,0
9141,55,0
9142,59,0
9143,58,0
9144,54,0
9145,58,0
9146,55,0
9147,59,0
9148,57,0
9149,55,0
9150,57,0
9151,56,0
9152,58,0
9153,58,0
9154,58,0
9155,55,0
9156,55,0
9157,57,0
9158,54,0
9159,56,0
9160,56,0
9161,55,0
9162,57,0
9163,55,0
9164,58,0
9165,58,0
9166,56,0
9167,55,0
9168,57,0
9169,59,0
9170,58,0
9171,56,0
9172,59,0
9173,57,0
9174,55,0
9175,54,0
9176,56,0
9177,54,0
9178,54,0
9179,56,0
9180,55,0
9181,55,0
9182,55,0
9183,58,0
9184,56,0
9185,58,0
9186,57,0
9187,57,0
9188,59,0
9189,58,0
9190,56,0
9191,56,0
9192,59,0
9193,59,0
9194,56,0
9195,56,0
9196,56,0
9197,58,0
9198,55,0
9199,55,0
9200,56,0
9201,58,0
9202,58,0
9203,57,0
9204,59,0
9205,57,0
9206,57,0
9207,56,0
9208,56,0
9209,56,0
9210,59,0
9211,59,0
9212,57,0
9213,56,0
9214,56,0
9215,58,0
9216,59,0
9217,55,0
9218,55,0
9219,58,0
9220,58,0
9221,54,0
9222,57,0
9223,57,0
9224,59,0
9225,56,0
9226,58,0
9227,55,0
9228,57,0
9229,56,0
9230,58,0
9231,56,0
9232,58,0
9233,59,0
9234,59,0
9235,59,0
9236,57,0
9237,55,0
9238,56,0
9239,58,0
9240,56,0
9241,55,0
9242,57,0
9243,59,0
9244,56,0
9245,56,0
9246,58,0
9247,57,0
9248,55,0
9249,55,0
9250,56,0
9251,58,0
9252,58,0
9253,57,0
9254,57,0
9255,57,0
9256,56,0
9257,54,0
9258,58,0
9259,56,0
9260,57,0
9261,57,0
9262,55,0
9263,58,0
9264,57,0
9265,58,0
9266,58,0
9267,56,0
9268,58,0
9269,55,0
9270,59,0
9271,55,0
9272,56,0
9273,56,0
9274,58,0
9275,56,0
9276,55,0
9277,59,0
9278,58,0
9279,56,0
9280,56,0
9281,56,0
9282,57,0
9283,57,0
9284,56,0
9285,58,0
9286,58,0
9287,56,0
9288,57,0
9289,57,0
9290,58,0
9291,56,0
9292,58,0
9293,58,0
9294,58,0
9295,57,0
9296,59,0
9297,55,0
9298,58,0
9299,56,0
9300,58,0
9301,56,0
9302,57,0
9303,55,0
9304,59,0
9305,58,0
9306,58,0
9307,56,0
9308,59,0
9309,59,0
9310,55,0
9311,56,0
9312,56,0
9313,56,0
9314,57,0
9315,59,0
9316,59,0
9317,56,0
9318,56,0
9319,56,0
9320,57,0
9321,57,0
9322,57,0
9323,57,0
9324,58,0
9325,56,0
9326,56,0
9327,57,0
9328,55,0
9329,57,0
9330,58,0
9331,58,0
9332,56,0
9333,56,0
9334,57,0
9335,57,0
9336,54,0
9337,58,0
9338,56,0
9339,55,0
9340,59,0
9341,55,0
9342,56,0
9343,56,0
9344,56,0
9345,59,0
9346,57,0
9347,56,0
9348,54,0
9349,58,0
9350,55,0
9351,59,0
9352,55,0
9353,55,0
9354,58,0
9355,54,0
9356,58,0
9357,57,0
9358,59,0
9359,57,0
9360,58,0
9361,56,0
9362,56,0
9363,57,0
9364,57,0
9365,55,0
9366,58,0
9367,58,0
9368,56,0
9369,56,0
9370,55,0
9371,55,0
9372,57,0
9373,55,0
9374,56,0
9375,56,0
9376,58,0
9377,56,0
9378,56,0
9379,55,0
9380,55,0
9381,55,0
9382,59,0
9383,54,0
9384,56,0
9385,54,0
9386,58,0
9387,56,0
9388,55,0
9389,55,0
9390,59,0
9391,55,0
9392,59,0
9393,56,0
9394,56,0
9395,54,0
9396,56,0
9397,54,0
9398,58,0
9399,59,0
9400,55,0
9401,55,0
9402,54,0
9403,54,0
9404,58,0
9405,56,0
9406,56,0
9407,56,0
9408,57,0
9409,55,0
9410,55,0
9411,57,0
9412,57,0
9413,56,0
9414,56,0
9415,54,0
9416,56,0
9417,56,0
9418,57,0
9419,54,0
9420,57,0
9421,57,0
9422,57,0
9423,56,0
9424,56,0
9425,58,0
9426,55,0
9427,55,0
9428,59,0
9429,58,0
9430,56,0
9431,54,0
9432,57,0
9433,59,0
9434,57,0
9435,58,0
9436,56,0
9437,56,0
9438,56,0
9439,56,0
9440,57,0
9441,55,0
9442,57,0
9443,58,0
9444,58,0
9445,58,0
9446,56,0
9447,56,0
9448,56,0
9449,59,0
9450,57,0
9451,58,0
9452,56,0
9453,56,0
9454,57,0
9455,55,0
9456,56,0
9457,56,0
9458,58,0
9459,55,0
9460,59,0
9461,55,0
9462,54,0
9463,56,0
9464,56,0
9465,57,0
9466,55,0
9467,59,0
9468,59,0
9469,58,0
9470,58,0
9471,56,0
9472,56,0
9473,56,0
9474,56,0
9475,58,0
9476,57,0
9477,59,0
9478,56,0
9479,56,0
9480,54,0
9481,56,0
9482,162,0
9483,56,0
9484,58,0
9485,57,0
9486,55,0
9487,59,0
9488,57,0
9489,58,0
9490,56,0
9491,58,0
9492,57,0
9493,57,0
9494,58,0
9495,56,0
9496,56,0
9497,56,0
9498,57,0
9499,57,0
9500,59,0
9501,58,0
9502,58,0
9503,56,0
9504,59,0
9505,57,0
9506,59,0
9507,56,0
9508,56,0
9509,56,0
9510,56,0
9511,57,0
9512,59,0
9513,59,0
9514,56,0
9515,58,0
9516,57,0
9517,57,0
9518,58,0
9519,56,0
9520,59,0
9521,57,0
9522,57,0
9523,58,0
9524,58,0
9525,56,0
9526,57,0
9527,55,0
9528,58,0
9529,58,0
9530,58,0
9531,59,0
9532,55,0
9533,57,0
9534,58,0
9535,56,0
9536,56,0
9537,55,0
9538,59,0
9539,59,0
9540,57,0
9541,58,0
9542,56,0
9543,56,0
9544,59,0
9545,57,0
9546,59,0
9547,58,0
9548,54,0
9549,58,0
9550,57,0
9551,59,0
9552,55,0
9553,58,0
9554,56,0
9555,58,0
9556,57,0
9557,57,0
9558,58,0
9559,58,0
9560,58,0
9561,59,0
9562,57,0
9563,57,0
9564,58,0
9565,56,0
9566,59,0
9567,59,0
9568,57,0
9569,58,0
9570,58,0
9571,58,0
9572,56,0
9573,55,0
9574,55,0
9575,55,0
9576,58,0
9577,56,0
9578,58,0
9579,59,0
9580,59,0
9581,59,0
9582,58,0
9583,56,0
9584,56,0
9585,58,0
9586,55,0
9587,59,0
9588,56,0
9589,58,0
9590,58,0
9591,56,0
9592,56,0
9593,56,0
9594,57,0
9595,57,0
9596,59,0
9597,56,0
9598,56,0
9599,54,0
9600,59,0
9601,59,0
9602,57,0
9603,58,0
9604,58,0
9605,58,0
9606,57,0
9607,55,0
9608,59,0
9609,56,0
9610,58,0
9611,56,0
9612,59,0
9613,55,0
9614,59,0
9615,56,0
9616,58,0
9617,58,0
9618,55,0
9619,59,0
9620,57,0
9621,57,0
9622,59,0
9623,56,0
9624,58,0
9625,58,0
9626,56,0
9627,59,0
9628,59,0
9629,56,0
9630,56,0
9631,56,0
9632,58,0
9633,59,0
9634,57,0
9635,56,0
9636,58,0
9637,56,0
9638,57,0
9639,59,0
9640,59,0
9641,56,0
9642,58,0
9643,58,0
9644,57,0
9645,55,0
9646,58,0
9647,58,0
9648,58,0
9649,54,0
9650,59,0
9651,55,0
9652,59,0
9653,56,0
9654,56,0
9655,58,0
9656,55,0
9657,57,0
9658,59,0
9659,58,0
9660,56,0
9661,58,0
9662,57,0
9663,56,0
9664,58,0
9665,54,0
9666,57,0
9667,57,0
9668,58,0
9669,56,0
9670,56,0
9671,55,0
9672,59,0
9673,56,0
9674,56,0
9675,54,0
9676,58,0
9677,56,0
9678,57,0
9679,57,0
9680,59,0
9681,56,0
9682,58,0
9683,58,0
9684,59,0
9685,55,0
9686,59,0
9687,56,0
9688,56,0
9689,56,0
9690,57,0
9691,57,0
9692,57,0
9693,56,0
9694,56,0
9695,58,0
9696,58,0
9697,59,0
9698,55,0
9699,57,0
9700,58,0
9701,58,0
9702,58,0
9703,57,0
9704,59,0
9705,56,0
9706,56,0
9707,56,0
9708,57,0
9709,57,0
9710,57,0
9711,57,0
9712,56,0
9713,58,0
9714,58,0
9715,55,0
9716,59,0
9717,57,0
9718,56,0
9719,56,0
9720,58,0
9721,56,0
9722,59,0
9723,57,0
9724,59,0
9725,58,0
9726,56,0
9727,56,0
9728,58,0
9729,55,0
9730,57,0
9731,57,0
9732,58,0
9733,56,0
9734,56,0
9735,59,0
9736,55,0
9737,57,0
9738,59,0
9739,57,0
9740,57,0
9741,56,0
9742,58,0
9743,56,0
9744,59,0
9745,55,0
9746,57,0
9747,56,0
9748,56,0
9749,58,0
9750,58,0
9751,59,0
9752,55,0
9753,55,0
9754,58,0
9755,58,0
9756,58,0
9757,59,0
9758,57,0
9759,57,0
9760,58,0
9761,56,0
9762,58,0
9763,57,0
9764,55,0
9765,56,0
9766,59,0
9767,58,0
9768,58,0
9769,58,0
9770,57,0
9771,57,0
9772,56,0
9773,58,0
9774,54,0
9775,59,0
9776,55,0
9777,56,0
9778,56,0
9779,56,0
9780,55,0
9781,59,0
9782,57,0
9783,58,0
9784,56,0
9785,58,0
9786,57,0
9787,59,0
9788,59,0
9789,56,0
9790,58,0
9791,54,0
9792,55,0
9793,57,0
9794,58,0
9795,58,0
9796,56,0
9797,58,0
9798,58,0
9799,59,0
9800,57,0
9801,56,0
9802,58,0
9803,56,0
9804,56,0
9805,57,0
9806,55,0
9807,57,0
9808,56,0
9809,56,0
9810,58,0
9811,59,0
9812,59,0
9813,56,0
9814,56,0
9815,58,0
9816,58,0
9817,59,0
9818,59,0
9819,58,0
9820,56,0
9821,56,0
9822,58,0
9823,59,0
9824,55,0
9825,56,0
9826,56,0
9827,58,0
9828,56,0
9829,59,0
9830,55,0
9831,56,0
9832,56,0
9833,56,0
9834,55,0
9835,61,0
9836,56,0
9837,58,0
9838,58,0
9839,58,0
9840,57,0
9841,57,0
9842,59,0
9843,56,0
9844,56,0
9845,57,0
9846,57,0
9847,58,0
9848,58,0
9849,56,0
9850,59,0
9851,57,0
9852,58,0
9853,58,0
9854,56,0
9855,56,0
9856,58,0
9857,59,0
9858,55,0
9859,58,0
9860,56,0
9861,58,0
9862,56,0
9863,59,0
9864,57,0
9865,56,0
9866,56,0
9867,56,0
9868,59,0
9869,57,0
9870,56,0
9871,56,0
9872,56,0
9873,58,0
9874,57,0
9875,57,0
9876,56,0
9877,58,0
9878,57,0
9879,57,0
9880,58,0
9881,58,0
9882,59,0
9883,57,0
9884,57,0
9885,58,0
9886,58,0
9887,56,0
9888,56,0
9889,56,0
9890,57,0
9891,59,0
9892,59,0
9893,58,0
9894,58,0
9895,56,0
9896,56,0
9897,59,0
9898,55,0
9899,59,0
9900,58,0
9901,58,0
9902,57,0
9903,59,0
9904,57,0
9905,58,0
9906,56,0
9907,56,0
9908,56,0
9909,59,0
9910,59,0
9911,57,0
9912,56,0
9913,58,0
9914,56,0
9915,59,0
9916,57,0
9917,59,0
9918,55,0
9919,57,0
9920,58,0
9921,58,0
9922,56,0
9923,55,0
9924,59,0
9925,56,0
9926,56,0
9927,56,0
9928,56,0
9929,59,0
9930,55,0
9931,59,0
9932,58,0
9933,56,0
9934,63,0
9935,55,0
9936,57,0
9937,58,0
9938,59,0
9939,58,0
9940,58,0
9941,58,0
9942,55,0
9943,57,0
9944,55,0
9945,56,0
9946,56,0
9947,55,0
9948,57,0
9949,57,0
9950,56,0
9951,58,0
9952,56,0
9953,55,0
9954,57,0
9955,55,0
9956,54,0
9957,58,0
9958,55,0
9959,57,0
9960,55,0
9961,56,0
9962,56,0
9963,56,0
9964,55,0
9965,57,0
9966,56,0
9967,58,0
9968,56,0
9969,56,0
9970,56,0
9971,59,0
9972,55,0
9973,56,0
9974,56,0
9975,56,0
9976,57,0
9977,55,0
9978,59,0
9979,58,0
9980,54,0
9981,58,0
9982,56,0
9983,59,0
9984,57,0
9985,58,0
9986,56,0
9987,56,0
9988,55,0
9989,57,0
9990,56,0
9991,58,0
9992,56,0
9993,59,0
9994,59,0
9995,57,0
9996,58,0
9997,54,0
9998,58,0
9999,59,0
10000,57,0
10001,56,0
10002,57,0
10003,59,0
10004,58,0
10005,58,0
10006,56,0
10007,59,0
10008,55,0
10009,59,0
10010,56,0
10011,57,0
10012,56,0
10013,56,0
10014,56,0
10015,56,0
10016,57,0
10017,57,0
10018,55,0
10019,57,0
10020,56,0
10021,56,0
10022,56,0
10023,56,0
10024,55,0
10025,55,0
10026,55,0
10027,55,0
10028,56,0
10029,56,0
10030,56,0
10031,56,0
10032,56,0
10033,57,0
10034,57,0
10035,57,0
10036,56,0
10037,58,0
10038,57,0
10039,54,0
10040,58,0
10041,58,0
10042,56,0
10043,57,0
10044,57,0
10045,59,0
10046,57,0
10047,56,0
10048,54,0
10049,56,0
10050,57,0
10051,55,0
10052,57,0
10053,59,0
10054,56,0
10055,56,0
10056,56,0
10057,58,0
10058,57,0
10059,57,0
10060,57,0
10061,56,0
10062,54,0
10063,56,0
10064,56,0
10065,56,0
10066,56,0
10067,56,0
10068,55,0
10069,55,0
10070,56,0
10071,56,0
10072,58,0
10073,56,0
10074,55,0
10075,59,0
10076,56,0
10077,54,0
10078,56,0
10079,54,0
10080,56,0
10081,55,0
10082,59,0
10083,59,0
10084,56,0
10085,54,0
10086,56,0
10087,58,0
10088,57,0
10089,57,0
10090,55,0
10091,55,0
10092,55,0
10093,57,0
10094,56,0
10095,54,0
10096,54,0
10097,56,0
10098,55,0
10099,55,0
10100,55,0
10101,58,0
10102,54,0
10103,56,0
10104,56,0
10105,59,0
10106,55,0
10107,55,0
10108,56,0
10109,56,0
10110,59,0
10111,57,0
10112,55,0
10113,54,0
10114,56,0
10115,54,0
10116,57,0
10117,55,0
10118,57,0
10119,57,0
10120,56,0
10121,56,0
10122,56,0
10123,57,0
10124,55,0
10125,57,0
10126,57,0
10127,56,0
10128,54,0
10129,56,0
10130,56,0
10131,55,0
10132,55,0
10133,55,0
10134,54,0
10135,56,0
10136,56,0
10137,56,0
10138,57,0
10139,55,0
10140,55,0
10141,54,0
10142,56,0
10143,56,0
10144,56,0
10145,57,0
10146,57,0
10147,55,0
10148,56,0
10149,56,0
10150,56,0
10151,59,0
10152,57,0
10153,55,0
10154,56,0
10155,56,0
10156,56,0
10157,56,0
10158,57,0
10159,59,0
10160,57,0
10161,56,0
10162,58,0
10163,54,0
10164,58,0
10165,56,0
10166,55,0
10167,57,0
10168,55,0
10169,54,0
10170,58,0
10171,56,0
10172,56,0
10173,56,0
10174,56,0
10175,57,0
10176,59,0
10177,55,0
10178,58,0
10179,56,0
10180,56,0
10181,56,0
10182,57,0
10183,59,0
10184,57,0
10185,57,0
10186,56,0
10187,56,0
10188,54,0
10189,54,0
10190,56,0
10191,55,0
10192,57,0
10193,57,0
10194,56,0
10195,56,0
10196,56,0
10197,58,0
10198,56,0
10199,56,0
10200,56,0
10201,55,0
10202,57,0
10203,55,0
10204,56,0
10205,56,0
10206,56,0
10207,54,0
10208,56,0
10209,57,0
10210,55,0
10211,55,0
10212,57,0
10213,56,0
10214,54,0
10215,54,0
10216,55,0
10217,55,0
10218,55,0
10219,58,0
10220,58,0
10221,58,0
10222,58,0
10223,55,0
10224,57,0
10225,55,0
10226,59,0
10227,59,0
10228,56,0
10229,58,0
10230,58,0
10231,59,0
10232,55,0
10233,59,0
10234,58,0
10235,56,0
10236,56,0
10237,58,0
10238,59,0
10239,55,0
10240,57,0
10241,56,0
10242,58,0
10243,58,0
10244,56,0
10245,57,0
10246,57,0
10247,57,0
10248,56,0
10249,58,0
10250,56,0
10251,56,0
10252,58,0
10253,55,0
10254,55,0
10255,55,0
10256,56,0
10257,56,0
10258,57,0
10259,57,0
10260,58,0
10261,56,0
10262,58,0
10263,57,0
10264,57,0
10265,56,0
10266,56,0
10267,55,0
10268,59,0
10269,57,0
10270,54,0
10271,56,0
10272,59,0
10273,57,0
10274,56,0
10275,56,0
10276,56,0
10277,57,0
10278,54,0
10279,56,0
10280,56,0
10281,56,0
10282,54,0
10283,56,0
10284,57,0
10285,55,0
10286,55,0
10287,56,0
10288,56,0
10289,56,0
10290,58,0
10291,57,0
10292,57,0
10293,55,0
10294,55,0
10295,54,0
10296,56,0
10297,56,0
10298,56,0
10299,55,0
10300,55,0
10301,57,0
10302,56,0
10303,56,0
10304,55,0
10305,55,0
10306,55,0
10307,55,0
10308,55,0
10309,56,0
10310,56,0
10311,56,0
10312,55,0
10313,55,0
10314,57,0
10315,56,0
10316,56,0
10317,56,0
10318,57,0
10319,55,0
10320,54,0
10321,58,0
10322,56,0
10323,56,0
10324,55,0
10325,57,0
10326,58,0
10327,56,0
10328,58,0
10329,56,0
10330,55,0
10331,59,0
10332,56,0
10333,58,0
10334,57,0
10335,56,0
10336,56,0
10337,56,0
10338,56,0
10339,55,0
10340,55,0
10341,55,0
10342,55,0
10343,56,0
10344,56,0
10345,56,0
10346,56,0
10347,57,0
10348,57,0
10349,55,0
10350,55,0
10351,58,0
10352,56,0
10353,56,0
10354,58,0
10355,56,0
10356,57,0
10357,55,0
10358,56,0
10359,58,0
10360,58,0
10361,56,0
10362,56,0
10363,58,0
10364,55,0
10365,57,0
10366,57,0
10367,57,0
10368,56,0
10369,56,0
10370,56,0
10371,58,0
10372,57,0
10373,55,0
10374,55,0
10375,55,0
10376,58,0
10377,56,0
10378,56,0
10379,56,0
10380,55,0
10381,55,0
10382,59,0
10383,55,0
10384,58,0
10385,56,0
10386,58,0
10387,56,0
10388,55,0
10389,56,0
10390,56,0
10391,59,0
10392,55,0
10393,59,0
10394,56,0
10395,54,0
10396,56,0
10397,54,0
10398,57,0
10399,59,0
10400,55,0
10401,55,0
10402,56,0
10403,56,0
10404,56,0
10405,56,0
10406,57,0
10407,57,0
10408,59,0
10409,55,0
10410,56,0
10411,56,0
10412,56,0
10413,56,0
10414,57,0
10415,57,0
10416,55,0
10417,57,0
10418,57,0
10419,56,0
10420,58,0
10421,56,0
10422,56,0
10423,55,0
10424,57,0
10425,55,0
10426,56,0
10427,56,0
10428,54,0
10429,56,0
10430,55,0
10431,59,0
10432,57,0
10433,56,0
10434,58,0
10435,56,0
10436,56,0
10437,57,0
10438,57,0
10439,55,0
10440,56,0
10441,55,0
10442,54,0
10443,54,0
10444,56,0
10445,56,0
10446,55,0
10447,55,0
10448,55,0
10449,54,0
10450,56,0
10451,56,0
10452,54,0
10453,55,0
10454,57,0
10455,56,0
10456,56,0
10457,54,0
10458,56,0
10459,55,0
10460,59,0
10461,59,0
10462,56,0
10463,56,0
10464,56,0
10465,56,0
10466,55,0
10467,55,0
10468,55,0
10469,57,0
10470,59,0
10471,56,0
10472,56,0
10473,56,0
10474,56,0
10475,55,0
10476,57,0
10477,55,0
10478,55,0
10479,56,0
10480,56,0
10481,56,0
10482,56,0
10483,55,0
10484,57,0
10485,55,0
10486,56,0
10487,56,0
10488,56,0
10489,54,0
10490,56,0
10491,57,0
10492,55,0
10493,55,0
10494,56,0
10495,57,0
10496,56,0
10497,56,0
10498,58,0
10499,58,0
10500,56,0
10501,57,0
10502,59,0
10503,59,0
10504,56,0
10505,56,0
10506,56,0
10507,56,0
10508,56,0
10509,55,0
10510,57,0
10511,59,0
10512,55,0
10513,72,0
10514,57,0
10515,59,0
10516,57,0
10517,55,0
10518,55,0
10519,57,0
10520,57,0
10521,58,0
10522,58,0
10523,59,0
10524,57,0
10525,58,0
10526,58,0
10527,56,0
10528,57,0
10529,59,0
10530,59,0
10531,58,0
10532,56,0
10533,56,0
10534,59,0
10535,55,0
10536,56,0
10537,58,0
10538,54,0
10539,58,0
10540,57,0
10541,54,0
10542,58,0
10543,55,0
10544,59,0
10545,57,0
10546,56,0
10547,56,0
10548,56,0
10549,58,0
10550,59,0
10551,57,0
10552,57,0
10553,57,0
10554,58,0
10555,56,0
10556,56,0
10557,58,0
10558,59,0
10559,57,0
10560,59,0
10561,57,0
10562,58,0
10563,56,0
10564,58,0
10565,56,0
10566,56,0
10567,59,0
10568,57,0
10569,57,0
10570,57,0
10571,58,0
10572,63,0
10573,65,0
10574,64,0
10575,62,0
10576,63,0
10577,64,0
10578,65,0
10579,62,0
10580,64,0
10581,65,0
10582,64,0
10583,63,0
10584,64,0
10585,62,0
10586,65,0
10587,62,0
10588,65,0
10589,64,0
10590,64,0
10591,61,0
10592,64,0
10593,65,0
10594,66,0
10595,61,0
10596,62,0
10597,65,0
10598,63,0
10599,64,0
10600,65,0
10601,65,0
10602,64,0
10603,63,0
10604,62,0
10605,66,0
10606,65,0
10607,64,0
10608,61,0
10609,64,0
10610,61,0
10611,64,0
10612,65,0
10613,65,0
10614,62,0
10615,65,0
10616,62,0
10617,63,0
10618,64,0
10619,63,0
10620,64,0
10621,65,0
10622,62,0
10623,63,0
10624,64,0
10625,63,0
10626,64,0
10627,65,0
10628,62,0
10629,62,0
10630,63,0
10631,62,0
10632,62,0
10633,63,0
10634,63,0
10635,64,0
10636,65,0
10637,62,0
10638,65,0
10639,64,0
10640,63,0
10641,62,0
10642,65,0
10643,64,0
10644,63,0
10645,62,0
10646,65,0
10647,61,0
10648,66,0
10649,61,0
10650,66,0
10651,63,0
10652,64,0
10653,63,0
10654,64,0
10655,64,0
10656,63,0
10657,64,0
10658,63,0
10659,64,0
10660,65,0
10661,64,0
10662,63,0
10663,64,0
10664,63,0
10665,64,0
10666,67,0
10667,62,0
10668,64,0
10669,63,0
10670,62,0
10671,64,0
10672,65,0
10673,64,0
10674,63,0
10675,62,0
10676,65,0
10677,62,0
10678,64,0
10679,63,0
10680,64,0
10681,63,0
10682,64,0
10683,65,0
10684,62,0
10685,65,0
10686,64,0
10687,65,0
10688,65,0
10689,64,0
10690,65,0
10691,64,0
10692,62,0
10693,65,0
10694,62,0
10695,65,0
10696,62,0
10697,63,0
10698,62,0
10699,65,0
10700,64,0
10701,63,0
10702,64,0
10703,65,0
10704,64,0
10705,65,0
10706,64,0
10707,65,0
10708,64,0
10709,67,0
10710,62,0
10711,63,0
10712,64,0
10713,65,0
10714,64,0
10715,65,0
10716,62,0
10717,65,0
10718,62,0
10719,65,0
10720,62,0
10721,65,0
10722,62,0
10723,61,0
10724,66,0
10725,65,0
10726,62,0
10727,65,0
10728,62,0
10729,63,0
10730,59,0
10731,59,0
10732,59,0
10733,60,0
10734,60,0
10735,60,0
10736,59,0
10737,59,0
10738,59,0
10739,59,0
10740,60,0
10741,60,0
10742,60,0
10743,58,0
10744,60,0
10745,60,0
10746,58,0
10747,58,0
10748,58,0
10749,60,0
10750,60,0
10751,59,0
10752,61,0
10753,61,0
10754,59,0
10755,61,0
10756,61,0
10757,60,0
10758,60,0
10759,58,0
10760,60,0
10761,58,0
10762,60,0
10763,60,0
10764,59,0
10765,59,0
10766,59,0
10767,59,0
10768,59,0
10769,59,0
10770,59,0
10771,59,0
10772,59,0
10773,56,0
10774,56,0
10775,58,0
10776,58,0
10777,54,0
10778,56,0
10779,55,0
10780,59,0
10781,57,0
10782,58,0
10783,56,0
10784,58,0
10785,58,0
10786,55,0
10787,59,0
10788,56,0
10789,56,0
10790,56,0
10791,57,0
10792,57,0
10793,59,0
10794,58,0
10795,56,0
10796,56,0
10797,57,0
10798,57,0
10799,58,0
10800,56,0
10801,56,0
10802,55,0
10803,59,0
10804,59,0
10805,56,0
10806,56,0
10807,57,0
10808,55,0
10809,56,0
10810,58,0
10811,59,0
10812,59,0
10813,56,0
10814,58,0
10815,59,0
10816,55,0
10817,57,0
10818,56,0
10819,58,0
10820,59,0
10821,59,0
10822,56,0
10823,56,0
10824,57,0
10825,54,0
10826,57,0
10827,59,0
10828,57,0
10829,56,0
10830,54,0
10831,57,0
10832,59,0
10833,57,0
10834,58,0
10835,58,0
10836,56,0
10837,59,0
10838,59,0
10839,56,0
10840,58,0
10841,56,0
10842,57,0
10843,55,0
10844,56,0
10845,56,0
10846,58,0
10847,57,0
10848,55,0
10849,55,0
10850,56,0
10851,56,0
10852,56,0
10853,58,0
10854,59,0
10855,55,0
10856,54,0
10857,58,0
10858,55,0
10859,57,0
10860,56,0
10861,57,0
10862,59,0
10863,54,0
10864,58,0
10865,55,0
10866,55,0
10867,56,0
10868,56,0
10869,59,0
10870,57,0
10871,58,0
10872,58,0
10873,57,0
10874,59,0
10875,56,0
10876,56,0
10877,58,0
10878,56,0
10879,55,0
10880,59,0
10881,56,0
10882,56,0
10883,56,0
10884,59,0
10885,57,0
10886,58,0
10887,54,0
10888,56,0
10889,59,0
10890,55,0
10891,56,0
10892,56,0
10893,56,0
10894,57,0
10895,59,0
10896,56,0
10897,56,0
10898,56,0
10899,55,0
10900,55,0
10901,54,0
10902,56,0
10903,56,0
10904,56,0
10905,55,0
10906,58,0
10907,58,0
10908,57,0
10909,59,0
10910,56,0
10911,54,0
10912,57,0
10913,59,0
10914,56,0
10915,56,0
10916,55,0
10917,59,0
10918,56,0
10919,56,0
10920,55,0
10921,55,0
10922,59,0
10923,56,0
10924,56,0
10925,55,0
10926,59,0
10927,57,0
10928,56,0
10929,56,0
10930,56,0
10931,57,0
10932,57,0
10933,58,0
10934,56,0
10935,56,0
10936,57,0
10937,57,0
10938,56,0
10939,56,0
10940,56,0
10941,59,0
10942,57,0
10943,56,0
10944,58,0
10945,56,0
10946,55,0
10947,59,0
10948,55,0
10949,56,0
10950,58,0
10951,55,0
10952,59,0
10953,57,0
10954,59,0
10955,54,0
10956,56,0
10957,59,0
10958,55,0
10959,56,0
10960,54,0
10961,56,0
10962,55,0
10963,59,0
10964,54,0
10965,56,0
10966,57,0
10967,55,0
10968,59,0
10969,56,0
10970,56,0
10971,56,0
10972,57,0
10973,59,0
10974,56,0
10975,56,0
10976,58,0
10977,57,0
10978,57,0
10979,58,0
10980,56,0
10981,58,0
10982,59,0
10983,55,0
10984,56,0
10985,58,0
10986,58,0
10987,59,0
10988,59,0
10989,55,0
10990,56,0
10991,58,0
10992,57,0
10993,57,0
10994,55,0
10995,57,0
10996,59,0
10997,54,0
10998,56,0
10999,56,0
11000,55,0
11001,55,0
11002,58,0
11003,58,0
11004,55,0
11005,55,0
11006,54,0
11007,58,0
11008,59,0
11009,54,0
11010,56,0
11011,55,0
11012,55,0
11013,56,0
11014,56,0
11015,55,0
11016,57,0
11017,58,0
11018,56,0
11019,59,0
11020,56,0
11021,57,0
11022,55,0
11023,56,0
11024,56,0
11025,58,0
11026,57,0
11027,55,0
11028,57,0
11029,58,0
11030,54,0
11031,56,0
11032,57,0
11033,55,0
11034,56,0
11035,56,0
11036,59,0
11037,57,0
11038,57,0
11039,56,0
11040,56,0
11041,57,0
11042,59,0
11043,56,0
11044,54,0
11045,56,0
11046,57,0
11047,55,0
11048,55,0
11049,58,0
11050,51,0
11051,56,0
11052,56,0
11053,57,0
11054,57,0
11055,54,0
11056,58,0
11057,55,0
11058,55,0
11059,56,0
11060,58,0
11061,55,0
11062,55,0
11063,54,0
11064,56,0
11065,55,0
11066,56,0
11067,56,0
11068,57,0
11069,59,0
11070,56,0
11071,56,0
11072,59,0
11073,56,0
11074,56,0
11075,56,0
11076,56,0
11077,55,0
11078,56,0
11079,54,0
11080,58,0
11081,57,0
11082,56,0
11083,56,0
11084,56,0
11085,59,0
11086,56,0
11087,58,0
11088,58,0
11089,59,0
11090,58,0
11091,56,0
11092,56,0
11093,55,0
11094,57,0
11095,56,0
11096,56,0
11097,59,0
11098,59,0
11099,56,0
11100,58,0
11101,59,0
11102,55,0
11103,57,0
11104,56,0
11105,58,0
11106,56,0
11107,59,0
11108,57,0
11109,54,0
11110,56,0
11111,55,0
11112,56,0
11113,58,0
11114,55,0
11115,57,0
11116,54,0
11117,56,0
11118,57,0
11119,55,0
11120,56,0
11121,58,0
11122,55,0
11123,56,0
11124,58,0
11125,55,0
11126,55,0
11127,55,0
11128,55,0
11129,56,0
11130,56,0
11131,57,0
11132,57,0
11133,58,0
11134,58,0
11135,59,0
11136,57,0
11137,58,0
11138,58,0
11139,55,0
11140,57,0
11141,60,0
11142,56,0
11143,56,0
11144,57,0
11145,58,0
11146,56,0
11147,56,0
11148,59,0
11149,59,0
11150,58,0
11151,58,0
11152,57,0
11153,55,0
11154,55,0
11155,56,0
11156,56,0
11157,55,0
11158,55,0
11159,56,0
11160,56,0
11161,56,0
11162,57,0
11163,55,0
11164,56,0
11165,56,0
11166,55,0
11167,55,0
11168,56,0
11169,56,0
11170,57,0
11171,58,0
11172,58,0
11173,59,0
11174,55,0
11175,56,0
11176,58,0
11177,56,0
11178,57,0
11179,56,0
11180,54,0
11181,56,0
11182,56,0
11183,55,0
11184,56,0
11185,58,0
11186,56,0
11187,55,0
11188,56,0
11189,54,0
11190,55,0
11191,57,0
11192,56,0
11193,56,0
11194,57,0
11195,57,0
11196,54,0
11197,56,0
11198,55,0
11199,57,0
11200,56,0
11201,54,0
11202,55,0
11203,55,0
11204,56,0
11205,56,0
11206,55,0
11207,56,0
11208,56,0
11209,56,0
11210,57,0
11211,56,0
11212,56,0
11213,57,0
11214,57,0
11215,56,0
11216,54,0
11217,57,0
11218,55,0
11219,56,0
11220,56,0
11221,57,0
11222,55,0
11223,54,0
11224,56,0
11225,59,0
11226,59,0
11227,55,0
11228,58,0
11229,56,0
11230,57,0
11231,55,0
11232,56,0
11233,58,0
11234,57,0
11235,57,0
11236,58,0
11237,58,0
11238,57,0
11239,57,0
11240,58,0
11241,58,0
11242,59,0
11243,55,0
11244,56,0
11245,56,0
11246,55,0
11247,59,0
11248,54,0
11249,56,0
11250,55,0
11251,57,0
11252,58,0
11253,58,0
11254,56,0
11255,55,0
11256,57,0
11257,58,0
11258,58,0
11259,57,0
11260,56,0
11261,56,0
11262,55,0
11263,59,0
11264,56,0
11265,58,0
11266,55,0
11267,55,0
11268,54,0
11269,56,0
11270,55,0
11271,57,0
11272,58,0
11273,56,0
11274,55,0
11275,56,0
11276,56,0
11277,58,0
11278,56,0
11279,59,0
11280,57,0
11281,58,0
11282,60,0
11283,59,0
11284,57,0
11285,58,0
11286,58,0
11287,57,0
11288,57,0
11289,56,0
11290,58,0
11291,57,0
11292,59,0
11293,58,0
11294,58,0
11295,57,0
11296,59,0
11297,58,0
11298,56,0
11299,56,0
11300,57,0
11301,59,0
11302,56,0
11303,58,0
11304,57,0
11305,57,0
11306,59,0
11307,56,0
11308,56,0
11309,56,0
11310,59,0
11311,56,0
11312,56,0
11313,55,0
11314,55,0
11315,58,0
11316,58,0
11317,55,0
11318,57,0
11319,58,0
11320,58,0
11321,59,0
11322,59,0
11323,58,0
11324,56,0
11325,57,0
11326,58,0
11327,56,0
11328,57,0
11329,59,0
11330,57,0
11331,56,0
11332,58,0
11333,55,0
11334,59,0
11335,58,0
11336,58,0
11337,55,0
11338,59,0
11339,58,0
11340,54,0
11341,58,0
11342,57,0
11343,55,0
11344,58,0
11345,58,0
11346,55,0
11347,55,0
11348,56,0
11349,56,0
11350,59,0
11351,59,0
11352,58,0
11353,56,0
11354,59,0
11355,59,0
11356,56,0
11357,56,0
11358,54,0
11359,55,0
11360,57,0
11361,56,0
11362,56,0
11363,57,0
11364,57,0
11365,56,0
11366,56,0
11367,59,0
11368,57,0
11369,56,0
11370,54,0
11371,55,0
11372,59,0
11373,56,0
11374,58,0
11375,55,0
11376,54,0
11377,58,0
11378,55,0
11379,57,0
11380,56,0
11381,54,0
11382,57,0
11383,56,0
11384,57,0
11385,56,0
11386,56,0
11387,59,0
11388,58,0
11389,56,0
11390,57,0
11391,55,0
11392,58,0
11393,56,0
11394,57,0
11395,59,0
11396,56,0
11397,56,0
11398,57,0
11399,59,0
11400,58,0
11401,58,0
11402,57,0
11403,55,0
11404,56,0
11405,56,0
11406,55,0
11407,57,0
11408,58,0
11409,56,0
11410,55,0
11411,59,0
11412,57,0
11413,56,0
11414,56,0
11415,55,0
11416,55,0
11417,56,0
11418,56,0
11419,55,0
11420,57,0
11421,56,0
11422,58,0
11423,57,0
11424,55,0
11425,56,0
11426,56,0
11427,59,0
11428,55,0
11429,56,0
11430,56,0
11431,59,0
11432,55,0
11433,56,0
11434,58,0
11435,56,0
11436,58,0
11437,56,0
11438,56,0
11439,59,0
11440,59,0
11441,57,0
11442,58,0
11443,56,0
11444,56,0
11445,59,0
11446,55,0
11447,56,0
11448,56,0
11449,56,0
11450,56,0
11451,57,0
11452,57,0
11453,56,0
11454,58,0
11455,56,0
11456,59,0
11457,57,0
11458,55,0
11459,56,0
11460,54,0
11461,58,0
11462,57,0
11463,59,0
11464,56,0
11465,56,0
11466,56,0
11467,56,0
11468,55,0
11469,55,0
11470,59,0
11471,56,0
11472,54,0
11473,55,0
11474,59,0
11475,56,0
11476,58,0
11477,58,0
11478,55,0
11479,57,0
11480,56,0
11481,54,0
11482,58,0
11483,55,0
11484,59,0
11485,57,0
11486,56,0
11487,56,0
11488,58,0
11489,55,0
11490,55,0
11491,59,0
11492,56,0
11493,56,0
11494,55,0
11495,59,0
11496,55,0
11497,55,0
11498,58,0
11499,56,0
11500,55,0
11501,57,0
11502,57,0
11503,56,0
11504,56,0
11505,56,0
11506,55,0
11507,55,0
11508,57,0
11509,56,0
11510,56,0
11511,55,0
11512,55,0
11513,57,0
11514,58,0
11515,54,0
11516,59,0
11517,57,0
11518,56,0
11519,58,0
11520,56,0
11521,55,0
11522,57,0
11523,55,0
11524,56,0
11525,56,0
11526,56,0
11527,57,0
11528,55,0
11529,56,0
11530,56,0
11531,56,0
11532,57,0
11533,55,0
11534,56,0
11535,56,0
11536,56,0
11537,55,0
11538,57,0
11539,56,0
11540,58,0
11541,56,0
11542,57,0
11543,55,0
11544,56,0
11545,56,0
11546,56,0
11547,54,0
11548,56,0
11549,55,0
11550,57,0
11551,57,0
11552,56,0
11553,56,0
11554,56,0
11555,59,0
11556,55,0
11557,56,0
11558,56,0
11559,56,0
11560,55,0
11561,55,0
11562,57,0
11563,59,0
11564,54,0
11565,58,0
11566,56,0
11567,59,0
11568,59,0
11569,56,0
11570,56,0
11571,58,0
11572,58,0
11573,57,0
11574,55,0
11575,59,0
11576,58,0
11577,56,0
11578,58,0
11579,57,0
11580,59,0
11581,55,0
11582,55,0
11583,58,0
11584,58,0
11585,56,0
11586,56,0
11587,55,0
11588,59,0
11589,59,0
11590,56,0
11591,56,0
11592,58,0
11593,56,0
11594,57,0
11595,57,0
11596,57,0
11597,56,0
11598,56,0
11599,57,0
11600,55,0
11601,56,0
11602,56,0
11603,56,0
11604,55,0
11605,57,0
11606,57,0
11607,56,0
11608,56,0
11609,56,0
11610,57,0
11611,57,0
11612,56,0
11613,54,0
11614,56,0
11615,59,0
11616,57,0
11617,59,0
11618,56,0
11619,58,0
11620,56,0
11621,54,0
11622,57,0
11623,57,0
11624,55,0
11625,56,0
11626,56,0
11627,57,0
11628,55,0
11629,55,0
11630,54,0
11631,54,0
11632,56,0
11633,57,0
11634,59,0
11635,58,0
11636,56,0
11637,58,0
11638,55,0
11639,57,0
11640,56,0
11641,58,0
11642,56,0
11643,59,0
11644,55,0
11645,59,0
11646,58,0
11647,56,0
11648,58,0
11649,56,0
11650,57,0
11651,59,0
11652,56,0
11653,57,0
11654,56,0
11655,58,0
11656,58,0
11657,57,0
11658,55,0
11659,57,0
11660,56,0
11661,56,0
11662,55,0
11663,55,0
11664,56,0
11665,56,0
11666,56,0
11667,57,0
11668,57,0
11669,56,0
11670,56,0
11671,56,0
11672,57,0
11673,55,0
11674,56,0
11675,54,0
11676,56,0
11677,57,0
11678,57,0
11679,59,0
11680,59,0
11681,56,0
11682,56,0
11683,56,0
11684,57,0
11685,57,0
11686,59,0
11687,56,0
11688,56,0
11689,55,0
11690,55,0
11691,56,0
11692,56,0
11693,56,0
11694,57,0
11695,57,0
11696,56,0
11697,56,0
11698,57,0
11699,55,0
11700,56,0
11701,56,0
11702,56,0
11703,57,0
11704,55,0
11705,54,0
11706,54,0
11707,56,0
11708,56,0
11709,56,0
11710,55,0
11711,59,0
11712,56,0
11713,56,0
11714,58,0
11715,59,0
11716,59,0
11717,58,0
11718,56,0
11719,58,0
11720,55,0
11721,55,0
11722,55,0
11723,56,0
11724,56,0
11725,56,0
11726,59,0
11727,59,0
11728,55,0
11729,58,0
11730,56,0
11731,56,0
11732,57,0
11733,52188,1
11734,59,0
11735,60,0
11736,57,0
11737,61,0
11738,61,0
11739,61,0
11740,60,0
11741,60,0
11742,58,0
11743,58,0
11744,58,0
11745,59,0
11746,61,0
11747,59,0
11748,61,0
11749,57,0
11750,62,0
11751,60,0
11752,60,0
11753,60,0
11754,60,0
11755,62,0
11756,59,0
11757,59,0
11758,59,0
11759,61,0
11760,63,0
11761,60,0
11762,60,0
11763,60,0
11764,60,0
11765,60,0
11766,60,0
11767,63,0
11768,59,0
11769,59,0
11770,59,0
11771,60,0
11772,60,0
11773,58,0
11774,59,0
11775,60,0
11776,60,0
11777,60,0
11778,60,0
11779,60,0
11780,59,0
11781,61,0
11782,63,0
11783,59,0
11784,59,0
11785,62,0
11786,60,0
11787,58,0
11788,62,0
11789,62,0
11790,59,0
11791,59,0
11792,61,0
11793,59,0
11794,61,0
11795,60,0
11796,58,0
11797,58,0
11798,60,0
11799,63,0
11800,57,0
11801,59,0
11802,59,0
11803,63,0
11804,60,0
11805,60,0
11806,60,0
11807,60,0
11808,59,0
11809,61,0
11810,59,0
11811,61,0
11812,58,0
11813,60,0
11814,60,0
11815,60,0
11816,60,0
11817,59,0
11818,59,0
11819,57,0
11820,61,0
11821,59,0
11822,60,0
11823,61,0
11824,61,0
11825,61,0
11826,61,0
11827,61,0
11828,59,0
11829,60,0
11830,60,0
11831,58,0
11832,60,0
11833,61,0
11834,57,0
11835,61,0
11836,59,0
11837,59,0
11838,62,0
11839,60,0
11840,60,0
11841,60,0
11842,60,0
11843,59,0
11844,61,0
11845,59,0
11846,57,0
11847,61,0
11848,59,0
11849,62,0
11850,60,0
11851,60,0
11852,60,0
11853,59,0
11854,59,0
11855,59,0
11856,61,0
11857,60,0
11858,60,0
11859,60,0
11860,57,0
11861,59,0
11862,59,0
11863,59,0
11864,60,0
11865,60,0
11866,58,0
11867,58,0
11868,58,0
11869,57,0
11870,59,0
11871,59,0
11872,63,0
11873,61,0
11874,58,0
11875,60,0
11876,60,0
11877,58,0
11878,60,0
11879,60,0
11880,61,0
11881,61,0
11882,61,0
11883,57,0
11884,59,0
11885,59,0
11886,58,0
11887,60,0
11888,61,0
11889,59,0
11890,59,0
11891,57,0
11892,63,0
11893,60,0
11894,60,0
11895,60,0
11896,62,0
11897,60,0
11898,62,0
11899,61,0
11900,61,0
11901,59,0
11902,61,0
11903,63,0
11904,59,0
11905,60,0
11906,60,0
11907,62,0
11908,58,0
11909,60,0
11910,60,0
11911,60,0
11912,60,0
11913,59,0
11914,59,0
11915,60,0
11916,60,0
11917,58,0
11918,60,0
11919,60,0
11920,60,0
11921,59,0
11922,59,0
11923,61,0
11924,57,0
11925,61,0
11926,57,0
11927,59,0
11928,58,0
11929,58,0
11930,59,0
11931,59,0
11932,60,0
11933,58,0
11934,58,0
11935,58,0
11936,56,0
11937,58,0
11938,58,0
11939,58,0
11940,58,0
11941,58,0
11942,58,0
11943,56,0
11944,58,0
11945,58,0
11946,58,0
11947,58,0
11948,58,0
11949,58,0
11950,56,0
11951,58,0
11952,58,0
11953,58,0
11954,56,0
11955,58,0
11956,56,0
11957,58,0
11958,56,0
11959,60,0
11960,58,0
11961,58,0
11962,58,0
11963,56,0
11964,58,0
11965,58,0
11966,60,0
11967,58,0
11968,58,0
11969,58,0
11970,56,0
11971,57,0
11972,55,0
11973,57,0
11974,55,0
11975,57,0
11976,55,0
11977,57,0
11978,57,0
11979,59,0
11980,58,0
11981,58,0
11982,58,0
11983,58,0
11984,56,0
11985,58,0
11986,58,0
11987,58,0
11988,60,0
11989,56,0
11990,58,0
11991,57,0
11992,57,0
11993,59,0
11994,59,0
11995,60,0
11996,58,0
11997,58,0
11998,58,0
11999,56,0
12000,58,0
12001,56,0
12002,56,0
12003,58,0
12004,60,0
12005,58,0
12006,58,0
12007,58,0
12008,58,0
12009,58,0
12010,58,0
12011,58,0
12012,58,0
12013,56,0
12014,58,0
12015,56,0
12016,58,0
12017,58,0
12018,60,0
12019,56,0
12020,58,0
12021,58,0
12022,56,0
12023,56,0
12024,60,0
12025,58,0
12026,58,0
12027,58,0
12028,60,0
12029,56,0
12030,56,0
12031,58,0
12032,56,0
12033,58,0
12034,58,0
12035,58,0
12036,58,0
12037,58,0
12038,58,0
12039,60,0
12040,58,0
12041,58,0
12042,58,0
12043,58,0
12044,58,0
12045,55,0
12046,59,0
12047,57,0
12048,59,0
12049,59,0
12050,59,0
12051,59,0
12052,59,0
12053,59,0
12054,59,0
12055,57,0
12056,59,0
12057,57,0
12058,57,0
12059,59,0
12060,59,0
12061,59,0
12062,55,0
12063,55,0
12064,60,0
12065,56,0
12066,56,0
12067,56,0
12068,59,0
12069,57,0
12070,57,0
12071,57,0
12072,57,0
12073,57,0
12074,57,0
12075,57,0
12076,59,0
12077,57,0
12078,59,0
12079,57,0
12080,57,0
12081,59,0
12082,59,0
12083,55,0
12084,55,0
12085,55,0
12086,59,0
12087,59,0
12088,58,0
12089,58,0
12090,58,0
12091,58,0
12092,58,0
12093,58,0
12094,56,0
12095,58,0
12096,58,0
12097,58,0
12098,58,0
12099,58,0
12100,58,0
12101,56,0
12102,58,0
12103,56,0
12104,58,0
12105,56,0
12106,58,0
12107,58,0
12108,58,0
12109,58,0
12110,173,1
12111,58,0
12112,58,0
12113,62,0
12114,60,0
12115,60,0
12116,58,0
12117,58,0
12118,60,0
12119,58,0
12120,58,0
12121,58,0
12122,60,0
12123,60,0
12124,58,0
12125,58,0
12126,60,0
12127,58,0
12128,58,0
12129,60,0
12130,58,0
12131,58,0
12132,58,0
12133,58,0
12134,58,0
12135,57,0
12136,57,0
12137,57,0
12138,60,0
12139,60,0
12140,57,0
12141,57,0
12142,59,0
12143,59,0
12144,57,0
12145,59,0
12146,57,0
12147,57,0
12148,58,0
12149,58,0
12150,60,0
12151,58,0
12152,58,0
12153,60,0
12154,60,0
12155,59,0
12156,58,0
12157,57,0
12158,61,0
12159,57,0
12160,59,0
12161,59,0
12162,57,0
12163,57,0
12164,59,0
12165,58,0
12166,58,0
12167,60,0
12168,60,0
12169,58,0
12170,58,0
12171,58,0
12172,58,0
12173,60,0
12174,59,0
12175,59,0
12176,59,0
12177,59,0
12178,60,0
12179,59,0
12180,57,0
12181,59,0
12182,59,0
12183,58,0
12184,58,0
12185,56,0
12186,59,0
12187,59,0
12188,59,0
12189,55,0
12190,59,0
12191,59,0
12192,58,0
12193,58,0
12194,58,0
12195,60,0
12196,58,0
12197,60,0
12198,60,0
12199,62,0
12200,60,0
12201,62,0
12202,60,0
12203,60,0
12204,58,0
12205,60,0
12206,62,0
12207,60,0
12208,60,0
12209,60,0
12210,60,0
12211,60,0
12212,60,0
12213,60,0
12214,60,0
12215,58,0
12216,61,0
12217,61,0
12218,60,0
12219,60,0
12220,60,0
12221,58,0
12222,60,0
12223,58,0
12224,60,0
12225,60,0
12226,60,0
12227,58,0
12228,60,0
12229,60,0
12230,58,0
12231,60,0
12232,58,0
12233,60,0
12234,60,0
12235,58,0
12236,61,0
12237,57,0
12238,59,0
12239,55,0
12240,61,0
12241,57,0
12242,57,0
12243,59,0
12244,57,0
12245,58,0
12246,58,0
12247,58,0
12248,58,0
12249,60,0
12250,56,0
12251,57,0
12252,57,0
12253,57,0
12254,60,0
12255,58,0
12256,60,0
12257,58,0
12258,58,0
12259,60,0
12260,57,0
12261,57,0
12262,59,0
12263,58,0
12264,58,0
12265,57,0
12266,55,0
12267,58,0
12268,60,0
12269,58,0
12270,58,0
12271,57,0
12272,59,0
12273,59,0
12274,58,0
12275,58,0
12276,58,0
12277,56,0
12278,57,0
12279,57,0
12280,57,0
12281,57,0
12282,58,0
12283,58,0
12284,56,0
12285,57,0
12286,59,0
12287,59,0
12288,57,0
12289,58,0
12290,58,0
12291,58,0
12292,60,0
12293,58,0
12294,57,0
12295,59,0
12296,57,0
12297,58,0
12298,58,0
12299,60,0
12300,60,0
12301,57,0
12302,61,0
12303,57,0
12304,55,0
12305,56,0
12306,56,0
12307,58,0
12308,55,0
12309,57,0
12310,57,0
12311,56,0
12312,58,0
12313,58,0
12314,59,0
12315,59,0
12316,59,0
12317,59,0
12318,59,0
12319,57,0
12320,55,0
12321,57,0
12322,58,0
12323,58,0
12324,58,0
12325,58,0
12326,58,0
12327,58,0
12328,55,0
12329,57,0
12330,59,0
12331,57,0
12332,59,0
12333,58,0
12334,58,0
12335,58,0
12336,58,0
12337,58,0
12338,58,0
12339,60,0
12340,56,0
12341,58,0
12342,58,0
12343,58,0
12344,56,0
12345,57,0
12346,55,0
12347,59,0
12348,59,0
12349,59,0
12350,59,0
12351,58,0
12352,56,0
12353,58,0
12354,58,0
12355,58,0
12356,60,0
12357,61,0
12358,57,0
12359,59,0
12360,55,0
12361,59,0
12362,58,0
12363,58,0
12364,60,0
12365,58,0
12366,58,0
12367,60,0
12368,58,0
12369,61,0
12370,57,0
12371,57,0
12372,55,0
12373,57,0
12374,57,0
12375,58,0
12376,58,0
12377,58,0
12378,60,0
12379,58,0
12380,55,0
12381,55,0
12382,57,0
12383,58,0
12384,58,0
12385,58,0
12386,55,0
12387,59,0
12388,59,0
12389,58,0
12390,56,0
12391,58,0
12392,58,0
12393,55,0
12394,56,0
12395,57,0
12396,57,0
12397,57,0
12398,58,0
12399,56,0
12400,56,0
12401,58,0
12402,58,0
12403,56,0
12404,57,0
12405,57,0
12406,57,0
12407,58,0
12408,56,0
12409,58,0
12410,58,0
12411,59,0
12412,59,0
12413,61,0
12414,59,0
12415,57,0
12416,60,0
12417,60,0
12418,58,0
12419,58,0
12420,56,0
12421,58,0
12422,58,0
12423,58,0
12424,58,0
12425,61,0
12426,59,0
12427,57,0
12428,57,0
12429,57,0
12430,58,0
12431,60,0
12432,56,0
12433,56,0
12434,58,0
12435,57,0
12436,55,0
12437,57,0
12438,57,0
12439,58,0
12440,58,0
12441,56,0
12442,60,0
12443,58,0
12444,61,0
12445,57,0
12446,57,0
12447,59,0
12448,59,0
12449,59,0
12450,59,0
12451,58,0
12452,58,0
12453,58,0
12454,58,0
12455,57,0
12456,59,0
12457,55,0
12458,59,0
12459,58,0
12460,58,0
12461,56,0
12462,56,0
12463,58,0
12464,59,0
12465,57,0
12466,55,0
12467,59,0
12468,61,0
12469,61,0
12470,56,0
12471,58,0
12472,58,0
12473,58,0
12474,58,0
12475,60,0
12476,58,0
12477,55,0
12478,57,0
12479,57,0
12480,59,0
12481,58,0
12482,58,0
12483,60,0
12484,58,0
12485,58,0
12486,61,0
12487,57,0
12488,59,0
12489,61,0
12490,59,0
12491,58,0
12492,58,0
12493,58,0
12494,58,0
12495,60,0
12496,57,0
12497,61,0
12498,59,0
12499,59,0
12500,59,0
12501,57,0
12502,57,0
12503,57,0
12504,58,0
12505,56,0
12506,58,0
12507,58,0
12508,58,0
12509,60,0
12510,60,0
12511,57,0
12512,59,0
12513,55,0
12514,59,0
12515,57,0
12516,58,0
12517,58,0
12518,56,0
12519,56,0
12520,58,0
12521,58,0
12522,55,0
12523,57,0
12524,59,0
12525,57,0
12526,55,0
12527,55,0
12528,57,0
12529,59,0
12530,57,0
12531,56,0
12532,58,0
12533,55,0
12534,55,0
12535,56,0
12536,58,0
12537,58,0
12538,58,0
12539,57,0
12540,55,0
12541,56,0
12542,58,0
12543,57,0
12544,55,0
12545,56,0
12546,54,0
12547,55,0
12548,55,0
12549,56,0
12550,56,0
12551,55,0
12552,57,0
12553,56,0
12554,56,0
12555,55,0
12556,58,0
12557,57,0
12558,55,0
12559,54,0
12560,58,0
12561,58,0
12562,59,0
12563,57,0
12564,58,0
12565,56,0
12566,56,0
12567,57,0
12568,57,0
12569,56,0
12570,58,0
12571,55,0
12572,55,0
12573,57,0
12574,58,0
12575,58,0
12576,58,0
12577,57,0
12578,59,0
12579,56,0
12580,58,0
12581,58,0
12582,56,0
12583,57,0
12584,55,0
12585,58,0
12586,56,0
12587,57,0
12588,57,0
12589,58,0
12590,56,0
12591,56,0
12592,57,0
12593,57,0
12594,56,0
12595,56,0
12596,59,0
12597,57,0
12598,55,0
12599,58,0
12600,56,0
12601,55,0
12602,55,0
12603,56,0
12604,58,0
12605,56,0
12606,55,0
12607,56,0
12608,56,0
12609,56,0
12610,55,0
12611,57,0
12612,54,0
12613,56,0
12614,57,0
12615,57,0
12616,56,0
12617,58,0
12618,56,0
12619,59,0
12620,55,0
12621,54,0
12622,56,0
12623,59,0
12624,55,0
12625,59,0
12626,57,0
12627,58,0
12628,58,0
12629,58,0
12630,55,0
12631,57,0
12632,56,0
12633,58,0
12634,58,0
12635,59,0
12636,55,0
12637,55,0
12638,56,0
12639,56,0
12640,57,0
12641,55,0
12642,56,0
12643,58,0
12644,58,0
12645,59,0
12646,59,0
12647,58,0
12648,58,0
12649,56,0
12650,57,0
12651,57,0
12652,55,0
12653,54,0
12654,56,0
12655,57,0
12656,56,0
12657,56,0
12658,55,0
12659,57,0
12660,56,0
12661,54,0
12662,55,0
12663,57,0
12664,58,0
12665,54,0
12666,57,0
12667,54,0
12668,56,0
12669,55,0
12670,57,0
12671,56,0
12672,56,0
12673,57,0
12674,56,0
12675,56,0
12676,56,0
12677,57,0
12678,58,0
12679,58,0
12680,57,0
12681,57,0
12682,56,0
12683,54,0
12684,59,0
12685,58,0
12686,56,0
12687,56,0
12688,57,0
12689,54,0
12690,54,0
12691,58,0
12692,56,0
12693,57,0
12694,55,0
12695,56,0
12696,56,0
12697,58,0
12698,55,0
12699,57,0
12700,56,0
12701,58,0
12702,58,0
12703,59,0
12704,55,0
12705,56,0
12706,56,0
12707,58,0
12708,59,0
12709,59,0
12710,56,0
12711,56,0
12712,56,0
12713,59,0
12714,55,0
12715,56,0
12716,58,0
12717,56,0
12718,56,0
12719,58,0
12720,55,0
12721,59,0
12722,58,0
12723,56,0
12724,55,0
12725,59,0
12726,56,0
12727,56,0
12728,58,0
12729,57,0
12730,55,0
12731,57,0
12732,58,0
12733,58,0
12734,57,0
12735,57,0
12736,59,0
12737,56,0
12738,56,0
12739,57,0
12740,55,0
12741,55,0
12742,54,0
12743,58,0
12744,56,0
12745,56,0
12746,55,0
12747,57,0
12748,56,0
12749,58,0
12750,56,0
12751,57,0
12752,59,0
12753,56,0
12754,54,0
12755,58,0
12756,57,0
12757,55,0
12758,57,0
12759,56,0
12760,58,0
12761,57,0
12762,57,0
12763,56,0
12764,56,0
12765,58,0
12766,55,0
12767,57,0
12768,58,0
12769,58,0
12770,56,0
12771,56,0
12772,56,0
12773,59,0
12774,57,0
12775,58,0
12776,56,0
12777,55,0
12778,57,0
12779,56,0
12780,58,0
12781,58,0
12782,59,0
12783,59,0
12784,58,0
12785,58,0
12786,57,0
12787,59,0
12788,58,0
12789,56,0
12790,57,0
12791,59,0
12792,58,0
12793,58,0
12794,56,0
12795,57,0
12796,59,0
12797,58,0
12798,58,0
12799,59,0
12800,59,0
12801,56,0
12802,56,0
12803,57,0
12804,55,0
12805,58,0
12806,58,0
12807,58,0
12808,57,0
12809,59,0
12810,58,0
12811,58,0
12812,57,0
12813,57,0
12814,56,0
12815,58,0
12816,55,0
12817,57,0
12818,58,0
12819,56,0
12820,59,0
12821,57,0
12822,56,0
12823,58,0
12824,56,0
12825,59,0
12826,58,0
12827,56,0
12828,51,0
12829,59,0
12830,55,0
12831,58,0
12832,56,0
12833,57,0
12834,57,0
12835,55,0
12836,58,0
12837,58,0
12838,58,0
12839,59,0
12840,59,0
12841,56,0
12842,56,0
12843,56,0
12844,59,0
12845,55,0
12846,58,0
12847,56,0
12848,56,0
12849,59,0
12850,55,0
12851,54,0
12852,58,0
12853,59,0
12854,57,0
12855,57,0
12856,58,0
12857,56,0
12858,56,0
12859,56,0
12860,55,0
12861,55,0
12862,56,0
12863,58,0
12864,55,0
12865,57,0
12866,57,0
12867,54,0
12868,58,0
12869,58,0
12870,55,0
12871,55,0
12872,57,0
12873,56,0
12874,56,0
12875,58,0
12876,55,0
12877,57,0
12878,56,0
12879,54,0
12880,57,0
12881,57,0
12882,56,0
12883,54,0
12884,55,0
12885,59,0
12886,56,0
12887,56,0
12888,56,0
12889,55,0
12890,55,0
12891,56,0
12892,58,0
12893,57,0
12894,55,0
12895,57,0
12896,58,0
12897,56,0
12898,55,0
12899,55,0
12900,56,0
12901,56,0
12902,56,0
12903,55,0
12904,57,0
12905,58,0
12906,56,0
12907,57,0
12908,57,0
12909,55,0
12910,57,0
12911,58,0
12912,56,0
12913,58,0
12914,59,0
12915,57,0
12916,56,0
12917,58,0
12918,56,0
12919,56,0
12920,57,0
12921,55,0
12922,55,0
12923,54,0
12924,56,0
12925,54,0
12926,55,0
12927,59,0
12928,55,0
12929,54,0
12930,58,0
12931,54,0
12932,58,0
12933,55,0
12934,59,0
12935,55,0
12936,56,0
12937,56,0
12938,58,0
12939,56,0
12940,55,0
12941,55,0
12942,59,0
12943,56,0
12944,54,0
12945,56,0
12946,57,0
12947,57,0
12948,59,0
12949,56,0
12950,56,0
12951,56,0
12952,56,0
12953,55,0
12954,57,0
12955,58,0
12956,56,0
12957,56,0
12958,58,0
12959,56,0
12960,56,0
12961,59,0
12962,57,0
12963,57,0
12964,54,0
12965,58,0
12966,56,0
12967,56,0
12968,55,0
12969,59,0
12970,56,0
12971,56,0
12972,58,0
12973,58,0
12974,55,0
12975,57,0
12976,56,0
12977,56,0
12978,56,0
12979,58,0
12980,57,0
12981,55,0
12982,54,0
12983,56,0
12984,56,0
12985,56,0
12986,56,0
12987,56,0
12988,59,0
12989,57,0
12990,55,0
12991,56,0
12992,54,0
12993,58,0
12994,56,0
12995,55,0
12996,55,0
12997,57,0
12998,57,0
12999,56,0
13000,56,0
13001,56,0
13002,56,0
13003,56,0
13004,55,0
13005,55,0
13006,55,0
13007,55,0
13008,58,0
13009,56,0
13010,56,0
13011,56,0
13012,58,0
13013,57,0
13014,55,0
13015,59,0
13016,57,0
13017,58,0
13018,56,0
13019,58,0
13020,56,0
13021,56,0
13022,55,0
13023,59,0
13024,55,0
13025,56,0
13026,56,0
13027,58,0
13028,56,0
13029,55,0
13030,59,0
13031,57,0
13032,55,0
13033,56,0
13034,56,0
13035,54,0
13036,56,0
13037,56,0
13038,59,0
13039,57,0
13040,59,0
13041,59,0
13042,55,0
13043,55,0
13044,56,0
13045,56,0
13046,56,0
13047,56,0
13048,56,0
13049,57,0
13050,57,0
13051,55,0
13052,58,0
13053,56,0
13054,58,0
13055,56,0
13056,56,0
13057,55,0
13058,57,0
13059,57,0
13060,57,0
13061,56,0
13062,56,0
13063,58,0
13064,58,0
13065,56,0
13066,55,0
13067,55,0
13068,56,0
13069,57,0
13070,57,0
13071,57,0
13072,56,0
13073,58,0
13074,56,0
13075,56,0
13076,55,0
13077,55,0
13078,59,0
13079,59,0
13080,55,0
13081,56,0
13082,54,0
13083,56,0
13084,56,0
13085,56,0
13086,59,0
13087,55,0
13088,59,0
13089,56,0
13090,54,0
13091,56,0
13092,56,0
13093,56,0
13094,58,0
13095,56,0
13096,55,0
13097,59,0
13098,57,0
13099,58,0
13100,56,0
13101,56,0
13102,56,0
13103,57,0
13104,57,0
13105,57,0
13106,56,0
13107,54,0
13108,56,0
13109,56,0
13110,58,0
13111,59,0
13112,57,0
13113,55,0
13114,55,0
13115,56,0
13116,54,0
13117,58,0
13118,56,0
13119,56,0
13120,58,0
13121,55,0
13122,55,0
13123,57,0
13124,55,0
13125,56,0
13126,56,0
13127,56,0
13128,56,0
13129,55,0
13130,57,0
13131,57,0
13132,54,0
13133,56,0
13134,56,0
13135,54,0
13136,57,0
13137,57,0
13138,55,0
13139,56,0
13140,56,0
13141,54,0
13142,54,0
13143,59,0
13144,57,0
13145,57,0
13146,56,0
13147,58,0
13148,56,0
13149,58,0
13150,56,0
13151,58,0
13152,57,0
13153,59,0
13154,55,0
13155,56,0
13156,56,0
13157,56,0
13158,57,0
13159,57,0
13160,57,0
13161,58,0
13162,56,0
13163,56,0
13164,55,0
13165,57,0
13166,57,0
13167,56,0
13168,54,0
13169,58,0
13170,56,0
13171,57,0
13172,57,0
13173,58,0
13174,58,0
13175,58,0
13176,56,0
13177,59,0
13178,57,0
13179,58,0
13180,57,0
13181,56,0
13182,56,0
13183,58,0
13184,56,0
13185,55,0
13186,59,0
13187,57,0
13188,56,0
13189,56,0
13190,56,0
13191,54,0
13192,56,0
13193,56,0
13194,59,0
13195,59,0
13196,57,0
13197,56,0
13198,56,0
13199,56,0
13200,54,0
13201,57,0
13202,55,0
13203,57,0
13204,56,0
13205,58,0
13206,58,0
13207,55,0
13208,56,0
13209,57,0
13210,55,0
13211,57,0
13212,59,0
13213,57,0
13214,56,0
13215,58,0
13216,58,0
13217,56,0
13218,57,0
13219,55,0
13220,58,0
13221,56,0
13222,56,0
13223,56,0
13224,55,0
13225,55,0
13226,59,0
13227,58,0
13228,56,0
13229,58,0
13230,56,0
13231,57,0
13232,59,0
13233,57,0
13234,58,0
13235,56,0
13236,56,0
13237,54,0
13238,56,0
13239,56,0
13240,57,0
13241,57,0
13242,57,0
13243,58,0
13244,56,0
13245,58,0
13246,56,0
13247,59,0
13248,55,0
13249,59,0
13250,59,0
13251,56,0
13252,56,0
13253,56,0
13254,57,0
13255,55,0
13256,55,0
13257,57,0
13258,56,0
13259,54,0
13260,56,0
13261,56,0
13262,59,0
13263,57,0
13264,57,0
13265,57,0
13266,55,0
13267,56,0
13268,58,0
13269,58,0
13270,54,0
13271,55,0
13272,55,0
13273,57,0
13274,57,0
13275,56,0
13276,56,0
13277,56,0
13278,57,0
13279,59,0
13280,55,0
13281,57,0
13282,56,0
13283,56,0
13284,58,0
13285,55,0
13286,57,0
13287,57,0
13288,57,0
13289,56,0
13290,56,0
13291,56,0
13292,56,0
13293,57,0
13294,54,0
13295,59,0
13296,55,0
13297,57,0
13298,56,0
13299,54,0
13300,54,0
13301,56,0
13302,59,0
13303,55,0
13304,55,0
13305,56,0
13306,56,0
13307,56,0
13308,56,0
13309,59,0
13310,57,0
13311,56,0
13312,54,0
13313,58,0
13314,56,0
13315,59,0
13316,59,0
13317,57,0
13318,58,0
13319,56,0
13320,54,0
13321,58,0
13322,55,0
13323,57,0
13324,57,0
13325,56,0
13326,56,0
13327,56,0
13328,56,0
13329,59,0
13330,57,0
13331,55,0
13332,54,0
13333,58,0
13334,56,0
13335,56,0
13336,58,0
13337,55,0
13338,59,0
13339,55,0
13340,56,0
13341,56,0
13342,56,0
13343,56,0
13344,56,0
13345,57,0
13346,57,0
13347,57,0
13348,55,0
13349,56,0
13350,56,0
13351,58,0
13352,54,0
13353,56,0
13354,55,0
13355,55,0
13356,55,0
13357,55,0
13358,55,0
13359,54,0
13360,54,0
13361,56,0
13362,58,0
13363,56,0
13364,54,0
13365,56,0
13366,59,0
13367,55,0
13368,57,0
13369,57,0
13370,57,0
13371,56,0
13372,56,0
13373,56,0
13374,56,0
13375,56,0
13376,55,0
13377,57,0
13378,57,0
13379,57,0
13380,57,0
13381,58,0
13382,58,0
13383,56,0
13384,56,0
13385,56,0
13386,57,0
13387,56,0
13388,55,0
13389,57,0
13390,55,0
13391,58,0
13392,56,0
13393,58,0
13394,58,0
13395,57,0
13396,55,0
13397,57,0
13398,56,0
13399,58,0
13400,56,0
13401,56,0
13402,55,0
13403,59,0
13404,55,0
13405,54,0
13406,56,0
13407,58,0
13408,55,0
13409,57,0
13410,57,0
13411,58,0
13412,58,0
13413,56,0
13414,56,0
13415,59,0
13416,57,0
13417,55,0
13418,56,0
13419,56,0
13420,56,0
13421,56,0
13422,59,0
13423,57,0
13424,57,0
13425,56,0
13426,56,0
13427,54,0
13428,56,0
13429,57,0
13430,57,0
13431,55,0
13432,54,0
13433,56,0
13434,58,0
13435,56,0
13436,57,0
13437,57,0
13438,56,0
13439,56,0
13440,56,0
13441,56,0
13442,56,0
13443,55,0
13444,57,0
13445,59,0
13446,56,0
13447,56,0
13448,56,0
13449,55,0
13450,59,0
13451,56,0
13452,56,0
13453,54,0
13454,56,0
13455,57,0
13456,57,0
13457,56,0
13458,58,0
13459,56,0
13460,56,0
13461,55,0
13462,55,0
13463,57,0
13464,56,0
13465,56,0
13466,56,0
13467,56,0
13468,56,0
13469,55,0
13470,57,0
13471,59,0
13472,54,0
13473,56,0
13474,56,0
13475,56,0
13476,58,0
13477,59,0
13478,57,0
13479,57,0
13480,56,0
13481,56,0
13482,56,0
13483,56,0
13484,55,0
13485,57,0
13486,57,0
13487,58,0
13488,56,0
13489,54,0
13490,57,0
13491,55,0
13492,57,0
13493,58,0
13494,56,0
13495,58,0
13496,56,0
13497,58,0
13498,58,0
13499,55,0
13500,57,0
13501,59,0
13502,56,0
13503,58,0
13504,54,0
13505,55,0
13506,55,0
13507,57,0
13508,56,0
13509,54,0
13510,54,0
13511,56,0
13512,55,0
13513,55,0
13514,56,0
13515,58,0
13516,58,0
13517,56,0
13518,55,0
13519,55,0
13520,55,0
13521,59,0
13522,55,0
13523,56,0
13524,54,0
13525,56,0
13526,57,0
13527,55,0
13528,57,0
13529,56,0
13530,56,0
13531,56,0
13532,56,0
13533,54,0
13534,55,0
13535,59,0
13536,55,0
13537,55,0
13538,58,0
13539,58,0
13540,56,0
13541,56,0
13542,55,0
13543,55,0
13544,55,0
13545,57,0
13546,56,0
13547,59,0
13548,56,0
13549,56,0
13550,56,0
13551,56,0
13552,55,0
13553,57,0
13554,55,0
13555,58,0
13556,56,0
13557,58,0
13558,55,0
13559,57,0
13560,55,0
13561,56,0
13562,56,0
13563,56,0
13564,56,0
13565,55,0
13566,57,0
13567,59,0
13568,56,0
13569,56,0
13570,56,0
13571,54,0
13572,57,0
13573,57,0
13574,59,0
13575,55,0
13576,56,0
13577,56,0
13578,58,0
13579,56,0
13580,59,0
13581,57,0
13582,57,0
13583,56,0
13584,58,0
13585,58,0
13586,56,0
13587,55,0
13588,55,0
13589,56,0
13590,58,0
13591,56,0
13592,56,0
13593,55,0
13594,59,0
13595,55,0
13596,56,0
13597,56,0
13598,54,0
13599,59,0
13600,55,0
13601,55,0
13602,58,0
13603,56,0
13604,56,0
13605,58,0
13606,58,0
13607,55,0
13608,57,0
13609,57,0
13610,58,0
13611,58,0
13612,54,0
13613,56,0
13614,57,0
13615,57,0
13616,57,0
13617,56,0
13618,58,0
13619,56,0
13620,55,0
13621,57,0
13622,57,0
13623,58,0
13624,56,0
13625,56,0
13626,56,0
13627,55,0
13628,57,0
13629,59,0
13630,54,0
13631,54,0
13632,56,0
13633,56,0
13634,54,0
13635,57,0
13636,57,0
13637,59,0
13638,56,0
13639,56,0
13640,56,0
13641,57,0
13642,55,0
13643,55,0
13644,56,0
13645,56,0
13646,56,0
13647,56,0
13648,57,0
13649,55,0
13650,56,0
13651,56,0
13652,56,0
13653,56,0
13654,55,0
13655,59,0
13656,56,0
13657,56,0
13658,56,0
13659,56,0
13660,58,0
13661,56,0
13662,55,0
13663,55,0
13664,55,0
13665,59,0
13666,54,0
13667,56,0
13668,57,0
13669,55,0
13670,55,0
13671,55,0
13672,57,0
13673,55,0
13674,56,0
13675,58,0
13676,58,0
13677,56,0
13678,57,0
13679,57,0
13680,59,0
13681,59,0
13682,56,0
13683,58,0
13684,58,0
13685,58,0
13686,56,0
13687,55,0
13688,55,0
13689,57,0
13690,56,0
13691,56,0
13692,56,0
13693,58,0
13694,59,0
13695,55,0
13696,57,0
13697,56,0
13698,58,0
13699,56,0
13700,57,0
13701,57,0
13702,55,0
13703,56,0
13704,58,0
13705,56,0
13706,59,0
13707,55,0
13708,57,0
13709,56,0
13710,58,0
13711,56,0
13712,55,0
13713,59,0
13714,59,0
13715,55,0
13716,55,0
13717,56,0
13718,54,0
13719,56,0
13720,55,0
13721,55,0
13722,55,0
13723,56,0
13724,56,0
13725,58,0
13726,56,0
13727,59,0
13728,57,0
13729,58,0
13730,56,0
13731,56,0
13732,56,0
13733,59,0
13734,59,0
13735,56,0
13736,56,0
13737,58,0
13738,54,0
13739,57,0
13740,59,0
13741,58,0
13742,56,0
13743,58,0
13744,54,0
13745,56,0
13746,58,0
13747,57,0
13748,57,0
13749,59,0
13750,58,0
13751,56,0
13752,56,0
13753,57,0
13754,57,0
13755,57,0
13756,56,0
13757,56,0
13758,56,0
13759,59,0
13760,55,0
13761,59,0
13762,56,0
13763,54,0
13764,56,0
13765,57,0
13766,59,0
13767,55,0
13768,57,0
13769,56,0
13770,54,0
13771,56,0
13772,59,0
13773,56,0
13774,57,0
13775,57,0
13776,55,0
13777,58,0
13778,56,0
13779,56,0
13780,55,0
13781,57,0
13782,59,0
13783,58,0
13784,56,0
13785,58,0
13786,56,0
13787,57,0
13788,57,0
13789,55,0
13790,56,0
13791,58,0
13792,56,0
13793,55,0
13794,57,0
13795,57,0
13796,54,0
13797,56,0
13798,56,0
13799,59,0
13800,55,0
13801,55,0
13802,56,0
13803,59,0
13804,56,0
13805,58,0
13806,56,0
13807,56,0
13808,56,0
13809,59,0
13810,59,0
13811,56,0
13812,56,0
13813,54,0
13814,55,0
13815,55,0
13816,55,0
13817,58,0
13818,56,0
13819,56,0
13820,56,0
13821,59,0
13822,59,0
13823,55,0
13824,58,0
13825,58,0
13826,56,0
13827,56,0
13828,55,0
13829,59,0
13830,55,0
13831,58,0
13832,57,0
13833,58,0
13834,56,0
13835,56,0
13836,56,0
13837,59,0
13838,55,0
13839,55,0
13840,58,0
13841,58,0
13842,58,0
13843,56,0
13844,57,0
13845,59,0
13846,58,0
13847,58,0
13848,56,0
13849,56,0
13850,57,0
13851,59,0
13852,59,0
13853,58,0
13854,56,0
13855,56,0
13856,57,0
13857,55,0
13858,55,0
13859,56,0
13860,58,0
13861,56,0
13862,56,0
13863,54,0
13864,56,0
13865,55,0
13866,59,0
13867,57,0
13868,58,0
13869,57,0
13870,57,0
13871,59,0
13872,56,0
13873,58,0
13874,56,0
13875,55,0
13876,57,0
13877,56,0
13878,56,0
13879,54,0
13880,56,0
13881,55,0
13882,55,0
13883,56,0
13884,54,0
13885,56,0
13886,55,0
13887,55,0
13888,56,0
13889,58,0
13890,57,0
13891,55,0
13892,56,0
13893,56,0
13894,54,0
13895,58,0
13896,55,0
13897,59,0
13898,56,0
13899,56,0
13900,56,0
13901,56,0
13902,57,0
13903,57,0
13904,56,0
13905,56,0
13906,56,0
13907,57,0
13908,57,0
13909,57,0
13910,56,0
13911,56,0
13912,56,0
13913,55,0
13914,55,0
13915,54,0
13916,56,0
13917,56,0
13918,57,0
13919,55,0
13920,56,0
13921,58,0
13922,56,0
13923,55,0
13924,57,0
13925,59,0
13926,55,0
13927,57,0
13928,56,0
13929,56,0
13930,56,0
13931,55,0
13932,55,0
13933,58,0
13934,58,0
13935,58,0
13936,59,0
13937,59,0
13938,59,0
13939,56,0
13940,58,0
13941,59,0
13942,59,0
13943,57,0
13944,58,0
13945,54,0
13946,56,0
13947,57,0
13948,57,0
13949,58,0
13950,58,0
13951,54,0
13952,56,0
13953,56,0
13954,57,0
13955,55,0
13956,56,0
13957,56,0
13958,56,0
13959,55,0
13960,59,0
13961,58,0
13962,58,0
13963,56,0
13964,55,0
13965,55,0
13966,56,0
13967,56,0
13968,56,0
13969,59,0
13970,59,0
13971,55,0
13972,56,0
13973,58,0
13974,58,0
13975,55,0
13976,59,0
13977,59,0
13978,56,0
13979,56,0
13980,57,0
13981,56,0
13982,57,0
13983,57,0
13984,56,0
13985,56,0
13986,56,0
13987,59,0
13988,55,0
13989,58,0
13990,58,0
13991,58,0
13992,56,0
13993,57,0
13994,57,0
13995,56,0
13996,58,0
13997,56,0
13998,56,0
13999,57,0
14000,57,0
14001,58,0
14002,56,0
14003,56,0
14004,57,0
14005,57,0
14006,58,0
14007,56,0
14008,58,0
14009,55,0
14010,56,0
14011,59,0
14012,59,0
14013,58,0
14014,56,0
14015,55,0
14016,59,0
14017,57,0
14018,56,0
14019,56,0
14020,56,0
14021,55,0
14022,57,0
14023,55,0
14024,56,0
14025,54,0
14026,58,0
14027,55,0
14028,57,0
14029,59,0
14030,56,0
14031,56,0
14032,56,0
14033,57,0
14034,55,0
14035,56,0
14036,58,0
14037,56,0
14038,56,0
14039,56,0
14040,55,0
14041,57,0
14042,58,0
14043,56,0
14044,56,0
14045,55,0
14046,56,0
14047,56,0
14048,56,0
14049,59,0
14050,57,0
14051,56,0
14052,58,0
14053,54,0
14054,57,0
14055,55,0
14056,56,0
14057,56,0
14058,56,0
14059,57,0
14060,57,0
14061,56,0
14062,56,0
14063,56,0
14064,59,0
14065,57,0
14066,56,0
14067,56,0
14068,56,0
14069,58,0
14070,55,0
14071,55,0
14072,56,0
14073,56,0
14074,55,0
14075,55,0
14076,56,0
14077,56,0
14078,58,0
14079,55,0
14080,59,0
14081,56,0
14082,58,0
14083,54,0
14084,57,0
14085,55,0
14086,56,0
14087,58,0
14088,56,0
14089,59,0
14090,59,0
14091,59,0
14092,58,0
14093,56,0
14094,56,0
14095,54,0
14096,57,0
14097,55,0
14098,59,0
14099,56,0
14100,56,0
14101,56,0
14102,61,0
14103,59,0
14104,56,0
14105,56,0
14106,56,0
14107,57,0
14108,55,0
14109,55,0
14110,56,0
14111,56,0
14112,56,0
14113,57,0
14114,55,0
14115,55,0
14116,54,0
14117,56,0
14118,56,0
14119,57,0
14120,59,0
14121,55,0
14122,56,0
14123,56,0
14124,56,0
14125,56,0
14126,55,0
14127,57,0
14128,58,0
14129,56,0
14130,56,0
14131,58,0
14132,55,0
14133,55,0
14134,58,0
14135,56,0
14136,56,0
14137,55,0
14138,57,0
14139,59,0
14140,56,0
14141,58,0
14142,58,0
14143,57,0
14144,55,0
14145,59,0
14146,58,0
14147,56,0
14148,56,0
14149,57,0
14150,55,0
14151,57,0
14152,55,0
14153,56,0
14154,54,0
14155,54,0
14156,57,0
14157,57,0
14158,57,0
14159,56,0
14160,56,0
14161,56,0
14162,55,0
14163,55,0
14164,56,0
14165,58,0
14166,58,0
14167,56,0
14168,55,0
14169,55,0
14170,56,0
14171,56,0
14172,56,0
14173,55,0
14174,57,0
14175,57,0
14176,56,0
14177,56,0
14178,58,0
14179,55,0
14180,57,0
14181,55,0
14182,58,0
14183,56,0
14184,56,0
14185,55,0
14186,59,0
14187,56,0
14188,56,0
14189,56,0
14190,55,0
14191,55,0
14192,57,0
14193,54,0
14194,54,0
14195,55,0
14196,57,0
14197,57,0
14198,56,0
14199,56,0
14200,56,0
14201,55,0
14202,55,0
14203,56,0
14204,56,0
14205,57,0
14206,58,0
14207,56,0
14208,56,0
14209,57,0
14210,59,0
14211,56,0
14212,56,0
14213,56,0
14214,55,0
14215,55,0
14216,56,0
14217,56,0
14218,56,0
14219,59,0
14220,57,0
14221,58,0
14222,58,0
14223,56,0
14224,59,0
14225,59,0
14226,56,0
14227,56,0
14228,58,0
14229,57,0
14230,59,0
14231,56,0
14232,55,0
14233,56,0
14234,56,0
14235,58,0
14236,57,0
14237,57,0
14238,56,0
14239,56,0
14240,56,0
14241,55,0
14242,55,0
14243,54,0
14244,56,0
14245,56,0
14246,59,0
14247,57,0
14248,57,0
14249,56,0
14250,54,0
14251,56,0
14252,55,0
14253,55,0
14254,57,0
14255,58,0
14256,58,0
14257,58,0
14258,57,0
14259,55,0
14260,57,0
14261,57,0
14262,58,0
14263,58,0
14264,58,0
14265,57,0
14266,59,0
14267,56,0
14268,58,0
14269,58,0
14270,59,0
14271,57,0
14272,56,0
14273,56,0
14274,54,0
14275,57,0
14276,59,0
14277,55,0
14278,56,0
14279,54,0
14280,56,0
14281,57,0
14282,55,0
14283,58,0
14284,56,0
14285,56,0
14286,56,0
14287,56,0
14288,55,0
14289,55,0
14290,58,0
14291,58,0
14292,58,0
14293,57,0
14294,55,0
14295,56,0
14296,56,0
14297,56,0
14298,55,0
14299,57,0
14300,55,0
14301,56,0
14302,58,0
14303,56,0
14304,55,0
14305,57,0
14306,57,0
14307,56,0
14308,54,0
14309,56,0
14310,55,0
14311,57,0
14312,57,0
14313,55,0
14314,57,0
14315,58,0
14316,56,0
14317,56,0
14318,55,0
14319,57,0
14320,56,0
14321,58,0
14322,58,0
14323,59,0
14324,57,0
14325,57,0
14326,56,0
14327,56,0
14328,56,0
14329,55,0
14330,55,0
14331,56,0
14332,58,0
14333,58,0
14334,55,0
14335,59,0
14336,57,0
14337,56,0
14338,58,0
14339,58,0
14340,56,0
14341,56,0
14342,57,0
14343,55,0
14344,56,0
14345,56,0
14346,56,0
14347,57,0
14348,57,0
14349,57,0
14350,54,0
14351,58,0
14352,56,0
14353,57,0
14354,56,0
14355,56,0
14356,58,0
14357,57,0
14358,57,0
14359,56,0
14360,56,0
14361,57,0
14362,57,0
14363,57,0
14364,56,0
14365,56,0
14366,56,0
14367,56,0
14368,55,0
14369,59,0
14370,55,0
14371,58,0
14372,56,0
14373,57,0
14374,57,0
14375,55,0
14376,58,0
14377,56,0
14378,58,0
14379,57,0
14380,57,0
14381,56,0
14382,56,0
14383,56,0
14384,59,0
14385,55,0
14386,56,0
14387,56,0
14388,56,0
14389,59,0
14390,55,0
14391,57,0
14392,56,0
14393,54,0
14394,55,0
14395,56,0
14396,57,0
14397,55,0
14398,54,0
14399,58,0
14400,56,0
14401,57,0
14402,55,0
14403,56,0
14404,54,0
14405,56,0
14406,59,0
14407,59,0
14408,54,0
14409,54,0
14410,56,0
14411,55,0
14412,59,0
14413,57,0
14414,58,0
14415,56,0
14416,56,0
14417,55,0
14418,55,0
14419,58,0
14420,56,0
14421,58,0
14422,58,0
14423,59,0
14424,57,0
14425,57,0
14426,59,0
14427,54,0
14428,58,0
14429,54,0
14430,54,0
14431,57,0
14432,57,0
14433,55,0
14434,56,0
14435,54,0
14436,56,0
14437,58,0
14438,57,0
14439,57,0
14440,56,0
14441,55,0
14442,57,0
14443,56,0
14444,58,0
14445,56,0
14446,57,0
14447,55,0
14448,56,0
14449,56,0
14450,58,0
14451,57,0
14452,59,0
14453,57,0
14454,58,0
14455,58,0
14456,58,0
14457,57,0
14458,57,0
14459,57,0
14460,54,0
14461,56,0
14462,56,0
14463,59,0
14464,57,0
14465,56,0
14466,56,0
14467,54,0
14468,54,0
14469,56,0
14470,55,0
14471,55,0
14472,59,0
14473,58,0
14474,56,0
14475,56,0
14476,55,0
14477,59,0
14478,58,0
14479,56,0
14480,56,0
14481,55,0
14482,55,0
14483,59,0
14484,54,0
14485,58,0
14486,57,0
14487,55,0
14488,55,0
14489,54,0
14490,54,0
14491,56,0
14492,56,0
14493,57,0
14494,57,0
14495,55,0
14496,55,0
14497,56,0
14498,56,0
14499,58,0
14500,56,0
14501,55,0
14502,55,0
14503,57,0
14504,58,0
14505,56,0
14506,56,0
14507,55,0
14508,57,0
14509,57,0
14510,56,0
14511,58,0
14512,56,0
14513,55,0
14514,57,0
14515,55,0
14516,54,0
14517,56,0
14518,56,0
14519,57,0
14520,57,0
14521,57,0
14522,56,0
14523,55,0
14524,56,0
14525,56,0
14526,56,0
14527,56,0
14528,57,0
14529,59,0
14530,57,0
14531,56,0
14532,56,0
14533,56,0
14534,55,0
14535,57,0
14536,55,0
14537,56,0
14538,54,0
14539,56,0
14540,56,0
14541,57,0
14542,57,0
14543,56,0
14544,58,0
14545,58,0
14546,57,0
14547,57,0
14548,56,0
14549,59,0
14550,58,0
14551,56,0
14552,56,0
14553,57,0
14554,59,0
14555,56,0
14556,54,0
14557,56,0
14558,56,0
14559,55,0
14560,57,0
14561,56,0
14562,56,0
14563,54,0
14564,57,0
14565,55,0
14566,59,0
14567,56,0
14568,56,0
14569,58,0
14570,55,0
14571,55,0
14572,57,0
14573,56,0
14574,56,0
14575,54,0
14576,58,0
14577,56,0
14578,55,0
14579,55,0
14580,56,0
14581,56,0
14582,56,0
14583,56,0
14584,55,0
14585,55,0
14586,55,0
14587,56,0
14588,56,0
14589,58,0
14590,57,0
14591,57,0
14592,57,0
14593,58,0
14594,54,0
14595,56,0
14596,56,0
14597,57,0
14598,55,0
14599,56,0
14600,58,0
14601,58,0
14602,58,0
14603,57,0
14604,58,0
14605,57,0
14606,55,0
14607,59,0
14608,56,0
14609,58,0
14610,56,0
14611,56,0
14612,55,0
14613,55,0
14614,59,0
14615,56,0
14616,56,0
14617,54,0
14618,58,0
14619,59,0
14620,59,0
14621,57,0
14622,56,0
14623,58,0
14624,56,0
14625,54,0
14626,57,0
14627,59,0
14628,55,0
14629,58,0
14630,56,0
14631,56,0
14632,55,0
14633,59,0
14634,56,0
14635,54,0
14636,58,0
14637,55,0
14638,55,0
14639,55,0
14640,55,0
14641,55,0
14642,55,0
14643,57,0
14644,56,0
14645,56,0
14646,54,0
14647,56,0
14648,59,0
14649,55,0
14650,55,0
14651,56,0
14652,56,0
14653,56,0
14654,55,0
14655,55,0
14656,56,0
14657,58,0
14658,56,0
14659,55,0
14660,57,0
14661,57,0
14662,56,0
14663,57,0
14664,54,0
14665,58,0
14666,56,0
14667,56,0
14668,55,0
14669,59,0
14670,56,0
14671,56,0
14672,56,0
14673,62,0
14674,57,0
14675,57,0
14676,57,0
14677,56,0
14678,58,0
14679,54,0
14680,58,0
14681,59,0
14682,55,0
14683,57,0
14684,56,0
14685,58,0
14686,56,0
14687,57,0
14688,65,0
14689,63,0
14690,62,0
14691,61,0
14692,61,0
14693,64,0
14694,65,0
14695,62,0
14696,64,0
14697,65,0
14698,62,0
14699,63,0
14700,63,0
14701,64,0
14702,61,0
14703,62,0
14704,67,0
14705,63,0
14706,62,0
14707,63,0
14708,64,0
14709,64,0
14710,61,0
14711,62,0
14712,65,0
14713,62,0
14714,65,0
14715,61,0
14716,64,0
14717,65,0
14718,64,0
14719,65,0
14720,64,0
14721,61,0
14722,67,0
14723,62,0
14724,63,0
14725,62,0
14726,61,0
14727,64,0
14728,64,0
14729,63,0
14730,64,0
14731,65,0
14732,64,0
14733,65,0
14734,63,0
14735,64,0
14736,65,0
14737,64,0
14738,65,0
14739,64,0
14740,65,0
14741,64,0
14742,65,0
14743,64,0
14744,65,0
14745,65,0
14746,64,0
14747,65,0
14748,64,0
14749,65,0
14750,64,0
14751,65,0
14752,64,0
14753,62,0
14754,65,0
14755,64,0
14756,65,0
14757,63,0
14758,64,0
14759,63,0
14760,64,0
14761,64,0
14762,65,0
14763,64,0
14764,65,0
14765,64,0
14766,65,0
14767,63,0
14768,64,0
14769,65,0
14770,66,0
14771,65,0
14772,66,0
14773,65,0
14774,64,0
14775,63,0
14776,64,0
14777,65,0
14778,64,0
14779,65,0
14780,64,0
14781,63,0
14782,63,0
14783,62,0
14784,63,0
14785,64,0
14786,65,0
14787,64,0
14788,65,0
14789,62,0
14790,65,0
14791,64,0
14792,64,0
14793,63,0
14794,64,0
14795,63,0
14796,65,0
14797,64,0
14798,63,0
14799,64,0
14800,63,0
14801,64,0
14802,65,0
14803,65,0
14804,62,0
14805,64,0
14806,63,0
14807,66,0
14808,65,0
14809,64,0
14810,65,0
14811,64,0
14812,63,0
14813,63,0
14814,64,0
14815,65,0
14816,64,0
14817,65,0
14818,64,0
14819,65,0
14820,64,0
14821,63,0
14822,65,0
14823,66,0
14824,65,0
14825,64,0
14826,65,0
14827,64,0
14828,63,0
14829,65,0
14830,64,0
14831,61,0
14832,64,0
14833,65,0
14834,64,0
14835,65,0
14836,64,0
14837,61,0
14838,63,0
14839,62,0
14840,61,0
14841,64,0
14842,65,0
14843,64,0
14844,67,0
14845,66,0
14846,65,0
14847,63,0
14848,64,0
14849,63,0
14850,66,0
14851,65,0
14852,62,0
14853,61,0
14854,59,0
14855,60,0
14856,60,0
14857,60,0
14858,59,0
14859,59,0
14860,59,0
14861,59,0
14862,61,0
14863,57,0
14864,59,0
14865,61,0
14866,60,0
14867,60,0
14868,58,0
14869,60,0
14870,60,0
14871,60,0
14872,58,0
14873,62,0
14874,62,0
14875,58,0
14876,58,0
14877,60,0
14878,60,0
14879,60,0
14880,60,0
14881,60,0
14882,58,0
14883,60,0
14884,58,0
14885,61,0
14886,59,0
14887,59,0
14888,59,0
14889,60,0
14890,60,0
14891,60,0
14892,60,0
14893,62,0
14894,60,0
14895,60,0
14896,60,0
14897,60,0
14898,60,0
14899,60,0
14900,58,0
14901,60,0
14902,41157,1
14903,57,0
14904,57,0
14905,59,0
14906,57,0
14907,57,0
14908,56,0
14909,56,0
14910,58,0
14911,57,0
14912,57,0
14913,59,0
14914,58,0
14915,56,0
14916,58,0
14917,55,0
14918,59,0
14919,57,0
14920,59,0
14921,58,0
14922,56,0
14923,58,0
14924,56,0
14925,59,0
14926,55,0
14927,57,0
14928,55,0
14929,59,0
14930,56,0
14931,58,0
14932,58,0
14933,58,0
14934,56,0
14935,59,0
14936,57,0
14937,59,0
14938,55,0
14939,58,0
14940,58,0
14941,58,0
14942,56,0
14943,57,0
14944,55,0
14945,59,0
14946,55,0
14947,58,0
14948,56,0
14949,58,0
14950,59,0
14951,58,0
14952,58,0
14953,56,0
14954,58,0
14955,58,0
14956,59,0
14957,59,0
14958,55,0
14959,57,0
14960,56,0
14961,56,0
14962,56,0
14963,56,0
14964,56,0
14965,57,0
14966,55,0
14967,55,0
14968,55,0
14969,56,0
14970,54,0
14971,54,0
14972,54,0
14973,56,0
14974,56,0
14975,55,0
14976,55,0
14977,57,0
14978,59,0
14979,55,0
14980,59,0
14981,55,0
14982,59,0
14983,58,0
14984,58,0
14985,56,0
14986,56,0
14987,56,0
14988,56,0
14989,55,0
14990,59,0
14991,57,0
14992,57,0
14993,56,0
14994,58,0
14995,56,0
14996,58,0
14997,56,0
14998,59,0
14999,57,0
15000,57,0
15001,55,0
15002,58,0
15003,56,0
15004,56,0
15005,54,0
15006,59,0
15007,55,0
15008,57,0
15009,57,0
15010,54,0
15011,58,0
15012,56,0
15013,54,0
15014,56,0
15015,57,0
15016,59,0
15017,59,0
15018,59,0
15019,59,0
15020,58,0
15021,58,0
15022,58,0
15023,58,0
15024,57,0
15025,57,0
15026,57,0
15027,56,0
15028,58,0
15029,56,0
15030,56,0
15031,56,0
15032,59,0
15033,55,0
15034,57,0
15035,57,0
15036,54,0
15037,56,0
15038,54,0
15039,56,0
15040,58,0
15041,56,0
15042,58,0
15043,56,0
15044,55,0
15045,57,0
15046,57,0
15047,55,0
15048,57,0
15049,58,0
15050,58,0
15051,56,0
15052,56,0
15053,56,0
15054,55,0
15055,57,0
15056,55,0
15057,59,0
15058,57,0
15059,58,0
15060,56,0
15061,58,0
15062,56,0
15063,56,0
15064,57,0
15065,59,0
15066,57,0
15067,55,0
15068,57,0
15069,58,0
15070,58,0
15071,58,0
15072,55,0
15073,59,0
15074,56,0
15075,59,0
15076,57,0
15077,57,0
15078,59,0
15079,58,0
15080,56,0
15081,56,0
15082,55,0
15083,59,0
15084,57,0
15085,58,0
15086,56,0
15087,58,0
15088,59,0
15089,59,0
15090,57,0
15091,54,0
15092,56,0
15093,56,0
15094,56,0
15095,57,0
15096,57,0
15097,57,0
15098,59,0
15099,58,0
15100,56,0
15101,56,0
15102,56,0
15103,58,0
15104,58,0
15105,59,0
15106,57,0
15107,57,0
15108,58,0
15109,56,0
15110,58,0
15111,58,0
15112,59,0
15113,55,0
15114,55,0
15115,58,0
15116,56,0
15117,58,0
15118,57,0
15119,57,0
15120,57,0
15121,60,0
15122,58,0
15123,58,0
15124,58,0
15125,59,0
15126,59,0
15127,55,0
15128,58,0
15129,61,0
15130,58,0
15131,58,0
15132,58,0
15133,57,0
15134,61,0
15135,59,0
15136,57,0
15137,58,0
15138,58,0
15139,56,0
15140,58,0
15141,57,0
15142,61,0
15143,55,0
15144,58,0
15145,58,0
15146,58,0
15147,59,0
15148,57,0
15149,57,0
15150,56,0
15151,58,0
15152,56,0
15153,59,0
15154,57,0
15155,59,0
15156,55,0
15157,57,0
15158,57,0
15159,59,0
15160,59,0
15161,55,0
15162,59,0
15163,56,0
15164,56,0
15165,56,0
15166,59,0
15167,55,0
15168,56,0
15169,54,0
15170,58,0
15171,55,0
15172,59,0
15173,55,0
15174,56,0
15175,56,0
15176,56,0
15177,57,0
15178,57,0
15179,58,0
15180,59,0
15181,56,0
15182,54,0
15183,58,0
15184,57,0
15185,57,0
15186,58,0
15187,56,0
15188,56,0
15189,57,0
15190,57,0
15191,54,0
15192,58,0
15193,58,0
15194,55,0
15195,57,0
15196,56,0
15197,56,0
15198,56,0
15199,57,0
15200,55,0
15201,56,0
15202,56,0
15203,55,0
15204,59,0
15205,58,0
15206,57,0
15207,56,0
15208,54,0
15209,56,0
15210,57,0
15211,57,0
15212,56,0
15213,56,0
15214,56,0
15215,55,0
15216,55,0
15217,59,0
15218,56,0
15219,56,0
15220,58,0
15221,55,0
15222,55,0
15223,55,0
15224,54,0
15225,56,0
15226,54,0
15227,55,0
15228,55,0
15229,55,0
15230,58,0
15231,56,0
15232,56,0
15233,56,0
15234,57,0
15235,57,0
15236,54,0
15237,56,0
15238,58,0
15239,56,0
15240,55,0
15241,55,0
15242,58,0
15243,56,0
15244,58,0
15245,57,0
15246,57,0
15247,57,0
15248,59,0
15249,56,0
15250,56,0
15251,56,0
15252,55,0
15253,57,0
15254,56,0
15255,56,0
15256,56,0
15257,57,0
15258,55,0
15259,57,0
15260,56,0
15261,58,0
15262,59,0
15263,57,0
15264,56,0
15265,58,0
15266,56,0
15267,55,0
15268,55,0
15269,57,0
15270,54,0
15271,56,0
15272,55,0
15273,55,0
15274,57,0
15275,55,0
15276,56,0
15277,58,0
15278,56,0
15279,56,0
15280,55,0
15281,55,0
15282,56,0
15283,58,0
15284,56,0
15285,57,0
15286,57,0
15287,59,0
15288,56,0
15289,58,0
15290,56,0
15291,55,0
15292,55,0
15293,55,0
15294,56,0
15295,56,0
15296,58,0
15297,57,0
15298,57,0
15299,57,0
15300,54,0
15301,56,0
15302,56,0
15303,59,0
15304,57,0
15305,58,0
15306,56,0
15307,58,0
15308,57,0
15309,57,0
15310,55,0
15311,56,0
15312,56,0
15313,54,0
15314,56,0
15315,57,0
15316,59,0
15317,57,0
15318,54,0
15319,56,0
15320,56,0
15321,57,0
15322,55,0
15323,58,0
15324,56,0
15325,56,0
15326,57,0
15327,57,0
15328,59,0
15329,56,0
15330,58,0
15331,56,0
15332,57,0
15333,57,0
15334,58,0
15335,58,0
15336,56,0
15337,59,0
15338,57,0
15339,58,0
15340,54,0
15341,56,0
15342,57,0
15343,57,0
15344,56,0
15345,54,0
15346,58,0
15347,58,0
15348,58,0
15349,59,0
15350,59,0
15351,58,0
15352,56,0
15353,56,0
15354,57,0
15355,59,0
15356,58,0
15357,56,0
15358,59,0
15359,57,0
15360,55,0
15361,56,0
15362,56,0
15363,59,0
15364,55,0
15365,56,0
15366,56,0
15367,56,0
15368,55,0
15369,59,0
15370,58,0
15371,56,0
15372,55,0
15373,58,0
15374,55,0
15375,57,0
15376,56,0
15377,56,0
15378,56,0
15379,57,0
15380,55,0
15381,58,0
15382,56,0
15383,56,0
15384,55,0
15385,55,0
15386,56,0
15387,58,0
15388,56,0
15389,57,0
15390,55,0
15391,56,0
15392,54,0
15393,56,0
15394,57,0
15395,59,0
15396,57,0
15397,58,0
15398,58,0
15399,54,0
15400,57,0
15401,55,0
15402,57,0
15403,56,0
15404,56,0
15405,56,0
15406,57,0
15407,59,0
15408,58,0
15409,58,0
15410,56,0
15411,56,0
15412,57,0
15413,57,0
15414,56,0
15415,56,0
15416,56,0
15417,57,0
15418,57,0
15419,59,0
15420,56,0
15421,56,0
15422,56,0
15423,55,0
15424,56,0
15425,56,0
15426,55,0
15427,55,0
15428,56,0
15429,58,0
15430,58,0
15431,57,0
15432,59,0
15433,58,0
15434,58,0
15435,54,0
15436,59,0
15437,57,0
15438,57,0
15439,56,0
15440,58,0
15441,56,0
15442,59,0
15443,57,0
15444,56,0
15445,54,0
15446,56,0
15447,57,0
15448,57,0
15449,59,0
15450,55,0
15451,56,0
15452,56,0
15453,58,0
15454,59,0
15455,57,0
15456,57,0
15457,56,0
15458,54,0
15459,55,0
15460,57,0
15461,56,0
15462,56,0
15463,56,0
15464,55,0
15465,57,0
15466,56,0
15467,58,0
15468,56,0
15469,59,0
15470,55,0
15471,57,0
15472,56,0
15473,56,0
15474,55,0
15475,55,0
15476,56,0
15477,56,0
15478,58,0
15479,56,0
15480,57,0
15481,55,0
15482,57,0
15483,56,0
15484,56,0
15485,57,0
15486,57,0
15487,57,0
15488,58,0
15489,54,0
15490,170,1
15491,56,0
15492,56,0
15493,58,0
15494,59,0
15495,59,0
15496,57,0
15497,58,0
15498,58,0
15499,58,0
15500,56,0
15501,55,0
15502,57,0
15503,59,0
15504,56,0
15505,56,0
15506,58,0
15507,58,0
15508,57,0
15509,57,0
15510,57,0
15511,58,0
15512,58,0
15513,58,0
15514,56,0
15515,55,0
15516,57,0
15517,59,0
15518,58,0
15519,55,0
15520,58,0
15521,56,0
15522,59,0
15523,58,0
15524,59,0
15525,55,0
15526,59,0
15527,56,0
15528,56,0
15529,58,0
15530,55,0
15531,57,0
15532,56,0
15533,58,0
15534,58,0
15535,56,0
15536,57,0
15537,59,0
15538,59,0
15539,58,0
15540,58,0
15541,58,0
15542,57,0
15543,55,0
15544,57,0
15545,58,0
15546,58,0
15547,58,0
15548,56,0
15549,58,0
15550,59,0
15551,57,0
15552,57,0
15553,57,0
15554,56,0
15555,58,0
15556,58,0
15557,58,0
15558,58,0
15559,59,0
15560,57,0
15561,59,0
15562,57,0
15563,58,0
15564,56,0
15565,58,0
15566,58,0
15567,57,0
15568,59,0
15569,59,0
15570,58,0
15571,58,0
15572,58,0
15573,58,0
15574,59,0
15575,55,0
15576,55,0
15577,55,0
15578,55,0
15579,58,0
15580,58,0
15581,58,0
15582,55,0
15583,59,0
15584,59,0
15585,58,0
15586,56,0
15587,56,0
15588,57,0
15589,57,0
15590,58,0
15591,58,0
15592,56,0
15593,55,0
15594,57,0
15595,57,0
15596,56,0
15597,58,0
15598,56,0
15599,57,0
15600,57,0
15601,56,0
15602,54,0
15603,58,0
15604,57,0
15605,59,0
15606,55,0
15607,55,0
15608,59,0
15609,56,0
15610,54,0
15611,58,0
15612,59,0
15613,57,0
15614,55,0
15615,58,0
15616,56,0
15617,54,0
15618,57,0
15619,55,0
15620,55,0
15621,56,0
15622,58,0
15623,58,0
15624,57,0
15625,57,0
15626,57,0
15627,56,0
15628,58,0
15629,56,0
15630,59,0
15631,57,0
15632,59,0
15633,56,0
15634,56,0
15635,56,0
15636,56,0
15637,56,0
15638,58,0
15639,57,0
15640,57,0
15641,56,0
15642,56,0
15643,58,0
15644,58,0
15645,57,0
15646,59,0
15647,57,0
15648,58,0
15649,58,0
15650,56,0
15651,59,0
15652,59,0
15653,59,0
15654,56,0
15655,58,0
15656,56,0
15657,56,0
15658,59,0
15659,57,0
15660,57,0
15661,58,0
15662,58,0
15663,58,0
15664,56,0
15665,54,0
15666,57,0
15667,57,0
15668,57,0
15669,56,0
15670,56,0
15671,58,0
15672,57,0
15673,59,0
15674,59,0
15675,56,0
15676,58,0
15677,56,0
15678,55,0
15679,59,0
15680,55,0
15681,56,0
15682,56,0
15683,56,0
15684,57,0
15685,59,0
15686,57,0
15687,59,0
15688,56,0
15689,54,0
15690,58,0
15691,57,0
15692,55,0
15693,57,0
15694,59,0
15695,59,0
15696,58,0
15697,58,0
15698,58,0
15699,56,0
15700,55,0
15701,57,0
15702,57,0
15703,59,0
15704,58,0
15705,58,0
15706,58,0
15707,58,0
15708,59,0
15709,59,0
15710,55,0
15711,58,0
15712,58,0
15713,58,0
15714,59,0
15715,59,0
15716,55,0
15717,57,0
15718,56,0
15719,58,0
15720,58,0
15721,58,0
15722,58,0
15723,58,0
15724,56,0
15725,57,0
15726,59,0
15727,57,0
15728,59,0
15729,58,0
15730,58,0
15731,58,0
15732,59,0
15733,59,0
15734,59,0
15735,59,0
15736,58,0
15737,58,0
15738,58,0
15739,58,0
15740,59,0
15741,59,0
15742,57,0
15743,57,0
15744,56,0
15745,56,0
15746,56,0
15747,56,0
15748,57,0
15749,57,0
15750,55,0
15751,56,0
15752,56,0
15753,56,0
15754,59,0
15755,57,0
15756,58,0
15757,58,0
15758,56,0
15759,55,0
15760,59,0
15761,57,0
15762,58,0
15763,54,0
15764,55,0
15765,55,0
15766,55,0
15767,58,0
15768,58,0
15769,56,0
15770,55,0
15771,55,0
15772,56,0
15773,58,0
15774,58,0
15775,55,0
15776,57,0
15777,55,0
15778,55,0
15779,59,0
15780,54,0
15781,56,0
15782,56,0
15783,57,0
15784,57,0
15785,58,0
15786,58,0
15787,56,0
15788,56,0
15789,59,0
15790,55,0
15791,54,0
15792,56,0
15793,56,0
15794,55,0
15795,57,0
15796,55,0
15797,54,0
15798,56,0
15799,57,0
15800,59,0
15801,55,0
15802,54,0
15803,54,0
15804,59,0
15805,57,0
15806,59,0
15807,56,0
15808,57,0
15809,58,0
15810,56,0
15811,58,0
15812,57,0
15813,59,0
15814,59,0
15815,58,0
15816,58,0
15817,58,0
15818,57,0
15819,59,0
15820,59,0
15821,56,0
15822,56,0
15823,56,0
15824,57,0
15825,57,0
15826,58,0
15827,58,0
15828,58,0
15829,58,0
15830,58,0
15831,57,0
15832,57,0
15833,59,0
15834,56,0
15835,58,0
15836,56,0
15837,54,0
15838,56,0
15839,58,0
15840,55,0
15841,59,0
15842,55,0
15843,54,0
15844,58,0
15845,58,0
15846,57,0
15847,57,0
15848,56,0
15849,58,0
15850,58,0
15851,58,0
15852,55,0
15853,57,0
15854,57,0
15855,58,0
15856,58,0
15857,58,0
15858,57,0
15859,55,0
15860,55,0
15861,56,0
15862,58,0
15863,56,0
15864,57,0
15865,59,0
15866,59,0
15867,57,0
15868,57,0
15869,59,0
15870,59,0
15871,56,0
15872,58,0
15873,58,0
15874,58,0
15875,57,0
15876,59,0
15877,56,0
15878,56,0
15879,58,0
15880,56,0
15881,58,0
15882,57,0
15883,57,0
15884,57,0
15885,55,0
15886,56,0
15887,58,0
15888,56,0
15889,57,0
15890,55,0
15891,55,0
15892,56,0
15893,56,0
15894,56,0
15895,59,0
15896,59,0
15897,55,0
15898,56,0
15899,58,0
15900,56,0
15901,56,0
15902,58,0
15903,56,0
15904,58,0
15905,54,0
15906,56,0
15907,57,0
15908,57,0
15909,59,0
15910,56,0
15911,56,0
15912,54,0
15913,57,0
15914,57,0
15915,57,0
15916,56,0
15917,56,0
15918,56,0
15919,56,0
15920,55,0
15921,59,0
15922,57,0
15923,58,0
15924,59,0
15925,54,0
15926,58,0
15927,56,0
15928,59,0
15929,55,0
15930,56,0
15931,56,0
15932,55,0
15933,59,0
15934,56,0
15935,56,0
15936,56,0
15937,57,0
15938,55,0
15939,54,0
15940,54,0
15941,56,0
15942,57,0
15943,57,0
15944,56,0
15945,58,0
15946,56,0
15947,56,0
15948,59,0
15949,57,0
15950,56,0
15951,57,0
15952,56,0
15953,56,0
15954,55,0
15955,57,0
15956,55,0
15957,56,0
15958,54,0
15959,55,0
15960,55,0
15961,57,0
15962,56,0
15963,54,0
15964,58,0
15965,55,0
15966,55,0
15967,55,0
15968,56,0
15969,56,0
15970,56,0
15971,55,0
15972,57,0
15973,57,0
15974,54,0
15975,56,0
15976,58,0
15977,55,0
15978,57,0
15979,57,0
15980,55,0
15981,54,0
15982,56,0
15983,56,0
15984,55,0
15985,59,0
15986,55,0
15987,56,0
15988,58,0
15989,58,0
15990,55,0
15991,55,0
15992,59,0
15993,56,0
15994,56,0
15995,56,0
15996,55,0
15997,55,0
15998,55,0
15999,54,0
16000,54,0
16001,54,0
16002,57,0
16003,55,0
16004,55,0
16005,55,0
16006,56,0
16007,58,0
16008,56,0
16009,56,0
16010,59,0
16011,57,0
16012,57,0
16013,56,0
16014,58,0
16015,56,0
16016,56,0
16017,59,0
16018,57,0
16019,57,0
16020,58,0
16021,56,0
16022,56,0
16023,57,0
16024,57,0
16025,57,0
16026,56,0
16027,56,0
16028,58,0
16029,57,0
16030,58,0
16031,57,0
16032,55,0
16033,55,0
16034,58,0
16035,56,0
16036,56,0
16037,55,0
16038,55,0
16039,55,0
16040,54,0
16041,54,0
16042,56,0
16043,57,0
16044,57,0
16045,55,0
16046,56,0
16047,58,0
16048,56,0
16049,55,0
16050,59,0
16051,55,0
16052,56,0
16053,56,0
16054,55,0
16055,57,0
16056,59,0
16057,55,0
16058,57,0
16059,56,0
16060,56,0
16061,58,0
16062,55,0
16063,55,0
16064,56,0
16065,56,0
16066,56,0
16067,56,0
16068,57,0
16069,57,0
16070,56,0
16071,56,0
16072,56,0
16073,55,0
16074,57,0
16075,56,0
16076,56,0
16077,55,0
16078,55,0
16079,59,0
16080,56,0
16081,56,0
16082,56,0
16083,56,0
16084,57,0
16085,57,0
16086,56,0
16087,56,0
16088,56,0
16089,55,0
16090,57,0
16091,58,0
16092,54,0
16093,56,0
16094,55,0
16095,57,0
16096,57,0
16097,58,0
16098,56,0
16099,56,0
16100,57,0
16101,59,0
16102,56,0
16103,58,0
16104,54,0
16105,55,0
16106,57,0
16107,57,0
16108,57,0
16109,54,0
16110,58,0
16111,56,0
16112,56,0
16113,59,0
16114,57,0
16115,58,0
16116,56,0
16117,56,0
16118,56,0
16119,57,0
16120,59,0
16121,56,0
16122,56,0
16123,56,0
16124,55,0
16125,55,0
16126,55,0
16127,56,0
16128,56,0
16129,59,0
16130,55,0
16131,55,0
16132,58,0
16133,54,0
16134,56,0
16135,56,0
16136,57,0
16137,58,0
16138,55,0
16139,55,0
16140,57,0
16141,58,0
16142,56,0
16143,56,0
16144,55,0
16145,59,0
16146,57,0
16147,56,0
16148,56,0
16149,58,0
16150,57,0
16151,55,0
16152,55,0
16153,56,0
16154,56,0
16155,56,0
16156,57,0
16157,57,0
16158,57,0
16159,58,0
16160,58,0
16161,58,0
16162,58,0
16163,56,0
16164,55,0
16165,55,0
16166,55,0
16167,56,0
16168,56,0
16169,56,0
16170,57,0
16171,55,0
16172,56,0
16173,56,0
16174,56,0
16175,55,0
16176,59,0
16177,55,0
16178,58,0
16179,58,0
16180,58,0
16181,55,0
16182,57,0
16183,57,0
16184,55,0
16185,56,0
16186,56,0
16187,54,0
16188,58,0
16189,57,0
16190,57,0
16191,59,0
16192,54,0
16193,56,0
16194,56,0
16195,55,0
16196,55,0
16197,59,0
16198,56,0
16199,58,0
16200,56,0
16201,54,0
16202,55,0
16203,57,0
16204,57,0
16205,56,0
16206,56,0
16207,58,0
16208,55,0
16209,57,0
16210,59,0
16211,58,0
16212,56,0
16213,58,0
16214,57,0
16215,56,0
16216,59,0
16217,59,0
16218,58,0
16219,56,0
16220,54,0
16221,55,0
16222,57,0
16223,56,0
16224,56,0
16225,56,0
16226,57,0
16227,57,0
16228,55,0
16229,58,0
16230,58,0
16231,56,0
16232,59,0
16233,59,0
16234,57,0
16235,58,0
16236,56,0
16237,56,0
16238,55,0
16239,59,0
16240,57,0
16241,58,0
16242,58,0
16243,60,0
16244,56,0
16245,55,0
16246,59,0
16247,57,0
16248,56,0
16249,58,0
16250,56,0
16251,59,0
16252,57,0
16253,57,0
16254,56,0
16255,56,0
16256,56,0
16257,54,0
16258,56,0
16259,55,0
16260,55,0
16261,56,0
16262,56,0
16263,57,0
16264,59,0
16265,57,0
16266,58,0
16267,58,0
16268,54,0
16269,58,0
16270,59,0
16271,57,0
16272,56,0
16273,56,0
16274,56,0
16275,57,0
16276,59,0
16277,57,0
16278,56,0
16279,54,0
16280,56,0
16281,57,0
16282,57,0
16283,57,0
16284,58,0
16285,58,0
16286,56,0
16287,58,0
16288,57,0
16289,59,0
16290,59,0
16291,58,0
16292,55,0
16293,56,0
16294,54,0
16295,56,0
16296,55,0
16297,55,0
16298,59,0
16299,56,0
16300,56,0
16301,58,0
16302,55,0
16303,57,0
16304,55,0
16305,58,0
16306,54,0
16307,56,0
16308,59,0
16309,55,0
16310,57,0
16311,56,0
16312,58,0
16313,56,0
16314,57,0
16315,57,0
16316,55,0
16317,58,0
16318,55,0
16319,58,0
16320,56,0
16321,56,0
16322,59,0
16323,59,0
16324,55,0
16325,58,0
16326,56,0
16327,58,0
16328,55,0
16329,59,0
16330,57,0
16331,56,0
16332,56,0
16333,56,0
16334,57,0
16335,59,0
16336,55,0
16337,56,0
16338,58,0
16339,58,0
16340,55,0
16341,59,0
16342,57,0
16343,56,0
16344,56,0
16345,56,0
16346,56,0
16347,58,0
16348,57,0
16349,57,0
16350,57,0
16351,58,0
16352,58,0
16353,56,0
16354,59,0
16355,57,0
16356,56,0
16357,58,0
16358,56,0
16359,57,0
16360,57,0
16361,57,0
16362,56,0
16363,58,0
16364,56,0
16365,59,0
16366,55,0
16367,59,0
16368,58,0
16369,54,0
16370,56,0
16371,56,0
16372,56,0
16373,55,0
16374,59,0
16375,56,0
16376,58,0
16377,58,0
16378,56,0
16379,57,0
16380,59,0
16381,54,0
16382,56,0
16383,56,0
16384,56,0
16385,57,0
16386,59,0
16387,56,0
16388,56,0
16389,55,0
16390,55,0
16391,56,0
16392,56,0
16393,56,0
16394,55,0
16395,55,0
16396,56,0
16397,59,0
16398,56,0
16399,56,0
16400,54,0
16401,55,0
16402,57,0
16403,56,0
16404,56,0
16405,56,0
16406,56,0
16407,57,0
16408,55,0
16409,54,0
16410,56,0
16411,56,0
16412,57,0
16413,55,0
16414,57,0
16415,58,0
16416,56,0
16417,56,0
16418,57,0
16419,55,0
16420,56,0
16421,58,0
16422,56,0
16423,56,0
16424,57,0
16425,57,0
16426,57,0
16427,56,0
16428,54,0
16429,58,0
16430,57,0
16431,57,0
16432,56,0
16433,56,0
16434,56,0
16435,58,0
16436,57,0
16437,59,0
16438,56,0
16439,56,0
16440,56,0
16441,55,0
16442,55,0
16443,55,0
16444,58,0
16445,56,0
16446,54,0
16447,55,0
16448,55,0
16449,59,0
16450,57,0
16451,58,0
16452,58,0
16453,56,0
16454,57,0
16455,59,0
16456,55,0
16457,58,0
16458,58,0
16459,54,0
16460,57,0
16461,57,0
16462,57,0
16463,58,0
16464,56,0
16465,56,0
16466,59,0
16467,55,0
16468,55,0
16469,58,0
16470,56,0
16471,58,0
16472,57,0
16473,57,0
16474,55,0
16475,56,0
16476,55,0
16477,58,0
16478,58,0
16479,56,0
16480,58,0
16481,59,0
16482,59,0
16483,57,0
16484,56,0
16485,58,0
16486,58,0
16487,56,0
16488,57,0
16489,59,0
16490,57,0
16491,56,0
16492,58,0
16493,58,0
16494,54,0
16495,57,0
16496,57,0
16497,57,0
16498,56,0
16499,56,0
16500,58,0
16501,58,0
16502,55,0
16503,57,0
16504,57,0
16505,57,0
16506,59,0
16507,56,0
16508,56,0
16509,56,0
16510,58,0
16511,57,0
16512,55,0
16513,56,0
16514,56,0
16515,54,0
16516,55,0
16517,55,0
16518,56,0
16519,58,0
16520,58,0
16521,55,0
16522,55,0
16523,56,0
16524,58,0
16525,56,0
16526,57,0
16527,55,0
16528,54,0
16529,56,0
16530,56,0
16531,59,0
16532,57,0
16533,55,0
16534,57,0
16535,58,0
16536,56,0
16537,56,0
16538,55,0
16539,59,0
16540,55,0
16541,56,0
16542,58,0
16543,55,0
16544,55,0
16545,56,0
16546,56,0
16547,56,0
16548,55,0
16549,57,0
16550,57,0
16551,56,0
16552,56,0
16553,56,0
16554,55,0
16555,55,0
16556,59,0
16557,54,0
16558,56,0
16559,58,0
16560,59,0
16561,57,0
16562,56,0
16563,56,0
16564,56,0
16565,57,0
16566,59,0
16567,57,0
16568,56,0
16569,57,0
16570,56,0
16571,56,0
16572,58,0
16573,57,0
16574,55,0
16575,57,0
16576,58,0
16577,56,0
16578,58,0
16579,55,0
16580,55,0
16581,59,0
16582,56,0
16583,58,0
16584,54,0
16585,57,0
16586,55,0
16587,56,0
16588,56,0
16589,56,0
16590,59,0
16591,55,0
16592,55,0
16593,54,0
16594,56,0
16595,56,0
16596,56,0
16597,59,0
16598,59,0
16599,56,0
16600,54,0
16601,58,0
16602,56,0
16603,59,0
16604,57,0
16605,56,0
16606,54,0
16607,58,0
16608,55,0
16609,55,0
16610,55,0
16611,54,0
16612,56,0
16613,56,0
16614,55,0
16615,59,0
16616,55,0
16617,56,0
16618,58,0
16619,54,0
16620,59,0
16621,55,0
16622,59,0
16623,58,0
16624,58,0
16625,56,0
16626,58,0
16627,57,0
16628,55,0
16629,55,0
16630,56,0
16631,56,0
16632,55,0
16633,59,0
16634,57,0
16635,56,0
16636,56,0
16637,58,0
16638,55,0
16639,55,0
16640,57,0
16641,58,0
16642,56,0
16643,54,0
16644,55,0
16645,59,0
16646,57,0
16647,59,0
16648,59,0
16649,57,0
16650,55,0
16651,55,0
16652,55,0
16653,55,0
16654,57,0
16655,56,0
16656,56,0
16657,56,0
16658,58,0
16659,59,0
16660,55,0
16661,55,0
16662,59,0
16663,56,0
16664,58,0
16665,56,0
16666,55,0
16667,57,0
16668,57,0
16669,57,0
16670,57,0
16671,55,0
16672,57,0
16673,58,0
16674,56,0
16675,56,0
16676,56,0
16677,54,0
16678,57,0
16679,55,0
16680,55,0
16681,59,0
16682,56,0
16683,58,0
16684,58,0
16685,57,0
16686,57,0
16687,57,0
16688,55,0
16689,57,0
16690,58,0
16691,56,0
16692,56,0
16693,58,0
16694,56,0
16695,55,0
16696,55,0
16697,55,0
16698,56,0
16699,58,0
16700,56,0
16701,56,0
16702,55,0
16703,58,0
16704,57,0
16705,57,0
16706,58,0
16707,56,0
16708,58,0
16709,55,0
16710,59,0
16711,57,0
16712,58,0
16713,56,0
16714,58,0
16715,56,0
16716,57,0
16717,57,0
16718,59,0
16719,58,0
16720,56,0
16721,58,0
16722,59,0
16723,59,0
16724,57,0
16725,56,0
16726,58,0
16727,56,0
16728,57,0
16729,55,0
16730,55,0
16731,57,0
16732,56,0
16733,56,0
16734,54,0
16735,56,0
16736,57,0
16737,57,0
16738,55,0
16739,55,0
16740,56,0
16741,56,0
16742,58,0
16743,56,0
16744,57,0
16745,57,0
16746,55,0
16747,54,0
16748,54,0
16749,56,0
16750,54,0
16751,57,0
16752,57,0
16753,57,0
16754,55,0
16755,58,0
16756,56,0
16757,58,0
16758,56,0
16759,56,0
16760,56,0
16761,55,0
16762,59,0
16763,57,0
16764,55,0
16765,54,0
16766,56,0
16767,54,0
16768,58,0
16769,59,0
16770,55,0
16771,55,0
16772,56,0
16773,56,0
16774,58,0
16775,58,0
16776,57,0
16777,55,0
16778,55,0
16779,55,0
16780,56,0
16781,56,0
16782,56,0
16783,56,0
16784,57,0
16785,55,0
16786,55,0
16787,55,0
16788,57,0
16789,59,0
16790,59,0
16791,58,0
16792,56,0
16793,54,0
16794,59,0
16795,59,0
16796,55,0
16797,58,0
16798,56,0
16799,56,0
16800,58,0
16801,59,0
16802,55,0
16803,59,0
16804,59,0
16805,56,0
16806,58,0
16807,56,0
16808,56,0
16809,59,0
16810,55,0
16811,56,0
16812,56,0
16813,56,0
16814,58,0
16815,56,0
16816,56,0
16817,58,0
16818,59,0
16819,59,0
16820,57,0
16821,55,0
16822,56,0
16823,54,0
16824,58,0
16825,56,0
16826,55,0
16827,59,0
16828,55,0
16829,57,0
16830,58,0
16831,58,0
16832,56,0
16833,56,0
16834,58,0
16835,57,0
16836,55,0
16837,57,0
16838,56,0
16839,58,0
16840,58,0
16841,56,0
16842,56,0
16843,56,0
16844,54,0
16845,58,0
16846,57,0
16847,57,0
16848,57,0
16849,57,0
16850,55,0
16851,58,0
16852,58,0
16853,58,0
16854,56,0
16855,55,0
16856,55,0
16857,59,0
16858,57,0
16859,56,0
16860,58,0
16861,58,0
16862,56,0
16863,59,0
16864,55,0
16865,55,0
16866,57,0
16867,54,0
16868,56,0
16869,56,0
16870,58,0
16871,57,0
16872,55,0
16873,57,0
16874,57,0
16875,59,0
16876,57,0
16877,56,0
16878,57,0
16879,58,0
16880,56,0
16881,56,0
16882,56,0
16883,55,0
16884,59,0
16885,55,0
16886,57,0
16887,56,0
16888,56,0
16889,54,0
16890,56,0
16891,59,0
16892,57,0
16893,55,0
16894,55,0
16895,54,0
16896,56,0
16897,54,0
16898,56,0
16899,55,0
16900,57,0
16901,55,0
16902,56,0
16903,56,0
16904,56,0
16905,58,0
16906,56,0
16907,56,0
16908,56,0
16909,57,0
16910,59,0
16911,57,0
16912,55,0
16913,56,0
16914,58,0
16915,56,0
16916,56,0
16917,55,0
16918,59,0
16919,55,0
16920,59,0
16921,58,0
16922,58,0
16923,56,0
16924,59,0
16925,57,0
16926,57,0
16927,56,0
16928,56,0
16929,56,0
16930,58,0
16931,59,0
16932,57,0
16933,55,0
16934,55,0
16935,55,0
16936,57,0
16937,58,0
16938,56,0
16939,58,0
16940,56,0
16941,59,0
16942,59,0
16943,59,0
16944,55,0
16945,57,0
16946,56,0
16947,58,0
16948,58,0
16949,56,0
16950,56,0
16951,56,0
16952,56,0
16953,57,0
16954,57,0
16955,55,0
16956,59,0
16957,56,0
16958,58,0
16959,56,0
16960,58,0
16961,59,0
16962,57,0
16963,56,0
16964,57,0
16965,55,0
16966,59,0
16967,57,0
16968,58,0
16969,58,0
16970,56,0
16971,56,0
16972,59,0
16973,55,0
16974,55,0
16975,58,0
16976,56,0
16977,54,0
16978,58,0
16979,55,0
16980,55,0
16981,59,0
16982,56,0
16983,58,0
16984,56,0
16985,56,0
16986,57,0
16987,59,0
16988,56,0
16989,54,0
16990,57,0
16991,58,0
16992,54,0
16993,56,0
16994,56,0
16995,55,0
16996,57,0
16997,55,0
16998,58,0
16999,56,0
17000,56,0
17001,56,0
17002,57,0
17003,57,0
17004,55,0
17005,55,0
17006,58,0
17007,56,0
17008,58,0
17009,56,0
17010,57,0
17011,55,0
17012,55,0
17013,57,0
17014,54,0
17015,58,0
17016,56,0
17017,56,0
17018,57,0
17019,56,0
17020,55,0
17021,55,0
17022,55,0
17023,56,0
17024,58,0
17025,56,0
17026,54,0
17027,59,0
17028,55,0
17029,57,0
17030,56,0
17031,58,0
17032,54,0
17033,56,0
17034,57,0
17035,57,0
17036,55,0
17037,57,0
17038,59,0
17039,56,0
17040,58,0
17041,58,0
17042,58,0
17043,57,0
17044,57,0
17045,55,0
17046,57,0
17047,54,0
17048,57,0
17049,59,0
17050,56,0
17051,56,0
17052,58,0
17053,56,0
17054,57,0
17055,59,0
17056,59,0
17057,56,0
17058,56,0
17059,56,0
17060,56,0
17061,55,0
17062,55,0
17063,57,0
17064,56,0
17065,56,0
17066,58,0
17067,58,0
17068,57,0
17069,57,0
17070,57,0
17071,55,0
17072,56,0
17073,54,0
17074,58,0
17075,55,0
17076,58,0
17077,55,0
17078,59,0
17079,57,0
17080,57,0
17081,59,0
17082,58,0
17083,58,0
17084,56,0
17085,54,0
17086,57,0
17087,57,0
17088,57,0
17089,57,0
17090,56,0
17091,56,0
17092,56,0
17093,58,0
17094,56,0
17095,57,0
17096,55,0
17097,55,0
17098,57,0
17099,56,0
17100,56,0
17101,58,0
17102,58,0
17103,58,0
17104,55,0
17105,58,0
17106,58,0
17107,56,0
17108,55,0
17109,57,0
17110,55,0
17111,56,0
17112,58,0
17113,58,0
17114,58,0
17115,57,0
17116,55,0
17117,55,0
17118,57,0
17119,56,0
17120,56,0
17121,58,0
17122,57,0
17123,57,0
17124,57,0
17125,57,0
17126,58,0
17127,58,0
17128,56,0
17129,58,0
17130,57,0
17131,58,0
17132,56,0
17133,55,0
17134,59,0
17135,59,0
17136,57,0
17137,57,0
17138,54,0
17139,56,0
17140,56,0
17141,54,0
17142,58,0
17143,55,0
17144,57,0
17145,55,0
17146,58,0
17147,56,0
17148,56,0
17149,54,0
17150,56,0
17151,59,0
17152,59,0
17153,57,0
17154,56,0
17155,58,0
17156,54,0
17157,56,0
17158,58,0
17159,55,0
17160,55,0
17161,58,0
17162,57,0
17163,55,0
17164,55,0
17165,55,0
17166,56,0
17167,56,0
17168,58,0
17169,56,0
17170,59,0
17171,57,0
17172,57,0
17173,58,0
17174,54,0
17175,58,0
17176,57,0
17177,55,0
17178,57,0
17179,60,0
17180,56,0
17181,58,0
17182,56,0
17183,59,0
17184,55,0
17185,57,0
17186,56,0
17187,58,0
17188,56,0
17189,56,0
17190,57,0
17191,59,0
17192,57,0
17193,58,0
17194,56,0
17195,58,0
17196,56,0
17197,57,0
17198,55,0
17199,57,0
17200,55,0
17201,56,0
17202,56,0
17203,58,0
17204,54,0
17205,57,0
17206,59,0
17207,59,0
17208,56,0
17209,56,0
17210,55,0
17211,56,0
17212,58,0
17213,56,0
17214,56,0
17215,57,0
17216,59,0
17217,57,0
17218,58,0
17219,56,0
17220,56,0
17221,58,0
17222,59,0
17223,57,0
17224,55,0
17225,59,0
17226,56,0
17227,56,0
17228,56,0
17229,58,0
17230,58,0
17231,55,0
17232,57,0
17233,55,0
17234,58,0
17235,58,0
17236,56,0
17237,57,0
17238,58,0
17239,54,0
17240,56,0
17241,56,0
17242,55,0
17243,55,0
17244,59,0
17245,59,0
17246,58,0
17247,58,0
17248,56,0
17249,58,0
17250,59,0
17251,57,0
17252,57,0
17253,58,0
17254,56,0
17255,56,0
17256,56,0
17257,55,0
17258,57,0
17259,59,0
17260,55,0
17261,56,0
17262,56,0
17263,58,0
17264,58,0
17265,54,0
17266,58,0
17267,58,0
17268,56,0
17269,57,0
17270,59,0
17271,57,0
17272,59,0
17273,55,0
17274,58,0
17275,56,0
17276,56,0
17277,56,0
17278,59,0
17279,57,0
17280,57,0
17281,57,0
17282,56,0
17283,56,0
17284,54,0
17285,56,0
17286,58,0
17287,57,0
17288,57,0
17289,55,0
17290,55,0
17291,59,0
17292,57,0
17293,57,0
17294,56,0
17295,58,0
17296,56,0
17297,57,0
17298,59,0
17299,57,0
17300,57,0
17301,58,0
17302,54,0
17303,58,0
17304,56,0
17305,55,0
17306,57,0
17307,59,0
17308,56,0
17309,56,0
17310,54,0
17311,56,0
17312,57,0
17313,59,0
17314,59,0
17315,55,0
17316,58,0
17317,58,0
17318,56,0
17319,56,0
17320,56,0
17321,56,0
17322,57,0
17323,57,0
17324,57,0
17325,58,0
17326,56,0
17327,58,0
17328,58,0
17329,57,0
17330,55,0
17331,57,0
17332,58,0
17333,58,0
17334,56,0
17335,56,0
17336,55,0
17337,55,0
17338,55,0
17339,58,0
17340,56,0
17341,58,0
17342,54,0
17343,56,0
17344,59,0
17345,55,0
17346,56,0
17347,58,0
17348,54,0
17349,56,0
17350,54,0
17351,56,0
17352,56,0
17353,59,0
17354,57,0
17355,56,0
17356,54,0
17357,56,0
17358,57,0
17359,57,0
17360,57,0
17361,56,0
17362,56,0
17363,58,0
17364,57,0
17365,55,0
17366,55,0
17367,58,0
17368,54,0
17369,56,0
17370,56,0
17371,56,0
17372,55,0
17373,57,0
17374,57,0
17375,59,0
17376,57,0
17377,59,0
17378,58,0
17379,58,0
17380,56,0
17381,57,0
17382,55,0
17383,59,0
17384,58,0
17385,56,0
17386,56,0
17387,58,0
17388,59,0
17389,59,0
17390,59,0
17391,56,0
17392,55,0
17393,55,0
17394,59,0
17395,59,0
17396,57,0
17397,55,0
17398,55,0
17399,57,0
17400,57,0
17401,56,0
17402,54,0
17403,58,0
17404,54,0
17405,58,0
17406,58,0
17407,56,0
17408,57,0
17409,57,0
17410,55,0
17411,57,0
17412,59,0
17413,56,0
17414,56,0
17415,58,0
17416,56,0
17417,56,0
17418,58,0
17419,57,0
17420,57,0
17421,59,0
17422,59,0
17423,57,0
17424,56,0
17425,58,0
17426,58,0
17427,56,0
17428,58,0
17429,56,0
17430,55,0
17431,57,0
17432,57,0
17433,57,0
17434,57,0
17435,55,0
17436,59,0
17437,55,0
17438,57,0
17439,58,0
17440,58,0
17441,54,0
17442,58,0
17443,56,0
17444,56,0
17445,59,0
17446,57,0
17447,55,0
17448,55,0
17449,55,0
17450,56,0
17451,58,0
17452,56,0
17453,56,0
17454,56,0
17455,56,0
17456,55,0
17457,55,0
17458,59,0
17459,59,0
17460,56,0
17461,54,0
17462,54,0
17463,58,0
17464,56,0
17465,55,0
17466,59,0
17467,57,0
17468,55,0
17469,57,0
17470,56,0
17471,56,0
17472,58,0
17473,54,0
17474,56,0
17475,57,0
17476,57,0
17477,55,0
17478,57,0
17479,55,0
17480,56,0
17481,58,0
17482,54,0
17483,56,0
17484,59,0
17485,59,0
17486,55,0
17487,57,0
17488,55,0
17489,58,0
17490,56,0
17491,56,0
17492,56,0
17493,54,0
17494,57,0
17495,55,0
17496,57,0
17497,57,0
17498,59,0
17499,58,0
17500,56,0
17501,56,0
17502,56,0
17503,56,0
17504,56,0
17505,59,0
17506,59,0
17507,59,0
17508,59,0
17509,59,0
17510,56,0
17511,58,0
17512,56,0
17513,56,0
17514,58,0
17515,59,0
17516,55,0
17517,59,0
17518,57,0
17519,55,0
17520,58,0
17521,56,0
17522,56,0
17523,58,0
17524,56,0
17525,57,0
17526,57,0
17527,55,0
17528,57,0
17529,55,0
17530,57,0
17531,56,0
17532,58,0
17533,55,0
17534,56,0
17535,54,0
17536,56,0
17537,56,0
17538,59,0
17539,59,0
17540,55,0
17541,58,0
17542,58,0
17543,58,0
17544,58,0
17545,59,0
17546,57,0
17547,57,0
17548,59,0
17549,56,0
17550,56,0
17551,58,0
17552,56,0
17553,58,0
17554,55,0
17555,57,0
17556,57,0
17557,57,0
17558,56,0
17559,58,0
17560,56,0
17561,58,0
17562,59,0
17563,57,0
17564,57,0
17565,57,0
17566,58,0
17567,56,0
17568,56,0
17569,57,0
17570,57,0
17571,59,0
17572,56,0
17573,56,0
17574,56,0
17575,56,0
17576,55,0
17577,57,0
17578,59,0
17579,56,0
17580,59,0
17581,56,0
17582,58,0
17583,56,0
17584,56,0
17585,59,0
17586,59,0
17587,57,0
17588,56,0
17589,56,0
17590,56,0
17591,57,0
17592,57,0
17593,56,0
17594,56,0
17595,58,0
17596,55,0
17597,55,0
17598,59,0
17599,58,0
17600,58,0
17601,57,0
17602,57,0
17603,59,0
17604,56,0
17605,58,0
17606,56,0
17607,56,0
17608,56,0
17609,59,0
17610,55,0
17611,57,0
17612,56,0
17613,56,0
17614,58,0
17615,57,0
17616,55,0
17617,58,0
17618,56,0
17619,56,0
17620,55,0
17621,59,0
17622,57,0
17623,58,0
17624,56,0
17625,57,0
17626,57,0
17627,57,0
17628,56,0
17629,56,0
17630,56,0
17631,59,0
17632,57,0
17633,56,0
17634,58,0
17635,55,0
17636,57,0
17637,57,0
17638,58,0
17639,56,0
17640,57,0
17641,57,0
17642,59,0
17643,58,0
17644,56,0
17645,57,0
17646,55,0
17647,57,0
17648,56,0
17649,56,0
17650,58,0
17651,55,0
17652,59,0
17653,56,0
17654,55,0
17655,56,0
17656,56,0
17657,58,0
17658,57,0
17659,57,0
17660,55,0
17661,58,0
17662,56,0
17663,56,0
17664,55,0
17665,55,0
17666,56,0
17667,56,0
17668,54,0
17669,57,0
17670,55,0
17671,59,0
17672,56,0
17673,54,0
17674,58,0
17675,59,0
17676,57,0
17677,57,0
17678,56,0
17679,56,0
17680,58,0
17681,56,0
17682,56,0
17683,55,0
17684,59,0
17685,56,0
17686,56,0
17687,58,0
17688,58,0
17689,55,0
17690,57,0
17691,58,0
17692,56,0
17693,56,0
17694,55,0
17695,57,0
17696,57,0
17697,56,0
17698,56,0
17699,58,0
17700,57,0
17701,57,0
17702,58,0
17703,56,0
17704,58,0
17705,56,0
17706,59,0
17707,57,0
17708,57,0
17709,59,0
17710,58,0
17711,56,0
17712,56,0
17713,55,0
17714,59,0
17715,59,0
17716,56,0
17717,54,0
17718,56,0
17719,58,0
17720,57,0
17721,57,0
17722,57,0
17723,58,0
17724,58,0
17725,56,0
17726,56,0
17727,55,0
17728,55,0
17729,56,0
17730,60,0
17731,54,0
17732,55,0
17733,55,0
17734,59,0
17735,55,0
17736,56,0
17737,56,0
17738,56,0
17739,57,0
17740,57,0
17741,56,0
17742,58,0
17743,58,0
17744,56,0
17745,55,0
17746,59,0
17747,58,0
17748,56,0
17749,56,0
17750,57,0
17751,57,0
17752,57,0
17753,58,0
17754,56,0
17755,56,0
17756,57,0
17757,57,0
17758,58,0
17759,56,0
17760,58,0
17761,59,0
17762,55,0
17763,57,0
17764,56,0
17765,58,0
17766,56,0
17767,57,0
17768,57,0
17769,58,0
17770,56,0
17771,58,0
17772,59,0
17773,59,0
17774,59,0
17775,59,0
17776,56,0
17777,56,0
17778,58,0
17779,56,0
17780,55,0
17781,55,0
17782,56,0
17783,58,0
17784,56,0
17785,55,0
17786,57,0
17787,55,0
17788,54,0
17789,58,0
17790,56,0
17791,59,0
17792,57,0
17793,57,0
17794,58,0
17795,56,0
17796,56,0
17797,57,0
17798,57,0
17799,56,0
17800,56,0
17801,56,0
17802,56,0
17803,55,0
17804,57,0
17805,56,0
17806,56,0
17807,56,0
17808,57,0
17809,57,0
17810,58,0
17811,56,0
17812,58,0
17813,57,0
17814,57,0
17815,54,0
17816,56,0
17817,58,0
17818,57,0
17819,57,0
17820,56,0
17821,58,0
17822,58,0
17823,59,0
17824,57,0
17825,59,0
17826,56,0
17827,58,0
17828,58,0
17829,57,0
17830,59,0
17831,56,0
17832,58,0
17833,56,0
17834,57,0
17835,57,0
17836,59,0
17837,56,0
17838,56,0
17839,56,0
17840,59,0
17841,55,0
17842,58,0
17843,56,0
17844,56,0
17845,57,0
17846,57,0
17847,57,0
17848,57,0
17849,55,0
17850,58,0
17851,56,0
17852,56,0
17853,56,0
17854,57,0
17855,55,0
17856,56,0
17857,56,0
17858,56,0
17859,56,0
17860,57,0
17861,57,0
17862,58,0
17863,58,0
17864,58,0
17865,59,0
17866,57,0
17867,56,0
17868,56,0
17869,56,0
17870,56,0
17871,55,0
17872,55,0
17873,56,0
17874,58,0
17875,56,0
17876,56,0
17877,59,0
17878,57,0
17879,55,0
17880,56,0
17881,56,0
17882,58,0
17883,57,0
17884,55,0
17885,57,0
17886,56,0
17887,56,0
17888,54,0
17889,57,0
17890,57,0
17891,55,0
17892,57,0
17893,57,0
17894,58,0
17895,56,0
17896,59,0
17897,59,0
17898,59,0
17899,56,0
17900,58,0
17901,57,0
17902,55,0
17903,59,0
17904,56,0
17905,56,0
17906,56,0
17907,57,0
17908,57,0
17909,59,0
17910,58,0
17911,56,0
17912,56,0
17913,55,0
17914,59,0
17915,55,0
17916,56,0
17917,56,0
17918,56,0
17919,59,0
17920,55,0
17921,55,0
17922,54,0
17923,56,0
17924,54,0
17925,57,0
17926,55,0
17927,59,0
17928,59,0
17929,56,0
17930,56,0
17931,56,0
17932,57,0
17933,59,0
17934,56,0
17935,56,0
17936,56,0
17937,59,0
17938,57,0
17939,56,0
17940,56,0
17941,56,0
17942,55,0
17943,57,0
17944,57,0
17945,56,0
17946,56,0
17947,57,0
17948,57,0
17949,59,0
17950,54,0
17951,56,0
17952,56,0
17953,55,0
17954,56,0
17955,56,0
17956,56,0
17957,57,0
17958,57,0
17959,56,0
17960,56,0
17961,58,0
17962,55,0
17963,57,0
17964,56,0
17965,56,0
17966,56,0
17967,57,0
17968,57,0
17969,57,0
17970,54,0
17971,56,0
17972,59,0
17973,56,0
17974,57,0
17975,55,0
17976,57,0
17977,56,0
17978,56,0
17979,56,0
17980,55,0
17981,57,0
17982,57,0
17983,56,0
17984,56,0
17985,56,0
17986,59,0
17987,59,0
17988,59,0
17989,56,0
17990,58,0
17991,56,0
17992,55,0
17993,57,0
17994,59,0
17995,58,0
17996,58,0
17997,56,0
17998,57,0
17999,56,0
18000,57,0
18001,57,0
18002,56,0
18003,58,0
18004,54,0
18005,59,0
18006,57,0
18007,56,0
18008,56,0
18009,56,0
18010,57,0
18011,57,0
18012,55,0
18013,58,0
18014,56,0
18015,56,0
18016,55,0
18017,57,0
18018,55,0
18019,58,0
18020,56,0
18021,56,0
18022,57,0
18023,57,0
18024,58,0
18025,56,0
18026,54,0
18027,57,0
18028,59,0
18029,57,0
18030,56,0
18031,58,0
18032,56,0
18033,55,0
18034,59,0
18035,57,0
18036,56,0
18037,58,0
18038,58,0
18039,56,0
18040,57,0
18041,59,0
18042,54,0
18043,56,0
18044,56,0
18045,55,0
18046,55,0
18047,56,0
18048,58,0
18049,56,0
18050,57,0
18051,57,0
18052,57,0
18053,54,0
18054,56,0
18055,56,0
18056,59,0
18057,57,0
18058,56,0
18059,58,0
18060,56,0
18061,55,0
18062,57,0
18063,56,0
18064,56,0
18065,56,0
18066,57,0
18067,55,0
18068,54,0
18069,57,0
18070,54,0
18071,56,0
18072,56,0
18073,59,0
18074,59,0
18075,57,0
18076,56,0
18077,58,0
18078,57,0
18079,59,0
18080,55,0
18081,58,0
18082,58,0
18083,56,0
18084,58,0
18085,57,0
18086,57,0
18087,57,0
18088,56,0
18089,58,0
18090,59,0
18091,57,0
18092,56,0
18093,58,0
18094,56,0
18095,57,0
18096,55,0
18097,55,0
18098,57,0
18099,56,0
18100,56,0
18101,56,0
18102,55,0
18103,57,0
18104,56,0
18105,56,0
18106,58,0
18107,57,0
18108,55,0
18109,55,0
18110,54,0
18111,54,0
18112,59,0
18113,55,0
18114,55,0
18115,56,0
18116,56,0
18117,57,0
18118,55,0
18119,56,0
18120,54,0
18121,58,0
18122,55,0
18123,57,0
18124,55,0
18125,56,0
18126,56,0
18127,56,0
18128,58,0
18129,56,0
18130,55,0
18131,57,0
18132,57,0
18133,56,0
18134,56,0
18135,56,0
18136,54,0
18137,56,0
18138,57,0
18139,59,0
18140,55,0
18141,56,0
18142,58,0
18143,58,0
18144,58,0
18145,58,0
18146,59,0
18147,55,0
18148,57,0
18149,56,0
18150,56,0
18151,54,0
18152,58,0
18153,57,0
18154,55,0
18155,55,0
18156,54,0
18157,56,0
18158,56,0
18159,56,0
18160,55,0
18161,57,0
18162,55,0
18163,56,0
18164,56,0
18165,58,0
18166,58,0
18167,56,0
18168,56,0
18169,57,0
18170,55,0
18171,56,0
18172,56,0
18173,56,0
18174,57,0
18175,59,0
18176,55,0
18177,56,0
18178,56,0
18179,56,0
18180,55,0
18181,57,0
18182,55,0
18183,56,0
18184,56,0
18185,56,0
18186,57,0
18187,55,0
18188,56,0
18189,56,0
18190,56,0
18191,57,0
18192,56,0
18193,54,0
18194,58,0
18195,55,0
18196,57,0
18197,55,0
18198,55,0
18199,56,0
18200,56,0
18201,56,0
18202,58,0
18203,54,0
18204,57,0
18205,57,0
18206,55,0
18207,55,0
18208,59,0
18209,56,0
18210,56,0
18211,58,0
18212,56,0
18213,59,0
18214,55,0
18215,59,0
18216,57,0
18217,57,0
18218,56,0
18219,56,0
18220,56,0
18221,56,0
18222,56,0
18223,56,0
18224,55,0
18225,57,0
18226,57,0
18227,54,0
18228,54,0
18229,56,0
18230,57,0
18231,55,0
18232,55,0
18233,58,0
18234,56,0
18235,56,0
18236,59,0
18237,57,0
18238,55,0
18239,56,0
18240,56,0
18241,56,0
18242,56,0
18243,55,0
18244,59,0
18245,56,0
18246,56,0
18247,54,0
18248,58,0
18249,55,0
18250,57,0
18251,57,0
18252,55,0
18253,56,0
18254,54,0
18255,56,0
18256,55,0
18257,57,0
18258,56,0
18259,56,0
18260,58,0
18261,55,0
18262,59,0
18263,55,0
18264,56,0
18265,56,0
18266,56,0
18267,56,0
18268,55,0
18269,59,0
18270,57,0
18271,58,0
18272,56,0
18273,58,0
18274,58,0
18275,57,0
18276,55,0
18277,57,0
18278,56,0
18279,56,0
18280,56,0
18281,56,0
18282,55,0
18283,57,0
18284,55,0
18285,57,0
18286,56,0
18287,54,0
18288,54,0
18289,57,0
18290,59,0
18291,57,0
18292,56,0
18293,56,0
18294,56,0
18295,56,0
18296,57,0
18297,57,0
18298,59,0
18299,58,0
18300,58,0
18301,54,0
18302,56,0
18303,57,0
18304,57,0
18305,57,0
18306,58,0
18307,58,0
18308,56,0
18309,56,0
18310,59,0
18311,162,0
18312,59,0
18313,57,0
18314,56,0
18315,58,0
18316,58,0
18317,58,0
18318,58,0
18319,57,0
18320,57,0
18321,55,0
18322,57,0
18323,59,0
18324,58,0
18325,58,0
18326,58,0
18327,58,0
18328,56,0
18329,56,0
18330,55,0
18331,57,0
18332,59,0
18333,57,0
18334,59,0
18335,58,0
18336,58,0
18337,58,0
18338,58,0
18339,56,0
18340,58,0
18341,56,0
18342,56,0
18343,59,0
18344,59,0
18345,57,0
18346,56,0
18347,56,0
18348,58,0
18349,58,0
18350,60,0
18351,57,0
18352,57,0
18353,57,0
18354,57,0
18355,58,0
18356,58,0
18357,56,0
18358,57,0
18359,57,0
18360,57,0
18361,59,0
18362,58,0
18363,56,0
18364,58,0
18365,56,0
18366,55,0
18367,61,0
18368,57,0
18369,57,0
18370,55,0
18371,56,0
18372,58,0
18373,56,0
18374,58,0
18375,57,0
18376,55,0
18377,59,0
18378,59,0
18379,57,0
18380,58,0
18381,58,0
18382,58,0
18383,56,0
18384,58,0
18385,57,0
18386,57,0
18387,57,0
18388,57,0
18389,58,0
18390,58,0
18391,58,0
18392,56,0
18393,57,0
18394,61,0
18395,59,0
18396,57,0
18397,56,0
18398,56,0
18399,58,0
18400,56,0
18401,55,0
18402,55,0
18403,57,0
18404,56,0
18405,58,0
18406,56,0
18407,58,0
18408,55,0
18409,57,0
18410,57,0
18411,56,0
18412,58,0
18413,56,0
18414,56,0
18415,57,0
18416,55,0
18417,57,0
18418,57,0
18419,58,0
18420,54,0
18421,58,0
18422,59,0
18423,55,0
18424,57,0
18425,59,0
18426,57,0
18427,59,0
18428,56,0
18429,58,0
18430,56,0
18431,58,0
18432,58,0
18433,58,0
18434,57,0
18435,57,0
18436,57,0
18437,58,0
18438,60,0
18439,58,0
18440,58,0
18441,59,0
18442,59,0
18443,59,0
18444,59,0
18445,58,0
18446,58,0
18447,58,0
18448,56,0
18449,56,0
18450,59,0
18451,57,0
18452,57,0
18453,59,0
18454,55,0
18455,57,0
18456,59,0
18457,58,0
18458,58,0
18459,58,0
18460,58,0
18461,58,0
18462,56,0
18463,57,0
18464,57,0
18465,59,0
18466,57,0
18467,57,0
18468,56,0
18469,58,0
18470,58,0
18471,58,0
18472,56,0
18473,57,0
18474,55,0
18475,59,0
18476,55,0
18477,59,0
18478,57,0
18479,57,0
18480,59,0
18481,58,0
18482,59,0
18483,55,0
18484,58,0
18485,56,0
18486,56,0
18487,58,0
18488,59,0
18489,57,0
18490,57,0
18491,58,0
18492,58,0
18493,58,0
18494,56,0
18495,56,0
18496,59,0
18497,57,0
18498,55,0
18499,56,0
18500,56,0
18501,58,0
18502,56,0
18503,58,0
18504,59,0
18505,59,0
18506,59,0
18507,59,0
18508,58,0
18509,56,0
18510,59,0
18511,56,0
18512,58,0
18513,58,0
18514,60,0
18515,55,0
18516,55,0
18517,59,0
18518,59,0
18519,56,0
18520,58,0
18521,58,0
18522,56,0
18523,57,0
18524,59,0
18525,57,0
18526,59,0
18527,58,0
18528,58,0
18529,56,0
18530,58,0
18531,58,0
18532,58,0
18533,59,0
18534,59,0
18535,55,0
18536,55,0
18537,59,0
18538,59,0
18539,59,0
18540,58,0
18541,56,0
18542,57,0
18543,56,0
18544,56,0
18545,58,0
18546,56,0
18547,57,0
18548,57,0
18549,57,0
18550,58,0
18551,58,0
18552,56,0
18553,55,0
18554,59,0
18555,55,0
18556,58,0
18557,56,0
18558,58,0
18559,57,0
18560,59,0
18561,57,0
18562,56,0
18563,58,0
18564,56,0
18565,57,0
18566,57,0
18567,57,0
18568,58,0
18569,58,0
18570,56,0
18571,56,0
18572,58,0
18573,59,0
18574,57,0
18575,59,0
18576,56,0
18577,58,0
18578,56,0
18579,57,0
18580,57,0
18581,61,0
18582,58,0
18583,56,0
18584,58,0
18585,55,0
18586,59,0
18587,59,0
18588,58,0
18589,58,0
18590,56,0
18591,55,0
18592,55,0
18593,57,0
18594,56,0
18595,58,0
18596,54,0
18597,59,0
18598,59,0
18599,59,0
18600,55,0
18601,58,0
18602,58,0
18603,56,0
18604,58,0
18605,59,0
18606,59,0
18607,58,0
18608,58,0
18609,56,0
18610,56,0
18611,58,0
18612,58,0
18613,56,0
18614,59,0
18615,57,0
18616,58,0
18617,58,0
18618,56,0
18619,59,0
18620,59,0
18621,57,0
18622,58,0
18623,56,0
18624,58,0
18625,166,0
18626,56,0
18627,55,0
18628,61,0
18629,59,0
18630,61,0
18631,56,0
18632,56,0
18633,58,0
18634,58,0
18635,57,0
18636,57,0
18637,57,0
18638,57,0
18639,58,0
18640,56,0
18641,58,0
18642,58,0
18643,58,0
18644,57,0
18645,59,0
18646,59,0
18647,57,0
18648,58,0
18649,58,0
18650,58,0
18651,58,0
18652,60,0
18653,57,0
18654,58,0
18655,59,0
18656,57,0
18657,57,0
18658,58,0
18659,56,0
18660,56,0
18661,59,0
18662,59,0
18663,57,0
18664,55,0
18665,58,0
18666,60,0
18667,58,0
18668,56,0
18669,56,0
18670,59,0
18671,59,0
18672,57,0
18673,60,0
18674,56,0
18675,56,0
18676,58,0
18677,57,0
18678,59,0
18679,57,0
18680,58,0
18681,56,0
18682,60,0
18683,56,0
18684,59,0
18685,57,0
18686,59,0
18687,58,0
18688,58,0
18689,56,0
18690,56,0
18691,59,0
18692,59,0
18693,61,0
18694,58,0
18695,58,0
18696,59,0
18697,59,0
18698,55,0
18699,61,0
18700,58,0
18701,58,0
18702,56,0
18703,58,0
18704,57,0
18705,55,0
18706,59,0
18707,56,0
18708,56,0
18709,58,0
18710,59,0
18711,57,0
18712,55,0
18713,59,0
18714,58,0
18715,58,0
18716,58,0
18717,59,0
18718,55,0
18719,57,0
18720,56,0
18721,58,0
18722,58,0
18723,59,0
18724,57,0
18725,57,0
18726,58,0
18727,58,0
18728,58,0
18729,57,0
18730,57,0
18731,57,0
18732,60,0
18733,58,0
18734,56,0
18735,59,0
18736,59,0
18737,61,0
18738,58,0
18739,56,0
18740,58,0
18741,58,0
18742,58,0
18743,57,0
18744,59,0
18745,58,0
18746,56,0
18747,56,0
18748,61,0
18749,59,0
18750,57,0
18751,58,0
18752,60,0
18753,59,0
18754,59,0
18755,57,0
18756,56,0
18757,58,0
18758,61,0
18759,57,0
18760,57,0
18761,58,0
18762,56,0
18763,56,0
18764,56,0
18765,59,0
18766,58,0
18767,58,0
18768,56,0
18769,60,0
18770,56,0
18771,58,0
18772,60,0
18773,59,0
18774,57,0
18775,63,0
18776,57,0
18777,58,0
18778,58,0
18779,58,0
18780,60,0
18781,57,0
18782,57,0
18783,59,0
18784,59,0
18785,58,0
18786,58,0
18787,58,0
18788,58,0
18789,59,0
18790,59,0
18791,59,0
18792,56,0
18793,56,0
18794,56,0
18795,55,0
18796,57,0
18797,59,0
18798,58,0
18799,55,0
18800,58,0
18801,56,0
18802,60,0
18803,58,0
18804,55,0
18805,57,0
18806,59,0
18807,59,0
18808,58,0
18809,58,0
18810,58,0
18811,58,0
18812,61,0
18813,55,0
18814,59,0
18815,56,0
18816,56,0
18817,58,0
18818,56,0
18819,57,0
18820,59,0
18821,57,0
18822,58,0
18823,60,0
18824,58,0
18825,58,0
18826,57,0
18827,59,0
18828,57,0
18829,58,0
18830,58,0
18831,56,0
18832,58,0
18833,57,0
18834,55,0
18835,59,0
18836,55,0
18837,56,0
18838,58,0
18839,58,0
18840,58,0
18841,55,0
18842,59,0
18843,58,0
18844,58,0
18845,58,0
18846,58,0
18847,57,0
18848,57,0
18849,59,0
18850,58,0
18851,58,0
18852,56,0
18853,59,0
18854,57,0
18855,57,0
18856,58,0
18857,56,0
18858,57,0
18859,61,0
18860,59,0
18861,56,0
18862,58,0
18863,58,0
18864,55,0
18865,59,0
18866,58,0
18867,56,0
18868,60,0
18869,56,0
18870,57,0
18871,59,0
18872,59,0
18873,58,0
18874,56,0
18875,56,0
18876,57,0
18877,59,0
18878,57,0
18879,58,0
18880,56,0
18881,55,0
18882,57,0
18883,58,0
18884,56,0
18885,58,0
18886,58,0
18887,56,0
18888,57,0
18889,57,0
18890,54,0
18891,56,0
18892,58,0
18893,57,0
18894,59,0
18895,59,0
18896,56,0
18897,56,0
18898,57,0
18899,57,0
18900,57,0
18901,56,0
18902,58,0
18903,56,0
18904,57,0
18905,57,0
18906,58,0
18907,54,0
18908,58,0
18909,55,0
18910,58,0
18911,55,0
18912,57,0
18913,55,0
18914,56,0
18915,56,0
18916,58,0
18917,56,0
18918,59,0
18919,57,0
18920,56,0
18921,58,0
18922,54,0
18923,55,0
18924,57,0
18925,57,0
18926,56,0
18927,56,0
18928,58,0
18929,58,0
18930,57,0
18931,57,0
18932,59,0
18933,56,0
18934,58,0
18935,57,0
18936,59,0
18937,59,0
18938,56,0
18939,56,0
18940,56,0
18941,55,0
18942,57,0
18943,57,0
18944,58,0
18945,56,0
18946,58,0
18947,57,0
18948,59,0
18949,56,0
18950,56,0
18951,55,0
18952,57,0
18953,57,0
18954,58,0
18955,58,0
18956,56,0
18957,59,0
18958,55,0
18959,55,0
18960,58,0
18961,56,0
18962,56,0
18963,59,0
18964,59,0
18965,56,0
18966,58,0
18967,56,0
18968,56,0
18969,59,0
18970,57,0
18971,58,0
18972,56,0
18973,56,0
18974,57,0
18975,55,0
18976,55,0
18977,58,0
18978,56,0
18979,54,0
18980,57,0
18981,55,0
18982,57,0
18983,56,0
18984,56,0
18985,56,0
18986,57,0
18987,57,0
18988,55,0
18989,56,0
18990,54,0
18991,56,0
18992,56,0
18993,56,0
18994,57,0
18995,57,0
18996,58,0
18997,58,0
18998,58,0
18999,58,0
19000,55,0
19001,57,0
19002,57,0
19003,58,0
19004,56,0
19005,56,0
19006,55,0
19007,55,0
19008,55,0
19009,56,0
19010,56,0
19011,56,0
19012,57,0
19013,57,0
19014,56,0
19015,56,0
19016,58,0
19017,57,0
19018,55,0
19019,56,0
19020,58,0
19021,54,0
19022,57,0
19023,57,0
19024,56,0
19025,58,0
19026,58,0
19027,55,0
19028,57,0
19029,57,0
19030,56,0
19031,56,0
19032,56,0
19033,55,0
19034,57,0
19035,56,0
19036,57,0
19037,58,0
19038,58,0
19039,57,0
19040,57,0
19041,59,0
19042,58,0
19043,58,0
19044,56,0
19045,55,0
19046,57,0
19047,54,0
19048,56,0
19049,56,0
19050,59,0
19051,52,0
19052,58,0
19053,56,0
19054,57,0
19055,57,0
19056,59,0
19057,56,0
19058,56,0
19059,58,0
19060,59,0
19061,55,0
19062,55,0
19063,59,0
19064,57,0
19065,58,0
19066,56,0
19067,55,0
19068,57,0
19069,59,0
19070,56,0
19071,54,0
19072,56,0
19073,57,0
19074,55,0
19075,56,0
19076,56,0
19077,58,0
19078,55,0
19079,55,0
19080,59,0
19081,56,0
19082,58,0
19083,58,0
19084,57,0
19085,55,0
19086,55,0
19087,58,0
19088,56,0
19089,58,0
19090,57,0
19091,59,0
19092,59,0
19093,57,0
19094,55,0
19095,58,0
19096,58,0
19097,58,0
19098,57,0
19099,57,0
19100,58,0
19101,58,0
19102,58,0
19103,56,0
19104,57,0
19105,57,0
19106,57,0
19107,58,0
19108,58,0
19109,58,0
19110,56,0
19111,59,0
19112,57,0
19113,57,0
19114,56,0
19115,56,0
19116,58,0
19117,56,0
19118,57,0
19119,57,0
19120,57,0
19121,55,0
19122,55,0
19123,56,0
19124,58,0
19125,55,0
19126,55,0
19127,55,0
19128,59,0
19129,56,0
19130,58,0
19131,56,0
19132,55,0
19133,59,0
19134,55,0
19135,56,0
19136,56,0
19137,56,0
19138,55,0
19139,57,0
19140,56,0
19141,56,0
19142,56,0
19143,59,0
19144,55,0
19145,56,0
19146,56,0
19147,56,0
19148,57,0
19149,55,0
19150,56,0
19151,56,0
19152,56,0
19153,56,0
19154,55,0
19155,55,0
19156,57,0
19157,55,0
19158,56,0
19159,56,0
19160,58,0
19161,57,0
19162,59,0
19163,57,0
19164,58,0
19165,56,0
19166,56,0
19167,59,0
19168,55,0
19169,55,0
19170,58,0
19171,56,0
19172,55,0
19173,55,0
19174,59,0
19175,58,0
19176,56,0
19177,59,0
19178,55,0
19179,57,0
19180,58,0
19181,73,0
19182,55,0
19183,57,0
19184,57,0
19185,59,0
19186,59,0
19187,58,0
19188,56,0
19189,56,0
19190,55,0
19191,57,0
19192,56,0
19193,58,0
19194,56,0
19195,55,0
19196,55,0
19197,55,0
19198,58,0
19199,56,0
19200,55,0
19201,57,0
19202,55,0
19203,58,0
19204,56,0
19205,64,0
19206,62,0
19207,65,0
19208,66,0
19209,62,0
19210,65,0
19211,64,0
19212,65,0
19213,64,0
19214,63,0
19215,64,0
19216,65,0
19217,64,0
19218,65,0
19219,64,0
19220,63,0
19221,64,0
19222,63,0
19223,64,0
19224,65,0
19225,66,0
19226,65,0
19227,64,0
19228,65,0
19229,62,0
19230,65,0
19231,66,0
19232,65,0
19233,64,0
19234,61,0
19235,65,0
19236,65,0
19237,64,0
19238,65,0
19239,62,0
19240,63,0
19241,64,0
19242,65,0
19243,64,0
19244,58,0
19245,58,0
19246,59,0
19247,57,0
19248,60,0
19249,60,0
19250,58,0
19251,60,0
19252,58,0
19253,58,0
19254,58,0
19255,58,0
19256,60,0
19257,58,0
19258,58,0
19259,59,0
19260,59,0
19261,59,0
19262,61,0
19263,61,0
19264,61,0
19265,57,0
19266,57,0
19267,59,0
19268,57,0
19269,57,0
19270,59,0
19271,58,0
19272,58,0
19273,58,0
19274,60,0
19275,60,0
19276,60,0
19277,59,0
19278,59,0
19279,59,0
19280,59,0
19281,59,0
19282,57,0
19283,63,0
19284,61,0
19285,61,0
19286,60,0
19287,58,0
19288,60,0
19289,60,0
19290,60,0
19291,58,0
19292,60,0
19293,62,0
19294,58,0
19295,58,0
19296,61,0
19297,59,0
19298,59,0
19299,59,0
19300,61,0
19301,61,0
19302,60,0
19303,58,0
19304,60,0
19305,60,0
19306,58,0
19307,60,0
19308,60,0
19309,58,0
19310,58,0
19311,60,0
19312,60,0
19313,59,0
19314,59,0
19315,59,0
19316,59,0
19317,59,0
19318,57,0
19319,61,0
19320,61,0
19321,59,0
19322,59,0
19323,57,0
19324,59,0
19325,59,0
19326,60,0
19327,60,0
19328,60,0
19329,58,0
19330,58,0
19331,60,0
19332,58,0
19333,60,0
19334,60,0
19335,60,0
19336,62,0
19337,61,0
19338,59,0
19339,61,0
19340,61,0
19341,61,0
19342,61,0
19343,63,0
19344,61,0
19345,58,0
19346,58,0
19347,60,0
19348,58,0
19349,60,0
19350,58,0
19351,60,0
19352,60,0
19353,59,0
19354,57,0
19355,59,0
19356,44424,1
19357,58,0
19358,56,0
19359,56,0
19360,58,0
19361,60,0
19362,58,0
19363,57,0
19364,59,0
19365,57,0
19366,56,0
19367,58,0
19368,56,0
19369,58,0
19370,58,0
19371,57,0
19372,59,0
19373,59,0
19374,58,0
19375,58,0
19376,58,0
19377,58,0
19378,59,0
19379,59,0
19380,58,0
19381,58,0
19382,58,0
19383,56,0
19384,58,0
19385,57,0
19386,59,0
19387,59,0
19388,57,0
19389,58,0
19390,56,0
19391,58,0
19392,61,0
19393,55,0
19394,57,0
19395,58,0
19396,56,0
19397,58,0
19398,59,0
19399,57,0
19400,59,0
19401,56,0
19402,56,0
19403,60,0
19404,61,0
19405,57,0
19406,58,0
19407,58,0
19408,57,0
19409,57,0
19410,59,0
19411,55,0
19412,58,0
19413,58,0
19414,56,0
19415,59,0
19416,56,0
19417,55,0
19418,56,0
19419,58,0
19420,58,0
19421,59,0
19422,59,0
19423,58,0
19424,58,0
19425,58,0
19426,58,0
19427,59,0
19428,59,0
19429,59,0
19430,58,0
19431,58,0
19432,58,0
19433,58,0
19434,57,0
19435,57,0
19436,57,0
19437,58,0
19438,58,0
19439,58,0
19440,57,0
19441,57,0
19442,59,0
19443,58,0
19444,58,0
19445,56,0
19446,56,0
19447,60,0
19448,56,0
19449,59,0
19450,55,0
19451,59,0
19452,58,0
19453,58,0
19454,58,0
19455,55,0
19456,55,0
19457,59,0
19458,58,0
19459,58,0
19460,58,0
19461,56,0
19462,59,0
19463,59,0
19464,58,0
19465,58,0
19466,58,0
19467,59,0
19468,59,0
19469,59,0
19470,58,0
19471,56,0
19472,58,0
19473,56,0
19474,58,0
19475,59,0
19476,55,0
19477,57,0
19478,56,0
19479,56,0
19480,56,0
19481,59,0
19482,57,0
19483,58,0
19484,54,0
19485,56,0
19486,59,0
19487,55,0
19488,59,0
19489,56,0
19490,58,0
19491,58,0
19492,55,0
19493,57,0
19494,57,0
19495,58,0
19496,56,0
19497,56,0
19498,57,0
19499,57,0
19500,57,0
19501,61,0
19502,54,0
19503,56,0
19504,58,0
19505,59,0
19506,55,0
19507,56,0
19508,56,0
19509,56,0
19510,57,0
19511,59,0
19512,55,0
19513,58,0
19514,58,0
19515,58,0
19516,57,0
19517,59,0
19518,57,0
19519,60,0
19520,56,0
19521,56,0
19522,57,0
19523,59,0
19524,56,0
19525,56,0
19526,58,0
19527,57,0
19528,57,0
19529,59,0
19530,59,0
19531,61,0
19532,58,0
19533,58,0
19534,54,0
19535,58,0
19536,59,0
19537,57,0
19538,59,0
19539,55,0
19540,54,0
19541,60,0
19542,56,0
19543,59,0
19544,55,0
19545,59,0
19546,58,0
19547,58,0
19548,54,0
19549,56,0
19550,55,0
19551,57,0
19552,59,0
19553,56,0
19554,58,0
19555,58,0
19556,58,0
19557,58,0
19558,58,0
19559,57,0
19560,57,0
19561,57,0
19562,58,0
19563,56,0
19564,56,0
19565,58,0
19566,57,0
19567,59,0
19568,57,0
19569,58,0
19570,58,0
19571,56,0
19572,58,0
19573,59,0
19574,55,0
19575,57,0
19576,58,0
19577,56,0
19578,56,0
19579,58,0
19580,57,0
19581,57,0
19582,59,0
19583,58,0
19584,55,0
19585,58,0
19586,58,0
19587,56,0
19588,55,0
19589,57,0
19590,55,0
19591,57,0
19592,58,0
19593,60,0
19594,58,0
19595,56,0
19596,55,0
19597,55,0
19598,58,0
19599,58,0
19600,56,0
19601,58,0
19602,59,0
19603,57,0
19604,57,0
19605,58,0
19606,58,0
19607,58,0
19608,59,0
19609,57,0
19610,56,0
19611,58,0
19612,56,0
19613,58,0
19614,56,0
19615,58,0
19616,59,0
19617,57,0
19618,57,0
19619,58,0
19620,58,0
19621,58,0
19622,58,0
19623,57,0
19624,57,0
19625,57,0
19626,56,0
19627,58,0
19628,56,0
19629,58,0
19630,56,0
19631,57,0
19632,57,0
19633,56,0
19634,56,0
19635,56,0
19636,59,0
19637,56,0
19638,58,0
19639,56,0
19640,54,0
19641,55,0
19642,58,0
19643,56,0
19644,56,0
19645,57,0
19646,57,0
19647,58,0
19648,56,0
19649,58,0
19650,55,0
19651,57,0
19652,58,0
19653,56,0
19654,57,0
19655,57,0
19656,54,0
19657,58,0
19658,56,0
19659,57,0
19660,59,0
19661,54,0
19662,56,0
19663,59,0
19664,55,0
19665,57,0
19666,56,0
19667,58,0
19668,56,0
19669,58,0
19670,55,0
19671,57,0
19672,58,0
19673,58,0
19674,56,0
19675,55,0
19676,57,0
19677,56,0
19678,56,0
19679,55,0
19680,55,0
19681,57,0
19682,56,0
19683,58,0
19684,56,0
19685,55,0
19686,55,0
19687,56,0
19688,56,0
19689,55,0
19690,117,0
19691,57,0
19692,57,0
19693,58,0
19694,56,0
19695,58,0
19696,59,0
19697,57,0
19698,59,0
19699,56,0
19700,56,0
19701,59,0
19702,55,0
19703,56,0
19704,54,0
19705,57,0
19706,59,0
19707,57,0
19708,56,0
19709,56,0
19710,59,0
19711,57,0
19712,56,0
19713,58,0
19714,58,0
19715,57,0
19716,57,0
19717,58,0
19718,54,0
19719,55,0
19720,56,0
19721,57,0
19722,55,0
19723,58,0
19724,56,0
19725,56,0
19726,57,0
19727,57,0
19728,56,0
19729,58,0
19730,58,0
19731,57,0
19732,55,0
19733,56,0
19734,58,0
19735,58,0
19736,55,0
19737,59,0
19738,57,0
19739,58,0
19740,56,0
19741,59,0
19742,57,0
19743,57,0
19744,58,0
19745,58,0
19746,56,0
19747,59,0
19748,56,0
19749,55,0
19750,55,0
19751,56,0
19752,56,0
19753,56,0
19754,56,0
19755,59,0
19756,57,0
19757,56,0
19758,58,0
19759,56,0
19760,56,0
19761,55,0
19762,57,0
19763,56,0
19764,56,0
19765,62,0
19766,56,0
19767,55,0
19768,59,0
19769,54,0
19770,54,0
19771,59,0
19772,55,0
19773,56,0
19774,58,0
19775,58,0
19776,57,0
19777,59,0
19778,56,0
19779,56,0
19780,55,0
19781,59,0
19782,57,0
19783,58,0
19784,56,0
19785,57,0
19786,57,0
19787,55,0
19788,55,0
19789,56,0
19790,56,0
19791,59,0
19792,55,0
19793,56,0
19794,56,0
19795,58,0
19796,57,0
19797,57,0
19798,58,0
19799,56,0
19800,56,0
19801,59,0
19802,57,0
19803,56,0
19804,58,0
19805,58,0
19806,55,0
19807,55,0
19808,59,0
19809,56,0
19810,58,0
19811,55,0
19812,55,0
19813,57,0
19814,58,0
19815,58,0
19816,56,0
19817,56,0
19818,56,0
19819,55,0
19820,55,0
19821,56,0
19822,56,0
19823,56,0
19824,59,0
19825,59,0
19826,55,0
19827,54,0
19828,56,0
19829,57,0
19830,55,0
19831,59,0
19832,56,0
19833,56,0
19834,59,0
19835,55,0
19836,54,0
19837,58,0
19838,58,0
19839,55,0
19840,57,0
19841,59,0
19842,57,0
19843,56,0
19844,56,0
19845,56,0
19846,55,0
19847,57,0
19848,56,0
19849,58,0
19850,56,0
19851,57,0
19852,59,0
19853,59,0
19854,54,0
19855,54,0
19856,56,0
19857,57,0
19858,59,0
19859,58,0
19860,58,0
19861,56,0
19862,55,0
19863,55,0
19864,59,0
19865,58,0
19866,56,0
19867,58,0
19868,57,0
19869,57,0
19870,59,0
19871,55,0
19872,56,0
19873,56,0
19874,56,0
19875,56,0
19876,59,0
19877,55,0
19878,56,0
19879,56,0
19880,56,0
19881,56,0
19882,57,0
19883,59,0
19884,56,0
19885,54,0
19886,58,0
19887,59,0
19888,57,0
19889,56,0
19890,56,0
19891,58,0
19892,57,0
19893,55,0
19894,56,0
19895,58,0
19896,56,0
19897,59,0
19898,55,0
19899,56,0
19900,56,0
19901,54,0
19902,57,0
19903,55,0
19904,59,0
19905,55,0
19906,56,0
19907,54,0
19908,59,0
19909,59,0
19910,58,0
19911,58,0
19912,58,0
19913,55,0
19914,55,0
19915,58,0
19916,54,0
19917,54,0
19918,55,0
19919,55,0
19920,58,0
19921,56,0
19922,56,0
19923,56,0
19924,55,0
19925,59,0
19926,56,0
19927,56,0
19928,55,0
19929,57,0
19930,54,0
19931,58,0
19932,59,0
19933,59,0
19934,56,0
19935,56,0
19936,57,0
19937,55,0
19938,56,0
19939,58,0
19940,56,0
19941,56,0
19942,55,0
19943,56,0
19944,58,0
19945,58,0
19946,59,0
19947,57,0
19948,58,0
19949,56,0
19950,56,0
19951,55,0
19952,57,0
19953,56,0
19954,58,0
19955,57,0
19956,59,0
19957,58,0
19958,58,0
19959,58,0
19960,57,0
19961,59,0
19962,56,0
19963,58,0
19964,57,0
19965,55,0
19966,55,0
19967,55,0
19968,56,0
19969,56,0
19970,56,0
19971,57,0
19972,57,0
19973,58,0
19974,58,0
19975,59,0
19976,59,0
19977,58,0
19978,58,0
19979,56,0
19980,55,0
19981,57,0
19982,56,0
19983,56,0
19984,57,0
19985,55,0
19986,58,0
19987,56,0
19988,56,0
19989,57,0
19990,59,0
19991,58,0
19992,58,0
19993,58,0
19994,54,0
19995,59,0
19996,59,0
19997,58,0
19998,56,0
19999,56,0
