
build/artemisia/line_size_pmu:     file format elf64-x86-64


Disassembly of section .init:

0000000000402000 <_init>:
  402000:	f3 0f 1e fa          	endbr64 
  402004:	48 83 ec 08          	sub    rsp,0x8
  402008:	48 8b 05 e1 6f 00 00 	mov    rax,QWORD PTR [rip+0x6fe1]        # 408ff0 <__gmon_start__>
  40200f:	48 85 c0             	test   rax,rax
  402012:	74 02                	je     402016 <_init+0x16>
  402014:	ff d0                	call   rax
  402016:	48 83 c4 08          	add    rsp,0x8
  40201a:	c3                   	ret    

Disassembly of section .plt:

0000000000402020 <.plt>:
  402020:	ff 35 e2 6f 00 00    	push   QWORD PTR [rip+0x6fe2]        # 409008 <_GLOBAL_OFFSET_TABLE_+0x8>
  402026:	ff 25 e4 6f 00 00    	jmp    QWORD PTR [rip+0x6fe4]        # 409010 <_GLOBAL_OFFSET_TABLE_+0x10>
  40202c:	0f 1f 40 00          	nop    DWORD PTR [rax+0x0]

0000000000402030 <__errno_location@plt>:
  402030:	ff 25 e2 6f 00 00    	jmp    QWORD PTR [rip+0x6fe2]        # 409018 <__errno_location@GLIBC_2.2.5>
  402036:	68 00 00 00 00       	push   0x0
  40203b:	e9 e0 ff ff ff       	jmp    402020 <.plt>

0000000000402040 <syscall@plt>:
  402040:	ff 25 da 6f 00 00    	jmp    QWORD PTR [rip+0x6fda]        # 409020 <syscall@GLIBC_2.2.5>
  402046:	68 01 00 00 00       	push   0x1
  40204b:	e9 d0 ff ff ff       	jmp    402020 <.plt>

0000000000402050 <_ZNKSt7__cxx1112basic_stringIcSt11char_traitsIcESaIcEE7compareEPKc@plt>:
  402050:	ff 25 d2 6f 00 00    	jmp    QWORD PTR [rip+0x6fd2]        # 409028 <_ZNKSt7__cxx1112basic_stringIcSt11char_traitsIcESaIcEE7compareEPKc@GLIBCXX_3.4.21>
  402056:	68 02 00 00 00       	push   0x2
  40205b:	e9 c0 ff ff ff       	jmp    402020 <.plt>

0000000000402060 <strtoul@plt>:
  402060:	ff 25 ca 6f 00 00    	jmp    QWORD PTR [rip+0x6fca]        # 409030 <strtoul@GLIBC_2.2.5>
  402066:	68 03 00 00 00       	push   0x3
  40206b:	e9 b0 ff ff ff       	jmp    402020 <.plt>

0000000000402070 <_ZSt17__throw_bad_allocv@plt>:
  402070:	ff 25 c2 6f 00 00    	jmp    QWORD PTR [rip+0x6fc2]        # 409038 <_ZSt17__throw_bad_allocv@GLIBCXX_3.4>
  402076:	68 04 00 00 00       	push   0x4
  40207b:	e9 a0 ff ff ff       	jmp    402020 <.plt>

0000000000402080 <_ZNKSt7__cxx1112basic_stringIcSt11char_traitsIcESaIcEE5c_strEv@plt>:
  402080:	ff 25 ba 6f 00 00    	jmp    QWORD PTR [rip+0x6fba]        # 409040 <_ZNKSt7__cxx1112basic_stringIcSt11char_traitsIcESaIcEE5c_strEv@GLIBCXX_3.4.21>
  402086:	68 05 00 00 00       	push   0x5
  40208b:	e9 90 ff ff ff       	jmp    402020 <.plt>

0000000000402090 <strncmp@plt>:
  402090:	ff 25 b2 6f 00 00    	jmp    QWORD PTR [rip+0x6fb2]        # 409048 <strncmp@GLIBC_2.2.5>
  402096:	68 06 00 00 00       	push   0x6
  40209b:	e9 80 ff ff ff       	jmp    402020 <.plt>

00000000004020a0 <posix_memalign@plt>:
  4020a0:	ff 25 aa 6f 00 00    	jmp    QWORD PTR [rip+0x6faa]        # 409050 <posix_memalign@GLIBC_2.2.5>
  4020a6:	68 07 00 00 00       	push   0x7
  4020ab:	e9 70 ff ff ff       	jmp    402020 <.plt>

00000000004020b0 <_ZSt20__throw_length_errorPKc@plt>:
  4020b0:	ff 25 a2 6f 00 00    	jmp    QWORD PTR [rip+0x6fa2]        # 409058 <_ZSt20__throw_length_errorPKc@GLIBCXX_3.4>
  4020b6:	68 08 00 00 00       	push   0x8
  4020bb:	e9 60 ff ff ff       	jmp    402020 <.plt>

00000000004020c0 <getrusage@plt>:
  4020c0:	ff 25 9a 6f 00 00    	jmp    QWORD PTR [rip+0x6f9a]        # 409060 <getrusage@GLIBC_2.2.5>
  4020c6:	68 09 00 00 00       	push   0x9
  4020cb:	e9 50 ff ff ff       	jmp    402020 <.plt>

00000000004020d0 <_ZSt24__throw_invalid_argumentPKc@plt>:
  4020d0:	ff 25 92 6f 00 00    	jmp    QWORD PTR [rip+0x6f92]        # 409068 <_ZSt24__throw_invalid_argumentPKc@GLIBCXX_3.4>
  4020d6:	68 0a 00 00 00       	push   0xa
  4020db:	e9 40 ff ff ff       	jmp    402020 <.plt>

00000000004020e0 <_ZNSt7__cxx1112basic_stringIcSt11char_traitsIcESaIcEED1Ev@plt>:
  4020e0:	ff 25 8a 6f 00 00    	jmp    QWORD PTR [rip+0x6f8a]        # 409070 <_ZNSt7__cxx1112basic_stringIcSt11char_traitsIcESaIcEED1Ev@GLIBCXX_3.4.21>
  4020e6:	68 0b 00 00 00       	push   0xb
  4020eb:	e9 30 ff ff ff       	jmp    402020 <.plt>

00000000004020f0 <_ZSt28__throw_bad_array_new_lengthv@plt>:
  4020f0:	ff 25 82 6f 00 00    	jmp    QWORD PTR [rip+0x6f82]        # 409078 <_ZSt28__throw_bad_array_new_lengthv@GLIBCXX_3.4.29>
  4020f6:	68 0c 00 00 00       	push   0xc
  4020fb:	e9 20 ff ff ff       	jmp    402020 <.plt>

0000000000402100 <perror@plt>:
  402100:	ff 25 7a 6f 00 00    	jmp    QWORD PTR [rip+0x6f7a]        # 409080 <perror@GLIBC_2.2.5>
  402106:	68 0d 00 00 00       	push   0xd
  40210b:	e9 10 ff ff ff       	jmp    402020 <.plt>

0000000000402110 <__cxa_atexit@plt>:
  402110:	ff 25 72 6f 00 00    	jmp    QWORD PTR [rip+0x6f72]        # 409088 <__cxa_atexit@GLIBC_2.2.5>
  402116:	68 0e 00 00 00       	push   0xe
  40211b:	e9 00 ff ff ff       	jmp    402020 <.plt>

0000000000402120 <_ZStlsIcSt11char_traitsIcESaIcEERSt13basic_ostreamIT_T0_ES7_RKNSt7__cxx1112basic_stringIS4_S5_T1_EE@plt>:
  402120:	ff 25 6a 6f 00 00    	jmp    QWORD PTR [rip+0x6f6a]        # 409090 <_ZStlsIcSt11char_traitsIcESaIcEERSt13basic_ostreamIT_T0_ES7_RKNSt7__cxx1112basic_stringIS4_S5_T1_EE@GLIBCXX_3.4.21>
  402126:	68 0f 00 00 00       	push   0xf
  40212b:	e9 f0 fe ff ff       	jmp    402020 <.plt>

0000000000402130 <_ZdlPv@plt>:
  402130:	ff 25 62 6f 00 00    	jmp    QWORD PTR [rip+0x6f62]        # 409098 <_ZdlPv@GLIBCXX_3.4>
  402136:	68 10 00 00 00       	push   0x10
  40213b:	e9 e0 fe ff ff       	jmp    402020 <.plt>

0000000000402140 <__isoc99_sscanf@plt>:
  402140:	ff 25 5a 6f 00 00    	jmp    QWORD PTR [rip+0x6f5a]        # 4090a0 <__isoc99_sscanf@GLIBC_2.7>
  402146:	68 11 00 00 00       	push   0x11
  40214b:	e9 d0 fe ff ff       	jmp    402020 <.plt>

0000000000402150 <_ZStlsISt11char_traitsIcEERSt13basic_ostreamIcT_ES5_PKc@plt>:
  402150:	ff 25 52 6f 00 00    	jmp    QWORD PTR [rip+0x6f52]        # 4090a8 <_ZStlsISt11char_traitsIcEERSt13basic_ostreamIcT_ES5_PKc@GLIBCXX_3.4>
  402156:	68 12 00 00 00       	push   0x12
  40215b:	e9 c0 fe ff ff       	jmp    402020 <.plt>

0000000000402160 <fclose@plt>:
  402160:	ff 25 4a 6f 00 00    	jmp    QWORD PTR [rip+0x6f4a]        # 4090b0 <fclose@GLIBC_2.2.5>
  402166:	68 13 00 00 00       	push   0x13
  40216b:	e9 b0 fe ff ff       	jmp    402020 <.plt>

0000000000402170 <_Znwm@plt>:
  402170:	ff 25 42 6f 00 00    	jmp    QWORD PTR [rip+0x6f42]        # 4090b8 <_Znwm@GLIBCXX_3.4>
  402176:	68 14 00 00 00       	push   0x14
  40217b:	e9 a0 fe ff ff       	jmp    402020 <.plt>

0000000000402180 <_ZNSaIcED1Ev@plt>:
  402180:	ff 25 3a 6f 00 00    	jmp    QWORD PTR [rip+0x6f3a]        # 4090c0 <_ZNSaIcED1Ev@GLIBCXX_3.4>
  402186:	68 15 00 00 00       	push   0x15
  40218b:	e9 90 fe ff ff       	jmp    402020 <.plt>

0000000000402190 <fputs@plt>:
  402190:	ff 25 32 6f 00 00    	jmp    QWORD PTR [rip+0x6f32]        # 4090c8 <fputs@GLIBC_2.2.5>
  402196:	68 16 00 00 00       	push   0x16
  40219b:	e9 80 fe ff ff       	jmp    402020 <.plt>

00000000004021a0 <fopen@plt>:
  4021a0:	ff 25 2a 6f 00 00    	jmp    QWORD PTR [rip+0x6f2a]        # 4090d0 <fopen@GLIBC_2.2.5>
  4021a6:	68 17 00 00 00       	push   0x17
  4021ab:	e9 70 fe ff ff       	jmp    402020 <.plt>

00000000004021b0 <free@plt>:
  4021b0:	ff 25 22 6f 00 00    	jmp    QWORD PTR [rip+0x6f22]        # 4090d8 <free@GLIBC_2.2.5>
  4021b6:	68 18 00 00 00       	push   0x18
  4021bb:	e9 60 fe ff ff       	jmp    402020 <.plt>

00000000004021c0 <exit@plt>:
  4021c0:	ff 25 1a 6f 00 00    	jmp    QWORD PTR [rip+0x6f1a]        # 4090e0 <exit@GLIBC_2.2.5>
  4021c6:	68 19 00 00 00       	push   0x19
  4021cb:	e9 50 fe ff ff       	jmp    402020 <.plt>

00000000004021d0 <strtoull@plt>:
  4021d0:	ff 25 12 6f 00 00    	jmp    QWORD PTR [rip+0x6f12]        # 4090e8 <strtoull@GLIBC_2.2.5>
  4021d6:	68 1a 00 00 00       	push   0x1a
  4021db:	e9 40 fe ff ff       	jmp    402020 <.plt>

00000000004021e0 <_ZNSt7__cxx1112basic_stringIcSt11char_traitsIcESaIcEEaSEPKc@plt>:
  4021e0:	ff 25 0a 6f 00 00    	jmp    QWORD PTR [rip+0x6f0a]        # 4090f0 <_ZNSt7__cxx1112basic_stringIcSt11char_traitsIcESaIcEEaSEPKc@GLIBCXX_3.4.21>
  4021e6:	68 1b 00 00 00       	push   0x1b
  4021eb:	e9 30 fe ff ff       	jmp    402020 <.plt>

00000000004021f0 <_ZNSt7__cxx1112basic_stringIcSt11char_traitsIcESaIcEEC1EPKcRKS3_@plt>:
  4021f0:	ff 25 02 6f 00 00    	jmp    QWORD PTR [rip+0x6f02]        # 4090f8 <_ZNSt7__cxx1112basic_stringIcSt11char_traitsIcESaIcEEC1EPKcRKS3_@GLIBCXX_3.4.21>
  4021f6:	68 1c 00 00 00       	push   0x1c
  4021fb:	e9 20 fe ff ff       	jmp    402020 <.plt>

0000000000402200 <sched_getcpu@plt>:
  402200:	ff 25 fa 6e 00 00    	jmp    QWORD PTR [rip+0x6efa]        # 409100 <sched_getcpu@GLIBC_2.6>
  402206:	68 1d 00 00 00       	push   0x1d
  40220b:	e9 10 fe ff ff       	jmp    402020 <.plt>

0000000000402210 <_ZNSt7__cxx1112basic_stringIcSt11char_traitsIcESaIcEEC1Ev@plt>:
  402210:	ff 25 f2 6e 00 00    	jmp    QWORD PTR [rip+0x6ef2]        # 409108 <_ZNSt7__cxx1112basic_stringIcSt11char_traitsIcESaIcEEC1Ev@GLIBCXX_3.4.21>
  402216:	68 1e 00 00 00       	push   0x1e
  40221b:	e9 00 fe ff ff       	jmp    402020 <.plt>

0000000000402220 <ioctl@plt>:
  402220:	ff 25 ea 6e 00 00    	jmp    QWORD PTR [rip+0x6eea]        # 409110 <ioctl@GLIBC_2.2.5>
  402226:	68 1f 00 00 00       	push   0x1f
  40222b:	e9 f0 fd ff ff       	jmp    402020 <.plt>

0000000000402230 <fprintf@plt>:
  402230:	ff 25 e2 6e 00 00    	jmp    QWORD PTR [rip+0x6ee2]        # 409118 <fprintf@GLIBC_2.2.5>
  402236:	68 20 00 00 00       	push   0x20
  40223b:	e9 e0 fd ff ff       	jmp    402020 <.plt>

0000000000402240 <read@plt>:
  402240:	ff 25 da 6e 00 00    	jmp    QWORD PTR [rip+0x6eda]        # 409120 <read@GLIBC_2.2.5>
  402246:	68 21 00 00 00       	push   0x21
  40224b:	e9 d0 fd ff ff       	jmp    402020 <.plt>

0000000000402250 <_ZSt20__throw_out_of_rangePKc@plt>:
  402250:	ff 25 d2 6e 00 00    	jmp    QWORD PTR [rip+0x6ed2]        # 409128 <_ZSt20__throw_out_of_rangePKc@GLIBCXX_3.4>
  402256:	68 22 00 00 00       	push   0x22
  40225b:	e9 c0 fd ff ff       	jmp    402020 <.plt>

0000000000402260 <_ZNSt8ios_base4InitC1Ev@plt>:
  402260:	ff 25 ca 6e 00 00    	jmp    QWORD PTR [rip+0x6eca]        # 409130 <_ZNSt8ios_base4InitC1Ev@GLIBCXX_3.4>
  402266:	68 23 00 00 00       	push   0x23
  40226b:	e9 b0 fd ff ff       	jmp    402020 <.plt>

0000000000402270 <fgets@plt>:
  402270:	ff 25 c2 6e 00 00    	jmp    QWORD PTR [rip+0x6ec2]        # 409138 <fgets@GLIBC_2.2.5>
  402276:	68 24 00 00 00       	push   0x24
  40227b:	e9 a0 fd ff ff       	jmp    402020 <.plt>

0000000000402280 <__gxx_personality_v0@plt>:
  402280:	ff 25 ba 6e 00 00    	jmp    QWORD PTR [rip+0x6eba]        # 409140 <__gxx_personality_v0@CXXABI_1.3>
  402286:	68 25 00 00 00       	push   0x25
  40228b:	e9 90 fd ff ff       	jmp    402020 <.plt>

0000000000402290 <_ZNKSt7__cxx1112basic_stringIcSt11char_traitsIcESaIcEE5emptyEv@plt>:
  402290:	ff 25 b2 6e 00 00    	jmp    QWORD PTR [rip+0x6eb2]        # 409148 <_ZNKSt7__cxx1112basic_stringIcSt11char_traitsIcESaIcEE5emptyEv@GLIBCXX_3.4.21>
  402296:	68 26 00 00 00       	push   0x26
  40229b:	e9 80 fd ff ff       	jmp    402020 <.plt>

00000000004022a0 <_Unwind_Resume@plt>:
  4022a0:	ff 25 aa 6e 00 00    	jmp    QWORD PTR [rip+0x6eaa]        # 409150 <_Unwind_Resume@GCC_3.0>
  4022a6:	68 27 00 00 00       	push   0x27
  4022ab:	e9 70 fd ff ff       	jmp    402020 <.plt>

00000000004022b0 <_ZNSaIcEC1Ev@plt>:
  4022b0:	ff 25 a2 6e 00 00    	jmp    QWORD PTR [rip+0x6ea2]        # 409158 <_ZNSaIcEC1Ev@GLIBCXX_3.4>
  4022b6:	68 28 00 00 00       	push   0x28
  4022bb:	e9 60 fd ff ff       	jmp    402020 <.plt>

00000000004022c0 <fwrite@plt>:
  4022c0:	ff 25 9a 6e 00 00    	jmp    QWORD PTR [rip+0x6e9a]        # 409160 <fwrite@GLIBC_2.2.5>
  4022c6:	68 29 00 00 00       	push   0x29
  4022cb:	e9 50 fd ff ff       	jmp    402020 <.plt>

00000000004022d0 <close@plt>:
  4022d0:	ff 25 92 6e 00 00    	jmp    QWORD PTR [rip+0x6e92]        # 409168 <close@GLIBC_2.2.5>
  4022d6:	68 2a 00 00 00       	push   0x2a
  4022db:	e9 40 fd ff ff       	jmp    402020 <.plt>

00000000004022e0 <_ZNSt8ios_base4InitD1Ev@plt>:
  4022e0:	ff 25 8a 6e 00 00    	jmp    QWORD PTR [rip+0x6e8a]        # 409170 <_ZNSt8ios_base4InitD1Ev@GLIBCXX_3.4>
  4022e6:	68 2b 00 00 00       	push   0x2b
  4022eb:	e9 30 fd ff ff       	jmp    402020 <.plt>

Disassembly of section .text:

00000000004022f0 <_start>:
  4022f0:	f3 0f 1e fa          	endbr64 
  4022f4:	31 ed                	xor    ebp,ebp
  4022f6:	49 89 d1             	mov    r9,rdx
  4022f9:	5e                   	pop    rsi
  4022fa:	48 89 e2             	mov    rdx,rsp
  4022fd:	48 83 e4 f0          	and    rsp,0xfffffffffffffff0
  402301:	50                   	push   rax
  402302:	54                   	push   rsp
  402303:	45 31 c0             	xor    r8d,r8d
  402306:	31 c9                	xor    ecx,ecx
  402308:	48 c7 c7 ef 3d 40 00 	mov    rdi,0x403def
  40230f:	ff 15 cb 6c 00 00    	call   QWORD PTR [rip+0x6ccb]        # 408fe0 <__libc_start_main@GLIBC_2.34>
  402315:	f4                   	hlt    
  402316:	66 2e 0f 1f 84 00 00 	nop    WORD PTR cs:[rax+rax*1+0x0]
  40231d:	00 00 00 

0000000000402320 <_dl_relocate_static_pie>:
  402320:	f3 0f 1e fa          	endbr64 
  402324:	c3                   	ret    
  402325:	66 2e 0f 1f 84 00 00 	nop    WORD PTR cs:[rax+rax*1+0x0]
  40232c:	00 00 00 
  40232f:	90                   	nop

0000000000402330 <deregister_tm_clones>:
  402330:	48 8d 3d 49 6e 00 00 	lea    rdi,[rip+0x6e49]        # 409180 <stderr@@GLIBC_2.2.5>
  402337:	48 8d 05 42 6e 00 00 	lea    rax,[rip+0x6e42]        # 409180 <stderr@@GLIBC_2.2.5>
  40233e:	48 39 f8             	cmp    rax,rdi
  402341:	74 15                	je     402358 <deregister_tm_clones+0x28>
  402343:	48 8b 05 9e 6c 00 00 	mov    rax,QWORD PTR [rip+0x6c9e]        # 408fe8 <_ITM_deregisterTMCloneTable>
  40234a:	48 85 c0             	test   rax,rax
  40234d:	74 09                	je     402358 <deregister_tm_clones+0x28>
  40234f:	ff e0                	jmp    rax
  402351:	0f 1f 80 00 00 00 00 	nop    DWORD PTR [rax+0x0]
  402358:	c3                   	ret    
  402359:	0f 1f 80 00 00 00 00 	nop    DWORD PTR [rax+0x0]

0000000000402360 <register_tm_clones>:
  402360:	48 8d 3d 19 6e 00 00 	lea    rdi,[rip+0x6e19]        # 409180 <stderr@@GLIBC_2.2.5>
  402367:	48 8d 35 12 6e 00 00 	lea    rsi,[rip+0x6e12]        # 409180 <stderr@@GLIBC_2.2.5>
  40236e:	48 29 fe             	sub    rsi,rdi
  402371:	48 89 f0             	mov    rax,rsi
  402374:	48 c1 ee 3f          	shr    rsi,0x3f
  402378:	48 c1 f8 03          	sar    rax,0x3
  40237c:	48 01 c6             	add    rsi,rax
  40237f:	48 d1 fe             	sar    rsi,1
  402382:	74 14                	je     402398 <register_tm_clones+0x38>
  402384:	48 8b 05 6d 6c 00 00 	mov    rax,QWORD PTR [rip+0x6c6d]        # 408ff8 <_ITM_registerTMCloneTable>
  40238b:	48 85 c0             	test   rax,rax
  40238e:	74 08                	je     402398 <register_tm_clones+0x38>
  402390:	ff e0                	jmp    rax
  402392:	66 0f 1f 44 00 00    	nop    WORD PTR [rax+rax*1+0x0]
  402398:	c3                   	ret    
  402399:	0f 1f 80 00 00 00 00 	nop    DWORD PTR [rax+0x0]

00000000004023a0 <__do_global_dtors_aux>:
  4023a0:	f3 0f 1e fa          	endbr64 
  4023a4:	80 3d 05 6f 00 00 00 	cmp    BYTE PTR [rip+0x6f05],0x0        # 4092b0 <completed.0>
  4023ab:	75 13                	jne    4023c0 <__do_global_dtors_aux+0x20>
  4023ad:	55                   	push   rbp
  4023ae:	48 89 e5             	mov    rbp,rsp
  4023b1:	e8 7a ff ff ff       	call   402330 <deregister_tm_clones>
  4023b6:	c6 05 f3 6e 00 00 01 	mov    BYTE PTR [rip+0x6ef3],0x1        # 4092b0 <completed.0>
  4023bd:	5d                   	pop    rbp
  4023be:	c3                   	ret    
  4023bf:	90                   	nop
  4023c0:	c3                   	ret    
  4023c1:	66 66 2e 0f 1f 84 00 	data16 nop WORD PTR cs:[rax+rax*1+0x0]
  4023c8:	00 00 00 00 
  4023cc:	0f 1f 40 00          	nop    DWORD PTR [rax+0x0]

00000000004023d0 <frame_dummy>:
  4023d0:	f3 0f 1e fa          	endbr64 
  4023d4:	eb 8a                	jmp    402360 <register_tm_clones>

00000000004023d6 <_ZL11timer_startv>:
  4023d6:	55                   	push   rbp
  4023d7:	48 89 e5             	mov    rbp,rsp
  4023da:	0f ae e8             	lfence 
  4023dd:	90                   	nop
  4023de:	0f 31                	rdtsc  
  4023e0:	48 c1 e2 20          	shl    rdx,0x20
  4023e4:	48 09 d0             	or     rax,rdx
  4023e7:	90                   	nop
  4023e8:	48 89 45 f8          	mov    QWORD PTR [rbp-0x8],rax
  4023ec:	0f ae e8             	lfence 
  4023ef:	90                   	nop
  4023f0:	48 8b 45 f8          	mov    rax,QWORD PTR [rbp-0x8]
  4023f4:	5d                   	pop    rbp
  4023f5:	c3                   	ret    

00000000004023f6 <_ZL10timer_stopv>:
  4023f6:	55                   	push   rbp
  4023f7:	48 89 e5             	mov    rbp,rsp
  4023fa:	0f ae e8             	lfence 
  4023fd:	90                   	nop
  4023fe:	48 8d 45 ec          	lea    rax,[rbp-0x14]
  402402:	48 89 45 f0          	mov    QWORD PTR [rbp-0x10],rax
  402406:	0f 01 f9             	rdtscp 
  402409:	89 ce                	mov    esi,ecx
  40240b:	48 8b 4d f0          	mov    rcx,QWORD PTR [rbp-0x10]
  40240f:	89 31                	mov    DWORD PTR [rcx],esi
  402411:	48 c1 e2 20          	shl    rdx,0x20
  402415:	48 09 d0             	or     rax,rdx
  402418:	90                   	nop
  402419:	48 89 45 f8          	mov    QWORD PTR [rbp-0x8],rax
  40241d:	0f ae e8             	lfence 
  402420:	90                   	nop
  402421:	48 8b 45 f8          	mov    rax,QWORD PTR [rbp-0x8]
  402425:	5d                   	pop    rbp
  402426:	c3                   	ret    

0000000000402427 <_ZL4failPKc>:
  402427:	55                   	push   rbp
  402428:	48 89 e5             	mov    rbp,rsp
  40242b:	48 83 ec 10          	sub    rsp,0x10
  40242f:	48 89 7d f8          	mov    QWORD PTR [rbp-0x8],rdi
  402433:	48 8b 45 f8          	mov    rax,QWORD PTR [rbp-0x8]
  402437:	48 89 c7             	mov    rdi,rax
  40243a:	e8 c1 fc ff ff       	call   402100 <perror@plt>
  40243f:	bf 01 00 00 00       	mov    edi,0x1
  402444:	e8 77 fd ff ff       	call   4021c0 <exit@plt>

0000000000402449 <_ZL8pmu_openPKc>:
  402449:	55                   	push   rbp
  40244a:	48 89 e5             	mov    rbp,rsp
  40244d:	48 81 ec b0 00 00 00 	sub    rsp,0xb0
  402454:	48 89 bd 58 ff ff ff 	mov    QWORD PTR [rbp-0xa8],rdi
  40245b:	48 8b 85 58 ff ff ff 	mov    rax,QWORD PTR [rbp-0xa8]
  402462:	48 89 45 f8          	mov    QWORD PTR [rbp-0x8],rax
  402466:	c7 45 f4 00 00 00 00 	mov    DWORD PTR [rbp-0xc],0x0
  40246d:	e9 fc 01 00 00       	jmp    40266e <_ZL8pmu_openPKc+0x225>
  402472:	e8 b9 fb ff ff       	call   402030 <__errno_location@plt>
  402477:	c7 00 00 00 00 00    	mov    DWORD PTR [rax],0x0
  40247d:	48 8d 4d e8          	lea    rcx,[rbp-0x18]
  402481:	48 8b 45 f8          	mov    rax,QWORD PTR [rbp-0x8]
  402485:	ba 00 00 00 00       	mov    edx,0x0
  40248a:	48 89 ce             	mov    rsi,rcx
  40248d:	48 89 c7             	mov    rdi,rax
  402490:	e8 3b fd ff ff       	call   4021d0 <strtoull@plt>
  402495:	8b 55 f4             	mov    edx,DWORD PTR [rbp-0xc]
  402498:	48 63 d2             	movsxd rdx,edx
  40249b:	48 89 04 d5 00 93 40 	mov    QWORD PTR [rdx*8+0x409300],rax
  4024a2:	00 
  4024a3:	e8 88 fb ff ff       	call   402030 <__errno_location@plt>
  4024a8:	8b 00                	mov    eax,DWORD PTR [rax]
  4024aa:	85 c0                	test   eax,eax
  4024ac:	75 33                	jne    4024e1 <_ZL8pmu_openPKc+0x98>
  4024ae:	48 8b 45 e8          	mov    rax,QWORD PTR [rbp-0x18]
  4024b2:	48 39 45 f8          	cmp    QWORD PTR [rbp-0x8],rax
  4024b6:	74 29                	je     4024e1 <_ZL8pmu_openPKc+0x98>
  4024b8:	48 8b 45 f8          	mov    rax,QWORD PTR [rbp-0x8]
  4024bc:	0f b6 00             	movzx  eax,BYTE PTR [rax]
  4024bf:	3c 2d                	cmp    al,0x2d
  4024c1:	74 1e                	je     4024e1 <_ZL8pmu_openPKc+0x98>
  4024c3:	83 7d f4 02          	cmp    DWORD PTR [rbp-0xc],0x2
  4024c7:	7f 0d                	jg     4024d6 <_ZL8pmu_openPKc+0x8d>
  4024c9:	48 8b 45 e8          	mov    rax,QWORD PTR [rbp-0x18]
  4024cd:	0f b6 00             	movzx  eax,BYTE PTR [rax]
  4024d0:	3c 2c                	cmp    al,0x2c
  4024d2:	75 0d                	jne    4024e1 <_ZL8pmu_openPKc+0x98>
  4024d4:	eb 33                	jmp    402509 <_ZL8pmu_openPKc+0xc0>
  4024d6:	48 8b 45 e8          	mov    rax,QWORD PTR [rbp-0x18]
  4024da:	0f b6 00             	movzx  eax,BYTE PTR [rax]
  4024dd:	84 c0                	test   al,al
  4024df:	74 28                	je     402509 <_ZL8pmu_openPKc+0xc0>
  4024e1:	48 8b 05 98 6c 00 00 	mov    rax,QWORD PTR [rip+0x6c98]        # 409180 <stderr@@GLIBC_2.2.5>
  4024e8:	48 89 c1             	mov    rcx,rax
  4024eb:	ba 38 00 00 00       	mov    edx,0x38
  4024f0:	be 01 00 00 00       	mov    esi,0x1
  4024f5:	bf 18 60 40 00       	mov    edi,0x406018
  4024fa:	e8 c1 fd ff ff       	call   4022c0 <fwrite@plt>
  4024ff:	bf 01 00 00 00       	mov    edi,0x1
  402504:	e8 b7 fc ff ff       	call   4021c0 <exit@plt>
  402509:	48 8b 45 e8          	mov    rax,QWORD PTR [rbp-0x18]
  40250d:	0f b6 00             	movzx  eax,BYTE PTR [rax]
  402510:	84 c0                	test   al,al
  402512:	74 0a                	je     40251e <_ZL8pmu_openPKc+0xd5>
  402514:	48 8b 45 e8          	mov    rax,QWORD PTR [rbp-0x18]
  402518:	48 83 c0 01          	add    rax,0x1
  40251c:	eb 04                	jmp    402522 <_ZL8pmu_openPKc+0xd9>
  40251e:	48 8b 45 e8          	mov    rax,QWORD PTR [rbp-0x18]
  402522:	48 89 45 f8          	mov    QWORD PTR [rbp-0x8],rax
  402526:	48 8d 95 60 ff ff ff 	lea    rdx,[rbp-0xa0]
  40252d:	b8 00 00 00 00       	mov    eax,0x0
  402532:	b9 11 00 00 00       	mov    ecx,0x11
  402537:	48 89 d7             	mov    rdi,rdx
  40253a:	f3 48 ab             	rep stos QWORD PTR es:[rdi],rax
  40253d:	c7 85 60 ff ff ff 04 	mov    DWORD PTR [rbp-0xa0],0x4
  402544:	00 00 00 
  402547:	c7 85 64 ff ff ff 88 	mov    DWORD PTR [rbp-0x9c],0x88
  40254e:	00 00 00 
  402551:	8b 45 f4             	mov    eax,DWORD PTR [rbp-0xc]
  402554:	48 98                	cdqe   
  402556:	48 8b 04 c5 00 93 40 	mov    rax,QWORD PTR [rax*8+0x409300]
  40255d:	00 
  40255e:	48 89 85 68 ff ff ff 	mov    QWORD PTR [rbp-0x98],rax
  402565:	83 7d f4 00          	cmp    DWORD PTR [rbp-0xc],0x0
  402569:	0f 94 c0             	sete   al
  40256c:	83 e0 01             	and    eax,0x1
  40256f:	89 c2                	mov    edx,eax
  402571:	0f b6 45 88          	movzx  eax,BYTE PTR [rbp-0x78]
  402575:	83 e0 fe             	and    eax,0xfffffffe
  402578:	09 d0                	or     eax,edx
  40257a:	88 45 88             	mov    BYTE PTR [rbp-0x78],al
  40257d:	83 7d f4 00          	cmp    DWORD PTR [rbp-0xc],0x0
  402581:	0f 94 c0             	sete   al
  402584:	83 e0 01             	and    eax,0x1
  402587:	8d 14 85 00 00 00 00 	lea    edx,[rax*4+0x0]
  40258e:	0f b6 45 88          	movzx  eax,BYTE PTR [rbp-0x78]
  402592:	83 e0 fb             	and    eax,0xfffffffb
  402595:	09 d0                	or     eax,edx
  402597:	88 45 88             	mov    BYTE PTR [rbp-0x78],al
  40259a:	0f b6 45 88          	movzx  eax,BYTE PTR [rbp-0x78]
  40259e:	83 c8 20             	or     eax,0x20
  4025a1:	88 45 88             	mov    BYTE PTR [rbp-0x78],al
  4025a4:	0f b6 45 88          	movzx  eax,BYTE PTR [rbp-0x78]
  4025a8:	83 c8 40             	or     eax,0x40
  4025ab:	88 45 88             	mov    BYTE PTR [rbp-0x78],al
  4025ae:	0f b6 45 8a          	movzx  eax,BYTE PTR [rbp-0x76]
  4025b2:	83 c8 10             	or     eax,0x10
  4025b5:	88 45 8a             	mov    BYTE PTR [rbp-0x76],al
  4025b8:	48 c7 45 80 0f 00 00 	mov    QWORD PTR [rbp-0x80],0xf
  4025bf:	00 
  4025c0:	83 7d f4 00          	cmp    DWORD PTR [rbp-0xc],0x0
  4025c4:	74 08                	je     4025ce <_ZL8pmu_openPKc+0x185>
  4025c6:	8b 15 04 6d 00 00    	mov    edx,DWORD PTR [rip+0x6d04]        # 4092d0 <_ZL7pmu_fds>
  4025cc:	eb 05                	jmp    4025d3 <_ZL8pmu_openPKc+0x18a>
  4025ce:	ba ff ff ff ff       	mov    edx,0xffffffff
  4025d3:	48 8d 85 60 ff ff ff 	lea    rax,[rbp-0xa0]
  4025da:	41 b9 08 00 00 00    	mov    r9d,0x8
  4025e0:	41 89 d0             	mov    r8d,edx
  4025e3:	b9 ff ff ff ff       	mov    ecx,0xffffffff
  4025e8:	ba 00 00 00 00       	mov    edx,0x0
  4025ed:	48 89 c6             	mov    rsi,rax
  4025f0:	bf 2a 01 00 00       	mov    edi,0x12a
  4025f5:	b8 00 00 00 00       	mov    eax,0x0
  4025fa:	e8 41 fa ff ff       	call   402040 <syscall@plt>
  4025ff:	89 c2                	mov    edx,eax
  402601:	8b 45 f4             	mov    eax,DWORD PTR [rbp-0xc]
  402604:	48 98                	cdqe   
  402606:	89 14 85 d0 92 40 00 	mov    DWORD PTR [rax*4+0x4092d0],edx
  40260d:	8b 45 f4             	mov    eax,DWORD PTR [rbp-0xc]
  402610:	48 98                	cdqe   
  402612:	8b 04 85 d0 92 40 00 	mov    eax,DWORD PTR [rax*4+0x4092d0]
  402619:	85 c0                	test   eax,eax
  40261b:	79 0a                	jns    402627 <_ZL8pmu_openPKc+0x1de>
  40261d:	bf 51 60 40 00       	mov    edi,0x406051
  402622:	e8 00 fe ff ff       	call   402427 <_ZL4failPKc>
  402627:	8b 45 f4             	mov    eax,DWORD PTR [rbp-0xc]
  40262a:	48 98                	cdqe   
  40262c:	48 c1 e0 03          	shl    rax,0x3
  402630:	48 8d 90 e0 92 40 00 	lea    rdx,[rax+0x4092e0]
  402637:	8b 45 f4             	mov    eax,DWORD PTR [rbp-0xc]
  40263a:	48 98                	cdqe   
  40263c:	8b 04 85 d0 92 40 00 	mov    eax,DWORD PTR [rax*4+0x4092d0]
  402643:	b9 07 24 08 80       	mov    ecx,0x80082407
  402648:	48 89 ce             	mov    rsi,rcx
  40264b:	89 c7                	mov    edi,eax
  40264d:	b8 00 00 00 00       	mov    eax,0x0
  402652:	e8 c9 fb ff ff       	call   402220 <ioctl@plt>
  402657:	85 c0                	test   eax,eax
  402659:	0f 95 c0             	setne  al
  40265c:	84 c0                	test   al,al
  40265e:	74 0a                	je     40266a <_ZL8pmu_openPKc+0x221>
  402660:	bf 61 60 40 00       	mov    edi,0x406061
  402665:	e8 bd fd ff ff       	call   402427 <_ZL4failPKc>
  40266a:	83 45 f4 01          	add    DWORD PTR [rbp-0xc],0x1
  40266e:	83 7d f4 03          	cmp    DWORD PTR [rbp-0xc],0x3
  402672:	0f 8e fa fd ff ff    	jle    402472 <_ZL8pmu_openPKc+0x29>
  402678:	90                   	nop
  402679:	90                   	nop
  40267a:	c9                   	leave  
  40267b:	c3                   	ret    

000000000040267c <_ZL9pmu_startv>:
  40267c:	55                   	push   rbp
  40267d:	48 89 e5             	mov    rbp,rsp
  402680:	8b 05 4a 6c 00 00    	mov    eax,DWORD PTR [rip+0x6c4a]        # 4092d0 <_ZL7pmu_fds>
  402686:	ba 01 00 00 00       	mov    edx,0x1
  40268b:	be 03 24 00 00       	mov    esi,0x2403
  402690:	89 c7                	mov    edi,eax
  402692:	b8 00 00 00 00       	mov    eax,0x0
  402697:	e8 84 fb ff ff       	call   402220 <ioctl@plt>
  40269c:	85 c0                	test   eax,eax
  40269e:	0f 95 c0             	setne  al
  4026a1:	84 c0                	test   al,al
  4026a3:	74 0a                	je     4026af <_ZL9pmu_startv+0x33>
  4026a5:	bf 73 60 40 00       	mov    edi,0x406073
  4026aa:	e8 78 fd ff ff       	call   402427 <_ZL4failPKc>
  4026af:	8b 05 1b 6c 00 00    	mov    eax,DWORD PTR [rip+0x6c1b]        # 4092d0 <_ZL7pmu_fds>
  4026b5:	ba 01 00 00 00       	mov    edx,0x1
  4026ba:	be 00 24 00 00       	mov    esi,0x2400
  4026bf:	89 c7                	mov    edi,eax
  4026c1:	b8 00 00 00 00       	mov    eax,0x0
  4026c6:	e8 55 fb ff ff       	call   402220 <ioctl@plt>
  4026cb:	85 c0                	test   eax,eax
  4026cd:	0f 95 c0             	setne  al
  4026d0:	84 c0                	test   al,al
  4026d2:	74 0a                	je     4026de <_ZL9pmu_startv+0x62>
  4026d4:	bf 7d 60 40 00       	mov    edi,0x40607d
  4026d9:	e8 49 fd ff ff       	call   402427 <_ZL4failPKc>
  4026de:	90                   	nop
  4026df:	5d                   	pop    rbp
  4026e0:	c3                   	ret    

00000000004026e1 <_ZL8pmu_stopv>:
  4026e1:	55                   	push   rbp
  4026e2:	48 89 e5             	mov    rbp,rsp
  4026e5:	48 83 ec 10          	sub    rsp,0x10
  4026e9:	8b 05 e1 6b 00 00    	mov    eax,DWORD PTR [rip+0x6be1]        # 4092d0 <_ZL7pmu_fds>
  4026ef:	ba 01 00 00 00       	mov    edx,0x1
  4026f4:	be 01 24 00 00       	mov    esi,0x2401
  4026f9:	89 c7                	mov    edi,eax
  4026fb:	b8 00 00 00 00       	mov    eax,0x0
  402700:	e8 1b fb ff ff       	call   402220 <ioctl@plt>
  402705:	85 c0                	test   eax,eax
  402707:	0f 95 c0             	setne  al
  40270a:	84 c0                	test   al,al
  40270c:	74 0a                	je     402718 <_ZL8pmu_stopv+0x37>
  40270e:	bf 88 60 40 00       	mov    edi,0x406088
  402713:	e8 0f fd ff ff       	call   402427 <_ZL4failPKc>
  402718:	8b 05 b2 6b 00 00    	mov    eax,DWORD PTR [rip+0x6bb2]        # 4092d0 <_ZL7pmu_fds>
  40271e:	ba 58 00 00 00       	mov    edx,0x58
  402723:	be 20 93 40 00       	mov    esi,0x409320
  402728:	89 c7                	mov    edi,eax
  40272a:	e8 11 fb ff ff       	call   402240 <read@plt>
  40272f:	48 89 45 f8          	mov    QWORD PTR [rbp-0x8],rax
  402733:	48 83 7d f8 58       	cmp    QWORD PTR [rbp-0x8],0x58
  402738:	75 38                	jne    402772 <_ZL8pmu_stopv+0x91>
  40273a:	48 8b 05 df 6b 00 00 	mov    rax,QWORD PTR [rip+0x6bdf]        # 409320 <_ZL10pmu_counts>
  402741:	48 83 f8 04          	cmp    rax,0x4
  402745:	75 2b                	jne    402772 <_ZL8pmu_stopv+0x91>
  402747:	48 8b 05 da 6b 00 00 	mov    rax,QWORD PTR [rip+0x6bda]        # 409328 <_ZL10pmu_counts+0x8>
  40274e:	48 85 c0             	test   rax,rax
  402751:	74 1f                	je     402772 <_ZL8pmu_stopv+0x91>
  402753:	48 8b 05 d6 6b 00 00 	mov    rax,QWORD PTR [rip+0x6bd6]        # 409330 <_ZL10pmu_counts+0x10>
  40275a:	48 85 c0             	test   rax,rax
  40275d:	74 13                	je     402772 <_ZL8pmu_stopv+0x91>
  40275f:	48 8b 15 ca 6b 00 00 	mov    rdx,QWORD PTR [rip+0x6bca]        # 409330 <_ZL10pmu_counts+0x10>
  402766:	48 8b 05 bb 6b 00 00 	mov    rax,QWORD PTR [rip+0x6bbb]        # 409328 <_ZL10pmu_counts+0x8>
  40276d:	48 39 c2             	cmp    rdx,rax
  402770:	74 38                	je     4027aa <_ZL8pmu_stopv+0xc9>
  402772:	48 8b 35 b7 6b 00 00 	mov    rsi,QWORD PTR [rip+0x6bb7]        # 409330 <_ZL10pmu_counts+0x10>
  402779:	48 8b 0d a8 6b 00 00 	mov    rcx,QWORD PTR [rip+0x6ba8]        # 409328 <_ZL10pmu_counts+0x8>
  402780:	48 8b 05 f9 69 00 00 	mov    rax,QWORD PTR [rip+0x69f9]        # 409180 <stderr@@GLIBC_2.2.5>
  402787:	48 8b 55 f8          	mov    rdx,QWORD PTR [rbp-0x8]
  40278b:	49 89 f0             	mov    r8,rsi
  40278e:	be 98 60 40 00       	mov    esi,0x406098
  402793:	48 89 c7             	mov    rdi,rax
  402796:	b8 00 00 00 00       	mov    eax,0x0
  40279b:	e8 90 fa ff ff       	call   402230 <fprintf@plt>
  4027a0:	bf 01 00 00 00       	mov    edi,0x1
  4027a5:	e8 16 fa ff ff       	call   4021c0 <exit@plt>
  4027aa:	90                   	nop
  4027ab:	c9                   	leave  
  4027ac:	c3                   	ret    

00000000004027ad <_ZL8pmu_savePKcm>:
  4027ad:	55                   	push   rbp
  4027ae:	48 89 e5             	mov    rbp,rsp
  4027b1:	48 83 ec 30          	sub    rsp,0x30
  4027b5:	48 89 7d d8          	mov    QWORD PTR [rbp-0x28],rdi
  4027b9:	48 89 75 d0          	mov    QWORD PTR [rbp-0x30],rsi
  4027bd:	48 8b 45 d8          	mov    rax,QWORD PTR [rbp-0x28]
  4027c1:	be eb 60 40 00       	mov    esi,0x4060eb
  4027c6:	48 89 c7             	mov    rdi,rax
  4027c9:	e8 d2 f9 ff ff       	call   4021a0 <fopen@plt>
  4027ce:	48 89 45 e8          	mov    QWORD PTR [rbp-0x18],rax
  4027d2:	48 83 7d e8 00       	cmp    QWORD PTR [rbp-0x18],0x0
  4027d7:	75 0a                	jne    4027e3 <_ZL8pmu_savePKcm+0x36>
  4027d9:	bf ed 60 40 00       	mov    edi,0x4060ed
  4027de:	e8 44 fc ff ff       	call   402427 <_ZL4failPKc>
  4027e3:	48 8b 0d 46 6b 00 00 	mov    rcx,QWORD PTR [rip+0x6b46]        # 409330 <_ZL10pmu_counts+0x10>
  4027ea:	48 8b 15 37 6b 00 00 	mov    rdx,QWORD PTR [rip+0x6b37]        # 409328 <_ZL10pmu_counts+0x8>
  4027f1:	48 8b 75 d0          	mov    rsi,QWORD PTR [rbp-0x30]
  4027f5:	48 8b 45 e8          	mov    rax,QWORD PTR [rbp-0x18]
  4027f9:	49 89 f0             	mov    r8,rsi
  4027fc:	be f8 60 40 00       	mov    esi,0x4060f8
  402801:	48 89 c7             	mov    rdi,rax
  402804:	b8 00 00 00 00       	mov    eax,0x0
  402809:	e8 22 fa ff ff       	call   402230 <fprintf@plt>
  40280e:	c7 45 fc 00 00 00 00 	mov    DWORD PTR [rbp-0x4],0x0
  402815:	e9 f4 00 00 00       	jmp    40290e <_ZL8pmu_savePKcm+0x161>
  40281a:	c7 45 f8 ff ff ff ff 	mov    DWORD PTR [rbp-0x8],0xffffffff
  402821:	c7 45 f4 00 00 00 00 	mov    DWORD PTR [rbp-0xc],0x0
  402828:	eb 32                	jmp    40285c <_ZL8pmu_savePKcm+0xaf>
  40282a:	8b 45 f4             	mov    eax,DWORD PTR [rbp-0xc]
  40282d:	48 98                	cdqe   
  40282f:	48 83 c0 01          	add    rax,0x1
  402833:	48 c1 e0 04          	shl    rax,0x4
  402837:	48 05 30 93 40 00    	add    rax,0x409330
  40283d:	48 8b 10             	mov    rdx,QWORD PTR [rax]
  402840:	8b 45 fc             	mov    eax,DWORD PTR [rbp-0x4]
  402843:	48 98                	cdqe   
  402845:	48 8b 04 c5 e0 92 40 	mov    rax,QWORD PTR [rax*8+0x4092e0]
  40284c:	00 
  40284d:	48 39 c2             	cmp    rdx,rax
  402850:	75 06                	jne    402858 <_ZL8pmu_savePKcm+0xab>
  402852:	8b 45 f4             	mov    eax,DWORD PTR [rbp-0xc]
  402855:	89 45 f8             	mov    DWORD PTR [rbp-0x8],eax
  402858:	83 45 f4 01          	add    DWORD PTR [rbp-0xc],0x1
  40285c:	83 7d f4 03          	cmp    DWORD PTR [rbp-0xc],0x3
  402860:	7e c8                	jle    40282a <_ZL8pmu_savePKcm+0x7d>
  402862:	83 7d f8 00          	cmp    DWORD PTR [rbp-0x8],0x0
  402866:	79 28                	jns    402890 <_ZL8pmu_savePKcm+0xe3>
  402868:	48 8b 05 11 69 00 00 	mov    rax,QWORD PTR [rip+0x6911]        # 409180 <stderr@@GLIBC_2.2.5>
  40286f:	48 89 c1             	mov    rcx,rax
  402872:	ba 15 00 00 00       	mov    edx,0x15
  402877:	be 01 00 00 00       	mov    esi,0x1
  40287c:	bf 42 61 40 00       	mov    edi,0x406142
  402881:	e8 3a fa ff ff       	call   4022c0 <fwrite@plt>
  402886:	bf 01 00 00 00       	mov    edi,0x1
  40288b:	e8 30 f9 ff ff       	call   4021c0 <exit@plt>
  402890:	8b 45 f8             	mov    eax,DWORD PTR [rbp-0x8]
  402893:	48 98                	cdqe   
  402895:	48 83 c0 01          	add    rax,0x1
  402899:	48 c1 e0 04          	shl    rax,0x4
  40289d:	48 05 28 93 40 00    	add    rax,0x409328
  4028a3:	48 8b 08             	mov    rcx,QWORD PTR [rax]
  4028a6:	8b 45 fc             	mov    eax,DWORD PTR [rbp-0x4]
  4028a9:	48 98                	cdqe   
  4028ab:	48 8b 14 c5 00 93 40 	mov    rdx,QWORD PTR [rax*8+0x409300]
  4028b2:	00 
  4028b3:	83 7d fc 00          	cmp    DWORD PTR [rbp-0x4],0x0
  4028b7:	74 07                	je     4028c0 <_ZL8pmu_savePKcm+0x113>
  4028b9:	be 58 61 40 00       	mov    esi,0x406158
  4028be:	eb 05                	jmp    4028c5 <_ZL8pmu_savePKcm+0x118>
  4028c0:	be 5a 61 40 00       	mov    esi,0x40615a
  4028c5:	48 8b 45 e8          	mov    rax,QWORD PTR [rbp-0x18]
  4028c9:	49 89 c8             	mov    r8,rcx
  4028cc:	48 89 d1             	mov    rcx,rdx
  4028cf:	48 89 f2             	mov    rdx,rsi
  4028d2:	be 5b 61 40 00       	mov    esi,0x40615b
  4028d7:	48 89 c7             	mov    rdi,rax
  4028da:	b8 00 00 00 00       	mov    eax,0x0
  4028df:	e8 4c f9 ff ff       	call   402230 <fprintf@plt>
  4028e4:	8b 45 fc             	mov    eax,DWORD PTR [rbp-0x4]
  4028e7:	48 98                	cdqe   
  4028e9:	8b 04 85 d0 92 40 00 	mov    eax,DWORD PTR [rax*4+0x4092d0]
  4028f0:	89 c7                	mov    edi,eax
  4028f2:	e8 d9 f9 ff ff       	call   4022d0 <close@plt>
  4028f7:	85 c0                	test   eax,eax
  4028f9:	0f 95 c0             	setne  al
  4028fc:	84 c0                	test   al,al
  4028fe:	74 0a                	je     40290a <_ZL8pmu_savePKcm+0x15d>
  402900:	bf 78 61 40 00       	mov    edi,0x406178
  402905:	e8 1d fb ff ff       	call   402427 <_ZL4failPKc>
  40290a:	83 45 fc 01          	add    DWORD PTR [rbp-0x4],0x1
  40290e:	83 7d fc 03          	cmp    DWORD PTR [rbp-0x4],0x3
  402912:	0f 8e 02 ff ff ff    	jle    40281a <_ZL8pmu_savePKcm+0x6d>
  402918:	48 8b 45 e8          	mov    rax,QWORD PTR [rbp-0x18]
  40291c:	48 89 c1             	mov    rcx,rax
  40291f:	ba 03 00 00 00       	mov    edx,0x3
  402924:	be 01 00 00 00       	mov    esi,0x1
  402929:	bf 82 61 40 00       	mov    edi,0x406182
  40292e:	e8 8d f9 ff ff       	call   4022c0 <fwrite@plt>
  402933:	48 8b 45 e8          	mov    rax,QWORD PTR [rbp-0x18]
  402937:	48 89 c7             	mov    rdi,rax
  40293a:	e8 21 f8 ff ff       	call   402160 <fclose@plt>
  40293f:	85 c0                	test   eax,eax
  402941:	0f 95 c0             	setne  al
  402944:	84 c0                	test   al,al
  402946:	74 0a                	je     402952 <_ZL8pmu_savePKcm+0x1a5>
  402948:	bf 86 61 40 00       	mov    edi,0x406186
  40294d:	e8 d5 fa ff ff       	call   402427 <_ZL4failPKc>
  402952:	90                   	nop
  402953:	c9                   	leave  
  402954:	c3                   	ret    

0000000000402955 <_ZL10save_ticksPKcPKmm>:
  402955:	55                   	push   rbp
  402956:	48 89 e5             	mov    rbp,rsp
  402959:	48 83 ec 30          	sub    rsp,0x30
  40295d:	48 89 7d e8          	mov    QWORD PTR [rbp-0x18],rdi
  402961:	48 89 75 e0          	mov    QWORD PTR [rbp-0x20],rsi
  402965:	48 89 55 d8          	mov    QWORD PTR [rbp-0x28],rdx
  402969:	48 8b 45 e8          	mov    rax,QWORD PTR [rbp-0x18]
  40296d:	be 91 61 40 00       	mov    esi,0x406191
  402972:	48 89 c7             	mov    rdi,rax
  402975:	e8 26 f8 ff ff       	call   4021a0 <fopen@plt>
  40297a:	48 89 45 f8          	mov    QWORD PTR [rbp-0x8],rax
  40297e:	48 83 7d f8 00       	cmp    QWORD PTR [rbp-0x8],0x0
  402983:	74 1f                	je     4029a4 <_ZL10save_ticksPKcPKmm+0x4f>
  402985:	48 8b 4d f8          	mov    rcx,QWORD PTR [rbp-0x8]
  402989:	48 8b 55 d8          	mov    rdx,QWORD PTR [rbp-0x28]
  40298d:	48 8b 45 e0          	mov    rax,QWORD PTR [rbp-0x20]
  402991:	be 08 00 00 00       	mov    esi,0x8
  402996:	48 89 c7             	mov    rdi,rax
  402999:	e8 22 f9 ff ff       	call   4022c0 <fwrite@plt>
  40299e:	48 39 45 d8          	cmp    QWORD PTR [rbp-0x28],rax
  4029a2:	74 07                	je     4029ab <_ZL10save_ticksPKcPKmm+0x56>
  4029a4:	b8 01 00 00 00       	mov    eax,0x1
  4029a9:	eb 05                	jmp    4029b0 <_ZL10save_ticksPKcPKmm+0x5b>
  4029ab:	b8 00 00 00 00       	mov    eax,0x0
  4029b0:	84 c0                	test   al,al
  4029b2:	74 0a                	je     4029be <_ZL10save_ticksPKcPKmm+0x69>
  4029b4:	bf 94 61 40 00       	mov    edi,0x406194
  4029b9:	e8 69 fa ff ff       	call   402427 <_ZL4failPKc>
  4029be:	48 8b 45 f8          	mov    rax,QWORD PTR [rbp-0x8]
  4029c2:	48 89 c7             	mov    rdi,rax
  4029c5:	e8 96 f7 ff ff       	call   402160 <fclose@plt>
  4029ca:	85 c0                	test   eax,eax
  4029cc:	0f 95 c0             	setne  al
  4029cf:	84 c0                	test   al,al
  4029d1:	74 0a                	je     4029dd <_ZL10save_ticksPKcPKmm+0x88>
  4029d3:	bf 9f 61 40 00       	mov    edi,0x40619f
  4029d8:	e8 4a fa ff ff       	call   402427 <_ZL4failPKc>
  4029dd:	90                   	nop
  4029de:	c9                   	leave  
  4029df:	c3                   	ret    

00000000004029e0 <_ZL9log_usageRK6rusageS1_>:
  4029e0:	55                   	push   rbp
  4029e1:	48 89 e5             	mov    rbp,rsp
  4029e4:	41 56                	push   r14
  4029e6:	41 55                	push   r13
  4029e8:	41 54                	push   r12
  4029ea:	53                   	push   rbx
  4029eb:	48 83 ec 10          	sub    rsp,0x10
  4029ef:	48 89 7d d8          	mov    QWORD PTR [rbp-0x28],rdi
  4029f3:	48 89 75 d0          	mov    QWORD PTR [rbp-0x30],rsi
  4029f7:	48 8b 45 d0          	mov    rax,QWORD PTR [rbp-0x30]
  4029fb:	48 8b 90 88 00 00 00 	mov    rdx,QWORD PTR [rax+0x88]
  402a02:	48 8b 45 d8          	mov    rax,QWORD PTR [rbp-0x28]
  402a06:	48 8b 80 88 00 00 00 	mov    rax,QWORD PTR [rax+0x88]
  402a0d:	48 29 c2             	sub    rdx,rax
  402a10:	49 89 d4             	mov    r12,rdx
  402a13:	48 8b 45 d0          	mov    rax,QWORD PTR [rbp-0x30]
  402a17:	48 8b 90 80 00 00 00 	mov    rdx,QWORD PTR [rax+0x80]
  402a1e:	48 8b 45 d8          	mov    rax,QWORD PTR [rbp-0x28]
  402a22:	48 8b 80 80 00 00 00 	mov    rax,QWORD PTR [rax+0x80]
  402a29:	48 29 c2             	sub    rdx,rax
  402a2c:	49 89 d6             	mov    r14,rdx
  402a2f:	48 8b 45 d0          	mov    rax,QWORD PTR [rbp-0x30]
  402a33:	48 8b 50 48          	mov    rdx,QWORD PTR [rax+0x48]
  402a37:	48 8b 45 d8          	mov    rax,QWORD PTR [rbp-0x28]
  402a3b:	48 8b 40 48          	mov    rax,QWORD PTR [rax+0x48]
  402a3f:	48 29 c2             	sub    rdx,rax
  402a42:	49 89 d5             	mov    r13,rdx
  402a45:	48 8b 45 d0          	mov    rax,QWORD PTR [rbp-0x30]
  402a49:	48 8b 50 40          	mov    rdx,QWORD PTR [rax+0x40]
  402a4d:	48 8b 45 d8          	mov    rax,QWORD PTR [rbp-0x28]
  402a51:	48 8b 40 40          	mov    rax,QWORD PTR [rax+0x40]
  402a55:	48 89 d3             	mov    rbx,rdx
  402a58:	48 29 c3             	sub    rbx,rax
  402a5b:	e8 a0 f7 ff ff       	call   402200 <sched_getcpu@plt>
  402a60:	89 c2                	mov    edx,eax
  402a62:	48 8b 05 17 67 00 00 	mov    rax,QWORD PTR [rip+0x6717]        # 409180 <stderr@@GLIBC_2.2.5>
  402a69:	48 83 ec 08          	sub    rsp,0x8
  402a6d:	41 54                	push   r12
  402a6f:	4d 89 f1             	mov    r9,r14
  402a72:	4d 89 e8             	mov    r8,r13
  402a75:	48 89 d9             	mov    rcx,rbx
  402a78:	be b0 61 40 00       	mov    esi,0x4061b0
  402a7d:	48 89 c7             	mov    rdi,rax
  402a80:	b8 00 00 00 00       	mov    eax,0x0
  402a85:	e8 a6 f7 ff ff       	call   402230 <fprintf@plt>
  402a8a:	48 83 c4 10          	add    rsp,0x10
  402a8e:	90                   	nop
  402a8f:	48 8d 65 e0          	lea    rsp,[rbp-0x20]
  402a93:	5b                   	pop    rbx
  402a94:	41 5c                	pop    r12
  402a96:	41 5d                	pop    r13
  402a98:	41 5e                	pop    r14
  402a9a:	5d                   	pop    rbp
  402a9b:	c3                   	ret    

0000000000402a9c <_ZL11log_mappingPKvPKc>:
  402a9c:	55                   	push   rbp
  402a9d:	48 89 e5             	mov    rbp,rsp
  402aa0:	48 81 ec 40 02 00 00 	sub    rsp,0x240
  402aa7:	48 89 bd c8 fd ff ff 	mov    QWORD PTR [rbp-0x238],rdi
  402aae:	48 89 b5 c0 fd ff ff 	mov    QWORD PTR [rbp-0x240],rsi
  402ab5:	be 0e 62 40 00       	mov    esi,0x40620e
  402aba:	bf 10 62 40 00       	mov    edi,0x406210
  402abf:	e8 dc f6 ff ff       	call   4021a0 <fopen@plt>
  402ac4:	48 89 45 e8          	mov    QWORD PTR [rbp-0x18],rax
  402ac8:	48 83 7d e8 00       	cmp    QWORD PTR [rbp-0x18],0x0
  402acd:	75 0a                	jne    402ad9 <_ZL11log_mappingPKvPKc+0x3d>
  402acf:	bf 21 62 40 00       	mov    edi,0x406221
  402ad4:	e8 4e f9 ff ff       	call   402427 <_ZL4failPKc>
  402ad9:	48 c7 85 d8 fd ff ff 	mov    QWORD PTR [rbp-0x228],0x0
  402ae0:	00 00 00 00 
  402ae4:	48 c7 85 d0 fd ff ff 	mov    QWORD PTR [rbp-0x230],0x0
  402aeb:	00 00 00 00 
  402aef:	48 c7 45 f8 00 00 00 	mov    QWORD PTR [rbp-0x8],0x0
  402af6:	00 
  402af7:	c6 45 f7 00          	mov    BYTE PTR [rbp-0x9],0x0
  402afb:	e8 00 f7 ff ff       	call   402200 <sched_getcpu@plt>
  402b00:	89 c6                	mov    esi,eax
  402b02:	48 8b 05 77 66 00 00 	mov    rax,QWORD PTR [rip+0x6677]        # 409180 <stderr@@GLIBC_2.2.5>
  402b09:	48 8b 8d c8 fd ff ff 	mov    rcx,QWORD PTR [rbp-0x238]
  402b10:	48 8b 95 c0 fd ff ff 	mov    rdx,QWORD PTR [rbp-0x240]
  402b17:	41 89 f0             	mov    r8d,esi
  402b1a:	be 27 62 40 00       	mov    esi,0x406227
  402b1f:	48 89 c7             	mov    rdi,rax
  402b22:	b8 00 00 00 00       	mov    eax,0x0
  402b27:	e8 04 f7 ff ff       	call   402230 <fprintf@plt>
  402b2c:	e9 ed 00 00 00       	jmp    402c1e <_ZL11log_mappingPKvPKc+0x182>
  402b31:	48 8d 8d d0 fd ff ff 	lea    rcx,[rbp-0x230]
  402b38:	48 8d 95 d8 fd ff ff 	lea    rdx,[rbp-0x228]
  402b3f:	48 8d 85 e0 fd ff ff 	lea    rax,[rbp-0x220]
  402b46:	be 42 62 40 00       	mov    esi,0x406242
  402b4b:	48 89 c7             	mov    rdi,rax
  402b4e:	b8 00 00 00 00       	mov    eax,0x0
  402b53:	e8 e8 f5 ff ff       	call   402140 <__isoc99_sscanf@plt>
  402b58:	83 f8 02             	cmp    eax,0x2
  402b5b:	0f 94 c0             	sete   al
  402b5e:	84 c0                	test   al,al
  402b60:	74 46                	je     402ba8 <_ZL11log_mappingPKvPKc+0x10c>
  402b62:	48 8b 95 c8 fd ff ff 	mov    rdx,QWORD PTR [rbp-0x238]
  402b69:	48 8b 85 d8 fd ff ff 	mov    rax,QWORD PTR [rbp-0x228]
  402b70:	48 39 c2             	cmp    rdx,rax
  402b73:	72 1a                	jb     402b8f <_ZL11log_mappingPKvPKc+0xf3>
  402b75:	48 8b 95 c8 fd ff ff 	mov    rdx,QWORD PTR [rbp-0x238]
  402b7c:	48 8b 85 d0 fd ff ff 	mov    rax,QWORD PTR [rbp-0x230]
  402b83:	48 39 c2             	cmp    rdx,rax
  402b86:	73 07                	jae    402b8f <_ZL11log_mappingPKvPKc+0xf3>
  402b88:	b8 01 00 00 00       	mov    eax,0x1
  402b8d:	eb 05                	jmp    402b94 <_ZL11log_mappingPKvPKc+0xf8>
  402b8f:	b8 00 00 00 00       	mov    eax,0x0
  402b94:	88 45 f7             	mov    BYTE PTR [rbp-0x9],al
  402b97:	80 7d f7 00          	cmp    BYTE PTR [rbp-0x9],0x0
  402b9b:	74 0b                	je     402ba8 <_ZL11log_mappingPKvPKc+0x10c>
  402b9d:	48 8b 85 d8 fd ff ff 	mov    rax,QWORD PTR [rbp-0x228]
  402ba4:	48 89 45 f8          	mov    QWORD PTR [rbp-0x8],rax
  402ba8:	80 7d f7 00          	cmp    BYTE PTR [rbp-0x9],0x0
  402bac:	74 70                	je     402c1e <_ZL11log_mappingPKvPKc+0x182>
  402bae:	48 8d 85 e0 fd ff ff 	lea    rax,[rbp-0x220]
  402bb5:	ba 0e 00 00 00       	mov    edx,0xe
  402bba:	be 4a 62 40 00       	mov    esi,0x40624a
  402bbf:	48 89 c7             	mov    rdi,rax
  402bc2:	e8 c9 f4 ff ff       	call   402090 <strncmp@plt>
  402bc7:	85 c0                	test   eax,eax
  402bc9:	74 3a                	je     402c05 <_ZL11log_mappingPKvPKc+0x169>
  402bcb:	48 8d 85 e0 fd ff ff 	lea    rax,[rbp-0x220]
  402bd2:	ba 0f 00 00 00       	mov    edx,0xf
  402bd7:	be 59 62 40 00       	mov    esi,0x406259
  402bdc:	48 89 c7             	mov    rdi,rax
  402bdf:	e8 ac f4 ff ff       	call   402090 <strncmp@plt>
  402be4:	85 c0                	test   eax,eax
  402be6:	74 1d                	je     402c05 <_ZL11log_mappingPKvPKc+0x169>
  402be8:	48 8d 85 e0 fd ff ff 	lea    rax,[rbp-0x220]
  402bef:	ba 05 00 00 00       	mov    edx,0x5
  402bf4:	be 69 62 40 00       	mov    esi,0x406269
  402bf9:	48 89 c7             	mov    rdi,rax
  402bfc:	e8 8f f4 ff ff       	call   402090 <strncmp@plt>
  402c01:	85 c0                	test   eax,eax
  402c03:	75 19                	jne    402c1e <_ZL11log_mappingPKvPKc+0x182>
  402c05:	48 8b 15 74 65 00 00 	mov    rdx,QWORD PTR [rip+0x6574]        # 409180 <stderr@@GLIBC_2.2.5>
  402c0c:	48 8d 85 e0 fd ff ff 	lea    rax,[rbp-0x220]
  402c13:	48 89 d6             	mov    rsi,rdx
  402c16:	48 89 c7             	mov    rdi,rax
  402c19:	e8 72 f5 ff ff       	call   402190 <fputs@plt>
  402c1e:	48 8b 55 e8          	mov    rdx,QWORD PTR [rbp-0x18]
  402c22:	48 8d 85 e0 fd ff ff 	lea    rax,[rbp-0x220]
  402c29:	be 00 02 00 00       	mov    esi,0x200
  402c2e:	48 89 c7             	mov    rdi,rax
  402c31:	e8 3a f6 ff ff       	call   402270 <fgets@plt>
  402c36:	48 85 c0             	test   rax,rax
  402c39:	0f 95 c0             	setne  al
  402c3c:	84 c0                	test   al,al
  402c3e:	0f 85 ed fe ff ff    	jne    402b31 <_ZL11log_mappingPKvPKc+0x95>
  402c44:	48 8b 45 e8          	mov    rax,QWORD PTR [rbp-0x18]
  402c48:	48 89 c7             	mov    rdi,rax
  402c4b:	e8 10 f5 ff ff       	call   402160 <fclose@plt>
  402c50:	be 0e 62 40 00       	mov    esi,0x40620e
  402c55:	bf 6f 62 40 00       	mov    edi,0x40626f
  402c5a:	e8 41 f5 ff ff       	call   4021a0 <fopen@plt>
  402c5f:	48 89 45 e8          	mov    QWORD PTR [rbp-0x18],rax
  402c63:	48 83 7d e8 00       	cmp    QWORD PTR [rbp-0x18],0x0
  402c68:	75 6e                	jne    402cd8 <_ZL11log_mappingPKvPKc+0x23c>
  402c6a:	bf 84 62 40 00       	mov    edi,0x406284
  402c6f:	e8 b3 f7 ff ff       	call   402427 <_ZL4failPKc>
  402c74:	eb 62                	jmp    402cd8 <_ZL11log_mappingPKvPKc+0x23c>
  402c76:	48 8d 95 d8 fd ff ff 	lea    rdx,[rbp-0x228]
  402c7d:	48 8d 85 e0 fd ff ff 	lea    rax,[rbp-0x220]
  402c84:	be 8e 62 40 00       	mov    esi,0x40628e
  402c89:	48 89 c7             	mov    rdi,rax
  402c8c:	b8 00 00 00 00       	mov    eax,0x0
  402c91:	e8 aa f4 ff ff       	call   402140 <__isoc99_sscanf@plt>
  402c96:	83 f8 01             	cmp    eax,0x1
  402c99:	75 14                	jne    402caf <_ZL11log_mappingPKvPKc+0x213>
  402c9b:	48 8b 85 d8 fd ff ff 	mov    rax,QWORD PTR [rbp-0x228]
  402ca2:	48 39 45 f8          	cmp    QWORD PTR [rbp-0x8],rax
  402ca6:	75 07                	jne    402caf <_ZL11log_mappingPKvPKc+0x213>
  402ca8:	b8 01 00 00 00       	mov    eax,0x1
  402cad:	eb 05                	jmp    402cb4 <_ZL11log_mappingPKvPKc+0x218>
  402caf:	b8 00 00 00 00       	mov    eax,0x0
  402cb4:	84 c0                	test   al,al
  402cb6:	74 20                	je     402cd8 <_ZL11log_mappingPKvPKc+0x23c>
  402cb8:	48 8b 05 c1 64 00 00 	mov    rax,QWORD PTR [rip+0x64c1]        # 409180 <stderr@@GLIBC_2.2.5>
  402cbf:	48 8d 95 e0 fd ff ff 	lea    rdx,[rbp-0x220]
  402cc6:	be 92 62 40 00       	mov    esi,0x406292
  402ccb:	48 89 c7             	mov    rdi,rax
  402cce:	b8 00 00 00 00       	mov    eax,0x0
  402cd3:	e8 58 f5 ff ff       	call   402230 <fprintf@plt>
  402cd8:	48 8b 55 e8          	mov    rdx,QWORD PTR [rbp-0x18]
  402cdc:	48 8d 85 e0 fd ff ff 	lea    rax,[rbp-0x220]
  402ce3:	be 00 02 00 00       	mov    esi,0x200
  402ce8:	48 89 c7             	mov    rdi,rax
  402ceb:	e8 80 f5 ff ff       	call   402270 <fgets@plt>
  402cf0:	48 85 c0             	test   rax,rax
  402cf3:	0f 95 c0             	setne  al
  402cf6:	84 c0                	test   al,al
  402cf8:	0f 85 78 ff ff ff    	jne    402c76 <_ZL11log_mappingPKvPKc+0x1da>
  402cfe:	48 8b 45 e8          	mov    rax,QWORD PTR [rbp-0x18]
  402d02:	48 89 c7             	mov    rdi,rax
  402d05:	e8 56 f4 ff ff       	call   402160 <fclose@plt>
  402d0a:	90                   	nop
  402d0b:	c9                   	leave  
  402d0c:	c3                   	ret    

0000000000402d0d <_ZL9tsc_startv>:
  402d0d:	55                   	push   rbp
  402d0e:	48 89 e5             	mov    rbp,rsp
  402d11:	e8 c0 f6 ff ff       	call   4023d6 <_ZL11timer_startv>
  402d16:	5d                   	pop    rbp
  402d17:	c3                   	ret    

0000000000402d18 <_ZL8tsc_stopv>:
  402d18:	55                   	push   rbp
  402d19:	48 89 e5             	mov    rbp,rsp
  402d1c:	e8 d5 f6 ff ff       	call   4023f6 <_ZL10timer_stopv>
  402d21:	5d                   	pop    rbp
  402d22:	c3                   	ret    

0000000000402d23 <_Z10parse_argsiPPcR6Config>:
  402d23:	55                   	push   rbp
  402d24:	48 89 e5             	mov    rbp,rsp
  402d27:	41 54                	push   r12
  402d29:	53                   	push   rbx
  402d2a:	48 81 ec d0 01 00 00 	sub    rsp,0x1d0
  402d31:	89 bd 3c fe ff ff    	mov    DWORD PTR [rbp-0x1c4],edi
  402d37:	48 89 b5 30 fe ff ff 	mov    QWORD PTR [rbp-0x1d0],rsi
  402d3e:	48 89 95 28 fe ff ff 	mov    QWORD PTR [rbp-0x1d8],rdx
  402d45:	48 8b 85 28 fe ff ff 	mov    rax,QWORD PTR [rbp-0x1d8]
  402d4c:	48 c7 80 d8 00 00 00 	mov    QWORD PTR [rax+0xd8],0x0
  402d53:	00 00 00 00 
  402d57:	c7 45 ec 01 00 00 00 	mov    DWORD PTR [rbp-0x14],0x1
  402d5e:	e9 ec 08 00 00       	jmp    40364f <_Z10parse_argsiPPcR6Config+0x92c>
  402d63:	48 8d 85 6f fe ff ff 	lea    rax,[rbp-0x191]
  402d6a:	48 89 c7             	mov    rdi,rax
  402d6d:	e8 3e f5 ff ff       	call   4022b0 <_ZNSaIcEC1Ev@plt>
  402d72:	8b 45 ec             	mov    eax,DWORD PTR [rbp-0x14]
  402d75:	48 98                	cdqe   
  402d77:	48 8d 14 c5 00 00 00 	lea    rdx,[rax*8+0x0]
  402d7e:	00 
  402d7f:	48 8b 85 30 fe ff ff 	mov    rax,QWORD PTR [rbp-0x1d0]
  402d86:	48 01 d0             	add    rax,rdx
  402d89:	48 8b 08             	mov    rcx,QWORD PTR [rax]
  402d8c:	48 8d 95 6f fe ff ff 	lea    rdx,[rbp-0x191]
  402d93:	48 8d 85 40 fe ff ff 	lea    rax,[rbp-0x1c0]
  402d9a:	48 89 ce             	mov    rsi,rcx
  402d9d:	48 89 c7             	mov    rdi,rax
  402da0:	e8 4b f4 ff ff       	call   4021f0 <_ZNSt7__cxx1112basic_stringIcSt11char_traitsIcESaIcEEC1EPKcRKS3_@plt>
  402da5:	48 8d 85 6f fe ff ff 	lea    rax,[rbp-0x191]
  402dac:	48 89 c7             	mov    rdi,rax
  402daf:	e8 cc f3 ff ff       	call   402180 <_ZNSaIcED1Ev@plt>
  402db4:	48 8d 85 40 fe ff ff 	lea    rax,[rbp-0x1c0]
  402dbb:	be a3 62 40 00       	mov    esi,0x4062a3
  402dc0:	48 89 c7             	mov    rdi,rax
  402dc3:	e8 5d 17 00 00       	call   404525 <_ZSteqIcSt11char_traitsIcESaIcEEbRKNSt7__cxx1112basic_stringIT_T0_T1_EEPKS5_>
  402dc8:	84 c0                	test   al,al
  402dca:	74 15                	je     402de1 <_Z10parse_argsiPPcR6Config+0xbe>
  402dcc:	8b 45 ec             	mov    eax,DWORD PTR [rbp-0x14]
  402dcf:	83 c0 01             	add    eax,0x1
  402dd2:	39 85 3c fe ff ff    	cmp    DWORD PTR [rbp-0x1c4],eax
  402dd8:	7e 07                	jle    402de1 <_Z10parse_argsiPPcR6Config+0xbe>
  402dda:	b8 01 00 00 00       	mov    eax,0x1
  402ddf:	eb 05                	jmp    402de6 <_Z10parse_argsiPPcR6Config+0xc3>
  402de1:	b8 00 00 00 00       	mov    eax,0x0
  402de6:	84 c0                	test   al,al
  402de8:	74 35                	je     402e1f <_Z10parse_argsiPPcR6Config+0xfc>
  402dea:	83 45 ec 01          	add    DWORD PTR [rbp-0x14],0x1
  402dee:	8b 45 ec             	mov    eax,DWORD PTR [rbp-0x14]
  402df1:	48 98                	cdqe   
  402df3:	48 8d 14 c5 00 00 00 	lea    rdx,[rax*8+0x0]
  402dfa:	00 
  402dfb:	48 8b 85 30 fe ff ff 	mov    rax,QWORD PTR [rbp-0x1d0]
  402e02:	48 01 d0             	add    rax,rdx
  402e05:	48 8b 10             	mov    rdx,QWORD PTR [rax]
  402e08:	48 8b 85 28 fe ff ff 	mov    rax,QWORD PTR [rbp-0x1d8]
  402e0f:	48 89 d6             	mov    rsi,rdx
  402e12:	48 89 c7             	mov    rdi,rax
  402e15:	e8 c6 f3 ff ff       	call   4021e0 <_ZNSt7__cxx1112basic_stringIcSt11char_traitsIcESaIcEEaSEPKc@plt>
  402e1a:	e9 0d 08 00 00       	jmp    40362c <_Z10parse_argsiPPcR6Config+0x909>
  402e1f:	48 8d 85 40 fe ff ff 	lea    rax,[rbp-0x1c0]
  402e26:	be b0 62 40 00       	mov    esi,0x4062b0
  402e2b:	48 89 c7             	mov    rdi,rax
  402e2e:	e8 f2 16 00 00       	call   404525 <_ZSteqIcSt11char_traitsIcESaIcEEbRKNSt7__cxx1112basic_stringIT_T0_T1_EEPKS5_>
  402e33:	84 c0                	test   al,al
  402e35:	74 15                	je     402e4c <_Z10parse_argsiPPcR6Config+0x129>
  402e37:	8b 45 ec             	mov    eax,DWORD PTR [rbp-0x14]
  402e3a:	83 c0 01             	add    eax,0x1
  402e3d:	39 85 3c fe ff ff    	cmp    DWORD PTR [rbp-0x1c4],eax
  402e43:	7e 07                	jle    402e4c <_Z10parse_argsiPPcR6Config+0x129>
  402e45:	b8 01 00 00 00       	mov    eax,0x1
  402e4a:	eb 05                	jmp    402e51 <_Z10parse_argsiPPcR6Config+0x12e>
  402e4c:	b8 00 00 00 00       	mov    eax,0x0
  402e51:	84 c0                	test   al,al
  402e53:	74 39                	je     402e8e <_Z10parse_argsiPPcR6Config+0x16b>
  402e55:	83 45 ec 01          	add    DWORD PTR [rbp-0x14],0x1
  402e59:	8b 45 ec             	mov    eax,DWORD PTR [rbp-0x14]
  402e5c:	48 98                	cdqe   
  402e5e:	48 8d 14 c5 00 00 00 	lea    rdx,[rax*8+0x0]
  402e65:	00 
  402e66:	48 8b 85 30 fe ff ff 	mov    rax,QWORD PTR [rbp-0x1d0]
  402e6d:	48 01 d0             	add    rax,rdx
  402e70:	48 8b 00             	mov    rax,QWORD PTR [rax]
  402e73:	48 8b 95 28 fe ff ff 	mov    rdx,QWORD PTR [rbp-0x1d8]
  402e7a:	48 83 c2 20          	add    rdx,0x20
  402e7e:	48 89 c6             	mov    rsi,rax
  402e81:	48 89 d7             	mov    rdi,rdx
  402e84:	e8 57 f3 ff ff       	call   4021e0 <_ZNSt7__cxx1112basic_stringIcSt11char_traitsIcESaIcEEaSEPKc@plt>
  402e89:	e9 9e 07 00 00       	jmp    40362c <_Z10parse_argsiPPcR6Config+0x909>
  402e8e:	48 8d 85 40 fe ff ff 	lea    rax,[rbp-0x1c0]
  402e95:	be bd 62 40 00       	mov    esi,0x4062bd
  402e9a:	48 89 c7             	mov    rdi,rax
  402e9d:	e8 83 16 00 00       	call   404525 <_ZSteqIcSt11char_traitsIcESaIcEEbRKNSt7__cxx1112basic_stringIT_T0_T1_EEPKS5_>
  402ea2:	84 c0                	test   al,al
  402ea4:	74 15                	je     402ebb <_Z10parse_argsiPPcR6Config+0x198>
  402ea6:	8b 45 ec             	mov    eax,DWORD PTR [rbp-0x14]
  402ea9:	83 c0 01             	add    eax,0x1
  402eac:	39 85 3c fe ff ff    	cmp    DWORD PTR [rbp-0x1c4],eax
  402eb2:	7e 07                	jle    402ebb <_Z10parse_argsiPPcR6Config+0x198>
  402eb4:	b8 01 00 00 00       	mov    eax,0x1
  402eb9:	eb 05                	jmp    402ec0 <_Z10parse_argsiPPcR6Config+0x19d>
  402ebb:	b8 00 00 00 00       	mov    eax,0x0
  402ec0:	84 c0                	test   al,al
  402ec2:	74 39                	je     402efd <_Z10parse_argsiPPcR6Config+0x1da>
  402ec4:	83 45 ec 01          	add    DWORD PTR [rbp-0x14],0x1
  402ec8:	8b 45 ec             	mov    eax,DWORD PTR [rbp-0x14]
  402ecb:	48 98                	cdqe   
  402ecd:	48 8d 14 c5 00 00 00 	lea    rdx,[rax*8+0x0]
  402ed4:	00 
  402ed5:	48 8b 85 30 fe ff ff 	mov    rax,QWORD PTR [rbp-0x1d0]
  402edc:	48 01 d0             	add    rax,rdx
  402edf:	48 8b 00             	mov    rax,QWORD PTR [rax]
  402ee2:	48 8b 95 28 fe ff ff 	mov    rdx,QWORD PTR [rbp-0x1d8]
  402ee9:	48 83 c2 40          	add    rdx,0x40
  402eed:	48 89 c6             	mov    rsi,rax
  402ef0:	48 89 d7             	mov    rdi,rdx
  402ef3:	e8 e8 f2 ff ff       	call   4021e0 <_ZNSt7__cxx1112basic_stringIcSt11char_traitsIcESaIcEEaSEPKc@plt>
  402ef8:	e9 2f 07 00 00       	jmp    40362c <_Z10parse_argsiPPcR6Config+0x909>
  402efd:	48 8d 85 40 fe ff ff 	lea    rax,[rbp-0x1c0]
  402f04:	be cc 62 40 00       	mov    esi,0x4062cc
  402f09:	48 89 c7             	mov    rdi,rax
  402f0c:	e8 14 16 00 00       	call   404525 <_ZSteqIcSt11char_traitsIcESaIcEEbRKNSt7__cxx1112basic_stringIT_T0_T1_EEPKS5_>
  402f11:	84 c0                	test   al,al
  402f13:	74 15                	je     402f2a <_Z10parse_argsiPPcR6Config+0x207>
  402f15:	8b 45 ec             	mov    eax,DWORD PTR [rbp-0x14]
  402f18:	83 c0 01             	add    eax,0x1
  402f1b:	39 85 3c fe ff ff    	cmp    DWORD PTR [rbp-0x1c4],eax
  402f21:	7e 07                	jle    402f2a <_Z10parse_argsiPPcR6Config+0x207>
  402f23:	b8 01 00 00 00       	mov    eax,0x1
  402f28:	eb 05                	jmp    402f2f <_Z10parse_argsiPPcR6Config+0x20c>
  402f2a:	b8 00 00 00 00       	mov    eax,0x0
  402f2f:	84 c0                	test   al,al
  402f31:	0f 84 8d 00 00 00    	je     402fc4 <_Z10parse_argsiPPcR6Config+0x2a1>
  402f37:	48 8d 85 9f fe ff ff 	lea    rax,[rbp-0x161]
  402f3e:	48 89 c7             	mov    rdi,rax
  402f41:	e8 6a f3 ff ff       	call   4022b0 <_ZNSaIcEC1Ev@plt>
  402f46:	83 45 ec 01          	add    DWORD PTR [rbp-0x14],0x1
  402f4a:	8b 45 ec             	mov    eax,DWORD PTR [rbp-0x14]
  402f4d:	48 98                	cdqe   
  402f4f:	48 8d 14 c5 00 00 00 	lea    rdx,[rax*8+0x0]
  402f56:	00 
  402f57:	48 8b 85 30 fe ff ff 	mov    rax,QWORD PTR [rbp-0x1d0]
  402f5e:	48 01 d0             	add    rax,rdx
  402f61:	48 8b 08             	mov    rcx,QWORD PTR [rax]
  402f64:	48 8d 95 9f fe ff ff 	lea    rdx,[rbp-0x161]
  402f6b:	48 8d 85 70 fe ff ff 	lea    rax,[rbp-0x190]
  402f72:	48 89 ce             	mov    rsi,rcx
  402f75:	48 89 c7             	mov    rdi,rax
  402f78:	e8 73 f2 ff ff       	call   4021f0 <_ZNSt7__cxx1112basic_stringIcSt11char_traitsIcESaIcEEC1EPKcRKS3_@plt>
  402f7d:	48 8d 85 70 fe ff ff 	lea    rax,[rbp-0x190]
  402f84:	ba 0a 00 00 00       	mov    edx,0xa
  402f89:	be 00 00 00 00       	mov    esi,0x0
  402f8e:	48 89 c7             	mov    rdi,rax
  402f91:	e8 a8 13 00 00       	call   40433e <_ZNSt7__cxx115stoulERKNS_12basic_stringIcSt11char_traitsIcESaIcEEEPmi>
  402f96:	48 8b 95 28 fe ff ff 	mov    rdx,QWORD PTR [rbp-0x1d8]
  402f9d:	48 89 42 60          	mov    QWORD PTR [rdx+0x60],rax
  402fa1:	48 8d 85 70 fe ff ff 	lea    rax,[rbp-0x190]
  402fa8:	48 89 c7             	mov    rdi,rax
  402fab:	e8 30 f1 ff ff       	call   4020e0 <_ZNSt7__cxx1112basic_stringIcSt11char_traitsIcESaIcEED1Ev@plt>
  402fb0:	48 8d 85 9f fe ff ff 	lea    rax,[rbp-0x161]
  402fb7:	48 89 c7             	mov    rdi,rax
  402fba:	e8 c1 f1 ff ff       	call   402180 <_ZNSaIcED1Ev@plt>
  402fbf:	e9 68 06 00 00       	jmp    40362c <_Z10parse_argsiPPcR6Config+0x909>
  402fc4:	48 8d 85 40 fe ff ff 	lea    rax,[rbp-0x1c0]
  402fcb:	be d5 62 40 00       	mov    esi,0x4062d5
  402fd0:	48 89 c7             	mov    rdi,rax
  402fd3:	e8 4d 15 00 00       	call   404525 <_ZSteqIcSt11char_traitsIcESaIcEEbRKNSt7__cxx1112basic_stringIT_T0_T1_EEPKS5_>
  402fd8:	84 c0                	test   al,al
  402fda:	74 15                	je     402ff1 <_Z10parse_argsiPPcR6Config+0x2ce>
  402fdc:	8b 45 ec             	mov    eax,DWORD PTR [rbp-0x14]
  402fdf:	83 c0 01             	add    eax,0x1
  402fe2:	39 85 3c fe ff ff    	cmp    DWORD PTR [rbp-0x1c4],eax
  402fe8:	7e 07                	jle    402ff1 <_Z10parse_argsiPPcR6Config+0x2ce>
  402fea:	b8 01 00 00 00       	mov    eax,0x1
  402fef:	eb 05                	jmp    402ff6 <_Z10parse_argsiPPcR6Config+0x2d3>
  402ff1:	b8 00 00 00 00       	mov    eax,0x0
  402ff6:	84 c0                	test   al,al
  402ff8:	0f 84 8d 00 00 00    	je     40308b <_Z10parse_argsiPPcR6Config+0x368>
  402ffe:	48 8d 85 cf fe ff ff 	lea    rax,[rbp-0x131]
  403005:	48 89 c7             	mov    rdi,rax
  403008:	e8 a3 f2 ff ff       	call   4022b0 <_ZNSaIcEC1Ev@plt>
  40300d:	83 45 ec 01          	add    DWORD PTR [rbp-0x14],0x1
  403011:	8b 45 ec             	mov    eax,DWORD PTR [rbp-0x14]
  403014:	48 98                	cdqe   
  403016:	48 8d 14 c5 00 00 00 	lea    rdx,[rax*8+0x0]
  40301d:	00 
  40301e:	48 8b 85 30 fe ff ff 	mov    rax,QWORD PTR [rbp-0x1d0]
  403025:	48 01 d0             	add    rax,rdx
  403028:	48 8b 08             	mov    rcx,QWORD PTR [rax]
  40302b:	48 8d 95 cf fe ff ff 	lea    rdx,[rbp-0x131]
  403032:	48 8d 85 a0 fe ff ff 	lea    rax,[rbp-0x160]
  403039:	48 89 ce             	mov    rsi,rcx
  40303c:	48 89 c7             	mov    rdi,rax
  40303f:	e8 ac f1 ff ff       	call   4021f0 <_ZNSt7__cxx1112basic_stringIcSt11char_traitsIcESaIcEEC1EPKcRKS3_@plt>
  403044:	48 8d 85 a0 fe ff ff 	lea    rax,[rbp-0x160]
  40304b:	ba 0a 00 00 00       	mov    edx,0xa
  403050:	be 00 00 00 00       	mov    esi,0x0
  403055:	48 89 c7             	mov    rdi,rax
  403058:	e8 e1 12 00 00       	call   40433e <_ZNSt7__cxx115stoulERKNS_12basic_stringIcSt11char_traitsIcESaIcEEEPmi>
  40305d:	48 8b 95 28 fe ff ff 	mov    rdx,QWORD PTR [rbp-0x1d8]
  403064:	48 89 42 68          	mov    QWORD PTR [rdx+0x68],rax
  403068:	48 8d 85 a0 fe ff ff 	lea    rax,[rbp-0x160]
  40306f:	48 89 c7             	mov    rdi,rax
  403072:	e8 69 f0 ff ff       	call   4020e0 <_ZNSt7__cxx1112basic_stringIcSt11char_traitsIcESaIcEED1Ev@plt>
  403077:	48 8d 85 cf fe ff ff 	lea    rax,[rbp-0x131]
  40307e:	48 89 c7             	mov    rdi,rax
  403081:	e8 fa f0 ff ff       	call   402180 <_ZNSaIcED1Ev@plt>
  403086:	e9 a1 05 00 00       	jmp    40362c <_Z10parse_argsiPPcR6Config+0x909>
  40308b:	48 8d 85 40 fe ff ff 	lea    rax,[rbp-0x1c0]
  403092:	be e1 62 40 00       	mov    esi,0x4062e1
  403097:	48 89 c7             	mov    rdi,rax
  40309a:	e8 86 14 00 00       	call   404525 <_ZSteqIcSt11char_traitsIcESaIcEEbRKNSt7__cxx1112basic_stringIT_T0_T1_EEPKS5_>
  40309f:	84 c0                	test   al,al
  4030a1:	74 15                	je     4030b8 <_Z10parse_argsiPPcR6Config+0x395>
  4030a3:	8b 45 ec             	mov    eax,DWORD PTR [rbp-0x14]
  4030a6:	83 c0 01             	add    eax,0x1
  4030a9:	39 85 3c fe ff ff    	cmp    DWORD PTR [rbp-0x1c4],eax
  4030af:	7e 07                	jle    4030b8 <_Z10parse_argsiPPcR6Config+0x395>
  4030b1:	b8 01 00 00 00       	mov    eax,0x1
  4030b6:	eb 05                	jmp    4030bd <_Z10parse_argsiPPcR6Config+0x39a>
  4030b8:	b8 00 00 00 00       	mov    eax,0x0
  4030bd:	84 c0                	test   al,al
  4030bf:	0f 84 8d 00 00 00    	je     403152 <_Z10parse_argsiPPcR6Config+0x42f>
  4030c5:	48 8d 85 ff fe ff ff 	lea    rax,[rbp-0x101]
  4030cc:	48 89 c7             	mov    rdi,rax
  4030cf:	e8 dc f1 ff ff       	call   4022b0 <_ZNSaIcEC1Ev@plt>
  4030d4:	83 45 ec 01          	add    DWORD PTR [rbp-0x14],0x1
  4030d8:	8b 45 ec             	mov    eax,DWORD PTR [rbp-0x14]
  4030db:	48 98                	cdqe   
  4030dd:	48 8d 14 c5 00 00 00 	lea    rdx,[rax*8+0x0]
  4030e4:	00 
  4030e5:	48 8b 85 30 fe ff ff 	mov    rax,QWORD PTR [rbp-0x1d0]
  4030ec:	48 01 d0             	add    rax,rdx
  4030ef:	48 8b 08             	mov    rcx,QWORD PTR [rax]
  4030f2:	48 8d 95 ff fe ff ff 	lea    rdx,[rbp-0x101]
  4030f9:	48 8d 85 d0 fe ff ff 	lea    rax,[rbp-0x130]
  403100:	48 89 ce             	mov    rsi,rcx
  403103:	48 89 c7             	mov    rdi,rax
  403106:	e8 e5 f0 ff ff       	call   4021f0 <_ZNSt7__cxx1112basic_stringIcSt11char_traitsIcESaIcEEC1EPKcRKS3_@plt>
  40310b:	48 8d 85 d0 fe ff ff 	lea    rax,[rbp-0x130]
  403112:	ba 0a 00 00 00       	mov    edx,0xa
  403117:	be 00 00 00 00       	mov    esi,0x0
  40311c:	48 89 c7             	mov    rdi,rax
  40311f:	e8 1a 12 00 00       	call   40433e <_ZNSt7__cxx115stoulERKNS_12basic_stringIcSt11char_traitsIcESaIcEEEPmi>
  403124:	48 8b 95 28 fe ff ff 	mov    rdx,QWORD PTR [rbp-0x1d8]
  40312b:	48 89 42 70          	mov    QWORD PTR [rdx+0x70],rax
  40312f:	48 8d 85 d0 fe ff ff 	lea    rax,[rbp-0x130]
  403136:	48 89 c7             	mov    rdi,rax
  403139:	e8 a2 ef ff ff       	call   4020e0 <_ZNSt7__cxx1112basic_stringIcSt11char_traitsIcESaIcEED1Ev@plt>
  40313e:	48 8d 85 ff fe ff ff 	lea    rax,[rbp-0x101]
  403145:	48 89 c7             	mov    rdi,rax
  403148:	e8 33 f0 ff ff       	call   402180 <_ZNSaIcED1Ev@plt>
  40314d:	e9 da 04 00 00       	jmp    40362c <_Z10parse_argsiPPcR6Config+0x909>
  403152:	48 8d 85 40 fe ff ff 	lea    rax,[rbp-0x1c0]
  403159:	be ed 62 40 00       	mov    esi,0x4062ed
  40315e:	48 89 c7             	mov    rdi,rax
  403161:	e8 bf 13 00 00       	call   404525 <_ZSteqIcSt11char_traitsIcESaIcEEbRKNSt7__cxx1112basic_stringIT_T0_T1_EEPKS5_>
  403166:	84 c0                	test   al,al
  403168:	74 15                	je     40317f <_Z10parse_argsiPPcR6Config+0x45c>
  40316a:	8b 45 ec             	mov    eax,DWORD PTR [rbp-0x14]
  40316d:	83 c0 01             	add    eax,0x1
  403170:	39 85 3c fe ff ff    	cmp    DWORD PTR [rbp-0x1c4],eax
  403176:	7e 07                	jle    40317f <_Z10parse_argsiPPcR6Config+0x45c>
  403178:	b8 01 00 00 00       	mov    eax,0x1
  40317d:	eb 05                	jmp    403184 <_Z10parse_argsiPPcR6Config+0x461>
  40317f:	b8 00 00 00 00       	mov    eax,0x0
  403184:	84 c0                	test   al,al
  403186:	0f 84 8d 00 00 00    	je     403219 <_Z10parse_argsiPPcR6Config+0x4f6>
  40318c:	48 8d 85 2f ff ff ff 	lea    rax,[rbp-0xd1]
  403193:	48 89 c7             	mov    rdi,rax
  403196:	e8 15 f1 ff ff       	call   4022b0 <_ZNSaIcEC1Ev@plt>
  40319b:	83 45 ec 01          	add    DWORD PTR [rbp-0x14],0x1
  40319f:	8b 45 ec             	mov    eax,DWORD PTR [rbp-0x14]
  4031a2:	48 98                	cdqe   
  4031a4:	48 8d 14 c5 00 00 00 	lea    rdx,[rax*8+0x0]
  4031ab:	00 
  4031ac:	48 8b 85 30 fe ff ff 	mov    rax,QWORD PTR [rbp-0x1d0]
  4031b3:	48 01 d0             	add    rax,rdx
  4031b6:	48 8b 08             	mov    rcx,QWORD PTR [rax]
  4031b9:	48 8d 95 2f ff ff ff 	lea    rdx,[rbp-0xd1]
  4031c0:	48 8d 85 00 ff ff ff 	lea    rax,[rbp-0x100]
  4031c7:	48 89 ce             	mov    rsi,rcx
  4031ca:	48 89 c7             	mov    rdi,rax
  4031cd:	e8 1e f0 ff ff       	call   4021f0 <_ZNSt7__cxx1112basic_stringIcSt11char_traitsIcESaIcEEC1EPKcRKS3_@plt>
  4031d2:	48 8d 85 00 ff ff ff 	lea    rax,[rbp-0x100]
  4031d9:	ba 0a 00 00 00       	mov    edx,0xa
  4031de:	be 00 00 00 00       	mov    esi,0x0
  4031e3:	48 89 c7             	mov    rdi,rax
  4031e6:	e8 53 11 00 00       	call   40433e <_ZNSt7__cxx115stoulERKNS_12basic_stringIcSt11char_traitsIcESaIcEEEPmi>
  4031eb:	48 8b 95 28 fe ff ff 	mov    rdx,QWORD PTR [rbp-0x1d8]
  4031f2:	48 89 42 78          	mov    QWORD PTR [rdx+0x78],rax
  4031f6:	48 8d 85 00 ff ff ff 	lea    rax,[rbp-0x100]
  4031fd:	48 89 c7             	mov    rdi,rax
  403200:	e8 db ee ff ff       	call   4020e0 <_ZNSt7__cxx1112basic_stringIcSt11char_traitsIcESaIcEED1Ev@plt>
  403205:	48 8d 85 2f ff ff ff 	lea    rax,[rbp-0xd1]
  40320c:	48 89 c7             	mov    rdi,rax
  40320f:	e8 6c ef ff ff       	call   402180 <_ZNSaIcED1Ev@plt>
  403214:	e9 13 04 00 00       	jmp    40362c <_Z10parse_argsiPPcR6Config+0x909>
  403219:	48 8d 85 40 fe ff ff 	lea    rax,[rbp-0x1c0]
  403220:	be f5 62 40 00       	mov    esi,0x4062f5
  403225:	48 89 c7             	mov    rdi,rax
  403228:	e8 f8 12 00 00       	call   404525 <_ZSteqIcSt11char_traitsIcESaIcEEbRKNSt7__cxx1112basic_stringIT_T0_T1_EEPKS5_>
  40322d:	84 c0                	test   al,al
  40322f:	74 15                	je     403246 <_Z10parse_argsiPPcR6Config+0x523>
  403231:	8b 45 ec             	mov    eax,DWORD PTR [rbp-0x14]
  403234:	83 c0 01             	add    eax,0x1
  403237:	39 85 3c fe ff ff    	cmp    DWORD PTR [rbp-0x1c4],eax
  40323d:	7e 07                	jle    403246 <_Z10parse_argsiPPcR6Config+0x523>
  40323f:	b8 01 00 00 00       	mov    eax,0x1
  403244:	eb 05                	jmp    40324b <_Z10parse_argsiPPcR6Config+0x528>
  403246:	b8 00 00 00 00       	mov    eax,0x0
  40324b:	84 c0                	test   al,al
  40324d:	0f 84 90 00 00 00    	je     4032e3 <_Z10parse_argsiPPcR6Config+0x5c0>
  403253:	48 8d 85 5f ff ff ff 	lea    rax,[rbp-0xa1]
  40325a:	48 89 c7             	mov    rdi,rax
  40325d:	e8 4e f0 ff ff       	call   4022b0 <_ZNSaIcEC1Ev@plt>
  403262:	83 45 ec 01          	add    DWORD PTR [rbp-0x14],0x1
  403266:	8b 45 ec             	mov    eax,DWORD PTR [rbp-0x14]
  403269:	48 98                	cdqe   
  40326b:	48 8d 14 c5 00 00 00 	lea    rdx,[rax*8+0x0]
  403272:	00 
  403273:	48 8b 85 30 fe ff ff 	mov    rax,QWORD PTR [rbp-0x1d0]
  40327a:	48 01 d0             	add    rax,rdx
  40327d:	48 8b 08             	mov    rcx,QWORD PTR [rax]
  403280:	48 8d 95 5f ff ff ff 	lea    rdx,[rbp-0xa1]
  403287:	48 8d 85 30 ff ff ff 	lea    rax,[rbp-0xd0]
  40328e:	48 89 ce             	mov    rsi,rcx
  403291:	48 89 c7             	mov    rdi,rax
  403294:	e8 57 ef ff ff       	call   4021f0 <_ZNSt7__cxx1112basic_stringIcSt11char_traitsIcESaIcEEC1EPKcRKS3_@plt>
  403299:	48 8d 85 30 ff ff ff 	lea    rax,[rbp-0xd0]
  4032a0:	ba 0a 00 00 00       	mov    edx,0xa
  4032a5:	be 00 00 00 00       	mov    esi,0x0
  4032aa:	48 89 c7             	mov    rdi,rax
  4032ad:	e8 8c 10 00 00       	call   40433e <_ZNSt7__cxx115stoulERKNS_12basic_stringIcSt11char_traitsIcESaIcEEEPmi>
  4032b2:	48 8b 95 28 fe ff ff 	mov    rdx,QWORD PTR [rbp-0x1d8]
  4032b9:	48 89 82 80 00 00 00 	mov    QWORD PTR [rdx+0x80],rax
  4032c0:	48 8d 85 30 ff ff ff 	lea    rax,[rbp-0xd0]
  4032c7:	48 89 c7             	mov    rdi,rax
  4032ca:	e8 11 ee ff ff       	call   4020e0 <_ZNSt7__cxx1112basic_stringIcSt11char_traitsIcESaIcEED1Ev@plt>
  4032cf:	48 8d 85 5f ff ff ff 	lea    rax,[rbp-0xa1]
  4032d6:	48 89 c7             	mov    rdi,rax
  4032d9:	e8 a2 ee ff ff       	call   402180 <_ZNSaIcED1Ev@plt>
  4032de:	e9 49 03 00 00       	jmp    40362c <_Z10parse_argsiPPcR6Config+0x909>
  4032e3:	48 8d 85 40 fe ff ff 	lea    rax,[rbp-0x1c0]
  4032ea:	be ff 62 40 00       	mov    esi,0x4062ff
  4032ef:	48 89 c7             	mov    rdi,rax
  4032f2:	e8 2e 12 00 00       	call   404525 <_ZSteqIcSt11char_traitsIcESaIcEEbRKNSt7__cxx1112basic_stringIT_T0_T1_EEPKS5_>
  4032f7:	84 c0                	test   al,al
  4032f9:	74 15                	je     403310 <_Z10parse_argsiPPcR6Config+0x5ed>
  4032fb:	8b 45 ec             	mov    eax,DWORD PTR [rbp-0x14]
  4032fe:	83 c0 01             	add    eax,0x1
  403301:	39 85 3c fe ff ff    	cmp    DWORD PTR [rbp-0x1c4],eax
  403307:	7e 07                	jle    403310 <_Z10parse_argsiPPcR6Config+0x5ed>
  403309:	b8 01 00 00 00       	mov    eax,0x1
  40330e:	eb 05                	jmp    403315 <_Z10parse_argsiPPcR6Config+0x5f2>
  403310:	b8 00 00 00 00       	mov    eax,0x0
  403315:	84 c0                	test   al,al
  403317:	0f 84 87 00 00 00    	je     4033a4 <_Z10parse_argsiPPcR6Config+0x681>
  40331d:	48 8d 45 8f          	lea    rax,[rbp-0x71]
  403321:	48 89 c7             	mov    rdi,rax
  403324:	e8 87 ef ff ff       	call   4022b0 <_ZNSaIcEC1Ev@plt>
  403329:	83 45 ec 01          	add    DWORD PTR [rbp-0x14],0x1
  40332d:	8b 45 ec             	mov    eax,DWORD PTR [rbp-0x14]
  403330:	48 98                	cdqe   
  403332:	48 8d 14 c5 00 00 00 	lea    rdx,[rax*8+0x0]
  403339:	00 
  40333a:	48 8b 85 30 fe ff ff 	mov    rax,QWORD PTR [rbp-0x1d0]
  403341:	48 01 d0             	add    rax,rdx
  403344:	48 8b 08             	mov    rcx,QWORD PTR [rax]
  403347:	48 8d 55 8f          	lea    rdx,[rbp-0x71]
  40334b:	48 8d 85 60 ff ff ff 	lea    rax,[rbp-0xa0]
  403352:	48 89 ce             	mov    rsi,rcx
  403355:	48 89 c7             	mov    rdi,rax
  403358:	e8 93 ee ff ff       	call   4021f0 <_ZNSt7__cxx1112basic_stringIcSt11char_traitsIcESaIcEEC1EPKcRKS3_@plt>
  40335d:	48 8d 85 60 ff ff ff 	lea    rax,[rbp-0xa0]
  403364:	ba 0a 00 00 00       	mov    edx,0xa
  403369:	be 00 00 00 00       	mov    esi,0x0
  40336e:	48 89 c7             	mov    rdi,rax
  403371:	e8 c8 0f 00 00       	call   40433e <_ZNSt7__cxx115stoulERKNS_12basic_stringIcSt11char_traitsIcESaIcEEEPmi>
  403376:	48 8b 95 28 fe ff ff 	mov    rdx,QWORD PTR [rbp-0x1d8]
  40337d:	48 89 82 88 00 00 00 	mov    QWORD PTR [rdx+0x88],rax
  403384:	48 8d 85 60 ff ff ff 	lea    rax,[rbp-0xa0]
  40338b:	48 89 c7             	mov    rdi,rax
  40338e:	e8 4d ed ff ff       	call   4020e0 <_ZNSt7__cxx1112basic_stringIcSt11char_traitsIcESaIcEED1Ev@plt>
  403393:	48 8d 45 8f          	lea    rax,[rbp-0x71]
  403397:	48 89 c7             	mov    rdi,rax
  40339a:	e8 e1 ed ff ff       	call   402180 <_ZNSaIcED1Ev@plt>
  40339f:	e9 88 02 00 00       	jmp    40362c <_Z10parse_argsiPPcR6Config+0x909>
  4033a4:	48 8d 85 40 fe ff ff 	lea    rax,[rbp-0x1c0]
  4033ab:	be 08 63 40 00       	mov    esi,0x406308
  4033b0:	48 89 c7             	mov    rdi,rax
  4033b3:	e8 6d 11 00 00       	call   404525 <_ZSteqIcSt11char_traitsIcESaIcEEbRKNSt7__cxx1112basic_stringIT_T0_T1_EEPKS5_>
  4033b8:	84 c0                	test   al,al
  4033ba:	74 15                	je     4033d1 <_Z10parse_argsiPPcR6Config+0x6ae>
  4033bc:	8b 45 ec             	mov    eax,DWORD PTR [rbp-0x14]
  4033bf:	83 c0 01             	add    eax,0x1
  4033c2:	39 85 3c fe ff ff    	cmp    DWORD PTR [rbp-0x1c4],eax
  4033c8:	7e 07                	jle    4033d1 <_Z10parse_argsiPPcR6Config+0x6ae>
  4033ca:	b8 01 00 00 00       	mov    eax,0x1
  4033cf:	eb 05                	jmp    4033d6 <_Z10parse_argsiPPcR6Config+0x6b3>
  4033d1:	b8 00 00 00 00       	mov    eax,0x0
  4033d6:	84 c0                	test   al,al
  4033d8:	74 7f                	je     403459 <_Z10parse_argsiPPcR6Config+0x736>
  4033da:	48 8d 45 bf          	lea    rax,[rbp-0x41]
  4033de:	48 89 c7             	mov    rdi,rax
  4033e1:	e8 ca ee ff ff       	call   4022b0 <_ZNSaIcEC1Ev@plt>
  4033e6:	83 45 ec 01          	add    DWORD PTR [rbp-0x14],0x1
  4033ea:	8b 45 ec             	mov    eax,DWORD PTR [rbp-0x14]
  4033ed:	48 98                	cdqe   
  4033ef:	48 8d 14 c5 00 00 00 	lea    rdx,[rax*8+0x0]
  4033f6:	00 
  4033f7:	48 8b 85 30 fe ff ff 	mov    rax,QWORD PTR [rbp-0x1d0]
  4033fe:	48 01 d0             	add    rax,rdx
  403401:	48 8b 08             	mov    rcx,QWORD PTR [rax]
  403404:	48 8d 55 bf          	lea    rdx,[rbp-0x41]
  403408:	48 8d 45 90          	lea    rax,[rbp-0x70]
  40340c:	48 89 ce             	mov    rsi,rcx
  40340f:	48 89 c7             	mov    rdi,rax
  403412:	e8 d9 ed ff ff       	call   4021f0 <_ZNSt7__cxx1112basic_stringIcSt11char_traitsIcESaIcEEC1EPKcRKS3_@plt>
  403417:	48 8d 45 90          	lea    rax,[rbp-0x70]
  40341b:	ba 0a 00 00 00       	mov    edx,0xa
  403420:	be 00 00 00 00       	mov    esi,0x0
  403425:	48 89 c7             	mov    rdi,rax
  403428:	e8 11 0f 00 00       	call   40433e <_ZNSt7__cxx115stoulERKNS_12basic_stringIcSt11char_traitsIcESaIcEEEPmi>
  40342d:	89 c2                	mov    edx,eax
  40342f:	48 8b 85 28 fe ff ff 	mov    rax,QWORD PTR [rbp-0x1d8]
  403436:	89 90 90 00 00 00    	mov    DWORD PTR [rax+0x90],edx
  40343c:	48 8d 45 90          	lea    rax,[rbp-0x70]
  403440:	48 89 c7             	mov    rdi,rax
  403443:	e8 98 ec ff ff       	call   4020e0 <_ZNSt7__cxx1112basic_stringIcSt11char_traitsIcESaIcEED1Ev@plt>
  403448:	48 8d 45 bf          	lea    rax,[rbp-0x41]
  40344c:	48 89 c7             	mov    rdi,rax
  40344f:	e8 2c ed ff ff       	call   402180 <_ZNSaIcED1Ev@plt>
  403454:	e9 d3 01 00 00       	jmp    40362c <_Z10parse_argsiPPcR6Config+0x909>
  403459:	48 8d 85 40 fe ff ff 	lea    rax,[rbp-0x1c0]
  403460:	be 0f 63 40 00       	mov    esi,0x40630f
  403465:	48 89 c7             	mov    rdi,rax
  403468:	e8 b8 10 00 00       	call   404525 <_ZSteqIcSt11char_traitsIcESaIcEEbRKNSt7__cxx1112basic_stringIT_T0_T1_EEPKS5_>
  40346d:	84 c0                	test   al,al
  40346f:	74 15                	je     403486 <_Z10parse_argsiPPcR6Config+0x763>
  403471:	8b 45 ec             	mov    eax,DWORD PTR [rbp-0x14]
  403474:	83 c0 01             	add    eax,0x1
  403477:	39 85 3c fe ff ff    	cmp    DWORD PTR [rbp-0x1c4],eax
  40347d:	7e 07                	jle    403486 <_Z10parse_argsiPPcR6Config+0x763>
  40347f:	b8 01 00 00 00       	mov    eax,0x1
  403484:	eb 05                	jmp    40348b <_Z10parse_argsiPPcR6Config+0x768>
  403486:	b8 00 00 00 00       	mov    eax,0x0
  40348b:	84 c0                	test   al,al
  40348d:	74 3c                	je     4034cb <_Z10parse_argsiPPcR6Config+0x7a8>
  40348f:	83 45 ec 01          	add    DWORD PTR [rbp-0x14],0x1
  403493:	8b 45 ec             	mov    eax,DWORD PTR [rbp-0x14]
  403496:	48 98                	cdqe   
  403498:	48 8d 14 c5 00 00 00 	lea    rdx,[rax*8+0x0]
  40349f:	00 
  4034a0:	48 8b 85 30 fe ff ff 	mov    rax,QWORD PTR [rbp-0x1d0]
  4034a7:	48 01 d0             	add    rax,rdx
  4034aa:	48 8b 00             	mov    rax,QWORD PTR [rax]
  4034ad:	48 8b 95 28 fe ff ff 	mov    rdx,QWORD PTR [rbp-0x1d8]
  4034b4:	48 81 c2 98 00 00 00 	add    rdx,0x98
  4034bb:	48 89 c6             	mov    rsi,rax
  4034be:	48 89 d7             	mov    rdi,rdx
  4034c1:	e8 1a ed ff ff       	call   4021e0 <_ZNSt7__cxx1112basic_stringIcSt11char_traitsIcESaIcEEaSEPKc@plt>
  4034c6:	e9 61 01 00 00       	jmp    40362c <_Z10parse_argsiPPcR6Config+0x909>
  4034cb:	48 8d 85 40 fe ff ff 	lea    rax,[rbp-0x1c0]
  4034d2:	be 16 63 40 00       	mov    esi,0x406316
  4034d7:	48 89 c7             	mov    rdi,rax
  4034da:	e8 46 10 00 00       	call   404525 <_ZSteqIcSt11char_traitsIcESaIcEEbRKNSt7__cxx1112basic_stringIT_T0_T1_EEPKS5_>
  4034df:	84 c0                	test   al,al
  4034e1:	74 15                	je     4034f8 <_Z10parse_argsiPPcR6Config+0x7d5>
  4034e3:	8b 45 ec             	mov    eax,DWORD PTR [rbp-0x14]
  4034e6:	83 c0 01             	add    eax,0x1
  4034e9:	39 85 3c fe ff ff    	cmp    DWORD PTR [rbp-0x1c4],eax
  4034ef:	7e 07                	jle    4034f8 <_Z10parse_argsiPPcR6Config+0x7d5>
  4034f1:	b8 01 00 00 00       	mov    eax,0x1
  4034f6:	eb 05                	jmp    4034fd <_Z10parse_argsiPPcR6Config+0x7da>
  4034f8:	b8 00 00 00 00       	mov    eax,0x0
  4034fd:	84 c0                	test   al,al
  4034ff:	74 7e                	je     40357f <_Z10parse_argsiPPcR6Config+0x85c>
  403501:	48 8d 45 eb          	lea    rax,[rbp-0x15]
  403505:	48 89 c7             	mov    rdi,rax
  403508:	e8 a3 ed ff ff       	call   4022b0 <_ZNSaIcEC1Ev@plt>
  40350d:	83 45 ec 01          	add    DWORD PTR [rbp-0x14],0x1
  403511:	8b 45 ec             	mov    eax,DWORD PTR [rbp-0x14]
  403514:	48 98                	cdqe   
  403516:	48 8d 14 c5 00 00 00 	lea    rdx,[rax*8+0x0]
  40351d:	00 
  40351e:	48 8b 85 30 fe ff ff 	mov    rax,QWORD PTR [rbp-0x1d0]
  403525:	48 01 d0             	add    rax,rdx
  403528:	48 8b 08             	mov    rcx,QWORD PTR [rax]
  40352b:	48 8d 55 eb          	lea    rdx,[rbp-0x15]
  40352f:	48 8d 45 c0          	lea    rax,[rbp-0x40]
  403533:	48 89 ce             	mov    rsi,rcx
  403536:	48 89 c7             	mov    rdi,rax
  403539:	e8 b2 ec ff ff       	call   4021f0 <_ZNSt7__cxx1112basic_stringIcSt11char_traitsIcESaIcEEC1EPKcRKS3_@plt>
  40353e:	48 8d 45 c0          	lea    rax,[rbp-0x40]
  403542:	ba 0a 00 00 00       	mov    edx,0xa
  403547:	be 00 00 00 00       	mov    esi,0x0
  40354c:	48 89 c7             	mov    rdi,rax
  40354f:	e8 ea 0d 00 00       	call   40433e <_ZNSt7__cxx115stoulERKNS_12basic_stringIcSt11char_traitsIcESaIcEEEPmi>
  403554:	48 8b 95 28 fe ff ff 	mov    rdx,QWORD PTR [rbp-0x1d8]
  40355b:	48 89 82 d8 00 00 00 	mov    QWORD PTR [rdx+0xd8],rax
  403562:	48 8d 45 c0          	lea    rax,[rbp-0x40]
  403566:	48 89 c7             	mov    rdi,rax
  403569:	e8 72 eb ff ff       	call   4020e0 <_ZNSt7__cxx1112basic_stringIcSt11char_traitsIcESaIcEED1Ev@plt>
  40356e:	48 8d 45 eb          	lea    rax,[rbp-0x15]
  403572:	48 89 c7             	mov    rdi,rax
  403575:	e8 06 ec ff ff       	call   402180 <_ZNSaIcED1Ev@plt>
  40357a:	e9 ad 00 00 00       	jmp    40362c <_Z10parse_argsiPPcR6Config+0x909>
  40357f:	48 8d 85 40 fe ff ff 	lea    rax,[rbp-0x1c0]
  403586:	be 25 63 40 00       	mov    esi,0x406325
  40358b:	48 89 c7             	mov    rdi,rax
  40358e:	e8 92 0f 00 00       	call   404525 <_ZSteqIcSt11char_traitsIcESaIcEEbRKNSt7__cxx1112basic_stringIT_T0_T1_EEPKS5_>
  403593:	84 c0                	test   al,al
  403595:	74 15                	je     4035ac <_Z10parse_argsiPPcR6Config+0x889>
  403597:	8b 45 ec             	mov    eax,DWORD PTR [rbp-0x14]
  40359a:	83 c0 01             	add    eax,0x1
  40359d:	39 85 3c fe ff ff    	cmp    DWORD PTR [rbp-0x1c4],eax
  4035a3:	7e 07                	jle    4035ac <_Z10parse_argsiPPcR6Config+0x889>
  4035a5:	b8 01 00 00 00       	mov    eax,0x1
  4035aa:	eb 05                	jmp    4035b1 <_Z10parse_argsiPPcR6Config+0x88e>
  4035ac:	b8 00 00 00 00       	mov    eax,0x0
  4035b1:	84 c0                	test   al,al
  4035b3:	74 39                	je     4035ee <_Z10parse_argsiPPcR6Config+0x8cb>
  4035b5:	83 45 ec 01          	add    DWORD PTR [rbp-0x14],0x1
  4035b9:	8b 45 ec             	mov    eax,DWORD PTR [rbp-0x14]
  4035bc:	48 98                	cdqe   
  4035be:	48 8d 14 c5 00 00 00 	lea    rdx,[rax*8+0x0]
  4035c5:	00 
  4035c6:	48 8b 85 30 fe ff ff 	mov    rax,QWORD PTR [rbp-0x1d0]
  4035cd:	48 01 d0             	add    rax,rdx
  4035d0:	48 8b 00             	mov    rax,QWORD PTR [rax]
  4035d3:	48 8b 95 28 fe ff ff 	mov    rdx,QWORD PTR [rbp-0x1d8]
  4035da:	48 81 c2 b8 00 00 00 	add    rdx,0xb8
  4035e1:	48 89 c6             	mov    rsi,rax
  4035e4:	48 89 d7             	mov    rdi,rdx
  4035e7:	e8 f4 eb ff ff       	call   4021e0 <_ZNSt7__cxx1112basic_stringIcSt11char_traitsIcESaIcEEaSEPKc@plt>
  4035ec:	eb 3e                	jmp    40362c <_Z10parse_argsiPPcR6Config+0x909>
  4035ee:	be 30 63 40 00       	mov    esi,0x406330
  4035f3:	bf a0 91 40 00       	mov    edi,0x4091a0
  4035f8:	e8 53 eb ff ff       	call   402150 <_ZStlsISt11char_traitsIcEERSt13basic_ostreamIcT_ES5_PKc@plt>
  4035fd:	48 89 c2             	mov    rdx,rax
  403600:	48 8d 85 40 fe ff ff 	lea    rax,[rbp-0x1c0]
  403607:	48 89 c6             	mov    rsi,rax
  40360a:	48 89 d7             	mov    rdi,rdx
  40360d:	e8 0e eb ff ff       	call   402120 <_ZStlsIcSt11char_traitsIcESaIcEERSt13basic_ostreamIT_T0_ES7_RKNSt7__cxx1112basic_stringIS4_S5_T1_EE@plt>
  403612:	be 51 63 40 00       	mov    esi,0x406351
  403617:	48 89 c7             	mov    rdi,rax
  40361a:	e8 31 eb ff ff       	call   402150 <_ZStlsISt11char_traitsIcEERSt13basic_ostreamIcT_ES5_PKc@plt>
  40361f:	bb 00 00 00 00       	mov    ebx,0x0
  403624:	41 bc 00 00 00 00    	mov    r12d,0x0
  40362a:	eb 06                	jmp    403632 <_Z10parse_argsiPPcR6Config+0x90f>
  40362c:	41 bc 01 00 00 00    	mov    r12d,0x1
  403632:	48 8d 85 40 fe ff ff 	lea    rax,[rbp-0x1c0]
  403639:	48 89 c7             	mov    rdi,rax
  40363c:	e8 9f ea ff ff       	call   4020e0 <_ZNSt7__cxx1112basic_stringIcSt11char_traitsIcESaIcEED1Ev@plt>
  403641:	41 83 fc 01          	cmp    r12d,0x1
  403645:	0f 85 63 01 00 00    	jne    4037ae <_Z10parse_argsiPPcR6Config+0xa8b>
  40364b:	83 45 ec 01          	add    DWORD PTR [rbp-0x14],0x1
  40364f:	8b 45 ec             	mov    eax,DWORD PTR [rbp-0x14]
  403652:	3b 85 3c fe ff ff    	cmp    eax,DWORD PTR [rbp-0x1c4]
  403658:	0f 8c 05 f7 ff ff    	jl     402d63 <_Z10parse_argsiPPcR6Config+0x40>
  40365e:	48 8b 85 28 fe ff ff 	mov    rax,QWORD PTR [rbp-0x1d8]
  403665:	48 8b 40 60          	mov    rax,QWORD PTR [rax+0x60]
  403669:	48 85 c0             	test   rax,rax
  40366c:	74 4c                	je     4036ba <_Z10parse_argsiPPcR6Config+0x997>
  40366e:	48 8b 85 28 fe ff ff 	mov    rax,QWORD PTR [rbp-0x1d8]
  403675:	48 8b 40 70          	mov    rax,QWORD PTR [rax+0x70]
  403679:	48 85 c0             	test   rax,rax
  40367c:	74 3c                	je     4036ba <_Z10parse_argsiPPcR6Config+0x997>
  40367e:	48 8b 85 28 fe ff ff 	mov    rax,QWORD PTR [rbp-0x1d8]
  403685:	48 8b 40 78          	mov    rax,QWORD PTR [rax+0x78]
  403689:	48 85 c0             	test   rax,rax
  40368c:	74 2c                	je     4036ba <_Z10parse_argsiPPcR6Config+0x997>
  40368e:	48 8b 85 28 fe ff ff 	mov    rax,QWORD PTR [rbp-0x1d8]
  403695:	48 8b 80 80 00 00 00 	mov    rax,QWORD PTR [rax+0x80]
  40369c:	48 85 c0             	test   rax,rax
  40369f:	74 19                	je     4036ba <_Z10parse_argsiPPcR6Config+0x997>
  4036a1:	48 8b 85 28 fe ff ff 	mov    rax,QWORD PTR [rbp-0x1d8]
  4036a8:	48 05 b8 00 00 00    	add    rax,0xb8
  4036ae:	48 89 c7             	mov    rdi,rax
  4036b1:	e8 da eb ff ff       	call   402290 <_ZNKSt7__cxx1112basic_stringIcSt11char_traitsIcESaIcEE5emptyEv@plt>
  4036b6:	84 c0                	test   al,al
  4036b8:	74 07                	je     4036c1 <_Z10parse_argsiPPcR6Config+0x99e>
  4036ba:	b8 01 00 00 00       	mov    eax,0x1
  4036bf:	eb 05                	jmp    4036c6 <_Z10parse_argsiPPcR6Config+0x9a3>
  4036c1:	b8 00 00 00 00       	mov    eax,0x0
  4036c6:	84 c0                	test   al,al
  4036c8:	74 19                	je     4036e3 <_Z10parse_argsiPPcR6Config+0x9c0>
  4036ca:	be 58 63 40 00       	mov    esi,0x406358
  4036cf:	bf a0 91 40 00       	mov    edi,0x4091a0
  4036d4:	e8 77 ea ff ff       	call   402150 <_ZStlsISt11char_traitsIcEERSt13basic_ostreamIcT_ES5_PKc@plt>
  4036d9:	bb 00 00 00 00       	mov    ebx,0x0
  4036de:	e9 cb 00 00 00       	jmp    4037ae <_Z10parse_argsiPPcR6Config+0xa8b>
  4036e3:	48 8b 85 28 fe ff ff 	mov    rax,QWORD PTR [rbp-0x1d8]
  4036ea:	48 05 98 00 00 00    	add    rax,0x98
  4036f0:	48 89 c7             	mov    rdi,rax
  4036f3:	e8 98 eb ff ff       	call   402290 <_ZNKSt7__cxx1112basic_stringIcSt11char_traitsIcESaIcEE5emptyEv@plt>
  4036f8:	84 c0                	test   al,al
  4036fa:	74 1a                	je     403716 <_Z10parse_argsiPPcR6Config+0x9f3>
  4036fc:	48 8b 85 28 fe ff ff 	mov    rax,QWORD PTR [rbp-0x1d8]
  403703:	48 05 98 00 00 00    	add    rax,0x98
  403709:	be 97 63 40 00       	mov    esi,0x406397
  40370e:	48 89 c7             	mov    rdi,rax
  403711:	e8 ca ea ff ff       	call   4021e0 <_ZNSt7__cxx1112basic_stringIcSt11char_traitsIcESaIcEEaSEPKc@plt>
  403716:	48 8b 85 28 fe ff ff 	mov    rax,QWORD PTR [rbp-0x1d8]
  40371d:	48 05 98 00 00 00    	add    rax,0x98
  403723:	be 97 63 40 00       	mov    esi,0x406397
  403728:	48 89 c7             	mov    rdi,rax
  40372b:	e8 f5 0d 00 00       	call   404525 <_ZSteqIcSt11char_traitsIcESaIcEEbRKNSt7__cxx1112basic_stringIT_T0_T1_EEPKS5_>
  403730:	84 c0                	test   al,al
  403732:	75 1e                	jne    403752 <_Z10parse_argsiPPcR6Config+0xa2f>
  403734:	48 8b 85 28 fe ff ff 	mov    rax,QWORD PTR [rbp-0x1d8]
  40373b:	48 05 98 00 00 00    	add    rax,0x98
  403741:	be a4 63 40 00       	mov    esi,0x4063a4
  403746:	48 89 c7             	mov    rdi,rax
  403749:	e8 d7 0d 00 00       	call   404525 <_ZSteqIcSt11char_traitsIcESaIcEEbRKNSt7__cxx1112basic_stringIT_T0_T1_EEPKS5_>
  40374e:	84 c0                	test   al,al
  403750:	74 38                	je     40378a <_Z10parse_argsiPPcR6Config+0xa67>
  403752:	48 8b 85 28 fe ff ff 	mov    rax,QWORD PTR [rbp-0x1d8]
  403759:	48 8b 80 d8 00 00 00 	mov    rax,QWORD PTR [rax+0xd8]
  403760:	48 85 c0             	test   rax,rax
  403763:	74 1e                	je     403783 <_Z10parse_argsiPPcR6Config+0xa60>
  403765:	48 8b 85 28 fe ff ff 	mov    rax,QWORD PTR [rbp-0x1d8]
  40376c:	48 8b 90 d8 00 00 00 	mov    rdx,QWORD PTR [rax+0xd8]
  403773:	48 8b 85 28 fe ff ff 	mov    rax,QWORD PTR [rbp-0x1d8]
  40377a:	48 8b 40 60          	mov    rax,QWORD PTR [rax+0x60]
  40377e:	48 39 c2             	cmp    rdx,rax
  403781:	73 07                	jae    40378a <_Z10parse_argsiPPcR6Config+0xa67>
  403783:	b8 01 00 00 00       	mov    eax,0x1
  403788:	eb 05                	jmp    40378f <_Z10parse_argsiPPcR6Config+0xa6c>
  40378a:	b8 00 00 00 00       	mov    eax,0x0
  40378f:	84 c0                	test   al,al
  403791:	74 16                	je     4037a9 <_Z10parse_argsiPPcR6Config+0xa86>
  403793:	be b8 63 40 00       	mov    esi,0x4063b8
  403798:	bf a0 91 40 00       	mov    edi,0x4091a0
  40379d:	e8 ae e9 ff ff       	call   402150 <_ZStlsISt11char_traitsIcEERSt13basic_ostreamIcT_ES5_PKc@plt>
  4037a2:	bb 00 00 00 00       	mov    ebx,0x0
  4037a7:	eb 05                	jmp    4037ae <_Z10parse_argsiPPcR6Config+0xa8b>
  4037a9:	bb 01 00 00 00       	mov    ebx,0x1
  4037ae:	89 d8                	mov    eax,ebx
  4037b0:	e9 77 01 00 00       	jmp    40392c <_Z10parse_argsiPPcR6Config+0xc09>
  4037b5:	48 89 c3             	mov    rbx,rax
  4037b8:	48 8d 85 6f fe ff ff 	lea    rax,[rbp-0x191]
  4037bf:	48 89 c7             	mov    rdi,rax
  4037c2:	e8 b9 e9 ff ff       	call   402180 <_ZNSaIcED1Ev@plt>
  4037c7:	48 89 d8             	mov    rax,rbx
  4037ca:	48 89 c7             	mov    rdi,rax
  4037cd:	e8 ce ea ff ff       	call   4022a0 <_Unwind_Resume@plt>
  4037d2:	48 89 c3             	mov    rbx,rax
  4037d5:	48 8d 85 70 fe ff ff 	lea    rax,[rbp-0x190]
  4037dc:	48 89 c7             	mov    rdi,rax
  4037df:	e8 fc e8 ff ff       	call   4020e0 <_ZNSt7__cxx1112basic_stringIcSt11char_traitsIcESaIcEED1Ev@plt>
  4037e4:	eb 03                	jmp    4037e9 <_Z10parse_argsiPPcR6Config+0xac6>
  4037e6:	48 89 c3             	mov    rbx,rax
  4037e9:	48 8d 85 9f fe ff ff 	lea    rax,[rbp-0x161]
  4037f0:	48 89 c7             	mov    rdi,rax
  4037f3:	e8 88 e9 ff ff       	call   402180 <_ZNSaIcED1Ev@plt>
  4037f8:	e9 15 01 00 00       	jmp    403912 <_Z10parse_argsiPPcR6Config+0xbef>
  4037fd:	48 89 c3             	mov    rbx,rax
  403800:	48 8d 85 a0 fe ff ff 	lea    rax,[rbp-0x160]
  403807:	48 89 c7             	mov    rdi,rax
  40380a:	e8 d1 e8 ff ff       	call   4020e0 <_ZNSt7__cxx1112basic_stringIcSt11char_traitsIcESaIcEED1Ev@plt>
  40380f:	eb 03                	jmp    403814 <_Z10parse_argsiPPcR6Config+0xaf1>
  403811:	48 89 c3             	mov    rbx,rax
  403814:	48 8d 85 cf fe ff ff 	lea    rax,[rbp-0x131]
  40381b:	48 89 c7             	mov    rdi,rax
  40381e:	e8 5d e9 ff ff       	call   402180 <_ZNSaIcED1Ev@plt>
  403823:	e9 ea 00 00 00       	jmp    403912 <_Z10parse_argsiPPcR6Config+0xbef>
  403828:	48 89 c3             	mov    rbx,rax
  40382b:	48 8d 85 d0 fe ff ff 	lea    rax,[rbp-0x130]
  403832:	48 89 c7             	mov    rdi,rax
  403835:	e8 a6 e8 ff ff       	call   4020e0 <_ZNSt7__cxx1112basic_stringIcSt11char_traitsIcESaIcEED1Ev@plt>
  40383a:	eb 03                	jmp    40383f <_Z10parse_argsiPPcR6Config+0xb1c>
  40383c:	48 89 c3             	mov    rbx,rax
  40383f:	48 8d 85 ff fe ff ff 	lea    rax,[rbp-0x101]
  403846:	48 89 c7             	mov    rdi,rax
  403849:	e8 32 e9 ff ff       	call   402180 <_ZNSaIcED1Ev@plt>
  40384e:	e9 bf 00 00 00       	jmp    403912 <_Z10parse_argsiPPcR6Config+0xbef>
  403853:	48 89 c3             	mov    rbx,rax
  403856:	48 8d 85 00 ff ff ff 	lea    rax,[rbp-0x100]
  40385d:	48 89 c7             	mov    rdi,rax
  403860:	e8 7b e8 ff ff       	call   4020e0 <_ZNSt7__cxx1112basic_stringIcSt11char_traitsIcESaIcEED1Ev@plt>
  403865:	eb 03                	jmp    40386a <_Z10parse_argsiPPcR6Config+0xb47>
  403867:	48 89 c3             	mov    rbx,rax
  40386a:	48 8d 85 2f ff ff ff 	lea    rax,[rbp-0xd1]
  403871:	48 89 c7             	mov    rdi,rax
  403874:	e8 07 e9 ff ff       	call   402180 <_ZNSaIcED1Ev@plt>
  403879:	e9 94 00 00 00       	jmp    403912 <_Z10parse_argsiPPcR6Config+0xbef>
  40387e:	48 89 c3             	mov    rbx,rax
  403881:	48 8d 85 30 ff ff ff 	lea    rax,[rbp-0xd0]
  403888:	48 89 c7             	mov    rdi,rax
  40388b:	e8 50 e8 ff ff       	call   4020e0 <_ZNSt7__cxx1112basic_stringIcSt11char_traitsIcESaIcEED1Ev@plt>
  403890:	eb 03                	jmp    403895 <_Z10parse_argsiPPcR6Config+0xb72>
  403892:	48 89 c3             	mov    rbx,rax
  403895:	48 8d 85 5f ff ff ff 	lea    rax,[rbp-0xa1]
  40389c:	48 89 c7             	mov    rdi,rax
  40389f:	e8 dc e8 ff ff       	call   402180 <_ZNSaIcED1Ev@plt>
  4038a4:	eb 6c                	jmp    403912 <_Z10parse_argsiPPcR6Config+0xbef>
  4038a6:	48 89 c3             	mov    rbx,rax
  4038a9:	48 8d 85 60 ff ff ff 	lea    rax,[rbp-0xa0]
  4038b0:	48 89 c7             	mov    rdi,rax
  4038b3:	e8 28 e8 ff ff       	call   4020e0 <_ZNSt7__cxx1112basic_stringIcSt11char_traitsIcESaIcEED1Ev@plt>
  4038b8:	eb 03                	jmp    4038bd <_Z10parse_argsiPPcR6Config+0xb9a>
  4038ba:	48 89 c3             	mov    rbx,rax
  4038bd:	48 8d 45 8f          	lea    rax,[rbp-0x71]
  4038c1:	48 89 c7             	mov    rdi,rax
  4038c4:	e8 b7 e8 ff ff       	call   402180 <_ZNSaIcED1Ev@plt>
  4038c9:	eb 47                	jmp    403912 <_Z10parse_argsiPPcR6Config+0xbef>
  4038cb:	48 89 c3             	mov    rbx,rax
  4038ce:	48 8d 45 90          	lea    rax,[rbp-0x70]
  4038d2:	48 89 c7             	mov    rdi,rax
  4038d5:	e8 06 e8 ff ff       	call   4020e0 <_ZNSt7__cxx1112basic_stringIcSt11char_traitsIcESaIcEED1Ev@plt>
  4038da:	eb 03                	jmp    4038df <_Z10parse_argsiPPcR6Config+0xbbc>
  4038dc:	48 89 c3             	mov    rbx,rax
  4038df:	48 8d 45 bf          	lea    rax,[rbp-0x41]
  4038e3:	48 89 c7             	mov    rdi,rax
  4038e6:	e8 95 e8 ff ff       	call   402180 <_ZNSaIcED1Ev@plt>
  4038eb:	eb 25                	jmp    403912 <_Z10parse_argsiPPcR6Config+0xbef>
  4038ed:	48 89 c3             	mov    rbx,rax
  4038f0:	48 8d 45 c0          	lea    rax,[rbp-0x40]
  4038f4:	48 89 c7             	mov    rdi,rax
  4038f7:	e8 e4 e7 ff ff       	call   4020e0 <_ZNSt7__cxx1112basic_stringIcSt11char_traitsIcESaIcEED1Ev@plt>
  4038fc:	eb 03                	jmp    403901 <_Z10parse_argsiPPcR6Config+0xbde>
  4038fe:	48 89 c3             	mov    rbx,rax
  403901:	48 8d 45 eb          	lea    rax,[rbp-0x15]
  403905:	48 89 c7             	mov    rdi,rax
  403908:	e8 73 e8 ff ff       	call   402180 <_ZNSaIcED1Ev@plt>
  40390d:	eb 03                	jmp    403912 <_Z10parse_argsiPPcR6Config+0xbef>
  40390f:	48 89 c3             	mov    rbx,rax
  403912:	48 8d 85 40 fe ff ff 	lea    rax,[rbp-0x1c0]
  403919:	48 89 c7             	mov    rdi,rax
  40391c:	e8 bf e7 ff ff       	call   4020e0 <_ZNSt7__cxx1112basic_stringIcSt11char_traitsIcESaIcEED1Ev@plt>
  403921:	48 89 d8             	mov    rax,rbx
  403924:	48 89 c7             	mov    rdi,rax
  403927:	e8 74 e9 ff ff       	call   4022a0 <_Unwind_Resume@plt>
  40392c:	48 81 c4 d0 01 00 00 	add    rsp,0x1d0
  403933:	5b                   	pop    rbx
  403934:	41 5c                	pop    r12
  403936:	5d                   	pop    rbp
  403937:	c3                   	ret    

0000000000403938 <_Z11build_chainPmmmjRKNSt7__cxx1112basic_stringIcSt11char_traitsIcESaIcEEEm>:
  403938:	55                   	push   rbp
  403939:	48 89 e5             	mov    rbp,rsp
  40393c:	53                   	push   rbx
  40393d:	48 81 ec a8 14 00 00 	sub    rsp,0x14a8
  403944:	48 89 bd 78 eb ff ff 	mov    QWORD PTR [rbp-0x1488],rdi
  40394b:	48 89 b5 70 eb ff ff 	mov    QWORD PTR [rbp-0x1490],rsi
  403952:	48 89 95 68 eb ff ff 	mov    QWORD PTR [rbp-0x1498],rdx
  403959:	89 8d 64 eb ff ff    	mov    DWORD PTR [rbp-0x149c],ecx
  40395f:	4c 89 85 58 eb ff ff 	mov    QWORD PTR [rbp-0x14a8],r8
  403966:	4c 89 8d 50 eb ff ff 	mov    QWORD PTR [rbp-0x14b0],r9
  40396d:	48 8d 85 56 ff ff ff 	lea    rax,[rbp-0xaa]
  403974:	48 89 c7             	mov    rdi,rax
  403977:	e8 d4 0b 00 00       	call   404550 <_ZNSaImEC1Ev>
  40397c:	48 8b 8d 70 eb ff ff 	mov    rcx,QWORD PTR [rbp-0x1490]
  403983:	48 8d 95 56 ff ff ff 	lea    rdx,[rbp-0xaa]
  40398a:	48 8d 85 30 ff ff ff 	lea    rax,[rbp-0xd0]
  403991:	48 89 ce             	mov    rsi,rcx
  403994:	48 89 c7             	mov    rdi,rax
  403997:	e8 ec 0b 00 00       	call   404588 <_ZNSt6vectorImSaImEEC1EmRKS0_>
  40399c:	48 8d 85 56 ff ff ff 	lea    rax,[rbp-0xaa]
  4039a3:	48 89 c7             	mov    rdi,rax
  4039a6:	e8 c1 0b 00 00       	call   40456c <_ZNSaImED1Ev>
  4039ab:	48 c7 45 e8 00 00 00 	mov    QWORD PTR [rbp-0x18],0x0
  4039b2:	00 
  4039b3:	eb 22                	jmp    4039d7 <_Z11build_chainPmmmjRKNSt7__cxx1112basic_stringIcSt11char_traitsIcESaIcEEEm+0x9f>
  4039b5:	48 8b 55 e8          	mov    rdx,QWORD PTR [rbp-0x18]
  4039b9:	48 8d 85 30 ff ff ff 	lea    rax,[rbp-0xd0]
  4039c0:	48 89 d6             	mov    rsi,rdx
  4039c3:	48 89 c7             	mov    rdi,rax
  4039c6:	e8 77 0c 00 00       	call   404642 <_ZNSt6vectorImSaImEEixEm>
  4039cb:	48 8b 55 e8          	mov    rdx,QWORD PTR [rbp-0x18]
  4039cf:	48 89 10             	mov    QWORD PTR [rax],rdx
  4039d2:	48 83 45 e8 01       	add    QWORD PTR [rbp-0x18],0x1
  4039d7:	48 8b 85 70 eb ff ff 	mov    rax,QWORD PTR [rbp-0x1490]
  4039de:	48 39 45 e8          	cmp    QWORD PTR [rbp-0x18],rax
  4039e2:	72 d1                	jb     4039b5 <_Z11build_chainPmmmjRKNSt7__cxx1112basic_stringIcSt11char_traitsIcESaIcEEEm+0x7d>
  4039e4:	8b 95 64 eb ff ff    	mov    edx,DWORD PTR [rbp-0x149c]
  4039ea:	48 8d 85 a0 eb ff ff 	lea    rax,[rbp-0x1460]
  4039f1:	48 89 d6             	mov    rsi,rdx
  4039f4:	48 89 c7             	mov    rdi,rax
  4039f7:	e8 66 0c 00 00       	call   404662 <_ZNSt23mersenne_twister_engineImLm32ELm624ELm397ELm31ELm2567483615ELm11ELm4294967295ELm7ELm2636928640ELm15ELm4022730752ELm18ELm1812433253EEC1Em>
  4039fc:	48 8b 85 58 eb ff ff 	mov    rax,QWORD PTR [rbp-0x14a8]
  403a03:	be 57 64 40 00       	mov    esi,0x406457
  403a08:	48 89 c7             	mov    rdi,rax
  403a0b:	e8 15 0b 00 00       	call   404525 <_ZSteqIcSt11char_traitsIcESaIcEEbRKNSt7__cxx1112basic_stringIT_T0_T1_EEPKS5_>
  403a10:	84 c0                	test   al,al
  403a12:	0f 84 10 01 00 00    	je     403b28 <_Z11build_chainPmmmjRKNSt7__cxx1112basic_stringIcSt11char_traitsIcESaIcEEEm+0x1f0>
  403a18:	48 8d 85 30 ff ff ff 	lea    rax,[rbp-0xd0]
  403a1f:	48 89 c7             	mov    rdi,rax
  403a22:	e8 87 0c 00 00       	call   4046ae <_ZNSt6vectorImSaImEE3endEv>
  403a27:	48 89 c3             	mov    rbx,rax
  403a2a:	48 8d 85 30 ff ff ff 	lea    rax,[rbp-0xd0]
  403a31:	48 89 c7             	mov    rdi,rax
  403a34:	e8 4f 0c 00 00       	call   404688 <_ZNSt6vectorImSaImEE5beginEv>
  403a39:	48 89 c1             	mov    rcx,rax
  403a3c:	48 8d 85 a0 eb ff ff 	lea    rax,[rbp-0x1460]
  403a43:	48 89 c2             	mov    rdx,rax
  403a46:	48 89 de             	mov    rsi,rbx
  403a49:	48 89 cf             	mov    rdi,rcx
  403a4c:	e8 86 0c 00 00       	call   4046d7 <_ZSt7shuffleIN9__gnu_cxx17__normal_iteratorIPmSt6vectorImSaImEEEERSt23mersenne_twister_engineImLm32ELm624ELm397ELm31ELm2567483615ELm11ELm4294967295ELm7ELm2636928640ELm15ELm4022730752ELm18ELm1812433253EEEvT_SA_OT0_>
  403a51:	48 c7 45 e0 00 00 00 	mov    QWORD PTR [rbp-0x20],0x0
  403a58:	00 
  403a59:	e9 af 00 00 00       	jmp    403b0d <_Z11build_chainPmmmjRKNSt7__cxx1112basic_stringIcSt11char_traitsIcESaIcEEEm+0x1d5>
  403a5e:	48 8b 55 e0          	mov    rdx,QWORD PTR [rbp-0x20]
  403a62:	48 8d 85 30 ff ff ff 	lea    rax,[rbp-0xd0]
  403a69:	48 89 d6             	mov    rsi,rdx
  403a6c:	48 89 c7             	mov    rdi,rax
  403a6f:	e8 ce 0b 00 00       	call   404642 <_ZNSt6vectorImSaImEEixEm>
  403a74:	48 8b 00             	mov    rax,QWORD PTR [rax]
  403a77:	48 89 85 78 ff ff ff 	mov    QWORD PTR [rbp-0x88],rax
  403a7e:	48 8b 45 e0          	mov    rax,QWORD PTR [rbp-0x20]
  403a82:	48 83 c0 01          	add    rax,0x1
  403a86:	48 8b 8d 70 eb ff ff 	mov    rcx,QWORD PTR [rbp-0x1490]
  403a8d:	ba 00 00 00 00       	mov    edx,0x0
  403a92:	48 f7 f1             	div    rcx
  403a95:	48 8d 85 30 ff ff ff 	lea    rax,[rbp-0xd0]
  403a9c:	48 89 d6             	mov    rsi,rdx
  403a9f:	48 89 c7             	mov    rdi,rax
  403aa2:	e8 9b 0b 00 00       	call   404642 <_ZNSt6vectorImSaImEEixEm>
  403aa7:	48 8b 00             	mov    rax,QWORD PTR [rax]
  403aaa:	48 89 85 70 ff ff ff 	mov    QWORD PTR [rbp-0x90],rax
  403ab1:	48 8b 85 78 ff ff ff 	mov    rax,QWORD PTR [rbp-0x88]
  403ab8:	48 0f af 85 68 eb ff 	imul   rax,QWORD PTR [rbp-0x1498]
  403abf:	ff 
  403ac0:	48 89 c2             	mov    rdx,rax
  403ac3:	48 8b 85 78 eb ff ff 	mov    rax,QWORD PTR [rbp-0x1488]
  403aca:	48 01 d0             	add    rax,rdx
  403acd:	48 89 85 68 ff ff ff 	mov    QWORD PTR [rbp-0x98],rax
  403ad4:	48 8b 85 70 ff ff ff 	mov    rax,QWORD PTR [rbp-0x90]
  403adb:	48 0f af 85 68 eb ff 	imul   rax,QWORD PTR [rbp-0x1498]
  403ae2:	ff 
  403ae3:	48 89 c2             	mov    rdx,rax
  403ae6:	48 8b 85 78 eb ff ff 	mov    rax,QWORD PTR [rbp-0x1488]
  403aed:	48 01 d0             	add    rax,rdx
  403af0:	48 89 85 60 ff ff ff 	mov    QWORD PTR [rbp-0xa0],rax
  403af7:	48 8b 95 60 ff ff ff 	mov    rdx,QWORD PTR [rbp-0xa0]
  403afe:	48 8b 85 68 ff ff ff 	mov    rax,QWORD PTR [rbp-0x98]
  403b05:	48 89 10             	mov    QWORD PTR [rax],rdx
  403b08:	48 83 45 e0 01       	add    QWORD PTR [rbp-0x20],0x1
  403b0d:	48 8b 85 70 eb ff ff 	mov    rax,QWORD PTR [rbp-0x1490]
  403b14:	48 39 45 e0          	cmp    QWORD PTR [rbp-0x20],rax
  403b18:	0f 82 40 ff ff ff    	jb     403a5e <_Z11build_chainPmmmjRKNSt7__cxx1112basic_stringIcSt11char_traitsIcESaIcEEEm+0x126>
  403b1e:	bb 00 00 00 00       	mov    ebx,0x0
  403b23:	e9 4b 02 00 00       	jmp    403d73 <_Z11build_chainPmmmjRKNSt7__cxx1112basic_stringIcSt11char_traitsIcESaIcEEEm+0x43b>
  403b28:	48 8b 85 50 eb ff ff 	mov    rax,QWORD PTR [rbp-0x14b0]
  403b2f:	ba 00 00 00 00       	mov    edx,0x0
  403b34:	48 f7 b5 68 eb ff ff 	div    QWORD PTR [rbp-0x1498]
  403b3b:	48 89 45 d8          	mov    QWORD PTR [rbp-0x28],rax
  403b3f:	48 83 7d d8 00       	cmp    QWORD PTR [rbp-0x28],0x0
  403b44:	75 08                	jne    403b4e <_Z11build_chainPmmmjRKNSt7__cxx1112basic_stringIcSt11char_traitsIcESaIcEEEm+0x216>
  403b46:	48 c7 45 d8 01 00 00 	mov    QWORD PTR [rbp-0x28],0x1
  403b4d:	00 
  403b4e:	48 8b 95 70 eb ff ff 	mov    rdx,QWORD PTR [rbp-0x1490]
  403b55:	48 8b 45 d8          	mov    rax,QWORD PTR [rbp-0x28]
  403b59:	48 01 d0             	add    rax,rdx
  403b5c:	48 83 e8 01          	sub    rax,0x1
  403b60:	ba 00 00 00 00       	mov    edx,0x0
  403b65:	48 f7 75 d8          	div    QWORD PTR [rbp-0x28]
  403b69:	48 89 45 b8          	mov    QWORD PTR [rbp-0x48],rax
  403b6d:	48 8d 85 57 ff ff ff 	lea    rax,[rbp-0xa9]
  403b74:	48 89 c7             	mov    rdi,rax
  403b77:	e8 d4 09 00 00       	call   404550 <_ZNSaImEC1Ev>
  403b7c:	48 8d 95 57 ff ff ff 	lea    rdx,[rbp-0xa9]
  403b83:	48 8b 4d b8          	mov    rcx,QWORD PTR [rbp-0x48]
  403b87:	48 8d 85 80 eb ff ff 	lea    rax,[rbp-0x1480]
  403b8e:	48 89 ce             	mov    rsi,rcx
  403b91:	48 89 c7             	mov    rdi,rax
  403b94:	e8 ef 09 00 00       	call   404588 <_ZNSt6vectorImSaImEEC1EmRKS0_>
  403b99:	48 8d 85 57 ff ff ff 	lea    rax,[rbp-0xa9]
  403ba0:	48 89 c7             	mov    rdi,rax
  403ba3:	e8 c4 09 00 00       	call   40456c <_ZNSaImED1Ev>
  403ba8:	48 c7 45 d0 00 00 00 	mov    QWORD PTR [rbp-0x30],0x0
  403baf:	00 
  403bb0:	eb 22                	jmp    403bd4 <_Z11build_chainPmmmjRKNSt7__cxx1112basic_stringIcSt11char_traitsIcESaIcEEEm+0x29c>
  403bb2:	48 8b 55 d0          	mov    rdx,QWORD PTR [rbp-0x30]
  403bb6:	48 8d 85 80 eb ff ff 	lea    rax,[rbp-0x1480]
  403bbd:	48 89 d6             	mov    rsi,rdx
  403bc0:	48 89 c7             	mov    rdi,rax
  403bc3:	e8 7a 0a 00 00       	call   404642 <_ZNSt6vectorImSaImEEixEm>
  403bc8:	48 8b 55 d0          	mov    rdx,QWORD PTR [rbp-0x30]
  403bcc:	48 89 10             	mov    QWORD PTR [rax],rdx
  403bcf:	48 83 45 d0 01       	add    QWORD PTR [rbp-0x30],0x1
  403bd4:	48 8b 45 d0          	mov    rax,QWORD PTR [rbp-0x30]
  403bd8:	48 3b 45 b8          	cmp    rax,QWORD PTR [rbp-0x48]
  403bdc:	72 d4                	jb     403bb2 <_Z11build_chainPmmmjRKNSt7__cxx1112basic_stringIcSt11char_traitsIcESaIcEEEm+0x27a>
  403bde:	48 8b 85 58 eb ff ff 	mov    rax,QWORD PTR [rbp-0x14a8]
  403be5:	be 97 63 40 00       	mov    esi,0x406397
  403bea:	48 89 c7             	mov    rdi,rax
  403bed:	e8 33 09 00 00       	call   404525 <_ZSteqIcSt11char_traitsIcESaIcEEbRKNSt7__cxx1112basic_stringIT_T0_T1_EEPKS5_>
  403bf2:	84 c0                	test   al,al
  403bf4:	74 39                	je     403c2f <_Z11build_chainPmmmjRKNSt7__cxx1112basic_stringIcSt11char_traitsIcESaIcEEEm+0x2f7>
  403bf6:	48 8d 85 80 eb ff ff 	lea    rax,[rbp-0x1480]
  403bfd:	48 89 c7             	mov    rdi,rax
  403c00:	e8 a9 0a 00 00       	call   4046ae <_ZNSt6vectorImSaImEE3endEv>
  403c05:	48 89 c3             	mov    rbx,rax
  403c08:	48 8d 85 80 eb ff ff 	lea    rax,[rbp-0x1480]
  403c0f:	48 89 c7             	mov    rdi,rax
  403c12:	e8 71 0a 00 00       	call   404688 <_ZNSt6vectorImSaImEE5beginEv>
  403c17:	48 89 c1             	mov    rcx,rax
  403c1a:	48 8d 85 a0 eb ff ff 	lea    rax,[rbp-0x1460]
  403c21:	48 89 c2             	mov    rdx,rax
  403c24:	48 89 de             	mov    rsi,rbx
  403c27:	48 89 cf             	mov    rdi,rcx
  403c2a:	e8 a8 0a 00 00       	call   4046d7 <_ZSt7shuffleIN9__gnu_cxx17__normal_iteratorIPmSt6vectorImSaImEEEERSt23mersenne_twister_engineImLm32ELm624ELm397ELm31ELm2567483615ELm11ELm4294967295ELm7ELm2636928640ELm15ELm4022730752ELm18ELm1812433253EEEvT_SA_OT0_>
  403c2f:	48 c7 45 c8 00 00 00 	mov    QWORD PTR [rbp-0x38],0x0
  403c36:	00 
  403c37:	e9 15 01 00 00       	jmp    403d51 <_Z11build_chainPmmmjRKNSt7__cxx1112basic_stringIcSt11char_traitsIcESaIcEEEm+0x419>
  403c3c:	48 8b 55 c8          	mov    rdx,QWORD PTR [rbp-0x38]
  403c40:	48 8d 85 80 eb ff ff 	lea    rax,[rbp-0x1480]
  403c47:	48 89 d6             	mov    rsi,rdx
  403c4a:	48 89 c7             	mov    rdi,rax
  403c4d:	e8 f0 09 00 00       	call   404642 <_ZNSt6vectorImSaImEEixEm>
  403c52:	48 8b 00             	mov    rax,QWORD PTR [rax]
  403c55:	48 89 45 b0          	mov    QWORD PTR [rbp-0x50],rax
  403c59:	48 8b 45 b0          	mov    rax,QWORD PTR [rbp-0x50]
  403c5d:	48 0f af 45 d8       	imul   rax,QWORD PTR [rbp-0x28]
  403c62:	48 89 45 a8          	mov    QWORD PTR [rbp-0x58],rax
  403c66:	48 8b 55 a8          	mov    rdx,QWORD PTR [rbp-0x58]
  403c6a:	48 8b 45 d8          	mov    rax,QWORD PTR [rbp-0x28]
  403c6e:	48 01 d0             	add    rax,rdx
  403c71:	48 89 85 58 ff ff ff 	mov    QWORD PTR [rbp-0xa8],rax
  403c78:	48 8d 95 70 eb ff ff 	lea    rdx,[rbp-0x1490]
  403c7f:	48 8d 85 58 ff ff ff 	lea    rax,[rbp-0xa8]
  403c86:	48 89 d6             	mov    rsi,rdx
  403c89:	48 89 c7             	mov    rdi,rax
  403c8c:	e8 00 0d 00 00       	call   404991 <_ZSt3minImERKT_S2_S2_>
  403c91:	48 8b 00             	mov    rax,QWORD PTR [rax]
  403c94:	48 89 45 a0          	mov    QWORD PTR [rbp-0x60],rax
  403c98:	48 8b 45 a8          	mov    rax,QWORD PTR [rbp-0x58]
  403c9c:	48 89 45 c0          	mov    QWORD PTR [rbp-0x40],rax
  403ca0:	e9 99 00 00 00       	jmp    403d3e <_Z11build_chainPmmmjRKNSt7__cxx1112basic_stringIcSt11char_traitsIcESaIcEEEm+0x406>
  403ca5:	48 8b 45 c0          	mov    rax,QWORD PTR [rbp-0x40]
  403ca9:	48 89 45 98          	mov    QWORD PTR [rbp-0x68],rax
  403cad:	48 8b 45 c0          	mov    rax,QWORD PTR [rbp-0x40]
  403cb1:	48 83 c0 01          	add    rax,0x1
  403cb5:	48 39 45 a0          	cmp    QWORD PTR [rbp-0x60],rax
  403cb9:	76 0a                	jbe    403cc5 <_Z11build_chainPmmmjRKNSt7__cxx1112basic_stringIcSt11char_traitsIcESaIcEEEm+0x38d>
  403cbb:	48 8b 45 c0          	mov    rax,QWORD PTR [rbp-0x40]
  403cbf:	48 83 c0 01          	add    rax,0x1
  403cc3:	eb 2b                	jmp    403cf0 <_Z11build_chainPmmmjRKNSt7__cxx1112basic_stringIcSt11char_traitsIcESaIcEEEm+0x3b8>
  403cc5:	48 8b 45 c8          	mov    rax,QWORD PTR [rbp-0x38]
  403cc9:	48 83 c0 01          	add    rax,0x1
  403ccd:	ba 00 00 00 00       	mov    edx,0x0
  403cd2:	48 f7 75 b8          	div    QWORD PTR [rbp-0x48]
  403cd6:	48 8d 85 80 eb ff ff 	lea    rax,[rbp-0x1480]
  403cdd:	48 89 d6             	mov    rsi,rdx
  403ce0:	48 89 c7             	mov    rdi,rax
  403ce3:	e8 5a 09 00 00       	call   404642 <_ZNSt6vectorImSaImEEixEm>
  403ce8:	48 8b 00             	mov    rax,QWORD PTR [rax]
  403ceb:	48 0f af 45 d8       	imul   rax,QWORD PTR [rbp-0x28]
  403cf0:	48 89 45 90          	mov    QWORD PTR [rbp-0x70],rax
  403cf4:	48 8b 45 98          	mov    rax,QWORD PTR [rbp-0x68]
  403cf8:	48 0f af 85 68 eb ff 	imul   rax,QWORD PTR [rbp-0x1498]
  403cff:	ff 
  403d00:	48 89 c2             	mov    rdx,rax
  403d03:	48 8b 85 78 eb ff ff 	mov    rax,QWORD PTR [rbp-0x1488]
  403d0a:	48 01 d0             	add    rax,rdx
  403d0d:	48 89 45 88          	mov    QWORD PTR [rbp-0x78],rax
  403d11:	48 8b 45 90          	mov    rax,QWORD PTR [rbp-0x70]
  403d15:	48 0f af 85 68 eb ff 	imul   rax,QWORD PTR [rbp-0x1498]
  403d1c:	ff 
  403d1d:	48 89 c2             	mov    rdx,rax
  403d20:	48 8b 85 78 eb ff ff 	mov    rax,QWORD PTR [rbp-0x1488]
  403d27:	48 01 d0             	add    rax,rdx
  403d2a:	48 89 45 80          	mov    QWORD PTR [rbp-0x80],rax
  403d2e:	48 8b 55 80          	mov    rdx,QWORD PTR [rbp-0x80]
  403d32:	48 8b 45 88          	mov    rax,QWORD PTR [rbp-0x78]
  403d36:	48 89 10             	mov    QWORD PTR [rax],rdx
  403d39:	48 83 45 c0 01       	add    QWORD PTR [rbp-0x40],0x1
  403d3e:	48 8b 45 c0          	mov    rax,QWORD PTR [rbp-0x40]
  403d42:	48 3b 45 a0          	cmp    rax,QWORD PTR [rbp-0x60]
  403d46:	0f 82 59 ff ff ff    	jb     403ca5 <_Z11build_chainPmmmjRKNSt7__cxx1112basic_stringIcSt11char_traitsIcESaIcEEEm+0x36d>
  403d4c:	48 83 45 c8 01       	add    QWORD PTR [rbp-0x38],0x1
  403d51:	48 8b 45 c8          	mov    rax,QWORD PTR [rbp-0x38]
  403d55:	48 3b 45 b8          	cmp    rax,QWORD PTR [rbp-0x48]
  403d59:	0f 82 dd fe ff ff    	jb     403c3c <_Z11build_chainPmmmjRKNSt7__cxx1112basic_stringIcSt11char_traitsIcESaIcEEEm+0x304>
  403d5f:	48 8d 85 80 eb ff ff 	lea    rax,[rbp-0x1480]
  403d66:	48 89 c7             	mov    rdi,rax
  403d69:	e8 90 08 00 00       	call   4045fe <_ZNSt6vectorImSaImEED1Ev>
  403d6e:	bb 01 00 00 00       	mov    ebx,0x1
  403d73:	48 8d 85 30 ff ff ff 	lea    rax,[rbp-0xd0]
  403d7a:	48 89 c7             	mov    rdi,rax
  403d7d:	e8 7c 08 00 00       	call   4045fe <_ZNSt6vectorImSaImEED1Ev>
  403d82:	83 fb 01             	cmp    ebx,0x1
  403d85:	eb 62                	jmp    403de9 <_Z11build_chainPmmmjRKNSt7__cxx1112basic_stringIcSt11char_traitsIcESaIcEEEm+0x4b1>
  403d87:	48 89 c3             	mov    rbx,rax
  403d8a:	48 8d 85 56 ff ff ff 	lea    rax,[rbp-0xaa]
  403d91:	48 89 c7             	mov    rdi,rax
  403d94:	e8 d3 07 00 00       	call   40456c <_ZNSaImED1Ev>
  403d99:	48 89 d8             	mov    rax,rbx
  403d9c:	48 89 c7             	mov    rdi,rax
  403d9f:	e8 fc e4 ff ff       	call   4022a0 <_Unwind_Resume@plt>
  403da4:	48 89 c3             	mov    rbx,rax
  403da7:	48 8d 85 57 ff ff ff 	lea    rax,[rbp-0xa9]
  403dae:	48 89 c7             	mov    rdi,rax
  403db1:	e8 b6 07 00 00       	call   40456c <_ZNSaImED1Ev>
  403db6:	eb 17                	jmp    403dcf <_Z11build_chainPmmmjRKNSt7__cxx1112basic_stringIcSt11char_traitsIcESaIcEEEm+0x497>
  403db8:	48 89 c3             	mov    rbx,rax
  403dbb:	48 8d 85 80 eb ff ff 	lea    rax,[rbp-0x1480]
  403dc2:	48 89 c7             	mov    rdi,rax
  403dc5:	e8 34 08 00 00       	call   4045fe <_ZNSt6vectorImSaImEED1Ev>
  403dca:	eb 03                	jmp    403dcf <_Z11build_chainPmmmjRKNSt7__cxx1112basic_stringIcSt11char_traitsIcESaIcEEEm+0x497>
  403dcc:	48 89 c3             	mov    rbx,rax
  403dcf:	48 8d 85 30 ff ff ff 	lea    rax,[rbp-0xd0]
  403dd6:	48 89 c7             	mov    rdi,rax
  403dd9:	e8 20 08 00 00       	call   4045fe <_ZNSt6vectorImSaImEED1Ev>
  403dde:	48 89 d8             	mov    rax,rbx
  403de1:	48 89 c7             	mov    rdi,rax
  403de4:	e8 b7 e4 ff ff       	call   4022a0 <_Unwind_Resume@plt>
  403de9:	48 8b 5d f8          	mov    rbx,QWORD PTR [rbp-0x8]
  403ded:	c9                   	leave  
  403dee:	c3                   	ret    

0000000000403def <main>:
  403def:	55                   	push   rbp
  403df0:	48 89 e5             	mov    rbp,rsp
  403df3:	41 54                	push   r12
  403df5:	53                   	push   rbx
  403df6:	48 81 ec b0 02 00 00 	sub    rsp,0x2b0
  403dfd:	89 bd 4c fd ff ff    	mov    DWORD PTR [rbp-0x2b4],edi
  403e03:	48 89 b5 40 fd ff ff 	mov    QWORD PTR [rbp-0x2c0],rsi
  403e0a:	48 8d 95 90 fe ff ff 	lea    rdx,[rbp-0x170]
  403e11:	b8 00 00 00 00       	mov    eax,0x0
  403e16:	b9 1c 00 00 00       	mov    ecx,0x1c
  403e1b:	48 89 d7             	mov    rdi,rdx
  403e1e:	f3 48 ab             	rep stos QWORD PTR es:[rdi],rax
  403e21:	48 8d 85 90 fe ff ff 	lea    rax,[rbp-0x170]
  403e28:	48 89 c7             	mov    rdi,rax
  403e2b:	e8 e0 e3 ff ff       	call   402210 <_ZNSt7__cxx1112basic_stringIcSt11char_traitsIcESaIcEEC1Ev@plt>
  403e30:	48 8d 85 90 fe ff ff 	lea    rax,[rbp-0x170]
  403e37:	48 83 c0 20          	add    rax,0x20
  403e3b:	48 89 c7             	mov    rdi,rax
  403e3e:	e8 cd e3 ff ff       	call   402210 <_ZNSt7__cxx1112basic_stringIcSt11char_traitsIcESaIcEEC1Ev@plt>
  403e43:	48 8d 85 90 fe ff ff 	lea    rax,[rbp-0x170]
  403e4a:	48 83 c0 40          	add    rax,0x40
  403e4e:	48 89 c7             	mov    rdi,rax
  403e51:	e8 ba e3 ff ff       	call   402210 <_ZNSt7__cxx1112basic_stringIcSt11char_traitsIcESaIcEEC1Ev@plt>
  403e56:	48 8d 85 90 fe ff ff 	lea    rax,[rbp-0x170]
  403e5d:	48 05 98 00 00 00    	add    rax,0x98
  403e63:	48 89 c7             	mov    rdi,rax
  403e66:	e8 a5 e3 ff ff       	call   402210 <_ZNSt7__cxx1112basic_stringIcSt11char_traitsIcESaIcEEC1Ev@plt>
  403e6b:	48 8d 85 90 fe ff ff 	lea    rax,[rbp-0x170]
  403e72:	48 05 b8 00 00 00    	add    rax,0xb8
  403e78:	48 89 c7             	mov    rdi,rax
  403e7b:	e8 90 e3 ff ff       	call   402210 <_ZNSt7__cxx1112basic_stringIcSt11char_traitsIcESaIcEEC1Ev@plt>
  403e80:	48 8d 95 90 fe ff ff 	lea    rdx,[rbp-0x170]
  403e87:	48 8b 8d 40 fd ff ff 	mov    rcx,QWORD PTR [rbp-0x2c0]
  403e8e:	8b 85 4c fd ff ff    	mov    eax,DWORD PTR [rbp-0x2b4]
  403e94:	48 89 ce             	mov    rsi,rcx
  403e97:	89 c7                	mov    edi,eax
  403e99:	e8 85 ee ff ff       	call   402d23 <_Z10parse_argsiPPcR6Config>
  403e9e:	83 f0 01             	xor    eax,0x1
  403ea1:	84 c0                	test   al,al
  403ea3:	74 0a                	je     403eaf <main+0xc0>
  403ea5:	bb 01 00 00 00       	mov    ebx,0x1
  403eaa:	e9 b8 03 00 00       	jmp    404267 <main+0x478>
  403eaf:	48 8d 85 90 fe ff ff 	lea    rax,[rbp-0x170]
  403eb6:	48 89 c7             	mov    rdi,rax
  403eb9:	e8 d2 e3 ff ff       	call   402290 <_ZNKSt7__cxx1112basic_stringIcSt11char_traitsIcESaIcEE5emptyEv@plt>
  403ebe:	84 c0                	test   al,al
  403ec0:	75 17                	jne    403ed9 <main+0xea>
  403ec2:	48 8d 85 90 fe ff ff 	lea    rax,[rbp-0x170]
  403ec9:	48 83 c0 20          	add    rax,0x20
  403ecd:	48 89 c7             	mov    rdi,rax
  403ed0:	e8 bb e3 ff ff       	call   402290 <_ZNKSt7__cxx1112basic_stringIcSt11char_traitsIcESaIcEE5emptyEv@plt>
  403ed5:	84 c0                	test   al,al
  403ed7:	74 07                	je     403ee0 <main+0xf1>
  403ed9:	b8 01 00 00 00       	mov    eax,0x1
  403ede:	eb 05                	jmp    403ee5 <main+0xf6>
  403ee0:	b8 00 00 00 00       	mov    eax,0x0
  403ee5:	84 c0                	test   al,al
  403ee7:	74 19                	je     403f02 <main+0x113>
  403ee9:	be 68 64 40 00       	mov    esi,0x406468
  403eee:	bf a0 91 40 00       	mov    edi,0x4091a0
  403ef3:	e8 58 e2 ff ff       	call   402150 <_ZStlsISt11char_traitsIcEERSt13basic_ostreamIcT_ES5_PKc@plt>
  403ef8:	bb 01 00 00 00       	mov    ebx,0x1
  403efd:	e9 65 03 00 00       	jmp    404267 <main+0x478>
  403f02:	48 8d 85 90 fe ff ff 	lea    rax,[rbp-0x170]
  403f09:	48 89 c7             	mov    rdi,rax
  403f0c:	e8 6f e1 ff ff       	call   402080 <_ZNKSt7__cxx1112basic_stringIcSt11char_traitsIcESaIcEE5c_strEv@plt>
  403f11:	48 89 c7             	mov    rdi,rax
  403f14:	e8 30 e5 ff ff       	call   402449 <_ZL8pmu_openPKc>
  403f19:	48 c7 45 c0 40 00 00 	mov    QWORD PTR [rbp-0x40],0x40
  403f20:	00 
  403f21:	48 c7 85 88 fe ff ff 	mov    QWORD PTR [rbp-0x178],0x0
  403f28:	00 00 00 00 
  403f2c:	48 8b 95 00 ff ff ff 	mov    rdx,QWORD PTR [rbp-0x100]
  403f33:	48 8b 85 f8 fe ff ff 	mov    rax,QWORD PTR [rbp-0x108]
  403f3a:	48 01 d0             	add    rax,rdx
  403f3d:	48 8d 50 40          	lea    rdx,[rax+0x40]
  403f41:	48 8d 85 88 fe ff ff 	lea    rax,[rbp-0x178]
  403f48:	be 40 00 00 00       	mov    esi,0x40
  403f4d:	48 89 c7             	mov    rdi,rax
  403f50:	e8 4b e1 ff ff       	call   4020a0 <posix_memalign@plt>
  403f55:	85 c0                	test   eax,eax
  403f57:	0f 95 c0             	setne  al
  403f5a:	84 c0                	test   al,al
  403f5c:	74 0b                	je     403f69 <main+0x17a>
  403f5e:	48 c7 85 88 fe ff ff 	mov    QWORD PTR [rbp-0x178],0x0
  403f65:	00 00 00 00 
  403f69:	48 8b 85 88 fe ff ff 	mov    rax,QWORD PTR [rbp-0x178]
  403f70:	48 85 c0             	test   rax,rax
  403f73:	75 19                	jne    403f8e <main+0x19f>
  403f75:	be 93 64 40 00       	mov    esi,0x406493
  403f7a:	bf a0 91 40 00       	mov    edi,0x4091a0
  403f7f:	e8 cc e1 ff ff       	call   402150 <_ZStlsISt11char_traitsIcEERSt13basic_ostreamIcT_ES5_PKc@plt>
  403f84:	bb 01 00 00 00       	mov    ebx,0x1
  403f89:	e9 d9 02 00 00       	jmp    404267 <main+0x478>
  403f8e:	48 8b 95 88 fe ff ff 	mov    rdx,QWORD PTR [rbp-0x178]
  403f95:	48 8b 85 f8 fe ff ff 	mov    rax,QWORD PTR [rbp-0x108]
  403f9c:	48 01 d0             	add    rax,rdx
  403f9f:	48 89 45 b8          	mov    QWORD PTR [rbp-0x48],rax
  403fa3:	48 8b 85 00 ff ff ff 	mov    rax,QWORD PTR [rbp-0x100]
  403faa:	48 8b 8d f0 fe ff ff 	mov    rcx,QWORD PTR [rbp-0x110]
  403fb1:	ba 00 00 00 00       	mov    edx,0x0
  403fb6:	48 f7 f1             	div    rcx
  403fb9:	48 89 45 b0          	mov    QWORD PTR [rbp-0x50],rax
  403fbd:	48 83 7d b0 01       	cmp    QWORD PTR [rbp-0x50],0x1
  403fc2:	77 19                	ja     403fdd <main+0x1ee>
  403fc4:	be a6 64 40 00       	mov    esi,0x4064a6
  403fc9:	bf a0 91 40 00       	mov    edi,0x4091a0
  403fce:	e8 7d e1 ff ff       	call   402150 <_ZStlsISt11char_traitsIcEERSt13basic_ostreamIcT_ES5_PKc@plt>
  403fd3:	bb 01 00 00 00       	mov    ebx,0x1
  403fd8:	e9 8a 02 00 00       	jmp    404267 <main+0x478>
  403fdd:	48 8b bd 68 ff ff ff 	mov    rdi,QWORD PTR [rbp-0x98]
  403fe4:	8b 8d 20 ff ff ff    	mov    ecx,DWORD PTR [rbp-0xe0]
  403fea:	48 8b 95 f0 fe ff ff 	mov    rdx,QWORD PTR [rbp-0x110]
  403ff1:	48 8d 85 90 fe ff ff 	lea    rax,[rbp-0x170]
  403ff8:	4c 8d 80 98 00 00 00 	lea    r8,[rax+0x98]
  403fff:	48 8b 75 b0          	mov    rsi,QWORD PTR [rbp-0x50]
  404003:	48 8b 45 b8          	mov    rax,QWORD PTR [rbp-0x48]
  404007:	49 89 f9             	mov    r9,rdi
  40400a:	48 89 c7             	mov    rdi,rax
  40400d:	e8 26 f9 ff ff       	call   403938 <_Z11build_chainPmmmjRKNSt7__cxx1112basic_stringIcSt11char_traitsIcESaIcEEEm>
  404012:	48 8b 45 b8          	mov    rax,QWORD PTR [rbp-0x48]
  404016:	48 89 45 e8          	mov    QWORD PTR [rbp-0x18],rax
  40401a:	48 8d 85 7f ff ff ff 	lea    rax,[rbp-0x81]
  404021:	48 89 c7             	mov    rdi,rax
  404024:	e8 27 05 00 00       	call   404550 <_ZNSaImEC1Ev>
  404029:	48 c7 45 80 00 00 00 	mov    QWORD PTR [rbp-0x80],0x0
  404030:	00 
  404031:	48 8b b5 10 ff ff ff 	mov    rsi,QWORD PTR [rbp-0xf0]
  404038:	48 8d 8d 7f ff ff ff 	lea    rcx,[rbp-0x81]
  40403f:	48 8d 55 80          	lea    rdx,[rbp-0x80]
  404043:	48 8d 85 70 fe ff ff 	lea    rax,[rbp-0x190]
  40404a:	48 89 c7             	mov    rdi,rax
  40404d:	e8 6a 09 00 00       	call   4049bc <_ZNSt6vectorImSaImEEC1EmRKmRKS0_>
  404052:	48 8d 85 7f ff ff ff 	lea    rax,[rbp-0x81]
  404059:	48 89 c7             	mov    rdi,rax
  40405c:	e8 0b 05 00 00       	call   40456c <_ZNSaImED1Ev>
  404061:	48 c7 45 e0 00 00 00 	mov    QWORD PTR [rbp-0x20],0x0
  404068:	00 
  404069:	eb 2c                	jmp    404097 <main+0x2a8>
  40406b:	48 c7 45 d8 00 00 00 	mov    QWORD PTR [rbp-0x28],0x0
  404072:	00 
  404073:	eb 10                	jmp    404085 <main+0x296>
  404075:	48 8b 45 e8          	mov    rax,QWORD PTR [rbp-0x18]
  404079:	48 8b 00             	mov    rax,QWORD PTR [rax]
  40407c:	48 89 45 e8          	mov    QWORD PTR [rbp-0x18],rax
  404080:	48 83 45 d8 01       	add    QWORD PTR [rbp-0x28],0x1
  404085:	48 8b 85 08 ff ff ff 	mov    rax,QWORD PTR [rbp-0xf8]
  40408c:	48 39 45 d8          	cmp    QWORD PTR [rbp-0x28],rax
  404090:	72 e3                	jb     404075 <main+0x286>
  404092:	48 83 45 e0 01       	add    QWORD PTR [rbp-0x20],0x1
  404097:	48 8b 85 18 ff ff ff 	mov    rax,QWORD PTR [rbp-0xe8]
  40409e:	48 39 45 e0          	cmp    QWORD PTR [rbp-0x20],rax
  4040a2:	72 c7                	jb     40406b <main+0x27c>
  4040a4:	48 8b 45 e8          	mov    rax,QWORD PTR [rbp-0x18]
  4040a8:	48 89 45 a8          	mov    QWORD PTR [rbp-0x58],rax
  4040ac:	48 8b 45 b8          	mov    rax,QWORD PTR [rbp-0x48]
  4040b0:	48 89 45 e8          	mov    QWORD PTR [rbp-0x18],rax
  4040b4:	48 8b 45 b8          	mov    rax,QWORD PTR [rbp-0x48]
  4040b8:	be b5 64 40 00       	mov    esi,0x4064b5
  4040bd:	48 89 c7             	mov    rdi,rax
  4040c0:	e8 d7 e9 ff ff       	call   402a9c <_ZL11log_mappingPKvPKc>
  4040c5:	48 8d 95 e0 fd ff ff 	lea    rdx,[rbp-0x220]
  4040cc:	b8 00 00 00 00       	mov    eax,0x0
  4040d1:	b9 12 00 00 00       	mov    ecx,0x12
  4040d6:	48 89 d7             	mov    rdi,rdx
  4040d9:	f3 48 ab             	rep stos QWORD PTR es:[rdi],rax
  4040dc:	48 8d 95 50 fd ff ff 	lea    rdx,[rbp-0x2b0]
  4040e3:	b8 00 00 00 00       	mov    eax,0x0
  4040e8:	b9 12 00 00 00       	mov    ecx,0x12
  4040ed:	48 89 d7             	mov    rdi,rdx
  4040f0:	f3 48 ab             	rep stos QWORD PTR es:[rdi],rax
  4040f3:	48 8d 85 e0 fd ff ff 	lea    rax,[rbp-0x220]
  4040fa:	48 89 c6             	mov    rsi,rax
  4040fd:	bf 00 00 00 00       	mov    edi,0x0
  404102:	e8 b9 df ff ff       	call   4020c0 <getrusage@plt>
  404107:	e8 70 e5 ff ff       	call   40267c <_ZL9pmu_startv>
  40410c:	48 c7 45 d0 00 00 00 	mov    QWORD PTR [rbp-0x30],0x0
  404113:	00 
  404114:	eb 67                	jmp    40417d <main+0x38e>
  404116:	e8 f2 eb ff ff       	call   402d0d <_ZL9tsc_startv>
  40411b:	48 89 45 98          	mov    QWORD PTR [rbp-0x68],rax
  40411f:	48 c7 45 c8 00 00 00 	mov    QWORD PTR [rbp-0x38],0x0
  404126:	00 
  404127:	eb 10                	jmp    404139 <main+0x34a>
  404129:	48 8b 45 e8          	mov    rax,QWORD PTR [rbp-0x18]
  40412d:	48 8b 00             	mov    rax,QWORD PTR [rax]
  404130:	48 89 45 e8          	mov    QWORD PTR [rbp-0x18],rax
  404134:	48 83 45 c8 01       	add    QWORD PTR [rbp-0x38],0x1
  404139:	48 8b 85 08 ff ff ff 	mov    rax,QWORD PTR [rbp-0xf8]
  404140:	48 39 45 c8          	cmp    QWORD PTR [rbp-0x38],rax
  404144:	72 e3                	jb     404129 <main+0x33a>
  404146:	e8 cd eb ff ff       	call   402d18 <_ZL8tsc_stopv>
  40414b:	48 89 45 90          	mov    QWORD PTR [rbp-0x70],rax
  40414f:	48 8b 45 90          	mov    rax,QWORD PTR [rbp-0x70]
  404153:	48 2b 45 98          	sub    rax,QWORD PTR [rbp-0x68]
  404157:	48 89 45 88          	mov    QWORD PTR [rbp-0x78],rax
  40415b:	48 8b 55 d0          	mov    rdx,QWORD PTR [rbp-0x30]
  40415f:	48 8d 85 70 fe ff ff 	lea    rax,[rbp-0x190]
  404166:	48 89 d6             	mov    rsi,rdx
  404169:	48 89 c7             	mov    rdi,rax
  40416c:	e8 d1 04 00 00       	call   404642 <_ZNSt6vectorImSaImEEixEm>
  404171:	48 8b 55 88          	mov    rdx,QWORD PTR [rbp-0x78]
  404175:	48 89 10             	mov    QWORD PTR [rax],rdx
  404178:	48 83 45 d0 01       	add    QWORD PTR [rbp-0x30],0x1
  40417d:	48 8b 85 10 ff ff ff 	mov    rax,QWORD PTR [rbp-0xf0]
  404184:	48 39 45 d0          	cmp    QWORD PTR [rbp-0x30],rax
  404188:	72 8c                	jb     404116 <main+0x327>
  40418a:	e8 52 e5 ff ff       	call   4026e1 <_ZL8pmu_stopv>
  40418f:	48 8d 85 50 fd ff ff 	lea    rax,[rbp-0x2b0]
  404196:	48 89 c6             	mov    rsi,rax
  404199:	bf 00 00 00 00       	mov    edi,0x0
  40419e:	e8 1d df ff ff       	call   4020c0 <getrusage@plt>
  4041a3:	48 8d 95 50 fd ff ff 	lea    rdx,[rbp-0x2b0]
  4041aa:	48 8d 85 e0 fd ff ff 	lea    rax,[rbp-0x220]
  4041b1:	48 89 d6             	mov    rsi,rdx
  4041b4:	48 89 c7             	mov    rdi,rax
  4041b7:	e8 24 e8 ff ff       	call   4029e0 <_ZL9log_usageRK6rusageS1_>
  4041bc:	48 8b 45 b8          	mov    rax,QWORD PTR [rbp-0x48]
  4041c0:	be bc 64 40 00       	mov    esi,0x4064bc
  4041c5:	48 89 c7             	mov    rdi,rax
  4041c8:	e8 cf e8 ff ff       	call   402a9c <_ZL11log_mappingPKvPKc>
  4041cd:	48 8b 95 10 ff ff ff 	mov    rdx,QWORD PTR [rbp-0xf0]
  4041d4:	48 8b 85 08 ff ff ff 	mov    rax,QWORD PTR [rbp-0xf8]
  4041db:	48 89 d3             	mov    rbx,rdx
  4041de:	48 0f af d8          	imul   rbx,rax
  4041e2:	48 8d 85 90 fe ff ff 	lea    rax,[rbp-0x170]
  4041e9:	48 83 c0 20          	add    rax,0x20
  4041ed:	48 89 c7             	mov    rdi,rax
  4041f0:	e8 8b de ff ff       	call   402080 <_ZNKSt7__cxx1112basic_stringIcSt11char_traitsIcESaIcEE5c_strEv@plt>
  4041f5:	48 89 de             	mov    rsi,rbx
  4041f8:	48 89 c7             	mov    rdi,rax
  4041fb:	e8 ad e5 ff ff       	call   4027ad <_ZL8pmu_savePKcm>
  404200:	48 8b 9d 10 ff ff ff 	mov    rbx,QWORD PTR [rbp-0xf0]
  404207:	48 8d 85 70 fe ff ff 	lea    rax,[rbp-0x190]
  40420e:	48 89 c7             	mov    rdi,rax
  404211:	e8 24 08 00 00       	call   404a3a <_ZNSt6vectorImSaImEE4dataEv>
  404216:	49 89 c4             	mov    r12,rax
  404219:	48 8d 85 90 fe ff ff 	lea    rax,[rbp-0x170]
  404220:	48 05 b8 00 00 00    	add    rax,0xb8
  404226:	48 89 c7             	mov    rdi,rax
  404229:	e8 52 de ff ff       	call   402080 <_ZNKSt7__cxx1112basic_stringIcSt11char_traitsIcESaIcEE5c_strEv@plt>
  40422e:	48 89 da             	mov    rdx,rbx
  404231:	4c 89 e6             	mov    rsi,r12
  404234:	48 89 c7             	mov    rdi,rax
  404237:	e8 19 e7 ff ff       	call   402955 <_ZL10save_ticksPKcPKmm>
  40423c:	48 8b 45 e8          	mov    rax,QWORD PTR [rbp-0x18]
  404240:	48 89 45 a0          	mov    QWORD PTR [rbp-0x60],rax
  404244:	48 8b 85 88 fe ff ff 	mov    rax,QWORD PTR [rbp-0x178]
  40424b:	48 89 c7             	mov    rdi,rax
  40424e:	e8 5d df ff ff       	call   4021b0 <free@plt>
  404253:	bb 00 00 00 00       	mov    ebx,0x0
  404258:	48 8d 85 70 fe ff ff 	lea    rax,[rbp-0x190]
  40425f:	48 89 c7             	mov    rdi,rax
  404262:	e8 97 03 00 00       	call   4045fe <_ZNSt6vectorImSaImEED1Ev>
  404267:	48 8d 85 90 fe ff ff 	lea    rax,[rbp-0x170]
  40426e:	48 89 c7             	mov    rdi,rax
  404271:	e8 08 01 00 00       	call   40437e <_ZN6ConfigD1Ev>
  404276:	89 d8                	mov    eax,ebx
  404278:	eb 45                	jmp    4042bf <main+0x4d0>
  40427a:	48 89 c3             	mov    rbx,rax
  40427d:	48 8d 85 7f ff ff ff 	lea    rax,[rbp-0x81]
  404284:	48 89 c7             	mov    rdi,rax
  404287:	e8 e0 02 00 00       	call   40456c <_ZNSaImED1Ev>
  40428c:	eb 17                	jmp    4042a5 <main+0x4b6>
  40428e:	48 89 c3             	mov    rbx,rax
  404291:	48 8d 85 70 fe ff ff 	lea    rax,[rbp-0x190]
  404298:	48 89 c7             	mov    rdi,rax
  40429b:	e8 5e 03 00 00       	call   4045fe <_ZNSt6vectorImSaImEED1Ev>
  4042a0:	eb 03                	jmp    4042a5 <main+0x4b6>
  4042a2:	48 89 c3             	mov    rbx,rax
  4042a5:	48 8d 85 90 fe ff ff 	lea    rax,[rbp-0x170]
  4042ac:	48 89 c7             	mov    rdi,rax
  4042af:	e8 ca 00 00 00       	call   40437e <_ZN6ConfigD1Ev>
  4042b4:	48 89 d8             	mov    rax,rbx
  4042b7:	48 89 c7             	mov    rdi,rax
  4042ba:	e8 e1 df ff ff       	call   4022a0 <_Unwind_Resume@plt>
  4042bf:	48 81 c4 b0 02 00 00 	add    rsp,0x2b0
  4042c6:	5b                   	pop    rbx
  4042c7:	41 5c                	pop    r12
  4042c9:	5d                   	pop    rbp
  4042ca:	c3                   	ret    

00000000004042cb <_Z41__static_initialization_and_destruction_0ii>:
  4042cb:	55                   	push   rbp
  4042cc:	48 89 e5             	mov    rbp,rsp
  4042cf:	48 83 ec 10          	sub    rsp,0x10
  4042d3:	89 7d fc             	mov    DWORD PTR [rbp-0x4],edi
  4042d6:	89 75 f8             	mov    DWORD PTR [rbp-0x8],esi
  4042d9:	83 7d fc 01          	cmp    DWORD PTR [rbp-0x4],0x1
  4042dd:	75 27                	jne    404306 <_Z41__static_initialization_and_destruction_0ii+0x3b>
  4042df:	81 7d f8 ff ff 00 00 	cmp    DWORD PTR [rbp-0x8],0xffff
  4042e6:	75 1e                	jne    404306 <_Z41__static_initialization_and_destruction_0ii+0x3b>
  4042e8:	bf c0 92 40 00       	mov    edi,0x4092c0
  4042ed:	e8 6e df ff ff       	call   402260 <_ZNSt8ios_base4InitC1Ev@plt>
  4042f2:	ba 08 60 40 00       	mov    edx,0x406008
  4042f7:	be c0 92 40 00       	mov    esi,0x4092c0
  4042fc:	bf e0 22 40 00       	mov    edi,0x4022e0
  404301:	e8 0a de ff ff       	call   402110 <__cxa_atexit@plt>
  404306:	90                   	nop
  404307:	c9                   	leave  
  404308:	c3                   	ret    

0000000000404309 <_GLOBAL__sub_I__Z10parse_argsiPPcR6Config>:
  404309:	55                   	push   rbp
  40430a:	48 89 e5             	mov    rbp,rsp
  40430d:	be ff ff 00 00       	mov    esi,0xffff
  404312:	bf 01 00 00 00       	mov    edi,0x1
  404317:	e8 af ff ff ff       	call   4042cb <_Z41__static_initialization_and_destruction_0ii>
  40431c:	5d                   	pop    rbp
  40431d:	c3                   	ret    

000000000040431e <_ZnwmPv>:
  40431e:	55                   	push   rbp
  40431f:	48 89 e5             	mov    rbp,rsp
  404322:	48 89 7d f8          	mov    QWORD PTR [rbp-0x8],rdi
  404326:	48 89 75 f0          	mov    QWORD PTR [rbp-0x10],rsi
  40432a:	48 8b 45 f0          	mov    rax,QWORD PTR [rbp-0x10]
  40432e:	5d                   	pop    rbp
  40432f:	c3                   	ret    

0000000000404330 <_ZSt17__size_to_integerm>:
  404330:	55                   	push   rbp
  404331:	48 89 e5             	mov    rbp,rsp
  404334:	48 89 7d f8          	mov    QWORD PTR [rbp-0x8],rdi
  404338:	48 8b 45 f8          	mov    rax,QWORD PTR [rbp-0x8]
  40433c:	5d                   	pop    rbp
  40433d:	c3                   	ret    

000000000040433e <_ZNSt7__cxx115stoulERKNS_12basic_stringIcSt11char_traitsIcESaIcEEEPmi>:
  40433e:	55                   	push   rbp
  40433f:	48 89 e5             	mov    rbp,rsp
  404342:	48 83 ec 20          	sub    rsp,0x20
  404346:	48 89 7d f8          	mov    QWORD PTR [rbp-0x8],rdi
  40434a:	48 89 75 f0          	mov    QWORD PTR [rbp-0x10],rsi
  40434e:	89 55 ec             	mov    DWORD PTR [rbp-0x14],edx
  404351:	48 8b 45 f8          	mov    rax,QWORD PTR [rbp-0x8]
  404355:	48 89 c7             	mov    rdi,rax
  404358:	e8 23 dd ff ff       	call   402080 <_ZNKSt7__cxx1112basic_stringIcSt11char_traitsIcESaIcEE5c_strEv@plt>
  40435d:	48 89 c2             	mov    rdx,rax
  404360:	8b 4d ec             	mov    ecx,DWORD PTR [rbp-0x14]
  404363:	48 8b 45 f0          	mov    rax,QWORD PTR [rbp-0x10]
  404367:	41 89 c8             	mov    r8d,ecx
  40436a:	48 89 c1             	mov    rcx,rax
  40436d:	be 11 60 40 00       	mov    esi,0x406011
  404372:	bf 60 20 40 00       	mov    edi,0x402060
  404377:	e8 c0 00 00 00       	call   40443c <_ZN9__gnu_cxx6__stoaImmcJiEEET0_PFT_PKT1_PPS3_DpT2_EPKcS5_PmS9_>
  40437c:	c9                   	leave  
  40437d:	c3                   	ret    

000000000040437e <_ZN6ConfigD1Ev>:
  40437e:	55                   	push   rbp
  40437f:	48 89 e5             	mov    rbp,rsp
  404382:	48 83 ec 10          	sub    rsp,0x10
  404386:	48 89 7d f8          	mov    QWORD PTR [rbp-0x8],rdi
  40438a:	48 8b 45 f8          	mov    rax,QWORD PTR [rbp-0x8]
  40438e:	48 05 b8 00 00 00    	add    rax,0xb8
  404394:	48 89 c7             	mov    rdi,rax
  404397:	e8 44 dd ff ff       	call   4020e0 <_ZNSt7__cxx1112basic_stringIcSt11char_traitsIcESaIcEED1Ev@plt>
  40439c:	48 8b 45 f8          	mov    rax,QWORD PTR [rbp-0x8]
  4043a0:	48 05 98 00 00 00    	add    rax,0x98
  4043a6:	48 89 c7             	mov    rdi,rax
  4043a9:	e8 32 dd ff ff       	call   4020e0 <_ZNSt7__cxx1112basic_stringIcSt11char_traitsIcESaIcEED1Ev@plt>
  4043ae:	48 8b 45 f8          	mov    rax,QWORD PTR [rbp-0x8]
  4043b2:	48 83 c0 40          	add    rax,0x40
  4043b6:	48 89 c7             	mov    rdi,rax
  4043b9:	e8 22 dd ff ff       	call   4020e0 <_ZNSt7__cxx1112basic_stringIcSt11char_traitsIcESaIcEED1Ev@plt>
  4043be:	48 8b 45 f8          	mov    rax,QWORD PTR [rbp-0x8]
  4043c2:	48 83 c0 20          	add    rax,0x20
  4043c6:	48 89 c7             	mov    rdi,rax
  4043c9:	e8 12 dd ff ff       	call   4020e0 <_ZNSt7__cxx1112basic_stringIcSt11char_traitsIcESaIcEED1Ev@plt>
  4043ce:	48 8b 45 f8          	mov    rax,QWORD PTR [rbp-0x8]
  4043d2:	48 89 c7             	mov    rdi,rax
  4043d5:	e8 06 dd ff ff       	call   4020e0 <_ZNSt7__cxx1112basic_stringIcSt11char_traitsIcESaIcEED1Ev@plt>
  4043da:	90                   	nop
  4043db:	c9                   	leave  
  4043dc:	c3                   	ret    
  4043dd:	90                   	nop

00000000004043de <_ZZN9__gnu_cxx6__stoaImmcJiEEET0_PFT_PKT1_PPS3_DpT2_EPKcS5_PmS9_EN11_Save_errnoC1Ev>:
  4043de:	55                   	push   rbp
  4043df:	48 89 e5             	mov    rbp,rsp
  4043e2:	48 83 ec 10          	sub    rsp,0x10
  4043e6:	48 89 7d f8          	mov    QWORD PTR [rbp-0x8],rdi
  4043ea:	e8 41 dc ff ff       	call   402030 <__errno_location@plt>
  4043ef:	8b 10                	mov    edx,DWORD PTR [rax]
  4043f1:	48 8b 45 f8          	mov    rax,QWORD PTR [rbp-0x8]
  4043f5:	89 10                	mov    DWORD PTR [rax],edx
  4043f7:	e8 34 dc ff ff       	call   402030 <__errno_location@plt>
  4043fc:	c7 00 00 00 00 00    	mov    DWORD PTR [rax],0x0
  404402:	90                   	nop
  404403:	c9                   	leave  
  404404:	c3                   	ret    
  404405:	90                   	nop

0000000000404406 <_ZZN9__gnu_cxx6__stoaImmcJiEEET0_PFT_PKT1_PPS3_DpT2_EPKcS5_PmS9_EN11_Save_errnoD1Ev>:
  404406:	55                   	push   rbp
  404407:	48 89 e5             	mov    rbp,rsp
  40440a:	48 83 ec 10          	sub    rsp,0x10
  40440e:	48 89 7d f8          	mov    QWORD PTR [rbp-0x8],rdi
  404412:	e8 19 dc ff ff       	call   402030 <__errno_location@plt>
  404417:	8b 00                	mov    eax,DWORD PTR [rax]
  404419:	85 c0                	test   eax,eax
  40441b:	75 0d                	jne    40442a <_ZZN9__gnu_cxx6__stoaImmcJiEEET0_PFT_PKT1_PPS3_DpT2_EPKcS5_PmS9_EN11_Save_errnoD1Ev+0x24>
  40441d:	e8 0e dc ff ff       	call   402030 <__errno_location@plt>
  404422:	48 8b 55 f8          	mov    rdx,QWORD PTR [rbp-0x8]
  404426:	8b 12                	mov    edx,DWORD PTR [rdx]
  404428:	89 10                	mov    DWORD PTR [rax],edx
  40442a:	90                   	nop
  40442b:	c9                   	leave  
  40442c:	c3                   	ret    

000000000040442d <_ZZN9__gnu_cxx6__stoaImmcJiEEET0_PFT_PKT1_PPS3_DpT2_EPKcS5_PmS9_EN10_Range_chk6_S_chkEmSt17integral_constantIbLb0EE>:
  40442d:	55                   	push   rbp
  40442e:	48 89 e5             	mov    rbp,rsp
  404431:	48 89 7d f8          	mov    QWORD PTR [rbp-0x8],rdi
  404435:	b8 00 00 00 00       	mov    eax,0x0
  40443a:	5d                   	pop    rbp
  40443b:	c3                   	ret    

000000000040443c <_ZN9__gnu_cxx6__stoaImmcJiEEET0_PFT_PKT1_PPS3_DpT2_EPKcS5_PmS9_>:
  40443c:	55                   	push   rbp
  40443d:	48 89 e5             	mov    rbp,rsp
  404440:	53                   	push   rbx
  404441:	48 83 ec 68          	sub    rsp,0x68
  404445:	48 89 7d b8          	mov    QWORD PTR [rbp-0x48],rdi
  404449:	48 89 75 b0          	mov    QWORD PTR [rbp-0x50],rsi
  40444d:	48 89 55 a8          	mov    QWORD PTR [rbp-0x58],rdx
  404451:	48 89 4d a0          	mov    QWORD PTR [rbp-0x60],rcx
  404455:	44 89 45 9c          	mov    DWORD PTR [rbp-0x64],r8d
  404459:	48 8d 45 cc          	lea    rax,[rbp-0x34]
  40445d:	48 89 c7             	mov    rdi,rax
  404460:	e8 79 ff ff ff       	call   4043de <_ZZN9__gnu_cxx6__stoaImmcJiEEET0_PFT_PKT1_PPS3_DpT2_EPKcS5_PmS9_EN11_Save_errnoC1Ev>
  404465:	8b 55 9c             	mov    edx,DWORD PTR [rbp-0x64]
  404468:	48 8d 4d d0          	lea    rcx,[rbp-0x30]
  40446c:	48 8b 45 a8          	mov    rax,QWORD PTR [rbp-0x58]
  404470:	4c 8b 45 b8          	mov    r8,QWORD PTR [rbp-0x48]
  404474:	48 89 ce             	mov    rsi,rcx
  404477:	48 89 c7             	mov    rdi,rax
  40447a:	41 ff d0             	call   r8
  40447d:	48 89 45 e8          	mov    QWORD PTR [rbp-0x18],rax
  404481:	48 8b 45 d0          	mov    rax,QWORD PTR [rbp-0x30]
  404485:	48 39 45 a8          	cmp    QWORD PTR [rbp-0x58],rax
  404489:	75 0c                	jne    404497 <_ZN9__gnu_cxx6__stoaImmcJiEEET0_PFT_PKT1_PPS3_DpT2_EPKcS5_PmS9_+0x5b>
  40448b:	48 8b 45 b0          	mov    rax,QWORD PTR [rbp-0x50]
  40448f:	48 89 c7             	mov    rdi,rax
  404492:	e8 39 dc ff ff       	call   4020d0 <_ZSt24__throw_invalid_argumentPKc@plt>
  404497:	e8 94 db ff ff       	call   402030 <__errno_location@plt>
  40449c:	8b 00                	mov    eax,DWORD PTR [rax]
  40449e:	83 f8 22             	cmp    eax,0x22
  4044a1:	74 10                	je     4044b3 <_ZN9__gnu_cxx6__stoaImmcJiEEET0_PFT_PKT1_PPS3_DpT2_EPKcS5_PmS9_+0x77>
  4044a3:	48 8b 45 e8          	mov    rax,QWORD PTR [rbp-0x18]
  4044a7:	48 89 c7             	mov    rdi,rax
  4044aa:	e8 7e ff ff ff       	call   40442d <_ZZN9__gnu_cxx6__stoaImmcJiEEET0_PFT_PKT1_PPS3_DpT2_EPKcS5_PmS9_EN10_Range_chk6_S_chkEmSt17integral_constantIbLb0EE>
  4044af:	84 c0                	test   al,al
  4044b1:	74 07                	je     4044ba <_ZN9__gnu_cxx6__stoaImmcJiEEET0_PFT_PKT1_PPS3_DpT2_EPKcS5_PmS9_+0x7e>
  4044b3:	b8 01 00 00 00       	mov    eax,0x1
  4044b8:	eb 05                	jmp    4044bf <_ZN9__gnu_cxx6__stoaImmcJiEEET0_PFT_PKT1_PPS3_DpT2_EPKcS5_PmS9_+0x83>
  4044ba:	b8 00 00 00 00       	mov    eax,0x0
  4044bf:	84 c0                	test   al,al
  4044c1:	74 0c                	je     4044cf <_ZN9__gnu_cxx6__stoaImmcJiEEET0_PFT_PKT1_PPS3_DpT2_EPKcS5_PmS9_+0x93>
  4044c3:	48 8b 45 b0          	mov    rax,QWORD PTR [rbp-0x50]
  4044c7:	48 89 c7             	mov    rdi,rax
  4044ca:	e8 81 dd ff ff       	call   402250 <_ZSt20__throw_out_of_rangePKc@plt>
  4044cf:	48 8b 45 e8          	mov    rax,QWORD PTR [rbp-0x18]
  4044d3:	48 89 45 e0          	mov    QWORD PTR [rbp-0x20],rax
  4044d7:	48 83 7d a0 00       	cmp    QWORD PTR [rbp-0x60],0x0
  4044dc:	74 12                	je     4044f0 <_ZN9__gnu_cxx6__stoaImmcJiEEET0_PFT_PKT1_PPS3_DpT2_EPKcS5_PmS9_+0xb4>
  4044de:	48 8b 45 d0          	mov    rax,QWORD PTR [rbp-0x30]
  4044e2:	48 2b 45 a8          	sub    rax,QWORD PTR [rbp-0x58]
  4044e6:	48 89 c2             	mov    rdx,rax
  4044e9:	48 8b 45 a0          	mov    rax,QWORD PTR [rbp-0x60]
  4044ed:	48 89 10             	mov    QWORD PTR [rax],rdx
  4044f0:	48 8b 5d e0          	mov    rbx,QWORD PTR [rbp-0x20]
  4044f4:	48 8d 45 cc          	lea    rax,[rbp-0x34]
  4044f8:	48 89 c7             	mov    rdi,rax
  4044fb:	e8 06 ff ff ff       	call   404406 <_ZZN9__gnu_cxx6__stoaImmcJiEEET0_PFT_PKT1_PPS3_DpT2_EPKcS5_PmS9_EN11_Save_errnoD1Ev>
  404500:	48 89 d8             	mov    rax,rbx
  404503:	eb 1a                	jmp    40451f <_ZN9__gnu_cxx6__stoaImmcJiEEET0_PFT_PKT1_PPS3_DpT2_EPKcS5_PmS9_+0xe3>
  404505:	48 89 c3             	mov    rbx,rax
  404508:	48 8d 45 cc          	lea    rax,[rbp-0x34]
  40450c:	48 89 c7             	mov    rdi,rax
  40450f:	e8 f2 fe ff ff       	call   404406 <_ZZN9__gnu_cxx6__stoaImmcJiEEET0_PFT_PKT1_PPS3_DpT2_EPKcS5_PmS9_EN11_Save_errnoD1Ev>
  404514:	48 89 d8             	mov    rax,rbx
  404517:	48 89 c7             	mov    rdi,rax
  40451a:	e8 81 dd ff ff       	call   4022a0 <_Unwind_Resume@plt>
  40451f:	48 8b 5d f8          	mov    rbx,QWORD PTR [rbp-0x8]
  404523:	c9                   	leave  
  404524:	c3                   	ret    

0000000000404525 <_ZSteqIcSt11char_traitsIcESaIcEEbRKNSt7__cxx1112basic_stringIT_T0_T1_EEPKS5_>:
  404525:	55                   	push   rbp
  404526:	48 89 e5             	mov    rbp,rsp
  404529:	48 83 ec 10          	sub    rsp,0x10
  40452d:	48 89 7d f8          	mov    QWORD PTR [rbp-0x8],rdi
  404531:	48 89 75 f0          	mov    QWORD PTR [rbp-0x10],rsi
  404535:	48 8b 55 f0          	mov    rdx,QWORD PTR [rbp-0x10]
  404539:	48 8b 45 f8          	mov    rax,QWORD PTR [rbp-0x8]
  40453d:	48 89 d6             	mov    rsi,rdx
  404540:	48 89 c7             	mov    rdi,rax
  404543:	e8 08 db ff ff       	call   402050 <_ZNKSt7__cxx1112basic_stringIcSt11char_traitsIcESaIcEE7compareEPKc@plt>
  404548:	85 c0                	test   eax,eax
  40454a:	0f 94 c0             	sete   al
  40454d:	c9                   	leave  
  40454e:	c3                   	ret    
  40454f:	90                   	nop

0000000000404550 <_ZNSaImEC1Ev>:
  404550:	55                   	push   rbp
  404551:	48 89 e5             	mov    rbp,rsp
  404554:	48 83 ec 10          	sub    rsp,0x10
  404558:	48 89 7d f8          	mov    QWORD PTR [rbp-0x8],rdi
  40455c:	48 8b 45 f8          	mov    rax,QWORD PTR [rbp-0x8]
  404560:	48 89 c7             	mov    rdi,rax
  404563:	e8 f6 04 00 00       	call   404a5e <_ZN9__gnu_cxx13new_allocatorImEC1Ev>
  404568:	90                   	nop
  404569:	c9                   	leave  
  40456a:	c3                   	ret    
  40456b:	90                   	nop

000000000040456c <_ZNSaImED1Ev>:
  40456c:	55                   	push   rbp
  40456d:	48 89 e5             	mov    rbp,rsp
  404570:	48 83 ec 10          	sub    rsp,0x10
  404574:	48 89 7d f8          	mov    QWORD PTR [rbp-0x8],rdi
  404578:	48 8b 45 f8          	mov    rax,QWORD PTR [rbp-0x8]
  40457c:	48 89 c7             	mov    rdi,rax
  40457f:	e8 e6 04 00 00       	call   404a6a <_ZN9__gnu_cxx13new_allocatorImED1Ev>
  404584:	90                   	nop
  404585:	c9                   	leave  
  404586:	c3                   	ret    
  404587:	90                   	nop

0000000000404588 <_ZNSt6vectorImSaImEEC1EmRKS0_>:
  404588:	55                   	push   rbp
  404589:	48 89 e5             	mov    rbp,rsp
  40458c:	53                   	push   rbx
  40458d:	48 83 ec 28          	sub    rsp,0x28
  404591:	48 89 7d e8          	mov    QWORD PTR [rbp-0x18],rdi
  404595:	48 89 75 e0          	mov    QWORD PTR [rbp-0x20],rsi
  404599:	48 89 55 d8          	mov    QWORD PTR [rbp-0x28],rdx
  40459d:	48 8b 5d e8          	mov    rbx,QWORD PTR [rbp-0x18]
  4045a1:	48 8b 55 d8          	mov    rdx,QWORD PTR [rbp-0x28]
  4045a5:	48 8b 45 e0          	mov    rax,QWORD PTR [rbp-0x20]
  4045a9:	48 89 d6             	mov    rsi,rdx
  4045ac:	48 89 c7             	mov    rdi,rax
  4045af:	e8 c1 04 00 00       	call   404a75 <_ZNSt6vectorImSaImEE17_S_check_init_lenEmRKS0_>
  4045b4:	48 89 c1             	mov    rcx,rax
  4045b7:	48 8b 45 d8          	mov    rax,QWORD PTR [rbp-0x28]
  4045bb:	48 89 c2             	mov    rdx,rax
  4045be:	48 89 ce             	mov    rsi,rcx
  4045c1:	48 89 df             	mov    rdi,rbx
  4045c4:	e8 23 05 00 00       	call   404aec <_ZNSt12_Vector_baseImSaImEEC1EmRKS0_>
  4045c9:	48 8b 55 e0          	mov    rdx,QWORD PTR [rbp-0x20]
  4045cd:	48 8b 45 e8          	mov    rax,QWORD PTR [rbp-0x18]
  4045d1:	48 89 d6             	mov    rsi,rdx
  4045d4:	48 89 c7             	mov    rdi,rax
  4045d7:	e8 bc 05 00 00       	call   404b98 <_ZNSt6vectorImSaImEE21_M_default_initializeEm>
  4045dc:	eb 1a                	jmp    4045f8 <_ZNSt6vectorImSaImEEC1EmRKS0_+0x70>
  4045de:	48 89 c3             	mov    rbx,rax
  4045e1:	48 8b 45 e8          	mov    rax,QWORD PTR [rbp-0x18]
  4045e5:	48 89 c7             	mov    rdi,rax
  4045e8:	e8 5d 05 00 00       	call   404b4a <_ZNSt12_Vector_baseImSaImEED1Ev>
  4045ed:	48 89 d8             	mov    rax,rbx
  4045f0:	48 89 c7             	mov    rdi,rax
  4045f3:	e8 a8 dc ff ff       	call   4022a0 <_Unwind_Resume@plt>
  4045f8:	48 8b 5d f8          	mov    rbx,QWORD PTR [rbp-0x8]
  4045fc:	c9                   	leave  
  4045fd:	c3                   	ret    

00000000004045fe <_ZNSt6vectorImSaImEED1Ev>:
  4045fe:	55                   	push   rbp
  4045ff:	48 89 e5             	mov    rbp,rsp
  404602:	48 83 ec 10          	sub    rsp,0x10
  404606:	48 89 7d f8          	mov    QWORD PTR [rbp-0x8],rdi
  40460a:	48 8b 45 f8          	mov    rax,QWORD PTR [rbp-0x8]
  40460e:	48 89 c7             	mov    rdi,rax
  404611:	e8 c2 05 00 00       	call   404bd8 <_ZNSt12_Vector_baseImSaImEE19_M_get_Tp_allocatorEv>
  404616:	48 89 c2             	mov    rdx,rax
  404619:	48 8b 45 f8          	mov    rax,QWORD PTR [rbp-0x8]
  40461d:	48 8b 48 08          	mov    rcx,QWORD PTR [rax+0x8]
  404621:	48 8b 45 f8          	mov    rax,QWORD PTR [rbp-0x8]
  404625:	48 8b 00             	mov    rax,QWORD PTR [rax]
  404628:	48 89 ce             	mov    rsi,rcx
  40462b:	48 89 c7             	mov    rdi,rax
  40462e:	e8 b3 05 00 00       	call   404be6 <_ZSt8_DestroyIPmmEvT_S1_RSaIT0_E>
  404633:	48 8b 45 f8          	mov    rax,QWORD PTR [rbp-0x8]
  404637:	48 89 c7             	mov    rdi,rax
  40463a:	e8 0b 05 00 00       	call   404b4a <_ZNSt12_Vector_baseImSaImEED1Ev>
  40463f:	90                   	nop
  404640:	c9                   	leave  
  404641:	c3                   	ret    

0000000000404642 <_ZNSt6vectorImSaImEEixEm>:
  404642:	55                   	push   rbp
  404643:	48 89 e5             	mov    rbp,rsp
  404646:	48 89 7d f8          	mov    QWORD PTR [rbp-0x8],rdi
  40464a:	48 89 75 f0          	mov    QWORD PTR [rbp-0x10],rsi
  40464e:	48 8b 45 f8          	mov    rax,QWORD PTR [rbp-0x8]
  404652:	48 8b 10             	mov    rdx,QWORD PTR [rax]
  404655:	48 8b 45 f0          	mov    rax,QWORD PTR [rbp-0x10]
  404659:	48 c1 e0 03          	shl    rax,0x3
  40465d:	48 01 d0             	add    rax,rdx
  404660:	5d                   	pop    rbp
  404661:	c3                   	ret    

0000000000404662 <_ZNSt23mersenne_twister_engineImLm32ELm624ELm397ELm31ELm2567483615ELm11ELm4294967295ELm7ELm2636928640ELm15ELm4022730752ELm18ELm1812433253EEC1Em>:
  404662:	55                   	push   rbp
  404663:	48 89 e5             	mov    rbp,rsp
  404666:	48 83 ec 10          	sub    rsp,0x10
  40466a:	48 89 7d f8          	mov    QWORD PTR [rbp-0x8],rdi
  40466e:	48 89 75 f0          	mov    QWORD PTR [rbp-0x10],rsi
  404672:	48 8b 55 f0          	mov    rdx,QWORD PTR [rbp-0x10]
  404676:	48 8b 45 f8          	mov    rax,QWORD PTR [rbp-0x8]
  40467a:	48 89 d6             	mov    rsi,rdx
  40467d:	48 89 c7             	mov    rdi,rax
  404680:	e8 8b 05 00 00       	call   404c10 <_ZNSt23mersenne_twister_engineImLm32ELm624ELm397ELm31ELm2567483615ELm11ELm4294967295ELm7ELm2636928640ELm15ELm4022730752ELm18ELm1812433253EE4seedEm>
  404685:	90                   	nop
  404686:	c9                   	leave  
  404687:	c3                   	ret    

0000000000404688 <_ZNSt6vectorImSaImEE5beginEv>:
  404688:	55                   	push   rbp
  404689:	48 89 e5             	mov    rbp,rsp
  40468c:	48 83 ec 20          	sub    rsp,0x20
  404690:	48 89 7d e8          	mov    QWORD PTR [rbp-0x18],rdi
  404694:	48 8b 55 e8          	mov    rdx,QWORD PTR [rbp-0x18]
  404698:	48 8d 45 f8          	lea    rax,[rbp-0x8]
  40469c:	48 89 d6             	mov    rsi,rdx
  40469f:	48 89 c7             	mov    rdi,rax
  4046a2:	e8 0f 06 00 00       	call   404cb6 <_ZN9__gnu_cxx17__normal_iteratorIPmSt6vectorImSaImEEEC1ERKS1_>
  4046a7:	48 8b 45 f8          	mov    rax,QWORD PTR [rbp-0x8]
  4046ab:	c9                   	leave  
  4046ac:	c3                   	ret    
  4046ad:	90                   	nop

00000000004046ae <_ZNSt6vectorImSaImEE3endEv>:
  4046ae:	55                   	push   rbp
  4046af:	48 89 e5             	mov    rbp,rsp
  4046b2:	48 83 ec 20          	sub    rsp,0x20
  4046b6:	48 89 7d e8          	mov    QWORD PTR [rbp-0x18],rdi
  4046ba:	48 8b 45 e8          	mov    rax,QWORD PTR [rbp-0x18]
  4046be:	48 8d 50 08          	lea    rdx,[rax+0x8]
  4046c2:	48 8d 45 f8          	lea    rax,[rbp-0x8]
  4046c6:	48 89 d6             	mov    rsi,rdx
  4046c9:	48 89 c7             	mov    rdi,rax
  4046cc:	e8 e5 05 00 00       	call   404cb6 <_ZN9__gnu_cxx17__normal_iteratorIPmSt6vectorImSaImEEEC1ERKS1_>
  4046d1:	48 8b 45 f8          	mov    rax,QWORD PTR [rbp-0x8]
  4046d5:	c9                   	leave  
  4046d6:	c3                   	ret    

00000000004046d7 <_ZSt7shuffleIN9__gnu_cxx17__normal_iteratorIPmSt6vectorImSaImEEEERSt23mersenne_twister_engineImLm32ELm624ELm397ELm31ELm2567483615ELm11ELm4294967295ELm7ELm2636928640ELm15ELm4022730752ELm18ELm1812433253EEEvT_SA_OT0_>:
  4046d7:	55                   	push   rbp
  4046d8:	48 89 e5             	mov    rbp,rsp
  4046db:	53                   	push   rbx
  4046dc:	48 81 ec a8 00 00 00 	sub    rsp,0xa8
  4046e3:	48 89 bd 68 ff ff ff 	mov    QWORD PTR [rbp-0x98],rdi
  4046ea:	48 89 b5 60 ff ff ff 	mov    QWORD PTR [rbp-0xa0],rsi
  4046f1:	48 89 95 58 ff ff ff 	mov    QWORD PTR [rbp-0xa8],rdx
  4046f8:	48 8d 95 60 ff ff ff 	lea    rdx,[rbp-0xa0]
  4046ff:	48 8d 85 68 ff ff ff 	lea    rax,[rbp-0x98]
  404706:	48 89 d6             	mov    rsi,rdx
  404709:	48 89 c7             	mov    rdi,rax
  40470c:	e8 c2 05 00 00       	call   404cd3 <_ZN9__gnu_cxxeqIPmSt6vectorImSaImEEEEbRKNS_17__normal_iteratorIT_T0_EESA_>
  404711:	84 c0                	test   al,al
  404713:	0f 85 71 02 00 00    	jne    40498a <_ZSt7shuffleIN9__gnu_cxx17__normal_iteratorIPmSt6vectorImSaImEEEERSt23mersenne_twister_engineImLm32ELm624ELm397ELm31ELm2567483615ELm11ELm4294967295ELm7ELm2636928640ELm15ELm4022730752ELm18ELm1812433253EEEvT_SA_OT0_+0x2b3>
  404719:	b8 ff ff ff ff       	mov    eax,0xffffffff
  40471e:	48 89 45 e8          	mov    QWORD PTR [rbp-0x18],rax
  404722:	48 8d 95 68 ff ff ff 	lea    rdx,[rbp-0x98]
  404729:	48 8d 85 60 ff ff ff 	lea    rax,[rbp-0xa0]
  404730:	48 89 d6             	mov    rsi,rdx
  404733:	48 89 c7             	mov    rdi,rax
  404736:	e8 d3 05 00 00       	call   404d0e <_ZN9__gnu_cxxmiIPmSt6vectorImSaImEEEENS_17__normal_iteratorIT_T0_E15difference_typeERKS8_SB_>
  40473b:	48 89 45 e0          	mov    QWORD PTR [rbp-0x20],rax
  40473f:	b8 ff ff ff ff       	mov    eax,0xffffffff
  404744:	ba 00 00 00 00       	mov    edx,0x0
  404749:	48 f7 75 e0          	div    QWORD PTR [rbp-0x20]
  40474d:	48 39 45 e0          	cmp    QWORD PTR [rbp-0x20],rax
  404751:	0f 87 64 01 00 00    	ja     4048bb <_ZSt7shuffleIN9__gnu_cxx17__normal_iteratorIPmSt6vectorImSaImEEEERSt23mersenne_twister_engineImLm32ELm624ELm397ELm31ELm2567483615ELm11ELm4294967295ELm7ELm2636928640ELm15ELm4022730752ELm18ELm1812433253EEEvT_SA_OT0_+0x1e4>
  404757:	48 8d 85 68 ff ff ff 	lea    rax,[rbp-0x98]
  40475e:	be 01 00 00 00       	mov    esi,0x1
  404763:	48 89 c7             	mov    rdi,rax
  404766:	e8 e3 05 00 00       	call   404d4e <_ZNK9__gnu_cxx17__normal_iteratorIPmSt6vectorImSaImEEEplEl>
  40476b:	48 89 45 a8          	mov    QWORD PTR [rbp-0x58],rax
  40476f:	48 8b 45 e0          	mov    rax,QWORD PTR [rbp-0x20]
  404773:	83 e0 01             	and    eax,0x1
  404776:	48 85 c0             	test   rax,rax
  404779:	0f 85 19 01 00 00    	jne    404898 <_ZSt7shuffleIN9__gnu_cxx17__normal_iteratorIPmSt6vectorImSaImEEEERSt23mersenne_twister_engineImLm32ELm624ELm397ELm31ELm2567483615ELm11ELm4294967295ELm7ELm2636928640ELm15ELm4022730752ELm18ELm1812433253EEEvT_SA_OT0_+0x1c1>
  40477f:	48 8d 45 90          	lea    rax,[rbp-0x70]
  404783:	ba 01 00 00 00       	mov    edx,0x1
  404788:	be 00 00 00 00       	mov    esi,0x0
  40478d:	48 89 c7             	mov    rdi,rax
  404790:	e8 f9 05 00 00       	call   404d8e <_ZNSt24uniform_int_distributionImEC1Emm>
  404795:	48 8b 95 58 ff ff ff 	mov    rdx,QWORD PTR [rbp-0xa8]
  40479c:	48 8d 45 90          	lea    rax,[rbp-0x70]
  4047a0:	48 89 d6             	mov    rsi,rdx
  4047a3:	48 89 c7             	mov    rdi,rax
  4047a6:	e8 4f 06 00 00       	call   404dfa <_ZNSt24uniform_int_distributionImEclISt23mersenne_twister_engineImLm32ELm624ELm397ELm31ELm2567483615ELm11ELm4294967295ELm7ELm2636928640ELm15ELm4022730752ELm18ELm1812433253EEEEmRT_>
  4047ab:	48 89 c2             	mov    rdx,rax
  4047ae:	48 8d 85 68 ff ff ff 	lea    rax,[rbp-0x98]
  4047b5:	48 89 d6             	mov    rsi,rdx
  4047b8:	48 89 c7             	mov    rdi,rax
  4047bb:	e8 8e 05 00 00       	call   404d4e <_ZNK9__gnu_cxx17__normal_iteratorIPmSt6vectorImSaImEEEplEl>
  4047c0:	48 89 c3             	mov    rbx,rax
  4047c3:	48 8d 45 a8          	lea    rax,[rbp-0x58]
  4047c7:	be 00 00 00 00       	mov    esi,0x0
  4047cc:	48 89 c7             	mov    rdi,rax
  4047cf:	e8 e8 05 00 00       	call   404dbc <_ZN9__gnu_cxx17__normal_iteratorIPmSt6vectorImSaImEEEppEi>
  4047d4:	48 89 de             	mov    rsi,rbx
  4047d7:	48 89 c7             	mov    rdi,rax
  4047da:	e8 44 06 00 00       	call   404e23 <_ZSt9iter_swapIN9__gnu_cxx17__normal_iteratorIPmSt6vectorImSaImEEEES6_EvT_T0_>
  4047df:	e9 b4 00 00 00       	jmp    404898 <_ZSt7shuffleIN9__gnu_cxx17__normal_iteratorIPmSt6vectorImSaImEEEERSt23mersenne_twister_engineImLm32ELm624ELm397ELm31ELm2567483615ELm11ELm4294967295ELm7ELm2636928640ELm15ELm4022730752ELm18ELm1812433253EEEvT_SA_OT0_+0x1c1>
  4047e4:	48 8d 95 68 ff ff ff 	lea    rdx,[rbp-0x98]
  4047eb:	48 8d 45 a8          	lea    rax,[rbp-0x58]
  4047ef:	48 89 d6             	mov    rsi,rdx
  4047f2:	48 89 c7             	mov    rdi,rax
  4047f5:	e8 14 05 00 00       	call   404d0e <_ZN9__gnu_cxxmiIPmSt6vectorImSaImEEEENS_17__normal_iteratorIT_T0_E15difference_typeERKS8_SB_>
  4047fa:	48 83 c0 01          	add    rax,0x1
  4047fe:	48 89 45 d8          	mov    QWORD PTR [rbp-0x28],rax
  404802:	48 8b 45 d8          	mov    rax,QWORD PTR [rbp-0x28]
  404806:	48 8d 48 01          	lea    rcx,[rax+0x1]
  40480a:	48 8b 95 58 ff ff ff 	mov    rdx,QWORD PTR [rbp-0xa8]
  404811:	48 8b 45 d8          	mov    rax,QWORD PTR [rbp-0x28]
  404815:	48 89 ce             	mov    rsi,rcx
  404818:	48 89 c7             	mov    rdi,rax
  40481b:	e8 7c 06 00 00       	call   404e9c <_ZSt22__gen_two_uniform_intsImRSt23mersenne_twister_engineImLm32ELm624ELm397ELm31ELm2567483615ELm11ELm4294967295ELm7ELm2636928640ELm15ELm4022730752ELm18ELm1812433253EEESt4pairIT_S4_ES4_S4_OT0_>
  404820:	48 89 45 80          	mov    QWORD PTR [rbp-0x80],rax
  404824:	48 89 55 88          	mov    QWORD PTR [rbp-0x78],rdx
  404828:	48 8b 45 80          	mov    rax,QWORD PTR [rbp-0x80]
  40482c:	48 89 c2             	mov    rdx,rax
  40482f:	48 8d 85 68 ff ff ff 	lea    rax,[rbp-0x98]
  404836:	48 89 d6             	mov    rsi,rdx
  404839:	48 89 c7             	mov    rdi,rax
  40483c:	e8 0d 05 00 00       	call   404d4e <_ZNK9__gnu_cxx17__normal_iteratorIPmSt6vectorImSaImEEEplEl>
  404841:	48 89 c3             	mov    rbx,rax
  404844:	48 8d 45 a8          	lea    rax,[rbp-0x58]
  404848:	be 00 00 00 00       	mov    esi,0x0
  40484d:	48 89 c7             	mov    rdi,rax
  404850:	e8 67 05 00 00       	call   404dbc <_ZN9__gnu_cxx17__normal_iteratorIPmSt6vectorImSaImEEEppEi>
  404855:	48 89 de             	mov    rsi,rbx
  404858:	48 89 c7             	mov    rdi,rax
  40485b:	e8 c3 05 00 00       	call   404e23 <_ZSt9iter_swapIN9__gnu_cxx17__normal_iteratorIPmSt6vectorImSaImEEEES6_EvT_T0_>
  404860:	48 8b 45 88          	mov    rax,QWORD PTR [rbp-0x78]
  404864:	48 89 c2             	mov    rdx,rax
  404867:	48 8d 85 68 ff ff ff 	lea    rax,[rbp-0x98]
  40486e:	48 89 d6             	mov    rsi,rdx
  404871:	48 89 c7             	mov    rdi,rax
  404874:	e8 d5 04 00 00       	call   404d4e <_ZNK9__gnu_cxx17__normal_iteratorIPmSt6vectorImSaImEEEplEl>
  404879:	48 89 c3             	mov    rbx,rax
  40487c:	48 8d 45 a8          	lea    rax,[rbp-0x58]
  404880:	be 00 00 00 00       	mov    esi,0x0
  404885:	48 89 c7             	mov    rdi,rax
  404888:	e8 2f 05 00 00       	call   404dbc <_ZN9__gnu_cxx17__normal_iteratorIPmSt6vectorImSaImEEEppEi>
  40488d:	48 89 de             	mov    rsi,rbx
  404890:	48 89 c7             	mov    rdi,rax
  404893:	e8 8b 05 00 00       	call   404e23 <_ZSt9iter_swapIN9__gnu_cxx17__normal_iteratorIPmSt6vectorImSaImEEEES6_EvT_T0_>
  404898:	48 8d 95 60 ff ff ff 	lea    rdx,[rbp-0xa0]
  40489f:	48 8d 45 a8          	lea    rax,[rbp-0x58]
  4048a3:	48 89 d6             	mov    rsi,rdx
  4048a6:	48 89 c7             	mov    rdi,rax
  4048a9:	e8 b3 05 00 00       	call   404e61 <_ZN9__gnu_cxxneIPmSt6vectorImSaImEEEEbRKNS_17__normal_iteratorIT_T0_EESA_>
  4048ae:	84 c0                	test   al,al
  4048b0:	0f 85 2e ff ff ff    	jne    4047e4 <_ZSt7shuffleIN9__gnu_cxx17__normal_iteratorIPmSt6vectorImSaImEEEERSt23mersenne_twister_engineImLm32ELm624ELm397ELm31ELm2567483615ELm11ELm4294967295ELm7ELm2636928640ELm15ELm4022730752ELm18ELm1812433253EEEvT_SA_OT0_+0x10d>
  4048b6:	e9 d0 00 00 00       	jmp    40498b <_ZSt7shuffleIN9__gnu_cxx17__normal_iteratorIPmSt6vectorImSaImEEEERSt23mersenne_twister_engineImLm32ELm624ELm397ELm31ELm2567483615ELm11ELm4294967295ELm7ELm2636928640ELm15ELm4022730752ELm18ELm1812433253EEEvT_SA_OT0_+0x2b4>
  4048bb:	48 8d 45 b0          	lea    rax,[rbp-0x50]
  4048bf:	48 89 c7             	mov    rdi,rax
  4048c2:	e8 59 06 00 00       	call   404f20 <_ZNSt24uniform_int_distributionImEC1Ev>
  4048c7:	48 8d 85 68 ff ff ff 	lea    rax,[rbp-0x98]
  4048ce:	be 01 00 00 00       	mov    esi,0x1
  4048d3:	48 89 c7             	mov    rdi,rax
  4048d6:	e8 73 04 00 00       	call   404d4e <_ZNK9__gnu_cxx17__normal_iteratorIPmSt6vectorImSaImEEEplEl>
  4048db:	48 89 85 78 ff ff ff 	mov    QWORD PTR [rbp-0x88],rax
  4048e2:	e9 80 00 00 00       	jmp    404967 <_ZSt7shuffleIN9__gnu_cxx17__normal_iteratorIPmSt6vectorImSaImEEEERSt23mersenne_twister_engineImLm32ELm624ELm397ELm31ELm2567483615ELm11ELm4294967295ELm7ELm2636928640ELm15ELm4022730752ELm18ELm1812433253EEEvT_SA_OT0_+0x290>
  4048e7:	48 8d 95 68 ff ff ff 	lea    rdx,[rbp-0x98]
  4048ee:	48 8d 85 78 ff ff ff 	lea    rax,[rbp-0x88]
  4048f5:	48 89 d6             	mov    rsi,rdx
  4048f8:	48 89 c7             	mov    rdi,rax
  4048fb:	e8 0e 04 00 00       	call   404d0e <_ZN9__gnu_cxxmiIPmSt6vectorImSaImEEEENS_17__normal_iteratorIT_T0_E15difference_typeERKS8_SB_>
  404900:	48 89 c2             	mov    rdx,rax
  404903:	48 8d 45 c0          	lea    rax,[rbp-0x40]
  404907:	be 00 00 00 00       	mov    esi,0x0
  40490c:	48 89 c7             	mov    rdi,rax
  40490f:	e8 54 06 00 00       	call   404f68 <_ZNSt24uniform_int_distributionImE10param_typeC1Emm>
  404914:	48 8d 55 c0          	lea    rdx,[rbp-0x40]
  404918:	48 8b 8d 58 ff ff ff 	mov    rcx,QWORD PTR [rbp-0xa8]
  40491f:	48 8d 45 b0          	lea    rax,[rbp-0x50]
  404923:	48 89 ce             	mov    rsi,rcx
  404926:	48 89 c7             	mov    rdi,rax
  404929:	e8 64 06 00 00       	call   404f92 <_ZNSt24uniform_int_distributionImEclISt23mersenne_twister_engineImLm32ELm624ELm397ELm31ELm2567483615ELm11ELm4294967295ELm7ELm2636928640ELm15ELm4022730752ELm18ELm1812433253EEEEmRT_RKNS0_10param_typeE>
  40492e:	48 89 c2             	mov    rdx,rax
  404931:	48 8d 85 68 ff ff ff 	lea    rax,[rbp-0x98]
  404938:	48 89 d6             	mov    rsi,rdx
  40493b:	48 89 c7             	mov    rdi,rax
  40493e:	e8 0b 04 00 00       	call   404d4e <_ZNK9__gnu_cxx17__normal_iteratorIPmSt6vectorImSaImEEEplEl>
  404943:	48 89 c2             	mov    rdx,rax
  404946:	48 8b 85 78 ff ff ff 	mov    rax,QWORD PTR [rbp-0x88]
  40494d:	48 89 d6             	mov    rsi,rdx
  404950:	48 89 c7             	mov    rdi,rax
  404953:	e8 cb 04 00 00       	call   404e23 <_ZSt9iter_swapIN9__gnu_cxx17__normal_iteratorIPmSt6vectorImSaImEEEES6_EvT_T0_>
  404958:	48 8d 85 78 ff ff ff 	lea    rax,[rbp-0x88]
  40495f:	48 89 c7             	mov    rdi,rax
  404962:	e8 e1 05 00 00       	call   404f48 <_ZN9__gnu_cxx17__normal_iteratorIPmSt6vectorImSaImEEEppEv>
  404967:	48 8d 95 60 ff ff ff 	lea    rdx,[rbp-0xa0]
  40496e:	48 8d 85 78 ff ff ff 	lea    rax,[rbp-0x88]
  404975:	48 89 d6             	mov    rsi,rdx
  404978:	48 89 c7             	mov    rdi,rax
  40497b:	e8 e1 04 00 00       	call   404e61 <_ZN9__gnu_cxxneIPmSt6vectorImSaImEEEEbRKNS_17__normal_iteratorIT_T0_EESA_>
  404980:	84 c0                	test   al,al
  404982:	0f 85 5f ff ff ff    	jne    4048e7 <_ZSt7shuffleIN9__gnu_cxx17__normal_iteratorIPmSt6vectorImSaImEEEERSt23mersenne_twister_engineImLm32ELm624ELm397ELm31ELm2567483615ELm11ELm4294967295ELm7ELm2636928640ELm15ELm4022730752ELm18ELm1812433253EEEvT_SA_OT0_+0x210>
  404988:	eb 01                	jmp    40498b <_ZSt7shuffleIN9__gnu_cxx17__normal_iteratorIPmSt6vectorImSaImEEEERSt23mersenne_twister_engineImLm32ELm624ELm397ELm31ELm2567483615ELm11ELm4294967295ELm7ELm2636928640ELm15ELm4022730752ELm18ELm1812433253EEEvT_SA_OT0_+0x2b4>
  40498a:	90                   	nop
  40498b:	48 8b 5d f8          	mov    rbx,QWORD PTR [rbp-0x8]
  40498f:	c9                   	leave  
  404990:	c3                   	ret    

0000000000404991 <_ZSt3minImERKT_S2_S2_>:
  404991:	55                   	push   rbp
  404992:	48 89 e5             	mov    rbp,rsp
  404995:	48 89 7d f8          	mov    QWORD PTR [rbp-0x8],rdi
  404999:	48 89 75 f0          	mov    QWORD PTR [rbp-0x10],rsi
  40499d:	48 8b 45 f0          	mov    rax,QWORD PTR [rbp-0x10]
  4049a1:	48 8b 10             	mov    rdx,QWORD PTR [rax]
  4049a4:	48 8b 45 f8          	mov    rax,QWORD PTR [rbp-0x8]
  4049a8:	48 8b 00             	mov    rax,QWORD PTR [rax]
  4049ab:	48 39 c2             	cmp    rdx,rax
  4049ae:	73 06                	jae    4049b6 <_ZSt3minImERKT_S2_S2_+0x25>
  4049b0:	48 8b 45 f0          	mov    rax,QWORD PTR [rbp-0x10]
  4049b4:	eb 04                	jmp    4049ba <_ZSt3minImERKT_S2_S2_+0x29>
  4049b6:	48 8b 45 f8          	mov    rax,QWORD PTR [rbp-0x8]
  4049ba:	5d                   	pop    rbp
  4049bb:	c3                   	ret    

00000000004049bc <_ZNSt6vectorImSaImEEC1EmRKmRKS0_>:
  4049bc:	55                   	push   rbp
  4049bd:	48 89 e5             	mov    rbp,rsp
  4049c0:	53                   	push   rbx
  4049c1:	48 83 ec 28          	sub    rsp,0x28
  4049c5:	48 89 7d e8          	mov    QWORD PTR [rbp-0x18],rdi
  4049c9:	48 89 75 e0          	mov    QWORD PTR [rbp-0x20],rsi
  4049cd:	48 89 55 d8          	mov    QWORD PTR [rbp-0x28],rdx
  4049d1:	48 89 4d d0          	mov    QWORD PTR [rbp-0x30],rcx
  4049d5:	48 8b 5d e8          	mov    rbx,QWORD PTR [rbp-0x18]
  4049d9:	48 8b 55 d0          	mov    rdx,QWORD PTR [rbp-0x30]
  4049dd:	48 8b 45 e0          	mov    rax,QWORD PTR [rbp-0x20]
  4049e1:	48 89 d6             	mov    rsi,rdx
  4049e4:	48 89 c7             	mov    rdi,rax
  4049e7:	e8 89 00 00 00       	call   404a75 <_ZNSt6vectorImSaImEE17_S_check_init_lenEmRKS0_>
  4049ec:	48 89 c1             	mov    rcx,rax
  4049ef:	48 8b 45 d0          	mov    rax,QWORD PTR [rbp-0x30]
  4049f3:	48 89 c2             	mov    rdx,rax
  4049f6:	48 89 ce             	mov    rsi,rcx
  4049f9:	48 89 df             	mov    rdi,rbx
  4049fc:	e8 eb 00 00 00       	call   404aec <_ZNSt12_Vector_baseImSaImEEC1EmRKS0_>
  404a01:	48 8b 55 d8          	mov    rdx,QWORD PTR [rbp-0x28]
  404a05:	48 8b 4d e0          	mov    rcx,QWORD PTR [rbp-0x20]
  404a09:	48 8b 45 e8          	mov    rax,QWORD PTR [rbp-0x18]
  404a0d:	48 89 ce             	mov    rsi,rcx
  404a10:	48 89 c7             	mov    rdi,rax
  404a13:	e8 c0 06 00 00       	call   4050d8 <_ZNSt6vectorImSaImEE18_M_fill_initializeEmRKm>
  404a18:	eb 1a                	jmp    404a34 <_ZNSt6vectorImSaImEEC1EmRKmRKS0_+0x78>
  404a1a:	48 89 c3             	mov    rbx,rax
  404a1d:	48 8b 45 e8          	mov    rax,QWORD PTR [rbp-0x18]
  404a21:	48 89 c7             	mov    rdi,rax
  404a24:	e8 21 01 00 00       	call   404b4a <_ZNSt12_Vector_baseImSaImEED1Ev>
  404a29:	48 89 d8             	mov    rax,rbx
  404a2c:	48 89 c7             	mov    rdi,rax
  404a2f:	e8 6c d8 ff ff       	call   4022a0 <_Unwind_Resume@plt>
  404a34:	48 8b 5d f8          	mov    rbx,QWORD PTR [rbp-0x8]
  404a38:	c9                   	leave  
  404a39:	c3                   	ret    

0000000000404a3a <_ZNSt6vectorImSaImEE4dataEv>:
  404a3a:	55                   	push   rbp
  404a3b:	48 89 e5             	mov    rbp,rsp
  404a3e:	48 83 ec 10          	sub    rsp,0x10
  404a42:	48 89 7d f8          	mov    QWORD PTR [rbp-0x8],rdi
  404a46:	48 8b 45 f8          	mov    rax,QWORD PTR [rbp-0x8]
  404a4a:	48 8b 10             	mov    rdx,QWORD PTR [rax]
  404a4d:	48 8b 45 f8          	mov    rax,QWORD PTR [rbp-0x8]
  404a51:	48 89 d6             	mov    rsi,rdx
  404a54:	48 89 c7             	mov    rdi,rax
  404a57:	e8 c2 06 00 00       	call   40511e <_ZNKSt6vectorImSaImEE11_M_data_ptrImEEPT_S4_>
  404a5c:	c9                   	leave  
  404a5d:	c3                   	ret    

0000000000404a5e <_ZN9__gnu_cxx13new_allocatorImEC1Ev>:
  404a5e:	55                   	push   rbp
  404a5f:	48 89 e5             	mov    rbp,rsp
  404a62:	48 89 7d f8          	mov    QWORD PTR [rbp-0x8],rdi
  404a66:	90                   	nop
  404a67:	5d                   	pop    rbp
  404a68:	c3                   	ret    
  404a69:	90                   	nop

0000000000404a6a <_ZN9__gnu_cxx13new_allocatorImED1Ev>:
  404a6a:	55                   	push   rbp
  404a6b:	48 89 e5             	mov    rbp,rsp
  404a6e:	48 89 7d f8          	mov    QWORD PTR [rbp-0x8],rdi
  404a72:	90                   	nop
  404a73:	5d                   	pop    rbp
  404a74:	c3                   	ret    

0000000000404a75 <_ZNSt6vectorImSaImEE17_S_check_init_lenEmRKS0_>:
  404a75:	55                   	push   rbp
  404a76:	48 89 e5             	mov    rbp,rsp
  404a79:	53                   	push   rbx
  404a7a:	48 83 ec 28          	sub    rsp,0x28
  404a7e:	48 89 7d d8          	mov    QWORD PTR [rbp-0x28],rdi
  404a82:	48 89 75 d0          	mov    QWORD PTR [rbp-0x30],rsi
  404a86:	48 8b 55 d0          	mov    rdx,QWORD PTR [rbp-0x30]
  404a8a:	48 8d 45 ef          	lea    rax,[rbp-0x11]
  404a8e:	48 89 d6             	mov    rsi,rdx
  404a91:	48 89 c7             	mov    rdi,rax
  404a94:	e8 d9 06 00 00       	call   405172 <_ZNSaImEC1ERKS_>
  404a99:	48 8d 45 ef          	lea    rax,[rbp-0x11]
  404a9d:	48 89 c7             	mov    rdi,rax
  404aa0:	e8 8b 06 00 00       	call   405130 <_ZNSt6vectorImSaImEE11_S_max_sizeERKS0_>
  404aa5:	48 39 45 d8          	cmp    QWORD PTR [rbp-0x28],rax
  404aa9:	0f 97 c3             	seta   bl
  404aac:	48 8d 45 ef          	lea    rax,[rbp-0x11]
  404ab0:	48 89 c7             	mov    rdi,rax
  404ab3:	e8 b4 fa ff ff       	call   40456c <_ZNSaImED1Ev>
  404ab8:	84 db                	test   bl,bl
  404aba:	74 0a                	je     404ac6 <_ZNSt6vectorImSaImEE17_S_check_init_lenEmRKS0_+0x51>
  404abc:	bf c8 64 40 00       	mov    edi,0x4064c8
  404ac1:	e8 ea d5 ff ff       	call   4020b0 <_ZSt20__throw_length_errorPKc@plt>
  404ac6:	48 8b 45 d8          	mov    rax,QWORD PTR [rbp-0x28]
  404aca:	48 8b 5d f8          	mov    rbx,QWORD PTR [rbp-0x8]
  404ace:	c9                   	leave  
  404acf:	c3                   	ret    

0000000000404ad0 <_ZNSt12_Vector_baseImSaImEE12_Vector_implD1Ev>:
  404ad0:	55                   	push   rbp
  404ad1:	48 89 e5             	mov    rbp,rsp
  404ad4:	48 83 ec 10          	sub    rsp,0x10
  404ad8:	48 89 7d f8          	mov    QWORD PTR [rbp-0x8],rdi
  404adc:	48 8b 45 f8          	mov    rax,QWORD PTR [rbp-0x8]
  404ae0:	48 89 c7             	mov    rdi,rax
  404ae3:	e8 84 fa ff ff       	call   40456c <_ZNSaImED1Ev>
  404ae8:	90                   	nop
  404ae9:	c9                   	leave  
  404aea:	c3                   	ret    
  404aeb:	90                   	nop

0000000000404aec <_ZNSt12_Vector_baseImSaImEEC1EmRKS0_>:
  404aec:	55                   	push   rbp
  404aed:	48 89 e5             	mov    rbp,rsp
  404af0:	53                   	push   rbx
  404af1:	48 83 ec 28          	sub    rsp,0x28
  404af5:	48 89 7d e8          	mov    QWORD PTR [rbp-0x18],rdi
  404af9:	48 89 75 e0          	mov    QWORD PTR [rbp-0x20],rsi
  404afd:	48 89 55 d8          	mov    QWORD PTR [rbp-0x28],rdx
  404b01:	48 8b 45 e8          	mov    rax,QWORD PTR [rbp-0x18]
  404b05:	48 8b 55 d8          	mov    rdx,QWORD PTR [rbp-0x28]
  404b09:	48 89 d6             	mov    rsi,rdx
  404b0c:	48 89 c7             	mov    rdi,rax
  404b0f:	e8 84 06 00 00       	call   405198 <_ZNSt12_Vector_baseImSaImEE12_Vector_implC1ERKS0_>
  404b14:	48 8b 55 e0          	mov    rdx,QWORD PTR [rbp-0x20]
  404b18:	48 8b 45 e8          	mov    rax,QWORD PTR [rbp-0x18]
  404b1c:	48 89 d6             	mov    rsi,rdx
  404b1f:	48 89 c7             	mov    rdi,rax
  404b22:	e8 a3 06 00 00       	call   4051ca <_ZNSt12_Vector_baseImSaImEE17_M_create_storageEm>
  404b27:	eb 1a                	jmp    404b43 <_ZNSt12_Vector_baseImSaImEEC1EmRKS0_+0x57>
  404b29:	48 89 c3             	mov    rbx,rax
  404b2c:	48 8b 45 e8          	mov    rax,QWORD PTR [rbp-0x18]
  404b30:	48 89 c7             	mov    rdi,rax
  404b33:	e8 98 ff ff ff       	call   404ad0 <_ZNSt12_Vector_baseImSaImEE12_Vector_implD1Ev>
  404b38:	48 89 d8             	mov    rax,rbx
  404b3b:	48 89 c7             	mov    rdi,rax
  404b3e:	e8 5d d7 ff ff       	call   4022a0 <_Unwind_Resume@plt>
  404b43:	48 8b 5d f8          	mov    rbx,QWORD PTR [rbp-0x8]
  404b47:	c9                   	leave  
  404b48:	c3                   	ret    
  404b49:	90                   	nop

0000000000404b4a <_ZNSt12_Vector_baseImSaImEED1Ev>:
  404b4a:	55                   	push   rbp
  404b4b:	48 89 e5             	mov    rbp,rsp
  404b4e:	48 83 ec 10          	sub    rsp,0x10
  404b52:	48 89 7d f8          	mov    QWORD PTR [rbp-0x8],rdi
  404b56:	48 8b 45 f8          	mov    rax,QWORD PTR [rbp-0x8]
  404b5a:	48 8b 50 10          	mov    rdx,QWORD PTR [rax+0x10]
  404b5e:	48 8b 45 f8          	mov    rax,QWORD PTR [rbp-0x8]
  404b62:	48 8b 08             	mov    rcx,QWORD PTR [rax]
  404b65:	48 89 d0             	mov    rax,rdx
  404b68:	48 29 c8             	sub    rax,rcx
  404b6b:	48 c1 f8 03          	sar    rax,0x3
  404b6f:	48 89 c2             	mov    rdx,rax
  404b72:	48 8b 45 f8          	mov    rax,QWORD PTR [rbp-0x8]
  404b76:	48 8b 08             	mov    rcx,QWORD PTR [rax]
  404b79:	48 8b 45 f8          	mov    rax,QWORD PTR [rbp-0x8]
  404b7d:	48 89 ce             	mov    rsi,rcx
  404b80:	48 89 c7             	mov    rdi,rax
  404b83:	e8 98 06 00 00       	call   405220 <_ZNSt12_Vector_baseImSaImEE13_M_deallocateEPmm>
  404b88:	48 8b 45 f8          	mov    rax,QWORD PTR [rbp-0x8]
  404b8c:	48 89 c7             	mov    rdi,rax
  404b8f:	e8 3c ff ff ff       	call   404ad0 <_ZNSt12_Vector_baseImSaImEE12_Vector_implD1Ev>
  404b94:	90                   	nop
  404b95:	c9                   	leave  
  404b96:	c3                   	ret    
  404b97:	90                   	nop

0000000000404b98 <_ZNSt6vectorImSaImEE21_M_default_initializeEm>:
  404b98:	55                   	push   rbp
  404b99:	48 89 e5             	mov    rbp,rsp
  404b9c:	48 83 ec 10          	sub    rsp,0x10
  404ba0:	48 89 7d f8          	mov    QWORD PTR [rbp-0x8],rdi
  404ba4:	48 89 75 f0          	mov    QWORD PTR [rbp-0x10],rsi
  404ba8:	48 8b 45 f8          	mov    rax,QWORD PTR [rbp-0x8]
  404bac:	48 89 c7             	mov    rdi,rax
  404baf:	e8 24 00 00 00       	call   404bd8 <_ZNSt12_Vector_baseImSaImEE19_M_get_Tp_allocatorEv>
  404bb4:	48 89 c2             	mov    rdx,rax
  404bb7:	48 8b 45 f8          	mov    rax,QWORD PTR [rbp-0x8]
  404bbb:	48 8b 00             	mov    rax,QWORD PTR [rax]
  404bbe:	48 8b 4d f0          	mov    rcx,QWORD PTR [rbp-0x10]
  404bc2:	48 89 ce             	mov    rsi,rcx
  404bc5:	48 89 c7             	mov    rdi,rax
  404bc8:	e8 88 06 00 00       	call   405255 <_ZSt27__uninitialized_default_n_aIPmmmET_S1_T0_RSaIT1_E>
  404bcd:	48 8b 55 f8          	mov    rdx,QWORD PTR [rbp-0x8]
  404bd1:	48 89 42 08          	mov    QWORD PTR [rdx+0x8],rax
  404bd5:	90                   	nop
  404bd6:	c9                   	leave  
  404bd7:	c3                   	ret    

0000000000404bd8 <_ZNSt12_Vector_baseImSaImEE19_M_get_Tp_allocatorEv>:
  404bd8:	55                   	push   rbp
  404bd9:	48 89 e5             	mov    rbp,rsp
  404bdc:	48 89 7d f8          	mov    QWORD PTR [rbp-0x8],rdi
  404be0:	48 8b 45 f8          	mov    rax,QWORD PTR [rbp-0x8]
  404be4:	5d                   	pop    rbp
  404be5:	c3                   	ret    

0000000000404be6 <_ZSt8_DestroyIPmmEvT_S1_RSaIT0_E>:
  404be6:	55                   	push   rbp
  404be7:	48 89 e5             	mov    rbp,rsp
  404bea:	48 83 ec 20          	sub    rsp,0x20
  404bee:	48 89 7d f8          	mov    QWORD PTR [rbp-0x8],rdi
  404bf2:	48 89 75 f0          	mov    QWORD PTR [rbp-0x10],rsi
  404bf6:	48 89 55 e8          	mov    QWORD PTR [rbp-0x18],rdx
  404bfa:	48 8b 55 f0          	mov    rdx,QWORD PTR [rbp-0x10]
  404bfe:	48 8b 45 f8          	mov    rax,QWORD PTR [rbp-0x8]
  404c02:	48 89 d6             	mov    rsi,rdx
  404c05:	48 89 c7             	mov    rdi,rax
  404c08:	e8 71 06 00 00       	call   40527e <_ZSt8_DestroyIPmEvT_S1_>
  404c0d:	90                   	nop
  404c0e:	c9                   	leave  
  404c0f:	c3                   	ret    

0000000000404c10 <_ZNSt23mersenne_twister_engineImLm32ELm624ELm397ELm31ELm2567483615ELm11ELm4294967295ELm7ELm2636928640ELm15ELm4022730752ELm18ELm1812433253EE4seedEm>:
  404c10:	55                   	push   rbp
  404c11:	48 89 e5             	mov    rbp,rsp
  404c14:	48 83 ec 20          	sub    rsp,0x20
  404c18:	48 89 7d e8          	mov    QWORD PTR [rbp-0x18],rdi
  404c1c:	48 89 75 e0          	mov    QWORD PTR [rbp-0x20],rsi
  404c20:	48 8b 45 e0          	mov    rax,QWORD PTR [rbp-0x20]
  404c24:	48 89 c7             	mov    rdi,rax
  404c27:	e8 78 06 00 00       	call   4052a4 <_ZNSt8__detail5__modImLm4294967296ELm1ELm0EEET_S1_>
  404c2c:	48 8b 55 e8          	mov    rdx,QWORD PTR [rbp-0x18]
  404c30:	48 89 02             	mov    QWORD PTR [rdx],rax
  404c33:	48 c7 45 f8 01 00 00 	mov    QWORD PTR [rbp-0x8],0x1
  404c3a:	00 
  404c3b:	eb 5c                	jmp    404c99 <_ZNSt23mersenne_twister_engineImLm32ELm624ELm397ELm31ELm2567483615ELm11ELm4294967295ELm7ELm2636928640ELm15ELm4022730752ELm18ELm1812433253EE4seedEm+0x89>
  404c3d:	48 8b 45 f8          	mov    rax,QWORD PTR [rbp-0x8]
  404c41:	48 8d 50 ff          	lea    rdx,[rax-0x1]
  404c45:	48 8b 45 e8          	mov    rax,QWORD PTR [rbp-0x18]
  404c49:	48 8b 04 d0          	mov    rax,QWORD PTR [rax+rdx*8]
  404c4d:	48 89 45 f0          	mov    QWORD PTR [rbp-0x10],rax
  404c51:	48 8b 45 f0          	mov    rax,QWORD PTR [rbp-0x10]
  404c55:	48 c1 e8 1e          	shr    rax,0x1e
  404c59:	48 31 45 f0          	xor    QWORD PTR [rbp-0x10],rax
  404c5d:	48 8b 45 f0          	mov    rax,QWORD PTR [rbp-0x10]
  404c61:	48 69 c0 65 89 07 6c 	imul   rax,rax,0x6c078965
  404c68:	48 89 45 f0          	mov    QWORD PTR [rbp-0x10],rax
  404c6c:	48 8b 45 f8          	mov    rax,QWORD PTR [rbp-0x8]
  404c70:	48 89 c7             	mov    rdi,rax
  404c73:	e8 4f 06 00 00       	call   4052c7 <_ZNSt8__detail5__modImLm624ELm1ELm0EEET_S1_>
  404c78:	48 01 45 f0          	add    QWORD PTR [rbp-0x10],rax
  404c7c:	48 8b 45 f0          	mov    rax,QWORD PTR [rbp-0x10]
  404c80:	48 89 c7             	mov    rdi,rax
  404c83:	e8 1c 06 00 00       	call   4052a4 <_ZNSt8__detail5__modImLm4294967296ELm1ELm0EEET_S1_>
  404c88:	48 8b 55 e8          	mov    rdx,QWORD PTR [rbp-0x18]
  404c8c:	48 8b 4d f8          	mov    rcx,QWORD PTR [rbp-0x8]
  404c90:	48 89 04 ca          	mov    QWORD PTR [rdx+rcx*8],rax
  404c94:	48 83 45 f8 01       	add    QWORD PTR [rbp-0x8],0x1
  404c99:	48 81 7d f8 6f 02 00 	cmp    QWORD PTR [rbp-0x8],0x26f
  404ca0:	00 
  404ca1:	76 9a                	jbe    404c3d <_ZNSt23mersenne_twister_engineImLm32ELm624ELm397ELm31ELm2567483615ELm11ELm4294967295ELm7ELm2636928640ELm15ELm4022730752ELm18ELm1812433253EE4seedEm+0x2d>
  404ca3:	48 8b 45 e8          	mov    rax,QWORD PTR [rbp-0x18]
  404ca7:	48 c7 80 80 13 00 00 	mov    QWORD PTR [rax+0x1380],0x270
  404cae:	70 02 00 00 
  404cb2:	90                   	nop
  404cb3:	c9                   	leave  
  404cb4:	c3                   	ret    
  404cb5:	90                   	nop

0000000000404cb6 <_ZN9__gnu_cxx17__normal_iteratorIPmSt6vectorImSaImEEEC1ERKS1_>:
  404cb6:	55                   	push   rbp
  404cb7:	48 89 e5             	mov    rbp,rsp
  404cba:	48 89 7d f8          	mov    QWORD PTR [rbp-0x8],rdi
  404cbe:	48 89 75 f0          	mov    QWORD PTR [rbp-0x10],rsi
  404cc2:	48 8b 45 f0          	mov    rax,QWORD PTR [rbp-0x10]
  404cc6:	48 8b 10             	mov    rdx,QWORD PTR [rax]
  404cc9:	48 8b 45 f8          	mov    rax,QWORD PTR [rbp-0x8]
  404ccd:	48 89 10             	mov    QWORD PTR [rax],rdx
  404cd0:	90                   	nop
  404cd1:	5d                   	pop    rbp
  404cd2:	c3                   	ret    

0000000000404cd3 <_ZN9__gnu_cxxeqIPmSt6vectorImSaImEEEEbRKNS_17__normal_iteratorIT_T0_EESA_>:
  404cd3:	55                   	push   rbp
  404cd4:	48 89 e5             	mov    rbp,rsp
  404cd7:	53                   	push   rbx
  404cd8:	48 83 ec 18          	sub    rsp,0x18
  404cdc:	48 89 7d e8          	mov    QWORD PTR [rbp-0x18],rdi
  404ce0:	48 89 75 e0          	mov    QWORD PTR [rbp-0x20],rsi
  404ce4:	48 8b 45 e8          	mov    rax,QWORD PTR [rbp-0x18]
  404ce8:	48 89 c7             	mov    rdi,rax
  404ceb:	e8 fa 05 00 00       	call   4052ea <_ZNK9__gnu_cxx17__normal_iteratorIPmSt6vectorImSaImEEE4baseEv>
  404cf0:	48 8b 18             	mov    rbx,QWORD PTR [rax]
  404cf3:	48 8b 45 e0          	mov    rax,QWORD PTR [rbp-0x20]
  404cf7:	48 89 c7             	mov    rdi,rax
  404cfa:	e8 eb 05 00 00       	call   4052ea <_ZNK9__gnu_cxx17__normal_iteratorIPmSt6vectorImSaImEEE4baseEv>
  404cff:	48 8b 00             	mov    rax,QWORD PTR [rax]
  404d02:	48 39 c3             	cmp    rbx,rax
  404d05:	0f 94 c0             	sete   al
  404d08:	48 8b 5d f8          	mov    rbx,QWORD PTR [rbp-0x8]
  404d0c:	c9                   	leave  
  404d0d:	c3                   	ret    

0000000000404d0e <_ZN9__gnu_cxxmiIPmSt6vectorImSaImEEEENS_17__normal_iteratorIT_T0_E15difference_typeERKS8_SB_>:
  404d0e:	55                   	push   rbp
  404d0f:	48 89 e5             	mov    rbp,rsp
  404d12:	53                   	push   rbx
  404d13:	48 83 ec 18          	sub    rsp,0x18
  404d17:	48 89 7d e8          	mov    QWORD PTR [rbp-0x18],rdi
  404d1b:	48 89 75 e0          	mov    QWORD PTR [rbp-0x20],rsi
  404d1f:	48 8b 45 e8          	mov    rax,QWORD PTR [rbp-0x18]
  404d23:	48 89 c7             	mov    rdi,rax
  404d26:	e8 bf 05 00 00       	call   4052ea <_ZNK9__gnu_cxx17__normal_iteratorIPmSt6vectorImSaImEEE4baseEv>
  404d2b:	48 8b 18             	mov    rbx,QWORD PTR [rax]
  404d2e:	48 8b 45 e0          	mov    rax,QWORD PTR [rbp-0x20]
  404d32:	48 89 c7             	mov    rdi,rax
  404d35:	e8 b0 05 00 00       	call   4052ea <_ZNK9__gnu_cxx17__normal_iteratorIPmSt6vectorImSaImEEE4baseEv>
  404d3a:	48 8b 10             	mov    rdx,QWORD PTR [rax]
  404d3d:	48 89 d8             	mov    rax,rbx
  404d40:	48 29 d0             	sub    rax,rdx
  404d43:	48 c1 f8 03          	sar    rax,0x3
  404d47:	48 8b 5d f8          	mov    rbx,QWORD PTR [rbp-0x8]
  404d4b:	c9                   	leave  
  404d4c:	c3                   	ret    
  404d4d:	90                   	nop

0000000000404d4e <_ZNK9__gnu_cxx17__normal_iteratorIPmSt6vectorImSaImEEEplEl>:
  404d4e:	55                   	push   rbp
  404d4f:	48 89 e5             	mov    rbp,rsp
  404d52:	48 83 ec 20          	sub    rsp,0x20
  404d56:	48 89 7d e8          	mov    QWORD PTR [rbp-0x18],rdi
  404d5a:	48 89 75 e0          	mov    QWORD PTR [rbp-0x20],rsi
  404d5e:	48 8b 45 e8          	mov    rax,QWORD PTR [rbp-0x18]
  404d62:	48 8b 10             	mov    rdx,QWORD PTR [rax]
  404d65:	48 8b 45 e0          	mov    rax,QWORD PTR [rbp-0x20]
  404d69:	48 c1 e0 03          	shl    rax,0x3
  404d6d:	48 01 d0             	add    rax,rdx
  404d70:	48 89 45 f8          	mov    QWORD PTR [rbp-0x8],rax
  404d74:	48 8d 55 f8          	lea    rdx,[rbp-0x8]
  404d78:	48 8d 45 f0          	lea    rax,[rbp-0x10]
  404d7c:	48 89 d6             	mov    rsi,rdx
  404d7f:	48 89 c7             	mov    rdi,rax
  404d82:	e8 2f ff ff ff       	call   404cb6 <_ZN9__gnu_cxx17__normal_iteratorIPmSt6vectorImSaImEEEC1ERKS1_>
  404d87:	48 8b 45 f0          	mov    rax,QWORD PTR [rbp-0x10]
  404d8b:	c9                   	leave  
  404d8c:	c3                   	ret    
  404d8d:	90                   	nop

0000000000404d8e <_ZNSt24uniform_int_distributionImEC1Emm>:
  404d8e:	55                   	push   rbp
  404d8f:	48 89 e5             	mov    rbp,rsp
  404d92:	48 83 ec 20          	sub    rsp,0x20
  404d96:	48 89 7d f8          	mov    QWORD PTR [rbp-0x8],rdi
  404d9a:	48 89 75 f0          	mov    QWORD PTR [rbp-0x10],rsi
  404d9e:	48 89 55 e8          	mov    QWORD PTR [rbp-0x18],rdx
  404da2:	48 8b 45 f8          	mov    rax,QWORD PTR [rbp-0x8]
  404da6:	48 8b 55 e8          	mov    rdx,QWORD PTR [rbp-0x18]
  404daa:	48 8b 4d f0          	mov    rcx,QWORD PTR [rbp-0x10]
  404dae:	48 89 ce             	mov    rsi,rcx
  404db1:	48 89 c7             	mov    rdi,rax
  404db4:	e8 af 01 00 00       	call   404f68 <_ZNSt24uniform_int_distributionImE10param_typeC1Emm>
  404db9:	90                   	nop
  404dba:	c9                   	leave  
  404dbb:	c3                   	ret    

0000000000404dbc <_ZN9__gnu_cxx17__normal_iteratorIPmSt6vectorImSaImEEEppEi>:
  404dbc:	55                   	push   rbp
  404dbd:	48 89 e5             	mov    rbp,rsp
  404dc0:	48 83 ec 20          	sub    rsp,0x20
  404dc4:	48 89 7d e8          	mov    QWORD PTR [rbp-0x18],rdi
  404dc8:	89 75 e4             	mov    DWORD PTR [rbp-0x1c],esi
  404dcb:	48 8b 45 e8          	mov    rax,QWORD PTR [rbp-0x18]
  404dcf:	48 8b 00             	mov    rax,QWORD PTR [rax]
  404dd2:	48 8d 48 08          	lea    rcx,[rax+0x8]
  404dd6:	48 8b 55 e8          	mov    rdx,QWORD PTR [rbp-0x18]
  404dda:	48 89 0a             	mov    QWORD PTR [rdx],rcx
  404ddd:	48 89 45 f8          	mov    QWORD PTR [rbp-0x8],rax
  404de1:	48 8d 55 f8          	lea    rdx,[rbp-0x8]
  404de5:	48 8d 45 f0          	lea    rax,[rbp-0x10]
  404de9:	48 89 d6             	mov    rsi,rdx
  404dec:	48 89 c7             	mov    rdi,rax
  404def:	e8 c2 fe ff ff       	call   404cb6 <_ZN9__gnu_cxx17__normal_iteratorIPmSt6vectorImSaImEEEC1ERKS1_>
  404df4:	48 8b 45 f0          	mov    rax,QWORD PTR [rbp-0x10]
  404df8:	c9                   	leave  
  404df9:	c3                   	ret    

0000000000404dfa <_ZNSt24uniform_int_distributionImEclISt23mersenne_twister_engineImLm32ELm624ELm397ELm31ELm2567483615ELm11ELm4294967295ELm7ELm2636928640ELm15ELm4022730752ELm18ELm1812433253EEEEmRT_>:
  404dfa:	55                   	push   rbp
  404dfb:	48 89 e5             	mov    rbp,rsp
  404dfe:	48 83 ec 10          	sub    rsp,0x10
  404e02:	48 89 7d f8          	mov    QWORD PTR [rbp-0x8],rdi
  404e06:	48 89 75 f0          	mov    QWORD PTR [rbp-0x10],rsi
  404e0a:	48 8b 55 f8          	mov    rdx,QWORD PTR [rbp-0x8]
  404e0e:	48 8b 4d f0          	mov    rcx,QWORD PTR [rbp-0x10]
  404e12:	48 8b 45 f8          	mov    rax,QWORD PTR [rbp-0x8]
  404e16:	48 89 ce             	mov    rsi,rcx
  404e19:	48 89 c7             	mov    rdi,rax
  404e1c:	e8 71 01 00 00       	call   404f92 <_ZNSt24uniform_int_distributionImEclISt23mersenne_twister_engineImLm32ELm624ELm397ELm31ELm2567483615ELm11ELm4294967295ELm7ELm2636928640ELm15ELm4022730752ELm18ELm1812433253EEEEmRT_RKNS0_10param_typeE>
  404e21:	c9                   	leave  
  404e22:	c3                   	ret    

0000000000404e23 <_ZSt9iter_swapIN9__gnu_cxx17__normal_iteratorIPmSt6vectorImSaImEEEES6_EvT_T0_>:
  404e23:	55                   	push   rbp
  404e24:	48 89 e5             	mov    rbp,rsp
  404e27:	53                   	push   rbx
  404e28:	48 83 ec 18          	sub    rsp,0x18
  404e2c:	48 89 7d e8          	mov    QWORD PTR [rbp-0x18],rdi
  404e30:	48 89 75 e0          	mov    QWORD PTR [rbp-0x20],rsi
  404e34:	48 8d 45 e0          	lea    rax,[rbp-0x20]
  404e38:	48 89 c7             	mov    rdi,rax
  404e3b:	e8 b8 04 00 00       	call   4052f8 <_ZNK9__gnu_cxx17__normal_iteratorIPmSt6vectorImSaImEEEdeEv>
  404e40:	48 89 c3             	mov    rbx,rax
  404e43:	48 8d 45 e8          	lea    rax,[rbp-0x18]
  404e47:	48 89 c7             	mov    rdi,rax
  404e4a:	e8 a9 04 00 00       	call   4052f8 <_ZNK9__gnu_cxx17__normal_iteratorIPmSt6vectorImSaImEEEdeEv>
  404e4f:	48 89 de             	mov    rsi,rbx
  404e52:	48 89 c7             	mov    rdi,rax
  404e55:	e8 bd 04 00 00       	call   405317 <_ZSt4swapImENSt9enable_ifIXsrSt6__and_IJSt6__not_ISt15__is_tuple_likeIT_EESt21is_move_constructibleIS4_ESt18is_move_assignableIS4_EEE5valueEvE4typeERS4_SE_>
  404e5a:	90                   	nop
  404e5b:	48 8b 5d f8          	mov    rbx,QWORD PTR [rbp-0x8]
  404e5f:	c9                   	leave  
  404e60:	c3                   	ret    

0000000000404e61 <_ZN9__gnu_cxxneIPmSt6vectorImSaImEEEEbRKNS_17__normal_iteratorIT_T0_EESA_>:
  404e61:	55                   	push   rbp
  404e62:	48 89 e5             	mov    rbp,rsp
  404e65:	53                   	push   rbx
  404e66:	48 83 ec 18          	sub    rsp,0x18
  404e6a:	48 89 7d e8          	mov    QWORD PTR [rbp-0x18],rdi
  404e6e:	48 89 75 e0          	mov    QWORD PTR [rbp-0x20],rsi
  404e72:	48 8b 45 e8          	mov    rax,QWORD PTR [rbp-0x18]
  404e76:	48 89 c7             	mov    rdi,rax
  404e79:	e8 6c 04 00 00       	call   4052ea <_ZNK9__gnu_cxx17__normal_iteratorIPmSt6vectorImSaImEEE4baseEv>
  404e7e:	48 8b 18             	mov    rbx,QWORD PTR [rax]
  404e81:	48 8b 45 e0          	mov    rax,QWORD PTR [rbp-0x20]
  404e85:	48 89 c7             	mov    rdi,rax
  404e88:	e8 5d 04 00 00       	call   4052ea <_ZNK9__gnu_cxx17__normal_iteratorIPmSt6vectorImSaImEEE4baseEv>
  404e8d:	48 8b 00             	mov    rax,QWORD PTR [rax]
  404e90:	48 39 c3             	cmp    rbx,rax
  404e93:	0f 95 c0             	setne  al
  404e96:	48 8b 5d f8          	mov    rbx,QWORD PTR [rbp-0x8]
  404e9a:	c9                   	leave  
  404e9b:	c3                   	ret    

0000000000404e9c <_ZSt22__gen_two_uniform_intsImRSt23mersenne_twister_engineImLm32ELm624ELm397ELm31ELm2567483615ELm11ELm4294967295ELm7ELm2636928640ELm15ELm4022730752ELm18ELm1812433253EEESt4pairIT_S4_ES4_S4_OT0_>:
  404e9c:	55                   	push   rbp
  404e9d:	48 89 e5             	mov    rbp,rsp
  404ea0:	48 83 ec 50          	sub    rsp,0x50
  404ea4:	48 89 7d c8          	mov    QWORD PTR [rbp-0x38],rdi
  404ea8:	48 89 75 c0          	mov    QWORD PTR [rbp-0x40],rsi
  404eac:	48 89 55 b8          	mov    QWORD PTR [rbp-0x48],rdx
  404eb0:	48 8b 45 c8          	mov    rax,QWORD PTR [rbp-0x38]
  404eb4:	48 0f af 45 c0       	imul   rax,QWORD PTR [rbp-0x40]
  404eb9:	48 8d 50 ff          	lea    rdx,[rax-0x1]
  404ebd:	48 8d 45 d0          	lea    rax,[rbp-0x30]
  404ec1:	be 00 00 00 00       	mov    esi,0x0
  404ec6:	48 89 c7             	mov    rdi,rax
  404ec9:	e8 c0 fe ff ff       	call   404d8e <_ZNSt24uniform_int_distributionImEC1Emm>
  404ece:	48 8b 55 b8          	mov    rdx,QWORD PTR [rbp-0x48]
  404ed2:	48 8d 45 d0          	lea    rax,[rbp-0x30]
  404ed6:	48 89 d6             	mov    rsi,rdx
  404ed9:	48 89 c7             	mov    rdi,rax
  404edc:	e8 19 ff ff ff       	call   404dfa <_ZNSt24uniform_int_distributionImEclISt23mersenne_twister_engineImLm32ELm624ELm397ELm31ELm2567483615ELm11ELm4294967295ELm7ELm2636928640ELm15ELm4022730752ELm18ELm1812433253EEEEmRT_>
  404ee1:	48 89 45 f8          	mov    QWORD PTR [rbp-0x8],rax
  404ee5:	48 8b 45 f8          	mov    rax,QWORD PTR [rbp-0x8]
  404ee9:	ba 00 00 00 00       	mov    edx,0x0
  404eee:	48 f7 75 c0          	div    QWORD PTR [rbp-0x40]
  404ef2:	48 89 d0             	mov    rax,rdx
  404ef5:	48 89 45 e8          	mov    QWORD PTR [rbp-0x18],rax
  404ef9:	48 8b 45 f8          	mov    rax,QWORD PTR [rbp-0x8]
  404efd:	ba 00 00 00 00       	mov    edx,0x0
  404f02:	48 f7 75 c0          	div    QWORD PTR [rbp-0x40]
  404f06:	48 89 45 f0          	mov    QWORD PTR [rbp-0x10],rax
  404f0a:	48 8d 55 e8          	lea    rdx,[rbp-0x18]
  404f0e:	48 8d 45 f0          	lea    rax,[rbp-0x10]
  404f12:	48 89 d6             	mov    rsi,rdx
  404f15:	48 89 c7             	mov    rdi,rax
  404f18:	e8 4c 04 00 00       	call   405369 <_ZSt9make_pairImmESt4pairINSt25__strip_reference_wrapperINSt5decayIT_E4typeEE6__typeENS1_INS2_IT0_E4typeEE6__typeEEOS3_OS8_>
  404f1d:	c9                   	leave  
  404f1e:	c3                   	ret    
  404f1f:	90                   	nop

0000000000404f20 <_ZNSt24uniform_int_distributionImEC1Ev>:
  404f20:	55                   	push   rbp
  404f21:	48 89 e5             	mov    rbp,rsp
  404f24:	48 83 ec 10          	sub    rsp,0x10
  404f28:	48 89 7d f8          	mov    QWORD PTR [rbp-0x8],rdi
  404f2c:	48 8b 45 f8          	mov    rax,QWORD PTR [rbp-0x8]
  404f30:	48 c7 c2 ff ff ff ff 	mov    rdx,0xffffffffffffffff
  404f37:	be 00 00 00 00       	mov    esi,0x0
  404f3c:	48 89 c7             	mov    rdi,rax
  404f3f:	e8 4a fe ff ff       	call   404d8e <_ZNSt24uniform_int_distributionImEC1Emm>
  404f44:	90                   	nop
  404f45:	c9                   	leave  
  404f46:	c3                   	ret    
  404f47:	90                   	nop

0000000000404f48 <_ZN9__gnu_cxx17__normal_iteratorIPmSt6vectorImSaImEEEppEv>:
  404f48:	55                   	push   rbp
  404f49:	48 89 e5             	mov    rbp,rsp
  404f4c:	48 89 7d f8          	mov    QWORD PTR [rbp-0x8],rdi
  404f50:	48 8b 45 f8          	mov    rax,QWORD PTR [rbp-0x8]
  404f54:	48 8b 00             	mov    rax,QWORD PTR [rax]
  404f57:	48 8d 50 08          	lea    rdx,[rax+0x8]
  404f5b:	48 8b 45 f8          	mov    rax,QWORD PTR [rbp-0x8]
  404f5f:	48 89 10             	mov    QWORD PTR [rax],rdx
  404f62:	48 8b 45 f8          	mov    rax,QWORD PTR [rbp-0x8]
  404f66:	5d                   	pop    rbp
  404f67:	c3                   	ret    

0000000000404f68 <_ZNSt24uniform_int_distributionImE10param_typeC1Emm>:
  404f68:	55                   	push   rbp
  404f69:	48 89 e5             	mov    rbp,rsp
  404f6c:	48 89 7d f8          	mov    QWORD PTR [rbp-0x8],rdi
  404f70:	48 89 75 f0          	mov    QWORD PTR [rbp-0x10],rsi
  404f74:	48 89 55 e8          	mov    QWORD PTR [rbp-0x18],rdx
  404f78:	48 8b 45 f8          	mov    rax,QWORD PTR [rbp-0x8]
  404f7c:	48 8b 55 f0          	mov    rdx,QWORD PTR [rbp-0x10]
  404f80:	48 89 10             	mov    QWORD PTR [rax],rdx
  404f83:	48 8b 45 f8          	mov    rax,QWORD PTR [rbp-0x8]
  404f87:	48 8b 55 e8          	mov    rdx,QWORD PTR [rbp-0x18]
  404f8b:	48 89 50 08          	mov    QWORD PTR [rax+0x8],rdx
  404f8f:	90                   	nop
  404f90:	5d                   	pop    rbp
  404f91:	c3                   	ret    

0000000000404f92 <_ZNSt24uniform_int_distributionImEclISt23mersenne_twister_engineImLm32ELm624ELm397ELm31ELm2567483615ELm11ELm4294967295ELm7ELm2636928640ELm15ELm4022730752ELm18ELm1812433253EEEEmRT_RKNS0_10param_typeE>:
  404f92:	55                   	push   rbp
  404f93:	48 89 e5             	mov    rbp,rsp
  404f96:	53                   	push   rbx
  404f97:	48 81 ec 88 00 00 00 	sub    rsp,0x88
  404f9e:	48 89 7d 88          	mov    QWORD PTR [rbp-0x78],rdi
  404fa2:	48 89 75 80          	mov    QWORD PTR [rbp-0x80],rsi
  404fa6:	48 89 95 78 ff ff ff 	mov    QWORD PTR [rbp-0x88],rdx
  404fad:	48 c7 45 e0 00 00 00 	mov    QWORD PTR [rbp-0x20],0x0
  404fb4:	00 
  404fb5:	b8 ff ff ff ff       	mov    eax,0xffffffff
  404fba:	48 89 45 d8          	mov    QWORD PTR [rbp-0x28],rax
  404fbe:	48 89 45 d0          	mov    QWORD PTR [rbp-0x30],rax
  404fc2:	48 8b 85 78 ff ff ff 	mov    rax,QWORD PTR [rbp-0x88]
  404fc9:	48 89 c7             	mov    rdi,rax
  404fcc:	e8 e7 03 00 00       	call   4053b8 <_ZNKSt24uniform_int_distributionImE10param_type1bEv>
  404fd1:	48 89 c3             	mov    rbx,rax
  404fd4:	48 8b 85 78 ff ff ff 	mov    rax,QWORD PTR [rbp-0x88]
  404fdb:	48 89 c7             	mov    rdi,rax
  404fde:	e8 e7 03 00 00       	call   4053ca <_ZNKSt24uniform_int_distributionImE10param_type1aEv>
  404fe3:	48 89 c2             	mov    rdx,rax
  404fe6:	48 89 d8             	mov    rax,rbx
  404fe9:	48 29 d0             	sub    rax,rdx
  404fec:	48 89 45 c8          	mov    QWORD PTR [rbp-0x38],rax
  404ff0:	b8 fe ff ff ff       	mov    eax,0xfffffffe
  404ff5:	48 39 45 c8          	cmp    QWORD PTR [rbp-0x38],rax
  404ff9:	77 2f                	ja     40502a <_ZNSt24uniform_int_distributionImEclISt23mersenne_twister_engineImLm32ELm624ELm397ELm31ELm2567483615ELm11ELm4294967295ELm7ELm2636928640ELm15ELm4022730752ELm18ELm1812433253EEEEmRT_RKNS0_10param_typeE+0x98>
  404ffb:	48 8b 45 c8          	mov    rax,QWORD PTR [rbp-0x38]
  404fff:	48 83 c0 01          	add    rax,0x1
  405003:	48 89 45 b0          	mov    QWORD PTR [rbp-0x50],rax
  405007:	48 8b 45 b0          	mov    rax,QWORD PTR [rbp-0x50]
  40500b:	89 45 ac             	mov    DWORD PTR [rbp-0x54],eax
  40500e:	8b 55 ac             	mov    edx,DWORD PTR [rbp-0x54]
  405011:	48 8b 45 80          	mov    rax,QWORD PTR [rbp-0x80]
  405015:	89 d6                	mov    esi,edx
  405017:	48 89 c7             	mov    rdi,rax
  40501a:	e8 bc 03 00 00       	call   4053db <_ZNSt24uniform_int_distributionImE5_S_ndImSt23mersenne_twister_engineImLm32ELm624ELm397ELm31ELm2567483615ELm11ELm4294967295ELm7ELm2636928640ELm15ELm4022730752ELm18ELm1812433253EEjEET1_RT0_S4_>
  40501f:	89 c0                	mov    eax,eax
  405021:	48 89 45 e8          	mov    QWORD PTR [rbp-0x18],rax
  405025:	e9 91 00 00 00       	jmp    4050bb <_ZNSt24uniform_int_distributionImEclISt23mersenne_twister_engineImLm32ELm624ELm397ELm31ELm2567483615ELm11ELm4294967295ELm7ELm2636928640ELm15ELm4022730752ELm18ELm1812433253EEEEmRT_RKNS0_10param_typeE+0x129>
  40502a:	b8 ff ff ff ff       	mov    eax,0xffffffff
  40502f:	48 39 45 c8          	cmp    QWORD PTR [rbp-0x38],rax
  405033:	76 76                	jbe    4050ab <_ZNSt24uniform_int_distributionImEclISt23mersenne_twister_engineImLm32ELm624ELm397ELm31ELm2567483615ELm11ELm4294967295ELm7ELm2636928640ELm15ELm4022730752ELm18ELm1812433253EEEEmRT_RKNS0_10param_typeE+0x119>
  405035:	48 b8 00 00 00 00 01 	movabs rax,0x100000000
  40503c:	00 00 00 
  40503f:	48 89 45 c0          	mov    QWORD PTR [rbp-0x40],rax
  405043:	48 8b 45 c8          	mov    rax,QWORD PTR [rbp-0x38]
  405047:	48 c1 e8 20          	shr    rax,0x20
  40504b:	48 89 c2             	mov    rdx,rax
  40504e:	48 8d 45 90          	lea    rax,[rbp-0x70]
  405052:	be 00 00 00 00       	mov    esi,0x0
  405057:	48 89 c7             	mov    rdi,rax
  40505a:	e8 09 ff ff ff       	call   404f68 <_ZNSt24uniform_int_distributionImE10param_typeC1Emm>
  40505f:	48 8d 55 90          	lea    rdx,[rbp-0x70]
  405063:	48 8b 4d 80          	mov    rcx,QWORD PTR [rbp-0x80]
  405067:	48 8b 45 88          	mov    rax,QWORD PTR [rbp-0x78]
  40506b:	48 89 ce             	mov    rsi,rcx
  40506e:	48 89 c7             	mov    rdi,rax
  405071:	e8 1c ff ff ff       	call   404f92 <_ZNSt24uniform_int_distributionImEclISt23mersenne_twister_engineImLm32ELm624ELm397ELm31ELm2567483615ELm11ELm4294967295ELm7ELm2636928640ELm15ELm4022730752ELm18ELm1812433253EEEEmRT_RKNS0_10param_typeE>
  405076:	48 c1 e0 20          	shl    rax,0x20
  40507a:	48 89 45 b8          	mov    QWORD PTR [rbp-0x48],rax
  40507e:	48 8b 45 80          	mov    rax,QWORD PTR [rbp-0x80]
  405082:	48 89 c7             	mov    rdi,rax
  405085:	e8 c8 03 00 00       	call   405452 <_ZNSt23mersenne_twister_engineImLm32ELm624ELm397ELm31ELm2567483615ELm11ELm4294967295ELm7ELm2636928640ELm15ELm4022730752ELm18ELm1812433253EEclEv>
  40508a:	48 8b 55 b8          	mov    rdx,QWORD PTR [rbp-0x48]
  40508e:	48 01 d0             	add    rax,rdx
  405091:	48 89 45 e8          	mov    QWORD PTR [rbp-0x18],rax
  405095:	48 8b 45 e8          	mov    rax,QWORD PTR [rbp-0x18]
  405099:	48 3b 45 c8          	cmp    rax,QWORD PTR [rbp-0x38]
  40509d:	77 96                	ja     405035 <_ZNSt24uniform_int_distributionImEclISt23mersenne_twister_engineImLm32ELm624ELm397ELm31ELm2567483615ELm11ELm4294967295ELm7ELm2636928640ELm15ELm4022730752ELm18ELm1812433253EEEEmRT_RKNS0_10param_typeE+0xa3>
  40509f:	48 8b 45 e8          	mov    rax,QWORD PTR [rbp-0x18]
  4050a3:	48 3b 45 b8          	cmp    rax,QWORD PTR [rbp-0x48]
  4050a7:	72 8c                	jb     405035 <_ZNSt24uniform_int_distributionImEclISt23mersenne_twister_engineImLm32ELm624ELm397ELm31ELm2567483615ELm11ELm4294967295ELm7ELm2636928640ELm15ELm4022730752ELm18ELm1812433253EEEEmRT_RKNS0_10param_typeE+0xa3>
  4050a9:	eb 10                	jmp    4050bb <_ZNSt24uniform_int_distributionImEclISt23mersenne_twister_engineImLm32ELm624ELm397ELm31ELm2567483615ELm11ELm4294967295ELm7ELm2636928640ELm15ELm4022730752ELm18ELm1812433253EEEEmRT_RKNS0_10param_typeE+0x129>
  4050ab:	48 8b 45 80          	mov    rax,QWORD PTR [rbp-0x80]
  4050af:	48 89 c7             	mov    rdi,rax
  4050b2:	e8 9b 03 00 00       	call   405452 <_ZNSt23mersenne_twister_engineImLm32ELm624ELm397ELm31ELm2567483615ELm11ELm4294967295ELm7ELm2636928640ELm15ELm4022730752ELm18ELm1812433253EEclEv>
  4050b7:	48 89 45 e8          	mov    QWORD PTR [rbp-0x18],rax
  4050bb:	48 8b 85 78 ff ff ff 	mov    rax,QWORD PTR [rbp-0x88]
  4050c2:	48 89 c7             	mov    rdi,rax
  4050c5:	e8 00 03 00 00       	call   4053ca <_ZNKSt24uniform_int_distributionImE10param_type1aEv>
  4050ca:	48 8b 55 e8          	mov    rdx,QWORD PTR [rbp-0x18]
  4050ce:	48 01 d0             	add    rax,rdx
  4050d1:	48 8b 5d f8          	mov    rbx,QWORD PTR [rbp-0x8]
  4050d5:	c9                   	leave  
  4050d6:	c3                   	ret    
  4050d7:	90                   	nop

00000000004050d8 <_ZNSt6vectorImSaImEE18_M_fill_initializeEmRKm>:
  4050d8:	55                   	push   rbp
  4050d9:	48 89 e5             	mov    rbp,rsp
  4050dc:	48 83 ec 20          	sub    rsp,0x20
  4050e0:	48 89 7d f8          	mov    QWORD PTR [rbp-0x8],rdi
  4050e4:	48 89 75 f0          	mov    QWORD PTR [rbp-0x10],rsi
  4050e8:	48 89 55 e8          	mov    QWORD PTR [rbp-0x18],rdx
  4050ec:	48 8b 45 f8          	mov    rax,QWORD PTR [rbp-0x8]
  4050f0:	48 89 c7             	mov    rdi,rax
  4050f3:	e8 e0 fa ff ff       	call   404bd8 <_ZNSt12_Vector_baseImSaImEE19_M_get_Tp_allocatorEv>
  4050f8:	48 89 c1             	mov    rcx,rax
  4050fb:	48 8b 45 f8          	mov    rax,QWORD PTR [rbp-0x8]
  4050ff:	48 8b 00             	mov    rax,QWORD PTR [rax]
  405102:	48 8b 55 e8          	mov    rdx,QWORD PTR [rbp-0x18]
  405106:	48 8b 75 f0          	mov    rsi,QWORD PTR [rbp-0x10]
  40510a:	48 89 c7             	mov    rdi,rax
  40510d:	e8 d3 03 00 00       	call   4054e5 <_ZSt24__uninitialized_fill_n_aIPmmmmET_S1_T0_RKT1_RSaIT2_E>
  405112:	48 8b 55 f8          	mov    rdx,QWORD PTR [rbp-0x8]
  405116:	48 89 42 08          	mov    QWORD PTR [rdx+0x8],rax
  40511a:	90                   	nop
  40511b:	c9                   	leave  
  40511c:	c3                   	ret    
  40511d:	90                   	nop

000000000040511e <_ZNKSt6vectorImSaImEE11_M_data_ptrImEEPT_S4_>:
  40511e:	55                   	push   rbp
  40511f:	48 89 e5             	mov    rbp,rsp
  405122:	48 89 7d f8          	mov    QWORD PTR [rbp-0x8],rdi
  405126:	48 89 75 f0          	mov    QWORD PTR [rbp-0x10],rsi
  40512a:	48 8b 45 f0          	mov    rax,QWORD PTR [rbp-0x10]
  40512e:	5d                   	pop    rbp
  40512f:	c3                   	ret    

0000000000405130 <_ZNSt6vectorImSaImEE11_S_max_sizeERKS0_>:
  405130:	55                   	push   rbp
  405131:	48 89 e5             	mov    rbp,rsp
  405134:	48 83 ec 20          	sub    rsp,0x20
  405138:	48 89 7d e8          	mov    QWORD PTR [rbp-0x18],rdi
  40513c:	48 b8 ff ff ff ff ff 	movabs rax,0xfffffffffffffff
  405143:	ff ff 0f 
  405146:	48 89 45 f8          	mov    QWORD PTR [rbp-0x8],rax
  40514a:	48 8b 45 e8          	mov    rax,QWORD PTR [rbp-0x18]
  40514e:	48 89 c7             	mov    rdi,rax
  405151:	e8 c0 03 00 00       	call   405516 <_ZNSt16allocator_traitsISaImEE8max_sizeERKS0_>
  405156:	48 89 45 f0          	mov    QWORD PTR [rbp-0x10],rax
  40515a:	48 8d 55 f0          	lea    rdx,[rbp-0x10]
  40515e:	48 8d 45 f8          	lea    rax,[rbp-0x8]
  405162:	48 89 d6             	mov    rsi,rdx
  405165:	48 89 c7             	mov    rdi,rax
  405168:	e8 24 f8 ff ff       	call   404991 <_ZSt3minImERKT_S2_S2_>
  40516d:	48 8b 00             	mov    rax,QWORD PTR [rax]
  405170:	c9                   	leave  
  405171:	c3                   	ret    

0000000000405172 <_ZNSaImEC1ERKS_>:
  405172:	55                   	push   rbp
  405173:	48 89 e5             	mov    rbp,rsp
  405176:	48 83 ec 10          	sub    rsp,0x10
  40517a:	48 89 7d f8          	mov    QWORD PTR [rbp-0x8],rdi
  40517e:	48 89 75 f0          	mov    QWORD PTR [rbp-0x10],rsi
  405182:	48 8b 55 f0          	mov    rdx,QWORD PTR [rbp-0x10]
  405186:	48 8b 45 f8          	mov    rax,QWORD PTR [rbp-0x8]
  40518a:	48 89 d6             	mov    rsi,rdx
  40518d:	48 89 c7             	mov    rdi,rax
  405190:	e8 9b 03 00 00       	call   405530 <_ZN9__gnu_cxx13new_allocatorImEC1ERKS1_>
  405195:	90                   	nop
  405196:	c9                   	leave  
  405197:	c3                   	ret    

0000000000405198 <_ZNSt12_Vector_baseImSaImEE12_Vector_implC1ERKS0_>:
  405198:	55                   	push   rbp
  405199:	48 89 e5             	mov    rbp,rsp
  40519c:	48 83 ec 10          	sub    rsp,0x10
  4051a0:	48 89 7d f8          	mov    QWORD PTR [rbp-0x8],rdi
  4051a4:	48 89 75 f0          	mov    QWORD PTR [rbp-0x10],rsi
  4051a8:	48 8b 55 f0          	mov    rdx,QWORD PTR [rbp-0x10]
  4051ac:	48 8b 45 f8          	mov    rax,QWORD PTR [rbp-0x8]
  4051b0:	48 89 d6             	mov    rsi,rdx
  4051b3:	48 89 c7             	mov    rdi,rax
  4051b6:	e8 b7 ff ff ff       	call   405172 <_ZNSaImEC1ERKS_>
  4051bb:	48 8b 45 f8          	mov    rax,QWORD PTR [rbp-0x8]
  4051bf:	48 89 c7             	mov    rdi,rax
  4051c2:	e8 79 03 00 00       	call   405540 <_ZNSt12_Vector_baseImSaImEE17_Vector_impl_dataC1Ev>
  4051c7:	90                   	nop
  4051c8:	c9                   	leave  
  4051c9:	c3                   	ret    

00000000004051ca <_ZNSt12_Vector_baseImSaImEE17_M_create_storageEm>:
  4051ca:	55                   	push   rbp
  4051cb:	48 89 e5             	mov    rbp,rsp
  4051ce:	48 83 ec 10          	sub    rsp,0x10
  4051d2:	48 89 7d f8          	mov    QWORD PTR [rbp-0x8],rdi
  4051d6:	48 89 75 f0          	mov    QWORD PTR [rbp-0x10],rsi
  4051da:	48 8b 55 f0          	mov    rdx,QWORD PTR [rbp-0x10]
  4051de:	48 8b 45 f8          	mov    rax,QWORD PTR [rbp-0x8]
  4051e2:	48 89 d6             	mov    rsi,rdx
  4051e5:	48 89 c7             	mov    rdi,rax
  4051e8:	e8 81 03 00 00       	call   40556e <_ZNSt12_Vector_baseImSaImEE11_M_allocateEm>
  4051ed:	48 8b 55 f8          	mov    rdx,QWORD PTR [rbp-0x8]
  4051f1:	48 89 02             	mov    QWORD PTR [rdx],rax
  4051f4:	48 8b 45 f8          	mov    rax,QWORD PTR [rbp-0x8]
  4051f8:	48 8b 10             	mov    rdx,QWORD PTR [rax]
  4051fb:	48 8b 45 f8          	mov    rax,QWORD PTR [rbp-0x8]
  4051ff:	48 89 50 08          	mov    QWORD PTR [rax+0x8],rdx
  405203:	48 8b 45 f8          	mov    rax,QWORD PTR [rbp-0x8]
  405207:	48 8b 10             	mov    rdx,QWORD PTR [rax]
  40520a:	48 8b 45 f0          	mov    rax,QWORD PTR [rbp-0x10]
  40520e:	48 c1 e0 03          	shl    rax,0x3
  405212:	48 01 c2             	add    rdx,rax
  405215:	48 8b 45 f8          	mov    rax,QWORD PTR [rbp-0x8]
  405219:	48 89 50 10          	mov    QWORD PTR [rax+0x10],rdx
  40521d:	90                   	nop
  40521e:	c9                   	leave  
  40521f:	c3                   	ret    

0000000000405220 <_ZNSt12_Vector_baseImSaImEE13_M_deallocateEPmm>:
  405220:	55                   	push   rbp
  405221:	48 89 e5             	mov    rbp,rsp
  405224:	48 83 ec 20          	sub    rsp,0x20
  405228:	48 89 7d f8          	mov    QWORD PTR [rbp-0x8],rdi
  40522c:	48 89 75 f0          	mov    QWORD PTR [rbp-0x10],rsi
  405230:	48 89 55 e8          	mov    QWORD PTR [rbp-0x18],rdx
  405234:	48 83 7d f0 00       	cmp    QWORD PTR [rbp-0x10],0x0
  405239:	74 17                	je     405252 <_ZNSt12_Vector_baseImSaImEE13_M_deallocateEPmm+0x32>
  40523b:	48 8b 45 f8          	mov    rax,QWORD PTR [rbp-0x8]
  40523f:	48 8b 55 e8          	mov    rdx,QWORD PTR [rbp-0x18]
  405243:	48 8b 4d f0          	mov    rcx,QWORD PTR [rbp-0x10]
  405247:	48 89 ce             	mov    rsi,rcx
  40524a:	48 89 c7             	mov    rdi,rax
  40524d:	e8 4f 03 00 00       	call   4055a1 <_ZNSt16allocator_traitsISaImEE10deallocateERS0_Pmm>
  405252:	90                   	nop
  405253:	c9                   	leave  
  405254:	c3                   	ret    

0000000000405255 <_ZSt27__uninitialized_default_n_aIPmmmET_S1_T0_RSaIT1_E>:
  405255:	55                   	push   rbp
  405256:	48 89 e5             	mov    rbp,rsp
  405259:	48 83 ec 20          	sub    rsp,0x20
  40525d:	48 89 7d f8          	mov    QWORD PTR [rbp-0x8],rdi
  405261:	48 89 75 f0          	mov    QWORD PTR [rbp-0x10],rsi
  405265:	48 89 55 e8          	mov    QWORD PTR [rbp-0x18],rdx
  405269:	48 8b 55 f0          	mov    rdx,QWORD PTR [rbp-0x10]
  40526d:	48 8b 45 f8          	mov    rax,QWORD PTR [rbp-0x8]
  405271:	48 89 d6             	mov    rsi,rdx
  405274:	48 89 c7             	mov    rdi,rax
  405277:	e8 53 03 00 00       	call   4055cf <_ZSt25__uninitialized_default_nIPmmET_S1_T0_>
  40527c:	c9                   	leave  
  40527d:	c3                   	ret    

000000000040527e <_ZSt8_DestroyIPmEvT_S1_>:
  40527e:	55                   	push   rbp
  40527f:	48 89 e5             	mov    rbp,rsp
  405282:	48 83 ec 10          	sub    rsp,0x10
  405286:	48 89 7d f8          	mov    QWORD PTR [rbp-0x8],rdi
  40528a:	48 89 75 f0          	mov    QWORD PTR [rbp-0x10],rsi
  40528e:	48 8b 55 f0          	mov    rdx,QWORD PTR [rbp-0x10]
  405292:	48 8b 45 f8          	mov    rax,QWORD PTR [rbp-0x8]
  405296:	48 89 d6             	mov    rsi,rdx
  405299:	48 89 c7             	mov    rdi,rax
  40529c:	e8 57 03 00 00       	call   4055f8 <_ZNSt12_Destroy_auxILb1EE9__destroyIPmEEvT_S3_>
  4052a1:	90                   	nop
  4052a2:	c9                   	leave  
  4052a3:	c3                   	ret    

00000000004052a4 <_ZNSt8__detail5__modImLm4294967296ELm1ELm0EEET_S1_>:
  4052a4:	55                   	push   rbp
  4052a5:	48 89 e5             	mov    rbp,rsp
  4052a8:	48 83 ec 20          	sub    rsp,0x20
  4052ac:	48 89 7d e8          	mov    QWORD PTR [rbp-0x18],rdi
  4052b0:	48 c7 45 f8 01 00 00 	mov    QWORD PTR [rbp-0x8],0x1
  4052b7:	00 
  4052b8:	48 8b 45 e8          	mov    rax,QWORD PTR [rbp-0x18]
  4052bc:	48 89 c7             	mov    rdi,rax
  4052bf:	e8 43 03 00 00       	call   405607 <_ZNSt8__detail4_ModImLm4294967296ELm1ELm0ELb1ELb1EE6__calcEm>
  4052c4:	90                   	nop
  4052c5:	c9                   	leave  
  4052c6:	c3                   	ret    

00000000004052c7 <_ZNSt8__detail5__modImLm624ELm1ELm0EEET_S1_>:
  4052c7:	55                   	push   rbp
  4052c8:	48 89 e5             	mov    rbp,rsp
  4052cb:	48 83 ec 20          	sub    rsp,0x20
  4052cf:	48 89 7d e8          	mov    QWORD PTR [rbp-0x18],rdi
  4052d3:	48 c7 45 f8 01 00 00 	mov    QWORD PTR [rbp-0x8],0x1
  4052da:	00 
  4052db:	48 8b 45 e8          	mov    rax,QWORD PTR [rbp-0x18]
  4052df:	48 89 c7             	mov    rdi,rax
  4052e2:	e8 3f 03 00 00       	call   405626 <_ZNSt8__detail4_ModImLm624ELm1ELm0ELb1ELb1EE6__calcEm>
  4052e7:	90                   	nop
  4052e8:	c9                   	leave  
  4052e9:	c3                   	ret    

00000000004052ea <_ZNK9__gnu_cxx17__normal_iteratorIPmSt6vectorImSaImEEE4baseEv>:
  4052ea:	55                   	push   rbp
  4052eb:	48 89 e5             	mov    rbp,rsp
  4052ee:	48 89 7d f8          	mov    QWORD PTR [rbp-0x8],rdi
  4052f2:	48 8b 45 f8          	mov    rax,QWORD PTR [rbp-0x8]
  4052f6:	5d                   	pop    rbp
  4052f7:	c3                   	ret    

00000000004052f8 <_ZNK9__gnu_cxx17__normal_iteratorIPmSt6vectorImSaImEEEdeEv>:
  4052f8:	55                   	push   rbp
  4052f9:	48 89 e5             	mov    rbp,rsp
  4052fc:	48 89 7d f8          	mov    QWORD PTR [rbp-0x8],rdi
  405300:	48 8b 45 f8          	mov    rax,QWORD PTR [rbp-0x8]
  405304:	48 8b 00             	mov    rax,QWORD PTR [rax]
  405307:	5d                   	pop    rbp
  405308:	c3                   	ret    

0000000000405309 <_ZSt4moveIRmEONSt16remove_referenceIT_E4typeEOS2_>:
  405309:	55                   	push   rbp
  40530a:	48 89 e5             	mov    rbp,rsp
  40530d:	48 89 7d f8          	mov    QWORD PTR [rbp-0x8],rdi
  405311:	48 8b 45 f8          	mov    rax,QWORD PTR [rbp-0x8]
  405315:	5d                   	pop    rbp
  405316:	c3                   	ret    

0000000000405317 <_ZSt4swapImENSt9enable_ifIXsrSt6__and_IJSt6__not_ISt15__is_tuple_likeIT_EESt21is_move_constructibleIS4_ESt18is_move_assignableIS4_EEE5valueEvE4typeERS4_SE_>:
  405317:	55                   	push   rbp
  405318:	48 89 e5             	mov    rbp,rsp
  40531b:	48 83 ec 20          	sub    rsp,0x20
  40531f:	48 89 7d e8          	mov    QWORD PTR [rbp-0x18],rdi
  405323:	48 89 75 e0          	mov    QWORD PTR [rbp-0x20],rsi
  405327:	48 8b 45 e8          	mov    rax,QWORD PTR [rbp-0x18]
  40532b:	48 89 c7             	mov    rdi,rax
  40532e:	e8 d6 ff ff ff       	call   405309 <_ZSt4moveIRmEONSt16remove_referenceIT_E4typeEOS2_>
  405333:	48 8b 00             	mov    rax,QWORD PTR [rax]
  405336:	48 89 45 f8          	mov    QWORD PTR [rbp-0x8],rax
  40533a:	48 8b 45 e0          	mov    rax,QWORD PTR [rbp-0x20]
  40533e:	48 89 c7             	mov    rdi,rax
  405341:	e8 c3 ff ff ff       	call   405309 <_ZSt4moveIRmEONSt16remove_referenceIT_E4typeEOS2_>
  405346:	48 8b 10             	mov    rdx,QWORD PTR [rax]
  405349:	48 8b 45 e8          	mov    rax,QWORD PTR [rbp-0x18]
  40534d:	48 89 10             	mov    QWORD PTR [rax],rdx
  405350:	48 8d 45 f8          	lea    rax,[rbp-0x8]
  405354:	48 89 c7             	mov    rdi,rax
  405357:	e8 ad ff ff ff       	call   405309 <_ZSt4moveIRmEONSt16remove_referenceIT_E4typeEOS2_>
  40535c:	48 8b 10             	mov    rdx,QWORD PTR [rax]
  40535f:	48 8b 45 e0          	mov    rax,QWORD PTR [rbp-0x20]
  405363:	48 89 10             	mov    QWORD PTR [rax],rdx
  405366:	90                   	nop
  405367:	c9                   	leave  
  405368:	c3                   	ret    

0000000000405369 <_ZSt9make_pairImmESt4pairINSt25__strip_reference_wrapperINSt5decayIT_E4typeEE6__typeENS1_INS2_IT0_E4typeEE6__typeEEOS3_OS8_>:
  405369:	55                   	push   rbp
  40536a:	48 89 e5             	mov    rbp,rsp
  40536d:	53                   	push   rbx
  40536e:	48 83 ec 28          	sub    rsp,0x28
  405372:	48 89 7d d8          	mov    QWORD PTR [rbp-0x28],rdi
  405376:	48 89 75 d0          	mov    QWORD PTR [rbp-0x30],rsi
  40537a:	48 8b 45 d0          	mov    rax,QWORD PTR [rbp-0x30]
  40537e:	48 89 c7             	mov    rdi,rax
  405381:	e8 e5 02 00 00       	call   40566b <_ZSt7forwardImEOT_RNSt16remove_referenceIS0_E4typeE>
  405386:	48 89 c3             	mov    rbx,rax
  405389:	48 8b 45 d8          	mov    rax,QWORD PTR [rbp-0x28]
  40538d:	48 89 c7             	mov    rdi,rax
  405390:	e8 d6 02 00 00       	call   40566b <_ZSt7forwardImEOT_RNSt16remove_referenceIS0_E4typeE>
  405395:	48 89 c1             	mov    rcx,rax
  405398:	48 8d 45 e0          	lea    rax,[rbp-0x20]
  40539c:	48 89 da             	mov    rdx,rbx
  40539f:	48 89 ce             	mov    rsi,rcx
  4053a2:	48 89 c7             	mov    rdi,rax
  4053a5:	e8 d0 02 00 00       	call   40567a <_ZNSt4pairImmEC1ImmLb1EEEOT_OT0_>
  4053aa:	48 8b 45 e0          	mov    rax,QWORD PTR [rbp-0x20]
  4053ae:	48 8b 55 e8          	mov    rdx,QWORD PTR [rbp-0x18]
  4053b2:	48 8b 5d f8          	mov    rbx,QWORD PTR [rbp-0x8]
  4053b6:	c9                   	leave  
  4053b7:	c3                   	ret    

00000000004053b8 <_ZNKSt24uniform_int_distributionImE10param_type1bEv>:
  4053b8:	55                   	push   rbp
  4053b9:	48 89 e5             	mov    rbp,rsp
  4053bc:	48 89 7d f8          	mov    QWORD PTR [rbp-0x8],rdi
  4053c0:	48 8b 45 f8          	mov    rax,QWORD PTR [rbp-0x8]
  4053c4:	48 8b 40 08          	mov    rax,QWORD PTR [rax+0x8]
  4053c8:	5d                   	pop    rbp
  4053c9:	c3                   	ret    

00000000004053ca <_ZNKSt24uniform_int_distributionImE10param_type1aEv>:
  4053ca:	55                   	push   rbp
  4053cb:	48 89 e5             	mov    rbp,rsp
  4053ce:	48 89 7d f8          	mov    QWORD PTR [rbp-0x8],rdi
  4053d2:	48 8b 45 f8          	mov    rax,QWORD PTR [rbp-0x8]
  4053d6:	48 8b 00             	mov    rax,QWORD PTR [rax]
  4053d9:	5d                   	pop    rbp
  4053da:	c3                   	ret    

00000000004053db <_ZNSt24uniform_int_distributionImE5_S_ndImSt23mersenne_twister_engineImLm32ELm624ELm397ELm31ELm2567483615ELm11ELm4294967295ELm7ELm2636928640ELm15ELm4022730752ELm18ELm1812433253EEjEET1_RT0_S4_>:
  4053db:	55                   	push   rbp
  4053dc:	48 89 e5             	mov    rbp,rsp
  4053df:	48 83 ec 20          	sub    rsp,0x20
  4053e3:	48 89 7d e8          	mov    QWORD PTR [rbp-0x18],rdi
  4053e7:	89 75 e4             	mov    DWORD PTR [rbp-0x1c],esi
  4053ea:	48 8b 45 e8          	mov    rax,QWORD PTR [rbp-0x18]
  4053ee:	48 89 c7             	mov    rdi,rax
  4053f1:	e8 5c 00 00 00       	call   405452 <_ZNSt23mersenne_twister_engineImLm32ELm624ELm397ELm31ELm2567483615ELm11ELm4294967295ELm7ELm2636928640ELm15ELm4022730752ELm18ELm1812433253EEclEv>
  4053f6:	8b 55 e4             	mov    edx,DWORD PTR [rbp-0x1c]
  4053f9:	48 0f af c2          	imul   rax,rdx
  4053fd:	48 89 45 f8          	mov    QWORD PTR [rbp-0x8],rax
  405401:	48 8b 45 f8          	mov    rax,QWORD PTR [rbp-0x8]
  405405:	89 45 f4             	mov    DWORD PTR [rbp-0xc],eax
  405408:	8b 45 f4             	mov    eax,DWORD PTR [rbp-0xc]
  40540b:	3b 45 e4             	cmp    eax,DWORD PTR [rbp-0x1c]
  40540e:	73 38                	jae    405448 <_ZNSt24uniform_int_distributionImE5_S_ndImSt23mersenne_twister_engineImLm32ELm624ELm397ELm31ELm2567483615ELm11ELm4294967295ELm7ELm2636928640ELm15ELm4022730752ELm18ELm1812433253EEjEET1_RT0_S4_+0x6d>
  405410:	8b 45 e4             	mov    eax,DWORD PTR [rbp-0x1c]
  405413:	f7 d8                	neg    eax
  405415:	ba 00 00 00 00       	mov    edx,0x0
  40541a:	f7 75 e4             	div    DWORD PTR [rbp-0x1c]
  40541d:	89 55 f0             	mov    DWORD PTR [rbp-0x10],edx
  405420:	eb 1e                	jmp    405440 <_ZNSt24uniform_int_distributionImE5_S_ndImSt23mersenne_twister_engineImLm32ELm624ELm397ELm31ELm2567483615ELm11ELm4294967295ELm7ELm2636928640ELm15ELm4022730752ELm18ELm1812433253EEjEET1_RT0_S4_+0x65>
  405422:	48 8b 45 e8          	mov    rax,QWORD PTR [rbp-0x18]
  405426:	48 89 c7             	mov    rdi,rax
  405429:	e8 24 00 00 00       	call   405452 <_ZNSt23mersenne_twister_engineImLm32ELm624ELm397ELm31ELm2567483615ELm11ELm4294967295ELm7ELm2636928640ELm15ELm4022730752ELm18ELm1812433253EEclEv>
  40542e:	8b 55 e4             	mov    edx,DWORD PTR [rbp-0x1c]
  405431:	48 0f af c2          	imul   rax,rdx
  405435:	48 89 45 f8          	mov    QWORD PTR [rbp-0x8],rax
  405439:	48 8b 45 f8          	mov    rax,QWORD PTR [rbp-0x8]
  40543d:	89 45 f4             	mov    DWORD PTR [rbp-0xc],eax
  405440:	8b 45 f4             	mov    eax,DWORD PTR [rbp-0xc]
  405443:	3b 45 f0             	cmp    eax,DWORD PTR [rbp-0x10]
  405446:	72 da                	jb     405422 <_ZNSt24uniform_int_distributionImE5_S_ndImSt23mersenne_twister_engineImLm32ELm624ELm397ELm31ELm2567483615ELm11ELm4294967295ELm7ELm2636928640ELm15ELm4022730752ELm18ELm1812433253EEjEET1_RT0_S4_+0x47>
  405448:	48 8b 45 f8          	mov    rax,QWORD PTR [rbp-0x8]
  40544c:	48 c1 e8 20          	shr    rax,0x20
  405450:	c9                   	leave  
  405451:	c3                   	ret    

0000000000405452 <_ZNSt23mersenne_twister_engineImLm32ELm624ELm397ELm31ELm2567483615ELm11ELm4294967295ELm7ELm2636928640ELm15ELm4022730752ELm18ELm1812433253EEclEv>:
  405452:	55                   	push   rbp
  405453:	48 89 e5             	mov    rbp,rsp
  405456:	48 83 ec 20          	sub    rsp,0x20
  40545a:	48 89 7d e8          	mov    QWORD PTR [rbp-0x18],rdi
  40545e:	48 8b 45 e8          	mov    rax,QWORD PTR [rbp-0x18]
  405462:	48 8b 80 80 13 00 00 	mov    rax,QWORD PTR [rax+0x1380]
  405469:	48 3d 6f 02 00 00    	cmp    rax,0x26f
  40546f:	76 0c                	jbe    40547d <_ZNSt23mersenne_twister_engineImLm32ELm624ELm397ELm31ELm2567483615ELm11ELm4294967295ELm7ELm2636928640ELm15ELm4022730752ELm18ELm1812433253EEclEv+0x2b>
  405471:	48 8b 45 e8          	mov    rax,QWORD PTR [rbp-0x18]
  405475:	48 89 c7             	mov    rdi,rax
  405478:	e8 41 02 00 00       	call   4056be <_ZNSt23mersenne_twister_engineImLm32ELm624ELm397ELm31ELm2567483615ELm11ELm4294967295ELm7ELm2636928640ELm15ELm4022730752ELm18ELm1812433253EE11_M_gen_randEv>
  40547d:	48 8b 45 e8          	mov    rax,QWORD PTR [rbp-0x18]
  405481:	48 8b 80 80 13 00 00 	mov    rax,QWORD PTR [rax+0x1380]
  405488:	48 8d 48 01          	lea    rcx,[rax+0x1]
  40548c:	48 8b 55 e8          	mov    rdx,QWORD PTR [rbp-0x18]
  405490:	48 89 8a 80 13 00 00 	mov    QWORD PTR [rdx+0x1380],rcx
  405497:	48 8b 55 e8          	mov    rdx,QWORD PTR [rbp-0x18]
  40549b:	48 8b 04 c2          	mov    rax,QWORD PTR [rdx+rax*8]
  40549f:	48 89 45 f8          	mov    QWORD PTR [rbp-0x8],rax
  4054a3:	48 8b 45 f8          	mov    rax,QWORD PTR [rbp-0x8]
  4054a7:	48 c1 e8 0b          	shr    rax,0xb
  4054ab:	89 c0                	mov    eax,eax
  4054ad:	48 31 45 f8          	xor    QWORD PTR [rbp-0x8],rax
  4054b1:	48 8b 45 f8          	mov    rax,QWORD PTR [rbp-0x8]
  4054b5:	48 c1 e0 07          	shl    rax,0x7
  4054b9:	25 80 56 2c 9d       	and    eax,0x9d2c5680
  4054be:	48 31 45 f8          	xor    QWORD PTR [rbp-0x8],rax
  4054c2:	48 8b 45 f8          	mov    rax,QWORD PTR [rbp-0x8]
  4054c6:	48 c1 e0 0f          	shl    rax,0xf
  4054ca:	25 00 00 c6 ef       	and    eax,0xefc60000
  4054cf:	48 31 45 f8          	xor    QWORD PTR [rbp-0x8],rax
  4054d3:	48 8b 45 f8          	mov    rax,QWORD PTR [rbp-0x8]
  4054d7:	48 c1 e8 12          	shr    rax,0x12
  4054db:	48 31 45 f8          	xor    QWORD PTR [rbp-0x8],rax
  4054df:	48 8b 45 f8          	mov    rax,QWORD PTR [rbp-0x8]
  4054e3:	c9                   	leave  
  4054e4:	c3                   	ret    

00000000004054e5 <_ZSt24__uninitialized_fill_n_aIPmmmmET_S1_T0_RKT1_RSaIT2_E>:
  4054e5:	55                   	push   rbp
  4054e6:	48 89 e5             	mov    rbp,rsp
  4054e9:	48 83 ec 20          	sub    rsp,0x20
  4054ed:	48 89 7d f8          	mov    QWORD PTR [rbp-0x8],rdi
  4054f1:	48 89 75 f0          	mov    QWORD PTR [rbp-0x10],rsi
  4054f5:	48 89 55 e8          	mov    QWORD PTR [rbp-0x18],rdx
  4054f9:	48 89 4d e0          	mov    QWORD PTR [rbp-0x20],rcx
  4054fd:	48 8b 55 e8          	mov    rdx,QWORD PTR [rbp-0x18]
  405501:	48 8b 4d f0          	mov    rcx,QWORD PTR [rbp-0x10]
  405505:	48 8b 45 f8          	mov    rax,QWORD PTR [rbp-0x8]
  405509:	48 89 ce             	mov    rsi,rcx
  40550c:	48 89 c7             	mov    rdi,rax
  40550f:	e8 60 03 00 00       	call   405874 <_ZSt20uninitialized_fill_nIPmmmET_S1_T0_RKT1_>
  405514:	c9                   	leave  
  405515:	c3                   	ret    

0000000000405516 <_ZNSt16allocator_traitsISaImEE8max_sizeERKS0_>:
  405516:	55                   	push   rbp
  405517:	48 89 e5             	mov    rbp,rsp
  40551a:	48 83 ec 10          	sub    rsp,0x10
  40551e:	48 89 7d f8          	mov    QWORD PTR [rbp-0x8],rdi
  405522:	48 8b 45 f8          	mov    rax,QWORD PTR [rbp-0x8]
  405526:	48 89 c7             	mov    rdi,rax
  405529:	e8 78 03 00 00       	call   4058a6 <_ZNK9__gnu_cxx13new_allocatorImE8max_sizeEv>
  40552e:	c9                   	leave  
  40552f:	c3                   	ret    

0000000000405530 <_ZN9__gnu_cxx13new_allocatorImEC1ERKS1_>:
  405530:	55                   	push   rbp
  405531:	48 89 e5             	mov    rbp,rsp
  405534:	48 89 7d f8          	mov    QWORD PTR [rbp-0x8],rdi
  405538:	48 89 75 f0          	mov    QWORD PTR [rbp-0x10],rsi
  40553c:	90                   	nop
  40553d:	5d                   	pop    rbp
  40553e:	c3                   	ret    
  40553f:	90                   	nop

0000000000405540 <_ZNSt12_Vector_baseImSaImEE17_Vector_impl_dataC1Ev>:
  405540:	55                   	push   rbp
  405541:	48 89 e5             	mov    rbp,rsp
  405544:	48 89 7d f8          	mov    QWORD PTR [rbp-0x8],rdi
  405548:	48 8b 45 f8          	mov    rax,QWORD PTR [rbp-0x8]
  40554c:	48 c7 00 00 00 00 00 	mov    QWORD PTR [rax],0x0
  405553:	48 8b 45 f8          	mov    rax,QWORD PTR [rbp-0x8]
  405557:	48 c7 40 08 00 00 00 	mov    QWORD PTR [rax+0x8],0x0
  40555e:	00 
  40555f:	48 8b 45 f8          	mov    rax,QWORD PTR [rbp-0x8]
  405563:	48 c7 40 10 00 00 00 	mov    QWORD PTR [rax+0x10],0x0
  40556a:	00 
  40556b:	90                   	nop
  40556c:	5d                   	pop    rbp
  40556d:	c3                   	ret    

000000000040556e <_ZNSt12_Vector_baseImSaImEE11_M_allocateEm>:
  40556e:	55                   	push   rbp
  40556f:	48 89 e5             	mov    rbp,rsp
  405572:	48 83 ec 10          	sub    rsp,0x10
  405576:	48 89 7d f8          	mov    QWORD PTR [rbp-0x8],rdi
  40557a:	48 89 75 f0          	mov    QWORD PTR [rbp-0x10],rsi
  40557e:	48 83 7d f0 00       	cmp    QWORD PTR [rbp-0x10],0x0
  405583:	74 15                	je     40559a <_ZNSt12_Vector_baseImSaImEE11_M_allocateEm+0x2c>
  405585:	48 8b 45 f8          	mov    rax,QWORD PTR [rbp-0x8]
  405589:	48 8b 55 f0          	mov    rdx,QWORD PTR [rbp-0x10]
  40558d:	48 89 d6             	mov    rsi,rdx
  405590:	48 89 c7             	mov    rdi,rax
  405593:	e8 28 03 00 00       	call   4058c0 <_ZNSt16allocator_traitsISaImEE8allocateERS0_m>
  405598:	eb 05                	jmp    40559f <_ZNSt12_Vector_baseImSaImEE11_M_allocateEm+0x31>
  40559a:	b8 00 00 00 00       	mov    eax,0x0
  40559f:	c9                   	leave  
  4055a0:	c3                   	ret    

00000000004055a1 <_ZNSt16allocator_traitsISaImEE10deallocateERS0_Pmm>:
  4055a1:	55                   	push   rbp
  4055a2:	48 89 e5             	mov    rbp,rsp
  4055a5:	48 83 ec 20          	sub    rsp,0x20
  4055a9:	48 89 7d f8          	mov    QWORD PTR [rbp-0x8],rdi
  4055ad:	48 89 75 f0          	mov    QWORD PTR [rbp-0x10],rsi
  4055b1:	48 89 55 e8          	mov    QWORD PTR [rbp-0x18],rdx
  4055b5:	48 8b 55 e8          	mov    rdx,QWORD PTR [rbp-0x18]
  4055b9:	48 8b 4d f0          	mov    rcx,QWORD PTR [rbp-0x10]
  4055bd:	48 8b 45 f8          	mov    rax,QWORD PTR [rbp-0x8]
  4055c1:	48 89 ce             	mov    rsi,rcx
  4055c4:	48 89 c7             	mov    rdi,rax
  4055c7:	e8 1e 03 00 00       	call   4058ea <_ZN9__gnu_cxx13new_allocatorImE10deallocateEPmm>
  4055cc:	90                   	nop
  4055cd:	c9                   	leave  
  4055ce:	c3                   	ret    

00000000004055cf <_ZSt25__uninitialized_default_nIPmmET_S1_T0_>:
  4055cf:	55                   	push   rbp
  4055d0:	48 89 e5             	mov    rbp,rsp
  4055d3:	48 83 ec 20          	sub    rsp,0x20
  4055d7:	48 89 7d e8          	mov    QWORD PTR [rbp-0x18],rdi
  4055db:	48 89 75 e0          	mov    QWORD PTR [rbp-0x20],rsi
  4055df:	c6 45 ff 01          	mov    BYTE PTR [rbp-0x1],0x1
  4055e3:	48 8b 55 e0          	mov    rdx,QWORD PTR [rbp-0x20]
  4055e7:	48 8b 45 e8          	mov    rax,QWORD PTR [rbp-0x18]
  4055eb:	48 89 d6             	mov    rsi,rdx
  4055ee:	48 89 c7             	mov    rdi,rax
  4055f1:	e8 25 03 00 00       	call   40591b <_ZNSt27__uninitialized_default_n_1ILb1EE18__uninit_default_nIPmmEET_S3_T0_>
  4055f6:	c9                   	leave  
  4055f7:	c3                   	ret    

00000000004055f8 <_ZNSt12_Destroy_auxILb1EE9__destroyIPmEEvT_S3_>:
  4055f8:	55                   	push   rbp
  4055f9:	48 89 e5             	mov    rbp,rsp
  4055fc:	48 89 7d f8          	mov    QWORD PTR [rbp-0x8],rdi
  405600:	48 89 75 f0          	mov    QWORD PTR [rbp-0x10],rsi
  405604:	90                   	nop
  405605:	5d                   	pop    rbp
  405606:	c3                   	ret    

0000000000405607 <_ZNSt8__detail4_ModImLm4294967296ELm1ELm0ELb1ELb1EE6__calcEm>:
  405607:	55                   	push   rbp
  405608:	48 89 e5             	mov    rbp,rsp
  40560b:	48 89 7d e8          	mov    QWORD PTR [rbp-0x18],rdi
  40560f:	48 8b 45 e8          	mov    rax,QWORD PTR [rbp-0x18]
  405613:	48 89 45 f8          	mov    QWORD PTR [rbp-0x8],rax
  405617:	b8 ff ff ff ff       	mov    eax,0xffffffff
  40561c:	48 21 45 f8          	and    QWORD PTR [rbp-0x8],rax
  405620:	48 8b 45 f8          	mov    rax,QWORD PTR [rbp-0x8]
  405624:	5d                   	pop    rbp
  405625:	c3                   	ret    

0000000000405626 <_ZNSt8__detail4_ModImLm624ELm1ELm0ELb1ELb1EE6__calcEm>:
  405626:	55                   	push   rbp
  405627:	48 89 e5             	mov    rbp,rsp
  40562a:	48 89 7d e8          	mov    QWORD PTR [rbp-0x18],rdi
  40562e:	48 8b 45 e8          	mov    rax,QWORD PTR [rbp-0x18]
  405632:	48 89 45 f8          	mov    QWORD PTR [rbp-0x8],rax
  405636:	48 8b 4d f8          	mov    rcx,QWORD PTR [rbp-0x8]
  40563a:	48 89 c8             	mov    rax,rcx
  40563d:	48 c1 e8 04          	shr    rax,0x4
  405641:	48 ba 21 0d d2 20 0d 	movabs rdx,0xd20d20d20d20d21
  405648:	d2 20 0d 
  40564b:	48 f7 e2             	mul    rdx
  40564e:	48 89 d0             	mov    rax,rdx
  405651:	48 d1 e8             	shr    rax,1
  405654:	48 69 d0 70 02 00 00 	imul   rdx,rax,0x270
  40565b:	48 89 c8             	mov    rax,rcx
  40565e:	48 29 d0             	sub    rax,rdx
  405661:	48 89 45 f8          	mov    QWORD PTR [rbp-0x8],rax
  405665:	48 8b 45 f8          	mov    rax,QWORD PTR [rbp-0x8]
  405669:	5d                   	pop    rbp
  40566a:	c3                   	ret    

000000000040566b <_ZSt7forwardImEOT_RNSt16remove_referenceIS0_E4typeE>:
  40566b:	55                   	push   rbp
  40566c:	48 89 e5             	mov    rbp,rsp
  40566f:	48 89 7d f8          	mov    QWORD PTR [rbp-0x8],rdi
  405673:	48 8b 45 f8          	mov    rax,QWORD PTR [rbp-0x8]
  405677:	5d                   	pop    rbp
  405678:	c3                   	ret    
  405679:	90                   	nop

000000000040567a <_ZNSt4pairImmEC1ImmLb1EEEOT_OT0_>:
  40567a:	55                   	push   rbp
  40567b:	48 89 e5             	mov    rbp,rsp
  40567e:	48 83 ec 20          	sub    rsp,0x20
  405682:	48 89 7d f8          	mov    QWORD PTR [rbp-0x8],rdi
  405686:	48 89 75 f0          	mov    QWORD PTR [rbp-0x10],rsi
  40568a:	48 89 55 e8          	mov    QWORD PTR [rbp-0x18],rdx
  40568e:	48 8b 45 f0          	mov    rax,QWORD PTR [rbp-0x10]
  405692:	48 89 c7             	mov    rdi,rax
  405695:	e8 d1 ff ff ff       	call   40566b <_ZSt7forwardImEOT_RNSt16remove_referenceIS0_E4typeE>
  40569a:	48 8b 10             	mov    rdx,QWORD PTR [rax]
  40569d:	48 8b 45 f8          	mov    rax,QWORD PTR [rbp-0x8]
  4056a1:	48 89 10             	mov    QWORD PTR [rax],rdx
  4056a4:	48 8b 45 e8          	mov    rax,QWORD PTR [rbp-0x18]
  4056a8:	48 89 c7             	mov    rdi,rax
  4056ab:	e8 bb ff ff ff       	call   40566b <_ZSt7forwardImEOT_RNSt16remove_referenceIS0_E4typeE>
  4056b0:	48 8b 10             	mov    rdx,QWORD PTR [rax]
  4056b3:	48 8b 45 f8          	mov    rax,QWORD PTR [rbp-0x8]
  4056b7:	48 89 50 08          	mov    QWORD PTR [rax+0x8],rdx
  4056bb:	90                   	nop
  4056bc:	c9                   	leave  
  4056bd:	c3                   	ret    

00000000004056be <_ZNSt23mersenne_twister_engineImLm32ELm624ELm397ELm31ELm2567483615ELm11ELm4294967295ELm7ELm2636928640ELm15ELm4022730752ELm18ELm1812433253EE11_M_gen_randEv>:
  4056be:	55                   	push   rbp
  4056bf:	48 89 e5             	mov    rbp,rsp
  4056c2:	48 89 7d b8          	mov    QWORD PTR [rbp-0x48],rdi
  4056c6:	48 c7 45 e8 00 00 00 	mov    QWORD PTR [rbp-0x18],0xffffffff80000000
  4056cd:	80 
  4056ce:	48 c7 45 e0 ff ff ff 	mov    QWORD PTR [rbp-0x20],0x7fffffff
  4056d5:	7f 
  4056d6:	48 c7 45 f8 00 00 00 	mov    QWORD PTR [rbp-0x8],0x0
  4056dd:	00 
  4056de:	eb 7d                	jmp    40575d <_ZNSt23mersenne_twister_engineImLm32ELm624ELm397ELm31ELm2567483615ELm11ELm4294967295ELm7ELm2636928640ELm15ELm4022730752ELm18ELm1812433253EE11_M_gen_randEv+0x9f>
  4056e0:	48 8b 45 b8          	mov    rax,QWORD PTR [rbp-0x48]
  4056e4:	48 8b 55 f8          	mov    rdx,QWORD PTR [rbp-0x8]
  4056e8:	48 8b 04 d0          	mov    rax,QWORD PTR [rax+rdx*8]
  4056ec:	48 25 00 00 00 80    	and    rax,0xffffffff80000000
  4056f2:	48 89 c1             	mov    rcx,rax
  4056f5:	48 8b 45 f8          	mov    rax,QWORD PTR [rbp-0x8]
  4056f9:	48 8d 50 01          	lea    rdx,[rax+0x1]
  4056fd:	48 8b 45 b8          	mov    rax,QWORD PTR [rbp-0x48]
  405701:	48 8b 04 d0          	mov    rax,QWORD PTR [rax+rdx*8]
  405705:	25 ff ff ff 7f       	and    eax,0x7fffffff
  40570a:	48 09 c8             	or     rax,rcx
  40570d:	48 89 45 c8          	mov    QWORD PTR [rbp-0x38],rax
  405711:	48 8b 45 f8          	mov    rax,QWORD PTR [rbp-0x8]
  405715:	48 8d 90 8d 01 00 00 	lea    rdx,[rax+0x18d]
  40571c:	48 8b 45 b8          	mov    rax,QWORD PTR [rbp-0x48]
  405720:	48 8b 14 d0          	mov    rdx,QWORD PTR [rax+rdx*8]
  405724:	48 8b 45 c8          	mov    rax,QWORD PTR [rbp-0x38]
  405728:	48 d1 e8             	shr    rax,1
  40572b:	48 31 c2             	xor    rdx,rax
  40572e:	48 8b 45 c8          	mov    rax,QWORD PTR [rbp-0x38]
  405732:	83 e0 01             	and    eax,0x1
  405735:	48 85 c0             	test   rax,rax
  405738:	74 07                	je     405741 <_ZNSt23mersenne_twister_engineImLm32ELm624ELm397ELm31ELm2567483615ELm11ELm4294967295ELm7ELm2636928640ELm15ELm4022730752ELm18ELm1812433253EE11_M_gen_randEv+0x83>
  40573a:	b8 df b0 08 99       	mov    eax,0x9908b0df
  40573f:	eb 05                	jmp    405746 <_ZNSt23mersenne_twister_engineImLm32ELm624ELm397ELm31ELm2567483615ELm11ELm4294967295ELm7ELm2636928640ELm15ELm4022730752ELm18ELm1812433253EE11_M_gen_randEv+0x88>
  405741:	b8 00 00 00 00       	mov    eax,0x0
  405746:	48 31 d0             	xor    rax,rdx
  405749:	48 89 c1             	mov    rcx,rax
  40574c:	48 8b 45 b8          	mov    rax,QWORD PTR [rbp-0x48]
  405750:	48 8b 55 f8          	mov    rdx,QWORD PTR [rbp-0x8]
  405754:	48 89 0c d0          	mov    QWORD PTR [rax+rdx*8],rcx
  405758:	48 83 45 f8 01       	add    QWORD PTR [rbp-0x8],0x1
  40575d:	48 81 7d f8 e2 00 00 	cmp    QWORD PTR [rbp-0x8],0xe2
  405764:	00 
  405765:	0f 86 75 ff ff ff    	jbe    4056e0 <_ZNSt23mersenne_twister_engineImLm32ELm624ELm397ELm31ELm2567483615ELm11ELm4294967295ELm7ELm2636928640ELm15ELm4022730752ELm18ELm1812433253EE11_M_gen_randEv+0x22>
  40576b:	48 c7 45 f0 e3 00 00 	mov    QWORD PTR [rbp-0x10],0xe3
  405772:	00 
  405773:	eb 7d                	jmp    4057f2 <_ZNSt23mersenne_twister_engineImLm32ELm624ELm397ELm31ELm2567483615ELm11ELm4294967295ELm7ELm2636928640ELm15ELm4022730752ELm18ELm1812433253EE11_M_gen_randEv+0x134>
  405775:	48 8b 45 b8          	mov    rax,QWORD PTR [rbp-0x48]
  405779:	48 8b 55 f0          	mov    rdx,QWORD PTR [rbp-0x10]
  40577d:	48 8b 04 d0          	mov    rax,QWORD PTR [rax+rdx*8]
  405781:	48 25 00 00 00 80    	and    rax,0xffffffff80000000
  405787:	48 89 c1             	mov    rcx,rax
  40578a:	48 8b 45 f0          	mov    rax,QWORD PTR [rbp-0x10]
  40578e:	48 8d 50 01          	lea    rdx,[rax+0x1]
  405792:	48 8b 45 b8          	mov    rax,QWORD PTR [rbp-0x48]
  405796:	48 8b 04 d0          	mov    rax,QWORD PTR [rax+rdx*8]
  40579a:	25 ff ff ff 7f       	and    eax,0x7fffffff
  40579f:	48 09 c8             	or     rax,rcx
  4057a2:	48 89 45 d0          	mov    QWORD PTR [rbp-0x30],rax
  4057a6:	48 8b 45 f0          	mov    rax,QWORD PTR [rbp-0x10]
  4057aa:	48 8d 90 1d ff ff ff 	lea    rdx,[rax-0xe3]
  4057b1:	48 8b 45 b8          	mov    rax,QWORD PTR [rbp-0x48]
  4057b5:	48 8b 14 d0          	mov    rdx,QWORD PTR [rax+rdx*8]
  4057b9:	48 8b 45 d0          	mov    rax,QWORD PTR [rbp-0x30]
  4057bd:	48 d1 e8             	shr    rax,1
  4057c0:	48 31 c2             	xor    rdx,rax
  4057c3:	48 8b 45 d0          	mov    rax,QWORD PTR [rbp-0x30]
  4057c7:	83 e0 01             	and    eax,0x1
  4057ca:	48 85 c0             	test   rax,rax
  4057cd:	74 07                	je     4057d6 <_ZNSt23mersenne_twister_engineImLm32ELm624ELm397ELm31ELm2567483615ELm11ELm4294967295ELm7ELm2636928640ELm15ELm4022730752ELm18ELm1812433253EE11_M_gen_randEv+0x118>
  4057cf:	b8 df b0 08 99       	mov    eax,0x9908b0df
  4057d4:	eb 05                	jmp    4057db <_ZNSt23mersenne_twister_engineImLm32ELm624ELm397ELm31ELm2567483615ELm11ELm4294967295ELm7ELm2636928640ELm15ELm4022730752ELm18ELm1812433253EE11_M_gen_randEv+0x11d>
  4057d6:	b8 00 00 00 00       	mov    eax,0x0
  4057db:	48 31 d0             	xor    rax,rdx
  4057de:	48 89 c1             	mov    rcx,rax
  4057e1:	48 8b 45 b8          	mov    rax,QWORD PTR [rbp-0x48]
  4057e5:	48 8b 55 f0          	mov    rdx,QWORD PTR [rbp-0x10]
  4057e9:	48 89 0c d0          	mov    QWORD PTR [rax+rdx*8],rcx
  4057ed:	48 83 45 f0 01       	add    QWORD PTR [rbp-0x10],0x1
  4057f2:	48 81 7d f0 6e 02 00 	cmp    QWORD PTR [rbp-0x10],0x26e
  4057f9:	00 
  4057fa:	0f 86 75 ff ff ff    	jbe    405775 <_ZNSt23mersenne_twister_engineImLm32ELm624ELm397ELm31ELm2567483615ELm11ELm4294967295ELm7ELm2636928640ELm15ELm4022730752ELm18ELm1812433253EE11_M_gen_randEv+0xb7>
  405800:	48 8b 45 b8          	mov    rax,QWORD PTR [rbp-0x48]
  405804:	48 8b 80 78 13 00 00 	mov    rax,QWORD PTR [rax+0x1378]
  40580b:	48 25 00 00 00 80    	and    rax,0xffffffff80000000
  405811:	48 89 c2             	mov    rdx,rax
  405814:	48 8b 45 b8          	mov    rax,QWORD PTR [rbp-0x48]
  405818:	48 8b 00             	mov    rax,QWORD PTR [rax]
  40581b:	25 ff ff ff 7f       	and    eax,0x7fffffff
  405820:	48 09 d0             	or     rax,rdx
  405823:	48 89 45 d8          	mov    QWORD PTR [rbp-0x28],rax
  405827:	48 8b 45 b8          	mov    rax,QWORD PTR [rbp-0x48]
  40582b:	48 8b 90 60 0c 00 00 	mov    rdx,QWORD PTR [rax+0xc60]
  405832:	48 8b 45 d8          	mov    rax,QWORD PTR [rbp-0x28]
  405836:	48 d1 e8             	shr    rax,1
  405839:	48 31 c2             	xor    rdx,rax
  40583c:	48 8b 45 d8          	mov    rax,QWORD PTR [rbp-0x28]
  405840:	83 e0 01             	and    eax,0x1
  405843:	48 85 c0             	test   rax,rax
  405846:	74 07                	je     40584f <_ZNSt23mersenne_twister_engineImLm32ELm624ELm397ELm31ELm2567483615ELm11ELm4294967295ELm7ELm2636928640ELm15ELm4022730752ELm18ELm1812433253EE11_M_gen_randEv+0x191>
  405848:	b8 df b0 08 99       	mov    eax,0x9908b0df
  40584d:	eb 05                	jmp    405854 <_ZNSt23mersenne_twister_engineImLm32ELm624ELm397ELm31ELm2567483615ELm11ELm4294967295ELm7ELm2636928640ELm15ELm4022730752ELm18ELm1812433253EE11_M_gen_randEv+0x196>
  40584f:	b8 00 00 00 00       	mov    eax,0x0
  405854:	48 31 c2             	xor    rdx,rax
  405857:	48 8b 45 b8          	mov    rax,QWORD PTR [rbp-0x48]
  40585b:	48 89 90 78 13 00 00 	mov    QWORD PTR [rax+0x1378],rdx
  405862:	48 8b 45 b8          	mov    rax,QWORD PTR [rbp-0x48]
  405866:	48 c7 80 80 13 00 00 	mov    QWORD PTR [rax+0x1380],0x0
  40586d:	00 00 00 00 
  405871:	90                   	nop
  405872:	5d                   	pop    rbp
  405873:	c3                   	ret    

0000000000405874 <_ZSt20uninitialized_fill_nIPmmmET_S1_T0_RKT1_>:
  405874:	55                   	push   rbp
  405875:	48 89 e5             	mov    rbp,rsp
  405878:	48 83 ec 30          	sub    rsp,0x30
  40587c:	48 89 7d e8          	mov    QWORD PTR [rbp-0x18],rdi
  405880:	48 89 75 e0          	mov    QWORD PTR [rbp-0x20],rsi
  405884:	48 89 55 d8          	mov    QWORD PTR [rbp-0x28],rdx
  405888:	c6 45 ff 01          	mov    BYTE PTR [rbp-0x1],0x1
  40588c:	48 8b 55 d8          	mov    rdx,QWORD PTR [rbp-0x28]
  405890:	48 8b 4d e0          	mov    rcx,QWORD PTR [rbp-0x20]
  405894:	48 8b 45 e8          	mov    rax,QWORD PTR [rbp-0x18]
  405898:	48 89 ce             	mov    rsi,rcx
  40589b:	48 89 c7             	mov    rdi,rax
  40589e:	e8 d5 00 00 00       	call   405978 <_ZNSt22__uninitialized_fill_nILb1EE15__uninit_fill_nIPmmmEET_S3_T0_RKT1_>
  4058a3:	c9                   	leave  
  4058a4:	c3                   	ret    
  4058a5:	90                   	nop

00000000004058a6 <_ZNK9__gnu_cxx13new_allocatorImE8max_sizeEv>:
  4058a6:	55                   	push   rbp
  4058a7:	48 89 e5             	mov    rbp,rsp
  4058aa:	48 83 ec 10          	sub    rsp,0x10
  4058ae:	48 89 7d f8          	mov    QWORD PTR [rbp-0x8],rdi
  4058b2:	48 8b 45 f8          	mov    rax,QWORD PTR [rbp-0x8]
  4058b6:	48 89 c7             	mov    rdi,rax
  4058b9:	e8 e8 00 00 00       	call   4059a6 <_ZNK9__gnu_cxx13new_allocatorImE11_M_max_sizeEv>
  4058be:	c9                   	leave  
  4058bf:	c3                   	ret    

00000000004058c0 <_ZNSt16allocator_traitsISaImEE8allocateERS0_m>:
  4058c0:	55                   	push   rbp
  4058c1:	48 89 e5             	mov    rbp,rsp
  4058c4:	48 83 ec 10          	sub    rsp,0x10
  4058c8:	48 89 7d f8          	mov    QWORD PTR [rbp-0x8],rdi
  4058cc:	48 89 75 f0          	mov    QWORD PTR [rbp-0x10],rsi
  4058d0:	48 8b 4d f0          	mov    rcx,QWORD PTR [rbp-0x10]
  4058d4:	48 8b 45 f8          	mov    rax,QWORD PTR [rbp-0x8]
  4058d8:	ba 00 00 00 00       	mov    edx,0x0
  4058dd:	48 89 ce             	mov    rsi,rcx
  4058e0:	48 89 c7             	mov    rdi,rax
  4058e3:	e8 d2 00 00 00       	call   4059ba <_ZN9__gnu_cxx13new_allocatorImE8allocateEmPKv>
  4058e8:	c9                   	leave  
  4058e9:	c3                   	ret    

00000000004058ea <_ZN9__gnu_cxx13new_allocatorImE10deallocateEPmm>:
  4058ea:	55                   	push   rbp
  4058eb:	48 89 e5             	mov    rbp,rsp
  4058ee:	48 83 ec 20          	sub    rsp,0x20
  4058f2:	48 89 7d f8          	mov    QWORD PTR [rbp-0x8],rdi
  4058f6:	48 89 75 f0          	mov    QWORD PTR [rbp-0x10],rsi
  4058fa:	48 89 55 e8          	mov    QWORD PTR [rbp-0x18],rdx
  4058fe:	48 8b 45 f0          	mov    rax,QWORD PTR [rbp-0x10]
  405902:	48 89 c7             	mov    rdi,rax
  405905:	e8 26 c8 ff ff       	call   402130 <_ZdlPv@plt>
  40590a:	90                   	nop
  40590b:	c9                   	leave  
  40590c:	c3                   	ret    

000000000040590d <_ZSt11__addressofImEPT_RS0_>:
  40590d:	55                   	push   rbp
  40590e:	48 89 e5             	mov    rbp,rsp
  405911:	48 89 7d f8          	mov    QWORD PTR [rbp-0x8],rdi
  405915:	48 8b 45 f8          	mov    rax,QWORD PTR [rbp-0x8]
  405919:	5d                   	pop    rbp
  40591a:	c3                   	ret    

000000000040591b <_ZNSt27__uninitialized_default_n_1ILb1EE18__uninit_default_nIPmmEET_S3_T0_>:
  40591b:	55                   	push   rbp
  40591c:	48 89 e5             	mov    rbp,rsp
  40591f:	48 83 ec 20          	sub    rsp,0x20
  405923:	48 89 7d e8          	mov    QWORD PTR [rbp-0x18],rdi
  405927:	48 89 75 e0          	mov    QWORD PTR [rbp-0x20],rsi
  40592b:	48 83 7d e0 00       	cmp    QWORD PTR [rbp-0x20],0x0
  405930:	74 40                	je     405972 <_ZNSt27__uninitialized_default_n_1ILb1EE18__uninit_default_nIPmmEET_S3_T0_+0x57>
  405932:	48 8b 45 e8          	mov    rax,QWORD PTR [rbp-0x18]
  405936:	48 89 c7             	mov    rdi,rax
  405939:	e8 cf ff ff ff       	call   40590d <_ZSt11__addressofImEPT_RS0_>
  40593e:	48 89 45 f8          	mov    QWORD PTR [rbp-0x8],rax
  405942:	48 8b 45 f8          	mov    rax,QWORD PTR [rbp-0x8]
  405946:	48 89 c7             	mov    rdi,rax
  405949:	e8 cc 00 00 00       	call   405a1a <_ZSt10_ConstructImJEEvPT_DpOT0_>
  40594e:	48 83 45 e8 08       	add    QWORD PTR [rbp-0x18],0x8
  405953:	48 8b 45 e0          	mov    rax,QWORD PTR [rbp-0x20]
  405957:	48 8d 48 ff          	lea    rcx,[rax-0x1]
  40595b:	48 8b 55 f8          	mov    rdx,QWORD PTR [rbp-0x8]
  40595f:	48 8b 45 e8          	mov    rax,QWORD PTR [rbp-0x18]
  405963:	48 89 ce             	mov    rsi,rcx
  405966:	48 89 c7             	mov    rdi,rax
  405969:	e8 d3 00 00 00       	call   405a41 <_ZSt6fill_nIPmmmET_S1_T0_RKT1_>
  40596e:	48 89 45 e8          	mov    QWORD PTR [rbp-0x18],rax
  405972:	48 8b 45 e8          	mov    rax,QWORD PTR [rbp-0x18]
  405976:	c9                   	leave  
  405977:	c3                   	ret    

0000000000405978 <_ZNSt22__uninitialized_fill_nILb1EE15__uninit_fill_nIPmmmEET_S3_T0_RKT1_>:
  405978:	55                   	push   rbp
  405979:	48 89 e5             	mov    rbp,rsp
  40597c:	48 83 ec 20          	sub    rsp,0x20
  405980:	48 89 7d f8          	mov    QWORD PTR [rbp-0x8],rdi
  405984:	48 89 75 f0          	mov    QWORD PTR [rbp-0x10],rsi
  405988:	48 89 55 e8          	mov    QWORD PTR [rbp-0x18],rdx
  40598c:	48 8b 55 e8          	mov    rdx,QWORD PTR [rbp-0x18]
  405990:	48 8b 4d f0          	mov    rcx,QWORD PTR [rbp-0x10]
  405994:	48 8b 45 f8          	mov    rax,QWORD PTR [rbp-0x8]
  405998:	48 89 ce             	mov    rsi,rcx
  40599b:	48 89 c7             	mov    rdi,rax
  40599e:	e8 9e 00 00 00       	call   405a41 <_ZSt6fill_nIPmmmET_S1_T0_RKT1_>
  4059a3:	c9                   	leave  
  4059a4:	c3                   	ret    
  4059a5:	90                   	nop

00000000004059a6 <_ZNK9__gnu_cxx13new_allocatorImE11_M_max_sizeEv>:
  4059a6:	55                   	push   rbp
  4059a7:	48 89 e5             	mov    rbp,rsp
  4059aa:	48 89 7d f8          	mov    QWORD PTR [rbp-0x8],rdi
  4059ae:	48 b8 ff ff ff ff ff 	movabs rax,0xfffffffffffffff
  4059b5:	ff ff 0f 
  4059b8:	5d                   	pop    rbp
  4059b9:	c3                   	ret    

00000000004059ba <_ZN9__gnu_cxx13new_allocatorImE8allocateEmPKv>:
  4059ba:	55                   	push   rbp
  4059bb:	48 89 e5             	mov    rbp,rsp
  4059be:	48 83 ec 20          	sub    rsp,0x20
  4059c2:	48 89 7d f8          	mov    QWORD PTR [rbp-0x8],rdi
  4059c6:	48 89 75 f0          	mov    QWORD PTR [rbp-0x10],rsi
  4059ca:	48 89 55 e8          	mov    QWORD PTR [rbp-0x18],rdx
  4059ce:	48 8b 45 f8          	mov    rax,QWORD PTR [rbp-0x8]
  4059d2:	48 89 c7             	mov    rdi,rax
  4059d5:	e8 cc ff ff ff       	call   4059a6 <_ZNK9__gnu_cxx13new_allocatorImE11_M_max_sizeEv>
  4059da:	48 39 45 f0          	cmp    QWORD PTR [rbp-0x10],rax
  4059de:	0f 97 c0             	seta   al
  4059e1:	0f b6 c0             	movzx  eax,al
  4059e4:	48 85 c0             	test   rax,rax
  4059e7:	0f 95 c0             	setne  al
  4059ea:	84 c0                	test   al,al
  4059ec:	74 1a                	je     405a08 <_ZN9__gnu_cxx13new_allocatorImE8allocateEmPKv+0x4e>
  4059ee:	48 b8 ff ff ff ff ff 	movabs rax,0x1fffffffffffffff
  4059f5:	ff ff 1f 
  4059f8:	48 39 45 f0          	cmp    QWORD PTR [rbp-0x10],rax
  4059fc:	76 05                	jbe    405a03 <_ZN9__gnu_cxx13new_allocatorImE8allocateEmPKv+0x49>
  4059fe:	e8 ed c6 ff ff       	call   4020f0 <_ZSt28__throw_bad_array_new_lengthv@plt>
  405a03:	e8 68 c6 ff ff       	call   402070 <_ZSt17__throw_bad_allocv@plt>
  405a08:	48 8b 45 f0          	mov    rax,QWORD PTR [rbp-0x10]
  405a0c:	48 c1 e0 03          	shl    rax,0x3
  405a10:	48 89 c7             	mov    rdi,rax
  405a13:	e8 58 c7 ff ff       	call   402170 <_Znwm@plt>
  405a18:	c9                   	leave  
  405a19:	c3                   	ret    

0000000000405a1a <_ZSt10_ConstructImJEEvPT_DpOT0_>:
  405a1a:	55                   	push   rbp
  405a1b:	48 89 e5             	mov    rbp,rsp
  405a1e:	48 83 ec 10          	sub    rsp,0x10
  405a22:	48 89 7d f8          	mov    QWORD PTR [rbp-0x8],rdi
  405a26:	48 8b 45 f8          	mov    rax,QWORD PTR [rbp-0x8]
  405a2a:	48 89 c6             	mov    rsi,rax
  405a2d:	bf 08 00 00 00       	mov    edi,0x8
  405a32:	e8 e7 e8 ff ff       	call   40431e <_ZnwmPv>
  405a37:	48 c7 00 00 00 00 00 	mov    QWORD PTR [rax],0x0
  405a3e:	90                   	nop
  405a3f:	c9                   	leave  
  405a40:	c3                   	ret    

0000000000405a41 <_ZSt6fill_nIPmmmET_S1_T0_RKT1_>:
  405a41:	55                   	push   rbp
  405a42:	48 89 e5             	mov    rbp,rsp
  405a45:	48 83 ec 20          	sub    rsp,0x20
  405a49:	48 89 7d f8          	mov    QWORD PTR [rbp-0x8],rdi
  405a4d:	48 89 75 f0          	mov    QWORD PTR [rbp-0x10],rsi
  405a51:	48 89 55 e8          	mov    QWORD PTR [rbp-0x18],rdx
  405a55:	48 8d 45 f8          	lea    rax,[rbp-0x8]
  405a59:	48 89 c7             	mov    rdi,rax
  405a5c:	e8 24 00 00 00       	call   405a85 <_ZSt19__iterator_categoryIPmENSt15iterator_traitsIT_E17iterator_categoryERKS2_>
  405a61:	48 8b 45 f0          	mov    rax,QWORD PTR [rbp-0x10]
  405a65:	48 89 c7             	mov    rdi,rax
  405a68:	e8 c3 e8 ff ff       	call   404330 <_ZSt17__size_to_integerm>
  405a6d:	48 89 c1             	mov    rcx,rax
  405a70:	48 8b 45 f8          	mov    rax,QWORD PTR [rbp-0x8]
  405a74:	48 8b 55 e8          	mov    rdx,QWORD PTR [rbp-0x18]
  405a78:	48 89 ce             	mov    rsi,rcx
  405a7b:	48 89 c7             	mov    rdi,rax
  405a7e:	e8 0d 00 00 00       	call   405a90 <_ZSt10__fill_n_aIPmmmET_S1_T0_RKT1_St26random_access_iterator_tag>
  405a83:	c9                   	leave  
  405a84:	c3                   	ret    

0000000000405a85 <_ZSt19__iterator_categoryIPmENSt15iterator_traitsIT_E17iterator_categoryERKS2_>:
  405a85:	55                   	push   rbp
  405a86:	48 89 e5             	mov    rbp,rsp
  405a89:	48 89 7d f8          	mov    QWORD PTR [rbp-0x8],rdi
  405a8d:	90                   	nop
  405a8e:	5d                   	pop    rbp
  405a8f:	c3                   	ret    

0000000000405a90 <_ZSt10__fill_n_aIPmmmET_S1_T0_RKT1_St26random_access_iterator_tag>:
  405a90:	55                   	push   rbp
  405a91:	48 89 e5             	mov    rbp,rsp
  405a94:	48 83 ec 20          	sub    rsp,0x20
  405a98:	48 89 7d f8          	mov    QWORD PTR [rbp-0x8],rdi
  405a9c:	48 89 75 f0          	mov    QWORD PTR [rbp-0x10],rsi
  405aa0:	48 89 55 e8          	mov    QWORD PTR [rbp-0x18],rdx
  405aa4:	48 83 7d f0 00       	cmp    QWORD PTR [rbp-0x10],0x0
  405aa9:	75 06                	jne    405ab1 <_ZSt10__fill_n_aIPmmmET_S1_T0_RKT1_St26random_access_iterator_tag+0x21>
  405aab:	48 8b 45 f8          	mov    rax,QWORD PTR [rbp-0x8]
  405aaf:	eb 3a                	jmp    405aeb <_ZSt10__fill_n_aIPmmmET_S1_T0_RKT1_St26random_access_iterator_tag+0x5b>
  405ab1:	48 8b 45 f0          	mov    rax,QWORD PTR [rbp-0x10]
  405ab5:	48 8d 14 c5 00 00 00 	lea    rdx,[rax*8+0x0]
  405abc:	00 
  405abd:	48 8b 45 f8          	mov    rax,QWORD PTR [rbp-0x8]
  405ac1:	48 8d 0c 02          	lea    rcx,[rdx+rax*1]
  405ac5:	48 8b 55 e8          	mov    rdx,QWORD PTR [rbp-0x18]
  405ac9:	48 8b 45 f8          	mov    rax,QWORD PTR [rbp-0x8]
  405acd:	48 89 ce             	mov    rsi,rcx
  405ad0:	48 89 c7             	mov    rdi,rax
  405ad3:	e8 15 00 00 00       	call   405aed <_ZSt8__fill_aIPmmEvT_S1_RKT0_>
  405ad8:	48 8b 45 f0          	mov    rax,QWORD PTR [rbp-0x10]
  405adc:	48 8d 14 c5 00 00 00 	lea    rdx,[rax*8+0x0]
  405ae3:	00 
  405ae4:	48 8b 45 f8          	mov    rax,QWORD PTR [rbp-0x8]
  405ae8:	48 01 d0             	add    rax,rdx
  405aeb:	c9                   	leave  
  405aec:	c3                   	ret    

0000000000405aed <_ZSt8__fill_aIPmmEvT_S1_RKT0_>:
  405aed:	55                   	push   rbp
  405aee:	48 89 e5             	mov    rbp,rsp
  405af1:	48 83 ec 20          	sub    rsp,0x20
  405af5:	48 89 7d f8          	mov    QWORD PTR [rbp-0x8],rdi
  405af9:	48 89 75 f0          	mov    QWORD PTR [rbp-0x10],rsi
  405afd:	48 89 55 e8          	mov    QWORD PTR [rbp-0x18],rdx
  405b01:	48 8b 55 e8          	mov    rdx,QWORD PTR [rbp-0x18]
  405b05:	48 8b 4d f0          	mov    rcx,QWORD PTR [rbp-0x10]
  405b09:	48 8b 45 f8          	mov    rax,QWORD PTR [rbp-0x8]
  405b0d:	48 89 ce             	mov    rsi,rcx
  405b10:	48 89 c7             	mov    rdi,rax
  405b13:	e8 03 00 00 00       	call   405b1b <_ZSt9__fill_a1IPmmEN9__gnu_cxx11__enable_ifIXsrSt11__is_scalarIT0_E7__valueEvE6__typeET_S8_RKS4_>
  405b18:	90                   	nop
  405b19:	c9                   	leave  
  405b1a:	c3                   	ret    

0000000000405b1b <_ZSt9__fill_a1IPmmEN9__gnu_cxx11__enable_ifIXsrSt11__is_scalarIT0_E7__valueEvE6__typeET_S8_RKS4_>:
  405b1b:	55                   	push   rbp
  405b1c:	48 89 e5             	mov    rbp,rsp
  405b1f:	48 89 7d e8          	mov    QWORD PTR [rbp-0x18],rdi
  405b23:	48 89 75 e0          	mov    QWORD PTR [rbp-0x20],rsi
  405b27:	48 89 55 d8          	mov    QWORD PTR [rbp-0x28],rdx
  405b2b:	48 8b 45 d8          	mov    rax,QWORD PTR [rbp-0x28]
  405b2f:	48 8b 00             	mov    rax,QWORD PTR [rax]
  405b32:	48 89 45 f8          	mov    QWORD PTR [rbp-0x8],rax
  405b36:	eb 10                	jmp    405b48 <_ZSt9__fill_a1IPmmEN9__gnu_cxx11__enable_ifIXsrSt11__is_scalarIT0_E7__valueEvE6__typeET_S8_RKS4_+0x2d>
  405b38:	48 8b 45 e8          	mov    rax,QWORD PTR [rbp-0x18]
  405b3c:	48 8b 55 f8          	mov    rdx,QWORD PTR [rbp-0x8]
  405b40:	48 89 10             	mov    QWORD PTR [rax],rdx
  405b43:	48 83 45 e8 08       	add    QWORD PTR [rbp-0x18],0x8
  405b48:	48 8b 45 e8          	mov    rax,QWORD PTR [rbp-0x18]
  405b4c:	48 3b 45 e0          	cmp    rax,QWORD PTR [rbp-0x20]
  405b50:	75 e6                	jne    405b38 <_ZSt9__fill_a1IPmmEN9__gnu_cxx11__enable_ifIXsrSt11__is_scalarIT0_E7__valueEvE6__typeET_S8_RKS4_+0x1d>
  405b52:	90                   	nop
  405b53:	90                   	nop
  405b54:	5d                   	pop    rbp
  405b55:	c3                   	ret    

Disassembly of section .fini:

0000000000405b58 <_fini>:
  405b58:	f3 0f 1e fa          	endbr64 
  405b5c:	48 83 ec 08          	sub    rsp,0x8
  405b60:	48 83 c4 08          	add    rsp,0x8
  405b64:	c3                   	ret    
