host,year,group,file,median,mean,std,q1,q3,p5,p95,outliers,sweep,stride,alignment,mode,source
sunbird,2014,Intel x86,initial_stride8_align0_moderandom_lines.csv,10.51953125,10.6128196796875,7.116049278397824,10.4765625,10.5625,10.421875,10.640625,27789,initial,8,0,random_lines,timing-only/line_size/data/sunbird/stats/all_stats.csv
sunbird,2014,Intel x86,initial_stride8_align16_moderandom_lines.csv,10.47265625,10.570443421875,7.153007872959847,10.44140625,10.5078125,10.3984375,10.59765625,45736,initial,8,16,random_lines,timing-only/line_size/data/sunbird/stats/all_stats.csv
sunbird,2014,Intel x86,initial_stride8_align32_moderandom_lines.csv,10.5546875,10.65549419921875,6.734352819866491,10.50390625,10.62109375,10.4296875,10.75390625,29147,initial,8,32,random_lines,timing-only/line_size/data/sunbird/stats/all_stats.csv
sunbird,2014,Intel x86,initial_stride8_align48_moderandom_lines.csv,10.7265625,10.82359597265625,6.509825358990632,10.66796875,10.7890625,10.5859375,10.91796875,27909,initial,8,48,random_lines,timing-only/line_size/data/sunbird/stats/all_stats.csv
sunbird,2014,Intel x86,initial_stride16_align0_moderandom_lines.csv,11.1875,11.27610801953125,6.81688389930114,11.10546875,11.265625,10.9765625,11.37109375,17810,initial,16,0,random_lines,timing-only/line_size/data/sunbird/stats/all_stats.csv
sunbird,2014,Intel x86,initial_stride16_align16_moderandom_lines.csv,11.07421875,11.17347953515625,7.046337392317262,10.99609375,11.15234375,10.87890625,11.28515625,24944,initial,16,16,random_lines,timing-only/line_size/data/sunbird/stats/all_stats.csv
sunbird,2014,Intel x86,initial_stride16_align32_moderandom_lines.csv,11.3203125,11.422927395507813,6.786297606461949,11.22265625,11.41796875,11.109375,11.59375,18169,initial,16,32,random_lines,timing-only/line_size/data/sunbird/stats/all_stats.csv
sunbird,2014,Intel x86,initial_stride16_align48_moderandom_lines.csv,11.25,11.3749612265625,6.709644580263469,11.14453125,11.4140625,11.03515625,11.6015625,12117,initial,16,48,random_lines,timing-only/line_size/data/sunbird/stats/all_stats.csv
sunbird,2014,Intel x86,initial_stride32_align0_moderandom_lines.csv,12.59765625,12.7665220390625,7.719622768248454,12.484375,12.75390625,12.3671875,13.12890625,41546,initial,32,0,random_lines,timing-only/line_size/data/sunbird/stats/all_stats.csv
sunbird,2014,Intel x86,initial_stride32_align16_moderandom_lines.csv,12.859375,12.98676398046875,7.2316813414385726,12.68359375,13.05078125,12.515625,13.26171875,15897,initial,32,16,random_lines,timing-only/line_size/data/sunbird/stats/all_stats.csv
sunbird,2014,Intel x86,initial_stride32_align32_moderandom_lines.csv,12.80859375,12.96966262109375,7.845939417868978,12.65234375,13.05078125,12.4609375,13.3046875,15530,initial,32,32,random_lines,timing-only/line_size/data/sunbird/stats/all_stats.csv
sunbird,2014,Intel x86,initial_stride32_align48_moderandom_lines.csv,12.6796875,12.883337640625,7.127679744198766,12.5234375,13.02734375,12.34765625,13.40625,14000,initial,32,48,random_lines,timing-only/line_size/data/sunbird/stats/all_stats.csv
sunbird,2014,Intel x86,initial_stride64_align0_moderandom_lines.csv,19.84375,20.07380561328125,8.661102339726998,19.625,20.06640625,19.26171875,20.58203125,46482,initial,64,0,random_lines,timing-only/line_size/data/sunbird/stats/all_stats.csv
sunbird,2014,Intel x86,initial_stride64_align16_moderandom_lines.csv,21.12890625,21.3153631015625,9.303827256506155,20.828125,21.328125,20.41015625,21.69921875,32515,initial,64,16,random_lines,timing-only/line_size/data/sunbird/stats/all_stats.csv
sunbird,2014,Intel x86,initial_stride64_align32_moderandom_lines.csv,20.35546875,20.6966018671875,9.710971258295736,20.12109375,20.82421875,19.796875,21.515625,23489,initial,64,32,random_lines,timing-only/line_size/data/sunbird/stats/all_stats.csv
sunbird,2014,Intel x86,initial_stride64_align48_moderandom_lines.csv,20.59375,20.62962974609375,9.163883986446315,20.05078125,20.8515625,19.34765625,21.16796875,18054,initial,64,48,random_lines,timing-only/line_size/data/sunbird/stats/all_stats.csv
sunbird,2014,Intel x86,initial_stride128_align0_moderandom_lines.csv,22.796875,23.0488495703125,9.728047928305394,22.56640625,23.0546875,22.37890625,23.3515625,25096,initial,128,0,random_lines,timing-only/line_size/data/sunbird/stats/all_stats.csv
sunbird,2014,Intel x86,initial_stride128_align16_moderandom_lines.csv,25.65625,26.03609774609375,10.470402851746702,24.3671875,27.2890625,24.01953125,27.83203125,11225,initial,128,16,random_lines,timing-only/line_size/data/sunbird/stats/all_stats.csv
sunbird,2014,Intel x86,initial_stride128_align32_moderandom_lines.csv,26.30859375,26.503642734375,10.25401432560215,26.01953125,26.5078125,25.54296875,26.89453125,35112,initial,128,32,random_lines,timing-only/line_size/data/sunbird/stats/all_stats.csv
sunbird,2014,Intel x86,initial_stride128_align48_moderandom_lines.csv,24.40234375,24.6307129296875,9.71665405480015,24.01953125,24.67578125,23.8515625,24.96484375,30200,initial,128,48,random_lines,timing-only/line_size/data/sunbird/stats/all_stats.csv
sunbird,2014,Intel x86,initial_stride256_align0_moderandom_lines.csv,27.41796875,27.68636694140625,10.157426902607654,27.24609375,27.59375,27.00390625,27.91796875,29730,initial,256,0,random_lines,timing-only/line_size/data/sunbird/stats/all_stats.csv
sunbird,2014,Intel x86,initial_stride256_align16_moderandom_lines.csv,24.5546875,24.84583457421875,10.240266460468233,24.41015625,24.72265625,24.22265625,25.0234375,28463,initial,256,16,random_lines,timing-only/line_size/data/sunbird/stats/all_stats.csv
sunbird,2014,Intel x86,initial_stride256_align32_moderandom_lines.csv,29.3671875,29.67232368359375,11.242016323701,29.22265625,29.53515625,29.01953125,29.859375,32626,initial,256,32,random_lines,timing-only/line_size/data/sunbird/stats/all_stats.csv
sunbird,2014,Intel x86,initial_stride256_align48_moderandom_lines.csv,28.72265625,28.99095417578125,10.410663077789916,28.48828125,28.95703125,28.13671875,29.37890625,28114,initial,256,48,random_lines,timing-only/line_size/data/sunbird/stats/all_stats.csv
sunbird,2014,Intel x86,initial_stride512_align0_moderandom_lines.csv,33.3359375,33.6191993515625,11.292723779396779,33.30859375,33.37109375,33.25390625,33.43359375,26433,initial,512,0,random_lines,timing-only/line_size/data/sunbird/stats/all_stats.csv
sunbird,2014,Intel x86,initial_stride512_align16_moderandom_lines.csv,35.35546875,35.6456468203125,10.986986900647375,35.3359375,35.3984375,35.04296875,35.56640625,154946,initial,512,16,random_lines,timing-only/line_size/data/sunbird/stats/all_stats.csv
sunbird,2014,Intel x86,initial_stride512_align32_moderandom_lines.csv,27.97265625,28.25734059765625,11.012030988218212,27.94921875,28.0,27.91796875,28.03125,22992,initial,512,32,random_lines,timing-only/line_size/data/sunbird/stats/all_stats.csv
sunbird,2014,Intel x86,initial_stride512_align48_moderandom_lines.csv,32.79296875,33.10774633984375,11.401157866719881,32.77734375,32.80859375,32.734375,32.85546875,61778,initial,512,48,random_lines,timing-only/line_size/data/sunbird/stats/all_stats.csv
sunbird,2014,Intel x86,dense_stride48_align0_moderandom_lines.csv,15.10546875,15.273804859375,7.945979927997529,14.94921875,15.26171875,14.73046875,15.53125,27973,dense,48,0,random_lines,timing-only/line_size/data/sunbird/stats/all_stats.csv
sunbird,2014,Intel x86,dense_stride48_align16_moderandom_lines.csv,15.05859375,15.22348707421875,7.709625259919852,14.85546875,15.265625,14.59765625,15.5859375,23229,dense,48,16,random_lines,timing-only/line_size/data/sunbird/stats/all_stats.csv
sunbird,2014,Intel x86,dense_stride48_align32_moderandom_lines.csv,14.6640625,14.8555189765625,8.021706991610005,14.44140625,14.921875,14.203125,15.29296875,25202,dense,48,32,random_lines,timing-only/line_size/data/sunbird/stats/all_stats.csv
sunbird,2014,Intel x86,dense_stride48_align48_moderandom_lines.csv,14.5625,14.770514,7.819310988083006,14.3984375,14.7734375,14.19140625,15.22265625,36868,dense,48,48,random_lines,timing-only/line_size/data/sunbird/stats/all_stats.csv
sunbird,2014,Intel x86,dense_stride56_align0_moderandom_lines.csv,16.625,16.8285364609375,8.341610233483998,16.44140625,16.82421875,16.1953125,17.19921875,30481,dense,56,0,random_lines,timing-only/line_size/data/sunbird/stats/all_stats.csv
sunbird,2014,Intel x86,dense_stride56_align16_moderandom_lines.csv,16.8515625,17.03361255859375,8.164927202581215,16.61328125,17.06640625,16.2265625,17.4921875,37161,dense,56,16,random_lines,timing-only/line_size/data/sunbird/stats/all_stats.csv
sunbird,2014,Intel x86,dense_stride56_align32_moderandom_lines.csv,16.10546875,16.31473640625,8.185820237457582,15.8984375,16.3046875,15.59375,16.734375,43412,dense,56,32,random_lines,timing-only/line_size/data/sunbird/stats/all_stats.csv
sunbird,2014,Intel x86,dense_stride56_align48_moderandom_lines.csv,17.58984375,17.851091328125,8.553131807432521,17.34765625,17.94140625,17.09765625,18.5625,22766,dense,56,48,random_lines,timing-only/line_size/data/sunbird/stats/all_stats.csv
sunbird,2014,Intel x86,dense_stride60_align0_moderandom_lines.csv,19.6328125,19.88940313671875,8.97009627539739,19.41796875,19.86328125,19.125,20.31640625,38355,dense,60,0,random_lines,timing-only/line_size/data/sunbird/stats/all_stats.csv
sunbird,2014,Intel x86,dense_stride60_align16_moderandom_lines.csv,18.48046875,18.72290382421875,9.055495297585885,18.296875,18.66015625,18.02734375,19.08203125,46402,dense,60,16,random_lines,timing-only/line_size/data/sunbird/stats/all_stats.csv
sunbird,2014,Intel x86,dense_stride60_align32_moderandom_lines.csv,18.609375,18.86439938671875,8.355451386959182,18.38671875,18.82421875,18.078125,19.31640625,45829,dense,60,32,random_lines,timing-only/line_size/data/sunbird/stats/all_stats.csv
sunbird,2014,Intel x86,dense_stride60_align48_moderandom_lines.csv,17.89453125,18.09603567578125,8.50712733756121,17.671875,18.0859375,17.3125,18.4765625,42199,dense,60,48,random_lines,timing-only/line_size/data/sunbird/stats/all_stats.csv
sunbird,2014,Intel x86,dense_stride64_align0_moderandom_lines.csv,19.53515625,19.8604340859375,9.307667242809742,19.36328125,19.9765625,19.125,20.41796875,20822,dense,64,0,random_lines,timing-only/line_size/data/sunbird/stats/all_stats.csv
sunbird,2014,Intel x86,dense_stride64_align16_moderandom_lines.csv,20.2734375,20.60003956640625,8.764066260149356,20.078125,20.61328125,19.84375,21.296875,36094,dense,64,16,random_lines,timing-only/line_size/data/sunbird/stats/all_stats.csv
sunbird,2014,Intel x86,dense_stride64_align32_moderandom_lines.csv,20.08984375,20.468561,8.881248500137678,19.77734375,20.86328125,19.41015625,21.4296875,16059,dense,64,32,random_lines,timing-only/line_size/data/sunbird/stats/all_stats.csv
sunbird,2014,Intel x86,dense_stride64_align48_moderandom_lines.csv,20.7109375,20.9885640390625,8.718652565311501,20.4609375,21.0546875,20.2109375,21.39453125,25981,dense,64,48,random_lines,timing-only/line_size/data/sunbird/stats/all_stats.csv
sunbird,2014,Intel x86,dense_stride68_align0_moderandom_lines.csv,19.78125,20.0588033984375,9.192976523218045,19.609375,19.96875,19.375,20.3828125,44670,dense,68,0,random_lines,timing-only/line_size/data/sunbird/stats/all_stats.csv
sunbird,2014,Intel x86,dense_stride68_align16_moderandom_lines.csv,20.4609375,20.7409393984375,9.153525062534998,20.21875,20.69140625,19.92578125,21.20703125,44485,dense,68,16,random_lines,timing-only/line_size/data/sunbird/stats/all_stats.csv
sunbird,2014,Intel x86,dense_stride68_align32_moderandom_lines.csv,20.95703125,21.14999383203125,9.099683052474001,20.6953125,21.16015625,20.27734375,21.49609375,30744,dense,68,32,random_lines,timing-only/line_size/data/sunbird/stats/all_stats.csv
sunbird,2014,Intel x86,dense_stride68_align48_moderandom_lines.csv,20.7109375,20.956570796875,8.83338492100571,20.4921875,20.93359375,20.2109375,21.33203125,30643,dense,68,48,random_lines,timing-only/line_size/data/sunbird/stats/all_stats.csv
sunbird,2014,Intel x86,dense_stride72_align0_moderandom_lines.csv,20.20703125,20.460616328125,9.301204497146703,20.01953125,20.40234375,19.78515625,20.76171875,34348,dense,72,0,random_lines,timing-only/line_size/data/sunbird/stats/all_stats.csv
sunbird,2014,Intel x86,dense_stride72_align16_moderandom_lines.csv,19.6484375,19.913467328125,9.363538743603742,19.37890625,19.9921875,19.0859375,20.43359375,22199,dense,72,16,random_lines,timing-only/line_size/data/sunbird/stats/all_stats.csv
sunbird,2014,Intel x86,dense_stride72_align32_moderandom_lines.csv,19.4296875,19.72572251953125,8.324644688250006,19.20703125,19.7421875,18.93359375,20.3984375,38024,dense,72,32,random_lines,timing-only/line_size/data/sunbird/stats/all_stats.csv
sunbird,2014,Intel x86,dense_stride72_align48_moderandom_lines.csv,20.21875,20.5574366484375,9.008856115047632,19.9453125,20.734375,19.64453125,21.2734375,23645,dense,72,48,random_lines,timing-only/line_size/data/sunbird/stats/all_stats.csv
sunbird,2014,Intel x86,dense_stride80_align0_moderandom_lines.csv,20.8984375,21.1243859140625,9.322682490985862,20.65234375,21.1328125,20.34765625,21.4921875,25036,dense,80,0,random_lines,timing-only/line_size/data/sunbird/stats/all_stats.csv
sunbird,2014,Intel x86,dense_stride80_align16_moderandom_lines.csv,19.58984375,19.84595356640625,8.897252596646995,19.328125,19.87890625,19.0234375,20.375,31015,dense,80,16,random_lines,timing-only/line_size/data/sunbird/stats/all_stats.csv
sunbird,2014,Intel x86,dense_stride80_align32_moderandom_lines.csv,19.35546875,19.7118499296875,8.891735143539483,19.09765625,19.82421875,18.84765625,20.5234375,29986,dense,80,32,random_lines,timing-only/line_size/data/sunbird/stats/all_stats.csv
sunbird,2014,Intel x86,dense_stride80_align48_moderandom_lines.csv,20.96484375,21.2049660390625,9.622330903068383,20.6875,21.21875,20.30078125,21.68359375,35346,dense,80,48,random_lines,timing-only/line_size/data/sunbird/stats/all_stats.csv
sunbird,2014,Intel x86,dense_stride96_align0_moderandom_lines.csv,19.7734375,20.01496536328125,9.381876434281791,19.51953125,20.05078125,19.13671875,20.55859375,33235,dense,96,0,random_lines,timing-only/line_size/data/sunbird/stats/all_stats.csv
sunbird,2014,Intel x86,dense_stride96_align16_moderandom_lines.csv,20.58984375,20.7965424140625,9.11457751246012,20.35546875,20.80859375,20.015625,21.171875,27875,dense,96,16,random_lines,timing-only/line_size/data/sunbird/stats/all_stats.csv
sunbird,2014,Intel x86,dense_stride96_align32_moderandom_lines.csv,20.390625,20.63878564453125,9.16171210674745,20.1328125,20.64453125,19.7421875,21.1171875,37231,dense,96,32,random_lines,timing-only/line_size/data/sunbird/stats/all_stats.csv
sunbird,2014,Intel x86,dense_stride96_align48_moderandom_lines.csv,21.80859375,22.10641951171875,9.127305545116482,21.51953125,22.203125,21.1953125,22.828125,28600,dense,96,48,random_lines,timing-only/line_size/data/sunbird/stats/all_stats.csv
sunbird,2014,Intel x86,control_random_stride8_align0_modefully_random.csv,18.22265625,18.6475505546875,9.033013463438648,18.046875,18.4375,17.82421875,20.68359375,98250,control_random,8,0,fully_random,timing-only/line_size/data/sunbird/stats/all_stats.csv
sunbird,2014,Intel x86,control_random_stride64_align0_modefully_random.csv,32.57421875,33.2422218984375,11.974305565997282,32.109375,33.30859375,31.5625,37.96875,69556,control_random,64,0,fully_random,timing-only/line_size/data/sunbird/stats/all_stats.csv
sunbird,2014,Intel x86,control_sequential_stride8_align0_modesequential_lines.csv,10.203125,10.29913497265625,6.93269710684916,10.19921875,10.2109375,10.19140625,10.23046875,71414,control_sequential,8,0,sequential_lines,timing-only/line_size/data/sunbird/stats/all_stats.csv
sunbird,2014,Intel x86,control_sequential_stride16_align0_modesequential_lines.csv,10.1953125,10.29104929296875,7.692240097507877,10.1796875,10.203125,10.16796875,10.2265625,33258,control_sequential,16,0,sequential_lines,timing-only/line_size/data/sunbird/stats/all_stats.csv
sunbird,2014,Intel x86,control_sequential_stride32_align0_modesequential_lines.csv,10.3046875,10.41328251171875,7.32365276710327,10.28515625,10.32421875,10.26171875,10.36328125,33068,control_sequential,32,0,sequential_lines,timing-only/line_size/data/sunbird/stats/all_stats.csv
sunbird,2014,Intel x86,control_sequential_stride64_align0_modesequential_lines.csv,16.21875,16.3906077109375,8.552220145453369,16.0859375,16.35546875,15.890625,16.58984375,29866,control_sequential,64,0,sequential_lines,timing-only/line_size/data/sunbird/stats/all_stats.csv
sunbird,2014,Intel x86,control_sequential_stride128_align0_modesequential_lines.csv,18.71875,18.8936971875,8.96146916122748,18.26953125,19.01953125,18.0703125,19.33203125,21613,control_sequential,128,0,sequential_lines,timing-only/line_size/data/sunbird/stats/all_stats.csv
sunbird,2014,Intel x86,control_sequential_stride256_align0_modesequential_lines.csv,21.90234375,22.14009571484375,9.95597820403179,21.8515625,21.953125,21.78125,22.03515625,26036,control_sequential,256,0,sequential_lines,timing-only/line_size/data/sunbird/stats/all_stats.csv
sunbird,2014,Intel x86,control_sequential_stride512_align0_modesequential_lines.csv,25.16015625,25.40646134375,11.115983148050304,25.08984375,25.23046875,25.00390625,25.33984375,24818,control_sequential,512,0,sequential_lines,timing-only/line_size/data/sunbird/stats/all_stats.csv
sunbird,2014,Intel x86,control_sequential_stride56_align0_modesequential_lines.csv,10.8515625,10.983471359375,7.674144310056281,10.80078125,10.91015625,10.734375,11.01171875,28406,control_sequential,56,0,sequential_lines,timing-only/line_size/data/sunbird/stats/all_stats.csv
sunbird,2014,Intel x86,control_sequential_stride72_align0_modesequential_lines.csv,16.203125,16.3963887734375,9.068094420612994,16.078125,16.33984375,15.89453125,16.5703125,30136,control_sequential,72,0,sequential_lines,timing-only/line_size/data/sunbird/stats/all_stats.csv
charnwood,2015,Intel x86,dense_stride68_align16_moderandom_lines.csv,16.806640625,17.500769681640627,2.8118580946600056,16.599609375,17.1875,16.369140625,20.96875,159658,dense,68,16,random_lines,timing-only/line_size/data/charnwood/stats/all_stats.csv
charnwood,2015,Intel x86,initial_stride512_align48_moderandom_lines.csv,24.103515625,24.2985100390625,2.0403133189652625,23.9296875,24.2890625,23.685546875,24.6171875,31821,initial,512,48,random_lines,timing-only/line_size/data/charnwood/stats/all_stats.csv
charnwood,2015,Intel x86,dense_stride64_align16_moderandom_lines.csv,15.607421875,15.723753025390625,2.2059580369934753,15.435546875,15.828125,15.26953125,16.103515625,21164,dense,64,16,random_lines,timing-only/line_size/data/charnwood/stats/all_stats.csv
charnwood,2015,Intel x86,dense_stride76_align48_moderandom_lines.csv,16.5703125,16.686551861328127,1.5099821206912751,16.439453125,16.71484375,16.2734375,16.974609375,30594,dense,76,48,random_lines,timing-only/line_size/data/charnwood/stats/all_stats.csv
charnwood,2015,Intel x86,dense_stride52_align0_moderandom_lines.csv,13.21484375,13.303876650390626,1.2499649461413733,13.072265625,13.3671875,12.87890625,13.64453125,24541,dense,52,0,random_lines,timing-only/line_size/data/charnwood/stats/all_stats.csv
charnwood,2015,Intel x86,initial_stride64_align0_moderandom_lines.csv,15.509765625,15.6258189765625,2.4988201779898787,15.3046875,15.759765625,14.99609375,16.07421875,20320,initial,64,0,random_lines,timing-only/line_size/data/charnwood/stats/all_stats.csv
charnwood,2015,Intel x86,initial_stride8_align0_moderandom_lines.csv,7.9140625,7.96138650390625,0.8875182447263218,7.876953125,7.962890625,7.830078125,8.05078125,25366,initial,8,0,random_lines,timing-only/line_size/data/charnwood/stats/all_stats.csv
charnwood,2015,Intel x86,dense_stride40_align32_moderandom_lines.csv,10.955078125,11.014747205078125,0.9991529021622884,10.826171875,11.0859375,10.650390625,11.296875,18328,dense,40,32,random_lines,timing-only/line_size/data/charnwood/stats/all_stats.csv
charnwood,2015,Intel x86,dense_stride48_align32_moderandom_lines.csv,11.9296875,12.001215392578125,1.0252890589009773,11.794921875,12.072265625,11.61328125,12.3046875,22987,dense,48,32,random_lines,timing-only/line_size/data/charnwood/stats/all_stats.csv
charnwood,2015,Intel x86,dense_stride60_align48_moderandom_lines.csv,14.486328125,14.586645802734376,1.327106438116325,14.330078125,14.6484375,14.111328125,14.9453125,30259,dense,60,48,random_lines,timing-only/line_size/data/charnwood/stats/all_stats.csv
charnwood,2015,Intel x86,dense_stride44_align16_moderandom_lines.csv,11.87109375,11.95085653515625,2.6519293290934844,11.748046875,12.00390625,11.587890625,12.232421875,23514,dense,44,16,random_lines,timing-only/line_size/data/charnwood/stats/all_stats.csv
charnwood,2015,Intel x86,dense_stride44_align48_moderandom_lines.csv,12.279296875,12.356934783203124,1.105897140902416,12.15625,12.41015625,12.005859375,12.6171875,18892,dense,44,48,random_lines,timing-only/line_size/data/charnwood/stats/all_stats.csv
charnwood,2015,Intel x86,control_sequential_stride16_align0_modesequential_lines.csv,7.78515625,7.82981788671875,1.0225702482394887,7.76171875,7.810546875,7.728515625,7.865234375,40290,control_sequential,16,0,sequential_lines,timing-only/line_size/data/charnwood/stats/all_stats.csv
charnwood,2015,Intel x86,dense_stride80_align32_moderandom_lines.csv,16.224609375,16.82986995703125,2.482002920292188,16.0234375,16.533203125,15.76953125,20.330078125,155871,dense,80,32,random_lines,timing-only/line_size/data/charnwood/stats/all_stats.csv
charnwood,2015,Intel x86,initial_stride512_align0_moderandom_lines.csv,29.18359375,29.3235654765625,1.5469900239424361,28.923828125,29.455078125,28.61328125,29.810546875,16618,initial,512,0,random_lines,timing-only/line_size/data/charnwood/stats/all_stats.csv
charnwood,2015,Intel x86,initial_stride128_align32_moderandom_lines.csv,17.181640625,17.323118400390626,1.448810529805489,17.048828125,17.322265625,16.865234375,17.609375,35368,initial,128,32,random_lines,timing-only/line_size/data/charnwood/stats/all_stats.csv
charnwood,2015,Intel x86,control_sequential_stride256_align0_modesequential_lines.csv,19.5,19.6190989453125,1.376470671893984,19.412109375,19.58984375,19.287109375,19.75,29038,control_sequential,256,0,sequential_lines,timing-only/line_size/data/charnwood/stats/all_stats.csv
charnwood,2015,Intel x86,dense_stride72_align0_moderandom_lines.csv,15.42578125,15.572433259765624,2.986418070157683,15.271484375,15.5859375,15.05859375,15.912109375,37446,dense,72,0,random_lines,timing-only/line_size/data/charnwood/stats/all_stats.csv
charnwood,2015,Intel x86,initial_stride32_align16_moderandom_lines.csv,10.119140625,10.67188452734375,2.1900385353775786,9.896484375,11.27734375,9.67578125,12.4453125,11225,initial,32,16,random_lines,timing-only/line_size/data/charnwood/stats/all_stats.csv
charnwood,2015,Intel x86,initial_stride16_align16_moderandom_lines.csv,8.3515625,8.415900802734376,1.2774013688010002,8.26953125,8.451171875,8.17578125,8.607421875,17901,initial,16,16,random_lines,timing-only/line_size/data/charnwood/stats/all_stats.csv
charnwood,2015,Intel x86,control_sequential_stride128_align0_modesequential_lines.csv,14.30859375,14.3879529375,1.2158039008765194,14.07421875,14.498046875,13.90625,14.77734375,21390,control_sequential,128,0,sequential_lines,timing-only/line_size/data/charnwood/stats/all_stats.csv
charnwood,2015,Intel x86,dense_stride60_align16_moderandom_lines.csv,15.16015625,15.265035845703125,1.194235827813416,15.009765625,15.333984375,14.814453125,15.658203125,27732,dense,60,16,random_lines,timing-only/line_size/data/charnwood/stats/all_stats.csv
charnwood,2015,Intel x86,dense_stride80_align0_moderandom_lines.csv,16.654296875,16.764991787109373,1.5792044571142552,16.49609375,16.8125,16.275390625,17.087890625,28788,dense,80,0,random_lines,timing-only/line_size/data/charnwood/stats/all_stats.csv
charnwood,2015,Intel x86,dense_stride48_align0_moderandom_lines.csv,11.935546875,12.08211344921875,1.2749308529833279,11.791015625,12.099609375,11.59765625,12.806640625,57589,dense,48,0,random_lines,timing-only/line_size/data/charnwood/stats/all_stats.csv
charnwood,2015,Intel x86,dense_stride76_align32_moderandom_lines.csv,16.55078125,16.672252544921875,1.2532500529247574,16.4296875,16.68359375,16.26953125,16.947265625,35385,dense,76,32,random_lines,timing-only/line_size/data/charnwood/stats/all_stats.csv
charnwood,2015,Intel x86,control_sequential_stride512_align0_modesequential_lines.csv,20.240234375,20.542890798828125,2.0899947660737572,20.103515625,20.40234375,19.921875,21.234375,64079,control_sequential,512,0,sequential_lines,timing-only/line_size/data/charnwood/stats/all_stats.csv
charnwood,2015,Intel x86,dense_stride68_align0_moderandom_lines.csv,16.83203125,16.94285996875,1.4319669265118498,16.654296875,17.041015625,16.435546875,17.40234375,21408,dense,68,0,random_lines,timing-only/line_size/data/charnwood/stats/all_stats.csv
charnwood,2015,Intel x86,dense_stride72_align48_moderandom_lines.csv,15.529296875,15.705012888671876,1.5552324093906298,15.267578125,15.958984375,15.03515625,16.365234375,15702,dense,72,48,random_lines,timing-only/line_size/data/charnwood/stats/all_stats.csv
charnwood,2015,Intel x86,initial_stride128_align48_moderandom_lines.csv,17.59375,17.7930323046875,1.9282837888700706,17.470703125,17.734375,17.306640625,18.115234375,49237,initial,128,48,random_lines,timing-only/line_size/data/charnwood/stats/all_stats.csv
charnwood,2015,Intel x86,initial_stride256_align48_moderandom_lines.csv,24.587890625,24.763032705078125,1.683717951542703,24.421875,24.7578125,24.1875,25.05859375,30778,initial,256,48,random_lines,timing-only/line_size/data/charnwood/stats/all_stats.csv
charnwood,2015,Intel x86,initial_stride256_align32_moderandom_lines.csv,23.65625,23.807696173828123,2.628991964336291,23.525390625,23.791015625,23.3359375,24.013671875,27134,initial,256,32,random_lines,timing-only/line_size/data/charnwood/stats/all_stats.csv
charnwood,2015,Intel x86,initial_stride32_align32_moderandom_lines.csv,10.2109375,10.74797127734375,1.9894143730079308,9.841796875,11.49609375,9.5625,12.388671875,14438,initial,32,32,random_lines,timing-only/line_size/data/charnwood/stats/all_stats.csv
charnwood,2015,Intel x86,control_sequential_stride64_align0_modesequential_lines.csv,12.66796875,12.8647229375,1.6220272101431046,12.57421875,13.05859375,12.48046875,13.35546875,13214,control_sequential,64,0,sequential_lines,timing-only/line_size/data/charnwood/stats/all_stats.csv
charnwood,2015,Intel x86,dense_stride56_align32_moderandom_lines.csv,14.099609375,14.210257734375,1.3270956780037937,13.921875,14.2734375,13.6875,14.568359375,26921,dense,56,32,random_lines,timing-only/line_size/data/charnwood/stats/all_stats.csv
charnwood,2015,Intel x86,dense_stride72_align32_moderandom_lines.csv,15.79296875,15.889193025390625,1.2964328018193605,15.591796875,15.98828125,15.3515625,16.267578125,24386,dense,72,32,random_lines,timing-only/line_size/data/charnwood/stats/all_stats.csv
charnwood,2015,Intel x86,dense_stride44_align0_moderandom_lines.csv,12.154296875,12.223596591796875,1.168797825249645,12.0390625,12.271484375,11.876953125,12.45703125,20931,dense,44,0,random_lines,timing-only/line_size/data/charnwood/stats/all_stats.csv
charnwood,2015,Intel x86,dense_stride64_align0_moderandom_lines.csv,15.513671875,15.57957973828125,1.1812584071434085,15.287109375,15.65234375,14.93359375,16.05859375,44628,dense,64,0,random_lines,timing-only/line_size/data/charnwood/stats/all_stats.csv
charnwood,2015,Intel x86,dense_stride68_align32_moderandom_lines.csv,16.822265625,16.945345251953125,1.571049313891006,16.67578125,16.978515625,16.482421875,17.27734375,33166,dense,68,32,random_lines,timing-only/line_size/data/charnwood/stats/all_stats.csv
charnwood,2015,Intel x86,initial_stride16_align32_moderandom_lines.csv,8.5,8.625559748046875,1.768931123097357,8.42578125,8.59375,8.302734375,8.87890625,56367,initial,16,32,random_lines,timing-only/line_size/data/charnwood/stats/all_stats.csv
charnwood,2015,Intel x86,initial_stride64_align48_moderandom_lines.csv,15.96484375,15.977986140625,1.4433544175677069,15.6484375,16.1171875,15.2734375,16.33203125,18116,initial,64,48,random_lines,timing-only/line_size/data/charnwood/stats/all_stats.csv
charnwood,2015,Intel x86,dense_stride96_align0_moderandom_lines.csv,15.90625,16.1207368515625,2.5505952423184564,15.732421875,16.162109375,15.5390625,16.65625,44581,dense,96,0,random_lines,timing-only/line_size/data/charnwood/stats/all_stats.csv
charnwood,2015,Intel x86,dense_stride40_align48_moderandom_lines.csv,11.3046875,11.37883620703125,1.1556817242560902,11.181640625,11.44140625,11.0078125,11.6640625,20827,dense,40,48,random_lines,timing-only/line_size/data/charnwood/stats/all_stats.csv
charnwood,2015,Intel x86,initial_stride128_align0_moderandom_lines.csv,17.419921875,17.547578642578124,2.6257093811410126,17.06640625,17.671875,16.880859375,17.9609375,26703,initial,128,0,random_lines,timing-only/line_size/data/charnwood/stats/all_stats.csv
charnwood,2015,Intel x86,dense_stride56_align48_moderandom_lines.csv,14.345703125,14.413707267578125,1.230678984596099,14.158203125,14.52734375,13.919921875,14.740234375,13853,dense,56,48,random_lines,timing-only/line_size/data/charnwood/stats/all_stats.csv
charnwood,2015,Intel x86,dense_stride48_align16_moderandom_lines.csv,12.171875,12.239416888671874,1.0267961054234085,12.015625,12.33203125,11.828125,12.556640625,16693,dense,48,16,random_lines,timing-only/line_size/data/charnwood/stats/all_stats.csv
charnwood,2015,Intel x86,initial_stride8_align32_moderandom_lines.csv,7.935546875,7.97781158203125,0.7034769554657854,7.888671875,7.9921875,7.83203125,8.107421875,26633,initial,8,32,random_lines,timing-only/line_size/data/charnwood/stats/all_stats.csv
charnwood,2015,Intel x86,dense_stride72_align16_moderandom_lines.csv,16.3125,16.414482189453125,1.2618323356518668,16.060546875,16.55078125,15.833984375,16.830078125,23994,dense,72,16,random_lines,timing-only/line_size/data/charnwood/stats/all_stats.csv
charnwood,2015,Intel x86,initial_stride16_align0_moderandom_lines.csv,8.228515625,8.2731623828125,1.294924766403111,8.169921875,8.291015625,8.1015625,8.400390625,21910,initial,16,0,random_lines,timing-only/line_size/data/charnwood/stats/all_stats.csv
charnwood,2015,Intel x86,initial_stride32_align0_moderandom_lines.csv,9.978515625,10.598944171875,2.1950678042221545,9.724609375,11.4609375,9.490234375,12.26953125,9536,initial,32,0,random_lines,timing-only/line_size/data/charnwood/stats/all_stats.csv
charnwood,2015,Intel x86,control_random_stride8_align0_modefully_random.csv,17.541015625,17.695156607421875,2.6460278861855295,17.3203125,17.7578125,17.029296875,18.138671875,32857,control_random,8,0,fully_random,timing-only/line_size/data/charnwood/stats/all_stats.csv
charnwood,2015,Intel x86,dense_stride48_align48_moderandom_lines.csv,11.517578125,11.611348580078126,2.401927380415619,11.384765625,11.662109375,11.203125,11.908203125,27307,dense,48,48,random_lines,timing-only/line_size/data/charnwood/stats/all_stats.csv
charnwood,2015,Intel x86,initial_stride512_align32_moderandom_lines.csv,24.638671875,25.502956892578126,10.684713775199553,24.44921875,24.92578125,24.232421875,30.5859375,128648,initial,512,32,random_lines,timing-only/line_size/data/charnwood/stats/all_stats.csv
charnwood,2015,Intel x86,dense_stride60_align32_moderandom_lines.csv,15.693359375,15.7959521796875,1.2879100360888218,15.498046875,15.904296875,15.283203125,16.208984375,20916,dense,60,32,random_lines,timing-only/line_size/data/charnwood/stats/all_stats.csv
charnwood,2015,Intel x86,dense_stride52_align16_moderandom_lines.csv,13.177734375,13.24172875,1.1689021593652473,13.037109375,13.3046875,12.783203125,13.515625,33328,dense,52,16,random_lines,timing-only/line_size/data/charnwood/stats/all_stats.csv
charnwood,2015,Intel x86,dense_stride96_align32_moderandom_lines.csv,16.67578125,16.7395828828125,1.3540127772330688,16.419921875,16.85546875,16.109375,17.109375,20996,dense,96,32,random_lines,timing-only/line_size/data/charnwood/stats/all_stats.csv
charnwood,2015,Intel x86,dense_stride44_align32_moderandom_lines.csv,12.244140625,12.3201826484375,1.1514137279011467,12.08984375,12.38671875,11.865234375,12.61328125,28109,dense,44,32,random_lines,timing-only/line_size/data/charnwood/stats/all_stats.csv
charnwood,2015,Intel x86,dense_stride52_align48_moderandom_lines.csv,13.705078125,14.328818958984375,2.483549132588928,13.4296875,14.201171875,13.17578125,17.220703125,168092,dense,52,48,random_lines,timing-only/line_size/data/charnwood/stats/all_stats.csv
charnwood,2015,Intel x86,dense_stride56_align16_moderandom_lines.csv,14.15234375,14.224035310546874,1.174321785638416,14.009765625,14.30078125,13.806640625,14.529296875,17792,dense,56,16,random_lines,timing-only/line_size/data/charnwood/stats/all_stats.csv
charnwood,2015,Intel x86,initial_stride256_align0_moderandom_lines.csv,26.087890625,26.247775634765624,1.604133354466359,25.931640625,26.24609375,25.703125,26.552734375,39317,initial,256,0,random_lines,timing-only/line_size/data/charnwood/stats/all_stats.csv
charnwood,2015,Intel x86,control_sequential_stride8_align0_modesequential_lines.csv,7.701171875,7.732500234375,0.7042245269772328,7.681640625,7.720703125,7.65625,7.755859375,33013,control_sequential,8,0,sequential_lines,timing-only/line_size/data/charnwood/stats/all_stats.csv
charnwood,2015,Intel x86,dense_stride96_align48_moderandom_lines.csv,17.21484375,17.343838650390627,1.378604646347396,17.056640625,17.3984375,16.865234375,17.701171875,25693,dense,96,48,random_lines,timing-only/line_size/data/charnwood/stats/all_stats.csv
charnwood,2015,Intel x86,initial_stride64_align32_moderandom_lines.csv,15.869140625,16.00324414453125,1.3561890745879173,15.701171875,16.115234375,15.517578125,16.3984375,21639,initial,64,32,random_lines,timing-only/line_size/data/charnwood/stats/all_stats.csv
charnwood,2015,Intel x86,dense_stride52_align32_moderandom_lines.csv,13.27734375,13.362410609375,1.107676088531264,13.15234375,13.4140625,12.990234375,13.65625,26742,dense,52,32,random_lines,timing-only/line_size/data/charnwood/stats/all_stats.csv
charnwood,2015,Intel x86,control_sequential_stride32_align0_modesequential_lines.csv,8.072265625,8.10513861328125,0.7346731949098266,8.009765625,8.130859375,7.951171875,8.193359375,7865,control_sequential,32,0,sequential_lines,timing-only/line_size/data/charnwood/stats/all_stats.csv
charnwood,2015,Intel x86,dense_stride56_align0_moderandom_lines.csv,13.74609375,13.88544248046875,1.3517604811093933,13.5703125,13.9296875,13.34765625,14.388671875,44866,dense,56,0,random_lines,timing-only/line_size/data/charnwood/stats/all_stats.csv
charnwood,2015,Intel x86,dense_stride64_align48_moderandom_lines.csv,15.49609375,15.539493517578125,1.2400123305798176,15.296875,15.630859375,14.978515625,15.861328125,26662,dense,64,48,random_lines,timing-only/line_size/data/charnwood/stats/all_stats.csv
charnwood,2015,Intel x86,initial_stride512_align16_moderandom_lines.csv,26.275390625,26.406131359375,2.57570976750043,26.080078125,26.470703125,25.8046875,26.765625,20351,initial,512,16,random_lines,timing-only/line_size/data/charnwood/stats/all_stats.csv
charnwood,2015,Intel x86,initial_stride8_align16_moderandom_lines.csv,7.927734375,7.994279703125,0.9641046847517788,7.8828125,7.982421875,7.8125,8.25390625,77313,initial,8,16,random_lines,timing-only/line_size/data/charnwood/stats/all_stats.csv
charnwood,2015,Intel x86,dense_stride40_align0_moderandom_lines.csv,10.439453125,10.57697075,1.247076294375837,10.3125,10.57421875,10.1484375,10.919921875,47064,dense,40,0,random_lines,timing-only/line_size/data/charnwood/stats/all_stats.csv
charnwood,2015,Intel x86,control_sequential_stride56_align0_modesequential_lines.csv,10.48046875,10.856183337890625,2.7743002030208093,10.244140625,10.822265625,9.998046875,12.99609375,151000,control_sequential,56,0,sequential_lines,timing-only/line_size/data/charnwood/stats/all_stats.csv
charnwood,2015,Intel x86,dense_stride80_align16_moderandom_lines.csv,16.58203125,16.680650546875,1.3412367746319545,16.4140625,16.75390625,16.201171875,17.0234375,23522,dense,80,16,random_lines,timing-only/line_size/data/charnwood/stats/all_stats.csv
charnwood,2015,Intel x86,initial_stride64_align16_moderandom_lines.csv,16.021484375,16.1485521953125,1.3317078113314667,15.82421875,16.2109375,15.634765625,16.607421875,36999,initial,64,16,random_lines,timing-only/line_size/data/charnwood/stats/all_stats.csv
charnwood,2015,Intel x86,dense_stride68_align48_moderandom_lines.csv,16.056640625,16.24017019921875,1.5167451843496529,15.859375,16.2734375,15.591796875,16.90234375,50511,dense,68,48,random_lines,timing-only/line_size/data/charnwood/stats/all_stats.csv
charnwood,2015,Intel x86,initial_stride256_align16_moderandom_lines.csv,24.8828125,25.053567283203126,1.7432937376970927,24.724609375,25.041015625,24.490234375,25.314453125,31582,initial,256,16,random_lines,timing-only/line_size/data/charnwood/stats/all_stats.csv
charnwood,2015,Intel x86,dense_stride76_align16_moderandom_lines.csv,16.671875,16.8918940703125,2.854782232511807,16.5,16.873046875,16.263671875,17.44921875,50788,dense,76,16,random_lines,timing-only/line_size/data/charnwood/stats/all_stats.csv
charnwood,2015,Intel x86,initial_stride32_align48_moderandom_lines.csv,10.033203125,10.341424509765625,1.3115027375262798,9.880859375,10.267578125,9.724609375,12.251953125,136638,initial,32,48,random_lines,timing-only/line_size/data/charnwood/stats/all_stats.csv
charnwood,2015,Intel x86,dense_stride76_align0_moderandom_lines.csv,16.6796875,16.80796627734375,1.3902478338651134,16.45703125,16.93359375,16.166015625,17.318359375,26444,dense,76,0,random_lines,timing-only/line_size/data/charnwood/stats/all_stats.csv
charnwood,2015,Intel x86,control_sequential_stride72_align0_modesequential_lines.csv,13.22265625,13.306172564453124,1.1078361658067735,13.140625,13.330078125,13.04296875,13.517578125,23733,control_sequential,72,0,sequential_lines,timing-only/line_size/data/charnwood/stats/all_stats.csv
charnwood,2015,Intel x86,dense_stride64_align32_moderandom_lines.csv,15.2734375,15.314295419921875,1.271928158160657,15.03125,15.427734375,14.693359375,15.685546875,24079,dense,64,32,random_lines,timing-only/line_size/data/charnwood/stats/all_stats.csv
charnwood,2015,Intel x86,dense_stride40_align16_moderandom_lines.csv,10.880859375,10.948696138671876,1.0899937574672411,10.779296875,10.986328125,10.634765625,11.169921875,26441,dense,40,16,random_lines,timing-only/line_size/data/charnwood/stats/all_stats.csv
charnwood,2015,Intel x86,control_random_stride64_align0_modefully_random.csv,20.2734375,20.390580462890625,1.636545554153236,19.923828125,20.52734375,19.55078125,20.884765625,30577,control_random,64,0,fully_random,timing-only/line_size/data/charnwood/stats/all_stats.csv
charnwood,2015,Intel x86,dense_stride60_align0_moderandom_lines.csv,15.908203125,16.02073216796875,2.49895134039806,15.75390625,16.083984375,15.57421875,16.375,24516,dense,60,0,random_lines,timing-only/line_size/data/charnwood/stats/all_stats.csv
charnwood,2015,Intel x86,initial_stride128_align16_moderandom_lines.csv,17.408203125,18.18788978125,3.2199958264771738,16.974609375,17.818359375,16.71484375,22.03125,152728,initial,128,16,random_lines,timing-only/line_size/data/charnwood/stats/all_stats.csv
charnwood,2015,Intel x86,initial_stride8_align48_moderandom_lines.csv,8.033203125,8.14660079296875,22.420866961746466,7.986328125,8.087890625,7.939453125,8.2578125,56411,initial,8,48,random_lines,timing-only/line_size/data/charnwood/stats/all_stats.csv
charnwood,2015,Intel x86,dense_stride80_align48_moderandom_lines.csv,16.0546875,16.421283462890624,1.8285269900978527,15.853515625,16.380859375,15.66015625,17.740234375,58365,dense,80,48,random_lines,timing-only/line_size/data/charnwood/stats/all_stats.csv
charnwood,2015,Intel x86,dense_stride96_align16_moderandom_lines.csv,16.318359375,16.523718857421876,1.6395125639721784,16.162109375,16.486328125,15.955078125,16.94140625,48707,dense,96,16,random_lines,timing-only/line_size/data/charnwood/stats/all_stats.csv
charnwood,2015,Intel x86,initial_stride16_align48_moderandom_lines.csv,8.669921875,9.014671345703125,1.7950844230461276,8.5234375,8.916015625,8.396484375,10.607421875,163576,initial,16,48,random_lines,timing-only/line_size/data/charnwood/stats/all_stats.csv
ookay,2016,Intel x86,initial_stride256_align48_moderandom_lines.csv,21.47265625,21.916354033203124,3.6879856578224484,21.3359375,21.62109375,21.142578125,22.044921875,51994,initial,256,48,random_lines,timing-only/line_size/data/ookay/stats/all_stats.csv
ookay,2016,Intel x86,control_sequential_stride16_align0_modesequential_lines.csv,7.4453125,7.593757267578125,2.2917207659354806,7.421875,7.474609375,7.39453125,7.61328125,76600,control_sequential,16,0,sequential_lines,timing-only/line_size/data/ookay/stats/all_stats.csv
ookay,2016,Intel x86,dense_stride48_align0_moderandom_lines.csv,12.103515625,12.397396427734375,4.485550936320761,11.921875,12.3046875,11.70703125,12.6953125,36142,dense,48,0,random_lines,timing-only/line_size/data/ookay/stats/all_stats.csv
ookay,2016,Intel x86,dense_stride44_align0_moderandom_lines.csv,11.552734375,11.840980421875,2.784479256756591,11.4140625,11.720703125,11.21875,12.689453125,61046,dense,44,0,random_lines,timing-only/line_size/data/ookay/stats/all_stats.csv
ookay,2016,Intel x86,initial_stride128_align16_moderandom_lines.csv,17.87890625,18.285985115234375,4.899586896747459,17.73828125,18.04296875,17.548828125,18.560546875,55384,initial,128,16,random_lines,timing-only/line_size/data/ookay/stats/all_stats.csv
ookay,2016,Intel x86,dense_stride80_align32_moderandom_lines.csv,15.8828125,16.238208642578126,3.1570475869391075,15.6953125,16.142578125,15.501953125,16.56640625,38948,dense,80,32,random_lines,timing-only/line_size/data/ookay/stats/all_stats.csv
ookay,2016,Intel x86,initial_stride16_align32_moderandom_lines.csv,8.091796875,8.264897123046875,2.4039142358304155,8.0078125,8.193359375,7.875,8.408203125,43047,initial,16,32,random_lines,timing-only/line_size/data/ookay/stats/all_stats.csv
ookay,2016,Intel x86,initial_stride512_align16_moderandom_lines.csv,23.650390625,24.0655548359375,3.5714853038003587,23.521484375,23.78515625,23.33984375,24.150390625,50796,initial,512,16,random_lines,timing-only/line_size/data/ookay/stats/all_stats.csv
ookay,2016,Intel x86,dense_stride96_align0_moderandom_lines.csv,17.048828125,17.510194541015625,3.305228065884008,16.794921875,17.3203125,16.521484375,19.958984375,72439,dense,96,0,random_lines,timing-only/line_size/data/ookay/stats/all_stats.csv
ookay,2016,Intel x86,dense_stride56_align0_moderandom_lines.csv,13.076171875,13.33892369140625,2.9043726285153078,12.919921875,13.224609375,12.716796875,13.56640625,42214,dense,56,0,random_lines,timing-only/line_size/data/ookay/stats/all_stats.csv
ookay,2016,Intel x86,dense_stride56_align48_moderandom_lines.csv,13.240234375,13.612154556640625,2.881959479493484,13.091796875,13.4140625,12.90625,15.3515625,95386,dense,56,48,random_lines,timing-only/line_size/data/ookay/stats/all_stats.csv
ookay,2016,Intel x86,dense_stride40_align48_moderandom_lines.csv,10.7734375,11.13041287890625,2.801823266982586,10.63671875,10.935546875,10.455078125,12.849609375,92774,dense,40,48,random_lines,timing-only/line_size/data/ookay/stats/all_stats.csv
ookay,2016,Intel x86,dense_stride96_align48_moderandom_lines.csv,17.3046875,17.60854012109375,3.185466882656979,17.0703125,17.521484375,16.828125,17.88671875,32679,dense,96,48,random_lines,timing-only/line_size/data/ookay/stats/all_stats.csv
ookay,2016,Intel x86,control_sequential_stride64_align0_modesequential_lines.csv,12.451171875,12.704748345703125,2.7810481052056173,12.3515625,12.6484375,12.21875,12.880859375,30960,control_sequential,64,0,sequential_lines,timing-only/line_size/data/ookay/stats/all_stats.csv
ookay,2016,Intel x86,initial_stride32_align0_moderandom_lines.csv,9.51953125,9.704525830078126,2.489497498732086,9.3828125,9.646484375,9.23046875,9.87890625,34306,initial,32,0,random_lines,timing-only/line_size/data/ookay/stats/all_stats.csv
ookay,2016,Intel x86,initial_stride64_align16_moderandom_lines.csv,14.630859375,15.044721763671875,2.987586991342068,14.43359375,14.841796875,14.228515625,17.1953125,91751,initial,64,16,random_lines,timing-only/line_size/data/ookay/stats/all_stats.csv
ookay,2016,Intel x86,control_sequential_stride56_align0_modesequential_lines.csv,9.544921875,9.753700005859375,2.547572042549974,9.416015625,9.677734375,9.240234375,9.998046875,45111,control_sequential,56,0,sequential_lines,timing-only/line_size/data/ookay/stats/all_stats.csv
ookay,2016,Intel x86,initial_stride128_align48_moderandom_lines.csv,17.970703125,18.329780328125,3.373955734463583,17.8515625,18.111328125,17.69140625,18.578125,57472,initial,128,48,random_lines,timing-only/line_size/data/ookay/stats/all_stats.csv
ookay,2016,Intel x86,dense_stride52_align48_moderandom_lines.csv,13.3984375,13.6538748828125,2.9040037143056123,13.220703125,13.564453125,13.01953125,13.87109375,35349,dense,52,48,random_lines,timing-only/line_size/data/ookay/stats/all_stats.csv
ookay,2016,Intel x86,dense_stride40_align0_moderandom_lines.csv,10.513671875,10.755242369140625,2.6944616499828267,10.40234375,10.63671875,10.2578125,10.951171875,47168,dense,40,0,random_lines,timing-only/line_size/data/ookay/stats/all_stats.csv
ookay,2016,Intel x86,initial_stride16_align16_moderandom_lines.csv,8.0625,8.214241359375,2.303500627016774,7.9765625,8.140625,7.8828125,8.3125,38841,initial,16,16,random_lines,timing-only/line_size/data/ookay/stats/all_stats.csv
ookay,2016,Intel x86,dense_stride60_align0_moderandom_lines.csv,14.931640625,15.286510263671875,3.147061996945388,14.77734375,15.08984375,14.576171875,16.052734375,61669,dense,60,0,random_lines,timing-only/line_size/data/ookay/stats/all_stats.csv
ookay,2016,Intel x86,control_sequential_stride72_align0_modesequential_lines.csv,12.6953125,12.962694109375,2.9907527977004214,12.580078125,12.908203125,12.4375,13.171875,34299,control_sequential,72,0,sequential_lines,timing-only/line_size/data/ookay/stats/all_stats.csv
ookay,2016,Intel x86,dense_stride40_align32_moderandom_lines.csv,10.16796875,10.374226640625,2.644722029204917,9.9921875,10.33203125,9.79296875,10.611328125,33694,dense,40,32,random_lines,timing-only/line_size/data/ookay/stats/all_stats.csv
ookay,2016,Intel x86,dense_stride72_align48_moderandom_lines.csv,15.46484375,15.766003888671875,3.048201208009295,15.294921875,15.646484375,15.072265625,16.068359375,43526,dense,72,48,random_lines,timing-only/line_size/data/ookay/stats/all_stats.csv
ookay,2016,Intel x86,dense_stride56_align16_moderandom_lines.csv,12.916015625,13.195623107421875,3.087645558038045,12.77734375,13.06640625,12.583984375,13.44140625,47449,dense,56,16,random_lines,timing-only/line_size/data/ookay/stats/all_stats.csv
ookay,2016,Intel x86,initial_stride64_align0_moderandom_lines.csv,14.955078125,15.32999670703125,4.423925290629887,14.681640625,15.37109375,14.455078125,15.8125,30331,initial,64,0,random_lines,timing-only/line_size/data/ookay/stats/all_stats.csv
ookay,2016,Intel x86,dense_stride52_align32_moderandom_lines.csv,12.84375,13.191822099609375,4.563222286116259,12.712890625,12.990234375,12.54296875,13.453125,53436,dense,52,32,random_lines,timing-only/line_size/data/ookay/stats/all_stats.csv
ookay,2016,Intel x86,initial_stride32_align32_moderandom_lines.csv,9.529296875,9.768090009765626,2.5867185585752,9.431640625,9.662109375,9.330078125,9.98046875,46915,initial,32,32,random_lines,timing-only/line_size/data/ookay/stats/all_stats.csv
ookay,2016,Intel x86,dense_stride96_align32_moderandom_lines.csv,16.279296875,16.668214693359374,3.403516684806301,16.1328125,16.455078125,15.94921875,17.10546875,56002,dense,96,32,random_lines,timing-only/line_size/data/ookay/stats/all_stats.csv
ookay,2016,Intel x86,dense_stride52_align0_moderandom_lines.csv,13.259765625,13.515039115234375,2.8492023147787284,13.103515625,13.435546875,12.91796875,13.76171875,36150,dense,52,0,random_lines,timing-only/line_size/data/ookay/stats/all_stats.csv
ookay,2016,Intel x86,dense_stride44_align16_moderandom_lines.csv,11.560546875,11.798011474609375,3.125063001735826,11.453125,11.677734375,11.296875,11.939453125,43588,dense,44,16,random_lines,timing-only/line_size/data/ookay/stats/all_stats.csv
ookay,2016,Intel x86,initial_stride8_align32_moderandom_lines.csv,7.5859375,7.7671567578125,2.344730263233957,7.548828125,7.640625,7.50390625,7.931640625,106617,initial,8,32,random_lines,timing-only/line_size/data/ookay/stats/all_stats.csv
ookay,2016,Intel x86,dense_stride96_align16_moderandom_lines.csv,15.66796875,16.01655491796875,3.1777172007123022,15.5078125,15.861328125,15.3046875,16.267578125,41467,dense,96,16,random_lines,timing-only/line_size/data/ookay/stats/all_stats.csv
ookay,2016,Intel x86,initial_stride64_align32_moderandom_lines.csv,14.494140625,14.760672759765624,2.9071443894167164,14.326171875,14.65234375,14.021484375,15.0703125,50452,initial,64,32,random_lines,timing-only/line_size/data/ookay/stats/all_stats.csv
ookay,2016,Intel x86,initial_stride256_align16_moderandom_lines.csv,24.287109375,24.747881439453124,3.843937060127862,24.1015625,24.484375,23.837890625,24.958984375,46128,initial,256,16,random_lines,timing-only/line_size/data/ookay/stats/all_stats.csv
ookay,2016,Intel x86,initial_stride16_align48_moderandom_lines.csv,8.146484375,8.310476005859375,2.3395157023552478,8.09375,8.212890625,8.0078125,8.38671875,50041,initial,16,48,random_lines,timing-only/line_size/data/ookay/stats/all_stats.csv
ookay,2016,Intel x86,control_sequential_stride128_align0_modesequential_lines.csv,13.669921875,13.815625837890625,2.978078875080635,13.16796875,13.892578125,13.009765625,14.1875,31451,control_sequential,128,0,sequential_lines,timing-only/line_size/data/ookay/stats/all_stats.csv
ookay,2016,Intel x86,initial_stride256_align32_moderandom_lines.csv,22.1328125,22.59278752734375,3.8144664673385558,21.978515625,22.29296875,21.7578125,22.68359375,46715,initial,256,32,random_lines,timing-only/line_size/data/ookay/stats/all_stats.csv
ookay,2016,Intel x86,control_sequential_stride32_align0_modesequential_lines.csv,7.7265625,7.899407314453125,2.3616102022073275,7.66015625,7.8046875,7.583984375,7.990234375,43153,control_sequential,32,0,sequential_lines,timing-only/line_size/data/ookay/stats/all_stats.csv
ookay,2016,Intel x86,initial_stride512_align48_moderandom_lines.csv,26.353515625,26.8783450703125,3.726413795846307,26.177734375,26.546875,25.94140625,29.28125,66740,initial,512,48,random_lines,timing-only/line_size/data/ookay/stats/all_stats.csv
ookay,2016,Intel x86,initial_stride32_align48_moderandom_lines.csv,9.697265625,9.896934361328125,2.465600487862403,9.595703125,9.806640625,9.451171875,10.0703125,45203,initial,32,48,random_lines,timing-only/line_size/data/ookay/stats/all_stats.csv
ookay,2016,Intel x86,initial_stride64_align48_moderandom_lines.csv,14.568359375,14.829143998046876,3.4862881215141557,14.3359375,14.72265625,14.005859375,15.240234375,47832,initial,64,48,random_lines,timing-only/line_size/data/ookay/stats/all_stats.csv
ookay,2016,Intel x86,control_sequential_stride8_align0_modesequential_lines.csv,7.36328125,7.51075137890625,2.2993068602011815,7.34375,7.384765625,7.318359375,7.5390625,98316,control_sequential,8,0,sequential_lines,timing-only/line_size/data/ookay/stats/all_stats.csv
ookay,2016,Intel x86,dense_stride68_align48_moderandom_lines.csv,16.14453125,16.459511265625,3.6257618694000544,15.970703125,16.337890625,15.73828125,16.7734375,41876,dense,68,48,random_lines,timing-only/line_size/data/ookay/stats/all_stats.csv
ookay,2016,Intel x86,initial_stride8_align48_moderandom_lines.csv,7.701171875,7.85055345703125,2.8229648091993593,7.638671875,7.771484375,7.55078125,7.9375,38811,initial,8,48,random_lines,timing-only/line_size/data/ookay/stats/all_stats.csv
ookay,2016,Intel x86,control_random_stride8_align0_modefully_random.csv,18.02734375,18.543066056640626,5.278660508606056,17.85546875,18.232421875,17.6171875,19.166015625,68398,control_random,8,0,fully_random,timing-only/line_size/data/ookay/stats/all_stats.csv
ookay,2016,Intel x86,dense_stride56_align32_moderandom_lines.csv,13.73046875,14.00592983203125,3.778495241962846,13.5078125,13.96875,13.267578125,14.30859375,29493,dense,56,32,random_lines,timing-only/line_size/data/ookay/stats/all_stats.csv
ookay,2016,Intel x86,initial_stride256_align0_moderandom_lines.csv,24.384765625,24.94030819921875,4.408624816405173,24.232421875,24.548828125,24.015625,26.84765625,73606,initial,256,0,random_lines,timing-only/line_size/data/ookay/stats/all_stats.csv
ookay,2016,Intel x86,initial_stride16_align0_moderandom_lines.csv,7.974609375,8.17374781640625,2.503270570673578,7.8984375,8.1015625,7.7890625,8.330078125,42147,initial,16,0,random_lines,timing-only/line_size/data/ookay/stats/all_stats.csv
ookay,2016,Intel x86,dense_stride60_align16_moderandom_lines.csv,14.654296875,14.952143236328125,2.917745440844484,14.501953125,14.8515625,14.318359375,15.30078125,42459,dense,60,16,random_lines,timing-only/line_size/data/ookay/stats/all_stats.csv
ookay,2016,Intel x86,initial_stride512_align0_moderandom_lines.csv,26.2109375,26.588089150390626,3.517062949468583,26.052734375,26.38671875,25.865234375,26.673828125,38031,initial,512,0,random_lines,timing-only/line_size/data/ookay/stats/all_stats.csv
ookay,2016,Intel x86,initial_stride8_align16_moderandom_lines.csv,7.587890625,7.73390934375,2.3214345629158712,7.533203125,7.63671875,7.474609375,7.783203125,46916,initial,8,16,random_lines,timing-only/line_size/data/ookay/stats/all_stats.csv
ookay,2016,Intel x86,dense_stride76_align32_moderandom_lines.csv,16.4609375,16.7680048828125,3.1143981416242483,16.3046875,16.626953125,16.080078125,17.017578125,44781,dense,76,32,random_lines,timing-only/line_size/data/ookay/stats/all_stats.csv
ookay,2016,Intel x86,dense_stride40_align16_moderandom_lines.csv,10.76953125,11.011070861328125,3.585362290001205,10.640625,10.89453125,10.4453125,11.20703125,46789,dense,40,16,random_lines,timing-only/line_size/data/ookay/stats/all_stats.csv
ookay,2016,Intel x86,dense_stride48_align32_moderandom_lines.csv,12.083984375,12.306165693359375,2.77376694312594,11.9140625,12.236328125,11.642578125,12.56640625,40630,dense,48,32,random_lines,timing-only/line_size/data/ookay/stats/all_stats.csv
ookay,2016,Intel x86,dense_stride68_align16_moderandom_lines.csv,16.712890625,17.034329,3.0891401614493397,16.537109375,16.970703125,16.306640625,17.4140625,33295,dense,68,16,random_lines,timing-only/line_size/data/ookay/stats/all_stats.csv
ookay,2016,Intel x86,dense_stride72_align0_moderandom_lines.csv,14.822265625,15.140716732421875,3.0836156242018697,14.61328125,15.056640625,14.361328125,15.537109375,42222,dense,72,0,random_lines,timing-only/line_size/data/ookay/stats/all_stats.csv
ookay,2016,Intel x86,dense_stride64_align0_moderandom_lines.csv,14.87109375,15.21108746484375,3.0576554190425393,14.6875,15.203125,14.404296875,15.64453125,36151,dense,64,0,random_lines,timing-only/line_size/data/ookay/stats/all_stats.csv
ookay,2016,Intel x86,dense_stride48_align16_moderandom_lines.csv,12.181640625,12.523245859375,2.810003009740545,12.013671875,12.345703125,11.779296875,14.123046875,93207,dense,48,16,random_lines,timing-only/line_size/data/ookay/stats/all_stats.csv
ookay,2016,Intel x86,dense_stride60_align48_moderandom_lines.csv,13.896484375,14.20106863671875,2.96495639811811,13.755859375,14.044921875,13.56640625,14.5703125,55645,dense,60,48,random_lines,timing-only/line_size/data/ookay/stats/all_stats.csv
ookay,2016,Intel x86,initial_stride32_align16_moderandom_lines.csv,9.333984375,9.5252724453125,2.6282283303958747,9.228515625,9.4453125,9.103515625,9.666015625,39580,initial,32,16,random_lines,timing-only/line_size/data/ookay/stats/all_stats.csv
ookay,2016,Intel x86,initial_stride128_align32_moderandom_lines.csv,17.748046875,17.961068890625,3.2856648656724188,17.208984375,18.017578125,17.021484375,18.396484375,29025,initial,128,32,random_lines,timing-only/line_size/data/ookay/stats/all_stats.csv
ookay,2016,Intel x86,initial_stride128_align0_moderandom_lines.csv,16.935546875,17.51922779296875,3.5290067344801046,16.794921875,17.11328125,16.60546875,20.658203125,80323,initial,128,0,random_lines,timing-only/line_size/data/ookay/stats/all_stats.csv
ookay,2016,Intel x86,dense_stride76_align16_moderandom_lines.csv,16.708984375,17.150409775390624,3.1430020997181876,16.494140625,16.98828125,16.28125,19.234375,82140,dense,76,16,random_lines,timing-only/line_size/data/ookay/stats/all_stats.csv
ookay,2016,Intel x86,dense_stride80_align48_moderandom_lines.csv,15.951171875,16.265978009765625,3.2715521909760312,15.751953125,16.142578125,15.490234375,16.55078125,42071,dense,80,48,random_lines,timing-only/line_size/data/ookay/stats/all_stats.csv
ookay,2016,Intel x86,control_sequential_stride512_align0_modesequential_lines.csv,18.48046875,18.836274857421873,3.2544770676895336,18.35546875,18.62109375,18.189453125,19.021484375,51227,control_sequential,512,0,sequential_lines,timing-only/line_size/data/ookay/stats/all_stats.csv
ookay,2016,Intel x86,dense_stride44_align48_moderandom_lines.csv,11.6015625,11.8330205703125,2.66520085472247,11.41015625,11.798828125,11.208984375,12.130859375,37251,dense,44,48,random_lines,timing-only/line_size/data/ookay/stats/all_stats.csv
ookay,2016,Intel x86,dense_stride64_align16_moderandom_lines.csv,14.375,14.664508623046874,2.989719388275146,14.171875,14.55859375,13.95703125,14.984375,44934,dense,64,16,random_lines,timing-only/line_size/data/ookay/stats/all_stats.csv
ookay,2016,Intel x86,dense_stride52_align16_moderandom_lines.csv,12.658203125,12.941255234375,2.8480965208186286,12.498046875,12.841796875,12.3046875,13.28515625,45006,dense,52,16,random_lines,timing-only/line_size/data/ookay/stats/all_stats.csv
ookay,2016,Intel x86,dense_stride76_align0_moderandom_lines.csv,16.853515625,17.1949600390625,4.504440306268167,16.716796875,16.99609375,16.51953125,17.376953125,49094,dense,76,0,random_lines,timing-only/line_size/data/ookay/stats/all_stats.csv
ookay,2016,Intel x86,dense_stride60_align32_moderandom_lines.csv,15.755859375,16.016084294921875,2.8909259247628585,15.619140625,15.896484375,15.4375,16.1875,39271,dense,60,32,random_lines,timing-only/line_size/data/ookay/stats/all_stats.csv
ookay,2016,Intel x86,dense_stride80_align16_moderandom_lines.csv,16.63671875,16.973557001953125,4.728635947005949,16.400390625,16.841796875,16.087890625,17.294921875,39226,dense,80,16,random_lines,timing-only/line_size/data/ookay/stats/all_stats.csv
ookay,2016,Intel x86,initial_stride512_align32_moderandom_lines.csv,22.814453125,23.200342265625,3.539661121005578,22.662109375,22.96875,22.439453125,23.3984375,51366,initial,512,32,random_lines,timing-only/line_size/data/ookay/stats/all_stats.csv
ookay,2016,Intel x86,dense_stride64_align48_moderandom_lines.csv,14.83984375,15.180713275390625,3.0493099807047437,14.708984375,15.072265625,14.564453125,15.462890625,40937,dense,64,48,random_lines,timing-only/line_size/data/ookay/stats/all_stats.csv
ookay,2016,Intel x86,control_random_stride64_align0_modefully_random.csv,21.03515625,21.503821203125,3.755840649114947,20.775390625,21.31640625,20.47265625,22.015625,47425,control_random,64,0,fully_random,timing-only/line_size/data/ookay/stats/all_stats.csv
ookay,2016,Intel x86,dense_stride72_align16_moderandom_lines.csv,14.4375,14.783063078125,3.045501135413357,14.267578125,14.650390625,14.064453125,15.3125,51912,dense,72,16,random_lines,timing-only/line_size/data/ookay/stats/all_stats.csv
ookay,2016,Intel x86,initial_stride8_align0_moderandom_lines.csv,7.57421875,7.746138720703125,2.422020855446736,7.52734375,7.623046875,7.4765625,7.833984375,69819,initial,8,0,random_lines,timing-only/line_size/data/ookay/stats/all_stats.csv
ookay,2016,Intel x86,dense_stride64_align32_moderandom_lines.csv,15.130859375,15.434003296875,2.995234078195786,14.939453125,15.36328125,14.76171875,15.783203125,37807,dense,64,32,random_lines,timing-only/line_size/data/ookay/stats/all_stats.csv
ookay,2016,Intel x86,dense_stride44_align32_moderandom_lines.csv,11.45703125,11.70206386328125,2.7336534654782416,11.345703125,11.57421875,11.19140625,11.890625,49330,dense,44,32,random_lines,timing-only/line_size/data/ookay/stats/all_stats.csv
ookay,2016,Intel x86,dense_stride68_align32_moderandom_lines.csv,16.462890625,16.769079751953125,3.0696680298730414,16.318359375,16.6171875,16.12890625,16.986328125,44857,dense,68,32,random_lines,timing-only/line_size/data/ookay/stats/all_stats.csv
ookay,2016,Intel x86,dense_stride72_align32_moderandom_lines.csv,14.654296875,14.97823681640625,3.264677829355402,14.515625,14.802734375,14.326171875,15.203125,49729,dense,72,32,random_lines,timing-only/line_size/data/ookay/stats/all_stats.csv
ookay,2016,Intel x86,dense_stride76_align48_moderandom_lines.csv,16.265625,16.584077140625,3.283246032583555,16.064453125,16.486328125,15.8515625,16.84375,37245,dense,76,48,random_lines,timing-only/line_size/data/ookay/stats/all_stats.csv
ookay,2016,Intel x86,dense_stride80_align0_moderandom_lines.csv,15.294921875,15.640169060546874,3.139010050084157,15.150390625,15.455078125,14.951171875,15.90234375,50537,dense,80,0,random_lines,timing-only/line_size/data/ookay/stats/all_stats.csv
ookay,2016,Intel x86,dense_stride48_align48_moderandom_lines.csv,12.421875,12.68450333984375,2.985647227150418,12.26953125,12.603515625,12.056640625,12.998046875,39655,dense,48,48,random_lines,timing-only/line_size/data/ookay/stats/all_stats.csv
ookay,2016,Intel x86,dense_stride68_align0_moderandom_lines.csv,16.02734375,16.4535593046875,3.113914905475848,15.828125,16.2421875,15.615234375,18.458984375,84607,dense,68,0,random_lines,timing-only/line_size/data/ookay/stats/all_stats.csv
ookay,2016,Intel x86,control_sequential_stride256_align0_modesequential_lines.csv,18.18359375,18.738013640625,4.981404809338307,18.080078125,18.302734375,17.94140625,21.4140625,96224,control_sequential,256,0,sequential_lines,timing-only/line_size/data/ookay/stats/all_stats.csv
upgrade,2017,Intel x86,dense_stride60_align16_moderandom_lines.csv,11.76171875,11.985870248046876,2.782769599914526,11.5986328125,11.953125,11.392578125,12.279296875,27305,dense,60,16,random_lines,timing-only/line_size/data/upgrade/stats/all_stats.csv
upgrade,2017,Intel x86,initial_stride64_align16_moderandom_lines.csv,12.2392578125,12.523047267578125,3.194941061088087,12.01171875,12.5283203125,11.7880859375,13.06640625,29624,initial,64,16,random_lines,timing-only/line_size/data/upgrade/stats/all_stats.csv
upgrade,2017,Intel x86,initial_stride32_align16_moderandom_lines.csv,7.833984375,15.97765034765625,273.9375982515886,7.728515625,7.9287109375,7.5908203125,8.0986328125,20687,initial,32,16,random_lines,timing-only/line_size/data/upgrade/stats/all_stats.csv
upgrade,2017,Intel x86,initial_stride16_align0_moderandom_lines.csv,6.6064453125,13.516970469726562,252.12583053399672,6.5546875,6.66015625,6.478515625,6.79296875,37437,initial,16,0,random_lines,timing-only/line_size/data/upgrade/stats/all_stats.csv
upgrade,2017,Intel x86,initial_stride64_align32_moderandom_lines.csv,12.3984375,12.7116405546875,3.3052842627228385,12.23828125,12.6005859375,12.046875,13.0244140625,36386,initial,64,32,random_lines,timing-only/line_size/data/upgrade/stats/all_stats.csv
upgrade,2017,Intel x86,dense_stride64_align32_moderandom_lines.csv,12.7783203125,12.985903771484375,2.87941750261809,12.5849609375,12.9482421875,12.3505859375,13.2978515625,27204,dense,64,32,random_lines,timing-only/line_size/data/upgrade/stats/all_stats.csv
upgrade,2017,Intel x86,dense_stride76_align16_moderandom_lines.csv,13.8994140625,14.171671759765625,3.185214376499469,13.7578125,14.0625,13.525390625,14.3896484375,34920,dense,76,16,random_lines,timing-only/line_size/data/upgrade/stats/all_stats.csv
upgrade,2017,Intel x86,dense_stride48_align16_moderandom_lines.csv,9.4931640625,9.698581618164063,2.501468221693082,9.37109375,9.6337890625,9.2255859375,10.02734375,50028,dense,48,16,random_lines,timing-only/line_size/data/upgrade/stats/all_stats.csv
upgrade,2017,Intel x86,dense_stride52_align48_moderandom_lines.csv,10.7763671875,11.038767475585937,3.0662971559579546,10.6015625,10.9716796875,10.390625,11.3701171875,34661,dense,52,48,random_lines,timing-only/line_size/data/upgrade/stats/all_stats.csv
upgrade,2017,Intel x86,control_sequential_stride32_align0_modesequential_lines.csv,6.4423828125,6.564798754882813,2.104060673278554,6.3798828125,6.515625,6.3076171875,6.650390625,23322,control_sequential,32,0,sequential_lines,timing-only/line_size/data/upgrade/stats/all_stats.csv
upgrade,2017,Intel x86,control_sequential_stride64_align0_modesequential_lines.csv,10.0498046875,10.234362328125,2.650239407909913,9.9287109375,10.17578125,9.7568359375,10.4326171875,30057,control_sequential,64,0,sequential_lines,timing-only/line_size/data/upgrade/stats/all_stats.csv
upgrade,2017,Intel x86,dense_stride64_align0_moderandom_lines.csv,12.3193359375,12.5597791640625,4.027408813431488,12.16796875,12.47265625,11.990234375,12.765625,26863,dense,64,0,random_lines,timing-only/line_size/data/upgrade/stats/all_stats.csv
upgrade,2017,Intel x86,dense_stride56_align32_moderandom_lines.csv,11.169921875,11.385651557617187,2.820043928980445,11.0419921875,11.3212890625,10.876953125,11.5947265625,24001,dense,56,32,random_lines,timing-only/line_size/data/upgrade/stats/all_stats.csv
upgrade,2017,Intel x86,initial_stride8_align32_moderandom_lines.csv,6.3369140625,13.016942094726563,248.43793489679447,6.267578125,6.419921875,6.208984375,6.5732421875,22373,initial,8,32,random_lines,timing-only/line_size/data/upgrade/stats/all_stats.csv
upgrade,2017,Intel x86,dense_stride68_align32_moderandom_lines.csv,13.0439453125,13.310210380859376,3.5961470218566816,12.8798828125,13.224609375,12.646484375,13.5927734375,32439,dense,68,32,random_lines,timing-only/line_size/data/upgrade/stats/all_stats.csv
upgrade,2017,Intel x86,dense_stride40_align16_moderandom_lines.csv,8.833984375,9.013691337890625,2.578096479436305,8.7001953125,8.9755859375,8.53125,9.2138671875,20328,dense,40,16,random_lines,timing-only/line_size/data/upgrade/stats/all_stats.csv
upgrade,2017,Intel x86,dense_stride72_align16_moderandom_lines.csv,12.44140625,12.677863194335938,3.0105210508511955,12.3095703125,12.5888671875,12.1064453125,12.8701171875,31785,dense,72,16,random_lines,timing-only/line_size/data/upgrade/stats/all_stats.csv
upgrade,2017,Intel x86,dense_stride48_align48_moderandom_lines.csv,10.3466796875,10.542503245117187,2.846219189819795,10.1787109375,10.5029296875,10.0029296875,10.7451171875,14035,dense,48,48,random_lines,timing-only/line_size/data/upgrade/stats/all_stats.csv
upgrade,2017,Intel x86,initial_stride128_align48_moderandom_lines.csv,15.345703125,15.651737521484375,3.394366246807361,15.1220703125,15.578125,14.830078125,16.0205078125,27946,initial,128,48,random_lines,timing-only/line_size/data/upgrade/stats/all_stats.csv
upgrade,2017,Intel x86,dense_stride40_align32_moderandom_lines.csv,8.4482421875,8.62179465234375,2.603936029657108,8.3408203125,8.57421875,8.2060546875,8.84375,35316,dense,40,32,random_lines,timing-only/line_size/data/upgrade/stats/all_stats.csv
upgrade,2017,Intel x86,dense_stride48_align32_moderandom_lines.csv,10.2314453125,10.423995094726562,2.7565529316660506,10.091796875,10.3740234375,9.884765625,10.6220703125,23127,dense,48,32,random_lines,timing-only/line_size/data/upgrade/stats/all_stats.csv
upgrade,2017,Intel x86,initial_stride512_align16_moderandom_lines.csv,19.7998046875,20.291155920898436,4.114792859587146,19.541015625,20.1923828125,19.3408203125,20.9248046875,24107,initial,512,16,random_lines,timing-only/line_size/data/upgrade/stats/all_stats.csv
upgrade,2017,Intel x86,initial_stride16_align32_moderandom_lines.csv,6.82421875,13.887157350585937,256.90287265534755,6.7578125,6.8984375,6.5771484375,7.0947265625,76355,initial,16,32,random_lines,timing-only/line_size/data/upgrade/stats/all_stats.csv
upgrade,2017,Intel x86,dense_stride68_align48_moderandom_lines.csv,12.984375,13.255601869140625,3.0754146933364073,12.8330078125,13.181640625,12.6123046875,13.5849609375,36139,dense,68,48,random_lines,timing-only/line_size/data/upgrade/stats/all_stats.csv
upgrade,2017,Intel x86,initial_stride256_align0_moderandom_lines.csv,19.25390625,19.629598891601564,4.343325847118284,18.9921875,19.462890625,18.705078125,20.0966796875,45389,initial,256,0,random_lines,timing-only/line_size/data/upgrade/stats/all_stats.csv
upgrade,2017,Intel x86,control_sequential_stride128_align0_modesequential_lines.csv,11.716796875,11.935510329101563,2.965698484543093,11.3837890625,12.0439453125,11.12109375,12.3525390625,16645,control_sequential,128,0,sequential_lines,timing-only/line_size/data/upgrade/stats/all_stats.csv
upgrade,2017,Intel x86,dense_stride80_align48_moderandom_lines.csv,13.001953125,13.2448673828125,3.0101249477212306,12.8369140625,13.2099609375,12.650390625,13.5654296875,28196,dense,80,48,random_lines,timing-only/line_size/data/upgrade/stats/all_stats.csv
upgrade,2017,Intel x86,initial_stride32_align32_moderandom_lines.csv,7.9072265625,16.275578634765626,278.3485063670056,7.7705078125,8.087890625,7.6494140625,8.5029296875,36027,initial,32,32,random_lines,timing-only/line_size/data/upgrade/stats/all_stats.csv
upgrade,2017,Intel x86,dense_stride60_align0_moderandom_lines.csv,12.8779296875,13.098122413085937,2.7533933352909736,12.748046875,13.0166015625,12.5439453125,13.4365234375,57892,dense,60,0,random_lines,timing-only/line_size/data/upgrade/stats/all_stats.csv
upgrade,2017,Intel x86,initial_stride256_align32_moderandom_lines.csv,19.283203125,19.611152810546876,3.7605201372006167,19.0185546875,19.474609375,18.775390625,19.8779296875,22635,initial,256,32,random_lines,timing-only/line_size/data/upgrade/stats/all_stats.csv
upgrade,2017,Intel x86,control_sequential_stride256_align0_modesequential_lines.csv,13.8037109375,14.096011504882812,3.2675282466229882,13.6123046875,13.98828125,13.453125,14.32421875,19526,control_sequential,256,0,sequential_lines,timing-only/line_size/data/upgrade/stats/all_stats.csv
upgrade,2017,Intel x86,initial_stride32_align0_moderandom_lines.csv,7.8603515625,16.093439602539064,275.59732138881486,7.7724609375,7.9697265625,7.6513671875,8.4287109375,134131,initial,32,0,random_lines,timing-only/line_size/data/upgrade/stats/all_stats.csv
upgrade,2017,Intel x86,initial_stride64_align48_moderandom_lines.csv,12.5888671875,12.85351846875,2.9857448522284167,12.3740234375,12.8837890625,12.16015625,13.3310546875,20853,initial,64,48,random_lines,timing-only/line_size/data/upgrade/stats/all_stats.csv
upgrade,2017,Intel x86,dense_stride52_align0_moderandom_lines.csv,10.8837890625,11.108270454101563,3.4412938440460623,10.7236328125,11.060546875,10.5185546875,11.3515625,18627,dense,52,0,random_lines,timing-only/line_size/data/upgrade/stats/all_stats.csv
upgrade,2017,Intel x86,dense_stride68_align0_moderandom_lines.csv,12.720703125,12.976518485351562,2.998048750207705,12.494140625,12.97265625,12.201171875,13.4384765625,27228,dense,68,0,random_lines,timing-only/line_size/data/upgrade/stats/all_stats.csv
upgrade,2017,Intel x86,initial_stride16_align48_moderandom_lines.csv,6.8251953125,13.897392115234375,256.4159240648908,6.732421875,6.9033203125,6.6337890625,7.0634765625,23928,initial,16,48,random_lines,timing-only/line_size/data/upgrade/stats/all_stats.csv
upgrade,2017,Intel x86,dense_stride56_align16_moderandom_lines.csv,10.9580078125,11.203924064453124,2.9312811209347966,10.8427734375,11.107421875,10.697265625,11.4970703125,48241,dense,56,16,random_lines,timing-only/line_size/data/upgrade/stats/all_stats.csv
upgrade,2017,Intel x86,control_sequential_stride512_align0_modesequential_lines.csv,14.9033203125,15.208212317382813,3.6680917184478044,14.72265625,15.115234375,14.5048828125,15.4560546875,19374,control_sequential,512,0,sequential_lines,timing-only/line_size/data/upgrade/stats/all_stats.csv
upgrade,2017,Intel x86,initial_stride512_align48_moderandom_lines.csv,19.0615234375,19.42021834765625,4.208509225249712,18.7880859375,19.259765625,18.5849609375,19.6494140625,19725,initial,512,48,random_lines,timing-only/line_size/data/upgrade/stats/all_stats.csv
upgrade,2017,Intel x86,initial_stride16_align16_moderandom_lines.csv,6.6640625,13.74126634765625,255.92431944093383,6.580078125,6.796875,6.490234375,7.033203125,28473,initial,16,16,random_lines,timing-only/line_size/data/upgrade/stats/all_stats.csv
upgrade,2017,Intel x86,initial_stride8_align0_moderandom_lines.csv,6.3017578125,12.903128516601562,246.3465067852619,6.2265625,6.3828125,6.189453125,6.5283203125,15004,initial,8,0,random_lines,timing-only/line_size/data/upgrade/stats/all_stats.csv
upgrade,2017,Intel x86,control_sequential_stride56_align0_modesequential_lines.csv,8.052734375,8.19106045703125,2.272730847228353,7.9111328125,8.1943359375,7.6875,8.5087890625,35341,control_sequential,56,0,sequential_lines,timing-only/line_size/data/upgrade/stats/all_stats.csv
upgrade,2017,Intel x86,control_sequential_stride72_align0_modesequential_lines.csv,10.3515625,10.5540778984375,2.7187254771812404,10.2177734375,10.4892578125,10.06640625,10.7998046875,31609,control_sequential,72,0,sequential_lines,timing-only/line_size/data/upgrade/stats/all_stats.csv
upgrade,2017,Intel x86,dense_stride76_align0_moderandom_lines.csv,13.9619140625,14.2227968125,3.180152406787015,13.708984375,14.232421875,13.4111328125,14.634765625,20267,dense,76,0,random_lines,timing-only/line_size/data/upgrade/stats/all_stats.csv
upgrade,2017,Intel x86,dense_stride40_align48_moderandom_lines.csv,8.814453125,8.996769203125,2.537679256283842,8.7001953125,8.9541015625,8.564453125,9.1953125,23973,dense,40,48,random_lines,timing-only/line_size/data/upgrade/stats/all_stats.csv
upgrade,2017,Intel x86,dense_stride96_align0_moderandom_lines.csv,13.0263671875,13.293228571289063,2.985410817898233,12.8740234375,13.201171875,12.6650390625,13.6337890625,43953,dense,96,0,random_lines,timing-only/line_size/data/upgrade/stats/all_stats.csv
upgrade,2017,Intel x86,initial_stride128_align32_moderandom_lines.csv,15.1357421875,15.436879486328126,3.412570553156767,14.9404296875,15.3525390625,14.6572265625,15.7021484375,21535,initial,128,32,random_lines,timing-only/line_size/data/upgrade/stats/all_stats.csv
upgrade,2017,Intel x86,control_random_stride8_align0_modefully_random.csv,14.4248046875,14.751569541992188,3.3734215184458454,14.1962890625,14.6806640625,13.9189453125,15.1767578125,32793,control_random,8,0,fully_random,timing-only/line_size/data/upgrade/stats/all_stats.csv
upgrade,2017,Intel x86,dense_stride60_align48_moderandom_lines.csv,12.1279296875,12.326792452148437,2.8496325998874865,11.912109375,12.3427734375,11.613232421875004,12.671875,18720,dense,60,48,random_lines,timing-only/line_size/data/upgrade/stats/all_stats.csv
upgrade,2017,Intel x86,dense_stride76_align48_moderandom_lines.csv,13.3779296875,13.619846014648438,2.9307002366870756,13.259765625,13.51171875,13.0830078125,13.8046875,39460,dense,76,48,random_lines,timing-only/line_size/data/upgrade/stats/all_stats.csv
upgrade,2017,Intel x86,dense_stride96_align32_moderandom_lines.csv,13.560546875,13.81661894921875,3.208110864330925,13.3427734375,13.76953125,13.0498046875,14.1083984375,22203,dense,96,32,random_lines,timing-only/line_size/data/upgrade/stats/all_stats.csv
upgrade,2017,Intel x86,dense_stride80_align32_moderandom_lines.csv,13.0693359375,13.288207685546874,2.947769338893176,12.8935546875,13.23046875,12.6640625,13.498046875,23975,dense,80,32,random_lines,timing-only/line_size/data/upgrade/stats/all_stats.csv
upgrade,2017,Intel x86,initial_stride512_align0_moderandom_lines.csv,18.5361328125,18.88076723144531,3.74466241363806,18.2841796875,18.7470703125,18.0322265625,19.1796875,23470,initial,512,0,random_lines,timing-only/line_size/data/upgrade/stats/all_stats.csv
upgrade,2017,Intel x86,initial_stride128_align0_moderandom_lines.csv,15.8056640625,16.110292309570312,3.4454960320332573,15.572265625,16.0419921875,15.259765625,16.4873046875,26267,initial,128,0,random_lines,timing-only/line_size/data/upgrade/stats/all_stats.csv
upgrade,2017,Intel x86,dense_stride40_align0_moderandom_lines.csv,8.3359375,8.516322704101562,2.4644112406039533,8.216796875,8.4599609375,8.048828125,8.7216796875,39427,dense,40,0,random_lines,timing-only/line_size/data/upgrade/stats/all_stats.csv
upgrade,2017,Intel x86,dense_stride80_align0_moderandom_lines.csv,13.2744140625,13.510726455078125,3.4792376249712977,13.083984375,13.45703125,12.8818359375,13.763671875,20383,dense,80,0,random_lines,timing-only/line_size/data/upgrade/stats/all_stats.csv
upgrade,2017,Intel x86,control_random_stride64_align0_modefully_random.csv,19.025390625,19.44245258984375,3.897578069392739,18.787109375,19.2978515625,18.51953125,19.8134765625,32400,control_random,64,0,fully_random,timing-only/line_size/data/upgrade/stats/all_stats.csv
upgrade,2017,Intel x86,dense_stride56_align0_moderandom_lines.csv,10.345703125,10.555194375,2.96252038372954,10.2119140625,10.4833984375,10.0517578125,10.7392578125,26515,dense,56,0,random_lines,timing-only/line_size/data/upgrade/stats/all_stats.csv
upgrade,2017,Intel x86,dense_stride44_align48_moderandom_lines.csv,9.3330078125,9.518291958007813,2.5437183948068376,9.2158203125,9.46484375,9.0556640625,9.7041015625,28891,dense,44,48,random_lines,timing-only/line_size/data/upgrade/stats/all_stats.csv
upgrade,2017,Intel x86,dense_stride64_align16_moderandom_lines.csv,12.6337890625,12.888287375,2.853771809483035,12.462890625,12.9052734375,12.240234375,13.255859375,17129,dense,64,16,random_lines,timing-only/line_size/data/upgrade/stats/all_stats.csv
upgrade,2017,Intel x86,dense_stride60_align32_moderandom_lines.csv,12.7578125,12.983570293945313,2.862973832960144,12.5537109375,12.9921875,12.3134765625,13.3525390625,18510,dense,60,32,random_lines,timing-only/line_size/data/upgrade/stats/all_stats.csv
upgrade,2017,Intel x86,dense_stride72_align0_moderandom_lines.csv,12.125,12.369811666992188,3.065279604604023,11.9970703125,12.26953125,11.8095703125,12.625,45944,dense,72,0,random_lines,timing-only/line_size/data/upgrade/stats/all_stats.csv
upgrade,2017,Intel x86,initial_stride512_align32_moderandom_lines.csv,19.8955078125,20.31985694628906,4.082952389778302,19.5966796875,20.22265625,19.287109375,20.7216796875,21583,initial,512,32,random_lines,timing-only/line_size/data/upgrade/stats/all_stats.csv
upgrade,2017,Intel x86,dense_stride56_align48_moderandom_lines.csv,11.138671875,11.387658908203125,3.483341097452664,10.9609375,11.36328125,10.7763671875,11.708984375,16940,dense,56,48,random_lines,timing-only/line_size/data/upgrade/stats/all_stats.csv
upgrade,2017,Intel x86,initial_stride128_align16_moderandom_lines.csv,14.302734375,14.5911620234375,3.2866088758166883,14.119140625,14.4931640625,13.8740234375,14.87890625,30957,initial,128,16,random_lines,timing-only/line_size/data/upgrade/stats/all_stats.csv
upgrade,2017,Intel x86,dense_stride68_align16_moderandom_lines.csv,12.974609375,13.226608630859374,3.0401082203548238,12.8134765625,13.1572265625,12.5830078125,13.498046875,30648,dense,68,16,random_lines,timing-only/line_size/data/upgrade/stats/all_stats.csv
upgrade,2017,Intel x86,initial_stride256_align48_moderandom_lines.csv,20.185546875,20.575151400390624,4.361520349903781,19.90625,20.4287109375,19.6064453125,21.1435546875,43082,initial,256,48,random_lines,timing-only/line_size/data/upgrade/stats/all_stats.csv
upgrade,2017,Intel x86,dense_stride44_align0_moderandom_lines.csv,9.837890625,10.042103666015626,2.6346144812492645,9.671875,10.02734375,9.4658203125,10.330078125,22750,dense,44,0,random_lines,timing-only/line_size/data/upgrade/stats/all_stats.csv
upgrade,2017,Intel x86,dense_stride80_align16_moderandom_lines.csv,13.17578125,13.4392959296875,3.0223241990438927,12.98828125,13.4189453125,12.728515625,13.822265625,20940,dense,80,16,random_lines,timing-only/line_size/data/upgrade/stats/all_stats.csv
upgrade,2017,Intel x86,initial_stride64_align0_moderandom_lines.csv,12.6455078125,12.88496623828125,3.0301423336970705,12.505859375,12.8095703125,12.2978515625,13.1513671875,33086,initial,64,0,random_lines,timing-only/line_size/data/upgrade/stats/all_stats.csv
upgrade,2017,Intel x86,initial_stride32_align48_moderandom_lines.csv,7.8876953125,16.06855425,274.74848179253297,7.796875,8.013671875,7.6845703125,8.28125,37070,initial,32,48,random_lines,timing-only/line_size/data/upgrade/stats/all_stats.csv
upgrade,2017,Intel x86,dense_stride96_align16_moderandom_lines.csv,13.8232421875,14.078263760742187,3.2439635001046425,13.6181640625,14.0302734375,13.341796875,14.3994140625,23565,dense,96,16,random_lines,timing-only/line_size/data/upgrade/stats/all_stats.csv
upgrade,2017,Intel x86,dense_stride72_align32_moderandom_lines.csv,12.8837890625,13.122617850585938,3.058395327352356,12.6865234375,13.0888671875,12.4208984375,13.4150390625,20916,dense,72,32,random_lines,timing-only/line_size/data/upgrade/stats/all_stats.csv
upgrade,2017,Intel x86,dense_stride72_align48_moderandom_lines.csv,13.30078125,13.555434020507812,3.520237614407842,13.1591796875,13.470703125,12.95703125,13.7685546875,27619,dense,72,48,random_lines,timing-only/line_size/data/upgrade/stats/all_stats.csv
upgrade,2017,Intel x86,dense_stride52_align16_moderandom_lines.csv,10.9931640625,11.208372275390625,2.8111981772895165,10.869140625,11.1318359375,10.71875,11.392578125,27038,dense,52,16,random_lines,timing-only/line_size/data/upgrade/stats/all_stats.csv
upgrade,2017,Intel x86,dense_stride44_align16_moderandom_lines.csv,9.7705078125,9.999894603515624,2.678174052049064,9.59765625,10.0048828125,9.4404296875,10.3984375,19527,dense,44,16,random_lines,timing-only/line_size/data/upgrade/stats/all_stats.csv
upgrade,2017,Intel x86,initial_stride8_align16_moderandom_lines.csv,6.3505859375,13.007985100585937,247.6627829345627,6.3095703125,6.4052734375,6.244140625,6.5234375,34331,initial,8,16,random_lines,timing-only/line_size/data/upgrade/stats/all_stats.csv
upgrade,2017,Intel x86,dense_stride52_align32_moderandom_lines.csv,11.2275390625,11.410506994140626,2.872933685228277,10.9912109375,11.416015625,10.7666015625,11.68359375,13292,dense,52,32,random_lines,timing-only/line_size/data/upgrade/stats/all_stats.csv
upgrade,2017,Intel x86,dense_stride96_align48_moderandom_lines.csv,13.7412109375,14.076060604492188,3.3441383469713397,13.5146484375,14.0625,13.251953125,14.57421875,22530,dense,96,48,random_lines,timing-only/line_size/data/upgrade/stats/all_stats.csv
upgrade,2017,Intel x86,dense_stride48_align0_moderandom_lines.csv,9.66015625,9.86055823046875,2.6729228863832484,9.5205078125,9.80859375,9.357421875,10.091796875,29274,dense,48,0,random_lines,timing-only/line_size/data/upgrade/stats/all_stats.csv
upgrade,2017,Intel x86,initial_stride8_align48_moderandom_lines.csv,6.3583984375,13.076433615234375,248.47621116552997,6.2978515625,6.4453125,6.23828125,6.6533203125,44490,initial,8,48,random_lines,timing-only/line_size/data/upgrade/stats/all_stats.csv
upgrade,2017,Intel x86,dense_stride76_align32_moderandom_lines.csv,13.841796875,14.11361028515625,3.0920104172370158,13.6845703125,14.03125,13.509765625,14.4677734375,42646,dense,76,32,random_lines,timing-only/line_size/data/upgrade/stats/all_stats.csv
upgrade,2017,Intel x86,initial_stride256_align16_moderandom_lines.csv,19.5927734375,19.97993756640625,3.840522057264683,19.3212890625,19.8388671875,19.048828125,20.4814453125,38356,initial,256,16,random_lines,timing-only/line_size/data/upgrade/stats/all_stats.csv
upgrade,2017,Intel x86,dense_stride44_align32_moderandom_lines.csv,9.6806640625,9.88378326953125,3.364363801668436,9.5361328125,9.822265625,9.302734375,10.078125,28764,dense,44,32,random_lines,timing-only/line_size/data/upgrade/stats/all_stats.csv
upgrade,2017,Intel x86,control_sequential_stride16_align0_modesequential_lines.csv,6.1630859375,6.263870885742188,2.0760617484117923,6.1298828125,6.1884765625,6.017578125,6.4169921875,161275,control_sequential,16,0,sequential_lines,timing-only/line_size/data/upgrade/stats/all_stats.csv
upgrade,2017,Intel x86,control_sequential_stride8_align0_modesequential_lines.csv,6.0986328125,6.233974220703125,3.3774641193485215,6.0791015625,6.1298828125,5.98828125,6.251953125,237926,control_sequential,8,0,sequential_lines,timing-only/line_size/data/upgrade/stats/all_stats.csv
upgrade,2017,Intel x86,dense_stride64_align48_moderandom_lines.csv,12.7734375,13.033127180664062,3.0928550245351705,12.5966796875,12.98046875,12.375,13.4296875,38583,dense,64,48,random_lines,timing-only/line_size/data/upgrade/stats/all_stats.csv
crux,2018,Intel x86,dense_stride72_align16_moderandom_lines.csv,11.8408203125,12.020801016601563,2.692732234020439,11.6103515625,12.0908203125,11.3662109375,12.40625,12521,dense,72,16,random_lines,timing-only/line_size/data/crux/stats/all_stats.csv
crux,2018,Intel x86,dense_stride80_align48_moderandom_lines.csv,12.44140625,12.672586866210937,2.9869387115872987,12.3115234375,12.5908203125,12.1435546875,12.8759765625,33086,dense,80,48,random_lines,timing-only/line_size/data/crux/stats/all_stats.csv
crux,2018,Intel x86,initial_stride128_align16_moderandom_lines.csv,13.7470703125,13.980416639648437,3.027197302055317,13.609375,13.896484375,13.439453125,14.2958984375,47185,initial,128,16,random_lines,timing-only/line_size/data/crux/stats/all_stats.csv
crux,2018,Intel x86,dense_stride48_align0_moderandom_lines.csv,9.2236328125,9.386166984375,2.428659466620178,9.05859375,9.4267578125,8.880859375,9.734375,15307,dense,48,0,random_lines,timing-only/line_size/data/crux/stats/all_stats.csv
crux,2018,Intel x86,control_sequential_stride8_align0_modesequential_lines.csv,5.7294921875,5.7874135703125,1.804676223053875,5.634765625,5.7529296875,5.599609375,5.85546875,8363,control_sequential,8,0,sequential_lines,timing-only/line_size/data/crux/stats/all_stats.csv
crux,2018,Intel x86,dense_stride56_align48_moderandom_lines.csv,10.224609375,10.406696977539063,2.756383592764782,10.1162109375,10.3408203125,9.953125,10.5478515625,27172,dense,56,48,random_lines,timing-only/line_size/data/crux/stats/all_stats.csv
crux,2018,Intel x86,control_sequential_stride72_align0_modesequential_lines.csv,9.6123046875,9.775022772460938,2.6279088151236922,9.4892578125,9.744140625,9.3466796875,9.955078125,12837,control_sequential,72,0,sequential_lines,timing-only/line_size/data/crux/stats/all_stats.csv
crux,2018,Intel x86,control_random_stride64_align0_modefully_random.csv,16.763671875,17.066215034179688,3.5525318972274893,16.611328125,16.9404296875,16.4140625,17.4111328125,48834,control_random,64,0,fully_random,timing-only/line_size/data/crux/stats/all_stats.csv
crux,2018,Intel x86,dense_stride48_align48_moderandom_lines.csv,9.3466796875,9.495434060546875,2.608331929221304,9.2197265625,9.478515625,9.05078125,9.69921875,22244,dense,48,48,random_lines,timing-only/line_size/data/crux/stats/all_stats.csv
crux,2018,Intel x86,initial_stride32_align48_moderandom_lines.csv,7.5185546875,7.67824821484375,2.7538188879754966,7.421875,7.6337890625,7.3203125,7.853515625,27557,initial,32,48,random_lines,timing-only/line_size/data/crux/stats/all_stats.csv
crux,2018,Intel x86,initial_stride16_align32_moderandom_lines.csv,6.2666015625,6.358987983398437,1.9616759955800465,6.193359375,6.33984375,6.099609375,6.4658203125,13179,initial,16,32,random_lines,timing-only/line_size/data/crux/stats/all_stats.csv
crux,2018,Intel x86,dense_stride96_align48_moderandom_lines.csv,12.2255859375,12.508096491210937,3.197878373074575,12.0966796875,12.3642578125,11.9306640625,12.6240234375,31748,dense,96,48,random_lines,timing-only/line_size/data/crux/stats/all_stats.csv
crux,2018,Intel x86,dense_stride76_align16_moderandom_lines.csv,12.3232421875,12.531787661132812,2.8359191498640244,12.1845703125,12.4736328125,11.966796875,12.8037109375,40796,dense,76,16,random_lines,timing-only/line_size/data/crux/stats/all_stats.csv
crux,2018,Intel x86,dense_stride56_align0_moderandom_lines.csv,9.99609375,10.1629895703125,2.6014499655202834,9.8662109375,10.1455078125,9.703125,10.3876953125,17569,dense,56,0,random_lines,timing-only/line_size/data/crux/stats/all_stats.csv
crux,2018,Intel x86,dense_stride96_align16_moderandom_lines.csv,11.91796875,12.140117508789062,3.0937180911713296,11.701171875,12.125,11.49609375,12.453125,25192,dense,96,16,random_lines,timing-only/line_size/data/crux/stats/all_stats.csv
crux,2018,Intel x86,dense_stride72_align48_moderandom_lines.csv,11.677734375,11.900702958007813,3.025925376663483,11.5087890625,11.857421875,11.306640625,12.16796875,29028,dense,72,48,random_lines,timing-only/line_size/data/crux/stats/all_stats.csv
crux,2018,Intel x86,dense_stride72_align32_moderandom_lines.csv,12.0849609375,12.30720690625,2.952155881408285,11.947265625,12.244140625,11.7724609375,12.5927734375,36185,dense,72,32,random_lines,timing-only/line_size/data/crux/stats/all_stats.csv
crux,2018,Intel x86,dense_stride68_align32_moderandom_lines.csv,12.2421875,12.445970782226562,2.8368070584041085,12.1171875,12.380859375,11.947265625,12.634765625,27972,dense,68,32,random_lines,timing-only/line_size/data/crux/stats/all_stats.csv
crux,2018,Intel x86,dense_stride52_align0_moderandom_lines.csv,9.865234375,10.009756833984374,2.37853799696433,9.728515625,10.01171875,9.544921875,10.251953125,18994,dense,52,0,random_lines,timing-only/line_size/data/crux/stats/all_stats.csv
crux,2018,Intel x86,initial_stride16_align48_moderandom_lines.csv,6.328125,6.432373237304687,1.9680298883449148,6.2451171875,6.404296875,6.150390625,6.552734375,22301,initial,16,48,random_lines,timing-only/line_size/data/crux/stats/all_stats.csv
crux,2018,Intel x86,dense_stride40_align0_moderandom_lines.csv,7.9033203125,8.04117286328125,2.393785068890359,7.806640625,8.0078125,7.6767578125,8.1767578125,18184,dense,40,0,random_lines,timing-only/line_size/data/crux/stats/all_stats.csv
crux,2018,Intel x86,dense_stride64_align48_moderandom_lines.csv,11.9609375,12.13248240625,2.8172257528324014,11.7861328125,12.1181640625,11.5302734375,12.3525390625,18515,dense,64,48,random_lines,timing-only/line_size/data/crux/stats/all_stats.csv
crux,2018,Intel x86,dense_stride76_align48_moderandom_lines.csv,12.6640625,12.788387440429688,2.635535243688921,12.3251953125,12.916015625,12.015625,13.216796875,10570,dense,76,48,random_lines,timing-only/line_size/data/crux/stats/all_stats.csv
crux,2018,Intel x86,initial_stride16_align16_moderandom_lines.csv,6.142578125,6.246730196289063,2.074363251972806,6.072265625,6.2255859375,5.9775390625,6.34375,11780,initial,16,16,random_lines,timing-only/line_size/data/crux/stats/all_stats.csv
crux,2018,Intel x86,dense_stride60_align16_moderandom_lines.csv,11.6162109375,11.803476130859375,2.978331023453598,11.484375,11.759765625,11.3125,12.005859375,23551,dense,60,16,random_lines,timing-only/line_size/data/crux/stats/all_stats.csv
crux,2018,Intel x86,initial_stride512_align48_moderandom_lines.csv,16.669921875,16.926878798828124,3.188637335862664,16.576171875,16.783203125,16.453125,17.08984375,49982,initial,512,48,random_lines,timing-only/line_size/data/crux/stats/all_stats.csv
crux,2018,Intel x86,initial_stride512_align32_moderandom_lines.csv,18.806640625,19.073726498046874,3.2058294902141746,18.6376953125,18.9853515625,18.4052734375,19.3701171875,40405,initial,512,32,random_lines,timing-only/line_size/data/crux/stats/all_stats.csv
crux,2018,Intel x86,dense_stride60_align32_moderandom_lines.csv,12.154296875,12.337595268554688,2.8032103941996103,11.994140625,12.3193359375,11.8076171875,12.5771484375,15908,dense,60,32,random_lines,timing-only/line_size/data/crux/stats/all_stats.csv
crux,2018,Intel x86,dense_stride64_align0_moderandom_lines.csv,11.7578125,11.86078473828125,2.8588792872251227,11.462890625,11.916015625,11.0546875,12.146484375,12411,dense,64,0,random_lines,timing-only/line_size/data/crux/stats/all_stats.csv
crux,2018,Intel x86,dense_stride60_align0_moderandom_lines.csv,11.505859375,11.752381432617188,2.822962955242679,11.3408203125,11.71484375,11.1357421875,12.1201171875,32622,dense,60,0,random_lines,timing-only/line_size/data/crux/stats/all_stats.csv
crux,2018,Intel x86,control_random_stride8_align0_modefully_random.csv,14.0146484375,14.247174791992187,2.808532632907921,13.8076171875,14.2578125,13.5615234375,14.7255859375,32164,control_random,8,0,fully_random,timing-only/line_size/data/crux/stats/all_stats.csv
crux,2018,Intel x86,initial_stride512_align0_moderandom_lines.csv,18.134765625,18.402551465820313,3.240394705829621,17.9921875,18.2890625,17.80078125,18.6376953125,41188,initial,512,0,random_lines,timing-only/line_size/data/crux/stats/all_stats.csv
crux,2018,Intel x86,dense_stride40_align48_moderandom_lines.csv,8.0703125,8.202528213867188,2.7715623186123715,7.966796875,8.1767578125,7.8330078125,8.3603515625,22796,dense,40,48,random_lines,timing-only/line_size/data/crux/stats/all_stats.csv
crux,2018,Intel x86,initial_stride128_align0_moderandom_lines.csv,13.642578125,13.868298830078125,2.9786979789989707,13.5263671875,13.7724609375,13.373046875,14.0185546875,29203,initial,128,0,random_lines,timing-only/line_size/data/crux/stats/all_stats.csv
crux,2018,Intel x86,dense_stride72_align0_moderandom_lines.csv,11.8623046875,12.06671348046875,3.1540019209217784,11.689453125,12.029296875,11.474609375,12.3173828125,26885,dense,72,0,random_lines,timing-only/line_size/data/crux/stats/all_stats.csv
crux,2018,Intel x86,dense_stride48_align16_moderandom_lines.csv,9.025390625,9.157296471679688,2.3679402905674203,8.8515625,9.2001953125,8.6181640625,9.435546875,11431,dense,48,16,random_lines,timing-only/line_size/data/crux/stats/all_stats.csv
crux,2018,Intel x86,initial_stride64_align0_moderandom_lines.csv,10.52734375,10.7167192890625,2.646948730139401,10.3779296875,10.6826171875,10.2333984375,10.953125,27753,initial,64,0,random_lines,timing-only/line_size/data/crux/stats/all_stats.csv
crux,2018,Intel x86,initial_stride32_align16_moderandom_lines.csv,7.27734375,7.398960104492187,2.1358445944412474,7.16796875,7.4052734375,7.037109375,7.6083984375,10688,initial,32,16,random_lines,timing-only/line_size/data/crux/stats/all_stats.csv
crux,2018,Intel x86,dense_stride80_align0_moderandom_lines.csv,12.1318359375,12.35279138671875,3.098657845370529,11.984375,12.298828125,11.8056640625,12.6142578125,31146,dense,80,0,random_lines,timing-only/line_size/data/crux/stats/all_stats.csv
crux,2018,Intel x86,initial_stride512_align16_moderandom_lines.csv,16.4375,16.683861470703125,3.300255367341437,16.3134765625,16.568359375,16.1416015625,16.8037109375,24755,initial,512,16,random_lines,timing-only/line_size/data/crux/stats/all_stats.csv
crux,2018,Intel x86,dense_stride52_align48_moderandom_lines.csv,10.072265625,10.274408748046875,2.6909045301823586,9.935546875,10.220703125,9.765625,10.4658203125,21401,dense,52,48,random_lines,timing-only/line_size/data/crux/stats/all_stats.csv
crux,2018,Intel x86,initial_stride256_align16_moderandom_lines.csv,16.6982421875,16.952346926757812,3.1029750836698833,16.591796875,16.8203125,16.443359375,17.099609375,42062,initial,256,16,random_lines,timing-only/line_size/data/crux/stats/all_stats.csv
crux,2018,Intel x86,initial_stride256_align32_moderandom_lines.csv,24.7529296875,25.066864747070312,3.733625285725886,24.6328125,24.884765625,24.4658203125,25.169921875,38871,initial,256,32,random_lines,timing-only/line_size/data/crux/stats/all_stats.csv
crux,2018,Intel x86,dense_stride96_align0_moderandom_lines.csv,12.681640625,12.866661638671875,2.7577870458067553,12.53125,12.8349609375,12.3291015625,13.0830078125,19221,dense,96,0,random_lines,timing-only/line_size/data/crux/stats/all_stats.csv
crux,2018,Intel x86,dense_stride68_align0_moderandom_lines.csv,12.451171875,12.64301594140625,2.797407605302643,12.193359375,12.71484375,11.9482421875,13.0478515625,14330,dense,68,0,random_lines,timing-only/line_size/data/crux/stats/all_stats.csv
crux,2018,Intel x86,initial_stride8_align32_moderandom_lines.csv,5.84765625,5.909229793945313,1.8113705314517374,5.7724609375,5.8876953125,5.7080078125,5.9541015625,9854,initial,8,32,random_lines,timing-only/line_size/data/crux/stats/all_stats.csv
crux,2018,Intel x86,dense_stride44_align0_moderandom_lines.csv,9.212890625,9.335425951171874,2.3371651641864477,9.021484375,9.3974609375,8.818359375,9.6357421875,8041,dense,44,0,random_lines,timing-only/line_size/data/crux/stats/all_stats.csv
crux,2018,Intel x86,initial_stride16_align0_moderandom_lines.csv,6.060546875,6.152170005859375,1.9452952166530828,5.9990234375,6.138671875,5.896484375,6.2158203125,10709,initial,16,0,random_lines,timing-only/line_size/data/crux/stats/all_stats.csv
crux,2018,Intel x86,dense_stride96_align32_moderandom_lines.csv,11.8544921875,12.07472398828125,2.9336388836821885,11.6025390625,12.1064453125,11.3720703125,12.505859375,23229,dense,96,32,random_lines,timing-only/line_size/data/crux/stats/all_stats.csv
crux,2018,Intel x86,initial_stride256_align48_moderandom_lines.csv,11.6787109375,11.947226796875,3.238061620737253,11.6103515625,11.7734375,11.525390625,11.98828125,40942,initial,256,48,random_lines,timing-only/line_size/data/crux/stats/all_stats.csv
crux,2018,Intel x86,initial_stride8_align16_moderandom_lines.csv,5.861328125,5.9334391171875,2.1130386869616924,5.8017578125,5.900390625,5.7216796875,5.9755859375,18653,initial,8,16,random_lines,timing-only/line_size/data/crux/stats/all_stats.csv
crux,2018,Intel x86,control_sequential_stride64_align0_modesequential_lines.csv,9.736328125,9.917966620117188,2.524367175977905,9.6259765625,9.8701171875,9.419921875,10.072265625,19163,control_sequential,64,0,sequential_lines,timing-only/line_size/data/crux/stats/all_stats.csv
crux,2018,Intel x86,dense_stride56_align32_moderandom_lines.csv,10.1513671875,10.324664279296876,2.536714277211512,10.015625,10.31640625,9.8466796875,10.6240234375,22565,dense,56,32,random_lines,timing-only/line_size/data/crux/stats/all_stats.csv
crux,2018,Intel x86,control_sequential_stride56_align0_modesequential_lines.csv,7.6220703125,7.743686424804688,2.2806730036226215,7.5126953125,7.73828125,7.3564453125,7.9345703125,19378,control_sequential,56,0,sequential_lines,timing-only/line_size/data/crux/stats/all_stats.csv
crux,2018,Intel x86,dense_stride52_align32_moderandom_lines.csv,10.08984375,10.272054821289062,2.875695852438444,9.9365234375,10.244140625,9.72265625,10.5419921875,27893,dense,52,32,random_lines,timing-only/line_size/data/crux/stats/all_stats.csv
crux,2018,Intel x86,initial_stride32_align32_moderandom_lines.csv,7.111328125,7.248809276367187,2.3480612021334166,7.0068359375,7.2236328125,6.89453125,7.3994140625,16630,initial,32,32,random_lines,timing-only/line_size/data/crux/stats/all_stats.csv
crux,2018,Intel x86,control_sequential_stride16_align0_modesequential_lines.csv,5.7666015625,5.862468706054687,2.098279618395906,5.6943359375,5.822265625,5.662109375,5.9267578125,10552,control_sequential,16,0,sequential_lines,timing-only/line_size/data/crux/stats/all_stats.csv
crux,2018,Intel x86,dense_stride76_align0_moderandom_lines.csv,12.845703125,13.056595389648438,2.807455295205692,12.73828125,12.96875,12.6025390625,13.203125,29924,dense,76,0,random_lines,timing-only/line_size/data/crux/stats/all_stats.csv
crux,2018,Intel x86,initial_stride32_align0_moderandom_lines.csv,7.3642578125,7.486707296875,2.2280735427771674,7.2734375,7.4619140625,7.1728515625,7.646484375,16692,initial,32,0,random_lines,timing-only/line_size/data/crux/stats/all_stats.csv
crux,2018,Intel x86,initial_stride8_align48_moderandom_lines.csv,5.83984375,5.920851643554688,1.986119340291804,5.759765625,5.888671875,5.7158203125,5.9580078125,13601,initial,8,48,random_lines,timing-only/line_size/data/crux/stats/all_stats.csv
crux,2018,Intel x86,dense_stride64_align32_moderandom_lines.csv,11.4365234375,11.647031380859374,2.996584335458263,11.2861328125,11.6142578125,11.1162109375,11.9169921875,26913,dense,64,32,random_lines,timing-only/line_size/data/crux/stats/all_stats.csv
crux,2018,Intel x86,dense_stride80_align32_moderandom_lines.csv,12.7275390625,12.917149885742187,2.796926846880109,12.5947265625,12.86328125,12.4140625,13.098681640624932,24598,dense,80,32,random_lines,timing-only/line_size/data/crux/stats/all_stats.csv
crux,2018,Intel x86,dense_stride48_align32_moderandom_lines.csv,8.78125,8.934297797851562,2.455220330303938,8.6611328125,8.9169921875,8.513671875,9.1552734375,21186,dense,48,32,random_lines,timing-only/line_size/data/crux/stats/all_stats.csv
crux,2018,Intel x86,initial_stride64_align48_moderandom_lines.csv,10.8896484375,11.148315811523437,2.853696137103785,10.73828125,11.0771484375,10.5615234375,11.453125,32426,initial,64,48,random_lines,timing-only/line_size/data/crux/stats/all_stats.csv
crux,2018,Intel x86,dense_stride44_align32_moderandom_lines.csv,9.0654296875,9.220604721679688,2.4188554226809953,8.9287109375,9.212890625,8.76171875,9.4462890625,20092,dense,44,32,random_lines,timing-only/line_size/data/crux/stats/all_stats.csv
crux,2018,Intel x86,dense_stride40_align32_moderandom_lines.csv,7.7060546875,7.832860504882812,2.3119918010942047,7.5888671875,7.82421875,7.4501953125,8.0068359375,17197,dense,40,32,random_lines,timing-only/line_size/data/crux/stats/all_stats.csv
crux,2018,Intel x86,dense_stride60_align48_moderandom_lines.csv,11.2421875,11.441048072265625,2.778115542207946,11.0830078125,11.4111328125,10.8955078125,11.744140625,29906,dense,60,48,random_lines,timing-only/line_size/data/crux/stats/all_stats.csv
crux,2018,Intel x86,initial_stride128_align32_moderandom_lines.csv,14.06640625,14.242359520507813,2.7941029030560114,13.8427734375,14.2451171875,13.6640625,14.5009765625,17000,initial,128,32,random_lines,timing-only/line_size/data/crux/stats/all_stats.csv
crux,2018,Intel x86,dense_stride68_align48_moderandom_lines.csv,12.537109375,12.750718311523437,2.7582980637215218,12.3955078125,12.7265625,12.236328125,13.0302734375,18852,dense,68,48,random_lines,timing-only/line_size/data/crux/stats/all_stats.csv
crux,2018,Intel x86,initial_stride8_align0_moderandom_lines.csv,5.7939453125,5.865217643554687,1.9478125814278937,5.705078125,5.8359375,5.6728515625,5.939453125,9054,initial,8,0,random_lines,timing-only/line_size/data/crux/stats/all_stats.csv
crux,2018,Intel x86,initial_stride64_align16_moderandom_lines.csv,11.4033203125,11.60032519140625,2.911056763586453,11.1748046875,11.6103515625,10.98046875,11.96875,21378,initial,64,16,random_lines,timing-only/line_size/data/crux/stats/all_stats.csv
crux,2018,Intel x86,initial_stride64_align32_moderandom_lines.csv,11.2705078125,11.500990124023437,2.7015353057022398,11.080078125,11.568359375,10.8232421875,11.9765625,21087,initial,64,32,random_lines,timing-only/line_size/data/crux/stats/all_stats.csv
crux,2018,Intel x86,dense_stride64_align16_moderandom_lines.csv,11.259765625,11.423177116210937,2.6044910585278602,11.1064453125,11.4111328125,10.9228515625,11.6513671875,20468,dense,64,16,random_lines,timing-only/line_size/data/crux/stats/all_stats.csv
crux,2018,Intel x86,control_sequential_stride128_align0_modesequential_lines.csv,11.1494140625,11.321878609375,2.6080461691285213,10.99609375,11.3037109375,10.8173828125,11.5888671875,24156,control_sequential,128,0,sequential_lines,timing-only/line_size/data/crux/stats/all_stats.csv
crux,2018,Intel x86,dense_stride76_align32_moderandom_lines.csv,12.912109375,13.173011874023437,3.393034682471671,12.728515625,13.0732421875,12.462890625,13.35546875,25471,dense,76,32,random_lines,timing-only/line_size/data/crux/stats/all_stats.csv
crux,2018,Intel x86,dense_stride68_align16_moderandom_lines.csv,12.251953125,12.576896686523437,3.456730275258441,12.0849609375,12.427734375,11.8720703125,12.8134765625,37841,dense,68,16,random_lines,timing-only/line_size/data/crux/stats/all_stats.csv
crux,2018,Intel x86,control_sequential_stride32_align0_modesequential_lines.csv,5.9853515625,6.088731295898437,2.125343671332,5.9267578125,6.0556640625,5.853515625,6.14453125,9227,control_sequential,32,0,sequential_lines,timing-only/line_size/data/crux/stats/all_stats.csv
crux,2018,Intel x86,control_sequential_stride256_align0_modesequential_lines.csv,15.1630859375,15.393315994140625,3.0591971318941082,15.0947265625,15.2431640625,15.0048828125,15.4404296875,43990,control_sequential,256,0,sequential_lines,timing-only/line_size/data/crux/stats/all_stats.csv
crux,2018,Intel x86,dense_stride80_align16_moderandom_lines.csv,12.154296875,12.3868068359375,2.9152358886924117,11.998046875,12.3447265625,11.818359375,12.7099609375,32680,dense,80,16,random_lines,timing-only/line_size/data/crux/stats/all_stats.csv
crux,2018,Intel x86,dense_stride44_align48_moderandom_lines.csv,9.037109375,9.175354471679688,2.3939898090180782,8.9111328125,9.1689453125,8.740234375,9.3701171875,13618,dense,44,48,random_lines,timing-only/line_size/data/crux/stats/all_stats.csv
crux,2018,Intel x86,initial_stride128_align48_moderandom_lines.csv,13.6796875,13.700548052734375,2.924709354672567,13.001953125,13.94921875,12.8095703125,14.2265625,16861,initial,128,48,random_lines,timing-only/line_size/data/crux/stats/all_stats.csv
crux,2018,Intel x86,control_sequential_stride512_align0_modesequential_lines.csv,16.1953125,16.421873959960937,2.9849433444801243,16.095703125,16.310546875,15.9677734375,16.5224609375,26947,control_sequential,512,0,sequential_lines,timing-only/line_size/data/crux/stats/all_stats.csv
crux,2018,Intel x86,dense_stride40_align16_moderandom_lines.csv,8.00390625,8.174813604492188,2.3316632338922063,7.9013671875,8.119140625,7.759765625,8.330078125,27530,dense,40,16,random_lines,timing-only/line_size/data/crux/stats/all_stats.csv
crux,2018,Intel x86,dense_stride44_align16_moderandom_lines.csv,9.1767578125,9.3220076796875,2.4829276828647506,9.056640625,9.30078125,8.9013671875,9.494140625,14020,dense,44,16,random_lines,timing-only/line_size/data/crux/stats/all_stats.csv
crux,2018,Intel x86,dense_stride56_align16_moderandom_lines.csv,8.986328125,9.15629771875,2.9366897252227715,8.8798828125,9.103515625,8.7421875,9.322265625,34857,dense,56,16,random_lines,timing-only/line_size/data/crux/stats/all_stats.csv
crux,2018,Intel x86,initial_stride256_align0_moderandom_lines.csv,18.7197265625,19.00740147167969,3.3820676310675624,18.5947265625,18.8642578125,18.4287109375,19.314453125,55625,initial,256,0,random_lines,timing-only/line_size/data/crux/stats/all_stats.csv
crux,2018,Intel x86,dense_stride52_align16_moderandom_lines.csv,10.3330078125,10.513538186523437,2.8018726405933814,10.212890625,10.4599609375,10.041015625,10.685546875,22494,dense,52,16,random_lines,timing-only/line_size/data/crux/stats/all_stats.csv
skylark,2019,AMD x86,initial_stride8_align0_moderandom_lines.csv,6.328125,6.3815869453125,0.4276414662572848,6.2109375,6.46875,6.046875,6.7265625,33830,initial,8,0,random_lines,timing-only/line_size/data/skylark/stats/all_stats.csv
skylark,2019,AMD x86,initial_stride8_align16_moderandom_lines.csv,6.3984375,6.4321210546875,0.4048642484637802,6.2578125,6.515625,6.09375,6.7265625,28014,initial,8,16,random_lines,timing-only/line_size/data/skylark/stats/all_stats.csv
skylark,2019,AMD x86,initial_stride8_align32_moderandom_lines.csv,8.34375,8.184751125,0.775809497430537,8.3203125,8.34375,6.328125,8.4140625,235740,initial,8,32,random_lines,timing-only/line_size/data/skylark/stats/all_stats.csv
skylark,2019,AMD x86,initial_stride8_align48_moderandom_lines.csv,6.3984375,6.43707984375,0.4038577305323222,6.28125,6.515625,6.1171875,6.7265625,30655,initial,8,48,random_lines,timing-only/line_size/data/skylark/stats/all_stats.csv
skylark,2019,AMD x86,initial_stride16_align0_moderandom_lines.csv,6.796875,6.85321734375,0.4247386872067717,6.703125,6.9140625,6.5390625,7.1015625,36457,initial,16,0,random_lines,timing-only/line_size/data/skylark/stats/all_stats.csv
skylark,2019,AMD x86,initial_stride16_align16_moderandom_lines.csv,6.7265625,6.7539536015625,0.45814973575788204,6.515625,6.9140625,6.2578125,7.1484375,26850,initial,16,16,random_lines,timing-only/line_size/data/skylark/stats/all_stats.csv
skylark,2019,AMD x86,initial_stride16_align32_moderandom_lines.csv,6.6328125,6.6847970625,0.452469348158969,6.4453125,6.84375,6.234375,7.1015625,25763,initial,16,32,random_lines,timing-only/line_size/data/skylark/stats/all_stats.csv
skylark,2019,AMD x86,initial_stride16_align48_moderandom_lines.csv,8.671875,7.8740591484375,1.1202827162145375,6.7265625,8.7421875,6.46875,8.8359375,2666,initial,16,48,random_lines,timing-only/line_size/data/skylark/stats/all_stats.csv
skylark,2019,AMD x86,initial_stride32_align0_moderandom_lines.csv,7.875,7.9489006640625,0.49083229549692603,7.6875,8.0859375,7.5234375,8.34375,29560,initial,32,0,random_lines,timing-only/line_size/data/skylark/stats/all_stats.csv
skylark,2019,AMD x86,initial_stride32_align16_moderandom_lines.csv,7.921875,7.9589769375,0.4695171965901806,7.8046875,8.015625,7.546875,8.203125,67329,initial,32,16,random_lines,timing-only/line_size/data/skylark/stats/all_stats.csv
skylark,2019,AMD x86,initial_stride32_align32_moderandom_lines.csv,7.8046875,7.8523421953125,0.45396560422767906,7.6640625,7.921875,7.5,8.1328125,30074,initial,32,32,random_lines,timing-only/line_size/data/skylark/stats/all_stats.csv
skylark,2019,AMD x86,initial_stride32_align48_moderandom_lines.csv,7.6171875,7.680859265625,0.44648675416304834,7.5234375,7.7109375,7.3828125,7.8984375,37893,initial,32,48,random_lines,timing-only/line_size/data/skylark/stats/all_stats.csv
skylark,2019,AMD x86,initial_stride64_align0_moderandom_lines.csv,9.046875,9.1193803359375,0.5114499476522227,8.9296875,9.1640625,8.7890625,9.3515625,32636,initial,64,0,random_lines,timing-only/line_size/data/skylark/stats/all_stats.csv
skylark,2019,AMD x86,initial_stride64_align16_moderandom_lines.csv,9.09375,9.1523470546875,0.5169780326512549,8.953125,9.2109375,8.7890625,9.3984375,33234,initial,64,16,random_lines,timing-only/line_size/data/skylark/stats/all_stats.csv
skylark,2019,AMD x86,initial_stride64_align32_moderandom_lines.csv,9.046875,9.121901296875,0.5018476062163841,8.9296875,9.1640625,8.8125,9.3515625,31435,initial,64,32,random_lines,timing-only/line_size/data/skylark/stats/all_stats.csv
skylark,2019,AMD x86,initial_stride64_align48_moderandom_lines.csv,9.046875,9.1108265859375,0.4929919717840047,8.9296875,9.1640625,8.7890625,9.328125,28984,initial,64,48,random_lines,timing-only/line_size/data/skylark/stats/all_stats.csv
skylark,2019,AMD x86,initial_stride128_align0_moderandom_lines.csv,10.5,10.624898953125,0.597327140324169,10.40625,10.640625,10.2890625,10.8515625,42727,initial,128,0,random_lines,timing-only/line_size/data/skylark/stats/all_stats.csv
skylark,2019,AMD x86,initial_stride128_align16_moderandom_lines.csv,9.8671875,9.95904515625,0.5888278615844366,9.7265625,9.984375,9.6328125,10.171875,43992,initial,128,16,random_lines,timing-only/line_size/data/skylark/stats/all_stats.csv
skylark,2019,AMD x86,initial_stride128_align32_moderandom_lines.csv,9.6796875,9.8097526875,0.5723062184865401,9.609375,9.8203125,9.515625,10.0078125,41322,initial,128,32,random_lines,timing-only/line_size/data/skylark/stats/all_stats.csv
skylark,2019,AMD x86,initial_stride128_align48_moderandom_lines.csv,9.75,9.8371523203125,0.5515446718127783,9.6328125,9.8671875,9.515625,10.0078125,35745,initial,128,48,random_lines,timing-only/line_size/data/skylark/stats/all_stats.csv
skylark,2019,AMD x86,initial_stride256_align0_moderandom_lines.csv,11.390625,11.513710359375,0.6463002934075607,11.34375,11.4375,11.296875,11.5546875,48281,initial,256,0,random_lines,timing-only/line_size/data/skylark/stats/all_stats.csv
skylark,2019,AMD x86,initial_stride256_align16_moderandom_lines.csv,12.6328125,12.724336875,0.6212737118105949,12.5625,12.703125,12.46875,12.8203125,38120,initial,256,16,random_lines,timing-only/line_size/data/skylark/stats/all_stats.csv
skylark,2019,AMD x86,initial_stride256_align32_moderandom_lines.csv,11.34375,11.4526165546875,0.618932992662152,11.296875,11.390625,11.2265625,11.484375,43534,initial,256,32,random_lines,timing-only/line_size/data/skylark/stats/all_stats.csv
skylark,2019,AMD x86,initial_stride256_align48_moderandom_lines.csv,11.390625,11.4895965703125,0.5840201242493093,11.34375,11.4375,11.296875,11.53125,35844,initial,256,48,random_lines,timing-only/line_size/data/skylark/stats/all_stats.csv
skylark,2019,AMD x86,initial_stride512_align0_moderandom_lines.csv,13.359375,13.4560899609375,0.618260803368398,13.3125,13.40625,13.2421875,13.5234375,43789,initial,512,0,random_lines,timing-only/line_size/data/skylark/stats/all_stats.csv
skylark,2019,AMD x86,initial_stride512_align16_moderandom_lines.csv,14.0625,14.1572497734375,0.6172186471780199,13.9921875,14.1328125,13.921875,14.25,34906,initial,512,16,random_lines,timing-only/line_size/data/skylark/stats/all_stats.csv
skylark,2019,AMD x86,initial_stride512_align32_moderandom_lines.csv,12.3046875,12.3909205078125,0.5687815892170403,12.28125,12.328125,12.234375,12.3984375,56771,initial,512,32,random_lines,timing-only/line_size/data/skylark/stats/all_stats.csv
skylark,2019,AMD x86,initial_stride512_align48_moderandom_lines.csv,12.3046875,12.390209203125,0.5576333235635272,12.28125,12.3515625,12.234375,12.3984375,33345,initial,512,48,random_lines,timing-only/line_size/data/skylark/stats/all_stats.csv
skylark,2019,AMD x86,dense_stride48_align0_moderandom_lines.csv,8.6484375,8.6989702265625,0.46326166300686084,8.5546875,8.71875,8.4375,8.859375,35560,dense,48,0,random_lines,timing-only/line_size/data/skylark/stats/all_stats.csv
skylark,2019,AMD x86,dense_stride48_align16_moderandom_lines.csv,8.484375,8.558059640625,0.46193267358714835,8.4140625,8.578125,8.296875,8.71875,33902,dense,48,16,random_lines,timing-only/line_size/data/skylark/stats/all_stats.csv
skylark,2019,AMD x86,dense_stride48_align32_moderandom_lines.csv,10.0546875,10.1275896328125,0.5304407107056066,9.9375,10.171875,9.8671875,10.2890625,31772,dense,48,32,random_lines,timing-only/line_size/data/skylark/stats/all_stats.csv
skylark,2019,AMD x86,dense_stride48_align48_moderandom_lines.csv,8.625,8.6832136640625,0.4626610817382287,8.53125,8.6953125,8.4375,8.8828125,38034,dense,48,48,random_lines,timing-only/line_size/data/skylark/stats/all_stats.csv
skylark,2019,AMD x86,dense_stride56_align0_moderandom_lines.csv,9.0234375,9.106528828125,0.5242380454850434,8.90625,9.1640625,8.765625,9.3984375,35297,dense,56,0,random_lines,timing-only/line_size/data/skylark/stats/all_stats.csv
skylark,2019,AMD x86,dense_stride56_align16_moderandom_lines.csv,9.0,9.1126440703125,0.5984635466819377,8.90625,9.1171875,8.765625,9.5390625,54860,dense,56,16,random_lines,timing-only/line_size/data/skylark/stats/all_stats.csv
skylark,2019,AMD x86,dense_stride56_align32_moderandom_lines.csv,9.0703125,9.17031928125,0.5763728930295465,8.953125,9.2109375,8.8125,9.46875,41121,dense,56,32,random_lines,timing-only/line_size/data/skylark/stats/all_stats.csv
skylark,2019,AMD x86,dense_stride56_align48_moderandom_lines.csv,8.7890625,8.8584574921875,0.5049463817337402,8.6953125,8.859375,8.6015625,9.046875,38398,dense,56,48,random_lines,timing-only/line_size/data/skylark/stats/all_stats.csv
skylark,2019,AMD x86,dense_stride60_align0_moderandom_lines.csv,9.234375,9.3310019765625,0.5416106874528817,9.140625,9.3515625,9.0,9.7265625,63529,dense,60,0,random_lines,timing-only/line_size/data/skylark/stats/all_stats.csv
skylark,2019,AMD x86,dense_stride60_align16_moderandom_lines.csv,9.0,9.0750689296875,0.5014634733309336,8.9296875,9.09375,8.8125,9.2578125,35355,dense,60,16,random_lines,timing-only/line_size/data/skylark/stats/all_stats.csv
skylark,2019,AMD x86,dense_stride60_align32_moderandom_lines.csv,8.7421875,8.84406403125,0.5220280201304967,8.671875,8.8359375,8.578125,9.2109375,95563,dense,60,32,random_lines,timing-only/line_size/data/skylark/stats/all_stats.csv
skylark,2019,AMD x86,dense_stride60_align48_moderandom_lines.csv,9.0,9.0941433984375,0.5315248143386055,8.9296875,9.09375,8.8359375,9.421875,65907,dense,60,48,random_lines,timing-only/line_size/data/skylark/stats/all_stats.csv
skylark,2019,AMD x86,dense_stride64_align0_moderandom_lines.csv,9.140625,9.24358303125,0.5323868052943411,9.046875,9.28125,8.9296875,9.7265625,64865,dense,64,0,random_lines,timing-only/line_size/data/skylark/stats/all_stats.csv
skylark,2019,AMD x86,dense_stride64_align16_moderandom_lines.csv,9.234375,9.307790765625,0.5562905514241535,9.046875,9.3984375,8.8828125,9.796875,30825,dense,64,16,random_lines,timing-only/line_size/data/skylark/stats/all_stats.csv
skylark,2019,AMD x86,dense_stride64_align32_moderandom_lines.csv,8.9765625,9.0694627265625,0.519941226505803,8.90625,9.09375,8.765625,9.375,48222,dense,64,32,random_lines,timing-only/line_size/data/skylark/stats/all_stats.csv
skylark,2019,AMD x86,dense_stride64_align48_moderandom_lines.csv,10.9453125,11.03439628125,0.73753031540993,10.828125,11.203125,10.59375,11.6015625,76578,dense,64,48,random_lines,timing-only/line_size/data/skylark/stats/all_stats.csv
skylark,2019,AMD x86,dense_stride68_align0_moderandom_lines.csv,9.421875,9.5057594296875,0.5558801374613678,9.3515625,9.4921875,9.2578125,9.703125,46053,dense,68,0,random_lines,timing-only/line_size/data/skylark/stats/all_stats.csv
skylark,2019,AMD x86,dense_stride68_align16_moderandom_lines.csv,9.7734375,9.8716162734375,0.5722451507997149,9.703125,9.8671875,9.5859375,10.171875,61905,dense,68,16,random_lines,timing-only/line_size/data/skylark/stats/all_stats.csv
skylark,2019,AMD x86,dense_stride68_align32_moderandom_lines.csv,9.8203125,9.9178647421875,0.6024832210633286,9.6796875,9.9609375,9.515625,10.3125,40795,dense,68,32,random_lines,timing-only/line_size/data/skylark/stats/all_stats.csv
skylark,2019,AMD x86,dense_stride68_align48_moderandom_lines.csv,9.4453125,9.536055234375,0.5612134821655643,9.375,9.5390625,9.28125,9.7265625,41387,dense,68,48,random_lines,timing-only/line_size/data/skylark/stats/all_stats.csv
skylark,2019,AMD x86,dense_stride72_align0_moderandom_lines.csv,9.375,9.449774109375,0.5160662204792273,9.3046875,9.46875,9.2109375,9.65625,34328,dense,72,0,random_lines,timing-only/line_size/data/skylark/stats/all_stats.csv
skylark,2019,AMD x86,dense_stride72_align16_moderandom_lines.csv,9.5859375,9.6987828515625,0.5870806261111433,9.46875,9.7265625,9.3515625,10.078125,43352,dense,72,16,random_lines,timing-only/line_size/data/skylark/stats/all_stats.csv
skylark,2019,AMD x86,dense_stride72_align32_moderandom_lines.csv,9.3984375,9.483783140625,0.5603397071836164,9.3046875,9.4921875,9.2109375,9.6796875,37586,dense,72,32,random_lines,timing-only/line_size/data/skylark/stats/all_stats.csv
skylark,2019,AMD x86,dense_stride72_align48_moderandom_lines.csv,9.375,9.738401203125,50.96518359356437,9.3046875,9.46875,9.2109375,9.65625,38657,dense,72,48,random_lines,timing-only/line_size/data/skylark/stats/all_stats.csv
skylark,2019,AMD x86,dense_stride80_align0_moderandom_lines.csv,9.3515625,11.364302484375,192.72498357616053,9.3046875,9.4453125,9.2109375,9.609375,43391,dense,80,0,random_lines,timing-only/line_size/data/skylark/stats/all_stats.csv
skylark,2019,AMD x86,dense_stride80_align16_moderandom_lines.csv,9.3984375,9.7295720625,0.8150848876357073,9.328125,9.515625,9.2578125,10.9921875,195789,dense,80,16,random_lines,timing-only/line_size/data/skylark/stats/all_stats.csv
skylark,2019,AMD x86,dense_stride80_align32_moderandom_lines.csv,9.796875,9.88350459375,0.5652423819279038,9.703125,9.9140625,9.5859375,10.125,31720,dense,80,32,random_lines,timing-only/line_size/data/skylark/stats/all_stats.csv
skylark,2019,AMD x86,dense_stride80_align48_moderandom_lines.csv,9.3984375,9.4877078671875,0.5428939887530001,9.3515625,9.4921875,9.2578125,9.6328125,33091,dense,80,48,random_lines,timing-only/line_size/data/skylark/stats/all_stats.csv
skylark,2019,AMD x86,dense_stride96_align0_moderandom_lines.csv,9.2578125,9.320753109375,0.5309575800941846,9.1875,9.3046875,9.1171875,9.421875,33817,dense,96,0,random_lines,timing-only/line_size/data/skylark/stats/all_stats.csv
skylark,2019,AMD x86,dense_stride96_align16_moderandom_lines.csv,9.2578125,9.339501,0.5273656100357834,9.2109375,9.328125,9.1171875,9.46875,40940,dense,96,16,random_lines,timing-only/line_size/data/skylark/stats/all_stats.csv
skylark,2019,AMD x86,dense_stride96_align32_moderandom_lines.csv,9.2578125,9.3382701328125,0.5616630032955164,9.1875,9.3046875,9.1171875,9.4453125,42330,dense,96,32,random_lines,timing-only/line_size/data/skylark/stats/all_stats.csv
skylark,2019,AMD x86,dense_stride96_align48_moderandom_lines.csv,9.2578125,9.337398421875,0.5534145721837488,9.1875,9.3046875,9.1171875,9.421875,39095,dense,96,48,random_lines,timing-only/line_size/data/skylark/stats/all_stats.csv
skylark,2019,AMD x86,control_random_stride8_align0_modefully_random.csv,11.765625,11.872868953125,0.6311424930858877,11.71875,11.8359375,11.625,11.953125,43227,control_random,8,0,fully_random,timing-only/line_size/data/skylark/stats/all_stats.csv
skylark,2019,AMD x86,control_random_stride64_align0_modefully_random.csv,12.4453125,12.550366453125,0.6656673878369627,12.3984375,12.46875,12.3515625,12.609375,59691,control_random,64,0,fully_random,timing-only/line_size/data/skylark/stats/all_stats.csv
skylark,2019,AMD x86,control_sequential_stride8_align0_modesequential_lines.csv,5.953125,6.03927778125,0.428485075018207,5.8828125,6.0703125,5.765625,6.3515625,45192,control_sequential,8,0,sequential_lines,timing-only/line_size/data/skylark/stats/all_stats.csv
skylark,2019,AMD x86,control_sequential_stride16_align0_modesequential_lines.csv,5.8828125,5.9645366953125,0.41870448499685475,5.859375,5.8828125,5.859375,6.234375,170552,control_sequential,16,0,sequential_lines,timing-only/line_size/data/skylark/stats/all_stats.csv
skylark,2019,AMD x86,control_sequential_stride32_align0_modesequential_lines.csv,6.09375,6.1339057265625,0.4135445601825297,6.0703125,6.1171875,5.9296875,6.234375,148462,control_sequential,32,0,sequential_lines,timing-only/line_size/data/skylark/stats/all_stats.csv
skylark,2019,AMD x86,control_sequential_stride64_align0_modesequential_lines.csv,7.171875,7.1936833359375,0.46304300966071044,6.984375,7.265625,6.9609375,7.359375,26091,control_sequential,64,0,sequential_lines,timing-only/line_size/data/skylark/stats/all_stats.csv
skylark,2019,AMD x86,control_sequential_stride128_align0_modesequential_lines.csv,7.359375,7.4204037890625,0.47326937676361974,7.3359375,7.359375,7.265625,7.4765625,211755,control_sequential,128,0,sequential_lines,timing-only/line_size/data/skylark/stats/all_stats.csv
skylark,2019,AMD x86,control_sequential_stride256_align0_modesequential_lines.csv,7.5,7.56913425,0.45917138746846026,7.453125,7.5703125,7.359375,7.7109375,41517,control_sequential,256,0,sequential_lines,timing-only/line_size/data/skylark/stats/all_stats.csv
skylark,2019,AMD x86,control_sequential_stride512_align0_modesequential_lines.csv,7.40625,7.49441465625,0.454044836152722,7.3828125,7.453125,7.265625,7.734375,209243,control_sequential,512,0,sequential_lines,timing-only/line_size/data/skylark/stats/all_stats.csv
skylark,2019,AMD x86,control_sequential_stride56_align0_modesequential_lines.csv,7.0078125,7.028029453125,0.44927594611607025,6.8671875,7.1015625,6.6796875,7.265625,23228,control_sequential,56,0,sequential_lines,timing-only/line_size/data/skylark/stats/all_stats.csv
skylark,2019,AMD x86,control_sequential_stride72_align0_modesequential_lines.csv,7.546875,7.640792765625,0.5111249896628223,7.453125,7.6640625,7.21875,8.1796875,159887,control_sequential,72,0,sequential_lines,timing-only/line_size/data/skylark/stats/all_stats.csv
thunderbird,2020,Arm / Ampere,initial_stride8_align0_moderandom_lines.csv,0.091796875,0.092162921875,0.06599974736954124,0.091796875,0.0927734375,0.0908203125,0.0927734375,8369,initial,8,0,random_lines,timing-only/line_size/data/thunderbird/stats/all_stats.csv
thunderbird,2020,Arm / Ampere,initial_stride8_align16_moderandom_lines.csv,0.0927734375,0.0929303642578125,0.006009037265799076,0.0927734375,0.09375,0.091796875,0.09375,6851,initial,8,16,random_lines,timing-only/line_size/data/thunderbird/stats/all_stats.csv
thunderbird,2020,Arm / Ampere,initial_stride8_align32_moderandom_lines.csv,0.091796875,0.09188710546875,0.1758995162669303,0.0908203125,0.0927734375,0.08984375,0.09375,1155,initial,8,32,random_lines,timing-only/line_size/data/thunderbird/stats/all_stats.csv
thunderbird,2020,Arm / Ampere,initial_stride8_align48_moderandom_lines.csv,0.0927734375,0.0927688173828125,0.0043759597398806945,0.0927734375,0.0927734375,0.091796875,0.09375,434889,initial,8,48,random_lines,timing-only/line_size/data/thunderbird/stats/all_stats.csv
thunderbird,2020,Arm / Ampere,initial_stride16_align0_moderandom_lines.csv,0.0908203125,0.090615935546875,0.003920709936276227,0.08984375,0.0908203125,0.0888671875,0.091796875,15817,initial,16,0,random_lines,timing-only/line_size/data/thunderbird/stats/all_stats.csv
thunderbird,2020,Arm / Ampere,initial_stride16_align16_moderandom_lines.csv,0.0908203125,0.090676294921875,0.0035492743783898037,0.08984375,0.0908203125,0.08984375,0.091796875,15447,initial,16,16,random_lines,timing-only/line_size/data/thunderbird/stats/all_stats.csv
thunderbird,2020,Arm / Ampere,initial_stride16_align32_moderandom_lines.csv,0.08984375,0.0903749892578125,0.15230209493169325,0.08984375,0.0908203125,0.0888671875,0.0908203125,3560,initial,16,32,random_lines,timing-only/line_size/data/thunderbird/stats/all_stats.csv
thunderbird,2020,Arm / Ampere,initial_stride16_align48_moderandom_lines.csv,0.0908203125,0.091460251953125,0.013116172965995914,0.0908203125,0.091796875,0.08984375,0.0927734375,2879,initial,16,48,random_lines,timing-only/line_size/data/thunderbird/stats/all_stats.csv
thunderbird,2020,Arm / Ampere,initial_stride32_align0_moderandom_lines.csv,0.0986328125,0.0988047080078125,0.018030310002557823,0.09765625,0.099609375,0.0966796875,0.1005859375,2102,initial,32,0,random_lines,timing-only/line_size/data/thunderbird/stats/all_stats.csv
thunderbird,2020,Arm / Ampere,initial_stride32_align16_moderandom_lines.csv,0.0986328125,0.099043552734375,0.016468077827138945,0.0986328125,0.099609375,0.09765625,0.099609375,8470,initial,32,16,random_lines,timing-only/line_size/data/thunderbird/stats/all_stats.csv
thunderbird,2020,Arm / Ampere,initial_stride32_align32_moderandom_lines.csv,0.099609375,0.099979748046875,0.021918815596930357,0.099609375,0.1005859375,0.0986328125,0.1015625,23206,initial,32,32,random_lines,timing-only/line_size/data/thunderbird/stats/all_stats.csv
thunderbird,2020,Arm / Ampere,initial_stride32_align48_moderandom_lines.csv,0.1005859375,0.1003987138671875,0.010644161296247708,0.099609375,0.1005859375,0.099609375,0.1015625,12477,initial,32,48,random_lines,timing-only/line_size/data/thunderbird/stats/all_stats.csv
thunderbird,2020,Arm / Ampere,initial_stride64_align0_moderandom_lines.csv,0.115234375,0.11597307421875,0.02242033321767675,0.115234375,0.1162109375,0.1142578125,0.1181640625,67592,initial,64,0,random_lines,timing-only/line_size/data/thunderbird/stats/all_stats.csv
thunderbird,2020,Arm / Ampere,initial_stride64_align16_moderandom_lines.csv,0.119140625,0.1192122373046875,0.01258797796091784,0.1181640625,0.1201171875,0.1171875,0.12109375,5811,initial,64,16,random_lines,timing-only/line_size/data/thunderbird/stats/all_stats.csv
thunderbird,2020,Arm / Ampere,initial_stride64_align32_moderandom_lines.csv,0.1162109375,0.1160324658203125,0.002251019482113321,0.115234375,0.1162109375,0.1142578125,0.1171875,42457,initial,64,32,random_lines,timing-only/line_size/data/thunderbird/stats/all_stats.csv
thunderbird,2020,Arm / Ampere,initial_stride64_align48_moderandom_lines.csv,0.1171875,0.1175386025390625,0.0032057145083360067,0.1171875,0.1181640625,0.1162109375,0.119140625,10346,initial,64,48,random_lines,timing-only/line_size/data/thunderbird/stats/all_stats.csv
thunderbird,2020,Arm / Ampere,initial_stride128_align0_moderandom_lines.csv,0.142578125,0.1430861591796875,0.0025687018672528603,0.142578125,0.1435546875,0.1416015625,0.1435546875,1857,initial,128,0,random_lines,timing-only/line_size/data/thunderbird/stats/all_stats.csv
thunderbird,2020,Arm / Ampere,initial_stride128_align16_moderandom_lines.csv,0.138671875,0.1382748857421875,0.005375536597210875,0.1376953125,0.138671875,0.1376953125,0.138671875,1654,initial,128,16,random_lines,timing-only/line_size/data/thunderbird/stats/all_stats.csv
thunderbird,2020,Arm / Ampere,initial_stride128_align32_moderandom_lines.csv,0.13671875,0.1370815732421875,0.08491523932488348,0.13671875,0.1376953125,0.1357421875,0.1376953125,25766,initial,128,32,random_lines,timing-only/line_size/data/thunderbird/stats/all_stats.csv
thunderbird,2020,Arm / Ampere,initial_stride128_align48_moderandom_lines.csv,0.14453125,0.144609361328125,0.011920652963936375,0.1435546875,0.14453125,0.1435546875,0.1455078125,10151,initial,128,48,random_lines,timing-only/line_size/data/thunderbird/stats/all_stats.csv
thunderbird,2020,Arm / Ampere,initial_stride256_align0_moderandom_lines.csv,0.158203125,0.15787212109375,0.00940791981488963,0.1572265625,0.158203125,0.1572265625,0.1591796875,3473,initial,256,0,random_lines,timing-only/line_size/data/thunderbird/stats/all_stats.csv
thunderbird,2020,Arm / Ampere,initial_stride256_align16_moderandom_lines.csv,0.1640625,0.1638631689453125,0.010476681750764258,0.1630859375,0.1640625,0.1630859375,0.1650390625,1999,initial,256,16,random_lines,timing-only/line_size/data/thunderbird/stats/all_stats.csv
thunderbird,2020,Arm / Ampere,initial_stride256_align32_moderandom_lines.csv,0.15625,0.1565866083984375,0.011056874364084753,0.15625,0.1572265625,0.1552734375,0.1572265625,39481,initial,256,32,random_lines,timing-only/line_size/data/thunderbird/stats/all_stats.csv
thunderbird,2020,Arm / Ampere,initial_stride256_align48_moderandom_lines.csv,0.15625,0.1564211953125,0.010205546140377615,0.15625,0.15625,0.1552734375,0.1572265625,420412,initial,256,48,random_lines,timing-only/line_size/data/thunderbird/stats/all_stats.csv
thunderbird,2020,Arm / Ampere,initial_stride512_align0_moderandom_lines.csv,0.1630859375,0.1636624990234375,0.010692806511321578,0.1630859375,0.1640625,0.162109375,0.1640625,1436,initial,512,0,random_lines,timing-only/line_size/data/thunderbird/stats/all_stats.csv
thunderbird,2020,Arm / Ampere,initial_stride512_align16_moderandom_lines.csv,0.162109375,0.1625193505859375,0.010039405448347073,0.162109375,0.1630859375,0.1611328125,0.1630859375,2409,initial,512,16,random_lines,timing-only/line_size/data/thunderbird/stats/all_stats.csv
thunderbird,2020,Arm / Ampere,initial_stride512_align32_moderandom_lines.csv,0.1630859375,0.1635307685546875,0.009781011724669142,0.1630859375,0.1640625,0.162109375,0.1640625,2802,initial,512,32,random_lines,timing-only/line_size/data/thunderbird/stats/all_stats.csv
thunderbird,2020,Arm / Ampere,initial_stride512_align48_moderandom_lines.csv,0.1640625,0.1638583544921875,0.08553562287311926,0.1630859375,0.1640625,0.1630859375,0.1650390625,1564,initial,512,48,random_lines,timing-only/line_size/data/thunderbird/stats/all_stats.csv
thunderbird,2020,Arm / Ampere,dense_stride40_align0_moderandom_lines.csv,0.103515625,0.1034125087890625,0.007798598932753795,0.1025390625,0.103515625,0.1025390625,0.1044921875,7687,dense,40,0,random_lines,timing-only/line_size/data/thunderbird/stats/all_stats.csv
thunderbird,2020,Arm / Ampere,dense_stride40_align16_moderandom_lines.csv,0.1044921875,0.1048489248046875,0.007962893477833832,0.1044921875,0.10546875,0.103515625,0.1064453125,14585,dense,40,16,random_lines,timing-only/line_size/data/thunderbird/stats/all_stats.csv
thunderbird,2020,Arm / Ampere,dense_stride40_align32_moderandom_lines.csv,0.103515625,0.1038161513671875,0.004561677801997731,0.103515625,0.1044921875,0.1025390625,0.10546875,14185,dense,40,32,random_lines,timing-only/line_size/data/thunderbird/stats/all_stats.csv
thunderbird,2020,Arm / Ampere,dense_stride40_align48_moderandom_lines.csv,0.1044921875,0.104978373046875,0.002448798066716364,0.1044921875,0.10546875,0.103515625,0.1064453125,10683,dense,40,48,random_lines,timing-only/line_size/data/thunderbird/stats/all_stats.csv
thunderbird,2020,Arm / Ampere,dense_stride44_align0_moderandom_lines.csv,0.107421875,0.107782427734375,0.02595232096473631,0.1064453125,0.1083984375,0.10546875,0.109375,1069,dense,44,0,random_lines,timing-only/line_size/data/thunderbird/stats/all_stats.csv
thunderbird,2020,Arm / Ampere,dense_stride44_align16_moderandom_lines.csv,0.107421875,0.1075394033203125,0.013432004829387372,0.1064453125,0.1083984375,0.1064453125,0.109375,1206,dense,44,16,random_lines,timing-only/line_size/data/thunderbird/stats/all_stats.csv
thunderbird,2020,Arm / Ampere,dense_stride44_align32_moderandom_lines.csv,0.1083984375,0.108273646484375,0.009828554989489717,0.107421875,0.1083984375,0.1064453125,0.1103515625,79307,dense,44,32,random_lines,timing-only/line_size/data/thunderbird/stats/all_stats.csv
thunderbird,2020,Arm / Ampere,dense_stride44_align48_moderandom_lines.csv,0.107421875,0.10775359765625,0.009583553239932537,0.107421875,0.1083984375,0.1064453125,0.109375,59000,dense,44,48,random_lines,timing-only/line_size/data/thunderbird/stats/all_stats.csv
thunderbird,2020,Arm / Ampere,dense_stride48_align0_moderandom_lines.csv,0.107421875,0.107436701171875,0.01035521187453979,0.1064453125,0.107421875,0.1064453125,0.1083984375,20479,dense,48,0,random_lines,timing-only/line_size/data/thunderbird/stats/all_stats.csv
thunderbird,2020,Arm / Ampere,dense_stride48_align16_moderandom_lines.csv,0.107421875,0.107598109375,0.01018616325851285,0.1064453125,0.1083984375,0.10546875,0.109375,1125,dense,48,16,random_lines,timing-only/line_size/data/thunderbird/stats/all_stats.csv
thunderbird,2020,Arm / Ampere,dense_stride48_align32_moderandom_lines.csv,0.1083984375,0.108761376953125,0.010281810166772104,0.1083984375,0.109375,0.107421875,0.109375,9271,dense,48,32,random_lines,timing-only/line_size/data/thunderbird/stats/all_stats.csv
thunderbird,2020,Arm / Ampere,dense_stride48_align48_moderandom_lines.csv,0.1083984375,0.1085779794921875,0.010125811123314319,0.1083984375,0.109375,0.107421875,0.109375,11060,dense,48,48,random_lines,timing-only/line_size/data/thunderbird/stats/all_stats.csv
thunderbird,2020,Arm / Ampere,dense_stride52_align0_moderandom_lines.csv,0.11328125,0.1133034677734375,0.03950589386381021,0.1123046875,0.11328125,0.1123046875,0.1142578125,26859,dense,52,0,random_lines,timing-only/line_size/data/thunderbird/stats/all_stats.csv
thunderbird,2020,Arm / Ampere,dense_stride52_align16_moderandom_lines.csv,0.1142578125,0.114386369140625,0.07310975903120205,0.11328125,0.1142578125,0.11328125,0.115234375,27911,dense,52,16,random_lines,timing-only/line_size/data/thunderbird/stats/all_stats.csv
thunderbird,2020,Arm / Ampere,dense_stride52_align32_moderandom_lines.csv,0.11328125,0.1136751533203125,0.008933180512448215,0.11328125,0.1142578125,0.1123046875,0.115234375,13932,dense,52,32,random_lines,timing-only/line_size/data/thunderbird/stats/all_stats.csv
thunderbird,2020,Arm / Ampere,dense_stride52_align48_moderandom_lines.csv,0.1123046875,0.1121643740234375,0.010057005372266606,0.111328125,0.1123046875,0.1103515625,0.11328125,26064,dense,52,48,random_lines,timing-only/line_size/data/thunderbird/stats/all_stats.csv
thunderbird,2020,Arm / Ampere,dense_stride56_align0_moderandom_lines.csv,0.111328125,0.1117292451171875,0.010207687965379228,0.111328125,0.1123046875,0.1103515625,0.1123046875,7051,dense,56,0,random_lines,timing-only/line_size/data/thunderbird/stats/all_stats.csv
thunderbird,2020,Arm / Ampere,dense_stride56_align16_moderandom_lines.csv,0.1103515625,0.110409337890625,0.010415933581787794,0.109375,0.1103515625,0.1083984375,0.111328125,47572,dense,56,16,random_lines,timing-only/line_size/data/thunderbird/stats/all_stats.csv
thunderbird,2020,Arm / Ampere,dense_stride56_align32_moderandom_lines.csv,0.111328125,0.111205287109375,0.011004795844547319,0.1103515625,0.111328125,0.109375,0.1123046875,14874,dense,56,32,random_lines,timing-only/line_size/data/thunderbird/stats/all_stats.csv
thunderbird,2020,Arm / Ampere,dense_stride56_align48_moderandom_lines.csv,0.1123046875,0.1123909443359375,0.00953973148089365,0.111328125,0.1123046875,0.111328125,0.11328125,19573,dense,56,48,random_lines,timing-only/line_size/data/thunderbird/stats/all_stats.csv
thunderbird,2020,Arm / Ampere,dense_stride60_align0_moderandom_lines.csv,0.1162109375,0.1161140478515625,0.010209092894103154,0.115234375,0.1171875,0.1142578125,0.1171875,2549,dense,60,0,random_lines,timing-only/line_size/data/thunderbird/stats/all_stats.csv
thunderbird,2020,Arm / Ampere,dense_stride60_align16_moderandom_lines.csv,0.1171875,0.1172003798828125,0.009167022567848114,0.1162109375,0.1181640625,0.115234375,0.1181640625,1912,dense,60,16,random_lines,timing-only/line_size/data/thunderbird/stats/all_stats.csv
thunderbird,2020,Arm / Ampere,dense_stride60_align32_moderandom_lines.csv,0.1162109375,0.115823,0.002752076843209094,0.115234375,0.1162109375,0.1142578125,0.1171875,34965,dense,60,32,random_lines,timing-only/line_size/data/thunderbird/stats/all_stats.csv
thunderbird,2020,Arm / Ampere,dense_stride60_align48_moderandom_lines.csv,0.1171875,0.117143888671875,0.0026117881832835228,0.1162109375,0.1181640625,0.115234375,0.119140625,2143,dense,60,48,random_lines,timing-only/line_size/data/thunderbird/stats/all_stats.csv
thunderbird,2020,Arm / Ampere,dense_stride64_align0_moderandom_lines.csv,0.11328125,0.1142404248046875,0.0035592414250784662,0.11328125,0.115234375,0.1123046875,0.1162109375,1031,dense,64,0,random_lines,timing-only/line_size/data/thunderbird/stats/all_stats.csv
thunderbird,2020,Arm / Ampere,dense_stride64_align16_moderandom_lines.csv,0.115234375,0.1153997373046875,0.07242207270894599,0.1142578125,0.1162109375,0.11328125,0.1181640625,844,dense,64,16,random_lines,timing-only/line_size/data/thunderbird/stats/all_stats.csv
thunderbird,2020,Arm / Ampere,dense_stride64_align32_moderandom_lines.csv,0.1171875,0.1172497607421875,0.004052950189563323,0.1162109375,0.1181640625,0.115234375,0.119140625,759,dense,64,32,random_lines,timing-only/line_size/data/thunderbird/stats/all_stats.csv
thunderbird,2020,Arm / Ampere,dense_stride64_align48_moderandom_lines.csv,0.115234375,0.115830572265625,0.0026840255676784277,0.115234375,0.1162109375,0.1142578125,0.1171875,30729,dense,64,48,random_lines,timing-only/line_size/data/thunderbird/stats/all_stats.csv
thunderbird,2020,Arm / Ampere,dense_stride68_align0_moderandom_lines.csv,0.12109375,0.120952568359375,0.0030167998584108703,0.1201171875,0.1220703125,0.119140625,0.123046875,795,dense,68,0,random_lines,timing-only/line_size/data/thunderbird/stats/all_stats.csv
thunderbird,2020,Arm / Ampere,dense_stride68_align16_moderandom_lines.csv,0.12109375,0.1211975888671875,0.002741801563448867,0.1201171875,0.1220703125,0.119140625,0.123046875,800,dense,68,16,random_lines,timing-only/line_size/data/thunderbird/stats/all_stats.csv
thunderbird,2020,Arm / Ampere,dense_stride68_align32_moderandom_lines.csv,0.12109375,0.121385056640625,0.038712865082706424,0.12109375,0.1220703125,0.1201171875,0.1220703125,8044,dense,68,32,random_lines,timing-only/line_size/data/thunderbird/stats/all_stats.csv
thunderbird,2020,Arm / Ampere,dense_stride68_align48_moderandom_lines.csv,0.1220703125,0.122154392578125,0.0034055053365074995,0.12109375,0.123046875,0.1201171875,0.1240234375,1002,dense,68,48,random_lines,timing-only/line_size/data/thunderbird/stats/all_stats.csv
thunderbird,2020,Arm / Ampere,dense_stride72_align0_moderandom_lines.csv,0.1201171875,0.1205740322265625,0.003029759579729217,0.1201171875,0.12109375,0.119140625,0.1220703125,21198,dense,72,0,random_lines,timing-only/line_size/data/thunderbird/stats/all_stats.csv
thunderbird,2020,Arm / Ampere,dense_stride72_align16_moderandom_lines.csv,0.1220703125,0.1222503642578125,0.0026312696146962894,0.1220703125,0.123046875,0.12109375,0.123046875,22040,dense,72,16,random_lines,timing-only/line_size/data/thunderbird/stats/all_stats.csv
thunderbird,2020,Arm / Ampere,dense_stride72_align32_moderandom_lines.csv,0.123046875,0.1231194365234375,0.0027889575353693156,0.1220703125,0.1240234375,0.1220703125,0.1240234375,729,dense,72,32,random_lines,timing-only/line_size/data/thunderbird/stats/all_stats.csv
thunderbird,2020,Arm / Ampere,dense_stride72_align48_moderandom_lines.csv,0.1201171875,0.1202373935546875,0.0029642961691648414,0.119140625,0.12109375,0.119140625,0.12109375,1555,dense,72,48,random_lines,timing-only/line_size/data/thunderbird/stats/all_stats.csv
thunderbird,2020,Arm / Ampere,dense_stride76_align0_moderandom_lines.csv,0.1279296875,0.1275767353515625,0.0029918624526193266,0.126953125,0.1279296875,0.1259765625,0.12890625,8452,dense,76,0,random_lines,timing-only/line_size/data/thunderbird/stats/all_stats.csv
thunderbird,2020,Arm / Ampere,dense_stride76_align16_moderandom_lines.csv,0.1259765625,0.1257918681640625,0.07715039883272462,0.125,0.1259765625,0.125,0.126953125,6365,dense,76,16,random_lines,timing-only/line_size/data/thunderbird/stats/all_stats.csv
thunderbird,2020,Arm / Ampere,dense_stride76_align32_moderandom_lines.csv,0.1279296875,0.127928890625,0.0035085757416802935,0.126953125,0.1279296875,0.126953125,0.12890625,32022,dense,76,32,random_lines,timing-only/line_size/data/thunderbird/stats/all_stats.csv
thunderbird,2020,Arm / Ampere,dense_stride76_align48_moderandom_lines.csv,0.1279296875,0.128117181640625,0.0026829775180557186,0.1279296875,0.12890625,0.126953125,0.12890625,10306,dense,76,48,random_lines,timing-only/line_size/data/thunderbird/stats/all_stats.csv
thunderbird,2020,Arm / Ampere,dense_stride80_align0_moderandom_lines.csv,0.1240234375,0.1236553271484375,0.0026678310316473716,0.123046875,0.1240234375,0.1220703125,0.125,13891,dense,80,0,random_lines,timing-only/line_size/data/thunderbird/stats/all_stats.csv
thunderbird,2020,Arm / Ampere,dense_stride80_align16_moderandom_lines.csv,0.150390625,0.1466375712890625,0.008868566403460936,0.1494140625,0.150390625,0.126953125,0.1513671875,196114,dense,80,16,random_lines,timing-only/line_size/data/thunderbird/stats/all_stats.csv
thunderbird,2020,Arm / Ampere,dense_stride80_align32_moderandom_lines.csv,0.125,0.1254831435546875,0.002820006516678869,0.125,0.1259765625,0.1240234375,0.126953125,23741,dense,80,32,random_lines,timing-only/line_size/data/thunderbird/stats/all_stats.csv
thunderbird,2020,Arm / Ampere,dense_stride80_align48_moderandom_lines.csv,0.1474609375,0.1425397158203125,0.00921834654219048,0.134765625,0.1484375,0.1279296875,0.1494140625,686,dense,80,48,random_lines,timing-only/line_size/data/thunderbird/stats/all_stats.csv
thunderbird,2020,Arm / Ampere,dense_stride96_align0_moderandom_lines.csv,0.154296875,0.1539323837890625,0.002986528931318258,0.1533203125,0.154296875,0.1533203125,0.1552734375,3340,dense,96,0,random_lines,timing-only/line_size/data/thunderbird/stats/all_stats.csv
thunderbird,2020,Arm / Ampere,dense_stride96_align16_moderandom_lines.csv,0.154296875,0.1545618896484375,0.003278651577846271,0.154296875,0.1552734375,0.1533203125,0.1552734375,4081,dense,96,16,random_lines,timing-only/line_size/data/thunderbird/stats/all_stats.csv
thunderbird,2020,Arm / Ampere,dense_stride96_align32_moderandom_lines.csv,0.1533203125,0.1533644111328125,0.00294205784287227,0.1533203125,0.1533203125,0.15234375,0.154296875,444091,dense,96,32,random_lines,timing-only/line_size/data/thunderbird/stats/all_stats.csv
thunderbird,2020,Arm / Ampere,dense_stride96_align48_moderandom_lines.csv,0.1533203125,0.1538520419921875,0.07303514989447565,0.1533203125,0.154296875,0.15234375,0.1552734375,11284,dense,96,48,random_lines,timing-only/line_size/data/thunderbird/stats/all_stats.csv
thunderbird,2020,Arm / Ampere,control_random_stride8_align0_modefully_random.csv,0.146484375,0.1470334892578125,0.011856097368582131,0.146484375,0.1474609375,0.1455078125,0.1484375,70006,control_random,8,0,fully_random,timing-only/line_size/data/thunderbird/stats/all_stats.csv
thunderbird,2020,Arm / Ampere,control_random_stride64_align0_modefully_random.csv,0.1611328125,0.1613397861328125,0.012521187869251089,0.1611328125,0.1611328125,0.16015625,0.162109375,465017,control_random,64,0,fully_random,timing-only/line_size/data/thunderbird/stats/all_stats.csv
thunderbird,2020,Arm / Ampere,control_sequential_stride8_align0_modesequential_lines.csv,0.08984375,0.0895097490234375,0.010053620365388479,0.0888671875,0.08984375,0.0888671875,0.0908203125,5205,control_sequential,8,0,sequential_lines,timing-only/line_size/data/thunderbird/stats/all_stats.csv
thunderbird,2020,Arm / Ampere,control_sequential_stride16_align0_modesequential_lines.csv,0.0849609375,0.08491447265625,0.009278277920874468,0.083984375,0.0849609375,0.083984375,0.0869140625,59233,control_sequential,16,0,sequential_lines,timing-only/line_size/data/thunderbird/stats/all_stats.csv
thunderbird,2020,Arm / Ampere,control_sequential_stride32_align0_modesequential_lines.csv,0.0888671875,0.08909318359375,0.009144604918620621,0.0888671875,0.08984375,0.087890625,0.08984375,3142,control_sequential,32,0,sequential_lines,timing-only/line_size/data/thunderbird/stats/all_stats.csv
thunderbird,2020,Arm / Ampere,control_sequential_stride64_align0_modesequential_lines.csv,0.0947265625,0.0945093271484375,0.00928794785840116,0.09375,0.0947265625,0.0927734375,0.095703125,14888,control_sequential,64,0,sequential_lines,timing-only/line_size/data/thunderbird/stats/all_stats.csv
thunderbird,2020,Arm / Ampere,control_sequential_stride128_align0_modesequential_lines.csv,0.09375,0.0934896376953125,0.0027404643368889544,0.0927734375,0.09375,0.0927734375,0.0947265625,1407,control_sequential,128,0,sequential_lines,timing-only/line_size/data/thunderbird/stats/all_stats.csv
thunderbird,2020,Arm / Ampere,control_sequential_stride256_align0_modesequential_lines.csv,0.1005859375,0.1009812646484375,0.003457353420029407,0.1005859375,0.1015625,0.099609375,0.1015625,1052,control_sequential,256,0,sequential_lines,timing-only/line_size/data/thunderbird/stats/all_stats.csv
thunderbird,2020,Arm / Ampere,control_sequential_stride512_align0_modesequential_lines.csv,0.1201171875,0.1197046982421875,0.0023145941521262358,0.119140625,0.1201171875,0.119140625,0.12109375,2967,control_sequential,512,0,sequential_lines,timing-only/line_size/data/thunderbird/stats/all_stats.csv
thunderbird,2020,Arm / Ampere,control_sequential_stride56_align0_modesequential_lines.csv,0.095703125,0.095806484375,0.0024914802134825003,0.095703125,0.0966796875,0.0947265625,0.0966796875,15543,control_sequential,56,0,sequential_lines,timing-only/line_size/data/thunderbird/stats/all_stats.csv
thunderbird,2020,Arm / Ampere,control_sequential_stride72_align0_modesequential_lines.csv,0.1015625,0.1017586796875,0.0023783076516097667,0.1015625,0.1025390625,0.1005859375,0.1025390625,4158,control_sequential,72,0,sequential_lines,timing-only/line_size/data/thunderbird/stats/all_stats.csv
artemisia,2023,Intel x86,initial_stride8_align0_moderandom_lines.csv,6.7265625,6.720709408203125,0.6471988863328648,6.49609375,6.748046875,6.466796875,6.775390625,20180,initial,8,0,random_lines,timing-only/line_size/data/artemisia/stats/all_stats.csv
artemisia,2023,Intel x86,initial_stride8_align16_moderandom_lines.csv,6.865234375,6.853474220703125,0.6052183222829282,6.640625,6.888671875,6.6015625,6.916015625,16217,initial,8,16,random_lines,timing-only/line_size/data/artemisia/stats/all_stats.csv
artemisia,2023,Intel x86,initial_stride8_align32_moderandom_lines.csv,6.849609375,6.856979970703125,0.6760789978933658,6.6328125,6.8828125,6.595703125,7.12109375,28394,initial,8,32,random_lines,timing-only/line_size/data/artemisia/stats/all_stats.csv
artemisia,2023,Intel x86,initial_stride8_align48_moderandom_lines.csv,6.86328125,6.88260034765625,0.736713195992818,6.630859375,6.890625,6.591796875,7.099609375,30079,initial,8,48,random_lines,timing-only/line_size/data/artemisia/stats/all_stats.csv
artemisia,2023,Intel x86,initial_stride16_align0_moderandom_lines.csv,8.099609375,8.096722115234375,0.6882540933619925,7.875,8.123046875,7.849609375,8.150390625,20505,initial,16,0,random_lines,timing-only/line_size/data/artemisia/stats/all_stats.csv
artemisia,2023,Intel x86,initial_stride16_align16_moderandom_lines.csv,8.361328125,8.3583460703125,0.657680777227436,8.154296875,8.396484375,8.111328125,8.43359375,18403,initial,16,16,random_lines,timing-only/line_size/data/artemisia/stats/all_stats.csv
artemisia,2023,Intel x86,initial_stride16_align32_moderandom_lines.csv,8.357421875,8.37090825,0.6899117979082345,8.1484375,8.390625,8.107421875,8.439453125,23716,initial,16,32,random_lines,timing-only/line_size/data/artemisia/stats/all_stats.csv
artemisia,2023,Intel x86,initial_stride16_align48_moderandom_lines.csv,8.359375,8.344013705078124,0.6249188302620455,8.14453125,8.396484375,8.103515625,8.435546875,14351,initial,16,48,random_lines,timing-only/line_size/data/artemisia/stats/all_stats.csv
artemisia,2023,Intel x86,initial_stride32_align0_moderandom_lines.csv,10.826171875,10.825834736328124,0.7053404362222803,10.626953125,10.853515625,10.595703125,10.8828125,19368,initial,32,0,random_lines,timing-only/line_size/data/artemisia/stats/all_stats.csv
artemisia,2023,Intel x86,initial_stride32_align16_moderandom_lines.csv,10.818359375,10.81493179296875,0.6831701831467988,10.619140625,10.84375,10.591796875,10.869140625,19990,initial,32,16,random_lines,timing-only/line_size/data/artemisia/stats/all_stats.csv
artemisia,2023,Intel x86,initial_stride32_align32_moderandom_lines.csv,11.373046875,11.389365974609374,0.6758385182922685,11.181640625,11.416015625,11.130859375,11.521484375,21027,initial,32,32,random_lines,timing-only/line_size/data/artemisia/stats/all_stats.csv
artemisia,2023,Intel x86,initial_stride32_align48_moderandom_lines.csv,11.357421875,11.377042359375,0.6888736191947903,11.17578125,11.40234375,11.1171875,11.4609375,18819,initial,32,48,random_lines,timing-only/line_size/data/artemisia/stats/all_stats.csv
artemisia,2023,Intel x86,initial_stride64_align0_moderandom_lines.csv,16.369140625,16.39534677734375,0.7509998285417766,16.1875,16.40234375,16.138671875,16.44140625,21182,initial,64,0,random_lines,timing-only/line_size/data/artemisia/stats/all_stats.csv
artemisia,2023,Intel x86,initial_stride64_align16_moderandom_lines.csv,16.31640625,16.400495,0.8853214107349999,16.138671875,16.361328125,16.087890625,16.669921875,47607,initial,64,16,random_lines,timing-only/line_size/data/artemisia/stats/all_stats.csv
artemisia,2023,Intel x86,initial_stride64_align32_moderandom_lines.csv,16.310546875,16.332058869140624,0.742700555591861,16.130859375,16.345703125,16.08203125,16.390625,18330,initial,64,32,random_lines,timing-only/line_size/data/artemisia/stats/all_stats.csv
artemisia,2023,Intel x86,initial_stride64_align48_moderandom_lines.csv,16.310546875,16.335191837890626,0.7465724052523732,16.130859375,16.34375,16.08203125,16.384765625,22950,initial,64,48,random_lines,timing-only/line_size/data/artemisia/stats/all_stats.csv
artemisia,2023,Intel x86,initial_stride128_align0_moderandom_lines.csv,16.37890625,16.4066649453125,0.7373253168734138,16.208984375,16.408203125,16.15234375,16.4375,17238,initial,128,0,random_lines,timing-only/line_size/data/artemisia/stats/all_stats.csv
artemisia,2023,Intel x86,initial_stride128_align16_moderandom_lines.csv,16.34375,16.3783117265625,0.7656944334972801,16.169921875,16.373046875,16.1171875,16.408203125,21034,initial,128,16,random_lines,timing-only/line_size/data/artemisia/stats/all_stats.csv
artemisia,2023,Intel x86,initial_stride128_align32_moderandom_lines.csv,16.375,16.401895142578127,0.7493040358307103,16.193359375,16.41015625,16.150390625,16.44921875,24438,initial,128,32,random_lines,timing-only/line_size/data/artemisia/stats/all_stats.csv
artemisia,2023,Intel x86,initial_stride128_align48_moderandom_lines.csv,16.376953125,16.416607919921876,0.7856014480481452,16.203125,16.404296875,16.150390625,16.4375,25785,initial,128,48,random_lines,timing-only/line_size/data/artemisia/stats/all_stats.csv
artemisia,2023,Intel x86,initial_stride256_align0_moderandom_lines.csv,16.361328125,16.381707796875,0.7207560172346588,16.181640625,16.3984375,16.140625,16.44921875,18019,initial,256,0,random_lines,timing-only/line_size/data/artemisia/stats/all_stats.csv
artemisia,2023,Intel x86,initial_stride256_align16_moderandom_lines.csv,16.3671875,16.454123685546875,0.897889718570806,16.220703125,16.443359375,16.16015625,16.505859375,27597,initial,256,16,random_lines,timing-only/line_size/data/artemisia/stats/all_stats.csv
artemisia,2023,Intel x86,initial_stride256_align32_moderandom_lines.csv,16.396484375,16.447247140625,0.7705027456771396,16.255859375,16.470703125,16.15625,16.517578125,22258,initial,256,32,random_lines,timing-only/line_size/data/artemisia/stats/all_stats.csv
artemisia,2023,Intel x86,initial_stride256_align48_moderandom_lines.csv,16.421875,16.449040248046874,0.7478565444730315,16.24609375,16.458984375,16.19921875,16.5078125,32146,initial,256,48,random_lines,timing-only/line_size/data/artemisia/stats/all_stats.csv
artemisia,2023,Intel x86,initial_stride512_align0_moderandom_lines.csv,16.498046875,16.57157255859375,0.7804283416263901,16.37890625,16.603515625,16.265625,16.6484375,22415,initial,512,0,random_lines,timing-only/line_size/data/artemisia/stats/all_stats.csv
artemisia,2023,Intel x86,initial_stride512_align16_moderandom_lines.csv,16.470703125,16.5231527421875,0.7737395134519389,16.328125,16.5390625,16.240234375,16.580078125,22738,initial,512,16,random_lines,timing-only/line_size/data/artemisia/stats/all_stats.csv
artemisia,2023,Intel x86,initial_stride512_align32_moderandom_lines.csv,16.455078125,16.546591044921875,0.8123249576184851,16.361328125,16.580078125,16.224609375,16.640625,24627,initial,512,32,random_lines,timing-only/line_size/data/artemisia/stats/all_stats.csv
artemisia,2023,Intel x86,initial_stride512_align48_moderandom_lines.csv,16.494140625,16.5289817734375,0.7464226741204395,16.345703125,16.556640625,16.236328125,16.59765625,19334,initial,512,48,random_lines,timing-only/line_size/data/artemisia/stats/all_stats.csv
artemisia,2023,Intel x86,dense_stride48_align0_moderandom_lines.csv,13.498046875,13.539116359375,0.6719629361954481,13.361328125,13.5859375,13.296875,13.65625,16705,dense,48,0,random_lines,timing-only/line_size/data/artemisia/stats/all_stats.csv
artemisia,2023,Intel x86,dense_stride48_align16_moderandom_lines.csv,13.857421875,13.903798478515625,0.7181094857864639,13.71484375,13.94140625,13.642578125,14.013671875,20751,dense,48,16,random_lines,timing-only/line_size/data/artemisia/stats/all_stats.csv
artemisia,2023,Intel x86,dense_stride48_align32_moderandom_lines.csv,13.498046875,13.539808392578125,0.6625795820803166,13.361328125,13.587890625,13.310546875,13.6640625,16917,dense,48,32,random_lines,timing-only/line_size/data/artemisia/stats/all_stats.csv
artemisia,2023,Intel x86,dense_stride48_align48_moderandom_lines.csv,13.8828125,13.93516278515625,0.7290558928299062,13.736328125,13.966796875,13.66796875,14.05078125,24208,dense,48,48,random_lines,timing-only/line_size/data/artemisia/stats/all_stats.csv
artemisia,2023,Intel x86,dense_stride56_align0_moderandom_lines.csv,15.037109375,15.05963394140625,0.691434527197717,14.857421875,15.078125,14.810546875,15.138671875,23804,dense,56,0,random_lines,timing-only/line_size/data/artemisia/stats/all_stats.csv
artemisia,2023,Intel x86,dense_stride56_align16_moderandom_lines.csv,15.029296875,15.043166705078125,0.7029008626331776,14.84375,15.064453125,14.8046875,15.11328125,20217,dense,56,16,random_lines,timing-only/line_size/data/artemisia/stats/all_stats.csv
artemisia,2023,Intel x86,dense_stride56_align32_moderandom_lines.csv,15.02734375,15.043883626953125,0.7158132897914862,14.84375,15.064453125,14.80078125,15.115234375,18570,dense,56,32,random_lines,timing-only/line_size/data/artemisia/stats/all_stats.csv
artemisia,2023,Intel x86,dense_stride56_align48_moderandom_lines.csv,15.033203125,15.0524210390625,0.7002372577624852,14.857421875,15.078125,14.8046875,15.13671875,17903,dense,56,48,random_lines,timing-only/line_size/data/artemisia/stats/all_stats.csv
artemisia,2023,Intel x86,dense_stride60_align0_moderandom_lines.csv,16.431640625,16.458590068359374,0.7759774360066356,16.25,16.46484375,16.201171875,16.515625,21015,dense,60,0,random_lines,timing-only/line_size/data/artemisia/stats/all_stats.csv
artemisia,2023,Intel x86,dense_stride60_align16_moderandom_lines.csv,16.431640625,16.4861658125,0.8678303853665014,16.251953125,16.46875,16.205078125,16.521484375,25929,dense,60,16,random_lines,timing-only/line_size/data/artemisia/stats/all_stats.csv
artemisia,2023,Intel x86,dense_stride60_align32_moderandom_lines.csv,16.4296875,16.475570423828124,0.8035492797459738,16.24609375,16.46484375,16.201171875,16.568359375,32831,dense,60,32,random_lines,timing-only/line_size/data/artemisia/stats/all_stats.csv
artemisia,2023,Intel x86,dense_stride60_align48_moderandom_lines.csv,16.42578125,16.448696958984375,0.7337784574436436,16.244140625,16.4609375,16.201171875,16.505859375,19810,dense,60,48,random_lines,timing-only/line_size/data/artemisia/stats/all_stats.csv
artemisia,2023,Intel x86,dense_stride64_align0_moderandom_lines.csv,16.3203125,16.349933857421874,0.7163016920311298,16.162109375,16.34765625,16.08984375,16.384765625,17244,dense,64,0,random_lines,timing-only/line_size/data/artemisia/stats/all_stats.csv
artemisia,2023,Intel x86,dense_stride64_align16_moderandom_lines.csv,16.3203125,16.346604787109374,0.7580864182515835,16.138671875,16.349609375,16.087890625,16.384765625,18929,dense,64,16,random_lines,timing-only/line_size/data/artemisia/stats/all_stats.csv
artemisia,2023,Intel x86,dense_stride64_align32_moderandom_lines.csv,16.3046875,16.345316404296874,0.8165433656972132,16.123046875,16.34375,16.080078125,16.38671875,22544,dense,64,32,random_lines,timing-only/line_size/data/artemisia/stats/all_stats.csv
artemisia,2023,Intel x86,dense_stride64_align48_moderandom_lines.csv,16.31640625,16.385765970703126,0.8148561385321035,16.279296875,16.34375,16.087890625,16.576171875,280631,dense,64,48,random_lines,timing-only/line_size/data/artemisia/stats/all_stats.csv
artemisia,2023,Intel x86,dense_stride68_align0_moderandom_lines.csv,16.900390625,16.9836317265625,0.8499895322696613,16.8046875,16.9453125,16.6484375,17.349609375,63885,dense,68,0,random_lines,timing-only/line_size/data/artemisia/stats/all_stats.csv
artemisia,2023,Intel x86,dense_stride68_align16_moderandom_lines.csv,16.896484375,16.94172469921875,0.771172696579392,16.73046875,16.935546875,16.662109375,17.005859375,34278,dense,68,16,random_lines,timing-only/line_size/data/artemisia/stats/all_stats.csv
artemisia,2023,Intel x86,dense_stride68_align32_moderandom_lines.csv,16.8671875,16.932712853515625,0.787335030984234,16.775390625,16.93359375,16.630859375,17.04296875,24245,dense,68,32,random_lines,timing-only/line_size/data/artemisia/stats/all_stats.csv
artemisia,2023,Intel x86,dense_stride68_align48_moderandom_lines.csv,16.84765625,16.9036237109375,0.7360584755698267,16.720703125,16.935546875,16.611328125,17.0,19801,dense,68,48,random_lines,timing-only/line_size/data/artemisia/stats/all_stats.csv
artemisia,2023,Intel x86,dense_stride72_align0_moderandom_lines.csv,16.306640625,16.320767806640625,0.7020096430468437,16.123046875,16.341796875,16.083984375,16.375,18208,dense,72,0,random_lines,timing-only/line_size/data/artemisia/stats/all_stats.csv
artemisia,2023,Intel x86,dense_stride72_align16_moderandom_lines.csv,16.31640625,16.3473968203125,0.7623764359678411,16.13671875,16.345703125,16.091796875,16.373046875,20120,dense,72,16,random_lines,timing-only/line_size/data/artemisia/stats/all_stats.csv
artemisia,2023,Intel x86,dense_stride72_align32_moderandom_lines.csv,16.318359375,16.338422873046873,0.7348440782394307,16.13671875,16.349609375,16.095703125,16.376953125,17674,dense,72,32,random_lines,timing-only/line_size/data/artemisia/stats/all_stats.csv
artemisia,2023,Intel x86,dense_stride72_align48_moderandom_lines.csv,16.314453125,16.335317736328125,0.7585707549276615,16.1328125,16.34765625,16.087890625,16.384765625,17996,dense,72,48,random_lines,timing-only/line_size/data/artemisia/stats/all_stats.csv
artemisia,2023,Intel x86,dense_stride80_align0_moderandom_lines.csv,16.322265625,16.34695437109375,0.7448991633663967,16.14453125,16.3515625,16.09375,16.384765625,17274,dense,80,0,random_lines,timing-only/line_size/data/artemisia/stats/all_stats.csv
artemisia,2023,Intel x86,dense_stride80_align16_moderandom_lines.csv,16.3203125,16.382892900390626,0.8633965010261346,16.14453125,16.353515625,16.09375,16.40625,27051,dense,80,16,random_lines,timing-only/line_size/data/artemisia/stats/all_stats.csv
artemisia,2023,Intel x86,dense_stride80_align32_moderandom_lines.csv,16.310546875,16.3407441875,0.7730141045759646,16.12890625,16.341796875,16.087890625,16.369140625,19271,dense,80,32,random_lines,timing-only/line_size/data/artemisia/stats/all_stats.csv
artemisia,2023,Intel x86,dense_stride80_align48_moderandom_lines.csv,16.322265625,16.3565228125,0.7504831231968809,16.1484375,16.3515625,16.095703125,16.37890625,19699,dense,80,48,random_lines,timing-only/line_size/data/artemisia/stats/all_stats.csv
artemisia,2023,Intel x86,dense_stride96_align0_moderandom_lines.csv,16.3359375,16.363548267578125,0.7316134127455646,16.16015625,16.3671875,16.107421875,16.40625,18146,dense,96,0,random_lines,timing-only/line_size/data/artemisia/stats/all_stats.csv
artemisia,2023,Intel x86,dense_stride96_align16_moderandom_lines.csv,16.318359375,16.35221383203125,0.7587591564644209,16.142578125,16.349609375,16.091796875,16.390625,19186,dense,96,16,random_lines,timing-only/line_size/data/artemisia/stats/all_stats.csv
artemisia,2023,Intel x86,dense_stride96_align32_moderandom_lines.csv,16.306640625,16.37211909765625,0.84334773802207,16.134765625,16.341796875,16.076171875,16.400390625,26918,dense,96,32,random_lines,timing-only/line_size/data/artemisia/stats/all_stats.csv
artemisia,2023,Intel x86,dense_stride96_align48_moderandom_lines.csv,16.298828125,16.326719509765624,0.7300234011648904,16.123046875,16.33203125,16.072265625,16.373046875,19009,dense,96,48,random_lines,timing-only/line_size/data/artemisia/stats/all_stats.csv
artemisia,2023,Intel x86,control_random_stride8_align0_modefully_random.csv,14.51953125,14.592088052734375,0.7810913180285194,14.384765625,14.62109375,14.240234375,14.78515625,21709,control_random,8,0,fully_random,timing-only/line_size/data/artemisia/stats/all_stats.csv
artemisia,2023,Intel x86,control_random_stride64_align0_modefully_random.csv,16.439453125,16.4757053671875,0.7495280980623822,16.32421875,16.48046875,16.181640625,16.5546875,20496,control_random,64,0,fully_random,timing-only/line_size/data/artemisia/stats/all_stats.csv
artemisia,2023,Intel x86,control_sequential_stride8_align0_modesequential_lines.csv,6.69921875,6.682198259765625,0.6435254196553034,6.474609375,6.7265625,6.439453125,6.75,16659,control_sequential,8,0,sequential_lines,timing-only/line_size/data/artemisia/stats/all_stats.csv
artemisia,2023,Intel x86,control_sequential_stride16_align0_modesequential_lines.csv,8.060546875,8.04561579296875,0.684077851047459,7.841796875,8.08984375,7.8125,8.115234375,16746,control_sequential,16,0,sequential_lines,timing-only/line_size/data/artemisia/stats/all_stats.csv
artemisia,2023,Intel x86,control_sequential_stride32_align0_modesequential_lines.csv,10.7578125,10.7584340859375,0.6773186624379224,10.564453125,10.7890625,10.53125,10.82421875,14332,control_sequential,32,0,sequential_lines,timing-only/line_size/data/artemisia/stats/all_stats.csv
artemisia,2023,Intel x86,control_sequential_stride64_align0_modesequential_lines.csv,16.18359375,16.220661078125,0.7416211201438707,16.01171875,16.212890625,15.955078125,16.24609375,18582,control_sequential,64,0,sequential_lines,timing-only/line_size/data/artemisia/stats/all_stats.csv
artemisia,2023,Intel x86,control_sequential_stride128_align0_modesequential_lines.csv,16.337890625,16.3715207734375,0.7736372446764891,16.162109375,16.365234375,16.11328125,16.392578125,19512,control_sequential,128,0,sequential_lines,timing-only/line_size/data/artemisia/stats/all_stats.csv
artemisia,2023,Intel x86,control_sequential_stride256_align0_modesequential_lines.csv,16.33203125,16.3579254609375,0.8045379158900435,16.150390625,16.365234375,16.11328125,16.390625,19310,control_sequential,256,0,sequential_lines,timing-only/line_size/data/artemisia/stats/all_stats.csv
artemisia,2023,Intel x86,control_sequential_stride512_align0_modesequential_lines.csv,16.36328125,16.380984841796874,0.7332466479759734,16.18359375,16.39453125,16.142578125,16.423828125,17639,control_sequential,512,0,sequential_lines,timing-only/line_size/data/artemisia/stats/all_stats.csv
artemisia,2023,Intel x86,control_sequential_stride56_align0_modesequential_lines.csv,14.796875,14.8605162265625,0.8712851012990355,14.630859375,14.8515625,14.595703125,14.92578125,26079,control_sequential,56,0,sequential_lines,timing-only/line_size/data/artemisia/stats/all_stats.csv
artemisia,2023,Intel x86,control_sequential_stride72_align0_modesequential_lines.csv,16.19921875,16.248703171875,0.8247487751375441,16.01953125,16.228515625,15.97265625,16.259765625,22179,control_sequential,72,0,sequential_lines,timing-only/line_size/data/artemisia/stats/all_stats.csv
