trial,reload_ticks,classified_evicted
0,838,1
1,110,0
2,510,1
3,110,0
4,118,0
5,100,0
6,114,0
7,120,0
8,110,0
9,106,0
10,108,0
11,102,0
12,126,0
13,108,0
14,106,0
15,112,0
16,114,0
17,136,0
18,108,0
19,100,0
20,106,0
21,102,0
22,106,0
23,100,0
24,98,0
25,126,0
26,114,0
27,108,0
28,104,0
29,104,0
30,108,0
31,108,0
32,112,0
33,110,0
34,118,0
35,108,0
36,110,0
37,108,0
38,114,0
39,106,0
40,120,0
41,120,0
42,94,0
43,110,0
44,96,0
45,110,0
46,98,0
47,526,1
48,112,0
49,98,0
50,108,0
51,102,0
52,104,0
53,142,0
54,104,0
55,124,0
56,108,0
57,114,0
58,110,0
59,98,0
60,100,0
61,506,1
62,844,1
63,104,0
64,104,0
65,112,0
66,104,0
67,110,0
68,104,0
69,110,0
70,104,0
71,106,0
72,100,0
73,96,0
74,512,1
75,808,1
76,110,0
77,102,0
78,108,0
79,120,0
80,108,0
81,114,0
82,114,0
83,100,0
84,114,0
85,98,0
86,94,0
87,98,0
88,98,0
89,110,0
90,100,0
91,108,0
92,108,0
93,110,0
94,118,0
95,106,0
96,104,0
97,104,0
98,110,0
99,108,0
100,100,0
101,96,0
102,106,0
103,94,0
104,106,0
105,106,0
106,116,0
107,100,0
108,120,0
109,100,0
110,96,0
111,498,1
112,814,1
113,108,0
114,100,0
115,108,0
116,98,0
117,114,0
118,100,0
119,98,0
120,512,1
121,824,1
122,110,0
123,118,0
124,108,0
125,108,0
126,110,0
127,100,0
128,98,0
129,106,0
130,114,0
131,108,0
132,120,0
133,114,0
134,110,0
135,114,0
136,94,0
137,100,0
138,98,0
139,108,0
140,512,1
141,104,0
142,112,0
143,100,0
144,120,0
145,104,0
146,108,0
147,104,0
148,104,0
149,104,0
150,108,0
151,124,0
152,104,0
153,108,0
154,104,0
155,96,0
156,98,0
157,108,0
158,540,1
159,108,0
160,104,0
161,108,0
162,104,0
163,114,0
164,104,0
165,110,0
166,96,0
167,124,0
168,98,0
169,100,0
170,118,0
171,106,0
172,114,0
173,100,0
174,110,0
175,110,0
176,104,0
177,96,0
178,98,0
179,100,0
180,124,0
181,116,0
182,106,0
183,106,0
184,114,0
185,110,0
186,110,0
187,112,0
188,108,0
189,112,0
190,114,0
191,106,0
192,98,0
193,98,0
194,98,0
195,108,0
196,506,1
197,824,1
198,104,0
199,114,0
200,102,0
201,142,0
202,112,0
203,98,0
204,98,0
205,96,0
206,110,0
207,112,0
208,112,0
209,114,0
210,108,0
211,108,0
212,100,0
213,540,1
214,114,0
215,110,0
216,110,0
217,108,0
218,108,0
219,98,0
220,108,0
221,100,0
222,108,0
223,100,0
224,96,0
225,126,0
226,100,0
227,114,0
228,108,0
229,106,0
230,112,0
231,102,0
232,112,0
233,102,0
234,104,0
235,106,0
236,132,0
237,108,0
238,96,0
239,114,0
240,98,0
241,112,0
242,94,0
243,104,0
244,508,1
245,96,0
246,106,0
247,110,0
248,106,0
249,104,0
250,108,0
251,114,0
252,108,0
253,104,0
254,104,0
255,96,0
256,98,0
257,106,0
258,102,0
259,110,0
260,100,0
261,114,0
262,104,0
263,104,0
264,114,0
265,114,0
266,102,0
267,112,0
268,116,0
269,110,0
270,102,0
271,106,0
272,108,0
273,110,0
274,96,0
275,108,0
276,100,0
277,100,0
278,516,1
279,104,0
280,120,0
281,98,0
282,104,0
283,120,0
284,110,0
285,102,0
286,104,0
287,114,0
288,114,0
289,118,0
290,110,0
291,106,0
292,104,0
293,100,0
294,112,0
295,94,0
296,110,0
297,98,0
298,98,0
299,110,0
300,512,1
301,106,0
302,102,0
303,108,0
304,124,0
305,116,0
306,96,0
307,106,0
308,100,0
309,122,0
310,100,0
311,106,0
312,108,0
313,106,0
314,110,0
315,108,0
316,110,0
317,100,0
318,110,0
319,100,0
320,102,0
321,100,0
322,98,0
323,100,0
324,824,1
325,110,0
326,104,0
327,112,0
328,98,0
329,104,0
330,98,0
331,106,0
332,98,0
333,96,0
334,94,0
335,108,0
336,110,0
337,100,0
338,106,0
339,114,0
340,108,0
341,102,0
342,106,0
343,104,0
344,108,0
345,100,0
346,114,0
347,94,0
348,96,0
349,116,0
350,96,0
351,114,0
352,106,0
353,114,0
354,108,0
355,100,0
356,530,1
357,110,0
358,104,0
359,120,0
360,108,0
361,118,0
362,118,0
363,818,1
364,112,0
365,100,0
366,106,0
367,100,0
368,108,0
369,100,0
370,114,0
371,112,0
372,114,0
373,110,0
374,96,0
375,100,0
376,510,1
377,118,0
378,104,0
379,104,0
380,108,0
381,98,0
382,100,0
383,106,0
384,104,0
385,108,0
386,114,0
387,106,0
388,98,0
389,96,0
390,110,0
391,102,0
392,108,0
393,104,0
394,106,0
395,96,0
396,116,0
397,100,0
398,104,0
399,112,0
400,110,0
401,104,0
402,118,0
403,106,0
404,98,0
405,530,1
406,104,0
407,110,0
408,106,0
409,100,0
410,98,0
411,510,1
412,104,0
413,106,0
414,104,0
415,110,0
416,100,0
417,98,0
418,110,0
419,108,0
420,104,0
421,98,0
422,108,0
423,98,0
424,98,0
425,512,1
426,98,0
427,108,0
428,136,0
429,110,0
430,100,0
431,104,0
432,102,0
433,108,0
434,110,0
435,114,0
436,114,0
437,100,0
438,112,0
439,98,0
440,536,1
441,110,0
442,100,0
443,112,0
444,100,0
445,524,1
446,106,0
447,108,0
448,108,0
449,96,0
450,100,0
451,506,1
452,98,0
453,108,0
454,100,0
455,106,0
456,100,0
457,100,0
458,524,1
459,112,0
460,104,0
461,104,0
462,102,0
463,96,0
464,114,0
465,108,0
466,104,0
467,110,0
468,98,0
469,100,0
470,514,1
471,808,1
472,110,0
473,104,0
474,106,0
475,94,0
476,94,0
477,516,1
478,106,0
479,110,0
480,104,0
481,108,0
482,96,0
483,104,0
484,118,0
485,106,0
486,108,0
487,114,0
488,110,0
489,108,0
490,100,0
491,100,0
492,100,0
493,532,1
494,840,1
495,110,0
496,132,0
497,104,0
498,98,0
499,110,0
500,100,0
501,518,1
502,106,0
503,100,0
504,108,0
505,94,0
506,114,0
507,98,0
508,96,0
509,110,0
510,114,0
511,106,0
512,820,1
513,114,0
514,102,0
515,108,0
516,98,0
517,100,0
518,112,0
519,100,0
520,110,0
521,110,0
522,106,0
523,138,0
524,108,0
525,100,0
526,112,0
527,100,0
528,110,0
529,108,0
530,100,0
531,110,0
532,98,0
533,110,0
534,100,0
535,114,0
536,110,0
537,816,1
538,104,0
539,102,0
540,118,0
541,100,0
542,108,0
543,102,0
544,100,0
545,110,0
546,96,0
547,106,0
548,98,0
549,100,0
550,526,1
551,106,0
552,100,0
553,98,0
554,100,0
555,508,1
556,832,1
557,108,0
558,108,0
559,106,0
560,98,0
561,104,0
562,110,0
563,104,0
564,108,0
565,122,0
566,108,0
567,100,0
568,100,0
569,108,0
570,114,0
571,110,0
572,128,0
573,108,0
574,98,0
575,96,0
576,104,0
577,128,0
578,114,0
579,96,0
580,110,0
581,100,0
582,96,0
583,108,0
584,110,0
585,104,0
586,132,0
587,102,0
588,100,0
589,120,0
590,118,0
591,114,0
592,114,0
593,108,0
594,110,0
595,96,0
596,100,0
597,114,0
598,108,0
599,116,0
600,100,0
601,108,0
602,98,0
603,514,1
604,112,0
605,104,0
606,108,0
607,108,0
608,106,0
609,98,0
610,118,0
611,100,0
612,106,0
613,104,0
614,118,0
615,110,0
616,114,0
617,108,0
618,100,0
619,98,0
620,114,0
621,814,1
622,112,0
623,104,0
624,118,0
625,112,0
626,108,0
627,98,0
628,118,0
629,110,0
630,108,0
631,106,0
632,100,0
633,118,0
634,100,0
635,108,0
636,110,0
637,852,1
638,112,0
639,106,0
640,110,0
641,100,0
642,98,0
643,110,0
644,100,0
645,98,0
646,134,0
647,112,0
648,96,0
649,506,1
650,106,0
651,108,0
652,110,0
653,122,0
654,102,0
655,100,0
656,100,0
657,502,1
658,848,1
659,104,0
660,110,0
661,110,0
662,98,0
663,96,0
664,106,0
665,104,0
666,112,0
667,102,0
668,104,0
669,110,0
670,110,0
671,94,0
672,114,0
673,98,0
674,104,0
675,106,0
676,114,0
677,110,0
678,114,0
679,108,0
680,98,0
681,106,0
682,100,0
683,94,0
684,108,0
685,824,1
686,108,0
687,126,0
688,110,0
689,98,0
690,100,0
691,508,1
692,96,0
693,110,0
694,102,0
695,104,0
696,94,0
697,108,0
698,100,0
699,100,0
700,104,0
701,108,0
702,108,0
703,114,0
704,108,0
705,100,0
706,112,0
707,126,0
708,104,0
709,98,0
710,114,0
711,100,0
712,100,0
713,112,0
714,114,0
715,104,0
716,100,0
717,110,0
718,132,0
719,108,0
720,100,0
721,104,0
722,106,0
723,506,1
724,118,0
725,142,0
726,106,0
727,96,0
728,94,0
729,114,0
730,102,0
731,108,0
732,102,0
733,112,0
734,98,0
735,114,0
736,96,0
737,98,0
738,494,1
739,122,0
740,108,0
741,96,0
742,112,0
743,98,0
744,108,0
745,110,0
746,114,0
747,104,0
748,118,0
749,108,0
750,98,0
751,108,0
752,492,1
753,108,0
754,106,0
755,136,0
756,108,0
757,96,0
758,96,0
759,104,0
760,96,0
761,108,0
762,104,0
763,108,0
764,98,0
765,98,0
766,116,0
767,112,0
768,114,0
769,98,0
770,108,0
771,96,0
772,522,1
773,114,0
774,830,1
775,108,0
776,104,0
777,106,0
778,92,0
779,98,0
780,492,1
781,100,0
782,108,0
783,128,0
784,104,0
785,102,0
786,104,0
787,100,0
788,110,0
789,94,0
790,100,0
791,106,0
792,100,0
793,108,0
794,98,0
795,100,0
796,104,0
797,104,0
798,110,0
799,98,0
800,110,0
801,98,0
802,508,1
803,108,0
804,836,1
805,108,0
806,120,0
807,110,0
808,96,0
809,538,1
810,104,0
811,100,0
812,108,0
813,98,0
814,108,0
815,100,0
816,120,0
817,110,0
818,100,0
819,112,0
820,98,0
821,94,0
822,110,0
823,102,0
824,106,0
825,822,1
826,106,0
827,116,0
828,114,0
829,100,0
830,106,0
831,98,0
832,96,0
833,108,0
834,100,0
835,108,0
836,108,0
837,110,0
838,100,0
839,108,0
840,110,0
841,106,0
842,108,0
843,100,0
844,106,0
845,98,0
846,100,0
847,108,0
848,122,0
849,104,0
850,118,0
851,108,0
852,100,0
853,110,0
854,100,0
855,104,0
856,104,0
857,102,0
858,108,0
859,120,0
860,108,0
861,98,0
862,110,0
863,118,0
864,530,1
865,102,0
866,100,0
867,110,0
868,838,1
869,108,0
870,120,0
871,106,0
872,96,0
873,110,0
874,104,0
875,110,0
876,112,0
877,106,0
878,110,0
879,100,0
880,108,0
881,98,0
882,100,0
883,110,0
884,828,1
885,110,0
886,134,0
887,106,0
888,98,0
889,106,0
890,494,1
891,832,1
892,108,0
893,96,0
894,108,0
895,112,0
896,96,0
897,106,0
898,102,0
899,114,0
900,94,0
901,108,0
902,98,0
903,102,0
904,108,0
905,838,1
906,110,0
907,100,0
908,110,0
909,104,0
910,820,1
911,112,0
912,110,0
913,112,0
914,96,0
915,508,1
916,110,0
917,110,0
918,104,0
919,112,0
920,106,0
921,100,0
922,114,0
923,114,0
924,826,1
925,102,0
926,104,0
927,106,0
928,100,0
929,104,0
930,100,0
931,106,0
932,106,0
933,844,1
934,104,0
935,104,0
936,110,0
937,96,0
938,100,0
939,118,0
940,124,0
941,108,0
942,130,0
943,110,0
944,100,0
945,100,0
946,114,0
947,112,0
948,110,0
949,102,0
950,106,0
951,98,0
952,106,0
953,98,0
954,96,0
955,116,0
956,104,0
957,114,0
958,104,0
959,114,0
960,94,0
961,100,0
962,102,0
963,114,0
964,110,0
965,128,0
966,110,0
967,110,0
968,114,0
969,94,0
970,106,0
971,98,0
972,100,0
973,524,1
974,102,0
975,110,0
976,124,0
977,104,0
978,114,0
979,106,0
980,112,0
981,104,0
982,112,0
983,108,0
984,120,0
985,108,0
986,92,0
987,104,0
988,496,1
989,114,0
990,100,0
991,830,1
992,104,0
993,114,0
994,110,0
995,96,0
996,98,0
997,508,1
998,108,0
999,110,0
1000,108,0
1001,104,0
1002,532,1
1003,104,0
1004,104,0
1005,106,0
1006,104,0
1007,100,0
1008,100,0
1009,528,1
1010,828,1
1011,110,0
1012,136,0
1013,112,0
1014,96,0
1015,108,0
1016,120,0
1017,106,0
1018,116,0
1019,108,0
1020,116,0
1021,846,1
1022,110,0
1023,132,0
1024,108,0
1025,94,0
1026,94,0
1027,106,0
1028,112,0
1029,106,0
1030,98,0
1031,104,0
1032,94,0
1033,98,0
1034,512,1
1035,824,1
1036,110,0
1037,102,0
1038,110,0
1039,110,0
1040,106,0
1041,98,0
1042,104,0
1043,100,0
1044,110,0
1045,106,0
1046,122,0
1047,108,0
1048,98,0
1049,100,0
1050,510,1
1051,836,1
1052,112,0
1053,100,0
1054,116,0
1055,100,0
1056,108,0
1057,112,0
1058,104,0
1059,110,0
1060,96,0
1061,94,0
1062,106,0
1063,830,1
1064,106,0
1065,126,0
1066,104,0
1067,96,0
1068,100,0
1069,500,1
1070,104,0
1071,102,0
1072,124,0
1073,108,0
1074,98,0
1075,96,0
1076,110,0
1077,100,0
1078,110,0
1079,106,0
1080,108,0
1081,98,0
1082,104,0
1083,108,0
1084,118,0
1085,108,0
1086,110,0
1087,110,0
1088,100,0
1089,98,0
1090,508,1
1091,816,1
1092,110,0
1093,112,0
1094,104,0
1095,96,0
1096,106,0
1097,100,0
1098,102,0
1099,106,0
1100,98,0
1101,108,0
1102,98,0
1103,96,0
1104,108,0
1105,104,0
1106,114,0
1107,98,0
1108,98,0
1109,514,1
1110,104,0
1111,110,0
1112,98,0
1113,108,0
1114,98,0
1115,106,0
1116,120,0
1117,108,0
1118,112,0
1119,100,0
1120,106,0
1121,114,0
1122,112,0
1123,100,0
1124,104,0
1125,522,1
1126,100,0
1127,110,0
1128,104,0
1129,102,0
1130,120,0
1131,106,0
1132,98,0
1133,98,0
1134,516,1
1135,104,0
1136,110,0
1137,98,0
1138,110,0
1139,100,0
1140,100,0
1141,108,0
1142,108,0
1143,108,0
1144,112,0
1145,112,0
1146,98,0
1147,104,0
1148,106,0
1149,120,0
1150,114,0
1151,96,0
1152,106,0
1153,96,0
1154,114,0
1155,114,0
1156,106,0
1157,114,0
1158,112,0
1159,110,0
1160,108,0
1161,104,0
1162,102,0
1163,104,0
1164,106,0
1165,98,0
1166,98,0
1167,528,1
1168,104,0
1169,108,0
1170,108,0
1171,106,0
1172,108,0
1173,106,0
1174,96,0
1175,100,0
1176,106,0
1177,114,0
1178,110,0
1179,104,0
1180,100,0
1181,100,0
1182,116,0
1183,110,0
1184,100,0
1185,106,0
1186,106,0
1187,106,0
1188,96,0
1189,106,0
1190,94,0
1191,538,1
1192,108,0
1193,116,0
1194,118,0
1195,100,0
1196,104,0
1197,98,0
1198,526,1
1199,118,0
1200,126,0
1201,106,0
1202,118,0
1203,114,0
1204,98,0
1205,94,0
1206,116,0
1207,120,0
1208,110,0
1209,128,0
1210,110,0
1211,98,0
1212,108,0
1213,100,0
1214,104,0
1215,112,0
1216,110,0
1217,116,0
1218,108,0
1219,106,0
1220,100,0
1221,98,0
1222,114,0
1223,114,0
1224,100,0
1225,118,0
1226,108,0
1227,98,0
1228,108,0
1229,94,0
1230,812,1
1231,104,0
1232,100,0
1233,108,0
1234,100,0
1235,102,0
1236,108,0
1237,110,0
1238,100,0
1239,104,0
1240,104,0
1241,104,0
1242,110,0
1243,98,0
1244,114,0
1245,110,0
1246,110,0
1247,100,0
1248,100,0
1249,500,1
1250,812,1
1251,114,0
1252,118,0
1253,106,0
1254,94,0
1255,100,0
1256,114,0
1257,510,1
1258,108,0
1259,118,0
1260,108,0
1261,114,0
1262,108,0
1263,98,0
1264,98,0
1265,104,0
1266,814,1
1267,110,0
1268,114,0
1269,110,0
1270,100,0
1271,108,0
1272,98,0
1273,100,0
1274,106,0
1275,844,1
1276,108,0
1277,136,0
1278,114,0
1279,98,0
1280,96,0
1281,106,0
1282,108,0
1283,106,0
1284,134,0
1285,104,0
1286,98,0
1287,100,0
1288,496,1
1289,104,0
1290,108,0
1291,100,0
1292,106,0
1293,94,0
1294,108,0
1295,108,0
1296,110,0
1297,108,0
1298,118,0
1299,106,0
1300,96,0
1301,104,0
1302,96,0
1303,104,0
1304,102,0
1305,102,0
1306,112,0
1307,106,0
1308,108,0
1309,98,0
1310,108,0
1311,106,0
1312,108,0
1313,104,0
1314,100,0
1315,100,0
1316,520,1
1317,840,1
1318,114,0
1319,128,0
1320,104,0
1321,98,0
1322,98,0
1323,108,0
1324,824,1
1325,108,0
1326,100,0
1327,110,0
1328,108,0
1329,828,1
1330,114,0
1331,122,0
1332,108,0
1333,98,0
1334,98,0
1335,510,1
1336,104,0
1337,106,0
1338,102,0
1339,106,0
1340,98,0
1341,518,1
1342,110,0
1343,114,0
1344,102,0
1345,96,0
1346,110,0
1347,96,0
1348,114,0
1349,114,0
1350,124,0
1351,100,0
1352,104,0
1353,106,0
1354,100,0
1355,104,0
1356,108,0
1357,100,0
1358,108,0
1359,100,0
1360,108,0
1361,100,0
1362,106,0
1363,102,0
1364,104,0
1365,110,0
1366,96,0
1367,96,0
1368,104,0
1369,120,0
1370,110,0
1371,130,0
1372,106,0
1373,96,0
1374,98,0
1375,106,0
1376,114,0
1377,106,0
1378,98,0
1379,106,0
1380,98,0
1381,110,0
1382,118,0
1383,108,0
1384,114,0
1385,118,0
1386,106,0
1387,98,0
1388,100,0
1389,108,0
1390,128,0
1391,104,0
1392,96,0
1393,114,0
1394,96,0
1395,826,1
1396,108,0
1397,118,0
1398,110,0
1399,96,0
1400,106,0
1401,114,0
1402,122,0
1403,110,0
1404,98,0
1405,98,0
1406,108,0
1407,106,0
1408,106,0
1409,102,0
1410,104,0
1411,96,0
1412,104,0
1413,108,0
1414,102,0
1415,112,0
1416,96,0
1417,94,0
1418,506,1
1419,110,0
1420,102,0
1421,100,0
1422,110,0
1423,100,0
1424,100,0
1425,100,0
1426,110,0
1427,110,0
1428,106,0
1429,104,0
1430,100,0
1431,104,0
1432,98,0
1433,102,0
1434,110,0
1435,114,0
1436,108,0
1437,108,0
1438,108,0
1439,104,0
1440,100,0
1441,114,0
1442,108,0
1443,108,0
1444,138,0
1445,106,0
1446,96,0
1447,106,0
1448,118,0
1449,106,0
1450,106,0
1451,112,0
1452,114,0
1453,98,0
1454,98,0
1455,104,0
1456,818,1
1457,104,0
1458,130,0
1459,108,0
1460,100,0
1461,100,0
1462,114,0
1463,110,0
1464,110,0
1465,114,0
1466,110,0
1467,96,0
1468,106,0
1469,94,0
1470,104,0
1471,106,0
1472,102,0
1473,108,0
1474,98,0
1475,98,0
1476,104,0
1477,110,0
1478,104,0
1479,126,0
1480,110,0
1481,98,0
1482,98,0
1483,116,0
1484,116,0
1485,104,0
1486,96,0
1487,108,0
1488,98,0
1489,110,0
1490,108,0
1491,104,0
1492,108,0
1493,104,0
1494,104,0
1495,100,0
1496,118,0
1497,110,0
1498,104,0
1499,108,0
1500,138,0
1501,114,0
1502,98,0
1503,108,0
1504,530,1
1505,106,0
1506,108,0
1507,124,0
1508,104,0
1509,100,0
1510,118,0
1511,110,0
1512,104,0
1513,110,0
1514,114,0
1515,108,0
1516,98,0
1517,108,0
1518,100,0
1519,110,0
1520,116,0
1521,106,0
1522,104,0
1523,106,0
1524,106,0
1525,98,0
1526,124,0
1527,100,0
1528,100,0
1529,112,0
1530,110,0
1531,110,0
1532,96,0
1533,98,0
1534,108,0
1535,114,0
1536,108,0
1537,114,0
1538,108,0
1539,102,0
1540,110,0
1541,94,0
1542,108,0
1543,110,0
1544,102,0
1545,108,0
1546,118,0
1547,110,0
1548,100,0
1549,96,0
1550,104,0
1551,112,0
1552,108,0
1553,106,0
1554,106,0
1555,108,0
1556,106,0
1557,106,0
1558,104,0
1559,108,0
1560,98,0
1561,94,0
1562,512,1
1563,100,0
1564,112,0
1565,102,0
1566,110,0
1567,114,0
1568,110,0
1569,98,0
1570,114,0
1571,104,0
1572,834,1
1573,112,0
1574,98,0
1575,108,0
1576,98,0
1577,508,1
1578,104,0
1579,102,0
1580,100,0
1581,96,0
1582,106,0
1583,100,0
1584,102,0
1585,112,0
1586,108,0
1587,110,0
1588,102,0
1589,110,0
1590,100,0
1591,122,0
1592,108,0
1593,116,0
1594,104,0
1595,98,0
1596,126,0
1597,98,0
1598,106,0
1599,108,0
1600,100,0
1601,116,0
1602,94,0
1603,98,0
1604,108,0
1605,826,1
1606,108,0
1607,116,0
1608,112,0
1609,98,0
1610,108,0
1611,110,0
1612,98,0
1613,108,0
1614,104,0
1615,114,0
1616,108,0
1617,830,1
1618,110,0
1619,110,0
1620,116,0
1621,526,1
1622,822,1
1623,108,0
1624,96,0
1625,110,0
1626,98,0
1627,98,0
1628,114,0
1629,110,0
1630,110,0
1631,104,0
1632,108,0
1633,118,0
1634,108,0
1635,98,0
1636,104,0
1637,110,0
1638,108,0
1639,108,0
1640,100,0
1641,108,0
1642,98,0
1643,100,0
1644,504,1
1645,830,1
1646,110,0
1647,104,0
1648,108,0
1649,142,0
1650,108,0
1651,106,0
1652,108,0
1653,100,0
1654,104,0
1655,106,0
1656,110,0
1657,118,0
1658,102,0
1659,108,0
1660,94,0
1661,114,0
1662,104,0
1663,100,0
1664,108,0
1665,132,0
1666,102,0
1667,104,0
1668,114,0
1669,136,0
1670,108,0
1671,100,0
1672,104,0
1673,502,1
1674,108,0
1675,110,0
1676,100,0
1677,106,0
1678,118,0
1679,106,0
1680,120,0
1681,110,0
1682,120,0
1683,106,0
1684,100,0
1685,518,1
1686,108,0
1687,100,0
1688,108,0
1689,108,0
1690,108,0
1691,130,0
1692,108,0
1693,96,0
1694,108,0
1695,94,0
1696,102,0
1697,104,0
1698,104,0
1699,104,0
1700,100,0
1701,116,0
1702,110,0
1703,110,0
1704,110,0
1705,102,0
1706,110,0
1707,100,0
1708,104,0
1709,118,0
1710,102,0
1711,96,0
1712,98,0
1713,112,0
1714,112,0
1715,110,0
1716,108,0
1717,106,0
1718,102,0
1719,110,0
1720,96,0
1721,98,0
1722,124,0
1723,100,0
1724,106,0
1725,104,0
1726,102,0
1727,96,0
1728,124,0
1729,114,0
1730,828,1
1731,104,0
1732,128,0
1733,104,0
1734,94,0
1735,98,0
1736,106,0
1737,820,1
1738,106,0
1739,98,0
1740,114,0
1741,100,0
1742,112,0
1743,98,0
1744,106,0
1745,110,0
1746,100,0
1747,104,0
1748,116,0
1749,104,0
1750,98,0
1751,112,0
1752,104,0
1753,110,0
1754,108,0
1755,848,1
1756,108,0
1757,122,0
1758,100,0
1759,98,0
1760,108,0
1761,96,0
1762,116,0
1763,112,0
1764,116,0
1765,108,0
1766,832,1
1767,104,0
1768,108,0
1769,104,0
1770,98,0
1771,100,0
1772,108,0
1773,822,1
1774,108,0
1775,132,0
1776,108,0
1777,98,0
1778,108,0
1779,100,0
1780,106,0
1781,108,0
1782,120,0
1783,112,0
1784,98,0
1785,92,0
1786,110,0
1787,108,0
1788,104,0
1789,104,0
1790,108,0
1791,104,0
1792,106,0
1793,98,0
1794,96,0
1795,510,1
1796,102,0
1797,106,0
1798,122,0
1799,104,0
1800,98,0
1801,92,0
1802,114,0
1803,112,0
1804,108,0
1805,116,0
1806,108,0
1807,104,0
1808,112,0
1809,96,0
1810,124,0
1811,530,1
1812,832,1
1813,102,0
1814,100,0
1815,110,0
1816,100,0
1817,540,1
1818,108,0
1819,118,0
1820,102,0
1821,100,0
1822,104,0
1823,98,0
1824,116,0
1825,110,0
1826,104,0
1827,104,0
1828,104,0
1829,112,0
1830,96,0
1831,96,0
1832,510,1
1833,110,0
1834,104,0
1835,104,0
1836,108,0
1837,98,0
1838,98,0
1839,106,0
1840,824,1
1841,108,0
1842,104,0
1843,112,0
1844,98,0
1845,98,0
1846,106,0
1847,826,1
1848,108,0
1849,114,0
1850,110,0
1851,100,0
1852,100,0
1853,108,0
1854,100,0
1855,110,0
1856,106,0
1857,108,0
1858,104,0
1859,100,0
1860,98,0
1861,92,0
1862,102,0
1863,110,0
1864,116,0
1865,138,0
1866,104,0
1867,96,0
1868,102,0
1869,114,0
1870,100,0
1871,114,0
1872,110,0
1873,108,0
1874,118,0
1875,108,0
1876,98,0
1877,98,0
1878,508,1
1879,848,1
1880,116,0
1881,112,0
1882,112,0
1883,100,0
1884,100,0
1885,510,1
1886,108,0
1887,112,0
1888,106,0
1889,104,0
1890,98,0
1891,98,0
1892,498,1
1893,106,0
1894,106,0
1895,98,0
1896,112,0
1897,96,0
1898,110,0
1899,96,0
1900,108,0
1901,110,0
1902,106,0
1903,106,0
1904,106,0
1905,108,0
1906,822,1
1907,110,0
1908,100,0
1909,110,0
1910,100,0
1911,98,0
1912,108,0
1913,104,0
1914,108,0
1915,100,0
1916,116,0
1917,104,0
1918,112,0
1919,98,0
1920,106,0
1921,108,0
1922,838,1
1923,104,0
1924,102,0
1925,106,0
1926,100,0
1927,100,0
1928,108,0
1929,104,0
1930,106,0
1931,126,0
1932,106,0
1933,96,0
1934,108,0
1935,100,0
1936,520,1
1937,110,0
1938,100,0
1939,106,0
1940,106,0
1941,104,0
1942,96,0
1943,98,0
1944,114,0
1945,108,0
1946,104,0
1947,104,0
1948,110,0
1949,96,0
1950,120,0
1951,96,0
1952,106,0
1953,108,0
1954,118,0
1955,100,0
1956,138,0
1957,102,0
1958,100,0
1959,104,0
1960,114,0
1961,100,0
1962,108,0
1963,106,0
1964,106,0
1965,114,0
1966,104,0
1967,130,0
1968,104,0
1969,98,0
1970,98,0
1971,510,1
1972,100,0
1973,108,0
1974,816,1
1975,110,0
1976,126,0
1977,110,0
1978,98,0
1979,106,0
1980,96,0
1981,540,1
1982,110,0
1983,102,0
1984,104,0
1985,98,0
1986,102,0
1987,98,0
1988,100,0
1989,502,1
1990,128,0
1991,110,0
1992,100,0
1993,110,0
1994,100,0
1995,100,0
1996,108,0
1997,104,0
1998,94,0
1999,110,0
2000,98,0
2001,96,0
2002,114,0
2003,110,0
2004,102,0
2005,108,0
2006,116,0
2007,136,0
2008,114,0
2009,100,0
2010,98,0
2011,504,1
2012,108,0
2013,108,0
2014,108,0
2015,106,0
2016,98,0
2017,98,0
2018,498,1
2019,114,0
2020,104,0
2021,98,0
2022,102,0
2023,98,0
2024,522,1
2025,110,0
2026,110,0
2027,110,0
2028,108,0
2029,108,0
2030,94,0
2031,100,0
2032,108,0
2033,846,1
2034,112,0
2035,116,0
2036,110,0
2037,102,0
2038,100,0
2039,534,1
2040,828,1
2041,110,0
2042,114,0
2043,106,0
2044,94,0
2045,100,0
2046,106,0
2047,98,0
2048,114,0
2049,118,0
2050,110,0
2051,94,0
2052,110,0
2053,96,0
2054,114,0
2055,94,0
2056,516,1
2057,108,0
2058,104,0
2059,106,0
2060,106,0
2061,114,0
2062,106,0
2063,110,0
2064,100,0
2065,98,0
2066,118,0
2067,830,1
2068,106,0
2069,106,0
2070,110,0
2071,94,0
2072,96,0
2073,110,0
2074,838,1
2075,108,0
2076,104,0
2077,114,0
2078,96,0
2079,100,0
2080,116,0
2081,112,0
2082,106,0
2083,108,0
2084,108,0
2085,98,0
2086,114,0
2087,114,0
2088,516,1
2089,116,0
2090,98,0
2091,106,0
2092,104,0
2093,104,0
2094,98,0
2095,508,1
2096,106,0
2097,110,0
2098,108,0
2099,102,0
2100,110,0
2101,96,0
2102,98,0
2103,512,1
2104,104,0
2105,108,0
2106,106,0
2107,110,0
2108,104,0
2109,106,0
2110,128,0
2111,106,0
2112,120,0
2113,108,0
2114,100,0
2115,96,0
2116,104,0
2117,844,1
2118,118,0
2119,114,0
2120,104,0
2121,100,0
2122,104,0
2123,96,0
2124,102,0
2125,94,0
2126,100,0
2127,104,0
2128,104,0
2129,108,0
2130,820,1
2131,104,0
2132,134,0
2133,100,0
2134,100,0
2135,110,0
2136,100,0
2137,108,0
2138,108,0
2139,102,0
2140,104,0
2141,108,0
2142,114,0
2143,98,0
2144,98,0
2145,510,1
2146,120,0
2147,110,0
2148,828,1
2149,104,0
2150,110,0
2151,114,0
2152,96,0
2153,102,0
2154,508,1
2155,108,0
2156,114,0
2157,132,0
2158,108,0
2159,98,0
2160,110,0
2161,96,0
2162,94,0
2163,104,0
2164,114,0
2165,110,0
2166,100,0
2167,108,0
2168,106,0
2169,104,0
2170,100,0
2171,96,0
2172,106,0
2173,100,0
2174,110,0
2175,106,0
2176,118,0
2177,100,0
2178,108,0
2179,120,0
2180,114,0
2181,100,0
2182,114,0
2183,98,0
2184,96,0
2185,106,0
2186,846,1
2187,110,0
2188,122,0
2189,114,0
2190,98,0
2191,98,0
2192,112,0
2193,820,1
2194,106,0
2195,112,0
2196,110,0
2197,98,0
2198,96,0
2199,104,0
2200,100,0
2201,112,0
2202,112,0
2203,104,0
2204,120,0
2205,108,0
2206,100,0
2207,108,0
2208,98,0
2209,516,1
2210,106,0
2211,110,0
2212,112,0
2213,108,0
2214,114,0
2215,104,0
2216,104,0
2217,98,0
2218,522,1
2219,108,0
2220,104,0
2221,110,0
2222,104,0
2223,110,0
2224,100,0
2225,98,0
2226,118,0
2227,116,0
2228,112,0
2229,128,0
2230,110,0
2231,102,0
2232,106,0
2233,100,0
2234,94,0
2235,114,0
2236,102,0
2237,110,0
2238,114,0
2239,112,0
2240,98,0
2241,112,0
2242,96,0
2243,118,0
2244,102,0
2245,100,0
2246,108,0
2247,104,0
2248,104,0
2249,100,0
2250,110,0
2251,100,0
2252,96,0
2253,122,0
2254,104,0
2255,104,0
2256,106,0
2257,104,0
2258,112,0
2259,98,0
2260,98,0
2261,520,1
2262,106,0
2263,108,0
2264,128,0
2265,108,0
2266,108,0
2267,108,0
2268,96,0
2269,106,0
2270,98,0
2271,98,0
2272,104,0
2273,114,0
2274,110,0
2275,124,0
2276,108,0
2277,100,0
2278,96,0
2279,108,0
2280,116,0
2281,106,0
2282,130,0
2283,110,0
2284,96,0
2285,110,0
2286,114,0
2287,810,1
2288,104,0
2289,96,0
2290,114,0
2291,98,0
2292,114,0
2293,108,0
2294,102,0
2295,114,0
2296,112,0
2297,108,0
2298,110,0
2299,106,0
2300,100,0
2301,522,1
2302,114,0
2303,102,0
2304,110,0
2305,100,0
2306,116,0
2307,94,0
2308,536,1
2309,110,0
2310,106,0
2311,100,0
2312,118,0
2313,108,0
2314,100,0
2315,98,0
2316,522,1
2317,110,0
2318,106,0
2319,98,0
2320,100,0
2321,508,1
2322,826,1
2323,108,0
2324,110,0
2325,108,0
2326,98,0
2327,100,0
2328,116,0
2329,114,0
2330,104,0
2331,128,0
2332,110,0
2333,100,0
2334,100,0
2335,502,1
2336,108,0
2337,104,0
2338,120,0
2339,108,0
2340,100,0
2341,128,0
2342,98,0
2343,538,1
2344,104,0
2345,106,0
2346,104,0
2347,124,0
2348,108,0
2349,100,0
2350,112,0
2351,112,0
2352,104,0
2353,112,0
2354,108,0
2355,106,0
2356,96,0
2357,98,0
2358,108,0
2359,120,0
2360,104,0
2361,122,0
2362,104,0
2363,92,0
2364,100,0
2365,104,0
2366,100,0
2367,114,0
2368,96,0
2369,116,0
2370,114,0
2371,98,0
2372,108,0
2373,96,0
2374,108,0
2375,100,0
2376,108,0
2377,110,0
2378,110,0
2379,108,0
2380,104,0
2381,106,0
2382,104,0
2383,108,0
2384,98,0
2385,100,0
2386,110,0
2387,838,1
2388,104,0
2389,126,0
2390,106,0
2391,98,0
2392,104,0
2393,96,0
2394,114,0
2395,108,0
2396,104,0
2397,108,0
2398,116,0
2399,106,0
2400,104,0
2401,106,0
2402,98,0
2403,114,0
2404,112,0
2405,116,0
2406,108,0
2407,104,0
2408,100,0
2409,100,0
2410,108,0
2411,98,0
2412,838,1
2413,104,0
2414,98,0
2415,122,0
2416,110,0
2417,100,0
2418,104,0
2419,100,0
2420,108,0
2421,100,0
2422,96,0
2423,524,1
2424,112,0
2425,104,0
2426,130,0
2427,108,0
2428,96,0
2429,96,0
2430,110,0
2431,824,1
2432,108,0
2433,108,0
2434,104,0
2435,100,0
2436,98,0
2437,508,1
2438,822,1
2439,108,0
2440,102,0
2441,108,0
2442,98,0
2443,100,0
2444,524,1
2445,828,1
2446,102,0
2447,112,0
2448,106,0
2449,100,0
2450,100,0
2451,108,0
2452,108,0
2453,106,0
2454,102,0
2455,108,0
2456,104,0
2457,114,0
2458,108,0
2459,106,0
2460,108,0
2461,106,0
2462,110,0
2463,100,0
2464,108,0
2465,106,0
2466,110,0
2467,114,0
2468,118,0
2469,108,0
2470,96,0
2471,94,0
2472,122,0
2473,114,0
2474,104,0
2475,98,0
2476,114,0
2477,98,0
2478,104,0
2479,106,0
2480,104,0
2481,104,0
2482,106,0
2483,104,0
2484,98,0
2485,108,0
2486,96,0
2487,104,0
2488,102,0
2489,544,1
2490,112,0
2491,102,0
2492,108,0
2493,122,0
2494,104,0
2495,98,0
2496,98,0
2497,506,1
2498,114,0
2499,106,0
2500,104,0
2501,108,0
2502,98,0
2503,98,0
2504,106,0
2505,102,0
2506,104,0
2507,108,0
2508,106,0
2509,104,0
2510,108,0
2511,96,0
2512,98,0
2513,104,0
2514,106,0
2515,114,0
2516,108,0
2517,106,0
2518,118,0
2519,120,0
2520,96,0
2521,100,0
2522,98,0
2523,514,1
2524,112,0
2525,112,0
2526,106,0
2527,100,0
2528,100,0
2529,502,1
2530,120,0
2531,102,0
2532,96,0
2533,114,0
2534,98,0
2535,94,0
2536,110,0
2537,112,0
2538,106,0
2539,114,0
2540,110,0
2541,136,0
2542,108,0
2543,98,0
2544,118,0
2545,96,0
2546,510,1
2547,112,0
2548,110,0
2549,114,0
2550,120,0
2551,114,0
2552,100,0
2553,112,0
2554,96,0
2555,526,1
2556,116,0
2557,108,0
2558,114,0
2559,118,0
2560,104,0
2561,92,0
2562,106,0
2563,98,0
2564,110,0
2565,104,0
2566,110,0
2567,104,0
2568,96,0
2569,108,0
2570,96,0
2571,108,0
2572,106,0
2573,102,0
2574,110,0
2575,96,0
2576,98,0
2577,498,1
2578,104,0
2579,108,0
2580,114,0
2581,108,0
2582,98,0
2583,98,0
2584,116,0
2585,110,0
2586,108,0
2587,134,0
2588,108,0
2589,98,0
2590,102,0
2591,98,0
2592,114,0
2593,108,0
2594,98,0
2595,106,0
2596,100,0
2597,98,0
2598,502,1
2599,116,0
2600,106,0
2601,100,0
2602,112,0
2603,98,0
2604,96,0
2605,108,0
2606,104,0
2607,100,0
2608,108,0
2609,108,0
2610,126,0
2611,108,0
2612,100,0
2613,124,0
2614,530,1
2615,822,1
2616,108,0
2617,124,0
2618,104,0
2619,96,0
2620,98,0
2621,508,1
2622,102,0
2623,104,0
2624,104,0
2625,110,0
2626,114,0
2627,108,0
2628,94,0
2629,506,1
2630,106,0
2631,114,0
2632,106,0
2633,102,0
2634,108,0
2635,94,0
2636,100,0
2637,116,0
2638,106,0
2639,110,0
2640,110,0
2641,108,0
2642,100,0
2643,110,0
2644,114,0
2645,108,0
2646,106,0
2647,110,0
2648,110,0
2649,128,0
2650,108,0
2651,94,0
2652,100,0
2653,114,0
2654,112,0
2655,108,0
2656,126,0
2657,108,0
2658,102,0
2659,110,0
2660,94,0
2661,94,0
2662,106,0
2663,818,1
2664,108,0
2665,98,0
2666,102,0
2667,130,0
2668,110,0
2669,100,0
2670,108,0
2671,98,0
2672,96,0
2673,112,0
2674,824,1
2675,108,0
2676,100,0
2677,98,0
2678,504,1
2679,104,0
2680,114,0
2681,100,0
2682,100,0
2683,96,0
2684,100,0
2685,106,0
2686,110,0
2687,106,0
2688,98,0
2689,94,0
2690,114,0
2691,818,1
2692,104,0
2693,108,0
2694,116,0
2695,114,0
2696,96,0
2697,114,0
2698,104,0
2699,104,0
2700,110,0
2701,106,0
2702,96,0
2703,98,0
2704,110,0
2705,106,0
2706,110,0
2707,104,0
2708,106,0
2709,114,0
2710,104,0
2711,100,0
2712,96,0
2713,112,0
2714,102,0
2715,110,0
2716,104,0
2717,108,0
2718,118,0
2719,110,0
2720,94,0
2721,96,0
2722,528,1
2723,112,0
2724,104,0
2725,138,0
2726,110,0
2727,100,0
2728,102,0
2729,110,0
2730,828,1
2731,108,0
2732,98,0
2733,106,0
2734,96,0
2735,110,0
2736,106,0
2737,104,0
2738,108,0
2739,128,0
2740,106,0
2741,94,0
2742,520,1
2743,114,0
2744,838,1
2745,108,0
2746,124,0
2747,106,0
2748,94,0
2749,110,0
2750,498,1
2751,820,1
2752,114,0
2753,118,0
2754,110,0
2755,98,0
2756,98,0
2757,108,0
2758,110,0
2759,108,0
2760,114,0
2761,106,0
2762,94,0
2763,100,0
2764,108,0
2765,814,1
2766,108,0
2767,114,0
2768,104,0
2769,98,0
2770,106,0
2771,114,0
2772,116,0
2773,104,0
2774,114,0
2775,104,0
2776,96,0
2777,518,1
2778,110,0
2779,106,0
2780,118,0
2781,124,0
2782,108,0
2783,94,0
2784,104,0
2785,98,0
2786,106,0
2787,104,0
2788,108,0
2789,110,0
2790,94,0
2791,102,0
2792,96,0
2793,100,0
2794,110,0
2795,836,1
2796,108,0
2797,100,0
2798,108,0
2799,96,0
2800,124,0
2801,114,0
2802,100,0
2803,112,0
2804,98,0
2805,96,0
2806,108,0
2807,104,0
2808,112,0
2809,98,0
2810,104,0
2811,100,0
2812,512,1
2813,108,0
2814,112,0
2815,106,0
2816,120,0
2817,104,0
2818,100,0
2819,98,0
2820,108,0
2821,830,1
2822,110,0
2823,122,0
2824,106,0
2825,114,0
2826,532,1
2827,108,0
2828,840,1
2829,112,0
2830,102,0
2831,104,0
2832,100,0
2833,100,0
2834,112,0
2835,106,0
2836,110,0
2837,104,0
2838,118,0
2839,100,0
2840,98,0
2841,104,0
2842,108,0
2843,106,0
2844,98,0
2845,100,0
2846,104,0
2847,852,1
2848,106,0
2849,104,0
2850,110,0
2851,96,0
2852,528,1
2853,108,0
2854,108,0
2855,110,0
2856,130,0
2857,108,0
2858,94,0
2859,96,0
2860,516,1
2861,98,0
2862,108,0
2863,108,0
2864,108,0
2865,100,0
2866,108,0
2867,98,0
2868,100,0
2869,104,0
2870,108,0
2871,114,0
2872,98,0
2873,106,0
2874,98,0
2875,520,1
2876,110,0
2877,824,1
2878,106,0
2879,100,0
2880,94,0
2881,512,1
2882,104,0
2883,114,0
2884,100,0
2885,104,0
2886,98,0
2887,98,0
2888,500,1
2889,110,0
2890,110,0
2891,102,0
2892,104,0
2893,94,0
2894,96,0
2895,508,1
2896,114,0
2897,108,0
2898,98,0
2899,104,0
2900,96,0
2901,98,0
2902,106,0
2903,106,0
2904,106,0
2905,108,0
2906,116,0
2907,96,0
2908,520,1
2909,112,0
2910,128,0
2911,112,0
2912,98,0
2913,96,0
2914,536,1
2915,104,0
2916,110,0
2917,106,0
2918,116,0
2919,96,0
2920,98,0
2921,114,0
2922,104,0
2923,106,0
2924,98,0
2925,96,0
2926,510,1
2927,98,0
2928,106,0
2929,102,0
2930,110,0
2931,98,0
2932,94,0
2933,498,1
2934,108,0
2935,106,0
2936,104,0
2937,104,0
2938,96,0
2939,110,0
2940,110,0
2941,104,0
2942,108,0
2943,116,0
2944,110,0
2945,94,0
2946,96,0
2947,106,0
2948,106,0
2949,104,0
2950,114,0
2951,114,0
2952,100,0
2953,92,0
2954,124,0
2955,106,0
2956,108,0
2957,98,0
2958,108,0
2959,96,0
2960,104,0
2961,96,0
2962,108,0
2963,108,0
2964,94,0
2965,104,0
2966,496,1
2967,822,1
2968,110,0
2969,120,0
2970,104,0
2971,100,0
2972,108,0
2973,96,0
2974,126,0
2975,98,0
2976,98,0
2977,116,0
2978,114,0
2979,114,0
2980,112,0
2981,108,0
2982,98,0
2983,108,0
2984,94,0
2985,106,0
2986,108,0
2987,106,0
2988,110,0
2989,122,0
2990,108,0
2991,96,0
2992,108,0
2993,98,0
2994,824,1
2995,104,0
2996,102,0
2997,104,0
2998,100,0
2999,536,1
3000,106,0
3001,108,0
3002,110,0
3003,100,0
3004,110,0
3005,100,0
3006,100,0
3007,112,0
3008,102,0
3009,108,0
3010,98,0
3011,106,0
3012,104,0
3013,96,0
3014,108,0
3015,100,0
3016,108,0
3017,96,0
3018,108,0
3019,98,0
3020,100,0
3021,114,0
3022,102,0
3023,104,0
3024,108,0
3025,100,0
3026,104,0
3027,106,0
3028,98,0
3029,118,0
3030,108,0
3031,118,0
3032,110,0
3033,104,0
3034,104,0
3035,96,0
3036,102,0
3037,114,0
3038,100,0
3039,126,0
3040,98,0
3041,98,0
3042,494,1
3043,112,0
3044,108,0
3045,108,0
3046,110,0
3047,98,0
3048,116,0
3049,100,0
3050,108,0
3051,104,0
3052,112,0
3053,106,0
3054,98,0
3055,108,0
3056,100,0
3057,102,0
3058,110,0
3059,102,0
3060,114,0
3061,104,0
3062,104,0
3063,96,0
3064,104,0
3065,94,0
3066,524,1
3067,110,0
3068,104,0
3069,108,0
3070,102,0
3071,106,0
3072,518,1
3073,110,0
3074,110,0
3075,104,0
3076,112,0
3077,100,0
3078,98,0
3079,110,0
3080,520,1
3081,112,0
3082,114,0
3083,108,0
3084,124,0
3085,104,0
3086,96,0
3087,104,0
3088,96,0
3089,98,0
3090,120,0
3091,110,0
3092,114,0
3093,94,0
3094,104,0
3095,520,1
3096,104,0
3097,110,0
3098,100,0
3099,108,0
3100,98,0
3101,118,0
3102,106,0
3103,100,0
3104,110,0
3105,114,0
3106,104,0
3107,120,0
3108,110,0
3109,98,0
3110,106,0
3111,110,0
3112,110,0
3113,110,0
3114,128,0
3115,110,0
3116,96,0
3117,100,0
3118,500,1
3119,110,0
3120,108,0
3121,130,0
3122,110,0
3123,100,0
3124,524,1
3125,118,0
3126,104,0
3127,108,0
3128,108,0
3129,108,0
3130,110,0
3131,116,0
3132,110,0
3133,98,0
3134,100,0
3135,106,0
3136,100,0
3137,112,0
3138,102,0
3139,128,0
3140,98,0
3141,98,0
3142,512,1
3143,108,0
3144,104,0
3145,126,0
3146,114,0
3147,96,0
3148,98,0
3149,132,0
3150,108,0
3151,110,0
3152,116,0
3153,104,0
3154,124,0
3155,106,0
3156,94,0
3157,98,0
3158,526,1
3159,108,0
3160,104,0
3161,110,0
3162,106,0
3163,100,0
3164,112,0
3165,104,0
3166,112,0
3167,104,0
3168,98,0
3169,110,0
3170,98,0
3171,104,0
3172,118,0
3173,112,0
3174,106,0
3175,100,0
3176,106,0
3177,100,0
3178,110,0
3179,98,0
3180,834,1
3181,102,0
3182,102,0
3183,104,0
3184,104,0
3185,100,0
3186,110,0
3187,98,0
3188,110,0
3189,122,0
3190,108,0
3191,94,0
3192,98,0
3193,508,1
3194,100,0
3195,108,0
3196,108,0
3197,106,0
3198,100,0
3199,108,0
3200,98,0
3201,104,0
3202,104,0
3203,104,0
3204,106,0
3205,104,0
3206,110,0
3207,132,0
3208,104,0
3209,94,0
3210,106,0
3211,98,0
3212,102,0
3213,106,0
3214,122,0
3215,110,0
3216,98,0
3217,98,0
3218,106,0
3219,102,0
3220,106,0
3221,136,0
3222,110,0
3223,94,0
3224,104,0
3225,102,0
3226,820,1
3227,110,0
3228,114,0
3229,106,0
3230,100,0
3231,100,0
3232,116,0
3233,104,0
3234,104,0
3235,116,0
3236,104,0
3237,96,0
3238,98,0
3239,512,1
3240,108,0
3241,106,0
3242,104,0
3243,114,0
3244,102,0
3245,110,0
3246,98,0
3247,110,0
3248,98,0
3249,104,0
3250,106,0
3251,840,1
3252,108,0
3253,104,0
3254,114,0
3255,100,0
3256,98,0
3257,108,0
3258,104,0
3259,104,0
3260,98,0
3261,110,0
3262,112,0
3263,116,0
3264,100,0
3265,98,0
3266,500,1
3267,100,0
3268,110,0
3269,122,0
3270,104,0
3271,98,0
3272,100,0
3273,110,0
3274,120,0
3275,106,0
3276,100,0
3277,114,0
3278,104,0
3279,100,0
3280,530,1
3281,108,0
3282,106,0
3283,118,0
3284,108,0
3285,98,0
3286,114,0
3287,104,0
3288,106,0
3289,112,0
3290,96,0
3291,98,0
3292,508,1
3293,120,0
3294,108,0
3295,112,0
3296,108,0
3297,100,0
3298,104,0
3299,110,0
3300,104,0
3301,110,0
3302,98,0
3303,500,1
3304,110,0
3305,104,0
3306,108,0
3307,98,0
3308,514,1
3309,120,0
3310,104,0
3311,116,0
3312,104,0
3313,104,0
3314,130,0
3315,104,0
3316,96,0
3317,108,0
3318,100,0
3319,106,0
3320,108,0
3321,100,0
3322,108,0
3323,98,0
3324,100,0
3325,116,0
3326,832,1
3327,110,0
3328,146,0
3329,108,0
3330,96,0
3331,100,0
3332,106,0
3333,102,0
3334,108,0
3335,100,0
3336,94,0
3337,512,1
3338,110,0
3339,108,0
3340,124,0
3341,110,0
3342,98,0
3343,110,0
3344,100,0
3345,100,0
3346,518,1
3347,108,0
3348,114,0
3349,96,0
3350,108,0
3351,100,0
3352,106,0
3353,104,0
3354,502,1
3355,114,0
3356,826,1
3357,110,0
3358,110,0
3359,108,0
3360,100,0
3361,96,0
3362,108,0
3363,108,0
3364,112,0
3365,100,0
3366,104,0
3367,92,0
3368,100,0
3369,516,1
3370,848,1
3371,104,0
3372,110,0
3373,110,0
3374,100,0
3375,96,0
3376,110,0
3377,104,0
3378,108,0
3379,114,0
3380,104,0
3381,136,0
3382,114,0
3383,100,0
3384,92,0
3385,118,0
3386,108,0
3387,104,0
3388,114,0
3389,106,0
3390,100,0
3391,98,0
3392,514,1
3393,108,0
3394,114,0
3395,102,0
3396,110,0
3397,98,0
3398,96,0
3399,114,0
3400,126,0
3401,110,0
3402,114,0
3403,112,0
3404,96,0
3405,100,0
3406,110,0
3407,110,0
3408,104,0
3409,114,0
3410,104,0
3411,98,0
3412,100,0
3413,104,0
3414,826,1
3415,106,0
3416,100,0
3417,104,0
3418,100,0
3419,104,0
3420,110,0
3421,106,0
3422,108,0
3423,104,0
3424,106,0
3425,98,0
3426,100,0
3427,104,0
3428,100,0
3429,110,0
3430,102,0
3431,110,0
3432,116,0
3433,106,0
3434,104,0
3435,834,1
3436,114,0
3437,118,0
3438,112,0
3439,96,0
3440,512,1
3441,114,0
3442,102,0
3443,110,0
3444,100,0
3445,104,0
3446,98,0
3447,542,1
3448,108,0
3449,108,0
3450,112,0
3451,120,0
3452,114,0
3453,98,0
3454,96,0
3455,104,0
3456,118,0
3457,110,0
3458,96,0
3459,110,0
3460,100,0
3461,106,0
3462,114,0
3463,134,0
3464,104,0
3465,98,0
3466,540,1
3467,106,0
3468,108,0
3469,104,0
3470,132,0
3471,112,0
3472,100,0
3473,108,0
3474,98,0
3475,514,1
3476,108,0
3477,114,0
3478,102,0
3479,102,0
3480,108,0
3481,96,0
3482,108,0
3483,96,0
3484,96,0
3485,108,0
3486,118,0
3487,108,0
3488,116,0
3489,108,0
3490,98,0
3491,100,0
3492,104,0
3493,118,0
3494,106,0
3495,112,0
3496,110,0
3497,100,0
3498,98,0
3499,510,1
3500,808,1
3501,100,0
3502,102,0
3503,108,0
3504,98,0
3505,110,0
3506,524,1
3507,104,0
3508,104,0
3509,136,0
3510,114,0
3511,100,0
3512,100,0
3513,118,0
3514,112,0
3515,110,0
3516,102,0
3517,104,0
3518,96,0
3519,98,0
3520,114,0
3521,128,0
3522,104,0
3523,128,0
3524,108,0
3525,114,0
3526,108,0
3527,98,0
3528,108,0
3529,502,1
3530,826,1
3531,106,0
3532,106,0
3533,114,0
3534,100,0
3535,110,0
3536,110,0
3537,102,0
3538,108,0
3539,98,0
3540,98,0
3541,516,1
3542,100,0
3543,108,0
3544,104,0
3545,106,0
3546,100,0
3547,104,0
3548,96,0
3549,104,0
3550,98,0
3551,100,0
3552,106,0
3553,116,0
3554,114,0
3555,110,0
3556,118,0
3557,124,0
3558,108,0
3559,100,0
3560,100,0
3561,512,1
3562,108,0
3563,104,0
3564,100,0
3565,106,0
3566,96,0
3567,108,0
3568,102,0
3569,110,0
3570,104,0
3571,108,0
3572,108,0
3573,118,0
3574,106,0
3575,100,0
3576,108,0
3577,110,0
3578,842,1
3579,110,0
3580,96,0
3581,96,0
3582,508,1
3583,114,0
3584,108,0
3585,104,0
3586,104,0
3587,108,0
3588,108,0
3589,108,0
3590,104,0
3591,108,0
3592,104,0
3593,110,0
3594,100,0
3595,114,0
3596,112,0
3597,114,0
3598,108,0
3599,128,0
3600,110,0
3601,94,0
3602,100,0
3603,492,1
3604,102,0
3605,104,0
3606,98,0
3607,102,0
3608,96,0
3609,100,0
3610,106,0
3611,112,0
3612,114,0
3613,98,0
3614,108,0
3615,100,0
3616,520,1
3617,112,0
3618,100,0
3619,104,0
3620,96,0
3621,96,0
3622,508,1
3623,106,0
3624,108,0
3625,118,0
3626,112,0
3627,98,0
3628,126,0
3629,108,0
3630,108,0
3631,104,0
3632,102,0
3633,112,0
3634,108,0
3635,110,0
3636,96,0
3637,114,0
3638,98,0
3639,100,0
3640,108,0
3641,104,0
3642,110,0
3643,104,0
3644,110,0
3645,126,0
3646,110,0
3647,100,0
3648,530,1
3649,116,0
3650,128,0
3651,106,0
3652,110,0
3653,104,0
3654,100,0
3655,540,1
3656,110,0
3657,112,0
3658,110,0
3659,114,0
3660,114,0
3661,96,0
3662,126,0
3663,102,0
3664,112,0
3665,108,0
3666,124,0
3667,114,0
3668,98,0
3669,530,1
3670,110,0
3671,114,0
3672,110,0
3673,104,0
3674,112,0
3675,98,0
3676,110,0
3677,98,0
3678,104,0
3679,114,0
3680,810,1
3681,108,0
3682,108,0
3683,104,0
3684,94,0
3685,106,0
3686,98,0
3687,498,1
3688,108,0
3689,820,1
3690,106,0
3691,104,0
3692,108,0
3693,94,0
3694,114,0
3695,104,0
3696,108,0
3697,108,0
3698,110,0
3699,106,0
3700,104,0
3701,108,0
3702,104,0
3703,100,0
3704,108,0
3705,104,0
3706,108,0
3707,100,0
3708,110,0
3709,100,0
3710,106,0
3711,94,0
3712,98,0
3713,108,0
3714,116,0
3715,108,0
3716,98,0
3717,104,0
3718,98,0
3719,540,1
3720,104,0
3721,822,1
3722,104,0
3723,140,0
3724,114,0
3725,96,0
3726,102,0
3727,514,1
3728,820,1
3729,114,0
3730,118,0
3731,108,0
3732,100,0
3733,98,0
3734,498,1
3735,104,0
3736,114,0
3737,98,0
3738,106,0
3739,96,0
3740,104,0
3741,110,0
3742,104,0
3743,104,0
3744,98,0
3745,100,0
3746,506,1
3747,110,0
3748,110,0
3749,120,0
3750,104,0
3751,98,0
3752,100,0
3753,104,0
3754,108,0
3755,104,0
3756,136,0
3757,110,0
3758,98,0
3759,102,0
3760,502,1
3761,106,0
3762,102,0
3763,104,0
3764,112,0
3765,104,0
3766,818,1
3767,104,0
3768,120,0
3769,106,0
3770,96,0
3771,104,0
3772,110,0
3773,106,0
3774,108,0
3775,100,0
3776,110,0
3777,100,0
3778,110,0
3779,102,0
3780,104,0
3781,108,0
3782,100,0
3783,98,0
3784,510,1
3785,104,0
3786,106,0
3787,100,0
3788,98,0
3789,516,1
3790,110,0
3791,110,0
3792,104,0
3793,108,0
3794,98,0
3795,516,1
3796,104,0
3797,100,0
3798,110,0
3799,106,0
3800,102,0
3801,100,0
3802,100,0
3803,104,0
3804,96,0
3805,114,0
3806,112,0
3807,110,0
3808,104,0
3809,110,0
3810,96,0
3811,534,1
3812,110,0
3813,114,0
3814,110,0
3815,118,0
3816,114,0
3817,96,0
3818,98,0
3819,110,0
3820,128,0
3821,108,0
3822,124,0
3823,110,0
3824,98,0
3825,98,0
3826,106,0
3827,104,0
3828,108,0
3829,110,0
3830,110,0
3831,98,0
3832,522,1
3833,100,0
3834,114,0
3835,108,0
3836,96,0
3837,100,0
3838,528,1
3839,108,0
3840,110,0
3841,114,0
3842,108,0
3843,98,0
3844,116,0
3845,106,0
3846,106,0
3847,108,0
3848,112,0
3849,108,0
3850,98,0
3851,98,0
3852,112,0
3853,110,0
3854,108,0
3855,110,0
3856,110,0
3857,96,0
3858,94,0
3859,106,0
3860,112,0
3861,104,0
3862,120,0
3863,102,0
3864,98,0
3865,100,0
3866,108,0
3867,106,0
3868,104,0
3869,102,0
3870,108,0
3871,96,0
3872,94,0
3873,118,0
3874,110,0
3875,114,0
3876,118,0
3877,116,0
3878,94,0
3879,118,0
3880,104,0
3881,114,0
3882,100,0
3883,108,0
3884,104,0
3885,102,0
3886,98,0
3887,112,0
3888,98,0
3889,110,0
3890,100,0
3891,98,0
3892,510,1
3893,108,0
3894,108,0
3895,114,0
3896,110,0
3897,100,0
3898,104,0
3899,100,0
3900,104,0
3901,100,0
3902,96,0
3903,512,1
3904,100,0
3905,108,0
3906,114,0
3907,104,0
3908,102,0
3909,106,0
3910,100,0
3911,108,0
3912,98,0
3913,532,1
3914,104,0
3915,100,0
3916,106,0
3917,98,0
3918,108,0
3919,110,0
3920,110,0
3921,98,0
3922,96,0
3923,108,0
3924,824,1
3925,110,0
3926,118,0
3927,108,0
3928,98,0
3929,98,0
3930,112,0
3931,824,1
3932,104,0
3933,118,0
3934,114,0
3935,100,0
3936,104,0
3937,122,0
3938,824,1
3939,108,0
3940,110,0
3941,114,0
3942,98,0
3943,100,0
3944,116,0
3945,124,0
3946,108,0
3947,98,0
3948,110,0
3949,524,1
3950,108,0
3951,106,0
3952,118,0
3953,114,0
3954,100,0
3955,820,1
3956,104,0
3957,102,0
3958,106,0
3959,100,0
3960,114,0
3961,96,0
3962,98,0
3963,108,0
3964,104,0
3965,108,0
3966,114,0
3967,110,0
3968,98,0
3969,94,0
3970,514,1
3971,102,0
3972,110,0
3973,108,0
3974,104,0
3975,100,0
3976,104,0
3977,100,0
3978,94,0
3979,108,0
3980,102,0
3981,108,0
3982,106,0
3983,108,0
3984,102,0
3985,98,0
3986,528,1
3987,538,1
3988,106,0
3989,114,0
3990,110,0
3991,134,0
3992,104,0
3993,96,0
3994,94,0
3995,508,1
3996,94,0
3997,110,0
3998,100,0
3999,106,0
4000,100,0
4001,106,0
4002,98,0
4003,116,0
4004,98,0
4005,114,0
4006,100,0
4007,98,0
4008,104,0
4009,110,0
4010,102,0
4011,118,0
4012,104,0
4013,98,0
4014,98,0
4015,110,0
4016,822,1
4017,106,0
4018,130,0
4019,104,0
4020,102,0
4021,106,0
4022,96,0
4023,100,0
4024,516,1
4025,104,0
4026,108,0
4027,110,0
4028,108,0
4029,124,0
4030,108,0
4031,98,0
4032,98,0
4033,502,1
4034,104,0
4035,108,0
4036,126,0
4037,110,0
4038,96,0
4039,100,0
4040,510,1
4041,104,0
4042,110,0
4043,104,0
4044,112,0
4045,98,0
4046,106,0
4047,96,0
4048,98,0
4049,106,0
4050,108,0
4051,112,0
4052,134,0
4053,108,0
4054,98,0
4055,96,0
4056,492,1
4057,824,1
4058,106,0
4059,126,0
4060,108,0
4061,100,0
4062,98,0
4063,118,0
4064,114,0
4065,104,0
4066,120,0
4067,108,0
4068,98,0
4069,98,0
4070,104,0
4071,102,0
4072,104,0
4073,104,0
4074,104,0
4075,118,0
4076,110,0
4077,110,0
4078,104,0
4079,98,0
4080,98,0
4081,510,1
4082,122,0
4083,106,0
4084,132,0
4085,106,0
4086,104,0
4087,108,0
4088,98,0
4089,96,0
4090,502,1
4091,116,0
4092,110,0
4093,120,0
4094,124,0
4095,104,0
4096,94,0
4097,110,0
4098,114,0
4099,112,0
4100,104,0
4101,102,0
4102,96,0
4103,116,0
4104,114,0
4105,108,0
4106,104,0
4107,128,0
4108,104,0
4109,100,0
4110,102,0
4111,106,0
4112,118,0
4113,104,0
4114,98,0
4115,102,0
4116,96,0
4117,98,0
4118,110,0
4119,110,0
4120,104,0
4121,124,0
4122,104,0
4123,98,0
4124,96,0
4125,108,0
4126,114,0
4127,114,0
4128,104,0
4129,108,0
4130,98,0
4131,108,0
4132,100,0
4133,106,0
4134,114,0
4135,104,0
4136,104,0
4137,118,0
4138,104,0
4139,100,0
4140,98,0
4141,104,0
4142,110,0
4143,118,0
4144,104,0
4145,106,0
4146,94,0
4147,124,0
4148,108,0
4149,118,0
4150,108,0
4151,98,0
4152,100,0
4153,104,0
4154,820,1
4155,100,0
4156,124,0
4157,106,0
4158,100,0
4159,98,0
4160,508,1
4161,840,1
4162,106,0
4163,136,0
4164,110,0
4165,98,0
4166,98,0
4167,112,0
4168,104,0
4169,110,0
4170,98,0
4171,108,0
4172,100,0
4173,98,0
4174,502,1
4175,108,0
4176,116,0
4177,134,0
4178,106,0
4179,98,0
4180,106,0
4181,98,0
4182,106,0
4183,108,0
4184,116,0
4185,108,0
4186,104,0
4187,106,0
4188,96,0
4189,512,1
4190,110,0
4191,126,0
4192,106,0
4193,120,0
4194,112,0
4195,98,0
4196,108,0
4197,100,0
4198,128,0
4199,110,0
4200,112,0
4201,108,0
4202,124,0
4203,104,0
4204,96,0
4205,100,0
4206,532,1
4207,102,0
4208,118,0
4209,98,0
4210,110,0
4211,104,0
4212,108,0
4213,98,0
4214,98,0
4215,114,0
4216,110,0
4217,100,0
4218,112,0
4219,106,0
4220,100,0
4221,110,0
4222,92,0
4223,98,0
4224,492,1
4225,104,0
4226,104,0
4227,98,0
4228,108,0
4229,98,0
4230,100,0
4231,514,1
4232,108,0
4233,110,0
4234,124,0
4235,104,0
4236,94,0
4237,106,0
4238,108,0
4239,110,0
4240,108,0
4241,100,0
4242,106,0
4243,94,0
4244,118,0
4245,108,0
4246,110,0
4247,110,0
4248,134,0
4249,108,0
4250,100,0
4251,116,0
4252,530,1
4253,100,0
4254,108,0
4255,108,0
4256,104,0
4257,98,0
4258,102,0
4259,114,0
4260,100,0
4261,98,0
4262,116,0
4263,110,0
4264,134,0
4265,110,0
4266,96,0
4267,104,0
4268,100,0
4269,100,0
4270,104,0
4271,100,0
4272,110,0
4273,828,1
4274,110,0
4275,128,0
4276,108,0
4277,104,0
4278,94,0
4279,506,1
4280,110,0
4281,104,0
4282,98,0
4283,108,0
4284,98,0
4285,114,0
4286,112,0
4287,108,0
4288,108,0
4289,106,0
4290,114,0
4291,100,0
4292,102,0
4293,108,0
4294,100,0
4295,106,0
4296,110,0
4297,116,0
4298,98,0
4299,108,0
4300,104,0
4301,110,0
4302,100,0
4303,100,0
4304,108,0
4305,846,1
4306,104,0
4307,106,0
4308,108,0
4309,98,0
4310,106,0
4311,108,0
4312,106,0
4313,110,0
4314,112,0
4315,110,0
4316,96,0
4317,100,0
4318,512,1
4319,108,0
4320,108,0
4321,108,0
4322,108,0
4323,104,0
4324,108,0
4325,92,0
4326,104,0
4327,112,0
4328,506,1
4329,104,0
4330,846,1
4331,110,0
4332,98,0
4333,104,0
4334,100,0
4335,104,0
4336,98,0
4337,118,0
4338,110,0
4339,822,1
4340,108,0
4341,104,0
4342,110,0
4343,96,0
4344,104,0
4345,98,0
4346,116,0
4347,114,0
4348,102,0
4349,108,0
4350,98,0
4351,114,0
4352,110,0
4353,100,0
4354,104,0
4355,100,0
4356,100,0
4357,100,0
4358,104,0
4359,96,0
4360,530,1
4361,108,0
4362,118,0
4363,104,0
4364,96,0
4365,100,0
4366,514,1
4367,832,1
4368,104,0
4369,120,0
4370,110,0
4371,100,0
4372,104,0
4373,118,0
4374,114,0
4375,106,0
4376,104,0
4377,106,0
4378,100,0
4379,840,1
4380,106,0
4381,110,0
4382,110,0
4383,96,0
4384,100,0
4385,104,0
4386,100,0
4387,106,0
4388,102,0
4389,100,0
4390,104,0
4391,104,0
4392,104,0
4393,104,0
4394,108,0
4395,110,0
4396,114,0
4397,100,0
4398,100,0
4399,116,0
4400,118,0
4401,104,0
4402,104,0
4403,100,0
4404,502,1
4405,116,0
4406,102,0
4407,96,0
4408,100,0
4409,118,0
4410,824,1
4411,114,0
4412,128,0
4413,104,0
4414,96,0
4415,96,0
4416,108,0
4417,100,0
4418,110,0
4419,104,0
4420,110,0
4421,100,0
4422,108,0
4423,100,0
4424,98,0
4425,110,0
4426,100,0
4427,104,0
4428,104,0
4429,110,0
4430,96,0
4431,100,0
4432,514,1
4433,128,0
4434,112,0
4435,114,0
4436,110,0
4437,98,0
4438,110,0
4439,118,0
4440,106,0
4441,104,0
4442,98,0
4443,112,0
4444,96,0
4445,118,0
4446,108,0
4447,104,0
4448,110,0
4449,100,0
4450,108,0
4451,106,0
4452,820,1
4453,114,0
4454,110,0
4455,114,0
4456,96,0
4457,110,0
4458,114,0
4459,114,0
4460,108,0
4461,100,0
4462,110,0
4463,104,0
4464,832,1
4465,114,0
4466,108,0
4467,104,0
4468,100,0
4469,104,0
4470,112,0
4471,108,0
4472,114,0
4473,120,0
4474,110,0
4475,98,0
4476,98,0
4477,526,1
4478,104,0
4479,110,0
4480,106,0
4481,112,0
4482,98,0
4483,98,0
4484,508,1
4485,106,0
4486,108,0
4487,112,0
4488,104,0
4489,96,0
4490,510,1
4491,108,0
4492,108,0
4493,106,0
4494,98,0
4495,106,0
4496,102,0
4497,106,0
4498,110,0
4499,104,0
4500,108,0
4501,104,0
4502,104,0
4503,516,1
4504,824,1
4505,114,0
4506,120,0
4507,106,0
4508,100,0
4509,98,0
4510,116,0
4511,108,0
4512,112,0
4513,122,0
4514,122,0
4515,100,0
4516,100,0
4517,492,1
4518,104,0
4519,108,0
4520,100,0
4521,108,0
4522,106,0
4523,110,0
4524,98,0
4525,518,1
4526,110,0
4527,112,0
4528,104,0
4529,100,0
4530,98,0
4531,512,1
4532,104,0
4533,100,0
4534,114,0
4535,104,0
4536,140,0
4537,104,0
4538,96,0
4539,100,0
4540,104,0
4541,100,0
4542,110,0
4543,120,0
4544,108,0
4545,104,0
4546,106,0
4547,96,0
4548,108,0
4549,106,0
4550,100,0
4551,112,0
4552,100,0
4553,102,0
4554,114,0
4555,104,0
4556,106,0
4557,98,0
4558,110,0
4559,100,0
4560,96,0
4561,108,0
4562,106,0
4563,112,0
4564,114,0
4565,106,0
4566,98,0
4567,98,0
4568,114,0
4569,100,0
4570,114,0
4571,106,0
4572,110,0
4573,98,0
4574,100,0
4575,114,0
4576,108,0
4577,100,0
4578,98,0
4579,98,0
4580,506,1
4581,836,1
4582,104,0
4583,120,0
4584,106,0
4585,100,0
4586,98,0
4587,108,0
4588,112,0
4589,116,0
4590,106,0
4591,104,0
4592,98,0
4593,116,0
4594,110,0
4595,108,0
4596,118,0
4597,118,0
4598,110,0
4599,98,0
4600,96,0
4601,108,0
4602,804,1
4603,110,0
4604,128,0
4605,112,0
4606,98,0
4607,96,0
4608,122,0
4609,108,0
4610,114,0
4611,110,0
4612,102,0
4613,98,0
4614,506,1
4615,108,0
4616,126,0
4617,110,0
4618,100,0
4619,112,0
4620,100,0
4621,852,1
4622,110,0
4623,118,0
4624,106,0
4625,108,0
4626,100,0
4627,110,0
4628,132,0
4629,106,0
4630,98,0
4631,116,0
4632,114,0
4633,114,0
4634,108,0
4635,130,0
4636,108,0
4637,104,0
4638,120,0
4639,108,0
4640,98,0
4641,108,0
4642,94,0
4643,512,1
4644,104,0
4645,108,0
4646,104,0
4647,96,0
4648,120,0
4649,102,0
4650,104,0
4651,110,0
4652,100,0
4653,108,0
4654,98,0
4655,116,0
4656,98,0
4657,524,1
4658,106,0
4659,114,0
4660,108,0
4661,104,0
4662,106,0
4663,98,0
4664,108,0
4665,100,0
4666,120,0
4667,112,0
4668,110,0
4669,106,0
4670,100,0
4671,106,0
4672,96,0
4673,108,0
4674,98,0
4675,96,0
4676,108,0
4677,110,0
4678,104,0
4679,104,0
4680,108,0
4681,98,0
4682,96,0
4683,494,1
4684,104,0
4685,114,0
4686,100,0
4687,104,0
4688,810,1
4689,112,0
4690,108,0
4691,106,0
4692,98,0
4693,510,1
4694,118,0
4695,824,1
4696,114,0
4697,122,0
4698,102,0
4699,120,0
4700,106,0
4701,110,0
4702,108,0
4703,96,0
4704,104,0
4705,512,1
4706,822,1
4707,114,0
4708,96,0
4709,114,0
4710,98,0
4711,100,0
4712,532,1
4713,512,1
4714,110,0
4715,110,0
4716,104,0
4717,96,0
4718,110,0
4719,512,1
4720,108,0
4721,110,0
4722,96,0
4723,104,0
4724,530,1
4725,102,0
4726,104,0
4727,100,0
4728,108,0
4729,96,0
4730,104,0
4731,96,0
4732,110,0
4733,108,0
4734,110,0
4735,114,0
4736,122,0
4737,114,0
4738,100,0
4739,118,0
4740,110,0
4741,104,0
4742,110,0
4743,110,0
4744,104,0
4745,98,0
4746,100,0
4747,524,1
4748,102,0
4749,114,0
4750,108,0
4751,98,0
4752,98,0
4753,524,1
4754,108,0
4755,116,0
4756,110,0
4757,96,0
4758,98,0
4759,510,1
4760,126,0
4761,102,0
4762,96,0
4763,100,0
4764,516,1
4765,108,0
4766,108,0
4767,96,0
4768,100,0
4769,506,1
4770,820,1
4771,108,0
4772,118,0
4773,110,0
4774,98,0
4775,108,0
4776,100,0
4777,104,0
4778,110,0
4779,114,0
4780,110,0
4781,116,0
4782,112,0
4783,100,0
4784,108,0
4785,98,0
4786,536,1
4787,116,0
4788,114,0
4789,106,0
4790,100,0
4791,112,0
4792,108,0
4793,120,0
4794,108,0
4795,116,0
4796,104,0
4797,116,0
4798,110,0
4799,112,0
4800,110,0
4801,116,0
4802,110,0
4803,98,0
4804,120,0
4805,108,0
4806,106,0
4807,104,0
4808,100,0
4809,98,0
4810,118,0
4811,114,0
4812,116,0
4813,94,0
4814,98,0
4815,108,0
4816,106,0
4817,106,0
4818,116,0
4819,114,0
4820,100,0
4821,104,0
4822,496,1
4823,102,0
4824,106,0
4825,104,0
4826,112,0
4827,100,0
4828,110,0
4829,100,0
4830,118,0
4831,108,0
4832,124,0
4833,112,0
4834,104,0
4835,104,0
4836,96,0
4837,530,1
4838,110,0
4839,108,0
4840,112,0
4841,104,0
4842,114,0
4843,100,0
4844,104,0
4845,520,1
4846,114,0
4847,108,0
4848,108,0
4849,106,0
4850,128,0
4851,100,0
4852,114,0
4853,120,0
4854,120,0
4855,108,0
4856,110,0
4857,104,0
4858,104,0
4859,100,0
4860,112,0
4861,100,0
4862,104,0
4863,100,0
4864,104,0
4865,108,0
4866,108,0
4867,108,0
4868,100,0
4869,108,0
4870,104,0
4871,124,0
4872,104,0
4873,108,0
4874,108,0
4875,118,0
4876,108,0
4877,94,0
4878,98,0
4879,104,0
4880,124,0
4881,108,0
4882,98,0
4883,104,0
4884,100,0
4885,516,1
4886,110,0
4887,110,0
4888,108,0
4889,104,0
4890,110,0
4891,98,0
4892,112,0
4893,98,0
4894,92,0
4895,106,0
4896,108,0
4897,106,0
4898,108,0
4899,104,0
4900,96,0
4901,98,0
4902,506,1
4903,838,1
4904,110,0
4905,98,0
4906,108,0
4907,100,0
4908,114,0
4909,106,0
4910,104,0
4911,106,0
4912,100,0
4913,124,0
4914,104,0
4915,120,0
4916,106,0
4917,102,0
4918,104,0
4919,100,0
4920,104,0
4921,98,0
4922,92,0
4923,116,0
4924,106,0
4925,112,0
4926,112,0
4927,106,0
4928,96,0
4929,100,0
4930,100,0
4931,98,0
4932,116,0
4933,104,0
4934,106,0
4935,124,0
4936,106,0
4937,110,0
4938,108,0
4939,100,0
4940,102,0
4941,110,0
4942,824,1
4943,116,0
4944,114,0
4945,108,0
4946,94,0
4947,98,0
4948,494,1
4949,100,0
4950,108,0
4951,96,0
4952,108,0
4953,90,0
4954,104,0
4955,114,0
4956,846,1
4957,112,0
4958,128,0
4959,108,0
4960,102,0
4961,96,0
4962,106,0
4963,820,1
4964,104,0
4965,122,0
4966,112,0
4967,100,0
4968,100,0
4969,524,1
4970,836,1
4971,110,0
4972,104,0
4973,104,0
4974,100,0
4975,106,0
4976,108,0
4977,104,0
4978,112,0
4979,106,0
4980,106,0
4981,100,0
4982,114,0
4983,90,0
4984,532,1
4985,108,0
4986,100,0
4987,104,0
4988,94,0
4989,94,0
4990,528,1
4991,104,0
4992,108,0
4993,112,0
4994,108,0
4995,98,0
4996,104,0
4997,114,0
4998,108,0
4999,112,0
5000,114,0
5001,106,0
5002,96,0
5003,114,0
5004,98,0
5005,498,1
5006,108,0
5007,104,0
5008,116,0
5009,110,0
5010,108,0
5011,98,0
5012,98,0
5013,534,1
5014,108,0
5015,110,0
5016,114,0
5017,102,0
5018,100,0
5019,106,0
5020,492,1
5021,118,0
5022,112,0
5023,128,0
5024,110,0
5025,100,0
5026,100,0
5027,506,1
5028,840,1
5029,110,0
5030,138,0
5031,110,0
5032,100,0
5033,512,1
5034,108,0
5035,122,0
5036,116,0
5037,100,0
5038,108,0
5039,100,0
5040,116,0
5041,98,0
5042,824,1
5043,114,0
5044,114,0
5045,108,0
5046,96,0
5047,104,0
5048,100,0
5049,106,0
5050,108,0
5051,110,0
5052,114,0
5053,120,0
5054,106,0
5055,98,0
5056,100,0
5057,96,0
5058,116,0
5059,118,0
5060,112,0
5061,106,0
5062,130,0
5063,114,0
5064,100,0
5065,108,0
5066,98,0
5067,100,0
5068,108,0
5069,852,1
5070,110,0
5071,106,0
5072,108,0
5073,98,0
5074,106,0
5075,104,0
5076,104,0
5077,110,0
5078,106,0
5079,104,0
5080,98,0
5081,102,0
5082,114,0
5083,110,0
5084,110,0
5085,94,0
5086,108,0
5087,98,0
5088,98,0
5089,498,1
5090,824,1
5091,108,0
5092,104,0
5093,108,0
5094,98,0
5095,98,0
5096,104,0
5097,824,1
5098,110,0
5099,104,0
5100,110,0
5101,100,0
5102,98,0
5103,118,0
5104,108,0
5105,104,0
5106,98,0
5107,116,0
5108,96,0
5109,104,0
5110,108,0
5111,118,0
5112,116,0
5113,118,0
5114,110,0
5115,102,0
5116,96,0
5117,504,1
5118,96,0
5119,106,0
5120,98,0
5121,110,0
5122,100,0
5123,100,0
5124,522,1
5125,100,0
5126,102,0
5127,106,0
5128,108,0
5129,104,0
5130,110,0
5131,100,0
5132,98,0
5133,104,0
5134,114,0
5135,106,0
5136,104,0
5137,110,0
5138,98,0
5139,98,0
5140,510,1
5141,112,0
5142,108,0
5143,132,0
5144,112,0
5145,96,0
5146,96,0
5147,110,0
5148,130,0
5149,108,0
5150,98,0
5151,108,0
5152,106,0
5153,114,0
5154,114,0
5155,106,0
5156,104,0
5157,104,0
5158,106,0
5159,114,0
5160,104,0
5161,100,0
5162,98,0
5163,520,1
5164,120,0
5165,106,0
5166,110,0
5167,108,0
5168,98,0
5169,100,0
5170,502,1
5171,100,0
5172,108,0
5173,828,1
5174,110,0
5175,132,0
5176,120,0
5177,98,0
5178,106,0
5179,100,0
5180,106,0
5181,108,0
5182,110,0
5183,108,0
5184,118,0
5185,108,0
5186,98,0
5187,94,0
5188,504,1
5189,110,0
5190,110,0
5191,128,0
5192,106,0
5193,100,0
5194,100,0
5195,108,0
5196,830,1
5197,108,0
5198,104,0
5199,104,0
5200,108,0
5201,102,0
5202,104,0
5203,106,0
5204,114,0
5205,98,0
5206,104,0
5207,124,0
5208,516,1
5209,106,0
5210,104,0
5211,108,0
5212,96,0
5213,112,0
5214,112,0
5215,112,0
5216,102,0
5217,122,0
5218,106,0
5219,98,0
5220,108,0
5221,98,0
5222,504,1
5223,104,0
5224,828,1
5225,114,0
5226,146,0
5227,108,0
5228,98,0
5229,100,0
5230,110,0
5231,98,0
5232,110,0
5233,100,0
5234,100,0
5235,516,1
5236,830,1
5237,108,0
5238,114,0
5239,106,0
5240,98,0
5241,94,0
5242,502,1
5243,100,0
5244,110,0
5245,100,0
5246,108,0
5247,98,0
5248,98,0
5249,508,1
5250,114,0
5251,108,0
5252,116,0
5253,112,0
5254,96,0
5255,108,0
5256,96,0
5257,98,0
5258,110,0
5259,834,1
5260,104,0
5261,104,0
5262,110,0
5263,98,0
5264,108,0
5265,104,0
5266,104,0
5267,110,0
5268,102,0
5269,104,0
5270,98,0
5271,104,0
5272,98,0
5273,110,0
5274,108,0
5275,102,0
5276,104,0
5277,98,0
5278,96,0
5279,110,0
5280,108,0
5281,106,0
5282,114,0
5283,110,0
5284,98,0
5285,100,0
5286,534,1
5287,100,0
5288,110,0
5289,114,0
5290,114,0
5291,116,0
5292,114,0
5293,98,0
5294,100,0
5295,506,1
5296,114,0
5297,102,0
5298,100,0
5299,114,0
5300,100,0
5301,100,0
5302,514,1
5303,820,1
5304,108,0
5305,110,0
5306,104,0
5307,96,0
5308,518,1
5309,102,0
5310,102,0
5311,114,0
5312,96,0
5313,102,0
5314,98,0
5315,540,1
5316,114,0
5317,104,0
5318,110,0
5319,106,0
5320,104,0
5321,102,0
5322,104,0
5323,110,0
5324,118,0
5325,96,0
5326,106,0
5327,536,1
5328,104,0
5329,104,0
5330,106,0
5331,106,0
5332,114,0
5333,112,0
5334,98,0
5335,96,0
5336,106,0
5337,104,0
5338,114,0
5339,96,0
5340,100,0
5341,524,1
5342,802,1
5343,114,0
5344,100,0
5345,110,0
5346,96,0
5347,106,0
5348,498,1
5349,114,0
5350,114,0
5351,122,0
5352,108,0
5353,96,0
5354,104,0
5355,100,0
5356,104,0
5357,106,0
5358,128,0
5359,108,0
5360,104,0
5361,108,0
5362,106,0
5363,112,0
5364,98,0
5365,98,0
5366,110,0
5367,118,0
5368,116,0
5369,108,0
5370,104,0
5371,116,0
5372,106,0
5373,96,0
5374,104,0
5375,94,0
5376,502,1
5377,106,0
5378,100,0
5379,104,0
5380,104,0
5381,104,0
5382,98,0
5383,98,0
5384,494,1
5385,108,0
5386,114,0
5387,136,0
5388,110,0
5389,100,0
5390,110,0
5391,96,0
5392,830,1
5393,104,0
5394,106,0
5395,108,0
5396,100,0
5397,108,0
5398,114,0
5399,818,1
5400,110,0
5401,96,0
5402,106,0
5403,100,0
5404,102,0
5405,104,0
5406,108,0
5407,108,0
5408,128,0
5409,108,0
5410,98,0
5411,512,1
5412,112,0
5413,104,0
5414,116,0
5415,98,0
5416,110,0
5417,100,0
5418,104,0
5419,110,0
5420,100,0
5421,104,0
5422,96,0
5423,98,0
5424,510,1
5425,104,0
5426,108,0
5427,102,0
5428,108,0
5429,100,0
5430,104,0
5431,96,0
5432,94,0
5433,114,0
5434,808,1
5435,102,0
5436,104,0
5437,108,0
5438,100,0
5439,108,0
5440,96,0
5441,98,0
5442,112,0
5443,106,0
5444,114,0
5445,132,0
5446,108,0
5447,98,0
5448,530,1
5449,106,0
5450,116,0
5451,110,0
5452,110,0
5453,112,0
5454,96,0
5455,104,0
5456,106,0
5457,100,0
5458,112,0
5459,126,0
5460,110,0
5461,94,0
5462,102,0
5463,106,0
5464,98,0
5465,118,0
5466,102,0
5467,102,0
5468,834,1
5469,106,0
5470,124,0
5471,106,0
5472,100,0
5473,106,0
5474,96,0
5475,94,0
5476,118,0
5477,824,1
5478,108,0
5479,116,0
5480,96,0
5481,94,0
5482,516,1
5483,112,0
5484,108,0
5485,106,0
5486,108,0
5487,108,0
5488,98,0
5489,104,0
5490,104,0
5491,104,0
5492,104,0
5493,98,0
5494,94,0
5495,106,0
5496,110,0
5497,114,0
5498,142,0
5499,108,0
5500,100,0
5501,512,1
5502,108,0
5503,112,0
5504,106,0
5505,98,0
5506,110,0
5507,96,0
5508,516,1
5509,108,0
5510,104,0
5511,106,0
5512,104,0
5513,118,0
5514,100,0
5515,94,0
5516,106,0
5517,106,0
5518,104,0
5519,126,0
5520,108,0
5521,100,0
5522,108,0
5523,106,0
5524,116,0
5525,108,0
5526,124,0
5527,104,0
5528,98,0
5529,110,0
5530,114,0
5531,114,0
5532,106,0
5533,100,0
5534,96,0
5535,110,0
5536,128,0
5537,108,0
5538,96,0
5539,108,0
5540,98,0
5541,100,0
5542,108,0
5543,100,0
5544,106,0
5545,102,0
5546,108,0
5547,100,0
5548,110,0
5549,116,0
5550,822,1
5551,106,0
5552,104,0
5553,106,0
5554,96,0
5555,100,0
5556,108,0
5557,102,0
5558,112,0
5559,110,0
5560,108,0
5561,124,0
5562,116,0
5563,98,0
5564,98,0
5565,106,0
5566,820,1
5567,102,0
5568,98,0
5569,108,0
5570,104,0
5571,108,0
5572,108,0
5573,132,0
5574,106,0
5575,96,0
5576,100,0
5577,108,0
5578,100,0
5579,110,0
5580,102,0
5581,118,0
5582,104,0
5583,110,0
5584,108,0
5585,104,0
5586,106,0
5587,98,0
5588,110,0
5589,96,0
5590,104,0
5591,102,0
5592,102,0
5593,108,0
5594,100,0
5595,112,0
5596,100,0
5597,98,0
5598,510,1
5599,108,0
5600,106,0
5601,120,0
5602,110,0
5603,94,0
5604,98,0
5605,510,1
5606,114,0
5607,110,0
5608,136,0
5609,110,0
5610,98,0
5611,96,0
5612,490,1
5613,114,0
5614,110,0
5615,100,0
5616,114,0
5617,108,0
5618,102,0
5619,110,0
5620,112,0
5621,116,0
5622,108,0
5623,108,0
5624,100,0
5625,100,0
5626,108,0
5627,104,0
5628,110,0
5629,100,0
5630,114,0
5631,96,0
5632,122,0
5633,100,0
5634,114,0
5635,110,0
5636,104,0
5637,110,0
5638,108,0
5639,118,0
5640,98,0
5641,100,0
5642,118,0
5643,810,1
5644,108,0
5645,102,0
5646,108,0
5647,98,0
5648,100,0
5649,120,0
5650,102,0
5651,106,0
5652,108,0
5653,106,0
5654,126,0
5655,110,0
5656,94,0
5657,96,0
5658,110,0
5659,834,1
5660,116,0
5661,112,0
5662,102,0
5663,100,0
5664,108,0
5665,96,0
5666,118,0
5667,110,0
5668,110,0
5669,106,0
5670,108,0
5671,108,0
5672,100,0
5673,110,0
5674,110,0
5675,118,0
5676,110,0
5677,124,0
5678,110,0
5679,98,0
5680,98,0
5681,114,0
5682,114,0
5683,108,0
5684,128,0
5685,100,0
5686,98,0
5687,110,0
5688,98,0
5689,96,0
5690,508,1
5691,96,0
5692,98,0
5693,106,0
5694,104,0
5695,94,0
5696,106,0
5697,96,0
5698,122,0
5699,114,0
5700,102,0
5701,112,0
5702,106,0
5703,108,0
5704,106,0
5705,104,0
5706,100,0
5707,100,0
5708,108,0
5709,100,0
5710,108,0
5711,108,0
5712,104,0
5713,98,0
5714,100,0
5715,98,0
5716,112,0
5717,100,0
5718,102,0
5719,110,0
5720,114,0
5721,102,0
5722,100,0
5723,100,0
5724,106,0
5725,108,0
5726,108,0
5727,112,0
5728,110,0
5729,98,0
5730,100,0
5731,106,0
5732,108,0
5733,108,0
5734,146,0
5735,108,0
5736,94,0
5737,100,0
5738,506,1
5739,108,0
5740,104,0
5741,120,0
5742,106,0
5743,100,0
5744,98,0
5745,104,0
5746,820,1
5747,112,0
5748,98,0
5749,100,0
5750,102,0
5751,130,0
5752,104,0
5753,114,0
5754,112,0
5755,100,0
5756,108,0
5757,100,0
5758,840,1
5759,110,0
5760,104,0
5761,104,0
5762,96,0
5763,504,1
5764,108,0
5765,104,0
5766,110,0
5767,96,0
5768,100,0
5769,108,0
5770,110,0
5771,104,0
5772,98,0
5773,98,0
5774,512,1
5775,832,1
5776,108,0
5777,100,0
5778,104,0
5779,100,0
5780,808,1
5781,110,0
5782,146,0
5783,106,0
5784,96,0
5785,108,0
5786,94,0
5787,100,0
5788,100,0
5789,104,0
5790,108,0
5791,108,0
5792,106,0
5793,100,0
5794,104,0
5795,104,0
5796,822,1
5797,106,0
5798,102,0
5799,110,0
5800,100,0
5801,108,0
5802,110,0
5803,110,0
5804,106,0
5805,124,0
5806,110,0
5807,96,0
5808,100,0
5809,508,1
5810,114,0
5811,110,0
5812,104,0
5813,110,0
5814,102,0
5815,126,0
5816,110,0
5817,102,0
5818,108,0
5819,102,0
5820,116,0
5821,100,0
5822,100,0
5823,516,1
5824,838,1
5825,110,0
5826,114,0
5827,108,0
5828,100,0
5829,98,0
5830,112,0
5831,124,0
5832,108,0
5833,114,0
5834,110,0
5835,96,0
5836,106,0
5837,110,0
5838,102,0
5839,104,0
5840,98,0
5841,96,0
5842,508,1
5843,100,0
5844,108,0
5845,104,0
5846,104,0
5847,100,0
5848,112,0
5849,522,1
5850,110,0
5851,106,0
5852,108,0
5853,108,0
5854,96,0
5855,98,0
5856,514,1
5857,102,0
5858,114,0
5859,110,0
5860,106,0
5861,98,0
5862,522,1
5863,110,0
5864,104,0
5865,110,0
5866,98,0
5867,112,0
5868,98,0
5869,538,1
5870,110,0
5871,818,1
5872,104,0
5873,136,0
5874,114,0
5875,98,0
5876,98,0
5877,502,1
5878,98,0
5879,104,0
5880,104,0
5881,110,0
5882,118,0
5883,110,0
5884,100,0
5885,108,0
5886,100,0
5887,100,0
5888,114,0
5889,116,0
5890,108,0
5891,122,0
5892,108,0
5893,98,0
5894,100,0
5895,114,0
5896,100,0
5897,108,0
5898,98,0
5899,110,0
5900,100,0
5901,112,0
5902,108,0
5903,122,0
5904,114,0
5905,98,0
5906,96,0
5907,516,1
5908,520,1
5909,108,0
5910,102,0
5911,110,0
5912,98,0
5913,98,0
5914,504,1
5915,118,0
5916,106,0
5917,96,0
5918,98,0
5919,112,0
5920,846,1
5921,104,0
5922,118,0
5923,114,0
5924,96,0
5925,96,0
5926,528,1
5927,822,1
5928,110,0
5929,108,0
5930,108,0
5931,104,0
5932,110,0
5933,108,0
5934,120,0
5935,104,0
5936,98,0
5937,96,0
5938,108,0
5939,102,0
5940,110,0
5941,826,1
5942,108,0
5943,104,0
5944,120,0
5945,100,0
5946,96,0
5947,118,0
5948,118,0
5949,106,0
5950,112,0
5951,110,0
5952,118,0
5953,104,0
5954,96,0
5955,100,0
5956,104,0
5957,108,0
5958,106,0
5959,100,0
5960,104,0
5961,114,0
5962,108,0
5963,104,0
5964,110,0
5965,114,0
5966,98,0
5967,98,0
5968,506,1
5969,108,0
5970,108,0
5971,112,0
5972,114,0
5973,96,0
5974,114,0
5975,108,0
5976,104,0
5977,110,0
5978,102,0
5979,110,0
5980,118,0
5981,112,0
5982,94,0
5983,96,0
5984,104,0
5985,836,1
5986,108,0
5987,102,0
5988,106,0
5989,100,0
5990,814,1
5991,104,0
5992,110,0
5993,114,0
5994,96,0
5995,112,0
5996,104,0
5997,824,1
5998,110,0
5999,114,0
6000,112,0
6001,98,0
6002,108,0
6003,108,0
6004,114,0
6005,108,0
6006,98,0
6007,100,0
6008,514,1
6009,104,0
6010,108,0
6011,100,0
6012,108,0
6013,98,0
6014,512,1
6015,110,0
6016,104,0
6017,104,0
6018,134,0
6019,106,0
6020,100,0
6021,100,0
6022,106,0
6023,106,0
6024,102,0
6025,108,0
6026,110,0
6027,108,0
6028,106,0
6029,102,0
6030,106,0
6031,502,1
6032,106,0
6033,106,0
6034,128,0
6035,114,0
6036,94,0
6037,106,0
6038,100,0
6039,100,0
6040,494,1
6041,830,1
6042,104,0
6043,104,0
6044,106,0
6045,94,0
6046,98,0
6047,114,0
6048,842,1
6049,104,0
6050,100,0
6051,104,0
6052,96,0
6053,96,0
6054,498,1
6055,98,0
6056,114,0
6057,102,0
6058,104,0
6059,98,0
6060,100,0
6061,106,0
6062,814,1
6063,108,0
6064,122,0
6065,110,0
6066,98,0
6067,104,0
6068,114,0
6069,110,0
6070,104,0
6071,124,0
6072,108,0
6073,100,0
6074,98,0
6075,528,1
6076,820,1
6077,108,0
6078,112,0
6079,114,0
6080,100,0
6081,108,0
6082,102,0
6083,104,0
6084,112,0
6085,100,0
6086,104,0
6087,98,0
6088,104,0
6089,110,0
6090,832,1
6091,104,0
6092,112,0
6093,104,0
6094,100,0
6095,102,0
6096,118,0
6097,850,1
6098,108,0
6099,112,0
6100,106,0
6101,96,0
6102,98,0
6103,488,1
6104,104,0
6105,102,0
6106,96,0
6107,104,0
6108,526,1
6109,100,0
6110,104,0
6111,124,0
6112,108,0
6113,126,0
6114,112,0
6115,96,0
6116,98,0
6117,510,1
6118,844,1
6119,108,0
6120,96,0
6121,110,0
6122,498,1
6123,822,1
6124,106,0
6125,118,0
6126,112,0
6127,94,0
6128,100,0
6129,110,0
6130,110,0
6131,104,0
6132,106,0
6133,108,0
6134,98,0
6135,112,0
6136,96,0
6137,102,0
6138,108,0
6139,102,0
6140,114,0
6141,108,0
6142,110,0
6143,122,0
6144,114,0
6145,98,0
6146,122,0
6147,100,0
6148,122,0
6149,114,0
6150,104,0
6151,98,0
6152,100,0
6153,108,0
6154,100,0
6155,106,0
6156,114,0
6157,104,0
6158,104,0
6159,106,0
6160,96,0
6161,114,0
6162,112,0
6163,828,1
6164,108,0
6165,104,0
6166,110,0
6167,104,0
6168,104,0
6169,108,0
6170,114,0
6171,110,0
6172,98,0
6173,100,0
6174,120,0
6175,108,0
6176,108,0
6177,110,0
6178,108,0
6179,108,0
6180,108,0
6181,96,0
6182,114,0
6183,516,1
6184,108,0
6185,106,0
6186,830,1
6187,110,0
6188,148,0
6189,108,0
6190,98,0
6191,118,0
6192,530,1
6193,104,0
6194,108,0
6195,118,0
6196,108,0
6197,116,0
6198,110,0
6199,120,0
6200,110,0
6201,98,0
6202,106,0
6203,518,1
6204,106,0
6205,108,0
6206,118,0
6207,108,0
6208,114,0
6209,110,0
6210,102,0
6211,102,0
6212,110,0
6213,104,0
6214,110,0
6215,98,0
6216,96,0
6217,106,0
6218,114,0
6219,108,0
6220,100,0
6221,106,0
6222,98,0
6223,94,0
6224,114,0
6225,824,1
6226,110,0
6227,108,0
6228,114,0
6229,100,0
6230,96,0
6231,506,1
6232,118,0
6233,106,0
6234,110,0
6235,104,0
6236,102,0
6237,106,0
6238,104,0
6239,108,0
6240,100,0
6241,112,0
6242,100,0
6243,104,0
6244,110,0
6245,104,0
6246,112,0
6247,104,0
6248,108,0
6249,96,0
6250,526,1
6251,114,0
6252,110,0
6253,108,0
6254,104,0
6255,108,0
6256,100,0
6257,514,1
6258,112,0
6259,110,0
6260,110,0
6261,118,0
6262,110,0
6263,118,0
6264,102,0
6265,104,0
6266,108,0
6267,92,0
6268,104,0
6269,108,0
6270,102,0
6271,108,0
6272,110,0
6273,106,0
6274,104,0
6275,100,0
6276,106,0
6277,118,0
6278,116,0
6279,106,0
6280,106,0
6281,98,0
6282,98,0
6283,104,0
6284,832,1
6285,104,0
6286,102,0
6287,110,0
6288,108,0
6289,112,0
6290,108,0
6291,110,0
6292,138,0
6293,108,0
6294,108,0
6295,110,0
6296,100,0
6297,106,0
6298,94,0
6299,98,0
6300,112,0
6301,108,0
6302,106,0
6303,96,0
6304,106,0
6305,110,0
6306,104,0
6307,126,0
6308,110,0
6309,106,0
6310,110,0
6311,94,0
6312,118,0
6313,100,0
6314,96,0
6315,540,1
6316,102,0
6317,110,0
6318,100,0
6319,110,0
6320,100,0
6321,106,0
6322,94,0
6323,102,0
6324,524,1
6325,100,0
6326,106,0
6327,96,0
6328,116,0
6329,110,0
6330,108,0
6331,100,0
6332,104,0
6333,100,0
6334,110,0
6335,104,0
6336,108,0
6337,110,0
6338,110,0
6339,110,0
6340,110,0
6341,100,0
6342,110,0
6343,100,0
6344,110,0
6345,98,0
6346,102,0
6347,506,1
6348,104,0
6349,108,0
6350,114,0
6351,108,0
6352,102,0
6353,102,0
6354,122,0
6355,106,0
6356,104,0
6357,108,0
6358,124,0
6359,104,0
6360,102,0
6361,112,0
6362,114,0
6363,108,0
6364,98,0
6365,108,0
6366,96,0
6367,104,0
6368,108,0
6369,110,0
6370,102,0
6371,102,0
6372,108,0
6373,110,0
6374,110,0
6375,98,0
6376,530,1
6377,110,0
6378,102,0
6379,104,0
6380,98,0
6381,106,0
6382,110,0
6383,104,0
6384,106,0
6385,110,0
6386,100,0
6387,104,0
6388,94,0
6389,98,0
6390,512,1
6391,98,0
6392,108,0
6393,102,0
6394,104,0
6395,128,0
6396,104,0
6397,112,0
6398,110,0
6399,96,0
6400,98,0
6401,506,1
6402,128,0
6403,106,0
6404,126,0
6405,106,0
6406,96,0
6407,96,0
6408,508,1
6409,102,0
6410,110,0
6411,104,0
6412,108,0
6413,102,0
6414,106,0
6415,100,0
6416,106,0
6417,108,0
6418,110,0
6419,102,0
6420,108,0
6421,128,0
6422,110,0
6423,98,0
6424,112,0
6425,96,0
6426,98,0
6427,106,0
6428,840,1
6429,108,0
6430,106,0
6431,104,0
6432,132,0
6433,108,0
6434,98,0
6435,100,0
6436,98,0
6437,142,0
6438,114,0
6439,106,0
6440,104,0
6441,96,0
6442,102,0
6443,106,0
6444,108,0
6445,116,0
6446,108,0
6447,96,0
6448,110,0
6449,96,0
6450,112,0
6451,98,0
6452,110,0
6453,502,1
6454,110,0
6455,110,0
6456,104,0
6457,108,0
6458,104,0
6459,110,0
6460,104,0
6461,110,0
6462,98,0
6463,96,0
6464,108,0
6465,104,0
6466,108,0
6467,112,0
6468,110,0
6469,100,0
6470,110,0
6471,100,0
6472,106,0
6473,98,0
6474,94,0
6475,118,0
6476,106,0
6477,112,0
6478,104,0
6479,116,0
6480,104,0
6481,114,0
6482,104,0
6483,102,0
6484,108,0
6485,108,0
6486,100,0
6487,104,0
6488,108,0
6489,112,0
6490,98,0
6491,104,0
6492,98,0
6493,108,0
6494,108,0
6495,838,1
6496,110,0
6497,102,0
6498,102,0
6499,114,0
6500,116,0
6501,100,0
6502,108,0
6503,94,0
6504,98,0
6505,114,0
6506,100,0
6507,112,0
6508,98,0
6509,110,0
6510,114,0
6511,106,0
6512,110,0
6513,100,0
6514,98,0
6515,118,0
6516,98,0
6517,118,0
6518,110,0
6519,118,0
6520,104,0
6521,114,0
6522,114,0
6523,106,0
6524,104,0
6525,96,0
6526,96,0
6527,98,0
6528,100,0
6529,522,1
6530,102,0
6531,108,0
6532,106,0
6533,110,0
6534,110,0
6535,114,0
6536,106,0
6537,108,0
6538,104,0
6539,108,0
6540,96,0
6541,112,0
6542,98,0
6543,104,0
6544,96,0
6545,104,0
6546,104,0
6547,106,0
6548,114,0
6549,114,0
6550,108,0
6551,100,0
6552,106,0
6553,98,0
6554,98,0
6555,508,1
6556,102,0
6557,104,0
6558,104,0
6559,108,0
6560,98,0
6561,104,0
6562,98,0
6563,122,0
6564,96,0
6565,98,0
6566,100,0
6567,516,1
6568,110,0
6569,104,0
6570,110,0
6571,98,0
6572,110,0
6573,102,0
6574,104,0
6575,110,0
6576,100,0
6577,100,0
6578,98,0
6579,104,0
6580,104,0
6581,104,0
6582,100,0
6583,108,0
6584,114,0
6585,110,0
6586,116,0
6587,108,0
6588,136,0
6589,108,0
6590,98,0
6591,108,0
6592,114,0
6593,106,0
6594,126,0
6595,112,0
6596,114,0
6597,112,0
6598,100,0
6599,118,0
6600,102,0
6601,100,0
6602,114,0
6603,102,0
6604,108,0
6605,104,0
6606,104,0
6607,102,0
6608,116,0
6609,112,0
6610,102,0
6611,98,0
6612,106,0
6613,128,0
6614,108,0
6615,96,0
6616,110,0
6617,98,0
6618,98,0
6619,114,0
6620,104,0
6621,108,0
6622,106,0
6623,104,0
6624,108,0
6625,108,0
6626,104,0
6627,104,0
6628,94,0
6629,120,0
6630,114,0
6631,100,0
6632,106,0
6633,108,0
6634,104,0
6635,104,0
6636,108,0
6637,108,0
6638,106,0
6639,104,0
6640,104,0
6641,132,0
6642,104,0
6643,108,0
6644,114,0
6645,100,0
6646,114,0
6647,96,0
6648,108,0
6649,100,0
6650,100,0
6651,508,1
6652,100,0
6653,106,0
6654,820,1
6655,106,0
6656,104,0
6657,106,0
6658,116,0
6659,114,0
6660,100,0
6661,100,0
6662,96,0
6663,98,0
6664,108,0
6665,818,1
6666,112,0
6667,110,0
6668,114,0
6669,132,0
6670,100,0
6671,104,0
6672,108,0
6673,100,0
6674,94,0
6675,110,0
6676,114,0
6677,102,0
6678,100,0
6679,102,0
6680,98,0
6681,104,0
6682,110,0
6683,98,0
6684,100,0
6685,104,0
6686,104,0
6687,104,0
6688,102,0
6689,108,0
6690,106,0
6691,114,0
6692,96,0
6693,100,0
6694,96,0
6695,104,0
6696,116,0
6697,110,0
6698,114,0
6699,102,0
6700,116,0
6701,112,0
6702,110,0
6703,104,0
6704,98,0
6705,98,0
6706,108,0
6707,114,0
6708,104,0
6709,110,0
6710,112,0
6711,104,0
6712,132,0
6713,110,0
6714,96,0
6715,96,0
6716,526,1
6717,836,1
6718,108,0
6719,100,0
6720,104,0
6721,98,0
6722,100,0
6723,98,0
6724,104,0
6725,114,0
6726,108,0
6727,110,0
6728,152,0
6729,108,0
6730,98,0
6731,110,0
6732,110,0
6733,102,0
6734,108,0
6735,122,0
6736,108,0
6737,94,0
6738,108,0
6739,94,0
6740,100,0
6741,92,0
6742,518,1
6743,110,0
6744,814,1
6745,106,0
6746,106,0
6747,104,0
6748,102,0
6749,108,0
6750,114,0
6751,116,0
6752,98,0
6753,108,0
6754,94,0
6755,96,0
6756,114,0
6757,110,0
6758,108,0
6759,114,0
6760,108,0
6761,132,0
6762,104,0
6763,106,0
6764,112,0
6765,96,0
6766,96,0
6767,526,1
6768,100,0
6769,106,0
6770,110,0
6771,106,0
6772,122,0
6773,108,0
6774,96,0
6775,100,0
6776,110,0
6777,104,0
6778,108,0
6779,98,0
6780,104,0
6781,104,0
6782,110,0
6783,108,0
6784,104,0
6785,96,0
6786,98,0
6787,110,0
6788,530,1
6789,110,0
6790,114,0
6791,108,0
6792,100,0
6793,108,0
6794,108,0
6795,104,0
6796,98,0
6797,98,0
6798,510,1
6799,102,0
6800,110,0
6801,98,0
6802,104,0
6803,118,0
6804,114,0
6805,96,0
6806,100,0
6807,114,0
6808,102,0
6809,110,0
6810,838,1
6811,108,0
6812,104,0
6813,104,0
6814,100,0
6815,104,0
6816,98,0
6817,110,0
6818,506,1
6819,102,0
6820,110,0
6821,108,0
6822,104,0
6823,114,0
6824,104,0
6825,98,0
6826,106,0
6827,100,0
6828,116,0
6829,106,0
6830,100,0
6831,106,0
6832,116,0
6833,110,0
6834,100,0
6835,118,0
6836,102,0
6837,114,0
6838,98,0
6839,110,0
6840,94,0
6841,106,0
6842,96,0
6843,122,0
6844,98,0
6845,96,0
6846,526,1
6847,100,0
6848,110,0
6849,100,0
6850,108,0
6851,118,0
6852,100,0
6853,104,0
6854,106,0
6855,106,0
6856,108,0
6857,96,0
6858,96,0
6859,96,0
6860,114,0
6861,514,1
6862,102,0
6863,108,0
6864,104,0
6865,108,0
6866,108,0
6867,116,0
6868,102,0
6869,104,0
6870,98,0
6871,98,0
6872,502,1
6873,102,0
6874,106,0
6875,104,0
6876,110,0
6877,114,0
6878,108,0
6879,98,0
6880,532,1
6881,108,0
6882,112,0
6883,108,0
6884,112,0
6885,106,0
6886,106,0
6887,110,0
6888,98,0
6889,104,0
6890,100,0
6891,108,0
6892,504,1
6893,104,0
6894,106,0
6895,104,0
6896,104,0
6897,136,0
6898,106,0
6899,106,0
6900,108,0
6901,100,0
6902,110,0
6903,96,0
6904,110,0
6905,98,0
6906,112,0
6907,516,1
6908,104,0
6909,100,0
6910,104,0
6911,108,0
6912,108,0
6913,104,0
6914,106,0
6915,112,0
6916,110,0
6917,98,0
6918,106,0
6919,94,0
6920,96,0
6921,496,1
6922,104,0
6923,106,0
6924,128,0
6925,108,0
6926,100,0
6927,106,0
6928,122,0
6929,108,0
6930,100,0
6931,110,0
6932,98,0
6933,106,0
6934,96,0
6935,124,0
6936,118,0
6937,98,0
6938,110,0
6939,102,0
6940,110,0
6941,132,0
6942,104,0
6943,98,0
6944,98,0
6945,100,0
6946,100,0
6947,492,1
6948,126,0
6949,124,0
6950,820,1
6951,112,0
6952,114,0
6953,106,0
6954,104,0
6955,104,0
6956,116,0
6957,110,0
6958,100,0
6959,110,0
6960,98,0
6961,96,0
6962,516,1
6963,110,0
6964,104,0
6965,108,0
6966,102,0
6967,108,0
6968,108,0
6969,108,0
6970,108,0
6971,98,0
6972,126,0
6973,96,0
6974,512,1
6975,114,0
6976,106,0
6977,108,0
6978,104,0
6979,104,0
6980,100,0
6981,108,0
6982,102,0
6983,110,0
6984,98,0
6985,98,0
6986,532,1
6987,826,1
6988,110,0
6989,138,0
6990,108,0
6991,102,0
6992,104,0
6993,96,0
6994,98,0
6995,108,0
6996,102,0
6997,106,0
6998,100,0
6999,110,0
7000,100,0
7001,106,0
7002,136,0
7003,110,0
7004,100,0
7005,98,0
7006,514,1
7007,826,1
7008,108,0
7009,100,0
7010,106,0
7011,98,0
7012,100,0
7013,98,0
7014,102,0
7015,106,0
7016,132,0
7017,106,0
7018,102,0
7019,106,0
7020,100,0
7021,108,0
7022,106,0
7023,114,0
7024,98,0
7025,108,0
7026,100,0
7027,104,0
7028,100,0
7029,102,0
7030,100,0
7031,94,0
7032,106,0
7033,104,0
7034,106,0
7035,124,0
7036,106,0
7037,128,0
7038,110,0
7039,118,0
7040,104,0
7041,130,0
7042,106,0
7043,112,0
7044,106,0
7045,100,0
7046,108,0
7047,136,0
7048,108,0
7049,92,0
7050,100,0
7051,98,0
7052,532,1
7053,116,0
7054,100,0
7055,108,0
7056,128,0
7057,104,0
7058,118,0
7059,114,0
7060,100,0
7061,106,0
7062,98,0
7063,98,0
7064,96,0
7065,126,0
7066,106,0
7067,106,0
7068,112,0
7069,110,0
7070,112,0
7071,100,0
7072,102,0
7073,100,0
7074,98,0
7075,532,1
7076,824,1
7077,118,0
7078,120,0
7079,118,0
7080,118,0
7081,108,0
7082,104,0
7083,110,0
7084,122,0
7085,110,0
7086,118,0
7087,108,0
7088,96,0
7089,98,0
7090,96,0
7091,516,1
7092,110,0
7093,106,0
7094,116,0
7095,108,0
7096,108,0
7097,100,0
7098,108,0
7099,96,0
7100,516,1
7101,118,0
7102,822,1
7103,112,0
7104,100,0
7105,108,0
7106,102,0
7107,110,0
7108,104,0
7109,104,0
7110,110,0
7111,114,0
7112,104,0
7113,110,0
7114,102,0
7115,108,0
7116,140,0
7117,108,0
7118,120,0
7119,108,0
7120,106,0
7121,112,0
7122,98,0
7123,116,0
7124,96,0
7125,526,1
7126,116,0
7127,856,1
7128,110,0
7129,104,0
7130,100,0
7131,124,0
7132,106,0
7133,98,0
7134,112,0
7135,98,0
7136,92,0
7137,502,1
7138,102,0
7139,104,0
7140,110,0
7141,110,0
7142,102,0
7143,114,0
7144,106,0
7145,108,0
7146,98,0
7147,100,0
7148,100,0
7149,98,0
7150,118,0
7151,104,0
7152,106,0
7153,102,0
7154,108,0
7155,106,0
7156,110,0
7157,112,0
7158,114,0
7159,96,0
7160,112,0
7161,514,1
7162,108,0
7163,104,0
7164,106,0
7165,108,0
7166,130,0
7167,108,0
7168,100,0
7169,102,0
7170,94,0
7171,112,0
7172,502,1
7173,850,1
7174,108,0
7175,108,0
7176,104,0
7177,106,0
7178,106,0
7179,118,0
7180,106,0
7181,104,0
7182,108,0
7183,100,0
7184,100,0
7185,108,0
7186,508,1
7187,108,0
7188,104,0
7189,108,0
7190,108,0
7191,110,0
7192,100,0
7193,104,0
7194,100,0
7195,110,0
7196,118,0
7197,116,0
7198,108,0
7199,110,0
7200,100,0
7201,116,0
7202,98,0
7203,514,1
7204,108,0
7205,104,0
7206,104,0
7207,110,0
7208,110,0
7209,108,0
7210,102,0
7211,98,0
7212,108,0
7213,98,0
7214,100,0
7215,488,1
7216,110,0
7217,112,0
7218,102,0
7219,108,0
7220,130,0
7221,108,0
7222,98,0
7223,96,0
7224,108,0
7225,100,0
7226,114,0
7227,98,0
7228,106,0
7229,102,0
7230,104,0
7231,106,0
7232,110,0
7233,108,0
7234,108,0
7235,98,0
7236,98,0
7237,526,1
7238,818,1
7239,110,0
7240,108,0
7241,114,0
7242,106,0
7243,114,0
7244,100,0
7245,108,0
7246,100,0
7247,94,0
7248,94,0
7249,110,0
7250,108,0
7251,120,0
7252,110,0
7253,140,0
7254,110,0
7255,104,0
7256,104,0
7257,96,0
7258,114,0
7259,100,0
7260,100,0
7261,516,1
7262,104,0
7263,114,0
7264,114,0
7265,114,0
7266,120,0
7267,110,0
7268,96,0
7269,114,0
7270,100,0
7271,100,0
7272,502,1
7273,98,0
7274,104,0
7275,100,0
7276,110,0
7277,94,0
7278,92,0
7279,512,1
7280,828,1
7281,110,0
7282,102,0
7283,126,0
7284,94,0
7285,98,0
7286,96,0
7287,104,0
7288,112,0
7289,110,0
7290,104,0
7291,116,0
7292,108,0
7293,100,0
7294,98,0
7295,98,0
7296,100,0
7297,118,0
7298,106,0
7299,108,0
7300,112,0
7301,100,0
7302,104,0
7303,108,0
7304,108,0
7305,98,0
7306,100,0
7307,100,0
7308,100,0
7309,104,0
7310,106,0
7311,106,0
7312,116,0
7313,120,0
7314,96,0
7315,100,0
7316,98,0
7317,114,0
7318,106,0
7319,106,0
7320,106,0
7321,102,0
7322,112,0
7323,114,0
7324,108,0
7325,98,0
7326,106,0
7327,98,0
7328,510,1
7329,114,0
7330,108,0
7331,106,0
7332,100,0
7333,108,0
7334,104,0
7335,106,0
7336,98,0
7337,104,0
7338,94,0
7339,104,0
7340,514,1
7341,804,1
7342,106,0
7343,124,0
7344,114,0
7345,102,0
7346,96,0
7347,126,0
7348,108,0
7349,108,0
7350,110,0
7351,96,0
7352,100,0
7353,98,0
7354,110,0
7355,114,0
7356,102,0
7357,110,0
7358,126,0
7359,110,0
7360,122,0
7361,108,0
7362,116,0
7363,108,0
7364,108,0
7365,108,0
7366,98,0
7367,100,0
7368,506,1
7369,100,0
7370,108,0
7371,108,0
7372,108,0
7373,98,0
7374,106,0
7375,100,0
7376,114,0
7377,94,0
7378,98,0
7379,116,0
7380,108,0
7381,112,0
7382,102,0
7383,114,0
7384,112,0
7385,114,0
7386,100,0
7387,108,0
7388,124,0
7389,108,0
7390,110,0
7391,112,0
7392,96,0
7393,96,0
7394,96,0
7395,110,0
7396,118,0
7397,98,0
7398,104,0
7399,118,0
7400,106,0
7401,104,0
7402,110,0
7403,118,0
7404,112,0
7405,106,0
7406,108,0
7407,98,0
7408,108,0
7409,98,0
7410,100,0
7411,100,0
7412,114,0
7413,112,0
7414,102,0
7415,108,0
7416,104,0
7417,104,0
7418,104,0
7419,116,0
7420,100,0
7421,108,0
7422,100,0
7423,106,0
7424,128,0
7425,108,0
7426,98,0
7427,110,0
7428,98,0
7429,110,0
7430,100,0
7431,100,0
7432,98,0
7433,120,0
7434,106,0
7435,834,1
7436,104,0
7437,100,0
7438,108,0
7439,106,0
7440,102,0
7441,100,0
7442,106,0
7443,118,0
7444,106,0
7445,116,0
7446,106,0
7447,108,0
7448,110,0
7449,98,0
7450,104,0
7451,96,0
7452,108,0
7453,104,0
7454,98,0
7455,98,0
7456,126,0
7457,114,0
7458,534,1
7459,108,0
7460,104,0
7461,106,0
7462,106,0
7463,116,0
7464,102,0
7465,118,0
7466,100,0
7467,114,0
7468,98,0
7469,114,0
7470,116,0
7471,98,0
7472,106,0
7473,98,0
7474,106,0
7475,110,0
7476,112,0
7477,138,0
7478,110,0
7479,100,0
7480,100,0
7481,98,0
7482,110,0
7483,108,0
7484,102,0
7485,108,0
7486,108,0
7487,114,0
7488,104,0
7489,110,0
7490,104,0
7491,108,0
7492,98,0
7493,110,0
7494,100,0
7495,98,0
7496,500,1
7497,852,1
7498,112,0
7499,106,0
7500,108,0
7501,104,0
7502,110,0
7503,98,0
7504,100,0
7505,98,0
7506,98,0
7507,108,0
7508,110,0
7509,108,0
7510,102,0
7511,104,0
7512,112,0
7513,106,0
7514,102,0
7515,108,0
7516,100,0
7517,102,0
7518,98,0
7519,104,0
7520,96,0
7521,98,0
7522,98,0
7523,98,0
7524,512,1
7525,840,1
7526,108,0
7527,102,0
7528,106,0
7529,114,0
7530,112,0
7531,98,0
7532,112,0
7533,100,0
7534,94,0
7535,96,0
7536,104,0
7537,108,0
7538,102,0
7539,104,0
7540,98,0
7541,110,0
7542,130,0
7543,106,0
7544,102,0
7545,100,0
7546,110,0
7547,116,0
7548,110,0
7549,110,0
7550,98,0
7551,120,0
7552,100,0
7553,100,0
7554,506,1
7555,100,0
7556,118,0
7557,104,0
7558,108,0
7559,104,0
7560,116,0
7561,104,0
7562,104,0
7563,106,0
7564,108,0
7565,100,0
7566,110,0
7567,98,0
7568,110,0
7569,100,0
7570,110,0
7571,98,0
7572,94,0
7573,510,1
7574,100,0
7575,110,0
7576,110,0
7577,108,0
7578,100,0
7579,114,0
7580,98,0
7581,96,0
7582,96,0
7583,100,0
7584,110,0
7585,102,0
7586,106,0
7587,108,0
7588,106,0
7589,100,0
7590,110,0
7591,98,0
7592,98,0
7593,106,0
7594,98,0
7595,104,0
7596,100,0
7597,106,0
7598,116,0
7599,110,0
7600,102,0
7601,108,0
7602,100,0
7603,108,0
7604,100,0
7605,104,0
7606,102,0
7607,514,1
7608,118,0
7609,102,0
7610,110,0
7611,116,0
7612,104,0
7613,102,0
7614,114,0
7615,104,0
7616,106,0
7617,92,0
7618,100,0
7619,494,1
7620,840,1
7621,108,0
7622,106,0
7623,118,0
7624,102,0
7625,104,0
7626,100,0
7627,96,0
7628,102,0
7629,108,0
7630,116,0
7631,112,0
7632,108,0
7633,128,0
7634,106,0
7635,142,0
7636,106,0
7637,122,0
7638,112,0
7639,100,0
7640,104,0
7641,100,0
7642,520,1
7643,112,0
7644,102,0
7645,104,0
7646,104,0
7647,108,0
7648,118,0
7649,110,0
7650,106,0
7651,104,0
7652,102,0
7653,104,0
7654,98,0
7655,100,0
7656,528,1
7657,102,0
7658,120,0
7659,108,0
7660,102,0
7661,110,0
7662,98,0
7663,108,0
7664,128,0
7665,102,0
7666,98,0
7667,108,0
7668,100,0
7669,104,0
7670,100,0
7671,94,0
7672,520,1
7673,100,0
7674,118,0
7675,102,0
7676,110,0
7677,140,0
7678,108,0
7679,98,0
7680,106,0
7681,100,0
7682,104,0
7683,106,0
7684,104,0
7685,114,0
7686,106,0
7687,118,0
7688,102,0
7689,106,0
7690,110,0
7691,108,0
7692,96,0
7693,100,0
7694,100,0
7695,536,1
7696,110,0
7697,824,1
7698,110,0
7699,102,0
7700,112,0
7701,122,0
7702,104,0
7703,94,0
7704,108,0
7705,100,0
7706,102,0
7707,118,0
7708,106,0
7709,108,0
7710,114,0
7711,110,0
7712,110,0
7713,104,0
7714,100,0
7715,98,0
7716,108,0
7717,100,0
7718,108,0
7719,104,0
7720,106,0
7721,104,0
7722,108,0
7723,100,0
7724,114,0
7725,108,0
7726,100,0
7727,498,1
7728,810,1
7729,106,0
7730,108,0
7731,106,0
7732,98,0
7733,110,0
7734,100,0
7735,114,0
7736,98,0
7737,94,0
7738,106,0
7739,110,0
7740,110,0
7741,104,0
7742,112,0
7743,122,0
7744,112,0
7745,94,0
7746,96,0
7747,98,0
7748,508,1
7749,110,0
7750,104,0
7751,124,0
7752,102,0
7753,106,0
7754,110,0
7755,108,0
7756,100,0
7757,104,0
7758,100,0
7759,100,0
7760,102,0
7761,104,0
7762,116,0
7763,100,0
7764,104,0
7765,98,0
7766,110,0
7767,98,0
7768,112,0
7769,122,0
7770,122,0
7771,114,0
7772,108,0
7773,110,0
7774,108,0
7775,98,0
7776,520,1
7777,106,0
7778,102,0
7779,116,0
7780,110,0
7781,108,0
7782,102,0
7783,106,0
7784,98,0
7785,112,0
7786,98,0
7787,100,0
7788,508,1
7789,104,0
7790,104,0
7791,108,0
7792,114,0
7793,104,0
7794,102,0
7795,100,0
7796,104,0
7797,98,0
7798,96,0
7799,514,1
7800,824,1
7801,110,0
7802,104,0
7803,106,0
7804,110,0
7805,116,0
7806,98,0
7807,104,0
7808,100,0
7809,822,1
7810,110,0
7811,114,0
7812,114,0
7813,136,0
7814,112,0
7815,104,0
7816,106,0
7817,100,0
7818,108,0
7819,98,0
7820,110,0
7821,100,0
7822,96,0
7823,96,0
7824,110,0
7825,118,0
7826,100,0
7827,108,0
7828,106,0
7829,108,0
7830,126,0
7831,106,0
7832,116,0
7833,104,0
7834,104,0
7835,104,0
7836,100,0
7837,94,0
7838,94,0
7839,100,0
7840,492,1
7841,102,0
7842,106,0
7843,842,1
7844,114,0
7845,104,0
7846,108,0
7847,112,0
7848,110,0
7849,100,0
7850,102,0
7851,98,0
7852,96,0
7853,104,0
7854,104,0
7855,108,0
7856,102,0
7857,108,0
7858,128,0
7859,104,0
7860,104,0
7861,104,0
7862,100,0
7863,112,0
7864,98,0
7865,512,1
7866,118,0
7867,104,0
7868,106,0
7869,106,0
7870,108,0
7871,102,0
7872,110,0
7873,100,0
7874,100,0
7875,98,0
7876,112,0
7877,108,0
7878,100,0
7879,104,0
7880,116,0
7881,112,0
7882,110,0
7883,106,0
7884,104,0
7885,108,0
7886,100,0
7887,108,0
7888,98,0
7889,96,0
7890,108,0
7891,102,0
7892,106,0
7893,100,0
7894,110,0
7895,104,0
7896,108,0
7897,96,0
7898,110,0
7899,112,0
7900,102,0
7901,92,0
7902,100,0
7903,128,0
7904,114,0
7905,110,0
7906,104,0
7907,114,0
7908,112,0
7909,110,0
7910,104,0
7911,108,0
7912,102,0
7913,112,0
7914,96,0
7915,124,0
7916,98,0
7917,520,1
7918,110,0
7919,104,0
7920,104,0
7921,104,0
7922,118,0
7923,104,0
7924,110,0
7925,104,0
7926,108,0
7927,96,0
7928,108,0
7929,100,0
7930,538,1
7931,114,0
7932,108,0
7933,110,0
7934,108,0
7935,106,0
7936,98,0
7937,104,0
7938,100,0
7939,104,0
7940,118,0
7941,104,0
7942,118,0
7943,114,0
7944,108,0
7945,112,0
7946,106,0
7947,106,0
7948,112,0
7949,98,0
7950,100,0
7951,100,0
7952,108,0
7953,108,0
7954,118,0
7955,108,0
7956,96,0
7957,118,0
7958,108,0
7959,110,0
7960,106,0
7961,100,0
7962,104,0
7963,106,0
7964,102,0
7965,118,0
7966,110,0
7967,114,0
7968,114,0
7969,98,0
7970,116,0
7971,98,0
7972,98,0
7973,98,0
7974,826,1
7975,108,0
7976,96,0
7977,106,0
7978,108,0
7979,110,0
7980,98,0
7981,96,0
7982,108,0
7983,818,1
7984,108,0
7985,102,0
7986,114,0
7987,104,0
7988,104,0
7989,100,0
7990,110,0
7991,98,0
7992,112,0
7993,114,0
7994,100,0
7995,116,0
7996,132,0
7997,104,0
7998,100,0
7999,106,0
8000,120,0
8001,106,0
8002,104,0
8003,112,0
8004,102,0
8005,122,0
8006,94,0
8007,118,0
8008,96,0
8009,94,0
8010,112,0
8011,106,0
8012,108,0
8013,104,0
8014,108,0
8015,108,0
8016,108,0
8017,114,0
8018,114,0
8019,104,0
8020,104,0
8021,108,0
8022,116,0
8023,104,0
8024,118,0
8025,114,0
8026,104,0
8027,112,0
8028,104,0
8029,110,0
8030,110,0
8031,108,0
8032,104,0
8033,106,0
8034,100,0
8035,110,0
8036,100,0
8037,118,0
8038,100,0
8039,102,0
8040,100,0
8041,100,0
8042,116,0
8043,104,0
8044,104,0
8045,108,0
8046,110,0
8047,102,0
8048,96,0
8049,130,0
8050,108,0
8051,108,0
8052,104,0
8053,108,0
8054,114,0
8055,108,0
8056,112,0
8057,108,0
8058,108,0
8059,108,0
8060,98,0
8061,100,0
8062,96,0
8063,104,0
8064,108,0
8065,114,0
8066,110,0
8067,122,0
8068,110,0
8069,92,0
8070,104,0
8071,100,0
8072,94,0
8073,100,0
8074,96,0
8075,110,0
8076,100,0
8077,112,0
8078,98,0
8079,104,0
8080,126,0
8081,112,0
8082,100,0
8083,118,0
8084,98,0
8085,98,0
8086,126,0
8087,102,0
8088,104,0
8089,104,0
8090,114,0
8091,146,0
8092,108,0
8093,100,0
8094,106,0
8095,108,0
8096,108,0
8097,104,0
8098,102,0
8099,100,0
8100,110,0
8101,98,0
8102,98,0
8103,116,0
8104,102,0
8105,112,0
8106,118,0
8107,102,0
8108,104,0
8109,112,0
8110,98,0
8111,110,0
8112,94,0
8113,124,0
8114,514,1
8115,98,0
8116,106,0
8117,114,0
8118,106,0
8119,102,0
8120,104,0
8121,108,0
8122,108,0
8123,104,0
8124,110,0
8125,96,0
8126,98,0
8127,98,0
8128,104,0
8129,114,0
8130,108,0
8131,106,0
8132,102,0
8133,106,0
8134,124,0
8135,110,0
8136,96,0
8137,96,0
8138,114,0
8139,98,0
8140,104,0
8141,114,0
8142,122,0
8143,126,0
8144,104,0
8145,100,0
8146,108,0
8147,100,0
8148,98,0
8149,510,1
8150,822,1
8151,106,0
8152,114,0
8153,108,0
8154,104,0
8155,108,0
8156,108,0
8157,110,0
8158,114,0
8159,108,0
8160,94,0
8161,104,0
8162,98,0
8163,104,0
8164,104,0
8165,102,0
8166,104,0
8167,104,0
8168,110,0
8169,98,0
8170,106,0
8171,98,0
8172,110,0
8173,100,0
8174,100,0
8175,500,1
8176,116,0
8177,112,0
8178,112,0
8179,110,0
8180,108,0
8181,106,0
8182,100,0
8183,102,0
8184,100,0
8185,100,0
8186,512,1
8187,104,0
8188,106,0
8189,112,0
8190,110,0
8191,100,0
8192,104,0
8193,98,0
8194,114,0
8195,98,0
8196,96,0
8197,110,0
8198,104,0
8199,108,0
8200,102,0
8201,110,0
8202,110,0
8203,104,0
8204,102,0
8205,108,0
8206,106,0
8207,110,0
8208,98,0
8209,100,0
8210,512,1
8211,824,1
8212,110,0
8213,100,0
8214,108,0
8215,112,0
8216,104,0
8217,98,0
8218,112,0
8219,100,0
8220,100,0
8221,506,1
8222,102,0
8223,112,0
8224,94,0
8225,110,0
8226,132,0
8227,110,0
8228,100,0
8229,114,0
8230,98,0
8231,108,0
8232,502,1
8233,848,1
8234,108,0
8235,100,0
8236,114,0
8237,104,0
8238,104,0
8239,98,0
8240,100,0
8241,524,1
8242,110,0
8243,108,0
8244,100,0
8245,100,0
8246,98,0
8247,106,0
8248,98,0
8249,104,0
8250,100,0
8251,96,0
8252,494,1
8253,98,0
8254,114,0
8255,104,0
8256,106,0
8257,102,0
8258,114,0
8259,100,0
8260,100,0
8261,104,0
8262,104,0
8263,108,0
8264,118,0
8265,110,0
8266,102,0
8267,106,0
8268,98,0
8269,104,0
8270,98,0
8271,94,0
8272,94,0
8273,106,0
8274,110,0
8275,108,0
8276,106,0
8277,104,0
8278,112,0
8279,104,0
8280,104,0
8281,94,0
8282,116,0
8283,110,0
8284,100,0
8285,106,0
8286,104,0
8287,108,0
8288,114,0
8289,104,0
8290,100,0
8291,98,0
8292,506,1
8293,100,0
8294,108,0
8295,112,0
8296,104,0
8297,120,0
8298,110,0
8299,98,0
8300,104,0
8301,514,1
8302,94,0
8303,106,0
8304,96,0
8305,98,0
8306,498,1
8307,100,0
8308,106,0
8309,94,0
8310,110,0
8311,100,0
8312,108,0
8313,104,0
8314,98,0
8315,96,0
8316,96,0
8317,514,1
8318,110,0
8319,104,0
8320,108,0
8321,826,1
8322,106,0
8323,104,0
8324,112,0
8325,104,0
8326,108,0
8327,98,0
8328,110,0
8329,96,0
8330,92,0
8331,116,0
8332,112,0
8333,104,0
8334,110,0
8335,114,0
8336,828,1
8337,104,0
8338,124,0
8339,110,0
8340,104,0
8341,104,0
8342,104,0
8343,108,0
8344,98,0
8345,110,0
8346,94,0
8347,98,0
8348,100,0
8349,118,0
8350,108,0
8351,100,0
8352,104,0
8353,100,0
8354,114,0
8355,108,0
8356,106,0
8357,106,0
8358,102,0
8359,114,0
8360,104,0
8361,112,0
8362,112,0
8363,126,0
8364,110,0
8365,110,0
8366,104,0
8367,98,0
8368,96,0
8369,100,0
8370,102,0
8371,118,0
8372,106,0
8373,106,0
8374,100,0
8375,112,0
8376,108,0
8377,106,0
8378,94,0
8379,120,0
8380,98,0
8381,546,1
8382,106,0
8383,110,0
8384,108,0
8385,104,0
8386,110,0
8387,112,0
8388,104,0
8389,102,0
8390,108,0
8391,100,0
8392,110,0
8393,134,0
8394,110,0
8395,100,0
8396,100,0
8397,98,0
8398,118,0
8399,106,0
8400,100,0
8401,112,0
8402,116,0
8403,108,0
8404,116,0
8405,108,0
8406,122,0
8407,104,0
8408,100,0
8409,104,0
8410,124,0
8411,108,0
8412,122,0
8413,104,0
8414,112,0
8415,126,0
8416,102,0
8417,100,0
8418,108,0
8419,92,0
8420,110,0
8421,104,0
8422,100,0
8423,102,0
8424,108,0
8425,106,0
8426,102,0
8427,102,0
8428,108,0
8429,108,0
8430,100,0
8431,104,0
8432,100,0
8433,98,0
8434,492,1
8435,824,1
8436,104,0
8437,100,0
8438,114,0
8439,96,0
8440,94,0
8441,112,0
8442,102,0
8443,110,0
8444,98,0
8445,108,0
8446,120,0
8447,108,0
8448,120,0
8449,112,0
8450,98,0
8451,102,0
8452,98,0
8453,102,0
8454,114,0
8455,826,1
8456,104,0
8457,114,0
8458,106,0
8459,100,0
8460,512,1
8461,104,0
8462,100,0
8463,110,0
8464,104,0
8465,110,0
8466,120,0
8467,108,0
8468,100,0
8469,100,0
8470,520,1
8471,102,0
8472,108,0
8473,104,0
8474,106,0
8475,98,0
8476,108,0
8477,96,0
8478,108,0
8479,102,0
8480,110,0
8481,106,0
8482,100,0
8483,108,0
8484,118,0
8485,102,0
8486,108,0
8487,98,0
8488,96,0
8489,500,1
8490,110,0
8491,110,0
8492,94,0
8493,102,0
8494,110,0
8495,108,0
8496,96,0
8497,120,0
8498,100,0
8499,96,0
8500,108,0
8501,104,0
8502,104,0
8503,104,0
8504,108,0
8505,128,0
8506,104,0
8507,122,0
8508,108,0
8509,98,0
8510,110,0
8511,94,0
8512,100,0
8513,520,1
8514,810,1
8515,108,0
8516,104,0
8517,108,0
8518,108,0
8519,110,0
8520,98,0
8521,518,1
8522,114,0
8523,112,0
8524,110,0
8525,100,0
8526,106,0
8527,126,0
8528,104,0
8529,100,0
8530,110,0
8531,100,0
8532,104,0
8533,100,0
8534,544,1
8535,104,0
8536,824,1
8537,110,0
8538,102,0
8539,106,0
8540,122,0
8541,108,0
8542,94,0
8543,112,0
8544,98,0
8545,112,0
8546,114,0
8547,114,0
8548,108,0
8549,108,0
8550,104,0
8551,96,0
8552,108,0
8553,114,0
8554,822,1
8555,106,0
8556,100,0
8557,106,0
8558,98,0
8559,106,0
8560,96,0
8561,98,0
8562,506,1
8563,102,0
8564,108,0
8565,110,0
8566,118,0
8567,106,0
8568,108,0
8569,94,0
8570,98,0
8571,98,0
8572,128,0
8573,116,0
8574,816,1
8575,110,0
8576,106,0
8577,108,0
8578,126,0
8579,98,0
8580,96,0
8581,98,0
8582,104,0
8583,822,1
8584,114,0
8585,112,0
8586,108,0
8587,104,0
8588,102,0
8589,94,0
8590,114,0
8591,112,0
8592,110,0
8593,110,0
8594,118,0
8595,108,0
8596,96,0
8597,96,0
8598,98,0
8599,846,1
8600,116,0
8601,104,0
8602,110,0
8603,114,0
8604,108,0
8605,100,0
8606,96,0
8607,108,0
8608,828,1
8609,114,0
8610,100,0
8611,104,0
8612,114,0
8613,104,0
8614,104,0
8615,108,0
8616,98,0
8617,108,0
8618,98,0
8619,536,1
8620,110,0
8621,98,0
8622,108,0
8623,110,0
8624,112,0
8625,110,0
8626,112,0
8627,100,0
8628,108,0
8629,94,0
8630,102,0
8631,98,0
8632,100,0
8633,100,0
8634,108,0
8635,100,0
8636,100,0
8637,96,0
8638,104,0
8639,114,0
8640,108,0
8641,108,0
8642,110,0
8643,104,0
8644,114,0
8645,104,0
8646,100,0
8647,106,0
8648,92,0
8649,100,0
8650,100,0
8651,94,0
8652,498,1
8653,102,0
8654,104,0
8655,110,0
8656,110,0
8657,124,0
8658,110,0
8659,106,0
8660,108,0
8661,96,0
8662,106,0
8663,94,0
8664,110,0
8665,98,0
8666,96,0
8667,518,1
8668,824,1
8669,114,0
8670,116,0
8671,104,0
8672,126,0
8673,108,0
8674,100,0
8675,98,0
8676,106,0
8677,108,0
8678,110,0
8679,102,0
8680,108,0
8681,110,0
8682,112,0
8683,118,0
8684,108,0
8685,106,0
8686,116,0
8687,100,0
8688,110,0
8689,98,0
8690,96,0
8691,100,0
8692,108,0
8693,104,0
8694,114,0
8695,110,0
8696,100,0
8697,108,0
8698,110,0
8699,108,0
8700,102,0
8701,104,0
8702,108,0
8703,104,0
8704,106,0
8705,106,0
8706,98,0
8707,104,0
8708,98,0
8709,102,0
8710,116,0
8711,96,0
8712,106,0
8713,100,0
8714,106,0
8715,114,0
8716,108,0
8717,100,0
8718,108,0
8719,120,0
8720,110,0
8721,92,0
8722,98,0
8723,510,1
8724,108,0
8725,104,0
8726,108,0
8727,102,0
8728,114,0
8729,110,0
8730,118,0
8731,104,0
8732,100,0
8733,100,0
8734,518,1
8735,114,0
8736,112,0
8737,100,0
8738,108,0
8739,104,0
8740,122,0
8741,104,0
8742,110,0
8743,100,0
8744,108,0
8745,96,0
8746,102,0
8747,512,1
8748,110,0
8749,114,0
8750,120,0
8751,112,0
8752,100,0
8753,106,0
8754,104,0
8755,104,0
8756,100,0
8757,98,0
8758,520,1
8759,100,0
8760,112,0
8761,98,0
8762,106,0
8763,108,0
8764,106,0
8765,100,0
8766,94,0
8767,508,1
8768,106,0
8769,108,0
8770,102,0
8771,110,0
8772,108,0
8773,104,0
8774,98,0
8775,98,0
8776,114,0
8777,118,0
8778,102,0
8779,118,0
8780,106,0
8781,100,0
8782,110,0
8783,96,0
8784,124,0
8785,98,0
8786,98,0
8787,528,1
8788,824,1
8789,108,0
8790,110,0
8791,104,0
8792,106,0
8793,108,0
8794,98,0
8795,98,0
8796,508,1
8797,104,0
8798,104,0
8799,102,0
8800,108,0
8801,102,0
8802,106,0
8803,104,0
8804,112,0
8805,96,0
8806,100,0
8807,104,0
8808,102,0
8809,108,0
8810,100,0
8811,112,0
8812,102,0
8813,110,0
8814,116,0
8815,110,0
8816,120,0
8817,110,0
8818,104,0
8819,114,0
8820,96,0
8821,108,0
8822,100,0
8823,98,0
8824,100,0
8825,100,0
8826,506,1
8827,826,1
8828,110,0
8829,100,0
8830,108,0
8831,118,0
8832,112,0
8833,104,0
8834,98,0
8835,114,0
8836,844,1
8837,108,0
8838,102,0
8839,112,0
8840,112,0
8841,106,0
8842,98,0
8843,106,0
8844,102,0
8845,100,0
8846,104,0
8847,100,0
8848,112,0
8849,102,0
8850,110,0
8851,114,0
8852,98,0
8853,100,0
8854,110,0
8855,104,0
8856,98,0
8857,110,0
8858,110,0
8859,108,0
8860,104,0
8861,108,0
8862,96,0
8863,102,0
8864,96,0
8865,98,0
8866,106,0
8867,852,1
8868,108,0
8869,104,0
8870,108,0
8871,118,0
8872,104,0
8873,104,0
8874,114,0
8875,102,0
8876,106,0
8877,108,0
8878,104,0
8879,92,0
8880,104,0
8881,100,0
8882,96,0
8883,100,0
8884,104,0
8885,110,0
8886,832,1
8887,102,0
8888,108,0
8889,108,0
8890,124,0
8891,102,0
8892,104,0
8893,104,0
8894,100,0
8895,100,0
8896,98,0
8897,102,0
8898,108,0
8899,824,1
8900,114,0
8901,102,0
8902,110,0
8903,108,0
8904,104,0
8905,94,0
8906,100,0
8907,100,0
8908,98,0
8909,512,1
8910,100,0
8911,104,0
8912,124,0
8913,108,0
8914,104,0
8915,110,0
8916,110,0
8917,114,0
8918,104,0
8919,112,0
8920,94,0
8921,96,0
8922,96,0
8923,814,1
8924,104,0
8925,98,0
8926,102,0
8927,110,0
8928,106,0
8929,98,0
8930,100,0
8931,100,0
8932,838,1
8933,106,0
8934,102,0
8935,106,0
8936,108,0
8937,108,0
8938,100,0
8939,94,0
8940,96,0
8941,102,0
8942,108,0
8943,104,0
8944,114,0
8945,122,0
8946,116,0
8947,104,0
8948,108,0
8949,108,0
8950,102,0
8951,112,0
8952,110,0
8953,124,0
8954,108,0
8955,98,0
8956,100,0
8957,96,0
8958,92,0
8959,110,0
8960,104,0
8961,112,0
8962,106,0
8963,100,0
8964,104,0
8965,106,0
8966,98,0
8967,120,0
8968,98,0
8969,100,0
8970,502,1
8971,824,1
8972,112,0
8973,126,0
8974,114,0
8975,104,0
8976,124,0
8977,98,0
8978,102,0
8979,506,1
8980,104,0
8981,110,0
8982,114,0
8983,108,0
8984,116,0
8985,108,0
8986,100,0
8987,108,0
8988,106,0
8989,114,0
8990,114,0
8991,110,0
8992,110,0
8993,120,0
8994,98,0
8995,108,0
8996,94,0
8997,100,0
8998,500,1
8999,104,0
9000,108,0
9001,108,0
9002,112,0
9003,116,0
9004,112,0
9005,102,0
9006,108,0
9007,98,0
9008,516,1
9009,120,0
9010,104,0
9011,104,0
9012,116,0
9013,104,0
9014,104,0
9015,110,0
9016,100,0
9017,106,0
9018,98,0
9019,100,0
9020,96,0
9021,98,0
9022,516,1
9023,104,0
9024,104,0
9025,118,0
9026,100,0
9027,102,0
9028,100,0
9029,104,0
9030,104,0
9031,100,0
9032,106,0
9033,98,0
9034,110,0
9035,98,0
9036,98,0
9037,110,0
9038,826,1
9039,106,0
9040,124,0
9041,106,0
9042,100,0
9043,108,0
9044,100,0
9045,98,0
9046,506,1
9047,104,0
9048,108,0
9049,106,0
9050,102,0
9051,118,0
9052,104,0
9053,104,0
9054,104,0
9055,96,0
9056,110,0
9057,98,0
9058,100,0
9059,506,1
9060,104,0
9061,112,0
9062,112,0
9063,110,0
9064,112,0
9065,108,0
9066,112,0
9067,116,0
9068,100,0
9069,110,0
9070,98,0
9071,110,0
9072,110,0
9073,106,0
9074,108,0
9075,110,0
9076,106,0
9077,94,0
9078,110,0
9079,98,0
9080,104,0
9081,108,0
9082,108,0
9083,110,0
9084,98,0
9085,110,0
9086,104,0
9087,106,0
9088,126,0
9089,104,0
9090,102,0
9091,108,0
9092,100,0
9093,110,0
9094,106,0
9095,110,0
9096,110,0
9097,108,0
9098,104,0
9099,106,0
9100,98,0
9101,104,0
9102,100,0
9103,102,0
9104,98,0
9105,104,0
9106,110,0
9107,818,1
9108,104,0
9109,108,0
9110,512,1
9111,110,0
9112,100,0
9113,110,0
9114,98,0
9115,104,0
9116,118,0
9117,110,0
9118,102,0
9119,118,0
9120,96,0
9121,100,0
9122,520,1
9123,836,1
9124,110,0
9125,108,0
9126,118,0
9127,100,0
9128,106,0
9129,100,0
9130,108,0
9131,100,0
9132,114,0
9133,108,0
9134,106,0
9135,108,0
9136,102,0
9137,110,0
9138,100,0
9139,104,0
9140,98,0
9141,108,0
9142,96,0
9143,122,0
9144,98,0
9145,98,0
9146,108,0
9147,126,0
9148,110,0
9149,100,0
9150,108,0
9151,102,0
9152,108,0
9153,98,0
9154,128,0
9155,100,0
9156,98,0
9157,502,1
9158,98,0
9159,104,0
9160,112,0
9161,112,0
9162,100,0
9163,116,0
9164,132,0
9165,114,0
9166,100,0
9167,102,0
9168,98,0
9169,104,0
9170,114,0
9171,114,0
9172,118,0
9173,116,0
9174,106,0
9175,104,0
9176,104,0
9177,106,0
9178,114,0
9179,106,0
9180,104,0
9181,98,0
9182,108,0
9183,108,0
9184,110,0
9185,104,0
9186,108,0
9187,98,0
9188,106,0
9189,100,0
9190,98,0
9191,506,1
9192,100,0
9193,104,0
9194,110,0
9195,108,0
9196,148,0
9197,104,0
9198,102,0
9199,108,0
9200,132,0
9201,108,0
9202,104,0
9203,106,0
9204,98,0
9205,100,0
9206,96,0
9207,512,1
9208,114,0
9209,106,0
9210,114,0
9211,100,0
9212,106,0
9213,128,0
9214,108,0
9215,96,0
9216,112,0
9217,96,0
9218,98,0
9219,114,0
9220,108,0
9221,108,0
9222,96,0
9223,108,0
9224,100,0
9225,118,0
9226,108,0
9227,108,0
9228,98,0
9229,108,0
9230,114,0
9231,108,0
9232,114,0
9233,108,0
9234,114,0
9235,106,0
9236,114,0
9237,106,0
9238,120,0
9239,110,0
9240,98,0
9241,108,0
9242,96,0
9243,100,0
9244,100,0
9245,106,0
9246,112,0
9247,104,0
9248,106,0
9249,106,0
9250,120,0
9251,96,0
9252,110,0
9253,104,0
9254,104,0
9255,114,0
9256,108,0
9257,102,0
9258,110,0
9259,98,0
9260,104,0
9261,122,0
9262,104,0
9263,104,0
9264,108,0
9265,114,0
9266,106,0
9267,94,0
9268,104,0
9269,98,0
9270,104,0
9271,110,0
9272,108,0
9273,108,0
9274,104,0
9275,108,0
9276,100,0
9277,108,0
9278,98,0
9279,106,0
9280,98,0
9281,98,0
9282,536,1
9283,818,1
9284,114,0
9285,100,0
9286,106,0
9287,108,0
9288,110,0
9289,102,0
9290,110,0
9291,100,0
9292,96,0
9293,100,0
9294,824,1
9295,104,0
9296,106,0
9297,116,0
9298,122,0
9299,102,0
9300,100,0
9301,104,0
9302,98,0
9303,98,0
9304,98,0
9305,106,0
9306,104,0
9307,108,0
9308,110,0
9309,102,0
9310,104,0
9311,96,0
9312,102,0
9313,98,0
9314,106,0
9315,102,0
9316,836,1
9317,106,0
9318,110,0
9319,106,0
9320,102,0
9321,106,0
9322,98,0
9323,122,0
9324,96,0
9325,100,0
9326,502,1
9327,834,1
9328,106,0
9329,104,0
9330,104,0
9331,104,0
9332,106,0
9333,100,0
9334,98,0
9335,100,0
9336,108,0
9337,100,0
9338,516,1
9339,108,0
9340,114,0
9341,108,0
9342,104,0
9343,108,0
9344,98,0
9345,98,0
9346,512,1
9347,104,0
9348,106,0
9349,136,0
9350,108,0
9351,96,0
9352,98,0
9353,508,1
9354,104,0
9355,106,0
9356,102,0
9357,124,0
9358,100,0
9359,106,0
9360,98,0
9361,512,1
9362,106,0
9363,108,0
9364,112,0
9365,106,0
9366,112,0
9367,98,0
9368,100,0
9369,508,1
9370,114,0
9371,106,0
9372,124,0
9373,104,0
9374,96,0
9375,106,0
9376,498,1
9377,100,0
9378,108,0
9379,104,0
9380,110,0
9381,100,0
9382,120,0
9383,98,0
9384,820,1
9385,106,0
9386,120,0
9387,104,0
9388,100,0
9389,116,0
9390,104,0
9391,104,0
9392,110,0
9393,100,0
9394,108,0
9395,100,0
9396,108,0
9397,98,0
9398,112,0
9399,122,0
9400,824,1
9401,108,0
9402,104,0
9403,112,0
9404,490,1
9405,110,0
9406,106,0
9407,112,0
9408,106,0
9409,96,0
9410,108,0
9411,110,0
9412,114,0
9413,114,0
9414,94,0
9415,108,0
9416,110,0
9417,102,0
9418,98,0
9419,118,0
9420,98,0
9421,102,0
9422,114,0
9423,104,0
9424,120,0
9425,96,0
9426,108,0
9427,110,0
9428,108,0
9429,106,0
9430,108,0
9431,106,0
9432,132,0
9433,104,0
9434,94,0
9435,104,0
9436,126,0
9437,810,1
9438,106,0
9439,96,0
9440,108,0
9441,96,0
9442,108,0
9443,110,0
9444,104,0
9445,116,0
9446,96,0
9447,96,0
9448,532,1
9449,102,0
9450,104,0
9451,102,0
9452,104,0
9453,100,0
9454,108,0
9455,104,0
9456,844,1
9457,114,0
9458,100,0
9459,98,0
9460,510,1
9461,110,0
9462,108,0
9463,118,0
9464,104,0
9465,98,0
9466,122,0
9467,110,0
9468,104,0
9469,108,0
9470,94,0
9471,96,0
9472,534,1
9473,114,0
9474,112,0
9475,118,0
9476,102,0
9477,100,0
9478,114,0
9479,108,0
9480,104,0
9481,110,0
9482,100,0
9483,110,0
9484,98,0
9485,100,0
9486,116,0
9487,814,1
9488,106,0
9489,96,0
9490,108,0
9491,100,0
9492,106,0
9493,116,0
9494,104,0
9495,108,0
9496,100,0
9497,106,0
9498,100,0
9499,102,0
9500,110,0
9501,104,0
9502,116,0
9503,112,0
9504,114,0
9505,100,0
9506,130,0
9507,108,0
9508,104,0
9509,112,0
9510,102,0
9511,114,0
9512,100,0
9513,514,1
9514,114,0
9515,108,0
9516,108,0
9517,108,0
9518,106,0
9519,94,0
9520,100,0
9521,516,1
9522,108,0
9523,108,0
9524,100,0
9525,96,0
9526,512,1
9527,116,0
9528,114,0
9529,110,0
9530,110,0
9531,100,0
9532,104,0
9533,100,0
9534,104,0
9535,108,0
9536,100,0
9537,108,0
9538,94,0
9539,96,0
9540,114,0
9541,106,0
9542,104,0
9543,118,0
9544,108,0
9545,100,0
9546,104,0
9547,104,0
9548,106,0
9549,110,0
9550,96,0
9551,100,0
9552,510,1
9553,108,0
9554,108,0
9555,136,0
9556,114,0
9557,98,0
9558,100,0
9559,514,1
9560,106,0
9561,114,0
9562,96,0
9563,108,0
9564,100,0
9565,100,0
9566,526,1
9567,110,0
9568,108,0
9569,102,0
9570,114,0
9571,100,0
9572,100,0
9573,104,0
9574,102,0
9575,108,0
9576,100,0
9577,96,0
9578,506,1
9579,110,0
9580,110,0
9581,124,0
9582,108,0
9583,94,0
9584,100,0
9585,516,1
9586,108,0
9587,108,0
9588,96,0
9589,118,0
9590,104,0
9591,824,1
9592,114,0
9593,120,0
9594,114,0
9595,98,0
9596,98,0
9597,510,1
9598,834,1
9599,104,0
9600,110,0
9601,108,0
9602,100,0
9603,524,1
9604,110,0
9605,112,0
9606,104,0
9607,98,0
9608,100,0
9609,104,0
9610,836,1
9611,112,0
9612,108,0
9613,110,0
9614,98,0
9615,94,0
9616,108,0
9617,100,0
9618,108,0
9619,138,0
9620,110,0
9621,96,0
9622,94,0
9623,116,0
9624,114,0
9625,102,0
9626,132,0
9627,108,0
9628,96,0
9629,98,0
9630,520,1
9631,110,0
9632,110,0
9633,136,0
9634,110,0
9635,96,0
9636,94,0
9637,110,0
9638,826,1
9639,108,0
9640,106,0
9641,110,0
9642,100,0
9643,106,0
9644,106,0
9645,100,0
9646,108,0
9647,94,0
9648,114,0
9649,110,0
9650,106,0
9651,106,0
9652,114,0
9653,102,0
9654,100,0
9655,100,0
9656,530,1
9657,844,1
9658,110,0
9659,104,0
9660,112,0
9661,98,0
9662,98,0
9663,108,0
9664,102,0
9665,110,0
9666,104,0
9667,110,0
9668,98,0
9669,110,0
9670,96,0
9671,94,0
9672,110,0
9673,108,0
9674,116,0
9675,106,0
9676,110,0
9677,96,0
9678,102,0
9679,504,1
9680,822,1
9681,108,0
9682,128,0
9683,108,0
9684,110,0
9685,112,0
9686,96,0
9687,98,0
9688,114,0
9689,108,0
9690,108,0
9691,98,0
9692,98,0
9693,520,1
9694,104,0
9695,108,0
9696,110,0
9697,108,0
9698,100,0
9699,100,0
9700,498,1
9701,812,1
9702,106,0
9703,126,0
9704,110,0
9705,98,0
9706,100,0
9707,118,0
9708,114,0
9709,110,0
9710,98,0
9711,100,0
9712,108,0
9713,108,0
9714,106,0
9715,124,0
9716,110,0
9717,94,0
9718,98,0
9719,502,1
9720,834,1
9721,110,0
9722,100,0
9723,112,0
9724,100,0
9725,100,0
9726,108,0
9727,102,0
9728,104,0
9729,96,0
9730,128,0
9731,98,0
9732,102,0
9733,110,0
9734,102,0
9735,114,0
9736,104,0
9737,110,0
9738,98,0
9739,104,0
9740,110,0
9741,104,0
9742,108,0
9743,104,0
9744,108,0
9745,96,0
9746,536,1
9747,108,0
9748,108,0
9749,104,0
9750,100,0
9751,108,0
9752,100,0
9753,512,1
9754,110,0
9755,100,0
9756,106,0
9757,108,0
9758,110,0
9759,120,0
9760,104,0
9761,98,0
9762,100,0
9763,110,0
9764,818,1
9765,110,0
9766,112,0
9767,104,0
9768,98,0
9769,98,0
9770,114,0
9771,124,0
9772,114,0
9773,110,0
9774,108,0
9775,96,0
9776,106,0
9777,108,0
9778,116,0
9779,110,0
9780,100,0
9781,100,0
9782,108,0
9783,104,0
9784,106,0
9785,122,0
9786,108,0
9787,100,0
9788,104,0
9789,114,0
9790,116,0
9791,108,0
9792,106,0
9793,108,0
9794,96,0
9795,100,0
9796,116,0
9797,100,0
9798,104,0
9799,100,0
9800,108,0
9801,100,0
9802,116,0
9803,94,0
9804,106,0
9805,104,0
9806,102,0
9807,106,0
9808,104,0
9809,108,0
9810,100,0
9811,810,1
9812,104,0
9813,104,0
9814,108,0
9815,98,0
9816,100,0
9817,106,0
9818,820,1
9819,102,0
9820,104,0
9821,104,0
9822,98,0
9823,104,0
9824,108,0
9825,104,0
9826,108,0
9827,104,0
9828,104,0
9829,100,0
9830,96,0
9831,114,0
9832,108,0
9833,108,0
9834,110,0
9835,110,0
9836,94,0
9837,98,0
9838,504,1
9839,96,0
9840,110,0
9841,128,0
9842,110,0
9843,98,0
9844,98,0
9845,100,0
9846,100,0
9847,106,0
9848,120,0
9849,114,0
9850,118,0
9851,108,0
9852,98,0
9853,104,0
9854,98,0
9855,98,0
9856,106,0
9857,108,0
9858,108,0
9859,136,0
9860,108,0
9861,100,0
9862,94,0
9863,500,1
9864,106,0
9865,106,0
9866,118,0
9867,98,0
9868,100,0
9869,98,0
9870,108,0
9871,100,0
9872,110,0
9873,98,0
9874,108,0
9875,96,0
9876,534,1
9877,114,0
9878,114,0
9879,104,0
9880,98,0
9881,100,0
9882,104,0
9883,112,0
9884,110,0
9885,102,0
9886,108,0
9887,100,0
9888,98,0
9889,110,0
9890,96,0
9891,110,0
9892,106,0
9893,106,0
9894,98,0
9895,534,1
9896,106,0
9897,122,0
9898,110,0
9899,102,0
9900,108,0
9901,100,0
9902,104,0
9903,106,0
9904,100,0
9905,108,0
9906,116,0
9907,110,0
9908,96,0
9909,100,0
9910,112,0
9911,102,0
9912,114,0
9913,96,0
9914,108,0
9915,110,0
9916,104,0
9917,104,0
9918,98,0
9919,98,0
9920,116,0
9921,110,0
9922,110,0
9923,118,0
9924,106,0
9925,94,0
9926,104,0
9927,106,0
9928,824,1
9929,112,0
9930,128,0
9931,108,0
9932,100,0
9933,524,1
9934,112,0
9935,104,0
9936,104,0
9937,98,0
9938,108,0
9939,104,0
9940,106,0
9941,110,0
9942,116,0
9943,118,0
9944,104,0
9945,110,0
9946,96,0
9947,514,1
9948,108,0
9949,116,0
9950,110,0
9951,118,0
9952,110,0
9953,102,0
9954,100,0
9955,114,0
9956,114,0
9957,104,0
9958,120,0
9959,108,0
9960,98,0
9961,98,0
9962,118,0
9963,104,0
9964,104,0
9965,110,0
9966,116,0
9967,98,0
9968,846,1
9969,110,0
9970,98,0
9971,104,0
9972,104,0
9973,108,0
9974,110,0
9975,98,0
9976,116,0
9977,98,0
9978,94,0
9979,108,0
9980,102,0
9981,108,0
9982,814,1
9983,112,0
9984,124,0
9985,106,0
9986,110,0
9987,108,0
9988,94,0
9989,108,0
9990,108,0
9991,100,0
9992,108,0
9993,100,0
9994,98,0
9995,112,0
9996,104,0
9997,96,0
9998,512,1
9999,102,0
10000,112,0
10001,108,0
10002,108,0
10003,108,0
10004,114,0
10005,92,0
10006,98,0
10007,108,0
10008,104,0
10009,106,0
10010,98,0
10011,106,0
10012,526,1
10013,820,1
10014,108,0
10015,108,0
10016,108,0
10017,94,0
10018,100,0
10019,116,0
10020,824,1
10021,104,0
10022,140,0
10023,108,0
10024,100,0
10025,104,0
10026,102,0
10027,106,0
10028,114,0
10029,116,0
10030,108,0
10031,98,0
10032,100,0
10033,114,0
10034,114,0
10035,104,0
10036,108,0
10037,110,0
10038,98,0
10039,98,0
10040,108,0
10041,810,1
10042,106,0
10043,110,0
10044,110,0
10045,100,0
10046,102,0
10047,104,0
10048,804,1
10049,110,0
10050,116,0
10051,112,0
10052,104,0
10053,110,0
10054,106,0
10055,108,0
10056,110,0
10057,102,0
10058,118,0
10059,100,0
10060,100,0
10061,116,0
10062,110,0
10063,108,0
10064,106,0
10065,106,0
10066,100,0
10067,98,0
10068,512,1
10069,832,1
10070,108,0
10071,132,0
10072,108,0
10073,94,0
10074,104,0
10075,108,0
10076,104,0
10077,114,0
10078,100,0
10079,104,0
10080,108,0
10081,106,0
10082,98,0
10083,128,0
10084,96,0
10085,110,0
10086,104,0
10087,98,0
10088,110,0
10089,132,0
10090,110,0
10091,100,0
10092,104,0
10093,94,0
10094,548,1
10095,118,0
10096,104,0
10097,106,0
10098,112,0
10099,110,0
10100,94,0
10101,98,0
10102,108,0
10103,104,0
10104,114,0
10105,100,0
10106,100,0
10107,120,0
10108,118,0
10109,98,0
10110,98,0
10111,508,1
10112,104,0
10113,108,0
10114,104,0
10115,108,0
10116,96,0
10117,108,0
10118,100,0
10119,116,0
10120,110,0
10121,102,0
10122,104,0
10123,100,0
10124,110,0
10125,98,0
10126,98,0
10127,508,1
10128,114,0
10129,110,0
10130,110,0
10131,110,0
10132,830,1
10133,110,0
10134,110,0
10135,114,0
10136,96,0
10137,104,0
10138,522,1
10139,126,0
10140,110,0
10141,100,0
10142,108,0
10143,98,0
10144,516,1
10145,114,0
10146,106,0
10147,104,0
10148,108,0
10149,114,0
10150,96,0
10151,528,1
10152,114,0
10153,112,0
10154,110,0
10155,106,0
10156,116,0
10157,108,0
10158,118,0
10159,106,0
10160,102,0
10161,110,0
10162,104,0
10163,106,0
10164,98,0
10165,104,0
10166,112,0
10167,100,0
10168,108,0
10169,134,0
10170,108,0
10171,100,0
10172,110,0
10173,98,0
10174,100,0
10175,112,0
10176,110,0
10177,110,0
10178,112,0
10179,108,0
10180,106,0
10181,106,0
10182,108,0
10183,116,0
10184,108,0
10185,114,0
10186,102,0
10187,94,0
10188,110,0
10189,100,0
10190,106,0
10191,108,0
10192,106,0
10193,110,0
10194,104,0
10195,108,0
10196,102,0
10197,118,0
10198,104,0
10199,104,0
10200,108,0
10201,98,0
10202,104,0
10203,110,0
10204,108,0
10205,100,0
10206,100,0
10207,508,1
10208,104,0
10209,106,0
10210,122,0
10211,118,0
10212,98,0
10213,98,0
10214,510,1
10215,820,1
10216,104,0
10217,102,0
10218,110,0
10219,100,0
10220,104,0
10221,110,0
10222,128,0
10223,110,0
10224,98,0
10225,106,0
10226,100,0
10227,104,0
10228,108,0
10229,108,0
10230,118,0
10231,98,0
10232,100,0
10233,110,0
10234,106,0
10235,110,0
10236,132,0
10237,104,0
10238,98,0
10239,510,1
10240,110,0
10241,100,0
10242,112,0
10243,98,0
10244,530,1
10245,108,0
10246,110,0
10247,110,0
10248,106,0
10249,104,0
10250,98,0
10251,104,0
10252,108,0
10253,100,0
10254,106,0
10255,98,0
10256,96,0
10257,108,0
10258,114,0
10259,106,0
10260,104,0
10261,106,0
10262,98,0
10263,544,1
10264,104,0
10265,100,0
10266,106,0
10267,108,0
10268,104,0
10269,100,0
10270,96,0
10271,114,0
10272,126,0
10273,112,0
10274,120,0
10275,114,0
10276,100,0
10277,98,0
10278,106,0
10279,100,0
10280,108,0
10281,118,0
10282,112,0
10283,116,0
10284,104,0
10285,102,0
10286,534,1
10287,106,0
10288,104,0
10289,110,0
10290,98,0
10291,100,0
10292,510,1
10293,114,0
10294,114,0
10295,100,0
10296,124,0
10297,126,0
10298,104,0
10299,106,0
10300,104,0
10301,108,0
10302,94,0
10303,98,0
10304,114,0
10305,114,0
10306,114,0
10307,98,0
10308,96,0
10309,510,1
10310,102,0
10311,114,0
10312,96,0
10313,112,0
10314,100,0
10315,108,0
10316,104,0
10317,100,0
10318,110,0
10319,124,0
10320,104,0
10321,96,0
10322,98,0
10323,116,0
10324,108,0
10325,110,0
10326,100,0
10327,114,0
10328,100,0
10329,118,0
10330,110,0
10331,106,0
10332,110,0
10333,100,0
10334,120,0
10335,104,0
10336,100,0
10337,100,0
10338,98,0
10339,110,0
10340,106,0
10341,98,0
10342,102,0
10343,110,0
10344,96,0
10345,96,0
10346,106,0
10347,108,0
10348,110,0
10349,102,0
10350,108,0
10351,100,0
10352,110,0
10353,110,0
10354,106,0
10355,106,0
10356,132,0
10357,108,0
10358,98,0
10359,512,1
10360,112,0
10361,118,0
10362,106,0
10363,136,0
10364,108,0
10365,98,0
10366,98,0
10367,506,1
10368,102,0
10369,110,0
10370,104,0
10371,104,0
10372,100,0
10373,110,0
10374,96,0
10375,106,0
10376,106,0
10377,108,0
10378,110,0
10379,108,0
10380,118,0
10381,98,0
10382,98,0
10383,110,0
10384,820,1
10385,110,0
10386,110,0
10387,106,0
10388,100,0
10389,100,0
10390,498,1
10391,112,0
10392,110,0
10393,100,0
10394,116,0
10395,98,0
10396,100,0
10397,114,0
10398,104,0
10399,110,0
10400,124,0
10401,110,0
10402,96,0
10403,104,0
10404,110,0
10405,108,0
10406,104,0
10407,106,0
10408,110,0
10409,106,0
10410,108,0
10411,100,0
10412,112,0
10413,110,0
10414,104,0
10415,100,0
10416,100,0
10417,118,0
10418,98,0
10419,108,0
10420,110,0
10421,114,0
10422,104,0
10423,96,0
10424,108,0
10425,108,0
10426,120,0
10427,110,0
10428,120,0
10429,108,0
10430,100,0
10431,100,0
10432,104,0
10433,118,0
10434,114,0
10435,96,0
10436,108,0
10437,98,0
10438,822,1
10439,110,0
10440,102,0
10441,110,0
10442,96,0
10443,110,0
10444,114,0
10445,110,0
10446,104,0
10447,98,0
10448,100,0
10449,96,0
10450,122,0
10451,100,0
10452,104,0
10453,114,0
10454,108,0
10455,108,0
10456,128,0
10457,108,0
10458,94,0
10459,108,0
10460,98,0
10461,538,1
10462,112,0
10463,118,0
10464,110,0
10465,98,0
10466,110,0
10467,112,0
10468,106,0
10469,114,0
10470,100,0
10471,104,0
10472,100,0
10473,120,0
10474,110,0
10475,114,0
10476,110,0
10477,104,0
10478,102,0
10479,112,0
10480,108,0
10481,98,0
10482,118,0
10483,114,0
10484,110,0
10485,108,0
10486,120,0
10487,110,0
10488,96,0
10489,100,0
10490,104,0
10491,104,0
10492,116,0
10493,94,0
10494,110,0
10495,96,0
10496,102,0
10497,128,0
10498,104,0
10499,108,0
10500,100,0
10501,106,0
10502,118,0
10503,102,0
10504,98,0
10505,522,1
10506,104,0
10507,104,0
10508,106,0
10509,116,0
10510,110,0
10511,96,0
10512,98,0
10513,498,1
10514,110,0
10515,104,0
10516,138,0
10517,118,0
10518,100,0
10519,102,0
10520,110,0
10521,104,0
10522,104,0
10523,100,0
10524,104,0
10525,108,0
10526,108,0
10527,100,0
10528,104,0
10529,506,1
10530,104,0
10531,108,0
10532,126,0
10533,104,0
10534,100,0
10535,98,0
10536,506,1
10537,98,0
10538,110,0
10539,104,0
10540,108,0
10541,98,0
10542,108,0
10543,100,0
10544,114,0
10545,114,0
10546,104,0
10547,110,0
10548,118,0
10549,110,0
10550,102,0
10551,98,0
10552,510,1
10553,112,0
10554,108,0
10555,104,0
10556,104,0
10557,100,0
10558,100,0
10559,104,0
10560,142,0
10561,108,0
10562,98,0
10563,96,0
10564,114,0
10565,104,0
10566,104,0
10567,98,0
10568,96,0
10569,116,0
10570,116,0
10571,118,0
10572,102,0
10573,106,0
10574,98,0
10575,108,0
10576,116,0
10577,118,0
10578,108,0
10579,98,0
10580,108,0
10581,106,0
10582,108,0
10583,110,0
10584,102,0
10585,110,0
10586,96,0
10587,98,0
10588,502,1
10589,104,0
10590,108,0
10591,104,0
10592,110,0
10593,100,0
10594,128,0
10595,106,0
10596,122,0
10597,114,0
10598,108,0
10599,108,0
10600,108,0
10601,108,0
10602,98,0
10603,100,0
10604,502,1
10605,96,0
10606,110,0
10607,142,0
10608,108,0
10609,96,0
10610,96,0
10611,114,0
10612,836,1
10613,110,0
10614,120,0
10615,116,0
10616,96,0
10617,110,0
10618,98,0
10619,98,0
10620,118,0
10621,112,0
10622,108,0
10623,120,0
10624,114,0
10625,110,0
10626,104,0
10627,100,0
10628,108,0
10629,112,0
10630,110,0
10631,118,0
10632,106,0
10633,112,0
10634,92,0
10635,106,0
10636,108,0
10637,114,0
10638,110,0
10639,120,0
10640,106,0
10641,96,0
10642,110,0
10643,98,0
10644,514,1
10645,110,0
10646,114,0
10647,106,0
10648,122,0
10649,110,0
10650,96,0
10651,98,0
10652,508,1
10653,104,0
10654,104,0
10655,100,0
10656,106,0
10657,98,0
10658,116,0
10659,114,0
10660,100,0
10661,108,0
10662,100,0
10663,106,0
10664,100,0
10665,104,0
10666,114,0
10667,104,0
10668,106,0
10669,108,0
10670,108,0
10671,104,0
10672,108,0
10673,104,0
10674,832,1
10675,110,0
10676,98,0
10677,98,0
10678,104,0
10679,120,0
10680,106,0
10681,94,0
10682,94,0
10683,108,0
10684,112,0
10685,110,0
10686,112,0
10687,108,0
10688,114,0
10689,104,0
10690,126,0
10691,112,0
10692,96,0
10693,98,0
10694,110,0
10695,114,0
10696,104,0
10697,112,0
10698,110,0
10699,96,0
10700,96,0
10701,104,0
10702,100,0
10703,110,0
10704,106,0
10705,104,0
10706,100,0
10707,514,1
10708,118,0
10709,126,0
10710,110,0
10711,100,0
10712,110,0
10713,100,0
10714,116,0
10715,114,0
10716,114,0
10717,104,0
10718,118,0
10719,110,0
10720,98,0
10721,98,0
10722,112,0
10723,116,0
10724,104,0
10725,102,0
10726,116,0
10727,106,0
10728,100,0
10729,106,0
10730,104,0
10731,108,0
10732,118,0
10733,110,0
10734,98,0
10735,100,0
10736,108,0
10737,102,0
10738,102,0
10739,98,0
10740,98,0
10741,510,1
10742,102,0
10743,114,0
10744,100,0
10745,110,0
10746,98,0
10747,98,0
10748,114,0
10749,106,0
10750,114,0
10751,116,0
10752,110,0
10753,98,0
10754,106,0
10755,110,0
10756,102,0
10757,110,0
10758,100,0
10759,108,0
10760,108,0
10761,822,1
10762,108,0
10763,104,0
10764,98,0
10765,108,0
10766,824,1
10767,106,0
10768,112,0
10769,104,0
10770,98,0
10771,114,0
10772,104,0
10773,104,0
10774,108,0
10775,100,0
10776,110,0
10777,98,0
10778,528,1
10779,104,0
10780,122,0
10781,112,0
10782,98,0
10783,100,0
10784,518,1
10785,104,0
10786,108,0
10787,108,0
10788,104,0
10789,122,0
10790,110,0
10791,94,0
10792,100,0
10793,110,0
10794,100,0
10795,108,0
10796,100,0
10797,96,0
10798,106,0
10799,118,0
10800,108,0
10801,100,0
10802,108,0
10803,98,0
10804,510,1
10805,108,0
10806,114,0
10807,108,0
10808,94,0
10809,104,0
10810,118,0
10811,110,0
10812,108,0
10813,132,0
10814,104,0
10815,100,0
10816,544,1
10817,106,0
10818,104,0
10819,110,0
10820,92,0
10821,110,0
10822,114,0
10823,108,0
10824,102,0
10825,106,0
10826,106,0
10827,98,0
10828,108,0
10829,98,0
10830,118,0
10831,110,0
10832,108,0
10833,112,0
10834,106,0
10835,108,0
10836,112,0
10837,114,0
10838,102,0
10839,100,0
10840,106,0
10841,104,0
10842,108,0
10843,118,0
10844,118,0
10845,96,0
10846,100,0
10847,104,0
10848,108,0
10849,110,0
10850,104,0
10851,110,0
10852,100,0
10853,102,0
10854,98,0
10855,104,0
10856,104,0
10857,108,0
10858,104,0
10859,126,0
10860,100,0
10861,100,0
10862,106,0
10863,106,0
10864,100,0
10865,116,0
10866,100,0
10867,98,0
10868,108,0
10869,94,0
10870,108,0
10871,100,0
10872,100,0
10873,504,1
10874,118,0
10875,112,0
10876,122,0
10877,106,0
10878,96,0
10879,110,0
10880,110,0
10881,108,0
10882,114,0
10883,106,0
10884,108,0
10885,96,0
10886,96,0
10887,108,0
10888,108,0
10889,108,0
10890,100,0
10891,108,0
10892,98,0
10893,104,0
10894,104,0
10895,108,0
10896,108,0
10897,104,0
10898,106,0
10899,96,0
10900,100,0
10901,118,0
10902,102,0
10903,108,0
10904,102,0
10905,106,0
10906,98,0
10907,98,0
10908,508,1
10909,108,0
10910,108,0
10911,126,0
10912,112,0
10913,96,0
10914,516,1
10915,120,0
10916,124,0
10917,106,0
10918,96,0
10919,96,0
10920,508,1
10921,110,0
10922,108,0
10923,98,0
10924,92,0
10925,508,1
10926,822,1
10927,106,0
10928,100,0
10929,108,0
10930,94,0
10931,104,0
10932,96,0
10933,104,0
10934,110,0
10935,108,0
10936,108,0
10937,100,0
10938,96,0
10939,502,1
10940,98,0
10941,114,0
10942,110,0
10943,104,0
10944,114,0
10945,108,0
10946,100,0
10947,100,0
10948,106,0
10949,820,1
10950,104,0
10951,108,0
10952,106,0
10953,98,0
10954,96,0
10955,104,0
10956,822,1
10957,110,0
10958,124,0
10959,104,0
10960,100,0
10961,100,0
10962,116,0
10963,104,0
10964,104,0
10965,98,0
10966,108,0
10967,98,0
10968,98,0
10969,104,0
10970,104,0
10971,112,0
10972,98,0
10973,108,0
10974,118,0
10975,108,0
10976,104,0
10977,120,0
10978,108,0
10979,110,0
10980,104,0
10981,94,0
10982,100,0
10983,114,0
10984,110,0
10985,114,0
10986,114,0
10987,110,0
10988,94,0
10989,100,0
10990,102,0
10991,104,0
10992,108,0
10993,106,0
10994,104,0
10995,100,0
10996,96,0
10997,108,0
10998,98,0
10999,112,0
11000,108,0
11001,108,0
11002,98,0
11003,94,0
11004,506,1
11005,104,0
11006,110,0
11007,100,0
11008,102,0
11009,500,1
11010,104,0
11011,104,0
11012,112,0
11013,108,0
11014,96,0
11015,108,0
11016,108,0
11017,818,1
11018,102,0
11019,98,0
11020,104,0
11021,98,0
11022,110,0
11023,104,0
11024,98,0
11025,106,0
11026,94,0
11027,110,0
11028,108,0
11029,126,0
11030,110,0
11031,100,0
11032,100,0
11033,112,0
11034,108,0
11035,106,0
11036,110,0
11037,108,0
11038,126,0
11039,108,0
11040,100,0
11041,512,1
11042,108,0
11043,106,0
11044,108,0
11045,110,0
11046,110,0
11047,100,0
11048,98,0
11049,108,0
11050,108,0
11051,112,0
11052,144,0
11053,110,0
11054,98,0
11055,96,0
11056,502,1
11057,104,0
11058,104,0
11059,106,0
11060,104,0
11061,96,0
11062,108,0
11063,100,0
11064,100,0
11065,114,0
11066,842,1
11067,116,0
11068,118,0
11069,114,0
11070,96,0
11071,118,0
11072,106,0
11073,108,0
11074,108,0
11075,120,0
11076,110,0
11077,98,0
11078,98,0
11079,104,0
11080,104,0
11081,106,0
11082,118,0
11083,110,0
11084,98,0
11085,96,0
11086,110,0
11087,100,0
11088,110,0
11089,112,0
11090,106,0
11091,100,0
11092,108,0
11093,108,0
11094,128,0
11095,104,0
11096,100,0
11097,108,0
11098,104,0
11099,108,0
11100,110,0
11101,104,0
11102,108,0
11103,98,0
11104,98,0
11105,494,1
11106,104,0
11107,110,0
11108,100,0
11109,104,0
11110,110,0
11111,112,0
11112,96,0
11113,94,0
11114,104,0
11115,114,0
11116,102,0
11117,98,0
11118,110,0
11119,516,1
11120,822,1
11121,104,0
11122,98,0
11123,112,0
11124,94,0
11125,110,0
11126,108,0
11127,108,0
11128,104,0
11129,112,0
11130,106,0
11131,120,0
11132,104,0
11133,100,0
11134,114,0
11135,110,0
11136,110,0
11137,104,0
11138,100,0
11139,104,0
11140,100,0
11141,98,0
11142,498,1
11143,818,1
11144,110,0
11145,110,0
11146,110,0
11147,98,0
11148,100,0
11149,116,0
11150,830,1
11151,108,0
11152,128,0
11153,112,0
11154,100,0
11155,544,1
11156,106,0
11157,840,1
11158,104,0
11159,114,0
11160,108,0
11161,100,0
11162,94,0
11163,524,1
11164,102,0
11165,112,0
11166,98,0
11167,104,0
11168,98,0
11169,104,0
11170,108,0
11171,114,0
11172,108,0
11173,100,0
11174,114,0
11175,94,0
11176,104,0
11177,106,0
11178,108,0
11179,106,0
11180,100,0
11181,108,0
11182,96,0
11183,104,0
11184,106,0
11185,108,0
11186,108,0
11187,108,0
11188,112,0
11189,96,0
11190,94,0
11191,110,0
11192,102,0
11193,104,0
11194,108,0
11195,106,0
11196,126,0
11197,106,0
11198,110,0
11199,114,0
11200,96,0
11201,538,1
11202,110,0
11203,106,0
11204,114,0
11205,108,0
11206,104,0
11207,110,0
11208,512,1
11209,114,0
11210,114,0
11211,104,0
11212,102,0
11213,108,0
11214,98,0
11215,96,0
11216,112,0
11217,832,1
11218,112,0
11219,100,0
11220,106,0
11221,98,0
11222,520,1
11223,114,0
11224,108,0
11225,108,0
11226,100,0
11227,98,0
11228,516,1
11229,114,0
11230,108,0
11231,128,0
11232,104,0
11233,98,0
11234,118,0
11235,118,0
11236,122,0
11237,104,0
11238,98,0
11239,118,0
11240,96,0
11241,104,0
11242,108,0
11243,104,0
11244,110,0
11245,108,0
11246,110,0
11247,92,0
11248,100,0
11249,108,0
11250,822,1
11251,108,0
11252,118,0
11253,112,0
11254,94,0
11255,104,0
11256,110,0
11257,820,1
11258,106,0
11259,118,0
11260,110,0
11261,100,0
11262,96,0
11263,106,0
11264,116,0
11265,110,0
11266,94,0
11267,106,0
11268,98,0
11269,110,0
11270,108,0
11271,110,0
11272,104,0
11273,100,0
11274,124,0
11275,108,0
11276,122,0
11277,104,0
11278,94,0
11279,98,0
11280,106,0
11281,104,0
11282,110,0
11283,110,0
11284,106,0
11285,116,0
11286,106,0
11287,96,0
11288,104,0
11289,114,0
11290,820,1
11291,106,0
11292,94,0
11293,110,0
11294,98,0
11295,100,0
11296,108,0
11297,110,0
11298,110,0
11299,118,0
11300,114,0
11301,98,0
11302,128,0
11303,98,0
11304,516,1
11305,110,0
11306,108,0
11307,114,0
11308,98,0
11309,110,0
11310,98,0
11311,96,0
11312,110,0
11313,114,0
11314,110,0
11315,100,0
11316,110,0
11317,110,0
11318,108,0
11319,116,0
11320,100,0
11321,118,0
11322,94,0
11323,530,1
11324,108,0
11325,106,0
11326,106,0
11327,100,0
11328,114,0
11329,98,0
11330,112,0
11331,98,0
11332,96,0
11333,530,1
11334,118,0
11335,104,0
11336,104,0
11337,110,0
11338,98,0
11339,104,0
11340,108,0
11341,122,0
11342,108,0
11343,98,0
11344,96,0
11345,518,1
11346,100,0
11347,108,0
11348,114,0
11349,116,0
11350,118,0
11351,106,0
11352,96,0
11353,120,0
11354,98,0
11355,114,0
11356,108,0
11357,116,0
11358,108,0
11359,108,0
11360,102,0
11361,100,0
11362,508,1
11363,104,0
11364,108,0
11365,108,0
11366,104,0
11367,110,0
11368,100,0
11369,102,0
11370,108,0
11371,96,0
11372,110,0
11373,108,0
11374,110,0
11375,122,0
11376,112,0
11377,98,0
11378,536,1
11379,110,0
11380,110,0
11381,108,0
11382,130,0
11383,114,0
11384,96,0
11385,110,0
11386,98,0
11387,108,0
11388,106,0
11389,132,0
11390,100,0
11391,98,0
11392,98,0
11393,104,0
11394,104,0
11395,108,0
11396,96,0
11397,106,0
11398,96,0
11399,106,0
11400,110,0
11401,106,0
11402,106,0
11403,100,0
11404,106,0
11405,96,0
11406,514,1
11407,112,0
11408,110,0
11409,118,0
11410,94,0
11411,94,0
11412,110,0
11413,104,0
11414,108,0
11415,130,0
11416,108,0
11417,98,0
11418,126,0
11419,106,0
11420,104,0
11421,116,0
11422,130,0
11423,104,0
11424,100,0
11425,528,1
11426,110,0
11427,118,0
11428,106,0
11429,106,0
11430,108,0
11431,96,0
11432,518,1
11433,108,0
11434,118,0
11435,114,0
11436,110,0
11437,118,0
11438,102,0
11439,104,0
11440,108,0
11441,104,0
11442,108,0
11443,98,0
11444,100,0
11445,110,0
11446,848,1
11447,108,0
11448,104,0
11449,110,0
11450,98,0
11451,96,0
11452,108,0
11453,110,0
11454,106,0
11455,128,0
11456,110,0
11457,100,0
11458,98,0
11459,502,1
11460,108,0
11461,110,0
11462,96,0
11463,100,0
11464,100,0
11465,98,0
11466,508,1
11467,110,0
11468,110,0
11469,118,0
11470,110,0
11471,98,0
11472,530,1
11473,108,0
11474,106,0
11475,106,0
11476,118,0
11477,112,0
11478,100,0
11479,98,0
11480,512,1
11481,828,1
11482,108,0
11483,108,0
11484,112,0
11485,98,0
11486,98,0
11487,116,0
11488,100,0
11489,104,0
11490,96,0
11491,108,0
11492,510,1
11493,102,0
11494,110,0
11495,102,0
11496,110,0
11497,96,0
11498,100,0
11499,504,1
11500,108,0
11501,104,0
11502,104,0
11503,110,0
11504,98,0
11505,102,0
11506,110,0
11507,114,0
11508,108,0
11509,108,0
11510,104,0
11511,98,0
11512,520,1
11513,110,0
11514,114,0
11515,110,0
11516,118,0
11517,110,0
11518,100,0
11519,98,0
11520,506,1
11521,102,0
11522,108,0
11523,112,0
11524,120,0
11525,98,0
11526,94,0
11527,506,1
11528,806,1
11529,106,0
11530,104,0
11531,112,0
11532,94,0
11533,530,1
11534,102,0
11535,104,0
11536,108,0
11537,138,0
11538,108,0
11539,98,0
11540,98,0
11541,506,1
11542,104,0
11543,110,0
11544,100,0
11545,110,0
11546,126,0
11547,110,0
11548,96,0
11549,96,0
11550,502,1
11551,826,1
11552,104,0
11553,100,0
11554,110,0
11555,108,0
11556,106,0
11557,110,0
11558,112,0
11559,110,0
11560,100,0
11561,104,0
11562,98,0
11563,108,0
11564,96,0
11565,102,0
11566,108,0
11567,104,0
11568,108,0
11569,96,0
11570,98,0
11571,114,0
11572,110,0
11573,108,0
11574,112,0
11575,106,0
11576,98,0
11577,100,0
11578,510,1
11579,108,0
11580,104,0
11581,122,0
11582,114,0
11583,98,0
11584,112,0
11585,106,0
11586,110,0
11587,108,0
11588,104,0
11589,104,0
11590,98,0
11591,94,0
11592,508,1
11593,126,0
11594,102,0
11595,118,0
11596,102,0
11597,94,0
11598,100,0
11599,110,0
11600,114,0
11601,104,0
11602,96,0
11603,104,0
11604,98,0
11605,106,0
11606,108,0
11607,128,0
11608,108,0
11609,102,0
11610,106,0
11611,94,0
11612,100,0
11613,524,1
11614,108,0
11615,108,0
11616,126,0
11617,114,0
11618,98,0
11619,110,0
11620,104,0
11621,104,0
11622,104,0
11623,112,0
11624,110,0
11625,102,0
11626,110,0
11627,98,0
11628,106,0
11629,110,0
11630,112,0
11631,112,0
11632,128,0
11633,106,0
11634,100,0
11635,96,0
11636,110,0
11637,102,0
11638,106,0
11639,100,0
11640,102,0
11641,100,0
11642,100,0
11643,508,1
11644,1216,1
11645,104,0
11646,98,0
11647,98,0
11648,506,1
11649,108,0
11650,108,0
11651,120,0
11652,110,0
11653,98,0
11654,112,0
11655,104,0
11656,110,0
11657,108,0
11658,130,0
11659,108,0
11660,98,0
11661,106,0
11662,94,0
11663,124,0
11664,114,0
11665,104,0
11666,104,0
11667,120,0
11668,114,0
11669,98,0
11670,106,0
11671,100,0
11672,122,0
11673,108,0
11674,818,1
11675,104,0
11676,120,0
11677,102,0
11678,96,0
11679,528,1
11680,110,0
11681,118,0
11682,112,0
11683,138,0
11684,106,0
11685,100,0
11686,534,1
11687,110,0
11688,104,0
11689,104,0
11690,96,0
11691,100,0
11692,500,1
11693,842,1
11694,110,0
11695,106,0
11696,114,0
11697,100,0
11698,100,0
11699,104,0
11700,106,0
11701,110,0
11702,120,0
11703,112,0
11704,98,0
11705,100,0
11706,516,1
11707,124,0
11708,104,0
11709,98,0
11710,108,0
11711,98,0
11712,98,0
11713,114,0
11714,822,1
11715,102,0
11716,124,0
11717,114,0
11718,100,0
11719,98,0
11720,116,0
11721,108,0
11722,110,0
11723,126,0
11724,106,0
11725,96,0
11726,114,0
11727,108,0
11728,108,0
11729,106,0
11730,100,0
11731,106,0
11732,98,0
11733,98,0
11734,104,0
11735,106,0
11736,110,0
11737,102,0
11738,118,0
11739,100,0
11740,516,1
11741,110,0
11742,96,0
11743,106,0
11744,100,0
11745,102,0
11746,494,1
11747,110,0
11748,108,0
11749,128,0
11750,120,0
11751,98,0
11752,96,0
11753,508,1
11754,108,0
11755,106,0
11756,100,0
11757,108,0
11758,98,0
11759,502,1
11760,110,0
11761,120,0
11762,104,0
11763,118,0
11764,110,0
11765,100,0
11766,100,0
11767,508,1
11768,108,0
11769,108,0
11770,124,0
11771,106,0
11772,98,0
11773,510,1
11774,112,0
11775,104,0
11776,104,0
11777,110,0
11778,114,0
11779,100,0
11780,100,0
11781,108,0
11782,104,0
11783,104,0
11784,100,0
11785,104,0
11786,98,0
11787,108,0
11788,100,0
11789,114,0
11790,106,0
11791,112,0
11792,114,0
11793,100,0
11794,100,0
11795,110,0
11796,110,0
11797,114,0
11798,116,0
11799,104,0
11800,98,0
11801,112,0
11802,118,0
11803,108,0
11804,106,0
11805,108,0
11806,110,0
11807,100,0
11808,132,0
11809,110,0
11810,98,0
11811,106,0
11812,100,0
11813,108,0
11814,104,0
11815,110,0
11816,100,0
11817,824,1
11818,110,0
11819,102,0
11820,108,0
11821,98,0
11822,100,0
11823,110,0
11824,820,1
11825,108,0
11826,104,0
11827,104,0
11828,100,0
11829,106,0
11830,106,0
11831,104,0
11832,104,0
11833,120,0
11834,108,0
11835,98,0
11836,108,0
11837,100,0
11838,98,0
11839,108,0
11840,828,1
11841,112,0
11842,132,0
11843,116,0
11844,98,0
11845,122,0
11846,110,0
11847,100,0
11848,114,0
11849,104,0
11850,108,0
11851,102,0
11852,114,0
11853,106,0
11854,104,0
11855,108,0
11856,114,0
11857,108,0
11858,94,0
11859,112,0
11860,104,0
11861,114,0
11862,108,0
11863,116,0
11864,108,0
11865,96,0
11866,100,0
11867,118,0
11868,830,1
11869,108,0
11870,114,0
11871,114,0
11872,100,0
11873,98,0
11874,108,0
11875,104,0
11876,104,0
11877,100,0
11878,112,0
11879,98,0
11880,104,0
11881,96,0
11882,96,0
11883,104,0
11884,100,0
11885,110,0
11886,110,0
11887,110,0
11888,110,0
11889,110,0
11890,100,0
11891,100,0
11892,514,1
11893,828,1
11894,110,0
11895,136,0
11896,110,0
11897,100,0
11898,110,0
11899,106,0
11900,510,1
11901,106,0
11902,104,0
11903,108,0
11904,102,0
11905,108,0
11906,96,0
11907,112,0
11908,102,0
11909,114,0
11910,110,0
11911,100,0
11912,112,0
11913,104,0
11914,106,0
11915,98,0
11916,98,0
11917,112,0
11918,814,1
11919,108,0
11920,134,0
11921,104,0
11922,94,0
11923,94,0
11924,530,1
11925,98,0
11926,104,0
11927,826,1
11928,104,0
11929,140,0
11930,108,0
11931,116,0
11932,104,0
11933,98,0
11934,106,0
11935,114,0
11936,110,0
11937,112,0
11938,146,0
11939,112,0
11940,94,0
11941,512,1
11942,110,0
11943,106,0
11944,110,0
11945,96,0
11946,98,0
11947,510,1
11948,110,0
11949,104,0
11950,104,0
11951,114,0
11952,98,0
11953,108,0
11954,118,0
11955,110,0
11956,104,0
11957,102,0
11958,110,0
11959,100,0
11960,102,0
11961,110,0
11962,822,1
11963,116,0
11964,110,0
11965,108,0
11966,100,0
11967,96,0
11968,102,0
11969,104,0
11970,106,0
11971,124,0
11972,110,0
11973,98,0
11974,96,0
11975,502,1
11976,824,1
11977,108,0
11978,106,0
11979,104,0
11980,102,0
11981,96,0
11982,110,0
11983,116,0
11984,106,0
11985,120,0
11986,110,0
11987,98,0
11988,96,0
11989,112,0
11990,106,0
11991,104,0
11992,100,0
11993,122,0
11994,96,0
11995,110,0
11996,100,0
11997,100,0
11998,116,0
11999,98,0
12000,96,0
12001,112,0
12002,104,0
12003,104,0
12004,118,0
12005,108,0
12006,98,0
12007,98,0
12008,156,0
12009,96,0
12010,98,0
12011,502,1
12012,846,1
12013,114,0
12014,102,0
12015,120,0
12016,104,0
12017,520,1
12018,110,0
12019,106,0
12020,104,0
12021,104,0
12022,108,0
12023,96,0
12024,100,0
12025,112,0
12026,108,0
12027,104,0
12028,112,0
12029,106,0
12030,100,0
12031,106,0
12032,100,0
12033,106,0
12034,114,0
12035,836,1
12036,112,0
12037,104,0
12038,104,0
12039,96,0
12040,124,0
12041,112,0
12042,106,0
12043,112,0
12044,100,0
12045,120,0
12046,98,0
12047,104,0
12048,112,0
12049,104,0
12050,110,0
12051,98,0
12052,98,0
12053,118,0
12054,108,0
12055,106,0
12056,104,0
12057,110,0
12058,100,0
12059,100,0
12060,508,1
12061,822,1
12062,108,0
12063,114,0
12064,106,0
12065,102,0
12066,110,0
12067,100,0
12068,100,0
12069,516,1
12070,114,0
12071,108,0
12072,102,0
12073,104,0
12074,100,0
12075,530,1
12076,114,0
12077,108,0
12078,106,0
12079,100,0
12080,106,0
12081,102,0
12082,118,0
12083,110,0
12084,100,0
12085,108,0
12086,100,0
12087,104,0
12088,98,0
12089,122,0
12090,118,0
12091,106,0
12092,110,0
12093,100,0
12094,96,0
12095,506,1
12096,818,1
12097,114,0
12098,104,0
12099,108,0
12100,106,0
12101,110,0
12102,94,0
12103,116,0
12104,108,0
12105,112,0
12106,110,0
12107,124,0
12108,114,0
12109,114,0
12110,110,0
12111,96,0
12112,94,0
12113,518,1
12114,104,0
12115,100,0
12116,100,0
12117,108,0
12118,98,0
12119,110,0
12120,100,0
12121,98,0
12122,108,0
12123,108,0
12124,108,0
12125,108,0
12126,110,0
12127,100,0
12128,108,0
12129,108,0
12130,104,0
12131,114,0
12132,118,0
12133,108,0
12134,102,0
12135,98,0
12136,102,0
12137,110,0
12138,106,0
12139,118,0
12140,112,0
12141,98,0
12142,502,1
12143,110,0
12144,828,1
12145,108,0
12146,98,0
12147,104,0
12148,96,0
12149,514,1
12150,114,0
12151,104,0
12152,104,0
12153,96,0
12154,98,0
12155,514,1
12156,102,0
12157,106,0
12158,120,0
12159,108,0
12160,98,0
12161,104,0
12162,100,0
12163,538,1
12164,114,0
12165,100,0
12166,106,0
12167,96,0
12168,100,0
12169,502,1
12170,118,0
12171,104,0
12172,124,0
12173,116,0
12174,94,0
12175,98,0
12176,100,0
12177,104,0
12178,108,0
12179,828,1
12180,114,0
12181,128,0
12182,110,0
12183,100,0
12184,98,0
12185,510,1
12186,102,0
12187,106,0
12188,132,0
12189,110,0
12190,98,0
12191,98,0
12192,512,1
12193,108,0
12194,104,0
12195,114,0
12196,104,0
12197,102,0
12198,118,0
12199,96,0
12200,100,0
12201,510,1
12202,100,0
12203,106,0
12204,104,0
12205,104,0
12206,102,0
12207,106,0
12208,100,0
12209,104,0
12210,98,0
12211,504,1
12212,108,0
12213,102,0
12214,104,0
12215,138,0
12216,104,0
12217,100,0
12218,104,0
12219,108,0
12220,116,0
12221,104,0
12222,96,0
12223,96,0
12224,498,1
12225,110,0
12226,104,0
12227,114,0
12228,112,0
12229,100,0
12230,110,0
12231,96,0
12232,94,0
12233,112,0
12234,132,0
12235,112,0
12236,100,0
12237,108,0
12238,98,0
12239,534,1
12240,106,0
12241,112,0
12242,106,0
12243,128,0
12244,106,0
12245,98,0
12246,96,0
12247,118,0
12248,116,0
12249,114,0
12250,98,0
12251,104,0
12252,98,0
12253,98,0
12254,108,0
12255,104,0
12256,108,0
12257,100,0
12258,100,0
12259,508,1
12260,104,0
12261,114,0
12262,104,0
12263,106,0
12264,96,0
12265,110,0
12266,108,0
12267,120,0
12268,106,0
12269,98,0
12270,110,0
12271,110,0
12272,842,1
12273,98,0
12274,120,0
12275,102,0
12276,100,0
12277,106,0
12278,120,0
12279,102,0
12280,114,0
12281,102,0
12282,104,0
12283,98,0
12284,114,0
12285,106,0
12286,104,0
12287,110,0
12288,110,0
12289,108,0
12290,96,0
12291,100,0
12292,508,1
12293,110,0
12294,110,0
12295,100,0
12296,114,0
12297,98,0
12298,108,0
12299,108,0
12300,102,0
12301,102,0
12302,102,0
12303,104,0
12304,94,0
12305,98,0
12306,108,0
12307,820,1
12308,108,0
12309,122,0
12310,114,0
12311,96,0
12312,98,0
12313,512,1
12314,828,1
12315,108,0
12316,120,0
12317,106,0
12318,100,0
12319,100,0
12320,114,0
12321,830,1
12322,108,0
12323,102,0
12324,108,0
12325,100,0
12326,106,0
12327,506,1
12328,104,0
12329,108,0
12330,108,0
12331,108,0
12332,130,0
12333,108,0
12334,124,0
12335,108,0
12336,94,0
12337,98,0
12338,112,0
12339,102,0
12340,106,0
12341,132,0
12342,104,0
12343,100,0
12344,98,0
12345,504,1
12346,108,0
12347,116,0
12348,100,0
12349,106,0
12350,100,0
12351,96,0
12352,110,0
12353,100,0
12354,110,0
12355,126,0
12356,114,0
12357,94,0
12358,114,0
12359,120,0
12360,108,0
12361,104,0
12362,100,0
12363,116,0
12364,116,0
12365,114,0
12366,108,0
12367,118,0
12368,108,0
12369,96,0
12370,112,0
12371,114,0
12372,116,0
12373,114,0
12374,114,0
12375,104,0
12376,98,0
12377,100,0
12378,104,0
12379,104,0
12380,108,0
12381,104,0
12382,104,0
12383,94,0
12384,106,0
12385,96,0
12386,98,0
12387,508,1
12388,108,0
12389,104,0
12390,104,0
12391,110,0
12392,104,0
12393,110,0
12394,100,0
12395,108,0
12396,96,0
12397,110,0
12398,496,1
12399,816,1
12400,110,0
12401,118,0
12402,104,0
12403,104,0
12404,108,0
12405,110,0
12406,108,0
12407,104,0
12408,122,0
12409,118,0
12410,98,0
12411,98,0
12412,104,0
12413,846,1
12414,104,0
12415,98,0
12416,98,0
12417,510,1
12418,822,1
12419,108,0
12420,118,0
12421,106,0
12422,98,0
12423,514,1
12424,110,0
12425,104,0
12426,106,0
12427,100,0
12428,110,0
12429,96,0
12430,520,1
12431,114,0
12432,110,0
12433,106,0
12434,102,0
12435,108,0
12436,104,0
12437,102,0
12438,104,0
12439,108,0
12440,108,0
12441,104,0
12442,118,0
12443,100,0
12444,96,0
12445,526,1
12446,106,0
12447,108,0
12448,108,0
12449,106,0
12450,100,0
12451,104,0
12452,110,0
12453,118,0
12454,110,0
12455,96,0
12456,94,0
12457,106,0
12458,114,0
12459,104,0
12460,104,0
12461,106,0
12462,100,0
12463,110,0
12464,96,0
12465,106,0
12466,110,0
12467,118,0
12468,106,0
12469,124,0
12470,110,0
12471,98,0
12472,96,0
12473,530,1
12474,100,0
12475,110,0
12476,108,0
12477,106,0
12478,104,0
12479,108,0
12480,96,0
12481,96,0
12482,114,0
12483,128,0
12484,104,0
12485,110,0
12486,104,0
12487,106,0
12488,104,0
12489,100,0
12490,514,1
12491,102,0
12492,98,0
12493,104,0
12494,124,0
12495,104,0
12496,98,0
12497,100,0
12498,102,0
12499,104,0
12500,108,0
12501,122,0
12502,112,0
12503,100,0
12504,108,0
12505,108,0
12506,108,0
12507,110,0
12508,110,0
12509,108,0
12510,98,0
12511,100,0
12512,502,1
12513,820,1
12514,112,0
12515,114,0
12516,108,0
12517,100,0
12518,98,0
12519,114,0
12520,114,0
12521,106,0
12522,104,0
12523,108,0
12524,98,0
12525,106,0
12526,516,1
12527,100,0
12528,104,0
12529,140,0
12530,108,0
12531,98,0
12532,100,0
12533,108,0
12534,104,0
12535,106,0
12536,100,0
12537,104,0
12538,506,1
12539,104,0
12540,114,0
12541,100,0
12542,108,0
12543,118,0
12544,104,0
12545,100,0
12546,98,0
12547,508,1
12548,104,0
12549,104,0
12550,130,0
12551,106,0
12552,98,0
12553,110,0
12554,104,0
12555,822,1
12556,108,0
12557,102,0
12558,120,0
12559,110,0
12560,104,0
12561,108,0
12562,108,0
12563,106,0
12564,124,0
12565,104,0
12566,98,0
12567,96,0
12568,118,0
12569,828,1
12570,108,0
12571,104,0
12572,110,0
12573,100,0
12574,100,0
12575,114,0
12576,114,0
12577,108,0
12578,132,0
12579,114,0
12580,98,0
12581,100,0
12582,496,1
12583,112,0
12584,118,0
12585,846,1
12586,110,0
12587,110,0
12588,100,0
12589,98,0
12590,100,0
12591,104,0
12592,100,0
12593,110,0
12594,134,0
12595,108,0
12596,100,0
12597,100,0
12598,104,0
12599,108,0
12600,106,0
12601,142,0
12602,104,0
12603,102,0
12604,98,0
12605,110,0
12606,116,0
12607,110,0
12608,134,0
12609,106,0
12610,98,0
12611,98,0
12612,104,0
12613,838,1
12614,106,0
12615,102,0
12616,108,0
12617,114,0
12618,116,0
12619,106,0
12620,102,0
12621,110,0
12622,98,0
12623,108,0
12624,104,0
12625,820,1
12626,110,0
12627,100,0
12628,106,0
12629,96,0
12630,524,1
12631,110,0
12632,124,0
12633,104,0
12634,94,0
12635,98,0
12636,524,1
12637,110,0
12638,108,0
12639,104,0
12640,110,0
12641,100,0
12642,510,1
12643,108,0
12644,114,0
12645,108,0
12646,122,0
12647,108,0
12648,100,0
12649,104,0
12650,108,0
12651,110,0
12652,106,0
12653,108,0
12654,112,0
12655,102,0
12656,842,1
12657,112,0
12658,116,0
12659,110,0
12660,98,0
12661,106,0
12662,112,0
12663,544,1
12664,118,0
12665,104,0
12666,108,0
12667,100,0
12668,104,0
12669,98,0
12670,126,0
12671,114,0
12672,114,0
12673,102,0
12674,100,0
12675,112,0
12676,98,0
12677,96,0
12678,104,0
12679,824,1
12680,108,0
12681,104,0
12682,114,0
12683,100,0
12684,96,0
12685,110,0
12686,110,0
12687,104,0
12688,96,0
12689,108,0
12690,104,0
12691,846,1
12692,110,0
12693,120,0
12694,104,0
12695,100,0
12696,98,0
12697,528,1
12698,100,0
12699,114,0
12700,104,0
12701,98,0
12702,100,0
12703,508,1
12704,102,0
12705,114,0
12706,98,0
12707,110,0
12708,100,0
12709,118,0
12710,510,1
12711,108,0
12712,104,0
12713,108,0
12714,122,0
12715,104,0
12716,102,0
12717,106,0
12718,118,0
12719,106,0
12720,98,0
12721,106,0
12722,98,0
12723,520,1
12724,108,0
12725,100,0
12726,112,0
12727,104,0
12728,116,0
12729,96,0
12730,98,0
12731,110,0
12732,106,0
12733,104,0
12734,98,0
12735,96,0
12736,528,1
12737,848,1
12738,104,0
12739,116,0
12740,106,0
12741,98,0
12742,102,0
12743,116,0
12744,100,0
12745,110,0
12746,104,0
12747,102,0
12748,100,0
12749,100,0
12750,112,0
12751,108,0
12752,104,0
12753,100,0
12754,104,0
12755,114,0
12756,108,0
12757,108,0
12758,142,0
12759,116,0
12760,98,0
12761,110,0
12762,100,0
12763,536,1
12764,106,0
12765,108,0
12766,104,0
12767,114,0
12768,106,0
12769,100,0
12770,94,0
12771,508,1
12772,112,0
12773,106,0
12774,108,0
12775,104,0
12776,98,0
12777,104,0
12778,114,0
12779,114,0
12780,102,0
12781,102,0
12782,108,0
12783,100,0
12784,96,0
12785,104,0
12786,102,0
12787,110,0
12788,98,0
12789,112,0
12790,98,0
12791,110,0
12792,114,0
12793,114,0
12794,118,0
12795,104,0
12796,108,0
12797,94,0
12798,520,1
12799,104,0
12800,100,0
12801,108,0
12802,118,0
12803,106,0
12804,98,0
12805,534,1
12806,116,0
12807,102,0
12808,104,0
12809,104,0
12810,112,0
12811,104,0
12812,108,0
12813,104,0
12814,134,0
12815,106,0
12816,108,0
12817,110,0
12818,100,0
12819,118,0
12820,110,0
12821,124,0
12822,116,0
12823,98,0
12824,98,0
12825,516,1
12826,104,0
12827,110,0
12828,104,0
12829,112,0
12830,100,0
12831,122,0
12832,106,0
12833,812,1
12834,106,0
12835,98,0
12836,104,0
12837,100,0
12838,104,0
12839,102,0
12840,118,0
12841,112,0
12842,104,0
12843,104,0
12844,96,0
12845,98,0
12846,108,0
12847,106,0
12848,110,0
12849,104,0
12850,108,0
12851,98,0
12852,100,0
12853,108,0
12854,108,0
12855,108,0
12856,120,0
12857,106,0
12858,94,0
12859,100,0
12860,514,1
12861,104,0
12862,116,0
12863,114,0
12864,110,0
12865,126,0
12866,110,0
12867,98,0
12868,98,0
12869,514,1
12870,102,0
12871,104,0
12872,108,0
12873,110,0
12874,102,0
12875,110,0
12876,96,0
12877,100,0
12878,100,0
12879,96,0
12880,108,0
12881,118,0
12882,110,0
12883,148,0
12884,108,0
12885,98,0
12886,506,1
12887,108,0
12888,104,0
12889,110,0
12890,114,0
12891,108,0
12892,96,0
12893,98,0
12894,534,1
12895,110,0
12896,106,0
12897,124,0
12898,112,0
12899,102,0
12900,94,0
12901,112,0
12902,114,0
12903,110,0
12904,118,0
12905,104,0
12906,96,0
12907,510,1
12908,102,0
12909,100,0
12910,106,0
12911,98,0
12912,108,0
12913,112,0
12914,114,0
12915,110,0
12916,98,0
12917,104,0
12918,94,0
12919,100,0
12920,108,0
12921,828,1
12922,110,0
12923,108,0
12924,114,0
12925,100,0
12926,116,0
12927,110,0
12928,108,0
12929,102,0
12930,118,0
12931,106,0
12932,98,0
12933,108,0
12934,510,1
12935,110,0
12936,108,0
12937,104,0
12938,108,0
12939,98,0
12940,520,1
12941,108,0
12942,100,0
12943,118,0
12944,100,0
12945,118,0
12946,108,0
12947,100,0
12948,104,0
12949,98,0
12950,96,0
12951,528,1
12952,106,0
12953,110,0
12954,102,0
12955,116,0
12956,104,0
12957,102,0
12958,98,0
12959,96,0
12960,110,0
12961,104,0
12962,106,0
12963,118,0
12964,106,0
12965,98,0
12966,500,1
12967,112,0
12968,108,0
12969,104,0
12970,96,0
12971,100,0
12972,108,0
12973,106,0
12974,108,0
12975,116,0
12976,110,0
12977,100,0
12978,98,0
12979,120,0
12980,112,0
12981,110,0
12982,132,0
12983,108,0
12984,100,0
12985,96,0
12986,112,0
12987,112,0
12988,108,0
12989,104,0
12990,104,0
12991,98,0
12992,120,0
12993,120,0
12994,108,0
12995,106,0
12996,100,0
12997,110,0
12998,112,0
12999,100,0
13000,106,0
13001,112,0
13002,100,0
13003,108,0
13004,96,0
13005,524,1
13006,110,0
13007,104,0
13008,108,0
13009,96,0
13010,96,0
13011,500,1
13012,106,0
13013,110,0
13014,118,0
13015,104,0
13016,98,0
13017,116,0
13018,108,0
13019,108,0
13020,108,0
13021,104,0
13022,114,0
13023,94,0
13024,100,0
13025,108,0
13026,110,0
13027,110,0
13028,128,0
13029,102,0
13030,100,0
13031,98,0
13032,510,1
13033,122,0
13034,110,0
13035,114,0
13036,110,0
13037,100,0
13038,840,1
13039,116,0
13040,126,0
13041,108,0
13042,98,0
13043,98,0
13044,118,0
13045,112,0
13046,108,0
13047,108,0
13048,112,0
13049,100,0
13050,100,0
13051,106,0
13052,104,0
13053,110,0
13054,118,0
13055,108,0
13056,92,0
13057,98,0
13058,106,0
13059,110,0
13060,110,0
13061,98,0
13062,110,0
13063,112,0
13064,102,0
13065,110,0
13066,104,0
13067,106,0
13068,118,0
13069,108,0
13070,96,0
13071,96,0
13072,114,0
13073,830,1
13074,104,0
13075,98,0
13076,110,0
13077,526,1
13078,122,0
13079,118,0
13080,100,0
13081,102,0
13082,104,0
13083,100,0
13084,110,0
13085,102,0
13086,108,0
13087,114,0
13088,110,0
13089,100,0
13090,110,0
13091,112,0
13092,100,0
13093,110,0
13094,98,0
13095,108,0
13096,100,0
13097,108,0
13098,116,0
13099,104,0
13100,108,0
13101,136,0
13102,110,0
13103,92,0
13104,98,0
13105,518,1
13106,96,0
13107,108,0
13108,104,0
13109,108,0
13110,98,0
13111,114,0
13112,98,0
13113,110,0
13114,104,0
13115,100,0
13116,102,0
13117,98,0
13118,98,0
13119,492,1
13120,114,0
13121,108,0
13122,102,0
13123,112,0
13124,96,0
13125,94,0
13126,116,0
13127,124,0
13128,104,0
13129,96,0
13130,110,0
13131,96,0
13132,106,0
13133,120,0
13134,118,0
13135,102,0
13136,104,0
13137,112,0
13138,100,0
13139,98,0
13140,106,0
13141,108,0
13142,110,0
13143,122,0
13144,112,0
13145,98,0
13146,106,0
13147,128,0
13148,108,0
13149,110,0
13150,98,0
13151,108,0
13152,96,0
13153,104,0
13154,108,0
13155,114,0
13156,112,0
13157,100,0
13158,100,0
13159,528,1
13160,824,1
13161,108,0
13162,100,0
13163,106,0
13164,100,0
13165,810,1
13166,114,0
13167,104,0
13168,102,0
13169,114,0
13170,114,0
13171,108,0
13172,110,0
13173,112,0
13174,96,0
13175,512,1
13176,114,0
13177,104,0
13178,104,0
13179,100,0
13180,100,0
13181,110,0
13182,102,0
13183,108,0
13184,102,0
13185,108,0
13186,100,0
13187,108,0
13188,98,0
13189,96,0
13190,504,1
13191,100,0
13192,108,0
13193,104,0
13194,114,0
13195,818,1
13196,110,0
13197,122,0
13198,110,0
13199,98,0
13200,106,0
13201,112,0
13202,114,0
13203,112,0
13204,142,0
13205,104,0
13206,96,0
13207,94,0
13208,108,0
13209,118,0
13210,108,0
13211,104,0
13212,104,0
13213,110,0
13214,106,0
13215,108,0
13216,104,0
13217,96,0
13218,104,0
13219,110,0
13220,104,0
13221,110,0
13222,114,0
13223,108,0
13224,100,0
13225,108,0
13226,100,0
13227,120,0
13228,116,0
13229,104,0
13230,112,0
13231,106,0
13232,108,0
13233,102,0
13234,108,0
13235,100,0
13236,110,0
13237,108,0
13238,104,0
13239,104,0
13240,110,0
13241,104,0
13242,832,1
13243,118,0
13244,96,0
13245,106,0
13246,98,0
13247,114,0
13248,100,0
13249,822,1
13250,114,0
13251,104,0
13252,108,0
13253,98,0
13254,98,0
13255,106,0
13256,108,0
13257,106,0
13258,100,0
13259,102,0
13260,100,0
13261,122,0
13262,94,0
13263,110,0
13264,120,0
13265,112,0
13266,114,0
13267,124,0
13268,110,0
13269,96,0
13270,106,0
13271,114,0
13272,128,0
13273,108,0
13274,110,0
13275,106,0
13276,104,0
13277,108,0
13278,526,1
13279,110,0
13280,110,0
13281,108,0
13282,104,0
13283,98,0
13284,112,0
13285,114,0
13286,848,1
13287,106,0
13288,114,0
13289,104,0
13290,98,0
13291,104,0
13292,100,0
13293,124,0
13294,114,0
13295,100,0
13296,106,0
13297,108,0
13298,104,0
13299,122,0
13300,104,0
13301,102,0
13302,98,0
13303,108,0
13304,102,0
13305,104,0
13306,128,0
13307,110,0
13308,98,0
13309,106,0
13310,110,0
13311,106,0
13312,108,0
13313,104,0
13314,98,0
13315,536,1
13316,120,0
13317,114,0
13318,138,0
13319,108,0
13320,98,0
13321,98,0
13322,110,0
13323,110,0
13324,108,0
13325,104,0
13326,108,0
13327,96,0
13328,516,1
13329,112,0
13330,98,0
13331,108,0
13332,102,0
13333,100,0
13334,500,1
13335,108,0
13336,104,0
13337,104,0
13338,110,0
13339,106,0
13340,110,0
13341,100,0
13342,96,0
13343,106,0
13344,110,0
13345,18190,1
13346,510,1
13347,110,0
13348,106,0
13349,108,0
13350,130,0
13351,102,0
13352,114,0
13353,110,0
13354,100,0
13355,114,0
13356,98,0
13357,96,0
13358,518,1
13359,810,1
13360,106,0
13361,108,0
13362,110,0
13363,96,0
13364,98,0
13365,508,1
13366,108,0
13367,106,0
13368,104,0
13369,112,0
13370,98,0
13371,522,1
13372,108,0
13373,104,0
13374,110,0
13375,98,0
13376,96,0
13377,522,1
13378,846,1
13379,110,0
13380,132,0
13381,108,0
13382,96,0
13383,514,1
13384,110,0
13385,824,1
13386,110,0
13387,96,0
13388,106,0
13389,98,0
13390,112,0
13391,156,0
13392,124,0
13393,110,0
13394,96,0
13395,518,1
13396,110,0
13397,130,0
13398,108,0
13399,98,0
13400,528,1
13401,114,0
13402,100,0
13403,104,0
13404,112,0
13405,104,0
13406,126,0
13407,108,0
13408,100,0
13409,110,0
13410,94,0
13411,104,0
13412,102,0
13413,108,0
13414,104,0
13415,108,0
13416,106,0
13417,98,0
13418,98,0
13419,112,0
13420,104,0
13421,106,0
13422,108,0
13423,108,0
13424,104,0
13425,108,0
13426,100,0
13427,114,0
13428,112,0
13429,824,1
13430,110,0
13431,118,0
13432,116,0
13433,98,0
13434,112,0
13435,96,0
13436,110,0
13437,106,0
13438,104,0
13439,104,0
13440,114,0
13441,106,0
13442,96,0
13443,108,0
13444,108,0
13445,110,0
13446,108,0
13447,132,0
13448,114,0
13449,98,0
13450,104,0
13451,526,1
13452,112,0
13453,114,0
13454,110,0
13455,108,0
13456,100,0
13457,108,0
13458,100,0
13459,96,0
13460,108,0
13461,102,0
13462,108,0
13463,114,0
13464,104,0
13465,116,0
13466,110,0
13467,96,0
13468,104,0
13469,100,0
13470,114,0
13471,104,0
13472,114,0
13473,102,0
13474,100,0
13475,110,0
13476,98,0
13477,812,1
13478,110,0
13479,124,0
13480,108,0
13481,100,0
13482,106,0
13483,110,0
13484,852,1
13485,108,0
13486,100,0
13487,106,0
13488,96,0
13489,100,0
13490,114,0
13491,106,0
13492,104,0
13493,98,0
13494,106,0
13495,98,0
13496,118,0
13497,98,0
13498,104,0
13499,108,0
13500,104,0
13501,106,0
13502,98,0
13503,100,0
13504,114,0
13505,112,0
13506,108,0
13507,104,0
13508,108,0
13509,98,0
13510,100,0
13511,530,1
13512,100,0
13513,102,0
13514,108,0
13515,108,0
13516,98,0
13517,520,1
13518,108,0
13519,106,0
13520,114,0
13521,124,0
13522,104,0
13523,100,0
13524,98,0
13525,102,0
13526,108,0
13527,102,0
13528,112,0
13529,108,0
13530,98,0
13531,820,1
13532,110,0
13533,136,0
13534,108,0
13535,98,0
13536,102,0
13537,508,1
13538,836,1
13539,112,0
13540,104,0
13541,108,0
13542,98,0
13543,100,0
13544,114,0
13545,102,0
13546,104,0
13547,96,0
13548,114,0
13549,98,0
13550,108,0
13551,106,0
13552,828,1
13553,108,0
13554,108,0
13555,120,0
13556,104,0
13557,818,1
13558,102,0
13559,104,0
13560,106,0
13561,108,0
13562,100,0
13563,114,0
13564,104,0
13565,114,0
13566,100,0
13567,104,0
13568,100,0
13569,96,0
13570,502,1
13571,104,0
13572,104,0
13573,104,0
13574,110,0
13575,100,0
13576,100,0
13577,100,0
13578,104,0
13579,98,0
13580,100,0
13581,120,0
13582,106,0
13583,104,0
13584,106,0
13585,112,0
13586,100,0
13587,116,0
13588,110,0
13589,108,0
13590,104,0
13591,108,0
13592,110,0
13593,96,0
13594,112,0
13595,108,0
13596,102,0
13597,110,0
13598,124,0
13599,104,0
13600,100,0
13601,122,0
13602,116,0
13603,104,0
13604,112,0
13605,120,0
13606,108,0
13607,96,0
13608,100,0
13609,110,0
13610,98,0
13611,102,0
13612,98,0
13613,100,0
13614,106,0
13615,828,1
13616,106,0
13617,100,0
13618,104,0
13619,540,1
13620,108,0
13621,108,0
13622,96,0
13623,112,0
13624,102,0
13625,114,0
13626,114,0
13627,104,0
13628,104,0
13629,122,0
13630,112,0
13631,98,0
13632,96,0
13633,106,0
13634,112,0
13635,104,0
13636,110,0
13637,106,0
13638,98,0
13639,100,0
13640,114,0
13641,836,1
13642,114,0
13643,116,0
13644,114,0
13645,98,0
13646,100,0
13647,110,0
13648,104,0
13649,114,0
13650,96,0
13651,536,1
13652,114,0
13653,108,0
13654,108,0
13655,100,0
13656,112,0
13657,100,0
13658,102,0
13659,108,0
13660,136,0
13661,104,0
13662,96,0
13663,100,0
13664,104,0
13665,830,1
13666,108,0
13667,98,0
13668,102,0
13669,100,0
13670,532,1
13671,110,0
13672,100,0
13673,110,0
13674,100,0
13675,106,0
13676,100,0
13677,820,1
13678,118,0
13679,100,0
13680,104,0
13681,98,0
13682,102,0
13683,108,0
13684,106,0
13685,108,0
13686,110,0
13687,108,0
13688,100,0
13689,98,0
13690,110,0
13691,106,0
13692,114,0
13693,100,0
13694,100,0
13695,110,0
13696,114,0
13697,108,0
13698,100,0
13699,110,0
13700,114,0
13701,110,0
13702,116,0
13703,112,0
13704,108,0
13705,100,0
13706,102,0
13707,104,0
13708,104,0
13709,106,0
13710,104,0
13711,116,0
13712,116,0
13713,112,0
13714,100,0
13715,106,0
13716,104,0
13717,100,0
13718,120,0
13719,110,0
13720,106,0
13721,132,0
13722,104,0
13723,96,0
13724,98,0
13725,498,1
13726,106,0
13727,108,0
13728,100,0
13729,108,0
13730,96,0
13731,106,0
13732,118,0
13733,104,0
13734,108,0
13735,108,0
13736,108,0
13737,96,0
13738,96,0
13739,502,1
13740,108,0
13741,104,0
13742,114,0
13743,110,0
13744,100,0
13745,98,0
13746,104,0
13747,114,0
13748,110,0
13749,116,0
13750,104,0
13751,100,0
13752,94,0
13753,122,0
13754,104,0
13755,110,0
13756,102,0
13757,104,0
13758,92,0
13759,540,1
13760,110,0
13761,108,0
13762,106,0
13763,118,0
13764,112,0
13765,100,0
13766,100,0
13767,502,1
13768,118,0
13769,108,0
13770,142,0
13771,104,0
13772,96,0
13773,100,0
13774,104,0
13775,810,1
13776,108,0
13777,104,0
13778,108,0
13779,98,0
13780,838,1
13781,110,0
13782,108,0
13783,116,0
13784,100,0
13785,100,0
13786,110,0
13787,832,1
13788,108,0
13789,112,0
13790,110,0
13791,108,0
13792,102,0
13793,104,0
13794,114,0
13795,120,0
13796,100,0
13797,110,0
13798,98,0
13799,108,0
13800,104,0
13801,120,0
13802,106,0
13803,98,0
13804,108,0
13805,102,0
13806,102,0
13807,104,0
13808,104,0
13809,108,0
13810,98,0
13811,100,0
13812,112,0
13813,106,0
13814,104,0
13815,116,0
13816,114,0
13817,98,0
13818,94,0
13819,516,1
13820,106,0
13821,108,0
13822,100,0
13823,104,0
13824,94,0
13825,98,0
13826,116,0
13827,98,0
13828,112,0
13829,94,0
13830,94,0
13831,508,1
13832,114,0
13833,106,0
13834,96,0
13835,94,0
13836,526,1
13837,110,0
13838,104,0
13839,104,0
13840,110,0
13841,96,0
13842,528,1
13843,110,0
13844,106,0
13845,108,0
13846,98,0
13847,98,0
13848,106,0
13849,846,1
13850,106,0
13851,120,0
13852,106,0
13853,98,0
13854,102,0
13855,110,0
13856,102,0
13857,110,0
13858,112,0
13859,108,0
13860,98,0
13861,110,0
13862,98,0
13863,96,0
13864,104,0
13865,104,0
13866,108,0
13867,104,0
13868,108,0
13869,98,0
13870,100,0
13871,492,1
13872,106,0
13873,106,0
13874,108,0
13875,104,0
13876,98,0
13877,102,0
13878,114,0
13879,108,0
13880,110,0
13881,116,0
13882,112,0
13883,98,0
13884,100,0
13885,506,1
13886,112,0
13887,104,0
13888,136,0
13889,108,0
13890,100,0
13891,514,1
13892,108,0
13893,112,0
13894,108,0
13895,122,0
13896,108,0
13897,98,0
13898,128,0
13899,116,0
13900,110,0
13901,104,0
13902,102,0
13903,114,0
13904,98,0
13905,524,1
13906,114,0
13907,106,0
13908,108,0
13909,94,0
13910,104,0
13911,104,0
13912,98,0
13913,108,0
13914,108,0
13915,108,0
13916,102,0
13917,108,0
13918,98,0
13919,104,0
13920,94,0
13921,98,0
13922,510,1
13923,98,0
13924,108,0
13925,138,0
13926,110,0
13927,96,0
13928,94,0
13929,502,1
13930,114,0
13931,108,0
13932,138,0
13933,114,0
13934,92,0
13935,100,0
13936,108,0
13937,104,0
13938,116,0
13939,128,0
13940,108,0
13941,98,0
13942,110,0
13943,98,0
13944,100,0
13945,108,0
13946,102,0
13947,110,0
13948,108,0
13949,108,0
13950,114,0
13951,108,0
13952,98,0
13953,94,0
13954,108,0
13955,104,0
13956,112,0
13957,104,0
13958,100,0
13959,108,0
13960,530,1
13961,114,0
13962,826,1
13963,100,0
13964,104,0
13965,106,0
13966,96,0
13967,106,0
13968,108,0
13969,104,0
13970,108,0
13971,98,0
13972,120,0
13973,98,0
13974,820,1
13975,116,0
13976,102,0
13977,106,0
13978,134,0
13979,110,0
13980,100,0
13981,98,0
13982,116,0
13983,108,0
13984,104,0
13985,120,0
13986,106,0
13987,112,0
13988,114,0
13989,100,0
13990,114,0
13991,100,0
13992,108,0
13993,112,0
13994,104,0
13995,110,0
13996,98,0
13997,104,0
13998,524,1
13999,98,0
14000,106,0
14001,106,0
14002,110,0
14003,100,0
14004,104,0
14005,120,0
14006,108,0
14007,114,0
14008,102,0
14009,104,0
14010,94,0
14011,100,0
14012,108,0
14013,120,0
14014,102,0
14015,106,0
14016,114,0
14017,96,0
14018,116,0
14019,124,0
14020,128,0
14021,110,0
14022,102,0
14023,106,0
14024,96,0
14025,100,0
14026,502,1
14027,106,0
14028,112,0
14029,110,0
14030,110,0
14031,126,0
14032,104,0
14033,96,0
14034,98,0
14035,110,0
14036,100,0
14037,112,0
14038,94,0
14039,98,0
14040,508,1
14041,120,0
14042,114,0
14043,102,0
14044,104,0
14045,98,0
14046,520,1
14047,112,0
14048,830,1
14049,104,0
14050,102,0
14051,108,0
14052,102,0
14053,110,0
14054,98,0
14055,98,0
14056,114,0
14057,824,1
14058,106,0
14059,104,0
14060,108,0
14061,100,0
14062,104,0
14063,102,0
14064,516,1
14065,114,0
14066,102,0
14067,112,0
14068,842,1
14069,106,0
14070,100,0
14071,104,0
14072,100,0
14073,108,0
14074,98,0
14075,110,0
14076,110,0
14077,104,0
14078,114,0
14079,100,0
14080,100,0
14081,110,0
14082,126,0
14083,114,0
14084,98,0
14085,538,1
14086,106,0
14087,96,0
14088,106,0
14089,98,0
14090,100,0
14091,528,1
14092,108,0
14093,110,0
14094,102,0
14095,108,0
14096,98,0
14097,110,0
14098,100,0
14099,100,0
14100,110,0
14101,820,1
14102,108,0
14103,124,0
14104,108,0
14105,98,0
14106,100,0
14107,512,1
14108,102,0
14109,106,0
14110,110,0
14111,104,0
14112,104,0
14113,100,0
14114,100,0
14115,100,0
14116,108,0
14117,822,1
14118,112,0
14119,114,0
14120,110,0
14121,96,0
14122,104,0
14123,114,0
14124,110,0
14125,116,0
14126,104,0
14127,104,0
14128,94,0
14129,98,0
14130,106,0
14131,104,0
14132,104,0
14133,126,0
14134,104,0
14135,96,0
14136,100,0
14137,532,1
14138,106,0
14139,108,0
14140,110,0
14141,104,0
14142,116,0
14143,112,0
14144,98,0
14145,118,0
14146,96,0
14147,104,0
14148,122,0
14149,102,0
14150,108,0
14151,104,0
14152,104,0
14153,98,0
14154,98,0
14155,508,1
14156,104,0
14157,104,0
14158,98,0
14159,94,0
14160,114,0
14161,114,0
14162,116,0
14163,98,0
14164,98,0
14165,106,0
14166,104,0
14167,114,0
14168,126,0
14169,106,0
14170,98,0
14171,512,1
14172,108,0
14173,110,0
14174,110,0
14175,132,0
14176,114,0
14177,98,0
14178,98,0
14179,500,1
14180,822,1
14181,112,0
14182,100,0
14183,106,0
14184,98,0
14185,846,1
14186,112,0
14187,106,0
14188,102,0
14189,98,0
14190,114,0
14191,114,0
14192,104,0
14193,110,0
14194,100,0
14195,104,0
14196,98,0
14197,102,0
14198,110,0
14199,114,0
14200,110,0
14201,108,0
14202,104,0
14203,124,0
14204,106,0
14205,100,0
14206,112,0
14207,98,0
14208,96,0
14209,530,1
14210,104,0
14211,108,0
14212,100,0
14213,114,0
14214,100,0
14215,110,0
14216,96,0
14217,104,0
14218,106,0
14219,820,1
14220,102,0
14221,124,0
14222,108,0
14223,98,0
14224,114,0
14225,94,0
14226,108,0
14227,108,0
14228,102,0
14229,108,0
14230,100,0
14231,96,0
14232,530,1
14233,108,0
14234,106,0
14235,108,0
14236,98,0
14237,98,0
14238,542,1
14239,104,0
14240,104,0
14241,108,0
14242,100,0
14243,106,0
14244,98,0
14245,104,0
14246,104,0
14247,108,0
14248,104,0
14249,96,0
14250,106,0
14251,98,0
14252,118,0
14253,108,0
14254,106,0
14255,114,0
14256,100,0
14257,106,0
14258,94,0
14259,514,1
14260,116,0
14261,98,0
14262,108,0
14263,100,0
14264,104,0
14265,96,0
14266,96,0
14267,106,0
14268,822,1
14269,104,0
14270,114,0
14271,108,0
14272,98,0
14273,92,0
14274,514,1
14275,828,1
14276,108,0
14277,100,0
14278,108,0
14279,100,0
14280,516,1
14281,108,0
14282,104,0
14283,108,0
14284,100,0
14285,104,0
14286,100,0
14287,98,0
14288,108,0
14289,104,0
14290,108,0
14291,96,0
14292,110,0
14293,94,0
14294,96,0
14295,114,0
14296,102,0
14297,112,0
14298,100,0
14299,114,0
14300,98,0
14301,104,0
14302,108,0
14303,118,0
14304,106,0
14305,100,0
14306,98,0
14307,508,1
14308,108,0
14309,114,0
14310,94,0
14311,96,0
14312,108,0
14313,104,0
14314,114,0
14315,100,0
14316,118,0
14317,96,0
14318,98,0
14319,512,1
14320,108,0
14321,108,0
14322,100,0
14323,108,0
14324,100,0
14325,98,0
14326,108,0
14327,98,0
14328,108,0
14329,100,0
14330,120,0
14331,108,0
14332,108,0
14333,110,0
14334,106,0
14335,108,0
14336,98,0
14337,94,0
14338,106,0
14339,104,0
14340,122,0
14341,100,0
14342,106,0
14343,108,0
14344,108,0
14345,106,0
14346,134,0
14347,108,0
14348,100,0
14349,512,1
14350,104,0
14351,118,0
14352,100,0
14353,110,0
14354,108,0
14355,100,0
14356,100,0
14357,118,0
14358,126,0
14359,108,0
14360,104,0
14361,114,0
14362,96,0
14363,98,0
14364,502,1
14365,104,0
14366,110,0
14367,146,0
14368,114,0
14369,96,0
14370,98,0
14371,108,0
14372,108,0
14373,104,0
14374,100,0
14375,104,0
14376,100,0
14377,504,1
14378,104,0
14379,104,0
14380,108,0
14381,96,0
14382,98,0
14383,500,1
14384,110,0
14385,110,0
14386,96,0
14387,114,0
14388,100,0
14389,104,0
14390,104,0
14391,122,0
14392,104,0
14393,98,0
14394,102,0
14395,108,0
14396,104,0
14397,110,0
14398,104,0
14399,108,0
14400,98,0
14401,100,0
14402,512,1
14403,102,0
14404,106,0
14405,100,0
14406,104,0
14407,100,0
14408,820,1
14409,104,0
14410,136,0
14411,116,0
14412,100,0
14413,108,0
14414,106,0
14415,820,1
14416,108,0
14417,114,0
14418,118,0
14419,100,0
14420,100,0
14421,536,1
14422,104,0
14423,110,0
14424,104,0
14425,112,0
14426,108,0
14427,108,0
14428,100,0
14429,510,1
14430,114,0
14431,108,0
14432,104,0
14433,94,0
14434,114,0
14435,104,0
14436,108,0
14437,106,0
14438,98,0
14439,110,0
14440,102,0
14441,96,0
14442,114,0
14443,98,0
14444,108,0
14445,100,0
14446,106,0
14447,100,0
14448,518,1
14449,104,0
14450,110,0
14451,112,0
14452,126,0
14453,110,0
14454,100,0
14455,110,0
14456,118,0
14457,106,0
14458,102,0
14459,116,0
14460,108,0
14461,100,0
14462,100,0
14463,118,0
14464,118,0
14465,104,0
14466,110,0
14467,114,0
14468,100,0
14469,100,0
14470,108,0
14471,100,0
14472,106,0
14473,104,0
14474,108,0
14475,100,0
14476,100,0
14477,518,1
14478,102,0
14479,110,0
14480,104,0
14481,104,0
14482,102,0
14483,100,0
14484,112,0
14485,104,0
14486,108,0
14487,110,0
14488,106,0
14489,94,0
14490,104,0
14491,106,0
14492,114,0
14493,108,0
14494,100,0
14495,96,0
14496,502,1
14497,118,0
14498,104,0
14499,96,0
14500,120,0
14501,92,0
14502,98,0
14503,498,1
14504,104,0
14505,106,0
14506,110,0
14507,106,0
14508,100,0
14509,112,0
14510,98,0
14511,100,0
14512,114,0
14513,108,0
14514,104,0
14515,98,0
14516,104,0
14517,532,1
14518,106,0
14519,114,0
14520,106,0
14521,106,0
14522,98,0
14523,104,0
14524,120,0
14525,106,0
14526,110,0
14527,130,0
14528,110,0
14529,102,0
14530,98,0
14531,110,0
14532,106,0
14533,108,0
14534,104,0
14535,102,0
14536,94,0
14537,96,0
14538,104,0
14539,106,0
14540,104,0
14541,128,0
14542,116,0
14543,94,0
14544,96,0
14545,104,0
14546,108,0
14547,108,0
14548,100,0
14549,108,0
14550,100,0
14551,104,0
14552,106,0
14553,98,0
14554,108,0
14555,98,0
14556,510,1
14557,108,0
14558,114,0
14559,106,0
14560,110,0
14561,110,0
14562,100,0
14563,108,0
14564,98,0
14565,508,1
14566,106,0
14567,120,0
14568,104,0
14569,104,0
14570,114,0
14571,102,0
14572,104,0
14573,98,0
14574,92,0
14575,108,0
14576,108,0
14577,110,0
14578,104,0
14579,104,0
14580,110,0
14581,108,0
14582,100,0
14583,98,0
14584,108,0
14585,104,0
14586,112,0
14587,128,0
14588,106,0
14589,98,0
14590,96,0
14591,512,1
14592,816,1
14593,104,0
14594,130,0
14595,106,0
14596,98,0
14597,108,0
14598,96,0
14599,98,0
14600,108,0
14601,110,0
14602,104,0
14603,104,0
14604,110,0
14605,96,0
14606,96,0
14607,108,0
14608,104,0
14609,102,0
14610,108,0
14611,108,0
14612,100,0
14613,98,0
14614,502,1
14615,104,0
14616,108,0
14617,94,0
14618,102,0
14619,508,1
14620,110,0
14621,106,0
14622,104,0
14623,106,0
14624,98,0
14625,102,0
14626,100,0
14627,104,0
14628,114,0
14629,104,0
14630,108,0
14631,110,0
14632,108,0
14633,118,0
14634,106,0
14635,98,0
14636,100,0
14637,108,0
14638,848,1
14639,112,0
14640,116,0
14641,114,0
14642,98,0
14643,94,0
14644,500,1
14645,98,0
14646,108,0
14647,104,0
14648,106,0
14649,98,0
14650,100,0
14651,502,1
14652,100,0
14653,108,0
14654,98,0
14655,96,0
14656,506,1
14657,122,0
14658,110,0
14659,126,0
14660,110,0
14661,98,0
14662,92,0
14663,508,1
14664,104,0
14665,110,0
14666,96,0
14667,120,0
14668,106,0
14669,114,0
14670,112,0
14671,112,0
14672,106,0
14673,100,0
14674,98,0
14675,122,0
14676,112,0
14677,110,0
14678,130,0
14679,108,0
14680,100,0
14681,108,0
14682,98,0
14683,114,0
14684,118,0
14685,840,1
14686,108,0
14687,116,0
14688,108,0
14689,100,0
14690,104,0
14691,108,0
14692,102,0
14693,106,0
14694,96,0
14695,110,0
14696,110,0
14697,814,1
14698,110,0
14699,104,0
14700,102,0
14701,98,0
14702,102,0
14703,116,0
14704,106,0
14705,104,0
14706,106,0
14707,108,0
14708,100,0
14709,112,0
14710,98,0
14711,98,0
14712,508,1
14713,110,0
14714,108,0
14715,140,0
14716,108,0
14717,96,0
14718,100,0
14719,502,1
14720,104,0
14721,106,0
14722,98,0
14723,104,0
14724,96,0
14725,104,0
14726,104,0
14727,824,1
14728,104,0
14729,108,0
14730,108,0
14731,100,0
14732,104,0
14733,100,0
14734,102,0
14735,110,0
14736,822,1
14737,108,0
14738,124,0
14739,110,0
14740,98,0
14741,110,0
14742,96,0
14743,108,0
14744,114,0
14745,104,0
14746,102,0
14747,104,0
14748,106,0
14749,100,0
14750,514,1
14751,106,0
14752,116,0
14753,104,0
14754,112,0
14755,108,0
14756,100,0
14757,100,0
14758,102,0
14759,106,0
14760,108,0
14761,112,0
14762,104,0
14763,106,0
14764,106,0
14765,100,0
14766,112,0
14767,112,0
14768,100,0
14769,110,0
14770,108,0
14771,108,0
14772,118,0
14773,108,0
14774,98,0
14775,106,0
14776,102,0
14777,110,0
14778,110,0
14779,114,0
14780,98,0
14781,108,0
14782,98,0
14783,116,0
14784,108,0
14785,108,0
14786,100,0
14787,104,0
14788,114,0
14789,100,0
14790,102,0
14791,120,0
14792,806,1
14793,106,0
14794,108,0
14795,104,0
14796,98,0
14797,96,0
14798,110,0
14799,100,0
14800,110,0
14801,108,0
14802,104,0
14803,98,0
14804,114,0
14805,522,1
14806,104,0
14807,106,0
14808,104,0
14809,104,0
14810,114,0
14811,108,0
14812,100,0
14813,108,0
14814,100,0
14815,98,0
14816,114,0
14817,126,0
14818,104,0
14819,138,0
14820,108,0
14821,96,0
14822,106,0
14823,96,0
14824,506,1
14825,108,0
14826,110,0
14827,116,0
14828,122,0
14829,114,0
14830,100,0
14831,100,0
14832,534,1
14833,842,1
14834,116,0
14835,104,0
14836,110,0
14837,98,0
14838,98,0
14839,118,0
14840,104,0
14841,104,0
14842,100,0
14843,104,0
14844,100,0
14845,536,1
14846,110,0
14847,104,0
14848,104,0
14849,100,0
14850,98,0
14851,104,0
14852,110,0
14853,110,0
14854,104,0
14855,110,0
14856,100,0
14857,94,0
14858,118,0
14859,114,0
14860,104,0
14861,114,0
14862,108,0
14863,98,0
14864,110,0
14865,96,0
14866,526,1
14867,114,0
14868,116,0
14869,110,0
14870,98,0
14871,108,0
14872,96,0
14873,102,0
14874,114,0
14875,118,0
14876,102,0
14877,112,0
14878,108,0
14879,96,0
14880,106,0
14881,96,0
14882,110,0
14883,104,0
14884,110,0
14885,108,0
14886,108,0
14887,104,0
14888,104,0
14889,108,0
14890,98,0
14891,110,0
14892,106,0
14893,110,0
14894,108,0
14895,120,0
14896,106,0
14897,100,0
14898,98,0
14899,108,0
14900,114,0
14901,104,0
14902,120,0
14903,112,0
14904,94,0
14905,100,0
14906,114,0
14907,104,0
14908,100,0
14909,100,0
14910,106,0
14911,506,1
14912,824,1
14913,114,0
14914,114,0
14915,122,0
14916,96,0
14917,106,0
14918,108,0
14919,108,0
14920,114,0
14921,128,0
14922,106,0
14923,96,0
14924,100,0
14925,108,0
14926,106,0
14927,102,0
14928,104,0
14929,108,0
14930,100,0
14931,96,0
14932,108,0
14933,106,0
14934,104,0
14935,98,0
14936,104,0
14937,98,0
14938,98,0
14939,496,1
14940,624,1
14941,104,0
14942,100,0
14943,100,0
14944,506,1
14945,100,0
14946,104,0
14947,100,0
14948,106,0
14949,100,0
14950,106,0
14951,94,0
14952,102,0
14953,110,0
14954,100,0
14955,104,0
14956,112,0
14957,106,0
14958,98,0
14959,94,0
14960,110,0
14961,106,0
14962,110,0
14963,110,0
14964,110,0
14965,96,0
14966,108,0
14967,98,0
14968,120,0
14969,98,0
14970,94,0
14971,106,0
14972,104,0
14973,110,0
14974,100,0
14975,102,0
14976,100,0
14977,102,0
14978,102,0
14979,108,0
14980,114,0
14981,106,0
14982,110,0
14983,100,0
14984,108,0
14985,102,0
14986,110,0
14987,100,0
14988,98,0
14989,496,1
14990,110,0
14991,104,0
14992,104,0
14993,114,0
14994,96,0
14995,98,0
14996,108,0
14997,108,0
14998,108,0
14999,122,0
15000,110,0
15001,100,0
15002,520,1
15003,106,0
15004,100,0
15005,110,0
15006,104,0
15007,112,0
15008,100,0
15009,98,0
15010,110,0
15011,110,0
15012,104,0
15013,122,0
15014,106,0
15015,112,0
15016,106,0
15017,94,0
15018,104,0
15019,108,0
15020,848,1
15021,116,0
15022,114,0
15023,106,0
15024,98,0
15025,110,0
15026,108,0
15027,104,0
15028,108,0
15029,114,0
15030,108,0
15031,98,0
15032,112,0
15033,106,0
15034,100,0
15035,108,0
15036,114,0
15037,108,0
15038,122,0
15039,108,0
15040,100,0
15041,100,0
15042,112,0
15043,108,0
15044,106,0
15045,118,0
15046,110,0
15047,100,0
15048,104,0
15049,108,0
15050,834,1
15051,108,0
15052,106,0
15053,100,0
15054,96,0
15055,104,0
15056,106,0
15057,118,0
15058,108,0
15059,106,0
15060,110,0
15061,134,0
15062,106,0
15063,96,0
15064,104,0
15065,112,0
15066,104,0
15067,106,0
15068,108,0
15069,110,0
15070,98,0
15071,110,0
15072,100,0
15073,518,1
15074,112,0
15075,104,0
15076,104,0
15077,100,0
15078,108,0
15079,100,0
15080,100,0
15081,106,0
15082,112,0
15083,108,0
15084,102,0
15085,108,0
15086,96,0
15087,120,0
15088,110,0
15089,108,0
15090,112,0
15091,104,0
15092,106,0
15093,98,0
15094,108,0
15095,506,1
15096,110,0
15097,110,0
15098,104,0
15099,114,0
15100,104,0
15101,130,0
15102,498,1
15103,834,1
15104,116,0
15105,136,0
15106,102,0
15107,96,0
15108,112,0
15109,100,0
15110,102,0
15111,108,0
15112,106,0
15113,108,0
15114,98,0
15115,98,0
15116,110,0
15117,106,0
15118,104,0
15119,114,0
15120,104,0
15121,100,0
15122,100,0
15123,104,0
15124,108,0
15125,108,0
15126,112,0
15127,110,0
15128,100,0
15129,98,0
15130,508,1
15131,110,0
15132,106,0
15133,96,0
15134,110,0
15135,98,0
15136,536,1
15137,108,0
15138,108,0
15139,108,0
15140,114,0
15141,112,0
15142,96,0
15143,98,0
15144,522,1
15145,116,0
15146,108,0
15147,118,0
15148,106,0
15149,92,0
15150,110,0
15151,106,0
15152,124,0
15153,104,0
15154,124,0
15155,110,0
15156,96,0
15157,518,1
15158,112,0
15159,106,0
15160,108,0
15161,98,0
15162,104,0
15163,108,0
15164,114,0
15165,106,0
15166,116,0
15167,110,0
15168,96,0
15169,528,1
15170,108,0
15171,104,0
15172,110,0
15173,92,0
15174,104,0
15175,100,0
15176,530,1
15177,108,0
15178,108,0
15179,114,0
15180,118,0
15181,104,0
15182,100,0
15183,108,0
15184,112,0
15185,104,0
15186,110,0
15187,112,0
15188,100,0
15189,98,0
15190,516,1
15191,110,0
15192,114,0
15193,108,0
15194,104,0
15195,104,0
15196,100,0
15197,112,0
15198,104,0
15199,108,0
15200,108,0
15201,104,0
15202,110,0
15203,110,0
15204,108,0
15205,98,0
15206,108,0
15207,96,0
15208,114,0
15209,94,0
15210,98,0
15211,104,0
15212,98,0
15213,114,0
15214,110,0
15215,108,0
15216,106,0
15217,106,0
15218,104,0
15219,104,0
15220,100,0
15221,100,0
15222,518,1
15223,844,1
15224,106,0
15225,100,0
15226,110,0
15227,100,0
15228,104,0
15229,108,0
15230,106,0
15231,110,0
15232,102,0
15233,102,0
15234,98,0
15235,116,0
15236,108,0
15237,112,0
15238,108,0
15239,118,0
15240,106,0
15241,98,0
15242,96,0
15243,114,0
15244,108,0
15245,116,0
15246,108,0
15247,110,0
15248,104,0
15249,96,0
15250,108,0
15251,106,0
15252,108,0
15253,106,0
15254,106,0
15255,108,0
15256,106,0
15257,98,0
15258,98,0
15259,108,0
15260,100,0
15261,106,0
15262,104,0
15263,110,0
15264,104,0
15265,112,0
15266,96,0
15267,100,0
15268,116,0
15269,108,0
15270,112,0
15271,104,0
15272,104,0
15273,94,0
15274,98,0
15275,520,1
15276,104,0
15277,116,0
15278,104,0
15279,108,0
15280,120,0
15281,110,0
15282,100,0
15283,106,0
15284,108,0
15285,112,0
15286,106,0
15287,104,0
15288,108,0
15289,98,0
15290,102,0
15291,106,0
15292,526,1
15293,110,0
15294,104,0
15295,108,0
15296,98,0
15297,98,0
15298,512,1
15299,110,0
15300,110,0
15301,104,0
15302,108,0
15303,100,0
15304,104,0
15305,114,0
15306,104,0
15307,104,0
15308,114,0
15309,104,0
15310,110,0
15311,108,0
15312,98,0
15313,110,0
15314,108,0
15315,808,1
15316,106,0
15317,134,0
15318,106,0
15319,98,0
15320,110,0
15321,100,0
15322,538,1
15323,106,0
15324,96,0
15325,110,0
15326,94,0
15327,110,0
15328,98,0
15329,106,0
15330,120,0
15331,824,1
15332,106,0
15333,104,0
15334,112,0
15335,100,0
15336,116,0
15337,104,0
15338,108,0
15339,108,0
15340,120,0
15341,104,0
15342,94,0
15343,120,0
15344,100,0
15345,106,0
15346,112,0
15347,100,0
15348,112,0
15349,114,0
15350,104,0
15351,104,0
15352,114,0
15353,106,0
15354,108,0
15355,108,0
15356,96,0
15357,110,0
15358,98,0
15359,108,0
15360,100,0
15361,98,0
15362,506,1
15363,822,1
15364,110,0
15365,118,0
15366,108,0
15367,110,0
15368,106,0
15369,100,0
15370,98,0
15371,112,0
15372,104,0
15373,106,0
15374,820,1
15375,110,0
15376,116,0
15377,108,0
15378,104,0
15379,112,0
15380,100,0
15381,98,0
15382,502,1
15383,98,0
15384,108,0
15385,106,0
15386,110,0
15387,114,0
15388,112,0
15389,128,0
15390,114,0
15391,96,0
15392,110,0
15393,96,0
15394,98,0
15395,104,0
15396,106,0
15397,114,0
15398,128,0
15399,114,0
15400,110,0
15401,104,0
15402,98,0
15403,98,0
15404,98,0
15405,98,0
15406,112,0
15407,114,0
15408,120,0
15409,118,0
15410,112,0
15411,102,0
15412,114,0
15413,110,0
15414,106,0
15415,104,0
15416,106,0
15417,104,0
15418,108,0
15419,98,0
15420,98,0
15421,96,0
15422,548,1
15423,110,0
15424,114,0
15425,108,0
15426,120,0
15427,104,0
15428,98,0
15429,102,0
15430,96,0
15431,100,0
15432,110,0
15433,106,0
15434,110,0
15435,104,0
15436,110,0
15437,126,0
15438,108,0
15439,100,0
15440,98,0
15441,98,0
15442,98,0
15443,516,1
15444,104,0
15445,110,0
15446,116,0
15447,106,0
15448,100,0
15449,114,0
15450,120,0
15451,114,0
15452,104,0
15453,116,0
15454,112,0
15455,106,0
15456,100,0
15457,106,0
15458,94,0
15459,112,0
15460,94,0
15461,98,0
15462,506,1
15463,114,0
15464,108,0
15465,104,0
15466,120,0
15467,122,0
15468,106,0
15469,100,0
15470,128,0
15471,100,0
15472,98,0
15473,504,1
15474,820,1
15475,106,0
15476,122,0
15477,112,0
15478,100,0
15479,108,0
15480,110,0
15481,114,0
15482,100,0
15483,106,0
15484,100,0
15485,118,0
15486,98,0
15487,106,0
15488,98,0
15489,546,1
15490,110,0
15491,812,1
15492,106,0
15493,138,0
15494,106,0
15495,96,0
15496,102,0
15497,100,0
15498,100,0
15499,112,0
15500,98,0
15501,100,0
15502,112,0
15503,102,0
15504,100,0
15505,108,0
15506,98,0
15507,114,0
15508,100,0
15509,98,0
15510,108,0
15511,104,0
15512,108,0
15513,108,0
15514,108,0
15515,104,0
15516,106,0
15517,124,0
15518,104,0
15519,106,0
15520,108,0
15521,104,0
15522,106,0
15523,110,0
15524,108,0
15525,108,0
15526,110,0
15527,96,0
15528,108,0
15529,94,0
15530,98,0
15531,516,1
15532,100,0
15533,110,0
15534,108,0
15535,102,0
15536,102,0
15537,112,0
15538,102,0
15539,110,0
15540,96,0
15541,98,0
15542,506,1
15543,104,0
15544,104,0
15545,110,0
15546,112,0
15547,96,0
15548,108,0
15549,110,0
15550,108,0
15551,106,0
15552,106,0
15553,120,0
15554,114,0
15555,104,0
15556,106,0
15557,98,0
15558,102,0
15559,508,1
15560,102,0
15561,110,0
15562,102,0
15563,104,0
15564,100,0
15565,102,0
15566,118,0
15567,104,0
15568,100,0
15569,104,0
15570,506,1
15571,834,1
15572,108,0
15573,110,0
15574,106,0
15575,106,0
15576,110,0
15577,100,0
15578,98,0
15579,512,1
15580,112,0
15581,108,0
15582,104,0
15583,100,0
15584,100,0
15585,102,0
15586,108,0
15587,104,0
15588,118,0
15589,112,0
15590,112,0
15591,96,0
15592,100,0
15593,98,0
15594,110,0
15595,112,0
15596,98,0
15597,104,0
15598,102,0
15599,108,0
15600,100,0
15601,110,0
15602,100,0
15603,98,0
15604,112,0
15605,100,0
15606,110,0
15607,100,0
15608,104,0
15609,102,0
15610,114,0
15611,114,0
15612,104,0
15613,98,0
15614,114,0
15615,98,0
15616,106,0
15617,96,0
15618,98,0
15619,508,1
15620,100,0
15621,114,0
15622,120,0
15623,104,0
15624,118,0
15625,114,0
15626,106,0
15627,100,0
15628,100,0
15629,100,0
15630,106,0
15631,108,0
15632,108,0
15633,102,0
15634,110,0
15635,104,0
15636,106,0
15637,120,0
15638,110,0
15639,120,0
15640,108,0
15641,116,0
15642,110,0
15643,100,0
15644,100,0
15645,508,1
15646,122,0
15647,108,0
15648,108,0
15649,112,0
15650,98,0
15651,114,0
15652,110,0
15653,116,0
15654,110,0
15655,122,0
15656,108,0
15657,96,0
15658,114,0
15659,100,0
15660,100,0
15661,106,0
15662,102,0
15663,106,0
15664,106,0
15665,104,0
15666,102,0
15667,104,0
15668,96,0
15669,98,0
15670,112,0
15671,104,0
15672,110,0
15673,102,0
15674,108,0
15675,122,0
15676,106,0
15677,108,0
15678,110,0
15679,96,0
15680,108,0
15681,100,0
15682,100,0
15683,110,0
15684,106,0
15685,104,0
15686,100,0
15687,108,0
15688,118,0
15689,104,0
15690,122,0
15691,110,0
15692,100,0
15693,110,0
15694,100,0
15695,102,0
15696,104,0
15697,108,0
15698,100,0
15699,96,0
15700,104,0
15701,102,0
15702,114,0
15703,102,0
15704,98,0
15705,100,0
15706,110,0
15707,98,0
15708,96,0
15709,508,1
15710,104,0
15711,104,0
15712,106,0
15713,104,0
15714,104,0
15715,108,0
15716,132,0
15717,104,0
15718,104,0
15719,110,0
15720,104,0
15721,98,0
15722,104,0
15723,100,0
15724,102,0
15725,108,0
15726,108,0
15727,96,0
15728,110,0
15729,100,0
15730,118,0
15731,100,0
15732,94,0
15733,96,0
15734,104,0
15735,116,0
15736,102,0
15737,108,0
15738,106,0
15739,104,0
15740,104,0
15741,110,0
15742,110,0
15743,118,0
15744,98,0
15745,98,0
15746,112,0
15747,104,0
15748,106,0
15749,110,0
15750,108,0
15751,132,0
15752,104,0
15753,98,0
15754,110,0
15755,98,0
15756,114,0
15757,510,1
15758,112,0
15759,108,0
15760,100,0
15761,118,0
15762,98,0
15763,94,0
15764,502,1
15765,104,0
15766,106,0
15767,108,0
15768,104,0
15769,100,0
15770,104,0
15771,108,0
15772,110,0
15773,100,0
15774,108,0
15775,98,0
15776,96,0
15777,108,0
15778,114,0
15779,110,0
15780,100,0
15781,106,0
15782,104,0
15783,114,0
15784,114,0
15785,106,0
15786,128,0
15787,98,0
15788,114,0
15789,110,0
15790,98,0
15791,102,0
15792,98,0
15793,100,0
15794,528,1
15795,100,0
15796,114,0
15797,104,0
15798,112,0
15799,106,0
15800,114,0
15801,100,0
15802,124,0
15803,100,0
15804,100,0
15805,106,0
15806,108,0
15807,116,0
15808,100,0
15809,108,0
15810,120,0
15811,112,0
15812,96,0
15813,100,0
15814,98,0
15815,96,0
15816,112,0
15817,104,0
15818,104,0
15819,98,0
15820,104,0
15821,108,0
15822,120,0
15823,98,0
15824,108,0
15825,100,0
15826,110,0
15827,106,0
15828,122,0
15829,108,0
15830,112,0
15831,108,0
15832,98,0
15833,94,0
15834,502,1
15835,108,0
15836,108,0
15837,104,0
15838,106,0
15839,104,0
15840,108,0
15841,130,0
15842,114,0
15843,100,0
15844,98,0
15845,110,0
15846,100,0
15847,106,0
15848,100,0
15849,110,0
15850,110,0
15851,118,0
15852,104,0
15853,110,0
15854,106,0
15855,106,0
15856,96,0
15857,96,0
15858,508,1
15859,816,1
15860,108,0
15861,102,0
15862,114,0
15863,126,0
15864,116,0
15865,102,0
15866,98,0
15867,116,0
15868,100,0
15869,110,0
15870,106,0
15871,100,0
15872,108,0
15873,116,0
15874,102,0
15875,108,0
15876,98,0
15877,100,0
15878,100,0
15879,106,0
15880,110,0
15881,110,0
15882,114,0
15883,100,0
15884,108,0
15885,112,0
15886,112,0
15887,98,0
15888,100,0
15889,502,1
15890,104,0
15891,108,0
15892,100,0
15893,114,0
15894,110,0
15895,104,0
15896,100,0
15897,100,0
15898,98,0
15899,110,0
15900,110,0
15901,102,0
15902,108,0
15903,100,0
15904,110,0
15905,106,0
15906,104,0
15907,126,0
15908,108,0
15909,96,0
15910,106,0
15911,102,0
15912,96,0
15913,508,1
15914,840,1
15915,106,0
15916,100,0
15917,108,0
15918,100,0
15919,108,0
15920,100,0
15921,104,0
15922,98,0
15923,96,0
15924,118,0
15925,810,1
15926,102,0
15927,100,0
15928,108,0
15929,98,0
15930,110,0
15931,92,0
15932,110,0
15933,94,0
15934,508,1
15935,104,0
15936,98,0
15937,118,0
15938,842,1
15939,112,0
15940,100,0
15941,104,0
15942,100,0
15943,108,0
15944,114,0
15945,104,0
15946,110,0
15947,108,0
15948,98,0
15949,96,0
15950,110,0
15951,100,0
15952,108,0
15953,106,0
15954,110,0
15955,128,0
15956,108,0
15957,526,1
15958,104,0
15959,108,0
15960,108,0
15961,104,0
15962,108,0
15963,110,0
15964,100,0
15965,110,0
15966,98,0
15967,108,0
15968,98,0
15969,100,0
15970,112,0
15971,114,0
15972,120,0
15973,106,0
15974,104,0
15975,98,0
15976,114,0
15977,104,0
15978,98,0
15979,100,0
15980,100,0
15981,108,0
15982,104,0
15983,104,0
15984,112,0
15985,108,0
15986,104,0
15987,104,0
15988,114,0
15989,116,0
15990,124,0
15991,112,0
15992,96,0
15993,98,0
15994,502,1
15995,842,1
15996,112,0
15997,98,0
15998,108,0
15999,112,0
16000,106,0
16001,110,0
16002,104,0
16003,94,0
16004,94,0
16005,112,0
16006,104,0
16007,110,0
16008,136,0
16009,112,0
16010,104,0
16011,108,0
16012,118,0
16013,108,0
16014,98,0
16015,100,0
16016,514,1
16017,98,0
16018,110,0
16019,118,0
16020,104,0
16021,114,0
16022,118,0
16023,94,0
16024,98,0
16025,104,0
16026,98,0
16027,110,0
16028,116,0
16029,104,0
16030,104,0
16031,104,0
16032,124,0
16033,108,0
16034,104,0
16035,102,0
16036,98,0
16037,116,0
16038,96,0
16039,100,0
16040,100,0
16041,100,0
16042,108,0
16043,100,0
16044,110,0
16045,118,0
16046,104,0
16047,116,0
16048,108,0
16049,100,0
16050,96,0
16051,114,0
16052,850,1
16053,114,0
16054,100,0
16055,104,0
16056,100,0
16057,104,0
16058,98,0
16059,104,0
16060,98,0
16061,98,0
16062,496,1
16063,824,1
16064,104,0
16065,100,0
16066,110,0
16067,100,0
16068,112,0
16069,98,0
16070,96,0
16071,100,0
16072,112,0
16073,106,0
16074,100,0
16075,100,0
16076,110,0
16077,118,0
16078,114,0
16079,108,0
16080,116,0
16081,104,0
16082,106,0
16083,112,0
16084,96,0
16085,100,0
16086,100,0
16087,110,0
16088,114,0
16089,104,0
16090,112,0
16091,102,0
16092,108,0
16093,94,0
16094,108,0
16095,118,0
16096,104,0
16097,106,0
16098,104,0
16099,114,0
16100,110,0
16101,98,0
16102,124,0
16103,98,0
16104,94,0
16105,516,1
16106,820,1
16107,110,0
16108,104,0
16109,106,0
16110,118,0
16111,106,0
16112,96,0
16113,106,0
16114,112,0
16115,830,1
16116,108,0
16117,108,0
16118,106,0
16119,126,0
16120,108,0
16121,124,0
16122,114,0
16123,116,0
16124,112,0
16125,98,0
16126,106,0
16127,100,0
16128,102,0
16129,514,1
16130,96,0
16131,104,0
16132,110,0
16133,108,0
16134,104,0
16135,122,0
16136,94,0
16137,118,0
16138,98,0
16139,126,0
16140,112,0
16141,108,0
16142,108,0
16143,130,0
16144,110,0
16145,96,0
16146,110,0
16147,98,0
16148,512,1
16149,120,0
16150,98,0
16151,108,0
16152,100,0
16153,104,0
16154,142,0
16155,116,0
16156,108,0
16157,104,0
16158,108,0
16159,98,0
16160,126,0
16161,96,0
16162,98,0
16163,496,1
16164,98,0
16165,106,0
16166,112,0
16167,106,0
16168,104,0
16169,112,0
16170,100,0
16171,112,0
16172,96,0
16173,122,0
16174,98,0
16175,114,0
16176,118,0
16177,110,0
16178,114,0
16179,100,0
16180,104,0
16181,100,0
16182,110,0
16183,98,0
16184,102,0
16185,108,0
16186,826,1
16187,106,0
16188,104,0
16189,106,0
16190,106,0
16191,100,0
16192,100,0
16193,104,0
16194,98,0
16195,110,0
16196,106,0
16197,108,0
16198,108,0
16199,102,0
16200,104,0
16201,106,0
16202,108,0
16203,106,0
16204,96,0
16205,514,1
16206,104,0
16207,110,0
16208,102,0
16209,108,0
16210,112,0
16211,106,0
16212,114,0
16213,104,0
16214,114,0
16215,106,0
16216,104,0
16217,106,0
16218,110,0
16219,108,0
16220,100,0
16221,92,0
16222,96,0
16223,530,1
16224,106,0
16225,108,0
16226,114,0
16227,106,0
16228,108,0
16229,98,0
16230,110,0
16231,106,0
16232,110,0
16233,110,0
16234,108,0
16235,100,0
16236,98,0
16237,510,1
16238,104,0
16239,118,0
16240,98,0
16241,106,0
16242,108,0
16243,110,0
16244,100,0
16245,112,0
16246,100,0
16247,512,1
16248,108,0
16249,104,0
16250,116,0
16251,114,0
16252,106,0
16253,106,0
16254,108,0
16255,108,0
16256,110,0
16257,96,0
16258,108,0
16259,96,0
16260,108,0
16261,98,0
16262,98,0
16263,508,1
16264,822,1
16265,106,0
16266,98,0
16267,106,0
16268,534,1
16269,110,0
16270,110,0
16271,102,0
16272,102,0
16273,124,0
16274,116,0
16275,104,0
16276,110,0
16277,112,0
16278,104,0
16279,98,0
16280,100,0
16281,112,0
16282,100,0
16283,110,0
16284,108,0
16285,112,0
16286,102,0
16287,104,0
16288,108,0
16289,106,0
16290,104,0
16291,112,0
16292,98,0
16293,102,0
16294,104,0
16295,110,0
16296,106,0
16297,118,0
16298,118,0
16299,110,0
16300,108,0
16301,104,0
16302,100,0
16303,112,0
16304,98,0
16305,1496,1
16306,118,0
16307,102,0
16308,108,0
16309,110,0
16310,108,0
16311,102,0
16312,106,0
16313,100,0
16314,102,0
16315,102,0
16316,832,1
16317,110,0
16318,112,0
16319,106,0
16320,104,0
16321,110,0
16322,96,0
16323,100,0
16324,94,0
16325,108,0
16326,114,0
16327,96,0
16328,110,0
16329,96,0
16330,108,0
16331,132,0
16332,108,0
16333,98,0
16334,114,0
16335,98,0
16336,534,1
16337,104,0
16338,824,1
16339,118,0
16340,108,0
16341,112,0
16342,104,0
16343,112,0
16344,106,0
16345,106,0
16346,96,0
16347,108,0
16348,100,0
16349,94,0
16350,106,0
16351,530,1
16352,104,0
16353,832,1
16354,104,0
16355,102,0
16356,110,0
16357,128,0
16358,102,0
16359,108,0
16360,110,0
16361,94,0
16362,100,0
16363,94,0
16364,502,1
16365,110,0
16366,104,0
16367,108,0
16368,108,0
16369,124,0
16370,110,0
16371,100,0
16372,96,0
16373,104,0
16374,108,0
16375,110,0
16376,100,0
16377,104,0
16378,118,0
16379,104,0
16380,100,0
16381,114,0
16382,120,0
16383,104,0
16384,108,0
16385,104,0
16386,110,0
16387,104,0
16388,138,0
16389,110,0
16390,104,0
16391,106,0
16392,98,0
16393,98,0
16394,94,0
16395,98,0
16396,102,0
16397,96,0
16398,104,0
16399,818,1
16400,110,0
16401,122,0
16402,104,0
16403,128,0
16404,112,0
16405,106,0
16406,108,0
16407,98,0
16408,104,0
16409,96,0
16410,100,0
16411,526,1
16412,98,0
16413,108,0
16414,104,0
16415,110,0
16416,106,0
16417,108,0
16418,106,0
16419,112,0
16420,104,0
16421,108,0
16422,116,0
16423,104,0
16424,108,0
16425,110,0
16426,106,0
16427,108,0
16428,98,0
16429,100,0
16430,96,0
16431,98,0
16432,514,1
16433,848,1
16434,104,0
16435,98,0
16436,106,0
16437,104,0
16438,108,0
16439,100,0
16440,98,0
16441,108,0
16442,100,0
16443,108,0
16444,98,0
16445,116,0
16446,122,0
16447,118,0
16448,96,0
16449,100,0
16450,482,1
16451,104,0
16452,110,0
16453,102,0
16454,104,0
16455,104,0
16456,108,0
16457,102,0
16458,114,0
16459,100,0
16460,104,0
16461,114,0
16462,110,0
16463,114,0
16464,104,0
16465,108,0
16466,108,0
16467,104,0
16468,100,0
16469,96,0
16470,504,1
16471,102,0
16472,108,0
16473,104,0
16474,114,0
16475,120,0
16476,104,0
16477,98,0
16478,108,0
16479,98,0
16480,100,0
16481,490,1
16482,100,0
16483,108,0
16484,108,0
16485,106,0
16486,114,0
16487,106,0
16488,106,0
16489,110,0
16490,94,0
16491,98,0
16492,92,0
16493,106,0
16494,118,0
16495,830,1
16496,108,0
16497,102,0
16498,104,0
16499,114,0
16500,108,0
16501,104,0
16502,110,0
16503,96,0
16504,98,0
16505,112,0
16506,824,1
16507,102,0
16508,102,0
16509,110,0
16510,100,0
16511,108,0
16512,98,0
16513,100,0
16514,110,0
16515,106,0
16516,112,0
16517,110,0
16518,120,0
16519,98,0
16520,108,0
16521,100,0
16522,100,0
16523,512,1
16524,100,0
16525,104,0
16526,110,0
16527,104,0
16528,106,0
16529,104,0
16530,108,0
16531,114,0
16532,100,0
16533,100,0
16534,96,0
16535,116,0
16536,108,0
16537,100,0
16538,114,0
16539,104,0
16540,104,0
16541,100,0
16542,114,0
16543,108,0
16544,106,0
16545,98,0
16546,126,0
16547,96,0
16548,100,0
16549,514,1
16550,104,0
16551,108,0
16552,106,0
16553,108,0
16554,102,0
16555,104,0
16556,106,0
16557,104,0
16558,98,0
16559,100,0
16560,100,0
16561,104,0
16562,114,0
16563,106,0
16564,104,0
16565,104,0
16566,108,0
16567,106,0
16568,108,0
16569,98,0
16570,104,0
16571,100,0
16572,100,0
16573,116,0
16574,102,0
16575,108,0
16576,108,0
16577,110,0
16578,102,0
16579,108,0
16580,114,0
16581,110,0
16582,100,0
16583,100,0
16584,508,1
16585,104,0
16586,104,0
16587,116,0
16588,110,0
16589,108,0
16590,104,0
16591,108,0
16592,104,0
16593,126,0
16594,106,0
16595,100,0
16596,110,0
16597,94,0
16598,106,0
16599,104,0
16600,98,0
16601,516,1
16602,108,0
16603,108,0
16604,100,0
16605,108,0
16606,108,0
16607,108,0
16608,98,0
16609,104,0
16610,100,0
16611,102,0
16612,514,1
16613,104,0
16614,114,0
16615,110,0
16616,114,0
16617,114,0
16618,104,0
16619,96,0
16620,100,0
16621,108,0
16622,96,0
16623,108,0
16624,102,0
16625,106,0
16626,122,0
16627,106,0
16628,98,0
16629,100,0
16630,506,1
16631,110,0
16632,112,0
16633,108,0
16634,108,0
16635,116,0
16636,112,0
16637,100,0
16638,94,0
16639,108,0
16640,106,0
16641,108,0
16642,102,0
16643,108,0
16644,108,0
16645,108,0
16646,114,0
16647,98,0
16648,104,0
16649,108,0
16650,100,0
16651,102,0
16652,108,0
16653,104,0
16654,104,0
16655,108,0
16656,108,0
16657,104,0
16658,106,0
16659,96,0
16660,102,0
16661,98,0
16662,98,0
16663,116,0
16664,104,0
16665,110,0
16666,110,0
16667,108,0
16668,110,0
16669,102,0
16670,116,0
16671,102,0
16672,104,0
16673,110,0
16674,96,0
16675,100,0
16676,98,0
16677,98,0
16678,112,0
16679,110,0
16680,114,0
16681,104,0
16682,112,0
16683,110,0
16684,108,0
16685,102,0
16686,110,0
16687,110,0
16688,104,0
16689,96,0
16690,96,0
16691,512,1
16692,98,0
16693,108,0
16694,104,0
16695,108,0
16696,110,0
16697,108,0
16698,98,0
16699,98,0
16700,108,0
16701,814,1
16702,108,0
16703,104,0
16704,108,0
16705,100,0
16706,118,0
16707,98,0
16708,118,0
16709,116,0
16710,100,0
16711,108,0
16712,108,0
16713,110,0
16714,114,0
16715,106,0
16716,104,0
16717,98,0
16718,96,0
16719,100,0
16720,510,1
16721,838,1
16722,110,0
16723,128,0
16724,108,0
16725,96,0
16726,104,0
16727,100,0
16728,96,0
16729,504,1
16730,100,0
16731,108,0
16732,106,0
16733,108,0
16734,106,0
16735,114,0
16736,100,0
16737,108,0
16738,100,0
16739,100,0
16740,106,0
16741,114,0
16742,116,0
16743,108,0
16744,104,0
16745,96,0
16746,98,0
16747,110,0
16748,832,1
16749,108,0
16750,118,0
16751,106,0
16752,136,0
16753,110,0
16754,96,0
16755,104,0
16756,92,0
16757,96,0
16758,510,1
16759,120,0
16760,116,0
16761,98,0
16762,106,0
16763,104,0
16764,118,0
16765,100,0
16766,114,0
16767,98,0
16768,98,0
16769,106,0
16770,100,0
16771,108,0
16772,112,0
16773,108,0
16774,108,0
16775,108,0
16776,100,0
16777,128,0
16778,100,0
16779,114,0
16780,108,0
16781,114,0
16782,108,0
16783,824,1
16784,108,0
16785,104,0
16786,108,0
16787,96,0
16788,110,0
16789,98,0
16790,100,0
16791,106,0
16792,106,0
16793,112,0
16794,116,0
16795,108,0
16796,104,0
16797,104,0
16798,126,0
16799,106,0
16800,98,0
16801,110,0
16802,98,0
16803,98,0
16804,110,0
16805,100,0
16806,106,0
16807,106,0
16808,116,0
16809,102,0
16810,104,0
16811,104,0
16812,108,0
16813,100,0
16814,108,0
16815,100,0
16816,114,0
16817,94,0
16818,96,0
16819,108,0
16820,114,0
16821,114,0
16822,106,0
16823,104,0
16824,102,0
16825,104,0
16826,102,0
16827,102,0
16828,126,0
16829,106,0
16830,98,0
16831,100,0
16832,100,0
16833,100,0
16834,118,0
16835,104,0
16836,110,0
16837,104,0
16838,114,0
16839,98,0
16840,110,0
16841,98,0
16842,516,1
16843,110,0
16844,102,0
16845,108,0
16846,814,1
16847,108,0
16848,98,0
16849,112,0
16850,104,0
16851,100,0
16852,108,0
16853,98,0
16854,98,0
16855,502,1
16856,98,0
16857,104,0
16858,100,0
16859,104,0
16860,110,0
16861,104,0
16862,116,0
16863,106,0
16864,126,0
16865,114,0
16866,102,0
16867,116,0
16868,98,0
16869,108,0
16870,98,0
16871,112,0
16872,98,0
16873,110,0
16874,108,0
16875,98,0
16876,104,0
16877,104,0
16878,106,0
16879,102,0
16880,104,0
16881,98,0
16882,98,0
16883,504,1
16884,110,0
16885,110,0
16886,848,1
16887,110,0
16888,96,0
16889,108,0
16890,112,0
16891,120,0
16892,100,0
16893,106,0
16894,104,0
16895,108,0
16896,516,1
16897,100,0
16898,108,0
16899,818,1
16900,104,0
16901,118,0
16902,114,0
16903,104,0
16904,108,0
16905,114,0
16906,110,0
16907,104,0
16908,110,0
16909,112,0
16910,102,0
16911,98,0
16912,110,0
16913,100,0
16914,94,0
16915,514,1
16916,104,0
16917,106,0
16918,110,0
16919,114,0
16920,124,0
16921,108,0
16922,124,0
16923,110,0
16924,96,0
16925,520,1
16926,110,0
16927,106,0
16928,104,0
16929,104,0
16930,108,0
16931,126,0
16932,106,0
16933,98,0
16934,108,0
16935,100,0
16936,96,0
16937,98,0
16938,106,0
16939,106,0
16940,110,0
16941,102,0
16942,102,0
16943,104,0
16944,126,0
16945,108,0
16946,106,0
16947,104,0
16948,100,0
16949,110,0
16950,102,0
16951,114,0
16952,110,0
16953,100,0
16954,114,0
16955,100,0
16956,108,0
16957,114,0
16958,102,0
16959,116,0
16960,108,0
16961,102,0
16962,110,0
16963,122,0
16964,106,0
16965,106,0
16966,106,0
16967,108,0
16968,110,0
16969,94,0
16970,100,0
16971,498,1
16972,100,0
16973,106,0
16974,100,0
16975,106,0
16976,104,0
16977,108,0
16978,116,0
16979,104,0
16980,108,0
16981,122,0
16982,104,0
16983,100,0
16984,96,0
16985,98,0
16986,528,1
16987,106,0
16988,110,0
16989,110,0
16990,106,0
16991,128,0
16992,104,0
16993,122,0
16994,110,0
16995,96,0
16996,110,0
16997,96,0
16998,96,0
16999,512,1
17000,828,1
17001,108,0
17002,102,0
17003,110,0
17004,140,0
17005,102,0
17006,100,0
17007,108,0
17008,114,0
17009,106,0
17010,96,0
17011,110,0
17012,104,0
17013,104,0
17014,114,0
17015,112,0
17016,100,0
17017,102,0
17018,98,0
17019,100,0
17020,110,0
17021,120,0
17022,104,0
17023,100,0
17024,106,0
17025,102,0
17026,106,0
17027,102,0
17028,104,0
17029,94,0
17030,106,0
17031,100,0
17032,98,0
17033,498,1
17034,842,1
17035,110,0
17036,100,0
17037,106,0
17038,102,0
17039,110,0
17040,100,0
17041,112,0
17042,96,0
17043,96,0
17044,520,1
17045,842,1
17046,108,0
17047,106,0
17048,106,0
17049,104,0
17050,112,0
17051,104,0
17052,104,0
17053,96,0
17054,96,0
17055,108,0
17056,102,0
17057,102,0
17058,110,0
17059,104,0
17060,120,0
17061,114,0
17062,104,0
17063,108,0
17064,100,0
17065,98,0
17066,514,1
17067,106,0
17068,110,0
17069,136,0
17070,106,0
17071,96,0
17072,100,0
17073,98,0
17074,98,0
17075,102,0
17076,842,1
17077,108,0
17078,108,0
17079,104,0
17080,104,0
17081,106,0
17082,104,0
17083,108,0
17084,96,0
17085,98,0
17086,100,0
17087,100,0
17088,106,0
17089,104,0
17090,104,0
17091,110,0
17092,110,0
17093,98,0
17094,106,0
17095,100,0
17096,112,0
17097,106,0
17098,116,0
17099,100,0
17100,110,0
17101,100,0
17102,104,0
17103,100,0
17104,98,0
17105,506,1
17106,126,0
17107,108,0
17108,104,0
17109,110,0
17110,100,0
17111,118,0
17112,96,0
17113,102,0
17114,108,0
17115,110,0
17116,106,0
17117,116,0
17118,104,0
17119,100,0
17120,100,0
17121,104,0
17122,838,1
17123,110,0
17124,104,0
17125,110,0
17126,104,0
17127,104,0
17128,118,0
17129,108,0
17130,98,0
17131,100,0
17132,106,0
17133,110,0
17134,116,0
17135,108,0
17136,104,0
17137,100,0
17138,106,0
17139,138,0
17140,120,0
17141,104,0
17142,106,0
17143,102,0
17144,98,0
17145,98,0
17146,838,1
17147,104,0
17148,110,0
17149,106,0
17150,100,0
17151,104,0
17152,114,0
17153,108,0
17154,102,0
17155,106,0
17156,96,0
17157,114,0
17158,96,0
17159,96,0
17160,506,1
17161,820,1
17162,112,0
17163,106,0
17164,114,0
17165,102,0
17166,108,0
17167,110,0
17168,108,0
17169,100,0
17170,112,0
17171,96,0
17172,108,0
17173,110,0
17174,104,0
17175,110,0
17176,108,0
17177,110,0
17178,114,0
17179,116,0
17180,100,0
17181,114,0
17182,98,0
17183,98,0
17184,110,0
17185,108,0
17186,110,0
17187,106,0
17188,112,0
17189,100,0
17190,110,0
17191,96,0
17192,96,0
17193,98,0
17194,822,1
17195,108,0
17196,104,0
17197,110,0
17198,104,0
17199,106,0
17200,112,0
17201,112,0
17202,96,0
17203,98,0
17204,102,0
17205,100,0
17206,102,0
17207,110,0
17208,110,0
17209,102,0
17210,108,0
17211,106,0
17212,108,0
17213,100,0
17214,100,0
17215,110,0
17216,98,0
17217,104,0
17218,98,0
17219,104,0
17220,120,0
17221,112,0
17222,130,0
17223,106,0
17224,98,0
17225,108,0
17226,96,0
17227,96,0
17228,98,0
17229,106,0
17230,114,0
17231,810,1
17232,114,0
17233,102,0
17234,110,0
17235,114,0
17236,104,0
17237,108,0
17238,104,0
17239,104,0
17240,98,0
17241,506,1
17242,822,1
17243,110,0
17244,116,0
17245,106,0
17246,112,0
17247,108,0
17248,98,0
17249,96,0
17250,108,0
17251,516,1
17252,118,0
17253,104,0
17254,108,0
17255,110,0
17256,108,0
17257,96,0
17258,114,0
17259,92,0
17260,98,0
17261,506,1
17262,108,0
17263,112,0
17264,118,0
17265,108,0
17266,112,0
17267,108,0
17268,92,0
17269,124,0
17270,98,0
17271,510,1
17272,110,0
17273,114,0
17274,104,0
17275,102,0
17276,110,0
17277,122,0
17278,110,0
17279,122,0
17280,106,0
17281,112,0
17282,108,0
17283,102,0
17284,108,0
17285,100,0
17286,116,0
17287,96,0
17288,520,1
17289,118,0
17290,98,0
17291,108,0
17292,104,0
17293,108,0
17294,104,0
17295,104,0
17296,100,0
17297,122,0
17298,98,0
17299,96,0
17300,106,0
17301,114,0
17302,110,0
17303,108,0
17304,114,0
17305,118,0
17306,104,0
17307,108,0
17308,110,0
17309,96,0
17310,96,0
17311,106,0
17312,828,1
17313,108,0
17314,108,0
17315,110,0
17316,96,0
17317,108,0
17318,106,0
17319,104,0
17320,108,0
17321,120,0
17322,94,0
17323,106,0
17324,110,0
17325,820,1
17326,106,0
17327,108,0
17328,100,0
17329,100,0
17330,110,0
17331,104,0
17332,118,0
17333,98,0
17334,96,0
17335,508,1
17336,104,0
17337,110,0
17338,102,0
17339,102,0
17340,120,0
17341,108,0
17342,98,0
17343,114,0
17344,98,0
17345,516,1
17346,104,0
17347,828,1
17348,108,0
17349,100,0
17350,106,0
17351,106,0
17352,114,0
17353,96,0
17354,98,0
17355,98,0
17356,100,0
17357,106,0
17358,104,0
17359,106,0
17360,112,0
17361,116,0
17362,112,0
17363,112,0
17364,98,0
17365,128,0
17366,100,0
17367,514,1
17368,110,0
17369,102,0
17370,110,0
17371,114,0
17372,114,0
17373,116,0
17374,106,0
17375,100,0
17376,100,0
17377,94,0
17378,108,0
17379,110,0
17380,812,1
17381,106,0
17382,98,0
17383,114,0
17384,104,0
17385,110,0
17386,96,0
17387,102,0
17388,100,0
17389,106,0
17390,514,1
17391,104,0
17392,104,0
17393,104,0
17394,120,0
17395,122,0
17396,108,0
17397,106,0
17398,110,0
17399,96,0
17400,106,0
17401,98,0
17402,108,0
17403,102,0
17404,104,0
17405,114,0
17406,112,0
17407,104,0
17408,94,0
17409,110,0
17410,98,0
17411,104,0
17412,530,1
17413,104,0
17414,100,0
17415,104,0
17416,110,0
17417,100,0
17418,104,0
17419,104,0
17420,106,0
17421,98,0
17422,110,0
17423,104,0
17424,112,0
17425,100,0
17426,110,0
17427,100,0
17428,98,0
17429,516,1
17430,104,0
17431,110,0
17432,104,0
17433,108,0
17434,102,0
17435,104,0
17436,104,0
17437,100,0
17438,132,0
17439,104,0
17440,100,0
17441,120,0
17442,100,0
17443,120,0
17444,108,0
17445,104,0
17446,108,0
17447,822,1
17448,108,0
17449,116,0
17450,104,0
17451,104,0
17452,108,0
17453,146,0
17454,108,0
17455,130,0
17456,104,0
17457,94,0
17458,98,0
17459,106,0
17460,94,0
17461,108,0
17462,108,0
17463,116,0
17464,826,1
17465,104,0
17466,100,0
17467,838,1
17468,108,0
17469,114,0
17470,108,0
17471,106,0
17472,106,0
17473,100,0
17474,104,0
17475,100,0
17476,94,0
17477,96,0
17478,100,0
17479,112,0
17480,112,0
17481,106,0
17482,128,0
17483,112,0
17484,102,0
17485,114,0
17486,100,0
17487,100,0
17488,104,0
17489,102,0
17490,102,0
17491,124,0
17492,106,0
17493,136,0
17494,110,0
17495,98,0
17496,98,0
17497,98,0
17498,818,1
17499,118,0
17500,104,0
17501,116,0
17502,126,0
17503,108,0
17504,100,0
17505,122,0
17506,100,0
17507,98,0
17508,508,1
17509,812,1
17510,112,0
17511,128,0
17512,108,0
17513,102,0
17514,106,0
17515,100,0
17516,112,0
17517,104,0
17518,104,0
17519,102,0
17520,108,0
17521,98,0
17522,96,0
17523,498,1
17524,104,0
17525,110,0
17526,104,0
17527,108,0
17528,112,0
17529,106,0
17530,132,0
17531,110,0
17532,104,0
17533,110,0
17534,96,0
17535,98,0
17536,110,0
17537,814,1
17538,106,0
17539,116,0
17540,108,0
17541,524,1
17542,98,0
17543,102,0
17544,118,0
17545,112,0
17546,110,0
17547,108,0
17548,104,0
17549,104,0
17550,100,0
17551,96,0
17552,502,1
17553,104,0
17554,112,0
17555,118,0
17556,104,0
17557,128,0
17558,108,0
17559,98,0
17560,106,0
17561,100,0
17562,98,0
17563,506,1
17564,110,0
17565,110,0
17566,104,0
17567,104,0
17568,108,0
17569,106,0
17570,104,0
17571,104,0
17572,98,0
17573,100,0
17574,510,1
17575,112,0
17576,112,0
17577,104,0
17578,108,0
17579,110,0
17580,104,0
17581,128,0
17582,102,0
17583,100,0
17584,112,0
17585,132,0
17586,108,0
17587,98,0
17588,118,0
17589,100,0
17590,104,0
17591,94,0
17592,98,0
17593,102,0
17594,848,1
17595,108,0
17596,100,0
17597,116,0
17598,100,0
17599,110,0
17600,102,0
17601,126,0
17602,100,0
17603,104,0
17604,502,1
17605,116,0
17606,108,0
17607,106,0
17608,112,0
17609,102,0
17610,106,0
17611,94,0
17612,96,0
17613,104,0
17614,122,0
17615,110,0
17616,104,0
17617,120,0
17618,98,0
17619,104,0
17620,108,0
17621,104,0
17622,100,0
17623,106,0
17624,100,0
17625,98,0
17626,106,0
17627,104,0
17628,104,0
17629,104,0
17630,108,0
17631,100,0
17632,100,0
17633,108,0
17634,102,0
17635,108,0
17636,104,0
17637,110,0
17638,98,0
17639,104,0
17640,96,0
17641,96,0
17642,104,0
17643,830,1
17644,114,0
17645,114,0
17646,114,0
17647,98,0
17648,98,0
17649,96,0
17650,106,0
17651,110,0
17652,100,0
17653,110,0
17654,102,0
17655,106,0
17656,100,0
17657,108,0
17658,98,0
17659,98,0
17660,102,0
17661,104,0
17662,110,0
17663,106,0
17664,102,0
17665,110,0
17666,108,0
17667,136,0
17668,104,0
17669,100,0
17670,106,0
17671,96,0
17672,102,0
17673,98,0
17674,94,0
17675,508,1
17676,110,0
17677,106,0
17678,516,1
17679,106,0
17680,828,1
17681,110,0
17682,130,0
17683,110,0
17684,98,0
17685,100,0
17686,512,1
17687,106,0
17688,104,0
17689,102,0
17690,104,0
17691,124,0
17692,110,0
17693,94,0
17694,108,0
17695,100,0
17696,104,0
17697,100,0
17698,112,0
17699,100,0
17700,100,0
17701,506,1
17702,100,0
17703,108,0
17704,110,0
17705,102,0
17706,128,0
17707,104,0
17708,118,0
17709,108,0
17710,96,0
17711,100,0
17712,98,0
17713,106,0
17714,114,0
17715,824,1
17716,108,0
17717,120,0
17718,106,0
17719,98,0
17720,104,0
17721,106,0
17722,110,0
17723,96,0
17724,108,0
17725,96,0
17726,108,0
17727,98,0
17728,108,0
17729,100,0
17730,96,0
17731,494,1
17732,102,0
17733,106,0
17734,104,0
17735,104,0
17736,106,0
17737,108,0
17738,120,0
17739,108,0
17740,94,0
17741,106,0
17742,108,0
17743,104,0
17744,100,0
17745,106,0
17746,100,0
17747,112,0
17748,98,0
17749,100,0
17750,98,0
17751,106,0
17752,106,0
17753,104,0
17754,110,0
17755,112,0
17756,112,0
17757,100,0
17758,104,0
17759,96,0
17760,100,0
17761,500,1
17762,108,0
17763,104,0
17764,104,0
17765,110,0
17766,114,0
17767,114,0
17768,100,0
17769,106,0
17770,100,0
17771,98,0
17772,100,0
17773,106,0
17774,108,0
17775,114,0
17776,106,0
17777,104,0
17778,104,0
17779,94,0
17780,98,0
17781,98,0
17782,552,1
17783,108,0
17784,100,0
17785,104,0
17786,108,0
17787,108,0
17788,96,0
17789,100,0
17790,100,0
17791,128,0
17792,110,0
17793,106,0
17794,108,0
17795,108,0
17796,110,0
17797,118,0
17798,108,0
17799,126,0
17800,108,0
17801,104,0
17802,114,0
17803,100,0
17804,104,0
17805,98,0
17806,122,0
17807,94,0
17808,96,0
17809,510,1
17810,100,0
17811,112,0
17812,106,0
17813,104,0
17814,124,0
17815,106,0
17816,98,0
17817,104,0
17818,100,0
17819,526,1
17820,108,0
17821,100,0
17822,108,0
17823,110,0
17824,106,0
17825,100,0
17826,108,0
17827,98,0
17828,106,0
17829,98,0
17830,108,0
17831,92,0
17832,96,0
17833,104,0
17834,824,1
17835,108,0
17836,126,0
17837,104,0
17838,94,0
17839,96,0
17840,540,1
17841,108,0
17842,114,0
17843,106,0
17844,108,0
17845,100,0
17846,96,0
17847,506,1
17848,104,0
17849,104,0
17850,106,0
17851,104,0
17852,124,0
17853,114,0
17854,98,0
17855,540,1
17856,104,0
17857,104,0
17858,104,0
17859,106,0
17860,104,0
17861,100,0
17862,112,0
17863,110,0
17864,118,0
17865,98,0
17866,106,0
17867,96,0
17868,100,0
17869,98,0
17870,120,0
17871,106,0
17872,100,0
17873,114,0
17874,110,0
17875,108,0
17876,116,0
17877,102,0
17878,94,0
17879,108,0
17880,100,0
17881,100,0
17882,504,1
17883,828,1
17884,104,0
17885,104,0
17886,110,0
17887,104,0
17888,106,0
17889,118,0
17890,114,0
17891,102,0
17892,106,0
17893,128,0
17894,104,0
17895,98,0
17896,100,0
17897,506,1
17898,98,0
17899,108,0
17900,108,0
17901,110,0
17902,118,0
17903,106,0
17904,100,0
17905,108,0
17906,106,0
17907,110,0
17908,110,0
17909,110,0
17910,102,0
17911,108,0
17912,96,0
17913,116,0
17914,100,0
17915,96,0
17916,102,0
17917,510,1
17918,108,0
17919,836,1
17920,106,0
17921,118,0
17922,104,0
17923,108,0
17924,108,0
17925,104,0
17926,104,0
17927,98,0
17928,108,0
17929,100,0
17930,120,0
17931,502,1
17932,100,0
17933,110,0
17934,104,0
17935,104,0
17936,98,0
17937,110,0
17938,98,0
17939,106,0
17940,96,0
17941,98,0
17942,110,0
17943,104,0
17944,104,0
17945,132,0
17946,106,0
17947,122,0
17948,110,0
17949,100,0
17950,110,0
17951,100,0
17952,106,0
17953,96,0
17954,110,0
17955,100,0
17956,540,1
17957,110,0
17958,112,0
17959,104,0
17960,136,0
17961,104,0
17962,112,0
17963,104,0
17964,96,0
17965,100,0
17966,96,0
17967,512,1
17968,106,0
17969,814,1
17970,104,0
17971,124,0
17972,106,0
17973,94,0
17974,534,1
17975,108,0
17976,106,0
17977,508,1
17978,104,0
17979,104,0
17980,124,0
17981,108,0
17982,100,0
17983,104,0
17984,98,0
17985,98,0
17986,120,0
17987,836,1
17988,108,0
17989,100,0
17990,110,0
17991,108,0
17992,104,0
17993,98,0
17994,116,0
17995,106,0
17996,830,1
17997,114,0
17998,100,0
17999,114,0
18000,110,0
18001,108,0
18002,96,0
18003,112,0
18004,98,0
18005,94,0
18006,516,1
18007,100,0
18008,110,0
18009,828,1
18010,110,0
18011,98,0
18012,108,0
18013,106,0
18014,110,0
18015,98,0
18016,100,0
18017,512,1
18018,102,0
18019,104,0
18020,98,0
18021,106,0
18022,108,0
18023,110,0
18024,102,0
18025,108,0
18026,104,0
18027,110,0
18028,100,0
18029,98,0
18030,510,1
18031,100,0
18032,110,0
18033,102,0
18034,108,0
18035,96,0
18036,112,0
18037,96,0
18038,100,0
18039,502,1
18040,104,0
18041,108,0
18042,110,0
18043,102,0
18044,120,0
18045,108,0
18046,96,0
18047,108,0
18048,96,0
18049,98,0
18050,110,0
18051,842,1
18052,108,0
18053,104,0
18054,104,0
18055,104,0
18056,110,0
18057,106,0
18058,108,0
18059,96,0
18060,98,0
18061,104,0
18062,828,1
18063,108,0
18064,102,0
18065,114,0
18066,94,0
18067,102,0
18068,100,0
18069,500,1
18070,108,0
18071,98,0
18072,108,0
18073,104,0
18074,108,0
18075,108,0
18076,104,0
18077,94,0
18078,96,0
18079,110,0
18080,102,0
18081,108,0
18082,124,0
18083,102,0
18084,106,0
18085,114,0
18086,100,0
18087,96,0
18088,98,0
18089,100,0
18090,112,0
18091,102,0
18092,104,0
18093,108,0
18094,104,0
18095,100,0
18096,98,0
18097,96,0
18098,114,0
18099,108,0
18100,98,0
18101,108,0
18102,102,0
18103,110,0
18104,110,0
18105,106,0
18106,98,0
18107,94,0
18108,104,0
18109,108,0
18110,104,0
18111,114,0
18112,112,0
18113,100,0
18114,96,0
18115,100,0
18116,108,0
18117,508,1
18118,102,0
18119,104,0
18120,112,0
18121,106,0
18122,114,0
18123,114,0
18124,110,0
18125,112,0
18126,100,0
18127,108,0
18128,100,0
18129,98,0
18130,110,0
18131,826,1
18132,110,0
18133,118,0
18134,108,0
18135,96,0
18136,100,0
18137,112,0
18138,102,0
18139,118,0
18140,118,0
18141,108,0
18142,116,0
18143,108,0
18144,108,0
18145,108,0
18146,102,0
18147,128,0
18148,102,0
18149,104,0
18150,112,0
18151,118,0
18152,114,0
18153,102,0
18154,110,0
18155,100,0
18156,112,0
18157,98,0
18158,98,0
18159,512,1
18160,828,1
18161,112,0
18162,122,0
18163,108,0
18164,100,0
18165,98,0
18166,520,1
18167,98,0
18168,108,0
18169,104,0
18170,104,0
18171,110,0
18172,104,0
18173,100,0
18174,504,1
18175,110,0
18176,102,0
18177,110,0
18178,104,0
18179,108,0
18180,104,0
18181,100,0
18182,516,1
18183,848,1
18184,110,0
18185,104,0
18186,110,0
18187,112,0
18188,112,0
18189,102,0
18190,104,0
18191,106,0
18192,110,0
18193,104,0
18194,120,0
18195,110,0
18196,98,0
18197,100,0
18198,106,0
18199,110,0
18200,110,0
18201,112,0
18202,106,0
18203,114,0
18204,120,0
18205,100,0
18206,102,0
18207,94,0
18208,96,0
18209,104,0
18210,826,1
18211,108,0
18212,118,0
18213,110,0
18214,100,0
18215,96,0
18216,508,1
18217,108,0
18218,106,0
18219,108,0
18220,114,0
18221,108,0
18222,114,0
18223,98,0
18224,98,0
18225,106,0
18226,100,0
18227,110,0
18228,110,0
18229,110,0
18230,100,0
18231,96,0
18232,98,0
18233,112,0
18234,114,0
18235,96,0
18236,110,0
18237,122,0
18238,108,0
18239,100,0
18240,96,0
18241,104,0
18242,102,0
18243,108,0
18244,100,0
18245,108,0
18246,108,0
18247,108,0
18248,104,0
18249,104,0
18250,120,0
18251,110,0
18252,102,0
18253,108,0
18254,108,0
18255,110,0
18256,98,0
18257,108,0
18258,98,0
18259,96,0
18260,102,0
18261,844,1
18262,106,0
18263,100,0
18264,110,0
18265,120,0
18266,112,0
18267,106,0
18268,110,0
18269,96,0
18270,98,0
18271,114,0
18272,98,0
18273,106,0
18274,832,1
18275,110,0
18276,108,0
18277,110,0
18278,108,0
18279,106,0
18280,100,0
18281,106,0
18282,100,0
18283,96,0
18284,112,0
18285,106,0
18286,108,0
18287,116,0
18288,118,0
18289,100,0
18290,112,0
18291,106,0
18292,104,0
18293,100,0
18294,114,0
18295,100,0
18296,98,0
18297,100,0
18298,100,0
18299,104,0
18300,100,0
18301,106,0
18302,110,0
18303,102,0
18304,108,0
18305,106,0
18306,100,0
18307,104,0
18308,106,0
18309,108,0
18310,96,0
18311,98,0
18312,110,0
18313,118,0
18314,114,0
18315,848,1
18316,114,0
18317,102,0
18318,108,0
18319,110,0
18320,108,0
18321,100,0
18322,110,0
18323,100,0
18324,96,0
18325,98,0
18326,114,0
18327,102,0
18328,110,0
18329,110,0
18330,112,0
18331,106,0
18332,106,0
18333,106,0
18334,128,0
18335,104,0
18336,98,0
18337,110,0
18338,100,0
18339,100,0
18340,100,0
18341,104,0
18342,108,0
18343,820,1
18344,104,0
18345,114,0
18346,110,0
18347,102,0
18348,104,0
18349,100,0
18350,108,0
18351,96,0
18352,108,0
18353,128,0
18354,108,0
18355,114,0
18356,120,0
18357,116,0
18358,104,0
18359,100,0
18360,110,0
18361,112,0
18362,108,0
18363,98,0
18364,100,0
18365,98,0
18366,520,1
18367,110,0
18368,100,0
18369,112,0
18370,118,0
18371,114,0
18372,108,0
18373,108,0
18374,98,0
18375,98,0
18376,104,0
18377,98,0
18378,106,0
18379,98,0
18380,106,0
18381,118,0
18382,116,0
18383,96,0
18384,106,0
18385,98,0
18386,112,0
18387,116,0
18388,836,1
18389,110,0
18390,828,1
18391,110,0
18392,114,0
18393,108,0
18394,102,0
18395,108,0
18396,110,0
18397,104,0
18398,122,0
18399,106,0
18400,108,0
18401,114,0
18402,98,0
18403,100,0
18404,530,1
18405,102,0
18406,106,0
18407,104,0
18408,108,0
18409,104,0
18410,110,0
18411,118,0
18412,110,0
18413,100,0
18414,120,0
18415,98,0
18416,98,0
18417,17056,1
18418,106,0
18419,108,0
18420,100,0
18421,108,0
18422,98,0
18423,104,0
18424,106,0
18425,104,0
18426,104,0
18427,120,0
18428,106,0
18429,100,0
18430,108,0
18431,100,0
18432,110,0
18433,108,0
18434,108,0
18435,108,0
18436,118,0
18437,106,0
18438,98,0
18439,124,0
18440,110,0
18441,812,1
18442,108,0
18443,122,0
18444,102,0
18445,96,0
18446,516,1
18447,108,0
18448,102,0
18449,108,0
18450,100,0
18451,112,0
18452,98,0
18453,96,0
18454,118,0
18455,116,0
18456,108,0
18457,824,1
18458,104,0
18459,138,0
18460,100,0
18461,100,0
18462,100,0
18463,114,0
18464,116,0
18465,108,0
18466,98,0
18467,112,0
18468,98,0
18469,108,0
18470,114,0
18471,108,0
18472,114,0
18473,126,0
18474,108,0
18475,100,0
18476,510,1
18477,104,0
18478,114,0
18479,108,0
18480,104,0
18481,110,0
18482,100,0
18483,114,0
18484,104,0
18485,100,0
18486,104,0
18487,102,0
18488,106,0
18489,98,0
18490,104,0
18491,498,1
18492,110,0
18493,116,0
18494,114,0
18495,106,0
18496,92,0
18497,98,0
18498,108,0
18499,106,0
18500,112,0
18501,114,0
18502,104,0
18503,98,0
18504,100,0
18505,108,0
18506,104,0
18507,108,0
18508,132,0
18509,104,0
18510,96,0
18511,96,0
18512,500,1
18513,128,0
18514,108,0
18515,100,0
18516,104,0
18517,98,0
18518,534,1
18519,110,0
18520,114,0
18521,114,0
18522,98,0
18523,106,0
18524,96,0
18525,526,1
18526,114,0
18527,106,0
18528,108,0
18529,100,0
18530,98,0
18531,530,1
18532,104,0
18533,106,0
18534,96,0
18535,98,0
18536,106,0
18537,108,0
18538,108,0
18539,100,0
18540,108,0
18541,96,0
18542,530,1
18543,112,0
18544,104,0
18545,106,0
18546,94,0
18547,98,0
18548,506,1
18549,104,0
18550,106,0
18551,96,0
18552,104,0
18553,104,0
18554,104,0
18555,100,0
18556,104,0
18557,110,0
18558,102,0
18559,104,0
18560,98,0
18561,108,0
18562,108,0
18563,104,0
18564,104,0
18565,96,0
18566,110,0
18567,100,0
18568,110,0
18569,104,0
18570,854,1
18571,112,0
18572,122,0
18573,106,0
18574,98,0
18575,102,0
18576,496,1
18577,100,0
18578,106,0
18579,122,0
18580,114,0
18581,96,0
18582,122,0
18583,96,0
18584,104,0
18585,110,0
18586,104,0
18587,104,0
18588,96,0
18589,98,0
18590,106,0
18591,820,1
18592,110,0
18593,114,0
18594,108,0
18595,100,0
18596,96,0
18597,108,0
18598,100,0
18599,108,0
18600,116,0
18601,106,0
18602,132,0
18603,106,0
18604,100,0
18605,118,0
18606,100,0
18607,102,0
18608,108,0
18609,108,0
18610,112,0
18611,100,0
18612,114,0
18613,124,0
18614,104,0
18615,96,0
18616,110,0
18617,120,0
18618,108,0
18619,110,0
18620,96,0
18621,104,0
18622,114,0
18623,816,1
18624,110,0
18625,124,0
18626,112,0
18627,100,0
18628,536,1
18629,114,0
18630,104,0
18631,116,0
18632,98,0
18633,108,0
18634,504,1
18635,104,0
18636,106,0
18637,108,0
18638,106,0
18639,96,0
18640,100,0
18641,492,1
18642,110,0
18643,104,0
18644,122,0
18645,104,0
18646,116,0
18647,106,0
18648,94,0
18649,92,0
18650,110,0
18651,826,1
18652,110,0
18653,128,0
18654,116,0
18655,96,0
18656,96,0
18657,516,1
18658,102,0
18659,112,0
18660,102,0
18661,108,0
18662,108,0
18663,108,0
18664,96,0
18665,112,0
18666,106,0
18667,104,0
18668,104,0
18669,96,0
18670,108,0
18671,98,0
18672,104,0
18673,118,0
18674,820,1
18675,104,0
18676,130,0
18677,108,0
18678,96,0
18679,98,0
18680,508,1
18681,118,0
18682,104,0
18683,94,0
18684,104,0
18685,104,0
18686,100,0
18687,502,1
18688,108,0
18689,100,0
18690,108,0
18691,104,0
18692,98,0
18693,98,0
18694,114,0
18695,106,0
18696,108,0
18697,818,1
18698,112,0
18699,108,0
18700,102,0
18701,102,0
18702,518,1
18703,114,0
18704,96,0
18705,104,0
18706,98,0
18707,110,0
18708,94,0
18709,108,0
18710,112,0
18711,824,1
18712,104,0
18713,124,0
18714,108,0
18715,100,0
18716,106,0
18717,106,0
18718,110,0
18719,108,0
18720,108,0
18721,108,0
18722,98,0
18723,100,0
18724,534,1
18725,102,0
18726,104,0
18727,822,1
18728,108,0
18729,132,0
18730,102,0
18731,96,0
18732,98,0
18733,514,1
18734,104,0
18735,110,0
18736,814,1
18737,108,0
18738,104,0
18739,112,0
18740,100,0
18741,102,0
18742,96,0
18743,536,1
18744,114,0
18745,106,0
18746,108,0
18747,138,0
18748,110,0
18749,94,0
18750,118,0
18751,98,0
18752,120,0
18753,110,0
18754,826,1
18755,118,0
18756,100,0
18757,106,0
18758,100,0
18759,512,1
18760,116,0
18761,104,0
18762,116,0
18763,116,0
18764,108,0
18765,98,0
18766,132,0
18767,98,0
18768,508,1
18769,108,0
18770,98,0
18771,108,0
18772,114,0
18773,114,0
18774,100,0
18775,104,0
18776,108,0
18777,104,0
18778,98,0
18779,100,0
18780,122,0
18781,502,1
18782,106,0
18783,106,0
18784,106,0
18785,110,0
18786,106,0
18787,100,0
18788,118,0
18789,112,0
18790,104,0
18791,116,0
18792,102,0
18793,104,0
18794,98,0
18795,100,0
18796,514,1
18797,830,1
18798,114,0
18799,104,0
18800,114,0
18801,98,0
18802,94,0
18803,510,1
18804,106,0
18805,106,0
18806,114,0
18807,110,0
18808,96,0
18809,110,0
18810,114,0
18811,108,0
18812,106,0
18813,98,0
18814,100,0
18815,114,0
18816,828,1
18817,100,0
18818,104,0
18819,108,0
18820,100,0
18821,100,0
18822,518,1
18823,114,0
18824,106,0
18825,114,0
18826,104,0
18827,98,0
18828,114,0
18829,112,0
18830,122,0
18831,110,0
18832,110,0
18833,108,0
18834,102,0
18835,100,0
18836,110,0
18837,104,0
18838,104,0
18839,110,0
18840,108,0
18841,126,0
18842,108,0
18843,104,0
18844,116,0
18845,92,0
18846,100,0
18847,104,0
18848,100,0
18849,108,0
18850,96,0
18851,104,0
18852,116,0
18853,102,0
18854,108,0
18855,104,0
18856,100,0
18857,98,0
18858,100,0
18859,108,0
18860,120,0
18861,114,0
18862,104,0
18863,104,0
18864,100,0
18865,108,0
18866,112,0
18867,104,0
18868,108,0
18869,102,0
18870,112,0
18871,100,0
18872,106,0
18873,100,0
18874,96,0
18875,104,0
18876,110,0
18877,114,0
18878,94,0
18879,106,0
18880,96,0
18881,542,1
18882,118,0
18883,104,0
18884,108,0
18885,104,0
18886,108,0
18887,116,0
18888,820,1
18889,104,0
18890,132,0
18891,106,0
18892,102,0
18893,508,1
18894,106,0
18895,122,0
18896,108,0
18897,110,0
18898,108,0
18899,96,0
18900,108,0
18901,96,0
18902,104,0
18903,112,0
18904,512,1
18905,110,0
18906,110,0
18907,108,0
18908,98,0
18909,96,0
18910,508,1
18911,808,1
18912,104,0
18913,110,0
18914,106,0
18915,100,0
18916,508,1
18917,108,0
18918,108,0
18919,108,0
18920,104,0
18921,106,0
18922,102,0
18923,524,1
18924,120,0
18925,110,0
18926,114,0
18927,104,0
18928,130,0
18929,104,0
18930,96,0
18931,100,0
18932,508,1
18933,104,0
18934,110,0
18935,818,1
18936,104,0
18937,100,0
18938,110,0
18939,522,1
18940,110,0
18941,102,0
18942,106,0
18943,110,0
18944,98,0
18945,124,0
18946,108,0
18947,112,0
18948,110,0
18949,98,0
18950,106,0
18951,102,0
18952,116,0
18953,106,0
18954,106,0
18955,108,0
18956,104,0
18957,106,0
18958,100,0
18959,106,0
18960,94,0
18961,110,0
18962,110,0
18963,106,0
18964,108,0
18965,110,0
18966,110,0
18967,102,0
18968,102,0
18969,98,0
18970,96,0
18971,104,0
18972,110,0
18973,100,0
18974,102,0
18975,108,0
18976,96,0
18977,96,0
18978,498,1
18979,824,1
18980,104,0
18981,138,0
18982,108,0
18983,100,0
18984,100,0
18985,122,0
18986,104,0
18987,108,0
18988,100,0
18989,108,0
18990,100,0
18991,96,0
18992,500,1
18993,104,0
18994,106,0
18995,100,0
18996,108,0
18997,102,0
18998,96,0
18999,512,1
19000,104,0
19001,116,0
19002,112,0
19003,100,0
19004,100,0
19005,106,0
19006,110,0
19007,114,0
19008,106,0
19009,104,0
19010,110,0
19011,98,0
19012,100,0
19013,122,0
19014,114,0
19015,110,0
19016,102,0
19017,104,0
19018,98,0
19019,96,0
19020,110,0
19021,852,1
19022,108,0
19023,110,0
19024,108,0
19025,100,0
19026,504,1
19027,110,0
19028,100,0
19029,114,0
19030,102,0
19031,114,0
19032,100,0
19033,124,0
19034,110,0
19035,108,0
19036,108,0
19037,104,0
19038,104,0
19039,126,0
19040,104,0
19041,124,0
19042,118,0
19043,100,0
19044,100,0
19045,494,1
19046,114,0
19047,104,0
19048,118,0
19049,108,0
19050,96,0
19051,104,0
19052,108,0
19053,106,0
19054,108,0
19055,136,0
19056,108,0
19057,98,0
19058,96,0
19059,106,0
19060,100,0
19061,110,0
19062,110,0
19063,110,0
19064,100,0
19065,98,0
19066,108,0
19067,830,1
19068,104,0
19069,104,0
19070,110,0
19071,96,0
19072,98,0
19073,502,1
19074,828,1
19075,108,0
19076,106,0
19077,110,0
19078,98,0
19079,100,0
19080,114,0
19081,102,0
19082,114,0
19083,102,0
19084,104,0
19085,94,0
19086,98,0
19087,108,0
19088,104,0
19089,106,0
19090,102,0
19091,104,0
19092,134,0
19093,106,0
19094,96,0
19095,110,0
19096,120,0
19097,106,0
19098,110,0
19099,126,0
19100,112,0
19101,94,0
19102,98,0
19103,114,0
19104,108,0
19105,114,0
19106,122,0
19107,104,0
19108,98,0
19109,108,0
19110,110,0
19111,836,1
19112,108,0
19113,104,0
19114,108,0
19115,96,0
19116,104,0
19117,502,1
19118,842,1
19119,106,0
19120,100,0
19121,106,0
19122,100,0
19123,100,0
19124,508,1
19125,110,0
19126,118,0
19127,100,0
19128,112,0
19129,100,0
19130,514,1
19131,110,0
19132,110,0
19133,110,0
19134,100,0
19135,108,0
19136,104,0
19137,110,0
19138,106,0
19139,98,0
19140,106,0
19141,520,1
19142,824,1
19143,108,0
19144,124,0
19145,110,0
19146,94,0
19147,114,0
19148,96,0
19149,100,0
19150,112,0
19151,112,0
19152,106,0
19153,108,0
19154,102,0
19155,98,0
19156,100,0
19157,102,0
19158,102,0
19159,110,0
19160,104,0
19161,102,0
19162,100,0
19163,102,0
19164,104,0
19165,106,0
19166,100,0
19167,100,0
19168,514,1
19169,102,0
19170,108,0
19171,106,0
19172,108,0
19173,106,0
19174,104,0
19175,100,0
19176,522,1
19177,112,0
19178,114,0
19179,108,0
19180,98,0
19181,98,0
19182,510,1
19183,112,0
19184,116,0
19185,106,0
19186,108,0
19187,100,0
19188,112,0
19189,112,0
19190,110,0
19191,112,0
19192,126,0
19193,120,0
19194,98,0
19195,98,0
19196,106,0
19197,842,1
19198,104,0
19199,112,0
19200,108,0
19201,100,0
19202,100,0
19203,514,1
19204,110,0
19205,106,0
19206,104,0
19207,108,0
19208,98,0
19209,96,0
19210,506,1
19211,112,0
19212,106,0
19213,138,0
19214,108,0
19215,100,0
19216,98,0
19217,112,0
19218,842,1
19219,104,0
19220,98,0
19221,98,0
19222,520,1
19223,112,0
19224,108,0
19225,98,0
19226,108,0
19227,96,0
19228,104,0
19229,108,0
19230,100,0
19231,110,0
19232,96,0
19233,100,0
19234,112,0
19235,106,0
19236,104,0
19237,112,0
19238,112,0
19239,96,0
19240,96,0
19241,498,1
19242,112,0
19243,104,0
19244,118,0
19245,108,0
19246,98,0
19247,98,0
19248,508,1
19249,824,1
19250,108,0
19251,128,0
19252,110,0
19253,98,0
19254,100,0
19255,118,0
19256,824,1
19257,110,0
19258,122,0
19259,114,0
19260,98,0
19261,98,0
19262,108,0
19263,110,0
19264,112,0
19265,138,0
19266,108,0
19267,98,0
19268,96,0
19269,114,0
19270,104,0
19271,108,0
19272,104,0
19273,104,0
19274,104,0
19275,108,0
19276,94,0
19277,516,1
19278,104,0
19279,104,0
19280,108,0
19281,114,0
19282,110,0
19283,100,0
19284,116,0
19285,102,0
19286,100,0
19287,110,0
19288,114,0
19289,106,0
19290,126,0
19291,106,0
19292,94,0
19293,98,0
19294,110,0
19295,106,0
19296,110,0
19297,102,0
19298,110,0
19299,120,0
19300,108,0
19301,94,0
19302,114,0
19303,108,0
19304,104,0
19305,110,0
19306,108,0
19307,110,0
19308,108,0
19309,108,0
19310,98,0
19311,100,0
19312,110,0
19313,104,0
19314,110,0
19315,104,0
19316,116,0
19317,96,0
19318,108,0
19319,100,0
19320,100,0
19321,112,0
19322,110,0
19323,112,0
19324,96,0
19325,106,0
19326,100,0
19327,96,0
19328,110,0
19329,100,0
19330,106,0
19331,104,0
19332,106,0
19333,124,0
19334,108,0
19335,98,0
19336,106,0
19337,100,0
19338,108,0
19339,118,0
19340,94,0
19341,106,0
19342,102,0
19343,108,0
19344,98,0
19345,510,1
19346,110,0
19347,112,0
19348,114,0
19349,114,0
19350,104,0
19351,98,0
19352,104,0
19353,98,0
19354,112,0
19355,118,0
19356,104,0
19357,108,0
19358,116,0
19359,100,0
19360,98,0
19361,104,0
19362,100,0
19363,98,0
19364,508,1
19365,108,0
19366,106,0
19367,120,0
19368,104,0
19369,120,0
19370,110,0
19371,98,0
19372,98,0
19373,504,1
19374,104,0
19375,114,0
19376,106,0
19377,104,0
19378,116,0
19379,112,0
19380,96,0
19381,98,0
19382,512,1
19383,106,0
19384,104,0
19385,100,0
19386,100,0
19387,504,1
19388,98,0
19389,118,0
19390,102,0
19391,100,0
19392,104,0
19393,98,0
19394,502,1
19395,812,1
19396,104,0
19397,102,0
19398,106,0
19399,98,0
19400,520,1
19401,118,0
19402,104,0
19403,108,0
19404,98,0
19405,106,0
19406,526,1
19407,106,0
19408,104,0
19409,104,0
19410,108,0
19411,104,0
19412,108,0
19413,110,0
19414,108,0
19415,106,0
19416,104,0
19417,108,0
19418,96,0
19419,102,0
19420,104,0
19421,104,0
19422,108,0
19423,100,0
19424,114,0
19425,98,0
19426,104,0
19427,96,0
19428,526,1
19429,104,0
19430,108,0
19431,98,0
19432,98,0
19433,114,0
19434,114,0
19435,108,0
19436,96,0
19437,100,0
19438,508,1
19439,818,1
19440,108,0
19441,98,0
19442,114,0
19443,110,0
19444,108,0
19445,110,0
19446,104,0
19447,108,0
19448,96,0
19449,98,0
19450,512,1
19451,826,1
19452,106,0
19453,104,0
19454,108,0
19455,110,0
19456,108,0
19457,106,0
19458,116,0
19459,110,0
19460,96,0
19461,510,1
19462,108,0
19463,104,0
19464,110,0
19465,122,0
19466,110,0
19467,94,0
19468,106,0
19469,108,0
19470,108,0
19471,100,0
19472,98,0
19473,98,0
19474,508,1
19475,814,1
19476,118,0
19477,112,0
19478,120,0
19479,104,0
19480,100,0
19481,114,0
19482,106,0
19483,110,0
19484,98,0
19485,98,0
19486,510,1
19487,828,1
19488,104,0
19489,132,0
19490,106,0
19491,98,0
19492,110,0
19493,102,0
19494,110,0
19495,106,0
19496,106,0
19497,104,0
19498,98,0
19499,104,0
19500,114,0
19501,100,0
19502,104,0
19503,98,0
19504,108,0
19505,100,0
19506,106,0
19507,100,0
19508,538,1
19509,114,0
19510,808,1
19511,108,0
19512,102,0
19513,110,0
19514,96,0
19515,106,0
19516,104,0
19517,98,0
19518,104,0
19519,108,0
19520,104,0
19521,108,0
19522,112,0
19523,92,0
19524,98,0
19525,550,1
19526,100,0
19527,100,0
19528,114,0
19529,102,0
19530,98,0
19531,108,0
19532,100,0
19533,536,1
19534,108,0
19535,100,0
19536,110,0
19537,98,0
19538,126,0
19539,96,0
19540,110,0
19541,110,0
19542,122,0
19543,118,0
19544,90,0
19545,100,0
19546,502,1
19547,104,0
19548,110,0
19549,106,0
19550,110,0
19551,98,0
19552,96,0
19553,496,1
19554,100,0
19555,116,0
19556,116,0
19557,104,0
19558,98,0
19559,104,0
19560,100,0
19561,100,0
19562,114,0
19563,118,0
19564,114,0
19565,126,0
19566,100,0
19567,96,0
19568,104,0
19569,96,0
19570,106,0
19571,110,0
19572,120,0
19573,106,0
19574,130,0
19575,110,0
19576,102,0
19577,98,0
19578,516,1
19579,106,0
19580,104,0
19581,108,0
19582,118,0
19583,96,0
19584,98,0
19585,110,0
19586,100,0
19587,108,0
19588,94,0
19589,118,0
19590,110,0
19591,808,1
19592,108,0
19593,96,0
19594,112,0
19595,512,1
19596,104,0
19597,118,0
19598,98,0
19599,108,0
19600,98,0
19601,110,0
19602,502,1
19603,114,0
19604,108,0
19605,96,0
19606,108,0
19607,114,0
19608,100,0
19609,112,0
19610,104,0
19611,108,0
19612,96,0
19613,116,0
19614,98,0
19615,116,0
19616,128,0
19617,108,0
19618,108,0
19619,96,0
19620,116,0
19621,110,0
19622,104,0
19623,104,0
19624,98,0
19625,96,0
19626,520,1
19627,112,0
19628,108,0
19629,96,0
19630,110,0
19631,98,0
19632,104,0
19633,114,0
19634,106,0
19635,114,0
19636,118,0
19637,108,0
19638,96,0
19639,100,0
19640,104,0
19641,112,0
19642,106,0
19643,122,0
19644,110,0
19645,100,0
19646,100,0
19647,108,0
19648,104,0
19649,106,0
19650,100,0
19651,104,0
19652,110,0
19653,108,0
19654,100,0
19655,114,0
19656,100,0
19657,106,0
19658,116,0
19659,106,0
19660,110,0
19661,98,0
19662,108,0
19663,98,0
19664,108,0
19665,110,0
19666,118,0
19667,108,0
19668,124,0
19669,106,0
19670,98,0
19671,110,0
19672,114,0
19673,136,0
19674,106,0
19675,100,0
19676,516,1
19677,106,0
19678,104,0
19679,106,0
19680,104,0
19681,110,0
19682,98,0
19683,100,0
19684,108,0
19685,106,0
19686,106,0
19687,98,0
19688,108,0
19689,520,1
19690,820,1
19691,104,0
19692,132,0
19693,110,0
19694,100,0
19695,830,1
19696,104,0
19697,96,0
19698,108,0
19699,98,0
19700,98,0
19701,528,1
19702,100,0
19703,108,0
19704,126,0
19705,104,0
19706,106,0
19707,100,0
19708,98,0
19709,512,1
19710,110,0
19711,102,0
19712,106,0
19713,104,0
19714,104,0
19715,530,1
19716,100,0
19717,108,0
19718,100,0
19719,104,0
19720,104,0
19721,110,0
19722,116,0
19723,104,0
19724,112,0
19725,100,0
19726,104,0
19727,104,0
19728,104,0
19729,96,0
19730,104,0
19731,102,0
19732,114,0
19733,106,0
19734,108,0
19735,110,0
19736,98,0
19737,106,0
19738,106,0
19739,104,0
19740,108,0
19741,100,0
19742,94,0
19743,510,1
19744,104,0
19745,106,0
19746,98,0
19747,108,0
19748,96,0
19749,104,0
19750,110,0
19751,112,0
19752,110,0
19753,100,0
19754,100,0
19755,514,1
19756,114,0
19757,108,0
19758,114,0
19759,110,0
19760,96,0
19761,100,0
19762,512,1
19763,118,0
19764,106,0
19765,100,0
19766,110,0
19767,94,0
19768,94,0
19769,114,0
19770,108,0
19771,112,0
19772,104,0
19773,110,0
19774,114,0
19775,110,0
19776,102,0
19777,94,0
19778,528,1
19779,822,1
19780,106,0
19781,122,0
19782,110,0
19783,100,0
19784,116,0
19785,114,0
19786,104,0
19787,110,0
19788,96,0
19789,130,0
19790,98,0
19791,100,0
19792,110,0
19793,114,0
19794,108,0
19795,94,0
19796,92,0
19797,502,1
19798,110,0
19799,106,0
19800,100,0
19801,108,0
19802,100,0
19803,528,1
19804,116,0
19805,828,1
19806,108,0
19807,104,0
19808,108,0
19809,94,0
19810,100,0
19811,118,0
19812,108,0
19813,108,0
19814,108,0
19815,110,0
19816,100,0
19817,108,0
19818,100,0
19819,108,0
19820,110,0
19821,128,0
19822,108,0
19823,96,0
19824,102,0
19825,110,0
19826,104,0
19827,104,0
19828,108,0
19829,104,0
19830,100,0
19831,110,0
19832,100,0
19833,122,0
19834,98,0
19835,108,0
19836,110,0
19837,100,0
19838,110,0
19839,98,0
19840,104,0
19841,94,0
19842,114,0
19843,114,0
19844,100,0
19845,108,0
19846,100,0
19847,100,0
19848,512,1
19849,108,0
19850,104,0
19851,96,0
19852,118,0
19853,98,0
19854,814,1
19855,104,0
19856,106,0
19857,106,0
19858,100,0
19859,518,1
19860,106,0
19861,110,0
19862,110,0
19863,110,0
19864,112,0
19865,94,0
19866,120,0
19867,118,0
19868,108,0
19869,108,0
19870,126,0
19871,110,0
19872,98,0
19873,104,0
19874,108,0
19875,100,0
19876,110,0
19877,102,0
19878,96,0
19879,498,1
19880,104,0
19881,114,0
19882,100,0
19883,98,0
19884,112,0
19885,128,0
19886,114,0
19887,104,0
19888,116,0
19889,98,0
19890,98,0
19891,510,1
19892,116,0
19893,108,0
19894,98,0
19895,104,0
19896,104,0
19897,100,0
19898,108,0
19899,104,0
19900,110,0
19901,104,0
19902,106,0
19903,96,0
19904,110,0
19905,108,0
19906,842,1
19907,108,0
19908,124,0
19909,112,0
19910,100,0
19911,110,0
19912,100,0
19913,516,1
19914,110,0
19915,100,0
19916,106,0
19917,104,0
19918,106,0
19919,108,0
19920,122,0
19921,108,0
19922,110,0
19923,104,0
19924,114,0
19925,104,0
19926,100,0
19927,100,0
19928,112,0
19929,102,0
19930,116,0
19931,118,0
19932,116,0
19933,100,0
19934,106,0
19935,118,0
19936,106,0
19937,106,0
19938,94,0
19939,96,0
19940,496,1
19941,106,0
19942,104,0
19943,100,0
19944,106,0
19945,98,0
19946,108,0
19947,104,0
19948,100,0
19949,108,0
19950,100,0
19951,118,0
19952,106,0
19953,114,0
19954,114,0
19955,102,0
19956,110,0
19957,118,0
19958,108,0
19959,104,0
19960,106,0
19961,106,0
19962,106,0
19963,106,0
19964,100,0
19965,110,0
19966,98,0
19967,98,0
19968,124,0
19969,108,0
19970,106,0
19971,106,0
19972,100,0
19973,132,0
19974,100,0
19975,108,0
19976,100,0
19977,110,0
19978,98,0
19979,108,0
19980,104,0
19981,110,0
19982,114,0
19983,104,0
19984,106,0
19985,98,0
19986,98,0
19987,510,1
19988,108,0
19989,104,0
19990,98,0
19991,96,0
19992,106,0
19993,824,1
19994,104,0
19995,106,0
19996,102,0
19997,100,0
19998,514,1
19999,108,0
