trial,reload_ticks,classified_evicted
0,72,0
1,66,0
2,70,0
3,70,0
4,70,0
5,68,0
6,70,0
7,68,0
8,70,0
9,70,0
10,66,0
11,68,0
12,66,0
13,68,0
14,66,0
15,72,0
16,66,0
17,68,0
18,70,0
19,70,0
20,68,0
21,70,0
22,70,0
23,68,0
24,66,0
25,70,0
26,68,0
27,68,0
28,68,0
29,66,0
30,68,0
31,72,0
32,66,0
33,68,0
34,70,0
35,68,0
36,66,0
37,70,0
38,70,0
39,68,0
40,70,0
41,70,0
42,70,0
43,72,0
44,70,0
45,68,0
46,70,0
47,68,0
48,70,0
49,68,0
50,70,0
51,68,0
52,68,0
53,68,0
54,70,0
55,70,0
56,70,0
57,68,0
58,68,0
59,70,0
60,68,0
61,70,0
62,70,0
63,68,0
64,70,0
65,68,0
66,68,0
67,70,0
68,68,0
69,68,0
70,68,0
71,68,0
72,68,0
73,68,0
74,68,0
75,66,0
76,68,0
77,68,0
78,68,0
79,68,0
80,68,0
81,70,0
82,66,0
83,70,0
84,68,0
85,68,0
86,68,0
87,68,0
88,70,0
89,70,0
90,66,0
91,68,0
92,70,0
93,68,0
94,66,0
95,70,0
96,70,0
97,66,0
98,68,0
99,68,0
100,70,0
101,68,0
102,68,0
103,66,0
104,68,0
105,68,0
106,66,0
107,68,0
108,72,0
109,68,0
110,68,0
111,70,0
112,68,0
113,68,0
114,68,0
115,68,0
116,68,0
117,66,0
118,68,0
119,68,0
120,68,0
121,70,0
122,70,0
123,70,0
124,70,0
125,68,0
126,68,0
127,68,0
128,68,0
129,68,0
130,68,0
131,66,0
132,68,0
133,70,0
134,68,0
135,68,0
136,70,0
137,68,0
138,68,0
139,68,0
140,68,0
141,70,0
142,70,0
143,70,0
144,68,0
145,70,0
146,70,0
147,70,0
148,70,0
149,66,0
150,68,0
151,70,0
152,70,0
153,70,0
154,68,0
155,68,0
156,68,0
157,68,0
158,70,0
159,70,0
160,68,0
161,66,0
162,70,0
163,70,0
164,68,0
165,66,0
166,72,0
167,68,0
168,70,0
169,68,0
170,68,0
171,70,0
172,68,0
173,68,0
174,70,0
175,70,0
176,68,0
177,70,0
178,68,0
179,66,0
180,68,0
181,66,0
182,70,0
183,68,0
184,68,0
185,66,0
186,68,0
187,68,0
188,70,0
189,68,0
190,68,0
191,68,0
192,68,0
193,70,0
194,70,0
195,68,0
196,70,0
197,70,0
198,68,0
199,68,0
200,68,0
201,66,0
202,68,0
203,70,0
204,70,0
205,70,0
206,68,0
207,70,0
208,68,0
209,68,0
210,68,0
211,70,0
212,68,0
213,68,0
214,70,0
215,68,0
216,68,0
217,68,0
218,68,0
219,68,0
220,68,0
221,70,0
222,68,0
223,68,0
224,68,0
225,68,0
226,70,0
227,70,0
228,68,0
229,70,0
230,68,0
231,70,0
232,68,0
233,70,0
234,70,0
235,70,0
236,68,0
237,68,0
238,68,0
239,68,0
240,68,0
241,68,0
242,68,0
243,68,0
244,68,0
245,68,0
246,70,0
247,68,0
248,68,0
249,68,0
250,68,0
251,68,0
252,68,0
253,68,0
254,68,0
255,68,0
256,70,0
257,70,0
258,70,0
259,70,0
260,70,0
261,68,0
262,70,0
263,70,0
264,68,0
265,68,0
266,68,0
267,68,0
268,68,0
269,68,0
270,68,0
271,72,0
272,68,0
273,68,0
274,68,0
275,70,0
276,70,0
277,70,0
278,68,0
279,70,0
280,68,0
281,68,0
282,68,0
283,68,0
284,68,0
285,68,0
286,68,0
287,66,0
288,68,0
289,68,0
290,68,0
291,68,0
292,68,0
293,70,0
294,70,0
295,70,0
296,68,0
297,70,0
298,70,0
299,70,0
300,70,0
301,66,0
302,68,0
303,68,0
304,68,0
305,70,0
306,70,0
307,70,0
308,66,0
309,66,0
310,68,0
311,68,0
312,68,0
313,68,0
314,70,0
315,68,0
316,68,0
317,66,0
318,68,0
319,66,0
320,70,0
321,68,0
322,68,0
323,70,0
324,68,0
325,70,0
326,68,0
327,68,0
328,68,0
329,68,0
330,70,0
331,68,0
332,70,0
333,68,0
334,66,0
335,70,0
336,70,0
337,68,0
338,70,0
339,68,0
340,66,0
341,70,0
342,70,0
343,68,0
344,66,0
345,70,0
346,66,0
347,70,0
348,66,0
349,70,0
350,66,0
351,68,0
352,66,0
353,68,0
354,68,0
355,68,0
356,66,0
357,70,0
358,70,0
359,66,0
360,68,0
361,68,0
362,68,0
363,70,0
364,66,0
365,68,0
366,66,0
367,68,0
368,66,0
369,66,0
370,64,0
371,68,0
372,68,0
373,70,0
374,68,0
375,70,0
376,68,0
377,68,0
378,68,0
379,70,0
380,70,0
381,68,0
382,68,0
383,70,0
384,66,0
385,68,0
386,68,0
387,66,0
388,70,0
389,66,0
390,70,0
391,70,0
392,68,0
393,72,0
394,68,0
395,68,0
396,70,0
397,72,0
398,68,0
399,72,0
400,68,0
401,72,0
402,70,0
403,70,0
404,68,0
405,70,0
406,70,0
407,68,0
408,70,0
409,70,0
410,68,0
411,70,0
412,70,0
413,68,0
414,70,0
415,72,0
416,68,0
417,68,0
418,68,0
419,70,0
420,70,0
421,68,0
422,72,0
423,68,0
424,68,0
425,72,0
426,70,0
427,70,0
428,68,0
429,68,0
430,72,0
431,70,0
432,68,0
433,68,0
434,68,0
435,68,0
436,68,0
437,68,0
438,70,0
439,68,0
440,70,0
441,68,0
442,70,0
443,70,0
444,68,0
445,70,0
446,68,0
447,68,0
448,70,0
449,68,0
450,70,0
451,70,0
452,68,0
453,70,0
454,68,0
455,70,0
456,70,0
457,68,0
458,70,0
459,68,0
460,70,0
461,68,0
462,68,0
463,68,0
464,70,0
465,70,0
466,68,0
467,68,0
468,68,0
469,70,0
470,68,0
471,70,0
472,68,0
473,68,0
474,70,0
475,66,0
476,70,0
477,68,0
478,70,0
479,68,0
480,70,0
481,68,0
482,70,0
483,68,0
484,70,0
485,68,0
486,66,0
487,68,0
488,68,0
489,68,0
490,68,0
491,70,0
492,68,0
493,68,0
494,72,0
495,68,0
496,68,0
497,68,0
498,66,0
499,68,0
500,68,0
501,70,0
502,70,0
503,68,0
504,68,0
505,70,0
506,66,0
507,70,0
508,68,0
509,68,0
510,70,0
511,70,0
512,70,0
513,70,0
514,68,0
515,70,0
516,68,0
517,70,0
518,68,0
519,68,0
520,68,0
521,70,0
522,70,0
523,70,0
524,68,0
525,70,0
526,68,0
527,68,0
528,68,0
529,70,0
530,68,0
531,70,0
532,68,0
533,68,0
534,68,0
535,68,0
536,70,0
537,68,0
538,70,0
539,68,0
540,66,0
541,68,0
542,68,0
543,70,0
544,68,0
545,70,0
546,68,0
547,70,0
548,70,0
549,66,0
550,68,0
551,70,0
552,70,0
553,70,0
554,68,0
555,68,0
556,70,0
557,70,0
558,70,0
559,68,0
560,68,0
561,74,0
562,68,0
563,68,0
564,70,0
565,68,0
566,70,0
567,68,0
568,68,0
569,70,0
570,68,0
571,70,0
572,68,0
573,70,0
574,68,0
575,68,0
576,70,0
577,68,0
578,68,0
579,68,0
580,68,0
581,70,0
582,70,0
583,68,0
584,68,0
585,70,0
586,68,0
587,70,0
588,70,0
589,68,0
590,70,0
591,68,0
592,68,0
593,68,0
594,68,0
595,70,0
596,70,0
597,68,0
598,68,0
599,68,0
600,70,0
601,68,0
602,68,0
603,68,0
604,70,0
605,68,0
606,70,0
607,68,0
608,70,0
609,68,0
610,70,0
611,68,0
612,70,0
613,68,0
614,70,0
615,68,0
616,70,0
617,68,0
618,70,0
619,68,0
620,70,0
621,68,0
622,68,0
623,68,0
624,68,0
625,70,0
626,70,0
627,70,0
628,68,0
629,70,0
630,66,0
631,70,0
632,68,0
633,70,0
634,68,0
635,66,0
636,68,0
637,68,0
638,70,0
639,70,0
640,70,0
641,68,0
642,70,0
643,68,0
644,70,0
645,68,0
646,70,0
647,68,0
648,70,0
649,68,0
650,70,0
651,68,0
652,68,0
653,70,0
654,68,0
655,70,0
656,68,0
657,68,0
658,68,0
659,68,0
660,72,0
661,70,0
662,68,0
663,72,0
664,68,0
665,70,0
666,70,0
667,72,0
668,70,0
669,70,0
670,68,0
671,66,0
672,70,0
673,72,0
674,70,0
675,68,0
676,70,0
677,66,0
678,68,0
679,70,0
680,68,0
681,68,0
682,68,0
683,68,0
684,70,0
685,70,0
686,70,0
687,68,0
688,70,0
689,68,0
690,70,0
691,68,0
692,68,0
693,70,0
694,68,0
695,70,0
696,72,0
697,70,0
698,68,0
699,70,0
700,68,0
701,70,0
702,68,0
703,70,0
704,68,0
705,70,0
706,72,0
707,72,0
708,68,0
709,70,0
710,70,0
711,66,0
712,66,0
713,70,0
714,68,0
715,70,0
716,70,0
717,70,0
718,70,0
719,68,0
720,70,0
721,66,0
722,70,0
723,68,0
724,68,0
725,68,0
726,70,0
727,68,0
728,70,0
729,68,0
730,70,0
731,68,0
732,70,0
733,68,0
734,68,0
735,68,0
736,68,0
737,68,0
738,70,0
739,70,0
740,68,0
741,70,0
742,68,0
743,70,0
744,68,0
745,70,0
746,68,0
747,70,0
748,72,0
749,68,0
750,70,0
751,70,0
752,68,0
753,70,0
754,68,0
755,68,0
756,70,0
757,68,0
758,70,0
759,68,0
760,68,0
761,70,0
762,68,0
763,70,0
764,68,0
765,70,0
766,70,0
767,68,0
768,70,0
769,68,0
770,70,0
771,70,0
772,70,0
773,66,0
774,68,0
775,66,0
776,66,0
777,68,0
778,68,0
779,68,0
780,70,0
781,68,0
782,70,0
783,70,0
784,68,0
785,68,0
786,70,0
787,68,0
788,70,0
789,68,0
790,68,0
791,68,0
792,70,0
793,68,0
794,70,0
795,70,0
796,68,0
797,70,0
798,66,0
799,68,0
800,70,0
801,68,0
802,68,0
803,68,0
804,68,0
805,68,0
806,68,0
807,68,0
808,70,0
809,68,0
810,70,0
811,70,0
812,68,0
813,68,0
814,66,0
815,70,0
816,66,0
817,68,0
818,66,0
819,68,0
820,70,0
821,68,0
822,68,0
823,70,0
824,68,0
825,68,0
826,68,0
827,66,0
828,70,0
829,68,0
830,68,0
831,70,0
832,68,0
833,66,0
834,68,0
835,68,0
836,66,0
837,68,0
838,70,0
839,68,0
840,68,0
841,66,0
842,70,0
843,70,0
844,68,0
845,70,0
846,68,0
847,66,0
848,70,0
849,66,0
850,70,0
851,66,0
852,68,0
853,66,0
854,68,0
855,68,0
856,70,0
857,68,0
858,68,0
859,68,0
860,70,0
861,68,0
862,70,0
863,70,0
864,66,0
865,70,0
866,68,0
867,70,0
868,68,0
869,68,0
870,68,0
871,68,0
872,70,0
873,68,0
874,70,0
875,68,0
876,70,0
877,68,0
878,70,0
879,68,0
880,68,0
881,68,0
882,68,0
883,68,0
884,70,0
885,70,0
886,68,0
887,68,0
888,70,0
889,66,0
890,70,0
891,72,0
892,80,0
893,74,0
894,74,0
895,70,0
896,78,0
897,74,0
898,76,0
899,72,0
900,68,0
901,64,0
902,84,0
903,72,0
904,78,0
905,68,0
906,72,0
907,538,1
908,68,0
909,66,0
910,76,0
911,72,0
912,70,0
913,66,0
914,72,0
915,72,0
916,70,0
917,68,0
918,78,0
919,78,0
920,70,0
921,68,0
922,70,0
923,70,0
924,72,0
925,66,0
926,70,0
927,68,0
928,70,0
929,70,0
930,80,0
931,78,0
932,66,0
933,70,0
934,70,0
935,82,0
936,76,0
937,80,0
938,68,0
939,76,0
940,80,0
941,72,0
942,70,0
943,66,0
944,70,0
945,68,0
946,68,0
947,68,0
948,76,0
949,68,0
950,72,0
951,74,0
952,80,0
953,72,0
954,80,0
955,76,0
956,68,0
957,72,0
958,82,0
959,70,0
960,70,0
961,76,0
962,66,0
963,68,0
964,76,0
965,68,0
966,68,0
967,78,0
968,66,0
969,70,0
970,68,0
971,86,0
972,70,0
973,66,0
974,68,0
975,66,0
976,80,0
977,76,0
978,72,0
979,74,0
980,268,1
981,92,0
982,68,0
983,74,0
984,70,0
985,70,0
986,68,0
987,74,0
988,68,0
989,70,0
990,68,0
991,70,0
992,80,0
993,70,0
994,72,0
995,72,0
996,74,0
997,72,0
998,80,0
999,68,0
1000,82,0
1001,68,0
1002,68,0
1003,72,0
1004,90,0
1005,82,0
1006,80,0
1007,74,0
1008,66,0
1009,80,0
1010,80,0
1011,68,0
1012,68,0
1013,68,0
1014,68,0
1015,72,0
1016,66,0
1017,78,0
1018,72,0
1019,70,0
1020,76,0
1021,82,0
1022,74,0
1023,76,0
1024,74,0
1025,72,0
1026,84,0
1027,74,0
1028,74,0
1029,70,0
1030,76,0
1031,70,0
1032,72,0
1033,78,0
1034,80,0
1035,66,0
1036,74,0
1037,78,0
1038,74,0
1039,68,0
1040,66,0
1041,72,0
1042,80,0
1043,82,0
1044,74,0
1045,78,0
1046,68,0
1047,76,0
1048,76,0
1049,70,0
1050,80,0
1051,68,0
1052,68,0
1053,74,0
1054,76,0
1055,66,0
1056,76,0
1057,68,0
1058,70,0
1059,72,0
1060,70,0
1061,70,0
1062,74,0
1063,70,0
1064,68,0
1065,68,0
1066,74,0
1067,68,0
1068,82,0
1069,72,0
1070,72,0
1071,76,0
1072,68,0
1073,68,0
1074,74,0
1075,68,0
1076,70,0
1077,80,0
1078,72,0
1079,78,0
1080,68,0
1081,72,0
1082,66,0
1083,68,0
1084,78,0
1085,74,0
1086,70,0
1087,70,0
1088,72,0
1089,74,0
1090,76,0
1091,74,0
1092,74,0
1093,68,0
1094,78,0
1095,78,0
1096,556,1
1097,68,0
1098,72,0
1099,70,0
1100,80,0
1101,68,0
1102,72,0
1103,72,0
1104,70,0
1105,68,0
1106,74,0
1107,70,0
1108,76,0
1109,74,0
1110,68,0
1111,74,0
1112,82,0
1113,68,0
1114,80,0
1115,78,0
1116,80,0
1117,70,0
1118,68,0
1119,90,0
1120,70,0
1121,82,0
1122,78,0
1123,76,0
1124,82,0
1125,70,0
1126,68,0
1127,78,0
1128,66,0
1129,74,0
1130,76,0
1131,86,0
1132,74,0
1133,74,0
1134,78,0
1135,68,0
1136,72,0
1137,68,0
1138,70,0
1139,72,0
1140,86,0
1141,74,0
1142,74,0
1143,74,0
1144,66,0
1145,72,0
1146,68,0
1147,70,0
1148,70,0
1149,70,0
1150,68,0
1151,78,0
1152,68,0
1153,66,0
1154,72,0
1155,66,0
1156,68,0
1157,70,0
1158,72,0
1159,68,0
1160,70,0
1161,66,0
1162,66,0
1163,70,0
1164,66,0
1165,74,0
1166,76,0
1167,66,0
1168,80,0
1169,70,0
1170,74,0
1171,70,0
1172,68,0
1173,68,0
1174,66,0
1175,70,0
1176,66,0
1177,70,0
1178,68,0
1179,84,0
1180,68,0
1181,74,0
1182,70,0
1183,66,0
1184,70,0
1185,70,0
1186,78,0
1187,72,0
1188,68,0
1189,68,0
1190,78,0
1191,74,0
1192,74,0
1193,84,0
1194,74,0
1195,78,0
1196,80,0
1197,76,0
1198,70,0
1199,82,0
1200,74,0
1201,74,0
1202,88,0
1203,74,0
1204,74,0
1205,80,0
1206,68,0
1207,70,0
1208,68,0
1209,70,0
1210,68,0
1211,76,0
1212,78,0
1213,76,0
1214,76,0
1215,74,0
1216,74,0
1217,78,0
1218,78,0
1219,84,0
1220,74,0
1221,80,0
1222,80,0
1223,80,0
1224,78,0
1225,78,0
1226,72,0
1227,72,0
1228,76,0
1229,76,0
1230,76,0
1231,74,0
1232,74,0
1233,78,0
1234,72,0
1235,72,0
1236,72,0
1237,80,0
1238,72,0
1239,74,0
1240,76,0
1241,80,0
1242,74,0
1243,84,0
1244,70,0
1245,76,0
1246,78,0
1247,74,0
1248,74,0
1249,78,0
1250,74,0
1251,74,0
1252,74,0
1253,76,0
1254,70,0
1255,68,0
1256,72,0
1257,74,0
1258,68,0
1259,70,0
1260,74,0
1261,72,0
1262,72,0
1263,80,0
1264,72,0
1265,70,0
1266,72,0
1267,74,0
1268,72,0
1269,64,0
1270,74,0
1271,78,0
1272,76,0
1273,82,0
1274,72,0
1275,82,0
1276,80,0
1277,66,0
1278,70,0
1279,76,0
1280,70,0
1281,70,0
1282,70,0
1283,70,0
1284,72,0
1285,70,0
1286,72,0
1287,82,0
1288,82,0
1289,82,0
1290,84,0
1291,74,0
1292,76,0
1293,78,0
1294,76,0
1295,66,0
1296,68,0
1297,68,0
1298,70,0
1299,72,0
1300,74,0
1301,78,0
1302,74,0
1303,72,0
1304,66,0
1305,76,0
1306,74,0
1307,68,0
1308,70,0
1309,86,0
1310,80,0
1311,84,0
1312,76,0
1313,76,0
1314,76,0
1315,80,0
1316,82,0
1317,74,0
1318,74,0
1319,78,0
1320,66,0
1321,68,0
1322,72,0
1323,82,0
1324,74,0
1325,68,0
1326,64,0
1327,82,0
1328,68,0
1329,68,0
1330,70,0
1331,76,0
1332,68,0
1333,70,0
1334,78,0
1335,66,0
1336,78,0
1337,78,0
1338,82,0
1339,80,0
1340,72,0
1341,68,0
1342,66,0
1343,72,0
1344,68,0
1345,68,0
1346,74,0
1347,68,0
1348,74,0
1349,72,0
1350,74,0
1351,74,0
1352,74,0
1353,80,0
1354,80,0
1355,80,0
1356,74,0
1357,78,0
1358,68,0
1359,74,0
1360,86,0
1361,74,0
1362,78,0
1363,78,0
1364,78,0
1365,80,0
1366,76,0
1367,72,0
1368,76,0
1369,74,0
1370,70,0
1371,78,0
1372,78,0
1373,70,0
1374,76,0
1375,82,0
1376,82,0
1377,80,0
1378,68,0
1379,70,0
1380,74,0
1381,74,0
1382,70,0
1383,68,0
1384,68,0
1385,82,0
1386,80,0
1387,74,0
1388,68,0
1389,86,0
1390,70,0
1391,70,0
1392,70,0
1393,78,0
1394,74,0
1395,78,0
1396,80,0
1397,72,0
1398,88,0
1399,74,0
1400,70,0
1401,74,0
1402,70,0
1403,76,0
1404,68,0
1405,76,0
1406,80,0
1407,86,0
1408,74,0
1409,74,0
1410,80,0
1411,70,0
1412,80,0
1413,70,0
1414,66,0
1415,66,0
1416,82,0
1417,70,0
1418,80,0
1419,78,0
1420,78,0
1421,74,0
1422,72,0
1423,82,0
1424,80,0
1425,72,0
1426,82,0
1427,72,0
1428,68,0
1429,78,0
1430,70,0
1431,68,0
1432,82,0
1433,76,0
1434,74,0
1435,68,0
1436,74,0
1437,72,0
1438,74,0
1439,76,0
1440,76,0
1441,76,0
1442,74,0
1443,74,0
1444,72,0
1445,76,0
1446,74,0
1447,68,0
1448,78,0
1449,72,0
1450,84,0
1451,74,0
1452,74,0
1453,74,0
1454,78,0
1455,78,0
1456,72,0
1457,74,0
1458,80,0
1459,72,0
1460,76,0
1461,84,0
1462,70,0
1463,70,0
1464,66,0
1465,74,0
1466,74,0
1467,82,0
1468,74,0
1469,90,0
1470,74,0
1471,74,0
1472,74,0
1473,72,0
1474,74,0
1475,84,0
1476,76,0
1477,74,0
1478,76,0
1479,70,0
1480,68,0
1481,84,0
1482,74,0
1483,78,0
1484,84,0
1485,68,0
1486,68,0
1487,94,0
1488,72,0
1489,70,0
1490,70,0
1491,76,0
1492,78,0
1493,76,0
1494,72,0
1495,74,0
1496,76,0
1497,76,0
1498,80,0
1499,80,0
1500,74,0
1501,76,0
1502,74,0
1503,76,0
1504,82,0
1505,84,0
1506,74,0
1507,80,0
1508,76,0
1509,80,0
1510,68,0
1511,78,0
1512,66,0
1513,72,0
1514,76,0
1515,90,0
1516,82,0
1517,74,0
1518,82,0
1519,80,0
1520,76,0
1521,74,0
1522,74,0
1523,68,0
1524,64,0
1525,74,0
1526,68,0
1527,74,0
1528,80,0
1529,76,0
1530,74,0
1531,80,0
1532,68,0
1533,70,0
1534,66,0
1535,80,0
1536,76,0
1537,70,0
1538,82,0
1539,74,0
1540,80,0
1541,72,0
1542,80,0
1543,68,0
1544,68,0
1545,78,0
1546,74,0
1547,70,0
1548,76,0
1549,80,0
1550,74,0
1551,72,0
1552,74,0
1553,80,0
1554,80,0
1555,80,0
1556,70,0
1557,76,0
1558,74,0
1559,70,0
1560,80,0
1561,74,0
1562,80,0
1563,76,0
1564,68,0
1565,74,0
1566,76,0
1567,78,0
1568,82,0
1569,82,0
1570,76,0
1571,68,0
1572,68,0
1573,72,0
1574,72,0
1575,72,0
1576,78,0
1577,78,0
1578,76,0
1579,80,0
1580,80,0
1581,76,0
1582,68,0
1583,74,0
1584,74,0
1585,68,0
1586,72,0
1587,74,0
1588,82,0
1589,74,0
1590,78,0
1591,74,0
1592,74,0
1593,80,0
1594,74,0
1595,76,0
1596,76,0
1597,74,0
1598,76,0
1599,74,0
1600,72,0
1601,76,0
1602,86,0
1603,80,0
1604,70,0
1605,80,0
1606,74,0
1607,76,0
1608,76,0
1609,80,0
1610,66,0
1611,84,0
1612,78,0
1613,74,0
1614,80,0
1615,68,0
1616,72,0
1617,76,0
1618,78,0
1619,86,0
1620,74,0
1621,68,0
1622,68,0
1623,76,0
1624,74,0
1625,76,0
1626,74,0
1627,78,0
1628,80,0
1629,82,0
1630,76,0
1631,78,0
1632,88,0
1633,84,0
1634,76,0
1635,74,0
1636,76,0
1637,82,0
1638,74,0
1639,84,0
1640,76,0
1641,74,0
1642,74,0
1643,74,0
1644,76,0
1645,82,0
1646,74,0
1647,84,0
1648,76,0
1649,74,0
1650,76,0
1651,68,0
1652,74,0
1653,74,0
1654,80,0
1655,80,0
1656,74,0
1657,78,0
1658,80,0
1659,84,0
1660,76,0
1661,72,0
1662,72,0
1663,76,0
1664,74,0
1665,72,0
1666,76,0
1667,82,0
1668,82,0
1669,76,0
1670,76,0
1671,74,0
1672,78,0
1673,78,0
1674,74,0
1675,74,0
1676,82,0
1677,82,0
1678,78,0
1679,70,0
1680,82,0
1681,78,0
1682,70,0
1683,78,0
1684,72,0
1685,68,0
1686,74,0
1687,68,0
1688,68,0
1689,74,0
1690,70,0
1691,70,0
1692,72,0
1693,70,0
1694,72,0
1695,72,0
1696,80,0
1697,76,0
1698,78,0
1699,80,0
1700,78,0
1701,74,0
1702,68,0
1703,84,0
1704,70,0
1705,72,0
1706,66,0
1707,76,0
1708,76,0
1709,72,0
1710,78,0
1711,78,0
1712,74,0
1713,72,0
1714,66,0
1715,74,0
1716,82,0
1717,72,0
1718,78,0
1719,70,0
1720,78,0
1721,80,0
1722,74,0
1723,80,0
1724,78,0
1725,78,0
1726,78,0
1727,80,0
1728,78,0
1729,80,0
1730,70,0
1731,76,0
1732,80,0
1733,80,0
1734,74,0
1735,78,0
1736,76,0
1737,74,0
1738,68,0
1739,70,0
1740,74,0
1741,80,0
1742,78,0
1743,82,0
1744,76,0
1745,78,0
1746,114,0
1747,66,0
1748,70,0
1749,70,0
1750,68,0
1751,74,0
1752,68,0
1753,80,0
1754,76,0
1755,74,0
1756,68,0
1757,70,0
1758,70,0
1759,68,0
1760,68,0
1761,66,0
1762,68,0
1763,72,0
1764,72,0
1765,76,0
1766,82,0
1767,74,0
1768,72,0
1769,64,0
1770,80,0
1771,76,0
1772,72,0
1773,76,0
1774,70,0
1775,68,0
1776,68,0
1777,78,0
1778,74,0
1779,76,0
1780,74,0
1781,78,0
1782,78,0
1783,72,0
1784,72,0
1785,76,0
1786,76,0
1787,76,0
1788,74,0
1789,68,0
1790,72,0
1791,74,0
1792,80,0
1793,76,0
1794,66,0
1795,70,0
1796,68,0
1797,76,0
1798,72,0
1799,66,0
1800,84,0
1801,70,0
1802,72,0
1803,74,0
1804,82,0
1805,88,0
1806,70,0
1807,76,0
1808,72,0
1809,76,0
1810,76,0
1811,68,0
1812,66,0
1813,76,0
1814,80,0
1815,68,0
1816,76,0
1817,74,0
1818,86,0
1819,76,0
1820,80,0
1821,76,0
1822,72,0
1823,68,0
1824,70,0
1825,74,0
1826,70,0
1827,74,0
1828,74,0
1829,74,0
1830,74,0
1831,70,0
1832,66,0
1833,74,0
1834,76,0
1835,66,0
1836,76,0
1837,80,0
1838,82,0
1839,80,0
1840,78,0
1841,76,0
1842,80,0
1843,70,0
1844,68,0
1845,78,0
1846,78,0
1847,72,0
1848,84,0
1849,80,0
1850,76,0
1851,72,0
1852,70,0
1853,76,0
1854,86,0
1855,74,0
1856,74,0
1857,70,0
1858,82,0
1859,78,0
1860,76,0
1861,72,0
1862,76,0
1863,68,0
1864,78,0
1865,76,0
1866,82,0
1867,78,0
1868,82,0
1869,68,0
1870,66,0
1871,74,0
1872,76,0
1873,74,0
1874,80,0
1875,78,0
1876,76,0
1877,78,0
1878,76,0
1879,76,0
1880,72,0
1881,80,0
1882,78,0
1883,72,0
1884,86,0
1885,74,0
1886,72,0
1887,72,0
1888,68,0
1889,86,0
1890,68,0
1891,72,0
1892,68,0
1893,68,0
1894,76,0
1895,76,0
1896,80,0
1897,74,0
1898,80,0
1899,68,0
1900,82,0
1901,76,0
1902,80,0
1903,84,0
1904,80,0
1905,86,0
1906,74,0
1907,80,0
1908,78,0
1909,74,0
1910,74,0
1911,70,0
1912,74,0
1913,76,0
1914,76,0
1915,78,0
1916,74,0
1917,76,0
1918,80,0
1919,80,0
1920,80,0
1921,78,0
1922,82,0
1923,68,0
1924,72,0
1925,78,0
1926,74,0
1927,80,0
1928,74,0
1929,74,0
1930,76,0
1931,78,0
1932,82,0
1933,80,0
1934,74,0
1935,76,0
1936,76,0
1937,68,0
1938,68,0
1939,68,0
1940,84,0
1941,76,0
1942,74,0
1943,68,0
1944,74,0
1945,74,0
1946,80,0
1947,78,0
1948,86,0
1949,70,0
1950,74,0
1951,76,0
1952,74,0
1953,72,0
1954,80,0
1955,86,0
1956,78,0
1957,78,0
1958,80,0
1959,70,0
1960,74,0
1961,76,0
1962,72,0
1963,82,0
1964,76,0
1965,84,0
1966,80,0
1967,78,0
1968,74,0
1969,78,0
1970,74,0
1971,70,0
1972,70,0
1973,82,0
1974,82,0
1975,68,0
1976,68,0
1977,84,0
1978,76,0
1979,66,0
1980,78,0
1981,68,0
1982,74,0
1983,66,0
1984,76,0
1985,76,0
1986,78,0
1987,74,0
1988,68,0
1989,70,0
1990,72,0
1991,74,0
1992,68,0
1993,68,0
1994,74,0
1995,68,0
1996,76,0
1997,72,0
1998,72,0
1999,76,0
2000,72,0
2001,70,0
2002,84,0
2003,88,0
2004,74,0
2005,78,0
2006,72,0
2007,82,0
2008,76,0
2009,88,0
2010,76,0
2011,74,0
2012,78,0
2013,76,0
2014,76,0
2015,66,0
2016,70,0
2017,76,0
2018,76,0
2019,70,0
2020,78,0
2021,70,0
2022,74,0
2023,72,0
2024,82,0
2025,76,0
2026,76,0
2027,72,0
2028,74,0
2029,88,0
2030,84,0
2031,88,0
2032,78,0
2033,80,0
2034,74,0
2035,78,0
2036,84,0
2037,76,0
2038,78,0
2039,66,0
2040,68,0
2041,70,0
2042,66,0
2043,84,0
2044,66,0
2045,86,0
2046,78,0
2047,72,0
2048,70,0
2049,78,0
2050,74,0
2051,82,0
2052,72,0
2053,82,0
2054,80,0
2055,76,0
2056,76,0
2057,68,0
2058,72,0
2059,84,0
2060,74,0
2061,70,0
2062,74,0
2063,76,0
2064,70,0
2065,72,0
2066,94,0
2067,76,0
2068,76,0
2069,76,0
2070,70,0
2071,68,0
2072,78,0
2073,68,0
2074,74,0
2075,80,0
2076,72,0
2077,86,0
2078,68,0
2079,70,0
2080,78,0
2081,70,0
2082,82,0
2083,76,0
2084,76,0
2085,72,0
2086,78,0
2087,78,0
2088,74,0
2089,80,0
2090,78,0
2091,74,0
2092,72,0
2093,76,0
2094,74,0
2095,74,0
2096,76,0
2097,74,0
2098,86,0
2099,72,0
2100,78,0
2101,74,0
2102,72,0
2103,68,0
2104,74,0
2105,86,0
2106,72,0
2107,76,0
2108,76,0
2109,76,0
2110,72,0
2111,88,0
2112,76,0
2113,74,0
2114,76,0
2115,78,0
2116,82,0
2117,74,0
2118,90,0
2119,74,0
2120,76,0
2121,82,0
2122,72,0
2123,72,0
2124,72,0
2125,74,0
2126,78,0
2127,82,0
2128,88,0
2129,84,0
2130,82,0
2131,78,0
2132,80,0
2133,82,0
2134,74,0
2135,80,0
2136,70,0
2137,76,0
2138,66,0
2139,68,0
2140,80,0
2141,64,0
2142,74,0
2143,84,0
2144,82,0
2145,74,0
2146,86,0
2147,68,0
2148,70,0
2149,68,0
2150,70,0
2151,76,0
2152,70,0
2153,86,0
2154,78,0
2155,70,0
2156,68,0
2157,68,0
2158,68,0
2159,76,0
2160,76,0
2161,74,0
2162,74,0
2163,82,0
2164,88,0
2165,76,0
2166,80,0
2167,74,0
2168,76,0
2169,66,0
2170,74,0
2171,80,0
2172,70,0
2173,78,0
2174,68,0
2175,66,0
2176,82,0
2177,76,0
2178,68,0
2179,84,0
2180,76,0
2181,80,0
2182,74,0
2183,74,0
2184,72,0
2185,74,0
2186,78,0
2187,82,0
2188,74,0
2189,78,0
2190,82,0
2191,84,0
2192,74,0
2193,72,0
2194,76,0
2195,74,0
2196,74,0
2197,76,0
2198,76,0
2199,76,0
2200,76,0
2201,82,0
2202,88,0
2203,80,0
2204,66,0
2205,82,0
2206,78,0
2207,80,0
2208,80,0
2209,76,0
2210,80,0
2211,74,0
2212,82,0
2213,86,0
2214,70,0
2215,80,0
2216,80,0
2217,82,0
2218,76,0
2219,76,0
2220,74,0
2221,70,0
2222,80,0
2223,74,0
2224,72,0
2225,74,0
2226,72,0
2227,72,0
2228,74,0
2229,68,0
2230,68,0
2231,74,0
2232,74,0
2233,82,0
2234,74,0
2235,74,0
2236,78,0
2237,84,0
2238,78,0
2239,80,0
2240,68,0
2241,74,0
2242,74,0
2243,80,0
2244,76,0
2245,74,0
2246,72,0
2247,80,0
2248,80,0
2249,74,0
2250,78,0
2251,72,0
2252,82,0
2253,78,0
2254,74,0
2255,78,0
2256,72,0
2257,80,0
2258,74,0
2259,72,0
2260,72,0
2261,72,0
2262,76,0
2263,70,0
2264,78,0
2265,74,0
2266,78,0
2267,74,0
2268,72,0
2269,82,0
2270,80,0
2271,76,0
2272,78,0
2273,76,0
2274,70,0
2275,70,0
2276,68,0
2277,78,0
2278,70,0
2279,80,0
2280,66,0
2281,76,0
2282,68,0
2283,70,0
2284,74,0
2285,74,0
2286,76,0
2287,68,0
2288,72,0
2289,88,0
2290,80,0
2291,78,0
2292,74,0
2293,76,0
2294,72,0
2295,80,0
2296,74,0
2297,82,0
2298,80,0
2299,76,0
2300,74,0
2301,78,0
2302,76,0
2303,78,0
2304,76,0
2305,72,0
2306,80,0
2307,84,0
2308,76,0
2309,76,0
2310,78,0
2311,74,0
2312,78,0
2313,78,0
2314,72,0
2315,74,0
2316,78,0
2317,68,0
2318,84,0
2319,76,0
2320,78,0
2321,80,0
2322,74,0
2323,70,0
2324,74,0
2325,76,0
2326,80,0
2327,92,0
2328,68,0
2329,80,0
2330,72,0
2331,70,0
2332,74,0
2333,80,0
2334,74,0
2335,68,0
2336,70,0
2337,70,0
2338,74,0
2339,68,0
2340,74,0
2341,74,0
2342,76,0
2343,76,0
2344,72,0
2345,76,0
2346,76,0
2347,72,0
2348,76,0
2349,74,0
2350,80,0
2351,74,0
2352,72,0
2353,82,0
2354,78,0
2355,86,0
2356,76,0
2357,78,0
2358,74,0
2359,76,0
2360,78,0
2361,74,0
2362,74,0
2363,72,0
2364,68,0
2365,74,0
2366,76,0
2367,72,0
2368,76,0
2369,82,0
2370,74,0
2371,74,0
2372,78,0
2373,80,0
2374,74,0
2375,74,0
2376,74,0
2377,82,0
2378,84,0
2379,84,0
2380,72,0
2381,74,0
2382,66,0
2383,70,0
2384,82,0
2385,78,0
2386,76,0
2387,78,0
2388,76,0
2389,80,0
2390,84,0
2391,76,0
2392,74,0
2393,80,0
2394,74,0
2395,80,0
2396,76,0
2397,78,0
2398,90,0
2399,76,0
2400,74,0
2401,70,0
2402,76,0
2403,82,0
2404,74,0
2405,72,0
2406,82,0
2407,78,0
2408,82,0
2409,78,0
2410,72,0
2411,72,0
2412,68,0
2413,76,0
2414,78,0
2415,68,0
2416,68,0
2417,88,0
2418,70,0
2419,72,0
2420,78,0
2421,74,0
2422,68,0
2423,68,0
2424,74,0
2425,68,0
2426,70,0
2427,68,0
2428,66,0
2429,72,0
2430,66,0
2431,72,0
2432,72,0
2433,68,0
2434,68,0
2435,70,0
2436,68,0
2437,64,0
2438,68,0
2439,66,0
2440,70,0
2441,76,0
2442,76,0
2443,68,0
2444,70,0
2445,68,0
2446,76,0
2447,68,0
2448,74,0
2449,82,0
2450,76,0
2451,68,0
2452,82,0
2453,72,0
2454,78,0
2455,76,0
2456,70,0
2457,70,0
2458,68,0
2459,82,0
2460,72,0
2461,74,0
2462,68,0
2463,74,0
2464,74,0
2465,76,0
2466,94,0
2467,74,0
2468,74,0
2469,74,0
2470,78,0
2471,72,0
2472,70,0
2473,80,0
2474,70,0
2475,82,0
2476,84,0
2477,70,0
2478,76,0
2479,72,0
2480,70,0
2481,76,0
2482,72,0
2483,72,0
2484,74,0
2485,76,0
2486,72,0
2487,70,0
2488,74,0
2489,66,0
2490,80,0
2491,78,0
2492,76,0
2493,74,0
2494,76,0
2495,72,0
2496,80,0
2497,82,0
2498,76,0
2499,74,0
2500,114,0
2501,72,0
2502,74,0
2503,86,0
2504,74,0
2505,74,0
2506,78,0
2507,68,0
2508,74,0
2509,80,0
2510,70,0
2511,70,0
2512,78,0
2513,68,0
2514,82,0
2515,74,0
2516,76,0
2517,88,0
2518,82,0
2519,78,0
2520,74,0
2521,74,0
2522,78,0
2523,84,0
2524,72,0
2525,68,0
2526,68,0
2527,74,0
2528,70,0
2529,66,0
2530,76,0
2531,68,0
2532,72,0
2533,76,0
2534,74,0
2535,70,0
2536,76,0
2537,84,0
2538,66,0
2539,72,0
2540,72,0
2541,76,0
2542,74,0
2543,74,0
2544,76,0
2545,74,0
2546,80,0
2547,82,0
2548,68,0
2549,82,0
2550,72,0
2551,72,0
2552,70,0
2553,76,0
2554,70,0
2555,80,0
2556,66,0
2557,68,0
2558,68,0
2559,80,0
2560,84,0
2561,84,0
2562,76,0
2563,72,0
2564,86,0
2565,118,0
2566,70,0
2567,82,0
2568,78,0
2569,74,0
2570,68,0
2571,74,0
2572,80,0
2573,76,0
2574,74,0
2575,74,0
2576,78,0
2577,68,0
2578,76,0
2579,68,0
2580,78,0
2581,72,0
2582,72,0
2583,78,0
2584,80,0
2585,72,0
2586,76,0
2587,68,0
2588,68,0
2589,68,0
2590,78,0
2591,72,0
2592,70,0
2593,68,0
2594,84,0
2595,70,0
2596,78,0
2597,82,0
2598,76,0
2599,78,0
2600,78,0
2601,76,0
2602,88,0
2603,80,0
2604,74,0
2605,76,0
2606,72,0
2607,74,0
2608,76,0
2609,76,0
2610,74,0
2611,80,0
2612,80,0
2613,82,0
2614,68,0
2615,84,0
2616,78,0
2617,74,0
2618,80,0
2619,80,0
2620,74,0
2621,78,0
2622,76,0
2623,78,0
2624,78,0
2625,88,0
2626,80,0
2627,80,0
2628,80,0
2629,76,0
2630,74,0
2631,76,0
2632,84,0
2633,84,0
2634,78,0
2635,76,0
2636,74,0
2637,72,0
2638,92,0
2639,72,0
2640,88,0
2641,86,0
2642,76,0
2643,74,0
2644,78,0
2645,82,0
2646,74,0
2647,76,0
2648,82,0
2649,76,0
2650,76,0
2651,74,0
2652,74,0
2653,76,0
2654,78,0
2655,74,0
2656,76,0
2657,76,0
2658,76,0
2659,68,0
2660,88,0
2661,78,0
2662,70,0
2663,86,0
2664,76,0
2665,76,0
2666,86,0
2667,74,0
2668,76,0
2669,76,0
2670,86,0
2671,74,0
2672,80,0
2673,76,0
2674,74,0
2675,80,0
2676,74,0
2677,76,0
2678,78,0
2679,66,0
2680,80,0
2681,82,0
2682,78,0
2683,74,0
2684,84,0
2685,76,0
2686,84,0
2687,74,0
2688,70,0
2689,82,0
2690,74,0
2691,74,0
2692,72,0
2693,68,0
2694,70,0
2695,78,0
2696,74,0
2697,74,0
2698,66,0
2699,88,0
2700,78,0
2701,68,0
2702,68,0
2703,72,0
2704,84,0
2705,90,0
2706,80,0
2707,68,0
2708,86,0
2709,70,0
2710,72,0
2711,74,0
2712,82,0
2713,80,0
2714,84,0
2715,76,0
2716,78,0
2717,82,0
2718,78,0
2719,78,0
2720,82,0
2721,70,0
2722,80,0
2723,80,0
2724,74,0
2725,78,0
2726,68,0
2727,78,0
2728,80,0
2729,70,0
2730,70,0
2731,88,0
2732,74,0
2733,76,0
2734,76,0
2735,80,0
2736,82,0
2737,82,0
2738,76,0
2739,76,0
2740,80,0
2741,74,0
2742,82,0
2743,74,0
2744,86,0
2745,74,0
2746,80,0
2747,74,0
2748,86,0
2749,68,0
2750,80,0
2751,66,0
2752,68,0
2753,72,0
2754,80,0
2755,70,0
2756,74,0
2757,80,0
2758,80,0
2759,74,0
2760,78,0
2761,74,0
2762,78,0
2763,82,0
2764,92,0
2765,70,0
2766,70,0
2767,88,0
2768,74,0
2769,88,0
2770,84,0
2771,72,0
2772,74,0
2773,74,0
2774,88,0
2775,84,0
2776,80,0
2777,86,0
2778,82,0
2779,76,0
2780,70,0
2781,74,0
2782,82,0
2783,76,0
2784,70,0
2785,72,0
2786,68,0
2787,70,0
2788,72,0
2789,74,0
2790,68,0
2791,70,0
2792,68,0
2793,68,0
2794,68,0
2795,78,0
2796,72,0
2797,76,0
2798,74,0
2799,74,0
2800,70,0
2801,74,0
2802,70,0
2803,70,0
2804,70,0
2805,70,0
2806,68,0
2807,72,0
2808,86,0
2809,74,0
2810,78,0
2811,68,0
2812,76,0
2813,76,0
2814,76,0
2815,66,0
2816,76,0
2817,74,0
2818,70,0
2819,68,0
2820,70,0
2821,72,0
2822,68,0
2823,68,0
2824,70,0
2825,66,0
2826,74,0
2827,66,0
2828,70,0
2829,70,0
2830,76,0
2831,66,0
2832,70,0
2833,78,0
2834,78,0
2835,78,0
2836,70,0
2837,88,0
2838,74,0
2839,68,0
2840,74,0
2841,86,0
2842,82,0
2843,70,0
2844,74,0
2845,82,0
2846,68,0
2847,68,0
2848,72,0
2849,76,0
2850,72,0
2851,72,0
2852,68,0
2853,68,0
2854,76,0
2855,68,0
2856,68,0
2857,76,0
2858,68,0
2859,76,0
2860,72,0
2861,74,0
2862,72,0
2863,78,0
2864,72,0
2865,80,0
2866,76,0
2867,76,0
2868,70,0
2869,74,0
2870,78,0
2871,74,0
2872,74,0
2873,74,0
2874,74,0
2875,74,0
2876,74,0
2877,74,0
2878,78,0
2879,70,0
2880,68,0
2881,68,0
2882,78,0
2883,72,0
2884,68,0
2885,76,0
2886,68,0
2887,66,0
2888,76,0
2889,70,0
2890,66,0
2891,68,0
2892,74,0
2893,70,0
2894,80,0
2895,70,0
2896,70,0
2897,74,0
2898,74,0
2899,68,0
2900,68,0
2901,68,0
2902,78,0
2903,72,0
2904,74,0
2905,70,0
2906,70,0
2907,68,0
2908,70,0
2909,76,0
2910,72,0
2911,74,0
2912,80,0
2913,78,0
2914,70,0
2915,74,0
2916,72,0
2917,76,0
2918,70,0
2919,70,0
2920,76,0
2921,70,0
2922,74,0
2923,68,0
2924,138,0
2925,68,0
2926,68,0
2927,70,0
2928,70,0
2929,70,0
2930,68,0
2931,70,0
2932,66,0
2933,70,0
2934,68,0
2935,70,0
2936,70,0
2937,68,0
2938,68,0
2939,70,0
2940,68,0
2941,68,0
2942,68,0
2943,68,0
2944,70,0
2945,70,0
2946,68,0
2947,68,0
2948,68,0
2949,70,0
2950,68,0
2951,70,0
2952,68,0
2953,70,0
2954,70,0
2955,70,0
2956,68,0
2957,72,0
2958,70,0
2959,68,0
2960,68,0
2961,68,0
2962,68,0
2963,68,0
2964,66,0
2965,70,0
2966,70,0
2967,68,0
2968,68,0
2969,70,0
2970,70,0
2971,68,0
2972,68,0
2973,68,0
2974,68,0
2975,70,0
2976,70,0
2977,68,0
2978,66,0
2979,70,0
2980,68,0
2981,72,0
2982,68,0
2983,66,0
2984,68,0
2985,72,0
2986,68,0
2987,68,0
2988,70,0
2989,72,0
2990,70,0
2991,70,0
2992,70,0
2993,70,0
2994,66,0
2995,68,0
2996,70,0
2997,68,0
2998,68,0
2999,68,0
3000,70,0
3001,70,0
3002,68,0
3003,70,0
3004,70,0
3005,70,0
3006,70,0
3007,70,0
3008,68,0
3009,68,0
3010,68,0
3011,70,0
3012,68,0
3013,70,0
3014,68,0
3015,68,0
3016,70,0
3017,72,0
3018,70,0
3019,68,0
3020,66,0
3021,70,0
3022,68,0
3023,70,0
3024,68,0
3025,68,0
3026,70,0
3027,68,0
3028,70,0
3029,70,0
3030,66,0
3031,68,0
3032,68,0
3033,72,0
3034,70,0
3035,68,0
3036,68,0
3037,70,0
3038,68,0
3039,70,0
3040,68,0
3041,72,0
3042,70,0
3043,68,0
3044,68,0
3045,68,0
3046,70,0
3047,68,0
3048,68,0
3049,70,0
3050,68,0
3051,70,0
3052,70,0
3053,70,0
3054,70,0
3055,72,0
3056,68,0
3057,68,0
3058,68,0
3059,70,0
3060,70,0
3061,70,0
3062,70,0
3063,68,0
3064,68,0
3065,68,0
3066,68,0
3067,70,0
3068,68,0
3069,66,0
3070,68,0
3071,72,0
3072,70,0
3073,70,0
3074,70,0
3075,68,0
3076,68,0
3077,68,0
3078,68,0
3079,70,0
3080,68,0
3081,70,0
3082,68,0
3083,70,0
3084,68,0
3085,70,0
3086,68,0
3087,68,0
3088,68,0
3089,72,0
3090,70,0
3091,68,0
3092,68,0
3093,68,0
3094,68,0
3095,68,0
3096,70,0
3097,70,0
3098,68,0
3099,68,0
3100,68,0
3101,68,0
3102,70,0
3103,72,0
3104,68,0
3105,68,0
3106,70,0
3107,70,0
3108,68,0
3109,70,0
3110,68,0
3111,70,0
3112,68,0
3113,70,0
3114,66,0
3115,70,0
3116,68,0
3117,68,0
3118,70,0
3119,72,0
3120,66,0
3121,68,0
3122,70,0
3123,72,0
3124,70,0
3125,68,0
3126,68,0
3127,72,0
3128,68,0
3129,68,0
3130,68,0
3131,70,0
3132,70,0
3133,68,0
3134,68,0
3135,70,0
3136,70,0
3137,68,0
3138,68,0
3139,72,0
3140,68,0
3141,68,0
3142,68,0
3143,72,0
3144,68,0
3145,68,0
3146,70,0
3147,70,0
3148,68,0
3149,70,0
3150,70,0
3151,70,0
3152,68,0
3153,70,0
3154,68,0
3155,70,0
3156,70,0
3157,68,0
3158,66,0
3159,70,0
3160,66,0
3161,68,0
3162,66,0
3163,72,0
3164,68,0
3165,70,0
3166,68,0
3167,70,0
3168,68,0
3169,68,0
3170,68,0
3171,70,0
3172,66,0
3173,68,0
3174,68,0
3175,68,0
3176,70,0
3177,68,0
3178,68,0
3179,72,0
3180,68,0
3181,70,0
3182,66,0
3183,68,0
3184,68,0
3185,70,0
3186,66,0
3187,68,0
3188,72,0
3189,70,0
3190,68,0
3191,70,0
3192,68,0
3193,68,0
3194,68,0
3195,70,0
3196,70,0
3197,68,0
3198,66,0
3199,70,0
3200,68,0
3201,70,0
3202,68,0
3203,72,0
3204,68,0
3205,70,0
3206,68,0
3207,70,0
3208,70,0
3209,66,0
3210,70,0
3211,70,0
3212,70,0
3213,70,0
3214,68,0
3215,70,0
3216,68,0
3217,68,0
3218,68,0
3219,72,0
3220,68,0
3221,70,0
3222,68,0
3223,70,0
3224,68,0
3225,70,0
3226,70,0
3227,68,0
3228,66,0
3229,68,0
3230,68,0
3231,70,0
3232,68,0
3233,70,0
3234,68,0
3235,70,0
3236,70,0
3237,70,0
3238,66,0
3239,68,0
3240,70,0
3241,70,0
3242,68,0
3243,68,0
3244,68,0
3245,72,0
3246,68,0
3247,66,0
3248,70,0
3249,70,0
3250,68,0
3251,70,0
3252,68,0
3253,68,0
3254,68,0
3255,70,0
3256,68,0
3257,70,0
3258,70,0
3259,70,0
3260,68,0
3261,70,0
3262,68,0
3263,68,0
3264,66,0
3265,72,0
3266,66,0
3267,68,0
3268,68,0
3269,70,0
3270,70,0
3271,70,0
3272,68,0
3273,70,0
3274,68,0
3275,70,0
3276,68,0
3277,70,0
3278,70,0
3279,68,0
3280,68,0
3281,70,0
3282,70,0
3283,70,0
3284,68,0
3285,68,0
3286,70,0
3287,72,0
3288,68,0
3289,68,0
3290,68,0
3291,72,0
3292,70,0
3293,68,0
3294,70,0
3295,68,0
3296,68,0
3297,70,0
3298,70,0
3299,70,0
3300,70,0
3301,70,0
3302,68,0
3303,68,0
3304,68,0
3305,72,0
3306,68,0
3307,70,0
3308,68,0
3309,70,0
3310,68,0
3311,70,0
3312,68,0
3313,70,0
3314,68,0
3315,72,0
3316,68,0
3317,70,0
3318,68,0
3319,72,0
3320,68,0
3321,68,0
3322,66,0
3323,72,0
3324,70,0
3325,68,0
3326,68,0
3327,70,0
3328,68,0
3329,70,0
3330,70,0
3331,66,0
3332,68,0
3333,72,0
3334,68,0
3335,70,0
3336,68,0
3337,70,0
3338,70,0
3339,68,0
3340,68,0
3341,68,0
3342,68,0
3343,70,0
3344,68,0
3345,68,0
3346,68,0
3347,70,0
3348,66,0
3349,70,0
3350,66,0
3351,70,0
3352,68,0
3353,68,0
3354,68,0
3355,70,0
3356,68,0
3357,66,0
3358,68,0
3359,70,0
3360,68,0
3361,72,0
3362,68,0
3363,70,0
3364,66,0
3365,70,0
3366,70,0
3367,68,0
3368,70,0
3369,70,0
3370,72,0
3371,70,0
3372,68,0
3373,70,0
3374,68,0
3375,70,0
3376,70,0
3377,68,0
3378,68,0
3379,70,0
3380,72,0
3381,70,0
3382,70,0
3383,72,0
3384,102,0
3385,68,0
3386,68,0
3387,68,0
3388,68,0
3389,72,0
3390,70,0
3391,68,0
3392,70,0
3393,68,0
3394,66,0
3395,68,0
3396,68,0
3397,68,0
3398,70,0
3399,70,0
3400,70,0
3401,70,0
3402,68,0
3403,68,0
3404,68,0
3405,70,0
3406,68,0
3407,66,0
3408,68,0
3409,70,0
3410,68,0
3411,68,0
3412,68,0
3413,66,0
3414,68,0
3415,68,0
3416,68,0
3417,70,0
3418,70,0
3419,68,0
3420,68,0
3421,66,0
3422,68,0
3423,70,0
3424,68,0
3425,68,0
3426,68,0
3427,66,0
3428,70,0
3429,70,0
3430,70,0
3431,66,0
3432,68,0
3433,68,0
3434,68,0
3435,68,0
3436,70,0
3437,70,0
3438,68,0
3439,66,0
3440,68,0
3441,70,0
3442,68,0
3443,68,0
3444,72,0
3445,68,0
3446,68,0
3447,68,0
3448,66,0
3449,66,0
3450,68,0
3451,68,0
3452,70,0
3453,66,0
3454,64,0
3455,68,0
3456,70,0
3457,68,0
3458,68,0
3459,68,0
3460,66,0
3461,68,0
3462,68,0
3463,66,0
3464,68,0
3465,68,0
3466,68,0
3467,66,0
3468,68,0
3469,70,0
3470,70,0
3471,66,0
3472,68,0
3473,68,0
3474,68,0
3475,66,0
3476,66,0
3477,70,0
3478,70,0
3479,68,0
3480,68,0
3481,66,0
3482,68,0
3483,68,0
3484,68,0
3485,70,0
3486,66,0
3487,70,0
3488,68,0
3489,66,0
3490,70,0
3491,66,0
3492,68,0
3493,68,0
3494,70,0
3495,66,0
3496,66,0
3497,68,0
3498,70,0
3499,68,0
3500,66,0
3501,70,0
3502,68,0
3503,64,0
3504,68,0
3505,68,0
3506,68,0
3507,68,0
3508,68,0
3509,68,0
3510,68,0
3511,70,0
3512,66,0
3513,68,0
3514,68,0
3515,66,0
3516,66,0
3517,68,0
3518,68,0
3519,66,0
3520,68,0
3521,68,0
3522,68,0
3523,66,0
3524,68,0
3525,68,0
3526,68,0
3527,68,0
3528,66,0
3529,68,0
3530,70,0
3531,68,0
3532,64,0
3533,68,0
3534,70,0
3535,68,0
3536,66,0
3537,68,0
3538,70,0
3539,68,0
3540,68,0
3541,68,0
3542,72,0
3543,68,0
3544,66,0
3545,68,0
3546,70,0
3547,70,0
3548,68,0
3549,68,0
3550,70,0
3551,70,0
3552,70,0
3553,68,0
3554,68,0
3555,68,0
3556,68,0
3557,68,0
3558,68,0
3559,70,0
3560,70,0
3561,70,0
3562,70,0
3563,66,0
3564,66,0
3565,68,0
3566,68,0
3567,68,0
3568,66,0
3569,68,0
3570,68,0
3571,66,0
3572,66,0
3573,70,0
3574,70,0
3575,68,0
3576,66,0
3577,68,0
3578,68,0
3579,68,0
3580,68,0
3581,70,0
3582,68,0
3583,66,0
3584,66,0
3585,70,0
3586,70,0
3587,68,0
3588,68,0
3589,68,0
3590,68,0
3591,68,0
3592,68,0
3593,70,0
3594,70,0
3595,70,0
3596,68,0
3597,68,0
3598,68,0
3599,70,0
3600,68,0
3601,70,0
3602,68,0
3603,68,0
3604,72,0
3605,70,0
3606,70,0
3607,66,0
3608,68,0
3609,70,0
3610,70,0
3611,66,0
3612,66,0
3613,68,0
3614,70,0
3615,66,0
3616,66,0
3617,68,0
3618,70,0
3619,68,0
3620,68,0
3621,68,0
3622,70,0
3623,68,0
3624,66,0
3625,68,0
3626,68,0
3627,68,0
3628,68,0
3629,68,0
3630,68,0
3631,66,0
3632,68,0
3633,70,0
3634,66,0
3635,70,0
3636,70,0
3637,64,0
3638,66,0
3639,70,0
3640,68,0
3641,66,0
3642,70,0
3643,68,0
3644,70,0
3645,68,0
3646,68,0
3647,70,0
3648,68,0
3649,70,0
3650,68,0
3651,68,0
3652,66,0
3653,68,0
3654,68,0
3655,68,0
3656,66,0
3657,68,0
3658,70,0
3659,68,0
3660,68,0
3661,66,0
3662,68,0
3663,70,0
3664,70,0
3665,68,0
3666,68,0
3667,68,0
3668,68,0
3669,70,0
3670,68,0
3671,70,0
3672,68,0
3673,70,0
3674,68,0
3675,66,0
3676,68,0
3677,70,0
3678,68,0
3679,68,0
3680,70,0
3681,68,0
3682,68,0
3683,66,0
3684,68,0
3685,68,0
3686,68,0
3687,72,0
3688,70,0
3689,70,0
3690,68,0
3691,68,0
3692,68,0
3693,66,0
3694,68,0
3695,68,0
3696,66,0
3697,68,0
3698,68,0
3699,66,0
3700,66,0
3701,70,0
3702,70,0
3703,70,0
3704,68,0
3705,68,0
3706,68,0
3707,68,0
3708,66,0
3709,68,0
3710,66,0
3711,68,0
3712,68,0
3713,66,0
3714,66,0
3715,68,0
3716,70,0
3717,68,0
3718,68,0
3719,68,0
3720,66,0
3721,68,0
3722,66,0
3723,70,0
3724,68,0
3725,68,0
3726,72,0
3727,70,0
3728,70,0
3729,68,0
3730,68,0
3731,68,0
3732,68,0
3733,68,0
3734,68,0
3735,70,0
3736,70,0
3737,66,0
3738,70,0
3739,68,0
3740,68,0
3741,66,0
3742,68,0
3743,70,0
3744,70,0
3745,70,0
3746,68,0
3747,70,0
3748,68,0
3749,70,0
3750,68,0
3751,70,0
3752,68,0
3753,70,0
3754,68,0
3755,70,0
3756,68,0
3757,70,0
3758,68,0
3759,70,0
3760,70,0
3761,68,0
3762,70,0
3763,70,0
3764,68,0
3765,68,0
3766,66,0
3767,70,0
3768,68,0
3769,70,0
3770,70,0
3771,70,0
3772,70,0
3773,68,0
3774,66,0
3775,68,0
3776,70,0
3777,70,0
3778,70,0
3779,70,0
3780,70,0
3781,70,0
3782,68,0
3783,68,0
3784,68,0
3785,68,0
3786,70,0
3787,70,0
3788,68,0
3789,70,0
3790,68,0
3791,66,0
3792,70,0
3793,68,0
3794,66,0
3795,68,0
3796,64,0
3797,68,0
3798,68,0
3799,70,0
3800,70,0
3801,70,0
3802,70,0
3803,66,0
3804,68,0
3805,68,0
3806,70,0
3807,68,0
3808,70,0
3809,70,0
3810,68,0
3811,72,0
3812,68,0
3813,70,0
3814,70,0
3815,68,0
3816,70,0
3817,68,0
3818,70,0
3819,68,0
3820,68,0
3821,68,0
3822,66,0
3823,70,0
3824,68,0
3825,66,0
3826,68,0
3827,70,0
3828,68,0
3829,70,0
3830,70,0
3831,66,0
3832,70,0
3833,68,0
3834,68,0
3835,70,0
3836,70,0
3837,70,0
3838,70,0
3839,70,0
3840,68,0
3841,68,0
3842,66,0
3843,68,0
3844,70,0
3845,68,0
3846,66,0
3847,68,0
3848,68,0
3849,68,0
3850,70,0
3851,66,0
3852,68,0
3853,66,0
3854,70,0
3855,68,0
3856,70,0
3857,68,0
3858,70,0
3859,68,0
3860,66,0
3861,70,0
3862,68,0
3863,68,0
3864,70,0
3865,70,0
3866,68,0
3867,70,0
3868,68,0
3869,68,0
3870,70,0
3871,70,0
3872,68,0
3873,66,0
3874,68,0
3875,70,0
3876,68,0
3877,70,0
3878,68,0
3879,68,0
3880,70,0
3881,68,0
3882,66,0
3883,68,0
3884,68,0
3885,68,0
3886,70,0
3887,70,0
3888,68,0
3889,68,0
3890,70,0
3891,70,0
3892,70,0
3893,68,0
3894,70,0
3895,70,0
3896,68,0
3897,68,0
3898,70,0
3899,68,0
3900,68,0
3901,66,0
3902,68,0
3903,68,0
3904,70,0
3905,68,0
3906,68,0
3907,68,0
3908,70,0
3909,68,0
3910,68,0
3911,68,0
3912,70,0
3913,68,0
3914,68,0
3915,68,0
3916,68,0
3917,70,0
3918,68,0
3919,70,0
3920,68,0
3921,68,0
3922,70,0
3923,70,0
3924,68,0
3925,68,0
3926,70,0
3927,68,0
3928,68,0
3929,68,0
3930,68,0
3931,68,0
3932,68,0
3933,70,0
3934,70,0
3935,70,0
3936,68,0
3937,68,0
3938,70,0
3939,68,0
3940,70,0
3941,68,0
3942,68,0
3943,68,0
3944,68,0
3945,68,0
3946,70,0
3947,66,0
3948,68,0
3949,70,0
3950,68,0
3951,68,0
3952,68,0
3953,70,0
3954,70,0
3955,70,0
3956,68,0
3957,66,0
3958,68,0
3959,68,0
3960,66,0
3961,68,0
3962,66,0
3963,68,0
3964,66,0
3965,68,0
3966,70,0
3967,68,0
3968,70,0
3969,68,0
3970,68,0
3971,66,0
3972,68,0
3973,70,0
3974,68,0
3975,68,0
3976,70,0
3977,70,0
3978,66,0
3979,70,0
3980,68,0
3981,72,0
3982,68,0
3983,70,0
3984,70,0
3985,66,0
3986,70,0
3987,66,0
3988,68,0
3989,68,0
3990,68,0
3991,70,0
3992,68,0
3993,64,0
3994,72,0
3995,70,0
3996,68,0
3997,66,0
3998,70,0
3999,68,0
4000,70,0
4001,68,0
4002,70,0
4003,68,0
4004,66,0
4005,70,0
4006,68,0
4007,68,0
4008,68,0
4009,70,0
4010,68,0
4011,70,0
4012,70,0
4013,72,0
4014,70,0
4015,70,0
4016,68,0
4017,70,0
4018,70,0
4019,68,0
4020,70,0
4021,66,0
4022,70,0
4023,68,0
4024,70,0
4025,68,0
4026,72,0
4027,68,0
4028,70,0
4029,68,0
4030,70,0
4031,68,0
4032,70,0
4033,70,0
4034,68,0
4035,66,0
4036,68,0
4037,68,0
4038,68,0
4039,68,0
4040,70,0
4041,70,0
4042,68,0
4043,70,0
4044,66,0
4045,68,0
4046,66,0
4047,70,0
4048,70,0
4049,68,0
4050,70,0
4051,70,0
4052,68,0
4053,70,0
4054,70,0
4055,68,0
4056,68,0
4057,68,0
4058,70,0
4059,68,0
4060,70,0
4061,70,0
4062,68,0
4063,68,0
4064,68,0
4065,70,0
4066,68,0
4067,68,0
4068,70,0
4069,68,0
4070,70,0
4071,68,0
4072,70,0
4073,70,0
4074,70,0
4075,70,0
4076,68,0
4077,68,0
4078,70,0
4079,70,0
4080,68,0
4081,70,0
4082,68,0
4083,68,0
4084,70,0
4085,68,0
4086,70,0
4087,70,0
4088,70,0
4089,70,0
4090,68,0
4091,68,0
4092,68,0
4093,68,0
4094,68,0
4095,68,0
4096,70,0
4097,68,0
4098,70,0
4099,68,0
4100,68,0
4101,68,0
4102,70,0
4103,70,0
4104,68,0
4105,68,0
4106,70,0
4107,70,0
4108,68,0
4109,68,0
4110,70,0
4111,68,0
4112,70,0
4113,70,0
4114,68,0
4115,68,0
4116,68,0
4117,70,0
4118,68,0
4119,70,0
4120,68,0
4121,68,0
4122,70,0
4123,68,0
4124,66,0
4125,70,0
4126,70,0
4127,68,0
4128,68,0
4129,70,0
4130,70,0
4131,68,0
4132,68,0
4133,68,0
4134,70,0
4135,68,0
4136,70,0
4137,68,0
4138,70,0
4139,68,0
4140,68,0
4141,70,0
4142,70,0
4143,68,0
4144,72,0
4145,70,0
4146,70,0
4147,68,0
4148,68,0
4149,70,0
4150,68,0
4151,70,0
4152,70,0
4153,70,0
4154,68,0
4155,68,0
4156,66,0
4157,70,0
4158,70,0
4159,68,0
4160,70,0
4161,68,0
4162,68,0
4163,68,0
4164,70,0
4165,70,0
4166,68,0
4167,66,0
4168,68,0
4169,68,0
4170,70,0
4171,68,0
4172,70,0
4173,70,0
4174,68,0
4175,66,0
4176,70,0
4177,70,0
4178,68,0
4179,66,0
4180,68,0
4181,70,0
4182,70,0
4183,68,0
4184,70,0
4185,68,0
4186,70,0
4187,68,0
4188,68,0
4189,70,0
4190,68,0
4191,70,0
4192,70,0
4193,68,0
4194,70,0
4195,70,0
4196,70,0
4197,70,0
4198,68,0
4199,68,0
4200,68,0
4201,68,0
4202,68,0
4203,68,0
4204,70,0
4205,68,0
4206,68,0
4207,68,0
4208,70,0
4209,68,0
4210,66,0
4211,68,0
4212,68,0
4213,70,0
4214,68,0
4215,68,0
4216,66,0
4217,70,0
4218,70,0
4219,68,0
4220,68,0
4221,66,0
4222,68,0
4223,68,0
4224,70,0
4225,70,0
4226,68,0
4227,68,0
4228,68,0
4229,70,0
4230,70,0
4231,70,0
4232,66,0
4233,68,0
4234,68,0
4235,68,0
4236,68,0
4237,68,0
4238,66,0
4239,66,0
4240,68,0
4241,68,0
4242,68,0
4243,70,0
4244,70,0
4245,70,0
4246,68,0
4247,70,0
4248,68,0
4249,68,0
4250,68,0
4251,68,0
4252,68,0
4253,70,0
4254,70,0
4255,70,0
4256,68,0
4257,70,0
4258,70,0
4259,68,0
4260,68,0
4261,64,0
4262,68,0
4263,68,0
4264,66,0
4265,66,0
4266,70,0
4267,70,0
4268,68,0
4269,66,0
4270,70,0
4271,68,0
4272,70,0
4273,68,0
4274,70,0
4275,70,0
4276,66,0
4277,68,0
4278,66,0
4279,68,0
4280,68,0
4281,68,0
4282,68,0
4283,68,0
4284,66,0
4285,70,0
4286,64,0
4287,68,0
4288,68,0
4289,68,0
4290,68,0
4291,66,0
4292,70,0
4293,68,0
4294,70,0
4295,70,0
4296,70,0
4297,68,0
4298,70,0
4299,68,0
4300,66,0
4301,70,0
4302,70,0
4303,70,0
4304,68,0
4305,66,0
4306,70,0
4307,68,0
4308,68,0
4309,68,0
4310,68,0
4311,70,0
4312,68,0
4313,68,0
4314,68,0
4315,66,0
4316,68,0
4317,72,0
4318,68,0
4319,68,0
4320,64,0
4321,70,0
4322,68,0
4323,70,0
4324,66,0
4325,70,0
4326,68,0
4327,68,0
4328,68,0
4329,70,0
4330,68,0
4331,68,0
4332,68,0
4333,68,0
4334,70,0
4335,70,0
4336,66,0
4337,70,0
4338,66,0
4339,66,0
4340,68,0
4341,66,0
4342,70,0
4343,68,0
4344,68,0
4345,68,0
4346,68,0
4347,68,0
4348,70,0
4349,68,0
4350,68,0
4351,68,0
4352,68,0
4353,68,0
4354,68,0
4355,70,0
4356,68,0
4357,68,0
4358,68,0
4359,68,0
4360,68,0
4361,68,0
4362,70,0
4363,66,0
4364,68,0
4365,70,0
4366,68,0
4367,68,0
4368,70,0
4369,68,0
4370,64,0
4371,70,0
4372,70,0
4373,68,0
4374,66,0
4375,70,0
4376,68,0
4377,68,0
4378,68,0
4379,70,0
4380,68,0
4381,68,0
4382,68,0
4383,68,0
4384,68,0
4385,70,0
4386,68,0
4387,68,0
4388,68,0
4389,70,0
4390,68,0
4391,68,0
4392,70,0
4393,70,0
4394,68,0
4395,68,0
4396,66,0
4397,70,0
4398,70,0
4399,68,0
4400,66,0
4401,68,0
4402,68,0
4403,70,0
4404,68,0
4405,68,0
4406,68,0
4407,70,0
4408,70,0
4409,70,0
4410,68,0
4411,68,0
4412,68,0
4413,68,0
4414,70,0
4415,70,0
4416,68,0
4417,68,0
4418,68,0
4419,68,0
4420,68,0
4421,68,0
4422,70,0
4423,66,0
4424,66,0
4425,68,0
4426,70,0
4427,70,0
4428,68,0
4429,68,0
4430,68,0
4431,70,0
4432,68,0
4433,70,0
4434,70,0
4435,68,0
4436,68,0
4437,66,0
4438,70,0
4439,68,0
4440,68,0
4441,70,0
4442,68,0
4443,70,0
4444,68,0
4445,70,0
4446,66,0
4447,66,0
4448,68,0
4449,68,0
4450,68,0
4451,70,0
4452,70,0
4453,68,0
4454,68,0
4455,70,0
4456,64,0
4457,68,0
4458,70,0
4459,68,0
4460,66,0
4461,66,0
4462,66,0
4463,68,0
4464,68,0
4465,66,0
4466,70,0
4467,68,0
4468,68,0
4469,68,0
4470,68,0
4471,70,0
4472,66,0
4473,70,0
4474,70,0
4475,68,0
4476,72,0
4477,68,0
4478,68,0
4479,70,0
4480,70,0
4481,70,0
4482,70,0
4483,68,0
4484,68,0
4485,68,0
4486,70,0
4487,68,0
4488,68,0
4489,70,0
4490,68,0
4491,70,0
4492,68,0
4493,66,0
4494,68,0
4495,68,0
4496,66,0
4497,68,0
4498,68,0
4499,68,0
4500,68,0
4501,68,0
4502,66,0
4503,72,0
4504,68,0
4505,70,0
4506,68,0
4507,70,0
4508,68,0
4509,68,0
4510,68,0
4511,68,0
4512,72,0
4513,68,0
4514,70,0
4515,68,0
4516,68,0
4517,70,0
4518,68,0
4519,72,0
4520,70,0
4521,64,0
4522,68,0
4523,68,0
4524,70,0
4525,66,0
4526,70,0
4527,70,0
4528,68,0
4529,70,0
4530,68,0
4531,68,0
4532,68,0
4533,68,0
4534,70,0
4535,68,0
4536,64,0
4537,68,0
4538,70,0
4539,66,0
4540,72,0
4541,68,0
4542,68,0
4543,70,0
4544,68,0
4545,68,0
4546,70,0
4547,70,0
4548,70,0
4549,68,0
4550,66,0
4551,68,0
4552,68,0
4553,70,0
4554,70,0
4555,68,0
4556,66,0
4557,70,0
4558,68,0
4559,68,0
4560,66,0
4561,68,0
4562,70,0
4563,68,0
4564,66,0
4565,72,0
4566,68,0
4567,68,0
4568,70,0
4569,68,0
4570,68,0
4571,70,0
4572,70,0
4573,68,0
4574,68,0
4575,70,0
4576,66,0
4577,68,0
4578,68,0
4579,68,0
4580,68,0
4581,68,0
4582,68,0
4583,68,0
4584,68,0
4585,68,0
4586,68,0
4587,70,0
4588,68,0
4589,66,0
4590,72,0
4591,68,0
4592,68,0
4593,70,0
4594,70,0
4595,68,0
4596,70,0
4597,70,0
4598,68,0
4599,70,0
4600,68,0
4601,68,0
4602,66,0
4603,68,0
4604,70,0
4605,66,0
4606,70,0
4607,70,0
4608,68,0
4609,70,0
4610,68,0
4611,68,0
4612,68,0
4613,70,0
4614,68,0
4615,70,0
4616,68,0
4617,68,0
4618,68,0
4619,70,0
4620,68,0
4621,70,0
4622,70,0
4623,68,0
4624,68,0
4625,68,0
4626,66,0
4627,68,0
4628,68,0
4629,72,0
4630,68,0
4631,66,0
4632,68,0
4633,70,0
4634,68,0
4635,68,0
4636,70,0
4637,64,0
4638,70,0
4639,70,0
4640,70,0
4641,68,0
4642,70,0
4643,66,0
4644,68,0
4645,68,0
4646,68,0
4647,72,0
4648,70,0
4649,68,0
4650,72,0
4651,70,0
4652,68,0
4653,68,0
4654,66,0
4655,68,0
4656,68,0
4657,70,0
4658,70,0
4659,70,0
4660,68,0
4661,66,0
4662,68,0
4663,68,0
4664,68,0
4665,70,0
4666,68,0
4667,68,0
4668,66,0
4669,68,0
4670,70,0
4671,70,0
4672,68,0
4673,70,0
4674,68,0
4675,70,0
4676,68,0
4677,70,0
4678,68,0
4679,68,0
4680,68,0
4681,68,0
4682,70,0
4683,68,0
4684,68,0
4685,68,0
4686,68,0
4687,68,0
4688,70,0
4689,70,0
4690,68,0
4691,70,0
4692,70,0
4693,68,0
4694,68,0
4695,66,0
4696,70,0
4697,68,0
4698,72,0
4699,68,0
4700,70,0
4701,68,0
4702,70,0
4703,66,0
4704,68,0
4705,70,0
4706,70,0
4707,68,0
4708,68,0
4709,68,0
4710,68,0
4711,66,0
4712,70,0
4713,68,0
4714,66,0
4715,70,0
4716,68,0
4717,70,0
4718,70,0
4719,68,0
4720,70,0
4721,70,0
4722,68,0
4723,68,0
4724,70,0
4725,70,0
4726,68,0
4727,68,0
4728,70,0
4729,68,0
4730,66,0
4731,70,0
4732,70,0
4733,68,0
4734,68,0
4735,70,0
4736,68,0
4737,68,0
4738,70,0
4739,68,0
4740,68,0
4741,70,0
4742,68,0
4743,68,0
4744,66,0
4745,68,0
4746,68,0
4747,70,0
4748,66,0
4749,72,0
4750,70,0
4751,68,0
4752,68,0
4753,68,0
4754,68,0
4755,68,0
4756,66,0
4757,66,0
4758,66,0
4759,68,0
4760,70,0
4761,66,0
4762,72,0
4763,70,0
4764,68,0
4765,68,0
4766,68,0
4767,66,0
4768,70,0
4769,68,0
4770,68,0
4771,66,0
4772,72,0
4773,68,0
4774,70,0
4775,70,0
4776,66,0
4777,70,0
4778,68,0
4779,68,0
4780,70,0
4781,66,0
4782,68,0
4783,68,0
4784,70,0
4785,66,0
4786,68,0
4787,68,0
4788,68,0
4789,68,0
4790,72,0
4791,66,0
4792,70,0
4793,68,0
4794,70,0
4795,70,0
4796,68,0
4797,68,0
4798,70,0
4799,68,0
4800,68,0
4801,68,0
4802,68,0
4803,68,0
4804,68,0
4805,68,0
4806,68,0
4807,70,0
4808,68,0
4809,70,0
4810,68,0
4811,70,0
4812,70,0
4813,68,0
4814,70,0
4815,68,0
4816,72,0
4817,68,0
4818,68,0
4819,68,0
4820,66,0
4821,66,0
4822,68,0
4823,70,0
4824,70,0
4825,68,0
4826,66,0
4827,70,0
4828,68,0
4829,68,0
4830,68,0
4831,68,0
4832,70,0
4833,70,0
4834,68,0
4835,66,0
4836,68,0
4837,72,0
4838,68,0
4839,68,0
4840,68,0
4841,68,0
4842,70,0
4843,68,0
4844,68,0
4845,68,0
4846,64,0
4847,70,0
4848,68,0
4849,68,0
4850,68,0
4851,68,0
4852,68,0
4853,68,0
4854,68,0
4855,68,0
4856,68,0
4857,68,0
4858,68,0
4859,70,0
4860,68,0
4861,68,0
4862,68,0
4863,70,0
4864,68,0
4865,66,0
4866,68,0
4867,66,0
4868,68,0
4869,68,0
4870,70,0
4871,68,0
4872,66,0
4873,68,0
4874,70,0
4875,68,0
4876,66,0
4877,68,0
4878,68,0
4879,70,0
4880,68,0
4881,70,0
4882,70,0
4883,68,0
4884,66,0
4885,68,0
4886,68,0
4887,68,0
4888,70,0
4889,68,0
4890,70,0
4891,68,0
4892,68,0
4893,68,0
4894,68,0
4895,68,0
4896,70,0
4897,68,0
4898,68,0
4899,68,0
4900,68,0
4901,66,0
4902,68,0
4903,68,0
4904,68,0
4905,70,0
4906,68,0
4907,68,0
4908,70,0
4909,68,0
4910,68,0
4911,68,0
4912,68,0
4913,70,0
4914,70,0
4915,68,0
4916,70,0
4917,70,0
4918,68,0
4919,68,0
4920,70,0
4921,68,0
4922,68,0
4923,70,0
4924,68,0
4925,66,0
4926,68,0
4927,70,0
4928,66,0
4929,68,0
4930,70,0
4931,68,0
4932,68,0
4933,68,0
4934,68,0
4935,68,0
4936,70,0
4937,66,0
4938,70,0
4939,70,0
4940,70,0
4941,68,0
4942,68,0
4943,68,0
4944,66,0
4945,70,0
4946,70,0
4947,68,0
4948,68,0
4949,68,0
4950,70,0
4951,68,0
4952,66,0
4953,68,0
4954,70,0
4955,68,0
4956,66,0
4957,70,0
4958,68,0
4959,70,0
4960,66,0
4961,70,0
4962,64,0
4963,68,0
4964,68,0
4965,68,0
4966,68,0
4967,66,0
4968,68,0
4969,68,0
4970,68,0
4971,70,0
4972,68,0
4973,68,0
4974,70,0
4975,68,0
4976,70,0
4977,68,0
4978,66,0
4979,70,0
4980,70,0
4981,68,0
4982,70,0
4983,68,0
4984,68,0
4985,68,0
4986,70,0
4987,68,0
4988,68,0
4989,68,0
4990,70,0
4991,66,0
4992,68,0
4993,68,0
4994,70,0
4995,70,0
4996,70,0
4997,70,0
4998,68,0
4999,68,0
5000,68,0
5001,68,0
5002,68,0
5003,68,0
5004,70,0
5005,66,0
5006,68,0
5007,70,0
5008,66,0
5009,72,0
5010,68,0
5011,68,0
5012,68,0
5013,66,0
5014,66,0
5015,68,0
5016,70,0
5017,68,0
5018,68,0
5019,68,0
5020,70,0
5021,70,0
5022,74,0
5023,68,0
5024,70,0
5025,66,0
5026,70,0
5027,70,0
5028,70,0
5029,68,0
5030,70,0
5031,68,0
5032,68,0
5033,68,0
5034,68,0
5035,70,0
5036,68,0
5037,68,0
5038,70,0
5039,70,0
5040,68,0
5041,68,0
5042,66,0
5043,68,0
5044,68,0
5045,68,0
5046,66,0
5047,70,0
5048,70,0
5049,68,0
5050,72,0
5051,66,0
5052,70,0
5053,66,0
5054,68,0
5055,70,0
5056,66,0
5057,70,0
5058,70,0
5059,70,0
5060,70,0
5061,70,0
5062,68,0
5063,68,0
5064,68,0
5065,66,0
5066,70,0
5067,68,0
5068,70,0
5069,66,0
5070,70,0
5071,66,0
5072,70,0
5073,66,0
5074,70,0
5075,68,0
5076,68,0
5077,66,0
5078,70,0
5079,66,0
5080,70,0
5081,66,0
5082,68,0
5083,70,0
5084,70,0
5085,68,0
5086,68,0
5087,68,0
5088,70,0
5089,66,0
5090,68,0
5091,70,0
5092,68,0
5093,70,0
5094,68,0
5095,70,0
5096,70,0
5097,70,0
5098,70,0
5099,68,0
5100,68,0
5101,70,0
5102,68,0
5103,68,0
5104,68,0
5105,68,0
5106,70,0
5107,68,0
5108,70,0
5109,70,0
5110,68,0
5111,68,0
5112,68,0
5113,68,0
5114,68,0
5115,68,0
5116,66,0
5117,68,0
5118,66,0
5119,70,0
5120,68,0
5121,68,0
5122,68,0
5123,70,0
5124,64,0
5125,68,0
5126,66,0
5127,68,0
5128,68,0
5129,68,0
5130,64,0
5131,70,0
5132,64,0
5133,68,0
5134,66,0
5135,70,0
5136,66,0
5137,68,0
5138,66,0
5139,70,0
5140,66,0
5141,68,0
5142,68,0
5143,70,0
5144,68,0
5145,70,0
5146,66,0
5147,68,0
5148,68,0
5149,68,0
5150,68,0
5151,68,0
5152,70,0
5153,68,0
5154,66,0
5155,68,0
5156,70,0
5157,68,0
5158,68,0
5159,70,0
5160,68,0
5161,68,0
5162,68,0
5163,70,0
5164,68,0
5165,68,0
5166,68,0
5167,70,0
5168,68,0
5169,68,0
5170,68,0
5171,70,0
5172,66,0
5173,66,0
5174,68,0
5175,68,0
5176,70,0
5177,68,0
5178,66,0
5179,66,0
5180,68,0
5181,68,0
5182,70,0
5183,68,0
5184,68,0
5185,68,0
5186,68,0
5187,66,0
5188,68,0
5189,70,0
5190,70,0
5191,68,0
5192,70,0
5193,68,0
5194,68,0
5195,70,0
5196,68,0
5197,68,0
5198,68,0
5199,66,0
5200,68,0
5201,68,0
5202,68,0
5203,68,0
5204,68,0
5205,72,0
5206,68,0
5207,68,0
5208,68,0
5209,70,0
5210,68,0
5211,68,0
5212,70,0
5213,68,0
5214,68,0
5215,68,0
5216,70,0
5217,68,0
5218,68,0
5219,68,0
5220,68,0
5221,68,0
5222,68,0
5223,68,0
5224,68,0
5225,70,0
5226,68,0
5227,70,0
5228,68,0
5229,68,0
5230,68,0
5231,68,0
5232,70,0
5233,66,0
5234,70,0
5235,68,0
5236,68,0
5237,66,0
5238,70,0
5239,70,0
5240,68,0
5241,70,0
5242,68,0
5243,70,0
5244,68,0
5245,70,0
5246,68,0
5247,68,0
5248,70,0
5249,68,0
5250,70,0
5251,68,0
5252,70,0
5253,68,0
5254,70,0
5255,68,0
5256,68,0
5257,68,0
5258,68,0
5259,70,0
5260,68,0
5261,70,0
5262,68,0
5263,68,0
5264,68,0
5265,68,0
5266,70,0
5267,68,0
5268,66,0
5269,68,0
5270,66,0
5271,66,0
5272,66,0
5273,70,0
5274,68,0
5275,68,0
5276,66,0
5277,70,0
5278,68,0
5279,70,0
5280,68,0
5281,68,0
5282,70,0
5283,70,0
5284,68,0
5285,70,0
5286,70,0
5287,68,0
5288,68,0
5289,70,0
5290,70,0
5291,68,0
5292,70,0
5293,70,0
5294,66,0
5295,70,0
5296,66,0
5297,68,0
5298,66,0
5299,68,0
5300,68,0
5301,68,0
5302,66,0
5303,66,0
5304,68,0
5305,68,0
5306,68,0
5307,68,0
5308,68,0
5309,66,0
5310,66,0
5311,70,0
5312,68,0
5313,66,0
5314,68,0
5315,70,0
5316,68,0
5317,68,0
5318,70,0
5319,68,0
5320,70,0
5321,68,0
5322,66,0
5323,70,0
5324,70,0
5325,68,0
5326,68,0
5327,68,0
5328,68,0
5329,68,0
5330,68,0
5331,66,0
5332,68,0
5333,66,0
5334,68,0
5335,68,0
5336,70,0
5337,68,0
5338,68,0
5339,68,0
5340,68,0
5341,70,0
5342,70,0
5343,66,0
5344,68,0
5345,68,0
5346,66,0
5347,68,0
5348,68,0
5349,68,0
5350,68,0
5351,70,0
5352,68,0
5353,70,0
5354,68,0
5355,68,0
5356,70,0
5357,68,0
5358,68,0
5359,70,0
5360,70,0
5361,68,0
5362,68,0
5363,70,0
5364,68,0
5365,66,0
5366,70,0
5367,68,0
5368,68,0
5369,70,0
5370,68,0
5371,68,0
5372,68,0
5373,66,0
5374,68,0
5375,68,0
5376,68,0
5377,68,0
5378,66,0
5379,68,0
5380,70,0
5381,68,0
5382,68,0
5383,68,0
5384,68,0
5385,68,0
5386,66,0
5387,70,0
5388,68,0
5389,70,0
5390,66,0
5391,68,0
5392,72,0
5393,68,0
5394,70,0
5395,70,0
5396,68,0
5397,66,0
5398,70,0
5399,68,0
5400,70,0
5401,68,0
5402,68,0
5403,68,0
5404,68,0
5405,68,0
5406,68,0
5407,68,0
5408,66,0
5409,70,0
5410,66,0
5411,70,0
5412,68,0
5413,68,0
5414,68,0
5415,68,0
5416,68,0
5417,70,0
5418,66,0
5419,68,0
5420,68,0
5421,68,0
5422,66,0
5423,70,0
5424,68,0
5425,70,0
5426,68,0
5427,68,0
5428,68,0
5429,70,0
5430,68,0
5431,66,0
5432,70,0
5433,68,0
5434,70,0
5435,70,0
5436,68,0
5437,70,0
5438,68,0
5439,66,0
5440,68,0
5441,70,0
5442,68,0
5443,68,0
5444,68,0
5445,68,0
5446,70,0
5447,70,0
5448,70,0
5449,68,0
5450,66,0
5451,66,0
5452,72,0
5453,70,0
5454,66,0
5455,68,0
5456,68,0
5457,66,0
5458,70,0
5459,66,0
5460,66,0
5461,68,0
5462,68,0
5463,70,0
5464,70,0
5465,70,0
5466,70,0
5467,70,0
5468,70,0
5469,68,0
5470,68,0
5471,68,0
5472,70,0
5473,68,0
5474,70,0
5475,68,0
5476,68,0
5477,66,0
5478,68,0
5479,70,0
5480,66,0
5481,66,0
5482,70,0
5483,70,0
5484,68,0
5485,66,0
5486,68,0
5487,66,0
5488,68,0
5489,70,0
5490,70,0
5491,70,0
5492,70,0
5493,70,0
5494,70,0
5495,68,0
5496,66,0
5497,68,0
5498,70,0
5499,68,0
5500,70,0
5501,68,0
5502,66,0
5503,66,0
5504,70,0
5505,66,0
5506,68,0
5507,68,0
5508,66,0
5509,68,0
5510,68,0
5511,68,0
5512,66,0
5513,68,0
5514,66,0
5515,68,0
5516,66,0
5517,70,0
5518,70,0
5519,68,0
5520,70,0
5521,66,0
5522,68,0
5523,68,0
5524,68,0
5525,70,0
5526,68,0
5527,68,0
5528,68,0
5529,68,0
5530,68,0
5531,68,0
5532,70,0
5533,66,0
5534,68,0
5535,70,0
5536,68,0
5537,68,0
5538,68,0
5539,68,0
5540,70,0
5541,68,0
5542,68,0
5543,70,0
5544,68,0
5545,68,0
5546,68,0
5547,66,0
5548,68,0
5549,70,0
5550,68,0
5551,70,0
5552,68,0
5553,66,0
5554,70,0
5555,68,0
5556,70,0
5557,68,0
5558,68,0
5559,66,0
5560,68,0
5561,70,0
5562,68,0
5563,68,0
5564,66,0
5565,68,0
5566,68,0
5567,70,0
5568,68,0
5569,68,0
5570,66,0
5571,68,0
5572,68,0
5573,68,0
5574,68,0
5575,68,0
5576,68,0
5577,68,0
5578,70,0
5579,68,0
5580,66,0
5581,70,0
5582,68,0
5583,68,0
5584,68,0
5585,68,0
5586,66,0
5587,68,0
5588,68,0
5589,68,0
5590,68,0
5591,66,0
5592,68,0
5593,68,0
5594,70,0
5595,68,0
5596,68,0
5597,68,0
5598,64,0
5599,68,0
5600,70,0
5601,68,0
5602,68,0
5603,66,0
5604,70,0
5605,68,0
5606,68,0
5607,68,0
5608,68,0
5609,66,0
5610,64,0
5611,68,0
5612,66,0
5613,68,0
5614,70,0
5615,66,0
5616,70,0
5617,68,0
5618,70,0
5619,68,0
5620,70,0
5621,68,0
5622,68,0
5623,68,0
5624,70,0
5625,66,0
5626,68,0
5627,70,0
5628,68,0
5629,70,0
5630,68,0
5631,66,0
5632,68,0
5633,68,0
5634,70,0
5635,70,0
5636,72,0
5637,68,0
5638,70,0
5639,70,0
5640,72,0
5641,68,0
5642,68,0
5643,68,0
5644,68,0
5645,68,0
5646,68,0
5647,68,0
5648,68,0
5649,66,0
5650,68,0
5651,70,0
5652,68,0
5653,66,0
5654,70,0
5655,70,0
5656,68,0
5657,68,0
5658,68,0
5659,66,0
5660,70,0
5661,68,0
5662,70,0
5663,68,0
5664,66,0
5665,70,0
5666,70,0
5667,68,0
5668,70,0
5669,66,0
5670,66,0
5671,70,0
5672,68,0
5673,70,0
5674,70,0
5675,64,0
5676,66,0
5677,66,0
5678,70,0
5679,68,0
5680,70,0
5681,70,0
5682,66,0
5683,68,0
5684,68,0
5685,68,0
5686,70,0
5687,70,0
5688,66,0
5689,68,0
5690,70,0
5691,68,0
5692,66,0
5693,70,0
5694,68,0
5695,66,0
5696,70,0
5697,68,0
5698,68,0
5699,66,0
5700,70,0
5701,66,0
5702,68,0
5703,66,0
5704,70,0
5705,66,0
5706,70,0
5707,68,0
5708,66,0
5709,68,0
5710,68,0
5711,66,0
5712,70,0
5713,68,0
5714,70,0
5715,68,0
5716,70,0
5717,66,0
5718,68,0
5719,66,0
5720,68,0
5721,66,0
5722,68,0
5723,68,0
5724,70,0
5725,68,0
5726,68,0
5727,66,0
5728,68,0
5729,68,0
5730,70,0
5731,70,0
5732,66,0
5733,70,0
5734,68,0
5735,68,0
5736,68,0
5737,68,0
5738,68,0
5739,68,0
5740,66,0
5741,70,0
5742,66,0
5743,70,0
5744,66,0
5745,68,0
5746,70,0
5747,68,0
5748,68,0
5749,66,0
5750,70,0
5751,70,0
5752,68,0
5753,68,0
5754,66,0
5755,70,0
5756,68,0
5757,68,0
5758,68,0
5759,68,0
5760,66,0
5761,70,0
5762,66,0
5763,70,0
5764,68,0
5765,68,0
5766,68,0
5767,70,0
5768,66,0
5769,68,0
5770,68,0
5771,68,0
5772,66,0
5773,68,0
5774,64,0
5775,68,0
5776,68,0
5777,68,0
5778,66,0
5779,66,0
5780,70,0
5781,68,0
5782,66,0
5783,68,0
5784,70,0
5785,68,0
5786,66,0
5787,68,0
5788,70,0
5789,68,0
5790,68,0
5791,68,0
5792,66,0
5793,68,0
5794,70,0
5795,70,0
5796,64,0
5797,66,0
5798,68,0
5799,68,0
5800,68,0
5801,66,0
5802,70,0
5803,68,0
5804,68,0
5805,70,0
5806,68,0
5807,70,0
5808,70,0
5809,68,0
5810,70,0
5811,70,0
5812,66,0
5813,68,0
5814,70,0
5815,70,0
5816,68,0
5817,68,0
5818,68,0
5819,66,0
5820,66,0
5821,68,0
5822,70,0
5823,68,0
5824,68,0
5825,70,0
5826,68,0
5827,66,0
5828,70,0
5829,68,0
5830,68,0
5831,64,0
5832,70,0
5833,68,0
5834,68,0
5835,66,0
5836,70,0
5837,68,0
5838,70,0
5839,68,0
5840,68,0
5841,66,0
5842,68,0
5843,66,0
5844,68,0
5845,68,0
5846,66,0
5847,70,0
5848,68,0
5849,68,0
5850,70,0
5851,68,0
5852,66,0
5853,68,0
5854,70,0
5855,68,0
5856,70,0
5857,66,0
5858,68,0
5859,68,0
5860,68,0
5861,68,0
5862,70,0
5863,70,0
5864,66,0
5865,68,0
5866,70,0
5867,66,0
5868,68,0
5869,68,0
5870,68,0
5871,70,0
5872,68,0
5873,68,0
5874,68,0
5875,68,0
5876,68,0
5877,70,0
5878,70,0
5879,68,0
5880,68,0
5881,70,0
5882,68,0
5883,68,0
5884,68,0
5885,66,0
5886,68,0
5887,68,0
5888,68,0
5889,68,0
5890,68,0
5891,68,0
5892,70,0
5893,66,0
5894,68,0
5895,68,0
5896,68,0
5897,68,0
5898,68,0
5899,68,0
5900,68,0
5901,70,0
5902,66,0
5903,70,0
5904,68,0
5905,66,0
5906,68,0
5907,68,0
5908,70,0
5909,66,0
5910,70,0
5911,66,0
5912,68,0
5913,68,0
5914,68,0
5915,66,0
5916,70,0
5917,72,0
5918,68,0
5919,68,0
5920,72,0
5921,70,0
5922,68,0
5923,70,0
5924,70,0
5925,70,0
5926,68,0
5927,68,0
5928,68,0
5929,66,0
5930,68,0
5931,68,0
5932,68,0
5933,68,0
5934,70,0
5935,70,0
5936,68,0
5937,70,0
5938,66,0
5939,68,0
5940,70,0
5941,70,0
5942,68,0
5943,70,0
5944,70,0
5945,68,0
5946,70,0
5947,70,0
5948,70,0
5949,68,0
5950,66,0
5951,70,0
5952,70,0
5953,68,0
5954,68,0
5955,70,0
5956,68,0
5957,70,0
5958,68,0
5959,68,0
5960,68,0
5961,70,0
5962,66,0
5963,70,0
5964,68,0
5965,68,0
5966,66,0
5967,68,0
5968,70,0
5969,70,0
5970,70,0
5971,70,0
5972,68,0
5973,68,0
5974,72,0
5975,68,0
5976,68,0
5977,70,0
5978,70,0
5979,68,0
5980,66,0
5981,70,0
5982,68,0
5983,68,0
5984,68,0
5985,68,0
5986,70,0
5987,66,0
5988,70,0
5989,72,0
5990,70,0
5991,68,0
5992,68,0
5993,70,0
5994,68,0
5995,68,0
5996,70,0
5997,70,0
5998,70,0
5999,72,0
6000,70,0
6001,70,0
6002,68,0
6003,68,0
6004,70,0
6005,68,0
6006,68,0
6007,72,0
6008,68,0
6009,68,0
6010,68,0
6011,72,0
6012,68,0
6013,70,0
6014,68,0
6015,66,0
6016,70,0
6017,68,0
6018,68,0
6019,70,0
6020,70,0
6021,68,0
6022,72,0
6023,68,0
6024,70,0
6025,70,0
6026,68,0
6027,68,0
6028,72,0
6029,70,0
6030,68,0
6031,68,0
6032,72,0
6033,70,0
6034,68,0
6035,70,0
6036,70,0
6037,70,0
6038,70,0
6039,68,0
6040,70,0
6041,72,0
6042,70,0
6043,68,0
6044,70,0
6045,70,0
6046,68,0
6047,68,0
6048,70,0
6049,70,0
6050,70,0
6051,68,0
6052,72,0
6053,70,0
6054,70,0
6055,68,0
6056,70,0
6057,70,0
6058,68,0
6059,68,0
6060,70,0
6061,72,0
6062,68,0
6063,68,0
6064,70,0
6065,72,0
6066,68,0
6067,70,0
6068,70,0
6069,70,0
6070,68,0
6071,70,0
6072,68,0
6073,70,0
6074,68,0
6075,68,0
6076,68,0
6077,70,0
6078,70,0
6079,70,0
6080,68,0
6081,70,0
6082,70,0
6083,68,0
6084,68,0
6085,72,0
6086,70,0
6087,70,0
6088,70,0
6089,72,0
6090,68,0
6091,70,0
6092,66,0
6093,68,0
6094,72,0
6095,70,0
6096,68,0
6097,70,0
6098,70,0
6099,68,0
6100,70,0
6101,70,0
6102,68,0
6103,68,0
6104,70,0
6105,70,0
6106,70,0
6107,70,0
6108,66,0
6109,70,0
6110,68,0
6111,68,0
6112,68,0
6113,72,0
6114,68,0
6115,70,0
6116,70,0
6117,72,0
6118,68,0
6119,68,0
6120,70,0
6121,70,0
6122,70,0
6123,68,0
6124,68,0
6125,72,0
6126,68,0
6127,68,0
6128,70,0
6129,68,0
6130,68,0
6131,70,0
6132,70,0
6133,70,0
6134,66,0
6135,72,0
6136,70,0
6137,70,0
6138,72,0
6139,72,0
6140,68,0
6141,68,0
6142,70,0
6143,68,0
6144,70,0
6145,72,0
6146,68,0
6147,68,0
6148,70,0
6149,68,0
6150,66,0
6151,70,0
6152,66,0
6153,72,0
6154,70,0
6155,66,0
6156,68,0
6157,68,0
6158,68,0
6159,70,0
6160,68,0
6161,70,0
6162,70,0
6163,68,0
6164,68,0
6165,68,0
6166,68,0
6167,70,0
6168,68,0
6169,68,0
6170,68,0
6171,68,0
6172,68,0
6173,70,0
6174,70,0
6175,72,0
6176,68,0
6177,68,0
6178,70,0
6179,70,0
6180,68,0
6181,70,0
6182,68,0
6183,72,0
6184,70,0
6185,68,0
6186,70,0
6187,68,0
6188,70,0
6189,68,0
6190,68,0
6191,72,0
6192,70,0
6193,70,0
6194,70,0
6195,68,0
6196,70,0
6197,70,0
6198,72,0
6199,66,0
6200,70,0
6201,70,0
6202,70,0
6203,68,0
6204,70,0
6205,68,0
6206,70,0
6207,68,0
6208,68,0
6209,68,0
6210,70,0
6211,70,0
6212,70,0
6213,70,0
6214,68,0
6215,68,0
6216,70,0
6217,68,0
6218,68,0
6219,70,0
6220,70,0
6221,68,0
6222,70,0
6223,68,0
6224,72,0
6225,68,0
6226,70,0
6227,68,0
6228,68,0
6229,68,0
6230,70,0
6231,70,0
6232,70,0
6233,68,0
6234,70,0
6235,68,0
6236,70,0
6237,68,0
6238,70,0
6239,70,0
6240,68,0
6241,70,0
6242,68,0
6243,70,0
6244,68,0
6245,72,0
6246,68,0
6247,70,0
6248,72,0
6249,68,0
6250,68,0
6251,72,0
6252,68,0
6253,68,0
6254,70,0
6255,70,0
6256,68,0
6257,68,0
6258,70,0
6259,70,0
6260,68,0
6261,68,0
6262,68,0
6263,70,0
6264,70,0
6265,68,0
6266,70,0
6267,70,0
6268,70,0
6269,70,0
6270,70,0
6271,68,0
6272,70,0
6273,68,0
6274,70,0
6275,70,0
6276,66,0
6277,68,0
6278,70,0
6279,70,0
6280,68,0
6281,70,0
6282,68,0
6283,70,0
6284,68,0
6285,68,0
6286,68,0
6287,68,0
6288,68,0
6289,70,0
6290,68,0
6291,70,0
6292,68,0
6293,70,0
6294,66,0
6295,68,0
6296,66,0
6297,70,0
6298,70,0
6299,70,0
6300,70,0
6301,66,0
6302,70,0
6303,70,0
6304,70,0
6305,68,0
6306,70,0
6307,68,0
6308,66,0
6309,70,0
6310,70,0
6311,68,0
6312,70,0
6313,70,0
6314,68,0
6315,72,0
6316,68,0
6317,68,0
6318,70,0
6319,70,0
6320,68,0
6321,68,0
6322,70,0
6323,70,0
6324,66,0
6325,70,0
6326,70,0
6327,70,0
6328,70,0
6329,68,0
6330,70,0
6331,68,0
6332,66,0
6333,70,0
6334,70,0
6335,70,0
6336,70,0
6337,68,0
6338,70,0
6339,68,0
6340,68,0
6341,70,0
6342,68,0
6343,68,0
6344,68,0
6345,68,0
6346,66,0
6347,68,0
6348,70,0
6349,68,0
6350,68,0
6351,70,0
6352,68,0
6353,70,0
6354,70,0
6355,70,0
6356,70,0
6357,68,0
6358,68,0
6359,70,0
6360,64,0
6361,70,0
6362,66,0
6363,68,0
6364,66,0
6365,68,0
6366,70,0
6367,68,0
6368,68,0
6369,70,0
6370,68,0
6371,70,0
6372,68,0
6373,68,0
6374,68,0
6375,68,0
6376,70,0
6377,68,0
6378,68,0
6379,70,0
6380,68,0
6381,68,0
6382,70,0
6383,68,0
6384,70,0
6385,70,0
6386,68,0
6387,70,0
6388,66,0
6389,70,0
6390,70,0
6391,68,0
6392,66,0
6393,70,0
6394,68,0
6395,66,0
6396,70,0
6397,66,0
6398,66,0
6399,70,0
6400,68,0
6401,68,0
6402,66,0
6403,68,0
6404,70,0
6405,70,0
6406,70,0
6407,68,0
6408,70,0
6409,68,0
6410,64,0
6411,68,0
6412,70,0
6413,68,0
6414,64,0
6415,68,0
6416,68,0
6417,70,0
6418,66,0
6419,72,0
6420,68,0
6421,68,0
6422,70,0
6423,68,0
6424,68,0
6425,68,0
6426,74,0
6427,74,0
6428,66,0
6429,74,0
6430,78,0
6431,72,0
6432,74,0
6433,70,0
6434,66,0
6435,68,0
6436,74,0
6437,372,1
6438,68,0
6439,68,0
6440,70,0
6441,70,0
6442,70,0
6443,70,0
6444,70,0
6445,70,0
6446,68,0
6447,70,0
6448,70,0
6449,70,0
6450,68,0
6451,72,0
6452,68,0
6453,70,0
6454,68,0
6455,68,0
6456,68,0
6457,70,0
6458,70,0
6459,70,0
6460,72,0
6461,70,0
6462,68,0
6463,70,0
6464,70,0
6465,70,0
6466,68,0
6467,72,0
6468,68,0
6469,68,0
6470,70,0
6471,70,0
6472,68,0
6473,70,0
6474,68,0
6475,68,0
6476,68,0
6477,70,0
6478,68,0
6479,70,0
6480,70,0
6481,70,0
6482,72,0
6483,72,0
6484,70,0
6485,70,0
6486,70,0
6487,72,0
6488,68,0
6489,68,0
6490,70,0
6491,68,0
6492,68,0
6493,72,0
6494,68,0
6495,72,0
6496,72,0
6497,72,0
6498,68,0
6499,70,0
6500,68,0
6501,68,0
6502,66,0
6503,68,0
6504,68,0
6505,70,0
6506,70,0
6507,70,0
6508,68,0
6509,70,0
6510,68,0
6511,70,0
6512,70,0
6513,68,0
6514,68,0
6515,68,0
6516,68,0
6517,72,0
6518,70,0
6519,68,0
6520,70,0
6521,68,0
6522,68,0
6523,72,0
6524,70,0
6525,70,0
6526,70,0
6527,72,0
6528,68,0
6529,72,0
6530,68,0
6531,68,0
6532,70,0
6533,70,0
6534,68,0
6535,70,0
6536,68,0
6537,72,0
6538,70,0
6539,70,0
6540,70,0
6541,70,0
6542,68,0
6543,70,0
6544,72,0
6545,68,0
6546,68,0
6547,70,0
6548,68,0
6549,68,0
6550,70,0
6551,72,0
6552,68,0
6553,68,0
6554,70,0
6555,70,0
6556,72,0
6557,68,0
6558,70,0
6559,70,0
6560,68,0
6561,68,0
6562,70,0
6563,68,0
6564,70,0
6565,72,0
6566,68,0
6567,68,0
6568,72,0
6569,68,0
6570,68,0
6571,70,0
6572,68,0
6573,66,0
6574,68,0
6575,68,0
6576,70,0
6577,68,0
6578,68,0
6579,68,0
6580,72,0
6581,68,0
6582,70,0
6583,68,0
6584,70,0
6585,70,0
6586,68,0
6587,70,0
6588,70,0
6589,70,0
6590,66,0
6591,70,0
6592,68,0
6593,70,0
6594,72,0
6595,68,0
6596,68,0
6597,70,0
6598,66,0
6599,68,0
6600,70,0
6601,72,0
6602,68,0
6603,68,0
6604,68,0
6605,70,0
6606,70,0
6607,70,0
6608,70,0
6609,68,0
6610,72,0
6611,68,0
6612,70,0
6613,70,0
6614,70,0
6615,70,0
6616,70,0
6617,70,0
6618,70,0
6619,70,0
6620,68,0
6621,72,0
6622,70,0
6623,68,0
6624,68,0
6625,70,0
6626,68,0
6627,68,0
6628,70,0
6629,70,0
6630,70,0
6631,70,0
6632,70,0
6633,68,0
6634,68,0
6635,68,0
6636,68,0
6637,70,0
6638,68,0
6639,70,0
6640,72,0
6641,70,0
6642,68,0
6643,70,0
6644,70,0
6645,68,0
6646,68,0
6647,70,0
6648,70,0
6649,70,0
6650,70,0
6651,68,0
6652,72,0
6653,70,0
6654,68,0
6655,72,0
6656,70,0
6657,70,0
6658,70,0
6659,68,0
6660,74,0
6661,68,0
6662,68,0
6663,66,0
6664,64,0
6665,70,0
6666,70,0
6667,72,0
6668,70,0
6669,68,0
6670,70,0
6671,70,0
6672,70,0
6673,70,0
6674,70,0
6675,70,0
6676,68,0
6677,68,0
6678,68,0
6679,68,0
6680,68,0
6681,70,0
6682,68,0
6683,70,0
6684,68,0
6685,68,0
6686,68,0
6687,66,0
6688,68,0
6689,70,0
6690,68,0
6691,70,0
6692,66,0
6693,72,0
6694,70,0
6695,68,0
6696,68,0
6697,68,0
6698,68,0
6699,70,0
6700,68,0
6701,66,0
6702,70,0
6703,70,0
6704,70,0
6705,70,0
6706,68,0
6707,68,0
6708,68,0
6709,68,0
6710,68,0
6711,68,0
6712,70,0
6713,70,0
6714,68,0
6715,70,0
6716,68,0
6717,66,0
6718,70,0
6719,70,0
6720,68,0
6721,68,0
6722,70,0
6723,68,0
6724,70,0
6725,70,0
6726,70,0
6727,70,0
6728,66,0
6729,68,0
6730,68,0
6731,68,0
6732,68,0
6733,68,0
6734,70,0
6735,68,0
6736,68,0
6737,70,0
6738,68,0
6739,70,0
6740,68,0
6741,68,0
6742,70,0
6743,70,0
6744,70,0
6745,68,0
6746,68,0
6747,68,0
6748,68,0
6749,70,0
6750,70,0
6751,68,0
6752,68,0
6753,68,0
6754,68,0
6755,70,0
6756,66,0
6757,68,0
6758,68,0
6759,70,0
6760,68,0
6761,68,0
6762,70,0
6763,72,0
6764,70,0
6765,68,0
6766,68,0
6767,68,0
6768,68,0
6769,66,0
6770,68,0
6771,68,0
6772,68,0
6773,70,0
6774,68,0
6775,68,0
6776,70,0
6777,70,0
6778,68,0
6779,72,0
6780,68,0
6781,68,0
6782,70,0
6783,68,0
6784,68,0
6785,70,0
6786,68,0
6787,68,0
6788,70,0
6789,68,0
6790,68,0
6791,70,0
6792,68,0
6793,72,0
6794,68,0
6795,68,0
6796,68,0
6797,70,0
6798,70,0
6799,68,0
6800,70,0
6801,68,0
6802,68,0
6803,68,0
6804,70,0
6805,70,0
6806,68,0
6807,68,0
6808,68,0
6809,70,0
6810,70,0
6811,66,0
6812,70,0
6813,70,0
6814,70,0
6815,68,0
6816,68,0
6817,66,0
6818,70,0
6819,68,0
6820,68,0
6821,68,0
6822,70,0
6823,68,0
6824,70,0
6825,70,0
6826,70,0
6827,68,0
6828,70,0
6829,68,0
6830,70,0
6831,70,0
6832,70,0
6833,68,0
6834,70,0
6835,70,0
6836,70,0
6837,68,0
6838,68,0
6839,68,0
6840,68,0
6841,68,0
6842,68,0
6843,72,0
6844,68,0
6845,66,0
6846,70,0
6847,70,0
6848,70,0
6849,70,0
6850,68,0
6851,70,0
6852,68,0
6853,66,0
6854,70,0
6855,68,0
6856,70,0
6857,70,0
6858,68,0
6859,68,0
6860,70,0
6861,68,0
6862,70,0
6863,68,0
6864,70,0
6865,70,0
6866,68,0
6867,70,0
6868,68,0
6869,68,0
6870,70,0
6871,70,0
6872,70,0
6873,70,0
6874,68,0
6875,70,0
6876,68,0
6877,68,0
6878,70,0
6879,70,0
6880,68,0
6881,68,0
6882,70,0
6883,68,0
6884,68,0
6885,72,0
6886,68,0
6887,70,0
6888,70,0
6889,70,0
6890,68,0
6891,70,0
6892,70,0
6893,70,0
6894,68,0
6895,68,0
6896,70,0
6897,68,0
6898,70,0
6899,68,0
6900,72,0
6901,68,0
6902,70,0
6903,70,0
6904,68,0
6905,68,0
6906,68,0
6907,70,0
6908,70,0
6909,70,0
6910,70,0
6911,70,0
6912,70,0
6913,70,0
6914,68,0
6915,68,0
6916,68,0
6917,68,0
6918,72,0
6919,70,0
6920,70,0
6921,66,0
6922,70,0
6923,70,0
6924,72,0
6925,68,0
6926,66,0
6927,68,0
6928,72,0
6929,68,0
6930,68,0
6931,68,0
6932,68,0
6933,70,0
6934,68,0
6935,68,0
6936,68,0
6937,70,0
6938,70,0
6939,68,0
6940,68,0
6941,70,0
6942,68,0
6943,68,0
6944,70,0
6945,66,0
6946,68,0
6947,68,0
6948,70,0
6949,68,0
6950,68,0
6951,70,0
6952,68,0
6953,68,0
6954,68,0
6955,68,0
6956,70,0
6957,70,0
6958,70,0
6959,70,0
6960,68,0
6961,68,0
6962,68,0
6963,68,0
6964,68,0
6965,70,0
6966,70,0
6967,68,0
6968,68,0
6969,70,0
6970,68,0
6971,68,0
6972,70,0
6973,70,0
6974,72,0
6975,68,0
6976,70,0
6977,68,0
6978,66,0
6979,68,0
6980,68,0
6981,68,0
6982,72,0
6983,70,0
6984,70,0
6985,68,0
6986,70,0
6987,66,0
6988,70,0
6989,70,0
6990,68,0
6991,70,0
6992,70,0
6993,70,0
6994,70,0
6995,68,0
6996,70,0
6997,70,0
6998,68,0
6999,70,0
7000,68,0
7001,68,0
7002,70,0
7003,70,0
7004,70,0
7005,68,0
7006,66,0
7007,68,0
7008,70,0
7009,70,0
7010,68,0
7011,68,0
7012,70,0
7013,70,0
7014,66,0
7015,72,0
7016,68,0
7017,68,0
7018,70,0
7019,70,0
7020,68,0
7021,68,0
7022,72,0
7023,68,0
7024,70,0
7025,70,0
7026,70,0
7027,68,0
7028,70,0
7029,68,0
7030,68,0
7031,68,0
7032,68,0
7033,70,0
7034,70,0
7035,68,0
7036,66,0
7037,68,0
7038,68,0
7039,68,0
7040,70,0
7041,70,0
7042,68,0
7043,66,0
7044,68,0
7045,66,0
7046,68,0
7047,70,0
7048,68,0
7049,66,0
7050,70,0
7051,70,0
7052,70,0
7053,70,0
7054,68,0
7055,68,0
7056,68,0
7057,68,0
7058,68,0
7059,68,0
7060,70,0
7061,68,0
7062,70,0
7063,68,0
7064,68,0
7065,68,0
7066,68,0
7067,68,0
7068,70,0
7069,70,0
7070,68,0
7071,70,0
7072,68,0
7073,70,0
7074,66,0
7075,68,0
7076,70,0
7077,68,0
7078,70,0
7079,68,0
7080,70,0
7081,68,0
7082,70,0
7083,68,0
7084,68,0
7085,70,0
7086,68,0
7087,68,0
7088,70,0
7089,68,0
7090,72,0
7091,68,0
7092,66,0
7093,70,0
7094,70,0
7095,68,0
7096,66,0
7097,68,0
7098,70,0
7099,68,0
7100,70,0
7101,68,0
7102,68,0
7103,70,0
7104,70,0
7105,68,0
7106,70,0
7107,68,0
7108,68,0
7109,68,0
7110,72,0
7111,68,0
7112,70,0
7113,68,0
7114,68,0
7115,68,0
7116,70,0
7117,70,0
7118,68,0
7119,68,0
7120,66,0
7121,68,0
7122,70,0
7123,68,0
7124,68,0
7125,70,0
7126,68,0
7127,68,0
7128,70,0
7129,70,0
7130,70,0
7131,68,0
7132,68,0
7133,70,0
7134,66,0
7135,68,0
7136,70,0
7137,68,0
7138,68,0
7139,70,0
7140,70,0
7141,68,0
7142,68,0
7143,70,0
7144,68,0
7145,68,0
7146,68,0
7147,70,0
7148,68,0
7149,68,0
7150,70,0
7151,70,0
7152,70,0
7153,70,0
7154,68,0
7155,70,0
7156,68,0
7157,68,0
7158,70,0
7159,68,0
7160,68,0
7161,68,0
7162,68,0
7163,70,0
7164,68,0
7165,70,0
7166,68,0
7167,68,0
7168,68,0
7169,72,0
7170,70,0
7171,70,0
7172,68,0
7173,68,0
7174,68,0
7175,70,0
7176,70,0
7177,68,0
7178,68,0
7179,70,0
7180,68,0
7181,70,0
7182,68,0
7183,68,0
7184,68,0
7185,70,0
7186,68,0
7187,68,0
7188,68,0
7189,70,0
7190,70,0
7191,68,0
7192,68,0
7193,68,0
7194,68,0
7195,68,0
7196,68,0
7197,70,0
7198,66,0
7199,68,0
7200,70,0
7201,68,0
7202,68,0
7203,68,0
7204,66,0
7205,70,0
7206,70,0
7207,70,0
7208,70,0
7209,68,0
7210,66,0
7211,68,0
7212,66,0
7213,68,0
7214,68,0
7215,68,0
7216,68,0
7217,70,0
7218,68,0
7219,68,0
7220,68,0
7221,68,0
7222,70,0
7223,66,0
7224,70,0
7225,70,0
7226,68,0
7227,70,0
7228,70,0
7229,70,0
7230,68,0
7231,68,0
7232,68,0
7233,68,0
7234,72,0
7235,68,0
7236,70,0
7237,70,0
7238,66,0
7239,68,0
7240,68,0
7241,68,0
7242,72,0
7243,68,0
7244,70,0
7245,68,0
7246,68,0
7247,70,0
7248,68,0
7249,66,0
7250,68,0
7251,68,0
7252,68,0
7253,66,0
7254,68,0
7255,68,0
7256,72,0
7257,70,0
7258,68,0
7259,68,0
7260,70,0
7261,72,0
7262,68,0
7263,68,0
7264,68,0
7265,70,0
7266,70,0
7267,68,0
7268,68,0
7269,68,0
7270,70,0
7271,68,0
7272,68,0
7273,70,0
7274,70,0
7275,68,0
7276,70,0
7277,70,0
7278,70,0
7279,68,0
7280,70,0
7281,68,0
7282,68,0
7283,70,0
7284,68,0
7285,68,0
7286,70,0
7287,68,0
7288,68,0
7289,70,0
7290,70,0
7291,68,0
7292,68,0
7293,70,0
7294,68,0
7295,68,0
7296,70,0
7297,68,0
7298,70,0
7299,70,0
7300,68,0
7301,68,0
7302,72,0
7303,70,0
7304,68,0
7305,68,0
7306,68,0
7307,68,0
7308,68,0
7309,68,0
7310,70,0
7311,70,0
7312,68,0
7313,68,0
7314,70,0
7315,70,0
7316,70,0
7317,68,0
7318,70,0
7319,70,0
7320,68,0
7321,68,0
7322,70,0
7323,70,0
7324,68,0
7325,68,0
7326,68,0
7327,70,0
7328,68,0
7329,70,0
7330,70,0
7331,70,0
7332,68,0
7333,66,0
7334,70,0
7335,68,0
7336,70,0
7337,70,0
7338,68,0
7339,68,0
7340,68,0
7341,72,0
7342,66,0
7343,68,0
7344,66,0
7345,70,0
7346,70,0
7347,70,0
7348,66,0
7349,68,0
7350,70,0
7351,70,0
7352,70,0
7353,70,0
7354,68,0
7355,68,0
7356,70,0
7357,72,0
7358,66,0
7359,68,0
7360,68,0
7361,70,0
7362,68,0
7363,70,0
7364,68,0
7365,70,0
7366,68,0
7367,66,0
7368,68,0
7369,70,0
7370,70,0
7371,70,0
7372,68,0
7373,66,0
7374,68,0
7375,70,0
7376,70,0
7377,68,0
7378,68,0
7379,68,0
7380,66,0
7381,68,0
7382,70,0
7383,68,0
7384,68,0
7385,70,0
7386,70,0
7387,70,0
7388,70,0
7389,68,0
7390,68,0
7391,68,0
7392,66,0
7393,68,0
7394,70,0
7395,68,0
7396,68,0
7397,66,0
7398,70,0
7399,68,0
7400,68,0
7401,70,0
7402,68,0
7403,70,0
7404,68,0
7405,70,0
7406,68,0
7407,66,0
7408,70,0
7409,70,0
7410,70,0
7411,68,0
7412,68,0
7413,70,0
7414,70,0
7415,70,0
7416,68,0
7417,68,0
7418,66,0
7419,68,0
7420,70,0
7421,68,0
7422,66,0
7423,70,0
7424,68,0
7425,68,0
7426,70,0
7427,70,0
7428,68,0
7429,68,0
7430,68,0
7431,68,0
7432,68,0
7433,68,0
7434,68,0
7435,70,0
7436,72,0
7437,70,0
7438,68,0
7439,68,0
7440,70,0
7441,66,0
7442,68,0
7443,70,0
7444,70,0
7445,68,0
7446,70,0
7447,68,0
7448,70,0
7449,70,0
7450,68,0
7451,68,0
7452,70,0
7453,70,0
7454,68,0
7455,70,0
7456,70,0
7457,68,0
7458,70,0
7459,68,0
7460,68,0
7461,68,0
7462,72,0
7463,70,0
7464,68,0
7465,70,0
7466,70,0
7467,68,0
7468,68,0
7469,70,0
7470,70,0
7471,68,0
7472,70,0
7473,68,0
7474,70,0
7475,68,0
7476,68,0
7477,70,0
7478,68,0
7479,66,0
7480,72,0
7481,68,0
7482,66,0
7483,68,0
7484,68,0
7485,68,0
7486,70,0
7487,66,0
7488,70,0
7489,70,0
7490,68,0
7491,66,0
7492,68,0
7493,66,0
7494,68,0
7495,70,0
7496,68,0
7497,68,0
7498,68,0
7499,70,0
7500,70,0
7501,66,0
7502,66,0
7503,68,0
7504,68,0
7505,68,0
7506,68,0
7507,70,0
7508,68,0
7509,70,0
7510,64,0
7511,68,0
7512,66,0
7513,70,0
7514,68,0
7515,70,0
7516,68,0
7517,68,0
7518,66,0
7519,68,0
7520,70,0
7521,68,0
7522,68,0
7523,68,0
7524,70,0
7525,66,0
7526,66,0
7527,66,0
7528,68,0
7529,68,0
7530,68,0
7531,68,0
7532,72,0
7533,70,0
7534,68,0
7535,68,0
7536,72,0
7537,66,0
7538,68,0
7539,68,0
7540,68,0
7541,70,0
7542,70,0
7543,70,0
7544,70,0
7545,68,0
7546,70,0
7547,68,0
7548,64,0
7549,70,0
7550,68,0
7551,66,0
7552,70,0
7553,68,0
7554,72,0
7555,68,0
7556,72,0
7557,68,0
7558,68,0
7559,70,0
7560,70,0
7561,66,0
7562,68,0
7563,70,0
7564,68,0
7565,68,0
7566,70,0
7567,70,0
7568,68,0
7569,68,0
7570,68,0
7571,68,0
7572,68,0
7573,70,0
7574,70,0
7575,68,0
7576,68,0
7577,68,0
7578,70,0
7579,68,0
7580,72,0
7581,68,0
7582,70,0
7583,70,0
7584,70,0
7585,68,0
7586,70,0
7587,68,0
7588,70,0
7589,68,0
7590,70,0
7591,70,0
7592,70,0
7593,70,0
7594,68,0
7595,70,0
7596,70,0
7597,68,0
7598,70,0
7599,68,0
7600,68,0
7601,70,0
7602,70,0
7603,68,0
7604,70,0
7605,72,0
7606,70,0
7607,70,0
7608,70,0
7609,72,0
7610,68,0
7611,72,0
7612,70,0
7613,70,0
7614,70,0
7615,70,0
7616,68,0
7617,72,0
7618,70,0
7619,70,0
7620,70,0
7621,70,0
7622,68,0
7623,72,0
7624,70,0
7625,70,0
7626,68,0
7627,70,0
7628,68,0
7629,66,0
7630,70,0
7631,66,0
7632,68,0
7633,68,0
7634,70,0
7635,70,0
7636,68,0
7637,70,0
7638,70,0
7639,68,0
7640,68,0
7641,66,0
7642,68,0
7643,68,0
7644,68,0
7645,70,0
7646,66,0
7647,68,0
7648,68,0
7649,70,0
7650,68,0
7651,68,0
7652,66,0
7653,68,0
7654,70,0
7655,68,0
7656,68,0
7657,68,0
7658,70,0
7659,70,0
7660,68,0
7661,66,0
7662,68,0
7663,70,0
7664,70,0
7665,68,0
7666,68,0
7667,68,0
7668,70,0
7669,68,0
7670,72,0
7671,68,0
7672,68,0
7673,68,0
7674,70,0
7675,68,0
7676,68,0
7677,68,0
7678,70,0
7679,68,0
7680,68,0
7681,70,0
7682,68,0
7683,70,0
7684,68,0
7685,70,0
7686,68,0
7687,66,0
7688,68,0
7689,70,0
7690,68,0
7691,66,0
7692,68,0
7693,72,0
7694,70,0
7695,72,0
7696,68,0
7697,68,0
7698,68,0
7699,70,0
7700,68,0
7701,72,0
7702,68,0
7703,68,0
7704,68,0
7705,72,0
7706,68,0
7707,72,0
7708,70,0
7709,70,0
7710,68,0
7711,68,0
7712,68,0
7713,68,0
7714,68,0
7715,68,0
7716,70,0
7717,72,0
7718,68,0
7719,70,0
7720,68,0
7721,68,0
7722,70,0
7723,70,0
7724,68,0
7725,66,0
7726,68,0
7727,68,0
7728,70,0
7729,68,0
7730,68,0
7731,70,0
7732,68,0
7733,68,0
7734,68,0
7735,70,0
7736,70,0
7737,68,0
7738,68,0
7739,68,0
7740,68,0
7741,70,0
7742,70,0
7743,68,0
7744,68,0
7745,68,0
7746,66,0
7747,70,0
7748,68,0
7749,70,0
7750,70,0
7751,68,0
7752,68,0
7753,70,0
7754,70,0
7755,68,0
7756,68,0
7757,70,0
7758,68,0
7759,68,0
7760,70,0
7761,66,0
7762,68,0
7763,70,0
7764,70,0
7765,68,0
7766,68,0
7767,70,0
7768,68,0
7769,68,0
7770,70,0
7771,66,0
7772,68,0
7773,70,0
7774,70,0
7775,68,0
7776,68,0
7777,70,0
7778,68,0
7779,70,0
7780,70,0
7781,68,0
7782,68,0
7783,70,0
7784,70,0
7785,68,0
7786,70,0
7787,68,0
7788,68,0
7789,70,0
7790,68,0
7791,68,0
7792,70,0
7793,66,0
7794,70,0
7795,72,0
7796,68,0
7797,72,0
7798,68,0
7799,70,0
7800,70,0
7801,70,0
7802,68,0
7803,72,0
7804,70,0
7805,68,0
7806,68,0
7807,70,0
7808,66,0
7809,68,0
7810,68,0
7811,68,0
7812,68,0
7813,68,0
7814,70,0
7815,70,0
7816,66,0
7817,68,0
7818,70,0
7819,70,0
7820,68,0
7821,68,0
7822,70,0
7823,70,0
7824,70,0
7825,68,0
7826,68,0
7827,70,0
7828,70,0
7829,68,0
7830,72,0
7831,68,0
7832,70,0
7833,70,0
7834,66,0
7835,68,0
7836,70,0
7837,68,0
7838,68,0
7839,68,0
7840,68,0
7841,68,0
7842,70,0
7843,70,0
7844,66,0
7845,68,0
7846,66,0
7847,68,0
7848,68,0
7849,70,0
7850,68,0
7851,70,0
7852,70,0
7853,66,0
7854,68,0
7855,70,0
7856,70,0
7857,70,0
7858,68,0
7859,68,0
7860,68,0
7861,68,0
7862,68,0
7863,70,0
7864,70,0
7865,68,0
7866,66,0
7867,68,0
7868,68,0
7869,68,0
7870,70,0
7871,68,0
7872,68,0
7873,68,0
7874,70,0
7875,68,0
7876,68,0
7877,70,0
7878,68,0
7879,66,0
7880,68,0
7881,68,0
7882,70,0
7883,66,0
7884,68,0
7885,66,0
7886,68,0
7887,70,0
7888,68,0
7889,68,0
7890,68,0
7891,72,0
7892,70,0
7893,66,0
7894,68,0
7895,70,0
7896,68,0
7897,70,0
7898,70,0
7899,68,0
7900,68,0
7901,70,0
7902,70,0
7903,70,0
7904,68,0
7905,68,0
7906,68,0
7907,70,0
7908,68,0
7909,68,0
7910,68,0
7911,68,0
7912,70,0
7913,68,0
7914,70,0
7915,68,0
7916,70,0
7917,70,0
7918,70,0
7919,68,0
7920,70,0
7921,68,0
7922,70,0
7923,68,0
7924,68,0
7925,70,0
7926,70,0
7927,72,0
7928,68,0
7929,72,0
7930,68,0
7931,70,0
7932,70,0
7933,68,0
7934,70,0
7935,70,0
7936,70,0
7937,68,0
7938,68,0
7939,70,0
7940,68,0
7941,70,0
7942,68,0
7943,68,0
7944,70,0
7945,70,0
7946,68,0
7947,70,0
7948,70,0
7949,68,0
7950,70,0
7951,70,0
7952,68,0
7953,70,0
7954,68,0
7955,68,0
7956,70,0
7957,68,0
7958,68,0
7959,68,0
7960,68,0
7961,68,0
7962,70,0
7963,70,0
7964,68,0
7965,70,0
7966,68,0
7967,68,0
7968,70,0
7969,70,0
7970,68,0
7971,68,0
7972,72,0
7973,70,0
7974,70,0
7975,66,0
7976,72,0
7977,70,0
7978,68,0
7979,68,0
7980,72,0
7981,70,0
7982,70,0
7983,70,0
7984,70,0
7985,68,0
7986,70,0
7987,68,0
7988,72,0
7989,68,0
7990,68,0
7991,68,0
7992,70,0
7993,68,0
7994,70,0
7995,66,0
7996,70,0
7997,70,0
7998,70,0
7999,70,0
8000,70,0
8001,70,0
8002,70,0
8003,66,0
8004,68,0
8005,68,0
8006,72,0
8007,66,0
8008,70,0
8009,68,0
8010,70,0
8011,70,0
8012,70,0
8013,70,0
8014,70,0
8015,68,0
8016,72,0
8017,68,0
8018,68,0
8019,70,0
8020,68,0
8021,68,0
8022,70,0
8023,68,0
8024,70,0
8025,70,0
8026,70,0
8027,68,0
8028,72,0
8029,68,0
8030,70,0
8031,68,0
8032,70,0
8033,70,0
8034,70,0
8035,68,0
8036,70,0
8037,68,0
8038,70,0
8039,70,0
8040,68,0
8041,66,0
8042,72,0
8043,70,0
8044,70,0
8045,66,0
8046,70,0
8047,70,0
8048,66,0
8049,68,0
8050,68,0
8051,68,0
8052,72,0
8053,70,0
8054,68,0
8055,68,0
8056,68,0
8057,68,0
8058,70,0
8059,68,0
8060,70,0
8061,68,0
8062,68,0
8063,70,0
8064,70,0
8065,66,0
8066,70,0
8067,68,0
8068,72,0
8069,70,0
8070,70,0
8071,66,0
8072,72,0
8073,68,0
8074,70,0
8075,68,0
8076,70,0
8077,68,0
8078,72,0
8079,70,0
8080,72,0
8081,68,0
8082,68,0
8083,70,0
8084,70,0
8085,68,0
8086,70,0
8087,68,0
8088,70,0
8089,68,0
8090,72,0
8091,66,0
8092,70,0
8093,70,0
8094,68,0
8095,68,0
8096,72,0
8097,70,0
8098,68,0
8099,68,0
8100,70,0
8101,68,0
8102,70,0
8103,70,0
8104,68,0
8105,70,0
8106,68,0
8107,72,0
8108,70,0
8109,70,0
8110,68,0
8111,70,0
8112,68,0
8113,72,0
8114,70,0
8115,70,0
8116,68,0
8117,70,0
8118,68,0
8119,72,0
8120,70,0
8121,70,0
8122,70,0
8123,70,0
8124,68,0
8125,72,0
8126,70,0
8127,70,0
8128,68,0
8129,70,0
8130,68,0
8131,72,0
8132,68,0
8133,68,0
8134,68,0
8135,70,0
8136,68,0
8137,68,0
8138,68,0
8139,70,0
8140,68,0
8141,68,0
8142,68,0
8143,68,0
8144,70,0
8145,68,0
8146,68,0
8147,70,0
8148,70,0
8149,68,0
8150,68,0
8151,70,0
8152,70,0
8153,70,0
8154,68,0
8155,70,0
8156,70,0
8157,70,0
8158,70,0
8159,70,0
8160,68,0
8161,70,0
8162,68,0
8163,72,0
8164,68,0
8165,72,0
8166,68,0
8167,70,0
8168,68,0
8169,72,0
8170,70,0
8171,70,0
8172,70,0
8173,70,0
8174,70,0
8175,68,0
8176,70,0
8177,68,0
8178,68,0
8179,68,0
8180,68,0
8181,68,0
8182,70,0
8183,70,0
8184,70,0
8185,70,0
8186,70,0
8187,70,0
8188,66,0
8189,68,0
8190,70,0
8191,72,0
8192,68,0
8193,70,0
8194,68,0
8195,68,0
8196,70,0
8197,72,0
8198,68,0
8199,68,0
8200,68,0
8201,70,0
8202,68,0
8203,66,0
8204,68,0
8205,72,0
8206,70,0
8207,72,0
8208,70,0
8209,70,0
8210,72,0
8211,70,0
8212,68,0
8213,70,0
8214,68,0
8215,70,0
8216,70,0
8217,68,0
8218,70,0
8219,72,0
8220,68,0
8221,72,0
8222,70,0
8223,72,0
8224,68,0
8225,68,0
8226,68,0
8227,70,0
8228,68,0
8229,70,0
8230,68,0
8231,72,0
8232,68,0
8233,72,0
8234,68,0
8235,72,0
8236,68,0
8237,72,0
8238,70,0
8239,68,0
8240,68,0
8241,70,0
8242,68,0
8243,68,0
8244,70,0
8245,68,0
8246,70,0
8247,70,0
8248,70,0
8249,68,0
8250,72,0
8251,70,0
8252,70,0
8253,68,0
8254,72,0
8255,70,0
8256,70,0
8257,66,0
8258,72,0
8259,70,0
8260,68,0
8261,68,0
8262,72,0
8263,70,0
8264,70,0
8265,70,0
8266,70,0
8267,68,0
8268,70,0
8269,70,0
8270,68,0
8271,68,0
8272,72,0
8273,70,0
8274,70,0
8275,70,0
8276,68,0
8277,68,0
8278,68,0
8279,70,0
8280,68,0
8281,72,0
8282,70,0
8283,70,0
8284,68,0
8285,68,0
8286,70,0
8287,68,0
8288,68,0
8289,68,0
8290,70,0
8291,68,0
8292,68,0
8293,70,0
8294,68,0
8295,68,0
8296,68,0
8297,70,0
8298,74,0
8299,66,0
8300,68,0
8301,70,0
8302,66,0
8303,68,0
8304,70,0
8305,66,0
8306,66,0
8307,66,0
8308,68,0
8309,68,0
8310,70,0
8311,66,0
8312,70,0
8313,68,0
8314,66,0
8315,68,0
8316,68,0
8317,70,0
8318,66,0
8319,66,0
8320,70,0
8321,68,0
8322,68,0
8323,66,0
8324,68,0
8325,66,0
8326,68,0
8327,68,0
8328,68,0
8329,66,0
8330,68,0
8331,66,0
8332,70,0
8333,68,0
8334,66,0
8335,68,0
8336,70,0
8337,66,0
8338,68,0
8339,70,0
8340,68,0
8341,70,0
8342,70,0
8343,68,0
8344,70,0
8345,68,0
8346,68,0
8347,70,0
8348,68,0
8349,68,0
8350,70,0
8351,66,0
8352,68,0
8353,68,0
8354,70,0
8355,68,0
8356,66,0
8357,66,0
8358,66,0
8359,68,0
8360,70,0
8361,66,0
8362,70,0
8363,68,0
8364,70,0
8365,68,0
8366,70,0
8367,68,0
8368,68,0
8369,68,0
8370,68,0
8371,68,0
8372,70,0
8373,64,0
8374,68,0
8375,68,0
8376,68,0
8377,66,0
8378,70,0
8379,70,0
8380,68,0
8381,70,0
8382,68,0
8383,68,0
8384,66,0
8385,66,0
8386,70,0
8387,66,0
8388,70,0
8389,68,0
8390,68,0
8391,68,0
8392,66,0
8393,70,0
8394,68,0
8395,68,0
8396,70,0
8397,70,0
8398,68,0
8399,66,0
8400,70,0
8401,68,0
8402,70,0
8403,68,0
8404,68,0
8405,66,0
8406,70,0
8407,68,0
8408,68,0
8409,66,0
8410,70,0
8411,66,0
8412,68,0
8413,64,0
8414,68,0
8415,66,0
8416,70,0
8417,68,0
8418,70,0
8419,68,0
8420,68,0
8421,68,0
8422,68,0
8423,68,0
8424,68,0
8425,66,0
8426,70,0
8427,70,0
8428,68,0
8429,68,0
8430,70,0
8431,70,0
8432,68,0
8433,70,0
8434,70,0
8435,68,0
8436,68,0
8437,68,0
8438,68,0
8439,68,0
8440,68,0
8441,68,0
8442,70,0
8443,70,0
8444,68,0
8445,68,0
8446,70,0
8447,66,0
8448,68,0
8449,68,0
8450,68,0
8451,68,0
8452,68,0
8453,64,0
8454,68,0
8455,68,0
8456,70,0
8457,68,0
8458,68,0
8459,68,0
8460,70,0
8461,70,0
8462,68,0
8463,70,0
8464,70,0
8465,68,0
8466,70,0
8467,70,0
8468,68,0
8469,66,0
8470,70,0
8471,68,0
8472,68,0
8473,68,0
8474,68,0
8475,68,0
8476,70,0
8477,68,0
8478,68,0
8479,68,0
8480,68,0
8481,68,0
8482,68,0
8483,66,0
8484,68,0
8485,68,0
8486,68,0
8487,68,0
8488,68,0
8489,70,0
8490,70,0
8491,68,0
8492,70,0
8493,66,0
8494,70,0
8495,66,0
8496,68,0
8497,64,0
8498,68,0
8499,66,0
8500,70,0
8501,66,0
8502,68,0
8503,70,0
8504,68,0
8505,70,0
8506,68,0
8507,66,0
8508,70,0
8509,68,0
8510,68,0
8511,66,0
8512,68,0
8513,66,0
8514,68,0
8515,66,0
8516,72,0
8517,66,0
8518,68,0
8519,68,0
8520,68,0
8521,68,0
8522,70,0
8523,66,0
8524,70,0
8525,68,0
8526,68,0
8527,68,0
8528,70,0
8529,66,0
8530,70,0
8531,66,0
8532,68,0
8533,66,0
8534,70,0
8535,68,0
8536,68,0
8537,68,0
8538,68,0
8539,68,0
8540,70,0
8541,68,0
8542,68,0
8543,68,0
8544,70,0
8545,66,0
8546,66,0
8547,66,0
8548,70,0
8549,70,0
8550,70,0
8551,70,0
8552,68,0
8553,68,0
8554,66,0
8555,68,0
8556,66,0
8557,68,0
8558,68,0
8559,68,0
8560,68,0
8561,66,0
8562,70,0
8563,68,0
8564,70,0
8565,68,0
8566,70,0
8567,66,0
8568,68,0
8569,68,0
8570,70,0
8571,68,0
8572,68,0
8573,66,0
8574,66,0
8575,66,0
8576,70,0
8577,68,0
8578,70,0
8579,66,0
8580,68,0
8581,68,0
8582,68,0
8583,68,0
8584,70,0
8585,70,0
8586,68,0
8587,68,0
8588,68,0
8589,68,0
8590,70,0
8591,68,0
8592,68,0
8593,66,0
8594,68,0
8595,68,0
8596,70,0
8597,66,0
8598,68,0
8599,68,0
8600,70,0
8601,68,0
8602,70,0
8603,70,0
8604,68,0
8605,68,0
8606,68,0
8607,70,0
8608,68,0
8609,66,0
8610,70,0
8611,66,0
8612,70,0
8613,64,0
8614,68,0
8615,66,0
8616,68,0
8617,68,0
8618,70,0
8619,68,0
8620,68,0
8621,68,0
8622,70,0
8623,68,0
8624,68,0
8625,68,0
8626,70,0
8627,70,0
8628,68,0
8629,68,0
8630,68,0
8631,68,0
8632,68,0
8633,70,0
8634,68,0
8635,66,0
8636,70,0
8637,70,0
8638,68,0
8639,66,0
8640,68,0
8641,66,0
8642,70,0
8643,66,0
8644,70,0
8645,68,0
8646,68,0
8647,66,0
8648,68,0
8649,68,0
8650,70,0
8651,68,0
8652,68,0
8653,66,0
8654,68,0
8655,68,0
8656,68,0
8657,66,0
8658,68,0
8659,68,0
8660,68,0
8661,70,0
8662,66,0
8663,66,0
8664,68,0
8665,66,0
8666,70,0
8667,68,0
8668,70,0
8669,70,0
8670,70,0
8671,70,0
8672,66,0
8673,68,0
8674,70,0
8675,66,0
8676,68,0
8677,68,0
8678,66,0
8679,70,0
8680,70,0
8681,70,0
8682,70,0
8683,68,0
8684,66,0
8685,68,0
8686,68,0
8687,68,0
8688,68,0
8689,70,0
8690,68,0
8691,66,0
8692,70,0
8693,68,0
8694,68,0
8695,64,0
8696,68,0
8697,64,0
8698,70,0
8699,70,0
8700,68,0
8701,70,0
8702,68,0
8703,70,0
8704,70,0
8705,68,0
8706,70,0
8707,66,0
8708,70,0
8709,68,0
8710,68,0
8711,66,0
8712,68,0
8713,66,0
8714,70,0
8715,66,0
8716,68,0
8717,70,0
8718,68,0
8719,70,0
8720,70,0
8721,68,0
8722,70,0
8723,66,0
8724,68,0
8725,66,0
8726,68,0
8727,66,0
8728,68,0
8729,66,0
8730,68,0
8731,70,0
8732,68,0
8733,70,0
8734,68,0
8735,68,0
8736,68,0
8737,70,0
8738,70,0
8739,70,0
8740,68,0
8741,70,0
8742,70,0
8743,68,0
8744,68,0
8745,70,0
8746,66,0
8747,70,0
8748,66,0
8749,68,0
8750,68,0
8751,70,0
8752,68,0
8753,68,0
8754,68,0
8755,70,0
8756,68,0
8757,66,0
8758,68,0
8759,68,0
8760,66,0
8761,68,0
8762,68,0
8763,68,0
8764,66,0
8765,68,0
8766,70,0
8767,68,0
8768,70,0
8769,70,0
8770,68,0
8771,68,0
8772,68,0
8773,70,0
8774,68,0
8775,68,0
8776,68,0
8777,70,0
8778,68,0
8779,68,0
8780,68,0
8781,68,0
8782,66,0
8783,70,0
8784,68,0
8785,70,0
8786,70,0
8787,68,0
8788,68,0
8789,68,0
8790,68,0
8791,68,0
8792,66,0
8793,70,0
8794,70,0
8795,68,0
8796,68,0
8797,68,0
8798,68,0
8799,68,0
8800,70,0
8801,68,0
8802,68,0
8803,68,0
8804,66,0
8805,70,0
8806,70,0
8807,70,0
8808,68,0
8809,68,0
8810,68,0
8811,70,0
8812,68,0
8813,70,0
8814,68,0
8815,68,0
8816,66,0
8817,68,0
8818,68,0
8819,70,0
8820,68,0
8821,68,0
8822,66,0
8823,66,0
8824,66,0
8825,68,0
8826,68,0
8827,66,0
8828,66,0
8829,68,0
8830,68,0
8831,68,0
8832,70,0
8833,68,0
8834,66,0
8835,68,0
8836,66,0
8837,68,0
8838,66,0
8839,68,0
8840,66,0
8841,68,0
8842,66,0
8843,70,0
8844,68,0
8845,68,0
8846,64,0
8847,68,0
8848,70,0
8849,68,0
8850,66,0
8851,68,0
8852,70,0
8853,68,0
8854,70,0
8855,68,0
8856,66,0
8857,70,0
8858,68,0
8859,68,0
8860,70,0
8861,68,0
8862,70,0
8863,70,0
8864,68,0
8865,66,0
8866,70,0
8867,70,0
8868,68,0
8869,70,0
8870,68,0
8871,70,0
8872,66,0
8873,68,0
8874,68,0
8875,68,0
8876,68,0
8877,68,0
8878,68,0
8879,68,0
8880,70,0
8881,70,0
8882,66,0
8883,68,0
8884,66,0
8885,70,0
8886,68,0
8887,68,0
8888,70,0
8889,70,0
8890,70,0
8891,70,0
8892,70,0
8893,68,0
8894,68,0
8895,68,0
8896,68,0
8897,66,0
8898,66,0
8899,66,0
8900,66,0
8901,68,0
8902,68,0
8903,70,0
8904,68,0
8905,66,0
8906,68,0
8907,70,0
8908,68,0
8909,70,0
8910,66,0
8911,68,0
8912,66,0
8913,70,0
8914,68,0
8915,70,0
8916,68,0
8917,70,0
8918,66,0
8919,68,0
8920,68,0
8921,68,0
8922,66,0
8923,68,0
8924,70,0
8925,70,0
8926,70,0
8927,70,0
8928,68,0
8929,68,0
8930,70,0
8931,68,0
8932,68,0
8933,70,0
8934,68,0
8935,68,0
8936,68,0
8937,68,0
8938,68,0
8939,68,0
8940,68,0
8941,70,0
8942,70,0
8943,68,0
8944,68,0
8945,70,0
8946,70,0
8947,68,0
8948,66,0
8949,70,0
8950,68,0
8951,68,0
8952,68,0
8953,68,0
8954,68,0
8955,70,0
8956,70,0
8957,70,0
8958,70,0
8959,68,0
8960,70,0
8961,70,0
8962,66,0
8963,68,0
8964,68,0
8965,68,0
8966,68,0
8967,68,0
8968,70,0
8969,70,0
8970,68,0
8971,68,0
8972,68,0
8973,68,0
8974,68,0
8975,68,0
8976,64,0
8977,68,0
8978,68,0
8979,68,0
8980,68,0
8981,70,0
8982,68,0
8983,68,0
8984,66,0
8985,70,0
8986,70,0
8987,66,0
8988,68,0
8989,70,0
8990,66,0
8991,68,0
8992,66,0
8993,68,0
8994,66,0
8995,70,0
8996,68,0
8997,66,0
8998,66,0
8999,66,0
9000,68,0
9001,70,0
9002,70,0
9003,70,0
9004,70,0
9005,70,0
9006,70,0
9007,70,0
9008,68,0
9009,70,0
9010,66,0
9011,68,0
9012,68,0
9013,68,0
9014,68,0
9015,68,0
9016,66,0
9017,68,0
9018,70,0
9019,68,0
9020,70,0
9021,70,0
9022,66,0
9023,68,0
9024,68,0
9025,70,0
9026,68,0
9027,68,0
9028,66,0
9029,70,0
9030,68,0
9031,68,0
9032,68,0
9033,70,0
9034,70,0
9035,68,0
9036,66,0
9037,70,0
9038,66,0
9039,68,0
9040,68,0
9041,68,0
9042,68,0
9043,68,0
9044,68,0
9045,70,0
9046,66,0
9047,70,0
9048,66,0
9049,68,0
9050,68,0
9051,68,0
9052,68,0
9053,68,0
9054,70,0
9055,70,0
9056,66,0
9057,68,0
9058,68,0
9059,70,0
9060,68,0
9061,70,0
9062,68,0
9063,68,0
9064,68,0
9065,68,0
9066,64,0
9067,68,0
9068,66,0
9069,70,0
9070,68,0
9071,70,0
9072,70,0
9073,70,0
9074,68,0
9075,68,0
9076,70,0
9077,70,0
9078,68,0
9079,66,0
9080,68,0
9081,72,0
9082,68,0
9083,68,0
9084,68,0
9085,68,0
9086,68,0
9087,70,0
9088,68,0
9089,68,0
9090,66,0
9091,70,0
9092,68,0
9093,68,0
9094,70,0
9095,70,0
9096,70,0
9097,68,0
9098,68,0
9099,70,0
9100,70,0
9101,68,0
9102,66,0
9103,70,0
9104,68,0
9105,68,0
9106,68,0
9107,70,0
9108,68,0
9109,68,0
9110,66,0
9111,68,0
9112,68,0
9113,68,0
9114,66,0
9115,68,0
9116,70,0
9117,68,0
9118,68,0
9119,68,0
9120,66,0
9121,70,0
9122,68,0
9123,68,0
9124,70,0
9125,70,0
9126,68,0
9127,70,0
9128,66,0
9129,68,0
9130,68,0
9131,68,0
9132,70,0
9133,70,0
9134,68,0
9135,68,0
9136,70,0
9137,66,0
9138,68,0
9139,68,0
9140,68,0
9141,68,0
9142,70,0
9143,68,0
9144,66,0
9145,70,0
9146,66,0
9147,68,0
9148,68,0
9149,70,0
9150,70,0
9151,68,0
9152,68,0
9153,70,0
9154,68,0
9155,70,0
9156,66,0
9157,68,0
9158,70,0
9159,70,0
9160,70,0
9161,68,0
9162,68,0
9163,70,0
9164,68,0
9165,70,0
9166,70,0
9167,68,0
9168,66,0
9169,68,0
9170,70,0
9171,66,0
9172,70,0
9173,68,0
9174,66,0
9175,66,0
9176,68,0
9177,66,0
9178,64,0
9179,66,0
9180,70,0
9181,68,0
9182,64,0
9183,66,0
9184,70,0
9185,66,0
9186,68,0
9187,72,0
9188,68,0
9189,68,0
9190,68,0
9191,68,0
9192,70,0
9193,68,0
9194,66,0
9195,66,0
9196,68,0
9197,70,0
9198,68,0
9199,68,0
9200,70,0
9201,70,0
9202,70,0
9203,68,0
9204,68,0
9205,68,0
9206,66,0
9207,70,0
9208,68,0
9209,70,0
9210,68,0
9211,68,0
9212,66,0
9213,68,0
9214,68,0
9215,70,0
9216,68,0
9217,70,0
9218,70,0
9219,68,0
9220,66,0
9221,68,0
9222,68,0
9223,68,0
9224,68,0
9225,70,0
9226,68,0
9227,68,0
9228,70,0
9229,68,0
9230,68,0
9231,70,0
9232,68,0
9233,70,0
9234,70,0
9235,68,0
9236,72,0
9237,68,0
9238,68,0
9239,68,0
9240,70,0
9241,68,0
9242,68,0
9243,68,0
9244,72,0
9245,68,0
9246,68,0
9247,68,0
9248,70,0
9249,70,0
9250,70,0
9251,70,0
9252,72,0
9253,68,0
9254,68,0
9255,68,0
9256,70,0
9257,68,0
9258,68,0
9259,70,0
9260,72,0
9261,68,0
9262,68,0
9263,68,0
9264,66,0
9265,70,0
9266,70,0
9267,68,0
9268,72,0
9269,68,0
9270,68,0
9271,70,0
9272,70,0
9273,70,0
9274,70,0
9275,70,0
9276,72,0
9277,68,0
9278,68,0
9279,68,0
9280,70,0
9281,68,0
9282,68,0
9283,70,0
9284,70,0
9285,70,0
9286,70,0
9287,70,0
9288,72,0
9289,68,0
9290,68,0
9291,68,0
9292,68,0
9293,68,0
9294,70,0
9295,68,0
9296,70,0
9297,70,0
9298,70,0
9299,70,0
9300,68,0
9301,70,0
9302,70,0
9303,70,0
9304,70,0
9305,70,0
9306,70,0
9307,68,0
9308,70,0
9309,70,0
9310,72,0
9311,66,0
9312,70,0
9313,70,0
9314,70,0
9315,70,0
9316,70,0
9317,68,0
9318,70,0
9319,68,0
9320,70,0
9321,68,0
9322,70,0
9323,68,0
9324,70,0
9325,70,0
9326,70,0
9327,70,0
9328,70,0
9329,70,0
9330,68,0
9331,68,0
9332,64,0
9333,68,0
9334,72,0
9335,68,0
9336,70,0
9337,68,0
9338,70,0
9339,70,0
9340,70,0
9341,68,0
9342,70,0
9343,68,0
9344,72,0
9345,68,0
9346,66,0
9347,68,0
9348,68,0
9349,68,0
9350,68,0
9351,68,0
9352,70,0
9353,68,0
9354,72,0
9355,70,0
9356,70,0
9357,70,0
9358,70,0
9359,70,0
9360,68,0
9361,68,0
9362,70,0
9363,68,0
9364,68,0
9365,68,0
9366,70,0
9367,68,0
9368,68,0
9369,68,0
9370,70,0
9371,68,0
9372,66,0
9373,68,0
9374,70,0
9375,68,0
9376,70,0
9377,70,0
9378,68,0
9379,68,0
9380,68,0
9381,66,0
9382,68,0
9383,66,0
9384,70,0
9385,68,0
9386,66,0
9387,68,0
9388,70,0
9389,68,0
9390,68,0
9391,70,0
9392,70,0
9393,68,0
9394,68,0
9395,68,0
9396,70,0
9397,70,0
9398,70,0
9399,68,0
9400,72,0
9401,70,0
9402,68,0
9403,68,0
9404,70,0
9405,68,0
9406,68,0
9407,70,0
9408,70,0
9409,66,0
9410,70,0
9411,68,0
9412,70,0
9413,68,0
9414,68,0
9415,70,0
9416,70,0
9417,72,0
9418,70,0
9419,70,0
9420,70,0
9421,70,0
9422,70,0
9423,66,0
9424,68,0
9425,66,0
9426,68,0
9427,68,0
9428,68,0
9429,68,0
9430,68,0
9431,68,0
9432,66,0
9433,68,0
9434,70,0
9435,68,0
9436,70,0
9437,68,0
9438,70,0
9439,68,0
9440,70,0
9441,68,0
9442,72,0
9443,68,0
9444,70,0
9445,66,0
9446,66,0
9447,68,0
9448,68,0
9449,68,0
9450,68,0
9451,70,0
9452,70,0
9453,70,0
9454,70,0
9455,70,0
9456,68,0
9457,70,0
9458,70,0
9459,70,0
9460,68,0
9461,68,0
9462,66,0
9463,68,0
9464,70,0
9465,68,0
9466,70,0
9467,66,0
9468,70,0
9469,70,0
9470,68,0
9471,70,0
9472,66,0
9473,68,0
9474,72,0
9475,66,0
9476,70,0
9477,64,0
9478,70,0
9479,66,0
9480,70,0
9481,68,0
9482,72,0
9483,66,0
9484,70,0
9485,66,0
9486,68,0
9487,68,0
9488,68,0
9489,68,0
9490,70,0
9491,68,0
9492,70,0
9493,68,0
9494,70,0
9495,70,0
9496,68,0
9497,70,0
9498,68,0
9499,70,0
9500,66,0
9501,68,0
9502,68,0
9503,68,0
9504,72,0
9505,68,0
9506,68,0
9507,68,0
9508,68,0
9509,68,0
9510,68,0
9511,68,0
9512,70,0
9513,68,0
9514,66,0
9515,70,0
9516,66,0
9517,68,0
9518,70,0
9519,66,0
9520,72,0
9521,68,0
9522,72,0
9523,66,0
9524,70,0
9525,66,0
9526,70,0
9527,66,0
9528,70,0
9529,66,0
9530,70,0
9531,68,0
9532,66,0
9533,70,0
9534,66,0
9535,66,0
9536,68,0
9537,68,0
9538,70,0
9539,68,0
9540,70,0
9541,70,0
9542,68,0
9543,68,0
9544,70,0
9545,66,0
9546,68,0
9547,68,0
9548,68,0
9549,68,0
9550,66,0
9551,68,0
9552,66,0
9553,68,0
9554,70,0
9555,68,0
9556,70,0
9557,68,0
9558,66,0
9559,70,0
9560,70,0
9561,70,0
9562,66,0
9563,68,0
9564,68,0
9565,68,0
9566,68,0
9567,68,0
9568,68,0
9569,68,0
9570,68,0
9571,70,0
9572,68,0
9573,70,0
9574,68,0
9575,70,0
9576,70,0
9577,66,0
9578,68,0
9579,72,0
9580,68,0
9581,72,0
9582,66,0
9583,70,0
9584,66,0
9585,70,0
9586,66,0
9587,70,0
9588,68,0
9589,72,0
9590,68,0
9591,72,0
9592,66,0
9593,70,0
9594,66,0
9595,68,0
9596,68,0
9597,68,0
9598,68,0
9599,68,0
9600,68,0
9601,66,0
9602,68,0
9603,70,0
9604,68,0
9605,70,0
9606,70,0
9607,68,0
9608,70,0
9609,72,0
9610,68,0
9611,72,0
9612,70,0
9613,70,0
9614,66,0
9615,68,0
9616,66,0
9617,70,0
9618,66,0
9619,70,0
9620,68,0
9621,66,0
9622,66,0
9623,70,0
9624,66,0
9625,70,0
9626,68,0
9627,72,0
9628,68,0
9629,68,0
9630,68,0
9631,70,0
9632,66,0
9633,72,0
9634,68,0
9635,70,0
9636,66,0
9637,70,0
9638,66,0
9639,70,0
9640,66,0
9641,72,0
9642,68,0
9643,72,0
9644,68,0
9645,70,0
9646,68,0
9647,72,0
9648,68,0
9649,70,0
9650,66,0
9651,70,0
9652,68,0
9653,70,0
9654,68,0
9655,66,0
9656,64,0
9657,68,0
9658,68,0
9659,68,0
9660,68,0
9661,66,0
9662,70,0
9663,68,0
9664,66,0
9665,70,0
9666,70,0
9667,68,0
9668,68,0
9669,66,0
9670,68,0
9671,70,0
9672,68,0
9673,68,0
9674,70,0
9675,68,0
9676,68,0
9677,68,0
9678,70,0
9679,66,0
9680,68,0
9681,70,0
9682,68,0
9683,68,0
9684,70,0
9685,68,0
9686,68,0
9687,70,0
9688,68,0
9689,70,0
9690,68,0
9691,70,0
9692,70,0
9693,70,0
9694,68,0
9695,70,0
9696,66,0
9697,70,0
9698,68,0
9699,66,0
9700,68,0
9701,68,0
9702,68,0
9703,68,0
9704,68,0
9705,68,0
9706,66,0
9707,72,0
9708,68,0
9709,68,0
9710,68,0
9711,68,0
9712,72,0
9713,70,0
9714,70,0
9715,66,0
9716,72,0
9717,68,0
9718,72,0
9719,68,0
9720,72,0
9721,68,0
9722,72,0
9723,68,0
9724,70,0
9725,66,0
9726,70,0
9727,66,0
9728,70,0
9729,66,0
9730,70,0
9731,66,0
9732,70,0
9733,66,0
9734,70,0
9735,66,0
9736,68,0
9737,68,0
9738,72,0
9739,70,0
9740,68,0
9741,70,0
9742,68,0
9743,68,0
9744,70,0
9745,68,0
9746,70,0
9747,68,0
9748,66,0
9749,70,0
9750,68,0
9751,68,0
9752,68,0
9753,68,0
9754,68,0
9755,70,0
9756,70,0
9757,70,0
9758,70,0
9759,68,0
9760,68,0
9761,68,0
9762,68,0
9763,68,0
9764,68,0
9765,70,0
9766,70,0
9767,70,0
9768,68,0
9769,68,0
9770,68,0
9771,68,0
9772,68,0
9773,68,0
9774,68,0
9775,70,0
9776,68,0
9777,70,0
9778,70,0
9779,70,0
9780,70,0
9781,70,0
9782,70,0
9783,68,0
9784,68,0
9785,68,0
9786,68,0
9787,68,0
9788,70,0
9789,70,0
9790,68,0
9791,70,0
9792,70,0
9793,68,0
9794,70,0
9795,68,0
9796,68,0
9797,68,0
9798,68,0
9799,68,0
9800,70,0
9801,70,0
9802,70,0
9803,70,0
9804,70,0
9805,68,0
9806,70,0
9807,68,0
9808,70,0
9809,70,0
9810,68,0
9811,68,0
9812,68,0
9813,68,0
9814,68,0
9815,70,0
9816,68,0
9817,68,0
9818,68,0
9819,68,0
9820,70,0
9821,66,0
9822,70,0
9823,68,0
9824,68,0
9825,68,0
9826,68,0
9827,70,0
9828,64,0
9829,66,0
9830,68,0
9831,70,0
9832,68,0
9833,70,0
9834,68,0
9835,68,0
9836,70,0
9837,68,0
9838,68,0
9839,70,0
9840,70,0
9841,68,0
9842,70,0
9843,68,0
9844,70,0
9845,64,0
9846,70,0
9847,66,0
9848,72,0
9849,66,0
9850,70,0
9851,70,0
9852,68,0
9853,70,0
9854,66,0
9855,68,0
9856,68,0
9857,68,0
9858,68,0
9859,70,0
9860,68,0
9861,70,0
9862,70,0
9863,66,0
9864,70,0
9865,70,0
9866,68,0
9867,70,0
9868,68,0
9869,70,0
9870,70,0
9871,68,0
9872,70,0
9873,66,0
9874,70,0
9875,68,0
9876,68,0
9877,68,0
9878,68,0
9879,68,0
9880,66,0
9881,66,0
9882,68,0
9883,68,0
9884,68,0
9885,68,0
9886,68,0
9887,68,0
9888,68,0
9889,70,0
9890,68,0
9891,68,0
9892,68,0
9893,68,0
9894,70,0
9895,68,0
9896,68,0
9897,70,0
9898,70,0
9899,68,0
9900,68,0
9901,70,0
9902,70,0
9903,70,0
9904,70,0
9905,70,0
9906,68,0
9907,68,0
9908,68,0
9909,68,0
9910,66,0
9911,72,0
9912,68,0
9913,70,0
9914,66,0
9915,70,0
9916,66,0
9917,72,0
9918,66,0
9919,70,0
9920,66,0
9921,72,0
9922,68,0
9923,72,0
9924,66,0
9925,70,0
9926,66,0
9927,70,0
9928,66,0
9929,70,0
9930,68,0
9931,70,0
9932,68,0
9933,72,0
9934,66,0
9935,70,0
9936,66,0
9937,68,0
9938,70,0
9939,68,0
9940,68,0
9941,68,0
9942,66,0
9943,68,0
9944,70,0
9945,68,0
9946,68,0
9947,70,0
9948,70,0
9949,70,0
9950,68,0
9951,68,0
9952,68,0
9953,68,0
9954,64,0
9955,68,0
9956,68,0
9957,68,0
9958,68,0
9959,68,0
9960,70,0
9961,70,0
9962,68,0
9963,66,0
9964,70,0
9965,68,0
9966,70,0
9967,68,0
9968,68,0
9969,72,0
9970,68,0
9971,68,0
9972,72,0
9973,68,0
9974,70,0
9975,68,0
9976,70,0
9977,68,0
9978,68,0
9979,68,0
9980,68,0
9981,68,0
9982,68,0
9983,72,0
9984,68,0
9985,68,0
9986,68,0
9987,72,0
9988,68,0
9989,70,0
9990,72,0
9991,68,0
9992,66,0
9993,70,0
9994,68,0
9995,70,0
9996,68,0
9997,68,0
9998,68,0
9999,72,0
10000,68,0
10001,68,0
10002,68,0
10003,72,0
10004,70,0
10005,68,0
10006,68,0
10007,70,0
10008,68,0
10009,68,0
10010,70,0
10011,70,0
10012,68,0
10013,68,0
10014,68,0
10015,68,0
10016,70,0
10017,70,0
10018,68,0
10019,70,0
10020,68,0
10021,68,0
10022,70,0
10023,68,0
10024,70,0
10025,68,0
10026,70,0
10027,70,0
10028,68,0
10029,70,0
10030,68,0
10031,70,0
10032,68,0
10033,68,0
10034,70,0
10035,70,0
10036,68,0
10037,70,0
10038,70,0
10039,72,0
10040,68,0
10041,70,0
10042,70,0
10043,70,0
10044,70,0
10045,68,0
10046,68,0
10047,68,0
10048,70,0
10049,70,0
10050,68,0
10051,70,0
10052,68,0
10053,68,0
10054,68,0
10055,68,0
10056,70,0
10057,70,0
10058,68,0
10059,68,0
10060,68,0
10061,68,0
10062,68,0
10063,68,0
10064,70,0
10065,68,0
10066,70,0
10067,70,0
10068,70,0
10069,70,0
10070,70,0
10071,68,0
10072,68,0
10073,68,0
10074,68,0
10075,68,0
10076,68,0
10077,68,0
10078,70,0
10079,70,0
10080,68,0
10081,68,0
10082,70,0
10083,68,0
10084,68,0
10085,68,0
10086,68,0
10087,68,0
10088,72,0
10089,70,0
10090,68,0
10091,68,0
10092,68,0
10093,70,0
10094,68,0
10095,68,0
10096,70,0
10097,70,0
10098,68,0
10099,68,0
10100,70,0
10101,68,0
10102,70,0
10103,68,0
10104,70,0
10105,70,0
10106,68,0
10107,68,0
10108,68,0
10109,70,0
10110,68,0
10111,68,0
10112,68,0
10113,68,0
10114,70,0
10115,70,0
10116,68,0
10117,68,0
10118,68,0
10119,68,0
10120,70,0
10121,70,0
10122,68,0
10123,68,0
10124,68,0
10125,68,0
10126,68,0
10127,70,0
10128,70,0
10129,68,0
10130,68,0
10131,70,0
10132,70,0
10133,68,0
10134,68,0
10135,68,0
10136,70,0
10137,68,0
10138,70,0
10139,66,0
10140,70,0
10141,68,0
10142,70,0
10143,68,0
10144,66,0
10145,68,0
10146,68,0
10147,70,0
10148,70,0
10149,70,0
10150,68,0
10151,66,0
10152,70,0
10153,70,0
10154,70,0
10155,68,0
10156,70,0
10157,68,0
10158,68,0
10159,70,0
10160,68,0
10161,66,0
10162,70,0
10163,70,0
10164,68,0
10165,68,0
10166,68,0
10167,68,0
10168,70,0
10169,68,0
10170,70,0
10171,66,0
10172,70,0
10173,66,0
10174,68,0
10175,66,0
10176,70,0
10177,68,0
10178,70,0
10179,70,0
10180,70,0
10181,70,0
10182,66,0
10183,68,0
10184,68,0
10185,68,0
10186,68,0
10187,68,0
10188,70,0
10189,68,0
10190,70,0
10191,68,0
10192,70,0
10193,68,0
10194,70,0
10195,70,0
10196,68,0
10197,68,0
10198,70,0
10199,68,0
10200,68,0
10201,68,0
10202,68,0
10203,68,0
10204,70,0
10205,70,0
10206,68,0
10207,66,0
10208,68,0
10209,68,0
10210,68,0
10211,68,0
10212,70,0
10213,70,0
10214,68,0
10215,68,0
10216,68,0
10217,66,0
10218,66,0
10219,70,0
10220,70,0
10221,70,0
10222,70,0
10223,70,0
10224,68,0
10225,70,0
10226,68,0
10227,70,0
10228,70,0
10229,70,0
10230,68,0
10231,68,0
10232,68,0
10233,68,0
10234,70,0
10235,68,0
10236,68,0
10237,68,0
10238,70,0
10239,70,0
10240,68,0
10241,68,0
10242,68,0
10243,68,0
10244,68,0
10245,68,0
10246,70,0
10247,70,0
10248,70,0
10249,70,0
10250,68,0
10251,68,0
10252,72,0
10253,70,0
10254,66,0
10255,68,0
10256,70,0
10257,70,0
10258,70,0
10259,70,0
10260,70,0
10261,68,0
10262,68,0
10263,68,0
10264,70,0
10265,68,0
10266,68,0
10267,68,0
10268,70,0
10269,70,0
10270,68,0
10271,66,0
10272,68,0
10273,68,0
10274,68,0
10275,70,0
10276,68,0
10277,68,0
10278,68,0
10279,70,0
10280,68,0
10281,68,0
10282,68,0
10283,70,0
10284,68,0
10285,68,0
10286,68,0
10287,68,0
10288,68,0
10289,70,0
10290,68,0
10291,68,0
10292,70,0
10293,68,0
10294,70,0
10295,68,0
10296,66,0
10297,68,0
10298,68,0
10299,68,0
10300,68,0
10301,68,0
10302,68,0
10303,70,0
10304,68,0
10305,68,0
10306,70,0
10307,70,0
10308,68,0
10309,68,0
10310,72,0
10311,70,0
10312,68,0
10313,70,0
10314,68,0
10315,68,0
10316,70,0
10317,68,0
10318,68,0
10319,68,0
10320,68,0
10321,68,0
10322,68,0
10323,70,0
10324,68,0
10325,66,0
10326,70,0
10327,66,0
10328,68,0
10329,68,0
10330,72,0
10331,68,0
10332,68,0
10333,66,0
10334,70,0
10335,66,0
10336,68,0
10337,72,0
10338,70,0
10339,68,0
10340,66,0
10341,70,0
10342,68,0
10343,70,0
10344,66,0
10345,68,0
10346,68,0
10347,70,0
10348,70,0
10349,70,0
10350,68,0
10351,68,0
10352,70,0
10353,68,0
10354,68,0
10355,68,0
10356,70,0
10357,70,0
10358,68,0
10359,70,0
10360,68,0
10361,70,0
10362,66,0
10363,70,0
10364,68,0
10365,68,0
10366,70,0
10367,70,0
10368,68,0
10369,66,0
10370,68,0
10371,70,0
10372,68,0
10373,70,0
10374,72,0
10375,68,0
10376,68,0
10377,68,0
10378,68,0
10379,70,0
10380,72,0
10381,68,0
10382,68,0
10383,70,0
10384,70,0
10385,68,0
10386,70,0
10387,68,0
10388,68,0
10389,68,0
10390,68,0
10391,70,0
10392,68,0
10393,68,0
10394,68,0
10395,70,0
10396,68,0
10397,68,0
10398,68,0
10399,70,0
10400,68,0
10401,68,0
10402,68,0
10403,70,0
10404,70,0
10405,70,0
10406,70,0
10407,70,0
10408,70,0
10409,68,0
10410,68,0
10411,68,0
10412,68,0
10413,70,0
10414,68,0
10415,68,0
10416,68,0
10417,68,0
10418,70,0
10419,68,0
10420,68,0
10421,70,0
10422,68,0
10423,68,0
10424,68,0
10425,68,0
10426,68,0
10427,68,0
10428,68,0
10429,72,0
10430,70,0
10431,68,0
10432,66,0
10433,68,0
10434,68,0
10435,68,0
10436,68,0
10437,68,0
10438,68,0
10439,68,0
10440,68,0
10441,70,0
10442,70,0
10443,68,0
10444,70,0
10445,68,0
10446,70,0
10447,70,0
10448,70,0
10449,70,0
10450,70,0
10451,68,0
10452,66,0
10453,68,0
10454,68,0
10455,70,0
10456,68,0
10457,68,0
10458,68,0
10459,68,0
10460,68,0
10461,68,0
10462,68,0
10463,68,0
10464,70,0
10465,68,0
10466,66,0
10467,68,0
10468,70,0
10469,70,0
10470,70,0
10471,68,0
10472,68,0
10473,68,0
10474,68,0
10475,70,0
10476,68,0
10477,70,0
10478,68,0
10479,70,0
10480,70,0
10481,68,0
10482,68,0
10483,70,0
10484,70,0
10485,68,0
10486,68,0
10487,70,0
10488,70,0
10489,70,0
10490,68,0
10491,66,0
10492,70,0
10493,68,0
10494,66,0
10495,70,0
10496,70,0
10497,68,0
10498,66,0
10499,68,0
10500,70,0
10501,70,0
10502,68,0
10503,68,0
10504,70,0
10505,70,0
10506,68,0
10507,68,0
10508,68,0
10509,70,0
10510,68,0
10511,70,0
10512,70,0
10513,68,0
10514,68,0
10515,68,0
10516,72,0
10517,70,0
10518,66,0
10519,68,0
10520,70,0
10521,72,0
10522,66,0
10523,68,0
10524,68,0
10525,68,0
10526,70,0
10527,70,0
10528,68,0
10529,66,0
10530,68,0
10531,70,0
10532,68,0
10533,70,0
10534,68,0
10535,70,0
10536,70,0
10537,70,0
10538,68,0
10539,68,0
10540,68,0
10541,68,0
10542,68,0
10543,70,0
10544,66,0
10545,68,0
10546,68,0
10547,70,0
10548,68,0
10549,68,0
10550,70,0
10551,68,0
10552,68,0
10553,68,0
10554,68,0
10555,68,0
10556,68,0
10557,68,0
10558,70,0
10559,68,0
10560,70,0
10561,70,0
10562,66,0
10563,70,0
10564,68,0
10565,66,0
10566,68,0
10567,70,0
10568,68,0
10569,70,0
10570,68,0
10571,70,0
10572,70,0
10573,68,0
10574,70,0
10575,70,0
10576,70,0
10577,70,0
10578,68,0
10579,68,0
10580,68,0
10581,70,0
10582,70,0
10583,68,0
10584,70,0
10585,68,0
10586,68,0
10587,68,0
10588,68,0
10589,68,0
10590,68,0
10591,68,0
10592,70,0
10593,68,0
10594,70,0
10595,66,0
10596,68,0
10597,72,0
10598,70,0
10599,70,0
10600,68,0
10601,68,0
10602,68,0
10603,68,0
10604,70,0
10605,68,0
10606,68,0
10607,68,0
10608,68,0
10609,68,0
10610,70,0
10611,68,0
10612,68,0
10613,68,0
10614,70,0
10615,68,0
10616,66,0
10617,68,0
10618,70,0
10619,70,0
10620,70,0
10621,68,0
10622,70,0
10623,70,0
10624,68,0
10625,68,0
10626,66,0
10627,72,0
10628,68,0
10629,70,0
10630,68,0
10631,68,0
10632,70,0
10633,70,0
10634,68,0
10635,66,0
10636,68,0
10637,70,0
10638,70,0
10639,68,0
10640,66,0
10641,72,0
10642,70,0
10643,70,0
10644,68,0
10645,68,0
10646,70,0
10647,70,0
10648,68,0
10649,68,0
10650,70,0
10651,68,0
10652,68,0
10653,68,0
10654,68,0
10655,70,0
10656,68,0
10657,66,0
10658,68,0
10659,68,0
10660,68,0
10661,70,0
10662,70,0
10663,70,0
10664,70,0
10665,68,0
10666,68,0
10667,68,0
10668,68,0
10669,68,0
10670,68,0
10671,72,0
10672,70,0
10673,68,0
10674,66,0
10675,68,0
10676,68,0
10677,72,0
10678,68,0
10679,70,0
10680,68,0
10681,68,0
10682,70,0
10683,70,0
10684,68,0
10685,68,0
10686,70,0
10687,74,0
10688,68,0
10689,70,0
10690,68,0
10691,70,0
10692,68,0
10693,66,0
10694,66,0
10695,70,0
10696,66,0
10697,68,0
10698,68,0
10699,70,0
10700,70,0
10701,68,0
10702,68,0
10703,68,0
10704,70,0
10705,68,0
10706,68,0
10707,68,0
10708,68,0
10709,68,0
10710,68,0
10711,68,0
10712,68,0
10713,70,0
10714,68,0
10715,66,0
10716,68,0
10717,70,0
10718,68,0
10719,68,0
10720,68,0
10721,68,0
10722,68,0
10723,68,0
10724,68,0
10725,68,0
10726,70,0
10727,68,0
10728,66,0
10729,68,0
10730,68,0
10731,68,0
10732,70,0
10733,68,0
10734,66,0
10735,70,0
10736,70,0
10737,68,0
10738,66,0
10739,70,0
10740,68,0
10741,68,0
10742,68,0
10743,70,0
10744,68,0
10745,68,0
10746,68,0
10747,68,0
10748,68,0
10749,68,0
10750,68,0
10751,68,0
10752,70,0
10753,68,0
10754,68,0
10755,68,0
10756,68,0
10757,70,0
10758,68,0
10759,70,0
10760,68,0
10761,68,0
10762,66,0
10763,68,0
10764,68,0
10765,70,0
10766,68,0
10767,68,0
10768,66,0
10769,70,0
10770,66,0
10771,68,0
10772,66,0
10773,68,0
10774,68,0
10775,66,0
10776,68,0
10777,70,0
10778,70,0
10779,70,0
10780,70,0
10781,68,0
10782,68,0
10783,68,0
10784,68,0
10785,70,0
10786,66,0
10787,68,0
10788,68,0
10789,68,0
10790,68,0
10791,70,0
10792,70,0
10793,70,0
10794,68,0
10795,70,0
10796,68,0
10797,66,0
10798,66,0
10799,68,0
10800,68,0
10801,70,0
10802,68,0
10803,68,0
10804,68,0
10805,70,0
10806,68,0
10807,68,0
10808,72,0
10809,68,0
10810,66,0
10811,66,0
10812,68,0
10813,70,0
10814,68,0
10815,68,0
10816,70,0
10817,68,0
10818,66,0
10819,68,0
10820,68,0
10821,66,0
10822,68,0
10823,68,0
10824,70,0
10825,68,0
10826,66,0
10827,66,0
10828,68,0
10829,68,0
10830,66,0
10831,70,0
10832,66,0
10833,68,0
10834,66,0
10835,70,0
10836,70,0
10837,68,0
10838,68,0
10839,68,0
10840,72,0
10841,70,0
10842,66,0
10843,68,0
10844,70,0
10845,70,0
10846,66,0
10847,68,0
10848,68,0
10849,70,0
10850,68,0
10851,68,0
10852,68,0
10853,70,0
10854,68,0
10855,70,0
10856,66,0
10857,68,0
10858,66,0
10859,70,0
10860,68,0
10861,68,0
10862,70,0
10863,68,0
10864,68,0
10865,70,0
10866,66,0
10867,70,0
10868,68,0
10869,68,0
10870,68,0
10871,70,0
10872,68,0
10873,68,0
10874,68,0
10875,70,0
10876,68,0
10877,68,0
10878,68,0
10879,70,0
10880,68,0
10881,68,0
10882,70,0
10883,68,0
10884,66,0
10885,70,0
10886,68,0
10887,68,0
10888,68,0
10889,70,0
10890,68,0
10891,68,0
10892,68,0
10893,68,0
10894,68,0
10895,70,0
10896,66,0
10897,68,0
10898,68,0
10899,68,0
10900,66,0
10901,70,0
10902,68,0
10903,70,0
10904,68,0
10905,68,0
10906,68,0
10907,70,0
10908,68,0
10909,66,0
10910,68,0
10911,70,0
10912,68,0
10913,68,0
10914,66,0
10915,70,0
10916,68,0
10917,66,0
10918,68,0
10919,70,0
10920,68,0
10921,68,0
10922,66,0
10923,68,0
10924,70,0
10925,70,0
10926,66,0
10927,70,0
10928,72,0
10929,70,0
10930,66,0
10931,68,0
10932,70,0
10933,70,0
10934,66,0
10935,68,0
10936,68,0
10937,70,0
10938,66,0
10939,70,0
10940,68,0
10941,68,0
10942,66,0
10943,68,0
10944,70,0
10945,68,0
10946,66,0
10947,68,0
10948,68,0
10949,70,0
10950,68,0
10951,68,0
10952,66,0
10953,68,0
10954,66,0
10955,72,0
10956,66,0
10957,70,0
10958,70,0
10959,68,0
10960,68,0
10961,70,0
10962,70,0
10963,70,0
10964,66,0
10965,68,0
10966,66,0
10967,68,0
10968,68,0
10969,68,0
10970,68,0
10971,70,0
10972,66,0
10973,66,0
10974,68,0
10975,68,0
10976,68,0
10977,70,0
10978,70,0
10979,68,0
10980,68,0
10981,68,0
10982,66,0
10983,68,0
10984,68,0
10985,70,0
10986,64,0
10987,68,0
10988,68,0
10989,70,0
10990,68,0
10991,68,0
10992,70,0
10993,68,0
10994,68,0
10995,70,0
10996,68,0
10997,70,0
10998,68,0
10999,68,0
11000,68,0
11001,70,0
11002,68,0
11003,70,0
11004,68,0
11005,68,0
11006,68,0
11007,68,0
11008,66,0
11009,68,0
11010,70,0
11011,68,0
11012,70,0
11013,70,0
11014,68,0
11015,68,0
11016,68,0
11017,68,0
11018,66,0
11019,70,0
11020,68,0
11021,68,0
11022,66,0
11023,68,0
11024,70,0
11025,68,0
11026,66,0
11027,68,0
11028,68,0
11029,70,0
11030,66,0
11031,68,0
11032,70,0
11033,70,0
11034,66,0
11035,68,0
11036,70,0
11037,70,0
11038,66,0
11039,68,0
11040,68,0
11041,70,0
11042,66,0
11043,68,0
11044,70,0
11045,68,0
11046,66,0
11047,70,0
11048,68,0
11049,68,0
11050,68,0
11051,68,0
11052,70,0
11053,70,0
11054,66,0
11055,68,0
11056,70,0
11057,68,0
11058,66,0
11059,70,0
11060,68,0
11061,68,0
11062,68,0
11063,70,0
11064,70,0
11065,68,0
11066,66,0
11067,70,0
11068,68,0
11069,70,0
11070,68,0
11071,68,0
11072,70,0
11073,68,0
11074,70,0
11075,70,0
11076,68,0
11077,68,0
11078,68,0
11079,70,0
11080,70,0
11081,68,0
11082,66,0
11083,70,0
11084,70,0
11085,70,0
11086,68,0
11087,66,0
11088,68,0
11089,70,0
11090,70,0
11091,68,0
11092,68,0
11093,68,0
11094,70,0
11095,68,0
11096,66,0
11097,70,0
11098,64,0
11099,68,0
11100,66,0
11101,70,0
11102,70,0
11103,68,0
11104,68,0
11105,68,0
11106,68,0
11107,70,0
11108,66,0
11109,66,0
11110,66,0
11111,68,0
11112,68,0
11113,68,0
11114,68,0
11115,68,0
11116,68,0
11117,68,0
11118,70,0
11119,66,0
11120,68,0
11121,68,0
11122,66,0
11123,68,0
11124,68,0
11125,70,0
11126,68,0
11127,70,0
11128,68,0
11129,68,0
11130,66,0
11131,70,0
11132,70,0
11133,68,0
11134,66,0
11135,68,0
11136,68,0
11137,68,0
11138,68,0
11139,68,0
11140,68,0
11141,70,0
11142,68,0
11143,70,0
11144,66,0
11145,68,0
11146,70,0
11147,68,0
11148,64,0
11149,68,0
11150,68,0
11151,68,0
11152,68,0
11153,70,0
11154,64,0
11155,68,0
11156,66,0
11157,68,0
11158,68,0
11159,70,0
11160,70,0
11161,72,0
11162,66,0
11163,68,0
11164,68,0
11165,70,0
11166,68,0
11167,70,0
11168,68,0
11169,68,0
11170,66,0
11171,68,0
11172,66,0
11173,68,0
11174,68,0
11175,68,0
11176,70,0
11177,70,0
11178,64,0
11179,70,0
11180,68,0
11181,68,0
11182,68,0
11183,70,0
11184,68,0
11185,68,0
11186,68,0
11187,70,0
11188,68,0
11189,68,0
11190,66,0
11191,68,0
11192,70,0
11193,68,0
11194,70,0
11195,70,0
11196,70,0
11197,70,0
11198,68,0
11199,68,0
11200,66,0
11201,68,0
11202,70,0
11203,70,0
11204,68,0
11205,68,0
11206,68,0
11207,70,0
11208,66,0
11209,68,0
11210,68,0
11211,70,0
11212,66,0
11213,70,0
11214,68,0
11215,68,0
11216,68,0
11217,70,0
11218,66,0
11219,68,0
11220,68,0
11221,70,0
11222,68,0
11223,66,0
11224,68,0
11225,70,0
11226,70,0
11227,70,0
11228,68,0
11229,68,0
11230,70,0
11231,70,0
11232,70,0
11233,68,0
11234,70,0
11235,70,0
11236,68,0
11237,68,0
11238,66,0
11239,70,0
11240,70,0
11241,72,0
11242,68,0
11243,68,0
11244,68,0
11245,68,0
11246,66,0
11247,68,0
11248,68,0
11249,68,0
11250,70,0
11251,70,0
11252,68,0
11253,70,0
11254,64,0
11255,70,0
11256,68,0
11257,68,0
11258,70,0
11259,68,0
11260,68,0
11261,68,0
11262,66,0
11263,68,0
11264,68,0
11265,68,0
11266,70,0
11267,70,0
11268,68,0
11269,68,0
11270,68,0
11271,68,0
11272,66,0
11273,68,0
11274,68,0
11275,68,0
11276,68,0
11277,68,0
11278,66,0
11279,68,0
11280,68,0
11281,70,0
11282,68,0
11283,70,0
11284,68,0
11285,68,0
11286,68,0
11287,70,0
11288,68,0
11289,70,0
11290,66,0
11291,66,0
11292,68,0
11293,68,0
11294,66,0
11295,68,0
11296,70,0
11297,72,0
11298,68,0
11299,66,0
11300,66,0
11301,70,0
11302,70,0
11303,68,0
11304,70,0
11305,68,0
11306,68,0
11307,66,0
11308,66,0
11309,68,0
11310,68,0
11311,70,0
11312,68,0
11313,70,0
11314,72,0
11315,70,0
11316,68,0
11317,70,0
11318,70,0
11319,68,0
11320,68,0
11321,68,0
11322,70,0
11323,68,0
11324,70,0
11325,70,0
11326,66,0
11327,68,0
11328,66,0
11329,68,0
11330,66,0
11331,68,0
11332,66,0
11333,70,0
11334,70,0
11335,68,0
11336,68,0
11337,68,0
11338,68,0
11339,70,0
11340,66,0
11341,70,0
11342,70,0
11343,70,0
11344,70,0
11345,68,0
11346,68,0
11347,68,0
11348,68,0
11349,70,0
11350,66,0
11351,68,0
11352,66,0
11353,70,0
11354,68,0
11355,68,0
11356,68,0
11357,68,0
11358,68,0
11359,68,0
11360,64,0
11361,68,0
11362,68,0
11363,70,0
11364,102,0
11365,68,0
11366,66,0
11367,68,0
11368,68,0
11369,68,0
11370,68,0
11371,66,0
11372,70,0
11373,70,0
11374,70,0
11375,68,0
11376,64,0
11377,68,0
11378,68,0
11379,68,0
11380,68,0
11381,66,0
11382,70,0
11383,68,0
11384,72,0
11385,68,0
11386,68,0
11387,68,0
11388,72,0
11389,68,0
11390,68,0
11391,68,0
11392,70,0
11393,70,0
11394,70,0
11395,68,0
11396,68,0
11397,70,0
11398,68,0
11399,70,0
11400,68,0
11401,66,0
11402,68,0
11403,70,0
11404,70,0
11405,70,0
11406,68,0
11407,68,0
11408,70,0
11409,68,0
11410,70,0
11411,68,0
11412,68,0
11413,66,0
11414,70,0
11415,68,0
11416,68,0
11417,72,0
11418,68,0
11419,68,0
11420,70,0
11421,68,0
11422,68,0
11423,70,0
11424,70,0
11425,66,0
11426,70,0
11427,66,0
11428,68,0
11429,70,0
11430,70,0
11431,68,0
11432,76,0
11433,68,0
11434,66,0
11435,70,0
11436,66,0
11437,68,0
11438,70,0
11439,68,0
11440,68,0
11441,70,0
11442,68,0
11443,70,0
11444,70,0
11445,68,0
11446,68,0
11447,68,0
11448,68,0
11449,68,0
11450,68,0
11451,68,0
11452,70,0
11453,68,0
11454,66,0
11455,68,0
11456,68,0
11457,68,0
11458,70,0
11459,68,0
11460,68,0
11461,68,0
11462,68,0
11463,66,0
11464,70,0
11465,66,0
11466,68,0
11467,68,0
11468,72,0
11469,68,0
11470,70,0
11471,70,0
11472,68,0
11473,70,0
11474,66,0
11475,68,0
11476,66,0
11477,68,0
11478,68,0
11479,70,0
11480,68,0
11481,68,0
11482,68,0
11483,68,0
11484,66,0
11485,68,0
11486,66,0
11487,70,0
11488,70,0
11489,70,0
11490,68,0
11491,68,0
11492,68,0
11493,68,0
11494,66,0
11495,70,0
11496,70,0
11497,68,0
11498,68,0
11499,70,0
11500,68,0
11501,68,0
11502,70,0
11503,70,0
11504,68,0
11505,68,0
11506,68,0
11507,68,0
11508,68,0
11509,70,0
11510,66,0
11511,70,0
11512,66,0
11513,70,0
11514,66,0
11515,68,0
11516,70,0
11517,70,0
11518,68,0
11519,70,0
11520,68,0
11521,72,0
11522,70,0
11523,70,0
11524,70,0
11525,68,0
11526,70,0
11527,68,0
11528,72,0
11529,70,0
11530,70,0
11531,68,0
11532,72,0
11533,66,0
11534,70,0
11535,66,0
11536,70,0
11537,68,0
11538,72,0
11539,68,0
11540,70,0
11541,66,0
11542,70,0
11543,68,0
11544,70,0
11545,68,0
11546,70,0
11547,70,0
11548,70,0
11549,70,0
11550,70,0
11551,70,0
11552,66,0
11553,70,0
11554,70,0
11555,68,0
11556,68,0
11557,72,0
11558,70,0
11559,70,0
11560,68,0
11561,70,0
11562,70,0
11563,70,0
11564,68,0
11565,70,0
11566,70,0
11567,68,0
11568,70,0
11569,68,0
11570,70,0
11571,70,0
11572,72,0
11573,70,0
11574,70,0
11575,70,0
11576,70,0
11577,70,0
11578,70,0
11579,68,0
11580,70,0
11581,68,0
11582,72,0
11583,68,0
11584,70,0
11585,68,0
11586,70,0
11587,70,0
11588,70,0
11589,68,0
11590,70,0
11591,68,0
11592,72,0
11593,70,0
11594,68,0
11595,68,0
11596,70,0
11597,70,0
11598,70,0
11599,68,0
11600,68,0
11601,72,0
11602,68,0
11603,70,0
11604,68,0
11605,68,0
11606,70,0
11607,68,0
11608,68,0
11609,68,0
11610,70,0
11611,68,0
11612,68,0
11613,68,0
11614,70,0
11615,72,0
11616,68,0
11617,66,0
11618,70,0
11619,68,0
11620,66,0
11621,70,0
11622,66,0
11623,70,0
11624,70,0
11625,70,0
11626,68,0
11627,68,0
11628,68,0
11629,72,0
11630,68,0
11631,70,0
11632,68,0
11633,72,0
11634,68,0
11635,68,0
11636,68,0
11637,68,0
11638,68,0
11639,68,0
11640,70,0
11641,68,0
11642,66,0
11643,70,0
11644,68,0
11645,70,0
11646,68,0
11647,68,0
11648,66,0
11649,68,0
11650,68,0
11651,68,0
11652,68,0
11653,70,0
11654,66,0
11655,70,0
11656,70,0
11657,70,0
11658,66,0
11659,70,0
11660,70,0
11661,70,0
11662,68,0
11663,66,0
11664,68,0
11665,68,0
11666,68,0
11667,72,0
11668,68,0
11669,68,0
11670,68,0
11671,68,0
11672,70,0
11673,68,0
11674,68,0
11675,70,0
11676,70,0
11677,70,0
11678,68,0
11679,70,0
11680,68,0
11681,72,0
11682,70,0
11683,70,0
11684,70,0
11685,66,0
11686,70,0
11687,66,0
11688,70,0
11689,70,0
11690,70,0
11691,68,0
11692,68,0
11693,70,0
11694,70,0
11695,72,0
11696,68,0
11697,70,0
11698,66,0
11699,70,0
11700,70,0
11701,68,0
11702,70,0
11703,70,0
11704,68,0
11705,68,0
11706,70,0
11707,68,0
11708,70,0
11709,68,0
11710,70,0
11711,68,0
11712,68,0
11713,68,0
11714,68,0
11715,66,0
11716,70,0
11717,68,0
11718,68,0
11719,68,0
11720,66,0
11721,68,0
11722,70,0
11723,68,0
11724,68,0
11725,68,0
11726,68,0
11727,68,0
11728,68,0
11729,68,0
11730,68,0
11731,70,0
11732,68,0
11733,68,0
11734,66,0
11735,70,0
11736,68,0
11737,66,0
11738,68,0
11739,68,0
11740,70,0
11741,70,0
11742,68,0
11743,68,0
11744,68,0
11745,70,0
11746,70,0
11747,68,0
11748,68,0
11749,68,0
11750,70,0
11751,70,0
11752,68,0
11753,68,0
11754,68,0
11755,68,0
11756,70,0
11757,68,0
11758,68,0
11759,68,0
11760,68,0
11761,68,0
11762,68,0
11763,70,0
11764,68,0
11765,68,0
11766,68,0
11767,70,0
11768,70,0
11769,68,0
11770,68,0
11771,70,0
11772,70,0
11773,68,0
11774,68,0
11775,70,0
11776,70,0
11777,70,0
11778,68,0
11779,70,0
11780,70,0
11781,68,0
11782,68,0
11783,68,0
11784,70,0
11785,68,0
11786,68,0
11787,72,0
11788,68,0
11789,72,0
11790,68,0
11791,70,0
11792,70,0
11793,70,0
11794,70,0
11795,70,0
11796,70,0
11797,70,0
11798,70,0
11799,70,0
11800,70,0
11801,70,0
11802,70,0
11803,68,0
11804,70,0
11805,70,0
11806,70,0
11807,70,0
11808,70,0
11809,68,0
11810,68,0
11811,68,0
11812,68,0
11813,68,0
11814,70,0
11815,68,0
11816,68,0
11817,70,0
11818,70,0
11819,70,0
11820,68,0
11821,68,0
11822,70,0
11823,66,0
11824,66,0
11825,68,0
11826,70,0
11827,68,0
11828,66,0
11829,68,0
11830,70,0
11831,66,0
11832,72,0
11833,68,0
11834,68,0
11835,70,0
11836,68,0
11837,68,0
11838,70,0
11839,68,0
11840,66,0
11841,70,0
11842,70,0
11843,70,0
11844,70,0
11845,70,0
11846,66,0
11847,68,0
11848,70,0
11849,70,0
11850,68,0
11851,70,0
11852,68,0
11853,70,0
11854,68,0
11855,72,0
11856,70,0
11857,72,0
11858,70,0
11859,70,0
11860,70,0
11861,68,0
11862,70,0
11863,68,0
11864,70,0
11865,66,0
11866,70,0
11867,70,0
11868,68,0
11869,66,0
11870,68,0
11871,68,0
11872,68,0
11873,68,0
11874,70,0
11875,68,0
11876,70,0
11877,68,0
11878,66,0
11879,68,0
11880,70,0
11881,68,0
11882,70,0
11883,70,0
11884,70,0
11885,68,0
11886,70,0
11887,70,0
11888,68,0
11889,70,0
11890,70,0
11891,70,0
11892,68,0
11893,72,0
11894,68,0
11895,72,0
11896,68,0
11897,70,0
11898,68,0
11899,72,0
11900,68,0
11901,68,0
11902,70,0
11903,68,0
11904,70,0
11905,70,0
11906,70,0
11907,70,0
11908,68,0
11909,72,0
11910,68,0
11911,68,0
11912,70,0
11913,70,0
11914,68,0
11915,68,0
11916,70,0
11917,70,0
11918,68,0
11919,70,0
11920,68,0
11921,68,0
11922,70,0
11923,68,0
11924,70,0
11925,68,0
11926,68,0
11927,70,0
11928,70,0
11929,68,0
11930,68,0
11931,68,0
11932,70,0
11933,68,0
11934,70,0
11935,68,0
11936,68,0
11937,70,0
11938,68,0
11939,70,0
11940,66,0
11941,68,0
11942,68,0
11943,70,0
11944,68,0
11945,70,0
11946,68,0
11947,70,0
11948,70,0
11949,70,0
11950,70,0
11951,68,0
11952,70,0
11953,70,0
11954,68,0
11955,72,0
11956,70,0
11957,72,0
11958,68,0
11959,72,0
11960,68,0
11961,72,0
11962,68,0
11963,72,0
11964,68,0
11965,70,0
11966,68,0
11967,70,0
11968,68,0
11969,70,0
11970,70,0
11971,70,0
11972,68,0
11973,70,0
11974,70,0
11975,70,0
11976,66,0
11977,72,0
11978,68,0
11979,70,0
11980,68,0
11981,72,0
11982,68,0
11983,72,0
11984,68,0
11985,72,0
11986,68,0
11987,72,0
11988,68,0
11989,70,0
11990,70,0
11991,70,0
11992,66,0
11993,68,0
11994,70,0
11995,72,0
11996,68,0
11997,66,0
11998,70,0
11999,70,0
12000,68,0
12001,70,0
12002,68,0
12003,66,0
12004,68,0
12005,66,0
12006,68,0
12007,70,0
12008,70,0
12009,70,0
12010,70,0
12011,68,0
12012,68,0
12013,68,0
12014,68,0
12015,68,0
12016,70,0
12017,68,0
12018,68,0
12019,66,0
12020,68,0
12021,72,0
12022,70,0
12023,72,0
12024,66,0
12025,72,0
12026,68,0
12027,70,0
12028,70,0
12029,72,0
12030,68,0
12031,72,0
12032,68,0
12033,72,0
12034,68,0
12035,70,0
12036,68,0
12037,72,0
12038,68,0
12039,68,0
12040,68,0
12041,70,0
12042,68,0
12043,70,0
12044,68,0
12045,68,0
12046,70,0
12047,72,0
12048,68,0
12049,70,0
12050,70,0
12051,70,0
12052,68,0
12053,70,0
12054,68,0
12055,72,0
12056,70,0
12057,70,0
12058,68,0
12059,70,0
12060,70,0
12061,70,0
12062,68,0
12063,70,0
12064,68,0
12065,70,0
12066,68,0
12067,72,0
12068,68,0
12069,72,0
12070,70,0
12071,70,0
12072,68,0
12073,72,0
12074,68,0
12075,70,0
12076,68,0
12077,72,0
12078,70,0
12079,70,0
12080,68,0
12081,72,0
12082,66,0
12083,72,0
12084,68,0
12085,70,0
12086,70,0
12087,70,0
12088,68,0
12089,72,0
12090,70,0
12091,66,0
12092,70,0
12093,68,0
12094,70,0
12095,70,0
12096,70,0
12097,68,0
12098,70,0
12099,68,0
12100,68,0
12101,68,0
12102,68,0
12103,70,0
12104,68,0
12105,70,0
12106,68,0
12107,68,0
12108,68,0
12109,68,0
12110,70,0
12111,68,0
12112,70,0
12113,68,0
12114,70,0
12115,70,0
12116,68,0
12117,70,0
12118,68,0
12119,70,0
12120,68,0
12121,66,0
12122,68,0
12123,68,0
12124,68,0
12125,70,0
12126,68,0
12127,68,0
12128,68,0
12129,70,0
12130,68,0
12131,68,0
12132,68,0
12133,70,0
12134,68,0
12135,70,0
12136,68,0
12137,68,0
12138,68,0
12139,68,0
12140,68,0
12141,70,0
12142,68,0
12143,68,0
12144,70,0
12145,68,0
12146,66,0
12147,68,0
12148,68,0
12149,68,0
12150,68,0
12151,72,0
12152,68,0
12153,70,0
12154,70,0
12155,70,0
12156,70,0
12157,70,0
12158,70,0
12159,70,0
12160,68,0
12161,70,0
12162,70,0
12163,70,0
12164,68,0
12165,70,0
12166,68,0
12167,72,0
12168,68,0
12169,72,0
12170,68,0
12171,72,0
12172,68,0
12173,68,0
12174,66,0
12175,68,0
12176,70,0
12177,64,0
12178,68,0
12179,68,0
12180,68,0
12181,70,0
12182,70,0
12183,70,0
12184,68,0
12185,68,0
12186,70,0
12187,68,0
12188,68,0
12189,68,0
12190,66,0
12191,70,0
12192,68,0
12193,68,0
12194,70,0
12195,68,0
12196,70,0
12197,68,0
12198,68,0
12199,66,0
12200,70,0
12201,68,0
12202,68,0
12203,68,0
12204,68,0
12205,68,0
12206,70,0
12207,70,0
12208,70,0
12209,68,0
12210,70,0
12211,66,0
12212,68,0
12213,70,0
12214,68,0
12215,70,0
12216,70,0
12217,70,0
12218,68,0
12219,70,0
12220,68,0
12221,68,0
12222,68,0
12223,70,0
12224,70,0
12225,70,0
12226,68,0
12227,68,0
12228,68,0
12229,68,0
12230,70,0
12231,70,0
12232,70,0
12233,68,0
12234,68,0
12235,68,0
12236,68,0
12237,68,0
12238,68,0
12239,68,0
12240,68,0
12241,68,0
12242,68,0
12243,68,0
12244,70,0
12245,68,0
12246,68,0
12247,66,0
12248,66,0
12249,70,0
12250,70,0
12251,70,0
12252,72,0
12253,68,0
12254,68,0
12255,70,0
12256,70,0
12257,66,0
12258,68,0
12259,68,0
12260,68,0
12261,68,0
12262,68,0
12263,70,0
12264,70,0
12265,66,0
12266,66,0
12267,70,0
12268,68,0
12269,72,0
12270,68,0
12271,68,0
12272,68,0
12273,70,0
12274,66,0
12275,66,0
12276,66,0
12277,66,0
12278,66,0
12279,66,0
12280,68,0
12281,68,0
12282,68,0
12283,66,0
12284,66,0
12285,68,0
12286,66,0
12287,66,0
12288,68,0
12289,68,0
12290,68,0
12291,68,0
12292,72,0
12293,68,0
12294,68,0
12295,68,0
12296,70,0
12297,68,0
12298,72,0
12299,70,0
12300,70,0
12301,66,0
12302,68,0
12303,66,0
12304,66,0
12305,68,0
12306,70,0
12307,70,0
12308,68,0
12309,70,0
12310,68,0
12311,66,0
12312,68,0
12313,68,0
12314,70,0
12315,68,0
12316,70,0
12317,68,0
12318,68,0
12319,70,0
12320,70,0
12321,68,0
12322,70,0
12323,70,0
12324,66,0
12325,68,0
12326,70,0
12327,72,0
12328,70,0
12329,70,0
12330,70,0
12331,68,0
12332,70,0
12333,70,0
12334,68,0
12335,66,0
12336,68,0
12337,68,0
12338,70,0
12339,70,0
12340,72,0
12341,68,0
12342,68,0
12343,68,0
12344,68,0
12345,68,0
12346,70,0
12347,70,0
12348,68,0
12349,68,0
12350,68,0
12351,68,0
12352,70,0
12353,70,0
12354,70,0
12355,70,0
12356,70,0
12357,66,0
12358,68,0
12359,68,0
12360,68,0
12361,68,0
12362,70,0
12363,68,0
12364,70,0
12365,70,0
12366,70,0
12367,68,0
12368,70,0
12369,68,0
12370,68,0
12371,66,0
12372,68,0
12373,68,0
12374,68,0
12375,70,0
12376,70,0
12377,68,0
12378,68,0
12379,66,0
12380,68,0
12381,68,0
12382,70,0
12383,68,0
12384,68,0
12385,68,0
12386,68,0
12387,66,0
12388,66,0
12389,68,0
12390,68,0
12391,70,0
12392,66,0
12393,68,0
12394,68,0
12395,68,0
12396,70,0
12397,70,0
12398,70,0
12399,68,0
12400,68,0
12401,70,0
12402,68,0
12403,68,0
12404,68,0
12405,68,0
12406,70,0
12407,68,0
12408,68,0
12409,68,0
12410,70,0
12411,70,0
12412,70,0
12413,70,0
12414,68,0
12415,70,0
12416,70,0
12417,68,0
12418,68,0
12419,70,0
12420,68,0
12421,68,0
12422,68,0
12423,70,0
12424,70,0
12425,68,0
12426,68,0
12427,68,0
12428,68,0
12429,68,0
12430,68,0
12431,68,0
12432,68,0
12433,68,0
12434,70,0
12435,68,0
12436,68,0
12437,68,0
12438,70,0
12439,70,0
12440,68,0
12441,68,0
12442,68,0
12443,68,0
12444,68,0
12445,68,0
12446,66,0
12447,64,0
12448,66,0
12449,70,0
12450,70,0
12451,70,0
12452,66,0
12453,70,0
12454,70,0
12455,66,0
12456,68,0
12457,68,0
12458,66,0
12459,68,0
12460,68,0
12461,68,0
12462,70,0
12463,70,0
12464,68,0
12465,70,0
12466,68,0
12467,68,0
12468,68,0
12469,70,0
12470,70,0
12471,70,0
12472,68,0
12473,68,0
12474,70,0
12475,66,0
12476,64,0
12477,70,0
12478,70,0
12479,70,0
12480,68,0
12481,66,0
12482,70,0
12483,68,0
12484,68,0
12485,70,0
12486,70,0
12487,70,0
12488,70,0
12489,70,0
12490,68,0
12491,68,0
12492,68,0
12493,68,0
12494,68,0
12495,68,0
12496,66,0
12497,68,0
12498,68,0
12499,66,0
12500,68,0
12501,68,0
12502,72,0
12503,70,0
12504,68,0
12505,68,0
12506,68,0
12507,70,0
12508,68,0
12509,68,0
12510,70,0
12511,68,0
12512,68,0
12513,70,0
12514,68,0
12515,70,0
12516,70,0
12517,68,0
12518,70,0
12519,68,0
12520,70,0
12521,70,0
12522,70,0
12523,70,0
12524,68,0
12525,68,0
12526,68,0
12527,70,0
12528,70,0
12529,68,0
12530,68,0
12531,68,0
12532,68,0
12533,68,0
12534,68,0
12535,68,0
12536,70,0
12537,68,0
12538,68,0
12539,70,0
12540,70,0
12541,68,0
12542,68,0
12543,68,0
12544,70,0
12545,70,0
12546,68,0
12547,68,0
12548,70,0
12549,70,0
12550,68,0
12551,68,0
12552,70,0
12553,70,0
12554,68,0
12555,70,0
12556,68,0
12557,70,0
12558,68,0
12559,68,0
12560,70,0
12561,70,0
12562,68,0
12563,68,0
12564,68,0
12565,70,0
12566,68,0
12567,70,0
12568,68,0
12569,66,0
12570,70,0
12571,68,0
12572,70,0
12573,70,0
12574,68,0
12575,68,0
12576,68,0
12577,70,0
12578,66,0
12579,70,0
12580,68,0
12581,70,0
12582,70,0
12583,68,0
12584,70,0
12585,68,0
12586,68,0
12587,68,0
12588,70,0
12589,70,0
12590,70,0
12591,70,0
12592,70,0
12593,68,0
12594,68,0
12595,68,0
12596,70,0
12597,66,0
12598,68,0
12599,68,0
12600,68,0
12601,70,0
12602,72,0
12603,68,0
12604,68,0
12605,70,0
12606,68,0
12607,66,0
12608,70,0
12609,68,0
12610,70,0
12611,68,0
12612,70,0
12613,70,0
12614,68,0
12615,66,0
12616,70,0
12617,68,0
12618,68,0
12619,70,0
12620,68,0
12621,68,0
12622,70,0
12623,68,0
12624,66,0
12625,68,0
12626,68,0
12627,70,0
12628,68,0
12629,70,0
12630,70,0
12631,70,0
12632,68,0
12633,70,0
12634,66,0
12635,68,0
12636,68,0
12637,66,0
12638,70,0
12639,68,0
12640,70,0
12641,68,0
12642,70,0
12643,70,0
12644,68,0
12645,70,0
12646,70,0
12647,68,0
12648,68,0
12649,66,0
12650,68,0
12651,68,0
12652,68,0
12653,70,0
12654,70,0
12655,68,0
12656,68,0
12657,66,0
12658,68,0
12659,66,0
12660,68,0
12661,68,0
12662,68,0
12663,70,0
12664,70,0
12665,68,0
12666,68,0
12667,68,0
12668,68,0
12669,68,0
12670,70,0
12671,70,0
12672,68,0
12673,70,0
12674,68,0
12675,66,0
12676,70,0
12677,70,0
12678,70,0
12679,66,0
12680,66,0
12681,68,0
12682,70,0
12683,70,0
12684,70,0
12685,68,0
12686,70,0
12687,68,0
12688,70,0
12689,68,0
12690,68,0
12691,70,0
12692,68,0
12693,66,0
12694,68,0
12695,68,0
12696,68,0
12697,68,0
12698,68,0
12699,70,0
12700,68,0
12701,70,0
12702,68,0
12703,68,0
12704,68,0
12705,68,0
12706,70,0
12707,70,0
12708,70,0
12709,66,0
12710,68,0
12711,68,0
12712,66,0
12713,68,0
12714,68,0
12715,66,0
12716,68,0
12717,66,0
12718,66,0
12719,66,0
12720,68,0
12721,68,0
12722,66,0
12723,66,0
12724,68,0
12725,66,0
12726,68,0
12727,66,0
12728,66,0
12729,68,0
12730,68,0
12731,68,0
12732,66,0
12733,66,0
12734,68,0
12735,68,0
12736,66,0
12737,66,0
12738,68,0
12739,68,0
12740,68,0
12741,68,0
12742,68,0
12743,68,0
12744,68,0
12745,68,0
12746,68,0
12747,70,0
12748,70,0
12749,68,0
12750,68,0
12751,70,0
12752,70,0
12753,68,0
12754,70,0
12755,70,0
12756,70,0
12757,68,0
12758,68,0
12759,68,0
12760,68,0
12761,70,0
12762,68,0
12763,68,0
12764,68,0
12765,68,0
12766,66,0
12767,66,0
12768,68,0
12769,70,0
12770,68,0
12771,70,0
12772,68,0
12773,68,0
12774,68,0
12775,68,0
12776,68,0
12777,68,0
12778,72,0
12779,68,0
12780,68,0
12781,68,0
12782,68,0
12783,70,0
12784,68,0
12785,68,0
12786,70,0
12787,68,0
12788,68,0
12789,66,0
12790,68,0
12791,68,0
12792,68,0
12793,68,0
12794,70,0
12795,70,0
12796,70,0
12797,68,0
12798,70,0
12799,66,0
12800,66,0
12801,68,0
12802,66,0
12803,68,0
12804,66,0
12805,68,0
12806,68,0
12807,68,0
12808,68,0
12809,68,0
12810,68,0
12811,66,0
12812,66,0
12813,68,0
12814,68,0
12815,68,0
12816,70,0
12817,70,0
12818,68,0
12819,68,0
12820,66,0
12821,68,0
12822,70,0
12823,68,0
12824,70,0
12825,70,0
12826,68,0
12827,68,0
12828,70,0
12829,66,0
12830,68,0
12831,68,0
12832,68,0
12833,68,0
12834,68,0
12835,68,0
12836,70,0
12837,68,0
12838,70,0
12839,66,0
12840,70,0
12841,68,0
12842,68,0
12843,68,0
12844,70,0
12845,68,0
12846,70,0
12847,70,0
12848,70,0
12849,68,0
12850,70,0
12851,70,0
12852,70,0
12853,66,0
12854,70,0
12855,68,0
12856,70,0
12857,64,0
12858,68,0
12859,68,0
12860,70,0
12861,68,0
12862,68,0
12863,68,0
12864,68,0
12865,68,0
12866,70,0
12867,68,0
12868,70,0
12869,68,0
12870,68,0
12871,70,0
12872,68,0
12873,68,0
12874,68,0
12875,68,0
12876,70,0
12877,68,0
12878,68,0
12879,70,0
12880,70,0
12881,68,0
12882,68,0
12883,70,0
12884,70,0
12885,68,0
12886,70,0
12887,68,0
12888,68,0
12889,70,0
12890,70,0
12891,68,0
12892,68,0
12893,70,0
12894,70,0
12895,68,0
12896,68,0
12897,70,0
12898,68,0
12899,68,0
12900,68,0
12901,66,0
12902,68,0
12903,68,0
12904,70,0
12905,68,0
12906,68,0
12907,70,0
12908,70,0
12909,68,0
12910,68,0
12911,70,0
12912,70,0
12913,68,0
12914,70,0
12915,68,0
12916,70,0
12917,70,0
12918,66,0
12919,68,0
12920,68,0
12921,68,0
12922,66,0
12923,68,0
12924,68,0
12925,68,0
12926,68,0
12927,68,0
12928,68,0
12929,70,0
12930,66,0
12931,66,0
12932,68,0
12933,70,0
12934,66,0
12935,64,0
12936,68,0
12937,68,0
12938,70,0
12939,70,0
12940,68,0
12941,68,0
12942,68,0
12943,66,0
12944,68,0
12945,68,0
12946,70,0
12947,68,0
12948,68,0
12949,70,0
12950,68,0
12951,68,0
12952,70,0
12953,68,0
12954,68,0
12955,66,0
12956,68,0
12957,64,0
12958,68,0
12959,66,0
12960,70,0
12961,68,0
12962,64,0
12963,68,0
12964,70,0
12965,68,0
12966,70,0
12967,68,0
12968,68,0
12969,70,0
12970,70,0
12971,70,0
12972,66,0
12973,68,0
12974,66,0
12975,68,0
12976,68,0
12977,70,0
12978,68,0
12979,68,0
12980,68,0
12981,66,0
12982,68,0
12983,66,0
12984,68,0
12985,68,0
12986,70,0
12987,66,0
12988,66,0
12989,68,0
12990,68,0
12991,64,0
12992,66,0
12993,66,0
12994,70,0
12995,66,0
12996,70,0
12997,70,0
12998,68,0
12999,66,0
13000,68,0
13001,68,0
13002,66,0
13003,66,0
13004,68,0
13005,68,0
13006,68,0
13007,70,0
13008,68,0
13009,70,0
13010,70,0
13011,66,0
13012,68,0
13013,66,0
13014,68,0
13015,66,0
13016,66,0
13017,68,0
13018,68,0
13019,70,0
13020,70,0
13021,66,0
13022,68,0
13023,66,0
13024,68,0
13025,70,0
13026,68,0
13027,68,0
13028,70,0
13029,70,0
13030,68,0
13031,66,0
13032,66,0
13033,68,0
13034,70,0
13035,70,0
13036,68,0
13037,70,0
13038,68,0
13039,68,0
13040,70,0
13041,68,0
13042,70,0
13043,68,0
13044,68,0
13045,66,0
13046,70,0
13047,66,0
13048,70,0
13049,68,0
13050,66,0
13051,66,0
13052,68,0
13053,68,0
13054,68,0
13055,68,0
13056,66,0
13057,66,0
13058,68,0
13059,68,0
13060,68,0
13061,68,0
13062,68,0
13063,66,0
13064,68,0
13065,68,0
13066,68,0
13067,68,0
13068,68,0
13069,68,0
13070,66,0
13071,66,0
13072,66,0
13073,70,0
13074,68,0
13075,68,0
13076,68,0
13077,68,0
13078,68,0
13079,70,0
13080,70,0
13081,68,0
13082,68,0
13083,66,0
13084,68,0
13085,68,0
13086,68,0
13087,70,0
13088,70,0
13089,70,0
13090,70,0
13091,68,0
13092,66,0
13093,68,0
13094,66,0
13095,66,0
13096,70,0
13097,66,0
13098,70,0
13099,70,0
13100,68,0
13101,68,0
13102,68,0
13103,70,0
13104,70,0
13105,68,0
13106,68,0
13107,70,0
13108,64,0
13109,68,0
13110,68,0
13111,68,0
13112,66,0
13113,68,0
13114,68,0
13115,68,0
13116,68,0
13117,66,0
13118,66,0
13119,68,0
13120,68,0
13121,68,0
13122,70,0
13123,70,0
13124,66,0
13125,66,0
13126,66,0
13127,68,0
13128,70,0
13129,68,0
13130,68,0
13131,68,0
13132,66,0
13133,66,0
13134,66,0
13135,66,0
13136,66,0
13137,68,0
13138,70,0
13139,70,0
13140,68,0
13141,66,0
13142,70,0
13143,68,0
13144,68,0
13145,68,0
13146,68,0
13147,70,0
13148,68,0
13149,66,0
13150,70,0
13151,66,0
13152,66,0
13153,68,0
13154,66,0
13155,70,0
13156,70,0
13157,68,0
13158,68,0
13159,70,0
13160,68,0
13161,66,0
13162,66,0
13163,68,0
13164,68,0
13165,70,0
13166,70,0
13167,68,0
13168,70,0
13169,66,0
13170,68,0
13171,70,0
13172,68,0
13173,68,0
13174,64,0
13175,68,0
13176,68,0
13177,68,0
13178,66,0
13179,68,0
13180,68,0
13181,66,0
13182,68,0
13183,68,0
13184,64,0
13185,66,0
13186,68,0
13187,70,0
13188,68,0
13189,68,0
13190,70,0
13191,68,0
13192,70,0
13193,68,0
13194,68,0
13195,70,0
13196,68,0
13197,66,0
13198,68,0
13199,70,0
13200,70,0
13201,68,0
13202,70,0
13203,68,0
13204,68,0
13205,68,0
13206,70,0
13207,72,0
13208,68,0
13209,68,0
13210,68,0
13211,68,0
13212,68,0
13213,68,0
13214,68,0
13215,70,0
13216,70,0
13217,68,0
13218,66,0
13219,68,0
13220,70,0
13221,68,0
13222,68,0
13223,68,0
13224,66,0
13225,68,0
13226,68,0
13227,66,0
13228,68,0
13229,68,0
13230,68,0
13231,68,0
13232,68,0
13233,66,0
13234,70,0
13235,68,0
13236,66,0
13237,66,0
13238,68,0
13239,68,0
13240,70,0
13241,70,0
13242,68,0
13243,68,0
13244,70,0
13245,66,0
13246,68,0
13247,68,0
13248,66,0
13249,66,0
13250,68,0
13251,68,0
13252,64,0
13253,66,0
13254,68,0
13255,68,0
13256,66,0
13257,72,0
13258,68,0
13259,68,0
13260,64,0
13261,66,0
13262,68,0
13263,66,0
13264,68,0
13265,70,0
13266,64,0
13267,70,0
13268,66,0
13269,68,0
13270,68,0
13271,68,0
13272,66,0
13273,70,0
13274,68,0
13275,68,0
13276,68,0
13277,68,0
13278,68,0
13279,66,0
13280,68,0
13281,68,0
13282,68,0
13283,70,0
13284,70,0
13285,66,0
13286,64,0
13287,68,0
13288,68,0
13289,66,0
13290,70,0
13291,70,0
13292,66,0
13293,66,0
13294,66,0
13295,68,0
13296,70,0
13297,68,0
13298,70,0
13299,70,0
13300,70,0
13301,68,0
13302,66,0
13303,68,0
13304,68,0
13305,70,0
13306,68,0
13307,68,0
13308,70,0
13309,70,0
13310,68,0
13311,68,0
13312,68,0
13313,66,0
13314,68,0
13315,68,0
13316,68,0
13317,66,0
13318,70,0
13319,70,0
13320,68,0
13321,70,0
13322,68,0
13323,64,0
13324,70,0
13325,66,0
13326,72,0
13327,70,0
13328,68,0
13329,68,0
13330,70,0
13331,68,0
13332,66,0
13333,68,0
13334,68,0
13335,68,0
13336,68,0
13337,70,0
13338,68,0
13339,68,0
13340,68,0
13341,68,0
13342,68,0
13343,68,0
13344,70,0
13345,68,0
13346,66,0
13347,68,0
13348,68,0
13349,72,0
13350,68,0
13351,70,0
13352,68,0
13353,70,0
13354,68,0
13355,66,0
13356,66,0
13357,70,0
13358,68,0
13359,68,0
13360,70,0
13361,70,0
13362,68,0
13363,68,0
13364,68,0
13365,68,0
13366,72,0
13367,68,0
13368,68,0
13369,70,0
13370,68,0
13371,70,0
13372,68,0
13373,68,0
13374,70,0
13375,70,0
13376,66,0
13377,68,0
13378,70,0
13379,68,0
13380,68,0
13381,68,0
13382,70,0
13383,68,0
13384,68,0
13385,68,0
13386,66,0
13387,68,0
13388,68,0
13389,66,0
13390,66,0
13391,70,0
13392,68,0
13393,68,0
13394,66,0
13395,66,0
13396,68,0
13397,68,0
13398,68,0
13399,68,0
13400,68,0
13401,66,0
13402,66,0
13403,68,0
13404,68,0
13405,70,0
13406,66,0
13407,68,0
13408,66,0
13409,66,0
13410,68,0
13411,66,0
13412,70,0
13413,68,0
13414,66,0
13415,72,0
13416,66,0
13417,68,0
13418,68,0
13419,70,0
13420,66,0
13421,68,0
13422,68,0
13423,66,0
13424,68,0
13425,66,0
13426,66,0
13427,68,0
13428,66,0
13429,66,0
13430,66,0
13431,66,0
13432,68,0
13433,68,0
13434,70,0
13435,66,0
13436,68,0
13437,66,0
13438,66,0
13439,66,0
13440,68,0
13441,66,0
13442,68,0
13443,68,0
13444,66,0
13445,66,0
13446,70,0
13447,70,0
13448,66,0
13449,66,0
13450,66,0
13451,70,0
13452,64,0
13453,68,0
13454,68,0
13455,66,0
13456,68,0
13457,68,0
13458,68,0
13459,66,0
13460,68,0
13461,68,0
13462,66,0
13463,66,0
13464,68,0
13465,66,0
13466,68,0
13467,68,0
13468,70,0
13469,68,0
13470,66,0
13471,66,0
13472,68,0
13473,66,0
13474,66,0
13475,66,0
13476,70,0
13477,66,0
13478,70,0
13479,68,0
13480,70,0
13481,70,0
13482,68,0
13483,68,0
13484,66,0
13485,68,0
13486,70,0
13487,68,0
13488,68,0
13489,66,0
13490,68,0
13491,68,0
13492,70,0
13493,70,0
13494,68,0
13495,68,0
13496,68,0
13497,66,0
13498,68,0
13499,68,0
13500,70,0
13501,70,0
13502,66,0
13503,68,0
13504,66,0
13505,68,0
13506,68,0
13507,70,0
13508,68,0
13509,66,0
13510,70,0
13511,66,0
13512,68,0
13513,66,0
13514,70,0
13515,66,0
13516,68,0
13517,68,0
13518,68,0
13519,68,0
13520,70,0
13521,68,0
13522,68,0
13523,68,0
13524,70,0
13525,68,0
13526,64,0
13527,68,0
13528,68,0
13529,68,0
13530,68,0
13531,70,0
13532,68,0
13533,68,0
13534,68,0
13535,68,0
13536,66,0
13537,68,0
13538,68,0
13539,66,0
13540,68,0
13541,66,0
13542,70,0
13543,66,0
13544,68,0
13545,68,0
13546,70,0
13547,68,0
13548,68,0
13549,66,0
13550,68,0
13551,68,0
13552,68,0
13553,68,0
13554,68,0
13555,66,0
13556,66,0
13557,68,0
13558,66,0
13559,66,0
13560,68,0
13561,68,0
13562,68,0
13563,68,0
13564,66,0
13565,66,0
13566,66,0
13567,66,0
13568,70,0
13569,68,0
13570,68,0
13571,66,0
13572,68,0
13573,70,0
13574,68,0
13575,68,0
13576,70,0
13577,68,0
13578,70,0
13579,68,0
13580,66,0
13581,66,0
13582,68,0
13583,66,0
13584,70,0
13585,66,0
13586,68,0
13587,68,0
13588,68,0
13589,70,0
13590,68,0
13591,66,0
13592,66,0
13593,66,0
13594,64,0
13595,68,0
13596,64,0
13597,68,0
13598,68,0
13599,70,0
13600,68,0
13601,70,0
13602,70,0
13603,68,0
13604,68,0
13605,66,0
13606,68,0
13607,70,0
13608,66,0
13609,66,0
13610,70,0
13611,68,0
13612,66,0
13613,68,0
13614,66,0
13615,66,0
13616,68,0
13617,68,0
13618,70,0
13619,68,0
13620,68,0
13621,66,0
13622,68,0
13623,70,0
13624,68,0
13625,68,0
13626,68,0
13627,70,0
13628,70,0
13629,68,0
13630,68,0
13631,68,0
13632,66,0
13633,70,0
13634,68,0
13635,68,0
13636,70,0
13637,70,0
13638,66,0
13639,68,0
13640,66,0
13641,68,0
13642,66,0
13643,70,0
13644,70,0
13645,68,0
13646,68,0
13647,66,0
13648,66,0
13649,68,0
13650,68,0
13651,68,0
13652,70,0
13653,70,0
13654,66,0
13655,68,0
13656,66,0
13657,68,0
13658,66,0
13659,66,0
13660,66,0
13661,68,0
13662,70,0
13663,68,0
13664,68,0
13665,68,0
13666,66,0
13667,74,0
13668,68,0
13669,68,0
13670,70,0
13671,68,0
13672,68,0
13673,70,0
13674,70,0
13675,70,0
13676,70,0
13677,70,0
13678,68,0
13679,70,0
13680,70,0
13681,68,0
13682,68,0
13683,68,0
13684,70,0
13685,66,0
13686,68,0
13687,68,0
13688,70,0
13689,68,0
13690,68,0
13691,68,0
13692,70,0
13693,68,0
13694,68,0
13695,70,0
13696,68,0
13697,68,0
13698,68,0
13699,66,0
13700,68,0
13701,68,0
13702,68,0
13703,70,0
13704,70,0
13705,70,0
13706,68,0
13707,68,0
13708,68,0
13709,70,0
13710,68,0
13711,68,0
13712,68,0
13713,70,0
13714,66,0
13715,68,0
13716,70,0
13717,66,0
13718,70,0
13719,70,0
13720,70,0
13721,70,0
13722,68,0
13723,68,0
13724,66,0
13725,70,0
13726,66,0
13727,70,0
13728,66,0
13729,68,0
13730,68,0
13731,68,0
13732,66,0
13733,66,0
13734,68,0
13735,68,0
13736,70,0
13737,70,0
13738,68,0
13739,66,0
13740,68,0
13741,68,0
13742,70,0
13743,66,0
13744,68,0
13745,70,0
13746,66,0
13747,70,0
13748,70,0
13749,70,0
13750,68,0
13751,70,0
13752,70,0
13753,66,0
13754,70,0
13755,68,0
13756,68,0
13757,66,0
13758,66,0
13759,66,0
13760,66,0
13761,68,0
13762,70,0
13763,70,0
13764,68,0
13765,66,0
13766,68,0
13767,68,0
13768,66,0
13769,68,0
13770,70,0
13771,64,0
13772,68,0
13773,70,0
13774,68,0
13775,68,0
13776,70,0
13777,70,0
13778,68,0
13779,70,0
13780,68,0
13781,68,0
13782,70,0
13783,66,0
13784,68,0
13785,68,0
13786,68,0
13787,66,0
13788,70,0
13789,68,0
13790,70,0
13791,66,0
13792,68,0
13793,68,0
13794,68,0
13795,68,0
13796,70,0
13797,68,0
13798,68,0
13799,70,0
13800,68,0
13801,70,0
13802,70,0
13803,68,0
13804,68,0
13805,70,0
13806,68,0
13807,70,0
13808,70,0
13809,68,0
13810,70,0
13811,68,0
13812,70,0
13813,68,0
13814,68,0
13815,70,0
13816,68,0
13817,68,0
13818,70,0
13819,66,0
13820,70,0
13821,68,0
13822,70,0
13823,68,0
13824,68,0
13825,66,0
13826,66,0
13827,70,0
13828,64,0
13829,68,0
13830,68,0
13831,70,0
13832,68,0
13833,68,0
13834,68,0
13835,70,0
13836,68,0
13837,66,0
13838,68,0
13839,70,0
13840,68,0
13841,70,0
13842,68,0
13843,68,0
13844,68,0
13845,70,0
13846,68,0
13847,68,0
13848,70,0
13849,66,0
13850,70,0
13851,68,0
13852,68,0
13853,68,0
13854,70,0
13855,68,0
13856,70,0
13857,68,0
13858,70,0
13859,70,0
13860,70,0
13861,68,0
13862,66,0
13863,68,0
13864,68,0
13865,70,0
13866,68,0
13867,68,0
13868,68,0
13869,68,0
13870,68,0
13871,70,0
13872,68,0
13873,66,0
13874,68,0
13875,70,0
13876,68,0
13877,68,0
13878,70,0
13879,66,0
13880,70,0
13881,68,0
13882,70,0
13883,68,0
13884,68,0
13885,70,0
13886,68,0
13887,68,0
13888,66,0
13889,68,0
13890,70,0
13891,70,0
13892,70,0
13893,70,0
13894,68,0
13895,68,0
13896,70,0
13897,70,0
13898,68,0
13899,70,0
13900,68,0
13901,72,0
13902,70,0
13903,68,0
13904,70,0
13905,68,0
13906,68,0
13907,70,0
13908,68,0
13909,68,0
13910,70,0
13911,68,0
13912,68,0
13913,70,0
13914,68,0
13915,68,0
13916,66,0
13917,70,0
13918,70,0
13919,70,0
13920,68,0
13921,66,0
13922,68,0
13923,68,0
13924,66,0
13925,70,0
13926,70,0
13927,68,0
13928,68,0
13929,68,0
13930,66,0
13931,68,0
13932,70,0
13933,68,0
13934,68,0
13935,70,0
13936,68,0
13937,70,0
13938,68,0
13939,70,0
13940,70,0
13941,68,0
13942,66,0
13943,68,0
13944,70,0
13945,70,0
13946,68,0
13947,68,0
13948,68,0
13949,70,0
13950,68,0
13951,68,0
13952,70,0
13953,70,0
13954,68,0
13955,68,0
13956,68,0
13957,70,0
13958,68,0
13959,70,0
13960,68,0
13961,68,0
13962,68,0
13963,68,0
13964,70,0
13965,68,0
13966,68,0
13967,68,0
13968,68,0
13969,68,0
13970,70,0
13971,70,0
13972,68,0
13973,70,0
13974,70,0
13975,70,0
13976,68,0
13977,70,0
13978,66,0
13979,70,0
13980,68,0
13981,70,0
13982,66,0
13983,70,0
13984,66,0
13985,70,0
13986,68,0
13987,70,0
13988,70,0
13989,68,0
13990,68,0
13991,68,0
13992,70,0
13993,68,0
13994,68,0
13995,68,0
13996,68,0
13997,70,0
13998,68,0
13999,72,0
14000,70,0
14001,70,0
14002,68,0
14003,68,0
14004,68,0
14005,70,0
14006,66,0
14007,70,0
14008,66,0
14009,68,0
14010,70,0
14011,68,0
14012,70,0
14013,68,0
14014,68,0
14015,70,0
14016,68,0
14017,68,0
14018,68,0
14019,70,0
14020,68,0
14021,70,0
14022,68,0
14023,70,0
14024,68,0
14025,70,0
14026,66,0
14027,68,0
14028,70,0
14029,68,0
14030,68,0
14031,70,0
14032,66,0
14033,68,0
14034,66,0
14035,68,0
14036,70,0
14037,68,0
14038,68,0
14039,70,0
14040,68,0
14041,70,0
14042,68,0
14043,70,0
14044,70,0
14045,70,0
14046,66,0
14047,70,0
14048,70,0
14049,68,0
14050,70,0
14051,70,0
14052,68,0
14053,68,0
14054,70,0
14055,68,0
14056,70,0
14057,66,0
14058,68,0
14059,66,0
14060,68,0
14061,68,0
14062,68,0
14063,68,0
14064,70,0
14065,68,0
14066,68,0
14067,68,0
14068,80,0
14069,72,0
14070,72,0
14071,68,0
14072,72,0
14073,82,0
14074,76,0
14075,78,0
14076,76,0
14077,72,0
14078,70,0
14079,72,0
14080,72,0
14081,614,1
14082,68,0
14083,64,0
14084,64,0
14085,68,0
14086,80,0
14087,68,0
14088,74,0
14089,72,0
14090,70,0
14091,82,0
14092,80,0
14093,70,0
14094,68,0
14095,68,0
14096,70,0
14097,72,0
14098,70,0
14099,74,0
14100,70,0
14101,70,0
14102,68,0
14103,80,0
14104,68,0
14105,72,0
14106,68,0
14107,76,0
14108,70,0
14109,68,0
14110,68,0
14111,68,0
14112,74,0
14113,76,0
14114,68,0
14115,70,0
14116,68,0
14117,68,0
14118,82,0
14119,78,0
14120,78,0
14121,74,0
14122,72,0
14123,78,0
14124,70,0
14125,70,0
14126,74,0
14127,76,0
14128,68,0
14129,72,0
14130,68,0
14131,70,0
14132,72,0
14133,70,0
14134,68,0
14135,70,0
14136,68,0
14137,68,0
14138,68,0
14139,78,0
14140,68,0
14141,74,0
14142,68,0
14143,72,0
14144,70,0
14145,70,0
14146,68,0
14147,66,0
14148,74,0
14149,68,0
14150,68,0
14151,68,0
14152,68,0
14153,74,0
14154,68,0
14155,70,0
14156,76,0
14157,72,0
14158,68,0
14159,82,0
14160,82,0
14161,70,0
14162,70,0
14163,66,0
14164,66,0
14165,68,0
14166,68,0
14167,66,0
14168,74,0
14169,68,0
14170,72,0
14171,76,0
14172,76,0
14173,72,0
14174,82,0
14175,70,0
14176,74,0
14177,78,0
14178,78,0
14179,74,0
14180,76,0
14181,88,0
14182,80,0
14183,96,0
14184,76,0
14185,78,0
14186,86,0
14187,78,0
14188,78,0
14189,76,0
14190,68,0
14191,68,0
14192,70,0
14193,80,0
14194,70,0
14195,74,0
14196,72,0
14197,68,0
14198,76,0
14199,74,0
14200,66,0
14201,72,0
14202,70,0
14203,74,0
14204,76,0
14205,74,0
14206,74,0
14207,74,0
14208,78,0
14209,70,0
14210,68,0
14211,74,0
14212,74,0
14213,72,0
14214,70,0
14215,74,0
14216,70,0
14217,78,0
14218,72,0
14219,76,0
14220,72,0
14221,72,0
14222,72,0
14223,76,0
14224,88,0
14225,72,0
14226,70,0
14227,68,0
14228,72,0
14229,72,0
14230,66,0
14231,66,0
14232,68,0
14233,70,0
14234,68,0
14235,66,0
14236,70,0
14237,70,0
14238,70,0
14239,68,0
14240,68,0
14241,66,0
14242,68,0
14243,68,0
14244,68,0
14245,68,0
14246,72,0
14247,70,0
14248,68,0
14249,68,0
14250,68,0
14251,68,0
14252,70,0
14253,68,0
14254,70,0
14255,68,0
14256,68,0
14257,70,0
14258,70,0
14259,70,0
14260,70,0
14261,70,0
14262,70,0
14263,70,0
14264,70,0
14265,68,0
14266,68,0
14267,68,0
14268,68,0
14269,70,0
14270,70,0
14271,68,0
14272,66,0
14273,70,0
14274,70,0
14275,70,0
14276,68,0
14277,70,0
14278,70,0
14279,68,0
14280,66,0
14281,68,0
14282,68,0
14283,70,0
14284,68,0
14285,70,0
14286,68,0
14287,68,0
14288,70,0
14289,68,0
14290,70,0
14291,72,0
14292,68,0
14293,70,0
14294,68,0
14295,70,0
14296,66,0
14297,68,0
14298,70,0
14299,68,0
14300,68,0
14301,68,0
14302,68,0
14303,70,0
14304,68,0
14305,68,0
14306,68,0
14307,70,0
14308,68,0
14309,70,0
14310,70,0
14311,66,0
14312,68,0
14313,70,0
14314,68,0
14315,70,0
14316,70,0
14317,68,0
14318,70,0
14319,68,0
14320,68,0
14321,68,0
14322,68,0
14323,68,0
14324,70,0
14325,68,0
14326,68,0
14327,70,0
14328,68,0
14329,68,0
14330,68,0
14331,70,0
14332,70,0
14333,68,0
14334,68,0
14335,68,0
14336,68,0
14337,70,0
14338,68,0
14339,70,0
14340,70,0
14341,70,0
14342,68,0
14343,68,0
14344,68,0
14345,70,0
14346,68,0
14347,70,0
14348,70,0
14349,68,0
14350,68,0
14351,70,0
14352,68,0
14353,68,0
14354,68,0
14355,70,0
14356,70,0
14357,68,0
14358,70,0
14359,68,0
14360,70,0
14361,68,0
14362,68,0
14363,68,0
14364,70,0
14365,70,0
14366,68,0
14367,68,0
14368,70,0
14369,70,0
14370,68,0
14371,68,0
14372,66,0
14373,70,0
14374,70,0
14375,68,0
14376,68,0
14377,68,0
14378,70,0
14379,70,0
14380,68,0
14381,68,0
14382,68,0
14383,66,0
14384,70,0
14385,70,0
14386,70,0
14387,68,0
14388,68,0
14389,70,0
14390,70,0
14391,70,0
14392,70,0
14393,68,0
14394,70,0
14395,70,0
14396,70,0
14397,68,0
14398,68,0
14399,68,0
14400,68,0
14401,70,0
14402,70,0
14403,68,0
14404,66,0
14405,70,0
14406,70,0
14407,68,0
14408,68,0
14409,68,0
14410,70,0
14411,114,0
14412,74,0
14413,86,0
14414,78,0
14415,90,0
14416,78,0
14417,74,0
14418,74,0
14419,74,0
14420,68,0
14421,132,0
14422,66,0
14423,68,0
14424,66,0
14425,68,0
14426,70,0
14427,70,0
14428,68,0
14429,70,0
14430,66,0
14431,70,0
14432,66,0
14433,70,0
14434,70,0
14435,66,0
14436,68,0
14437,70,0
14438,68,0
14439,68,0
14440,70,0
14441,68,0
14442,70,0
14443,68,0
14444,70,0
14445,68,0
14446,68,0
14447,70,0
14448,70,0
14449,68,0
14450,68,0
14451,68,0
14452,70,0
14453,68,0
14454,66,0
14455,68,0
14456,68,0
14457,68,0
14458,68,0
14459,66,0
14460,68,0
14461,70,0
14462,70,0
14463,70,0
14464,68,0
14465,68,0
14466,68,0
14467,68,0
14468,68,0
14469,66,0
14470,66,0
14471,68,0
14472,68,0
14473,68,0
14474,68,0
14475,68,0
14476,68,0
14477,68,0
14478,68,0
14479,70,0
14480,68,0
14481,70,0
14482,68,0
14483,68,0
14484,68,0
14485,68,0
14486,66,0
14487,68,0
14488,66,0
14489,70,0
14490,68,0
14491,70,0
14492,68,0
14493,68,0
14494,68,0
14495,66,0
14496,68,0
14497,70,0
14498,68,0
14499,68,0
14500,68,0
14501,68,0
14502,68,0
14503,66,0
14504,68,0
14505,70,0
14506,70,0
14507,66,0
14508,68,0
14509,68,0
14510,70,0
14511,68,0
14512,66,0
14513,70,0
14514,68,0
14515,70,0
14516,70,0
14517,70,0
14518,70,0
14519,70,0
14520,68,0
14521,70,0
14522,70,0
14523,70,0
14524,70,0
14525,70,0
14526,68,0
14527,68,0
14528,68,0
14529,68,0
14530,70,0
14531,70,0
14532,68,0
14533,70,0
14534,68,0
14535,68,0
14536,72,0
14537,68,0
14538,66,0
14539,68,0
14540,68,0
14541,68,0
14542,68,0
14543,68,0
14544,68,0
14545,68,0
14546,72,0
14547,70,0
14548,68,0
14549,68,0
14550,68,0
14551,70,0
14552,68,0
14553,66,0
14554,68,0
14555,68,0
14556,66,0
14557,68,0
14558,70,0
14559,68,0
14560,66,0
14561,68,0
14562,70,0
14563,68,0
14564,68,0
14565,68,0
14566,68,0
14567,66,0
14568,68,0
14569,68,0
14570,68,0
14571,68,0
14572,68,0
14573,70,0
14574,70,0
14575,66,0
14576,68,0
14577,68,0
14578,70,0
14579,70,0
14580,70,0
14581,68,0
14582,68,0
14583,68,0
14584,68,0
14585,66,0
14586,70,0
14587,68,0
14588,66,0
14589,66,0
14590,70,0
14591,66,0
14592,68,0
14593,70,0
14594,68,0
14595,68,0
14596,68,0
14597,68,0
14598,66,0
14599,70,0
14600,68,0
14601,68,0
14602,66,0
14603,70,0
14604,70,0
14605,68,0
14606,70,0
14607,66,0
14608,68,0
14609,70,0
14610,68,0
14611,70,0
14612,70,0
14613,68,0
14614,68,0
14615,70,0
14616,68,0
14617,70,0
14618,68,0
14619,70,0
14620,70,0
14621,72,0
14622,68,0
14623,68,0
14624,68,0
14625,70,0
14626,68,0
14627,68,0
14628,70,0
14629,68,0
14630,68,0
14631,68,0
14632,66,0
14633,68,0
14634,66,0
14635,70,0
14636,70,0
14637,70,0
14638,70,0
14639,70,0
14640,70,0
14641,70,0
14642,70,0
14643,68,0
14644,66,0
14645,66,0
14646,68,0
14647,70,0
14648,70,0
14649,70,0
14650,68,0
14651,68,0
14652,68,0
14653,68,0
14654,68,0
14655,70,0
14656,68,0
14657,70,0
14658,70,0
14659,68,0
14660,70,0
14661,70,0
14662,68,0
14663,68,0
14664,68,0
14665,70,0
14666,66,0
14667,66,0
14668,70,0
14669,70,0
14670,68,0
14671,70,0
14672,68,0
14673,68,0
14674,68,0
14675,70,0
14676,70,0
14677,70,0
14678,70,0
14679,66,0
14680,68,0
14681,68,0
14682,70,0
14683,68,0
14684,66,0
14685,68,0
14686,68,0
14687,64,0
14688,66,0
14689,70,0
14690,68,0
14691,68,0
14692,72,0
14693,68,0
14694,68,0
14695,72,0
14696,68,0
14697,66,0
14698,70,0
14699,68,0
14700,68,0
14701,72,0
14702,70,0
14703,68,0
14704,72,0
14705,68,0
14706,72,0
14707,72,0
14708,68,0
14709,70,0
14710,70,0
14711,68,0
14712,68,0
14713,68,0
14714,70,0
14715,70,0
14716,72,0
14717,68,0
14718,68,0
14719,66,0
14720,68,0
14721,66,0
14722,68,0
14723,70,0
14724,68,0
14725,70,0
14726,70,0
14727,68,0
14728,68,0
14729,70,0
14730,68,0
14731,66,0
14732,68,0
14733,70,0
14734,70,0
14735,70,0
14736,68,0
14737,68,0
14738,70,0
14739,70,0
14740,70,0
14741,68,0
14742,66,0
14743,68,0
14744,68,0
14745,70,0
14746,70,0
14747,66,0
14748,70,0
14749,70,0
14750,64,0
14751,68,0
14752,68,0
14753,68,0
14754,68,0
14755,68,0
14756,68,0
14757,70,0
14758,68,0
14759,68,0
14760,68,0
14761,70,0
14762,70,0
14763,68,0
14764,66,0
14765,66,0
14766,68,0
14767,70,0
14768,68,0
14769,66,0
14770,68,0
14771,68,0
14772,66,0
14773,66,0
14774,70,0
14775,68,0
14776,68,0
14777,68,0
14778,70,0
14779,68,0
14780,68,0
14781,68,0
14782,68,0
14783,70,0
14784,70,0
14785,68,0
14786,68,0
14787,66,0
14788,68,0
14789,70,0
14790,68,0
14791,68,0
14792,68,0
14793,66,0
14794,68,0
14795,68,0
14796,68,0
14797,68,0
14798,70,0
14799,68,0
14800,70,0
14801,68,0
14802,68,0
14803,66,0
14804,70,0
14805,70,0
14806,68,0
14807,70,0
14808,68,0
14809,70,0
14810,68,0
14811,66,0
14812,72,0
14813,68,0
14814,70,0
14815,68,0
14816,70,0
14817,70,0
14818,70,0
14819,68,0
14820,70,0
14821,70,0
14822,68,0
14823,68,0
14824,70,0
14825,68,0
14826,70,0
14827,70,0
14828,68,0
14829,70,0
14830,70,0
14831,68,0
14832,70,0
14833,70,0
14834,68,0
14835,68,0
14836,66,0
14837,70,0
14838,68,0
14839,68,0
14840,70,0
14841,68,0
14842,68,0
14843,68,0
14844,70,0
14845,68,0
14846,70,0
14847,70,0
14848,66,0
14849,66,0
14850,68,0
14851,68,0
14852,68,0
14853,68,0
14854,66,0
14855,70,0
14856,68,0
14857,70,0
14858,66,0
14859,68,0
14860,68,0
14861,68,0
14862,68,0
14863,70,0
14864,70,0
14865,70,0
14866,68,0
14867,68,0
14868,68,0
14869,70,0
14870,70,0
14871,70,0
14872,68,0
14873,72,0
14874,68,0
14875,68,0
14876,68,0
14877,68,0
14878,70,0
14879,66,0
14880,70,0
14881,68,0
14882,70,0
14883,68,0
14884,68,0
14885,70,0
14886,68,0
14887,70,0
14888,72,0
14889,70,0
14890,68,0
14891,72,0
14892,68,0
14893,66,0
14894,70,0
14895,70,0
14896,70,0
14897,68,0
14898,68,0
14899,72,0
14900,66,0
14901,68,0
14902,70,0
14903,68,0
14904,70,0
14905,68,0
14906,68,0
14907,68,0
14908,68,0
14909,66,0
14910,70,0
14911,68,0
14912,70,0
14913,72,0
14914,66,0
14915,68,0
14916,68,0
14917,66,0
14918,68,0
14919,66,0
14920,68,0
14921,68,0
14922,66,0
14923,66,0
14924,70,0
14925,70,0
14926,68,0
14927,66,0
14928,66,0
14929,68,0
14930,68,0
14931,70,0
14932,70,0
14933,70,0
14934,68,0
14935,68,0
14936,70,0
14937,68,0
14938,68,0
14939,70,0
14940,68,0
14941,66,0
14942,68,0
14943,68,0
14944,66,0
14945,68,0
14946,70,0
14947,68,0
14948,68,0
14949,70,0
14950,70,0
14951,70,0
14952,70,0
14953,68,0
14954,66,0
14955,66,0
14956,68,0
14957,68,0
14958,68,0
14959,68,0
14960,70,0
14961,70,0
14962,68,0
14963,68,0
14964,70,0
14965,70,0
14966,68,0
14967,70,0
14968,68,0
14969,72,0
14970,68,0
14971,68,0
14972,68,0
14973,68,0
14974,68,0
14975,68,0
14976,68,0
14977,70,0
14978,68,0
14979,70,0
14980,70,0
14981,70,0
14982,68,0
14983,68,0
14984,68,0
14985,68,0
14986,66,0
14987,66,0
14988,66,0
14989,68,0
14990,70,0
14991,70,0
14992,70,0
14993,68,0
14994,70,0
14995,68,0
14996,68,0
14997,68,0
14998,68,0
14999,68,0
15000,66,0
15001,70,0
15002,68,0
15003,70,0
15004,68,0
15005,66,0
15006,68,0
15007,68,0
15008,68,0
15009,70,0
15010,70,0
15011,68,0
15012,70,0
15013,70,0
15014,68,0
15015,70,0
15016,68,0
15017,70,0
15018,68,0
15019,70,0
15020,68,0
15021,70,0
15022,72,0
15023,68,0
15024,68,0
15025,68,0
15026,70,0
15027,68,0
15028,70,0
15029,68,0
15030,68,0
15031,70,0
15032,72,0
15033,68,0
15034,68,0
15035,70,0
15036,70,0
15037,70,0
15038,72,0
15039,68,0
15040,70,0
15041,70,0
15042,70,0
15043,68,0
15044,68,0
15045,70,0
15046,68,0
15047,70,0
15048,68,0
15049,70,0
15050,70,0
15051,70,0
15052,70,0
15053,68,0
15054,70,0
15055,68,0
15056,72,0
15057,68,0
15058,68,0
15059,68,0
15060,70,0
15061,68,0
15062,68,0
15063,70,0
15064,68,0
15065,68,0
15066,72,0
15067,70,0
15068,70,0
15069,70,0
15070,70,0
15071,70,0
15072,68,0
15073,72,0
15074,68,0
15075,70,0
15076,70,0
15077,68,0
15078,66,0
15079,68,0
15080,70,0
15081,68,0
15082,72,0
15083,68,0
15084,70,0
15085,70,0
15086,70,0
15087,68,0
15088,70,0
15089,68,0
15090,68,0
15091,68,0
15092,68,0
15093,68,0
15094,70,0
15095,70,0
15096,70,0
15097,68,0
15098,68,0
15099,68,0
15100,68,0
15101,68,0
15102,70,0
15103,70,0
15104,66,0
15105,66,0
15106,66,0
15107,68,0
15108,68,0
15109,68,0
15110,68,0
15111,68,0
15112,68,0
15113,68,0
15114,70,0
15115,70,0
15116,66,0
15117,68,0
15118,70,0
15119,68,0
15120,70,0
15121,68,0
15122,70,0
15123,72,0
15124,66,0
15125,68,0
15126,70,0
15127,70,0
15128,68,0
15129,70,0
15130,70,0
15131,70,0
15132,70,0
15133,68,0
15134,70,0
15135,72,0
15136,70,0
15137,68,0
15138,70,0
15139,70,0
15140,70,0
15141,70,0
15142,68,0
15143,70,0
15144,72,0
15145,68,0
15146,68,0
15147,66,0
15148,68,0
15149,68,0
15150,68,0
15151,68,0
15152,68,0
15153,68,0
15154,70,0
15155,70,0
15156,70,0
15157,68,0
15158,66,0
15159,68,0
15160,70,0
15161,70,0
15162,68,0
15163,68,0
15164,70,0
15165,68,0
15166,68,0
15167,68,0
15168,68,0
15169,68,0
15170,70,0
15171,68,0
15172,64,0
15173,68,0
15174,68,0
15175,70,0
15176,66,0
15177,68,0
15178,66,0
15179,66,0
15180,68,0
15181,70,0
15182,64,0
15183,68,0
15184,68,0
15185,66,0
15186,68,0
15187,68,0
15188,68,0
15189,68,0
15190,68,0
15191,66,0
15192,70,0
15193,70,0
15194,64,0
15195,68,0
15196,68,0
15197,70,0
15198,68,0
15199,68,0
15200,68,0
15201,68,0
15202,70,0
15203,66,0
15204,66,0
15205,64,0
15206,70,0
15207,70,0
15208,68,0
15209,68,0
15210,66,0
15211,68,0
15212,66,0
15213,68,0
15214,68,0
15215,66,0
15216,68,0
15217,68,0
15218,66,0
15219,68,0
15220,66,0
15221,68,0
15222,70,0
15223,68,0
15224,68,0
15225,68,0
15226,68,0
15227,68,0
15228,68,0
15229,70,0
15230,68,0
15231,70,0
15232,66,0
15233,68,0
15234,70,0
15235,68,0
15236,70,0
15237,68,0
15238,70,0
15239,68,0
15240,66,0
15241,68,0
15242,68,0
15243,68,0
15244,72,0
15245,70,0
15246,66,0
15247,68,0
15248,70,0
15249,70,0
15250,66,0
15251,68,0
15252,66,0
15253,70,0
15254,68,0
15255,70,0
15256,68,0
15257,68,0
15258,70,0
15259,68,0
15260,68,0
15261,66,0
15262,70,0
15263,68,0
15264,70,0
15265,68,0
15266,70,0
15267,68,0
15268,70,0
15269,68,0
15270,70,0
15271,68,0
15272,68,0
15273,68,0
15274,68,0
15275,68,0
15276,68,0
15277,68,0
15278,68,0
15279,70,0
15280,68,0
15281,68,0
15282,68,0
15283,68,0
15284,68,0
15285,70,0
15286,68,0
15287,68,0
15288,68,0
15289,68,0
15290,66,0
15291,68,0
15292,70,0
15293,70,0
15294,70,0
15295,66,0
15296,70,0
15297,66,0
15298,70,0
15299,70,0
15300,70,0
15301,68,0
15302,68,0
15303,68,0
15304,66,0
15305,68,0
15306,68,0
15307,68,0
15308,70,0
15309,68,0
15310,68,0
15311,68,0
15312,70,0
15313,68,0
15314,68,0
15315,70,0
15316,66,0
15317,70,0
15318,68,0
15319,68,0
15320,68,0
15321,68,0
15322,68,0
15323,68,0
15324,68,0
15325,68,0
15326,68,0
15327,66,0
15328,68,0
15329,70,0
15330,68,0
15331,68,0
15332,68,0
15333,68,0
15334,68,0
15335,70,0
15336,70,0
15337,68,0
15338,70,0
15339,68,0
15340,68,0
15341,70,0
15342,68,0
15343,68,0
15344,68,0
15345,68,0
15346,70,0
15347,68,0
15348,68,0
15349,66,0
15350,68,0
15351,68,0
15352,64,0
15353,70,0
15354,66,0
15355,66,0
15356,70,0
15357,68,0
15358,68,0
15359,68,0
15360,66,0
15361,68,0
15362,68,0
15363,70,0
15364,68,0
15365,68,0
15366,66,0
15367,68,0
15368,68,0
15369,68,0
15370,68,0
15371,70,0
15372,68,0
15373,68,0
15374,68,0
15375,68,0
15376,70,0
15377,68,0
15378,68,0
15379,70,0
15380,68,0
15381,68,0
15382,64,0
15383,66,0
15384,68,0
15385,70,0
15386,68,0
15387,68,0
15388,68,0
15389,68,0
15390,66,0
15391,70,0
15392,70,0
15393,66,0
15394,70,0
15395,70,0
15396,68,0
15397,68,0
15398,70,0
15399,68,0
15400,70,0
15401,66,0
15402,66,0
15403,66,0
15404,66,0
15405,70,0
15406,68,0
15407,70,0
15408,66,0
15409,68,0
15410,70,0
15411,68,0
15412,68,0
15413,68,0
15414,70,0
15415,68,0
15416,68,0
15417,68,0
15418,66,0
15419,68,0
15420,68,0
15421,70,0
15422,70,0
15423,68,0
15424,70,0
15425,66,0
15426,66,0
15427,66,0
15428,66,0
15429,68,0
15430,70,0
15431,66,0
15432,68,0
15433,70,0
15434,70,0
15435,68,0
15436,68,0
15437,68,0
15438,68,0
15439,68,0
15440,70,0
15441,68,0
15442,70,0
15443,68,0
15444,70,0
15445,68,0
15446,68,0
15447,68,0
15448,70,0
15449,70,0
15450,68,0
15451,68,0
15452,68,0
15453,68,0
15454,66,0
15455,68,0
15456,68,0
15457,70,0
15458,66,0
15459,70,0
15460,66,0
15461,68,0
15462,66,0
15463,70,0
15464,68,0
15465,68,0
15466,68,0
15467,68,0
15468,68,0
15469,70,0
15470,68,0
15471,70,0
15472,66,0
15473,70,0
15474,66,0
15475,68,0
15476,66,0
15477,70,0
15478,66,0
15479,66,0
15480,68,0
15481,68,0
15482,68,0
15483,68,0
15484,70,0
15485,70,0
15486,66,0
15487,64,0
15488,70,0
15489,70,0
15490,66,0
15491,68,0
15492,66,0
15493,68,0
15494,68,0
15495,72,0
15496,70,0
15497,70,0
15498,64,0
15499,66,0
15500,70,0
15501,70,0
15502,68,0
15503,68,0
15504,68,0
15505,68,0
15506,72,0
15507,68,0
15508,68,0
15509,70,0
15510,68,0
15511,70,0
15512,66,0
15513,68,0
15514,68,0
15515,68,0
15516,68,0
15517,70,0
15518,68,0
15519,68,0
15520,68,0
15521,68,0
15522,68,0
15523,66,0
15524,68,0
15525,70,0
15526,70,0
15527,68,0
15528,66,0
15529,70,0
15530,68,0
15531,66,0
15532,70,0
15533,68,0
15534,66,0
15535,68,0
15536,68,0
15537,70,0
15538,68,0
15539,68,0
15540,68,0
15541,68,0
15542,66,0
15543,68,0
15544,66,0
15545,68,0
15546,68,0
15547,64,0
15548,68,0
15549,68,0
15550,66,0
15551,68,0
15552,66,0
15553,66,0
15554,66,0
15555,68,0
15556,66,0
15557,68,0
15558,64,0
15559,68,0
15560,70,0
15561,68,0
15562,70,0
15563,68,0
15564,70,0
15565,68,0
15566,68,0
15567,68,0
15568,68,0
15569,66,0
15570,70,0
15571,68,0
15572,70,0
15573,66,0
15574,68,0
15575,70,0
15576,68,0
15577,68,0
15578,66,0
15579,68,0
15580,68,0
15581,68,0
15582,70,0
15583,70,0
15584,68,0
15585,66,0
15586,70,0
15587,66,0
15588,70,0
15589,68,0
15590,70,0
15591,68,0
15592,68,0
15593,68,0
15594,66,0
15595,68,0
15596,68,0
15597,68,0
15598,70,0
15599,66,0
15600,68,0
15601,70,0
15602,70,0
15603,66,0
15604,68,0
15605,68,0
15606,68,0
15607,68,0
15608,68,0
15609,70,0
15610,68,0
15611,70,0
15612,70,0
15613,70,0
15614,68,0
15615,68,0
15616,70,0
15617,68,0
15618,68,0
15619,68,0
15620,68,0
15621,68,0
15622,68,0
15623,68,0
15624,70,0
15625,68,0
15626,68,0
15627,70,0
15628,70,0
15629,66,0
15630,70,0
15631,68,0
15632,70,0
15633,68,0
15634,70,0
15635,66,0
15636,68,0
15637,68,0
15638,68,0
15639,68,0
15640,70,0
15641,66,0
15642,66,0
15643,70,0
15644,68,0
15645,70,0
15646,68,0
15647,70,0
15648,68,0
15649,68,0
15650,70,0
15651,66,0
15652,64,0
15653,72,0
15654,68,0
15655,66,0
15656,66,0
15657,68,0
15658,68,0
15659,70,0
15660,68,0
15661,70,0
15662,68,0
15663,66,0
15664,70,0
15665,66,0
15666,70,0
15667,70,0
15668,68,0
15669,68,0
15670,70,0
15671,68,0
15672,68,0
15673,70,0
15674,70,0
15675,68,0
15676,68,0
15677,68,0
15678,68,0
15679,68,0
15680,70,0
15681,68,0
15682,68,0
15683,70,0
15684,68,0
15685,70,0
15686,68,0
15687,68,0
15688,68,0
15689,70,0
15690,66,0
15691,68,0
15692,66,0
15693,68,0
15694,68,0
15695,68,0
15696,70,0
15697,70,0
15698,66,0
15699,70,0
15700,66,0
15701,68,0
15702,68,0
15703,70,0
15704,68,0
15705,68,0
15706,68,0
15707,66,0
15708,70,0
15709,68,0
15710,68,0
15711,68,0
15712,66,0
15713,70,0
15714,66,0
15715,68,0
15716,68,0
15717,68,0
15718,66,0
15719,70,0
15720,66,0
15721,68,0
15722,68,0
15723,68,0
15724,70,0
15725,68,0
15726,70,0
15727,64,0
15728,68,0
15729,68,0
15730,68,0
15731,70,0
15732,66,0
15733,70,0
15734,66,0
15735,70,0
15736,68,0
15737,68,0
15738,70,0
15739,68,0
15740,70,0
15741,66,0
15742,68,0
15743,66,0
15744,66,0
15745,70,0
15746,68,0
15747,70,0
15748,66,0
15749,68,0
15750,68,0
15751,70,0
15752,68,0
15753,70,0
15754,68,0
15755,68,0
15756,68,0
15757,66,0
15758,66,0
15759,68,0
15760,68,0
15761,68,0
15762,66,0
15763,70,0
15764,68,0
15765,70,0
15766,68,0
15767,70,0
15768,70,0
15769,68,0
15770,70,0
15771,68,0
15772,70,0
15773,68,0
15774,68,0
15775,68,0
15776,68,0
15777,68,0
15778,68,0
15779,70,0
15780,68,0
15781,70,0
15782,68,0
15783,70,0
15784,68,0
15785,70,0
15786,68,0
15787,70,0
15788,68,0
15789,68,0
15790,70,0
15791,70,0
15792,68,0
15793,66,0
15794,68,0
15795,68,0
15796,70,0
15797,70,0
15798,68,0
15799,68,0
15800,70,0
15801,68,0
15802,68,0
15803,70,0
15804,66,0
15805,70,0
15806,68,0
15807,68,0
15808,68,0
15809,68,0
15810,66,0
15811,68,0
15812,68,0
15813,66,0
15814,66,0
15815,66,0
15816,68,0
15817,70,0
15818,70,0
15819,68,0
15820,68,0
15821,68,0
15822,68,0
15823,68,0
15824,70,0
15825,68,0
15826,68,0
15827,66,0
15828,66,0
15829,68,0
15830,68,0
15831,70,0
15832,66,0
15833,70,0
15834,70,0
15835,66,0
15836,68,0
15837,68,0
15838,68,0
15839,70,0
15840,68,0
15841,70,0
15842,68,0
15843,70,0
15844,68,0
15845,68,0
15846,68,0
15847,68,0
15848,68,0
15849,66,0
15850,70,0
15851,70,0
15852,66,0
15853,68,0
15854,70,0
15855,70,0
15856,68,0
15857,68,0
15858,68,0
15859,70,0
15860,70,0
15861,70,0
15862,68,0
15863,72,0
15864,72,0
15865,68,0
15866,66,0
15867,68,0
15868,70,0
15869,70,0
15870,68,0
15871,68,0
15872,70,0
15873,68,0
15874,68,0
15875,70,0
15876,68,0
15877,68,0
15878,68,0
15879,68,0
15880,70,0
15881,68,0
15882,68,0
15883,66,0
15884,68,0
15885,70,0
15886,72,0
15887,70,0
15888,66,0
15889,68,0
15890,70,0
15891,68,0
15892,70,0
15893,70,0
15894,70,0
15895,68,0
15896,68,0
15897,70,0
15898,68,0
15899,68,0
15900,68,0
15901,68,0
15902,66,0
15903,70,0
15904,66,0
15905,66,0
15906,66,0
15907,68,0
15908,66,0
15909,70,0
15910,66,0
15911,66,0
15912,66,0
15913,68,0
15914,68,0
15915,70,0
15916,68,0
15917,68,0
15918,66,0
15919,70,0
15920,70,0
15921,68,0
15922,68,0
15923,68,0
15924,70,0
15925,68,0
15926,68,0
15927,66,0
15928,66,0
15929,70,0
15930,68,0
15931,68,0
15932,68,0
15933,66,0
15934,68,0
15935,68,0
15936,68,0
15937,68,0
15938,70,0
15939,70,0
15940,70,0
15941,70,0
15942,70,0
15943,68,0
15944,70,0
15945,74,0
15946,78,0
15947,66,0
15948,138,0
15949,70,0
15950,64,0
15951,68,0
15952,68,0
15953,72,0
15954,70,0
15955,70,0
15956,68,0
15957,68,0
15958,70,0
15959,70,0
15960,70,0
15961,70,0
15962,68,0
15963,68,0
15964,68,0
15965,68,0
15966,70,0
15967,68,0
15968,70,0
15969,68,0
15970,70,0
15971,68,0
15972,70,0
15973,68,0
15974,66,0
15975,70,0
15976,66,0
15977,70,0
15978,70,0
15979,70,0
15980,70,0
15981,68,0
15982,68,0
15983,70,0
15984,68,0
15985,68,0
15986,68,0
15987,70,0
15988,68,0
15989,68,0
15990,66,0
15991,68,0
15992,68,0
15993,68,0
15994,66,0
15995,68,0
15996,70,0
15997,70,0
15998,66,0
15999,68,0
16000,70,0
16001,70,0
16002,66,0
16003,70,0
16004,68,0
16005,68,0
16006,68,0
16007,70,0
16008,70,0
16009,68,0
16010,68,0
16011,66,0
16012,68,0
16013,66,0
16014,68,0
16015,68,0
16016,66,0
16017,70,0
16018,70,0
16019,68,0
16020,68,0
16021,70,0
16022,70,0
16023,66,0
16024,68,0
16025,68,0
16026,68,0
16027,66,0
16028,70,0
16029,68,0
16030,68,0
16031,66,0
16032,68,0
16033,70,0
16034,68,0
16035,68,0
16036,70,0
16037,70,0
16038,70,0
16039,68,0
16040,68,0
16041,68,0
16042,70,0
16043,68,0
16044,68,0
16045,68,0
16046,68,0
16047,70,0
16048,70,0
16049,70,0
16050,68,0
16051,68,0
16052,68,0
16053,68,0
16054,70,0
16055,70,0
16056,70,0
16057,68,0
16058,68,0
16059,68,0
16060,70,0
16061,70,0
16062,70,0
16063,68,0
16064,68,0
16065,68,0
16066,68,0
16067,70,0
16068,66,0
16069,68,0
16070,68,0
16071,68,0
16072,68,0
16073,68,0
16074,68,0
16075,70,0
16076,70,0
16077,68,0
16078,68,0
16079,68,0
16080,68,0
16081,70,0
16082,68,0
16083,68,0
16084,70,0
16085,68,0
16086,70,0
16087,70,0
16088,72,0
16089,68,0
16090,68,0
16091,68,0
16092,68,0
16093,68,0
16094,68,0
16095,68,0
16096,66,0
16097,66,0
16098,66,0
16099,68,0
16100,66,0
16101,70,0
16102,66,0
16103,68,0
16104,68,0
16105,70,0
16106,70,0
16107,70,0
16108,70,0
16109,68,0
16110,68,0
16111,66,0
16112,68,0
16113,68,0
16114,66,0
16115,68,0
16116,68,0
16117,68,0
16118,68,0
16119,68,0
16120,68,0
16121,68,0
16122,68,0
16123,68,0
16124,68,0
16125,68,0
16126,68,0
16127,68,0
16128,68,0
16129,68,0
16130,68,0
16131,66,0
16132,68,0
16133,68,0
16134,70,0
16135,68,0
16136,66,0
16137,68,0
16138,70,0
16139,216,1
16140,66,0
16141,78,0
16142,72,0
16143,70,0
16144,72,0
16145,74,0
16146,70,0
16147,70,0
16148,78,0
16149,68,0
16150,68,0
16151,82,0
16152,88,0
16153,70,0
16154,74,0
16155,72,0
16156,78,0
16157,86,0
16158,68,0
16159,74,0
16160,78,0
16161,78,0
16162,74,0
16163,76,0
16164,66,0
16165,68,0
16166,68,0
16167,66,0
16168,78,0
16169,66,0
16170,74,0
16171,70,0
16172,74,0
16173,82,0
16174,74,0
16175,70,0
16176,72,0
16177,82,0
16178,82,0
16179,66,0
16180,82,0
16181,76,0
16182,76,0
16183,82,0
16184,76,0
16185,82,0
16186,86,0
16187,82,0
16188,74,0
16189,76,0
16190,78,0
16191,74,0
16192,78,0
16193,76,0
16194,86,0
16195,86,0
16196,78,0
16197,74,0
16198,74,0
16199,82,0
16200,74,0
16201,78,0
16202,76,0
16203,76,0
16204,76,0
16205,80,0
16206,88,0
16207,84,0
16208,70,0
16209,68,0
16210,66,0
16211,68,0
16212,72,0
16213,70,0
16214,78,0
16215,66,0
16216,70,0
16217,80,0
16218,82,0
16219,72,0
16220,74,0
16221,72,0
16222,72,0
16223,80,0
16224,288,1
16225,76,0
16226,74,0
16227,80,0
16228,82,0
16229,82,0
16230,72,0
16231,74,0
16232,286,1
16233,70,0
16234,74,0
16235,66,0
16236,66,0
16237,66,0
16238,66,0
16239,66,0
16240,68,0
16241,66,0
16242,68,0
16243,68,0
16244,68,0
16245,68,0
16246,70,0
16247,68,0
16248,68,0
16249,70,0
16250,66,0
16251,66,0
16252,68,0
16253,68,0
16254,68,0
16255,68,0
16256,70,0
16257,70,0
16258,68,0
16259,70,0
16260,70,0
16261,70,0
16262,70,0
16263,70,0
16264,68,0
16265,68,0
16266,68,0
16267,68,0
16268,68,0
16269,70,0
16270,68,0
16271,66,0
16272,68,0
16273,66,0
16274,68,0
16275,68,0
16276,68,0
16277,70,0
16278,68,0
16279,70,0
16280,70,0
16281,70,0
16282,66,0
16283,68,0
16284,66,0
16285,68,0
16286,68,0
16287,70,0
16288,68,0
16289,70,0
16290,68,0
16291,68,0
16292,66,0
16293,68,0
16294,68,0
16295,70,0
16296,68,0
16297,68,0
16298,68,0
16299,66,0
16300,70,0
16301,68,0
16302,68,0
16303,68,0
16304,68,0
16305,68,0
16306,68,0
16307,66,0
16308,68,0
16309,68,0
16310,68,0
16311,68,0
16312,70,0
16313,68,0
16314,66,0
16315,66,0
16316,68,0
16317,68,0
16318,68,0
16319,70,0
16320,68,0
16321,70,0
16322,64,0
16323,66,0
16324,68,0
16325,66,0
16326,70,0
16327,70,0
16328,66,0
16329,68,0
16330,68,0
16331,68,0
16332,70,0
16333,68,0
16334,70,0
16335,68,0
16336,68,0
16337,68,0
16338,68,0
16339,70,0
16340,66,0
16341,70,0
16342,70,0
16343,64,0
16344,66,0
16345,70,0
16346,70,0
16347,68,0
16348,72,0
16349,68,0
16350,68,0
16351,66,0
16352,68,0
16353,68,0
16354,68,0
16355,68,0
16356,68,0
16357,68,0
16358,72,0
16359,70,0
16360,68,0
16361,68,0
16362,68,0
16363,70,0
16364,70,0
16365,70,0
16366,68,0
16367,68,0
16368,68,0
16369,70,0
16370,70,0
16371,70,0
16372,72,0
16373,72,0
16374,72,0
16375,72,0
16376,72,0
16377,70,0
16378,70,0
16379,70,0
16380,72,0
16381,72,0
16382,70,0
16383,68,0
16384,68,0
16385,68,0
16386,66,0
16387,68,0
16388,68,0
16389,66,0
16390,68,0
16391,68,0
16392,68,0
16393,68,0
16394,70,0
16395,68,0
16396,68,0
16397,68,0
16398,68,0
16399,70,0
16400,68,0
16401,70,0
16402,70,0
16403,72,0
16404,70,0
16405,68,0
16406,72,0
16407,70,0
16408,70,0
16409,70,0
16410,68,0
16411,70,0
16412,70,0
16413,68,0
16414,68,0
16415,68,0
16416,66,0
16417,68,0
16418,68,0
16419,66,0
16420,70,0
16421,70,0
16422,72,0
16423,68,0
16424,72,0
16425,70,0
16426,70,0
16427,70,0
16428,68,0
16429,70,0
16430,72,0
16431,70,0
16432,70,0
16433,70,0
16434,68,0
16435,70,0
16436,70,0
16437,70,0
16438,68,0
16439,68,0
16440,68,0
16441,70,0
16442,70,0
16443,68,0
16444,68,0
16445,68,0
16446,70,0
16447,70,0
16448,68,0
16449,68,0
16450,68,0
16451,70,0
16452,70,0
16453,68,0
16454,68,0
16455,68,0
16456,70,0
16457,68,0
16458,68,0
16459,68,0
16460,72,0
16461,70,0
16462,70,0
16463,78,0
16464,68,0
16465,72,0
16466,74,0
16467,70,0
16468,74,0
16469,74,0
16470,70,0
16471,68,0
16472,76,0
16473,78,0
16474,74,0
16475,68,0
16476,68,0
16477,66,0
16478,68,0
16479,72,0
16480,74,0
16481,82,0
16482,72,0
16483,74,0
16484,80,0
16485,82,0
16486,74,0
16487,72,0
16488,66,0
16489,70,0
16490,76,0
16491,68,0
16492,70,0
16493,70,0
16494,78,0
16495,68,0
16496,72,0
16497,76,0
16498,76,0
16499,70,0
16500,68,0
16501,78,0
16502,72,0
16503,68,0
16504,72,0
16505,68,0
16506,76,0
16507,72,0
16508,76,0
16509,74,0
16510,74,0
16511,78,0
16512,74,0
16513,76,0
16514,76,0
16515,74,0
16516,82,0
16517,76,0
16518,74,0
16519,278,1
16520,76,0
16521,82,0
16522,84,0
16523,76,0
16524,68,0
16525,72,0
16526,72,0
16527,74,0
16528,86,0
16529,66,0
16530,70,0
16531,74,0
16532,74,0
16533,88,0
16534,68,0
16535,78,0
16536,74,0
16537,76,0
16538,66,0
16539,70,0
16540,74,0
16541,76,0
16542,74,0
16543,78,0
16544,76,0
16545,72,0
16546,72,0
16547,74,0
16548,72,0
16549,78,0
16550,70,0
16551,74,0
16552,72,0
16553,72,0
16554,72,0
16555,70,0
16556,74,0
16557,78,0
16558,72,0
16559,76,0
16560,74,0
16561,66,0
16562,138,0
16563,68,0
16564,68,0
16565,66,0
16566,68,0
16567,66,0
16568,68,0
16569,70,0
16570,68,0
16571,72,0
16572,68,0
16573,70,0
16574,70,0
16575,66,0
16576,66,0
16577,68,0
16578,70,0
16579,70,0
16580,68,0
16581,68,0
16582,70,0
16583,68,0
16584,68,0
16585,66,0
16586,70,0
16587,68,0
16588,68,0
16589,68,0
16590,68,0
16591,70,0
16592,66,0
16593,70,0
16594,68,0
16595,68,0
16596,68,0
16597,70,0
16598,66,0
16599,70,0
16600,70,0
16601,70,0
16602,66,0
16603,68,0
16604,68,0
16605,68,0
16606,68,0
16607,70,0
16608,70,0
16609,68,0
16610,70,0
16611,68,0
16612,68,0
16613,70,0
16614,66,0
16615,68,0
16616,68,0
16617,66,0
16618,68,0
16619,68,0
16620,68,0
16621,70,0
16622,66,0
16623,70,0
16624,68,0
16625,68,0
16626,68,0
16627,68,0
16628,68,0
16629,66,0
16630,70,0
16631,68,0
16632,70,0
16633,68,0
16634,72,0
16635,68,0
16636,68,0
16637,68,0
16638,68,0
16639,70,0
16640,68,0
16641,70,0
16642,70,0
16643,70,0
16644,68,0
16645,68,0
16646,68,0
16647,70,0
16648,68,0
16649,70,0
16650,66,0
16651,68,0
16652,70,0
16653,68,0
16654,68,0
16655,68,0
16656,68,0
16657,66,0
16658,68,0
16659,68,0
16660,66,0
16661,66,0
16662,66,0
16663,70,0
16664,70,0
16665,66,0
16666,68,0
16667,70,0
16668,66,0
16669,66,0
16670,68,0
16671,68,0
16672,70,0
16673,70,0
16674,68,0
16675,68,0
16676,70,0
16677,68,0
16678,66,0
16679,66,0
16680,70,0
16681,70,0
16682,68,0
16683,68,0
16684,68,0
16685,70,0
16686,68,0
16687,70,0
16688,66,0
16689,70,0
16690,68,0
16691,68,0
16692,68,0
16693,70,0
16694,68,0
16695,68,0
16696,68,0
16697,70,0
16698,68,0
16699,68,0
16700,70,0
16701,68,0
16702,68,0
16703,70,0
16704,68,0
16705,66,0
16706,68,0
16707,70,0
16708,68,0
16709,70,0
16710,70,0
16711,66,0
16712,70,0
16713,68,0
16714,68,0
16715,66,0
16716,68,0
16717,68,0
16718,66,0
16719,68,0
16720,70,0
16721,68,0
16722,70,0
16723,66,0
16724,70,0
16725,68,0
16726,68,0
16727,68,0
16728,68,0
16729,70,0
16730,68,0
16731,68,0
16732,66,0
16733,70,0
16734,68,0
16735,68,0
16736,68,0
16737,68,0
16738,68,0
16739,68,0
16740,68,0
16741,70,0
16742,68,0
16743,68,0
16744,68,0
16745,68,0
16746,68,0
16747,68,0
16748,70,0
16749,68,0
16750,70,0
16751,68,0
16752,70,0
16753,68,0
16754,68,0
16755,66,0
16756,70,0
16757,68,0
16758,70,0
16759,68,0
16760,68,0
16761,68,0
16762,70,0
16763,68,0
16764,70,0
16765,66,0
16766,70,0
16767,68,0
16768,70,0
16769,66,0
16770,70,0
16771,68,0
16772,68,0
16773,68,0
16774,68,0
16775,68,0
16776,68,0
16777,68,0
16778,68,0
16779,70,0
16780,68,0
16781,68,0
16782,70,0
16783,68,0
16784,70,0
16785,66,0
16786,70,0
16787,68,0
16788,68,0
16789,68,0
16790,70,0
16791,68,0
16792,70,0
16793,70,0
16794,68,0
16795,68,0
16796,68,0
16797,68,0
16798,68,0
16799,68,0
16800,68,0
16801,66,0
16802,68,0
16803,66,0
16804,68,0
16805,68,0
16806,68,0
16807,68,0
16808,70,0
16809,68,0
16810,66,0
16811,68,0
16812,70,0
16813,70,0
16814,66,0
16815,68,0
16816,70,0
16817,70,0
16818,68,0
16819,68,0
16820,68,0
16821,70,0
16822,66,0
16823,70,0
16824,68,0
16825,70,0
16826,70,0
16827,70,0
16828,68,0
16829,70,0
16830,70,0
16831,68,0
16832,68,0
16833,68,0
16834,66,0
16835,68,0
16836,70,0
16837,68,0
16838,66,0
16839,68,0
16840,68,0
16841,70,0
16842,70,0
16843,68,0
16844,66,0
16845,68,0
16846,68,0
16847,66,0
16848,68,0
16849,70,0
16850,68,0
16851,68,0
16852,66,0
16853,68,0
16854,66,0
16855,68,0
16856,68,0
16857,70,0
16858,70,0
16859,70,0
16860,72,0
16861,68,0
16862,70,0
16863,70,0
16864,70,0
16865,68,0
16866,66,0
16867,68,0
16868,68,0
16869,70,0
16870,68,0
16871,68,0
16872,68,0
16873,70,0
16874,68,0
16875,70,0
16876,66,0
16877,68,0
16878,68,0
16879,68,0
16880,70,0
16881,68,0
16882,68,0
16883,66,0
16884,68,0
16885,70,0
16886,68,0
16887,68,0
16888,70,0
16889,68,0
16890,70,0
16891,68,0
16892,68,0
16893,68,0
16894,68,0
16895,68,0
16896,68,0
16897,70,0
16898,68,0
16899,68,0
16900,68,0
16901,68,0
16902,70,0
16903,66,0
16904,70,0
16905,68,0
16906,70,0
16907,66,0
16908,70,0
16909,70,0
16910,70,0
16911,66,0
16912,66,0
16913,70,0
16914,66,0
16915,68,0
16916,68,0
16917,68,0
16918,68,0
16919,68,0
16920,68,0
16921,70,0
16922,68,0
16923,70,0
16924,68,0
16925,70,0
16926,68,0
16927,68,0
16928,70,0
16929,68,0
16930,68,0
16931,68,0
16932,70,0
16933,68,0
16934,68,0
16935,68,0
16936,68,0
16937,68,0
16938,68,0
16939,68,0
16940,68,0
16941,68,0
16942,68,0
16943,66,0
16944,70,0
16945,66,0
16946,70,0
16947,64,0
16948,70,0
16949,68,0
16950,68,0
16951,66,0
16952,68,0
16953,70,0
16954,70,0
16955,68,0
16956,68,0
16957,68,0
16958,66,0
16959,70,0
16960,68,0
16961,68,0
16962,68,0
16963,66,0
16964,68,0
16965,70,0
16966,70,0
16967,68,0
16968,70,0
16969,68,0
16970,68,0
16971,70,0
16972,68,0
16973,68,0
16974,68,0
16975,68,0
16976,66,0
16977,68,0
16978,68,0
16979,68,0
16980,70,0
16981,72,0
16982,68,0
16983,70,0
16984,68,0
16985,70,0
16986,70,0
16987,66,0
16988,68,0
16989,70,0
16990,70,0
16991,68,0
16992,70,0
16993,70,0
16994,68,0
16995,68,0
16996,72,0
16997,68,0
16998,68,0
16999,68,0
17000,68,0
17001,68,0
17002,66,0
17003,68,0
17004,68,0
17005,70,0
17006,66,0
17007,66,0
17008,70,0
17009,70,0
17010,66,0
17011,70,0
17012,68,0
17013,68,0
17014,66,0
17015,68,0
17016,70,0
17017,72,0
17018,66,0
17019,68,0
17020,68,0
17021,70,0
17022,68,0
17023,68,0
17024,72,0
17025,70,0
17026,68,0
17027,70,0
17028,68,0
17029,70,0
17030,68,0
17031,66,0
17032,68,0
17033,66,0
17034,66,0
17035,68,0
17036,68,0
17037,68,0
17038,68,0
17039,70,0
17040,68,0
17041,72,0
17042,66,0
17043,66,0
17044,68,0
17045,68,0
17046,66,0
17047,70,0
17048,66,0
17049,68,0
17050,68,0
17051,70,0
17052,66,0
17053,70,0
17054,68,0
17055,68,0
17056,70,0
17057,68,0
17058,70,0
17059,70,0
17060,70,0
17061,66,0
17062,70,0
17063,68,0
17064,68,0
17065,70,0
17066,68,0
17067,70,0
17068,68,0
17069,68,0
17070,70,0
17071,68,0
17072,70,0
17073,72,0
17074,68,0
17075,66,0
17076,70,0
17077,68,0
17078,70,0
17079,68,0
17080,68,0
17081,64,0
17082,70,0
17083,68,0
17084,68,0
17085,66,0
17086,68,0
17087,68,0
17088,68,0
17089,66,0
17090,68,0
17091,68,0
17092,70,0
17093,66,0
17094,68,0
17095,68,0
17096,68,0
17097,66,0
17098,68,0
17099,68,0
17100,68,0
17101,66,0
17102,66,0
17103,70,0
17104,68,0
17105,66,0
17106,70,0
17107,68,0
17108,68,0
17109,70,0
17110,70,0
17111,68,0
17112,68,0
17113,68,0
17114,70,0
17115,68,0
17116,66,0
17117,70,0
17118,68,0
17119,68,0
17120,66,0
17121,68,0
17122,68,0
17123,68,0
17124,68,0
17125,70,0
17126,70,0
17127,68,0
17128,68,0
17129,70,0
17130,70,0
17131,70,0
17132,66,0
17133,68,0
17134,68,0
17135,68,0
17136,68,0
17137,68,0
17138,70,0
17139,66,0
17140,70,0
17141,68,0
17142,70,0
17143,68,0
17144,68,0
17145,70,0
17146,66,0
17147,68,0
17148,70,0
17149,68,0
17150,68,0
17151,68,0
17152,68,0
17153,70,0
17154,66,0
17155,68,0
17156,68,0
17157,68,0
17158,68,0
17159,68,0
17160,70,0
17161,66,0
17162,68,0
17163,68,0
17164,68,0
17165,66,0
17166,66,0
17167,68,0
17168,66,0
17169,68,0
17170,70,0
17171,68,0
17172,66,0
17173,68,0
17174,68,0
17175,68,0
17176,68,0
17177,68,0
17178,68,0
17179,68,0
17180,68,0
17181,70,0
17182,66,0
17183,66,0
17184,70,0
17185,70,0
17186,66,0
17187,70,0
17188,70,0
17189,70,0
17190,68,0
17191,66,0
17192,70,0
17193,66,0
17194,68,0
17195,68,0
17196,68,0
17197,68,0
17198,66,0
17199,68,0
17200,66,0
17201,70,0
17202,68,0
17203,70,0
17204,68,0
17205,66,0
17206,70,0
17207,68,0
17208,66,0
17209,70,0
17210,68,0
17211,68,0
17212,70,0
17213,70,0
17214,68,0
17215,68,0
17216,70,0
17217,68,0
17218,68,0
17219,68,0
17220,70,0
17221,68,0
17222,66,0
17223,68,0
17224,68,0
17225,66,0
17226,68,0
17227,68,0
17228,68,0
17229,68,0
17230,70,0
17231,70,0
17232,66,0
17233,68,0
17234,68,0
17235,68,0
17236,66,0
17237,68,0
17238,70,0
17239,68,0
17240,68,0
17241,68,0
17242,70,0
17243,70,0
17244,68,0
17245,70,0
17246,68,0
17247,70,0
17248,66,0
17249,68,0
17250,68,0
17251,68,0
17252,68,0
17253,68,0
17254,70,0
17255,68,0
17256,68,0
17257,70,0
17258,66,0
17259,68,0
17260,70,0
17261,68,0
17262,70,0
17263,68,0
17264,70,0
17265,68,0
17266,68,0
17267,68,0
17268,68,0
17269,68,0
17270,68,0
17271,70,0
17272,70,0
17273,68,0
17274,68,0
17275,70,0
17276,68,0
17277,70,0
17278,68,0
17279,70,0
17280,68,0
17281,68,0
17282,70,0
17283,68,0
17284,68,0
17285,70,0
17286,70,0
17287,70,0
17288,68,0
17289,70,0
17290,70,0
17291,70,0
17292,66,0
17293,68,0
17294,68,0
17295,70,0
17296,66,0
17297,68,0
17298,68,0
17299,68,0
17300,68,0
17301,68,0
17302,70,0
17303,70,0
17304,68,0
17305,66,0
17306,68,0
17307,64,0
17308,68,0
17309,68,0
17310,68,0
17311,66,0
17312,68,0
17313,68,0
17314,68,0
17315,68,0
17316,68,0
17317,70,0
17318,68,0
17319,70,0
17320,68,0
17321,70,0
17322,70,0
17323,66,0
17324,68,0
17325,70,0
17326,68,0
17327,70,0
17328,70,0
17329,70,0
17330,68,0
17331,68,0
17332,68,0
17333,68,0
17334,66,0
17335,70,0
17336,66,0
17337,68,0
17338,70,0
17339,70,0
17340,68,0
17341,72,0
17342,66,0
17343,66,0
17344,70,0
17345,70,0
17346,66,0
17347,70,0
17348,68,0
17349,66,0
17350,68,0
17351,68,0
17352,68,0
17353,68,0
17354,68,0
17355,68,0
17356,66,0
17357,68,0
17358,68,0
17359,68,0
17360,68,0
17361,68,0
17362,64,0
17363,68,0
17364,66,0
17365,70,0
17366,66,0
17367,70,0
17368,68,0
17369,68,0
17370,66,0
17371,70,0
17372,66,0
17373,68,0
17374,68,0
17375,68,0
17376,68,0
17377,70,0
17378,66,0
17379,68,0
17380,70,0
17381,68,0
17382,66,0
17383,68,0
17384,70,0
17385,68,0
17386,68,0
17387,68,0
17388,68,0
17389,70,0
17390,68,0
17391,68,0
17392,66,0
17393,70,0
17394,66,0
17395,68,0
17396,64,0
17397,68,0
17398,70,0
17399,70,0
17400,68,0
17401,66,0
17402,68,0
17403,66,0
17404,70,0
17405,70,0
17406,68,0
17407,70,0
17408,66,0
17409,64,0
17410,68,0
17411,68,0
17412,70,0
17413,70,0
17414,68,0
17415,68,0
17416,70,0
17417,68,0
17418,70,0
17419,70,0
17420,68,0
17421,68,0
17422,70,0
17423,70,0
17424,70,0
17425,68,0
17426,70,0
17427,68,0
17428,70,0
17429,68,0
17430,70,0
17431,68,0
17432,70,0
17433,68,0
17434,68,0
17435,66,0
17436,66,0
17437,68,0
17438,70,0
17439,68,0
17440,68,0
17441,70,0
17442,68,0
17443,70,0
17444,68,0
17445,68,0
17446,70,0
17447,70,0
17448,70,0
17449,70,0
17450,68,0
17451,68,0
17452,70,0
17453,68,0
17454,70,0
17455,70,0
17456,68,0
17457,68,0
17458,70,0
17459,66,0
17460,70,0
17461,68,0
17462,68,0
17463,68,0
17464,68,0
17465,70,0
17466,72,0
17467,68,0
17468,70,0
17469,70,0
17470,68,0
17471,70,0
17472,70,0
17473,68,0
17474,66,0
17475,68,0
17476,68,0
17477,68,0
17478,68,0
17479,70,0
17480,70,0
17481,68,0
17482,68,0
17483,68,0
17484,70,0
17485,70,0
17486,68,0
17487,66,0
17488,68,0
17489,68,0
17490,68,0
17491,70,0
17492,68,0
17493,68,0
17494,66,0
17495,70,0
17496,66,0
17497,68,0
17498,68,0
17499,70,0
17500,70,0
17501,68,0
17502,66,0
17503,70,0
17504,72,0
17505,72,0
17506,68,0
17507,70,0
17508,68,0
17509,68,0
17510,70,0
17511,68,0
17512,68,0
17513,70,0
17514,70,0
17515,72,0
17516,68,0
17517,68,0
17518,68,0
17519,66,0
17520,68,0
17521,66,0
17522,72,0
17523,68,0
17524,70,0
17525,68,0
17526,68,0
17527,70,0
17528,68,0
17529,66,0
17530,70,0
17531,68,0
17532,68,0
17533,70,0
17534,68,0
17535,68,0
17536,70,0
17537,68,0
17538,68,0
17539,70,0
17540,68,0
17541,70,0
17542,70,0
17543,70,0
17544,68,0
17545,68,0
17546,68,0
17547,70,0
17548,68,0
17549,66,0
17550,68,0
17551,68,0
17552,70,0
17553,68,0
17554,70,0
17555,66,0
17556,68,0
17557,70,0
17558,68,0
17559,70,0
17560,68,0
17561,68,0
17562,68,0
17563,68,0
17564,70,0
17565,68,0
17566,70,0
17567,70,0
17568,70,0
17569,70,0
17570,68,0
17571,70,0
17572,66,0
17573,70,0
17574,68,0
17575,70,0
17576,68,0
17577,70,0
17578,68,0
17579,68,0
17580,68,0
17581,68,0
17582,70,0
17583,68,0
17584,70,0
17585,68,0
17586,70,0
17587,68,0
17588,70,0
17589,76,0
17590,68,0
17591,68,0
17592,70,0
17593,70,0
17594,68,0
17595,70,0
17596,72,0
17597,70,0
17598,70,0
17599,68,0
17600,70,0
17601,68,0
17602,70,0
17603,70,0
17604,68,0
17605,70,0
17606,70,0
17607,68,0
17608,70,0
17609,68,0
17610,68,0
17611,68,0
17612,68,0
17613,70,0
17614,68,0
17615,70,0
17616,68,0
17617,68,0
17618,70,0
17619,68,0
17620,68,0
17621,70,0
17622,68,0
17623,68,0
17624,70,0
17625,66,0
17626,66,0
17627,70,0
17628,68,0
17629,68,0
17630,70,0
17631,68,0
17632,68,0
17633,70,0
17634,68,0
17635,68,0
17636,70,0
17637,72,0
17638,68,0
17639,68,0
17640,70,0
17641,70,0
17642,70,0
17643,68,0
17644,66,0
17645,68,0
17646,68,0
17647,68,0
17648,68,0
17649,68,0
17650,70,0
17651,68,0
17652,66,0
17653,70,0
17654,72,0
17655,72,0
17656,68,0
17657,66,0
17658,70,0
17659,70,0
17660,68,0
17661,68,0
17662,70,0
17663,68,0
17664,68,0
17665,70,0
17666,68,0
17667,68,0
17668,68,0
17669,68,0
17670,68,0
17671,68,0
17672,68,0
17673,70,0
17674,66,0
17675,68,0
17676,68,0
17677,70,0
17678,68,0
17679,66,0
17680,68,0
17681,70,0
17682,70,0
17683,68,0
17684,66,0
17685,68,0
17686,68,0
17687,70,0
17688,66,0
17689,68,0
17690,70,0
17691,68,0
17692,68,0
17693,66,0
17694,68,0
17695,70,0
17696,68,0
17697,70,0
17698,68,0
17699,68,0
17700,70,0
17701,68,0
17702,68,0
17703,68,0
17704,68,0
17705,70,0
17706,70,0
17707,68,0
17708,70,0
17709,68,0
17710,70,0
17711,68,0
17712,68,0
17713,68,0
17714,70,0
17715,70,0
17716,70,0
17717,68,0
17718,70,0
17719,70,0
17720,68,0
17721,68,0
17722,68,0
17723,68,0
17724,70,0
17725,68,0
17726,68,0
17727,66,0
17728,68,0
17729,68,0
17730,68,0
17731,70,0
17732,66,0
17733,70,0
17734,68,0
17735,70,0
17736,68,0
17737,70,0
17738,68,0
17739,68,0
17740,68,0
17741,68,0
17742,70,0
17743,68,0
17744,70,0
17745,68,0
17746,70,0
17747,68,0
17748,70,0
17749,68,0
17750,68,0
17751,70,0
17752,68,0
17753,70,0
17754,68,0
17755,68,0
17756,68,0
17757,68,0
17758,68,0
17759,68,0
17760,70,0
17761,68,0
17762,70,0
17763,68,0
17764,70,0
17765,70,0
17766,68,0
17767,68,0
17768,68,0
17769,68,0
17770,68,0
17771,70,0
17772,66,0
17773,66,0
17774,70,0
17775,68,0
17776,66,0
17777,68,0
17778,66,0
17779,68,0
17780,70,0
17781,68,0
17782,68,0
17783,70,0
17784,68,0
17785,66,0
17786,70,0
17787,70,0
17788,68,0
17789,68,0
17790,70,0
17791,68,0
17792,68,0
17793,68,0
17794,66,0
17795,66,0
17796,68,0
17797,68,0
17798,68,0
17799,66,0
17800,70,0
17801,66,0
17802,68,0
17803,70,0
17804,68,0
17805,68,0
17806,68,0
17807,70,0
17808,68,0
17809,68,0
17810,68,0
17811,68,0
17812,70,0
17813,68,0
17814,70,0
17815,68,0
17816,68,0
17817,70,0
17818,68,0
17819,70,0
17820,72,0
17821,68,0
17822,70,0
17823,68,0
17824,66,0
17825,70,0
17826,70,0
17827,68,0
17828,70,0
17829,68,0
17830,68,0
17831,66,0
17832,68,0
17833,70,0
17834,70,0
17835,68,0
17836,68,0
17837,68,0
17838,68,0
17839,68,0
17840,68,0
17841,66,0
17842,68,0
17843,68,0
17844,70,0
17845,68,0
17846,68,0
17847,70,0
17848,68,0
17849,68,0
17850,70,0
17851,68,0
17852,68,0
17853,68,0
17854,68,0
17855,68,0
17856,66,0
17857,68,0
17858,68,0
17859,70,0
17860,68,0
17861,70,0
17862,68,0
17863,68,0
17864,70,0
17865,68,0
17866,68,0
17867,68,0
17868,68,0
17869,68,0
17870,70,0
17871,68,0
17872,70,0
17873,70,0
17874,68,0
17875,70,0
17876,68,0
17877,68,0
17878,70,0
17879,68,0
17880,70,0
17881,70,0
17882,68,0
17883,70,0
17884,68,0
17885,70,0
17886,68,0
17887,68,0
17888,70,0
17889,68,0
17890,70,0
17891,68,0
17892,68,0
17893,70,0
17894,68,0
17895,70,0
17896,68,0
17897,70,0
17898,68,0
17899,68,0
17900,70,0
17901,68,0
17902,70,0
17903,68,0
17904,70,0
17905,68,0
17906,68,0
17907,68,0
17908,68,0
17909,68,0
17910,68,0
17911,70,0
17912,68,0
17913,70,0
17914,68,0
17915,70,0
17916,64,0
17917,70,0
17918,68,0
17919,68,0
17920,68,0
17921,68,0
17922,70,0
17923,68,0
17924,70,0
17925,68,0
17926,68,0
17927,70,0
17928,68,0
17929,70,0
17930,68,0
17931,68,0
17932,68,0
17933,68,0
17934,68,0
17935,68,0
17936,70,0
17937,70,0
17938,66,0
17939,70,0
17940,68,0
17941,68,0
17942,70,0
17943,68,0
17944,64,0
17945,70,0
17946,68,0
17947,70,0
17948,68,0
17949,68,0
17950,70,0
17951,70,0
17952,68,0
17953,68,0
17954,68,0
17955,66,0
17956,70,0
17957,68,0
17958,68,0
17959,70,0
17960,68,0
17961,70,0
17962,70,0
17963,68,0
17964,70,0
17965,70,0
17966,68,0
17967,70,0
17968,70,0
17969,66,0
17970,68,0
17971,68,0
17972,70,0
17973,68,0
17974,68,0
17975,70,0
17976,70,0
17977,70,0
17978,68,0
17979,70,0
17980,66,0
17981,66,0
17982,68,0
17983,70,0
17984,72,0
17985,68,0
17986,68,0
17987,70,0
17988,68,0
17989,70,0
17990,68,0
17991,66,0
17992,68,0
17993,68,0
17994,66,0
17995,70,0
17996,70,0
17997,66,0
17998,68,0
17999,68,0
18000,70,0
18001,68,0
18002,70,0
18003,70,0
18004,70,0
18005,70,0
18006,68,0
18007,70,0
18008,68,0
18009,68,0
18010,68,0
18011,68,0
18012,68,0
18013,68,0
18014,66,0
18015,68,0
18016,70,0
18017,68,0
18018,68,0
18019,68,0
18020,68,0
18021,68,0
18022,68,0
18023,70,0
18024,70,0
18025,68,0
18026,70,0
18027,68,0
18028,68,0
18029,68,0
18030,66,0
18031,68,0
18032,66,0
18033,68,0
18034,68,0
18035,68,0
18036,70,0
18037,68,0
18038,70,0
18039,68,0
18040,68,0
18041,68,0
18042,68,0
18043,68,0
18044,68,0
18045,68,0
18046,70,0
18047,68,0
18048,68,0
18049,70,0
18050,68,0
18051,70,0
18052,68,0
18053,68,0
18054,70,0
18055,68,0
18056,70,0
18057,68,0
18058,70,0
18059,70,0
18060,68,0
18061,70,0
18062,68,0
18063,68,0
18064,68,0
18065,68,0
18066,68,0
18067,68,0
18068,70,0
18069,68,0
18070,70,0
18071,66,0
18072,70,0
18073,68,0
18074,68,0
18075,68,0
18076,68,0
18077,70,0
18078,68,0
18079,70,0
18080,68,0
18081,68,0
18082,68,0
18083,70,0
18084,68,0
18085,70,0
18086,68,0
18087,68,0
18088,70,0
18089,68,0
18090,70,0
18091,68,0
18092,68,0
18093,70,0
18094,68,0
18095,68,0
18096,68,0
18097,68,0
18098,68,0
18099,68,0
18100,70,0
18101,68,0
18102,68,0
18103,70,0
18104,66,0
18105,70,0
18106,68,0
18107,68,0
18108,70,0
18109,68,0
18110,66,0
18111,68,0
18112,68,0
18113,70,0
18114,70,0
18115,68,0
18116,70,0
18117,68,0
18118,68,0
18119,68,0
18120,68,0
18121,70,0
18122,70,0
18123,68,0
18124,68,0
18125,68,0
18126,70,0
18127,68,0
18128,70,0
18129,66,0
18130,68,0
18131,70,0
18132,66,0
18133,68,0
18134,68,0
18135,66,0
18136,68,0
18137,68,0
18138,70,0
18139,70,0
18140,70,0
18141,68,0
18142,70,0
18143,68,0
18144,68,0
18145,68,0
18146,70,0
18147,70,0
18148,68,0
18149,70,0
18150,68,0
18151,68,0
18152,68,0
18153,68,0
18154,68,0
18155,68,0
18156,68,0
18157,68,0
18158,66,0
18159,68,0
18160,70,0
18161,68,0
18162,68,0
18163,68,0
18164,66,0
18165,68,0
18166,68,0
18167,68,0
18168,68,0
18169,68,0
18170,68,0
18171,68,0
18172,66,0
18173,66,0
18174,70,0
18175,68,0
18176,66,0
18177,68,0
18178,68,0
18179,68,0
18180,70,0
18181,68,0
18182,68,0
18183,68,0
18184,70,0
18185,70,0
18186,70,0
18187,68,0
18188,68,0
18189,68,0
18190,68,0
18191,72,0
18192,70,0
18193,68,0
18194,70,0
18195,68,0
18196,70,0
18197,70,0
18198,70,0
18199,68,0
18200,70,0
18201,68,0
18202,70,0
18203,68,0
18204,70,0
18205,70,0
18206,68,0
18207,70,0
18208,68,0
18209,68,0
18210,70,0
18211,68,0
18212,70,0
18213,68,0
18214,68,0
18215,68,0
18216,68,0
18217,68,0
18218,68,0
18219,68,0
18220,68,0
18221,68,0
18222,68,0
18223,68,0
18224,70,0
18225,68,0
18226,68,0
18227,68,0
18228,70,0
18229,70,0
18230,68,0
18231,68,0
18232,68,0
18233,70,0
18234,70,0
18235,68,0
18236,68,0
18237,70,0
18238,68,0
18239,68,0
18240,70,0
18241,70,0
18242,68,0
18243,68,0
18244,68,0
18245,70,0
18246,68,0
18247,68,0
18248,68,0
18249,70,0
18250,70,0
18251,68,0
18252,68,0
18253,70,0
18254,68,0
18255,70,0
18256,66,0
18257,70,0
18258,70,0
18259,68,0
18260,68,0
18261,68,0
18262,68,0
18263,68,0
18264,70,0
18265,70,0
18266,70,0
18267,70,0
18268,68,0
18269,66,0
18270,68,0
18271,70,0
18272,70,0
18273,70,0
18274,70,0
18275,68,0
18276,70,0
18277,70,0
18278,68,0
18279,68,0
18280,68,0
18281,72,0
18282,68,0
18283,68,0
18284,68,0
18285,68,0
18286,70,0
18287,68,0
18288,72,0
18289,70,0
18290,70,0
18291,70,0
18292,68,0
18293,70,0
18294,68,0
18295,70,0
18296,68,0
18297,68,0
18298,66,0
18299,70,0
18300,70,0
18301,68,0
18302,66,0
18303,68,0
18304,68,0
18305,66,0
18306,68,0
18307,68,0
18308,70,0
18309,70,0
18310,70,0
18311,68,0
18312,68,0
18313,68,0
18314,70,0
18315,68,0
18316,68,0
18317,70,0
18318,68,0
18319,70,0
18320,70,0
18321,68,0
18322,70,0
18323,68,0
18324,70,0
18325,68,0
18326,68,0
18327,68,0
18328,68,0
18329,68,0
18330,68,0
18331,70,0
18332,70,0
18333,70,0
18334,70,0
18335,68,0
18336,68,0
18337,66,0
18338,68,0
18339,68,0
18340,68,0
18341,68,0
18342,68,0
18343,68,0
18344,68,0
18345,68,0
18346,66,0
18347,70,0
18348,68,0
18349,66,0
18350,70,0
18351,68,0
18352,68,0
18353,70,0
18354,70,0
18355,68,0
18356,70,0
18357,70,0
18358,68,0
18359,68,0
18360,66,0
18361,70,0
18362,68,0
18363,66,0
18364,70,0
18365,68,0
18366,68,0
18367,68,0
18368,68,0
18369,68,0
18370,66,0
18371,68,0
18372,66,0
18373,70,0
18374,70,0
18375,70,0
18376,70,0
18377,70,0
18378,68,0
18379,68,0
18380,68,0
18381,68,0
18382,68,0
18383,68,0
18384,68,0
18385,68,0
18386,70,0
18387,68,0
18388,68,0
18389,68,0
18390,68,0
18391,68,0
18392,68,0
18393,68,0
18394,68,0
18395,68,0
18396,70,0
18397,68,0
18398,68,0
18399,70,0
18400,70,0
18401,68,0
18402,68,0
18403,68,0
18404,66,0
18405,70,0
18406,66,0
18407,68,0
18408,64,0
18409,70,0
18410,68,0
18411,70,0
18412,68,0
18413,66,0
18414,70,0
18415,70,0
18416,70,0
18417,70,0
18418,68,0
18419,68,0
18420,68,0
18421,68,0
18422,68,0
18423,68,0
18424,68,0
18425,66,0
18426,66,0
18427,68,0
18428,68,0
18429,68,0
18430,68,0
18431,68,0
18432,70,0
18433,66,0
18434,68,0
18435,66,0
18436,68,0
18437,70,0
18438,68,0
18439,68,0
18440,68,0
18441,68,0
18442,70,0
18443,70,0
18444,70,0
18445,70,0
18446,68,0
18447,68,0
18448,68,0
18449,70,0
18450,70,0
18451,68,0
18452,66,0
18453,68,0
18454,68,0
18455,70,0
18456,68,0
18457,68,0
18458,68,0
18459,70,0
18460,70,0
18461,68,0
18462,66,0
18463,68,0
18464,70,0
18465,68,0
18466,68,0
18467,68,0
18468,70,0
18469,68,0
18470,70,0
18471,68,0
18472,66,0
18473,70,0
18474,70,0
18475,68,0
18476,68,0
18477,70,0
18478,68,0
18479,68,0
18480,68,0
18481,70,0
18482,68,0
18483,66,0
18484,68,0
18485,68,0
18486,70,0
18487,70,0
18488,68,0
18489,68,0
18490,68,0
18491,68,0
18492,68,0
18493,68,0
18494,66,0
18495,68,0
18496,70,0
18497,68,0
18498,68,0
18499,66,0
18500,68,0
18501,68,0
18502,70,0
18503,66,0
18504,70,0
18505,68,0
18506,68,0
18507,68,0
18508,68,0
18509,68,0
18510,68,0
18511,70,0
18512,70,0
18513,68,0
18514,70,0
18515,70,0
18516,70,0
18517,68,0
18518,68,0
18519,68,0
18520,68,0
18521,68,0
18522,70,0
18523,70,0
18524,68,0
18525,68,0
18526,70,0
18527,72,0
18528,70,0
18529,68,0
18530,70,0
18531,70,0
18532,68,0
18533,72,0
18534,70,0
18535,70,0
18536,66,0
18537,68,0
18538,72,0
18539,70,0
18540,68,0
18541,68,0
18542,68,0
18543,70,0
18544,70,0
18545,70,0
18546,68,0
18547,68,0
18548,68,0
18549,68,0
18550,68,0
18551,70,0
18552,70,0
18553,70,0
18554,70,0
18555,70,0
18556,70,0
18557,70,0
18558,68,0
18559,70,0
18560,70,0
18561,70,0
18562,70,0
18563,70,0
18564,68,0
18565,70,0
18566,70,0
18567,70,0
18568,68,0
18569,68,0
18570,68,0
18571,66,0
18572,68,0
18573,70,0
18574,70,0
18575,70,0
18576,70,0
18577,70,0
18578,68,0
18579,70,0
18580,68,0
18581,66,0
18582,68,0
18583,68,0
18584,68,0
18585,68,0
18586,68,0
18587,70,0
18588,66,0
18589,70,0
18590,68,0
18591,70,0
18592,68,0
18593,68,0
18594,68,0
18595,66,0
18596,68,0
18597,68,0
18598,66,0
18599,70,0
18600,68,0
18601,70,0
18602,68,0
18603,70,0
18604,68,0
18605,66,0
18606,66,0
18607,68,0
18608,68,0
18609,68,0
18610,68,0
18611,70,0
18612,68,0
18613,66,0
18614,68,0
18615,70,0
18616,70,0
18617,68,0
18618,66,0
18619,68,0
18620,70,0
18621,68,0
18622,70,0
18623,70,0
18624,68,0
18625,70,0
18626,68,0
18627,68,0
18628,70,0
18629,68,0
18630,66,0
18631,68,0
18632,68,0
18633,68,0
18634,70,0
18635,68,0
18636,68,0
18637,70,0
18638,70,0
18639,68,0
18640,66,0
18641,68,0
18642,66,0
18643,70,0
18644,68,0
18645,70,0
18646,68,0
18647,68,0
18648,70,0
18649,70,0
18650,72,0
18651,68,0
18652,70,0
18653,68,0
18654,68,0
18655,68,0
18656,68,0
18657,72,0
18658,70,0
18659,68,0
18660,66,0
18661,68,0
18662,68,0
18663,68,0
18664,68,0
18665,68,0
18666,68,0
18667,68,0
18668,68,0
18669,66,0
18670,68,0
18671,70,0
18672,68,0
18673,68,0
18674,66,0
18675,68,0
18676,70,0
18677,70,0
18678,70,0
18679,70,0
18680,68,0
18681,68,0
18682,68,0
18683,68,0
18684,68,0
18685,68,0
18686,70,0
18687,70,0
18688,68,0
18689,68,0
18690,70,0
18691,68,0
18692,68,0
18693,68,0
18694,68,0
18695,70,0
18696,68,0
18697,68,0
18698,70,0
18699,66,0
18700,70,0
18701,70,0
18702,70,0
18703,68,0
18704,68,0
18705,68,0
18706,68,0
18707,68,0
18708,68,0
18709,66,0
18710,68,0
18711,68,0
18712,70,0
18713,68,0
18714,68,0
18715,68,0
18716,68,0
18717,68,0
18718,68,0
18719,70,0
18720,68,0
18721,68,0
18722,68,0
18723,68,0
18724,70,0
18725,70,0
18726,68,0
18727,68,0
18728,68,0
18729,66,0
18730,70,0
18731,68,0
18732,68,0
18733,68,0
18734,70,0
18735,70,0
18736,68,0
18737,68,0
18738,68,0
18739,70,0
18740,70,0
18741,68,0
18742,70,0
18743,70,0
18744,70,0
18745,70,0
18746,68,0
18747,70,0
18748,68,0
18749,68,0
18750,68,0
18751,68,0
18752,68,0
18753,68,0
18754,68,0
18755,68,0
18756,70,0
18757,68,0
18758,68,0
18759,68,0
18760,70,0
18761,68,0
18762,70,0
18763,70,0
18764,68,0
18765,70,0
18766,70,0
18767,70,0
18768,68,0
18769,70,0
18770,68,0
18771,68,0
18772,66,0
18773,70,0
18774,68,0
18775,68,0
18776,70,0
18777,66,0
18778,70,0
18779,70,0
18780,66,0
18781,68,0
18782,70,0
18783,68,0
18784,68,0
18785,70,0
18786,68,0
18787,66,0
18788,68,0
18789,66,0
18790,70,0
18791,66,0
18792,70,0
18793,66,0
18794,70,0
18795,70,0
18796,66,0
18797,68,0
18798,70,0
18799,68,0
18800,68,0
18801,68,0
18802,68,0
18803,72,0
18804,68,0
18805,68,0
18806,68,0
18807,68,0
18808,68,0
18809,68,0
18810,68,0
18811,68,0
18812,66,0
18813,70,0
18814,68,0
18815,68,0
18816,68,0
18817,66,0
18818,70,0
18819,70,0
18820,70,0
18821,70,0
18822,66,0
18823,70,0
18824,70,0
18825,68,0
18826,68,0
18827,70,0
18828,64,0
18829,68,0
18830,66,0
18831,70,0
18832,68,0
18833,68,0
18834,70,0
18835,68,0
18836,68,0
18837,68,0
18838,70,0
18839,70,0
18840,68,0
18841,68,0
18842,68,0
18843,70,0
18844,68,0
18845,70,0
18846,68,0
18847,68,0
18848,70,0
18849,68,0
18850,68,0
18851,70,0
18852,70,0
18853,68,0
18854,70,0
18855,68,0
18856,68,0
18857,68,0
18858,68,0
18859,70,0
18860,68,0
18861,68,0
18862,68,0
18863,70,0
18864,68,0
18865,68,0
18866,68,0
18867,68,0
18868,68,0
18869,66,0
18870,70,0
18871,68,0
18872,70,0
18873,70,0
18874,70,0
18875,70,0
18876,68,0
18877,68,0
18878,68,0
18879,68,0
18880,68,0
18881,70,0
18882,66,0
18883,66,0
18884,68,0
18885,68,0
18886,70,0
18887,70,0
18888,70,0
18889,68,0
18890,70,0
18891,66,0
18892,70,0
18893,70,0
18894,70,0
18895,70,0
18896,70,0
18897,66,0
18898,68,0
18899,68,0
18900,70,0
18901,70,0
18902,68,0
18903,68,0
18904,68,0
18905,68,0
18906,68,0
18907,68,0
18908,68,0
18909,70,0
18910,68,0
18911,70,0
18912,68,0
18913,70,0
18914,68,0
18915,68,0
18916,68,0
18917,68,0
18918,68,0
18919,68,0
18920,68,0
18921,70,0
18922,68,0
18923,68,0
18924,66,0
18925,68,0
18926,68,0
18927,68,0
18928,68,0
18929,68,0
18930,68,0
18931,70,0
18932,68,0
18933,68,0
18934,68,0
18935,68,0
18936,68,0
18937,70,0
18938,68,0
18939,70,0
18940,68,0
18941,70,0
18942,66,0
18943,68,0
18944,72,0
18945,70,0
18946,70,0
18947,66,0
18948,68,0
18949,70,0
18950,68,0
18951,68,0
18952,68,0
18953,68,0
18954,68,0
18955,68,0
18956,68,0
18957,70,0
18958,68,0
18959,68,0
18960,70,0
18961,70,0
18962,70,0
18963,70,0
18964,70,0
18965,68,0
18966,68,0
18967,68,0
18968,68,0
18969,68,0
18970,68,0
18971,70,0
18972,68,0
18973,70,0
18974,68,0
18975,68,0
18976,68,0
18977,70,0
18978,68,0
18979,68,0
18980,68,0
18981,68,0
18982,68,0
18983,68,0
18984,70,0
18985,68,0
18986,68,0
18987,70,0
18988,68,0
18989,66,0
18990,68,0
18991,70,0
18992,68,0
18993,70,0
18994,68,0
18995,68,0
18996,70,0
18997,68,0
18998,68,0
18999,72,0
19000,70,0
19001,70,0
19002,66,0
19003,68,0
19004,70,0
19005,68,0
19006,68,0
19007,68,0
19008,68,0
19009,70,0
19010,70,0
19011,68,0
19012,70,0
19013,70,0
19014,68,0
19015,70,0
19016,68,0
19017,70,0
19018,68,0
19019,68,0
19020,70,0
19021,68,0
19022,70,0
19023,68,0
19024,68,0
19025,68,0
19026,68,0
19027,70,0
19028,68,0
19029,68,0
19030,68,0
19031,70,0
19032,68,0
19033,68,0
19034,68,0
19035,70,0
19036,70,0
19037,68,0
19038,70,0
19039,68,0
19040,70,0
19041,68,0
19042,70,0
19043,68,0
19044,68,0
19045,70,0
19046,68,0
19047,70,0
19048,68,0
19049,68,0
19050,68,0
19051,68,0
19052,72,0
19053,68,0
19054,68,0
19055,68,0
19056,70,0
19057,68,0
19058,70,0
19059,70,0
19060,68,0
19061,68,0
19062,68,0
19063,70,0
19064,68,0
19065,68,0
19066,68,0
19067,70,0
19068,68,0
19069,70,0
19070,68,0
19071,68,0
19072,70,0
19073,68,0
19074,68,0
19075,70,0
19076,68,0
19077,68,0
19078,68,0
19079,68,0
19080,66,0
19081,68,0
19082,68,0
19083,68,0
19084,68,0
19085,68,0
19086,68,0
19087,68,0
19088,70,0
19089,70,0
19090,68,0
19091,68,0
19092,70,0
19093,70,0
19094,70,0
19095,68,0
19096,68,0
19097,68,0
19098,70,0
19099,68,0
19100,70,0
19101,70,0
19102,70,0
19103,68,0
19104,70,0
19105,68,0
19106,68,0
19107,70,0
19108,70,0
19109,70,0
19110,68,0
19111,70,0
19112,68,0
19113,68,0
19114,70,0
19115,70,0
19116,70,0
19117,70,0
19118,68,0
19119,66,0
19120,68,0
19121,66,0
19122,70,0
19123,70,0
19124,70,0
19125,70,0
19126,70,0
19127,70,0
19128,70,0
19129,70,0
19130,68,0
19131,70,0
19132,68,0
19133,68,0
19134,68,0
19135,68,0
19136,68,0
19137,68,0
19138,68,0
19139,70,0
19140,68,0
19141,70,0
19142,68,0
19143,68,0
19144,68,0
19145,70,0
19146,70,0
19147,70,0
19148,68,0
19149,68,0
19150,68,0
19151,68,0
19152,66,0
19153,68,0
19154,68,0
19155,68,0
19156,70,0
19157,68,0
19158,68,0
19159,68,0
19160,68,0
19161,68,0
19162,68,0
19163,68,0
19164,68,0
19165,68,0
19166,68,0
19167,68,0
19168,70,0
19169,70,0
19170,68,0
19171,70,0
19172,70,0
19173,70,0
19174,68,0
19175,68,0
19176,68,0
19177,68,0
19178,68,0
19179,68,0
19180,68,0
19181,70,0
19182,70,0
19183,68,0
19184,68,0
19185,68,0
19186,68,0
19187,68,0
19188,68,0
19189,70,0
19190,70,0
19191,70,0
19192,68,0
19193,68,0
19194,68,0
19195,68,0
19196,70,0
19197,70,0
19198,70,0
19199,70,0
19200,68,0
19201,68,0
19202,70,0
19203,70,0
19204,68,0
19205,68,0
19206,66,0
19207,68,0
19208,70,0
19209,70,0
19210,68,0
19211,68,0
19212,68,0
19213,68,0
19214,70,0
19215,70,0
19216,70,0
19217,68,0
19218,68,0
19219,68,0
19220,68,0
19221,68,0
19222,68,0
19223,70,0
19224,70,0
19225,66,0
19226,70,0
19227,70,0
19228,70,0
19229,70,0
19230,72,0
19231,70,0
19232,68,0
19233,68,0
19234,68,0
19235,66,0
19236,68,0
19237,70,0
19238,70,0
19239,70,0
19240,68,0
19241,70,0
19242,68,0
19243,66,0
19244,68,0
19245,68,0
19246,70,0
19247,68,0
19248,70,0
19249,68,0
19250,68,0
19251,68,0
19252,68,0
19253,66,0
19254,68,0
19255,70,0
19256,66,0
19257,66,0
19258,70,0
19259,68,0
19260,66,0
19261,68,0
19262,68,0
19263,68,0
19264,70,0
19265,68,0
19266,70,0
19267,66,0
19268,70,0
19269,68,0
19270,68,0
19271,68,0
19272,68,0
19273,68,0
19274,68,0
19275,70,0
19276,70,0
19277,66,0
19278,64,0
19279,68,0
19280,70,0
19281,68,0
19282,68,0
19283,68,0
19284,70,0
19285,70,0
19286,70,0
19287,70,0
19288,68,0
19289,70,0
19290,70,0
19291,70,0
19292,68,0
19293,68,0
19294,68,0
19295,68,0
19296,66,0
19297,68,0
19298,68,0
19299,66,0
19300,68,0
19301,70,0
19302,68,0
19303,70,0
19304,68,0
19305,68,0
19306,66,0
19307,70,0
19308,66,0
19309,70,0
19310,68,0
19311,66,0
19312,68,0
19313,70,0
19314,68,0
19315,68,0
19316,70,0
19317,68,0
19318,70,0
19319,70,0
19320,68,0
19321,70,0
19322,70,0
19323,68,0
19324,68,0
19325,68,0
19326,66,0
19327,70,0
19328,70,0
19329,68,0
19330,66,0
19331,68,0
19332,68,0
19333,68,0
19334,70,0
19335,68,0
19336,70,0
19337,68,0
19338,66,0
19339,70,0
19340,70,0
19341,70,0
19342,68,0
19343,70,0
19344,70,0
19345,70,0
19346,68,0
19347,68,0
19348,68,0
19349,70,0
19350,70,0
19351,66,0
19352,70,0
19353,68,0
19354,70,0
19355,68,0
19356,68,0
19357,70,0
19358,70,0
19359,70,0
19360,68,0
19361,68,0
19362,68,0
19363,68,0
19364,70,0
19365,68,0
19366,68,0
19367,70,0
19368,68,0
19369,70,0
19370,68,0
19371,68,0
19372,70,0
19373,70,0
19374,68,0
19375,68,0
19376,70,0
19377,70,0
19378,68,0
19379,66,0
19380,68,0
19381,70,0
19382,68,0
19383,70,0
19384,68,0
19385,68,0
19386,68,0
19387,70,0
19388,68,0
19389,70,0
19390,68,0
19391,70,0
19392,68,0
19393,70,0
19394,68,0
19395,68,0
19396,68,0
19397,68,0
19398,66,0
19399,70,0
19400,68,0
19401,68,0
19402,68,0
19403,68,0
19404,68,0
19405,70,0
19406,70,0
19407,70,0
19408,68,0
19409,68,0
19410,68,0
19411,68,0
19412,70,0
19413,70,0
19414,68,0
19415,68,0
19416,64,0
19417,68,0
19418,66,0
19419,68,0
19420,70,0
19421,70,0
19422,70,0
19423,68,0
19424,70,0
19425,70,0
19426,70,0
19427,68,0
19428,68,0
19429,68,0
19430,68,0
19431,70,0
19432,70,0
19433,68,0
19434,70,0
19435,68,0
19436,68,0
19437,68,0
19438,68,0
19439,68,0
19440,70,0
19441,68,0
19442,68,0
19443,68,0
19444,68,0
19445,66,0
19446,66,0
19447,70,0
19448,68,0
19449,68,0
19450,68,0
19451,70,0
19452,66,0
19453,68,0
19454,70,0
19455,70,0
19456,70,0
19457,70,0
19458,66,0
19459,68,0
19460,68,0
19461,70,0
19462,72,0
19463,68,0
19464,70,0
19465,66,0
19466,68,0
19467,72,0
19468,68,0
19469,68,0
19470,66,0
19471,68,0
19472,66,0
19473,70,0
19474,68,0
19475,68,0
19476,66,0
19477,68,0
19478,68,0
19479,64,0
19480,68,0
19481,70,0
19482,70,0
19483,68,0
19484,70,0
19485,70,0
19486,68,0
19487,68,0
19488,68,0
19489,66,0
19490,68,0
19491,68,0
19492,70,0
19493,70,0
19494,70,0
19495,68,0
19496,68,0
19497,70,0
19498,68,0
19499,68,0
19500,70,0
19501,70,0
19502,68,0
19503,68,0
19504,70,0
19505,70,0
19506,68,0
19507,70,0
19508,68,0
19509,68,0
19510,68,0
19511,68,0
19512,70,0
19513,68,0
19514,68,0
19515,68,0
19516,66,0
19517,70,0
19518,70,0
19519,70,0
19520,68,0
19521,68,0
19522,68,0
19523,66,0
19524,70,0
19525,68,0
19526,66,0
19527,68,0
19528,68,0
19529,68,0
19530,68,0
19531,68,0
19532,70,0
19533,70,0
19534,68,0
19535,68,0
19536,68,0
19537,70,0
19538,68,0
19539,70,0
19540,68,0
19541,70,0
19542,70,0
19543,68,0
19544,68,0
19545,68,0
19546,70,0
19547,66,0
19548,68,0
19549,68,0
19550,68,0
19551,70,0
19552,68,0
19553,68,0
19554,68,0
19555,70,0
19556,68,0
19557,66,0
19558,68,0
19559,68,0
19560,68,0
19561,70,0
19562,68,0
19563,70,0
19564,68,0
19565,68,0
19566,68,0
19567,70,0
19568,68,0
19569,70,0
19570,68,0
19571,66,0
19572,68,0
19573,70,0
19574,70,0
19575,70,0
19576,70,0
19577,68,0
19578,68,0
19579,68,0
19580,70,0
19581,68,0
19582,68,0
19583,68,0
19584,72,0
19585,70,0
19586,68,0
19587,66,0
19588,68,0
19589,68,0
19590,68,0
19591,66,0
19592,70,0
19593,68,0
19594,70,0
19595,68,0
19596,68,0
19597,68,0
19598,66,0
19599,68,0
19600,66,0
19601,68,0
19602,68,0
19603,70,0
19604,68,0
19605,70,0
19606,70,0
19607,68,0
19608,68,0
19609,70,0
19610,68,0
19611,66,0
19612,68,0
19613,68,0
19614,68,0
19615,70,0
19616,70,0
19617,68,0
19618,66,0
19619,68,0
19620,68,0
19621,68,0
19622,68,0
19623,70,0
19624,68,0
19625,102,0
19626,66,0
19627,68,0
19628,68,0
19629,68,0
19630,72,0
19631,70,0
19632,70,0
19633,70,0
19634,68,0
19635,66,0
19636,68,0
19637,70,0
19638,68,0
19639,68,0
19640,68,0
19641,68,0
19642,70,0
19643,68,0
19644,66,0
19645,70,0
19646,70,0
19647,68,0
19648,70,0
19649,68,0
19650,68,0
19651,70,0
19652,70,0
19653,66,0
19654,70,0
19655,68,0
19656,68,0
19657,70,0
19658,68,0
19659,68,0
19660,70,0
19661,70,0
19662,68,0
19663,68,0
19664,68,0
19665,70,0
19666,68,0
19667,68,0
19668,68,0
19669,68,0
19670,70,0
19671,70,0
19672,70,0
19673,68,0
19674,68,0
19675,68,0
19676,68,0
19677,70,0
19678,70,0
19679,70,0
19680,68,0
19681,70,0
19682,68,0
19683,68,0
19684,68,0
19685,68,0
19686,68,0
19687,70,0
19688,68,0
19689,68,0
19690,68,0
19691,70,0
19692,68,0
19693,70,0
19694,68,0
19695,70,0
19696,68,0
19697,68,0
19698,70,0
19699,68,0
19700,68,0
19701,70,0
19702,70,0
19703,70,0
19704,70,0
19705,68,0
19706,68,0
19707,70,0
19708,68,0
19709,68,0
19710,68,0
19711,70,0
19712,68,0
19713,70,0
19714,68,0
19715,68,0
19716,66,0
19717,68,0
19718,68,0
19719,70,0
19720,70,0
19721,68,0
19722,68,0
19723,68,0
19724,68,0
19725,68,0
19726,70,0
19727,68,0
19728,70,0
19729,68,0
19730,66,0
19731,70,0
19732,68,0
19733,70,0
19734,68,0
19735,68,0
19736,68,0
19737,66,0
19738,68,0
19739,66,0
19740,68,0
19741,70,0
19742,68,0
19743,70,0
19744,70,0
19745,70,0
19746,68,0
19747,70,0
19748,68,0
19749,66,0
19750,68,0
19751,70,0
19752,68,0
19753,68,0
19754,68,0
19755,68,0
19756,66,0
19757,70,0
19758,70,0
19759,68,0
19760,68,0
19761,70,0
19762,68,0
19763,68,0
19764,68,0
19765,66,0
19766,70,0
19767,70,0
19768,70,0
19769,68,0
19770,70,0
19771,68,0
19772,70,0
19773,70,0
19774,70,0
19775,68,0
19776,68,0
19777,68,0
19778,68,0
19779,68,0
19780,68,0
19781,70,0
19782,70,0
19783,68,0
19784,70,0
19785,68,0
19786,68,0
19787,70,0
19788,70,0
19789,68,0
19790,68,0
19791,70,0
19792,70,0
19793,68,0
19794,68,0
19795,68,0
19796,68,0
19797,68,0
19798,66,0
19799,68,0
19800,70,0
19801,68,0
19802,68,0
19803,68,0
19804,68,0
19805,70,0
19806,68,0
19807,70,0
19808,68,0
19809,68,0
19810,70,0
19811,68,0
19812,68,0
19813,66,0
19814,70,0
19815,68,0
19816,66,0
19817,70,0
19818,68,0
19819,68,0
19820,70,0
19821,68,0
19822,70,0
19823,68,0
19824,70,0
19825,66,0
19826,68,0
19827,68,0
19828,66,0
19829,68,0
19830,68,0
19831,68,0
19832,68,0
19833,68,0
19834,70,0
19835,70,0
19836,70,0
19837,66,0
19838,68,0
19839,66,0
19840,68,0
19841,68,0
19842,70,0
19843,66,0
19844,70,0
19845,68,0
19846,70,0
19847,66,0
19848,70,0
19849,68,0
19850,70,0
19851,70,0
19852,68,0
19853,68,0
19854,68,0
19855,68,0
19856,68,0
19857,70,0
19858,70,0
19859,68,0
19860,70,0
19861,66,0
19862,70,0
19863,64,0
19864,68,0
19865,68,0
19866,68,0
19867,66,0
19868,70,0
19869,68,0
19870,66,0
19871,68,0
19872,70,0
19873,70,0
19874,68,0
19875,66,0
19876,68,0
19877,68,0
19878,66,0
19879,70,0
19880,68,0
19881,66,0
19882,68,0
19883,68,0
19884,68,0
19885,68,0
19886,68,0
19887,66,0
19888,68,0
19889,68,0
19890,68,0
19891,68,0
19892,68,0
19893,68,0
19894,66,0
19895,70,0
19896,64,0
19897,70,0
19898,68,0
19899,66,0
19900,68,0
19901,66,0
19902,70,0
19903,68,0
19904,68,0
19905,66,0
19906,68,0
19907,66,0
19908,70,0
19909,66,0
19910,66,0
19911,68,0
19912,66,0
19913,70,0
19914,70,0
19915,68,0
19916,68,0
19917,64,0
19918,70,0
19919,70,0
19920,68,0
19921,66,0
19922,66,0
19923,68,0
19924,66,0
19925,70,0
19926,68,0
19927,68,0
19928,70,0
19929,64,0
19930,70,0
19931,68,0
19932,68,0
19933,68,0
19934,68,0
19935,68,0
19936,66,0
19937,66,0
19938,68,0
19939,66,0
19940,72,0
19941,68,0
19942,66,0
19943,70,0
19944,68,0
19945,68,0
19946,68,0
19947,70,0
19948,66,0
19949,66,0
19950,68,0
19951,68,0
19952,66,0
19953,68,0
19954,68,0
19955,68,0
19956,64,0
19957,70,0
19958,68,0
19959,68,0
19960,66,0
19961,70,0
19962,68,0
19963,68,0
19964,68,0
19965,70,0
19966,66,0
19967,68,0
19968,68,0
19969,68,0
19970,70,0
19971,68,0
19972,68,0
19973,66,0
19974,70,0
19975,66,0
19976,68,0
19977,68,0
19978,66,0
19979,68,0
19980,70,0
19981,66,0
19982,68,0
19983,68,0
19984,66,0
19985,70,0
19986,68,0
19987,68,0
19988,68,0
19989,68,0
19990,68,0
19991,68,0
19992,68,0
19993,68,0
19994,68,0
19995,68,0
19996,66,0
19997,70,0
19998,68,0
19999,68,0
