trial,reload_ticks,classified_evicted
0,314,1
1,74,0
2,72,0
3,76,0
4,76,0
5,72,0
6,74,0
7,74,0
8,76,0
9,76,0
10,78,0
11,74,0
12,74,0
13,76,0
14,72,0
15,76,0
16,78,0
17,72,0
18,74,0
19,74,0
20,74,0
21,72,0
22,74,0
23,76,0
24,74,0
25,76,0
26,74,0
27,74,0
28,74,0
29,74,0
30,72,0
31,76,0
32,76,0
33,74,0
34,74,0
35,76,0
36,74,0
37,76,0
38,76,0
39,76,0
40,74,0
41,78,0
42,76,0
43,78,0
44,72,0
45,76,0
46,74,0
47,74,0
48,76,0
49,74,0
50,76,0
51,76,0
52,72,0
53,76,0
54,74,0
55,76,0
56,74,0
57,74,0
58,76,0
59,76,0
60,74,0
61,76,0
62,74,0
63,76,0
64,72,0
65,76,0
66,74,0
67,76,0
68,74,0
69,76,0
70,74,0
71,74,0
72,72,0
73,74,0
74,76,0
75,76,0
76,74,0
77,76,0
78,74,0
79,76,0
80,74,0
81,76,0
82,76,0
83,74,0
84,74,0
85,76,0
86,74,0
87,74,0
88,72,0
89,74,0
90,76,0
91,74,0
92,76,0
93,74,0
94,76,0
95,74,0
96,74,0
97,74,0
98,74,0
99,76,0
100,74,0
101,76,0
102,76,0
103,76,0
104,76,0
105,76,0
106,74,0
107,74,0
108,74,0
109,76,0
110,72,0
111,74,0
112,76,0
113,76,0
114,76,0
115,74,0
116,72,0
117,76,0
118,76,0
119,74,0
120,72,0
121,72,0
122,74,0
123,74,0
124,74,0
125,72,0
126,76,0
127,72,0
128,74,0
129,74,0
130,76,0
131,76,0
132,74,0
133,76,0
134,74,0
135,72,0
136,76,0
137,74,0
138,74,0
139,70,0
140,70,0
141,76,0
142,72,0
143,74,0
144,74,0
145,76,0
146,74,0
147,76,0
148,74,0
149,74,0
150,72,0
151,74,0
152,74,0
153,76,0
154,78,0
155,72,0
156,76,0
157,74,0
158,72,0
159,76,0
160,76,0
161,76,0
162,76,0
163,74,0
164,76,0
165,78,0
166,72,0
167,76,0
168,76,0
169,76,0
170,78,0
171,74,0
172,76,0
173,72,0
174,76,0
175,76,0
176,76,0
177,74,0
178,74,0
179,76,0
180,74,0
181,72,0
182,74,0
183,76,0
184,74,0
185,72,0
186,72,0
187,72,0
188,76,0
189,76,0
190,76,0
191,74,0
192,76,0
193,74,0
194,76,0
195,76,0
196,74,0
197,74,0
198,74,0
199,74,0
200,76,0
201,72,0
202,74,0
203,74,0
204,74,0
205,72,0
206,74,0
207,74,0
208,76,0
209,74,0
210,74,0
211,74,0
212,74,0
213,76,0
214,76,0
215,74,0
216,76,0
217,74,0
218,74,0
219,74,0
220,74,0
221,76,0
222,74,0
223,76,0
224,76,0
225,76,0
226,76,0
227,76,0
228,76,0
229,74,0
230,76,0
231,76,0
232,76,0
233,76,0
234,76,0
235,76,0
236,76,0
237,76,0
238,76,0
239,76,0
240,76,0
241,76,0
242,76,0
243,74,0
244,76,0
245,76,0
246,74,0
247,74,0
248,72,0
249,76,0
250,74,0
251,74,0
252,72,0
253,74,0
254,74,0
255,74,0
256,76,0
257,76,0
258,74,0
259,74,0
260,74,0
261,76,0
262,74,0
263,74,0
264,74,0
265,74,0
266,74,0
267,74,0
268,74,0
269,74,0
270,76,0
271,76,0
272,74,0
273,74,0
274,74,0
275,74,0
276,72,0
277,76,0
278,76,0
279,74,0
280,72,0
281,76,0
282,74,0
283,76,0
284,74,0
285,76,0
286,74,0
287,76,0
288,76,0
289,74,0
290,76,0
291,74,0
292,76,0
293,74,0
294,72,0
295,74,0
296,76,0
297,74,0
298,76,0
299,74,0
300,74,0
301,74,0
302,72,0
303,74,0
304,78,0
305,74,0
306,74,0
307,76,0
308,74,0
309,74,0
310,74,0
311,74,0
312,74,0
313,74,0
314,76,0
315,74,0
316,74,0
317,72,0
318,76,0
319,76,0
320,74,0
321,74,0
322,78,0
323,74,0
324,76,0
325,74,0
326,74,0
327,76,0
328,74,0
329,74,0
330,74,0
331,76,0
332,76,0
333,74,0
334,72,0
335,76,0
336,74,0
337,76,0
338,76,0
339,74,0
340,76,0
341,76,0
342,74,0
343,76,0
344,76,0
345,78,0
346,74,0
347,74,0
348,74,0
349,76,0
350,76,0
351,76,0
352,78,0
353,76,0
354,76,0
355,76,0
356,76,0
357,76,0
358,76,0
359,76,0
360,76,0
361,76,0
362,76,0
363,76,0
364,74,0
365,74,0
366,74,0
367,74,0
368,74,0
369,74,0
370,74,0
371,74,0
372,76,0
373,74,0
374,76,0
375,76,0
376,74,0
377,74,0
378,74,0
379,74,0
380,74,0
381,74,0
382,76,0
383,74,0
384,74,0
385,74,0
386,74,0
387,74,0
388,76,0
389,74,0
390,74,0
391,76,0
392,74,0
393,74,0
394,78,0
395,74,0
396,76,0
397,74,0
398,76,0
399,76,0
400,74,0
401,76,0
402,76,0
403,76,0
404,74,0
405,76,0
406,76,0
407,76,0
408,76,0
409,76,0
410,74,0
411,76,0
412,74,0
413,76,0
414,76,0
415,76,0
416,76,0
417,76,0
418,74,0
419,74,0
420,76,0
421,76,0
422,74,0
423,76,0
424,76,0
425,76,0
426,76,0
427,76,0
428,74,0
429,76,0
430,74,0
431,76,0
432,76,0
433,76,0
434,74,0
435,76,0
436,76,0
437,76,0
438,74,0
439,76,0
440,76,0
441,74,0
442,74,0
443,76,0
444,74,0
445,78,0
446,76,0
447,76,0
448,72,0
449,76,0
450,74,0
451,74,0
452,74,0
453,74,0
454,74,0
455,82,0
456,72,0
457,74,0
458,74,0
459,74,0
460,76,0
461,74,0
462,74,0
463,74,0
464,74,0
465,74,0
466,78,0
467,74,0
468,76,0
469,76,0
470,76,0
471,74,0
472,74,0
473,76,0
474,76,0
475,72,0
476,76,0
477,76,0
478,76,0
479,74,0
480,76,0
481,76,0
482,72,0
483,74,0
484,74,0
485,76,0
486,74,0
487,76,0
488,74,0
489,74,0
490,76,0
491,74,0
492,76,0
493,74,0
494,74,0
495,74,0
496,76,0
497,74,0
498,76,0
499,76,0
500,74,0
501,76,0
502,74,0
503,76,0
504,76,0
505,76,0
506,74,0
507,76,0
508,74,0
509,76,0
510,74,0
511,76,0
512,74,0
513,76,0
514,74,0
515,74,0
516,74,0
517,76,0
518,74,0
519,76,0
520,76,0
521,76,0
522,74,0
523,74,0
524,74,0
525,74,0
526,74,0
527,76,0
528,74,0
529,76,0
530,72,0
531,74,0
532,76,0
533,74,0
534,76,0
535,74,0
536,76,0
537,74,0
538,76,0
539,76,0
540,78,0
541,76,0
542,72,0
543,74,0
544,76,0
545,76,0
546,74,0
547,74,0
548,76,0
549,76,0
550,78,0
551,72,0
552,76,0
553,76,0
554,76,0
555,76,0
556,74,0
557,76,0
558,74,0
559,76,0
560,76,0
561,76,0
562,74,0
563,76,0
564,74,0
565,76,0
566,76,0
567,76,0
568,72,0
569,78,0
570,74,0
571,72,0
572,76,0
573,74,0
574,74,0
575,76,0
576,74,0
577,76,0
578,74,0
579,74,0
580,72,0
581,76,0
582,74,0
583,76,0
584,72,0
585,74,0
586,74,0
587,74,0
588,72,0
589,76,0
590,72,0
591,74,0
592,72,0
593,72,0
594,72,0
595,74,0
596,72,0
597,72,0
598,76,0
599,78,0
600,76,0
601,74,0
602,74,0
603,76,0
604,74,0
605,76,0
606,72,0
607,74,0
608,72,0
609,74,0
610,74,0
611,78,0
612,72,0
613,74,0
614,76,0
615,72,0
616,74,0
617,76,0
618,74,0
619,74,0
620,74,0
621,76,0
622,74,0
623,72,0
624,74,0
625,76,0
626,74,0
627,74,0
628,72,0
629,74,0
630,74,0
631,76,0
632,74,0
633,74,0
634,74,0
635,76,0
636,74,0
637,74,0
638,74,0
639,76,0
640,74,0
641,74,0
642,74,0
643,76,0
644,76,0
645,72,0
646,72,0
647,74,0
648,76,0
649,74,0
650,74,0
651,74,0
652,74,0
653,76,0
654,74,0
655,78,0
656,74,0
657,74,0
658,74,0
659,76,0
660,74,0
661,74,0
662,74,0
663,74,0
664,74,0
665,74,0
666,74,0
667,74,0
668,74,0
669,74,0
670,74,0
671,76,0
672,74,0
673,74,0
674,74,0
675,74,0
676,74,0
677,76,0
678,74,0
679,74,0
680,74,0
681,74,0
682,74,0
683,74,0
684,74,0
685,76,0
686,74,0
687,74,0
688,74,0
689,76,0
690,74,0
691,72,0
692,74,0
693,74,0
694,76,0
695,76,0
696,74,0
697,72,0
698,74,0
699,76,0
700,76,0
701,74,0
702,74,0
703,74,0
704,76,0
705,76,0
706,74,0
707,76,0
708,74,0
709,76,0
710,72,0
711,74,0
712,74,0
713,74,0
714,74,0
715,76,0
716,74,0
717,76,0
718,74,0
719,72,0
720,74,0
721,74,0
722,72,0
723,76,0
724,74,0
725,74,0
726,74,0
727,74,0
728,72,0
729,76,0
730,74,0
731,74,0
732,74,0
733,74,0
734,74,0
735,76,0
736,74,0
737,74,0
738,72,0
739,74,0
740,74,0
741,76,0
742,74,0
743,74,0
744,74,0
745,76,0
746,74,0
747,74,0
748,74,0
749,76,0
750,74,0
751,74,0
752,74,0
753,74,0
754,72,0
755,74,0
756,72,0
757,72,0
758,74,0
759,74,0
760,74,0
761,74,0
762,72,0
763,74,0
764,74,0
765,74,0
766,74,0
767,74,0
768,74,0
769,76,0
770,72,0
771,74,0
772,72,0
773,76,0
774,72,0
775,76,0
776,74,0
777,76,0
778,74,0
779,76,0
780,74,0
781,74,0
782,76,0
783,74,0
784,74,0
785,74,0
786,74,0
787,76,0
788,74,0
789,74,0
790,74,0
791,74,0
792,74,0
793,74,0
794,74,0
795,76,0
796,74,0
797,76,0
798,74,0
799,74,0
800,74,0
801,74,0
802,74,0
803,74,0
804,72,0
805,74,0
806,74,0
807,76,0
808,74,0
809,74,0
810,74,0
811,76,0
812,74,0
813,76,0
814,74,0
815,76,0
816,74,0
817,74,0
818,74,0
819,76,0
820,74,0
821,76,0
822,74,0
823,74,0
824,76,0
825,76,0
826,74,0
827,76,0
828,74,0
829,74,0
830,74,0
831,76,0
832,74,0
833,76,0
834,74,0
835,74,0
836,74,0
837,76,0
838,74,0
839,76,0
840,72,0
841,74,0
842,76,0
843,74,0
844,74,0
845,74,0
846,74,0
847,76,0
848,72,0
849,74,0
850,76,0
851,76,0
852,74,0
853,72,0
854,72,0
855,76,0
856,74,0
857,76,0
858,74,0
859,74,0
860,72,0
861,72,0
862,74,0
863,76,0
864,74,0
865,74,0
866,74,0
867,76,0
868,74,0
869,74,0
870,74,0
871,72,0
872,74,0
873,76,0
874,72,0
875,76,0
876,72,0
877,76,0
878,74,0
879,74,0
880,72,0
881,74,0
882,72,0
883,74,0
884,74,0
885,74,0
886,72,0
887,74,0
888,74,0
889,74,0
890,76,0
891,72,0
892,72,0
893,74,0
894,74,0
895,74,0
896,74,0
897,76,0
898,74,0
899,74,0
900,74,0
901,74,0
902,74,0
903,72,0
904,72,0
905,74,0
906,76,0
907,78,0
908,74,0
909,74,0
910,74,0
911,74,0
912,76,0
913,76,0
914,74,0
915,74,0
916,74,0
917,74,0
918,80,0
919,72,0
920,74,0
921,76,0
922,72,0
923,74,0
924,74,0
925,78,0
926,76,0
927,74,0
928,76,0
929,76,0
930,74,0
931,74,0
932,76,0
933,76,0
934,74,0
935,74,0
936,74,0
937,76,0
938,76,0
939,74,0
940,74,0
941,74,0
942,74,0
943,74,0
944,76,0
945,78,0
946,74,0
947,74,0
948,76,0
949,76,0
950,72,0
951,74,0
952,74,0
953,76,0
954,76,0
955,76,0
956,76,0
957,78,0
958,72,0
959,74,0
960,74,0
961,74,0
962,74,0
963,74,0
964,76,0
965,74,0
966,74,0
967,76,0
968,76,0
969,74,0
970,74,0
971,76,0
972,72,0
973,74,0
974,74,0
975,78,0
976,74,0
977,72,0
978,76,0
979,74,0
980,74,0
981,74,0
982,74,0
983,74,0
984,78,0
985,76,0
986,74,0
987,74,0
988,72,0
989,72,0
990,74,0
991,78,0
992,74,0
993,74,0
994,72,0
995,74,0
996,74,0
997,76,0
998,74,0
999,74,0
1000,78,0
1001,72,0
1002,76,0
1003,76,0
1004,74,0
1005,76,0
1006,74,0
1007,74,0
1008,74,0
1009,76,0
1010,74,0
1011,74,0
1012,76,0
1013,76,0
1014,76,0
1015,76,0
1016,76,0
1017,74,0
1018,74,0
1019,74,0
1020,76,0
1021,74,0
1022,74,0
1023,74,0
1024,74,0
1025,74,0
1026,76,0
1027,76,0
1028,76,0
1029,74,0
1030,74,0
1031,74,0
1032,74,0
1033,74,0
1034,70,0
1035,74,0
1036,74,0
1037,78,0
1038,76,0
1039,74,0
1040,74,0
1041,72,0
1042,74,0
1043,78,0
1044,76,0
1045,74,0
1046,76,0
1047,74,0
1048,74,0
1049,74,0
1050,74,0
1051,74,0
1052,76,0
1053,74,0
1054,74,0
1055,72,0
1056,76,0
1057,74,0
1058,76,0
1059,72,0
1060,76,0
1061,74,0
1062,76,0
1063,74,0
1064,74,0
1065,72,0
1066,74,0
1067,74,0
1068,74,0
1069,74,0
1070,74,0
1071,76,0
1072,74,0
1073,76,0
1074,74,0
1075,76,0
1076,74,0
1077,76,0
1078,74,0
1079,74,0
1080,74,0
1081,76,0
1082,76,0
1083,76,0
1084,74,0
1085,74,0
1086,76,0
1087,74,0
1088,74,0
1089,76,0
1090,76,0
1091,76,0
1092,76,0
1093,72,0
1094,72,0
1095,72,0
1096,72,0
1097,72,0
1098,72,0
1099,76,0
1100,74,0
1101,72,0
1102,74,0
1103,74,0
1104,74,0
1105,74,0
1106,76,0
1107,74,0
1108,74,0
1109,76,0
1110,76,0
1111,76,0
1112,72,0
1113,74,0
1114,76,0
1115,74,0
1116,74,0
1117,74,0
1118,74,0
1119,76,0
1120,76,0
1121,74,0
1122,74,0
1123,74,0
1124,72,0
1125,74,0
1126,74,0
1127,74,0
1128,72,0
1129,76,0
1130,74,0
1131,72,0
1132,74,0
1133,74,0
1134,74,0
1135,74,0
1136,72,0
1137,74,0
1138,76,0
1139,74,0
1140,74,0
1141,74,0
1142,74,0
1143,76,0
1144,74,0
1145,74,0
1146,74,0
1147,74,0
1148,76,0
1149,74,0
1150,72,0
1151,74,0
1152,74,0
1153,74,0
1154,74,0
1155,74,0
1156,74,0
1157,72,0
1158,74,0
1159,74,0
1160,74,0
1161,74,0
1162,74,0
1163,74,0
1164,76,0
1165,74,0
1166,74,0
1167,74,0
1168,74,0
1169,74,0
1170,74,0
1171,74,0
1172,74,0
1173,76,0
1174,74,0
1175,74,0
1176,76,0
1177,74,0
1178,76,0
1179,74,0
1180,76,0
1181,76,0
1182,74,0
1183,76,0
1184,74,0
1185,74,0
1186,74,0
1187,74,0
1188,74,0
1189,70,0
1190,74,0
1191,74,0
1192,74,0
1193,72,0
1194,74,0
1195,74,0
1196,74,0
1197,74,0
1198,76,0
1199,74,0
1200,74,0
1201,76,0
1202,72,0
1203,76,0
1204,74,0
1205,74,0
1206,74,0
1207,74,0
1208,72,0
1209,72,0
1210,74,0
1211,74,0
1212,76,0
1213,74,0
1214,76,0
1215,76,0
1216,74,0
1217,74,0
1218,74,0
1219,74,0
1220,76,0
1221,76,0
1222,72,0
1223,76,0
1224,74,0
1225,72,0
1226,74,0
1227,72,0
1228,76,0
1229,76,0
1230,74,0
1231,78,0
1232,76,0
1233,78,0
1234,72,0
1235,76,0
1236,74,0
1237,74,0
1238,74,0
1239,74,0
1240,76,0
1241,74,0
1242,74,0
1243,74,0
1244,74,0
1245,76,0
1246,74,0
1247,76,0
1248,74,0
1249,72,0
1250,72,0
1251,72,0
1252,72,0
1253,76,0
1254,76,0
1255,74,0
1256,76,0
1257,74,0
1258,76,0
1259,74,0
1260,78,0
1261,76,0
1262,72,0
1263,74,0
1264,74,0
1265,74,0
1266,74,0
1267,74,0
1268,76,0
1269,74,0
1270,74,0
1271,74,0
1272,76,0
1273,76,0
1274,78,0
1275,74,0
1276,76,0
1277,74,0
1278,76,0
1279,74,0
1280,72,0
1281,78,0
1282,76,0
1283,74,0
1284,76,0
1285,76,0
1286,74,0
1287,72,0
1288,72,0
1289,76,0
1290,76,0
1291,76,0
1292,74,0
1293,76,0
1294,74,0
1295,76,0
1296,74,0
1297,76,0
1298,76,0
1299,72,0
1300,76,0
1301,76,0
1302,74,0
1303,76,0
1304,74,0
1305,76,0
1306,72,0
1307,74,0
1308,76,0
1309,74,0
1310,76,0
1311,74,0
1312,74,0
1313,74,0
1314,76,0
1315,74,0
1316,74,0
1317,74,0
1318,74,0
1319,74,0
1320,72,0
1321,74,0
1322,74,0
1323,76,0
1324,74,0
1325,74,0
1326,76,0
1327,74,0
1328,76,0
1329,74,0
1330,76,0
1331,76,0
1332,74,0
1333,74,0
1334,74,0
1335,74,0
1336,76,0
1337,74,0
1338,74,0
1339,74,0
1340,74,0
1341,74,0
1342,74,0
1343,76,0
1344,74,0
1345,74,0
1346,72,0
1347,74,0
1348,74,0
1349,70,0
1350,74,0
1351,74,0
1352,74,0
1353,74,0
1354,74,0
1355,74,0
1356,74,0
1357,74,0
1358,74,0
1359,74,0
1360,76,0
1361,74,0
1362,74,0
1363,74,0
1364,74,0
1365,72,0
1366,74,0
1367,74,0
1368,76,0
1369,74,0
1370,76,0
1371,72,0
1372,76,0
1373,74,0
1374,74,0
1375,74,0
1376,76,0
1377,74,0
1378,76,0
1379,72,0
1380,76,0
1381,76,0
1382,76,0
1383,74,0
1384,74,0
1385,74,0
1386,74,0
1387,76,0
1388,72,0
1389,76,0
1390,74,0
1391,74,0
1392,72,0
1393,74,0
1394,74,0
1395,72,0
1396,72,0
1397,74,0
1398,72,0
1399,72,0
1400,70,0
1401,74,0
1402,72,0
1403,72,0
1404,74,0
1405,74,0
1406,72,0
1407,74,0
1408,74,0
1409,74,0
1410,74,0
1411,76,0
1412,72,0
1413,74,0
1414,72,0
1415,72,0
1416,74,0
1417,76,0
1418,72,0
1419,76,0
1420,76,0
1421,76,0
1422,74,0
1423,74,0
1424,74,0
1425,76,0
1426,74,0
1427,74,0
1428,74,0
1429,72,0
1430,74,0
1431,76,0
1432,74,0
1433,76,0
1434,74,0
1435,74,0
1436,72,0
1437,74,0
1438,76,0
1439,74,0
1440,74,0
1441,76,0
1442,76,0
1443,74,0
1444,76,0
1445,74,0
1446,74,0
1447,76,0
1448,74,0
1449,76,0
1450,76,0
1451,74,0
1452,74,0
1453,74,0
1454,74,0
1455,76,0
1456,74,0
1457,76,0
1458,72,0
1459,74,0
1460,74,0
1461,76,0
1462,74,0
1463,76,0
1464,74,0
1465,76,0
1466,74,0
1467,74,0
1468,74,0
1469,74,0
1470,74,0
1471,76,0
1472,74,0
1473,74,0
1474,74,0
1475,76,0
1476,74,0
1477,76,0
1478,74,0
1479,76,0
1480,74,0
1481,74,0
1482,74,0
1483,76,0
1484,74,0
1485,74,0
1486,74,0
1487,74,0
1488,74,0
1489,74,0
1490,74,0
1491,76,0
1492,74,0
1493,74,0
1494,74,0
1495,74,0
1496,74,0
1497,74,0
1498,74,0
1499,74,0
1500,76,0
1501,74,0
1502,74,0
1503,74,0
1504,76,0
1505,76,0
1506,74,0
1507,74,0
1508,74,0
1509,76,0
1510,74,0
1511,74,0
1512,74,0
1513,74,0
1514,76,0
1515,74,0
1516,74,0
1517,76,0
1518,76,0
1519,74,0
1520,72,0
1521,78,0
1522,74,0
1523,74,0
1524,74,0
1525,76,0
1526,72,0
1527,76,0
1528,72,0
1529,74,0
1530,72,0
1531,76,0
1532,74,0
1533,74,0
1534,74,0
1535,72,0
1536,74,0
1537,76,0
1538,76,0
1539,72,0
1540,76,0
1541,74,0
1542,74,0
1543,76,0
1544,74,0
1545,72,0
1546,72,0
1547,74,0
1548,72,0
1549,74,0
1550,74,0
1551,72,0
1552,72,0
1553,74,0
1554,74,0
1555,76,0
1556,72,0
1557,74,0
1558,74,0
1559,76,0
1560,74,0
1561,74,0
1562,74,0
1563,76,0
1564,76,0
1565,72,0
1566,74,0
1567,76,0
1568,72,0
1569,74,0
1570,74,0
1571,78,0
1572,74,0
1573,76,0
1574,72,0
1575,76,0
1576,74,0
1577,74,0
1578,74,0
1579,74,0
1580,74,0
1581,72,0
1582,78,0
1583,74,0
1584,72,0
1585,74,0
1586,76,0
1587,76,0
1588,74,0
1589,72,0
1590,72,0
1591,70,0
1592,74,0
1593,74,0
1594,74,0
1595,74,0
1596,74,0
1597,76,0
1598,72,0
1599,74,0
1600,74,0
1601,74,0
1602,74,0
1603,74,0
1604,74,0
1605,74,0
1606,76,0
1607,70,0
1608,74,0
1609,74,0
1610,76,0
1611,74,0
1612,76,0
1613,74,0
1614,76,0
1615,74,0
1616,76,0
1617,76,0
1618,76,0
1619,74,0
1620,72,0
1621,74,0
1622,76,0
1623,74,0
1624,76,0
1625,74,0
1626,76,0
1627,74,0
1628,76,0
1629,74,0
1630,76,0
1631,76,0
1632,76,0
1633,74,0
1634,76,0
1635,74,0
1636,76,0
1637,74,0
1638,76,0
1639,74,0
1640,74,0
1641,74,0
1642,76,0
1643,76,0
1644,76,0
1645,76,0
1646,76,0
1647,74,0
1648,76,0
1649,74,0
1650,76,0
1651,74,0
1652,74,0
1653,74,0
1654,74,0
1655,74,0
1656,76,0
1657,74,0
1658,74,0
1659,76,0
1660,78,0
1661,76,0
1662,74,0
1663,74,0
1664,76,0
1665,74,0
1666,76,0
1667,74,0
1668,72,0
1669,72,0
1670,74,0
1671,74,0
1672,74,0
1673,74,0
1674,74,0
1675,76,0
1676,76,0
1677,72,0
1678,76,0
1679,74,0
1680,76,0
1681,72,0
1682,76,0
1683,76,0
1684,72,0
1685,76,0
1686,76,0
1687,72,0
1688,76,0
1689,74,0
1690,74,0
1691,72,0
1692,74,0
1693,70,0
1694,72,0
1695,74,0
1696,76,0
1697,76,0
1698,74,0
1699,74,0
1700,74,0
1701,72,0
1702,74,0
1703,72,0
1704,72,0
1705,74,0
1706,74,0
1707,74,0
1708,74,0
1709,74,0
1710,76,0
1711,76,0
1712,76,0
1713,72,0
1714,76,0
1715,74,0
1716,76,0
1717,74,0
1718,74,0
1719,74,0
1720,76,0
1721,74,0
1722,74,0
1723,74,0
1724,74,0
1725,74,0
1726,74,0
1727,74,0
1728,74,0
1729,76,0
1730,76,0
1731,76,0
1732,72,0
1733,76,0
1734,74,0
1735,76,0
1736,72,0
1737,76,0
1738,74,0
1739,76,0
1740,74,0
1741,76,0
1742,74,0
1743,76,0
1744,74,0
1745,74,0
1746,80,0
1747,74,0
1748,74,0
1749,76,0
1750,74,0
1751,76,0
1752,72,0
1753,76,0
1754,74,0
1755,76,0
1756,74,0
1757,74,0
1758,74,0
1759,74,0
1760,76,0
1761,76,0
1762,74,0
1763,74,0
1764,72,0
1765,76,0
1766,76,0
1767,76,0
1768,74,0
1769,76,0
1770,74,0
1771,74,0
1772,74,0
1773,76,0
1774,74,0
1775,74,0
1776,74,0
1777,74,0
1778,74,0
1779,74,0
1780,74,0
1781,72,0
1782,74,0
1783,74,0
1784,76,0
1785,76,0
1786,74,0
1787,74,0
1788,76,0
1789,76,0
1790,76,0
1791,74,0
1792,74,0
1793,76,0
1794,74,0
1795,74,0
1796,76,0
1797,74,0
1798,76,0
1799,74,0
1800,74,0
1801,76,0
1802,74,0
1803,76,0
1804,76,0
1805,74,0
1806,72,0
1807,74,0
1808,74,0
1809,76,0
1810,72,0
1811,74,0
1812,74,0
1813,74,0
1814,74,0
1815,76,0
1816,74,0
1817,72,0
1818,72,0
1819,74,0
1820,76,0
1821,78,0
1822,76,0
1823,72,0
1824,76,0
1825,74,0
1826,74,0
1827,72,0
1828,72,0
1829,72,0
1830,72,0
1831,72,0
1832,74,0
1833,74,0
1834,76,0
1835,74,0
1836,78,0
1837,74,0
1838,76,0
1839,76,0
1840,76,0
1841,74,0
1842,74,0
1843,74,0
1844,74,0
1845,74,0
1846,76,0
1847,76,0
1848,72,0
1849,76,0
1850,74,0
1851,74,0
1852,74,0
1853,72,0
1854,74,0
1855,74,0
1856,76,0
1857,78,0
1858,74,0
1859,74,0
1860,76,0
1861,74,0
1862,76,0
1863,74,0
1864,74,0
1865,72,0
1866,76,0
1867,74,0
1868,76,0
1869,74,0
1870,76,0
1871,74,0
1872,76,0
1873,76,0
1874,78,0
1875,74,0
1876,72,0
1877,74,0
1878,76,0
1879,74,0
1880,76,0
1881,74,0
1882,76,0
1883,72,0
1884,74,0
1885,76,0
1886,76,0
1887,74,0
1888,74,0
1889,72,0
1890,74,0
1891,76,0
1892,74,0
1893,74,0
1894,74,0
1895,74,0
1896,76,0
1897,74,0
1898,76,0
1899,74,0
1900,74,0
1901,74,0
1902,76,0
1903,74,0
1904,74,0
1905,74,0
1906,74,0
1907,74,0
1908,76,0
1909,74,0
1910,76,0
1911,74,0
1912,76,0
1913,74,0
1914,74,0
1915,74,0
1916,74,0
1917,74,0
1918,76,0
1919,76,0
1920,74,0
1921,74,0
1922,76,0
1923,72,0
1924,74,0
1925,74,0
1926,74,0
1927,74,0
1928,72,0
1929,74,0
1930,74,0
1931,72,0
1932,76,0
1933,74,0
1934,72,0
1935,74,0
1936,76,0
1937,76,0
1938,74,0
1939,76,0
1940,76,0
1941,74,0
1942,74,0
1943,76,0
1944,74,0
1945,74,0
1946,72,0
1947,76,0
1948,74,0
1949,74,0
1950,74,0
1951,78,0
1952,74,0
1953,74,0
1954,76,0
1955,78,0
1956,74,0
1957,76,0
1958,76,0
1959,72,0
1960,74,0
1961,74,0
1962,74,0
1963,76,0
1964,72,0
1965,76,0
1966,74,0
1967,74,0
1968,76,0
1969,74,0
1970,72,0
1971,74,0
1972,74,0
1973,74,0
1974,74,0
1975,74,0
1976,76,0
1977,74,0
1978,74,0
1979,74,0
1980,76,0
1981,74,0
1982,76,0
1983,74,0
1984,74,0
1985,74,0
1986,72,0
1987,72,0
1988,74,0
1989,72,0
1990,72,0
1991,74,0
1992,74,0
1993,74,0
1994,74,0
1995,74,0
1996,72,0
1997,74,0
1998,74,0
1999,78,0
2000,74,0
2001,74,0
2002,72,0
2003,74,0
2004,72,0
2005,74,0
2006,74,0
2007,76,0
2008,74,0
2009,74,0
2010,74,0
2011,78,0
2012,74,0
2013,72,0
2014,76,0
2015,76,0
2016,74,0
2017,72,0
2018,72,0
2019,76,0
2020,74,0
2021,74,0
2022,74,0
2023,74,0
2024,74,0
2025,74,0
2026,76,0
2027,74,0
2028,76,0
2029,74,0
2030,76,0
2031,74,0
2032,72,0
2033,74,0
2034,76,0
2035,74,0
2036,72,0
2037,74,0
2038,76,0
2039,72,0
2040,74,0
2041,74,0
2042,76,0
2043,74,0
2044,74,0
2045,72,0
2046,76,0
2047,72,0
2048,74,0
2049,76,0
2050,74,0
2051,74,0
2052,74,0
2053,76,0
2054,74,0
2055,74,0
2056,74,0
2057,76,0
2058,74,0
2059,76,0
2060,74,0
2061,76,0
2062,74,0
2063,74,0
2064,76,0
2065,76,0
2066,76,0
2067,74,0
2068,74,0
2069,76,0
2070,76,0
2071,72,0
2072,72,0
2073,74,0
2074,74,0
2075,74,0
2076,74,0
2077,76,0
2078,76,0
2079,76,0
2080,76,0
2081,74,0
2082,74,0
2083,74,0
2084,72,0
2085,76,0
2086,74,0
2087,74,0
2088,74,0
2089,76,0
2090,74,0
2091,76,0
2092,76,0
2093,76,0
2094,74,0
2095,78,0
2096,74,0
2097,74,0
2098,74,0
2099,76,0
2100,74,0
2101,76,0
2102,76,0
2103,72,0
2104,74,0
2105,74,0
2106,72,0
2107,76,0
2108,76,0
2109,76,0
2110,76,0
2111,76,0
2112,72,0
2113,74,0
2114,72,0
2115,74,0
2116,70,0
2117,74,0
2118,76,0
2119,74,0
2120,74,0
2121,74,0
2122,76,0
2123,74,0
2124,72,0
2125,74,0
2126,74,0
2127,72,0
2128,74,0
2129,74,0
2130,76,0
2131,74,0
2132,74,0
2133,74,0
2134,76,0
2135,74,0
2136,74,0
2137,74,0
2138,78,0
2139,74,0
2140,76,0
2141,74,0
2142,74,0
2143,72,0
2144,74,0
2145,74,0
2146,76,0
2147,74,0
2148,74,0
2149,76,0
2150,76,0
2151,76,0
2152,74,0
2153,74,0
2154,72,0
2155,74,0
2156,76,0
2157,74,0
2158,72,0
2159,76,0
2160,74,0
2161,74,0
2162,74,0
2163,76,0
2164,74,0
2165,76,0
2166,72,0
2167,74,0
2168,74,0
2169,76,0
2170,74,0
2171,72,0
2172,74,0
2173,76,0
2174,74,0
2175,74,0
2176,76,0
2177,76,0
2178,74,0
2179,74,0
2180,72,0
2181,74,0
2182,74,0
2183,76,0
2184,74,0
2185,76,0
2186,76,0
2187,74,0
2188,76,0
2189,74,0
2190,76,0
2191,74,0
2192,74,0
2193,74,0
2194,76,0
2195,74,0
2196,74,0
2197,72,0
2198,76,0
2199,76,0
2200,74,0
2201,76,0
2202,76,0
2203,74,0
2204,74,0
2205,74,0
2206,76,0
2207,74,0
2208,74,0
2209,74,0
2210,74,0
2211,76,0
2212,76,0
2213,74,0
2214,74,0
2215,72,0
2216,76,0
2217,74,0
2218,74,0
2219,74,0
2220,76,0
2221,76,0
2222,74,0
2223,74,0
2224,76,0
2225,74,0
2226,76,0
2227,74,0
2228,74,0
2229,74,0
2230,74,0
2231,74,0
2232,74,0
2233,72,0
2234,74,0
2235,74,0
2236,74,0
2237,76,0
2238,72,0
2239,72,0
2240,74,0
2241,74,0
2242,72,0
2243,72,0
2244,72,0
2245,74,0
2246,74,0
2247,70,0
2248,74,0
2249,76,0
2250,74,0
2251,74,0
2252,72,0
2253,74,0
2254,74,0
2255,72,0
2256,76,0
2257,76,0
2258,76,0
2259,76,0
2260,76,0
2261,76,0
2262,74,0
2263,74,0
2264,76,0
2265,76,0
2266,74,0
2267,72,0
2268,74,0
2269,74,0
2270,76,0
2271,72,0
2272,74,0
2273,78,0
2274,76,0
2275,74,0
2276,74,0
2277,76,0
2278,74,0
2279,74,0
2280,74,0
2281,74,0
2282,74,0
2283,76,0
2284,74,0
2285,72,0
2286,74,0
2287,78,0
2288,74,0
2289,76,0
2290,74,0
2291,78,0
2292,74,0
2293,74,0
2294,74,0
2295,76,0
2296,72,0
2297,74,0
2298,76,0
2299,70,0
2300,74,0
2301,74,0
2302,74,0
2303,74,0
2304,74,0
2305,74,0
2306,76,0
2307,72,0
2308,74,0
2309,72,0
2310,76,0
2311,72,0
2312,76,0
2313,74,0
2314,72,0
2315,74,0
2316,76,0
2317,74,0
2318,74,0
2319,74,0
2320,76,0
2321,74,0
2322,74,0
2323,72,0
2324,74,0
2325,72,0
2326,72,0
2327,74,0
2328,72,0
2329,76,0
2330,74,0
2331,74,0
2332,74,0
2333,76,0
2334,74,0
2335,72,0
2336,74,0
2337,76,0
2338,74,0
2339,76,0
2340,76,0
2341,74,0
2342,74,0
2343,76,0
2344,74,0
2345,74,0
2346,74,0
2347,76,0
2348,74,0
2349,74,0
2350,74,0
2351,74,0
2352,76,0
2353,74,0
2354,76,0
2355,74,0
2356,74,0
2357,74,0
2358,76,0
2359,74,0
2360,74,0
2361,74,0
2362,76,0
2363,74,0
2364,74,0
2365,74,0
2366,74,0
2367,74,0
2368,76,0
2369,74,0
2370,74,0
2371,74,0
2372,78,0
2373,76,0
2374,74,0
2375,74,0
2376,76,0
2377,74,0
2378,76,0
2379,74,0
2380,74,0
2381,74,0
2382,76,0
2383,72,0
2384,74,0
2385,74,0
2386,76,0
2387,74,0
2388,74,0
2389,74,0
2390,76,0
2391,74,0
2392,74,0
2393,74,0
2394,76,0
2395,74,0
2396,74,0
2397,74,0
2398,76,0
2399,72,0
2400,74,0
2401,74,0
2402,76,0
2403,74,0
2404,74,0
2405,74,0
2406,74,0
2407,74,0
2408,76,0
2409,74,0
2410,76,0
2411,74,0
2412,74,0
2413,74,0
2414,74,0
2415,74,0
2416,76,0
2417,74,0
2418,74,0
2419,74,0
2420,74,0
2421,74,0
2422,74,0
2423,72,0
2424,74,0
2425,74,0
2426,74,0
2427,76,0
2428,76,0
2429,74,0
2430,72,0
2431,74,0
2432,74,0
2433,76,0
2434,76,0
2435,76,0
2436,74,0
2437,76,0
2438,72,0
2439,74,0
2440,72,0
2441,76,0
2442,74,0
2443,74,0
2444,74,0
2445,76,0
2446,76,0
2447,76,0
2448,74,0
2449,74,0
2450,74,0
2451,76,0
2452,72,0
2453,74,0
2454,72,0
2455,76,0
2456,74,0
2457,74,0
2458,74,0
2459,76,0
2460,74,0
2461,72,0
2462,74,0
2463,74,0
2464,74,0
2465,74,0
2466,74,0
2467,72,0
2468,74,0
2469,74,0
2470,74,0
2471,72,0
2472,76,0
2473,76,0
2474,74,0
2475,76,0
2476,74,0
2477,74,0
2478,76,0
2479,74,0
2480,74,0
2481,74,0
2482,76,0
2483,76,0
2484,74,0
2485,74,0
2486,76,0
2487,74,0
2488,74,0
2489,74,0
2490,74,0
2491,72,0
2492,74,0
2493,76,0
2494,74,0
2495,74,0
2496,74,0
2497,76,0
2498,74,0
2499,74,0
2500,74,0
2501,74,0
2502,74,0
2503,74,0
2504,72,0
2505,76,0
2506,74,0
2507,74,0
2508,74,0
2509,76,0
2510,74,0
2511,74,0
2512,74,0
2513,76,0
2514,74,0
2515,74,0
2516,74,0
2517,74,0
2518,76,0
2519,74,0
2520,74,0
2521,74,0
2522,76,0
2523,74,0
2524,76,0
2525,74,0
2526,76,0
2527,76,0
2528,74,0
2529,76,0
2530,74,0
2531,74,0
2532,72,0
2533,74,0
2534,74,0
2535,74,0
2536,74,0
2537,74,0
2538,76,0
2539,74,0
2540,76,0
2541,72,0
2542,74,0
2543,76,0
2544,76,0
2545,74,0
2546,72,0
2547,74,0
2548,78,0
2549,76,0
2550,76,0
2551,74,0
2552,74,0
2553,72,0
2554,76,0
2555,74,0
2556,74,0
2557,72,0
2558,74,0
2559,74,0
2560,76,0
2561,74,0
2562,74,0
2563,76,0
2564,72,0
2565,82,0
2566,76,0
2567,76,0
2568,76,0
2569,76,0
2570,74,0
2571,76,0
2572,74,0
2573,76,0
2574,76,0
2575,78,0
2576,76,0
2577,76,0
2578,70,0
2579,74,0
2580,72,0
2581,76,0
2582,74,0
2583,74,0
2584,74,0
2585,76,0
2586,74,0
2587,74,0
2588,74,0
2589,72,0
2590,74,0
2591,76,0
2592,74,0
2593,76,0
2594,74,0
2595,74,0
2596,76,0
2597,76,0
2598,76,0
2599,76,0
2600,72,0
2601,76,0
2602,74,0
2603,74,0
2604,72,0
2605,72,0
2606,74,0
2607,74,0
2608,74,0
2609,74,0
2610,74,0
2611,76,0
2612,74,0
2613,74,0
2614,76,0
2615,76,0
2616,72,0
2617,72,0
2618,74,0
2619,76,0
2620,74,0
2621,74,0
2622,74,0
2623,74,0
2624,74,0
2625,74,0
2626,74,0
2627,74,0
2628,74,0
2629,76,0
2630,74,0
2631,76,0
2632,74,0
2633,76,0
2634,74,0
2635,76,0
2636,74,0
2637,74,0
2638,74,0
2639,74,0
2640,74,0
2641,76,0
2642,76,0
2643,76,0
2644,74,0
2645,76,0
2646,76,0
2647,74,0
2648,74,0
2649,76,0
2650,74,0
2651,76,0
2652,74,0
2653,74,0
2654,74,0
2655,72,0
2656,74,0
2657,76,0
2658,74,0
2659,74,0
2660,74,0
2661,74,0
2662,74,0
2663,76,0
2664,74,0
2665,78,0
2666,74,0
2667,76,0
2668,74,0
2669,74,0
2670,74,0
2671,74,0
2672,74,0
2673,74,0
2674,74,0
2675,74,0
2676,74,0
2677,74,0
2678,74,0
2679,76,0
2680,74,0
2681,76,0
2682,74,0
2683,76,0
2684,74,0
2685,74,0
2686,74,0
2687,72,0
2688,74,0
2689,76,0
2690,74,0
2691,72,0
2692,74,0
2693,74,0
2694,74,0
2695,74,0
2696,72,0
2697,74,0
2698,76,0
2699,76,0
2700,72,0
2701,76,0
2702,74,0
2703,72,0
2704,74,0
2705,78,0
2706,74,0
2707,76,0
2708,74,0
2709,76,0
2710,74,0
2711,76,0
2712,74,0
2713,72,0
2714,70,0
2715,74,0
2716,74,0
2717,72,0
2718,74,0
2719,76,0
2720,74,0
2721,72,0
2722,74,0
2723,72,0
2724,76,0
2725,74,0
2726,74,0
2727,74,0
2728,74,0
2729,78,0
2730,72,0
2731,74,0
2732,74,0
2733,74,0
2734,70,0
2735,76,0
2736,74,0
2737,74,0
2738,72,0
2739,74,0
2740,72,0
2741,72,0
2742,74,0
2743,74,0
2744,76,0
2745,76,0
2746,74,0
2747,74,0
2748,74,0
2749,74,0
2750,74,0
2751,72,0
2752,74,0
2753,76,0
2754,74,0
2755,78,0
2756,76,0
2757,76,0
2758,74,0
2759,76,0
2760,74,0
2761,76,0
2762,74,0
2763,76,0
2764,74,0
2765,74,0
2766,74,0
2767,74,0
2768,74,0
2769,72,0
2770,74,0
2771,76,0
2772,76,0
2773,74,0
2774,74,0
2775,76,0
2776,74,0
2777,76,0
2778,74,0
2779,76,0
2780,74,0
2781,76,0
2782,74,0
2783,74,0
2784,74,0
2785,76,0
2786,74,0
2787,74,0
2788,74,0
2789,76,0
2790,74,0
2791,76,0
2792,74,0
2793,76,0
2794,74,0
2795,74,0
2796,74,0
2797,74,0
2798,74,0
2799,74,0
2800,74,0
2801,74,0
2802,72,0
2803,74,0
2804,74,0
2805,72,0
2806,76,0
2807,74,0
2808,74,0
2809,74,0
2810,74,0
2811,74,0
2812,74,0
2813,74,0
2814,74,0
2815,74,0
2816,74,0
2817,76,0
2818,74,0
2819,74,0
2820,76,0
2821,74,0
2822,74,0
2823,74,0
2824,74,0
2825,76,0
2826,72,0
2827,72,0
2828,74,0
2829,78,0
2830,72,0
2831,72,0
2832,72,0
2833,74,0
2834,74,0
2835,76,0
2836,74,0
2837,74,0
2838,74,0
2839,74,0
2840,74,0
2841,72,0
2842,76,0
2843,76,0
2844,74,0
2845,76,0
2846,76,0
2847,74,0
2848,74,0
2849,72,0
2850,74,0
2851,72,0
2852,74,0
2853,76,0
2854,74,0
2855,74,0
2856,72,0
2857,74,0
2858,72,0
2859,74,0
2860,76,0
2861,76,0
2862,72,0
2863,74,0
2864,74,0
2865,74,0
2866,74,0
2867,76,0
2868,74,0
2869,74,0
2870,74,0
2871,74,0
2872,74,0
2873,76,0
2874,76,0
2875,76,0
2876,76,0
2877,76,0
2878,76,0
2879,74,0
2880,72,0
2881,74,0
2882,74,0
2883,74,0
2884,74,0
2885,74,0
2886,74,0
2887,74,0
2888,76,0
2889,74,0
2890,74,0
2891,76,0
2892,74,0
2893,74,0
2894,72,0
2895,78,0
2896,76,0
2897,74,0
2898,74,0
2899,76,0
2900,74,0
2901,74,0
2902,74,0
2903,76,0
2904,74,0
2905,74,0
2906,74,0
2907,78,0
2908,74,0
2909,74,0
2910,74,0
2911,76,0
2912,74,0
2913,76,0
2914,74,0
2915,74,0
2916,74,0
2917,76,0
2918,74,0
2919,76,0
2920,76,0
2921,74,0
2922,76,0
2923,74,0
2924,74,0
2925,76,0
2926,74,0
2927,74,0
2928,74,0
2929,76,0
2930,74,0
2931,74,0
2932,74,0
2933,74,0
2934,74,0
2935,74,0
2936,74,0
2937,76,0
2938,74,0
2939,74,0
2940,76,0
2941,76,0
2942,74,0
2943,74,0
2944,74,0
2945,76,0
2946,74,0
2947,74,0
2948,74,0
2949,76,0
2950,74,0
2951,74,0
2952,76,0
2953,76,0
2954,74,0
2955,74,0
2956,74,0
2957,76,0
2958,76,0
2959,76,0
2960,74,0
2961,74,0
2962,74,0
2963,74,0
2964,76,0
2965,74,0
2966,74,0
2967,76,0
2968,74,0
2969,74,0
2970,74,0
2971,76,0
2972,76,0
2973,76,0
2974,74,0
2975,76,0
2976,74,0
2977,74,0
2978,74,0
2979,76,0
2980,72,0
2981,74,0
2982,74,0
2983,74,0
2984,74,0
2985,74,0
2986,76,0
2987,76,0
2988,74,0
2989,74,0
2990,72,0
2991,78,0
2992,74,0
2993,76,0
2994,74,0
2995,76,0
2996,76,0
2997,76,0
2998,72,0
2999,78,0
3000,72,0
3001,76,0
3002,72,0
3003,74,0
3004,70,0
3005,72,0
3006,72,0
3007,76,0
3008,76,0
3009,74,0
3010,74,0
3011,76,0
3012,74,0
3013,74,0
3014,74,0
3015,74,0
3016,76,0
3017,76,0
3018,72,0
3019,72,0
3020,72,0
3021,78,0
3022,74,0
3023,76,0
3024,76,0
3025,74,0
3026,74,0
3027,76,0
3028,72,0
3029,72,0
3030,72,0
3031,76,0
3032,74,0
3033,76,0
3034,76,0
3035,74,0
3036,72,0
3037,76,0
3038,74,0
3039,74,0
3040,74,0
3041,74,0
3042,74,0
3043,74,0
3044,72,0
3045,76,0
3046,76,0
3047,76,0
3048,74,0
3049,76,0
3050,72,0
3051,74,0
3052,74,0
3053,74,0
3054,74,0
3055,76,0
3056,74,0
3057,74,0
3058,74,0
3059,76,0
3060,74,0
3061,76,0
3062,74,0
3063,76,0
3064,74,0
3065,74,0
3066,74,0
3067,76,0
3068,74,0
3069,74,0
3070,74,0
3071,76,0
3072,72,0
3073,74,0
3074,74,0
3075,76,0
3076,74,0
3077,76,0
3078,74,0
3079,76,0
3080,74,0
3081,76,0
3082,76,0
3083,76,0
3084,74,0
3085,76,0
3086,74,0
3087,74,0
3088,76,0
3089,74,0
3090,74,0
3091,74,0
3092,74,0
3093,74,0
3094,74,0
3095,74,0
3096,76,0
3097,74,0
3098,74,0
3099,74,0
3100,76,0
3101,74,0
3102,74,0
3103,74,0
3104,76,0
3105,74,0
3106,74,0
3107,74,0
3108,76,0
3109,74,0
3110,74,0
3111,76,0
3112,76,0
3113,74,0
3114,72,0
3115,74,0
3116,76,0
3117,74,0
3118,74,0
3119,74,0
3120,76,0
3121,74,0
3122,74,0
3123,74,0
3124,74,0
3125,74,0
3126,76,0
3127,74,0
3128,74,0
3129,76,0
3130,74,0
3131,74,0
3132,74,0
3133,74,0
3134,74,0
3135,74,0
3136,72,0
3137,74,0
3138,76,0
3139,74,0
3140,74,0
3141,74,0
3142,74,0
3143,74,0
3144,76,0
3145,72,0
3146,76,0
3147,76,0
3148,74,0
3149,74,0
3150,78,0
3151,74,0
3152,76,0
3153,74,0
3154,78,0
3155,72,0
3156,76,0
3157,72,0
3158,76,0
3159,76,0
3160,76,0
3161,72,0
3162,76,0
3163,74,0
3164,72,0
3165,72,0
3166,74,0
3167,72,0
3168,74,0
3169,72,0
3170,72,0
3171,72,0
3172,74,0
3173,74,0
3174,72,0
3175,74,0
3176,74,0
3177,74,0
3178,74,0
3179,74,0
3180,76,0
3181,74,0
3182,72,0
3183,74,0
3184,78,0
3185,72,0
3186,72,0
3187,74,0
3188,78,0
3189,72,0
3190,74,0
3191,76,0
3192,72,0
3193,74,0
3194,76,0
3195,74,0
3196,76,0
3197,74,0
3198,74,0
3199,72,0
3200,76,0
3201,72,0
3202,76,0
3203,74,0
3204,72,0
3205,74,0
3206,74,0
3207,74,0
3208,74,0
3209,72,0
3210,74,0
3211,74,0
3212,76,0
3213,74,0
3214,74,0
3215,74,0
3216,76,0
3217,74,0
3218,76,0
3219,74,0
3220,74,0
3221,74,0
3222,76,0
3223,74,0
3224,74,0
3225,74,0
3226,74,0
3227,74,0
3228,78,0
3229,74,0
3230,74,0
3231,74,0
3232,76,0
3233,74,0
3234,74,0
3235,74,0
3236,74,0
3237,74,0
3238,74,0
3239,74,0
3240,76,0
3241,74,0
3242,74,0
3243,76,0
3244,76,0
3245,74,0
3246,76,0
3247,74,0
3248,76,0
3249,74,0
3250,74,0
3251,74,0
3252,76,0
3253,74,0
3254,74,0
3255,76,0
3256,76,0
3257,74,0
3258,74,0
3259,74,0
3260,76,0
3261,74,0
3262,74,0
3263,74,0
3264,76,0
3265,74,0
3266,74,0
3267,74,0
3268,76,0
3269,76,0
3270,74,0
3271,74,0
3272,74,0
3273,74,0
3274,74,0
3275,74,0
3276,76,0
3277,76,0
3278,74,0
3279,76,0
3280,74,0
3281,74,0
3282,78,0
3283,74,0
3284,74,0
3285,72,0
3286,76,0
3287,74,0
3288,74,0
3289,74,0
3290,74,0
3291,74,0
3292,74,0
3293,76,0
3294,74,0
3295,74,0
3296,74,0
3297,74,0
3298,74,0
3299,72,0
3300,76,0
3301,72,0
3302,74,0
3303,74,0
3304,76,0
3305,74,0
3306,76,0
3307,74,0
3308,74,0
3309,74,0
3310,70,0
3311,72,0
3312,76,0
3313,74,0
3314,74,0
3315,72,0
3316,76,0
3317,74,0
3318,74,0
3319,74,0
3320,76,0
3321,74,0
3322,74,0
3323,76,0
3324,76,0
3325,74,0
3326,74,0
3327,72,0
3328,74,0
3329,72,0
3330,72,0
3331,72,0
3332,72,0
3333,74,0
3334,76,0
3335,72,0
3336,74,0
3337,74,0
3338,76,0
3339,72,0
3340,74,0
3341,76,0
3342,76,0
3343,74,0
3344,76,0
3345,74,0
3346,76,0
3347,74,0
3348,74,0
3349,74,0
3350,76,0
3351,72,0
3352,74,0
3353,74,0
3354,76,0
3355,74,0
3356,72,0
3357,76,0
3358,76,0
3359,72,0
3360,72,0
3361,76,0
3362,76,0
3363,74,0
3364,76,0
3365,74,0
3366,74,0
3367,72,0
3368,72,0
3369,72,0
3370,76,0
3371,76,0
3372,74,0
3373,74,0
3374,74,0
3375,74,0
3376,74,0
3377,74,0
3378,76,0
3379,74,0
3380,76,0
3381,74,0
3382,74,0
3383,74,0
3384,84,0
3385,76,0
3386,74,0
3387,76,0
3388,76,0
3389,74,0
3390,74,0
3391,74,0
3392,74,0
3393,74,0
3394,74,0
3395,76,0
3396,76,0
3397,74,0
3398,76,0
3399,76,0
3400,74,0
3401,76,0
3402,74,0
3403,74,0
3404,72,0
3405,74,0
3406,76,0
3407,74,0
3408,76,0
3409,74,0
3410,76,0
3411,76,0
3412,74,0
3413,76,0
3414,74,0
3415,76,0
3416,74,0
3417,74,0
3418,76,0
3419,74,0
3420,76,0
3421,74,0
3422,76,0
3423,74,0
3424,74,0
3425,72,0
3426,78,0
3427,74,0
3428,76,0
3429,76,0
3430,74,0
3431,76,0
3432,74,0
3433,76,0
3434,74,0
3435,74,0
3436,76,0
3437,74,0
3438,76,0
3439,76,0
3440,74,0
3441,76,0
3442,74,0
3443,76,0
3444,76,0
3445,74,0
3446,76,0
3447,72,0
3448,76,0
3449,76,0
3450,74,0
3451,72,0
3452,74,0
3453,76,0
3454,74,0
3455,76,0
3456,76,0
3457,74,0
3458,76,0
3459,74,0
3460,74,0
3461,76,0
3462,76,0
3463,76,0
3464,74,0
3465,76,0
3466,76,0
3467,78,0
3468,76,0
3469,76,0
3470,76,0
3471,74,0
3472,74,0
3473,74,0
3474,78,0
3475,74,0
3476,74,0
3477,78,0
3478,72,0
3479,76,0
3480,74,0
3481,74,0
3482,74,0
3483,76,0
3484,76,0
3485,76,0
3486,74,0
3487,74,0
3488,72,0
3489,78,0
3490,74,0
3491,76,0
3492,72,0
3493,76,0
3494,74,0
3495,74,0
3496,74,0
3497,74,0
3498,74,0
3499,74,0
3500,76,0
3501,76,0
3502,74,0
3503,76,0
3504,74,0
3505,74,0
3506,74,0
3507,76,0
3508,74,0
3509,74,0
3510,74,0
3511,74,0
3512,76,0
3513,74,0
3514,74,0
3515,74,0
3516,76,0
3517,74,0
3518,70,0
3519,74,0
3520,76,0
3521,74,0
3522,78,0
3523,74,0
3524,74,0
3525,74,0
3526,74,0
3527,74,0
3528,74,0
3529,74,0
3530,76,0
3531,74,0
3532,74,0
3533,74,0
3534,76,0
3535,74,0
3536,74,0
3537,76,0
3538,76,0
3539,74,0
3540,76,0
3541,74,0
3542,76,0
3543,74,0
3544,76,0
3545,74,0
3546,74,0
3547,74,0
3548,74,0
3549,74,0
3550,76,0
3551,76,0
3552,76,0
3553,74,0
3554,76,0
3555,74,0
3556,76,0
3557,74,0
3558,76,0
3559,76,0
3560,76,0
3561,72,0
3562,74,0
3563,74,0
3564,76,0
3565,74,0
3566,76,0
3567,74,0
3568,76,0
3569,74,0
3570,74,0
3571,74,0
3572,74,0
3573,74,0
3574,76,0
3575,72,0
3576,74,0
3577,74,0
3578,74,0
3579,72,0
3580,76,0
3581,74,0
3582,74,0
3583,74,0
3584,76,0
3585,72,0
3586,76,0
3587,74,0
3588,74,0
3589,76,0
3590,76,0
3591,76,0
3592,72,0
3593,74,0
3594,74,0
3595,74,0
3596,76,0
3597,74,0
3598,74,0
3599,76,0
3600,72,0
3601,74,0
3602,76,0
3603,74,0
3604,74,0
3605,74,0
3606,74,0
3607,74,0
3608,76,0
3609,74,0
3610,74,0
3611,74,0
3612,76,0
3613,76,0
3614,76,0
3615,76,0
3616,78,0
3617,74,0
3618,76,0
3619,72,0
3620,72,0
3621,74,0
3622,76,0
3623,74,0
3624,76,0
3625,76,0
3626,74,0
3627,76,0
3628,72,0
3629,74,0
3630,76,0
3631,74,0
3632,76,0
3633,76,0
3634,76,0
3635,72,0
3636,76,0
3637,76,0
3638,74,0
3639,74,0
3640,74,0
3641,76,0
3642,76,0
3643,74,0
3644,74,0
3645,78,0
3646,76,0
3647,74,0
3648,76,0
3649,74,0
3650,74,0
3651,74,0
3652,74,0
3653,74,0
3654,74,0
3655,74,0
3656,74,0
3657,76,0
3658,74,0
3659,74,0
3660,72,0
3661,74,0
3662,74,0
3663,74,0
3664,76,0
3665,74,0
3666,74,0
3667,74,0
3668,74,0
3669,74,0
3670,74,0
3671,74,0
3672,76,0
3673,74,0
3674,74,0
3675,74,0
3676,76,0
3677,74,0
3678,74,0
3679,74,0
3680,74,0
3681,74,0
3682,76,0
3683,74,0
3684,74,0
3685,76,0
3686,76,0
3687,74,0
3688,76,0
3689,74,0
3690,74,0
3691,76,0
3692,76,0
3693,74,0
3694,76,0
3695,74,0
3696,76,0
3697,72,0
3698,74,0
3699,74,0
3700,76,0
3701,74,0
3702,74,0
3703,74,0
3704,76,0
3705,74,0
3706,76,0
3707,76,0
3708,76,0
3709,74,0
3710,74,0
3711,74,0
3712,76,0
3713,74,0
3714,76,0
3715,72,0
3716,74,0
3717,74,0
3718,76,0
3719,74,0
3720,76,0
3721,74,0
3722,74,0
3723,76,0
3724,76,0
3725,76,0
3726,76,0
3727,72,0
3728,72,0
3729,74,0
3730,76,0
3731,74,0
3732,76,0
3733,74,0
3734,74,0
3735,74,0
3736,72,0
3737,74,0
3738,76,0
3739,74,0
3740,74,0
3741,74,0
3742,78,0
3743,72,0
3744,76,0
3745,76,0
3746,74,0
3747,74,0
3748,74,0
3749,74,0
3750,78,0
3751,76,0
3752,72,0
3753,74,0
3754,74,0
3755,74,0
3756,74,0
3757,74,0
3758,74,0
3759,76,0
3760,76,0
3761,74,0
3762,78,0
3763,76,0
3764,76,0
3765,74,0
3766,74,0
3767,74,0
3768,76,0
3769,74,0
3770,76,0
3771,78,0
3772,74,0
3773,74,0
3774,74,0
3775,76,0
3776,76,0
3777,72,0
3778,76,0
3779,72,0
3780,74,0
3781,78,0
3782,76,0
3783,74,0
3784,74,0
3785,72,0
3786,76,0
3787,74,0
3788,76,0
3789,72,0
3790,76,0
3791,74,0
3792,74,0
3793,74,0
3794,74,0
3795,74,0
3796,76,0
3797,72,0
3798,74,0
3799,76,0
3800,76,0
3801,74,0
3802,76,0
3803,74,0
3804,76,0
3805,76,0
3806,72,0
3807,74,0
3808,74,0
3809,74,0
3810,74,0
3811,74,0
3812,72,0
3813,74,0
3814,74,0
3815,74,0
3816,76,0
3817,74,0
3818,74,0
3819,74,0
3820,74,0
3821,74,0
3822,74,0
3823,76,0
3824,76,0
3825,74,0
3826,74,0
3827,74,0
3828,74,0
3829,74,0
3830,74,0
3831,74,0
3832,76,0
3833,74,0
3834,74,0
3835,74,0
3836,74,0
3837,76,0
3838,76,0
3839,72,0
3840,76,0
3841,76,0
3842,76,0
3843,74,0
3844,74,0
3845,74,0
3846,76,0
3847,74,0
3848,76,0
3849,76,0
3850,76,0
3851,74,0
3852,74,0
3853,74,0
3854,76,0
3855,74,0
3856,76,0
3857,74,0
3858,76,0
3859,74,0
3860,76,0
3861,74,0
3862,76,0
3863,74,0
3864,74,0
3865,74,0
3866,74,0
3867,74,0
3868,78,0
3869,74,0
3870,74,0
3871,74,0
3872,76,0
3873,74,0
3874,76,0
3875,76,0
3876,72,0
3877,74,0
3878,74,0
3879,74,0
3880,72,0
3881,74,0
3882,76,0
3883,72,0
3884,76,0
3885,72,0
3886,76,0
3887,74,0
3888,74,0
3889,74,0
3890,76,0
3891,76,0
3892,74,0
3893,76,0
3894,72,0
3895,74,0
3896,74,0
3897,74,0
3898,74,0
3899,74,0
3900,76,0
3901,74,0
3902,78,0
3903,76,0
3904,78,0
3905,76,0
3906,76,0
3907,74,0
3908,74,0
3909,74,0
3910,76,0
3911,74,0
3912,72,0
3913,74,0
3914,74,0
3915,72,0
3916,74,0
3917,72,0
3918,74,0
3919,74,0
3920,74,0
3921,74,0
3922,74,0
3923,74,0
3924,74,0
3925,74,0
3926,76,0
3927,76,0
3928,76,0
3929,74,0
3930,72,0
3931,76,0
3932,78,0
3933,76,0
3934,76,0
3935,74,0
3936,76,0
3937,74,0
3938,74,0
3939,76,0
3940,76,0
3941,74,0
3942,74,0
3943,74,0
3944,76,0
3945,76,0
3946,76,0
3947,74,0
3948,74,0
3949,74,0
3950,74,0
3951,74,0
3952,74,0
3953,74,0
3954,74,0
3955,74,0
3956,74,0
3957,74,0
3958,76,0
3959,72,0
3960,76,0
3961,74,0
3962,76,0
3963,76,0
3964,74,0
3965,74,0
3966,78,0
3967,74,0
3968,74,0
3969,74,0
3970,74,0
3971,74,0
3972,76,0
3973,74,0
3974,74,0
3975,74,0
3976,76,0
3977,74,0
3978,76,0
3979,74,0
3980,74,0
3981,74,0
3982,74,0
3983,74,0
3984,76,0
3985,74,0
3986,76,0
3987,74,0
3988,76,0
3989,74,0
3990,74,0
3991,74,0
3992,72,0
3993,74,0
3994,76,0
3995,74,0
3996,74,0
3997,74,0
3998,76,0
3999,74,0
4000,76,0
4001,76,0
4002,76,0
4003,74,0
4004,76,0
4005,72,0
4006,74,0
4007,72,0
4008,76,0
4009,74,0
4010,76,0
4011,74,0
4012,76,0
4013,72,0
4014,76,0
4015,74,0
4016,74,0
4017,74,0
4018,80,0
4019,74,0
4020,76,0
4021,74,0
4022,76,0
4023,72,0
4024,74,0
4025,74,0
4026,76,0
4027,74,0
4028,74,0
4029,72,0
4030,76,0
4031,74,0
4032,74,0
4033,74,0
4034,72,0
4035,74,0
4036,76,0
4037,74,0
4038,74,0
4039,78,0
4040,76,0
4041,76,0
4042,72,0
4043,74,0
4044,76,0
4045,74,0
4046,76,0
4047,76,0
4048,76,0
4049,76,0
4050,74,0
4051,72,0
4052,74,0
4053,74,0
4054,76,0
4055,74,0
4056,74,0
4057,74,0
4058,74,0
4059,72,0
4060,74,0
4061,72,0
4062,74,0
4063,72,0
4064,74,0
4065,74,0
4066,74,0
4067,76,0
4068,78,0
4069,76,0
4070,74,0
4071,74,0
4072,76,0
4073,74,0
4074,76,0
4075,74,0
4076,74,0
4077,74,0
4078,78,0
4079,74,0
4080,74,0
4081,74,0
4082,76,0
4083,74,0
4084,74,0
4085,74,0
4086,76,0
4087,74,0
4088,76,0
4089,74,0
4090,76,0
4091,74,0
4092,76,0
4093,72,0
4094,78,0
4095,74,0
4096,76,0
4097,74,0
4098,76,0
4099,74,0
4100,74,0
4101,74,0
4102,78,0
4103,72,0
4104,74,0
4105,72,0
4106,74,0
4107,74,0
4108,74,0
4109,74,0
4110,74,0
4111,72,0
4112,76,0
4113,76,0
4114,76,0
4115,74,0
4116,74,0
4117,76,0
4118,76,0
4119,74,0
4120,76,0
4121,76,0
4122,76,0
4123,74,0
4124,74,0
4125,74,0
4126,76,0
4127,74,0
4128,74,0
4129,76,0
4130,74,0
4131,74,0
4132,74,0
4133,74,0
4134,76,0
4135,74,0
4136,74,0
4137,74,0
4138,74,0
4139,74,0
4140,76,0
4141,74,0
4142,76,0
4143,76,0
4144,76,0
4145,74,0
4146,76,0
4147,74,0
4148,76,0
4149,76,0
4150,76,0
4151,76,0
4152,76,0
4153,74,0
4154,74,0
4155,74,0
4156,74,0
4157,74,0
4158,74,0
4159,76,0
4160,74,0
4161,74,0
4162,74,0
4163,74,0
4164,74,0
4165,74,0
4166,76,0
4167,72,0
4168,76,0
4169,74,0
4170,74,0
4171,74,0
4172,76,0
4173,74,0
4174,76,0
4175,74,0
4176,74,0
4177,72,0
4178,74,0
4179,74,0
4180,76,0
4181,74,0
4182,76,0
4183,74,0
4184,76,0
4185,74,0
4186,72,0
4187,74,0
4188,76,0
4189,74,0
4190,74,0
4191,74,0
4192,76,0
4193,72,0
4194,76,0
4195,76,0
4196,74,0
4197,72,0
4198,76,0
4199,74,0
4200,76,0
4201,74,0
4202,78,0
4203,82,0
4204,74,0
4205,76,0
4206,74,0
4207,74,0
4208,74,0
4209,76,0
4210,76,0
4211,76,0
4212,74,0
4213,76,0
4214,74,0
4215,74,0
4216,76,0
4217,76,0
4218,74,0
4219,74,0
4220,72,0
4221,76,0
4222,76,0
4223,74,0
4224,76,0
4225,76,0
4226,74,0
4227,74,0
4228,76,0
4229,76,0
4230,72,0
4231,74,0
4232,74,0
4233,76,0
4234,76,0
4235,76,0
4236,74,0
4237,76,0
4238,74,0
4239,74,0
4240,72,0
4241,74,0
4242,74,0
4243,76,0
4244,74,0
4245,76,0
4246,74,0
4247,74,0
4248,74,0
4249,76,0
4250,76,0
4251,74,0
4252,74,0
4253,74,0
4254,76,0
4255,76,0
4256,74,0
4257,74,0
4258,74,0
4259,76,0
4260,74,0
4261,74,0
4262,76,0
4263,74,0
4264,76,0
4265,74,0
4266,76,0
4267,74,0
4268,76,0
4269,74,0
4270,76,0
4271,74,0
4272,74,0
4273,74,0
4274,76,0
4275,74,0
4276,74,0
4277,76,0
4278,76,0
4279,74,0
4280,76,0
4281,74,0
4282,76,0
4283,74,0
4284,76,0
4285,72,0
4286,76,0
4287,76,0
4288,74,0
4289,74,0
4290,74,0
4291,74,0
4292,74,0
4293,76,0
4294,76,0
4295,74,0
4296,76,0
4297,76,0
4298,74,0
4299,74,0
4300,76,0
4301,74,0
4302,78,0
4303,76,0
4304,74,0
4305,74,0
4306,74,0
4307,74,0
4308,74,0
4309,72,0
4310,78,0
4311,74,0
4312,74,0
4313,72,0
4314,76,0
4315,74,0
4316,76,0
4317,76,0
4318,76,0
4319,76,0
4320,74,0
4321,74,0
4322,76,0
4323,76,0
4324,74,0
4325,74,0
4326,78,0
4327,72,0
4328,76,0
4329,74,0
4330,74,0
4331,74,0
4332,76,0
4333,74,0
4334,76,0
4335,76,0
4336,72,0
4337,70,0
4338,72,0
4339,74,0
4340,74,0
4341,74,0
4342,74,0
4343,76,0
4344,76,0
4345,76,0
4346,76,0
4347,74,0
4348,76,0
4349,74,0
4350,74,0
4351,74,0
4352,76,0
4353,74,0
4354,76,0
4355,74,0
4356,74,0
4357,74,0
4358,74,0
4359,74,0
4360,76,0
4361,74,0
4362,74,0
4363,72,0
4364,76,0
4365,72,0
4366,76,0
4367,72,0
4368,74,0
4369,74,0
4370,76,0
4371,72,0
4372,76,0
4373,74,0
4374,74,0
4375,74,0
4376,74,0
4377,72,0
4378,76,0
4379,76,0
4380,74,0
4381,74,0
4382,74,0
4383,74,0
4384,76,0
4385,72,0
4386,74,0
4387,76,0
4388,74,0
4389,74,0
4390,74,0
4391,74,0
4392,76,0
4393,74,0
4394,74,0
4395,74,0
4396,76,0
4397,74,0
4398,74,0
4399,74,0
4400,74,0
4401,74,0
4402,78,0
4403,72,0
4404,74,0
4405,74,0
4406,76,0
4407,74,0
4408,74,0
4409,74,0
4410,76,0
4411,74,0
4412,74,0
4413,74,0
4414,76,0
4415,74,0
4416,74,0
4417,74,0
4418,76,0
4419,74,0
4420,74,0
4421,74,0
4422,78,0
4423,74,0
4424,74,0
4425,76,0
4426,74,0
4427,74,0
4428,76,0
4429,74,0
4430,78,0
4431,74,0
4432,72,0
4433,72,0
4434,74,0
4435,74,0
4436,76,0
4437,74,0
4438,76,0
4439,74,0
4440,74,0
4441,76,0
4442,74,0
4443,74,0
4444,76,0
4445,74,0
4446,76,0
4447,74,0
4448,74,0
4449,74,0
4450,74,0
4451,74,0
4452,76,0
4453,74,0
4454,74,0
4455,74,0
4456,76,0
4457,72,0
4458,74,0
4459,74,0
4460,74,0
4461,74,0
4462,78,0
4463,74,0
4464,74,0
4465,72,0
4466,76,0
4467,76,0
4468,74,0
4469,74,0
4470,78,0
4471,74,0
4472,76,0
4473,74,0
4474,76,0
4475,72,0
4476,74,0
4477,74,0
4478,72,0
4479,74,0
4480,74,0
4481,74,0
4482,72,0
4483,74,0
4484,76,0
4485,74,0
4486,74,0
4487,76,0
4488,78,0
4489,74,0
4490,76,0
4491,74,0
4492,76,0
4493,74,0
4494,74,0
4495,72,0
4496,72,0
4497,72,0
4498,76,0
4499,74,0
4500,74,0
4501,74,0
4502,76,0
4503,74,0
4504,76,0
4505,74,0
4506,74,0
4507,74,0
4508,74,0
4509,72,0
4510,74,0
4511,74,0
4512,74,0
4513,74,0
4514,72,0
4515,74,0
4516,74,0
4517,74,0
4518,76,0
4519,74,0
4520,74,0
4521,74,0
4522,74,0
4523,74,0
4524,76,0
4525,74,0
4526,76,0
4527,74,0
4528,76,0
4529,74,0
4530,74,0
4531,74,0
4532,74,0
4533,74,0
4534,76,0
4535,74,0
4536,74,0
4537,76,0
4538,78,0
4539,74,0
4540,74,0
4541,74,0
4542,76,0
4543,74,0
4544,74,0
4545,72,0
4546,74,0
4547,74,0
4548,78,0
4549,74,0
4550,74,0
4551,74,0
4552,76,0
4553,72,0
4554,74,0
4555,72,0
4556,74,0
4557,74,0
4558,76,0
4559,74,0
4560,76,0
4561,74,0
4562,74,0
4563,72,0
4564,74,0
4565,76,0
4566,74,0
4567,74,0
4568,76,0
4569,74,0
4570,76,0
4571,74,0
4572,76,0
4573,76,0
4574,76,0
4575,74,0
4576,74,0
4577,74,0
4578,76,0
4579,74,0
4580,76,0
4581,76,0
4582,74,0
4583,74,0
4584,74,0
4585,72,0
4586,76,0
4587,72,0
4588,74,0
4589,74,0
4590,76,0
4591,74,0
4592,74,0
4593,74,0
4594,74,0
4595,74,0
4596,74,0
4597,74,0
4598,76,0
4599,74,0
4600,76,0
4601,76,0
4602,76,0
4603,74,0
4604,74,0
4605,74,0
4606,74,0
4607,74,0
4608,74,0
4609,72,0
4610,74,0
4611,74,0
4612,74,0
4613,74,0
4614,74,0
4615,74,0
4616,72,0
4617,74,0
4618,76,0
4619,76,0
4620,74,0
4621,76,0
4622,74,0
4623,74,0
4624,74,0
4625,74,0
4626,74,0
4627,74,0
4628,76,0
4629,76,0
4630,72,0
4631,74,0
4632,78,0
4633,76,0
4634,72,0
4635,72,0
4636,74,0
4637,74,0
4638,74,0
4639,72,0
4640,72,0
4641,72,0
4642,74,0
4643,72,0
4644,74,0
4645,74,0
4646,78,0
4647,74,0
4648,74,0
4649,74,0
4650,78,0
4651,74,0
4652,76,0
4653,74,0
4654,74,0
4655,74,0
4656,72,0
4657,74,0
4658,76,0
4659,72,0
4660,74,0
4661,74,0
4662,74,0
4663,74,0
4664,74,0
4665,72,0
4666,74,0
4667,74,0
4668,76,0
4669,72,0
4670,76,0
4671,74,0
4672,74,0
4673,74,0
4674,74,0
4675,76,0
4676,74,0
4677,74,0
4678,76,0
4679,76,0
4680,76,0
4681,74,0
4682,76,0
4683,74,0
4684,74,0
4685,74,0
4686,74,0
4687,74,0
4688,74,0
4689,74,0
4690,74,0
4691,74,0
4692,76,0
4693,74,0
4694,76,0
4695,76,0
4696,74,0
4697,72,0
4698,74,0
4699,74,0
4700,76,0
4701,74,0
4702,76,0
4703,76,0
4704,74,0
4705,74,0
4706,72,0
4707,74,0
4708,74,0
4709,76,0
4710,76,0
4711,74,0
4712,74,0
4713,76,0
4714,74,0
4715,76,0
4716,76,0
4717,76,0
4718,74,0
4719,74,0
4720,76,0
4721,76,0
4722,74,0
4723,74,0
4724,78,0
4725,74,0
4726,74,0
4727,72,0
4728,74,0
4729,74,0
4730,74,0
4731,74,0
4732,76,0
4733,74,0
4734,74,0
4735,74,0
4736,74,0
4737,74,0
4738,76,0
4739,74,0
4740,76,0
4741,74,0
4742,74,0
4743,74,0
4744,74,0
4745,76,0
4746,74,0
4747,76,0
4748,72,0
4749,74,0
4750,74,0
4751,74,0
4752,76,0
4753,74,0
4754,74,0
4755,72,0
4756,74,0
4757,76,0
4758,74,0
4759,74,0
4760,74,0
4761,74,0
4762,76,0
4763,74,0
4764,72,0
4765,76,0
4766,76,0
4767,72,0
4768,76,0
4769,74,0
4770,78,0
4771,76,0
4772,76,0
4773,72,0
4774,76,0
4775,72,0
4776,76,0
4777,74,0
4778,76,0
4779,74,0
4780,74,0
4781,76,0
4782,74,0
4783,72,0
4784,74,0
4785,74,0
4786,74,0
4787,74,0
4788,76,0
4789,74,0
4790,74,0
4791,74,0
4792,76,0
4793,74,0
4794,72,0
4795,74,0
4796,74,0
4797,74,0
4798,76,0
4799,76,0
4800,76,0
4801,74,0
4802,76,0
4803,74,0
4804,72,0
4805,72,0
4806,72,0
4807,74,0
4808,74,0
4809,72,0
4810,76,0
4811,74,0
4812,72,0
4813,74,0
4814,72,0
4815,74,0
4816,76,0
4817,72,0
4818,78,0
4819,74,0
4820,74,0
4821,76,0
4822,74,0
4823,76,0
4824,74,0
4825,72,0
4826,76,0
4827,74,0
4828,74,0
4829,74,0
4830,74,0
4831,76,0
4832,74,0
4833,76,0
4834,76,0
4835,74,0
4836,74,0
4837,74,0
4838,74,0
4839,74,0
4840,74,0
4841,72,0
4842,74,0
4843,74,0
4844,76,0
4845,74,0
4846,76,0
4847,76,0
4848,74,0
4849,74,0
4850,74,0
4851,74,0
4852,76,0
4853,74,0
4854,74,0
4855,78,0
4856,74,0
4857,72,0
4858,76,0
4859,74,0
4860,74,0
4861,74,0
4862,76,0
4863,74,0
4864,74,0
4865,74,0
4866,76,0
4867,74,0
4868,76,0
4869,74,0
4870,74,0
4871,74,0
4872,76,0
4873,74,0
4874,74,0
4875,74,0
4876,78,0
4877,74,0
4878,74,0
4879,74,0
4880,74,0
4881,74,0
4882,74,0
4883,74,0
4884,74,0
4885,72,0
4886,76,0
4887,74,0
4888,74,0
4889,74,0
4890,78,0
4891,76,0
4892,76,0
4893,74,0
4894,74,0
4895,74,0
4896,74,0
4897,76,0
4898,74,0
4899,74,0
4900,76,0
4901,78,0
4902,74,0
4903,76,0
4904,74,0
4905,74,0
4906,76,0
4907,76,0
4908,74,0
4909,74,0
4910,80,0
4911,74,0
4912,74,0
4913,72,0
4914,78,0
4915,76,0
4916,72,0
4917,74,0
4918,76,0
4919,74,0
4920,74,0
4921,76,0
4922,74,0
4923,76,0
4924,72,0
4925,74,0
4926,74,0
4927,74,0
4928,72,0
4929,76,0
4930,76,0
4931,72,0
4932,76,0
4933,72,0
4934,74,0
4935,76,0
4936,74,0
4937,72,0
4938,78,0
4939,76,0
4940,78,0
4941,76,0
4942,72,0
4943,74,0
4944,76,0
4945,74,0
4946,76,0
4947,74,0
4948,74,0
4949,72,0
4950,74,0
4951,72,0
4952,74,0
4953,74,0
4954,74,0
4955,74,0
4956,74,0
4957,72,0
4958,76,0
4959,76,0
4960,72,0
4961,72,0
4962,76,0
4963,74,0
4964,78,0
4965,74,0
4966,76,0
4967,74,0
4968,74,0
4969,76,0
4970,76,0
4971,72,0
4972,74,0
4973,74,0
4974,74,0
4975,74,0
4976,74,0
4977,74,0
4978,76,0
4979,74,0
4980,76,0
4981,74,0
4982,74,0
4983,76,0
4984,76,0
4985,74,0
4986,74,0
4987,74,0
4988,76,0
4989,74,0
4990,74,0
4991,74,0
4992,72,0
4993,74,0
4994,76,0
4995,74,0
4996,74,0
4997,70,0
4998,76,0
4999,74,0
5000,74,0
5001,74,0
5002,74,0
5003,74,0
5004,72,0
5005,72,0
5006,74,0
5007,74,0
5008,76,0
5009,74,0
5010,76,0
5011,74,0
5012,76,0
5013,74,0
5014,78,0
5015,76,0
5016,74,0
5017,74,0
5018,76,0
5019,74,0
5020,76,0
5021,74,0
5022,82,0
5023,74,0
5024,78,0
5025,76,0
5026,78,0
5027,74,0
5028,74,0
5029,74,0
5030,76,0
5031,74,0
5032,76,0
5033,72,0
5034,74,0
5035,74,0
5036,76,0
5037,72,0
5038,74,0
5039,74,0
5040,72,0
5041,74,0
5042,76,0
5043,72,0
5044,76,0
5045,76,0
5046,76,0
5047,76,0
5048,74,0
5049,74,0
5050,76,0
5051,74,0
5052,74,0
5053,76,0
5054,74,0
5055,74,0
5056,76,0
5057,74,0
5058,76,0
5059,76,0
5060,76,0
5061,72,0
5062,74,0
5063,76,0
5064,74,0
5065,76,0
5066,76,0
5067,74,0
5068,74,0
5069,74,0
5070,74,0
5071,72,0
5072,74,0
5073,74,0
5074,74,0
5075,72,0
5076,74,0
5077,72,0
5078,74,0
5079,74,0
5080,74,0
5081,74,0
5082,76,0
5083,72,0
5084,74,0
5085,74,0
5086,76,0
5087,74,0
5088,76,0
5089,76,0
5090,74,0
5091,74,0
5092,78,0
5093,74,0
5094,76,0
5095,74,0
5096,76,0
5097,74,0
5098,76,0
5099,72,0
5100,76,0
5101,76,0
5102,74,0
5103,74,0
5104,74,0
5105,72,0
5106,78,0
5107,76,0
5108,76,0
5109,74,0
5110,76,0
5111,74,0
5112,74,0
5113,76,0
5114,74,0
5115,72,0
5116,76,0
5117,74,0
5118,74,0
5119,74,0
5120,74,0
5121,74,0
5122,76,0
5123,74,0
5124,76,0
5125,74,0
5126,76,0
5127,76,0
5128,76,0
5129,76,0
5130,74,0
5131,74,0
5132,76,0
5133,74,0
5134,76,0
5135,74,0
5136,74,0
5137,72,0
5138,74,0
5139,76,0
5140,74,0
5141,74,0
5142,76,0
5143,74,0
5144,78,0
5145,72,0
5146,74,0
5147,74,0
5148,76,0
5149,74,0
5150,74,0
5151,76,0
5152,76,0
5153,76,0
5154,80,0
5155,76,0
5156,80,0
5157,84,0
5158,88,0
5159,80,0
5160,74,0
5161,88,0
5162,84,0
5163,84,0
5164,90,0
5165,78,0
5166,74,0
5167,76,0
5168,72,0
5169,74,0
5170,74,0
5171,74,0
5172,72,0
5173,80,0
5174,74,0
5175,74,0
5176,76,0
5177,74,0
5178,86,0
5179,74,0
5180,74,0
5181,74,0
5182,78,0
5183,74,0
5184,76,0
5185,74,0
5186,74,0
5187,80,0
5188,74,0
5189,88,0
5190,78,0
5191,76,0
5192,76,0
5193,76,0
5194,84,0
5195,78,0
5196,80,0
5197,84,0
5198,76,0
5199,84,0
5200,82,0
5201,78,0
5202,80,0
5203,82,0
5204,74,0
5205,80,0
5206,80,0
5207,78,0
5208,80,0
5209,74,0
5210,82,0
5211,80,0
5212,82,0
5213,84,0
5214,82,0
5215,86,0
5216,82,0
5217,76,0
5218,74,0
5219,82,0
5220,88,0
5221,88,0
5222,70,0
5223,76,0
5224,76,0
5225,74,0
5226,82,0
5227,80,0
5228,82,0
5229,74,0
5230,76,0
5231,74,0
5232,76,0
5233,84,0
5234,78,0
5235,80,0
5236,74,0
5237,74,0
5238,92,0
5239,76,0
5240,76,0
5241,76,0
5242,76,0
5243,76,0
5244,74,0
5245,82,0
5246,72,0
5247,78,0
5248,74,0
5249,82,0
5250,76,0
5251,74,0
5252,86,0
5253,76,0
5254,80,0
5255,74,0
5256,82,0
5257,80,0
5258,72,0
5259,90,0
5260,74,0
5261,80,0
5262,76,0
5263,84,0
5264,76,0
5265,84,0
5266,76,0
5267,76,0
5268,82,0
5269,74,0
5270,76,0
5271,74,0
5272,72,0
5273,78,0
5274,76,0
5275,80,0
5276,74,0
5277,74,0
5278,84,0
5279,72,0
5280,76,0
5281,78,0
5282,74,0
5283,74,0
5284,78,0
5285,70,0
5286,74,0
5287,76,0
5288,78,0
5289,74,0
5290,74,0
5291,82,0
5292,74,0
5293,90,0
5294,76,0
5295,72,0
5296,80,0
5297,72,0
5298,86,0
5299,80,0
5300,74,0
5301,84,0
5302,78,0
5303,82,0
5304,74,0
5305,88,0
5306,76,0
5307,76,0
5308,74,0
5309,74,0
5310,76,0
5311,74,0
5312,78,0
5313,88,0
5314,74,0
5315,74,0
5316,80,0
5317,76,0
5318,76,0
5319,78,0
5320,74,0
5321,80,0
5322,76,0
5323,76,0
5324,74,0
5325,80,0
5326,86,0
5327,82,0
5328,82,0
5329,80,0
5330,76,0
5331,78,0
5332,74,0
5333,90,0
5334,84,0
5335,74,0
5336,74,0
5337,90,0
5338,80,0
5339,70,0
5340,74,0
5341,78,0
5342,82,0
5343,74,0
5344,74,0
5345,74,0
5346,76,0
5347,84,0
5348,76,0
5349,78,0
5350,74,0
5351,76,0
5352,82,0
5353,78,0
5354,74,0
5355,74,0
5356,74,0
5357,90,0
5358,90,0
5359,80,0
5360,72,0
5361,90,0
5362,90,0
5363,94,0
5364,74,0
5365,72,0
5366,76,0
5367,88,0
5368,82,0
5369,72,0
5370,74,0
5371,74,0
5372,74,0
5373,72,0
5374,76,0
5375,78,0
5376,78,0
5377,76,0
5378,72,0
5379,76,0
5380,80,0
5381,74,0
5382,82,0
5383,76,0
5384,76,0
5385,80,0
5386,80,0
5387,72,0
5388,80,0
5389,92,0
5390,84,0
5391,76,0
5392,76,0
5393,74,0
5394,80,0
5395,74,0
5396,74,0
5397,76,0
5398,74,0
5399,74,0
5400,80,0
5401,76,0
5402,90,0
5403,82,0
5404,80,0
5405,92,0
5406,74,0
5407,88,0
5408,76,0
5409,74,0
5410,74,0
5411,74,0
5412,74,0
5413,72,0
5414,86,0
5415,86,0
5416,76,0
5417,72,0
5418,86,0
5419,74,0
5420,90,0
5421,90,0
5422,74,0
5423,92,0
5424,88,0
5425,90,0
5426,90,0
5427,84,0
5428,84,0
5429,80,0
5430,82,0
5431,80,0
5432,78,0
5433,84,0
5434,80,0
5435,76,0
5436,86,0
5437,90,0
5438,76,0
5439,92,0
5440,74,0
5441,82,0
5442,80,0
5443,74,0
5444,94,0
5445,78,0
5446,96,0
5447,74,0
5448,76,0
5449,88,0
5450,86,0
5451,86,0
5452,74,0
5453,76,0
5454,76,0
5455,72,0
5456,76,0
5457,74,0
5458,82,0
5459,82,0
5460,72,0
5461,72,0
5462,76,0
5463,82,0
5464,78,0
5465,82,0
5466,76,0
5467,74,0
5468,74,0
5469,80,0
5470,84,0
5471,78,0
5472,78,0
5473,78,0
5474,80,0
5475,88,0
5476,76,0
5477,74,0
5478,78,0
5479,74,0
5480,78,0
5481,78,0
5482,74,0
5483,80,0
5484,78,0
5485,76,0
5486,86,0
5487,74,0
5488,74,0
5489,76,0
5490,76,0
5491,82,0
5492,76,0
5493,72,0
5494,90,0
5495,94,0
5496,90,0
5497,108,0
5498,74,0
5499,80,0
5500,86,0
5501,78,0
5502,78,0
5503,82,0
5504,90,0
5505,80,0
5506,86,0
5507,82,0
5508,88,0
5509,82,0
5510,78,0
5511,78,0
5512,76,0
5513,84,0
5514,92,0
5515,98,0
5516,80,0
5517,90,0
5518,80,0
5519,78,0
5520,72,0
5521,80,0
5522,74,0
5523,74,0
5524,74,0
5525,82,0
5526,74,0
5527,84,0
5528,74,0
5529,72,0
5530,100,0
5531,80,0
5532,74,0
5533,76,0
5534,84,0
5535,88,0
5536,78,0
5537,80,0
5538,76,0
5539,86,0
5540,76,0
5541,86,0
5542,96,0
5543,88,0
5544,76,0
5545,76,0
5546,84,0
5547,76,0
5548,92,0
5549,76,0
5550,74,0
5551,76,0
5552,72,0
5553,80,0
5554,74,0
5555,88,0
5556,92,0
5557,76,0
5558,78,0
5559,80,0
5560,86,0
5561,78,0
5562,94,0
5563,76,0
5564,82,0
5565,74,0
5566,76,0
5567,78,0
5568,84,0
5569,82,0
5570,76,0
5571,86,0
5572,88,0
5573,84,0
5574,76,0
5575,84,0
5576,74,0
5577,72,0
5578,82,0
5579,78,0
5580,84,0
5581,86,0
5582,276,1
5583,80,0
5584,80,0
5585,84,0
5586,78,0
5587,82,0
5588,82,0
5589,82,0
5590,82,0
5591,78,0
5592,78,0
5593,76,0
5594,78,0
5595,78,0
5596,74,0
5597,78,0
5598,92,0
5599,68,0
5600,74,0
5601,76,0
5602,74,0
5603,76,0
5604,74,0
5605,74,0
5606,74,0
5607,74,0
5608,76,0
5609,76,0
5610,76,0
5611,74,0
5612,76,0
5613,76,0
5614,74,0
5615,76,0
5616,74,0
5617,74,0
5618,74,0
5619,76,0
5620,74,0
5621,74,0
5622,74,0
5623,76,0
5624,74,0
5625,76,0
5626,74,0
5627,74,0
5628,74,0
5629,76,0
5630,74,0
5631,78,0
5632,74,0
5633,76,0
5634,74,0
5635,76,0
5636,74,0
5637,78,0
5638,76,0
5639,76,0
5640,74,0
5641,74,0
5642,74,0
5643,72,0
5644,74,0
5645,74,0
5646,76,0
5647,74,0
5648,72,0
5649,74,0
5650,76,0
5651,72,0
5652,76,0
5653,74,0
5654,76,0
5655,76,0
5656,74,0
5657,74,0
5658,74,0
5659,72,0
5660,74,0
5661,74,0
5662,74,0
5663,74,0
5664,76,0
5665,72,0
5666,74,0
5667,74,0
5668,78,0
5669,72,0
5670,76,0
5671,72,0
5672,76,0
5673,72,0
5674,72,0
5675,74,0
5676,72,0
5677,74,0
5678,74,0
5679,74,0
5680,74,0
5681,74,0
5682,74,0
5683,76,0
5684,76,0
5685,72,0
5686,72,0
5687,74,0
5688,74,0
5689,76,0
5690,76,0
5691,76,0
5692,74,0
5693,78,0
5694,74,0
5695,74,0
5696,72,0
5697,74,0
5698,74,0
5699,74,0
5700,74,0
5701,74,0
5702,74,0
5703,76,0
5704,76,0
5705,74,0
5706,74,0
5707,76,0
5708,74,0
5709,74,0
5710,74,0
5711,78,0
5712,72,0
5713,74,0
5714,74,0
5715,76,0
5716,74,0
5717,76,0
5718,76,0
5719,74,0
5720,74,0
5721,78,0
5722,74,0
5723,76,0
5724,72,0
5725,74,0
5726,74,0
5727,76,0
5728,72,0
5729,74,0
5730,76,0
5731,74,0
5732,74,0
5733,76,0
5734,74,0
5735,74,0
5736,74,0
5737,74,0
5738,76,0
5739,78,0
5740,74,0
5741,74,0
5742,72,0
5743,74,0
5744,74,0
5745,74,0
5746,76,0
5747,74,0
5748,74,0
5749,74,0
5750,74,0
5751,76,0
5752,74,0
5753,74,0
5754,74,0
5755,74,0
5756,74,0
5757,76,0
5758,74,0
5759,76,0
5760,74,0
5761,74,0
5762,74,0
5763,74,0
5764,74,0
5765,74,0
5766,74,0
5767,74,0
5768,74,0
5769,76,0
5770,74,0
5771,78,0
5772,74,0
5773,74,0
5774,74,0
5775,72,0
5776,74,0
5777,74,0
5778,74,0
5779,74,0
5780,74,0
5781,76,0
5782,74,0
5783,76,0
5784,74,0
5785,74,0
5786,74,0
5787,74,0
5788,76,0
5789,74,0
5790,74,0
5791,74,0
5792,72,0
5793,76,0
5794,74,0
5795,76,0
5796,76,0
5797,74,0
5798,74,0
5799,76,0
5800,74,0
5801,74,0
5802,74,0
5803,72,0
5804,72,0
5805,76,0
5806,76,0
5807,74,0
5808,74,0
5809,76,0
5810,74,0
5811,74,0
5812,74,0
5813,74,0
5814,72,0
5815,76,0
5816,74,0
5817,78,0
5818,74,0
5819,74,0
5820,74,0
5821,74,0
5822,74,0
5823,74,0
5824,74,0
5825,74,0
5826,76,0
5827,72,0
5828,74,0
5829,76,0
5830,70,0
5831,74,0
5832,74,0
5833,76,0
5834,74,0
5835,74,0
5836,74,0
5837,74,0
5838,74,0
5839,78,0
5840,76,0
5841,82,0
5842,74,0
5843,76,0
5844,76,0
5845,74,0
5846,76,0
5847,74,0
5848,74,0
5849,74,0
5850,72,0
5851,74,0
5852,74,0
5853,76,0
5854,72,0
5855,74,0
5856,74,0
5857,74,0
5858,76,0
5859,74,0
5860,76,0
5861,74,0
5862,74,0
5863,74,0
5864,76,0
5865,74,0
5866,74,0
5867,74,0
5868,76,0
5869,74,0
5870,74,0
5871,74,0
5872,76,0
5873,76,0
5874,76,0
5875,74,0
5876,76,0
5877,74,0
5878,76,0
5879,76,0
5880,76,0
5881,74,0
5882,74,0
5883,74,0
5884,76,0
5885,74,0
5886,76,0
5887,74,0
5888,76,0
5889,74,0
5890,76,0
5891,74,0
5892,76,0
5893,76,0
5894,76,0
5895,74,0
5896,76,0
5897,76,0
5898,74,0
5899,76,0
5900,74,0
5901,74,0
5902,74,0
5903,74,0
5904,72,0
5905,74,0
5906,74,0
5907,76,0
5908,74,0
5909,74,0
5910,74,0
5911,74,0
5912,74,0
5913,74,0
5914,74,0
5915,74,0
5916,70,0
5917,76,0
5918,74,0
5919,74,0
5920,74,0
5921,74,0
5922,74,0
5923,72,0
5924,74,0
5925,74,0
5926,74,0
5927,74,0
5928,74,0
5929,74,0
5930,78,0
5931,74,0
5932,78,0
5933,72,0
5934,74,0
5935,74,0
5936,74,0
5937,76,0
5938,76,0
5939,72,0
5940,74,0
5941,74,0
5942,76,0
5943,74,0
5944,74,0
5945,76,0
5946,74,0
5947,72,0
5948,74,0
5949,72,0
5950,74,0
5951,74,0
5952,74,0
5953,76,0
5954,74,0
5955,72,0
5956,74,0
5957,72,0
5958,72,0
5959,72,0
5960,74,0
5961,74,0
5962,74,0
5963,76,0
5964,74,0
5965,76,0
5966,76,0
5967,72,0
5968,74,0
5969,74,0
5970,74,0
5971,74,0
5972,78,0
5973,74,0
5974,74,0
5975,72,0
5976,74,0
5977,74,0
5978,74,0
5979,74,0
5980,74,0
5981,76,0
5982,74,0
5983,78,0
5984,74,0
5985,74,0
5986,74,0
5987,72,0
5988,76,0
5989,74,0
5990,76,0
5991,76,0
5992,76,0
5993,74,0
5994,74,0
5995,74,0
5996,74,0
5997,74,0
5998,76,0
5999,76,0
6000,72,0
6001,76,0
6002,76,0
6003,74,0
6004,74,0
6005,74,0
6006,74,0
6007,74,0
6008,76,0
6009,74,0
6010,74,0
6011,76,0
6012,76,0
6013,74,0
6014,76,0
6015,74,0
6016,76,0
6017,74,0
6018,74,0
6019,74,0
6020,76,0
6021,74,0
6022,76,0
6023,76,0
6024,76,0
6025,74,0
6026,76,0
6027,74,0
6028,76,0
6029,74,0
6030,76,0
6031,76,0
6032,74,0
6033,74,0
6034,74,0
6035,74,0
6036,74,0
6037,74,0
6038,74,0
6039,74,0
6040,76,0
6041,74,0
6042,74,0
6043,74,0
6044,74,0
6045,74,0
6046,72,0
6047,74,0
6048,76,0
6049,74,0
6050,76,0
6051,74,0
6052,76,0
6053,74,0
6054,76,0
6055,74,0
6056,74,0
6057,74,0
6058,76,0
6059,76,0
6060,74,0
6061,72,0
6062,72,0
6063,74,0
6064,74,0
6065,74,0
6066,76,0
6067,74,0
6068,74,0
6069,72,0
6070,72,0
6071,74,0
6072,74,0
6073,76,0
6074,78,0
6075,74,0
6076,72,0
6077,74,0
6078,74,0
6079,74,0
6080,74,0
6081,74,0
6082,74,0
6083,74,0
6084,72,0
6085,74,0
6086,76,0
6087,72,0
6088,76,0
6089,76,0
6090,74,0
6091,74,0
6092,76,0
6093,74,0
6094,76,0
6095,74,0
6096,74,0
6097,74,0
6098,78,0
6099,76,0
6100,78,0
6101,76,0
6102,76,0
6103,74,0
6104,78,0
6105,76,0
6106,76,0
6107,74,0
6108,76,0
6109,74,0
6110,76,0
6111,74,0
6112,76,0
6113,72,0
6114,76,0
6115,72,0
6116,76,0
6117,74,0
6118,76,0
6119,72,0
6120,74,0
6121,74,0
6122,76,0
6123,74,0
6124,76,0
6125,74,0
6126,76,0
6127,74,0
6128,78,0
6129,74,0
6130,74,0
6131,76,0
6132,76,0
6133,72,0
6134,78,0
6135,74,0
6136,76,0
6137,72,0
6138,74,0
6139,74,0
6140,76,0
6141,74,0
6142,74,0
6143,74,0
6144,74,0
6145,74,0
6146,74,0
6147,74,0
6148,74,0
6149,74,0
6150,74,0
6151,74,0
6152,74,0
6153,74,0
6154,74,0
6155,74,0
6156,76,0
6157,74,0
6158,74,0
6159,76,0
6160,74,0
6161,74,0
6162,76,0
6163,76,0
6164,74,0
6165,74,0
6166,74,0
6167,74,0
6168,76,0
6169,74,0
6170,76,0
6171,74,0
6172,76,0
6173,74,0
6174,76,0
6175,76,0
6176,74,0
6177,76,0
6178,74,0
6179,74,0
6180,74,0
6181,76,0
6182,74,0
6183,76,0
6184,76,0
6185,74,0
6186,76,0
6187,76,0
6188,74,0
6189,74,0
6190,74,0
6191,74,0
6192,74,0
6193,76,0
6194,76,0
6195,76,0
6196,76,0
6197,74,0
6198,74,0
6199,74,0
6200,74,0
6201,74,0
6202,74,0
6203,78,0
6204,76,0
6205,74,0
6206,74,0
6207,74,0
6208,74,0
6209,74,0
6210,76,0
6211,74,0
6212,74,0
6213,74,0
6214,74,0
6215,74,0
6216,74,0
6217,74,0
6218,74,0
6219,74,0
6220,72,0
6221,76,0
6222,74,0
6223,74,0
6224,72,0
6225,74,0
6226,74,0
6227,74,0
6228,72,0
6229,74,0
6230,76,0
6231,74,0
6232,78,0
6233,72,0
6234,74,0
6235,76,0
6236,74,0
6237,74,0
6238,76,0
6239,76,0
6240,74,0
6241,74,0
6242,72,0
6243,74,0
6244,74,0
6245,76,0
6246,74,0
6247,72,0
6248,74,0
6249,76,0
6250,72,0
6251,76,0
6252,74,0
6253,74,0
6254,74,0
6255,74,0
6256,72,0
6257,76,0
6258,76,0
6259,76,0
6260,76,0
6261,74,0
6262,76,0
6263,74,0
6264,76,0
6265,74,0
6266,74,0
6267,74,0
6268,74,0
6269,74,0
6270,72,0
6271,74,0
6272,76,0
6273,72,0
6274,76,0
6275,70,0
6276,74,0
6277,72,0
6278,76,0
6279,74,0
6280,76,0
6281,74,0
6282,76,0
6283,74,0
6284,76,0
6285,78,0
6286,76,0
6287,72,0
6288,76,0
6289,74,0
6290,74,0
6291,74,0
6292,74,0
6293,74,0
6294,74,0
6295,74,0
6296,76,0
6297,74,0
6298,74,0
6299,72,0
6300,76,0
6301,74,0
6302,76,0
6303,72,0
6304,74,0
6305,76,0
6306,76,0
6307,74,0
6308,74,0
6309,74,0
6310,76,0
6311,72,0
6312,76,0
6313,76,0
6314,76,0
6315,74,0
6316,74,0
6317,74,0
6318,74,0
6319,76,0
6320,74,0
6321,74,0
6322,78,0
6323,74,0
6324,74,0
6325,74,0
6326,76,0
6327,74,0
6328,74,0
6329,74,0
6330,78,0
6331,74,0
6332,76,0
6333,74,0
6334,76,0
6335,76,0
6336,74,0
6337,74,0
6338,76,0
6339,76,0
6340,76,0
6341,74,0
6342,78,0
6343,72,0
6344,74,0
6345,74,0
6346,74,0
6347,74,0
6348,74,0
6349,76,0
6350,74,0
6351,76,0
6352,74,0
6353,74,0
6354,74,0
6355,74,0
6356,76,0
6357,72,0
6358,74,0
6359,76,0
6360,74,0
6361,74,0
6362,74,0
6363,74,0
6364,74,0
6365,76,0
6366,76,0
6367,76,0
6368,74,0
6369,74,0
6370,72,0
6371,76,0
6372,74,0
6373,74,0
6374,74,0
6375,76,0
6376,74,0
6377,72,0
6378,76,0
6379,76,0
6380,72,0
6381,74,0
6382,72,0
6383,72,0
6384,72,0
6385,74,0
6386,72,0
6387,74,0
6388,74,0
6389,72,0
6390,74,0
6391,74,0
6392,74,0
6393,72,0
6394,72,0
6395,74,0
6396,74,0
6397,76,0
6398,72,0
6399,72,0
6400,72,0
6401,72,0
6402,72,0
6403,74,0
6404,72,0
6405,72,0
6406,76,0
6407,76,0
6408,74,0
6409,72,0
6410,72,0
6411,72,0
6412,72,0
6413,76,0
6414,74,0
6415,74,0
6416,74,0
6417,76,0
6418,74,0
6419,74,0
6420,74,0
6421,74,0
6422,74,0
6423,76,0
6424,72,0
6425,74,0
6426,76,0
6427,76,0
6428,78,0
6429,76,0
6430,74,0
6431,74,0
6432,74,0
6433,74,0
6434,72,0
6435,76,0
6436,74,0
6437,74,0
6438,76,0
6439,74,0
6440,74,0
6441,76,0
6442,74,0
6443,74,0
6444,74,0
6445,76,0
6446,74,0
6447,78,0
6448,74,0
6449,76,0
6450,76,0
6451,78,0
6452,72,0
6453,76,0
6454,74,0
6455,76,0
6456,74,0
6457,76,0
6458,74,0
6459,76,0
6460,74,0
6461,74,0
6462,74,0
6463,72,0
6464,74,0
6465,74,0
6466,74,0
6467,74,0
6468,74,0
6469,72,0
6470,74,0
6471,74,0
6472,74,0
6473,74,0
6474,74,0
6475,76,0
6476,74,0
6477,74,0
6478,76,0
6479,76,0
6480,72,0
6481,74,0
6482,76,0
6483,76,0
6484,74,0
6485,74,0
6486,74,0
6487,74,0
6488,74,0
6489,74,0
6490,72,0
6491,74,0
6492,74,0
6493,74,0
6494,74,0
6495,76,0
6496,76,0
6497,76,0
6498,74,0
6499,72,0
6500,74,0
6501,74,0
6502,74,0
6503,74,0
6504,76,0
6505,76,0
6506,74,0
6507,76,0
6508,74,0
6509,74,0
6510,72,0
6511,76,0
6512,76,0
6513,74,0
6514,74,0
6515,76,0
6516,74,0
6517,74,0
6518,76,0
6519,76,0
6520,74,0
6521,76,0
6522,74,0
6523,74,0
6524,74,0
6525,74,0
6526,74,0
6527,74,0
6528,72,0
6529,74,0
6530,76,0
6531,74,0
6532,74,0
6533,76,0
6534,76,0
6535,76,0
6536,74,0
6537,74,0
6538,74,0
6539,74,0
6540,72,0
6541,76,0
6542,76,0
6543,76,0
6544,74,0
6545,74,0
6546,74,0
6547,74,0
6548,76,0
6549,76,0
6550,76,0
6551,76,0
6552,74,0
6553,74,0
6554,74,0
6555,72,0
6556,72,0
6557,74,0
6558,74,0
6559,74,0
6560,74,0
6561,74,0
6562,74,0
6563,74,0
6564,76,0
6565,76,0
6566,76,0
6567,76,0
6568,72,0
6569,72,0
6570,74,0
6571,74,0
6572,74,0
6573,74,0
6574,74,0
6575,74,0
6576,74,0
6577,76,0
6578,74,0
6579,74,0
6580,72,0
6581,74,0
6582,74,0
6583,76,0
6584,76,0
6585,76,0
6586,76,0
6587,74,0
6588,74,0
6589,76,0
6590,76,0
6591,74,0
6592,74,0
6593,76,0
6594,76,0
6595,76,0
6596,76,0
6597,76,0
6598,76,0
6599,74,0
6600,74,0
6601,74,0
6602,74,0
6603,76,0
6604,72,0
6605,74,0
6606,74,0
6607,74,0
6608,74,0
6609,72,0
6610,74,0
6611,74,0
6612,76,0
6613,76,0
6614,74,0
6615,76,0
6616,76,0
6617,74,0
6618,74,0
6619,72,0
6620,74,0
6621,74,0
6622,74,0
6623,76,0
6624,76,0
6625,76,0
6626,74,0
6627,74,0
6628,74,0
6629,74,0
6630,74,0
6631,76,0
6632,76,0
6633,76,0
6634,74,0
6635,74,0
6636,74,0
6637,76,0
6638,74,0
6639,76,0
6640,76,0
6641,76,0
6642,74,0
6643,74,0
6644,74,0
6645,74,0
6646,74,0
6647,76,0
6648,76,0
6649,76,0
6650,74,0
6651,74,0
6652,76,0
6653,78,0
6654,74,0
6655,74,0
6656,76,0
6657,76,0
6658,76,0
6659,74,0
6660,84,0
6661,72,0
6662,74,0
6663,70,0
6664,74,0
6665,74,0
6666,76,0
6667,78,0
6668,74,0
6669,76,0
6670,72,0
6671,76,0
6672,76,0
6673,76,0
6674,76,0
6675,76,0
6676,76,0
6677,76,0
6678,74,0
6679,74,0
6680,76,0
6681,78,0
6682,76,0
6683,76,0
6684,76,0
6685,76,0
6686,76,0
6687,76,0
6688,76,0
6689,74,0
6690,74,0
6691,76,0
6692,76,0
6693,74,0
6694,76,0
6695,74,0
6696,78,0
6697,78,0
6698,74,0
6699,74,0
6700,76,0
6701,76,0
6702,76,0
6703,76,0
6704,76,0
6705,76,0
6706,76,0
6707,80,0
6708,78,0
6709,74,0
6710,76,0
6711,74,0
6712,76,0
6713,76,0
6714,76,0
6715,76,0
6716,78,0
6717,76,0
6718,74,0
6719,76,0
6720,76,0
6721,76,0
6722,76,0
6723,76,0
6724,76,0
6725,76,0
6726,76,0
6727,76,0
6728,76,0
6729,76,0
6730,76,0
6731,76,0
6732,76,0
6733,76,0
6734,76,0
6735,76,0
6736,76,0
6737,76,0
6738,76,0
6739,76,0
6740,76,0
6741,76,0
6742,76,0
6743,76,0
6744,76,0
6745,76,0
6746,76,0
6747,76,0
6748,76,0
6749,74,0
6750,76,0
6751,76,0
6752,76,0
6753,76,0
6754,74,0
6755,76,0
6756,76,0
6757,76,0
6758,76,0
6759,76,0
6760,76,0
6761,76,0
6762,76,0
6763,78,0
6764,76,0
6765,76,0
6766,76,0
6767,76,0
6768,76,0
6769,76,0
6770,76,0
6771,76,0
6772,76,0
6773,76,0
6774,76,0
6775,76,0
6776,76,0
6777,76,0
6778,76,0
6779,76,0
6780,76,0
6781,76,0
6782,76,0
6783,74,0
6784,76,0
6785,76,0
6786,78,0
6787,76,0
6788,76,0
6789,76,0
6790,76,0
6791,76,0
6792,76,0
6793,76,0
6794,76,0
6795,76,0
6796,76,0
6797,74,0
6798,76,0
6799,76,0
6800,76,0
6801,76,0
6802,74,0
6803,74,0
6804,78,0
6805,74,0
6806,76,0
6807,76,0
6808,76,0
6809,76,0
6810,76,0
6811,76,0
6812,76,0
6813,78,0
6814,76,0
6815,74,0
6816,76,0
6817,76,0
6818,74,0
6819,74,0
6820,76,0
6821,76,0
6822,78,0
6823,74,0
6824,76,0
6825,78,0
6826,76,0
6827,74,0
6828,76,0
6829,76,0
6830,76,0
6831,76,0
6832,76,0
6833,76,0
6834,74,0
6835,76,0
6836,76,0
6837,76,0
6838,76,0
6839,76,0
6840,74,0
6841,78,0
6842,78,0
6843,78,0
6844,78,0
6845,76,0
6846,76,0
6847,74,0
6848,76,0
6849,76,0
6850,76,0
6851,76,0
6852,76,0
6853,74,0
6854,76,0
6855,76,0
6856,74,0
6857,76,0
6858,74,0
6859,76,0
6860,78,0
6861,74,0
6862,76,0
6863,76,0
6864,74,0
6865,76,0
6866,76,0
6867,76,0
6868,74,0
6869,76,0
6870,76,0
6871,76,0
6872,76,0
6873,76,0
6874,76,0
6875,76,0
6876,76,0
6877,76,0
6878,74,0
6879,74,0
6880,74,0
6881,74,0
6882,76,0
6883,76,0
6884,76,0
6885,76,0
6886,76,0
6887,76,0
6888,76,0
6889,74,0
6890,76,0
6891,76,0
6892,74,0
6893,76,0
6894,74,0
6895,78,0
6896,76,0
6897,76,0
6898,76,0
6899,76,0
6900,76,0
6901,76,0
6902,76,0
6903,78,0
6904,76,0
6905,76,0
6906,78,0
6907,76,0
6908,76,0
6909,74,0
6910,74,0
6911,76,0
6912,76,0
6913,76,0
6914,76,0
6915,76,0
6916,76,0
6917,76,0
6918,76,0
6919,76,0
6920,76,0
6921,76,0
6922,76,0
6923,76,0
6924,76,0
6925,76,0
6926,74,0
6927,76,0
6928,76,0
6929,76,0
6930,76,0
6931,76,0
6932,76,0
6933,76,0
6934,76,0
6935,76,0
6936,76,0
6937,78,0
6938,76,0
6939,76,0
6940,74,0
6941,76,0
6942,76,0
6943,74,0
6944,76,0
6945,74,0
6946,76,0
6947,76,0
6948,76,0
6949,76,0
6950,74,0
6951,76,0
6952,76,0
6953,76,0
6954,76,0
6955,76,0
6956,74,0
6957,76,0
6958,76,0
6959,76,0
6960,74,0
6961,76,0
6962,74,0
6963,76,0
6964,76,0
6965,78,0
6966,76,0
6967,78,0
6968,76,0
6969,76,0
6970,74,0
6971,76,0
6972,76,0
6973,76,0
6974,74,0
6975,76,0
6976,76,0
6977,76,0
6978,76,0
6979,74,0
6980,74,0
6981,76,0
6982,76,0
6983,76,0
6984,76,0
6985,76,0
6986,76,0
6987,76,0
6988,76,0
6989,76,0
6990,78,0
6991,76,0
6992,78,0
6993,78,0
6994,78,0
6995,78,0
6996,74,0
6997,74,0
6998,76,0
6999,76,0
7000,76,0
7001,76,0
7002,78,0
7003,78,0
7004,76,0
7005,76,0
7006,76,0
7007,76,0
7008,76,0
7009,78,0
7010,76,0
7011,78,0
7012,76,0
7013,76,0
7014,76,0
7015,74,0
7016,76,0
7017,76,0
7018,74,0
7019,76,0
7020,72,0
7021,74,0
7022,76,0
7023,76,0
7024,76,0
7025,76,0
7026,76,0
7027,76,0
7028,76,0
7029,76,0
7030,76,0
7031,76,0
7032,76,0
7033,76,0
7034,76,0
7035,78,0
7036,74,0
7037,76,0
7038,76,0
7039,78,0
7040,74,0
7041,76,0
7042,76,0
7043,76,0
7044,76,0
7045,76,0
7046,78,0
7047,76,0
7048,78,0
7049,76,0
7050,76,0
7051,76,0
7052,76,0
7053,74,0
7054,76,0
7055,76,0
7056,76,0
7057,76,0
7058,76,0
7059,76,0
7060,74,0
7061,76,0
7062,76,0
7063,76,0
7064,76,0
7065,76,0
7066,76,0
7067,76,0
7068,76,0
7069,76,0
7070,76,0
7071,76,0
7072,76,0
7073,76,0
7074,76,0
7075,74,0
7076,74,0
7077,74,0
7078,76,0
7079,76,0
7080,74,0
7081,76,0
7082,74,0
7083,76,0
7084,76,0
7085,74,0
7086,76,0
7087,76,0
7088,78,0
7089,74,0
7090,76,0
7091,76,0
7092,76,0
7093,76,0
7094,76,0
7095,76,0
7096,78,0
7097,78,0
7098,76,0
7099,76,0
7100,76,0
7101,76,0
7102,74,0
7103,76,0
7104,74,0
7105,74,0
7106,76,0
7107,76,0
7108,74,0
7109,74,0
7110,76,0
7111,76,0
7112,78,0
7113,76,0
7114,74,0
7115,76,0
7116,72,0
7117,76,0
7118,74,0
7119,76,0
7120,74,0
7121,74,0
7122,76,0
7123,78,0
7124,72,0
7125,76,0
7126,76,0
7127,74,0
7128,74,0
7129,76,0
7130,76,0
7131,74,0
7132,74,0
7133,76,0
7134,76,0
7135,76,0
7136,76,0
7137,76,0
7138,76,0
7139,76,0
7140,76,0
7141,76,0
7142,76,0
7143,78,0
7144,76,0
7145,76,0
7146,76,0
7147,76,0
7148,76,0
7149,78,0
7150,74,0
7151,72,0
7152,76,0
7153,78,0
7154,74,0
7155,76,0
7156,76,0
7157,76,0
7158,76,0
7159,74,0
7160,76,0
7161,74,0
7162,74,0
7163,78,0
7164,76,0
7165,74,0
7166,76,0
7167,76,0
7168,76,0
7169,76,0
7170,76,0
7171,76,0
7172,76,0
7173,76,0
7174,74,0
7175,72,0
7176,74,0
7177,76,0
7178,76,0
7179,76,0
7180,74,0
7181,76,0
7182,76,0
7183,76,0
7184,76,0
7185,76,0
7186,74,0
7187,76,0
7188,76,0
7189,76,0
7190,76,0
7191,78,0
7192,76,0
7193,76,0
7194,76,0
7195,76,0
7196,76,0
7197,76,0
7198,76,0
7199,74,0
7200,76,0
7201,76,0
7202,76,0
7203,76,0
7204,76,0
7205,76,0
7206,76,0
7207,76,0
7208,76,0
7209,76,0
7210,76,0
7211,76,0
7212,76,0
7213,76,0
7214,76,0
7215,76,0
7216,76,0
7217,74,0
7218,76,0
7219,76,0
7220,76,0
7221,76,0
7222,76,0
7223,76,0
7224,76,0
7225,72,0
7226,76,0
7227,76,0
7228,76,0
7229,76,0
7230,76,0
7231,76,0
7232,76,0
7233,72,0
7234,76,0
7235,76,0
7236,76,0
7237,76,0
7238,76,0
7239,76,0
7240,78,0
7241,76,0
7242,76,0
7243,76,0
7244,76,0
7245,78,0
7246,76,0
7247,76,0
7248,76,0
7249,76,0
7250,74,0
7251,76,0
7252,76,0
7253,76,0
7254,76,0
7255,78,0
7256,76,0
7257,76,0
7258,74,0
7259,76,0
7260,76,0
7261,76,0
7262,76,0
7263,76,0
7264,76,0
7265,76,0
7266,74,0
7267,76,0
7268,76,0
7269,76,0
7270,76,0
7271,76,0
7272,78,0
7273,78,0
7274,74,0
7275,74,0
7276,76,0
7277,78,0
7278,74,0
7279,76,0
7280,76,0
7281,76,0
7282,76,0
7283,76,0
7284,76,0
7285,76,0
7286,76,0
7287,76,0
7288,76,0
7289,76,0
7290,74,0
7291,76,0
7292,78,0
7293,78,0
7294,76,0
7295,76,0
7296,78,0
7297,76,0
7298,74,0
7299,74,0
7300,76,0
7301,76,0
7302,78,0
7303,76,0
7304,76,0
7305,76,0
7306,76,0
7307,72,0
7308,76,0
7309,74,0
7310,74,0
7311,76,0
7312,76,0
7313,76,0
7314,74,0
7315,78,0
7316,76,0
7317,74,0
7318,76,0
7319,76,0
7320,74,0
7321,74,0
7322,76,0
7323,74,0
7324,74,0
7325,76,0
7326,76,0
7327,76,0
7328,76,0
7329,74,0
7330,76,0
7331,76,0
7332,76,0
7333,76,0
7334,74,0
7335,76,0
7336,76,0
7337,76,0
7338,76,0
7339,74,0
7340,76,0
7341,76,0
7342,76,0
7343,76,0
7344,76,0
7345,74,0
7346,76,0
7347,76,0
7348,76,0
7349,76,0
7350,76,0
7351,76,0
7352,76,0
7353,76,0
7354,76,0
7355,74,0
7356,76,0
7357,74,0
7358,74,0
7359,76,0
7360,76,0
7361,76,0
7362,76,0
7363,76,0
7364,78,0
7365,76,0
7366,76,0
7367,76,0
7368,74,0
7369,76,0
7370,76,0
7371,74,0
7372,76,0
7373,76,0
7374,74,0
7375,76,0
7376,76,0
7377,74,0
7378,76,0
7379,76,0
7380,76,0
7381,76,0
7382,76,0
7383,76,0
7384,76,0
7385,76,0
7386,76,0
7387,76,0
7388,76,0
7389,76,0
7390,76,0
7391,78,0
7392,74,0
7393,76,0
7394,76,0
7395,76,0
7396,76,0
7397,76,0
7398,76,0
7399,76,0
7400,76,0
7401,76,0
7402,74,0
7403,78,0
7404,76,0
7405,76,0
7406,76,0
7407,76,0
7408,76,0
7409,76,0
7410,76,0
7411,74,0
7412,76,0
7413,74,0
7414,76,0
7415,76,0
7416,78,0
7417,76,0
7418,76,0
7419,76,0
7420,76,0
7421,74,0
7422,76,0
7423,76,0
7424,76,0
7425,74,0
7426,76,0
7427,78,0
7428,76,0
7429,76,0
7430,74,0
7431,74,0
7432,76,0
7433,76,0
7434,74,0
7435,76,0
7436,76,0
7437,76,0
7438,76,0
7439,76,0
7440,76,0
7441,76,0
7442,76,0
7443,74,0
7444,78,0
7445,76,0
7446,76,0
7447,76,0
7448,76,0
7449,74,0
7450,76,0
7451,76,0
7452,74,0
7453,76,0
7454,78,0
7455,74,0
7456,76,0
7457,74,0
7458,74,0
7459,76,0
7460,74,0
7461,76,0
7462,76,0
7463,76,0
7464,78,0
7465,76,0
7466,74,0
7467,76,0
7468,76,0
7469,76,0
7470,78,0
7471,76,0
7472,72,0
7473,78,0
7474,76,0
7475,76,0
7476,76,0
7477,76,0
7478,76,0
7479,84,0
7480,76,0
7481,76,0
7482,74,0
7483,76,0
7484,74,0
7485,76,0
7486,74,0
7487,76,0
7488,74,0
7489,76,0
7490,74,0
7491,76,0
7492,74,0
7493,74,0
7494,72,0
7495,74,0
7496,74,0
7497,76,0
7498,76,0
7499,76,0
7500,76,0
7501,74,0
7502,74,0
7503,76,0
7504,74,0
7505,74,0
7506,74,0
7507,74,0
7508,74,0
7509,74,0
7510,74,0
7511,72,0
7512,74,0
7513,76,0
7514,74,0
7515,74,0
7516,74,0
7517,74,0
7518,72,0
7519,74,0
7520,74,0
7521,74,0
7522,74,0
7523,74,0
7524,76,0
7525,76,0
7526,74,0
7527,74,0
7528,72,0
7529,76,0
7530,74,0
7531,76,0
7532,74,0
7533,76,0
7534,72,0
7535,74,0
7536,74,0
7537,76,0
7538,74,0
7539,76,0
7540,74,0
7541,74,0
7542,74,0
7543,74,0
7544,74,0
7545,76,0
7546,72,0
7547,76,0
7548,74,0
7549,78,0
7550,74,0
7551,76,0
7552,74,0
7553,74,0
7554,74,0
7555,74,0
7556,76,0
7557,74,0
7558,76,0
7559,76,0
7560,74,0
7561,74,0
7562,74,0
7563,72,0
7564,74,0
7565,76,0
7566,76,0
7567,76,0
7568,76,0
7569,74,0
7570,74,0
7571,76,0
7572,74,0
7573,72,0
7574,74,0
7575,76,0
7576,78,0
7577,72,0
7578,74,0
7579,74,0
7580,74,0
7581,76,0
7582,76,0
7583,74,0
7584,74,0
7585,74,0
7586,74,0
7587,72,0
7588,72,0
7589,74,0
7590,76,0
7591,74,0
7592,76,0
7593,74,0
7594,74,0
7595,74,0
7596,72,0
7597,74,0
7598,74,0
7599,76,0
7600,74,0
7601,74,0
7602,74,0
7603,76,0
7604,76,0
7605,74,0
7606,74,0
7607,74,0
7608,74,0
7609,72,0
7610,72,0
7611,74,0
7612,76,0
7613,74,0
7614,74,0
7615,74,0
7616,76,0
7617,76,0
7618,74,0
7619,74,0
7620,74,0
7621,74,0
7622,74,0
7623,74,0
7624,74,0
7625,74,0
7626,74,0
7627,76,0
7628,76,0
7629,76,0
7630,72,0
7631,74,0
7632,74,0
7633,76,0
7634,72,0
7635,74,0
7636,74,0
7637,74,0
7638,76,0
7639,76,0
7640,74,0
7641,74,0
7642,70,0
7643,74,0
7644,74,0
7645,76,0
7646,76,0
7647,76,0
7648,72,0
7649,74,0
7650,74,0
7651,74,0
7652,74,0
7653,74,0
7654,74,0
7655,76,0
7656,74,0
7657,76,0
7658,74,0
7659,74,0
7660,74,0
7661,74,0
7662,72,0
7663,76,0
7664,76,0
7665,74,0
7666,74,0
7667,74,0
7668,74,0
7669,74,0
7670,74,0
7671,76,0
7672,74,0
7673,72,0
7674,74,0
7675,76,0
7676,74,0
7677,76,0
7678,74,0
7679,74,0
7680,74,0
7681,76,0
7682,76,0
7683,76,0
7684,76,0
7685,76,0
7686,76,0
7687,76,0
7688,72,0
7689,76,0
7690,74,0
7691,74,0
7692,74,0
7693,74,0
7694,76,0
7695,74,0
7696,74,0
7697,74,0
7698,74,0
7699,74,0
7700,76,0
7701,74,0
7702,74,0
7703,76,0
7704,76,0
7705,76,0
7706,74,0
7707,76,0
7708,76,0
7709,72,0
7710,74,0
7711,74,0
7712,76,0
7713,74,0
7714,76,0
7715,72,0
7716,74,0
7717,72,0
7718,72,0
7719,74,0
7720,74,0
7721,74,0
7722,74,0
7723,74,0
7724,76,0
7725,76,0
7726,74,0
7727,74,0
7728,76,0
7729,74,0
7730,74,0
7731,74,0
7732,74,0
7733,74,0
7734,78,0
7735,74,0
7736,74,0
7737,74,0
7738,74,0
7739,74,0
7740,72,0
7741,78,0
7742,74,0
7743,74,0
7744,76,0
7745,76,0
7746,72,0
7747,74,0
7748,74,0
7749,74,0
7750,74,0
7751,76,0
7752,76,0
7753,72,0
7754,76,0
7755,74,0
7756,76,0
7757,74,0
7758,74,0
7759,74,0
7760,76,0
7761,74,0
7762,74,0
7763,74,0
7764,74,0
7765,76,0
7766,74,0
7767,76,0
7768,74,0
7769,74,0
7770,74,0
7771,74,0
7772,72,0
7773,74,0
7774,76,0
7775,76,0
7776,74,0
7777,74,0
7778,76,0
7779,74,0
7780,76,0
7781,72,0
7782,74,0
7783,74,0
7784,74,0
7785,74,0
7786,74,0
7787,74,0
7788,74,0
7789,74,0
7790,74,0
7791,74,0
7792,74,0
7793,72,0
7794,76,0
7795,76,0
7796,74,0
7797,76,0
7798,76,0
7799,74,0
7800,74,0
7801,74,0
7802,76,0
7803,74,0
7804,76,0
7805,76,0
7806,76,0
7807,76,0
7808,74,0
7809,72,0
7810,74,0
7811,74,0
7812,74,0
7813,74,0
7814,74,0
7815,74,0
7816,74,0
7817,70,0
7818,76,0
7819,74,0
7820,74,0
7821,74,0
7822,76,0
7823,74,0
7824,76,0
7825,76,0
7826,76,0
7827,76,0
7828,74,0
7829,74,0
7830,74,0
7831,76,0
7832,74,0
7833,76,0
7834,74,0
7835,74,0
7836,74,0
7837,74,0
7838,72,0
7839,74,0
7840,74,0
7841,74,0
7842,76,0
7843,74,0
7844,74,0
7845,72,0
7846,74,0
7847,74,0
7848,74,0
7849,72,0
7850,76,0
7851,76,0
7852,76,0
7853,74,0
7854,76,0
7855,74,0
7856,72,0
7857,74,0
7858,78,0
7859,72,0
7860,74,0
7861,74,0
7862,74,0
7863,74,0
7864,74,0
7865,72,0
7866,72,0
7867,74,0
7868,72,0
7869,72,0
7870,72,0
7871,70,0
7872,72,0
7873,72,0
7874,74,0
7875,76,0
7876,76,0
7877,74,0
7878,74,0
7879,74,0
7880,74,0
7881,76,0
7882,76,0
7883,76,0
7884,72,0
7885,74,0
7886,74,0
7887,74,0
7888,78,0
7889,72,0
7890,74,0
7891,76,0
7892,74,0
7893,74,0
7894,74,0
7895,74,0
7896,76,0
7897,74,0
7898,74,0
7899,74,0
7900,72,0
7901,76,0
7902,74,0
7903,72,0
7904,74,0
7905,76,0
7906,76,0
7907,74,0
7908,74,0
7909,74,0
7910,76,0
7911,74,0
7912,74,0
7913,76,0
7914,76,0
7915,76,0
7916,74,0
7917,76,0
7918,74,0
7919,74,0
7920,74,0
7921,74,0
7922,72,0
7923,74,0
7924,74,0
7925,76,0
7926,74,0
7927,74,0
7928,74,0
7929,74,0
7930,74,0
7931,74,0
7932,74,0
7933,76,0
7934,74,0
7935,74,0
7936,74,0
7937,76,0
7938,76,0
7939,74,0
7940,74,0
7941,74,0
7942,76,0
7943,74,0
7944,74,0
7945,74,0
7946,74,0
7947,74,0
7948,74,0
7949,74,0
7950,74,0
7951,78,0
7952,74,0
7953,74,0
7954,74,0
7955,74,0
7956,74,0
7957,76,0
7958,74,0
7959,76,0
7960,76,0
7961,74,0
7962,76,0
7963,76,0
7964,74,0
7965,74,0
7966,76,0
7967,74,0
7968,74,0
7969,74,0
7970,72,0
7971,74,0
7972,76,0
7973,76,0
7974,74,0
7975,78,0
7976,72,0
7977,74,0
7978,76,0
7979,76,0
7980,74,0
7981,74,0
7982,76,0
7983,74,0
7984,76,0
7985,76,0
7986,74,0
7987,72,0
7988,74,0
7989,74,0
7990,76,0
7991,74,0
7992,76,0
7993,76,0
7994,76,0
7995,76,0
7996,76,0
7997,72,0
7998,76,0
7999,78,0
8000,74,0
8001,74,0
8002,76,0
8003,74,0
8004,76,0
8005,74,0
8006,74,0
8007,76,0
8008,76,0
8009,76,0
8010,72,0
8011,74,0
8012,74,0
8013,74,0
8014,74,0
8015,74,0
8016,74,0
8017,74,0
8018,74,0
8019,72,0
8020,74,0
8021,72,0
8022,72,0
8023,72,0
8024,74,0
8025,74,0
8026,76,0
8027,72,0
8028,74,0
8029,74,0
8030,76,0
8031,76,0
8032,74,0
8033,74,0
8034,74,0
8035,76,0
8036,72,0
8037,72,0
8038,74,0
8039,76,0
8040,74,0
8041,74,0
8042,74,0
8043,74,0
8044,76,0
8045,74,0
8046,76,0
8047,74,0
8048,76,0
8049,74,0
8050,74,0
8051,74,0
8052,72,0
8053,74,0
8054,74,0
8055,74,0
8056,74,0
8057,74,0
8058,74,0
8059,74,0
8060,76,0
8061,76,0
8062,76,0
8063,76,0
8064,76,0
8065,72,0
8066,74,0
8067,74,0
8068,74,0
8069,74,0
8070,74,0
8071,74,0
8072,74,0
8073,74,0
8074,76,0
8075,74,0
8076,74,0
8077,76,0
8078,76,0
8079,76,0
8080,78,0
8081,74,0
8082,74,0
8083,76,0
8084,76,0
8085,74,0
8086,74,0
8087,74,0
8088,76,0
8089,74,0
8090,74,0
8091,74,0
8092,76,0
8093,74,0
8094,74,0
8095,76,0
8096,74,0
8097,74,0
8098,74,0
8099,74,0
8100,74,0
8101,74,0
8102,76,0
8103,74,0
8104,74,0
8105,74,0
8106,74,0
8107,76,0
8108,74,0
8109,74,0
8110,76,0
8111,74,0
8112,74,0
8113,74,0
8114,72,0
8115,74,0
8116,76,0
8117,74,0
8118,76,0
8119,76,0
8120,74,0
8121,74,0
8122,76,0
8123,72,0
8124,74,0
8125,74,0
8126,74,0
8127,74,0
8128,74,0
8129,76,0
8130,72,0
8131,74,0
8132,72,0
8133,72,0
8134,72,0
8135,76,0
8136,76,0
8137,76,0
8138,74,0
8139,76,0
8140,74,0
8141,76,0
8142,76,0
8143,74,0
8144,72,0
8145,76,0
8146,74,0
8147,74,0
8148,72,0
8149,76,0
8150,74,0
8151,76,0
8152,74,0
8153,76,0
8154,72,0
8155,74,0
8156,74,0
8157,76,0
8158,74,0
8159,74,0
8160,74,0
8161,74,0
8162,76,0
8163,76,0
8164,74,0
8165,76,0
8166,72,0
8167,74,0
8168,74,0
8169,74,0
8170,72,0
8171,72,0
8172,72,0
8173,70,0
8174,76,0
8175,74,0
8176,74,0
8177,72,0
8178,72,0
8179,72,0
8180,72,0
8181,74,0
8182,74,0
8183,74,0
8184,76,0
8185,72,0
8186,74,0
8187,74,0
8188,74,0
8189,76,0
8190,72,0
8191,76,0
8192,74,0
8193,74,0
8194,74,0
8195,74,0
8196,76,0
8197,74,0
8198,74,0
8199,72,0
8200,74,0
8201,74,0
8202,72,0
8203,74,0
8204,74,0
8205,78,0
8206,74,0
8207,76,0
8208,74,0
8209,72,0
8210,74,0
8211,74,0
8212,74,0
8213,74,0
8214,74,0
8215,76,0
8216,74,0
8217,74,0
8218,74,0
8219,76,0
8220,70,0
8221,74,0
8222,74,0
8223,76,0
8224,74,0
8225,74,0
8226,74,0
8227,76,0
8228,74,0
8229,74,0
8230,74,0
8231,72,0
8232,74,0
8233,74,0
8234,74,0
8235,74,0
8236,76,0
8237,74,0
8238,74,0
8239,74,0
8240,74,0
8241,76,0
8242,74,0
8243,76,0
8244,76,0
8245,74,0
8246,74,0
8247,74,0
8248,74,0
8249,74,0
8250,74,0
8251,74,0
8252,74,0
8253,74,0
8254,74,0
8255,74,0
8256,76,0
8257,74,0
8258,76,0
8259,74,0
8260,74,0
8261,74,0
8262,76,0
8263,74,0
8264,74,0
8265,76,0
8266,74,0
8267,74,0
8268,74,0
8269,76,0
8270,74,0
8271,74,0
8272,74,0
8273,74,0
8274,74,0
8275,74,0
8276,74,0
8277,76,0
8278,74,0
8279,74,0
8280,76,0
8281,74,0
8282,76,0
8283,74,0
8284,74,0
8285,78,0
8286,74,0
8287,74,0
8288,74,0
8289,74,0
8290,72,0
8291,78,0
8292,74,0
8293,74,0
8294,72,0
8295,74,0
8296,74,0
8297,76,0
8298,100,0
8299,74,0
8300,74,0
8301,72,0
8302,74,0
8303,72,0
8304,74,0
8305,74,0
8306,74,0
8307,74,0
8308,76,0
8309,76,0
8310,78,0
8311,74,0
8312,74,0
8313,74,0
8314,74,0
8315,74,0
8316,76,0
8317,74,0
8318,74,0
8319,74,0
8320,74,0
8321,72,0
8322,76,0
8323,72,0
8324,74,0
8325,72,0
8326,74,0
8327,74,0
8328,76,0
8329,74,0
8330,74,0
8331,74,0
8332,74,0
8333,74,0
8334,74,0
8335,72,0
8336,76,0
8337,74,0
8338,72,0
8339,74,0
8340,74,0
8341,76,0
8342,74,0
8343,74,0
8344,76,0
8345,76,0
8346,72,0
8347,74,0
8348,74,0
8349,76,0
8350,76,0
8351,76,0
8352,74,0
8353,78,0
8354,72,0
8355,74,0
8356,74,0
8357,74,0
8358,72,0
8359,74,0
8360,74,0
8361,76,0
8362,74,0
8363,74,0
8364,74,0
8365,74,0
8366,74,0
8367,76,0
8368,74,0
8369,76,0
8370,74,0
8371,76,0
8372,72,0
8373,74,0
8374,74,0
8375,72,0
8376,74,0
8377,76,0
8378,74,0
8379,76,0
8380,74,0
8381,76,0
8382,74,0
8383,74,0
8384,74,0
8385,74,0
8386,74,0
8387,74,0
8388,74,0
8389,74,0
8390,74,0
8391,76,0
8392,74,0
8393,74,0
8394,74,0
8395,76,0
8396,74,0
8397,74,0
8398,72,0
8399,74,0
8400,78,0
8401,74,0
8402,74,0
8403,74,0
8404,76,0
8405,76,0
8406,74,0
8407,74,0
8408,76,0
8409,74,0
8410,76,0
8411,72,0
8412,72,0
8413,74,0
8414,74,0
8415,74,0
8416,76,0
8417,74,0
8418,76,0
8419,74,0
8420,74,0
8421,74,0
8422,76,0
8423,74,0
8424,76,0
8425,74,0
8426,72,0
8427,76,0
8428,74,0
8429,74,0
8430,74,0
8431,76,0
8432,74,0
8433,74,0
8434,74,0
8435,74,0
8436,72,0
8437,76,0
8438,76,0
8439,76,0
8440,76,0
8441,72,0
8442,74,0
8443,76,0
8444,72,0
8445,76,0
8446,74,0
8447,76,0
8448,74,0
8449,74,0
8450,74,0
8451,74,0
8452,74,0
8453,76,0
8454,72,0
8455,72,0
8456,74,0
8457,72,0
8458,72,0
8459,72,0
8460,76,0
8461,76,0
8462,78,0
8463,76,0
8464,76,0
8465,74,0
8466,74,0
8467,74,0
8468,74,0
8469,74,0
8470,74,0
8471,74,0
8472,76,0
8473,74,0
8474,74,0
8475,74,0
8476,72,0
8477,74,0
8478,72,0
8479,74,0
8480,72,0
8481,74,0
8482,78,0
8483,74,0
8484,74,0
8485,74,0
8486,74,0
8487,74,0
8488,74,0
8489,72,0
8490,78,0
8491,76,0
8492,74,0
8493,74,0
8494,76,0
8495,74,0
8496,74,0
8497,74,0
8498,76,0
8499,76,0
8500,74,0
8501,74,0
8502,76,0
8503,74,0
8504,74,0
8505,72,0
8506,76,0
8507,74,0
8508,74,0
8509,74,0
8510,74,0
8511,74,0
8512,76,0
8513,76,0
8514,76,0
8515,74,0
8516,74,0
8517,74,0
8518,72,0
8519,76,0
8520,76,0
8521,74,0
8522,74,0
8523,74,0
8524,76,0
8525,76,0
8526,74,0
8527,74,0
8528,76,0
8529,76,0
8530,74,0
8531,74,0
8532,74,0
8533,74,0
8534,74,0
8535,74,0
8536,76,0
8537,74,0
8538,74,0
8539,74,0
8540,76,0
8541,72,0
8542,74,0
8543,74,0
8544,72,0
8545,74,0
8546,74,0
8547,74,0
8548,76,0
8549,74,0
8550,76,0
8551,74,0
8552,76,0
8553,74,0
8554,76,0
8555,74,0
8556,74,0
8557,76,0
8558,76,0
8559,74,0
8560,76,0
8561,74,0
8562,72,0
8563,74,0
8564,74,0
8565,76,0
8566,76,0
8567,74,0
8568,76,0
8569,74,0
8570,74,0
8571,74,0
8572,72,0
8573,72,0
8574,76,0
8575,74,0
8576,76,0
8577,74,0
8578,74,0
8579,74,0
8580,74,0
8581,74,0
8582,78,0
8583,72,0
8584,76,0
8585,76,0
8586,76,0
8587,76,0
8588,76,0
8589,74,0
8590,76,0
8591,74,0
8592,74,0
8593,76,0
8594,74,0
8595,76,0
8596,74,0
8597,74,0
8598,74,0
8599,76,0
8600,76,0
8601,74,0
8602,74,0
8603,78,0
8604,76,0
8605,72,0
8606,72,0
8607,76,0
8608,76,0
8609,76,0
8610,74,0
8611,76,0
8612,74,0
8613,78,0
8614,76,0
8615,74,0
8616,72,0
8617,72,0
8618,74,0
8619,74,0
8620,78,0
8621,76,0
8622,72,0
8623,74,0
8624,76,0
8625,74,0
8626,76,0
8627,74,0
8628,76,0
8629,74,0
8630,74,0
8631,74,0
8632,76,0
8633,72,0
8634,76,0
8635,74,0
8636,78,0
8637,76,0
8638,72,0
8639,76,0
8640,74,0
8641,74,0
8642,74,0
8643,74,0
8644,76,0
8645,72,0
8646,72,0
8647,76,0
8648,76,0
8649,74,0
8650,74,0
8651,74,0
8652,76,0
8653,74,0
8654,74,0
8655,74,0
8656,74,0
8657,72,0
8658,74,0
8659,74,0
8660,76,0
8661,76,0
8662,74,0
8663,76,0
8664,76,0
8665,74,0
8666,76,0
8667,74,0
8668,76,0
8669,74,0
8670,76,0
8671,74,0
8672,74,0
8673,74,0
8674,74,0
8675,72,0
8676,74,0
8677,74,0
8678,76,0
8679,76,0
8680,74,0
8681,74,0
8682,76,0
8683,74,0
8684,74,0
8685,74,0
8686,76,0
8687,74,0
8688,74,0
8689,74,0
8690,76,0
8691,74,0
8692,74,0
8693,74,0
8694,74,0
8695,74,0
8696,74,0
8697,76,0
8698,76,0
8699,72,0
8700,74,0
8701,74,0
8702,74,0
8703,74,0
8704,74,0
8705,74,0
8706,76,0
8707,74,0
8708,74,0
8709,74,0
8710,76,0
8711,74,0
8712,74,0
8713,74,0
8714,72,0
8715,74,0
8716,76,0
8717,74,0
8718,76,0
8719,74,0
8720,76,0
8721,74,0
8722,74,0
8723,72,0
8724,76,0
8725,74,0
8726,74,0
8727,74,0
8728,76,0
8729,74,0
8730,74,0
8731,76,0
8732,74,0
8733,74,0
8734,74,0
8735,76,0
8736,76,0
8737,72,0
8738,74,0
8739,72,0
8740,76,0
8741,74,0
8742,74,0
8743,76,0
8744,74,0
8745,74,0
8746,74,0
8747,74,0
8748,76,0
8749,74,0
8750,74,0
8751,74,0
8752,74,0
8753,72,0
8754,72,0
8755,72,0
8756,72,0
8757,76,0
8758,72,0
8759,74,0
8760,74,0
8761,76,0
8762,76,0
8763,74,0
8764,74,0
8765,76,0
8766,74,0
8767,76,0
8768,74,0
8769,76,0
8770,74,0
8771,76,0
8772,72,0
8773,74,0
8774,72,0
8775,76,0
8776,76,0
8777,72,0
8778,74,0
8779,76,0
8780,74,0
8781,74,0
8782,74,0
8783,76,0
8784,76,0
8785,74,0
8786,76,0
8787,76,0
8788,74,0
8789,76,0
8790,76,0
8791,72,0
8792,74,0
8793,76,0
8794,74,0
8795,74,0
8796,74,0
8797,74,0
8798,74,0
8799,76,0
8800,74,0
8801,74,0
8802,74,0
8803,74,0
8804,76,0
8805,76,0
8806,74,0
8807,74,0
8808,74,0
8809,76,0
8810,76,0
8811,74,0
8812,74,0
8813,76,0
8814,74,0
8815,74,0
8816,76,0
8817,78,0
8818,74,0
8819,76,0
8820,74,0
8821,74,0
8822,74,0
8823,74,0
8824,76,0
8825,76,0
8826,72,0
8827,74,0
8828,74,0
8829,74,0
8830,74,0
8831,74,0
8832,74,0
8833,74,0
8834,76,0
8835,74,0
8836,74,0
8837,74,0
8838,72,0
8839,76,0
8840,74,0
8841,74,0
8842,74,0
8843,74,0
8844,74,0
8845,74,0
8846,74,0
8847,74,0
8848,74,0
8849,74,0
8850,76,0
8851,74,0
8852,74,0
8853,74,0
8854,74,0
8855,74,0
8856,72,0
8857,76,0
8858,74,0
8859,76,0
8860,72,0
8861,74,0
8862,74,0
8863,74,0
8864,74,0
8865,72,0
8866,74,0
8867,76,0
8868,74,0
8869,72,0
8870,72,0
8871,74,0
8872,72,0
8873,72,0
8874,74,0
8875,74,0
8876,74,0
8877,76,0
8878,74,0
8879,74,0
8880,74,0
8881,76,0
8882,72,0
8883,76,0
8884,74,0
8885,76,0
8886,74,0
8887,76,0
8888,74,0
8889,74,0
8890,74,0
8891,76,0
8892,74,0
8893,76,0
8894,74,0
8895,72,0
8896,74,0
8897,74,0
8898,76,0
8899,76,0
8900,74,0
8901,76,0
8902,74,0
8903,74,0
8904,74,0
8905,76,0
8906,76,0
8907,76,0
8908,76,0
8909,78,0
8910,74,0
8911,74,0
8912,72,0
8913,72,0
8914,72,0
8915,74,0
8916,76,0
8917,72,0
8918,74,0
8919,74,0
8920,74,0
8921,76,0
8922,74,0
8923,76,0
8924,76,0
8925,74,0
8926,74,0
8927,76,0
8928,72,0
8929,76,0
8930,74,0
8931,74,0
8932,74,0
8933,76,0
8934,74,0
8935,72,0
8936,74,0
8937,76,0
8938,74,0
8939,74,0
8940,72,0
8941,78,0
8942,74,0
8943,72,0
8944,74,0
8945,76,0
8946,74,0
8947,76,0
8948,74,0
8949,72,0
8950,74,0
8951,76,0
8952,74,0
8953,74,0
8954,76,0
8955,74,0
8956,74,0
8957,74,0
8958,74,0
8959,74,0
8960,74,0
8961,74,0
8962,76,0
8963,74,0
8964,78,0
8965,74,0
8966,72,0
8967,76,0
8968,74,0
8969,74,0
8970,74,0
8971,76,0
8972,74,0
8973,74,0
8974,74,0
8975,74,0
8976,74,0
8977,74,0
8978,74,0
8979,74,0
8980,74,0
8981,74,0
8982,74,0
8983,74,0
8984,74,0
8985,74,0
8986,74,0
8987,74,0
8988,74,0
8989,74,0
8990,74,0
8991,76,0
8992,74,0
8993,76,0
8994,74,0
8995,76,0
8996,74,0
8997,74,0
8998,74,0
8999,74,0
9000,76,0
9001,76,0
9002,76,0
9003,74,0
9004,74,0
9005,76,0
9006,74,0
9007,76,0
9008,74,0
9009,76,0
9010,74,0
9011,72,0
9012,76,0
9013,76,0
9014,74,0
9015,74,0
9016,74,0
9017,74,0
9018,76,0
9019,76,0
9020,74,0
9021,74,0
9022,74,0
9023,74,0
9024,74,0
9025,74,0
9026,74,0
9027,72,0
9028,76,0
9029,74,0
9030,74,0
9031,72,0
9032,74,0
9033,74,0
9034,76,0
9035,74,0
9036,72,0
9037,74,0
9038,72,0
9039,74,0
9040,72,0
9041,74,0
9042,76,0
9043,72,0
9044,74,0
9045,74,0
9046,72,0
9047,74,0
9048,76,0
9049,74,0
9050,74,0
9051,72,0
9052,72,0
9053,74,0
9054,76,0
9055,74,0
9056,74,0
9057,74,0
9058,74,0
9059,74,0
9060,74,0
9061,72,0
9062,72,0
9063,72,0
9064,76,0
9065,76,0
9066,76,0
9067,76,0
9068,74,0
9069,76,0
9070,76,0
9071,72,0
9072,72,0
9073,74,0
9074,76,0
9075,74,0
9076,74,0
9077,76,0
9078,74,0
9079,74,0
9080,74,0
9081,76,0
9082,74,0
9083,74,0
9084,74,0
9085,76,0
9086,74,0
9087,76,0
9088,74,0
9089,72,0
9090,74,0
9091,76,0
9092,72,0
9093,74,0
9094,74,0
9095,74,0
9096,72,0
9097,76,0
9098,74,0
9099,76,0
9100,74,0
9101,74,0
9102,74,0
9103,76,0
9104,76,0
9105,76,0
9106,74,0
9107,76,0
9108,74,0
9109,78,0
9110,72,0
9111,74,0
9112,74,0
9113,76,0
9114,72,0
9115,76,0
9116,74,0
9117,86,0
9118,76,0
9119,74,0
9120,74,0
9121,74,0
9122,74,0
9123,74,0
9124,76,0
9125,74,0
9126,74,0
9127,74,0
9128,76,0
9129,74,0
9130,76,0
9131,74,0
9132,74,0
9133,74,0
9134,76,0
9135,74,0
9136,74,0
9137,74,0
9138,76,0
9139,74,0
9140,74,0
9141,76,0
9142,74,0
9143,74,0
9144,76,0
9145,72,0
9146,76,0
9147,74,0
9148,74,0
9149,76,0
9150,76,0
9151,76,0
9152,74,0
9153,76,0
9154,74,0
9155,74,0
9156,74,0
9157,76,0
9158,74,0
9159,74,0
9160,76,0
9161,76,0
9162,74,0
9163,72,0
9164,74,0
9165,74,0
9166,74,0
9167,70,0
9168,74,0
9169,76,0
9170,76,0
9171,74,0
9172,76,0
9173,74,0
9174,74,0
9175,78,0
9176,76,0
9177,78,0
9178,72,0
9179,76,0
9180,76,0
9181,76,0
9182,72,0
9183,74,0
9184,74,0
9185,76,0
9186,74,0
9187,74,0
9188,76,0
9189,72,0
9190,78,0
9191,76,0
9192,78,0
9193,76,0
9194,76,0
9195,76,0
9196,74,0
9197,74,0
9198,74,0
9199,76,0
9200,74,0
9201,78,0
9202,76,0
9203,74,0
9204,72,0
9205,74,0
9206,76,0
9207,76,0
9208,74,0
9209,74,0
9210,76,0
9211,76,0
9212,72,0
9213,76,0
9214,76,0
9215,76,0
9216,74,0
9217,76,0
9218,74,0
9219,76,0
9220,74,0
9221,76,0
9222,76,0
9223,76,0
9224,74,0
9225,76,0
9226,76,0
9227,74,0
9228,70,0
9229,76,0
9230,74,0
9231,74,0
9232,74,0
9233,74,0
9234,74,0
9235,74,0
9236,74,0
9237,74,0
9238,74,0
9239,74,0
9240,74,0
9241,76,0
9242,74,0
9243,72,0
9244,76,0
9245,76,0
9246,74,0
9247,74,0
9248,74,0
9249,74,0
9250,74,0
9251,74,0
9252,76,0
9253,74,0
9254,74,0
9255,74,0
9256,74,0
9257,76,0
9258,74,0
9259,74,0
9260,74,0
9261,74,0
9262,74,0
9263,74,0
9264,76,0
9265,74,0
9266,74,0
9267,74,0
9268,74,0
9269,74,0
9270,74,0
9271,74,0
9272,74,0
9273,74,0
9274,74,0
9275,74,0
9276,74,0
9277,76,0
9278,74,0
9279,76,0
9280,74,0
9281,76,0
9282,74,0
9283,76,0
9284,74,0
9285,76,0
9286,74,0
9287,76,0
9288,74,0
9289,76,0
9290,74,0
9291,76,0
9292,72,0
9293,76,0
9294,74,0
9295,76,0
9296,76,0
9297,72,0
9298,74,0
9299,74,0
9300,76,0
9301,74,0
9302,76,0
9303,76,0
9304,76,0
9305,76,0
9306,76,0
9307,76,0
9308,76,0
9309,76,0
9310,72,0
9311,74,0
9312,76,0
9313,74,0
9314,76,0
9315,76,0
9316,74,0
9317,74,0
9318,74,0
9319,76,0
9320,74,0
9321,74,0
9322,74,0
9323,74,0
9324,74,0
9325,74,0
9326,74,0
9327,74,0
9328,74,0
9329,76,0
9330,74,0
9331,74,0
9332,74,0
9333,74,0
9334,74,0
9335,76,0
9336,74,0
9337,72,0
9338,74,0
9339,74,0
9340,76,0
9341,76,0
9342,76,0
9343,74,0
9344,78,0
9345,76,0
9346,78,0
9347,76,0
9348,76,0
9349,76,0
9350,76,0
9351,74,0
9352,76,0
9353,76,0
9354,74,0
9355,74,0
9356,74,0
9357,72,0
9358,74,0
9359,76,0
9360,72,0
9361,76,0
9362,74,0
9363,78,0
9364,72,0
9365,76,0
9366,76,0
9367,76,0
9368,70,0
9369,76,0
9370,74,0
9371,76,0
9372,74,0
9373,74,0
9374,74,0
9375,76,0
9376,76,0
9377,76,0
9378,74,0
9379,74,0
9380,76,0
9381,78,0
9382,76,0
9383,74,0
9384,74,0
9385,76,0
9386,74,0
9387,76,0
9388,74,0
9389,76,0
9390,74,0
9391,76,0
9392,76,0
9393,74,0
9394,76,0
9395,74,0
9396,76,0
9397,74,0
9398,74,0
9399,74,0
9400,76,0
9401,74,0
9402,76,0
9403,72,0
9404,74,0
9405,74,0
9406,74,0
9407,74,0
9408,74,0
9409,74,0
9410,74,0
9411,74,0
9412,74,0
9413,74,0
9414,74,0
9415,74,0
9416,72,0
9417,74,0
9418,76,0
9419,76,0
9420,74,0
9421,74,0
9422,74,0
9423,74,0
9424,74,0
9425,74,0
9426,74,0
9427,74,0
9428,74,0
9429,76,0
9430,74,0
9431,76,0
9432,74,0
9433,74,0
9434,74,0
9435,76,0
9436,74,0
9437,74,0
9438,74,0
9439,74,0
9440,76,0
9441,76,0
9442,72,0
9443,76,0
9444,76,0
9445,76,0
9446,74,0
9447,76,0
9448,76,0
9449,76,0
9450,74,0
9451,76,0
9452,76,0
9453,78,0
9454,74,0
9455,76,0
9456,76,0
9457,76,0
9458,74,0
9459,76,0
9460,76,0
9461,72,0
9462,74,0
9463,74,0
9464,74,0
9465,76,0
9466,74,0
9467,76,0
9468,74,0
9469,74,0
9470,72,0
9471,74,0
9472,76,0
9473,74,0
9474,72,0
9475,74,0
9476,76,0
9477,74,0
9478,76,0
9479,74,0
9480,74,0
9481,76,0
9482,72,0
9483,76,0
9484,74,0
9485,74,0
9486,74,0
9487,76,0
9488,76,0
9489,74,0
9490,72,0
9491,76,0
9492,74,0
9493,76,0
9494,76,0
9495,76,0
9496,78,0
9497,74,0
9498,72,0
9499,72,0
9500,70,0
9501,74,0
9502,74,0
9503,74,0
9504,74,0
9505,74,0
9506,74,0
9507,74,0
9508,74,0
9509,72,0
9510,74,0
9511,76,0
9512,72,0
9513,74,0
9514,74,0
9515,74,0
9516,76,0
9517,72,0
9518,74,0
9519,78,0
9520,74,0
9521,72,0
9522,76,0
9523,74,0
9524,72,0
9525,74,0
9526,76,0
9527,74,0
9528,76,0
9529,76,0
9530,74,0
9531,74,0
9532,72,0
9533,76,0
9534,76,0
9535,76,0
9536,74,0
9537,76,0
9538,74,0
9539,76,0
9540,74,0
9541,76,0
9542,74,0
9543,72,0
9544,74,0
9545,76,0
9546,74,0
9547,76,0
9548,72,0
9549,74,0
9550,74,0
9551,72,0
9552,76,0
9553,74,0
9554,76,0
9555,74,0
9556,76,0
9557,76,0
9558,76,0
9559,74,0
9560,76,0
9561,76,0
9562,74,0
9563,76,0
9564,74,0
9565,74,0
9566,74,0
9567,76,0
9568,74,0
9569,76,0
9570,74,0
9571,74,0
9572,76,0
9573,74,0
9574,74,0
9575,76,0
9576,74,0
9577,74,0
9578,74,0
9579,76,0
9580,74,0
9581,76,0
9582,74,0
9583,74,0
9584,74,0
9585,74,0
9586,74,0
9587,76,0
9588,74,0
9589,76,0
9590,76,0
9591,76,0
9592,76,0
9593,72,0
9594,74,0
9595,76,0
9596,74,0
9597,72,0
9598,74,0
9599,74,0
9600,74,0
9601,76,0
9602,76,0
9603,76,0
9604,74,0
9605,74,0
9606,74,0
9607,74,0
9608,74,0
9609,74,0
9610,76,0
9611,74,0
9612,76,0
9613,76,0
9614,72,0
9615,74,0
9616,74,0
9617,74,0
9618,74,0
9619,74,0
9620,74,0
9621,74,0
9622,74,0
9623,76,0
9624,76,0
9625,74,0
9626,74,0
9627,76,0
9628,74,0
9629,74,0
9630,74,0
9631,78,0
9632,72,0
9633,74,0
9634,74,0
9635,76,0
9636,74,0
9637,74,0
9638,78,0
9639,78,0
9640,76,0
9641,74,0
9642,76,0
9643,76,0
9644,74,0
9645,76,0
9646,76,0
9647,74,0
9648,72,0
9649,74,0
9650,72,0
9651,74,0
9652,72,0
9653,74,0
9654,76,0
9655,76,0
9656,74,0
9657,76,0
9658,76,0
9659,74,0
9660,74,0
9661,78,0
9662,74,0
9663,76,0
9664,72,0
9665,76,0
9666,76,0
9667,76,0
9668,74,0
9669,76,0
9670,74,0
9671,74,0
9672,76,0
9673,74,0
9674,74,0
9675,72,0
9676,76,0
9677,74,0
9678,74,0
9679,74,0
9680,74,0
9681,74,0
9682,74,0
9683,74,0
9684,76,0
9685,74,0
9686,74,0
9687,74,0
9688,72,0
9689,74,0
9690,74,0
9691,74,0
9692,74,0
9693,74,0
9694,76,0
9695,76,0
9696,72,0
9697,74,0
9698,74,0
9699,74,0
9700,74,0
9701,76,0
9702,74,0
9703,74,0
9704,74,0
9705,74,0
9706,74,0
9707,76,0
9708,74,0
9709,76,0
9710,74,0
9711,76,0
9712,76,0
9713,76,0
9714,74,0
9715,76,0
9716,76,0
9717,76,0
9718,76,0
9719,74,0
9720,74,0
9721,76,0
9722,76,0
9723,76,0
9724,72,0
9725,76,0
9726,76,0
9727,76,0
9728,74,0
9729,76,0
9730,76,0
9731,76,0
9732,74,0
9733,76,0
9734,76,0
9735,76,0
9736,76,0
9737,74,0
9738,76,0
9739,74,0
9740,74,0
9741,72,0
9742,74,0
9743,74,0
9744,74,0
9745,76,0
9746,74,0
9747,74,0
9748,74,0
9749,76,0
9750,74,0
9751,74,0
9752,74,0
9753,102,0
9754,74,0
9755,76,0
9756,76,0
9757,74,0
9758,74,0
9759,72,0
9760,74,0
9761,76,0
9762,72,0
9763,76,0
9764,74,0
9765,76,0
9766,74,0
9767,76,0
9768,72,0
9769,74,0
9770,76,0
9771,76,0
9772,76,0
9773,76,0
9774,74,0
9775,74,0
9776,76,0
9777,74,0
9778,74,0
9779,76,0
9780,74,0
9781,78,0
9782,74,0
9783,72,0
9784,74,0
9785,74,0
9786,74,0
9787,76,0
9788,74,0
9789,76,0
9790,74,0
9791,78,0
9792,74,0
9793,74,0
9794,74,0
9795,76,0
9796,72,0
9797,72,0
9798,74,0
9799,76,0
9800,74,0
9801,72,0
9802,74,0
9803,76,0
9804,74,0
9805,76,0
9806,72,0
9807,74,0
9808,74,0
9809,76,0
9810,72,0
9811,74,0
9812,74,0
9813,74,0
9814,74,0
9815,76,0
9816,74,0
9817,74,0
9818,74,0
9819,76,0
9820,74,0
9821,76,0
9822,74,0
9823,76,0
9824,74,0
9825,74,0
9826,74,0
9827,76,0
9828,74,0
9829,76,0
9830,74,0
9831,74,0
9832,74,0
9833,72,0
9834,74,0
9835,74,0
9836,74,0
9837,76,0
9838,74,0
9839,76,0
9840,74,0
9841,76,0
9842,74,0
9843,76,0
9844,72,0
9845,78,0
9846,76,0
9847,74,0
9848,74,0
9849,76,0
9850,74,0
9851,76,0
9852,74,0
9853,76,0
9854,74,0
9855,74,0
9856,74,0
9857,76,0
9858,74,0
9859,74,0
9860,74,0
9861,74,0
9862,74,0
9863,76,0
9864,74,0
9865,76,0
9866,74,0
9867,74,0
9868,74,0
9869,76,0
9870,74,0
9871,76,0
9872,72,0
9873,74,0
9874,74,0
9875,74,0
9876,74,0
9877,74,0
9878,74,0
9879,74,0
9880,74,0
9881,74,0
9882,74,0
9883,76,0
9884,78,0
9885,78,0
9886,80,0
9887,88,0
9888,76,0
9889,80,0
9890,84,0
9891,74,0
9892,74,0
9893,78,0
9894,80,0
9895,82,0
9896,84,0
9897,78,0
9898,80,0
9899,72,0
9900,80,0
9901,78,0
9902,80,0
9903,78,0
9904,74,0
9905,76,0
9906,78,0
9907,78,0
9908,74,0
9909,80,0
9910,76,0
9911,76,0
9912,92,0
9913,76,0
9914,76,0
9915,92,0
9916,82,0
9917,82,0
9918,74,0
9919,78,0
9920,74,0
9921,78,0
9922,74,0
9923,76,0
9924,78,0
9925,88,0
9926,82,0
9927,84,0
9928,84,0
9929,74,0
9930,86,0
9931,74,0
9932,76,0
9933,80,0
9934,80,0
9935,72,0
9936,102,0
9937,286,1
9938,70,0
9939,82,0
9940,90,0
9941,74,0
9942,88,0
9943,84,0
9944,76,0
9945,282,1
9946,82,0
9947,76,0
9948,78,0
9949,74,0
9950,92,0
9951,80,0
9952,72,0
9953,78,0
9954,74,0
9955,74,0
9956,84,0
9957,76,0
9958,82,0
9959,86,0
9960,74,0
9961,82,0
9962,76,0
9963,86,0
9964,90,0
9965,78,0
9966,80,0
9967,78,0
9968,76,0
9969,78,0
9970,84,0
9971,82,0
9972,78,0
9973,92,0
9974,76,0
9975,88,0
9976,80,0
9977,74,0
9978,80,0
9979,76,0
9980,76,0
9981,90,0
9982,76,0
9983,80,0
9984,74,0
9985,78,0
9986,86,0
9987,88,0
9988,82,0
9989,84,0
9990,78,0
9991,78,0
9992,80,0
9993,84,0
9994,80,0
9995,80,0
9996,74,0
9997,76,0
9998,84,0
9999,86,0
10000,82,0
10001,86,0
10002,84,0
10003,80,0
10004,78,0
10005,74,0
10006,76,0
10007,84,0
10008,78,0
10009,76,0
10010,84,0
10011,78,0
10012,80,0
10013,78,0
10014,82,0
10015,82,0
10016,80,0
10017,76,0
10018,78,0
10019,82,0
10020,76,0
10021,96,0
10022,72,0
10023,74,0
10024,76,0
10025,74,0
10026,76,0
10027,74,0
10028,72,0
10029,72,0
10030,72,0
10031,76,0
10032,76,0
10033,76,0
10034,74,0
10035,76,0
10036,76,0
10037,78,0
10038,74,0
10039,70,0
10040,76,0
10041,76,0
10042,74,0
10043,76,0
10044,78,0
10045,72,0
10046,76,0
10047,72,0
10048,74,0
10049,74,0
10050,76,0
10051,74,0
10052,74,0
10053,76,0
10054,72,0
10055,74,0
10056,74,0
10057,76,0
10058,74,0
10059,74,0
10060,72,0
10061,76,0
10062,74,0
10063,74,0
10064,74,0
10065,74,0
10066,74,0
10067,74,0
10068,74,0
10069,74,0
10070,76,0
10071,74,0
10072,76,0
10073,74,0
10074,74,0
10075,78,0
10076,78,0
10077,74,0
10078,74,0
10079,76,0
10080,74,0
10081,72,0
10082,76,0
10083,76,0
10084,72,0
10085,74,0
10086,74,0
10087,76,0
10088,76,0
10089,74,0
10090,76,0
10091,74,0
10092,74,0
10093,74,0
10094,72,0
10095,74,0
10096,76,0
10097,74,0
10098,74,0
10099,74,0
10100,76,0
10101,74,0
10102,74,0
10103,74,0
10104,74,0
10105,74,0
10106,74,0
10107,74,0
10108,72,0
10109,74,0
10110,74,0
10111,74,0
10112,74,0
10113,74,0
10114,74,0
10115,76,0
10116,74,0
10117,76,0
10118,74,0
10119,74,0
10120,74,0
10121,74,0
10122,76,0
10123,76,0
10124,74,0
10125,76,0
10126,74,0
10127,74,0
10128,74,0
10129,74,0
10130,76,0
10131,78,0
10132,76,0
10133,72,0
10134,74,0
10135,74,0
10136,74,0
10137,74,0
10138,76,0
10139,72,0
10140,74,0
10141,72,0
10142,74,0
10143,76,0
10144,74,0
10145,76,0
10146,76,0
10147,74,0
10148,74,0
10149,76,0
10150,78,0
10151,72,0
10152,74,0
10153,74,0
10154,74,0
10155,74,0
10156,74,0
10157,74,0
10158,76,0
10159,72,0
10160,76,0
10161,76,0
10162,76,0
10163,74,0
10164,76,0
10165,74,0
10166,74,0
10167,72,0
10168,74,0
10169,74,0
10170,74,0
10171,74,0
10172,76,0
10173,76,0
10174,74,0
10175,78,0
10176,76,0
10177,74,0
10178,74,0
10179,72,0
10180,74,0
10181,76,0
10182,76,0
10183,78,0
10184,74,0
10185,76,0
10186,74,0
10187,78,0
10188,76,0
10189,72,0
10190,84,0
10191,82,0
10192,84,0
10193,80,0
10194,78,0
10195,80,0
10196,84,0
10197,82,0
10198,76,0
10199,74,0
10200,82,0
10201,78,0
10202,76,0
10203,74,0
10204,74,0
10205,74,0
10206,74,0
10207,76,0
10208,74,0
10209,76,0
10210,74,0
10211,76,0
10212,72,0
10213,80,0
10214,76,0
10215,78,0
10216,80,0
10217,76,0
10218,74,0
10219,80,0
10220,78,0
10221,90,0
10222,78,0
10223,76,0
10224,78,0
10225,74,0
10226,82,0
10227,78,0
10228,76,0
10229,76,0
10230,76,0
10231,86,0
10232,76,0
10233,76,0
10234,76,0
10235,76,0
10236,78,0
10237,90,0
10238,80,0
10239,74,0
10240,76,0
10241,76,0
10242,74,0
10243,74,0
10244,78,0
10245,74,0
10246,82,0
10247,72,0
10248,80,0
10249,82,0
10250,72,0
10251,82,0
10252,78,0
10253,74,0
10254,84,0
10255,76,0
10256,76,0
10257,84,0
10258,76,0
10259,76,0
10260,86,0
10261,76,0
10262,76,0
10263,76,0
10264,80,0
10265,76,0
10266,78,0
10267,74,0
10268,78,0
10269,88,0
10270,74,0
10271,80,0
10272,84,0
10273,78,0
10274,74,0
10275,82,0
10276,74,0
10277,74,0
10278,76,0
10279,74,0
10280,76,0
10281,84,0
10282,76,0
10283,74,0
10284,72,0
10285,76,0
10286,82,0
10287,76,0
10288,74,0
10289,80,0
10290,78,0
10291,80,0
10292,80,0
10293,84,0
10294,80,0
10295,82,0
10296,78,0
10297,82,0
10298,84,0
10299,78,0
10300,72,0
10301,120,0
10302,74,0
10303,74,0
10304,76,0
10305,72,0
10306,76,0
10307,78,0
10308,78,0
10309,74,0
10310,76,0
10311,76,0
10312,78,0
10313,76,0
10314,76,0
10315,76,0
10316,76,0
10317,74,0
10318,76,0
10319,74,0
10320,76,0
10321,76,0
10322,72,0
10323,76,0
10324,74,0
10325,74,0
10326,74,0
10327,74,0
10328,74,0
10329,72,0
10330,74,0
10331,76,0
10332,76,0
10333,76,0
10334,74,0
10335,76,0
10336,76,0
10337,74,0
10338,76,0
10339,72,0
10340,74,0
10341,74,0
10342,74,0
10343,74,0
10344,74,0
10345,74,0
10346,72,0
10347,74,0
10348,72,0
10349,74,0
10350,74,0
10351,72,0
10352,74,0
10353,74,0
10354,72,0
10355,74,0
10356,74,0
10357,76,0
10358,76,0
10359,72,0
10360,74,0
10361,74,0
10362,74,0
10363,74,0
10364,74,0
10365,76,0
10366,72,0
10367,76,0
10368,76,0
10369,76,0
10370,76,0
10371,76,0
10372,74,0
10373,74,0
10374,72,0
10375,76,0
10376,74,0
10377,74,0
10378,74,0
10379,78,0
10380,74,0
10381,72,0
10382,74,0
10383,74,0
10384,76,0
10385,74,0
10386,74,0
10387,74,0
10388,74,0
10389,76,0
10390,76,0
10391,76,0
10392,76,0
10393,74,0
10394,76,0
10395,74,0
10396,74,0
10397,76,0
10398,74,0
10399,74,0
10400,76,0
10401,76,0
10402,74,0
10403,74,0
10404,76,0
10405,74,0
10406,74,0
10407,74,0
10408,74,0
10409,74,0
10410,76,0
10411,76,0
10412,76,0
10413,78,0
10414,74,0
10415,76,0
10416,74,0
10417,76,0
10418,74,0
10419,76,0
10420,76,0
10421,72,0
10422,74,0
10423,76,0
10424,76,0
10425,76,0
10426,74,0
10427,74,0
10428,74,0
10429,76,0
10430,74,0
10431,74,0
10432,74,0
10433,74,0
10434,74,0
10435,74,0
10436,74,0
10437,72,0
10438,78,0
10439,74,0
10440,76,0
10441,74,0
10442,74,0
10443,76,0
10444,76,0
10445,74,0
10446,74,0
10447,72,0
10448,76,0
10449,72,0
10450,76,0
10451,72,0
10452,78,0
10453,72,0
10454,74,0
10455,72,0
10456,76,0
10457,74,0
10458,74,0
10459,74,0
10460,72,0
10461,74,0
10462,78,0
10463,76,0
10464,74,0
10465,72,0
10466,74,0
10467,74,0
10468,76,0
10469,76,0
10470,76,0
10471,76,0
10472,74,0
10473,74,0
10474,74,0
10475,74,0
10476,74,0
10477,74,0
10478,78,0
10479,76,0
10480,78,0
10481,76,0
10482,74,0
10483,72,0
10484,76,0
10485,76,0
10486,76,0
10487,74,0
10488,76,0
10489,74,0
10490,72,0
10491,76,0
10492,74,0
10493,74,0
10494,76,0
10495,76,0
10496,76,0
10497,76,0
10498,76,0
10499,74,0
10500,76,0
10501,74,0
10502,76,0
10503,74,0
10504,76,0
10505,72,0
10506,74,0
10507,74,0
10508,76,0
10509,72,0
10510,76,0
10511,74,0
10512,74,0
10513,76,0
10514,74,0
10515,74,0
10516,76,0
10517,76,0
10518,76,0
10519,76,0
10520,76,0
10521,74,0
10522,76,0
10523,76,0
10524,76,0
10525,76,0
10526,76,0
10527,76,0
10528,74,0
10529,76,0
10530,74,0
10531,76,0
10532,74,0
10533,76,0
10534,76,0
10535,78,0
10536,76,0
10537,76,0
10538,74,0
10539,74,0
10540,74,0
10541,74,0
10542,76,0
10543,74,0
10544,74,0
10545,76,0
10546,74,0
10547,74,0
10548,74,0
10549,74,0
10550,76,0
10551,76,0
10552,74,0
10553,76,0
10554,76,0
10555,76,0
10556,74,0
10557,76,0
10558,74,0
10559,76,0
10560,76,0
10561,74,0
10562,74,0
10563,76,0
10564,76,0
10565,76,0
10566,74,0
10567,74,0
10568,74,0
10569,74,0
10570,76,0
10571,76,0
10572,74,0
10573,76,0
10574,76,0
10575,76,0
10576,74,0
10577,76,0
10578,76,0
10579,74,0
10580,72,0
10581,76,0
10582,74,0
10583,74,0
10584,76,0
10585,74,0
10586,74,0
10587,74,0
10588,76,0
10589,76,0
10590,76,0
10591,74,0
10592,76,0
10593,76,0
10594,74,0
10595,72,0
10596,76,0
10597,74,0
10598,72,0
10599,74,0
10600,76,0
10601,74,0
10602,76,0
10603,76,0
10604,74,0
10605,74,0
10606,76,0
10607,74,0
10608,76,0
10609,78,0
10610,74,0
10611,76,0
10612,76,0
10613,76,0
10614,72,0
10615,74,0
10616,74,0
10617,76,0
10618,74,0
10619,76,0
10620,74,0
10621,74,0
10622,74,0
10623,76,0
10624,76,0
10625,72,0
10626,74,0
10627,76,0
10628,76,0
10629,74,0
10630,78,0
10631,78,0
10632,76,0
10633,76,0
10634,74,0
10635,74,0
10636,74,0
10637,76,0
10638,76,0
10639,70,0
10640,76,0
10641,74,0
10642,74,0
10643,76,0
10644,72,0
10645,76,0
10646,76,0
10647,74,0
10648,76,0
10649,76,0
10650,76,0
10651,74,0
10652,74,0
10653,74,0
10654,76,0
10655,72,0
10656,72,0
10657,74,0
10658,76,0
10659,76,0
10660,76,0
10661,76,0
10662,76,0
10663,74,0
10664,76,0
10665,76,0
10666,74,0
10667,74,0
10668,76,0
10669,76,0
10670,76,0
10671,76,0
10672,76,0
10673,76,0
10674,74,0
10675,76,0
10676,74,0
10677,76,0
10678,74,0
10679,74,0
10680,78,0
10681,74,0
10682,74,0
10683,76,0
10684,74,0
10685,74,0
10686,76,0
10687,84,0
10688,74,0
10689,74,0
10690,76,0
10691,74,0
10692,76,0
10693,76,0
10694,74,0
10695,72,0
10696,74,0
10697,74,0
10698,74,0
10699,74,0
10700,74,0
10701,74,0
10702,74,0
10703,74,0
10704,76,0
10705,74,0
10706,74,0
10707,74,0
10708,74,0
10709,74,0
10710,76,0
10711,74,0
10712,72,0
10713,74,0
10714,74,0
10715,72,0
10716,76,0
10717,74,0
10718,76,0
10719,74,0
10720,72,0
10721,74,0
10722,72,0
10723,74,0
10724,72,0
10725,74,0
10726,76,0
10727,72,0
10728,74,0
10729,76,0
10730,74,0
10731,74,0
10732,72,0
10733,74,0
10734,74,0
10735,76,0
10736,74,0
10737,76,0
10738,74,0
10739,74,0
10740,76,0
10741,74,0
10742,76,0
10743,74,0
10744,74,0
10745,74,0
10746,72,0
10747,72,0
10748,72,0
10749,74,0
10750,74,0
10751,74,0
10752,72,0
10753,74,0
10754,74,0
10755,76,0
10756,76,0
10757,72,0
10758,74,0
10759,76,0
10760,76,0
10761,72,0
10762,74,0
10763,72,0
10764,74,0
10765,76,0
10766,74,0
10767,78,0
10768,76,0
10769,76,0
10770,76,0
10771,72,0
10772,76,0
10773,74,0
10774,74,0
10775,76,0
10776,74,0
10777,76,0
10778,76,0
10779,74,0
10780,76,0
10781,76,0
10782,76,0
10783,74,0
10784,74,0
10785,74,0
10786,74,0
10787,76,0
10788,74,0
10789,74,0
10790,76,0
10791,76,0
10792,74,0
10793,74,0
10794,74,0
10795,74,0
10796,76,0
10797,74,0
10798,74,0
10799,76,0
10800,76,0
10801,74,0
10802,76,0
10803,74,0
10804,74,0
10805,76,0
10806,76,0
10807,72,0
10808,76,0
10809,74,0
10810,76,0
10811,74,0
10812,74,0
10813,74,0
10814,76,0
10815,74,0
10816,74,0
10817,74,0
10818,76,0
10819,74,0
10820,74,0
10821,74,0
10822,74,0
10823,76,0
10824,74,0
10825,76,0
10826,74,0
10827,76,0
10828,74,0
10829,76,0
10830,74,0
10831,76,0
10832,76,0
10833,72,0
10834,74,0
10835,70,0
10836,74,0
10837,76,0
10838,76,0
10839,74,0
10840,76,0
10841,76,0
10842,76,0
10843,74,0
10844,72,0
10845,76,0
10846,74,0
10847,76,0
10848,76,0
10849,76,0
10850,76,0
10851,74,0
10852,74,0
10853,78,0
10854,76,0
10855,76,0
10856,74,0
10857,74,0
10858,76,0
10859,74,0
10860,74,0
10861,74,0
10862,74,0
10863,74,0
10864,72,0
10865,74,0
10866,74,0
10867,74,0
10868,72,0
10869,74,0
10870,74,0
10871,74,0
10872,74,0
10873,74,0
10874,74,0
10875,74,0
10876,74,0
10877,74,0
10878,76,0
10879,74,0
10880,76,0
10881,74,0
10882,76,0
10883,74,0
10884,76,0
10885,74,0
10886,74,0
10887,74,0
10888,76,0
10889,74,0
10890,78,0
10891,74,0
10892,78,0
10893,76,0
10894,76,0
10895,74,0
10896,76,0
10897,74,0
10898,72,0
10899,72,0
10900,76,0
10901,74,0
10902,74,0
10903,72,0
10904,76,0
10905,76,0
10906,76,0
10907,76,0
10908,74,0
10909,74,0
10910,76,0
10911,74,0
10912,76,0
10913,76,0
10914,72,0
10915,76,0
10916,76,0
10917,76,0
10918,74,0
10919,74,0
10920,74,0
10921,72,0
10922,74,0
10923,76,0
10924,76,0
10925,76,0
10926,74,0
10927,76,0
10928,74,0
10929,74,0
10930,76,0
10931,76,0
10932,74,0
10933,76,0
10934,78,0
10935,76,0
10936,74,0
10937,78,0
10938,76,0
10939,74,0
10940,76,0
10941,76,0
10942,76,0
10943,78,0
10944,76,0
10945,74,0
10946,74,0
10947,74,0
10948,76,0
10949,74,0
10950,74,0
10951,74,0
10952,74,0
10953,74,0
10954,74,0
10955,74,0
10956,74,0
10957,74,0
10958,74,0
10959,72,0
10960,74,0
10961,74,0
10962,74,0
10963,74,0
10964,74,0
10965,76,0
10966,76,0
10967,74,0
10968,76,0
10969,76,0
10970,76,0
10971,74,0
10972,76,0
10973,76,0
10974,70,0
10975,76,0
10976,74,0
10977,76,0
10978,74,0
10979,74,0
10980,74,0
10981,76,0
10982,76,0
10983,74,0
10984,76,0
10985,76,0
10986,76,0
10987,76,0
10988,76,0
10989,76,0
10990,78,0
10991,76,0
10992,76,0
10993,76,0
10994,76,0
10995,76,0
10996,76,0
10997,76,0
10998,76,0
10999,78,0
11000,74,0
11001,74,0
11002,76,0
11003,76,0
11004,76,0
11005,74,0
11006,78,0
11007,78,0
11008,74,0
11009,74,0
11010,76,0
11011,74,0
11012,74,0
11013,74,0
11014,72,0
11015,76,0
11016,74,0
11017,76,0
11018,74,0
11019,76,0
11020,74,0
11021,76,0
11022,76,0
11023,76,0
11024,78,0
11025,76,0
11026,76,0
11027,74,0
11028,76,0
11029,76,0
11030,78,0
11031,74,0
11032,76,0
11033,76,0
11034,76,0
11035,74,0
11036,74,0
11037,74,0
11038,74,0
11039,72,0
11040,72,0
11041,72,0
11042,72,0
11043,72,0
11044,76,0
11045,74,0
11046,74,0
11047,74,0
11048,74,0
11049,72,0
11050,74,0
11051,74,0
11052,74,0
11053,76,0
11054,76,0
11055,74,0
11056,72,0
11057,74,0
11058,74,0
11059,74,0
11060,74,0
11061,78,0
11062,76,0
11063,72,0
11064,74,0
11065,76,0
11066,74,0
11067,76,0
11068,72,0
11069,74,0
11070,74,0
11071,74,0
11072,74,0
11073,74,0
11074,76,0
11075,76,0
11076,74,0
11077,76,0
11078,76,0
11079,76,0
11080,76,0
11081,76,0
11082,74,0
11083,76,0
11084,78,0
11085,76,0
11086,76,0
11087,76,0
11088,78,0
11089,76,0
11090,74,0
11091,74,0
11092,76,0
11093,76,0
11094,74,0
11095,76,0
11096,72,0
11097,76,0
11098,76,0
11099,78,0
11100,76,0
11101,76,0
11102,74,0
11103,76,0
11104,78,0
11105,76,0
11106,74,0
11107,76,0
11108,74,0
11109,74,0
11110,74,0
11111,76,0
11112,74,0
11113,76,0
11114,74,0
11115,74,0
11116,74,0
11117,76,0
11118,76,0
11119,76,0
11120,74,0
11121,76,0
11122,76,0
11123,78,0
11124,76,0
11125,76,0
11126,76,0
11127,76,0
11128,76,0
11129,74,0
11130,74,0
11131,74,0
11132,74,0
11133,76,0
11134,74,0
11135,74,0
11136,74,0
11137,74,0
11138,74,0
11139,74,0
11140,76,0
11141,76,0
11142,76,0
11143,74,0
11144,78,0
11145,74,0
11146,74,0
11147,74,0
11148,74,0
11149,74,0
11150,74,0
11151,76,0
11152,72,0
11153,72,0
11154,74,0
11155,76,0
11156,76,0
11157,76,0
11158,76,0
11159,74,0
11160,76,0
11161,76,0
11162,74,0
11163,74,0
11164,76,0
11165,76,0
11166,74,0
11167,76,0
11168,74,0
11169,76,0
11170,74,0
11171,78,0
11172,76,0
11173,76,0
11174,76,0
11175,74,0
11176,72,0
11177,76,0
11178,74,0
11179,76,0
11180,76,0
11181,74,0
11182,76,0
11183,74,0
11184,76,0
11185,76,0
11186,74,0
11187,76,0
11188,74,0
11189,76,0
11190,76,0
11191,74,0
11192,78,0
11193,76,0
11194,78,0
11195,74,0
11196,76,0
11197,76,0
11198,74,0
11199,72,0
11200,74,0
11201,72,0
11202,74,0
11203,74,0
11204,74,0
11205,76,0
11206,74,0
11207,72,0
11208,76,0
11209,74,0
11210,74,0
11211,74,0
11212,72,0
11213,74,0
11214,76,0
11215,76,0
11216,74,0
11217,74,0
11218,74,0
11219,72,0
11220,76,0
11221,74,0
11222,78,0
11223,74,0
11224,72,0
11225,74,0
11226,74,0
11227,72,0
11228,72,0
11229,74,0
11230,74,0
11231,72,0
11232,74,0
11233,72,0
11234,76,0
11235,76,0
11236,74,0
11237,76,0
11238,74,0
11239,74,0
11240,78,0
11241,78,0
11242,76,0
11243,76,0
11244,76,0
11245,76,0
11246,76,0
11247,76,0
11248,76,0
11249,76,0
11250,74,0
11251,76,0
11252,76,0
11253,76,0
11254,74,0
11255,74,0
11256,74,0
11257,74,0
11258,74,0
11259,74,0
11260,72,0
11261,74,0
11262,74,0
11263,74,0
11264,74,0
11265,74,0
11266,74,0
11267,74,0
11268,74,0
11269,74,0
11270,74,0
11271,74,0
11272,74,0
11273,74,0
11274,76,0
11275,76,0
11276,76,0
11277,76,0
11278,76,0
11279,72,0
11280,76,0
11281,74,0
11282,72,0
11283,76,0
11284,76,0
11285,74,0
11286,76,0
11287,74,0
11288,74,0
11289,74,0
11290,76,0
11291,76,0
11292,76,0
11293,76,0
11294,74,0
11295,74,0
11296,76,0
11297,74,0
11298,74,0
11299,74,0
11300,72,0
11301,74,0
11302,72,0
11303,74,0
11304,74,0
11305,72,0
11306,72,0
11307,76,0
11308,76,0
11309,76,0
11310,76,0
11311,74,0
11312,74,0
11313,78,0
11314,74,0
11315,74,0
11316,72,0
11317,76,0
11318,74,0
11319,76,0
11320,76,0
11321,74,0
11322,76,0
11323,74,0
11324,76,0
11325,74,0
11326,76,0
11327,76,0
11328,74,0
11329,74,0
11330,76,0
11331,78,0
11332,74,0
11333,72,0
11334,74,0
11335,76,0
11336,76,0
11337,76,0
11338,76,0
11339,74,0
11340,76,0
11341,74,0
11342,74,0
11343,74,0
11344,74,0
11345,74,0
11346,74,0
11347,74,0
11348,76,0
11349,76,0
11350,74,0
11351,74,0
11352,74,0
11353,76,0
11354,76,0
11355,76,0
11356,74,0
11357,74,0
11358,74,0
11359,74,0
11360,74,0
11361,76,0
11362,72,0
11363,74,0
11364,70,0
11365,74,0
11366,76,0
11367,74,0
11368,74,0
11369,74,0
11370,74,0
11371,74,0
11372,76,0
11373,74,0
11374,74,0
11375,74,0
11376,74,0
11377,72,0
11378,74,0
11379,74,0
11380,74,0
11381,74,0
11382,72,0
11383,74,0
11384,76,0
11385,76,0
11386,74,0
11387,74,0
11388,74,0
11389,74,0
11390,74,0
11391,72,0
11392,74,0
11393,74,0
11394,74,0
11395,74,0
11396,76,0
11397,74,0
11398,74,0
11399,74,0
11400,74,0
11401,74,0
11402,74,0
11403,74,0
11404,74,0
11405,76,0
11406,76,0
11407,76,0
11408,76,0
11409,76,0
11410,76,0
11411,74,0
11412,76,0
11413,74,0
11414,76,0
11415,74,0
11416,76,0
11417,76,0
11418,76,0
11419,76,0
11420,76,0
11421,74,0
11422,78,0
11423,76,0
11424,74,0
11425,76,0
11426,76,0
11427,74,0
11428,76,0
11429,76,0
11430,74,0
11431,76,0
11432,82,0
11433,72,0
11434,74,0
11435,76,0
11436,76,0
11437,74,0
11438,72,0
11439,76,0
11440,76,0
11441,72,0
11442,70,0
11443,76,0
11444,74,0
11445,74,0
11446,74,0
11447,74,0
11448,72,0
11449,72,0
11450,72,0
11451,74,0
11452,74,0
11453,76,0
11454,74,0
11455,76,0
11456,76,0
11457,76,0
11458,78,0
11459,74,0
11460,76,0
11461,76,0
11462,72,0
11463,74,0
11464,74,0
11465,76,0
11466,74,0
11467,76,0
11468,72,0
11469,74,0
11470,74,0
11471,74,0
11472,74,0
11473,74,0
11474,74,0
11475,74,0
11476,72,0
11477,74,0
11478,74,0
11479,74,0
11480,74,0
11481,74,0
11482,74,0
11483,76,0
11484,76,0
11485,76,0
11486,76,0
11487,74,0
11488,74,0
11489,74,0
11490,76,0
11491,74,0
11492,74,0
11493,76,0
11494,76,0
11495,72,0
11496,74,0
11497,76,0
11498,74,0
11499,74,0
11500,74,0
11501,74,0
11502,74,0
11503,76,0
11504,72,0
11505,74,0
11506,72,0
11507,74,0
11508,76,0
11509,74,0
11510,76,0
11511,74,0
11512,74,0
11513,74,0
11514,74,0
11515,76,0
11516,74,0
11517,74,0
11518,74,0
11519,74,0
11520,76,0
11521,76,0
11522,74,0
11523,74,0
11524,74,0
11525,74,0
11526,74,0
11527,74,0
11528,74,0
11529,76,0
11530,76,0
11531,76,0
11532,76,0
11533,74,0
11534,76,0
11535,74,0
11536,76,0
11537,76,0
11538,76,0
11539,76,0
11540,76,0
11541,74,0
11542,74,0
11543,76,0
11544,72,0
11545,76,0
11546,74,0
11547,76,0
11548,76,0
11549,78,0
11550,74,0
11551,72,0
11552,76,0
11553,74,0
11554,76,0
11555,74,0
11556,72,0
11557,72,0
11558,78,0
11559,74,0
11560,74,0
11561,74,0
11562,76,0
11563,76,0
11564,74,0
11565,76,0
11566,72,0
11567,76,0
11568,76,0
11569,74,0
11570,74,0
11571,76,0
11572,76,0
11573,74,0
11574,74,0
11575,74,0
11576,76,0
11577,76,0
11578,76,0
11579,74,0
11580,76,0
11581,74,0
11582,76,0
11583,76,0
11584,72,0
11585,76,0
11586,78,0
11587,74,0
11588,74,0
11589,76,0
11590,74,0
11591,76,0
11592,76,0
11593,76,0
11594,76,0
11595,76,0
11596,74,0
11597,72,0
11598,74,0
11599,76,0
11600,74,0
11601,76,0
11602,78,0
11603,76,0
11604,74,0
11605,76,0
11606,76,0
11607,76,0
11608,76,0
11609,78,0
11610,74,0
11611,74,0
11612,76,0
11613,74,0
11614,76,0
11615,76,0
11616,74,0
11617,76,0
11618,72,0
11619,76,0
11620,74,0
11621,76,0
11622,76,0
11623,72,0
11624,76,0
11625,74,0
11626,76,0
11627,74,0
11628,76,0
11629,74,0
11630,78,0
11631,74,0
11632,76,0
11633,74,0
11634,76,0
11635,74,0
11636,76,0
11637,74,0
11638,76,0
11639,76,0
11640,76,0
11641,76,0
11642,76,0
11643,76,0
11644,76,0
11645,74,0
11646,76,0
11647,76,0
11648,74,0
11649,76,0
11650,76,0
11651,78,0
11652,74,0
11653,76,0
11654,74,0
11655,76,0
11656,76,0
11657,74,0
11658,74,0
11659,76,0
11660,76,0
11661,76,0
11662,76,0
11663,76,0
11664,76,0
11665,74,0
11666,74,0
11667,74,0
11668,76,0
11669,76,0
11670,76,0
11671,74,0
11672,74,0
11673,76,0
11674,76,0
11675,74,0
11676,76,0
11677,74,0
11678,74,0
11679,74,0
11680,76,0
11681,76,0
11682,74,0
11683,76,0
11684,74,0
11685,76,0
11686,74,0
11687,74,0
11688,74,0
11689,76,0
11690,76,0
11691,76,0
11692,76,0
11693,76,0
11694,74,0
11695,76,0
11696,74,0
11697,74,0
11698,76,0
11699,78,0
11700,76,0
11701,78,0
11702,78,0
11703,72,0
11704,76,0
11705,76,0
11706,74,0
11707,76,0
11708,76,0
11709,74,0
11710,76,0
11711,72,0
11712,76,0
11713,74,0
11714,76,0
11715,76,0
11716,74,0
11717,74,0
11718,78,0
11719,76,0
11720,76,0
11721,74,0
11722,74,0
11723,74,0
11724,74,0
11725,72,0
11726,76,0
11727,74,0
11728,76,0
11729,76,0
11730,74,0
11731,72,0
11732,72,0
11733,76,0
11734,74,0
11735,76,0
11736,72,0
11737,78,0
11738,78,0
11739,76,0
11740,74,0
11741,74,0
11742,74,0
11743,72,0
11744,76,0
11745,76,0
11746,74,0
11747,72,0
11748,74,0
11749,72,0
11750,76,0
11751,74,0
11752,76,0
11753,74,0
11754,76,0
11755,72,0
11756,76,0
11757,76,0
11758,74,0
11759,74,0
11760,74,0
11761,78,0
11762,72,0
11763,76,0
11764,74,0
11765,74,0
11766,76,0
11767,76,0
11768,74,0
11769,74,0
11770,76,0
11771,76,0
11772,72,0
11773,76,0
11774,74,0
11775,76,0
11776,74,0
11777,74,0
11778,72,0
11779,78,0
11780,74,0
11781,74,0
11782,76,0
11783,74,0
11784,74,0
11785,72,0
11786,74,0
11787,74,0
11788,76,0
11789,76,0
11790,74,0
11791,76,0
11792,74,0
11793,74,0
11794,74,0
11795,74,0
11796,76,0
11797,74,0
11798,74,0
11799,76,0
11800,76,0
11801,76,0
11802,74,0
11803,76,0
11804,76,0
11805,76,0
11806,74,0
11807,76,0
11808,74,0
11809,76,0
11810,74,0
11811,76,0
11812,76,0
11813,74,0
11814,74,0
11815,76,0
11816,74,0
11817,76,0
11818,74,0
11819,76,0
11820,74,0
11821,74,0
11822,74,0
11823,74,0
11824,74,0
11825,74,0
11826,76,0
11827,74,0
11828,74,0
11829,76,0
11830,74,0
11831,74,0
11832,74,0
11833,76,0
11834,76,0
11835,74,0
11836,76,0
11837,72,0
11838,74,0
11839,74,0
11840,78,0
11841,76,0
11842,76,0
11843,74,0
11844,72,0
11845,74,0
11846,74,0
11847,74,0
11848,74,0
11849,74,0
11850,76,0
11851,74,0
11852,78,0
11853,76,0
11854,76,0
11855,76,0
11856,74,0
11857,74,0
11858,74,0
11859,74,0
11860,74,0
11861,76,0
11862,74,0
11863,72,0
11864,76,0
11865,76,0
11866,74,0
11867,72,0
11868,74,0
11869,74,0
11870,76,0
11871,72,0
11872,74,0
11873,74,0
11874,76,0
11875,78,0
11876,74,0
11877,76,0
11878,76,0
11879,74,0
11880,74,0
11881,74,0
11882,74,0
11883,78,0
11884,72,0
11885,72,0
11886,74,0
11887,74,0
11888,74,0
11889,74,0
11890,74,0
11891,74,0
11892,72,0
11893,74,0
11894,72,0
11895,72,0
11896,74,0
11897,76,0
11898,74,0
11899,76,0
11900,74,0
11901,74,0
11902,74,0
11903,74,0
11904,76,0
11905,76,0
11906,74,0
11907,74,0
11908,78,0
11909,78,0
11910,76,0
11911,74,0
11912,72,0
11913,74,0
11914,76,0
11915,74,0
11916,74,0
11917,72,0
11918,74,0
11919,74,0
11920,76,0
11921,74,0
11922,74,0
11923,74,0
11924,72,0
11925,76,0
11926,74,0
11927,74,0
11928,76,0
11929,74,0
11930,74,0
11931,76,0
11932,74,0
11933,74,0
11934,76,0
11935,74,0
11936,72,0
11937,76,0
11938,76,0
11939,76,0
11940,76,0
11941,76,0
11942,74,0
11943,76,0
11944,74,0
11945,74,0
11946,76,0
11947,74,0
11948,74,0
11949,74,0
11950,74,0
11951,76,0
11952,74,0
11953,74,0
11954,76,0
11955,76,0
11956,76,0
11957,76,0
11958,74,0
11959,76,0
11960,76,0
11961,74,0
11962,74,0
11963,74,0
11964,78,0
11965,74,0
11966,76,0
11967,76,0
11968,74,0
11969,74,0
11970,74,0
11971,78,0
11972,76,0
11973,74,0
11974,76,0
11975,74,0
11976,74,0
11977,74,0
11978,74,0
11979,76,0
11980,74,0
11981,74,0
11982,74,0
11983,76,0
11984,76,0
11985,74,0
11986,76,0
11987,76,0
11988,74,0
11989,76,0
11990,74,0
11991,74,0
11992,74,0
11993,74,0
11994,74,0
11995,76,0
11996,74,0
11997,74,0
11998,76,0
11999,76,0
12000,74,0
12001,74,0
12002,76,0
12003,74,0
12004,76,0
12005,74,0
12006,74,0
12007,74,0
12008,74,0
12009,72,0
12010,76,0
12011,76,0
12012,74,0
12013,74,0
12014,76,0
12015,74,0
12016,76,0
12017,76,0
12018,74,0
12019,76,0
12020,72,0
12021,74,0
12022,76,0
12023,74,0
12024,74,0
12025,72,0
12026,78,0
12027,72,0
12028,76,0
12029,74,0
12030,72,0
12031,74,0
12032,76,0
12033,76,0
12034,74,0
12035,76,0
12036,78,0
12037,74,0
12038,74,0
12039,76,0
12040,76,0
12041,76,0
12042,78,0
12043,76,0
12044,74,0
12045,72,0
12046,74,0
12047,74,0
12048,76,0
12049,76,0
12050,76,0
12051,74,0
12052,74,0
12053,74,0
12054,74,0
12055,74,0
12056,76,0
12057,76,0
12058,72,0
12059,76,0
12060,74,0
12061,74,0
12062,74,0
12063,74,0
12064,74,0
12065,76,0
12066,72,0
12067,74,0
12068,72,0
12069,74,0
12070,74,0
12071,76,0
12072,76,0
12073,72,0
12074,76,0
12075,76,0
12076,74,0
12077,76,0
12078,76,0
12079,76,0
12080,74,0
12081,74,0
12082,74,0
12083,74,0
12084,74,0
12085,72,0
12086,72,0
12087,72,0
12088,74,0
12089,76,0
12090,76,0
12091,76,0
12092,76,0
12093,76,0
12094,72,0
12095,74,0
12096,74,0
12097,76,0
12098,76,0
12099,76,0
12100,72,0
12101,76,0
12102,76,0
12103,74,0
12104,74,0
12105,74,0
12106,76,0
12107,76,0
12108,76,0
12109,76,0
12110,74,0
12111,76,0
12112,76,0
12113,74,0
12114,76,0
12115,76,0
12116,76,0
12117,74,0
12118,74,0
12119,74,0
12120,76,0
12121,74,0
12122,74,0
12123,74,0
12124,78,0
12125,76,0
12126,76,0
12127,72,0
12128,76,0
12129,74,0
12130,76,0
12131,74,0
12132,78,0
12133,76,0
12134,74,0
12135,76,0
12136,76,0
12137,76,0
12138,74,0
12139,74,0
12140,76,0
12141,74,0
12142,74,0
12143,72,0
12144,74,0
12145,76,0
12146,76,0
12147,74,0
12148,74,0
12149,74,0
12150,74,0
12151,76,0
12152,76,0
12153,78,0
12154,74,0
12155,74,0
12156,76,0
12157,74,0
12158,76,0
12159,76,0
12160,76,0
12161,76,0
12162,74,0
12163,74,0
12164,76,0
12165,76,0
12166,74,0
12167,74,0
12168,74,0
12169,74,0
12170,76,0
12171,74,0
12172,74,0
12173,74,0
12174,76,0
12175,76,0
12176,72,0
12177,84,0
12178,74,0
12179,74,0
12180,72,0
12181,72,0
12182,72,0
12183,76,0
12184,74,0
12185,74,0
12186,74,0
12187,76,0
12188,74,0
12189,72,0
12190,72,0
12191,74,0
12192,76,0
12193,74,0
12194,74,0
12195,74,0
12196,74,0
12197,74,0
12198,74,0
12199,76,0
12200,72,0
12201,76,0
12202,74,0
12203,72,0
12204,76,0
12205,74,0
12206,72,0
12207,76,0
12208,74,0
12209,74,0
12210,72,0
12211,74,0
12212,74,0
12213,74,0
12214,76,0
12215,74,0
12216,76,0
12217,74,0
12218,74,0
12219,74,0
12220,74,0
12221,74,0
12222,74,0
12223,74,0
12224,74,0
12225,72,0
12226,74,0
12227,74,0
12228,74,0
12229,76,0
12230,74,0
12231,76,0
12232,74,0
12233,74,0
12234,74,0
12235,74,0
12236,74,0
12237,74,0
12238,74,0
12239,74,0
12240,74,0
12241,74,0
12242,74,0
12243,74,0
12244,74,0
12245,74,0
12246,74,0
12247,74,0
12248,76,0
12249,74,0
12250,74,0
12251,74,0
12252,76,0
12253,76,0
12254,72,0
12255,74,0
12256,74,0
12257,74,0
12258,76,0
12259,76,0
12260,76,0
12261,74,0
12262,74,0
12263,74,0
12264,76,0
12265,74,0
12266,74,0
12267,74,0
12268,76,0
12269,74,0
12270,74,0
12271,74,0
12272,72,0
12273,76,0
12274,76,0
12275,78,0
12276,76,0
12277,76,0
12278,74,0
12279,76,0
12280,74,0
12281,74,0
12282,76,0
12283,76,0
12284,74,0
12285,76,0
12286,76,0
12287,76,0
12288,74,0
12289,74,0
12290,74,0
12291,74,0
12292,76,0
12293,76,0
12294,76,0
12295,76,0
12296,78,0
12297,74,0
12298,74,0
12299,74,0
12300,76,0
12301,76,0
12302,72,0
12303,76,0
12304,74,0
12305,74,0
12306,78,0
12307,74,0
12308,76,0
12309,76,0
12310,74,0
12311,76,0
12312,76,0
12313,78,0
12314,78,0
12315,74,0
12316,76,0
12317,76,0
12318,76,0
12319,76,0
12320,74,0
12321,72,0
12322,72,0
12323,72,0
12324,74,0
12325,74,0
12326,76,0
12327,76,0
12328,78,0
12329,76,0
12330,74,0
12331,76,0
12332,76,0
12333,72,0
12334,76,0
12335,74,0
12336,76,0
12337,74,0
12338,74,0
12339,76,0
12340,76,0
12341,76,0
12342,74,0
12343,74,0
12344,74,0
12345,74,0
12346,76,0
12347,74,0
12348,76,0
12349,72,0
12350,76,0
12351,74,0
12352,76,0
12353,76,0
12354,74,0
12355,76,0
12356,76,0
12357,74,0
12358,76,0
12359,76,0
12360,76,0
12361,72,0
12362,72,0
12363,74,0
12364,76,0
12365,76,0
12366,74,0
12367,76,0
12368,76,0
12369,76,0
12370,76,0
12371,76,0
12372,74,0
12373,74,0
12374,76,0
12375,76,0
12376,76,0
12377,74,0
12378,76,0
12379,76,0
12380,74,0
12381,76,0
12382,76,0
12383,74,0
12384,76,0
12385,76,0
12386,76,0
12387,74,0
12388,76,0
12389,76,0
12390,76,0
12391,74,0
12392,76,0
12393,74,0
12394,76,0
12395,74,0
12396,74,0
12397,76,0
12398,76,0
12399,74,0
12400,76,0
12401,74,0
12402,76,0
12403,76,0
12404,76,0
12405,76,0
12406,76,0
12407,76,0
12408,76,0
12409,78,0
12410,74,0
12411,76,0
12412,76,0
12413,76,0
12414,74,0
12415,76,0
12416,76,0
12417,76,0
12418,76,0
12419,74,0
12420,76,0
12421,76,0
12422,76,0
12423,76,0
12424,76,0
12425,76,0
12426,78,0
12427,74,0
12428,76,0
12429,76,0
12430,76,0
12431,76,0
12432,76,0
12433,76,0
12434,76,0
12435,76,0
12436,76,0
12437,76,0
12438,76,0
12439,78,0
12440,76,0
12441,76,0
12442,76,0
12443,76,0
12444,74,0
12445,74,0
12446,78,0
12447,76,0
12448,74,0
12449,76,0
12450,76,0
12451,76,0
12452,74,0
12453,76,0
12454,74,0
12455,76,0
12456,76,0
12457,76,0
12458,76,0
12459,84,0
12460,72,0
12461,74,0
12462,76,0
12463,76,0
12464,74,0
12465,76,0
12466,78,0
12467,74,0
12468,76,0
12469,76,0
12470,74,0
12471,78,0
12472,78,0
12473,76,0
12474,78,0
12475,76,0
12476,76,0
12477,76,0
12478,74,0
12479,74,0
12480,74,0
12481,72,0
12482,76,0
12483,76,0
12484,74,0
12485,76,0
12486,76,0
12487,76,0
12488,74,0
12489,76,0
12490,76,0
12491,78,0
12492,72,0
12493,76,0
12494,78,0
12495,76,0
12496,76,0
12497,78,0
12498,76,0
12499,76,0
12500,76,0
12501,76,0
12502,72,0
12503,76,0
12504,74,0
12505,74,0
12506,76,0
12507,76,0
12508,74,0
12509,74,0
12510,76,0
12511,76,0
12512,76,0
12513,76,0
12514,76,0
12515,76,0
12516,76,0
12517,76,0
12518,76,0
12519,76,0
12520,76,0
12521,76,0
12522,78,0
12523,74,0
12524,76,0
12525,74,0
12526,76,0
12527,74,0
12528,76,0
12529,76,0
12530,74,0
12531,76,0
12532,74,0
12533,76,0
12534,76,0
12535,76,0
12536,76,0
12537,76,0
12538,76,0
12539,76,0
12540,74,0
12541,78,0
12542,74,0
12543,76,0
12544,76,0
12545,76,0
12546,76,0
12547,76,0
12548,74,0
12549,76,0
12550,76,0
12551,76,0
12552,76,0
12553,76,0
12554,76,0
12555,76,0
12556,76,0
12557,74,0
12558,76,0
12559,76,0
12560,76,0
12561,76,0
12562,76,0
12563,76,0
12564,76,0
12565,76,0
12566,76,0
12567,76,0
12568,76,0
12569,76,0
12570,76,0
12571,76,0
12572,76,0
12573,74,0
12574,76,0
12575,76,0
12576,76,0
12577,76,0
12578,78,0
12579,78,0
12580,74,0
12581,76,0
12582,74,0
12583,76,0
12584,76,0
12585,78,0
12586,78,0
12587,74,0
12588,76,0
12589,76,0
12590,76,0
12591,78,0
12592,76,0
12593,76,0
12594,76,0
12595,78,0
12596,74,0
12597,76,0
12598,76,0
12599,76,0
12600,76,0
12601,76,0
12602,76,0
12603,76,0
12604,72,0
12605,76,0
12606,76,0
12607,76,0
12608,76,0
12609,76,0
12610,76,0
12611,74,0
12612,74,0
12613,76,0
12614,76,0
12615,76,0
12616,74,0
12617,76,0
12618,76,0
12619,78,0
12620,78,0
12621,74,0
12622,76,0
12623,76,0
12624,74,0
12625,74,0
12626,76,0
12627,76,0
12628,76,0
12629,78,0
12630,78,0
12631,76,0
12632,78,0
12633,74,0
12634,76,0
12635,76,0
12636,74,0
12637,76,0
12638,78,0
12639,72,0
12640,76,0
12641,74,0
12642,76,0
12643,76,0
12644,76,0
12645,76,0
12646,76,0
12647,76,0
12648,76,0
12649,74,0
12650,76,0
12651,76,0
12652,76,0
12653,76,0
12654,76,0
12655,74,0
12656,78,0
12657,74,0
12658,76,0
12659,76,0
12660,76,0
12661,78,0
12662,76,0
12663,78,0
12664,76,0
12665,76,0
12666,76,0
12667,76,0
12668,76,0
12669,74,0
12670,76,0
12671,74,0
12672,76,0
12673,76,0
12674,76,0
12675,74,0
12676,76,0
12677,76,0
12678,76,0
12679,76,0
12680,74,0
12681,76,0
12682,76,0
12683,76,0
12684,74,0
12685,76,0
12686,76,0
12687,76,0
12688,76,0
12689,76,0
12690,76,0
12691,76,0
12692,76,0
12693,76,0
12694,74,0
12695,76,0
12696,74,0
12697,76,0
12698,76,0
12699,76,0
12700,76,0
12701,76,0
12702,76,0
12703,76,0
12704,76,0
12705,76,0
12706,76,0
12707,74,0
12708,76,0
12709,76,0
12710,74,0
12711,76,0
12712,76,0
12713,76,0
12714,76,0
12715,76,0
12716,76,0
12717,74,0
12718,76,0
12719,76,0
12720,72,0
12721,76,0
12722,74,0
12723,76,0
12724,76,0
12725,72,0
12726,76,0
12727,76,0
12728,76,0
12729,76,0
12730,76,0
12731,76,0
12732,76,0
12733,78,0
12734,76,0
12735,76,0
12736,74,0
12737,76,0
12738,76,0
12739,76,0
12740,76,0
12741,76,0
12742,76,0
12743,74,0
12744,76,0
12745,76,0
12746,76,0
12747,76,0
12748,76,0
12749,76,0
12750,74,0
12751,76,0
12752,74,0
12753,76,0
12754,76,0
12755,76,0
12756,78,0
12757,76,0
12758,72,0
12759,76,0
12760,76,0
12761,76,0
12762,74,0
12763,76,0
12764,76,0
12765,74,0
12766,74,0
12767,76,0
12768,74,0
12769,76,0
12770,74,0
12771,78,0
12772,76,0
12773,76,0
12774,74,0
12775,76,0
12776,78,0
12777,74,0
12778,74,0
12779,72,0
12780,76,0
12781,76,0
12782,76,0
12783,76,0
12784,76,0
12785,78,0
12786,74,0
12787,76,0
12788,76,0
12789,74,0
12790,76,0
12791,76,0
12792,74,0
12793,74,0
12794,76,0
12795,74,0
12796,76,0
12797,74,0
12798,78,0
12799,74,0
12800,72,0
12801,74,0
12802,76,0
12803,72,0
12804,76,0
12805,74,0
12806,74,0
12807,72,0
12808,76,0
12809,74,0
12810,74,0
12811,76,0
12812,74,0
12813,76,0
12814,74,0
12815,76,0
12816,74,0
12817,76,0
12818,74,0
12819,76,0
12820,74,0
12821,74,0
12822,74,0
12823,76,0
12824,74,0
12825,72,0
12826,74,0
12827,76,0
12828,74,0
12829,76,0
12830,74,0
12831,76,0
12832,74,0
12833,76,0
12834,74,0
12835,76,0
12836,74,0
12837,76,0
12838,76,0
12839,76,0
12840,76,0
12841,76,0
12842,76,0
12843,76,0
12844,76,0
12845,76,0
12846,76,0
12847,76,0
12848,76,0
12849,76,0
12850,76,0
12851,76,0
12852,76,0
12853,76,0
12854,76,0
12855,76,0
12856,76,0
12857,76,0
12858,76,0
12859,76,0
12860,76,0
12861,76,0
12862,76,0
12863,76,0
12864,76,0
12865,76,0
12866,76,0
12867,76,0
12868,76,0
12869,76,0
12870,76,0
12871,76,0
12872,74,0
12873,76,0
12874,76,0
12875,76,0
12876,76,0
12877,76,0
12878,78,0
12879,78,0
12880,76,0
12881,76,0
12882,76,0
12883,76,0
12884,76,0
12885,76,0
12886,76,0
12887,74,0
12888,76,0
12889,76,0
12890,76,0
12891,74,0
12892,76,0
12893,76,0
12894,76,0
12895,76,0
12896,72,0
12897,76,0
12898,74,0
12899,76,0
12900,74,0
12901,76,0
12902,76,0
12903,74,0
12904,76,0
12905,76,0
12906,74,0
12907,76,0
12908,76,0
12909,78,0
12910,78,0
12911,72,0
12912,74,0
12913,76,0
12914,76,0
12915,76,0
12916,76,0
12917,72,0
12918,76,0
12919,76,0
12920,76,0
12921,76,0
12922,82,0
12923,74,0
12924,72,0
12925,74,0
12926,74,0
12927,76,0
12928,76,0
12929,74,0
12930,74,0
12931,74,0
12932,76,0
12933,74,0
12934,76,0
12935,76,0
12936,74,0
12937,74,0
12938,74,0
12939,74,0
12940,76,0
12941,74,0
12942,76,0
12943,76,0
12944,78,0
12945,76,0
12946,76,0
12947,76,0
12948,76,0
12949,76,0
12950,72,0
12951,76,0
12952,74,0
12953,76,0
12954,74,0
12955,74,0
12956,74,0
12957,74,0
12958,74,0
12959,76,0
12960,74,0
12961,74,0
12962,74,0
12963,74,0
12964,74,0
12965,76,0
12966,74,0
12967,76,0
12968,74,0
12969,74,0
12970,76,0
12971,74,0
12972,74,0
12973,74,0
12974,74,0
12975,76,0
12976,74,0
12977,74,0
12978,74,0
12979,76,0
12980,74,0
12981,74,0
12982,76,0
12983,76,0
12984,74,0
12985,74,0
12986,74,0
12987,74,0
12988,74,0
12989,74,0
12990,74,0
12991,76,0
12992,74,0
12993,76,0
12994,74,0
12995,72,0
12996,74,0
12997,74,0
12998,74,0
12999,74,0
13000,78,0
13001,74,0
13002,76,0
13003,76,0
13004,76,0
13005,76,0
13006,74,0
13007,74,0
13008,76,0
13009,72,0
13010,74,0
13011,76,0
13012,76,0
13013,76,0
13014,74,0
13015,74,0
13016,78,0
13017,76,0
13018,76,0
13019,76,0
13020,76,0
13021,74,0
13022,76,0
13023,72,0
13024,76,0
13025,74,0
13026,76,0
13027,76,0
13028,74,0
13029,76,0
13030,76,0
13031,76,0
13032,76,0
13033,76,0
13034,74,0
13035,74,0
13036,76,0
13037,76,0
13038,74,0
13039,74,0
13040,76,0
13041,78,0
13042,76,0
13043,74,0
13044,72,0
13045,76,0
13046,74,0
13047,76,0
13048,72,0
13049,72,0
13050,72,0
13051,74,0
13052,72,0
13053,74,0
13054,74,0
13055,74,0
13056,76,0
13057,72,0
13058,74,0
13059,74,0
13060,74,0
13061,74,0
13062,74,0
13063,76,0
13064,76,0
13065,74,0
13066,72,0
13067,76,0
13068,74,0
13069,76,0
13070,72,0
13071,78,0
13072,74,0
13073,78,0
13074,74,0
13075,74,0
13076,74,0
13077,74,0
13078,76,0
13079,74,0
13080,74,0
13081,74,0
13082,72,0
13083,76,0
13084,74,0
13085,74,0
13086,74,0
13087,74,0
13088,74,0
13089,74,0
13090,74,0
13091,76,0
13092,74,0
13093,76,0
13094,74,0
13095,78,0
13096,72,0
13097,74,0
13098,74,0
13099,74,0
13100,72,0
13101,76,0
13102,74,0
13103,76,0
13104,74,0
13105,74,0
13106,74,0
13107,76,0
13108,74,0
13109,76,0
13110,74,0
13111,74,0
13112,74,0
13113,74,0
13114,76,0
13115,76,0
13116,74,0
13117,76,0
13118,74,0
13119,78,0
13120,74,0
13121,76,0
13122,74,0
13123,76,0
13124,76,0
13125,76,0
13126,74,0
13127,76,0
13128,74,0
13129,76,0
13130,74,0
13131,76,0
13132,74,0
13133,76,0
13134,74,0
13135,76,0
13136,74,0
13137,74,0
13138,74,0
13139,76,0
13140,74,0
13141,76,0
13142,72,0
13143,76,0
13144,74,0
13145,74,0
13146,72,0
13147,76,0
13148,74,0
13149,76,0
13150,74,0
13151,74,0
13152,74,0
13153,74,0
13154,72,0
13155,74,0
13156,74,0
13157,74,0
13158,74,0
13159,74,0
13160,76,0
13161,74,0
13162,74,0
13163,76,0
13164,72,0
13165,74,0
13166,74,0
13167,74,0
13168,74,0
13169,76,0
13170,72,0
13171,76,0
13172,74,0
13173,76,0
13174,72,0
13175,76,0
13176,74,0
13177,76,0
13178,76,0
13179,74,0
13180,76,0
13181,76,0
13182,72,0
13183,74,0
13184,74,0
13185,76,0
13186,74,0
13187,74,0
13188,72,0
13189,74,0
13190,76,0
13191,74,0
13192,72,0
13193,74,0
13194,72,0
13195,74,0
13196,74,0
13197,76,0
13198,74,0
13199,76,0
13200,72,0
13201,72,0
13202,74,0
13203,74,0
13204,74,0
13205,74,0
13206,74,0
13207,74,0
13208,74,0
13209,72,0
13210,72,0
13211,76,0
13212,74,0
13213,74,0
13214,74,0
13215,78,0
13216,72,0
13217,74,0
13218,72,0
13219,74,0
13220,72,0
13221,76,0
13222,74,0
13223,74,0
13224,72,0
13225,76,0
13226,72,0
13227,74,0
13228,74,0
13229,74,0
13230,74,0
13231,72,0
13232,74,0
13233,74,0
13234,74,0
13235,74,0
13236,74,0
13237,74,0
13238,76,0
13239,74,0
13240,74,0
13241,76,0
13242,74,0
13243,74,0
13244,74,0
13245,72,0
13246,74,0
13247,74,0
13248,74,0
13249,74,0
13250,74,0
13251,76,0
13252,74,0
13253,74,0
13254,74,0
13255,74,0
13256,74,0
13257,76,0
13258,74,0
13259,76,0
13260,74,0
13261,76,0
13262,72,0
13263,76,0
13264,74,0
13265,76,0
13266,74,0
13267,76,0
13268,76,0
13269,76,0
13270,74,0
13271,76,0
13272,74,0
13273,76,0
13274,74,0
13275,76,0
13276,74,0
13277,76,0
13278,74,0
13279,76,0
13280,74,0
13281,74,0
13282,74,0
13283,74,0
13284,74,0
13285,74,0
13286,74,0
13287,74,0
13288,76,0
13289,74,0
13290,74,0
13291,74,0
13292,74,0
13293,74,0
13294,74,0
13295,74,0
13296,74,0
13297,74,0
13298,74,0
13299,74,0
13300,74,0
13301,72,0
13302,74,0
13303,72,0
13304,74,0
13305,74,0
13306,74,0
13307,74,0
13308,72,0
13309,76,0
13310,74,0
13311,74,0
13312,74,0
13313,74,0
13314,76,0
13315,74,0
13316,74,0
13317,76,0
13318,72,0
13319,74,0
13320,74,0
13321,74,0
13322,74,0
13323,74,0
13324,76,0
13325,74,0
13326,76,0
13327,74,0
13328,76,0
13329,74,0
13330,74,0
13331,74,0
13332,74,0
13333,74,0
13334,72,0
13335,74,0
13336,74,0
13337,74,0
13338,74,0
13339,74,0
13340,72,0
13341,74,0
13342,76,0
13343,76,0
13344,76,0
13345,74,0
13346,76,0
13347,72,0
13348,74,0
13349,74,0
13350,74,0
13351,74,0
13352,74,0
13353,72,0
13354,72,0
13355,74,0
13356,74,0
13357,74,0
13358,74,0
13359,74,0
13360,74,0
13361,74,0
13362,76,0
13363,74,0
13364,74,0
13365,74,0
13366,74,0
13367,74,0
13368,74,0
13369,74,0
13370,72,0
13371,74,0
13372,76,0
13373,76,0
13374,76,0
13375,76,0
13376,76,0
13377,72,0
13378,78,0
13379,76,0
13380,74,0
13381,76,0
13382,76,0
13383,74,0
13384,76,0
13385,74,0
13386,74,0
13387,74,0
13388,76,0
13389,74,0
13390,76,0
13391,74,0
13392,74,0
13393,74,0
13394,74,0
13395,74,0
13396,76,0
13397,74,0
13398,76,0
13399,74,0
13400,74,0
13401,74,0
13402,74,0
13403,74,0
13404,74,0
13405,74,0
13406,72,0
13407,74,0
13408,74,0
13409,74,0
13410,74,0
13411,74,0
13412,74,0
13413,74,0
13414,74,0
13415,74,0
13416,74,0
13417,74,0
13418,74,0
13419,74,0
13420,74,0
13421,74,0
13422,74,0
13423,74,0
13424,74,0
13425,74,0
13426,74,0
13427,74,0
13428,74,0
13429,74,0
13430,74,0
13431,74,0
13432,74,0
13433,76,0
13434,74,0
13435,74,0
13436,74,0
13437,74,0
13438,74,0
13439,74,0
13440,74,0
13441,74,0
13442,74,0
13443,74,0
13444,74,0
13445,76,0
13446,74,0
13447,76,0
13448,74,0
13449,74,0
13450,74,0
13451,74,0
13452,74,0
13453,74,0
13454,74,0
13455,74,0
13456,76,0
13457,74,0
13458,74,0
13459,76,0
13460,74,0
13461,74,0
13462,74,0
13463,74,0
13464,74,0
13465,76,0
13466,74,0
13467,74,0
13468,76,0
13469,76,0
13470,74,0
13471,74,0
13472,72,0
13473,74,0
13474,72,0
13475,74,0
13476,74,0
13477,74,0
13478,72,0
13479,72,0
13480,72,0
13481,74,0
13482,74,0
13483,72,0
13484,74,0
13485,74,0
13486,74,0
13487,74,0
13488,76,0
13489,74,0
13490,102,0
13491,74,0
13492,76,0
13493,76,0
13494,76,0
13495,74,0
13496,76,0
13497,76,0
13498,76,0
13499,74,0
13500,74,0
13501,76,0
13502,74,0
13503,76,0
13504,74,0
13505,74,0
13506,74,0
13507,74,0
13508,76,0
13509,74,0
13510,72,0
13511,74,0
13512,74,0
13513,74,0
13514,76,0
13515,74,0
13516,76,0
13517,74,0
13518,76,0
13519,74,0
13520,76,0
13521,76,0
13522,74,0
13523,76,0
13524,74,0
13525,76,0
13526,74,0
13527,76,0
13528,74,0
13529,74,0
13530,74,0
13531,74,0
13532,74,0
13533,76,0
13534,76,0
13535,76,0
13536,74,0
13537,74,0
13538,74,0
13539,74,0
13540,74,0
13541,74,0
13542,74,0
13543,74,0
13544,74,0
13545,74,0
13546,78,0
13547,76,0
13548,76,0
13549,74,0
13550,76,0
13551,74,0
13552,74,0
13553,76,0
13554,74,0
13555,74,0
13556,76,0
13557,74,0
13558,74,0
13559,76,0
13560,76,0
13561,74,0
13562,74,0
13563,74,0
13564,74,0
13565,74,0
13566,74,0
13567,74,0
13568,74,0
13569,72,0
13570,76,0
13571,74,0
13572,74,0
13573,76,0
13574,76,0
13575,72,0
13576,74,0
13577,72,0
13578,74,0
13579,76,0
13580,74,0
13581,76,0
13582,74,0
13583,76,0
13584,76,0
13585,74,0
13586,72,0
13587,74,0
13588,74,0
13589,76,0
13590,72,0
13591,76,0
13592,76,0
13593,74,0
13594,74,0
13595,72,0
13596,72,0
13597,72,0
13598,72,0
13599,72,0
13600,72,0
13601,72,0
13602,74,0
13603,74,0
13604,74,0
13605,76,0
13606,72,0
13607,74,0
13608,74,0
13609,76,0
13610,74,0
13611,74,0
13612,74,0
13613,72,0
13614,74,0
13615,74,0
13616,72,0
13617,74,0
13618,76,0
13619,74,0
13620,74,0
13621,76,0
13622,74,0
13623,76,0
13624,74,0
13625,72,0
13626,74,0
13627,74,0
13628,74,0
13629,76,0
13630,74,0
13631,78,0
13632,74,0
13633,76,0
13634,72,0
13635,74,0
13636,74,0
13637,76,0
13638,74,0
13639,76,0
13640,74,0
13641,74,0
13642,74,0
13643,74,0
13644,74,0
13645,76,0
13646,74,0
13647,76,0
13648,74,0
13649,74,0
13650,74,0
13651,76,0
13652,74,0
13653,72,0
13654,74,0
13655,76,0
13656,74,0
13657,74,0
13658,76,0
13659,74,0
13660,74,0
13661,74,0
13662,74,0
13663,76,0
13664,74,0
13665,76,0
13666,82,0
13667,76,0
13668,72,0
13669,74,0
13670,74,0
13671,76,0
13672,74,0
13673,74,0
13674,76,0
13675,74,0
13676,76,0
13677,76,0
13678,74,0
13679,74,0
13680,74,0
13681,74,0
13682,76,0
13683,74,0
13684,72,0
13685,72,0
13686,76,0
13687,76,0
13688,76,0
13689,72,0
13690,74,0
13691,76,0
13692,76,0
13693,72,0
13694,74,0
13695,72,0
13696,74,0
13697,76,0
13698,74,0
13699,76,0
13700,74,0
13701,76,0
13702,74,0
13703,76,0
13704,74,0
13705,72,0
13706,74,0
13707,76,0
13708,78,0
13709,74,0
13710,74,0
13711,76,0
13712,74,0
13713,74,0
13714,74,0
13715,76,0
13716,74,0
13717,74,0
13718,74,0
13719,74,0
13720,76,0
13721,74,0
13722,76,0
13723,78,0
13724,76,0
13725,74,0
13726,74,0
13727,76,0
13728,74,0
13729,74,0
13730,74,0
13731,74,0
13732,74,0
13733,74,0
13734,74,0
13735,74,0
13736,76,0
13737,74,0
13738,76,0
13739,74,0
13740,76,0
13741,72,0
13742,76,0
13743,74,0
13744,74,0
13745,74,0
13746,76,0
13747,74,0
13748,76,0
13749,76,0
13750,72,0
13751,78,0
13752,74,0
13753,74,0
13754,74,0
13755,74,0
13756,74,0
13757,74,0
13758,74,0
13759,74,0
13760,74,0
13761,74,0
13762,74,0
13763,74,0
13764,76,0
13765,74,0
13766,74,0
13767,74,0
13768,74,0
13769,74,0
13770,72,0
13771,72,0
13772,74,0
13773,74,0
13774,74,0
13775,74,0
13776,74,0
13777,74,0
13778,74,0
13779,72,0
13780,74,0
13781,74,0
13782,74,0
13783,74,0
13784,74,0
13785,74,0
13786,74,0
13787,76,0
13788,74,0
13789,74,0
13790,74,0
13791,74,0
13792,74,0
13793,74,0
13794,74,0
13795,74,0
13796,74,0
13797,74,0
13798,74,0
13799,74,0
13800,74,0
13801,74,0
13802,74,0
13803,74,0
13804,74,0
13805,74,0
13806,74,0
13807,74,0
13808,74,0
13809,74,0
13810,74,0
13811,74,0
13812,74,0
13813,74,0
13814,74,0
13815,74,0
13816,74,0
13817,74,0
13818,74,0
13819,74,0
13820,74,0
13821,74,0
13822,72,0
13823,74,0
13824,74,0
13825,74,0
13826,74,0
13827,76,0
13828,74,0
13829,72,0
13830,74,0
13831,74,0
13832,74,0
13833,74,0
13834,72,0
13835,74,0
13836,74,0
13837,74,0
13838,74,0
13839,72,0
13840,76,0
13841,74,0
13842,74,0
13843,76,0
13844,76,0
13845,78,0
13846,76,0
13847,74,0
13848,74,0
13849,74,0
13850,74,0
13851,78,0
13852,72,0
13853,74,0
13854,78,0
13855,76,0
13856,74,0
13857,76,0
13858,72,0
13859,74,0
13860,74,0
13861,74,0
13862,76,0
13863,78,0
13864,74,0
13865,74,0
13866,76,0
13867,74,0
13868,76,0
13869,76,0
13870,72,0
13871,72,0
13872,76,0
13873,76,0
13874,74,0
13875,76,0
13876,76,0
13877,74,0
13878,78,0
13879,76,0
13880,72,0
13881,72,0
13882,74,0
13883,74,0
13884,76,0
13885,72,0
13886,74,0
13887,76,0
13888,76,0
13889,76,0
13890,76,0
13891,74,0
13892,74,0
13893,72,0
13894,76,0
13895,74,0
13896,74,0
13897,74,0
13898,76,0
13899,76,0
13900,76,0
13901,74,0
13902,74,0
13903,74,0
13904,74,0
13905,76,0
13906,74,0
13907,74,0
13908,76,0
13909,76,0
13910,74,0
13911,74,0
13912,76,0
13913,76,0
13914,74,0
13915,72,0
13916,74,0
13917,76,0
13918,74,0
13919,76,0
13920,74,0
13921,72,0
13922,74,0
13923,74,0
13924,74,0
13925,76,0
13926,76,0
13927,74,0
13928,76,0
13929,74,0
13930,76,0
13931,76,0
13932,74,0
13933,74,0
13934,76,0
13935,74,0
13936,76,0
13937,74,0
13938,72,0
13939,76,0
13940,76,0
13941,74,0
13942,76,0
13943,74,0
13944,76,0
13945,76,0
13946,74,0
13947,74,0
13948,76,0
13949,74,0
13950,74,0
13951,76,0
13952,76,0
13953,74,0
13954,74,0
13955,76,0
13956,74,0
13957,76,0
13958,74,0
13959,76,0
13960,76,0
13961,76,0
13962,74,0
13963,76,0
13964,76,0
13965,74,0
13966,78,0
13967,76,0
13968,74,0
13969,78,0
13970,74,0
13971,76,0
13972,76,0
13973,76,0
13974,76,0
13975,78,0
13976,72,0
13977,74,0
13978,74,0
13979,74,0
13980,76,0
13981,76,0
13982,76,0
13983,76,0
13984,74,0
13985,74,0
13986,74,0
13987,74,0
13988,74,0
13989,76,0
13990,74,0
13991,76,0
13992,76,0
13993,72,0
13994,78,0
13995,74,0
13996,74,0
13997,74,0
13998,76,0
13999,72,0
14000,78,0
14001,74,0
14002,74,0
14003,74,0
14004,76,0
14005,74,0
14006,76,0
14007,72,0
14008,74,0
14009,76,0
14010,76,0
14011,74,0
14012,76,0
14013,72,0
14014,76,0
14015,76,0
14016,74,0
14017,74,0
14018,74,0
14019,74,0
14020,78,0
14021,72,0
14022,76,0
14023,74,0
14024,74,0
14025,72,0
14026,72,0
14027,70,0
14028,72,0
14029,76,0
14030,76,0
14031,74,0
14032,76,0
14033,76,0
14034,74,0
14035,76,0
14036,76,0
14037,72,0
14038,76,0
14039,76,0
14040,74,0
14041,76,0
14042,76,0
14043,74,0
14044,78,0
14045,74,0
14046,74,0
14047,74,0
14048,74,0
14049,76,0
14050,76,0
14051,72,0
14052,74,0
14053,74,0
14054,76,0
14055,74,0
14056,74,0
14057,74,0
14058,76,0
14059,74,0
14060,74,0
14061,76,0
14062,74,0
14063,76,0
14064,74,0
14065,76,0
14066,76,0
14067,74,0
14068,76,0
14069,74,0
14070,74,0
14071,76,0
14072,74,0
14073,72,0
14074,76,0
14075,76,0
14076,72,0
14077,74,0
14078,74,0
14079,74,0
14080,74,0
14081,74,0
14082,76,0
14083,76,0
14084,76,0
14085,76,0
14086,74,0
14087,74,0
14088,76,0
14089,76,0
14090,72,0
14091,76,0
14092,74,0
14093,76,0
14094,76,0
14095,74,0
14096,74,0
14097,76,0
14098,74,0
14099,76,0
14100,74,0
14101,74,0
14102,78,0
14103,76,0
14104,76,0
14105,70,0
14106,74,0
14107,76,0
14108,76,0
14109,74,0
14110,74,0
14111,76,0
14112,76,0
14113,76,0
14114,74,0
14115,74,0
14116,76,0
14117,74,0
14118,78,0
14119,74,0
14120,76,0
14121,74,0
14122,76,0
14123,72,0
14124,74,0
14125,76,0
14126,74,0
14127,74,0
14128,74,0
14129,74,0
14130,74,0
14131,76,0
14132,72,0
14133,74,0
14134,76,0
14135,78,0
14136,74,0
14137,76,0
14138,76,0
14139,74,0
14140,74,0
14141,74,0
14142,76,0
14143,76,0
14144,72,0
14145,74,0
14146,74,0
14147,76,0
14148,76,0
14149,76,0
14150,76,0
14151,74,0
14152,78,0
14153,74,0
14154,74,0
14155,78,0
14156,74,0
14157,74,0
14158,76,0
14159,76,0
14160,76,0
14161,74,0
14162,74,0
14163,76,0
14164,74,0
14165,74,0
14166,74,0
14167,74,0
14168,72,0
14169,72,0
14170,72,0
14171,76,0
14172,76,0
14173,74,0
14174,74,0
14175,76,0
14176,74,0
14177,72,0
14178,76,0
14179,74,0
14180,76,0
14181,76,0
14182,72,0
14183,74,0
14184,74,0
14185,74,0
14186,74,0
14187,72,0
14188,74,0
14189,72,0
14190,74,0
14191,74,0
14192,74,0
14193,76,0
14194,72,0
14195,74,0
14196,74,0
14197,76,0
14198,74,0
14199,74,0
14200,74,0
14201,74,0
14202,76,0
14203,76,0
14204,74,0
14205,76,0
14206,74,0
14207,74,0
14208,74,0
14209,74,0
14210,76,0
14211,74,0
14212,78,0
14213,76,0
14214,76,0
14215,76,0
14216,74,0
14217,76,0
14218,76,0
14219,74,0
14220,76,0
14221,76,0
14222,74,0
14223,76,0
14224,74,0
14225,74,0
14226,78,0
14227,76,0
14228,74,0
14229,76,0
14230,76,0
14231,74,0
14232,74,0
14233,76,0
14234,74,0
14235,74,0
14236,74,0
14237,74,0
14238,76,0
14239,76,0
14240,76,0
14241,74,0
14242,76,0
14243,76,0
14244,74,0
14245,74,0
14246,76,0
14247,76,0
14248,76,0
14249,76,0
14250,76,0
14251,76,0
14252,74,0
14253,76,0
14254,74,0
14255,76,0
14256,76,0
14257,74,0
14258,74,0
14259,76,0
14260,74,0
14261,76,0
14262,74,0
14263,76,0
14264,74,0
14265,74,0
14266,74,0
14267,74,0
14268,74,0
14269,74,0
14270,74,0
14271,74,0
14272,74,0
14273,76,0
14274,74,0
14275,74,0
14276,76,0
14277,74,0
14278,74,0
14279,76,0
14280,74,0
14281,76,0
14282,74,0
14283,74,0
14284,76,0
14285,76,0
14286,72,0
14287,76,0
14288,74,0
14289,78,0
14290,72,0
14291,76,0
14292,76,0
14293,76,0
14294,76,0
14295,76,0
14296,76,0
14297,72,0
14298,74,0
14299,72,0
14300,74,0
14301,76,0
14302,74,0
14303,74,0
14304,74,0
14305,74,0
14306,76,0
14307,74,0
14308,78,0
14309,72,0
14310,72,0
14311,76,0
14312,76,0
14313,74,0
14314,76,0
14315,76,0
14316,78,0
14317,74,0
14318,76,0
14319,74,0
14320,76,0
14321,74,0
14322,76,0
14323,78,0
14324,76,0
14325,78,0
14326,76,0
14327,74,0
14328,74,0
14329,74,0
14330,74,0
14331,76,0
14332,72,0
14333,74,0
14334,78,0
14335,70,0
14336,76,0
14337,76,0
14338,72,0
14339,76,0
14340,74,0
14341,74,0
14342,76,0
14343,74,0
14344,76,0
14345,74,0
14346,76,0
14347,74,0
14348,74,0
14349,76,0
14350,72,0
14351,74,0
14352,74,0
14353,74,0
14354,72,0
14355,74,0
14356,78,0
14357,74,0
14358,76,0
14359,74,0
14360,74,0
14361,76,0
14362,76,0
14363,74,0
14364,74,0
14365,78,0
14366,74,0
14367,74,0
14368,76,0
14369,72,0
14370,74,0
14371,74,0
14372,76,0
14373,78,0
14374,74,0
14375,76,0
14376,74,0
14377,76,0
14378,76,0
14379,76,0
14380,76,0
14381,74,0
14382,76,0
14383,72,0
14384,76,0
14385,76,0
14386,76,0
14387,76,0
14388,74,0
14389,76,0
14390,76,0
14391,76,0
14392,74,0
14393,74,0
14394,76,0
14395,74,0
14396,76,0
14397,74,0
14398,74,0
14399,74,0
14400,76,0
14401,74,0
14402,76,0
14403,76,0
14404,76,0
14405,76,0
14406,74,0
14407,74,0
14408,74,0
14409,74,0
14410,76,0
14411,82,0
14412,76,0
14413,76,0
14414,74,0
14415,76,0
14416,72,0
14417,76,0
14418,74,0
14419,74,0
14420,74,0
14421,74,0
14422,74,0
14423,76,0
14424,72,0
14425,76,0
14426,72,0
14427,76,0
14428,74,0
14429,78,0
14430,74,0
14431,76,0
14432,76,0
14433,76,0
14434,76,0
14435,74,0
14436,74,0
14437,76,0
14438,74,0
14439,72,0
14440,74,0
14441,74,0
14442,78,0
14443,76,0
14444,72,0
14445,74,0
14446,76,0
14447,74,0
14448,72,0
14449,72,0
14450,74,0
14451,76,0
14452,72,0
14453,76,0
14454,74,0
14455,74,0
14456,74,0
14457,72,0
14458,74,0
14459,76,0
14460,74,0
14461,76,0
14462,74,0
14463,76,0
14464,74,0
14465,74,0
14466,74,0
14467,74,0
14468,76,0
14469,72,0
14470,76,0
14471,74,0
14472,74,0
14473,76,0
14474,72,0
14475,74,0
14476,74,0
14477,76,0
14478,72,0
14479,76,0
14480,74,0
14481,74,0
14482,74,0
14483,74,0
14484,76,0
14485,76,0
14486,76,0
14487,76,0
14488,72,0
14489,76,0
14490,74,0
14491,76,0
14492,74,0
14493,74,0
14494,76,0
14495,76,0
14496,74,0
14497,74,0
14498,74,0
14499,74,0
14500,74,0
14501,76,0
14502,74,0
14503,74,0
14504,76,0
14505,76,0
14506,72,0
14507,74,0
14508,74,0
14509,74,0
14510,76,0
14511,76,0
14512,72,0
14513,74,0
14514,76,0
14515,76,0
14516,74,0
14517,76,0
14518,74,0
14519,76,0
14520,76,0
14521,76,0
14522,74,0
14523,76,0
14524,76,0
14525,76,0
14526,74,0
14527,74,0
14528,74,0
14529,76,0
14530,74,0
14531,76,0
14532,74,0
14533,76,0
14534,74,0
14535,74,0
14536,74,0
14537,76,0
14538,74,0
14539,76,0
14540,74,0
14541,78,0
14542,72,0
14543,76,0
14544,72,0
14545,76,0
14546,74,0
14547,76,0
14548,74,0
14549,76,0
14550,72,0
14551,76,0
14552,74,0
14553,76,0
14554,72,0
14555,72,0
14556,74,0
14557,76,0
14558,74,0
14559,76,0
14560,74,0
14561,74,0
14562,72,0
14563,74,0
14564,76,0
14565,76,0
14566,74,0
14567,76,0
14568,74,0
14569,72,0
14570,74,0
14571,76,0
14572,74,0
14573,76,0
14574,72,0
14575,74,0
14576,74,0
14577,74,0
14578,74,0
14579,74,0
14580,74,0
14581,76,0
14582,72,0
14583,76,0
14584,72,0
14585,76,0
14586,74,0
14587,76,0
14588,72,0
14589,74,0
14590,74,0
14591,76,0
14592,74,0
14593,76,0
14594,76,0
14595,78,0
14596,72,0
14597,76,0
14598,74,0
14599,76,0
14600,74,0
14601,76,0
14602,74,0
14603,74,0
14604,72,0
14605,76,0
14606,72,0
14607,76,0
14608,74,0
14609,72,0
14610,74,0
14611,74,0
14612,74,0
14613,76,0
14614,74,0
14615,76,0
14616,74,0
14617,76,0
14618,74,0
14619,76,0
14620,74,0
14621,74,0
14622,72,0
14623,76,0
14624,70,0
14625,76,0
14626,74,0
14627,76,0
14628,76,0
14629,76,0
14630,74,0
14631,74,0
14632,74,0
14633,74,0
14634,74,0
14635,76,0
14636,74,0
14637,76,0
14638,76,0
14639,76,0
14640,74,0
14641,74,0
14642,72,0
14643,74,0
14644,76,0
14645,76,0
14646,74,0
14647,76,0
14648,74,0
14649,74,0
14650,76,0
14651,72,0
14652,74,0
14653,76,0
14654,74,0
14655,76,0
14656,74,0
14657,78,0
14658,74,0
14659,76,0
14660,74,0
14661,76,0
14662,74,0
14663,76,0
14664,74,0
14665,76,0
14666,76,0
14667,76,0
14668,74,0
14669,74,0
14670,74,0
14671,74,0
14672,74,0
14673,76,0
14674,74,0
14675,74,0
14676,74,0
14677,74,0
14678,74,0
14679,74,0
14680,74,0
14681,74,0
14682,74,0
14683,74,0
14684,74,0
14685,74,0
14686,76,0
14687,74,0
14688,74,0
14689,74,0
14690,74,0
14691,74,0
14692,74,0
14693,74,0
14694,74,0
14695,74,0
14696,76,0
14697,72,0
14698,74,0
14699,74,0
14700,76,0
14701,74,0
14702,74,0
14703,76,0
14704,74,0
14705,76,0
14706,74,0
14707,76,0
14708,76,0
14709,76,0
14710,74,0
14711,74,0
14712,76,0
14713,74,0
14714,76,0
14715,74,0
14716,72,0
14717,74,0
14718,76,0
14719,74,0
14720,74,0
14721,74,0
14722,76,0
14723,72,0
14724,76,0
14725,72,0
14726,76,0
14727,72,0
14728,76,0
14729,74,0
14730,76,0
14731,74,0
14732,76,0
14733,74,0
14734,72,0
14735,74,0
14736,78,0
14737,74,0
14738,74,0
14739,74,0
14740,72,0
14741,74,0
14742,74,0
14743,76,0
14744,74,0
14745,76,0
14746,74,0
14747,76,0
14748,76,0
14749,76,0
14750,74,0
14751,72,0
14752,74,0
14753,78,0
14754,76,0
14755,78,0
14756,74,0
14757,76,0
14758,74,0
14759,76,0
14760,76,0
14761,78,0
14762,72,0
14763,76,0
14764,74,0
14765,76,0
14766,74,0
14767,76,0
14768,74,0
14769,74,0
14770,74,0
14771,74,0
14772,74,0
14773,76,0
14774,74,0
14775,74,0
14776,74,0
14777,72,0
14778,74,0
14779,76,0
14780,76,0
14781,76,0
14782,76,0
14783,76,0
14784,74,0
14785,74,0
14786,74,0
14787,76,0
14788,76,0
14789,72,0
14790,78,0
14791,78,0
14792,76,0
14793,76,0
14794,76,0
14795,74,0
14796,74,0
14797,76,0
14798,76,0
14799,74,0
14800,74,0
14801,74,0
14802,76,0
14803,78,0
14804,76,0
14805,74,0
14806,74,0
14807,74,0
14808,74,0
14809,76,0
14810,74,0
14811,74,0
14812,74,0
14813,76,0
14814,76,0
14815,76,0
14816,74,0
14817,76,0
14818,72,0
14819,76,0
14820,74,0
14821,76,0
14822,76,0
14823,76,0
14824,74,0
14825,74,0
14826,74,0
14827,76,0
14828,76,0
14829,76,0
14830,74,0
14831,76,0
14832,74,0
14833,76,0
14834,74,0
14835,76,0
14836,74,0
14837,74,0
14838,74,0
14839,74,0
14840,76,0
14841,76,0
14842,74,0
14843,76,0
14844,72,0
14845,76,0
14846,74,0
14847,76,0
14848,74,0
14849,76,0
14850,74,0
14851,74,0
14852,74,0
14853,76,0
14854,76,0
14855,76,0
14856,74,0
14857,76,0
14858,74,0
14859,74,0
14860,76,0
14861,76,0
14862,74,0
14863,74,0
14864,72,0
14865,76,0
14866,74,0
14867,76,0
14868,72,0
14869,78,0
14870,74,0
14871,76,0
14872,74,0
14873,74,0
14874,76,0
14875,74,0
14876,72,0
14877,74,0
14878,74,0
14879,74,0
14880,72,0
14881,72,0
14882,74,0
14883,74,0
14884,72,0
14885,74,0
14886,74,0
14887,74,0
14888,72,0
14889,72,0
14890,72,0
14891,74,0
14892,74,0
14893,74,0
14894,74,0
14895,74,0
14896,74,0
14897,76,0
14898,72,0
14899,74,0
14900,72,0
14901,74,0
14902,72,0
14903,72,0
14904,76,0
14905,76,0
14906,74,0
14907,76,0
14908,74,0
14909,74,0
14910,74,0
14911,74,0
14912,72,0
14913,74,0
14914,76,0
14915,72,0
14916,72,0
14917,74,0
14918,74,0
14919,76,0
14920,74,0
14921,74,0
14922,76,0
14923,74,0
14924,74,0
14925,74,0
14926,74,0
14927,74,0
14928,72,0
14929,76,0
14930,76,0
14931,74,0
14932,74,0
14933,76,0
14934,74,0
14935,74,0
14936,74,0
14937,76,0
14938,74,0
14939,76,0
14940,74,0
14941,76,0
14942,74,0
14943,76,0
14944,74,0
14945,76,0
14946,74,0
14947,76,0
14948,74,0
14949,74,0
14950,74,0
14951,74,0
14952,76,0
14953,76,0
14954,74,0
14955,76,0
14956,76,0
14957,74,0
14958,74,0
14959,76,0
14960,76,0
14961,76,0
14962,74,0
14963,74,0
14964,76,0
14965,76,0
14966,74,0
14967,76,0
14968,76,0
14969,76,0
14970,74,0
14971,76,0
14972,76,0
14973,76,0
14974,74,0
14975,76,0
14976,76,0
14977,76,0
14978,74,0
14979,76,0
14980,72,0
14981,76,0
14982,74,0
14983,76,0
14984,72,0
14985,74,0
14986,74,0
14987,74,0
14988,76,0
14989,74,0
14990,74,0
14991,74,0
14992,74,0
14993,74,0
14994,74,0
14995,74,0
14996,74,0
14997,76,0
14998,74,0
14999,74,0
15000,74,0
15001,74,0
15002,74,0
15003,72,0
15004,72,0
15005,74,0
15006,74,0
15007,74,0
15008,74,0
15009,74,0
15010,74,0
15011,72,0
15012,76,0
15013,76,0
15014,76,0
15015,76,0
15016,72,0
15017,76,0
15018,76,0
15019,76,0
15020,76,0
15021,74,0
15022,76,0
15023,74,0
15024,72,0
15025,76,0
15026,76,0
15027,74,0
15028,76,0
15029,74,0
15030,76,0
15031,74,0
15032,76,0
15033,76,0
15034,74,0
15035,74,0
15036,76,0
15037,76,0
15038,74,0
15039,72,0
15040,76,0
15041,74,0
15042,72,0
15043,72,0
15044,72,0
15045,76,0
15046,72,0
15047,74,0
15048,74,0
15049,74,0
15050,76,0
15051,76,0
15052,76,0
15053,76,0
15054,74,0
15055,76,0
15056,74,0
15057,76,0
15058,74,0
15059,76,0
15060,70,0
15061,74,0
15062,74,0
15063,76,0
15064,74,0
15065,74,0
15066,74,0
15067,78,0
15068,72,0
15069,76,0
15070,72,0
15071,76,0
15072,72,0
15073,76,0
15074,72,0
15075,76,0
15076,72,0
15077,76,0
15078,74,0
15079,76,0
15080,74,0
15081,76,0
15082,74,0
15083,74,0
15084,76,0
15085,74,0
15086,76,0
15087,76,0
15088,74,0
15089,74,0
15090,76,0
15091,76,0
15092,74,0
15093,74,0
15094,76,0
15095,76,0
15096,74,0
15097,74,0
15098,74,0
15099,76,0
15100,74,0
15101,74,0
15102,76,0
15103,76,0
15104,74,0
15105,72,0
15106,76,0
15107,74,0
15108,74,0
15109,74,0
15110,76,0
15111,74,0
15112,74,0
15113,76,0
15114,74,0
15115,76,0
15116,74,0
15117,76,0
15118,74,0
15119,74,0
15120,74,0
15121,76,0
15122,74,0
15123,76,0
15124,74,0
15125,76,0
15126,74,0
15127,76,0
15128,76,0
15129,76,0
15130,74,0
15131,76,0
15132,76,0
15133,76,0
15134,74,0
15135,76,0
15136,74,0
15137,74,0
15138,74,0
15139,74,0
15140,74,0
15141,74,0
15142,74,0
15143,76,0
15144,72,0
15145,76,0
15146,74,0
15147,78,0
15148,72,0
15149,76,0
15150,74,0
15151,74,0
15152,74,0
15153,74,0
15154,74,0
15155,72,0
15156,82,0
15157,72,0
15158,74,0
15159,76,0
15160,74,0
15161,74,0
15162,76,0
15163,72,0
15164,74,0
15165,74,0
15166,74,0
15167,76,0
15168,74,0
15169,72,0
15170,74,0
15171,74,0
15172,74,0
15173,76,0
15174,74,0
15175,76,0
15176,74,0
15177,76,0
15178,74,0
15179,74,0
15180,72,0
15181,76,0
15182,74,0
15183,74,0
15184,72,0
15185,76,0
15186,70,0
15187,74,0
15188,76,0
15189,76,0
15190,74,0
15191,74,0
15192,72,0
15193,76,0
15194,74,0
15195,78,0
15196,76,0
15197,78,0
15198,70,0
15199,76,0
15200,72,0
15201,76,0
15202,74,0
15203,74,0
15204,74,0
15205,76,0
15206,76,0
15207,74,0
15208,76,0
15209,76,0
15210,76,0
15211,74,0
15212,76,0
15213,76,0
15214,76,0
15215,76,0
15216,76,0
15217,74,0
15218,74,0
15219,76,0
15220,74,0
15221,74,0
15222,74,0
15223,74,0
15224,74,0
15225,74,0
15226,74,0
15227,76,0
15228,76,0
15229,74,0
15230,74,0
15231,74,0
15232,76,0
15233,74,0
15234,74,0
15235,76,0
15236,76,0
15237,74,0
15238,76,0
15239,74,0
15240,76,0
15241,76,0
15242,76,0
15243,76,0
15244,76,0
15245,74,0
15246,76,0
15247,74,0
15248,74,0
15249,76,0
15250,74,0
15251,74,0
15252,74,0
15253,74,0
15254,76,0
15255,70,0
15256,76,0
15257,76,0
15258,76,0
15259,74,0
15260,76,0
15261,76,0
15262,76,0
15263,76,0
15264,76,0
15265,76,0
15266,76,0
15267,74,0
15268,76,0
15269,76,0
15270,76,0
15271,76,0
15272,76,0
15273,76,0
15274,76,0
15275,76,0
15276,76,0
15277,74,0
15278,76,0
15279,76,0
15280,76,0
15281,74,0
15282,74,0
15283,74,0
15284,74,0
15285,76,0
15286,76,0
15287,74,0
15288,74,0
15289,74,0
15290,74,0
15291,78,0
15292,76,0
15293,76,0
15294,76,0
15295,76,0
15296,76,0
15297,76,0
15298,74,0
15299,76,0
15300,74,0
15301,74,0
15302,74,0
15303,76,0
15304,72,0
15305,76,0
15306,76,0
15307,74,0
15308,74,0
15309,72,0
15310,76,0
15311,74,0
15312,76,0
15313,76,0
15314,76,0
15315,76,0
15316,76,0
15317,76,0
15318,78,0
15319,76,0
15320,76,0
15321,74,0
15322,74,0
15323,74,0
15324,74,0
15325,76,0
15326,76,0
15327,78,0
15328,78,0
15329,78,0
15330,74,0
15331,76,0
15332,76,0
15333,76,0
15334,76,0
15335,76,0
15336,76,0
15337,74,0
15338,76,0
15339,78,0
15340,72,0
15341,74,0
15342,76,0
15343,76,0
15344,74,0
15345,76,0
15346,76,0
15347,76,0
15348,78,0
15349,76,0
15350,74,0
15351,76,0
15352,76,0
15353,78,0
15354,74,0
15355,74,0
15356,76,0
15357,72,0
15358,78,0
15359,74,0
15360,76,0
15361,76,0
15362,76,0
15363,76,0
15364,76,0
15365,76,0
15366,74,0
15367,74,0
15368,76,0
15369,78,0
15370,76,0
15371,74,0
15372,74,0
15373,76,0
15374,76,0
15375,76,0
15376,76,0
15377,76,0
15378,74,0
15379,72,0
15380,76,0
15381,76,0
15382,74,0
15383,78,0
15384,76,0
15385,74,0
15386,76,0
15387,78,0
15388,76,0
15389,76,0
15390,76,0
15391,76,0
15392,74,0
15393,74,0
15394,76,0
15395,76,0
15396,74,0
15397,76,0
15398,76,0
15399,76,0
15400,76,0
15401,76,0
15402,76,0
15403,74,0
15404,76,0
15405,76,0
15406,76,0
15407,76,0
15408,76,0
15409,76,0
15410,74,0
15411,76,0
15412,72,0
15413,76,0
15414,76,0
15415,76,0
15416,76,0
15417,76,0
15418,76,0
15419,76,0
15420,76,0
15421,78,0
15422,76,0
15423,76,0
15424,76,0
15425,76,0
15426,74,0
15427,76,0
15428,74,0
15429,76,0
15430,74,0
15431,76,0
15432,76,0
15433,74,0
15434,76,0
15435,74,0
15436,76,0
15437,76,0
15438,72,0
15439,74,0
15440,76,0
15441,76,0
15442,76,0
15443,76,0
15444,74,0
15445,72,0
15446,74,0
15447,76,0
15448,76,0
15449,74,0
15450,76,0
15451,76,0
15452,74,0
15453,76,0
15454,74,0
15455,76,0
15456,74,0
15457,76,0
15458,78,0
15459,76,0
15460,76,0
15461,74,0
15462,76,0
15463,76,0
15464,74,0
15465,72,0
15466,74,0
15467,76,0
15468,76,0
15469,76,0
15470,76,0
15471,76,0
15472,76,0
15473,76,0
15474,74,0
15475,74,0
15476,74,0
15477,74,0
15478,74,0
15479,76,0
15480,76,0
15481,76,0
15482,74,0
15483,76,0
15484,76,0
15485,74,0
15486,74,0
15487,76,0
15488,76,0
15489,76,0
15490,74,0
15491,74,0
15492,74,0
15493,76,0
15494,76,0
15495,76,0
15496,76,0
15497,74,0
15498,76,0
15499,76,0
15500,76,0
15501,76,0
15502,76,0
15503,76,0
15504,76,0
15505,76,0
15506,76,0
15507,72,0
15508,78,0
15509,74,0
15510,76,0
15511,74,0
15512,76,0
15513,78,0
15514,76,0
15515,74,0
15516,72,0
15517,76,0
15518,76,0
15519,76,0
15520,76,0
15521,76,0
15522,74,0
15523,76,0
15524,78,0
15525,74,0
15526,76,0
15527,76,0
15528,76,0
15529,76,0
15530,76,0
15531,76,0
15532,76,0
15533,76,0
15534,74,0
15535,76,0
15536,76,0
15537,76,0
15538,76,0
15539,76,0
15540,74,0
15541,76,0
15542,76,0
15543,76,0
15544,76,0
15545,78,0
15546,74,0
15547,76,0
15548,76,0
15549,76,0
15550,76,0
15551,76,0
15552,74,0
15553,76,0
15554,76,0
15555,76,0
15556,76,0
15557,76,0
15558,76,0
15559,76,0
15560,76,0
15561,74,0
15562,76,0
15563,76,0
15564,76,0
15565,78,0
15566,76,0
15567,76,0
15568,76,0
15569,76,0
15570,76,0
15571,76,0
15572,74,0
15573,76,0
15574,76,0
15575,72,0
15576,76,0
15577,74,0
15578,76,0
15579,76,0
15580,76,0
15581,76,0
15582,76,0
15583,76,0
15584,78,0
15585,78,0
15586,74,0
15587,74,0
15588,74,0
15589,74,0
15590,76,0
15591,76,0
15592,74,0
15593,76,0
15594,74,0
15595,74,0
15596,76,0
15597,74,0
15598,76,0
15599,76,0
15600,76,0
15601,76,0
15602,76,0
15603,74,0
15604,74,0
15605,74,0
15606,76,0
15607,76,0
15608,72,0
15609,76,0
15610,76,0
15611,72,0
15612,76,0
15613,76,0
15614,74,0
15615,76,0
15616,76,0
15617,74,0
15618,74,0
15619,76,0
15620,76,0
15621,72,0
15622,72,0
15623,76,0
15624,74,0
15625,74,0
15626,74,0
15627,74,0
15628,74,0
15629,76,0
15630,74,0
15631,76,0
15632,76,0
15633,76,0
15634,76,0
15635,76,0
15636,74,0
15637,74,0
15638,72,0
15639,76,0
15640,76,0
15641,74,0
15642,74,0
15643,72,0
15644,74,0
15645,76,0
15646,78,0
15647,72,0
15648,74,0
15649,72,0
15650,74,0
15651,74,0
15652,74,0
15653,76,0
15654,76,0
15655,76,0
15656,74,0
15657,72,0
15658,76,0
15659,76,0
15660,74,0
15661,72,0
15662,74,0
15663,74,0
15664,74,0
15665,76,0
15666,74,0
15667,74,0
15668,76,0
15669,74,0
15670,74,0
15671,74,0
15672,76,0
15673,76,0
15674,72,0
15675,72,0
15676,76,0
15677,76,0
15678,74,0
15679,74,0
15680,76,0
15681,76,0
15682,76,0
15683,76,0
15684,76,0
15685,78,0
15686,76,0
15687,76,0
15688,76,0
15689,76,0
15690,76,0
15691,76,0
15692,76,0
15693,74,0
15694,76,0
15695,76,0
15696,76,0
15697,76,0
15698,76,0
15699,76,0
15700,76,0
15701,76,0
15702,76,0
15703,76,0
15704,74,0
15705,76,0
15706,74,0
15707,76,0
15708,74,0
15709,74,0
15710,76,0
15711,74,0
15712,74,0
15713,72,0
15714,74,0
15715,74,0
15716,74,0
15717,76,0
15718,76,0
15719,74,0
15720,74,0
15721,76,0
15722,74,0
15723,74,0
15724,74,0
15725,72,0
15726,74,0
15727,74,0
15728,74,0
15729,76,0
15730,74,0
15731,74,0
15732,74,0
15733,76,0
15734,76,0
15735,72,0
15736,76,0
15737,76,0
15738,72,0
15739,74,0
15740,72,0
15741,74,0
15742,78,0
15743,74,0
15744,74,0
15745,74,0
15746,72,0
15747,76,0
15748,76,0
15749,74,0
15750,72,0
15751,74,0
15752,74,0
15753,74,0
15754,78,0
15755,76,0
15756,74,0
15757,76,0
15758,74,0
15759,76,0
15760,74,0
15761,74,0
15762,74,0
15763,76,0
15764,74,0
15765,76,0
15766,72,0
15767,76,0
15768,74,0
15769,74,0
15770,74,0
15771,74,0
15772,76,0
15773,76,0
15774,76,0
15775,74,0
15776,74,0
15777,72,0
15778,74,0
15779,74,0
15780,72,0
15781,76,0
15782,74,0
15783,74,0
15784,76,0
15785,78,0
15786,74,0
15787,74,0
15788,72,0
15789,74,0
15790,74,0
15791,74,0
15792,74,0
15793,76,0
15794,74,0
15795,72,0
15796,76,0
15797,74,0
15798,74,0
15799,76,0
15800,74,0
15801,76,0
15802,74,0
15803,76,0
15804,72,0
15805,76,0
15806,74,0
15807,78,0
15808,76,0
15809,74,0
15810,74,0
15811,76,0
15812,74,0
15813,76,0
15814,74,0
15815,76,0
15816,76,0
15817,76,0
15818,74,0
15819,74,0
15820,74,0
15821,74,0
15822,76,0
15823,72,0
15824,72,0
15825,72,0
15826,74,0
15827,74,0
15828,76,0
15829,76,0
15830,74,0
15831,76,0
15832,74,0
15833,74,0
15834,74,0
15835,74,0
15836,76,0
15837,74,0
15838,74,0
15839,76,0
15840,76,0
15841,74,0
15842,74,0
15843,74,0
15844,72,0
15845,76,0
15846,74,0
15847,74,0
15848,74,0
15849,74,0
15850,74,0
15851,76,0
15852,76,0
15853,76,0
15854,74,0
15855,76,0
15856,74,0
15857,74,0
15858,70,0
15859,76,0
15860,74,0
15861,76,0
15862,74,0
15863,76,0
15864,74,0
15865,76,0
15866,74,0
15867,76,0
15868,74,0
15869,76,0
15870,76,0
15871,74,0
15872,76,0
15873,74,0
15874,74,0
15875,76,0
15876,74,0
15877,76,0
15878,78,0
15879,74,0
15880,74,0
15881,76,0
15882,76,0
15883,74,0
15884,74,0
15885,74,0
15886,74,0
15887,76,0
15888,76,0
15889,74,0
15890,74,0
15891,74,0
15892,74,0
15893,74,0
15894,74,0
15895,74,0
15896,74,0
15897,74,0
15898,76,0
15899,74,0
15900,74,0
15901,84,0
15902,72,0
15903,72,0
15904,74,0
15905,76,0
15906,76,0
15907,74,0
15908,74,0
15909,76,0
15910,76,0
15911,74,0
15912,74,0
15913,74,0
15914,74,0
15915,76,0
15916,74,0
15917,74,0
15918,74,0
15919,76,0
15920,76,0
15921,72,0
15922,72,0
15923,72,0
15924,74,0
15925,74,0
15926,74,0
15927,76,0
15928,74,0
15929,74,0
15930,78,0
15931,74,0
15932,76,0
15933,74,0
15934,76,0
15935,76,0
15936,76,0
15937,78,0
15938,74,0
15939,74,0
15940,76,0
15941,76,0
15942,76,0
15943,76,0
15944,72,0
15945,78,0
15946,74,0
15947,76,0
15948,74,0
15949,76,0
15950,74,0
15951,78,0
15952,76,0
15953,74,0
15954,74,0
15955,76,0
15956,76,0
15957,76,0
15958,76,0
15959,78,0
15960,78,0
15961,74,0
15962,76,0
15963,74,0
15964,76,0
15965,74,0
15966,74,0
15967,74,0
15968,74,0
15969,74,0
15970,76,0
15971,74,0
15972,76,0
15973,74,0
15974,76,0
15975,74,0
15976,76,0
15977,74,0
15978,74,0
15979,76,0
15980,74,0
15981,74,0
15982,76,0
15983,74,0
15984,76,0
15985,74,0
15986,76,0
15987,74,0
15988,76,0
15989,76,0
15990,76,0
15991,74,0
15992,74,0
15993,76,0
15994,76,0
15995,74,0
15996,74,0
15997,74,0
15998,76,0
15999,76,0
16000,76,0
16001,76,0
16002,76,0
16003,74,0
16004,76,0
16005,76,0
16006,76,0
16007,72,0
16008,74,0
16009,74,0
16010,76,0
16011,76,0
16012,74,0
16013,74,0
16014,74,0
16015,76,0
16016,76,0
16017,76,0
16018,74,0
16019,74,0
16020,76,0
16021,74,0
16022,74,0
16023,74,0
16024,76,0
16025,76,0
16026,74,0
16027,74,0
16028,76,0
16029,74,0
16030,76,0
16031,76,0
16032,74,0
16033,76,0
16034,74,0
16035,78,0
16036,76,0
16037,76,0
16038,74,0
16039,74,0
16040,74,0
16041,74,0
16042,76,0
16043,76,0
16044,74,0
16045,76,0
16046,76,0
16047,74,0
16048,74,0
16049,76,0
16050,78,0
16051,72,0
16052,74,0
16053,76,0
16054,76,0
16055,76,0
16056,74,0
16057,76,0
16058,74,0
16059,78,0
16060,78,0
16061,74,0
16062,74,0
16063,74,0
16064,74,0
16065,76,0
16066,76,0
16067,76,0
16068,78,0
16069,78,0
16070,74,0
16071,72,0
16072,78,0
16073,72,0
16074,74,0
16075,74,0
16076,74,0
16077,74,0
16078,76,0
16079,76,0
16080,74,0
16081,76,0
16082,74,0
16083,72,0
16084,74,0
16085,76,0
16086,76,0
16087,74,0
16088,74,0
16089,74,0
16090,76,0
16091,74,0
16092,74,0
16093,76,0
16094,74,0
16095,76,0
16096,74,0
16097,76,0
16098,74,0
16099,74,0
16100,74,0
16101,76,0
16102,76,0
16103,74,0
16104,76,0
16105,74,0
16106,76,0
16107,76,0
16108,76,0
16109,74,0
16110,74,0
16111,74,0
16112,76,0
16113,76,0
16114,74,0
16115,74,0
16116,74,0
16117,72,0
16118,74,0
16119,76,0
16120,74,0
16121,76,0
16122,74,0
16123,74,0
16124,76,0
16125,76,0
16126,74,0
16127,76,0
16128,76,0
16129,74,0
16130,76,0
16131,76,0
16132,74,0
16133,76,0
16134,74,0
16135,76,0
16136,76,0
16137,76,0
16138,74,0
16139,74,0
16140,74,0
16141,74,0
16142,76,0
16143,74,0
16144,74,0
16145,74,0
16146,76,0
16147,74,0
16148,72,0
16149,74,0
16150,76,0
16151,74,0
16152,74,0
16153,74,0
16154,74,0
16155,76,0
16156,76,0
16157,76,0
16158,74,0
16159,76,0
16160,74,0
16161,74,0
16162,74,0
16163,72,0
16164,76,0
16165,76,0
16166,74,0
16167,74,0
16168,74,0
16169,76,0
16170,76,0
16171,78,0
16172,74,0
16173,76,0
16174,74,0
16175,76,0
16176,74,0
16177,74,0
16178,76,0
16179,78,0
16180,76,0
16181,76,0
16182,74,0
16183,74,0
16184,74,0
16185,76,0
16186,76,0
16187,76,0
16188,74,0
16189,72,0
16190,76,0
16191,74,0
16192,74,0
16193,74,0
16194,74,0
16195,74,0
16196,76,0
16197,74,0
16198,76,0
16199,74,0
16200,76,0
16201,76,0
16202,72,0
16203,74,0
16204,76,0
16205,74,0
16206,74,0
16207,72,0
16208,72,0
16209,74,0
16210,74,0
16211,76,0
16212,74,0
16213,76,0
16214,74,0
16215,74,0
16216,74,0
16217,76,0
16218,74,0
16219,76,0
16220,74,0
16221,76,0
16222,76,0
16223,76,0
16224,72,0
16225,76,0
16226,74,0
16227,76,0
16228,74,0
16229,72,0
16230,74,0
16231,76,0
16232,74,0
16233,78,0
16234,76,0
16235,76,0
16236,76,0
16237,74,0
16238,74,0
16239,74,0
16240,76,0
16241,76,0
16242,76,0
16243,76,0
16244,76,0
16245,76,0
16246,76,0
16247,74,0
16248,74,0
16249,74,0
16250,76,0
16251,74,0
16252,78,0
16253,74,0
16254,78,0
16255,76,0
16256,76,0
16257,72,0
16258,76,0
16259,74,0
16260,76,0
16261,76,0
16262,76,0
16263,72,0
16264,76,0
16265,76,0
16266,74,0
16267,74,0
16268,74,0
16269,78,0
16270,74,0
16271,76,0
16272,74,0
16273,74,0
16274,76,0
16275,74,0
16276,76,0
16277,74,0
16278,76,0
16279,74,0
16280,76,0
16281,76,0
16282,74,0
16283,74,0
16284,74,0
16285,76,0
16286,76,0
16287,76,0
16288,74,0
16289,74,0
16290,74,0
16291,76,0
16292,76,0
16293,76,0
16294,74,0
16295,76,0
16296,74,0
16297,76,0
16298,76,0
16299,74,0
16300,74,0
16301,74,0
16302,74,0
16303,76,0
16304,76,0
16305,76,0
16306,74,0
16307,76,0
16308,74,0
16309,76,0
16310,74,0
16311,76,0
16312,72,0
16313,76,0
16314,74,0
16315,74,0
16316,74,0
16317,76,0
16318,74,0
16319,76,0
16320,76,0
16321,76,0
16322,78,0
16323,74,0
16324,76,0
16325,76,0
16326,76,0
16327,72,0
16328,76,0
16329,76,0
16330,74,0
16331,74,0
16332,76,0
16333,76,0
16334,74,0
16335,78,0
16336,74,0
16337,76,0
16338,74,0
16339,74,0
16340,74,0
16341,76,0
16342,74,0
16343,76,0
16344,74,0
16345,76,0
16346,74,0
16347,74,0
16348,74,0
16349,76,0
16350,76,0
16351,76,0
16352,74,0
16353,76,0
16354,74,0
16355,76,0
16356,74,0
16357,74,0
16358,76,0
16359,74,0
16360,74,0
16361,74,0
16362,74,0
16363,76,0
16364,78,0
16365,76,0
16366,78,0
16367,74,0
16368,76,0
16369,74,0
16370,76,0
16371,74,0
16372,78,0
16373,74,0
16374,74,0
16375,76,0
16376,74,0
16377,76,0
16378,74,0
16379,76,0
16380,72,0
16381,72,0
16382,76,0
16383,72,0
16384,76,0
16385,72,0
16386,76,0
16387,76,0
16388,74,0
16389,74,0
16390,74,0
16391,76,0
16392,72,0
16393,76,0
16394,76,0
16395,74,0
16396,74,0
16397,76,0
16398,74,0
16399,76,0
16400,74,0
16401,76,0
16402,74,0
16403,76,0
16404,74,0
16405,76,0
16406,74,0
16407,76,0
16408,74,0
16409,76,0
16410,76,0
16411,72,0
16412,76,0
16413,76,0
16414,74,0
16415,74,0
16416,74,0
16417,76,0
16418,76,0
16419,74,0
16420,76,0
16421,76,0
16422,76,0
16423,74,0
16424,74,0
16425,74,0
16426,74,0
16427,74,0
16428,74,0
16429,76,0
16430,76,0
16431,76,0
16432,76,0
16433,74,0
16434,76,0
16435,76,0
16436,76,0
16437,74,0
16438,76,0
16439,74,0
16440,76,0
16441,74,0
16442,74,0
16443,74,0
16444,76,0
16445,74,0
16446,76,0
16447,74,0
16448,76,0
16449,76,0
16450,74,0
16451,74,0
16452,74,0
16453,76,0
16454,78,0
16455,76,0
16456,74,0
16457,76,0
16458,76,0
16459,74,0
16460,76,0
16461,74,0
16462,76,0
16463,74,0
16464,76,0
16465,74,0
16466,74,0
16467,74,0
16468,74,0
16469,74,0
16470,74,0
16471,74,0
16472,70,0
16473,74,0
16474,74,0
16475,74,0
16476,74,0
16477,76,0
16478,74,0
16479,74,0
16480,76,0
16481,76,0
16482,74,0
16483,76,0
16484,74,0
16485,76,0
16486,74,0
16487,72,0
16488,74,0
16489,76,0
16490,74,0
16491,74,0
16492,74,0
16493,76,0
16494,74,0
16495,76,0
16496,74,0
16497,74,0
16498,76,0
16499,74,0
16500,76,0
16501,78,0
16502,74,0
16503,74,0
16504,72,0
16505,74,0
16506,74,0
16507,74,0
16508,74,0
16509,72,0
16510,74,0
16511,72,0
16512,74,0
16513,76,0
16514,74,0
16515,76,0
16516,72,0
16517,74,0
16518,74,0
16519,76,0
16520,74,0
16521,76,0
16522,74,0
16523,76,0
16524,74,0
16525,72,0
16526,74,0
16527,76,0
16528,74,0
16529,76,0
16530,76,0
16531,74,0
16532,74,0
16533,74,0
16534,76,0
16535,74,0
16536,74,0
16537,74,0
16538,76,0
16539,72,0
16540,76,0
16541,74,0
16542,76,0
16543,74,0
16544,76,0
16545,74,0
16546,74,0
16547,76,0
16548,76,0
16549,74,0
16550,76,0
16551,76,0
16552,76,0
16553,74,0
16554,74,0
16555,76,0
16556,74,0
16557,74,0
16558,76,0
16559,74,0
16560,74,0
16561,72,0
16562,76,0
16563,74,0
16564,78,0
16565,76,0
16566,74,0
16567,74,0
16568,76,0
16569,76,0
16570,76,0
16571,74,0
16572,76,0
16573,74,0
16574,74,0
16575,76,0
16576,76,0
16577,74,0
16578,76,0
16579,74,0
16580,74,0
16581,76,0
16582,74,0
16583,76,0
16584,74,0
16585,72,0
16586,74,0
16587,74,0
16588,76,0
16589,76,0
16590,74,0
16591,76,0
16592,74,0
16593,74,0
16594,76,0
16595,76,0
16596,74,0
16597,76,0
16598,72,0
16599,76,0
16600,74,0
16601,74,0
16602,76,0
16603,76,0
16604,76,0
16605,76,0
16606,76,0
16607,74,0
16608,74,0
16609,76,0
16610,74,0
16611,76,0
16612,76,0
16613,74,0
16614,76,0
16615,74,0
16616,76,0
16617,74,0
16618,76,0
16619,74,0
16620,76,0
16621,74,0
16622,76,0
16623,72,0
16624,76,0
16625,74,0
16626,76,0
16627,74,0
16628,74,0
16629,72,0
16630,76,0
16631,74,0
16632,76,0
16633,74,0
16634,76,0
16635,76,0
16636,76,0
16637,74,0
16638,74,0
16639,74,0
16640,74,0
16641,74,0
16642,74,0
16643,76,0
16644,74,0
16645,76,0
16646,82,0
16647,76,0
16648,74,0
16649,74,0
16650,76,0
16651,74,0
16652,74,0
16653,76,0
16654,72,0
16655,76,0
16656,76,0
16657,74,0
16658,74,0
16659,74,0
16660,74,0
16661,74,0
16662,76,0
16663,74,0
16664,76,0
16665,74,0
16666,72,0
16667,74,0
16668,74,0
16669,74,0
16670,74,0
16671,74,0
16672,74,0
16673,74,0
16674,74,0
16675,76,0
16676,76,0
16677,74,0
16678,74,0
16679,74,0
16680,74,0
16681,76,0
16682,76,0
16683,76,0
16684,70,0
16685,74,0
16686,74,0
16687,76,0
16688,74,0
16689,76,0
16690,74,0
16691,74,0
16692,72,0
16693,74,0
16694,74,0
16695,74,0
16696,74,0
16697,74,0
16698,74,0
16699,74,0
16700,74,0
16701,74,0
16702,76,0
16703,74,0
16704,74,0
16705,74,0
16706,74,0
16707,76,0
16708,72,0
16709,74,0
16710,74,0
16711,76,0
16712,74,0
16713,74,0
16714,74,0
16715,76,0
16716,78,0
16717,74,0
16718,74,0
16719,74,0
16720,76,0
16721,74,0
16722,74,0
16723,74,0
16724,74,0
16725,74,0
16726,74,0
16727,74,0
16728,74,0
16729,74,0
16730,74,0
16731,74,0
16732,74,0
16733,76,0
16734,74,0
16735,74,0
16736,76,0
16737,72,0
16738,74,0
16739,74,0
16740,74,0
16741,74,0
16742,74,0
16743,76,0
16744,74,0
16745,72,0
16746,72,0
16747,70,0
16748,72,0
16749,74,0
16750,74,0
16751,74,0
16752,74,0
16753,74,0
16754,72,0
16755,76,0
16756,74,0
16757,74,0
16758,72,0
16759,74,0
16760,74,0
16761,74,0
16762,74,0
16763,76,0
16764,74,0
16765,74,0
16766,74,0
16767,76,0
16768,74,0
16769,74,0
16770,74,0
16771,72,0
16772,74,0
16773,76,0
16774,72,0
16775,74,0
16776,74,0
16777,74,0
16778,74,0
16779,74,0
16780,74,0
16781,74,0
16782,72,0
16783,72,0
16784,72,0
16785,72,0
16786,72,0
16787,72,0
16788,72,0
16789,74,0
16790,74,0
16791,74,0
16792,74,0
16793,74,0
16794,74,0
16795,74,0
16796,76,0
16797,76,0
16798,74,0
16799,74,0
16800,76,0
16801,76,0
16802,76,0
16803,74,0
16804,74,0
16805,76,0
16806,74,0
16807,74,0
16808,78,0
16809,76,0
16810,74,0
16811,74,0
16812,74,0
16813,74,0
16814,74,0
16815,74,0
16816,74,0
16817,76,0
16818,76,0
16819,74,0
16820,78,0
16821,78,0
16822,76,0
16823,74,0
16824,74,0
16825,76,0
16826,76,0
16827,78,0
16828,74,0
16829,76,0
16830,74,0
16831,74,0
16832,74,0
16833,74,0
16834,76,0
16835,74,0
16836,74,0
16837,74,0
16838,76,0
16839,76,0
16840,76,0
16841,74,0
16842,76,0
16843,74,0
16844,76,0
16845,74,0
16846,78,0
16847,78,0
16848,76,0
16849,76,0
16850,74,0
16851,76,0
16852,76,0
16853,76,0
16854,74,0
16855,74,0
16856,76,0
16857,74,0
16858,76,0
16859,74,0
16860,76,0
16861,76,0
16862,76,0
16863,74,0
16864,76,0
16865,74,0
16866,76,0
16867,74,0
16868,76,0
16869,76,0
16870,76,0
16871,76,0
16872,76,0
16873,76,0
16874,74,0
16875,74,0
16876,76,0
16877,76,0
16878,74,0
16879,74,0
16880,76,0
16881,74,0
16882,76,0
16883,76,0
16884,72,0
16885,74,0
16886,74,0
16887,74,0
16888,74,0
16889,76,0
16890,76,0
16891,76,0
16892,74,0
16893,74,0
16894,76,0
16895,76,0
16896,74,0
16897,72,0
16898,74,0
16899,76,0
16900,76,0
16901,76,0
16902,76,0
16903,76,0
16904,76,0
16905,72,0
16906,74,0
16907,76,0
16908,74,0
16909,76,0
16910,76,0
16911,72,0
16912,74,0
16913,74,0
16914,78,0
16915,76,0
16916,74,0
16917,74,0
16918,76,0
16919,74,0
16920,74,0
16921,76,0
16922,72,0
16923,76,0
16924,76,0
16925,72,0
16926,72,0
16927,74,0
16928,76,0
16929,76,0
16930,74,0
16931,74,0
16932,76,0
16933,74,0
16934,76,0
16935,74,0
16936,74,0
16937,74,0
16938,76,0
16939,76,0
16940,76,0
16941,76,0
16942,76,0
16943,76,0
16944,74,0
16945,72,0
16946,74,0
16947,76,0
16948,76,0
16949,76,0
16950,74,0
16951,70,0
16952,76,0
16953,76,0
16954,74,0
16955,76,0
16956,74,0
16957,76,0
16958,74,0
16959,74,0
16960,76,0
16961,78,0
16962,76,0
16963,74,0
16964,74,0
16965,72,0
16966,76,0
16967,74,0
16968,74,0
16969,76,0
16970,72,0
16971,78,0
16972,74,0
16973,76,0
16974,76,0
16975,76,0
16976,74,0
16977,76,0
16978,78,0
16979,76,0
16980,76,0
16981,78,0
16982,74,0
16983,74,0
16984,74,0
16985,74,0
16986,74,0
16987,76,0
16988,76,0
16989,74,0
16990,74,0
16991,74,0
16992,78,0
16993,76,0
16994,76,0
16995,76,0
16996,76,0
16997,74,0
16998,76,0
16999,74,0
17000,76,0
17001,74,0
17002,76,0
17003,74,0
17004,76,0
17005,74,0
17006,76,0
17007,74,0
17008,74,0
17009,74,0
17010,74,0
17011,74,0
17012,76,0
17013,74,0
17014,74,0
17015,76,0
17016,74,0
17017,74,0
17018,74,0
17019,76,0
17020,76,0
17021,74,0
17022,76,0
17023,74,0
17024,74,0
17025,74,0
17026,74,0
17027,74,0
17028,76,0
17029,76,0
17030,74,0
17031,74,0
17032,74,0
17033,76,0
17034,76,0
17035,76,0
17036,76,0
17037,76,0
17038,72,0
17039,76,0
17040,76,0
17041,76,0
17042,74,0
17043,76,0
17044,72,0
17045,74,0
17046,76,0
17047,76,0
17048,76,0
17049,74,0
17050,72,0
17051,76,0
17052,76,0
17053,76,0
17054,74,0
17055,76,0
17056,74,0
17057,76,0
17058,74,0
17059,74,0
17060,76,0
17061,76,0
17062,72,0
17063,74,0
17064,72,0
17065,74,0
17066,74,0
17067,76,0
17068,76,0
17069,74,0
17070,76,0
17071,72,0
17072,78,0
17073,74,0
17074,74,0
17075,76,0
17076,76,0
17077,74,0
17078,74,0
17079,72,0
17080,74,0
17081,74,0
17082,76,0
17083,74,0
17084,74,0
17085,76,0
17086,74,0
17087,76,0
17088,74,0
17089,74,0
17090,72,0
17091,78,0
17092,78,0
17093,76,0
17094,76,0
17095,76,0
17096,74,0
17097,74,0
17098,74,0
17099,76,0
17100,74,0
17101,76,0
17102,76,0
17103,76,0
17104,76,0
17105,76,0
17106,76,0
17107,76,0
17108,76,0
17109,72,0
17110,74,0
17111,76,0
17112,76,0
17113,76,0
17114,76,0
17115,74,0
17116,76,0
17117,74,0
17118,74,0
17119,74,0
17120,76,0
17121,72,0
17122,76,0
17123,74,0
17124,76,0
17125,74,0
17126,76,0
17127,74,0
17128,74,0
17129,78,0
17130,78,0
17131,74,0
17132,74,0
17133,74,0
17134,74,0
17135,74,0
17136,74,0
17137,74,0
17138,74,0
17139,76,0
17140,74,0
17141,74,0
17142,74,0
17143,74,0
17144,74,0
17145,76,0
17146,76,0
17147,74,0
17148,74,0
17149,76,0
17150,78,0
17151,74,0
17152,72,0
17153,76,0
17154,76,0
17155,74,0
17156,74,0
17157,74,0
17158,76,0
17159,76,0
17160,76,0
17161,74,0
17162,76,0
17163,76,0
17164,76,0
17165,74,0
17166,76,0
17167,74,0
17168,76,0
17169,74,0
17170,74,0
17171,76,0
17172,74,0
17173,74,0
17174,76,0
17175,74,0
17176,74,0
17177,74,0
17178,74,0
17179,76,0
17180,76,0
17181,76,0
17182,76,0
17183,76,0
17184,74,0
17185,74,0
17186,76,0
17187,76,0
17188,76,0
17189,74,0
17190,74,0
17191,76,0
17192,74,0
17193,74,0
17194,76,0
17195,72,0
17196,74,0
17197,76,0
17198,76,0
17199,72,0
17200,74,0
17201,74,0
17202,74,0
17203,76,0
17204,74,0
17205,74,0
17206,74,0
17207,78,0
17208,76,0
17209,76,0
17210,72,0
17211,74,0
17212,74,0
17213,76,0
17214,74,0
17215,78,0
17216,76,0
17217,74,0
17218,74,0
17219,76,0
17220,76,0
17221,78,0
17222,76,0
17223,74,0
17224,76,0
17225,74,0
17226,74,0
17227,74,0
17228,74,0
17229,76,0
17230,78,0
17231,74,0
17232,72,0
17233,72,0
17234,74,0
17235,76,0
17236,76,0
17237,76,0
17238,74,0
17239,72,0
17240,74,0
17241,76,0
17242,74,0
17243,74,0
17244,76,0
17245,78,0
17246,74,0
17247,76,0
17248,74,0
17249,76,0
17250,76,0
17251,74,0
17252,74,0
17253,76,0
17254,76,0
17255,74,0
17256,74,0
17257,76,0
17258,72,0
17259,76,0
17260,76,0
17261,76,0
17262,74,0
17263,76,0
17264,74,0
17265,76,0
17266,74,0
17267,74,0
17268,74,0
17269,78,0
17270,76,0
17271,74,0
17272,74,0
17273,76,0
17274,76,0
17275,74,0
17276,72,0
17277,72,0
17278,76,0
17279,78,0
17280,78,0
17281,76,0
17282,72,0
17283,76,0
17284,74,0
17285,74,0
17286,74,0
17287,76,0
17288,76,0
17289,76,0
17290,76,0
17291,74,0
17292,76,0
17293,78,0
17294,74,0
17295,74,0
17296,74,0
17297,74,0
17298,74,0
17299,76,0
17300,74,0
17301,74,0
17302,74,0
17303,74,0
17304,76,0
17305,76,0
17306,76,0
17307,74,0
17308,76,0
17309,74,0
17310,74,0
17311,74,0
17312,76,0
17313,74,0
17314,76,0
17315,74,0
17316,76,0
17317,74,0
17318,76,0
17319,78,0
17320,76,0
17321,76,0
17322,74,0
17323,74,0
17324,74,0
17325,76,0
17326,76,0
17327,76,0
17328,74,0
17329,76,0
17330,76,0
17331,76,0
17332,74,0
17333,76,0
17334,74,0
17335,76,0
17336,74,0
17337,76,0
17338,74,0
17339,74,0
17340,76,0
17341,76,0
17342,74,0
17343,76,0
17344,74,0
17345,76,0
17346,76,0
17347,74,0
17348,72,0
17349,74,0
17350,74,0
17351,74,0
17352,74,0
17353,74,0
17354,74,0
17355,74,0
17356,72,0
17357,76,0
17358,74,0
17359,74,0
17360,74,0
17361,74,0
17362,76,0
17363,74,0
17364,74,0
17365,72,0
17366,74,0
17367,72,0
17368,74,0
17369,70,0
17370,74,0
17371,74,0
17372,76,0
17373,74,0
17374,74,0
17375,76,0
17376,72,0
17377,74,0
17378,76,0
17379,76,0
17380,72,0
17381,72,0
17382,72,0
17383,76,0
17384,76,0
17385,74,0
17386,72,0
17387,72,0
17388,72,0
17389,72,0
17390,74,0
17391,86,0
17392,74,0
17393,74,0
17394,76,0
17395,76,0
17396,76,0
17397,74,0
17398,72,0
17399,72,0
17400,74,0
17401,76,0
17402,76,0
17403,74,0
17404,74,0
17405,74,0
17406,74,0
17407,72,0
17408,76,0
17409,76,0
17410,74,0
17411,76,0
17412,76,0
17413,74,0
17414,76,0
17415,74,0
17416,76,0
17417,74,0
17418,74,0
17419,74,0
17420,72,0
17421,76,0
17422,74,0
17423,76,0
17424,76,0
17425,76,0
17426,74,0
17427,76,0
17428,76,0
17429,76,0
17430,74,0
17431,78,0
17432,74,0
17433,76,0
17434,74,0
17435,74,0
17436,80,0
17437,74,0
17438,74,0
17439,78,0
17440,76,0
17441,76,0
17442,74,0
17443,76,0
17444,76,0
17445,76,0
17446,74,0
17447,76,0
17448,76,0
17449,76,0
17450,76,0
17451,76,0
17452,74,0
17453,76,0
17454,76,0
17455,74,0
17456,74,0
17457,74,0
17458,76,0
17459,76,0
17460,74,0
17461,76,0
17462,74,0
17463,76,0
17464,76,0
17465,78,0
17466,72,0
17467,76,0
17468,76,0
17469,76,0
17470,74,0
17471,76,0
17472,76,0
17473,76,0
17474,76,0
17475,76,0
17476,76,0
17477,76,0
17478,76,0
17479,76,0
17480,72,0
17481,72,0
17482,72,0
17483,76,0
17484,76,0
17485,76,0
17486,74,0
17487,76,0
17488,76,0
17489,74,0
17490,78,0
17491,76,0
17492,72,0
17493,76,0
17494,76,0
17495,76,0
17496,76,0
17497,74,0
17498,74,0
17499,76,0
17500,74,0
17501,78,0
17502,74,0
17503,76,0
17504,76,0
17505,74,0
17506,76,0
17507,78,0
17508,74,0
17509,74,0
17510,76,0
17511,76,0
17512,74,0
17513,76,0
17514,74,0
17515,76,0
17516,76,0
17517,78,0
17518,78,0
17519,76,0
17520,76,0
17521,74,0
17522,76,0
17523,76,0
17524,74,0
17525,78,0
17526,78,0
17527,78,0
17528,74,0
17529,76,0
17530,76,0
17531,76,0
17532,76,0
17533,74,0
17534,72,0
17535,74,0
17536,74,0
17537,76,0
17538,76,0
17539,74,0
17540,76,0
17541,76,0
17542,76,0
17543,78,0
17544,76,0
17545,76,0
17546,76,0
17547,76,0
17548,76,0
17549,78,0
17550,76,0
17551,74,0
17552,76,0
17553,76,0
17554,74,0
17555,76,0
17556,76,0
17557,74,0
17558,74,0
17559,76,0
17560,76,0
17561,76,0
17562,76,0
17563,76,0
17564,76,0
17565,76,0
17566,76,0
17567,76,0
17568,76,0
17569,76,0
17570,76,0
17571,74,0
17572,76,0
17573,76,0
17574,76,0
17575,78,0
17576,76,0
17577,76,0
17578,76,0
17579,76,0
17580,74,0
17581,74,0
17582,76,0
17583,78,0
17584,76,0
17585,74,0
17586,74,0
17587,76,0
17588,76,0
17589,76,0
17590,76,0
17591,76,0
17592,76,0
17593,76,0
17594,76,0
17595,76,0
17596,74,0
17597,76,0
17598,76,0
17599,76,0
17600,76,0
17601,76,0
17602,76,0
17603,76,0
17604,76,0
17605,76,0
17606,76,0
17607,76,0
17608,76,0
17609,76,0
17610,74,0
17611,76,0
17612,76,0
17613,74,0
17614,76,0
17615,74,0
17616,74,0
17617,76,0
17618,76,0
17619,74,0
17620,76,0
17621,74,0
17622,76,0
17623,76,0
17624,74,0
17625,76,0
17626,76,0
17627,74,0
17628,76,0
17629,74,0
17630,76,0
17631,76,0
17632,74,0
17633,76,0
17634,76,0
17635,74,0
17636,74,0
17637,72,0
17638,76,0
17639,76,0
17640,74,0
17641,74,0
17642,76,0
17643,76,0
17644,76,0
17645,78,0
17646,76,0
17647,74,0
17648,76,0
17649,74,0
17650,76,0
17651,76,0
17652,76,0
17653,76,0
17654,76,0
17655,76,0
17656,74,0
17657,76,0
17658,78,0
17659,74,0
17660,74,0
17661,74,0
17662,76,0
17663,78,0
17664,76,0
17665,78,0
17666,78,0
17667,74,0
17668,72,0
17669,76,0
17670,74,0
17671,76,0
17672,76,0
17673,76,0
17674,74,0
17675,76,0
17676,74,0
17677,74,0
17678,76,0
17679,74,0
17680,74,0
17681,76,0
17682,76,0
17683,76,0
17684,74,0
17685,74,0
17686,76,0
17687,76,0
17688,76,0
17689,76,0
17690,76,0
17691,74,0
17692,76,0
17693,76,0
17694,76,0
17695,74,0
17696,76,0
17697,74,0
17698,76,0
17699,76,0
17700,74,0
17701,76,0
17702,74,0
17703,76,0
17704,76,0
17705,76,0
17706,74,0
17707,76,0
17708,76,0
17709,74,0
17710,76,0
17711,76,0
17712,74,0
17713,76,0
17714,74,0
17715,78,0
17716,78,0
17717,74,0
17718,74,0
17719,76,0
17720,76,0
17721,76,0
17722,76,0
17723,76,0
17724,76,0
17725,76,0
17726,76,0
17727,74,0
17728,74,0
17729,74,0
17730,76,0
17731,76,0
17732,76,0
17733,76,0
17734,74,0
17735,76,0
17736,76,0
17737,76,0
17738,76,0
17739,76,0
17740,76,0
17741,74,0
17742,74,0
17743,74,0
17744,76,0
17745,74,0
17746,76,0
17747,74,0
17748,76,0
17749,74,0
17750,76,0
17751,76,0
17752,72,0
17753,76,0
17754,76,0
17755,76,0
17756,76,0
17757,76,0
17758,74,0
17759,76,0
17760,76,0
17761,76,0
17762,76,0
17763,76,0
17764,76,0
17765,76,0
17766,74,0
17767,76,0
17768,76,0
17769,74,0
17770,74,0
17771,76,0
17772,74,0
17773,76,0
17774,76,0
17775,76,0
17776,76,0
17777,78,0
17778,74,0
17779,76,0
17780,76,0
17781,76,0
17782,76,0
17783,74,0
17784,74,0
17785,78,0
17786,78,0
17787,76,0
17788,76,0
17789,76,0
17790,74,0
17791,76,0
17792,76,0
17793,74,0
17794,78,0
17795,76,0
17796,74,0
17797,76,0
17798,76,0
17799,76,0
17800,74,0
17801,78,0
17802,72,0
17803,74,0
17804,74,0
17805,76,0
17806,76,0
17807,72,0
17808,74,0
17809,76,0
17810,78,0
17811,74,0
17812,74,0
17813,76,0
17814,76,0
17815,76,0
17816,76,0
17817,76,0
17818,78,0
17819,76,0
17820,78,0
17821,78,0
17822,78,0
17823,78,0
17824,76,0
17825,76,0
17826,76,0
17827,78,0
17828,78,0
17829,78,0
17830,76,0
17831,74,0
17832,76,0
17833,76,0
17834,76,0
17835,76,0
17836,78,0
17837,76,0
17838,74,0
17839,76,0
17840,74,0
17841,76,0
17842,76,0
17843,76,0
17844,74,0
17845,76,0
17846,76,0
17847,78,0
17848,76,0
17849,74,0
17850,76,0
17851,76,0
17852,76,0
17853,76,0
17854,74,0
17855,78,0
17856,76,0
17857,76,0
17858,76,0
17859,76,0
17860,76,0
17861,76,0
17862,76,0
17863,74,0
17864,76,0
17865,76,0
17866,74,0
17867,76,0
17868,76,0
17869,76,0
17870,78,0
17871,74,0
17872,74,0
17873,74,0
17874,76,0
17875,76,0
17876,76,0
17877,76,0
17878,76,0
17879,74,0
17880,76,0
17881,76,0
17882,76,0
17883,76,0
17884,76,0
17885,76,0
17886,76,0
17887,76,0
17888,76,0
17889,76,0
17890,76,0
17891,76,0
17892,76,0
17893,74,0
17894,76,0
17895,76,0
17896,76,0
17897,76,0
17898,76,0
17899,76,0
17900,76,0
17901,76,0
17902,76,0
17903,76,0
17904,74,0
17905,76,0
17906,76,0
17907,74,0
17908,76,0
17909,74,0
17910,76,0
17911,76,0
17912,76,0
17913,76,0
17914,74,0
17915,76,0
17916,76,0
17917,74,0
17918,76,0
17919,74,0
17920,74,0
17921,76,0
17922,76,0
17923,76,0
17924,74,0
17925,76,0
17926,76,0
17927,76,0
17928,76,0
17929,74,0
17930,76,0
17931,74,0
17932,76,0
17933,76,0
17934,74,0
17935,76,0
17936,74,0
17937,76,0
17938,76,0
17939,76,0
17940,76,0
17941,76,0
17942,76,0
17943,76,0
17944,76,0
17945,74,0
17946,74,0
17947,76,0
17948,76,0
17949,76,0
17950,74,0
17951,76,0
17952,74,0
17953,74,0
17954,76,0
17955,74,0
17956,76,0
17957,78,0
17958,72,0
17959,76,0
17960,76,0
17961,76,0
17962,76,0
17963,78,0
17964,72,0
17965,74,0
17966,76,0
17967,76,0
17968,74,0
17969,74,0
17970,74,0
17971,72,0
17972,72,0
17973,74,0
17974,74,0
17975,76,0
17976,76,0
17977,74,0
17978,74,0
17979,76,0
17980,76,0
17981,76,0
17982,76,0
17983,74,0
17984,74,0
17985,74,0
17986,74,0
17987,76,0
17988,76,0
17989,76,0
17990,74,0
17991,76,0
17992,76,0
17993,76,0
17994,76,0
17995,76,0
17996,76,0
17997,76,0
17998,76,0
17999,74,0
18000,74,0
18001,76,0
18002,74,0
18003,78,0
18004,76,0
18005,84,0
18006,74,0
18007,72,0
18008,74,0
18009,74,0
18010,74,0
18011,74,0
18012,76,0
18013,72,0
18014,74,0
18015,74,0
18016,76,0
18017,74,0
18018,72,0
18019,74,0
18020,74,0
18021,74,0
18022,74,0
18023,74,0
18024,72,0
18025,74,0
18026,74,0
18027,74,0
18028,74,0
18029,74,0
18030,74,0
18031,76,0
18032,74,0
18033,74,0
18034,74,0
18035,74,0
18036,74,0
18037,74,0
18038,74,0
18039,74,0
18040,74,0
18041,74,0
18042,76,0
18043,74,0
18044,74,0
18045,76,0
18046,74,0
18047,74,0
18048,72,0
18049,74,0
18050,72,0
18051,74,0
18052,76,0
18053,74,0
18054,74,0
18055,74,0
18056,74,0
18057,72,0
18058,74,0
18059,74,0
18060,74,0
18061,72,0
18062,74,0
18063,74,0
18064,74,0
18065,74,0
18066,74,0
18067,74,0
18068,72,0
18069,72,0
18070,72,0
18071,74,0
18072,74,0
18073,74,0
18074,74,0
18075,74,0
18076,76,0
18077,72,0
18078,72,0
18079,74,0
18080,74,0
18081,72,0
18082,74,0
18083,74,0
18084,72,0
18085,74,0
18086,72,0
18087,76,0
18088,74,0
18089,76,0
18090,76,0
18091,74,0
18092,76,0
18093,72,0
18094,74,0
18095,76,0
18096,72,0
18097,72,0
18098,74,0
18099,74,0
18100,74,0
18101,74,0
18102,76,0
18103,74,0
18104,74,0
18105,76,0
18106,74,0
18107,74,0
18108,76,0
18109,76,0
18110,74,0
18111,74,0
18112,74,0
18113,72,0
18114,74,0
18115,74,0
18116,74,0
18117,74,0
18118,74,0
18119,72,0
18120,72,0
18121,74,0
18122,74,0
18123,76,0
18124,72,0
18125,72,0
18126,74,0
18127,74,0
18128,76,0
18129,76,0
18130,76,0
18131,74,0
18132,76,0
18133,74,0
18134,74,0
18135,74,0
18136,82,0
18137,76,0
18138,72,0
18139,74,0
18140,74,0
18141,74,0
18142,74,0
18143,74,0
18144,74,0
18145,74,0
18146,74,0
18147,74,0
18148,74,0
18149,76,0
18150,76,0
18151,74,0
18152,74,0
18153,74,0
18154,74,0
18155,74,0
18156,74,0
18157,74,0
18158,74,0
18159,76,0
18160,72,0
18161,74,0
18162,76,0
18163,74,0
18164,76,0
18165,76,0
18166,76,0
18167,74,0
18168,76,0
18169,74,0
18170,74,0
18171,76,0
18172,72,0
18173,74,0
18174,74,0
18175,76,0
18176,76,0
18177,74,0
18178,72,0
18179,76,0
18180,76,0
18181,76,0
18182,76,0
18183,74,0
18184,74,0
18185,74,0
18186,74,0
18187,76,0
18188,76,0
18189,74,0
18190,76,0
18191,76,0
18192,76,0
18193,76,0
18194,74,0
18195,76,0
18196,74,0
18197,76,0
18198,74,0
18199,76,0
18200,78,0
18201,74,0
18202,76,0
18203,76,0
18204,74,0
18205,76,0
18206,76,0
18207,76,0
18208,76,0
18209,74,0
18210,76,0
18211,74,0
18212,76,0
18213,74,0
18214,74,0
18215,76,0
18216,74,0
18217,78,0
18218,76,0
18219,76,0
18220,72,0
18221,74,0
18222,76,0
18223,76,0
18224,76,0
18225,72,0
18226,74,0
18227,76,0
18228,76,0
18229,74,0
18230,74,0
18231,74,0
18232,76,0
18233,76,0
18234,76,0
18235,76,0
18236,76,0
18237,72,0
18238,74,0
18239,76,0
18240,76,0
18241,76,0
18242,78,0
18243,76,0
18244,76,0
18245,74,0
18246,74,0
18247,74,0
18248,74,0
18249,76,0
18250,76,0
18251,76,0
18252,76,0
18253,76,0
18254,78,0
18255,74,0
18256,78,0
18257,74,0
18258,74,0
18259,74,0
18260,74,0
18261,76,0
18262,76,0
18263,76,0
18264,72,0
18265,74,0
18266,74,0
18267,74,0
18268,74,0
18269,76,0
18270,74,0
18271,76,0
18272,72,0
18273,78,0
18274,72,0
18275,76,0
18276,74,0
18277,76,0
18278,76,0
18279,76,0
18280,74,0
18281,76,0
18282,74,0
18283,76,0
18284,74,0
18285,76,0
18286,74,0
18287,76,0
18288,74,0
18289,76,0
18290,74,0
18291,76,0
18292,74,0
18293,74,0
18294,76,0
18295,76,0
18296,74,0
18297,76,0
18298,74,0
18299,74,0
18300,74,0
18301,76,0
18302,76,0
18303,76,0
18304,74,0
18305,76,0
18306,74,0
18307,76,0
18308,76,0
18309,76,0
18310,76,0
18311,76,0
18312,76,0
18313,76,0
18314,74,0
18315,76,0
18316,76,0
18317,76,0
18318,74,0
18319,76,0
18320,72,0
18321,76,0
18322,74,0
18323,76,0
18324,74,0
18325,76,0
18326,74,0
18327,76,0
18328,76,0
18329,76,0
18330,74,0
18331,76,0
18332,74,0
18333,76,0
18334,74,0
18335,76,0
18336,76,0
18337,74,0
18338,74,0
18339,76,0
18340,76,0
18341,76,0
18342,74,0
18343,76,0
18344,74,0
18345,76,0
18346,74,0
18347,74,0
18348,74,0
18349,74,0
18350,74,0
18351,76,0
18352,74,0
18353,74,0
18354,74,0
18355,76,0
18356,72,0
18357,78,0
18358,74,0
18359,74,0
18360,74,0
18361,76,0
18362,74,0
18363,76,0
18364,74,0
18365,74,0
18366,74,0
18367,76,0
18368,76,0
18369,76,0
18370,76,0
18371,74,0
18372,72,0
18373,76,0
18374,74,0
18375,76,0
18376,74,0
18377,74,0
18378,76,0
18379,78,0
18380,72,0
18381,74,0
18382,74,0
18383,76,0
18384,72,0
18385,74,0
18386,76,0
18387,74,0
18388,74,0
18389,74,0
18390,74,0
18391,74,0
18392,76,0
18393,76,0
18394,76,0
18395,76,0
18396,78,0
18397,76,0
18398,74,0
18399,76,0
18400,76,0
18401,76,0
18402,74,0
18403,76,0
18404,78,0
18405,76,0
18406,76,0
18407,76,0
18408,74,0
18409,76,0
18410,76,0
18411,74,0
18412,78,0
18413,76,0
18414,76,0
18415,76,0
18416,74,0
18417,76,0
18418,76,0
18419,76,0
18420,76,0
18421,72,0
18422,76,0
18423,74,0
18424,74,0
18425,74,0
18426,76,0
18427,74,0
18428,74,0
18429,76,0
18430,76,0
18431,76,0
18432,76,0
18433,76,0
18434,76,0
18435,76,0
18436,76,0
18437,76,0
18438,76,0
18439,76,0
18440,74,0
18441,76,0
18442,76,0
18443,76,0
18444,74,0
18445,76,0
18446,76,0
18447,78,0
18448,76,0
18449,76,0
18450,78,0
18451,74,0
18452,76,0
18453,76,0
18454,76,0
18455,76,0
18456,76,0
18457,76,0
18458,76,0
18459,74,0
18460,76,0
18461,76,0
18462,76,0
18463,76,0
18464,76,0
18465,74,0
18466,76,0
18467,76,0
18468,76,0
18469,76,0
18470,76,0
18471,76,0
18472,74,0
18473,76,0
18474,74,0
18475,76,0
18476,74,0
18477,76,0
18478,74,0
18479,74,0
18480,74,0
18481,76,0
18482,72,0
18483,76,0
18484,74,0
18485,76,0
18486,74,0
18487,76,0
18488,74,0
18489,76,0
18490,74,0
18491,76,0
18492,74,0
18493,76,0
18494,74,0
18495,78,0
18496,76,0
18497,76,0
18498,74,0
18499,76,0
18500,76,0
18501,74,0
18502,76,0
18503,76,0
18504,78,0
18505,76,0
18506,74,0
18507,76,0
18508,76,0
18509,74,0
18510,74,0
18511,76,0
18512,76,0
18513,74,0
18514,76,0
18515,74,0
18516,76,0
18517,78,0
18518,76,0
18519,74,0
18520,74,0
18521,78,0
18522,74,0
18523,76,0
18524,74,0
18525,76,0
18526,74,0
18527,74,0
18528,76,0
18529,74,0
18530,74,0
18531,74,0
18532,74,0
18533,74,0
18534,76,0
18535,72,0
18536,72,0
18537,70,0
18538,74,0
18539,72,0
18540,74,0
18541,76,0
18542,76,0
18543,76,0
18544,74,0
18545,74,0
18546,76,0
18547,74,0
18548,74,0
18549,76,0
18550,72,0
18551,76,0
18552,76,0
18553,76,0
18554,74,0
18555,78,0
18556,72,0
18557,76,0
18558,74,0
18559,76,0
18560,76,0
18561,76,0
18562,74,0
18563,74,0
18564,76,0
18565,76,0
18566,72,0
18567,76,0
18568,76,0
18569,76,0
18570,74,0
18571,72,0
18572,74,0
18573,76,0
18574,74,0
18575,76,0
18576,76,0
18577,74,0
18578,76,0
18579,76,0
18580,76,0
18581,76,0
18582,74,0
18583,74,0
18584,74,0
18585,76,0
18586,76,0
18587,74,0
18588,74,0
18589,74,0
18590,74,0
18591,76,0
18592,74,0
18593,76,0
18594,76,0
18595,74,0
18596,72,0
18597,76,0
18598,76,0
18599,76,0
18600,76,0
18601,74,0
18602,74,0
18603,74,0
18604,72,0
18605,74,0
18606,74,0
18607,74,0
18608,74,0
18609,74,0
18610,74,0
18611,76,0
18612,74,0
18613,74,0
18614,74,0
18615,74,0
18616,74,0
18617,72,0
18618,74,0
18619,74,0
18620,74,0
18621,74,0
18622,74,0
18623,74,0
18624,72,0
18625,74,0
18626,74,0
18627,74,0
18628,74,0
18629,74,0
18630,74,0
18631,74,0
18632,76,0
18633,76,0
18634,76,0
18635,78,0
18636,76,0
18637,76,0
18638,76,0
18639,76,0
18640,76,0
18641,76,0
18642,76,0
18643,74,0
18644,76,0
18645,76,0
18646,76,0
18647,76,0
18648,76,0
18649,76,0
18650,76,0
18651,76,0
18652,76,0
18653,74,0
18654,74,0
18655,74,0
18656,74,0
18657,74,0
18658,74,0
18659,76,0
18660,76,0
18661,74,0
18662,74,0
18663,74,0
18664,72,0
18665,74,0
18666,74,0
18667,74,0
18668,74,0
18669,76,0
18670,76,0
18671,76,0
18672,76,0
18673,78,0
18674,76,0
18675,74,0
18676,74,0
18677,76,0
18678,74,0
18679,76,0
18680,74,0
18681,74,0
18682,72,0
18683,74,0
18684,72,0
18685,74,0
18686,74,0
18687,76,0
18688,74,0
18689,72,0
18690,72,0
18691,74,0
18692,74,0
18693,76,0
18694,74,0
18695,76,0
18696,76,0
18697,74,0
18698,76,0
18699,74,0
18700,72,0
18701,74,0
18702,74,0
18703,78,0
18704,76,0
18705,76,0
18706,74,0
18707,76,0
18708,76,0
18709,76,0
18710,74,0
18711,76,0
18712,76,0
18713,72,0
18714,74,0
18715,76,0
18716,76,0
18717,74,0
18718,74,0
18719,76,0
18720,74,0
18721,76,0
18722,72,0
18723,76,0
18724,74,0
18725,76,0
18726,74,0
18727,76,0
18728,74,0
18729,76,0
18730,74,0
18731,76,0
18732,74,0
18733,76,0
18734,74,0
18735,76,0
18736,74,0
18737,76,0
18738,74,0
18739,76,0
18740,76,0
18741,76,0
18742,74,0
18743,76,0
18744,76,0
18745,76,0
18746,74,0
18747,76,0
18748,74,0
18749,74,0
18750,74,0
18751,76,0
18752,72,0
18753,76,0
18754,76,0
18755,76,0
18756,74,0
18757,76,0
18758,74,0
18759,76,0
18760,74,0
18761,76,0
18762,74,0
18763,76,0
18764,74,0
18765,76,0
18766,74,0
18767,76,0
18768,76,0
18769,76,0
18770,74,0
18771,76,0
18772,74,0
18773,76,0
18774,74,0
18775,76,0
18776,76,0
18777,76,0
18778,72,0
18779,76,0
18780,74,0
18781,72,0
18782,74,0
18783,76,0
18784,74,0
18785,76,0
18786,72,0
18787,76,0
18788,74,0
18789,76,0
18790,74,0
18791,76,0
18792,74,0
18793,78,0
18794,74,0
18795,76,0
18796,76,0
18797,76,0
18798,74,0
18799,76,0
18800,74,0
18801,76,0
18802,72,0
18803,76,0
18804,74,0
18805,74,0
18806,76,0
18807,78,0
18808,74,0
18809,76,0
18810,72,0
18811,76,0
18812,74,0
18813,76,0
18814,72,0
18815,76,0
18816,74,0
18817,78,0
18818,72,0
18819,76,0
18820,74,0
18821,74,0
18822,74,0
18823,74,0
18824,76,0
18825,76,0
18826,76,0
18827,76,0
18828,76,0
18829,76,0
18830,76,0
18831,76,0
18832,78,0
18833,76,0
18834,76,0
18835,76,0
18836,72,0
18837,74,0
18838,76,0
18839,72,0
18840,76,0
18841,76,0
18842,72,0
18843,72,0
18844,72,0
18845,74,0
18846,76,0
18847,74,0
18848,74,0
18849,74,0
18850,74,0
18851,76,0
18852,74,0
18853,74,0
18854,72,0
18855,74,0
18856,74,0
18857,74,0
18858,74,0
18859,74,0
18860,74,0
18861,76,0
18862,74,0
18863,76,0
18864,76,0
18865,74,0
18866,74,0
18867,78,0
18868,76,0
18869,76,0
18870,76,0
18871,76,0
18872,76,0
18873,76,0
18874,76,0
18875,76,0
18876,78,0
18877,76,0
18878,76,0
18879,74,0
18880,76,0
18881,84,0
18882,74,0
18883,74,0
18884,74,0
18885,74,0
18886,72,0
18887,76,0
18888,74,0
18889,76,0
18890,74,0
18891,74,0
18892,76,0
18893,74,0
18894,78,0
18895,74,0
18896,76,0
18897,74,0
18898,76,0
18899,74,0
18900,74,0
18901,74,0
18902,74,0
18903,74,0
18904,74,0
18905,74,0
18906,76,0
18907,74,0
18908,74,0
18909,74,0
18910,76,0
18911,76,0
18912,74,0
18913,74,0
18914,76,0
18915,72,0
18916,74,0
18917,74,0
18918,74,0
18919,74,0
18920,74,0
18921,74,0
18922,74,0
18923,74,0
18924,74,0
18925,76,0
18926,74,0
18927,74,0
18928,74,0
18929,74,0
18930,74,0
18931,74,0
18932,74,0
18933,74,0
18934,74,0
18935,76,0
18936,74,0
18937,74,0
18938,76,0
18939,74,0
18940,74,0
18941,76,0
18942,74,0
18943,76,0
18944,74,0
18945,72,0
18946,74,0
18947,76,0
18948,74,0
18949,76,0
18950,74,0
18951,72,0
18952,74,0
18953,72,0
18954,74,0
18955,74,0
18956,74,0
18957,76,0
18958,74,0
18959,74,0
18960,74,0
18961,76,0
18962,76,0
18963,76,0
18964,74,0
18965,74,0
18966,76,0
18967,76,0
18968,74,0
18969,74,0
18970,76,0
18971,76,0
18972,76,0
18973,76,0
18974,78,0
18975,74,0
18976,74,0
18977,76,0
18978,74,0
18979,76,0
18980,76,0
18981,76,0
18982,74,0
18983,78,0
18984,72,0
18985,76,0
18986,76,0
18987,74,0
18988,76,0
18989,76,0
18990,74,0
18991,76,0
18992,76,0
18993,76,0
18994,76,0
18995,76,0
18996,76,0
18997,72,0
18998,74,0
18999,74,0
19000,76,0
19001,74,0
19002,76,0
19003,74,0
19004,76,0
19005,74,0
19006,76,0
19007,74,0
19008,76,0
19009,76,0
19010,76,0
19011,76,0
19012,76,0
19013,74,0
19014,76,0
19015,76,0
19016,74,0
19017,74,0
19018,74,0
19019,76,0
19020,76,0
19021,74,0
19022,74,0
19023,76,0
19024,76,0
19025,74,0
19026,74,0
19027,72,0
19028,74,0
19029,74,0
19030,74,0
19031,74,0
19032,74,0
19033,76,0
19034,74,0
19035,76,0
19036,74,0
19037,76,0
19038,74,0
19039,74,0
19040,74,0
19041,74,0
19042,76,0
19043,74,0
19044,76,0
19045,76,0
19046,74,0
19047,76,0
19048,74,0
19049,74,0
19050,74,0
19051,74,0
19052,74,0
19053,76,0
19054,74,0
19055,76,0
19056,76,0
19057,74,0
19058,76,0
19059,74,0
19060,76,0
19061,74,0
19062,76,0
19063,74,0
19064,74,0
19065,76,0
19066,76,0
19067,74,0
19068,72,0
19069,74,0
19070,76,0
19071,76,0
19072,76,0
19073,76,0
19074,74,0
19075,76,0
19076,76,0
19077,74,0
19078,76,0
19079,74,0
19080,74,0
19081,74,0
19082,76,0
19083,74,0
19084,74,0
19085,76,0
19086,74,0
19087,76,0
19088,76,0
19089,76,0
19090,76,0
19091,76,0
19092,74,0
19093,74,0
19094,74,0
19095,76,0
19096,74,0
19097,76,0
19098,78,0
19099,74,0
19100,74,0
19101,78,0
19102,74,0
19103,76,0
19104,78,0
19105,72,0
19106,74,0
19107,74,0
19108,72,0
19109,76,0
19110,76,0
19111,76,0
19112,76,0
19113,78,0
19114,76,0
19115,76,0
19116,76,0
19117,74,0
19118,76,0
19119,76,0
19120,72,0
19121,74,0
19122,76,0
19123,72,0
19124,74,0
19125,74,0
19126,72,0
19127,74,0
19128,74,0
19129,76,0
19130,76,0
19131,74,0
19132,74,0
19133,76,0
19134,74,0
19135,76,0
19136,76,0
19137,72,0
19138,74,0
19139,72,0
19140,74,0
19141,76,0
19142,76,0
19143,76,0
19144,74,0
19145,76,0
19146,76,0
19147,74,0
19148,76,0
19149,76,0
19150,76,0
19151,76,0
19152,76,0
19153,74,0
19154,74,0
19155,76,0
19156,74,0
19157,76,0
19158,76,0
19159,76,0
19160,74,0
19161,74,0
19162,76,0
19163,74,0
19164,72,0
19165,76,0
19166,76,0
19167,74,0
19168,74,0
19169,74,0
19170,74,0
19171,74,0
19172,76,0
19173,76,0
19174,76,0
19175,76,0
19176,76,0
19177,74,0
19178,74,0
19179,76,0
19180,76,0
19181,76,0
19182,76,0
19183,76,0
19184,76,0
19185,76,0
19186,74,0
19187,74,0
19188,74,0
19189,74,0
19190,76,0
19191,76,0
19192,76,0
19193,74,0
19194,76,0
19195,74,0
19196,76,0
19197,76,0
19198,76,0
19199,76,0
19200,72,0
19201,74,0
19202,74,0
19203,74,0
19204,74,0
19205,74,0
19206,74,0
19207,74,0
19208,74,0
19209,76,0
19210,74,0
19211,74,0
19212,74,0
19213,74,0
19214,76,0
19215,74,0
19216,76,0
19217,74,0
19218,74,0
19219,76,0
19220,76,0
19221,74,0
19222,78,0
19223,72,0
19224,72,0
19225,74,0
19226,76,0
19227,74,0
19228,76,0
19229,76,0
19230,78,0
19231,76,0
19232,76,0
19233,74,0
19234,76,0
19235,74,0
19236,74,0
19237,74,0
19238,74,0
19239,74,0
19240,76,0
19241,72,0
19242,76,0
19243,76,0
19244,74,0
19245,76,0
19246,76,0
19247,76,0
19248,76,0
19249,74,0
19250,76,0
19251,76,0
19252,72,0
19253,76,0
19254,76,0
19255,72,0
19256,74,0
19257,76,0
19258,74,0
19259,74,0
19260,76,0
19261,74,0
19262,74,0
19263,72,0
19264,76,0
19265,74,0
19266,76,0
19267,78,0
19268,76,0
19269,74,0
19270,76,0
19271,76,0
19272,74,0
19273,76,0
19274,76,0
19275,74,0
19276,76,0
19277,76,0
19278,76,0
19279,78,0
19280,72,0
19281,70,0
19282,74,0
19283,74,0
19284,72,0
19285,74,0
19286,74,0
19287,74,0
19288,74,0
19289,74,0
19290,72,0
19291,76,0
19292,74,0
19293,76,0
19294,76,0
19295,76,0
19296,74,0
19297,74,0
19298,74,0
19299,74,0
19300,72,0
19301,72,0
19302,76,0
19303,76,0
19304,74,0
19305,74,0
19306,74,0
19307,74,0
19308,76,0
19309,74,0
19310,74,0
19311,74,0
19312,74,0
19313,72,0
19314,74,0
19315,74,0
19316,76,0
19317,74,0
19318,74,0
19319,76,0
19320,76,0
19321,76,0
19322,72,0
19323,74,0
19324,74,0
19325,76,0
19326,76,0
19327,74,0
19328,74,0
19329,72,0
19330,74,0
19331,74,0
19332,78,0
19333,76,0
19334,74,0
19335,76,0
19336,74,0
19337,78,0
19338,76,0
19339,76,0
19340,76,0
19341,74,0
19342,74,0
19343,74,0
19344,78,0
19345,76,0
19346,76,0
19347,76,0
19348,74,0
19349,74,0
19350,76,0
19351,74,0
19352,74,0
19353,74,0
19354,74,0
19355,74,0
19356,76,0
19357,76,0
19358,74,0
19359,74,0
19360,74,0
19361,76,0
19362,78,0
19363,76,0
19364,76,0
19365,76,0
19366,78,0
19367,76,0
19368,74,0
19369,74,0
19370,72,0
19371,76,0
19372,74,0
19373,74,0
19374,76,0
19375,74,0
19376,74,0
19377,74,0
19378,74,0
19379,74,0
19380,74,0
19381,76,0
19382,74,0
19383,72,0
19384,76,0
19385,74,0
19386,76,0
19387,74,0
19388,76,0
19389,74,0
19390,74,0
19391,76,0
19392,78,0
19393,74,0
19394,74,0
19395,74,0
19396,74,0
19397,72,0
19398,76,0
19399,74,0
19400,74,0
19401,74,0
19402,72,0
19403,74,0
19404,76,0
19405,76,0
19406,72,0
19407,74,0
19408,72,0
19409,74,0
19410,74,0
19411,74,0
19412,74,0
19413,72,0
19414,76,0
19415,76,0
19416,76,0
19417,72,0
19418,76,0
19419,74,0
19420,76,0
19421,74,0
19422,76,0
19423,76,0
19424,76,0
19425,78,0
19426,76,0
19427,74,0
19428,74,0
19429,76,0
19430,76,0
19431,72,0
19432,74,0
19433,76,0
19434,72,0
19435,74,0
19436,74,0
19437,74,0
19438,76,0
19439,74,0
19440,74,0
19441,76,0
19442,76,0
19443,76,0
19444,76,0
19445,78,0
19446,76,0
19447,72,0
19448,74,0
19449,76,0
19450,74,0
19451,76,0
19452,76,0
19453,74,0
19454,78,0
19455,78,0
19456,74,0
19457,74,0
19458,74,0
19459,76,0
19460,76,0
19461,76,0
19462,76,0
19463,76,0
19464,76,0
19465,76,0
19466,76,0
19467,76,0
19468,76,0
19469,76,0
19470,76,0
19471,76,0
19472,76,0
19473,74,0
19474,76,0
19475,74,0
19476,74,0
19477,74,0
19478,74,0
19479,74,0
19480,74,0
19481,74,0
19482,74,0
19483,74,0
19484,74,0
19485,74,0
19486,74,0
19487,74,0
19488,74,0
19489,74,0
19490,74,0
19491,74,0
19492,74,0
19493,74,0
19494,74,0
19495,74,0
19496,74,0
19497,72,0
19498,74,0
19499,74,0
19500,74,0
19501,76,0
19502,74,0
19503,74,0
19504,74,0
19505,74,0
19506,74,0
19507,74,0
19508,74,0
19509,74,0
19510,74,0
19511,76,0
19512,74,0
19513,74,0
19514,74,0
19515,74,0
19516,74,0
19517,72,0
19518,74,0
19519,74,0
19520,76,0
19521,74,0
19522,74,0
19523,74,0
19524,74,0
19525,74,0
19526,76,0
19527,76,0
19528,76,0
19529,76,0
19530,76,0
19531,76,0
19532,76,0
19533,74,0
19534,76,0
19535,76,0
19536,76,0
19537,72,0
19538,76,0
19539,74,0
19540,76,0
19541,78,0
19542,74,0
19543,72,0
19544,78,0
19545,72,0
19546,76,0
19547,74,0
19548,76,0
19549,74,0
19550,76,0
19551,76,0
19552,76,0
19553,76,0
19554,76,0
19555,74,0
19556,76,0
19557,74,0
19558,76,0
19559,72,0
19560,74,0
19561,76,0
19562,76,0
19563,76,0
19564,76,0
19565,76,0
19566,74,0
19567,74,0
19568,76,0
19569,76,0
19570,74,0
19571,74,0
19572,76,0
19573,76,0
19574,76,0
19575,74,0
19576,76,0
19577,74,0
19578,78,0
19579,74,0
19580,72,0
19581,76,0
19582,76,0
19583,74,0
19584,74,0
19585,76,0
19586,74,0
19587,76,0
19588,74,0
19589,76,0
19590,72,0
19591,76,0
19592,74,0
19593,76,0
19594,76,0
19595,76,0
19596,74,0
19597,72,0
19598,76,0
19599,74,0
19600,76,0
19601,76,0
19602,76,0
19603,72,0
19604,74,0
19605,78,0
19606,74,0
19607,74,0
19608,76,0
19609,76,0
19610,74,0
19611,74,0
19612,74,0
19613,74,0
19614,76,0
19615,76,0
19616,76,0
19617,78,0
19618,72,0
19619,72,0
19620,74,0
19621,76,0
19622,76,0
19623,76,0
19624,76,0
19625,76,0
19626,86,0
19627,74,0
19628,74,0
19629,76,0
19630,74,0
19631,74,0
19632,74,0
19633,72,0
19634,74,0
19635,74,0
19636,74,0
19637,74,0
19638,76,0
19639,74,0
19640,74,0
19641,74,0
19642,74,0
19643,74,0
19644,72,0
19645,74,0
19646,74,0
19647,72,0
19648,74,0
19649,74,0
19650,74,0
19651,74,0
19652,74,0
19653,74,0
19654,76,0
19655,74,0
19656,76,0
19657,74,0
19658,74,0
19659,74,0
19660,74,0
19661,76,0
19662,74,0
19663,74,0
19664,74,0
19665,74,0
19666,74,0
19667,72,0
19668,74,0
19669,74,0
19670,74,0
19671,72,0
19672,74,0
19673,74,0
19674,74,0
19675,76,0
19676,74,0
19677,72,0
19678,74,0
19679,74,0
19680,74,0
19681,74,0
19682,74,0
19683,74,0
19684,70,0
19685,74,0
19686,74,0
19687,74,0
19688,74,0
19689,76,0
19690,74,0
19691,72,0
19692,72,0
19693,74,0
19694,74,0
19695,74,0
19696,74,0
19697,72,0
19698,74,0
19699,74,0
19700,76,0
19701,76,0
19702,74,0
19703,74,0
19704,74,0
19705,74,0
19706,74,0
19707,74,0
19708,76,0
19709,76,0
19710,74,0
19711,74,0
19712,72,0
19713,74,0
19714,74,0
19715,74,0
19716,76,0
19717,72,0
19718,74,0
19719,74,0
19720,72,0
19721,74,0
19722,74,0
19723,72,0
19724,74,0
19725,72,0
19726,74,0
19727,72,0
19728,74,0
19729,74,0
19730,74,0
19731,72,0
19732,76,0
19733,74,0
19734,74,0
19735,76,0
19736,74,0
19737,76,0
19738,76,0
19739,76,0
19740,76,0
19741,74,0
19742,76,0
19743,76,0
19744,78,0
19745,76,0
19746,76,0
19747,76,0
19748,76,0
19749,74,0
19750,74,0
19751,76,0
19752,74,0
19753,76,0
19754,76,0
19755,76,0
19756,76,0
19757,76,0
19758,76,0
19759,76,0
19760,74,0
19761,76,0
19762,76,0
19763,74,0
19764,72,0
19765,74,0
19766,76,0
19767,74,0
19768,74,0
19769,72,0
19770,76,0
19771,74,0
19772,76,0
19773,76,0
19774,74,0
19775,74,0
19776,74,0
19777,74,0
19778,76,0
19779,74,0
19780,74,0
19781,74,0
19782,74,0
19783,74,0
19784,74,0
19785,74,0
19786,74,0
19787,76,0
19788,76,0
19789,76,0
19790,74,0
19791,74,0
19792,74,0
19793,78,0
19794,78,0
19795,76,0
19796,76,0
19797,74,0
19798,76,0
19799,76,0
19800,72,0
19801,74,0
19802,74,0
19803,74,0
19804,74,0
19805,72,0
19806,74,0
19807,74,0
19808,74,0
19809,74,0
19810,74,0
19811,74,0
19812,74,0
19813,74,0
19814,76,0
19815,72,0
19816,76,0
19817,74,0
19818,74,0
19819,74,0
19820,74,0
19821,76,0
19822,74,0
19823,74,0
19824,74,0
19825,74,0
19826,72,0
19827,74,0
19828,74,0
19829,74,0
19830,76,0
19831,74,0
19832,74,0
19833,76,0
19834,74,0
19835,76,0
19836,72,0
19837,74,0
19838,74,0
19839,74,0
19840,74,0
19841,72,0
19842,74,0
19843,74,0
19844,74,0
19845,74,0
19846,74,0
19847,74,0
19848,76,0
19849,74,0
19850,76,0
19851,76,0
19852,74,0
19853,74,0
19854,74,0
19855,76,0
19856,76,0
19857,74,0
19858,76,0
19859,74,0
19860,74,0
19861,74,0
19862,72,0
19863,74,0
19864,74,0
19865,74,0
19866,74,0
19867,72,0
19868,72,0
19869,74,0
19870,76,0
19871,74,0
19872,74,0
19873,74,0
19874,74,0
19875,74,0
19876,74,0
19877,72,0
19878,74,0
19879,74,0
19880,74,0
19881,76,0
19882,74,0
19883,74,0
19884,74,0
19885,74,0
19886,70,0
19887,74,0
19888,74,0
19889,74,0
19890,74,0
19891,74,0
19892,76,0
19893,76,0
19894,74,0
19895,74,0
19896,74,0
19897,74,0
19898,74,0
19899,76,0
19900,74,0
19901,74,0
19902,74,0
19903,74,0
19904,74,0
19905,74,0
19906,74,0
19907,74,0
19908,74,0
19909,76,0
19910,74,0
19911,74,0
19912,74,0
19913,76,0
19914,76,0
19915,76,0
19916,76,0
19917,78,0
19918,74,0
19919,74,0
19920,74,0
19921,76,0
19922,74,0
19923,74,0
19924,74,0
19925,76,0
19926,74,0
19927,74,0
19928,74,0
19929,74,0
19930,74,0
19931,74,0
19932,74,0
19933,74,0
19934,74,0
19935,74,0
19936,74,0
19937,74,0
19938,74,0
19939,74,0
19940,74,0
19941,74,0
19942,74,0
19943,74,0
19944,76,0
19945,74,0
19946,74,0
19947,74,0
19948,74,0
19949,74,0
19950,72,0
19951,74,0
19952,76,0
19953,74,0
19954,78,0
19955,76,0
19956,72,0
19957,72,0
19958,74,0
19959,74,0
19960,74,0
19961,74,0
19962,72,0
19963,72,0
19964,76,0
19965,74,0
19966,74,0
19967,74,0
19968,74,0
19969,74,0
19970,76,0
19971,74,0
19972,74,0
19973,74,0
19974,72,0
19975,74,0
19976,72,0
19977,74,0
19978,74,0
19979,74,0
19980,72,0
19981,74,0
19982,74,0
19983,74,0
19984,76,0
19985,74,0
19986,74,0
19987,74,0
19988,74,0
19989,74,0
19990,72,0
19991,72,0
19992,74,0
19993,76,0
19994,74,0
19995,74,0
19996,76,0
19997,74,0
19998,74,0
19999,74,0
