trial,reload_ticks,classified_evicted
0,96,0
1,96,0
2,96,0
3,92,0
4,100,0
5,94,0
6,96,0
7,98,0
8,96,0
9,94,0
10,94,0
11,96,0
12,94,0
13,96,0
14,98,0
15,98,0
16,96,0
17,96,0
18,96,0
19,96,0
20,100,0
21,96,0
22,100,0
23,96,0
24,96,0
25,96,0
26,96,0
27,96,0
28,96,0
29,96,0
30,96,0
31,96,0
32,94,0
33,90,0
34,96,0
35,92,0
36,96,0
37,96,0
38,96,0
39,94,0
40,96,0
41,96,0
42,92,0
43,96,0
44,94,0
45,94,0
46,96,0
47,96,0
48,98,0
49,96,0
50,96,0
51,96,0
52,96,0
53,94,0
54,96,0
55,94,0
56,96,0
57,94,0
58,96,0
59,94,0
60,96,0
61,96,0
62,94,0
63,96,0
64,94,0
65,100,0
66,96,0
67,96,0
68,96,0
69,98,0
70,94,0
71,100,0
72,96,0
73,98,0
74,96,0
75,92,0
76,96,0
77,100,0
78,96,0
79,96,0
80,98,0
81,96,0
82,94,0
83,96,0
84,96,0
85,96,0
86,96,0
87,96,0
88,98,0
89,96,0
90,90,0
91,96,0
92,96,0
93,96,0
94,96,0
95,96,0
96,94,0
97,96,0
98,96,0
99,96,0
100,96,0
101,96,0
102,96,0
103,96,0
104,100,0
105,94,0
106,96,0
107,94,0
108,94,0
109,96,0
110,96,0
111,96,0
112,100,0
113,96,0
114,96,0
115,96,0
116,96,0
117,96,0
118,96,0
119,96,0
120,96,0
121,98,0
122,94,0
123,96,0
124,96,0
125,96,0
126,92,0
127,100,0
128,94,0
129,100,0
130,94,0
131,94,0
132,100,0
133,96,0
134,98,0
135,96,0
136,96,0
137,96,0
138,96,0
139,96,0
140,100,0
141,96,0
142,92,0
143,94,0
144,96,0
145,96,0
146,94,0
147,94,0
148,98,0
149,96,0
150,94,0
151,94,0
152,96,0
153,94,0
154,96,0
155,94,0
156,96,0
157,96,0
158,96,0
159,96,0
160,100,0
161,96,0
162,96,0
163,96,0
164,96,0
165,94,0
166,96,0
167,96,0
168,94,0
169,96,0
170,96,0
171,96,0
172,94,0
173,96,0
174,94,0
175,96,0
176,96,0
177,96,0
178,98,0
179,96,0
180,100,0
181,96,0
182,96,0
183,96,0
184,96,0
185,96,0
186,96,0
187,96,0
188,94,0
189,98,0
190,96,0
191,96,0
192,96,0
193,96,0
194,96,0
195,94,0
196,96,0
197,96,0
198,100,0
199,96,0
200,96,0
201,94,0
202,94,0
203,96,0
204,96,0
205,92,0
206,92,0
207,100,0
208,96,0
209,96,0
210,96,0
211,98,0
212,96,0
213,96,0
214,96,0
215,100,0
216,96,0
217,96,0
218,96,0
219,96,0
220,96,0
221,98,0
222,96,0
223,96,0
224,94,0
225,94,0
226,96,0
227,96,0
228,98,0
229,98,0
230,98,0
231,96,0
232,94,0
233,100,0
234,98,0
235,96,0
236,96,0
237,94,0
238,96,0
239,96,0
240,96,0
241,96,0
242,100,0
243,96,0
244,94,0
245,96,0
246,96,0
247,96,0
248,94,0
249,98,0
250,96,0
251,102,0
252,98,0
253,94,0
254,96,0
255,94,0
256,96,0
257,94,0
258,96,0
259,96,0
260,94,0
261,98,0
262,96,0
263,96,0
264,96,0
265,96,0
266,96,0
267,96,0
268,100,0
269,100,0
270,96,0
271,96,0
272,96,0
273,96,0
274,96,0
275,94,0
276,96,0
277,98,0
278,96,0
279,96,0
280,96,0
281,94,0
282,96,0
283,96,0
284,96,0
285,96,0
286,96,0
287,96,0
288,96,0
289,94,0
290,96,0
291,94,0
292,96,0
293,96,0
294,96,0
295,96,0
296,96,0
297,96,0
298,96,0
299,94,0
300,96,0
301,96,0
302,96,0
303,100,0
304,96,0
305,92,0
306,96,0
307,96,0
308,100,0
309,96,0
310,94,0
311,94,0
312,94,0
313,94,0
314,96,0
315,94,0
316,96,0
317,94,0
318,94,0
319,96,0
320,94,0
321,96,0
322,96,0
323,96,0
324,94,0
325,96,0
326,96,0
327,94,0
328,96,0
329,96,0
330,96,0
331,92,0
332,100,0
333,96,0
334,100,0
335,94,0
336,94,0
337,94,0
338,96,0
339,96,0
340,96,0
341,96,0
342,92,0
343,96,0
344,96,0
345,96,0
346,94,0
347,96,0
348,94,0
349,96,0
350,96,0
351,96,0
352,96,0
353,96,0
354,96,0
355,96,0
356,96,0
357,100,0
358,96,0
359,96,0
360,96,0
361,96,0
362,98,0
363,94,0
364,96,0
365,92,0
366,94,0
367,96,0
368,98,0
369,96,0
370,100,0
371,96,0
372,94,0
373,94,0
374,98,0
375,96,0
376,96,0
377,96,0
378,96,0
379,96,0
380,96,0
381,96,0
382,96,0
383,96,0
384,98,0
385,96,0
386,92,0
387,96,0
388,96,0
389,96,0
390,96,0
391,96,0
392,96,0
393,96,0
394,98,0
395,96,0
396,96,0
397,96,0
398,96,0
399,96,0
400,100,0
401,96,0
402,96,0
403,96,0
404,96,0
405,96,0
406,96,0
407,96,0
408,96,0
409,96,0
410,96,0
411,96,0
412,100,0
413,100,0
414,96,0
415,96,0
416,96,0
417,98,0
418,96,0
419,96,0
420,94,0
421,96,0
422,98,0
423,98,0
424,94,0
425,98,0
426,96,0
427,98,0
428,98,0
429,96,0
430,96,0
431,96,0
432,96,0
433,100,0
434,92,0
435,96,0
436,96,0
437,96,0
438,94,0
439,96,0
440,96,0
441,94,0
442,94,0
443,94,0
444,94,0
445,96,0
446,96,0
447,94,0
448,94,0
449,96,0
450,96,0
451,94,0
452,96,0
453,96,0
454,96,0
455,96,0
456,96,0
457,94,0
458,96,0
459,96,0
460,100,0
461,96,0
462,96,0
463,94,0
464,96,0
465,96,0
466,96,0
467,92,0
468,94,0
469,98,0
470,94,0
471,94,0
472,98,0
473,96,0
474,96,0
475,94,0
476,94,0
477,96,0
478,100,0
479,96,0
480,96,0
481,96,0
482,96,0
483,96,0
484,96,0
485,96,0
486,96,0
487,96,0
488,96,0
489,96,0
490,94,0
491,96,0
492,100,0
493,98,0
494,100,0
495,94,0
496,96,0
497,96,0
498,100,0
499,94,0
500,96,0
501,96,0
502,96,0
503,96,0
504,96,0
505,96,0
506,96,0
507,96,0
508,100,0
509,94,0
510,96,0
511,96,0
512,96,0
513,96,0
514,96,0
515,94,0
516,96,0
517,94,0
518,100,0
519,96,0
520,100,0
521,94,0
522,96,0
523,96,0
524,98,0
525,96,0
526,96,0
527,96,0
528,96,0
529,96,0
530,96,0
531,94,0
532,96,0
533,96,0
534,100,0
535,94,0
536,96,0
537,96,0
538,98,0
539,96,0
540,96,0
541,94,0
542,96,0
543,94,0
544,96,0
545,96,0
546,96,0
547,96,0
548,98,0
549,96,0
550,96,0
551,96,0
552,96,0
553,96,0
554,96,0
555,96,0
556,96,0
557,96,0
558,96,0
559,96,0
560,94,0
561,96,0
562,94,0
563,96,0
564,96,0
565,96,0
566,94,0
567,96,0
568,96,0
569,96,0
570,96,0
571,96,0
572,96,0
573,96,0
574,96,0
575,96,0
576,96,0
577,96,0
578,96,0
579,96,0
580,96,0
581,96,0
582,96,0
583,96,0
584,96,0
585,96,0
586,94,0
587,96,0
588,96,0
589,96,0
590,96,0
591,96,0
592,96,0
593,94,0
594,94,0
595,96,0
596,100,0
597,96,0
598,96,0
599,96,0
600,94,0
601,94,0
602,92,0
603,96,0
604,96,0
605,100,0
606,96,0
607,96,0
608,96,0
609,96,0
610,96,0
611,96,0
612,94,0
613,96,0
614,96,0
615,96,0
616,96,0
617,96,0
618,96,0
619,96,0
620,96,0
621,96,0
622,92,0
623,96,0
624,96,0
625,96,0
626,94,0
627,96,0
628,92,0
629,96,0
630,96,0
631,94,0
632,96,0
633,94,0
634,96,0
635,96,0
636,96,0
637,96,0
638,96,0
639,96,0
640,96,0
641,96,0
642,96,0
643,100,0
644,96,0
645,100,0
646,94,0
647,96,0
648,100,0
649,96,0
650,96,0
651,94,0
652,94,0
653,96,0
654,94,0
655,96,0
656,94,0
657,98,0
658,94,0
659,96,0
660,94,0
661,96,0
662,96,0
663,98,0
664,98,0
665,96,0
666,92,0
667,96,0
668,96,0
669,96,0
670,96,0
671,100,0
672,98,0
673,94,0
674,96,0
675,96,0
676,96,0
677,96,0
678,96,0
679,94,0
680,96,0
681,96,0
682,96,0
683,94,0
684,94,0
685,96,0
686,92,0
687,96,0
688,96,0
689,96,0
690,96,0
691,96,0
692,94,0
693,94,0
694,96,0
695,94,0
696,96,0
697,96,0
698,96,0
699,96,0
700,96,0
701,96,0
702,96,0
703,94,0
704,96,0
705,94,0
706,100,0
707,96,0
708,96,0
709,94,0
710,96,0
711,94,0
712,96,0
713,96,0
714,96,0
715,96,0
716,96,0
717,94,0
718,96,0
719,94,0
720,96,0
721,96,0
722,98,0
723,94,0
724,98,0
725,92,0
726,98,0
727,96,0
728,96,0
729,96,0
730,96,0
731,96,0
732,96,0
733,96,0
734,92,0
735,96,0
736,96,0
737,96,0
738,100,0
739,96,0
740,96,0
741,94,0
742,94,0
743,94,0
744,96,0
745,96,0
746,96,0
747,96,0
748,96,0
749,96,0
750,96,0
751,96,0
752,96,0
753,96,0
754,96,0
755,96,0
756,96,0
757,94,0
758,96,0
759,94,0
760,96,0
761,98,0
762,96,0
763,96,0
764,96,0
765,96,0
766,96,0
767,94,0
768,96,0
769,94,0
770,94,0
771,96,0
772,94,0
773,98,0
774,94,0
775,98,0
776,96,0
777,96,0
778,100,0
779,96,0
780,96,0
781,96,0
782,94,0
783,94,0
784,96,0
785,98,0
786,94,0
787,94,0
788,94,0
789,96,0
790,94,0
791,96,0
792,94,0
793,92,0
794,96,0
795,96,0
796,96,0
797,96,0
798,96,0
799,96,0
800,96,0
801,96,0
802,96,0
803,96,0
804,98,0
805,94,0
806,96,0
807,96,0
808,94,0
809,94,0
810,96,0
811,94,0
812,94,0
813,96,0
814,100,0
815,96,0
816,96,0
817,96,0
818,96,0
819,96,0
820,98,0
821,96,0
822,94,0
823,96,0
824,94,0
825,94,0
826,98,0
827,96,0
828,96,0
829,96,0
830,98,0
831,96,0
832,94,0
833,96,0
834,96,0
835,94,0
836,94,0
837,92,0
838,94,0
839,96,0
840,96,0
841,94,0
842,96,0
843,94,0
844,96,0
845,96,0
846,96,0
847,96,0
848,94,0
849,98,0
850,96,0
851,98,0
852,100,0
853,96,0
854,96,0
855,96,0
856,96,0
857,96,0
858,98,0
859,96,0
860,98,0
861,96,0
862,96,0
863,96,0
864,96,0
865,96,0
866,94,0
867,100,0
868,94,0
869,94,0
870,96,0
871,96,0
872,92,0
873,96,0
874,98,0
875,96,0
876,94,0
877,96,0
878,96,0
879,96,0
880,94,0
881,96,0
882,96,0
883,96,0
884,94,0
885,96,0
886,96,0
887,94,0
888,96,0
889,98,0
890,96,0
891,96,0
892,96,0
893,98,0
894,96,0
895,100,0
896,96,0
897,96,0
898,98,0
899,96,0
900,98,0
901,98,0
902,98,0
903,94,0
904,96,0
905,96,0
906,96,0
907,96,0
908,96,0
909,94,0
910,96,0
911,96,0
912,100,0
913,96,0
914,96,0
915,96,0
916,94,0
917,94,0
918,98,0
919,96,0
920,96,0
921,100,0
922,96,0
923,98,0
924,96,0
925,98,0
926,94,0
927,96,0
928,96,0
929,96,0
930,96,0
931,96,0
932,96,0
933,96,0
934,96,0
935,96,0
936,96,0
937,96,0
938,96,0
939,100,0
940,96,0
941,96,0
942,96,0
943,94,0
944,96,0
945,96,0
946,94,0
947,96,0
948,96,0
949,96,0
950,96,0
951,96,0
952,96,0
953,96,0
954,96,0
955,96,0
956,96,0
957,94,0
958,96,0
959,96,0
960,94,0
961,96,0
962,96,0
963,100,0
964,94,0
965,96,0
966,96,0
967,98,0
968,100,0
969,100,0
970,96,0
971,96,0
972,96,0
973,96,0
974,96,0
975,94,0
976,96,0
977,96,0
978,98,0
979,96,0
980,96,0
981,100,0
982,94,0
983,96,0
984,96,0
985,96,0
986,96,0
987,96,0
988,98,0
989,94,0
990,96,0
991,96,0
992,96,0
993,94,0
994,96,0
995,98,0
996,96,0
997,100,0
998,96,0
999,94,0
1000,96,0
1001,96,0
1002,94,0
1003,98,0
1004,98,0
1005,96,0
1006,96,0
1007,96,0
1008,94,0
1009,96,0
1010,96,0
1011,96,0
1012,96,0
1013,96,0
1014,94,0
1015,96,0
1016,96,0
1017,96,0
1018,96,0
1019,96,0
1020,96,0
1021,96,0
1022,100,0
1023,96,0
1024,96,0
1025,94,0
1026,96,0
1027,98,0
1028,96,0
1029,96,0
1030,96,0
1031,96,0
1032,96,0
1033,96,0
1034,100,0
1035,94,0
1036,94,0
1037,96,0
1038,96,0
1039,96,0
1040,98,0
1041,94,0
1042,94,0
1043,96,0
1044,96,0
1045,96,0
1046,96,0
1047,100,0
1048,94,0
1049,96,0
1050,96,0
1051,96,0
1052,96,0
1053,96,0
1054,96,0
1055,94,0
1056,96,0
1057,96,0
1058,100,0
1059,96,0
1060,96,0
1061,96,0
1062,92,0
1063,96,0
1064,98,0
1065,96,0
1066,96,0
1067,96,0
1068,96,0
1069,96,0
1070,96,0
1071,96,0
1072,96,0
1073,96,0
1074,96,0
1075,96,0
1076,92,0
1077,96,0
1078,96,0
1079,94,0
1080,96,0
1081,96,0
1082,96,0
1083,94,0
1084,98,0
1085,94,0
1086,96,0
1087,94,0
1088,96,0
1089,96,0
1090,94,0
1091,96,0
1092,96,0
1093,94,0
1094,96,0
1095,96,0
1096,96,0
1097,100,0
1098,96,0
1099,96,0
1100,92,0
1101,96,0
1102,98,0
1103,96,0
1104,94,0
1105,98,0
1106,96,0
1107,100,0
1108,96,0
1109,94,0
1110,96,0
1111,96,0
1112,96,0
1113,100,0
1114,96,0
1115,96,0
1116,96,0
1117,96,0
1118,100,0
1119,96,0
1120,96,0
1121,96,0
1122,96,0
1123,96,0
1124,96,0
1125,94,0
1126,96,0
1127,96,0
1128,96,0
1129,96,0
1130,96,0
1131,96,0
1132,96,0
1133,96,0
1134,94,0
1135,96,0
1136,100,0
1137,94,0
1138,96,0
1139,96,0
1140,96,0
1141,96,0
1142,96,0
1143,96,0
1144,96,0
1145,96,0
1146,94,0
1147,96,0
1148,100,0
1149,96,0
1150,94,0
1151,96,0
1152,94,0
1153,96,0
1154,96,0
1155,94,0
1156,96,0
1157,96,0
1158,94,0
1159,96,0
1160,96,0
1161,98,0
1162,96,0
1163,96,0
1164,94,0
1165,94,0
1166,96,0
1167,100,0
1168,94,0
1169,96,0
1170,96,0
1171,96,0
1172,94,0
1173,96,0
1174,98,0
1175,94,0
1176,96,0
1177,96,0
1178,96,0
1179,96,0
1180,96,0
1181,96,0
1182,96,0
1183,98,0
1184,94,0
1185,96,0
1186,96,0
1187,96,0
1188,96,0
1189,96,0
1190,96,0
1191,96,0
1192,96,0
1193,96,0
1194,96,0
1195,96,0
1196,96,0
1197,96,0
1198,96,0
1199,96,0
1200,96,0
1201,96,0
1202,96,0
1203,98,0
1204,96,0
1205,96,0
1206,96,0
1207,96,0
1208,96,0
1209,96,0
1210,96,0
1211,96,0
1212,100,0
1213,96,0
1214,98,0
1215,100,0
1216,94,0
1217,98,0
1218,96,0
1219,94,0
1220,96,0
1221,96,0
1222,96,0
1223,96,0
1224,96,0
1225,94,0
1226,96,0
1227,96,0
1228,96,0
1229,96,0
1230,100,0
1231,94,0
1232,96,0
1233,100,0
1234,98,0
1235,96,0
1236,94,0
1237,96,0
1238,94,0
1239,96,0
1240,96,0
1241,94,0
1242,98,0
1243,100,0
1244,96,0
1245,96,0
1246,96,0
1247,100,0
1248,96,0
1249,96,0
1250,96,0
1251,96,0
1252,96,0
1253,96,0
1254,96,0
1255,94,0
1256,96,0
1257,96,0
1258,94,0
1259,96,0
1260,96,0
1261,96,0
1262,98,0
1263,96,0
1264,94,0
1265,96,0
1266,96,0
1267,96,0
1268,96,0
1269,96,0
1270,98,0
1271,96,0
1272,100,0
1273,94,0
1274,96,0
1275,94,0
1276,96,0
1277,94,0
1278,96,0
1279,96,0
1280,96,0
1281,92,0
1282,96,0
1283,94,0
1284,96,0
1285,96,0
1286,94,0
1287,100,0
1288,96,0
1289,96,0
1290,96,0
1291,96,0
1292,96,0
1293,96,0
1294,96,0
1295,96,0
1296,96,0
1297,96,0
1298,96,0
1299,96,0
1300,96,0
1301,96,0
1302,96,0
1303,96,0
1304,96,0
1305,96,0
1306,96,0
1307,96,0
1308,96,0
1309,96,0
1310,96,0
1311,96,0
1312,96,0
1313,94,0
1314,96,0
1315,96,0
1316,94,0
1317,96,0
1318,94,0
1319,96,0
1320,94,0
1321,94,0
1322,94,0
1323,96,0
1324,96,0
1325,100,0
1326,96,0
1327,94,0
1328,96,0
1329,96,0
1330,100,0
1331,100,0
1332,96,0
1333,96,0
1334,96,0
1335,100,0
1336,94,0
1337,94,0
1338,96,0
1339,96,0
1340,100,0
1341,94,0
1342,96,0
1343,96,0
1344,96,0
1345,98,0
1346,92,0
1347,100,0
1348,92,0
1349,96,0
1350,94,0
1351,96,0
1352,96,0
1353,94,0
1354,100,0
1355,96,0
1356,94,0
1357,96,0
1358,96,0
1359,100,0
1360,96,0
1361,96,0
1362,96,0
1363,96,0
1364,96,0
1365,96,0
1366,96,0
1367,96,0
1368,96,0
1369,96,0
1370,96,0
1371,96,0
1372,98,0
1373,96,0
1374,96,0
1375,100,0
1376,96,0
1377,96,0
1378,96,0
1379,96,0
1380,96,0
1381,96,0
1382,96,0
1383,96,0
1384,96,0
1385,96,0
1386,96,0
1387,96,0
1388,96,0
1389,96,0
1390,96,0
1391,96,0
1392,96,0
1393,96,0
1394,94,0
1395,96,0
1396,96,0
1397,96,0
1398,96,0
1399,96,0
1400,96,0
1401,100,0
1402,96,0
1403,96,0
1404,96,0
1405,96,0
1406,96,0
1407,96,0
1408,98,0
1409,98,0
1410,100,0
1411,96,0
1412,96,0
1413,96,0
1414,94,0
1415,94,0
1416,96,0
1417,96,0
1418,96,0
1419,92,0
1420,96,0
1421,96,0
1422,96,0
1423,96,0
1424,96,0
1425,96,0
1426,96,0
1427,94,0
1428,94,0
1429,96,0
1430,96,0
1431,96,0
1432,96,0
1433,96,0
1434,96,0
1435,96,0
1436,96,0
1437,96,0
1438,96,0
1439,96,0
1440,96,0
1441,96,0
1442,96,0
1443,94,0
1444,96,0
1445,96,0
1446,96,0
1447,96,0
1448,98,0
1449,96,0
1450,98,0
1451,96,0
1452,96,0
1453,94,0
1454,94,0
1455,96,0
1456,96,0
1457,96,0
1458,100,0
1459,96,0
1460,94,0
1461,98,0
1462,96,0
1463,96,0
1464,96,0
1465,96,0
1466,96,0
1467,96,0
1468,96,0
1469,98,0
1470,98,0
1471,96,0
1472,94,0
1473,96,0
1474,96,0
1475,96,0
1476,94,0
1477,96,0
1478,94,0
1479,98,0
1480,96,0
1481,96,0
1482,96,0
1483,96,0
1484,100,0
1485,96,0
1486,94,0
1487,96,0
1488,94,0
1489,96,0
1490,94,0
1491,96,0
1492,96,0
1493,96,0
1494,96,0
1495,94,0
1496,94,0
1497,94,0
1498,94,0
1499,96,0
1500,96,0
1501,96,0
1502,96,0
1503,96,0
1504,96,0
1505,96,0
1506,96,0
1507,96,0
1508,96,0
1509,96,0
1510,96,0
1511,96,0
1512,96,0
1513,96,0
1514,98,0
1515,94,0
1516,96,0
1517,96,0
1518,100,0
1519,100,0
1520,96,0
1521,94,0
1522,98,0
1523,98,0
1524,90,0
1525,96,0
1526,96,0
1527,96,0
1528,94,0
1529,96,0
1530,94,0
1531,96,0
1532,96,0
1533,100,0
1534,100,0
1535,96,0
1536,96,0
1537,96,0
1538,96,0
1539,96,0
1540,94,0
1541,96,0
1542,96,0
1543,96,0
1544,96,0
1545,96,0
1546,94,0
1547,96,0
1548,96,0
1549,96,0
1550,96,0
1551,96,0
1552,96,0
1553,96,0
1554,96,0
1555,96,0
1556,96,0
1557,96,0
1558,96,0
1559,96,0
1560,94,0
1561,96,0
1562,96,0
1563,96,0
1564,96,0
1565,96,0
1566,96,0
1567,96,0
1568,96,0
1569,96,0
1570,96,0
1571,96,0
1572,96,0
1573,96,0
1574,96,0
1575,96,0
1576,96,0
1577,98,0
1578,100,0
1579,96,0
1580,94,0
1581,98,0
1582,94,0
1583,96,0
1584,100,0
1585,94,0
1586,96,0
1587,100,0
1588,98,0
1589,100,0
1590,94,0
1591,96,0
1592,96,0
1593,94,0
1594,96,0
1595,96,0
1596,94,0
1597,96,0
1598,100,0
1599,96,0
1600,96,0
1601,96,0
1602,96,0
1603,96,0
1604,94,0
1605,96,0
1606,94,0
1607,94,0
1608,94,0
1609,96,0
1610,96,0
1611,96,0
1612,96,0
1613,96,0
1614,96,0
1615,96,0
1616,94,0
1617,96,0
1618,96,0
1619,96,0
1620,96,0
1621,96,0
1622,96,0
1623,94,0
1624,96,0
1625,98,0
1626,94,0
1627,96,0
1628,94,0
1629,96,0
1630,96,0
1631,96,0
1632,96,0
1633,96,0
1634,94,0
1635,96,0
1636,100,0
1637,94,0
1638,100,0
1639,94,0
1640,96,0
1641,96,0
1642,100,0
1643,98,0
1644,94,0
1645,94,0
1646,94,0
1647,96,0
1648,94,0
1649,100,0
1650,96,0
1651,96,0
1652,96,0
1653,96,0
1654,94,0
1655,96,0
1656,94,0
1657,94,0
1658,96,0
1659,96,0
1660,96,0
1661,96,0
1662,96,0
1663,96,0
1664,98,0
1665,96,0
1666,96,0
1667,96,0
1668,94,0
1669,96,0
1670,96,0
1671,96,0
1672,98,0
1673,96,0
1674,100,0
1675,94,0
1676,96,0
1677,94,0
1678,96,0
1679,96,0
1680,96,0
1681,96,0
1682,98,0
1683,96,0
1684,96,0
1685,96,0
1686,96,0
1687,96,0
1688,96,0
1689,96,0
1690,96,0
1691,96,0
1692,96,0
1693,96,0
1694,94,0
1695,96,0
1696,96,0
1697,96,0
1698,96,0
1699,100,0
1700,100,0
1701,96,0
1702,94,0
1703,98,0
1704,100,0
1705,94,0
1706,94,0
1707,96,0
1708,100,0
1709,96,0
1710,96,0
1711,96,0
1712,100,0
1713,94,0
1714,96,0
1715,96,0
1716,98,0
1717,96,0
1718,96,0
1719,100,0
1720,100,0
1721,94,0
1722,94,0
1723,96,0
1724,94,0
1725,100,0
1726,98,0
1727,94,0
1728,94,0
1729,96,0
1730,96,0
1731,96,0
1732,96,0
1733,100,0
1734,96,0
1735,94,0
1736,96,0
1737,94,0
1738,96,0
1739,96,0
1740,96,0
1741,96,0
1742,94,0
1743,94,0
1744,96,0
1745,96,0
1746,94,0
1747,94,0
1748,96,0
1749,94,0
1750,96,0
1751,96,0
1752,94,0
1753,94,0
1754,100,0
1755,96,0
1756,96,0
1757,94,0
1758,96,0
1759,96,0
1760,96,0
1761,96,0
1762,96,0
1763,102,0
1764,98,0
1765,94,0
1766,94,0
1767,94,0
1768,96,0
1769,96,0
1770,96,0
1771,96,0
1772,96,0
1773,96,0
1774,96,0
1775,96,0
1776,96,0
1777,94,0
1778,100,0
1779,98,0
1780,96,0
1781,94,0
1782,100,0
1783,98,0
1784,96,0
1785,94,0
1786,96,0
1787,94,0
1788,96,0
1789,96,0
1790,94,0
1791,98,0
1792,96,0
1793,94,0
1794,96,0
1795,96,0
1796,96,0
1797,96,0
1798,94,0
1799,96,0
1800,96,0
1801,96,0
1802,96,0
1803,96,0
1804,94,0
1805,96,0
1806,94,0
1807,98,0
1808,96,0
1809,96,0
1810,94,0
1811,100,0
1812,100,0
1813,98,0
1814,100,0
1815,96,0
1816,96,0
1817,100,0
1818,94,0
1819,96,0
1820,96,0
1821,96,0
1822,96,0
1823,94,0
1824,96,0
1825,94,0
1826,96,0
1827,92,0
1828,96,0
1829,100,0
1830,100,0
1831,96,0
1832,96,0
1833,96,0
1834,96,0
1835,96,0
1836,96,0
1837,96,0
1838,94,0
1839,96,0
1840,98,0
1841,96,0
1842,96,0
1843,100,0
1844,96,0
1845,96,0
1846,96,0
1847,94,0
1848,96,0
1849,96,0
1850,96,0
1851,98,0
1852,96,0
1853,94,0
1854,94,0
1855,96,0
1856,96,0
1857,100,0
1858,94,0
1859,96,0
1860,96,0
1861,96,0
1862,96,0
1863,96,0
1864,96,0
1865,96,0
1866,94,0
1867,94,0
1868,100,0
1869,94,0
1870,92,0
1871,98,0
1872,96,0
1873,96,0
1874,96,0
1875,94,0
1876,96,0
1877,96,0
1878,94,0
1879,98,0
1880,98,0
1881,96,0
1882,96,0
1883,96,0
1884,96,0
1885,96,0
1886,96,0
1887,96,0
1888,96,0
1889,96,0
1890,94,0
1891,96,0
1892,94,0
1893,94,0
1894,96,0
1895,94,0
1896,96,0
1897,96,0
1898,94,0
1899,96,0
1900,100,0
1901,96,0
1902,94,0
1903,96,0
1904,96,0
1905,94,0
1906,94,0
1907,94,0
1908,96,0
1909,94,0
1910,96,0
1911,94,0
1912,96,0
1913,96,0
1914,96,0
1915,98,0
1916,96,0
1917,94,0
1918,96,0
1919,94,0
1920,96,0
1921,94,0
1922,98,0
1923,96,0
1924,96,0
1925,96,0
1926,94,0
1927,94,0
1928,96,0
1929,94,0
1930,94,0
1931,96,0
1932,96,0
1933,96,0
1934,96,0
1935,96,0
1936,96,0
1937,98,0
1938,92,0
1939,96,0
1940,96,0
1941,96,0
1942,94,0
1943,96,0
1944,96,0
1945,100,0
1946,96,0
1947,94,0
1948,94,0
1949,96,0
1950,96,0
1951,96,0
1952,96,0
1953,100,0
1954,96,0
1955,92,0
1956,96,0
1957,96,0
1958,94,0
1959,96,0
1960,100,0
1961,96,0
1962,94,0
1963,96,0
1964,96,0
1965,96,0
1966,96,0
1967,96,0
1968,96,0
1969,96,0
1970,96,0
1971,94,0
1972,94,0
1973,96,0
1974,96,0
1975,92,0
1976,94,0
1977,96,0
1978,94,0
1979,96,0
1980,96,0
1981,96,0
1982,94,0
1983,96,0
1984,94,0
1985,96,0
1986,96,0
1987,96,0
1988,96,0
1989,96,0
1990,100,0
1991,94,0
1992,96,0
1993,96,0
1994,94,0
1995,96,0
1996,96,0
1997,96,0
1998,96,0
1999,96,0
2000,94,0
2001,96,0
2002,96,0
2003,96,0
2004,94,0
2005,96,0
2006,98,0
2007,98,0
2008,100,0
2009,96,0
2010,94,0
2011,96,0
2012,96,0
2013,94,0
2014,96,0
2015,94,0
2016,96,0
2017,96,0
2018,96,0
2019,94,0
2020,94,0
2021,94,0
2022,94,0
2023,96,0
2024,94,0
2025,94,0
2026,96,0
2027,94,0
2028,100,0
2029,94,0
2030,92,0
2031,100,0
2032,94,0
2033,98,0
2034,96,0
2035,96,0
2036,96,0
2037,96,0
2038,96,0
2039,96,0
2040,96,0
2041,96,0
2042,94,0
2043,96,0
2044,96,0
2045,96,0
2046,100,0
2047,94,0
2048,100,0
2049,96,0
2050,96,0
2051,94,0
2052,100,0
2053,94,0
2054,96,0
2055,96,0
2056,96,0
2057,96,0
2058,98,0
2059,96,0
2060,94,0
2061,96,0
2062,96,0
2063,100,0
2064,100,0
2065,96,0
2066,92,0
2067,94,0
2068,94,0
2069,94,0
2070,96,0
2071,94,0
2072,96,0
2073,96,0
2074,96,0
2075,96,0
2076,94,0
2077,98,0
2078,94,0
2079,100,0
2080,96,0
2081,96,0
2082,96,0
2083,94,0
2084,96,0
2085,96,0
2086,96,0
2087,96,0
2088,96,0
2089,96,0
2090,96,0
2091,96,0
2092,94,0
2093,96,0
2094,96,0
2095,92,0
2096,98,0
2097,96,0
2098,94,0
2099,96,0
2100,96,0
2101,96,0
2102,96,0
2103,94,0
2104,96,0
2105,96,0
2106,96,0
2107,96,0
2108,98,0
2109,94,0
2110,100,0
2111,96,0
2112,98,0
2113,96,0
2114,94,0
2115,96,0
2116,100,0
2117,96,0
2118,96,0
2119,100,0
2120,96,0
2121,96,0
2122,94,0
2123,94,0
2124,94,0
2125,96,0
2126,98,0
2127,96,0
2128,98,0
2129,96,0
2130,96,0
2131,96,0
2132,96,0
2133,94,0
2134,96,0
2135,96,0
2136,94,0
2137,98,0
2138,92,0
2139,96,0
2140,94,0
2141,94,0
2142,96,0
2143,96,0
2144,96,0
2145,98,0
2146,96,0
2147,96,0
2148,94,0
2149,96,0
2150,96,0
2151,96,0
2152,96,0
2153,96,0
2154,96,0
2155,94,0
2156,96,0
2157,96,0
2158,96,0
2159,96,0
2160,96,0
2161,96,0
2162,94,0
2163,100,0
2164,94,0
2165,96,0
2166,96,0
2167,96,0
2168,92,0
2169,96,0
2170,96,0
2171,96,0
2172,100,0
2173,96,0
2174,96,0
2175,96,0
2176,96,0
2177,94,0
2178,96,0
2179,96,0
2180,94,0
2181,96,0
2182,94,0
2183,94,0
2184,100,0
2185,94,0
2186,100,0
2187,98,0
2188,96,0
2189,96,0
2190,94,0
2191,100,0
2192,92,0
2193,100,0
2194,94,0
2195,96,0
2196,96,0
2197,96,0
2198,100,0
2199,96,0
2200,94,0
2201,96,0
2202,96,0
2203,94,0
2204,98,0
2205,96,0
2206,96,0
2207,94,0
2208,96,0
2209,96,0
2210,98,0
2211,96,0
2212,96,0
2213,96,0
2214,96,0
2215,96,0
2216,96,0
2217,94,0
2218,92,0
2219,100,0
2220,96,0
2221,96,0
2222,96,0
2223,96,0
2224,96,0
2225,94,0
2226,96,0
2227,96,0
2228,96,0
2229,96,0
2230,96,0
2231,100,0
2232,94,0
2233,96,0
2234,100,0
2235,96,0
2236,96,0
2237,96,0
2238,96,0
2239,96,0
2240,96,0
2241,100,0
2242,94,0
2243,96,0
2244,98,0
2245,96,0
2246,96,0
2247,96,0
2248,96,0
2249,94,0
2250,96,0
2251,96,0
2252,94,0
2253,96,0
2254,96,0
2255,96,0
2256,96,0
2257,94,0
2258,96,0
2259,96,0
2260,92,0
2261,96,0
2262,96,0
2263,96,0
2264,96,0
2265,96,0
2266,96,0
2267,96,0
2268,96,0
2269,94,0
2270,96,0
2271,96,0
2272,96,0
2273,96,0
2274,96,0
2275,94,0
2276,94,0
2277,96,0
2278,96,0
2279,98,0
2280,96,0
2281,96,0
2282,96,0
2283,96,0
2284,96,0
2285,96,0
2286,96,0
2287,96,0
2288,94,0
2289,96,0
2290,96,0
2291,94,0
2292,96,0
2293,96,0
2294,100,0
2295,94,0
2296,100,0
2297,96,0
2298,96,0
2299,96,0
2300,98,0
2301,98,0
2302,96,0
2303,96,0
2304,94,0
2305,94,0
2306,96,0
2307,96,0
2308,94,0
2309,96,0
2310,96,0
2311,96,0
2312,96,0
2313,92,0
2314,96,0
2315,96,0
2316,96,0
2317,96,0
2318,94,0
2319,96,0
2320,98,0
2321,96,0
2322,96,0
2323,98,0
2324,96,0
2325,94,0
2326,94,0
2327,102,0
2328,94,0
2329,94,0
2330,96,0
2331,98,0
2332,94,0
2333,96,0
2334,96,0
2335,96,0
2336,96,0
2337,96,0
2338,92,0
2339,96,0
2340,96,0
2341,96,0
2342,96,0
2343,96,0
2344,96,0
2345,100,0
2346,96,0
2347,96,0
2348,96,0
2349,96,0
2350,96,0
2351,100,0
2352,96,0
2353,96,0
2354,98,0
2355,98,0
2356,96,0
2357,100,0
2358,96,0
2359,96,0
2360,96,0
2361,100,0
2362,96,0
2363,96,0
2364,100,0
2365,96,0
2366,96,0
2367,94,0
2368,100,0
2369,98,0
2370,96,0
2371,96,0
2372,94,0
2373,96,0
2374,94,0
2375,96,0
2376,96,0
2377,96,0
2378,94,0
2379,94,0
2380,96,0
2381,96,0
2382,96,0
2383,96,0
2384,96,0
2385,96,0
2386,96,0
2387,100,0
2388,96,0
2389,96,0
2390,96,0
2391,94,0
2392,96,0
2393,96,0
2394,94,0
2395,96,0
2396,96,0
2397,96,0
2398,94,0
2399,98,0
2400,96,0
2401,94,0
2402,94,0
2403,98,0
2404,96,0
2405,94,0
2406,96,0
2407,96,0
2408,96,0
2409,96,0
2410,94,0
2411,96,0
2412,96,0
2413,96,0
2414,96,0
2415,96,0
2416,96,0
2417,96,0
2418,96,0
2419,98,0
2420,98,0
2421,98,0
2422,96,0
2423,96,0
2424,96,0
2425,96,0
2426,94,0
2427,96,0
2428,96,0
2429,96,0
2430,94,0
2431,96,0
2432,96,0
2433,98,0
2434,100,0
2435,96,0
2436,96,0
2437,96,0
2438,96,0
2439,96,0
2440,96,0
2441,96,0
2442,96,0
2443,94,0
2444,96,0
2445,98,0
2446,96,0
2447,98,0
2448,98,0
2449,96,0
2450,96,0
2451,98,0
2452,96,0
2453,96,0
2454,96,0
2455,94,0
2456,96,0
2457,94,0
2458,92,0
2459,96,0
2460,96,0
2461,96,0
2462,94,0
2463,96,0
2464,96,0
2465,94,0
2466,96,0
2467,96,0
2468,96,0
2469,96,0
2470,96,0
2471,96,0
2472,96,0
2473,96,0
2474,94,0
2475,98,0
2476,100,0
2477,96,0
2478,96,0
2479,96,0
2480,96,0
2481,94,0
2482,94,0
2483,94,0
2484,96,0
2485,96,0
2486,94,0
2487,94,0
2488,98,0
2489,94,0
2490,96,0
2491,96,0
2492,96,0
2493,96,0
2494,96,0
2495,94,0
2496,98,0
2497,96,0
2498,94,0
2499,96,0
2500,96,0
2501,94,0
2502,96,0
2503,100,0
2504,96,0
2505,100,0
2506,96,0
2507,96,0
2508,100,0
2509,96,0
2510,94,0
2511,96,0
2512,96,0
2513,96,0
2514,100,0
2515,94,0
2516,96,0
2517,96,0
2518,96,0
2519,94,0
2520,96,0
2521,96,0
2522,96,0
2523,96,0
2524,96,0
2525,96,0
2526,94,0
2527,96,0
2528,96,0
2529,96,0
2530,96,0
2531,96,0
2532,96,0
2533,94,0
2534,96,0
2535,96,0
2536,96,0
2537,94,0
2538,96,0
2539,96,0
2540,98,0
2541,96,0
2542,96,0
2543,94,0
2544,92,0
2545,92,0
2546,96,0
2547,96,0
2548,96,0
2549,94,0
2550,98,0
2551,96,0
2552,98,0
2553,94,0
2554,96,0
2555,94,0
2556,96,0
2557,96,0
2558,96,0
2559,94,0
2560,96,0
2561,96,0
2562,96,0
2563,96,0
2564,96,0
2565,96,0
2566,96,0
2567,96,0
2568,96,0
2569,96,0
2570,96,0
2571,96,0
2572,94,0
2573,96,0
2574,96,0
2575,96,0
2576,96,0
2577,100,0
2578,96,0
2579,96,0
2580,94,0
2581,96,0
2582,94,0
2583,96,0
2584,96,0
2585,94,0
2586,94,0
2587,100,0
2588,94,0
2589,98,0
2590,94,0
2591,96,0
2592,96,0
2593,94,0
2594,96,0
2595,96,0
2596,96,0
2597,96,0
2598,96,0
2599,94,0
2600,96,0
2601,94,0
2602,100,0
2603,96,0
2604,94,0
2605,96,0
2606,96,0
2607,96,0
2608,96,0
2609,94,0
2610,96,0
2611,96,0
2612,102,0
2613,94,0
2614,96,0
2615,96,0
2616,94,0
2617,96,0
2618,94,0
2619,96,0
2620,96,0
2621,96,0
2622,96,0
2623,94,0
2624,96,0
2625,96,0
2626,96,0
2627,96,0
2628,96,0
2629,96,0
2630,96,0
2631,96,0
2632,96,0
2633,96,0
2634,96,0
2635,98,0
2636,96,0
2637,96,0
2638,96,0
2639,94,0
2640,96,0
2641,96,0
2642,94,0
2643,96,0
2644,96,0
2645,94,0
2646,96,0
2647,96,0
2648,94,0
2649,96,0
2650,100,0
2651,96,0
2652,96,0
2653,96,0
2654,96,0
2655,100,0
2656,96,0
2657,98,0
2658,96,0
2659,96,0
2660,98,0
2661,98,0
2662,96,0
2663,96,0
2664,96,0
2665,100,0
2666,94,0
2667,96,0
2668,98,0
2669,96,0
2670,96,0
2671,96,0
2672,96,0
2673,94,0
2674,96,0
2675,96,0
2676,96,0
2677,96,0
2678,94,0
2679,96,0
2680,96,0
2681,94,0
2682,96,0
2683,96,0
2684,94,0
2685,96,0
2686,96,0
2687,94,0
2688,96,0
2689,96,0
2690,96,0
2691,100,0
2692,96,0
2693,96,0
2694,94,0
2695,96,0
2696,96,0
2697,96,0
2698,100,0
2699,94,0
2700,96,0
2701,94,0
2702,96,0
2703,96,0
2704,96,0
2705,100,0
2706,98,0
2707,96,0
2708,98,0
2709,96,0
2710,98,0
2711,96,0
2712,96,0
2713,100,0
2714,96,0
2715,96,0
2716,96,0
2717,96,0
2718,96,0
2719,98,0
2720,96,0
2721,98,0
2722,96,0
2723,96,0
2724,96,0
2725,96,0
2726,100,0
2727,92,0
2728,100,0
2729,98,0
2730,96,0
2731,96,0
2732,96,0
2733,96,0
2734,96,0
2735,96,0
2736,96,0
2737,94,0
2738,96,0
2739,96,0
2740,96,0
2741,96,0
2742,96,0
2743,96,0
2744,94,0
2745,96,0
2746,96,0
2747,94,0
2748,96,0
2749,96,0
2750,92,0
2751,96,0
2752,96,0
2753,94,0
2754,96,0
2755,96,0
2756,94,0
2757,96,0
2758,94,0
2759,94,0
2760,96,0
2761,96,0
2762,92,0
2763,96,0
2764,96,0
2765,96,0
2766,98,0
2767,96,0
2768,98,0
2769,92,0
2770,94,0
2771,96,0
2772,96,0
2773,96,0
2774,96,0
2775,96,0
2776,96,0
2777,94,0
2778,96,0
2779,96,0
2780,96,0
2781,94,0
2782,96,0
2783,94,0
2784,96,0
2785,98,0
2786,94,0
2787,96,0
2788,94,0
2789,96,0
2790,96,0
2791,96,0
2792,96,0
2793,96,0
2794,96,0
2795,96,0
2796,96,0
2797,96,0
2798,96,0
2799,92,0
2800,96,0
2801,94,0
2802,96,0
2803,96,0
2804,98,0
2805,96,0
2806,96,0
2807,98,0
2808,94,0
2809,96,0
2810,94,0
2811,96,0
2812,96,0
2813,94,0
2814,96,0
2815,94,0
2816,94,0
2817,96,0
2818,94,0
2819,94,0
2820,94,0
2821,96,0
2822,100,0
2823,96,0
2824,96,0
2825,94,0
2826,96,0
2827,94,0
2828,96,0
2829,100,0
2830,96,0
2831,94,0
2832,96,0
2833,94,0
2834,94,0
2835,98,0
2836,96,0
2837,94,0
2838,96,0
2839,96,0
2840,96,0
2841,98,0
2842,94,0
2843,96,0
2844,96,0
2845,94,0
2846,96,0
2847,92,0
2848,96,0
2849,96,0
2850,96,0
2851,92,0
2852,96,0
2853,94,0
2854,96,0
2855,96,0
2856,94,0
2857,96,0
2858,96,0
2859,92,0
2860,94,0
2861,94,0
2862,94,0
2863,96,0
2864,96,0
2865,96,0
2866,96,0
2867,100,0
2868,96,0
2869,94,0
2870,96,0
2871,96,0
2872,96,0
2873,96,0
2874,96,0
2875,96,0
2876,96,0
2877,100,0
2878,94,0
2879,96,0
2880,96,0
2881,94,0
2882,100,0
2883,94,0
2884,96,0
2885,96,0
2886,98,0
2887,96,0
2888,96,0
2889,96,0
2890,96,0
2891,96,0
2892,94,0
2893,96,0
2894,100,0
2895,94,0
2896,96,0
2897,92,0
2898,96,0
2899,96,0
2900,96,0
2901,96,0
2902,96,0
2903,96,0
2904,102,0
2905,96,0
2906,96,0
2907,96,0
2908,96,0
2909,96,0
2910,94,0
2911,96,0
2912,96,0
2913,100,0
2914,96,0
2915,92,0
2916,94,0
2917,96,0
2918,100,0
2919,94,0
2920,96,0
2921,96,0
2922,96,0
2923,92,0
2924,96,0
2925,94,0
2926,96,0
2927,96,0
2928,94,0
2929,96,0
2930,96,0
2931,96,0
2932,96,0
2933,94,0
2934,96,0
2935,94,0
2936,94,0
2937,96,0
2938,96,0
2939,96,0
2940,96,0
2941,96,0
2942,96,0
2943,94,0
2944,96,0
2945,96,0
2946,102,0
2947,94,0
2948,94,0
2949,94,0
2950,94,0
2951,100,0
2952,94,0
2953,96,0
2954,96,0
2955,100,0
2956,100,0
2957,96,0
2958,96,0
2959,100,0
2960,94,0
2961,96,0
2962,96,0
2963,96,0
2964,94,0
2965,96,0
2966,96,0
2967,96,0
2968,96,0
2969,96,0
2970,94,0
2971,96,0
2972,98,0
2973,96,0
2974,94,0
2975,98,0
2976,94,0
2977,96,0
2978,96,0
2979,96,0
2980,96,0
2981,96,0
2982,100,0
2983,96,0
2984,94,0
2985,96,0
2986,96,0
2987,96,0
2988,96,0
2989,96,0
2990,96,0
2991,98,0
2992,92,0
2993,96,0
2994,94,0
2995,96,0
2996,96,0
2997,94,0
2998,94,0
2999,96,0
3000,96,0
3001,96,0
3002,96,0
3003,96,0
3004,96,0
3005,96,0
3006,96,0
3007,100,0
3008,94,0
3009,98,0
3010,96,0
3011,96,0
3012,96,0
3013,96,0
3014,98,0
3015,96,0
3016,96,0
3017,94,0
3018,96,0
3019,98,0
3020,100,0
3021,96,0
3022,96,0
3023,96,0
3024,96,0
3025,96,0
3026,96,0
3027,96,0
3028,96,0
3029,96,0
3030,96,0
3031,96,0
3032,94,0
3033,96,0
3034,96,0
3035,100,0
3036,96,0
3037,96,0
3038,96,0
3039,96,0
3040,96,0
3041,96,0
3042,94,0
3043,96,0
3044,94,0
3045,94,0
3046,96,0
3047,94,0
3048,96,0
3049,96,0
3050,96,0
3051,94,0
3052,100,0
3053,96,0
3054,100,0
3055,96,0
3056,92,0
3057,96,0
3058,96,0
3059,96,0
3060,96,0
3061,96,0
3062,96,0
3063,96,0
3064,100,0
3065,96,0
3066,98,0
3067,96,0
3068,96,0
3069,96,0
3070,98,0
3071,96,0
3072,96,0
3073,96,0
3074,96,0
3075,94,0
3076,96,0
3077,94,0
3078,94,0
3079,96,0
3080,100,0
3081,100,0
3082,96,0
3083,92,0
3084,94,0
3085,96,0
3086,94,0
3087,96,0
3088,100,0
3089,100,0
3090,94,0
3091,98,0
3092,96,0
3093,98,0
3094,96,0
3095,96,0
3096,96,0
3097,96,0
3098,96,0
3099,94,0
3100,96,0
3101,96,0
3102,96,0
3103,96,0
3104,96,0
3105,100,0
3106,96,0
3107,94,0
3108,98,0
3109,96,0
3110,98,0
3111,94,0
3112,94,0
3113,94,0
3114,94,0
3115,94,0
3116,96,0
3117,94,0
3118,92,0
3119,96,0
3120,94,0
3121,94,0
3122,94,0
3123,96,0
3124,96,0
3125,100,0
3126,100,0
3127,96,0
3128,96,0
3129,96,0
3130,98,0
3131,94,0
3132,98,0
3133,96,0
3134,96,0
3135,96,0
3136,100,0
3137,100,0
3138,94,0
3139,96,0
3140,94,0
3141,96,0
3142,94,0
3143,96,0
3144,94,0
3145,96,0
3146,96,0
3147,94,0
3148,96,0
3149,96,0
3150,96,0
3151,94,0
3152,96,0
3153,100,0
3154,96,0
3155,96,0
3156,96,0
3157,96,0
3158,96,0
3159,96,0
3160,98,0
3161,94,0
3162,98,0
3163,96,0
3164,96,0
3165,96,0
3166,94,0
3167,96,0
3168,96,0
3169,96,0
3170,96,0
3171,96,0
3172,96,0
3173,94,0
3174,96,0
3175,96,0
3176,94,0
3177,100,0
3178,96,0
3179,94,0
3180,96,0
3181,96,0
3182,96,0
3183,94,0
3184,96,0
3185,94,0
3186,94,0
3187,100,0
3188,96,0
3189,96,0
3190,96,0
3191,94,0
3192,94,0
3193,96,0
3194,98,0
3195,96,0
3196,98,0
3197,96,0
3198,94,0
3199,96,0
3200,96,0
3201,96,0
3202,96,0
3203,96,0
3204,94,0
3205,96,0
3206,96,0
3207,94,0
3208,96,0
3209,96,0
3210,96,0
3211,94,0
3212,96,0
3213,96,0
3214,96,0
3215,94,0
3216,96,0
3217,96,0
3218,96,0
3219,98,0
3220,94,0
3221,96,0
3222,96,0
3223,96,0
3224,94,0
3225,94,0
3226,94,0
3227,96,0
3228,96,0
3229,96,0
3230,96,0
3231,96,0
3232,96,0
3233,94,0
3234,96,0
3235,94,0
3236,96,0
3237,96,0
3238,96,0
3239,96,0
3240,100,0
3241,96,0
3242,94,0
3243,96,0
3244,96,0
3245,96,0
3246,96,0
3247,94,0
3248,94,0
3249,96,0
3250,96,0
3251,96,0
3252,100,0
3253,96,0
3254,94,0
3255,100,0
3256,96,0
3257,96,0
3258,96,0
3259,96,0
3260,96,0
3261,94,0
3262,94,0
3263,96,0
3264,94,0
3265,96,0
3266,96,0
3267,96,0
3268,94,0
3269,96,0
3270,96,0
3271,96,0
3272,96,0
3273,94,0
3274,96,0
3275,94,0
3276,94,0
3277,96,0
3278,94,0
3279,100,0
3280,96,0
3281,96,0
3282,96,0
3283,94,0
3284,94,0
3285,94,0
3286,96,0
3287,96,0
3288,96,0
3289,96,0
3290,96,0
3291,96,0
3292,96,0
3293,96,0
3294,96,0
3295,96,0
3296,94,0
3297,96,0
3298,96,0
3299,96,0
3300,96,0
3301,96,0
3302,96,0
3303,96,0
3304,100,0
3305,96,0
3306,96,0
3307,94,0
3308,96,0
3309,96,0
3310,96,0
3311,96,0
3312,94,0
3313,96,0
3314,96,0
3315,96,0
3316,96,0
3317,100,0
3318,98,0
3319,96,0
3320,98,0
3321,96,0
3322,96,0
3323,96,0
3324,96,0
3325,100,0
3326,96,0
3327,94,0
3328,98,0
3329,100,0
3330,100,0
3331,98,0
3332,96,0
3333,96,0
3334,96,0
3335,94,0
3336,96,0
3337,96,0
3338,96,0
3339,96,0
3340,96,0
3341,96,0
3342,96,0
3343,96,0
3344,96,0
3345,94,0
3346,96,0
3347,96,0
3348,92,0
3349,96,0
3350,94,0
3351,96,0
3352,96,0
3353,96,0
3354,96,0
3355,96,0
3356,96,0
3357,96,0
3358,96,0
3359,96,0
3360,96,0
3361,96,0
3362,96,0
3363,96,0
3364,96,0
3365,94,0
3366,96,0
3367,96,0
3368,96,0
3369,100,0
3370,96,0
3371,94,0
3372,96,0
3373,100,0
3374,96,0
3375,96,0
3376,96,0
3377,96,0
3378,98,0
3379,98,0
3380,98,0
3381,100,0
3382,96,0
3383,96,0
3384,96,0
3385,94,0
3386,96,0
3387,98,0
3388,96,0
3389,96,0
3390,96,0
3391,96,0
3392,96,0
3393,100,0
3394,96,0
3395,98,0
3396,96,0
3397,96,0
3398,96,0
3399,96,0
3400,96,0
3401,96,0
3402,96,0
3403,96,0
3404,96,0
3405,96,0
3406,96,0
3407,96,0
3408,96,0
3409,96,0
3410,96,0
3411,94,0
3412,96,0
3413,96,0
3414,96,0
3415,96,0
3416,94,0
3417,96,0
3418,94,0
3419,96,0
3420,96,0
3421,96,0
3422,96,0
3423,96,0
3424,100,0
3425,98,0
3426,96,0
3427,96,0
3428,96,0
3429,96,0
3430,94,0
3431,96,0
3432,96,0
3433,98,0
3434,96,0
3435,94,0
3436,94,0
3437,98,0
3438,94,0
3439,96,0
3440,96,0
3441,98,0
3442,98,0
3443,96,0
3444,96,0
3445,96,0
3446,96,0
3447,96,0
3448,94,0
3449,96,0
3450,96,0
3451,96,0
3452,96,0
3453,94,0
3454,96,0
3455,96,0
3456,96,0
3457,96,0
3458,96,0
3459,96,0
3460,94,0
3461,96,0
3462,96,0
3463,96,0
3464,94,0
3465,96,0
3466,96,0
3467,96,0
3468,96,0
3469,96,0
3470,96,0
3471,96,0
3472,96,0
3473,96,0
3474,96,0
3475,96,0
3476,96,0
3477,96,0
3478,96,0
3479,96,0
3480,96,0
3481,100,0
3482,98,0
3483,96,0
3484,94,0
3485,98,0
3486,96,0
3487,96,0
3488,96,0
3489,96,0
3490,96,0
3491,96,0
3492,96,0
3493,96,0
3494,96,0
3495,96,0
3496,94,0
3497,96,0
3498,94,0
3499,96,0
3500,96,0
3501,96,0
3502,96,0
3503,96,0
3504,96,0
3505,100,0
3506,94,0
3507,102,0
3508,96,0
3509,94,0
3510,96,0
3511,94,0
3512,96,0
3513,96,0
3514,94,0
3515,94,0
3516,96,0
3517,94,0
3518,96,0
3519,96,0
3520,96,0
3521,96,0
3522,96,0
3523,96,0
3524,96,0
3525,94,0
3526,94,0
3527,96,0
3528,96,0
3529,96,0
3530,96,0
3531,96,0
3532,96,0
3533,94,0
3534,96,0
3535,96,0
3536,96,0
3537,96,0
3538,96,0
3539,94,0
3540,96,0
3541,96,0
3542,94,0
3543,96,0
3544,100,0
3545,96,0
3546,96,0
3547,96,0
3548,92,0
3549,98,0
3550,98,0
3551,96,0
3552,96,0
3553,96,0
3554,96,0
3555,96,0
3556,94,0
3557,100,0
3558,94,0
3559,98,0
3560,96,0
3561,98,0
3562,96,0
3563,96,0
3564,96,0
3565,96,0
3566,96,0
3567,96,0
3568,96,0
3569,98,0
3570,96,0
3571,96,0
3572,94,0
3573,96,0
3574,90,0
3575,96,0
3576,94,0
3577,94,0
3578,96,0
3579,96,0
3580,96,0
3581,96,0
3582,96,0
3583,96,0
3584,94,0
3585,96,0
3586,96,0
3587,94,0
3588,96,0
3589,96,0
3590,96,0
3591,96,0
3592,96,0
3593,96,0
3594,100,0
3595,94,0
3596,96,0
3597,96,0
3598,94,0
3599,96,0
3600,96,0
3601,96,0
3602,96,0
3603,96,0
3604,96,0
3605,96,0
3606,98,0
3607,96,0
3608,96,0
3609,94,0
3610,100,0
3611,96,0
3612,96,0
3613,98,0
3614,98,0
3615,94,0
3616,96,0
3617,94,0
3618,96,0
3619,94,0
3620,94,0
3621,98,0
3622,96,0
3623,98,0
3624,98,0
3625,94,0
3626,96,0
3627,96,0
3628,96,0
3629,96,0
3630,96,0
3631,96,0
3632,96,0
3633,96,0
3634,96,0
3635,96,0
3636,96,0
3637,96,0
3638,96,0
3639,96,0
3640,96,0
3641,96,0
3642,96,0
3643,96,0
3644,94,0
3645,98,0
3646,100,0
3647,94,0
3648,94,0
3649,98,0
3650,94,0
3651,96,0
3652,96,0
3653,96,0
3654,94,0
3655,96,0
3656,96,0
3657,96,0
3658,96,0
3659,96,0
3660,96,0
3661,96,0
3662,96,0
3663,98,0
3664,98,0
3665,96,0
3666,94,0
3667,98,0
3668,94,0
3669,100,0
3670,96,0
3671,96,0
3672,96,0
3673,94,0
3674,98,0
3675,96,0
3676,96,0
3677,98,0
3678,94,0
3679,96,0
3680,96,0
3681,96,0
3682,100,0
3683,96,0
3684,94,0
3685,100,0
3686,94,0
3687,96,0
3688,96,0
3689,96,0
3690,96,0
3691,96,0
3692,94,0
3693,96,0
3694,96,0
3695,96,0
3696,96,0
3697,96,0
3698,96,0
3699,96,0
3700,96,0
3701,96,0
3702,96,0
3703,96,0
3704,96,0
3705,96,0
3706,96,0
3707,96,0
3708,96,0
3709,96,0
3710,96,0
3711,96,0
3712,96,0
3713,96,0
3714,94,0
3715,96,0
3716,96,0
3717,98,0
3718,94,0
3719,96,0
3720,96,0
3721,96,0
3722,96,0
3723,96,0
3724,94,0
3725,94,0
3726,96,0
3727,100,0
3728,96,0
3729,100,0
3730,98,0
3731,96,0
3732,92,0
3733,98,0
3734,96,0
3735,98,0
3736,100,0
3737,96,0
3738,94,0
3739,98,0
3740,96,0
3741,92,0
3742,96,0
3743,96,0
3744,96,0
3745,96,0
3746,96,0
3747,100,0
3748,96,0
3749,96,0
3750,96,0
3751,96,0
3752,96,0
3753,94,0
3754,98,0
3755,96,0
3756,96,0
3757,96,0
3758,96,0
3759,96,0
3760,94,0
3761,96,0
3762,96,0
3763,96,0
3764,96,0
3765,96,0
3766,96,0
3767,96,0
3768,96,0
3769,94,0
3770,96,0
3771,96,0
3772,96,0
3773,96,0
3774,96,0
3775,96,0
3776,96,0
3777,96,0
3778,94,0
3779,96,0
3780,96,0
3781,96,0
3782,96,0
3783,96,0
3784,96,0
3785,96,0
3786,96,0
3787,96,0
3788,96,0
3789,96,0
3790,96,0
3791,96,0
3792,96,0
3793,96,0
3794,98,0
3795,96,0
3796,96,0
3797,98,0
3798,98,0
3799,96,0
3800,94,0
3801,98,0
3802,96,0
3803,100,0
3804,96,0
3805,96,0
3806,96,0
3807,94,0
3808,96,0
3809,94,0
3810,94,0
3811,96,0
3812,98,0
3813,96,0
3814,96,0
3815,96,0
3816,96,0
3817,94,0
3818,96,0
3819,96,0
3820,96,0
3821,96,0
3822,96,0
3823,96,0
3824,96,0
3825,96,0
3826,94,0
3827,94,0
3828,96,0
3829,96,0
3830,96,0
3831,96,0
3832,96,0
3833,96,0
3834,96,0
3835,96,0
3836,96,0
3837,94,0
3838,96,0
3839,96,0
3840,96,0
3841,96,0
3842,94,0
3843,94,0
3844,96,0
3845,100,0
3846,96,0
3847,96,0
3848,94,0
3849,96,0
3850,96,0
3851,96,0
3852,96,0
3853,96,0
3854,92,0
3855,96,0
3856,96,0
3857,96,0
3858,96,0
3859,96,0
3860,96,0
3861,100,0
3862,96,0
3863,96,0
3864,100,0
3865,96,0
3866,100,0
3867,96,0
3868,96,0
3869,96,0
3870,94,0
3871,94,0
3872,96,0
3873,96,0
3874,100,0
3875,96,0
3876,96,0
3877,96,0
3878,96,0
3879,96,0
3880,96,0
3881,96,0
3882,94,0
3883,90,0
3884,96,0
3885,96,0
3886,96,0
3887,96,0
3888,94,0
3889,96,0
3890,96,0
3891,96,0
3892,94,0
3893,96,0
3894,96,0
3895,96,0
3896,96,0
3897,96,0
3898,94,0
3899,96,0
3900,96,0
3901,96,0
3902,96,0
3903,96,0
3904,96,0
3905,96,0
3906,96,0
3907,96,0
3908,96,0
3909,96,0
3910,94,0
3911,96,0
3912,96,0
3913,96,0
3914,96,0
3915,100,0
3916,96,0
3917,94,0
3918,96,0
3919,96,0
3920,96,0
3921,100,0
3922,98,0
3923,98,0
3924,98,0
3925,98,0
3926,98,0
3927,94,0
3928,96,0
3929,94,0
3930,96,0
3931,96,0
3932,94,0
3933,96,0
3934,96,0
3935,96,0
3936,96,0
3937,96,0
3938,100,0
3939,94,0
3940,96,0
3941,96,0
3942,94,0
3943,94,0
3944,96,0
3945,96,0
3946,96,0
3947,96,0
3948,96,0
3949,96,0
3950,96,0
3951,94,0
3952,96,0
3953,96,0
3954,94,0
3955,96,0
3956,96,0
3957,96,0
3958,96,0
3959,96,0
3960,96,0
3961,96,0
3962,94,0
3963,96,0
3964,96,0
3965,96,0
3966,96,0
3967,96,0
3968,94,0
3969,96,0
3970,96,0
3971,96,0
3972,96,0
3973,96,0
3974,94,0
3975,94,0
3976,96,0
3977,98,0
3978,96,0
3979,96,0
3980,96,0
3981,96,0
3982,96,0
3983,98,0
3984,94,0
3985,98,0
3986,94,0
3987,94,0
3988,96,0
3989,96,0
3990,98,0
3991,94,0
3992,94,0
3993,96,0
3994,96,0
3995,100,0
3996,94,0
3997,96,0
3998,96,0
3999,98,0
4000,98,0
4001,98,0
4002,94,0
4003,96,0
4004,96,0
4005,96,0
4006,96,0
4007,96,0
4008,96,0
4009,96,0
4010,96,0
4011,100,0
4012,96,0
4013,96,0
4014,92,0
4015,94,0
4016,94,0
4017,92,0
4018,96,0
4019,96,0
4020,96,0
4021,96,0
4022,94,0
4023,94,0
4024,96,0
4025,94,0
4026,96,0
4027,96,0
4028,96,0
4029,96,0
4030,96,0
4031,96,0
4032,98,0
4033,96,0
4034,94,0
4035,96,0
4036,96,0
4037,96,0
4038,96,0
4039,96,0
4040,96,0
4041,96,0
4042,96,0
4043,94,0
4044,96,0
4045,94,0
4046,98,0
4047,98,0
4048,98,0
4049,100,0
4050,96,0
4051,96,0
4052,96,0
4053,94,0
4054,96,0
4055,94,0
4056,96,0
4057,96,0
4058,98,0
4059,96,0
4060,100,0
4061,96,0
4062,94,0
4063,94,0
4064,96,0
4065,98,0
4066,96,0
4067,96,0
4068,94,0
4069,100,0
4070,96,0
4071,96,0
4072,98,0
4073,94,0
4074,96,0
4075,96,0
4076,96,0
4077,96,0
4078,96,0
4079,96,0
4080,96,0
4081,100,0
4082,96,0
4083,94,0
4084,96,0
4085,96,0
4086,96,0
4087,96,0
4088,100,0
4089,94,0
4090,96,0
4091,96,0
4092,100,0
4093,100,0
4094,96,0
4095,98,0
4096,96,0
4097,98,0
4098,98,0
4099,96,0
4100,96,0
4101,98,0
4102,98,0
4103,98,0
4104,96,0
4105,96,0
4106,100,0
4107,98,0
4108,94,0
4109,94,0
4110,94,0
4111,98,0
4112,96,0
4113,98,0
4114,94,0
4115,94,0
4116,96,0
4117,96,0
4118,96,0
4119,96,0
4120,96,0
4121,94,0
4122,96,0
4123,96,0
4124,96,0
4125,96,0
4126,96,0
4127,96,0
4128,96,0
4129,96,0
4130,96,0
4131,96,0
4132,96,0
4133,96,0
4134,94,0
4135,96,0
4136,96,0
4137,96,0
4138,96,0
4139,96,0
4140,96,0
4141,96,0
4142,94,0
4143,92,0
4144,98,0
4145,96,0
4146,96,0
4147,102,0
4148,96,0
4149,98,0
4150,96,0
4151,96,0
4152,96,0
4153,96,0
4154,96,0
4155,100,0
4156,96,0
4157,96,0
4158,96,0
4159,94,0
4160,96,0
4161,96,0
4162,96,0
4163,96,0
4164,100,0
4165,100,0
4166,98,0
4167,96,0
4168,94,0
4169,96,0
4170,94,0
4171,98,0
4172,96,0
4173,96,0
4174,96,0
4175,94,0
4176,96,0
4177,96,0
4178,94,0
4179,96,0
4180,94,0
4181,94,0
4182,96,0
4183,96,0
4184,96,0
4185,96,0
4186,96,0
4187,96,0
4188,96,0
4189,96,0
4190,96,0
4191,96,0
4192,100,0
4193,96,0
4194,96,0
4195,96,0
4196,96,0
4197,92,0
4198,96,0
4199,96,0
4200,96,0
4201,100,0
4202,96,0
4203,96,0
4204,98,0
4205,96,0
4206,96,0
4207,94,0
4208,94,0
4209,96,0
4210,96,0
4211,96,0
4212,96,0
4213,96,0
4214,96,0
4215,96,0
4216,96,0
4217,94,0
4218,96,0
4219,96,0
4220,94,0
4221,96,0
4222,96,0
4223,94,0
4224,96,0
4225,94,0
4226,96,0
4227,96,0
4228,94,0
4229,96,0
4230,96,0
4231,94,0
4232,96,0
4233,96,0
4234,96,0
4235,96,0
4236,96,0
4237,96,0
4238,96,0
4239,96,0
4240,96,0
4241,96,0
4242,96,0
4243,96,0
4244,96,0
4245,98,0
4246,94,0
4247,96,0
4248,96,0
4249,96,0
4250,96,0
4251,96,0
4252,94,0
4253,96,0
4254,96,0
4255,96,0
4256,96,0
4257,94,0
4258,94,0
4259,96,0
4260,96,0
4261,96,0
4262,94,0
4263,96,0
4264,96,0
4265,96,0
4266,96,0
4267,94,0
4268,96,0
4269,96,0
4270,96,0
4271,94,0
4272,96,0
4273,98,0
4274,94,0
4275,94,0
4276,94,0
4277,96,0
4278,96,0
4279,92,0
4280,96,0
4281,96,0
4282,96,0
4283,94,0
4284,96,0
4285,94,0
4286,96,0
4287,96,0
4288,96,0
4289,96,0
4290,96,0
4291,96,0
4292,96,0
4293,96,0
4294,96,0
4295,94,0
4296,96,0
4297,96,0
4298,94,0
4299,96,0
4300,96,0
4301,96,0
4302,96,0
4303,96,0
4304,94,0
4305,94,0
4306,100,0
4307,100,0
4308,94,0
4309,94,0
4310,96,0
4311,94,0
4312,94,0
4313,96,0
4314,98,0
4315,94,0
4316,96,0
4317,96,0
4318,96,0
4319,92,0
4320,96,0
4321,96,0
4322,98,0
4323,96,0
4324,98,0
4325,98,0
4326,98,0
4327,98,0
4328,98,0
4329,96,0
4330,94,0
4331,98,0
4332,96,0
4333,96,0
4334,96,0
4335,96,0
4336,96,0
4337,96,0
4338,96,0
4339,96,0
4340,96,0
4341,96,0
4342,96,0
4343,96,0
4344,96,0
4345,96,0
4346,94,0
4347,96,0
4348,96,0
4349,96,0
4350,96,0
4351,96,0
4352,94,0
4353,96,0
4354,96,0
4355,96,0
4356,98,0
4357,96,0
4358,96,0
4359,96,0
4360,100,0
4361,94,0
4362,96,0
4363,98,0
4364,94,0
4365,96,0
4366,94,0
4367,96,0
4368,94,0
4369,96,0
4370,96,0
4371,96,0
4372,94,0
4373,96,0
4374,96,0
4375,94,0
4376,96,0
4377,96,0
4378,100,0
4379,96,0
4380,98,0
4381,96,0
4382,94,0
4383,96,0
4384,96,0
4385,96,0
4386,96,0
4387,96,0
4388,96,0
4389,94,0
4390,94,0
4391,96,0
4392,94,0
4393,96,0
4394,96,0
4395,98,0
4396,100,0
4397,96,0
4398,96,0
4399,96,0
4400,96,0
4401,96,0
4402,96,0
4403,96,0
4404,96,0
4405,96,0
4406,100,0
4407,96,0
4408,96,0
4409,96,0
4410,96,0
4411,96,0
4412,94,0
4413,96,0
4414,94,0
4415,100,0
4416,96,0
4417,96,0
4418,96,0
4419,96,0
4420,96,0
4421,100,0
4422,98,0
4423,96,0
4424,96,0
4425,96,0
4426,98,0
4427,92,0
4428,96,0
4429,96,0
4430,96,0
4431,96,0
4432,96,0
4433,96,0
4434,96,0
4435,96,0
4436,96,0
4437,96,0
4438,96,0
4439,100,0
4440,96,0
4441,96,0
4442,96,0
4443,100,0
4444,96,0
4445,94,0
4446,94,0
4447,98,0
4448,94,0
4449,98,0
4450,96,0
4451,96,0
4452,96,0
4453,96,0
4454,96,0
4455,96,0
4456,96,0
4457,96,0
4458,96,0
4459,96,0
4460,96,0
4461,96,0
4462,96,0
4463,96,0
4464,96,0
4465,96,0
4466,96,0
4467,94,0
4468,96,0
4469,96,0
4470,96,0
4471,96,0
4472,96,0
4473,96,0
4474,96,0
4475,94,0
4476,96,0
4477,96,0
4478,96,0
4479,96,0
4480,96,0
4481,98,0
4482,98,0
4483,96,0
4484,94,0
4485,94,0
4486,94,0
4487,94,0
4488,96,0
4489,94,0
4490,96,0
4491,96,0
4492,96,0
4493,96,0
4494,96,0
4495,96,0
4496,96,0
4497,96,0
4498,96,0
4499,96,0
4500,92,0
4501,96,0
4502,96,0
4503,96,0
4504,96,0
4505,100,0
4506,100,0
4507,96,0
4508,96,0
4509,96,0
4510,96,0
4511,96,0
4512,100,0
4513,96,0
4514,96,0
4515,94,0
4516,96,0
4517,100,0
4518,96,0
4519,96,0
4520,96,0
4521,94,0
4522,96,0
4523,96,0
4524,96,0
4525,96,0
4526,96,0
4527,96,0
4528,96,0
4529,96,0
4530,96,0
4531,96,0
4532,96,0
4533,96,0
4534,94,0
4535,94,0
4536,98,0
4537,96,0
4538,96,0
4539,96,0
4540,96,0
4541,96,0
4542,96,0
4543,96,0
4544,96,0
4545,96,0
4546,96,0
4547,96,0
4548,94,0
4549,96,0
4550,96,0
4551,96,0
4552,94,0
4553,96,0
4554,96,0
4555,96,0
4556,94,0
4557,96,0
4558,94,0
4559,94,0
4560,96,0
4561,96,0
4562,96,0
4563,96,0
4564,96,0
4565,96,0
4566,96,0
4567,96,0
4568,96,0
4569,96,0
4570,94,0
4571,96,0
4572,96,0
4573,96,0
4574,94,0
4575,96,0
4576,96,0
4577,96,0
4578,100,0
4579,96,0
4580,96,0
4581,96,0
4582,98,0
4583,96,0
4584,96,0
4585,94,0
4586,94,0
4587,96,0
4588,96,0
4589,94,0
4590,98,0
4591,96,0
4592,96,0
4593,92,0
4594,96,0
4595,96,0
4596,96,0
4597,96,0
4598,96,0
4599,96,0
4600,100,0
4601,94,0
4602,98,0
4603,96,0
4604,96,0
4605,98,0
4606,96,0
4607,98,0
4608,96,0
4609,96,0
4610,96,0
4611,96,0
4612,94,0
4613,96,0
4614,96,0
4615,96,0
4616,96,0
4617,96,0
4618,96,0
4619,96,0
4620,102,0
4621,94,0
4622,92,0
4623,96,0
4624,96,0
4625,96,0
4626,96,0
4627,96,0
4628,96,0
4629,98,0
4630,96,0
4631,94,0
4632,98,0
4633,96,0
4634,96,0
4635,96,0
4636,94,0
4637,94,0
4638,96,0
4639,96,0
4640,94,0
4641,98,0
4642,96,0
4643,98,0
4644,96,0
4645,98,0
4646,94,0
4647,96,0
4648,94,0
4649,100,0
4650,96,0
4651,94,0
4652,96,0
4653,96,0
4654,94,0
4655,96,0
4656,96,0
4657,96,0
4658,96,0
4659,96,0
4660,96,0
4661,96,0
4662,96,0
4663,96,0
4664,96,0
4665,98,0
4666,96,0
4667,98,0
4668,96,0
4669,96,0
4670,100,0
4671,96,0
4672,92,0
4673,94,0
4674,98,0
4675,94,0
4676,100,0
4677,96,0
4678,100,0
4679,96,0
4680,96,0
4681,96,0
4682,96,0
4683,96,0
4684,100,0
4685,96,0
4686,96,0
4687,96,0
4688,96,0
4689,96,0
4690,100,0
4691,94,0
4692,96,0
4693,96,0
4694,94,0
4695,98,0
4696,96,0
4697,94,0
4698,96,0
4699,94,0
4700,94,0
4701,100,0
4702,94,0
4703,98,0
4704,94,0
4705,96,0
4706,96,0
4707,96,0
4708,94,0
4709,96,0
4710,96,0
4711,96,0
4712,96,0
4713,96,0
4714,96,0
4715,98,0
4716,96,0
4717,96,0
4718,96,0
4719,96,0
4720,96,0
4721,96,0
4722,96,0
4723,96,0
4724,96,0
4725,96,0
4726,96,0
4727,96,0
4728,94,0
4729,94,0
4730,96,0
4731,96,0
4732,96,0
4733,94,0
4734,96,0
4735,94,0
4736,96,0
4737,96,0
4738,96,0
4739,96,0
4740,96,0
4741,96,0
4742,94,0
4743,96,0
4744,100,0
4745,96,0
4746,96,0
4747,100,0
4748,98,0
4749,98,0
4750,94,0
4751,94,0
4752,96,0
4753,96,0
4754,100,0
4755,100,0
4756,96,0
4757,96,0
4758,94,0
4759,96,0
4760,94,0
4761,94,0
4762,98,0
4763,96,0
4764,94,0
4765,92,0
4766,96,0
4767,96,0
4768,96,0
4769,96,0
4770,96,0
4771,96,0
4772,96,0
4773,96,0
4774,96,0
4775,98,0
4776,96,0
4777,100,0
4778,96,0
4779,94,0
4780,96,0
4781,96,0
4782,94,0
4783,96,0
4784,96,0
4785,96,0
4786,96,0
4787,96,0
4788,96,0
4789,94,0
4790,96,0
4791,98,0
4792,96,0
4793,94,0
4794,96,0
4795,96,0
4796,96,0
4797,96,0
4798,94,0
4799,94,0
4800,96,0
4801,96,0
4802,96,0
4803,96,0
4804,94,0
4805,94,0
4806,96,0
4807,94,0
4808,96,0
4809,96,0
4810,96,0
4811,96,0
4812,98,0
4813,96,0
4814,96,0
4815,98,0
4816,96,0
4817,100,0
4818,96,0
4819,96,0
4820,98,0
4821,96,0
4822,96,0
4823,94,0
4824,96,0
4825,96,0
4826,96,0
4827,98,0
4828,96,0
4829,94,0
4830,96,0
4831,96,0
4832,96,0
4833,96,0
4834,96,0
4835,96,0
4836,96,0
4837,96,0
4838,98,0
4839,96,0
4840,96,0
4841,92,0
4842,96,0
4843,96,0
4844,96,0
4845,96,0
4846,96,0
4847,94,0
4848,96,0
4849,98,0
4850,96,0
4851,94,0
4852,98,0
4853,96,0
4854,96,0
4855,96,0
4856,96,0
4857,96,0
4858,100,0
4859,96,0
4860,96,0
4861,92,0
4862,94,0
4863,98,0
4864,94,0
4865,96,0
4866,94,0
4867,94,0
4868,96,0
4869,96,0
4870,94,0
4871,94,0
4872,96,0
4873,96,0
4874,98,0
4875,96,0
4876,96,0
4877,94,0
4878,96,0
4879,96,0
4880,98,0
4881,96,0
4882,96,0
4883,98,0
4884,96,0
4885,96,0
4886,100,0
4887,96,0
4888,96,0
4889,96,0
4890,100,0
4891,96,0
4892,96,0
4893,94,0
4894,94,0
4895,96,0
4896,96,0
4897,94,0
4898,96,0
4899,96,0
4900,96,0
4901,94,0
4902,96,0
4903,92,0
4904,94,0
4905,94,0
4906,96,0
4907,94,0
4908,94,0
4909,96,0
4910,96,0
4911,96,0
4912,96,0
4913,96,0
4914,96,0
4915,96,0
4916,96,0
4917,96,0
4918,94,0
4919,94,0
4920,96,0
4921,96,0
4922,96,0
4923,100,0
4924,96,0
4925,96,0
4926,94,0
4927,94,0
4928,98,0
4929,96,0
4930,96,0
4931,94,0
4932,96,0
4933,96,0
4934,96,0
4935,96,0
4936,96,0
4937,96,0
4938,96,0
4939,94,0
4940,94,0
4941,94,0
4942,100,0
4943,96,0
4944,98,0
4945,96,0
4946,96,0
4947,96,0
4948,94,0
4949,96,0
4950,98,0
4951,98,0
4952,96,0
4953,96,0
4954,96,0
4955,98,0
4956,96,0
4957,96,0
4958,96,0
4959,96,0
4960,96,0
4961,94,0
4962,94,0
4963,94,0
4964,96,0
4965,100,0
4966,98,0
4967,96,0
4968,94,0
4969,98,0
4970,96,0
4971,96,0
4972,96,0
4973,96,0
4974,96,0
4975,96,0
4976,96,0
4977,94,0
4978,96,0
4979,96,0
4980,96,0
4981,96,0
4982,96,0
4983,96,0
4984,100,0
4985,94,0
4986,98,0
4987,96,0
4988,94,0
4989,94,0
4990,98,0
4991,94,0
4992,96,0
4993,94,0
4994,94,0
4995,94,0
4996,96,0
4997,96,0
4998,92,0
4999,94,0
5000,96,0
5001,98,0
5002,94,0
5003,94,0
5004,100,0
5005,94,0
5006,96,0
5007,96,0
5008,96,0
5009,96,0
5010,96,0
5011,96,0
5012,96,0
5013,96,0
5014,96,0
5015,96,0
5016,96,0
5017,96,0
5018,94,0
5019,96,0
5020,96,0
5021,94,0
5022,96,0
5023,96,0
5024,96,0
5025,96,0
5026,94,0
5027,98,0
5028,96,0
5029,96,0
5030,100,0
5031,96,0
5032,98,0
5033,94,0
5034,96,0
5035,94,0
5036,92,0
5037,98,0
5038,96,0
5039,96,0
5040,96,0
5041,96,0
5042,94,0
5043,100,0
5044,100,0
5045,92,0
5046,96,0
5047,96,0
5048,96,0
5049,96,0
5050,94,0
5051,96,0
5052,100,0
5053,94,0
5054,94,0
5055,96,0
5056,96,0
5057,96,0
5058,96,0
5059,98,0
5060,94,0
5061,98,0
5062,94,0
5063,94,0
5064,96,0
5065,96,0
5066,96,0
5067,96,0
5068,96,0
5069,92,0
5070,96,0
5071,96,0
5072,96,0
5073,96,0
5074,96,0
5075,96,0
5076,96,0
5077,96,0
5078,96,0
5079,96,0
5080,96,0
5081,94,0
5082,96,0
5083,92,0
5084,96,0
5085,94,0
5086,96,0
5087,96,0
5088,96,0
5089,94,0
5090,96,0
5091,96,0
5092,96,0
5093,96,0
5094,98,0
5095,92,0
5096,96,0
5097,96,0
5098,96,0
5099,94,0
5100,96,0
5101,94,0
5102,96,0
5103,96,0
5104,96,0
5105,96,0
5106,94,0
5107,96,0
5108,96,0
5109,100,0
5110,96,0
5111,96,0
5112,96,0
5113,94,0
5114,92,0
5115,96,0
5116,94,0
5117,98,0
5118,94,0
5119,96,0
5120,96,0
5121,96,0
5122,96,0
5123,96,0
5124,94,0
5125,98,0
5126,94,0
5127,96,0
5128,94,0
5129,94,0
5130,96,0
5131,96,0
5132,96,0
5133,96,0
5134,96,0
5135,96,0
5136,98,0
5137,96,0
5138,98,0
5139,96,0
5140,96,0
5141,96,0
5142,96,0
5143,98,0
5144,96,0
5145,96,0
5146,98,0
5147,96,0
5148,96,0
5149,96,0
5150,94,0
5151,96,0
5152,96,0
5153,96,0
5154,96,0
5155,98,0
5156,96,0
5157,96,0
5158,98,0
5159,96,0
5160,96,0
5161,96,0
5162,96,0
5163,96,0
5164,98,0
5165,98,0
5166,96,0
5167,96,0
5168,94,0
5169,96,0
5170,100,0
5171,96,0
5172,96,0
5173,96,0
5174,96,0
5175,96,0
5176,94,0
5177,96,0
5178,96,0
5179,100,0
5180,96,0
5181,96,0
5182,96,0
5183,96,0
5184,96,0
5185,96,0
5186,96,0
5187,100,0
5188,96,0
5189,96,0
5190,96,0
5191,96,0
5192,96,0
5193,94,0
5194,96,0
5195,94,0
5196,96,0
5197,94,0
5198,98,0
5199,96,0
5200,96,0
5201,96,0
5202,96,0
5203,96,0
5204,96,0
5205,94,0
5206,96,0
5207,96,0
5208,94,0
5209,100,0
5210,96,0
5211,96,0
5212,96,0
5213,96,0
5214,96,0
5215,96,0
5216,96,0
5217,96,0
5218,96,0
5219,96,0
5220,96,0
5221,96,0
5222,96,0
5223,96,0
5224,94,0
5225,100,0
5226,96,0
5227,96,0
5228,96,0
5229,96,0
5230,96,0
5231,100,0
5232,96,0
5233,96,0
5234,96,0
5235,96,0
5236,96,0
5237,96,0
5238,100,0
5239,92,0
5240,96,0
5241,98,0
5242,94,0
5243,98,0
5244,96,0
5245,94,0
5246,94,0
5247,96,0
5248,96,0
5249,96,0
5250,96,0
5251,96,0
5252,96,0
5253,96,0
5254,96,0
5255,96,0
5256,96,0
5257,96,0
5258,96,0
5259,96,0
5260,96,0
5261,96,0
5262,96,0
5263,96,0
5264,96,0
5265,96,0
5266,96,0
5267,100,0
5268,96,0
5269,94,0
5270,94,0
5271,96,0
5272,96,0
5273,96,0
5274,96,0
5275,96,0
5276,96,0
5277,96,0
5278,96,0
5279,96,0
5280,94,0
5281,96,0
5282,96,0
5283,96,0
5284,96,0
5285,96,0
5286,96,0
5287,94,0
5288,96,0
5289,100,0
5290,96,0
5291,96,0
5292,96,0
5293,96,0
5294,96,0
5295,96,0
5296,96,0
5297,96,0
5298,94,0
5299,100,0
5300,96,0
5301,96,0
5302,98,0
5303,96,0
5304,98,0
5305,98,0
5306,94,0
5307,94,0
5308,98,0
5309,98,0
5310,100,0
5311,94,0
5312,100,0
5313,94,0
5314,96,0
5315,96,0
5316,96,0
5317,96,0
5318,96,0
5319,96,0
5320,96,0
5321,96,0
5322,96,0
5323,96,0
5324,96,0
5325,96,0
5326,96,0
5327,96,0
5328,96,0
5329,96,0
5330,96,0
5331,96,0
5332,96,0
5333,96,0
5334,96,0
5335,96,0
5336,96,0
5337,96,0
5338,96,0
5339,96,0
5340,96,0
5341,96,0
5342,96,0
5343,96,0
5344,96,0
5345,98,0
5346,94,0
5347,94,0
5348,96,0
5349,96,0
5350,96,0
5351,100,0
5352,96,0
5353,96,0
5354,96,0
5355,94,0
5356,96,0
5357,94,0
5358,100,0
5359,94,0
5360,96,0
5361,94,0
5362,100,0
5363,96,0
5364,100,0
5365,98,0
5366,96,0
5367,96,0
5368,96,0
5369,94,0
5370,94,0
5371,96,0
5372,96,0
5373,94,0
5374,94,0
5375,96,0
5376,94,0
5377,94,0
5378,98,0
5379,96,0
5380,94,0
5381,96,0
5382,96,0
5383,96,0
5384,96,0
5385,96,0
5386,96,0
5387,96,0
5388,94,0
5389,98,0
5390,96,0
5391,96,0
5392,96,0
5393,96,0
5394,96,0
5395,96,0
5396,96,0
5397,94,0
5398,96,0
5399,96,0
5400,94,0
5401,94,0
5402,96,0
5403,94,0
5404,96,0
5405,96,0
5406,94,0
5407,96,0
5408,100,0
5409,94,0
5410,94,0
5411,100,0
5412,96,0
5413,96,0
5414,96,0
5415,96,0
5416,96,0
5417,96,0
5418,94,0
5419,96,0
5420,96,0
5421,96,0
5422,94,0
5423,96,0
5424,96,0
5425,96,0
5426,100,0
5427,96,0
5428,96,0
5429,96,0
5430,94,0
5431,96,0
5432,96,0
5433,94,0
5434,96,0
5435,96,0
5436,96,0
5437,94,0
5438,96,0
5439,92,0
5440,96,0
5441,94,0
5442,96,0
5443,96,0
5444,96,0
5445,96,0
5446,94,0
5447,96,0
5448,96,0
5449,96,0
5450,98,0
5451,96,0
5452,98,0
5453,96,0
5454,94,0
5455,96,0
5456,94,0
5457,96,0
5458,98,0
5459,96,0
5460,96,0
5461,94,0
5462,96,0
5463,100,0
5464,96,0
5465,96,0
5466,98,0
5467,96,0
5468,98,0
5469,94,0
5470,96,0
5471,98,0
5472,100,0
5473,96,0
5474,96,0
5475,100,0
5476,94,0
5477,96,0
5478,96,0
5479,94,0
5480,96,0
5481,96,0
5482,98,0
5483,94,0
5484,100,0
5485,100,0
5486,96,0
5487,94,0
5488,96,0
5489,96,0
5490,96,0
5491,96,0
5492,96,0
5493,96,0
5494,96,0
5495,96,0
5496,98,0
5497,96,0
5498,98,0
5499,98,0
5500,96,0
5501,96,0
5502,96,0
5503,94,0
5504,96,0
5505,96,0
5506,96,0
5507,96,0
5508,96,0
5509,94,0
5510,96,0
5511,94,0
5512,96,0
5513,96,0
5514,96,0
5515,96,0
5516,100,0
5517,94,0
5518,98,0
5519,98,0
5520,96,0
5521,96,0
5522,98,0
5523,96,0
5524,98,0
5525,94,0
5526,96,0
5527,96,0
5528,94,0
5529,96,0
5530,96,0
5531,94,0
5532,96,0
5533,96,0
5534,96,0
5535,96,0
5536,96,0
5537,96,0
5538,96,0
5539,96,0
5540,96,0
5541,100,0
5542,96,0
5543,98,0
5544,96,0
5545,96,0
5546,94,0
5547,98,0
5548,96,0
5549,96,0
5550,96,0
5551,100,0
5552,100,0
5553,98,0
5554,96,0
5555,96,0
5556,96,0
5557,96,0
5558,98,0
5559,96,0
5560,96,0
5561,96,0
5562,98,0
5563,98,0
5564,96,0
5565,94,0
5566,92,0
5567,96,0
5568,100,0
5569,94,0
5570,96,0
5571,96,0
5572,96,0
5573,96,0
5574,96,0
5575,94,0
5576,96,0
5577,96,0
5578,96,0
5579,96,0
5580,96,0
5581,96,0
5582,96,0
5583,94,0
5584,96,0
5585,100,0
5586,94,0
5587,96,0
5588,100,0
5589,94,0
5590,98,0
5591,96,0
5592,96,0
5593,96,0
5594,96,0
5595,96,0
5596,100,0
5597,96,0
5598,100,0
5599,94,0
5600,96,0
5601,96,0
5602,96,0
5603,96,0
5604,96,0
5605,96,0
5606,94,0
5607,100,0
5608,96,0
5609,94,0
5610,96,0
5611,98,0
5612,96,0
5613,96,0
5614,96,0
5615,96,0
5616,98,0
5617,98,0
5618,96,0
5619,98,0
5620,96,0
5621,98,0
5622,98,0
5623,96,0
5624,96,0
5625,96,0
5626,96,0
5627,96,0
5628,96,0
5629,94,0
5630,96,0
5631,96,0
5632,96,0
5633,92,0
5634,96,0
5635,100,0
5636,94,0
5637,96,0
5638,96,0
5639,96,0
5640,96,0
5641,96,0
5642,96,0
5643,98,0
5644,94,0
5645,96,0
5646,96,0
5647,98,0
5648,96,0
5649,96,0
5650,96,0
5651,96,0
5652,96,0
5653,100,0
5654,100,0
5655,94,0
5656,94,0
5657,94,0
5658,96,0
5659,96,0
5660,96,0
5661,100,0
5662,94,0
5663,94,0
5664,96,0
5665,96,0
5666,96,0
5667,96,0
5668,96,0
5669,94,0
5670,96,0
5671,96,0
5672,96,0
5673,96,0
5674,96,0
5675,96,0
5676,100,0
5677,94,0
5678,96,0
5679,96,0
5680,96,0
5681,96,0
5682,96,0
5683,96,0
5684,96,0
5685,96,0
5686,96,0
5687,96,0
5688,96,0
5689,100,0
5690,94,0
5691,96,0
5692,96,0
5693,96,0
5694,96,0
5695,96,0
5696,96,0
5697,96,0
5698,96,0
5699,100,0
5700,94,0
5701,96,0
5702,98,0
5703,98,0
5704,96,0
5705,96,0
5706,94,0
5707,96,0
5708,96,0
5709,96,0
5710,94,0
5711,98,0
5712,96,0
5713,94,0
5714,96,0
5715,96,0
5716,96,0
5717,96,0
5718,96,0
5719,96,0
5720,96,0
5721,96,0
5722,96,0
5723,100,0
5724,94,0
5725,96,0
5726,96,0
5727,96,0
5728,96,0
5729,96,0
5730,96,0
5731,96,0
5732,96,0
5733,96,0
5734,96,0
5735,96,0
5736,94,0
5737,96,0
5738,96,0
5739,96,0
5740,100,0
5741,96,0
5742,96,0
5743,96,0
5744,94,0
5745,92,0
5746,96,0
5747,96,0
5748,96,0
5749,96,0
5750,96,0
5751,96,0
5752,96,0
5753,96,0
5754,96,0
5755,96,0
5756,96,0
5757,96,0
5758,96,0
5759,96,0
5760,96,0
5761,96,0
5762,96,0
5763,96,0
5764,96,0
5765,96,0
5766,96,0
5767,96,0
5768,96,0
5769,96,0
5770,96,0
5771,96,0
5772,96,0
5773,96,0
5774,96,0
5775,96,0
5776,96,0
5777,96,0
5778,96,0
5779,96,0
5780,96,0
5781,96,0
5782,94,0
5783,94,0
5784,100,0
5785,94,0
5786,98,0
5787,98,0
5788,98,0
5789,96,0
5790,94,0
5791,98,0
5792,96,0
5793,96,0
5794,96,0
5795,96,0
5796,96,0
5797,96,0
5798,96,0
5799,94,0
5800,96,0
5801,96,0
5802,96,0
5803,94,0
5804,94,0
5805,96,0
5806,96,0
5807,94,0
5808,96,0
5809,94,0
5810,96,0
5811,96,0
5812,96,0
5813,96,0
5814,100,0
5815,96,0
5816,96,0
5817,100,0
5818,96,0
5819,94,0
5820,96,0
5821,96,0
5822,98,0
5823,94,0
5824,94,0
5825,96,0
5826,96,0
5827,98,0
5828,96,0
5829,98,0
5830,94,0
5831,98,0
5832,96,0
5833,96,0
5834,100,0
5835,94,0
5836,98,0
5837,100,0
5838,98,0
5839,100,0
5840,100,0
5841,96,0
5842,98,0
5843,96,0
5844,100,0
5845,94,0
5846,96,0
5847,96,0
5848,94,0
5849,96,0
5850,96,0
5851,96,0
5852,94,0
5853,96,0
5854,96,0
5855,94,0
5856,94,0
5857,94,0
5858,96,0
5859,98,0
5860,96,0
5861,96,0
5862,96,0
5863,96,0
5864,96,0
5865,98,0
5866,94,0
5867,94,0
5868,96,0
5869,96,0
5870,94,0
5871,96,0
5872,96,0
5873,96,0
5874,96,0
5875,96,0
5876,96,0
5877,96,0
5878,96,0
5879,94,0
5880,96,0
5881,96,0
5882,98,0
5883,96,0
5884,96,0
5885,94,0
5886,96,0
5887,96,0
5888,96,0
5889,100,0
5890,98,0
5891,96,0
5892,98,0
5893,96,0
5894,96,0
5895,96,0
5896,94,0
5897,96,0
5898,96,0
5899,96,0
5900,94,0
5901,96,0
5902,96,0
5903,96,0
5904,96,0
5905,96,0
5906,96,0
5907,96,0
5908,94,0
5909,98,0
5910,96,0
5911,94,0
5912,100,0
5913,96,0
5914,94,0
5915,94,0
5916,92,0
5917,96,0
5918,96,0
5919,96,0
5920,96,0
5921,96,0
5922,96,0
5923,96,0
5924,94,0
5925,96,0
5926,96,0
5927,96,0
5928,96,0
5929,96,0
5930,96,0
5931,96,0
5932,94,0
5933,96,0
5934,100,0
5935,98,0
5936,100,0
5937,96,0
5938,100,0
5939,96,0
5940,96,0
5941,96,0
5942,96,0
5943,96,0
5944,94,0
5945,96,0
5946,94,0
5947,100,0
5948,96,0
5949,96,0
5950,100,0
5951,96,0
5952,96,0
5953,94,0
5954,100,0
5955,96,0
5956,100,0
5957,96,0
5958,96,0
5959,96,0
5960,94,0
5961,96,0
5962,98,0
5963,96,0
5964,96,0
5965,94,0
5966,96,0
5967,96,0
5968,96,0
5969,98,0
5970,96,0
5971,98,0
5972,94,0
5973,96,0
5974,96,0
5975,96,0
5976,94,0
5977,96,0
5978,94,0
5979,94,0
5980,96,0
5981,96,0
5982,96,0
5983,96,0
5984,94,0
5985,96,0
5986,96,0
5987,96,0
5988,96,0
5989,94,0
5990,96,0
5991,96,0
5992,96,0
5993,96,0
5994,96,0
5995,96,0
5996,94,0
5997,94,0
5998,96,0
5999,100,0
6000,96,0
6001,96,0
6002,96,0
6003,96,0
6004,96,0
6005,96,0
6006,94,0
6007,94,0
6008,96,0
6009,100,0
6010,96,0
6011,94,0
6012,96,0
6013,96,0
6014,98,0
6015,94,0
6016,94,0
6017,94,0
6018,96,0
6019,96,0
6020,96,0
6021,100,0
6022,96,0
6023,96,0
6024,96,0
6025,96,0
6026,94,0
6027,96,0
6028,96,0
6029,100,0
6030,96,0
6031,96,0
6032,96,0
6033,96,0
6034,96,0
6035,96,0
6036,96,0
6037,96,0
6038,96,0
6039,96,0
6040,96,0
6041,96,0
6042,98,0
6043,96,0
6044,96,0
6045,96,0
6046,96,0
6047,96,0
6048,96,0
6049,96,0
6050,96,0
6051,96,0
6052,96,0
6053,96,0
6054,96,0
6055,94,0
6056,96,0
6057,96,0
6058,96,0
6059,96,0
6060,96,0
6061,100,0
6062,96,0
6063,96,0
6064,96,0
6065,96,0
6066,96,0
6067,96,0
6068,98,0
6069,96,0
6070,96,0
6071,96,0
6072,96,0
6073,96,0
6074,96,0
6075,96,0
6076,96,0
6077,96,0
6078,96,0
6079,100,0
6080,96,0
6081,96,0
6082,96,0
6083,98,0
6084,96,0
6085,94,0
6086,94,0
6087,96,0
6088,96,0
6089,96,0
6090,96,0
6091,96,0
6092,96,0
6093,96,0
6094,96,0
6095,96,0
6096,96,0
6097,96,0
6098,96,0
6099,96,0
6100,96,0
6101,98,0
6102,96,0
6103,96,0
6104,96,0
6105,96,0
6106,96,0
6107,96,0
6108,96,0
6109,96,0
6110,98,0
6111,96,0
6112,96,0
6113,96,0
6114,94,0
6115,96,0
6116,100,0
6117,96,0
6118,96,0
6119,96,0
6120,96,0
6121,100,0
6122,96,0
6123,96,0
6124,94,0
6125,98,0
6126,98,0
6127,96,0
6128,96,0
6129,98,0
6130,96,0
6131,96,0
6132,100,0
6133,100,0
6134,96,0
6135,100,0
6136,94,0
6137,96,0
6138,94,0
6139,94,0
6140,96,0
6141,94,0
6142,100,0
6143,96,0
6144,100,0
6145,96,0
6146,96,0
6147,96,0
6148,96,0
6149,96,0
6150,96,0
6151,96,0
6152,96,0
6153,96,0
6154,96,0
6155,94,0
6156,96,0
6157,96,0
6158,96,0
6159,96,0
6160,94,0
6161,96,0
6162,92,0
6163,96,0
6164,96,0
6165,96,0
6166,96,0
6167,96,0
6168,96,0
6169,96,0
6170,96,0
6171,96,0
6172,96,0
6173,96,0
6174,96,0
6175,96,0
6176,96,0
6177,94,0
6178,96,0
6179,96,0
6180,96,0
6181,96,0
6182,96,0
6183,102,0
6184,96,0
6185,100,0
6186,96,0
6187,96,0
6188,100,0
6189,96,0
6190,100,0
6191,96,0
6192,94,0
6193,96,0
6194,96,0
6195,96,0
6196,96,0
6197,96,0
6198,98,0
6199,96,0
6200,98,0
6201,94,0
6202,96,0
6203,96,0
6204,96,0
6205,96,0
6206,96,0
6207,96,0
6208,96,0
6209,96,0
6210,96,0
6211,96,0
6212,96,0
6213,96,0
6214,96,0
6215,96,0
6216,96,0
6217,96,0
6218,96,0
6219,96,0
6220,96,0
6221,96,0
6222,94,0
6223,96,0
6224,94,0
6225,96,0
6226,94,0
6227,96,0
6228,92,0
6229,96,0
6230,96,0
6231,96,0
6232,96,0
6233,94,0
6234,94,0
6235,96,0
6236,96,0
6237,96,0
6238,98,0
6239,94,0
6240,96,0
6241,96,0
6242,96,0
6243,96,0
6244,96,0
6245,96,0
6246,96,0
6247,96,0
6248,96,0
6249,96,0
6250,96,0
6251,96,0
6252,100,0
6253,96,0
6254,100,0
6255,96,0
6256,96,0
6257,96,0
6258,96,0
6259,96,0
6260,96,0
6261,96,0
6262,94,0
6263,96,0
6264,96,0
6265,94,0
6266,96,0
6267,96,0
6268,96,0
6269,94,0
6270,96,0
6271,94,0
6272,96,0
6273,96,0
6274,96,0
6275,96,0
6276,96,0
6277,96,0
6278,96,0
6279,96,0
6280,92,0
6281,96,0
6282,98,0
6283,98,0
6284,96,0
6285,96,0
6286,96,0
6287,96,0
6288,92,0
6289,96,0
6290,96,0
6291,96,0
6292,96,0
6293,96,0
6294,96,0
6295,96,0
6296,98,0
6297,98,0
6298,96,0
6299,94,0
6300,96,0
6301,96,0
6302,96,0
6303,94,0
6304,98,0
6305,94,0
6306,96,0
6307,96,0
6308,100,0
6309,96,0
6310,94,0
6311,96,0
6312,96,0
6313,100,0
6314,96,0
6315,96,0
6316,96,0
6317,96,0
6318,96,0
6319,96,0
6320,96,0
6321,96,0
6322,94,0
6323,96,0
6324,96,0
6325,100,0
6326,98,0
6327,96,0
6328,96,0
6329,96,0
6330,96,0
6331,96,0
6332,96,0
6333,96,0
6334,96,0
6335,96,0
6336,96,0
6337,96,0
6338,96,0
6339,94,0
6340,94,0
6341,96,0
6342,96,0
6343,96,0
6344,96,0
6345,96,0
6346,96,0
6347,96,0
6348,96,0
6349,96,0
6350,96,0
6351,96,0
6352,96,0
6353,94,0
6354,96,0
6355,94,0
6356,96,0
6357,96,0
6358,96,0
6359,96,0
6360,96,0
6361,96,0
6362,96,0
6363,96,0
6364,96,0
6365,94,0
6366,96,0
6367,96,0
6368,96,0
6369,96,0
6370,96,0
6371,96,0
6372,102,0
6373,98,0
6374,96,0
6375,96,0
6376,96,0
6377,100,0
6378,96,0
6379,94,0
6380,96,0
6381,96,0
6382,96,0
6383,96,0
6384,96,0
6385,98,0
6386,96,0
6387,96,0
6388,98,0
6389,96,0
6390,98,0
6391,96,0
6392,94,0
6393,96,0
6394,96,0
6395,96,0
6396,96,0
6397,94,0
6398,96,0
6399,94,0
6400,96,0
6401,96,0
6402,96,0
6403,96,0
6404,96,0
6405,96,0
6406,98,0
6407,96,0
6408,96,0
6409,96,0
6410,94,0
6411,96,0
6412,96,0
6413,98,0
6414,96,0
6415,96,0
6416,96,0
6417,96,0
6418,98,0
6419,96,0
6420,96,0
6421,100,0
6422,96,0
6423,100,0
6424,94,0
6425,98,0
6426,98,0
6427,98,0
6428,96,0
6429,98,0
6430,94,0
6431,96,0
6432,96,0
6433,96,0
6434,96,0
6435,96,0
6436,96,0
6437,96,0
6438,96,0
6439,94,0
6440,94,0
6441,96,0
6442,96,0
6443,96,0
6444,94,0
6445,96,0
6446,96,0
6447,96,0
6448,96,0
6449,96,0
6450,96,0
6451,94,0
6452,102,0
6453,96,0
6454,96,0
6455,96,0
6456,96,0
6457,96,0
6458,96,0
6459,96,0
6460,96,0
6461,96,0
6462,96,0
6463,96,0
6464,98,0
6465,96,0
6466,96,0
6467,94,0
6468,94,0
6469,96,0
6470,96,0
6471,94,0
6472,98,0
6473,94,0
6474,96,0
6475,94,0
6476,96,0
6477,96,0
6478,96,0
6479,96,0
6480,96,0
6481,96,0
6482,96,0
6483,96,0
6484,96,0
6485,96,0
6486,96,0
6487,100,0
6488,94,0
6489,98,0
6490,94,0
6491,98,0
6492,96,0
6493,98,0
6494,100,0
6495,96,0
6496,96,0
6497,94,0
6498,98,0
6499,96,0
6500,98,0
6501,96,0
6502,98,0
6503,94,0
6504,94,0
6505,96,0
6506,98,0
6507,94,0
6508,96,0
6509,96,0
6510,96,0
6511,94,0
6512,96,0
6513,96,0
6514,96,0
6515,98,0
6516,98,0
6517,96,0
6518,96,0
6519,96,0
6520,94,0
6521,96,0
6522,96,0
6523,96,0
6524,96,0
6525,94,0
6526,96,0
6527,96,0
6528,94,0
6529,96,0
6530,96,0
6531,96,0
6532,96,0
6533,96,0
6534,96,0
6535,96,0
6536,96,0
6537,96,0
6538,94,0
6539,96,0
6540,94,0
6541,94,0
6542,94,0
6543,96,0
6544,96,0
6545,96,0
6546,96,0
6547,96,0
6548,96,0
6549,96,0
6550,96,0
6551,94,0
6552,94,0
6553,96,0
6554,96,0
6555,96,0
6556,96,0
6557,96,0
6558,94,0
6559,96,0
6560,100,0
6561,96,0
6562,96,0
6563,96,0
6564,96,0
6565,96,0
6566,96,0
6567,96,0
6568,96,0
6569,94,0
6570,96,0
6571,96,0
6572,94,0
6573,96,0
6574,96,0
6575,96,0
6576,96,0
6577,96,0
6578,92,0
6579,96,0
6580,96,0
6581,96,0
6582,96,0
6583,96,0
6584,96,0
6585,96,0
6586,92,0
6587,96,0
6588,94,0
6589,96,0
6590,96,0
6591,96,0
6592,96,0
6593,96,0
6594,96,0
6595,94,0
6596,96,0
6597,96,0
6598,98,0
6599,96,0
6600,98,0
6601,96,0
6602,98,0
6603,96,0
6604,94,0
6605,96,0
6606,94,0
6607,98,0
6608,96,0
6609,94,0
6610,96,0
6611,96,0
6612,96,0
6613,96,0
6614,96,0
6615,96,0
6616,96,0
6617,96,0
6618,96,0
6619,96,0
6620,96,0
6621,92,0
6622,96,0
6623,96,0
6624,96,0
6625,94,0
6626,96,0
6627,92,0
6628,96,0
6629,96,0
6630,96,0
6631,96,0
6632,96,0
6633,96,0
6634,96,0
6635,96,0
6636,96,0
6637,98,0
6638,96,0
6639,96,0
6640,96,0
6641,96,0
6642,96,0
6643,94,0
6644,96,0
6645,96,0
6646,96,0
6647,96,0
6648,96,0
6649,96,0
6650,100,0
6651,94,0
6652,100,0
6653,98,0
6654,96,0
6655,96,0
6656,96,0
6657,96,0
6658,96,0
6659,96,0
6660,96,0
6661,96,0
6662,96,0
6663,94,0
6664,96,0
6665,96,0
6666,94,0
6667,94,0
6668,96,0
6669,94,0
6670,96,0
6671,96,0
6672,96,0
6673,96,0
6674,96,0
6675,94,0
6676,96,0
6677,96,0
6678,96,0
6679,96,0
6680,98,0
6681,96,0
6682,94,0
6683,98,0
6684,94,0
6685,96,0
6686,96,0
6687,96,0
6688,96,0
6689,96,0
6690,94,0
6691,96,0
6692,96,0
6693,100,0
6694,96,0
6695,96,0
6696,94,0
6697,96,0
6698,94,0
6699,94,0
6700,96,0
6701,96,0
6702,94,0
6703,94,0
6704,100,0
6705,96,0
6706,94,0
6707,96,0
6708,100,0
6709,94,0
6710,100,0
6711,96,0
6712,98,0
6713,96,0
6714,96,0
6715,96,0
6716,94,0
6717,96,0
6718,96,0
6719,94,0
6720,96,0
6721,96,0
6722,96,0
6723,96,0
6724,100,0
6725,96,0
6726,96,0
6727,94,0
6728,94,0
6729,96,0
6730,96,0
6731,98,0
6732,96,0
6733,100,0
6734,96,0
6735,98,0
6736,96,0
6737,96,0
6738,94,0
6739,96,0
6740,94,0
6741,96,0
6742,96,0
6743,96,0
6744,94,0
6745,96,0
6746,94,0
6747,92,0
6748,100,0
6749,96,0
6750,94,0
6751,96,0
6752,96,0
6753,98,0
6754,94,0
6755,100,0
6756,94,0
6757,94,0
6758,94,0
6759,94,0
6760,96,0
6761,96,0
6762,96,0
6763,94,0
6764,96,0
6765,100,0
6766,96,0
6767,96,0
6768,96,0
6769,96,0
6770,96,0
6771,94,0
6772,96,0
6773,96,0
6774,98,0
6775,94,0
6776,96,0
6777,96,0
6778,94,0
6779,92,0
6780,96,0
6781,94,0
6782,96,0
6783,96,0
6784,92,0
6785,96,0
6786,96,0
6787,94,0
6788,100,0
6789,96,0
6790,96,0
6791,96,0
6792,102,0
6793,96,0
6794,94,0
6795,96,0
6796,92,0
6797,98,0
6798,96,0
6799,96,0
6800,98,0
6801,96,0
6802,96,0
6803,96,0
6804,96,0
6805,94,0
6806,96,0
6807,96,0
6808,96,0
6809,94,0
6810,96,0
6811,94,0
6812,94,0
6813,96,0
6814,96,0
6815,96,0
6816,94,0
6817,96,0
6818,96,0
6819,96,0
6820,96,0
6821,96,0
6822,92,0
6823,96,0
6824,96,0
6825,96,0
6826,96,0
6827,94,0
6828,94,0
6829,96,0
6830,96,0
6831,96,0
6832,96,0
6833,94,0
6834,96,0
6835,100,0
6836,96,0
6837,96,0
6838,96,0
6839,96,0
6840,96,0
6841,96,0
6842,96,0
6843,96,0
6844,96,0
6845,96,0
6846,94,0
6847,96,0
6848,94,0
6849,96,0
6850,98,0
6851,92,0
6852,96,0
6853,94,0
6854,100,0
6855,96,0
6856,96,0
6857,94,0
6858,94,0
6859,98,0
6860,96,0
6861,94,0
6862,96,0
6863,96,0
6864,96,0
6865,96,0
6866,96,0
6867,96,0
6868,96,0
6869,96,0
6870,94,0
6871,96,0
6872,96,0
6873,96,0
6874,98,0
6875,96,0
6876,96,0
6877,96,0
6878,96,0
6879,94,0
6880,96,0
6881,96,0
6882,94,0
6883,96,0
6884,96,0
6885,94,0
6886,96,0
6887,94,0
6888,92,0
6889,96,0
6890,96,0
6891,96,0
6892,100,0
6893,96,0
6894,96,0
6895,100,0
6896,96,0
6897,94,0
6898,94,0
6899,94,0
6900,94,0
6901,94,0
6902,96,0
6903,96,0
6904,94,0
6905,96,0
6906,98,0
6907,94,0
6908,98,0
6909,96,0
6910,94,0
6911,100,0
6912,96,0
6913,96,0
6914,96,0
6915,94,0
6916,92,0
6917,96,0
6918,98,0
6919,100,0
6920,96,0
6921,96,0
6922,96,0
6923,94,0
6924,96,0
6925,96,0
6926,96,0
6927,96,0
6928,94,0
6929,96,0
6930,96,0
6931,96,0
6932,96,0
6933,96,0
6934,96,0
6935,94,0
6936,94,0
6937,96,0
6938,94,0
6939,96,0
6940,100,0
6941,96,0
6942,96,0
6943,98,0
6944,96,0
6945,96,0
6946,96,0
6947,96,0
6948,96,0
6949,100,0
6950,96,0
6951,96,0
6952,96,0
6953,96,0
6954,96,0
6955,96,0
6956,96,0
6957,96,0
6958,96,0
6959,94,0
6960,94,0
6961,94,0
6962,98,0
6963,96,0
6964,94,0
6965,94,0
6966,96,0
6967,100,0
6968,96,0
6969,98,0
6970,96,0
6971,96,0
6972,94,0
6973,98,0
6974,96,0
6975,96,0
6976,100,0
6977,96,0
6978,98,0
6979,98,0
6980,94,0
6981,96,0
6982,100,0
6983,96,0
6984,96,0
6985,96,0
6986,96,0
6987,96,0
6988,96,0
6989,96,0
6990,96,0
6991,96,0
6992,100,0
6993,96,0
6994,96,0
6995,96,0
6996,96,0
6997,96,0
6998,100,0
6999,96,0
7000,96,0
7001,96,0
7002,96,0
7003,96,0
7004,96,0
7005,96,0
7006,96,0
7007,96,0
7008,96,0
7009,96,0
7010,94,0
7011,96,0
7012,96,0
7013,96,0
7014,96,0
7015,96,0
7016,96,0
7017,96,0
7018,100,0
7019,94,0
7020,96,0
7021,94,0
7022,96,0
7023,96,0
7024,96,0
7025,96,0
7026,96,0
7027,96,0
7028,96,0
7029,96,0
7030,96,0
7031,100,0
7032,96,0
7033,96,0
7034,96,0
7035,96,0
7036,96,0
7037,96,0
7038,96,0
7039,96,0
7040,100,0
7041,96,0
7042,96,0
7043,96,0
7044,94,0
7045,96,0
7046,96,0
7047,96,0
7048,96,0
7049,98,0
7050,96,0
7051,96,0
7052,96,0
7053,96,0
7054,96,0
7055,96,0
7056,96,0
7057,96,0
7058,96,0
7059,96,0
7060,96,0
7061,94,0
7062,94,0
7063,96,0
7064,96,0
7065,96,0
7066,96,0
7067,96,0
7068,96,0
7069,96,0
7070,96,0
7071,96,0
7072,96,0
7073,98,0
7074,98,0
7075,96,0
7076,96,0
7077,94,0
7078,94,0
7079,96,0
7080,94,0
7081,96,0
7082,96,0
7083,96,0
7084,96,0
7085,96,0
7086,100,0
7087,96,0
7088,100,0
7089,96,0
7090,96,0
7091,94,0
7092,96,0
7093,96,0
7094,100,0
7095,94,0
7096,96,0
7097,94,0
7098,96,0
7099,96,0
7100,96,0
7101,96,0
7102,96,0
7103,96,0
7104,96,0
7105,96,0
7106,96,0
7107,96,0
7108,96,0
7109,96,0
7110,96,0
7111,94,0
7112,96,0
7113,96,0
7114,100,0
7115,98,0
7116,96,0
7117,96,0
7118,98,0
7119,98,0
7120,96,0
7121,96,0
7122,96,0
7123,96,0
7124,96,0
7125,96,0
7126,94,0
7127,96,0
7128,96,0
7129,96,0
7130,96,0
7131,96,0
7132,96,0
7133,96,0
7134,96,0
7135,94,0
7136,96,0
7137,96,0
7138,96,0
7139,94,0
7140,96,0
7141,96,0
7142,98,0
7143,96,0
7144,98,0
7145,100,0
7146,96,0
7147,94,0
7148,94,0
7149,96,0
7150,94,0
7151,96,0
7152,98,0
7153,98,0
7154,100,0
7155,96,0
7156,94,0
7157,92,0
7158,94,0
7159,96,0
7160,96,0
7161,98,0
7162,96,0
7163,96,0
7164,96,0
7165,96,0
7166,100,0
7167,94,0
7168,96,0
7169,96,0
7170,96,0
7171,96,0
7172,96,0
7173,96,0
7174,96,0
7175,96,0
7176,96,0
7177,94,0
7178,96,0
7179,96,0
7180,96,0
7181,96,0
7182,96,0
7183,96,0
7184,96,0
7185,96,0
7186,96,0
7187,96,0
7188,96,0
7189,94,0
7190,96,0
7191,96,0
7192,96,0
7193,98,0
7194,100,0
7195,94,0
7196,96,0
7197,96,0
7198,96,0
7199,96,0
7200,96,0
7201,96,0
7202,96,0
7203,96,0
7204,96,0
7205,94,0
7206,100,0
7207,96,0
7208,96,0
7209,96,0
7210,100,0
7211,94,0
7212,96,0
7213,96,0
7214,94,0
7215,96,0
7216,96,0
7217,94,0
7218,94,0
7219,96,0
7220,100,0
7221,100,0
7222,94,0
7223,96,0
7224,100,0
7225,96,0
7226,94,0
7227,94,0
7228,96,0
7229,98,0
7230,98,0
7231,100,0
7232,96,0
7233,94,0
7234,96,0
7235,94,0
7236,96,0
7237,96,0
7238,102,0
7239,96,0
7240,96,0
7241,96,0
7242,94,0
7243,96,0
7244,96,0
7245,100,0
7246,96,0
7247,94,0
7248,96,0
7249,96,0
7250,100,0
7251,96,0
7252,96,0
7253,96,0
7254,96,0
7255,96,0
7256,94,0
7257,96,0
7258,94,0
7259,96,0
7260,96,0
7261,96,0
7262,96,0
7263,96,0
7264,96,0
7265,96,0
7266,96,0
7267,96,0
7268,94,0
7269,96,0
7270,96,0
7271,96,0
7272,96,0
7273,96,0
7274,94,0
7275,96,0
7276,98,0
7277,98,0
7278,100,0
7279,96,0
7280,96,0
7281,100,0
7282,96,0
7283,96,0
7284,96,0
7285,96,0
7286,96,0
7287,96,0
7288,96,0
7289,96,0
7290,94,0
7291,98,0
7292,98,0
7293,100,0
7294,96,0
7295,98,0
7296,96,0
7297,96,0
7298,94,0
7299,96,0
7300,96,0
7301,94,0
7302,96,0
7303,96,0
7304,96,0
7305,96,0
7306,96,0
7307,94,0
7308,96,0
7309,96,0
7310,94,0
7311,94,0
7312,96,0
7313,96,0
7314,96,0
7315,96,0
7316,96,0
7317,96,0
7318,96,0
7319,94,0
7320,96,0
7321,96,0
7322,96,0
7323,96,0
7324,96,0
7325,96,0
7326,96,0
7327,98,0
7328,96,0
7329,96,0
7330,96,0
7331,96,0
7332,96,0
7333,94,0
7334,94,0
7335,96,0
7336,96,0
7337,94,0
7338,96,0
7339,96,0
7340,94,0
7341,96,0
7342,96,0
7343,96,0
7344,96,0
7345,96,0
7346,96,0
7347,96,0
7348,100,0
7349,96,0
7350,96,0
7351,100,0
7352,94,0
7353,100,0
7354,96,0
7355,96,0
7356,100,0
7357,96,0
7358,96,0
7359,96,0
7360,96,0
7361,96,0
7362,96,0
7363,94,0
7364,96,0
7365,94,0
7366,96,0
7367,96,0
7368,92,0
7369,96,0
7370,96,0
7371,96,0
7372,96,0
7373,96,0
7374,96,0
7375,96,0
7376,96,0
7377,96,0
7378,96,0
7379,96,0
7380,96,0
7381,96,0
7382,96,0
7383,98,0
7384,96,0
7385,98,0
7386,94,0
7387,96,0
7388,94,0
7389,100,0
7390,96,0
7391,98,0
7392,96,0
7393,96,0
7394,96,0
7395,96,0
7396,96,0
7397,96,0
7398,96,0
7399,92,0
7400,96,0
7401,94,0
7402,98,0
7403,96,0
7404,96,0
7405,94,0
7406,98,0
7407,96,0
7408,94,0
7409,96,0
7410,96,0
7411,96,0
7412,96,0
7413,96,0
7414,96,0
7415,96,0
7416,96,0
7417,96,0
7418,96,0
7419,96,0
7420,94,0
7421,96,0
7422,100,0
7423,94,0
7424,96,0
7425,96,0
7426,96,0
7427,96,0
7428,96,0
7429,96,0
7430,96,0
7431,96,0
7432,96,0
7433,96,0
7434,94,0
7435,94,0
7436,96,0
7437,96,0
7438,96,0
7439,98,0
7440,96,0
7441,96,0
7442,96,0
7443,98,0
7444,96,0
7445,98,0
7446,92,0
7447,96,0
7448,96,0
7449,94,0
7450,100,0
7451,96,0
7452,96,0
7453,96,0
7454,94,0
7455,96,0
7456,94,0
7457,96,0
7458,96,0
7459,96,0
7460,96,0
7461,96,0
7462,96,0
7463,96,0
7464,96,0
7465,96,0
7466,96,0
7467,96,0
7468,96,0
7469,96,0
7470,96,0
7471,96,0
7472,96,0
7473,96,0
7474,96,0
7475,96,0
7476,96,0
7477,96,0
7478,96,0
7479,96,0
7480,96,0
7481,96,0
7482,96,0
7483,96,0
7484,96,0
7485,94,0
7486,96,0
7487,96,0
7488,94,0
7489,96,0
7490,96,0
7491,96,0
7492,96,0
7493,94,0
7494,96,0
7495,96,0
7496,96,0
7497,94,0
7498,96,0
7499,96,0
7500,96,0
7501,96,0
7502,98,0
7503,94,0
7504,98,0
7505,98,0
7506,96,0
7507,96,0
7508,96,0
7509,96,0
7510,96,0
7511,96,0
7512,96,0
7513,96,0
7514,96,0
7515,96,0
7516,96,0
7517,96,0
7518,100,0
7519,96,0
7520,96,0
7521,96,0
7522,94,0
7523,96,0
7524,96,0
7525,94,0
7526,96,0
7527,96,0
7528,100,0
7529,94,0
7530,96,0
7531,96,0
7532,98,0
7533,96,0
7534,96,0
7535,96,0
7536,94,0
7537,96,0
7538,96,0
7539,96,0
7540,96,0
7541,96,0
7542,96,0
7543,96,0
7544,96,0
7545,96,0
7546,94,0
7547,96,0
7548,100,0
7549,98,0
7550,96,0
7551,96,0
7552,96,0
7553,96,0
7554,94,0
7555,96,0
7556,96,0
7557,96,0
7558,96,0
7559,96,0
7560,96,0
7561,96,0
7562,94,0
7563,100,0
7564,94,0
7565,96,0
7566,94,0
7567,96,0
7568,94,0
7569,96,0
7570,98,0
7571,96,0
7572,100,0
7573,96,0
7574,96,0
7575,96,0
7576,96,0
7577,96,0
7578,96,0
7579,96,0
7580,96,0
7581,96,0
7582,96,0
7583,96,0
7584,96,0
7585,94,0
7586,98,0
7587,98,0
7588,96,0
7589,96,0
7590,94,0
7591,96,0
7592,96,0
7593,94,0
7594,96,0
7595,94,0
7596,96,0
7597,96,0
7598,96,0
7599,96,0
7600,94,0
7601,96,0
7602,98,0
7603,100,0
7604,96,0
7605,96,0
7606,94,0
7607,96,0
7608,96,0
7609,94,0
7610,96,0
7611,94,0
7612,98,0
7613,98,0
7614,96,0
7615,98,0
7616,96,0
7617,94,0
7618,96,0
7619,96,0
7620,94,0
7621,94,0
7622,96,0
7623,94,0
7624,96,0
7625,94,0
7626,94,0
7627,96,0
7628,96,0
7629,98,0
7630,98,0
7631,96,0
7632,94,0
7633,96,0
7634,96,0
7635,96,0
7636,92,0
7637,94,0
7638,94,0
7639,96,0
7640,96,0
7641,96,0
7642,96,0
7643,96,0
7644,96,0
7645,100,0
7646,94,0
7647,96,0
7648,96,0
7649,94,0
7650,94,0
7651,96,0
7652,96,0
7653,94,0
7654,96,0
7655,96,0
7656,96,0
7657,98,0
7658,100,0
7659,96,0
7660,96,0
7661,96,0
7662,96,0
7663,98,0
7664,94,0
7665,100,0
7666,96,0
7667,96,0
7668,96,0
7669,94,0
7670,96,0
7671,96,0
7672,96,0
7673,96,0
7674,94,0
7675,96,0
7676,96,0
7677,96,0
7678,96,0
7679,96,0
7680,96,0
7681,96,0
7682,96,0
7683,102,0
7684,94,0
7685,96,0
7686,94,0
7687,94,0
7688,96,0
7689,100,0
7690,100,0
7691,96,0
7692,96,0
7693,100,0
7694,96,0
7695,96,0
7696,94,0
7697,96,0
7698,96,0
7699,96,0
7700,96,0
7701,96,0
7702,94,0
7703,96,0
7704,96,0
7705,94,0
7706,98,0
7707,94,0
7708,94,0
7709,96,0
7710,96,0
7711,96,0
7712,100,0
7713,96,0
7714,96,0
7715,98,0
7716,96,0
7717,96,0
7718,94,0
7719,96,0
7720,96,0
7721,96,0
7722,96,0
7723,96,0
7724,96,0
7725,96,0
7726,96,0
7727,96,0
7728,96,0
7729,96,0
7730,100,0
7731,92,0
7732,96,0
7733,96,0
7734,96,0
7735,94,0
7736,96,0
7737,96,0
7738,96,0
7739,96,0
7740,98,0
7741,96,0
7742,96,0
7743,100,0
7744,96,0
7745,98,0
7746,96,0
7747,96,0
7748,94,0
7749,94,0
7750,94,0
7751,94,0
7752,94,0
7753,96,0
7754,96,0
7755,94,0
7756,96,0
7757,96,0
7758,98,0
7759,96,0
7760,98,0
7761,96,0
7762,98,0
7763,96,0
7764,94,0
7765,96,0
7766,98,0
7767,96,0
7768,96,0
7769,96,0
7770,96,0
7771,96,0
7772,96,0
7773,100,0
7774,96,0
7775,96,0
7776,96,0
7777,98,0
7778,100,0
7779,94,0
7780,96,0
7781,96,0
7782,96,0
7783,96,0
7784,96,0
7785,96,0
7786,96,0
7787,96,0
7788,96,0
7789,94,0
7790,98,0
7791,98,0
7792,96,0
7793,96,0
7794,96,0
7795,96,0
7796,96,0
7797,96,0
7798,96,0
7799,96,0
7800,96,0
7801,96,0
7802,94,0
7803,96,0
7804,96,0
7805,96,0
7806,96,0
7807,94,0
7808,96,0
7809,96,0
7810,102,0
7811,94,0
7812,96,0
7813,96,0
7814,98,0
7815,96,0
7816,98,0
7817,96,0
7818,98,0
7819,98,0
7820,96,0
7821,96,0
7822,96,0
7823,96,0
7824,96,0
7825,96,0
7826,100,0
7827,96,0
7828,96,0
7829,98,0
7830,94,0
7831,98,0
7832,96,0
7833,98,0
7834,98,0
7835,98,0
7836,98,0
7837,96,0
7838,96,0
7839,96,0
7840,96,0
7841,96,0
7842,96,0
7843,96,0
7844,96,0
7845,96,0
7846,96,0
7847,96,0
7848,96,0
7849,94,0
7850,96,0
7851,96,0
7852,100,0
7853,96,0
7854,96,0
7855,100,0
7856,96,0
7857,98,0
7858,94,0
7859,96,0
7860,100,0
7861,96,0
7862,96,0
7863,100,0
7864,96,0
7865,100,0
7866,94,0
7867,96,0
7868,96,0
7869,96,0
7870,94,0
7871,96,0
7872,100,0
7873,94,0
7874,94,0
7875,94,0
7876,94,0
7877,96,0
7878,96,0
7879,96,0
7880,98,0
7881,94,0
7882,94,0
7883,96,0
7884,96,0
7885,96,0
7886,94,0
7887,92,0
7888,96,0
7889,96,0
7890,94,0
7891,96,0
7892,98,0
7893,96,0
7894,98,0
7895,96,0
7896,96,0
7897,96,0
7898,96,0
7899,94,0
7900,96,0
7901,96,0
7902,94,0
7903,98,0
7904,94,0
7905,96,0
7906,96,0
7907,100,0
7908,96,0
7909,96,0
7910,96,0
7911,96,0
7912,94,0
7913,96,0
7914,94,0
7915,96,0
7916,96,0
7917,96,0
7918,94,0
7919,94,0
7920,96,0
7921,96,0
7922,100,0
7923,96,0
7924,96,0
7925,96,0
7926,96,0
7927,96,0
7928,100,0
7929,94,0
7930,96,0
7931,94,0
7932,94,0
7933,96,0
7934,96,0
7935,94,0
7936,96,0
7937,96,0
7938,96,0
7939,96,0
7940,96,0
7941,96,0
7942,96,0
7943,96,0
7944,96,0
7945,96,0
7946,94,0
7947,96,0
7948,94,0
7949,96,0
7950,96,0
7951,96,0
7952,100,0
7953,94,0
7954,96,0
7955,96,0
7956,96,0
7957,96,0
7958,96,0
7959,96,0
7960,96,0
7961,96,0
7962,96,0
7963,96,0
7964,96,0
7965,96,0
7966,96,0
7967,96,0
7968,94,0
7969,96,0
7970,96,0
7971,96,0
7972,96,0
7973,96,0
7974,96,0
7975,96,0
7976,96,0
7977,96,0
7978,96,0
7979,96,0
7980,96,0
7981,96,0
7982,96,0
7983,96,0
7984,96,0
7985,96,0
7986,96,0
7987,98,0
7988,96,0
7989,96,0
7990,94,0
7991,96,0
7992,96,0
7993,94,0
7994,94,0
7995,96,0
7996,98,0
7997,94,0
7998,94,0
7999,94,0
8000,102,0
8001,96,0
8002,96,0
8003,96,0
8004,96,0
8005,96,0
8006,96,0
8007,96,0
8008,96,0
8009,96,0
8010,96,0
8011,96,0
8012,100,0
8013,96,0
8014,96,0
8015,94,0
8016,96,0
8017,96,0
8018,96,0
8019,96,0
8020,96,0
8021,96,0
8022,96,0
8023,98,0
8024,96,0
8025,96,0
8026,96,0
8027,96,0
8028,100,0
8029,96,0
8030,96,0
8031,96,0
8032,94,0
8033,96,0
8034,96,0
8035,96,0
8036,96,0
8037,94,0
8038,96,0
8039,96,0
8040,96,0
8041,96,0
8042,96,0
8043,96,0
8044,100,0
8045,96,0
8046,96,0
8047,100,0
8048,98,0
8049,96,0
8050,96,0
8051,96,0
8052,100,0
8053,98,0
8054,94,0
8055,96,0
8056,96,0
8057,96,0
8058,96,0
8059,96,0
8060,100,0
8061,96,0
8062,96,0
8063,94,0
8064,96,0
8065,96,0
8066,96,0
8067,96,0
8068,96,0
8069,96,0
8070,96,0
8071,96,0
8072,96,0
8073,96,0
8074,96,0
8075,96,0
8076,98,0
8077,96,0
8078,98,0
8079,96,0
8080,96,0
8081,94,0
8082,96,0
8083,96,0
8084,96,0
8085,96,0
8086,96,0
8087,96,0
8088,94,0
8089,100,0
8090,96,0
8091,96,0
8092,94,0
8093,96,0
8094,96,0
8095,96,0
8096,94,0
8097,96,0
8098,96,0
8099,100,0
8100,96,0
8101,96,0
8102,96,0
8103,100,0
8104,96,0
8105,96,0
8106,96,0
8107,96,0
8108,96,0
8109,96,0
8110,98,0
8111,96,0
8112,96,0
8113,96,0
8114,96,0
8115,96,0
8116,96,0
8117,96,0
8118,96,0
8119,100,0
8120,96,0
8121,96,0
8122,96,0
8123,96,0
8124,96,0
8125,96,0
8126,94,0
8127,96,0
8128,96,0
8129,96,0
8130,96,0
8131,96,0
8132,96,0
8133,96,0
8134,96,0
8135,96,0
8136,96,0
8137,96,0
8138,96,0
8139,96,0
8140,98,0
8141,100,0
8142,98,0
8143,96,0
8144,96,0
8145,96,0
8146,96,0
8147,94,0
8148,94,0
8149,96,0
8150,98,0
8151,100,0
8152,96,0
8153,96,0
8154,98,0
8155,96,0
8156,96,0
8157,96,0
8158,90,0
8159,96,0
8160,96,0
8161,96,0
8162,96,0
8163,96,0
8164,96,0
8165,96,0
8166,96,0
8167,96,0
8168,98,0
8169,96,0
8170,96,0
8171,98,0
8172,96,0
8173,94,0
8174,96,0
8175,96,0
8176,100,0
8177,94,0
8178,96,0
8179,96,0
8180,96,0
8181,100,0
8182,96,0
8183,96,0
8184,98,0
8185,94,0
8186,96,0
8187,96,0
8188,96,0
8189,96,0
8190,96,0
8191,96,0
8192,96,0
8193,96,0
8194,96,0
8195,98,0
8196,96,0
8197,96,0
8198,96,0
8199,96,0
8200,96,0
8201,96,0
8202,96,0
8203,100,0
8204,96,0
8205,92,0
8206,96,0
8207,96,0
8208,96,0
8209,100,0
8210,96,0
8211,96,0
8212,96,0
8213,100,0
8214,96,0
8215,96,0
8216,96,0
8217,96,0
8218,96,0
8219,96,0
8220,96,0
8221,96,0
8222,98,0
8223,96,0
8224,100,0
8225,96,0
8226,96,0
8227,96,0
8228,94,0
8229,98,0
8230,100,0
8231,96,0
8232,94,0
8233,96,0
8234,94,0
8235,98,0
8236,98,0
8237,94,0
8238,96,0
8239,96,0
8240,94,0
8241,96,0
8242,96,0
8243,96,0
8244,96,0
8245,96,0
8246,96,0
8247,96,0
8248,96,0
8249,94,0
8250,102,0
8251,96,0
8252,94,0
8253,96,0
8254,98,0
8255,96,0
8256,94,0
8257,94,0
8258,96,0
8259,94,0
8260,96,0
8261,96,0
8262,96,0
8263,94,0
8264,96,0
8265,94,0
8266,94,0
8267,100,0
8268,96,0
8269,94,0
8270,94,0
8271,96,0
8272,96,0
8273,94,0
8274,100,0
8275,94,0
8276,96,0
8277,96,0
8278,94,0
8279,96,0
8280,92,0
8281,98,0
8282,96,0
8283,96,0
8284,96,0
8285,96,0
8286,96,0
8287,96,0
8288,96,0
8289,96,0
8290,96,0
8291,94,0
8292,98,0
8293,96,0
8294,96,0
8295,96,0
8296,96,0
8297,96,0
8298,94,0
8299,96,0
8300,96,0
8301,96,0
8302,96,0
8303,96,0
8304,94,0
8305,96,0
8306,96,0
8307,96,0
8308,94,0
8309,96,0
8310,96,0
8311,98,0
8312,100,0
8313,94,0
8314,96,0
8315,96,0
8316,96,0
8317,94,0
8318,96,0
8319,96,0
8320,94,0
8321,96,0
8322,96,0
8323,96,0
8324,94,0
8325,96,0
8326,96,0
8327,96,0
8328,94,0
8329,96,0
8330,96,0
8331,96,0
8332,96,0
8333,94,0
8334,100,0
8335,96,0
8336,94,0
8337,100,0
8338,94,0
8339,96,0
8340,96,0
8341,96,0
8342,96,0
8343,96,0
8344,96,0
8345,96,0
8346,94,0
8347,96,0
8348,98,0
8349,96,0
8350,92,0
8351,96,0
8352,100,0
8353,96,0
8354,100,0
8355,96,0
8356,100,0
8357,94,0
8358,98,0
8359,94,0
8360,96,0
8361,96,0
8362,100,0
8363,96,0
8364,96,0
8365,96,0
8366,96,0
8367,96,0
8368,96,0
8369,94,0
8370,96,0
8371,96,0
8372,94,0
8373,96,0
8374,96,0
8375,96,0
8376,94,0
8377,94,0
8378,96,0
8379,96,0
8380,96,0
8381,96,0
8382,96,0
8383,96,0
8384,96,0
8385,96,0
8386,96,0
8387,96,0
8388,94,0
8389,94,0
8390,94,0
8391,98,0
8392,94,0
8393,96,0
8394,94,0
8395,98,0
8396,96,0
8397,96,0
8398,100,0
8399,94,0
8400,96,0
8401,94,0
8402,96,0
8403,98,0
8404,92,0
8405,98,0
8406,92,0
8407,96,0
8408,96,0
8409,96,0
8410,96,0
8411,98,0
8412,94,0
8413,96,0
8414,96,0
8415,94,0
8416,98,0
8417,96,0
8418,96,0
8419,98,0
8420,96,0
8421,96,0
8422,94,0
8423,94,0
8424,100,0
8425,98,0
8426,96,0
8427,96,0
8428,96,0
8429,94,0
8430,96,0
8431,94,0
8432,98,0
8433,96,0
8434,94,0
8435,98,0
8436,96,0
8437,96,0
8438,96,0
8439,96,0
8440,96,0
8441,94,0
8442,96,0
8443,96,0
8444,96,0
8445,96,0
8446,96,0
8447,94,0
8448,94,0
8449,98,0
8450,92,0
8451,96,0
8452,96,0
8453,96,0
8454,96,0
8455,94,0
8456,94,0
8457,96,0
8458,96,0
8459,96,0
8460,94,0
8461,96,0
8462,94,0
8463,96,0
8464,96,0
8465,96,0
8466,96,0
8467,96,0
8468,96,0
8469,100,0
8470,96,0
8471,92,0
8472,98,0
8473,94,0
8474,96,0
8475,96,0
8476,96,0
8477,96,0
8478,96,0
8479,96,0
8480,96,0
8481,96,0
8482,94,0
8483,96,0
8484,94,0
8485,96,0
8486,96,0
8487,96,0
8488,96,0
8489,96,0
8490,96,0
8491,96,0
8492,98,0
8493,98,0
8494,98,0
8495,94,0
8496,96,0
8497,96,0
8498,98,0
8499,96,0
8500,96,0
8501,100,0
8502,94,0
8503,96,0
8504,96,0
8505,96,0
8506,94,0
8507,96,0
8508,96,0
8509,94,0
8510,94,0
8511,94,0
8512,96,0
8513,100,0
8514,96,0
8515,96,0
8516,94,0
8517,100,0
8518,96,0
8519,96,0
8520,94,0
8521,96,0
8522,94,0
8523,100,0
8524,92,0
8525,96,0
8526,96,0
8527,92,0
8528,96,0
8529,96,0
8530,96,0
8531,92,0
8532,96,0
8533,94,0
8534,96,0
8535,100,0
8536,98,0
8537,96,0
8538,94,0
8539,94,0
8540,96,0
8541,94,0
8542,94,0
8543,96,0
8544,96,0
8545,94,0
8546,96,0
8547,96,0
8548,94,0
8549,96,0
8550,94,0
8551,98,0
8552,92,0
8553,96,0
8554,94,0
8555,96,0
8556,96,0
8557,96,0
8558,94,0
8559,96,0
8560,96,0
8561,96,0
8562,94,0
8563,94,0
8564,94,0
8565,98,0
8566,98,0
8567,92,0
8568,96,0
8569,94,0
8570,100,0
8571,96,0
8572,94,0
8573,96,0
8574,96,0
8575,96,0
8576,96,0
8577,100,0
8578,96,0
8579,96,0
8580,96,0
8581,98,0
8582,96,0
8583,96,0
8584,96,0
8585,96,0
8586,94,0
8587,100,0
8588,96,0
8589,100,0
8590,94,0
8591,96,0
8592,96,0
8593,96,0
8594,96,0
8595,94,0
8596,94,0
8597,96,0
8598,96,0
8599,96,0
8600,96,0
8601,96,0
8602,96,0
8603,94,0
8604,94,0
8605,92,0
8606,94,0
8607,96,0
8608,94,0
8609,96,0
8610,96,0
8611,98,0
8612,94,0
8613,96,0
8614,96,0
8615,96,0
8616,96,0
8617,96,0
8618,98,0
8619,94,0
8620,96,0
8621,96,0
8622,96,0
8623,96,0
8624,94,0
8625,96,0
8626,96,0
8627,100,0
8628,96,0
8629,96,0
8630,94,0
8631,94,0
8632,98,0
8633,100,0
8634,96,0
8635,98,0
8636,96,0
8637,98,0
8638,94,0
8639,94,0
8640,96,0
8641,94,0
8642,96,0
8643,96,0
8644,92,0
8645,96,0
8646,94,0
8647,96,0
8648,100,0
8649,94,0
8650,94,0
8651,94,0
8652,94,0
8653,100,0
8654,96,0
8655,94,0
8656,94,0
8657,92,0
8658,96,0
8659,94,0
8660,96,0
8661,94,0
8662,94,0
8663,98,0
8664,96,0
8665,96,0
8666,96,0
8667,100,0
8668,94,0
8669,94,0
8670,96,0
8671,96,0
8672,96,0
8673,94,0
8674,96,0
8675,96,0
8676,100,0
8677,92,0
8678,96,0
8679,94,0
8680,100,0
8681,96,0
8682,96,0
8683,96,0
8684,96,0
8685,96,0
8686,96,0
8687,96,0
8688,94,0
8689,94,0
8690,96,0
8691,94,0
8692,94,0
8693,96,0
8694,96,0
8695,96,0
8696,94,0
8697,96,0
8698,94,0
8699,96,0
8700,92,0
8701,96,0
8702,94,0
8703,94,0
8704,94,0
8705,92,0
8706,96,0
8707,94,0
8708,100,0
8709,92,0
8710,94,0
8711,96,0
8712,94,0
8713,96,0
8714,98,0
8715,100,0
8716,96,0
8717,94,0
8718,96,0
8719,94,0
8720,96,0
8721,96,0
8722,96,0
8723,94,0
8724,96,0
8725,94,0
8726,96,0
8727,96,0
8728,96,0
8729,96,0
8730,100,0
8731,96,0
8732,94,0
8733,96,0
8734,96,0
8735,96,0
8736,96,0
8737,96,0
8738,96,0
8739,94,0
8740,96,0
8741,94,0
8742,96,0
8743,96,0
8744,96,0
8745,96,0
8746,96,0
8747,96,0
8748,96,0
8749,96,0
8750,94,0
8751,96,0
8752,96,0
8753,98,0
8754,98,0
8755,96,0
8756,94,0
8757,92,0
8758,96,0
8759,94,0
8760,96,0
8761,96,0
8762,96,0
8763,96,0
8764,94,0
8765,94,0
8766,94,0
8767,96,0
8768,96,0
8769,96,0
8770,96,0
8771,96,0
8772,96,0
8773,96,0
8774,94,0
8775,96,0
8776,98,0
8777,94,0
8778,94,0
8779,94,0
8780,94,0
8781,94,0
8782,96,0
8783,96,0
8784,94,0
8785,98,0
8786,98,0
8787,94,0
8788,96,0
8789,96,0
8790,96,0
8791,94,0
8792,96,0
8793,94,0
8794,94,0
8795,92,0
8796,96,0
8797,96,0
8798,94,0
8799,94,0
8800,96,0
8801,92,0
8802,96,0
8803,96,0
8804,96,0
8805,96,0
8806,96,0
8807,96,0
8808,96,0
8809,96,0
8810,94,0
8811,96,0
8812,94,0
8813,96,0
8814,96,0
8815,94,0
8816,96,0
8817,94,0
8818,96,0
8819,96,0
8820,100,0
8821,96,0
8822,96,0
8823,92,0
8824,94,0
8825,94,0
8826,96,0
8827,96,0
8828,96,0
8829,96,0
8830,96,0
8831,94,0
8832,96,0
8833,96,0
8834,92,0
8835,96,0
8836,96,0
8837,96,0
8838,96,0
8839,96,0
8840,96,0
8841,96,0
8842,96,0
8843,96,0
8844,96,0
8845,96,0
8846,94,0
8847,96,0
8848,94,0
8849,94,0
8850,96,0
8851,96,0
8852,94,0
8853,94,0
8854,96,0
8855,96,0
8856,96,0
8857,94,0
8858,96,0
8859,96,0
8860,98,0
8861,94,0
8862,96,0
8863,96,0
8864,96,0
8865,96,0
8866,94,0
8867,96,0
8868,94,0
8869,96,0
8870,96,0
8871,94,0
8872,96,0
8873,96,0
8874,96,0
8875,98,0
8876,98,0
8877,96,0
8878,98,0
8879,96,0
8880,96,0
8881,96,0
8882,96,0
8883,96,0
8884,94,0
8885,94,0
8886,96,0
8887,96,0
8888,96,0
8889,94,0
8890,100,0
8891,96,0
8892,96,0
8893,96,0
8894,94,0
8895,96,0
8896,100,0
8897,94,0
8898,96,0
8899,92,0
8900,96,0
8901,98,0
8902,96,0
8903,96,0
8904,96,0
8905,94,0
8906,96,0
8907,96,0
8908,100,0
8909,94,0
8910,96,0
8911,96,0
8912,96,0
8913,96,0
8914,96,0
8915,96,0
8916,96,0
8917,98,0
8918,90,0
8919,96,0
8920,102,0
8921,98,0
8922,96,0
8923,96,0
8924,96,0
8925,96,0
8926,94,0
8927,96,0
8928,96,0
8929,94,0
8930,94,0
8931,96,0
8932,96,0
8933,96,0
8934,96,0
8935,94,0
8936,96,0
8937,98,0
8938,94,0
8939,96,0
8940,96,0
8941,96,0
8942,94,0
8943,96,0
8944,96,0
8945,96,0
8946,100,0
8947,94,0
8948,98,0
8949,92,0
8950,94,0
8951,92,0
8952,94,0
8953,94,0
8954,98,0
8955,96,0
8956,96,0
8957,98,0
8958,96,0
8959,94,0
8960,96,0
8961,94,0
8962,92,0
8963,96,0
8964,94,0
8965,96,0
8966,94,0
8967,96,0
8968,96,0
8969,96,0
8970,96,0
8971,96,0
8972,100,0
8973,96,0
8974,98,0
8975,96,0
8976,96,0
8977,96,0
8978,96,0
8979,96,0
8980,96,0
8981,100,0
8982,94,0
8983,96,0
8984,96,0
8985,94,0
8986,96,0
8987,98,0
8988,96,0
8989,96,0
8990,96,0
8991,94,0
8992,96,0
8993,94,0
8994,96,0
8995,96,0
8996,96,0
8997,94,0
8998,98,0
8999,94,0
9000,98,0
9001,94,0
9002,94,0
9003,96,0
9004,96,0
9005,96,0
9006,98,0
9007,96,0
9008,96,0
9009,96,0
9010,94,0
9011,96,0
9012,96,0
9013,96,0
9014,94,0
9015,94,0
9016,100,0
9017,98,0
9018,96,0
9019,94,0
9020,96,0
9021,98,0
9022,94,0
9023,96,0
9024,94,0
9025,92,0
9026,96,0
9027,96,0
9028,96,0
9029,96,0
9030,96,0
9031,92,0
9032,94,0
9033,96,0
9034,100,0
9035,96,0
9036,94,0
9037,96,0
9038,96,0
9039,94,0
9040,90,0
9041,96,0
9042,96,0
9043,96,0
9044,96,0
9045,96,0
9046,96,0
9047,96,0
9048,96,0
9049,96,0
9050,94,0
9051,96,0
9052,96,0
9053,98,0
9054,96,0
9055,96,0
9056,96,0
9057,94,0
9058,100,0
9059,92,0
9060,96,0
9061,98,0
9062,94,0
9063,94,0
9064,96,0
9065,94,0
9066,94,0
9067,98,0
9068,96,0
9069,94,0
9070,94,0
9071,94,0
9072,96,0
9073,96,0
9074,96,0
9075,96,0
9076,96,0
9077,98,0
9078,90,0
9079,94,0
9080,96,0
9081,96,0
9082,96,0
9083,96,0
9084,96,0
9085,94,0
9086,96,0
9087,94,0
9088,96,0
9089,96,0
9090,96,0
9091,96,0
9092,96,0
9093,96,0
9094,92,0
9095,94,0
9096,92,0
9097,96,0
9098,98,0
9099,94,0
9100,96,0
9101,96,0
9102,94,0
9103,92,0
9104,96,0
9105,96,0
9106,96,0
9107,96,0
9108,96,0
9109,96,0
9110,98,0
9111,96,0
9112,94,0
9113,100,0
9114,96,0
9115,94,0
9116,96,0
9117,96,0
9118,96,0
9119,96,0
9120,96,0
9121,96,0
9122,94,0
9123,96,0
9124,96,0
9125,94,0
9126,98,0
9127,96,0
9128,96,0
9129,94,0
9130,96,0
9131,98,0
9132,96,0
9133,94,0
9134,98,0
9135,94,0
9136,96,0
9137,98,0
9138,94,0
9139,94,0
9140,92,0
9141,96,0
9142,100,0
9143,94,0
9144,96,0
9145,96,0
9146,96,0
9147,92,0
9148,94,0
9149,96,0
9150,96,0
9151,94,0
9152,96,0
9153,96,0
9154,96,0
9155,94,0
9156,98,0
9157,96,0
9158,94,0
9159,96,0
9160,96,0
9161,96,0
9162,96,0
9163,92,0
9164,96,0
9165,96,0
9166,96,0
9167,96,0
9168,94,0
9169,96,0
9170,96,0
9171,96,0
9172,96,0
9173,94,0
9174,96,0
9175,96,0
9176,94,0
9177,96,0
9178,100,0
9179,96,0
9180,94,0
9181,98,0
9182,98,0
9183,94,0
9184,98,0
9185,98,0
9186,100,0
9187,96,0
9188,96,0
9189,96,0
9190,96,0
9191,96,0
9192,96,0
9193,100,0
9194,96,0
9195,96,0
9196,96,0
9197,96,0
9198,96,0
9199,96,0
9200,100,0
9201,96,0
9202,100,0
9203,94,0
9204,96,0
9205,98,0
9206,96,0
9207,94,0
9208,96,0
9209,96,0
9210,94,0
9211,96,0
9212,96,0
9213,96,0
9214,96,0
9215,96,0
9216,96,0
9217,96,0
9218,94,0
9219,96,0
9220,96,0
9221,92,0
9222,94,0
9223,94,0
9224,96,0
9225,96,0
9226,96,0
9227,96,0
9228,96,0
9229,94,0
9230,94,0
9231,96,0
9232,100,0
9233,98,0
9234,94,0
9235,96,0
9236,96,0
9237,94,0
9238,100,0
9239,94,0
9240,96,0
9241,94,0
9242,94,0
9243,96,0
9244,94,0
9245,98,0
9246,94,0
9247,98,0
9248,98,0
9249,96,0
9250,96,0
9251,96,0
9252,94,0
9253,100,0
9254,100,0
9255,94,0
9256,96,0
9257,94,0
9258,100,0
9259,96,0
9260,94,0
9261,96,0
9262,94,0
9263,94,0
9264,96,0
9265,94,0
9266,96,0
9267,96,0
9268,94,0
9269,96,0
9270,96,0
9271,96,0
9272,96,0
9273,96,0
9274,96,0
9275,100,0
9276,94,0
9277,96,0
9278,96,0
9279,96,0
9280,96,0
9281,94,0
9282,96,0
9283,96,0
9284,96,0
9285,100,0
9286,96,0
9287,92,0
9288,96,0
9289,94,0
9290,96,0
9291,96,0
9292,94,0
9293,94,0
9294,96,0
9295,96,0
9296,96,0
9297,96,0
9298,96,0
9299,94,0
9300,98,0
9301,94,0
9302,94,0
9303,96,0
9304,94,0
9305,96,0
9306,94,0
9307,94,0
9308,94,0
9309,98,0
9310,94,0
9311,96,0
9312,100,0
9313,96,0
9314,96,0
9315,96,0
9316,96,0
9317,96,0
9318,94,0
9319,96,0
9320,96,0
9321,96,0
9322,94,0
9323,96,0
9324,100,0
9325,94,0
9326,92,0
9327,96,0
9328,96,0
9329,96,0
9330,96,0
9331,96,0
9332,94,0
9333,96,0
9334,96,0
9335,94,0
9336,94,0
9337,96,0
9338,94,0
9339,96,0
9340,96,0
9341,94,0
9342,96,0
9343,96,0
9344,98,0
9345,96,0
9346,96,0
9347,94,0
9348,96,0
9349,96,0
9350,96,0
9351,98,0
9352,96,0
9353,94,0
9354,96,0
9355,102,0
9356,98,0
9357,96,0
9358,96,0
9359,94,0
9360,100,0
9361,96,0
9362,94,0
9363,96,0
9364,98,0
9365,94,0
9366,92,0
9367,98,0
9368,96,0
9369,98,0
9370,94,0
9371,96,0
9372,100,0
9373,98,0
9374,94,0
9375,96,0
9376,94,0
9377,98,0
9378,94,0
9379,92,0
9380,96,0
9381,94,0
9382,94,0
9383,96,0
9384,94,0
9385,96,0
9386,96,0
9387,92,0
9388,96,0
9389,96,0
9390,96,0
9391,96,0
9392,96,0
9393,94,0
9394,96,0
9395,96,0
9396,96,0
9397,100,0
9398,96,0
9399,96,0
9400,94,0
9401,94,0
9402,96,0
9403,96,0
9404,94,0
9405,96,0
9406,100,0
9407,100,0
9408,96,0
9409,96,0
9410,96,0
9411,96,0
9412,92,0
9413,94,0
9414,92,0
9415,96,0
9416,94,0
9417,96,0
9418,96,0
9419,96,0
9420,96,0
9421,100,0
9422,96,0
9423,94,0
9424,96,0
9425,96,0
9426,96,0
9427,96,0
9428,94,0
9429,96,0
9430,96,0
9431,96,0
9432,96,0
9433,94,0
9434,96,0
9435,96,0
9436,96,0
9437,96,0
9438,100,0
9439,100,0
9440,100,0
9441,94,0
9442,96,0
9443,98,0
9444,96,0
9445,96,0
9446,94,0
9447,98,0
9448,96,0
9449,96,0
9450,96,0
9451,96,0
9452,96,0
9453,100,0
9454,94,0
9455,96,0
9456,96,0
9457,94,0
9458,96,0
9459,94,0
9460,96,0
9461,94,0
9462,98,0
9463,94,0
9464,96,0
9465,94,0
9466,96,0
9467,96,0
9468,96,0
9469,96,0
9470,94,0
9471,96,0
9472,96,0
9473,92,0
9474,94,0
9475,92,0
9476,96,0
9477,96,0
9478,96,0
9479,100,0
9480,96,0
9481,96,0
9482,96,0
9483,96,0
9484,100,0
9485,92,0
9486,96,0
9487,94,0
9488,94,0
9489,98,0
9490,96,0
9491,96,0
9492,94,0
9493,94,0
9494,94,0
9495,94,0
9496,92,0
9497,96,0
9498,96,0
9499,96,0
9500,96,0
9501,96,0
9502,96,0
9503,94,0
9504,96,0
9505,96,0
9506,94,0
9507,94,0
9508,96,0
9509,96,0
9510,94,0
9511,94,0
9512,94,0
9513,94,0
9514,96,0
9515,92,0
9516,98,0
9517,96,0
9518,96,0
9519,96,0
9520,96,0
9521,94,0
9522,96,0
9523,96,0
9524,96,0
9525,96,0
9526,100,0
9527,96,0
9528,96,0
9529,96,0
9530,96,0
9531,96,0
9532,96,0
9533,96,0
9534,94,0
9535,96,0
9536,96,0
9537,96,0
9538,94,0
9539,96,0
9540,96,0
9541,96,0
9542,96,0
9543,96,0
9544,96,0
9545,96,0
9546,96,0
9547,98,0
9548,98,0
9549,98,0
9550,94,0
9551,98,0
9552,94,0
9553,100,0
9554,96,0
9555,96,0
9556,96,0
9557,96,0
9558,96,0
9559,96,0
9560,98,0
9561,92,0
9562,96,0
9563,96,0
9564,94,0
9565,100,0
9566,94,0
9567,96,0
9568,96,0
9569,96,0
9570,94,0
9571,96,0
9572,92,0
9573,96,0
9574,100,0
9575,96,0
9576,96,0
9577,92,0
9578,98,0
9579,96,0
9580,94,0
9581,96,0
9582,96,0
9583,96,0
9584,94,0
9585,96,0
9586,96,0
9587,96,0
9588,96,0
9589,94,0
9590,96,0
9591,94,0
9592,94,0
9593,96,0
9594,100,0
9595,96,0
9596,96,0
9597,94,0
9598,94,0
9599,96,0
9600,98,0
9601,98,0
9602,96,0
9603,96,0
9604,96,0
9605,96,0
9606,94,0
9607,96,0
9608,96,0
9609,96,0
9610,96,0
9611,96,0
9612,92,0
9613,96,0
9614,96,0
9615,94,0
9616,100,0
9617,96,0
9618,94,0
9619,96,0
9620,94,0
9621,96,0
9622,92,0
9623,96,0
9624,92,0
9625,100,0
9626,96,0
9627,94,0
9628,96,0
9629,96,0
9630,94,0
9631,96,0
9632,96,0
9633,98,0
9634,94,0
9635,96,0
9636,96,0
9637,94,0
9638,96,0
9639,96,0
9640,94,0
9641,96,0
9642,94,0
9643,94,0
9644,96,0
9645,96,0
9646,94,0
9647,96,0
9648,96,0
9649,96,0
9650,96,0
9651,96,0
9652,96,0
9653,96,0
9654,96,0
9655,98,0
9656,98,0
9657,94,0
9658,94,0
9659,94,0
9660,98,0
9661,94,0
9662,96,0
9663,94,0
9664,94,0
9665,94,0
9666,96,0
9667,92,0
9668,96,0
9669,96,0
9670,96,0
9671,94,0
9672,100,0
9673,96,0
9674,94,0
9675,96,0
9676,94,0
9677,98,0
9678,96,0
9679,94,0
9680,94,0
9681,96,0
9682,96,0
9683,94,0
9684,96,0
9685,96,0
9686,96,0
9687,96,0
9688,96,0
9689,96,0
9690,94,0
9691,96,0
9692,96,0
9693,96,0
9694,96,0
9695,96,0
9696,96,0
9697,94,0
9698,96,0
9699,96,0
9700,96,0
9701,94,0
9702,98,0
9703,96,0
9704,94,0
9705,96,0
9706,96,0
9707,96,0
9708,94,0
9709,94,0
9710,96,0
9711,96,0
9712,96,0
9713,94,0
9714,96,0
9715,96,0
9716,96,0
9717,94,0
9718,94,0
9719,98,0
9720,96,0
9721,96,0
9722,94,0
9723,96,0
9724,96,0
9725,96,0
9726,94,0
9727,100,0
9728,98,0
9729,98,0
9730,98,0
9731,96,0
9732,100,0
9733,96,0
9734,94,0
9735,98,0
9736,96,0
9737,98,0
9738,94,0
9739,96,0
9740,96,0
9741,100,0
9742,96,0
9743,98,0
9744,96,0
9745,92,0
9746,96,0
9747,96,0
9748,96,0
9749,96,0
9750,94,0
9751,96,0
9752,96,0
9753,96,0
9754,96,0
9755,96,0
9756,94,0
9757,96,0
9758,96,0
9759,96,0
9760,96,0
9761,96,0
9762,96,0
9763,96,0
9764,96,0
9765,96,0
9766,94,0
9767,96,0
9768,96,0
9769,96,0
9770,96,0
9771,96,0
9772,96,0
9773,94,0
9774,94,0
9775,96,0
9776,94,0
9777,96,0
9778,94,0
9779,98,0
9780,94,0
9781,96,0
9782,98,0
9783,94,0
9784,96,0
9785,96,0
9786,94,0
9787,96,0
9788,100,0
9789,96,0
9790,100,0
9791,98,0
9792,94,0
9793,96,0
9794,96,0
9795,96,0
9796,96,0
9797,94,0
9798,98,0
9799,96,0
9800,96,0
9801,96,0
9802,94,0
9803,96,0
9804,96,0
9805,96,0
9806,96,0
9807,94,0
9808,94,0
9809,96,0
9810,96,0
9811,94,0
9812,96,0
9813,96,0
9814,94,0
9815,94,0
9816,94,0
9817,96,0
9818,94,0
9819,98,0
9820,96,0
9821,96,0
9822,96,0
9823,96,0
9824,94,0
9825,94,0
9826,96,0
9827,96,0
9828,96,0
9829,100,0
9830,96,0
9831,96,0
9832,96,0
9833,96,0
9834,94,0
9835,96,0
9836,96,0
9837,96,0
9838,96,0
9839,96,0
9840,96,0
9841,96,0
9842,96,0
9843,96,0
9844,96,0
9845,96,0
9846,94,0
9847,96,0
9848,94,0
9849,96,0
9850,96,0
9851,94,0
9852,96,0
9853,100,0
9854,98,0
9855,94,0
9856,94,0
9857,94,0
9858,92,0
9859,96,0
9860,100,0
9861,94,0
9862,92,0
9863,96,0
9864,94,0
9865,96,0
9866,96,0
9867,96,0
9868,100,0
9869,96,0
9870,96,0
9871,96,0
9872,94,0
9873,96,0
9874,96,0
9875,94,0
9876,96,0
9877,96,0
9878,96,0
9879,100,0
9880,94,0
9881,96,0
9882,94,0
9883,96,0
9884,96,0
9885,96,0
9886,96,0
9887,96,0
9888,96,0
9889,96,0
9890,96,0
9891,96,0
9892,96,0
9893,96,0
9894,96,0
9895,96,0
9896,96,0
9897,94,0
9898,96,0
9899,96,0
9900,100,0
9901,94,0
9902,98,0
9903,100,0
9904,94,0
9905,96,0
9906,100,0
9907,96,0
9908,100,0
9909,100,0
9910,96,0
9911,96,0
9912,96,0
9913,96,0
9914,96,0
9915,96,0
9916,96,0
9917,96,0
9918,98,0
9919,96,0
9920,96,0
9921,94,0
9922,96,0
9923,98,0
9924,96,0
9925,94,0
9926,94,0
9927,98,0
9928,96,0
9929,98,0
9930,96,0
9931,96,0
9932,96,0
9933,96,0
9934,96,0
9935,94,0
9936,94,0
9937,96,0
9938,96,0
9939,96,0
9940,96,0
9941,96,0
9942,96,0
9943,94,0
9944,96,0
9945,96,0
9946,96,0
9947,98,0
9948,96,0
9949,94,0
9950,96,0
9951,96,0
9952,94,0
9953,102,0
9954,94,0
9955,96,0
9956,98,0
9957,96,0
9958,96,0
9959,96,0
9960,96,0
9961,98,0
9962,96,0
9963,96,0
9964,96,0
9965,96,0
9966,96,0
9967,100,0
9968,96,0
9969,96,0
9970,100,0
9971,96,0
9972,100,0
9973,96,0
9974,96,0
9975,98,0
9976,96,0
9977,96,0
9978,96,0
9979,96,0
9980,94,0
9981,96,0
9982,96,0
9983,96,0
9984,96,0
9985,96,0
9986,96,0
9987,98,0
9988,94,0
9989,96,0
9990,94,0
9991,96,0
9992,96,0
9993,96,0
9994,94,0
9995,96,0
9996,94,0
9997,92,0
9998,96,0
9999,96,0
10000,96,0
10001,98,0
10002,96,0
10003,96,0
10004,96,0
10005,96,0
10006,96,0
10007,96,0
10008,94,0
10009,96,0
10010,100,0
10011,96,0
10012,96,0
10013,98,0
10014,98,0
10015,96,0
10016,96,0
10017,100,0
10018,94,0
10019,98,0
10020,94,0
10021,98,0
10022,96,0
10023,96,0
10024,96,0
10025,96,0
10026,96,0
10027,96,0
10028,96,0
10029,96,0
10030,96,0
10031,94,0
10032,98,0
10033,94,0
10034,96,0
10035,100,0
10036,96,0
10037,96,0
10038,94,0
10039,96,0
10040,96,0
10041,96,0
10042,96,0
10043,96,0
10044,94,0
10045,96,0
10046,96,0
10047,94,0
10048,96,0
10049,96,0
10050,96,0
10051,94,0
10052,96,0
10053,92,0
10054,96,0
10055,96,0
10056,96,0
10057,94,0
10058,96,0
10059,96,0
10060,96,0
10061,96,0
10062,96,0
10063,96,0
10064,96,0
10065,96,0
10066,96,0
10067,96,0
10068,102,0
10069,96,0
10070,96,0
10071,96,0
10072,94,0
10073,96,0
10074,96,0
10075,96,0
10076,96,0
10077,96,0
10078,96,0
10079,102,0
10080,94,0
10081,94,0
10082,96,0
10083,96,0
10084,96,0
10085,100,0
10086,98,0
10087,96,0
10088,96,0
10089,96,0
10090,98,0
10091,96,0
10092,96,0
10093,98,0
10094,96,0
10095,96,0
10096,96,0
10097,94,0
10098,96,0
10099,94,0
10100,96,0
10101,102,0
10102,96,0
10103,94,0
10104,94,0
10105,96,0
10106,92,0
10107,96,0
10108,94,0
10109,96,0
10110,96,0
10111,94,0
10112,96,0
10113,96,0
10114,96,0
10115,96,0
10116,96,0
10117,96,0
10118,96,0
10119,96,0
10120,94,0
10121,96,0
10122,96,0
10123,96,0
10124,94,0
10125,96,0
10126,96,0
10127,96,0
10128,96,0
10129,98,0
10130,96,0
10131,96,0
10132,96,0
10133,96,0
10134,96,0
10135,96,0
10136,96,0
10137,96,0
10138,96,0
10139,98,0
10140,98,0
10141,96,0
10142,96,0
10143,98,0
10144,96,0
10145,100,0
10146,98,0
10147,98,0
10148,98,0
10149,94,0
10150,96,0
10151,96,0
10152,100,0
10153,96,0
10154,96,0
10155,96,0
10156,96,0
10157,94,0
10158,94,0
10159,98,0
10160,98,0
10161,96,0
10162,96,0
10163,96,0
10164,96,0
10165,96,0
10166,96,0
10167,96,0
10168,96,0
10169,96,0
10170,94,0
10171,96,0
10172,96,0
10173,96,0
10174,96,0
10175,96,0
10176,96,0
10177,96,0
10178,96,0
10179,96,0
10180,98,0
10181,96,0
10182,96,0
10183,96,0
10184,96,0
10185,100,0
10186,96,0
10187,100,0
10188,94,0
10189,96,0
10190,96,0
10191,96,0
10192,96,0
10193,96,0
10194,96,0
10195,96,0
10196,96,0
10197,96,0
10198,96,0
10199,96,0
10200,96,0
10201,94,0
10202,98,0
10203,94,0
10204,94,0
10205,94,0
10206,94,0
10207,100,0
10208,94,0
10209,96,0
10210,96,0
10211,96,0
10212,96,0
10213,100,0
10214,98,0
10215,96,0
10216,94,0
10217,96,0
10218,98,0
10219,98,0
10220,96,0
10221,96,0
10222,96,0
10223,96,0
10224,100,0
10225,96,0
10226,96,0
10227,98,0
10228,94,0
10229,96,0
10230,96,0
10231,96,0
10232,100,0
10233,96,0
10234,94,0
10235,96,0
10236,94,0
10237,94,0
10238,94,0
10239,94,0
10240,96,0
10241,96,0
10242,96,0
10243,94,0
10244,96,0
10245,100,0
10246,96,0
10247,100,0
10248,94,0
10249,98,0
10250,98,0
10251,98,0
10252,94,0
10253,94,0
10254,96,0
10255,94,0
10256,96,0
10257,96,0
10258,96,0
10259,96,0
10260,96,0
10261,92,0
10262,98,0
10263,98,0
10264,98,0
10265,96,0
10266,96,0
10267,94,0
10268,96,0
10269,94,0
10270,94,0
10271,96,0
10272,96,0
10273,100,0
10274,96,0
10275,96,0
10276,96,0
10277,94,0
10278,96,0
10279,96,0
10280,96,0
10281,96,0
10282,96,0
10283,94,0
10284,100,0
10285,96,0
10286,96,0
10287,96,0
10288,96,0
10289,96,0
10290,96,0
10291,96,0
10292,96,0
10293,94,0
10294,94,0
10295,96,0
10296,96,0
10297,96,0
10298,96,0
10299,96,0
10300,96,0
10301,94,0
10302,96,0
10303,94,0
10304,96,0
10305,96,0
10306,96,0
10307,96,0
10308,96,0
10309,96,0
10310,96,0
10311,94,0
10312,96,0
10313,96,0
10314,100,0
10315,96,0
10316,96,0
10317,94,0
10318,96,0
10319,96,0
10320,96,0
10321,96,0
10322,96,0
10323,96,0
10324,96,0
10325,96,0
10326,96,0
10327,96,0
10328,96,0
10329,96,0
10330,96,0
10331,98,0
10332,96,0
10333,98,0
10334,94,0
10335,96,0
10336,94,0
10337,96,0
10338,96,0
10339,94,0
10340,94,0
10341,96,0
10342,96,0
10343,96,0
10344,96,0
10345,94,0
10346,96,0
10347,96,0
10348,94,0
10349,100,0
10350,96,0
10351,96,0
10352,96,0
10353,94,0
10354,96,0
10355,94,0
10356,94,0
10357,96,0
10358,96,0
10359,96,0
10360,96,0
10361,96,0
10362,96,0
10363,96,0
10364,96,0
10365,96,0
10366,96,0
10367,96,0
10368,96,0
10369,96,0
10370,96,0
10371,98,0
10372,96,0
10373,96,0
10374,98,0
10375,96,0
10376,96,0
10377,96,0
10378,96,0
10379,96,0
10380,96,0
10381,96,0
10382,100,0
10383,100,0
10384,96,0
10385,94,0
10386,94,0
10387,96,0
10388,96,0
10389,96,0
10390,96,0
10391,96,0
10392,94,0
10393,96,0
10394,96,0
10395,96,0
10396,96,0
10397,98,0
10398,94,0
10399,96,0
10400,96,0
10401,96,0
10402,94,0
10403,96,0
10404,96,0
10405,94,0
10406,96,0
10407,96,0
10408,96,0
10409,96,0
10410,96,0
10411,96,0
10412,96,0
10413,96,0
10414,96,0
10415,96,0
10416,96,0
10417,100,0
10418,96,0
10419,96,0
10420,94,0
10421,96,0
10422,94,0
10423,94,0
10424,96,0
10425,96,0
10426,96,0
10427,96,0
10428,96,0
10429,96,0
10430,96,0
10431,96,0
10432,96,0
10433,96,0
10434,96,0
10435,96,0
10436,96,0
10437,96,0
10438,96,0
10439,100,0
10440,96,0
10441,96,0
10442,94,0
10443,96,0
10444,96,0
10445,96,0
10446,96,0
10447,94,0
10448,96,0
10449,98,0
10450,96,0
10451,98,0
10452,96,0
10453,98,0
10454,96,0
10455,96,0
10456,96,0
10457,96,0
10458,94,0
10459,100,0
10460,94,0
10461,94,0
10462,100,0
10463,96,0
10464,98,0
10465,96,0
10466,96,0
10467,96,0
10468,100,0
10469,98,0
10470,96,0
10471,96,0
10472,96,0
10473,96,0
10474,94,0
10475,96,0
10476,98,0
10477,94,0
10478,96,0
10479,100,0
10480,96,0
10481,96,0
10482,96,0
10483,96,0
10484,96,0
10485,98,0
10486,96,0
10487,94,0
10488,96,0
10489,96,0
10490,96,0
10491,96,0
10492,96,0
10493,96,0
10494,96,0
10495,96,0
10496,98,0
10497,96,0
10498,96,0
10499,96,0
10500,96,0
10501,96,0
10502,96,0
10503,96,0
10504,100,0
10505,96,0
10506,94,0
10507,94,0
10508,96,0
10509,96,0
10510,94,0
10511,96,0
10512,96,0
10513,100,0
10514,96,0
10515,100,0
10516,96,0
10517,100,0
10518,96,0
10519,98,0
10520,96,0
10521,96,0
10522,94,0
10523,96,0
10524,94,0
10525,96,0
10526,96,0
10527,100,0
10528,96,0
10529,94,0
10530,98,0
10531,96,0
10532,96,0
10533,96,0
10534,96,0
10535,96,0
10536,96,0
10537,100,0
10538,96,0
10539,96,0
10540,94,0
10541,96,0
10542,96,0
10543,96,0
10544,96,0
10545,96,0
10546,94,0
10547,96,0
10548,96,0
10549,96,0
10550,96,0
10551,96,0
10552,94,0
10553,96,0
10554,96,0
10555,94,0
10556,96,0
10557,96,0
10558,96,0
10559,96,0
10560,96,0
10561,96,0
10562,98,0
10563,96,0
10564,96,0
10565,100,0
10566,94,0
10567,96,0
10568,96,0
10569,94,0
10570,96,0
10571,98,0
10572,94,0
10573,96,0
10574,96,0
10575,96,0
10576,96,0
10577,94,0
10578,94,0
10579,94,0
10580,96,0
10581,96,0
10582,96,0
10583,98,0
10584,96,0
10585,96,0
10586,94,0
10587,96,0
10588,94,0
10589,96,0
10590,96,0
10591,94,0
10592,96,0
10593,96,0
10594,96,0
10595,96,0
10596,94,0
10597,96,0
10598,94,0
10599,96,0
10600,96,0
10601,96,0
10602,96,0
10603,96,0
10604,96,0
10605,98,0
10606,96,0
10607,96,0
10608,96,0
10609,96,0
10610,96,0
10611,96,0
10612,96,0
10613,96,0
10614,96,0
10615,96,0
10616,96,0
10617,98,0
10618,96,0
10619,98,0
10620,94,0
10621,96,0
10622,96,0
10623,96,0
10624,100,0
10625,96,0
10626,96,0
10627,100,0
10628,98,0
10629,94,0
10630,94,0
10631,96,0
10632,96,0
10633,98,0
10634,96,0
10635,94,0
10636,96,0
10637,98,0
10638,96,0
10639,96,0
10640,100,0
10641,96,0
10642,96,0
10643,94,0
10644,96,0
10645,96,0
10646,96,0
10647,96,0
10648,100,0
10649,96,0
10650,96,0
10651,96,0
10652,96,0
10653,96,0
10654,96,0
10655,96,0
10656,96,0
10657,96,0
10658,96,0
10659,96,0
10660,96,0
10661,94,0
10662,94,0
10663,96,0
10664,96,0
10665,96,0
10666,96,0
10667,98,0
10668,96,0
10669,96,0
10670,96,0
10671,96,0
10672,96,0
10673,96,0
10674,100,0
10675,98,0
10676,94,0
10677,96,0
10678,94,0
10679,94,0
10680,94,0
10681,96,0
10682,96,0
10683,94,0
10684,98,0
10685,98,0
10686,98,0
10687,98,0
10688,94,0
10689,94,0
10690,98,0
10691,96,0
10692,96,0
10693,96,0
10694,96,0
10695,94,0
10696,96,0
10697,92,0
10698,96,0
10699,96,0
10700,96,0
10701,96,0
10702,96,0
10703,94,0
10704,94,0
10705,98,0
10706,96,0
10707,96,0
10708,96,0
10709,96,0
10710,98,0
10711,96,0
10712,96,0
10713,100,0
10714,96,0
10715,96,0
10716,94,0
10717,94,0
10718,92,0
10719,98,0
10720,96,0
10721,98,0
10722,96,0
10723,94,0
10724,100,0
10725,96,0
10726,96,0
10727,96,0
10728,96,0
10729,94,0
10730,98,0
10731,96,0
10732,96,0
10733,96,0
10734,96,0
10735,96,0
10736,96,0
10737,94,0
10738,96,0
10739,96,0
10740,96,0
10741,96,0
10742,96,0
10743,96,0
10744,100,0
10745,94,0
10746,98,0
10747,98,0
10748,100,0
10749,100,0
10750,96,0
10751,96,0
10752,96,0
10753,94,0
10754,94,0
10755,98,0
10756,98,0
10757,98,0
10758,96,0
10759,100,0
10760,96,0
10761,96,0
10762,100,0
10763,96,0
10764,96,0
10765,94,0
10766,94,0
10767,96,0
10768,94,0
10769,96,0
10770,96,0
10771,96,0
10772,96,0
10773,96,0
10774,96,0
10775,96,0
10776,96,0
10777,96,0
10778,94,0
10779,96,0
10780,96,0
10781,96,0
10782,96,0
10783,96,0
10784,96,0
10785,96,0
10786,96,0
10787,96,0
10788,96,0
10789,94,0
10790,100,0
10791,94,0
10792,94,0
10793,96,0
10794,96,0
10795,94,0
10796,96,0
10797,94,0
10798,96,0
10799,94,0
10800,96,0
10801,96,0
10802,96,0
10803,98,0
10804,96,0
10805,96,0
10806,96,0
10807,100,0
10808,96,0
10809,96,0
10810,94,0
10811,94,0
10812,96,0
10813,96,0
10814,94,0
10815,96,0
10816,98,0
10817,98,0
10818,100,0
10819,96,0
10820,94,0
10821,94,0
10822,96,0
10823,98,0
10824,94,0
10825,100,0
10826,100,0
10827,96,0
10828,96,0
10829,100,0
10830,96,0
10831,96,0
10832,96,0
10833,96,0
10834,96,0
10835,94,0
10836,96,0
10837,92,0
10838,94,0
10839,96,0
10840,90,0
10841,100,0
10842,96,0
10843,96,0
10844,94,0
10845,96,0
10846,96,0
10847,96,0
10848,96,0
10849,92,0
10850,94,0
10851,96,0
10852,96,0
10853,96,0
10854,96,0
10855,98,0
10856,96,0
10857,96,0
10858,96,0
10859,94,0
10860,96,0
10861,96,0
10862,98,0
10863,96,0
10864,96,0
10865,96,0
10866,96,0
10867,96,0
10868,94,0
10869,96,0
10870,94,0
10871,94,0
10872,96,0
10873,94,0
10874,98,0
10875,98,0
10876,96,0
10877,98,0
10878,94,0
10879,98,0
10880,96,0
10881,96,0
10882,94,0
10883,96,0
10884,96,0
10885,94,0
10886,98,0
10887,92,0
10888,94,0
10889,96,0
10890,98,0
10891,94,0
10892,100,0
10893,94,0
10894,96,0
10895,96,0
10896,96,0
10897,96,0
10898,98,0
10899,94,0
10900,96,0
10901,96,0
10902,96,0
10903,96,0
10904,96,0
10905,94,0
10906,96,0
10907,96,0
10908,96,0
10909,96,0
10910,100,0
10911,96,0
10912,100,0
10913,96,0
10914,96,0
10915,96,0
10916,96,0
10917,96,0
10918,100,0
10919,96,0
10920,96,0
10921,94,0
10922,96,0
10923,96,0
10924,96,0
10925,96,0
10926,96,0
10927,96,0
10928,94,0
10929,94,0
10930,96,0
10931,94,0
10932,100,0
10933,98,0
10934,96,0
10935,94,0
10936,94,0
10937,98,0
10938,96,0
10939,98,0
10940,96,0
10941,94,0
10942,96,0
10943,96,0
10944,96,0
10945,96,0
10946,96,0
10947,100,0
10948,96,0
10949,96,0
10950,94,0
10951,94,0
10952,98,0
10953,96,0
10954,96,0
10955,96,0
10956,94,0
10957,96,0
10958,92,0
10959,96,0
10960,96,0
10961,96,0
10962,96,0
10963,96,0
10964,94,0
10965,96,0
10966,96,0
10967,96,0
10968,96,0
10969,96,0
10970,96,0
10971,96,0
10972,96,0
10973,96,0
10974,96,0
10975,96,0
10976,96,0
10977,100,0
10978,96,0
10979,98,0
10980,96,0
10981,98,0
10982,100,0
10983,92,0
10984,96,0
10985,96,0
10986,94,0
10987,96,0
10988,96,0
10989,96,0
10990,94,0
10991,102,0
10992,96,0
10993,94,0
10994,96,0
10995,96,0
10996,96,0
10997,96,0
10998,96,0
10999,96,0
11000,96,0
11001,96,0
11002,98,0
11003,94,0
11004,98,0
11005,98,0
11006,96,0
11007,94,0
11008,96,0
11009,94,0
11010,96,0
11011,94,0
11012,100,0
11013,100,0
11014,100,0
11015,96,0
11016,94,0
11017,96,0
11018,92,0
11019,94,0
11020,96,0
11021,96,0
11022,94,0
11023,96,0
11024,96,0
11025,98,0
11026,96,0
11027,94,0
11028,94,0
11029,94,0
11030,96,0
11031,96,0
11032,94,0
11033,96,0
11034,94,0
11035,96,0
11036,94,0
11037,94,0
11038,92,0
11039,96,0
11040,96,0
11041,96,0
11042,98,0
11043,96,0
11044,94,0
11045,96,0
11046,98,0
11047,94,0
11048,94,0
11049,94,0
11050,94,0
11051,96,0
11052,96,0
11053,96,0
11054,96,0
11055,96,0
11056,98,0
11057,94,0
11058,94,0
11059,96,0
11060,98,0
11061,96,0
11062,96,0
11063,96,0
11064,96,0
11065,96,0
11066,94,0
11067,96,0
11068,96,0
11069,98,0
11070,98,0
11071,96,0
11072,94,0
11073,96,0
11074,94,0
11075,96,0
11076,96,0
11077,96,0
11078,96,0
11079,94,0
11080,96,0
11081,96,0
11082,94,0
11083,94,0
11084,94,0
11085,94,0
11086,96,0
11087,96,0
11088,96,0
11089,94,0
11090,94,0
11091,96,0
11092,96,0
11093,96,0
11094,96,0
11095,96,0
11096,96,0
11097,96,0
11098,96,0
11099,94,0
11100,94,0
11101,94,0
11102,98,0
11103,96,0
11104,98,0
11105,96,0
11106,94,0
11107,100,0
11108,96,0
11109,96,0
11110,96,0
11111,100,0
11112,94,0
11113,100,0
11114,94,0
11115,96,0
11116,94,0
11117,94,0
11118,96,0
11119,98,0
11120,96,0
11121,96,0
11122,94,0
11123,94,0
11124,96,0
11125,96,0
11126,94,0
11127,98,0
11128,96,0
11129,98,0
11130,96,0
11131,100,0
11132,94,0
11133,96,0
11134,96,0
11135,98,0
11136,96,0
11137,96,0
11138,96,0
11139,100,0
11140,98,0
11141,96,0
11142,96,0
11143,96,0
11144,96,0
11145,96,0
11146,94,0
11147,94,0
11148,96,0
11149,96,0
11150,96,0
11151,94,0
11152,94,0
11153,96,0
11154,96,0
11155,96,0
11156,96,0
11157,96,0
11158,94,0
11159,96,0
11160,96,0
11161,98,0
11162,94,0
11163,96,0
11164,98,0
11165,96,0
11166,96,0
11167,90,0
11168,94,0
11169,100,0
11170,100,0
11171,96,0
11172,100,0
11173,96,0
11174,100,0
11175,96,0
11176,94,0
11177,94,0
11178,96,0
11179,94,0
11180,94,0
11181,100,0
11182,94,0
11183,100,0
11184,96,0
11185,96,0
11186,96,0
11187,96,0
11188,96,0
11189,96,0
11190,98,0
11191,94,0
11192,96,0
11193,94,0
11194,96,0
11195,96,0
11196,96,0
11197,96,0
11198,96,0
11199,96,0
11200,100,0
11201,96,0
11202,96,0
11203,96,0
11204,94,0
11205,94,0
11206,96,0
11207,96,0
11208,100,0
11209,96,0
11210,96,0
11211,96,0
11212,96,0
11213,96,0
11214,94,0
11215,94,0
11216,96,0
11217,96,0
11218,100,0
11219,94,0
11220,96,0
11221,96,0
11222,96,0
11223,94,0
11224,96,0
11225,94,0
11226,96,0
11227,96,0
11228,92,0
11229,96,0
11230,96,0
11231,96,0
11232,96,0
11233,96,0
11234,94,0
11235,96,0
11236,96,0
11237,94,0
11238,94,0
11239,98,0
11240,96,0
11241,98,0
11242,96,0
11243,96,0
11244,98,0
11245,96,0
11246,100,0
11247,96,0
11248,94,0
11249,96,0
11250,94,0
11251,96,0
11252,96,0
11253,94,0
11254,94,0
11255,94,0
11256,94,0
11257,92,0
11258,96,0
11259,96,0
11260,96,0
11261,96,0
11262,94,0
11263,96,0
11264,96,0
11265,96,0
11266,96,0
11267,96,0
11268,96,0
11269,96,0
11270,94,0
11271,96,0
11272,98,0
11273,96,0
11274,96,0
11275,96,0
11276,96,0
11277,100,0
11278,96,0
11279,100,0
11280,96,0
11281,96,0
11282,94,0
11283,96,0
11284,98,0
11285,96,0
11286,94,0
11287,96,0
11288,94,0
11289,96,0
11290,96,0
11291,96,0
11292,96,0
11293,96,0
11294,94,0
11295,96,0
11296,94,0
11297,96,0
11298,94,0
11299,94,0
11300,100,0
11301,96,0
11302,100,0
11303,98,0
11304,96,0
11305,96,0
11306,100,0
11307,96,0
11308,96,0
11309,96,0
11310,92,0
11311,94,0
11312,94,0
11313,96,0
11314,96,0
11315,96,0
11316,96,0
11317,96,0
11318,94,0
11319,96,0
11320,94,0
11321,96,0
11322,96,0
11323,96,0
11324,96,0
11325,96,0
11326,96,0
11327,94,0
11328,94,0
11329,96,0
11330,96,0
11331,96,0
11332,96,0
11333,94,0
11334,94,0
11335,94,0
11336,96,0
11337,96,0
11338,96,0
11339,94,0
11340,100,0
11341,94,0
11342,96,0
11343,96,0
11344,94,0
11345,96,0
11346,94,0
11347,96,0
11348,92,0
11349,96,0
11350,94,0
11351,94,0
11352,96,0
11353,96,0
11354,96,0
11355,96,0
11356,96,0
11357,96,0
11358,94,0
11359,100,0
11360,94,0
11361,96,0
11362,100,0
11363,96,0
11364,96,0
11365,96,0
11366,100,0
11367,94,0
11368,96,0
11369,96,0
11370,96,0
11371,96,0
11372,96,0
11373,94,0
11374,96,0
11375,96,0
11376,94,0
11377,100,0
11378,96,0
11379,96,0
11380,96,0
11381,96,0
11382,96,0
11383,96,0
11384,96,0
11385,96,0
11386,96,0
11387,94,0
11388,96,0
11389,96,0
11390,96,0
11391,96,0
11392,94,0
11393,96,0
11394,94,0
11395,96,0
11396,94,0
11397,96,0
11398,94,0
11399,96,0
11400,96,0
11401,96,0
11402,96,0
11403,96,0
11404,96,0
11405,94,0
11406,98,0
11407,94,0
11408,96,0
11409,94,0
11410,96,0
11411,96,0
11412,94,0
11413,96,0
11414,94,0
11415,94,0
11416,96,0
11417,96,0
11418,96,0
11419,96,0
11420,96,0
11421,94,0
11422,96,0
11423,96,0
11424,96,0
11425,96,0
11426,96,0
11427,96,0
11428,96,0
11429,94,0
11430,96,0
11431,96,0
11432,96,0
11433,96,0
11434,96,0
11435,96,0
11436,94,0
11437,96,0
11438,96,0
11439,96,0
11440,96,0
11441,94,0
11442,96,0
11443,96,0
11444,96,0
11445,92,0
11446,96,0
11447,96,0
11448,94,0
11449,96,0
11450,96,0
11451,96,0
11452,94,0
11453,96,0
11454,96,0
11455,96,0
11456,96,0
11457,96,0
11458,94,0
11459,96,0
11460,98,0
11461,96,0
11462,96,0
11463,100,0
11464,94,0
11465,96,0
11466,94,0
11467,96,0
11468,94,0
11469,94,0
11470,94,0
11471,98,0
11472,98,0
11473,96,0
11474,96,0
11475,94,0
11476,96,0
11477,100,0
11478,96,0
11479,96,0
11480,100,0
11481,94,0
11482,98,0
11483,96,0
11484,94,0
11485,96,0
11486,94,0
11487,96,0
11488,96,0
11489,96,0
11490,94,0
11491,96,0
11492,96,0
11493,96,0
11494,96,0
11495,96,0
11496,96,0
11497,96,0
11498,94,0
11499,96,0
11500,96,0
11501,96,0
11502,96,0
11503,96,0
11504,96,0
11505,96,0
11506,98,0
11507,92,0
11508,94,0
11509,96,0
11510,96,0
11511,96,0
11512,96,0
11513,94,0
11514,96,0
11515,96,0
11516,96,0
11517,96,0
11518,96,0
11519,100,0
11520,96,0
11521,96,0
11522,94,0
11523,96,0
11524,96,0
11525,96,0
11526,100,0
11527,96,0
11528,100,0
11529,96,0
11530,94,0
11531,94,0
11532,98,0
11533,96,0
11534,94,0
11535,94,0
11536,100,0
11537,96,0
11538,94,0
11539,96,0
11540,94,0
11541,94,0
11542,96,0
11543,96,0
11544,96,0
11545,96,0
11546,98,0
11547,96,0
11548,96,0
11549,94,0
11550,100,0
11551,94,0
11552,96,0
11553,96,0
11554,94,0
11555,96,0
11556,96,0
11557,96,0
11558,96,0
11559,96,0
11560,96,0
11561,100,0
11562,94,0
11563,94,0
11564,96,0
11565,100,0
11566,98,0
11567,96,0
11568,94,0
11569,96,0
11570,94,0
11571,94,0
11572,94,0
11573,96,0
11574,96,0
11575,96,0
11576,94,0
11577,100,0
11578,94,0
11579,98,0
11580,98,0
11581,94,0
11582,96,0
11583,96,0
11584,94,0
11585,96,0
11586,96,0
11587,94,0
11588,102,0
11589,98,0
11590,94,0
11591,96,0
11592,96,0
11593,96,0
11594,92,0
11595,94,0
11596,96,0
11597,96,0
11598,98,0
11599,96,0
11600,94,0
11601,96,0
11602,96,0
11603,96,0
11604,96,0
11605,96,0
11606,100,0
11607,96,0
11608,102,0
11609,96,0
11610,94,0
11611,94,0
11612,96,0
11613,96,0
11614,96,0
11615,96,0
11616,96,0
11617,96,0
11618,100,0
11619,96,0
11620,96,0
11621,96,0
11622,96,0
11623,96,0
11624,96,0
11625,94,0
11626,96,0
11627,96,0
11628,96,0
11629,94,0
11630,96,0
11631,92,0
11632,96,0
11633,98,0
11634,98,0
11635,96,0
11636,96,0
11637,94,0
11638,94,0
11639,96,0
11640,96,0
11641,96,0
11642,96,0
11643,96,0
11644,96,0
11645,96,0
11646,96,0
11647,98,0
11648,96,0
11649,98,0
11650,100,0
11651,96,0
11652,98,0
11653,94,0
11654,96,0
11655,100,0
11656,92,0
11657,94,0
11658,96,0
11659,94,0
11660,96,0
11661,100,0
11662,96,0
11663,96,0
11664,96,0
11665,96,0
11666,96,0
11667,96,0
11668,96,0
11669,96,0
11670,96,0
11671,100,0
11672,96,0
11673,100,0
11674,96,0
11675,94,0
11676,96,0
11677,96,0
11678,94,0
11679,96,0
11680,94,0
11681,94,0
11682,96,0
11683,96,0
11684,94,0
11685,96,0
11686,96,0
11687,96,0
11688,96,0
11689,94,0
11690,94,0
11691,96,0
11692,96,0
11693,96,0
11694,96,0
11695,98,0
11696,96,0
11697,96,0
11698,96,0
11699,96,0
11700,96,0
11701,94,0
11702,96,0
11703,96,0
11704,94,0
11705,96,0
11706,96,0
11707,96,0
11708,96,0
11709,96,0
11710,96,0
11711,96,0
11712,96,0
11713,94,0
11714,96,0
11715,94,0
11716,94,0
11717,100,0
11718,94,0
11719,94,0
11720,96,0
11721,96,0
11722,96,0
11723,96,0
11724,100,0
11725,96,0
11726,96,0
11727,96,0
11728,94,0
11729,92,0
11730,96,0
11731,94,0
11732,96,0
11733,96,0
11734,96,0
11735,94,0
11736,96,0
11737,96,0
11738,98,0
11739,96,0
11740,94,0
11741,94,0
11742,96,0
11743,96,0
11744,90,0
11745,94,0
11746,94,0
11747,96,0
11748,94,0
11749,96,0
11750,96,0
11751,96,0
11752,96,0
11753,96,0
11754,94,0
11755,94,0
11756,94,0
11757,96,0
11758,94,0
11759,100,0
11760,96,0
11761,96,0
11762,96,0
11763,100,0
11764,96,0
11765,96,0
11766,94,0
11767,94,0
11768,94,0
11769,96,0
11770,98,0
11771,96,0
11772,96,0
11773,100,0
11774,94,0
11775,92,0
11776,96,0
11777,94,0
11778,100,0
11779,96,0
11780,96,0
11781,98,0
11782,92,0
11783,96,0
11784,94,0
11785,96,0
11786,94,0
11787,96,0
11788,96,0
11789,98,0
11790,98,0
11791,96,0
11792,94,0
11793,96,0
11794,96,0
11795,96,0
11796,96,0
11797,94,0
11798,98,0
11799,90,0
11800,96,0
11801,94,0
11802,96,0
11803,100,0
11804,96,0
11805,94,0
11806,98,0
11807,94,0
11808,96,0
11809,96,0
11810,94,0
11811,96,0
11812,96,0
11813,94,0
11814,96,0
11815,96,0
11816,96,0
11817,94,0
11818,96,0
11819,96,0
11820,96,0
11821,94,0
11822,94,0
11823,94,0
11824,96,0
11825,96,0
11826,94,0
11827,96,0
11828,94,0
11829,98,0
11830,94,0
11831,96,0
11832,96,0
11833,96,0
11834,96,0
11835,96,0
11836,94,0
11837,96,0
11838,94,0
11839,100,0
11840,96,0
11841,94,0
11842,96,0
11843,96,0
11844,94,0
11845,96,0
11846,96,0
11847,96,0
11848,96,0
11849,94,0
11850,96,0
11851,96,0
11852,92,0
11853,98,0
11854,96,0
11855,96,0
11856,94,0
11857,96,0
11858,94,0
11859,96,0
11860,96,0
11861,96,0
11862,96,0
11863,94,0
11864,94,0
11865,96,0
11866,96,0
11867,94,0
11868,98,0
11869,94,0
11870,94,0
11871,94,0
11872,96,0
11873,96,0
11874,96,0
11875,96,0
11876,96,0
11877,96,0
11878,96,0
11879,96,0
11880,96,0
11881,96,0
11882,96,0
11883,94,0
11884,96,0
11885,96,0
11886,96,0
11887,98,0
11888,102,0
11889,98,0
11890,94,0
11891,96,0
11892,100,0
11893,96,0
11894,96,0
11895,96,0
11896,96,0
11897,94,0
11898,100,0
11899,96,0
11900,96,0
11901,94,0
11902,98,0
11903,96,0
11904,98,0
11905,96,0
11906,96,0
11907,96,0
11908,96,0
11909,96,0
11910,94,0
11911,96,0
11912,96,0
11913,96,0
11914,96,0
11915,94,0
11916,96,0
11917,94,0
11918,96,0
11919,94,0
11920,96,0
11921,96,0
11922,96,0
11923,98,0
11924,96,0
11925,96,0
11926,96,0
11927,94,0
11928,98,0
11929,96,0
11930,96,0
11931,96,0
11932,96,0
11933,94,0
11934,96,0
11935,94,0
11936,96,0
11937,96,0
11938,94,0
11939,100,0
11940,96,0
11941,98,0
11942,94,0
11943,96,0
11944,94,0
11945,94,0
11946,98,0
11947,94,0
11948,94,0
11949,96,0
11950,96,0
11951,96,0
11952,96,0
11953,94,0
11954,96,0
11955,94,0
11956,94,0
11957,96,0
11958,96,0
11959,96,0
11960,96,0
11961,98,0
11962,98,0
11963,94,0
11964,96,0
11965,96,0
11966,94,0
11967,96,0
11968,94,0
11969,94,0
11970,92,0
11971,94,0
11972,96,0
11973,96,0
11974,96,0
11975,96,0
11976,96,0
11977,96,0
11978,100,0
11979,94,0
11980,96,0
11981,96,0
11982,94,0
11983,96,0
11984,96,0
11985,96,0
11986,94,0
11987,96,0
11988,96,0
11989,96,0
11990,94,0
11991,96,0
11992,96,0
11993,96,0
11994,96,0
11995,96,0
11996,96,0
11997,94,0
11998,96,0
11999,96,0
12000,96,0
12001,92,0
12002,94,0
12003,96,0
12004,100,0
12005,98,0
12006,96,0
12007,92,0
12008,94,0
12009,98,0
12010,96,0
12011,96,0
12012,96,0
12013,94,0
12014,96,0
12015,94,0
12016,100,0
12017,96,0
12018,96,0
12019,96,0
12020,96,0
12021,96,0
12022,94,0
12023,94,0
12024,100,0
12025,94,0
12026,96,0
12027,96,0
12028,96,0
12029,98,0
12030,96,0
12031,96,0
12032,96,0
12033,96,0
12034,96,0
12035,94,0
12036,96,0
12037,96,0
12038,96,0
12039,94,0
12040,96,0
12041,96,0
12042,98,0
12043,96,0
12044,96,0
12045,96,0
12046,100,0
12047,96,0
12048,96,0
12049,94,0
12050,96,0
12051,96,0
12052,96,0
12053,96,0
12054,96,0
12055,96,0
12056,100,0
12057,94,0
12058,94,0
12059,94,0
12060,94,0
12061,96,0
12062,98,0
12063,94,0
12064,96,0
12065,96,0
12066,96,0
12067,96,0
12068,98,0
12069,96,0
12070,96,0
12071,96,0
12072,94,0
12073,94,0
12074,94,0
12075,96,0
12076,98,0
12077,96,0
12078,96,0
12079,96,0
12080,96,0
12081,96,0
12082,96,0
12083,96,0
12084,94,0
12085,96,0
12086,96,0
12087,96,0
12088,100,0
12089,96,0
12090,98,0
12091,96,0
12092,90,0
12093,94,0
12094,96,0
12095,94,0
12096,94,0
12097,96,0
12098,94,0
12099,96,0
12100,98,0
12101,94,0
12102,96,0
12103,96,0
12104,96,0
12105,96,0
12106,92,0
12107,96,0
12108,94,0
12109,94,0
12110,94,0
12111,92,0
12112,96,0
12113,92,0
12114,94,0
12115,96,0
12116,94,0
12117,94,0
12118,96,0
12119,96,0
12120,96,0
12121,98,0
12122,96,0
12123,96,0
12124,98,0
12125,96,0
12126,96,0
12127,96,0
12128,96,0
12129,96,0
12130,98,0
12131,94,0
12132,94,0
12133,96,0
12134,96,0
12135,96,0
12136,100,0
12137,96,0
12138,96,0
12139,96,0
12140,94,0
12141,92,0
12142,96,0
12143,98,0
12144,98,0
12145,96,0
12146,96,0
12147,94,0
12148,96,0
12149,96,0
12150,96,0
12151,96,0
12152,96,0
12153,96,0
12154,96,0
12155,96,0
12156,96,0
12157,96,0
12158,96,0
12159,96,0
12160,96,0
12161,92,0
12162,96,0
12163,96,0
12164,96,0
12165,96,0
12166,96,0
12167,96,0
12168,94,0
12169,96,0
12170,94,0
12171,94,0
12172,96,0
12173,96,0
12174,94,0
12175,96,0
12176,96,0
12177,96,0
12178,96,0
12179,96,0
12180,94,0
12181,94,0
12182,96,0
12183,96,0
12184,98,0
12185,96,0
12186,98,0
12187,94,0
12188,94,0
12189,98,0
12190,96,0
12191,100,0
12192,94,0
12193,96,0
12194,96,0
12195,96,0
12196,96,0
12197,94,0
12198,96,0
12199,94,0
12200,96,0
12201,100,0
12202,96,0
12203,98,0
12204,96,0
12205,98,0
12206,96,0
12207,96,0
12208,96,0
12209,100,0
12210,98,0
12211,96,0
12212,96,0
12213,96,0
12214,96,0
12215,96,0
12216,94,0
12217,96,0
12218,96,0
12219,96,0
12220,96,0
12221,96,0
12222,96,0
12223,96,0
12224,98,0
12225,96,0
12226,96,0
12227,96,0
12228,96,0
12229,102,0
12230,98,0
12231,96,0
12232,94,0
12233,96,0
12234,98,0
12235,96,0
12236,98,0
12237,96,0
12238,94,0
12239,98,0
12240,98,0
12241,96,0
12242,94,0
12243,98,0
12244,94,0
12245,94,0
12246,94,0
12247,98,0
12248,96,0
12249,96,0
12250,96,0
12251,96,0
12252,96,0
12253,96,0
12254,96,0
12255,96,0
12256,96,0
12257,96,0
12258,100,0
12259,100,0
12260,96,0
12261,96,0
12262,96,0
12263,96,0
12264,96,0
12265,96,0
12266,96,0
12267,96,0
12268,92,0
12269,96,0
12270,96,0
12271,96,0
12272,96,0
12273,96,0
12274,96,0
12275,96,0
12276,96,0
12277,96,0
12278,98,0
12279,96,0
12280,94,0
12281,96,0
12282,96,0
12283,96,0
12284,100,0
12285,94,0
12286,94,0
12287,96,0
12288,96,0
12289,96,0
12290,96,0
12291,98,0
12292,98,0
12293,94,0
12294,98,0
12295,100,0
12296,96,0
12297,96,0
12298,96,0
12299,96,0
12300,96,0
12301,96,0
12302,98,0
12303,96,0
12304,94,0
12305,96,0
12306,94,0
12307,96,0
12308,96,0
12309,96,0
12310,96,0
12311,96,0
12312,94,0
12313,96,0
12314,94,0
12315,98,0
12316,96,0
12317,96,0
12318,100,0
12319,98,0
12320,96,0
12321,94,0
12322,98,0
12323,98,0
12324,96,0
12325,96,0
12326,96,0
12327,94,0
12328,96,0
12329,96,0
12330,96,0
12331,96,0
12332,94,0
12333,96,0
12334,96,0
12335,96,0
12336,98,0
12337,96,0
12338,96,0
12339,96,0
12340,96,0
12341,96,0
12342,96,0
12343,94,0
12344,96,0
12345,96,0
12346,96,0
12347,96,0
12348,96,0
12349,98,0
12350,96,0
12351,96,0
12352,94,0
12353,96,0
12354,96,0
12355,98,0
12356,98,0
12357,96,0
12358,96,0
12359,100,0
12360,96,0
12361,94,0
12362,96,0
12363,96,0
12364,94,0
12365,96,0
12366,96,0
12367,98,0
12368,94,0
12369,96,0
12370,94,0
12371,94,0
12372,96,0
12373,96,0
12374,96,0
12375,96,0
12376,96,0
12377,102,0
12378,94,0
12379,96,0
12380,96,0
12381,96,0
12382,96,0
12383,96,0
12384,96,0
12385,96,0
12386,98,0
12387,96,0
12388,96,0
12389,96,0
12390,96,0
12391,96,0
12392,94,0
12393,96,0
12394,96,0
12395,94,0
12396,96,0
12397,94,0
12398,96,0
12399,96,0
12400,96,0
12401,96,0
12402,96,0
12403,96,0
12404,96,0
12405,96,0
12406,96,0
12407,96,0
12408,96,0
12409,96,0
12410,96,0
12411,96,0
12412,96,0
12413,98,0
12414,98,0
12415,96,0
12416,94,0
12417,98,0
12418,96,0
12419,100,0
12420,96,0
12421,96,0
12422,94,0
12423,96,0
12424,100,0
12425,96,0
12426,96,0
12427,94,0
12428,96,0
12429,96,0
12430,100,0
12431,96,0
12432,96,0
12433,96,0
12434,96,0
12435,96,0
12436,96,0
12437,100,0
12438,96,0
12439,96,0
12440,96,0
12441,100,0
12442,98,0
12443,96,0
12444,96,0
12445,96,0
12446,96,0
12447,94,0
12448,96,0
12449,96,0
12450,96,0
12451,96,0
12452,94,0
12453,96,0
12454,96,0
12455,96,0
12456,96,0
12457,98,0
12458,96,0
12459,96,0
12460,96,0
12461,94,0
12462,94,0
12463,92,0
12464,92,0
12465,96,0
12466,94,0
12467,96,0
12468,96,0
12469,98,0
12470,96,0
12471,96,0
12472,94,0
12473,96,0
12474,96,0
12475,96,0
12476,100,0
12477,94,0
12478,94,0
12479,96,0
12480,94,0
12481,96,0
12482,94,0
12483,96,0
12484,96,0
12485,100,0
12486,96,0
12487,100,0
12488,94,0
12489,94,0
12490,96,0
12491,96,0
12492,96,0
12493,96,0
12494,96,0
12495,96,0
12496,98,0
12497,96,0
12498,96,0
12499,96,0
12500,96,0
12501,96,0
12502,96,0
12503,96,0
12504,96,0
12505,96,0
12506,94,0
12507,94,0
12508,96,0
12509,96,0
12510,96,0
12511,96,0
12512,96,0
12513,100,0
12514,96,0
12515,100,0
12516,96,0
12517,96,0
12518,94,0
12519,92,0
12520,96,0
12521,96,0
12522,96,0
12523,94,0
12524,96,0
12525,96,0
12526,94,0
12527,96,0
12528,96,0
12529,96,0
12530,96,0
12531,96,0
12532,96,0
12533,96,0
12534,94,0
12535,94,0
12536,100,0
12537,96,0
12538,94,0
12539,96,0
12540,96,0
12541,96,0
12542,96,0
12543,94,0
12544,96,0
12545,96,0
12546,96,0
12547,100,0
12548,100,0
12549,96,0
12550,96,0
12551,98,0
12552,98,0
12553,96,0
12554,96,0
12555,96,0
12556,92,0
12557,96,0
12558,96,0
12559,94,0
12560,96,0
12561,96,0
12562,96,0
12563,96,0
12564,96,0
12565,96,0
12566,96,0
12567,94,0
12568,94,0
12569,96,0
12570,96,0
12571,96,0
12572,96,0
12573,96,0
12574,96,0
12575,98,0
12576,96,0
12577,96,0
12578,96,0
12579,94,0
12580,96,0
12581,96,0
12582,96,0
12583,94,0
12584,94,0
12585,94,0
12586,96,0
12587,96,0
12588,94,0
12589,94,0
12590,96,0
12591,94,0
12592,96,0
12593,96,0
12594,100,0
12595,96,0
12596,100,0
12597,96,0
12598,96,0
12599,96,0
12600,96,0
12601,96,0
12602,94,0
12603,96,0
12604,96,0
12605,96,0
12606,100,0
12607,100,0
12608,96,0
12609,96,0
12610,96,0
12611,96,0
12612,98,0
12613,98,0
12614,98,0
12615,96,0
12616,94,0
12617,96,0
12618,96,0
12619,96,0
12620,96,0
12621,96,0
12622,96,0
12623,96,0
12624,96,0
12625,96,0
12626,96,0
12627,98,0
12628,96,0
12629,96,0
12630,96,0
12631,96,0
12632,100,0
12633,96,0
12634,96,0
12635,96,0
12636,96,0
12637,94,0
12638,100,0
12639,94,0
12640,96,0
12641,96,0
12642,96,0
12643,96,0
12644,94,0
12645,96,0
12646,96,0
12647,94,0
12648,96,0
12649,96,0
12650,98,0
12651,100,0
12652,94,0
12653,96,0
12654,100,0
12655,94,0
12656,100,0
12657,94,0
12658,96,0
12659,96,0
12660,96,0
12661,96,0
12662,100,0
12663,94,0
12664,96,0
12665,98,0
12666,96,0
12667,98,0
12668,96,0
12669,100,0
12670,96,0
12671,96,0
12672,96,0
12673,96,0
12674,96,0
12675,96,0
12676,94,0
12677,94,0
12678,96,0
12679,96,0
12680,96,0
12681,96,0
12682,94,0
12683,98,0
12684,96,0
12685,96,0
12686,96,0
12687,96,0
12688,96,0
12689,96,0
12690,96,0
12691,96,0
12692,96,0
12693,94,0
12694,96,0
12695,96,0
12696,96,0
12697,94,0
12698,96,0
12699,96,0
12700,98,0
12701,94,0
12702,96,0
12703,96,0
12704,96,0
12705,96,0
12706,94,0
12707,96,0
12708,96,0
12709,96,0
12710,96,0
12711,96,0
12712,96,0
12713,96,0
12714,94,0
12715,96,0
12716,96,0
12717,96,0
12718,96,0
12719,96,0
12720,96,0
12721,94,0
12722,94,0
12723,96,0
12724,98,0
12725,96,0
12726,100,0
12727,94,0
12728,96,0
12729,98,0
12730,96,0
12731,100,0
12732,94,0
12733,96,0
12734,96,0
12735,94,0
12736,92,0
12737,94,0
12738,94,0
12739,94,0
12740,96,0
12741,94,0
12742,94,0
12743,96,0
12744,96,0
12745,96,0
12746,96,0
12747,94,0
12748,96,0
12749,96,0
12750,96,0
12751,96,0
12752,94,0
12753,96,0
12754,96,0
12755,98,0
12756,96,0
12757,96,0
12758,96,0
12759,96,0
12760,94,0
12761,96,0
12762,96,0
12763,94,0
12764,96,0
12765,96,0
12766,96,0
12767,96,0
12768,96,0
12769,92,0
12770,96,0
12771,96,0
12772,96,0
12773,100,0
12774,98,0
12775,94,0
12776,96,0
12777,100,0
12778,96,0
12779,96,0
12780,96,0
12781,96,0
12782,96,0
12783,96,0
12784,94,0
12785,100,0
12786,96,0
12787,96,0
12788,96,0
12789,94,0
12790,98,0
12791,94,0
12792,96,0
12793,96,0
12794,94,0
12795,100,0
12796,96,0
12797,96,0
12798,94,0
12799,92,0
12800,96,0
12801,92,0
12802,94,0
12803,96,0
12804,96,0
12805,94,0
12806,96,0
12807,96,0
12808,100,0
12809,96,0
12810,94,0
12811,96,0
12812,94,0
12813,96,0
12814,96,0
12815,96,0
12816,100,0
12817,96,0
12818,96,0
12819,96,0
12820,96,0
12821,96,0
12822,96,0
12823,96,0
12824,96,0
12825,96,0
12826,96,0
12827,94,0
12828,96,0
12829,96,0
12830,96,0
12831,96,0
12832,94,0
12833,96,0
12834,96,0
12835,96,0
12836,96,0
12837,96,0
12838,96,0
12839,96,0
12840,94,0
12841,96,0
12842,98,0
12843,96,0
12844,96,0
12845,96,0
12846,96,0
12847,96,0
12848,96,0
12849,100,0
12850,94,0
12851,96,0
12852,96,0
12853,96,0
12854,100,0
12855,94,0
12856,94,0
12857,96,0
12858,96,0
12859,100,0
12860,96,0
12861,96,0
12862,96,0
12863,96,0
12864,96,0
12865,96,0
12866,96,0
12867,96,0
12868,94,0
12869,96,0
12870,96,0
12871,96,0
12872,96,0
12873,96,0
12874,94,0
12875,96,0
12876,98,0
12877,96,0
12878,96,0
12879,94,0
12880,96,0
12881,96,0
12882,96,0
12883,96,0
12884,96,0
12885,96,0
12886,94,0
12887,96,0
12888,92,0
12889,96,0
12890,96,0
12891,96,0
12892,96,0
12893,96,0
12894,96,0
12895,96,0
12896,98,0
12897,94,0
12898,94,0
12899,96,0
12900,100,0
12901,94,0
12902,96,0
12903,96,0
12904,96,0
12905,96,0
12906,96,0
12907,94,0
12908,96,0
12909,96,0
12910,94,0
12911,92,0
12912,96,0
12913,100,0
12914,94,0
12915,96,0
12916,94,0
12917,96,0
12918,96,0
12919,96,0
12920,96,0
12921,96,0
12922,96,0
12923,96,0
12924,96,0
12925,96,0
12926,94,0
12927,96,0
12928,96,0
12929,96,0
12930,96,0
12931,96,0
12932,94,0
12933,96,0
12934,98,0
12935,96,0
12936,96,0
12937,96,0
12938,96,0
12939,96,0
12940,94,0
12941,94,0
12942,94,0
12943,96,0
12944,96,0
12945,96,0
12946,96,0
12947,96,0
12948,96,0
12949,96,0
12950,100,0
12951,96,0
12952,96,0
12953,96,0
12954,96,0
12955,100,0
12956,100,0
12957,96,0
12958,96,0
12959,94,0
12960,94,0
12961,94,0
12962,94,0
12963,96,0
12964,100,0
12965,96,0
12966,96,0
12967,96,0
12968,96,0
12969,96,0
12970,100,0
12971,94,0
12972,96,0
12973,96,0
12974,96,0
12975,94,0
12976,96,0
12977,96,0
12978,96,0
12979,96,0
12980,100,0
12981,94,0
12982,96,0
12983,96,0
12984,100,0
12985,96,0
12986,96,0
12987,96,0
12988,96,0
12989,96,0
12990,96,0
12991,96,0
12992,96,0
12993,96,0
12994,96,0
12995,98,0
12996,96,0
12997,96,0
12998,96,0
12999,96,0
13000,96,0
13001,96,0
13002,96,0
13003,96,0
13004,94,0
13005,98,0
13006,96,0
13007,96,0
13008,96,0
13009,96,0
13010,96,0
13011,100,0
13012,96,0
13013,96,0
13014,96,0
13015,100,0
13016,96,0
13017,98,0
13018,98,0
13019,96,0
13020,94,0
13021,100,0
13022,96,0
13023,96,0
13024,96,0
13025,100,0
13026,96,0
13027,96,0
13028,96,0
13029,96,0
13030,96,0
13031,96,0
13032,98,0
13033,98,0
13034,96,0
13035,98,0
13036,96,0
13037,96,0
13038,100,0
13039,96,0
13040,96,0
13041,94,0
13042,96,0
13043,96,0
13044,96,0
13045,96,0
13046,96,0
13047,96,0
13048,96,0
13049,96,0
13050,96,0
13051,94,0
13052,94,0
13053,96,0
13054,96,0
13055,96,0
13056,96,0
13057,96,0
13058,96,0
13059,96,0
13060,94,0
13061,96,0
13062,94,0
13063,96,0
13064,96,0
13065,94,0
13066,96,0
13067,96,0
13068,94,0
13069,96,0
13070,94,0
13071,96,0
13072,96,0
13073,100,0
13074,96,0
13075,96,0
13076,94,0
13077,96,0
13078,96,0
13079,98,0
13080,96,0
13081,98,0
13082,94,0
13083,96,0
13084,96,0
13085,90,0
13086,94,0
13087,96,0
13088,94,0
13089,94,0
13090,96,0
13091,94,0
13092,96,0
13093,96,0
13094,96,0
13095,96,0
13096,96,0
13097,96,0
13098,96,0
13099,96,0
13100,94,0
13101,96,0
13102,96,0
13103,96,0
13104,96,0
13105,96,0
13106,96,0
13107,94,0
13108,98,0
13109,96,0
13110,96,0
13111,96,0
13112,98,0
13113,96,0
13114,96,0
13115,96,0
13116,96,0
13117,100,0
13118,96,0
13119,96,0
13120,96,0
13121,94,0
13122,98,0
13123,96,0
13124,96,0
13125,96,0
13126,96,0
13127,96,0
13128,96,0
13129,96,0
13130,96,0
13131,94,0
13132,96,0
13133,96,0
13134,96,0
13135,96,0
13136,96,0
13137,96,0
13138,94,0
13139,96,0
13140,92,0
13141,96,0
13142,100,0
13143,96,0
13144,100,0
13145,94,0
13146,96,0
13147,96,0
13148,96,0
13149,98,0
13150,96,0
13151,96,0
13152,98,0
13153,96,0
13154,96,0
13155,94,0
13156,96,0
13157,96,0
13158,96,0
13159,96,0
13160,98,0
13161,96,0
13162,96,0
13163,96,0
13164,96,0
13165,96,0
13166,96,0
13167,96,0
13168,94,0
13169,96,0
13170,96,0
13171,96,0
13172,96,0
13173,96,0
13174,96,0
13175,96,0
13176,94,0
13177,96,0
13178,98,0
13179,92,0
13180,94,0
13181,96,0
13182,96,0
13183,96,0
13184,96,0
13185,96,0
13186,96,0
13187,96,0
13188,94,0
13189,94,0
13190,96,0
13191,96,0
13192,100,0
13193,96,0
13194,96,0
13195,96,0
13196,96,0
13197,96,0
13198,94,0
13199,94,0
13200,96,0
13201,94,0
13202,100,0
13203,98,0
13204,96,0
13205,96,0
13206,100,0
13207,96,0
13208,96,0
13209,98,0
13210,96,0
13211,98,0
13212,98,0
13213,96,0
13214,94,0
13215,100,0
13216,94,0
13217,98,0
13218,96,0
13219,100,0
13220,96,0
13221,98,0
13222,94,0
13223,96,0
13224,94,0
13225,98,0
13226,94,0
13227,96,0
13228,96,0
13229,96,0
13230,96,0
13231,94,0
13232,96,0
13233,96,0
13234,92,0
13235,96,0
13236,96,0
13237,94,0
13238,96,0
13239,96,0
13240,96,0
13241,94,0
13242,96,0
13243,96,0
13244,96,0
13245,96,0
13246,96,0
13247,98,0
13248,96,0
13249,96,0
13250,96,0
13251,96,0
13252,96,0
13253,96,0
13254,96,0
13255,94,0
13256,96,0
13257,98,0
13258,96,0
13259,94,0
13260,96,0
13261,96,0
13262,96,0
13263,96,0
13264,94,0
13265,94,0
13266,100,0
13267,96,0
13268,96,0
13269,94,0
13270,94,0
13271,96,0
13272,96,0
13273,96,0
13274,94,0
13275,96,0
13276,96,0
13277,94,0
13278,96,0
13279,96,0
13280,94,0
13281,96,0
13282,96,0
13283,98,0
13284,94,0
13285,94,0
13286,100,0
13287,94,0
13288,96,0
13289,96,0
13290,96,0
13291,94,0
13292,96,0
13293,96,0
13294,96,0
13295,96,0
13296,94,0
13297,100,0
13298,96,0
13299,96,0
13300,94,0
13301,96,0
13302,98,0
13303,96,0
13304,96,0
13305,96,0
13306,96,0
13307,96,0
13308,96,0
13309,94,0
13310,96,0
13311,96,0
13312,96,0
13313,96,0
13314,94,0
13315,96,0
13316,94,0
13317,98,0
13318,96,0
13319,94,0
13320,96,0
13321,96,0
13322,96,0
13323,96,0
13324,96,0
13325,96,0
13326,98,0
13327,96,0
13328,96,0
13329,94,0
13330,98,0
13331,98,0
13332,94,0
13333,96,0
13334,94,0
13335,96,0
13336,96,0
13337,96,0
13338,98,0
13339,96,0
13340,96,0
13341,100,0
13342,96,0
13343,96,0
13344,94,0
13345,94,0
13346,96,0
13347,96,0
13348,96,0
13349,100,0
13350,96,0
13351,100,0
13352,100,0
13353,96,0
13354,96,0
13355,100,0
13356,92,0
13357,96,0
13358,96,0
13359,96,0
13360,96,0
13361,96,0
13362,96,0
13363,94,0
13364,92,0
13365,96,0
13366,96,0
13367,94,0
13368,96,0
13369,96,0
13370,96,0
13371,96,0
13372,96,0
13373,98,0
13374,96,0
13375,96,0
13376,94,0
13377,96,0
13378,96,0
13379,98,0
13380,96,0
13381,96,0
13382,96,0
13383,96,0
13384,96,0
13385,96,0
13386,96,0
13387,96,0
13388,100,0
13389,96,0
13390,94,0
13391,96,0
13392,94,0
13393,100,0
13394,96,0
13395,96,0
13396,96,0
13397,94,0
13398,94,0
13399,94,0
13400,100,0
13401,96,0
13402,96,0
13403,100,0
13404,94,0
13405,98,0
13406,92,0
13407,94,0
13408,96,0
13409,94,0
13410,96,0
13411,96,0
13412,96,0
13413,96,0
13414,96,0
13415,94,0
13416,96,0
13417,94,0
13418,96,0
13419,96,0
13420,96,0
13421,94,0
13422,96,0
13423,96,0
13424,96,0
13425,96,0
13426,100,0
13427,94,0
13428,96,0
13429,96,0
13430,96,0
13431,96,0
13432,96,0
13433,96,0
13434,94,0
13435,96,0
13436,96,0
13437,96,0
13438,96,0
13439,94,0
13440,92,0
13441,96,0
13442,96,0
13443,96,0
13444,94,0
13445,96,0
13446,98,0
13447,98,0
13448,96,0
13449,96,0
13450,98,0
13451,94,0
13452,94,0
13453,96,0
13454,96,0
13455,96,0
13456,92,0
13457,96,0
13458,96,0
13459,96,0
13460,100,0
13461,96,0
13462,96,0
13463,100,0
13464,96,0
13465,96,0
13466,96,0
13467,96,0
13468,100,0
13469,96,0
13470,100,0
13471,94,0
13472,96,0
13473,96,0
13474,96,0
13475,100,0
13476,96,0
13477,96,0
13478,96,0
13479,96,0
13480,96,0
13481,96,0
13482,94,0
13483,96,0
13484,96,0
13485,96,0
13486,96,0
13487,96,0
13488,96,0
13489,96,0
13490,96,0
13491,96,0
13492,96,0
13493,96,0
13494,96,0
13495,96,0
13496,96,0
13497,96,0
13498,96,0
13499,96,0
13500,100,0
13501,96,0
13502,96,0
13503,96,0
13504,96,0
13505,100,0
13506,96,0
13507,94,0
13508,96,0
13509,94,0
13510,96,0
13511,96,0
13512,94,0
13513,94,0
13514,96,0
13515,96,0
13516,96,0
13517,96,0
13518,96,0
13519,96,0
13520,94,0
13521,96,0
13522,96,0
13523,94,0
13524,96,0
13525,96,0
13526,100,0
13527,96,0
13528,96,0
13529,96,0
13530,96,0
13531,96,0
13532,96,0
13533,96,0
13534,96,0
13535,100,0
13536,96,0
13537,96,0
13538,96,0
13539,96,0
13540,96,0
13541,96,0
13542,96,0
13543,96,0
13544,100,0
13545,96,0
13546,96,0
13547,96,0
13548,96,0
13549,96,0
13550,96,0
13551,96,0
13552,96,0
13553,100,0
13554,94,0
13555,96,0
13556,98,0
13557,96,0
13558,96,0
13559,96,0
13560,96,0
13561,94,0
13562,96,0
13563,96,0
13564,100,0
13565,94,0
13566,96,0
13567,96,0
13568,96,0
13569,96,0
13570,96,0
13571,96,0
13572,96,0
13573,96,0
13574,94,0
13575,98,0
13576,94,0
13577,96,0
13578,92,0
13579,94,0
13580,96,0
13581,96,0
13582,96,0
13583,96,0
13584,100,0
13585,96,0
13586,96,0
13587,96,0
13588,96,0
13589,100,0
13590,96,0
13591,94,0
13592,94,0
13593,98,0
13594,96,0
13595,94,0
13596,96,0
13597,100,0
13598,96,0
13599,96,0
13600,96,0
13601,94,0
13602,96,0
13603,96,0
13604,96,0
13605,96,0
13606,96,0
13607,96,0
13608,96,0
13609,94,0
13610,100,0
13611,96,0
13612,98,0
13613,96,0
13614,100,0
13615,96,0
13616,96,0
13617,96,0
13618,96,0
13619,94,0
13620,96,0
13621,98,0
13622,98,0
13623,98,0
13624,96,0
13625,96,0
13626,96,0
13627,96,0
13628,96,0
13629,96,0
13630,100,0
13631,96,0
13632,96,0
13633,100,0
13634,100,0
13635,96,0
13636,94,0
13637,96,0
13638,96,0
13639,96,0
13640,96,0
13641,96,0
13642,94,0
13643,96,0
13644,96,0
13645,96,0
13646,96,0
13647,96,0
13648,96,0
13649,96,0
13650,96,0
13651,96,0
13652,96,0
13653,96,0
13654,96,0
13655,96,0
13656,96,0
13657,96,0
13658,98,0
13659,96,0
13660,96,0
13661,94,0
13662,96,0
13663,100,0
13664,96,0
13665,96,0
13666,96,0
13667,94,0
13668,96,0
13669,96,0
13670,96,0
13671,100,0
13672,96,0
13673,96,0
13674,94,0
13675,96,0
13676,94,0
13677,96,0
13678,100,0
13679,100,0
13680,96,0
13681,98,0
13682,96,0
13683,98,0
13684,98,0
13685,96,0
13686,96,0
13687,96,0
13688,96,0
13689,96,0
13690,94,0
13691,96,0
13692,96,0
13693,96,0
13694,96,0
13695,96,0
13696,94,0
13697,96,0
13698,96,0
13699,96,0
13700,96,0
13701,96,0
13702,96,0
13703,96,0
13704,96,0
13705,96,0
13706,96,0
13707,96,0
13708,94,0
13709,98,0
13710,96,0
13711,96,0
13712,96,0
13713,96,0
13714,96,0
13715,96,0
13716,96,0
13717,96,0
13718,94,0
13719,96,0
13720,98,0
13721,96,0
13722,98,0
13723,96,0
13724,96,0
13725,96,0
13726,94,0
13727,96,0
13728,96,0
13729,96,0
13730,94,0
13731,96,0
13732,96,0
13733,100,0
13734,96,0
13735,96,0
13736,94,0
13737,96,0
13738,96,0
13739,96,0
13740,96,0
13741,96,0
13742,96,0
13743,94,0
13744,94,0
13745,96,0
13746,96,0
13747,96,0
13748,96,0
13749,96,0
13750,94,0
13751,96,0
13752,96,0
13753,96,0
13754,96,0
13755,100,0
13756,96,0
13757,100,0
13758,100,0
13759,94,0
13760,96,0
13761,96,0
13762,96,0
13763,96,0
13764,96,0
13765,96,0
13766,94,0
13767,96,0
13768,96,0
13769,96,0
13770,96,0
13771,96,0
13772,96,0
13773,96,0
13774,96,0
13775,94,0
13776,96,0
13777,96,0
13778,96,0
13779,96,0
13780,96,0
13781,94,0
13782,96,0
13783,98,0
13784,96,0
13785,96,0
13786,96,0
13787,96,0
13788,96,0
13789,96,0
13790,96,0
13791,96,0
13792,96,0
13793,96,0
13794,96,0
13795,94,0
13796,98,0
13797,96,0
13798,96,0
13799,96,0
13800,96,0
13801,96,0
13802,96,0
13803,96,0
13804,96,0
13805,96,0
13806,96,0
13807,96,0
13808,96,0
13809,96,0
13810,96,0
13811,96,0
13812,96,0
13813,96,0
13814,96,0
13815,98,0
13816,96,0
13817,98,0
13818,96,0
13819,96,0
13820,96,0
13821,96,0
13822,96,0
13823,96,0
13824,96,0
13825,96,0
13826,96,0
13827,96,0
13828,96,0
13829,96,0
13830,96,0
13831,96,0
13832,96,0
13833,96,0
13834,96,0
13835,96,0
13836,96,0
13837,96,0
13838,96,0
13839,96,0
13840,96,0
13841,96,0
13842,96,0
13843,96,0
13844,96,0
13845,96,0
13846,96,0
13847,96,0
13848,96,0
13849,96,0
13850,96,0
13851,96,0
13852,96,0
13853,96,0
13854,94,0
13855,96,0
13856,96,0
13857,102,0
13858,98,0
13859,98,0
13860,96,0
13861,100,0
13862,96,0
13863,96,0
13864,94,0
13865,96,0
13866,96,0
13867,94,0
13868,98,0
13869,100,0
13870,96,0
13871,96,0
13872,96,0
13873,94,0
13874,94,0
13875,94,0
13876,96,0
13877,96,0
13878,96,0
13879,94,0
13880,96,0
13881,96,0
13882,96,0
13883,96,0
13884,96,0
13885,96,0
13886,96,0
13887,96,0
13888,96,0
13889,96,0
13890,96,0
13891,96,0
13892,96,0
13893,96,0
13894,96,0
13895,96,0
13896,96,0
13897,96,0
13898,96,0
13899,96,0
13900,96,0
13901,96,0
13902,94,0
13903,96,0
13904,96,0
13905,96,0
13906,96,0
13907,96,0
13908,96,0
13909,96,0
13910,96,0
13911,100,0
13912,96,0
13913,96,0
13914,96,0
13915,100,0
13916,96,0
13917,94,0
13918,94,0
13919,96,0
13920,96,0
13921,94,0
13922,94,0
13923,96,0
13924,100,0
13925,96,0
13926,96,0
13927,96,0
13928,94,0
13929,94,0
13930,96,0
13931,98,0
13932,98,0
13933,96,0
13934,94,0
13935,96,0
13936,96,0
13937,94,0
13938,96,0
13939,96,0
13940,96,0
13941,96,0
13942,96,0
13943,96,0
13944,96,0
13945,96,0
13946,96,0
13947,94,0
13948,96,0
13949,94,0
13950,96,0
13951,96,0
13952,96,0
13953,96,0
13954,96,0
13955,96,0
13956,96,0
13957,96,0
13958,96,0
13959,98,0
13960,96,0
13961,96,0
13962,96,0
13963,96,0
13964,96,0
13965,96,0
13966,100,0
13967,96,0
13968,96,0
13969,96,0
13970,96,0
13971,96,0
13972,96,0
13973,94,0
13974,98,0
13975,94,0
13976,96,0
13977,96,0
13978,96,0
13979,94,0
13980,96,0
13981,94,0
13982,94,0
13983,96,0
13984,96,0
13985,94,0
13986,96,0
13987,96,0
13988,96,0
13989,96,0
13990,96,0
13991,96,0
13992,96,0
13993,94,0
13994,96,0
13995,96,0
13996,94,0
13997,100,0
13998,94,0
13999,96,0
14000,96,0
14001,96,0
14002,96,0
14003,96,0
14004,96,0
14005,96,0
14006,96,0
14007,96,0
14008,100,0
14009,96,0
14010,100,0
14011,96,0
14012,96,0
14013,94,0
14014,96,0
14015,100,0
14016,96,0
14017,96,0
14018,96,0
14019,96,0
14020,96,0
14021,96,0
14022,96,0
14023,96,0
14024,92,0
14025,96,0
14026,96,0
14027,100,0
14028,98,0
14029,96,0
14030,96,0
14031,96,0
14032,96,0
14033,96,0
14034,96,0
14035,100,0
14036,96,0
14037,100,0
14038,96,0
14039,96,0
14040,94,0
14041,94,0
14042,94,0
14043,96,0
14044,96,0
14045,96,0
14046,96,0
14047,96,0
14048,96,0
14049,100,0
14050,98,0
14051,96,0
14052,100,0
14053,98,0
14054,96,0
14055,98,0
14056,96,0
14057,98,0
14058,96,0
14059,100,0
14060,98,0
14061,96,0
14062,96,0
14063,94,0
14064,96,0
14065,96,0
14066,94,0
14067,96,0
14068,96,0
14069,96,0
14070,96,0
14071,96,0
14072,96,0
14073,96,0
14074,96,0
14075,94,0
14076,96,0
14077,96,0
14078,94,0
14079,96,0
14080,96,0
14081,96,0
14082,96,0
14083,96,0
14084,96,0
14085,96,0
14086,96,0
14087,96,0
14088,96,0
14089,96,0
14090,94,0
14091,96,0
14092,96,0
14093,96,0
14094,96,0
14095,96,0
14096,100,0
14097,96,0
14098,96,0
14099,96,0
14100,96,0
14101,96,0
14102,96,0
14103,96,0
14104,96,0
14105,96,0
14106,96,0
14107,94,0
14108,96,0
14109,98,0
14110,96,0
14111,98,0
14112,98,0
14113,98,0
14114,96,0
14115,96,0
14116,100,0
14117,96,0
14118,98,0
14119,98,0
14120,96,0
14121,96,0
14122,96,0
14123,100,0
14124,96,0
14125,96,0
14126,96,0
14127,96,0
14128,96,0
14129,96,0
14130,96,0
14131,96,0
14132,96,0
14133,94,0
14134,96,0
14135,96,0
14136,96,0
14137,96,0
14138,96,0
14139,96,0
14140,96,0
14141,96,0
14142,96,0
14143,96,0
14144,96,0
14145,96,0
14146,98,0
14147,96,0
14148,96,0
14149,96,0
14150,96,0
14151,96,0
14152,96,0
14153,96,0
14154,96,0
14155,96,0
14156,96,0
14157,98,0
14158,96,0
14159,96,0
14160,96,0
14161,98,0
14162,96,0
14163,96,0
14164,96,0
14165,94,0
14166,96,0
14167,96,0
14168,96,0
14169,96,0
14170,94,0
14171,96,0
14172,96,0
14173,96,0
14174,96,0
14175,96,0
14176,96,0
14177,94,0
14178,98,0
14179,96,0
14180,96,0
14181,98,0
14182,96,0
14183,96,0
14184,100,0
14185,96,0
14186,96,0
14187,96,0
14188,96,0
14189,96,0
14190,96,0
14191,100,0
14192,94,0
14193,96,0
14194,94,0
14195,96,0
14196,96,0
14197,96,0
14198,96,0
14199,96,0
14200,94,0
14201,96,0
14202,96,0
14203,96,0
14204,96,0
14205,96,0
14206,96,0
14207,96,0
14208,100,0
14209,96,0
14210,96,0
14211,100,0
14212,96,0
14213,96,0
14214,96,0
14215,100,0
14216,96,0
14217,96,0
14218,96,0
14219,94,0
14220,96,0
14221,96,0
14222,96,0
14223,96,0
14224,96,0
14225,96,0
14226,96,0
14227,100,0
14228,96,0
14229,96,0
14230,96,0
14231,96,0
14232,96,0
14233,96,0
14234,96,0
14235,96,0
14236,96,0
14237,98,0
14238,96,0
14239,98,0
14240,96,0
14241,98,0
14242,96,0
14243,96,0
14244,96,0
14245,96,0
14246,96,0
14247,94,0
14248,96,0
14249,96,0
14250,96,0
14251,96,0
14252,96,0
14253,98,0
14254,96,0
14255,94,0
14256,96,0
14257,96,0
14258,96,0
14259,96,0
14260,96,0
14261,96,0
14262,96,0
14263,96,0
14264,94,0
14265,96,0
14266,96,0
14267,96,0
14268,96,0
14269,96,0
14270,96,0
14271,96,0
14272,96,0
14273,96,0
14274,96,0
14275,96,0
14276,96,0
14277,98,0
14278,98,0
14279,96,0
14280,96,0
14281,94,0
14282,96,0
14283,96,0
14284,94,0
14285,96,0
14286,96,0
14287,96,0
14288,94,0
14289,96,0
14290,96,0
14291,96,0
14292,100,0
14293,94,0
14294,96,0
14295,96,0
14296,96,0
14297,96,0
14298,96,0
14299,96,0
14300,96,0
14301,94,0
14302,98,0
14303,96,0
14304,96,0
14305,96,0
14306,100,0
14307,96,0
14308,96,0
14309,96,0
14310,96,0
14311,96,0
14312,94,0
14313,96,0
14314,96,0
14315,96,0
14316,96,0
14317,100,0
14318,96,0
14319,96,0
14320,96,0
14321,96,0
14322,94,0
14323,96,0
14324,94,0
14325,96,0
14326,96,0
14327,96,0
14328,96,0
14329,96,0
14330,96,0
14331,96,0
14332,92,0
14333,96,0
14334,94,0
14335,98,0
14336,96,0
14337,94,0
14338,94,0
14339,96,0
14340,94,0
14341,94,0
14342,96,0
14343,96,0
14344,96,0
14345,96,0
14346,94,0
14347,96,0
14348,96,0
14349,94,0
14350,98,0
14351,96,0
14352,96,0
14353,96,0
14354,98,0
14355,98,0
14356,96,0
14357,98,0
14358,96,0
14359,90,0
14360,98,0
14361,94,0
14362,96,0
14363,96,0
14364,96,0
14365,98,0
14366,96,0
14367,96,0
14368,96,0
14369,96,0
14370,94,0
14371,96,0
14372,96,0
14373,94,0
14374,96,0
14375,96,0
14376,96,0
14377,94,0
14378,96,0
14379,94,0
14380,98,0
14381,98,0
14382,96,0
14383,96,0
14384,96,0
14385,96,0
14386,96,0
14387,94,0
14388,94,0
14389,96,0
14390,100,0
14391,96,0
14392,94,0
14393,94,0
14394,100,0
14395,96,0
14396,96,0
14397,96,0
14398,96,0
14399,96,0
14400,96,0
14401,96,0
14402,94,0
14403,98,0
14404,96,0
14405,94,0
14406,96,0
14407,98,0
14408,96,0
14409,94,0
14410,94,0
14411,96,0
14412,96,0
14413,94,0
14414,94,0
14415,96,0
14416,96,0
14417,96,0
14418,94,0
14419,96,0
14420,94,0
14421,94,0
14422,98,0
14423,94,0
14424,96,0
14425,94,0
14426,98,0
14427,96,0
14428,96,0
14429,92,0
14430,96,0
14431,96,0
14432,96,0
14433,96,0
14434,96,0
14435,94,0
14436,96,0
14437,96,0
14438,94,0
14439,96,0
14440,94,0
14441,96,0
14442,94,0
14443,96,0
14444,96,0
14445,96,0
14446,96,0
14447,96,0
14448,96,0
14449,100,0
14450,98,0
14451,96,0
14452,94,0
14453,94,0
14454,96,0
14455,96,0
14456,96,0
14457,98,0
14458,94,0
14459,96,0
14460,96,0
14461,94,0
14462,96,0
14463,94,0
14464,100,0
14465,100,0
14466,96,0
14467,94,0
14468,100,0
14469,98,0
14470,96,0
14471,94,0
14472,96,0
14473,94,0
14474,96,0
14475,94,0
14476,96,0
14477,96,0
14478,96,0
14479,100,0
14480,94,0
14481,96,0
14482,96,0
14483,96,0
14484,96,0
14485,96,0
14486,96,0
14487,96,0
14488,96,0
14489,96,0
14490,96,0
14491,92,0
14492,94,0
14493,96,0
14494,96,0
14495,94,0
14496,96,0
14497,96,0
14498,96,0
14499,94,0
14500,96,0
14501,96,0
14502,96,0
14503,96,0
14504,94,0
14505,94,0
14506,96,0
14507,94,0
14508,96,0
14509,96,0
14510,94,0
14511,96,0
14512,96,0
14513,96,0
14514,96,0
14515,96,0
14516,96,0
14517,94,0
14518,96,0
14519,96,0
14520,94,0
14521,96,0
14522,96,0
14523,98,0
14524,94,0
14525,98,0
14526,94,0
14527,96,0
14528,94,0
14529,96,0
14530,96,0
14531,94,0
14532,96,0
14533,94,0
14534,94,0
14535,96,0
14536,92,0
14537,94,0
14538,96,0
14539,96,0
14540,94,0
14541,96,0
14542,96,0
14543,94,0
14544,96,0
14545,96,0
14546,96,0
14547,96,0
14548,96,0
14549,96,0
14550,96,0
14551,94,0
14552,96,0
14553,96,0
14554,96,0
14555,96,0
14556,94,0
14557,94,0
14558,94,0
14559,94,0
14560,94,0
14561,96,0
14562,96,0
14563,96,0
14564,96,0
14565,96,0
14566,94,0
14567,96,0
14568,96,0
14569,98,0
14570,96,0
14571,96,0
14572,94,0
14573,98,0
14574,94,0
14575,96,0
14576,96,0
14577,100,0
14578,96,0
14579,100,0
14580,96,0
14581,98,0
14582,98,0
14583,94,0
14584,96,0
14585,94,0
14586,96,0
14587,96,0
14588,94,0
14589,96,0
14590,96,0
14591,94,0
14592,96,0
14593,96,0
14594,94,0
14595,96,0
14596,96,0
14597,96,0
14598,96,0
14599,96,0
14600,92,0
14601,100,0
14602,96,0
14603,96,0
14604,96,0
14605,96,0
14606,96,0
14607,94,0
14608,92,0
14609,94,0
14610,96,0
14611,96,0
14612,96,0
14613,96,0
14614,92,0
14615,94,0
14616,96,0
14617,94,0
14618,96,0
14619,96,0
14620,96,0
14621,96,0
14622,96,0
14623,92,0
14624,96,0
14625,96,0
14626,98,0
14627,96,0
14628,96,0
14629,96,0
14630,96,0
14631,96,0
14632,96,0
14633,96,0
14634,94,0
14635,96,0
14636,96,0
14637,94,0
14638,98,0
14639,96,0
14640,96,0
14641,94,0
14642,98,0
14643,98,0
14644,94,0
14645,96,0
14646,92,0
14647,94,0
14648,94,0
14649,100,0
14650,96,0
14651,98,0
14652,96,0
14653,94,0
14654,96,0
14655,100,0
14656,100,0
14657,94,0
14658,96,0
14659,96,0
14660,94,0
14661,96,0
14662,94,0
14663,96,0
14664,96,0
14665,96,0
14666,96,0
14667,94,0
14668,92,0
14669,96,0
14670,96,0
14671,94,0
14672,96,0
14673,96,0
14674,96,0
14675,96,0
14676,94,0
14677,96,0
14678,94,0
14679,94,0
14680,96,0
14681,96,0
14682,94,0
14683,96,0
14684,96,0
14685,96,0
14686,96,0
14687,96,0
14688,96,0
14689,96,0
14690,96,0
14691,96,0
14692,94,0
14693,96,0
14694,96,0
14695,94,0
14696,96,0
14697,100,0
14698,96,0
14699,96,0
14700,100,0
14701,94,0
14702,94,0
14703,94,0
14704,94,0
14705,94,0
14706,96,0
14707,96,0
14708,94,0
14709,96,0
14710,94,0
14711,96,0
14712,100,0
14713,96,0
14714,94,0
14715,96,0
14716,94,0
14717,94,0
14718,96,0
14719,100,0
14720,96,0
14721,96,0
14722,96,0
14723,94,0
14724,94,0
14725,96,0
14726,96,0
14727,96,0
14728,96,0
14729,98,0
14730,96,0
14731,96,0
14732,96,0
14733,98,0
14734,96,0
14735,96,0
14736,94,0
14737,96,0
14738,94,0
14739,96,0
14740,96,0
14741,96,0
14742,96,0
14743,96,0
14744,94,0
14745,96,0
14746,96,0
14747,96,0
14748,96,0
14749,98,0
14750,94,0
14751,94,0
14752,94,0
14753,96,0
14754,94,0
14755,100,0
14756,100,0
14757,96,0
14758,94,0
14759,96,0
14760,94,0
14761,100,0
14762,96,0
14763,100,0
14764,96,0
14765,94,0
14766,94,0
14767,96,0
14768,96,0
14769,96,0
14770,98,0
14771,92,0
14772,94,0
14773,98,0
14774,96,0
14775,96,0
14776,92,0
14777,94,0
14778,96,0
14779,98,0
14780,96,0
14781,96,0
14782,92,0
14783,96,0
14784,96,0
14785,96,0
14786,96,0
14787,96,0
14788,94,0
14789,94,0
14790,96,0
14791,96,0
14792,96,0
14793,96,0
14794,96,0
14795,96,0
14796,96,0
14797,96,0
14798,94,0
14799,98,0
14800,98,0
14801,94,0
14802,96,0
14803,98,0
14804,96,0
14805,96,0
14806,94,0
14807,96,0
14808,96,0
14809,98,0
14810,96,0
14811,96,0
14812,96,0
14813,94,0
14814,96,0
14815,96,0
14816,94,0
14817,98,0
14818,96,0
14819,98,0
14820,98,0
14821,98,0
14822,96,0
14823,94,0
14824,96,0
14825,96,0
14826,94,0
14827,96,0
14828,94,0
14829,96,0
14830,94,0
14831,96,0
14832,96,0
14833,96,0
14834,100,0
14835,94,0
14836,94,0
14837,94,0
14838,96,0
14839,94,0
14840,100,0
14841,96,0
14842,96,0
14843,96,0
14844,94,0
14845,96,0
14846,96,0
14847,98,0
14848,94,0
14849,96,0
14850,96,0
14851,94,0
14852,96,0
14853,94,0
14854,96,0
14855,96,0
14856,94,0
14857,96,0
14858,96,0
14859,94,0
14860,96,0
14861,96,0
14862,96,0
14863,96,0
14864,96,0
14865,96,0
14866,96,0
14867,96,0
14868,100,0
14869,96,0
14870,98,0
14871,96,0
14872,96,0
14873,96,0
14874,96,0
14875,96,0
14876,94,0
14877,94,0
14878,94,0
14879,96,0
14880,96,0
14881,94,0
14882,96,0
14883,96,0
14884,96,0
14885,96,0
14886,100,0
14887,96,0
14888,94,0
14889,100,0
14890,100,0
14891,94,0
14892,96,0
14893,92,0
14894,96,0
14895,96,0
14896,96,0
14897,96,0
14898,96,0
14899,100,0
14900,96,0
14901,94,0
14902,96,0
14903,94,0
14904,94,0
14905,96,0
14906,94,0
14907,96,0
14908,94,0
14909,96,0
14910,98,0
14911,96,0
14912,96,0
14913,98,0
14914,100,0
14915,94,0
14916,96,0
14917,94,0
14918,96,0
14919,94,0
14920,94,0
14921,96,0
14922,94,0
14923,96,0
14924,94,0
14925,96,0
14926,92,0
14927,92,0
14928,94,0
14929,96,0
14930,96,0
14931,96,0
14932,94,0
14933,96,0
14934,96,0
14935,96,0
14936,96,0
14937,94,0
14938,94,0
14939,94,0
14940,94,0
14941,98,0
14942,96,0
14943,94,0
14944,94,0
14945,96,0
14946,94,0
14947,94,0
14948,96,0
14949,100,0
14950,96,0
14951,96,0
14952,96,0
14953,96,0
14954,96,0
14955,94,0
14956,96,0
14957,96,0
14958,96,0
14959,96,0
14960,96,0
14961,94,0
14962,96,0
14963,100,0
14964,94,0
14965,96,0
14966,94,0
14967,94,0
14968,94,0
14969,96,0
14970,96,0
14971,96,0
14972,96,0
14973,94,0
14974,94,0
14975,96,0
14976,96,0
14977,96,0
14978,96,0
14979,94,0
14980,96,0
14981,96,0
14982,94,0
14983,96,0
14984,96,0
14985,94,0
14986,96,0
14987,96,0
14988,96,0
14989,96,0
14990,96,0
14991,96,0
14992,94,0
14993,96,0
14994,100,0
14995,96,0
14996,96,0
14997,96,0
14998,96,0
14999,98,0
15000,96,0
15001,96,0
15002,96,0
15003,94,0
15004,94,0
15005,94,0
15006,100,0
15007,96,0
15008,94,0
15009,96,0
15010,92,0
15011,94,0
15012,96,0
15013,98,0
15014,100,0
15015,96,0
15016,100,0
15017,96,0
15018,96,0
15019,96,0
15020,96,0
15021,96,0
15022,100,0
15023,96,0
15024,96,0
15025,96,0
15026,94,0
15027,94,0
15028,92,0
15029,94,0
15030,92,0
15031,96,0
15032,96,0
15033,96,0
15034,96,0
15035,94,0
15036,96,0
15037,98,0
15038,96,0
15039,96,0
15040,96,0
15041,98,0
15042,98,0
15043,96,0
15044,98,0
15045,94,0
15046,98,0
15047,100,0
15048,96,0
15049,96,0
15050,96,0
15051,96,0
15052,96,0
15053,96,0
15054,94,0
15055,96,0
15056,96,0
15057,96,0
15058,100,0
15059,96,0
15060,94,0
15061,96,0
15062,96,0
15063,96,0
15064,98,0
15065,100,0
15066,96,0
15067,96,0
15068,96,0
15069,96,0
15070,96,0
15071,96,0
15072,96,0
15073,96,0
15074,98,0
15075,96,0
15076,98,0
15077,94,0
15078,94,0
15079,96,0
15080,92,0
15081,96,0
15082,96,0
15083,96,0
15084,96,0
15085,96,0
15086,96,0
15087,96,0
15088,96,0
15089,92,0
15090,96,0
15091,96,0
15092,96,0
15093,96,0
15094,96,0
15095,98,0
15096,96,0
15097,98,0
15098,96,0
15099,96,0
15100,96,0
15101,94,0
15102,96,0
15103,96,0
15104,96,0
15105,96,0
15106,96,0
15107,100,0
15108,96,0
15109,96,0
15110,96,0
15111,96,0
15112,94,0
15113,96,0
15114,96,0
15115,96,0
15116,100,0
15117,94,0
15118,96,0
15119,96,0
15120,96,0
15121,94,0
15122,96,0
15123,96,0
15124,96,0
15125,96,0
15126,96,0
15127,96,0
15128,100,0
15129,94,0
15130,96,0
15131,96,0
15132,96,0
15133,98,0
15134,96,0
15135,96,0
15136,98,0
15137,98,0
15138,96,0
15139,96,0
15140,96,0
15141,96,0
15142,94,0
15143,96,0
15144,96,0
15145,96,0
15146,94,0
15147,96,0
15148,96,0
15149,94,0
15150,96,0
15151,96,0
15152,92,0
15153,96,0
15154,96,0
15155,94,0
15156,96,0
15157,96,0
15158,96,0
15159,100,0
15160,96,0
15161,96,0
15162,96,0
15163,96,0
15164,96,0
15165,96,0
15166,96,0
15167,96,0
15168,96,0
15169,96,0
15170,96,0
15171,96,0
15172,94,0
15173,96,0
15174,94,0
15175,94,0
15176,96,0
15177,96,0
15178,94,0
15179,100,0
15180,98,0
15181,98,0
15182,96,0
15183,96,0
15184,94,0
15185,96,0
15186,96,0
15187,96,0
15188,96,0
15189,98,0
15190,96,0
15191,96,0
15192,96,0
15193,96,0
15194,96,0
15195,96,0
15196,96,0
15197,96,0
15198,96,0
15199,94,0
15200,94,0
15201,96,0
15202,96,0
15203,96,0
15204,96,0
15205,96,0
15206,96,0
15207,96,0
15208,94,0
15209,96,0
15210,96,0
15211,96,0
15212,96,0
15213,96,0
15214,96,0
15215,92,0
15216,94,0
15217,96,0
15218,96,0
15219,96,0
15220,96,0
15221,96,0
15222,96,0
15223,94,0
15224,96,0
15225,96,0
15226,96,0
15227,100,0
15228,96,0
15229,94,0
15230,96,0
15231,100,0
15232,94,0
15233,96,0
15234,96,0
15235,94,0
15236,96,0
15237,100,0
15238,100,0
15239,96,0
15240,96,0
15241,96,0
15242,96,0
15243,96,0
15244,96,0
15245,92,0
15246,100,0
15247,96,0
15248,96,0
15249,100,0
15250,96,0
15251,96,0
15252,96,0
15253,94,0
15254,96,0
15255,96,0
15256,96,0
15257,96,0
15258,100,0
15259,96,0
15260,96,0
15261,96,0
15262,96,0
15263,96,0
15264,94,0
15265,96,0
15266,96,0
15267,96,0
15268,96,0
15269,96,0
15270,96,0
15271,94,0
15272,96,0
15273,96,0
15274,96,0
15275,96,0
15276,96,0
15277,94,0
15278,94,0
15279,96,0
15280,98,0
15281,96,0
15282,96,0
15283,98,0
15284,98,0
15285,94,0
15286,96,0
15287,98,0
15288,96,0
15289,96,0
15290,94,0
15291,94,0
15292,94,0
15293,98,0
15294,96,0
15295,98,0
15296,94,0
15297,94,0
15298,96,0
15299,92,0
15300,94,0
15301,96,0
15302,96,0
15303,96,0
15304,96,0
15305,96,0
15306,98,0
15307,94,0
15308,94,0
15309,96,0
15310,96,0
15311,98,0
15312,96,0
15313,96,0
15314,98,0
15315,92,0
15316,96,0
15317,96,0
15318,98,0
15319,98,0
15320,96,0
15321,96,0
15322,96,0
15323,96,0
15324,96,0
15325,96,0
15326,96,0
15327,94,0
15328,96,0
15329,96,0
15330,96,0
15331,100,0
15332,96,0
15333,96,0
15334,96,0
15335,94,0
15336,96,0
15337,96,0
15338,96,0
15339,94,0
15340,96,0
15341,100,0
15342,96,0
15343,96,0
15344,96,0
15345,100,0
15346,96,0
15347,96,0
15348,96,0
15349,100,0
15350,94,0
15351,102,0
15352,94,0
15353,92,0
15354,96,0
15355,96,0
15356,96,0
15357,96,0
15358,96,0
15359,98,0
15360,96,0
15361,96,0
15362,96,0
15363,94,0
15364,98,0
15365,98,0
15366,98,0
15367,96,0
15368,96,0
15369,98,0
15370,96,0
15371,94,0
15372,100,0
15373,96,0
15374,96,0
15375,96,0
15376,98,0
15377,96,0
15378,96,0
15379,96,0
15380,96,0
15381,96,0
15382,96,0
15383,96,0
15384,96,0
15385,96,0
15386,96,0
15387,96,0
15388,96,0
15389,96,0
15390,94,0
15391,96,0
15392,96,0
15393,96,0
15394,96,0
15395,96,0
15396,96,0
15397,96,0
15398,96,0
15399,98,0
15400,96,0
15401,96,0
15402,94,0
15403,96,0
15404,96,0
15405,98,0
15406,96,0
15407,96,0
15408,96,0
15409,96,0
15410,98,0
15411,96,0
15412,98,0
15413,98,0
15414,94,0
15415,98,0
15416,92,0
15417,94,0
15418,94,0
15419,94,0
15420,96,0
15421,98,0
15422,98,0
15423,100,0
15424,94,0
15425,94,0
15426,96,0
15427,96,0
15428,94,0
15429,96,0
15430,96,0
15431,96,0
15432,96,0
15433,100,0
15434,96,0
15435,96,0
15436,96,0
15437,98,0
15438,98,0
15439,96,0
15440,96,0
15441,96,0
15442,96,0
15443,92,0
15444,96,0
15445,96,0
15446,94,0
15447,94,0
15448,96,0
15449,100,0
15450,96,0
15451,100,0
15452,100,0
15453,94,0
15454,96,0
15455,96,0
15456,96,0
15457,96,0
15458,96,0
15459,96,0
15460,94,0
15461,96,0
15462,96,0
15463,94,0
15464,94,0
15465,96,0
15466,96,0
15467,96,0
15468,94,0
15469,100,0
15470,96,0
15471,96,0
15472,96,0
15473,96,0
15474,96,0
15475,96,0
15476,100,0
15477,94,0
15478,96,0
15479,96,0
15480,94,0
15481,96,0
15482,100,0
15483,96,0
15484,96,0
15485,96,0
15486,96,0
15487,96,0
15488,96,0
15489,94,0
15490,96,0
15491,96,0
15492,96,0
15493,94,0
15494,96,0
15495,102,0
15496,96,0
15497,96,0
15498,94,0
15499,96,0
15500,94,0
15501,94,0
15502,96,0
15503,96,0
15504,96,0
15505,94,0
15506,96,0
15507,96,0
15508,96,0
15509,96,0
15510,94,0
15511,94,0
15512,94,0
15513,96,0
15514,94,0
15515,96,0
15516,96,0
15517,96,0
15518,94,0
15519,94,0
15520,96,0
15521,96,0
15522,98,0
15523,96,0
15524,96,0
15525,96,0
15526,96,0
15527,102,0
15528,96,0
15529,96,0
15530,96,0
15531,94,0
15532,96,0
15533,96,0
15534,96,0
15535,96,0
15536,96,0
15537,100,0
15538,98,0
15539,94,0
15540,100,0
15541,96,0
15542,94,0
15543,98,0
15544,96,0
15545,96,0
15546,96,0
15547,96,0
15548,96,0
15549,96,0
15550,96,0
15551,96,0
15552,96,0
15553,96,0
15554,96,0
15555,96,0
15556,100,0
15557,94,0
15558,96,0
15559,96,0
15560,96,0
15561,94,0
15562,96,0
15563,96,0
15564,96,0
15565,96,0
15566,96,0
15567,96,0
15568,98,0
15569,96,0
15570,96,0
15571,96,0
15572,96,0
15573,96,0
15574,96,0
15575,96,0
15576,96,0
15577,96,0
15578,100,0
15579,98,0
15580,96,0
15581,96,0
15582,96,0
15583,96,0
15584,96,0
15585,96,0
15586,96,0
15587,98,0
15588,94,0
15589,96,0
15590,96,0
15591,96,0
15592,96,0
15593,96,0
15594,96,0
15595,94,0
15596,96,0
15597,96,0
15598,100,0
15599,94,0
15600,94,0
15601,96,0
15602,96,0
15603,94,0
15604,100,0
15605,96,0
15606,96,0
15607,96,0
15608,100,0
15609,96,0
15610,100,0
15611,94,0
15612,94,0
15613,98,0
15614,96,0
15615,96,0
15616,94,0
15617,96,0
15618,96,0
15619,94,0
15620,96,0
15621,98,0
15622,96,0
15623,96,0
15624,96,0
15625,96,0
15626,96,0
15627,96,0
15628,96,0
15629,96,0
15630,96,0
15631,96,0
15632,96,0
15633,96,0
15634,96,0
15635,96,0
15636,96,0
15637,96,0
15638,96,0
15639,96,0
15640,92,0
15641,96,0
15642,96,0
15643,94,0
15644,96,0
15645,96,0
15646,96,0
15647,96,0
15648,96,0
15649,96,0
15650,94,0
15651,96,0
15652,96,0
15653,96,0
15654,96,0
15655,96,0
15656,96,0
15657,96,0
15658,94,0
15659,96,0
15660,96,0
15661,96,0
15662,96,0
15663,94,0
15664,96,0
15665,98,0
15666,96,0
15667,94,0
15668,96,0
15669,96,0
15670,96,0
15671,96,0
15672,96,0
15673,96,0
15674,96,0
15675,96,0
15676,96,0
15677,96,0
15678,96,0
15679,96,0
15680,96,0
15681,98,0
15682,96,0
15683,94,0
15684,96,0
15685,94,0
15686,96,0
15687,96,0
15688,94,0
15689,96,0
15690,96,0
15691,100,0
15692,96,0
15693,96,0
15694,96,0
15695,96,0
15696,96,0
15697,96,0
15698,94,0
15699,96,0
15700,94,0
15701,96,0
15702,96,0
15703,96,0
15704,96,0
15705,96,0
15706,94,0
15707,96,0
15708,96,0
15709,96,0
15710,96,0
15711,100,0
15712,96,0
15713,98,0
15714,96,0
15715,96,0
15716,96,0
15717,94,0
15718,96,0
15719,96,0
15720,100,0
15721,94,0
15722,96,0
15723,96,0
15724,96,0
15725,96,0
15726,94,0
15727,96,0
15728,100,0
15729,94,0
15730,96,0
15731,96,0
15732,96,0
15733,96,0
15734,96,0
15735,96,0
15736,98,0
15737,96,0
15738,94,0
15739,96,0
15740,96,0
15741,94,0
15742,94,0
15743,96,0
15744,96,0
15745,96,0
15746,94,0
15747,96,0
15748,96,0
15749,96,0
15750,94,0
15751,96,0
15752,96,0
15753,96,0
15754,96,0
15755,96,0
15756,96,0
15757,98,0
15758,94,0
15759,96,0
15760,96,0
15761,96,0
15762,96,0
15763,94,0
15764,96,0
15765,96,0
15766,96,0
15767,96,0
15768,96,0
15769,96,0
15770,96,0
15771,96,0
15772,96,0
15773,94,0
15774,94,0
15775,98,0
15776,96,0
15777,96,0
15778,96,0
15779,96,0
15780,96,0
15781,94,0
15782,96,0
15783,100,0
15784,98,0
15785,96,0
15786,96,0
15787,94,0
15788,100,0
15789,96,0
15790,96,0
15791,96,0
15792,94,0
15793,98,0
15794,96,0
15795,94,0
15796,100,0
15797,94,0
15798,96,0
15799,96,0
15800,98,0
15801,98,0
15802,94,0
15803,96,0
15804,96,0
15805,96,0
15806,96,0
15807,96,0
15808,96,0
15809,96,0
15810,94,0
15811,96,0
15812,96,0
15813,96,0
15814,94,0
15815,96,0
15816,96,0
15817,96,0
15818,98,0
15819,96,0
15820,96,0
15821,94,0
15822,100,0
15823,96,0
15824,96,0
15825,96,0
15826,98,0
15827,94,0
15828,96,0
15829,96,0
15830,94,0
15831,96,0
15832,96,0
15833,94,0
15834,96,0
15835,96,0
15836,94,0
15837,96,0
15838,96,0
15839,100,0
15840,96,0
15841,96,0
15842,96,0
15843,96,0
15844,96,0
15845,96,0
15846,96,0
15847,96,0
15848,96,0
15849,96,0
15850,96,0
15851,96,0
15852,96,0
15853,94,0
15854,96,0
15855,96,0
15856,94,0
15857,96,0
15858,96,0
15859,96,0
15860,96,0
15861,96,0
15862,96,0
15863,94,0
15864,96,0
15865,96,0
15866,96,0
15867,96,0
15868,96,0
15869,96,0
15870,96,0
15871,96,0
15872,96,0
15873,96,0
15874,96,0
15875,96,0
15876,96,0
15877,92,0
15878,96,0
15879,100,0
15880,92,0
15881,100,0
15882,96,0
15883,96,0
15884,96,0
15885,94,0
15886,96,0
15887,96,0
15888,98,0
15889,96,0
15890,96,0
15891,96,0
15892,96,0
15893,96,0
15894,96,0
15895,96,0
15896,100,0
15897,96,0
15898,100,0
15899,96,0
15900,100,0
15901,96,0
15902,96,0
15903,96,0
15904,98,0
15905,96,0
15906,96,0
15907,96,0
15908,96,0
15909,96,0
15910,96,0
15911,96,0
15912,96,0
15913,96,0
15914,96,0
15915,94,0
15916,96,0
15917,96,0
15918,94,0
15919,94,0
15920,96,0
15921,98,0
15922,96,0
15923,94,0
15924,96,0
15925,96,0
15926,96,0
15927,96,0
15928,96,0
15929,96,0
15930,96,0
15931,96,0
15932,94,0
15933,96,0
15934,96,0
15935,96,0
15936,96,0
15937,96,0
15938,94,0
15939,96,0
15940,96,0
15941,96,0
15942,96,0
15943,96,0
15944,100,0
15945,94,0
15946,96,0
15947,96,0
15948,96,0
15949,96,0
15950,96,0
15951,96,0
15952,94,0
15953,94,0
15954,94,0
15955,96,0
15956,96,0
15957,96,0
15958,96,0
15959,96,0
15960,96,0
15961,96,0
15962,94,0
15963,94,0
15964,96,0
15965,96,0
15966,96,0
15967,96,0
15968,94,0
15969,94,0
15970,100,0
15971,96,0
15972,96,0
15973,94,0
15974,96,0
15975,96,0
15976,94,0
15977,96,0
15978,96,0
15979,96,0
15980,96,0
15981,96,0
15982,94,0
15983,94,0
15984,96,0
15985,96,0
15986,92,0
15987,96,0
15988,100,0
15989,96,0
15990,94,0
15991,96,0
15992,96,0
15993,96,0
15994,96,0
15995,96,0
15996,96,0
15997,96,0
15998,94,0
15999,100,0
16000,94,0
16001,96,0
16002,94,0
16003,94,0
16004,96,0
16005,96,0
16006,96,0
16007,100,0
16008,92,0
16009,96,0
16010,92,0
16011,96,0
16012,96,0
16013,96,0
16014,96,0
16015,94,0
16016,96,0
16017,96,0
16018,96,0
16019,96,0
16020,96,0
16021,94,0
16022,96,0
16023,96,0
16024,96,0
16025,96,0
16026,98,0
16027,96,0
16028,96,0
16029,98,0
16030,94,0
16031,94,0
16032,96,0
16033,96,0
16034,96,0
16035,96,0
16036,96,0
16037,96,0
16038,96,0
16039,98,0
16040,94,0
16041,96,0
16042,96,0
16043,94,0
16044,96,0
16045,96,0
16046,96,0
16047,96,0
16048,96,0
16049,96,0
16050,96,0
16051,96,0
16052,96,0
16053,96,0
16054,96,0
16055,96,0
16056,100,0
16057,90,0
16058,96,0
16059,100,0
16060,98,0
16061,96,0
16062,96,0
16063,96,0
16064,96,0
16065,96,0
16066,94,0
16067,96,0
16068,96,0
16069,96,0
16070,100,0
16071,92,0
16072,96,0
16073,96,0
16074,96,0
16075,94,0
16076,96,0
16077,96,0
16078,96,0
16079,96,0
16080,96,0
16081,96,0
16082,96,0
16083,96,0
16084,96,0
16085,96,0
16086,96,0
16087,96,0
16088,100,0
16089,92,0
16090,96,0
16091,96,0
16092,96,0
16093,96,0
16094,96,0
16095,96,0
16096,96,0
16097,96,0
16098,96,0
16099,96,0
16100,96,0
16101,96,0
16102,96,0
16103,96,0
16104,96,0
16105,94,0
16106,96,0
16107,98,0
16108,96,0
16109,96,0
16110,96,0
16111,96,0
16112,96,0
16113,96,0
16114,96,0
16115,96,0
16116,96,0
16117,94,0
16118,96,0
16119,96,0
16120,100,0
16121,92,0
16122,96,0
16123,96,0
16124,96,0
16125,96,0
16126,96,0
16127,96,0
16128,94,0
16129,100,0
16130,96,0
16131,96,0
16132,96,0
16133,94,0
16134,96,0
16135,100,0
16136,92,0
16137,94,0
16138,96,0
16139,94,0
16140,98,0
16141,98,0
16142,96,0
16143,96,0
16144,96,0
16145,96,0
16146,96,0
16147,96,0
16148,96,0
16149,96,0
16150,96,0
16151,100,0
16152,96,0
16153,96,0
16154,96,0
16155,100,0
16156,96,0
16157,96,0
16158,96,0
16159,96,0
16160,96,0
16161,94,0
16162,94,0
16163,96,0
16164,96,0
16165,94,0
16166,96,0
16167,96,0
16168,96,0
16169,96,0
16170,96,0
16171,96,0
16172,96,0
16173,98,0
16174,96,0
16175,100,0
16176,94,0
16177,94,0
16178,96,0
16179,98,0
16180,96,0
16181,96,0
16182,92,0
16183,98,0
16184,96,0
16185,96,0
16186,96,0
16187,96,0
16188,96,0
16189,100,0
16190,100,0
16191,96,0
16192,96,0
16193,96,0
16194,96,0
16195,96,0
16196,96,0
16197,100,0
16198,98,0
16199,96,0
16200,96,0
16201,96,0
16202,98,0
16203,96,0
16204,96,0
16205,96,0
16206,96,0
16207,96,0
16208,94,0
16209,96,0
16210,96,0
16211,94,0
16212,96,0
16213,96,0
16214,96,0
16215,96,0
16216,96,0
16217,96,0
16218,96,0
16219,96,0
16220,94,0
16221,96,0
16222,96,0
16223,96,0
16224,94,0
16225,96,0
16226,96,0
16227,94,0
16228,94,0
16229,96,0
16230,96,0
16231,96,0
16232,94,0
16233,96,0
16234,94,0
16235,96,0
16236,96,0
16237,96,0
16238,98,0
16239,96,0
16240,98,0
16241,96,0
16242,96,0
16243,96,0
16244,96,0
16245,96,0
16246,96,0
16247,94,0
16248,94,0
16249,94,0
16250,96,0
16251,98,0
16252,94,0
16253,94,0
16254,96,0
16255,94,0
16256,96,0
16257,96,0
16258,96,0
16259,96,0
16260,96,0
16261,100,0
16262,96,0
16263,96,0
16264,96,0
16265,96,0
16266,96,0
16267,96,0
16268,96,0
16269,96,0
16270,96,0
16271,96,0
16272,94,0
16273,98,0
16274,96,0
16275,96,0
16276,96,0
16277,96,0
16278,96,0
16279,96,0
16280,94,0
16281,94,0
16282,94,0
16283,96,0
16284,96,0
16285,96,0
16286,96,0
16287,96,0
16288,96,0
16289,98,0
16290,94,0
16291,96,0
16292,96,0
16293,96,0
16294,96,0
16295,96,0
16296,96,0
16297,96,0
16298,96,0
16299,96,0
16300,96,0
16301,96,0
16302,94,0
16303,94,0
16304,96,0
16305,96,0
16306,100,0
16307,96,0
16308,98,0
16309,94,0
16310,96,0
16311,96,0
16312,96,0
16313,96,0
16314,96,0
16315,96,0
16316,96,0
16317,96,0
16318,96,0
16319,94,0
16320,100,0
16321,96,0
16322,96,0
16323,96,0
16324,96,0
16325,96,0
16326,96,0
16327,96,0
16328,100,0
16329,96,0
16330,94,0
16331,96,0
16332,94,0
16333,96,0
16334,94,0
16335,102,0
16336,96,0
16337,94,0
16338,96,0
16339,96,0
16340,96,0
16341,96,0
16342,96,0
16343,94,0
16344,96,0
16345,94,0
16346,96,0
16347,94,0
16348,96,0
16349,96,0
16350,96,0
16351,96,0
16352,96,0
16353,96,0
16354,96,0
16355,96,0
16356,96,0
16357,96,0
16358,96,0
16359,96,0
16360,96,0
16361,94,0
16362,96,0
16363,96,0
16364,96,0
16365,96,0
16366,94,0
16367,98,0
16368,94,0
16369,94,0
16370,96,0
16371,96,0
16372,96,0
16373,96,0
16374,96,0
16375,96,0
16376,96,0
16377,96,0
16378,94,0
16379,94,0
16380,96,0
16381,96,0
16382,100,0
16383,96,0
16384,96,0
16385,96,0
16386,96,0
16387,98,0
16388,96,0
16389,96,0
16390,94,0
16391,96,0
16392,94,0
16393,94,0
16394,96,0
16395,96,0
16396,96,0
16397,96,0
16398,96,0
16399,96,0
16400,94,0
16401,96,0
16402,96,0
16403,96,0
16404,96,0
16405,94,0
16406,94,0
16407,96,0
16408,100,0
16409,96,0
16410,96,0
16411,96,0
16412,96,0
16413,96,0
16414,96,0
16415,96,0
16416,96,0
16417,94,0
16418,96,0
16419,96,0
16420,96,0
16421,96,0
16422,94,0
16423,96,0
16424,96,0
16425,96,0
16426,96,0
16427,96,0
16428,94,0
16429,98,0
16430,96,0
16431,96,0
16432,96,0
16433,96,0
16434,94,0
16435,96,0
16436,96,0
16437,96,0
16438,94,0
16439,94,0
16440,102,0
16441,94,0
16442,96,0
16443,96,0
16444,96,0
16445,96,0
16446,96,0
16447,96,0
16448,94,0
16449,96,0
16450,94,0
16451,96,0
16452,96,0
16453,96,0
16454,96,0
16455,96,0
16456,96,0
16457,96,0
16458,96,0
16459,94,0
16460,96,0
16461,96,0
16462,94,0
16463,96,0
16464,96,0
16465,96,0
16466,96,0
16467,94,0
16468,96,0
16469,100,0
16470,96,0
16471,94,0
16472,100,0
16473,96,0
16474,96,0
16475,96,0
16476,96,0
16477,96,0
16478,96,0
16479,96,0
16480,96,0
16481,96,0
16482,96,0
16483,96,0
16484,96,0
16485,94,0
16486,96,0
16487,100,0
16488,96,0
16489,92,0
16490,94,0
16491,96,0
16492,100,0
16493,94,0
16494,96,0
16495,96,0
16496,96,0
16497,96,0
16498,96,0
16499,96,0
16500,96,0
16501,94,0
16502,96,0
16503,100,0
16504,94,0
16505,96,0
16506,96,0
16507,96,0
16508,96,0
16509,96,0
16510,96,0
16511,96,0
16512,96,0
16513,96,0
16514,94,0
16515,96,0
16516,100,0
16517,94,0
16518,94,0
16519,96,0
16520,98,0
16521,96,0
16522,98,0
16523,98,0
16524,94,0
16525,96,0
16526,96,0
16527,96,0
16528,96,0
16529,96,0
16530,96,0
16531,100,0
16532,96,0
16533,96,0
16534,96,0
16535,96,0
16536,98,0
16537,96,0
16538,94,0
16539,96,0
16540,96,0
16541,96,0
16542,96,0
16543,96,0
16544,94,0
16545,94,0
16546,96,0
16547,96,0
16548,94,0
16549,96,0
16550,96,0
16551,96,0
16552,96,0
16553,94,0
16554,92,0
16555,96,0
16556,100,0
16557,94,0
16558,96,0
16559,96,0
16560,96,0
16561,94,0
16562,96,0
16563,96,0
16564,94,0
16565,96,0
16566,94,0
16567,96,0
16568,96,0
16569,96,0
16570,96,0
16571,96,0
16572,94,0
16573,96,0
16574,94,0
16575,94,0
16576,96,0
16577,96,0
16578,96,0
16579,100,0
16580,96,0
16581,94,0
16582,98,0
16583,96,0
16584,98,0
16585,96,0
16586,96,0
16587,96,0
16588,96,0
16589,96,0
16590,96,0
16591,96,0
16592,96,0
16593,96,0
16594,96,0
16595,96,0
16596,100,0
16597,96,0
16598,96,0
16599,94,0
16600,92,0
16601,94,0
16602,98,0
16603,96,0
16604,98,0
16605,96,0
16606,98,0
16607,96,0
16608,96,0
16609,96,0
16610,96,0
16611,100,0
16612,96,0
16613,96,0
16614,94,0
16615,96,0
16616,96,0
16617,96,0
16618,96,0
16619,100,0
16620,94,0
16621,96,0
16622,96,0
16623,96,0
16624,96,0
16625,96,0
16626,96,0
16627,96,0
16628,96,0
16629,96,0
16630,96,0
16631,96,0
16632,96,0
16633,96,0
16634,96,0
16635,96,0
16636,96,0
16637,96,0
16638,96,0
16639,96,0
16640,96,0
16641,96,0
16642,96,0
16643,96,0
16644,96,0
16645,94,0
16646,96,0
16647,96,0
16648,96,0
16649,96,0
16650,96,0
16651,100,0
16652,94,0
16653,96,0
16654,96,0
16655,96,0
16656,98,0
16657,98,0
16658,98,0
16659,96,0
16660,94,0
16661,98,0
16662,96,0
16663,96,0
16664,100,0
16665,96,0
16666,96,0
16667,96,0
16668,100,0
16669,96,0
16670,100,0
16671,96,0
16672,96,0
16673,94,0
16674,96,0
16675,100,0
16676,96,0
16677,96,0
16678,96,0
16679,96,0
16680,96,0
16681,96,0
16682,96,0
16683,96,0
16684,96,0
16685,96,0
16686,96,0
16687,94,0
16688,94,0
16689,96,0
16690,96,0
16691,96,0
16692,96,0
16693,96,0
16694,100,0
16695,96,0
16696,96,0
16697,96,0
16698,96,0
16699,96,0
16700,96,0
16701,96,0
16702,96,0
16703,96,0
16704,96,0
16705,96,0
16706,96,0
16707,96,0
16708,96,0
16709,96,0
16710,96,0
16711,96,0
16712,96,0
16713,96,0
16714,96,0
16715,96,0
16716,96,0
16717,96,0
16718,94,0
16719,96,0
16720,96,0
16721,94,0
16722,96,0
16723,94,0
16724,96,0
16725,96,0
16726,96,0
16727,96,0
16728,96,0
16729,96,0
16730,96,0
16731,96,0
16732,96,0
16733,96,0
16734,96,0
16735,96,0
16736,96,0
16737,96,0
16738,96,0
16739,96,0
16740,94,0
16741,96,0
16742,100,0
16743,96,0
16744,96,0
16745,100,0
16746,96,0
16747,96,0
16748,96,0
16749,96,0
16750,96,0
16751,100,0
16752,96,0
16753,96,0
16754,96,0
16755,94,0
16756,96,0
16757,96,0
16758,96,0
16759,96,0
16760,96,0
16761,96,0
16762,96,0
16763,96,0
16764,96,0
16765,94,0
16766,94,0
16767,94,0
16768,94,0
16769,98,0
16770,96,0
16771,96,0
16772,96,0
16773,96,0
16774,96,0
16775,96,0
16776,96,0
16777,96,0
16778,100,0
16779,94,0
16780,96,0
16781,100,0
16782,96,0
16783,96,0
16784,96,0
16785,96,0
16786,96,0
16787,102,0
16788,94,0
16789,96,0
16790,96,0
16791,96,0
16792,96,0
16793,96,0
16794,96,0
16795,100,0
16796,96,0
16797,94,0
16798,98,0
16799,98,0
16800,96,0
16801,94,0
16802,96,0
16803,94,0
16804,96,0
16805,96,0
16806,96,0
16807,96,0
16808,96,0
16809,96,0
16810,96,0
16811,96,0
16812,96,0
16813,96,0
16814,94,0
16815,96,0
16816,92,0
16817,96,0
16818,96,0
16819,96,0
16820,96,0
16821,96,0
16822,94,0
16823,96,0
16824,96,0
16825,96,0
16826,96,0
16827,96,0
16828,96,0
16829,96,0
16830,96,0
16831,96,0
16832,96,0
16833,96,0
16834,96,0
16835,100,0
16836,96,0
16837,96,0
16838,96,0
16839,96,0
16840,96,0
16841,94,0
16842,96,0
16843,96,0
16844,94,0
16845,100,0
16846,96,0
16847,96,0
16848,96,0
16849,96,0
16850,96,0
16851,100,0
16852,100,0
16853,96,0
16854,96,0
16855,96,0
16856,100,0
16857,96,0
16858,98,0
16859,96,0
16860,96,0
16861,94,0
16862,96,0
16863,96,0
16864,96,0
16865,98,0
16866,96,0
16867,96,0
16868,96,0
16869,96,0
16870,96,0
16871,96,0
16872,96,0
16873,96,0
16874,96,0
16875,96,0
16876,96,0
16877,96,0
16878,96,0
16879,96,0
16880,96,0
16881,96,0
16882,96,0
16883,96,0
16884,96,0
16885,96,0
16886,96,0
16887,96,0
16888,94,0
16889,96,0
16890,96,0
16891,94,0
16892,96,0
16893,96,0
16894,96,0
16895,100,0
16896,100,0
16897,96,0
16898,100,0
16899,96,0
16900,96,0
16901,96,0
16902,96,0
16903,96,0
16904,96,0
16905,100,0
16906,96,0
16907,96,0
16908,96,0
16909,96,0
16910,96,0
16911,94,0
16912,96,0
16913,96,0
16914,96,0
16915,94,0
16916,96,0
16917,96,0
16918,96,0
16919,96,0
16920,96,0
16921,100,0
16922,96,0
16923,96,0
16924,96,0
16925,96,0
16926,96,0
16927,94,0
16928,96,0
16929,96,0
16930,96,0
16931,96,0
16932,96,0
16933,96,0
16934,96,0
16935,94,0
16936,96,0
16937,96,0
16938,96,0
16939,96,0
16940,96,0
16941,96,0
16942,96,0
16943,96,0
16944,96,0
16945,96,0
16946,96,0
16947,96,0
16948,96,0
16949,96,0
16950,96,0
16951,96,0
16952,96,0
16953,96,0
16954,94,0
16955,96,0
16956,96,0
16957,96,0
16958,96,0
16959,94,0
16960,94,0
16961,96,0
16962,96,0
16963,96,0
16964,98,0
16965,98,0
16966,96,0
16967,96,0
16968,96,0
16969,98,0
16970,96,0
16971,98,0
16972,94,0
16973,100,0
16974,96,0
16975,96,0
16976,94,0
16977,100,0
16978,94,0
16979,96,0
16980,96,0
16981,96,0
16982,96,0
16983,96,0
16984,96,0
16985,96,0
16986,96,0
16987,96,0
16988,96,0
16989,96,0
16990,96,0
16991,96,0
16992,96,0
16993,96,0
16994,96,0
16995,96,0
16996,96,0
16997,96,0
16998,94,0
16999,96,0
17000,96,0
17001,96,0
17002,96,0
17003,96,0
17004,96,0
17005,96,0
17006,96,0
17007,96,0
17008,96,0
17009,96,0
17010,96,0
17011,96,0
17012,94,0
17013,96,0
17014,96,0
17015,96,0
17016,96,0
17017,96,0
17018,94,0
17019,94,0
17020,96,0
17021,94,0
17022,96,0
17023,94,0
17024,96,0
17025,96,0
17026,96,0
17027,98,0
17028,96,0
17029,98,0
17030,94,0
17031,98,0
17032,96,0
17033,96,0
17034,96,0
17035,96,0
17036,96,0
17037,96,0
17038,96,0
17039,96,0
17040,100,0
17041,96,0
17042,98,0
17043,94,0
17044,96,0
17045,96,0
17046,94,0
17047,96,0
17048,94,0
17049,96,0
17050,96,0
17051,94,0
17052,96,0
17053,96,0
17054,96,0
17055,96,0
17056,96,0
17057,98,0
17058,96,0
17059,96,0
17060,96,0
17061,96,0
17062,96,0
17063,96,0
17064,100,0
17065,94,0
17066,96,0
17067,100,0
17068,96,0
17069,96,0
17070,96,0
17071,96,0
17072,94,0
17073,94,0
17074,96,0
17075,96,0
17076,96,0
17077,96,0
17078,96,0
17079,94,0
17080,96,0
17081,100,0
17082,96,0
17083,96,0
17084,96,0
17085,96,0
17086,96,0
17087,96,0
17088,96,0
17089,96,0
17090,96,0
17091,96,0
17092,96,0
17093,96,0
17094,102,0
17095,94,0
17096,96,0
17097,96,0
17098,96,0
17099,96,0
17100,96,0
17101,96,0
17102,96,0
17103,94,0
17104,96,0
17105,96,0
17106,96,0
17107,96,0
17108,96,0
17109,96,0
17110,96,0
17111,96,0
17112,96,0
17113,96,0
17114,96,0
17115,96,0
17116,96,0
17117,94,0
17118,96,0
17119,96,0
17120,96,0
17121,96,0
17122,96,0
17123,96,0
17124,96,0
17125,100,0
17126,96,0
17127,98,0
17128,94,0
17129,94,0
17130,96,0
17131,96,0
17132,96,0
17133,96,0
17134,96,0
17135,96,0
17136,96,0
17137,96,0
17138,100,0
17139,96,0
17140,96,0
17141,96,0
17142,96,0
17143,94,0
17144,98,0
17145,96,0
17146,98,0
17147,94,0
17148,96,0
17149,96,0
17150,100,0
17151,96,0
17152,96,0
17153,94,0
17154,96,0
17155,98,0
17156,96,0
17157,96,0
17158,98,0
17159,98,0
17160,98,0
17161,96,0
17162,94,0
17163,96,0
17164,96,0
17165,100,0
17166,96,0
17167,94,0
17168,96,0
17169,96,0
17170,100,0
17171,94,0
17172,96,0
17173,96,0
17174,96,0
17175,96,0
17176,96,0
17177,96,0
17178,96,0
17179,96,0
17180,96,0
17181,96,0
17182,96,0
17183,96,0
17184,96,0
17185,96,0
17186,96,0
17187,96,0
17188,94,0
17189,94,0
17190,96,0
17191,96,0
17192,96,0
17193,96,0
17194,96,0
17195,96,0
17196,96,0
17197,96,0
17198,96,0
17199,100,0
17200,100,0
17201,96,0
17202,96,0
17203,92,0
17204,96,0
17205,96,0
17206,96,0
17207,96,0
17208,96,0
17209,96,0
17210,96,0
17211,96,0
17212,94,0
17213,96,0
17214,100,0
17215,96,0
17216,98,0
17217,96,0
17218,96,0
17219,96,0
17220,96,0
17221,96,0
17222,96,0
17223,96,0
17224,96,0
17225,96,0
17226,96,0
17227,96,0
17228,96,0
17229,96,0
17230,96,0
17231,96,0
17232,96,0
17233,96,0
17234,96,0
17235,94,0
17236,96,0
17237,96,0
17238,96,0
17239,96,0
17240,96,0
17241,96,0
17242,96,0
17243,96,0
17244,96,0
17245,94,0
17246,96,0
17247,96,0
17248,96,0
17249,96,0
17250,96,0
17251,96,0
17252,100,0
17253,96,0
17254,98,0
17255,96,0
17256,94,0
17257,96,0
17258,96,0
17259,96,0
17260,96,0
17261,96,0
17262,96,0
17263,96,0
17264,96,0
17265,100,0
17266,98,0
17267,96,0
17268,96,0
17269,96,0
17270,98,0
17271,96,0
17272,96,0
17273,96,0
17274,100,0
17275,96,0
17276,96,0
17277,98,0
17278,100,0
17279,94,0
17280,96,0
17281,96,0
17282,96,0
17283,96,0
17284,96,0
17285,96,0
17286,94,0
17287,96,0
17288,96,0
17289,96,0
17290,96,0
17291,96,0
17292,96,0
17293,96,0
17294,94,0
17295,96,0
17296,96,0
17297,94,0
17298,96,0
17299,96,0
17300,96,0
17301,94,0
17302,98,0
17303,94,0
17304,94,0
17305,96,0
17306,98,0
17307,100,0
17308,96,0
17309,96,0
17310,96,0
17311,96,0
17312,100,0
17313,94,0
17314,96,0
17315,96,0
17316,96,0
17317,96,0
17318,94,0
17319,96,0
17320,96,0
17321,96,0
17322,96,0
17323,98,0
17324,96,0
17325,96,0
17326,92,0
17327,96,0
17328,96,0
17329,96,0
17330,98,0
17331,96,0
17332,96,0
17333,96,0
17334,96,0
17335,96,0
17336,96,0
17337,96,0
17338,96,0
17339,100,0
17340,96,0
17341,96,0
17342,96,0
17343,96,0
17344,96,0
17345,96,0
17346,96,0
17347,96,0
17348,96,0
17349,94,0
17350,96,0
17351,100,0
17352,94,0
17353,96,0
17354,96,0
17355,96,0
17356,96,0
17357,98,0
17358,96,0
17359,96,0
17360,96,0
17361,96,0
17362,96,0
17363,96,0
17364,96,0
17365,96,0
17366,96,0
17367,96,0
17368,96,0
17369,96,0
17370,96,0
17371,96,0
17372,96,0
17373,96,0
17374,96,0
17375,96,0
17376,96,0
17377,100,0
17378,96,0
17379,92,0
17380,96,0
17381,96,0
17382,96,0
17383,96,0
17384,96,0
17385,96,0
17386,96,0
17387,96,0
17388,96,0
17389,96,0
17390,96,0
17391,96,0
17392,94,0
17393,94,0
17394,96,0
17395,96,0
17396,96,0
17397,96,0
17398,94,0
17399,96,0
17400,96,0
17401,96,0
17402,94,0
17403,96,0
17404,96,0
17405,96,0
17406,96,0
17407,96,0
17408,96,0
17409,96,0
17410,98,0
17411,98,0
17412,94,0
17413,96,0
17414,94,0
17415,96,0
17416,96,0
17417,96,0
17418,100,0
17419,96,0
17420,96,0
17421,96,0
17422,100,0
17423,96,0
17424,100,0
17425,96,0
17426,96,0
17427,96,0
17428,94,0
17429,96,0
17430,96,0
17431,96,0
17432,96,0
17433,94,0
17434,96,0
17435,96,0
17436,96,0
17437,96,0
17438,96,0
17439,96,0
17440,96,0
17441,96,0
17442,96,0
17443,96,0
17444,96,0
17445,96,0
17446,96,0
17447,96,0
17448,96,0
17449,96,0
17450,96,0
17451,96,0
17452,96,0
17453,96,0
17454,96,0
17455,96,0
17456,96,0
17457,96,0
17458,96,0
17459,98,0
17460,96,0
17461,98,0
17462,96,0
17463,98,0
17464,98,0
17465,96,0
17466,94,0
17467,98,0
17468,94,0
17469,96,0
17470,96,0
17471,100,0
17472,96,0
17473,102,0
17474,96,0
17475,98,0
17476,96,0
17477,96,0
17478,96,0
17479,96,0
17480,96,0
17481,96,0
17482,96,0
17483,94,0
17484,94,0
17485,100,0
17486,96,0
17487,96,0
17488,96,0
17489,96,0
17490,96,0
17491,96,0
17492,96,0
17493,98,0
17494,96,0
17495,94,0
17496,96,0
17497,96,0
17498,96,0
17499,94,0
17500,96,0
17501,96,0
17502,96,0
17503,98,0
17504,96,0
17505,96,0
17506,96,0
17507,92,0
17508,96,0
17509,98,0
17510,96,0
17511,96,0
17512,98,0
17513,94,0
17514,96,0
17515,96,0
17516,96,0
17517,96,0
17518,96,0
17519,96,0
17520,98,0
17521,94,0
17522,96,0
17523,96,0
17524,96,0
17525,96,0
17526,96,0
17527,96,0
17528,96,0
17529,96,0
17530,96,0
17531,96,0
17532,96,0
17533,96,0
17534,100,0
17535,96,0
17536,98,0
17537,96,0
17538,98,0
17539,94,0
17540,94,0
17541,98,0
17542,94,0
17543,96,0
17544,94,0
17545,96,0
17546,96,0
17547,94,0
17548,96,0
17549,96,0
17550,96,0
17551,96,0
17552,96,0
17553,96,0
17554,96,0
17555,96,0
17556,96,0
17557,96,0
17558,96,0
17559,100,0
17560,96,0
17561,96,0
17562,94,0
17563,96,0
17564,96,0
17565,96,0
17566,96,0
17567,96,0
17568,96,0
17569,94,0
17570,96,0
17571,96,0
17572,96,0
17573,96,0
17574,96,0
17575,96,0
17576,96,0
17577,96,0
17578,96,0
17579,100,0
17580,96,0
17581,96,0
17582,96,0
17583,96,0
17584,100,0
17585,96,0
17586,96,0
17587,100,0
17588,96,0
17589,96,0
17590,96,0
17591,100,0
17592,94,0
17593,96,0
17594,96,0
17595,96,0
17596,100,0
17597,94,0
17598,96,0
17599,96,0
17600,96,0
17601,98,0
17602,94,0
17603,94,0
17604,96,0
17605,96,0
17606,94,0
17607,96,0
17608,96,0
17609,100,0
17610,96,0
17611,96,0
17612,96,0
17613,100,0
17614,96,0
17615,96,0
17616,98,0
17617,98,0
17618,98,0
17619,96,0
17620,96,0
17621,94,0
17622,96,0
17623,98,0
17624,96,0
17625,96,0
17626,96,0
17627,96,0
17628,96,0
17629,96,0
17630,96,0
17631,96,0
17632,96,0
17633,96,0
17634,96,0
17635,96,0
17636,96,0
17637,100,0
17638,96,0
17639,96,0
17640,96,0
17641,100,0
17642,96,0
17643,96,0
17644,96,0
17645,96,0
17646,96,0
17647,94,0
17648,96,0
17649,96,0
17650,100,0
17651,96,0
17652,100,0
17653,96,0
17654,96,0
17655,96,0
17656,96,0
17657,98,0
17658,96,0
17659,98,0
17660,96,0
17661,96,0
17662,96,0
17663,100,0
17664,96,0
17665,100,0
17666,98,0
17667,96,0
17668,96,0
17669,98,0
17670,96,0
17671,96,0
17672,96,0
17673,96,0
17674,96,0
17675,96,0
17676,96,0
17677,96,0
17678,96,0
17679,96,0
17680,96,0
17681,96,0
17682,96,0
17683,96,0
17684,96,0
17685,96,0
17686,96,0
17687,96,0
17688,96,0
17689,96,0
17690,96,0
17691,96,0
17692,96,0
17693,96,0
17694,96,0
17695,96,0
17696,96,0
17697,96,0
17698,94,0
17699,96,0
17700,100,0
17701,96,0
17702,96,0
17703,98,0
17704,92,0
17705,94,0
17706,96,0
17707,98,0
17708,98,0
17709,98,0
17710,96,0
17711,96,0
17712,98,0
17713,96,0
17714,96,0
17715,96,0
17716,96,0
17717,96,0
17718,96,0
17719,100,0
17720,96,0
17721,98,0
17722,98,0
17723,98,0
17724,96,0
17725,94,0
17726,96,0
17727,96,0
17728,96,0
17729,96,0
17730,96,0
17731,96,0
17732,96,0
17733,96,0
17734,96,0
17735,94,0
17736,96,0
17737,96,0
17738,96,0
17739,96,0
17740,96,0
17741,96,0
17742,96,0
17743,96,0
17744,96,0
17745,96,0
17746,96,0
17747,96,0
17748,94,0
17749,96,0
17750,96,0
17751,96,0
17752,96,0
17753,96,0
17754,96,0
17755,96,0
17756,96,0
17757,96,0
17758,96,0
17759,96,0
17760,94,0
17761,96,0
17762,96,0
17763,92,0
17764,96,0
17765,96,0
17766,96,0
17767,94,0
17768,96,0
17769,96,0
17770,96,0
17771,96,0
17772,96,0
17773,96,0
17774,98,0
17775,94,0
17776,98,0
17777,94,0
17778,96,0
17779,96,0
17780,96,0
17781,96,0
17782,96,0
17783,96,0
17784,96,0
17785,96,0
17786,96,0
17787,96,0
17788,96,0
17789,96,0
17790,96,0
17791,96,0
17792,100,0
17793,94,0
17794,96,0
17795,96,0
17796,96,0
17797,96,0
17798,98,0
17799,96,0
17800,96,0
17801,96,0
17802,96,0
17803,96,0
17804,96,0
17805,96,0
17806,96,0
17807,96,0
17808,96,0
17809,96,0
17810,94,0
17811,96,0
17812,96,0
17813,96,0
17814,96,0
17815,96,0
17816,96,0
17817,96,0
17818,96,0
17819,96,0
17820,94,0
17821,94,0
17822,94,0
17823,96,0
17824,96,0
17825,96,0
17826,96,0
17827,96,0
17828,96,0
17829,96,0
17830,96,0
17831,96,0
17832,96,0
17833,94,0
17834,96,0
17835,96,0
17836,100,0
17837,96,0
17838,96,0
17839,96,0
17840,96,0
17841,96,0
17842,96,0
17843,96,0
17844,96,0
17845,96,0
17846,96,0
17847,96,0
17848,96,0
17849,102,0
17850,96,0
17851,96,0
17852,96,0
17853,96,0
17854,96,0
17855,94,0
17856,96,0
17857,96,0
17858,96,0
17859,96,0
17860,96,0
17861,96,0
17862,96,0
17863,96,0
17864,94,0
17865,96,0
17866,94,0
17867,96,0
17868,96,0
17869,96,0
17870,96,0
17871,96,0
17872,96,0
17873,98,0
17874,96,0
17875,94,0
17876,96,0
17877,96,0
17878,96,0
17879,96,0
17880,96,0
17881,96,0
17882,96,0
17883,94,0
17884,96,0
17885,96,0
17886,96,0
17887,96,0
17888,96,0
17889,96,0
17890,96,0
17891,96,0
17892,96,0
17893,96,0
17894,96,0
17895,96,0
17896,96,0
17897,96,0
17898,96,0
17899,100,0
17900,98,0
17901,98,0
17902,94,0
17903,94,0
17904,100,0
17905,96,0
17906,96,0
17907,96,0
17908,94,0
17909,94,0
17910,94,0
17911,96,0
17912,96,0
17913,96,0
17914,96,0
17915,96,0
17916,96,0
17917,94,0
17918,96,0
17919,96,0
17920,96,0
17921,96,0
17922,96,0
17923,96,0
17924,96,0
17925,96,0
17926,96,0
17927,96,0
17928,96,0
17929,96,0
17930,96,0
17931,96,0
17932,96,0
17933,96,0
17934,96,0
17935,96,0
17936,96,0
17937,96,0
17938,98,0
17939,96,0
17940,96,0
17941,96,0
17942,96,0
17943,96,0
17944,96,0
17945,96,0
17946,98,0
17947,98,0
17948,96,0
17949,96,0
17950,96,0
17951,96,0
17952,96,0
17953,96,0
17954,96,0
17955,96,0
17956,100,0
17957,94,0
17958,96,0
17959,100,0
17960,96,0
17961,96,0
17962,96,0
17963,96,0
17964,96,0
17965,96,0
17966,96,0
17967,96,0
17968,96,0
17969,96,0
17970,96,0
17971,94,0
17972,96,0
17973,96,0
17974,96,0
17975,100,0
17976,94,0
17977,96,0
17978,96,0
17979,98,0
17980,96,0
17981,96,0
17982,96,0
17983,96,0
17984,96,0
17985,96,0
17986,100,0
17987,100,0
17988,94,0
17989,98,0
17990,96,0
17991,96,0
17992,96,0
17993,96,0
17994,96,0
17995,92,0
17996,96,0
17997,96,0
17998,96,0
17999,96,0
18000,96,0
18001,96,0
18002,96,0
18003,96,0
18004,96,0
18005,96,0
18006,94,0
18007,96,0
18008,100,0
18009,100,0
18010,96,0
18011,100,0
18012,96,0
18013,100,0
18014,94,0
18015,96,0
18016,96,0
18017,100,0
18018,98,0
18019,96,0
18020,100,0
18021,96,0
18022,96,0
18023,96,0
18024,96,0
18025,100,0
18026,96,0
18027,96,0
18028,96,0
18029,96,0
18030,100,0
18031,96,0
18032,94,0
18033,96,0
18034,96,0
18035,96,0
18036,96,0
18037,96,0
18038,96,0
18039,96,0
18040,94,0
18041,96,0
18042,94,0
18043,96,0
18044,94,0
18045,94,0
18046,96,0
18047,94,0
18048,96,0
18049,96,0
18050,96,0
18051,96,0
18052,96,0
18053,94,0
18054,100,0
18055,94,0
18056,96,0
18057,96,0
18058,96,0
18059,94,0
18060,94,0
18061,94,0
18062,94,0
18063,100,0
18064,94,0
18065,100,0
18066,98,0
18067,96,0
18068,96,0
18069,94,0
18070,96,0
18071,96,0
18072,94,0
18073,96,0
18074,96,0
18075,94,0
18076,100,0
18077,96,0
18078,98,0
18079,96,0
18080,96,0
18081,96,0
18082,96,0
18083,96,0
18084,96,0
18085,98,0
18086,96,0
18087,96,0
18088,94,0
18089,96,0
18090,96,0
18091,96,0
18092,96,0
18093,96,0
18094,94,0
18095,96,0
18096,96,0
18097,96,0
18098,94,0
18099,96,0
18100,98,0
18101,94,0
18102,96,0
18103,96,0
18104,98,0
18105,94,0
18106,92,0
18107,94,0
18108,98,0
18109,96,0
18110,94,0
18111,96,0
18112,96,0
18113,96,0
18114,94,0
18115,96,0
18116,96,0
18117,96,0
18118,94,0
18119,96,0
18120,96,0
18121,94,0
18122,96,0
18123,100,0
18124,96,0
18125,94,0
18126,96,0
18127,96,0
18128,96,0
18129,92,0
18130,96,0
18131,96,0
18132,96,0
18133,96,0
18134,94,0
18135,96,0
18136,96,0
18137,96,0
18138,98,0
18139,96,0
18140,96,0
18141,96,0
18142,100,0
18143,96,0
18144,96,0
18145,96,0
18146,96,0
18147,96,0
18148,96,0
18149,100,0
18150,96,0
18151,96,0
18152,94,0
18153,96,0
18154,94,0
18155,96,0
18156,94,0
18157,96,0
18158,96,0
18159,96,0
18160,94,0
18161,96,0
18162,94,0
18163,96,0
18164,96,0
18165,94,0
18166,94,0
18167,96,0
18168,96,0
18169,94,0
18170,96,0
18171,94,0
18172,100,0
18173,92,0
18174,94,0
18175,94,0
18176,98,0
18177,96,0
18178,98,0
18179,94,0
18180,96,0
18181,94,0
18182,94,0
18183,94,0
18184,98,0
18185,94,0
18186,94,0
18187,96,0
18188,98,0
18189,96,0
18190,94,0
18191,92,0
18192,94,0
18193,94,0
18194,96,0
18195,96,0
18196,98,0
18197,96,0
18198,96,0
18199,96,0
18200,98,0
18201,94,0
18202,94,0
18203,94,0
18204,94,0
18205,98,0
18206,94,0
18207,96,0
18208,96,0
18209,100,0
18210,94,0
18211,94,0
18212,94,0
18213,96,0
18214,96,0
18215,96,0
18216,94,0
18217,94,0
18218,96,0
18219,96,0
18220,94,0
18221,94,0
18222,94,0
18223,96,0
18224,96,0
18225,96,0
18226,96,0
18227,94,0
18228,94,0
18229,96,0
18230,96,0
18231,96,0
18232,98,0
18233,98,0
18234,96,0
18235,98,0
18236,94,0
18237,98,0
18238,96,0
18239,94,0
18240,94,0
18241,96,0
18242,96,0
18243,96,0
18244,100,0
18245,96,0
18246,96,0
18247,96,0
18248,96,0
18249,96,0
18250,96,0
18251,98,0
18252,94,0
18253,98,0
18254,94,0
18255,96,0
18256,94,0
18257,98,0
18258,98,0
18259,96,0
18260,96,0
18261,96,0
18262,96,0
18263,96,0
18264,96,0
18265,100,0
18266,92,0
18267,96,0
18268,96,0
18269,94,0
18270,96,0
18271,96,0
18272,96,0
18273,94,0
18274,94,0
18275,94,0
18276,96,0
18277,94,0
18278,96,0
18279,100,0
18280,96,0
18281,96,0
18282,96,0
18283,94,0
18284,94,0
18285,96,0
18286,96,0
18287,94,0
18288,100,0
18289,96,0
18290,96,0
18291,96,0
18292,96,0
18293,100,0
18294,96,0
18295,96,0
18296,96,0
18297,96,0
18298,96,0
18299,96,0
18300,94,0
18301,94,0
18302,96,0
18303,94,0
18304,96,0
18305,98,0
18306,96,0
18307,100,0
18308,96,0
18309,94,0
18310,96,0
18311,96,0
18312,98,0
18313,94,0
18314,96,0
18315,96,0
18316,96,0
18317,96,0
18318,96,0
18319,96,0
18320,96,0
18321,98,0
18322,94,0
18323,96,0
18324,94,0
18325,96,0
18326,96,0
18327,94,0
18328,100,0
18329,96,0
18330,96,0
18331,96,0
18332,98,0
18333,96,0
18334,96,0
18335,96,0
18336,96,0
18337,94,0
18338,94,0
18339,94,0
18340,96,0
18341,96,0
18342,96,0
18343,94,0
18344,96,0
18345,94,0
18346,94,0
18347,96,0
18348,96,0
18349,94,0
18350,96,0
18351,94,0
18352,100,0
18353,94,0
18354,96,0
18355,94,0
18356,96,0
18357,94,0
18358,94,0
18359,96,0
18360,100,0
18361,96,0
18362,96,0
18363,94,0
18364,96,0
18365,96,0
18366,96,0
18367,96,0
18368,96,0
18369,94,0
18370,100,0
18371,90,0
18372,98,0
18373,96,0
18374,98,0
18375,96,0
18376,96,0
18377,96,0
18378,96,0
18379,94,0
18380,96,0
18381,96,0
18382,96,0
18383,96,0
18384,96,0
18385,96,0
18386,100,0
18387,100,0
18388,94,0
18389,96,0
18390,96,0
18391,96,0
18392,96,0
18393,94,0
18394,96,0
18395,94,0
18396,96,0
18397,96,0
18398,96,0
18399,96,0
18400,96,0
18401,96,0
18402,94,0
18403,96,0
18404,94,0
18405,96,0
18406,96,0
18407,96,0
18408,96,0
18409,96,0
18410,96,0
18411,94,0
18412,96,0
18413,94,0
18414,96,0
18415,96,0
18416,96,0
18417,92,0
18418,96,0
18419,96,0
18420,94,0
18421,94,0
18422,96,0
18423,94,0
18424,94,0
18425,94,0
18426,98,0
18427,94,0
18428,98,0
18429,94,0
18430,96,0
18431,96,0
18432,94,0
18433,96,0
18434,96,0
18435,96,0
18436,94,0
18437,100,0
18438,96,0
18439,96,0
18440,98,0
18441,94,0
18442,98,0
18443,94,0
18444,94,0
18445,98,0
18446,94,0
18447,96,0
18448,96,0
18449,96,0
18450,92,0
18451,96,0
18452,94,0
18453,96,0
18454,96,0
18455,96,0
18456,96,0
18457,96,0
18458,96,0
18459,94,0
18460,96,0
18461,94,0
18462,96,0
18463,96,0
18464,96,0
18465,96,0
18466,96,0
18467,96,0
18468,96,0
18469,96,0
18470,100,0
18471,94,0
18472,96,0
18473,94,0
18474,96,0
18475,96,0
18476,96,0
18477,96,0
18478,96,0
18479,94,0
18480,96,0
18481,94,0
18482,96,0
18483,96,0
18484,94,0
18485,96,0
18486,96,0
18487,96,0
18488,96,0
18489,96,0
18490,98,0
18491,96,0
18492,96,0
18493,96,0
18494,96,0
18495,94,0
18496,96,0
18497,96,0
18498,96,0
18499,96,0
18500,96,0
18501,96,0
18502,94,0
18503,94,0
18504,96,0
18505,94,0
18506,96,0
18507,96,0
18508,96,0
18509,100,0
18510,96,0
18511,90,0
18512,94,0
18513,96,0
18514,96,0
18515,96,0
18516,96,0
18517,96,0
18518,94,0
18519,96,0
18520,96,0
18521,96,0
18522,94,0
18523,96,0
18524,96,0
18525,96,0
18526,96,0
18527,96,0
18528,96,0
18529,96,0
18530,96,0
18531,96,0
18532,94,0
18533,98,0
18534,96,0
18535,96,0
18536,96,0
18537,96,0
18538,96,0
18539,96,0
18540,96,0
18541,96,0
18542,96,0
18543,96,0
18544,98,0
18545,96,0
18546,96,0
18547,96,0
18548,94,0
18549,100,0
18550,94,0
18551,96,0
18552,96,0
18553,96,0
18554,96,0
18555,96,0
18556,100,0
18557,96,0
18558,96,0
18559,94,0
18560,94,0
18561,96,0
18562,94,0
18563,96,0
18564,94,0
18565,98,0
18566,96,0
18567,96,0
18568,94,0
18569,96,0
18570,92,0
18571,96,0
18572,94,0
18573,96,0
18574,96,0
18575,96,0
18576,100,0
18577,96,0
18578,94,0
18579,96,0
18580,96,0
18581,100,0
18582,96,0
18583,94,0
18584,92,0
18585,96,0
18586,96,0
18587,94,0
18588,94,0
18589,96,0
18590,96,0
18591,98,0
18592,96,0
18593,94,0
18594,96,0
18595,96,0
18596,94,0
18597,96,0
18598,94,0
18599,96,0
18600,96,0
18601,100,0
18602,96,0
18603,96,0
18604,94,0
18605,98,0
18606,96,0
18607,94,0
18608,92,0
18609,98,0
18610,96,0
18611,98,0
18612,94,0
18613,96,0
18614,94,0
18615,96,0
18616,94,0
18617,96,0
18618,96,0
18619,96,0
18620,96,0
18621,96,0
18622,94,0
18623,96,0
18624,94,0
18625,96,0
18626,94,0
18627,96,0
18628,96,0
18629,96,0
18630,96,0
18631,94,0
18632,94,0
18633,100,0
18634,96,0
18635,94,0
18636,96,0
18637,96,0
18638,96,0
18639,94,0
18640,96,0
18641,96,0
18642,96,0
18643,92,0
18644,96,0
18645,94,0
18646,96,0
18647,96,0
18648,96,0
18649,96,0
18650,96,0
18651,96,0
18652,94,0
18653,96,0
18654,96,0
18655,96,0
18656,96,0
18657,96,0
18658,94,0
18659,94,0
18660,92,0
18661,94,0
18662,94,0
18663,96,0
18664,96,0
18665,96,0
18666,94,0
18667,96,0
18668,96,0
18669,96,0
18670,94,0
18671,96,0
18672,98,0
18673,96,0
18674,96,0
18675,100,0
18676,96,0
18677,96,0
18678,96,0
18679,96,0
18680,94,0
18681,96,0
18682,96,0
18683,96,0
18684,100,0
18685,96,0
18686,92,0
18687,100,0
18688,96,0
18689,96,0
18690,94,0
18691,96,0
18692,94,0
18693,96,0
18694,96,0
18695,96,0
18696,96,0
18697,96,0
18698,96,0
18699,96,0
18700,96,0
18701,96,0
18702,96,0
18703,96,0
18704,96,0
18705,92,0
18706,96,0
18707,96,0
18708,96,0
18709,96,0
18710,96,0
18711,94,0
18712,96,0
18713,96,0
18714,96,0
18715,96,0
18716,94,0
18717,94,0
18718,96,0
18719,96,0
18720,98,0
18721,94,0
18722,94,0
18723,96,0
18724,94,0
18725,94,0
18726,96,0
18727,98,0
18728,96,0
18729,98,0
18730,94,0
18731,94,0
18732,94,0
18733,94,0
18734,96,0
18735,92,0
18736,96,0
18737,96,0
18738,98,0
18739,96,0
18740,96,0
18741,96,0
18742,94,0
18743,96,0
18744,96,0
18745,96,0
18746,96,0
18747,94,0
18748,96,0
18749,94,0
18750,96,0
18751,96,0
18752,96,0
18753,96,0
18754,96,0
18755,96,0
18756,96,0
18757,92,0
18758,96,0
18759,96,0
18760,94,0
18761,96,0
18762,96,0
18763,94,0
18764,96,0
18765,96,0
18766,96,0
18767,94,0
18768,100,0
18769,96,0
18770,96,0
18771,94,0
18772,94,0
18773,94,0
18774,96,0
18775,96,0
18776,100,0
18777,98,0
18778,96,0
18779,96,0
18780,96,0
18781,96,0
18782,96,0
18783,96,0
18784,94,0
18785,94,0
18786,94,0
18787,96,0
18788,96,0
18789,94,0
18790,96,0
18791,96,0
18792,96,0
18793,96,0
18794,96,0
18795,96,0
18796,92,0
18797,96,0
18798,96,0
18799,96,0
18800,94,0
18801,96,0
18802,96,0
18803,94,0
18804,100,0
18805,94,0
18806,94,0
18807,96,0
18808,94,0
18809,100,0
18810,96,0
18811,94,0
18812,96,0
18813,94,0
18814,92,0
18815,96,0
18816,96,0
18817,94,0
18818,96,0
18819,96,0
18820,96,0
18821,96,0
18822,94,0
18823,96,0
18824,96,0
18825,96,0
18826,96,0
18827,96,0
18828,96,0
18829,96,0
18830,96,0
18831,96,0
18832,94,0
18833,96,0
18834,98,0
18835,96,0
18836,98,0
18837,94,0
18838,96,0
18839,96,0
18840,96,0
18841,100,0
18842,96,0
18843,96,0
18844,96,0
18845,94,0
18846,96,0
18847,94,0
18848,94,0
18849,96,0
18850,96,0
18851,94,0
18852,98,0
18853,96,0
18854,94,0
18855,96,0
18856,96,0
18857,96,0
18858,96,0
18859,94,0
18860,96,0
18861,96,0
18862,96,0
18863,96,0
18864,96,0
18865,96,0
18866,96,0
18867,96,0
18868,96,0
18869,100,0
18870,96,0
18871,96,0
18872,96,0
18873,94,0
18874,96,0
18875,96,0
18876,98,0
18877,98,0
18878,96,0
18879,96,0
18880,94,0
18881,94,0
18882,96,0
18883,96,0
18884,96,0
18885,96,0
18886,96,0
18887,96,0
18888,96,0
18889,96,0
18890,96,0
18891,96,0
18892,94,0
18893,96,0
18894,96,0
18895,98,0
18896,96,0
18897,96,0
18898,100,0
18899,96,0
18900,96,0
18901,96,0
18902,94,0
18903,94,0
18904,96,0
18905,96,0
18906,96,0
18907,100,0
18908,96,0
18909,96,0
18910,96,0
18911,96,0
18912,96,0
18913,94,0
18914,96,0
18915,100,0
18916,96,0
18917,96,0
18918,96,0
18919,96,0
18920,96,0
18921,100,0
18922,96,0
18923,96,0
18924,94,0
18925,96,0
18926,96,0
18927,96,0
18928,96,0
18929,94,0
18930,96,0
18931,96,0
18932,92,0
18933,94,0
18934,96,0
18935,96,0
18936,96,0
18937,96,0
18938,94,0
18939,94,0
18940,96,0
18941,94,0
18942,94,0
18943,96,0
18944,94,0
18945,94,0
18946,96,0
18947,96,0
18948,94,0
18949,96,0
18950,96,0
18951,96,0
18952,96,0
18953,96,0
18954,96,0
18955,96,0
18956,96,0
18957,96,0
18958,96,0
18959,100,0
18960,94,0
18961,96,0
18962,100,0
18963,96,0
18964,96,0
18965,98,0
18966,96,0
18967,98,0
18968,94,0
18969,96,0
18970,96,0
18971,94,0
18972,100,0
18973,94,0
18974,98,0
18975,96,0
18976,96,0
18977,94,0
18978,100,0
18979,94,0
18980,96,0
18981,100,0
18982,94,0
18983,94,0
18984,94,0
18985,96,0
18986,96,0
18987,100,0
18988,94,0
18989,96,0
18990,96,0
18991,96,0
18992,96,0
18993,94,0
18994,94,0
18995,96,0
18996,94,0
18997,94,0
18998,94,0
18999,100,0
19000,94,0
19001,94,0
19002,94,0
19003,96,0
19004,96,0
19005,100,0
19006,94,0
19007,96,0
19008,96,0
19009,96,0
19010,94,0
19011,96,0
19012,96,0
19013,96,0
19014,98,0
19015,94,0
19016,96,0
19017,94,0
19018,96,0
19019,94,0
19020,98,0
19021,96,0
19022,96,0
19023,96,0
19024,96,0
19025,98,0
19026,94,0
19027,94,0
19028,96,0
19029,96,0
19030,94,0
19031,96,0
19032,96,0
19033,100,0
19034,96,0
19035,100,0
19036,100,0
19037,96,0
19038,96,0
19039,96,0
19040,100,0
19041,94,0
19042,94,0
19043,96,0
19044,96,0
19045,96,0
19046,96,0
19047,94,0
19048,96,0
19049,96,0
19050,96,0
19051,94,0
19052,100,0
19053,96,0
19054,94,0
19055,96,0
19056,100,0
19057,96,0
19058,96,0
19059,96,0
19060,96,0
19061,96,0
19062,96,0
19063,94,0
19064,100,0
19065,96,0
19066,94,0
19067,96,0
19068,96,0
19069,98,0
19070,96,0
19071,96,0
19072,94,0
19073,96,0
19074,96,0
19075,94,0
19076,96,0
19077,96,0
19078,100,0
19079,96,0
19080,100,0
19081,94,0
19082,96,0
19083,100,0
19084,96,0
19085,96,0
19086,94,0
19087,96,0
19088,94,0
19089,92,0
19090,96,0
19091,94,0
19092,100,0
19093,94,0
19094,96,0
19095,100,0
19096,100,0
19097,96,0
19098,96,0
19099,98,0
19100,96,0
19101,94,0
19102,98,0
19103,94,0
19104,100,0
19105,96,0
19106,96,0
19107,100,0
19108,96,0
19109,92,0
19110,96,0
19111,96,0
19112,96,0
19113,96,0
19114,96,0
19115,94,0
19116,96,0
19117,94,0
19118,96,0
19119,96,0
19120,96,0
19121,96,0
19122,96,0
19123,96,0
19124,96,0
19125,94,0
19126,94,0
19127,94,0
19128,96,0
19129,96,0
19130,96,0
19131,96,0
19132,96,0
19133,94,0
19134,94,0
19135,96,0
19136,98,0
19137,96,0
19138,94,0
19139,96,0
19140,100,0
19141,96,0
19142,96,0
19143,98,0
19144,96,0
19145,96,0
19146,96,0
19147,94,0
19148,96,0
19149,96,0
19150,98,0
19151,98,0
19152,96,0
19153,98,0
19154,96,0
19155,94,0
19156,94,0
19157,96,0
19158,94,0
19159,96,0
19160,94,0
19161,98,0
19162,94,0
19163,96,0
19164,98,0
19165,98,0
19166,96,0
19167,96,0
19168,100,0
19169,96,0
19170,100,0
19171,96,0
19172,96,0
19173,94,0
19174,96,0
19175,96,0
19176,96,0
19177,96,0
19178,96,0
19179,94,0
19180,96,0
19181,96,0
19182,96,0
19183,100,0
19184,92,0
19185,94,0
19186,96,0
19187,96,0
19188,94,0
19189,100,0
19190,100,0
19191,96,0
19192,94,0
19193,96,0
19194,96,0
19195,96,0
19196,94,0
19197,96,0
19198,100,0
19199,96,0
19200,96,0
19201,96,0
19202,94,0
19203,96,0
19204,96,0
19205,96,0
19206,94,0
19207,100,0
19208,94,0
19209,94,0
19210,96,0
19211,96,0
19212,96,0
19213,96,0
19214,96,0
19215,94,0
19216,96,0
19217,96,0
19218,96,0
19219,96,0
19220,94,0
19221,96,0
19222,94,0
19223,94,0
19224,94,0
19225,96,0
19226,96,0
19227,94,0
19228,96,0
19229,96,0
19230,94,0
19231,96,0
19232,96,0
19233,94,0
19234,96,0
19235,94,0
19236,96,0
19237,96,0
19238,98,0
19239,96,0
19240,96,0
19241,96,0
19242,94,0
19243,96,0
19244,96,0
19245,96,0
19246,100,0
19247,94,0
19248,94,0
19249,96,0
19250,96,0
19251,100,0
19252,96,0
19253,96,0
19254,96,0
19255,96,0
19256,94,0
19257,96,0
19258,96,0
19259,96,0
19260,96,0
19261,100,0
19262,96,0
19263,96,0
19264,96,0
19265,96,0
19266,96,0
19267,96,0
19268,96,0
19269,98,0
19270,96,0
19271,100,0
19272,96,0
19273,94,0
19274,94,0
19275,94,0
19276,94,0
19277,96,0
19278,94,0
19279,100,0
19280,94,0
19281,96,0
19282,96,0
19283,94,0
19284,96,0
19285,94,0
19286,92,0
19287,96,0
19288,96,0
19289,94,0
19290,96,0
19291,96,0
19292,96,0
19293,96,0
19294,94,0
19295,96,0
19296,96,0
19297,96,0
19298,94,0
19299,94,0
19300,96,0
19301,94,0
19302,96,0
19303,96,0
19304,94,0
19305,96,0
19306,94,0
19307,94,0
19308,96,0
19309,100,0
19310,96,0
19311,100,0
19312,96,0
19313,96,0
19314,96,0
19315,94,0
19316,94,0
19317,96,0
19318,94,0
19319,96,0
19320,94,0
19321,92,0
19322,96,0
19323,96,0
19324,96,0
19325,96,0
19326,98,0
19327,96,0
19328,96,0
19329,100,0
19330,96,0
19331,96,0
19332,96,0
19333,94,0
19334,98,0
19335,96,0
19336,96,0
19337,94,0
19338,96,0
19339,94,0
19340,96,0
19341,96,0
19342,100,0
19343,96,0
19344,96,0
19345,96,0
19346,94,0
19347,94,0
19348,94,0
19349,94,0
19350,92,0
19351,96,0
19352,96,0
19353,94,0
19354,96,0
19355,96,0
19356,92,0
19357,96,0
19358,94,0
19359,94,0
19360,96,0
19361,94,0
19362,96,0
19363,96,0
19364,94,0
19365,94,0
19366,96,0
19367,94,0
19368,94,0
19369,98,0
19370,96,0
19371,98,0
19372,98,0
19373,94,0
19374,96,0
19375,96,0
19376,94,0
19377,96,0
19378,96,0
19379,100,0
19380,96,0
19381,96,0
19382,94,0
19383,94,0
19384,94,0
19385,98,0
19386,98,0
19387,94,0
19388,96,0
19389,94,0
19390,94,0
19391,94,0
19392,96,0
19393,96,0
19394,94,0
19395,96,0
19396,96,0
19397,98,0
19398,96,0
19399,96,0
19400,100,0
19401,96,0
19402,96,0
19403,94,0
19404,94,0
19405,94,0
19406,96,0
19407,96,0
19408,94,0
19409,94,0
19410,96,0
19411,96,0
19412,96,0
19413,94,0
19414,96,0
19415,96,0
19416,100,0
19417,96,0
19418,96,0
19419,96,0
19420,94,0
19421,94,0
19422,96,0
19423,94,0
19424,96,0
19425,94,0
19426,96,0
19427,94,0
19428,100,0
19429,94,0
19430,96,0
19431,96,0
19432,96,0
19433,96,0
19434,96,0
19435,96,0
19436,96,0
19437,100,0
19438,96,0
19439,96,0
19440,100,0
19441,96,0
19442,96,0
19443,94,0
19444,96,0
19445,96,0
19446,94,0
19447,94,0
19448,94,0
19449,96,0
19450,96,0
19451,96,0
19452,96,0
19453,96,0
19454,94,0
19455,94,0
19456,96,0
19457,96,0
19458,96,0
19459,96,0
19460,94,0
19461,96,0
19462,94,0
19463,96,0
19464,96,0
19465,96,0
19466,96,0
19467,96,0
19468,96,0
19469,96,0
19470,94,0
19471,96,0
19472,96,0
19473,92,0
19474,96,0
19475,96,0
19476,96,0
19477,96,0
19478,96,0
19479,100,0
19480,96,0
19481,96,0
19482,96,0
19483,96,0
19484,96,0
19485,96,0
19486,96,0
19487,98,0
19488,96,0
19489,96,0
19490,96,0
19491,96,0
19492,96,0
19493,96,0
19494,96,0
19495,96,0
19496,96,0
19497,94,0
19498,94,0
19499,94,0
19500,96,0
19501,96,0
19502,94,0
19503,96,0
19504,96,0
19505,94,0
19506,96,0
19507,96,0
19508,98,0
19509,98,0
19510,98,0
19511,94,0
19512,96,0
19513,96,0
19514,96,0
19515,96,0
19516,96,0
19517,94,0
19518,96,0
19519,94,0
19520,96,0
19521,96,0
19522,96,0
19523,96,0
19524,96,0
19525,94,0
19526,96,0
19527,96,0
19528,96,0
19529,96,0
19530,96,0
19531,96,0
19532,96,0
19533,96,0
19534,96,0
19535,96,0
19536,96,0
19537,96,0
19538,96,0
19539,96,0
19540,96,0
19541,96,0
19542,96,0
19543,96,0
19544,96,0
19545,96,0
19546,96,0
19547,96,0
19548,96,0
19549,96,0
19550,98,0
19551,96,0
19552,96,0
19553,96,0
19554,96,0
19555,96,0
19556,96,0
19557,96,0
19558,98,0
19559,96,0
19560,96,0
19561,96,0
19562,96,0
19563,96,0
19564,94,0
19565,96,0
19566,96,0
19567,94,0
19568,96,0
19569,96,0
19570,96,0
19571,94,0
19572,96,0
19573,96,0
19574,96,0
19575,96,0
19576,96,0
19577,96,0
19578,96,0
19579,96,0
19580,96,0
19581,96,0
19582,96,0
19583,96,0
19584,96,0
19585,96,0
19586,96,0
19587,96,0
19588,96,0
19589,96,0
19590,98,0
19591,96,0
19592,98,0
19593,98,0
19594,96,0
19595,98,0
19596,100,0
19597,94,0
19598,94,0
19599,96,0
19600,94,0
19601,96,0
19602,98,0
19603,96,0
19604,96,0
19605,96,0
19606,98,0
19607,98,0
19608,96,0
19609,96,0
19610,96,0
19611,96,0
19612,100,0
19613,96,0
19614,96,0
19615,100,0
19616,96,0
19617,100,0
19618,94,0
19619,98,0
19620,96,0
19621,96,0
19622,98,0
19623,96,0
19624,96,0
19625,94,0
19626,96,0
19627,96,0
19628,96,0
19629,96,0
19630,96,0
19631,96,0
19632,96,0
19633,96,0
19634,96,0
19635,96,0
19636,96,0
19637,96,0
19638,94,0
19639,96,0
19640,94,0
19641,96,0
19642,96,0
19643,100,0
19644,96,0
19645,96,0
19646,96,0
19647,96,0
19648,96,0
19649,96,0
19650,96,0
19651,96,0
19652,92,0
19653,96,0
19654,96,0
19655,96,0
19656,100,0
19657,96,0
19658,96,0
19659,96,0
19660,94,0
19661,96,0
19662,100,0
19663,94,0
19664,96,0
19665,98,0
19666,96,0
19667,96,0
19668,96,0
19669,96,0
19670,96,0
19671,94,0
19672,98,0
19673,96,0
19674,94,0
19675,96,0
19676,96,0
19677,96,0
19678,96,0
19679,98,0
19680,96,0
19681,96,0
19682,94,0
19683,96,0
19684,96,0
19685,94,0
19686,94,0
19687,96,0
19688,96,0
19689,94,0
19690,96,0
19691,96,0
19692,92,0
19693,96,0
19694,96,0
19695,100,0
19696,96,0
19697,96,0
19698,96,0
19699,98,0
19700,96,0
19701,96,0
19702,96,0
19703,96,0
19704,96,0
19705,96,0
19706,96,0
19707,96,0
19708,96,0
19709,96,0
19710,96,0
19711,96,0
19712,96,0
19713,94,0
19714,96,0
19715,96,0
19716,94,0
19717,96,0
19718,96,0
19719,96,0
19720,96,0
19721,96,0
19722,96,0
19723,98,0
19724,96,0
19725,94,0
19726,94,0
19727,96,0
19728,94,0
19729,96,0
19730,96,0
19731,96,0
19732,96,0
19733,96,0
19734,96,0
19735,100,0
19736,100,0
19737,96,0
19738,96,0
19739,98,0
19740,96,0
19741,96,0
19742,98,0
19743,94,0
19744,98,0
19745,96,0
19746,96,0
19747,96,0
19748,96,0
19749,90,0
19750,96,0
19751,96,0
19752,96,0
19753,96,0
19754,96,0
19755,96,0
19756,96,0
19757,96,0
19758,96,0
19759,96,0
19760,96,0
19761,96,0
19762,96,0
19763,96,0
19764,96,0
19765,96,0
19766,96,0
19767,96,0
19768,96,0
19769,96,0
19770,98,0
19771,98,0
19772,98,0
19773,96,0
19774,96,0
19775,96,0
19776,94,0
19777,100,0
19778,96,0
19779,94,0
19780,94,0
19781,96,0
19782,98,0
19783,94,0
19784,96,0
19785,98,0
19786,96,0
19787,98,0
19788,96,0
19789,96,0
19790,98,0
19791,96,0
19792,96,0
19793,94,0
19794,94,0
19795,98,0
19796,96,0
19797,98,0
19798,96,0
19799,94,0
19800,96,0
19801,96,0
19802,96,0
19803,96,0
19804,98,0
19805,96,0
19806,96,0
19807,94,0
19808,96,0
19809,96,0
19810,96,0
19811,96,0
19812,96,0
19813,96,0
19814,96,0
19815,96,0
19816,102,0
19817,96,0
19818,96,0
19819,96,0
19820,96,0
19821,96,0
19822,96,0
19823,96,0
19824,96,0
19825,92,0
19826,100,0
19827,96,0
19828,98,0
19829,94,0
19830,96,0
19831,94,0
19832,96,0
19833,96,0
19834,96,0
19835,96,0
19836,96,0
19837,96,0
19838,96,0
19839,96,0
19840,96,0
19841,96,0
19842,100,0
19843,94,0
19844,94,0
19845,100,0
19846,94,0
19847,96,0
19848,96,0
19849,96,0
19850,100,0
19851,96,0
19852,96,0
19853,96,0
19854,98,0
19855,98,0
19856,98,0
19857,98,0
19858,98,0
19859,94,0
19860,96,0
19861,96,0
19862,94,0
19863,96,0
19864,96,0
19865,96,0
19866,96,0
19867,96,0
19868,96,0
19869,96,0
19870,96,0
19871,96,0
19872,96,0
19873,96,0
19874,96,0
19875,96,0
19876,96,0
19877,96,0
19878,94,0
19879,96,0
19880,96,0
19881,96,0
19882,96,0
19883,96,0
19884,96,0
19885,96,0
19886,96,0
19887,96,0
19888,96,0
19889,100,0
19890,92,0
19891,96,0
19892,96,0
19893,96,0
19894,96,0
19895,96,0
19896,96,0
19897,98,0
19898,96,0
19899,96,0
19900,96,0
19901,96,0
19902,100,0
19903,96,0
19904,96,0
19905,94,0
19906,94,0
19907,96,0
19908,96,0
19909,100,0
19910,96,0
19911,98,0
19912,96,0
19913,98,0
19914,94,0
19915,96,0
19916,96,0
19917,96,0
19918,96,0
19919,100,0
19920,100,0
19921,96,0
19922,94,0
19923,96,0
19924,98,0
19925,96,0
19926,96,0
19927,94,0
19928,96,0
19929,96,0
19930,96,0
19931,96,0
19932,96,0
19933,96,0
19934,96,0
19935,96,0
19936,96,0
19937,92,0
19938,96,0
19939,96,0
19940,96,0
19941,96,0
19942,96,0
19943,96,0
19944,96,0
19945,96,0
19946,96,0
19947,96,0
19948,96,0
19949,96,0
19950,96,0
19951,96,0
19952,96,0
19953,96,0
19954,96,0
19955,96,0
19956,96,0
19957,96,0
19958,96,0
19959,96,0
19960,96,0
19961,96,0
19962,96,0
19963,96,0
19964,96,0
19965,96,0
19966,96,0
19967,96,0
19968,94,0
19969,96,0
19970,94,0
19971,96,0
19972,96,0
19973,96,0
19974,96,0
19975,96,0
19976,94,0
19977,94,0
19978,96,0
19979,96,0
19980,100,0
19981,100,0
19982,96,0
19983,96,0
19984,96,0
19985,96,0
19986,94,0
19987,96,0
19988,100,0
19989,98,0
19990,94,0
19991,96,0
19992,98,0
19993,94,0
19994,96,0
19995,96,0
19996,94,0
19997,98,0
19998,98,0
19999,94,0
