
build/sunbird/line_size_pmu:     file format elf64-x86-64


Disassembly of section .init:

0000000000402000 <_init>:
  402000:	f3 0f 1e fa          	endbr64 
  402004:	48 83 ec 08          	sub    rsp,0x8
  402008:	48 8b 05 e1 6f 00 00 	mov    rax,QWORD PTR [rip+0x6fe1]        # 408ff0 <__gmon_start__>
  40200f:	48 85 c0             	test   rax,rax
  402012:	74 02                	je     402016 <_init+0x16>
  402014:	ff d0                	call   rax
  402016:	48 83 c4 08          	add    rsp,0x8
  40201a:	c3                   	ret    

Disassembly of section .plt:

0000000000402020 <.plt>:
  402020:	ff 35 e2 6f 00 00    	push   QWORD PTR [rip+0x6fe2]        # 409008 <_GLOBAL_OFFSET_TABLE_+0x8>
  402026:	ff 25 e4 6f 00 00    	jmp    QWORD PTR [rip+0x6fe4]        # 409010 <_GLOBAL_OFFSET_TABLE_+0x10>
  40202c:	0f 1f 40 00          	nop    DWORD PTR [rax+0x0]

0000000000402030 <__errno_location@plt>:
  402030:	ff 25 e2 6f 00 00    	jmp    QWORD PTR [rip+0x6fe2]        # 409018 <__errno_location@GLIBC_2.2.5>
  402036:	68 00 00 00 00       	push   0x0
  40203b:	e9 e0 ff ff ff       	jmp    402020 <.plt>

0000000000402040 <syscall@plt>:
  402040:	ff 25 da 6f 00 00    	jmp    QWORD PTR [rip+0x6fda]        # 409020 <syscall@GLIBC_2.2.5>
  402046:	68 01 00 00 00       	push   0x1
  40204b:	e9 d0 ff ff ff       	jmp    402020 <.plt>

0000000000402050 <_ZNKSt7__cxx1112basic_stringIcSt11char_traitsIcESaIcEE7compareEPKc@plt>:
  402050:	ff 25 d2 6f 00 00    	jmp    QWORD PTR [rip+0x6fd2]        # 409028 <_ZNKSt7__cxx1112basic_stringIcSt11char_traitsIcESaIcEE7compareEPKc@GLIBCXX_3.4.21>
  402056:	68 02 00 00 00       	push   0x2
  40205b:	e9 c0 ff ff ff       	jmp    402020 <.plt>

0000000000402060 <strtoul@plt>:
  402060:	ff 25 ca 6f 00 00    	jmp    QWORD PTR [rip+0x6fca]        # 409030 <strtoul@GLIBC_2.2.5>
  402066:	68 03 00 00 00       	push   0x3
  40206b:	e9 b0 ff ff ff       	jmp    402020 <.plt>

0000000000402070 <_ZSt17__throw_bad_allocv@plt>:
  402070:	ff 25 c2 6f 00 00    	jmp    QWORD PTR [rip+0x6fc2]        # 409038 <_ZSt17__throw_bad_allocv@GLIBCXX_3.4>
  402076:	68 04 00 00 00       	push   0x4
  40207b:	e9 a0 ff ff ff       	jmp    402020 <.plt>

0000000000402080 <_ZNKSt7__cxx1112basic_stringIcSt11char_traitsIcESaIcEE5c_strEv@plt>:
  402080:	ff 25 ba 6f 00 00    	jmp    QWORD PTR [rip+0x6fba]        # 409040 <_ZNKSt7__cxx1112basic_stringIcSt11char_traitsIcESaIcEE5c_strEv@GLIBCXX_3.4.21>
  402086:	68 05 00 00 00       	push   0x5
  40208b:	e9 90 ff ff ff       	jmp    402020 <.plt>

0000000000402090 <strncmp@plt>:
  402090:	ff 25 b2 6f 00 00    	jmp    QWORD PTR [rip+0x6fb2]        # 409048 <strncmp@GLIBC_2.2.5>
  402096:	68 06 00 00 00       	push   0x6
  40209b:	e9 80 ff ff ff       	jmp    402020 <.plt>

00000000004020a0 <posix_memalign@plt>:
  4020a0:	ff 25 aa 6f 00 00    	jmp    QWORD PTR [rip+0x6faa]        # 409050 <posix_memalign@GLIBC_2.2.5>
  4020a6:	68 07 00 00 00       	push   0x7
  4020ab:	e9 70 ff ff ff       	jmp    402020 <.plt>

00000000004020b0 <_ZSt20__throw_length_errorPKc@plt>:
  4020b0:	ff 25 a2 6f 00 00    	jmp    QWORD PTR [rip+0x6fa2]        # 409058 <_ZSt20__throw_length_errorPKc@GLIBCXX_3.4>
  4020b6:	68 08 00 00 00       	push   0x8
  4020bb:	e9 60 ff ff ff       	jmp    402020 <.plt>

00000000004020c0 <getrusage@plt>:
  4020c0:	ff 25 9a 6f 00 00    	jmp    QWORD PTR [rip+0x6f9a]        # 409060 <getrusage@GLIBC_2.2.5>
  4020c6:	68 09 00 00 00       	push   0x9
  4020cb:	e9 50 ff ff ff       	jmp    402020 <.plt>

00000000004020d0 <_ZSt24__throw_invalid_argumentPKc@plt>:
  4020d0:	ff 25 92 6f 00 00    	jmp    QWORD PTR [rip+0x6f92]        # 409068 <_ZSt24__throw_invalid_argumentPKc@GLIBCXX_3.4>
  4020d6:	68 0a 00 00 00       	push   0xa
  4020db:	e9 40 ff ff ff       	jmp    402020 <.plt>

00000000004020e0 <_ZNSt7__cxx1112basic_stringIcSt11char_traitsIcESaIcEED1Ev@plt>:
  4020e0:	ff 25 8a 6f 00 00    	jmp    QWORD PTR [rip+0x6f8a]        # 409070 <_ZNSt7__cxx1112basic_stringIcSt11char_traitsIcESaIcEED1Ev@GLIBCXX_3.4.21>
  4020e6:	68 0b 00 00 00       	push   0xb
  4020eb:	e9 30 ff ff ff       	jmp    402020 <.plt>

00000000004020f0 <_ZSt28__throw_bad_array_new_lengthv@plt>:
  4020f0:	ff 25 82 6f 00 00    	jmp    QWORD PTR [rip+0x6f82]        # 409078 <_ZSt28__throw_bad_array_new_lengthv@GLIBCXX_3.4.29>
  4020f6:	68 0c 00 00 00       	push   0xc
  4020fb:	e9 20 ff ff ff       	jmp    402020 <.plt>

0000000000402100 <perror@plt>:
  402100:	ff 25 7a 6f 00 00    	jmp    QWORD PTR [rip+0x6f7a]        # 409080 <perror@GLIBC_2.2.5>
  402106:	68 0d 00 00 00       	push   0xd
  40210b:	e9 10 ff ff ff       	jmp    402020 <.plt>

0000000000402110 <__cxa_atexit@plt>:
  402110:	ff 25 72 6f 00 00    	jmp    QWORD PTR [rip+0x6f72]        # 409088 <__cxa_atexit@GLIBC_2.2.5>
  402116:	68 0e 00 00 00       	push   0xe
  40211b:	e9 00 ff ff ff       	jmp    402020 <.plt>

0000000000402120 <_ZStlsIcSt11char_traitsIcESaIcEERSt13basic_ostreamIT_T0_ES7_RKNSt7__cxx1112basic_stringIS4_S5_T1_EE@plt>:
  402120:	ff 25 6a 6f 00 00    	jmp    QWORD PTR [rip+0x6f6a]        # 409090 <_ZStlsIcSt11char_traitsIcESaIcEERSt13basic_ostreamIT_T0_ES7_RKNSt7__cxx1112basic_stringIS4_S5_T1_EE@GLIBCXX_3.4.21>
  402126:	68 0f 00 00 00       	push   0xf
  40212b:	e9 f0 fe ff ff       	jmp    402020 <.plt>

0000000000402130 <_ZdlPv@plt>:
  402130:	ff 25 62 6f 00 00    	jmp    QWORD PTR [rip+0x6f62]        # 409098 <_ZdlPv@GLIBCXX_3.4>
  402136:	68 10 00 00 00       	push   0x10
  40213b:	e9 e0 fe ff ff       	jmp    402020 <.plt>

0000000000402140 <__isoc99_sscanf@plt>:
  402140:	ff 25 5a 6f 00 00    	jmp    QWORD PTR [rip+0x6f5a]        # 4090a0 <__isoc99_sscanf@GLIBC_2.7>
  402146:	68 11 00 00 00       	push   0x11
  40214b:	e9 d0 fe ff ff       	jmp    402020 <.plt>

0000000000402150 <_ZStlsISt11char_traitsIcEERSt13basic_ostreamIcT_ES5_PKc@plt>:
  402150:	ff 25 52 6f 00 00    	jmp    QWORD PTR [rip+0x6f52]        # 4090a8 <_ZStlsISt11char_traitsIcEERSt13basic_ostreamIcT_ES5_PKc@GLIBCXX_3.4>
  402156:	68 12 00 00 00       	push   0x12
  40215b:	e9 c0 fe ff ff       	jmp    402020 <.plt>

0000000000402160 <fclose@plt>:
  402160:	ff 25 4a 6f 00 00    	jmp    QWORD PTR [rip+0x6f4a]        # 4090b0 <fclose@GLIBC_2.2.5>
  402166:	68 13 00 00 00       	push   0x13
  40216b:	e9 b0 fe ff ff       	jmp    402020 <.plt>

0000000000402170 <_Znwm@plt>:
  402170:	ff 25 42 6f 00 00    	jmp    QWORD PTR [rip+0x6f42]        # 4090b8 <_Znwm@GLIBCXX_3.4>
  402176:	68 14 00 00 00       	push   0x14
  40217b:	e9 a0 fe ff ff       	jmp    402020 <.plt>

0000000000402180 <_ZNSaIcED1Ev@plt>:
  402180:	ff 25 3a 6f 00 00    	jmp    QWORD PTR [rip+0x6f3a]        # 4090c0 <_ZNSaIcED1Ev@GLIBCXX_3.4>
  402186:	68 15 00 00 00       	push   0x15
  40218b:	e9 90 fe ff ff       	jmp    402020 <.plt>

0000000000402190 <fputs@plt>:
  402190:	ff 25 32 6f 00 00    	jmp    QWORD PTR [rip+0x6f32]        # 4090c8 <fputs@GLIBC_2.2.5>
  402196:	68 16 00 00 00       	push   0x16
  40219b:	e9 80 fe ff ff       	jmp    402020 <.plt>

00000000004021a0 <fopen@plt>:
  4021a0:	ff 25 2a 6f 00 00    	jmp    QWORD PTR [rip+0x6f2a]        # 4090d0 <fopen@GLIBC_2.2.5>
  4021a6:	68 17 00 00 00       	push   0x17
  4021ab:	e9 70 fe ff ff       	jmp    402020 <.plt>

00000000004021b0 <free@plt>:
  4021b0:	ff 25 22 6f 00 00    	jmp    QWORD PTR [rip+0x6f22]        # 4090d8 <free@GLIBC_2.2.5>
  4021b6:	68 18 00 00 00       	push   0x18
  4021bb:	e9 60 fe ff ff       	jmp    402020 <.plt>

00000000004021c0 <exit@plt>:
  4021c0:	ff 25 1a 6f 00 00    	jmp    QWORD PTR [rip+0x6f1a]        # 4090e0 <exit@GLIBC_2.2.5>
  4021c6:	68 19 00 00 00       	push   0x19
  4021cb:	e9 50 fe ff ff       	jmp    402020 <.plt>

00000000004021d0 <strtoull@plt>:
  4021d0:	ff 25 12 6f 00 00    	jmp    QWORD PTR [rip+0x6f12]        # 4090e8 <strtoull@GLIBC_2.2.5>
  4021d6:	68 1a 00 00 00       	push   0x1a
  4021db:	e9 40 fe ff ff       	jmp    402020 <.plt>

00000000004021e0 <_ZNSt7__cxx1112basic_stringIcSt11char_traitsIcESaIcEEaSEPKc@plt>:
  4021e0:	ff 25 0a 6f 00 00    	jmp    QWORD PTR [rip+0x6f0a]        # 4090f0 <_ZNSt7__cxx1112basic_stringIcSt11char_traitsIcESaIcEEaSEPKc@GLIBCXX_3.4.21>
  4021e6:	68 1b 00 00 00       	push   0x1b
  4021eb:	e9 30 fe ff ff       	jmp    402020 <.plt>

00000000004021f0 <_ZNSt7__cxx1112basic_stringIcSt11char_traitsIcESaIcEEC1EPKcRKS3_@plt>:
  4021f0:	ff 25 02 6f 00 00    	jmp    QWORD PTR [rip+0x6f02]        # 4090f8 <_ZNSt7__cxx1112basic_stringIcSt11char_traitsIcESaIcEEC1EPKcRKS3_@GLIBCXX_3.4.21>
  4021f6:	68 1c 00 00 00       	push   0x1c
  4021fb:	e9 20 fe ff ff       	jmp    402020 <.plt>

0000000000402200 <sched_getcpu@plt>:
  402200:	ff 25 fa 6e 00 00    	jmp    QWORD PTR [rip+0x6efa]        # 409100 <sched_getcpu@GLIBC_2.6>
  402206:	68 1d 00 00 00       	push   0x1d
  40220b:	e9 10 fe ff ff       	jmp    402020 <.plt>

0000000000402210 <_ZNSt7__cxx1112basic_stringIcSt11char_traitsIcESaIcEEC1Ev@plt>:
  402210:	ff 25 f2 6e 00 00    	jmp    QWORD PTR [rip+0x6ef2]        # 409108 <_ZNSt7__cxx1112basic_stringIcSt11char_traitsIcESaIcEEC1Ev@GLIBCXX_3.4.21>
  402216:	68 1e 00 00 00       	push   0x1e
  40221b:	e9 00 fe ff ff       	jmp    402020 <.plt>

0000000000402220 <ioctl@plt>:
  402220:	ff 25 ea 6e 00 00    	jmp    QWORD PTR [rip+0x6eea]        # 409110 <ioctl@GLIBC_2.2.5>
  402226:	68 1f 00 00 00       	push   0x1f
  40222b:	e9 f0 fd ff ff       	jmp    402020 <.plt>

0000000000402230 <fprintf@plt>:
  402230:	ff 25 e2 6e 00 00    	jmp    QWORD PTR [rip+0x6ee2]        # 409118 <fprintf@GLIBC_2.2.5>
  402236:	68 20 00 00 00       	push   0x20
  40223b:	e9 e0 fd ff ff       	jmp    402020 <.plt>

0000000000402240 <read@plt>:
  402240:	ff 25 da 6e 00 00    	jmp    QWORD PTR [rip+0x6eda]        # 409120 <read@GLIBC_2.2.5>
  402246:	68 21 00 00 00       	push   0x21
  40224b:	e9 d0 fd ff ff       	jmp    402020 <.plt>

0000000000402250 <_ZSt20__throw_out_of_rangePKc@plt>:
  402250:	ff 25 d2 6e 00 00    	jmp    QWORD PTR [rip+0x6ed2]        # 409128 <_ZSt20__throw_out_of_rangePKc@GLIBCXX_3.4>
  402256:	68 22 00 00 00       	push   0x22
  40225b:	e9 c0 fd ff ff       	jmp    402020 <.plt>

0000000000402260 <_ZNSt8ios_base4InitC1Ev@plt>:
  402260:	ff 25 ca 6e 00 00    	jmp    QWORD PTR [rip+0x6eca]        # 409130 <_ZNSt8ios_base4InitC1Ev@GLIBCXX_3.4>
  402266:	68 23 00 00 00       	push   0x23
  40226b:	e9 b0 fd ff ff       	jmp    402020 <.plt>

0000000000402270 <fgets@plt>:
  402270:	ff 25 c2 6e 00 00    	jmp    QWORD PTR [rip+0x6ec2]        # 409138 <fgets@GLIBC_2.2.5>
  402276:	68 24 00 00 00       	push   0x24
  40227b:	e9 a0 fd ff ff       	jmp    402020 <.plt>

0000000000402280 <__gxx_personality_v0@plt>:
  402280:	ff 25 ba 6e 00 00    	jmp    QWORD PTR [rip+0x6eba]        # 409140 <__gxx_personality_v0@CXXABI_1.3>
  402286:	68 25 00 00 00       	push   0x25
  40228b:	e9 90 fd ff ff       	jmp    402020 <.plt>

0000000000402290 <_ZNKSt7__cxx1112basic_stringIcSt11char_traitsIcESaIcEE5emptyEv@plt>:
  402290:	ff 25 b2 6e 00 00    	jmp    QWORD PTR [rip+0x6eb2]        # 409148 <_ZNKSt7__cxx1112basic_stringIcSt11char_traitsIcESaIcEE5emptyEv@GLIBCXX_3.4.21>
  402296:	68 26 00 00 00       	push   0x26
  40229b:	e9 80 fd ff ff       	jmp    402020 <.plt>

00000000004022a0 <_Unwind_Resume@plt>:
  4022a0:	ff 25 aa 6e 00 00    	jmp    QWORD PTR [rip+0x6eaa]        # 409150 <_Unwind_Resume@GCC_3.0>
  4022a6:	68 27 00 00 00       	push   0x27
  4022ab:	e9 70 fd ff ff       	jmp    402020 <.plt>

00000000004022b0 <_ZNSaIcEC1Ev@plt>:
  4022b0:	ff 25 a2 6e 00 00    	jmp    QWORD PTR [rip+0x6ea2]        # 409158 <_ZNSaIcEC1Ev@GLIBCXX_3.4>
  4022b6:	68 28 00 00 00       	push   0x28
  4022bb:	e9 60 fd ff ff       	jmp    402020 <.plt>

00000000004022c0 <fwrite@plt>:
  4022c0:	ff 25 9a 6e 00 00    	jmp    QWORD PTR [rip+0x6e9a]        # 409160 <fwrite@GLIBC_2.2.5>
  4022c6:	68 29 00 00 00       	push   0x29
  4022cb:	e9 50 fd ff ff       	jmp    402020 <.plt>

00000000004022d0 <close@plt>:
  4022d0:	ff 25 92 6e 00 00    	jmp    QWORD PTR [rip+0x6e92]        # 409168 <close@GLIBC_2.2.5>
  4022d6:	68 2a 00 00 00       	push   0x2a
  4022db:	e9 40 fd ff ff       	jmp    402020 <.plt>

00000000004022e0 <_ZNSt8ios_base4InitD1Ev@plt>:
  4022e0:	ff 25 8a 6e 00 00    	jmp    QWORD PTR [rip+0x6e8a]        # 409170 <_ZNSt8ios_base4InitD1Ev@GLIBCXX_3.4>
  4022e6:	68 2b 00 00 00       	push   0x2b
  4022eb:	e9 30 fd ff ff       	jmp    402020 <.plt>

Disassembly of section .text:

00000000004022f0 <_start>:
  4022f0:	f3 0f 1e fa          	endbr64 
  4022f4:	31 ed                	xor    ebp,ebp
  4022f6:	49 89 d1             	mov    r9,rdx
  4022f9:	5e                   	pop    rsi
  4022fa:	48 89 e2             	mov    rdx,rsp
  4022fd:	48 83 e4 f0          	and    rsp,0xfffffffffffffff0
  402301:	50                   	push   rax
  402302:	54                   	push   rsp
  402303:	45 31 c0             	xor    r8d,r8d
  402306:	31 c9                	xor    ecx,ecx
  402308:	48 c7 c7 b2 3e 40 00 	mov    rdi,0x403eb2
  40230f:	ff 15 cb 6c 00 00    	call   QWORD PTR [rip+0x6ccb]        # 408fe0 <__libc_start_main@GLIBC_2.34>
  402315:	f4                   	hlt    
  402316:	66 2e 0f 1f 84 00 00 	nop    WORD PTR cs:[rax+rax*1+0x0]
  40231d:	00 00 00 

0000000000402320 <_dl_relocate_static_pie>:
  402320:	f3 0f 1e fa          	endbr64 
  402324:	c3                   	ret    
  402325:	66 2e 0f 1f 84 00 00 	nop    WORD PTR cs:[rax+rax*1+0x0]
  40232c:	00 00 00 
  40232f:	90                   	nop

0000000000402330 <deregister_tm_clones>:
  402330:	48 8d 3d 49 6e 00 00 	lea    rdi,[rip+0x6e49]        # 409180 <stderr@@GLIBC_2.2.5>
  402337:	48 8d 05 42 6e 00 00 	lea    rax,[rip+0x6e42]        # 409180 <stderr@@GLIBC_2.2.5>
  40233e:	48 39 f8             	cmp    rax,rdi
  402341:	74 15                	je     402358 <deregister_tm_clones+0x28>
  402343:	48 8b 05 9e 6c 00 00 	mov    rax,QWORD PTR [rip+0x6c9e]        # 408fe8 <_ITM_deregisterTMCloneTable>
  40234a:	48 85 c0             	test   rax,rax
  40234d:	74 09                	je     402358 <deregister_tm_clones+0x28>
  40234f:	ff e0                	jmp    rax
  402351:	0f 1f 80 00 00 00 00 	nop    DWORD PTR [rax+0x0]
  402358:	c3                   	ret    
  402359:	0f 1f 80 00 00 00 00 	nop    DWORD PTR [rax+0x0]

0000000000402360 <register_tm_clones>:
  402360:	48 8d 3d 19 6e 00 00 	lea    rdi,[rip+0x6e19]        # 409180 <stderr@@GLIBC_2.2.5>
  402367:	48 8d 35 12 6e 00 00 	lea    rsi,[rip+0x6e12]        # 409180 <stderr@@GLIBC_2.2.5>
  40236e:	48 29 fe             	sub    rsi,rdi
  402371:	48 89 f0             	mov    rax,rsi
  402374:	48 c1 ee 3f          	shr    rsi,0x3f
  402378:	48 c1 f8 03          	sar    rax,0x3
  40237c:	48 01 c6             	add    rsi,rax
  40237f:	48 d1 fe             	sar    rsi,1
  402382:	74 14                	je     402398 <register_tm_clones+0x38>
  402384:	48 8b 05 6d 6c 00 00 	mov    rax,QWORD PTR [rip+0x6c6d]        # 408ff8 <_ITM_registerTMCloneTable>
  40238b:	48 85 c0             	test   rax,rax
  40238e:	74 08                	je     402398 <register_tm_clones+0x38>
  402390:	ff e0                	jmp    rax
  402392:	66 0f 1f 44 00 00    	nop    WORD PTR [rax+rax*1+0x0]
  402398:	c3                   	ret    
  402399:	0f 1f 80 00 00 00 00 	nop    DWORD PTR [rax+0x0]

00000000004023a0 <__do_global_dtors_aux>:
  4023a0:	f3 0f 1e fa          	endbr64 
  4023a4:	80 3d 05 6f 00 00 00 	cmp    BYTE PTR [rip+0x6f05],0x0        # 4092b0 <completed.0>
  4023ab:	75 13                	jne    4023c0 <__do_global_dtors_aux+0x20>
  4023ad:	55                   	push   rbp
  4023ae:	48 89 e5             	mov    rbp,rsp
  4023b1:	e8 7a ff ff ff       	call   402330 <deregister_tm_clones>
  4023b6:	c6 05 f3 6e 00 00 01 	mov    BYTE PTR [rip+0x6ef3],0x1        # 4092b0 <completed.0>
  4023bd:	5d                   	pop    rbp
  4023be:	c3                   	ret    
  4023bf:	90                   	nop
  4023c0:	c3                   	ret    
  4023c1:	66 66 2e 0f 1f 84 00 	data16 nop WORD PTR cs:[rax+rax*1+0x0]
  4023c8:	00 00 00 00 
  4023cc:	0f 1f 40 00          	nop    DWORD PTR [rax+0x0]

00000000004023d0 <frame_dummy>:
  4023d0:	f3 0f 1e fa          	endbr64 
  4023d4:	eb 8a                	jmp    402360 <register_tm_clones>

00000000004023d6 <_ZL11timer_startv>:
  4023d6:	55                   	push   rbp
  4023d7:	48 89 e5             	mov    rbp,rsp
  4023da:	0f ae e8             	lfence 
  4023dd:	90                   	nop
  4023de:	0f 31                	rdtsc  
  4023e0:	48 c1 e2 20          	shl    rdx,0x20
  4023e4:	48 09 d0             	or     rax,rdx
  4023e7:	90                   	nop
  4023e8:	48 89 45 f8          	mov    QWORD PTR [rbp-0x8],rax
  4023ec:	0f ae e8             	lfence 
  4023ef:	90                   	nop
  4023f0:	48 8b 45 f8          	mov    rax,QWORD PTR [rbp-0x8]
  4023f4:	5d                   	pop    rbp
  4023f5:	c3                   	ret    

00000000004023f6 <_ZL10timer_stopv>:
  4023f6:	55                   	push   rbp
  4023f7:	48 89 e5             	mov    rbp,rsp
  4023fa:	0f ae e8             	lfence 
  4023fd:	90                   	nop
  4023fe:	48 8d 45 ec          	lea    rax,[rbp-0x14]
  402402:	48 89 45 f0          	mov    QWORD PTR [rbp-0x10],rax
  402406:	0f 01 f9             	rdtscp 
  402409:	89 ce                	mov    esi,ecx
  40240b:	48 8b 4d f0          	mov    rcx,QWORD PTR [rbp-0x10]
  40240f:	89 31                	mov    DWORD PTR [rcx],esi
  402411:	48 c1 e2 20          	shl    rdx,0x20
  402415:	48 09 d0             	or     rax,rdx
  402418:	90                   	nop
  402419:	48 89 45 f8          	mov    QWORD PTR [rbp-0x8],rax
  40241d:	0f ae e8             	lfence 
  402420:	90                   	nop
  402421:	48 8b 45 f8          	mov    rax,QWORD PTR [rbp-0x8]
  402425:	5d                   	pop    rbp
  402426:	c3                   	ret    

0000000000402427 <_ZL4failPKc>:
  402427:	55                   	push   rbp
  402428:	48 89 e5             	mov    rbp,rsp
  40242b:	48 83 ec 10          	sub    rsp,0x10
  40242f:	48 89 7d f8          	mov    QWORD PTR [rbp-0x8],rdi
  402433:	48 8b 45 f8          	mov    rax,QWORD PTR [rbp-0x8]
  402437:	48 89 c7             	mov    rdi,rax
  40243a:	e8 c1 fc ff ff       	call   402100 <perror@plt>
  40243f:	bf 01 00 00 00       	mov    edi,0x1
  402444:	e8 77 fd ff ff       	call   4021c0 <exit@plt>

0000000000402449 <_ZL8pmu_openPKc>:
  402449:	55                   	push   rbp
  40244a:	48 89 e5             	mov    rbp,rsp
  40244d:	48 81 ec c0 00 00 00 	sub    rsp,0xc0
  402454:	48 89 bd 48 ff ff ff 	mov    QWORD PTR [rbp-0xb8],rdi
  40245b:	c7 05 5f 6e 00 00 01 	mov    DWORD PTR [rip+0x6e5f],0x1        # 4092c4 <_ZL15pmu_event_count>
  402462:	00 00 00 
  402465:	48 8b 85 48 ff ff ff 	mov    rax,QWORD PTR [rbp-0xb8]
  40246c:	48 89 45 f8          	mov    QWORD PTR [rbp-0x8],rax
  402470:	eb 1f                	jmp    402491 <_ZL8pmu_openPKc+0x48>
  402472:	48 8b 45 f8          	mov    rax,QWORD PTR [rbp-0x8]
  402476:	0f b6 00             	movzx  eax,BYTE PTR [rax]
  402479:	3c 2c                	cmp    al,0x2c
  40247b:	75 0f                	jne    40248c <_ZL8pmu_openPKc+0x43>
  40247d:	8b 05 41 6e 00 00    	mov    eax,DWORD PTR [rip+0x6e41]        # 4092c4 <_ZL15pmu_event_count>
  402483:	83 c0 01             	add    eax,0x1
  402486:	89 05 38 6e 00 00    	mov    DWORD PTR [rip+0x6e38],eax        # 4092c4 <_ZL15pmu_event_count>
  40248c:	48 83 45 f8 01       	add    QWORD PTR [rbp-0x8],0x1
  402491:	48 8b 45 f8          	mov    rax,QWORD PTR [rbp-0x8]
  402495:	0f b6 00             	movzx  eax,BYTE PTR [rax]
  402498:	84 c0                	test   al,al
  40249a:	75 d6                	jne    402472 <_ZL8pmu_openPKc+0x29>
  40249c:	8b 05 22 6e 00 00    	mov    eax,DWORD PTR [rip+0x6e22]        # 4092c4 <_ZL15pmu_event_count>
  4024a2:	83 f8 04             	cmp    eax,0x4
  4024a5:	7e 28                	jle    4024cf <_ZL8pmu_openPKc+0x86>
  4024a7:	48 8b 05 d2 6c 00 00 	mov    rax,QWORD PTR [rip+0x6cd2]        # 409180 <stderr@@GLIBC_2.2.5>
  4024ae:	48 89 c1             	mov    rcx,rax
  4024b1:	ba 27 00 00 00       	mov    edx,0x27
  4024b6:	be 01 00 00 00       	mov    esi,0x1
  4024bb:	bf 18 60 40 00       	mov    edi,0x406018
  4024c0:	e8 fb fd ff ff       	call   4022c0 <fwrite@plt>
  4024c5:	bf 01 00 00 00       	mov    edi,0x1
  4024ca:	e8 f1 fc ff ff       	call   4021c0 <exit@plt>
  4024cf:	48 8b 85 48 ff ff ff 	mov    rax,QWORD PTR [rbp-0xb8]
  4024d6:	48 89 45 f0          	mov    QWORD PTR [rbp-0x10],rax
  4024da:	c7 45 ec 00 00 00 00 	mov    DWORD PTR [rbp-0x14],0x0
  4024e1:	e9 25 02 00 00       	jmp    40270b <_ZL8pmu_openPKc+0x2c2>
  4024e6:	e8 45 fb ff ff       	call   402030 <__errno_location@plt>
  4024eb:	c7 00 00 00 00 00    	mov    DWORD PTR [rax],0x0
  4024f1:	48 8d 4d e0          	lea    rcx,[rbp-0x20]
  4024f5:	48 8b 45 f0          	mov    rax,QWORD PTR [rbp-0x10]
  4024f9:	ba 00 00 00 00       	mov    edx,0x0
  4024fe:	48 89 ce             	mov    rsi,rcx
  402501:	48 89 c7             	mov    rdi,rax
  402504:	e8 c7 fc ff ff       	call   4021d0 <strtoull@plt>
  402509:	8b 55 ec             	mov    edx,DWORD PTR [rbp-0x14]
  40250c:	48 63 d2             	movsxd rdx,edx
  40250f:	48 89 04 d5 00 93 40 	mov    QWORD PTR [rdx*8+0x409300],rax
  402516:	00 
  402517:	e8 14 fb ff ff       	call   402030 <__errno_location@plt>
  40251c:	8b 00                	mov    eax,DWORD PTR [rax]
  40251e:	85 c0                	test   eax,eax
  402520:	75 3b                	jne    40255d <_ZL8pmu_openPKc+0x114>
  402522:	48 8b 45 e0          	mov    rax,QWORD PTR [rbp-0x20]
  402526:	48 39 45 f0          	cmp    QWORD PTR [rbp-0x10],rax
  40252a:	74 31                	je     40255d <_ZL8pmu_openPKc+0x114>
  40252c:	48 8b 45 f0          	mov    rax,QWORD PTR [rbp-0x10]
  402530:	0f b6 00             	movzx  eax,BYTE PTR [rax]
  402533:	3c 2d                	cmp    al,0x2d
  402535:	74 26                	je     40255d <_ZL8pmu_openPKc+0x114>
  402537:	8b 05 87 6d 00 00    	mov    eax,DWORD PTR [rip+0x6d87]        # 4092c4 <_ZL15pmu_event_count>
  40253d:	83 e8 01             	sub    eax,0x1
  402540:	39 45 ec             	cmp    DWORD PTR [rbp-0x14],eax
  402543:	7d 0d                	jge    402552 <_ZL8pmu_openPKc+0x109>
  402545:	48 8b 45 e0          	mov    rax,QWORD PTR [rbp-0x20]
  402549:	0f b6 00             	movzx  eax,BYTE PTR [rax]
  40254c:	3c 2c                	cmp    al,0x2c
  40254e:	75 0d                	jne    40255d <_ZL8pmu_openPKc+0x114>
  402550:	eb 33                	jmp    402585 <_ZL8pmu_openPKc+0x13c>
  402552:	48 8b 45 e0          	mov    rax,QWORD PTR [rbp-0x20]
  402556:	0f b6 00             	movzx  eax,BYTE PTR [rax]
  402559:	84 c0                	test   al,al
  40255b:	74 28                	je     402585 <_ZL8pmu_openPKc+0x13c>
  40255d:	48 8b 05 1c 6c 00 00 	mov    rax,QWORD PTR [rip+0x6c1c]        # 409180 <stderr@@GLIBC_2.2.5>
  402564:	48 89 c1             	mov    rcx,rax
  402567:	ba 2a 00 00 00       	mov    edx,0x2a
  40256c:	be 01 00 00 00       	mov    esi,0x1
  402571:	bf 40 60 40 00       	mov    edi,0x406040
  402576:	e8 45 fd ff ff       	call   4022c0 <fwrite@plt>
  40257b:	bf 01 00 00 00       	mov    edi,0x1
  402580:	e8 3b fc ff ff       	call   4021c0 <exit@plt>
  402585:	48 8b 45 e0          	mov    rax,QWORD PTR [rbp-0x20]
  402589:	0f b6 00             	movzx  eax,BYTE PTR [rax]
  40258c:	84 c0                	test   al,al
  40258e:	74 0a                	je     40259a <_ZL8pmu_openPKc+0x151>
  402590:	48 8b 45 e0          	mov    rax,QWORD PTR [rbp-0x20]
  402594:	48 83 c0 01          	add    rax,0x1
  402598:	eb 04                	jmp    40259e <_ZL8pmu_openPKc+0x155>
  40259a:	48 8b 45 e0          	mov    rax,QWORD PTR [rbp-0x20]
  40259e:	48 89 45 f0          	mov    QWORD PTR [rbp-0x10],rax
  4025a2:	48 8d 95 50 ff ff ff 	lea    rdx,[rbp-0xb0]
  4025a9:	b8 00 00 00 00       	mov    eax,0x0
  4025ae:	b9 11 00 00 00       	mov    ecx,0x11
  4025b3:	48 89 d7             	mov    rdi,rdx
  4025b6:	f3 48 ab             	rep stos QWORD PTR es:[rdi],rax
  4025b9:	c7 85 50 ff ff ff 04 	mov    DWORD PTR [rbp-0xb0],0x4
  4025c0:	00 00 00 
  4025c3:	c7 85 54 ff ff ff 88 	mov    DWORD PTR [rbp-0xac],0x88
  4025ca:	00 00 00 
  4025cd:	8b 45 ec             	mov    eax,DWORD PTR [rbp-0x14]
  4025d0:	48 98                	cdqe   
  4025d2:	48 8b 04 c5 00 93 40 	mov    rax,QWORD PTR [rax*8+0x409300]
  4025d9:	00 
  4025da:	48 89 85 58 ff ff ff 	mov    QWORD PTR [rbp-0xa8],rax
  4025e1:	83 7d ec 00          	cmp    DWORD PTR [rbp-0x14],0x0
  4025e5:	0f 94 c0             	sete   al
  4025e8:	83 e0 01             	and    eax,0x1
  4025eb:	89 c2                	mov    edx,eax
  4025ed:	0f b6 85 78 ff ff ff 	movzx  eax,BYTE PTR [rbp-0x88]
  4025f4:	83 e0 fe             	and    eax,0xfffffffe
  4025f7:	09 d0                	or     eax,edx
  4025f9:	88 85 78 ff ff ff    	mov    BYTE PTR [rbp-0x88],al
  4025ff:	83 7d ec 00          	cmp    DWORD PTR [rbp-0x14],0x0
  402603:	0f 94 c0             	sete   al
  402606:	83 e0 01             	and    eax,0x1
  402609:	8d 14 85 00 00 00 00 	lea    edx,[rax*4+0x0]
  402610:	0f b6 85 78 ff ff ff 	movzx  eax,BYTE PTR [rbp-0x88]
  402617:	83 e0 fb             	and    eax,0xfffffffb
  40261a:	09 d0                	or     eax,edx
  40261c:	88 85 78 ff ff ff    	mov    BYTE PTR [rbp-0x88],al
  402622:	0f b6 85 78 ff ff ff 	movzx  eax,BYTE PTR [rbp-0x88]
  402629:	83 c8 20             	or     eax,0x20
  40262c:	88 85 78 ff ff ff    	mov    BYTE PTR [rbp-0x88],al
  402632:	0f b6 85 78 ff ff ff 	movzx  eax,BYTE PTR [rbp-0x88]
  402639:	83 c8 40             	or     eax,0x40
  40263c:	88 85 78 ff ff ff    	mov    BYTE PTR [rbp-0x88],al
  402642:	0f b6 85 7a ff ff ff 	movzx  eax,BYTE PTR [rbp-0x86]
  402649:	83 c8 10             	or     eax,0x10
  40264c:	88 85 7a ff ff ff    	mov    BYTE PTR [rbp-0x86],al
  402652:	48 c7 85 70 ff ff ff 	mov    QWORD PTR [rbp-0x90],0xf
  402659:	0f 00 00 00 
  40265d:	83 7d ec 00          	cmp    DWORD PTR [rbp-0x14],0x0
  402661:	74 08                	je     40266b <_ZL8pmu_openPKc+0x222>
  402663:	8b 15 67 6c 00 00    	mov    edx,DWORD PTR [rip+0x6c67]        # 4092d0 <_ZL7pmu_fds>
  402669:	eb 05                	jmp    402670 <_ZL8pmu_openPKc+0x227>
  40266b:	ba ff ff ff ff       	mov    edx,0xffffffff
  402670:	48 8d 85 50 ff ff ff 	lea    rax,[rbp-0xb0]
  402677:	41 b9 08 00 00 00    	mov    r9d,0x8
  40267d:	41 89 d0             	mov    r8d,edx
  402680:	b9 ff ff ff ff       	mov    ecx,0xffffffff
  402685:	ba 00 00 00 00       	mov    edx,0x0
  40268a:	48 89 c6             	mov    rsi,rax
  40268d:	bf 2a 01 00 00       	mov    edi,0x12a
  402692:	b8 00 00 00 00       	mov    eax,0x0
  402697:	e8 a4 f9 ff ff       	call   402040 <syscall@plt>
  40269c:	89 c2                	mov    edx,eax
  40269e:	8b 45 ec             	mov    eax,DWORD PTR [rbp-0x14]
  4026a1:	48 98                	cdqe   
  4026a3:	89 14 85 d0 92 40 00 	mov    DWORD PTR [rax*4+0x4092d0],edx
  4026aa:	8b 45 ec             	mov    eax,DWORD PTR [rbp-0x14]
  4026ad:	48 98                	cdqe   
  4026af:	8b 04 85 d0 92 40 00 	mov    eax,DWORD PTR [rax*4+0x4092d0]
  4026b6:	85 c0                	test   eax,eax
  4026b8:	79 0a                	jns    4026c4 <_ZL8pmu_openPKc+0x27b>
  4026ba:	bf 6b 60 40 00       	mov    edi,0x40606b
  4026bf:	e8 63 fd ff ff       	call   402427 <_ZL4failPKc>
  4026c4:	8b 45 ec             	mov    eax,DWORD PTR [rbp-0x14]
  4026c7:	48 98                	cdqe   
  4026c9:	48 c1 e0 03          	shl    rax,0x3
  4026cd:	48 8d 90 e0 92 40 00 	lea    rdx,[rax+0x4092e0]
  4026d4:	8b 45 ec             	mov    eax,DWORD PTR [rbp-0x14]
  4026d7:	48 98                	cdqe   
  4026d9:	8b 04 85 d0 92 40 00 	mov    eax,DWORD PTR [rax*4+0x4092d0]
  4026e0:	b9 07 24 08 80       	mov    ecx,0x80082407
  4026e5:	48 89 ce             	mov    rsi,rcx
  4026e8:	89 c7                	mov    edi,eax
  4026ea:	b8 00 00 00 00       	mov    eax,0x0
  4026ef:	e8 2c fb ff ff       	call   402220 <ioctl@plt>
  4026f4:	85 c0                	test   eax,eax
  4026f6:	0f 95 c0             	setne  al
  4026f9:	84 c0                	test   al,al
  4026fb:	74 0a                	je     402707 <_ZL8pmu_openPKc+0x2be>
  4026fd:	bf 7b 60 40 00       	mov    edi,0x40607b
  402702:	e8 20 fd ff ff       	call   402427 <_ZL4failPKc>
  402707:	83 45 ec 01          	add    DWORD PTR [rbp-0x14],0x1
  40270b:	8b 05 b3 6b 00 00    	mov    eax,DWORD PTR [rip+0x6bb3]        # 4092c4 <_ZL15pmu_event_count>
  402711:	39 45 ec             	cmp    DWORD PTR [rbp-0x14],eax
  402714:	0f 8c cc fd ff ff    	jl     4024e6 <_ZL8pmu_openPKc+0x9d>
  40271a:	90                   	nop
  40271b:	90                   	nop
  40271c:	c9                   	leave  
  40271d:	c3                   	ret    

000000000040271e <_ZL9pmu_startv>:
  40271e:	55                   	push   rbp
  40271f:	48 89 e5             	mov    rbp,rsp
  402722:	8b 05 a8 6b 00 00    	mov    eax,DWORD PTR [rip+0x6ba8]        # 4092d0 <_ZL7pmu_fds>
  402728:	ba 01 00 00 00       	mov    edx,0x1
  40272d:	be 03 24 00 00       	mov    esi,0x2403
  402732:	89 c7                	mov    edi,eax
  402734:	b8 00 00 00 00       	mov    eax,0x0
  402739:	e8 e2 fa ff ff       	call   402220 <ioctl@plt>
  40273e:	85 c0                	test   eax,eax
  402740:	0f 95 c0             	setne  al
  402743:	84 c0                	test   al,al
  402745:	74 0a                	je     402751 <_ZL9pmu_startv+0x33>
  402747:	bf 8d 60 40 00       	mov    edi,0x40608d
  40274c:	e8 d6 fc ff ff       	call   402427 <_ZL4failPKc>
  402751:	8b 05 79 6b 00 00    	mov    eax,DWORD PTR [rip+0x6b79]        # 4092d0 <_ZL7pmu_fds>
  402757:	ba 01 00 00 00       	mov    edx,0x1
  40275c:	be 00 24 00 00       	mov    esi,0x2400
  402761:	89 c7                	mov    edi,eax
  402763:	b8 00 00 00 00       	mov    eax,0x0
  402768:	e8 b3 fa ff ff       	call   402220 <ioctl@plt>
  40276d:	85 c0                	test   eax,eax
  40276f:	0f 95 c0             	setne  al
  402772:	84 c0                	test   al,al
  402774:	74 0a                	je     402780 <_ZL9pmu_startv+0x62>
  402776:	bf 97 60 40 00       	mov    edi,0x406097
  40277b:	e8 a7 fc ff ff       	call   402427 <_ZL4failPKc>
  402780:	90                   	nop
  402781:	5d                   	pop    rbp
  402782:	c3                   	ret    

0000000000402783 <_ZL8pmu_stopv>:
  402783:	55                   	push   rbp
  402784:	48 89 e5             	mov    rbp,rsp
  402787:	48 83 ec 10          	sub    rsp,0x10
  40278b:	8b 05 3f 6b 00 00    	mov    eax,DWORD PTR [rip+0x6b3f]        # 4092d0 <_ZL7pmu_fds>
  402791:	ba 01 00 00 00       	mov    edx,0x1
  402796:	be 01 24 00 00       	mov    esi,0x2401
  40279b:	89 c7                	mov    edi,eax
  40279d:	b8 00 00 00 00       	mov    eax,0x0
  4027a2:	e8 79 fa ff ff       	call   402220 <ioctl@plt>
  4027a7:	85 c0                	test   eax,eax
  4027a9:	0f 95 c0             	setne  al
  4027ac:	84 c0                	test   al,al
  4027ae:	74 0a                	je     4027ba <_ZL8pmu_stopv+0x37>
  4027b0:	bf a2 60 40 00       	mov    edi,0x4060a2
  4027b5:	e8 6d fc ff ff       	call   402427 <_ZL4failPKc>
  4027ba:	8b 05 10 6b 00 00    	mov    eax,DWORD PTR [rip+0x6b10]        # 4092d0 <_ZL7pmu_fds>
  4027c0:	ba 58 00 00 00       	mov    edx,0x58
  4027c5:	be 20 93 40 00       	mov    esi,0x409320
  4027ca:	89 c7                	mov    edi,eax
  4027cc:	e8 6f fa ff ff       	call   402240 <read@plt>
  4027d1:	48 89 45 f8          	mov    QWORD PTR [rbp-0x8],rax
  4027d5:	8b 05 e9 6a 00 00    	mov    eax,DWORD PTR [rip+0x6ae9]        # 4092c4 <_ZL15pmu_event_count>
  4027db:	01 c0                	add    eax,eax
  4027dd:	83 c0 03             	add    eax,0x3
  4027e0:	48 98                	cdqe   
  4027e2:	48 c1 e0 03          	shl    rax,0x3
  4027e6:	48 39 45 f8          	cmp    QWORD PTR [rbp-0x8],rax
  4027ea:	75 3f                	jne    40282b <_ZL8pmu_stopv+0xa8>
  4027ec:	48 8b 15 2d 6b 00 00 	mov    rdx,QWORD PTR [rip+0x6b2d]        # 409320 <_ZL10pmu_counts>
  4027f3:	8b 05 cb 6a 00 00    	mov    eax,DWORD PTR [rip+0x6acb]        # 4092c4 <_ZL15pmu_event_count>
  4027f9:	48 98                	cdqe   
  4027fb:	48 39 c2             	cmp    rdx,rax
  4027fe:	75 2b                	jne    40282b <_ZL8pmu_stopv+0xa8>
  402800:	48 8b 05 21 6b 00 00 	mov    rax,QWORD PTR [rip+0x6b21]        # 409328 <_ZL10pmu_counts+0x8>
  402807:	48 85 c0             	test   rax,rax
  40280a:	74 1f                	je     40282b <_ZL8pmu_stopv+0xa8>
  40280c:	48 8b 05 1d 6b 00 00 	mov    rax,QWORD PTR [rip+0x6b1d]        # 409330 <_ZL10pmu_counts+0x10>
  402813:	48 85 c0             	test   rax,rax
  402816:	74 13                	je     40282b <_ZL8pmu_stopv+0xa8>
  402818:	48 8b 15 11 6b 00 00 	mov    rdx,QWORD PTR [rip+0x6b11]        # 409330 <_ZL10pmu_counts+0x10>
  40281f:	48 8b 05 02 6b 00 00 	mov    rax,QWORD PTR [rip+0x6b02]        # 409328 <_ZL10pmu_counts+0x8>
  402826:	48 39 c2             	cmp    rdx,rax
  402829:	74 38                	je     402863 <_ZL8pmu_stopv+0xe0>
  40282b:	48 8b 35 fe 6a 00 00 	mov    rsi,QWORD PTR [rip+0x6afe]        # 409330 <_ZL10pmu_counts+0x10>
  402832:	48 8b 0d ef 6a 00 00 	mov    rcx,QWORD PTR [rip+0x6aef]        # 409328 <_ZL10pmu_counts+0x8>
  402839:	48 8b 05 40 69 00 00 	mov    rax,QWORD PTR [rip+0x6940]        # 409180 <stderr@@GLIBC_2.2.5>
  402840:	48 8b 55 f8          	mov    rdx,QWORD PTR [rbp-0x8]
  402844:	49 89 f0             	mov    r8,rsi
  402847:	be b0 60 40 00       	mov    esi,0x4060b0
  40284c:	48 89 c7             	mov    rdi,rax
  40284f:	b8 00 00 00 00       	mov    eax,0x0
  402854:	e8 d7 f9 ff ff       	call   402230 <fprintf@plt>
  402859:	bf 01 00 00 00       	mov    edi,0x1
  40285e:	e8 5d f9 ff ff       	call   4021c0 <exit@plt>
  402863:	90                   	nop
  402864:	c9                   	leave  
  402865:	c3                   	ret    

0000000000402866 <_ZL8pmu_savePKcm>:
  402866:	55                   	push   rbp
  402867:	48 89 e5             	mov    rbp,rsp
  40286a:	48 83 ec 30          	sub    rsp,0x30
  40286e:	48 89 7d d8          	mov    QWORD PTR [rbp-0x28],rdi
  402872:	48 89 75 d0          	mov    QWORD PTR [rbp-0x30],rsi
  402876:	48 8b 45 d8          	mov    rax,QWORD PTR [rbp-0x28]
  40287a:	be 03 61 40 00       	mov    esi,0x406103
  40287f:	48 89 c7             	mov    rdi,rax
  402882:	e8 19 f9 ff ff       	call   4021a0 <fopen@plt>
  402887:	48 89 45 e8          	mov    QWORD PTR [rbp-0x18],rax
  40288b:	48 83 7d e8 00       	cmp    QWORD PTR [rbp-0x18],0x0
  402890:	75 0a                	jne    40289c <_ZL8pmu_savePKcm+0x36>
  402892:	bf 05 61 40 00       	mov    edi,0x406105
  402897:	e8 8b fb ff ff       	call   402427 <_ZL4failPKc>
  40289c:	48 8b 0d 8d 6a 00 00 	mov    rcx,QWORD PTR [rip+0x6a8d]        # 409330 <_ZL10pmu_counts+0x10>
  4028a3:	48 8b 15 7e 6a 00 00 	mov    rdx,QWORD PTR [rip+0x6a7e]        # 409328 <_ZL10pmu_counts+0x8>
  4028aa:	48 8b 75 d0          	mov    rsi,QWORD PTR [rbp-0x30]
  4028ae:	48 8b 45 e8          	mov    rax,QWORD PTR [rbp-0x18]
  4028b2:	49 89 f0             	mov    r8,rsi
  4028b5:	be 10 61 40 00       	mov    esi,0x406110
  4028ba:	48 89 c7             	mov    rdi,rax
  4028bd:	b8 00 00 00 00       	mov    eax,0x0
  4028c2:	e8 69 f9 ff ff       	call   402230 <fprintf@plt>
  4028c7:	c7 45 fc 00 00 00 00 	mov    DWORD PTR [rbp-0x4],0x0
  4028ce:	e9 f9 00 00 00       	jmp    4029cc <_ZL8pmu_savePKcm+0x166>
  4028d3:	c7 45 f8 ff ff ff ff 	mov    DWORD PTR [rbp-0x8],0xffffffff
  4028da:	c7 45 f4 00 00 00 00 	mov    DWORD PTR [rbp-0xc],0x0
  4028e1:	eb 32                	jmp    402915 <_ZL8pmu_savePKcm+0xaf>
  4028e3:	8b 45 f4             	mov    eax,DWORD PTR [rbp-0xc]
  4028e6:	48 98                	cdqe   
  4028e8:	48 83 c0 01          	add    rax,0x1
  4028ec:	48 c1 e0 04          	shl    rax,0x4
  4028f0:	48 05 30 93 40 00    	add    rax,0x409330
  4028f6:	48 8b 10             	mov    rdx,QWORD PTR [rax]
  4028f9:	8b 45 fc             	mov    eax,DWORD PTR [rbp-0x4]
  4028fc:	48 98                	cdqe   
  4028fe:	48 8b 04 c5 e0 92 40 	mov    rax,QWORD PTR [rax*8+0x4092e0]
  402905:	00 
  402906:	48 39 c2             	cmp    rdx,rax
  402909:	75 06                	jne    402911 <_ZL8pmu_savePKcm+0xab>
  40290b:	8b 45 f4             	mov    eax,DWORD PTR [rbp-0xc]
  40290e:	89 45 f8             	mov    DWORD PTR [rbp-0x8],eax
  402911:	83 45 f4 01          	add    DWORD PTR [rbp-0xc],0x1
  402915:	8b 05 a9 69 00 00    	mov    eax,DWORD PTR [rip+0x69a9]        # 4092c4 <_ZL15pmu_event_count>
  40291b:	39 45 f4             	cmp    DWORD PTR [rbp-0xc],eax
  40291e:	7c c3                	jl     4028e3 <_ZL8pmu_savePKcm+0x7d>
  402920:	83 7d f8 00          	cmp    DWORD PTR [rbp-0x8],0x0
  402924:	79 28                	jns    40294e <_ZL8pmu_savePKcm+0xe8>
  402926:	48 8b 05 53 68 00 00 	mov    rax,QWORD PTR [rip+0x6853]        # 409180 <stderr@@GLIBC_2.2.5>
  40292d:	48 89 c1             	mov    rcx,rax
  402930:	ba 15 00 00 00       	mov    edx,0x15
  402935:	be 01 00 00 00       	mov    esi,0x1
  40293a:	bf 5a 61 40 00       	mov    edi,0x40615a
  40293f:	e8 7c f9 ff ff       	call   4022c0 <fwrite@plt>
  402944:	bf 01 00 00 00       	mov    edi,0x1
  402949:	e8 72 f8 ff ff       	call   4021c0 <exit@plt>
  40294e:	8b 45 f8             	mov    eax,DWORD PTR [rbp-0x8]
  402951:	48 98                	cdqe   
  402953:	48 83 c0 01          	add    rax,0x1
  402957:	48 c1 e0 04          	shl    rax,0x4
  40295b:	48 05 28 93 40 00    	add    rax,0x409328
  402961:	48 8b 08             	mov    rcx,QWORD PTR [rax]
  402964:	8b 45 fc             	mov    eax,DWORD PTR [rbp-0x4]
  402967:	48 98                	cdqe   
  402969:	48 8b 14 c5 00 93 40 	mov    rdx,QWORD PTR [rax*8+0x409300]
  402970:	00 
  402971:	83 7d fc 00          	cmp    DWORD PTR [rbp-0x4],0x0
  402975:	74 07                	je     40297e <_ZL8pmu_savePKcm+0x118>
  402977:	be 70 61 40 00       	mov    esi,0x406170
  40297c:	eb 05                	jmp    402983 <_ZL8pmu_savePKcm+0x11d>
  40297e:	be 72 61 40 00       	mov    esi,0x406172
  402983:	48 8b 45 e8          	mov    rax,QWORD PTR [rbp-0x18]
  402987:	49 89 c8             	mov    r8,rcx
  40298a:	48 89 d1             	mov    rcx,rdx
  40298d:	48 89 f2             	mov    rdx,rsi
  402990:	be 73 61 40 00       	mov    esi,0x406173
  402995:	48 89 c7             	mov    rdi,rax
  402998:	b8 00 00 00 00       	mov    eax,0x0
  40299d:	e8 8e f8 ff ff       	call   402230 <fprintf@plt>
  4029a2:	8b 45 fc             	mov    eax,DWORD PTR [rbp-0x4]
  4029a5:	48 98                	cdqe   
  4029a7:	8b 04 85 d0 92 40 00 	mov    eax,DWORD PTR [rax*4+0x4092d0]
  4029ae:	89 c7                	mov    edi,eax
  4029b0:	e8 1b f9 ff ff       	call   4022d0 <close@plt>
  4029b5:	85 c0                	test   eax,eax
  4029b7:	0f 95 c0             	setne  al
  4029ba:	84 c0                	test   al,al
  4029bc:	74 0a                	je     4029c8 <_ZL8pmu_savePKcm+0x162>
  4029be:	bf 90 61 40 00       	mov    edi,0x406190
  4029c3:	e8 5f fa ff ff       	call   402427 <_ZL4failPKc>
  4029c8:	83 45 fc 01          	add    DWORD PTR [rbp-0x4],0x1
  4029cc:	8b 05 f2 68 00 00    	mov    eax,DWORD PTR [rip+0x68f2]        # 4092c4 <_ZL15pmu_event_count>
  4029d2:	39 45 fc             	cmp    DWORD PTR [rbp-0x4],eax
  4029d5:	0f 8c f8 fe ff ff    	jl     4028d3 <_ZL8pmu_savePKcm+0x6d>
  4029db:	48 8b 45 e8          	mov    rax,QWORD PTR [rbp-0x18]
  4029df:	48 89 c1             	mov    rcx,rax
  4029e2:	ba 03 00 00 00       	mov    edx,0x3
  4029e7:	be 01 00 00 00       	mov    esi,0x1
  4029ec:	bf 9a 61 40 00       	mov    edi,0x40619a
  4029f1:	e8 ca f8 ff ff       	call   4022c0 <fwrite@plt>
  4029f6:	48 8b 45 e8          	mov    rax,QWORD PTR [rbp-0x18]
  4029fa:	48 89 c7             	mov    rdi,rax
  4029fd:	e8 5e f7 ff ff       	call   402160 <fclose@plt>
  402a02:	85 c0                	test   eax,eax
  402a04:	0f 95 c0             	setne  al
  402a07:	84 c0                	test   al,al
  402a09:	74 0a                	je     402a15 <_ZL8pmu_savePKcm+0x1af>
  402a0b:	bf 9e 61 40 00       	mov    edi,0x40619e
  402a10:	e8 12 fa ff ff       	call   402427 <_ZL4failPKc>
  402a15:	90                   	nop
  402a16:	c9                   	leave  
  402a17:	c3                   	ret    

0000000000402a18 <_ZL10save_ticksPKcPKmm>:
  402a18:	55                   	push   rbp
  402a19:	48 89 e5             	mov    rbp,rsp
  402a1c:	48 83 ec 30          	sub    rsp,0x30
  402a20:	48 89 7d e8          	mov    QWORD PTR [rbp-0x18],rdi
  402a24:	48 89 75 e0          	mov    QWORD PTR [rbp-0x20],rsi
  402a28:	48 89 55 d8          	mov    QWORD PTR [rbp-0x28],rdx
  402a2c:	48 8b 45 e8          	mov    rax,QWORD PTR [rbp-0x18]
  402a30:	be a9 61 40 00       	mov    esi,0x4061a9
  402a35:	48 89 c7             	mov    rdi,rax
  402a38:	e8 63 f7 ff ff       	call   4021a0 <fopen@plt>
  402a3d:	48 89 45 f8          	mov    QWORD PTR [rbp-0x8],rax
  402a41:	48 83 7d f8 00       	cmp    QWORD PTR [rbp-0x8],0x0
  402a46:	74 1f                	je     402a67 <_ZL10save_ticksPKcPKmm+0x4f>
  402a48:	48 8b 4d f8          	mov    rcx,QWORD PTR [rbp-0x8]
  402a4c:	48 8b 55 d8          	mov    rdx,QWORD PTR [rbp-0x28]
  402a50:	48 8b 45 e0          	mov    rax,QWORD PTR [rbp-0x20]
  402a54:	be 08 00 00 00       	mov    esi,0x8
  402a59:	48 89 c7             	mov    rdi,rax
  402a5c:	e8 5f f8 ff ff       	call   4022c0 <fwrite@plt>
  402a61:	48 39 45 d8          	cmp    QWORD PTR [rbp-0x28],rax
  402a65:	74 07                	je     402a6e <_ZL10save_ticksPKcPKmm+0x56>
  402a67:	b8 01 00 00 00       	mov    eax,0x1
  402a6c:	eb 05                	jmp    402a73 <_ZL10save_ticksPKcPKmm+0x5b>
  402a6e:	b8 00 00 00 00       	mov    eax,0x0
  402a73:	84 c0                	test   al,al
  402a75:	74 0a                	je     402a81 <_ZL10save_ticksPKcPKmm+0x69>
  402a77:	bf ac 61 40 00       	mov    edi,0x4061ac
  402a7c:	e8 a6 f9 ff ff       	call   402427 <_ZL4failPKc>
  402a81:	48 8b 45 f8          	mov    rax,QWORD PTR [rbp-0x8]
  402a85:	48 89 c7             	mov    rdi,rax
  402a88:	e8 d3 f6 ff ff       	call   402160 <fclose@plt>
  402a8d:	85 c0                	test   eax,eax
  402a8f:	0f 95 c0             	setne  al
  402a92:	84 c0                	test   al,al
  402a94:	74 0a                	je     402aa0 <_ZL10save_ticksPKcPKmm+0x88>
  402a96:	bf b7 61 40 00       	mov    edi,0x4061b7
  402a9b:	e8 87 f9 ff ff       	call   402427 <_ZL4failPKc>
  402aa0:	90                   	nop
  402aa1:	c9                   	leave  
  402aa2:	c3                   	ret    

0000000000402aa3 <_ZL9log_usageRK6rusageS1_>:
  402aa3:	55                   	push   rbp
  402aa4:	48 89 e5             	mov    rbp,rsp
  402aa7:	41 56                	push   r14
  402aa9:	41 55                	push   r13
  402aab:	41 54                	push   r12
  402aad:	53                   	push   rbx
  402aae:	48 83 ec 10          	sub    rsp,0x10
  402ab2:	48 89 7d d8          	mov    QWORD PTR [rbp-0x28],rdi
  402ab6:	48 89 75 d0          	mov    QWORD PTR [rbp-0x30],rsi
  402aba:	48 8b 45 d0          	mov    rax,QWORD PTR [rbp-0x30]
  402abe:	48 8b 90 88 00 00 00 	mov    rdx,QWORD PTR [rax+0x88]
  402ac5:	48 8b 45 d8          	mov    rax,QWORD PTR [rbp-0x28]
  402ac9:	48 8b 80 88 00 00 00 	mov    rax,QWORD PTR [rax+0x88]
  402ad0:	48 29 c2             	sub    rdx,rax
  402ad3:	49 89 d4             	mov    r12,rdx
  402ad6:	48 8b 45 d0          	mov    rax,QWORD PTR [rbp-0x30]
  402ada:	48 8b 90 80 00 00 00 	mov    rdx,QWORD PTR [rax+0x80]
  402ae1:	48 8b 45 d8          	mov    rax,QWORD PTR [rbp-0x28]
  402ae5:	48 8b 80 80 00 00 00 	mov    rax,QWORD PTR [rax+0x80]
  402aec:	48 29 c2             	sub    rdx,rax
  402aef:	49 89 d6             	mov    r14,rdx
  402af2:	48 8b 45 d0          	mov    rax,QWORD PTR [rbp-0x30]
  402af6:	48 8b 50 48          	mov    rdx,QWORD PTR [rax+0x48]
  402afa:	48 8b 45 d8          	mov    rax,QWORD PTR [rbp-0x28]
  402afe:	48 8b 40 48          	mov    rax,QWORD PTR [rax+0x48]
  402b02:	48 29 c2             	sub    rdx,rax
  402b05:	49 89 d5             	mov    r13,rdx
  402b08:	48 8b 45 d0          	mov    rax,QWORD PTR [rbp-0x30]
  402b0c:	48 8b 50 40          	mov    rdx,QWORD PTR [rax+0x40]
  402b10:	48 8b 45 d8          	mov    rax,QWORD PTR [rbp-0x28]
  402b14:	48 8b 40 40          	mov    rax,QWORD PTR [rax+0x40]
  402b18:	48 89 d3             	mov    rbx,rdx
  402b1b:	48 29 c3             	sub    rbx,rax
  402b1e:	e8 dd f6 ff ff       	call   402200 <sched_getcpu@plt>
  402b23:	89 c2                	mov    edx,eax
  402b25:	48 8b 05 54 66 00 00 	mov    rax,QWORD PTR [rip+0x6654]        # 409180 <stderr@@GLIBC_2.2.5>
  402b2c:	48 83 ec 08          	sub    rsp,0x8
  402b30:	41 54                	push   r12
  402b32:	4d 89 f1             	mov    r9,r14
  402b35:	4d 89 e8             	mov    r8,r13
  402b38:	48 89 d9             	mov    rcx,rbx
  402b3b:	be c8 61 40 00       	mov    esi,0x4061c8
  402b40:	48 89 c7             	mov    rdi,rax
  402b43:	b8 00 00 00 00       	mov    eax,0x0
  402b48:	e8 e3 f6 ff ff       	call   402230 <fprintf@plt>
  402b4d:	48 83 c4 10          	add    rsp,0x10
  402b51:	90                   	nop
  402b52:	48 8d 65 e0          	lea    rsp,[rbp-0x20]
  402b56:	5b                   	pop    rbx
  402b57:	41 5c                	pop    r12
  402b59:	41 5d                	pop    r13
  402b5b:	41 5e                	pop    r14
  402b5d:	5d                   	pop    rbp
  402b5e:	c3                   	ret    

0000000000402b5f <_ZL11log_mappingPKvPKc>:
  402b5f:	55                   	push   rbp
  402b60:	48 89 e5             	mov    rbp,rsp
  402b63:	48 81 ec 40 02 00 00 	sub    rsp,0x240
  402b6a:	48 89 bd c8 fd ff ff 	mov    QWORD PTR [rbp-0x238],rdi
  402b71:	48 89 b5 c0 fd ff ff 	mov    QWORD PTR [rbp-0x240],rsi
  402b78:	be 26 62 40 00       	mov    esi,0x406226
  402b7d:	bf 28 62 40 00       	mov    edi,0x406228
  402b82:	e8 19 f6 ff ff       	call   4021a0 <fopen@plt>
  402b87:	48 89 45 e8          	mov    QWORD PTR [rbp-0x18],rax
  402b8b:	48 83 7d e8 00       	cmp    QWORD PTR [rbp-0x18],0x0
  402b90:	75 0a                	jne    402b9c <_ZL11log_mappingPKvPKc+0x3d>
  402b92:	bf 39 62 40 00       	mov    edi,0x406239
  402b97:	e8 8b f8 ff ff       	call   402427 <_ZL4failPKc>
  402b9c:	48 c7 85 d8 fd ff ff 	mov    QWORD PTR [rbp-0x228],0x0
  402ba3:	00 00 00 00 
  402ba7:	48 c7 85 d0 fd ff ff 	mov    QWORD PTR [rbp-0x230],0x0
  402bae:	00 00 00 00 
  402bb2:	48 c7 45 f8 00 00 00 	mov    QWORD PTR [rbp-0x8],0x0
  402bb9:	00 
  402bba:	c6 45 f7 00          	mov    BYTE PTR [rbp-0x9],0x0
  402bbe:	e8 3d f6 ff ff       	call   402200 <sched_getcpu@plt>
  402bc3:	89 c6                	mov    esi,eax
  402bc5:	48 8b 05 b4 65 00 00 	mov    rax,QWORD PTR [rip+0x65b4]        # 409180 <stderr@@GLIBC_2.2.5>
  402bcc:	48 8b 8d c8 fd ff ff 	mov    rcx,QWORD PTR [rbp-0x238]
  402bd3:	48 8b 95 c0 fd ff ff 	mov    rdx,QWORD PTR [rbp-0x240]
  402bda:	41 89 f0             	mov    r8d,esi
  402bdd:	be 3f 62 40 00       	mov    esi,0x40623f
  402be2:	48 89 c7             	mov    rdi,rax
  402be5:	b8 00 00 00 00       	mov    eax,0x0
  402bea:	e8 41 f6 ff ff       	call   402230 <fprintf@plt>
  402bef:	e9 ed 00 00 00       	jmp    402ce1 <_ZL11log_mappingPKvPKc+0x182>
  402bf4:	48 8d 8d d0 fd ff ff 	lea    rcx,[rbp-0x230]
  402bfb:	48 8d 95 d8 fd ff ff 	lea    rdx,[rbp-0x228]
  402c02:	48 8d 85 e0 fd ff ff 	lea    rax,[rbp-0x220]
  402c09:	be 5a 62 40 00       	mov    esi,0x40625a
  402c0e:	48 89 c7             	mov    rdi,rax
  402c11:	b8 00 00 00 00       	mov    eax,0x0
  402c16:	e8 25 f5 ff ff       	call   402140 <__isoc99_sscanf@plt>
  402c1b:	83 f8 02             	cmp    eax,0x2
  402c1e:	0f 94 c0             	sete   al
  402c21:	84 c0                	test   al,al
  402c23:	74 46                	je     402c6b <_ZL11log_mappingPKvPKc+0x10c>
  402c25:	48 8b 95 c8 fd ff ff 	mov    rdx,QWORD PTR [rbp-0x238]
  402c2c:	48 8b 85 d8 fd ff ff 	mov    rax,QWORD PTR [rbp-0x228]
  402c33:	48 39 c2             	cmp    rdx,rax
  402c36:	72 1a                	jb     402c52 <_ZL11log_mappingPKvPKc+0xf3>
  402c38:	48 8b 95 c8 fd ff ff 	mov    rdx,QWORD PTR [rbp-0x238]
  402c3f:	48 8b 85 d0 fd ff ff 	mov    rax,QWORD PTR [rbp-0x230]
  402c46:	48 39 c2             	cmp    rdx,rax
  402c49:	73 07                	jae    402c52 <_ZL11log_mappingPKvPKc+0xf3>
  402c4b:	b8 01 00 00 00       	mov    eax,0x1
  402c50:	eb 05                	jmp    402c57 <_ZL11log_mappingPKvPKc+0xf8>
  402c52:	b8 00 00 00 00       	mov    eax,0x0
  402c57:	88 45 f7             	mov    BYTE PTR [rbp-0x9],al
  402c5a:	80 7d f7 00          	cmp    BYTE PTR [rbp-0x9],0x0
  402c5e:	74 0b                	je     402c6b <_ZL11log_mappingPKvPKc+0x10c>
  402c60:	48 8b 85 d8 fd ff ff 	mov    rax,QWORD PTR [rbp-0x228]
  402c67:	48 89 45 f8          	mov    QWORD PTR [rbp-0x8],rax
  402c6b:	80 7d f7 00          	cmp    BYTE PTR [rbp-0x9],0x0
  402c6f:	74 70                	je     402ce1 <_ZL11log_mappingPKvPKc+0x182>
  402c71:	48 8d 85 e0 fd ff ff 	lea    rax,[rbp-0x220]
  402c78:	ba 0e 00 00 00       	mov    edx,0xe
  402c7d:	be 62 62 40 00       	mov    esi,0x406262
  402c82:	48 89 c7             	mov    rdi,rax
  402c85:	e8 06 f4 ff ff       	call   402090 <strncmp@plt>
  402c8a:	85 c0                	test   eax,eax
  402c8c:	74 3a                	je     402cc8 <_ZL11log_mappingPKvPKc+0x169>
  402c8e:	48 8d 85 e0 fd ff ff 	lea    rax,[rbp-0x220]
  402c95:	ba 0f 00 00 00       	mov    edx,0xf
  402c9a:	be 71 62 40 00       	mov    esi,0x406271
  402c9f:	48 89 c7             	mov    rdi,rax
  402ca2:	e8 e9 f3 ff ff       	call   402090 <strncmp@plt>
  402ca7:	85 c0                	test   eax,eax
  402ca9:	74 1d                	je     402cc8 <_ZL11log_mappingPKvPKc+0x169>
  402cab:	48 8d 85 e0 fd ff ff 	lea    rax,[rbp-0x220]
  402cb2:	ba 05 00 00 00       	mov    edx,0x5
  402cb7:	be 81 62 40 00       	mov    esi,0x406281
  402cbc:	48 89 c7             	mov    rdi,rax
  402cbf:	e8 cc f3 ff ff       	call   402090 <strncmp@plt>
  402cc4:	85 c0                	test   eax,eax
  402cc6:	75 19                	jne    402ce1 <_ZL11log_mappingPKvPKc+0x182>
  402cc8:	48 8b 15 b1 64 00 00 	mov    rdx,QWORD PTR [rip+0x64b1]        # 409180 <stderr@@GLIBC_2.2.5>
  402ccf:	48 8d 85 e0 fd ff ff 	lea    rax,[rbp-0x220]
  402cd6:	48 89 d6             	mov    rsi,rdx
  402cd9:	48 89 c7             	mov    rdi,rax
  402cdc:	e8 af f4 ff ff       	call   402190 <fputs@plt>
  402ce1:	48 8b 55 e8          	mov    rdx,QWORD PTR [rbp-0x18]
  402ce5:	48 8d 85 e0 fd ff ff 	lea    rax,[rbp-0x220]
  402cec:	be 00 02 00 00       	mov    esi,0x200
  402cf1:	48 89 c7             	mov    rdi,rax
  402cf4:	e8 77 f5 ff ff       	call   402270 <fgets@plt>
  402cf9:	48 85 c0             	test   rax,rax
  402cfc:	0f 95 c0             	setne  al
  402cff:	84 c0                	test   al,al
  402d01:	0f 85 ed fe ff ff    	jne    402bf4 <_ZL11log_mappingPKvPKc+0x95>
  402d07:	48 8b 45 e8          	mov    rax,QWORD PTR [rbp-0x18]
  402d0b:	48 89 c7             	mov    rdi,rax
  402d0e:	e8 4d f4 ff ff       	call   402160 <fclose@plt>
  402d13:	be 26 62 40 00       	mov    esi,0x406226
  402d18:	bf 87 62 40 00       	mov    edi,0x406287
  402d1d:	e8 7e f4 ff ff       	call   4021a0 <fopen@plt>
  402d22:	48 89 45 e8          	mov    QWORD PTR [rbp-0x18],rax
  402d26:	48 83 7d e8 00       	cmp    QWORD PTR [rbp-0x18],0x0
  402d2b:	75 6e                	jne    402d9b <_ZL11log_mappingPKvPKc+0x23c>
  402d2d:	bf 9c 62 40 00       	mov    edi,0x40629c
  402d32:	e8 f0 f6 ff ff       	call   402427 <_ZL4failPKc>
  402d37:	eb 62                	jmp    402d9b <_ZL11log_mappingPKvPKc+0x23c>
  402d39:	48 8d 95 d8 fd ff ff 	lea    rdx,[rbp-0x228]
  402d40:	48 8d 85 e0 fd ff ff 	lea    rax,[rbp-0x220]
  402d47:	be a6 62 40 00       	mov    esi,0x4062a6
  402d4c:	48 89 c7             	mov    rdi,rax
  402d4f:	b8 00 00 00 00       	mov    eax,0x0
  402d54:	e8 e7 f3 ff ff       	call   402140 <__isoc99_sscanf@plt>
  402d59:	83 f8 01             	cmp    eax,0x1
  402d5c:	75 14                	jne    402d72 <_ZL11log_mappingPKvPKc+0x213>
  402d5e:	48 8b 85 d8 fd ff ff 	mov    rax,QWORD PTR [rbp-0x228]
  402d65:	48 39 45 f8          	cmp    QWORD PTR [rbp-0x8],rax
  402d69:	75 07                	jne    402d72 <_ZL11log_mappingPKvPKc+0x213>
  402d6b:	b8 01 00 00 00       	mov    eax,0x1
  402d70:	eb 05                	jmp    402d77 <_ZL11log_mappingPKvPKc+0x218>
  402d72:	b8 00 00 00 00       	mov    eax,0x0
  402d77:	84 c0                	test   al,al
  402d79:	74 20                	je     402d9b <_ZL11log_mappingPKvPKc+0x23c>
  402d7b:	48 8b 05 fe 63 00 00 	mov    rax,QWORD PTR [rip+0x63fe]        # 409180 <stderr@@GLIBC_2.2.5>
  402d82:	48 8d 95 e0 fd ff ff 	lea    rdx,[rbp-0x220]
  402d89:	be aa 62 40 00       	mov    esi,0x4062aa
  402d8e:	48 89 c7             	mov    rdi,rax
  402d91:	b8 00 00 00 00       	mov    eax,0x0
  402d96:	e8 95 f4 ff ff       	call   402230 <fprintf@plt>
  402d9b:	48 8b 55 e8          	mov    rdx,QWORD PTR [rbp-0x18]
  402d9f:	48 8d 85 e0 fd ff ff 	lea    rax,[rbp-0x220]
  402da6:	be 00 02 00 00       	mov    esi,0x200
  402dab:	48 89 c7             	mov    rdi,rax
  402dae:	e8 bd f4 ff ff       	call   402270 <fgets@plt>
  402db3:	48 85 c0             	test   rax,rax
  402db6:	0f 95 c0             	setne  al
  402db9:	84 c0                	test   al,al
  402dbb:	0f 85 78 ff ff ff    	jne    402d39 <_ZL11log_mappingPKvPKc+0x1da>
  402dc1:	48 8b 45 e8          	mov    rax,QWORD PTR [rbp-0x18]
  402dc5:	48 89 c7             	mov    rdi,rax
  402dc8:	e8 93 f3 ff ff       	call   402160 <fclose@plt>
  402dcd:	90                   	nop
  402dce:	c9                   	leave  
  402dcf:	c3                   	ret    

0000000000402dd0 <_ZL9tsc_startv>:
  402dd0:	55                   	push   rbp
  402dd1:	48 89 e5             	mov    rbp,rsp
  402dd4:	e8 fd f5 ff ff       	call   4023d6 <_ZL11timer_startv>
  402dd9:	5d                   	pop    rbp
  402dda:	c3                   	ret    

0000000000402ddb <_ZL8tsc_stopv>:
  402ddb:	55                   	push   rbp
  402ddc:	48 89 e5             	mov    rbp,rsp
  402ddf:	e8 12 f6 ff ff       	call   4023f6 <_ZL10timer_stopv>
  402de4:	5d                   	pop    rbp
  402de5:	c3                   	ret    

0000000000402de6 <_Z10parse_argsiPPcR6Config>:
  402de6:	55                   	push   rbp
  402de7:	48 89 e5             	mov    rbp,rsp
  402dea:	41 54                	push   r12
  402dec:	53                   	push   rbx
  402ded:	48 81 ec d0 01 00 00 	sub    rsp,0x1d0
  402df4:	89 bd 3c fe ff ff    	mov    DWORD PTR [rbp-0x1c4],edi
  402dfa:	48 89 b5 30 fe ff ff 	mov    QWORD PTR [rbp-0x1d0],rsi
  402e01:	48 89 95 28 fe ff ff 	mov    QWORD PTR [rbp-0x1d8],rdx
  402e08:	48 8b 85 28 fe ff ff 	mov    rax,QWORD PTR [rbp-0x1d8]
  402e0f:	48 c7 80 d8 00 00 00 	mov    QWORD PTR [rax+0xd8],0x0
  402e16:	00 00 00 00 
  402e1a:	c7 45 ec 01 00 00 00 	mov    DWORD PTR [rbp-0x14],0x1
  402e21:	e9 ec 08 00 00       	jmp    403712 <_Z10parse_argsiPPcR6Config+0x92c>
  402e26:	48 8d 85 6f fe ff ff 	lea    rax,[rbp-0x191]
  402e2d:	48 89 c7             	mov    rdi,rax
  402e30:	e8 7b f4 ff ff       	call   4022b0 <_ZNSaIcEC1Ev@plt>
  402e35:	8b 45 ec             	mov    eax,DWORD PTR [rbp-0x14]
  402e38:	48 98                	cdqe   
  402e3a:	48 8d 14 c5 00 00 00 	lea    rdx,[rax*8+0x0]
  402e41:	00 
  402e42:	48 8b 85 30 fe ff ff 	mov    rax,QWORD PTR [rbp-0x1d0]
  402e49:	48 01 d0             	add    rax,rdx
  402e4c:	48 8b 08             	mov    rcx,QWORD PTR [rax]
  402e4f:	48 8d 95 6f fe ff ff 	lea    rdx,[rbp-0x191]
  402e56:	48 8d 85 40 fe ff ff 	lea    rax,[rbp-0x1c0]
  402e5d:	48 89 ce             	mov    rsi,rcx
  402e60:	48 89 c7             	mov    rdi,rax
  402e63:	e8 88 f3 ff ff       	call   4021f0 <_ZNSt7__cxx1112basic_stringIcSt11char_traitsIcESaIcEEC1EPKcRKS3_@plt>
  402e68:	48 8d 85 6f fe ff ff 	lea    rax,[rbp-0x191]
  402e6f:	48 89 c7             	mov    rdi,rax
  402e72:	e8 09 f3 ff ff       	call   402180 <_ZNSaIcED1Ev@plt>
  402e77:	48 8d 85 40 fe ff ff 	lea    rax,[rbp-0x1c0]
  402e7e:	be bb 62 40 00       	mov    esi,0x4062bb
  402e83:	48 89 c7             	mov    rdi,rax
  402e86:	e8 5e 17 00 00       	call   4045e9 <_ZSteqIcSt11char_traitsIcESaIcEEbRKNSt7__cxx1112basic_stringIT_T0_T1_EEPKS5_>
  402e8b:	84 c0                	test   al,al
  402e8d:	74 15                	je     402ea4 <_Z10parse_argsiPPcR6Config+0xbe>
  402e8f:	8b 45 ec             	mov    eax,DWORD PTR [rbp-0x14]
  402e92:	83 c0 01             	add    eax,0x1
  402e95:	39 85 3c fe ff ff    	cmp    DWORD PTR [rbp-0x1c4],eax
  402e9b:	7e 07                	jle    402ea4 <_Z10parse_argsiPPcR6Config+0xbe>
  402e9d:	b8 01 00 00 00       	mov    eax,0x1
  402ea2:	eb 05                	jmp    402ea9 <_Z10parse_argsiPPcR6Config+0xc3>
  402ea4:	b8 00 00 00 00       	mov    eax,0x0
  402ea9:	84 c0                	test   al,al
  402eab:	74 35                	je     402ee2 <_Z10parse_argsiPPcR6Config+0xfc>
  402ead:	83 45 ec 01          	add    DWORD PTR [rbp-0x14],0x1
  402eb1:	8b 45 ec             	mov    eax,DWORD PTR [rbp-0x14]
  402eb4:	48 98                	cdqe   
  402eb6:	48 8d 14 c5 00 00 00 	lea    rdx,[rax*8+0x0]
  402ebd:	00 
  402ebe:	48 8b 85 30 fe ff ff 	mov    rax,QWORD PTR [rbp-0x1d0]
  402ec5:	48 01 d0             	add    rax,rdx
  402ec8:	48 8b 10             	mov    rdx,QWORD PTR [rax]
  402ecb:	48 8b 85 28 fe ff ff 	mov    rax,QWORD PTR [rbp-0x1d8]
  402ed2:	48 89 d6             	mov    rsi,rdx
  402ed5:	48 89 c7             	mov    rdi,rax
  402ed8:	e8 03 f3 ff ff       	call   4021e0 <_ZNSt7__cxx1112basic_stringIcSt11char_traitsIcESaIcEEaSEPKc@plt>
  402edd:	e9 0d 08 00 00       	jmp    4036ef <_Z10parse_argsiPPcR6Config+0x909>
  402ee2:	48 8d 85 40 fe ff ff 	lea    rax,[rbp-0x1c0]
  402ee9:	be c8 62 40 00       	mov    esi,0x4062c8
  402eee:	48 89 c7             	mov    rdi,rax
  402ef1:	e8 f3 16 00 00       	call   4045e9 <_ZSteqIcSt11char_traitsIcESaIcEEbRKNSt7__cxx1112basic_stringIT_T0_T1_EEPKS5_>
  402ef6:	84 c0                	test   al,al
  402ef8:	74 15                	je     402f0f <_Z10parse_argsiPPcR6Config+0x129>
  402efa:	8b 45 ec             	mov    eax,DWORD PTR [rbp-0x14]
  402efd:	83 c0 01             	add    eax,0x1
  402f00:	39 85 3c fe ff ff    	cmp    DWORD PTR [rbp-0x1c4],eax
  402f06:	7e 07                	jle    402f0f <_Z10parse_argsiPPcR6Config+0x129>
  402f08:	b8 01 00 00 00       	mov    eax,0x1
  402f0d:	eb 05                	jmp    402f14 <_Z10parse_argsiPPcR6Config+0x12e>
  402f0f:	b8 00 00 00 00       	mov    eax,0x0
  402f14:	84 c0                	test   al,al
  402f16:	74 39                	je     402f51 <_Z10parse_argsiPPcR6Config+0x16b>
  402f18:	83 45 ec 01          	add    DWORD PTR [rbp-0x14],0x1
  402f1c:	8b 45 ec             	mov    eax,DWORD PTR [rbp-0x14]
  402f1f:	48 98                	cdqe   
  402f21:	48 8d 14 c5 00 00 00 	lea    rdx,[rax*8+0x0]
  402f28:	00 
  402f29:	48 8b 85 30 fe ff ff 	mov    rax,QWORD PTR [rbp-0x1d0]
  402f30:	48 01 d0             	add    rax,rdx
  402f33:	48 8b 00             	mov    rax,QWORD PTR [rax]
  402f36:	48 8b 95 28 fe ff ff 	mov    rdx,QWORD PTR [rbp-0x1d8]
  402f3d:	48 83 c2 20          	add    rdx,0x20
  402f41:	48 89 c6             	mov    rsi,rax
  402f44:	48 89 d7             	mov    rdi,rdx
  402f47:	e8 94 f2 ff ff       	call   4021e0 <_ZNSt7__cxx1112basic_stringIcSt11char_traitsIcESaIcEEaSEPKc@plt>
  402f4c:	e9 9e 07 00 00       	jmp    4036ef <_Z10parse_argsiPPcR6Config+0x909>
  402f51:	48 8d 85 40 fe ff ff 	lea    rax,[rbp-0x1c0]
  402f58:	be d5 62 40 00       	mov    esi,0x4062d5
  402f5d:	48 89 c7             	mov    rdi,rax
  402f60:	e8 84 16 00 00       	call   4045e9 <_ZSteqIcSt11char_traitsIcESaIcEEbRKNSt7__cxx1112basic_stringIT_T0_T1_EEPKS5_>
  402f65:	84 c0                	test   al,al
  402f67:	74 15                	je     402f7e <_Z10parse_argsiPPcR6Config+0x198>
  402f69:	8b 45 ec             	mov    eax,DWORD PTR [rbp-0x14]
  402f6c:	83 c0 01             	add    eax,0x1
  402f6f:	39 85 3c fe ff ff    	cmp    DWORD PTR [rbp-0x1c4],eax
  402f75:	7e 07                	jle    402f7e <_Z10parse_argsiPPcR6Config+0x198>
  402f77:	b8 01 00 00 00       	mov    eax,0x1
  402f7c:	eb 05                	jmp    402f83 <_Z10parse_argsiPPcR6Config+0x19d>
  402f7e:	b8 00 00 00 00       	mov    eax,0x0
  402f83:	84 c0                	test   al,al
  402f85:	74 39                	je     402fc0 <_Z10parse_argsiPPcR6Config+0x1da>
  402f87:	83 45 ec 01          	add    DWORD PTR [rbp-0x14],0x1
  402f8b:	8b 45 ec             	mov    eax,DWORD PTR [rbp-0x14]
  402f8e:	48 98                	cdqe   
  402f90:	48 8d 14 c5 00 00 00 	lea    rdx,[rax*8+0x0]
  402f97:	00 
  402f98:	48 8b 85 30 fe ff ff 	mov    rax,QWORD PTR [rbp-0x1d0]
  402f9f:	48 01 d0             	add    rax,rdx
  402fa2:	48 8b 00             	mov    rax,QWORD PTR [rax]
  402fa5:	48 8b 95 28 fe ff ff 	mov    rdx,QWORD PTR [rbp-0x1d8]
  402fac:	48 83 c2 40          	add    rdx,0x40
  402fb0:	48 89 c6             	mov    rsi,rax
  402fb3:	48 89 d7             	mov    rdi,rdx
  402fb6:	e8 25 f2 ff ff       	call   4021e0 <_ZNSt7__cxx1112basic_stringIcSt11char_traitsIcESaIcEEaSEPKc@plt>
  402fbb:	e9 2f 07 00 00       	jmp    4036ef <_Z10parse_argsiPPcR6Config+0x909>
  402fc0:	48 8d 85 40 fe ff ff 	lea    rax,[rbp-0x1c0]
  402fc7:	be e4 62 40 00       	mov    esi,0x4062e4
  402fcc:	48 89 c7             	mov    rdi,rax
  402fcf:	e8 15 16 00 00       	call   4045e9 <_ZSteqIcSt11char_traitsIcESaIcEEbRKNSt7__cxx1112basic_stringIT_T0_T1_EEPKS5_>
  402fd4:	84 c0                	test   al,al
  402fd6:	74 15                	je     402fed <_Z10parse_argsiPPcR6Config+0x207>
  402fd8:	8b 45 ec             	mov    eax,DWORD PTR [rbp-0x14]
  402fdb:	83 c0 01             	add    eax,0x1
  402fde:	39 85 3c fe ff ff    	cmp    DWORD PTR [rbp-0x1c4],eax
  402fe4:	7e 07                	jle    402fed <_Z10parse_argsiPPcR6Config+0x207>
  402fe6:	b8 01 00 00 00       	mov    eax,0x1
  402feb:	eb 05                	jmp    402ff2 <_Z10parse_argsiPPcR6Config+0x20c>
  402fed:	b8 00 00 00 00       	mov    eax,0x0
  402ff2:	84 c0                	test   al,al
  402ff4:	0f 84 8d 00 00 00    	je     403087 <_Z10parse_argsiPPcR6Config+0x2a1>
  402ffa:	48 8d 85 9f fe ff ff 	lea    rax,[rbp-0x161]
  403001:	48 89 c7             	mov    rdi,rax
  403004:	e8 a7 f2 ff ff       	call   4022b0 <_ZNSaIcEC1Ev@plt>
  403009:	83 45 ec 01          	add    DWORD PTR [rbp-0x14],0x1
  40300d:	8b 45 ec             	mov    eax,DWORD PTR [rbp-0x14]
  403010:	48 98                	cdqe   
  403012:	48 8d 14 c5 00 00 00 	lea    rdx,[rax*8+0x0]
  403019:	00 
  40301a:	48 8b 85 30 fe ff ff 	mov    rax,QWORD PTR [rbp-0x1d0]
  403021:	48 01 d0             	add    rax,rdx
  403024:	48 8b 08             	mov    rcx,QWORD PTR [rax]
  403027:	48 8d 95 9f fe ff ff 	lea    rdx,[rbp-0x161]
  40302e:	48 8d 85 70 fe ff ff 	lea    rax,[rbp-0x190]
  403035:	48 89 ce             	mov    rsi,rcx
  403038:	48 89 c7             	mov    rdi,rax
  40303b:	e8 b0 f1 ff ff       	call   4021f0 <_ZNSt7__cxx1112basic_stringIcSt11char_traitsIcESaIcEEC1EPKcRKS3_@plt>
  403040:	48 8d 85 70 fe ff ff 	lea    rax,[rbp-0x190]
  403047:	ba 0a 00 00 00       	mov    edx,0xa
  40304c:	be 00 00 00 00       	mov    esi,0x0
  403051:	48 89 c7             	mov    rdi,rax
  403054:	e8 a8 13 00 00       	call   404401 <_ZNSt7__cxx115stoulERKNS_12basic_stringIcSt11char_traitsIcESaIcEEEPmi>
  403059:	48 8b 95 28 fe ff ff 	mov    rdx,QWORD PTR [rbp-0x1d8]
  403060:	48 89 42 60          	mov    QWORD PTR [rdx+0x60],rax
  403064:	48 8d 85 70 fe ff ff 	lea    rax,[rbp-0x190]
  40306b:	48 89 c7             	mov    rdi,rax
  40306e:	e8 6d f0 ff ff       	call   4020e0 <_ZNSt7__cxx1112basic_stringIcSt11char_traitsIcESaIcEED1Ev@plt>
  403073:	48 8d 85 9f fe ff ff 	lea    rax,[rbp-0x161]
  40307a:	48 89 c7             	mov    rdi,rax
  40307d:	e8 fe f0 ff ff       	call   402180 <_ZNSaIcED1Ev@plt>
  403082:	e9 68 06 00 00       	jmp    4036ef <_Z10parse_argsiPPcR6Config+0x909>
  403087:	48 8d 85 40 fe ff ff 	lea    rax,[rbp-0x1c0]
  40308e:	be ed 62 40 00       	mov    esi,0x4062ed
  403093:	48 89 c7             	mov    rdi,rax
  403096:	e8 4e 15 00 00       	call   4045e9 <_ZSteqIcSt11char_traitsIcESaIcEEbRKNSt7__cxx1112basic_stringIT_T0_T1_EEPKS5_>
  40309b:	84 c0                	test   al,al
  40309d:	74 15                	je     4030b4 <_Z10parse_argsiPPcR6Config+0x2ce>
  40309f:	8b 45 ec             	mov    eax,DWORD PTR [rbp-0x14]
  4030a2:	83 c0 01             	add    eax,0x1
  4030a5:	39 85 3c fe ff ff    	cmp    DWORD PTR [rbp-0x1c4],eax
  4030ab:	7e 07                	jle    4030b4 <_Z10parse_argsiPPcR6Config+0x2ce>
  4030ad:	b8 01 00 00 00       	mov    eax,0x1
  4030b2:	eb 05                	jmp    4030b9 <_Z10parse_argsiPPcR6Config+0x2d3>
  4030b4:	b8 00 00 00 00       	mov    eax,0x0
  4030b9:	84 c0                	test   al,al
  4030bb:	0f 84 8d 00 00 00    	je     40314e <_Z10parse_argsiPPcR6Config+0x368>
  4030c1:	48 8d 85 cf fe ff ff 	lea    rax,[rbp-0x131]
  4030c8:	48 89 c7             	mov    rdi,rax
  4030cb:	e8 e0 f1 ff ff       	call   4022b0 <_ZNSaIcEC1Ev@plt>
  4030d0:	83 45 ec 01          	add    DWORD PTR [rbp-0x14],0x1
  4030d4:	8b 45 ec             	mov    eax,DWORD PTR [rbp-0x14]
  4030d7:	48 98                	cdqe   
  4030d9:	48 8d 14 c5 00 00 00 	lea    rdx,[rax*8+0x0]
  4030e0:	00 
  4030e1:	48 8b 85 30 fe ff ff 	mov    rax,QWORD PTR [rbp-0x1d0]
  4030e8:	48 01 d0             	add    rax,rdx
  4030eb:	48 8b 08             	mov    rcx,QWORD PTR [rax]
  4030ee:	48 8d 95 cf fe ff ff 	lea    rdx,[rbp-0x131]
  4030f5:	48 8d 85 a0 fe ff ff 	lea    rax,[rbp-0x160]
  4030fc:	48 89 ce             	mov    rsi,rcx
  4030ff:	48 89 c7             	mov    rdi,rax
  403102:	e8 e9 f0 ff ff       	call   4021f0 <_ZNSt7__cxx1112basic_stringIcSt11char_traitsIcESaIcEEC1EPKcRKS3_@plt>
  403107:	48 8d 85 a0 fe ff ff 	lea    rax,[rbp-0x160]
  40310e:	ba 0a 00 00 00       	mov    edx,0xa
  403113:	be 00 00 00 00       	mov    esi,0x0
  403118:	48 89 c7             	mov    rdi,rax
  40311b:	e8 e1 12 00 00       	call   404401 <_ZNSt7__cxx115stoulERKNS_12basic_stringIcSt11char_traitsIcESaIcEEEPmi>
  403120:	48 8b 95 28 fe ff ff 	mov    rdx,QWORD PTR [rbp-0x1d8]
  403127:	48 89 42 68          	mov    QWORD PTR [rdx+0x68],rax
  40312b:	48 8d 85 a0 fe ff ff 	lea    rax,[rbp-0x160]
  403132:	48 89 c7             	mov    rdi,rax
  403135:	e8 a6 ef ff ff       	call   4020e0 <_ZNSt7__cxx1112basic_stringIcSt11char_traitsIcESaIcEED1Ev@plt>
  40313a:	48 8d 85 cf fe ff ff 	lea    rax,[rbp-0x131]
  403141:	48 89 c7             	mov    rdi,rax
  403144:	e8 37 f0 ff ff       	call   402180 <_ZNSaIcED1Ev@plt>
  403149:	e9 a1 05 00 00       	jmp    4036ef <_Z10parse_argsiPPcR6Config+0x909>
  40314e:	48 8d 85 40 fe ff ff 	lea    rax,[rbp-0x1c0]
  403155:	be f9 62 40 00       	mov    esi,0x4062f9
  40315a:	48 89 c7             	mov    rdi,rax
  40315d:	e8 87 14 00 00       	call   4045e9 <_ZSteqIcSt11char_traitsIcESaIcEEbRKNSt7__cxx1112basic_stringIT_T0_T1_EEPKS5_>
  403162:	84 c0                	test   al,al
  403164:	74 15                	je     40317b <_Z10parse_argsiPPcR6Config+0x395>
  403166:	8b 45 ec             	mov    eax,DWORD PTR [rbp-0x14]
  403169:	83 c0 01             	add    eax,0x1
  40316c:	39 85 3c fe ff ff    	cmp    DWORD PTR [rbp-0x1c4],eax
  403172:	7e 07                	jle    40317b <_Z10parse_argsiPPcR6Config+0x395>
  403174:	b8 01 00 00 00       	mov    eax,0x1
  403179:	eb 05                	jmp    403180 <_Z10parse_argsiPPcR6Config+0x39a>
  40317b:	b8 00 00 00 00       	mov    eax,0x0
  403180:	84 c0                	test   al,al
  403182:	0f 84 8d 00 00 00    	je     403215 <_Z10parse_argsiPPcR6Config+0x42f>
  403188:	48 8d 85 ff fe ff ff 	lea    rax,[rbp-0x101]
  40318f:	48 89 c7             	mov    rdi,rax
  403192:	e8 19 f1 ff ff       	call   4022b0 <_ZNSaIcEC1Ev@plt>
  403197:	83 45 ec 01          	add    DWORD PTR [rbp-0x14],0x1
  40319b:	8b 45 ec             	mov    eax,DWORD PTR [rbp-0x14]
  40319e:	48 98                	cdqe   
  4031a0:	48 8d 14 c5 00 00 00 	lea    rdx,[rax*8+0x0]
  4031a7:	00 
  4031a8:	48 8b 85 30 fe ff ff 	mov    rax,QWORD PTR [rbp-0x1d0]
  4031af:	48 01 d0             	add    rax,rdx
  4031b2:	48 8b 08             	mov    rcx,QWORD PTR [rax]
  4031b5:	48 8d 95 ff fe ff ff 	lea    rdx,[rbp-0x101]
  4031bc:	48 8d 85 d0 fe ff ff 	lea    rax,[rbp-0x130]
  4031c3:	48 89 ce             	mov    rsi,rcx
  4031c6:	48 89 c7             	mov    rdi,rax
  4031c9:	e8 22 f0 ff ff       	call   4021f0 <_ZNSt7__cxx1112basic_stringIcSt11char_traitsIcESaIcEEC1EPKcRKS3_@plt>
  4031ce:	48 8d 85 d0 fe ff ff 	lea    rax,[rbp-0x130]
  4031d5:	ba 0a 00 00 00       	mov    edx,0xa
  4031da:	be 00 00 00 00       	mov    esi,0x0
  4031df:	48 89 c7             	mov    rdi,rax
  4031e2:	e8 1a 12 00 00       	call   404401 <_ZNSt7__cxx115stoulERKNS_12basic_stringIcSt11char_traitsIcESaIcEEEPmi>
  4031e7:	48 8b 95 28 fe ff ff 	mov    rdx,QWORD PTR [rbp-0x1d8]
  4031ee:	48 89 42 70          	mov    QWORD PTR [rdx+0x70],rax
  4031f2:	48 8d 85 d0 fe ff ff 	lea    rax,[rbp-0x130]
  4031f9:	48 89 c7             	mov    rdi,rax
  4031fc:	e8 df ee ff ff       	call   4020e0 <_ZNSt7__cxx1112basic_stringIcSt11char_traitsIcESaIcEED1Ev@plt>
  403201:	48 8d 85 ff fe ff ff 	lea    rax,[rbp-0x101]
  403208:	48 89 c7             	mov    rdi,rax
  40320b:	e8 70 ef ff ff       	call   402180 <_ZNSaIcED1Ev@plt>
  403210:	e9 da 04 00 00       	jmp    4036ef <_Z10parse_argsiPPcR6Config+0x909>
  403215:	48 8d 85 40 fe ff ff 	lea    rax,[rbp-0x1c0]
  40321c:	be 05 63 40 00       	mov    esi,0x406305
  403221:	48 89 c7             	mov    rdi,rax
  403224:	e8 c0 13 00 00       	call   4045e9 <_ZSteqIcSt11char_traitsIcESaIcEEbRKNSt7__cxx1112basic_stringIT_T0_T1_EEPKS5_>
  403229:	84 c0                	test   al,al
  40322b:	74 15                	je     403242 <_Z10parse_argsiPPcR6Config+0x45c>
  40322d:	8b 45 ec             	mov    eax,DWORD PTR [rbp-0x14]
  403230:	83 c0 01             	add    eax,0x1
  403233:	39 85 3c fe ff ff    	cmp    DWORD PTR [rbp-0x1c4],eax
  403239:	7e 07                	jle    403242 <_Z10parse_argsiPPcR6Config+0x45c>
  40323b:	b8 01 00 00 00       	mov    eax,0x1
  403240:	eb 05                	jmp    403247 <_Z10parse_argsiPPcR6Config+0x461>
  403242:	b8 00 00 00 00       	mov    eax,0x0
  403247:	84 c0                	test   al,al
  403249:	0f 84 8d 00 00 00    	je     4032dc <_Z10parse_argsiPPcR6Config+0x4f6>
  40324f:	48 8d 85 2f ff ff ff 	lea    rax,[rbp-0xd1]
  403256:	48 89 c7             	mov    rdi,rax
  403259:	e8 52 f0 ff ff       	call   4022b0 <_ZNSaIcEC1Ev@plt>
  40325e:	83 45 ec 01          	add    DWORD PTR [rbp-0x14],0x1
  403262:	8b 45 ec             	mov    eax,DWORD PTR [rbp-0x14]
  403265:	48 98                	cdqe   
  403267:	48 8d 14 c5 00 00 00 	lea    rdx,[rax*8+0x0]
  40326e:	00 
  40326f:	48 8b 85 30 fe ff ff 	mov    rax,QWORD PTR [rbp-0x1d0]
  403276:	48 01 d0             	add    rax,rdx
  403279:	48 8b 08             	mov    rcx,QWORD PTR [rax]
  40327c:	48 8d 95 2f ff ff ff 	lea    rdx,[rbp-0xd1]
  403283:	48 8d 85 00 ff ff ff 	lea    rax,[rbp-0x100]
  40328a:	48 89 ce             	mov    rsi,rcx
  40328d:	48 89 c7             	mov    rdi,rax
  403290:	e8 5b ef ff ff       	call   4021f0 <_ZNSt7__cxx1112basic_stringIcSt11char_traitsIcESaIcEEC1EPKcRKS3_@plt>
  403295:	48 8d 85 00 ff ff ff 	lea    rax,[rbp-0x100]
  40329c:	ba 0a 00 00 00       	mov    edx,0xa
  4032a1:	be 00 00 00 00       	mov    esi,0x0
  4032a6:	48 89 c7             	mov    rdi,rax
  4032a9:	e8 53 11 00 00       	call   404401 <_ZNSt7__cxx115stoulERKNS_12basic_stringIcSt11char_traitsIcESaIcEEEPmi>
  4032ae:	48 8b 95 28 fe ff ff 	mov    rdx,QWORD PTR [rbp-0x1d8]
  4032b5:	48 89 42 78          	mov    QWORD PTR [rdx+0x78],rax
  4032b9:	48 8d 85 00 ff ff ff 	lea    rax,[rbp-0x100]
  4032c0:	48 89 c7             	mov    rdi,rax
  4032c3:	e8 18 ee ff ff       	call   4020e0 <_ZNSt7__cxx1112basic_stringIcSt11char_traitsIcESaIcEED1Ev@plt>
  4032c8:	48 8d 85 2f ff ff ff 	lea    rax,[rbp-0xd1]
  4032cf:	48 89 c7             	mov    rdi,rax
  4032d2:	e8 a9 ee ff ff       	call   402180 <_ZNSaIcED1Ev@plt>
  4032d7:	e9 13 04 00 00       	jmp    4036ef <_Z10parse_argsiPPcR6Config+0x909>
  4032dc:	48 8d 85 40 fe ff ff 	lea    rax,[rbp-0x1c0]
  4032e3:	be 0d 63 40 00       	mov    esi,0x40630d
  4032e8:	48 89 c7             	mov    rdi,rax
  4032eb:	e8 f9 12 00 00       	call   4045e9 <_ZSteqIcSt11char_traitsIcESaIcEEbRKNSt7__cxx1112basic_stringIT_T0_T1_EEPKS5_>
  4032f0:	84 c0                	test   al,al
  4032f2:	74 15                	je     403309 <_Z10parse_argsiPPcR6Config+0x523>
  4032f4:	8b 45 ec             	mov    eax,DWORD PTR [rbp-0x14]
  4032f7:	83 c0 01             	add    eax,0x1
  4032fa:	39 85 3c fe ff ff    	cmp    DWORD PTR [rbp-0x1c4],eax
  403300:	7e 07                	jle    403309 <_Z10parse_argsiPPcR6Config+0x523>
  403302:	b8 01 00 00 00       	mov    eax,0x1
  403307:	eb 05                	jmp    40330e <_Z10parse_argsiPPcR6Config+0x528>
  403309:	b8 00 00 00 00       	mov    eax,0x0
  40330e:	84 c0                	test   al,al
  403310:	0f 84 90 00 00 00    	je     4033a6 <_Z10parse_argsiPPcR6Config+0x5c0>
  403316:	48 8d 85 5f ff ff ff 	lea    rax,[rbp-0xa1]
  40331d:	48 89 c7             	mov    rdi,rax
  403320:	e8 8b ef ff ff       	call   4022b0 <_ZNSaIcEC1Ev@plt>
  403325:	83 45 ec 01          	add    DWORD PTR [rbp-0x14],0x1
  403329:	8b 45 ec             	mov    eax,DWORD PTR [rbp-0x14]
  40332c:	48 98                	cdqe   
  40332e:	48 8d 14 c5 00 00 00 	lea    rdx,[rax*8+0x0]
  403335:	00 
  403336:	48 8b 85 30 fe ff ff 	mov    rax,QWORD PTR [rbp-0x1d0]
  40333d:	48 01 d0             	add    rax,rdx
  403340:	48 8b 08             	mov    rcx,QWORD PTR [rax]
  403343:	48 8d 95 5f ff ff ff 	lea    rdx,[rbp-0xa1]
  40334a:	48 8d 85 30 ff ff ff 	lea    rax,[rbp-0xd0]
  403351:	48 89 ce             	mov    rsi,rcx
  403354:	48 89 c7             	mov    rdi,rax
  403357:	e8 94 ee ff ff       	call   4021f0 <_ZNSt7__cxx1112basic_stringIcSt11char_traitsIcESaIcEEC1EPKcRKS3_@plt>
  40335c:	48 8d 85 30 ff ff ff 	lea    rax,[rbp-0xd0]
  403363:	ba 0a 00 00 00       	mov    edx,0xa
  403368:	be 00 00 00 00       	mov    esi,0x0
  40336d:	48 89 c7             	mov    rdi,rax
  403370:	e8 8c 10 00 00       	call   404401 <_ZNSt7__cxx115stoulERKNS_12basic_stringIcSt11char_traitsIcESaIcEEEPmi>
  403375:	48 8b 95 28 fe ff ff 	mov    rdx,QWORD PTR [rbp-0x1d8]
  40337c:	48 89 82 80 00 00 00 	mov    QWORD PTR [rdx+0x80],rax
  403383:	48 8d 85 30 ff ff ff 	lea    rax,[rbp-0xd0]
  40338a:	48 89 c7             	mov    rdi,rax
  40338d:	e8 4e ed ff ff       	call   4020e0 <_ZNSt7__cxx1112basic_stringIcSt11char_traitsIcESaIcEED1Ev@plt>
  403392:	48 8d 85 5f ff ff ff 	lea    rax,[rbp-0xa1]
  403399:	48 89 c7             	mov    rdi,rax
  40339c:	e8 df ed ff ff       	call   402180 <_ZNSaIcED1Ev@plt>
  4033a1:	e9 49 03 00 00       	jmp    4036ef <_Z10parse_argsiPPcR6Config+0x909>
  4033a6:	48 8d 85 40 fe ff ff 	lea    rax,[rbp-0x1c0]
  4033ad:	be 17 63 40 00       	mov    esi,0x406317
  4033b2:	48 89 c7             	mov    rdi,rax
  4033b5:	e8 2f 12 00 00       	call   4045e9 <_ZSteqIcSt11char_traitsIcESaIcEEbRKNSt7__cxx1112basic_stringIT_T0_T1_EEPKS5_>
  4033ba:	84 c0                	test   al,al
  4033bc:	74 15                	je     4033d3 <_Z10parse_argsiPPcR6Config+0x5ed>
  4033be:	8b 45 ec             	mov    eax,DWORD PTR [rbp-0x14]
  4033c1:	83 c0 01             	add    eax,0x1
  4033c4:	39 85 3c fe ff ff    	cmp    DWORD PTR [rbp-0x1c4],eax
  4033ca:	7e 07                	jle    4033d3 <_Z10parse_argsiPPcR6Config+0x5ed>
  4033cc:	b8 01 00 00 00       	mov    eax,0x1
  4033d1:	eb 05                	jmp    4033d8 <_Z10parse_argsiPPcR6Config+0x5f2>
  4033d3:	b8 00 00 00 00       	mov    eax,0x0
  4033d8:	84 c0                	test   al,al
  4033da:	0f 84 87 00 00 00    	je     403467 <_Z10parse_argsiPPcR6Config+0x681>
  4033e0:	48 8d 45 8f          	lea    rax,[rbp-0x71]
  4033e4:	48 89 c7             	mov    rdi,rax
  4033e7:	e8 c4 ee ff ff       	call   4022b0 <_ZNSaIcEC1Ev@plt>
  4033ec:	83 45 ec 01          	add    DWORD PTR [rbp-0x14],0x1
  4033f0:	8b 45 ec             	mov    eax,DWORD PTR [rbp-0x14]
  4033f3:	48 98                	cdqe   
  4033f5:	48 8d 14 c5 00 00 00 	lea    rdx,[rax*8+0x0]
  4033fc:	00 
  4033fd:	48 8b 85 30 fe ff ff 	mov    rax,QWORD PTR [rbp-0x1d0]
  403404:	48 01 d0             	add    rax,rdx
  403407:	48 8b 08             	mov    rcx,QWORD PTR [rax]
  40340a:	48 8d 55 8f          	lea    rdx,[rbp-0x71]
  40340e:	48 8d 85 60 ff ff ff 	lea    rax,[rbp-0xa0]
  403415:	48 89 ce             	mov    rsi,rcx
  403418:	48 89 c7             	mov    rdi,rax
  40341b:	e8 d0 ed ff ff       	call   4021f0 <_ZNSt7__cxx1112basic_stringIcSt11char_traitsIcESaIcEEC1EPKcRKS3_@plt>
  403420:	48 8d 85 60 ff ff ff 	lea    rax,[rbp-0xa0]
  403427:	ba 0a 00 00 00       	mov    edx,0xa
  40342c:	be 00 00 00 00       	mov    esi,0x0
  403431:	48 89 c7             	mov    rdi,rax
  403434:	e8 c8 0f 00 00       	call   404401 <_ZNSt7__cxx115stoulERKNS_12basic_stringIcSt11char_traitsIcESaIcEEEPmi>
  403439:	48 8b 95 28 fe ff ff 	mov    rdx,QWORD PTR [rbp-0x1d8]
  403440:	48 89 82 88 00 00 00 	mov    QWORD PTR [rdx+0x88],rax
  403447:	48 8d 85 60 ff ff ff 	lea    rax,[rbp-0xa0]
  40344e:	48 89 c7             	mov    rdi,rax
  403451:	e8 8a ec ff ff       	call   4020e0 <_ZNSt7__cxx1112basic_stringIcSt11char_traitsIcESaIcEED1Ev@plt>
  403456:	48 8d 45 8f          	lea    rax,[rbp-0x71]
  40345a:	48 89 c7             	mov    rdi,rax
  40345d:	e8 1e ed ff ff       	call   402180 <_ZNSaIcED1Ev@plt>
  403462:	e9 88 02 00 00       	jmp    4036ef <_Z10parse_argsiPPcR6Config+0x909>
  403467:	48 8d 85 40 fe ff ff 	lea    rax,[rbp-0x1c0]
  40346e:	be 20 63 40 00       	mov    esi,0x406320
  403473:	48 89 c7             	mov    rdi,rax
  403476:	e8 6e 11 00 00       	call   4045e9 <_ZSteqIcSt11char_traitsIcESaIcEEbRKNSt7__cxx1112basic_stringIT_T0_T1_EEPKS5_>
  40347b:	84 c0                	test   al,al
  40347d:	74 15                	je     403494 <_Z10parse_argsiPPcR6Config+0x6ae>
  40347f:	8b 45 ec             	mov    eax,DWORD PTR [rbp-0x14]
  403482:	83 c0 01             	add    eax,0x1
  403485:	39 85 3c fe ff ff    	cmp    DWORD PTR [rbp-0x1c4],eax
  40348b:	7e 07                	jle    403494 <_Z10parse_argsiPPcR6Config+0x6ae>
  40348d:	b8 01 00 00 00       	mov    eax,0x1
  403492:	eb 05                	jmp    403499 <_Z10parse_argsiPPcR6Config+0x6b3>
  403494:	b8 00 00 00 00       	mov    eax,0x0
  403499:	84 c0                	test   al,al
  40349b:	74 7f                	je     40351c <_Z10parse_argsiPPcR6Config+0x736>
  40349d:	48 8d 45 bf          	lea    rax,[rbp-0x41]
  4034a1:	48 89 c7             	mov    rdi,rax
  4034a4:	e8 07 ee ff ff       	call   4022b0 <_ZNSaIcEC1Ev@plt>
  4034a9:	83 45 ec 01          	add    DWORD PTR [rbp-0x14],0x1
  4034ad:	8b 45 ec             	mov    eax,DWORD PTR [rbp-0x14]
  4034b0:	48 98                	cdqe   
  4034b2:	48 8d 14 c5 00 00 00 	lea    rdx,[rax*8+0x0]
  4034b9:	00 
  4034ba:	48 8b 85 30 fe ff ff 	mov    rax,QWORD PTR [rbp-0x1d0]
  4034c1:	48 01 d0             	add    rax,rdx
  4034c4:	48 8b 08             	mov    rcx,QWORD PTR [rax]
  4034c7:	48 8d 55 bf          	lea    rdx,[rbp-0x41]
  4034cb:	48 8d 45 90          	lea    rax,[rbp-0x70]
  4034cf:	48 89 ce             	mov    rsi,rcx
  4034d2:	48 89 c7             	mov    rdi,rax
  4034d5:	e8 16 ed ff ff       	call   4021f0 <_ZNSt7__cxx1112basic_stringIcSt11char_traitsIcESaIcEEC1EPKcRKS3_@plt>
  4034da:	48 8d 45 90          	lea    rax,[rbp-0x70]
  4034de:	ba 0a 00 00 00       	mov    edx,0xa
  4034e3:	be 00 00 00 00       	mov    esi,0x0
  4034e8:	48 89 c7             	mov    rdi,rax
  4034eb:	e8 11 0f 00 00       	call   404401 <_ZNSt7__cxx115stoulERKNS_12basic_stringIcSt11char_traitsIcESaIcEEEPmi>
  4034f0:	89 c2                	mov    edx,eax
  4034f2:	48 8b 85 28 fe ff ff 	mov    rax,QWORD PTR [rbp-0x1d8]
  4034f9:	89 90 90 00 00 00    	mov    DWORD PTR [rax+0x90],edx
  4034ff:	48 8d 45 90          	lea    rax,[rbp-0x70]
  403503:	48 89 c7             	mov    rdi,rax
  403506:	e8 d5 eb ff ff       	call   4020e0 <_ZNSt7__cxx1112basic_stringIcSt11char_traitsIcESaIcEED1Ev@plt>
  40350b:	48 8d 45 bf          	lea    rax,[rbp-0x41]
  40350f:	48 89 c7             	mov    rdi,rax
  403512:	e8 69 ec ff ff       	call   402180 <_ZNSaIcED1Ev@plt>
  403517:	e9 d3 01 00 00       	jmp    4036ef <_Z10parse_argsiPPcR6Config+0x909>
  40351c:	48 8d 85 40 fe ff ff 	lea    rax,[rbp-0x1c0]
  403523:	be 27 63 40 00       	mov    esi,0x406327
  403528:	48 89 c7             	mov    rdi,rax
  40352b:	e8 b9 10 00 00       	call   4045e9 <_ZSteqIcSt11char_traitsIcESaIcEEbRKNSt7__cxx1112basic_stringIT_T0_T1_EEPKS5_>
  403530:	84 c0                	test   al,al
  403532:	74 15                	je     403549 <_Z10parse_argsiPPcR6Config+0x763>
  403534:	8b 45 ec             	mov    eax,DWORD PTR [rbp-0x14]
  403537:	83 c0 01             	add    eax,0x1
  40353a:	39 85 3c fe ff ff    	cmp    DWORD PTR [rbp-0x1c4],eax
  403540:	7e 07                	jle    403549 <_Z10parse_argsiPPcR6Config+0x763>
  403542:	b8 01 00 00 00       	mov    eax,0x1
  403547:	eb 05                	jmp    40354e <_Z10parse_argsiPPcR6Config+0x768>
  403549:	b8 00 00 00 00       	mov    eax,0x0
  40354e:	84 c0                	test   al,al
  403550:	74 3c                	je     40358e <_Z10parse_argsiPPcR6Config+0x7a8>
  403552:	83 45 ec 01          	add    DWORD PTR [rbp-0x14],0x1
  403556:	8b 45 ec             	mov    eax,DWORD PTR [rbp-0x14]
  403559:	48 98                	cdqe   
  40355b:	48 8d 14 c5 00 00 00 	lea    rdx,[rax*8+0x0]
  403562:	00 
  403563:	48 8b 85 30 fe ff ff 	mov    rax,QWORD PTR [rbp-0x1d0]
  40356a:	48 01 d0             	add    rax,rdx
  40356d:	48 8b 00             	mov    rax,QWORD PTR [rax]
  403570:	48 8b 95 28 fe ff ff 	mov    rdx,QWORD PTR [rbp-0x1d8]
  403577:	48 81 c2 98 00 00 00 	add    rdx,0x98
  40357e:	48 89 c6             	mov    rsi,rax
  403581:	48 89 d7             	mov    rdi,rdx
  403584:	e8 57 ec ff ff       	call   4021e0 <_ZNSt7__cxx1112basic_stringIcSt11char_traitsIcESaIcEEaSEPKc@plt>
  403589:	e9 61 01 00 00       	jmp    4036ef <_Z10parse_argsiPPcR6Config+0x909>
  40358e:	48 8d 85 40 fe ff ff 	lea    rax,[rbp-0x1c0]
  403595:	be 2e 63 40 00       	mov    esi,0x40632e
  40359a:	48 89 c7             	mov    rdi,rax
  40359d:	e8 47 10 00 00       	call   4045e9 <_ZSteqIcSt11char_traitsIcESaIcEEbRKNSt7__cxx1112basic_stringIT_T0_T1_EEPKS5_>
  4035a2:	84 c0                	test   al,al
  4035a4:	74 15                	je     4035bb <_Z10parse_argsiPPcR6Config+0x7d5>
  4035a6:	8b 45 ec             	mov    eax,DWORD PTR [rbp-0x14]
  4035a9:	83 c0 01             	add    eax,0x1
  4035ac:	39 85 3c fe ff ff    	cmp    DWORD PTR [rbp-0x1c4],eax
  4035b2:	7e 07                	jle    4035bb <_Z10parse_argsiPPcR6Config+0x7d5>
  4035b4:	b8 01 00 00 00       	mov    eax,0x1
  4035b9:	eb 05                	jmp    4035c0 <_Z10parse_argsiPPcR6Config+0x7da>
  4035bb:	b8 00 00 00 00       	mov    eax,0x0
  4035c0:	84 c0                	test   al,al
  4035c2:	74 7e                	je     403642 <_Z10parse_argsiPPcR6Config+0x85c>
  4035c4:	48 8d 45 eb          	lea    rax,[rbp-0x15]
  4035c8:	48 89 c7             	mov    rdi,rax
  4035cb:	e8 e0 ec ff ff       	call   4022b0 <_ZNSaIcEC1Ev@plt>
  4035d0:	83 45 ec 01          	add    DWORD PTR [rbp-0x14],0x1
  4035d4:	8b 45 ec             	mov    eax,DWORD PTR [rbp-0x14]
  4035d7:	48 98                	cdqe   
  4035d9:	48 8d 14 c5 00 00 00 	lea    rdx,[rax*8+0x0]
  4035e0:	00 
  4035e1:	48 8b 85 30 fe ff ff 	mov    rax,QWORD PTR [rbp-0x1d0]
  4035e8:	48 01 d0             	add    rax,rdx
  4035eb:	48 8b 08             	mov    rcx,QWORD PTR [rax]
  4035ee:	48 8d 55 eb          	lea    rdx,[rbp-0x15]
  4035f2:	48 8d 45 c0          	lea    rax,[rbp-0x40]
  4035f6:	48 89 ce             	mov    rsi,rcx
  4035f9:	48 89 c7             	mov    rdi,rax
  4035fc:	e8 ef eb ff ff       	call   4021f0 <_ZNSt7__cxx1112basic_stringIcSt11char_traitsIcESaIcEEC1EPKcRKS3_@plt>
  403601:	48 8d 45 c0          	lea    rax,[rbp-0x40]
  403605:	ba 0a 00 00 00       	mov    edx,0xa
  40360a:	be 00 00 00 00       	mov    esi,0x0
  40360f:	48 89 c7             	mov    rdi,rax
  403612:	e8 ea 0d 00 00       	call   404401 <_ZNSt7__cxx115stoulERKNS_12basic_stringIcSt11char_traitsIcESaIcEEEPmi>
  403617:	48 8b 95 28 fe ff ff 	mov    rdx,QWORD PTR [rbp-0x1d8]
  40361e:	48 89 82 d8 00 00 00 	mov    QWORD PTR [rdx+0xd8],rax
  403625:	48 8d 45 c0          	lea    rax,[rbp-0x40]
  403629:	48 89 c7             	mov    rdi,rax
  40362c:	e8 af ea ff ff       	call   4020e0 <_ZNSt7__cxx1112basic_stringIcSt11char_traitsIcESaIcEED1Ev@plt>
  403631:	48 8d 45 eb          	lea    rax,[rbp-0x15]
  403635:	48 89 c7             	mov    rdi,rax
  403638:	e8 43 eb ff ff       	call   402180 <_ZNSaIcED1Ev@plt>
  40363d:	e9 ad 00 00 00       	jmp    4036ef <_Z10parse_argsiPPcR6Config+0x909>
  403642:	48 8d 85 40 fe ff ff 	lea    rax,[rbp-0x1c0]
  403649:	be 3d 63 40 00       	mov    esi,0x40633d
  40364e:	48 89 c7             	mov    rdi,rax
  403651:	e8 93 0f 00 00       	call   4045e9 <_ZSteqIcSt11char_traitsIcESaIcEEbRKNSt7__cxx1112basic_stringIT_T0_T1_EEPKS5_>
  403656:	84 c0                	test   al,al
  403658:	74 15                	je     40366f <_Z10parse_argsiPPcR6Config+0x889>
  40365a:	8b 45 ec             	mov    eax,DWORD PTR [rbp-0x14]
  40365d:	83 c0 01             	add    eax,0x1
  403660:	39 85 3c fe ff ff    	cmp    DWORD PTR [rbp-0x1c4],eax
  403666:	7e 07                	jle    40366f <_Z10parse_argsiPPcR6Config+0x889>
  403668:	b8 01 00 00 00       	mov    eax,0x1
  40366d:	eb 05                	jmp    403674 <_Z10parse_argsiPPcR6Config+0x88e>
  40366f:	b8 00 00 00 00       	mov    eax,0x0
  403674:	84 c0                	test   al,al
  403676:	74 39                	je     4036b1 <_Z10parse_argsiPPcR6Config+0x8cb>
  403678:	83 45 ec 01          	add    DWORD PTR [rbp-0x14],0x1
  40367c:	8b 45 ec             	mov    eax,DWORD PTR [rbp-0x14]
  40367f:	48 98                	cdqe   
  403681:	48 8d 14 c5 00 00 00 	lea    rdx,[rax*8+0x0]
  403688:	00 
  403689:	48 8b 85 30 fe ff ff 	mov    rax,QWORD PTR [rbp-0x1d0]
  403690:	48 01 d0             	add    rax,rdx
  403693:	48 8b 00             	mov    rax,QWORD PTR [rax]
  403696:	48 8b 95 28 fe ff ff 	mov    rdx,QWORD PTR [rbp-0x1d8]
  40369d:	48 81 c2 b8 00 00 00 	add    rdx,0xb8
  4036a4:	48 89 c6             	mov    rsi,rax
  4036a7:	48 89 d7             	mov    rdi,rdx
  4036aa:	e8 31 eb ff ff       	call   4021e0 <_ZNSt7__cxx1112basic_stringIcSt11char_traitsIcESaIcEEaSEPKc@plt>
  4036af:	eb 3e                	jmp    4036ef <_Z10parse_argsiPPcR6Config+0x909>
  4036b1:	be 48 63 40 00       	mov    esi,0x406348
  4036b6:	bf a0 91 40 00       	mov    edi,0x4091a0
  4036bb:	e8 90 ea ff ff       	call   402150 <_ZStlsISt11char_traitsIcEERSt13basic_ostreamIcT_ES5_PKc@plt>
  4036c0:	48 89 c2             	mov    rdx,rax
  4036c3:	48 8d 85 40 fe ff ff 	lea    rax,[rbp-0x1c0]
  4036ca:	48 89 c6             	mov    rsi,rax
  4036cd:	48 89 d7             	mov    rdi,rdx
  4036d0:	e8 4b ea ff ff       	call   402120 <_ZStlsIcSt11char_traitsIcESaIcEERSt13basic_ostreamIT_T0_ES7_RKNSt7__cxx1112basic_stringIS4_S5_T1_EE@plt>
  4036d5:	be 69 63 40 00       	mov    esi,0x406369
  4036da:	48 89 c7             	mov    rdi,rax
  4036dd:	e8 6e ea ff ff       	call   402150 <_ZStlsISt11char_traitsIcEERSt13basic_ostreamIcT_ES5_PKc@plt>
  4036e2:	bb 00 00 00 00       	mov    ebx,0x0
  4036e7:	41 bc 00 00 00 00    	mov    r12d,0x0
  4036ed:	eb 06                	jmp    4036f5 <_Z10parse_argsiPPcR6Config+0x90f>
  4036ef:	41 bc 01 00 00 00    	mov    r12d,0x1
  4036f5:	48 8d 85 40 fe ff ff 	lea    rax,[rbp-0x1c0]
  4036fc:	48 89 c7             	mov    rdi,rax
  4036ff:	e8 dc e9 ff ff       	call   4020e0 <_ZNSt7__cxx1112basic_stringIcSt11char_traitsIcESaIcEED1Ev@plt>
  403704:	41 83 fc 01          	cmp    r12d,0x1
  403708:	0f 85 63 01 00 00    	jne    403871 <_Z10parse_argsiPPcR6Config+0xa8b>
  40370e:	83 45 ec 01          	add    DWORD PTR [rbp-0x14],0x1
  403712:	8b 45 ec             	mov    eax,DWORD PTR [rbp-0x14]
  403715:	3b 85 3c fe ff ff    	cmp    eax,DWORD PTR [rbp-0x1c4]
  40371b:	0f 8c 05 f7 ff ff    	jl     402e26 <_Z10parse_argsiPPcR6Config+0x40>
  403721:	48 8b 85 28 fe ff ff 	mov    rax,QWORD PTR [rbp-0x1d8]
  403728:	48 8b 40 60          	mov    rax,QWORD PTR [rax+0x60]
  40372c:	48 85 c0             	test   rax,rax
  40372f:	74 4c                	je     40377d <_Z10parse_argsiPPcR6Config+0x997>
  403731:	48 8b 85 28 fe ff ff 	mov    rax,QWORD PTR [rbp-0x1d8]
  403738:	48 8b 40 70          	mov    rax,QWORD PTR [rax+0x70]
  40373c:	48 85 c0             	test   rax,rax
  40373f:	74 3c                	je     40377d <_Z10parse_argsiPPcR6Config+0x997>
  403741:	48 8b 85 28 fe ff ff 	mov    rax,QWORD PTR [rbp-0x1d8]
  403748:	48 8b 40 78          	mov    rax,QWORD PTR [rax+0x78]
  40374c:	48 85 c0             	test   rax,rax
  40374f:	74 2c                	je     40377d <_Z10parse_argsiPPcR6Config+0x997>
  403751:	48 8b 85 28 fe ff ff 	mov    rax,QWORD PTR [rbp-0x1d8]
  403758:	48 8b 80 80 00 00 00 	mov    rax,QWORD PTR [rax+0x80]
  40375f:	48 85 c0             	test   rax,rax
  403762:	74 19                	je     40377d <_Z10parse_argsiPPcR6Config+0x997>
  403764:	48 8b 85 28 fe ff ff 	mov    rax,QWORD PTR [rbp-0x1d8]
  40376b:	48 05 b8 00 00 00    	add    rax,0xb8
  403771:	48 89 c7             	mov    rdi,rax
  403774:	e8 17 eb ff ff       	call   402290 <_ZNKSt7__cxx1112basic_stringIcSt11char_traitsIcESaIcEE5emptyEv@plt>
  403779:	84 c0                	test   al,al
  40377b:	74 07                	je     403784 <_Z10parse_argsiPPcR6Config+0x99e>
  40377d:	b8 01 00 00 00       	mov    eax,0x1
  403782:	eb 05                	jmp    403789 <_Z10parse_argsiPPcR6Config+0x9a3>
  403784:	b8 00 00 00 00       	mov    eax,0x0
  403789:	84 c0                	test   al,al
  40378b:	74 19                	je     4037a6 <_Z10parse_argsiPPcR6Config+0x9c0>
  40378d:	be 70 63 40 00       	mov    esi,0x406370
  403792:	bf a0 91 40 00       	mov    edi,0x4091a0
  403797:	e8 b4 e9 ff ff       	call   402150 <_ZStlsISt11char_traitsIcEERSt13basic_ostreamIcT_ES5_PKc@plt>
  40379c:	bb 00 00 00 00       	mov    ebx,0x0
  4037a1:	e9 cb 00 00 00       	jmp    403871 <_Z10parse_argsiPPcR6Config+0xa8b>
  4037a6:	48 8b 85 28 fe ff ff 	mov    rax,QWORD PTR [rbp-0x1d8]
  4037ad:	48 05 98 00 00 00    	add    rax,0x98
  4037b3:	48 89 c7             	mov    rdi,rax
  4037b6:	e8 d5 ea ff ff       	call   402290 <_ZNKSt7__cxx1112basic_stringIcSt11char_traitsIcESaIcEE5emptyEv@plt>
  4037bb:	84 c0                	test   al,al
  4037bd:	74 1a                	je     4037d9 <_Z10parse_argsiPPcR6Config+0x9f3>
  4037bf:	48 8b 85 28 fe ff ff 	mov    rax,QWORD PTR [rbp-0x1d8]
  4037c6:	48 05 98 00 00 00    	add    rax,0x98
  4037cc:	be af 63 40 00       	mov    esi,0x4063af
  4037d1:	48 89 c7             	mov    rdi,rax
  4037d4:	e8 07 ea ff ff       	call   4021e0 <_ZNSt7__cxx1112basic_stringIcSt11char_traitsIcESaIcEEaSEPKc@plt>
  4037d9:	48 8b 85 28 fe ff ff 	mov    rax,QWORD PTR [rbp-0x1d8]
  4037e0:	48 05 98 00 00 00    	add    rax,0x98
  4037e6:	be af 63 40 00       	mov    esi,0x4063af
  4037eb:	48 89 c7             	mov    rdi,rax
  4037ee:	e8 f6 0d 00 00       	call   4045e9 <_ZSteqIcSt11char_traitsIcESaIcEEbRKNSt7__cxx1112basic_stringIT_T0_T1_EEPKS5_>
  4037f3:	84 c0                	test   al,al
  4037f5:	75 1e                	jne    403815 <_Z10parse_argsiPPcR6Config+0xa2f>
  4037f7:	48 8b 85 28 fe ff ff 	mov    rax,QWORD PTR [rbp-0x1d8]
  4037fe:	48 05 98 00 00 00    	add    rax,0x98
  403804:	be bc 63 40 00       	mov    esi,0x4063bc
  403809:	48 89 c7             	mov    rdi,rax
  40380c:	e8 d8 0d 00 00       	call   4045e9 <_ZSteqIcSt11char_traitsIcESaIcEEbRKNSt7__cxx1112basic_stringIT_T0_T1_EEPKS5_>
  403811:	84 c0                	test   al,al
  403813:	74 38                	je     40384d <_Z10parse_argsiPPcR6Config+0xa67>
  403815:	48 8b 85 28 fe ff ff 	mov    rax,QWORD PTR [rbp-0x1d8]
  40381c:	48 8b 80 d8 00 00 00 	mov    rax,QWORD PTR [rax+0xd8]
  403823:	48 85 c0             	test   rax,rax
  403826:	74 1e                	je     403846 <_Z10parse_argsiPPcR6Config+0xa60>
  403828:	48 8b 85 28 fe ff ff 	mov    rax,QWORD PTR [rbp-0x1d8]
  40382f:	48 8b 90 d8 00 00 00 	mov    rdx,QWORD PTR [rax+0xd8]
  403836:	48 8b 85 28 fe ff ff 	mov    rax,QWORD PTR [rbp-0x1d8]
  40383d:	48 8b 40 60          	mov    rax,QWORD PTR [rax+0x60]
  403841:	48 39 c2             	cmp    rdx,rax
  403844:	73 07                	jae    40384d <_Z10parse_argsiPPcR6Config+0xa67>
  403846:	b8 01 00 00 00       	mov    eax,0x1
  40384b:	eb 05                	jmp    403852 <_Z10parse_argsiPPcR6Config+0xa6c>
  40384d:	b8 00 00 00 00       	mov    eax,0x0
  403852:	84 c0                	test   al,al
  403854:	74 16                	je     40386c <_Z10parse_argsiPPcR6Config+0xa86>
  403856:	be d0 63 40 00       	mov    esi,0x4063d0
  40385b:	bf a0 91 40 00       	mov    edi,0x4091a0
  403860:	e8 eb e8 ff ff       	call   402150 <_ZStlsISt11char_traitsIcEERSt13basic_ostreamIcT_ES5_PKc@plt>
  403865:	bb 00 00 00 00       	mov    ebx,0x0
  40386a:	eb 05                	jmp    403871 <_Z10parse_argsiPPcR6Config+0xa8b>
  40386c:	bb 01 00 00 00       	mov    ebx,0x1
  403871:	89 d8                	mov    eax,ebx
  403873:	e9 77 01 00 00       	jmp    4039ef <_Z10parse_argsiPPcR6Config+0xc09>
  403878:	48 89 c3             	mov    rbx,rax
  40387b:	48 8d 85 6f fe ff ff 	lea    rax,[rbp-0x191]
  403882:	48 89 c7             	mov    rdi,rax
  403885:	e8 f6 e8 ff ff       	call   402180 <_ZNSaIcED1Ev@plt>
  40388a:	48 89 d8             	mov    rax,rbx
  40388d:	48 89 c7             	mov    rdi,rax
  403890:	e8 0b ea ff ff       	call   4022a0 <_Unwind_Resume@plt>
  403895:	48 89 c3             	mov    rbx,rax
  403898:	48 8d 85 70 fe ff ff 	lea    rax,[rbp-0x190]
  40389f:	48 89 c7             	mov    rdi,rax
  4038a2:	e8 39 e8 ff ff       	call   4020e0 <_ZNSt7__cxx1112basic_stringIcSt11char_traitsIcESaIcEED1Ev@plt>
  4038a7:	eb 03                	jmp    4038ac <_Z10parse_argsiPPcR6Config+0xac6>
  4038a9:	48 89 c3             	mov    rbx,rax
  4038ac:	48 8d 85 9f fe ff ff 	lea    rax,[rbp-0x161]
  4038b3:	48 89 c7             	mov    rdi,rax
  4038b6:	e8 c5 e8 ff ff       	call   402180 <_ZNSaIcED1Ev@plt>
  4038bb:	e9 15 01 00 00       	jmp    4039d5 <_Z10parse_argsiPPcR6Config+0xbef>
  4038c0:	48 89 c3             	mov    rbx,rax
  4038c3:	48 8d 85 a0 fe ff ff 	lea    rax,[rbp-0x160]
  4038ca:	48 89 c7             	mov    rdi,rax
  4038cd:	e8 0e e8 ff ff       	call   4020e0 <_ZNSt7__cxx1112basic_stringIcSt11char_traitsIcESaIcEED1Ev@plt>
  4038d2:	eb 03                	jmp    4038d7 <_Z10parse_argsiPPcR6Config+0xaf1>
  4038d4:	48 89 c3             	mov    rbx,rax
  4038d7:	48 8d 85 cf fe ff ff 	lea    rax,[rbp-0x131]
  4038de:	48 89 c7             	mov    rdi,rax
  4038e1:	e8 9a e8 ff ff       	call   402180 <_ZNSaIcED1Ev@plt>
  4038e6:	e9 ea 00 00 00       	jmp    4039d5 <_Z10parse_argsiPPcR6Config+0xbef>
  4038eb:	48 89 c3             	mov    rbx,rax
  4038ee:	48 8d 85 d0 fe ff ff 	lea    rax,[rbp-0x130]
  4038f5:	48 89 c7             	mov    rdi,rax
  4038f8:	e8 e3 e7 ff ff       	call   4020e0 <_ZNSt7__cxx1112basic_stringIcSt11char_traitsIcESaIcEED1Ev@plt>
  4038fd:	eb 03                	jmp    403902 <_Z10parse_argsiPPcR6Config+0xb1c>
  4038ff:	48 89 c3             	mov    rbx,rax
  403902:	48 8d 85 ff fe ff ff 	lea    rax,[rbp-0x101]
  403909:	48 89 c7             	mov    rdi,rax
  40390c:	e8 6f e8 ff ff       	call   402180 <_ZNSaIcED1Ev@plt>
  403911:	e9 bf 00 00 00       	jmp    4039d5 <_Z10parse_argsiPPcR6Config+0xbef>
  403916:	48 89 c3             	mov    rbx,rax
  403919:	48 8d 85 00 ff ff ff 	lea    rax,[rbp-0x100]
  403920:	48 89 c7             	mov    rdi,rax
  403923:	e8 b8 e7 ff ff       	call   4020e0 <_ZNSt7__cxx1112basic_stringIcSt11char_traitsIcESaIcEED1Ev@plt>
  403928:	eb 03                	jmp    40392d <_Z10parse_argsiPPcR6Config+0xb47>
  40392a:	48 89 c3             	mov    rbx,rax
  40392d:	48 8d 85 2f ff ff ff 	lea    rax,[rbp-0xd1]
  403934:	48 89 c7             	mov    rdi,rax
  403937:	e8 44 e8 ff ff       	call   402180 <_ZNSaIcED1Ev@plt>
  40393c:	e9 94 00 00 00       	jmp    4039d5 <_Z10parse_argsiPPcR6Config+0xbef>
  403941:	48 89 c3             	mov    rbx,rax
  403944:	48 8d 85 30 ff ff ff 	lea    rax,[rbp-0xd0]
  40394b:	48 89 c7             	mov    rdi,rax
  40394e:	e8 8d e7 ff ff       	call   4020e0 <_ZNSt7__cxx1112basic_stringIcSt11char_traitsIcESaIcEED1Ev@plt>
  403953:	eb 03                	jmp    403958 <_Z10parse_argsiPPcR6Config+0xb72>
  403955:	48 89 c3             	mov    rbx,rax
  403958:	48 8d 85 5f ff ff ff 	lea    rax,[rbp-0xa1]
  40395f:	48 89 c7             	mov    rdi,rax
  403962:	e8 19 e8 ff ff       	call   402180 <_ZNSaIcED1Ev@plt>
  403967:	eb 6c                	jmp    4039d5 <_Z10parse_argsiPPcR6Config+0xbef>
  403969:	48 89 c3             	mov    rbx,rax
  40396c:	48 8d 85 60 ff ff ff 	lea    rax,[rbp-0xa0]
  403973:	48 89 c7             	mov    rdi,rax
  403976:	e8 65 e7 ff ff       	call   4020e0 <_ZNSt7__cxx1112basic_stringIcSt11char_traitsIcESaIcEED1Ev@plt>
  40397b:	eb 03                	jmp    403980 <_Z10parse_argsiPPcR6Config+0xb9a>
  40397d:	48 89 c3             	mov    rbx,rax
  403980:	48 8d 45 8f          	lea    rax,[rbp-0x71]
  403984:	48 89 c7             	mov    rdi,rax
  403987:	e8 f4 e7 ff ff       	call   402180 <_ZNSaIcED1Ev@plt>
  40398c:	eb 47                	jmp    4039d5 <_Z10parse_argsiPPcR6Config+0xbef>
  40398e:	48 89 c3             	mov    rbx,rax
  403991:	48 8d 45 90          	lea    rax,[rbp-0x70]
  403995:	48 89 c7             	mov    rdi,rax
  403998:	e8 43 e7 ff ff       	call   4020e0 <_ZNSt7__cxx1112basic_stringIcSt11char_traitsIcESaIcEED1Ev@plt>
  40399d:	eb 03                	jmp    4039a2 <_Z10parse_argsiPPcR6Config+0xbbc>
  40399f:	48 89 c3             	mov    rbx,rax
  4039a2:	48 8d 45 bf          	lea    rax,[rbp-0x41]
  4039a6:	48 89 c7             	mov    rdi,rax
  4039a9:	e8 d2 e7 ff ff       	call   402180 <_ZNSaIcED1Ev@plt>
  4039ae:	eb 25                	jmp    4039d5 <_Z10parse_argsiPPcR6Config+0xbef>
  4039b0:	48 89 c3             	mov    rbx,rax
  4039b3:	48 8d 45 c0          	lea    rax,[rbp-0x40]
  4039b7:	48 89 c7             	mov    rdi,rax
  4039ba:	e8 21 e7 ff ff       	call   4020e0 <_ZNSt7__cxx1112basic_stringIcSt11char_traitsIcESaIcEED1Ev@plt>
  4039bf:	eb 03                	jmp    4039c4 <_Z10parse_argsiPPcR6Config+0xbde>
  4039c1:	48 89 c3             	mov    rbx,rax
  4039c4:	48 8d 45 eb          	lea    rax,[rbp-0x15]
  4039c8:	48 89 c7             	mov    rdi,rax
  4039cb:	e8 b0 e7 ff ff       	call   402180 <_ZNSaIcED1Ev@plt>
  4039d0:	eb 03                	jmp    4039d5 <_Z10parse_argsiPPcR6Config+0xbef>
  4039d2:	48 89 c3             	mov    rbx,rax
  4039d5:	48 8d 85 40 fe ff ff 	lea    rax,[rbp-0x1c0]
  4039dc:	48 89 c7             	mov    rdi,rax
  4039df:	e8 fc e6 ff ff       	call   4020e0 <_ZNSt7__cxx1112basic_stringIcSt11char_traitsIcESaIcEED1Ev@plt>
  4039e4:	48 89 d8             	mov    rax,rbx
  4039e7:	48 89 c7             	mov    rdi,rax
  4039ea:	e8 b1 e8 ff ff       	call   4022a0 <_Unwind_Resume@plt>
  4039ef:	48 81 c4 d0 01 00 00 	add    rsp,0x1d0
  4039f6:	5b                   	pop    rbx
  4039f7:	41 5c                	pop    r12
  4039f9:	5d                   	pop    rbp
  4039fa:	c3                   	ret    

00000000004039fb <_Z11build_chainPmmmjRKNSt7__cxx1112basic_stringIcSt11char_traitsIcESaIcEEEm>:
  4039fb:	55                   	push   rbp
  4039fc:	48 89 e5             	mov    rbp,rsp
  4039ff:	53                   	push   rbx
  403a00:	48 81 ec a8 14 00 00 	sub    rsp,0x14a8
  403a07:	48 89 bd 78 eb ff ff 	mov    QWORD PTR [rbp-0x1488],rdi
  403a0e:	48 89 b5 70 eb ff ff 	mov    QWORD PTR [rbp-0x1490],rsi
  403a15:	48 89 95 68 eb ff ff 	mov    QWORD PTR [rbp-0x1498],rdx
  403a1c:	89 8d 64 eb ff ff    	mov    DWORD PTR [rbp-0x149c],ecx
  403a22:	4c 89 85 58 eb ff ff 	mov    QWORD PTR [rbp-0x14a8],r8
  403a29:	4c 89 8d 50 eb ff ff 	mov    QWORD PTR [rbp-0x14b0],r9
  403a30:	48 8d 85 56 ff ff ff 	lea    rax,[rbp-0xaa]
  403a37:	48 89 c7             	mov    rdi,rax
  403a3a:	e8 d5 0b 00 00       	call   404614 <_ZNSaImEC1Ev>
  403a3f:	48 8b 8d 70 eb ff ff 	mov    rcx,QWORD PTR [rbp-0x1490]
  403a46:	48 8d 95 56 ff ff ff 	lea    rdx,[rbp-0xaa]
  403a4d:	48 8d 85 30 ff ff ff 	lea    rax,[rbp-0xd0]
  403a54:	48 89 ce             	mov    rsi,rcx
  403a57:	48 89 c7             	mov    rdi,rax
  403a5a:	e8 ed 0b 00 00       	call   40464c <_ZNSt6vectorImSaImEEC1EmRKS0_>
  403a5f:	48 8d 85 56 ff ff ff 	lea    rax,[rbp-0xaa]
  403a66:	48 89 c7             	mov    rdi,rax
  403a69:	e8 c2 0b 00 00       	call   404630 <_ZNSaImED1Ev>
  403a6e:	48 c7 45 e8 00 00 00 	mov    QWORD PTR [rbp-0x18],0x0
  403a75:	00 
  403a76:	eb 22                	jmp    403a9a <_Z11build_chainPmmmjRKNSt7__cxx1112basic_stringIcSt11char_traitsIcESaIcEEEm+0x9f>
  403a78:	48 8b 55 e8          	mov    rdx,QWORD PTR [rbp-0x18]
  403a7c:	48 8d 85 30 ff ff ff 	lea    rax,[rbp-0xd0]
  403a83:	48 89 d6             	mov    rsi,rdx
  403a86:	48 89 c7             	mov    rdi,rax
  403a89:	e8 78 0c 00 00       	call   404706 <_ZNSt6vectorImSaImEEixEm>
  403a8e:	48 8b 55 e8          	mov    rdx,QWORD PTR [rbp-0x18]
  403a92:	48 89 10             	mov    QWORD PTR [rax],rdx
  403a95:	48 83 45 e8 01       	add    QWORD PTR [rbp-0x18],0x1
  403a9a:	48 8b 85 70 eb ff ff 	mov    rax,QWORD PTR [rbp-0x1490]
  403aa1:	48 39 45 e8          	cmp    QWORD PTR [rbp-0x18],rax
  403aa5:	72 d1                	jb     403a78 <_Z11build_chainPmmmjRKNSt7__cxx1112basic_stringIcSt11char_traitsIcESaIcEEEm+0x7d>
  403aa7:	8b 95 64 eb ff ff    	mov    edx,DWORD PTR [rbp-0x149c]
  403aad:	48 8d 85 a0 eb ff ff 	lea    rax,[rbp-0x1460]
  403ab4:	48 89 d6             	mov    rsi,rdx
  403ab7:	48 89 c7             	mov    rdi,rax
  403aba:	e8 67 0c 00 00       	call   404726 <_ZNSt23mersenne_twister_engineImLm32ELm624ELm397ELm31ELm2567483615ELm11ELm4294967295ELm7ELm2636928640ELm15ELm4022730752ELm18ELm1812433253EEC1Em>
  403abf:	48 8b 85 58 eb ff ff 	mov    rax,QWORD PTR [rbp-0x14a8]
  403ac6:	be 6f 64 40 00       	mov    esi,0x40646f
  403acb:	48 89 c7             	mov    rdi,rax
  403ace:	e8 16 0b 00 00       	call   4045e9 <_ZSteqIcSt11char_traitsIcESaIcEEbRKNSt7__cxx1112basic_stringIT_T0_T1_EEPKS5_>
  403ad3:	84 c0                	test   al,al
  403ad5:	0f 84 10 01 00 00    	je     403beb <_Z11build_chainPmmmjRKNSt7__cxx1112basic_stringIcSt11char_traitsIcESaIcEEEm+0x1f0>
  403adb:	48 8d 85 30 ff ff ff 	lea    rax,[rbp-0xd0]
  403ae2:	48 89 c7             	mov    rdi,rax
  403ae5:	e8 88 0c 00 00       	call   404772 <_ZNSt6vectorImSaImEE3endEv>
  403aea:	48 89 c3             	mov    rbx,rax
  403aed:	48 8d 85 30 ff ff ff 	lea    rax,[rbp-0xd0]
  403af4:	48 89 c7             	mov    rdi,rax
  403af7:	e8 50 0c 00 00       	call   40474c <_ZNSt6vectorImSaImEE5beginEv>
  403afc:	48 89 c1             	mov    rcx,rax
  403aff:	48 8d 85 a0 eb ff ff 	lea    rax,[rbp-0x1460]
  403b06:	48 89 c2             	mov    rdx,rax
  403b09:	48 89 de             	mov    rsi,rbx
  403b0c:	48 89 cf             	mov    rdi,rcx
  403b0f:	e8 87 0c 00 00       	call   40479b <_ZSt7shuffleIN9__gnu_cxx17__normal_iteratorIPmSt6vectorImSaImEEEERSt23mersenne_twister_engineImLm32ELm624ELm397ELm31ELm2567483615ELm11ELm4294967295ELm7ELm2636928640ELm15ELm4022730752ELm18ELm1812433253EEEvT_SA_OT0_>
  403b14:	48 c7 45 e0 00 00 00 	mov    QWORD PTR [rbp-0x20],0x0
  403b1b:	00 
  403b1c:	e9 af 00 00 00       	jmp    403bd0 <_Z11build_chainPmmmjRKNSt7__cxx1112basic_stringIcSt11char_traitsIcESaIcEEEm+0x1d5>
  403b21:	48 8b 55 e0          	mov    rdx,QWORD PTR [rbp-0x20]
  403b25:	48 8d 85 30 ff ff ff 	lea    rax,[rbp-0xd0]
  403b2c:	48 89 d6             	mov    rsi,rdx
  403b2f:	48 89 c7             	mov    rdi,rax
  403b32:	e8 cf 0b 00 00       	call   404706 <_ZNSt6vectorImSaImEEixEm>
  403b37:	48 8b 00             	mov    rax,QWORD PTR [rax]
  403b3a:	48 89 85 78 ff ff ff 	mov    QWORD PTR [rbp-0x88],rax
  403b41:	48 8b 45 e0          	mov    rax,QWORD PTR [rbp-0x20]
  403b45:	48 83 c0 01          	add    rax,0x1
  403b49:	48 8b 8d 70 eb ff ff 	mov    rcx,QWORD PTR [rbp-0x1490]
  403b50:	ba 00 00 00 00       	mov    edx,0x0
  403b55:	48 f7 f1             	div    rcx
  403b58:	48 8d 85 30 ff ff ff 	lea    rax,[rbp-0xd0]
  403b5f:	48 89 d6             	mov    rsi,rdx
  403b62:	48 89 c7             	mov    rdi,rax
  403b65:	e8 9c 0b 00 00       	call   404706 <_ZNSt6vectorImSaImEEixEm>
  403b6a:	48 8b 00             	mov    rax,QWORD PTR [rax]
  403b6d:	48 89 85 70 ff ff ff 	mov    QWORD PTR [rbp-0x90],rax
  403b74:	48 8b 85 78 ff ff ff 	mov    rax,QWORD PTR [rbp-0x88]
  403b7b:	48 0f af 85 68 eb ff 	imul   rax,QWORD PTR [rbp-0x1498]
  403b82:	ff 
  403b83:	48 89 c2             	mov    rdx,rax
  403b86:	48 8b 85 78 eb ff ff 	mov    rax,QWORD PTR [rbp-0x1488]
  403b8d:	48 01 d0             	add    rax,rdx
  403b90:	48 89 85 68 ff ff ff 	mov    QWORD PTR [rbp-0x98],rax
  403b97:	48 8b 85 70 ff ff ff 	mov    rax,QWORD PTR [rbp-0x90]
  403b9e:	48 0f af 85 68 eb ff 	imul   rax,QWORD PTR [rbp-0x1498]
  403ba5:	ff 
  403ba6:	48 89 c2             	mov    rdx,rax
  403ba9:	48 8b 85 78 eb ff ff 	mov    rax,QWORD PTR [rbp-0x1488]
  403bb0:	48 01 d0             	add    rax,rdx
  403bb3:	48 89 85 60 ff ff ff 	mov    QWORD PTR [rbp-0xa0],rax
  403bba:	48 8b 95 60 ff ff ff 	mov    rdx,QWORD PTR [rbp-0xa0]
  403bc1:	48 8b 85 68 ff ff ff 	mov    rax,QWORD PTR [rbp-0x98]
  403bc8:	48 89 10             	mov    QWORD PTR [rax],rdx
  403bcb:	48 83 45 e0 01       	add    QWORD PTR [rbp-0x20],0x1
  403bd0:	48 8b 85 70 eb ff ff 	mov    rax,QWORD PTR [rbp-0x1490]
  403bd7:	48 39 45 e0          	cmp    QWORD PTR [rbp-0x20],rax
  403bdb:	0f 82 40 ff ff ff    	jb     403b21 <_Z11build_chainPmmmjRKNSt7__cxx1112basic_stringIcSt11char_traitsIcESaIcEEEm+0x126>
  403be1:	bb 00 00 00 00       	mov    ebx,0x0
  403be6:	e9 4b 02 00 00       	jmp    403e36 <_Z11build_chainPmmmjRKNSt7__cxx1112basic_stringIcSt11char_traitsIcESaIcEEEm+0x43b>
  403beb:	48 8b 85 50 eb ff ff 	mov    rax,QWORD PTR [rbp-0x14b0]
  403bf2:	ba 00 00 00 00       	mov    edx,0x0
  403bf7:	48 f7 b5 68 eb ff ff 	div    QWORD PTR [rbp-0x1498]
  403bfe:	48 89 45 d8          	mov    QWORD PTR [rbp-0x28],rax
  403c02:	48 83 7d d8 00       	cmp    QWORD PTR [rbp-0x28],0x0
  403c07:	75 08                	jne    403c11 <_Z11build_chainPmmmjRKNSt7__cxx1112basic_stringIcSt11char_traitsIcESaIcEEEm+0x216>
  403c09:	48 c7 45 d8 01 00 00 	mov    QWORD PTR [rbp-0x28],0x1
  403c10:	00 
  403c11:	48 8b 95 70 eb ff ff 	mov    rdx,QWORD PTR [rbp-0x1490]
  403c18:	48 8b 45 d8          	mov    rax,QWORD PTR [rbp-0x28]
  403c1c:	48 01 d0             	add    rax,rdx
  403c1f:	48 83 e8 01          	sub    rax,0x1
  403c23:	ba 00 00 00 00       	mov    edx,0x0
  403c28:	48 f7 75 d8          	div    QWORD PTR [rbp-0x28]
  403c2c:	48 89 45 b8          	mov    QWORD PTR [rbp-0x48],rax
  403c30:	48 8d 85 57 ff ff ff 	lea    rax,[rbp-0xa9]
  403c37:	48 89 c7             	mov    rdi,rax
  403c3a:	e8 d5 09 00 00       	call   404614 <_ZNSaImEC1Ev>
  403c3f:	48 8d 95 57 ff ff ff 	lea    rdx,[rbp-0xa9]
  403c46:	48 8b 4d b8          	mov    rcx,QWORD PTR [rbp-0x48]
  403c4a:	48 8d 85 80 eb ff ff 	lea    rax,[rbp-0x1480]
  403c51:	48 89 ce             	mov    rsi,rcx
  403c54:	48 89 c7             	mov    rdi,rax
  403c57:	e8 f0 09 00 00       	call   40464c <_ZNSt6vectorImSaImEEC1EmRKS0_>
  403c5c:	48 8d 85 57 ff ff ff 	lea    rax,[rbp-0xa9]
  403c63:	48 89 c7             	mov    rdi,rax
  403c66:	e8 c5 09 00 00       	call   404630 <_ZNSaImED1Ev>
  403c6b:	48 c7 45 d0 00 00 00 	mov    QWORD PTR [rbp-0x30],0x0
  403c72:	00 
  403c73:	eb 22                	jmp    403c97 <_Z11build_chainPmmmjRKNSt7__cxx1112basic_stringIcSt11char_traitsIcESaIcEEEm+0x29c>
  403c75:	48 8b 55 d0          	mov    rdx,QWORD PTR [rbp-0x30]
  403c79:	48 8d 85 80 eb ff ff 	lea    rax,[rbp-0x1480]
  403c80:	48 89 d6             	mov    rsi,rdx
  403c83:	48 89 c7             	mov    rdi,rax
  403c86:	e8 7b 0a 00 00       	call   404706 <_ZNSt6vectorImSaImEEixEm>
  403c8b:	48 8b 55 d0          	mov    rdx,QWORD PTR [rbp-0x30]
  403c8f:	48 89 10             	mov    QWORD PTR [rax],rdx
  403c92:	48 83 45 d0 01       	add    QWORD PTR [rbp-0x30],0x1
  403c97:	48 8b 45 d0          	mov    rax,QWORD PTR [rbp-0x30]
  403c9b:	48 3b 45 b8          	cmp    rax,QWORD PTR [rbp-0x48]
  403c9f:	72 d4                	jb     403c75 <_Z11build_chainPmmmjRKNSt7__cxx1112basic_stringIcSt11char_traitsIcESaIcEEEm+0x27a>
  403ca1:	48 8b 85 58 eb ff ff 	mov    rax,QWORD PTR [rbp-0x14a8]
  403ca8:	be af 63 40 00       	mov    esi,0x4063af
  403cad:	48 89 c7             	mov    rdi,rax
  403cb0:	e8 34 09 00 00       	call   4045e9 <_ZSteqIcSt11char_traitsIcESaIcEEbRKNSt7__cxx1112basic_stringIT_T0_T1_EEPKS5_>
  403cb5:	84 c0                	test   al,al
  403cb7:	74 39                	je     403cf2 <_Z11build_chainPmmmjRKNSt7__cxx1112basic_stringIcSt11char_traitsIcESaIcEEEm+0x2f7>
  403cb9:	48 8d 85 80 eb ff ff 	lea    rax,[rbp-0x1480]
  403cc0:	48 89 c7             	mov    rdi,rax
  403cc3:	e8 aa 0a 00 00       	call   404772 <_ZNSt6vectorImSaImEE3endEv>
  403cc8:	48 89 c3             	mov    rbx,rax
  403ccb:	48 8d 85 80 eb ff ff 	lea    rax,[rbp-0x1480]
  403cd2:	48 89 c7             	mov    rdi,rax
  403cd5:	e8 72 0a 00 00       	call   40474c <_ZNSt6vectorImSaImEE5beginEv>
  403cda:	48 89 c1             	mov    rcx,rax
  403cdd:	48 8d 85 a0 eb ff ff 	lea    rax,[rbp-0x1460]
  403ce4:	48 89 c2             	mov    rdx,rax
  403ce7:	48 89 de             	mov    rsi,rbx
  403cea:	48 89 cf             	mov    rdi,rcx
  403ced:	e8 a9 0a 00 00       	call   40479b <_ZSt7shuffleIN9__gnu_cxx17__normal_iteratorIPmSt6vectorImSaImEEEERSt23mersenne_twister_engineImLm32ELm624ELm397ELm31ELm2567483615ELm11ELm4294967295ELm7ELm2636928640ELm15ELm4022730752ELm18ELm1812433253EEEvT_SA_OT0_>
  403cf2:	48 c7 45 c8 00 00 00 	mov    QWORD PTR [rbp-0x38],0x0
  403cf9:	00 
  403cfa:	e9 15 01 00 00       	jmp    403e14 <_Z11build_chainPmmmjRKNSt7__cxx1112basic_stringIcSt11char_traitsIcESaIcEEEm+0x419>
  403cff:	48 8b 55 c8          	mov    rdx,QWORD PTR [rbp-0x38]
  403d03:	48 8d 85 80 eb ff ff 	lea    rax,[rbp-0x1480]
  403d0a:	48 89 d6             	mov    rsi,rdx
  403d0d:	48 89 c7             	mov    rdi,rax
  403d10:	e8 f1 09 00 00       	call   404706 <_ZNSt6vectorImSaImEEixEm>
  403d15:	48 8b 00             	mov    rax,QWORD PTR [rax]
  403d18:	48 89 45 b0          	mov    QWORD PTR [rbp-0x50],rax
  403d1c:	48 8b 45 b0          	mov    rax,QWORD PTR [rbp-0x50]
  403d20:	48 0f af 45 d8       	imul   rax,QWORD PTR [rbp-0x28]
  403d25:	48 89 45 a8          	mov    QWORD PTR [rbp-0x58],rax
  403d29:	48 8b 55 a8          	mov    rdx,QWORD PTR [rbp-0x58]
  403d2d:	48 8b 45 d8          	mov    rax,QWORD PTR [rbp-0x28]
  403d31:	48 01 d0             	add    rax,rdx
  403d34:	48 89 85 58 ff ff ff 	mov    QWORD PTR [rbp-0xa8],rax
  403d3b:	48 8d 95 70 eb ff ff 	lea    rdx,[rbp-0x1490]
  403d42:	48 8d 85 58 ff ff ff 	lea    rax,[rbp-0xa8]
  403d49:	48 89 d6             	mov    rsi,rdx
  403d4c:	48 89 c7             	mov    rdi,rax
  403d4f:	e8 01 0d 00 00       	call   404a55 <_ZSt3minImERKT_S2_S2_>
  403d54:	48 8b 00             	mov    rax,QWORD PTR [rax]
  403d57:	48 89 45 a0          	mov    QWORD PTR [rbp-0x60],rax
  403d5b:	48 8b 45 a8          	mov    rax,QWORD PTR [rbp-0x58]
  403d5f:	48 89 45 c0          	mov    QWORD PTR [rbp-0x40],rax
  403d63:	e9 99 00 00 00       	jmp    403e01 <_Z11build_chainPmmmjRKNSt7__cxx1112basic_stringIcSt11char_traitsIcESaIcEEEm+0x406>
  403d68:	48 8b 45 c0          	mov    rax,QWORD PTR [rbp-0x40]
  403d6c:	48 89 45 98          	mov    QWORD PTR [rbp-0x68],rax
  403d70:	48 8b 45 c0          	mov    rax,QWORD PTR [rbp-0x40]
  403d74:	48 83 c0 01          	add    rax,0x1
  403d78:	48 39 45 a0          	cmp    QWORD PTR [rbp-0x60],rax
  403d7c:	76 0a                	jbe    403d88 <_Z11build_chainPmmmjRKNSt7__cxx1112basic_stringIcSt11char_traitsIcESaIcEEEm+0x38d>
  403d7e:	48 8b 45 c0          	mov    rax,QWORD PTR [rbp-0x40]
  403d82:	48 83 c0 01          	add    rax,0x1
  403d86:	eb 2b                	jmp    403db3 <_Z11build_chainPmmmjRKNSt7__cxx1112basic_stringIcSt11char_traitsIcESaIcEEEm+0x3b8>
  403d88:	48 8b 45 c8          	mov    rax,QWORD PTR [rbp-0x38]
  403d8c:	48 83 c0 01          	add    rax,0x1
  403d90:	ba 00 00 00 00       	mov    edx,0x0
  403d95:	48 f7 75 b8          	div    QWORD PTR [rbp-0x48]
  403d99:	48 8d 85 80 eb ff ff 	lea    rax,[rbp-0x1480]
  403da0:	48 89 d6             	mov    rsi,rdx
  403da3:	48 89 c7             	mov    rdi,rax
  403da6:	e8 5b 09 00 00       	call   404706 <_ZNSt6vectorImSaImEEixEm>
  403dab:	48 8b 00             	mov    rax,QWORD PTR [rax]
  403dae:	48 0f af 45 d8       	imul   rax,QWORD PTR [rbp-0x28]
  403db3:	48 89 45 90          	mov    QWORD PTR [rbp-0x70],rax
  403db7:	48 8b 45 98          	mov    rax,QWORD PTR [rbp-0x68]
  403dbb:	48 0f af 85 68 eb ff 	imul   rax,QWORD PTR [rbp-0x1498]
  403dc2:	ff 
  403dc3:	48 89 c2             	mov    rdx,rax
  403dc6:	48 8b 85 78 eb ff ff 	mov    rax,QWORD PTR [rbp-0x1488]
  403dcd:	48 01 d0             	add    rax,rdx
  403dd0:	48 89 45 88          	mov    QWORD PTR [rbp-0x78],rax
  403dd4:	48 8b 45 90          	mov    rax,QWORD PTR [rbp-0x70]
  403dd8:	48 0f af 85 68 eb ff 	imul   rax,QWORD PTR [rbp-0x1498]
  403ddf:	ff 
  403de0:	48 89 c2             	mov    rdx,rax
  403de3:	48 8b 85 78 eb ff ff 	mov    rax,QWORD PTR [rbp-0x1488]
  403dea:	48 01 d0             	add    rax,rdx
  403ded:	48 89 45 80          	mov    QWORD PTR [rbp-0x80],rax
  403df1:	48 8b 55 80          	mov    rdx,QWORD PTR [rbp-0x80]
  403df5:	48 8b 45 88          	mov    rax,QWORD PTR [rbp-0x78]
  403df9:	48 89 10             	mov    QWORD PTR [rax],rdx
  403dfc:	48 83 45 c0 01       	add    QWORD PTR [rbp-0x40],0x1
  403e01:	48 8b 45 c0          	mov    rax,QWORD PTR [rbp-0x40]
  403e05:	48 3b 45 a0          	cmp    rax,QWORD PTR [rbp-0x60]
  403e09:	0f 82 59 ff ff ff    	jb     403d68 <_Z11build_chainPmmmjRKNSt7__cxx1112basic_stringIcSt11char_traitsIcESaIcEEEm+0x36d>
  403e0f:	48 83 45 c8 01       	add    QWORD PTR [rbp-0x38],0x1
  403e14:	48 8b 45 c8          	mov    rax,QWORD PTR [rbp-0x38]
  403e18:	48 3b 45 b8          	cmp    rax,QWORD PTR [rbp-0x48]
  403e1c:	0f 82 dd fe ff ff    	jb     403cff <_Z11build_chainPmmmjRKNSt7__cxx1112basic_stringIcSt11char_traitsIcESaIcEEEm+0x304>
  403e22:	48 8d 85 80 eb ff ff 	lea    rax,[rbp-0x1480]
  403e29:	48 89 c7             	mov    rdi,rax
  403e2c:	e8 91 08 00 00       	call   4046c2 <_ZNSt6vectorImSaImEED1Ev>
  403e31:	bb 01 00 00 00       	mov    ebx,0x1
  403e36:	48 8d 85 30 ff ff ff 	lea    rax,[rbp-0xd0]
  403e3d:	48 89 c7             	mov    rdi,rax
  403e40:	e8 7d 08 00 00       	call   4046c2 <_ZNSt6vectorImSaImEED1Ev>
  403e45:	83 fb 01             	cmp    ebx,0x1
  403e48:	eb 62                	jmp    403eac <_Z11build_chainPmmmjRKNSt7__cxx1112basic_stringIcSt11char_traitsIcESaIcEEEm+0x4b1>
  403e4a:	48 89 c3             	mov    rbx,rax
  403e4d:	48 8d 85 56 ff ff ff 	lea    rax,[rbp-0xaa]
  403e54:	48 89 c7             	mov    rdi,rax
  403e57:	e8 d4 07 00 00       	call   404630 <_ZNSaImED1Ev>
  403e5c:	48 89 d8             	mov    rax,rbx
  403e5f:	48 89 c7             	mov    rdi,rax
  403e62:	e8 39 e4 ff ff       	call   4022a0 <_Unwind_Resume@plt>
  403e67:	48 89 c3             	mov    rbx,rax
  403e6a:	48 8d 85 57 ff ff ff 	lea    rax,[rbp-0xa9]
  403e71:	48 89 c7             	mov    rdi,rax
  403e74:	e8 b7 07 00 00       	call   404630 <_ZNSaImED1Ev>
  403e79:	eb 17                	jmp    403e92 <_Z11build_chainPmmmjRKNSt7__cxx1112basic_stringIcSt11char_traitsIcESaIcEEEm+0x497>
  403e7b:	48 89 c3             	mov    rbx,rax
  403e7e:	48 8d 85 80 eb ff ff 	lea    rax,[rbp-0x1480]
  403e85:	48 89 c7             	mov    rdi,rax
  403e88:	e8 35 08 00 00       	call   4046c2 <_ZNSt6vectorImSaImEED1Ev>
  403e8d:	eb 03                	jmp    403e92 <_Z11build_chainPmmmjRKNSt7__cxx1112basic_stringIcSt11char_traitsIcESaIcEEEm+0x497>
  403e8f:	48 89 c3             	mov    rbx,rax
  403e92:	48 8d 85 30 ff ff ff 	lea    rax,[rbp-0xd0]
  403e99:	48 89 c7             	mov    rdi,rax
  403e9c:	e8 21 08 00 00       	call   4046c2 <_ZNSt6vectorImSaImEED1Ev>
  403ea1:	48 89 d8             	mov    rax,rbx
  403ea4:	48 89 c7             	mov    rdi,rax
  403ea7:	e8 f4 e3 ff ff       	call   4022a0 <_Unwind_Resume@plt>
  403eac:	48 8b 5d f8          	mov    rbx,QWORD PTR [rbp-0x8]
  403eb0:	c9                   	leave  
  403eb1:	c3                   	ret    

0000000000403eb2 <main>:
  403eb2:	55                   	push   rbp
  403eb3:	48 89 e5             	mov    rbp,rsp
  403eb6:	41 54                	push   r12
  403eb8:	53                   	push   rbx
  403eb9:	48 81 ec b0 02 00 00 	sub    rsp,0x2b0
  403ec0:	89 bd 4c fd ff ff    	mov    DWORD PTR [rbp-0x2b4],edi
  403ec6:	48 89 b5 40 fd ff ff 	mov    QWORD PTR [rbp-0x2c0],rsi
  403ecd:	48 8d 95 90 fe ff ff 	lea    rdx,[rbp-0x170]
  403ed4:	b8 00 00 00 00       	mov    eax,0x0
  403ed9:	b9 1c 00 00 00       	mov    ecx,0x1c
  403ede:	48 89 d7             	mov    rdi,rdx
  403ee1:	f3 48 ab             	rep stos QWORD PTR es:[rdi],rax
  403ee4:	48 8d 85 90 fe ff ff 	lea    rax,[rbp-0x170]
  403eeb:	48 89 c7             	mov    rdi,rax
  403eee:	e8 1d e3 ff ff       	call   402210 <_ZNSt7__cxx1112basic_stringIcSt11char_traitsIcESaIcEEC1Ev@plt>
  403ef3:	48 8d 85 90 fe ff ff 	lea    rax,[rbp-0x170]
  403efa:	48 83 c0 20          	add    rax,0x20
  403efe:	48 89 c7             	mov    rdi,rax
  403f01:	e8 0a e3 ff ff       	call   402210 <_ZNSt7__cxx1112basic_stringIcSt11char_traitsIcESaIcEEC1Ev@plt>
  403f06:	48 8d 85 90 fe ff ff 	lea    rax,[rbp-0x170]
  403f0d:	48 83 c0 40          	add    rax,0x40
  403f11:	48 89 c7             	mov    rdi,rax
  403f14:	e8 f7 e2 ff ff       	call   402210 <_ZNSt7__cxx1112basic_stringIcSt11char_traitsIcESaIcEEC1Ev@plt>
  403f19:	48 8d 85 90 fe ff ff 	lea    rax,[rbp-0x170]
  403f20:	48 05 98 00 00 00    	add    rax,0x98
  403f26:	48 89 c7             	mov    rdi,rax
  403f29:	e8 e2 e2 ff ff       	call   402210 <_ZNSt7__cxx1112basic_stringIcSt11char_traitsIcESaIcEEC1Ev@plt>
  403f2e:	48 8d 85 90 fe ff ff 	lea    rax,[rbp-0x170]
  403f35:	48 05 b8 00 00 00    	add    rax,0xb8
  403f3b:	48 89 c7             	mov    rdi,rax
  403f3e:	e8 cd e2 ff ff       	call   402210 <_ZNSt7__cxx1112basic_stringIcSt11char_traitsIcESaIcEEC1Ev@plt>
  403f43:	48 8d 95 90 fe ff ff 	lea    rdx,[rbp-0x170]
  403f4a:	48 8b 8d 40 fd ff ff 	mov    rcx,QWORD PTR [rbp-0x2c0]
  403f51:	8b 85 4c fd ff ff    	mov    eax,DWORD PTR [rbp-0x2b4]
  403f57:	48 89 ce             	mov    rsi,rcx
  403f5a:	89 c7                	mov    edi,eax
  403f5c:	e8 85 ee ff ff       	call   402de6 <_Z10parse_argsiPPcR6Config>
  403f61:	83 f0 01             	xor    eax,0x1
  403f64:	84 c0                	test   al,al
  403f66:	74 0a                	je     403f72 <main+0xc0>
  403f68:	bb 01 00 00 00       	mov    ebx,0x1
  403f6d:	e9 b8 03 00 00       	jmp    40432a <main+0x478>
  403f72:	48 8d 85 90 fe ff ff 	lea    rax,[rbp-0x170]
  403f79:	48 89 c7             	mov    rdi,rax
  403f7c:	e8 0f e3 ff ff       	call   402290 <_ZNKSt7__cxx1112basic_stringIcSt11char_traitsIcESaIcEE5emptyEv@plt>
  403f81:	84 c0                	test   al,al
  403f83:	75 17                	jne    403f9c <main+0xea>
  403f85:	48 8d 85 90 fe ff ff 	lea    rax,[rbp-0x170]
  403f8c:	48 83 c0 20          	add    rax,0x20
  403f90:	48 89 c7             	mov    rdi,rax
  403f93:	e8 f8 e2 ff ff       	call   402290 <_ZNKSt7__cxx1112basic_stringIcSt11char_traitsIcESaIcEE5emptyEv@plt>
  403f98:	84 c0                	test   al,al
  403f9a:	74 07                	je     403fa3 <main+0xf1>
  403f9c:	b8 01 00 00 00       	mov    eax,0x1
  403fa1:	eb 05                	jmp    403fa8 <main+0xf6>
  403fa3:	b8 00 00 00 00       	mov    eax,0x0
  403fa8:	84 c0                	test   al,al
  403faa:	74 19                	je     403fc5 <main+0x113>
  403fac:	be 80 64 40 00       	mov    esi,0x406480
  403fb1:	bf a0 91 40 00       	mov    edi,0x4091a0
  403fb6:	e8 95 e1 ff ff       	call   402150 <_ZStlsISt11char_traitsIcEERSt13basic_ostreamIcT_ES5_PKc@plt>
  403fbb:	bb 01 00 00 00       	mov    ebx,0x1
  403fc0:	e9 65 03 00 00       	jmp    40432a <main+0x478>
  403fc5:	48 8d 85 90 fe ff ff 	lea    rax,[rbp-0x170]
  403fcc:	48 89 c7             	mov    rdi,rax
  403fcf:	e8 ac e0 ff ff       	call   402080 <_ZNKSt7__cxx1112basic_stringIcSt11char_traitsIcESaIcEE5c_strEv@plt>
  403fd4:	48 89 c7             	mov    rdi,rax
  403fd7:	e8 6d e4 ff ff       	call   402449 <_ZL8pmu_openPKc>
  403fdc:	48 c7 45 c0 40 00 00 	mov    QWORD PTR [rbp-0x40],0x40
  403fe3:	00 
  403fe4:	48 c7 85 88 fe ff ff 	mov    QWORD PTR [rbp-0x178],0x0
  403feb:	00 00 00 00 
  403fef:	48 8b 95 00 ff ff ff 	mov    rdx,QWORD PTR [rbp-0x100]
  403ff6:	48 8b 85 f8 fe ff ff 	mov    rax,QWORD PTR [rbp-0x108]
  403ffd:	48 01 d0             	add    rax,rdx
  404000:	48 8d 50 40          	lea    rdx,[rax+0x40]
  404004:	48 8d 85 88 fe ff ff 	lea    rax,[rbp-0x178]
  40400b:	be 40 00 00 00       	mov    esi,0x40
  404010:	48 89 c7             	mov    rdi,rax
  404013:	e8 88 e0 ff ff       	call   4020a0 <posix_memalign@plt>
  404018:	85 c0                	test   eax,eax
  40401a:	0f 95 c0             	setne  al
  40401d:	84 c0                	test   al,al
  40401f:	74 0b                	je     40402c <main+0x17a>
  404021:	48 c7 85 88 fe ff ff 	mov    QWORD PTR [rbp-0x178],0x0
  404028:	00 00 00 00 
  40402c:	48 8b 85 88 fe ff ff 	mov    rax,QWORD PTR [rbp-0x178]
  404033:	48 85 c0             	test   rax,rax
  404036:	75 19                	jne    404051 <main+0x19f>
  404038:	be ab 64 40 00       	mov    esi,0x4064ab
  40403d:	bf a0 91 40 00       	mov    edi,0x4091a0
  404042:	e8 09 e1 ff ff       	call   402150 <_ZStlsISt11char_traitsIcEERSt13basic_ostreamIcT_ES5_PKc@plt>
  404047:	bb 01 00 00 00       	mov    ebx,0x1
  40404c:	e9 d9 02 00 00       	jmp    40432a <main+0x478>
  404051:	48 8b 95 88 fe ff ff 	mov    rdx,QWORD PTR [rbp-0x178]
  404058:	48 8b 85 f8 fe ff ff 	mov    rax,QWORD PTR [rbp-0x108]
  40405f:	48 01 d0             	add    rax,rdx
  404062:	48 89 45 b8          	mov    QWORD PTR [rbp-0x48],rax
  404066:	48 8b 85 00 ff ff ff 	mov    rax,QWORD PTR [rbp-0x100]
  40406d:	48 8b 8d f0 fe ff ff 	mov    rcx,QWORD PTR [rbp-0x110]
  404074:	ba 00 00 00 00       	mov    edx,0x0
  404079:	48 f7 f1             	div    rcx
  40407c:	48 89 45 b0          	mov    QWORD PTR [rbp-0x50],rax
  404080:	48 83 7d b0 01       	cmp    QWORD PTR [rbp-0x50],0x1
  404085:	77 19                	ja     4040a0 <main+0x1ee>
  404087:	be be 64 40 00       	mov    esi,0x4064be
  40408c:	bf a0 91 40 00       	mov    edi,0x4091a0
  404091:	e8 ba e0 ff ff       	call   402150 <_ZStlsISt11char_traitsIcEERSt13basic_ostreamIcT_ES5_PKc@plt>
  404096:	bb 01 00 00 00       	mov    ebx,0x1
  40409b:	e9 8a 02 00 00       	jmp    40432a <main+0x478>
  4040a0:	48 8b bd 68 ff ff ff 	mov    rdi,QWORD PTR [rbp-0x98]
  4040a7:	8b 8d 20 ff ff ff    	mov    ecx,DWORD PTR [rbp-0xe0]
  4040ad:	48 8b 95 f0 fe ff ff 	mov    rdx,QWORD PTR [rbp-0x110]
  4040b4:	48 8d 85 90 fe ff ff 	lea    rax,[rbp-0x170]
  4040bb:	4c 8d 80 98 00 00 00 	lea    r8,[rax+0x98]
  4040c2:	48 8b 75 b0          	mov    rsi,QWORD PTR [rbp-0x50]
  4040c6:	48 8b 45 b8          	mov    rax,QWORD PTR [rbp-0x48]
  4040ca:	49 89 f9             	mov    r9,rdi
  4040cd:	48 89 c7             	mov    rdi,rax
  4040d0:	e8 26 f9 ff ff       	call   4039fb <_Z11build_chainPmmmjRKNSt7__cxx1112basic_stringIcSt11char_traitsIcESaIcEEEm>
  4040d5:	48 8b 45 b8          	mov    rax,QWORD PTR [rbp-0x48]
  4040d9:	48 89 45 e8          	mov    QWORD PTR [rbp-0x18],rax
  4040dd:	48 8d 85 7f ff ff ff 	lea    rax,[rbp-0x81]
  4040e4:	48 89 c7             	mov    rdi,rax
  4040e7:	e8 28 05 00 00       	call   404614 <_ZNSaImEC1Ev>
  4040ec:	48 c7 45 80 00 00 00 	mov    QWORD PTR [rbp-0x80],0x0
  4040f3:	00 
  4040f4:	48 8b b5 10 ff ff ff 	mov    rsi,QWORD PTR [rbp-0xf0]
  4040fb:	48 8d 8d 7f ff ff ff 	lea    rcx,[rbp-0x81]
  404102:	48 8d 55 80          	lea    rdx,[rbp-0x80]
  404106:	48 8d 85 70 fe ff ff 	lea    rax,[rbp-0x190]
  40410d:	48 89 c7             	mov    rdi,rax
  404110:	e8 6b 09 00 00       	call   404a80 <_ZNSt6vectorImSaImEEC1EmRKmRKS0_>
  404115:	48 8d 85 7f ff ff ff 	lea    rax,[rbp-0x81]
  40411c:	48 89 c7             	mov    rdi,rax
  40411f:	e8 0c 05 00 00       	call   404630 <_ZNSaImED1Ev>
  404124:	48 c7 45 e0 00 00 00 	mov    QWORD PTR [rbp-0x20],0x0
  40412b:	00 
  40412c:	eb 2c                	jmp    40415a <main+0x2a8>
  40412e:	48 c7 45 d8 00 00 00 	mov    QWORD PTR [rbp-0x28],0x0
  404135:	00 
  404136:	eb 10                	jmp    404148 <main+0x296>
  404138:	48 8b 45 e8          	mov    rax,QWORD PTR [rbp-0x18]
  40413c:	48 8b 00             	mov    rax,QWORD PTR [rax]
  40413f:	48 89 45 e8          	mov    QWORD PTR [rbp-0x18],rax
  404143:	48 83 45 d8 01       	add    QWORD PTR [rbp-0x28],0x1
  404148:	48 8b 85 08 ff ff ff 	mov    rax,QWORD PTR [rbp-0xf8]
  40414f:	48 39 45 d8          	cmp    QWORD PTR [rbp-0x28],rax
  404153:	72 e3                	jb     404138 <main+0x286>
  404155:	48 83 45 e0 01       	add    QWORD PTR [rbp-0x20],0x1
  40415a:	48 8b 85 18 ff ff ff 	mov    rax,QWORD PTR [rbp-0xe8]
  404161:	48 39 45 e0          	cmp    QWORD PTR [rbp-0x20],rax
  404165:	72 c7                	jb     40412e <main+0x27c>
  404167:	48 8b 45 e8          	mov    rax,QWORD PTR [rbp-0x18]
  40416b:	48 89 45 a8          	mov    QWORD PTR [rbp-0x58],rax
  40416f:	48 8b 45 b8          	mov    rax,QWORD PTR [rbp-0x48]
  404173:	48 89 45 e8          	mov    QWORD PTR [rbp-0x18],rax
  404177:	48 8b 45 b8          	mov    rax,QWORD PTR [rbp-0x48]
  40417b:	be cd 64 40 00       	mov    esi,0x4064cd
  404180:	48 89 c7             	mov    rdi,rax
  404183:	e8 d7 e9 ff ff       	call   402b5f <_ZL11log_mappingPKvPKc>
  404188:	48 8d 95 e0 fd ff ff 	lea    rdx,[rbp-0x220]
  40418f:	b8 00 00 00 00       	mov    eax,0x0
  404194:	b9 12 00 00 00       	mov    ecx,0x12
  404199:	48 89 d7             	mov    rdi,rdx
  40419c:	f3 48 ab             	rep stos QWORD PTR es:[rdi],rax
  40419f:	48 8d 95 50 fd ff ff 	lea    rdx,[rbp-0x2b0]
  4041a6:	b8 00 00 00 00       	mov    eax,0x0
  4041ab:	b9 12 00 00 00       	mov    ecx,0x12
  4041b0:	48 89 d7             	mov    rdi,rdx
  4041b3:	f3 48 ab             	rep stos QWORD PTR es:[rdi],rax
  4041b6:	48 8d 85 e0 fd ff ff 	lea    rax,[rbp-0x220]
  4041bd:	48 89 c6             	mov    rsi,rax
  4041c0:	bf 00 00 00 00       	mov    edi,0x0
  4041c5:	e8 f6 de ff ff       	call   4020c0 <getrusage@plt>
  4041ca:	e8 4f e5 ff ff       	call   40271e <_ZL9pmu_startv>
  4041cf:	48 c7 45 d0 00 00 00 	mov    QWORD PTR [rbp-0x30],0x0
  4041d6:	00 
  4041d7:	eb 67                	jmp    404240 <main+0x38e>
  4041d9:	e8 f2 eb ff ff       	call   402dd0 <_ZL9tsc_startv>
  4041de:	48 89 45 98          	mov    QWORD PTR [rbp-0x68],rax
  4041e2:	48 c7 45 c8 00 00 00 	mov    QWORD PTR [rbp-0x38],0x0
  4041e9:	00 
  4041ea:	eb 10                	jmp    4041fc <main+0x34a>
  4041ec:	48 8b 45 e8          	mov    rax,QWORD PTR [rbp-0x18]
  4041f0:	48 8b 00             	mov    rax,QWORD PTR [rax]
  4041f3:	48 89 45 e8          	mov    QWORD PTR [rbp-0x18],rax
  4041f7:	48 83 45 c8 01       	add    QWORD PTR [rbp-0x38],0x1
  4041fc:	48 8b 85 08 ff ff ff 	mov    rax,QWORD PTR [rbp-0xf8]
  404203:	48 39 45 c8          	cmp    QWORD PTR [rbp-0x38],rax
  404207:	72 e3                	jb     4041ec <main+0x33a>
  404209:	e8 cd eb ff ff       	call   402ddb <_ZL8tsc_stopv>
  40420e:	48 89 45 90          	mov    QWORD PTR [rbp-0x70],rax
  404212:	48 8b 45 90          	mov    rax,QWORD PTR [rbp-0x70]
  404216:	48 2b 45 98          	sub    rax,QWORD PTR [rbp-0x68]
  40421a:	48 89 45 88          	mov    QWORD PTR [rbp-0x78],rax
  40421e:	48 8b 55 d0          	mov    rdx,QWORD PTR [rbp-0x30]
  404222:	48 8d 85 70 fe ff ff 	lea    rax,[rbp-0x190]
  404229:	48 89 d6             	mov    rsi,rdx
  40422c:	48 89 c7             	mov    rdi,rax
  40422f:	e8 d2 04 00 00       	call   404706 <_ZNSt6vectorImSaImEEixEm>
  404234:	48 8b 55 88          	mov    rdx,QWORD PTR [rbp-0x78]
  404238:	48 89 10             	mov    QWORD PTR [rax],rdx
  40423b:	48 83 45 d0 01       	add    QWORD PTR [rbp-0x30],0x1
  404240:	48 8b 85 10 ff ff ff 	mov    rax,QWORD PTR [rbp-0xf0]
  404247:	48 39 45 d0          	cmp    QWORD PTR [rbp-0x30],rax
  40424b:	72 8c                	jb     4041d9 <main+0x327>
  40424d:	e8 31 e5 ff ff       	call   402783 <_ZL8pmu_stopv>
  404252:	48 8d 85 50 fd ff ff 	lea    rax,[rbp-0x2b0]
  404259:	48 89 c6             	mov    rsi,rax
  40425c:	bf 00 00 00 00       	mov    edi,0x0
  404261:	e8 5a de ff ff       	call   4020c0 <getrusage@plt>
  404266:	48 8d 95 50 fd ff ff 	lea    rdx,[rbp-0x2b0]
  40426d:	48 8d 85 e0 fd ff ff 	lea    rax,[rbp-0x220]
  404274:	48 89 d6             	mov    rsi,rdx
  404277:	48 89 c7             	mov    rdi,rax
  40427a:	e8 24 e8 ff ff       	call   402aa3 <_ZL9log_usageRK6rusageS1_>
  40427f:	48 8b 45 b8          	mov    rax,QWORD PTR [rbp-0x48]
  404283:	be d4 64 40 00       	mov    esi,0x4064d4
  404288:	48 89 c7             	mov    rdi,rax
  40428b:	e8 cf e8 ff ff       	call   402b5f <_ZL11log_mappingPKvPKc>
  404290:	48 8b 95 10 ff ff ff 	mov    rdx,QWORD PTR [rbp-0xf0]
  404297:	48 8b 85 08 ff ff ff 	mov    rax,QWORD PTR [rbp-0xf8]
  40429e:	48 89 d3             	mov    rbx,rdx
  4042a1:	48 0f af d8          	imul   rbx,rax
  4042a5:	48 8d 85 90 fe ff ff 	lea    rax,[rbp-0x170]
  4042ac:	48 83 c0 20          	add    rax,0x20
  4042b0:	48 89 c7             	mov    rdi,rax
  4042b3:	e8 c8 dd ff ff       	call   402080 <_ZNKSt7__cxx1112basic_stringIcSt11char_traitsIcESaIcEE5c_strEv@plt>
  4042b8:	48 89 de             	mov    rsi,rbx
  4042bb:	48 89 c7             	mov    rdi,rax
  4042be:	e8 a3 e5 ff ff       	call   402866 <_ZL8pmu_savePKcm>
  4042c3:	48 8b 9d 10 ff ff ff 	mov    rbx,QWORD PTR [rbp-0xf0]
  4042ca:	48 8d 85 70 fe ff ff 	lea    rax,[rbp-0x190]
  4042d1:	48 89 c7             	mov    rdi,rax
  4042d4:	e8 25 08 00 00       	call   404afe <_ZNSt6vectorImSaImEE4dataEv>
  4042d9:	49 89 c4             	mov    r12,rax
  4042dc:	48 8d 85 90 fe ff ff 	lea    rax,[rbp-0x170]
  4042e3:	48 05 b8 00 00 00    	add    rax,0xb8
  4042e9:	48 89 c7             	mov    rdi,rax
  4042ec:	e8 8f dd ff ff       	call   402080 <_ZNKSt7__cxx1112basic_stringIcSt11char_traitsIcESaIcEE5c_strEv@plt>
  4042f1:	48 89 da             	mov    rdx,rbx
  4042f4:	4c 89 e6             	mov    rsi,r12
  4042f7:	48 89 c7             	mov    rdi,rax
  4042fa:	e8 19 e7 ff ff       	call   402a18 <_ZL10save_ticksPKcPKmm>
  4042ff:	48 8b 45 e8          	mov    rax,QWORD PTR [rbp-0x18]
  404303:	48 89 45 a0          	mov    QWORD PTR [rbp-0x60],rax
  404307:	48 8b 85 88 fe ff ff 	mov    rax,QWORD PTR [rbp-0x178]
  40430e:	48 89 c7             	mov    rdi,rax
  404311:	e8 9a de ff ff       	call   4021b0 <free@plt>
  404316:	bb 00 00 00 00       	mov    ebx,0x0
  40431b:	48 8d 85 70 fe ff ff 	lea    rax,[rbp-0x190]
  404322:	48 89 c7             	mov    rdi,rax
  404325:	e8 98 03 00 00       	call   4046c2 <_ZNSt6vectorImSaImEED1Ev>
  40432a:	48 8d 85 90 fe ff ff 	lea    rax,[rbp-0x170]
  404331:	48 89 c7             	mov    rdi,rax
  404334:	e8 09 01 00 00       	call   404442 <_ZN6ConfigD1Ev>
  404339:	89 d8                	mov    eax,ebx
  40433b:	eb 45                	jmp    404382 <main+0x4d0>
  40433d:	48 89 c3             	mov    rbx,rax
  404340:	48 8d 85 7f ff ff ff 	lea    rax,[rbp-0x81]
  404347:	48 89 c7             	mov    rdi,rax
  40434a:	e8 e1 02 00 00       	call   404630 <_ZNSaImED1Ev>
  40434f:	eb 17                	jmp    404368 <main+0x4b6>
  404351:	48 89 c3             	mov    rbx,rax
  404354:	48 8d 85 70 fe ff ff 	lea    rax,[rbp-0x190]
  40435b:	48 89 c7             	mov    rdi,rax
  40435e:	e8 5f 03 00 00       	call   4046c2 <_ZNSt6vectorImSaImEED1Ev>
  404363:	eb 03                	jmp    404368 <main+0x4b6>
  404365:	48 89 c3             	mov    rbx,rax
  404368:	48 8d 85 90 fe ff ff 	lea    rax,[rbp-0x170]
  40436f:	48 89 c7             	mov    rdi,rax
  404372:	e8 cb 00 00 00       	call   404442 <_ZN6ConfigD1Ev>
  404377:	48 89 d8             	mov    rax,rbx
  40437a:	48 89 c7             	mov    rdi,rax
  40437d:	e8 1e df ff ff       	call   4022a0 <_Unwind_Resume@plt>
  404382:	48 81 c4 b0 02 00 00 	add    rsp,0x2b0
  404389:	5b                   	pop    rbx
  40438a:	41 5c                	pop    r12
  40438c:	5d                   	pop    rbp
  40438d:	c3                   	ret    

000000000040438e <_Z41__static_initialization_and_destruction_0ii>:
  40438e:	55                   	push   rbp
  40438f:	48 89 e5             	mov    rbp,rsp
  404392:	48 83 ec 10          	sub    rsp,0x10
  404396:	89 7d fc             	mov    DWORD PTR [rbp-0x4],edi
  404399:	89 75 f8             	mov    DWORD PTR [rbp-0x8],esi
  40439c:	83 7d fc 01          	cmp    DWORD PTR [rbp-0x4],0x1
  4043a0:	75 27                	jne    4043c9 <_Z41__static_initialization_and_destruction_0ii+0x3b>
  4043a2:	81 7d f8 ff ff 00 00 	cmp    DWORD PTR [rbp-0x8],0xffff
  4043a9:	75 1e                	jne    4043c9 <_Z41__static_initialization_and_destruction_0ii+0x3b>
  4043ab:	bf c0 92 40 00       	mov    edi,0x4092c0
  4043b0:	e8 ab de ff ff       	call   402260 <_ZNSt8ios_base4InitC1Ev@plt>
  4043b5:	ba 08 60 40 00       	mov    edx,0x406008
  4043ba:	be c0 92 40 00       	mov    esi,0x4092c0
  4043bf:	bf e0 22 40 00       	mov    edi,0x4022e0
  4043c4:	e8 47 dd ff ff       	call   402110 <__cxa_atexit@plt>
  4043c9:	90                   	nop
  4043ca:	c9                   	leave  
  4043cb:	c3                   	ret    

00000000004043cc <_GLOBAL__sub_I__Z10parse_argsiPPcR6Config>:
  4043cc:	55                   	push   rbp
  4043cd:	48 89 e5             	mov    rbp,rsp
  4043d0:	be ff ff 00 00       	mov    esi,0xffff
  4043d5:	bf 01 00 00 00       	mov    edi,0x1
  4043da:	e8 af ff ff ff       	call   40438e <_Z41__static_initialization_and_destruction_0ii>
  4043df:	5d                   	pop    rbp
  4043e0:	c3                   	ret    

00000000004043e1 <_ZnwmPv>:
  4043e1:	55                   	push   rbp
  4043e2:	48 89 e5             	mov    rbp,rsp
  4043e5:	48 89 7d f8          	mov    QWORD PTR [rbp-0x8],rdi
  4043e9:	48 89 75 f0          	mov    QWORD PTR [rbp-0x10],rsi
  4043ed:	48 8b 45 f0          	mov    rax,QWORD PTR [rbp-0x10]
  4043f1:	5d                   	pop    rbp
  4043f2:	c3                   	ret    

00000000004043f3 <_ZSt17__size_to_integerm>:
  4043f3:	55                   	push   rbp
  4043f4:	48 89 e5             	mov    rbp,rsp
  4043f7:	48 89 7d f8          	mov    QWORD PTR [rbp-0x8],rdi
  4043fb:	48 8b 45 f8          	mov    rax,QWORD PTR [rbp-0x8]
  4043ff:	5d                   	pop    rbp
  404400:	c3                   	ret    

0000000000404401 <_ZNSt7__cxx115stoulERKNS_12basic_stringIcSt11char_traitsIcESaIcEEEPmi>:
  404401:	55                   	push   rbp
  404402:	48 89 e5             	mov    rbp,rsp
  404405:	48 83 ec 20          	sub    rsp,0x20
  404409:	48 89 7d f8          	mov    QWORD PTR [rbp-0x8],rdi
  40440d:	48 89 75 f0          	mov    QWORD PTR [rbp-0x10],rsi
  404411:	89 55 ec             	mov    DWORD PTR [rbp-0x14],edx
  404414:	48 8b 45 f8          	mov    rax,QWORD PTR [rbp-0x8]
  404418:	48 89 c7             	mov    rdi,rax
  40441b:	e8 60 dc ff ff       	call   402080 <_ZNKSt7__cxx1112basic_stringIcSt11char_traitsIcESaIcEE5c_strEv@plt>
  404420:	48 89 c2             	mov    rdx,rax
  404423:	8b 4d ec             	mov    ecx,DWORD PTR [rbp-0x14]
  404426:	48 8b 45 f0          	mov    rax,QWORD PTR [rbp-0x10]
  40442a:	41 89 c8             	mov    r8d,ecx
  40442d:	48 89 c1             	mov    rcx,rax
  404430:	be 11 60 40 00       	mov    esi,0x406011
  404435:	bf 60 20 40 00       	mov    edi,0x402060
  40443a:	e8 c1 00 00 00       	call   404500 <_ZN9__gnu_cxx6__stoaImmcJiEEET0_PFT_PKT1_PPS3_DpT2_EPKcS5_PmS9_>
  40443f:	c9                   	leave  
  404440:	c3                   	ret    
  404441:	90                   	nop

0000000000404442 <_ZN6ConfigD1Ev>:
  404442:	55                   	push   rbp
  404443:	48 89 e5             	mov    rbp,rsp
  404446:	48 83 ec 10          	sub    rsp,0x10
  40444a:	48 89 7d f8          	mov    QWORD PTR [rbp-0x8],rdi
  40444e:	48 8b 45 f8          	mov    rax,QWORD PTR [rbp-0x8]
  404452:	48 05 b8 00 00 00    	add    rax,0xb8
  404458:	48 89 c7             	mov    rdi,rax
  40445b:	e8 80 dc ff ff       	call   4020e0 <_ZNSt7__cxx1112basic_stringIcSt11char_traitsIcESaIcEED1Ev@plt>
  404460:	48 8b 45 f8          	mov    rax,QWORD PTR [rbp-0x8]
  404464:	48 05 98 00 00 00    	add    rax,0x98
  40446a:	48 89 c7             	mov    rdi,rax
  40446d:	e8 6e dc ff ff       	call   4020e0 <_ZNSt7__cxx1112basic_stringIcSt11char_traitsIcESaIcEED1Ev@plt>
  404472:	48 8b 45 f8          	mov    rax,QWORD PTR [rbp-0x8]
  404476:	48 83 c0 40          	add    rax,0x40
  40447a:	48 89 c7             	mov    rdi,rax
  40447d:	e8 5e dc ff ff       	call   4020e0 <_ZNSt7__cxx1112basic_stringIcSt11char_traitsIcESaIcEED1Ev@plt>
  404482:	48 8b 45 f8          	mov    rax,QWORD PTR [rbp-0x8]
  404486:	48 83 c0 20          	add    rax,0x20
  40448a:	48 89 c7             	mov    rdi,rax
  40448d:	e8 4e dc ff ff       	call   4020e0 <_ZNSt7__cxx1112basic_stringIcSt11char_traitsIcESaIcEED1Ev@plt>
  404492:	48 8b 45 f8          	mov    rax,QWORD PTR [rbp-0x8]
  404496:	48 89 c7             	mov    rdi,rax
  404499:	e8 42 dc ff ff       	call   4020e0 <_ZNSt7__cxx1112basic_stringIcSt11char_traitsIcESaIcEED1Ev@plt>
  40449e:	90                   	nop
  40449f:	c9                   	leave  
  4044a0:	c3                   	ret    
  4044a1:	90                   	nop

00000000004044a2 <_ZZN9__gnu_cxx6__stoaImmcJiEEET0_PFT_PKT1_PPS3_DpT2_EPKcS5_PmS9_EN11_Save_errnoC1Ev>:
  4044a2:	55                   	push   rbp
  4044a3:	48 89 e5             	mov    rbp,rsp
  4044a6:	48 83 ec 10          	sub    rsp,0x10
  4044aa:	48 89 7d f8          	mov    QWORD PTR [rbp-0x8],rdi
  4044ae:	e8 7d db ff ff       	call   402030 <__errno_location@plt>
  4044b3:	8b 10                	mov    edx,DWORD PTR [rax]
  4044b5:	48 8b 45 f8          	mov    rax,QWORD PTR [rbp-0x8]
  4044b9:	89 10                	mov    DWORD PTR [rax],edx
  4044bb:	e8 70 db ff ff       	call   402030 <__errno_location@plt>
  4044c0:	c7 00 00 00 00 00    	mov    DWORD PTR [rax],0x0
  4044c6:	90                   	nop
  4044c7:	c9                   	leave  
  4044c8:	c3                   	ret    
  4044c9:	90                   	nop

00000000004044ca <_ZZN9__gnu_cxx6__stoaImmcJiEEET0_PFT_PKT1_PPS3_DpT2_EPKcS5_PmS9_EN11_Save_errnoD1Ev>:
  4044ca:	55                   	push   rbp
  4044cb:	48 89 e5             	mov    rbp,rsp
  4044ce:	48 83 ec 10          	sub    rsp,0x10
  4044d2:	48 89 7d f8          	mov    QWORD PTR [rbp-0x8],rdi
  4044d6:	e8 55 db ff ff       	call   402030 <__errno_location@plt>
  4044db:	8b 00                	mov    eax,DWORD PTR [rax]
  4044dd:	85 c0                	test   eax,eax
  4044df:	75 0d                	jne    4044ee <_ZZN9__gnu_cxx6__stoaImmcJiEEET0_PFT_PKT1_PPS3_DpT2_EPKcS5_PmS9_EN11_Save_errnoD1Ev+0x24>
  4044e1:	e8 4a db ff ff       	call   402030 <__errno_location@plt>
  4044e6:	48 8b 55 f8          	mov    rdx,QWORD PTR [rbp-0x8]
  4044ea:	8b 12                	mov    edx,DWORD PTR [rdx]
  4044ec:	89 10                	mov    DWORD PTR [rax],edx
  4044ee:	90                   	nop
  4044ef:	c9                   	leave  
  4044f0:	c3                   	ret    

00000000004044f1 <_ZZN9__gnu_cxx6__stoaImmcJiEEET0_PFT_PKT1_PPS3_DpT2_EPKcS5_PmS9_EN10_Range_chk6_S_chkEmSt17integral_constantIbLb0EE>:
  4044f1:	55                   	push   rbp
  4044f2:	48 89 e5             	mov    rbp,rsp
  4044f5:	48 89 7d f8          	mov    QWORD PTR [rbp-0x8],rdi
  4044f9:	b8 00 00 00 00       	mov    eax,0x0
  4044fe:	5d                   	pop    rbp
  4044ff:	c3                   	ret    

0000000000404500 <_ZN9__gnu_cxx6__stoaImmcJiEEET0_PFT_PKT1_PPS3_DpT2_EPKcS5_PmS9_>:
  404500:	55                   	push   rbp
  404501:	48 89 e5             	mov    rbp,rsp
  404504:	53                   	push   rbx
  404505:	48 83 ec 68          	sub    rsp,0x68
  404509:	48 89 7d b8          	mov    QWORD PTR [rbp-0x48],rdi
  40450d:	48 89 75 b0          	mov    QWORD PTR [rbp-0x50],rsi
  404511:	48 89 55 a8          	mov    QWORD PTR [rbp-0x58],rdx
  404515:	48 89 4d a0          	mov    QWORD PTR [rbp-0x60],rcx
  404519:	44 89 45 9c          	mov    DWORD PTR [rbp-0x64],r8d
  40451d:	48 8d 45 cc          	lea    rax,[rbp-0x34]
  404521:	48 89 c7             	mov    rdi,rax
  404524:	e8 79 ff ff ff       	call   4044a2 <_ZZN9__gnu_cxx6__stoaImmcJiEEET0_PFT_PKT1_PPS3_DpT2_EPKcS5_PmS9_EN11_Save_errnoC1Ev>
  404529:	8b 55 9c             	mov    edx,DWORD PTR [rbp-0x64]
  40452c:	48 8d 4d d0          	lea    rcx,[rbp-0x30]
  404530:	48 8b 45 a8          	mov    rax,QWORD PTR [rbp-0x58]
  404534:	4c 8b 45 b8          	mov    r8,QWORD PTR [rbp-0x48]
  404538:	48 89 ce             	mov    rsi,rcx
  40453b:	48 89 c7             	mov    rdi,rax
  40453e:	41 ff d0             	call   r8
  404541:	48 89 45 e8          	mov    QWORD PTR [rbp-0x18],rax
  404545:	48 8b 45 d0          	mov    rax,QWORD PTR [rbp-0x30]
  404549:	48 39 45 a8          	cmp    QWORD PTR [rbp-0x58],rax
  40454d:	75 0c                	jne    40455b <_ZN9__gnu_cxx6__stoaImmcJiEEET0_PFT_PKT1_PPS3_DpT2_EPKcS5_PmS9_+0x5b>
  40454f:	48 8b 45 b0          	mov    rax,QWORD PTR [rbp-0x50]
  404553:	48 89 c7             	mov    rdi,rax
  404556:	e8 75 db ff ff       	call   4020d0 <_ZSt24__throw_invalid_argumentPKc@plt>
  40455b:	e8 d0 da ff ff       	call   402030 <__errno_location@plt>
  404560:	8b 00                	mov    eax,DWORD PTR [rax]
  404562:	83 f8 22             	cmp    eax,0x22
  404565:	74 10                	je     404577 <_ZN9__gnu_cxx6__stoaImmcJiEEET0_PFT_PKT1_PPS3_DpT2_EPKcS5_PmS9_+0x77>
  404567:	48 8b 45 e8          	mov    rax,QWORD PTR [rbp-0x18]
  40456b:	48 89 c7             	mov    rdi,rax
  40456e:	e8 7e ff ff ff       	call   4044f1 <_ZZN9__gnu_cxx6__stoaImmcJiEEET0_PFT_PKT1_PPS3_DpT2_EPKcS5_PmS9_EN10_Range_chk6_S_chkEmSt17integral_constantIbLb0EE>
  404573:	84 c0                	test   al,al
  404575:	74 07                	je     40457e <_ZN9__gnu_cxx6__stoaImmcJiEEET0_PFT_PKT1_PPS3_DpT2_EPKcS5_PmS9_+0x7e>
  404577:	b8 01 00 00 00       	mov    eax,0x1
  40457c:	eb 05                	jmp    404583 <_ZN9__gnu_cxx6__stoaImmcJiEEET0_PFT_PKT1_PPS3_DpT2_EPKcS5_PmS9_+0x83>
  40457e:	b8 00 00 00 00       	mov    eax,0x0
  404583:	84 c0                	test   al,al
  404585:	74 0c                	je     404593 <_ZN9__gnu_cxx6__stoaImmcJiEEET0_PFT_PKT1_PPS3_DpT2_EPKcS5_PmS9_+0x93>
  404587:	48 8b 45 b0          	mov    rax,QWORD PTR [rbp-0x50]
  40458b:	48 89 c7             	mov    rdi,rax
  40458e:	e8 bd dc ff ff       	call   402250 <_ZSt20__throw_out_of_rangePKc@plt>
  404593:	48 8b 45 e8          	mov    rax,QWORD PTR [rbp-0x18]
  404597:	48 89 45 e0          	mov    QWORD PTR [rbp-0x20],rax
  40459b:	48 83 7d a0 00       	cmp    QWORD PTR [rbp-0x60],0x0
  4045a0:	74 12                	je     4045b4 <_ZN9__gnu_cxx6__stoaImmcJiEEET0_PFT_PKT1_PPS3_DpT2_EPKcS5_PmS9_+0xb4>
  4045a2:	48 8b 45 d0          	mov    rax,QWORD PTR [rbp-0x30]
  4045a6:	48 2b 45 a8          	sub    rax,QWORD PTR [rbp-0x58]
  4045aa:	48 89 c2             	mov    rdx,rax
  4045ad:	48 8b 45 a0          	mov    rax,QWORD PTR [rbp-0x60]
  4045b1:	48 89 10             	mov    QWORD PTR [rax],rdx
  4045b4:	48 8b 5d e0          	mov    rbx,QWORD PTR [rbp-0x20]
  4045b8:	48 8d 45 cc          	lea    rax,[rbp-0x34]
  4045bc:	48 89 c7             	mov    rdi,rax
  4045bf:	e8 06 ff ff ff       	call   4044ca <_ZZN9__gnu_cxx6__stoaImmcJiEEET0_PFT_PKT1_PPS3_DpT2_EPKcS5_PmS9_EN11_Save_errnoD1Ev>
  4045c4:	48 89 d8             	mov    rax,rbx
  4045c7:	eb 1a                	jmp    4045e3 <_ZN9__gnu_cxx6__stoaImmcJiEEET0_PFT_PKT1_PPS3_DpT2_EPKcS5_PmS9_+0xe3>
  4045c9:	48 89 c3             	mov    rbx,rax
  4045cc:	48 8d 45 cc          	lea    rax,[rbp-0x34]
  4045d0:	48 89 c7             	mov    rdi,rax
  4045d3:	e8 f2 fe ff ff       	call   4044ca <_ZZN9__gnu_cxx6__stoaImmcJiEEET0_PFT_PKT1_PPS3_DpT2_EPKcS5_PmS9_EN11_Save_errnoD1Ev>
  4045d8:	48 89 d8             	mov    rax,rbx
  4045db:	48 89 c7             	mov    rdi,rax
  4045de:	e8 bd dc ff ff       	call   4022a0 <_Unwind_Resume@plt>
  4045e3:	48 8b 5d f8          	mov    rbx,QWORD PTR [rbp-0x8]
  4045e7:	c9                   	leave  
  4045e8:	c3                   	ret    

00000000004045e9 <_ZSteqIcSt11char_traitsIcESaIcEEbRKNSt7__cxx1112basic_stringIT_T0_T1_EEPKS5_>:
  4045e9:	55                   	push   rbp
  4045ea:	48 89 e5             	mov    rbp,rsp
  4045ed:	48 83 ec 10          	sub    rsp,0x10
  4045f1:	48 89 7d f8          	mov    QWORD PTR [rbp-0x8],rdi
  4045f5:	48 89 75 f0          	mov    QWORD PTR [rbp-0x10],rsi
  4045f9:	48 8b 55 f0          	mov    rdx,QWORD PTR [rbp-0x10]
  4045fd:	48 8b 45 f8          	mov    rax,QWORD PTR [rbp-0x8]
  404601:	48 89 d6             	mov    rsi,rdx
  404604:	48 89 c7             	mov    rdi,rax
  404607:	e8 44 da ff ff       	call   402050 <_ZNKSt7__cxx1112basic_stringIcSt11char_traitsIcESaIcEE7compareEPKc@plt>
  40460c:	85 c0                	test   eax,eax
  40460e:	0f 94 c0             	sete   al
  404611:	c9                   	leave  
  404612:	c3                   	ret    
  404613:	90                   	nop

0000000000404614 <_ZNSaImEC1Ev>:
  404614:	55                   	push   rbp
  404615:	48 89 e5             	mov    rbp,rsp
  404618:	48 83 ec 10          	sub    rsp,0x10
  40461c:	48 89 7d f8          	mov    QWORD PTR [rbp-0x8],rdi
  404620:	48 8b 45 f8          	mov    rax,QWORD PTR [rbp-0x8]
  404624:	48 89 c7             	mov    rdi,rax
  404627:	e8 f6 04 00 00       	call   404b22 <_ZN9__gnu_cxx13new_allocatorImEC1Ev>
  40462c:	90                   	nop
  40462d:	c9                   	leave  
  40462e:	c3                   	ret    
  40462f:	90                   	nop

0000000000404630 <_ZNSaImED1Ev>:
  404630:	55                   	push   rbp
  404631:	48 89 e5             	mov    rbp,rsp
  404634:	48 83 ec 10          	sub    rsp,0x10
  404638:	48 89 7d f8          	mov    QWORD PTR [rbp-0x8],rdi
  40463c:	48 8b 45 f8          	mov    rax,QWORD PTR [rbp-0x8]
  404640:	48 89 c7             	mov    rdi,rax
  404643:	e8 e6 04 00 00       	call   404b2e <_ZN9__gnu_cxx13new_allocatorImED1Ev>
  404648:	90                   	nop
  404649:	c9                   	leave  
  40464a:	c3                   	ret    
  40464b:	90                   	nop

000000000040464c <_ZNSt6vectorImSaImEEC1EmRKS0_>:
  40464c:	55                   	push   rbp
  40464d:	48 89 e5             	mov    rbp,rsp
  404650:	53                   	push   rbx
  404651:	48 83 ec 28          	sub    rsp,0x28
  404655:	48 89 7d e8          	mov    QWORD PTR [rbp-0x18],rdi
  404659:	48 89 75 e0          	mov    QWORD PTR [rbp-0x20],rsi
  40465d:	48 89 55 d8          	mov    QWORD PTR [rbp-0x28],rdx
  404661:	48 8b 5d e8          	mov    rbx,QWORD PTR [rbp-0x18]
  404665:	48 8b 55 d8          	mov    rdx,QWORD PTR [rbp-0x28]
  404669:	48 8b 45 e0          	mov    rax,QWORD PTR [rbp-0x20]
  40466d:	48 89 d6             	mov    rsi,rdx
  404670:	48 89 c7             	mov    rdi,rax
  404673:	e8 c1 04 00 00       	call   404b39 <_ZNSt6vectorImSaImEE17_S_check_init_lenEmRKS0_>
  404678:	48 89 c1             	mov    rcx,rax
  40467b:	48 8b 45 d8          	mov    rax,QWORD PTR [rbp-0x28]
  40467f:	48 89 c2             	mov    rdx,rax
  404682:	48 89 ce             	mov    rsi,rcx
  404685:	48 89 df             	mov    rdi,rbx
  404688:	e8 23 05 00 00       	call   404bb0 <_ZNSt12_Vector_baseImSaImEEC1EmRKS0_>
  40468d:	48 8b 55 e0          	mov    rdx,QWORD PTR [rbp-0x20]
  404691:	48 8b 45 e8          	mov    rax,QWORD PTR [rbp-0x18]
  404695:	48 89 d6             	mov    rsi,rdx
  404698:	48 89 c7             	mov    rdi,rax
  40469b:	e8 bc 05 00 00       	call   404c5c <_ZNSt6vectorImSaImEE21_M_default_initializeEm>
  4046a0:	eb 1a                	jmp    4046bc <_ZNSt6vectorImSaImEEC1EmRKS0_+0x70>
  4046a2:	48 89 c3             	mov    rbx,rax
  4046a5:	48 8b 45 e8          	mov    rax,QWORD PTR [rbp-0x18]
  4046a9:	48 89 c7             	mov    rdi,rax
  4046ac:	e8 5d 05 00 00       	call   404c0e <_ZNSt12_Vector_baseImSaImEED1Ev>
  4046b1:	48 89 d8             	mov    rax,rbx
  4046b4:	48 89 c7             	mov    rdi,rax
  4046b7:	e8 e4 db ff ff       	call   4022a0 <_Unwind_Resume@plt>
  4046bc:	48 8b 5d f8          	mov    rbx,QWORD PTR [rbp-0x8]
  4046c0:	c9                   	leave  
  4046c1:	c3                   	ret    

00000000004046c2 <_ZNSt6vectorImSaImEED1Ev>:
  4046c2:	55                   	push   rbp
  4046c3:	48 89 e5             	mov    rbp,rsp
  4046c6:	48 83 ec 10          	sub    rsp,0x10
  4046ca:	48 89 7d f8          	mov    QWORD PTR [rbp-0x8],rdi
  4046ce:	48 8b 45 f8          	mov    rax,QWORD PTR [rbp-0x8]
  4046d2:	48 89 c7             	mov    rdi,rax
  4046d5:	e8 c2 05 00 00       	call   404c9c <_ZNSt12_Vector_baseImSaImEE19_M_get_Tp_allocatorEv>
  4046da:	48 89 c2             	mov    rdx,rax
  4046dd:	48 8b 45 f8          	mov    rax,QWORD PTR [rbp-0x8]
  4046e1:	48 8b 48 08          	mov    rcx,QWORD PTR [rax+0x8]
  4046e5:	48 8b 45 f8          	mov    rax,QWORD PTR [rbp-0x8]
  4046e9:	48 8b 00             	mov    rax,QWORD PTR [rax]
  4046ec:	48 89 ce             	mov    rsi,rcx
  4046ef:	48 89 c7             	mov    rdi,rax
  4046f2:	e8 b3 05 00 00       	call   404caa <_ZSt8_DestroyIPmmEvT_S1_RSaIT0_E>
  4046f7:	48 8b 45 f8          	mov    rax,QWORD PTR [rbp-0x8]
  4046fb:	48 89 c7             	mov    rdi,rax
  4046fe:	e8 0b 05 00 00       	call   404c0e <_ZNSt12_Vector_baseImSaImEED1Ev>
  404703:	90                   	nop
  404704:	c9                   	leave  
  404705:	c3                   	ret    

0000000000404706 <_ZNSt6vectorImSaImEEixEm>:
  404706:	55                   	push   rbp
  404707:	48 89 e5             	mov    rbp,rsp
  40470a:	48 89 7d f8          	mov    QWORD PTR [rbp-0x8],rdi
  40470e:	48 89 75 f0          	mov    QWORD PTR [rbp-0x10],rsi
  404712:	48 8b 45 f8          	mov    rax,QWORD PTR [rbp-0x8]
  404716:	48 8b 10             	mov    rdx,QWORD PTR [rax]
  404719:	48 8b 45 f0          	mov    rax,QWORD PTR [rbp-0x10]
  40471d:	48 c1 e0 03          	shl    rax,0x3
  404721:	48 01 d0             	add    rax,rdx
  404724:	5d                   	pop    rbp
  404725:	c3                   	ret    

0000000000404726 <_ZNSt23mersenne_twister_engineImLm32ELm624ELm397ELm31ELm2567483615ELm11ELm4294967295ELm7ELm2636928640ELm15ELm4022730752ELm18ELm1812433253EEC1Em>:
  404726:	55                   	push   rbp
  404727:	48 89 e5             	mov    rbp,rsp
  40472a:	48 83 ec 10          	sub    rsp,0x10
  40472e:	48 89 7d f8          	mov    QWORD PTR [rbp-0x8],rdi
  404732:	48 89 75 f0          	mov    QWORD PTR [rbp-0x10],rsi
  404736:	48 8b 55 f0          	mov    rdx,QWORD PTR [rbp-0x10]
  40473a:	48 8b 45 f8          	mov    rax,QWORD PTR [rbp-0x8]
  40473e:	48 89 d6             	mov    rsi,rdx
  404741:	48 89 c7             	mov    rdi,rax
  404744:	e8 8b 05 00 00       	call   404cd4 <_ZNSt23mersenne_twister_engineImLm32ELm624ELm397ELm31ELm2567483615ELm11ELm4294967295ELm7ELm2636928640ELm15ELm4022730752ELm18ELm1812433253EE4seedEm>
  404749:	90                   	nop
  40474a:	c9                   	leave  
  40474b:	c3                   	ret    

000000000040474c <_ZNSt6vectorImSaImEE5beginEv>:
  40474c:	55                   	push   rbp
  40474d:	48 89 e5             	mov    rbp,rsp
  404750:	48 83 ec 20          	sub    rsp,0x20
  404754:	48 89 7d e8          	mov    QWORD PTR [rbp-0x18],rdi
  404758:	48 8b 55 e8          	mov    rdx,QWORD PTR [rbp-0x18]
  40475c:	48 8d 45 f8          	lea    rax,[rbp-0x8]
  404760:	48 89 d6             	mov    rsi,rdx
  404763:	48 89 c7             	mov    rdi,rax
  404766:	e8 0f 06 00 00       	call   404d7a <_ZN9__gnu_cxx17__normal_iteratorIPmSt6vectorImSaImEEEC1ERKS1_>
  40476b:	48 8b 45 f8          	mov    rax,QWORD PTR [rbp-0x8]
  40476f:	c9                   	leave  
  404770:	c3                   	ret    
  404771:	90                   	nop

0000000000404772 <_ZNSt6vectorImSaImEE3endEv>:
  404772:	55                   	push   rbp
  404773:	48 89 e5             	mov    rbp,rsp
  404776:	48 83 ec 20          	sub    rsp,0x20
  40477a:	48 89 7d e8          	mov    QWORD PTR [rbp-0x18],rdi
  40477e:	48 8b 45 e8          	mov    rax,QWORD PTR [rbp-0x18]
  404782:	48 8d 50 08          	lea    rdx,[rax+0x8]
  404786:	48 8d 45 f8          	lea    rax,[rbp-0x8]
  40478a:	48 89 d6             	mov    rsi,rdx
  40478d:	48 89 c7             	mov    rdi,rax
  404790:	e8 e5 05 00 00       	call   404d7a <_ZN9__gnu_cxx17__normal_iteratorIPmSt6vectorImSaImEEEC1ERKS1_>
  404795:	48 8b 45 f8          	mov    rax,QWORD PTR [rbp-0x8]
  404799:	c9                   	leave  
  40479a:	c3                   	ret    

000000000040479b <_ZSt7shuffleIN9__gnu_cxx17__normal_iteratorIPmSt6vectorImSaImEEEERSt23mersenne_twister_engineImLm32ELm624ELm397ELm31ELm2567483615ELm11ELm4294967295ELm7ELm2636928640ELm15ELm4022730752ELm18ELm1812433253EEEvT_SA_OT0_>:
  40479b:	55                   	push   rbp
  40479c:	48 89 e5             	mov    rbp,rsp
  40479f:	53                   	push   rbx
  4047a0:	48 81 ec a8 00 00 00 	sub    rsp,0xa8
  4047a7:	48 89 bd 68 ff ff ff 	mov    QWORD PTR [rbp-0x98],rdi
  4047ae:	48 89 b5 60 ff ff ff 	mov    QWORD PTR [rbp-0xa0],rsi
  4047b5:	48 89 95 58 ff ff ff 	mov    QWORD PTR [rbp-0xa8],rdx
  4047bc:	48 8d 95 60 ff ff ff 	lea    rdx,[rbp-0xa0]
  4047c3:	48 8d 85 68 ff ff ff 	lea    rax,[rbp-0x98]
  4047ca:	48 89 d6             	mov    rsi,rdx
  4047cd:	48 89 c7             	mov    rdi,rax
  4047d0:	e8 c2 05 00 00       	call   404d97 <_ZN9__gnu_cxxeqIPmSt6vectorImSaImEEEEbRKNS_17__normal_iteratorIT_T0_EESA_>
  4047d5:	84 c0                	test   al,al
  4047d7:	0f 85 71 02 00 00    	jne    404a4e <_ZSt7shuffleIN9__gnu_cxx17__normal_iteratorIPmSt6vectorImSaImEEEERSt23mersenne_twister_engineImLm32ELm624ELm397ELm31ELm2567483615ELm11ELm4294967295ELm7ELm2636928640ELm15ELm4022730752ELm18ELm1812433253EEEvT_SA_OT0_+0x2b3>
  4047dd:	b8 ff ff ff ff       	mov    eax,0xffffffff
  4047e2:	48 89 45 e8          	mov    QWORD PTR [rbp-0x18],rax
  4047e6:	48 8d 95 68 ff ff ff 	lea    rdx,[rbp-0x98]
  4047ed:	48 8d 85 60 ff ff ff 	lea    rax,[rbp-0xa0]
  4047f4:	48 89 d6             	mov    rsi,rdx
  4047f7:	48 89 c7             	mov    rdi,rax
  4047fa:	e8 d3 05 00 00       	call   404dd2 <_ZN9__gnu_cxxmiIPmSt6vectorImSaImEEEENS_17__normal_iteratorIT_T0_E15difference_typeERKS8_SB_>
  4047ff:	48 89 45 e0          	mov    QWORD PTR [rbp-0x20],rax
  404803:	b8 ff ff ff ff       	mov    eax,0xffffffff
  404808:	ba 00 00 00 00       	mov    edx,0x0
  40480d:	48 f7 75 e0          	div    QWORD PTR [rbp-0x20]
  404811:	48 39 45 e0          	cmp    QWORD PTR [rbp-0x20],rax
  404815:	0f 87 64 01 00 00    	ja     40497f <_ZSt7shuffleIN9__gnu_cxx17__normal_iteratorIPmSt6vectorImSaImEEEERSt23mersenne_twister_engineImLm32ELm624ELm397ELm31ELm2567483615ELm11ELm4294967295ELm7ELm2636928640ELm15ELm4022730752ELm18ELm1812433253EEEvT_SA_OT0_+0x1e4>
  40481b:	48 8d 85 68 ff ff ff 	lea    rax,[rbp-0x98]
  404822:	be 01 00 00 00       	mov    esi,0x1
  404827:	48 89 c7             	mov    rdi,rax
  40482a:	e8 e3 05 00 00       	call   404e12 <_ZNK9__gnu_cxx17__normal_iteratorIPmSt6vectorImSaImEEEplEl>
  40482f:	48 89 45 a8          	mov    QWORD PTR [rbp-0x58],rax
  404833:	48 8b 45 e0          	mov    rax,QWORD PTR [rbp-0x20]
  404837:	83 e0 01             	and    eax,0x1
  40483a:	48 85 c0             	test   rax,rax
  40483d:	0f 85 19 01 00 00    	jne    40495c <_ZSt7shuffleIN9__gnu_cxx17__normal_iteratorIPmSt6vectorImSaImEEEERSt23mersenne_twister_engineImLm32ELm624ELm397ELm31ELm2567483615ELm11ELm4294967295ELm7ELm2636928640ELm15ELm4022730752ELm18ELm1812433253EEEvT_SA_OT0_+0x1c1>
  404843:	48 8d 45 90          	lea    rax,[rbp-0x70]
  404847:	ba 01 00 00 00       	mov    edx,0x1
  40484c:	be 00 00 00 00       	mov    esi,0x0
  404851:	48 89 c7             	mov    rdi,rax
  404854:	e8 f9 05 00 00       	call   404e52 <_ZNSt24uniform_int_distributionImEC1Emm>
  404859:	48 8b 95 58 ff ff ff 	mov    rdx,QWORD PTR [rbp-0xa8]
  404860:	48 8d 45 90          	lea    rax,[rbp-0x70]
  404864:	48 89 d6             	mov    rsi,rdx
  404867:	48 89 c7             	mov    rdi,rax
  40486a:	e8 4f 06 00 00       	call   404ebe <_ZNSt24uniform_int_distributionImEclISt23mersenne_twister_engineImLm32ELm624ELm397ELm31ELm2567483615ELm11ELm4294967295ELm7ELm2636928640ELm15ELm4022730752ELm18ELm1812433253EEEEmRT_>
  40486f:	48 89 c2             	mov    rdx,rax
  404872:	48 8d 85 68 ff ff ff 	lea    rax,[rbp-0x98]
  404879:	48 89 d6             	mov    rsi,rdx
  40487c:	48 89 c7             	mov    rdi,rax
  40487f:	e8 8e 05 00 00       	call   404e12 <_ZNK9__gnu_cxx17__normal_iteratorIPmSt6vectorImSaImEEEplEl>
  404884:	48 89 c3             	mov    rbx,rax
  404887:	48 8d 45 a8          	lea    rax,[rbp-0x58]
  40488b:	be 00 00 00 00       	mov    esi,0x0
  404890:	48 89 c7             	mov    rdi,rax
  404893:	e8 e8 05 00 00       	call   404e80 <_ZN9__gnu_cxx17__normal_iteratorIPmSt6vectorImSaImEEEppEi>
  404898:	48 89 de             	mov    rsi,rbx
  40489b:	48 89 c7             	mov    rdi,rax
  40489e:	e8 44 06 00 00       	call   404ee7 <_ZSt9iter_swapIN9__gnu_cxx17__normal_iteratorIPmSt6vectorImSaImEEEES6_EvT_T0_>
  4048a3:	e9 b4 00 00 00       	jmp    40495c <_ZSt7shuffleIN9__gnu_cxx17__normal_iteratorIPmSt6vectorImSaImEEEERSt23mersenne_twister_engineImLm32ELm624ELm397ELm31ELm2567483615ELm11ELm4294967295ELm7ELm2636928640ELm15ELm4022730752ELm18ELm1812433253EEEvT_SA_OT0_+0x1c1>
  4048a8:	48 8d 95 68 ff ff ff 	lea    rdx,[rbp-0x98]
  4048af:	48 8d 45 a8          	lea    rax,[rbp-0x58]
  4048b3:	48 89 d6             	mov    rsi,rdx
  4048b6:	48 89 c7             	mov    rdi,rax
  4048b9:	e8 14 05 00 00       	call   404dd2 <_ZN9__gnu_cxxmiIPmSt6vectorImSaImEEEENS_17__normal_iteratorIT_T0_E15difference_typeERKS8_SB_>
  4048be:	48 83 c0 01          	add    rax,0x1
  4048c2:	48 89 45 d8          	mov    QWORD PTR [rbp-0x28],rax
  4048c6:	48 8b 45 d8          	mov    rax,QWORD PTR [rbp-0x28]
  4048ca:	48 8d 48 01          	lea    rcx,[rax+0x1]
  4048ce:	48 8b 95 58 ff ff ff 	mov    rdx,QWORD PTR [rbp-0xa8]
  4048d5:	48 8b 45 d8          	mov    rax,QWORD PTR [rbp-0x28]
  4048d9:	48 89 ce             	mov    rsi,rcx
  4048dc:	48 89 c7             	mov    rdi,rax
  4048df:	e8 7c 06 00 00       	call   404f60 <_ZSt22__gen_two_uniform_intsImRSt23mersenne_twister_engineImLm32ELm624ELm397ELm31ELm2567483615ELm11ELm4294967295ELm7ELm2636928640ELm15ELm4022730752ELm18ELm1812433253EEESt4pairIT_S4_ES4_S4_OT0_>
  4048e4:	48 89 45 80          	mov    QWORD PTR [rbp-0x80],rax
  4048e8:	48 89 55 88          	mov    QWORD PTR [rbp-0x78],rdx
  4048ec:	48 8b 45 80          	mov    rax,QWORD PTR [rbp-0x80]
  4048f0:	48 89 c2             	mov    rdx,rax
  4048f3:	48 8d 85 68 ff ff ff 	lea    rax,[rbp-0x98]
  4048fa:	48 89 d6             	mov    rsi,rdx
  4048fd:	48 89 c7             	mov    rdi,rax
  404900:	e8 0d 05 00 00       	call   404e12 <_ZNK9__gnu_cxx17__normal_iteratorIPmSt6vectorImSaImEEEplEl>
  404905:	48 89 c3             	mov    rbx,rax
  404908:	48 8d 45 a8          	lea    rax,[rbp-0x58]
  40490c:	be 00 00 00 00       	mov    esi,0x0
  404911:	48 89 c7             	mov    rdi,rax
  404914:	e8 67 05 00 00       	call   404e80 <_ZN9__gnu_cxx17__normal_iteratorIPmSt6vectorImSaImEEEppEi>
  404919:	48 89 de             	mov    rsi,rbx
  40491c:	48 89 c7             	mov    rdi,rax
  40491f:	e8 c3 05 00 00       	call   404ee7 <_ZSt9iter_swapIN9__gnu_cxx17__normal_iteratorIPmSt6vectorImSaImEEEES6_EvT_T0_>
  404924:	48 8b 45 88          	mov    rax,QWORD PTR [rbp-0x78]
  404928:	48 89 c2             	mov    rdx,rax
  40492b:	48 8d 85 68 ff ff ff 	lea    rax,[rbp-0x98]
  404932:	48 89 d6             	mov    rsi,rdx
  404935:	48 89 c7             	mov    rdi,rax
  404938:	e8 d5 04 00 00       	call   404e12 <_ZNK9__gnu_cxx17__normal_iteratorIPmSt6vectorImSaImEEEplEl>
  40493d:	48 89 c3             	mov    rbx,rax
  404940:	48 8d 45 a8          	lea    rax,[rbp-0x58]
  404944:	be 00 00 00 00       	mov    esi,0x0
  404949:	48 89 c7             	mov    rdi,rax
  40494c:	e8 2f 05 00 00       	call   404e80 <_ZN9__gnu_cxx17__normal_iteratorIPmSt6vectorImSaImEEEppEi>
  404951:	48 89 de             	mov    rsi,rbx
  404954:	48 89 c7             	mov    rdi,rax
  404957:	e8 8b 05 00 00       	call   404ee7 <_ZSt9iter_swapIN9__gnu_cxx17__normal_iteratorIPmSt6vectorImSaImEEEES6_EvT_T0_>
  40495c:	48 8d 95 60 ff ff ff 	lea    rdx,[rbp-0xa0]
  404963:	48 8d 45 a8          	lea    rax,[rbp-0x58]
  404967:	48 89 d6             	mov    rsi,rdx
  40496a:	48 89 c7             	mov    rdi,rax
  40496d:	e8 b3 05 00 00       	call   404f25 <_ZN9__gnu_cxxneIPmSt6vectorImSaImEEEEbRKNS_17__normal_iteratorIT_T0_EESA_>
  404972:	84 c0                	test   al,al
  404974:	0f 85 2e ff ff ff    	jne    4048a8 <_ZSt7shuffleIN9__gnu_cxx17__normal_iteratorIPmSt6vectorImSaImEEEERSt23mersenne_twister_engineImLm32ELm624ELm397ELm31ELm2567483615ELm11ELm4294967295ELm7ELm2636928640ELm15ELm4022730752ELm18ELm1812433253EEEvT_SA_OT0_+0x10d>
  40497a:	e9 d0 00 00 00       	jmp    404a4f <_ZSt7shuffleIN9__gnu_cxx17__normal_iteratorIPmSt6vectorImSaImEEEERSt23mersenne_twister_engineImLm32ELm624ELm397ELm31ELm2567483615ELm11ELm4294967295ELm7ELm2636928640ELm15ELm4022730752ELm18ELm1812433253EEEvT_SA_OT0_+0x2b4>
  40497f:	48 8d 45 b0          	lea    rax,[rbp-0x50]
  404983:	48 89 c7             	mov    rdi,rax
  404986:	e8 59 06 00 00       	call   404fe4 <_ZNSt24uniform_int_distributionImEC1Ev>
  40498b:	48 8d 85 68 ff ff ff 	lea    rax,[rbp-0x98]
  404992:	be 01 00 00 00       	mov    esi,0x1
  404997:	48 89 c7             	mov    rdi,rax
  40499a:	e8 73 04 00 00       	call   404e12 <_ZNK9__gnu_cxx17__normal_iteratorIPmSt6vectorImSaImEEEplEl>
  40499f:	48 89 85 78 ff ff ff 	mov    QWORD PTR [rbp-0x88],rax
  4049a6:	e9 80 00 00 00       	jmp    404a2b <_ZSt7shuffleIN9__gnu_cxx17__normal_iteratorIPmSt6vectorImSaImEEEERSt23mersenne_twister_engineImLm32ELm624ELm397ELm31ELm2567483615ELm11ELm4294967295ELm7ELm2636928640ELm15ELm4022730752ELm18ELm1812433253EEEvT_SA_OT0_+0x290>
  4049ab:	48 8d 95 68 ff ff ff 	lea    rdx,[rbp-0x98]
  4049b2:	48 8d 85 78 ff ff ff 	lea    rax,[rbp-0x88]
  4049b9:	48 89 d6             	mov    rsi,rdx
  4049bc:	48 89 c7             	mov    rdi,rax
  4049bf:	e8 0e 04 00 00       	call   404dd2 <_ZN9__gnu_cxxmiIPmSt6vectorImSaImEEEENS_17__normal_iteratorIT_T0_E15difference_typeERKS8_SB_>
  4049c4:	48 89 c2             	mov    rdx,rax
  4049c7:	48 8d 45 c0          	lea    rax,[rbp-0x40]
  4049cb:	be 00 00 00 00       	mov    esi,0x0
  4049d0:	48 89 c7             	mov    rdi,rax
  4049d3:	e8 54 06 00 00       	call   40502c <_ZNSt24uniform_int_distributionImE10param_typeC1Emm>
  4049d8:	48 8d 55 c0          	lea    rdx,[rbp-0x40]
  4049dc:	48 8b 8d 58 ff ff ff 	mov    rcx,QWORD PTR [rbp-0xa8]
  4049e3:	48 8d 45 b0          	lea    rax,[rbp-0x50]
  4049e7:	48 89 ce             	mov    rsi,rcx
  4049ea:	48 89 c7             	mov    rdi,rax
  4049ed:	e8 64 06 00 00       	call   405056 <_ZNSt24uniform_int_distributionImEclISt23mersenne_twister_engineImLm32ELm624ELm397ELm31ELm2567483615ELm11ELm4294967295ELm7ELm2636928640ELm15ELm4022730752ELm18ELm1812433253EEEEmRT_RKNS0_10param_typeE>
  4049f2:	48 89 c2             	mov    rdx,rax
  4049f5:	48 8d 85 68 ff ff ff 	lea    rax,[rbp-0x98]
  4049fc:	48 89 d6             	mov    rsi,rdx
  4049ff:	48 89 c7             	mov    rdi,rax
  404a02:	e8 0b 04 00 00       	call   404e12 <_ZNK9__gnu_cxx17__normal_iteratorIPmSt6vectorImSaImEEEplEl>
  404a07:	48 89 c2             	mov    rdx,rax
  404a0a:	48 8b 85 78 ff ff ff 	mov    rax,QWORD PTR [rbp-0x88]
  404a11:	48 89 d6             	mov    rsi,rdx
  404a14:	48 89 c7             	mov    rdi,rax
  404a17:	e8 cb 04 00 00       	call   404ee7 <_ZSt9iter_swapIN9__gnu_cxx17__normal_iteratorIPmSt6vectorImSaImEEEES6_EvT_T0_>
  404a1c:	48 8d 85 78 ff ff ff 	lea    rax,[rbp-0x88]
  404a23:	48 89 c7             	mov    rdi,rax
  404a26:	e8 e1 05 00 00       	call   40500c <_ZN9__gnu_cxx17__normal_iteratorIPmSt6vectorImSaImEEEppEv>
  404a2b:	48 8d 95 60 ff ff ff 	lea    rdx,[rbp-0xa0]
  404a32:	48 8d 85 78 ff ff ff 	lea    rax,[rbp-0x88]
  404a39:	48 89 d6             	mov    rsi,rdx
  404a3c:	48 89 c7             	mov    rdi,rax
  404a3f:	e8 e1 04 00 00       	call   404f25 <_ZN9__gnu_cxxneIPmSt6vectorImSaImEEEEbRKNS_17__normal_iteratorIT_T0_EESA_>
  404a44:	84 c0                	test   al,al
  404a46:	0f 85 5f ff ff ff    	jne    4049ab <_ZSt7shuffleIN9__gnu_cxx17__normal_iteratorIPmSt6vectorImSaImEEEERSt23mersenne_twister_engineImLm32ELm624ELm397ELm31ELm2567483615ELm11ELm4294967295ELm7ELm2636928640ELm15ELm4022730752ELm18ELm1812433253EEEvT_SA_OT0_+0x210>
  404a4c:	eb 01                	jmp    404a4f <_ZSt7shuffleIN9__gnu_cxx17__normal_iteratorIPmSt6vectorImSaImEEEERSt23mersenne_twister_engineImLm32ELm624ELm397ELm31ELm2567483615ELm11ELm4294967295ELm7ELm2636928640ELm15ELm4022730752ELm18ELm1812433253EEEvT_SA_OT0_+0x2b4>
  404a4e:	90                   	nop
  404a4f:	48 8b 5d f8          	mov    rbx,QWORD PTR [rbp-0x8]
  404a53:	c9                   	leave  
  404a54:	c3                   	ret    

0000000000404a55 <_ZSt3minImERKT_S2_S2_>:
  404a55:	55                   	push   rbp
  404a56:	48 89 e5             	mov    rbp,rsp
  404a59:	48 89 7d f8          	mov    QWORD PTR [rbp-0x8],rdi
  404a5d:	48 89 75 f0          	mov    QWORD PTR [rbp-0x10],rsi
  404a61:	48 8b 45 f0          	mov    rax,QWORD PTR [rbp-0x10]
  404a65:	48 8b 10             	mov    rdx,QWORD PTR [rax]
  404a68:	48 8b 45 f8          	mov    rax,QWORD PTR [rbp-0x8]
  404a6c:	48 8b 00             	mov    rax,QWORD PTR [rax]
  404a6f:	48 39 c2             	cmp    rdx,rax
  404a72:	73 06                	jae    404a7a <_ZSt3minImERKT_S2_S2_+0x25>
  404a74:	48 8b 45 f0          	mov    rax,QWORD PTR [rbp-0x10]
  404a78:	eb 04                	jmp    404a7e <_ZSt3minImERKT_S2_S2_+0x29>
  404a7a:	48 8b 45 f8          	mov    rax,QWORD PTR [rbp-0x8]
  404a7e:	5d                   	pop    rbp
  404a7f:	c3                   	ret    

0000000000404a80 <_ZNSt6vectorImSaImEEC1EmRKmRKS0_>:
  404a80:	55                   	push   rbp
  404a81:	48 89 e5             	mov    rbp,rsp
  404a84:	53                   	push   rbx
  404a85:	48 83 ec 28          	sub    rsp,0x28
  404a89:	48 89 7d e8          	mov    QWORD PTR [rbp-0x18],rdi
  404a8d:	48 89 75 e0          	mov    QWORD PTR [rbp-0x20],rsi
  404a91:	48 89 55 d8          	mov    QWORD PTR [rbp-0x28],rdx
  404a95:	48 89 4d d0          	mov    QWORD PTR [rbp-0x30],rcx
  404a99:	48 8b 5d e8          	mov    rbx,QWORD PTR [rbp-0x18]
  404a9d:	48 8b 55 d0          	mov    rdx,QWORD PTR [rbp-0x30]
  404aa1:	48 8b 45 e0          	mov    rax,QWORD PTR [rbp-0x20]
  404aa5:	48 89 d6             	mov    rsi,rdx
  404aa8:	48 89 c7             	mov    rdi,rax
  404aab:	e8 89 00 00 00       	call   404b39 <_ZNSt6vectorImSaImEE17_S_check_init_lenEmRKS0_>
  404ab0:	48 89 c1             	mov    rcx,rax
  404ab3:	48 8b 45 d0          	mov    rax,QWORD PTR [rbp-0x30]
  404ab7:	48 89 c2             	mov    rdx,rax
  404aba:	48 89 ce             	mov    rsi,rcx
  404abd:	48 89 df             	mov    rdi,rbx
  404ac0:	e8 eb 00 00 00       	call   404bb0 <_ZNSt12_Vector_baseImSaImEEC1EmRKS0_>
  404ac5:	48 8b 55 d8          	mov    rdx,QWORD PTR [rbp-0x28]
  404ac9:	48 8b 4d e0          	mov    rcx,QWORD PTR [rbp-0x20]
  404acd:	48 8b 45 e8          	mov    rax,QWORD PTR [rbp-0x18]
  404ad1:	48 89 ce             	mov    rsi,rcx
  404ad4:	48 89 c7             	mov    rdi,rax
  404ad7:	e8 c0 06 00 00       	call   40519c <_ZNSt6vectorImSaImEE18_M_fill_initializeEmRKm>
  404adc:	eb 1a                	jmp    404af8 <_ZNSt6vectorImSaImEEC1EmRKmRKS0_+0x78>
  404ade:	48 89 c3             	mov    rbx,rax
  404ae1:	48 8b 45 e8          	mov    rax,QWORD PTR [rbp-0x18]
  404ae5:	48 89 c7             	mov    rdi,rax
  404ae8:	e8 21 01 00 00       	call   404c0e <_ZNSt12_Vector_baseImSaImEED1Ev>
  404aed:	48 89 d8             	mov    rax,rbx
  404af0:	48 89 c7             	mov    rdi,rax
  404af3:	e8 a8 d7 ff ff       	call   4022a0 <_Unwind_Resume@plt>
  404af8:	48 8b 5d f8          	mov    rbx,QWORD PTR [rbp-0x8]
  404afc:	c9                   	leave  
  404afd:	c3                   	ret    

0000000000404afe <_ZNSt6vectorImSaImEE4dataEv>:
  404afe:	55                   	push   rbp
  404aff:	48 89 e5             	mov    rbp,rsp
  404b02:	48 83 ec 10          	sub    rsp,0x10
  404b06:	48 89 7d f8          	mov    QWORD PTR [rbp-0x8],rdi
  404b0a:	48 8b 45 f8          	mov    rax,QWORD PTR [rbp-0x8]
  404b0e:	48 8b 10             	mov    rdx,QWORD PTR [rax]
  404b11:	48 8b 45 f8          	mov    rax,QWORD PTR [rbp-0x8]
  404b15:	48 89 d6             	mov    rsi,rdx
  404b18:	48 89 c7             	mov    rdi,rax
  404b1b:	e8 c2 06 00 00       	call   4051e2 <_ZNKSt6vectorImSaImEE11_M_data_ptrImEEPT_S4_>
  404b20:	c9                   	leave  
  404b21:	c3                   	ret    

0000000000404b22 <_ZN9__gnu_cxx13new_allocatorImEC1Ev>:
  404b22:	55                   	push   rbp
  404b23:	48 89 e5             	mov    rbp,rsp
  404b26:	48 89 7d f8          	mov    QWORD PTR [rbp-0x8],rdi
  404b2a:	90                   	nop
  404b2b:	5d                   	pop    rbp
  404b2c:	c3                   	ret    
  404b2d:	90                   	nop

0000000000404b2e <_ZN9__gnu_cxx13new_allocatorImED1Ev>:
  404b2e:	55                   	push   rbp
  404b2f:	48 89 e5             	mov    rbp,rsp
  404b32:	48 89 7d f8          	mov    QWORD PTR [rbp-0x8],rdi
  404b36:	90                   	nop
  404b37:	5d                   	pop    rbp
  404b38:	c3                   	ret    

0000000000404b39 <_ZNSt6vectorImSaImEE17_S_check_init_lenEmRKS0_>:
  404b39:	55                   	push   rbp
  404b3a:	48 89 e5             	mov    rbp,rsp
  404b3d:	53                   	push   rbx
  404b3e:	48 83 ec 28          	sub    rsp,0x28
  404b42:	48 89 7d d8          	mov    QWORD PTR [rbp-0x28],rdi
  404b46:	48 89 75 d0          	mov    QWORD PTR [rbp-0x30],rsi
  404b4a:	48 8b 55 d0          	mov    rdx,QWORD PTR [rbp-0x30]
  404b4e:	48 8d 45 ef          	lea    rax,[rbp-0x11]
  404b52:	48 89 d6             	mov    rsi,rdx
  404b55:	48 89 c7             	mov    rdi,rax
  404b58:	e8 d9 06 00 00       	call   405236 <_ZNSaImEC1ERKS_>
  404b5d:	48 8d 45 ef          	lea    rax,[rbp-0x11]
  404b61:	48 89 c7             	mov    rdi,rax
  404b64:	e8 8b 06 00 00       	call   4051f4 <_ZNSt6vectorImSaImEE11_S_max_sizeERKS0_>
  404b69:	48 39 45 d8          	cmp    QWORD PTR [rbp-0x28],rax
  404b6d:	0f 97 c3             	seta   bl
  404b70:	48 8d 45 ef          	lea    rax,[rbp-0x11]
  404b74:	48 89 c7             	mov    rdi,rax
  404b77:	e8 b4 fa ff ff       	call   404630 <_ZNSaImED1Ev>
  404b7c:	84 db                	test   bl,bl
  404b7e:	74 0a                	je     404b8a <_ZNSt6vectorImSaImEE17_S_check_init_lenEmRKS0_+0x51>
  404b80:	bf e0 64 40 00       	mov    edi,0x4064e0
  404b85:	e8 26 d5 ff ff       	call   4020b0 <_ZSt20__throw_length_errorPKc@plt>
  404b8a:	48 8b 45 d8          	mov    rax,QWORD PTR [rbp-0x28]
  404b8e:	48 8b 5d f8          	mov    rbx,QWORD PTR [rbp-0x8]
  404b92:	c9                   	leave  
  404b93:	c3                   	ret    

0000000000404b94 <_ZNSt12_Vector_baseImSaImEE12_Vector_implD1Ev>:
  404b94:	55                   	push   rbp
  404b95:	48 89 e5             	mov    rbp,rsp
  404b98:	48 83 ec 10          	sub    rsp,0x10
  404b9c:	48 89 7d f8          	mov    QWORD PTR [rbp-0x8],rdi
  404ba0:	48 8b 45 f8          	mov    rax,QWORD PTR [rbp-0x8]
  404ba4:	48 89 c7             	mov    rdi,rax
  404ba7:	e8 84 fa ff ff       	call   404630 <_ZNSaImED1Ev>
  404bac:	90                   	nop
  404bad:	c9                   	leave  
  404bae:	c3                   	ret    
  404baf:	90                   	nop

0000000000404bb0 <_ZNSt12_Vector_baseImSaImEEC1EmRKS0_>:
  404bb0:	55                   	push   rbp
  404bb1:	48 89 e5             	mov    rbp,rsp
  404bb4:	53                   	push   rbx
  404bb5:	48 83 ec 28          	sub    rsp,0x28
  404bb9:	48 89 7d e8          	mov    QWORD PTR [rbp-0x18],rdi
  404bbd:	48 89 75 e0          	mov    QWORD PTR [rbp-0x20],rsi
  404bc1:	48 89 55 d8          	mov    QWORD PTR [rbp-0x28],rdx
  404bc5:	48 8b 45 e8          	mov    rax,QWORD PTR [rbp-0x18]
  404bc9:	48 8b 55 d8          	mov    rdx,QWORD PTR [rbp-0x28]
  404bcd:	48 89 d6             	mov    rsi,rdx
  404bd0:	48 89 c7             	mov    rdi,rax
  404bd3:	e8 84 06 00 00       	call   40525c <_ZNSt12_Vector_baseImSaImEE12_Vector_implC1ERKS0_>
  404bd8:	48 8b 55 e0          	mov    rdx,QWORD PTR [rbp-0x20]
  404bdc:	48 8b 45 e8          	mov    rax,QWORD PTR [rbp-0x18]
  404be0:	48 89 d6             	mov    rsi,rdx
  404be3:	48 89 c7             	mov    rdi,rax
  404be6:	e8 a3 06 00 00       	call   40528e <_ZNSt12_Vector_baseImSaImEE17_M_create_storageEm>
  404beb:	eb 1a                	jmp    404c07 <_ZNSt12_Vector_baseImSaImEEC1EmRKS0_+0x57>
  404bed:	48 89 c3             	mov    rbx,rax
  404bf0:	48 8b 45 e8          	mov    rax,QWORD PTR [rbp-0x18]
  404bf4:	48 89 c7             	mov    rdi,rax
  404bf7:	e8 98 ff ff ff       	call   404b94 <_ZNSt12_Vector_baseImSaImEE12_Vector_implD1Ev>
  404bfc:	48 89 d8             	mov    rax,rbx
  404bff:	48 89 c7             	mov    rdi,rax
  404c02:	e8 99 d6 ff ff       	call   4022a0 <_Unwind_Resume@plt>
  404c07:	48 8b 5d f8          	mov    rbx,QWORD PTR [rbp-0x8]
  404c0b:	c9                   	leave  
  404c0c:	c3                   	ret    
  404c0d:	90                   	nop

0000000000404c0e <_ZNSt12_Vector_baseImSaImEED1Ev>:
  404c0e:	55                   	push   rbp
  404c0f:	48 89 e5             	mov    rbp,rsp
  404c12:	48 83 ec 10          	sub    rsp,0x10
  404c16:	48 89 7d f8          	mov    QWORD PTR [rbp-0x8],rdi
  404c1a:	48 8b 45 f8          	mov    rax,QWORD PTR [rbp-0x8]
  404c1e:	48 8b 50 10          	mov    rdx,QWORD PTR [rax+0x10]
  404c22:	48 8b 45 f8          	mov    rax,QWORD PTR [rbp-0x8]
  404c26:	48 8b 08             	mov    rcx,QWORD PTR [rax]
  404c29:	48 89 d0             	mov    rax,rdx
  404c2c:	48 29 c8             	sub    rax,rcx
  404c2f:	48 c1 f8 03          	sar    rax,0x3
  404c33:	48 89 c2             	mov    rdx,rax
  404c36:	48 8b 45 f8          	mov    rax,QWORD PTR [rbp-0x8]
  404c3a:	48 8b 08             	mov    rcx,QWORD PTR [rax]
  404c3d:	48 8b 45 f8          	mov    rax,QWORD PTR [rbp-0x8]
  404c41:	48 89 ce             	mov    rsi,rcx
  404c44:	48 89 c7             	mov    rdi,rax
  404c47:	e8 98 06 00 00       	call   4052e4 <_ZNSt12_Vector_baseImSaImEE13_M_deallocateEPmm>
  404c4c:	48 8b 45 f8          	mov    rax,QWORD PTR [rbp-0x8]
  404c50:	48 89 c7             	mov    rdi,rax
  404c53:	e8 3c ff ff ff       	call   404b94 <_ZNSt12_Vector_baseImSaImEE12_Vector_implD1Ev>
  404c58:	90                   	nop
  404c59:	c9                   	leave  
  404c5a:	c3                   	ret    
  404c5b:	90                   	nop

0000000000404c5c <_ZNSt6vectorImSaImEE21_M_default_initializeEm>:
  404c5c:	55                   	push   rbp
  404c5d:	48 89 e5             	mov    rbp,rsp
  404c60:	48 83 ec 10          	sub    rsp,0x10
  404c64:	48 89 7d f8          	mov    QWORD PTR [rbp-0x8],rdi
  404c68:	48 89 75 f0          	mov    QWORD PTR [rbp-0x10],rsi
  404c6c:	48 8b 45 f8          	mov    rax,QWORD PTR [rbp-0x8]
  404c70:	48 89 c7             	mov    rdi,rax
  404c73:	e8 24 00 00 00       	call   404c9c <_ZNSt12_Vector_baseImSaImEE19_M_get_Tp_allocatorEv>
  404c78:	48 89 c2             	mov    rdx,rax
  404c7b:	48 8b 45 f8          	mov    rax,QWORD PTR [rbp-0x8]
  404c7f:	48 8b 00             	mov    rax,QWORD PTR [rax]
  404c82:	48 8b 4d f0          	mov    rcx,QWORD PTR [rbp-0x10]
  404c86:	48 89 ce             	mov    rsi,rcx
  404c89:	48 89 c7             	mov    rdi,rax
  404c8c:	e8 88 06 00 00       	call   405319 <_ZSt27__uninitialized_default_n_aIPmmmET_S1_T0_RSaIT1_E>
  404c91:	48 8b 55 f8          	mov    rdx,QWORD PTR [rbp-0x8]
  404c95:	48 89 42 08          	mov    QWORD PTR [rdx+0x8],rax
  404c99:	90                   	nop
  404c9a:	c9                   	leave  
  404c9b:	c3                   	ret    

0000000000404c9c <_ZNSt12_Vector_baseImSaImEE19_M_get_Tp_allocatorEv>:
  404c9c:	55                   	push   rbp
  404c9d:	48 89 e5             	mov    rbp,rsp
  404ca0:	48 89 7d f8          	mov    QWORD PTR [rbp-0x8],rdi
  404ca4:	48 8b 45 f8          	mov    rax,QWORD PTR [rbp-0x8]
  404ca8:	5d                   	pop    rbp
  404ca9:	c3                   	ret    

0000000000404caa <_ZSt8_DestroyIPmmEvT_S1_RSaIT0_E>:
  404caa:	55                   	push   rbp
  404cab:	48 89 e5             	mov    rbp,rsp
  404cae:	48 83 ec 20          	sub    rsp,0x20
  404cb2:	48 89 7d f8          	mov    QWORD PTR [rbp-0x8],rdi
  404cb6:	48 89 75 f0          	mov    QWORD PTR [rbp-0x10],rsi
  404cba:	48 89 55 e8          	mov    QWORD PTR [rbp-0x18],rdx
  404cbe:	48 8b 55 f0          	mov    rdx,QWORD PTR [rbp-0x10]
  404cc2:	48 8b 45 f8          	mov    rax,QWORD PTR [rbp-0x8]
  404cc6:	48 89 d6             	mov    rsi,rdx
  404cc9:	48 89 c7             	mov    rdi,rax
  404ccc:	e8 71 06 00 00       	call   405342 <_ZSt8_DestroyIPmEvT_S1_>
  404cd1:	90                   	nop
  404cd2:	c9                   	leave  
  404cd3:	c3                   	ret    

0000000000404cd4 <_ZNSt23mersenne_twister_engineImLm32ELm624ELm397ELm31ELm2567483615ELm11ELm4294967295ELm7ELm2636928640ELm15ELm4022730752ELm18ELm1812433253EE4seedEm>:
  404cd4:	55                   	push   rbp
  404cd5:	48 89 e5             	mov    rbp,rsp
  404cd8:	48 83 ec 20          	sub    rsp,0x20
  404cdc:	48 89 7d e8          	mov    QWORD PTR [rbp-0x18],rdi
  404ce0:	48 89 75 e0          	mov    QWORD PTR [rbp-0x20],rsi
  404ce4:	48 8b 45 e0          	mov    rax,QWORD PTR [rbp-0x20]
  404ce8:	48 89 c7             	mov    rdi,rax
  404ceb:	e8 78 06 00 00       	call   405368 <_ZNSt8__detail5__modImLm4294967296ELm1ELm0EEET_S1_>
  404cf0:	48 8b 55 e8          	mov    rdx,QWORD PTR [rbp-0x18]
  404cf4:	48 89 02             	mov    QWORD PTR [rdx],rax
  404cf7:	48 c7 45 f8 01 00 00 	mov    QWORD PTR [rbp-0x8],0x1
  404cfe:	00 
  404cff:	eb 5c                	jmp    404d5d <_ZNSt23mersenne_twister_engineImLm32ELm624ELm397ELm31ELm2567483615ELm11ELm4294967295ELm7ELm2636928640ELm15ELm4022730752ELm18ELm1812433253EE4seedEm+0x89>
  404d01:	48 8b 45 f8          	mov    rax,QWORD PTR [rbp-0x8]
  404d05:	48 8d 50 ff          	lea    rdx,[rax-0x1]
  404d09:	48 8b 45 e8          	mov    rax,QWORD PTR [rbp-0x18]
  404d0d:	48 8b 04 d0          	mov    rax,QWORD PTR [rax+rdx*8]
  404d11:	48 89 45 f0          	mov    QWORD PTR [rbp-0x10],rax
  404d15:	48 8b 45 f0          	mov    rax,QWORD PTR [rbp-0x10]
  404d19:	48 c1 e8 1e          	shr    rax,0x1e
  404d1d:	48 31 45 f0          	xor    QWORD PTR [rbp-0x10],rax
  404d21:	48 8b 45 f0          	mov    rax,QWORD PTR [rbp-0x10]
  404d25:	48 69 c0 65 89 07 6c 	imul   rax,rax,0x6c078965
  404d2c:	48 89 45 f0          	mov    QWORD PTR [rbp-0x10],rax
  404d30:	48 8b 45 f8          	mov    rax,QWORD PTR [rbp-0x8]
  404d34:	48 89 c7             	mov    rdi,rax
  404d37:	e8 4f 06 00 00       	call   40538b <_ZNSt8__detail5__modImLm624ELm1ELm0EEET_S1_>
  404d3c:	48 01 45 f0          	add    QWORD PTR [rbp-0x10],rax
  404d40:	48 8b 45 f0          	mov    rax,QWORD PTR [rbp-0x10]
  404d44:	48 89 c7             	mov    rdi,rax
  404d47:	e8 1c 06 00 00       	call   405368 <_ZNSt8__detail5__modImLm4294967296ELm1ELm0EEET_S1_>
  404d4c:	48 8b 55 e8          	mov    rdx,QWORD PTR [rbp-0x18]
  404d50:	48 8b 4d f8          	mov    rcx,QWORD PTR [rbp-0x8]
  404d54:	48 89 04 ca          	mov    QWORD PTR [rdx+rcx*8],rax
  404d58:	48 83 45 f8 01       	add    QWORD PTR [rbp-0x8],0x1
  404d5d:	48 81 7d f8 6f 02 00 	cmp    QWORD PTR [rbp-0x8],0x26f
  404d64:	00 
  404d65:	76 9a                	jbe    404d01 <_ZNSt23mersenne_twister_engineImLm32ELm624ELm397ELm31ELm2567483615ELm11ELm4294967295ELm7ELm2636928640ELm15ELm4022730752ELm18ELm1812433253EE4seedEm+0x2d>
  404d67:	48 8b 45 e8          	mov    rax,QWORD PTR [rbp-0x18]
  404d6b:	48 c7 80 80 13 00 00 	mov    QWORD PTR [rax+0x1380],0x270
  404d72:	70 02 00 00 
  404d76:	90                   	nop
  404d77:	c9                   	leave  
  404d78:	c3                   	ret    
  404d79:	90                   	nop

0000000000404d7a <_ZN9__gnu_cxx17__normal_iteratorIPmSt6vectorImSaImEEEC1ERKS1_>:
  404d7a:	55                   	push   rbp
  404d7b:	48 89 e5             	mov    rbp,rsp
  404d7e:	48 89 7d f8          	mov    QWORD PTR [rbp-0x8],rdi
  404d82:	48 89 75 f0          	mov    QWORD PTR [rbp-0x10],rsi
  404d86:	48 8b 45 f0          	mov    rax,QWORD PTR [rbp-0x10]
  404d8a:	48 8b 10             	mov    rdx,QWORD PTR [rax]
  404d8d:	48 8b 45 f8          	mov    rax,QWORD PTR [rbp-0x8]
  404d91:	48 89 10             	mov    QWORD PTR [rax],rdx
  404d94:	90                   	nop
  404d95:	5d                   	pop    rbp
  404d96:	c3                   	ret    

0000000000404d97 <_ZN9__gnu_cxxeqIPmSt6vectorImSaImEEEEbRKNS_17__normal_iteratorIT_T0_EESA_>:
  404d97:	55                   	push   rbp
  404d98:	48 89 e5             	mov    rbp,rsp
  404d9b:	53                   	push   rbx
  404d9c:	48 83 ec 18          	sub    rsp,0x18
  404da0:	48 89 7d e8          	mov    QWORD PTR [rbp-0x18],rdi
  404da4:	48 89 75 e0          	mov    QWORD PTR [rbp-0x20],rsi
  404da8:	48 8b 45 e8          	mov    rax,QWORD PTR [rbp-0x18]
  404dac:	48 89 c7             	mov    rdi,rax
  404daf:	e8 fa 05 00 00       	call   4053ae <_ZNK9__gnu_cxx17__normal_iteratorIPmSt6vectorImSaImEEE4baseEv>
  404db4:	48 8b 18             	mov    rbx,QWORD PTR [rax]
  404db7:	48 8b 45 e0          	mov    rax,QWORD PTR [rbp-0x20]
  404dbb:	48 89 c7             	mov    rdi,rax
  404dbe:	e8 eb 05 00 00       	call   4053ae <_ZNK9__gnu_cxx17__normal_iteratorIPmSt6vectorImSaImEEE4baseEv>
  404dc3:	48 8b 00             	mov    rax,QWORD PTR [rax]
  404dc6:	48 39 c3             	cmp    rbx,rax
  404dc9:	0f 94 c0             	sete   al
  404dcc:	48 8b 5d f8          	mov    rbx,QWORD PTR [rbp-0x8]
  404dd0:	c9                   	leave  
  404dd1:	c3                   	ret    

0000000000404dd2 <_ZN9__gnu_cxxmiIPmSt6vectorImSaImEEEENS_17__normal_iteratorIT_T0_E15difference_typeERKS8_SB_>:
  404dd2:	55                   	push   rbp
  404dd3:	48 89 e5             	mov    rbp,rsp
  404dd6:	53                   	push   rbx
  404dd7:	48 83 ec 18          	sub    rsp,0x18
  404ddb:	48 89 7d e8          	mov    QWORD PTR [rbp-0x18],rdi
  404ddf:	48 89 75 e0          	mov    QWORD PTR [rbp-0x20],rsi
  404de3:	48 8b 45 e8          	mov    rax,QWORD PTR [rbp-0x18]
  404de7:	48 89 c7             	mov    rdi,rax
  404dea:	e8 bf 05 00 00       	call   4053ae <_ZNK9__gnu_cxx17__normal_iteratorIPmSt6vectorImSaImEEE4baseEv>
  404def:	48 8b 18             	mov    rbx,QWORD PTR [rax]
  404df2:	48 8b 45 e0          	mov    rax,QWORD PTR [rbp-0x20]
  404df6:	48 89 c7             	mov    rdi,rax
  404df9:	e8 b0 05 00 00       	call   4053ae <_ZNK9__gnu_cxx17__normal_iteratorIPmSt6vectorImSaImEEE4baseEv>
  404dfe:	48 8b 10             	mov    rdx,QWORD PTR [rax]
  404e01:	48 89 d8             	mov    rax,rbx
  404e04:	48 29 d0             	sub    rax,rdx
  404e07:	48 c1 f8 03          	sar    rax,0x3
  404e0b:	48 8b 5d f8          	mov    rbx,QWORD PTR [rbp-0x8]
  404e0f:	c9                   	leave  
  404e10:	c3                   	ret    
  404e11:	90                   	nop

0000000000404e12 <_ZNK9__gnu_cxx17__normal_iteratorIPmSt6vectorImSaImEEEplEl>:
  404e12:	55                   	push   rbp
  404e13:	48 89 e5             	mov    rbp,rsp
  404e16:	48 83 ec 20          	sub    rsp,0x20
  404e1a:	48 89 7d e8          	mov    QWORD PTR [rbp-0x18],rdi
  404e1e:	48 89 75 e0          	mov    QWORD PTR [rbp-0x20],rsi
  404e22:	48 8b 45 e8          	mov    rax,QWORD PTR [rbp-0x18]
  404e26:	48 8b 10             	mov    rdx,QWORD PTR [rax]
  404e29:	48 8b 45 e0          	mov    rax,QWORD PTR [rbp-0x20]
  404e2d:	48 c1 e0 03          	shl    rax,0x3
  404e31:	48 01 d0             	add    rax,rdx
  404e34:	48 89 45 f8          	mov    QWORD PTR [rbp-0x8],rax
  404e38:	48 8d 55 f8          	lea    rdx,[rbp-0x8]
  404e3c:	48 8d 45 f0          	lea    rax,[rbp-0x10]
  404e40:	48 89 d6             	mov    rsi,rdx
  404e43:	48 89 c7             	mov    rdi,rax
  404e46:	e8 2f ff ff ff       	call   404d7a <_ZN9__gnu_cxx17__normal_iteratorIPmSt6vectorImSaImEEEC1ERKS1_>
  404e4b:	48 8b 45 f0          	mov    rax,QWORD PTR [rbp-0x10]
  404e4f:	c9                   	leave  
  404e50:	c3                   	ret    
  404e51:	90                   	nop

0000000000404e52 <_ZNSt24uniform_int_distributionImEC1Emm>:
  404e52:	55                   	push   rbp
  404e53:	48 89 e5             	mov    rbp,rsp
  404e56:	48 83 ec 20          	sub    rsp,0x20
  404e5a:	48 89 7d f8          	mov    QWORD PTR [rbp-0x8],rdi
  404e5e:	48 89 75 f0          	mov    QWORD PTR [rbp-0x10],rsi
  404e62:	48 89 55 e8          	mov    QWORD PTR [rbp-0x18],rdx
  404e66:	48 8b 45 f8          	mov    rax,QWORD PTR [rbp-0x8]
  404e6a:	48 8b 55 e8          	mov    rdx,QWORD PTR [rbp-0x18]
  404e6e:	48 8b 4d f0          	mov    rcx,QWORD PTR [rbp-0x10]
  404e72:	48 89 ce             	mov    rsi,rcx
  404e75:	48 89 c7             	mov    rdi,rax
  404e78:	e8 af 01 00 00       	call   40502c <_ZNSt24uniform_int_distributionImE10param_typeC1Emm>
  404e7d:	90                   	nop
  404e7e:	c9                   	leave  
  404e7f:	c3                   	ret    

0000000000404e80 <_ZN9__gnu_cxx17__normal_iteratorIPmSt6vectorImSaImEEEppEi>:
  404e80:	55                   	push   rbp
  404e81:	48 89 e5             	mov    rbp,rsp
  404e84:	48 83 ec 20          	sub    rsp,0x20
  404e88:	48 89 7d e8          	mov    QWORD PTR [rbp-0x18],rdi
  404e8c:	89 75 e4             	mov    DWORD PTR [rbp-0x1c],esi
  404e8f:	48 8b 45 e8          	mov    rax,QWORD PTR [rbp-0x18]
  404e93:	48 8b 00             	mov    rax,QWORD PTR [rax]
  404e96:	48 8d 48 08          	lea    rcx,[rax+0x8]
  404e9a:	48 8b 55 e8          	mov    rdx,QWORD PTR [rbp-0x18]
  404e9e:	48 89 0a             	mov    QWORD PTR [rdx],rcx
  404ea1:	48 89 45 f8          	mov    QWORD PTR [rbp-0x8],rax
  404ea5:	48 8d 55 f8          	lea    rdx,[rbp-0x8]
  404ea9:	48 8d 45 f0          	lea    rax,[rbp-0x10]
  404ead:	48 89 d6             	mov    rsi,rdx
  404eb0:	48 89 c7             	mov    rdi,rax
  404eb3:	e8 c2 fe ff ff       	call   404d7a <_ZN9__gnu_cxx17__normal_iteratorIPmSt6vectorImSaImEEEC1ERKS1_>
  404eb8:	48 8b 45 f0          	mov    rax,QWORD PTR [rbp-0x10]
  404ebc:	c9                   	leave  
  404ebd:	c3                   	ret    

0000000000404ebe <_ZNSt24uniform_int_distributionImEclISt23mersenne_twister_engineImLm32ELm624ELm397ELm31ELm2567483615ELm11ELm4294967295ELm7ELm2636928640ELm15ELm4022730752ELm18ELm1812433253EEEEmRT_>:
  404ebe:	55                   	push   rbp
  404ebf:	48 89 e5             	mov    rbp,rsp
  404ec2:	48 83 ec 10          	sub    rsp,0x10
  404ec6:	48 89 7d f8          	mov    QWORD PTR [rbp-0x8],rdi
  404eca:	48 89 75 f0          	mov    QWORD PTR [rbp-0x10],rsi
  404ece:	48 8b 55 f8          	mov    rdx,QWORD PTR [rbp-0x8]
  404ed2:	48 8b 4d f0          	mov    rcx,QWORD PTR [rbp-0x10]
  404ed6:	48 8b 45 f8          	mov    rax,QWORD PTR [rbp-0x8]
  404eda:	48 89 ce             	mov    rsi,rcx
  404edd:	48 89 c7             	mov    rdi,rax
  404ee0:	e8 71 01 00 00       	call   405056 <_ZNSt24uniform_int_distributionImEclISt23mersenne_twister_engineImLm32ELm624ELm397ELm31ELm2567483615ELm11ELm4294967295ELm7ELm2636928640ELm15ELm4022730752ELm18ELm1812433253EEEEmRT_RKNS0_10param_typeE>
  404ee5:	c9                   	leave  
  404ee6:	c3                   	ret    

0000000000404ee7 <_ZSt9iter_swapIN9__gnu_cxx17__normal_iteratorIPmSt6vectorImSaImEEEES6_EvT_T0_>:
  404ee7:	55                   	push   rbp
  404ee8:	48 89 e5             	mov    rbp,rsp
  404eeb:	53                   	push   rbx
  404eec:	48 83 ec 18          	sub    rsp,0x18
  404ef0:	48 89 7d e8          	mov    QWORD PTR [rbp-0x18],rdi
  404ef4:	48 89 75 e0          	mov    QWORD PTR [rbp-0x20],rsi
  404ef8:	48 8d 45 e0          	lea    rax,[rbp-0x20]
  404efc:	48 89 c7             	mov    rdi,rax
  404eff:	e8 b8 04 00 00       	call   4053bc <_ZNK9__gnu_cxx17__normal_iteratorIPmSt6vectorImSaImEEEdeEv>
  404f04:	48 89 c3             	mov    rbx,rax
  404f07:	48 8d 45 e8          	lea    rax,[rbp-0x18]
  404f0b:	48 89 c7             	mov    rdi,rax
  404f0e:	e8 a9 04 00 00       	call   4053bc <_ZNK9__gnu_cxx17__normal_iteratorIPmSt6vectorImSaImEEEdeEv>
  404f13:	48 89 de             	mov    rsi,rbx
  404f16:	48 89 c7             	mov    rdi,rax
  404f19:	e8 bd 04 00 00       	call   4053db <_ZSt4swapImENSt9enable_ifIXsrSt6__and_IJSt6__not_ISt15__is_tuple_likeIT_EESt21is_move_constructibleIS4_ESt18is_move_assignableIS4_EEE5valueEvE4typeERS4_SE_>
  404f1e:	90                   	nop
  404f1f:	48 8b 5d f8          	mov    rbx,QWORD PTR [rbp-0x8]
  404f23:	c9                   	leave  
  404f24:	c3                   	ret    

0000000000404f25 <_ZN9__gnu_cxxneIPmSt6vectorImSaImEEEEbRKNS_17__normal_iteratorIT_T0_EESA_>:
  404f25:	55                   	push   rbp
  404f26:	48 89 e5             	mov    rbp,rsp
  404f29:	53                   	push   rbx
  404f2a:	48 83 ec 18          	sub    rsp,0x18
  404f2e:	48 89 7d e8          	mov    QWORD PTR [rbp-0x18],rdi
  404f32:	48 89 75 e0          	mov    QWORD PTR [rbp-0x20],rsi
  404f36:	48 8b 45 e8          	mov    rax,QWORD PTR [rbp-0x18]
  404f3a:	48 89 c7             	mov    rdi,rax
  404f3d:	e8 6c 04 00 00       	call   4053ae <_ZNK9__gnu_cxx17__normal_iteratorIPmSt6vectorImSaImEEE4baseEv>
  404f42:	48 8b 18             	mov    rbx,QWORD PTR [rax]
  404f45:	48 8b 45 e0          	mov    rax,QWORD PTR [rbp-0x20]
  404f49:	48 89 c7             	mov    rdi,rax
  404f4c:	e8 5d 04 00 00       	call   4053ae <_ZNK9__gnu_cxx17__normal_iteratorIPmSt6vectorImSaImEEE4baseEv>
  404f51:	48 8b 00             	mov    rax,QWORD PTR [rax]
  404f54:	48 39 c3             	cmp    rbx,rax
  404f57:	0f 95 c0             	setne  al
  404f5a:	48 8b 5d f8          	mov    rbx,QWORD PTR [rbp-0x8]
  404f5e:	c9                   	leave  
  404f5f:	c3                   	ret    

0000000000404f60 <_ZSt22__gen_two_uniform_intsImRSt23mersenne_twister_engineImLm32ELm624ELm397ELm31ELm2567483615ELm11ELm4294967295ELm7ELm2636928640ELm15ELm4022730752ELm18ELm1812433253EEESt4pairIT_S4_ES4_S4_OT0_>:
  404f60:	55                   	push   rbp
  404f61:	48 89 e5             	mov    rbp,rsp
  404f64:	48 83 ec 50          	sub    rsp,0x50
  404f68:	48 89 7d c8          	mov    QWORD PTR [rbp-0x38],rdi
  404f6c:	48 89 75 c0          	mov    QWORD PTR [rbp-0x40],rsi
  404f70:	48 89 55 b8          	mov    QWORD PTR [rbp-0x48],rdx
  404f74:	48 8b 45 c8          	mov    rax,QWORD PTR [rbp-0x38]
  404f78:	48 0f af 45 c0       	imul   rax,QWORD PTR [rbp-0x40]
  404f7d:	48 8d 50 ff          	lea    rdx,[rax-0x1]
  404f81:	48 8d 45 d0          	lea    rax,[rbp-0x30]
  404f85:	be 00 00 00 00       	mov    esi,0x0
  404f8a:	48 89 c7             	mov    rdi,rax
  404f8d:	e8 c0 fe ff ff       	call   404e52 <_ZNSt24uniform_int_distributionImEC1Emm>
  404f92:	48 8b 55 b8          	mov    rdx,QWORD PTR [rbp-0x48]
  404f96:	48 8d 45 d0          	lea    rax,[rbp-0x30]
  404f9a:	48 89 d6             	mov    rsi,rdx
  404f9d:	48 89 c7             	mov    rdi,rax
  404fa0:	e8 19 ff ff ff       	call   404ebe <_ZNSt24uniform_int_distributionImEclISt23mersenne_twister_engineImLm32ELm624ELm397ELm31ELm2567483615ELm11ELm4294967295ELm7ELm2636928640ELm15ELm4022730752ELm18ELm1812433253EEEEmRT_>
  404fa5:	48 89 45 f8          	mov    QWORD PTR [rbp-0x8],rax
  404fa9:	48 8b 45 f8          	mov    rax,QWORD PTR [rbp-0x8]
  404fad:	ba 00 00 00 00       	mov    edx,0x0
  404fb2:	48 f7 75 c0          	div    QWORD PTR [rbp-0x40]
  404fb6:	48 89 d0             	mov    rax,rdx
  404fb9:	48 89 45 e8          	mov    QWORD PTR [rbp-0x18],rax
  404fbd:	48 8b 45 f8          	mov    rax,QWORD PTR [rbp-0x8]
  404fc1:	ba 00 00 00 00       	mov    edx,0x0
  404fc6:	48 f7 75 c0          	div    QWORD PTR [rbp-0x40]
  404fca:	48 89 45 f0          	mov    QWORD PTR [rbp-0x10],rax
  404fce:	48 8d 55 e8          	lea    rdx,[rbp-0x18]
  404fd2:	48 8d 45 f0          	lea    rax,[rbp-0x10]
  404fd6:	48 89 d6             	mov    rsi,rdx
  404fd9:	48 89 c7             	mov    rdi,rax
  404fdc:	e8 4c 04 00 00       	call   40542d <_ZSt9make_pairImmESt4pairINSt25__strip_reference_wrapperINSt5decayIT_E4typeEE6__typeENS1_INS2_IT0_E4typeEE6__typeEEOS3_OS8_>
  404fe1:	c9                   	leave  
  404fe2:	c3                   	ret    
  404fe3:	90                   	nop

0000000000404fe4 <_ZNSt24uniform_int_distributionImEC1Ev>:
  404fe4:	55                   	push   rbp
  404fe5:	48 89 e5             	mov    rbp,rsp
  404fe8:	48 83 ec 10          	sub    rsp,0x10
  404fec:	48 89 7d f8          	mov    QWORD PTR [rbp-0x8],rdi
  404ff0:	48 8b 45 f8          	mov    rax,QWORD PTR [rbp-0x8]
  404ff4:	48 c7 c2 ff ff ff ff 	mov    rdx,0xffffffffffffffff
  404ffb:	be 00 00 00 00       	mov    esi,0x0
  405000:	48 89 c7             	mov    rdi,rax
  405003:	e8 4a fe ff ff       	call   404e52 <_ZNSt24uniform_int_distributionImEC1Emm>
  405008:	90                   	nop
  405009:	c9                   	leave  
  40500a:	c3                   	ret    
  40500b:	90                   	nop

000000000040500c <_ZN9__gnu_cxx17__normal_iteratorIPmSt6vectorImSaImEEEppEv>:
  40500c:	55                   	push   rbp
  40500d:	48 89 e5             	mov    rbp,rsp
  405010:	48 89 7d f8          	mov    QWORD PTR [rbp-0x8],rdi
  405014:	48 8b 45 f8          	mov    rax,QWORD PTR [rbp-0x8]
  405018:	48 8b 00             	mov    rax,QWORD PTR [rax]
  40501b:	48 8d 50 08          	lea    rdx,[rax+0x8]
  40501f:	48 8b 45 f8          	mov    rax,QWORD PTR [rbp-0x8]
  405023:	48 89 10             	mov    QWORD PTR [rax],rdx
  405026:	48 8b 45 f8          	mov    rax,QWORD PTR [rbp-0x8]
  40502a:	5d                   	pop    rbp
  40502b:	c3                   	ret    

000000000040502c <_ZNSt24uniform_int_distributionImE10param_typeC1Emm>:
  40502c:	55                   	push   rbp
  40502d:	48 89 e5             	mov    rbp,rsp
  405030:	48 89 7d f8          	mov    QWORD PTR [rbp-0x8],rdi
  405034:	48 89 75 f0          	mov    QWORD PTR [rbp-0x10],rsi
  405038:	48 89 55 e8          	mov    QWORD PTR [rbp-0x18],rdx
  40503c:	48 8b 45 f8          	mov    rax,QWORD PTR [rbp-0x8]
  405040:	48 8b 55 f0          	mov    rdx,QWORD PTR [rbp-0x10]
  405044:	48 89 10             	mov    QWORD PTR [rax],rdx
  405047:	48 8b 45 f8          	mov    rax,QWORD PTR [rbp-0x8]
  40504b:	48 8b 55 e8          	mov    rdx,QWORD PTR [rbp-0x18]
  40504f:	48 89 50 08          	mov    QWORD PTR [rax+0x8],rdx
  405053:	90                   	nop
  405054:	5d                   	pop    rbp
  405055:	c3                   	ret    

0000000000405056 <_ZNSt24uniform_int_distributionImEclISt23mersenne_twister_engineImLm32ELm624ELm397ELm31ELm2567483615ELm11ELm4294967295ELm7ELm2636928640ELm15ELm4022730752ELm18ELm1812433253EEEEmRT_RKNS0_10param_typeE>:
  405056:	55                   	push   rbp
  405057:	48 89 e5             	mov    rbp,rsp
  40505a:	53                   	push   rbx
  40505b:	48 81 ec 88 00 00 00 	sub    rsp,0x88
  405062:	48 89 7d 88          	mov    QWORD PTR [rbp-0x78],rdi
  405066:	48 89 75 80          	mov    QWORD PTR [rbp-0x80],rsi
  40506a:	48 89 95 78 ff ff ff 	mov    QWORD PTR [rbp-0x88],rdx
  405071:	48 c7 45 e0 00 00 00 	mov    QWORD PTR [rbp-0x20],0x0
  405078:	00 
  405079:	b8 ff ff ff ff       	mov    eax,0xffffffff
  40507e:	48 89 45 d8          	mov    QWORD PTR [rbp-0x28],rax
  405082:	48 89 45 d0          	mov    QWORD PTR [rbp-0x30],rax
  405086:	48 8b 85 78 ff ff ff 	mov    rax,QWORD PTR [rbp-0x88]
  40508d:	48 89 c7             	mov    rdi,rax
  405090:	e8 e7 03 00 00       	call   40547c <_ZNKSt24uniform_int_distributionImE10param_type1bEv>
  405095:	48 89 c3             	mov    rbx,rax
  405098:	48 8b 85 78 ff ff ff 	mov    rax,QWORD PTR [rbp-0x88]
  40509f:	48 89 c7             	mov    rdi,rax
  4050a2:	e8 e7 03 00 00       	call   40548e <_ZNKSt24uniform_int_distributionImE10param_type1aEv>
  4050a7:	48 89 c2             	mov    rdx,rax
  4050aa:	48 89 d8             	mov    rax,rbx
  4050ad:	48 29 d0             	sub    rax,rdx
  4050b0:	48 89 45 c8          	mov    QWORD PTR [rbp-0x38],rax
  4050b4:	b8 fe ff ff ff       	mov    eax,0xfffffffe
  4050b9:	48 39 45 c8          	cmp    QWORD PTR [rbp-0x38],rax
  4050bd:	77 2f                	ja     4050ee <_ZNSt24uniform_int_distributionImEclISt23mersenne_twister_engineImLm32ELm624ELm397ELm31ELm2567483615ELm11ELm4294967295ELm7ELm2636928640ELm15ELm4022730752ELm18ELm1812433253EEEEmRT_RKNS0_10param_typeE+0x98>
  4050bf:	48 8b 45 c8          	mov    rax,QWORD PTR [rbp-0x38]
  4050c3:	48 83 c0 01          	add    rax,0x1
  4050c7:	48 89 45 b0          	mov    QWORD PTR [rbp-0x50],rax
  4050cb:	48 8b 45 b0          	mov    rax,QWORD PTR [rbp-0x50]
  4050cf:	89 45 ac             	mov    DWORD PTR [rbp-0x54],eax
  4050d2:	8b 55 ac             	mov    edx,DWORD PTR [rbp-0x54]
  4050d5:	48 8b 45 80          	mov    rax,QWORD PTR [rbp-0x80]
  4050d9:	89 d6                	mov    esi,edx
  4050db:	48 89 c7             	mov    rdi,rax
  4050de:	e8 bc 03 00 00       	call   40549f <_ZNSt24uniform_int_distributionImE5_S_ndImSt23mersenne_twister_engineImLm32ELm624ELm397ELm31ELm2567483615ELm11ELm4294967295ELm7ELm2636928640ELm15ELm4022730752ELm18ELm1812433253EEjEET1_RT0_S4_>
  4050e3:	89 c0                	mov    eax,eax
  4050e5:	48 89 45 e8          	mov    QWORD PTR [rbp-0x18],rax
  4050e9:	e9 91 00 00 00       	jmp    40517f <_ZNSt24uniform_int_distributionImEclISt23mersenne_twister_engineImLm32ELm624ELm397ELm31ELm2567483615ELm11ELm4294967295ELm7ELm2636928640ELm15ELm4022730752ELm18ELm1812433253EEEEmRT_RKNS0_10param_typeE+0x129>
  4050ee:	b8 ff ff ff ff       	mov    eax,0xffffffff
  4050f3:	48 39 45 c8          	cmp    QWORD PTR [rbp-0x38],rax
  4050f7:	76 76                	jbe    40516f <_ZNSt24uniform_int_distributionImEclISt23mersenne_twister_engineImLm32ELm624ELm397ELm31ELm2567483615ELm11ELm4294967295ELm7ELm2636928640ELm15ELm4022730752ELm18ELm1812433253EEEEmRT_RKNS0_10param_typeE+0x119>
  4050f9:	48 b8 00 00 00 00 01 	movabs rax,0x100000000
  405100:	00 00 00 
  405103:	48 89 45 c0          	mov    QWORD PTR [rbp-0x40],rax
  405107:	48 8b 45 c8          	mov    rax,QWORD PTR [rbp-0x38]
  40510b:	48 c1 e8 20          	shr    rax,0x20
  40510f:	48 89 c2             	mov    rdx,rax
  405112:	48 8d 45 90          	lea    rax,[rbp-0x70]
  405116:	be 00 00 00 00       	mov    esi,0x0
  40511b:	48 89 c7             	mov    rdi,rax
  40511e:	e8 09 ff ff ff       	call   40502c <_ZNSt24uniform_int_distributionImE10param_typeC1Emm>
  405123:	48 8d 55 90          	lea    rdx,[rbp-0x70]
  405127:	48 8b 4d 80          	mov    rcx,QWORD PTR [rbp-0x80]
  40512b:	48 8b 45 88          	mov    rax,QWORD PTR [rbp-0x78]
  40512f:	48 89 ce             	mov    rsi,rcx
  405132:	48 89 c7             	mov    rdi,rax
  405135:	e8 1c ff ff ff       	call   405056 <_ZNSt24uniform_int_distributionImEclISt23mersenne_twister_engineImLm32ELm624ELm397ELm31ELm2567483615ELm11ELm4294967295ELm7ELm2636928640ELm15ELm4022730752ELm18ELm1812433253EEEEmRT_RKNS0_10param_typeE>
  40513a:	48 c1 e0 20          	shl    rax,0x20
  40513e:	48 89 45 b8          	mov    QWORD PTR [rbp-0x48],rax
  405142:	48 8b 45 80          	mov    rax,QWORD PTR [rbp-0x80]
  405146:	48 89 c7             	mov    rdi,rax
  405149:	e8 c8 03 00 00       	call   405516 <_ZNSt23mersenne_twister_engineImLm32ELm624ELm397ELm31ELm2567483615ELm11ELm4294967295ELm7ELm2636928640ELm15ELm4022730752ELm18ELm1812433253EEclEv>
  40514e:	48 8b 55 b8          	mov    rdx,QWORD PTR [rbp-0x48]
  405152:	48 01 d0             	add    rax,rdx
  405155:	48 89 45 e8          	mov    QWORD PTR [rbp-0x18],rax
  405159:	48 8b 45 e8          	mov    rax,QWORD PTR [rbp-0x18]
  40515d:	48 3b 45 c8          	cmp    rax,QWORD PTR [rbp-0x38]
  405161:	77 96                	ja     4050f9 <_ZNSt24uniform_int_distributionImEclISt23mersenne_twister_engineImLm32ELm624ELm397ELm31ELm2567483615ELm11ELm4294967295ELm7ELm2636928640ELm15ELm4022730752ELm18ELm1812433253EEEEmRT_RKNS0_10param_typeE+0xa3>
  405163:	48 8b 45 e8          	mov    rax,QWORD PTR [rbp-0x18]
  405167:	48 3b 45 b8          	cmp    rax,QWORD PTR [rbp-0x48]
  40516b:	72 8c                	jb     4050f9 <_ZNSt24uniform_int_distributionImEclISt23mersenne_twister_engineImLm32ELm624ELm397ELm31ELm2567483615ELm11ELm4294967295ELm7ELm2636928640ELm15ELm4022730752ELm18ELm1812433253EEEEmRT_RKNS0_10param_typeE+0xa3>
  40516d:	eb 10                	jmp    40517f <_ZNSt24uniform_int_distributionImEclISt23mersenne_twister_engineImLm32ELm624ELm397ELm31ELm2567483615ELm11ELm4294967295ELm7ELm2636928640ELm15ELm4022730752ELm18ELm1812433253EEEEmRT_RKNS0_10param_typeE+0x129>
  40516f:	48 8b 45 80          	mov    rax,QWORD PTR [rbp-0x80]
  405173:	48 89 c7             	mov    rdi,rax
  405176:	e8 9b 03 00 00       	call   405516 <_ZNSt23mersenne_twister_engineImLm32ELm624ELm397ELm31ELm2567483615ELm11ELm4294967295ELm7ELm2636928640ELm15ELm4022730752ELm18ELm1812433253EEclEv>
  40517b:	48 89 45 e8          	mov    QWORD PTR [rbp-0x18],rax
  40517f:	48 8b 85 78 ff ff ff 	mov    rax,QWORD PTR [rbp-0x88]
  405186:	48 89 c7             	mov    rdi,rax
  405189:	e8 00 03 00 00       	call   40548e <_ZNKSt24uniform_int_distributionImE10param_type1aEv>
  40518e:	48 8b 55 e8          	mov    rdx,QWORD PTR [rbp-0x18]
  405192:	48 01 d0             	add    rax,rdx
  405195:	48 8b 5d f8          	mov    rbx,QWORD PTR [rbp-0x8]
  405199:	c9                   	leave  
  40519a:	c3                   	ret    
  40519b:	90                   	nop

000000000040519c <_ZNSt6vectorImSaImEE18_M_fill_initializeEmRKm>:
  40519c:	55                   	push   rbp
  40519d:	48 89 e5             	mov    rbp,rsp
  4051a0:	48 83 ec 20          	sub    rsp,0x20
  4051a4:	48 89 7d f8          	mov    QWORD PTR [rbp-0x8],rdi
  4051a8:	48 89 75 f0          	mov    QWORD PTR [rbp-0x10],rsi
  4051ac:	48 89 55 e8          	mov    QWORD PTR [rbp-0x18],rdx
  4051b0:	48 8b 45 f8          	mov    rax,QWORD PTR [rbp-0x8]
  4051b4:	48 89 c7             	mov    rdi,rax
  4051b7:	e8 e0 fa ff ff       	call   404c9c <_ZNSt12_Vector_baseImSaImEE19_M_get_Tp_allocatorEv>
  4051bc:	48 89 c1             	mov    rcx,rax
  4051bf:	48 8b 45 f8          	mov    rax,QWORD PTR [rbp-0x8]
  4051c3:	48 8b 00             	mov    rax,QWORD PTR [rax]
  4051c6:	48 8b 55 e8          	mov    rdx,QWORD PTR [rbp-0x18]
  4051ca:	48 8b 75 f0          	mov    rsi,QWORD PTR [rbp-0x10]
  4051ce:	48 89 c7             	mov    rdi,rax
  4051d1:	e8 d3 03 00 00       	call   4055a9 <_ZSt24__uninitialized_fill_n_aIPmmmmET_S1_T0_RKT1_RSaIT2_E>
  4051d6:	48 8b 55 f8          	mov    rdx,QWORD PTR [rbp-0x8]
  4051da:	48 89 42 08          	mov    QWORD PTR [rdx+0x8],rax
  4051de:	90                   	nop
  4051df:	c9                   	leave  
  4051e0:	c3                   	ret    
  4051e1:	90                   	nop

00000000004051e2 <_ZNKSt6vectorImSaImEE11_M_data_ptrImEEPT_S4_>:
  4051e2:	55                   	push   rbp
  4051e3:	48 89 e5             	mov    rbp,rsp
  4051e6:	48 89 7d f8          	mov    QWORD PTR [rbp-0x8],rdi
  4051ea:	48 89 75 f0          	mov    QWORD PTR [rbp-0x10],rsi
  4051ee:	48 8b 45 f0          	mov    rax,QWORD PTR [rbp-0x10]
  4051f2:	5d                   	pop    rbp
  4051f3:	c3                   	ret    

00000000004051f4 <_ZNSt6vectorImSaImEE11_S_max_sizeERKS0_>:
  4051f4:	55                   	push   rbp
  4051f5:	48 89 e5             	mov    rbp,rsp
  4051f8:	48 83 ec 20          	sub    rsp,0x20
  4051fc:	48 89 7d e8          	mov    QWORD PTR [rbp-0x18],rdi
  405200:	48 b8 ff ff ff ff ff 	movabs rax,0xfffffffffffffff
  405207:	ff ff 0f 
  40520a:	48 89 45 f8          	mov    QWORD PTR [rbp-0x8],rax
  40520e:	48 8b 45 e8          	mov    rax,QWORD PTR [rbp-0x18]
  405212:	48 89 c7             	mov    rdi,rax
  405215:	e8 c0 03 00 00       	call   4055da <_ZNSt16allocator_traitsISaImEE8max_sizeERKS0_>
  40521a:	48 89 45 f0          	mov    QWORD PTR [rbp-0x10],rax
  40521e:	48 8d 55 f0          	lea    rdx,[rbp-0x10]
  405222:	48 8d 45 f8          	lea    rax,[rbp-0x8]
  405226:	48 89 d6             	mov    rsi,rdx
  405229:	48 89 c7             	mov    rdi,rax
  40522c:	e8 24 f8 ff ff       	call   404a55 <_ZSt3minImERKT_S2_S2_>
  405231:	48 8b 00             	mov    rax,QWORD PTR [rax]
  405234:	c9                   	leave  
  405235:	c3                   	ret    

0000000000405236 <_ZNSaImEC1ERKS_>:
  405236:	55                   	push   rbp
  405237:	48 89 e5             	mov    rbp,rsp
  40523a:	48 83 ec 10          	sub    rsp,0x10
  40523e:	48 89 7d f8          	mov    QWORD PTR [rbp-0x8],rdi
  405242:	48 89 75 f0          	mov    QWORD PTR [rbp-0x10],rsi
  405246:	48 8b 55 f0          	mov    rdx,QWORD PTR [rbp-0x10]
  40524a:	48 8b 45 f8          	mov    rax,QWORD PTR [rbp-0x8]
  40524e:	48 89 d6             	mov    rsi,rdx
  405251:	48 89 c7             	mov    rdi,rax
  405254:	e8 9b 03 00 00       	call   4055f4 <_ZN9__gnu_cxx13new_allocatorImEC1ERKS1_>
  405259:	90                   	nop
  40525a:	c9                   	leave  
  40525b:	c3                   	ret    

000000000040525c <_ZNSt12_Vector_baseImSaImEE12_Vector_implC1ERKS0_>:
  40525c:	55                   	push   rbp
  40525d:	48 89 e5             	mov    rbp,rsp
  405260:	48 83 ec 10          	sub    rsp,0x10
  405264:	48 89 7d f8          	mov    QWORD PTR [rbp-0x8],rdi
  405268:	48 89 75 f0          	mov    QWORD PTR [rbp-0x10],rsi
  40526c:	48 8b 55 f0          	mov    rdx,QWORD PTR [rbp-0x10]
  405270:	48 8b 45 f8          	mov    rax,QWORD PTR [rbp-0x8]
  405274:	48 89 d6             	mov    rsi,rdx
  405277:	48 89 c7             	mov    rdi,rax
  40527a:	e8 b7 ff ff ff       	call   405236 <_ZNSaImEC1ERKS_>
  40527f:	48 8b 45 f8          	mov    rax,QWORD PTR [rbp-0x8]
  405283:	48 89 c7             	mov    rdi,rax
  405286:	e8 79 03 00 00       	call   405604 <_ZNSt12_Vector_baseImSaImEE17_Vector_impl_dataC1Ev>
  40528b:	90                   	nop
  40528c:	c9                   	leave  
  40528d:	c3                   	ret    

000000000040528e <_ZNSt12_Vector_baseImSaImEE17_M_create_storageEm>:
  40528e:	55                   	push   rbp
  40528f:	48 89 e5             	mov    rbp,rsp
  405292:	48 83 ec 10          	sub    rsp,0x10
  405296:	48 89 7d f8          	mov    QWORD PTR [rbp-0x8],rdi
  40529a:	48 89 75 f0          	mov    QWORD PTR [rbp-0x10],rsi
  40529e:	48 8b 55 f0          	mov    rdx,QWORD PTR [rbp-0x10]
  4052a2:	48 8b 45 f8          	mov    rax,QWORD PTR [rbp-0x8]
  4052a6:	48 89 d6             	mov    rsi,rdx
  4052a9:	48 89 c7             	mov    rdi,rax
  4052ac:	e8 81 03 00 00       	call   405632 <_ZNSt12_Vector_baseImSaImEE11_M_allocateEm>
  4052b1:	48 8b 55 f8          	mov    rdx,QWORD PTR [rbp-0x8]
  4052b5:	48 89 02             	mov    QWORD PTR [rdx],rax
  4052b8:	48 8b 45 f8          	mov    rax,QWORD PTR [rbp-0x8]
  4052bc:	48 8b 10             	mov    rdx,QWORD PTR [rax]
  4052bf:	48 8b 45 f8          	mov    rax,QWORD PTR [rbp-0x8]
  4052c3:	48 89 50 08          	mov    QWORD PTR [rax+0x8],rdx
  4052c7:	48 8b 45 f8          	mov    rax,QWORD PTR [rbp-0x8]
  4052cb:	48 8b 10             	mov    rdx,QWORD PTR [rax]
  4052ce:	48 8b 45 f0          	mov    rax,QWORD PTR [rbp-0x10]
  4052d2:	48 c1 e0 03          	shl    rax,0x3
  4052d6:	48 01 c2             	add    rdx,rax
  4052d9:	48 8b 45 f8          	mov    rax,QWORD PTR [rbp-0x8]
  4052dd:	48 89 50 10          	mov    QWORD PTR [rax+0x10],rdx
  4052e1:	90                   	nop
  4052e2:	c9                   	leave  
  4052e3:	c3                   	ret    

00000000004052e4 <_ZNSt12_Vector_baseImSaImEE13_M_deallocateEPmm>:
  4052e4:	55                   	push   rbp
  4052e5:	48 89 e5             	mov    rbp,rsp
  4052e8:	48 83 ec 20          	sub    rsp,0x20
  4052ec:	48 89 7d f8          	mov    QWORD PTR [rbp-0x8],rdi
  4052f0:	48 89 75 f0          	mov    QWORD PTR [rbp-0x10],rsi
  4052f4:	48 89 55 e8          	mov    QWORD PTR [rbp-0x18],rdx
  4052f8:	48 83 7d f0 00       	cmp    QWORD PTR [rbp-0x10],0x0
  4052fd:	74 17                	je     405316 <_ZNSt12_Vector_baseImSaImEE13_M_deallocateEPmm+0x32>
  4052ff:	48 8b 45 f8          	mov    rax,QWORD PTR [rbp-0x8]
  405303:	48 8b 55 e8          	mov    rdx,QWORD PTR [rbp-0x18]
  405307:	48 8b 4d f0          	mov    rcx,QWORD PTR [rbp-0x10]
  40530b:	48 89 ce             	mov    rsi,rcx
  40530e:	48 89 c7             	mov    rdi,rax
  405311:	e8 4f 03 00 00       	call   405665 <_ZNSt16allocator_traitsISaImEE10deallocateERS0_Pmm>
  405316:	90                   	nop
  405317:	c9                   	leave  
  405318:	c3                   	ret    

0000000000405319 <_ZSt27__uninitialized_default_n_aIPmmmET_S1_T0_RSaIT1_E>:
  405319:	55                   	push   rbp
  40531a:	48 89 e5             	mov    rbp,rsp
  40531d:	48 83 ec 20          	sub    rsp,0x20
  405321:	48 89 7d f8          	mov    QWORD PTR [rbp-0x8],rdi
  405325:	48 89 75 f0          	mov    QWORD PTR [rbp-0x10],rsi
  405329:	48 89 55 e8          	mov    QWORD PTR [rbp-0x18],rdx
  40532d:	48 8b 55 f0          	mov    rdx,QWORD PTR [rbp-0x10]
  405331:	48 8b 45 f8          	mov    rax,QWORD PTR [rbp-0x8]
  405335:	48 89 d6             	mov    rsi,rdx
  405338:	48 89 c7             	mov    rdi,rax
  40533b:	e8 53 03 00 00       	call   405693 <_ZSt25__uninitialized_default_nIPmmET_S1_T0_>
  405340:	c9                   	leave  
  405341:	c3                   	ret    

0000000000405342 <_ZSt8_DestroyIPmEvT_S1_>:
  405342:	55                   	push   rbp
  405343:	48 89 e5             	mov    rbp,rsp
  405346:	48 83 ec 10          	sub    rsp,0x10
  40534a:	48 89 7d f8          	mov    QWORD PTR [rbp-0x8],rdi
  40534e:	48 89 75 f0          	mov    QWORD PTR [rbp-0x10],rsi
  405352:	48 8b 55 f0          	mov    rdx,QWORD PTR [rbp-0x10]
  405356:	48 8b 45 f8          	mov    rax,QWORD PTR [rbp-0x8]
  40535a:	48 89 d6             	mov    rsi,rdx
  40535d:	48 89 c7             	mov    rdi,rax
  405360:	e8 57 03 00 00       	call   4056bc <_ZNSt12_Destroy_auxILb1EE9__destroyIPmEEvT_S3_>
  405365:	90                   	nop
  405366:	c9                   	leave  
  405367:	c3                   	ret    

0000000000405368 <_ZNSt8__detail5__modImLm4294967296ELm1ELm0EEET_S1_>:
  405368:	55                   	push   rbp
  405369:	48 89 e5             	mov    rbp,rsp
  40536c:	48 83 ec 20          	sub    rsp,0x20
  405370:	48 89 7d e8          	mov    QWORD PTR [rbp-0x18],rdi
  405374:	48 c7 45 f8 01 00 00 	mov    QWORD PTR [rbp-0x8],0x1
  40537b:	00 
  40537c:	48 8b 45 e8          	mov    rax,QWORD PTR [rbp-0x18]
  405380:	48 89 c7             	mov    rdi,rax
  405383:	e8 43 03 00 00       	call   4056cb <_ZNSt8__detail4_ModImLm4294967296ELm1ELm0ELb1ELb1EE6__calcEm>
  405388:	90                   	nop
  405389:	c9                   	leave  
  40538a:	c3                   	ret    

000000000040538b <_ZNSt8__detail5__modImLm624ELm1ELm0EEET_S1_>:
  40538b:	55                   	push   rbp
  40538c:	48 89 e5             	mov    rbp,rsp
  40538f:	48 83 ec 20          	sub    rsp,0x20
  405393:	48 89 7d e8          	mov    QWORD PTR [rbp-0x18],rdi
  405397:	48 c7 45 f8 01 00 00 	mov    QWORD PTR [rbp-0x8],0x1
  40539e:	00 
  40539f:	48 8b 45 e8          	mov    rax,QWORD PTR [rbp-0x18]
  4053a3:	48 89 c7             	mov    rdi,rax
  4053a6:	e8 3f 03 00 00       	call   4056ea <_ZNSt8__detail4_ModImLm624ELm1ELm0ELb1ELb1EE6__calcEm>
  4053ab:	90                   	nop
  4053ac:	c9                   	leave  
  4053ad:	c3                   	ret    

00000000004053ae <_ZNK9__gnu_cxx17__normal_iteratorIPmSt6vectorImSaImEEE4baseEv>:
  4053ae:	55                   	push   rbp
  4053af:	48 89 e5             	mov    rbp,rsp
  4053b2:	48 89 7d f8          	mov    QWORD PTR [rbp-0x8],rdi
  4053b6:	48 8b 45 f8          	mov    rax,QWORD PTR [rbp-0x8]
  4053ba:	5d                   	pop    rbp
  4053bb:	c3                   	ret    

00000000004053bc <_ZNK9__gnu_cxx17__normal_iteratorIPmSt6vectorImSaImEEEdeEv>:
  4053bc:	55                   	push   rbp
  4053bd:	48 89 e5             	mov    rbp,rsp
  4053c0:	48 89 7d f8          	mov    QWORD PTR [rbp-0x8],rdi
  4053c4:	48 8b 45 f8          	mov    rax,QWORD PTR [rbp-0x8]
  4053c8:	48 8b 00             	mov    rax,QWORD PTR [rax]
  4053cb:	5d                   	pop    rbp
  4053cc:	c3                   	ret    

00000000004053cd <_ZSt4moveIRmEONSt16remove_referenceIT_E4typeEOS2_>:
  4053cd:	55                   	push   rbp
  4053ce:	48 89 e5             	mov    rbp,rsp
  4053d1:	48 89 7d f8          	mov    QWORD PTR [rbp-0x8],rdi
  4053d5:	48 8b 45 f8          	mov    rax,QWORD PTR [rbp-0x8]
  4053d9:	5d                   	pop    rbp
  4053da:	c3                   	ret    

00000000004053db <_ZSt4swapImENSt9enable_ifIXsrSt6__and_IJSt6__not_ISt15__is_tuple_likeIT_EESt21is_move_constructibleIS4_ESt18is_move_assignableIS4_EEE5valueEvE4typeERS4_SE_>:
  4053db:	55                   	push   rbp
  4053dc:	48 89 e5             	mov    rbp,rsp
  4053df:	48 83 ec 20          	sub    rsp,0x20
  4053e3:	48 89 7d e8          	mov    QWORD PTR [rbp-0x18],rdi
  4053e7:	48 89 75 e0          	mov    QWORD PTR [rbp-0x20],rsi
  4053eb:	48 8b 45 e8          	mov    rax,QWORD PTR [rbp-0x18]
  4053ef:	48 89 c7             	mov    rdi,rax
  4053f2:	e8 d6 ff ff ff       	call   4053cd <_ZSt4moveIRmEONSt16remove_referenceIT_E4typeEOS2_>
  4053f7:	48 8b 00             	mov    rax,QWORD PTR [rax]
  4053fa:	48 89 45 f8          	mov    QWORD PTR [rbp-0x8],rax
  4053fe:	48 8b 45 e0          	mov    rax,QWORD PTR [rbp-0x20]
  405402:	48 89 c7             	mov    rdi,rax
  405405:	e8 c3 ff ff ff       	call   4053cd <_ZSt4moveIRmEONSt16remove_referenceIT_E4typeEOS2_>
  40540a:	48 8b 10             	mov    rdx,QWORD PTR [rax]
  40540d:	48 8b 45 e8          	mov    rax,QWORD PTR [rbp-0x18]
  405411:	48 89 10             	mov    QWORD PTR [rax],rdx
  405414:	48 8d 45 f8          	lea    rax,[rbp-0x8]
  405418:	48 89 c7             	mov    rdi,rax
  40541b:	e8 ad ff ff ff       	call   4053cd <_ZSt4moveIRmEONSt16remove_referenceIT_E4typeEOS2_>
  405420:	48 8b 10             	mov    rdx,QWORD PTR [rax]
  405423:	48 8b 45 e0          	mov    rax,QWORD PTR [rbp-0x20]
  405427:	48 89 10             	mov    QWORD PTR [rax],rdx
  40542a:	90                   	nop
  40542b:	c9                   	leave  
  40542c:	c3                   	ret    

000000000040542d <_ZSt9make_pairImmESt4pairINSt25__strip_reference_wrapperINSt5decayIT_E4typeEE6__typeENS1_INS2_IT0_E4typeEE6__typeEEOS3_OS8_>:
  40542d:	55                   	push   rbp
  40542e:	48 89 e5             	mov    rbp,rsp
  405431:	53                   	push   rbx
  405432:	48 83 ec 28          	sub    rsp,0x28
  405436:	48 89 7d d8          	mov    QWORD PTR [rbp-0x28],rdi
  40543a:	48 89 75 d0          	mov    QWORD PTR [rbp-0x30],rsi
  40543e:	48 8b 45 d0          	mov    rax,QWORD PTR [rbp-0x30]
  405442:	48 89 c7             	mov    rdi,rax
  405445:	e8 e5 02 00 00       	call   40572f <_ZSt7forwardImEOT_RNSt16remove_referenceIS0_E4typeE>
  40544a:	48 89 c3             	mov    rbx,rax
  40544d:	48 8b 45 d8          	mov    rax,QWORD PTR [rbp-0x28]
  405451:	48 89 c7             	mov    rdi,rax
  405454:	e8 d6 02 00 00       	call   40572f <_ZSt7forwardImEOT_RNSt16remove_referenceIS0_E4typeE>
  405459:	48 89 c1             	mov    rcx,rax
  40545c:	48 8d 45 e0          	lea    rax,[rbp-0x20]
  405460:	48 89 da             	mov    rdx,rbx
  405463:	48 89 ce             	mov    rsi,rcx
  405466:	48 89 c7             	mov    rdi,rax
  405469:	e8 d0 02 00 00       	call   40573e <_ZNSt4pairImmEC1ImmLb1EEEOT_OT0_>
  40546e:	48 8b 45 e0          	mov    rax,QWORD PTR [rbp-0x20]
  405472:	48 8b 55 e8          	mov    rdx,QWORD PTR [rbp-0x18]
  405476:	48 8b 5d f8          	mov    rbx,QWORD PTR [rbp-0x8]
  40547a:	c9                   	leave  
  40547b:	c3                   	ret    

000000000040547c <_ZNKSt24uniform_int_distributionImE10param_type1bEv>:
  40547c:	55                   	push   rbp
  40547d:	48 89 e5             	mov    rbp,rsp
  405480:	48 89 7d f8          	mov    QWORD PTR [rbp-0x8],rdi
  405484:	48 8b 45 f8          	mov    rax,QWORD PTR [rbp-0x8]
  405488:	48 8b 40 08          	mov    rax,QWORD PTR [rax+0x8]
  40548c:	5d                   	pop    rbp
  40548d:	c3                   	ret    

000000000040548e <_ZNKSt24uniform_int_distributionImE10param_type1aEv>:
  40548e:	55                   	push   rbp
  40548f:	48 89 e5             	mov    rbp,rsp
  405492:	48 89 7d f8          	mov    QWORD PTR [rbp-0x8],rdi
  405496:	48 8b 45 f8          	mov    rax,QWORD PTR [rbp-0x8]
  40549a:	48 8b 00             	mov    rax,QWORD PTR [rax]
  40549d:	5d                   	pop    rbp
  40549e:	c3                   	ret    

000000000040549f <_ZNSt24uniform_int_distributionImE5_S_ndImSt23mersenne_twister_engineImLm32ELm624ELm397ELm31ELm2567483615ELm11ELm4294967295ELm7ELm2636928640ELm15ELm4022730752ELm18ELm1812433253EEjEET1_RT0_S4_>:
  40549f:	55                   	push   rbp
  4054a0:	48 89 e5             	mov    rbp,rsp
  4054a3:	48 83 ec 20          	sub    rsp,0x20
  4054a7:	48 89 7d e8          	mov    QWORD PTR [rbp-0x18],rdi
  4054ab:	89 75 e4             	mov    DWORD PTR [rbp-0x1c],esi
  4054ae:	48 8b 45 e8          	mov    rax,QWORD PTR [rbp-0x18]
  4054b2:	48 89 c7             	mov    rdi,rax
  4054b5:	e8 5c 00 00 00       	call   405516 <_ZNSt23mersenne_twister_engineImLm32ELm624ELm397ELm31ELm2567483615ELm11ELm4294967295ELm7ELm2636928640ELm15ELm4022730752ELm18ELm1812433253EEclEv>
  4054ba:	8b 55 e4             	mov    edx,DWORD PTR [rbp-0x1c]
  4054bd:	48 0f af c2          	imul   rax,rdx
  4054c1:	48 89 45 f8          	mov    QWORD PTR [rbp-0x8],rax
  4054c5:	48 8b 45 f8          	mov    rax,QWORD PTR [rbp-0x8]
  4054c9:	89 45 f4             	mov    DWORD PTR [rbp-0xc],eax
  4054cc:	8b 45 f4             	mov    eax,DWORD PTR [rbp-0xc]
  4054cf:	3b 45 e4             	cmp    eax,DWORD PTR [rbp-0x1c]
  4054d2:	73 38                	jae    40550c <_ZNSt24uniform_int_distributionImE5_S_ndImSt23mersenne_twister_engineImLm32ELm624ELm397ELm31ELm2567483615ELm11ELm4294967295ELm7ELm2636928640ELm15ELm4022730752ELm18ELm1812433253EEjEET1_RT0_S4_+0x6d>
  4054d4:	8b 45 e4             	mov    eax,DWORD PTR [rbp-0x1c]
  4054d7:	f7 d8                	neg    eax
  4054d9:	ba 00 00 00 00       	mov    edx,0x0
  4054de:	f7 75 e4             	div    DWORD PTR [rbp-0x1c]
  4054e1:	89 55 f0             	mov    DWORD PTR [rbp-0x10],edx
  4054e4:	eb 1e                	jmp    405504 <_ZNSt24uniform_int_distributionImE5_S_ndImSt23mersenne_twister_engineImLm32ELm624ELm397ELm31ELm2567483615ELm11ELm4294967295ELm7ELm2636928640ELm15ELm4022730752ELm18ELm1812433253EEjEET1_RT0_S4_+0x65>
  4054e6:	48 8b 45 e8          	mov    rax,QWORD PTR [rbp-0x18]
  4054ea:	48 89 c7             	mov    rdi,rax
  4054ed:	e8 24 00 00 00       	call   405516 <_ZNSt23mersenne_twister_engineImLm32ELm624ELm397ELm31ELm2567483615ELm11ELm4294967295ELm7ELm2636928640ELm15ELm4022730752ELm18ELm1812433253EEclEv>
  4054f2:	8b 55 e4             	mov    edx,DWORD PTR [rbp-0x1c]
  4054f5:	48 0f af c2          	imul   rax,rdx
  4054f9:	48 89 45 f8          	mov    QWORD PTR [rbp-0x8],rax
  4054fd:	48 8b 45 f8          	mov    rax,QWORD PTR [rbp-0x8]
  405501:	89 45 f4             	mov    DWORD PTR [rbp-0xc],eax
  405504:	8b 45 f4             	mov    eax,DWORD PTR [rbp-0xc]
  405507:	3b 45 f0             	cmp    eax,DWORD PTR [rbp-0x10]
  40550a:	72 da                	jb     4054e6 <_ZNSt24uniform_int_distributionImE5_S_ndImSt23mersenne_twister_engineImLm32ELm624ELm397ELm31ELm2567483615ELm11ELm4294967295ELm7ELm2636928640ELm15ELm4022730752ELm18ELm1812433253EEjEET1_RT0_S4_+0x47>
  40550c:	48 8b 45 f8          	mov    rax,QWORD PTR [rbp-0x8]
  405510:	48 c1 e8 20          	shr    rax,0x20
  405514:	c9                   	leave  
  405515:	c3                   	ret    

0000000000405516 <_ZNSt23mersenne_twister_engineImLm32ELm624ELm397ELm31ELm2567483615ELm11ELm4294967295ELm7ELm2636928640ELm15ELm4022730752ELm18ELm1812433253EEclEv>:
  405516:	55                   	push   rbp
  405517:	48 89 e5             	mov    rbp,rsp
  40551a:	48 83 ec 20          	sub    rsp,0x20
  40551e:	48 89 7d e8          	mov    QWORD PTR [rbp-0x18],rdi
  405522:	48 8b 45 e8          	mov    rax,QWORD PTR [rbp-0x18]
  405526:	48 8b 80 80 13 00 00 	mov    rax,QWORD PTR [rax+0x1380]
  40552d:	48 3d 6f 02 00 00    	cmp    rax,0x26f
  405533:	76 0c                	jbe    405541 <_ZNSt23mersenne_twister_engineImLm32ELm624ELm397ELm31ELm2567483615ELm11ELm4294967295ELm7ELm2636928640ELm15ELm4022730752ELm18ELm1812433253EEclEv+0x2b>
  405535:	48 8b 45 e8          	mov    rax,QWORD PTR [rbp-0x18]
  405539:	48 89 c7             	mov    rdi,rax
  40553c:	e8 41 02 00 00       	call   405782 <_ZNSt23mersenne_twister_engineImLm32ELm624ELm397ELm31ELm2567483615ELm11ELm4294967295ELm7ELm2636928640ELm15ELm4022730752ELm18ELm1812433253EE11_M_gen_randEv>
  405541:	48 8b 45 e8          	mov    rax,QWORD PTR [rbp-0x18]
  405545:	48 8b 80 80 13 00 00 	mov    rax,QWORD PTR [rax+0x1380]
  40554c:	48 8d 48 01          	lea    rcx,[rax+0x1]
  405550:	48 8b 55 e8          	mov    rdx,QWORD PTR [rbp-0x18]
  405554:	48 89 8a 80 13 00 00 	mov    QWORD PTR [rdx+0x1380],rcx
  40555b:	48 8b 55 e8          	mov    rdx,QWORD PTR [rbp-0x18]
  40555f:	48 8b 04 c2          	mov    rax,QWORD PTR [rdx+rax*8]
  405563:	48 89 45 f8          	mov    QWORD PTR [rbp-0x8],rax
  405567:	48 8b 45 f8          	mov    rax,QWORD PTR [rbp-0x8]
  40556b:	48 c1 e8 0b          	shr    rax,0xb
  40556f:	89 c0                	mov    eax,eax
  405571:	48 31 45 f8          	xor    QWORD PTR [rbp-0x8],rax
  405575:	48 8b 45 f8          	mov    rax,QWORD PTR [rbp-0x8]
  405579:	48 c1 e0 07          	shl    rax,0x7
  40557d:	25 80 56 2c 9d       	and    eax,0x9d2c5680
  405582:	48 31 45 f8          	xor    QWORD PTR [rbp-0x8],rax
  405586:	48 8b 45 f8          	mov    rax,QWORD PTR [rbp-0x8]
  40558a:	48 c1 e0 0f          	shl    rax,0xf
  40558e:	25 00 00 c6 ef       	and    eax,0xefc60000
  405593:	48 31 45 f8          	xor    QWORD PTR [rbp-0x8],rax
  405597:	48 8b 45 f8          	mov    rax,QWORD PTR [rbp-0x8]
  40559b:	48 c1 e8 12          	shr    rax,0x12
  40559f:	48 31 45 f8          	xor    QWORD PTR [rbp-0x8],rax
  4055a3:	48 8b 45 f8          	mov    rax,QWORD PTR [rbp-0x8]
  4055a7:	c9                   	leave  
  4055a8:	c3                   	ret    

00000000004055a9 <_ZSt24__uninitialized_fill_n_aIPmmmmET_S1_T0_RKT1_RSaIT2_E>:
  4055a9:	55                   	push   rbp
  4055aa:	48 89 e5             	mov    rbp,rsp
  4055ad:	48 83 ec 20          	sub    rsp,0x20
  4055b1:	48 89 7d f8          	mov    QWORD PTR [rbp-0x8],rdi
  4055b5:	48 89 75 f0          	mov    QWORD PTR [rbp-0x10],rsi
  4055b9:	48 89 55 e8          	mov    QWORD PTR [rbp-0x18],rdx
  4055bd:	48 89 4d e0          	mov    QWORD PTR [rbp-0x20],rcx
  4055c1:	48 8b 55 e8          	mov    rdx,QWORD PTR [rbp-0x18]
  4055c5:	48 8b 4d f0          	mov    rcx,QWORD PTR [rbp-0x10]
  4055c9:	48 8b 45 f8          	mov    rax,QWORD PTR [rbp-0x8]
  4055cd:	48 89 ce             	mov    rsi,rcx
  4055d0:	48 89 c7             	mov    rdi,rax
  4055d3:	e8 60 03 00 00       	call   405938 <_ZSt20uninitialized_fill_nIPmmmET_S1_T0_RKT1_>
  4055d8:	c9                   	leave  
  4055d9:	c3                   	ret    

00000000004055da <_ZNSt16allocator_traitsISaImEE8max_sizeERKS0_>:
  4055da:	55                   	push   rbp
  4055db:	48 89 e5             	mov    rbp,rsp
  4055de:	48 83 ec 10          	sub    rsp,0x10
  4055e2:	48 89 7d f8          	mov    QWORD PTR [rbp-0x8],rdi
  4055e6:	48 8b 45 f8          	mov    rax,QWORD PTR [rbp-0x8]
  4055ea:	48 89 c7             	mov    rdi,rax
  4055ed:	e8 78 03 00 00       	call   40596a <_ZNK9__gnu_cxx13new_allocatorImE8max_sizeEv>
  4055f2:	c9                   	leave  
  4055f3:	c3                   	ret    

00000000004055f4 <_ZN9__gnu_cxx13new_allocatorImEC1ERKS1_>:
  4055f4:	55                   	push   rbp
  4055f5:	48 89 e5             	mov    rbp,rsp
  4055f8:	48 89 7d f8          	mov    QWORD PTR [rbp-0x8],rdi
  4055fc:	48 89 75 f0          	mov    QWORD PTR [rbp-0x10],rsi
  405600:	90                   	nop
  405601:	5d                   	pop    rbp
  405602:	c3                   	ret    
  405603:	90                   	nop

0000000000405604 <_ZNSt12_Vector_baseImSaImEE17_Vector_impl_dataC1Ev>:
  405604:	55                   	push   rbp
  405605:	48 89 e5             	mov    rbp,rsp
  405608:	48 89 7d f8          	mov    QWORD PTR [rbp-0x8],rdi
  40560c:	48 8b 45 f8          	mov    rax,QWORD PTR [rbp-0x8]
  405610:	48 c7 00 00 00 00 00 	mov    QWORD PTR [rax],0x0
  405617:	48 8b 45 f8          	mov    rax,QWORD PTR [rbp-0x8]
  40561b:	48 c7 40 08 00 00 00 	mov    QWORD PTR [rax+0x8],0x0
  405622:	00 
  405623:	48 8b 45 f8          	mov    rax,QWORD PTR [rbp-0x8]
  405627:	48 c7 40 10 00 00 00 	mov    QWORD PTR [rax+0x10],0x0
  40562e:	00 
  40562f:	90                   	nop
  405630:	5d                   	pop    rbp
  405631:	c3                   	ret    

0000000000405632 <_ZNSt12_Vector_baseImSaImEE11_M_allocateEm>:
  405632:	55                   	push   rbp
  405633:	48 89 e5             	mov    rbp,rsp
  405636:	48 83 ec 10          	sub    rsp,0x10
  40563a:	48 89 7d f8          	mov    QWORD PTR [rbp-0x8],rdi
  40563e:	48 89 75 f0          	mov    QWORD PTR [rbp-0x10],rsi
  405642:	48 83 7d f0 00       	cmp    QWORD PTR [rbp-0x10],0x0
  405647:	74 15                	je     40565e <_ZNSt12_Vector_baseImSaImEE11_M_allocateEm+0x2c>
  405649:	48 8b 45 f8          	mov    rax,QWORD PTR [rbp-0x8]
  40564d:	48 8b 55 f0          	mov    rdx,QWORD PTR [rbp-0x10]
  405651:	48 89 d6             	mov    rsi,rdx
  405654:	48 89 c7             	mov    rdi,rax
  405657:	e8 28 03 00 00       	call   405984 <_ZNSt16allocator_traitsISaImEE8allocateERS0_m>
  40565c:	eb 05                	jmp    405663 <_ZNSt12_Vector_baseImSaImEE11_M_allocateEm+0x31>
  40565e:	b8 00 00 00 00       	mov    eax,0x0
  405663:	c9                   	leave  
  405664:	c3                   	ret    

0000000000405665 <_ZNSt16allocator_traitsISaImEE10deallocateERS0_Pmm>:
  405665:	55                   	push   rbp
  405666:	48 89 e5             	mov    rbp,rsp
  405669:	48 83 ec 20          	sub    rsp,0x20
  40566d:	48 89 7d f8          	mov    QWORD PTR [rbp-0x8],rdi
  405671:	48 89 75 f0          	mov    QWORD PTR [rbp-0x10],rsi
  405675:	48 89 55 e8          	mov    QWORD PTR [rbp-0x18],rdx
  405679:	48 8b 55 e8          	mov    rdx,QWORD PTR [rbp-0x18]
  40567d:	48 8b 4d f0          	mov    rcx,QWORD PTR [rbp-0x10]
  405681:	48 8b 45 f8          	mov    rax,QWORD PTR [rbp-0x8]
  405685:	48 89 ce             	mov    rsi,rcx
  405688:	48 89 c7             	mov    rdi,rax
  40568b:	e8 1e 03 00 00       	call   4059ae <_ZN9__gnu_cxx13new_allocatorImE10deallocateEPmm>
  405690:	90                   	nop
  405691:	c9                   	leave  
  405692:	c3                   	ret    

0000000000405693 <_ZSt25__uninitialized_default_nIPmmET_S1_T0_>:
  405693:	55                   	push   rbp
  405694:	48 89 e5             	mov    rbp,rsp
  405697:	48 83 ec 20          	sub    rsp,0x20
  40569b:	48 89 7d e8          	mov    QWORD PTR [rbp-0x18],rdi
  40569f:	48 89 75 e0          	mov    QWORD PTR [rbp-0x20],rsi
  4056a3:	c6 45 ff 01          	mov    BYTE PTR [rbp-0x1],0x1
  4056a7:	48 8b 55 e0          	mov    rdx,QWORD PTR [rbp-0x20]
  4056ab:	48 8b 45 e8          	mov    rax,QWORD PTR [rbp-0x18]
  4056af:	48 89 d6             	mov    rsi,rdx
  4056b2:	48 89 c7             	mov    rdi,rax
  4056b5:	e8 25 03 00 00       	call   4059df <_ZNSt27__uninitialized_default_n_1ILb1EE18__uninit_default_nIPmmEET_S3_T0_>
  4056ba:	c9                   	leave  
  4056bb:	c3                   	ret    

00000000004056bc <_ZNSt12_Destroy_auxILb1EE9__destroyIPmEEvT_S3_>:
  4056bc:	55                   	push   rbp
  4056bd:	48 89 e5             	mov    rbp,rsp
  4056c0:	48 89 7d f8          	mov    QWORD PTR [rbp-0x8],rdi
  4056c4:	48 89 75 f0          	mov    QWORD PTR [rbp-0x10],rsi
  4056c8:	90                   	nop
  4056c9:	5d                   	pop    rbp
  4056ca:	c3                   	ret    

00000000004056cb <_ZNSt8__detail4_ModImLm4294967296ELm1ELm0ELb1ELb1EE6__calcEm>:
  4056cb:	55                   	push   rbp
  4056cc:	48 89 e5             	mov    rbp,rsp
  4056cf:	48 89 7d e8          	mov    QWORD PTR [rbp-0x18],rdi
  4056d3:	48 8b 45 e8          	mov    rax,QWORD PTR [rbp-0x18]
  4056d7:	48 89 45 f8          	mov    QWORD PTR [rbp-0x8],rax
  4056db:	b8 ff ff ff ff       	mov    eax,0xffffffff
  4056e0:	48 21 45 f8          	and    QWORD PTR [rbp-0x8],rax
  4056e4:	48 8b 45 f8          	mov    rax,QWORD PTR [rbp-0x8]
  4056e8:	5d                   	pop    rbp
  4056e9:	c3                   	ret    

00000000004056ea <_ZNSt8__detail4_ModImLm624ELm1ELm0ELb1ELb1EE6__calcEm>:
  4056ea:	55                   	push   rbp
  4056eb:	48 89 e5             	mov    rbp,rsp
  4056ee:	48 89 7d e8          	mov    QWORD PTR [rbp-0x18],rdi
  4056f2:	48 8b 45 e8          	mov    rax,QWORD PTR [rbp-0x18]
  4056f6:	48 89 45 f8          	mov    QWORD PTR [rbp-0x8],rax
  4056fa:	48 8b 4d f8          	mov    rcx,QWORD PTR [rbp-0x8]
  4056fe:	48 89 c8             	mov    rax,rcx
  405701:	48 c1 e8 04          	shr    rax,0x4
  405705:	48 ba 21 0d d2 20 0d 	movabs rdx,0xd20d20d20d20d21
  40570c:	d2 20 0d 
  40570f:	48 f7 e2             	mul    rdx
  405712:	48 89 d0             	mov    rax,rdx
  405715:	48 d1 e8             	shr    rax,1
  405718:	48 69 d0 70 02 00 00 	imul   rdx,rax,0x270
  40571f:	48 89 c8             	mov    rax,rcx
  405722:	48 29 d0             	sub    rax,rdx
  405725:	48 89 45 f8          	mov    QWORD PTR [rbp-0x8],rax
  405729:	48 8b 45 f8          	mov    rax,QWORD PTR [rbp-0x8]
  40572d:	5d                   	pop    rbp
  40572e:	c3                   	ret    

000000000040572f <_ZSt7forwardImEOT_RNSt16remove_referenceIS0_E4typeE>:
  40572f:	55                   	push   rbp
  405730:	48 89 e5             	mov    rbp,rsp
  405733:	48 89 7d f8          	mov    QWORD PTR [rbp-0x8],rdi
  405737:	48 8b 45 f8          	mov    rax,QWORD PTR [rbp-0x8]
  40573b:	5d                   	pop    rbp
  40573c:	c3                   	ret    
  40573d:	90                   	nop

000000000040573e <_ZNSt4pairImmEC1ImmLb1EEEOT_OT0_>:
  40573e:	55                   	push   rbp
  40573f:	48 89 e5             	mov    rbp,rsp
  405742:	48 83 ec 20          	sub    rsp,0x20
  405746:	48 89 7d f8          	mov    QWORD PTR [rbp-0x8],rdi
  40574a:	48 89 75 f0          	mov    QWORD PTR [rbp-0x10],rsi
  40574e:	48 89 55 e8          	mov    QWORD PTR [rbp-0x18],rdx
  405752:	48 8b 45 f0          	mov    rax,QWORD PTR [rbp-0x10]
  405756:	48 89 c7             	mov    rdi,rax
  405759:	e8 d1 ff ff ff       	call   40572f <_ZSt7forwardImEOT_RNSt16remove_referenceIS0_E4typeE>
  40575e:	48 8b 10             	mov    rdx,QWORD PTR [rax]
  405761:	48 8b 45 f8          	mov    rax,QWORD PTR [rbp-0x8]
  405765:	48 89 10             	mov    QWORD PTR [rax],rdx
  405768:	48 8b 45 e8          	mov    rax,QWORD PTR [rbp-0x18]
  40576c:	48 89 c7             	mov    rdi,rax
  40576f:	e8 bb ff ff ff       	call   40572f <_ZSt7forwardImEOT_RNSt16remove_referenceIS0_E4typeE>
  405774:	48 8b 10             	mov    rdx,QWORD PTR [rax]
  405777:	48 8b 45 f8          	mov    rax,QWORD PTR [rbp-0x8]
  40577b:	48 89 50 08          	mov    QWORD PTR [rax+0x8],rdx
  40577f:	90                   	nop
  405780:	c9                   	leave  
  405781:	c3                   	ret    

0000000000405782 <_ZNSt23mersenne_twister_engineImLm32ELm624ELm397ELm31ELm2567483615ELm11ELm4294967295ELm7ELm2636928640ELm15ELm4022730752ELm18ELm1812433253EE11_M_gen_randEv>:
  405782:	55                   	push   rbp
  405783:	48 89 e5             	mov    rbp,rsp
  405786:	48 89 7d b8          	mov    QWORD PTR [rbp-0x48],rdi
  40578a:	48 c7 45 e8 00 00 00 	mov    QWORD PTR [rbp-0x18],0xffffffff80000000
  405791:	80 
  405792:	48 c7 45 e0 ff ff ff 	mov    QWORD PTR [rbp-0x20],0x7fffffff
  405799:	7f 
  40579a:	48 c7 45 f8 00 00 00 	mov    QWORD PTR [rbp-0x8],0x0
  4057a1:	00 
  4057a2:	eb 7d                	jmp    405821 <_ZNSt23mersenne_twister_engineImLm32ELm624ELm397ELm31ELm2567483615ELm11ELm4294967295ELm7ELm2636928640ELm15ELm4022730752ELm18ELm1812433253EE11_M_gen_randEv+0x9f>
  4057a4:	48 8b 45 b8          	mov    rax,QWORD PTR [rbp-0x48]
  4057a8:	48 8b 55 f8          	mov    rdx,QWORD PTR [rbp-0x8]
  4057ac:	48 8b 04 d0          	mov    rax,QWORD PTR [rax+rdx*8]
  4057b0:	48 25 00 00 00 80    	and    rax,0xffffffff80000000
  4057b6:	48 89 c1             	mov    rcx,rax
  4057b9:	48 8b 45 f8          	mov    rax,QWORD PTR [rbp-0x8]
  4057bd:	48 8d 50 01          	lea    rdx,[rax+0x1]
  4057c1:	48 8b 45 b8          	mov    rax,QWORD PTR [rbp-0x48]
  4057c5:	48 8b 04 d0          	mov    rax,QWORD PTR [rax+rdx*8]
  4057c9:	25 ff ff ff 7f       	and    eax,0x7fffffff
  4057ce:	48 09 c8             	or     rax,rcx
  4057d1:	48 89 45 c8          	mov    QWORD PTR [rbp-0x38],rax
  4057d5:	48 8b 45 f8          	mov    rax,QWORD PTR [rbp-0x8]
  4057d9:	48 8d 90 8d 01 00 00 	lea    rdx,[rax+0x18d]
  4057e0:	48 8b 45 b8          	mov    rax,QWORD PTR [rbp-0x48]
  4057e4:	48 8b 14 d0          	mov    rdx,QWORD PTR [rax+rdx*8]
  4057e8:	48 8b 45 c8          	mov    rax,QWORD PTR [rbp-0x38]
  4057ec:	48 d1 e8             	shr    rax,1
  4057ef:	48 31 c2             	xor    rdx,rax
  4057f2:	48 8b 45 c8          	mov    rax,QWORD PTR [rbp-0x38]
  4057f6:	83 e0 01             	and    eax,0x1
  4057f9:	48 85 c0             	test   rax,rax
  4057fc:	74 07                	je     405805 <_ZNSt23mersenne_twister_engineImLm32ELm624ELm397ELm31ELm2567483615ELm11ELm4294967295ELm7ELm2636928640ELm15ELm4022730752ELm18ELm1812433253EE11_M_gen_randEv+0x83>
  4057fe:	b8 df b0 08 99       	mov    eax,0x9908b0df
  405803:	eb 05                	jmp    40580a <_ZNSt23mersenne_twister_engineImLm32ELm624ELm397ELm31ELm2567483615ELm11ELm4294967295ELm7ELm2636928640ELm15ELm4022730752ELm18ELm1812433253EE11_M_gen_randEv+0x88>
  405805:	b8 00 00 00 00       	mov    eax,0x0
  40580a:	48 31 d0             	xor    rax,rdx
  40580d:	48 89 c1             	mov    rcx,rax
  405810:	48 8b 45 b8          	mov    rax,QWORD PTR [rbp-0x48]
  405814:	48 8b 55 f8          	mov    rdx,QWORD PTR [rbp-0x8]
  405818:	48 89 0c d0          	mov    QWORD PTR [rax+rdx*8],rcx
  40581c:	48 83 45 f8 01       	add    QWORD PTR [rbp-0x8],0x1
  405821:	48 81 7d f8 e2 00 00 	cmp    QWORD PTR [rbp-0x8],0xe2
  405828:	00 
  405829:	0f 86 75 ff ff ff    	jbe    4057a4 <_ZNSt23mersenne_twister_engineImLm32ELm624ELm397ELm31ELm2567483615ELm11ELm4294967295ELm7ELm2636928640ELm15ELm4022730752ELm18ELm1812433253EE11_M_gen_randEv+0x22>
  40582f:	48 c7 45 f0 e3 00 00 	mov    QWORD PTR [rbp-0x10],0xe3
  405836:	00 
  405837:	eb 7d                	jmp    4058b6 <_ZNSt23mersenne_twister_engineImLm32ELm624ELm397ELm31ELm2567483615ELm11ELm4294967295ELm7ELm2636928640ELm15ELm4022730752ELm18ELm1812433253EE11_M_gen_randEv+0x134>
  405839:	48 8b 45 b8          	mov    rax,QWORD PTR [rbp-0x48]
  40583d:	48 8b 55 f0          	mov    rdx,QWORD PTR [rbp-0x10]
  405841:	48 8b 04 d0          	mov    rax,QWORD PTR [rax+rdx*8]
  405845:	48 25 00 00 00 80    	and    rax,0xffffffff80000000
  40584b:	48 89 c1             	mov    rcx,rax
  40584e:	48 8b 45 f0          	mov    rax,QWORD PTR [rbp-0x10]
  405852:	48 8d 50 01          	lea    rdx,[rax+0x1]
  405856:	48 8b 45 b8          	mov    rax,QWORD PTR [rbp-0x48]
  40585a:	48 8b 04 d0          	mov    rax,QWORD PTR [rax+rdx*8]
  40585e:	25 ff ff ff 7f       	and    eax,0x7fffffff
  405863:	48 09 c8             	or     rax,rcx
  405866:	48 89 45 d0          	mov    QWORD PTR [rbp-0x30],rax
  40586a:	48 8b 45 f0          	mov    rax,QWORD PTR [rbp-0x10]
  40586e:	48 8d 90 1d ff ff ff 	lea    rdx,[rax-0xe3]
  405875:	48 8b 45 b8          	mov    rax,QWORD PTR [rbp-0x48]
  405879:	48 8b 14 d0          	mov    rdx,QWORD PTR [rax+rdx*8]
  40587d:	48 8b 45 d0          	mov    rax,QWORD PTR [rbp-0x30]
  405881:	48 d1 e8             	shr    rax,1
  405884:	48 31 c2             	xor    rdx,rax
  405887:	48 8b 45 d0          	mov    rax,QWORD PTR [rbp-0x30]
  40588b:	83 e0 01             	and    eax,0x1
  40588e:	48 85 c0             	test   rax,rax
  405891:	74 07                	je     40589a <_ZNSt23mersenne_twister_engineImLm32ELm624ELm397ELm31ELm2567483615ELm11ELm4294967295ELm7ELm2636928640ELm15ELm4022730752ELm18ELm1812433253EE11_M_gen_randEv+0x118>
  405893:	b8 df b0 08 99       	mov    eax,0x9908b0df
  405898:	eb 05                	jmp    40589f <_ZNSt23mersenne_twister_engineImLm32ELm624ELm397ELm31ELm2567483615ELm11ELm4294967295ELm7ELm2636928640ELm15ELm4022730752ELm18ELm1812433253EE11_M_gen_randEv+0x11d>
  40589a:	b8 00 00 00 00       	mov    eax,0x0
  40589f:	48 31 d0             	xor    rax,rdx
  4058a2:	48 89 c1             	mov    rcx,rax
  4058a5:	48 8b 45 b8          	mov    rax,QWORD PTR [rbp-0x48]
  4058a9:	48 8b 55 f0          	mov    rdx,QWORD PTR [rbp-0x10]
  4058ad:	48 89 0c d0          	mov    QWORD PTR [rax+rdx*8],rcx
  4058b1:	48 83 45 f0 01       	add    QWORD PTR [rbp-0x10],0x1
  4058b6:	48 81 7d f0 6e 02 00 	cmp    QWORD PTR [rbp-0x10],0x26e
  4058bd:	00 
  4058be:	0f 86 75 ff ff ff    	jbe    405839 <_ZNSt23mersenne_twister_engineImLm32ELm624ELm397ELm31ELm2567483615ELm11ELm4294967295ELm7ELm2636928640ELm15ELm4022730752ELm18ELm1812433253EE11_M_gen_randEv+0xb7>
  4058c4:	48 8b 45 b8          	mov    rax,QWORD PTR [rbp-0x48]
  4058c8:	48 8b 80 78 13 00 00 	mov    rax,QWORD PTR [rax+0x1378]
  4058cf:	48 25 00 00 00 80    	and    rax,0xffffffff80000000
  4058d5:	48 89 c2             	mov    rdx,rax
  4058d8:	48 8b 45 b8          	mov    rax,QWORD PTR [rbp-0x48]
  4058dc:	48 8b 00             	mov    rax,QWORD PTR [rax]
  4058df:	25 ff ff ff 7f       	and    eax,0x7fffffff
  4058e4:	48 09 d0             	or     rax,rdx
  4058e7:	48 89 45 d8          	mov    QWORD PTR [rbp-0x28],rax
  4058eb:	48 8b 45 b8          	mov    rax,QWORD PTR [rbp-0x48]
  4058ef:	48 8b 90 60 0c 00 00 	mov    rdx,QWORD PTR [rax+0xc60]
  4058f6:	48 8b 45 d8          	mov    rax,QWORD PTR [rbp-0x28]
  4058fa:	48 d1 e8             	shr    rax,1
  4058fd:	48 31 c2             	xor    rdx,rax
  405900:	48 8b 45 d8          	mov    rax,QWORD PTR [rbp-0x28]
  405904:	83 e0 01             	and    eax,0x1
  405907:	48 85 c0             	test   rax,rax
  40590a:	74 07                	je     405913 <_ZNSt23mersenne_twister_engineImLm32ELm624ELm397ELm31ELm2567483615ELm11ELm4294967295ELm7ELm2636928640ELm15ELm4022730752ELm18ELm1812433253EE11_M_gen_randEv+0x191>
  40590c:	b8 df b0 08 99       	mov    eax,0x9908b0df
  405911:	eb 05                	jmp    405918 <_ZNSt23mersenne_twister_engineImLm32ELm624ELm397ELm31ELm2567483615ELm11ELm4294967295ELm7ELm2636928640ELm15ELm4022730752ELm18ELm1812433253EE11_M_gen_randEv+0x196>
  405913:	b8 00 00 00 00       	mov    eax,0x0
  405918:	48 31 c2             	xor    rdx,rax
  40591b:	48 8b 45 b8          	mov    rax,QWORD PTR [rbp-0x48]
  40591f:	48 89 90 78 13 00 00 	mov    QWORD PTR [rax+0x1378],rdx
  405926:	48 8b 45 b8          	mov    rax,QWORD PTR [rbp-0x48]
  40592a:	48 c7 80 80 13 00 00 	mov    QWORD PTR [rax+0x1380],0x0
  405931:	00 00 00 00 
  405935:	90                   	nop
  405936:	5d                   	pop    rbp
  405937:	c3                   	ret    

0000000000405938 <_ZSt20uninitialized_fill_nIPmmmET_S1_T0_RKT1_>:
  405938:	55                   	push   rbp
  405939:	48 89 e5             	mov    rbp,rsp
  40593c:	48 83 ec 30          	sub    rsp,0x30
  405940:	48 89 7d e8          	mov    QWORD PTR [rbp-0x18],rdi
  405944:	48 89 75 e0          	mov    QWORD PTR [rbp-0x20],rsi
  405948:	48 89 55 d8          	mov    QWORD PTR [rbp-0x28],rdx
  40594c:	c6 45 ff 01          	mov    BYTE PTR [rbp-0x1],0x1
  405950:	48 8b 55 d8          	mov    rdx,QWORD PTR [rbp-0x28]
  405954:	48 8b 4d e0          	mov    rcx,QWORD PTR [rbp-0x20]
  405958:	48 8b 45 e8          	mov    rax,QWORD PTR [rbp-0x18]
  40595c:	48 89 ce             	mov    rsi,rcx
  40595f:	48 89 c7             	mov    rdi,rax
  405962:	e8 d5 00 00 00       	call   405a3c <_ZNSt22__uninitialized_fill_nILb1EE15__uninit_fill_nIPmmmEET_S3_T0_RKT1_>
  405967:	c9                   	leave  
  405968:	c3                   	ret    
  405969:	90                   	nop

000000000040596a <_ZNK9__gnu_cxx13new_allocatorImE8max_sizeEv>:
  40596a:	55                   	push   rbp
  40596b:	48 89 e5             	mov    rbp,rsp
  40596e:	48 83 ec 10          	sub    rsp,0x10
  405972:	48 89 7d f8          	mov    QWORD PTR [rbp-0x8],rdi
  405976:	48 8b 45 f8          	mov    rax,QWORD PTR [rbp-0x8]
  40597a:	48 89 c7             	mov    rdi,rax
  40597d:	e8 e8 00 00 00       	call   405a6a <_ZNK9__gnu_cxx13new_allocatorImE11_M_max_sizeEv>
  405982:	c9                   	leave  
  405983:	c3                   	ret    

0000000000405984 <_ZNSt16allocator_traitsISaImEE8allocateERS0_m>:
  405984:	55                   	push   rbp
  405985:	48 89 e5             	mov    rbp,rsp
  405988:	48 83 ec 10          	sub    rsp,0x10
  40598c:	48 89 7d f8          	mov    QWORD PTR [rbp-0x8],rdi
  405990:	48 89 75 f0          	mov    QWORD PTR [rbp-0x10],rsi
  405994:	48 8b 4d f0          	mov    rcx,QWORD PTR [rbp-0x10]
  405998:	48 8b 45 f8          	mov    rax,QWORD PTR [rbp-0x8]
  40599c:	ba 00 00 00 00       	mov    edx,0x0
  4059a1:	48 89 ce             	mov    rsi,rcx
  4059a4:	48 89 c7             	mov    rdi,rax
  4059a7:	e8 d2 00 00 00       	call   405a7e <_ZN9__gnu_cxx13new_allocatorImE8allocateEmPKv>
  4059ac:	c9                   	leave  
  4059ad:	c3                   	ret    

00000000004059ae <_ZN9__gnu_cxx13new_allocatorImE10deallocateEPmm>:
  4059ae:	55                   	push   rbp
  4059af:	48 89 e5             	mov    rbp,rsp
  4059b2:	48 83 ec 20          	sub    rsp,0x20
  4059b6:	48 89 7d f8          	mov    QWORD PTR [rbp-0x8],rdi
  4059ba:	48 89 75 f0          	mov    QWORD PTR [rbp-0x10],rsi
  4059be:	48 89 55 e8          	mov    QWORD PTR [rbp-0x18],rdx
  4059c2:	48 8b 45 f0          	mov    rax,QWORD PTR [rbp-0x10]
  4059c6:	48 89 c7             	mov    rdi,rax
  4059c9:	e8 62 c7 ff ff       	call   402130 <_ZdlPv@plt>
  4059ce:	90                   	nop
  4059cf:	c9                   	leave  
  4059d0:	c3                   	ret    

00000000004059d1 <_ZSt11__addressofImEPT_RS0_>:
  4059d1:	55                   	push   rbp
  4059d2:	48 89 e5             	mov    rbp,rsp
  4059d5:	48 89 7d f8          	mov    QWORD PTR [rbp-0x8],rdi
  4059d9:	48 8b 45 f8          	mov    rax,QWORD PTR [rbp-0x8]
  4059dd:	5d                   	pop    rbp
  4059de:	c3                   	ret    

00000000004059df <_ZNSt27__uninitialized_default_n_1ILb1EE18__uninit_default_nIPmmEET_S3_T0_>:
  4059df:	55                   	push   rbp
  4059e0:	48 89 e5             	mov    rbp,rsp
  4059e3:	48 83 ec 20          	sub    rsp,0x20
  4059e7:	48 89 7d e8          	mov    QWORD PTR [rbp-0x18],rdi
  4059eb:	48 89 75 e0          	mov    QWORD PTR [rbp-0x20],rsi
  4059ef:	48 83 7d e0 00       	cmp    QWORD PTR [rbp-0x20],0x0
  4059f4:	74 40                	je     405a36 <_ZNSt27__uninitialized_default_n_1ILb1EE18__uninit_default_nIPmmEET_S3_T0_+0x57>
  4059f6:	48 8b 45 e8          	mov    rax,QWORD PTR [rbp-0x18]
  4059fa:	48 89 c7             	mov    rdi,rax
  4059fd:	e8 cf ff ff ff       	call   4059d1 <_ZSt11__addressofImEPT_RS0_>
  405a02:	48 89 45 f8          	mov    QWORD PTR [rbp-0x8],rax
  405a06:	48 8b 45 f8          	mov    rax,QWORD PTR [rbp-0x8]
  405a0a:	48 89 c7             	mov    rdi,rax
  405a0d:	e8 cc 00 00 00       	call   405ade <_ZSt10_ConstructImJEEvPT_DpOT0_>
  405a12:	48 83 45 e8 08       	add    QWORD PTR [rbp-0x18],0x8
  405a17:	48 8b 45 e0          	mov    rax,QWORD PTR [rbp-0x20]
  405a1b:	48 8d 48 ff          	lea    rcx,[rax-0x1]
  405a1f:	48 8b 55 f8          	mov    rdx,QWORD PTR [rbp-0x8]
  405a23:	48 8b 45 e8          	mov    rax,QWORD PTR [rbp-0x18]
  405a27:	48 89 ce             	mov    rsi,rcx
  405a2a:	48 89 c7             	mov    rdi,rax
  405a2d:	e8 d3 00 00 00       	call   405b05 <_ZSt6fill_nIPmmmET_S1_T0_RKT1_>
  405a32:	48 89 45 e8          	mov    QWORD PTR [rbp-0x18],rax
  405a36:	48 8b 45 e8          	mov    rax,QWORD PTR [rbp-0x18]
  405a3a:	c9                   	leave  
  405a3b:	c3                   	ret    

0000000000405a3c <_ZNSt22__uninitialized_fill_nILb1EE15__uninit_fill_nIPmmmEET_S3_T0_RKT1_>:
  405a3c:	55                   	push   rbp
  405a3d:	48 89 e5             	mov    rbp,rsp
  405a40:	48 83 ec 20          	sub    rsp,0x20
  405a44:	48 89 7d f8          	mov    QWORD PTR [rbp-0x8],rdi
  405a48:	48 89 75 f0          	mov    QWORD PTR [rbp-0x10],rsi
  405a4c:	48 89 55 e8          	mov    QWORD PTR [rbp-0x18],rdx
  405a50:	48 8b 55 e8          	mov    rdx,QWORD PTR [rbp-0x18]
  405a54:	48 8b 4d f0          	mov    rcx,QWORD PTR [rbp-0x10]
  405a58:	48 8b 45 f8          	mov    rax,QWORD PTR [rbp-0x8]
  405a5c:	48 89 ce             	mov    rsi,rcx
  405a5f:	48 89 c7             	mov    rdi,rax
  405a62:	e8 9e 00 00 00       	call   405b05 <_ZSt6fill_nIPmmmET_S1_T0_RKT1_>
  405a67:	c9                   	leave  
  405a68:	c3                   	ret    
  405a69:	90                   	nop

0000000000405a6a <_ZNK9__gnu_cxx13new_allocatorImE11_M_max_sizeEv>:
  405a6a:	55                   	push   rbp
  405a6b:	48 89 e5             	mov    rbp,rsp
  405a6e:	48 89 7d f8          	mov    QWORD PTR [rbp-0x8],rdi
  405a72:	48 b8 ff ff ff ff ff 	movabs rax,0xfffffffffffffff
  405a79:	ff ff 0f 
  405a7c:	5d                   	pop    rbp
  405a7d:	c3                   	ret    

0000000000405a7e <_ZN9__gnu_cxx13new_allocatorImE8allocateEmPKv>:
  405a7e:	55                   	push   rbp
  405a7f:	48 89 e5             	mov    rbp,rsp
  405a82:	48 83 ec 20          	sub    rsp,0x20
  405a86:	48 89 7d f8          	mov    QWORD PTR [rbp-0x8],rdi
  405a8a:	48 89 75 f0          	mov    QWORD PTR [rbp-0x10],rsi
  405a8e:	48 89 55 e8          	mov    QWORD PTR [rbp-0x18],rdx
  405a92:	48 8b 45 f8          	mov    rax,QWORD PTR [rbp-0x8]
  405a96:	48 89 c7             	mov    rdi,rax
  405a99:	e8 cc ff ff ff       	call   405a6a <_ZNK9__gnu_cxx13new_allocatorImE11_M_max_sizeEv>
  405a9e:	48 39 45 f0          	cmp    QWORD PTR [rbp-0x10],rax
  405aa2:	0f 97 c0             	seta   al
  405aa5:	0f b6 c0             	movzx  eax,al
  405aa8:	48 85 c0             	test   rax,rax
  405aab:	0f 95 c0             	setne  al
  405aae:	84 c0                	test   al,al
  405ab0:	74 1a                	je     405acc <_ZN9__gnu_cxx13new_allocatorImE8allocateEmPKv+0x4e>
  405ab2:	48 b8 ff ff ff ff ff 	movabs rax,0x1fffffffffffffff
  405ab9:	ff ff 1f 
  405abc:	48 39 45 f0          	cmp    QWORD PTR [rbp-0x10],rax
  405ac0:	76 05                	jbe    405ac7 <_ZN9__gnu_cxx13new_allocatorImE8allocateEmPKv+0x49>
  405ac2:	e8 29 c6 ff ff       	call   4020f0 <_ZSt28__throw_bad_array_new_lengthv@plt>
  405ac7:	e8 a4 c5 ff ff       	call   402070 <_ZSt17__throw_bad_allocv@plt>
  405acc:	48 8b 45 f0          	mov    rax,QWORD PTR [rbp-0x10]
  405ad0:	48 c1 e0 03          	shl    rax,0x3
  405ad4:	48 89 c7             	mov    rdi,rax
  405ad7:	e8 94 c6 ff ff       	call   402170 <_Znwm@plt>
  405adc:	c9                   	leave  
  405add:	c3                   	ret    

0000000000405ade <_ZSt10_ConstructImJEEvPT_DpOT0_>:
  405ade:	55                   	push   rbp
  405adf:	48 89 e5             	mov    rbp,rsp
  405ae2:	48 83 ec 10          	sub    rsp,0x10
  405ae6:	48 89 7d f8          	mov    QWORD PTR [rbp-0x8],rdi
  405aea:	48 8b 45 f8          	mov    rax,QWORD PTR [rbp-0x8]
  405aee:	48 89 c6             	mov    rsi,rax
  405af1:	bf 08 00 00 00       	mov    edi,0x8
  405af6:	e8 e6 e8 ff ff       	call   4043e1 <_ZnwmPv>
  405afb:	48 c7 00 00 00 00 00 	mov    QWORD PTR [rax],0x0
  405b02:	90                   	nop
  405b03:	c9                   	leave  
  405b04:	c3                   	ret    

0000000000405b05 <_ZSt6fill_nIPmmmET_S1_T0_RKT1_>:
  405b05:	55                   	push   rbp
  405b06:	48 89 e5             	mov    rbp,rsp
  405b09:	48 83 ec 20          	sub    rsp,0x20
  405b0d:	48 89 7d f8          	mov    QWORD PTR [rbp-0x8],rdi
  405b11:	48 89 75 f0          	mov    QWORD PTR [rbp-0x10],rsi
  405b15:	48 89 55 e8          	mov    QWORD PTR [rbp-0x18],rdx
  405b19:	48 8d 45 f8          	lea    rax,[rbp-0x8]
  405b1d:	48 89 c7             	mov    rdi,rax
  405b20:	e8 24 00 00 00       	call   405b49 <_ZSt19__iterator_categoryIPmENSt15iterator_traitsIT_E17iterator_categoryERKS2_>
  405b25:	48 8b 45 f0          	mov    rax,QWORD PTR [rbp-0x10]
  405b29:	48 89 c7             	mov    rdi,rax
  405b2c:	e8 c2 e8 ff ff       	call   4043f3 <_ZSt17__size_to_integerm>
  405b31:	48 89 c1             	mov    rcx,rax
  405b34:	48 8b 45 f8          	mov    rax,QWORD PTR [rbp-0x8]
  405b38:	48 8b 55 e8          	mov    rdx,QWORD PTR [rbp-0x18]
  405b3c:	48 89 ce             	mov    rsi,rcx
  405b3f:	48 89 c7             	mov    rdi,rax
  405b42:	e8 0d 00 00 00       	call   405b54 <_ZSt10__fill_n_aIPmmmET_S1_T0_RKT1_St26random_access_iterator_tag>
  405b47:	c9                   	leave  
  405b48:	c3                   	ret    

0000000000405b49 <_ZSt19__iterator_categoryIPmENSt15iterator_traitsIT_E17iterator_categoryERKS2_>:
  405b49:	55                   	push   rbp
  405b4a:	48 89 e5             	mov    rbp,rsp
  405b4d:	48 89 7d f8          	mov    QWORD PTR [rbp-0x8],rdi
  405b51:	90                   	nop
  405b52:	5d                   	pop    rbp
  405b53:	c3                   	ret    

0000000000405b54 <_ZSt10__fill_n_aIPmmmET_S1_T0_RKT1_St26random_access_iterator_tag>:
  405b54:	55                   	push   rbp
  405b55:	48 89 e5             	mov    rbp,rsp
  405b58:	48 83 ec 20          	sub    rsp,0x20
  405b5c:	48 89 7d f8          	mov    QWORD PTR [rbp-0x8],rdi
  405b60:	48 89 75 f0          	mov    QWORD PTR [rbp-0x10],rsi
  405b64:	48 89 55 e8          	mov    QWORD PTR [rbp-0x18],rdx
  405b68:	48 83 7d f0 00       	cmp    QWORD PTR [rbp-0x10],0x0
  405b6d:	75 06                	jne    405b75 <_ZSt10__fill_n_aIPmmmET_S1_T0_RKT1_St26random_access_iterator_tag+0x21>
  405b6f:	48 8b 45 f8          	mov    rax,QWORD PTR [rbp-0x8]
  405b73:	eb 3a                	jmp    405baf <_ZSt10__fill_n_aIPmmmET_S1_T0_RKT1_St26random_access_iterator_tag+0x5b>
  405b75:	48 8b 45 f0          	mov    rax,QWORD PTR [rbp-0x10]
  405b79:	48 8d 14 c5 00 00 00 	lea    rdx,[rax*8+0x0]
  405b80:	00 
  405b81:	48 8b 45 f8          	mov    rax,QWORD PTR [rbp-0x8]
  405b85:	48 8d 0c 02          	lea    rcx,[rdx+rax*1]
  405b89:	48 8b 55 e8          	mov    rdx,QWORD PTR [rbp-0x18]
  405b8d:	48 8b 45 f8          	mov    rax,QWORD PTR [rbp-0x8]
  405b91:	48 89 ce             	mov    rsi,rcx
  405b94:	48 89 c7             	mov    rdi,rax
  405b97:	e8 15 00 00 00       	call   405bb1 <_ZSt8__fill_aIPmmEvT_S1_RKT0_>
  405b9c:	48 8b 45 f0          	mov    rax,QWORD PTR [rbp-0x10]
  405ba0:	48 8d 14 c5 00 00 00 	lea    rdx,[rax*8+0x0]
  405ba7:	00 
  405ba8:	48 8b 45 f8          	mov    rax,QWORD PTR [rbp-0x8]
  405bac:	48 01 d0             	add    rax,rdx
  405baf:	c9                   	leave  
  405bb0:	c3                   	ret    

0000000000405bb1 <_ZSt8__fill_aIPmmEvT_S1_RKT0_>:
  405bb1:	55                   	push   rbp
  405bb2:	48 89 e5             	mov    rbp,rsp
  405bb5:	48 83 ec 20          	sub    rsp,0x20
  405bb9:	48 89 7d f8          	mov    QWORD PTR [rbp-0x8],rdi
  405bbd:	48 89 75 f0          	mov    QWORD PTR [rbp-0x10],rsi
  405bc1:	48 89 55 e8          	mov    QWORD PTR [rbp-0x18],rdx
  405bc5:	48 8b 55 e8          	mov    rdx,QWORD PTR [rbp-0x18]
  405bc9:	48 8b 4d f0          	mov    rcx,QWORD PTR [rbp-0x10]
  405bcd:	48 8b 45 f8          	mov    rax,QWORD PTR [rbp-0x8]
  405bd1:	48 89 ce             	mov    rsi,rcx
  405bd4:	48 89 c7             	mov    rdi,rax
  405bd7:	e8 03 00 00 00       	call   405bdf <_ZSt9__fill_a1IPmmEN9__gnu_cxx11__enable_ifIXsrSt11__is_scalarIT0_E7__valueEvE6__typeET_S8_RKS4_>
  405bdc:	90                   	nop
  405bdd:	c9                   	leave  
  405bde:	c3                   	ret    

0000000000405bdf <_ZSt9__fill_a1IPmmEN9__gnu_cxx11__enable_ifIXsrSt11__is_scalarIT0_E7__valueEvE6__typeET_S8_RKS4_>:
  405bdf:	55                   	push   rbp
  405be0:	48 89 e5             	mov    rbp,rsp
  405be3:	48 89 7d e8          	mov    QWORD PTR [rbp-0x18],rdi
  405be7:	48 89 75 e0          	mov    QWORD PTR [rbp-0x20],rsi
  405beb:	48 89 55 d8          	mov    QWORD PTR [rbp-0x28],rdx
  405bef:	48 8b 45 d8          	mov    rax,QWORD PTR [rbp-0x28]
  405bf3:	48 8b 00             	mov    rax,QWORD PTR [rax]
  405bf6:	48 89 45 f8          	mov    QWORD PTR [rbp-0x8],rax
  405bfa:	eb 10                	jmp    405c0c <_ZSt9__fill_a1IPmmEN9__gnu_cxx11__enable_ifIXsrSt11__is_scalarIT0_E7__valueEvE6__typeET_S8_RKS4_+0x2d>
  405bfc:	48 8b 45 e8          	mov    rax,QWORD PTR [rbp-0x18]
  405c00:	48 8b 55 f8          	mov    rdx,QWORD PTR [rbp-0x8]
  405c04:	48 89 10             	mov    QWORD PTR [rax],rdx
  405c07:	48 83 45 e8 08       	add    QWORD PTR [rbp-0x18],0x8
  405c0c:	48 8b 45 e8          	mov    rax,QWORD PTR [rbp-0x18]
  405c10:	48 3b 45 e0          	cmp    rax,QWORD PTR [rbp-0x20]
  405c14:	75 e6                	jne    405bfc <_ZSt9__fill_a1IPmmEN9__gnu_cxx11__enable_ifIXsrSt11__is_scalarIT0_E7__valueEvE6__typeET_S8_RKS4_+0x1d>
  405c16:	90                   	nop
  405c17:	90                   	nop
  405c18:	5d                   	pop    rbp
  405c19:	c3                   	ret    

Disassembly of section .fini:

0000000000405c1c <_fini>:
  405c1c:	f3 0f 1e fa          	endbr64 
  405c20:	48 83 ec 08          	sub    rsp,0x8
  405c24:	48 83 c4 08          	add    rsp,0x8
  405c28:	c3                   	ret    
