
/home/swu35/ECE592-HW1/PMU-verification/line_size/build/thunderbird/line_size_pmu:     file format elf64-littleaarch64


Disassembly of section .init:

00000000004012a8 <_init>:
  4012a8:	d503201f 	nop
  4012ac:	a9bf7bfd 	stp	x29, x30, [sp, #-16]!
  4012b0:	910003fd 	mov	x29, sp
  4012b4:	940000e4 	bl	401644 <call_weak_fn>
  4012b8:	a8c17bfd 	ldp	x29, x30, [sp], #16
  4012bc:	d65f03c0 	ret

Disassembly of section .plt:

00000000004012c0 <.plt>:
  4012c0:	a9bf7bf0 	stp	x16, x30, [sp, #-16]!
  4012c4:	d00000f0 	adrp	x16, 41f000 <__FRAME_END__+0x1881c>
  4012c8:	f947fe11 	ldr	x17, [x16, #4088]
  4012cc:	913fe210 	add	x16, x16, #0xff8
  4012d0:	d61f0220 	br	x17
  4012d4:	d503201f 	nop
  4012d8:	d503201f 	nop
  4012dc:	d503201f 	nop

00000000004012e0 <fputs@plt>:
  4012e0:	f00000f0 	adrp	x16, 420000 <fputs@GLIBC_2.17>
  4012e4:	f9400211 	ldr	x17, [x16]
  4012e8:	91000210 	add	x16, x16, #0x0
  4012ec:	d61f0220 	br	x17

00000000004012f0 <_ZNKSt7__cxx1112basic_stringIcSt11char_traitsIcESaIcEE7compareEPKc@plt>:
  4012f0:	f00000f0 	adrp	x16, 420000 <fputs@GLIBC_2.17>
  4012f4:	f9400611 	ldr	x17, [x16, #8]
  4012f8:	91002210 	add	x16, x16, #0x8
  4012fc:	d61f0220 	br	x17

0000000000401300 <fprintf@plt>:
  401300:	f00000f0 	adrp	x16, 420000 <fputs@GLIBC_2.17>
  401304:	f9400a11 	ldr	x17, [x16, #16]
  401308:	91004210 	add	x16, x16, #0x10
  40130c:	d61f0220 	br	x17

0000000000401310 <_ZSt17__throw_bad_allocv@plt>:
  401310:	f00000f0 	adrp	x16, 420000 <fputs@GLIBC_2.17>
  401314:	f9400e11 	ldr	x17, [x16, #24]
  401318:	91006210 	add	x16, x16, #0x18
  40131c:	d61f0220 	br	x17

0000000000401320 <perror@plt>:
  401320:	f00000f0 	adrp	x16, 420000 <fputs@GLIBC_2.17>
  401324:	f9401211 	ldr	x17, [x16, #32]
  401328:	91008210 	add	x16, x16, #0x20
  40132c:	d61f0220 	br	x17

0000000000401330 <sched_getcpu@plt>:
  401330:	f00000f0 	adrp	x16, 420000 <fputs@GLIBC_2.17>
  401334:	f9401611 	ldr	x17, [x16, #40]
  401338:	9100a210 	add	x16, x16, #0x28
  40133c:	d61f0220 	br	x17

0000000000401340 <_ZNKSt7__cxx1112basic_stringIcSt11char_traitsIcESaIcEE5c_strEv@plt>:
  401340:	f00000f0 	adrp	x16, 420000 <fputs@GLIBC_2.17>
  401344:	f9401a11 	ldr	x17, [x16, #48]
  401348:	9100c210 	add	x16, x16, #0x30
  40134c:	d61f0220 	br	x17

0000000000401350 <fclose@plt>:
  401350:	f00000f0 	adrp	x16, 420000 <fputs@GLIBC_2.17>
  401354:	f9401e11 	ldr	x17, [x16, #56]
  401358:	9100e210 	add	x16, x16, #0x38
  40135c:	d61f0220 	br	x17

0000000000401360 <_ZSt20__throw_length_errorPKc@plt>:
  401360:	f00000f0 	adrp	x16, 420000 <fputs@GLIBC_2.17>
  401364:	f9402211 	ldr	x17, [x16, #64]
  401368:	91010210 	add	x16, x16, #0x40
  40136c:	d61f0220 	br	x17

0000000000401370 <free@plt>:
  401370:	f00000f0 	adrp	x16, 420000 <fputs@GLIBC_2.17>
  401374:	f9402611 	ldr	x17, [x16, #72]
  401378:	91012210 	add	x16, x16, #0x48
  40137c:	d61f0220 	br	x17

0000000000401380 <_ZSt24__throw_invalid_argumentPKc@plt>:
  401380:	f00000f0 	adrp	x16, 420000 <fputs@GLIBC_2.17>
  401384:	f9402a11 	ldr	x17, [x16, #80]
  401388:	91014210 	add	x16, x16, #0x50
  40138c:	d61f0220 	br	x17

0000000000401390 <_ZNSt7__cxx1112basic_stringIcSt11char_traitsIcESaIcEED1Ev@plt>:
  401390:	f00000f0 	adrp	x16, 420000 <fputs@GLIBC_2.17>
  401394:	f9402e11 	ldr	x17, [x16, #88]
  401398:	91016210 	add	x16, x16, #0x58
  40139c:	d61f0220 	br	x17

00000000004013a0 <read@plt>:
  4013a0:	f00000f0 	adrp	x16, 420000 <fputs@GLIBC_2.17>
  4013a4:	f9403211 	ldr	x17, [x16, #96]
  4013a8:	91018210 	add	x16, x16, #0x60
  4013ac:	d61f0220 	br	x17

00000000004013b0 <__libc_start_main@plt>:
  4013b0:	f00000f0 	adrp	x16, 420000 <fputs@GLIBC_2.17>
  4013b4:	f9403611 	ldr	x17, [x16, #104]
  4013b8:	9101a210 	add	x16, x16, #0x68
  4013bc:	d61f0220 	br	x17

00000000004013c0 <getrusage@plt>:
  4013c0:	f00000f0 	adrp	x16, 420000 <fputs@GLIBC_2.17>
  4013c4:	f9403a11 	ldr	x17, [x16, #112]
  4013c8:	9101c210 	add	x16, x16, #0x70
  4013cc:	d61f0220 	br	x17

00000000004013d0 <_ZSt28__throw_bad_array_new_lengthv@plt>:
  4013d0:	f00000f0 	adrp	x16, 420000 <fputs@GLIBC_2.17>
  4013d4:	f9403e11 	ldr	x17, [x16, #120]
  4013d8:	9101e210 	add	x16, x16, #0x78
  4013dc:	d61f0220 	br	x17

00000000004013e0 <ioctl@plt>:
  4013e0:	f00000f0 	adrp	x16, 420000 <fputs@GLIBC_2.17>
  4013e4:	f9404211 	ldr	x17, [x16, #128]
  4013e8:	91020210 	add	x16, x16, #0x80
  4013ec:	d61f0220 	br	x17

00000000004013f0 <syscall@plt>:
  4013f0:	f00000f0 	adrp	x16, 420000 <fputs@GLIBC_2.17>
  4013f4:	f9404611 	ldr	x17, [x16, #136]
  4013f8:	91022210 	add	x16, x16, #0x88
  4013fc:	d61f0220 	br	x17

0000000000401400 <_ZStlsIcSt11char_traitsIcESaIcEERSt13basic_ostreamIT_T0_ES7_RKNSt7__cxx1112basic_stringIS4_S5_T1_EE@plt>:
  401400:	f00000f0 	adrp	x16, 420000 <fputs@GLIBC_2.17>
  401404:	f9404a11 	ldr	x17, [x16, #144]
  401408:	91024210 	add	x16, x16, #0x90
  40140c:	d61f0220 	br	x17

0000000000401410 <_ZdlPv@plt>:
  401410:	f00000f0 	adrp	x16, 420000 <fputs@GLIBC_2.17>
  401414:	f9404e11 	ldr	x17, [x16, #152]
  401418:	91026210 	add	x16, x16, #0x98
  40141c:	d61f0220 	br	x17

0000000000401420 <_ZStlsISt11char_traitsIcEERSt13basic_ostreamIcT_ES5_PKc@plt>:
  401420:	f00000f0 	adrp	x16, 420000 <fputs@GLIBC_2.17>
  401424:	f9405211 	ldr	x17, [x16, #160]
  401428:	91028210 	add	x16, x16, #0xa0
  40142c:	d61f0220 	br	x17

0000000000401430 <_Znwm@plt>:
  401430:	f00000f0 	adrp	x16, 420000 <fputs@GLIBC_2.17>
  401434:	f9405611 	ldr	x17, [x16, #168]
  401438:	9102a210 	add	x16, x16, #0xa8
  40143c:	d61f0220 	br	x17

0000000000401440 <strncmp@plt>:
  401440:	f00000f0 	adrp	x16, 420000 <fputs@GLIBC_2.17>
  401444:	f9405a11 	ldr	x17, [x16, #176]
  401448:	9102c210 	add	x16, x16, #0xb0
  40144c:	d61f0220 	br	x17

0000000000401450 <posix_memalign@plt>:
  401450:	f00000f0 	adrp	x16, 420000 <fputs@GLIBC_2.17>
  401454:	f9405e11 	ldr	x17, [x16, #184]
  401458:	9102e210 	add	x16, x16, #0xb8
  40145c:	d61f0220 	br	x17

0000000000401460 <_ZNSaIcED1Ev@plt>:
  401460:	f00000f0 	adrp	x16, 420000 <fputs@GLIBC_2.17>
  401464:	f9406211 	ldr	x17, [x16, #192]
  401468:	91030210 	add	x16, x16, #0xc0
  40146c:	d61f0220 	br	x17

0000000000401470 <__isoc99_sscanf@plt>:
  401470:	f00000f0 	adrp	x16, 420000 <fputs@GLIBC_2.17>
  401474:	f9406611 	ldr	x17, [x16, #200]
  401478:	91032210 	add	x16, x16, #0xc8
  40147c:	d61f0220 	br	x17

0000000000401480 <__cxa_atexit@plt>:
  401480:	f00000f0 	adrp	x16, 420000 <fputs@GLIBC_2.17>
  401484:	f9406a11 	ldr	x17, [x16, #208]
  401488:	91034210 	add	x16, x16, #0xd0
  40148c:	d61f0220 	br	x17

0000000000401490 <__errno_location@plt>:
  401490:	f00000f0 	adrp	x16, 420000 <fputs@GLIBC_2.17>
  401494:	f9406e11 	ldr	x17, [x16, #216]
  401498:	91036210 	add	x16, x16, #0xd8
  40149c:	d61f0220 	br	x17

00000000004014a0 <strtoul@plt>:
  4014a0:	f00000f0 	adrp	x16, 420000 <fputs@GLIBC_2.17>
  4014a4:	f9407211 	ldr	x17, [x16, #224]
  4014a8:	91038210 	add	x16, x16, #0xe0
  4014ac:	d61f0220 	br	x17

00000000004014b0 <_ZNSt7__cxx1112basic_stringIcSt11char_traitsIcESaIcEEaSEPKc@plt>:
  4014b0:	f00000f0 	adrp	x16, 420000 <fputs@GLIBC_2.17>
  4014b4:	f9407611 	ldr	x17, [x16, #232]
  4014b8:	9103a210 	add	x16, x16, #0xe8
  4014bc:	d61f0220 	br	x17

00000000004014c0 <_ZNSt7__cxx1112basic_stringIcSt11char_traitsIcESaIcEEC1EPKcRKS3_@plt>:
  4014c0:	f00000f0 	adrp	x16, 420000 <fputs@GLIBC_2.17>
  4014c4:	f9407a11 	ldr	x17, [x16, #240]
  4014c8:	9103c210 	add	x16, x16, #0xf0
  4014cc:	d61f0220 	br	x17

00000000004014d0 <_ZNSt7__cxx1112basic_stringIcSt11char_traitsIcESaIcEEC1Ev@plt>:
  4014d0:	f00000f0 	adrp	x16, 420000 <fputs@GLIBC_2.17>
  4014d4:	f9407e11 	ldr	x17, [x16, #248]
  4014d8:	9103e210 	add	x16, x16, #0xf8
  4014dc:	d61f0220 	br	x17

00000000004014e0 <fopen@plt>:
  4014e0:	f00000f0 	adrp	x16, 420000 <fputs@GLIBC_2.17>
  4014e4:	f9408211 	ldr	x17, [x16, #256]
  4014e8:	91040210 	add	x16, x16, #0x100
  4014ec:	d61f0220 	br	x17

00000000004014f0 <close@plt>:
  4014f0:	f00000f0 	adrp	x16, 420000 <fputs@GLIBC_2.17>
  4014f4:	f9408611 	ldr	x17, [x16, #264]
  4014f8:	91042210 	add	x16, x16, #0x108
  4014fc:	d61f0220 	br	x17

0000000000401500 <_ZSt20__throw_out_of_rangePKc@plt>:
  401500:	f00000f0 	adrp	x16, 420000 <fputs@GLIBC_2.17>
  401504:	f9408a11 	ldr	x17, [x16, #272]
  401508:	91044210 	add	x16, x16, #0x110
  40150c:	d61f0220 	br	x17

0000000000401510 <fgets@plt>:
  401510:	f00000f0 	adrp	x16, 420000 <fputs@GLIBC_2.17>
  401514:	f9408e11 	ldr	x17, [x16, #280]
  401518:	91046210 	add	x16, x16, #0x118
  40151c:	d61f0220 	br	x17

0000000000401520 <_ZNSt8ios_base4InitC1Ev@plt>:
  401520:	f00000f0 	adrp	x16, 420000 <fputs@GLIBC_2.17>
  401524:	f9409211 	ldr	x17, [x16, #288]
  401528:	91048210 	add	x16, x16, #0x120
  40152c:	d61f0220 	br	x17

0000000000401530 <strtoull@plt>:
  401530:	f00000f0 	adrp	x16, 420000 <fputs@GLIBC_2.17>
  401534:	f9409611 	ldr	x17, [x16, #296]
  401538:	9104a210 	add	x16, x16, #0x128
  40153c:	d61f0220 	br	x17

0000000000401540 <abort@plt>:
  401540:	f00000f0 	adrp	x16, 420000 <fputs@GLIBC_2.17>
  401544:	f9409a11 	ldr	x17, [x16, #304]
  401548:	9104c210 	add	x16, x16, #0x130
  40154c:	d61f0220 	br	x17

0000000000401550 <__gxx_personality_v0@plt>:
  401550:	f00000f0 	adrp	x16, 420000 <fputs@GLIBC_2.17>
  401554:	f9409e11 	ldr	x17, [x16, #312]
  401558:	9104e210 	add	x16, x16, #0x138
  40155c:	d61f0220 	br	x17

0000000000401560 <_ZNKSt7__cxx1112basic_stringIcSt11char_traitsIcESaIcEE5emptyEv@plt>:
  401560:	f00000f0 	adrp	x16, 420000 <fputs@GLIBC_2.17>
  401564:	f940a211 	ldr	x17, [x16, #320]
  401568:	91050210 	add	x16, x16, #0x140
  40156c:	d61f0220 	br	x17

0000000000401570 <exit@plt>:
  401570:	f00000f0 	adrp	x16, 420000 <fputs@GLIBC_2.17>
  401574:	f940a611 	ldr	x17, [x16, #328]
  401578:	91052210 	add	x16, x16, #0x148
  40157c:	d61f0220 	br	x17

0000000000401580 <fwrite@plt>:
  401580:	f00000f0 	adrp	x16, 420000 <fputs@GLIBC_2.17>
  401584:	f940aa11 	ldr	x17, [x16, #336]
  401588:	91054210 	add	x16, x16, #0x150
  40158c:	d61f0220 	br	x17

0000000000401590 <_Unwind_Resume@plt>:
  401590:	f00000f0 	adrp	x16, 420000 <fputs@GLIBC_2.17>
  401594:	f940ae11 	ldr	x17, [x16, #344]
  401598:	91056210 	add	x16, x16, #0x158
  40159c:	d61f0220 	br	x17

00000000004015a0 <_ZNSaIcEC1Ev@plt>:
  4015a0:	f00000f0 	adrp	x16, 420000 <fputs@GLIBC_2.17>
  4015a4:	f940b211 	ldr	x17, [x16, #352]
  4015a8:	91058210 	add	x16, x16, #0x160
  4015ac:	d61f0220 	br	x17

00000000004015b0 <__gmon_start__@plt>:
  4015b0:	f00000f0 	adrp	x16, 420000 <fputs@GLIBC_2.17>
  4015b4:	f940b611 	ldr	x17, [x16, #360]
  4015b8:	9105a210 	add	x16, x16, #0x168
  4015bc:	d61f0220 	br	x17

00000000004015c0 <_ZNSt8ios_base4InitD1Ev@plt>:
  4015c0:	f00000f0 	adrp	x16, 420000 <fputs@GLIBC_2.17>
  4015c4:	f940ba11 	ldr	x17, [x16, #368]
  4015c8:	9105c210 	add	x16, x16, #0x170
  4015cc:	d61f0220 	br	x17

Disassembly of section .text:

0000000000401600 <_start>:
  401600:	d503201f 	nop
  401604:	d280001d 	mov	x29, #0x0                   	// #0
  401608:	d280001e 	mov	x30, #0x0                   	// #0
  40160c:	aa0003e5 	mov	x5, x0
  401610:	f94003e1 	ldr	x1, [sp]
  401614:	910023e2 	add	x2, sp, #0x8
  401618:	910003e6 	mov	x6, sp
  40161c:	90000000 	adrp	x0, 401000 <__abi_tag+0xd88>
  401620:	9118d000 	add	x0, x0, #0x634
  401624:	d2800003 	mov	x3, #0x0                   	// #0
  401628:	d2800004 	mov	x4, #0x0                   	// #0
  40162c:	97ffff61 	bl	4013b0 <__libc_start_main@plt>
  401630:	97ffffc4 	bl	401540 <abort@plt>

0000000000401634 <__wrap_main>:
  401634:	d503201f 	nop
  401638:	140006dc 	b	4031a8 <main>
  40163c:	d503201f 	nop

0000000000401640 <_dl_relocate_static_pie>:
  401640:	d65f03c0 	ret

0000000000401644 <call_weak_fn>:
  401644:	d00000e0 	adrp	x0, 41f000 <__FRAME_END__+0x1881c>
  401648:	f947ec00 	ldr	x0, [x0, #4056]
  40164c:	b4000040 	cbz	x0, 401654 <call_weak_fn+0x10>
  401650:	17ffffd8 	b	4015b0 <__gmon_start__@plt>
  401654:	d65f03c0 	ret
  401658:	d503201f 	nop
  40165c:	d503201f 	nop

0000000000401660 <deregister_tm_clones>:
  401660:	f00000e0 	adrp	x0, 420000 <fputs@GLIBC_2.17>
  401664:	91062000 	add	x0, x0, #0x188
  401668:	f00000e1 	adrp	x1, 420000 <fputs@GLIBC_2.17>
  40166c:	91062021 	add	x1, x1, #0x188
  401670:	eb00003f 	cmp	x1, x0
  401674:	540000c0 	b.eq	40168c <deregister_tm_clones+0x2c>  // b.none
  401678:	d00000e1 	adrp	x1, 41f000 <__FRAME_END__+0x1881c>
  40167c:	f947e821 	ldr	x1, [x1, #4048]
  401680:	b4000061 	cbz	x1, 40168c <deregister_tm_clones+0x2c>
  401684:	aa0103f0 	mov	x16, x1
  401688:	d61f0200 	br	x16
  40168c:	d65f03c0 	ret

0000000000401690 <register_tm_clones>:
  401690:	f00000e0 	adrp	x0, 420000 <fputs@GLIBC_2.17>
  401694:	91062000 	add	x0, x0, #0x188
  401698:	f00000e1 	adrp	x1, 420000 <fputs@GLIBC_2.17>
  40169c:	91062021 	add	x1, x1, #0x188
  4016a0:	cb000021 	sub	x1, x1, x0
  4016a4:	d37ffc22 	lsr	x2, x1, #63
  4016a8:	8b810c41 	add	x1, x2, x1, asr #3
  4016ac:	9341fc21 	asr	x1, x1, #1
  4016b0:	b40000c1 	cbz	x1, 4016c8 <register_tm_clones+0x38>
  4016b4:	d00000e2 	adrp	x2, 41f000 <__FRAME_END__+0x1881c>
  4016b8:	f947f042 	ldr	x2, [x2, #4064]
  4016bc:	b4000062 	cbz	x2, 4016c8 <register_tm_clones+0x38>
  4016c0:	aa0203f0 	mov	x16, x2
  4016c4:	d61f0200 	br	x16
  4016c8:	d65f03c0 	ret
  4016cc:	d503201f 	nop

00000000004016d0 <__do_global_dtors_aux>:
  4016d0:	a9be7bfd 	stp	x29, x30, [sp, #-32]!
  4016d4:	910003fd 	mov	x29, sp
  4016d8:	f9000bf3 	str	x19, [sp, #16]
  4016dc:	f00000f3 	adrp	x19, 420000 <fputs@GLIBC_2.17>
  4016e0:	394ac260 	ldrb	w0, [x19, #688]
  4016e4:	35000080 	cbnz	w0, 4016f4 <__do_global_dtors_aux+0x24>
  4016e8:	97ffffde 	bl	401660 <deregister_tm_clones>
  4016ec:	52800020 	mov	w0, #0x1                   	// #1
  4016f0:	390ac260 	strb	w0, [x19, #688]
  4016f4:	f9400bf3 	ldr	x19, [sp, #16]
  4016f8:	a8c27bfd 	ldp	x29, x30, [sp], #32
  4016fc:	d65f03c0 	ret

0000000000401700 <frame_dummy>:
  401700:	17ffffe4 	b	401690 <register_tm_clones>

0000000000401704 <_ZL11timer_startv>:
  401704:	d10043ff 	sub	sp, sp, #0x10
  401708:	d5033f9f 	dsb	sy
  40170c:	d5033fdf 	isb
  401710:	d53be040 	mrs	x0, cntvct_el0
  401714:	d5033fdf 	isb
  401718:	f90007e0 	str	x0, [sp, #8]
  40171c:	f94007e0 	ldr	x0, [sp, #8]
  401720:	910043ff 	add	sp, sp, #0x10
  401724:	d65f03c0 	ret

0000000000401728 <_ZL10timer_stopv>:
  401728:	d10043ff 	sub	sp, sp, #0x10
  40172c:	d5033f9f 	dsb	sy
  401730:	d5033fdf 	isb
  401734:	d53be040 	mrs	x0, cntvct_el0
  401738:	d5033fdf 	isb
  40173c:	f90007e0 	str	x0, [sp, #8]
  401740:	f94007e0 	ldr	x0, [sp, #8]
  401744:	910043ff 	add	sp, sp, #0x10
  401748:	d65f03c0 	ret

000000000040174c <_ZL4failPKc>:
  40174c:	a9be7bfd 	stp	x29, x30, [sp, #-32]!
  401750:	910003fd 	mov	x29, sp
  401754:	f9000fe0 	str	x0, [sp, #24]
  401758:	f9400fe0 	ldr	x0, [sp, #24]
  40175c:	97fffef1 	bl	401320 <perror@plt>
  401760:	52800020 	mov	w0, #0x1                   	// #1
  401764:	97ffff83 	bl	401570 <exit@plt>

0000000000401768 <_ZL8pmu_openPKc>:
  401768:	a9b47bfd 	stp	x29, x30, [sp, #-192]!
  40176c:	910003fd 	mov	x29, sp
  401770:	f9000fe0 	str	x0, [sp, #24]
  401774:	f9400fe0 	ldr	x0, [sp, #24]
  401778:	f9005fe0 	str	x0, [sp, #184]
  40177c:	b900b7ff 	str	wzr, [sp, #180]
  401780:	14000099 	b	4019e4 <_ZL8pmu_openPKc+0x27c>
  401784:	97ffff43 	bl	401490 <__errno_location@plt>
  401788:	b900001f 	str	wzr, [x0]
  40178c:	9102a3e0 	add	x0, sp, #0xa8
  401790:	52800002 	mov	w2, #0x0                   	// #0
  401794:	aa0003e1 	mov	x1, x0
  401798:	f9405fe0 	ldr	x0, [sp, #184]
  40179c:	97ffff65 	bl	401530 <strtoull@plt>
  4017a0:	aa0003e2 	mov	x2, x0
  4017a4:	f00000e0 	adrp	x0, 420000 <fputs@GLIBC_2.17>
  4017a8:	910bc000 	add	x0, x0, #0x2f0
  4017ac:	b980b7e1 	ldrsw	x1, [sp, #180]
  4017b0:	f8217802 	str	x2, [x0, x1, lsl #3]
  4017b4:	97ffff37 	bl	401490 <__errno_location@plt>
  4017b8:	b9400000 	ldr	w0, [x0]
  4017bc:	7100001f 	cmp	w0, #0x0
  4017c0:	540002a1 	b.ne	401814 <_ZL8pmu_openPKc+0xac>  // b.any
  4017c4:	f94057e0 	ldr	x0, [sp, #168]
  4017c8:	f9405fe1 	ldr	x1, [sp, #184]
  4017cc:	eb00003f 	cmp	x1, x0
  4017d0:	54000220 	b.eq	401814 <_ZL8pmu_openPKc+0xac>  // b.none
  4017d4:	f9405fe0 	ldr	x0, [sp, #184]
  4017d8:	39400000 	ldrb	w0, [x0]
  4017dc:	7100b41f 	cmp	w0, #0x2d
  4017e0:	540001a0 	b.eq	401814 <_ZL8pmu_openPKc+0xac>  // b.none
  4017e4:	b940b7e0 	ldr	w0, [sp, #180]
  4017e8:	7100081f 	cmp	w0, #0x2
  4017ec:	540000cc 	b.gt	401804 <_ZL8pmu_openPKc+0x9c>
  4017f0:	f94057e0 	ldr	x0, [sp, #168]
  4017f4:	39400000 	ldrb	w0, [x0]
  4017f8:	7100b01f 	cmp	w0, #0x2c
  4017fc:	540000c1 	b.ne	401814 <_ZL8pmu_openPKc+0xac>  // b.any
  401800:	14000010 	b	401840 <_ZL8pmu_openPKc+0xd8>
  401804:	f94057e0 	ldr	x0, [sp, #168]
  401808:	39400000 	ldrb	w0, [x0]
  40180c:	7100001f 	cmp	w0, #0x0
  401810:	54000180 	b.eq	401840 <_ZL8pmu_openPKc+0xd8>  // b.none
  401814:	f00000e0 	adrp	x0, 420000 <fputs@GLIBC_2.17>
  401818:	91064000 	add	x0, x0, #0x190
  40181c:	f9400000 	ldr	x0, [x0]
  401820:	aa0003e3 	mov	x3, x0
  401824:	d2800702 	mov	x2, #0x38                  	// #56
  401828:	d2800021 	mov	x1, #0x1                   	// #1
  40182c:	90000020 	adrp	x0, 405000 <_ZSt9__fill_a1IPmmEN9__gnu_cxx11__enable_ifIXsrSt11__is_scalarIT0_E7__valueEvE6__typeET_S8_RKS4_+0x10>
  401830:	91020000 	add	x0, x0, #0x80
  401834:	97ffff53 	bl	401580 <fwrite@plt>
  401838:	52800020 	mov	w0, #0x1                   	// #1
  40183c:	97ffff4d 	bl	401570 <exit@plt>
  401840:	f94057e0 	ldr	x0, [sp, #168]
  401844:	39400000 	ldrb	w0, [x0]
  401848:	7100001f 	cmp	w0, #0x0
  40184c:	54000080 	b.eq	40185c <_ZL8pmu_openPKc+0xf4>  // b.none
  401850:	f94057e0 	ldr	x0, [sp, #168]
  401854:	91000400 	add	x0, x0, #0x1
  401858:	14000002 	b	401860 <_ZL8pmu_openPKc+0xf8>
  40185c:	f94057e0 	ldr	x0, [sp, #168]
  401860:	f9005fe0 	str	x0, [sp, #184]
  401864:	910083e0 	add	x0, sp, #0x20
  401868:	4f000400 	movi	v0.4s, #0x0
  40186c:	ad000000 	stp	q0, q0, [x0]
  401870:	ad010000 	stp	q0, q0, [x0, #32]
  401874:	ad020000 	stp	q0, q0, [x0, #64]
  401878:	ad030000 	stp	q0, q0, [x0, #96]
  40187c:	9e660001 	fmov	x1, d0
  401880:	f9004001 	str	x1, [x0, #128]
  401884:	52800080 	mov	w0, #0x4                   	// #4
  401888:	b90023e0 	str	w0, [sp, #32]
  40188c:	52801100 	mov	w0, #0x88                  	// #136
  401890:	b90027e0 	str	w0, [sp, #36]
  401894:	f00000e0 	adrp	x0, 420000 <fputs@GLIBC_2.17>
  401898:	910bc000 	add	x0, x0, #0x2f0
  40189c:	b980b7e1 	ldrsw	x1, [sp, #180]
  4018a0:	f8617800 	ldr	x0, [x0, x1, lsl #3]
  4018a4:	f90017e0 	str	x0, [sp, #40]
  4018a8:	b940b7e0 	ldr	w0, [sp, #180]
  4018ac:	7100001f 	cmp	w0, #0x0
  4018b0:	1a9f17e0 	cset	w0, eq  // eq = none
  4018b4:	12001c01 	and	w1, w0, #0xff
  4018b8:	b9404be0 	ldr	w0, [sp, #72]
  4018bc:	33000020 	bfxil	w0, w1, #0, #1
  4018c0:	b9004be0 	str	w0, [sp, #72]
  4018c4:	b940b7e0 	ldr	w0, [sp, #180]
  4018c8:	7100001f 	cmp	w0, #0x0
  4018cc:	1a9f17e0 	cset	w0, eq  // eq = none
  4018d0:	12001c01 	and	w1, w0, #0xff
  4018d4:	b9404be0 	ldr	w0, [sp, #72]
  4018d8:	331e0020 	bfi	w0, w1, #2, #1
  4018dc:	b9004be0 	str	w0, [sp, #72]
  4018e0:	f94027e0 	ldr	x0, [sp, #72]
  4018e4:	b27b0000 	orr	x0, x0, #0x20
  4018e8:	f90027e0 	str	x0, [sp, #72]
  4018ec:	f94027e0 	ldr	x0, [sp, #72]
  4018f0:	b27a0000 	orr	x0, x0, #0x40
  4018f4:	f90027e0 	str	x0, [sp, #72]
  4018f8:	f94027e0 	ldr	x0, [sp, #72]
  4018fc:	b26c0000 	orr	x0, x0, #0x100000
  401900:	f90027e0 	str	x0, [sp, #72]
  401904:	d28001e0 	mov	x0, #0xf                   	// #15
  401908:	f90023e0 	str	x0, [sp, #64]
  40190c:	b940b7e0 	ldr	w0, [sp, #180]
  401910:	7100001f 	cmp	w0, #0x0
  401914:	540000a0 	b.eq	401928 <_ZL8pmu_openPKc+0x1c0>  // b.none
  401918:	f00000e0 	adrp	x0, 420000 <fputs@GLIBC_2.17>
  40191c:	910b0000 	add	x0, x0, #0x2c0
  401920:	b9400000 	ldr	w0, [x0]
  401924:	14000002 	b	40192c <_ZL8pmu_openPKc+0x1c4>
  401928:	12800000 	mov	w0, #0xffffffff            	// #-1
  40192c:	910083e1 	add	x1, sp, #0x20
  401930:	d2800105 	mov	x5, #0x8                   	// #8
  401934:	2a0003e4 	mov	w4, w0
  401938:	12800003 	mov	w3, #0xffffffff            	// #-1
  40193c:	52800002 	mov	w2, #0x0                   	// #0
  401940:	d2801e20 	mov	x0, #0xf1                  	// #241
  401944:	97fffeab 	bl	4013f0 <syscall@plt>
  401948:	2a0003e2 	mov	w2, w0
  40194c:	f00000e0 	adrp	x0, 420000 <fputs@GLIBC_2.17>
  401950:	910b0000 	add	x0, x0, #0x2c0
  401954:	b980b7e1 	ldrsw	x1, [sp, #180]
  401958:	b8217802 	str	w2, [x0, x1, lsl #2]
  40195c:	f00000e0 	adrp	x0, 420000 <fputs@GLIBC_2.17>
  401960:	910b0000 	add	x0, x0, #0x2c0
  401964:	b980b7e1 	ldrsw	x1, [sp, #180]
  401968:	b8617800 	ldr	w0, [x0, x1, lsl #2]
  40196c:	7100001f 	cmp	w0, #0x0
  401970:	5400008a 	b.ge	401980 <_ZL8pmu_openPKc+0x218>  // b.tcont
  401974:	90000020 	adrp	x0, 405000 <_ZSt9__fill_a1IPmmEN9__gnu_cxx11__enable_ifIXsrSt11__is_scalarIT0_E7__valueEvE6__typeET_S8_RKS4_+0x10>
  401978:	91030000 	add	x0, x0, #0xc0
  40197c:	97ffff74 	bl	40174c <_ZL4failPKc>
  401980:	f00000e0 	adrp	x0, 420000 <fputs@GLIBC_2.17>
  401984:	910b0000 	add	x0, x0, #0x2c0
  401988:	b980b7e1 	ldrsw	x1, [sp, #180]
  40198c:	b8617803 	ldr	w3, [x0, x1, lsl #2]
  401990:	b980b7e0 	ldrsw	x0, [sp, #180]
  401994:	d37df001 	lsl	x1, x0, #3
  401998:	f00000e0 	adrp	x0, 420000 <fputs@GLIBC_2.17>
  40199c:	910b4000 	add	x0, x0, #0x2d0
  4019a0:	8b000020 	add	x0, x1, x0
  4019a4:	aa0003e2 	mov	x2, x0
  4019a8:	d28480e1 	mov	x1, #0x2407                	// #9223
  4019ac:	f2b00101 	movk	x1, #0x8008, lsl #16
  4019b0:	2a0303e0 	mov	w0, w3
  4019b4:	97fffe8b 	bl	4013e0 <ioctl@plt>
  4019b8:	7100001f 	cmp	w0, #0x0
  4019bc:	1a9f07e0 	cset	w0, ne  // ne = any
  4019c0:	12001c00 	and	w0, w0, #0xff
  4019c4:	7100001f 	cmp	w0, #0x0
  4019c8:	54000080 	b.eq	4019d8 <_ZL8pmu_openPKc+0x270>  // b.none
  4019cc:	90000020 	adrp	x0, 405000 <_ZSt9__fill_a1IPmmEN9__gnu_cxx11__enable_ifIXsrSt11__is_scalarIT0_E7__valueEvE6__typeET_S8_RKS4_+0x10>
  4019d0:	91034000 	add	x0, x0, #0xd0
  4019d4:	97ffff5e 	bl	40174c <_ZL4failPKc>
  4019d8:	b940b7e0 	ldr	w0, [sp, #180]
  4019dc:	11000400 	add	w0, w0, #0x1
  4019e0:	b900b7e0 	str	w0, [sp, #180]
  4019e4:	b940b7e0 	ldr	w0, [sp, #180]
  4019e8:	71000c1f 	cmp	w0, #0x3
  4019ec:	54ffeccd 	b.le	401784 <_ZL8pmu_openPKc+0x1c>
  4019f0:	d503201f 	nop
  4019f4:	d503201f 	nop
  4019f8:	a8cc7bfd 	ldp	x29, x30, [sp], #192
  4019fc:	d65f03c0 	ret

0000000000401a00 <_ZL9pmu_startv>:
  401a00:	a9bf7bfd 	stp	x29, x30, [sp, #-16]!
  401a04:	910003fd 	mov	x29, sp
  401a08:	f00000e0 	adrp	x0, 420000 <fputs@GLIBC_2.17>
  401a0c:	910b0000 	add	x0, x0, #0x2c0
  401a10:	b9400000 	ldr	w0, [x0]
  401a14:	52800022 	mov	w2, #0x1                   	// #1
  401a18:	d2848061 	mov	x1, #0x2403                	// #9219
  401a1c:	97fffe71 	bl	4013e0 <ioctl@plt>
  401a20:	7100001f 	cmp	w0, #0x0
  401a24:	1a9f07e0 	cset	w0, ne  // ne = any
  401a28:	12001c00 	and	w0, w0, #0xff
  401a2c:	7100001f 	cmp	w0, #0x0
  401a30:	54000080 	b.eq	401a40 <_ZL9pmu_startv+0x40>  // b.none
  401a34:	90000020 	adrp	x0, 405000 <_ZSt9__fill_a1IPmmEN9__gnu_cxx11__enable_ifIXsrSt11__is_scalarIT0_E7__valueEvE6__typeET_S8_RKS4_+0x10>
  401a38:	9103a000 	add	x0, x0, #0xe8
  401a3c:	97ffff44 	bl	40174c <_ZL4failPKc>
  401a40:	f00000e0 	adrp	x0, 420000 <fputs@GLIBC_2.17>
  401a44:	910b0000 	add	x0, x0, #0x2c0
  401a48:	b9400000 	ldr	w0, [x0]
  401a4c:	52800022 	mov	w2, #0x1                   	// #1
  401a50:	d2848001 	mov	x1, #0x2400                	// #9216
  401a54:	97fffe63 	bl	4013e0 <ioctl@plt>
  401a58:	7100001f 	cmp	w0, #0x0
  401a5c:	1a9f07e0 	cset	w0, ne  // ne = any
  401a60:	12001c00 	and	w0, w0, #0xff
  401a64:	7100001f 	cmp	w0, #0x0
  401a68:	54000080 	b.eq	401a78 <_ZL9pmu_startv+0x78>  // b.none
  401a6c:	90000020 	adrp	x0, 405000 <_ZSt9__fill_a1IPmmEN9__gnu_cxx11__enable_ifIXsrSt11__is_scalarIT0_E7__valueEvE6__typeET_S8_RKS4_+0x10>
  401a70:	9103e000 	add	x0, x0, #0xf8
  401a74:	97ffff36 	bl	40174c <_ZL4failPKc>
  401a78:	d503201f 	nop
  401a7c:	a8c17bfd 	ldp	x29, x30, [sp], #16
  401a80:	d65f03c0 	ret

0000000000401a84 <_ZL8pmu_stopv>:
  401a84:	a9be7bfd 	stp	x29, x30, [sp, #-32]!
  401a88:	910003fd 	mov	x29, sp
  401a8c:	f00000e0 	adrp	x0, 420000 <fputs@GLIBC_2.17>
  401a90:	910b0000 	add	x0, x0, #0x2c0
  401a94:	b9400000 	ldr	w0, [x0]
  401a98:	52800022 	mov	w2, #0x1                   	// #1
  401a9c:	d2848021 	mov	x1, #0x2401                	// #9217
  401aa0:	97fffe50 	bl	4013e0 <ioctl@plt>
  401aa4:	7100001f 	cmp	w0, #0x0
  401aa8:	1a9f07e0 	cset	w0, ne  // ne = any
  401aac:	12001c00 	and	w0, w0, #0xff
  401ab0:	7100001f 	cmp	w0, #0x0
  401ab4:	54000080 	b.eq	401ac4 <_ZL8pmu_stopv+0x40>  // b.none
  401ab8:	90000020 	adrp	x0, 405000 <_ZSt9__fill_a1IPmmEN9__gnu_cxx11__enable_ifIXsrSt11__is_scalarIT0_E7__valueEvE6__typeET_S8_RKS4_+0x10>
  401abc:	91042000 	add	x0, x0, #0x108
  401ac0:	97ffff23 	bl	40174c <_ZL4failPKc>
  401ac4:	f00000e0 	adrp	x0, 420000 <fputs@GLIBC_2.17>
  401ac8:	910b0000 	add	x0, x0, #0x2c0
  401acc:	b9400003 	ldr	w3, [x0]
  401ad0:	d2800b02 	mov	x2, #0x58                  	// #88
  401ad4:	f00000e0 	adrp	x0, 420000 <fputs@GLIBC_2.17>
  401ad8:	910c4001 	add	x1, x0, #0x310
  401adc:	2a0303e0 	mov	w0, w3
  401ae0:	97fffe30 	bl	4013a0 <read@plt>
  401ae4:	f9000fe0 	str	x0, [sp, #24]
  401ae8:	f9400fe0 	ldr	x0, [sp, #24]
  401aec:	f101601f 	cmp	x0, #0x58
  401af0:	54000301 	b.ne	401b50 <_ZL8pmu_stopv+0xcc>  // b.any
  401af4:	f00000e0 	adrp	x0, 420000 <fputs@GLIBC_2.17>
  401af8:	910c4000 	add	x0, x0, #0x310
  401afc:	f9400000 	ldr	x0, [x0]
  401b00:	f100101f 	cmp	x0, #0x4
  401b04:	54000261 	b.ne	401b50 <_ZL8pmu_stopv+0xcc>  // b.any
  401b08:	f00000e0 	adrp	x0, 420000 <fputs@GLIBC_2.17>
  401b0c:	910c4000 	add	x0, x0, #0x310
  401b10:	f9400400 	ldr	x0, [x0, #8]
  401b14:	f100001f 	cmp	x0, #0x0
  401b18:	540001c0 	b.eq	401b50 <_ZL8pmu_stopv+0xcc>  // b.none
  401b1c:	f00000e0 	adrp	x0, 420000 <fputs@GLIBC_2.17>
  401b20:	910c4000 	add	x0, x0, #0x310
  401b24:	f9400800 	ldr	x0, [x0, #16]
  401b28:	f100001f 	cmp	x0, #0x0
  401b2c:	54000120 	b.eq	401b50 <_ZL8pmu_stopv+0xcc>  // b.none
  401b30:	f00000e0 	adrp	x0, 420000 <fputs@GLIBC_2.17>
  401b34:	910c4000 	add	x0, x0, #0x310
  401b38:	f9400801 	ldr	x1, [x0, #16]
  401b3c:	f00000e0 	adrp	x0, 420000 <fputs@GLIBC_2.17>
  401b40:	910c4000 	add	x0, x0, #0x310
  401b44:	f9400400 	ldr	x0, [x0, #8]
  401b48:	eb00003f 	cmp	x1, x0
  401b4c:	54000260 	b.eq	401b98 <_ZL8pmu_stopv+0x114>  // b.none
  401b50:	f00000e0 	adrp	x0, 420000 <fputs@GLIBC_2.17>
  401b54:	91064000 	add	x0, x0, #0x190
  401b58:	f9400005 	ldr	x5, [x0]
  401b5c:	f00000e0 	adrp	x0, 420000 <fputs@GLIBC_2.17>
  401b60:	910c4000 	add	x0, x0, #0x310
  401b64:	f9400401 	ldr	x1, [x0, #8]
  401b68:	f00000e0 	adrp	x0, 420000 <fputs@GLIBC_2.17>
  401b6c:	910c4000 	add	x0, x0, #0x310
  401b70:	f9400800 	ldr	x0, [x0, #16]
  401b74:	aa0003e4 	mov	x4, x0
  401b78:	aa0103e3 	mov	x3, x1
  401b7c:	f9400fe2 	ldr	x2, [sp, #24]
  401b80:	90000020 	adrp	x0, 405000 <_ZSt9__fill_a1IPmmEN9__gnu_cxx11__enable_ifIXsrSt11__is_scalarIT0_E7__valueEvE6__typeET_S8_RKS4_+0x10>
  401b84:	91046001 	add	x1, x0, #0x118
  401b88:	aa0503e0 	mov	x0, x5
  401b8c:	97fffddd 	bl	401300 <fprintf@plt>
  401b90:	52800020 	mov	w0, #0x1                   	// #1
  401b94:	97fffe77 	bl	401570 <exit@plt>
  401b98:	d503201f 	nop
  401b9c:	a8c27bfd 	ldp	x29, x30, [sp], #32
  401ba0:	d65f03c0 	ret

0000000000401ba4 <_ZL8pmu_savePKcm>:
  401ba4:	a9bc7bfd 	stp	x29, x30, [sp, #-64]!
  401ba8:	910003fd 	mov	x29, sp
  401bac:	f9000fe0 	str	x0, [sp, #24]
  401bb0:	f9000be1 	str	x1, [sp, #16]
  401bb4:	90000020 	adrp	x0, 405000 <_ZSt9__fill_a1IPmmEN9__gnu_cxx11__enable_ifIXsrSt11__is_scalarIT0_E7__valueEvE6__typeET_S8_RKS4_+0x10>
  401bb8:	9105c001 	add	x1, x0, #0x170
  401bbc:	f9400fe0 	ldr	x0, [sp, #24]
  401bc0:	97fffe48 	bl	4014e0 <fopen@plt>
  401bc4:	f90017e0 	str	x0, [sp, #40]
  401bc8:	f94017e0 	ldr	x0, [sp, #40]
  401bcc:	f100001f 	cmp	x0, #0x0
  401bd0:	54000081 	b.ne	401be0 <_ZL8pmu_savePKcm+0x3c>  // b.any
  401bd4:	90000020 	adrp	x0, 405000 <_ZSt9__fill_a1IPmmEN9__gnu_cxx11__enable_ifIXsrSt11__is_scalarIT0_E7__valueEvE6__typeET_S8_RKS4_+0x10>
  401bd8:	9105e000 	add	x0, x0, #0x178
  401bdc:	97fffedc 	bl	40174c <_ZL4failPKc>
  401be0:	f00000e0 	adrp	x0, 420000 <fputs@GLIBC_2.17>
  401be4:	910c4000 	add	x0, x0, #0x310
  401be8:	f9400401 	ldr	x1, [x0, #8]
  401bec:	f00000e0 	adrp	x0, 420000 <fputs@GLIBC_2.17>
  401bf0:	910c4000 	add	x0, x0, #0x310
  401bf4:	f9400800 	ldr	x0, [x0, #16]
  401bf8:	f9400be4 	ldr	x4, [sp, #16]
  401bfc:	aa0003e3 	mov	x3, x0
  401c00:	aa0103e2 	mov	x2, x1
  401c04:	90000020 	adrp	x0, 405000 <_ZSt9__fill_a1IPmmEN9__gnu_cxx11__enable_ifIXsrSt11__is_scalarIT0_E7__valueEvE6__typeET_S8_RKS4_+0x10>
  401c08:	91062001 	add	x1, x0, #0x188
  401c0c:	f94017e0 	ldr	x0, [sp, #40]
  401c10:	97fffdbc 	bl	401300 <fprintf@plt>
  401c14:	b9003fff 	str	wzr, [sp, #60]
  401c18:	14000051 	b	401d5c <_ZL8pmu_savePKcm+0x1b8>
  401c1c:	12800000 	mov	w0, #0xffffffff            	// #-1
  401c20:	b9003be0 	str	w0, [sp, #56]
  401c24:	b90037ff 	str	wzr, [sp, #52]
  401c28:	14000013 	b	401c74 <_ZL8pmu_savePKcm+0xd0>
  401c2c:	f00000e0 	adrp	x0, 420000 <fputs@GLIBC_2.17>
  401c30:	910c4001 	add	x1, x0, #0x310
  401c34:	b98037e0 	ldrsw	x0, [sp, #52]
  401c38:	91000400 	add	x0, x0, #0x1
  401c3c:	d37cec00 	lsl	x0, x0, #4
  401c40:	8b000020 	add	x0, x1, x0
  401c44:	f9400801 	ldr	x1, [x0, #16]
  401c48:	f00000e0 	adrp	x0, 420000 <fputs@GLIBC_2.17>
  401c4c:	910b4000 	add	x0, x0, #0x2d0
  401c50:	b9803fe2 	ldrsw	x2, [sp, #60]
  401c54:	f8627800 	ldr	x0, [x0, x2, lsl #3]
  401c58:	eb00003f 	cmp	x1, x0
  401c5c:	54000061 	b.ne	401c68 <_ZL8pmu_savePKcm+0xc4>  // b.any
  401c60:	b94037e0 	ldr	w0, [sp, #52]
  401c64:	b9003be0 	str	w0, [sp, #56]
  401c68:	b94037e0 	ldr	w0, [sp, #52]
  401c6c:	11000400 	add	w0, w0, #0x1
  401c70:	b90037e0 	str	w0, [sp, #52]
  401c74:	b94037e0 	ldr	w0, [sp, #52]
  401c78:	71000c1f 	cmp	w0, #0x3
  401c7c:	54fffd8d 	b.le	401c2c <_ZL8pmu_savePKcm+0x88>
  401c80:	b9403be0 	ldr	w0, [sp, #56]
  401c84:	7100001f 	cmp	w0, #0x0
  401c88:	5400018a 	b.ge	401cb8 <_ZL8pmu_savePKcm+0x114>  // b.tcont
  401c8c:	f00000e0 	adrp	x0, 420000 <fputs@GLIBC_2.17>
  401c90:	91064000 	add	x0, x0, #0x190
  401c94:	f9400000 	ldr	x0, [x0]
  401c98:	aa0003e3 	mov	x3, x0
  401c9c:	d28002a2 	mov	x2, #0x15                  	// #21
  401ca0:	d2800021 	mov	x1, #0x1                   	// #1
  401ca4:	90000020 	adrp	x0, 405000 <_ZSt9__fill_a1IPmmEN9__gnu_cxx11__enable_ifIXsrSt11__is_scalarIT0_E7__valueEvE6__typeET_S8_RKS4_+0x10>
  401ca8:	91076000 	add	x0, x0, #0x1d8
  401cac:	97fffe35 	bl	401580 <fwrite@plt>
  401cb0:	52800020 	mov	w0, #0x1                   	// #1
  401cb4:	97fffe2f 	bl	401570 <exit@plt>
  401cb8:	b9403fe0 	ldr	w0, [sp, #60]
  401cbc:	7100001f 	cmp	w0, #0x0
  401cc0:	54000080 	b.eq	401cd0 <_ZL8pmu_savePKcm+0x12c>  // b.none
  401cc4:	90000020 	adrp	x0, 405000 <_ZSt9__fill_a1IPmmEN9__gnu_cxx11__enable_ifIXsrSt11__is_scalarIT0_E7__valueEvE6__typeET_S8_RKS4_+0x10>
  401cc8:	9107c000 	add	x0, x0, #0x1f0
  401ccc:	14000003 	b	401cd8 <_ZL8pmu_savePKcm+0x134>
  401cd0:	90000020 	adrp	x0, 405000 <_ZSt9__fill_a1IPmmEN9__gnu_cxx11__enable_ifIXsrSt11__is_scalarIT0_E7__valueEvE6__typeET_S8_RKS4_+0x10>
  401cd4:	9107e000 	add	x0, x0, #0x1f8
  401cd8:	f00000e1 	adrp	x1, 420000 <fputs@GLIBC_2.17>
  401cdc:	910bc021 	add	x1, x1, #0x2f0
  401ce0:	b9803fe2 	ldrsw	x2, [sp, #60]
  401ce4:	f8627823 	ldr	x3, [x1, x2, lsl #3]
  401ce8:	f00000e1 	adrp	x1, 420000 <fputs@GLIBC_2.17>
  401cec:	910c4022 	add	x2, x1, #0x310
  401cf0:	b9803be1 	ldrsw	x1, [sp, #56]
  401cf4:	91000421 	add	x1, x1, #0x1
  401cf8:	d37cec21 	lsl	x1, x1, #4
  401cfc:	8b010041 	add	x1, x2, x1
  401d00:	f9400421 	ldr	x1, [x1, #8]
  401d04:	aa0103e4 	mov	x4, x1
  401d08:	aa0003e2 	mov	x2, x0
  401d0c:	90000020 	adrp	x0, 405000 <_ZSt9__fill_a1IPmmEN9__gnu_cxx11__enable_ifIXsrSt11__is_scalarIT0_E7__valueEvE6__typeET_S8_RKS4_+0x10>
  401d10:	91080001 	add	x1, x0, #0x200
  401d14:	f94017e0 	ldr	x0, [sp, #40]
  401d18:	97fffd7a 	bl	401300 <fprintf@plt>
  401d1c:	f00000e0 	adrp	x0, 420000 <fputs@GLIBC_2.17>
  401d20:	910b0000 	add	x0, x0, #0x2c0
  401d24:	b9803fe1 	ldrsw	x1, [sp, #60]
  401d28:	b8617800 	ldr	w0, [x0, x1, lsl #2]
  401d2c:	97fffdf1 	bl	4014f0 <close@plt>
  401d30:	7100001f 	cmp	w0, #0x0
  401d34:	1a9f07e0 	cset	w0, ne  // ne = any
  401d38:	12001c00 	and	w0, w0, #0xff
  401d3c:	7100001f 	cmp	w0, #0x0
  401d40:	54000080 	b.eq	401d50 <_ZL8pmu_savePKcm+0x1ac>  // b.none
  401d44:	90000020 	adrp	x0, 405000 <_ZSt9__fill_a1IPmmEN9__gnu_cxx11__enable_ifIXsrSt11__is_scalarIT0_E7__valueEvE6__typeET_S8_RKS4_+0x10>
  401d48:	91088000 	add	x0, x0, #0x220
  401d4c:	97fffe80 	bl	40174c <_ZL4failPKc>
  401d50:	b9403fe0 	ldr	w0, [sp, #60]
  401d54:	11000400 	add	w0, w0, #0x1
  401d58:	b9003fe0 	str	w0, [sp, #60]
  401d5c:	b9403fe0 	ldr	w0, [sp, #60]
  401d60:	71000c1f 	cmp	w0, #0x3
  401d64:	54fff5cd 	b.le	401c1c <_ZL8pmu_savePKcm+0x78>
  401d68:	f94017e3 	ldr	x3, [sp, #40]
  401d6c:	d2800062 	mov	x2, #0x3                   	// #3
  401d70:	d2800021 	mov	x1, #0x1                   	// #1
  401d74:	90000020 	adrp	x0, 405000 <_ZSt9__fill_a1IPmmEN9__gnu_cxx11__enable_ifIXsrSt11__is_scalarIT0_E7__valueEvE6__typeET_S8_RKS4_+0x10>
  401d78:	9108c000 	add	x0, x0, #0x230
  401d7c:	97fffe01 	bl	401580 <fwrite@plt>
  401d80:	f94017e0 	ldr	x0, [sp, #40]
  401d84:	97fffd73 	bl	401350 <fclose@plt>
  401d88:	7100001f 	cmp	w0, #0x0
  401d8c:	1a9f07e0 	cset	w0, ne  // ne = any
  401d90:	12001c00 	and	w0, w0, #0xff
  401d94:	7100001f 	cmp	w0, #0x0
  401d98:	54000080 	b.eq	401da8 <_ZL8pmu_savePKcm+0x204>  // b.none
  401d9c:	90000020 	adrp	x0, 405000 <_ZSt9__fill_a1IPmmEN9__gnu_cxx11__enable_ifIXsrSt11__is_scalarIT0_E7__valueEvE6__typeET_S8_RKS4_+0x10>
  401da0:	9108e000 	add	x0, x0, #0x238
  401da4:	97fffe6a 	bl	40174c <_ZL4failPKc>
  401da8:	d503201f 	nop
  401dac:	a8c47bfd 	ldp	x29, x30, [sp], #64
  401db0:	d65f03c0 	ret

0000000000401db4 <_ZL10save_ticksPKcPKmm>:
  401db4:	a9bc7bfd 	stp	x29, x30, [sp, #-64]!
  401db8:	910003fd 	mov	x29, sp
  401dbc:	f90017e0 	str	x0, [sp, #40]
  401dc0:	f90013e1 	str	x1, [sp, #32]
  401dc4:	f9000fe2 	str	x2, [sp, #24]
  401dc8:	90000020 	adrp	x0, 405000 <_ZSt9__fill_a1IPmmEN9__gnu_cxx11__enable_ifIXsrSt11__is_scalarIT0_E7__valueEvE6__typeET_S8_RKS4_+0x10>
  401dcc:	91092001 	add	x1, x0, #0x248
  401dd0:	f94017e0 	ldr	x0, [sp, #40]
  401dd4:	97fffdc3 	bl	4014e0 <fopen@plt>
  401dd8:	f9001fe0 	str	x0, [sp, #56]
  401ddc:	f9401fe0 	ldr	x0, [sp, #56]
  401de0:	f100001f 	cmp	x0, #0x0
  401de4:	54000140 	b.eq	401e0c <_ZL10save_ticksPKcPKmm+0x58>  // b.none
  401de8:	f9401fe3 	ldr	x3, [sp, #56]
  401dec:	f9400fe2 	ldr	x2, [sp, #24]
  401df0:	d2800101 	mov	x1, #0x8                   	// #8
  401df4:	f94013e0 	ldr	x0, [sp, #32]
  401df8:	97fffde2 	bl	401580 <fwrite@plt>
  401dfc:	aa0003e1 	mov	x1, x0
  401e00:	f9400fe0 	ldr	x0, [sp, #24]
  401e04:	eb01001f 	cmp	x0, x1
  401e08:	54000060 	b.eq	401e14 <_ZL10save_ticksPKcPKmm+0x60>  // b.none
  401e0c:	52800020 	mov	w0, #0x1                   	// #1
  401e10:	14000002 	b	401e18 <_ZL10save_ticksPKcPKmm+0x64>
  401e14:	52800000 	mov	w0, #0x0                   	// #0
  401e18:	7100001f 	cmp	w0, #0x0
  401e1c:	54000080 	b.eq	401e2c <_ZL10save_ticksPKcPKmm+0x78>  // b.none
  401e20:	90000020 	adrp	x0, 405000 <_ZSt9__fill_a1IPmmEN9__gnu_cxx11__enable_ifIXsrSt11__is_scalarIT0_E7__valueEvE6__typeET_S8_RKS4_+0x10>
  401e24:	91094000 	add	x0, x0, #0x250
  401e28:	97fffe49 	bl	40174c <_ZL4failPKc>
  401e2c:	f9401fe0 	ldr	x0, [sp, #56]
  401e30:	97fffd48 	bl	401350 <fclose@plt>
  401e34:	7100001f 	cmp	w0, #0x0
  401e38:	1a9f07e0 	cset	w0, ne  // ne = any
  401e3c:	12001c00 	and	w0, w0, #0xff
  401e40:	7100001f 	cmp	w0, #0x0
  401e44:	54000080 	b.eq	401e54 <_ZL10save_ticksPKcPKmm+0xa0>  // b.none
  401e48:	90000020 	adrp	x0, 405000 <_ZSt9__fill_a1IPmmEN9__gnu_cxx11__enable_ifIXsrSt11__is_scalarIT0_E7__valueEvE6__typeET_S8_RKS4_+0x10>
  401e4c:	91098000 	add	x0, x0, #0x260
  401e50:	97fffe3f 	bl	40174c <_ZL4failPKc>
  401e54:	d503201f 	nop
  401e58:	a8c47bfd 	ldp	x29, x30, [sp], #64
  401e5c:	d65f03c0 	ret

0000000000401e60 <_ZL9log_usageRK6rusageS1_>:
  401e60:	a9bd7bfd 	stp	x29, x30, [sp, #-48]!
  401e64:	910003fd 	mov	x29, sp
  401e68:	f9000bf3 	str	x19, [sp, #16]
  401e6c:	f90017e0 	str	x0, [sp, #40]
  401e70:	f90013e1 	str	x1, [sp, #32]
  401e74:	f00000e0 	adrp	x0, 420000 <fputs@GLIBC_2.17>
  401e78:	91064000 	add	x0, x0, #0x190
  401e7c:	f9400013 	ldr	x19, [x0]
  401e80:	97fffd2c 	bl	401330 <sched_getcpu@plt>
  401e84:	2a0003e7 	mov	w7, w0
  401e88:	f94013e0 	ldr	x0, [sp, #32]
  401e8c:	f9402001 	ldr	x1, [x0, #64]
  401e90:	f94017e0 	ldr	x0, [sp, #40]
  401e94:	f9402000 	ldr	x0, [x0, #64]
  401e98:	cb000022 	sub	x2, x1, x0
  401e9c:	f94013e0 	ldr	x0, [sp, #32]
  401ea0:	f9402401 	ldr	x1, [x0, #72]
  401ea4:	f94017e0 	ldr	x0, [sp, #40]
  401ea8:	f9402400 	ldr	x0, [x0, #72]
  401eac:	cb000023 	sub	x3, x1, x0
  401eb0:	f94013e0 	ldr	x0, [sp, #32]
  401eb4:	f9404001 	ldr	x1, [x0, #128]
  401eb8:	f94017e0 	ldr	x0, [sp, #40]
  401ebc:	f9404000 	ldr	x0, [x0, #128]
  401ec0:	cb000024 	sub	x4, x1, x0
  401ec4:	f94013e0 	ldr	x0, [sp, #32]
  401ec8:	f9404401 	ldr	x1, [x0, #136]
  401ecc:	f94017e0 	ldr	x0, [sp, #40]
  401ed0:	f9404400 	ldr	x0, [x0, #136]
  401ed4:	cb000020 	sub	x0, x1, x0
  401ed8:	aa0003e6 	mov	x6, x0
  401edc:	aa0403e5 	mov	x5, x4
  401ee0:	aa0303e4 	mov	x4, x3
  401ee4:	aa0203e3 	mov	x3, x2
  401ee8:	2a0703e2 	mov	w2, w7
  401eec:	90000020 	adrp	x0, 405000 <_ZSt9__fill_a1IPmmEN9__gnu_cxx11__enable_ifIXsrSt11__is_scalarIT0_E7__valueEvE6__typeET_S8_RKS4_+0x10>
  401ef0:	9109c001 	add	x1, x0, #0x270
  401ef4:	aa1303e0 	mov	x0, x19
  401ef8:	97fffd02 	bl	401300 <fprintf@plt>
  401efc:	d503201f 	nop
  401f00:	f9400bf3 	ldr	x19, [sp, #16]
  401f04:	a8c37bfd 	ldp	x29, x30, [sp], #48
  401f08:	d65f03c0 	ret

0000000000401f0c <_ZL11log_mappingPKvPKc>:
  401f0c:	d10983ff 	sub	sp, sp, #0x260
  401f10:	a9007bfd 	stp	x29, x30, [sp]
  401f14:	910003fd 	mov	x29, sp
  401f18:	f9000bf3 	str	x19, [sp, #16]
  401f1c:	f90017e0 	str	x0, [sp, #40]
  401f20:	f90013e1 	str	x1, [sp, #32]
  401f24:	90000020 	adrp	x0, 405000 <_ZSt9__fill_a1IPmmEN9__gnu_cxx11__enable_ifIXsrSt11__is_scalarIT0_E7__valueEvE6__typeET_S8_RKS4_+0x10>
  401f28:	910b4001 	add	x1, x0, #0x2d0
  401f2c:	90000020 	adrp	x0, 405000 <_ZSt9__fill_a1IPmmEN9__gnu_cxx11__enable_ifIXsrSt11__is_scalarIT0_E7__valueEvE6__typeET_S8_RKS4_+0x10>
  401f30:	910b6000 	add	x0, x0, #0x2d8
  401f34:	97fffd6b 	bl	4014e0 <fopen@plt>
  401f38:	f90127e0 	str	x0, [sp, #584]
  401f3c:	f94127e0 	ldr	x0, [sp, #584]
  401f40:	f100001f 	cmp	x0, #0x0
  401f44:	54000081 	b.ne	401f54 <_ZL11log_mappingPKvPKc+0x48>  // b.any
  401f48:	90000020 	adrp	x0, 405000 <_ZSt9__fill_a1IPmmEN9__gnu_cxx11__enable_ifIXsrSt11__is_scalarIT0_E7__valueEvE6__typeET_S8_RKS4_+0x10>
  401f4c:	910bc000 	add	x0, x0, #0x2f0
  401f50:	97fffdff 	bl	40174c <_ZL4failPKc>
  401f54:	f90023ff 	str	xzr, [sp, #64]
  401f58:	f9001fff 	str	xzr, [sp, #56]
  401f5c:	f9012fff 	str	xzr, [sp, #600]
  401f60:	39095fff 	strb	wzr, [sp, #599]
  401f64:	f00000e0 	adrp	x0, 420000 <fputs@GLIBC_2.17>
  401f68:	91064000 	add	x0, x0, #0x190
  401f6c:	f9400013 	ldr	x19, [x0]
  401f70:	97fffcf0 	bl	401330 <sched_getcpu@plt>
  401f74:	2a0003e4 	mov	w4, w0
  401f78:	f94017e3 	ldr	x3, [sp, #40]
  401f7c:	f94013e2 	ldr	x2, [sp, #32]
  401f80:	90000020 	adrp	x0, 405000 <_ZSt9__fill_a1IPmmEN9__gnu_cxx11__enable_ifIXsrSt11__is_scalarIT0_E7__valueEvE6__typeET_S8_RKS4_+0x10>
  401f84:	910be001 	add	x1, x0, #0x2f8
  401f88:	aa1303e0 	mov	x0, x19
  401f8c:	97fffcdd 	bl	401300 <fprintf@plt>
  401f90:	14000040 	b	402090 <_ZL11log_mappingPKvPKc+0x184>
  401f94:	9100e3e1 	add	x1, sp, #0x38
  401f98:	910103e0 	add	x0, sp, #0x40
  401f9c:	910123e4 	add	x4, sp, #0x48
  401fa0:	aa0103e3 	mov	x3, x1
  401fa4:	aa0003e2 	mov	x2, x0
  401fa8:	90000020 	adrp	x0, 405000 <_ZSt9__fill_a1IPmmEN9__gnu_cxx11__enable_ifIXsrSt11__is_scalarIT0_E7__valueEvE6__typeET_S8_RKS4_+0x10>
  401fac:	910c6001 	add	x1, x0, #0x318
  401fb0:	aa0403e0 	mov	x0, x4
  401fb4:	97fffd2f 	bl	401470 <__isoc99_sscanf@plt>
  401fb8:	7100081f 	cmp	w0, #0x2
  401fbc:	1a9f17e0 	cset	w0, eq  // eq = none
  401fc0:	12001c00 	and	w0, w0, #0xff
  401fc4:	7100001f 	cmp	w0, #0x0
  401fc8:	54000240 	b.eq	402010 <_ZL11log_mappingPKvPKc+0x104>  // b.none
  401fcc:	f94017e1 	ldr	x1, [sp, #40]
  401fd0:	f94023e0 	ldr	x0, [sp, #64]
  401fd4:	eb00003f 	cmp	x1, x0
  401fd8:	540000e3 	b.cc	401ff4 <_ZL11log_mappingPKvPKc+0xe8>  // b.lo, b.ul, b.last
  401fdc:	f94017e1 	ldr	x1, [sp, #40]
  401fe0:	f9401fe0 	ldr	x0, [sp, #56]
  401fe4:	eb00003f 	cmp	x1, x0
  401fe8:	54000062 	b.cs	401ff4 <_ZL11log_mappingPKvPKc+0xe8>  // b.hs, b.nlast
  401fec:	52800020 	mov	w0, #0x1                   	// #1
  401ff0:	14000002 	b	401ff8 <_ZL11log_mappingPKvPKc+0xec>
  401ff4:	52800000 	mov	w0, #0x0                   	// #0
  401ff8:	39095fe0 	strb	w0, [sp, #599]
  401ffc:	39495fe0 	ldrb	w0, [sp, #599]
  402000:	7100001f 	cmp	w0, #0x0
  402004:	54000060 	b.eq	402010 <_ZL11log_mappingPKvPKc+0x104>  // b.none
  402008:	f94023e0 	ldr	x0, [sp, #64]
  40200c:	f9012fe0 	str	x0, [sp, #600]
  402010:	39495fe0 	ldrb	w0, [sp, #599]
  402014:	7100001f 	cmp	w0, #0x0
  402018:	540003c0 	b.eq	402090 <_ZL11log_mappingPKvPKc+0x184>  // b.none
  40201c:	910123e3 	add	x3, sp, #0x48
  402020:	d28001c2 	mov	x2, #0xe                   	// #14
  402024:	f0000000 	adrp	x0, 405000 <_ZSt9__fill_a1IPmmEN9__gnu_cxx11__enable_ifIXsrSt11__is_scalarIT0_E7__valueEvE6__typeET_S8_RKS4_+0x10>
  402028:	910c8001 	add	x1, x0, #0x320
  40202c:	aa0303e0 	mov	x0, x3
  402030:	97fffd04 	bl	401440 <strncmp@plt>
  402034:	7100001f 	cmp	w0, #0x0
  402038:	54000220 	b.eq	40207c <_ZL11log_mappingPKvPKc+0x170>  // b.none
  40203c:	910123e3 	add	x3, sp, #0x48
  402040:	d28001e2 	mov	x2, #0xf                   	// #15
  402044:	f0000000 	adrp	x0, 405000 <_ZSt9__fill_a1IPmmEN9__gnu_cxx11__enable_ifIXsrSt11__is_scalarIT0_E7__valueEvE6__typeET_S8_RKS4_+0x10>
  402048:	910cc001 	add	x1, x0, #0x330
  40204c:	aa0303e0 	mov	x0, x3
  402050:	97fffcfc 	bl	401440 <strncmp@plt>
  402054:	7100001f 	cmp	w0, #0x0
  402058:	54000120 	b.eq	40207c <_ZL11log_mappingPKvPKc+0x170>  // b.none
  40205c:	910123e3 	add	x3, sp, #0x48
  402060:	d28000a2 	mov	x2, #0x5                   	// #5
  402064:	f0000000 	adrp	x0, 405000 <_ZSt9__fill_a1IPmmEN9__gnu_cxx11__enable_ifIXsrSt11__is_scalarIT0_E7__valueEvE6__typeET_S8_RKS4_+0x10>
  402068:	910d0001 	add	x1, x0, #0x340
  40206c:	aa0303e0 	mov	x0, x3
  402070:	97fffcf4 	bl	401440 <strncmp@plt>
  402074:	7100001f 	cmp	w0, #0x0
  402078:	540000c1 	b.ne	402090 <_ZL11log_mappingPKvPKc+0x184>  // b.any
  40207c:	d00000e0 	adrp	x0, 420000 <fputs@GLIBC_2.17>
  402080:	91064000 	add	x0, x0, #0x190
  402084:	f9400001 	ldr	x1, [x0]
  402088:	910123e0 	add	x0, sp, #0x48
  40208c:	97fffc95 	bl	4012e0 <fputs@plt>
  402090:	910123e0 	add	x0, sp, #0x48
  402094:	f94127e2 	ldr	x2, [sp, #584]
  402098:	52804001 	mov	w1, #0x200                 	// #512
  40209c:	97fffd1d 	bl	401510 <fgets@plt>
  4020a0:	f100001f 	cmp	x0, #0x0
  4020a4:	1a9f07e0 	cset	w0, ne  // ne = any
  4020a8:	12001c00 	and	w0, w0, #0xff
  4020ac:	7100001f 	cmp	w0, #0x0
  4020b0:	54fff721 	b.ne	401f94 <_ZL11log_mappingPKvPKc+0x88>  // b.any
  4020b4:	f94127e0 	ldr	x0, [sp, #584]
  4020b8:	97fffca6 	bl	401350 <fclose@plt>
  4020bc:	f0000000 	adrp	x0, 405000 <_ZSt9__fill_a1IPmmEN9__gnu_cxx11__enable_ifIXsrSt11__is_scalarIT0_E7__valueEvE6__typeET_S8_RKS4_+0x10>
  4020c0:	910b4001 	add	x1, x0, #0x2d0
  4020c4:	f0000000 	adrp	x0, 405000 <_ZSt9__fill_a1IPmmEN9__gnu_cxx11__enable_ifIXsrSt11__is_scalarIT0_E7__valueEvE6__typeET_S8_RKS4_+0x10>
  4020c8:	910d2000 	add	x0, x0, #0x348
  4020cc:	97fffd05 	bl	4014e0 <fopen@plt>
  4020d0:	f90127e0 	str	x0, [sp, #584]
  4020d4:	f94127e0 	ldr	x0, [sp, #584]
  4020d8:	f100001f 	cmp	x0, #0x0
  4020dc:	54000401 	b.ne	40215c <_ZL11log_mappingPKvPKc+0x250>  // b.any
  4020e0:	f0000000 	adrp	x0, 405000 <_ZSt9__fill_a1IPmmEN9__gnu_cxx11__enable_ifIXsrSt11__is_scalarIT0_E7__valueEvE6__typeET_S8_RKS4_+0x10>
  4020e4:	910d8000 	add	x0, x0, #0x360
  4020e8:	97fffd99 	bl	40174c <_ZL4failPKc>
  4020ec:	1400001c 	b	40215c <_ZL11log_mappingPKvPKc+0x250>
  4020f0:	910103e0 	add	x0, sp, #0x40
  4020f4:	910123e3 	add	x3, sp, #0x48
  4020f8:	aa0003e2 	mov	x2, x0
  4020fc:	f0000000 	adrp	x0, 405000 <_ZSt9__fill_a1IPmmEN9__gnu_cxx11__enable_ifIXsrSt11__is_scalarIT0_E7__valueEvE6__typeET_S8_RKS4_+0x10>
  402100:	910dc001 	add	x1, x0, #0x370
  402104:	aa0303e0 	mov	x0, x3
  402108:	97fffcda 	bl	401470 <__isoc99_sscanf@plt>
  40210c:	7100041f 	cmp	w0, #0x1
  402110:	540000e1 	b.ne	40212c <_ZL11log_mappingPKvPKc+0x220>  // b.any
  402114:	f94023e0 	ldr	x0, [sp, #64]
  402118:	f9412fe1 	ldr	x1, [sp, #600]
  40211c:	eb00003f 	cmp	x1, x0
  402120:	54000061 	b.ne	40212c <_ZL11log_mappingPKvPKc+0x220>  // b.any
  402124:	52800020 	mov	w0, #0x1                   	// #1
  402128:	14000002 	b	402130 <_ZL11log_mappingPKvPKc+0x224>
  40212c:	52800000 	mov	w0, #0x0                   	// #0
  402130:	7100001f 	cmp	w0, #0x0
  402134:	54000140 	b.eq	40215c <_ZL11log_mappingPKvPKc+0x250>  // b.none
  402138:	d00000e0 	adrp	x0, 420000 <fputs@GLIBC_2.17>
  40213c:	91064000 	add	x0, x0, #0x190
  402140:	f9400003 	ldr	x3, [x0]
  402144:	910123e0 	add	x0, sp, #0x48
  402148:	aa0003e2 	mov	x2, x0
  40214c:	f0000000 	adrp	x0, 405000 <_ZSt9__fill_a1IPmmEN9__gnu_cxx11__enable_ifIXsrSt11__is_scalarIT0_E7__valueEvE6__typeET_S8_RKS4_+0x10>
  402150:	910de001 	add	x1, x0, #0x378
  402154:	aa0303e0 	mov	x0, x3
  402158:	97fffc6a 	bl	401300 <fprintf@plt>
  40215c:	910123e0 	add	x0, sp, #0x48
  402160:	f94127e2 	ldr	x2, [sp, #584]
  402164:	52804001 	mov	w1, #0x200                 	// #512
  402168:	97fffcea 	bl	401510 <fgets@plt>
  40216c:	f100001f 	cmp	x0, #0x0
  402170:	1a9f07e0 	cset	w0, ne  // ne = any
  402174:	12001c00 	and	w0, w0, #0xff
  402178:	7100001f 	cmp	w0, #0x0
  40217c:	54fffba1 	b.ne	4020f0 <_ZL11log_mappingPKvPKc+0x1e4>  // b.any
  402180:	f94127e0 	ldr	x0, [sp, #584]
  402184:	97fffc73 	bl	401350 <fclose@plt>
  402188:	d503201f 	nop
  40218c:	f9400bf3 	ldr	x19, [sp, #16]
  402190:	a9407bfd 	ldp	x29, x30, [sp]
  402194:	910983ff 	add	sp, sp, #0x260
  402198:	d65f03c0 	ret

000000000040219c <_ZL9tsc_startv>:
  40219c:	a9bf7bfd 	stp	x29, x30, [sp, #-16]!
  4021a0:	910003fd 	mov	x29, sp
  4021a4:	97fffd58 	bl	401704 <_ZL11timer_startv>
  4021a8:	a8c17bfd 	ldp	x29, x30, [sp], #16
  4021ac:	d65f03c0 	ret

00000000004021b0 <_ZL8tsc_stopv>:
  4021b0:	a9bf7bfd 	stp	x29, x30, [sp, #-16]!
  4021b4:	910003fd 	mov	x29, sp
  4021b8:	97fffd5c 	bl	401728 <_ZL10timer_stopv>
  4021bc:	a8c17bfd 	ldp	x29, x30, [sp], #16
  4021c0:	d65f03c0 	ret

00000000004021c4 <_Z10parse_argsiPPcR6Config>:
  4021c4:	a9a57bfd 	stp	x29, x30, [sp, #-432]!
  4021c8:	910003fd 	mov	x29, sp
  4021cc:	a90153f3 	stp	x19, x20, [sp, #16]
  4021d0:	b9003fe0 	str	w0, [sp, #60]
  4021d4:	f9001be1 	str	x1, [sp, #48]
  4021d8:	f90017e2 	str	x2, [sp, #40]
  4021dc:	52800013 	mov	w19, #0x0                   	// #0
  4021e0:	f94017e0 	ldr	x0, [sp, #40]
  4021e4:	f9006c1f 	str	xzr, [x0, #216]
  4021e8:	52800020 	mov	w0, #0x1                   	// #1
  4021ec:	b901afe0 	str	w0, [sp, #428]
  4021f0:	14000230 	b	402ab0 <_Z10parse_argsiPPcR6Config+0x8ec>
  4021f4:	b981afe0 	ldrsw	x0, [sp, #428]
  4021f8:	d37df000 	lsl	x0, x0, #3
  4021fc:	f9401be1 	ldr	x1, [sp, #48]
  402200:	8b000020 	add	x0, x1, x0
  402204:	f9400014 	ldr	x20, [x0]
  402208:	9101a3e0 	add	x0, sp, #0x68
  40220c:	97fffce5 	bl	4015a0 <_ZNSaIcEC1Ev@plt>
  402210:	9101a3e1 	add	x1, sp, #0x68
  402214:	910123e0 	add	x0, sp, #0x48
  402218:	aa0103e2 	mov	x2, x1
  40221c:	aa1403e1 	mov	x1, x20
  402220:	97fffca8 	bl	4014c0 <_ZNSt7__cxx1112basic_stringIcSt11char_traitsIcESaIcEEC1EPKcRKS3_@plt>
  402224:	9101a3e0 	add	x0, sp, #0x68
  402228:	97fffc8e 	bl	401460 <_ZNSaIcED1Ev@plt>
  40222c:	910123e2 	add	x2, sp, #0x48
  402230:	f0000000 	adrp	x0, 405000 <_ZSt9__fill_a1IPmmEN9__gnu_cxx11__enable_ifIXsrSt11__is_scalarIT0_E7__valueEvE6__typeET_S8_RKS4_+0x10>
  402234:	910e4001 	add	x1, x0, #0x390
  402238:	aa0203e0 	mov	x0, x2
  40223c:	940005a6 	bl	4038d4 <_ZSteqIcSt11char_traitsIcESaIcEEbRKNSt7__cxx1112basic_stringIT_T0_T1_EEPKS5_>
  402240:	12001c00 	and	w0, w0, #0xff
  402244:	7100001f 	cmp	w0, #0x0
  402248:	54000100 	b.eq	402268 <_Z10parse_argsiPPcR6Config+0xa4>  // b.none
  40224c:	b941afe0 	ldr	w0, [sp, #428]
  402250:	11000400 	add	w0, w0, #0x1
  402254:	b9403fe1 	ldr	w1, [sp, #60]
  402258:	6b00003f 	cmp	w1, w0
  40225c:	5400006d 	b.le	402268 <_Z10parse_argsiPPcR6Config+0xa4>
  402260:	52800020 	mov	w0, #0x1                   	// #1
  402264:	14000002 	b	40226c <_Z10parse_argsiPPcR6Config+0xa8>
  402268:	52800000 	mov	w0, #0x0                   	// #0
  40226c:	7100001f 	cmp	w0, #0x0
  402270:	540001c0 	b.eq	4022a8 <_Z10parse_argsiPPcR6Config+0xe4>  // b.none
  402274:	f94017e2 	ldr	x2, [sp, #40]
  402278:	b941afe0 	ldr	w0, [sp, #428]
  40227c:	11000400 	add	w0, w0, #0x1
  402280:	b901afe0 	str	w0, [sp, #428]
  402284:	b981afe0 	ldrsw	x0, [sp, #428]
  402288:	d37df000 	lsl	x0, x0, #3
  40228c:	f9401be1 	ldr	x1, [sp, #48]
  402290:	8b000020 	add	x0, x1, x0
  402294:	f9400000 	ldr	x0, [x0]
  402298:	aa0003e1 	mov	x1, x0
  40229c:	aa0203e0 	mov	x0, x2
  4022a0:	97fffc84 	bl	4014b0 <_ZNSt7__cxx1112basic_stringIcSt11char_traitsIcESaIcEEaSEPKc@plt>
  4022a4:	140001fb 	b	402a90 <_Z10parse_argsiPPcR6Config+0x8cc>
  4022a8:	910123e2 	add	x2, sp, #0x48
  4022ac:	f0000000 	adrp	x0, 405000 <_ZSt9__fill_a1IPmmEN9__gnu_cxx11__enable_ifIXsrSt11__is_scalarIT0_E7__valueEvE6__typeET_S8_RKS4_+0x10>
  4022b0:	910e8001 	add	x1, x0, #0x3a0
  4022b4:	aa0203e0 	mov	x0, x2
  4022b8:	94000587 	bl	4038d4 <_ZSteqIcSt11char_traitsIcESaIcEEbRKNSt7__cxx1112basic_stringIT_T0_T1_EEPKS5_>
  4022bc:	12001c00 	and	w0, w0, #0xff
  4022c0:	7100001f 	cmp	w0, #0x0
  4022c4:	54000100 	b.eq	4022e4 <_Z10parse_argsiPPcR6Config+0x120>  // b.none
  4022c8:	b941afe0 	ldr	w0, [sp, #428]
  4022cc:	11000400 	add	w0, w0, #0x1
  4022d0:	b9403fe1 	ldr	w1, [sp, #60]
  4022d4:	6b00003f 	cmp	w1, w0
  4022d8:	5400006d 	b.le	4022e4 <_Z10parse_argsiPPcR6Config+0x120>
  4022dc:	52800020 	mov	w0, #0x1                   	// #1
  4022e0:	14000002 	b	4022e8 <_Z10parse_argsiPPcR6Config+0x124>
  4022e4:	52800000 	mov	w0, #0x0                   	// #0
  4022e8:	7100001f 	cmp	w0, #0x0
  4022ec:	540001e0 	b.eq	402328 <_Z10parse_argsiPPcR6Config+0x164>  // b.none
  4022f0:	f94017e0 	ldr	x0, [sp, #40]
  4022f4:	91008002 	add	x2, x0, #0x20
  4022f8:	b941afe0 	ldr	w0, [sp, #428]
  4022fc:	11000400 	add	w0, w0, #0x1
  402300:	b901afe0 	str	w0, [sp, #428]
  402304:	b981afe0 	ldrsw	x0, [sp, #428]
  402308:	d37df000 	lsl	x0, x0, #3
  40230c:	f9401be1 	ldr	x1, [sp, #48]
  402310:	8b000020 	add	x0, x1, x0
  402314:	f9400000 	ldr	x0, [x0]
  402318:	aa0003e1 	mov	x1, x0
  40231c:	aa0203e0 	mov	x0, x2
  402320:	97fffc64 	bl	4014b0 <_ZNSt7__cxx1112basic_stringIcSt11char_traitsIcESaIcEEaSEPKc@plt>
  402324:	140001db 	b	402a90 <_Z10parse_argsiPPcR6Config+0x8cc>
  402328:	910123e2 	add	x2, sp, #0x48
  40232c:	f0000000 	adrp	x0, 405000 <_ZSt9__fill_a1IPmmEN9__gnu_cxx11__enable_ifIXsrSt11__is_scalarIT0_E7__valueEvE6__typeET_S8_RKS4_+0x10>
  402330:	910ec001 	add	x1, x0, #0x3b0
  402334:	aa0203e0 	mov	x0, x2
  402338:	94000567 	bl	4038d4 <_ZSteqIcSt11char_traitsIcESaIcEEbRKNSt7__cxx1112basic_stringIT_T0_T1_EEPKS5_>
  40233c:	12001c00 	and	w0, w0, #0xff
  402340:	7100001f 	cmp	w0, #0x0
  402344:	54000100 	b.eq	402364 <_Z10parse_argsiPPcR6Config+0x1a0>  // b.none
  402348:	b941afe0 	ldr	w0, [sp, #428]
  40234c:	11000400 	add	w0, w0, #0x1
  402350:	b9403fe1 	ldr	w1, [sp, #60]
  402354:	6b00003f 	cmp	w1, w0
  402358:	5400006d 	b.le	402364 <_Z10parse_argsiPPcR6Config+0x1a0>
  40235c:	52800020 	mov	w0, #0x1                   	// #1
  402360:	14000002 	b	402368 <_Z10parse_argsiPPcR6Config+0x1a4>
  402364:	52800000 	mov	w0, #0x0                   	// #0
  402368:	7100001f 	cmp	w0, #0x0
  40236c:	540001e0 	b.eq	4023a8 <_Z10parse_argsiPPcR6Config+0x1e4>  // b.none
  402370:	f94017e0 	ldr	x0, [sp, #40]
  402374:	91010002 	add	x2, x0, #0x40
  402378:	b941afe0 	ldr	w0, [sp, #428]
  40237c:	11000400 	add	w0, w0, #0x1
  402380:	b901afe0 	str	w0, [sp, #428]
  402384:	b981afe0 	ldrsw	x0, [sp, #428]
  402388:	d37df000 	lsl	x0, x0, #3
  40238c:	f9401be1 	ldr	x1, [sp, #48]
  402390:	8b000020 	add	x0, x1, x0
  402394:	f9400000 	ldr	x0, [x0]
  402398:	aa0003e1 	mov	x1, x0
  40239c:	aa0203e0 	mov	x0, x2
  4023a0:	97fffc44 	bl	4014b0 <_ZNSt7__cxx1112basic_stringIcSt11char_traitsIcESaIcEEaSEPKc@plt>
  4023a4:	140001bb 	b	402a90 <_Z10parse_argsiPPcR6Config+0x8cc>
  4023a8:	910123e2 	add	x2, sp, #0x48
  4023ac:	f0000000 	adrp	x0, 405000 <_ZSt9__fill_a1IPmmEN9__gnu_cxx11__enable_ifIXsrSt11__is_scalarIT0_E7__valueEvE6__typeET_S8_RKS4_+0x10>
  4023b0:	910f0001 	add	x1, x0, #0x3c0
  4023b4:	aa0203e0 	mov	x0, x2
  4023b8:	94000547 	bl	4038d4 <_ZSteqIcSt11char_traitsIcESaIcEEbRKNSt7__cxx1112basic_stringIT_T0_T1_EEPKS5_>
  4023bc:	12001c00 	and	w0, w0, #0xff
  4023c0:	7100001f 	cmp	w0, #0x0
  4023c4:	54000100 	b.eq	4023e4 <_Z10parse_argsiPPcR6Config+0x220>  // b.none
  4023c8:	b941afe0 	ldr	w0, [sp, #428]
  4023cc:	11000400 	add	w0, w0, #0x1
  4023d0:	b9403fe1 	ldr	w1, [sp, #60]
  4023d4:	6b00003f 	cmp	w1, w0
  4023d8:	5400006d 	b.le	4023e4 <_Z10parse_argsiPPcR6Config+0x220>
  4023dc:	52800020 	mov	w0, #0x1                   	// #1
  4023e0:	14000002 	b	4023e8 <_Z10parse_argsiPPcR6Config+0x224>
  4023e4:	52800000 	mov	w0, #0x0                   	// #0
  4023e8:	7100001f 	cmp	w0, #0x0
  4023ec:	54000380 	b.eq	40245c <_Z10parse_argsiPPcR6Config+0x298>  // b.none
  4023f0:	b941afe0 	ldr	w0, [sp, #428]
  4023f4:	11000400 	add	w0, w0, #0x1
  4023f8:	b901afe0 	str	w0, [sp, #428]
  4023fc:	b981afe0 	ldrsw	x0, [sp, #428]
  402400:	d37df000 	lsl	x0, x0, #3
  402404:	f9401be1 	ldr	x1, [sp, #48]
  402408:	8b000020 	add	x0, x1, x0
  40240c:	f9400014 	ldr	x20, [x0]
  402410:	910243e0 	add	x0, sp, #0x90
  402414:	97fffc63 	bl	4015a0 <_ZNSaIcEC1Ev@plt>
  402418:	910243e1 	add	x1, sp, #0x90
  40241c:	9101c3e0 	add	x0, sp, #0x70
  402420:	aa0103e2 	mov	x2, x1
  402424:	aa1403e1 	mov	x1, x20
  402428:	97fffc26 	bl	4014c0 <_ZNSt7__cxx1112basic_stringIcSt11char_traitsIcESaIcEEC1EPKcRKS3_@plt>
  40242c:	9101c3e0 	add	x0, sp, #0x70
  402430:	52800142 	mov	w2, #0xa                   	// #10
  402434:	d2800001 	mov	x1, #0x0                   	// #0
  402438:	940004a1 	bl	4036bc <_ZNSt7__cxx115stoulERKNS_12basic_stringIcSt11char_traitsIcESaIcEEEPmi>
  40243c:	aa0003e1 	mov	x1, x0
  402440:	f94017e0 	ldr	x0, [sp, #40]
  402444:	f9003001 	str	x1, [x0, #96]
  402448:	9101c3e0 	add	x0, sp, #0x70
  40244c:	97fffbd1 	bl	401390 <_ZNSt7__cxx1112basic_stringIcSt11char_traitsIcESaIcEED1Ev@plt>
  402450:	910243e0 	add	x0, sp, #0x90
  402454:	97fffc03 	bl	401460 <_ZNSaIcED1Ev@plt>
  402458:	1400018e 	b	402a90 <_Z10parse_argsiPPcR6Config+0x8cc>
  40245c:	910123e2 	add	x2, sp, #0x48
  402460:	f0000000 	adrp	x0, 405000 <_ZSt9__fill_a1IPmmEN9__gnu_cxx11__enable_ifIXsrSt11__is_scalarIT0_E7__valueEvE6__typeET_S8_RKS4_+0x10>
  402464:	910f4001 	add	x1, x0, #0x3d0
  402468:	aa0203e0 	mov	x0, x2
  40246c:	9400051a 	bl	4038d4 <_ZSteqIcSt11char_traitsIcESaIcEEbRKNSt7__cxx1112basic_stringIT_T0_T1_EEPKS5_>
  402470:	12001c00 	and	w0, w0, #0xff
  402474:	7100001f 	cmp	w0, #0x0
  402478:	54000100 	b.eq	402498 <_Z10parse_argsiPPcR6Config+0x2d4>  // b.none
  40247c:	b941afe0 	ldr	w0, [sp, #428]
  402480:	11000400 	add	w0, w0, #0x1
  402484:	b9403fe1 	ldr	w1, [sp, #60]
  402488:	6b00003f 	cmp	w1, w0
  40248c:	5400006d 	b.le	402498 <_Z10parse_argsiPPcR6Config+0x2d4>
  402490:	52800020 	mov	w0, #0x1                   	// #1
  402494:	14000002 	b	40249c <_Z10parse_argsiPPcR6Config+0x2d8>
  402498:	52800000 	mov	w0, #0x0                   	// #0
  40249c:	7100001f 	cmp	w0, #0x0
  4024a0:	54000380 	b.eq	402510 <_Z10parse_argsiPPcR6Config+0x34c>  // b.none
  4024a4:	b941afe0 	ldr	w0, [sp, #428]
  4024a8:	11000400 	add	w0, w0, #0x1
  4024ac:	b901afe0 	str	w0, [sp, #428]
  4024b0:	b981afe0 	ldrsw	x0, [sp, #428]
  4024b4:	d37df000 	lsl	x0, x0, #3
  4024b8:	f9401be1 	ldr	x1, [sp, #48]
  4024bc:	8b000020 	add	x0, x1, x0
  4024c0:	f9400014 	ldr	x20, [x0]
  4024c4:	9102e3e0 	add	x0, sp, #0xb8
  4024c8:	97fffc36 	bl	4015a0 <_ZNSaIcEC1Ev@plt>
  4024cc:	9102e3e1 	add	x1, sp, #0xb8
  4024d0:	910263e0 	add	x0, sp, #0x98
  4024d4:	aa0103e2 	mov	x2, x1
  4024d8:	aa1403e1 	mov	x1, x20
  4024dc:	97fffbf9 	bl	4014c0 <_ZNSt7__cxx1112basic_stringIcSt11char_traitsIcESaIcEEC1EPKcRKS3_@plt>
  4024e0:	910263e0 	add	x0, sp, #0x98
  4024e4:	52800142 	mov	w2, #0xa                   	// #10
  4024e8:	d2800001 	mov	x1, #0x0                   	// #0
  4024ec:	94000474 	bl	4036bc <_ZNSt7__cxx115stoulERKNS_12basic_stringIcSt11char_traitsIcESaIcEEEPmi>
  4024f0:	aa0003e1 	mov	x1, x0
  4024f4:	f94017e0 	ldr	x0, [sp, #40]
  4024f8:	f9003401 	str	x1, [x0, #104]
  4024fc:	910263e0 	add	x0, sp, #0x98
  402500:	97fffba4 	bl	401390 <_ZNSt7__cxx1112basic_stringIcSt11char_traitsIcESaIcEED1Ev@plt>
  402504:	9102e3e0 	add	x0, sp, #0xb8
  402508:	97fffbd6 	bl	401460 <_ZNSaIcED1Ev@plt>
  40250c:	14000161 	b	402a90 <_Z10parse_argsiPPcR6Config+0x8cc>
  402510:	910123e2 	add	x2, sp, #0x48
  402514:	f0000000 	adrp	x0, 405000 <_ZSt9__fill_a1IPmmEN9__gnu_cxx11__enable_ifIXsrSt11__is_scalarIT0_E7__valueEvE6__typeET_S8_RKS4_+0x10>
  402518:	910f8001 	add	x1, x0, #0x3e0
  40251c:	aa0203e0 	mov	x0, x2
  402520:	940004ed 	bl	4038d4 <_ZSteqIcSt11char_traitsIcESaIcEEbRKNSt7__cxx1112basic_stringIT_T0_T1_EEPKS5_>
  402524:	12001c00 	and	w0, w0, #0xff
  402528:	7100001f 	cmp	w0, #0x0
  40252c:	54000100 	b.eq	40254c <_Z10parse_argsiPPcR6Config+0x388>  // b.none
  402530:	b941afe0 	ldr	w0, [sp, #428]
  402534:	11000400 	add	w0, w0, #0x1
  402538:	b9403fe1 	ldr	w1, [sp, #60]
  40253c:	6b00003f 	cmp	w1, w0
  402540:	5400006d 	b.le	40254c <_Z10parse_argsiPPcR6Config+0x388>
  402544:	52800020 	mov	w0, #0x1                   	// #1
  402548:	14000002 	b	402550 <_Z10parse_argsiPPcR6Config+0x38c>
  40254c:	52800000 	mov	w0, #0x0                   	// #0
  402550:	7100001f 	cmp	w0, #0x0
  402554:	54000380 	b.eq	4025c4 <_Z10parse_argsiPPcR6Config+0x400>  // b.none
  402558:	b941afe0 	ldr	w0, [sp, #428]
  40255c:	11000400 	add	w0, w0, #0x1
  402560:	b901afe0 	str	w0, [sp, #428]
  402564:	b981afe0 	ldrsw	x0, [sp, #428]
  402568:	d37df000 	lsl	x0, x0, #3
  40256c:	f9401be1 	ldr	x1, [sp, #48]
  402570:	8b000020 	add	x0, x1, x0
  402574:	f9400014 	ldr	x20, [x0]
  402578:	910383e0 	add	x0, sp, #0xe0
  40257c:	97fffc09 	bl	4015a0 <_ZNSaIcEC1Ev@plt>
  402580:	910383e1 	add	x1, sp, #0xe0
  402584:	910303e0 	add	x0, sp, #0xc0
  402588:	aa0103e2 	mov	x2, x1
  40258c:	aa1403e1 	mov	x1, x20
  402590:	97fffbcc 	bl	4014c0 <_ZNSt7__cxx1112basic_stringIcSt11char_traitsIcESaIcEEC1EPKcRKS3_@plt>
  402594:	910303e0 	add	x0, sp, #0xc0
  402598:	52800142 	mov	w2, #0xa                   	// #10
  40259c:	d2800001 	mov	x1, #0x0                   	// #0
  4025a0:	94000447 	bl	4036bc <_ZNSt7__cxx115stoulERKNS_12basic_stringIcSt11char_traitsIcESaIcEEEPmi>
  4025a4:	aa0003e1 	mov	x1, x0
  4025a8:	f94017e0 	ldr	x0, [sp, #40]
  4025ac:	f9003801 	str	x1, [x0, #112]
  4025b0:	910303e0 	add	x0, sp, #0xc0
  4025b4:	97fffb77 	bl	401390 <_ZNSt7__cxx1112basic_stringIcSt11char_traitsIcESaIcEED1Ev@plt>
  4025b8:	910383e0 	add	x0, sp, #0xe0
  4025bc:	97fffba9 	bl	401460 <_ZNSaIcED1Ev@plt>
  4025c0:	14000134 	b	402a90 <_Z10parse_argsiPPcR6Config+0x8cc>
  4025c4:	910123e2 	add	x2, sp, #0x48
  4025c8:	f0000000 	adrp	x0, 405000 <_ZSt9__fill_a1IPmmEN9__gnu_cxx11__enable_ifIXsrSt11__is_scalarIT0_E7__valueEvE6__typeET_S8_RKS4_+0x10>
  4025cc:	910fc001 	add	x1, x0, #0x3f0
  4025d0:	aa0203e0 	mov	x0, x2
  4025d4:	940004c0 	bl	4038d4 <_ZSteqIcSt11char_traitsIcESaIcEEbRKNSt7__cxx1112basic_stringIT_T0_T1_EEPKS5_>
  4025d8:	12001c00 	and	w0, w0, #0xff
  4025dc:	7100001f 	cmp	w0, #0x0
  4025e0:	54000100 	b.eq	402600 <_Z10parse_argsiPPcR6Config+0x43c>  // b.none
  4025e4:	b941afe0 	ldr	w0, [sp, #428]
  4025e8:	11000400 	add	w0, w0, #0x1
  4025ec:	b9403fe1 	ldr	w1, [sp, #60]
  4025f0:	6b00003f 	cmp	w1, w0
  4025f4:	5400006d 	b.le	402600 <_Z10parse_argsiPPcR6Config+0x43c>
  4025f8:	52800020 	mov	w0, #0x1                   	// #1
  4025fc:	14000002 	b	402604 <_Z10parse_argsiPPcR6Config+0x440>
  402600:	52800000 	mov	w0, #0x0                   	// #0
  402604:	7100001f 	cmp	w0, #0x0
  402608:	54000380 	b.eq	402678 <_Z10parse_argsiPPcR6Config+0x4b4>  // b.none
  40260c:	b941afe0 	ldr	w0, [sp, #428]
  402610:	11000400 	add	w0, w0, #0x1
  402614:	b901afe0 	str	w0, [sp, #428]
  402618:	b981afe0 	ldrsw	x0, [sp, #428]
  40261c:	d37df000 	lsl	x0, x0, #3
  402620:	f9401be1 	ldr	x1, [sp, #48]
  402624:	8b000020 	add	x0, x1, x0
  402628:	f9400014 	ldr	x20, [x0]
  40262c:	910423e0 	add	x0, sp, #0x108
  402630:	97fffbdc 	bl	4015a0 <_ZNSaIcEC1Ev@plt>
  402634:	910423e1 	add	x1, sp, #0x108
  402638:	9103a3e0 	add	x0, sp, #0xe8
  40263c:	aa0103e2 	mov	x2, x1
  402640:	aa1403e1 	mov	x1, x20
  402644:	97fffb9f 	bl	4014c0 <_ZNSt7__cxx1112basic_stringIcSt11char_traitsIcESaIcEEC1EPKcRKS3_@plt>
  402648:	9103a3e0 	add	x0, sp, #0xe8
  40264c:	52800142 	mov	w2, #0xa                   	// #10
  402650:	d2800001 	mov	x1, #0x0                   	// #0
  402654:	9400041a 	bl	4036bc <_ZNSt7__cxx115stoulERKNS_12basic_stringIcSt11char_traitsIcESaIcEEEPmi>
  402658:	aa0003e1 	mov	x1, x0
  40265c:	f94017e0 	ldr	x0, [sp, #40]
  402660:	f9003c01 	str	x1, [x0, #120]
  402664:	9103a3e0 	add	x0, sp, #0xe8
  402668:	97fffb4a 	bl	401390 <_ZNSt7__cxx1112basic_stringIcSt11char_traitsIcESaIcEED1Ev@plt>
  40266c:	910423e0 	add	x0, sp, #0x108
  402670:	97fffb7c 	bl	401460 <_ZNSaIcED1Ev@plt>
  402674:	14000107 	b	402a90 <_Z10parse_argsiPPcR6Config+0x8cc>
  402678:	910123e2 	add	x2, sp, #0x48
  40267c:	f0000000 	adrp	x0, 405000 <_ZSt9__fill_a1IPmmEN9__gnu_cxx11__enable_ifIXsrSt11__is_scalarIT0_E7__valueEvE6__typeET_S8_RKS4_+0x10>
  402680:	910fe001 	add	x1, x0, #0x3f8
  402684:	aa0203e0 	mov	x0, x2
  402688:	94000493 	bl	4038d4 <_ZSteqIcSt11char_traitsIcESaIcEEbRKNSt7__cxx1112basic_stringIT_T0_T1_EEPKS5_>
  40268c:	12001c00 	and	w0, w0, #0xff
  402690:	7100001f 	cmp	w0, #0x0
  402694:	54000100 	b.eq	4026b4 <_Z10parse_argsiPPcR6Config+0x4f0>  // b.none
  402698:	b941afe0 	ldr	w0, [sp, #428]
  40269c:	11000400 	add	w0, w0, #0x1
  4026a0:	b9403fe1 	ldr	w1, [sp, #60]
  4026a4:	6b00003f 	cmp	w1, w0
  4026a8:	5400006d 	b.le	4026b4 <_Z10parse_argsiPPcR6Config+0x4f0>
  4026ac:	52800020 	mov	w0, #0x1                   	// #1
  4026b0:	14000002 	b	4026b8 <_Z10parse_argsiPPcR6Config+0x4f4>
  4026b4:	52800000 	mov	w0, #0x0                   	// #0
  4026b8:	7100001f 	cmp	w0, #0x0
  4026bc:	54000380 	b.eq	40272c <_Z10parse_argsiPPcR6Config+0x568>  // b.none
  4026c0:	b941afe0 	ldr	w0, [sp, #428]
  4026c4:	11000400 	add	w0, w0, #0x1
  4026c8:	b901afe0 	str	w0, [sp, #428]
  4026cc:	b981afe0 	ldrsw	x0, [sp, #428]
  4026d0:	d37df000 	lsl	x0, x0, #3
  4026d4:	f9401be1 	ldr	x1, [sp, #48]
  4026d8:	8b000020 	add	x0, x1, x0
  4026dc:	f9400014 	ldr	x20, [x0]
  4026e0:	9104c3e0 	add	x0, sp, #0x130
  4026e4:	97fffbaf 	bl	4015a0 <_ZNSaIcEC1Ev@plt>
  4026e8:	9104c3e1 	add	x1, sp, #0x130
  4026ec:	910443e0 	add	x0, sp, #0x110
  4026f0:	aa0103e2 	mov	x2, x1
  4026f4:	aa1403e1 	mov	x1, x20
  4026f8:	97fffb72 	bl	4014c0 <_ZNSt7__cxx1112basic_stringIcSt11char_traitsIcESaIcEEC1EPKcRKS3_@plt>
  4026fc:	910443e0 	add	x0, sp, #0x110
  402700:	52800142 	mov	w2, #0xa                   	// #10
  402704:	d2800001 	mov	x1, #0x0                   	// #0
  402708:	940003ed 	bl	4036bc <_ZNSt7__cxx115stoulERKNS_12basic_stringIcSt11char_traitsIcESaIcEEEPmi>
  40270c:	aa0003e1 	mov	x1, x0
  402710:	f94017e0 	ldr	x0, [sp, #40]
  402714:	f9004001 	str	x1, [x0, #128]
  402718:	910443e0 	add	x0, sp, #0x110
  40271c:	97fffb1d 	bl	401390 <_ZNSt7__cxx1112basic_stringIcSt11char_traitsIcESaIcEED1Ev@plt>
  402720:	9104c3e0 	add	x0, sp, #0x130
  402724:	97fffb4f 	bl	401460 <_ZNSaIcED1Ev@plt>
  402728:	140000da 	b	402a90 <_Z10parse_argsiPPcR6Config+0x8cc>
  40272c:	910123e2 	add	x2, sp, #0x48
  402730:	f0000000 	adrp	x0, 405000 <_ZSt9__fill_a1IPmmEN9__gnu_cxx11__enable_ifIXsrSt11__is_scalarIT0_E7__valueEvE6__typeET_S8_RKS4_+0x10>
  402734:	91102001 	add	x1, x0, #0x408
  402738:	aa0203e0 	mov	x0, x2
  40273c:	94000466 	bl	4038d4 <_ZSteqIcSt11char_traitsIcESaIcEEbRKNSt7__cxx1112basic_stringIT_T0_T1_EEPKS5_>
  402740:	12001c00 	and	w0, w0, #0xff
  402744:	7100001f 	cmp	w0, #0x0
  402748:	54000100 	b.eq	402768 <_Z10parse_argsiPPcR6Config+0x5a4>  // b.none
  40274c:	b941afe0 	ldr	w0, [sp, #428]
  402750:	11000400 	add	w0, w0, #0x1
  402754:	b9403fe1 	ldr	w1, [sp, #60]
  402758:	6b00003f 	cmp	w1, w0
  40275c:	5400006d 	b.le	402768 <_Z10parse_argsiPPcR6Config+0x5a4>
  402760:	52800020 	mov	w0, #0x1                   	// #1
  402764:	14000002 	b	40276c <_Z10parse_argsiPPcR6Config+0x5a8>
  402768:	52800000 	mov	w0, #0x0                   	// #0
  40276c:	7100001f 	cmp	w0, #0x0
  402770:	54000380 	b.eq	4027e0 <_Z10parse_argsiPPcR6Config+0x61c>  // b.none
  402774:	b941afe0 	ldr	w0, [sp, #428]
  402778:	11000400 	add	w0, w0, #0x1
  40277c:	b901afe0 	str	w0, [sp, #428]
  402780:	b981afe0 	ldrsw	x0, [sp, #428]
  402784:	d37df000 	lsl	x0, x0, #3
  402788:	f9401be1 	ldr	x1, [sp, #48]
  40278c:	8b000020 	add	x0, x1, x0
  402790:	f9400014 	ldr	x20, [x0]
  402794:	910563e0 	add	x0, sp, #0x158
  402798:	97fffb82 	bl	4015a0 <_ZNSaIcEC1Ev@plt>
  40279c:	910563e1 	add	x1, sp, #0x158
  4027a0:	9104e3e0 	add	x0, sp, #0x138
  4027a4:	aa0103e2 	mov	x2, x1
  4027a8:	aa1403e1 	mov	x1, x20
  4027ac:	97fffb45 	bl	4014c0 <_ZNSt7__cxx1112basic_stringIcSt11char_traitsIcESaIcEEC1EPKcRKS3_@plt>
  4027b0:	9104e3e0 	add	x0, sp, #0x138
  4027b4:	52800142 	mov	w2, #0xa                   	// #10
  4027b8:	d2800001 	mov	x1, #0x0                   	// #0
  4027bc:	940003c0 	bl	4036bc <_ZNSt7__cxx115stoulERKNS_12basic_stringIcSt11char_traitsIcESaIcEEEPmi>
  4027c0:	aa0003e1 	mov	x1, x0
  4027c4:	f94017e0 	ldr	x0, [sp, #40]
  4027c8:	f9004401 	str	x1, [x0, #136]
  4027cc:	9104e3e0 	add	x0, sp, #0x138
  4027d0:	97fffaf0 	bl	401390 <_ZNSt7__cxx1112basic_stringIcSt11char_traitsIcESaIcEED1Ev@plt>
  4027d4:	910563e0 	add	x0, sp, #0x158
  4027d8:	97fffb22 	bl	401460 <_ZNSaIcED1Ev@plt>
  4027dc:	140000ad 	b	402a90 <_Z10parse_argsiPPcR6Config+0x8cc>
  4027e0:	910123e2 	add	x2, sp, #0x48
  4027e4:	f0000000 	adrp	x0, 405000 <_ZSt9__fill_a1IPmmEN9__gnu_cxx11__enable_ifIXsrSt11__is_scalarIT0_E7__valueEvE6__typeET_S8_RKS4_+0x10>
  4027e8:	91106001 	add	x1, x0, #0x418
  4027ec:	aa0203e0 	mov	x0, x2
  4027f0:	94000439 	bl	4038d4 <_ZSteqIcSt11char_traitsIcESaIcEEbRKNSt7__cxx1112basic_stringIT_T0_T1_EEPKS5_>
  4027f4:	12001c00 	and	w0, w0, #0xff
  4027f8:	7100001f 	cmp	w0, #0x0
  4027fc:	54000100 	b.eq	40281c <_Z10parse_argsiPPcR6Config+0x658>  // b.none
  402800:	b941afe0 	ldr	w0, [sp, #428]
  402804:	11000400 	add	w0, w0, #0x1
  402808:	b9403fe1 	ldr	w1, [sp, #60]
  40280c:	6b00003f 	cmp	w1, w0
  402810:	5400006d 	b.le	40281c <_Z10parse_argsiPPcR6Config+0x658>
  402814:	52800020 	mov	w0, #0x1                   	// #1
  402818:	14000002 	b	402820 <_Z10parse_argsiPPcR6Config+0x65c>
  40281c:	52800000 	mov	w0, #0x0                   	// #0
  402820:	7100001f 	cmp	w0, #0x0
  402824:	54000380 	b.eq	402894 <_Z10parse_argsiPPcR6Config+0x6d0>  // b.none
  402828:	b941afe0 	ldr	w0, [sp, #428]
  40282c:	11000400 	add	w0, w0, #0x1
  402830:	b901afe0 	str	w0, [sp, #428]
  402834:	b981afe0 	ldrsw	x0, [sp, #428]
  402838:	d37df000 	lsl	x0, x0, #3
  40283c:	f9401be1 	ldr	x1, [sp, #48]
  402840:	8b000020 	add	x0, x1, x0
  402844:	f9400014 	ldr	x20, [x0]
  402848:	910603e0 	add	x0, sp, #0x180
  40284c:	97fffb55 	bl	4015a0 <_ZNSaIcEC1Ev@plt>
  402850:	910603e1 	add	x1, sp, #0x180
  402854:	910583e0 	add	x0, sp, #0x160
  402858:	aa0103e2 	mov	x2, x1
  40285c:	aa1403e1 	mov	x1, x20
  402860:	97fffb18 	bl	4014c0 <_ZNSt7__cxx1112basic_stringIcSt11char_traitsIcESaIcEEC1EPKcRKS3_@plt>
  402864:	910583e0 	add	x0, sp, #0x160
  402868:	52800142 	mov	w2, #0xa                   	// #10
  40286c:	d2800001 	mov	x1, #0x0                   	// #0
  402870:	94000393 	bl	4036bc <_ZNSt7__cxx115stoulERKNS_12basic_stringIcSt11char_traitsIcESaIcEEEPmi>
  402874:	2a0003e1 	mov	w1, w0
  402878:	f94017e0 	ldr	x0, [sp, #40]
  40287c:	b9009001 	str	w1, [x0, #144]
  402880:	910583e0 	add	x0, sp, #0x160
  402884:	97fffac3 	bl	401390 <_ZNSt7__cxx1112basic_stringIcSt11char_traitsIcESaIcEED1Ev@plt>
  402888:	910603e0 	add	x0, sp, #0x180
  40288c:	97fffaf5 	bl	401460 <_ZNSaIcED1Ev@plt>
  402890:	14000080 	b	402a90 <_Z10parse_argsiPPcR6Config+0x8cc>
  402894:	910123e2 	add	x2, sp, #0x48
  402898:	f0000000 	adrp	x0, 405000 <_ZSt9__fill_a1IPmmEN9__gnu_cxx11__enable_ifIXsrSt11__is_scalarIT0_E7__valueEvE6__typeET_S8_RKS4_+0x10>
  40289c:	91108001 	add	x1, x0, #0x420
  4028a0:	aa0203e0 	mov	x0, x2
  4028a4:	9400040c 	bl	4038d4 <_ZSteqIcSt11char_traitsIcESaIcEEbRKNSt7__cxx1112basic_stringIT_T0_T1_EEPKS5_>
  4028a8:	12001c00 	and	w0, w0, #0xff
  4028ac:	7100001f 	cmp	w0, #0x0
  4028b0:	54000100 	b.eq	4028d0 <_Z10parse_argsiPPcR6Config+0x70c>  // b.none
  4028b4:	b941afe0 	ldr	w0, [sp, #428]
  4028b8:	11000400 	add	w0, w0, #0x1
  4028bc:	b9403fe1 	ldr	w1, [sp, #60]
  4028c0:	6b00003f 	cmp	w1, w0
  4028c4:	5400006d 	b.le	4028d0 <_Z10parse_argsiPPcR6Config+0x70c>
  4028c8:	52800020 	mov	w0, #0x1                   	// #1
  4028cc:	14000002 	b	4028d4 <_Z10parse_argsiPPcR6Config+0x710>
  4028d0:	52800000 	mov	w0, #0x0                   	// #0
  4028d4:	7100001f 	cmp	w0, #0x0
  4028d8:	540001e0 	b.eq	402914 <_Z10parse_argsiPPcR6Config+0x750>  // b.none
  4028dc:	f94017e0 	ldr	x0, [sp, #40]
  4028e0:	91026002 	add	x2, x0, #0x98
  4028e4:	b941afe0 	ldr	w0, [sp, #428]
  4028e8:	11000400 	add	w0, w0, #0x1
  4028ec:	b901afe0 	str	w0, [sp, #428]
  4028f0:	b981afe0 	ldrsw	x0, [sp, #428]
  4028f4:	d37df000 	lsl	x0, x0, #3
  4028f8:	f9401be1 	ldr	x1, [sp, #48]
  4028fc:	8b000020 	add	x0, x1, x0
  402900:	f9400000 	ldr	x0, [x0]
  402904:	aa0003e1 	mov	x1, x0
  402908:	aa0203e0 	mov	x0, x2
  40290c:	97fffae9 	bl	4014b0 <_ZNSt7__cxx1112basic_stringIcSt11char_traitsIcESaIcEEaSEPKc@plt>
  402910:	14000060 	b	402a90 <_Z10parse_argsiPPcR6Config+0x8cc>
  402914:	910123e2 	add	x2, sp, #0x48
  402918:	f0000000 	adrp	x0, 405000 <_ZSt9__fill_a1IPmmEN9__gnu_cxx11__enable_ifIXsrSt11__is_scalarIT0_E7__valueEvE6__typeET_S8_RKS4_+0x10>
  40291c:	9110a001 	add	x1, x0, #0x428
  402920:	aa0203e0 	mov	x0, x2
  402924:	940003ec 	bl	4038d4 <_ZSteqIcSt11char_traitsIcESaIcEEbRKNSt7__cxx1112basic_stringIT_T0_T1_EEPKS5_>
  402928:	12001c00 	and	w0, w0, #0xff
  40292c:	7100001f 	cmp	w0, #0x0
  402930:	54000100 	b.eq	402950 <_Z10parse_argsiPPcR6Config+0x78c>  // b.none
  402934:	b941afe0 	ldr	w0, [sp, #428]
  402938:	11000400 	add	w0, w0, #0x1
  40293c:	b9403fe1 	ldr	w1, [sp, #60]
  402940:	6b00003f 	cmp	w1, w0
  402944:	5400006d 	b.le	402950 <_Z10parse_argsiPPcR6Config+0x78c>
  402948:	52800020 	mov	w0, #0x1                   	// #1
  40294c:	14000002 	b	402954 <_Z10parse_argsiPPcR6Config+0x790>
  402950:	52800000 	mov	w0, #0x0                   	// #0
  402954:	7100001f 	cmp	w0, #0x0
  402958:	54000380 	b.eq	4029c8 <_Z10parse_argsiPPcR6Config+0x804>  // b.none
  40295c:	b941afe0 	ldr	w0, [sp, #428]
  402960:	11000400 	add	w0, w0, #0x1
  402964:	b901afe0 	str	w0, [sp, #428]
  402968:	b981afe0 	ldrsw	x0, [sp, #428]
  40296c:	d37df000 	lsl	x0, x0, #3
  402970:	f9401be1 	ldr	x1, [sp, #48]
  402974:	8b000020 	add	x0, x1, x0
  402978:	f9400014 	ldr	x20, [x0]
  40297c:	9106a3e0 	add	x0, sp, #0x1a8
  402980:	97fffb08 	bl	4015a0 <_ZNSaIcEC1Ev@plt>
  402984:	9106a3e1 	add	x1, sp, #0x1a8
  402988:	910623e0 	add	x0, sp, #0x188
  40298c:	aa0103e2 	mov	x2, x1
  402990:	aa1403e1 	mov	x1, x20
  402994:	97fffacb 	bl	4014c0 <_ZNSt7__cxx1112basic_stringIcSt11char_traitsIcESaIcEEC1EPKcRKS3_@plt>
  402998:	910623e0 	add	x0, sp, #0x188
  40299c:	52800142 	mov	w2, #0xa                   	// #10
  4029a0:	d2800001 	mov	x1, #0x0                   	// #0
  4029a4:	94000346 	bl	4036bc <_ZNSt7__cxx115stoulERKNS_12basic_stringIcSt11char_traitsIcESaIcEEEPmi>
  4029a8:	aa0003e1 	mov	x1, x0
  4029ac:	f94017e0 	ldr	x0, [sp, #40]
  4029b0:	f9006c01 	str	x1, [x0, #216]
  4029b4:	910623e0 	add	x0, sp, #0x188
  4029b8:	97fffa76 	bl	401390 <_ZNSt7__cxx1112basic_stringIcSt11char_traitsIcESaIcEED1Ev@plt>
  4029bc:	9106a3e0 	add	x0, sp, #0x1a8
  4029c0:	97fffaa8 	bl	401460 <_ZNSaIcED1Ev@plt>
  4029c4:	14000033 	b	402a90 <_Z10parse_argsiPPcR6Config+0x8cc>
  4029c8:	910123e2 	add	x2, sp, #0x48
  4029cc:	f0000000 	adrp	x0, 405000 <_ZSt9__fill_a1IPmmEN9__gnu_cxx11__enable_ifIXsrSt11__is_scalarIT0_E7__valueEvE6__typeET_S8_RKS4_+0x10>
  4029d0:	9110e001 	add	x1, x0, #0x438
  4029d4:	aa0203e0 	mov	x0, x2
  4029d8:	940003bf 	bl	4038d4 <_ZSteqIcSt11char_traitsIcESaIcEEbRKNSt7__cxx1112basic_stringIT_T0_T1_EEPKS5_>
  4029dc:	12001c00 	and	w0, w0, #0xff
  4029e0:	7100001f 	cmp	w0, #0x0
  4029e4:	54000100 	b.eq	402a04 <_Z10parse_argsiPPcR6Config+0x840>  // b.none
  4029e8:	b941afe0 	ldr	w0, [sp, #428]
  4029ec:	11000400 	add	w0, w0, #0x1
  4029f0:	b9403fe1 	ldr	w1, [sp, #60]
  4029f4:	6b00003f 	cmp	w1, w0
  4029f8:	5400006d 	b.le	402a04 <_Z10parse_argsiPPcR6Config+0x840>
  4029fc:	52800020 	mov	w0, #0x1                   	// #1
  402a00:	14000002 	b	402a08 <_Z10parse_argsiPPcR6Config+0x844>
  402a04:	52800000 	mov	w0, #0x0                   	// #0
  402a08:	7100001f 	cmp	w0, #0x0
  402a0c:	540001e0 	b.eq	402a48 <_Z10parse_argsiPPcR6Config+0x884>  // b.none
  402a10:	f94017e0 	ldr	x0, [sp, #40]
  402a14:	9102e002 	add	x2, x0, #0xb8
  402a18:	b941afe0 	ldr	w0, [sp, #428]
  402a1c:	11000400 	add	w0, w0, #0x1
  402a20:	b901afe0 	str	w0, [sp, #428]
  402a24:	b981afe0 	ldrsw	x0, [sp, #428]
  402a28:	d37df000 	lsl	x0, x0, #3
  402a2c:	f9401be1 	ldr	x1, [sp, #48]
  402a30:	8b000020 	add	x0, x1, x0
  402a34:	f9400000 	ldr	x0, [x0]
  402a38:	aa0003e1 	mov	x1, x0
  402a3c:	aa0203e0 	mov	x0, x2
  402a40:	97fffa9c 	bl	4014b0 <_ZNSt7__cxx1112basic_stringIcSt11char_traitsIcESaIcEEaSEPKc@plt>
  402a44:	14000013 	b	402a90 <_Z10parse_argsiPPcR6Config+0x8cc>
  402a48:	f0000000 	adrp	x0, 405000 <_ZSt9__fill_a1IPmmEN9__gnu_cxx11__enable_ifIXsrSt11__is_scalarIT0_E7__valueEvE6__typeET_S8_RKS4_+0x10>
  402a4c:	91112001 	add	x1, x0, #0x448
  402a50:	d00000e0 	adrp	x0, 420000 <fputs@GLIBC_2.17>
  402a54:	91068000 	add	x0, x0, #0x1a0
  402a58:	97fffa72 	bl	401420 <_ZStlsISt11char_traitsIcEERSt13basic_ostreamIcT_ES5_PKc@plt>
  402a5c:	aa0003e2 	mov	x2, x0
  402a60:	910123e0 	add	x0, sp, #0x48
  402a64:	aa0003e1 	mov	x1, x0
  402a68:	aa0203e0 	mov	x0, x2
  402a6c:	97fffa65 	bl	401400 <_ZStlsIcSt11char_traitsIcESaIcEERSt13basic_ostreamIT_T0_ES7_RKNSt7__cxx1112basic_stringIS4_S5_T1_EE@plt>
  402a70:	aa0003e2 	mov	x2, x0
  402a74:	f0000000 	adrp	x0, 405000 <_ZSt9__fill_a1IPmmEN9__gnu_cxx11__enable_ifIXsrSt11__is_scalarIT0_E7__valueEvE6__typeET_S8_RKS4_+0x10>
  402a78:	9111c001 	add	x1, x0, #0x470
  402a7c:	aa0203e0 	mov	x0, x2
  402a80:	97fffa68 	bl	401420 <_ZStlsISt11char_traitsIcEERSt13basic_ostreamIcT_ES5_PKc@plt>
  402a84:	52800013 	mov	w19, #0x0                   	// #0
  402a88:	52800014 	mov	w20, #0x0                   	// #0
  402a8c:	14000002 	b	402a94 <_Z10parse_argsiPPcR6Config+0x8d0>
  402a90:	52800034 	mov	w20, #0x1                   	// #1
  402a94:	910123e0 	add	x0, sp, #0x48
  402a98:	97fffa3e 	bl	401390 <_ZNSt7__cxx1112basic_stringIcSt11char_traitsIcESaIcEED1Ev@plt>
  402a9c:	7100069f 	cmp	w20, #0x1
  402aa0:	54000be1 	b.ne	402c1c <_Z10parse_argsiPPcR6Config+0xa58>  // b.any
  402aa4:	b941afe0 	ldr	w0, [sp, #428]
  402aa8:	11000400 	add	w0, w0, #0x1
  402aac:	b901afe0 	str	w0, [sp, #428]
  402ab0:	b941afe1 	ldr	w1, [sp, #428]
  402ab4:	b9403fe0 	ldr	w0, [sp, #60]
  402ab8:	6b00003f 	cmp	w1, w0
  402abc:	54ffb9cb 	b.lt	4021f4 <_Z10parse_argsiPPcR6Config+0x30>  // b.tstop
  402ac0:	f94017e0 	ldr	x0, [sp, #40]
  402ac4:	f9403000 	ldr	x0, [x0, #96]
  402ac8:	f100001f 	cmp	x0, #0x0
  402acc:	54000260 	b.eq	402b18 <_Z10parse_argsiPPcR6Config+0x954>  // b.none
  402ad0:	f94017e0 	ldr	x0, [sp, #40]
  402ad4:	f9403800 	ldr	x0, [x0, #112]
  402ad8:	f100001f 	cmp	x0, #0x0
  402adc:	540001e0 	b.eq	402b18 <_Z10parse_argsiPPcR6Config+0x954>  // b.none
  402ae0:	f94017e0 	ldr	x0, [sp, #40]
  402ae4:	f9403c00 	ldr	x0, [x0, #120]
  402ae8:	f100001f 	cmp	x0, #0x0
  402aec:	54000160 	b.eq	402b18 <_Z10parse_argsiPPcR6Config+0x954>  // b.none
  402af0:	f94017e0 	ldr	x0, [sp, #40]
  402af4:	f9404000 	ldr	x0, [x0, #128]
  402af8:	f100001f 	cmp	x0, #0x0
  402afc:	540000e0 	b.eq	402b18 <_Z10parse_argsiPPcR6Config+0x954>  // b.none
  402b00:	f94017e0 	ldr	x0, [sp, #40]
  402b04:	9102e000 	add	x0, x0, #0xb8
  402b08:	97fffa96 	bl	401560 <_ZNKSt7__cxx1112basic_stringIcSt11char_traitsIcESaIcEE5emptyEv@plt>
  402b0c:	12001c00 	and	w0, w0, #0xff
  402b10:	7100001f 	cmp	w0, #0x0
  402b14:	54000060 	b.eq	402b20 <_Z10parse_argsiPPcR6Config+0x95c>  // b.none
  402b18:	52800020 	mov	w0, #0x1                   	// #1
  402b1c:	14000002 	b	402b24 <_Z10parse_argsiPPcR6Config+0x960>
  402b20:	52800000 	mov	w0, #0x0                   	// #0
  402b24:	7100001f 	cmp	w0, #0x0
  402b28:	54000100 	b.eq	402b48 <_Z10parse_argsiPPcR6Config+0x984>  // b.none
  402b2c:	f0000000 	adrp	x0, 405000 <_ZSt9__fill_a1IPmmEN9__gnu_cxx11__enable_ifIXsrSt11__is_scalarIT0_E7__valueEvE6__typeET_S8_RKS4_+0x10>
  402b30:	9111e001 	add	x1, x0, #0x478
  402b34:	d00000e0 	adrp	x0, 420000 <fputs@GLIBC_2.17>
  402b38:	91068000 	add	x0, x0, #0x1a0
  402b3c:	97fffa39 	bl	401420 <_ZStlsISt11char_traitsIcEERSt13basic_ostreamIcT_ES5_PKc@plt>
  402b40:	52800013 	mov	w19, #0x0                   	// #0
  402b44:	14000036 	b	402c1c <_Z10parse_argsiPPcR6Config+0xa58>
  402b48:	f94017e0 	ldr	x0, [sp, #40]
  402b4c:	91026000 	add	x0, x0, #0x98
  402b50:	97fffa84 	bl	401560 <_ZNKSt7__cxx1112basic_stringIcSt11char_traitsIcESaIcEE5emptyEv@plt>
  402b54:	12001c00 	and	w0, w0, #0xff
  402b58:	7100001f 	cmp	w0, #0x0
  402b5c:	540000e0 	b.eq	402b78 <_Z10parse_argsiPPcR6Config+0x9b4>  // b.none
  402b60:	f94017e0 	ldr	x0, [sp, #40]
  402b64:	91026002 	add	x2, x0, #0x98
  402b68:	f0000000 	adrp	x0, 405000 <_ZSt9__fill_a1IPmmEN9__gnu_cxx11__enable_ifIXsrSt11__is_scalarIT0_E7__valueEvE6__typeET_S8_RKS4_+0x10>
  402b6c:	9112e001 	add	x1, x0, #0x4b8
  402b70:	aa0203e0 	mov	x0, x2
  402b74:	97fffa4f 	bl	4014b0 <_ZNSt7__cxx1112basic_stringIcSt11char_traitsIcESaIcEEaSEPKc@plt>
  402b78:	f94017e0 	ldr	x0, [sp, #40]
  402b7c:	91026002 	add	x2, x0, #0x98
  402b80:	f0000000 	adrp	x0, 405000 <_ZSt9__fill_a1IPmmEN9__gnu_cxx11__enable_ifIXsrSt11__is_scalarIT0_E7__valueEvE6__typeET_S8_RKS4_+0x10>
  402b84:	9112e001 	add	x1, x0, #0x4b8
  402b88:	aa0203e0 	mov	x0, x2
  402b8c:	94000352 	bl	4038d4 <_ZSteqIcSt11char_traitsIcESaIcEEbRKNSt7__cxx1112basic_stringIT_T0_T1_EEPKS5_>
  402b90:	12001c00 	and	w0, w0, #0xff
  402b94:	7100001f 	cmp	w0, #0x0
  402b98:	54000141 	b.ne	402bc0 <_Z10parse_argsiPPcR6Config+0x9fc>  // b.any
  402b9c:	f94017e0 	ldr	x0, [sp, #40]
  402ba0:	91026002 	add	x2, x0, #0x98
  402ba4:	f0000000 	adrp	x0, 405000 <_ZSt9__fill_a1IPmmEN9__gnu_cxx11__enable_ifIXsrSt11__is_scalarIT0_E7__valueEvE6__typeET_S8_RKS4_+0x10>
  402ba8:	91132001 	add	x1, x0, #0x4c8
  402bac:	aa0203e0 	mov	x0, x2
  402bb0:	94000349 	bl	4038d4 <_ZSteqIcSt11char_traitsIcESaIcEEbRKNSt7__cxx1112basic_stringIT_T0_T1_EEPKS5_>
  402bb4:	12001c00 	and	w0, w0, #0xff
  402bb8:	7100001f 	cmp	w0, #0x0
  402bbc:	540001a0 	b.eq	402bf0 <_Z10parse_argsiPPcR6Config+0xa2c>  // b.none
  402bc0:	f94017e0 	ldr	x0, [sp, #40]
  402bc4:	f9406c00 	ldr	x0, [x0, #216]
  402bc8:	f100001f 	cmp	x0, #0x0
  402bcc:	540000e0 	b.eq	402be8 <_Z10parse_argsiPPcR6Config+0xa24>  // b.none
  402bd0:	f94017e0 	ldr	x0, [sp, #40]
  402bd4:	f9406c01 	ldr	x1, [x0, #216]
  402bd8:	f94017e0 	ldr	x0, [sp, #40]
  402bdc:	f9403000 	ldr	x0, [x0, #96]
  402be0:	eb00003f 	cmp	x1, x0
  402be4:	54000062 	b.cs	402bf0 <_Z10parse_argsiPPcR6Config+0xa2c>  // b.hs, b.nlast
  402be8:	52800020 	mov	w0, #0x1                   	// #1
  402bec:	14000002 	b	402bf4 <_Z10parse_argsiPPcR6Config+0xa30>
  402bf0:	52800000 	mov	w0, #0x0                   	// #0
  402bf4:	7100001f 	cmp	w0, #0x0
  402bf8:	54000100 	b.eq	402c18 <_Z10parse_argsiPPcR6Config+0xa54>  // b.none
  402bfc:	f0000000 	adrp	x0, 405000 <_ZSt9__fill_a1IPmmEN9__gnu_cxx11__enable_ifIXsrSt11__is_scalarIT0_E7__valueEvE6__typeET_S8_RKS4_+0x10>
  402c00:	91138001 	add	x1, x0, #0x4e0
  402c04:	d00000e0 	adrp	x0, 420000 <fputs@GLIBC_2.17>
  402c08:	91068000 	add	x0, x0, #0x1a0
  402c0c:	97fffa05 	bl	401420 <_ZStlsISt11char_traitsIcEERSt13basic_ostreamIcT_ES5_PKc@plt>
  402c10:	52800013 	mov	w19, #0x0                   	// #0
  402c14:	14000002 	b	402c1c <_Z10parse_argsiPPcR6Config+0xa58>
  402c18:	52800033 	mov	w19, #0x1                   	// #1
  402c1c:	2a1303e0 	mov	w0, w19
  402c20:	1400004b 	b	402d4c <_Z10parse_argsiPPcR6Config+0xb88>
  402c24:	aa0003f3 	mov	x19, x0
  402c28:	9101a3e0 	add	x0, sp, #0x68
  402c2c:	97fffa0d 	bl	401460 <_ZNSaIcED1Ev@plt>
  402c30:	aa1303e0 	mov	x0, x19
  402c34:	97fffa57 	bl	401590 <_Unwind_Resume@plt>
  402c38:	aa0003f3 	mov	x19, x0
  402c3c:	9101c3e0 	add	x0, sp, #0x70
  402c40:	97fff9d4 	bl	401390 <_ZNSt7__cxx1112basic_stringIcSt11char_traitsIcESaIcEED1Ev@plt>
  402c44:	14000002 	b	402c4c <_Z10parse_argsiPPcR6Config+0xa88>
  402c48:	aa0003f3 	mov	x19, x0
  402c4c:	910243e0 	add	x0, sp, #0x90
  402c50:	97fffa04 	bl	401460 <_ZNSaIcED1Ev@plt>
  402c54:	1400003a 	b	402d3c <_Z10parse_argsiPPcR6Config+0xb78>
  402c58:	aa0003f3 	mov	x19, x0
  402c5c:	910263e0 	add	x0, sp, #0x98
  402c60:	97fff9cc 	bl	401390 <_ZNSt7__cxx1112basic_stringIcSt11char_traitsIcESaIcEED1Ev@plt>
  402c64:	14000002 	b	402c6c <_Z10parse_argsiPPcR6Config+0xaa8>
  402c68:	aa0003f3 	mov	x19, x0
  402c6c:	9102e3e0 	add	x0, sp, #0xb8
  402c70:	97fff9fc 	bl	401460 <_ZNSaIcED1Ev@plt>
  402c74:	14000032 	b	402d3c <_Z10parse_argsiPPcR6Config+0xb78>
  402c78:	aa0003f3 	mov	x19, x0
  402c7c:	910303e0 	add	x0, sp, #0xc0
  402c80:	97fff9c4 	bl	401390 <_ZNSt7__cxx1112basic_stringIcSt11char_traitsIcESaIcEED1Ev@plt>
  402c84:	14000002 	b	402c8c <_Z10parse_argsiPPcR6Config+0xac8>
  402c88:	aa0003f3 	mov	x19, x0
  402c8c:	910383e0 	add	x0, sp, #0xe0
  402c90:	97fff9f4 	bl	401460 <_ZNSaIcED1Ev@plt>
  402c94:	1400002a 	b	402d3c <_Z10parse_argsiPPcR6Config+0xb78>
  402c98:	aa0003f3 	mov	x19, x0
  402c9c:	9103a3e0 	add	x0, sp, #0xe8
  402ca0:	97fff9bc 	bl	401390 <_ZNSt7__cxx1112basic_stringIcSt11char_traitsIcESaIcEED1Ev@plt>
  402ca4:	14000002 	b	402cac <_Z10parse_argsiPPcR6Config+0xae8>
  402ca8:	aa0003f3 	mov	x19, x0
  402cac:	910423e0 	add	x0, sp, #0x108
  402cb0:	97fff9ec 	bl	401460 <_ZNSaIcED1Ev@plt>
  402cb4:	14000022 	b	402d3c <_Z10parse_argsiPPcR6Config+0xb78>
  402cb8:	aa0003f3 	mov	x19, x0
  402cbc:	910443e0 	add	x0, sp, #0x110
  402cc0:	97fff9b4 	bl	401390 <_ZNSt7__cxx1112basic_stringIcSt11char_traitsIcESaIcEED1Ev@plt>
  402cc4:	14000002 	b	402ccc <_Z10parse_argsiPPcR6Config+0xb08>
  402cc8:	aa0003f3 	mov	x19, x0
  402ccc:	9104c3e0 	add	x0, sp, #0x130
  402cd0:	97fff9e4 	bl	401460 <_ZNSaIcED1Ev@plt>
  402cd4:	1400001a 	b	402d3c <_Z10parse_argsiPPcR6Config+0xb78>
  402cd8:	aa0003f3 	mov	x19, x0
  402cdc:	9104e3e0 	add	x0, sp, #0x138
  402ce0:	97fff9ac 	bl	401390 <_ZNSt7__cxx1112basic_stringIcSt11char_traitsIcESaIcEED1Ev@plt>
  402ce4:	14000002 	b	402cec <_Z10parse_argsiPPcR6Config+0xb28>
  402ce8:	aa0003f3 	mov	x19, x0
  402cec:	910563e0 	add	x0, sp, #0x158
  402cf0:	97fff9dc 	bl	401460 <_ZNSaIcED1Ev@plt>
  402cf4:	14000012 	b	402d3c <_Z10parse_argsiPPcR6Config+0xb78>
  402cf8:	aa0003f3 	mov	x19, x0
  402cfc:	910583e0 	add	x0, sp, #0x160
  402d00:	97fff9a4 	bl	401390 <_ZNSt7__cxx1112basic_stringIcSt11char_traitsIcESaIcEED1Ev@plt>
  402d04:	14000002 	b	402d0c <_Z10parse_argsiPPcR6Config+0xb48>
  402d08:	aa0003f3 	mov	x19, x0
  402d0c:	910603e0 	add	x0, sp, #0x180
  402d10:	97fff9d4 	bl	401460 <_ZNSaIcED1Ev@plt>
  402d14:	1400000a 	b	402d3c <_Z10parse_argsiPPcR6Config+0xb78>
  402d18:	aa0003f3 	mov	x19, x0
  402d1c:	910623e0 	add	x0, sp, #0x188
  402d20:	97fff99c 	bl	401390 <_ZNSt7__cxx1112basic_stringIcSt11char_traitsIcESaIcEED1Ev@plt>
  402d24:	14000002 	b	402d2c <_Z10parse_argsiPPcR6Config+0xb68>
  402d28:	aa0003f3 	mov	x19, x0
  402d2c:	9106a3e0 	add	x0, sp, #0x1a8
  402d30:	97fff9cc 	bl	401460 <_ZNSaIcED1Ev@plt>
  402d34:	14000002 	b	402d3c <_Z10parse_argsiPPcR6Config+0xb78>
  402d38:	aa0003f3 	mov	x19, x0
  402d3c:	910123e0 	add	x0, sp, #0x48
  402d40:	97fff994 	bl	401390 <_ZNSt7__cxx1112basic_stringIcSt11char_traitsIcESaIcEED1Ev@plt>
  402d44:	aa1303e0 	mov	x0, x19
  402d48:	97fffa12 	bl	401590 <_Unwind_Resume@plt>
  402d4c:	a94153f3 	ldp	x19, x20, [sp, #16]
  402d50:	a8db7bfd 	ldp	x29, x30, [sp], #432
  402d54:	d65f03c0 	ret

0000000000402d58 <_Z11build_chainPmmmjRKNSt7__cxx1112basic_stringIcSt11char_traitsIcESaIcEEEm>:
  402d58:	d282960c 	mov	x12, #0x14b0                	// #5296
  402d5c:	cb2c63ff 	sub	sp, sp, x12
  402d60:	a9007bfd 	stp	x29, x30, [sp]
  402d64:	910003fd 	mov	x29, sp
  402d68:	f9000bf3 	str	x19, [sp, #16]
  402d6c:	f90027e0 	str	x0, [sp, #72]
  402d70:	f90023e1 	str	x1, [sp, #64]
  402d74:	f9001fe2 	str	x2, [sp, #56]
  402d78:	b90037e3 	str	w3, [sp, #52]
  402d7c:	f90017e4 	str	x4, [sp, #40]
  402d80:	f90013e5 	str	x5, [sp, #32]
  402d84:	f94023f3 	ldr	x19, [sp, #64]
  402d88:	914007e0 	add	x0, sp, #0x1, lsl #12
  402d8c:	91102000 	add	x0, x0, #0x408
  402d90:	940002dd 	bl	403904 <_ZNSaImEC1Ev>
  402d94:	914007e1 	add	x1, sp, #0x1, lsl #12
  402d98:	91102021 	add	x1, x1, #0x408
  402d9c:	914007e0 	add	x0, sp, #0x1, lsl #12
  402da0:	910fc000 	add	x0, x0, #0x3f0
  402da4:	aa0103e2 	mov	x2, x1
  402da8:	aa1303e1 	mov	x1, x19
  402dac:	940002e6 	bl	403944 <_ZNSt6vectorImSaImEEC1EmRKS0_>
  402db0:	914007e0 	add	x0, sp, #0x1, lsl #12
  402db4:	91102000 	add	x0, x0, #0x408
  402db8:	940002db 	bl	403924 <_ZNSaImED1Ev>
  402dbc:	f90a57ff 	str	xzr, [sp, #5288]
  402dc0:	1400000b 	b	402dec <_Z11build_chainPmmmjRKNSt7__cxx1112basic_stringIcSt11char_traitsIcESaIcEEEm+0x94>
  402dc4:	914007e0 	add	x0, sp, #0x1, lsl #12
  402dc8:	910fc000 	add	x0, x0, #0x3f0
  402dcc:	f94a57e1 	ldr	x1, [sp, #5288]
  402dd0:	9400030b 	bl	4039fc <_ZNSt6vectorImSaImEEixEm>
  402dd4:	aa0003e1 	mov	x1, x0
  402dd8:	f94a57e0 	ldr	x0, [sp, #5288]
  402ddc:	f9000020 	str	x0, [x1]
  402de0:	f94a57e0 	ldr	x0, [sp, #5288]
  402de4:	91000400 	add	x0, x0, #0x1
  402de8:	f90a57e0 	str	x0, [sp, #5288]
  402dec:	f94023e0 	ldr	x0, [sp, #64]
  402df0:	f94a57e1 	ldr	x1, [sp, #5288]
  402df4:	eb00003f 	cmp	x1, x0
  402df8:	54fffe63 	b.cc	402dc4 <_Z11build_chainPmmmjRKNSt7__cxx1112basic_stringIcSt11char_traitsIcESaIcEEEm+0x6c>  // b.lo, b.ul, b.last
  402dfc:	b94037e1 	ldr	w1, [sp, #52]
  402e00:	9101a3e0 	add	x0, sp, #0x68
  402e04:	94000308 	bl	403a24 <_ZNSt23mersenne_twister_engineImLm32ELm624ELm397ELm31ELm2567483615ELm11ELm4294967295ELm7ELm2636928640ELm15ELm4022730752ELm18ELm1812433253EEC1Em>
  402e08:	f0000000 	adrp	x0, 405000 <_ZSt9__fill_a1IPmmEN9__gnu_cxx11__enable_ifIXsrSt11__is_scalarIT0_E7__valueEvE6__typeET_S8_RKS4_+0x10>
  402e0c:	91160001 	add	x1, x0, #0x580
  402e10:	f94017e0 	ldr	x0, [sp, #40]
  402e14:	940002b0 	bl	4038d4 <_ZSteqIcSt11char_traitsIcESaIcEEbRKNSt7__cxx1112basic_stringIT_T0_T1_EEPKS5_>
  402e18:	12001c00 	and	w0, w0, #0xff
  402e1c:	7100001f 	cmp	w0, #0x0
  402e20:	54000700 	b.eq	402f00 <_Z11build_chainPmmmjRKNSt7__cxx1112basic_stringIcSt11char_traitsIcESaIcEEEm+0x1a8>  // b.none
  402e24:	914007e0 	add	x0, sp, #0x1, lsl #12
  402e28:	910fc000 	add	x0, x0, #0x3f0
  402e2c:	94000308 	bl	403a4c <_ZNSt6vectorImSaImEE5beginEv>
  402e30:	aa0003f3 	mov	x19, x0
  402e34:	914007e0 	add	x0, sp, #0x1, lsl #12
  402e38:	910fc000 	add	x0, x0, #0x3f0
  402e3c:	9400030d 	bl	403a70 <_ZNSt6vectorImSaImEE3endEv>
  402e40:	aa0003e1 	mov	x1, x0
  402e44:	9101a3e0 	add	x0, sp, #0x68
  402e48:	aa0003e2 	mov	x2, x0
  402e4c:	aa1303e0 	mov	x0, x19
  402e50:	94000312 	bl	403a98 <_ZSt7shuffleIN9__gnu_cxx17__normal_iteratorIPmSt6vectorImSaImEEEERSt23mersenne_twister_engineImLm32ELm624ELm397ELm31ELm2567483615ELm11ELm4294967295ELm7ELm2636928640ELm15ELm4022730752ELm18ELm1812433253EEEvT_SA_OT0_>
  402e54:	f90a53ff 	str	xzr, [sp, #5280]
  402e58:	14000024 	b	402ee8 <_Z11build_chainPmmmjRKNSt7__cxx1112basic_stringIcSt11char_traitsIcESaIcEEEm+0x190>
  402e5c:	914007e0 	add	x0, sp, #0x1, lsl #12
  402e60:	910fc000 	add	x0, x0, #0x3f0
  402e64:	f94a53e1 	ldr	x1, [sp, #5280]
  402e68:	940002e5 	bl	4039fc <_ZNSt6vectorImSaImEEixEm>
  402e6c:	f9400000 	ldr	x0, [x0]
  402e70:	f90a1fe0 	str	x0, [sp, #5176]
  402e74:	f94a53e0 	ldr	x0, [sp, #5280]
  402e78:	91000400 	add	x0, x0, #0x1
  402e7c:	f94023e1 	ldr	x1, [sp, #64]
  402e80:	9ac10802 	udiv	x2, x0, x1
  402e84:	9b017c41 	mul	x1, x2, x1
  402e88:	cb010001 	sub	x1, x0, x1
  402e8c:	914007e0 	add	x0, sp, #0x1, lsl #12
  402e90:	910fc000 	add	x0, x0, #0x3f0
  402e94:	940002da 	bl	4039fc <_ZNSt6vectorImSaImEEixEm>
  402e98:	f9400000 	ldr	x0, [x0]
  402e9c:	f90a1be0 	str	x0, [sp, #5168]
  402ea0:	f94a1fe1 	ldr	x1, [sp, #5176]
  402ea4:	f9401fe0 	ldr	x0, [sp, #56]
  402ea8:	9b007c20 	mul	x0, x1, x0
  402eac:	f94027e1 	ldr	x1, [sp, #72]
  402eb0:	8b000020 	add	x0, x1, x0
  402eb4:	f90a17e0 	str	x0, [sp, #5160]
  402eb8:	f94a1be1 	ldr	x1, [sp, #5168]
  402ebc:	f9401fe0 	ldr	x0, [sp, #56]
  402ec0:	9b007c20 	mul	x0, x1, x0
  402ec4:	f94027e1 	ldr	x1, [sp, #72]
  402ec8:	8b000020 	add	x0, x1, x0
  402ecc:	f90a13e0 	str	x0, [sp, #5152]
  402ed0:	f94a13e1 	ldr	x1, [sp, #5152]
  402ed4:	f94a17e0 	ldr	x0, [sp, #5160]
  402ed8:	f9000001 	str	x1, [x0]
  402edc:	f94a53e0 	ldr	x0, [sp, #5280]
  402ee0:	91000400 	add	x0, x0, #0x1
  402ee4:	f90a53e0 	str	x0, [sp, #5280]
  402ee8:	f94023e0 	ldr	x0, [sp, #64]
  402eec:	f94a53e1 	ldr	x1, [sp, #5280]
  402ef0:	eb00003f 	cmp	x1, x0
  402ef4:	54fffb43 	b.cc	402e5c <_Z11build_chainPmmmjRKNSt7__cxx1112basic_stringIcSt11char_traitsIcESaIcEEEm+0x104>  // b.lo, b.ul, b.last
  402ef8:	52800013 	mov	w19, #0x0                   	// #0
  402efc:	1400008c 	b	40312c <_Z11build_chainPmmmjRKNSt7__cxx1112basic_stringIcSt11char_traitsIcESaIcEEEm+0x3d4>
  402f00:	f94013e1 	ldr	x1, [sp, #32]
  402f04:	f9401fe0 	ldr	x0, [sp, #56]
  402f08:	9ac00820 	udiv	x0, x1, x0
  402f0c:	f90a4fe0 	str	x0, [sp, #5272]
  402f10:	f94a4fe0 	ldr	x0, [sp, #5272]
  402f14:	f100001f 	cmp	x0, #0x0
  402f18:	54000061 	b.ne	402f24 <_Z11build_chainPmmmjRKNSt7__cxx1112basic_stringIcSt11char_traitsIcESaIcEEEm+0x1cc>  // b.any
  402f1c:	d2800020 	mov	x0, #0x1                   	// #1
  402f20:	f90a4fe0 	str	x0, [sp, #5272]
  402f24:	f94023e1 	ldr	x1, [sp, #64]
  402f28:	f94a4fe0 	ldr	x0, [sp, #5272]
  402f2c:	8b000020 	add	x0, x1, x0
  402f30:	d1000401 	sub	x1, x0, #0x1
  402f34:	f94a4fe0 	ldr	x0, [sp, #5272]
  402f38:	9ac00820 	udiv	x0, x1, x0
  402f3c:	f90a3fe0 	str	x0, [sp, #5240]
  402f40:	914007e0 	add	x0, sp, #0x1, lsl #12
  402f44:	91104000 	add	x0, x0, #0x410
  402f48:	9400026f 	bl	403904 <_ZNSaImEC1Ev>
  402f4c:	914007e1 	add	x1, sp, #0x1, lsl #12
  402f50:	91104021 	add	x1, x1, #0x410
  402f54:	910143e0 	add	x0, sp, #0x50
  402f58:	aa0103e2 	mov	x2, x1
  402f5c:	f94a3fe1 	ldr	x1, [sp, #5240]
  402f60:	94000279 	bl	403944 <_ZNSt6vectorImSaImEEC1EmRKS0_>
  402f64:	914007e0 	add	x0, sp, #0x1, lsl #12
  402f68:	91104000 	add	x0, x0, #0x410
  402f6c:	9400026e 	bl	403924 <_ZNSaImED1Ev>
  402f70:	f90a4bff 	str	xzr, [sp, #5264]
  402f74:	1400000a 	b	402f9c <_Z11build_chainPmmmjRKNSt7__cxx1112basic_stringIcSt11char_traitsIcESaIcEEEm+0x244>
  402f78:	910143e0 	add	x0, sp, #0x50
  402f7c:	f94a4be1 	ldr	x1, [sp, #5264]
  402f80:	9400029f 	bl	4039fc <_ZNSt6vectorImSaImEEixEm>
  402f84:	aa0003e1 	mov	x1, x0
  402f88:	f94a4be0 	ldr	x0, [sp, #5264]
  402f8c:	f9000020 	str	x0, [x1]
  402f90:	f94a4be0 	ldr	x0, [sp, #5264]
  402f94:	91000400 	add	x0, x0, #0x1
  402f98:	f90a4be0 	str	x0, [sp, #5264]
  402f9c:	f94a4be1 	ldr	x1, [sp, #5264]
  402fa0:	f94a3fe0 	ldr	x0, [sp, #5240]
  402fa4:	eb00003f 	cmp	x1, x0
  402fa8:	54fffe83 	b.cc	402f78 <_Z11build_chainPmmmjRKNSt7__cxx1112basic_stringIcSt11char_traitsIcESaIcEEEm+0x220>  // b.lo, b.ul, b.last
  402fac:	f0000000 	adrp	x0, 405000 <_ZSt9__fill_a1IPmmEN9__gnu_cxx11__enable_ifIXsrSt11__is_scalarIT0_E7__valueEvE6__typeET_S8_RKS4_+0x10>
  402fb0:	9112e001 	add	x1, x0, #0x4b8
  402fb4:	f94017e0 	ldr	x0, [sp, #40]
  402fb8:	94000247 	bl	4038d4 <_ZSteqIcSt11char_traitsIcESaIcEEbRKNSt7__cxx1112basic_stringIT_T0_T1_EEPKS5_>
  402fbc:	12001c00 	and	w0, w0, #0xff
  402fc0:	7100001f 	cmp	w0, #0x0
  402fc4:	54000160 	b.eq	402ff0 <_Z11build_chainPmmmjRKNSt7__cxx1112basic_stringIcSt11char_traitsIcESaIcEEEm+0x298>  // b.none
  402fc8:	910143e0 	add	x0, sp, #0x50
  402fcc:	940002a0 	bl	403a4c <_ZNSt6vectorImSaImEE5beginEv>
  402fd0:	aa0003f3 	mov	x19, x0
  402fd4:	910143e0 	add	x0, sp, #0x50
  402fd8:	940002a6 	bl	403a70 <_ZNSt6vectorImSaImEE3endEv>
  402fdc:	aa0003e1 	mov	x1, x0
  402fe0:	9101a3e0 	add	x0, sp, #0x68
  402fe4:	aa0003e2 	mov	x2, x0
  402fe8:	aa1303e0 	mov	x0, x19
  402fec:	940002ab 	bl	403a98 <_ZSt7shuffleIN9__gnu_cxx17__normal_iteratorIPmSt6vectorImSaImEEEERSt23mersenne_twister_engineImLm32ELm624ELm397ELm31ELm2567483615ELm11ELm4294967295ELm7ELm2636928640ELm15ELm4022730752ELm18ELm1812433253EEEvT_SA_OT0_>
  402ff0:	f90a47ff 	str	xzr, [sp, #5256]
  402ff4:	14000047 	b	403110 <_Z11build_chainPmmmjRKNSt7__cxx1112basic_stringIcSt11char_traitsIcESaIcEEEm+0x3b8>
  402ff8:	910143e0 	add	x0, sp, #0x50
  402ffc:	f94a47e1 	ldr	x1, [sp, #5256]
  403000:	9400027f 	bl	4039fc <_ZNSt6vectorImSaImEEixEm>
  403004:	f9400000 	ldr	x0, [x0]
  403008:	f90a3be0 	str	x0, [sp, #5232]
  40300c:	f94a3be1 	ldr	x1, [sp, #5232]
  403010:	f94a4fe0 	ldr	x0, [sp, #5272]
  403014:	9b007c20 	mul	x0, x1, x0
  403018:	f90a37e0 	str	x0, [sp, #5224]
  40301c:	f94a37e1 	ldr	x1, [sp, #5224]
  403020:	f94a4fe0 	ldr	x0, [sp, #5272]
  403024:	8b000020 	add	x0, x1, x0
  403028:	f90a0fe0 	str	x0, [sp, #5144]
  40302c:	910103e1 	add	x1, sp, #0x40
  403030:	914007e0 	add	x0, sp, #0x1, lsl #12
  403034:	91106000 	add	x0, x0, #0x418
  403038:	9400031a 	bl	403ca0 <_ZSt3minImERKT_S2_S2_>
  40303c:	f9400000 	ldr	x0, [x0]
  403040:	f90a33e0 	str	x0, [sp, #5216]
  403044:	f94a37e0 	ldr	x0, [sp, #5224]
  403048:	f90a43e0 	str	x0, [sp, #5248]
  40304c:	1400002a 	b	4030f4 <_Z11build_chainPmmmjRKNSt7__cxx1112basic_stringIcSt11char_traitsIcESaIcEEEm+0x39c>
  403050:	f94a43e0 	ldr	x0, [sp, #5248]
  403054:	f90a2fe0 	str	x0, [sp, #5208]
  403058:	f94a43e0 	ldr	x0, [sp, #5248]
  40305c:	91000400 	add	x0, x0, #0x1
  403060:	f94a33e1 	ldr	x1, [sp, #5216]
  403064:	eb00003f 	cmp	x1, x0
  403068:	54000089 	b.ls	403078 <_Z11build_chainPmmmjRKNSt7__cxx1112basic_stringIcSt11char_traitsIcESaIcEEEm+0x320>  // b.plast
  40306c:	f94a43e0 	ldr	x0, [sp, #5248]
  403070:	91000400 	add	x0, x0, #0x1
  403074:	1400000d 	b	4030a8 <_Z11build_chainPmmmjRKNSt7__cxx1112basic_stringIcSt11char_traitsIcESaIcEEEm+0x350>
  403078:	f94a47e0 	ldr	x0, [sp, #5256]
  40307c:	91000400 	add	x0, x0, #0x1
  403080:	f94a3fe1 	ldr	x1, [sp, #5240]
  403084:	9ac10802 	udiv	x2, x0, x1
  403088:	f94a3fe1 	ldr	x1, [sp, #5240]
  40308c:	9b017c41 	mul	x1, x2, x1
  403090:	cb010001 	sub	x1, x0, x1
  403094:	910143e0 	add	x0, sp, #0x50
  403098:	94000259 	bl	4039fc <_ZNSt6vectorImSaImEEixEm>
  40309c:	f9400001 	ldr	x1, [x0]
  4030a0:	f94a4fe0 	ldr	x0, [sp, #5272]
  4030a4:	9b007c20 	mul	x0, x1, x0
  4030a8:	f90a2be0 	str	x0, [sp, #5200]
  4030ac:	f94a2fe1 	ldr	x1, [sp, #5208]
  4030b0:	f9401fe0 	ldr	x0, [sp, #56]
  4030b4:	9b007c20 	mul	x0, x1, x0
  4030b8:	f94027e1 	ldr	x1, [sp, #72]
  4030bc:	8b000020 	add	x0, x1, x0
  4030c0:	f90a27e0 	str	x0, [sp, #5192]
  4030c4:	f94a2be1 	ldr	x1, [sp, #5200]
  4030c8:	f9401fe0 	ldr	x0, [sp, #56]
  4030cc:	9b007c20 	mul	x0, x1, x0
  4030d0:	f94027e1 	ldr	x1, [sp, #72]
  4030d4:	8b000020 	add	x0, x1, x0
  4030d8:	f90a23e0 	str	x0, [sp, #5184]
  4030dc:	f94a23e1 	ldr	x1, [sp, #5184]
  4030e0:	f94a27e0 	ldr	x0, [sp, #5192]
  4030e4:	f9000001 	str	x1, [x0]
  4030e8:	f94a43e0 	ldr	x0, [sp, #5248]
  4030ec:	91000400 	add	x0, x0, #0x1
  4030f0:	f90a43e0 	str	x0, [sp, #5248]
  4030f4:	f94a43e1 	ldr	x1, [sp, #5248]
  4030f8:	f94a33e0 	ldr	x0, [sp, #5216]
  4030fc:	eb00003f 	cmp	x1, x0
  403100:	54fffa83 	b.cc	403050 <_Z11build_chainPmmmjRKNSt7__cxx1112basic_stringIcSt11char_traitsIcESaIcEEEm+0x2f8>  // b.lo, b.ul, b.last
  403104:	f94a47e0 	ldr	x0, [sp, #5256]
  403108:	91000400 	add	x0, x0, #0x1
  40310c:	f90a47e0 	str	x0, [sp, #5256]
  403110:	f94a47e1 	ldr	x1, [sp, #5256]
  403114:	f94a3fe0 	ldr	x0, [sp, #5240]
  403118:	eb00003f 	cmp	x1, x0
  40311c:	54fff6e3 	b.cc	402ff8 <_Z11build_chainPmmmjRKNSt7__cxx1112basic_stringIcSt11char_traitsIcESaIcEEEm+0x2a0>  // b.lo, b.ul, b.last
  403120:	910143e0 	add	x0, sp, #0x50
  403124:	94000222 	bl	4039ac <_ZNSt6vectorImSaImEED1Ev>
  403128:	52800033 	mov	w19, #0x1                   	// #1
  40312c:	914007e0 	add	x0, sp, #0x1, lsl #12
  403130:	910fc000 	add	x0, x0, #0x3f0
  403134:	9400021e 	bl	4039ac <_ZNSt6vectorImSaImEED1Ev>
  403138:	7100067f 	cmp	w19, #0x1
  40313c:	14000016 	b	403194 <_Z11build_chainPmmmjRKNSt7__cxx1112basic_stringIcSt11char_traitsIcESaIcEEEm+0x43c>
  403140:	aa0003f3 	mov	x19, x0
  403144:	914007e0 	add	x0, sp, #0x1, lsl #12
  403148:	91102000 	add	x0, x0, #0x408
  40314c:	940001f6 	bl	403924 <_ZNSaImED1Ev>
  403150:	aa1303e0 	mov	x0, x19
  403154:	97fff90f 	bl	401590 <_Unwind_Resume@plt>
  403158:	aa0003f3 	mov	x19, x0
  40315c:	914007e0 	add	x0, sp, #0x1, lsl #12
  403160:	91104000 	add	x0, x0, #0x410
  403164:	940001f0 	bl	403924 <_ZNSaImED1Ev>
  403168:	14000006 	b	403180 <_Z11build_chainPmmmjRKNSt7__cxx1112basic_stringIcSt11char_traitsIcESaIcEEEm+0x428>
  40316c:	aa0003f3 	mov	x19, x0
  403170:	910143e0 	add	x0, sp, #0x50
  403174:	9400020e 	bl	4039ac <_ZNSt6vectorImSaImEED1Ev>
  403178:	14000002 	b	403180 <_Z11build_chainPmmmjRKNSt7__cxx1112basic_stringIcSt11char_traitsIcESaIcEEEm+0x428>
  40317c:	aa0003f3 	mov	x19, x0
  403180:	914007e0 	add	x0, sp, #0x1, lsl #12
  403184:	910fc000 	add	x0, x0, #0x3f0
  403188:	94000209 	bl	4039ac <_ZNSt6vectorImSaImEED1Ev>
  40318c:	aa1303e0 	mov	x0, x19
  403190:	97fff900 	bl	401590 <_Unwind_Resume@plt>
  403194:	f9400bf3 	ldr	x19, [sp, #16]
  403198:	a9407bfd 	ldp	x29, x30, [sp]
  40319c:	d282960c 	mov	x12, #0x14b0                	// #5296
  4031a0:	8b2c63ff 	add	sp, sp, x12
  4031a4:	d65f03c0 	ret

00000000004031a8 <main>:
  4031a8:	d10b43ff 	sub	sp, sp, #0x2d0
  4031ac:	a9007bfd 	stp	x29, x30, [sp]
  4031b0:	910003fd 	mov	x29, sp
  4031b4:	f9000bf3 	str	x19, [sp, #16]
  4031b8:	b9002fe0 	str	w0, [sp, #44]
  4031bc:	f90013e1 	str	x1, [sp, #32]
  4031c0:	9105e3e0 	add	x0, sp, #0x178
  4031c4:	4f000400 	movi	v0.4s, #0x0
  4031c8:	ad000000 	stp	q0, q0, [x0]
  4031cc:	ad010000 	stp	q0, q0, [x0, #32]
  4031d0:	ad020000 	stp	q0, q0, [x0, #64]
  4031d4:	ad030000 	stp	q0, q0, [x0, #96]
  4031d8:	ad040000 	stp	q0, q0, [x0, #128]
  4031dc:	ad050000 	stp	q0, q0, [x0, #160]
  4031e0:	ad060000 	stp	q0, q0, [x0, #192]
  4031e4:	9105e3e0 	add	x0, sp, #0x178
  4031e8:	97fff8ba 	bl	4014d0 <_ZNSt7__cxx1112basic_stringIcSt11char_traitsIcESaIcEEC1Ev@plt>
  4031ec:	9105e3e0 	add	x0, sp, #0x178
  4031f0:	91008000 	add	x0, x0, #0x20
  4031f4:	97fff8b7 	bl	4014d0 <_ZNSt7__cxx1112basic_stringIcSt11char_traitsIcESaIcEEC1Ev@plt>
  4031f8:	9105e3e0 	add	x0, sp, #0x178
  4031fc:	91010000 	add	x0, x0, #0x40
  403200:	97fff8b4 	bl	4014d0 <_ZNSt7__cxx1112basic_stringIcSt11char_traitsIcESaIcEEC1Ev@plt>
  403204:	9105e3e0 	add	x0, sp, #0x178
  403208:	91026000 	add	x0, x0, #0x98
  40320c:	97fff8b1 	bl	4014d0 <_ZNSt7__cxx1112basic_stringIcSt11char_traitsIcESaIcEEC1Ev@plt>
  403210:	9105e3e0 	add	x0, sp, #0x178
  403214:	9102e000 	add	x0, x0, #0xb8
  403218:	97fff8ae 	bl	4014d0 <_ZNSt7__cxx1112basic_stringIcSt11char_traitsIcESaIcEEC1Ev@plt>
  40321c:	9105e3e0 	add	x0, sp, #0x178
  403220:	aa0003e2 	mov	x2, x0
  403224:	f94013e1 	ldr	x1, [sp, #32]
  403228:	b9402fe0 	ldr	w0, [sp, #44]
  40322c:	97fffbe6 	bl	4021c4 <_Z10parse_argsiPPcR6Config>
  403230:	12001c00 	and	w0, w0, #0xff
  403234:	52000000 	eor	w0, w0, #0x1
  403238:	12001c00 	and	w0, w0, #0xff
  40323c:	7100001f 	cmp	w0, #0x0
  403240:	54000060 	b.eq	40324c <main+0xa4>  // b.none
  403244:	52800033 	mov	w19, #0x1                   	// #1
  403248:	140000de 	b	4035c0 <main+0x418>
  40324c:	9105e3e0 	add	x0, sp, #0x178
  403250:	97fff8c4 	bl	401560 <_ZNKSt7__cxx1112basic_stringIcSt11char_traitsIcESaIcEE5emptyEv@plt>
  403254:	12001c00 	and	w0, w0, #0xff
  403258:	7100001f 	cmp	w0, #0x0
  40325c:	540000e1 	b.ne	403278 <main+0xd0>  // b.any
  403260:	9105e3e0 	add	x0, sp, #0x178
  403264:	91008000 	add	x0, x0, #0x20
  403268:	97fff8be 	bl	401560 <_ZNKSt7__cxx1112basic_stringIcSt11char_traitsIcESaIcEE5emptyEv@plt>
  40326c:	12001c00 	and	w0, w0, #0xff
  403270:	7100001f 	cmp	w0, #0x0
  403274:	54000060 	b.eq	403280 <main+0xd8>  // b.none
  403278:	52800020 	mov	w0, #0x1                   	// #1
  40327c:	14000002 	b	403284 <main+0xdc>
  403280:	52800000 	mov	w0, #0x0                   	// #0
  403284:	7100001f 	cmp	w0, #0x0
  403288:	54000100 	b.eq	4032a8 <main+0x100>  // b.none
  40328c:	d0000000 	adrp	x0, 405000 <_ZSt9__fill_a1IPmmEN9__gnu_cxx11__enable_ifIXsrSt11__is_scalarIT0_E7__valueEvE6__typeET_S8_RKS4_+0x10>
  403290:	91164001 	add	x1, x0, #0x590
  403294:	b00000e0 	adrp	x0, 420000 <fputs@GLIBC_2.17>
  403298:	91068000 	add	x0, x0, #0x1a0
  40329c:	97fff861 	bl	401420 <_ZStlsISt11char_traitsIcEERSt13basic_ostreamIcT_ES5_PKc@plt>
  4032a0:	52800033 	mov	w19, #0x1                   	// #1
  4032a4:	140000c7 	b	4035c0 <main+0x418>
  4032a8:	9105e3e0 	add	x0, sp, #0x178
  4032ac:	97fff825 	bl	401340 <_ZNKSt7__cxx1112basic_stringIcSt11char_traitsIcESaIcEE5c_strEv@plt>
  4032b0:	97fff92e 	bl	401768 <_ZL8pmu_openPKc>
  4032b4:	d2800800 	mov	x0, #0x40                  	// #64
  4032b8:	f90153e0 	str	x0, [sp, #672]
  4032bc:	f900bbff 	str	xzr, [sp, #368]
  4032c0:	f940f7e1 	ldr	x1, [sp, #488]
  4032c4:	f940f3e0 	ldr	x0, [sp, #480]
  4032c8:	8b000020 	add	x0, x1, x0
  4032cc:	91010001 	add	x1, x0, #0x40
  4032d0:	9105c3e0 	add	x0, sp, #0x170
  4032d4:	aa0103e2 	mov	x2, x1
  4032d8:	d2800801 	mov	x1, #0x40                  	// #64
  4032dc:	97fff85d 	bl	401450 <posix_memalign@plt>
  4032e0:	7100001f 	cmp	w0, #0x0
  4032e4:	1a9f07e0 	cset	w0, ne  // ne = any
  4032e8:	12001c00 	and	w0, w0, #0xff
  4032ec:	7100001f 	cmp	w0, #0x0
  4032f0:	54000040 	b.eq	4032f8 <main+0x150>  // b.none
  4032f4:	f900bbff 	str	xzr, [sp, #368]
  4032f8:	f940bbe0 	ldr	x0, [sp, #368]
  4032fc:	f100001f 	cmp	x0, #0x0
  403300:	54000101 	b.ne	403320 <main+0x178>  // b.any
  403304:	d0000000 	adrp	x0, 405000 <_ZSt9__fill_a1IPmmEN9__gnu_cxx11__enable_ifIXsrSt11__is_scalarIT0_E7__valueEvE6__typeET_S8_RKS4_+0x10>
  403308:	91170001 	add	x1, x0, #0x5c0
  40330c:	b00000e0 	adrp	x0, 420000 <fputs@GLIBC_2.17>
  403310:	91068000 	add	x0, x0, #0x1a0
  403314:	97fff843 	bl	401420 <_ZStlsISt11char_traitsIcEERSt13basic_ostreamIcT_ES5_PKc@plt>
  403318:	52800033 	mov	w19, #0x1                   	// #1
  40331c:	140000a9 	b	4035c0 <main+0x418>
  403320:	f940bbe1 	ldr	x1, [sp, #368]
  403324:	f940f3e0 	ldr	x0, [sp, #480]
  403328:	8b000020 	add	x0, x1, x0
  40332c:	f9014fe0 	str	x0, [sp, #664]
  403330:	f940f7e1 	ldr	x1, [sp, #488]
  403334:	f940efe0 	ldr	x0, [sp, #472]
  403338:	9ac00820 	udiv	x0, x1, x0
  40333c:	f9014be0 	str	x0, [sp, #656]
  403340:	f9414be0 	ldr	x0, [sp, #656]
  403344:	f100041f 	cmp	x0, #0x1
  403348:	54000108 	b.hi	403368 <main+0x1c0>  // b.pmore
  40334c:	d0000000 	adrp	x0, 405000 <_ZSt9__fill_a1IPmmEN9__gnu_cxx11__enable_ifIXsrSt11__is_scalarIT0_E7__valueEvE6__typeET_S8_RKS4_+0x10>
  403350:	91176001 	add	x1, x0, #0x5d8
  403354:	b00000e0 	adrp	x0, 420000 <fputs@GLIBC_2.17>
  403358:	91068000 	add	x0, x0, #0x1a0
  40335c:	97fff831 	bl	401420 <_ZStlsISt11char_traitsIcEERSt13basic_ostreamIcT_ES5_PKc@plt>
  403360:	52800033 	mov	w19, #0x1                   	// #1
  403364:	14000097 	b	4035c0 <main+0x418>
  403368:	f940efe1 	ldr	x1, [sp, #472]
  40336c:	b9420be2 	ldr	w2, [sp, #520]
  403370:	f9412be3 	ldr	x3, [sp, #592]
  403374:	9105e3e0 	add	x0, sp, #0x178
  403378:	91026000 	add	x0, x0, #0x98
  40337c:	aa0303e5 	mov	x5, x3
  403380:	aa0003e4 	mov	x4, x0
  403384:	2a0203e3 	mov	w3, w2
  403388:	aa0103e2 	mov	x2, x1
  40338c:	f9414be1 	ldr	x1, [sp, #656]
  403390:	f9414fe0 	ldr	x0, [sp, #664]
  403394:	97fffe71 	bl	402d58 <_Z11build_chainPmmmjRKNSt7__cxx1112basic_stringIcSt11char_traitsIcESaIcEEEm>
  403398:	f9414fe0 	ldr	x0, [sp, #664]
  40339c:	f90167e0 	str	x0, [sp, #712]
  4033a0:	f940fff3 	ldr	x19, [sp, #504]
  4033a4:	f9012fff 	str	xzr, [sp, #600]
  4033a8:	910983e0 	add	x0, sp, #0x260
  4033ac:	94000156 	bl	403904 <_ZNSaImEC1Ev>
  4033b0:	910983e2 	add	x2, sp, #0x260
  4033b4:	910963e1 	add	x1, sp, #0x258
  4033b8:	910563e0 	add	x0, sp, #0x158
  4033bc:	aa0203e3 	mov	x3, x2
  4033c0:	aa0103e2 	mov	x2, x1
  4033c4:	aa1303e1 	mov	x1, x19
  4033c8:	94000244 	bl	403cd8 <_ZNSt6vectorImSaImEEC1EmRKmRKS0_>
  4033cc:	910983e0 	add	x0, sp, #0x260
  4033d0:	94000155 	bl	403924 <_ZNSaImED1Ev>
  4033d4:	f90163ff 	str	xzr, [sp, #704]
  4033d8:	14000010 	b	403418 <main+0x270>
  4033dc:	f9015fff 	str	xzr, [sp, #696]
  4033e0:	14000007 	b	4033fc <main+0x254>
  4033e4:	f94167e0 	ldr	x0, [sp, #712]
  4033e8:	f9400000 	ldr	x0, [x0]
  4033ec:	f90167e0 	str	x0, [sp, #712]
  4033f0:	f9415fe0 	ldr	x0, [sp, #696]
  4033f4:	91000400 	add	x0, x0, #0x1
  4033f8:	f9015fe0 	str	x0, [sp, #696]
  4033fc:	f940fbe0 	ldr	x0, [sp, #496]
  403400:	f9415fe1 	ldr	x1, [sp, #696]
  403404:	eb00003f 	cmp	x1, x0
  403408:	54fffee3 	b.cc	4033e4 <main+0x23c>  // b.lo, b.ul, b.last
  40340c:	f94163e0 	ldr	x0, [sp, #704]
  403410:	91000400 	add	x0, x0, #0x1
  403414:	f90163e0 	str	x0, [sp, #704]
  403418:	f94103e0 	ldr	x0, [sp, #512]
  40341c:	f94163e1 	ldr	x1, [sp, #704]
  403420:	eb00003f 	cmp	x1, x0
  403424:	54fffdc3 	b.cc	4033dc <main+0x234>  // b.lo, b.ul, b.last
  403428:	f94167e0 	ldr	x0, [sp, #712]
  40342c:	f90147e0 	str	x0, [sp, #648]
  403430:	f9414fe0 	ldr	x0, [sp, #664]
  403434:	f90167e0 	str	x0, [sp, #712]
  403438:	d0000000 	adrp	x0, 405000 <_ZSt9__fill_a1IPmmEN9__gnu_cxx11__enable_ifIXsrSt11__is_scalarIT0_E7__valueEvE6__typeET_S8_RKS4_+0x10>
  40343c:	9117a001 	add	x1, x0, #0x5e8
  403440:	f9414fe0 	ldr	x0, [sp, #664]
  403444:	97fffab2 	bl	401f0c <_ZL11log_mappingPKvPKc>
  403448:	910323e0 	add	x0, sp, #0xc8
  40344c:	4f000400 	movi	v0.4s, #0x0
  403450:	ad000000 	stp	q0, q0, [x0]
  403454:	ad010000 	stp	q0, q0, [x0, #32]
  403458:	ad020000 	stp	q0, q0, [x0, #64]
  40345c:	ad030000 	stp	q0, q0, [x0, #96]
  403460:	3d802000 	str	q0, [x0, #128]
  403464:	9100e3e0 	add	x0, sp, #0x38
  403468:	4f000400 	movi	v0.4s, #0x0
  40346c:	ad000000 	stp	q0, q0, [x0]
  403470:	ad010000 	stp	q0, q0, [x0, #32]
  403474:	ad020000 	stp	q0, q0, [x0, #64]
  403478:	ad030000 	stp	q0, q0, [x0, #96]
  40347c:	3d802000 	str	q0, [x0, #128]
  403480:	910323e0 	add	x0, sp, #0xc8
  403484:	aa0003e1 	mov	x1, x0
  403488:	52800000 	mov	w0, #0x0                   	// #0
  40348c:	97fff7cd 	bl	4013c0 <getrusage@plt>
  403490:	97fff95c 	bl	401a00 <_ZL9pmu_startv>
  403494:	f9015bff 	str	xzr, [sp, #688]
  403498:	1400001e 	b	403510 <main+0x368>
  40349c:	97fffb40 	bl	40219c <_ZL9tsc_startv>
  4034a0:	f9013fe0 	str	x0, [sp, #632]
  4034a4:	f90157ff 	str	xzr, [sp, #680]
  4034a8:	14000007 	b	4034c4 <main+0x31c>
  4034ac:	f94167e0 	ldr	x0, [sp, #712]
  4034b0:	f9400000 	ldr	x0, [x0]
  4034b4:	f90167e0 	str	x0, [sp, #712]
  4034b8:	f94157e0 	ldr	x0, [sp, #680]
  4034bc:	91000400 	add	x0, x0, #0x1
  4034c0:	f90157e0 	str	x0, [sp, #680]
  4034c4:	f940fbe0 	ldr	x0, [sp, #496]
  4034c8:	f94157e1 	ldr	x1, [sp, #680]
  4034cc:	eb00003f 	cmp	x1, x0
  4034d0:	54fffee3 	b.cc	4034ac <main+0x304>  // b.lo, b.ul, b.last
  4034d4:	97fffb37 	bl	4021b0 <_ZL8tsc_stopv>
  4034d8:	f9013be0 	str	x0, [sp, #624]
  4034dc:	f9413be1 	ldr	x1, [sp, #624]
  4034e0:	f9413fe0 	ldr	x0, [sp, #632]
  4034e4:	cb000020 	sub	x0, x1, x0
  4034e8:	f90137e0 	str	x0, [sp, #616]
  4034ec:	910563e0 	add	x0, sp, #0x158
  4034f0:	f9415be1 	ldr	x1, [sp, #688]
  4034f4:	94000142 	bl	4039fc <_ZNSt6vectorImSaImEEixEm>
  4034f8:	aa0003e1 	mov	x1, x0
  4034fc:	f94137e0 	ldr	x0, [sp, #616]
  403500:	f9000020 	str	x0, [x1]
  403504:	f9415be0 	ldr	x0, [sp, #688]
  403508:	91000400 	add	x0, x0, #0x1
  40350c:	f9015be0 	str	x0, [sp, #688]
  403510:	f940ffe0 	ldr	x0, [sp, #504]
  403514:	f9415be1 	ldr	x1, [sp, #688]
  403518:	eb00003f 	cmp	x1, x0
  40351c:	54fffc03 	b.cc	40349c <main+0x2f4>  // b.lo, b.ul, b.last
  403520:	97fff959 	bl	401a84 <_ZL8pmu_stopv>
  403524:	9100e3e0 	add	x0, sp, #0x38
  403528:	aa0003e1 	mov	x1, x0
  40352c:	52800000 	mov	w0, #0x0                   	// #0
  403530:	97fff7a4 	bl	4013c0 <getrusage@plt>
  403534:	9100e3e1 	add	x1, sp, #0x38
  403538:	910323e0 	add	x0, sp, #0xc8
  40353c:	97fffa49 	bl	401e60 <_ZL9log_usageRK6rusageS1_>
  403540:	d0000000 	adrp	x0, 405000 <_ZSt9__fill_a1IPmmEN9__gnu_cxx11__enable_ifIXsrSt11__is_scalarIT0_E7__valueEvE6__typeET_S8_RKS4_+0x10>
  403544:	9117c001 	add	x1, x0, #0x5f0
  403548:	f9414fe0 	ldr	x0, [sp, #664]
  40354c:	97fffa70 	bl	401f0c <_ZL11log_mappingPKvPKc>
  403550:	9105e3e0 	add	x0, sp, #0x178
  403554:	91008000 	add	x0, x0, #0x20
  403558:	97fff77a 	bl	401340 <_ZNKSt7__cxx1112basic_stringIcSt11char_traitsIcESaIcEE5c_strEv@plt>
  40355c:	aa0003e2 	mov	x2, x0
  403560:	f940ffe1 	ldr	x1, [sp, #504]
  403564:	f940fbe0 	ldr	x0, [sp, #496]
  403568:	9b007c20 	mul	x0, x1, x0
  40356c:	aa0003e1 	mov	x1, x0
  403570:	aa0203e0 	mov	x0, x2
  403574:	97fff98c 	bl	401ba4 <_ZL8pmu_savePKcm>
  403578:	9105e3e0 	add	x0, sp, #0x178
  40357c:	9102e000 	add	x0, x0, #0xb8
  403580:	97fff770 	bl	401340 <_ZNKSt7__cxx1112basic_stringIcSt11char_traitsIcESaIcEE5c_strEv@plt>
  403584:	aa0003f3 	mov	x19, x0
  403588:	910563e0 	add	x0, sp, #0x158
  40358c:	940001ef 	bl	403d48 <_ZNSt6vectorImSaImEE4dataEv>
  403590:	aa0003e1 	mov	x1, x0
  403594:	f940ffe0 	ldr	x0, [sp, #504]
  403598:	aa0003e2 	mov	x2, x0
  40359c:	aa1303e0 	mov	x0, x19
  4035a0:	97fffa05 	bl	401db4 <_ZL10save_ticksPKcPKmm>
  4035a4:	f94167e0 	ldr	x0, [sp, #712]
  4035a8:	f90143e0 	str	x0, [sp, #640]
  4035ac:	f940bbe0 	ldr	x0, [sp, #368]
  4035b0:	97fff770 	bl	401370 <free@plt>
  4035b4:	52800013 	mov	w19, #0x0                   	// #0
  4035b8:	910563e0 	add	x0, sp, #0x158
  4035bc:	940000fc 	bl	4039ac <_ZNSt6vectorImSaImEED1Ev>
  4035c0:	9105e3e0 	add	x0, sp, #0x178
  4035c4:	9400004f 	bl	403700 <_ZN6ConfigD1Ev>
  4035c8:	2a1303e0 	mov	w0, w19
  4035cc:	1400000e 	b	403604 <main+0x45c>
  4035d0:	aa0003f3 	mov	x19, x0
  4035d4:	910983e0 	add	x0, sp, #0x260
  4035d8:	940000d3 	bl	403924 <_ZNSaImED1Ev>
  4035dc:	14000006 	b	4035f4 <main+0x44c>
  4035e0:	aa0003f3 	mov	x19, x0
  4035e4:	910563e0 	add	x0, sp, #0x158
  4035e8:	940000f1 	bl	4039ac <_ZNSt6vectorImSaImEED1Ev>
  4035ec:	14000002 	b	4035f4 <main+0x44c>
  4035f0:	aa0003f3 	mov	x19, x0
  4035f4:	9105e3e0 	add	x0, sp, #0x178
  4035f8:	94000042 	bl	403700 <_ZN6ConfigD1Ev>
  4035fc:	aa1303e0 	mov	x0, x19
  403600:	97fff7e4 	bl	401590 <_Unwind_Resume@plt>
  403604:	f9400bf3 	ldr	x19, [sp, #16]
  403608:	a9407bfd 	ldp	x29, x30, [sp]
  40360c:	910b43ff 	add	sp, sp, #0x2d0
  403610:	d65f03c0 	ret

0000000000403614 <_Z41__static_initialization_and_destruction_0ii>:
  403614:	a9be7bfd 	stp	x29, x30, [sp, #-32]!
  403618:	910003fd 	mov	x29, sp
  40361c:	b9001fe0 	str	w0, [sp, #28]
  403620:	b9001be1 	str	w1, [sp, #24]
  403624:	b9401fe0 	ldr	w0, [sp, #28]
  403628:	7100041f 	cmp	w0, #0x1
  40362c:	540001e1 	b.ne	403668 <_Z41__static_initialization_and_destruction_0ii+0x54>  // b.any
  403630:	b9401be1 	ldr	w1, [sp, #24]
  403634:	529fffe0 	mov	w0, #0xffff                	// #65535
  403638:	6b00003f 	cmp	w1, w0
  40363c:	54000161 	b.ne	403668 <_Z41__static_initialization_and_destruction_0ii+0x54>  // b.any
  403640:	b00000e0 	adrp	x0, 420000 <fputs@GLIBC_2.17>
  403644:	910ae000 	add	x0, x0, #0x2b8
  403648:	97fff7b6 	bl	401520 <_ZNSt8ios_base4InitC1Ev@plt>
  40364c:	d0000000 	adrp	x0, 405000 <_ZSt9__fill_a1IPmmEN9__gnu_cxx11__enable_ifIXsrSt11__is_scalarIT0_E7__valueEvE6__typeET_S8_RKS4_+0x10>
  403650:	9101a002 	add	x2, x0, #0x68
  403654:	b00000e0 	adrp	x0, 420000 <fputs@GLIBC_2.17>
  403658:	910ae001 	add	x1, x0, #0x2b8
  40365c:	d0ffffe0 	adrp	x0, 401000 <__abi_tag+0xd88>
  403660:	91170000 	add	x0, x0, #0x5c0
  403664:	97fff787 	bl	401480 <__cxa_atexit@plt>
  403668:	d503201f 	nop
  40366c:	a8c27bfd 	ldp	x29, x30, [sp], #32
  403670:	d65f03c0 	ret

0000000000403674 <_GLOBAL__sub_I__Z10parse_argsiPPcR6Config>:
  403674:	a9bf7bfd 	stp	x29, x30, [sp, #-16]!
  403678:	910003fd 	mov	x29, sp
  40367c:	529fffe1 	mov	w1, #0xffff                	// #65535
  403680:	52800020 	mov	w0, #0x1                   	// #1
  403684:	97ffffe4 	bl	403614 <_Z41__static_initialization_and_destruction_0ii>
  403688:	a8c17bfd 	ldp	x29, x30, [sp], #16
  40368c:	d65f03c0 	ret

0000000000403690 <_ZnwmPv>:
  403690:	d10043ff 	sub	sp, sp, #0x10
  403694:	f90007e0 	str	x0, [sp, #8]
  403698:	f90003e1 	str	x1, [sp]
  40369c:	f94003e0 	ldr	x0, [sp]
  4036a0:	910043ff 	add	sp, sp, #0x10
  4036a4:	d65f03c0 	ret

00000000004036a8 <_ZSt17__size_to_integerm>:
  4036a8:	d10043ff 	sub	sp, sp, #0x10
  4036ac:	f90007e0 	str	x0, [sp, #8]
  4036b0:	f94007e0 	ldr	x0, [sp, #8]
  4036b4:	910043ff 	add	sp, sp, #0x10
  4036b8:	d65f03c0 	ret

00000000004036bc <_ZNSt7__cxx115stoulERKNS_12basic_stringIcSt11char_traitsIcESaIcEEEPmi>:
  4036bc:	a9bd7bfd 	stp	x29, x30, [sp, #-48]!
  4036c0:	910003fd 	mov	x29, sp
  4036c4:	f90017e0 	str	x0, [sp, #40]
  4036c8:	f90013e1 	str	x1, [sp, #32]
  4036cc:	b9001fe2 	str	w2, [sp, #28]
  4036d0:	f94017e0 	ldr	x0, [sp, #40]
  4036d4:	97fff71b 	bl	401340 <_ZNKSt7__cxx1112basic_stringIcSt11char_traitsIcESaIcEE5c_strEv@plt>
  4036d8:	b9401fe4 	ldr	w4, [sp, #28]
  4036dc:	f94013e3 	ldr	x3, [sp, #32]
  4036e0:	aa0003e2 	mov	x2, x0
  4036e4:	d0000000 	adrp	x0, 405000 <_ZSt9__fill_a1IPmmEN9__gnu_cxx11__enable_ifIXsrSt11__is_scalarIT0_E7__valueEvE6__typeET_S8_RKS4_+0x10>
  4036e8:	9101e001 	add	x1, x0, #0x78
  4036ec:	d0ffffe0 	adrp	x0, 401000 <__abi_tag+0xd88>
  4036f0:	91128000 	add	x0, x0, #0x4a0
  4036f4:	94000038 	bl	4037d4 <_ZN9__gnu_cxx6__stoaImmcJiEEET0_PFT_PKT1_PPS3_DpT2_EPKcS5_PmS9_>
  4036f8:	a8c37bfd 	ldp	x29, x30, [sp], #48
  4036fc:	d65f03c0 	ret

0000000000403700 <_ZN6ConfigD1Ev>:
  403700:	a9be7bfd 	stp	x29, x30, [sp, #-32]!
  403704:	910003fd 	mov	x29, sp
  403708:	f9000fe0 	str	x0, [sp, #24]
  40370c:	f9400fe0 	ldr	x0, [sp, #24]
  403710:	9102e000 	add	x0, x0, #0xb8
  403714:	97fff71f 	bl	401390 <_ZNSt7__cxx1112basic_stringIcSt11char_traitsIcESaIcEED1Ev@plt>
  403718:	f9400fe0 	ldr	x0, [sp, #24]
  40371c:	91026000 	add	x0, x0, #0x98
  403720:	97fff71c 	bl	401390 <_ZNSt7__cxx1112basic_stringIcSt11char_traitsIcESaIcEED1Ev@plt>
  403724:	f9400fe0 	ldr	x0, [sp, #24]
  403728:	91010000 	add	x0, x0, #0x40
  40372c:	97fff719 	bl	401390 <_ZNSt7__cxx1112basic_stringIcSt11char_traitsIcESaIcEED1Ev@plt>
  403730:	f9400fe0 	ldr	x0, [sp, #24]
  403734:	91008000 	add	x0, x0, #0x20
  403738:	97fff716 	bl	401390 <_ZNSt7__cxx1112basic_stringIcSt11char_traitsIcESaIcEED1Ev@plt>
  40373c:	f9400fe0 	ldr	x0, [sp, #24]
  403740:	97fff714 	bl	401390 <_ZNSt7__cxx1112basic_stringIcSt11char_traitsIcESaIcEED1Ev@plt>
  403744:	d503201f 	nop
  403748:	a8c27bfd 	ldp	x29, x30, [sp], #32
  40374c:	d65f03c0 	ret

0000000000403750 <_ZZN9__gnu_cxx6__stoaImmcJiEEET0_PFT_PKT1_PPS3_DpT2_EPKcS5_PmS9_EN11_Save_errnoC1Ev>:
  403750:	a9be7bfd 	stp	x29, x30, [sp, #-32]!
  403754:	910003fd 	mov	x29, sp
  403758:	f9000fe0 	str	x0, [sp, #24]
  40375c:	97fff74d 	bl	401490 <__errno_location@plt>
  403760:	b9400001 	ldr	w1, [x0]
  403764:	f9400fe0 	ldr	x0, [sp, #24]
  403768:	b9000001 	str	w1, [x0]
  40376c:	97fff749 	bl	401490 <__errno_location@plt>
  403770:	b900001f 	str	wzr, [x0]
  403774:	d503201f 	nop
  403778:	a8c27bfd 	ldp	x29, x30, [sp], #32
  40377c:	d65f03c0 	ret

0000000000403780 <_ZZN9__gnu_cxx6__stoaImmcJiEEET0_PFT_PKT1_PPS3_DpT2_EPKcS5_PmS9_EN11_Save_errnoD1Ev>:
  403780:	a9be7bfd 	stp	x29, x30, [sp, #-32]!
  403784:	910003fd 	mov	x29, sp
  403788:	f9000fe0 	str	x0, [sp, #24]
  40378c:	97fff741 	bl	401490 <__errno_location@plt>
  403790:	b9400000 	ldr	w0, [x0]
  403794:	7100001f 	cmp	w0, #0x0
  403798:	540000c1 	b.ne	4037b0 <_ZZN9__gnu_cxx6__stoaImmcJiEEET0_PFT_PKT1_PPS3_DpT2_EPKcS5_PmS9_EN11_Save_errnoD1Ev+0x30>  // b.any
  40379c:	97fff73d 	bl	401490 <__errno_location@plt>
  4037a0:	aa0003e1 	mov	x1, x0
  4037a4:	f9400fe0 	ldr	x0, [sp, #24]
  4037a8:	b9400000 	ldr	w0, [x0]
  4037ac:	b9000020 	str	w0, [x1]
  4037b0:	d503201f 	nop
  4037b4:	a8c27bfd 	ldp	x29, x30, [sp], #32
  4037b8:	d65f03c0 	ret

00000000004037bc <_ZZN9__gnu_cxx6__stoaImmcJiEEET0_PFT_PKT1_PPS3_DpT2_EPKcS5_PmS9_EN10_Range_chk6_S_chkEmSt17integral_constantIbLb0EE>:
  4037bc:	d10043ff 	sub	sp, sp, #0x10
  4037c0:	f90007e0 	str	x0, [sp, #8]
  4037c4:	390003e1 	strb	w1, [sp]
  4037c8:	52800000 	mov	w0, #0x0                   	// #0
  4037cc:	910043ff 	add	sp, sp, #0x10
  4037d0:	d65f03c0 	ret

00000000004037d4 <_ZN9__gnu_cxx6__stoaImmcJiEEET0_PFT_PKT1_PPS3_DpT2_EPKcS5_PmS9_>:
  4037d4:	a9b87bfd 	stp	x29, x30, [sp, #-128]!
  4037d8:	910003fd 	mov	x29, sp
  4037dc:	f9000bf3 	str	x19, [sp, #16]
  4037e0:	f90027e0 	str	x0, [sp, #72]
  4037e4:	f90023e1 	str	x1, [sp, #64]
  4037e8:	f9001fe2 	str	x2, [sp, #56]
  4037ec:	f9001be3 	str	x3, [sp, #48]
  4037f0:	b9002fe4 	str	w4, [sp, #44]
  4037f4:	910163e0 	add	x0, sp, #0x58
  4037f8:	97ffffd6 	bl	403750 <_ZZN9__gnu_cxx6__stoaImmcJiEEET0_PFT_PKT1_PPS3_DpT2_EPKcS5_PmS9_EN11_Save_errnoC1Ev>
  4037fc:	910183e0 	add	x0, sp, #0x60
  403800:	f94027e3 	ldr	x3, [sp, #72]
  403804:	b9402fe2 	ldr	w2, [sp, #44]
  403808:	aa0003e1 	mov	x1, x0
  40380c:	f9401fe0 	ldr	x0, [sp, #56]
  403810:	d63f0060 	blr	x3
  403814:	f9003fe0 	str	x0, [sp, #120]
  403818:	f94033e0 	ldr	x0, [sp, #96]
  40381c:	f9401fe1 	ldr	x1, [sp, #56]
  403820:	eb00003f 	cmp	x1, x0
  403824:	54000061 	b.ne	403830 <_ZN9__gnu_cxx6__stoaImmcJiEEET0_PFT_PKT1_PPS3_DpT2_EPKcS5_PmS9_+0x5c>  // b.any
  403828:	f94023e0 	ldr	x0, [sp, #64]
  40382c:	97fff6d5 	bl	401380 <_ZSt24__throw_invalid_argumentPKc@plt>
  403830:	97fff718 	bl	401490 <__errno_location@plt>
  403834:	b9400000 	ldr	w0, [x0]
  403838:	7100881f 	cmp	w0, #0x22
  40383c:	540000e0 	b.eq	403858 <_ZN9__gnu_cxx6__stoaImmcJiEEET0_PFT_PKT1_PPS3_DpT2_EPKcS5_PmS9_+0x84>  // b.none
  403840:	2a1303e1 	mov	w1, w19
  403844:	f9403fe0 	ldr	x0, [sp, #120]
  403848:	97ffffdd 	bl	4037bc <_ZZN9__gnu_cxx6__stoaImmcJiEEET0_PFT_PKT1_PPS3_DpT2_EPKcS5_PmS9_EN10_Range_chk6_S_chkEmSt17integral_constantIbLb0EE>
  40384c:	12001c00 	and	w0, w0, #0xff
  403850:	7100001f 	cmp	w0, #0x0
  403854:	54000060 	b.eq	403860 <_ZN9__gnu_cxx6__stoaImmcJiEEET0_PFT_PKT1_PPS3_DpT2_EPKcS5_PmS9_+0x8c>  // b.none
  403858:	52800020 	mov	w0, #0x1                   	// #1
  40385c:	14000002 	b	403864 <_ZN9__gnu_cxx6__stoaImmcJiEEET0_PFT_PKT1_PPS3_DpT2_EPKcS5_PmS9_+0x90>
  403860:	52800000 	mov	w0, #0x0                   	// #0
  403864:	7100001f 	cmp	w0, #0x0
  403868:	54000060 	b.eq	403874 <_ZN9__gnu_cxx6__stoaImmcJiEEET0_PFT_PKT1_PPS3_DpT2_EPKcS5_PmS9_+0xa0>  // b.none
  40386c:	f94023e0 	ldr	x0, [sp, #64]
  403870:	97fff724 	bl	401500 <_ZSt20__throw_out_of_rangePKc@plt>
  403874:	f9403fe0 	ldr	x0, [sp, #120]
  403878:	f9003be0 	str	x0, [sp, #112]
  40387c:	f9401be0 	ldr	x0, [sp, #48]
  403880:	f100001f 	cmp	x0, #0x0
  403884:	540000e0 	b.eq	4038a0 <_ZN9__gnu_cxx6__stoaImmcJiEEET0_PFT_PKT1_PPS3_DpT2_EPKcS5_PmS9_+0xcc>  // b.none
  403888:	f94033e1 	ldr	x1, [sp, #96]
  40388c:	f9401fe0 	ldr	x0, [sp, #56]
  403890:	cb000020 	sub	x0, x1, x0
  403894:	aa0003e1 	mov	x1, x0
  403898:	f9401be0 	ldr	x0, [sp, #48]
  40389c:	f9000001 	str	x1, [x0]
  4038a0:	f9403bf3 	ldr	x19, [sp, #112]
  4038a4:	910163e0 	add	x0, sp, #0x58
  4038a8:	97ffffb6 	bl	403780 <_ZZN9__gnu_cxx6__stoaImmcJiEEET0_PFT_PKT1_PPS3_DpT2_EPKcS5_PmS9_EN11_Save_errnoD1Ev>
  4038ac:	aa1303e0 	mov	x0, x19
  4038b0:	14000006 	b	4038c8 <_ZN9__gnu_cxx6__stoaImmcJiEEET0_PFT_PKT1_PPS3_DpT2_EPKcS5_PmS9_+0xf4>
  4038b4:	aa0003f3 	mov	x19, x0
  4038b8:	910163e0 	add	x0, sp, #0x58
  4038bc:	97ffffb1 	bl	403780 <_ZZN9__gnu_cxx6__stoaImmcJiEEET0_PFT_PKT1_PPS3_DpT2_EPKcS5_PmS9_EN11_Save_errnoD1Ev>
  4038c0:	aa1303e0 	mov	x0, x19
  4038c4:	97fff733 	bl	401590 <_Unwind_Resume@plt>
  4038c8:	f9400bf3 	ldr	x19, [sp, #16]
  4038cc:	a8c87bfd 	ldp	x29, x30, [sp], #128
  4038d0:	d65f03c0 	ret

00000000004038d4 <_ZSteqIcSt11char_traitsIcESaIcEEbRKNSt7__cxx1112basic_stringIT_T0_T1_EEPKS5_>:
  4038d4:	a9be7bfd 	stp	x29, x30, [sp, #-32]!
  4038d8:	910003fd 	mov	x29, sp
  4038dc:	f9000fe0 	str	x0, [sp, #24]
  4038e0:	f9000be1 	str	x1, [sp, #16]
  4038e4:	f9400be1 	ldr	x1, [sp, #16]
  4038e8:	f9400fe0 	ldr	x0, [sp, #24]
  4038ec:	97fff681 	bl	4012f0 <_ZNKSt7__cxx1112basic_stringIcSt11char_traitsIcESaIcEE7compareEPKc@plt>
  4038f0:	7100001f 	cmp	w0, #0x0
  4038f4:	1a9f17e0 	cset	w0, eq  // eq = none
  4038f8:	12001c00 	and	w0, w0, #0xff
  4038fc:	a8c27bfd 	ldp	x29, x30, [sp], #32
  403900:	d65f03c0 	ret

0000000000403904 <_ZNSaImEC1Ev>:
  403904:	a9be7bfd 	stp	x29, x30, [sp, #-32]!
  403908:	910003fd 	mov	x29, sp
  40390c:	f9000fe0 	str	x0, [sp, #24]
  403910:	f9400fe0 	ldr	x0, [sp, #24]
  403914:	94000117 	bl	403d70 <_ZN9__gnu_cxx13new_allocatorImEC1Ev>
  403918:	d503201f 	nop
  40391c:	a8c27bfd 	ldp	x29, x30, [sp], #32
  403920:	d65f03c0 	ret

0000000000403924 <_ZNSaImED1Ev>:
  403924:	a9be7bfd 	stp	x29, x30, [sp, #-32]!
  403928:	910003fd 	mov	x29, sp
  40392c:	f9000fe0 	str	x0, [sp, #24]
  403930:	f9400fe0 	ldr	x0, [sp, #24]
  403934:	94000114 	bl	403d84 <_ZN9__gnu_cxx13new_allocatorImED1Ev>
  403938:	d503201f 	nop
  40393c:	a8c27bfd 	ldp	x29, x30, [sp], #32
  403940:	d65f03c0 	ret

0000000000403944 <_ZNSt6vectorImSaImEEC1EmRKS0_>:
  403944:	a9bc7bfd 	stp	x29, x30, [sp, #-64]!
  403948:	910003fd 	mov	x29, sp
  40394c:	f9000bf3 	str	x19, [sp, #16]
  403950:	f9001fe0 	str	x0, [sp, #56]
  403954:	f9001be1 	str	x1, [sp, #48]
  403958:	f90017e2 	str	x2, [sp, #40]
  40395c:	f9401ff3 	ldr	x19, [sp, #56]
  403960:	f94017e1 	ldr	x1, [sp, #40]
  403964:	f9401be0 	ldr	x0, [sp, #48]
  403968:	9400010c 	bl	403d98 <_ZNSt6vectorImSaImEE17_S_check_init_lenEmRKS0_>
  40396c:	f94017e2 	ldr	x2, [sp, #40]
  403970:	aa0003e1 	mov	x1, x0
  403974:	aa1303e0 	mov	x0, x19
  403978:	9400012a 	bl	403e20 <_ZNSt12_Vector_baseImSaImEEC1EmRKS0_>
  40397c:	f9401be1 	ldr	x1, [sp, #48]
  403980:	f9401fe0 	ldr	x0, [sp, #56]
  403984:	94000150 	bl	403ec4 <_ZNSt6vectorImSaImEE21_M_default_initializeEm>
  403988:	14000006 	b	4039a0 <_ZNSt6vectorImSaImEEC1EmRKS0_+0x5c>
  40398c:	aa0003f3 	mov	x19, x0
  403990:	f9401fe0 	ldr	x0, [sp, #56]
  403994:	94000138 	bl	403e74 <_ZNSt12_Vector_baseImSaImEED1Ev>
  403998:	aa1303e0 	mov	x0, x19
  40399c:	97fff6fd 	bl	401590 <_Unwind_Resume@plt>
  4039a0:	f9400bf3 	ldr	x19, [sp, #16]
  4039a4:	a8c47bfd 	ldp	x29, x30, [sp], #64
  4039a8:	d65f03c0 	ret

00000000004039ac <_ZNSt6vectorImSaImEED1Ev>:
  4039ac:	a9bd7bfd 	stp	x29, x30, [sp, #-48]!
  4039b0:	910003fd 	mov	x29, sp
  4039b4:	a90153f3 	stp	x19, x20, [sp, #16]
  4039b8:	f90017e0 	str	x0, [sp, #40]
  4039bc:	f94017e0 	ldr	x0, [sp, #40]
  4039c0:	f9400013 	ldr	x19, [x0]
  4039c4:	f94017e0 	ldr	x0, [sp, #40]
  4039c8:	f9400414 	ldr	x20, [x0, #8]
  4039cc:	f94017e0 	ldr	x0, [sp, #40]
  4039d0:	94000151 	bl	403f14 <_ZNSt12_Vector_baseImSaImEE19_M_get_Tp_allocatorEv>
  4039d4:	aa0003e2 	mov	x2, x0
  4039d8:	aa1403e1 	mov	x1, x20
  4039dc:	aa1303e0 	mov	x0, x19
  4039e0:	94000152 	bl	403f28 <_ZSt8_DestroyIPmmEvT_S1_RSaIT0_E>
  4039e4:	f94017e0 	ldr	x0, [sp, #40]
  4039e8:	94000123 	bl	403e74 <_ZNSt12_Vector_baseImSaImEED1Ev>
  4039ec:	d503201f 	nop
  4039f0:	a94153f3 	ldp	x19, x20, [sp, #16]
  4039f4:	a8c37bfd 	ldp	x29, x30, [sp], #48
  4039f8:	d65f03c0 	ret

00000000004039fc <_ZNSt6vectorImSaImEEixEm>:
  4039fc:	d10043ff 	sub	sp, sp, #0x10
  403a00:	f90007e0 	str	x0, [sp, #8]
  403a04:	f90003e1 	str	x1, [sp]
  403a08:	f94007e0 	ldr	x0, [sp, #8]
  403a0c:	f9400001 	ldr	x1, [x0]
  403a10:	f94003e0 	ldr	x0, [sp]
  403a14:	d37df000 	lsl	x0, x0, #3
  403a18:	8b000020 	add	x0, x1, x0
  403a1c:	910043ff 	add	sp, sp, #0x10
  403a20:	d65f03c0 	ret

0000000000403a24 <_ZNSt23mersenne_twister_engineImLm32ELm624ELm397ELm31ELm2567483615ELm11ELm4294967295ELm7ELm2636928640ELm15ELm4022730752ELm18ELm1812433253EEC1Em>:
  403a24:	a9be7bfd 	stp	x29, x30, [sp, #-32]!
  403a28:	910003fd 	mov	x29, sp
  403a2c:	f9000fe0 	str	x0, [sp, #24]
  403a30:	f9000be1 	str	x1, [sp, #16]
  403a34:	f9400be1 	ldr	x1, [sp, #16]
  403a38:	f9400fe0 	ldr	x0, [sp, #24]
  403a3c:	94000146 	bl	403f54 <_ZNSt23mersenne_twister_engineImLm32ELm624ELm397ELm31ELm2567483615ELm11ELm4294967295ELm7ELm2636928640ELm15ELm4022730752ELm18ELm1812433253EE4seedEm>
  403a40:	d503201f 	nop
  403a44:	a8c27bfd 	ldp	x29, x30, [sp], #32
  403a48:	d65f03c0 	ret

0000000000403a4c <_ZNSt6vectorImSaImEE5beginEv>:
  403a4c:	a9bd7bfd 	stp	x29, x30, [sp, #-48]!
  403a50:	910003fd 	mov	x29, sp
  403a54:	f9000fe0 	str	x0, [sp, #24]
  403a58:	f9400fe1 	ldr	x1, [sp, #24]
  403a5c:	9100a3e0 	add	x0, sp, #0x28
  403a60:	94000170 	bl	404020 <_ZN9__gnu_cxx17__normal_iteratorIPmSt6vectorImSaImEEEC1ERKS1_>
  403a64:	f94017e0 	ldr	x0, [sp, #40]
  403a68:	a8c37bfd 	ldp	x29, x30, [sp], #48
  403a6c:	d65f03c0 	ret

0000000000403a70 <_ZNSt6vectorImSaImEE3endEv>:
  403a70:	a9bd7bfd 	stp	x29, x30, [sp, #-48]!
  403a74:	910003fd 	mov	x29, sp
  403a78:	f9000fe0 	str	x0, [sp, #24]
  403a7c:	f9400fe0 	ldr	x0, [sp, #24]
  403a80:	91002001 	add	x1, x0, #0x8
  403a84:	9100a3e0 	add	x0, sp, #0x28
  403a88:	94000166 	bl	404020 <_ZN9__gnu_cxx17__normal_iteratorIPmSt6vectorImSaImEEEC1ERKS1_>
  403a8c:	f94017e0 	ldr	x0, [sp, #40]
  403a90:	a8c37bfd 	ldp	x29, x30, [sp], #48
  403a94:	d65f03c0 	ret

0000000000403a98 <_ZSt7shuffleIN9__gnu_cxx17__normal_iteratorIPmSt6vectorImSaImEEEERSt23mersenne_twister_engineImLm32ELm624ELm397ELm31ELm2567483615ELm11ELm4294967295ELm7ELm2636928640ELm15ELm4022730752ELm18ELm1812433253EEEvT_SA_OT0_>:
  403a98:	a9b57bfd 	stp	x29, x30, [sp, #-176]!
  403a9c:	910003fd 	mov	x29, sp
  403aa0:	f9000bf3 	str	x19, [sp, #16]
  403aa4:	f9001fe0 	str	x0, [sp, #56]
  403aa8:	f9001be1 	str	x1, [sp, #48]
  403aac:	f90017e2 	str	x2, [sp, #40]
  403ab0:	9100c3e1 	add	x1, sp, #0x30
  403ab4:	9100e3e0 	add	x0, sp, #0x38
  403ab8:	94000164 	bl	404048 <_ZN9__gnu_cxxeqIPmSt6vectorImSaImEEEEbRKNS_17__normal_iteratorIT_T0_EESA_>
  403abc:	12001c00 	and	w0, w0, #0xff
  403ac0:	7100001f 	cmp	w0, #0x0
  403ac4:	54000e61 	b.ne	403c90 <_ZSt7shuffleIN9__gnu_cxx17__normal_iteratorIPmSt6vectorImSaImEEEERSt23mersenne_twister_engineImLm32ELm624ELm397ELm31ELm2567483615ELm11ELm4294967295ELm7ELm2636928640ELm15ELm4022730752ELm18ELm1812433253EEEvT_SA_OT0_+0x1f8>  // b.any
  403ac8:	b2407fe0 	mov	x0, #0xffffffff            	// #4294967295
  403acc:	f90057e0 	str	x0, [sp, #168]
  403ad0:	9100e3e1 	add	x1, sp, #0x38
  403ad4:	9100c3e0 	add	x0, sp, #0x30
  403ad8:	9400016d 	bl	40408c <_ZN9__gnu_cxxmiIPmSt6vectorImSaImEEEENS_17__normal_iteratorIT_T0_E15difference_typeERKS8_SB_>
  403adc:	f90053e0 	str	x0, [sp, #160]
  403ae0:	b2407fe1 	mov	x1, #0xffffffff            	// #4294967295
  403ae4:	f94053e0 	ldr	x0, [sp, #160]
  403ae8:	9ac00820 	udiv	x0, x1, x0
  403aec:	f94053e1 	ldr	x1, [sp, #160]
  403af0:	eb00003f 	cmp	x1, x0
  403af4:	54000888 	b.hi	403c04 <_ZSt7shuffleIN9__gnu_cxx17__normal_iteratorIPmSt6vectorImSaImEEEERSt23mersenne_twister_engineImLm32ELm624ELm397ELm31ELm2567483615ELm11ELm4294967295ELm7ELm2636928640ELm15ELm4022730752ELm18ELm1812433253EEEvT_SA_OT0_+0x16c>  // b.pmore
  403af8:	9100e3e0 	add	x0, sp, #0x38
  403afc:	d2800021 	mov	x1, #0x1                   	// #1
  403b00:	94000173 	bl	4040cc <_ZNK9__gnu_cxx17__normal_iteratorIPmSt6vectorImSaImEEEplEl>
  403b04:	f9003be0 	str	x0, [sp, #112]
  403b08:	f94053e0 	ldr	x0, [sp, #160]
  403b0c:	92400000 	and	x0, x0, #0x1
  403b10:	f100001f 	cmp	x0, #0x0
  403b14:	540006a1 	b.ne	403be8 <_ZSt7shuffleIN9__gnu_cxx17__normal_iteratorIPmSt6vectorImSaImEEEERSt23mersenne_twister_engineImLm32ELm624ELm397ELm31ELm2567483615ELm11ELm4294967295ELm7ELm2636928640ELm15ELm4022730752ELm18ELm1812433253EEEvT_SA_OT0_+0x150>  // b.any
  403b18:	910183e0 	add	x0, sp, #0x60
  403b1c:	d2800022 	mov	x2, #0x1                   	// #1
  403b20:	d2800001 	mov	x1, #0x0                   	// #0
  403b24:	9400017a 	bl	40410c <_ZNSt24uniform_int_distributionImEC1Emm>
  403b28:	9101c3e0 	add	x0, sp, #0x70
  403b2c:	52800001 	mov	w1, #0x0                   	// #0
  403b30:	94000183 	bl	40413c <_ZN9__gnu_cxx17__normal_iteratorIPmSt6vectorImSaImEEEppEi>
  403b34:	aa0003f3 	mov	x19, x0
  403b38:	910183e0 	add	x0, sp, #0x60
  403b3c:	f94017e1 	ldr	x1, [sp, #40]
  403b40:	9400018f 	bl	40417c <_ZNSt24uniform_int_distributionImEclISt23mersenne_twister_engineImLm32ELm624ELm397ELm31ELm2567483615ELm11ELm4294967295ELm7ELm2636928640ELm15ELm4022730752ELm18ELm1812433253EEEEmRT_>
  403b44:	aa0003e1 	mov	x1, x0
  403b48:	9100e3e0 	add	x0, sp, #0x38
  403b4c:	94000160 	bl	4040cc <_ZNK9__gnu_cxx17__normal_iteratorIPmSt6vectorImSaImEEEplEl>
  403b50:	aa0003e1 	mov	x1, x0
  403b54:	aa1303e0 	mov	x0, x19
  403b58:	94000194 	bl	4041a8 <_ZSt9iter_swapIN9__gnu_cxx17__normal_iteratorIPmSt6vectorImSaImEEEES6_EvT_T0_>
  403b5c:	14000023 	b	403be8 <_ZSt7shuffleIN9__gnu_cxx17__normal_iteratorIPmSt6vectorImSaImEEEERSt23mersenne_twister_engineImLm32ELm624ELm397ELm31ELm2567483615ELm11ELm4294967295ELm7ELm2636928640ELm15ELm4022730752ELm18ELm1812433253EEEvT_SA_OT0_+0x150>
  403b60:	9100e3e1 	add	x1, sp, #0x38
  403b64:	9101c3e0 	add	x0, sp, #0x70
  403b68:	94000149 	bl	40408c <_ZN9__gnu_cxxmiIPmSt6vectorImSaImEEEENS_17__normal_iteratorIT_T0_E15difference_typeERKS8_SB_>
  403b6c:	91000400 	add	x0, x0, #0x1
  403b70:	f9004fe0 	str	x0, [sp, #152]
  403b74:	f9404fe0 	ldr	x0, [sp, #152]
  403b78:	91000400 	add	x0, x0, #0x1
  403b7c:	f94017e2 	ldr	x2, [sp, #40]
  403b80:	aa0003e1 	mov	x1, x0
  403b84:	f9404fe0 	ldr	x0, [sp, #152]
  403b88:	940001aa 	bl	404230 <_ZSt22__gen_two_uniform_intsImRSt23mersenne_twister_engineImLm32ELm624ELm397ELm31ELm2567483615ELm11ELm4294967295ELm7ELm2636928640ELm15ELm4022730752ELm18ELm1812433253EEESt4pairIT_S4_ES4_S4_OT0_>
  403b8c:	a90507e0 	stp	x0, x1, [sp, #80]
  403b90:	9101c3e0 	add	x0, sp, #0x70
  403b94:	52800001 	mov	w1, #0x0                   	// #0
  403b98:	94000169 	bl	40413c <_ZN9__gnu_cxx17__normal_iteratorIPmSt6vectorImSaImEEEppEi>
  403b9c:	aa0003f3 	mov	x19, x0
  403ba0:	f9402be0 	ldr	x0, [sp, #80]
  403ba4:	aa0003e1 	mov	x1, x0
  403ba8:	9100e3e0 	add	x0, sp, #0x38
  403bac:	94000148 	bl	4040cc <_ZNK9__gnu_cxx17__normal_iteratorIPmSt6vectorImSaImEEEplEl>
  403bb0:	aa0003e1 	mov	x1, x0
  403bb4:	aa1303e0 	mov	x0, x19
  403bb8:	9400017c 	bl	4041a8 <_ZSt9iter_swapIN9__gnu_cxx17__normal_iteratorIPmSt6vectorImSaImEEEES6_EvT_T0_>
  403bbc:	9101c3e0 	add	x0, sp, #0x70
  403bc0:	52800001 	mov	w1, #0x0                   	// #0
  403bc4:	9400015e 	bl	40413c <_ZN9__gnu_cxx17__normal_iteratorIPmSt6vectorImSaImEEEppEi>
  403bc8:	aa0003f3 	mov	x19, x0
  403bcc:	f9402fe0 	ldr	x0, [sp, #88]
  403bd0:	aa0003e1 	mov	x1, x0
  403bd4:	9100e3e0 	add	x0, sp, #0x38
  403bd8:	9400013d 	bl	4040cc <_ZNK9__gnu_cxx17__normal_iteratorIPmSt6vectorImSaImEEEplEl>
  403bdc:	aa0003e1 	mov	x1, x0
  403be0:	aa1303e0 	mov	x0, x19
  403be4:	94000171 	bl	4041a8 <_ZSt9iter_swapIN9__gnu_cxx17__normal_iteratorIPmSt6vectorImSaImEEEES6_EvT_T0_>
  403be8:	9100c3e1 	add	x1, sp, #0x30
  403bec:	9101c3e0 	add	x0, sp, #0x70
  403bf0:	9400017f 	bl	4041ec <_ZN9__gnu_cxxneIPmSt6vectorImSaImEEEEbRKNS_17__normal_iteratorIT_T0_EESA_>
  403bf4:	12001c00 	and	w0, w0, #0xff
  403bf8:	7100001f 	cmp	w0, #0x0
  403bfc:	54fffb21 	b.ne	403b60 <_ZSt7shuffleIN9__gnu_cxx17__normal_iteratorIPmSt6vectorImSaImEEEERSt23mersenne_twister_engineImLm32ELm624ELm397ELm31ELm2567483615ELm11ELm4294967295ELm7ELm2636928640ELm15ELm4022730752ELm18ELm1812433253EEEvT_SA_OT0_+0xc8>  // b.any
  403c00:	14000025 	b	403c94 <_ZSt7shuffleIN9__gnu_cxx17__normal_iteratorIPmSt6vectorImSaImEEEERSt23mersenne_twister_engineImLm32ELm624ELm397ELm31ELm2567483615ELm11ELm4294967295ELm7ELm2636928640ELm15ELm4022730752ELm18ELm1812433253EEEvT_SA_OT0_+0x1fc>
  403c04:	9101e3e0 	add	x0, sp, #0x78
  403c08:	940001ab 	bl	4042b4 <_ZNSt24uniform_int_distributionImEC1Ev>
  403c0c:	9100e3e0 	add	x0, sp, #0x38
  403c10:	d2800021 	mov	x1, #0x1                   	// #1
  403c14:	9400012e 	bl	4040cc <_ZNK9__gnu_cxx17__normal_iteratorIPmSt6vectorImSaImEEEplEl>
  403c18:	f90027e0 	str	x0, [sp, #72]
  403c1c:	14000016 	b	403c74 <_ZSt7shuffleIN9__gnu_cxx17__normal_iteratorIPmSt6vectorImSaImEEEERSt23mersenne_twister_engineImLm32ELm624ELm397ELm31ELm2567483615ELm11ELm4294967295ELm7ELm2636928640ELm15ELm4022730752ELm18ELm1812433253EEEvT_SA_OT0_+0x1dc>
  403c20:	9100e3e1 	add	x1, sp, #0x38
  403c24:	910123e0 	add	x0, sp, #0x48
  403c28:	94000119 	bl	40408c <_ZN9__gnu_cxxmiIPmSt6vectorImSaImEEEENS_17__normal_iteratorIT_T0_E15difference_typeERKS8_SB_>
  403c2c:	aa0003e1 	mov	x1, x0
  403c30:	910223e0 	add	x0, sp, #0x88
  403c34:	aa0103e2 	mov	x2, x1
  403c38:	d2800001 	mov	x1, #0x0                   	// #0
  403c3c:	940001b2 	bl	404304 <_ZNSt24uniform_int_distributionImE10param_typeC1Emm>
  403c40:	910223e1 	add	x1, sp, #0x88
  403c44:	9101e3e0 	add	x0, sp, #0x78
  403c48:	aa0103e2 	mov	x2, x1
  403c4c:	f94017e1 	ldr	x1, [sp, #40]
  403c50:	940001ba 	bl	404338 <_ZNSt24uniform_int_distributionImEclISt23mersenne_twister_engineImLm32ELm624ELm397ELm31ELm2567483615ELm11ELm4294967295ELm7ELm2636928640ELm15ELm4022730752ELm18ELm1812433253EEEEmRT_RKNS0_10param_typeE>
  403c54:	aa0003e1 	mov	x1, x0
  403c58:	9100e3e0 	add	x0, sp, #0x38
  403c5c:	9400011c 	bl	4040cc <_ZNK9__gnu_cxx17__normal_iteratorIPmSt6vectorImSaImEEEplEl>
  403c60:	aa0003e1 	mov	x1, x0
  403c64:	f94027e0 	ldr	x0, [sp, #72]
  403c68:	94000150 	bl	4041a8 <_ZSt9iter_swapIN9__gnu_cxx17__normal_iteratorIPmSt6vectorImSaImEEEES6_EvT_T0_>
  403c6c:	910123e0 	add	x0, sp, #0x48
  403c70:	9400019b 	bl	4042dc <_ZN9__gnu_cxx17__normal_iteratorIPmSt6vectorImSaImEEEppEv>
  403c74:	9100c3e1 	add	x1, sp, #0x30
  403c78:	910123e0 	add	x0, sp, #0x48
  403c7c:	9400015c 	bl	4041ec <_ZN9__gnu_cxxneIPmSt6vectorImSaImEEEEbRKNS_17__normal_iteratorIT_T0_EESA_>
  403c80:	12001c00 	and	w0, w0, #0xff
  403c84:	7100001f 	cmp	w0, #0x0
  403c88:	54fffcc1 	b.ne	403c20 <_ZSt7shuffleIN9__gnu_cxx17__normal_iteratorIPmSt6vectorImSaImEEEERSt23mersenne_twister_engineImLm32ELm624ELm397ELm31ELm2567483615ELm11ELm4294967295ELm7ELm2636928640ELm15ELm4022730752ELm18ELm1812433253EEEvT_SA_OT0_+0x188>  // b.any
  403c8c:	14000002 	b	403c94 <_ZSt7shuffleIN9__gnu_cxx17__normal_iteratorIPmSt6vectorImSaImEEEERSt23mersenne_twister_engineImLm32ELm624ELm397ELm31ELm2567483615ELm11ELm4294967295ELm7ELm2636928640ELm15ELm4022730752ELm18ELm1812433253EEEvT_SA_OT0_+0x1fc>
  403c90:	d503201f 	nop
  403c94:	f9400bf3 	ldr	x19, [sp, #16]
  403c98:	a8cb7bfd 	ldp	x29, x30, [sp], #176
  403c9c:	d65f03c0 	ret

0000000000403ca0 <_ZSt3minImERKT_S2_S2_>:
  403ca0:	d10043ff 	sub	sp, sp, #0x10
  403ca4:	f90007e0 	str	x0, [sp, #8]
  403ca8:	f90003e1 	str	x1, [sp]
  403cac:	f94003e0 	ldr	x0, [sp]
  403cb0:	f9400001 	ldr	x1, [x0]
  403cb4:	f94007e0 	ldr	x0, [sp, #8]
  403cb8:	f9400000 	ldr	x0, [x0]
  403cbc:	eb00003f 	cmp	x1, x0
  403cc0:	54000062 	b.cs	403ccc <_ZSt3minImERKT_S2_S2_+0x2c>  // b.hs, b.nlast
  403cc4:	f94003e0 	ldr	x0, [sp]
  403cc8:	14000002 	b	403cd0 <_ZSt3minImERKT_S2_S2_+0x30>
  403ccc:	f94007e0 	ldr	x0, [sp, #8]
  403cd0:	910043ff 	add	sp, sp, #0x10
  403cd4:	d65f03c0 	ret

0000000000403cd8 <_ZNSt6vectorImSaImEEC1EmRKmRKS0_>:
  403cd8:	a9bc7bfd 	stp	x29, x30, [sp, #-64]!
  403cdc:	910003fd 	mov	x29, sp
  403ce0:	f9000bf3 	str	x19, [sp, #16]
  403ce4:	f9001fe0 	str	x0, [sp, #56]
  403ce8:	f9001be1 	str	x1, [sp, #48]
  403cec:	f90017e2 	str	x2, [sp, #40]
  403cf0:	f90013e3 	str	x3, [sp, #32]
  403cf4:	f9401ff3 	ldr	x19, [sp, #56]
  403cf8:	f94013e1 	ldr	x1, [sp, #32]
  403cfc:	f9401be0 	ldr	x0, [sp, #48]
  403d00:	94000026 	bl	403d98 <_ZNSt6vectorImSaImEE17_S_check_init_lenEmRKS0_>
  403d04:	f94013e2 	ldr	x2, [sp, #32]
  403d08:	aa0003e1 	mov	x1, x0
  403d0c:	aa1303e0 	mov	x0, x19
  403d10:	94000044 	bl	403e20 <_ZNSt12_Vector_baseImSaImEEC1EmRKS0_>
  403d14:	f94017e2 	ldr	x2, [sp, #40]
  403d18:	f9401be1 	ldr	x1, [sp, #48]
  403d1c:	f9401fe0 	ldr	x0, [sp, #56]
  403d20:	940001d4 	bl	404470 <_ZNSt6vectorImSaImEE18_M_fill_initializeEmRKm>
  403d24:	14000006 	b	403d3c <_ZNSt6vectorImSaImEEC1EmRKmRKS0_+0x64>
  403d28:	aa0003f3 	mov	x19, x0
  403d2c:	f9401fe0 	ldr	x0, [sp, #56]
  403d30:	94000051 	bl	403e74 <_ZNSt12_Vector_baseImSaImEED1Ev>
  403d34:	aa1303e0 	mov	x0, x19
  403d38:	97fff616 	bl	401590 <_Unwind_Resume@plt>
  403d3c:	f9400bf3 	ldr	x19, [sp, #16]
  403d40:	a8c47bfd 	ldp	x29, x30, [sp], #64
  403d44:	d65f03c0 	ret

0000000000403d48 <_ZNSt6vectorImSaImEE4dataEv>:
  403d48:	a9be7bfd 	stp	x29, x30, [sp, #-32]!
  403d4c:	910003fd 	mov	x29, sp
  403d50:	f9000fe0 	str	x0, [sp, #24]
  403d54:	f9400fe0 	ldr	x0, [sp, #24]
  403d58:	f9400000 	ldr	x0, [x0]
  403d5c:	aa0003e1 	mov	x1, x0
  403d60:	f9400fe0 	ldr	x0, [sp, #24]
  403d64:	940001d9 	bl	4044c8 <_ZNKSt6vectorImSaImEE11_M_data_ptrImEEPT_S4_>
  403d68:	a8c27bfd 	ldp	x29, x30, [sp], #32
  403d6c:	d65f03c0 	ret

0000000000403d70 <_ZN9__gnu_cxx13new_allocatorImEC1Ev>:
  403d70:	d10043ff 	sub	sp, sp, #0x10
  403d74:	f90007e0 	str	x0, [sp, #8]
  403d78:	d503201f 	nop
  403d7c:	910043ff 	add	sp, sp, #0x10
  403d80:	d65f03c0 	ret

0000000000403d84 <_ZN9__gnu_cxx13new_allocatorImED1Ev>:
  403d84:	d10043ff 	sub	sp, sp, #0x10
  403d88:	f90007e0 	str	x0, [sp, #8]
  403d8c:	d503201f 	nop
  403d90:	910043ff 	add	sp, sp, #0x10
  403d94:	d65f03c0 	ret

0000000000403d98 <_ZNSt6vectorImSaImEE17_S_check_init_lenEmRKS0_>:
  403d98:	a9bc7bfd 	stp	x29, x30, [sp, #-64]!
  403d9c:	910003fd 	mov	x29, sp
  403da0:	f9000bf3 	str	x19, [sp, #16]
  403da4:	f90017e0 	str	x0, [sp, #40]
  403da8:	f90013e1 	str	x1, [sp, #32]
  403dac:	9100e3e0 	add	x0, sp, #0x38
  403db0:	f94013e1 	ldr	x1, [sp, #32]
  403db4:	940001d9 	bl	404518 <_ZNSaImEC1ERKS_>
  403db8:	9100e3e0 	add	x0, sp, #0x38
  403dbc:	940001c9 	bl	4044e0 <_ZNSt6vectorImSaImEE11_S_max_sizeERKS0_>
  403dc0:	aa0003e1 	mov	x1, x0
  403dc4:	f94017e0 	ldr	x0, [sp, #40]
  403dc8:	eb01001f 	cmp	x0, x1
  403dcc:	1a9f97e0 	cset	w0, hi  // hi = pmore
  403dd0:	12001c13 	and	w19, w0, #0xff
  403dd4:	9100e3e0 	add	x0, sp, #0x38
  403dd8:	97fffed3 	bl	403924 <_ZNSaImED1Ev>
  403ddc:	7100027f 	cmp	w19, #0x0
  403de0:	54000080 	b.eq	403df0 <_ZNSt6vectorImSaImEE17_S_check_init_lenEmRKS0_+0x58>  // b.none
  403de4:	d0000000 	adrp	x0, 405000 <_ZSt9__fill_a1IPmmEN9__gnu_cxx11__enable_ifIXsrSt11__is_scalarIT0_E7__valueEvE6__typeET_S8_RKS4_+0x10>
  403de8:	9117e000 	add	x0, x0, #0x5f8
  403dec:	97fff55d 	bl	401360 <_ZSt20__throw_length_errorPKc@plt>
  403df0:	f94017e0 	ldr	x0, [sp, #40]
  403df4:	f9400bf3 	ldr	x19, [sp, #16]
  403df8:	a8c47bfd 	ldp	x29, x30, [sp], #64
  403dfc:	d65f03c0 	ret

0000000000403e00 <_ZNSt12_Vector_baseImSaImEE12_Vector_implD1Ev>:
  403e00:	a9be7bfd 	stp	x29, x30, [sp, #-32]!
  403e04:	910003fd 	mov	x29, sp
  403e08:	f9000fe0 	str	x0, [sp, #24]
  403e0c:	f9400fe0 	ldr	x0, [sp, #24]
  403e10:	97fffec5 	bl	403924 <_ZNSaImED1Ev>
  403e14:	d503201f 	nop
  403e18:	a8c27bfd 	ldp	x29, x30, [sp], #32
  403e1c:	d65f03c0 	ret

0000000000403e20 <_ZNSt12_Vector_baseImSaImEEC1EmRKS0_>:
  403e20:	a9bc7bfd 	stp	x29, x30, [sp, #-64]!
  403e24:	910003fd 	mov	x29, sp
  403e28:	f9000bf3 	str	x19, [sp, #16]
  403e2c:	f9001fe0 	str	x0, [sp, #56]
  403e30:	f9001be1 	str	x1, [sp, #48]
  403e34:	f90017e2 	str	x2, [sp, #40]
  403e38:	f9401fe0 	ldr	x0, [sp, #56]
  403e3c:	f94017e1 	ldr	x1, [sp, #40]
  403e40:	940001c0 	bl	404540 <_ZNSt12_Vector_baseImSaImEE12_Vector_implC1ERKS0_>
  403e44:	f9401be1 	ldr	x1, [sp, #48]
  403e48:	f9401fe0 	ldr	x0, [sp, #56]
  403e4c:	940001c9 	bl	404570 <_ZNSt12_Vector_baseImSaImEE17_M_create_storageEm>
  403e50:	14000006 	b	403e68 <_ZNSt12_Vector_baseImSaImEEC1EmRKS0_+0x48>
  403e54:	aa0003f3 	mov	x19, x0
  403e58:	f9401fe0 	ldr	x0, [sp, #56]
  403e5c:	97ffffe9 	bl	403e00 <_ZNSt12_Vector_baseImSaImEE12_Vector_implD1Ev>
  403e60:	aa1303e0 	mov	x0, x19
  403e64:	97fff5cb 	bl	401590 <_Unwind_Resume@plt>
  403e68:	f9400bf3 	ldr	x19, [sp, #16]
  403e6c:	a8c47bfd 	ldp	x29, x30, [sp], #64
  403e70:	d65f03c0 	ret

0000000000403e74 <_ZNSt12_Vector_baseImSaImEED1Ev>:
  403e74:	a9be7bfd 	stp	x29, x30, [sp, #-32]!
  403e78:	910003fd 	mov	x29, sp
  403e7c:	f9000fe0 	str	x0, [sp, #24]
  403e80:	f9400fe0 	ldr	x0, [sp, #24]
  403e84:	f9400003 	ldr	x3, [x0]
  403e88:	f9400fe0 	ldr	x0, [sp, #24]
  403e8c:	f9400801 	ldr	x1, [x0, #16]
  403e90:	f9400fe0 	ldr	x0, [sp, #24]
  403e94:	f9400000 	ldr	x0, [x0]
  403e98:	cb000020 	sub	x0, x1, x0
  403e9c:	9343fc00 	asr	x0, x0, #3
  403ea0:	aa0003e2 	mov	x2, x0
  403ea4:	aa0303e1 	mov	x1, x3
  403ea8:	f9400fe0 	ldr	x0, [sp, #24]
  403eac:	940001c9 	bl	4045d0 <_ZNSt12_Vector_baseImSaImEE13_M_deallocateEPmm>
  403eb0:	f9400fe0 	ldr	x0, [sp, #24]
  403eb4:	97ffffd3 	bl	403e00 <_ZNSt12_Vector_baseImSaImEE12_Vector_implD1Ev>
  403eb8:	d503201f 	nop
  403ebc:	a8c27bfd 	ldp	x29, x30, [sp], #32
  403ec0:	d65f03c0 	ret

0000000000403ec4 <_ZNSt6vectorImSaImEE21_M_default_initializeEm>:
  403ec4:	a9bd7bfd 	stp	x29, x30, [sp, #-48]!
  403ec8:	910003fd 	mov	x29, sp
  403ecc:	f9000bf3 	str	x19, [sp, #16]
  403ed0:	f90017e0 	str	x0, [sp, #40]
  403ed4:	f90013e1 	str	x1, [sp, #32]
  403ed8:	f94017e0 	ldr	x0, [sp, #40]
  403edc:	f9400013 	ldr	x19, [x0]
  403ee0:	f94017e0 	ldr	x0, [sp, #40]
  403ee4:	9400000c 	bl	403f14 <_ZNSt12_Vector_baseImSaImEE19_M_get_Tp_allocatorEv>
  403ee8:	aa0003e2 	mov	x2, x0
  403eec:	f94013e1 	ldr	x1, [sp, #32]
  403ef0:	aa1303e0 	mov	x0, x19
  403ef4:	940001c6 	bl	40460c <_ZSt27__uninitialized_default_n_aIPmmmET_S1_T0_RSaIT1_E>
  403ef8:	aa0003e1 	mov	x1, x0
  403efc:	f94017e0 	ldr	x0, [sp, #40]
  403f00:	f9000401 	str	x1, [x0, #8]
  403f04:	d503201f 	nop
  403f08:	f9400bf3 	ldr	x19, [sp, #16]
  403f0c:	a8c37bfd 	ldp	x29, x30, [sp], #48
  403f10:	d65f03c0 	ret

0000000000403f14 <_ZNSt12_Vector_baseImSaImEE19_M_get_Tp_allocatorEv>:
  403f14:	d10043ff 	sub	sp, sp, #0x10
  403f18:	f90007e0 	str	x0, [sp, #8]
  403f1c:	f94007e0 	ldr	x0, [sp, #8]
  403f20:	910043ff 	add	sp, sp, #0x10
  403f24:	d65f03c0 	ret

0000000000403f28 <_ZSt8_DestroyIPmmEvT_S1_RSaIT0_E>:
  403f28:	a9bd7bfd 	stp	x29, x30, [sp, #-48]!
  403f2c:	910003fd 	mov	x29, sp
  403f30:	f90017e0 	str	x0, [sp, #40]
  403f34:	f90013e1 	str	x1, [sp, #32]
  403f38:	f9000fe2 	str	x2, [sp, #24]
  403f3c:	f94013e1 	ldr	x1, [sp, #32]
  403f40:	f94017e0 	ldr	x0, [sp, #40]
  403f44:	940001bc 	bl	404634 <_ZSt8_DestroyIPmEvT_S1_>
  403f48:	d503201f 	nop
  403f4c:	a8c37bfd 	ldp	x29, x30, [sp], #48
  403f50:	d65f03c0 	ret

0000000000403f54 <_ZNSt23mersenne_twister_engineImLm32ELm624ELm397ELm31ELm2567483615ELm11ELm4294967295ELm7ELm2636928640ELm15ELm4022730752ELm18ELm1812433253EE4seedEm>:
  403f54:	a9bd7bfd 	stp	x29, x30, [sp, #-48]!
  403f58:	910003fd 	mov	x29, sp
  403f5c:	f9000fe0 	str	x0, [sp, #24]
  403f60:	f9000be1 	str	x1, [sp, #16]
  403f64:	f9400be0 	ldr	x0, [sp, #16]
  403f68:	940001bd 	bl	40465c <_ZNSt8__detail5__modImLm4294967296ELm1ELm0EEET_S1_>
  403f6c:	aa0003e1 	mov	x1, x0
  403f70:	f9400fe0 	ldr	x0, [sp, #24]
  403f74:	f9000001 	str	x1, [x0]
  403f78:	d2800020 	mov	x0, #0x1                   	// #1
  403f7c:	f90017e0 	str	x0, [sp, #40]
  403f80:	1400001f 	b	403ffc <_ZNSt23mersenne_twister_engineImLm32ELm624ELm397ELm31ELm2567483615ELm11ELm4294967295ELm7ELm2636928640ELm15ELm4022730752ELm18ELm1812433253EE4seedEm+0xa8>
  403f84:	f94017e0 	ldr	x0, [sp, #40]
  403f88:	d1000401 	sub	x1, x0, #0x1
  403f8c:	f9400fe0 	ldr	x0, [sp, #24]
  403f90:	f8617800 	ldr	x0, [x0, x1, lsl #3]
  403f94:	f90013e0 	str	x0, [sp, #32]
  403f98:	f94013e0 	ldr	x0, [sp, #32]
  403f9c:	d35efc00 	lsr	x0, x0, #30
  403fa0:	f94013e1 	ldr	x1, [sp, #32]
  403fa4:	ca000020 	eor	x0, x1, x0
  403fa8:	f90013e0 	str	x0, [sp, #32]
  403fac:	f94013e1 	ldr	x1, [sp, #32]
  403fb0:	d2912ca0 	mov	x0, #0x8965                	// #35173
  403fb4:	f2ad80e0 	movk	x0, #0x6c07, lsl #16
  403fb8:	9b007c20 	mul	x0, x1, x0
  403fbc:	f90013e0 	str	x0, [sp, #32]
  403fc0:	f94017e0 	ldr	x0, [sp, #40]
  403fc4:	940001b0 	bl	404684 <_ZNSt8__detail5__modImLm624ELm1ELm0EEET_S1_>
  403fc8:	aa0003e1 	mov	x1, x0
  403fcc:	f94013e0 	ldr	x0, [sp, #32]
  403fd0:	8b010000 	add	x0, x0, x1
  403fd4:	f90013e0 	str	x0, [sp, #32]
  403fd8:	f94013e0 	ldr	x0, [sp, #32]
  403fdc:	940001a0 	bl	40465c <_ZNSt8__detail5__modImLm4294967296ELm1ELm0EEET_S1_>
  403fe0:	aa0003e2 	mov	x2, x0
  403fe4:	f9400fe0 	ldr	x0, [sp, #24]
  403fe8:	f94017e1 	ldr	x1, [sp, #40]
  403fec:	f8217802 	str	x2, [x0, x1, lsl #3]
  403ff0:	f94017e0 	ldr	x0, [sp, #40]
  403ff4:	91000400 	add	x0, x0, #0x1
  403ff8:	f90017e0 	str	x0, [sp, #40]
  403ffc:	f94017e0 	ldr	x0, [sp, #40]
  404000:	f109bc1f 	cmp	x0, #0x26f
  404004:	54fffc09 	b.ls	403f84 <_ZNSt23mersenne_twister_engineImLm32ELm624ELm397ELm31ELm2567483615ELm11ELm4294967295ELm7ELm2636928640ELm15ELm4022730752ELm18ELm1812433253EE4seedEm+0x30>  // b.plast
  404008:	f9400fe0 	ldr	x0, [sp, #24]
  40400c:	d2804e01 	mov	x1, #0x270                 	// #624
  404010:	f909c001 	str	x1, [x0, #4992]
  404014:	d503201f 	nop
  404018:	a8c37bfd 	ldp	x29, x30, [sp], #48
  40401c:	d65f03c0 	ret

0000000000404020 <_ZN9__gnu_cxx17__normal_iteratorIPmSt6vectorImSaImEEEC1ERKS1_>:
  404020:	d10043ff 	sub	sp, sp, #0x10
  404024:	f90007e0 	str	x0, [sp, #8]
  404028:	f90003e1 	str	x1, [sp]
  40402c:	f94003e0 	ldr	x0, [sp]
  404030:	f9400001 	ldr	x1, [x0]
  404034:	f94007e0 	ldr	x0, [sp, #8]
  404038:	f9000001 	str	x1, [x0]
  40403c:	d503201f 	nop
  404040:	910043ff 	add	sp, sp, #0x10
  404044:	d65f03c0 	ret

0000000000404048 <_ZN9__gnu_cxxeqIPmSt6vectorImSaImEEEEbRKNS_17__normal_iteratorIT_T0_EESA_>:
  404048:	a9bd7bfd 	stp	x29, x30, [sp, #-48]!
  40404c:	910003fd 	mov	x29, sp
  404050:	f9000bf3 	str	x19, [sp, #16]
  404054:	f90017e0 	str	x0, [sp, #40]
  404058:	f90013e1 	str	x1, [sp, #32]
  40405c:	f94017e0 	ldr	x0, [sp, #40]
  404060:	94000193 	bl	4046ac <_ZNK9__gnu_cxx17__normal_iteratorIPmSt6vectorImSaImEEE4baseEv>
  404064:	f9400013 	ldr	x19, [x0]
  404068:	f94013e0 	ldr	x0, [sp, #32]
  40406c:	94000190 	bl	4046ac <_ZNK9__gnu_cxx17__normal_iteratorIPmSt6vectorImSaImEEE4baseEv>
  404070:	f9400000 	ldr	x0, [x0]
  404074:	eb00027f 	cmp	x19, x0
  404078:	1a9f17e0 	cset	w0, eq  // eq = none
  40407c:	12001c00 	and	w0, w0, #0xff
  404080:	f9400bf3 	ldr	x19, [sp, #16]
  404084:	a8c37bfd 	ldp	x29, x30, [sp], #48
  404088:	d65f03c0 	ret

000000000040408c <_ZN9__gnu_cxxmiIPmSt6vectorImSaImEEEENS_17__normal_iteratorIT_T0_E15difference_typeERKS8_SB_>:
  40408c:	a9bd7bfd 	stp	x29, x30, [sp, #-48]!
  404090:	910003fd 	mov	x29, sp
  404094:	f9000bf3 	str	x19, [sp, #16]
  404098:	f90017e0 	str	x0, [sp, #40]
  40409c:	f90013e1 	str	x1, [sp, #32]
  4040a0:	f94017e0 	ldr	x0, [sp, #40]
  4040a4:	94000182 	bl	4046ac <_ZNK9__gnu_cxx17__normal_iteratorIPmSt6vectorImSaImEEE4baseEv>
  4040a8:	f9400013 	ldr	x19, [x0]
  4040ac:	f94013e0 	ldr	x0, [sp, #32]
  4040b0:	9400017f 	bl	4046ac <_ZNK9__gnu_cxx17__normal_iteratorIPmSt6vectorImSaImEEE4baseEv>
  4040b4:	f9400000 	ldr	x0, [x0]
  4040b8:	cb000260 	sub	x0, x19, x0
  4040bc:	9343fc00 	asr	x0, x0, #3
  4040c0:	f9400bf3 	ldr	x19, [sp, #16]
  4040c4:	a8c37bfd 	ldp	x29, x30, [sp], #48
  4040c8:	d65f03c0 	ret

00000000004040cc <_ZNK9__gnu_cxx17__normal_iteratorIPmSt6vectorImSaImEEEplEl>:
  4040cc:	a9bd7bfd 	stp	x29, x30, [sp, #-48]!
  4040d0:	910003fd 	mov	x29, sp
  4040d4:	f9000fe0 	str	x0, [sp, #24]
  4040d8:	f9000be1 	str	x1, [sp, #16]
  4040dc:	f9400fe0 	ldr	x0, [sp, #24]
  4040e0:	f9400001 	ldr	x1, [x0]
  4040e4:	f9400be0 	ldr	x0, [sp, #16]
  4040e8:	d37df000 	lsl	x0, x0, #3
  4040ec:	8b000020 	add	x0, x1, x0
  4040f0:	f90017e0 	str	x0, [sp, #40]
  4040f4:	9100a3e1 	add	x1, sp, #0x28
  4040f8:	910083e0 	add	x0, sp, #0x20
  4040fc:	97ffffc9 	bl	404020 <_ZN9__gnu_cxx17__normal_iteratorIPmSt6vectorImSaImEEEC1ERKS1_>
  404100:	f94013e0 	ldr	x0, [sp, #32]
  404104:	a8c37bfd 	ldp	x29, x30, [sp], #48
  404108:	d65f03c0 	ret

000000000040410c <_ZNSt24uniform_int_distributionImEC1Emm>:
  40410c:	a9bd7bfd 	stp	x29, x30, [sp, #-48]!
  404110:	910003fd 	mov	x29, sp
  404114:	f90017e0 	str	x0, [sp, #40]
  404118:	f90013e1 	str	x1, [sp, #32]
  40411c:	f9000fe2 	str	x2, [sp, #24]
  404120:	f94017e0 	ldr	x0, [sp, #40]
  404124:	f9400fe2 	ldr	x2, [sp, #24]
  404128:	f94013e1 	ldr	x1, [sp, #32]
  40412c:	94000076 	bl	404304 <_ZNSt24uniform_int_distributionImE10param_typeC1Emm>
  404130:	d503201f 	nop
  404134:	a8c37bfd 	ldp	x29, x30, [sp], #48
  404138:	d65f03c0 	ret

000000000040413c <_ZN9__gnu_cxx17__normal_iteratorIPmSt6vectorImSaImEEEppEi>:
  40413c:	a9bd7bfd 	stp	x29, x30, [sp, #-48]!
  404140:	910003fd 	mov	x29, sp
  404144:	f9000fe0 	str	x0, [sp, #24]
  404148:	b90017e1 	str	w1, [sp, #20]
  40414c:	f9400fe0 	ldr	x0, [sp, #24]
  404150:	f9400000 	ldr	x0, [x0]
  404154:	91002002 	add	x2, x0, #0x8
  404158:	f9400fe1 	ldr	x1, [sp, #24]
  40415c:	f9000022 	str	x2, [x1]
  404160:	f90017e0 	str	x0, [sp, #40]
  404164:	9100a3e1 	add	x1, sp, #0x28
  404168:	910083e0 	add	x0, sp, #0x20
  40416c:	97ffffad 	bl	404020 <_ZN9__gnu_cxx17__normal_iteratorIPmSt6vectorImSaImEEEC1ERKS1_>
  404170:	f94013e0 	ldr	x0, [sp, #32]
  404174:	a8c37bfd 	ldp	x29, x30, [sp], #48
  404178:	d65f03c0 	ret

000000000040417c <_ZNSt24uniform_int_distributionImEclISt23mersenne_twister_engineImLm32ELm624ELm397ELm31ELm2567483615ELm11ELm4294967295ELm7ELm2636928640ELm15ELm4022730752ELm18ELm1812433253EEEEmRT_>:
  40417c:	a9be7bfd 	stp	x29, x30, [sp, #-32]!
  404180:	910003fd 	mov	x29, sp
  404184:	f9000fe0 	str	x0, [sp, #24]
  404188:	f9000be1 	str	x1, [sp, #16]
  40418c:	f9400fe0 	ldr	x0, [sp, #24]
  404190:	aa0003e2 	mov	x2, x0
  404194:	f9400be1 	ldr	x1, [sp, #16]
  404198:	f9400fe0 	ldr	x0, [sp, #24]
  40419c:	94000067 	bl	404338 <_ZNSt24uniform_int_distributionImEclISt23mersenne_twister_engineImLm32ELm624ELm397ELm31ELm2567483615ELm11ELm4294967295ELm7ELm2636928640ELm15ELm4022730752ELm18ELm1812433253EEEEmRT_RKNS0_10param_typeE>
  4041a0:	a8c27bfd 	ldp	x29, x30, [sp], #32
  4041a4:	d65f03c0 	ret

00000000004041a8 <_ZSt9iter_swapIN9__gnu_cxx17__normal_iteratorIPmSt6vectorImSaImEEEES6_EvT_T0_>:
  4041a8:	a9bd7bfd 	stp	x29, x30, [sp, #-48]!
  4041ac:	910003fd 	mov	x29, sp
  4041b0:	f9000bf3 	str	x19, [sp, #16]
  4041b4:	f90017e0 	str	x0, [sp, #40]
  4041b8:	f90013e1 	str	x1, [sp, #32]
  4041bc:	9100a3e0 	add	x0, sp, #0x28
  4041c0:	94000140 	bl	4046c0 <_ZNK9__gnu_cxx17__normal_iteratorIPmSt6vectorImSaImEEEdeEv>
  4041c4:	aa0003f3 	mov	x19, x0
  4041c8:	910083e0 	add	x0, sp, #0x20
  4041cc:	9400013d 	bl	4046c0 <_ZNK9__gnu_cxx17__normal_iteratorIPmSt6vectorImSaImEEEdeEv>
  4041d0:	aa0003e1 	mov	x1, x0
  4041d4:	aa1303e0 	mov	x0, x19
  4041d8:	94000145 	bl	4046ec <_ZSt4swapImENSt9enable_ifIXsrSt6__and_IJSt6__not_ISt15__is_tuple_likeIT_EESt21is_move_constructibleIS4_ESt18is_move_assignableIS4_EEE5valueEvE4typeERS4_SE_>
  4041dc:	d503201f 	nop
  4041e0:	f9400bf3 	ldr	x19, [sp, #16]
  4041e4:	a8c37bfd 	ldp	x29, x30, [sp], #48
  4041e8:	d65f03c0 	ret

00000000004041ec <_ZN9__gnu_cxxneIPmSt6vectorImSaImEEEEbRKNS_17__normal_iteratorIT_T0_EESA_>:
  4041ec:	a9bd7bfd 	stp	x29, x30, [sp, #-48]!
  4041f0:	910003fd 	mov	x29, sp
  4041f4:	f9000bf3 	str	x19, [sp, #16]
  4041f8:	f90017e0 	str	x0, [sp, #40]
  4041fc:	f90013e1 	str	x1, [sp, #32]
  404200:	f94017e0 	ldr	x0, [sp, #40]
  404204:	9400012a 	bl	4046ac <_ZNK9__gnu_cxx17__normal_iteratorIPmSt6vectorImSaImEEE4baseEv>
  404208:	f9400013 	ldr	x19, [x0]
  40420c:	f94013e0 	ldr	x0, [sp, #32]
  404210:	94000127 	bl	4046ac <_ZNK9__gnu_cxx17__normal_iteratorIPmSt6vectorImSaImEEE4baseEv>
  404214:	f9400000 	ldr	x0, [x0]
  404218:	eb00027f 	cmp	x19, x0
  40421c:	1a9f07e0 	cset	w0, ne  // ne = any
  404220:	12001c00 	and	w0, w0, #0xff
  404224:	f9400bf3 	ldr	x19, [sp, #16]
  404228:	a8c37bfd 	ldp	x29, x30, [sp], #48
  40422c:	d65f03c0 	ret

0000000000404230 <_ZSt22__gen_two_uniform_intsImRSt23mersenne_twister_engineImLm32ELm624ELm397ELm31ELm2567483615ELm11ELm4294967295ELm7ELm2636928640ELm15ELm4022730752ELm18ELm1812433253EEESt4pairIT_S4_ES4_S4_OT0_>:
  404230:	a9ba7bfd 	stp	x29, x30, [sp, #-96]!
  404234:	910003fd 	mov	x29, sp
  404238:	f90017e0 	str	x0, [sp, #40]
  40423c:	f90013e1 	str	x1, [sp, #32]
  404240:	f9000fe2 	str	x2, [sp, #24]
  404244:	f94017e1 	ldr	x1, [sp, #40]
  404248:	f94013e0 	ldr	x0, [sp, #32]
  40424c:	9b007c20 	mul	x0, x1, x0
  404250:	d1000401 	sub	x1, x0, #0x1
  404254:	9100e3e0 	add	x0, sp, #0x38
  404258:	aa0103e2 	mov	x2, x1
  40425c:	d2800001 	mov	x1, #0x0                   	// #0
  404260:	97ffffab 	bl	40410c <_ZNSt24uniform_int_distributionImEC1Emm>
  404264:	9100e3e0 	add	x0, sp, #0x38
  404268:	f9400fe1 	ldr	x1, [sp, #24]
  40426c:	97ffffc4 	bl	40417c <_ZNSt24uniform_int_distributionImEclISt23mersenne_twister_engineImLm32ELm624ELm397ELm31ELm2567483615ELm11ELm4294967295ELm7ELm2636928640ELm15ELm4022730752ELm18ELm1812433253EEEEmRT_>
  404270:	f9002fe0 	str	x0, [sp, #88]
  404274:	f9402fe1 	ldr	x1, [sp, #88]
  404278:	f94013e0 	ldr	x0, [sp, #32]
  40427c:	9ac00820 	udiv	x0, x1, x0
  404280:	f90027e0 	str	x0, [sp, #72]
  404284:	f9402fe0 	ldr	x0, [sp, #88]
  404288:	f94013e1 	ldr	x1, [sp, #32]
  40428c:	9ac10802 	udiv	x2, x0, x1
  404290:	f94013e1 	ldr	x1, [sp, #32]
  404294:	9b017c41 	mul	x1, x2, x1
  404298:	cb010000 	sub	x0, x0, x1
  40429c:	f9002be0 	str	x0, [sp, #80]
  4042a0:	910143e1 	add	x1, sp, #0x50
  4042a4:	910123e0 	add	x0, sp, #0x48
  4042a8:	94000126 	bl	404740 <_ZSt9make_pairImmESt4pairINSt25__strip_reference_wrapperINSt5decayIT_E4typeEE6__typeENS1_INS2_IT0_E4typeEE6__typeEEOS3_OS8_>
  4042ac:	a8c67bfd 	ldp	x29, x30, [sp], #96
  4042b0:	d65f03c0 	ret

00000000004042b4 <_ZNSt24uniform_int_distributionImEC1Ev>:
  4042b4:	a9be7bfd 	stp	x29, x30, [sp, #-32]!
  4042b8:	910003fd 	mov	x29, sp
  4042bc:	f9000fe0 	str	x0, [sp, #24]
  4042c0:	92800002 	mov	x2, #0xffffffffffffffff    	// #-1
  4042c4:	d2800001 	mov	x1, #0x0                   	// #0
  4042c8:	f9400fe0 	ldr	x0, [sp, #24]
  4042cc:	97ffff90 	bl	40410c <_ZNSt24uniform_int_distributionImEC1Emm>
  4042d0:	d503201f 	nop
  4042d4:	a8c27bfd 	ldp	x29, x30, [sp], #32
  4042d8:	d65f03c0 	ret

00000000004042dc <_ZN9__gnu_cxx17__normal_iteratorIPmSt6vectorImSaImEEEppEv>:
  4042dc:	d10043ff 	sub	sp, sp, #0x10
  4042e0:	f90007e0 	str	x0, [sp, #8]
  4042e4:	f94007e0 	ldr	x0, [sp, #8]
  4042e8:	f9400000 	ldr	x0, [x0]
  4042ec:	91002001 	add	x1, x0, #0x8
  4042f0:	f94007e0 	ldr	x0, [sp, #8]
  4042f4:	f9000001 	str	x1, [x0]
  4042f8:	f94007e0 	ldr	x0, [sp, #8]
  4042fc:	910043ff 	add	sp, sp, #0x10
  404300:	d65f03c0 	ret

0000000000404304 <_ZNSt24uniform_int_distributionImE10param_typeC1Emm>:
  404304:	d10083ff 	sub	sp, sp, #0x20
  404308:	f9000fe0 	str	x0, [sp, #24]
  40430c:	f9000be1 	str	x1, [sp, #16]
  404310:	f90007e2 	str	x2, [sp, #8]
  404314:	f9400fe0 	ldr	x0, [sp, #24]
  404318:	f9400be1 	ldr	x1, [sp, #16]
  40431c:	f9000001 	str	x1, [x0]
  404320:	f9400fe0 	ldr	x0, [sp, #24]
  404324:	f94007e1 	ldr	x1, [sp, #8]
  404328:	f9000401 	str	x1, [x0, #8]
  40432c:	d503201f 	nop
  404330:	910083ff 	add	sp, sp, #0x20
  404334:	d65f03c0 	ret

0000000000404338 <_ZNSt24uniform_int_distributionImEclISt23mersenne_twister_engineImLm32ELm624ELm397ELm31ELm2567483615ELm11ELm4294967295ELm7ELm2636928640ELm15ELm4022730752ELm18ELm1812433253EEEEmRT_RKNS0_10param_typeE>:
  404338:	a9b67bfd 	stp	x29, x30, [sp, #-160]!
  40433c:	910003fd 	mov	x29, sp
  404340:	f9000bf3 	str	x19, [sp, #16]
  404344:	f9001fe0 	str	x0, [sp, #56]
  404348:	f9001be1 	str	x1, [sp, #48]
  40434c:	f90017e2 	str	x2, [sp, #40]
  404350:	f9004bff 	str	xzr, [sp, #144]
  404354:	b2407fe0 	mov	x0, #0xffffffff            	// #4294967295
  404358:	f90047e0 	str	x0, [sp, #136]
  40435c:	b2407fe0 	mov	x0, #0xffffffff            	// #4294967295
  404360:	f90043e0 	str	x0, [sp, #128]
  404364:	f94017e0 	ldr	x0, [sp, #40]
  404368:	94000109 	bl	40478c <_ZNKSt24uniform_int_distributionImE10param_type1bEv>
  40436c:	aa0003f3 	mov	x19, x0
  404370:	f94017e0 	ldr	x0, [sp, #40]
  404374:	9400010c 	bl	4047a4 <_ZNKSt24uniform_int_distributionImE10param_type1aEv>
  404378:	cb000260 	sub	x0, x19, x0
  40437c:	f9003fe0 	str	x0, [sp, #120]
  404380:	f9403fe1 	ldr	x1, [sp, #120]
  404384:	b27f7be0 	mov	x0, #0xfffffffe            	// #4294967294
  404388:	eb00003f 	cmp	x1, x0
  40438c:	54000188 	b.hi	4043bc <_ZNSt24uniform_int_distributionImEclISt23mersenne_twister_engineImLm32ELm624ELm397ELm31ELm2567483615ELm11ELm4294967295ELm7ELm2636928640ELm15ELm4022730752ELm18ELm1812433253EEEEmRT_RKNS0_10param_typeE+0x84>  // b.pmore
  404390:	f9403fe0 	ldr	x0, [sp, #120]
  404394:	91000400 	add	x0, x0, #0x1
  404398:	f90033e0 	str	x0, [sp, #96]
  40439c:	f94033e0 	ldr	x0, [sp, #96]
  4043a0:	b9005fe0 	str	w0, [sp, #92]
  4043a4:	b9405fe1 	ldr	w1, [sp, #92]
  4043a8:	f9401be0 	ldr	x0, [sp, #48]
  4043ac:	94000104 	bl	4047bc <_ZNSt24uniform_int_distributionImE5_S_ndImSt23mersenne_twister_engineImLm32ELm624ELm397ELm31ELm2567483615ELm11ELm4294967295ELm7ELm2636928640ELm15ELm4022730752ELm18ELm1812433253EEjEET1_RT0_S4_>
  4043b0:	2a0003e0 	mov	w0, w0
  4043b4:	f9004fe0 	str	x0, [sp, #152]
  4043b8:	14000026 	b	404450 <_ZNSt24uniform_int_distributionImEclISt23mersenne_twister_engineImLm32ELm624ELm397ELm31ELm2567483615ELm11ELm4294967295ELm7ELm2636928640ELm15ELm4022730752ELm18ELm1812433253EEEEmRT_RKNS0_10param_typeE+0x118>
  4043bc:	f9403fe1 	ldr	x1, [sp, #120]
  4043c0:	b2407fe0 	mov	x0, #0xffffffff            	// #4294967295
  4043c4:	eb00003f 	cmp	x1, x0
  4043c8:	540003e9 	b.ls	404444 <_ZNSt24uniform_int_distributionImEclISt23mersenne_twister_engineImLm32ELm624ELm397ELm31ELm2567483615ELm11ELm4294967295ELm7ELm2636928640ELm15ELm4022730752ELm18ELm1812433253EEEEmRT_RKNS0_10param_typeE+0x10c>  // b.plast
  4043cc:	d2c00020 	mov	x0, #0x100000000           	// #4294967296
  4043d0:	f9003be0 	str	x0, [sp, #112]
  4043d4:	f9403fe0 	ldr	x0, [sp, #120]
  4043d8:	d360fc01 	lsr	x1, x0, #32
  4043dc:	910123e0 	add	x0, sp, #0x48
  4043e0:	aa0103e2 	mov	x2, x1
  4043e4:	d2800001 	mov	x1, #0x0                   	// #0
  4043e8:	97ffffc7 	bl	404304 <_ZNSt24uniform_int_distributionImE10param_typeC1Emm>
  4043ec:	910123e0 	add	x0, sp, #0x48
  4043f0:	aa0003e2 	mov	x2, x0
  4043f4:	f9401be1 	ldr	x1, [sp, #48]
  4043f8:	f9401fe0 	ldr	x0, [sp, #56]
  4043fc:	97ffffcf 	bl	404338 <_ZNSt24uniform_int_distributionImEclISt23mersenne_twister_engineImLm32ELm624ELm397ELm31ELm2567483615ELm11ELm4294967295ELm7ELm2636928640ELm15ELm4022730752ELm18ELm1812433253EEEEmRT_RKNS0_10param_typeE>
  404400:	d3607c00 	lsl	x0, x0, #32
  404404:	f90037e0 	str	x0, [sp, #104]
  404408:	f9401be0 	ldr	x0, [sp, #48]
  40440c:	94000115 	bl	404860 <_ZNSt23mersenne_twister_engineImLm32ELm624ELm397ELm31ELm2567483615ELm11ELm4294967295ELm7ELm2636928640ELm15ELm4022730752ELm18ELm1812433253EEclEv>
  404410:	aa0003e1 	mov	x1, x0
  404414:	f94037e0 	ldr	x0, [sp, #104]
  404418:	8b010000 	add	x0, x0, x1
  40441c:	f9004fe0 	str	x0, [sp, #152]
  404420:	f9404fe1 	ldr	x1, [sp, #152]
  404424:	f9403fe0 	ldr	x0, [sp, #120]
  404428:	eb00003f 	cmp	x1, x0
  40442c:	54fffd08 	b.hi	4043cc <_ZNSt24uniform_int_distributionImEclISt23mersenne_twister_engineImLm32ELm624ELm397ELm31ELm2567483615ELm11ELm4294967295ELm7ELm2636928640ELm15ELm4022730752ELm18ELm1812433253EEEEmRT_RKNS0_10param_typeE+0x94>  // b.pmore
  404430:	f9404fe1 	ldr	x1, [sp, #152]
  404434:	f94037e0 	ldr	x0, [sp, #104]
  404438:	eb00003f 	cmp	x1, x0
  40443c:	54fffc83 	b.cc	4043cc <_ZNSt24uniform_int_distributionImEclISt23mersenne_twister_engineImLm32ELm624ELm397ELm31ELm2567483615ELm11ELm4294967295ELm7ELm2636928640ELm15ELm4022730752ELm18ELm1812433253EEEEmRT_RKNS0_10param_typeE+0x94>  // b.lo, b.ul, b.last
  404440:	14000004 	b	404450 <_ZNSt24uniform_int_distributionImEclISt23mersenne_twister_engineImLm32ELm624ELm397ELm31ELm2567483615ELm11ELm4294967295ELm7ELm2636928640ELm15ELm4022730752ELm18ELm1812433253EEEEmRT_RKNS0_10param_typeE+0x118>
  404444:	f9401be0 	ldr	x0, [sp, #48]
  404448:	94000106 	bl	404860 <_ZNSt23mersenne_twister_engineImLm32ELm624ELm397ELm31ELm2567483615ELm11ELm4294967295ELm7ELm2636928640ELm15ELm4022730752ELm18ELm1812433253EEclEv>
  40444c:	f9004fe0 	str	x0, [sp, #152]
  404450:	f94017e0 	ldr	x0, [sp, #40]
  404454:	940000d4 	bl	4047a4 <_ZNKSt24uniform_int_distributionImE10param_type1aEv>
  404458:	aa0003e1 	mov	x1, x0
  40445c:	f9404fe0 	ldr	x0, [sp, #152]
  404460:	8b000020 	add	x0, x1, x0
  404464:	f9400bf3 	ldr	x19, [sp, #16]
  404468:	a8ca7bfd 	ldp	x29, x30, [sp], #160
  40446c:	d65f03c0 	ret

0000000000404470 <_ZNSt6vectorImSaImEE18_M_fill_initializeEmRKm>:
  404470:	a9bc7bfd 	stp	x29, x30, [sp, #-64]!
  404474:	910003fd 	mov	x29, sp
  404478:	f9000bf3 	str	x19, [sp, #16]
  40447c:	f9001fe0 	str	x0, [sp, #56]
  404480:	f9001be1 	str	x1, [sp, #48]
  404484:	f90017e2 	str	x2, [sp, #40]
  404488:	f9401fe0 	ldr	x0, [sp, #56]
  40448c:	f9400013 	ldr	x19, [x0]
  404490:	f9401fe0 	ldr	x0, [sp, #56]
  404494:	97fffea0 	bl	403f14 <_ZNSt12_Vector_baseImSaImEE19_M_get_Tp_allocatorEv>
  404498:	aa0003e3 	mov	x3, x0
  40449c:	f94017e2 	ldr	x2, [sp, #40]
  4044a0:	f9401be1 	ldr	x1, [sp, #48]
  4044a4:	aa1303e0 	mov	x0, x19
  4044a8:	9400011c 	bl	404918 <_ZSt24__uninitialized_fill_n_aIPmmmmET_S1_T0_RKT1_RSaIT2_E>
  4044ac:	aa0003e1 	mov	x1, x0
  4044b0:	f9401fe0 	ldr	x0, [sp, #56]
  4044b4:	f9000401 	str	x1, [x0, #8]
  4044b8:	d503201f 	nop
  4044bc:	f9400bf3 	ldr	x19, [sp, #16]
  4044c0:	a8c47bfd 	ldp	x29, x30, [sp], #64
  4044c4:	d65f03c0 	ret

00000000004044c8 <_ZNKSt6vectorImSaImEE11_M_data_ptrImEEPT_S4_>:
  4044c8:	d10043ff 	sub	sp, sp, #0x10
  4044cc:	f90007e0 	str	x0, [sp, #8]
  4044d0:	f90003e1 	str	x1, [sp]
  4044d4:	f94003e0 	ldr	x0, [sp]
  4044d8:	910043ff 	add	sp, sp, #0x10
  4044dc:	d65f03c0 	ret

00000000004044e0 <_ZNSt6vectorImSaImEE11_S_max_sizeERKS0_>:
  4044e0:	a9bd7bfd 	stp	x29, x30, [sp, #-48]!
  4044e4:	910003fd 	mov	x29, sp
  4044e8:	f9000fe0 	str	x0, [sp, #24]
  4044ec:	92fe0000 	mov	x0, #0xfffffffffffffff     	// #1152921504606846975
  4044f0:	f90017e0 	str	x0, [sp, #40]
  4044f4:	f9400fe0 	ldr	x0, [sp, #24]
  4044f8:	94000114 	bl	404948 <_ZNSt16allocator_traitsISaImEE8max_sizeERKS0_>
  4044fc:	f90013e0 	str	x0, [sp, #32]
  404500:	910083e1 	add	x1, sp, #0x20
  404504:	9100a3e0 	add	x0, sp, #0x28
  404508:	97fffde6 	bl	403ca0 <_ZSt3minImERKT_S2_S2_>
  40450c:	f9400000 	ldr	x0, [x0]
  404510:	a8c37bfd 	ldp	x29, x30, [sp], #48
  404514:	d65f03c0 	ret

0000000000404518 <_ZNSaImEC1ERKS_>:
  404518:	a9be7bfd 	stp	x29, x30, [sp, #-32]!
  40451c:	910003fd 	mov	x29, sp
  404520:	f9000fe0 	str	x0, [sp, #24]
  404524:	f9000be1 	str	x1, [sp, #16]
  404528:	f9400be1 	ldr	x1, [sp, #16]
  40452c:	f9400fe0 	ldr	x0, [sp, #24]
  404530:	9400010d 	bl	404964 <_ZN9__gnu_cxx13new_allocatorImEC1ERKS1_>
  404534:	d503201f 	nop
  404538:	a8c27bfd 	ldp	x29, x30, [sp], #32
  40453c:	d65f03c0 	ret

0000000000404540 <_ZNSt12_Vector_baseImSaImEE12_Vector_implC1ERKS0_>:
  404540:	a9be7bfd 	stp	x29, x30, [sp, #-32]!
  404544:	910003fd 	mov	x29, sp
  404548:	f9000fe0 	str	x0, [sp, #24]
  40454c:	f9000be1 	str	x1, [sp, #16]
  404550:	f9400be1 	ldr	x1, [sp, #16]
  404554:	f9400fe0 	ldr	x0, [sp, #24]
  404558:	97fffff0 	bl	404518 <_ZNSaImEC1ERKS_>
  40455c:	f9400fe0 	ldr	x0, [sp, #24]
  404560:	94000107 	bl	40497c <_ZNSt12_Vector_baseImSaImEE17_Vector_impl_dataC1Ev>
  404564:	d503201f 	nop
  404568:	a8c27bfd 	ldp	x29, x30, [sp], #32
  40456c:	d65f03c0 	ret

0000000000404570 <_ZNSt12_Vector_baseImSaImEE17_M_create_storageEm>:
  404570:	a9be7bfd 	stp	x29, x30, [sp, #-32]!
  404574:	910003fd 	mov	x29, sp
  404578:	f9000fe0 	str	x0, [sp, #24]
  40457c:	f9000be1 	str	x1, [sp, #16]
  404580:	f9400be1 	ldr	x1, [sp, #16]
  404584:	f9400fe0 	ldr	x0, [sp, #24]
  404588:	94000108 	bl	4049a8 <_ZNSt12_Vector_baseImSaImEE11_M_allocateEm>
  40458c:	aa0003e1 	mov	x1, x0
  404590:	f9400fe0 	ldr	x0, [sp, #24]
  404594:	f9000001 	str	x1, [x0]
  404598:	f9400fe0 	ldr	x0, [sp, #24]
  40459c:	f9400001 	ldr	x1, [x0]
  4045a0:	f9400fe0 	ldr	x0, [sp, #24]
  4045a4:	f9000401 	str	x1, [x0, #8]
  4045a8:	f9400fe0 	ldr	x0, [sp, #24]
  4045ac:	f9400001 	ldr	x1, [x0]
  4045b0:	f9400be0 	ldr	x0, [sp, #16]
  4045b4:	d37df000 	lsl	x0, x0, #3
  4045b8:	8b000021 	add	x1, x1, x0
  4045bc:	f9400fe0 	ldr	x0, [sp, #24]
  4045c0:	f9000801 	str	x1, [x0, #16]
  4045c4:	d503201f 	nop
  4045c8:	a8c27bfd 	ldp	x29, x30, [sp], #32
  4045cc:	d65f03c0 	ret

00000000004045d0 <_ZNSt12_Vector_baseImSaImEE13_M_deallocateEPmm>:
  4045d0:	a9bd7bfd 	stp	x29, x30, [sp, #-48]!
  4045d4:	910003fd 	mov	x29, sp
  4045d8:	f90017e0 	str	x0, [sp, #40]
  4045dc:	f90013e1 	str	x1, [sp, #32]
  4045e0:	f9000fe2 	str	x2, [sp, #24]
  4045e4:	f94013e0 	ldr	x0, [sp, #32]
  4045e8:	f100001f 	cmp	x0, #0x0
  4045ec:	540000a0 	b.eq	404600 <_ZNSt12_Vector_baseImSaImEE13_M_deallocateEPmm+0x30>  // b.none
  4045f0:	f94017e0 	ldr	x0, [sp, #40]
  4045f4:	f9400fe2 	ldr	x2, [sp, #24]
  4045f8:	f94013e1 	ldr	x1, [sp, #32]
  4045fc:	940000f9 	bl	4049e0 <_ZNSt16allocator_traitsISaImEE10deallocateERS0_Pmm>
  404600:	d503201f 	nop
  404604:	a8c37bfd 	ldp	x29, x30, [sp], #48
  404608:	d65f03c0 	ret

000000000040460c <_ZSt27__uninitialized_default_n_aIPmmmET_S1_T0_RSaIT1_E>:
  40460c:	a9bd7bfd 	stp	x29, x30, [sp, #-48]!
  404610:	910003fd 	mov	x29, sp
  404614:	f90017e0 	str	x0, [sp, #40]
  404618:	f90013e1 	str	x1, [sp, #32]
  40461c:	f9000fe2 	str	x2, [sp, #24]
  404620:	f94013e1 	ldr	x1, [sp, #32]
  404624:	f94017e0 	ldr	x0, [sp, #40]
  404628:	940000fa 	bl	404a10 <_ZSt25__uninitialized_default_nIPmmET_S1_T0_>
  40462c:	a8c37bfd 	ldp	x29, x30, [sp], #48
  404630:	d65f03c0 	ret

0000000000404634 <_ZSt8_DestroyIPmEvT_S1_>:
  404634:	a9be7bfd 	stp	x29, x30, [sp, #-32]!
  404638:	910003fd 	mov	x29, sp
  40463c:	f9000fe0 	str	x0, [sp, #24]
  404640:	f9000be1 	str	x1, [sp, #16]
  404644:	f9400be1 	ldr	x1, [sp, #16]
  404648:	f9400fe0 	ldr	x0, [sp, #24]
  40464c:	940000fc 	bl	404a3c <_ZNSt12_Destroy_auxILb1EE9__destroyIPmEEvT_S3_>
  404650:	d503201f 	nop
  404654:	a8c27bfd 	ldp	x29, x30, [sp], #32
  404658:	d65f03c0 	ret

000000000040465c <_ZNSt8__detail5__modImLm4294967296ELm1ELm0EEET_S1_>:
  40465c:	a9bd7bfd 	stp	x29, x30, [sp, #-48]!
  404660:	910003fd 	mov	x29, sp
  404664:	f9000fe0 	str	x0, [sp, #24]
  404668:	d2800020 	mov	x0, #0x1                   	// #1
  40466c:	f90017e0 	str	x0, [sp, #40]
  404670:	f9400fe0 	ldr	x0, [sp, #24]
  404674:	940000f8 	bl	404a54 <_ZNSt8__detail4_ModImLm4294967296ELm1ELm0ELb1ELb1EE6__calcEm>
  404678:	d503201f 	nop
  40467c:	a8c37bfd 	ldp	x29, x30, [sp], #48
  404680:	d65f03c0 	ret

0000000000404684 <_ZNSt8__detail5__modImLm624ELm1ELm0EEET_S1_>:
  404684:	a9bd7bfd 	stp	x29, x30, [sp, #-48]!
  404688:	910003fd 	mov	x29, sp
  40468c:	f9000fe0 	str	x0, [sp, #24]
  404690:	d2800020 	mov	x0, #0x1                   	// #1
  404694:	f90017e0 	str	x0, [sp, #40]
  404698:	f9400fe0 	ldr	x0, [sp, #24]
  40469c:	940000f8 	bl	404a7c <_ZNSt8__detail4_ModImLm624ELm1ELm0ELb1ELb1EE6__calcEm>
  4046a0:	d503201f 	nop
  4046a4:	a8c37bfd 	ldp	x29, x30, [sp], #48
  4046a8:	d65f03c0 	ret

00000000004046ac <_ZNK9__gnu_cxx17__normal_iteratorIPmSt6vectorImSaImEEE4baseEv>:
  4046ac:	d10043ff 	sub	sp, sp, #0x10
  4046b0:	f90007e0 	str	x0, [sp, #8]
  4046b4:	f94007e0 	ldr	x0, [sp, #8]
  4046b8:	910043ff 	add	sp, sp, #0x10
  4046bc:	d65f03c0 	ret

00000000004046c0 <_ZNK9__gnu_cxx17__normal_iteratorIPmSt6vectorImSaImEEEdeEv>:
  4046c0:	d10043ff 	sub	sp, sp, #0x10
  4046c4:	f90007e0 	str	x0, [sp, #8]
  4046c8:	f94007e0 	ldr	x0, [sp, #8]
  4046cc:	f9400000 	ldr	x0, [x0]
  4046d0:	910043ff 	add	sp, sp, #0x10
  4046d4:	d65f03c0 	ret

00000000004046d8 <_ZSt4moveIRmEONSt16remove_referenceIT_E4typeEOS2_>:
  4046d8:	d10043ff 	sub	sp, sp, #0x10
  4046dc:	f90007e0 	str	x0, [sp, #8]
  4046e0:	f94007e0 	ldr	x0, [sp, #8]
  4046e4:	910043ff 	add	sp, sp, #0x10
  4046e8:	d65f03c0 	ret

00000000004046ec <_ZSt4swapImENSt9enable_ifIXsrSt6__and_IJSt6__not_ISt15__is_tuple_likeIT_EESt21is_move_constructibleIS4_ESt18is_move_assignableIS4_EEE5valueEvE4typeERS4_SE_>:
  4046ec:	a9bd7bfd 	stp	x29, x30, [sp, #-48]!
  4046f0:	910003fd 	mov	x29, sp
  4046f4:	f9000fe0 	str	x0, [sp, #24]
  4046f8:	f9000be1 	str	x1, [sp, #16]
  4046fc:	f9400fe0 	ldr	x0, [sp, #24]
  404700:	97fffff6 	bl	4046d8 <_ZSt4moveIRmEONSt16remove_referenceIT_E4typeEOS2_>
  404704:	f9400000 	ldr	x0, [x0]
  404708:	f90017e0 	str	x0, [sp, #40]
  40470c:	f9400be0 	ldr	x0, [sp, #16]
  404710:	97fffff2 	bl	4046d8 <_ZSt4moveIRmEONSt16remove_referenceIT_E4typeEOS2_>
  404714:	f9400001 	ldr	x1, [x0]
  404718:	f9400fe0 	ldr	x0, [sp, #24]
  40471c:	f9000001 	str	x1, [x0]
  404720:	9100a3e0 	add	x0, sp, #0x28
  404724:	97ffffed 	bl	4046d8 <_ZSt4moveIRmEONSt16remove_referenceIT_E4typeEOS2_>
  404728:	f9400001 	ldr	x1, [x0]
  40472c:	f9400be0 	ldr	x0, [sp, #16]
  404730:	f9000001 	str	x1, [x0]
  404734:	d503201f 	nop
  404738:	a8c37bfd 	ldp	x29, x30, [sp], #48
  40473c:	d65f03c0 	ret

0000000000404740 <_ZSt9make_pairImmESt4pairINSt25__strip_reference_wrapperINSt5decayIT_E4typeEE6__typeENS1_INS2_IT0_E4typeEE6__typeEEOS3_OS8_>:
  404740:	a9bc7bfd 	stp	x29, x30, [sp, #-64]!
  404744:	910003fd 	mov	x29, sp
  404748:	f9000bf3 	str	x19, [sp, #16]
  40474c:	f90017e0 	str	x0, [sp, #40]
  404750:	f90013e1 	str	x1, [sp, #32]
  404754:	f94017e0 	ldr	x0, [sp, #40]
  404758:	940000e0 	bl	404ad8 <_ZSt7forwardImEOT_RNSt16remove_referenceIS0_E4typeE>
  40475c:	aa0003f3 	mov	x19, x0
  404760:	f94013e0 	ldr	x0, [sp, #32]
  404764:	940000dd 	bl	404ad8 <_ZSt7forwardImEOT_RNSt16remove_referenceIS0_E4typeE>
  404768:	aa0003e1 	mov	x1, x0
  40476c:	9100c3e0 	add	x0, sp, #0x30
  404770:	aa0103e2 	mov	x2, x1
  404774:	aa1303e1 	mov	x1, x19
  404778:	940000dd 	bl	404aec <_ZNSt4pairImmEC1ImmLb1EEEOT_OT0_>
  40477c:	a94307e0 	ldp	x0, x1, [sp, #48]
  404780:	f9400bf3 	ldr	x19, [sp, #16]
  404784:	a8c47bfd 	ldp	x29, x30, [sp], #64
  404788:	d65f03c0 	ret

000000000040478c <_ZNKSt24uniform_int_distributionImE10param_type1bEv>:
  40478c:	d10043ff 	sub	sp, sp, #0x10
  404790:	f90007e0 	str	x0, [sp, #8]
  404794:	f94007e0 	ldr	x0, [sp, #8]
  404798:	f9400400 	ldr	x0, [x0, #8]
  40479c:	910043ff 	add	sp, sp, #0x10
  4047a0:	d65f03c0 	ret

00000000004047a4 <_ZNKSt24uniform_int_distributionImE10param_type1aEv>:
  4047a4:	d10043ff 	sub	sp, sp, #0x10
  4047a8:	f90007e0 	str	x0, [sp, #8]
  4047ac:	f94007e0 	ldr	x0, [sp, #8]
  4047b0:	f9400000 	ldr	x0, [x0]
  4047b4:	910043ff 	add	sp, sp, #0x10
  4047b8:	d65f03c0 	ret

00000000004047bc <_ZNSt24uniform_int_distributionImE5_S_ndImSt23mersenne_twister_engineImLm32ELm624ELm397ELm31ELm2567483615ELm11ELm4294967295ELm7ELm2636928640ELm15ELm4022730752ELm18ELm1812433253EEjEET1_RT0_S4_>:
  4047bc:	a9bd7bfd 	stp	x29, x30, [sp, #-48]!
  4047c0:	910003fd 	mov	x29, sp
  4047c4:	f9000fe0 	str	x0, [sp, #24]
  4047c8:	b90017e1 	str	w1, [sp, #20]
  4047cc:	f9400fe0 	ldr	x0, [sp, #24]
  4047d0:	94000024 	bl	404860 <_ZNSt23mersenne_twister_engineImLm32ELm624ELm397ELm31ELm2567483615ELm11ELm4294967295ELm7ELm2636928640ELm15ELm4022730752ELm18ELm1812433253EEclEv>
  4047d4:	aa0003e1 	mov	x1, x0
  4047d8:	b94017e0 	ldr	w0, [sp, #20]
  4047dc:	9b007c20 	mul	x0, x1, x0
  4047e0:	f90017e0 	str	x0, [sp, #40]
  4047e4:	f94017e0 	ldr	x0, [sp, #40]
  4047e8:	b90027e0 	str	w0, [sp, #36]
  4047ec:	b94027e1 	ldr	w1, [sp, #36]
  4047f0:	b94017e0 	ldr	w0, [sp, #20]
  4047f4:	6b00003f 	cmp	w1, w0
  4047f8:	540002c2 	b.cs	404850 <_ZNSt24uniform_int_distributionImE5_S_ndImSt23mersenne_twister_engineImLm32ELm624ELm397ELm31ELm2567483615ELm11ELm4294967295ELm7ELm2636928640ELm15ELm4022730752ELm18ELm1812433253EEjEET1_RT0_S4_+0x94>  // b.hs, b.nlast
  4047fc:	b94017e0 	ldr	w0, [sp, #20]
  404800:	4b0003e0 	neg	w0, w0
  404804:	b94017e1 	ldr	w1, [sp, #20]
  404808:	1ac10802 	udiv	w2, w0, w1
  40480c:	b94017e1 	ldr	w1, [sp, #20]
  404810:	1b017c41 	mul	w1, w2, w1
  404814:	4b010000 	sub	w0, w0, w1
  404818:	b90023e0 	str	w0, [sp, #32]
  40481c:	14000009 	b	404840 <_ZNSt24uniform_int_distributionImE5_S_ndImSt23mersenne_twister_engineImLm32ELm624ELm397ELm31ELm2567483615ELm11ELm4294967295ELm7ELm2636928640ELm15ELm4022730752ELm18ELm1812433253EEjEET1_RT0_S4_+0x84>
  404820:	f9400fe0 	ldr	x0, [sp, #24]
  404824:	9400000f 	bl	404860 <_ZNSt23mersenne_twister_engineImLm32ELm624ELm397ELm31ELm2567483615ELm11ELm4294967295ELm7ELm2636928640ELm15ELm4022730752ELm18ELm1812433253EEclEv>
  404828:	aa0003e1 	mov	x1, x0
  40482c:	b94017e0 	ldr	w0, [sp, #20]
  404830:	9b007c20 	mul	x0, x1, x0
  404834:	f90017e0 	str	x0, [sp, #40]
  404838:	f94017e0 	ldr	x0, [sp, #40]
  40483c:	b90027e0 	str	w0, [sp, #36]
  404840:	b94027e1 	ldr	w1, [sp, #36]
  404844:	b94023e0 	ldr	w0, [sp, #32]
  404848:	6b00003f 	cmp	w1, w0
  40484c:	54fffea3 	b.cc	404820 <_ZNSt24uniform_int_distributionImE5_S_ndImSt23mersenne_twister_engineImLm32ELm624ELm397ELm31ELm2567483615ELm11ELm4294967295ELm7ELm2636928640ELm15ELm4022730752ELm18ELm1812433253EEjEET1_RT0_S4_+0x64>  // b.lo, b.ul, b.last
  404850:	f94017e0 	ldr	x0, [sp, #40]
  404854:	d360fc00 	lsr	x0, x0, #32
  404858:	a8c37bfd 	ldp	x29, x30, [sp], #48
  40485c:	d65f03c0 	ret

0000000000404860 <_ZNSt23mersenne_twister_engineImLm32ELm624ELm397ELm31ELm2567483615ELm11ELm4294967295ELm7ELm2636928640ELm15ELm4022730752ELm18ELm1812433253EEclEv>:
  404860:	a9bd7bfd 	stp	x29, x30, [sp, #-48]!
  404864:	910003fd 	mov	x29, sp
  404868:	f9000fe0 	str	x0, [sp, #24]
  40486c:	f9400fe0 	ldr	x0, [sp, #24]
  404870:	f949c000 	ldr	x0, [x0, #4992]
  404874:	f109bc1f 	cmp	x0, #0x26f
  404878:	54000069 	b.ls	404884 <_ZNSt23mersenne_twister_engineImLm32ELm624ELm397ELm31ELm2567483615ELm11ELm4294967295ELm7ELm2636928640ELm15ELm4022730752ELm18ELm1812433253EEclEv+0x24>  // b.plast
  40487c:	f9400fe0 	ldr	x0, [sp, #24]
  404880:	940000ad 	bl	404b34 <_ZNSt23mersenne_twister_engineImLm32ELm624ELm397ELm31ELm2567483615ELm11ELm4294967295ELm7ELm2636928640ELm15ELm4022730752ELm18ELm1812433253EE11_M_gen_randEv>
  404884:	f9400fe0 	ldr	x0, [sp, #24]
  404888:	f949c000 	ldr	x0, [x0, #4992]
  40488c:	91000402 	add	x2, x0, #0x1
  404890:	f9400fe1 	ldr	x1, [sp, #24]
  404894:	f909c022 	str	x2, [x1, #4992]
  404898:	f9400fe1 	ldr	x1, [sp, #24]
  40489c:	f8607820 	ldr	x0, [x1, x0, lsl #3]
  4048a0:	f90017e0 	str	x0, [sp, #40]
  4048a4:	f94017e0 	ldr	x0, [sp, #40]
  4048a8:	d34bfc00 	lsr	x0, x0, #11
  4048ac:	92407c00 	and	x0, x0, #0xffffffff
  4048b0:	f94017e1 	ldr	x1, [sp, #40]
  4048b4:	ca000020 	eor	x0, x1, x0
  4048b8:	f90017e0 	str	x0, [sp, #40]
  4048bc:	f94017e0 	ldr	x0, [sp, #40]
  4048c0:	d379e001 	lsl	x1, x0, #7
  4048c4:	d28ad000 	mov	x0, #0x5680                	// #22144
  4048c8:	f2b3a580 	movk	x0, #0x9d2c, lsl #16
  4048cc:	8a000020 	and	x0, x1, x0
  4048d0:	f94017e1 	ldr	x1, [sp, #40]
  4048d4:	ca000020 	eor	x0, x1, x0
  4048d8:	f90017e0 	str	x0, [sp, #40]
  4048dc:	f94017e0 	ldr	x0, [sp, #40]
  4048e0:	d371c001 	lsl	x1, x0, #15
  4048e4:	d2bdf8c0 	mov	x0, #0xefc60000            	// #4022730752
  4048e8:	8a000020 	and	x0, x1, x0
  4048ec:	f94017e1 	ldr	x1, [sp, #40]
  4048f0:	ca000020 	eor	x0, x1, x0
  4048f4:	f90017e0 	str	x0, [sp, #40]
  4048f8:	f94017e0 	ldr	x0, [sp, #40]
  4048fc:	d352fc00 	lsr	x0, x0, #18
  404900:	f94017e1 	ldr	x1, [sp, #40]
  404904:	ca000020 	eor	x0, x1, x0
  404908:	f90017e0 	str	x0, [sp, #40]
  40490c:	f94017e0 	ldr	x0, [sp, #40]
  404910:	a8c37bfd 	ldp	x29, x30, [sp], #48
  404914:	d65f03c0 	ret

0000000000404918 <_ZSt24__uninitialized_fill_n_aIPmmmmET_S1_T0_RKT1_RSaIT2_E>:
  404918:	a9bd7bfd 	stp	x29, x30, [sp, #-48]!
  40491c:	910003fd 	mov	x29, sp
  404920:	f90017e0 	str	x0, [sp, #40]
  404924:	f90013e1 	str	x1, [sp, #32]
  404928:	f9000fe2 	str	x2, [sp, #24]
  40492c:	f9000be3 	str	x3, [sp, #16]
  404930:	f9400fe2 	ldr	x2, [sp, #24]
  404934:	f94013e1 	ldr	x1, [sp, #32]
  404938:	f94017e0 	ldr	x0, [sp, #40]
  40493c:	940000ee 	bl	404cf4 <_ZSt20uninitialized_fill_nIPmmmET_S1_T0_RKT1_>
  404940:	a8c37bfd 	ldp	x29, x30, [sp], #48
  404944:	d65f03c0 	ret

0000000000404948 <_ZNSt16allocator_traitsISaImEE8max_sizeERKS0_>:
  404948:	a9be7bfd 	stp	x29, x30, [sp, #-32]!
  40494c:	910003fd 	mov	x29, sp
  404950:	f9000fe0 	str	x0, [sp, #24]
  404954:	f9400fe0 	ldr	x0, [sp, #24]
  404958:	940000f4 	bl	404d28 <_ZNK9__gnu_cxx13new_allocatorImE8max_sizeEv>
  40495c:	a8c27bfd 	ldp	x29, x30, [sp], #32
  404960:	d65f03c0 	ret

0000000000404964 <_ZN9__gnu_cxx13new_allocatorImEC1ERKS1_>:
  404964:	d10043ff 	sub	sp, sp, #0x10
  404968:	f90007e0 	str	x0, [sp, #8]
  40496c:	f90003e1 	str	x1, [sp]
  404970:	d503201f 	nop
  404974:	910043ff 	add	sp, sp, #0x10
  404978:	d65f03c0 	ret

000000000040497c <_ZNSt12_Vector_baseImSaImEE17_Vector_impl_dataC1Ev>:
  40497c:	d10043ff 	sub	sp, sp, #0x10
  404980:	f90007e0 	str	x0, [sp, #8]
  404984:	f94007e0 	ldr	x0, [sp, #8]
  404988:	f900001f 	str	xzr, [x0]
  40498c:	f94007e0 	ldr	x0, [sp, #8]
  404990:	f900041f 	str	xzr, [x0, #8]
  404994:	f94007e0 	ldr	x0, [sp, #8]
  404998:	f900081f 	str	xzr, [x0, #16]
  40499c:	d503201f 	nop
  4049a0:	910043ff 	add	sp, sp, #0x10
  4049a4:	d65f03c0 	ret

00000000004049a8 <_ZNSt12_Vector_baseImSaImEE11_M_allocateEm>:
  4049a8:	a9be7bfd 	stp	x29, x30, [sp, #-32]!
  4049ac:	910003fd 	mov	x29, sp
  4049b0:	f9000fe0 	str	x0, [sp, #24]
  4049b4:	f9000be1 	str	x1, [sp, #16]
  4049b8:	f9400be0 	ldr	x0, [sp, #16]
  4049bc:	f100001f 	cmp	x0, #0x0
  4049c0:	540000a0 	b.eq	4049d4 <_ZNSt12_Vector_baseImSaImEE11_M_allocateEm+0x2c>  // b.none
  4049c4:	f9400fe0 	ldr	x0, [sp, #24]
  4049c8:	f9400be1 	ldr	x1, [sp, #16]
  4049cc:	940000de 	bl	404d44 <_ZNSt16allocator_traitsISaImEE8allocateERS0_m>
  4049d0:	14000002 	b	4049d8 <_ZNSt12_Vector_baseImSaImEE11_M_allocateEm+0x30>
  4049d4:	d2800000 	mov	x0, #0x0                   	// #0
  4049d8:	a8c27bfd 	ldp	x29, x30, [sp], #32
  4049dc:	d65f03c0 	ret

00000000004049e0 <_ZNSt16allocator_traitsISaImEE10deallocateERS0_Pmm>:
  4049e0:	a9bd7bfd 	stp	x29, x30, [sp, #-48]!
  4049e4:	910003fd 	mov	x29, sp
  4049e8:	f90017e0 	str	x0, [sp, #40]
  4049ec:	f90013e1 	str	x1, [sp, #32]
  4049f0:	f9000fe2 	str	x2, [sp, #24]
  4049f4:	f9400fe2 	ldr	x2, [sp, #24]
  4049f8:	f94013e1 	ldr	x1, [sp, #32]
  4049fc:	f94017e0 	ldr	x0, [sp, #40]
  404a00:	940000db 	bl	404d6c <_ZN9__gnu_cxx13new_allocatorImE10deallocateEPmm>
  404a04:	d503201f 	nop
  404a08:	a8c37bfd 	ldp	x29, x30, [sp], #48
  404a0c:	d65f03c0 	ret

0000000000404a10 <_ZSt25__uninitialized_default_nIPmmET_S1_T0_>:
  404a10:	a9bd7bfd 	stp	x29, x30, [sp, #-48]!
  404a14:	910003fd 	mov	x29, sp
  404a18:	f9000fe0 	str	x0, [sp, #24]
  404a1c:	f9000be1 	str	x1, [sp, #16]
  404a20:	52800020 	mov	w0, #0x1                   	// #1
  404a24:	3900bfe0 	strb	w0, [sp, #47]
  404a28:	f9400be1 	ldr	x1, [sp, #16]
  404a2c:	f9400fe0 	ldr	x0, [sp, #24]
  404a30:	940000de 	bl	404da8 <_ZNSt27__uninitialized_default_n_1ILb1EE18__uninit_default_nIPmmEET_S3_T0_>
  404a34:	a8c37bfd 	ldp	x29, x30, [sp], #48
  404a38:	d65f03c0 	ret

0000000000404a3c <_ZNSt12_Destroy_auxILb1EE9__destroyIPmEEvT_S3_>:
  404a3c:	d10043ff 	sub	sp, sp, #0x10
  404a40:	f90007e0 	str	x0, [sp, #8]
  404a44:	f90003e1 	str	x1, [sp]
  404a48:	d503201f 	nop
  404a4c:	910043ff 	add	sp, sp, #0x10
  404a50:	d65f03c0 	ret

0000000000404a54 <_ZNSt8__detail4_ModImLm4294967296ELm1ELm0ELb1ELb1EE6__calcEm>:
  404a54:	d10083ff 	sub	sp, sp, #0x20
  404a58:	f90007e0 	str	x0, [sp, #8]
  404a5c:	f94007e0 	ldr	x0, [sp, #8]
  404a60:	f9000fe0 	str	x0, [sp, #24]
  404a64:	f9400fe0 	ldr	x0, [sp, #24]
  404a68:	92407c00 	and	x0, x0, #0xffffffff
  404a6c:	f9000fe0 	str	x0, [sp, #24]
  404a70:	f9400fe0 	ldr	x0, [sp, #24]
  404a74:	910083ff 	add	sp, sp, #0x20
  404a78:	d65f03c0 	ret

0000000000404a7c <_ZNSt8__detail4_ModImLm624ELm1ELm0ELb1ELb1EE6__calcEm>:
  404a7c:	d10083ff 	sub	sp, sp, #0x20
  404a80:	f90007e0 	str	x0, [sp, #8]
  404a84:	f94007e0 	ldr	x0, [sp, #8]
  404a88:	f9000fe0 	str	x0, [sp, #24]
  404a8c:	f9400fe2 	ldr	x2, [sp, #24]
  404a90:	d344fc41 	lsr	x1, x2, #4
  404a94:	d281a420 	mov	x0, #0xd21                 	// #3361
  404a98:	f2a41a40 	movk	x0, #0x20d2, lsl #16
  404a9c:	f2da41a0 	movk	x0, #0xd20d, lsl #32
  404aa0:	f2e1a400 	movk	x0, #0xd20, lsl #48
  404aa4:	9bc07c20 	umulh	x0, x1, x0
  404aa8:	d341fc01 	lsr	x1, x0, #1
  404aac:	aa0103e0 	mov	x0, x1
  404ab0:	d37ef400 	lsl	x0, x0, #2
  404ab4:	8b010000 	add	x0, x0, x1
  404ab8:	d37df000 	lsl	x0, x0, #3
  404abc:	cb010000 	sub	x0, x0, x1
  404ac0:	d37cec00 	lsl	x0, x0, #4
  404ac4:	cb000040 	sub	x0, x2, x0
  404ac8:	f9000fe0 	str	x0, [sp, #24]
  404acc:	f9400fe0 	ldr	x0, [sp, #24]
  404ad0:	910083ff 	add	sp, sp, #0x20
  404ad4:	d65f03c0 	ret

0000000000404ad8 <_ZSt7forwardImEOT_RNSt16remove_referenceIS0_E4typeE>:
  404ad8:	d10043ff 	sub	sp, sp, #0x10
  404adc:	f90007e0 	str	x0, [sp, #8]
  404ae0:	f94007e0 	ldr	x0, [sp, #8]
  404ae4:	910043ff 	add	sp, sp, #0x10
  404ae8:	d65f03c0 	ret

0000000000404aec <_ZNSt4pairImmEC1ImmLb1EEEOT_OT0_>:
  404aec:	a9bd7bfd 	stp	x29, x30, [sp, #-48]!
  404af0:	910003fd 	mov	x29, sp
  404af4:	f90017e0 	str	x0, [sp, #40]
  404af8:	f90013e1 	str	x1, [sp, #32]
  404afc:	f9000fe2 	str	x2, [sp, #24]
  404b00:	f94013e0 	ldr	x0, [sp, #32]
  404b04:	97fffff5 	bl	404ad8 <_ZSt7forwardImEOT_RNSt16remove_referenceIS0_E4typeE>
  404b08:	f9400001 	ldr	x1, [x0]
  404b0c:	f94017e0 	ldr	x0, [sp, #40]
  404b10:	f9000001 	str	x1, [x0]
  404b14:	f9400fe0 	ldr	x0, [sp, #24]
  404b18:	97fffff0 	bl	404ad8 <_ZSt7forwardImEOT_RNSt16remove_referenceIS0_E4typeE>
  404b1c:	f9400001 	ldr	x1, [x0]
  404b20:	f94017e0 	ldr	x0, [sp, #40]
  404b24:	f9000401 	str	x1, [x0, #8]
  404b28:	d503201f 	nop
  404b2c:	a8c37bfd 	ldp	x29, x30, [sp], #48
  404b30:	d65f03c0 	ret

0000000000404b34 <_ZNSt23mersenne_twister_engineImLm32ELm624ELm397ELm31ELm2567483615ELm11ELm4294967295ELm7ELm2636928640ELm15ELm4022730752ELm18ELm1812433253EE11_M_gen_randEv>:
  404b34:	d10143ff 	sub	sp, sp, #0x50
  404b38:	f90007e0 	str	x0, [sp, #8]
  404b3c:	b26183e0 	mov	x0, #0xffffffff80000000    	// #-2147483648
  404b40:	f9001fe0 	str	x0, [sp, #56]
  404b44:	b2407be0 	mov	x0, #0x7fffffff            	// #2147483647
  404b48:	f9001be0 	str	x0, [sp, #48]
  404b4c:	f90027ff 	str	xzr, [sp, #72]
  404b50:	14000022 	b	404bd8 <_ZNSt23mersenne_twister_engineImLm32ELm624ELm397ELm31ELm2567483615ELm11ELm4294967295ELm7ELm2636928640ELm15ELm4022730752ELm18ELm1812433253EE11_M_gen_randEv+0xa4>
  404b54:	f94007e0 	ldr	x0, [sp, #8]
  404b58:	f94027e1 	ldr	x1, [sp, #72]
  404b5c:	f8617800 	ldr	x0, [x0, x1, lsl #3]
  404b60:	92618001 	and	x1, x0, #0xffffffff80000000
  404b64:	f94027e0 	ldr	x0, [sp, #72]
  404b68:	91000402 	add	x2, x0, #0x1
  404b6c:	f94007e0 	ldr	x0, [sp, #8]
  404b70:	f8627800 	ldr	x0, [x0, x2, lsl #3]
  404b74:	92407800 	and	x0, x0, #0x7fffffff
  404b78:	aa000020 	orr	x0, x1, x0
  404b7c:	f9000fe0 	str	x0, [sp, #24]
  404b80:	f94027e0 	ldr	x0, [sp, #72]
  404b84:	91063401 	add	x1, x0, #0x18d
  404b88:	f94007e0 	ldr	x0, [sp, #8]
  404b8c:	f8617801 	ldr	x1, [x0, x1, lsl #3]
  404b90:	f9400fe0 	ldr	x0, [sp, #24]
  404b94:	d341fc00 	lsr	x0, x0, #1
  404b98:	ca000021 	eor	x1, x1, x0
  404b9c:	f9400fe0 	ldr	x0, [sp, #24]
  404ba0:	92400000 	and	x0, x0, #0x1
  404ba4:	f100001f 	cmp	x0, #0x0
  404ba8:	54000080 	b.eq	404bb8 <_ZNSt23mersenne_twister_engineImLm32ELm624ELm397ELm31ELm2567483615ELm11ELm4294967295ELm7ELm2636928640ELm15ELm4022730752ELm18ELm1812433253EE11_M_gen_randEv+0x84>  // b.none
  404bac:	d2961be0 	mov	x0, #0xb0df                	// #45279
  404bb0:	f2b32100 	movk	x0, #0x9908, lsl #16
  404bb4:	14000002 	b	404bbc <_ZNSt23mersenne_twister_engineImLm32ELm624ELm397ELm31ELm2567483615ELm11ELm4294967295ELm7ELm2636928640ELm15ELm4022730752ELm18ELm1812433253EE11_M_gen_randEv+0x88>
  404bb8:	d2800000 	mov	x0, #0x0                   	// #0
  404bbc:	ca010002 	eor	x2, x0, x1
  404bc0:	f94007e0 	ldr	x0, [sp, #8]
  404bc4:	f94027e1 	ldr	x1, [sp, #72]
  404bc8:	f8217802 	str	x2, [x0, x1, lsl #3]
  404bcc:	f94027e0 	ldr	x0, [sp, #72]
  404bd0:	91000400 	add	x0, x0, #0x1
  404bd4:	f90027e0 	str	x0, [sp, #72]
  404bd8:	f94027e0 	ldr	x0, [sp, #72]
  404bdc:	f103881f 	cmp	x0, #0xe2
  404be0:	54fffba9 	b.ls	404b54 <_ZNSt23mersenne_twister_engineImLm32ELm624ELm397ELm31ELm2567483615ELm11ELm4294967295ELm7ELm2636928640ELm15ELm4022730752ELm18ELm1812433253EE11_M_gen_randEv+0x20>  // b.plast
  404be4:	d2801c60 	mov	x0, #0xe3                  	// #227
  404be8:	f90023e0 	str	x0, [sp, #64]
  404bec:	14000022 	b	404c74 <_ZNSt23mersenne_twister_engineImLm32ELm624ELm397ELm31ELm2567483615ELm11ELm4294967295ELm7ELm2636928640ELm15ELm4022730752ELm18ELm1812433253EE11_M_gen_randEv+0x140>
  404bf0:	f94007e0 	ldr	x0, [sp, #8]
  404bf4:	f94023e1 	ldr	x1, [sp, #64]
  404bf8:	f8617800 	ldr	x0, [x0, x1, lsl #3]
  404bfc:	92618001 	and	x1, x0, #0xffffffff80000000
  404c00:	f94023e0 	ldr	x0, [sp, #64]
  404c04:	91000402 	add	x2, x0, #0x1
  404c08:	f94007e0 	ldr	x0, [sp, #8]
  404c0c:	f8627800 	ldr	x0, [x0, x2, lsl #3]
  404c10:	92407800 	and	x0, x0, #0x7fffffff
  404c14:	aa000020 	orr	x0, x1, x0
  404c18:	f90013e0 	str	x0, [sp, #32]
  404c1c:	f94023e0 	ldr	x0, [sp, #64]
  404c20:	d1038c01 	sub	x1, x0, #0xe3
  404c24:	f94007e0 	ldr	x0, [sp, #8]
  404c28:	f8617801 	ldr	x1, [x0, x1, lsl #3]
  404c2c:	f94013e0 	ldr	x0, [sp, #32]
  404c30:	d341fc00 	lsr	x0, x0, #1
  404c34:	ca000021 	eor	x1, x1, x0
  404c38:	f94013e0 	ldr	x0, [sp, #32]
  404c3c:	92400000 	and	x0, x0, #0x1
  404c40:	f100001f 	cmp	x0, #0x0
  404c44:	54000080 	b.eq	404c54 <_ZNSt23mersenne_twister_engineImLm32ELm624ELm397ELm31ELm2567483615ELm11ELm4294967295ELm7ELm2636928640ELm15ELm4022730752ELm18ELm1812433253EE11_M_gen_randEv+0x120>  // b.none
  404c48:	d2961be0 	mov	x0, #0xb0df                	// #45279
  404c4c:	f2b32100 	movk	x0, #0x9908, lsl #16
  404c50:	14000002 	b	404c58 <_ZNSt23mersenne_twister_engineImLm32ELm624ELm397ELm31ELm2567483615ELm11ELm4294967295ELm7ELm2636928640ELm15ELm4022730752ELm18ELm1812433253EE11_M_gen_randEv+0x124>
  404c54:	d2800000 	mov	x0, #0x0                   	// #0
  404c58:	ca010002 	eor	x2, x0, x1
  404c5c:	f94007e0 	ldr	x0, [sp, #8]
  404c60:	f94023e1 	ldr	x1, [sp, #64]
  404c64:	f8217802 	str	x2, [x0, x1, lsl #3]
  404c68:	f94023e0 	ldr	x0, [sp, #64]
  404c6c:	91000400 	add	x0, x0, #0x1
  404c70:	f90023e0 	str	x0, [sp, #64]
  404c74:	f94023e0 	ldr	x0, [sp, #64]
  404c78:	f109b81f 	cmp	x0, #0x26e
  404c7c:	54fffba9 	b.ls	404bf0 <_ZNSt23mersenne_twister_engineImLm32ELm624ELm397ELm31ELm2567483615ELm11ELm4294967295ELm7ELm2636928640ELm15ELm4022730752ELm18ELm1812433253EE11_M_gen_randEv+0xbc>  // b.plast
  404c80:	f94007e0 	ldr	x0, [sp, #8]
  404c84:	f949bc00 	ldr	x0, [x0, #4984]
  404c88:	92618001 	and	x1, x0, #0xffffffff80000000
  404c8c:	f94007e0 	ldr	x0, [sp, #8]
  404c90:	f9400000 	ldr	x0, [x0]
  404c94:	92407800 	and	x0, x0, #0x7fffffff
  404c98:	aa000020 	orr	x0, x1, x0
  404c9c:	f90017e0 	str	x0, [sp, #40]
  404ca0:	f94007e0 	ldr	x0, [sp, #8]
  404ca4:	f9463001 	ldr	x1, [x0, #3168]
  404ca8:	f94017e0 	ldr	x0, [sp, #40]
  404cac:	d341fc00 	lsr	x0, x0, #1
  404cb0:	ca000021 	eor	x1, x1, x0
  404cb4:	f94017e0 	ldr	x0, [sp, #40]
  404cb8:	92400000 	and	x0, x0, #0x1
  404cbc:	f100001f 	cmp	x0, #0x0
  404cc0:	54000080 	b.eq	404cd0 <_ZNSt23mersenne_twister_engineImLm32ELm624ELm397ELm31ELm2567483615ELm11ELm4294967295ELm7ELm2636928640ELm15ELm4022730752ELm18ELm1812433253EE11_M_gen_randEv+0x19c>  // b.none
  404cc4:	d2961be0 	mov	x0, #0xb0df                	// #45279
  404cc8:	f2b32100 	movk	x0, #0x9908, lsl #16
  404ccc:	14000002 	b	404cd4 <_ZNSt23mersenne_twister_engineImLm32ELm624ELm397ELm31ELm2567483615ELm11ELm4294967295ELm7ELm2636928640ELm15ELm4022730752ELm18ELm1812433253EE11_M_gen_randEv+0x1a0>
  404cd0:	d2800000 	mov	x0, #0x0                   	// #0
  404cd4:	ca010001 	eor	x1, x0, x1
  404cd8:	f94007e0 	ldr	x0, [sp, #8]
  404cdc:	f909bc01 	str	x1, [x0, #4984]
  404ce0:	f94007e0 	ldr	x0, [sp, #8]
  404ce4:	f909c01f 	str	xzr, [x0, #4992]
  404ce8:	d503201f 	nop
  404cec:	910143ff 	add	sp, sp, #0x50
  404cf0:	d65f03c0 	ret

0000000000404cf4 <_ZSt20uninitialized_fill_nIPmmmET_S1_T0_RKT1_>:
  404cf4:	a9bc7bfd 	stp	x29, x30, [sp, #-64]!
  404cf8:	910003fd 	mov	x29, sp
  404cfc:	f90017e0 	str	x0, [sp, #40]
  404d00:	f90013e1 	str	x1, [sp, #32]
  404d04:	f9000fe2 	str	x2, [sp, #24]
  404d08:	52800020 	mov	w0, #0x1                   	// #1
  404d0c:	3900ffe0 	strb	w0, [sp, #63]
  404d10:	f9400fe2 	ldr	x2, [sp, #24]
  404d14:	f94013e1 	ldr	x1, [sp, #32]
  404d18:	f94017e0 	ldr	x0, [sp, #40]
  404d1c:	9400003c 	bl	404e0c <_ZNSt22__uninitialized_fill_nILb1EE15__uninit_fill_nIPmmmEET_S3_T0_RKT1_>
  404d20:	a8c47bfd 	ldp	x29, x30, [sp], #64
  404d24:	d65f03c0 	ret

0000000000404d28 <_ZNK9__gnu_cxx13new_allocatorImE8max_sizeEv>:
  404d28:	a9be7bfd 	stp	x29, x30, [sp, #-32]!
  404d2c:	910003fd 	mov	x29, sp
  404d30:	f9000fe0 	str	x0, [sp, #24]
  404d34:	f9400fe0 	ldr	x0, [sp, #24]
  404d38:	94000040 	bl	404e38 <_ZNK9__gnu_cxx13new_allocatorImE11_M_max_sizeEv>
  404d3c:	a8c27bfd 	ldp	x29, x30, [sp], #32
  404d40:	d65f03c0 	ret

0000000000404d44 <_ZNSt16allocator_traitsISaImEE8allocateERS0_m>:
  404d44:	a9be7bfd 	stp	x29, x30, [sp, #-32]!
  404d48:	910003fd 	mov	x29, sp
  404d4c:	f9000fe0 	str	x0, [sp, #24]
  404d50:	f9000be1 	str	x1, [sp, #16]
  404d54:	d2800002 	mov	x2, #0x0                   	// #0
  404d58:	f9400be1 	ldr	x1, [sp, #16]
  404d5c:	f9400fe0 	ldr	x0, [sp, #24]
  404d60:	9400003b 	bl	404e4c <_ZN9__gnu_cxx13new_allocatorImE8allocateEmPKv>
  404d64:	a8c27bfd 	ldp	x29, x30, [sp], #32
  404d68:	d65f03c0 	ret

0000000000404d6c <_ZN9__gnu_cxx13new_allocatorImE10deallocateEPmm>:
  404d6c:	a9bd7bfd 	stp	x29, x30, [sp, #-48]!
  404d70:	910003fd 	mov	x29, sp
  404d74:	f90017e0 	str	x0, [sp, #40]
  404d78:	f90013e1 	str	x1, [sp, #32]
  404d7c:	f9000fe2 	str	x2, [sp, #24]
  404d80:	f94013e0 	ldr	x0, [sp, #32]
  404d84:	97fff1a3 	bl	401410 <_ZdlPv@plt>
  404d88:	d503201f 	nop
  404d8c:	a8c37bfd 	ldp	x29, x30, [sp], #48
  404d90:	d65f03c0 	ret

0000000000404d94 <_ZSt11__addressofImEPT_RS0_>:
  404d94:	d10043ff 	sub	sp, sp, #0x10
  404d98:	f90007e0 	str	x0, [sp, #8]
  404d9c:	f94007e0 	ldr	x0, [sp, #8]
  404da0:	910043ff 	add	sp, sp, #0x10
  404da4:	d65f03c0 	ret

0000000000404da8 <_ZNSt27__uninitialized_default_n_1ILb1EE18__uninit_default_nIPmmEET_S3_T0_>:
  404da8:	a9bd7bfd 	stp	x29, x30, [sp, #-48]!
  404dac:	910003fd 	mov	x29, sp
  404db0:	f9000fe0 	str	x0, [sp, #24]
  404db4:	f9000be1 	str	x1, [sp, #16]
  404db8:	f9400be0 	ldr	x0, [sp, #16]
  404dbc:	f100001f 	cmp	x0, #0x0
  404dc0:	54000200 	b.eq	404e00 <_ZNSt27__uninitialized_default_n_1ILb1EE18__uninit_default_nIPmmEET_S3_T0_+0x58>  // b.none
  404dc4:	f9400fe0 	ldr	x0, [sp, #24]
  404dc8:	97fffff3 	bl	404d94 <_ZSt11__addressofImEPT_RS0_>
  404dcc:	f90017e0 	str	x0, [sp, #40]
  404dd0:	f94017e0 	ldr	x0, [sp, #40]
  404dd4:	9400003b 	bl	404ec0 <_ZSt10_ConstructImJEEvPT_DpOT0_>
  404dd8:	f9400fe0 	ldr	x0, [sp, #24]
  404ddc:	91002000 	add	x0, x0, #0x8
  404de0:	f9000fe0 	str	x0, [sp, #24]
  404de4:	f9400be0 	ldr	x0, [sp, #16]
  404de8:	d1000400 	sub	x0, x0, #0x1
  404dec:	f94017e2 	ldr	x2, [sp, #40]
  404df0:	aa0003e1 	mov	x1, x0
  404df4:	f9400fe0 	ldr	x0, [sp, #24]
  404df8:	9400003d 	bl	404eec <_ZSt6fill_nIPmmmET_S1_T0_RKT1_>
  404dfc:	f9000fe0 	str	x0, [sp, #24]
  404e00:	f9400fe0 	ldr	x0, [sp, #24]
  404e04:	a8c37bfd 	ldp	x29, x30, [sp], #48
  404e08:	d65f03c0 	ret

0000000000404e0c <_ZNSt22__uninitialized_fill_nILb1EE15__uninit_fill_nIPmmmEET_S3_T0_RKT1_>:
  404e0c:	a9bd7bfd 	stp	x29, x30, [sp, #-48]!
  404e10:	910003fd 	mov	x29, sp
  404e14:	f90017e0 	str	x0, [sp, #40]
  404e18:	f90013e1 	str	x1, [sp, #32]
  404e1c:	f9000fe2 	str	x2, [sp, #24]
  404e20:	f9400fe2 	ldr	x2, [sp, #24]
  404e24:	f94013e1 	ldr	x1, [sp, #32]
  404e28:	f94017e0 	ldr	x0, [sp, #40]
  404e2c:	94000030 	bl	404eec <_ZSt6fill_nIPmmmET_S1_T0_RKT1_>
  404e30:	a8c37bfd 	ldp	x29, x30, [sp], #48
  404e34:	d65f03c0 	ret

0000000000404e38 <_ZNK9__gnu_cxx13new_allocatorImE11_M_max_sizeEv>:
  404e38:	d10043ff 	sub	sp, sp, #0x10
  404e3c:	f90007e0 	str	x0, [sp, #8]
  404e40:	92fe0000 	mov	x0, #0xfffffffffffffff     	// #1152921504606846975
  404e44:	910043ff 	add	sp, sp, #0x10
  404e48:	d65f03c0 	ret

0000000000404e4c <_ZN9__gnu_cxx13new_allocatorImE8allocateEmPKv>:
  404e4c:	a9bd7bfd 	stp	x29, x30, [sp, #-48]!
  404e50:	910003fd 	mov	x29, sp
  404e54:	f90017e0 	str	x0, [sp, #40]
  404e58:	f90013e1 	str	x1, [sp, #32]
  404e5c:	f9000fe2 	str	x2, [sp, #24]
  404e60:	f94017e0 	ldr	x0, [sp, #40]
  404e64:	97fffff5 	bl	404e38 <_ZNK9__gnu_cxx13new_allocatorImE11_M_max_sizeEv>
  404e68:	aa0003e1 	mov	x1, x0
  404e6c:	f94013e0 	ldr	x0, [sp, #32]
  404e70:	eb01001f 	cmp	x0, x1
  404e74:	1a9f97e0 	cset	w0, hi  // hi = pmore
  404e78:	12001c00 	and	w0, w0, #0xff
  404e7c:	92401c00 	and	x0, x0, #0xff
  404e80:	f100001f 	cmp	x0, #0x0
  404e84:	1a9f07e0 	cset	w0, ne  // ne = any
  404e88:	12001c00 	and	w0, w0, #0xff
  404e8c:	7100001f 	cmp	w0, #0x0
  404e90:	540000e0 	b.eq	404eac <_ZN9__gnu_cxx13new_allocatorImE8allocateEmPKv+0x60>  // b.none
  404e94:	f94013e1 	ldr	x1, [sp, #32]
  404e98:	92fc0000 	mov	x0, #0x1fffffffffffffff    	// #2305843009213693951
  404e9c:	eb00003f 	cmp	x1, x0
  404ea0:	54000049 	b.ls	404ea8 <_ZN9__gnu_cxx13new_allocatorImE8allocateEmPKv+0x5c>  // b.plast
  404ea4:	97fff14b 	bl	4013d0 <_ZSt28__throw_bad_array_new_lengthv@plt>
  404ea8:	97fff11a 	bl	401310 <_ZSt17__throw_bad_allocv@plt>
  404eac:	f94013e0 	ldr	x0, [sp, #32]
  404eb0:	d37df000 	lsl	x0, x0, #3
  404eb4:	97fff15f 	bl	401430 <_Znwm@plt>
  404eb8:	a8c37bfd 	ldp	x29, x30, [sp], #48
  404ebc:	d65f03c0 	ret

0000000000404ec0 <_ZSt10_ConstructImJEEvPT_DpOT0_>:
  404ec0:	a9be7bfd 	stp	x29, x30, [sp, #-32]!
  404ec4:	910003fd 	mov	x29, sp
  404ec8:	f9000fe0 	str	x0, [sp, #24]
  404ecc:	f9400fe0 	ldr	x0, [sp, #24]
  404ed0:	aa0003e1 	mov	x1, x0
  404ed4:	d2800100 	mov	x0, #0x8                   	// #8
  404ed8:	97fff9ee 	bl	403690 <_ZnwmPv>
  404edc:	f900001f 	str	xzr, [x0]
  404ee0:	d503201f 	nop
  404ee4:	a8c27bfd 	ldp	x29, x30, [sp], #32
  404ee8:	d65f03c0 	ret

0000000000404eec <_ZSt6fill_nIPmmmET_S1_T0_RKT1_>:
  404eec:	a9bb7bfd 	stp	x29, x30, [sp, #-80]!
  404ef0:	910003fd 	mov	x29, sp
  404ef4:	a90153f3 	stp	x19, x20, [sp, #16]
  404ef8:	f90013f5 	str	x21, [sp, #32]
  404efc:	f90027e0 	str	x0, [sp, #72]
  404f00:	f90023e1 	str	x1, [sp, #64]
  404f04:	f9001fe2 	str	x2, [sp, #56]
  404f08:	f94027f3 	ldr	x19, [sp, #72]
  404f0c:	f94023e0 	ldr	x0, [sp, #64]
  404f10:	97fff9e6 	bl	4036a8 <_ZSt17__size_to_integerm>
  404f14:	aa0003f4 	mov	x20, x0
  404f18:	910123e0 	add	x0, sp, #0x48
  404f1c:	9400000a 	bl	404f44 <_ZSt19__iterator_categoryIPmENSt15iterator_traitsIT_E17iterator_categoryERKS2_>
  404f20:	2a1503e3 	mov	w3, w21
  404f24:	f9401fe2 	ldr	x2, [sp, #56]
  404f28:	aa1403e1 	mov	x1, x20
  404f2c:	aa1303e0 	mov	x0, x19
  404f30:	9400000b 	bl	404f5c <_ZSt10__fill_n_aIPmmmET_S1_T0_RKT1_St26random_access_iterator_tag>
  404f34:	a94153f3 	ldp	x19, x20, [sp, #16]
  404f38:	f94013f5 	ldr	x21, [sp, #32]
  404f3c:	a8c57bfd 	ldp	x29, x30, [sp], #80
  404f40:	d65f03c0 	ret

0000000000404f44 <_ZSt19__iterator_categoryIPmENSt15iterator_traitsIT_E17iterator_categoryERKS2_>:
  404f44:	d10043ff 	sub	sp, sp, #0x10
  404f48:	f90007e0 	str	x0, [sp, #8]
  404f4c:	d503201f 	nop
  404f50:	2a0103e0 	mov	w0, w1
  404f54:	910043ff 	add	sp, sp, #0x10
  404f58:	d65f03c0 	ret

0000000000404f5c <_ZSt10__fill_n_aIPmmmET_S1_T0_RKT1_St26random_access_iterator_tag>:
  404f5c:	a9bd7bfd 	stp	x29, x30, [sp, #-48]!
  404f60:	910003fd 	mov	x29, sp
  404f64:	f90017e0 	str	x0, [sp, #40]
  404f68:	f90013e1 	str	x1, [sp, #32]
  404f6c:	f9000fe2 	str	x2, [sp, #24]
  404f70:	390043e3 	strb	w3, [sp, #16]
  404f74:	f94013e0 	ldr	x0, [sp, #32]
  404f78:	f100001f 	cmp	x0, #0x0
  404f7c:	54000061 	b.ne	404f88 <_ZSt10__fill_n_aIPmmmET_S1_T0_RKT1_St26random_access_iterator_tag+0x2c>  // b.any
  404f80:	f94017e0 	ldr	x0, [sp, #40]
  404f84:	1400000d 	b	404fb8 <_ZSt10__fill_n_aIPmmmET_S1_T0_RKT1_St26random_access_iterator_tag+0x5c>
  404f88:	f94013e0 	ldr	x0, [sp, #32]
  404f8c:	d37df000 	lsl	x0, x0, #3
  404f90:	f94017e1 	ldr	x1, [sp, #40]
  404f94:	8b000020 	add	x0, x1, x0
  404f98:	f9400fe2 	ldr	x2, [sp, #24]
  404f9c:	aa0003e1 	mov	x1, x0
  404fa0:	f94017e0 	ldr	x0, [sp, #40]
  404fa4:	94000007 	bl	404fc0 <_ZSt8__fill_aIPmmEvT_S1_RKT0_>
  404fa8:	f94013e0 	ldr	x0, [sp, #32]
  404fac:	d37df000 	lsl	x0, x0, #3
  404fb0:	f94017e1 	ldr	x1, [sp, #40]
  404fb4:	8b000020 	add	x0, x1, x0
  404fb8:	a8c37bfd 	ldp	x29, x30, [sp], #48
  404fbc:	d65f03c0 	ret

0000000000404fc0 <_ZSt8__fill_aIPmmEvT_S1_RKT0_>:
  404fc0:	a9bd7bfd 	stp	x29, x30, [sp, #-48]!
  404fc4:	910003fd 	mov	x29, sp
  404fc8:	f90017e0 	str	x0, [sp, #40]
  404fcc:	f90013e1 	str	x1, [sp, #32]
  404fd0:	f9000fe2 	str	x2, [sp, #24]
  404fd4:	f9400fe2 	ldr	x2, [sp, #24]
  404fd8:	f94013e1 	ldr	x1, [sp, #32]
  404fdc:	f94017e0 	ldr	x0, [sp, #40]
  404fe0:	94000004 	bl	404ff0 <_ZSt9__fill_a1IPmmEN9__gnu_cxx11__enable_ifIXsrSt11__is_scalarIT0_E7__valueEvE6__typeET_S8_RKS4_>
  404fe4:	d503201f 	nop
  404fe8:	a8c37bfd 	ldp	x29, x30, [sp], #48
  404fec:	d65f03c0 	ret

0000000000404ff0 <_ZSt9__fill_a1IPmmEN9__gnu_cxx11__enable_ifIXsrSt11__is_scalarIT0_E7__valueEvE6__typeET_S8_RKS4_>:
  404ff0:	d100c3ff 	sub	sp, sp, #0x30
  404ff4:	f9000fe0 	str	x0, [sp, #24]
  404ff8:	f9000be1 	str	x1, [sp, #16]
  404ffc:	f90007e2 	str	x2, [sp, #8]
  405000:	f94007e0 	ldr	x0, [sp, #8]
  405004:	f9400000 	ldr	x0, [x0]
  405008:	f90017e0 	str	x0, [sp, #40]
  40500c:	14000007 	b	405028 <_ZSt9__fill_a1IPmmEN9__gnu_cxx11__enable_ifIXsrSt11__is_scalarIT0_E7__valueEvE6__typeET_S8_RKS4_+0x38>
  405010:	f9400fe0 	ldr	x0, [sp, #24]
  405014:	f94017e1 	ldr	x1, [sp, #40]
  405018:	f9000001 	str	x1, [x0]
  40501c:	f9400fe0 	ldr	x0, [sp, #24]
  405020:	91002000 	add	x0, x0, #0x8
  405024:	f9000fe0 	str	x0, [sp, #24]
  405028:	f9400fe1 	ldr	x1, [sp, #24]
  40502c:	f9400be0 	ldr	x0, [sp, #16]
  405030:	eb00003f 	cmp	x1, x0
  405034:	54fffee1 	b.ne	405010 <_ZSt9__fill_a1IPmmEN9__gnu_cxx11__enable_ifIXsrSt11__is_scalarIT0_E7__valueEvE6__typeET_S8_RKS4_+0x20>  // b.any
  405038:	d503201f 	nop
  40503c:	d503201f 	nop
  405040:	9100c3ff 	add	sp, sp, #0x30
  405044:	d65f03c0 	ret

Disassembly of section .fini:

0000000000405048 <_fini>:
  405048:	d503201f 	nop
  40504c:	a9bf7bfd 	stp	x29, x30, [sp, #-16]!
  405050:	910003fd 	mov	x29, sp
  405054:	a8c17bfd 	ldp	x29, x30, [sp], #16
  405058:	d65f03c0 	ret
