
build/sunbird/associativity_pmu:     file format elf64-x86-64


Disassembly of section .init:

0000000000402000 <_init>:
  402000:	f3 0f 1e fa          	endbr64 
  402004:	48 83 ec 08          	sub    rsp,0x8
  402008:	48 8b 05 e1 cf 00 00 	mov    rax,QWORD PTR [rip+0xcfe1]        # 40eff0 <__gmon_start__>
  40200f:	48 85 c0             	test   rax,rax
  402012:	74 02                	je     402016 <_init+0x16>
  402014:	ff d0                	call   rax
  402016:	48 83 c4 08          	add    rsp,0x8
  40201a:	c3                   	ret    

Disassembly of section .plt:

0000000000402020 <.plt>:
  402020:	ff 35 e2 cf 00 00    	push   QWORD PTR [rip+0xcfe2]        # 40f008 <_GLOBAL_OFFSET_TABLE_+0x8>
  402026:	ff 25 e4 cf 00 00    	jmp    QWORD PTR [rip+0xcfe4]        # 40f010 <_GLOBAL_OFFSET_TABLE_+0x10>
  40202c:	0f 1f 40 00          	nop    DWORD PTR [rax+0x0]

0000000000402030 <_ZNSt7__cxx1112basic_stringIcSt11char_traitsIcESaIcEEaSERKS4_@plt>:
  402030:	ff 25 e2 cf 00 00    	jmp    QWORD PTR [rip+0xcfe2]        # 40f018 <_ZNSt7__cxx1112basic_stringIcSt11char_traitsIcESaIcEEaSERKS4_@GLIBCXX_3.4.21>
  402036:	68 00 00 00 00       	push   0x0
  40203b:	e9 e0 ff ff ff       	jmp    402020 <.plt>

0000000000402040 <__errno_location@plt>:
  402040:	ff 25 da cf 00 00    	jmp    QWORD PTR [rip+0xcfda]        # 40f020 <__errno_location@GLIBC_2.2.5>
  402046:	68 01 00 00 00       	push   0x1
  40204b:	e9 d0 ff ff ff       	jmp    402020 <.plt>

0000000000402050 <syscall@plt>:
  402050:	ff 25 d2 cf 00 00    	jmp    QWORD PTR [rip+0xcfd2]        # 40f028 <syscall@GLIBC_2.2.5>
  402056:	68 02 00 00 00       	push   0x2
  40205b:	e9 c0 ff ff ff       	jmp    402020 <.plt>

0000000000402060 <_ZNSolsEm@plt>:
  402060:	ff 25 ca cf 00 00    	jmp    QWORD PTR [rip+0xcfca]        # 40f030 <_ZNSolsEm@GLIBCXX_3.4>
  402066:	68 03 00 00 00       	push   0x3
  40206b:	e9 b0 ff ff ff       	jmp    402020 <.plt>

0000000000402070 <_ZNKSt7__cxx1112basic_stringIcSt11char_traitsIcESaIcEE7compareEPKc@plt>:
  402070:	ff 25 c2 cf 00 00    	jmp    QWORD PTR [rip+0xcfc2]        # 40f038 <_ZNKSt7__cxx1112basic_stringIcSt11char_traitsIcESaIcEE7compareEPKc@GLIBCXX_3.4.21>
  402076:	68 04 00 00 00       	push   0x4
  40207b:	e9 a0 ff ff ff       	jmp    402020 <.plt>

0000000000402080 <strtoul@plt>:
  402080:	ff 25 ba cf 00 00    	jmp    QWORD PTR [rip+0xcfba]        # 40f040 <strtoul@GLIBC_2.2.5>
  402086:	68 05 00 00 00       	push   0x5
  40208b:	e9 90 ff ff ff       	jmp    402020 <.plt>

0000000000402090 <strerror@plt>:
  402090:	ff 25 b2 cf 00 00    	jmp    QWORD PTR [rip+0xcfb2]        # 40f048 <strerror@GLIBC_2.2.5>
  402096:	68 06 00 00 00       	push   0x6
  40209b:	e9 80 ff ff ff       	jmp    402020 <.plt>

00000000004020a0 <_ZSt17__throw_bad_allocv@plt>:
  4020a0:	ff 25 aa cf 00 00    	jmp    QWORD PTR [rip+0xcfaa]        # 40f050 <_ZSt17__throw_bad_allocv@GLIBCXX_3.4>
  4020a6:	68 07 00 00 00       	push   0x7
  4020ab:	e9 70 ff ff ff       	jmp    402020 <.plt>

00000000004020b0 <__cxa_begin_catch@plt>:
  4020b0:	ff 25 a2 cf 00 00    	jmp    QWORD PTR [rip+0xcfa2]        # 40f058 <__cxa_begin_catch@CXXABI_1.3>
  4020b6:	68 08 00 00 00       	push   0x8
  4020bb:	e9 60 ff ff ff       	jmp    402020 <.plt>

00000000004020c0 <_ZNKSt7__cxx1112basic_stringIcSt11char_traitsIcESaIcEE5c_strEv@plt>:
  4020c0:	ff 25 9a cf 00 00    	jmp    QWORD PTR [rip+0xcf9a]        # 40f060 <_ZNKSt7__cxx1112basic_stringIcSt11char_traitsIcESaIcEE5c_strEv@GLIBCXX_3.4.21>
  4020c6:	68 09 00 00 00       	push   0x9
  4020cb:	e9 50 ff ff ff       	jmp    402020 <.plt>

00000000004020d0 <strncmp@plt>:
  4020d0:	ff 25 92 cf 00 00    	jmp    QWORD PTR [rip+0xcf92]        # 40f068 <strncmp@GLIBC_2.2.5>
  4020d6:	68 0a 00 00 00       	push   0xa
  4020db:	e9 40 ff ff ff       	jmp    402020 <.plt>

00000000004020e0 <_ZNSt14basic_ofstreamIcSt11char_traitsIcEE4openERKNSt7__cxx1112basic_stringIcS1_SaIcEEESt13_Ios_Openmode@plt>:
  4020e0:	ff 25 8a cf 00 00    	jmp    QWORD PTR [rip+0xcf8a]        # 40f070 <_ZNSt14basic_ofstreamIcSt11char_traitsIcEE4openERKNSt7__cxx1112basic_stringIcS1_SaIcEEESt13_Ios_Openmode@GLIBCXX_3.4.21>
  4020e6:	68 0b 00 00 00       	push   0xb
  4020eb:	e9 30 ff ff ff       	jmp    402020 <.plt>

00000000004020f0 <_ZSt20__throw_length_errorPKc@plt>:
  4020f0:	ff 25 82 cf 00 00    	jmp    QWORD PTR [rip+0xcf82]        # 40f078 <_ZSt20__throw_length_errorPKc@GLIBCXX_3.4>
  4020f6:	68 0c 00 00 00       	push   0xc
  4020fb:	e9 20 ff ff ff       	jmp    402020 <.plt>

0000000000402100 <getrusage@plt>:
  402100:	ff 25 7a cf 00 00    	jmp    QWORD PTR [rip+0xcf7a]        # 40f080 <getrusage@GLIBC_2.2.5>
  402106:	68 0d 00 00 00       	push   0xd
  40210b:	e9 10 ff ff ff       	jmp    402020 <.plt>

0000000000402110 <munmap@plt>:
  402110:	ff 25 72 cf 00 00    	jmp    QWORD PTR [rip+0xcf72]        # 40f088 <munmap@GLIBC_2.2.5>
  402116:	68 0e 00 00 00       	push   0xe
  40211b:	e9 00 ff ff ff       	jmp    402020 <.plt>

0000000000402120 <_ZSt24__throw_invalid_argumentPKc@plt>:
  402120:	ff 25 6a cf 00 00    	jmp    QWORD PTR [rip+0xcf6a]        # 40f090 <_ZSt24__throw_invalid_argumentPKc@GLIBCXX_3.4>
  402126:	68 0f 00 00 00       	push   0xf
  40212b:	e9 f0 fe ff ff       	jmp    402020 <.plt>

0000000000402130 <_ZNSt7__cxx1112basic_stringIcSt11char_traitsIcESaIcEED1Ev@plt>:
  402130:	ff 25 62 cf 00 00    	jmp    QWORD PTR [rip+0xcf62]        # 40f098 <_ZNSt7__cxx1112basic_stringIcSt11char_traitsIcESaIcEED1Ev@GLIBCXX_3.4.21>
  402136:	68 10 00 00 00       	push   0x10
  40213b:	e9 e0 fe ff ff       	jmp    402020 <.plt>

0000000000402140 <_ZNKSt7__cxx1112basic_stringIcSt11char_traitsIcESaIcEE4sizeEv@plt>:
  402140:	ff 25 5a cf 00 00    	jmp    QWORD PTR [rip+0xcf5a]        # 40f0a0 <_ZNKSt7__cxx1112basic_stringIcSt11char_traitsIcESaIcEE4sizeEv@GLIBCXX_3.4.21>
  402146:	68 11 00 00 00       	push   0x11
  40214b:	e9 d0 fe ff ff       	jmp    402020 <.plt>

0000000000402150 <_ZSt28__throw_bad_array_new_lengthv@plt>:
  402150:	ff 25 52 cf 00 00    	jmp    QWORD PTR [rip+0xcf52]        # 40f0a8 <_ZSt28__throw_bad_array_new_lengthv@GLIBCXX_3.4.29>
  402156:	68 12 00 00 00       	push   0x12
  40215b:	e9 c0 fe ff ff       	jmp    402020 <.plt>

0000000000402160 <perror@plt>:
  402160:	ff 25 4a cf 00 00    	jmp    QWORD PTR [rip+0xcf4a]        # 40f0b0 <perror@GLIBC_2.2.5>
  402166:	68 13 00 00 00       	push   0x13
  40216b:	e9 b0 fe ff ff       	jmp    402020 <.plt>

0000000000402170 <__cxa_atexit@plt>:
  402170:	ff 25 42 cf 00 00    	jmp    QWORD PTR [rip+0xcf42]        # 40f0b8 <__cxa_atexit@GLIBC_2.2.5>
  402176:	68 14 00 00 00       	push   0x14
  40217b:	e9 a0 fe ff ff       	jmp    402020 <.plt>

0000000000402180 <_ZStlsIcSt11char_traitsIcESaIcEERSt13basic_ostreamIT_T0_ES7_RKNSt7__cxx1112basic_stringIS4_S5_T1_EE@plt>:
  402180:	ff 25 3a cf 00 00    	jmp    QWORD PTR [rip+0xcf3a]        # 40f0c0 <_ZStlsIcSt11char_traitsIcESaIcEERSt13basic_ostreamIT_T0_ES7_RKNSt7__cxx1112basic_stringIS4_S5_T1_EE@GLIBCXX_3.4.21>
  402186:	68 15 00 00 00       	push   0x15
  40218b:	e9 90 fe ff ff       	jmp    402020 <.plt>

0000000000402190 <_ZdlPv@plt>:
  402190:	ff 25 32 cf 00 00    	jmp    QWORD PTR [rip+0xcf32]        # 40f0c8 <_ZdlPv@GLIBCXX_3.4>
  402196:	68 16 00 00 00       	push   0x16
  40219b:	e9 80 fe ff ff       	jmp    402020 <.plt>

00000000004021a0 <__isoc99_sscanf@plt>:
  4021a0:	ff 25 2a cf 00 00    	jmp    QWORD PTR [rip+0xcf2a]        # 40f0d0 <__isoc99_sscanf@GLIBC_2.7>
  4021a6:	68 17 00 00 00       	push   0x17
  4021ab:	e9 70 fe ff ff       	jmp    402020 <.plt>

00000000004021b0 <_ZStlsISt11char_traitsIcEERSt13basic_ostreamIcT_ES5_PKc@plt>:
  4021b0:	ff 25 22 cf 00 00    	jmp    QWORD PTR [rip+0xcf22]        # 40f0d8 <_ZStlsISt11char_traitsIcEERSt13basic_ostreamIcT_ES5_PKc@GLIBCXX_3.4>
  4021b6:	68 18 00 00 00       	push   0x18
  4021bb:	e9 60 fe ff ff       	jmp    402020 <.plt>

00000000004021c0 <fclose@plt>:
  4021c0:	ff 25 1a cf 00 00    	jmp    QWORD PTR [rip+0xcf1a]        # 40f0e0 <fclose@GLIBC_2.2.5>
  4021c6:	68 19 00 00 00       	push   0x19
  4021cb:	e9 50 fe ff ff       	jmp    402020 <.plt>

00000000004021d0 <_Znwm@plt>:
  4021d0:	ff 25 12 cf 00 00    	jmp    QWORD PTR [rip+0xcf12]        # 40f0e8 <_Znwm@GLIBCXX_3.4>
  4021d6:	68 1a 00 00 00       	push   0x1a
  4021db:	e9 40 fe ff ff       	jmp    402020 <.plt>

00000000004021e0 <_ZNKSt7__cxx1112basic_stringIcSt11char_traitsIcESaIcEE6substrEmm@plt>:
  4021e0:	ff 25 0a cf 00 00    	jmp    QWORD PTR [rip+0xcf0a]        # 40f0f0 <_ZNKSt7__cxx1112basic_stringIcSt11char_traitsIcESaIcEE6substrEmm@GLIBCXX_3.4.21>
  4021e6:	68 1b 00 00 00       	push   0x1b
  4021eb:	e9 30 fe ff ff       	jmp    402020 <.plt>

00000000004021f0 <_ZNSaIcED1Ev@plt>:
  4021f0:	ff 25 02 cf 00 00    	jmp    QWORD PTR [rip+0xcf02]        # 40f0f8 <_ZNSaIcED1Ev@GLIBCXX_3.4>
  4021f6:	68 1c 00 00 00       	push   0x1c
  4021fb:	e9 20 fe ff ff       	jmp    402020 <.plt>

0000000000402200 <fputs@plt>:
  402200:	ff 25 fa ce 00 00    	jmp    QWORD PTR [rip+0xcefa]        # 40f100 <fputs@GLIBC_2.2.5>
  402206:	68 1d 00 00 00       	push   0x1d
  40220b:	e9 10 fe ff ff       	jmp    402020 <.plt>

0000000000402210 <fopen@plt>:
  402210:	ff 25 f2 ce 00 00    	jmp    QWORD PTR [rip+0xcef2]        # 40f108 <fopen@GLIBC_2.2.5>
  402216:	68 1e 00 00 00       	push   0x1e
  40221b:	e9 00 fe ff ff       	jmp    402020 <.plt>

0000000000402220 <madvise@plt>:
  402220:	ff 25 ea ce 00 00    	jmp    QWORD PTR [rip+0xceea]        # 40f110 <madvise@GLIBC_2.2.5>
  402226:	68 1f 00 00 00       	push   0x1f
  40222b:	e9 f0 fd ff ff       	jmp    402020 <.plt>

0000000000402230 <exit@plt>:
  402230:	ff 25 e2 ce 00 00    	jmp    QWORD PTR [rip+0xcee2]        # 40f118 <exit@GLIBC_2.2.5>
  402236:	68 20 00 00 00       	push   0x20
  40223b:	e9 e0 fd ff ff       	jmp    402020 <.plt>

0000000000402240 <_ZNKSt7__cxx1112basic_stringIcSt11char_traitsIcESaIcEE4findEcm@plt>:
  402240:	ff 25 da ce 00 00    	jmp    QWORD PTR [rip+0xceda]        # 40f120 <_ZNKSt7__cxx1112basic_stringIcSt11char_traitsIcESaIcEE4findEcm@GLIBCXX_3.4.21>
  402246:	68 21 00 00 00       	push   0x21
  40224b:	e9 d0 fd ff ff       	jmp    402020 <.plt>

0000000000402250 <strtoull@plt>:
  402250:	ff 25 d2 ce 00 00    	jmp    QWORD PTR [rip+0xced2]        # 40f128 <strtoull@GLIBC_2.2.5>
  402256:	68 22 00 00 00       	push   0x22
  40225b:	e9 c0 fd ff ff       	jmp    402020 <.plt>

0000000000402260 <_ZNSt7__cxx1112basic_stringIcSt11char_traitsIcESaIcEEaSEPKc@plt>:
  402260:	ff 25 ca ce 00 00    	jmp    QWORD PTR [rip+0xceca]        # 40f130 <_ZNSt7__cxx1112basic_stringIcSt11char_traitsIcESaIcEEaSEPKc@GLIBCXX_3.4.21>
  402266:	68 23 00 00 00       	push   0x23
  40226b:	e9 b0 fd ff ff       	jmp    402020 <.plt>

0000000000402270 <_ZNSt7__cxx1112basic_stringIcSt11char_traitsIcESaIcEEC1EPKcRKS3_@plt>:
  402270:	ff 25 c2 ce 00 00    	jmp    QWORD PTR [rip+0xcec2]        # 40f138 <_ZNSt7__cxx1112basic_stringIcSt11char_traitsIcESaIcEEC1EPKcRKS3_@GLIBCXX_3.4.21>
  402276:	68 24 00 00 00       	push   0x24
  40227b:	e9 a0 fd ff ff       	jmp    402020 <.plt>

0000000000402280 <sched_getcpu@plt>:
  402280:	ff 25 ba ce 00 00    	jmp    QWORD PTR [rip+0xceba]        # 40f140 <sched_getcpu@GLIBC_2.6>
  402286:	68 25 00 00 00       	push   0x25
  40228b:	e9 90 fd ff ff       	jmp    402020 <.plt>

0000000000402290 <_ZNSt7__cxx1112basic_stringIcSt11char_traitsIcESaIcEEC1Ev@plt>:
  402290:	ff 25 b2 ce 00 00    	jmp    QWORD PTR [rip+0xceb2]        # 40f148 <_ZNSt7__cxx1112basic_stringIcSt11char_traitsIcESaIcEEC1Ev@GLIBCXX_3.4.21>
  402296:	68 26 00 00 00       	push   0x26
  40229b:	e9 80 fd ff ff       	jmp    402020 <.plt>

00000000004022a0 <ioctl@plt>:
  4022a0:	ff 25 aa ce 00 00    	jmp    QWORD PTR [rip+0xceaa]        # 40f150 <ioctl@GLIBC_2.2.5>
  4022a6:	68 27 00 00 00       	push   0x27
  4022ab:	e9 70 fd ff ff       	jmp    402020 <.plt>

00000000004022b0 <_ZNSt14basic_ofstreamIcSt11char_traitsIcEE5closeEv@plt>:
  4022b0:	ff 25 a2 ce 00 00    	jmp    QWORD PTR [rip+0xcea2]        # 40f158 <_ZNSt14basic_ofstreamIcSt11char_traitsIcEE5closeEv@GLIBCXX_3.4>
  4022b6:	68 28 00 00 00       	push   0x28
  4022bb:	e9 60 fd ff ff       	jmp    402020 <.plt>

00000000004022c0 <fprintf@plt>:
  4022c0:	ff 25 9a ce 00 00    	jmp    QWORD PTR [rip+0xce9a]        # 40f160 <fprintf@GLIBC_2.2.5>
  4022c6:	68 29 00 00 00       	push   0x29
  4022cb:	e9 50 fd ff ff       	jmp    402020 <.plt>

00000000004022d0 <read@plt>:
  4022d0:	ff 25 92 ce 00 00    	jmp    QWORD PTR [rip+0xce92]        # 40f168 <read@GLIBC_2.2.5>
  4022d6:	68 2a 00 00 00       	push   0x2a
  4022db:	e9 40 fd ff ff       	jmp    402020 <.plt>

00000000004022e0 <_ZSt20__throw_out_of_rangePKc@plt>:
  4022e0:	ff 25 8a ce 00 00    	jmp    QWORD PTR [rip+0xce8a]        # 40f170 <_ZSt20__throw_out_of_rangePKc@GLIBCXX_3.4>
  4022e6:	68 2b 00 00 00       	push   0x2b
  4022eb:	e9 30 fd ff ff       	jmp    402020 <.plt>

00000000004022f0 <__cxa_rethrow@plt>:
  4022f0:	ff 25 82 ce 00 00    	jmp    QWORD PTR [rip+0xce82]        # 40f178 <__cxa_rethrow@CXXABI_1.3>
  4022f6:	68 2c 00 00 00       	push   0x2c
  4022fb:	e9 20 fd ff ff       	jmp    402020 <.plt>

0000000000402300 <_ZNSt14basic_ofstreamIcSt11char_traitsIcEED1Ev@plt>:
  402300:	ff 25 7a ce 00 00    	jmp    QWORD PTR [rip+0xce7a]        # 40f180 <_ZNSt14basic_ofstreamIcSt11char_traitsIcEED1Ev@GLIBCXX_3.4>
  402306:	68 2d 00 00 00       	push   0x2d
  40230b:	e9 10 fd ff ff       	jmp    402020 <.plt>

0000000000402310 <_ZNSt8ios_base4InitC1Ev@plt>:
  402310:	ff 25 72 ce 00 00    	jmp    QWORD PTR [rip+0xce72]        # 40f188 <_ZNSt8ios_base4InitC1Ev@GLIBCXX_3.4>
  402316:	68 2e 00 00 00       	push   0x2e
  40231b:	e9 00 fd ff ff       	jmp    402020 <.plt>

0000000000402320 <fgets@plt>:
  402320:	ff 25 6a ce 00 00    	jmp    QWORD PTR [rip+0xce6a]        # 40f190 <fgets@GLIBC_2.2.5>
  402326:	68 2f 00 00 00       	push   0x2f
  40232b:	e9 f0 fc ff ff       	jmp    402020 <.plt>

0000000000402330 <memmove@plt>:
  402330:	ff 25 62 ce 00 00    	jmp    QWORD PTR [rip+0xce62]        # 40f198 <memmove@GLIBC_2.2.5>
  402336:	68 30 00 00 00       	push   0x30
  40233b:	e9 e0 fc ff ff       	jmp    402020 <.plt>

0000000000402340 <__cxa_end_catch@plt>:
  402340:	ff 25 5a ce 00 00    	jmp    QWORD PTR [rip+0xce5a]        # 40f1a0 <__cxa_end_catch@CXXABI_1.3>
  402346:	68 31 00 00 00       	push   0x31
  40234b:	e9 d0 fc ff ff       	jmp    402020 <.plt>

0000000000402350 <__gxx_personality_v0@plt>:
  402350:	ff 25 52 ce 00 00    	jmp    QWORD PTR [rip+0xce52]        # 40f1a8 <__gxx_personality_v0@CXXABI_1.3>
  402356:	68 32 00 00 00       	push   0x32
  40235b:	e9 c0 fc ff ff       	jmp    402020 <.plt>

0000000000402360 <_ZNKSt7__cxx1112basic_stringIcSt11char_traitsIcESaIcEE5emptyEv@plt>:
  402360:	ff 25 4a ce 00 00    	jmp    QWORD PTR [rip+0xce4a]        # 40f1b0 <_ZNKSt7__cxx1112basic_stringIcSt11char_traitsIcESaIcEE5emptyEv@GLIBCXX_3.4.21>
  402366:	68 33 00 00 00       	push   0x33
  40236b:	e9 b0 fc ff ff       	jmp    402020 <.plt>

0000000000402370 <_ZNSt14basic_ofstreamIcSt11char_traitsIcEEC1Ev@plt>:
  402370:	ff 25 42 ce 00 00    	jmp    QWORD PTR [rip+0xce42]        # 40f1b8 <_ZNSt14basic_ofstreamIcSt11char_traitsIcEEC1Ev@GLIBCXX_3.4>
  402376:	68 34 00 00 00       	push   0x34
  40237b:	e9 a0 fc ff ff       	jmp    402020 <.plt>

0000000000402380 <_ZNSolsEi@plt>:
  402380:	ff 25 3a ce 00 00    	jmp    QWORD PTR [rip+0xce3a]        # 40f1c0 <_ZNSolsEi@GLIBCXX_3.4>
  402386:	68 35 00 00 00       	push   0x35
  40238b:	e9 90 fc ff ff       	jmp    402020 <.plt>

0000000000402390 <_Unwind_Resume@plt>:
  402390:	ff 25 32 ce 00 00    	jmp    QWORD PTR [rip+0xce32]        # 40f1c8 <_Unwind_Resume@GCC_3.0>
  402396:	68 36 00 00 00       	push   0x36
  40239b:	e9 80 fc ff ff       	jmp    402020 <.plt>

00000000004023a0 <_ZNSaIcEC1Ev@plt>:
  4023a0:	ff 25 2a ce 00 00    	jmp    QWORD PTR [rip+0xce2a]        # 40f1d0 <_ZNSaIcEC1Ev@GLIBCXX_3.4>
  4023a6:	68 37 00 00 00       	push   0x37
  4023ab:	e9 70 fc ff ff       	jmp    402020 <.plt>

00000000004023b0 <mmap@plt>:
  4023b0:	ff 25 22 ce 00 00    	jmp    QWORD PTR [rip+0xce22]        # 40f1d8 <mmap@GLIBC_2.2.5>
  4023b6:	68 38 00 00 00       	push   0x38
  4023bb:	e9 60 fc ff ff       	jmp    402020 <.plt>

00000000004023c0 <_ZNSolsEd@plt>:
  4023c0:	ff 25 1a ce 00 00    	jmp    QWORD PTR [rip+0xce1a]        # 40f1e0 <_ZNSolsEd@GLIBCXX_3.4>
  4023c6:	68 39 00 00 00       	push   0x39
  4023cb:	e9 50 fc ff ff       	jmp    402020 <.plt>

00000000004023d0 <_ZNSt14basic_ofstreamIcSt11char_traitsIcEEC1ERKNSt7__cxx1112basic_stringIcS1_SaIcEEESt13_Ios_Openmode@plt>:
  4023d0:	ff 25 12 ce 00 00    	jmp    QWORD PTR [rip+0xce12]        # 40f1e8 <_ZNSt14basic_ofstreamIcSt11char_traitsIcEEC1ERKNSt7__cxx1112basic_stringIcS1_SaIcEEESt13_Ios_Openmode@GLIBCXX_3.4.21>
  4023d6:	68 3a 00 00 00       	push   0x3a
  4023db:	e9 40 fc ff ff       	jmp    402020 <.plt>

00000000004023e0 <fwrite@plt>:
  4023e0:	ff 25 0a ce 00 00    	jmp    QWORD PTR [rip+0xce0a]        # 40f1f0 <fwrite@GLIBC_2.2.5>
  4023e6:	68 3b 00 00 00       	push   0x3b
  4023eb:	e9 30 fc ff ff       	jmp    402020 <.plt>

00000000004023f0 <close@plt>:
  4023f0:	ff 25 02 ce 00 00    	jmp    QWORD PTR [rip+0xce02]        # 40f1f8 <close@GLIBC_2.2.5>
  4023f6:	68 3c 00 00 00       	push   0x3c
  4023fb:	e9 20 fc ff ff       	jmp    402020 <.plt>

0000000000402400 <_ZNSt8ios_base4InitD1Ev@plt>:
  402400:	ff 25 fa cd 00 00    	jmp    QWORD PTR [rip+0xcdfa]        # 40f200 <_ZNSt8ios_base4InitD1Ev@GLIBCXX_3.4>
  402406:	68 3d 00 00 00       	push   0x3d
  40240b:	e9 10 fc ff ff       	jmp    402020 <.plt>

Disassembly of section .text:

0000000000402410 <_start>:
  402410:	f3 0f 1e fa          	endbr64 
  402414:	31 ed                	xor    ebp,ebp
  402416:	49 89 d1             	mov    r9,rdx
  402419:	5e                   	pop    rsi
  40241a:	48 89 e2             	mov    rdx,rsp
  40241d:	48 83 e4 f0          	and    rsp,0xfffffffffffffff0
  402421:	50                   	push   rax
  402422:	54                   	push   rsp
  402423:	45 31 c0             	xor    r8d,r8d
  402426:	31 c9                	xor    ecx,ecx
  402428:	48 c7 c7 d3 49 40 00 	mov    rdi,0x4049d3
  40242f:	ff 15 ab cb 00 00    	call   QWORD PTR [rip+0xcbab]        # 40efe0 <__libc_start_main@GLIBC_2.34>
  402435:	f4                   	hlt    
  402436:	66 2e 0f 1f 84 00 00 	nop    WORD PTR cs:[rax+rax*1+0x0]
  40243d:	00 00 00 

0000000000402440 <_dl_relocate_static_pie>:
  402440:	f3 0f 1e fa          	endbr64 
  402444:	c3                   	ret    
  402445:	66 2e 0f 1f 84 00 00 	nop    WORD PTR cs:[rax+rax*1+0x0]
  40244c:	00 00 00 
  40244f:	90                   	nop

0000000000402450 <deregister_tm_clones>:
  402450:	48 8d 3d b9 cd 00 00 	lea    rdi,[rip+0xcdb9]        # 40f210 <__TMC_END__>
  402457:	48 8d 05 b2 cd 00 00 	lea    rax,[rip+0xcdb2]        # 40f210 <__TMC_END__>
  40245e:	48 39 f8             	cmp    rax,rdi
  402461:	74 15                	je     402478 <deregister_tm_clones+0x28>
  402463:	48 8b 05 7e cb 00 00 	mov    rax,QWORD PTR [rip+0xcb7e]        # 40efe8 <_ITM_deregisterTMCloneTable>
  40246a:	48 85 c0             	test   rax,rax
  40246d:	74 09                	je     402478 <deregister_tm_clones+0x28>
  40246f:	ff e0                	jmp    rax
  402471:	0f 1f 80 00 00 00 00 	nop    DWORD PTR [rax+0x0]
  402478:	c3                   	ret    
  402479:	0f 1f 80 00 00 00 00 	nop    DWORD PTR [rax+0x0]

0000000000402480 <register_tm_clones>:
  402480:	48 8d 3d 89 cd 00 00 	lea    rdi,[rip+0xcd89]        # 40f210 <__TMC_END__>
  402487:	48 8d 35 82 cd 00 00 	lea    rsi,[rip+0xcd82]        # 40f210 <__TMC_END__>
  40248e:	48 29 fe             	sub    rsi,rdi
  402491:	48 89 f0             	mov    rax,rsi
  402494:	48 c1 ee 3f          	shr    rsi,0x3f
  402498:	48 c1 f8 03          	sar    rax,0x3
  40249c:	48 01 c6             	add    rsi,rax
  40249f:	48 d1 fe             	sar    rsi,1
  4024a2:	74 14                	je     4024b8 <register_tm_clones+0x38>
  4024a4:	48 8b 05 4d cb 00 00 	mov    rax,QWORD PTR [rip+0xcb4d]        # 40eff8 <_ITM_registerTMCloneTable>
  4024ab:	48 85 c0             	test   rax,rax
  4024ae:	74 08                	je     4024b8 <register_tm_clones+0x38>
  4024b0:	ff e0                	jmp    rax
  4024b2:	66 0f 1f 44 00 00    	nop    WORD PTR [rax+rax*1+0x0]
  4024b8:	c3                   	ret    
  4024b9:	0f 1f 80 00 00 00 00 	nop    DWORD PTR [rax+0x0]

00000000004024c0 <__do_global_dtors_aux>:
  4024c0:	f3 0f 1e fa          	endbr64 
  4024c4:	80 3d 85 ce 00 00 00 	cmp    BYTE PTR [rip+0xce85],0x0        # 40f350 <completed.0>
  4024cb:	75 13                	jne    4024e0 <__do_global_dtors_aux+0x20>
  4024cd:	55                   	push   rbp
  4024ce:	48 89 e5             	mov    rbp,rsp
  4024d1:	e8 7a ff ff ff       	call   402450 <deregister_tm_clones>
  4024d6:	c6 05 73 ce 00 00 01 	mov    BYTE PTR [rip+0xce73],0x1        # 40f350 <completed.0>
  4024dd:	5d                   	pop    rbp
  4024de:	c3                   	ret    
  4024df:	90                   	nop
  4024e0:	c3                   	ret    
  4024e1:	66 66 2e 0f 1f 84 00 	data16 nop WORD PTR cs:[rax+rax*1+0x0]
  4024e8:	00 00 00 00 
  4024ec:	0f 1f 40 00          	nop    DWORD PTR [rax+0x0]

00000000004024f0 <frame_dummy>:
  4024f0:	f3 0f 1e fa          	endbr64 
  4024f4:	eb 8a                	jmp    402480 <register_tm_clones>

00000000004024f6 <_ZL11timer_startv>:
  4024f6:	55                   	push   rbp
  4024f7:	48 89 e5             	mov    rbp,rsp
  4024fa:	0f ae e8             	lfence 
  4024fd:	90                   	nop
  4024fe:	0f 31                	rdtsc  
  402500:	48 c1 e2 20          	shl    rdx,0x20
  402504:	48 09 d0             	or     rax,rdx
  402507:	90                   	nop
  402508:	48 89 45 f8          	mov    QWORD PTR [rbp-0x8],rax
  40250c:	0f ae e8             	lfence 
  40250f:	90                   	nop
  402510:	48 8b 45 f8          	mov    rax,QWORD PTR [rbp-0x8]
  402514:	5d                   	pop    rbp
  402515:	c3                   	ret    

0000000000402516 <_ZL10timer_stopv>:
  402516:	55                   	push   rbp
  402517:	48 89 e5             	mov    rbp,rsp
  40251a:	0f ae e8             	lfence 
  40251d:	90                   	nop
  40251e:	48 8d 45 ec          	lea    rax,[rbp-0x14]
  402522:	48 89 45 f0          	mov    QWORD PTR [rbp-0x10],rax
  402526:	0f 01 f9             	rdtscp 
  402529:	89 ce                	mov    esi,ecx
  40252b:	48 8b 4d f0          	mov    rcx,QWORD PTR [rbp-0x10]
  40252f:	89 31                	mov    DWORD PTR [rcx],esi
  402531:	48 c1 e2 20          	shl    rdx,0x20
  402535:	48 09 d0             	or     rax,rdx
  402538:	90                   	nop
  402539:	48 89 45 f8          	mov    QWORD PTR [rbp-0x8],rax
  40253d:	0f ae e8             	lfence 
  402540:	90                   	nop
  402541:	48 8b 45 f8          	mov    rax,QWORD PTR [rbp-0x8]
  402545:	5d                   	pop    rbp
  402546:	c3                   	ret    

0000000000402547 <_ZL4failPKc>:
  402547:	55                   	push   rbp
  402548:	48 89 e5             	mov    rbp,rsp
  40254b:	48 83 ec 10          	sub    rsp,0x10
  40254f:	48 89 7d f8          	mov    QWORD PTR [rbp-0x8],rdi
  402553:	48 8b 45 f8          	mov    rax,QWORD PTR [rbp-0x8]
  402557:	48 89 c7             	mov    rdi,rax
  40255a:	e8 01 fc ff ff       	call   402160 <perror@plt>
  40255f:	bf 01 00 00 00       	mov    edi,0x1
  402564:	e8 c7 fc ff ff       	call   402230 <exit@plt>

0000000000402569 <_ZL8pmu_openPKc>:
  402569:	55                   	push   rbp
  40256a:	48 89 e5             	mov    rbp,rsp
  40256d:	48 81 ec c0 00 00 00 	sub    rsp,0xc0
  402574:	48 89 bd 48 ff ff ff 	mov    QWORD PTR [rbp-0xb8],rdi
  40257b:	c7 05 df cd 00 00 01 	mov    DWORD PTR [rip+0xcddf],0x1        # 40f364 <_ZL15pmu_event_count>
  402582:	00 00 00 
  402585:	48 8b 85 48 ff ff ff 	mov    rax,QWORD PTR [rbp-0xb8]
  40258c:	48 89 45 f8          	mov    QWORD PTR [rbp-0x8],rax
  402590:	eb 1f                	jmp    4025b1 <_ZL8pmu_openPKc+0x48>
  402592:	48 8b 45 f8          	mov    rax,QWORD PTR [rbp-0x8]
  402596:	0f b6 00             	movzx  eax,BYTE PTR [rax]
  402599:	3c 2c                	cmp    al,0x2c
  40259b:	75 0f                	jne    4025ac <_ZL8pmu_openPKc+0x43>
  40259d:	8b 05 c1 cd 00 00    	mov    eax,DWORD PTR [rip+0xcdc1]        # 40f364 <_ZL15pmu_event_count>
  4025a3:	83 c0 01             	add    eax,0x1
  4025a6:	89 05 b8 cd 00 00    	mov    DWORD PTR [rip+0xcdb8],eax        # 40f364 <_ZL15pmu_event_count>
  4025ac:	48 83 45 f8 01       	add    QWORD PTR [rbp-0x8],0x1
  4025b1:	48 8b 45 f8          	mov    rax,QWORD PTR [rbp-0x8]
  4025b5:	0f b6 00             	movzx  eax,BYTE PTR [rax]
  4025b8:	84 c0                	test   al,al
  4025ba:	75 d6                	jne    402592 <_ZL8pmu_openPKc+0x29>
  4025bc:	8b 05 a2 cd 00 00    	mov    eax,DWORD PTR [rip+0xcda2]        # 40f364 <_ZL15pmu_event_count>
  4025c2:	83 f8 04             	cmp    eax,0x4
  4025c5:	7e 28                	jle    4025ef <_ZL8pmu_openPKc+0x86>
  4025c7:	48 8b 05 52 cc 00 00 	mov    rax,QWORD PTR [rip+0xcc52]        # 40f220 <stderr@@GLIBC_2.2.5>
  4025ce:	48 89 c1             	mov    rcx,rax
  4025d1:	ba 27 00 00 00       	mov    edx,0x27
  4025d6:	be 01 00 00 00       	mov    esi,0x1
  4025db:	bf 18 a0 40 00       	mov    edi,0x40a018
  4025e0:	e8 fb fd ff ff       	call   4023e0 <fwrite@plt>
  4025e5:	bf 01 00 00 00       	mov    edi,0x1
  4025ea:	e8 41 fc ff ff       	call   402230 <exit@plt>
  4025ef:	48 8b 85 48 ff ff ff 	mov    rax,QWORD PTR [rbp-0xb8]
  4025f6:	48 89 45 f0          	mov    QWORD PTR [rbp-0x10],rax
  4025fa:	c7 45 ec 00 00 00 00 	mov    DWORD PTR [rbp-0x14],0x0
  402601:	e9 25 02 00 00       	jmp    40282b <_ZL8pmu_openPKc+0x2c2>
  402606:	e8 35 fa ff ff       	call   402040 <__errno_location@plt>
  40260b:	c7 00 00 00 00 00    	mov    DWORD PTR [rax],0x0
  402611:	48 8d 4d e0          	lea    rcx,[rbp-0x20]
  402615:	48 8b 45 f0          	mov    rax,QWORD PTR [rbp-0x10]
  402619:	ba 00 00 00 00       	mov    edx,0x0
  40261e:	48 89 ce             	mov    rsi,rcx
  402621:	48 89 c7             	mov    rdi,rax
  402624:	e8 27 fc ff ff       	call   402250 <strtoull@plt>
  402629:	8b 55 ec             	mov    edx,DWORD PTR [rbp-0x14]
  40262c:	48 63 d2             	movsxd rdx,edx
  40262f:	48 89 04 d5 a0 f3 40 	mov    QWORD PTR [rdx*8+0x40f3a0],rax
  402636:	00 
  402637:	e8 04 fa ff ff       	call   402040 <__errno_location@plt>
  40263c:	8b 00                	mov    eax,DWORD PTR [rax]
  40263e:	85 c0                	test   eax,eax
  402640:	75 3b                	jne    40267d <_ZL8pmu_openPKc+0x114>
  402642:	48 8b 45 e0          	mov    rax,QWORD PTR [rbp-0x20]
  402646:	48 39 45 f0          	cmp    QWORD PTR [rbp-0x10],rax
  40264a:	74 31                	je     40267d <_ZL8pmu_openPKc+0x114>
  40264c:	48 8b 45 f0          	mov    rax,QWORD PTR [rbp-0x10]
  402650:	0f b6 00             	movzx  eax,BYTE PTR [rax]
  402653:	3c 2d                	cmp    al,0x2d
  402655:	74 26                	je     40267d <_ZL8pmu_openPKc+0x114>
  402657:	8b 05 07 cd 00 00    	mov    eax,DWORD PTR [rip+0xcd07]        # 40f364 <_ZL15pmu_event_count>
  40265d:	83 e8 01             	sub    eax,0x1
  402660:	39 45 ec             	cmp    DWORD PTR [rbp-0x14],eax
  402663:	7d 0d                	jge    402672 <_ZL8pmu_openPKc+0x109>
  402665:	48 8b 45 e0          	mov    rax,QWORD PTR [rbp-0x20]
  402669:	0f b6 00             	movzx  eax,BYTE PTR [rax]
  40266c:	3c 2c                	cmp    al,0x2c
  40266e:	75 0d                	jne    40267d <_ZL8pmu_openPKc+0x114>
  402670:	eb 33                	jmp    4026a5 <_ZL8pmu_openPKc+0x13c>
  402672:	48 8b 45 e0          	mov    rax,QWORD PTR [rbp-0x20]
  402676:	0f b6 00             	movzx  eax,BYTE PTR [rax]
  402679:	84 c0                	test   al,al
  40267b:	74 28                	je     4026a5 <_ZL8pmu_openPKc+0x13c>
  40267d:	48 8b 05 9c cb 00 00 	mov    rax,QWORD PTR [rip+0xcb9c]        # 40f220 <stderr@@GLIBC_2.2.5>
  402684:	48 89 c1             	mov    rcx,rax
  402687:	ba 2a 00 00 00       	mov    edx,0x2a
  40268c:	be 01 00 00 00       	mov    esi,0x1
  402691:	bf 40 a0 40 00       	mov    edi,0x40a040
  402696:	e8 45 fd ff ff       	call   4023e0 <fwrite@plt>
  40269b:	bf 01 00 00 00       	mov    edi,0x1
  4026a0:	e8 8b fb ff ff       	call   402230 <exit@plt>
  4026a5:	48 8b 45 e0          	mov    rax,QWORD PTR [rbp-0x20]
  4026a9:	0f b6 00             	movzx  eax,BYTE PTR [rax]
  4026ac:	84 c0                	test   al,al
  4026ae:	74 0a                	je     4026ba <_ZL8pmu_openPKc+0x151>
  4026b0:	48 8b 45 e0          	mov    rax,QWORD PTR [rbp-0x20]
  4026b4:	48 83 c0 01          	add    rax,0x1
  4026b8:	eb 04                	jmp    4026be <_ZL8pmu_openPKc+0x155>
  4026ba:	48 8b 45 e0          	mov    rax,QWORD PTR [rbp-0x20]
  4026be:	48 89 45 f0          	mov    QWORD PTR [rbp-0x10],rax
  4026c2:	48 8d 95 50 ff ff ff 	lea    rdx,[rbp-0xb0]
  4026c9:	b8 00 00 00 00       	mov    eax,0x0
  4026ce:	b9 11 00 00 00       	mov    ecx,0x11
  4026d3:	48 89 d7             	mov    rdi,rdx
  4026d6:	f3 48 ab             	rep stos QWORD PTR es:[rdi],rax
  4026d9:	c7 85 50 ff ff ff 04 	mov    DWORD PTR [rbp-0xb0],0x4
  4026e0:	00 00 00 
  4026e3:	c7 85 54 ff ff ff 88 	mov    DWORD PTR [rbp-0xac],0x88
  4026ea:	00 00 00 
  4026ed:	8b 45 ec             	mov    eax,DWORD PTR [rbp-0x14]
  4026f0:	48 98                	cdqe   
  4026f2:	48 8b 04 c5 a0 f3 40 	mov    rax,QWORD PTR [rax*8+0x40f3a0]
  4026f9:	00 
  4026fa:	48 89 85 58 ff ff ff 	mov    QWORD PTR [rbp-0xa8],rax
  402701:	83 7d ec 00          	cmp    DWORD PTR [rbp-0x14],0x0
  402705:	0f 94 c0             	sete   al
  402708:	83 e0 01             	and    eax,0x1
  40270b:	89 c2                	mov    edx,eax
  40270d:	0f b6 85 78 ff ff ff 	movzx  eax,BYTE PTR [rbp-0x88]
  402714:	83 e0 fe             	and    eax,0xfffffffe
  402717:	09 d0                	or     eax,edx
  402719:	88 85 78 ff ff ff    	mov    BYTE PTR [rbp-0x88],al
  40271f:	83 7d ec 00          	cmp    DWORD PTR [rbp-0x14],0x0
  402723:	0f 94 c0             	sete   al
  402726:	83 e0 01             	and    eax,0x1
  402729:	8d 14 85 00 00 00 00 	lea    edx,[rax*4+0x0]
  402730:	0f b6 85 78 ff ff ff 	movzx  eax,BYTE PTR [rbp-0x88]
  402737:	83 e0 fb             	and    eax,0xfffffffb
  40273a:	09 d0                	or     eax,edx
  40273c:	88 85 78 ff ff ff    	mov    BYTE PTR [rbp-0x88],al
  402742:	0f b6 85 78 ff ff ff 	movzx  eax,BYTE PTR [rbp-0x88]
  402749:	83 c8 20             	or     eax,0x20
  40274c:	88 85 78 ff ff ff    	mov    BYTE PTR [rbp-0x88],al
  402752:	0f b6 85 78 ff ff ff 	movzx  eax,BYTE PTR [rbp-0x88]
  402759:	83 c8 40             	or     eax,0x40
  40275c:	88 85 78 ff ff ff    	mov    BYTE PTR [rbp-0x88],al
  402762:	0f b6 85 7a ff ff ff 	movzx  eax,BYTE PTR [rbp-0x86]
  402769:	83 c8 10             	or     eax,0x10
  40276c:	88 85 7a ff ff ff    	mov    BYTE PTR [rbp-0x86],al
  402772:	48 c7 85 70 ff ff ff 	mov    QWORD PTR [rbp-0x90],0xf
  402779:	0f 00 00 00 
  40277d:	83 7d ec 00          	cmp    DWORD PTR [rbp-0x14],0x0
  402781:	74 08                	je     40278b <_ZL8pmu_openPKc+0x222>
  402783:	8b 15 e7 cb 00 00    	mov    edx,DWORD PTR [rip+0xcbe7]        # 40f370 <_ZL7pmu_fds>
  402789:	eb 05                	jmp    402790 <_ZL8pmu_openPKc+0x227>
  40278b:	ba ff ff ff ff       	mov    edx,0xffffffff
  402790:	48 8d 85 50 ff ff ff 	lea    rax,[rbp-0xb0]
  402797:	41 b9 08 00 00 00    	mov    r9d,0x8
  40279d:	41 89 d0             	mov    r8d,edx
  4027a0:	b9 ff ff ff ff       	mov    ecx,0xffffffff
  4027a5:	ba 00 00 00 00       	mov    edx,0x0
  4027aa:	48 89 c6             	mov    rsi,rax
  4027ad:	bf 2a 01 00 00       	mov    edi,0x12a
  4027b2:	b8 00 00 00 00       	mov    eax,0x0
  4027b7:	e8 94 f8 ff ff       	call   402050 <syscall@plt>
  4027bc:	89 c2                	mov    edx,eax
  4027be:	8b 45 ec             	mov    eax,DWORD PTR [rbp-0x14]
  4027c1:	48 98                	cdqe   
  4027c3:	89 14 85 70 f3 40 00 	mov    DWORD PTR [rax*4+0x40f370],edx
  4027ca:	8b 45 ec             	mov    eax,DWORD PTR [rbp-0x14]
  4027cd:	48 98                	cdqe   
  4027cf:	8b 04 85 70 f3 40 00 	mov    eax,DWORD PTR [rax*4+0x40f370]
  4027d6:	85 c0                	test   eax,eax
  4027d8:	79 0a                	jns    4027e4 <_ZL8pmu_openPKc+0x27b>
  4027da:	bf 6b a0 40 00       	mov    edi,0x40a06b
  4027df:	e8 63 fd ff ff       	call   402547 <_ZL4failPKc>
  4027e4:	8b 45 ec             	mov    eax,DWORD PTR [rbp-0x14]
  4027e7:	48 98                	cdqe   
  4027e9:	48 c1 e0 03          	shl    rax,0x3
  4027ed:	48 8d 90 80 f3 40 00 	lea    rdx,[rax+0x40f380]
  4027f4:	8b 45 ec             	mov    eax,DWORD PTR [rbp-0x14]
  4027f7:	48 98                	cdqe   
  4027f9:	8b 04 85 70 f3 40 00 	mov    eax,DWORD PTR [rax*4+0x40f370]
  402800:	b9 07 24 08 80       	mov    ecx,0x80082407
  402805:	48 89 ce             	mov    rsi,rcx
  402808:	89 c7                	mov    edi,eax
  40280a:	b8 00 00 00 00       	mov    eax,0x0
  40280f:	e8 8c fa ff ff       	call   4022a0 <ioctl@plt>
  402814:	85 c0                	test   eax,eax
  402816:	0f 95 c0             	setne  al
  402819:	84 c0                	test   al,al
  40281b:	74 0a                	je     402827 <_ZL8pmu_openPKc+0x2be>
  40281d:	bf 7b a0 40 00       	mov    edi,0x40a07b
  402822:	e8 20 fd ff ff       	call   402547 <_ZL4failPKc>
  402827:	83 45 ec 01          	add    DWORD PTR [rbp-0x14],0x1
  40282b:	8b 05 33 cb 00 00    	mov    eax,DWORD PTR [rip+0xcb33]        # 40f364 <_ZL15pmu_event_count>
  402831:	39 45 ec             	cmp    DWORD PTR [rbp-0x14],eax
  402834:	0f 8c cc fd ff ff    	jl     402606 <_ZL8pmu_openPKc+0x9d>
  40283a:	90                   	nop
  40283b:	90                   	nop
  40283c:	c9                   	leave  
  40283d:	c3                   	ret    

000000000040283e <_ZL9pmu_startv>:
  40283e:	55                   	push   rbp
  40283f:	48 89 e5             	mov    rbp,rsp
  402842:	8b 05 28 cb 00 00    	mov    eax,DWORD PTR [rip+0xcb28]        # 40f370 <_ZL7pmu_fds>
  402848:	ba 01 00 00 00       	mov    edx,0x1
  40284d:	be 03 24 00 00       	mov    esi,0x2403
  402852:	89 c7                	mov    edi,eax
  402854:	b8 00 00 00 00       	mov    eax,0x0
  402859:	e8 42 fa ff ff       	call   4022a0 <ioctl@plt>
  40285e:	85 c0                	test   eax,eax
  402860:	0f 95 c0             	setne  al
  402863:	84 c0                	test   al,al
  402865:	74 0a                	je     402871 <_ZL9pmu_startv+0x33>
  402867:	bf 8d a0 40 00       	mov    edi,0x40a08d
  40286c:	e8 d6 fc ff ff       	call   402547 <_ZL4failPKc>
  402871:	8b 05 f9 ca 00 00    	mov    eax,DWORD PTR [rip+0xcaf9]        # 40f370 <_ZL7pmu_fds>
  402877:	ba 01 00 00 00       	mov    edx,0x1
  40287c:	be 00 24 00 00       	mov    esi,0x2400
  402881:	89 c7                	mov    edi,eax
  402883:	b8 00 00 00 00       	mov    eax,0x0
  402888:	e8 13 fa ff ff       	call   4022a0 <ioctl@plt>
  40288d:	85 c0                	test   eax,eax
  40288f:	0f 95 c0             	setne  al
  402892:	84 c0                	test   al,al
  402894:	74 0a                	je     4028a0 <_ZL9pmu_startv+0x62>
  402896:	bf 97 a0 40 00       	mov    edi,0x40a097
  40289b:	e8 a7 fc ff ff       	call   402547 <_ZL4failPKc>
  4028a0:	90                   	nop
  4028a1:	5d                   	pop    rbp
  4028a2:	c3                   	ret    

00000000004028a3 <_ZL8pmu_stopv>:
  4028a3:	55                   	push   rbp
  4028a4:	48 89 e5             	mov    rbp,rsp
  4028a7:	48 83 ec 10          	sub    rsp,0x10
  4028ab:	8b 05 bf ca 00 00    	mov    eax,DWORD PTR [rip+0xcabf]        # 40f370 <_ZL7pmu_fds>
  4028b1:	ba 01 00 00 00       	mov    edx,0x1
  4028b6:	be 01 24 00 00       	mov    esi,0x2401
  4028bb:	89 c7                	mov    edi,eax
  4028bd:	b8 00 00 00 00       	mov    eax,0x0
  4028c2:	e8 d9 f9 ff ff       	call   4022a0 <ioctl@plt>
  4028c7:	85 c0                	test   eax,eax
  4028c9:	0f 95 c0             	setne  al
  4028cc:	84 c0                	test   al,al
  4028ce:	74 0a                	je     4028da <_ZL8pmu_stopv+0x37>
  4028d0:	bf a2 a0 40 00       	mov    edi,0x40a0a2
  4028d5:	e8 6d fc ff ff       	call   402547 <_ZL4failPKc>
  4028da:	8b 05 90 ca 00 00    	mov    eax,DWORD PTR [rip+0xca90]        # 40f370 <_ZL7pmu_fds>
  4028e0:	ba 58 00 00 00       	mov    edx,0x58
  4028e5:	be c0 f3 40 00       	mov    esi,0x40f3c0
  4028ea:	89 c7                	mov    edi,eax
  4028ec:	e8 df f9 ff ff       	call   4022d0 <read@plt>
  4028f1:	48 89 45 f8          	mov    QWORD PTR [rbp-0x8],rax
  4028f5:	8b 05 69 ca 00 00    	mov    eax,DWORD PTR [rip+0xca69]        # 40f364 <_ZL15pmu_event_count>
  4028fb:	01 c0                	add    eax,eax
  4028fd:	83 c0 03             	add    eax,0x3
  402900:	48 98                	cdqe   
  402902:	48 c1 e0 03          	shl    rax,0x3
  402906:	48 39 45 f8          	cmp    QWORD PTR [rbp-0x8],rax
  40290a:	75 3f                	jne    40294b <_ZL8pmu_stopv+0xa8>
  40290c:	48 8b 15 ad ca 00 00 	mov    rdx,QWORD PTR [rip+0xcaad]        # 40f3c0 <_ZL10pmu_counts>
  402913:	8b 05 4b ca 00 00    	mov    eax,DWORD PTR [rip+0xca4b]        # 40f364 <_ZL15pmu_event_count>
  402919:	48 98                	cdqe   
  40291b:	48 39 c2             	cmp    rdx,rax
  40291e:	75 2b                	jne    40294b <_ZL8pmu_stopv+0xa8>
  402920:	48 8b 05 a1 ca 00 00 	mov    rax,QWORD PTR [rip+0xcaa1]        # 40f3c8 <_ZL10pmu_counts+0x8>
  402927:	48 85 c0             	test   rax,rax
  40292a:	74 1f                	je     40294b <_ZL8pmu_stopv+0xa8>
  40292c:	48 8b 05 9d ca 00 00 	mov    rax,QWORD PTR [rip+0xca9d]        # 40f3d0 <_ZL10pmu_counts+0x10>
  402933:	48 85 c0             	test   rax,rax
  402936:	74 13                	je     40294b <_ZL8pmu_stopv+0xa8>
  402938:	48 8b 15 91 ca 00 00 	mov    rdx,QWORD PTR [rip+0xca91]        # 40f3d0 <_ZL10pmu_counts+0x10>
  40293f:	48 8b 05 82 ca 00 00 	mov    rax,QWORD PTR [rip+0xca82]        # 40f3c8 <_ZL10pmu_counts+0x8>
  402946:	48 39 c2             	cmp    rdx,rax
  402949:	74 38                	je     402983 <_ZL8pmu_stopv+0xe0>
  40294b:	48 8b 35 7e ca 00 00 	mov    rsi,QWORD PTR [rip+0xca7e]        # 40f3d0 <_ZL10pmu_counts+0x10>
  402952:	48 8b 0d 6f ca 00 00 	mov    rcx,QWORD PTR [rip+0xca6f]        # 40f3c8 <_ZL10pmu_counts+0x8>
  402959:	48 8b 05 c0 c8 00 00 	mov    rax,QWORD PTR [rip+0xc8c0]        # 40f220 <stderr@@GLIBC_2.2.5>
  402960:	48 8b 55 f8          	mov    rdx,QWORD PTR [rbp-0x8]
  402964:	49 89 f0             	mov    r8,rsi
  402967:	be b0 a0 40 00       	mov    esi,0x40a0b0
  40296c:	48 89 c7             	mov    rdi,rax
  40296f:	b8 00 00 00 00       	mov    eax,0x0
  402974:	e8 47 f9 ff ff       	call   4022c0 <fprintf@plt>
  402979:	bf 01 00 00 00       	mov    edi,0x1
  40297e:	e8 ad f8 ff ff       	call   402230 <exit@plt>
  402983:	90                   	nop
  402984:	c9                   	leave  
  402985:	c3                   	ret    

0000000000402986 <_ZL8pmu_savePKcm>:
  402986:	55                   	push   rbp
  402987:	48 89 e5             	mov    rbp,rsp
  40298a:	48 83 ec 30          	sub    rsp,0x30
  40298e:	48 89 7d d8          	mov    QWORD PTR [rbp-0x28],rdi
  402992:	48 89 75 d0          	mov    QWORD PTR [rbp-0x30],rsi
  402996:	48 8b 45 d8          	mov    rax,QWORD PTR [rbp-0x28]
  40299a:	be 03 a1 40 00       	mov    esi,0x40a103
  40299f:	48 89 c7             	mov    rdi,rax
  4029a2:	e8 69 f8 ff ff       	call   402210 <fopen@plt>
  4029a7:	48 89 45 e8          	mov    QWORD PTR [rbp-0x18],rax
  4029ab:	48 83 7d e8 00       	cmp    QWORD PTR [rbp-0x18],0x0
  4029b0:	75 0a                	jne    4029bc <_ZL8pmu_savePKcm+0x36>
  4029b2:	bf 05 a1 40 00       	mov    edi,0x40a105
  4029b7:	e8 8b fb ff ff       	call   402547 <_ZL4failPKc>
  4029bc:	48 8b 0d 0d ca 00 00 	mov    rcx,QWORD PTR [rip+0xca0d]        # 40f3d0 <_ZL10pmu_counts+0x10>
  4029c3:	48 8b 15 fe c9 00 00 	mov    rdx,QWORD PTR [rip+0xc9fe]        # 40f3c8 <_ZL10pmu_counts+0x8>
  4029ca:	48 8b 75 d0          	mov    rsi,QWORD PTR [rbp-0x30]
  4029ce:	48 8b 45 e8          	mov    rax,QWORD PTR [rbp-0x18]
  4029d2:	49 89 f0             	mov    r8,rsi
  4029d5:	be 10 a1 40 00       	mov    esi,0x40a110
  4029da:	48 89 c7             	mov    rdi,rax
  4029dd:	b8 00 00 00 00       	mov    eax,0x0
  4029e2:	e8 d9 f8 ff ff       	call   4022c0 <fprintf@plt>
  4029e7:	c7 45 fc 00 00 00 00 	mov    DWORD PTR [rbp-0x4],0x0
  4029ee:	e9 f9 00 00 00       	jmp    402aec <_ZL8pmu_savePKcm+0x166>
  4029f3:	c7 45 f8 ff ff ff ff 	mov    DWORD PTR [rbp-0x8],0xffffffff
  4029fa:	c7 45 f4 00 00 00 00 	mov    DWORD PTR [rbp-0xc],0x0
  402a01:	eb 32                	jmp    402a35 <_ZL8pmu_savePKcm+0xaf>
  402a03:	8b 45 f4             	mov    eax,DWORD PTR [rbp-0xc]
  402a06:	48 98                	cdqe   
  402a08:	48 83 c0 01          	add    rax,0x1
  402a0c:	48 c1 e0 04          	shl    rax,0x4
  402a10:	48 05 d0 f3 40 00    	add    rax,0x40f3d0
  402a16:	48 8b 10             	mov    rdx,QWORD PTR [rax]
  402a19:	8b 45 fc             	mov    eax,DWORD PTR [rbp-0x4]
  402a1c:	48 98                	cdqe   
  402a1e:	48 8b 04 c5 80 f3 40 	mov    rax,QWORD PTR [rax*8+0x40f380]
  402a25:	00 
  402a26:	48 39 c2             	cmp    rdx,rax
  402a29:	75 06                	jne    402a31 <_ZL8pmu_savePKcm+0xab>
  402a2b:	8b 45 f4             	mov    eax,DWORD PTR [rbp-0xc]
  402a2e:	89 45 f8             	mov    DWORD PTR [rbp-0x8],eax
  402a31:	83 45 f4 01          	add    DWORD PTR [rbp-0xc],0x1
  402a35:	8b 05 29 c9 00 00    	mov    eax,DWORD PTR [rip+0xc929]        # 40f364 <_ZL15pmu_event_count>
  402a3b:	39 45 f4             	cmp    DWORD PTR [rbp-0xc],eax
  402a3e:	7c c3                	jl     402a03 <_ZL8pmu_savePKcm+0x7d>
  402a40:	83 7d f8 00          	cmp    DWORD PTR [rbp-0x8],0x0
  402a44:	79 28                	jns    402a6e <_ZL8pmu_savePKcm+0xe8>
  402a46:	48 8b 05 d3 c7 00 00 	mov    rax,QWORD PTR [rip+0xc7d3]        # 40f220 <stderr@@GLIBC_2.2.5>
  402a4d:	48 89 c1             	mov    rcx,rax
  402a50:	ba 15 00 00 00       	mov    edx,0x15
  402a55:	be 01 00 00 00       	mov    esi,0x1
  402a5a:	bf 5a a1 40 00       	mov    edi,0x40a15a
  402a5f:	e8 7c f9 ff ff       	call   4023e0 <fwrite@plt>
  402a64:	bf 01 00 00 00       	mov    edi,0x1
  402a69:	e8 c2 f7 ff ff       	call   402230 <exit@plt>
  402a6e:	8b 45 f8             	mov    eax,DWORD PTR [rbp-0x8]
  402a71:	48 98                	cdqe   
  402a73:	48 83 c0 01          	add    rax,0x1
  402a77:	48 c1 e0 04          	shl    rax,0x4
  402a7b:	48 05 c8 f3 40 00    	add    rax,0x40f3c8
  402a81:	48 8b 08             	mov    rcx,QWORD PTR [rax]
  402a84:	8b 45 fc             	mov    eax,DWORD PTR [rbp-0x4]
  402a87:	48 98                	cdqe   
  402a89:	48 8b 14 c5 a0 f3 40 	mov    rdx,QWORD PTR [rax*8+0x40f3a0]
  402a90:	00 
  402a91:	83 7d fc 00          	cmp    DWORD PTR [rbp-0x4],0x0
  402a95:	74 07                	je     402a9e <_ZL8pmu_savePKcm+0x118>
  402a97:	be 70 a1 40 00       	mov    esi,0x40a170
  402a9c:	eb 05                	jmp    402aa3 <_ZL8pmu_savePKcm+0x11d>
  402a9e:	be 72 a1 40 00       	mov    esi,0x40a172
  402aa3:	48 8b 45 e8          	mov    rax,QWORD PTR [rbp-0x18]
  402aa7:	49 89 c8             	mov    r8,rcx
  402aaa:	48 89 d1             	mov    rcx,rdx
  402aad:	48 89 f2             	mov    rdx,rsi
  402ab0:	be 73 a1 40 00       	mov    esi,0x40a173
  402ab5:	48 89 c7             	mov    rdi,rax
  402ab8:	b8 00 00 00 00       	mov    eax,0x0
  402abd:	e8 fe f7 ff ff       	call   4022c0 <fprintf@plt>
  402ac2:	8b 45 fc             	mov    eax,DWORD PTR [rbp-0x4]
  402ac5:	48 98                	cdqe   
  402ac7:	8b 04 85 70 f3 40 00 	mov    eax,DWORD PTR [rax*4+0x40f370]
  402ace:	89 c7                	mov    edi,eax
  402ad0:	e8 1b f9 ff ff       	call   4023f0 <close@plt>
  402ad5:	85 c0                	test   eax,eax
  402ad7:	0f 95 c0             	setne  al
  402ada:	84 c0                	test   al,al
  402adc:	74 0a                	je     402ae8 <_ZL8pmu_savePKcm+0x162>
  402ade:	bf 90 a1 40 00       	mov    edi,0x40a190
  402ae3:	e8 5f fa ff ff       	call   402547 <_ZL4failPKc>
  402ae8:	83 45 fc 01          	add    DWORD PTR [rbp-0x4],0x1
  402aec:	8b 05 72 c8 00 00    	mov    eax,DWORD PTR [rip+0xc872]        # 40f364 <_ZL15pmu_event_count>
  402af2:	39 45 fc             	cmp    DWORD PTR [rbp-0x4],eax
  402af5:	0f 8c f8 fe ff ff    	jl     4029f3 <_ZL8pmu_savePKcm+0x6d>
  402afb:	48 8b 45 e8          	mov    rax,QWORD PTR [rbp-0x18]
  402aff:	48 89 c1             	mov    rcx,rax
  402b02:	ba 03 00 00 00       	mov    edx,0x3
  402b07:	be 01 00 00 00       	mov    esi,0x1
  402b0c:	bf 9a a1 40 00       	mov    edi,0x40a19a
  402b11:	e8 ca f8 ff ff       	call   4023e0 <fwrite@plt>
  402b16:	48 8b 45 e8          	mov    rax,QWORD PTR [rbp-0x18]
  402b1a:	48 89 c7             	mov    rdi,rax
  402b1d:	e8 9e f6 ff ff       	call   4021c0 <fclose@plt>
  402b22:	85 c0                	test   eax,eax
  402b24:	0f 95 c0             	setne  al
  402b27:	84 c0                	test   al,al
  402b29:	74 0a                	je     402b35 <_ZL8pmu_savePKcm+0x1af>
  402b2b:	bf 9e a1 40 00       	mov    edi,0x40a19e
  402b30:	e8 12 fa ff ff       	call   402547 <_ZL4failPKc>
  402b35:	90                   	nop
  402b36:	c9                   	leave  
  402b37:	c3                   	ret    

0000000000402b38 <_ZL10save_ticksPKcPKmm>:
  402b38:	55                   	push   rbp
  402b39:	48 89 e5             	mov    rbp,rsp
  402b3c:	48 83 ec 30          	sub    rsp,0x30
  402b40:	48 89 7d e8          	mov    QWORD PTR [rbp-0x18],rdi
  402b44:	48 89 75 e0          	mov    QWORD PTR [rbp-0x20],rsi
  402b48:	48 89 55 d8          	mov    QWORD PTR [rbp-0x28],rdx
  402b4c:	48 8b 45 e8          	mov    rax,QWORD PTR [rbp-0x18]
  402b50:	be a9 a1 40 00       	mov    esi,0x40a1a9
  402b55:	48 89 c7             	mov    rdi,rax
  402b58:	e8 b3 f6 ff ff       	call   402210 <fopen@plt>
  402b5d:	48 89 45 f8          	mov    QWORD PTR [rbp-0x8],rax
  402b61:	48 83 7d f8 00       	cmp    QWORD PTR [rbp-0x8],0x0
  402b66:	74 1f                	je     402b87 <_ZL10save_ticksPKcPKmm+0x4f>
  402b68:	48 8b 4d f8          	mov    rcx,QWORD PTR [rbp-0x8]
  402b6c:	48 8b 55 d8          	mov    rdx,QWORD PTR [rbp-0x28]
  402b70:	48 8b 45 e0          	mov    rax,QWORD PTR [rbp-0x20]
  402b74:	be 08 00 00 00       	mov    esi,0x8
  402b79:	48 89 c7             	mov    rdi,rax
  402b7c:	e8 5f f8 ff ff       	call   4023e0 <fwrite@plt>
  402b81:	48 39 45 d8          	cmp    QWORD PTR [rbp-0x28],rax
  402b85:	74 07                	je     402b8e <_ZL10save_ticksPKcPKmm+0x56>
  402b87:	b8 01 00 00 00       	mov    eax,0x1
  402b8c:	eb 05                	jmp    402b93 <_ZL10save_ticksPKcPKmm+0x5b>
  402b8e:	b8 00 00 00 00       	mov    eax,0x0
  402b93:	84 c0                	test   al,al
  402b95:	74 0a                	je     402ba1 <_ZL10save_ticksPKcPKmm+0x69>
  402b97:	bf ac a1 40 00       	mov    edi,0x40a1ac
  402b9c:	e8 a6 f9 ff ff       	call   402547 <_ZL4failPKc>
  402ba1:	48 8b 45 f8          	mov    rax,QWORD PTR [rbp-0x8]
  402ba5:	48 89 c7             	mov    rdi,rax
  402ba8:	e8 13 f6 ff ff       	call   4021c0 <fclose@plt>
  402bad:	85 c0                	test   eax,eax
  402baf:	0f 95 c0             	setne  al
  402bb2:	84 c0                	test   al,al
  402bb4:	74 0a                	je     402bc0 <_ZL10save_ticksPKcPKmm+0x88>
  402bb6:	bf b7 a1 40 00       	mov    edi,0x40a1b7
  402bbb:	e8 87 f9 ff ff       	call   402547 <_ZL4failPKc>
  402bc0:	90                   	nop
  402bc1:	c9                   	leave  
  402bc2:	c3                   	ret    

0000000000402bc3 <_ZL9log_usageRK6rusageS1_>:
  402bc3:	55                   	push   rbp
  402bc4:	48 89 e5             	mov    rbp,rsp
  402bc7:	41 56                	push   r14
  402bc9:	41 55                	push   r13
  402bcb:	41 54                	push   r12
  402bcd:	53                   	push   rbx
  402bce:	48 83 ec 10          	sub    rsp,0x10
  402bd2:	48 89 7d d8          	mov    QWORD PTR [rbp-0x28],rdi
  402bd6:	48 89 75 d0          	mov    QWORD PTR [rbp-0x30],rsi
  402bda:	48 8b 45 d0          	mov    rax,QWORD PTR [rbp-0x30]
  402bde:	48 8b 90 88 00 00 00 	mov    rdx,QWORD PTR [rax+0x88]
  402be5:	48 8b 45 d8          	mov    rax,QWORD PTR [rbp-0x28]
  402be9:	48 8b 80 88 00 00 00 	mov    rax,QWORD PTR [rax+0x88]
  402bf0:	48 29 c2             	sub    rdx,rax
  402bf3:	49 89 d4             	mov    r12,rdx
  402bf6:	48 8b 45 d0          	mov    rax,QWORD PTR [rbp-0x30]
  402bfa:	48 8b 90 80 00 00 00 	mov    rdx,QWORD PTR [rax+0x80]
  402c01:	48 8b 45 d8          	mov    rax,QWORD PTR [rbp-0x28]
  402c05:	48 8b 80 80 00 00 00 	mov    rax,QWORD PTR [rax+0x80]
  402c0c:	48 29 c2             	sub    rdx,rax
  402c0f:	49 89 d6             	mov    r14,rdx
  402c12:	48 8b 45 d0          	mov    rax,QWORD PTR [rbp-0x30]
  402c16:	48 8b 50 48          	mov    rdx,QWORD PTR [rax+0x48]
  402c1a:	48 8b 45 d8          	mov    rax,QWORD PTR [rbp-0x28]
  402c1e:	48 8b 40 48          	mov    rax,QWORD PTR [rax+0x48]
  402c22:	48 29 c2             	sub    rdx,rax
  402c25:	49 89 d5             	mov    r13,rdx
  402c28:	48 8b 45 d0          	mov    rax,QWORD PTR [rbp-0x30]
  402c2c:	48 8b 50 40          	mov    rdx,QWORD PTR [rax+0x40]
  402c30:	48 8b 45 d8          	mov    rax,QWORD PTR [rbp-0x28]
  402c34:	48 8b 40 40          	mov    rax,QWORD PTR [rax+0x40]
  402c38:	48 89 d3             	mov    rbx,rdx
  402c3b:	48 29 c3             	sub    rbx,rax
  402c3e:	e8 3d f6 ff ff       	call   402280 <sched_getcpu@plt>
  402c43:	89 c2                	mov    edx,eax
  402c45:	48 8b 05 d4 c5 00 00 	mov    rax,QWORD PTR [rip+0xc5d4]        # 40f220 <stderr@@GLIBC_2.2.5>
  402c4c:	48 83 ec 08          	sub    rsp,0x8
  402c50:	41 54                	push   r12
  402c52:	4d 89 f1             	mov    r9,r14
  402c55:	4d 89 e8             	mov    r8,r13
  402c58:	48 89 d9             	mov    rcx,rbx
  402c5b:	be c8 a1 40 00       	mov    esi,0x40a1c8
  402c60:	48 89 c7             	mov    rdi,rax
  402c63:	b8 00 00 00 00       	mov    eax,0x0
  402c68:	e8 53 f6 ff ff       	call   4022c0 <fprintf@plt>
  402c6d:	48 83 c4 10          	add    rsp,0x10
  402c71:	90                   	nop
  402c72:	48 8d 65 e0          	lea    rsp,[rbp-0x20]
  402c76:	5b                   	pop    rbx
  402c77:	41 5c                	pop    r12
  402c79:	41 5d                	pop    r13
  402c7b:	41 5e                	pop    r14
  402c7d:	5d                   	pop    rbp
  402c7e:	c3                   	ret    

0000000000402c7f <_ZL11log_mappingPKvPKc>:
  402c7f:	55                   	push   rbp
  402c80:	48 89 e5             	mov    rbp,rsp
  402c83:	48 81 ec 40 02 00 00 	sub    rsp,0x240
  402c8a:	48 89 bd c8 fd ff ff 	mov    QWORD PTR [rbp-0x238],rdi
  402c91:	48 89 b5 c0 fd ff ff 	mov    QWORD PTR [rbp-0x240],rsi
  402c98:	be 26 a2 40 00       	mov    esi,0x40a226
  402c9d:	bf 28 a2 40 00       	mov    edi,0x40a228
  402ca2:	e8 69 f5 ff ff       	call   402210 <fopen@plt>
  402ca7:	48 89 45 e8          	mov    QWORD PTR [rbp-0x18],rax
  402cab:	48 83 7d e8 00       	cmp    QWORD PTR [rbp-0x18],0x0
  402cb0:	75 0a                	jne    402cbc <_ZL11log_mappingPKvPKc+0x3d>
  402cb2:	bf 39 a2 40 00       	mov    edi,0x40a239
  402cb7:	e8 8b f8 ff ff       	call   402547 <_ZL4failPKc>
  402cbc:	48 c7 85 d8 fd ff ff 	mov    QWORD PTR [rbp-0x228],0x0
  402cc3:	00 00 00 00 
  402cc7:	48 c7 85 d0 fd ff ff 	mov    QWORD PTR [rbp-0x230],0x0
  402cce:	00 00 00 00 
  402cd2:	48 c7 45 f8 00 00 00 	mov    QWORD PTR [rbp-0x8],0x0
  402cd9:	00 
  402cda:	c6 45 f7 00          	mov    BYTE PTR [rbp-0x9],0x0
  402cde:	e8 9d f5 ff ff       	call   402280 <sched_getcpu@plt>
  402ce3:	89 c6                	mov    esi,eax
  402ce5:	48 8b 05 34 c5 00 00 	mov    rax,QWORD PTR [rip+0xc534]        # 40f220 <stderr@@GLIBC_2.2.5>
  402cec:	48 8b 8d c8 fd ff ff 	mov    rcx,QWORD PTR [rbp-0x238]
  402cf3:	48 8b 95 c0 fd ff ff 	mov    rdx,QWORD PTR [rbp-0x240]
  402cfa:	41 89 f0             	mov    r8d,esi
  402cfd:	be 3f a2 40 00       	mov    esi,0x40a23f
  402d02:	48 89 c7             	mov    rdi,rax
  402d05:	b8 00 00 00 00       	mov    eax,0x0
  402d0a:	e8 b1 f5 ff ff       	call   4022c0 <fprintf@plt>
  402d0f:	e9 ed 00 00 00       	jmp    402e01 <_ZL11log_mappingPKvPKc+0x182>
  402d14:	48 8d 8d d0 fd ff ff 	lea    rcx,[rbp-0x230]
  402d1b:	48 8d 95 d8 fd ff ff 	lea    rdx,[rbp-0x228]
  402d22:	48 8d 85 e0 fd ff ff 	lea    rax,[rbp-0x220]
  402d29:	be 5a a2 40 00       	mov    esi,0x40a25a
  402d2e:	48 89 c7             	mov    rdi,rax
  402d31:	b8 00 00 00 00       	mov    eax,0x0
  402d36:	e8 65 f4 ff ff       	call   4021a0 <__isoc99_sscanf@plt>
  402d3b:	83 f8 02             	cmp    eax,0x2
  402d3e:	0f 94 c0             	sete   al
  402d41:	84 c0                	test   al,al
  402d43:	74 46                	je     402d8b <_ZL11log_mappingPKvPKc+0x10c>
  402d45:	48 8b 95 c8 fd ff ff 	mov    rdx,QWORD PTR [rbp-0x238]
  402d4c:	48 8b 85 d8 fd ff ff 	mov    rax,QWORD PTR [rbp-0x228]
  402d53:	48 39 c2             	cmp    rdx,rax
  402d56:	72 1a                	jb     402d72 <_ZL11log_mappingPKvPKc+0xf3>
  402d58:	48 8b 95 c8 fd ff ff 	mov    rdx,QWORD PTR [rbp-0x238]
  402d5f:	48 8b 85 d0 fd ff ff 	mov    rax,QWORD PTR [rbp-0x230]
  402d66:	48 39 c2             	cmp    rdx,rax
  402d69:	73 07                	jae    402d72 <_ZL11log_mappingPKvPKc+0xf3>
  402d6b:	b8 01 00 00 00       	mov    eax,0x1
  402d70:	eb 05                	jmp    402d77 <_ZL11log_mappingPKvPKc+0xf8>
  402d72:	b8 00 00 00 00       	mov    eax,0x0
  402d77:	88 45 f7             	mov    BYTE PTR [rbp-0x9],al
  402d7a:	80 7d f7 00          	cmp    BYTE PTR [rbp-0x9],0x0
  402d7e:	74 0b                	je     402d8b <_ZL11log_mappingPKvPKc+0x10c>
  402d80:	48 8b 85 d8 fd ff ff 	mov    rax,QWORD PTR [rbp-0x228]
  402d87:	48 89 45 f8          	mov    QWORD PTR [rbp-0x8],rax
  402d8b:	80 7d f7 00          	cmp    BYTE PTR [rbp-0x9],0x0
  402d8f:	74 70                	je     402e01 <_ZL11log_mappingPKvPKc+0x182>
  402d91:	48 8d 85 e0 fd ff ff 	lea    rax,[rbp-0x220]
  402d98:	ba 0e 00 00 00       	mov    edx,0xe
  402d9d:	be 62 a2 40 00       	mov    esi,0x40a262
  402da2:	48 89 c7             	mov    rdi,rax
  402da5:	e8 26 f3 ff ff       	call   4020d0 <strncmp@plt>
  402daa:	85 c0                	test   eax,eax
  402dac:	74 3a                	je     402de8 <_ZL11log_mappingPKvPKc+0x169>
  402dae:	48 8d 85 e0 fd ff ff 	lea    rax,[rbp-0x220]
  402db5:	ba 0f 00 00 00       	mov    edx,0xf
  402dba:	be 71 a2 40 00       	mov    esi,0x40a271
  402dbf:	48 89 c7             	mov    rdi,rax
  402dc2:	e8 09 f3 ff ff       	call   4020d0 <strncmp@plt>
  402dc7:	85 c0                	test   eax,eax
  402dc9:	74 1d                	je     402de8 <_ZL11log_mappingPKvPKc+0x169>
  402dcb:	48 8d 85 e0 fd ff ff 	lea    rax,[rbp-0x220]
  402dd2:	ba 05 00 00 00       	mov    edx,0x5
  402dd7:	be 81 a2 40 00       	mov    esi,0x40a281
  402ddc:	48 89 c7             	mov    rdi,rax
  402ddf:	e8 ec f2 ff ff       	call   4020d0 <strncmp@plt>
  402de4:	85 c0                	test   eax,eax
  402de6:	75 19                	jne    402e01 <_ZL11log_mappingPKvPKc+0x182>
  402de8:	48 8b 15 31 c4 00 00 	mov    rdx,QWORD PTR [rip+0xc431]        # 40f220 <stderr@@GLIBC_2.2.5>
  402def:	48 8d 85 e0 fd ff ff 	lea    rax,[rbp-0x220]
  402df6:	48 89 d6             	mov    rsi,rdx
  402df9:	48 89 c7             	mov    rdi,rax
  402dfc:	e8 ff f3 ff ff       	call   402200 <fputs@plt>
  402e01:	48 8b 55 e8          	mov    rdx,QWORD PTR [rbp-0x18]
  402e05:	48 8d 85 e0 fd ff ff 	lea    rax,[rbp-0x220]
  402e0c:	be 00 02 00 00       	mov    esi,0x200
  402e11:	48 89 c7             	mov    rdi,rax
  402e14:	e8 07 f5 ff ff       	call   402320 <fgets@plt>
  402e19:	48 85 c0             	test   rax,rax
  402e1c:	0f 95 c0             	setne  al
  402e1f:	84 c0                	test   al,al
  402e21:	0f 85 ed fe ff ff    	jne    402d14 <_ZL11log_mappingPKvPKc+0x95>
  402e27:	48 8b 45 e8          	mov    rax,QWORD PTR [rbp-0x18]
  402e2b:	48 89 c7             	mov    rdi,rax
  402e2e:	e8 8d f3 ff ff       	call   4021c0 <fclose@plt>
  402e33:	be 26 a2 40 00       	mov    esi,0x40a226
  402e38:	bf 87 a2 40 00       	mov    edi,0x40a287
  402e3d:	e8 ce f3 ff ff       	call   402210 <fopen@plt>
  402e42:	48 89 45 e8          	mov    QWORD PTR [rbp-0x18],rax
  402e46:	48 83 7d e8 00       	cmp    QWORD PTR [rbp-0x18],0x0
  402e4b:	75 6e                	jne    402ebb <_ZL11log_mappingPKvPKc+0x23c>
  402e4d:	bf 9c a2 40 00       	mov    edi,0x40a29c
  402e52:	e8 f0 f6 ff ff       	call   402547 <_ZL4failPKc>
  402e57:	eb 62                	jmp    402ebb <_ZL11log_mappingPKvPKc+0x23c>
  402e59:	48 8d 95 d8 fd ff ff 	lea    rdx,[rbp-0x228]
  402e60:	48 8d 85 e0 fd ff ff 	lea    rax,[rbp-0x220]
  402e67:	be a6 a2 40 00       	mov    esi,0x40a2a6
  402e6c:	48 89 c7             	mov    rdi,rax
  402e6f:	b8 00 00 00 00       	mov    eax,0x0
  402e74:	e8 27 f3 ff ff       	call   4021a0 <__isoc99_sscanf@plt>
  402e79:	83 f8 01             	cmp    eax,0x1
  402e7c:	75 14                	jne    402e92 <_ZL11log_mappingPKvPKc+0x213>
  402e7e:	48 8b 85 d8 fd ff ff 	mov    rax,QWORD PTR [rbp-0x228]
  402e85:	48 39 45 f8          	cmp    QWORD PTR [rbp-0x8],rax
  402e89:	75 07                	jne    402e92 <_ZL11log_mappingPKvPKc+0x213>
  402e8b:	b8 01 00 00 00       	mov    eax,0x1
  402e90:	eb 05                	jmp    402e97 <_ZL11log_mappingPKvPKc+0x218>
  402e92:	b8 00 00 00 00       	mov    eax,0x0
  402e97:	84 c0                	test   al,al
  402e99:	74 20                	je     402ebb <_ZL11log_mappingPKvPKc+0x23c>
  402e9b:	48 8b 05 7e c3 00 00 	mov    rax,QWORD PTR [rip+0xc37e]        # 40f220 <stderr@@GLIBC_2.2.5>
  402ea2:	48 8d 95 e0 fd ff ff 	lea    rdx,[rbp-0x220]
  402ea9:	be aa a2 40 00       	mov    esi,0x40a2aa
  402eae:	48 89 c7             	mov    rdi,rax
  402eb1:	b8 00 00 00 00       	mov    eax,0x0
  402eb6:	e8 05 f4 ff ff       	call   4022c0 <fprintf@plt>
  402ebb:	48 8b 55 e8          	mov    rdx,QWORD PTR [rbp-0x18]
  402ebf:	48 8d 85 e0 fd ff ff 	lea    rax,[rbp-0x220]
  402ec6:	be 00 02 00 00       	mov    esi,0x200
  402ecb:	48 89 c7             	mov    rdi,rax
  402ece:	e8 4d f4 ff ff       	call   402320 <fgets@plt>
  402ed3:	48 85 c0             	test   rax,rax
  402ed6:	0f 95 c0             	setne  al
  402ed9:	84 c0                	test   al,al
  402edb:	0f 85 78 ff ff ff    	jne    402e59 <_ZL11log_mappingPKvPKc+0x1da>
  402ee1:	48 8b 45 e8          	mov    rax,QWORD PTR [rbp-0x18]
  402ee5:	48 89 c7             	mov    rdi,rax
  402ee8:	e8 d3 f2 ff ff       	call   4021c0 <fclose@plt>
  402eed:	90                   	nop
  402eee:	c9                   	leave  
  402eef:	c3                   	ret    

0000000000402ef0 <_ZL9tsc_startv>:
  402ef0:	55                   	push   rbp
  402ef1:	48 89 e5             	mov    rbp,rsp
  402ef4:	e8 fd f5 ff ff       	call   4024f6 <_ZL11timer_startv>
  402ef9:	5d                   	pop    rbp
  402efa:	c3                   	ret    

0000000000402efb <_ZL8tsc_stopv>:
  402efb:	55                   	push   rbp
  402efc:	48 89 e5             	mov    rbp,rsp
  402eff:	e8 12 f6 ff ff       	call   402516 <_ZL10timer_stopv>
  402f04:	5d                   	pop    rbp
  402f05:	c3                   	ret    

0000000000402f06 <_ZL15parse_size_listRKNSt7__cxx1112basic_stringIcSt11char_traitsIcESaIcEEE>:
  402f06:	55                   	push   rbp
  402f07:	48 89 e5             	mov    rbp,rsp
  402f0a:	53                   	push   rbx
  402f0b:	48 83 ec 58          	sub    rsp,0x58
  402f0f:	48 89 7d a8          	mov    QWORD PTR [rbp-0x58],rdi
  402f13:	48 89 75 a0          	mov    QWORD PTR [rbp-0x60],rsi
  402f17:	48 8b 45 a8          	mov    rax,QWORD PTR [rbp-0x58]
  402f1b:	48 89 c7             	mov    rdi,rax
  402f1e:	e8 19 24 00 00       	call   40533c <_ZNSt6vectorImSaImEEC1Ev>
  402f23:	48 c7 45 e8 00 00 00 	mov    QWORD PTR [rbp-0x18],0x0
  402f2a:	00 
  402f2b:	e9 b5 00 00 00       	jmp    402fe5 <_ZL15parse_size_listRKNSt7__cxx1112basic_stringIcSt11char_traitsIcESaIcEEE+0xdf>
  402f30:	48 8b 55 e8          	mov    rdx,QWORD PTR [rbp-0x18]
  402f34:	48 8b 45 a0          	mov    rax,QWORD PTR [rbp-0x60]
  402f38:	be 2c 00 00 00       	mov    esi,0x2c
  402f3d:	48 89 c7             	mov    rdi,rax
  402f40:	e8 fb f2 ff ff       	call   402240 <_ZNKSt7__cxx1112basic_stringIcSt11char_traitsIcESaIcEE4findEcm@plt>
  402f45:	48 89 45 e0          	mov    QWORD PTR [rbp-0x20],rax
  402f49:	48 83 7d e0 ff       	cmp    QWORD PTR [rbp-0x20],0xffffffffffffffff
  402f4e:	74 0a                	je     402f5a <_ZL15parse_size_listRKNSt7__cxx1112basic_stringIcSt11char_traitsIcESaIcEEE+0x54>
  402f50:	48 8b 45 e0          	mov    rax,QWORD PTR [rbp-0x20]
  402f54:	48 2b 45 e8          	sub    rax,QWORD PTR [rbp-0x18]
  402f58:	eb 07                	jmp    402f61 <_ZL15parse_size_listRKNSt7__cxx1112basic_stringIcSt11char_traitsIcESaIcEEE+0x5b>
  402f5a:	48 c7 c0 ff ff ff ff 	mov    rax,0xffffffffffffffff
  402f61:	48 8d 7d b0          	lea    rdi,[rbp-0x50]
  402f65:	48 8b 55 e8          	mov    rdx,QWORD PTR [rbp-0x18]
  402f69:	48 8b 75 a0          	mov    rsi,QWORD PTR [rbp-0x60]
  402f6d:	48 89 c1             	mov    rcx,rax
  402f70:	e8 6b f2 ff ff       	call   4021e0 <_ZNKSt7__cxx1112basic_stringIcSt11char_traitsIcESaIcEE6substrEmm@plt>
  402f75:	48 8d 45 b0          	lea    rax,[rbp-0x50]
  402f79:	48 89 c7             	mov    rdi,rax
  402f7c:	e8 df f3 ff ff       	call   402360 <_ZNKSt7__cxx1112basic_stringIcSt11char_traitsIcESaIcEE5emptyEv@plt>
  402f81:	83 f0 01             	xor    eax,0x1
  402f84:	84 c0                	test   al,al
  402f86:	74 2d                	je     402fb5 <_ZL15parse_size_listRKNSt7__cxx1112basic_stringIcSt11char_traitsIcESaIcEEE+0xaf>
  402f88:	48 8d 45 b0          	lea    rax,[rbp-0x50]
  402f8c:	ba 0a 00 00 00       	mov    edx,0xa
  402f91:	be 00 00 00 00       	mov    esi,0x0
  402f96:	48 89 c7             	mov    rdi,rax
  402f99:	e8 25 23 00 00       	call   4052c3 <_ZNSt7__cxx115stoulERKNS_12basic_stringIcSt11char_traitsIcESaIcEEEPmi>
  402f9e:	48 89 45 d8          	mov    QWORD PTR [rbp-0x28],rax
  402fa2:	48 8d 55 d8          	lea    rdx,[rbp-0x28]
  402fa6:	48 8b 45 a8          	mov    rax,QWORD PTR [rbp-0x58]
  402faa:	48 89 d6             	mov    rsi,rdx
  402fad:	48 89 c7             	mov    rdi,rax
  402fb0:	e8 4f 26 00 00       	call   405604 <_ZNSt6vectorImSaImEE9push_backEOm>
  402fb5:	48 83 7d e0 ff       	cmp    QWORD PTR [rbp-0x20],0xffffffffffffffff
  402fba:	75 07                	jne    402fc3 <_ZL15parse_size_listRKNSt7__cxx1112basic_stringIcSt11char_traitsIcESaIcEEE+0xbd>
  402fbc:	bb 00 00 00 00       	mov    ebx,0x0
  402fc1:	eb 11                	jmp    402fd4 <_ZL15parse_size_listRKNSt7__cxx1112basic_stringIcSt11char_traitsIcESaIcEEE+0xce>
  402fc3:	48 8b 45 e0          	mov    rax,QWORD PTR [rbp-0x20]
  402fc7:	48 83 c0 01          	add    rax,0x1
  402fcb:	48 89 45 e8          	mov    QWORD PTR [rbp-0x18],rax
  402fcf:	bb 01 00 00 00       	mov    ebx,0x1
  402fd4:	48 8d 45 b0          	lea    rax,[rbp-0x50]
  402fd8:	48 89 c7             	mov    rdi,rax
  402fdb:	e8 50 f1 ff ff       	call   402130 <_ZNSt7__cxx1112basic_stringIcSt11char_traitsIcESaIcEED1Ev@plt>
  402fe0:	83 fb 01             	cmp    ebx,0x1
  402fe3:	75 48                	jne    40302d <_ZL15parse_size_listRKNSt7__cxx1112basic_stringIcSt11char_traitsIcESaIcEEE+0x127>
  402fe5:	48 8b 45 a0          	mov    rax,QWORD PTR [rbp-0x60]
  402fe9:	48 89 c7             	mov    rdi,rax
  402fec:	e8 4f f1 ff ff       	call   402140 <_ZNKSt7__cxx1112basic_stringIcSt11char_traitsIcESaIcEE4sizeEv@plt>
  402ff1:	48 39 45 e8          	cmp    QWORD PTR [rbp-0x18],rax
  402ff5:	0f 92 c0             	setb   al
  402ff8:	84 c0                	test   al,al
  402ffa:	0f 85 30 ff ff ff    	jne    402f30 <_ZL15parse_size_listRKNSt7__cxx1112basic_stringIcSt11char_traitsIcESaIcEEE+0x2a>
  403000:	eb 2b                	jmp    40302d <_ZL15parse_size_listRKNSt7__cxx1112basic_stringIcSt11char_traitsIcESaIcEEE+0x127>
  403002:	48 89 c3             	mov    rbx,rax
  403005:	48 8d 45 b0          	lea    rax,[rbp-0x50]
  403009:	48 89 c7             	mov    rdi,rax
  40300c:	e8 1f f1 ff ff       	call   402130 <_ZNSt7__cxx1112basic_stringIcSt11char_traitsIcESaIcEED1Ev@plt>
  403011:	eb 03                	jmp    403016 <_ZL15parse_size_listRKNSt7__cxx1112basic_stringIcSt11char_traitsIcESaIcEEE+0x110>
  403013:	48 89 c3             	mov    rbx,rax
  403016:	48 8b 45 a8          	mov    rax,QWORD PTR [rbp-0x58]
  40301a:	48 89 c7             	mov    rdi,rax
  40301d:	e8 9e 25 00 00       	call   4055c0 <_ZNSt6vectorImSaImEED1Ev>
  403022:	48 89 d8             	mov    rax,rbx
  403025:	48 89 c7             	mov    rdi,rax
  403028:	e8 63 f3 ff ff       	call   402390 <_Unwind_Resume@plt>
  40302d:	90                   	nop
  40302e:	48 8b 45 a8          	mov    rax,QWORD PTR [rbp-0x58]
  403032:	48 8b 5d f8          	mov    rbx,QWORD PTR [rbp-0x8]
  403036:	c9                   	leave  
  403037:	c3                   	ret    

0000000000403038 <_Z10parse_argsiPPcR6Config>:
  403038:	55                   	push   rbp
  403039:	48 89 e5             	mov    rbp,rsp
  40303c:	41 54                	push   r12
  40303e:	53                   	push   rbx
  40303f:	48 81 ec 40 02 00 00 	sub    rsp,0x240
  403046:	89 bd cc fd ff ff    	mov    DWORD PTR [rbp-0x234],edi
  40304c:	48 89 b5 c0 fd ff ff 	mov    QWORD PTR [rbp-0x240],rsi
  403053:	48 89 95 b8 fd ff ff 	mov    QWORD PTR [rbp-0x248],rdx
  40305a:	48 8b 85 b8 fd ff ff 	mov    rax,QWORD PTR [rbp-0x248]
  403061:	48 c7 40 68 40 00 00 	mov    QWORD PTR [rax+0x68],0x40
  403068:	00 
  403069:	48 8b 85 b8 fd ff ff 	mov    rax,QWORD PTR [rbp-0x248]
  403070:	48 c7 80 88 00 00 00 	mov    QWORD PTR [rax+0x88],0x80
  403077:	80 00 00 00 
  40307b:	c7 45 ec 01 00 00 00 	mov    DWORD PTR [rbp-0x14],0x1
  403082:	e9 07 0a 00 00       	jmp    403a8e <_Z10parse_argsiPPcR6Config+0xa56>
  403087:	48 8d 85 ff fd ff ff 	lea    rax,[rbp-0x201]
  40308e:	48 89 c7             	mov    rdi,rax
  403091:	e8 0a f3 ff ff       	call   4023a0 <_ZNSaIcEC1Ev@plt>
  403096:	8b 45 ec             	mov    eax,DWORD PTR [rbp-0x14]
  403099:	48 98                	cdqe   
  40309b:	48 8d 14 c5 00 00 00 	lea    rdx,[rax*8+0x0]
  4030a2:	00 
  4030a3:	48 8b 85 c0 fd ff ff 	mov    rax,QWORD PTR [rbp-0x240]
  4030aa:	48 01 d0             	add    rax,rdx
  4030ad:	48 8b 08             	mov    rcx,QWORD PTR [rax]
  4030b0:	48 8d 95 ff fd ff ff 	lea    rdx,[rbp-0x201]
  4030b7:	48 8d 85 d0 fd ff ff 	lea    rax,[rbp-0x230]
  4030be:	48 89 ce             	mov    rsi,rcx
  4030c1:	48 89 c7             	mov    rdi,rax
  4030c4:	e8 a7 f1 ff ff       	call   402270 <_ZNSt7__cxx1112basic_stringIcSt11char_traitsIcESaIcEEC1EPKcRKS3_@plt>
  4030c9:	48 8d 85 ff fd ff ff 	lea    rax,[rbp-0x201]
  4030d0:	48 89 c7             	mov    rdi,rax
  4030d3:	e8 18 f1 ff ff       	call   4021f0 <_ZNSaIcED1Ev@plt>
  4030d8:	48 8d 85 d0 fd ff ff 	lea    rax,[rbp-0x230]
  4030df:	be bb a2 40 00       	mov    esi,0x40a2bb
  4030e4:	48 89 c7             	mov    rdi,rax
  4030e7:	e8 49 25 00 00       	call   405635 <_ZSteqIcSt11char_traitsIcESaIcEEbRKNSt7__cxx1112basic_stringIT_T0_T1_EEPKS5_>
  4030ec:	84 c0                	test   al,al
  4030ee:	74 15                	je     403105 <_Z10parse_argsiPPcR6Config+0xcd>
  4030f0:	8b 45 ec             	mov    eax,DWORD PTR [rbp-0x14]
  4030f3:	83 c0 01             	add    eax,0x1
  4030f6:	39 85 cc fd ff ff    	cmp    DWORD PTR [rbp-0x234],eax
  4030fc:	7e 07                	jle    403105 <_Z10parse_argsiPPcR6Config+0xcd>
  4030fe:	b8 01 00 00 00       	mov    eax,0x1
  403103:	eb 05                	jmp    40310a <_Z10parse_argsiPPcR6Config+0xd2>
  403105:	b8 00 00 00 00       	mov    eax,0x0
  40310a:	84 c0                	test   al,al
  40310c:	74 35                	je     403143 <_Z10parse_argsiPPcR6Config+0x10b>
  40310e:	83 45 ec 01          	add    DWORD PTR [rbp-0x14],0x1
  403112:	8b 45 ec             	mov    eax,DWORD PTR [rbp-0x14]
  403115:	48 98                	cdqe   
  403117:	48 8d 14 c5 00 00 00 	lea    rdx,[rax*8+0x0]
  40311e:	00 
  40311f:	48 8b 85 c0 fd ff ff 	mov    rax,QWORD PTR [rbp-0x240]
  403126:	48 01 d0             	add    rax,rdx
  403129:	48 8b 10             	mov    rdx,QWORD PTR [rax]
  40312c:	48 8b 85 b8 fd ff ff 	mov    rax,QWORD PTR [rbp-0x248]
  403133:	48 89 d6             	mov    rsi,rdx
  403136:	48 89 c7             	mov    rdi,rax
  403139:	e8 22 f1 ff ff       	call   402260 <_ZNSt7__cxx1112basic_stringIcSt11char_traitsIcESaIcEEaSEPKc@plt>
  40313e:	e9 2a 09 00 00       	jmp    403a6d <_Z10parse_argsiPPcR6Config+0xa35>
  403143:	48 8d 85 d0 fd ff ff 	lea    rax,[rbp-0x230]
  40314a:	be c8 a2 40 00       	mov    esi,0x40a2c8
  40314f:	48 89 c7             	mov    rdi,rax
  403152:	e8 de 24 00 00       	call   405635 <_ZSteqIcSt11char_traitsIcESaIcEEbRKNSt7__cxx1112basic_stringIT_T0_T1_EEPKS5_>
  403157:	84 c0                	test   al,al
  403159:	74 15                	je     403170 <_Z10parse_argsiPPcR6Config+0x138>
  40315b:	8b 45 ec             	mov    eax,DWORD PTR [rbp-0x14]
  40315e:	83 c0 01             	add    eax,0x1
  403161:	39 85 cc fd ff ff    	cmp    DWORD PTR [rbp-0x234],eax
  403167:	7e 07                	jle    403170 <_Z10parse_argsiPPcR6Config+0x138>
  403169:	b8 01 00 00 00       	mov    eax,0x1
  40316e:	eb 05                	jmp    403175 <_Z10parse_argsiPPcR6Config+0x13d>
  403170:	b8 00 00 00 00       	mov    eax,0x0
  403175:	84 c0                	test   al,al
  403177:	74 39                	je     4031b2 <_Z10parse_argsiPPcR6Config+0x17a>
  403179:	83 45 ec 01          	add    DWORD PTR [rbp-0x14],0x1
  40317d:	8b 45 ec             	mov    eax,DWORD PTR [rbp-0x14]
  403180:	48 98                	cdqe   
  403182:	48 8d 14 c5 00 00 00 	lea    rdx,[rax*8+0x0]
  403189:	00 
  40318a:	48 8b 85 c0 fd ff ff 	mov    rax,QWORD PTR [rbp-0x240]
  403191:	48 01 d0             	add    rax,rdx
  403194:	48 8b 00             	mov    rax,QWORD PTR [rax]
  403197:	48 8b 95 b8 fd ff ff 	mov    rdx,QWORD PTR [rbp-0x248]
  40319e:	48 83 c2 20          	add    rdx,0x20
  4031a2:	48 89 c6             	mov    rsi,rax
  4031a5:	48 89 d7             	mov    rdi,rdx
  4031a8:	e8 b3 f0 ff ff       	call   402260 <_ZNSt7__cxx1112basic_stringIcSt11char_traitsIcESaIcEEaSEPKc@plt>
  4031ad:	e9 bb 08 00 00       	jmp    403a6d <_Z10parse_argsiPPcR6Config+0xa35>
  4031b2:	48 8d 85 d0 fd ff ff 	lea    rax,[rbp-0x230]
  4031b9:	be d5 a2 40 00       	mov    esi,0x40a2d5
  4031be:	48 89 c7             	mov    rdi,rax
  4031c1:	e8 6f 24 00 00       	call   405635 <_ZSteqIcSt11char_traitsIcESaIcEEbRKNSt7__cxx1112basic_stringIT_T0_T1_EEPKS5_>
  4031c6:	84 c0                	test   al,al
  4031c8:	74 15                	je     4031df <_Z10parse_argsiPPcR6Config+0x1a7>
  4031ca:	8b 45 ec             	mov    eax,DWORD PTR [rbp-0x14]
  4031cd:	83 c0 01             	add    eax,0x1
  4031d0:	39 85 cc fd ff ff    	cmp    DWORD PTR [rbp-0x234],eax
  4031d6:	7e 07                	jle    4031df <_Z10parse_argsiPPcR6Config+0x1a7>
  4031d8:	b8 01 00 00 00       	mov    eax,0x1
  4031dd:	eb 05                	jmp    4031e4 <_Z10parse_argsiPPcR6Config+0x1ac>
  4031df:	b8 00 00 00 00       	mov    eax,0x0
  4031e4:	84 c0                	test   al,al
  4031e6:	74 39                	je     403221 <_Z10parse_argsiPPcR6Config+0x1e9>
  4031e8:	83 45 ec 01          	add    DWORD PTR [rbp-0x14],0x1
  4031ec:	8b 45 ec             	mov    eax,DWORD PTR [rbp-0x14]
  4031ef:	48 98                	cdqe   
  4031f1:	48 8d 14 c5 00 00 00 	lea    rdx,[rax*8+0x0]
  4031f8:	00 
  4031f9:	48 8b 85 c0 fd ff ff 	mov    rax,QWORD PTR [rbp-0x240]
  403200:	48 01 d0             	add    rax,rdx
  403203:	48 8b 00             	mov    rax,QWORD PTR [rax]
  403206:	48 8b 95 b8 fd ff ff 	mov    rdx,QWORD PTR [rbp-0x248]
  40320d:	48 83 c2 40          	add    rdx,0x40
  403211:	48 89 c6             	mov    rsi,rax
  403214:	48 89 d7             	mov    rdi,rdx
  403217:	e8 44 f0 ff ff       	call   402260 <_ZNSt7__cxx1112basic_stringIcSt11char_traitsIcESaIcEEaSEPKc@plt>
  40321c:	e9 4c 08 00 00       	jmp    403a6d <_Z10parse_argsiPPcR6Config+0xa35>
  403221:	48 8d 85 d0 fd ff ff 	lea    rax,[rbp-0x230]
  403228:	be e4 a2 40 00       	mov    esi,0x40a2e4
  40322d:	48 89 c7             	mov    rdi,rax
  403230:	e8 00 24 00 00       	call   405635 <_ZSteqIcSt11char_traitsIcESaIcEEbRKNSt7__cxx1112basic_stringIT_T0_T1_EEPKS5_>
  403235:	84 c0                	test   al,al
  403237:	74 15                	je     40324e <_Z10parse_argsiPPcR6Config+0x216>
  403239:	8b 45 ec             	mov    eax,DWORD PTR [rbp-0x14]
  40323c:	83 c0 01             	add    eax,0x1
  40323f:	39 85 cc fd ff ff    	cmp    DWORD PTR [rbp-0x234],eax
  403245:	7e 07                	jle    40324e <_Z10parse_argsiPPcR6Config+0x216>
  403247:	b8 01 00 00 00       	mov    eax,0x1
  40324c:	eb 05                	jmp    403253 <_Z10parse_argsiPPcR6Config+0x21b>
  40324e:	b8 00 00 00 00       	mov    eax,0x0
  403253:	84 c0                	test   al,al
  403255:	0f 84 8d 00 00 00    	je     4032e8 <_Z10parse_argsiPPcR6Config+0x2b0>
  40325b:	48 8d 85 2f fe ff ff 	lea    rax,[rbp-0x1d1]
  403262:	48 89 c7             	mov    rdi,rax
  403265:	e8 36 f1 ff ff       	call   4023a0 <_ZNSaIcEC1Ev@plt>
  40326a:	83 45 ec 01          	add    DWORD PTR [rbp-0x14],0x1
  40326e:	8b 45 ec             	mov    eax,DWORD PTR [rbp-0x14]
  403271:	48 98                	cdqe   
  403273:	48 8d 14 c5 00 00 00 	lea    rdx,[rax*8+0x0]
  40327a:	00 
  40327b:	48 8b 85 c0 fd ff ff 	mov    rax,QWORD PTR [rbp-0x240]
  403282:	48 01 d0             	add    rax,rdx
  403285:	48 8b 08             	mov    rcx,QWORD PTR [rax]
  403288:	48 8d 95 2f fe ff ff 	lea    rdx,[rbp-0x1d1]
  40328f:	48 8d 85 00 fe ff ff 	lea    rax,[rbp-0x200]
  403296:	48 89 ce             	mov    rsi,rcx
  403299:	48 89 c7             	mov    rdi,rax
  40329c:	e8 cf ef ff ff       	call   402270 <_ZNSt7__cxx1112basic_stringIcSt11char_traitsIcESaIcEEC1EPKcRKS3_@plt>
  4032a1:	48 8d 85 00 fe ff ff 	lea    rax,[rbp-0x200]
  4032a8:	ba 0a 00 00 00       	mov    edx,0xa
  4032ad:	be 00 00 00 00       	mov    esi,0x0
  4032b2:	48 89 c7             	mov    rdi,rax
  4032b5:	e8 09 20 00 00       	call   4052c3 <_ZNSt7__cxx115stoulERKNS_12basic_stringIcSt11char_traitsIcESaIcEEEPmi>
  4032ba:	48 8b 95 b8 fd ff ff 	mov    rdx,QWORD PTR [rbp-0x248]
  4032c1:	48 89 42 60          	mov    QWORD PTR [rdx+0x60],rax
  4032c5:	48 8d 85 00 fe ff ff 	lea    rax,[rbp-0x200]
  4032cc:	48 89 c7             	mov    rdi,rax
  4032cf:	e8 5c ee ff ff       	call   402130 <_ZNSt7__cxx1112basic_stringIcSt11char_traitsIcESaIcEED1Ev@plt>
  4032d4:	48 8d 85 2f fe ff ff 	lea    rax,[rbp-0x1d1]
  4032db:	48 89 c7             	mov    rdi,rax
  4032de:	e8 0d ef ff ff       	call   4021f0 <_ZNSaIcED1Ev@plt>
  4032e3:	e9 85 07 00 00       	jmp    403a6d <_Z10parse_argsiPPcR6Config+0xa35>
  4032e8:	48 8d 85 d0 fd ff ff 	lea    rax,[rbp-0x230]
  4032ef:	be ef a2 40 00       	mov    esi,0x40a2ef
  4032f4:	48 89 c7             	mov    rdi,rax
  4032f7:	e8 39 23 00 00       	call   405635 <_ZSteqIcSt11char_traitsIcESaIcEEbRKNSt7__cxx1112basic_stringIT_T0_T1_EEPKS5_>
  4032fc:	84 c0                	test   al,al
  4032fe:	74 15                	je     403315 <_Z10parse_argsiPPcR6Config+0x2dd>
  403300:	8b 45 ec             	mov    eax,DWORD PTR [rbp-0x14]
  403303:	83 c0 01             	add    eax,0x1
  403306:	39 85 cc fd ff ff    	cmp    DWORD PTR [rbp-0x234],eax
  40330c:	7e 07                	jle    403315 <_Z10parse_argsiPPcR6Config+0x2dd>
  40330e:	b8 01 00 00 00       	mov    eax,0x1
  403313:	eb 05                	jmp    40331a <_Z10parse_argsiPPcR6Config+0x2e2>
  403315:	b8 00 00 00 00       	mov    eax,0x0
  40331a:	84 c0                	test   al,al
  40331c:	0f 84 8d 00 00 00    	je     4033af <_Z10parse_argsiPPcR6Config+0x377>
  403322:	48 8d 85 5f fe ff ff 	lea    rax,[rbp-0x1a1]
  403329:	48 89 c7             	mov    rdi,rax
  40332c:	e8 6f f0 ff ff       	call   4023a0 <_ZNSaIcEC1Ev@plt>
  403331:	83 45 ec 01          	add    DWORD PTR [rbp-0x14],0x1
  403335:	8b 45 ec             	mov    eax,DWORD PTR [rbp-0x14]
  403338:	48 98                	cdqe   
  40333a:	48 8d 14 c5 00 00 00 	lea    rdx,[rax*8+0x0]
  403341:	00 
  403342:	48 8b 85 c0 fd ff ff 	mov    rax,QWORD PTR [rbp-0x240]
  403349:	48 01 d0             	add    rax,rdx
  40334c:	48 8b 08             	mov    rcx,QWORD PTR [rax]
  40334f:	48 8d 95 5f fe ff ff 	lea    rdx,[rbp-0x1a1]
  403356:	48 8d 85 30 fe ff ff 	lea    rax,[rbp-0x1d0]
  40335d:	48 89 ce             	mov    rsi,rcx
  403360:	48 89 c7             	mov    rdi,rax
  403363:	e8 08 ef ff ff       	call   402270 <_ZNSt7__cxx1112basic_stringIcSt11char_traitsIcESaIcEEC1EPKcRKS3_@plt>
  403368:	48 8d 85 30 fe ff ff 	lea    rax,[rbp-0x1d0]
  40336f:	ba 0a 00 00 00       	mov    edx,0xa
  403374:	be 00 00 00 00       	mov    esi,0x0
  403379:	48 89 c7             	mov    rdi,rax
  40337c:	e8 42 1f 00 00       	call   4052c3 <_ZNSt7__cxx115stoulERKNS_12basic_stringIcSt11char_traitsIcESaIcEEEPmi>
  403381:	48 8b 95 b8 fd ff ff 	mov    rdx,QWORD PTR [rbp-0x248]
  403388:	48 89 42 68          	mov    QWORD PTR [rdx+0x68],rax
  40338c:	48 8d 85 30 fe ff ff 	lea    rax,[rbp-0x1d0]
  403393:	48 89 c7             	mov    rdi,rax
  403396:	e8 95 ed ff ff       	call   402130 <_ZNSt7__cxx1112basic_stringIcSt11char_traitsIcESaIcEED1Ev@plt>
  40339b:	48 8d 85 5f fe ff ff 	lea    rax,[rbp-0x1a1]
  4033a2:	48 89 c7             	mov    rdi,rax
  4033a5:	e8 46 ee ff ff       	call   4021f0 <_ZNSaIcED1Ev@plt>
  4033aa:	e9 be 06 00 00       	jmp    403a6d <_Z10parse_argsiPPcR6Config+0xa35>
  4033af:	48 8d 85 d0 fd ff ff 	lea    rax,[rbp-0x230]
  4033b6:	be fb a2 40 00       	mov    esi,0x40a2fb
  4033bb:	48 89 c7             	mov    rdi,rax
  4033be:	e8 72 22 00 00       	call   405635 <_ZSteqIcSt11char_traitsIcESaIcEEbRKNSt7__cxx1112basic_stringIT_T0_T1_EEPKS5_>
  4033c3:	84 c0                	test   al,al
  4033c5:	74 15                	je     4033dc <_Z10parse_argsiPPcR6Config+0x3a4>
  4033c7:	8b 45 ec             	mov    eax,DWORD PTR [rbp-0x14]
  4033ca:	83 c0 01             	add    eax,0x1
  4033cd:	39 85 cc fd ff ff    	cmp    DWORD PTR [rbp-0x234],eax
  4033d3:	7e 07                	jle    4033dc <_Z10parse_argsiPPcR6Config+0x3a4>
  4033d5:	b8 01 00 00 00       	mov    eax,0x1
  4033da:	eb 05                	jmp    4033e1 <_Z10parse_argsiPPcR6Config+0x3a9>
  4033dc:	b8 00 00 00 00       	mov    eax,0x0
  4033e1:	84 c0                	test   al,al
  4033e3:	0f 84 8d 00 00 00    	je     403476 <_Z10parse_argsiPPcR6Config+0x43e>
  4033e9:	48 8d 85 8f fe ff ff 	lea    rax,[rbp-0x171]
  4033f0:	48 89 c7             	mov    rdi,rax
  4033f3:	e8 a8 ef ff ff       	call   4023a0 <_ZNSaIcEC1Ev@plt>
  4033f8:	83 45 ec 01          	add    DWORD PTR [rbp-0x14],0x1
  4033fc:	8b 45 ec             	mov    eax,DWORD PTR [rbp-0x14]
  4033ff:	48 98                	cdqe   
  403401:	48 8d 14 c5 00 00 00 	lea    rdx,[rax*8+0x0]
  403408:	00 
  403409:	48 8b 85 c0 fd ff ff 	mov    rax,QWORD PTR [rbp-0x240]
  403410:	48 01 d0             	add    rax,rdx
  403413:	48 8b 08             	mov    rcx,QWORD PTR [rax]
  403416:	48 8d 95 8f fe ff ff 	lea    rdx,[rbp-0x171]
  40341d:	48 8d 85 60 fe ff ff 	lea    rax,[rbp-0x1a0]
  403424:	48 89 ce             	mov    rsi,rcx
  403427:	48 89 c7             	mov    rdi,rax
  40342a:	e8 41 ee ff ff       	call   402270 <_ZNSt7__cxx1112basic_stringIcSt11char_traitsIcESaIcEEC1EPKcRKS3_@plt>
  40342f:	48 8d 85 60 fe ff ff 	lea    rax,[rbp-0x1a0]
  403436:	ba 0a 00 00 00       	mov    edx,0xa
  40343b:	be 00 00 00 00       	mov    esi,0x0
  403440:	48 89 c7             	mov    rdi,rax
  403443:	e8 7b 1e 00 00       	call   4052c3 <_ZNSt7__cxx115stoulERKNS_12basic_stringIcSt11char_traitsIcESaIcEEEPmi>
  403448:	48 8b 95 b8 fd ff ff 	mov    rdx,QWORD PTR [rbp-0x248]
  40344f:	48 89 42 70          	mov    QWORD PTR [rdx+0x70],rax
  403453:	48 8d 85 60 fe ff ff 	lea    rax,[rbp-0x1a0]
  40345a:	48 89 c7             	mov    rdi,rax
  40345d:	e8 ce ec ff ff       	call   402130 <_ZNSt7__cxx1112basic_stringIcSt11char_traitsIcESaIcEED1Ev@plt>
  403462:	48 8d 85 8f fe ff ff 	lea    rax,[rbp-0x171]
  403469:	48 89 c7             	mov    rdi,rax
  40346c:	e8 7f ed ff ff       	call   4021f0 <_ZNSaIcED1Ev@plt>
  403471:	e9 f7 05 00 00       	jmp    403a6d <_Z10parse_argsiPPcR6Config+0xa35>
  403476:	48 8d 85 d0 fd ff ff 	lea    rax,[rbp-0x230]
  40347d:	be 03 a3 40 00       	mov    esi,0x40a303
  403482:	48 89 c7             	mov    rdi,rax
  403485:	e8 ab 21 00 00       	call   405635 <_ZSteqIcSt11char_traitsIcESaIcEEbRKNSt7__cxx1112basic_stringIT_T0_T1_EEPKS5_>
  40348a:	84 c0                	test   al,al
  40348c:	74 15                	je     4034a3 <_Z10parse_argsiPPcR6Config+0x46b>
  40348e:	8b 45 ec             	mov    eax,DWORD PTR [rbp-0x14]
  403491:	83 c0 01             	add    eax,0x1
  403494:	39 85 cc fd ff ff    	cmp    DWORD PTR [rbp-0x234],eax
  40349a:	7e 07                	jle    4034a3 <_Z10parse_argsiPPcR6Config+0x46b>
  40349c:	b8 01 00 00 00       	mov    eax,0x1
  4034a1:	eb 05                	jmp    4034a8 <_Z10parse_argsiPPcR6Config+0x470>
  4034a3:	b8 00 00 00 00       	mov    eax,0x0
  4034a8:	84 c0                	test   al,al
  4034aa:	0f 84 8d 00 00 00    	je     40353d <_Z10parse_argsiPPcR6Config+0x505>
  4034b0:	48 8d 85 bf fe ff ff 	lea    rax,[rbp-0x141]
  4034b7:	48 89 c7             	mov    rdi,rax
  4034ba:	e8 e1 ee ff ff       	call   4023a0 <_ZNSaIcEC1Ev@plt>
  4034bf:	83 45 ec 01          	add    DWORD PTR [rbp-0x14],0x1
  4034c3:	8b 45 ec             	mov    eax,DWORD PTR [rbp-0x14]
  4034c6:	48 98                	cdqe   
  4034c8:	48 8d 14 c5 00 00 00 	lea    rdx,[rax*8+0x0]
  4034cf:	00 
  4034d0:	48 8b 85 c0 fd ff ff 	mov    rax,QWORD PTR [rbp-0x240]
  4034d7:	48 01 d0             	add    rax,rdx
  4034da:	48 8b 08             	mov    rcx,QWORD PTR [rax]
  4034dd:	48 8d 95 bf fe ff ff 	lea    rdx,[rbp-0x141]
  4034e4:	48 8d 85 90 fe ff ff 	lea    rax,[rbp-0x170]
  4034eb:	48 89 ce             	mov    rsi,rcx
  4034ee:	48 89 c7             	mov    rdi,rax
  4034f1:	e8 7a ed ff ff       	call   402270 <_ZNSt7__cxx1112basic_stringIcSt11char_traitsIcESaIcEEC1EPKcRKS3_@plt>
  4034f6:	48 8d 85 90 fe ff ff 	lea    rax,[rbp-0x170]
  4034fd:	ba 0a 00 00 00       	mov    edx,0xa
  403502:	be 00 00 00 00       	mov    esi,0x0
  403507:	48 89 c7             	mov    rdi,rax
  40350a:	e8 b4 1d 00 00       	call   4052c3 <_ZNSt7__cxx115stoulERKNS_12basic_stringIcSt11char_traitsIcESaIcEEEPmi>
  40350f:	48 8b 95 b8 fd ff ff 	mov    rdx,QWORD PTR [rbp-0x248]
  403516:	48 89 42 78          	mov    QWORD PTR [rdx+0x78],rax
  40351a:	48 8d 85 90 fe ff ff 	lea    rax,[rbp-0x170]
  403521:	48 89 c7             	mov    rdi,rax
  403524:	e8 07 ec ff ff       	call   402130 <_ZNSt7__cxx1112basic_stringIcSt11char_traitsIcESaIcEED1Ev@plt>
  403529:	48 8d 85 bf fe ff ff 	lea    rax,[rbp-0x141]
  403530:	48 89 c7             	mov    rdi,rax
  403533:	e8 b8 ec ff ff       	call   4021f0 <_ZNSaIcED1Ev@plt>
  403538:	e9 30 05 00 00       	jmp    403a6d <_Z10parse_argsiPPcR6Config+0xa35>
  40353d:	48 8d 85 d0 fd ff ff 	lea    rax,[rbp-0x230]
  403544:	be 0d a3 40 00       	mov    esi,0x40a30d
  403549:	48 89 c7             	mov    rdi,rax
  40354c:	e8 e4 20 00 00       	call   405635 <_ZSteqIcSt11char_traitsIcESaIcEEbRKNSt7__cxx1112basic_stringIT_T0_T1_EEPKS5_>
  403551:	84 c0                	test   al,al
  403553:	74 15                	je     40356a <_Z10parse_argsiPPcR6Config+0x532>
  403555:	8b 45 ec             	mov    eax,DWORD PTR [rbp-0x14]
  403558:	83 c0 01             	add    eax,0x1
  40355b:	39 85 cc fd ff ff    	cmp    DWORD PTR [rbp-0x234],eax
  403561:	7e 07                	jle    40356a <_Z10parse_argsiPPcR6Config+0x532>
  403563:	b8 01 00 00 00       	mov    eax,0x1
  403568:	eb 05                	jmp    40356f <_Z10parse_argsiPPcR6Config+0x537>
  40356a:	b8 00 00 00 00       	mov    eax,0x0
  40356f:	84 c0                	test   al,al
  403571:	0f 84 90 00 00 00    	je     403607 <_Z10parse_argsiPPcR6Config+0x5cf>
  403577:	48 8d 85 ef fe ff ff 	lea    rax,[rbp-0x111]
  40357e:	48 89 c7             	mov    rdi,rax
  403581:	e8 1a ee ff ff       	call   4023a0 <_ZNSaIcEC1Ev@plt>
  403586:	83 45 ec 01          	add    DWORD PTR [rbp-0x14],0x1
  40358a:	8b 45 ec             	mov    eax,DWORD PTR [rbp-0x14]
  40358d:	48 98                	cdqe   
  40358f:	48 8d 14 c5 00 00 00 	lea    rdx,[rax*8+0x0]
  403596:	00 
  403597:	48 8b 85 c0 fd ff ff 	mov    rax,QWORD PTR [rbp-0x240]
  40359e:	48 01 d0             	add    rax,rdx
  4035a1:	48 8b 08             	mov    rcx,QWORD PTR [rax]
  4035a4:	48 8d 95 ef fe ff ff 	lea    rdx,[rbp-0x111]
  4035ab:	48 8d 85 c0 fe ff ff 	lea    rax,[rbp-0x140]
  4035b2:	48 89 ce             	mov    rsi,rcx
  4035b5:	48 89 c7             	mov    rdi,rax
  4035b8:	e8 b3 ec ff ff       	call   402270 <_ZNSt7__cxx1112basic_stringIcSt11char_traitsIcESaIcEEC1EPKcRKS3_@plt>
  4035bd:	48 8d 85 c0 fe ff ff 	lea    rax,[rbp-0x140]
  4035c4:	ba 0a 00 00 00       	mov    edx,0xa
  4035c9:	be 00 00 00 00       	mov    esi,0x0
  4035ce:	48 89 c7             	mov    rdi,rax
  4035d1:	e8 ed 1c 00 00       	call   4052c3 <_ZNSt7__cxx115stoulERKNS_12basic_stringIcSt11char_traitsIcESaIcEEEPmi>
  4035d6:	48 8b 95 b8 fd ff ff 	mov    rdx,QWORD PTR [rbp-0x248]
  4035dd:	48 89 82 80 00 00 00 	mov    QWORD PTR [rdx+0x80],rax
  4035e4:	48 8d 85 c0 fe ff ff 	lea    rax,[rbp-0x140]
  4035eb:	48 89 c7             	mov    rdi,rax
  4035ee:	e8 3d eb ff ff       	call   402130 <_ZNSt7__cxx1112basic_stringIcSt11char_traitsIcESaIcEED1Ev@plt>
  4035f3:	48 8d 85 ef fe ff ff 	lea    rax,[rbp-0x111]
  4035fa:	48 89 c7             	mov    rdi,rax
  4035fd:	e8 ee eb ff ff       	call   4021f0 <_ZNSaIcED1Ev@plt>
  403602:	e9 66 04 00 00       	jmp    403a6d <_Z10parse_argsiPPcR6Config+0xa35>
  403607:	48 8d 85 d0 fd ff ff 	lea    rax,[rbp-0x230]
  40360e:	be 16 a3 40 00       	mov    esi,0x40a316
  403613:	48 89 c7             	mov    rdi,rax
  403616:	e8 1a 20 00 00       	call   405635 <_ZSteqIcSt11char_traitsIcESaIcEEbRKNSt7__cxx1112basic_stringIT_T0_T1_EEPKS5_>
  40361b:	84 c0                	test   al,al
  40361d:	74 15                	je     403634 <_Z10parse_argsiPPcR6Config+0x5fc>
  40361f:	8b 45 ec             	mov    eax,DWORD PTR [rbp-0x14]
  403622:	83 c0 01             	add    eax,0x1
  403625:	39 85 cc fd ff ff    	cmp    DWORD PTR [rbp-0x234],eax
  40362b:	7e 07                	jle    403634 <_Z10parse_argsiPPcR6Config+0x5fc>
  40362d:	b8 01 00 00 00       	mov    eax,0x1
  403632:	eb 05                	jmp    403639 <_Z10parse_argsiPPcR6Config+0x601>
  403634:	b8 00 00 00 00       	mov    eax,0x0
  403639:	84 c0                	test   al,al
  40363b:	0f 84 90 00 00 00    	je     4036d1 <_Z10parse_argsiPPcR6Config+0x699>
  403641:	48 8d 85 1f ff ff ff 	lea    rax,[rbp-0xe1]
  403648:	48 89 c7             	mov    rdi,rax
  40364b:	e8 50 ed ff ff       	call   4023a0 <_ZNSaIcEC1Ev@plt>
  403650:	83 45 ec 01          	add    DWORD PTR [rbp-0x14],0x1
  403654:	8b 45 ec             	mov    eax,DWORD PTR [rbp-0x14]
  403657:	48 98                	cdqe   
  403659:	48 8d 14 c5 00 00 00 	lea    rdx,[rax*8+0x0]
  403660:	00 
  403661:	48 8b 85 c0 fd ff ff 	mov    rax,QWORD PTR [rbp-0x240]
  403668:	48 01 d0             	add    rax,rdx
  40366b:	48 8b 08             	mov    rcx,QWORD PTR [rax]
  40366e:	48 8d 95 1f ff ff ff 	lea    rdx,[rbp-0xe1]
  403675:	48 8d 85 f0 fe ff ff 	lea    rax,[rbp-0x110]
  40367c:	48 89 ce             	mov    rsi,rcx
  40367f:	48 89 c7             	mov    rdi,rax
  403682:	e8 e9 eb ff ff       	call   402270 <_ZNSt7__cxx1112basic_stringIcSt11char_traitsIcESaIcEEC1EPKcRKS3_@plt>
  403687:	48 8d 85 f0 fe ff ff 	lea    rax,[rbp-0x110]
  40368e:	ba 0a 00 00 00       	mov    edx,0xa
  403693:	be 00 00 00 00       	mov    esi,0x0
  403698:	48 89 c7             	mov    rdi,rax
  40369b:	e8 23 1c 00 00       	call   4052c3 <_ZNSt7__cxx115stoulERKNS_12basic_stringIcSt11char_traitsIcESaIcEEEPmi>
  4036a0:	48 8b 95 b8 fd ff ff 	mov    rdx,QWORD PTR [rbp-0x248]
  4036a7:	48 89 82 88 00 00 00 	mov    QWORD PTR [rdx+0x88],rax
  4036ae:	48 8d 85 f0 fe ff ff 	lea    rax,[rbp-0x110]
  4036b5:	48 89 c7             	mov    rdi,rax
  4036b8:	e8 73 ea ff ff       	call   402130 <_ZNSt7__cxx1112basic_stringIcSt11char_traitsIcESaIcEED1Ev@plt>
  4036bd:	48 8d 85 1f ff ff ff 	lea    rax,[rbp-0xe1]
  4036c4:	48 89 c7             	mov    rdi,rax
  4036c7:	e8 24 eb ff ff       	call   4021f0 <_ZNSaIcED1Ev@plt>
  4036cc:	e9 9c 03 00 00       	jmp    403a6d <_Z10parse_argsiPPcR6Config+0xa35>
  4036d1:	48 8d 85 d0 fd ff ff 	lea    rax,[rbp-0x230]
  4036d8:	be 1e a3 40 00       	mov    esi,0x40a31e
  4036dd:	48 89 c7             	mov    rdi,rax
  4036e0:	e8 50 1f 00 00       	call   405635 <_ZSteqIcSt11char_traitsIcESaIcEEbRKNSt7__cxx1112basic_stringIT_T0_T1_EEPKS5_>
  4036e5:	84 c0                	test   al,al
  4036e7:	74 15                	je     4036fe <_Z10parse_argsiPPcR6Config+0x6c6>
  4036e9:	8b 45 ec             	mov    eax,DWORD PTR [rbp-0x14]
  4036ec:	83 c0 01             	add    eax,0x1
  4036ef:	39 85 cc fd ff ff    	cmp    DWORD PTR [rbp-0x234],eax
  4036f5:	7e 07                	jle    4036fe <_Z10parse_argsiPPcR6Config+0x6c6>
  4036f7:	b8 01 00 00 00       	mov    eax,0x1
  4036fc:	eb 05                	jmp    403703 <_Z10parse_argsiPPcR6Config+0x6cb>
  4036fe:	b8 00 00 00 00       	mov    eax,0x0
  403703:	84 c0                	test   al,al
  403705:	0f 84 91 00 00 00    	je     40379c <_Z10parse_argsiPPcR6Config+0x764>
  40370b:	48 8d 85 4f ff ff ff 	lea    rax,[rbp-0xb1]
  403712:	48 89 c7             	mov    rdi,rax
  403715:	e8 86 ec ff ff       	call   4023a0 <_ZNSaIcEC1Ev@plt>
  40371a:	83 45 ec 01          	add    DWORD PTR [rbp-0x14],0x1
  40371e:	8b 45 ec             	mov    eax,DWORD PTR [rbp-0x14]
  403721:	48 98                	cdqe   
  403723:	48 8d 14 c5 00 00 00 	lea    rdx,[rax*8+0x0]
  40372a:	00 
  40372b:	48 8b 85 c0 fd ff ff 	mov    rax,QWORD PTR [rbp-0x240]
  403732:	48 01 d0             	add    rax,rdx
  403735:	48 8b 08             	mov    rcx,QWORD PTR [rax]
  403738:	48 8d 95 4f ff ff ff 	lea    rdx,[rbp-0xb1]
  40373f:	48 8d 85 20 ff ff ff 	lea    rax,[rbp-0xe0]
  403746:	48 89 ce             	mov    rsi,rcx
  403749:	48 89 c7             	mov    rdi,rax
  40374c:	e8 1f eb ff ff       	call   402270 <_ZNSt7__cxx1112basic_stringIcSt11char_traitsIcESaIcEEC1EPKcRKS3_@plt>
  403751:	48 8d 85 20 ff ff ff 	lea    rax,[rbp-0xe0]
  403758:	ba 0a 00 00 00       	mov    edx,0xa
  40375d:	be 00 00 00 00       	mov    esi,0x0
  403762:	48 89 c7             	mov    rdi,rax
  403765:	e8 59 1b 00 00       	call   4052c3 <_ZNSt7__cxx115stoulERKNS_12basic_stringIcSt11char_traitsIcESaIcEEEPmi>
  40376a:	89 c2                	mov    edx,eax
  40376c:	48 8b 85 b8 fd ff ff 	mov    rax,QWORD PTR [rbp-0x248]
  403773:	89 90 90 00 00 00    	mov    DWORD PTR [rax+0x90],edx
  403779:	48 8d 85 20 ff ff ff 	lea    rax,[rbp-0xe0]
  403780:	48 89 c7             	mov    rdi,rax
  403783:	e8 a8 e9 ff ff       	call   402130 <_ZNSt7__cxx1112basic_stringIcSt11char_traitsIcESaIcEED1Ev@plt>
  403788:	48 8d 85 4f ff ff ff 	lea    rax,[rbp-0xb1]
  40378f:	48 89 c7             	mov    rdi,rax
  403792:	e8 59 ea ff ff       	call   4021f0 <_ZNSaIcED1Ev@plt>
  403797:	e9 d1 02 00 00       	jmp    403a6d <_Z10parse_argsiPPcR6Config+0xa35>
  40379c:	48 8d 85 d0 fd ff ff 	lea    rax,[rbp-0x230]
  4037a3:	be 25 a3 40 00       	mov    esi,0x40a325
  4037a8:	48 89 c7             	mov    rdi,rax
  4037ab:	e8 85 1e 00 00       	call   405635 <_ZSteqIcSt11char_traitsIcESaIcEEbRKNSt7__cxx1112basic_stringIT_T0_T1_EEPKS5_>
  4037b0:	84 c0                	test   al,al
  4037b2:	74 15                	je     4037c9 <_Z10parse_argsiPPcR6Config+0x791>
  4037b4:	8b 45 ec             	mov    eax,DWORD PTR [rbp-0x14]
  4037b7:	83 c0 01             	add    eax,0x1
  4037ba:	39 85 cc fd ff ff    	cmp    DWORD PTR [rbp-0x234],eax
  4037c0:	7e 07                	jle    4037c9 <_Z10parse_argsiPPcR6Config+0x791>
  4037c2:	b8 01 00 00 00       	mov    eax,0x1
  4037c7:	eb 05                	jmp    4037ce <_Z10parse_argsiPPcR6Config+0x796>
  4037c9:	b8 00 00 00 00       	mov    eax,0x0
  4037ce:	84 c0                	test   al,al
  4037d0:	74 3c                	je     40380e <_Z10parse_argsiPPcR6Config+0x7d6>
  4037d2:	83 45 ec 01          	add    DWORD PTR [rbp-0x14],0x1
  4037d6:	8b 45 ec             	mov    eax,DWORD PTR [rbp-0x14]
  4037d9:	48 98                	cdqe   
  4037db:	48 8d 14 c5 00 00 00 	lea    rdx,[rax*8+0x0]
  4037e2:	00 
  4037e3:	48 8b 85 c0 fd ff ff 	mov    rax,QWORD PTR [rbp-0x240]
  4037ea:	48 01 d0             	add    rax,rdx
  4037ed:	48 8b 00             	mov    rax,QWORD PTR [rax]
  4037f0:	48 8b 95 b8 fd ff ff 	mov    rdx,QWORD PTR [rbp-0x248]
  4037f7:	48 81 c2 98 00 00 00 	add    rdx,0x98
  4037fe:	48 89 c6             	mov    rsi,rax
  403801:	48 89 d7             	mov    rdi,rdx
  403804:	e8 57 ea ff ff       	call   402260 <_ZNSt7__cxx1112basic_stringIcSt11char_traitsIcESaIcEEaSEPKc@plt>
  403809:	e9 5f 02 00 00       	jmp    403a6d <_Z10parse_argsiPPcR6Config+0xa35>
  40380e:	48 8d 85 d0 fd ff ff 	lea    rax,[rbp-0x230]
  403815:	be 2e a3 40 00       	mov    esi,0x40a32e
  40381a:	48 89 c7             	mov    rdi,rax
  40381d:	e8 13 1e 00 00       	call   405635 <_ZSteqIcSt11char_traitsIcESaIcEEbRKNSt7__cxx1112basic_stringIT_T0_T1_EEPKS5_>
  403822:	84 c0                	test   al,al
  403824:	74 15                	je     40383b <_Z10parse_argsiPPcR6Config+0x803>
  403826:	8b 45 ec             	mov    eax,DWORD PTR [rbp-0x14]
  403829:	83 c0 01             	add    eax,0x1
  40382c:	39 85 cc fd ff ff    	cmp    DWORD PTR [rbp-0x234],eax
  403832:	7e 07                	jle    40383b <_Z10parse_argsiPPcR6Config+0x803>
  403834:	b8 01 00 00 00       	mov    eax,0x1
  403839:	eb 05                	jmp    403840 <_Z10parse_argsiPPcR6Config+0x808>
  40383b:	b8 00 00 00 00       	mov    eax,0x0
  403840:	84 c0                	test   al,al
  403842:	74 3c                	je     403880 <_Z10parse_argsiPPcR6Config+0x848>
  403844:	83 45 ec 01          	add    DWORD PTR [rbp-0x14],0x1
  403848:	8b 45 ec             	mov    eax,DWORD PTR [rbp-0x14]
  40384b:	48 98                	cdqe   
  40384d:	48 8d 14 c5 00 00 00 	lea    rdx,[rax*8+0x0]
  403854:	00 
  403855:	48 8b 85 c0 fd ff ff 	mov    rax,QWORD PTR [rbp-0x240]
  40385c:	48 01 d0             	add    rax,rdx
  40385f:	48 8b 00             	mov    rax,QWORD PTR [rax]
  403862:	48 8b 95 b8 fd ff ff 	mov    rdx,QWORD PTR [rbp-0x248]
  403869:	48 81 c2 b8 00 00 00 	add    rdx,0xb8
  403870:	48 89 c6             	mov    rsi,rax
  403873:	48 89 d7             	mov    rdi,rdx
  403876:	e8 e5 e9 ff ff       	call   402260 <_ZNSt7__cxx1112basic_stringIcSt11char_traitsIcESaIcEEaSEPKc@plt>
  40387b:	e9 ed 01 00 00       	jmp    403a6d <_Z10parse_argsiPPcR6Config+0xa35>
  403880:	48 8d 85 d0 fd ff ff 	lea    rax,[rbp-0x230]
  403887:	be 3b a3 40 00       	mov    esi,0x40a33b
  40388c:	48 89 c7             	mov    rdi,rax
  40388f:	e8 a1 1d 00 00       	call   405635 <_ZSteqIcSt11char_traitsIcESaIcEEbRKNSt7__cxx1112basic_stringIT_T0_T1_EEPKS5_>
  403894:	84 c0                	test   al,al
  403896:	74 15                	je     4038ad <_Z10parse_argsiPPcR6Config+0x875>
  403898:	8b 45 ec             	mov    eax,DWORD PTR [rbp-0x14]
  40389b:	83 c0 01             	add    eax,0x1
  40389e:	39 85 cc fd ff ff    	cmp    DWORD PTR [rbp-0x234],eax
  4038a4:	7e 07                	jle    4038ad <_Z10parse_argsiPPcR6Config+0x875>
  4038a6:	b8 01 00 00 00       	mov    eax,0x1
  4038ab:	eb 05                	jmp    4038b2 <_Z10parse_argsiPPcR6Config+0x87a>
  4038ad:	b8 00 00 00 00       	mov    eax,0x0
  4038b2:	84 c0                	test   al,al
  4038b4:	0f 84 a8 00 00 00    	je     403962 <_Z10parse_argsiPPcR6Config+0x92a>
  4038ba:	48 8d 45 9f          	lea    rax,[rbp-0x61]
  4038be:	48 89 c7             	mov    rdi,rax
  4038c1:	e8 da ea ff ff       	call   4023a0 <_ZNSaIcEC1Ev@plt>
  4038c6:	83 45 ec 01          	add    DWORD PTR [rbp-0x14],0x1
  4038ca:	8b 45 ec             	mov    eax,DWORD PTR [rbp-0x14]
  4038cd:	48 98                	cdqe   
  4038cf:	48 8d 14 c5 00 00 00 	lea    rdx,[rax*8+0x0]
  4038d6:	00 
  4038d7:	48 8b 85 c0 fd ff ff 	mov    rax,QWORD PTR [rbp-0x240]
  4038de:	48 01 d0             	add    rax,rdx
  4038e1:	48 8b 08             	mov    rcx,QWORD PTR [rax]
  4038e4:	48 8d 55 9f          	lea    rdx,[rbp-0x61]
  4038e8:	48 8d 85 70 ff ff ff 	lea    rax,[rbp-0x90]
  4038ef:	48 89 ce             	mov    rsi,rcx
  4038f2:	48 89 c7             	mov    rdi,rax
  4038f5:	e8 76 e9 ff ff       	call   402270 <_ZNSt7__cxx1112basic_stringIcSt11char_traitsIcESaIcEEC1EPKcRKS3_@plt>
  4038fa:	48 8d 85 50 ff ff ff 	lea    rax,[rbp-0xb0]
  403901:	48 8d 95 70 ff ff ff 	lea    rdx,[rbp-0x90]
  403908:	48 89 d6             	mov    rsi,rdx
  40390b:	48 89 c7             	mov    rdi,rax
  40390e:	e8 f3 f5 ff ff       	call   402f06 <_ZL15parse_size_listRKNSt7__cxx1112basic_stringIcSt11char_traitsIcESaIcEEE>
  403913:	48 8b 85 b8 fd ff ff 	mov    rax,QWORD PTR [rbp-0x248]
  40391a:	48 8d 90 d8 00 00 00 	lea    rdx,[rax+0xd8]
  403921:	48 8d 85 50 ff ff ff 	lea    rax,[rbp-0xb0]
  403928:	48 89 c6             	mov    rsi,rax
  40392b:	48 89 d7             	mov    rdi,rdx
  40392e:	e8 2d 1d 00 00       	call   405660 <_ZNSt6vectorImSaImEEaSEOS1_>
  403933:	48 8d 85 50 ff ff ff 	lea    rax,[rbp-0xb0]
  40393a:	48 89 c7             	mov    rdi,rax
  40393d:	e8 7e 1c 00 00       	call   4055c0 <_ZNSt6vectorImSaImEED1Ev>
  403942:	48 8d 85 70 ff ff ff 	lea    rax,[rbp-0x90]
  403949:	48 89 c7             	mov    rdi,rax
  40394c:	e8 df e7 ff ff       	call   402130 <_ZNSt7__cxx1112basic_stringIcSt11char_traitsIcESaIcEED1Ev@plt>
  403951:	48 8d 45 9f          	lea    rax,[rbp-0x61]
  403955:	48 89 c7             	mov    rdi,rax
  403958:	e8 93 e8 ff ff       	call   4021f0 <_ZNSaIcED1Ev@plt>
  40395d:	e9 0b 01 00 00       	jmp    403a6d <_Z10parse_argsiPPcR6Config+0xa35>
  403962:	48 8d 85 d0 fd ff ff 	lea    rax,[rbp-0x230]
  403969:	be 44 a3 40 00       	mov    esi,0x40a344
  40396e:	48 89 c7             	mov    rdi,rax
  403971:	e8 bf 1c 00 00       	call   405635 <_ZSteqIcSt11char_traitsIcESaIcEEbRKNSt7__cxx1112basic_stringIT_T0_T1_EEPKS5_>
  403976:	84 c0                	test   al,al
  403978:	74 15                	je     40398f <_Z10parse_argsiPPcR6Config+0x957>
  40397a:	8b 45 ec             	mov    eax,DWORD PTR [rbp-0x14]
  40397d:	83 c0 01             	add    eax,0x1
  403980:	39 85 cc fd ff ff    	cmp    DWORD PTR [rbp-0x234],eax
  403986:	7e 07                	jle    40398f <_Z10parse_argsiPPcR6Config+0x957>
  403988:	b8 01 00 00 00       	mov    eax,0x1
  40398d:	eb 05                	jmp    403994 <_Z10parse_argsiPPcR6Config+0x95c>
  40398f:	b8 00 00 00 00       	mov    eax,0x0
  403994:	84 c0                	test   al,al
  403996:	0f 84 93 00 00 00    	je     403a2f <_Z10parse_argsiPPcR6Config+0x9f7>
  40399c:	48 8d 45 eb          	lea    rax,[rbp-0x15]
  4039a0:	48 89 c7             	mov    rdi,rax
  4039a3:	e8 f8 e9 ff ff       	call   4023a0 <_ZNSaIcEC1Ev@plt>
  4039a8:	83 45 ec 01          	add    DWORD PTR [rbp-0x14],0x1
  4039ac:	8b 45 ec             	mov    eax,DWORD PTR [rbp-0x14]
  4039af:	48 98                	cdqe   
  4039b1:	48 8d 14 c5 00 00 00 	lea    rdx,[rax*8+0x0]
  4039b8:	00 
  4039b9:	48 8b 85 c0 fd ff ff 	mov    rax,QWORD PTR [rbp-0x240]
  4039c0:	48 01 d0             	add    rax,rdx
  4039c3:	48 8b 08             	mov    rcx,QWORD PTR [rax]
  4039c6:	48 8d 55 eb          	lea    rdx,[rbp-0x15]
  4039ca:	48 8d 45 c0          	lea    rax,[rbp-0x40]
  4039ce:	48 89 ce             	mov    rsi,rcx
  4039d1:	48 89 c7             	mov    rdi,rax
  4039d4:	e8 97 e8 ff ff       	call   402270 <_ZNSt7__cxx1112basic_stringIcSt11char_traitsIcESaIcEEC1EPKcRKS3_@plt>
  4039d9:	48 8d 45 a0          	lea    rax,[rbp-0x60]
  4039dd:	48 8d 55 c0          	lea    rdx,[rbp-0x40]
  4039e1:	48 89 d6             	mov    rsi,rdx
  4039e4:	48 89 c7             	mov    rdi,rax
  4039e7:	e8 1a f5 ff ff       	call   402f06 <_ZL15parse_size_listRKNSt7__cxx1112basic_stringIcSt11char_traitsIcESaIcEEE>
  4039ec:	48 8b 85 b8 fd ff ff 	mov    rax,QWORD PTR [rbp-0x248]
  4039f3:	48 8d 90 f0 00 00 00 	lea    rdx,[rax+0xf0]
  4039fa:	48 8d 45 a0          	lea    rax,[rbp-0x60]
  4039fe:	48 89 c6             	mov    rsi,rax
  403a01:	48 89 d7             	mov    rdi,rdx
  403a04:	e8 57 1c 00 00       	call   405660 <_ZNSt6vectorImSaImEEaSEOS1_>
  403a09:	48 8d 45 a0          	lea    rax,[rbp-0x60]
  403a0d:	48 89 c7             	mov    rdi,rax
  403a10:	e8 ab 1b 00 00       	call   4055c0 <_ZNSt6vectorImSaImEED1Ev>
  403a15:	48 8d 45 c0          	lea    rax,[rbp-0x40]
  403a19:	48 89 c7             	mov    rdi,rax
  403a1c:	e8 0f e7 ff ff       	call   402130 <_ZNSt7__cxx1112basic_stringIcSt11char_traitsIcESaIcEED1Ev@plt>
  403a21:	48 8d 45 eb          	lea    rax,[rbp-0x15]
  403a25:	48 89 c7             	mov    rdi,rax
  403a28:	e8 c3 e7 ff ff       	call   4021f0 <_ZNSaIcED1Ev@plt>
  403a2d:	eb 3e                	jmp    403a6d <_Z10parse_argsiPPcR6Config+0xa35>
  403a2f:	be 4e a3 40 00       	mov    esi,0x40a34e
  403a34:	bf 40 f2 40 00       	mov    edi,0x40f240
  403a39:	e8 72 e7 ff ff       	call   4021b0 <_ZStlsISt11char_traitsIcEERSt13basic_ostreamIcT_ES5_PKc@plt>
  403a3e:	48 89 c2             	mov    rdx,rax
  403a41:	48 8d 85 d0 fd ff ff 	lea    rax,[rbp-0x230]
  403a48:	48 89 c6             	mov    rsi,rax
  403a4b:	48 89 d7             	mov    rdi,rdx
  403a4e:	e8 2d e7 ff ff       	call   402180 <_ZStlsIcSt11char_traitsIcESaIcEERSt13basic_ostreamIT_T0_ES7_RKNSt7__cxx1112basic_stringIS4_S5_T1_EE@plt>
  403a53:	be 5c a3 40 00       	mov    esi,0x40a35c
  403a58:	48 89 c7             	mov    rdi,rax
  403a5b:	e8 50 e7 ff ff       	call   4021b0 <_ZStlsISt11char_traitsIcEERSt13basic_ostreamIcT_ES5_PKc@plt>
  403a60:	41 bc 00 00 00 00    	mov    r12d,0x0
  403a66:	bb 00 00 00 00       	mov    ebx,0x0
  403a6b:	eb 05                	jmp    403a72 <_Z10parse_argsiPPcR6Config+0xa3a>
  403a6d:	bb 01 00 00 00       	mov    ebx,0x1
  403a72:	48 8d 85 d0 fd ff ff 	lea    rax,[rbp-0x230]
  403a79:	48 89 c7             	mov    rdi,rax
  403a7c:	e8 af e6 ff ff       	call   402130 <_ZNSt7__cxx1112basic_stringIcSt11char_traitsIcESaIcEED1Ev@plt>
  403a81:	83 fb 01             	cmp    ebx,0x1
  403a84:	0f 85 89 00 00 00    	jne    403b13 <_Z10parse_argsiPPcR6Config+0xadb>
  403a8a:	83 45 ec 01          	add    DWORD PTR [rbp-0x14],0x1
  403a8e:	8b 45 ec             	mov    eax,DWORD PTR [rbp-0x14]
  403a91:	3b 85 cc fd ff ff    	cmp    eax,DWORD PTR [rbp-0x234]
  403a97:	0f 8c ea f5 ff ff    	jl     403087 <_Z10parse_argsiPPcR6Config+0x4f>
  403a9d:	48 8b 85 b8 fd ff ff 	mov    rax,QWORD PTR [rbp-0x248]
  403aa4:	48 8b 40 60          	mov    rax,QWORD PTR [rax+0x60]
  403aa8:	48 85 c0             	test   rax,rax
  403aab:	74 39                	je     403ae6 <_Z10parse_argsiPPcR6Config+0xaae>
  403aad:	48 8b 85 b8 fd ff ff 	mov    rax,QWORD PTR [rbp-0x248]
  403ab4:	48 8b 40 70          	mov    rax,QWORD PTR [rax+0x70]
  403ab8:	48 85 c0             	test   rax,rax
  403abb:	74 29                	je     403ae6 <_Z10parse_argsiPPcR6Config+0xaae>
  403abd:	48 8b 85 b8 fd ff ff 	mov    rax,QWORD PTR [rbp-0x248]
  403ac4:	48 8b 40 78          	mov    rax,QWORD PTR [rax+0x78]
  403ac8:	48 85 c0             	test   rax,rax
  403acb:	74 19                	je     403ae6 <_Z10parse_argsiPPcR6Config+0xaae>
  403acd:	48 8b 85 b8 fd ff ff 	mov    rax,QWORD PTR [rbp-0x248]
  403ad4:	48 05 98 00 00 00    	add    rax,0x98
  403ada:	48 89 c7             	mov    rdi,rax
  403add:	e8 7e e8 ff ff       	call   402360 <_ZNKSt7__cxx1112basic_stringIcSt11char_traitsIcESaIcEE5emptyEv@plt>
  403ae2:	84 c0                	test   al,al
  403ae4:	74 07                	je     403aed <_Z10parse_argsiPPcR6Config+0xab5>
  403ae6:	b8 01 00 00 00       	mov    eax,0x1
  403aeb:	eb 05                	jmp    403af2 <_Z10parse_argsiPPcR6Config+0xaba>
  403aed:	b8 00 00 00 00       	mov    eax,0x0
  403af2:	84 c0                	test   al,al
  403af4:	74 17                	je     403b0d <_Z10parse_argsiPPcR6Config+0xad5>
  403af6:	be 60 a3 40 00       	mov    esi,0x40a360
  403afb:	bf 40 f2 40 00       	mov    edi,0x40f240
  403b00:	e8 ab e6 ff ff       	call   4021b0 <_ZStlsISt11char_traitsIcEERSt13basic_ostreamIcT_ES5_PKc@plt>
  403b05:	41 bc 00 00 00 00    	mov    r12d,0x0
  403b0b:	eb 06                	jmp    403b13 <_Z10parse_argsiPPcR6Config+0xadb>
  403b0d:	41 bc 01 00 00 00    	mov    r12d,0x1
  403b13:	44 89 e0             	mov    eax,r12d
  403b16:	e9 a8 01 00 00       	jmp    403cc3 <_Z10parse_argsiPPcR6Config+0xc8b>
  403b1b:	48 89 c3             	mov    rbx,rax
  403b1e:	48 8d 85 ff fd ff ff 	lea    rax,[rbp-0x201]
  403b25:	48 89 c7             	mov    rdi,rax
  403b28:	e8 c3 e6 ff ff       	call   4021f0 <_ZNSaIcED1Ev@plt>
  403b2d:	48 89 d8             	mov    rax,rbx
  403b30:	48 89 c7             	mov    rdi,rax
  403b33:	e8 58 e8 ff ff       	call   402390 <_Unwind_Resume@plt>
  403b38:	48 89 c3             	mov    rbx,rax
  403b3b:	48 8d 85 00 fe ff ff 	lea    rax,[rbp-0x200]
  403b42:	48 89 c7             	mov    rdi,rax
  403b45:	e8 e6 e5 ff ff       	call   402130 <_ZNSt7__cxx1112basic_stringIcSt11char_traitsIcESaIcEED1Ev@plt>
  403b4a:	eb 03                	jmp    403b4f <_Z10parse_argsiPPcR6Config+0xb17>
  403b4c:	48 89 c3             	mov    rbx,rax
  403b4f:	48 8d 85 2f fe ff ff 	lea    rax,[rbp-0x1d1]
  403b56:	48 89 c7             	mov    rdi,rax
  403b59:	e8 92 e6 ff ff       	call   4021f0 <_ZNSaIcED1Ev@plt>
  403b5e:	e9 46 01 00 00       	jmp    403ca9 <_Z10parse_argsiPPcR6Config+0xc71>
  403b63:	48 89 c3             	mov    rbx,rax
  403b66:	48 8d 85 30 fe ff ff 	lea    rax,[rbp-0x1d0]
  403b6d:	48 89 c7             	mov    rdi,rax
  403b70:	e8 bb e5 ff ff       	call   402130 <_ZNSt7__cxx1112basic_stringIcSt11char_traitsIcESaIcEED1Ev@plt>
  403b75:	eb 03                	jmp    403b7a <_Z10parse_argsiPPcR6Config+0xb42>
  403b77:	48 89 c3             	mov    rbx,rax
  403b7a:	48 8d 85 5f fe ff ff 	lea    rax,[rbp-0x1a1]
  403b81:	48 89 c7             	mov    rdi,rax
  403b84:	e8 67 e6 ff ff       	call   4021f0 <_ZNSaIcED1Ev@plt>
  403b89:	e9 1b 01 00 00       	jmp    403ca9 <_Z10parse_argsiPPcR6Config+0xc71>
  403b8e:	48 89 c3             	mov    rbx,rax
  403b91:	48 8d 85 60 fe ff ff 	lea    rax,[rbp-0x1a0]
  403b98:	48 89 c7             	mov    rdi,rax
  403b9b:	e8 90 e5 ff ff       	call   402130 <_ZNSt7__cxx1112basic_stringIcSt11char_traitsIcESaIcEED1Ev@plt>
  403ba0:	eb 03                	jmp    403ba5 <_Z10parse_argsiPPcR6Config+0xb6d>
  403ba2:	48 89 c3             	mov    rbx,rax
  403ba5:	48 8d 85 8f fe ff ff 	lea    rax,[rbp-0x171]
  403bac:	48 89 c7             	mov    rdi,rax
  403baf:	e8 3c e6 ff ff       	call   4021f0 <_ZNSaIcED1Ev@plt>
  403bb4:	e9 f0 00 00 00       	jmp    403ca9 <_Z10parse_argsiPPcR6Config+0xc71>
  403bb9:	48 89 c3             	mov    rbx,rax
  403bbc:	48 8d 85 90 fe ff ff 	lea    rax,[rbp-0x170]
  403bc3:	48 89 c7             	mov    rdi,rax
  403bc6:	e8 65 e5 ff ff       	call   402130 <_ZNSt7__cxx1112basic_stringIcSt11char_traitsIcESaIcEED1Ev@plt>
  403bcb:	eb 03                	jmp    403bd0 <_Z10parse_argsiPPcR6Config+0xb98>
  403bcd:	48 89 c3             	mov    rbx,rax
  403bd0:	48 8d 85 bf fe ff ff 	lea    rax,[rbp-0x141]
  403bd7:	48 89 c7             	mov    rdi,rax
  403bda:	e8 11 e6 ff ff       	call   4021f0 <_ZNSaIcED1Ev@plt>
  403bdf:	e9 c5 00 00 00       	jmp    403ca9 <_Z10parse_argsiPPcR6Config+0xc71>
  403be4:	48 89 c3             	mov    rbx,rax
  403be7:	48 8d 85 c0 fe ff ff 	lea    rax,[rbp-0x140]
  403bee:	48 89 c7             	mov    rdi,rax
  403bf1:	e8 3a e5 ff ff       	call   402130 <_ZNSt7__cxx1112basic_stringIcSt11char_traitsIcESaIcEED1Ev@plt>
  403bf6:	eb 03                	jmp    403bfb <_Z10parse_argsiPPcR6Config+0xbc3>
  403bf8:	48 89 c3             	mov    rbx,rax
  403bfb:	48 8d 85 ef fe ff ff 	lea    rax,[rbp-0x111]
  403c02:	48 89 c7             	mov    rdi,rax
  403c05:	e8 e6 e5 ff ff       	call   4021f0 <_ZNSaIcED1Ev@plt>
  403c0a:	e9 9a 00 00 00       	jmp    403ca9 <_Z10parse_argsiPPcR6Config+0xc71>
  403c0f:	48 89 c3             	mov    rbx,rax
  403c12:	48 8d 85 f0 fe ff ff 	lea    rax,[rbp-0x110]
  403c19:	48 89 c7             	mov    rdi,rax
  403c1c:	e8 0f e5 ff ff       	call   402130 <_ZNSt7__cxx1112basic_stringIcSt11char_traitsIcESaIcEED1Ev@plt>
  403c21:	eb 03                	jmp    403c26 <_Z10parse_argsiPPcR6Config+0xbee>
  403c23:	48 89 c3             	mov    rbx,rax
  403c26:	48 8d 85 1f ff ff ff 	lea    rax,[rbp-0xe1]
  403c2d:	48 89 c7             	mov    rdi,rax
  403c30:	e8 bb e5 ff ff       	call   4021f0 <_ZNSaIcED1Ev@plt>
  403c35:	eb 72                	jmp    403ca9 <_Z10parse_argsiPPcR6Config+0xc71>
  403c37:	48 89 c3             	mov    rbx,rax
  403c3a:	48 8d 85 20 ff ff ff 	lea    rax,[rbp-0xe0]
  403c41:	48 89 c7             	mov    rdi,rax
  403c44:	e8 e7 e4 ff ff       	call   402130 <_ZNSt7__cxx1112basic_stringIcSt11char_traitsIcESaIcEED1Ev@plt>
  403c49:	eb 03                	jmp    403c4e <_Z10parse_argsiPPcR6Config+0xc16>
  403c4b:	48 89 c3             	mov    rbx,rax
  403c4e:	48 8d 85 4f ff ff ff 	lea    rax,[rbp-0xb1]
  403c55:	48 89 c7             	mov    rdi,rax
  403c58:	e8 93 e5 ff ff       	call   4021f0 <_ZNSaIcED1Ev@plt>
  403c5d:	eb 4a                	jmp    403ca9 <_Z10parse_argsiPPcR6Config+0xc71>
  403c5f:	48 89 c3             	mov    rbx,rax
  403c62:	48 8d 85 70 ff ff ff 	lea    rax,[rbp-0x90]
  403c69:	48 89 c7             	mov    rdi,rax
  403c6c:	e8 bf e4 ff ff       	call   402130 <_ZNSt7__cxx1112basic_stringIcSt11char_traitsIcESaIcEED1Ev@plt>
  403c71:	eb 03                	jmp    403c76 <_Z10parse_argsiPPcR6Config+0xc3e>
  403c73:	48 89 c3             	mov    rbx,rax
  403c76:	48 8d 45 9f          	lea    rax,[rbp-0x61]
  403c7a:	48 89 c7             	mov    rdi,rax
  403c7d:	e8 6e e5 ff ff       	call   4021f0 <_ZNSaIcED1Ev@plt>
  403c82:	eb 25                	jmp    403ca9 <_Z10parse_argsiPPcR6Config+0xc71>
  403c84:	48 89 c3             	mov    rbx,rax
  403c87:	48 8d 45 c0          	lea    rax,[rbp-0x40]
  403c8b:	48 89 c7             	mov    rdi,rax
  403c8e:	e8 9d e4 ff ff       	call   402130 <_ZNSt7__cxx1112basic_stringIcSt11char_traitsIcESaIcEED1Ev@plt>
  403c93:	eb 03                	jmp    403c98 <_Z10parse_argsiPPcR6Config+0xc60>
  403c95:	48 89 c3             	mov    rbx,rax
  403c98:	48 8d 45 eb          	lea    rax,[rbp-0x15]
  403c9c:	48 89 c7             	mov    rdi,rax
  403c9f:	e8 4c e5 ff ff       	call   4021f0 <_ZNSaIcED1Ev@plt>
  403ca4:	eb 03                	jmp    403ca9 <_Z10parse_argsiPPcR6Config+0xc71>
  403ca6:	48 89 c3             	mov    rbx,rax
  403ca9:	48 8d 85 d0 fd ff ff 	lea    rax,[rbp-0x230]
  403cb0:	48 89 c7             	mov    rdi,rax
  403cb3:	e8 78 e4 ff ff       	call   402130 <_ZNSt7__cxx1112basic_stringIcSt11char_traitsIcESaIcEED1Ev@plt>
  403cb8:	48 89 d8             	mov    rax,rbx
  403cbb:	48 89 c7             	mov    rdi,rax
  403cbe:	e8 cd e6 ff ff       	call   402390 <_Unwind_Resume@plt>
  403cc3:	48 81 c4 40 02 00 00 	add    rsp,0x240
  403cca:	5b                   	pop    rbx
  403ccb:	41 5c                	pop    r12
  403ccd:	5d                   	pop    rbp
  403cce:	c3                   	ret    

0000000000403ccf <_Z15allocate_buffermbRm>:
  403ccf:	55                   	push   rbp
  403cd0:	48 89 e5             	mov    rbp,rsp
  403cd3:	53                   	push   rbx
  403cd4:	48 83 ec 58          	sub    rsp,0x58
  403cd8:	48 89 7d b8          	mov    QWORD PTR [rbp-0x48],rdi
  403cdc:	89 f0                	mov    eax,esi
  403cde:	48 89 55 a8          	mov    QWORD PTR [rbp-0x58],rdx
  403ce2:	88 45 b4             	mov    BYTE PTR [rbp-0x4c],al
  403ce5:	48 c7 45 e0 00 00 20 	mov    QWORD PTR [rbp-0x20],0x200000
  403cec:	00 
  403ced:	80 7d b4 00          	cmp    BYTE PTR [rbp-0x4c],0x0
  403cf1:	74 12                	je     403d05 <_Z15allocate_buffermbRm+0x36>
  403cf3:	48 8b 45 b8          	mov    rax,QWORD PTR [rbp-0x48]
  403cf7:	48 05 ff ff 1f 00    	add    rax,0x1fffff
  403cfd:	48 25 00 00 e0 ff    	and    rax,0xffffffffffe00000
  403d03:	eb 04                	jmp    403d09 <_Z15allocate_buffermbRm+0x3a>
  403d05:	48 8b 45 b8          	mov    rax,QWORD PTR [rbp-0x48]
  403d09:	48 89 45 d8          	mov    QWORD PTR [rbp-0x28],rax
  403d0d:	48 8b 45 d8          	mov    rax,QWORD PTR [rbp-0x28]
  403d11:	41 b9 00 00 00 00    	mov    r9d,0x0
  403d17:	41 b8 ff ff ff ff    	mov    r8d,0xffffffff
  403d1d:	b9 22 00 00 00       	mov    ecx,0x22
  403d22:	ba 03 00 00 00       	mov    edx,0x3
  403d27:	48 89 c6             	mov    rsi,rax
  403d2a:	bf 00 00 00 00       	mov    edi,0x0
  403d2f:	e8 7c e6 ff ff       	call   4023b0 <mmap@plt>
  403d34:	48 89 45 d0          	mov    QWORD PTR [rbp-0x30],rax
  403d38:	48 83 7d d0 ff       	cmp    QWORD PTR [rbp-0x30],0xffffffffffffffff
  403d3d:	75 63                	jne    403da2 <_Z15allocate_buffermbRm+0xd3>
  403d3f:	be 98 a3 40 00       	mov    esi,0x40a398
  403d44:	bf 40 f2 40 00       	mov    edi,0x40f240
  403d49:	e8 62 e4 ff ff       	call   4021b0 <_ZStlsISt11char_traitsIcEERSt13basic_ostreamIcT_ES5_PKc@plt>
  403d4e:	48 89 c3             	mov    rbx,rax
  403d51:	e8 ea e2 ff ff       	call   402040 <__errno_location@plt>
  403d56:	8b 00                	mov    eax,DWORD PTR [rax]
  403d58:	89 c6                	mov    esi,eax
  403d5a:	48 89 df             	mov    rdi,rbx
  403d5d:	e8 1e e6 ff ff       	call   402380 <_ZNSolsEi@plt>
  403d62:	be be a3 40 00       	mov    esi,0x40a3be
  403d67:	48 89 c7             	mov    rdi,rax
  403d6a:	e8 41 e4 ff ff       	call   4021b0 <_ZStlsISt11char_traitsIcEERSt13basic_ostreamIcT_ES5_PKc@plt>
  403d6f:	48 89 c3             	mov    rbx,rax
  403d72:	e8 c9 e2 ff ff       	call   402040 <__errno_location@plt>
  403d77:	8b 00                	mov    eax,DWORD PTR [rax]
  403d79:	89 c7                	mov    edi,eax
  403d7b:	e8 10 e3 ff ff       	call   402090 <strerror@plt>
  403d80:	48 89 c6             	mov    rsi,rax
  403d83:	48 89 df             	mov    rdi,rbx
  403d86:	e8 25 e4 ff ff       	call   4021b0 <_ZStlsISt11char_traitsIcEERSt13basic_ostreamIcT_ES5_PKc@plt>
  403d8b:	be c1 a3 40 00       	mov    esi,0x40a3c1
  403d90:	48 89 c7             	mov    rdi,rax
  403d93:	e8 18 e4 ff ff       	call   4021b0 <_ZStlsISt11char_traitsIcEERSt13basic_ostreamIcT_ES5_PKc@plt>
  403d98:	bf 01 00 00 00       	mov    edi,0x1
  403d9d:	e8 8e e4 ff ff       	call   402230 <exit@plt>
  403da2:	80 7d b4 00          	cmp    BYTE PTR [rbp-0x4c],0x0
  403da6:	74 7a                	je     403e22 <_Z15allocate_buffermbRm+0x153>
  403da8:	48 8b 4d d8          	mov    rcx,QWORD PTR [rbp-0x28]
  403dac:	48 8b 45 d0          	mov    rax,QWORD PTR [rbp-0x30]
  403db0:	ba 0e 00 00 00       	mov    edx,0xe
  403db5:	48 89 ce             	mov    rsi,rcx
  403db8:	48 89 c7             	mov    rdi,rax
  403dbb:	e8 60 e4 ff ff       	call   402220 <madvise@plt>
  403dc0:	85 c0                	test   eax,eax
  403dc2:	0f 95 c0             	setne  al
  403dc5:	84 c0                	test   al,al
  403dc7:	74 59                	je     403e22 <_Z15allocate_buffermbRm+0x153>
  403dc9:	be c8 a3 40 00       	mov    esi,0x40a3c8
  403dce:	bf 40 f2 40 00       	mov    edi,0x40f240
  403dd3:	e8 d8 e3 ff ff       	call   4021b0 <_ZStlsISt11char_traitsIcEERSt13basic_ostreamIcT_ES5_PKc@plt>
  403dd8:	48 89 c3             	mov    rbx,rax
  403ddb:	e8 60 e2 ff ff       	call   402040 <__errno_location@plt>
  403de0:	8b 00                	mov    eax,DWORD PTR [rax]
  403de2:	89 c6                	mov    esi,eax
  403de4:	48 89 df             	mov    rdi,rbx
  403de7:	e8 94 e5 ff ff       	call   402380 <_ZNSolsEi@plt>
  403dec:	be be a3 40 00       	mov    esi,0x40a3be
  403df1:	48 89 c7             	mov    rdi,rax
  403df4:	e8 b7 e3 ff ff       	call   4021b0 <_ZStlsISt11char_traitsIcEERSt13basic_ostreamIcT_ES5_PKc@plt>
  403df9:	48 89 c3             	mov    rbx,rax
  403dfc:	e8 3f e2 ff ff       	call   402040 <__errno_location@plt>
  403e01:	8b 00                	mov    eax,DWORD PTR [rax]
  403e03:	89 c7                	mov    edi,eax
  403e05:	e8 86 e2 ff ff       	call   402090 <strerror@plt>
  403e0a:	48 89 c6             	mov    rsi,rax
  403e0d:	48 89 df             	mov    rdi,rbx
  403e10:	e8 9b e3 ff ff       	call   4021b0 <_ZStlsISt11char_traitsIcEERSt13basic_ostreamIcT_ES5_PKc@plt>
  403e15:	be f8 a3 40 00       	mov    esi,0x40a3f8
  403e1a:	48 89 c7             	mov    rdi,rax
  403e1d:	e8 8e e3 ff ff       	call   4021b0 <_ZStlsISt11char_traitsIcEERSt13basic_ostreamIcT_ES5_PKc@plt>
  403e22:	48 8b 45 d0          	mov    rax,QWORD PTR [rbp-0x30]
  403e26:	48 89 45 c8          	mov    QWORD PTR [rbp-0x38],rax
  403e2a:	48 c7 45 e8 00 00 00 	mov    QWORD PTR [rbp-0x18],0x0
  403e31:	00 
  403e32:	eb 16                	jmp    403e4a <_Z15allocate_buffermbRm+0x17b>
  403e34:	48 8b 55 c8          	mov    rdx,QWORD PTR [rbp-0x38]
  403e38:	48 8b 45 e8          	mov    rax,QWORD PTR [rbp-0x18]
  403e3c:	48 01 d0             	add    rax,rdx
  403e3f:	c6 00 00             	mov    BYTE PTR [rax],0x0
  403e42:	48 81 45 e8 00 10 00 	add    QWORD PTR [rbp-0x18],0x1000
  403e49:	00 
  403e4a:	48 8b 45 e8          	mov    rax,QWORD PTR [rbp-0x18]
  403e4e:	48 3b 45 d8          	cmp    rax,QWORD PTR [rbp-0x28]
  403e52:	72 e0                	jb     403e34 <_Z15allocate_buffermbRm+0x165>
  403e54:	48 8b 45 a8          	mov    rax,QWORD PTR [rbp-0x58]
  403e58:	48 8b 55 d8          	mov    rdx,QWORD PTR [rbp-0x28]
  403e5c:	48 89 10             	mov    QWORD PTR [rax],rdx
  403e5f:	48 8b 45 d0          	mov    rax,QWORD PTR [rbp-0x30]
  403e63:	48 8b 5d f8          	mov    rbx,QWORD PTR [rbp-0x8]
  403e67:	c9                   	leave  
  403e68:	c3                   	ret    

0000000000403e69 <_Z20build_conflict_cycleP4Nodemmj>:
  403e69:	55                   	push   rbp
  403e6a:	48 89 e5             	mov    rbp,rsp
  403e6d:	53                   	push   rbx
  403e6e:	48 81 ec 08 14 00 00 	sub    rsp,0x1408
  403e75:	48 89 bd 08 ec ff ff 	mov    QWORD PTR [rbp-0x13f8],rdi
  403e7c:	48 89 b5 00 ec ff ff 	mov    QWORD PTR [rbp-0x1400],rsi
  403e83:	48 89 95 f8 eb ff ff 	mov    QWORD PTR [rbp-0x1408],rdx
  403e8a:	89 8d f4 eb ff ff    	mov    DWORD PTR [rbp-0x140c],ecx
  403e90:	48 83 bd f8 eb ff ff 	cmp    QWORD PTR [rbp-0x1408],0x1
  403e97:	01 
  403e98:	77 24                	ja     403ebe <_Z20build_conflict_cycleP4Nodemmj+0x55>
  403e9a:	48 83 bd f8 eb ff ff 	cmp    QWORD PTR [rbp-0x1408],0x1
  403ea1:	01 
  403ea2:	0f 85 b7 01 00 00    	jne    40405f <_Z20build_conflict_cycleP4Nodemmj+0x1f6>
  403ea8:	48 8b 95 08 ec ff ff 	mov    rdx,QWORD PTR [rbp-0x13f8]
  403eaf:	48 8b 85 08 ec ff ff 	mov    rax,QWORD PTR [rbp-0x13f8]
  403eb6:	48 89 10             	mov    QWORD PTR [rax],rdx
  403eb9:	e9 a2 01 00 00       	jmp    404060 <_Z20build_conflict_cycleP4Nodemmj+0x1f7>
  403ebe:	48 8d 45 bf          	lea    rax,[rbp-0x41]
  403ec2:	48 89 c7             	mov    rdi,rax
  403ec5:	e8 ce 17 00 00       	call   405698 <_ZNSaImEC1Ev>
  403eca:	48 8d 55 bf          	lea    rdx,[rbp-0x41]
  403ece:	48 8b 8d f8 eb ff ff 	mov    rcx,QWORD PTR [rbp-0x1408]
  403ed5:	48 8d 45 a0          	lea    rax,[rbp-0x60]
  403ed9:	48 89 ce             	mov    rsi,rcx
  403edc:	48 89 c7             	mov    rdi,rax
  403edf:	e8 d0 17 00 00       	call   4056b4 <_ZNSt6vectorImSaImEEC1EmRKS0_>
  403ee4:	48 8d 45 bf          	lea    rax,[rbp-0x41]
  403ee8:	48 89 c7             	mov    rdi,rax
  403eeb:	e8 66 16 00 00       	call   405556 <_ZNSaImED1Ev>
  403ef0:	48 c7 45 e8 00 00 00 	mov    QWORD PTR [rbp-0x18],0x0
  403ef7:	00 
  403ef8:	eb 1f                	jmp    403f19 <_Z20build_conflict_cycleP4Nodemmj+0xb0>
  403efa:	48 8b 55 e8          	mov    rdx,QWORD PTR [rbp-0x18]
  403efe:	48 8d 45 a0          	lea    rax,[rbp-0x60]
  403f02:	48 89 d6             	mov    rsi,rdx
  403f05:	48 89 c7             	mov    rdi,rax
  403f08:	e8 1d 18 00 00       	call   40572a <_ZNSt6vectorImSaImEEixEm>
  403f0d:	48 8b 55 e8          	mov    rdx,QWORD PTR [rbp-0x18]
  403f11:	48 89 10             	mov    QWORD PTR [rax],rdx
  403f14:	48 83 45 e8 01       	add    QWORD PTR [rbp-0x18],0x1
  403f19:	48 8b 45 e8          	mov    rax,QWORD PTR [rbp-0x18]
  403f1d:	48 3b 85 f8 eb ff ff 	cmp    rax,QWORD PTR [rbp-0x1408]
  403f24:	72 d4                	jb     403efa <_Z20build_conflict_cycleP4Nodemmj+0x91>
  403f26:	8b 95 f4 eb ff ff    	mov    edx,DWORD PTR [rbp-0x140c]
  403f2c:	48 8d 85 10 ec ff ff 	lea    rax,[rbp-0x13f0]
  403f33:	48 89 d6             	mov    rsi,rdx
  403f36:	48 89 c7             	mov    rdi,rax
  403f39:	e8 0c 18 00 00       	call   40574a <_ZNSt23mersenne_twister_engineImLm32ELm624ELm397ELm31ELm2567483615ELm11ELm4294967295ELm7ELm2636928640ELm15ELm4022730752ELm18ELm1812433253EEC1Em>
  403f3e:	48 8d 45 a0          	lea    rax,[rbp-0x60]
  403f42:	48 89 c7             	mov    rdi,rax
  403f45:	e8 4c 18 00 00       	call   405796 <_ZNSt6vectorImSaImEE3endEv>
  403f4a:	48 89 c3             	mov    rbx,rax
  403f4d:	48 8d 45 a0          	lea    rax,[rbp-0x60]
  403f51:	48 89 c7             	mov    rdi,rax
  403f54:	e8 17 18 00 00       	call   405770 <_ZNSt6vectorImSaImEE5beginEv>
  403f59:	48 89 c1             	mov    rcx,rax
  403f5c:	48 8d 85 10 ec ff ff 	lea    rax,[rbp-0x13f0]
  403f63:	48 89 c2             	mov    rdx,rax
  403f66:	48 89 de             	mov    rsi,rbx
  403f69:	48 89 cf             	mov    rdi,rcx
  403f6c:	e8 4e 18 00 00       	call   4057bf <_ZSt7shuffleIN9__gnu_cxx17__normal_iteratorIPmSt6vectorImSaImEEEERSt23mersenne_twister_engineImLm32ELm624ELm397ELm31ELm2567483615ELm11ELm4294967295ELm7ELm2636928640ELm15ELm4022730752ELm18ELm1812433253EEEvT_SA_OT0_>
  403f71:	48 c7 45 e0 00 00 00 	mov    QWORD PTR [rbp-0x20],0x0
  403f78:	00 
  403f79:	e9 8e 00 00 00       	jmp    40400c <_Z20build_conflict_cycleP4Nodemmj+0x1a3>
  403f7e:	48 8b 55 e0          	mov    rdx,QWORD PTR [rbp-0x20]
  403f82:	48 8d 45 a0          	lea    rax,[rbp-0x60]
  403f86:	48 89 d6             	mov    rsi,rdx
  403f89:	48 89 c7             	mov    rdi,rax
  403f8c:	e8 99 17 00 00       	call   40572a <_ZNSt6vectorImSaImEEixEm>
  403f91:	48 8b 00             	mov    rax,QWORD PTR [rax]
  403f94:	48 89 45 d8          	mov    QWORD PTR [rbp-0x28],rax
  403f98:	48 8b 45 e0          	mov    rax,QWORD PTR [rbp-0x20]
  403f9c:	48 83 c0 01          	add    rax,0x1
  403fa0:	ba 00 00 00 00       	mov    edx,0x0
  403fa5:	48 f7 b5 f8 eb ff ff 	div    QWORD PTR [rbp-0x1408]
  403fac:	48 8d 45 a0          	lea    rax,[rbp-0x60]
  403fb0:	48 89 d6             	mov    rsi,rdx
  403fb3:	48 89 c7             	mov    rdi,rax
  403fb6:	e8 6f 17 00 00       	call   40572a <_ZNSt6vectorImSaImEEixEm>
  403fbb:	48 8b 00             	mov    rax,QWORD PTR [rax]
  403fbe:	48 89 45 d0          	mov    QWORD PTR [rbp-0x30],rax
  403fc2:	48 8b 45 d8          	mov    rax,QWORD PTR [rbp-0x28]
  403fc6:	48 0f af 85 00 ec ff 	imul   rax,QWORD PTR [rbp-0x1400]
  403fcd:	ff 
  403fce:	48 89 c2             	mov    rdx,rax
  403fd1:	48 8b 85 08 ec ff ff 	mov    rax,QWORD PTR [rbp-0x13f8]
  403fd8:	48 01 d0             	add    rax,rdx
  403fdb:	48 89 45 c8          	mov    QWORD PTR [rbp-0x38],rax
  403fdf:	48 8b 45 d0          	mov    rax,QWORD PTR [rbp-0x30]
  403fe3:	48 0f af 85 00 ec ff 	imul   rax,QWORD PTR [rbp-0x1400]
  403fea:	ff 
  403feb:	48 89 c2             	mov    rdx,rax
  403fee:	48 8b 85 08 ec ff ff 	mov    rax,QWORD PTR [rbp-0x13f8]
  403ff5:	48 01 d0             	add    rax,rdx
  403ff8:	48 89 45 c0          	mov    QWORD PTR [rbp-0x40],rax
  403ffc:	48 8b 55 c0          	mov    rdx,QWORD PTR [rbp-0x40]
  404000:	48 8b 45 c8          	mov    rax,QWORD PTR [rbp-0x38]
  404004:	48 89 10             	mov    QWORD PTR [rax],rdx
  404007:	48 83 45 e0 01       	add    QWORD PTR [rbp-0x20],0x1
  40400c:	48 8b 45 e0          	mov    rax,QWORD PTR [rbp-0x20]
  404010:	48 3b 85 f8 eb ff ff 	cmp    rax,QWORD PTR [rbp-0x1408]
  404017:	0f 82 61 ff ff ff    	jb     403f7e <_Z20build_conflict_cycleP4Nodemmj+0x115>
  40401d:	48 8d 45 a0          	lea    rax,[rbp-0x60]
  404021:	48 89 c7             	mov    rdi,rax
  404024:	e8 97 15 00 00       	call   4055c0 <_ZNSt6vectorImSaImEED1Ev>
  404029:	eb 35                	jmp    404060 <_Z20build_conflict_cycleP4Nodemmj+0x1f7>
  40402b:	48 89 c3             	mov    rbx,rax
  40402e:	48 8d 45 bf          	lea    rax,[rbp-0x41]
  404032:	48 89 c7             	mov    rdi,rax
  404035:	e8 1c 15 00 00       	call   405556 <_ZNSaImED1Ev>
  40403a:	48 89 d8             	mov    rax,rbx
  40403d:	48 89 c7             	mov    rdi,rax
  404040:	e8 4b e3 ff ff       	call   402390 <_Unwind_Resume@plt>
  404045:	48 89 c3             	mov    rbx,rax
  404048:	48 8d 45 a0          	lea    rax,[rbp-0x60]
  40404c:	48 89 c7             	mov    rdi,rax
  40404f:	e8 6c 15 00 00       	call   4055c0 <_ZNSt6vectorImSaImEED1Ev>
  404054:	48 89 d8             	mov    rax,rbx
  404057:	48 89 c7             	mov    rdi,rax
  40405a:	e8 31 e3 ff ff       	call   402390 <_Unwind_Resume@plt>
  40405f:	90                   	nop
  404060:	48 8b 5d f8          	mov    rbx,QWORD PTR [rbp-0x8]
  404064:	c9                   	leave  
  404065:	c3                   	ret    

0000000000404066 <_Z9measure_KP4NodemmmmmmmjPSt14basic_ofstreamIcSt11char_traitsIcEE>:
  404066:	55                   	push   rbp
  404067:	48 89 e5             	mov    rbp,rsp
  40406a:	41 55                	push   r13
  40406c:	41 54                	push   r12
  40406e:	53                   	push   rbx
  40406f:	48 81 ec 08 02 00 00 	sub    rsp,0x208
  404076:	48 89 bd 08 fe ff ff 	mov    QWORD PTR [rbp-0x1f8],rdi
  40407d:	48 89 b5 00 fe ff ff 	mov    QWORD PTR [rbp-0x200],rsi
  404084:	48 89 95 f8 fd ff ff 	mov    QWORD PTR [rbp-0x208],rdx
  40408b:	48 89 8d f0 fd ff ff 	mov    QWORD PTR [rbp-0x210],rcx
  404092:	4c 89 85 e8 fd ff ff 	mov    QWORD PTR [rbp-0x218],r8
  404099:	4c 89 8d e0 fd ff ff 	mov    QWORD PTR [rbp-0x220],r9
  4040a0:	8b 4d 20             	mov    ecx,DWORD PTR [rbp+0x20]
  4040a3:	48 8b 95 f8 fd ff ff 	mov    rdx,QWORD PTR [rbp-0x208]
  4040aa:	48 8b b5 00 fe ff ff 	mov    rsi,QWORD PTR [rbp-0x200]
  4040b1:	48 8b 85 08 fe ff ff 	mov    rax,QWORD PTR [rbp-0x1f8]
  4040b8:	48 89 c7             	mov    rdi,rax
  4040bb:	e8 a9 fd ff ff       	call   403e69 <_Z20build_conflict_cycleP4Nodemmj>
  4040c0:	48 8b 85 08 fe ff ff 	mov    rax,QWORD PTR [rbp-0x1f8]
  4040c7:	48 89 45 d8          	mov    QWORD PTR [rbp-0x28],rax
  4040cb:	48 c7 45 d0 00 00 00 	mov    QWORD PTR [rbp-0x30],0x0
  4040d2:	00 
  4040d3:	eb 2c                	jmp    404101 <_Z9measure_KP4NodemmmmmmmjPSt14basic_ofstreamIcSt11char_traitsIcEE+0x9b>
  4040d5:	48 c7 45 c8 00 00 00 	mov    QWORD PTR [rbp-0x38],0x0
  4040dc:	00 
  4040dd:	eb 10                	jmp    4040ef <_Z9measure_KP4NodemmmmmmmjPSt14basic_ofstreamIcSt11char_traitsIcEE+0x89>
  4040df:	48 8b 45 d8          	mov    rax,QWORD PTR [rbp-0x28]
  4040e3:	48 8b 00             	mov    rax,QWORD PTR [rax]
  4040e6:	48 89 45 d8          	mov    QWORD PTR [rbp-0x28],rax
  4040ea:	48 83 45 c8 01       	add    QWORD PTR [rbp-0x38],0x1
  4040ef:	48 8b 45 c8          	mov    rax,QWORD PTR [rbp-0x38]
  4040f3:	48 3b 85 f8 fd ff ff 	cmp    rax,QWORD PTR [rbp-0x208]
  4040fa:	72 e3                	jb     4040df <_Z9measure_KP4NodemmmmmmmjPSt14basic_ofstreamIcSt11char_traitsIcEE+0x79>
  4040fc:	48 83 45 d0 01       	add    QWORD PTR [rbp-0x30],0x1
  404101:	48 8b 45 d0          	mov    rax,QWORD PTR [rbp-0x30]
  404105:	48 3b 85 e8 fd ff ff 	cmp    rax,QWORD PTR [rbp-0x218]
  40410c:	72 c7                	jb     4040d5 <_Z9measure_KP4NodemmmmmmmjPSt14basic_ofstreamIcSt11char_traitsIcEE+0x6f>
  40410e:	48 8b 55 10          	mov    rdx,QWORD PTR [rbp+0x10]
  404112:	48 8b 45 18          	mov    rax,QWORD PTR [rbp+0x18]
  404116:	48 01 d0             	add    rax,rdx
  404119:	48 d1 e8             	shr    rax,1
  40411c:	48 89 45 98          	mov    QWORD PTR [rbp-0x68],rax
  404120:	48 8d 85 50 ff ff ff 	lea    rax,[rbp-0xb0]
  404127:	48 89 c7             	mov    rdi,rax
  40412a:	e8 0d 12 00 00       	call   40533c <_ZNSt6vectorImSaImEEC1Ev>
  40412f:	48 c7 85 68 ff ff ff 	mov    QWORD PTR [rbp-0x98],0x0
  404136:	00 00 00 00 
  40413a:	48 8d 95 68 ff ff ff 	lea    rdx,[rbp-0x98]
  404141:	48 8b 8d f0 fd ff ff 	mov    rcx,QWORD PTR [rbp-0x210]
  404148:	48 8d 85 50 ff ff ff 	lea    rax,[rbp-0xb0]
  40414f:	48 89 ce             	mov    rsi,rcx
  404152:	48 89 c7             	mov    rdi,rax
  404155:	e8 20 19 00 00       	call   405a7a <_ZNSt6vectorImSaImEE6resizeEmRKm>
  40415a:	48 8d 85 50 ff ff ff 	lea    rax,[rbp-0xb0]
  404161:	48 89 c7             	mov    rdi,rax
  404164:	e8 bd 19 00 00       	call   405b26 <_ZNSt6vectorImSaImEE5clearEv>
  404169:	48 c7 45 c0 00 00 00 	mov    QWORD PTR [rbp-0x40],0x0
  404170:	00 
  404171:	48 8b 85 08 fe ff ff 	mov    rax,QWORD PTR [rbp-0x1f8]
  404178:	48 89 45 d8          	mov    QWORD PTR [rbp-0x28],rax
  40417c:	48 8b 85 08 fe ff ff 	mov    rax,QWORD PTR [rbp-0x1f8]
  404183:	be ac a4 40 00       	mov    esi,0x40a4ac
  404188:	48 89 c7             	mov    rdi,rax
  40418b:	e8 ef ea ff ff       	call   402c7f <_ZL11log_mappingPKvPKc>
  404190:	48 8d 95 c0 fe ff ff 	lea    rdx,[rbp-0x140]
  404197:	b8 00 00 00 00       	mov    eax,0x0
  40419c:	b9 12 00 00 00       	mov    ecx,0x12
  4041a1:	48 89 d7             	mov    rdi,rdx
  4041a4:	f3 48 ab             	rep stos QWORD PTR es:[rdi],rax
  4041a7:	48 8d 95 30 fe ff ff 	lea    rdx,[rbp-0x1d0]
  4041ae:	b8 00 00 00 00       	mov    eax,0x0
  4041b3:	b9 12 00 00 00       	mov    ecx,0x12
  4041b8:	48 89 d7             	mov    rdi,rdx
  4041bb:	f3 48 ab             	rep stos QWORD PTR es:[rdi],rax
  4041be:	48 8d 85 c0 fe ff ff 	lea    rax,[rbp-0x140]
  4041c5:	48 89 c6             	mov    rsi,rax
  4041c8:	bf 00 00 00 00       	mov    edi,0x0
  4041cd:	e8 2e df ff ff       	call   402100 <getrusage@plt>
  4041d2:	e8 67 e6 ff ff       	call   40283e <_ZL9pmu_startv>
  4041d7:	48 c7 45 b8 00 00 00 	mov    QWORD PTR [rbp-0x48],0x0
  4041de:	00 
  4041df:	e9 c5 00 00 00       	jmp    4042a9 <_Z9measure_KP4NodemmmmmmmjPSt14basic_ofstreamIcSt11char_traitsIcEE+0x243>
  4041e4:	48 c7 45 b0 00 00 00 	mov    QWORD PTR [rbp-0x50],0x0
  4041eb:	00 
  4041ec:	eb 10                	jmp    4041fe <_Z9measure_KP4NodemmmmmmmjPSt14basic_ofstreamIcSt11char_traitsIcEE+0x198>
  4041ee:	48 8b 45 d8          	mov    rax,QWORD PTR [rbp-0x28]
  4041f2:	48 8b 00             	mov    rax,QWORD PTR [rax]
  4041f5:	48 89 45 d8          	mov    QWORD PTR [rbp-0x28],rax
  4041f9:	48 83 45 b0 01       	add    QWORD PTR [rbp-0x50],0x1
  4041fe:	48 8b 85 f8 fd ff ff 	mov    rax,QWORD PTR [rbp-0x208]
  404205:	48 83 e8 01          	sub    rax,0x1
  404209:	48 39 45 b0          	cmp    QWORD PTR [rbp-0x50],rax
  40420d:	72 df                	jb     4041ee <_Z9measure_KP4NodemmmmmmmjPSt14basic_ofstreamIcSt11char_traitsIcEE+0x188>
  40420f:	e8 dc ec ff ff       	call   402ef0 <_ZL9tsc_startv>
  404214:	48 89 85 78 ff ff ff 	mov    QWORD PTR [rbp-0x88],rax
  40421b:	48 8b 45 d8          	mov    rax,QWORD PTR [rbp-0x28]
  40421f:	48 8b 00             	mov    rax,QWORD PTR [rax]
  404222:	48 89 45 a8          	mov    QWORD PTR [rbp-0x58],rax
  404226:	48 c7 45 a0 00 00 00 	mov    QWORD PTR [rbp-0x60],0x0
  40422d:	00 
  40422e:	eb 10                	jmp    404240 <_Z9measure_KP4NodemmmmmmmjPSt14basic_ofstreamIcSt11char_traitsIcEE+0x1da>
  404230:	48 8b 45 a8          	mov    rax,QWORD PTR [rbp-0x58]
  404234:	48 8b 00             	mov    rax,QWORD PTR [rax]
  404237:	48 89 45 a8          	mov    QWORD PTR [rbp-0x58],rax
  40423b:	48 83 45 a0 01       	add    QWORD PTR [rbp-0x60],0x1
  404240:	48 8b 45 a0          	mov    rax,QWORD PTR [rbp-0x60]
  404244:	48 3b 85 e0 fd ff ff 	cmp    rax,QWORD PTR [rbp-0x220]
  40424b:	72 e3                	jb     404230 <_Z9measure_KP4NodemmmmmmmjPSt14basic_ofstreamIcSt11char_traitsIcEE+0x1ca>
  40424d:	e8 a9 ec ff ff       	call   402efb <_ZL8tsc_stopv>
  404252:	48 89 85 70 ff ff ff 	mov    QWORD PTR [rbp-0x90],rax
  404259:	48 8b 85 70 ff ff ff 	mov    rax,QWORD PTR [rbp-0x90]
  404260:	48 2b 85 78 ff ff ff 	sub    rax,QWORD PTR [rbp-0x88]
  404267:	48 89 85 28 fe ff ff 	mov    QWORD PTR [rbp-0x1d8],rax
  40426e:	48 8d 95 28 fe ff ff 	lea    rdx,[rbp-0x1d8]
  404275:	48 8d 85 50 ff ff ff 	lea    rax,[rbp-0xb0]
  40427c:	48 89 d6             	mov    rsi,rdx
  40427f:	48 89 c7             	mov    rdi,rax
  404282:	e8 c5 18 00 00       	call   405b4c <_ZNSt6vectorImSaImEE9push_backERKm>
  404287:	48 8b 85 28 fe ff ff 	mov    rax,QWORD PTR [rbp-0x1d8]
  40428e:	48 39 45 98          	cmp    QWORD PTR [rbp-0x68],rax
  404292:	73 05                	jae    404299 <_Z9measure_KP4NodemmmmmmmjPSt14basic_ofstreamIcSt11char_traitsIcEE+0x233>
  404294:	48 83 45 c0 01       	add    QWORD PTR [rbp-0x40],0x1
  404299:	48 8b 85 08 fe ff ff 	mov    rax,QWORD PTR [rbp-0x1f8]
  4042a0:	48 89 45 d8          	mov    QWORD PTR [rbp-0x28],rax
  4042a4:	48 83 45 b8 01       	add    QWORD PTR [rbp-0x48],0x1
  4042a9:	48 8b 45 b8          	mov    rax,QWORD PTR [rbp-0x48]
  4042ad:	48 3b 85 f0 fd ff ff 	cmp    rax,QWORD PTR [rbp-0x210]
  4042b4:	0f 82 2a ff ff ff    	jb     4041e4 <_Z9measure_KP4NodemmmmmmmjPSt14basic_ofstreamIcSt11char_traitsIcEE+0x17e>
  4042ba:	e8 e4 e5 ff ff       	call   4028a3 <_ZL8pmu_stopv>
  4042bf:	48 8d 85 30 fe ff ff 	lea    rax,[rbp-0x1d0]
  4042c6:	48 89 c6             	mov    rsi,rax
  4042c9:	bf 00 00 00 00       	mov    edi,0x0
  4042ce:	e8 2d de ff ff       	call   402100 <getrusage@plt>
  4042d3:	48 8d 95 30 fe ff ff 	lea    rdx,[rbp-0x1d0]
  4042da:	48 8d 85 c0 fe ff ff 	lea    rax,[rbp-0x140]
  4042e1:	48 89 d6             	mov    rsi,rdx
  4042e4:	48 89 c7             	mov    rdi,rax
  4042e7:	e8 d7 e8 ff ff       	call   402bc3 <_ZL9log_usageRK6rusageS1_>
  4042ec:	48 8b 85 08 fe ff ff 	mov    rax,QWORD PTR [rbp-0x1f8]
  4042f3:	be b3 a4 40 00       	mov    esi,0x40a4b3
  4042f8:	48 89 c7             	mov    rdi,rax
  4042fb:	e8 7f e9 ff ff       	call   402c7f <_ZL11log_mappingPKvPKc>
  404300:	48 8b 95 f8 fd ff ff 	mov    rdx,QWORD PTR [rbp-0x208]
  404307:	48 8b 85 e0 fd ff ff 	mov    rax,QWORD PTR [rbp-0x220]
  40430e:	48 01 d0             	add    rax,rdx
  404311:	48 0f af 85 f0 fd ff 	imul   rax,QWORD PTR [rbp-0x210]
  404318:	ff 
  404319:	48 89 c3             	mov    rbx,rax
  40431c:	bf 20 f4 40 00       	mov    edi,0x40f420
  404321:	e8 9a dd ff ff       	call   4020c0 <_ZNKSt7__cxx1112basic_stringIcSt11char_traitsIcESaIcEE5c_strEv@plt>
  404326:	48 89 de             	mov    rsi,rbx
  404329:	48 89 c7             	mov    rdi,rax
  40432c:	e8 55 e6 ff ff       	call   402986 <_ZL8pmu_savePKcm>
  404331:	48 8d 85 50 ff ff ff 	lea    rax,[rbp-0xb0]
  404338:	48 89 c7             	mov    rdi,rax
  40433b:	e8 88 18 00 00       	call   405bc8 <_ZNSt6vectorImSaImEE4dataEv>
  404340:	48 89 c3             	mov    rbx,rax
  404343:	bf 40 f4 40 00       	mov    edi,0x40f440
  404348:	e8 73 dd ff ff       	call   4020c0 <_ZNKSt7__cxx1112basic_stringIcSt11char_traitsIcESaIcEE5c_strEv@plt>
  40434d:	48 89 c1             	mov    rcx,rax
  404350:	48 8b 85 f0 fd ff ff 	mov    rax,QWORD PTR [rbp-0x210]
  404357:	48 89 c2             	mov    rdx,rax
  40435a:	48 89 de             	mov    rsi,rbx
  40435d:	48 89 cf             	mov    rdi,rcx
  404360:	e8 d3 e7 ff ff       	call   402b38 <_ZL10save_ticksPKcPKmm>
  404365:	48 8d 85 50 ff ff ff 	lea    rax,[rbp-0xb0]
  40436c:	48 89 c7             	mov    rdi,rax
  40436f:	e8 22 14 00 00       	call   405796 <_ZNSt6vectorImSaImEE3endEv>
  404374:	48 89 c3             	mov    rbx,rax
  404377:	48 8d 85 50 ff ff ff 	lea    rax,[rbp-0xb0]
  40437e:	48 89 c7             	mov    rdi,rax
  404381:	e8 ea 13 00 00       	call   405770 <_ZNSt6vectorImSaImEE5beginEv>
  404386:	48 89 de             	mov    rsi,rbx
  404389:	48 89 c7             	mov    rdi,rax
  40438c:	e8 5b 18 00 00       	call   405bec <_ZSt4sortIN9__gnu_cxx17__normal_iteratorIPmSt6vectorImSaImEEEEEvT_S7_>
  404391:	48 8b 85 f0 fd ff ff 	mov    rax,QWORD PTR [rbp-0x210]
  404398:	48 d1 e8             	shr    rax,1
  40439b:	48 89 c2             	mov    rdx,rax
  40439e:	48 8d 85 50 ff ff ff 	lea    rax,[rbp-0xb0]
  4043a5:	48 89 d6             	mov    rsi,rdx
  4043a8:	48 89 c7             	mov    rdi,rax
  4043ab:	e8 7a 13 00 00       	call   40572a <_ZNSt6vectorImSaImEEixEm>
  4043b0:	48 8b 00             	mov    rax,QWORD PTR [rax]
  4043b3:	48 85 c0             	test   rax,rax
  4043b6:	78 0b                	js     4043c3 <_Z9measure_KP4NodemmmmmmmjPSt14basic_ofstreamIcSt11char_traitsIcEE+0x35d>
  4043b8:	66 0f ef c0          	pxor   xmm0,xmm0
  4043bc:	f2 48 0f 2a c0       	cvtsi2sd xmm0,rax
  4043c1:	eb 19                	jmp    4043dc <_Z9measure_KP4NodemmmmmmmjPSt14basic_ofstreamIcSt11char_traitsIcEE+0x376>
  4043c3:	48 89 c2             	mov    rdx,rax
  4043c6:	48 d1 ea             	shr    rdx,1
  4043c9:	83 e0 01             	and    eax,0x1
  4043cc:	48 09 c2             	or     rdx,rax
  4043cf:	66 0f ef c0          	pxor   xmm0,xmm0
  4043d3:	f2 48 0f 2a c2       	cvtsi2sd xmm0,rdx
  4043d8:	f2 0f 58 c0          	addsd  xmm0,xmm0
  4043dc:	48 8b 85 e0 fd ff ff 	mov    rax,QWORD PTR [rbp-0x220]
  4043e3:	48 85 c0             	test   rax,rax
  4043e6:	78 0b                	js     4043f3 <_Z9measure_KP4NodemmmmmmmjPSt14basic_ofstreamIcSt11char_traitsIcEE+0x38d>
  4043e8:	66 0f ef c9          	pxor   xmm1,xmm1
  4043ec:	f2 48 0f 2a c8       	cvtsi2sd xmm1,rax
  4043f1:	eb 19                	jmp    40440c <_Z9measure_KP4NodemmmmmmmjPSt14basic_ofstreamIcSt11char_traitsIcEE+0x3a6>
  4043f3:	48 89 c2             	mov    rdx,rax
  4043f6:	48 d1 ea             	shr    rdx,1
  4043f9:	83 e0 01             	and    eax,0x1
  4043fc:	48 09 c2             	or     rdx,rax
  4043ff:	66 0f ef c9          	pxor   xmm1,xmm1
  404403:	f2 48 0f 2a ca       	cvtsi2sd xmm1,rdx
  404408:	f2 0f 58 c9          	addsd  xmm1,xmm1
  40440c:	f2 0f 5e c1          	divsd  xmm0,xmm1
  404410:	f2 0f 11 45 90       	movsd  QWORD PTR [rbp-0x70],xmm0
  404415:	48 83 7d 28 00       	cmp    QWORD PTR [rbp+0x28],0x0
  40441a:	0f 84 22 01 00 00    	je     404542 <_Z9measure_KP4NodemmmmmmmjPSt14basic_ofstreamIcSt11char_traitsIcEE+0x4dc>
  404420:	48 8d 85 50 ff ff ff 	lea    rax,[rbp-0xb0]
  404427:	48 89 45 88          	mov    QWORD PTR [rbp-0x78],rax
  40442b:	48 8b 45 88          	mov    rax,QWORD PTR [rbp-0x78]
  40442f:	48 89 c7             	mov    rdi,rax
  404432:	e8 39 13 00 00       	call   405770 <_ZNSt6vectorImSaImEE5beginEv>
  404437:	48 89 85 20 fe ff ff 	mov    QWORD PTR [rbp-0x1e0],rax
  40443e:	48 8b 45 88          	mov    rax,QWORD PTR [rbp-0x78]
  404442:	48 89 c7             	mov    rdi,rax
  404445:	e8 4c 13 00 00       	call   405796 <_ZNSt6vectorImSaImEE3endEv>
  40444a:	48 89 85 18 fe ff ff 	mov    QWORD PTR [rbp-0x1e8],rax
  404451:	e9 cb 00 00 00       	jmp    404521 <_Z9measure_KP4NodemmmmmmmjPSt14basic_ofstreamIcSt11char_traitsIcEE+0x4bb>
  404456:	48 8d 85 20 fe ff ff 	lea    rax,[rbp-0x1e0]
  40445d:	48 89 c7             	mov    rdi,rax
  404460:	e8 0d 18 00 00       	call   405c72 <_ZNK9__gnu_cxx17__normal_iteratorIPmSt6vectorImSaImEEEdeEv>
  404465:	48 8b 00             	mov    rax,QWORD PTR [rax]
  404468:	48 89 45 80          	mov    QWORD PTR [rbp-0x80],rax
  40446c:	48 8b 45 28          	mov    rax,QWORD PTR [rbp+0x28]
  404470:	48 8b 95 f8 fd ff ff 	mov    rdx,QWORD PTR [rbp-0x208]
  404477:	48 89 d6             	mov    rsi,rdx
  40447a:	48 89 c7             	mov    rdi,rax
  40447d:	e8 de db ff ff       	call   402060 <_ZNSolsEm@plt>
  404482:	be 70 a1 40 00       	mov    esi,0x40a170
  404487:	48 89 c7             	mov    rdi,rax
  40448a:	e8 21 dd ff ff       	call   4021b0 <_ZStlsISt11char_traitsIcEERSt13basic_ostreamIcT_ES5_PKc@plt>
  40448f:	48 89 c1             	mov    rcx,rax
  404492:	48 8b 45 80          	mov    rax,QWORD PTR [rbp-0x80]
  404496:	48 85 c0             	test   rax,rax
  404499:	78 0b                	js     4044a6 <_Z9measure_KP4NodemmmmmmmjPSt14basic_ofstreamIcSt11char_traitsIcEE+0x440>
  40449b:	66 0f ef c0          	pxor   xmm0,xmm0
  40449f:	f2 48 0f 2a c0       	cvtsi2sd xmm0,rax
  4044a4:	eb 19                	jmp    4044bf <_Z9measure_KP4NodemmmmmmmjPSt14basic_ofstreamIcSt11char_traitsIcEE+0x459>
  4044a6:	48 89 c2             	mov    rdx,rax
  4044a9:	48 d1 ea             	shr    rdx,1
  4044ac:	83 e0 01             	and    eax,0x1
  4044af:	48 09 c2             	or     rdx,rax
  4044b2:	66 0f ef c0          	pxor   xmm0,xmm0
  4044b6:	f2 48 0f 2a c2       	cvtsi2sd xmm0,rdx
  4044bb:	f2 0f 58 c0          	addsd  xmm0,xmm0
  4044bf:	48 8b 85 e0 fd ff ff 	mov    rax,QWORD PTR [rbp-0x220]
  4044c6:	48 85 c0             	test   rax,rax
  4044c9:	78 0b                	js     4044d6 <_Z9measure_KP4NodemmmmmmmjPSt14basic_ofstreamIcSt11char_traitsIcEE+0x470>
  4044cb:	66 0f ef c9          	pxor   xmm1,xmm1
  4044cf:	f2 48 0f 2a c8       	cvtsi2sd xmm1,rax
  4044d4:	eb 19                	jmp    4044ef <_Z9measure_KP4NodemmmmmmmjPSt14basic_ofstreamIcSt11char_traitsIcEE+0x489>
  4044d6:	48 89 c2             	mov    rdx,rax
  4044d9:	48 d1 ea             	shr    rdx,1
  4044dc:	83 e0 01             	and    eax,0x1
  4044df:	48 09 c2             	or     rdx,rax
  4044e2:	66 0f ef c9          	pxor   xmm1,xmm1
  4044e6:	f2 48 0f 2a ca       	cvtsi2sd xmm1,rdx
  4044eb:	f2 0f 58 c9          	addsd  xmm1,xmm1
  4044ef:	f2 0f 5e c1          	divsd  xmm0,xmm1
  4044f3:	66 48 0f 7e c0       	movq   rax,xmm0
  4044f8:	66 48 0f 6e c0       	movq   xmm0,rax
  4044fd:	48 89 cf             	mov    rdi,rcx
  404500:	e8 bb de ff ff       	call   4023c0 <_ZNSolsEd@plt>
  404505:	be 5c a3 40 00       	mov    esi,0x40a35c
  40450a:	48 89 c7             	mov    rdi,rax
  40450d:	e8 9e dc ff ff       	call   4021b0 <_ZStlsISt11char_traitsIcEERSt13basic_ostreamIcT_ES5_PKc@plt>
  404512:	48 8d 85 20 fe ff ff 	lea    rax,[rbp-0x1e0]
  404519:	48 89 c7             	mov    rdi,rax
  40451c:	e8 31 17 00 00       	call   405c52 <_ZN9__gnu_cxx17__normal_iteratorIPmSt6vectorImSaImEEEppEv>
  404521:	48 8d 95 18 fe ff ff 	lea    rdx,[rbp-0x1e8]
  404528:	48 8d 85 20 fe ff ff 	lea    rax,[rbp-0x1e0]
  40452f:	48 89 d6             	mov    rsi,rdx
  404532:	48 89 c7             	mov    rdi,rax
  404535:	e8 dd 16 00 00       	call   405c17 <_ZN9__gnu_cxxneIPmSt6vectorImSaImEEEEbRKNS_17__normal_iteratorIT_T0_EESA_>
  40453a:	84 c0                	test   al,al
  40453c:	0f 85 14 ff ff ff    	jne    404456 <_Z9measure_KP4NodemmmmmmmjPSt14basic_ofstreamIcSt11char_traitsIcEE+0x3f0>
  404542:	48 8b 45 c0          	mov    rax,QWORD PTR [rbp-0x40]
  404546:	48 85 c0             	test   rax,rax
  404549:	78 0b                	js     404556 <_Z9measure_KP4NodemmmmmmmjPSt14basic_ofstreamIcSt11char_traitsIcEE+0x4f0>
  40454b:	66 0f ef c0          	pxor   xmm0,xmm0
  40454f:	f2 48 0f 2a c0       	cvtsi2sd xmm0,rax
  404554:	eb 19                	jmp    40456f <_Z9measure_KP4NodemmmmmmmjPSt14basic_ofstreamIcSt11char_traitsIcEE+0x509>
  404556:	48 89 c2             	mov    rdx,rax
  404559:	48 d1 ea             	shr    rdx,1
  40455c:	83 e0 01             	and    eax,0x1
  40455f:	48 09 c2             	or     rdx,rax
  404562:	66 0f ef c0          	pxor   xmm0,xmm0
  404566:	f2 48 0f 2a c2       	cvtsi2sd xmm0,rdx
  40456b:	f2 0f 58 c0          	addsd  xmm0,xmm0
  40456f:	48 8b 85 f0 fd ff ff 	mov    rax,QWORD PTR [rbp-0x210]
  404576:	48 85 c0             	test   rax,rax
  404579:	78 0b                	js     404586 <_Z9measure_KP4NodemmmmmmmjPSt14basic_ofstreamIcSt11char_traitsIcEE+0x520>
  40457b:	66 0f ef c9          	pxor   xmm1,xmm1
  40457f:	f2 48 0f 2a c8       	cvtsi2sd xmm1,rax
  404584:	eb 19                	jmp    40459f <_Z9measure_KP4NodemmmmmmmjPSt14basic_ofstreamIcSt11char_traitsIcEE+0x539>
  404586:	48 89 c2             	mov    rdx,rax
  404589:	48 d1 ea             	shr    rdx,1
  40458c:	83 e0 01             	and    eax,0x1
  40458f:	48 09 c2             	or     rdx,rax
  404592:	66 0f ef c9          	pxor   xmm1,xmm1
  404596:	f2 48 0f 2a ca       	cvtsi2sd xmm1,rdx
  40459b:	f2 0f 58 c9          	addsd  xmm1,xmm1
  40459f:	f2 0f 5e c1          	divsd  xmm0,xmm1
  4045a3:	66 49 0f 7e c4       	movq   r12,xmm0
  4045a8:	4c 8b 6d 90          	mov    r13,QWORD PTR [rbp-0x70]
  4045ac:	48 8d 85 50 ff ff ff 	lea    rax,[rbp-0xb0]
  4045b3:	48 89 c7             	mov    rdi,rax
  4045b6:	e8 05 10 00 00       	call   4055c0 <_ZNSt6vectorImSaImEED1Ev>
  4045bb:	66 49 0f 6e c4       	movq   xmm0,r12
  4045c0:	66 49 0f 3a 22 c5 01 	pinsrq xmm0,r13,0x1
  4045c7:	4c 89 e0             	mov    rax,r12
  4045ca:	4c 89 ea             	mov    rdx,r13
  4045cd:	66 48 0f 6e ca       	movq   xmm1,rdx
  4045d2:	eb 1d                	jmp    4045f1 <_Z9measure_KP4NodemmmmmmmjPSt14basic_ofstreamIcSt11char_traitsIcEE+0x58b>
  4045d4:	48 89 c3             	mov    rbx,rax
  4045d7:	48 8d 85 50 ff ff ff 	lea    rax,[rbp-0xb0]
  4045de:	48 89 c7             	mov    rdi,rax
  4045e1:	e8 da 0f 00 00       	call   4055c0 <_ZNSt6vectorImSaImEED1Ev>
  4045e6:	48 89 d8             	mov    rax,rbx
  4045e9:	48 89 c7             	mov    rdi,rax
  4045ec:	e8 9f dd ff ff       	call   402390 <_Unwind_Resume@plt>
  4045f1:	48 81 c4 08 02 00 00 	add    rsp,0x208
  4045f8:	5b                   	pop    rbx
  4045f9:	41 5c                	pop    r12
  4045fb:	41 5d                	pop    r13
  4045fd:	5d                   	pop    rbp
  4045fe:	c3                   	ret    

00000000004045ff <_Z9calibrateP4NodemmmmRmS1_j>:
  4045ff:	55                   	push   rbp
  404600:	48 89 e5             	mov    rbp,rsp
  404603:	53                   	push   rbx
  404604:	48 81 ec f8 00 00 00 	sub    rsp,0xf8
  40460b:	48 89 bd 28 ff ff ff 	mov    QWORD PTR [rbp-0xd8],rdi
  404612:	48 89 b5 20 ff ff ff 	mov    QWORD PTR [rbp-0xe0],rsi
  404619:	48 89 95 18 ff ff ff 	mov    QWORD PTR [rbp-0xe8],rdx
  404620:	48 89 8d 10 ff ff ff 	mov    QWORD PTR [rbp-0xf0],rcx
  404627:	4c 89 85 08 ff ff ff 	mov    QWORD PTR [rbp-0xf8],r8
  40462e:	4c 89 8d 00 ff ff ff 	mov    QWORD PTR [rbp-0x100],r9
  404635:	48 c7 45 90 10 27 00 	mov    QWORD PTR [rbp-0x70],0x2710
  40463c:	00 
  40463d:	8b 55 18             	mov    edx,DWORD PTR [rbp+0x18]
  404640:	48 8b b5 20 ff ff ff 	mov    rsi,QWORD PTR [rbp-0xe0]
  404647:	48 8b 85 28 ff ff ff 	mov    rax,QWORD PTR [rbp-0xd8]
  40464e:	89 d1                	mov    ecx,edx
  404650:	ba 01 00 00 00       	mov    edx,0x1
  404655:	48 89 c7             	mov    rdi,rax
  404658:	e8 0c f8 ff ff       	call   403e69 <_Z20build_conflict_cycleP4Nodemmj>
  40465d:	48 8b 85 28 ff ff ff 	mov    rax,QWORD PTR [rbp-0xd8]
  404664:	48 89 45 e8          	mov    QWORD PTR [rbp-0x18],rax
  404668:	48 c7 45 e0 00 00 00 	mov    QWORD PTR [rbp-0x20],0x0
  40466f:	00 
  404670:	eb 10                	jmp    404682 <_Z9calibrateP4NodemmmmRmS1_j+0x83>
  404672:	48 8b 45 e8          	mov    rax,QWORD PTR [rbp-0x18]
  404676:	48 8b 00             	mov    rax,QWORD PTR [rax]
  404679:	48 89 45 e8          	mov    QWORD PTR [rbp-0x18],rax
  40467d:	48 83 45 e0 01       	add    QWORD PTR [rbp-0x20],0x1
  404682:	48 8b 45 e0          	mov    rax,QWORD PTR [rbp-0x20]
  404686:	48 3b 85 10 ff ff ff 	cmp    rax,QWORD PTR [rbp-0xf0]
  40468d:	72 e3                	jb     404672 <_Z9calibrateP4NodemmmmRmS1_j+0x73>
  40468f:	48 8d 85 6e ff ff ff 	lea    rax,[rbp-0x92]
  404696:	48 89 c7             	mov    rdi,rax
  404699:	e8 fa 0f 00 00       	call   405698 <_ZNSaImEC1Ev>
  40469e:	48 8d 95 6e ff ff ff 	lea    rdx,[rbp-0x92]
  4046a5:	48 8d 85 50 ff ff ff 	lea    rax,[rbp-0xb0]
  4046ac:	be 10 27 00 00       	mov    esi,0x2710
  4046b1:	48 89 c7             	mov    rdi,rax
  4046b4:	e8 fb 0f 00 00       	call   4056b4 <_ZNSt6vectorImSaImEEC1EmRKS0_>
  4046b9:	48 8d 85 6e ff ff ff 	lea    rax,[rbp-0x92]
  4046c0:	48 89 c7             	mov    rdi,rax
  4046c3:	e8 8e 0e 00 00       	call   405556 <_ZNSaImED1Ev>
  4046c8:	48 c7 45 d8 00 00 00 	mov    QWORD PTR [rbp-0x28],0x0
  4046cf:	00 
  4046d0:	eb 73                	jmp    404745 <_Z9calibrateP4NodemmmmRmS1_j+0x146>
  4046d2:	e8 19 e8 ff ff       	call   402ef0 <_ZL9tsc_startv>
  4046d7:	48 89 85 78 ff ff ff 	mov    QWORD PTR [rbp-0x88],rax
  4046de:	48 8b 45 e8          	mov    rax,QWORD PTR [rbp-0x18]
  4046e2:	48 89 45 d0          	mov    QWORD PTR [rbp-0x30],rax
  4046e6:	48 c7 45 c8 00 00 00 	mov    QWORD PTR [rbp-0x38],0x0
  4046ed:	00 
  4046ee:	eb 10                	jmp    404700 <_Z9calibrateP4NodemmmmRmS1_j+0x101>
  4046f0:	48 8b 45 d0          	mov    rax,QWORD PTR [rbp-0x30]
  4046f4:	48 8b 00             	mov    rax,QWORD PTR [rax]
  4046f7:	48 89 45 d0          	mov    QWORD PTR [rbp-0x30],rax
  4046fb:	48 83 45 c8 01       	add    QWORD PTR [rbp-0x38],0x1
  404700:	48 8b 45 c8          	mov    rax,QWORD PTR [rbp-0x38]
  404704:	48 3b 85 08 ff ff ff 	cmp    rax,QWORD PTR [rbp-0xf8]
  40470b:	72 e3                	jb     4046f0 <_Z9calibrateP4NodemmmmRmS1_j+0xf1>
  40470d:	e8 e9 e7 ff ff       	call   402efb <_ZL8tsc_stopv>
  404712:	48 89 85 70 ff ff ff 	mov    QWORD PTR [rbp-0x90],rax
  404719:	48 8b 55 d8          	mov    rdx,QWORD PTR [rbp-0x28]
  40471d:	48 8d 85 50 ff ff ff 	lea    rax,[rbp-0xb0]
  404724:	48 89 d6             	mov    rsi,rdx
  404727:	48 89 c7             	mov    rdi,rax
  40472a:	e8 fb 0f 00 00       	call   40572a <_ZNSt6vectorImSaImEEixEm>
  40472f:	48 8b 95 70 ff ff ff 	mov    rdx,QWORD PTR [rbp-0x90]
  404736:	48 2b 95 78 ff ff ff 	sub    rdx,QWORD PTR [rbp-0x88]
  40473d:	48 89 10             	mov    QWORD PTR [rax],rdx
  404740:	48 83 45 d8 01       	add    QWORD PTR [rbp-0x28],0x1
  404745:	48 81 7d d8 0f 27 00 	cmp    QWORD PTR [rbp-0x28],0x270f
  40474c:	00 
  40474d:	76 83                	jbe    4046d2 <_Z9calibrateP4NodemmmmRmS1_j+0xd3>
  40474f:	48 8d 85 50 ff ff ff 	lea    rax,[rbp-0xb0]
  404756:	48 89 c7             	mov    rdi,rax
  404759:	e8 38 10 00 00       	call   405796 <_ZNSt6vectorImSaImEE3endEv>
  40475e:	48 89 c3             	mov    rbx,rax
  404761:	48 8d 85 50 ff ff ff 	lea    rax,[rbp-0xb0]
  404768:	48 89 c7             	mov    rdi,rax
  40476b:	e8 00 10 00 00       	call   405770 <_ZNSt6vectorImSaImEE5beginEv>
  404770:	48 89 de             	mov    rsi,rbx
  404773:	48 89 c7             	mov    rdi,rax
  404776:	e8 71 14 00 00       	call   405bec <_ZSt4sortIN9__gnu_cxx17__normal_iteratorIPmSt6vectorImSaImEEEEEvT_S7_>
  40477b:	48 8d 85 50 ff ff ff 	lea    rax,[rbp-0xb0]
  404782:	be 1c 25 00 00       	mov    esi,0x251c
  404787:	48 89 c7             	mov    rdi,rax
  40478a:	e8 9b 0f 00 00       	call   40572a <_ZNSt6vectorImSaImEEixEm>
  40478f:	48 8b 10             	mov    rdx,QWORD PTR [rax]
  404792:	48 8b 85 00 ff ff ff 	mov    rax,QWORD PTR [rbp-0x100]
  404799:	48 89 10             	mov    QWORD PTR [rax],rdx
  40479c:	8b 45 18             	mov    eax,DWORD PTR [rbp+0x18]
  40479f:	8d 48 01             	lea    ecx,[rax+0x1]
  4047a2:	48 8b 95 18 ff ff ff 	mov    rdx,QWORD PTR [rbp-0xe8]
  4047a9:	48 8b b5 20 ff ff ff 	mov    rsi,QWORD PTR [rbp-0xe0]
  4047b0:	48 8b 85 28 ff ff ff 	mov    rax,QWORD PTR [rbp-0xd8]
  4047b7:	48 89 c7             	mov    rdi,rax
  4047ba:	e8 aa f6 ff ff       	call   403e69 <_Z20build_conflict_cycleP4Nodemmj>
  4047bf:	48 8b 85 28 ff ff ff 	mov    rax,QWORD PTR [rbp-0xd8]
  4047c6:	48 89 45 e8          	mov    QWORD PTR [rbp-0x18],rax
  4047ca:	48 c7 45 c0 00 00 00 	mov    QWORD PTR [rbp-0x40],0x0
  4047d1:	00 
  4047d2:	eb 2c                	jmp    404800 <_Z9calibrateP4NodemmmmRmS1_j+0x201>
  4047d4:	48 c7 45 b8 00 00 00 	mov    QWORD PTR [rbp-0x48],0x0
  4047db:	00 
  4047dc:	eb 10                	jmp    4047ee <_Z9calibrateP4NodemmmmRmS1_j+0x1ef>
  4047de:	48 8b 45 e8          	mov    rax,QWORD PTR [rbp-0x18]
  4047e2:	48 8b 00             	mov    rax,QWORD PTR [rax]
  4047e5:	48 89 45 e8          	mov    QWORD PTR [rbp-0x18],rax
  4047e9:	48 83 45 b8 01       	add    QWORD PTR [rbp-0x48],0x1
  4047ee:	48 8b 45 b8          	mov    rax,QWORD PTR [rbp-0x48]
  4047f2:	48 3b 85 18 ff ff ff 	cmp    rax,QWORD PTR [rbp-0xe8]
  4047f9:	72 e3                	jb     4047de <_Z9calibrateP4NodemmmmRmS1_j+0x1df>
  4047fb:	48 83 45 c0 01       	add    QWORD PTR [rbp-0x40],0x1
  404800:	48 8b 45 c0          	mov    rax,QWORD PTR [rbp-0x40]
  404804:	48 3b 85 10 ff ff ff 	cmp    rax,QWORD PTR [rbp-0xf0]
  40480b:	72 c7                	jb     4047d4 <_Z9calibrateP4NodemmmmRmS1_j+0x1d5>
  40480d:	48 8d 85 6f ff ff ff 	lea    rax,[rbp-0x91]
  404814:	48 89 c7             	mov    rdi,rax
  404817:	e8 7c 0e 00 00       	call   405698 <_ZNSaImEC1Ev>
  40481c:	48 8d 95 6f ff ff ff 	lea    rdx,[rbp-0x91]
  404823:	48 8d 85 30 ff ff ff 	lea    rax,[rbp-0xd0]
  40482a:	be 10 27 00 00       	mov    esi,0x2710
  40482f:	48 89 c7             	mov    rdi,rax
  404832:	e8 7d 0e 00 00       	call   4056b4 <_ZNSt6vectorImSaImEEC1EmRKS0_>
  404837:	48 8d 85 6f ff ff ff 	lea    rax,[rbp-0x91]
  40483e:	48 89 c7             	mov    rdi,rax
  404841:	e8 10 0d 00 00       	call   405556 <_ZNSaImED1Ev>
  404846:	48 c7 45 b0 00 00 00 	mov    QWORD PTR [rbp-0x50],0x0
  40484d:	00 
  40484e:	e9 a0 00 00 00       	jmp    4048f3 <_Z9calibrateP4NodemmmmRmS1_j+0x2f4>
  404853:	48 c7 45 a8 00 00 00 	mov    QWORD PTR [rbp-0x58],0x0
  40485a:	00 
  40485b:	eb 10                	jmp    40486d <_Z9calibrateP4NodemmmmRmS1_j+0x26e>
  40485d:	48 8b 45 e8          	mov    rax,QWORD PTR [rbp-0x18]
  404861:	48 8b 00             	mov    rax,QWORD PTR [rax]
  404864:	48 89 45 e8          	mov    QWORD PTR [rbp-0x18],rax
  404868:	48 83 45 a8 01       	add    QWORD PTR [rbp-0x58],0x1
  40486d:	48 8b 85 18 ff ff ff 	mov    rax,QWORD PTR [rbp-0xe8]
  404874:	48 83 e8 01          	sub    rax,0x1
  404878:	48 39 45 a8          	cmp    QWORD PTR [rbp-0x58],rax
  40487c:	72 df                	jb     40485d <_Z9calibrateP4NodemmmmRmS1_j+0x25e>
  40487e:	e8 6d e6 ff ff       	call   402ef0 <_ZL9tsc_startv>
  404883:	48 89 45 88          	mov    QWORD PTR [rbp-0x78],rax
  404887:	48 8b 45 e8          	mov    rax,QWORD PTR [rbp-0x18]
  40488b:	48 8b 00             	mov    rax,QWORD PTR [rax]
  40488e:	48 89 45 a0          	mov    QWORD PTR [rbp-0x60],rax
  404892:	48 c7 45 98 00 00 00 	mov    QWORD PTR [rbp-0x68],0x0
  404899:	00 
  40489a:	eb 10                	jmp    4048ac <_Z9calibrateP4NodemmmmRmS1_j+0x2ad>
  40489c:	48 8b 45 a0          	mov    rax,QWORD PTR [rbp-0x60]
  4048a0:	48 8b 00             	mov    rax,QWORD PTR [rax]
  4048a3:	48 89 45 a0          	mov    QWORD PTR [rbp-0x60],rax
  4048a7:	48 83 45 98 01       	add    QWORD PTR [rbp-0x68],0x1
  4048ac:	48 8b 45 98          	mov    rax,QWORD PTR [rbp-0x68]
  4048b0:	48 3b 85 08 ff ff ff 	cmp    rax,QWORD PTR [rbp-0xf8]
  4048b7:	72 e3                	jb     40489c <_Z9calibrateP4NodemmmmRmS1_j+0x29d>
  4048b9:	e8 3d e6 ff ff       	call   402efb <_ZL8tsc_stopv>
  4048be:	48 89 45 80          	mov    QWORD PTR [rbp-0x80],rax
  4048c2:	48 8b 55 b0          	mov    rdx,QWORD PTR [rbp-0x50]
  4048c6:	48 8d 85 30 ff ff ff 	lea    rax,[rbp-0xd0]
  4048cd:	48 89 d6             	mov    rsi,rdx
  4048d0:	48 89 c7             	mov    rdi,rax
  4048d3:	e8 52 0e 00 00       	call   40572a <_ZNSt6vectorImSaImEEixEm>
  4048d8:	48 8b 55 80          	mov    rdx,QWORD PTR [rbp-0x80]
  4048dc:	48 2b 55 88          	sub    rdx,QWORD PTR [rbp-0x78]
  4048e0:	48 89 10             	mov    QWORD PTR [rax],rdx
  4048e3:	48 8b 85 28 ff ff ff 	mov    rax,QWORD PTR [rbp-0xd8]
  4048ea:	48 89 45 e8          	mov    QWORD PTR [rbp-0x18],rax
  4048ee:	48 83 45 b0 01       	add    QWORD PTR [rbp-0x50],0x1
  4048f3:	48 81 7d b0 0f 27 00 	cmp    QWORD PTR [rbp-0x50],0x270f
  4048fa:	00 
  4048fb:	0f 86 52 ff ff ff    	jbe    404853 <_Z9calibrateP4NodemmmmRmS1_j+0x254>
  404901:	48 8d 85 30 ff ff ff 	lea    rax,[rbp-0xd0]
  404908:	48 89 c7             	mov    rdi,rax
  40490b:	e8 86 0e 00 00       	call   405796 <_ZNSt6vectorImSaImEE3endEv>
  404910:	48 89 c3             	mov    rbx,rax
  404913:	48 8d 85 30 ff ff ff 	lea    rax,[rbp-0xd0]
  40491a:	48 89 c7             	mov    rdi,rax
  40491d:	e8 4e 0e 00 00       	call   405770 <_ZNSt6vectorImSaImEE5beginEv>
  404922:	48 89 de             	mov    rsi,rbx
  404925:	48 89 c7             	mov    rdi,rax
  404928:	e8 bf 12 00 00       	call   405bec <_ZSt4sortIN9__gnu_cxx17__normal_iteratorIPmSt6vectorImSaImEEEEEvT_S7_>
  40492d:	48 8d 85 30 ff ff ff 	lea    rax,[rbp-0xd0]
  404934:	be f4 01 00 00       	mov    esi,0x1f4
  404939:	48 89 c7             	mov    rdi,rax
  40493c:	e8 e9 0d 00 00       	call   40572a <_ZNSt6vectorImSaImEEixEm>
  404941:	48 8b 10             	mov    rdx,QWORD PTR [rax]
  404944:	48 8b 45 10          	mov    rax,QWORD PTR [rbp+0x10]
  404948:	48 89 10             	mov    QWORD PTR [rax],rdx
  40494b:	48 8d 85 30 ff ff ff 	lea    rax,[rbp-0xd0]
  404952:	48 89 c7             	mov    rdi,rax
  404955:	e8 66 0c 00 00       	call   4055c0 <_ZNSt6vectorImSaImEED1Ev>
  40495a:	48 8d 85 50 ff ff ff 	lea    rax,[rbp-0xb0]
  404961:	48 89 c7             	mov    rdi,rax
  404964:	e8 57 0c 00 00       	call   4055c0 <_ZNSt6vectorImSaImEED1Ev>
  404969:	eb 62                	jmp    4049cd <_Z9calibrateP4NodemmmmRmS1_j+0x3ce>
  40496b:	48 89 c3             	mov    rbx,rax
  40496e:	48 8d 85 6e ff ff ff 	lea    rax,[rbp-0x92]
  404975:	48 89 c7             	mov    rdi,rax
  404978:	e8 d9 0b 00 00       	call   405556 <_ZNSaImED1Ev>
  40497d:	48 89 d8             	mov    rax,rbx
  404980:	48 89 c7             	mov    rdi,rax
  404983:	e8 08 da ff ff       	call   402390 <_Unwind_Resume@plt>
  404988:	48 89 c3             	mov    rbx,rax
  40498b:	48 8d 85 6f ff ff ff 	lea    rax,[rbp-0x91]
  404992:	48 89 c7             	mov    rdi,rax
  404995:	e8 bc 0b 00 00       	call   405556 <_ZNSaImED1Ev>
  40499a:	eb 17                	jmp    4049b3 <_Z9calibrateP4NodemmmmRmS1_j+0x3b4>
  40499c:	48 89 c3             	mov    rbx,rax
  40499f:	48 8d 85 30 ff ff ff 	lea    rax,[rbp-0xd0]
  4049a6:	48 89 c7             	mov    rdi,rax
  4049a9:	e8 12 0c 00 00       	call   4055c0 <_ZNSt6vectorImSaImEED1Ev>
  4049ae:	eb 03                	jmp    4049b3 <_Z9calibrateP4NodemmmmRmS1_j+0x3b4>
  4049b0:	48 89 c3             	mov    rbx,rax
  4049b3:	48 8d 85 50 ff ff ff 	lea    rax,[rbp-0xb0]
  4049ba:	48 89 c7             	mov    rdi,rax
  4049bd:	e8 fe 0b 00 00       	call   4055c0 <_ZNSt6vectorImSaImEED1Ev>
  4049c2:	48 89 d8             	mov    rax,rbx
  4049c5:	48 89 c7             	mov    rdi,rax
  4049c8:	e8 c3 d9 ff ff       	call   402390 <_Unwind_Resume@plt>
  4049cd:	48 8b 5d f8          	mov    rbx,QWORD PTR [rbp-0x8]
  4049d1:	c9                   	leave  
  4049d2:	c3                   	ret    

00000000004049d3 <main>:
  4049d3:	55                   	push   rbp
  4049d4:	48 89 e5             	mov    rbp,rsp
  4049d7:	53                   	push   rbx
  4049d8:	48 81 ec e8 05 00 00 	sub    rsp,0x5e8
  4049df:	89 bd 1c fa ff ff    	mov    DWORD PTR [rbp-0x5e4],edi
  4049e5:	48 89 b5 10 fa ff ff 	mov    QWORD PTR [rbp-0x5f0],rsi
  4049ec:	48 8d 95 90 fe ff ff 	lea    rdx,[rbp-0x170]
  4049f3:	b8 00 00 00 00       	mov    eax,0x0
  4049f8:	b9 21 00 00 00       	mov    ecx,0x21
  4049fd:	48 89 d7             	mov    rdi,rdx
  404a00:	f3 48 ab             	rep stos QWORD PTR es:[rdi],rax
  404a03:	48 8d 85 90 fe ff ff 	lea    rax,[rbp-0x170]
  404a0a:	48 89 c7             	mov    rdi,rax
  404a0d:	e8 7e d8 ff ff       	call   402290 <_ZNSt7__cxx1112basic_stringIcSt11char_traitsIcESaIcEEC1Ev@plt>
  404a12:	48 8d 85 90 fe ff ff 	lea    rax,[rbp-0x170]
  404a19:	48 83 c0 20          	add    rax,0x20
  404a1d:	48 89 c7             	mov    rdi,rax
  404a20:	e8 6b d8 ff ff       	call   402290 <_ZNSt7__cxx1112basic_stringIcSt11char_traitsIcESaIcEEC1Ev@plt>
  404a25:	48 8d 85 90 fe ff ff 	lea    rax,[rbp-0x170]
  404a2c:	48 83 c0 40          	add    rax,0x40
  404a30:	48 89 c7             	mov    rdi,rax
  404a33:	e8 58 d8 ff ff       	call   402290 <_ZNSt7__cxx1112basic_stringIcSt11char_traitsIcESaIcEEC1Ev@plt>
  404a38:	48 8d 85 90 fe ff ff 	lea    rax,[rbp-0x170]
  404a3f:	48 05 98 00 00 00    	add    rax,0x98
  404a45:	48 89 c7             	mov    rdi,rax
  404a48:	e8 43 d8 ff ff       	call   402290 <_ZNSt7__cxx1112basic_stringIcSt11char_traitsIcESaIcEEC1Ev@plt>
  404a4d:	48 8d 85 90 fe ff ff 	lea    rax,[rbp-0x170]
  404a54:	48 05 b8 00 00 00    	add    rax,0xb8
  404a5a:	48 89 c7             	mov    rdi,rax
  404a5d:	e8 2e d8 ff ff       	call   402290 <_ZNSt7__cxx1112basic_stringIcSt11char_traitsIcESaIcEEC1Ev@plt>
  404a62:	48 c7 85 68 ff ff ff 	mov    QWORD PTR [rbp-0x98],0x0
  404a69:	00 00 00 00 
  404a6d:	48 c7 85 70 ff ff ff 	mov    QWORD PTR [rbp-0x90],0x0
  404a74:	00 00 00 00 
  404a78:	48 c7 85 78 ff ff ff 	mov    QWORD PTR [rbp-0x88],0x0
  404a7f:	00 00 00 00 
  404a83:	48 8d 85 90 fe ff ff 	lea    rax,[rbp-0x170]
  404a8a:	48 05 d8 00 00 00    	add    rax,0xd8
  404a90:	48 89 c7             	mov    rdi,rax
  404a93:	e8 a4 08 00 00       	call   40533c <_ZNSt6vectorImSaImEEC1Ev>
  404a98:	48 c7 45 80 00 00 00 	mov    QWORD PTR [rbp-0x80],0x0
  404a9f:	00 
  404aa0:	48 c7 45 88 00 00 00 	mov    QWORD PTR [rbp-0x78],0x0
  404aa7:	00 
  404aa8:	48 c7 45 90 00 00 00 	mov    QWORD PTR [rbp-0x70],0x0
  404aaf:	00 
  404ab0:	48 8d 85 90 fe ff ff 	lea    rax,[rbp-0x170]
  404ab7:	48 05 f0 00 00 00    	add    rax,0xf0
  404abd:	48 89 c7             	mov    rdi,rax
  404ac0:	e8 77 08 00 00       	call   40533c <_ZNSt6vectorImSaImEEC1Ev>
  404ac5:	48 8d 95 90 fe ff ff 	lea    rdx,[rbp-0x170]
  404acc:	48 8b 8d 10 fa ff ff 	mov    rcx,QWORD PTR [rbp-0x5f0]
  404ad3:	8b 85 1c fa ff ff    	mov    eax,DWORD PTR [rbp-0x5e4]
  404ad9:	48 89 ce             	mov    rsi,rcx
  404adc:	89 c7                	mov    edi,eax
  404ade:	e8 55 e5 ff ff       	call   403038 <_Z10parse_argsiPPcR6Config>
  404ae3:	83 f0 01             	xor    eax,0x1
  404ae6:	84 c0                	test   al,al
  404ae8:	74 0a                	je     404af4 <main+0x121>
  404aea:	bb 01 00 00 00       	mov    ebx,0x1
  404aef:	e9 74 06 00 00       	jmp    405168 <main+0x795>
  404af4:	48 8d 85 90 fe ff ff 	lea    rax,[rbp-0x170]
  404afb:	48 89 c7             	mov    rdi,rax
  404afe:	e8 5d d8 ff ff       	call   402360 <_ZNKSt7__cxx1112basic_stringIcSt11char_traitsIcESaIcEE5emptyEv@plt>
  404b03:	84 c0                	test   al,al
  404b05:	75 72                	jne    404b79 <main+0x1a6>
  404b07:	48 8d 85 90 fe ff ff 	lea    rax,[rbp-0x170]
  404b0e:	48 83 c0 20          	add    rax,0x20
  404b12:	48 89 c7             	mov    rdi,rax
  404b15:	e8 46 d8 ff ff       	call   402360 <_ZNKSt7__cxx1112basic_stringIcSt11char_traitsIcESaIcEE5emptyEv@plt>
  404b1a:	84 c0                	test   al,al
  404b1c:	75 5b                	jne    404b79 <main+0x1a6>
  404b1e:	48 8d 85 90 fe ff ff 	lea    rax,[rbp-0x170]
  404b25:	48 83 c0 40          	add    rax,0x40
  404b29:	48 89 c7             	mov    rdi,rax
  404b2c:	e8 2f d8 ff ff       	call   402360 <_ZNKSt7__cxx1112basic_stringIcSt11char_traitsIcESaIcEE5emptyEv@plt>
  404b31:	84 c0                	test   al,al
  404b33:	75 44                	jne    404b79 <main+0x1a6>
  404b35:	48 8d 85 90 fe ff ff 	lea    rax,[rbp-0x170]
  404b3c:	48 05 f0 00 00 00    	add    rax,0xf0
  404b42:	48 89 c7             	mov    rdi,rax
  404b45:	e8 3a 11 00 00       	call   405c84 <_ZNKSt6vectorImSaImEE4sizeEv>
  404b4a:	48 83 f8 01          	cmp    rax,0x1
  404b4e:	75 29                	jne    404b79 <main+0x1a6>
  404b50:	48 8d 85 90 fe ff ff 	lea    rax,[rbp-0x170]
  404b57:	48 05 f0 00 00 00    	add    rax,0xf0
  404b5d:	be 00 00 00 00       	mov    esi,0x0
  404b62:	48 89 c7             	mov    rdi,rax
  404b65:	e8 c0 0b 00 00       	call   40572a <_ZNSt6vectorImSaImEEixEm>
  404b6a:	48 8b 10             	mov    rdx,QWORD PTR [rax]
  404b6d:	48 8b 85 00 ff ff ff 	mov    rax,QWORD PTR [rbp-0x100]
  404b74:	48 39 c2             	cmp    rdx,rax
  404b77:	76 07                	jbe    404b80 <main+0x1ad>
  404b79:	b8 01 00 00 00       	mov    eax,0x1
  404b7e:	eb 05                	jmp    404b85 <main+0x1b2>
  404b80:	b8 00 00 00 00       	mov    eax,0x0
  404b85:	84 c0                	test   al,al
  404b87:	74 19                	je     404ba2 <main+0x1cf>
  404b89:	be c0 a4 40 00       	mov    esi,0x40a4c0
  404b8e:	bf 40 f2 40 00       	mov    edi,0x40f240
  404b93:	e8 18 d6 ff ff       	call   4021b0 <_ZStlsISt11char_traitsIcEERSt13basic_ostreamIcT_ES5_PKc@plt>
  404b98:	bb 01 00 00 00       	mov    ebx,0x1
  404b9d:	e9 c6 05 00 00       	jmp    405168 <main+0x795>
  404ba2:	48 8d 85 90 fe ff ff 	lea    rax,[rbp-0x170]
  404ba9:	48 89 c7             	mov    rdi,rax
  404bac:	e8 0f d5 ff ff       	call   4020c0 <_ZNKSt7__cxx1112basic_stringIcSt11char_traitsIcESaIcEE5c_strEv@plt>
  404bb1:	48 89 c7             	mov    rdi,rax
  404bb4:	e8 b0 d9 ff ff       	call   402569 <_ZL8pmu_openPKc>
  404bb9:	48 8d 85 90 fe ff ff 	lea    rax,[rbp-0x170]
  404bc0:	48 83 c0 20          	add    rax,0x20
  404bc4:	48 89 c6             	mov    rsi,rax
  404bc7:	bf 20 f4 40 00       	mov    edi,0x40f420
  404bcc:	e8 5f d4 ff ff       	call   402030 <_ZNSt7__cxx1112basic_stringIcSt11char_traitsIcESaIcEEaSERKS4_@plt>
  404bd1:	48 8d 85 90 fe ff ff 	lea    rax,[rbp-0x170]
  404bd8:	48 83 c0 40          	add    rax,0x40
  404bdc:	48 89 c6             	mov    rsi,rax
  404bdf:	bf 40 f4 40 00       	mov    edi,0x40f440
  404be4:	e8 47 d4 ff ff       	call   402030 <_ZNSt7__cxx1112basic_stringIcSt11char_traitsIcESaIcEEaSERKS4_@plt>
  404be9:	48 8b 95 f8 fe ff ff 	mov    rdx,QWORD PTR [rbp-0x108]
  404bf0:	48 8b 85 f0 fe ff ff 	mov    rax,QWORD PTR [rbp-0x110]
  404bf7:	48 0f af c2          	imul   rax,rdx
  404bfb:	48 89 45 e8          	mov    QWORD PTR [rbp-0x18],rax
  404bff:	48 8b 85 00 ff ff ff 	mov    rax,QWORD PTR [rbp-0x100]
  404c06:	48 0f af 45 e8       	imul   rax,QWORD PTR [rbp-0x18]
  404c0b:	48 89 c2             	mov    rdx,rax
  404c0e:	48 8b 85 f8 fe ff ff 	mov    rax,QWORD PTR [rbp-0x108]
  404c15:	48 01 d0             	add    rax,rdx
  404c18:	48 89 45 e0          	mov    QWORD PTR [rbp-0x20],rax
  404c1c:	c6 45 df 01          	mov    BYTE PTR [rbp-0x21],0x1
  404c20:	48 c7 85 88 fe ff ff 	mov    QWORD PTR [rbp-0x178],0x0
  404c27:	00 00 00 00 
  404c2b:	0f b6 4d df          	movzx  ecx,BYTE PTR [rbp-0x21]
  404c2f:	48 8d 95 88 fe ff ff 	lea    rdx,[rbp-0x178]
  404c36:	48 8b 45 e0          	mov    rax,QWORD PTR [rbp-0x20]
  404c3a:	89 ce                	mov    esi,ecx
  404c3c:	48 89 c7             	mov    rdi,rax
  404c3f:	e8 8b f0 ff ff       	call   403ccf <_Z15allocate_buffermbRm>
  404c44:	48 89 45 d0          	mov    QWORD PTR [rbp-0x30],rax
  404c48:	48 8b 45 d0          	mov    rax,QWORD PTR [rbp-0x30]
  404c4c:	48 89 45 c8          	mov    QWORD PTR [rbp-0x38],rax
  404c50:	8b bd 20 ff ff ff    	mov    edi,DWORD PTR [rbp-0xe0]
  404c56:	4c 8b 85 18 ff ff ff 	mov    r8,QWORD PTR [rbp-0xe8]
  404c5d:	48 8b 8d 10 ff ff ff 	mov    rcx,QWORD PTR [rbp-0xf0]
  404c64:	48 8b 95 00 ff ff ff 	mov    rdx,QWORD PTR [rbp-0x100]
  404c6b:	4c 8d 8d 80 fe ff ff 	lea    r9,[rbp-0x180]
  404c72:	48 8b 75 e8          	mov    rsi,QWORD PTR [rbp-0x18]
  404c76:	48 8b 45 c8          	mov    rax,QWORD PTR [rbp-0x38]
  404c7a:	57                   	push   rdi
  404c7b:	48 8d bd 78 fe ff ff 	lea    rdi,[rbp-0x188]
  404c82:	57                   	push   rdi
  404c83:	48 89 c7             	mov    rdi,rax
  404c86:	e8 74 f9 ff ff       	call   4045ff <_Z9calibrateP4NodemmmmRmS1_j>
  404c8b:	48 83 c4 10          	add    rsp,0x10
  404c8f:	be eb a4 40 00       	mov    esi,0x40a4eb
  404c94:	bf 40 f2 40 00       	mov    edi,0x40f240
  404c99:	e8 12 d5 ff ff       	call   4021b0 <_ZStlsISt11char_traitsIcEERSt13basic_ostreamIcT_ES5_PKc@plt>
  404c9e:	48 89 c2             	mov    rdx,rax
  404ca1:	48 8b 85 80 fe ff ff 	mov    rax,QWORD PTR [rbp-0x180]
  404ca8:	48 89 c6             	mov    rsi,rax
  404cab:	48 89 d7             	mov    rdi,rdx
  404cae:	e8 ad d3 ff ff       	call   402060 <_ZNSolsEm@plt>
  404cb3:	be 01 a5 40 00       	mov    esi,0x40a501
  404cb8:	48 89 c7             	mov    rdi,rax
  404cbb:	e8 f0 d4 ff ff       	call   4021b0 <_ZStlsISt11char_traitsIcEERSt13basic_ostreamIcT_ES5_PKc@plt>
  404cc0:	48 89 c2             	mov    rdx,rax
  404cc3:	48 8b 85 18 ff ff ff 	mov    rax,QWORD PTR [rbp-0xe8]
  404cca:	48 89 c6             	mov    rsi,rax
  404ccd:	48 89 d7             	mov    rdi,rdx
  404cd0:	e8 8b d3 ff ff       	call   402060 <_ZNSolsEm@plt>
  404cd5:	be c1 a3 40 00       	mov    esi,0x40a3c1
  404cda:	48 89 c7             	mov    rdi,rax
  404cdd:	e8 ce d4 ff ff       	call   4021b0 <_ZStlsISt11char_traitsIcEERSt13basic_ostreamIcT_ES5_PKc@plt>
  404ce2:	be 15 a5 40 00       	mov    esi,0x40a515
  404ce7:	bf 40 f2 40 00       	mov    edi,0x40f240
  404cec:	e8 bf d4 ff ff       	call   4021b0 <_ZStlsISt11char_traitsIcEERSt13basic_ostreamIcT_ES5_PKc@plt>
  404cf1:	48 89 c2             	mov    rdx,rax
  404cf4:	48 8b 85 78 fe ff ff 	mov    rax,QWORD PTR [rbp-0x188]
  404cfb:	48 89 c6             	mov    rsi,rax
  404cfe:	48 89 d7             	mov    rdi,rdx
  404d01:	e8 5a d3 ff ff       	call   402060 <_ZNSolsEm@plt>
  404d06:	be 2b a5 40 00       	mov    esi,0x40a52b
  404d0b:	48 89 c7             	mov    rdi,rax
  404d0e:	e8 9d d4 ff ff       	call   4021b0 <_ZStlsISt11char_traitsIcEERSt13basic_ostreamIcT_ES5_PKc@plt>
  404d13:	48 8d 85 90 fe ff ff 	lea    rax,[rbp-0x170]
  404d1a:	48 8d 88 98 00 00 00 	lea    rcx,[rax+0x98]
  404d21:	48 8d 85 70 fc ff ff 	lea    rax,[rbp-0x390]
  404d28:	ba 10 00 00 00       	mov    edx,0x10
  404d2d:	48 89 ce             	mov    rsi,rcx
  404d30:	48 89 c7             	mov    rdi,rax
  404d33:	e8 98 d6 ff ff       	call   4023d0 <_ZNSt14basic_ofstreamIcSt11char_traitsIcEEC1ERKNSt7__cxx1112basic_stringIcS1_SaIcEEESt13_Ios_Openmode@plt>
  404d38:	48 8d 85 70 fc ff ff 	lea    rax,[rbp-0x390]
  404d3f:	be 38 a5 40 00       	mov    esi,0x40a538
  404d44:	48 89 c7             	mov    rdi,rax
  404d47:	e8 64 d4 ff ff       	call   4021b0 <_ZStlsISt11char_traitsIcEERSt13basic_ostreamIcT_ES5_PKc@plt>
  404d4c:	48 8d 85 70 fa ff ff 	lea    rax,[rbp-0x590]
  404d53:	48 89 c7             	mov    rdi,rax
  404d56:	e8 15 d6 ff ff       	call   402370 <_ZNSt14basic_ofstreamIcSt11char_traitsIcEEC1Ev@plt>
  404d5b:	48 8d 85 90 fe ff ff 	lea    rax,[rbp-0x170]
  404d62:	48 05 b8 00 00 00    	add    rax,0xb8
  404d68:	48 89 c7             	mov    rdi,rax
  404d6b:	e8 f0 d5 ff ff       	call   402360 <_ZNKSt7__cxx1112basic_stringIcSt11char_traitsIcESaIcEE5emptyEv@plt>
  404d70:	83 f0 01             	xor    eax,0x1
  404d73:	84 c0                	test   al,al
  404d75:	74 23                	je     404d9a <main+0x3c7>
  404d77:	48 8d 85 90 fe ff ff 	lea    rax,[rbp-0x170]
  404d7e:	48 05 d8 00 00 00    	add    rax,0xd8
  404d84:	48 89 c7             	mov    rdi,rax
  404d87:	e8 1c 0f 00 00       	call   405ca8 <_ZNKSt6vectorImSaImEE5emptyEv>
  404d8c:	83 f0 01             	xor    eax,0x1
  404d8f:	84 c0                	test   al,al
  404d91:	74 07                	je     404d9a <main+0x3c7>
  404d93:	b8 01 00 00 00       	mov    eax,0x1
  404d98:	eb 05                	jmp    404d9f <main+0x3cc>
  404d9a:	b8 00 00 00 00       	mov    eax,0x0
  404d9f:	88 45 c7             	mov    BYTE PTR [rbp-0x39],al
  404da2:	80 7d c7 00          	cmp    BYTE PTR [rbp-0x39],0x0
  404da6:	74 39                	je     404de1 <main+0x40e>
  404da8:	48 8d 85 90 fe ff ff 	lea    rax,[rbp-0x170]
  404daf:	48 8d 88 b8 00 00 00 	lea    rcx,[rax+0xb8]
  404db6:	48 8d 85 70 fa ff ff 	lea    rax,[rbp-0x590]
  404dbd:	ba 10 00 00 00       	mov    edx,0x10
  404dc2:	48 89 ce             	mov    rsi,rcx
  404dc5:	48 89 c7             	mov    rdi,rax
  404dc8:	e8 13 d3 ff ff       	call   4020e0 <_ZNSt14basic_ofstreamIcSt11char_traitsIcEE4openERKNSt7__cxx1112basic_stringIcS1_SaIcEEESt13_Ios_Openmode@plt>
  404dcd:	48 8d 85 70 fa ff ff 	lea    rax,[rbp-0x590]
  404dd4:	be 5f a5 40 00       	mov    esi,0x40a55f
  404dd9:	48 89 c7             	mov    rdi,rax
  404ddc:	e8 cf d3 ff ff       	call   4021b0 <_ZStlsISt11char_traitsIcEERSt13basic_ostreamIcT_ES5_PKc@plt>
  404de1:	48 8d 85 50 fa ff ff 	lea    rax,[rbp-0x5b0]
  404de8:	48 89 c7             	mov    rdi,rax
  404deb:	e8 4c 05 00 00       	call   40533c <_ZNSt6vectorImSaImEEC1Ev>
  404df0:	48 8d 85 90 fe ff ff 	lea    rax,[rbp-0x170]
  404df7:	48 05 f0 00 00 00    	add    rax,0xf0
  404dfd:	48 89 c7             	mov    rdi,rax
  404e00:	e8 a3 0e 00 00       	call   405ca8 <_ZNKSt6vectorImSaImEE5emptyEv>
  404e05:	83 f0 01             	xor    eax,0x1
  404e08:	84 c0                	test   al,al
  404e0a:	74 22                	je     404e2e <main+0x45b>
  404e0c:	48 8d 85 90 fe ff ff 	lea    rax,[rbp-0x170]
  404e13:	48 8d 90 f0 00 00 00 	lea    rdx,[rax+0xf0]
  404e1a:	48 8d 85 50 fa ff ff 	lea    rax,[rbp-0x5b0]
  404e21:	48 89 d6             	mov    rsi,rdx
  404e24:	48 89 c7             	mov    rdi,rax
  404e27:	e8 c8 0e 00 00       	call   405cf4 <_ZNSt6vectorImSaImEEaSERKS1_>
  404e2c:	eb 4b                	jmp    404e79 <main+0x4a6>
  404e2e:	48 c7 85 48 fa ff ff 	mov    QWORD PTR [rbp-0x5b8],0x1
  404e35:	01 00 00 00 
  404e39:	eb 2b                	jmp    404e66 <main+0x493>
  404e3b:	48 8d 95 48 fa ff ff 	lea    rdx,[rbp-0x5b8]
  404e42:	48 8d 85 50 fa ff ff 	lea    rax,[rbp-0x5b0]
  404e49:	48 89 d6             	mov    rsi,rdx
  404e4c:	48 89 c7             	mov    rdi,rax
  404e4f:	e8 f8 0c 00 00       	call   405b4c <_ZNSt6vectorImSaImEE9push_backERKm>
  404e54:	48 8b 85 48 fa ff ff 	mov    rax,QWORD PTR [rbp-0x5b8]
  404e5b:	48 83 c0 01          	add    rax,0x1
  404e5f:	48 89 85 48 fa ff ff 	mov    QWORD PTR [rbp-0x5b8],rax
  404e66:	48 8b 95 00 ff ff ff 	mov    rdx,QWORD PTR [rbp-0x100]
  404e6d:	48 8b 85 48 fa ff ff 	mov    rax,QWORD PTR [rbp-0x5b8]
  404e74:	48 39 c2             	cmp    rdx,rax
  404e77:	73 c2                	jae    404e3b <main+0x468>
  404e79:	48 8d 85 50 fa ff ff 	lea    rax,[rbp-0x5b0]
  404e80:	48 89 45 b8          	mov    QWORD PTR [rbp-0x48],rax
  404e84:	48 8b 45 b8          	mov    rax,QWORD PTR [rbp-0x48]
  404e88:	48 89 c7             	mov    rdi,rax
  404e8b:	e8 e0 08 00 00       	call   405770 <_ZNSt6vectorImSaImEE5beginEv>
  404e90:	48 89 85 38 fa ff ff 	mov    QWORD PTR [rbp-0x5c8],rax
  404e97:	48 8b 45 b8          	mov    rax,QWORD PTR [rbp-0x48]
  404e9b:	48 89 c7             	mov    rdi,rax
  404e9e:	e8 f3 08 00 00       	call   405796 <_ZNSt6vectorImSaImEE3endEv>
  404ea3:	48 89 85 30 fa ff ff 	mov    QWORD PTR [rbp-0x5d0],rax
  404eaa:	e9 2c 02 00 00       	jmp    4050db <main+0x708>
  404eaf:	48 8d 85 38 fa ff ff 	lea    rax,[rbp-0x5c8]
  404eb6:	48 89 c7             	mov    rdi,rax
  404eb9:	e8 b4 0d 00 00       	call   405c72 <_ZNK9__gnu_cxx17__normal_iteratorIPmSt6vectorImSaImEEEdeEv>
  404ebe:	48 8b 00             	mov    rax,QWORD PTR [rax]
  404ec1:	48 89 85 40 fa ff ff 	mov    QWORD PTR [rbp-0x5c0],rax
  404ec8:	80 7d c7 00          	cmp    BYTE PTR [rbp-0x39],0x0
  404ecc:	0f 84 80 00 00 00    	je     404f52 <main+0x57f>
  404ed2:	48 8d 85 90 fe ff ff 	lea    rax,[rbp-0x170]
  404ed9:	48 05 d8 00 00 00    	add    rax,0xd8
  404edf:	48 89 c7             	mov    rdi,rax
  404ee2:	e8 af 08 00 00       	call   405796 <_ZNSt6vectorImSaImEE3endEv>
  404ee7:	48 89 45 a0          	mov    QWORD PTR [rbp-0x60],rax
  404eeb:	48 8d 85 90 fe ff ff 	lea    rax,[rbp-0x170]
  404ef2:	48 05 d8 00 00 00    	add    rax,0xd8
  404ef8:	48 89 c7             	mov    rdi,rax
  404efb:	e8 96 08 00 00       	call   405796 <_ZNSt6vectorImSaImEE3endEv>
  404f00:	48 89 c3             	mov    rbx,rax
  404f03:	48 8d 85 90 fe ff ff 	lea    rax,[rbp-0x170]
  404f0a:	48 05 d8 00 00 00    	add    rax,0xd8
  404f10:	48 89 c7             	mov    rdi,rax
  404f13:	e8 58 08 00 00       	call   405770 <_ZNSt6vectorImSaImEE5beginEv>
  404f18:	48 89 c1             	mov    rcx,rax
  404f1b:	48 8d 85 40 fa ff ff 	lea    rax,[rbp-0x5c0]
  404f22:	48 89 c2             	mov    rdx,rax
  404f25:	48 89 de             	mov    rsi,rbx
  404f28:	48 89 cf             	mov    rdi,rcx
  404f2b:	e8 da 10 00 00       	call   40600a <_ZSt4findIN9__gnu_cxx17__normal_iteratorIPmSt6vectorImSaImEEEEmET_S7_S7_RKT0_>
  404f30:	48 89 45 a8          	mov    QWORD PTR [rbp-0x58],rax
  404f34:	48 8d 55 a0          	lea    rdx,[rbp-0x60]
  404f38:	48 8d 45 a8          	lea    rax,[rbp-0x58]
  404f3c:	48 89 d6             	mov    rsi,rdx
  404f3f:	48 89 c7             	mov    rdi,rax
  404f42:	e8 d0 0c 00 00       	call   405c17 <_ZN9__gnu_cxxneIPmSt6vectorImSaImEEEEbRKNS_17__normal_iteratorIT_T0_EESA_>
  404f47:	84 c0                	test   al,al
  404f49:	74 07                	je     404f52 <main+0x57f>
  404f4b:	b8 01 00 00 00       	mov    eax,0x1
  404f50:	eb 05                	jmp    404f57 <main+0x584>
  404f52:	b8 00 00 00 00       	mov    eax,0x0
  404f57:	88 45 b7             	mov    BYTE PTR [rbp-0x49],al
  404f5a:	80 7d b7 00          	cmp    BYTE PTR [rbp-0x49],0x0
  404f5e:	74 09                	je     404f69 <main+0x596>
  404f60:	48 8d bd 70 fa ff ff 	lea    rdi,[rbp-0x590]
  404f67:	eb 05                	jmp    404f6e <main+0x59b>
  404f69:	bf 00 00 00 00       	mov    edi,0x0
  404f6e:	8b 95 20 ff ff ff    	mov    edx,DWORD PTR [rbp-0xe0]
  404f74:	48 8b 85 40 fa ff ff 	mov    rax,QWORD PTR [rbp-0x5c0]
  404f7b:	6b c0 64             	imul   eax,eax,0x64
  404f7e:	44 8d 14 02          	lea    r10d,[rdx+rax*1]
  404f82:	4c 8b 8d 78 fe ff ff 	mov    r9,QWORD PTR [rbp-0x188]
  404f89:	4c 8b 85 80 fe ff ff 	mov    r8,QWORD PTR [rbp-0x180]
  404f90:	48 8b 9d 18 ff ff ff 	mov    rbx,QWORD PTR [rbp-0xe8]
  404f97:	4c 8b 9d 10 ff ff ff 	mov    r11,QWORD PTR [rbp-0xf0]
  404f9e:	48 8b 8d 08 ff ff ff 	mov    rcx,QWORD PTR [rbp-0xf8]
  404fa5:	48 8b 95 40 fa ff ff 	mov    rdx,QWORD PTR [rbp-0x5c0]
  404fac:	48 8b 75 e8          	mov    rsi,QWORD PTR [rbp-0x18]
  404fb0:	48 8b 45 c8          	mov    rax,QWORD PTR [rbp-0x38]
  404fb4:	57                   	push   rdi
  404fb5:	41 52                	push   r10
  404fb7:	41 51                	push   r9
  404fb9:	41 50                	push   r8
  404fbb:	49 89 d9             	mov    r9,rbx
  404fbe:	4d 89 d8             	mov    r8,r11
  404fc1:	48 89 c7             	mov    rdi,rax
  404fc4:	e8 9d f0 ff ff       	call   404066 <_Z9measure_KP4NodemmmmmmmjPSt14basic_ofstreamIcSt11char_traitsIcEE>
  404fc9:	48 83 c4 20          	add    rsp,0x20
  404fcd:	66 48 0f 7e c0       	movq   rax,xmm0
  404fd2:	66 0f 28 c1          	movapd xmm0,xmm1
  404fd6:	48 89 85 20 fa ff ff 	mov    QWORD PTR [rbp-0x5e0],rax
  404fdd:	f2 0f 11 85 28 fa ff 	movsd  QWORD PTR [rbp-0x5d8],xmm0
  404fe4:	ff 
  404fe5:	48 8b 95 40 fa ff ff 	mov    rdx,QWORD PTR [rbp-0x5c0]
  404fec:	48 8d 85 70 fc ff ff 	lea    rax,[rbp-0x390]
  404ff3:	48 89 d6             	mov    rsi,rdx
  404ff6:	48 89 c7             	mov    rdi,rax
  404ff9:	e8 62 d0 ff ff       	call   402060 <_ZNSolsEm@plt>
  404ffe:	be 70 a1 40 00       	mov    esi,0x40a170
  405003:	48 89 c7             	mov    rdi,rax
  405006:	e8 a5 d1 ff ff       	call   4021b0 <_ZStlsISt11char_traitsIcEERSt13basic_ostreamIcT_ES5_PKc@plt>
  40500b:	48 89 c2             	mov    rdx,rax
  40500e:	48 8b 85 20 fa ff ff 	mov    rax,QWORD PTR [rbp-0x5e0]
  405015:	66 48 0f 6e c0       	movq   xmm0,rax
  40501a:	48 89 d7             	mov    rdi,rdx
  40501d:	e8 9e d3 ff ff       	call   4023c0 <_ZNSolsEd@plt>
  405022:	be 70 a1 40 00       	mov    esi,0x40a170
  405027:	48 89 c7             	mov    rdi,rax
  40502a:	e8 81 d1 ff ff       	call   4021b0 <_ZStlsISt11char_traitsIcEERSt13basic_ostreamIcT_ES5_PKc@plt>
  40502f:	48 89 c2             	mov    rdx,rax
  405032:	48 8b 85 28 fa ff ff 	mov    rax,QWORD PTR [rbp-0x5d8]
  405039:	66 48 0f 6e c0       	movq   xmm0,rax
  40503e:	48 89 d7             	mov    rdi,rdx
  405041:	e8 7a d3 ff ff       	call   4023c0 <_ZNSolsEd@plt>
  405046:	be 5c a3 40 00       	mov    esi,0x40a35c
  40504b:	48 89 c7             	mov    rdi,rax
  40504e:	e8 5d d1 ff ff       	call   4021b0 <_ZStlsISt11char_traitsIcEERSt13basic_ostreamIcT_ES5_PKc@plt>
  405053:	be 75 a5 40 00       	mov    esi,0x40a575
  405058:	bf 40 f2 40 00       	mov    edi,0x40f240
  40505d:	e8 4e d1 ff ff       	call   4021b0 <_ZStlsISt11char_traitsIcEERSt13basic_ostreamIcT_ES5_PKc@plt>
  405062:	48 89 c2             	mov    rdx,rax
  405065:	48 8b 85 40 fa ff ff 	mov    rax,QWORD PTR [rbp-0x5c0]
  40506c:	48 89 c6             	mov    rsi,rax
  40506f:	48 89 d7             	mov    rdi,rdx
  405072:	e8 e9 cf ff ff       	call   402060 <_ZNSolsEm@plt>
  405077:	be 78 a5 40 00       	mov    esi,0x40a578
  40507c:	48 89 c7             	mov    rdi,rax
  40507f:	e8 2c d1 ff ff       	call   4021b0 <_ZStlsISt11char_traitsIcEERSt13basic_ostreamIcT_ES5_PKc@plt>
  405084:	48 89 c2             	mov    rdx,rax
  405087:	48 8b 85 20 fa ff ff 	mov    rax,QWORD PTR [rbp-0x5e0]
  40508e:	66 48 0f 6e c0       	movq   xmm0,rax
  405093:	48 89 d7             	mov    rdi,rdx
  405096:	e8 25 d3 ff ff       	call   4023c0 <_ZNSolsEd@plt>
  40509b:	be 7c a5 40 00       	mov    esi,0x40a57c
  4050a0:	48 89 c7             	mov    rdi,rax
  4050a3:	e8 08 d1 ff ff       	call   4021b0 <_ZStlsISt11char_traitsIcEERSt13basic_ostreamIcT_ES5_PKc@plt>
  4050a8:	48 89 c2             	mov    rdx,rax
  4050ab:	48 8b 85 28 fa ff ff 	mov    rax,QWORD PTR [rbp-0x5d8]
  4050b2:	66 48 0f 6e c0       	movq   xmm0,rax
  4050b7:	48 89 d7             	mov    rdi,rdx
  4050ba:	e8 01 d3 ff ff       	call   4023c0 <_ZNSolsEd@plt>
  4050bf:	be 5c a3 40 00       	mov    esi,0x40a35c
  4050c4:	48 89 c7             	mov    rdi,rax
  4050c7:	e8 e4 d0 ff ff       	call   4021b0 <_ZStlsISt11char_traitsIcEERSt13basic_ostreamIcT_ES5_PKc@plt>
  4050cc:	48 8d 85 38 fa ff ff 	lea    rax,[rbp-0x5c8]
  4050d3:	48 89 c7             	mov    rdi,rax
  4050d6:	e8 77 0b 00 00       	call   405c52 <_ZN9__gnu_cxx17__normal_iteratorIPmSt6vectorImSaImEEEppEv>
  4050db:	48 8d 95 30 fa ff ff 	lea    rdx,[rbp-0x5d0]
  4050e2:	48 8d 85 38 fa ff ff 	lea    rax,[rbp-0x5c8]
  4050e9:	48 89 d6             	mov    rsi,rdx
  4050ec:	48 89 c7             	mov    rdi,rax
  4050ef:	e8 23 0b 00 00       	call   405c17 <_ZN9__gnu_cxxneIPmSt6vectorImSaImEEEEbRKNS_17__normal_iteratorIT_T0_EESA_>
  4050f4:	84 c0                	test   al,al
  4050f6:	0f 85 b3 fd ff ff    	jne    404eaf <main+0x4dc>
  4050fc:	48 8d 85 70 fc ff ff 	lea    rax,[rbp-0x390]
  405103:	48 89 c7             	mov    rdi,rax
  405106:	e8 a5 d1 ff ff       	call   4022b0 <_ZNSt14basic_ofstreamIcSt11char_traitsIcEE5closeEv@plt>
  40510b:	80 7d c7 00          	cmp    BYTE PTR [rbp-0x39],0x0
  40510f:	74 0f                	je     405120 <main+0x74d>
  405111:	48 8d 85 70 fa ff ff 	lea    rax,[rbp-0x590]
  405118:	48 89 c7             	mov    rdi,rax
  40511b:	e8 90 d1 ff ff       	call   4022b0 <_ZNSt14basic_ofstreamIcSt11char_traitsIcEE5closeEv@plt>
  405120:	48 8b 95 88 fe ff ff 	mov    rdx,QWORD PTR [rbp-0x178]
  405127:	48 8b 45 d0          	mov    rax,QWORD PTR [rbp-0x30]
  40512b:	48 89 d6             	mov    rsi,rdx
  40512e:	48 89 c7             	mov    rdi,rax
  405131:	e8 da cf ff ff       	call   402110 <munmap@plt>
  405136:	bb 00 00 00 00       	mov    ebx,0x0
  40513b:	48 8d 85 50 fa ff ff 	lea    rax,[rbp-0x5b0]
  405142:	48 89 c7             	mov    rdi,rax
  405145:	e8 76 04 00 00       	call   4055c0 <_ZNSt6vectorImSaImEED1Ev>
  40514a:	48 8d 85 70 fa ff ff 	lea    rax,[rbp-0x590]
  405151:	48 89 c7             	mov    rdi,rax
  405154:	e8 a7 d1 ff ff       	call   402300 <_ZNSt14basic_ofstreamIcSt11char_traitsIcEED1Ev@plt>
  405159:	48 8d 85 70 fc ff ff 	lea    rax,[rbp-0x390]
  405160:	48 89 c7             	mov    rdi,rax
  405163:	e8 98 d1 ff ff       	call   402300 <_ZNSt14basic_ofstreamIcSt11char_traitsIcEED1Ev@plt>
  405168:	48 8d 85 90 fe ff ff 	lea    rax,[rbp-0x170]
  40516f:	48 89 c7             	mov    rdi,rax
  405172:	e8 eb 01 00 00       	call   405362 <_ZN6ConfigD1Ev>
  405177:	89 d8                	mov    eax,ebx
  405179:	eb 59                	jmp    4051d4 <main+0x801>
  40517b:	48 89 c3             	mov    rbx,rax
  40517e:	48 8d 85 50 fa ff ff 	lea    rax,[rbp-0x5b0]
  405185:	48 89 c7             	mov    rdi,rax
  405188:	e8 33 04 00 00       	call   4055c0 <_ZNSt6vectorImSaImEED1Ev>
  40518d:	eb 03                	jmp    405192 <main+0x7bf>
  40518f:	48 89 c3             	mov    rbx,rax
  405192:	48 8d 85 70 fa ff ff 	lea    rax,[rbp-0x590]
  405199:	48 89 c7             	mov    rdi,rax
  40519c:	e8 5f d1 ff ff       	call   402300 <_ZNSt14basic_ofstreamIcSt11char_traitsIcEED1Ev@plt>
  4051a1:	eb 03                	jmp    4051a6 <main+0x7d3>
  4051a3:	48 89 c3             	mov    rbx,rax
  4051a6:	48 8d 85 70 fc ff ff 	lea    rax,[rbp-0x390]
  4051ad:	48 89 c7             	mov    rdi,rax
  4051b0:	e8 4b d1 ff ff       	call   402300 <_ZNSt14basic_ofstreamIcSt11char_traitsIcEED1Ev@plt>
  4051b5:	eb 03                	jmp    4051ba <main+0x7e7>
  4051b7:	48 89 c3             	mov    rbx,rax
  4051ba:	48 8d 85 90 fe ff ff 	lea    rax,[rbp-0x170]
  4051c1:	48 89 c7             	mov    rdi,rax
  4051c4:	e8 99 01 00 00       	call   405362 <_ZN6ConfigD1Ev>
  4051c9:	48 89 d8             	mov    rax,rbx
  4051cc:	48 89 c7             	mov    rdi,rax
  4051cf:	e8 bc d1 ff ff       	call   402390 <_Unwind_Resume@plt>
  4051d4:	48 8b 5d f8          	mov    rbx,QWORD PTR [rbp-0x8]
  4051d8:	c9                   	leave  
  4051d9:	c3                   	ret    

00000000004051da <_Z41__static_initialization_and_destruction_0ii>:
  4051da:	55                   	push   rbp
  4051db:	48 89 e5             	mov    rbp,rsp
  4051de:	48 83 ec 10          	sub    rsp,0x10
  4051e2:	89 7d fc             	mov    DWORD PTR [rbp-0x4],edi
  4051e5:	89 75 f8             	mov    DWORD PTR [rbp-0x8],esi
  4051e8:	83 7d fc 01          	cmp    DWORD PTR [rbp-0x4],0x1
  4051ec:	75 63                	jne    405251 <_Z41__static_initialization_and_destruction_0ii+0x77>
  4051ee:	81 7d f8 ff ff 00 00 	cmp    DWORD PTR [rbp-0x8],0xffff
  4051f5:	75 5a                	jne    405251 <_Z41__static_initialization_and_destruction_0ii+0x77>
  4051f7:	bf 60 f3 40 00       	mov    edi,0x40f360
  4051fc:	e8 0f d1 ff ff       	call   402310 <_ZNSt8ios_base4InitC1Ev@plt>
  405201:	ba 08 a0 40 00       	mov    edx,0x40a008
  405206:	be 60 f3 40 00       	mov    esi,0x40f360
  40520b:	bf 00 24 40 00       	mov    edi,0x402400
  405210:	e8 5b cf ff ff       	call   402170 <__cxa_atexit@plt>
  405215:	bf 20 f4 40 00       	mov    edi,0x40f420
  40521a:	e8 71 d0 ff ff       	call   402290 <_ZNSt7__cxx1112basic_stringIcSt11char_traitsIcESaIcEEC1Ev@plt>
  40521f:	ba 08 a0 40 00       	mov    edx,0x40a008
  405224:	be 20 f4 40 00       	mov    esi,0x40f420
  405229:	bf 30 21 40 00       	mov    edi,0x402130
  40522e:	e8 3d cf ff ff       	call   402170 <__cxa_atexit@plt>
  405233:	bf 40 f4 40 00       	mov    edi,0x40f440
  405238:	e8 53 d0 ff ff       	call   402290 <_ZNSt7__cxx1112basic_stringIcSt11char_traitsIcESaIcEEC1Ev@plt>
  40523d:	ba 08 a0 40 00       	mov    edx,0x40a008
  405242:	be 40 f4 40 00       	mov    esi,0x40f440
  405247:	bf 30 21 40 00       	mov    edi,0x402130
  40524c:	e8 1f cf ff ff       	call   402170 <__cxa_atexit@plt>
  405251:	90                   	nop
  405252:	c9                   	leave  
  405253:	c3                   	ret    

0000000000405254 <_GLOBAL__sub_I__Z10parse_argsiPPcR6Config>:
  405254:	55                   	push   rbp
  405255:	48 89 e5             	mov    rbp,rsp
  405258:	be ff ff 00 00       	mov    esi,0xffff
  40525d:	bf 01 00 00 00       	mov    edi,0x1
  405262:	e8 73 ff ff ff       	call   4051da <_Z41__static_initialization_and_destruction_0ii>
  405267:	5d                   	pop    rbp
  405268:	c3                   	ret    

0000000000405269 <_ZnwmPv>:
  405269:	55                   	push   rbp
  40526a:	48 89 e5             	mov    rbp,rsp
  40526d:	48 89 7d f8          	mov    QWORD PTR [rbp-0x8],rdi
  405271:	48 89 75 f0          	mov    QWORD PTR [rbp-0x10],rsi
  405275:	48 8b 45 f0          	mov    rax,QWORD PTR [rbp-0x10]
  405279:	5d                   	pop    rbp
  40527a:	c3                   	ret    

000000000040527b <_ZN9__gnu_cxx5__ops16__iter_less_iterEv>:
  40527b:	55                   	push   rbp
  40527c:	48 89 e5             	mov    rbp,rsp
  40527f:	90                   	nop
  405280:	5d                   	pop    rbp
  405281:	c3                   	ret    

0000000000405282 <_ZN9__gnu_cxx5__ops14_Iter_less_valC1ENS0_15_Iter_less_iterE>:
  405282:	55                   	push   rbp
  405283:	48 89 e5             	mov    rbp,rsp
  405286:	48 89 7d f8          	mov    QWORD PTR [rbp-0x8],rdi
  40528a:	90                   	nop
  40528b:	5d                   	pop    rbp
  40528c:	c3                   	ret    

000000000040528d <_ZN9__gnu_cxx5__ops15__val_comp_iterENS0_15_Iter_less_iterE>:
  40528d:	55                   	push   rbp
  40528e:	48 89 e5             	mov    rbp,rsp
  405291:	90                   	nop
  405292:	5d                   	pop    rbp
  405293:	c3                   	ret    

0000000000405294 <_ZSt17__size_to_integerm>:
  405294:	55                   	push   rbp
  405295:	48 89 e5             	mov    rbp,rsp
  405298:	48 89 7d f8          	mov    QWORD PTR [rbp-0x8],rdi
  40529c:	48 8b 45 f8          	mov    rax,QWORD PTR [rbp-0x8]
  4052a0:	5d                   	pop    rbp
  4052a1:	c3                   	ret    

00000000004052a2 <_ZSt4__lgl>:
  4052a2:	55                   	push   rbp
  4052a3:	48 89 e5             	mov    rbp,rsp
  4052a6:	48 89 7d f8          	mov    QWORD PTR [rbp-0x8],rdi
  4052aa:	48 8b 45 f8          	mov    rax,QWORD PTR [rbp-0x8]
  4052ae:	48 0f bd c0          	bsr    rax,rax
  4052b2:	48 83 f0 3f          	xor    rax,0x3f
  4052b6:	89 c2                	mov    edx,eax
  4052b8:	b8 3f 00 00 00       	mov    eax,0x3f
  4052bd:	29 d0                	sub    eax,edx
  4052bf:	48 98                	cdqe   
  4052c1:	5d                   	pop    rbp
  4052c2:	c3                   	ret    

00000000004052c3 <_ZNSt7__cxx115stoulERKNS_12basic_stringIcSt11char_traitsIcESaIcEEEPmi>:
  4052c3:	55                   	push   rbp
  4052c4:	48 89 e5             	mov    rbp,rsp
  4052c7:	48 83 ec 20          	sub    rsp,0x20
  4052cb:	48 89 7d f8          	mov    QWORD PTR [rbp-0x8],rdi
  4052cf:	48 89 75 f0          	mov    QWORD PTR [rbp-0x10],rsi
  4052d3:	89 55 ec             	mov    DWORD PTR [rbp-0x14],edx
  4052d6:	48 8b 45 f8          	mov    rax,QWORD PTR [rbp-0x8]
  4052da:	48 89 c7             	mov    rdi,rax
  4052dd:	e8 de cd ff ff       	call   4020c0 <_ZNKSt7__cxx1112basic_stringIcSt11char_traitsIcESaIcEE5c_strEv@plt>
  4052e2:	48 89 c2             	mov    rdx,rax
  4052e5:	8b 4d ec             	mov    ecx,DWORD PTR [rbp-0x14]
  4052e8:	48 8b 45 f0          	mov    rax,QWORD PTR [rbp-0x10]
  4052ec:	41 89 c8             	mov    r8d,ecx
  4052ef:	48 89 c1             	mov    rcx,rax
  4052f2:	be 11 a0 40 00       	mov    esi,0x40a011
  4052f7:	bf 80 20 40 00       	mov    edi,0x402080
  4052fc:	e8 43 01 00 00       	call   405444 <_ZN9__gnu_cxx6__stoaImmcJiEEET0_PFT_PKT1_PPS3_DpT2_EPKcS5_PmS9_>
  405301:	c9                   	leave  
  405302:	c3                   	ret    
  405303:	90                   	nop

0000000000405304 <_ZNSt12_Vector_baseImSaImEE12_Vector_implD1Ev>:
  405304:	55                   	push   rbp
  405305:	48 89 e5             	mov    rbp,rsp
  405308:	48 83 ec 10          	sub    rsp,0x10
  40530c:	48 89 7d f8          	mov    QWORD PTR [rbp-0x8],rdi
  405310:	48 8b 45 f8          	mov    rax,QWORD PTR [rbp-0x8]
  405314:	48 89 c7             	mov    rdi,rax
  405317:	e8 3a 02 00 00       	call   405556 <_ZNSaImED1Ev>
  40531c:	90                   	nop
  40531d:	c9                   	leave  
  40531e:	c3                   	ret    
  40531f:	90                   	nop

0000000000405320 <_ZNSt12_Vector_baseImSaImEEC1Ev>:
  405320:	55                   	push   rbp
  405321:	48 89 e5             	mov    rbp,rsp
  405324:	48 83 ec 10          	sub    rsp,0x10
  405328:	48 89 7d f8          	mov    QWORD PTR [rbp-0x8],rdi
  40532c:	48 8b 45 f8          	mov    rax,QWORD PTR [rbp-0x8]
  405330:	48 89 c7             	mov    rdi,rax
  405333:	e8 f6 01 00 00       	call   40552e <_ZNSt12_Vector_baseImSaImEE12_Vector_implC1Ev>
  405338:	90                   	nop
  405339:	c9                   	leave  
  40533a:	c3                   	ret    
  40533b:	90                   	nop

000000000040533c <_ZNSt6vectorImSaImEEC1Ev>:
  40533c:	55                   	push   rbp
  40533d:	48 89 e5             	mov    rbp,rsp
  405340:	48 83 ec 10          	sub    rsp,0x10
  405344:	48 89 7d f8          	mov    QWORD PTR [rbp-0x8],rdi
  405348:	48 8b 45 f8          	mov    rax,QWORD PTR [rbp-0x8]
  40534c:	48 89 c7             	mov    rdi,rax
  40534f:	e8 cc ff ff ff       	call   405320 <_ZNSt12_Vector_baseImSaImEEC1Ev>
  405354:	90                   	nop
  405355:	c9                   	leave  
  405356:	c3                   	ret    

0000000000405357 <_ZN9__gnu_cxx14__alloc_traitsISaImEmE15_S_always_equalEv>:
  405357:	55                   	push   rbp
  405358:	48 89 e5             	mov    rbp,rsp
  40535b:	b8 01 00 00 00       	mov    eax,0x1
  405360:	5d                   	pop    rbp
  405361:	c3                   	ret    

0000000000405362 <_ZN6ConfigD1Ev>:
  405362:	55                   	push   rbp
  405363:	48 89 e5             	mov    rbp,rsp
  405366:	48 83 ec 10          	sub    rsp,0x10
  40536a:	48 89 7d f8          	mov    QWORD PTR [rbp-0x8],rdi
  40536e:	48 8b 45 f8          	mov    rax,QWORD PTR [rbp-0x8]
  405372:	48 05 f0 00 00 00    	add    rax,0xf0
  405378:	48 89 c7             	mov    rdi,rax
  40537b:	e8 40 02 00 00       	call   4055c0 <_ZNSt6vectorImSaImEED1Ev>
  405380:	48 8b 45 f8          	mov    rax,QWORD PTR [rbp-0x8]
  405384:	48 05 d8 00 00 00    	add    rax,0xd8
  40538a:	48 89 c7             	mov    rdi,rax
  40538d:	e8 2e 02 00 00       	call   4055c0 <_ZNSt6vectorImSaImEED1Ev>
  405392:	48 8b 45 f8          	mov    rax,QWORD PTR [rbp-0x8]
  405396:	48 05 b8 00 00 00    	add    rax,0xb8
  40539c:	48 89 c7             	mov    rdi,rax
  40539f:	e8 8c cd ff ff       	call   402130 <_ZNSt7__cxx1112basic_stringIcSt11char_traitsIcESaIcEED1Ev@plt>
  4053a4:	48 8b 45 f8          	mov    rax,QWORD PTR [rbp-0x8]
  4053a8:	48 05 98 00 00 00    	add    rax,0x98
  4053ae:	48 89 c7             	mov    rdi,rax
  4053b1:	e8 7a cd ff ff       	call   402130 <_ZNSt7__cxx1112basic_stringIcSt11char_traitsIcESaIcEED1Ev@plt>
  4053b6:	48 8b 45 f8          	mov    rax,QWORD PTR [rbp-0x8]
  4053ba:	48 83 c0 40          	add    rax,0x40
  4053be:	48 89 c7             	mov    rdi,rax
  4053c1:	e8 6a cd ff ff       	call   402130 <_ZNSt7__cxx1112basic_stringIcSt11char_traitsIcESaIcEED1Ev@plt>
  4053c6:	48 8b 45 f8          	mov    rax,QWORD PTR [rbp-0x8]
  4053ca:	48 83 c0 20          	add    rax,0x20
  4053ce:	48 89 c7             	mov    rdi,rax
  4053d1:	e8 5a cd ff ff       	call   402130 <_ZNSt7__cxx1112basic_stringIcSt11char_traitsIcESaIcEED1Ev@plt>
  4053d6:	48 8b 45 f8          	mov    rax,QWORD PTR [rbp-0x8]
  4053da:	48 89 c7             	mov    rdi,rax
  4053dd:	e8 4e cd ff ff       	call   402130 <_ZNSt7__cxx1112basic_stringIcSt11char_traitsIcESaIcEED1Ev@plt>
  4053e2:	90                   	nop
  4053e3:	c9                   	leave  
  4053e4:	c3                   	ret    
  4053e5:	90                   	nop

00000000004053e6 <_ZZN9__gnu_cxx6__stoaImmcJiEEET0_PFT_PKT1_PPS3_DpT2_EPKcS5_PmS9_EN11_Save_errnoC1Ev>:
  4053e6:	55                   	push   rbp
  4053e7:	48 89 e5             	mov    rbp,rsp
  4053ea:	48 83 ec 10          	sub    rsp,0x10
  4053ee:	48 89 7d f8          	mov    QWORD PTR [rbp-0x8],rdi
  4053f2:	e8 49 cc ff ff       	call   402040 <__errno_location@plt>
  4053f7:	8b 10                	mov    edx,DWORD PTR [rax]
  4053f9:	48 8b 45 f8          	mov    rax,QWORD PTR [rbp-0x8]
  4053fd:	89 10                	mov    DWORD PTR [rax],edx
  4053ff:	e8 3c cc ff ff       	call   402040 <__errno_location@plt>
  405404:	c7 00 00 00 00 00    	mov    DWORD PTR [rax],0x0
  40540a:	90                   	nop
  40540b:	c9                   	leave  
  40540c:	c3                   	ret    
  40540d:	90                   	nop

000000000040540e <_ZZN9__gnu_cxx6__stoaImmcJiEEET0_PFT_PKT1_PPS3_DpT2_EPKcS5_PmS9_EN11_Save_errnoD1Ev>:
  40540e:	55                   	push   rbp
  40540f:	48 89 e5             	mov    rbp,rsp
  405412:	48 83 ec 10          	sub    rsp,0x10
  405416:	48 89 7d f8          	mov    QWORD PTR [rbp-0x8],rdi
  40541a:	e8 21 cc ff ff       	call   402040 <__errno_location@plt>
  40541f:	8b 00                	mov    eax,DWORD PTR [rax]
  405421:	85 c0                	test   eax,eax
  405423:	75 0d                	jne    405432 <_ZZN9__gnu_cxx6__stoaImmcJiEEET0_PFT_PKT1_PPS3_DpT2_EPKcS5_PmS9_EN11_Save_errnoD1Ev+0x24>
  405425:	e8 16 cc ff ff       	call   402040 <__errno_location@plt>
  40542a:	48 8b 55 f8          	mov    rdx,QWORD PTR [rbp-0x8]
  40542e:	8b 12                	mov    edx,DWORD PTR [rdx]
  405430:	89 10                	mov    DWORD PTR [rax],edx
  405432:	90                   	nop
  405433:	c9                   	leave  
  405434:	c3                   	ret    

0000000000405435 <_ZZN9__gnu_cxx6__stoaImmcJiEEET0_PFT_PKT1_PPS3_DpT2_EPKcS5_PmS9_EN10_Range_chk6_S_chkEmSt17integral_constantIbLb0EE>:
  405435:	55                   	push   rbp
  405436:	48 89 e5             	mov    rbp,rsp
  405439:	48 89 7d f8          	mov    QWORD PTR [rbp-0x8],rdi
  40543d:	b8 00 00 00 00       	mov    eax,0x0
  405442:	5d                   	pop    rbp
  405443:	c3                   	ret    

0000000000405444 <_ZN9__gnu_cxx6__stoaImmcJiEEET0_PFT_PKT1_PPS3_DpT2_EPKcS5_PmS9_>:
  405444:	55                   	push   rbp
  405445:	48 89 e5             	mov    rbp,rsp
  405448:	53                   	push   rbx
  405449:	48 83 ec 68          	sub    rsp,0x68
  40544d:	48 89 7d b8          	mov    QWORD PTR [rbp-0x48],rdi
  405451:	48 89 75 b0          	mov    QWORD PTR [rbp-0x50],rsi
  405455:	48 89 55 a8          	mov    QWORD PTR [rbp-0x58],rdx
  405459:	48 89 4d a0          	mov    QWORD PTR [rbp-0x60],rcx
  40545d:	44 89 45 9c          	mov    DWORD PTR [rbp-0x64],r8d
  405461:	48 8d 45 cc          	lea    rax,[rbp-0x34]
  405465:	48 89 c7             	mov    rdi,rax
  405468:	e8 79 ff ff ff       	call   4053e6 <_ZZN9__gnu_cxx6__stoaImmcJiEEET0_PFT_PKT1_PPS3_DpT2_EPKcS5_PmS9_EN11_Save_errnoC1Ev>
  40546d:	8b 55 9c             	mov    edx,DWORD PTR [rbp-0x64]
  405470:	48 8d 4d d0          	lea    rcx,[rbp-0x30]
  405474:	48 8b 45 a8          	mov    rax,QWORD PTR [rbp-0x58]
  405478:	4c 8b 45 b8          	mov    r8,QWORD PTR [rbp-0x48]
  40547c:	48 89 ce             	mov    rsi,rcx
  40547f:	48 89 c7             	mov    rdi,rax
  405482:	41 ff d0             	call   r8
  405485:	48 89 45 e8          	mov    QWORD PTR [rbp-0x18],rax
  405489:	48 8b 45 d0          	mov    rax,QWORD PTR [rbp-0x30]
  40548d:	48 39 45 a8          	cmp    QWORD PTR [rbp-0x58],rax
  405491:	75 0c                	jne    40549f <_ZN9__gnu_cxx6__stoaImmcJiEEET0_PFT_PKT1_PPS3_DpT2_EPKcS5_PmS9_+0x5b>
  405493:	48 8b 45 b0          	mov    rax,QWORD PTR [rbp-0x50]
  405497:	48 89 c7             	mov    rdi,rax
  40549a:	e8 81 cc ff ff       	call   402120 <_ZSt24__throw_invalid_argumentPKc@plt>
  40549f:	e8 9c cb ff ff       	call   402040 <__errno_location@plt>
  4054a4:	8b 00                	mov    eax,DWORD PTR [rax]
  4054a6:	83 f8 22             	cmp    eax,0x22
  4054a9:	74 10                	je     4054bb <_ZN9__gnu_cxx6__stoaImmcJiEEET0_PFT_PKT1_PPS3_DpT2_EPKcS5_PmS9_+0x77>
  4054ab:	48 8b 45 e8          	mov    rax,QWORD PTR [rbp-0x18]
  4054af:	48 89 c7             	mov    rdi,rax
  4054b2:	e8 7e ff ff ff       	call   405435 <_ZZN9__gnu_cxx6__stoaImmcJiEEET0_PFT_PKT1_PPS3_DpT2_EPKcS5_PmS9_EN10_Range_chk6_S_chkEmSt17integral_constantIbLb0EE>
  4054b7:	84 c0                	test   al,al
  4054b9:	74 07                	je     4054c2 <_ZN9__gnu_cxx6__stoaImmcJiEEET0_PFT_PKT1_PPS3_DpT2_EPKcS5_PmS9_+0x7e>
  4054bb:	b8 01 00 00 00       	mov    eax,0x1
  4054c0:	eb 05                	jmp    4054c7 <_ZN9__gnu_cxx6__stoaImmcJiEEET0_PFT_PKT1_PPS3_DpT2_EPKcS5_PmS9_+0x83>
  4054c2:	b8 00 00 00 00       	mov    eax,0x0
  4054c7:	84 c0                	test   al,al
  4054c9:	74 0c                	je     4054d7 <_ZN9__gnu_cxx6__stoaImmcJiEEET0_PFT_PKT1_PPS3_DpT2_EPKcS5_PmS9_+0x93>
  4054cb:	48 8b 45 b0          	mov    rax,QWORD PTR [rbp-0x50]
  4054cf:	48 89 c7             	mov    rdi,rax
  4054d2:	e8 09 ce ff ff       	call   4022e0 <_ZSt20__throw_out_of_rangePKc@plt>
  4054d7:	48 8b 45 e8          	mov    rax,QWORD PTR [rbp-0x18]
  4054db:	48 89 45 e0          	mov    QWORD PTR [rbp-0x20],rax
  4054df:	48 83 7d a0 00       	cmp    QWORD PTR [rbp-0x60],0x0
  4054e4:	74 12                	je     4054f8 <_ZN9__gnu_cxx6__stoaImmcJiEEET0_PFT_PKT1_PPS3_DpT2_EPKcS5_PmS9_+0xb4>
  4054e6:	48 8b 45 d0          	mov    rax,QWORD PTR [rbp-0x30]
  4054ea:	48 2b 45 a8          	sub    rax,QWORD PTR [rbp-0x58]
  4054ee:	48 89 c2             	mov    rdx,rax
  4054f1:	48 8b 45 a0          	mov    rax,QWORD PTR [rbp-0x60]
  4054f5:	48 89 10             	mov    QWORD PTR [rax],rdx
  4054f8:	48 8b 5d e0          	mov    rbx,QWORD PTR [rbp-0x20]
  4054fc:	48 8d 45 cc          	lea    rax,[rbp-0x34]
  405500:	48 89 c7             	mov    rdi,rax
  405503:	e8 06 ff ff ff       	call   40540e <_ZZN9__gnu_cxx6__stoaImmcJiEEET0_PFT_PKT1_PPS3_DpT2_EPKcS5_PmS9_EN11_Save_errnoD1Ev>
  405508:	48 89 d8             	mov    rax,rbx
  40550b:	eb 1a                	jmp    405527 <_ZN9__gnu_cxx6__stoaImmcJiEEET0_PFT_PKT1_PPS3_DpT2_EPKcS5_PmS9_+0xe3>
  40550d:	48 89 c3             	mov    rbx,rax
  405510:	48 8d 45 cc          	lea    rax,[rbp-0x34]
  405514:	48 89 c7             	mov    rdi,rax
  405517:	e8 f2 fe ff ff       	call   40540e <_ZZN9__gnu_cxx6__stoaImmcJiEEET0_PFT_PKT1_PPS3_DpT2_EPKcS5_PmS9_EN11_Save_errnoD1Ev>
  40551c:	48 89 d8             	mov    rax,rbx
  40551f:	48 89 c7             	mov    rdi,rax
  405522:	e8 69 ce ff ff       	call   402390 <_Unwind_Resume@plt>
  405527:	48 8b 5d f8          	mov    rbx,QWORD PTR [rbp-0x8]
  40552b:	c9                   	leave  
  40552c:	c3                   	ret    
  40552d:	90                   	nop

000000000040552e <_ZNSt12_Vector_baseImSaImEE12_Vector_implC1Ev>:
  40552e:	55                   	push   rbp
  40552f:	48 89 e5             	mov    rbp,rsp
  405532:	48 83 ec 10          	sub    rsp,0x10
  405536:	48 89 7d f8          	mov    QWORD PTR [rbp-0x8],rdi
  40553a:	48 8b 45 f8          	mov    rax,QWORD PTR [rbp-0x8]
  40553e:	48 89 c7             	mov    rdi,rax
  405541:	e8 52 01 00 00       	call   405698 <_ZNSaImEC1Ev>
  405546:	48 8b 45 f8          	mov    rax,QWORD PTR [rbp-0x8]
  40554a:	48 89 c7             	mov    rdi,rax
  40554d:	e8 f0 0a 00 00       	call   406042 <_ZNSt12_Vector_baseImSaImEE17_Vector_impl_dataC1Ev>
  405552:	90                   	nop
  405553:	c9                   	leave  
  405554:	c3                   	ret    
  405555:	90                   	nop

0000000000405556 <_ZNSaImED1Ev>:
  405556:	55                   	push   rbp
  405557:	48 89 e5             	mov    rbp,rsp
  40555a:	48 83 ec 10          	sub    rsp,0x10
  40555e:	48 89 7d f8          	mov    QWORD PTR [rbp-0x8],rdi
  405562:	48 8b 45 f8          	mov    rax,QWORD PTR [rbp-0x8]
  405566:	48 89 c7             	mov    rdi,rax
  405569:	e8 02 0b 00 00       	call   406070 <_ZN9__gnu_cxx13new_allocatorImED1Ev>
  40556e:	90                   	nop
  40556f:	c9                   	leave  
  405570:	c3                   	ret    
  405571:	90                   	nop

0000000000405572 <_ZNSt12_Vector_baseImSaImEED1Ev>:
  405572:	55                   	push   rbp
  405573:	48 89 e5             	mov    rbp,rsp
  405576:	48 83 ec 10          	sub    rsp,0x10
  40557a:	48 89 7d f8          	mov    QWORD PTR [rbp-0x8],rdi
  40557e:	48 8b 45 f8          	mov    rax,QWORD PTR [rbp-0x8]
  405582:	48 8b 50 10          	mov    rdx,QWORD PTR [rax+0x10]
  405586:	48 8b 45 f8          	mov    rax,QWORD PTR [rbp-0x8]
  40558a:	48 8b 08             	mov    rcx,QWORD PTR [rax]
  40558d:	48 89 d0             	mov    rax,rdx
  405590:	48 29 c8             	sub    rax,rcx
  405593:	48 c1 f8 03          	sar    rax,0x3
  405597:	48 89 c2             	mov    rdx,rax
  40559a:	48 8b 45 f8          	mov    rax,QWORD PTR [rbp-0x8]
  40559e:	48 8b 08             	mov    rcx,QWORD PTR [rax]
  4055a1:	48 8b 45 f8          	mov    rax,QWORD PTR [rbp-0x8]
  4055a5:	48 89 ce             	mov    rsi,rcx
  4055a8:	48 89 c7             	mov    rdi,rax
  4055ab:	e8 cc 0a 00 00       	call   40607c <_ZNSt12_Vector_baseImSaImEE13_M_deallocateEPmm>
  4055b0:	48 8b 45 f8          	mov    rax,QWORD PTR [rbp-0x8]
  4055b4:	48 89 c7             	mov    rdi,rax
  4055b7:	e8 48 fd ff ff       	call   405304 <_ZNSt12_Vector_baseImSaImEE12_Vector_implD1Ev>
  4055bc:	90                   	nop
  4055bd:	c9                   	leave  
  4055be:	c3                   	ret    
  4055bf:	90                   	nop

00000000004055c0 <_ZNSt6vectorImSaImEED1Ev>:
  4055c0:	55                   	push   rbp
  4055c1:	48 89 e5             	mov    rbp,rsp
  4055c4:	48 83 ec 10          	sub    rsp,0x10
  4055c8:	48 89 7d f8          	mov    QWORD PTR [rbp-0x8],rdi
  4055cc:	48 8b 45 f8          	mov    rax,QWORD PTR [rbp-0x8]
  4055d0:	48 89 c7             	mov    rdi,rax
  4055d3:	e8 da 0a 00 00       	call   4060b2 <_ZNSt12_Vector_baseImSaImEE19_M_get_Tp_allocatorEv>
  4055d8:	48 89 c2             	mov    rdx,rax
  4055db:	48 8b 45 f8          	mov    rax,QWORD PTR [rbp-0x8]
  4055df:	48 8b 48 08          	mov    rcx,QWORD PTR [rax+0x8]
  4055e3:	48 8b 45 f8          	mov    rax,QWORD PTR [rbp-0x8]
  4055e7:	48 8b 00             	mov    rax,QWORD PTR [rax]
  4055ea:	48 89 ce             	mov    rsi,rcx
  4055ed:	48 89 c7             	mov    rdi,rax
  4055f0:	e8 cb 0a 00 00       	call   4060c0 <_ZSt8_DestroyIPmmEvT_S1_RSaIT0_E>
  4055f5:	48 8b 45 f8          	mov    rax,QWORD PTR [rbp-0x8]
  4055f9:	48 89 c7             	mov    rdi,rax
  4055fc:	e8 71 ff ff ff       	call   405572 <_ZNSt12_Vector_baseImSaImEED1Ev>
  405601:	90                   	nop
  405602:	c9                   	leave  
  405603:	c3                   	ret    

0000000000405604 <_ZNSt6vectorImSaImEE9push_backEOm>:
  405604:	55                   	push   rbp
  405605:	48 89 e5             	mov    rbp,rsp
  405608:	48 83 ec 10          	sub    rsp,0x10
  40560c:	48 89 7d f8          	mov    QWORD PTR [rbp-0x8],rdi
  405610:	48 89 75 f0          	mov    QWORD PTR [rbp-0x10],rsi
  405614:	48 8b 45 f0          	mov    rax,QWORD PTR [rbp-0x10]
  405618:	48 89 c7             	mov    rdi,rax
  40561b:	e8 ca 0a 00 00       	call   4060ea <_ZSt4moveIRmEONSt16remove_referenceIT_E4typeEOS2_>
  405620:	48 89 c2             	mov    rdx,rax
  405623:	48 8b 45 f8          	mov    rax,QWORD PTR [rbp-0x8]
  405627:	48 89 d6             	mov    rsi,rdx
  40562a:	48 89 c7             	mov    rdi,rax
  40562d:	e8 c6 0a 00 00       	call   4060f8 <_ZNSt6vectorImSaImEE12emplace_backIJmEEEvDpOT_>
  405632:	90                   	nop
  405633:	c9                   	leave  
  405634:	c3                   	ret    

0000000000405635 <_ZSteqIcSt11char_traitsIcESaIcEEbRKNSt7__cxx1112basic_stringIT_T0_T1_EEPKS5_>:
  405635:	55                   	push   rbp
  405636:	48 89 e5             	mov    rbp,rsp
  405639:	48 83 ec 10          	sub    rsp,0x10
  40563d:	48 89 7d f8          	mov    QWORD PTR [rbp-0x8],rdi
  405641:	48 89 75 f0          	mov    QWORD PTR [rbp-0x10],rsi
  405645:	48 8b 55 f0          	mov    rdx,QWORD PTR [rbp-0x10]
  405649:	48 8b 45 f8          	mov    rax,QWORD PTR [rbp-0x8]
  40564d:	48 89 d6             	mov    rsi,rdx
  405650:	48 89 c7             	mov    rdi,rax
  405653:	e8 18 ca ff ff       	call   402070 <_ZNKSt7__cxx1112basic_stringIcSt11char_traitsIcESaIcEE7compareEPKc@plt>
  405658:	85 c0                	test   eax,eax
  40565a:	0f 94 c0             	sete   al
  40565d:	c9                   	leave  
  40565e:	c3                   	ret    
  40565f:	90                   	nop

0000000000405660 <_ZNSt6vectorImSaImEEaSEOS1_>:
  405660:	55                   	push   rbp
  405661:	48 89 e5             	mov    rbp,rsp
  405664:	48 83 ec 20          	sub    rsp,0x20
  405668:	48 89 7d e8          	mov    QWORD PTR [rbp-0x18],rdi
  40566c:	48 89 75 e0          	mov    QWORD PTR [rbp-0x20],rsi
  405670:	c6 45 ff 01          	mov    BYTE PTR [rbp-0x1],0x1
  405674:	48 8b 45 e0          	mov    rax,QWORD PTR [rbp-0x20]
  405678:	48 89 c7             	mov    rdi,rax
  40567b:	e8 38 0b 00 00       	call   4061b8 <_ZSt4moveIRSt6vectorImSaImEEEONSt16remove_referenceIT_E4typeEOS5_>
  405680:	48 89 c2             	mov    rdx,rax
  405683:	48 8b 45 e8          	mov    rax,QWORD PTR [rbp-0x18]
  405687:	48 89 d6             	mov    rsi,rdx
  40568a:	48 89 c7             	mov    rdi,rax
  40568d:	e8 34 0b 00 00       	call   4061c6 <_ZNSt6vectorImSaImEE14_M_move_assignEOS1_St17integral_constantIbLb1EE>
  405692:	48 8b 45 e8          	mov    rax,QWORD PTR [rbp-0x18]
  405696:	c9                   	leave  
  405697:	c3                   	ret    

0000000000405698 <_ZNSaImEC1Ev>:
  405698:	55                   	push   rbp
  405699:	48 89 e5             	mov    rbp,rsp
  40569c:	48 83 ec 10          	sub    rsp,0x10
  4056a0:	48 89 7d f8          	mov    QWORD PTR [rbp-0x8],rdi
  4056a4:	48 8b 45 f8          	mov    rax,QWORD PTR [rbp-0x8]
  4056a8:	48 89 c7             	mov    rdi,rax
  4056ab:	e8 b8 0b 00 00       	call   406268 <_ZN9__gnu_cxx13new_allocatorImEC1Ev>
  4056b0:	90                   	nop
  4056b1:	c9                   	leave  
  4056b2:	c3                   	ret    
  4056b3:	90                   	nop

00000000004056b4 <_ZNSt6vectorImSaImEEC1EmRKS0_>:
  4056b4:	55                   	push   rbp
  4056b5:	48 89 e5             	mov    rbp,rsp
  4056b8:	53                   	push   rbx
  4056b9:	48 83 ec 28          	sub    rsp,0x28
  4056bd:	48 89 7d e8          	mov    QWORD PTR [rbp-0x18],rdi
  4056c1:	48 89 75 e0          	mov    QWORD PTR [rbp-0x20],rsi
  4056c5:	48 89 55 d8          	mov    QWORD PTR [rbp-0x28],rdx
  4056c9:	48 8b 5d e8          	mov    rbx,QWORD PTR [rbp-0x18]
  4056cd:	48 8b 55 d8          	mov    rdx,QWORD PTR [rbp-0x28]
  4056d1:	48 8b 45 e0          	mov    rax,QWORD PTR [rbp-0x20]
  4056d5:	48 89 d6             	mov    rsi,rdx
  4056d8:	48 89 c7             	mov    rdi,rax
  4056db:	e8 93 0b 00 00       	call   406273 <_ZNSt6vectorImSaImEE17_S_check_init_lenEmRKS0_>
  4056e0:	48 89 c1             	mov    rcx,rax
  4056e3:	48 8b 45 d8          	mov    rax,QWORD PTR [rbp-0x28]
  4056e7:	48 89 c2             	mov    rdx,rax
  4056ea:	48 89 ce             	mov    rsi,rcx
  4056ed:	48 89 df             	mov    rdi,rbx
  4056f0:	e8 d9 0b 00 00       	call   4062ce <_ZNSt12_Vector_baseImSaImEEC1EmRKS0_>
  4056f5:	48 8b 55 e0          	mov    rdx,QWORD PTR [rbp-0x20]
  4056f9:	48 8b 45 e8          	mov    rax,QWORD PTR [rbp-0x18]
  4056fd:	48 89 d6             	mov    rsi,rdx
  405700:	48 89 c7             	mov    rdi,rax
  405703:	e8 24 0c 00 00       	call   40632c <_ZNSt6vectorImSaImEE21_M_default_initializeEm>
  405708:	eb 1a                	jmp    405724 <_ZNSt6vectorImSaImEEC1EmRKS0_+0x70>
  40570a:	48 89 c3             	mov    rbx,rax
  40570d:	48 8b 45 e8          	mov    rax,QWORD PTR [rbp-0x18]
  405711:	48 89 c7             	mov    rdi,rax
  405714:	e8 59 fe ff ff       	call   405572 <_ZNSt12_Vector_baseImSaImEED1Ev>
  405719:	48 89 d8             	mov    rax,rbx
  40571c:	48 89 c7             	mov    rdi,rax
  40571f:	e8 6c cc ff ff       	call   402390 <_Unwind_Resume@plt>
  405724:	48 8b 5d f8          	mov    rbx,QWORD PTR [rbp-0x8]
  405728:	c9                   	leave  
  405729:	c3                   	ret    

000000000040572a <_ZNSt6vectorImSaImEEixEm>:
  40572a:	55                   	push   rbp
  40572b:	48 89 e5             	mov    rbp,rsp
  40572e:	48 89 7d f8          	mov    QWORD PTR [rbp-0x8],rdi
  405732:	48 89 75 f0          	mov    QWORD PTR [rbp-0x10],rsi
  405736:	48 8b 45 f8          	mov    rax,QWORD PTR [rbp-0x8]
  40573a:	48 8b 10             	mov    rdx,QWORD PTR [rax]
  40573d:	48 8b 45 f0          	mov    rax,QWORD PTR [rbp-0x10]
  405741:	48 c1 e0 03          	shl    rax,0x3
  405745:	48 01 d0             	add    rax,rdx
  405748:	5d                   	pop    rbp
  405749:	c3                   	ret    

000000000040574a <_ZNSt23mersenne_twister_engineImLm32ELm624ELm397ELm31ELm2567483615ELm11ELm4294967295ELm7ELm2636928640ELm15ELm4022730752ELm18ELm1812433253EEC1Em>:
  40574a:	55                   	push   rbp
  40574b:	48 89 e5             	mov    rbp,rsp
  40574e:	48 83 ec 10          	sub    rsp,0x10
  405752:	48 89 7d f8          	mov    QWORD PTR [rbp-0x8],rdi
  405756:	48 89 75 f0          	mov    QWORD PTR [rbp-0x10],rsi
  40575a:	48 8b 55 f0          	mov    rdx,QWORD PTR [rbp-0x10]
  40575e:	48 8b 45 f8          	mov    rax,QWORD PTR [rbp-0x8]
  405762:	48 89 d6             	mov    rsi,rdx
  405765:	48 89 c7             	mov    rdi,rax
  405768:	e8 ff 0b 00 00       	call   40636c <_ZNSt23mersenne_twister_engineImLm32ELm624ELm397ELm31ELm2567483615ELm11ELm4294967295ELm7ELm2636928640ELm15ELm4022730752ELm18ELm1812433253EE4seedEm>
  40576d:	90                   	nop
  40576e:	c9                   	leave  
  40576f:	c3                   	ret    

0000000000405770 <_ZNSt6vectorImSaImEE5beginEv>:
  405770:	55                   	push   rbp
  405771:	48 89 e5             	mov    rbp,rsp
  405774:	48 83 ec 20          	sub    rsp,0x20
  405778:	48 89 7d e8          	mov    QWORD PTR [rbp-0x18],rdi
  40577c:	48 8b 55 e8          	mov    rdx,QWORD PTR [rbp-0x18]
  405780:	48 8d 45 f8          	lea    rax,[rbp-0x8]
  405784:	48 89 d6             	mov    rsi,rdx
  405787:	48 89 c7             	mov    rdi,rax
  40578a:	e8 83 0c 00 00       	call   406412 <_ZN9__gnu_cxx17__normal_iteratorIPmSt6vectorImSaImEEEC1ERKS1_>
  40578f:	48 8b 45 f8          	mov    rax,QWORD PTR [rbp-0x8]
  405793:	c9                   	leave  
  405794:	c3                   	ret    
  405795:	90                   	nop

0000000000405796 <_ZNSt6vectorImSaImEE3endEv>:
  405796:	55                   	push   rbp
  405797:	48 89 e5             	mov    rbp,rsp
  40579a:	48 83 ec 20          	sub    rsp,0x20
  40579e:	48 89 7d e8          	mov    QWORD PTR [rbp-0x18],rdi
  4057a2:	48 8b 45 e8          	mov    rax,QWORD PTR [rbp-0x18]
  4057a6:	48 8d 50 08          	lea    rdx,[rax+0x8]
  4057aa:	48 8d 45 f8          	lea    rax,[rbp-0x8]
  4057ae:	48 89 d6             	mov    rsi,rdx
  4057b1:	48 89 c7             	mov    rdi,rax
  4057b4:	e8 59 0c 00 00       	call   406412 <_ZN9__gnu_cxx17__normal_iteratorIPmSt6vectorImSaImEEEC1ERKS1_>
  4057b9:	48 8b 45 f8          	mov    rax,QWORD PTR [rbp-0x8]
  4057bd:	c9                   	leave  
  4057be:	c3                   	ret    

00000000004057bf <_ZSt7shuffleIN9__gnu_cxx17__normal_iteratorIPmSt6vectorImSaImEEEERSt23mersenne_twister_engineImLm32ELm624ELm397ELm31ELm2567483615ELm11ELm4294967295ELm7ELm2636928640ELm15ELm4022730752ELm18ELm1812433253EEEvT_SA_OT0_>:
  4057bf:	55                   	push   rbp
  4057c0:	48 89 e5             	mov    rbp,rsp
  4057c3:	53                   	push   rbx
  4057c4:	48 81 ec a8 00 00 00 	sub    rsp,0xa8
  4057cb:	48 89 bd 68 ff ff ff 	mov    QWORD PTR [rbp-0x98],rdi
  4057d2:	48 89 b5 60 ff ff ff 	mov    QWORD PTR [rbp-0xa0],rsi
  4057d9:	48 89 95 58 ff ff ff 	mov    QWORD PTR [rbp-0xa8],rdx
  4057e0:	48 8d 95 60 ff ff ff 	lea    rdx,[rbp-0xa0]
  4057e7:	48 8d 85 68 ff ff ff 	lea    rax,[rbp-0x98]
  4057ee:	48 89 d6             	mov    rsi,rdx
  4057f1:	48 89 c7             	mov    rdi,rax
  4057f4:	e8 36 0c 00 00       	call   40642f <_ZN9__gnu_cxxeqIPmSt6vectorImSaImEEEEbRKNS_17__normal_iteratorIT_T0_EESA_>
  4057f9:	84 c0                	test   al,al
  4057fb:	0f 85 71 02 00 00    	jne    405a72 <_ZSt7shuffleIN9__gnu_cxx17__normal_iteratorIPmSt6vectorImSaImEEEERSt23mersenne_twister_engineImLm32ELm624ELm397ELm31ELm2567483615ELm11ELm4294967295ELm7ELm2636928640ELm15ELm4022730752ELm18ELm1812433253EEEvT_SA_OT0_+0x2b3>
  405801:	b8 ff ff ff ff       	mov    eax,0xffffffff
  405806:	48 89 45 e8          	mov    QWORD PTR [rbp-0x18],rax
  40580a:	48 8d 95 68 ff ff ff 	lea    rdx,[rbp-0x98]
  405811:	48 8d 85 60 ff ff ff 	lea    rax,[rbp-0xa0]
  405818:	48 89 d6             	mov    rsi,rdx
  40581b:	48 89 c7             	mov    rdi,rax
  40581e:	e8 47 0c 00 00       	call   40646a <_ZN9__gnu_cxxmiIPmSt6vectorImSaImEEEENS_17__normal_iteratorIT_T0_E15difference_typeERKS8_SB_>
  405823:	48 89 45 e0          	mov    QWORD PTR [rbp-0x20],rax
  405827:	b8 ff ff ff ff       	mov    eax,0xffffffff
  40582c:	ba 00 00 00 00       	mov    edx,0x0
  405831:	48 f7 75 e0          	div    QWORD PTR [rbp-0x20]
  405835:	48 39 45 e0          	cmp    QWORD PTR [rbp-0x20],rax
  405839:	0f 87 64 01 00 00    	ja     4059a3 <_ZSt7shuffleIN9__gnu_cxx17__normal_iteratorIPmSt6vectorImSaImEEEERSt23mersenne_twister_engineImLm32ELm624ELm397ELm31ELm2567483615ELm11ELm4294967295ELm7ELm2636928640ELm15ELm4022730752ELm18ELm1812433253EEEvT_SA_OT0_+0x1e4>
  40583f:	48 8d 85 68 ff ff ff 	lea    rax,[rbp-0x98]
  405846:	be 01 00 00 00       	mov    esi,0x1
  40584b:	48 89 c7             	mov    rdi,rax
  40584e:	e8 57 0c 00 00       	call   4064aa <_ZNK9__gnu_cxx17__normal_iteratorIPmSt6vectorImSaImEEEplEl>
  405853:	48 89 45 a8          	mov    QWORD PTR [rbp-0x58],rax
  405857:	48 8b 45 e0          	mov    rax,QWORD PTR [rbp-0x20]
  40585b:	83 e0 01             	and    eax,0x1
  40585e:	48 85 c0             	test   rax,rax
  405861:	0f 85 19 01 00 00    	jne    405980 <_ZSt7shuffleIN9__gnu_cxx17__normal_iteratorIPmSt6vectorImSaImEEEERSt23mersenne_twister_engineImLm32ELm624ELm397ELm31ELm2567483615ELm11ELm4294967295ELm7ELm2636928640ELm15ELm4022730752ELm18ELm1812433253EEEvT_SA_OT0_+0x1c1>
  405867:	48 8d 45 90          	lea    rax,[rbp-0x70]
  40586b:	ba 01 00 00 00       	mov    edx,0x1
  405870:	be 00 00 00 00       	mov    esi,0x0
  405875:	48 89 c7             	mov    rdi,rax
  405878:	e8 6d 0c 00 00       	call   4064ea <_ZNSt24uniform_int_distributionImEC1Emm>
  40587d:	48 8b 95 58 ff ff ff 	mov    rdx,QWORD PTR [rbp-0xa8]
  405884:	48 8d 45 90          	lea    rax,[rbp-0x70]
  405888:	48 89 d6             	mov    rsi,rdx
  40588b:	48 89 c7             	mov    rdi,rax
  40588e:	e8 c3 0c 00 00       	call   406556 <_ZNSt24uniform_int_distributionImEclISt23mersenne_twister_engineImLm32ELm624ELm397ELm31ELm2567483615ELm11ELm4294967295ELm7ELm2636928640ELm15ELm4022730752ELm18ELm1812433253EEEEmRT_>
  405893:	48 89 c2             	mov    rdx,rax
  405896:	48 8d 85 68 ff ff ff 	lea    rax,[rbp-0x98]
  40589d:	48 89 d6             	mov    rsi,rdx
  4058a0:	48 89 c7             	mov    rdi,rax
  4058a3:	e8 02 0c 00 00       	call   4064aa <_ZNK9__gnu_cxx17__normal_iteratorIPmSt6vectorImSaImEEEplEl>
  4058a8:	48 89 c3             	mov    rbx,rax
  4058ab:	48 8d 45 a8          	lea    rax,[rbp-0x58]
  4058af:	be 00 00 00 00       	mov    esi,0x0
  4058b4:	48 89 c7             	mov    rdi,rax
  4058b7:	e8 5c 0c 00 00       	call   406518 <_ZN9__gnu_cxx17__normal_iteratorIPmSt6vectorImSaImEEEppEi>
  4058bc:	48 89 de             	mov    rsi,rbx
  4058bf:	48 89 c7             	mov    rdi,rax
  4058c2:	e8 b8 0c 00 00       	call   40657f <_ZSt9iter_swapIN9__gnu_cxx17__normal_iteratorIPmSt6vectorImSaImEEEES6_EvT_T0_>
  4058c7:	e9 b4 00 00 00       	jmp    405980 <_ZSt7shuffleIN9__gnu_cxx17__normal_iteratorIPmSt6vectorImSaImEEEERSt23mersenne_twister_engineImLm32ELm624ELm397ELm31ELm2567483615ELm11ELm4294967295ELm7ELm2636928640ELm15ELm4022730752ELm18ELm1812433253EEEvT_SA_OT0_+0x1c1>
  4058cc:	48 8d 95 68 ff ff ff 	lea    rdx,[rbp-0x98]
  4058d3:	48 8d 45 a8          	lea    rax,[rbp-0x58]
  4058d7:	48 89 d6             	mov    rsi,rdx
  4058da:	48 89 c7             	mov    rdi,rax
  4058dd:	e8 88 0b 00 00       	call   40646a <_ZN9__gnu_cxxmiIPmSt6vectorImSaImEEEENS_17__normal_iteratorIT_T0_E15difference_typeERKS8_SB_>
  4058e2:	48 83 c0 01          	add    rax,0x1
  4058e6:	48 89 45 d8          	mov    QWORD PTR [rbp-0x28],rax
  4058ea:	48 8b 45 d8          	mov    rax,QWORD PTR [rbp-0x28]
  4058ee:	48 8d 48 01          	lea    rcx,[rax+0x1]
  4058f2:	48 8b 95 58 ff ff ff 	mov    rdx,QWORD PTR [rbp-0xa8]
  4058f9:	48 8b 45 d8          	mov    rax,QWORD PTR [rbp-0x28]
  4058fd:	48 89 ce             	mov    rsi,rcx
  405900:	48 89 c7             	mov    rdi,rax
  405903:	e8 b5 0c 00 00       	call   4065bd <_ZSt22__gen_two_uniform_intsImRSt23mersenne_twister_engineImLm32ELm624ELm397ELm31ELm2567483615ELm11ELm4294967295ELm7ELm2636928640ELm15ELm4022730752ELm18ELm1812433253EEESt4pairIT_S4_ES4_S4_OT0_>
  405908:	48 89 45 80          	mov    QWORD PTR [rbp-0x80],rax
  40590c:	48 89 55 88          	mov    QWORD PTR [rbp-0x78],rdx
  405910:	48 8b 45 80          	mov    rax,QWORD PTR [rbp-0x80]
  405914:	48 89 c2             	mov    rdx,rax
  405917:	48 8d 85 68 ff ff ff 	lea    rax,[rbp-0x98]
  40591e:	48 89 d6             	mov    rsi,rdx
  405921:	48 89 c7             	mov    rdi,rax
  405924:	e8 81 0b 00 00       	call   4064aa <_ZNK9__gnu_cxx17__normal_iteratorIPmSt6vectorImSaImEEEplEl>
  405929:	48 89 c3             	mov    rbx,rax
  40592c:	48 8d 45 a8          	lea    rax,[rbp-0x58]
  405930:	be 00 00 00 00       	mov    esi,0x0
  405935:	48 89 c7             	mov    rdi,rax
  405938:	e8 db 0b 00 00       	call   406518 <_ZN9__gnu_cxx17__normal_iteratorIPmSt6vectorImSaImEEEppEi>
  40593d:	48 89 de             	mov    rsi,rbx
  405940:	48 89 c7             	mov    rdi,rax
  405943:	e8 37 0c 00 00       	call   40657f <_ZSt9iter_swapIN9__gnu_cxx17__normal_iteratorIPmSt6vectorImSaImEEEES6_EvT_T0_>
  405948:	48 8b 45 88          	mov    rax,QWORD PTR [rbp-0x78]
  40594c:	48 89 c2             	mov    rdx,rax
  40594f:	48 8d 85 68 ff ff ff 	lea    rax,[rbp-0x98]
  405956:	48 89 d6             	mov    rsi,rdx
  405959:	48 89 c7             	mov    rdi,rax
  40595c:	e8 49 0b 00 00       	call   4064aa <_ZNK9__gnu_cxx17__normal_iteratorIPmSt6vectorImSaImEEEplEl>
  405961:	48 89 c3             	mov    rbx,rax
  405964:	48 8d 45 a8          	lea    rax,[rbp-0x58]
  405968:	be 00 00 00 00       	mov    esi,0x0
  40596d:	48 89 c7             	mov    rdi,rax
  405970:	e8 a3 0b 00 00       	call   406518 <_ZN9__gnu_cxx17__normal_iteratorIPmSt6vectorImSaImEEEppEi>
  405975:	48 89 de             	mov    rsi,rbx
  405978:	48 89 c7             	mov    rdi,rax
  40597b:	e8 ff 0b 00 00       	call   40657f <_ZSt9iter_swapIN9__gnu_cxx17__normal_iteratorIPmSt6vectorImSaImEEEES6_EvT_T0_>
  405980:	48 8d 95 60 ff ff ff 	lea    rdx,[rbp-0xa0]
  405987:	48 8d 45 a8          	lea    rax,[rbp-0x58]
  40598b:	48 89 d6             	mov    rsi,rdx
  40598e:	48 89 c7             	mov    rdi,rax
  405991:	e8 81 02 00 00       	call   405c17 <_ZN9__gnu_cxxneIPmSt6vectorImSaImEEEEbRKNS_17__normal_iteratorIT_T0_EESA_>
  405996:	84 c0                	test   al,al
  405998:	0f 85 2e ff ff ff    	jne    4058cc <_ZSt7shuffleIN9__gnu_cxx17__normal_iteratorIPmSt6vectorImSaImEEEERSt23mersenne_twister_engineImLm32ELm624ELm397ELm31ELm2567483615ELm11ELm4294967295ELm7ELm2636928640ELm15ELm4022730752ELm18ELm1812433253EEEvT_SA_OT0_+0x10d>
  40599e:	e9 d0 00 00 00       	jmp    405a73 <_ZSt7shuffleIN9__gnu_cxx17__normal_iteratorIPmSt6vectorImSaImEEEERSt23mersenne_twister_engineImLm32ELm624ELm397ELm31ELm2567483615ELm11ELm4294967295ELm7ELm2636928640ELm15ELm4022730752ELm18ELm1812433253EEEvT_SA_OT0_+0x2b4>
  4059a3:	48 8d 45 b0          	lea    rax,[rbp-0x50]
  4059a7:	48 89 c7             	mov    rdi,rax
  4059aa:	e8 91 0c 00 00       	call   406640 <_ZNSt24uniform_int_distributionImEC1Ev>
  4059af:	48 8d 85 68 ff ff ff 	lea    rax,[rbp-0x98]
  4059b6:	be 01 00 00 00       	mov    esi,0x1
  4059bb:	48 89 c7             	mov    rdi,rax
  4059be:	e8 e7 0a 00 00       	call   4064aa <_ZNK9__gnu_cxx17__normal_iteratorIPmSt6vectorImSaImEEEplEl>
  4059c3:	48 89 85 78 ff ff ff 	mov    QWORD PTR [rbp-0x88],rax
  4059ca:	e9 80 00 00 00       	jmp    405a4f <_ZSt7shuffleIN9__gnu_cxx17__normal_iteratorIPmSt6vectorImSaImEEEERSt23mersenne_twister_engineImLm32ELm624ELm397ELm31ELm2567483615ELm11ELm4294967295ELm7ELm2636928640ELm15ELm4022730752ELm18ELm1812433253EEEvT_SA_OT0_+0x290>
  4059cf:	48 8d 95 68 ff ff ff 	lea    rdx,[rbp-0x98]
  4059d6:	48 8d 85 78 ff ff ff 	lea    rax,[rbp-0x88]
  4059dd:	48 89 d6             	mov    rsi,rdx
  4059e0:	48 89 c7             	mov    rdi,rax
  4059e3:	e8 82 0a 00 00       	call   40646a <_ZN9__gnu_cxxmiIPmSt6vectorImSaImEEEENS_17__normal_iteratorIT_T0_E15difference_typeERKS8_SB_>
  4059e8:	48 89 c2             	mov    rdx,rax
  4059eb:	48 8d 45 c0          	lea    rax,[rbp-0x40]
  4059ef:	be 00 00 00 00       	mov    esi,0x0
  4059f4:	48 89 c7             	mov    rdi,rax
  4059f7:	e8 6c 0c 00 00       	call   406668 <_ZNSt24uniform_int_distributionImE10param_typeC1Emm>
  4059fc:	48 8d 55 c0          	lea    rdx,[rbp-0x40]
  405a00:	48 8b 8d 58 ff ff ff 	mov    rcx,QWORD PTR [rbp-0xa8]
  405a07:	48 8d 45 b0          	lea    rax,[rbp-0x50]
  405a0b:	48 89 ce             	mov    rsi,rcx
  405a0e:	48 89 c7             	mov    rdi,rax
  405a11:	e8 7c 0c 00 00       	call   406692 <_ZNSt24uniform_int_distributionImEclISt23mersenne_twister_engineImLm32ELm624ELm397ELm31ELm2567483615ELm11ELm4294967295ELm7ELm2636928640ELm15ELm4022730752ELm18ELm1812433253EEEEmRT_RKNS0_10param_typeE>
  405a16:	48 89 c2             	mov    rdx,rax
  405a19:	48 8d 85 68 ff ff ff 	lea    rax,[rbp-0x98]
  405a20:	48 89 d6             	mov    rsi,rdx
  405a23:	48 89 c7             	mov    rdi,rax
  405a26:	e8 7f 0a 00 00       	call   4064aa <_ZNK9__gnu_cxx17__normal_iteratorIPmSt6vectorImSaImEEEplEl>
  405a2b:	48 89 c2             	mov    rdx,rax
  405a2e:	48 8b 85 78 ff ff ff 	mov    rax,QWORD PTR [rbp-0x88]
  405a35:	48 89 d6             	mov    rsi,rdx
  405a38:	48 89 c7             	mov    rdi,rax
  405a3b:	e8 3f 0b 00 00       	call   40657f <_ZSt9iter_swapIN9__gnu_cxx17__normal_iteratorIPmSt6vectorImSaImEEEES6_EvT_T0_>
  405a40:	48 8d 85 78 ff ff ff 	lea    rax,[rbp-0x88]
  405a47:	48 89 c7             	mov    rdi,rax
  405a4a:	e8 03 02 00 00       	call   405c52 <_ZN9__gnu_cxx17__normal_iteratorIPmSt6vectorImSaImEEEppEv>
  405a4f:	48 8d 95 60 ff ff ff 	lea    rdx,[rbp-0xa0]
  405a56:	48 8d 85 78 ff ff ff 	lea    rax,[rbp-0x88]
  405a5d:	48 89 d6             	mov    rsi,rdx
  405a60:	48 89 c7             	mov    rdi,rax
  405a63:	e8 af 01 00 00       	call   405c17 <_ZN9__gnu_cxxneIPmSt6vectorImSaImEEEEbRKNS_17__normal_iteratorIT_T0_EESA_>
  405a68:	84 c0                	test   al,al
  405a6a:	0f 85 5f ff ff ff    	jne    4059cf <_ZSt7shuffleIN9__gnu_cxx17__normal_iteratorIPmSt6vectorImSaImEEEERSt23mersenne_twister_engineImLm32ELm624ELm397ELm31ELm2567483615ELm11ELm4294967295ELm7ELm2636928640ELm15ELm4022730752ELm18ELm1812433253EEEvT_SA_OT0_+0x210>
  405a70:	eb 01                	jmp    405a73 <_ZSt7shuffleIN9__gnu_cxx17__normal_iteratorIPmSt6vectorImSaImEEEERSt23mersenne_twister_engineImLm32ELm624ELm397ELm31ELm2567483615ELm11ELm4294967295ELm7ELm2636928640ELm15ELm4022730752ELm18ELm1812433253EEEvT_SA_OT0_+0x2b4>
  405a72:	90                   	nop
  405a73:	48 8b 5d f8          	mov    rbx,QWORD PTR [rbp-0x8]
  405a77:	c9                   	leave  
  405a78:	c3                   	ret    
  405a79:	90                   	nop

0000000000405a7a <_ZNSt6vectorImSaImEE6resizeEmRKm>:
  405a7a:	55                   	push   rbp
  405a7b:	48 89 e5             	mov    rbp,rsp
  405a7e:	53                   	push   rbx
  405a7f:	48 83 ec 28          	sub    rsp,0x28
  405a83:	48 89 7d e8          	mov    QWORD PTR [rbp-0x18],rdi
  405a87:	48 89 75 e0          	mov    QWORD PTR [rbp-0x20],rsi
  405a8b:	48 89 55 d8          	mov    QWORD PTR [rbp-0x28],rdx
  405a8f:	48 8b 45 e8          	mov    rax,QWORD PTR [rbp-0x18]
  405a93:	48 89 c7             	mov    rdi,rax
  405a96:	e8 e9 01 00 00       	call   405c84 <_ZNKSt6vectorImSaImEE4sizeEv>
  405a9b:	48 39 45 e0          	cmp    QWORD PTR [rbp-0x20],rax
  405a9f:	0f 97 c0             	seta   al
  405aa2:	84 c0                	test   al,al
  405aa4:	74 40                	je     405ae6 <_ZNSt6vectorImSaImEE6resizeEmRKm+0x6c>
  405aa6:	48 8b 45 e8          	mov    rax,QWORD PTR [rbp-0x18]
  405aaa:	48 89 c7             	mov    rdi,rax
  405aad:	e8 d2 01 00 00       	call   405c84 <_ZNKSt6vectorImSaImEE4sizeEv>
  405ab2:	48 89 c2             	mov    rdx,rax
  405ab5:	48 8b 45 e0          	mov    rax,QWORD PTR [rbp-0x20]
  405ab9:	48 29 d0             	sub    rax,rdx
  405abc:	48 89 c3             	mov    rbx,rax
  405abf:	48 8b 45 e8          	mov    rax,QWORD PTR [rbp-0x18]
  405ac3:	48 89 c7             	mov    rdi,rax
  405ac6:	e8 cb fc ff ff       	call   405796 <_ZNSt6vectorImSaImEE3endEv>
  405acb:	48 89 c6             	mov    rsi,rax
  405ace:	48 8b 55 d8          	mov    rdx,QWORD PTR [rbp-0x28]
  405ad2:	48 8b 45 e8          	mov    rax,QWORD PTR [rbp-0x18]
  405ad6:	48 89 d1             	mov    rcx,rdx
  405ad9:	48 89 da             	mov    rdx,rbx
  405adc:	48 89 c7             	mov    rdi,rax
  405adf:	e8 f4 0c 00 00       	call   4067d8 <_ZNSt6vectorImSaImEE14_M_fill_insertEN9__gnu_cxx17__normal_iteratorIPmS1_EEmRKm>
  405ae4:	eb 38                	jmp    405b1e <_ZNSt6vectorImSaImEE6resizeEmRKm+0xa4>
  405ae6:	48 8b 45 e8          	mov    rax,QWORD PTR [rbp-0x18]
  405aea:	48 89 c7             	mov    rdi,rax
  405aed:	e8 92 01 00 00       	call   405c84 <_ZNKSt6vectorImSaImEE4sizeEv>
  405af2:	48 39 45 e0          	cmp    QWORD PTR [rbp-0x20],rax
  405af6:	0f 92 c0             	setb   al
  405af9:	84 c0                	test   al,al
  405afb:	74 21                	je     405b1e <_ZNSt6vectorImSaImEE6resizeEmRKm+0xa4>
  405afd:	48 8b 45 e8          	mov    rax,QWORD PTR [rbp-0x18]
  405b01:	48 8b 10             	mov    rdx,QWORD PTR [rax]
  405b04:	48 8b 45 e0          	mov    rax,QWORD PTR [rbp-0x20]
  405b08:	48 c1 e0 03          	shl    rax,0x3
  405b0c:	48 01 c2             	add    rdx,rax
  405b0f:	48 8b 45 e8          	mov    rax,QWORD PTR [rbp-0x18]
  405b13:	48 89 d6             	mov    rsi,rdx
  405b16:	48 89 c7             	mov    rdi,rax
  405b19:	e8 a4 11 00 00       	call   406cc2 <_ZNSt6vectorImSaImEE15_M_erase_at_endEPm>
  405b1e:	90                   	nop
  405b1f:	48 8b 5d f8          	mov    rbx,QWORD PTR [rbp-0x8]
  405b23:	c9                   	leave  
  405b24:	c3                   	ret    
  405b25:	90                   	nop

0000000000405b26 <_ZNSt6vectorImSaImEE5clearEv>:
  405b26:	55                   	push   rbp
  405b27:	48 89 e5             	mov    rbp,rsp
  405b2a:	48 83 ec 10          	sub    rsp,0x10
  405b2e:	48 89 7d f8          	mov    QWORD PTR [rbp-0x8],rdi
  405b32:	48 8b 45 f8          	mov    rax,QWORD PTR [rbp-0x8]
  405b36:	48 8b 10             	mov    rdx,QWORD PTR [rax]
  405b39:	48 8b 45 f8          	mov    rax,QWORD PTR [rbp-0x8]
  405b3d:	48 89 d6             	mov    rsi,rdx
  405b40:	48 89 c7             	mov    rdi,rax
  405b43:	e8 7a 11 00 00       	call   406cc2 <_ZNSt6vectorImSaImEE15_M_erase_at_endEPm>
  405b48:	90                   	nop
  405b49:	c9                   	leave  
  405b4a:	c3                   	ret    
  405b4b:	90                   	nop

0000000000405b4c <_ZNSt6vectorImSaImEE9push_backERKm>:
  405b4c:	55                   	push   rbp
  405b4d:	48 89 e5             	mov    rbp,rsp
  405b50:	48 83 ec 10          	sub    rsp,0x10
  405b54:	48 89 7d f8          	mov    QWORD PTR [rbp-0x8],rdi
  405b58:	48 89 75 f0          	mov    QWORD PTR [rbp-0x10],rsi
  405b5c:	48 8b 45 f8          	mov    rax,QWORD PTR [rbp-0x8]
  405b60:	48 8b 50 08          	mov    rdx,QWORD PTR [rax+0x8]
  405b64:	48 8b 45 f8          	mov    rax,QWORD PTR [rbp-0x8]
  405b68:	48 8b 40 10          	mov    rax,QWORD PTR [rax+0x10]
  405b6c:	48 39 c2             	cmp    rdx,rax
  405b6f:	74 31                	je     405ba2 <_ZNSt6vectorImSaImEE9push_backERKm+0x56>
  405b71:	48 8b 45 f8          	mov    rax,QWORD PTR [rbp-0x8]
  405b75:	48 8b 48 08          	mov    rcx,QWORD PTR [rax+0x8]
  405b79:	48 8b 45 f8          	mov    rax,QWORD PTR [rbp-0x8]
  405b7d:	48 8b 55 f0          	mov    rdx,QWORD PTR [rbp-0x10]
  405b81:	48 89 ce             	mov    rsi,rcx
  405b84:	48 89 c7             	mov    rdi,rax
  405b87:	e8 96 11 00 00       	call   406d22 <_ZNSt16allocator_traitsISaImEE9constructImJRKmEEEvRS0_PT_DpOT0_>
  405b8c:	48 8b 45 f8          	mov    rax,QWORD PTR [rbp-0x8]
  405b90:	48 8b 40 08          	mov    rax,QWORD PTR [rax+0x8]
  405b94:	48 8d 50 08          	lea    rdx,[rax+0x8]
  405b98:	48 8b 45 f8          	mov    rax,QWORD PTR [rbp-0x8]
  405b9c:	48 89 50 08          	mov    QWORD PTR [rax+0x8],rdx
  405ba0:	eb 22                	jmp    405bc4 <_ZNSt6vectorImSaImEE9push_backERKm+0x78>
  405ba2:	48 8b 45 f8          	mov    rax,QWORD PTR [rbp-0x8]
  405ba6:	48 89 c7             	mov    rdi,rax
  405ba9:	e8 e8 fb ff ff       	call   405796 <_ZNSt6vectorImSaImEE3endEv>
  405bae:	48 89 c1             	mov    rcx,rax
  405bb1:	48 8b 55 f0          	mov    rdx,QWORD PTR [rbp-0x10]
  405bb5:	48 8b 45 f8          	mov    rax,QWORD PTR [rbp-0x8]
  405bb9:	48 89 ce             	mov    rsi,rcx
  405bbc:	48 89 c7             	mov    rdi,rax
  405bbf:	e8 b2 11 00 00       	call   406d76 <_ZNSt6vectorImSaImEE17_M_realloc_insertIJRKmEEEvN9__gnu_cxx17__normal_iteratorIPmS1_EEDpOT_>
  405bc4:	90                   	nop
  405bc5:	c9                   	leave  
  405bc6:	c3                   	ret    
  405bc7:	90                   	nop

0000000000405bc8 <_ZNSt6vectorImSaImEE4dataEv>:
  405bc8:	55                   	push   rbp
  405bc9:	48 89 e5             	mov    rbp,rsp
  405bcc:	48 83 ec 10          	sub    rsp,0x10
  405bd0:	48 89 7d f8          	mov    QWORD PTR [rbp-0x8],rdi
  405bd4:	48 8b 45 f8          	mov    rax,QWORD PTR [rbp-0x8]
  405bd8:	48 8b 10             	mov    rdx,QWORD PTR [rax]
  405bdb:	48 8b 45 f8          	mov    rax,QWORD PTR [rbp-0x8]
  405bdf:	48 89 d6             	mov    rsi,rdx
  405be2:	48 89 c7             	mov    rdi,rax
  405be5:	e8 4c 14 00 00       	call   407036 <_ZNKSt6vectorImSaImEE11_M_data_ptrImEEPT_S4_>
  405bea:	c9                   	leave  
  405beb:	c3                   	ret    

0000000000405bec <_ZSt4sortIN9__gnu_cxx17__normal_iteratorIPmSt6vectorImSaImEEEEEvT_S7_>:
  405bec:	55                   	push   rbp
  405bed:	48 89 e5             	mov    rbp,rsp
  405bf0:	48 83 ec 10          	sub    rsp,0x10
  405bf4:	48 89 7d f8          	mov    QWORD PTR [rbp-0x8],rdi
  405bf8:	48 89 75 f0          	mov    QWORD PTR [rbp-0x10],rsi
  405bfc:	e8 7a f6 ff ff       	call   40527b <_ZN9__gnu_cxx5__ops16__iter_less_iterEv>
  405c01:	48 8b 55 f0          	mov    rdx,QWORD PTR [rbp-0x10]
  405c05:	48 8b 45 f8          	mov    rax,QWORD PTR [rbp-0x8]
  405c09:	48 89 d6             	mov    rsi,rdx
  405c0c:	48 89 c7             	mov    rdi,rax
  405c0f:	e8 34 14 00 00       	call   407048 <_ZSt6__sortIN9__gnu_cxx17__normal_iteratorIPmSt6vectorImSaImEEEENS0_5__ops15_Iter_less_iterEEvT_S9_T0_>
  405c14:	90                   	nop
  405c15:	c9                   	leave  
  405c16:	c3                   	ret    

0000000000405c17 <_ZN9__gnu_cxxneIPmSt6vectorImSaImEEEEbRKNS_17__normal_iteratorIT_T0_EESA_>:
  405c17:	55                   	push   rbp
  405c18:	48 89 e5             	mov    rbp,rsp
  405c1b:	53                   	push   rbx
  405c1c:	48 83 ec 18          	sub    rsp,0x18
  405c20:	48 89 7d e8          	mov    QWORD PTR [rbp-0x18],rdi
  405c24:	48 89 75 e0          	mov    QWORD PTR [rbp-0x20],rsi
  405c28:	48 8b 45 e8          	mov    rax,QWORD PTR [rbp-0x18]
  405c2c:	48 89 c7             	mov    rdi,rax
  405c2f:	e8 84 14 00 00       	call   4070b8 <_ZNK9__gnu_cxx17__normal_iteratorIPmSt6vectorImSaImEEE4baseEv>
  405c34:	48 8b 18             	mov    rbx,QWORD PTR [rax]
  405c37:	48 8b 45 e0          	mov    rax,QWORD PTR [rbp-0x20]
  405c3b:	48 89 c7             	mov    rdi,rax
  405c3e:	e8 75 14 00 00       	call   4070b8 <_ZNK9__gnu_cxx17__normal_iteratorIPmSt6vectorImSaImEEE4baseEv>
  405c43:	48 8b 00             	mov    rax,QWORD PTR [rax]
  405c46:	48 39 c3             	cmp    rbx,rax
  405c49:	0f 95 c0             	setne  al
  405c4c:	48 8b 5d f8          	mov    rbx,QWORD PTR [rbp-0x8]
  405c50:	c9                   	leave  
  405c51:	c3                   	ret    

0000000000405c52 <_ZN9__gnu_cxx17__normal_iteratorIPmSt6vectorImSaImEEEppEv>:
  405c52:	55                   	push   rbp
  405c53:	48 89 e5             	mov    rbp,rsp
  405c56:	48 89 7d f8          	mov    QWORD PTR [rbp-0x8],rdi
  405c5a:	48 8b 45 f8          	mov    rax,QWORD PTR [rbp-0x8]
  405c5e:	48 8b 00             	mov    rax,QWORD PTR [rax]
  405c61:	48 8d 50 08          	lea    rdx,[rax+0x8]
  405c65:	48 8b 45 f8          	mov    rax,QWORD PTR [rbp-0x8]
  405c69:	48 89 10             	mov    QWORD PTR [rax],rdx
  405c6c:	48 8b 45 f8          	mov    rax,QWORD PTR [rbp-0x8]
  405c70:	5d                   	pop    rbp
  405c71:	c3                   	ret    

0000000000405c72 <_ZNK9__gnu_cxx17__normal_iteratorIPmSt6vectorImSaImEEEdeEv>:
  405c72:	55                   	push   rbp
  405c73:	48 89 e5             	mov    rbp,rsp
  405c76:	48 89 7d f8          	mov    QWORD PTR [rbp-0x8],rdi
  405c7a:	48 8b 45 f8          	mov    rax,QWORD PTR [rbp-0x8]
  405c7e:	48 8b 00             	mov    rax,QWORD PTR [rax]
  405c81:	5d                   	pop    rbp
  405c82:	c3                   	ret    
  405c83:	90                   	nop

0000000000405c84 <_ZNKSt6vectorImSaImEE4sizeEv>:
  405c84:	55                   	push   rbp
  405c85:	48 89 e5             	mov    rbp,rsp
  405c88:	48 89 7d f8          	mov    QWORD PTR [rbp-0x8],rdi
  405c8c:	48 8b 45 f8          	mov    rax,QWORD PTR [rbp-0x8]
  405c90:	48 8b 50 08          	mov    rdx,QWORD PTR [rax+0x8]
  405c94:	48 8b 45 f8          	mov    rax,QWORD PTR [rbp-0x8]
  405c98:	48 8b 08             	mov    rcx,QWORD PTR [rax]
  405c9b:	48 89 d0             	mov    rax,rdx
  405c9e:	48 29 c8             	sub    rax,rcx
  405ca1:	48 c1 f8 03          	sar    rax,0x3
  405ca5:	5d                   	pop    rbp
  405ca6:	c3                   	ret    
  405ca7:	90                   	nop

0000000000405ca8 <_ZNKSt6vectorImSaImEE5emptyEv>:
  405ca8:	55                   	push   rbp
  405ca9:	48 89 e5             	mov    rbp,rsp
  405cac:	48 83 ec 20          	sub    rsp,0x20
  405cb0:	48 89 7d e8          	mov    QWORD PTR [rbp-0x18],rdi
  405cb4:	48 8b 45 e8          	mov    rax,QWORD PTR [rbp-0x18]
  405cb8:	48 89 c7             	mov    rdi,rax
  405cbb:	e8 2c 14 00 00       	call   4070ec <_ZNKSt6vectorImSaImEE3endEv>
  405cc0:	48 89 45 f0          	mov    QWORD PTR [rbp-0x10],rax
  405cc4:	48 8b 45 e8          	mov    rax,QWORD PTR [rbp-0x18]
  405cc8:	48 89 c7             	mov    rdi,rax
  405ccb:	e8 f6 13 00 00       	call   4070c6 <_ZNKSt6vectorImSaImEE5beginEv>
  405cd0:	48 89 45 f8          	mov    QWORD PTR [rbp-0x8],rax
  405cd4:	48 8d 55 f0          	lea    rdx,[rbp-0x10]
  405cd8:	48 8d 45 f8          	lea    rax,[rbp-0x8]
  405cdc:	48 89 d6             	mov    rsi,rdx
  405cdf:	48 89 c7             	mov    rdi,rax
  405ce2:	e8 2e 14 00 00       	call   407115 <_ZN9__gnu_cxxeqIPKmSt6vectorImSaImEEEEbRKNS_17__normal_iteratorIT_T0_EESB_>
  405ce7:	c9                   	leave  
  405ce8:	c3                   	ret    

0000000000405ce9 <_ZN9__gnu_cxx14__alloc_traitsISaImEmE27_S_propagate_on_copy_assignEv>:
  405ce9:	55                   	push   rbp
  405cea:	48 89 e5             	mov    rbp,rsp
  405ced:	b8 00 00 00 00       	mov    eax,0x0
  405cf2:	5d                   	pop    rbp
  405cf3:	c3                   	ret    

0000000000405cf4 <_ZNSt6vectorImSaImEEaSERKS1_>:
  405cf4:	55                   	push   rbp
  405cf5:	48 89 e5             	mov    rbp,rsp
  405cf8:	41 56                	push   r14
  405cfa:	41 55                	push   r13
  405cfc:	41 54                	push   r12
  405cfe:	53                   	push   rbx
  405cff:	48 83 ec 20          	sub    rsp,0x20
  405d03:	48 89 7d c8          	mov    QWORD PTR [rbp-0x38],rdi
  405d07:	48 89 75 c0          	mov    QWORD PTR [rbp-0x40],rsi
  405d0b:	48 8b 45 c0          	mov    rax,QWORD PTR [rbp-0x40]
  405d0f:	48 3b 45 c8          	cmp    rax,QWORD PTR [rbp-0x38]
  405d13:	0f 84 e0 02 00 00    	je     405ff9 <_ZNSt6vectorImSaImEEaSERKS1_+0x305>
  405d19:	e8 cb ff ff ff       	call   405ce9 <_ZN9__gnu_cxx14__alloc_traitsISaImEmE27_S_propagate_on_copy_assignEv>
  405d1e:	84 c0                	test   al,al
  405d20:	0f 84 d0 00 00 00    	je     405df6 <_ZNSt6vectorImSaImEEaSERKS1_+0x102>
  405d26:	e8 2c f6 ff ff       	call   405357 <_ZN9__gnu_cxx14__alloc_traitsISaImEmE15_S_always_equalEv>
  405d2b:	83 f0 01             	xor    eax,0x1
  405d2e:	84 c0                	test   al,al
  405d30:	74 31                	je     405d63 <_ZNSt6vectorImSaImEEaSERKS1_+0x6f>
  405d32:	48 8b 45 c0          	mov    rax,QWORD PTR [rbp-0x40]
  405d36:	48 89 c7             	mov    rdi,rax
  405d39:	e8 12 14 00 00       	call   407150 <_ZNKSt12_Vector_baseImSaImEE19_M_get_Tp_allocatorEv>
  405d3e:	48 89 c3             	mov    rbx,rax
  405d41:	48 8b 45 c8          	mov    rax,QWORD PTR [rbp-0x38]
  405d45:	48 89 c7             	mov    rdi,rax
  405d48:	e8 65 03 00 00       	call   4060b2 <_ZNSt12_Vector_baseImSaImEE19_M_get_Tp_allocatorEv>
  405d4d:	48 89 de             	mov    rsi,rbx
  405d50:	48 89 c7             	mov    rdi,rax
  405d53:	e8 06 14 00 00       	call   40715e <_ZStneRKSaImES1_>
  405d58:	84 c0                	test   al,al
  405d5a:	74 07                	je     405d63 <_ZNSt6vectorImSaImEEaSERKS1_+0x6f>
  405d5c:	b8 01 00 00 00       	mov    eax,0x1
  405d61:	eb 05                	jmp    405d68 <_ZNSt6vectorImSaImEEaSERKS1_+0x74>
  405d63:	b8 00 00 00 00       	mov    eax,0x0
  405d68:	84 c0                	test   al,al
  405d6a:	74 64                	je     405dd0 <_ZNSt6vectorImSaImEEaSERKS1_+0xdc>
  405d6c:	48 8b 45 c8          	mov    rax,QWORD PTR [rbp-0x38]
  405d70:	48 89 c7             	mov    rdi,rax
  405d73:	e8 ae fd ff ff       	call   405b26 <_ZNSt6vectorImSaImEE5clearEv>
  405d78:	48 8b 45 c8          	mov    rax,QWORD PTR [rbp-0x38]
  405d7c:	48 8b 55 c8          	mov    rdx,QWORD PTR [rbp-0x38]
  405d80:	48 8b 4a 10          	mov    rcx,QWORD PTR [rdx+0x10]
  405d84:	48 8b 55 c8          	mov    rdx,QWORD PTR [rbp-0x38]
  405d88:	48 8b 32             	mov    rsi,QWORD PTR [rdx]
  405d8b:	48 29 f1             	sub    rcx,rsi
  405d8e:	48 89 ca             	mov    rdx,rcx
  405d91:	48 c1 fa 03          	sar    rdx,0x3
  405d95:	48 89 d6             	mov    rsi,rdx
  405d98:	48 8b 55 c8          	mov    rdx,QWORD PTR [rbp-0x38]
  405d9c:	48 8b 0a             	mov    rcx,QWORD PTR [rdx]
  405d9f:	48 89 f2             	mov    rdx,rsi
  405da2:	48 89 ce             	mov    rsi,rcx
  405da5:	48 89 c7             	mov    rdi,rax
  405da8:	e8 cf 02 00 00       	call   40607c <_ZNSt12_Vector_baseImSaImEE13_M_deallocateEPmm>
  405dad:	48 8b 45 c8          	mov    rax,QWORD PTR [rbp-0x38]
  405db1:	48 c7 00 00 00 00 00 	mov    QWORD PTR [rax],0x0
  405db8:	48 8b 45 c8          	mov    rax,QWORD PTR [rbp-0x38]
  405dbc:	48 c7 40 08 00 00 00 	mov    QWORD PTR [rax+0x8],0x0
  405dc3:	00 
  405dc4:	48 8b 45 c8          	mov    rax,QWORD PTR [rbp-0x38]
  405dc8:	48 c7 40 10 00 00 00 	mov    QWORD PTR [rax+0x10],0x0
  405dcf:	00 
  405dd0:	48 8b 45 c0          	mov    rax,QWORD PTR [rbp-0x40]
  405dd4:	48 89 c7             	mov    rdi,rax
  405dd7:	e8 74 13 00 00       	call   407150 <_ZNKSt12_Vector_baseImSaImEE19_M_get_Tp_allocatorEv>
  405ddc:	48 89 c3             	mov    rbx,rax
  405ddf:	48 8b 45 c8          	mov    rax,QWORD PTR [rbp-0x38]
  405de3:	48 89 c7             	mov    rdi,rax
  405de6:	e8 c7 02 00 00       	call   4060b2 <_ZNSt12_Vector_baseImSaImEE19_M_get_Tp_allocatorEv>
  405deb:	48 89 de             	mov    rsi,rbx
  405dee:	48 89 c7             	mov    rdi,rax
  405df1:	e8 7b 13 00 00       	call   407171 <_ZSt15__alloc_on_copyISaImEEvRT_RKS1_>
  405df6:	48 8b 45 c0          	mov    rax,QWORD PTR [rbp-0x40]
  405dfa:	48 89 c7             	mov    rdi,rax
  405dfd:	e8 82 fe ff ff       	call   405c84 <_ZNKSt6vectorImSaImEE4sizeEv>
  405e02:	48 89 45 d8          	mov    QWORD PTR [rbp-0x28],rax
  405e06:	48 8b 45 c8          	mov    rax,QWORD PTR [rbp-0x38]
  405e0a:	48 89 c7             	mov    rdi,rax
  405e0d:	e8 86 13 00 00       	call   407198 <_ZNKSt6vectorImSaImEE8capacityEv>
  405e12:	48 39 45 d8          	cmp    QWORD PTR [rbp-0x28],rax
  405e16:	0f 97 c0             	seta   al
  405e19:	84 c0                	test   al,al
  405e1b:	0f 84 bd 00 00 00    	je     405ede <_ZNSt6vectorImSaImEEaSERKS1_+0x1ea>
  405e21:	48 8b 45 c0          	mov    rax,QWORD PTR [rbp-0x40]
  405e25:	48 89 c7             	mov    rdi,rax
  405e28:	e8 bf 12 00 00       	call   4070ec <_ZNKSt6vectorImSaImEE3endEv>
  405e2d:	48 89 c3             	mov    rbx,rax
  405e30:	48 8b 45 c0          	mov    rax,QWORD PTR [rbp-0x40]
  405e34:	48 89 c7             	mov    rdi,rax
  405e37:	e8 8a 12 00 00       	call   4070c6 <_ZNKSt6vectorImSaImEE5beginEv>
  405e3c:	48 89 c2             	mov    rdx,rax
  405e3f:	48 8b 75 d8          	mov    rsi,QWORD PTR [rbp-0x28]
  405e43:	48 8b 45 c8          	mov    rax,QWORD PTR [rbp-0x38]
  405e47:	48 89 d9             	mov    rcx,rbx
  405e4a:	48 89 c7             	mov    rdi,rax
  405e4d:	e8 6a 13 00 00       	call   4071bc <_ZNSt6vectorImSaImEE20_M_allocate_and_copyIN9__gnu_cxx17__normal_iteratorIPKmS1_EEEEPmmT_S9_>
  405e52:	48 89 45 d0          	mov    QWORD PTR [rbp-0x30],rax
  405e56:	48 8b 45 c8          	mov    rax,QWORD PTR [rbp-0x38]
  405e5a:	48 89 c7             	mov    rdi,rax
  405e5d:	e8 50 02 00 00       	call   4060b2 <_ZNSt12_Vector_baseImSaImEE19_M_get_Tp_allocatorEv>
  405e62:	48 89 c2             	mov    rdx,rax
  405e65:	48 8b 45 c8          	mov    rax,QWORD PTR [rbp-0x38]
  405e69:	48 8b 48 08          	mov    rcx,QWORD PTR [rax+0x8]
  405e6d:	48 8b 45 c8          	mov    rax,QWORD PTR [rbp-0x38]
  405e71:	48 8b 00             	mov    rax,QWORD PTR [rax]
  405e74:	48 89 ce             	mov    rsi,rcx
  405e77:	48 89 c7             	mov    rdi,rax
  405e7a:	e8 41 02 00 00       	call   4060c0 <_ZSt8_DestroyIPmmEvT_S1_RSaIT0_E>
  405e7f:	48 8b 45 c8          	mov    rax,QWORD PTR [rbp-0x38]
  405e83:	48 8b 55 c8          	mov    rdx,QWORD PTR [rbp-0x38]
  405e87:	48 8b 4a 10          	mov    rcx,QWORD PTR [rdx+0x10]
  405e8b:	48 8b 55 c8          	mov    rdx,QWORD PTR [rbp-0x38]
  405e8f:	48 8b 32             	mov    rsi,QWORD PTR [rdx]
  405e92:	48 29 f1             	sub    rcx,rsi
  405e95:	48 89 ca             	mov    rdx,rcx
  405e98:	48 c1 fa 03          	sar    rdx,0x3
  405e9c:	48 89 d6             	mov    rsi,rdx
  405e9f:	48 8b 55 c8          	mov    rdx,QWORD PTR [rbp-0x38]
  405ea3:	48 8b 0a             	mov    rcx,QWORD PTR [rdx]
  405ea6:	48 89 f2             	mov    rdx,rsi
  405ea9:	48 89 ce             	mov    rsi,rcx
  405eac:	48 89 c7             	mov    rdi,rax
  405eaf:	e8 c8 01 00 00       	call   40607c <_ZNSt12_Vector_baseImSaImEE13_M_deallocateEPmm>
  405eb4:	48 8b 45 c8          	mov    rax,QWORD PTR [rbp-0x38]
  405eb8:	48 8b 55 d0          	mov    rdx,QWORD PTR [rbp-0x30]
  405ebc:	48 89 10             	mov    QWORD PTR [rax],rdx
  405ebf:	48 8b 45 c8          	mov    rax,QWORD PTR [rbp-0x38]
  405ec3:	48 8b 10             	mov    rdx,QWORD PTR [rax]
  405ec6:	48 8b 45 d8          	mov    rax,QWORD PTR [rbp-0x28]
  405eca:	48 c1 e0 03          	shl    rax,0x3
  405ece:	48 01 c2             	add    rdx,rax
  405ed1:	48 8b 45 c8          	mov    rax,QWORD PTR [rbp-0x38]
  405ed5:	48 89 50 10          	mov    QWORD PTR [rax+0x10],rdx
  405ed9:	e9 01 01 00 00       	jmp    405fdf <_ZNSt6vectorImSaImEEaSERKS1_+0x2eb>
  405ede:	48 8b 45 c8          	mov    rax,QWORD PTR [rbp-0x38]
  405ee2:	48 89 c7             	mov    rdi,rax
  405ee5:	e8 9a fd ff ff       	call   405c84 <_ZNKSt6vectorImSaImEE4sizeEv>
  405eea:	48 39 45 d8          	cmp    QWORD PTR [rbp-0x28],rax
  405eee:	0f 96 c0             	setbe  al
  405ef1:	84 c0                	test   al,al
  405ef3:	74 69                	je     405f5e <_ZNSt6vectorImSaImEEaSERKS1_+0x26a>
  405ef5:	48 8b 45 c8          	mov    rax,QWORD PTR [rbp-0x38]
  405ef9:	48 89 c7             	mov    rdi,rax
  405efc:	e8 b1 01 00 00       	call   4060b2 <_ZNSt12_Vector_baseImSaImEE19_M_get_Tp_allocatorEv>
  405f01:	49 89 c4             	mov    r12,rax
  405f04:	48 8b 45 c8          	mov    rax,QWORD PTR [rbp-0x38]
  405f08:	48 89 c7             	mov    rdi,rax
  405f0b:	e8 86 f8 ff ff       	call   405796 <_ZNSt6vectorImSaImEE3endEv>
  405f10:	48 89 c3             	mov    rbx,rax
  405f13:	48 8b 45 c8          	mov    rax,QWORD PTR [rbp-0x38]
  405f17:	48 89 c7             	mov    rdi,rax
  405f1a:	e8 51 f8 ff ff       	call   405770 <_ZNSt6vectorImSaImEE5beginEv>
  405f1f:	49 89 c6             	mov    r14,rax
  405f22:	48 8b 45 c0          	mov    rax,QWORD PTR [rbp-0x40]
  405f26:	48 89 c7             	mov    rdi,rax
  405f29:	e8 be 11 00 00       	call   4070ec <_ZNKSt6vectorImSaImEE3endEv>
  405f2e:	49 89 c5             	mov    r13,rax
  405f31:	48 8b 45 c0          	mov    rax,QWORD PTR [rbp-0x40]
  405f35:	48 89 c7             	mov    rdi,rax
  405f38:	e8 89 11 00 00       	call   4070c6 <_ZNKSt6vectorImSaImEE5beginEv>
  405f3d:	4c 89 f2             	mov    rdx,r14
  405f40:	4c 89 ee             	mov    rsi,r13
  405f43:	48 89 c7             	mov    rdi,rax
  405f46:	e8 07 13 00 00       	call   407252 <_ZSt4copyIN9__gnu_cxx17__normal_iteratorIPKmSt6vectorImSaImEEEENS1_IPmS6_EEET0_T_SB_SA_>
  405f4b:	4c 89 e2             	mov    rdx,r12
  405f4e:	48 89 de             	mov    rsi,rbx
  405f51:	48 89 c7             	mov    rdi,rax
  405f54:	e8 44 13 00 00       	call   40729d <_ZSt8_DestroyIN9__gnu_cxx17__normal_iteratorIPmSt6vectorImSaImEEEEmEvT_S7_RSaIT0_E>
  405f59:	e9 81 00 00 00       	jmp    405fdf <_ZNSt6vectorImSaImEEaSERKS1_+0x2eb>
  405f5e:	48 8b 45 c8          	mov    rax,QWORD PTR [rbp-0x38]
  405f62:	48 8b 18             	mov    rbx,QWORD PTR [rax]
  405f65:	48 8b 45 c0          	mov    rax,QWORD PTR [rbp-0x40]
  405f69:	4c 8b 20             	mov    r12,QWORD PTR [rax]
  405f6c:	48 8b 45 c8          	mov    rax,QWORD PTR [rbp-0x38]
  405f70:	48 89 c7             	mov    rdi,rax
  405f73:	e8 0c fd ff ff       	call   405c84 <_ZNKSt6vectorImSaImEE4sizeEv>
  405f78:	48 c1 e0 03          	shl    rax,0x3
  405f7c:	49 8d 0c 04          	lea    rcx,[r12+rax*1]
  405f80:	48 8b 45 c0          	mov    rax,QWORD PTR [rbp-0x40]
  405f84:	48 8b 00             	mov    rax,QWORD PTR [rax]
  405f87:	48 89 da             	mov    rdx,rbx
  405f8a:	48 89 ce             	mov    rsi,rcx
  405f8d:	48 89 c7             	mov    rdi,rax
  405f90:	e8 32 13 00 00       	call   4072c7 <_ZSt4copyIPmS0_ET0_T_S2_S1_>
  405f95:	48 8b 45 c8          	mov    rax,QWORD PTR [rbp-0x38]
  405f99:	48 89 c7             	mov    rdi,rax
  405f9c:	e8 11 01 00 00       	call   4060b2 <_ZNSt12_Vector_baseImSaImEE19_M_get_Tp_allocatorEv>
  405fa1:	49 89 c5             	mov    r13,rax
  405fa4:	48 8b 45 c8          	mov    rax,QWORD PTR [rbp-0x38]
  405fa8:	4c 8b 60 08          	mov    r12,QWORD PTR [rax+0x8]
  405fac:	48 8b 45 c0          	mov    rax,QWORD PTR [rbp-0x40]
  405fb0:	48 8b 58 08          	mov    rbx,QWORD PTR [rax+0x8]
  405fb4:	48 8b 45 c0          	mov    rax,QWORD PTR [rbp-0x40]
  405fb8:	4c 8b 30             	mov    r14,QWORD PTR [rax]
  405fbb:	48 8b 45 c8          	mov    rax,QWORD PTR [rbp-0x38]
  405fbf:	48 89 c7             	mov    rdi,rax
  405fc2:	e8 bd fc ff ff       	call   405c84 <_ZNKSt6vectorImSaImEE4sizeEv>
  405fc7:	48 c1 e0 03          	shl    rax,0x3
  405fcb:	4c 01 f0             	add    rax,r14
  405fce:	4c 89 e9             	mov    rcx,r13
  405fd1:	4c 89 e2             	mov    rdx,r12
  405fd4:	48 89 de             	mov    rsi,rbx
  405fd7:	48 89 c7             	mov    rdi,rax
  405fda:	e8 33 13 00 00       	call   407312 <_ZSt22__uninitialized_copy_aIPmS0_mET0_T_S2_S1_RSaIT1_E>
  405fdf:	48 8b 45 c8          	mov    rax,QWORD PTR [rbp-0x38]
  405fe3:	48 8b 10             	mov    rdx,QWORD PTR [rax]
  405fe6:	48 8b 45 d8          	mov    rax,QWORD PTR [rbp-0x28]
  405fea:	48 c1 e0 03          	shl    rax,0x3
  405fee:	48 01 c2             	add    rdx,rax
  405ff1:	48 8b 45 c8          	mov    rax,QWORD PTR [rbp-0x38]
  405ff5:	48 89 50 08          	mov    QWORD PTR [rax+0x8],rdx
  405ff9:	48 8b 45 c8          	mov    rax,QWORD PTR [rbp-0x38]
  405ffd:	48 83 c4 20          	add    rsp,0x20
  406001:	5b                   	pop    rbx
  406002:	41 5c                	pop    r12
  406004:	41 5d                	pop    r13
  406006:	41 5e                	pop    r14
  406008:	5d                   	pop    rbp
  406009:	c3                   	ret    

000000000040600a <_ZSt4findIN9__gnu_cxx17__normal_iteratorIPmSt6vectorImSaImEEEEmET_S7_S7_RKT0_>:
  40600a:	55                   	push   rbp
  40600b:	48 89 e5             	mov    rbp,rsp
  40600e:	48 83 ec 20          	sub    rsp,0x20
  406012:	48 89 7d f8          	mov    QWORD PTR [rbp-0x8],rdi
  406016:	48 89 75 f0          	mov    QWORD PTR [rbp-0x10],rsi
  40601a:	48 89 55 e8          	mov    QWORD PTR [rbp-0x18],rdx
  40601e:	48 8b 45 e8          	mov    rax,QWORD PTR [rbp-0x18]
  406022:	48 89 c7             	mov    rdi,rax
  406025:	e8 19 13 00 00       	call   407343 <_ZN9__gnu_cxx5__ops17__iter_equals_valIKmEENS0_16_Iter_equals_valIT_EERS4_>
  40602a:	48 89 c2             	mov    rdx,rax
  40602d:	48 8b 4d f0          	mov    rcx,QWORD PTR [rbp-0x10]
  406031:	48 8b 45 f8          	mov    rax,QWORD PTR [rbp-0x8]
  406035:	48 89 ce             	mov    rsi,rcx
  406038:	48 89 c7             	mov    rdi,rax
  40603b:	e8 28 13 00 00       	call   407368 <_ZSt9__find_ifIN9__gnu_cxx17__normal_iteratorIPmSt6vectorImSaImEEEENS0_5__ops16_Iter_equals_valIKmEEET_SB_SB_T0_>
  406040:	c9                   	leave  
  406041:	c3                   	ret    

0000000000406042 <_ZNSt12_Vector_baseImSaImEE17_Vector_impl_dataC1Ev>:
  406042:	55                   	push   rbp
  406043:	48 89 e5             	mov    rbp,rsp
  406046:	48 89 7d f8          	mov    QWORD PTR [rbp-0x8],rdi
  40604a:	48 8b 45 f8          	mov    rax,QWORD PTR [rbp-0x8]
  40604e:	48 c7 00 00 00 00 00 	mov    QWORD PTR [rax],0x0
  406055:	48 8b 45 f8          	mov    rax,QWORD PTR [rbp-0x8]
  406059:	48 c7 40 08 00 00 00 	mov    QWORD PTR [rax+0x8],0x0
  406060:	00 
  406061:	48 8b 45 f8          	mov    rax,QWORD PTR [rbp-0x8]
  406065:	48 c7 40 10 00 00 00 	mov    QWORD PTR [rax+0x10],0x0
  40606c:	00 
  40606d:	90                   	nop
  40606e:	5d                   	pop    rbp
  40606f:	c3                   	ret    

0000000000406070 <_ZN9__gnu_cxx13new_allocatorImED1Ev>:
  406070:	55                   	push   rbp
  406071:	48 89 e5             	mov    rbp,rsp
  406074:	48 89 7d f8          	mov    QWORD PTR [rbp-0x8],rdi
  406078:	90                   	nop
  406079:	5d                   	pop    rbp
  40607a:	c3                   	ret    
  40607b:	90                   	nop

000000000040607c <_ZNSt12_Vector_baseImSaImEE13_M_deallocateEPmm>:
  40607c:	55                   	push   rbp
  40607d:	48 89 e5             	mov    rbp,rsp
  406080:	48 83 ec 20          	sub    rsp,0x20
  406084:	48 89 7d f8          	mov    QWORD PTR [rbp-0x8],rdi
  406088:	48 89 75 f0          	mov    QWORD PTR [rbp-0x10],rsi
  40608c:	48 89 55 e8          	mov    QWORD PTR [rbp-0x18],rdx
  406090:	48 83 7d f0 00       	cmp    QWORD PTR [rbp-0x10],0x0
  406095:	74 17                	je     4060ae <_ZNSt12_Vector_baseImSaImEE13_M_deallocateEPmm+0x32>
  406097:	48 8b 45 f8          	mov    rax,QWORD PTR [rbp-0x8]
  40609b:	48 8b 55 e8          	mov    rdx,QWORD PTR [rbp-0x18]
  40609f:	48 8b 4d f0          	mov    rcx,QWORD PTR [rbp-0x10]
  4060a3:	48 89 ce             	mov    rsi,rcx
  4060a6:	48 89 c7             	mov    rdi,rax
  4060a9:	e8 f3 12 00 00       	call   4073a1 <_ZNSt16allocator_traitsISaImEE10deallocateERS0_Pmm>
  4060ae:	90                   	nop
  4060af:	c9                   	leave  
  4060b0:	c3                   	ret    
  4060b1:	90                   	nop

00000000004060b2 <_ZNSt12_Vector_baseImSaImEE19_M_get_Tp_allocatorEv>:
  4060b2:	55                   	push   rbp
  4060b3:	48 89 e5             	mov    rbp,rsp
  4060b6:	48 89 7d f8          	mov    QWORD PTR [rbp-0x8],rdi
  4060ba:	48 8b 45 f8          	mov    rax,QWORD PTR [rbp-0x8]
  4060be:	5d                   	pop    rbp
  4060bf:	c3                   	ret    

00000000004060c0 <_ZSt8_DestroyIPmmEvT_S1_RSaIT0_E>:
  4060c0:	55                   	push   rbp
  4060c1:	48 89 e5             	mov    rbp,rsp
  4060c4:	48 83 ec 20          	sub    rsp,0x20
  4060c8:	48 89 7d f8          	mov    QWORD PTR [rbp-0x8],rdi
  4060cc:	48 89 75 f0          	mov    QWORD PTR [rbp-0x10],rsi
  4060d0:	48 89 55 e8          	mov    QWORD PTR [rbp-0x18],rdx
  4060d4:	48 8b 55 f0          	mov    rdx,QWORD PTR [rbp-0x10]
  4060d8:	48 8b 45 f8          	mov    rax,QWORD PTR [rbp-0x8]
  4060dc:	48 89 d6             	mov    rsi,rdx
  4060df:	48 89 c7             	mov    rdi,rax
  4060e2:	e8 e8 12 00 00       	call   4073cf <_ZSt8_DestroyIPmEvT_S1_>
  4060e7:	90                   	nop
  4060e8:	c9                   	leave  
  4060e9:	c3                   	ret    

00000000004060ea <_ZSt4moveIRmEONSt16remove_referenceIT_E4typeEOS2_>:
  4060ea:	55                   	push   rbp
  4060eb:	48 89 e5             	mov    rbp,rsp
  4060ee:	48 89 7d f8          	mov    QWORD PTR [rbp-0x8],rdi
  4060f2:	48 8b 45 f8          	mov    rax,QWORD PTR [rbp-0x8]
  4060f6:	5d                   	pop    rbp
  4060f7:	c3                   	ret    

00000000004060f8 <_ZNSt6vectorImSaImEE12emplace_backIJmEEEvDpOT_>:
  4060f8:	55                   	push   rbp
  4060f9:	48 89 e5             	mov    rbp,rsp
  4060fc:	53                   	push   rbx
  4060fd:	48 83 ec 18          	sub    rsp,0x18
  406101:	48 89 7d e8          	mov    QWORD PTR [rbp-0x18],rdi
  406105:	48 89 75 e0          	mov    QWORD PTR [rbp-0x20],rsi
  406109:	48 8b 45 e8          	mov    rax,QWORD PTR [rbp-0x18]
  40610d:	48 8b 50 08          	mov    rdx,QWORD PTR [rax+0x8]
  406111:	48 8b 45 e8          	mov    rax,QWORD PTR [rbp-0x18]
  406115:	48 8b 40 10          	mov    rax,QWORD PTR [rax+0x10]
  406119:	48 39 c2             	cmp    rdx,rax
  40611c:	74 3c                	je     40615a <_ZNSt6vectorImSaImEE12emplace_backIJmEEEvDpOT_+0x62>
  40611e:	48 8b 45 e0          	mov    rax,QWORD PTR [rbp-0x20]
  406122:	48 89 c7             	mov    rdi,rax
  406125:	e8 cb 12 00 00       	call   4073f5 <_ZSt7forwardImEOT_RNSt16remove_referenceIS0_E4typeE>
  40612a:	48 89 c2             	mov    rdx,rax
  40612d:	48 8b 45 e8          	mov    rax,QWORD PTR [rbp-0x18]
  406131:	48 8b 48 08          	mov    rcx,QWORD PTR [rax+0x8]
  406135:	48 8b 45 e8          	mov    rax,QWORD PTR [rbp-0x18]
  406139:	48 89 ce             	mov    rsi,rcx
  40613c:	48 89 c7             	mov    rdi,rax
  40613f:	e8 bf 12 00 00       	call   407403 <_ZNSt16allocator_traitsISaImEE9constructImJmEEEvRS0_PT_DpOT0_>
  406144:	48 8b 45 e8          	mov    rax,QWORD PTR [rbp-0x18]
  406148:	48 8b 40 08          	mov    rax,QWORD PTR [rax+0x8]
  40614c:	48 8d 50 08          	lea    rdx,[rax+0x8]
  406150:	48 8b 45 e8          	mov    rax,QWORD PTR [rbp-0x18]
  406154:	48 89 50 08          	mov    QWORD PTR [rax+0x8],rdx
  406158:	eb 30                	jmp    40618a <_ZNSt6vectorImSaImEE12emplace_backIJmEEEvDpOT_+0x92>
  40615a:	48 8b 45 e0          	mov    rax,QWORD PTR [rbp-0x20]
  40615e:	48 89 c7             	mov    rdi,rax
  406161:	e8 8f 12 00 00       	call   4073f5 <_ZSt7forwardImEOT_RNSt16remove_referenceIS0_E4typeE>
  406166:	48 89 c3             	mov    rbx,rax
  406169:	48 8b 45 e8          	mov    rax,QWORD PTR [rbp-0x18]
  40616d:	48 89 c7             	mov    rdi,rax
  406170:	e8 21 f6 ff ff       	call   405796 <_ZNSt6vectorImSaImEE3endEv>
  406175:	48 89 c1             	mov    rcx,rax
  406178:	48 8b 45 e8          	mov    rax,QWORD PTR [rbp-0x18]
  40617c:	48 89 da             	mov    rdx,rbx
  40617f:	48 89 ce             	mov    rsi,rcx
  406182:	48 89 c7             	mov    rdi,rax
  406185:	e8 b2 12 00 00       	call   40743c <_ZNSt6vectorImSaImEE17_M_realloc_insertIJmEEEvN9__gnu_cxx17__normal_iteratorIPmS1_EEDpOT_>
  40618a:	90                   	nop
  40618b:	48 8b 5d f8          	mov    rbx,QWORD PTR [rbp-0x8]
  40618f:	c9                   	leave  
  406190:	c3                   	ret    
  406191:	90                   	nop

0000000000406192 <_ZNSaImEC1ERKS_>:
  406192:	55                   	push   rbp
  406193:	48 89 e5             	mov    rbp,rsp
  406196:	48 83 ec 10          	sub    rsp,0x10
  40619a:	48 89 7d f8          	mov    QWORD PTR [rbp-0x8],rdi
  40619e:	48 89 75 f0          	mov    QWORD PTR [rbp-0x10],rsi
  4061a2:	48 8b 55 f0          	mov    rdx,QWORD PTR [rbp-0x10]
  4061a6:	48 8b 45 f8          	mov    rax,QWORD PTR [rbp-0x8]
  4061aa:	48 89 d6             	mov    rsi,rdx
  4061ad:	48 89 c7             	mov    rdi,rax
  4061b0:	e8 47 15 00 00       	call   4076fc <_ZN9__gnu_cxx13new_allocatorImEC1ERKS1_>
  4061b5:	90                   	nop
  4061b6:	c9                   	leave  
  4061b7:	c3                   	ret    

00000000004061b8 <_ZSt4moveIRSt6vectorImSaImEEEONSt16remove_referenceIT_E4typeEOS5_>:
  4061b8:	55                   	push   rbp
  4061b9:	48 89 e5             	mov    rbp,rsp
  4061bc:	48 89 7d f8          	mov    QWORD PTR [rbp-0x8],rdi
  4061c0:	48 8b 45 f8          	mov    rax,QWORD PTR [rbp-0x8]
  4061c4:	5d                   	pop    rbp
  4061c5:	c3                   	ret    

00000000004061c6 <_ZNSt6vectorImSaImEE14_M_move_assignEOS1_St17integral_constantIbLb1EE>:
  4061c6:	55                   	push   rbp
  4061c7:	48 89 e5             	mov    rbp,rsp
  4061ca:	53                   	push   rbx
  4061cb:	48 83 ec 38          	sub    rsp,0x38
  4061cf:	48 89 7d c8          	mov    QWORD PTR [rbp-0x38],rdi
  4061d3:	48 89 75 c0          	mov    QWORD PTR [rbp-0x40],rsi
  4061d7:	48 8b 55 c8          	mov    rdx,QWORD PTR [rbp-0x38]
  4061db:	48 8d 45 ef          	lea    rax,[rbp-0x11]
  4061df:	48 89 d6             	mov    rsi,rdx
  4061e2:	48 89 c7             	mov    rdi,rax
  4061e5:	e8 22 15 00 00       	call   40770c <_ZNKSt12_Vector_baseImSaImEE13get_allocatorEv>
  4061ea:	48 8d 55 ef          	lea    rdx,[rbp-0x11]
  4061ee:	48 8d 45 d0          	lea    rax,[rbp-0x30]
  4061f2:	48 89 d6             	mov    rsi,rdx
  4061f5:	48 89 c7             	mov    rdi,rax
  4061f8:	e8 43 15 00 00       	call   407740 <_ZNSt6vectorImSaImEEC1ERKS0_>
  4061fd:	48 8d 45 ef          	lea    rax,[rbp-0x11]
  406201:	48 89 c7             	mov    rdi,rax
  406204:	e8 4d f3 ff ff       	call   405556 <_ZNSaImED1Ev>
  406209:	48 8b 45 c8          	mov    rax,QWORD PTR [rbp-0x38]
  40620d:	48 8b 55 c0          	mov    rdx,QWORD PTR [rbp-0x40]
  406211:	48 89 d6             	mov    rsi,rdx
  406214:	48 89 c7             	mov    rdi,rax
  406217:	e8 4a 15 00 00       	call   407766 <_ZNSt12_Vector_baseImSaImEE17_Vector_impl_data12_M_swap_dataERS2_>
  40621c:	48 8b 55 c0          	mov    rdx,QWORD PTR [rbp-0x40]
  406220:	48 8d 45 d0          	lea    rax,[rbp-0x30]
  406224:	48 89 d6             	mov    rsi,rdx
  406227:	48 89 c7             	mov    rdi,rax
  40622a:	e8 37 15 00 00       	call   407766 <_ZNSt12_Vector_baseImSaImEE17_Vector_impl_data12_M_swap_dataERS2_>
  40622f:	48 8b 45 c0          	mov    rax,QWORD PTR [rbp-0x40]
  406233:	48 89 c7             	mov    rdi,rax
  406236:	e8 77 fe ff ff       	call   4060b2 <_ZNSt12_Vector_baseImSaImEE19_M_get_Tp_allocatorEv>
  40623b:	48 89 c3             	mov    rbx,rax
  40623e:	48 8b 45 c8          	mov    rax,QWORD PTR [rbp-0x38]
  406242:	48 89 c7             	mov    rdi,rax
  406245:	e8 68 fe ff ff       	call   4060b2 <_ZNSt12_Vector_baseImSaImEE19_M_get_Tp_allocatorEv>
  40624a:	48 89 de             	mov    rsi,rbx
  40624d:	48 89 c7             	mov    rdi,rax
  406250:	e8 69 15 00 00       	call   4077be <_ZSt15__alloc_on_moveISaImEEvRT_S2_>
  406255:	48 8d 45 d0          	lea    rax,[rbp-0x30]
  406259:	48 89 c7             	mov    rdi,rax
  40625c:	e8 5f f3 ff ff       	call   4055c0 <_ZNSt6vectorImSaImEED1Ev>
  406261:	48 8b 5d f8          	mov    rbx,QWORD PTR [rbp-0x8]
  406265:	c9                   	leave  
  406266:	c3                   	ret    
  406267:	90                   	nop

0000000000406268 <_ZN9__gnu_cxx13new_allocatorImEC1Ev>:
  406268:	55                   	push   rbp
  406269:	48 89 e5             	mov    rbp,rsp
  40626c:	48 89 7d f8          	mov    QWORD PTR [rbp-0x8],rdi
  406270:	90                   	nop
  406271:	5d                   	pop    rbp
  406272:	c3                   	ret    

0000000000406273 <_ZNSt6vectorImSaImEE17_S_check_init_lenEmRKS0_>:
  406273:	55                   	push   rbp
  406274:	48 89 e5             	mov    rbp,rsp
  406277:	53                   	push   rbx
  406278:	48 83 ec 28          	sub    rsp,0x28
  40627c:	48 89 7d d8          	mov    QWORD PTR [rbp-0x28],rdi
  406280:	48 89 75 d0          	mov    QWORD PTR [rbp-0x30],rsi
  406284:	48 8b 55 d0          	mov    rdx,QWORD PTR [rbp-0x30]
  406288:	48 8d 45 ef          	lea    rax,[rbp-0x11]
  40628c:	48 89 d6             	mov    rsi,rdx
  40628f:	48 89 c7             	mov    rdi,rax
  406292:	e8 fb fe ff ff       	call   406192 <_ZNSaImEC1ERKS_>
  406297:	48 8d 45 ef          	lea    rax,[rbp-0x11]
  40629b:	48 89 c7             	mov    rdi,rax
  40629e:	e8 41 15 00 00       	call   4077e4 <_ZNSt6vectorImSaImEE11_S_max_sizeERKS0_>
  4062a3:	48 39 45 d8          	cmp    QWORD PTR [rbp-0x28],rax
  4062a7:	0f 97 c3             	seta   bl
  4062aa:	48 8d 45 ef          	lea    rax,[rbp-0x11]
  4062ae:	48 89 c7             	mov    rdi,rax
  4062b1:	e8 a0 f2 ff ff       	call   405556 <_ZNSaImED1Ev>
  4062b6:	84 db                	test   bl,bl
  4062b8:	74 0a                	je     4062c4 <_ZNSt6vectorImSaImEE17_S_check_init_lenEmRKS0_+0x51>
  4062ba:	bf 88 a5 40 00       	mov    edi,0x40a588
  4062bf:	e8 2c be ff ff       	call   4020f0 <_ZSt20__throw_length_errorPKc@plt>
  4062c4:	48 8b 45 d8          	mov    rax,QWORD PTR [rbp-0x28]
  4062c8:	48 8b 5d f8          	mov    rbx,QWORD PTR [rbp-0x8]
  4062cc:	c9                   	leave  
  4062cd:	c3                   	ret    

00000000004062ce <_ZNSt12_Vector_baseImSaImEEC1EmRKS0_>:
  4062ce:	55                   	push   rbp
  4062cf:	48 89 e5             	mov    rbp,rsp
  4062d2:	53                   	push   rbx
  4062d3:	48 83 ec 28          	sub    rsp,0x28
  4062d7:	48 89 7d e8          	mov    QWORD PTR [rbp-0x18],rdi
  4062db:	48 89 75 e0          	mov    QWORD PTR [rbp-0x20],rsi
  4062df:	48 89 55 d8          	mov    QWORD PTR [rbp-0x28],rdx
  4062e3:	48 8b 45 e8          	mov    rax,QWORD PTR [rbp-0x18]
  4062e7:	48 8b 55 d8          	mov    rdx,QWORD PTR [rbp-0x28]
  4062eb:	48 89 d6             	mov    rsi,rdx
  4062ee:	48 89 c7             	mov    rdi,rax
  4062f1:	e8 30 15 00 00       	call   407826 <_ZNSt12_Vector_baseImSaImEE12_Vector_implC1ERKS0_>
  4062f6:	48 8b 55 e0          	mov    rdx,QWORD PTR [rbp-0x20]
  4062fa:	48 8b 45 e8          	mov    rax,QWORD PTR [rbp-0x18]
  4062fe:	48 89 d6             	mov    rsi,rdx
  406301:	48 89 c7             	mov    rdi,rax
  406304:	e8 4f 15 00 00       	call   407858 <_ZNSt12_Vector_baseImSaImEE17_M_create_storageEm>
  406309:	eb 1a                	jmp    406325 <_ZNSt12_Vector_baseImSaImEEC1EmRKS0_+0x57>
  40630b:	48 89 c3             	mov    rbx,rax
  40630e:	48 8b 45 e8          	mov    rax,QWORD PTR [rbp-0x18]
  406312:	48 89 c7             	mov    rdi,rax
  406315:	e8 ea ef ff ff       	call   405304 <_ZNSt12_Vector_baseImSaImEE12_Vector_implD1Ev>
  40631a:	48 89 d8             	mov    rax,rbx
  40631d:	48 89 c7             	mov    rdi,rax
  406320:	e8 6b c0 ff ff       	call   402390 <_Unwind_Resume@plt>
  406325:	48 8b 5d f8          	mov    rbx,QWORD PTR [rbp-0x8]
  406329:	c9                   	leave  
  40632a:	c3                   	ret    
  40632b:	90                   	nop

000000000040632c <_ZNSt6vectorImSaImEE21_M_default_initializeEm>:
  40632c:	55                   	push   rbp
  40632d:	48 89 e5             	mov    rbp,rsp
  406330:	48 83 ec 10          	sub    rsp,0x10
  406334:	48 89 7d f8          	mov    QWORD PTR [rbp-0x8],rdi
  406338:	48 89 75 f0          	mov    QWORD PTR [rbp-0x10],rsi
  40633c:	48 8b 45 f8          	mov    rax,QWORD PTR [rbp-0x8]
  406340:	48 89 c7             	mov    rdi,rax
  406343:	e8 6a fd ff ff       	call   4060b2 <_ZNSt12_Vector_baseImSaImEE19_M_get_Tp_allocatorEv>
  406348:	48 89 c2             	mov    rdx,rax
  40634b:	48 8b 45 f8          	mov    rax,QWORD PTR [rbp-0x8]
  40634f:	48 8b 00             	mov    rax,QWORD PTR [rax]
  406352:	48 8b 4d f0          	mov    rcx,QWORD PTR [rbp-0x10]
  406356:	48 89 ce             	mov    rsi,rcx
  406359:	48 89 c7             	mov    rdi,rax
  40635c:	e8 4d 15 00 00       	call   4078ae <_ZSt27__uninitialized_default_n_aIPmmmET_S1_T0_RSaIT1_E>
  406361:	48 8b 55 f8          	mov    rdx,QWORD PTR [rbp-0x8]
  406365:	48 89 42 08          	mov    QWORD PTR [rdx+0x8],rax
  406369:	90                   	nop
  40636a:	c9                   	leave  
  40636b:	c3                   	ret    

000000000040636c <_ZNSt23mersenne_twister_engineImLm32ELm624ELm397ELm31ELm2567483615ELm11ELm4294967295ELm7ELm2636928640ELm15ELm4022730752ELm18ELm1812433253EE4seedEm>:
  40636c:	55                   	push   rbp
  40636d:	48 89 e5             	mov    rbp,rsp
  406370:	48 83 ec 20          	sub    rsp,0x20
  406374:	48 89 7d e8          	mov    QWORD PTR [rbp-0x18],rdi
  406378:	48 89 75 e0          	mov    QWORD PTR [rbp-0x20],rsi
  40637c:	48 8b 45 e0          	mov    rax,QWORD PTR [rbp-0x20]
  406380:	48 89 c7             	mov    rdi,rax
  406383:	e8 4f 15 00 00       	call   4078d7 <_ZNSt8__detail5__modImLm4294967296ELm1ELm0EEET_S1_>
  406388:	48 8b 55 e8          	mov    rdx,QWORD PTR [rbp-0x18]
  40638c:	48 89 02             	mov    QWORD PTR [rdx],rax
  40638f:	48 c7 45 f8 01 00 00 	mov    QWORD PTR [rbp-0x8],0x1
  406396:	00 
  406397:	eb 5c                	jmp    4063f5 <_ZNSt23mersenne_twister_engineImLm32ELm624ELm397ELm31ELm2567483615ELm11ELm4294967295ELm7ELm2636928640ELm15ELm4022730752ELm18ELm1812433253EE4seedEm+0x89>
  406399:	48 8b 45 f8          	mov    rax,QWORD PTR [rbp-0x8]
  40639d:	48 8d 50 ff          	lea    rdx,[rax-0x1]
  4063a1:	48 8b 45 e8          	mov    rax,QWORD PTR [rbp-0x18]
  4063a5:	48 8b 04 d0          	mov    rax,QWORD PTR [rax+rdx*8]
  4063a9:	48 89 45 f0          	mov    QWORD PTR [rbp-0x10],rax
  4063ad:	48 8b 45 f0          	mov    rax,QWORD PTR [rbp-0x10]
  4063b1:	48 c1 e8 1e          	shr    rax,0x1e
  4063b5:	48 31 45 f0          	xor    QWORD PTR [rbp-0x10],rax
  4063b9:	48 8b 45 f0          	mov    rax,QWORD PTR [rbp-0x10]
  4063bd:	48 69 c0 65 89 07 6c 	imul   rax,rax,0x6c078965
  4063c4:	48 89 45 f0          	mov    QWORD PTR [rbp-0x10],rax
  4063c8:	48 8b 45 f8          	mov    rax,QWORD PTR [rbp-0x8]
  4063cc:	48 89 c7             	mov    rdi,rax
  4063cf:	e8 26 15 00 00       	call   4078fa <_ZNSt8__detail5__modImLm624ELm1ELm0EEET_S1_>
  4063d4:	48 01 45 f0          	add    QWORD PTR [rbp-0x10],rax
  4063d8:	48 8b 45 f0          	mov    rax,QWORD PTR [rbp-0x10]
  4063dc:	48 89 c7             	mov    rdi,rax
  4063df:	e8 f3 14 00 00       	call   4078d7 <_ZNSt8__detail5__modImLm4294967296ELm1ELm0EEET_S1_>
  4063e4:	48 8b 55 e8          	mov    rdx,QWORD PTR [rbp-0x18]
  4063e8:	48 8b 4d f8          	mov    rcx,QWORD PTR [rbp-0x8]
  4063ec:	48 89 04 ca          	mov    QWORD PTR [rdx+rcx*8],rax
  4063f0:	48 83 45 f8 01       	add    QWORD PTR [rbp-0x8],0x1
  4063f5:	48 81 7d f8 6f 02 00 	cmp    QWORD PTR [rbp-0x8],0x26f
  4063fc:	00 
  4063fd:	76 9a                	jbe    406399 <_ZNSt23mersenne_twister_engineImLm32ELm624ELm397ELm31ELm2567483615ELm11ELm4294967295ELm7ELm2636928640ELm15ELm4022730752ELm18ELm1812433253EE4seedEm+0x2d>
  4063ff:	48 8b 45 e8          	mov    rax,QWORD PTR [rbp-0x18]
  406403:	48 c7 80 80 13 00 00 	mov    QWORD PTR [rax+0x1380],0x270
  40640a:	70 02 00 00 
  40640e:	90                   	nop
  40640f:	c9                   	leave  
  406410:	c3                   	ret    
  406411:	90                   	nop

0000000000406412 <_ZN9__gnu_cxx17__normal_iteratorIPmSt6vectorImSaImEEEC1ERKS1_>:
  406412:	55                   	push   rbp
  406413:	48 89 e5             	mov    rbp,rsp
  406416:	48 89 7d f8          	mov    QWORD PTR [rbp-0x8],rdi
  40641a:	48 89 75 f0          	mov    QWORD PTR [rbp-0x10],rsi
  40641e:	48 8b 45 f0          	mov    rax,QWORD PTR [rbp-0x10]
  406422:	48 8b 10             	mov    rdx,QWORD PTR [rax]
  406425:	48 8b 45 f8          	mov    rax,QWORD PTR [rbp-0x8]
  406429:	48 89 10             	mov    QWORD PTR [rax],rdx
  40642c:	90                   	nop
  40642d:	5d                   	pop    rbp
  40642e:	c3                   	ret    

000000000040642f <_ZN9__gnu_cxxeqIPmSt6vectorImSaImEEEEbRKNS_17__normal_iteratorIT_T0_EESA_>:
  40642f:	55                   	push   rbp
  406430:	48 89 e5             	mov    rbp,rsp
  406433:	53                   	push   rbx
  406434:	48 83 ec 18          	sub    rsp,0x18
  406438:	48 89 7d e8          	mov    QWORD PTR [rbp-0x18],rdi
  40643c:	48 89 75 e0          	mov    QWORD PTR [rbp-0x20],rsi
  406440:	48 8b 45 e8          	mov    rax,QWORD PTR [rbp-0x18]
  406444:	48 89 c7             	mov    rdi,rax
  406447:	e8 6c 0c 00 00       	call   4070b8 <_ZNK9__gnu_cxx17__normal_iteratorIPmSt6vectorImSaImEEE4baseEv>
  40644c:	48 8b 18             	mov    rbx,QWORD PTR [rax]
  40644f:	48 8b 45 e0          	mov    rax,QWORD PTR [rbp-0x20]
  406453:	48 89 c7             	mov    rdi,rax
  406456:	e8 5d 0c 00 00       	call   4070b8 <_ZNK9__gnu_cxx17__normal_iteratorIPmSt6vectorImSaImEEE4baseEv>
  40645b:	48 8b 00             	mov    rax,QWORD PTR [rax]
  40645e:	48 39 c3             	cmp    rbx,rax
  406461:	0f 94 c0             	sete   al
  406464:	48 8b 5d f8          	mov    rbx,QWORD PTR [rbp-0x8]
  406468:	c9                   	leave  
  406469:	c3                   	ret    

000000000040646a <_ZN9__gnu_cxxmiIPmSt6vectorImSaImEEEENS_17__normal_iteratorIT_T0_E15difference_typeERKS8_SB_>:
  40646a:	55                   	push   rbp
  40646b:	48 89 e5             	mov    rbp,rsp
  40646e:	53                   	push   rbx
  40646f:	48 83 ec 18          	sub    rsp,0x18
  406473:	48 89 7d e8          	mov    QWORD PTR [rbp-0x18],rdi
  406477:	48 89 75 e0          	mov    QWORD PTR [rbp-0x20],rsi
  40647b:	48 8b 45 e8          	mov    rax,QWORD PTR [rbp-0x18]
  40647f:	48 89 c7             	mov    rdi,rax
  406482:	e8 31 0c 00 00       	call   4070b8 <_ZNK9__gnu_cxx17__normal_iteratorIPmSt6vectorImSaImEEE4baseEv>
  406487:	48 8b 18             	mov    rbx,QWORD PTR [rax]
  40648a:	48 8b 45 e0          	mov    rax,QWORD PTR [rbp-0x20]
  40648e:	48 89 c7             	mov    rdi,rax
  406491:	e8 22 0c 00 00       	call   4070b8 <_ZNK9__gnu_cxx17__normal_iteratorIPmSt6vectorImSaImEEE4baseEv>
  406496:	48 8b 10             	mov    rdx,QWORD PTR [rax]
  406499:	48 89 d8             	mov    rax,rbx
  40649c:	48 29 d0             	sub    rax,rdx
  40649f:	48 c1 f8 03          	sar    rax,0x3
  4064a3:	48 8b 5d f8          	mov    rbx,QWORD PTR [rbp-0x8]
  4064a7:	c9                   	leave  
  4064a8:	c3                   	ret    
  4064a9:	90                   	nop

00000000004064aa <_ZNK9__gnu_cxx17__normal_iteratorIPmSt6vectorImSaImEEEplEl>:
  4064aa:	55                   	push   rbp
  4064ab:	48 89 e5             	mov    rbp,rsp
  4064ae:	48 83 ec 20          	sub    rsp,0x20
  4064b2:	48 89 7d e8          	mov    QWORD PTR [rbp-0x18],rdi
  4064b6:	48 89 75 e0          	mov    QWORD PTR [rbp-0x20],rsi
  4064ba:	48 8b 45 e8          	mov    rax,QWORD PTR [rbp-0x18]
  4064be:	48 8b 10             	mov    rdx,QWORD PTR [rax]
  4064c1:	48 8b 45 e0          	mov    rax,QWORD PTR [rbp-0x20]
  4064c5:	48 c1 e0 03          	shl    rax,0x3
  4064c9:	48 01 d0             	add    rax,rdx
  4064cc:	48 89 45 f8          	mov    QWORD PTR [rbp-0x8],rax
  4064d0:	48 8d 55 f8          	lea    rdx,[rbp-0x8]
  4064d4:	48 8d 45 f0          	lea    rax,[rbp-0x10]
  4064d8:	48 89 d6             	mov    rsi,rdx
  4064db:	48 89 c7             	mov    rdi,rax
  4064de:	e8 2f ff ff ff       	call   406412 <_ZN9__gnu_cxx17__normal_iteratorIPmSt6vectorImSaImEEEC1ERKS1_>
  4064e3:	48 8b 45 f0          	mov    rax,QWORD PTR [rbp-0x10]
  4064e7:	c9                   	leave  
  4064e8:	c3                   	ret    
  4064e9:	90                   	nop

00000000004064ea <_ZNSt24uniform_int_distributionImEC1Emm>:
  4064ea:	55                   	push   rbp
  4064eb:	48 89 e5             	mov    rbp,rsp
  4064ee:	48 83 ec 20          	sub    rsp,0x20
  4064f2:	48 89 7d f8          	mov    QWORD PTR [rbp-0x8],rdi
  4064f6:	48 89 75 f0          	mov    QWORD PTR [rbp-0x10],rsi
  4064fa:	48 89 55 e8          	mov    QWORD PTR [rbp-0x18],rdx
  4064fe:	48 8b 45 f8          	mov    rax,QWORD PTR [rbp-0x8]
  406502:	48 8b 55 e8          	mov    rdx,QWORD PTR [rbp-0x18]
  406506:	48 8b 4d f0          	mov    rcx,QWORD PTR [rbp-0x10]
  40650a:	48 89 ce             	mov    rsi,rcx
  40650d:	48 89 c7             	mov    rdi,rax
  406510:	e8 53 01 00 00       	call   406668 <_ZNSt24uniform_int_distributionImE10param_typeC1Emm>
  406515:	90                   	nop
  406516:	c9                   	leave  
  406517:	c3                   	ret    

0000000000406518 <_ZN9__gnu_cxx17__normal_iteratorIPmSt6vectorImSaImEEEppEi>:
  406518:	55                   	push   rbp
  406519:	48 89 e5             	mov    rbp,rsp
  40651c:	48 83 ec 20          	sub    rsp,0x20
  406520:	48 89 7d e8          	mov    QWORD PTR [rbp-0x18],rdi
  406524:	89 75 e4             	mov    DWORD PTR [rbp-0x1c],esi
  406527:	48 8b 45 e8          	mov    rax,QWORD PTR [rbp-0x18]
  40652b:	48 8b 00             	mov    rax,QWORD PTR [rax]
  40652e:	48 8d 48 08          	lea    rcx,[rax+0x8]
  406532:	48 8b 55 e8          	mov    rdx,QWORD PTR [rbp-0x18]
  406536:	48 89 0a             	mov    QWORD PTR [rdx],rcx
  406539:	48 89 45 f8          	mov    QWORD PTR [rbp-0x8],rax
  40653d:	48 8d 55 f8          	lea    rdx,[rbp-0x8]
  406541:	48 8d 45 f0          	lea    rax,[rbp-0x10]
  406545:	48 89 d6             	mov    rsi,rdx
  406548:	48 89 c7             	mov    rdi,rax
  40654b:	e8 c2 fe ff ff       	call   406412 <_ZN9__gnu_cxx17__normal_iteratorIPmSt6vectorImSaImEEEC1ERKS1_>
  406550:	48 8b 45 f0          	mov    rax,QWORD PTR [rbp-0x10]
  406554:	c9                   	leave  
  406555:	c3                   	ret    

0000000000406556 <_ZNSt24uniform_int_distributionImEclISt23mersenne_twister_engineImLm32ELm624ELm397ELm31ELm2567483615ELm11ELm4294967295ELm7ELm2636928640ELm15ELm4022730752ELm18ELm1812433253EEEEmRT_>:
  406556:	55                   	push   rbp
  406557:	48 89 e5             	mov    rbp,rsp
  40655a:	48 83 ec 10          	sub    rsp,0x10
  40655e:	48 89 7d f8          	mov    QWORD PTR [rbp-0x8],rdi
  406562:	48 89 75 f0          	mov    QWORD PTR [rbp-0x10],rsi
  406566:	48 8b 55 f8          	mov    rdx,QWORD PTR [rbp-0x8]
  40656a:	48 8b 4d f0          	mov    rcx,QWORD PTR [rbp-0x10]
  40656e:	48 8b 45 f8          	mov    rax,QWORD PTR [rbp-0x8]
  406572:	48 89 ce             	mov    rsi,rcx
  406575:	48 89 c7             	mov    rdi,rax
  406578:	e8 15 01 00 00       	call   406692 <_ZNSt24uniform_int_distributionImEclISt23mersenne_twister_engineImLm32ELm624ELm397ELm31ELm2567483615ELm11ELm4294967295ELm7ELm2636928640ELm15ELm4022730752ELm18ELm1812433253EEEEmRT_RKNS0_10param_typeE>
  40657d:	c9                   	leave  
  40657e:	c3                   	ret    

000000000040657f <_ZSt9iter_swapIN9__gnu_cxx17__normal_iteratorIPmSt6vectorImSaImEEEES6_EvT_T0_>:
  40657f:	55                   	push   rbp
  406580:	48 89 e5             	mov    rbp,rsp
  406583:	53                   	push   rbx
  406584:	48 83 ec 18          	sub    rsp,0x18
  406588:	48 89 7d e8          	mov    QWORD PTR [rbp-0x18],rdi
  40658c:	48 89 75 e0          	mov    QWORD PTR [rbp-0x20],rsi
  406590:	48 8d 45 e0          	lea    rax,[rbp-0x20]
  406594:	48 89 c7             	mov    rdi,rax
  406597:	e8 d6 f6 ff ff       	call   405c72 <_ZNK9__gnu_cxx17__normal_iteratorIPmSt6vectorImSaImEEEdeEv>
  40659c:	48 89 c3             	mov    rbx,rax
  40659f:	48 8d 45 e8          	lea    rax,[rbp-0x18]
  4065a3:	48 89 c7             	mov    rdi,rax
  4065a6:	e8 c7 f6 ff ff       	call   405c72 <_ZNK9__gnu_cxx17__normal_iteratorIPmSt6vectorImSaImEEEdeEv>
  4065ab:	48 89 de             	mov    rsi,rbx
  4065ae:	48 89 c7             	mov    rdi,rax
  4065b1:	e8 67 13 00 00       	call   40791d <_ZSt4swapImENSt9enable_ifIXsrSt6__and_IJSt6__not_ISt15__is_tuple_likeIT_EESt21is_move_constructibleIS4_ESt18is_move_assignableIS4_EEE5valueEvE4typeERS4_SE_>
  4065b6:	90                   	nop
  4065b7:	48 8b 5d f8          	mov    rbx,QWORD PTR [rbp-0x8]
  4065bb:	c9                   	leave  
  4065bc:	c3                   	ret    

00000000004065bd <_ZSt22__gen_two_uniform_intsImRSt23mersenne_twister_engineImLm32ELm624ELm397ELm31ELm2567483615ELm11ELm4294967295ELm7ELm2636928640ELm15ELm4022730752ELm18ELm1812433253EEESt4pairIT_S4_ES4_S4_OT0_>:
  4065bd:	55                   	push   rbp
  4065be:	48 89 e5             	mov    rbp,rsp
  4065c1:	48 83 ec 50          	sub    rsp,0x50
  4065c5:	48 89 7d c8          	mov    QWORD PTR [rbp-0x38],rdi
  4065c9:	48 89 75 c0          	mov    QWORD PTR [rbp-0x40],rsi
  4065cd:	48 89 55 b8          	mov    QWORD PTR [rbp-0x48],rdx
  4065d1:	48 8b 45 c8          	mov    rax,QWORD PTR [rbp-0x38]
  4065d5:	48 0f af 45 c0       	imul   rax,QWORD PTR [rbp-0x40]
  4065da:	48 8d 50 ff          	lea    rdx,[rax-0x1]
  4065de:	48 8d 45 d0          	lea    rax,[rbp-0x30]
  4065e2:	be 00 00 00 00       	mov    esi,0x0
  4065e7:	48 89 c7             	mov    rdi,rax
  4065ea:	e8 fb fe ff ff       	call   4064ea <_ZNSt24uniform_int_distributionImEC1Emm>
  4065ef:	48 8b 55 b8          	mov    rdx,QWORD PTR [rbp-0x48]
  4065f3:	48 8d 45 d0          	lea    rax,[rbp-0x30]
  4065f7:	48 89 d6             	mov    rsi,rdx
  4065fa:	48 89 c7             	mov    rdi,rax
  4065fd:	e8 54 ff ff ff       	call   406556 <_ZNSt24uniform_int_distributionImEclISt23mersenne_twister_engineImLm32ELm624ELm397ELm31ELm2567483615ELm11ELm4294967295ELm7ELm2636928640ELm15ELm4022730752ELm18ELm1812433253EEEEmRT_>
  406602:	48 89 45 f8          	mov    QWORD PTR [rbp-0x8],rax
  406606:	48 8b 45 f8          	mov    rax,QWORD PTR [rbp-0x8]
  40660a:	ba 00 00 00 00       	mov    edx,0x0
  40660f:	48 f7 75 c0          	div    QWORD PTR [rbp-0x40]
  406613:	48 89 d0             	mov    rax,rdx
  406616:	48 89 45 e8          	mov    QWORD PTR [rbp-0x18],rax
  40661a:	48 8b 45 f8          	mov    rax,QWORD PTR [rbp-0x8]
  40661e:	ba 00 00 00 00       	mov    edx,0x0
  406623:	48 f7 75 c0          	div    QWORD PTR [rbp-0x40]
  406627:	48 89 45 f0          	mov    QWORD PTR [rbp-0x10],rax
  40662b:	48 8d 55 e8          	lea    rdx,[rbp-0x18]
  40662f:	48 8d 45 f0          	lea    rax,[rbp-0x10]
  406633:	48 89 d6             	mov    rsi,rdx
  406636:	48 89 c7             	mov    rdi,rax
  406639:	e8 31 13 00 00       	call   40796f <_ZSt9make_pairImmESt4pairINSt25__strip_reference_wrapperINSt5decayIT_E4typeEE6__typeENS1_INS2_IT0_E4typeEE6__typeEEOS3_OS8_>
  40663e:	c9                   	leave  
  40663f:	c3                   	ret    

0000000000406640 <_ZNSt24uniform_int_distributionImEC1Ev>:
  406640:	55                   	push   rbp
  406641:	48 89 e5             	mov    rbp,rsp
  406644:	48 83 ec 10          	sub    rsp,0x10
  406648:	48 89 7d f8          	mov    QWORD PTR [rbp-0x8],rdi
  40664c:	48 8b 45 f8          	mov    rax,QWORD PTR [rbp-0x8]
  406650:	48 c7 c2 ff ff ff ff 	mov    rdx,0xffffffffffffffff
  406657:	be 00 00 00 00       	mov    esi,0x0
  40665c:	48 89 c7             	mov    rdi,rax
  40665f:	e8 86 fe ff ff       	call   4064ea <_ZNSt24uniform_int_distributionImEC1Emm>
  406664:	90                   	nop
  406665:	c9                   	leave  
  406666:	c3                   	ret    
  406667:	90                   	nop

0000000000406668 <_ZNSt24uniform_int_distributionImE10param_typeC1Emm>:
  406668:	55                   	push   rbp
  406669:	48 89 e5             	mov    rbp,rsp
  40666c:	48 89 7d f8          	mov    QWORD PTR [rbp-0x8],rdi
  406670:	48 89 75 f0          	mov    QWORD PTR [rbp-0x10],rsi
  406674:	48 89 55 e8          	mov    QWORD PTR [rbp-0x18],rdx
  406678:	48 8b 45 f8          	mov    rax,QWORD PTR [rbp-0x8]
  40667c:	48 8b 55 f0          	mov    rdx,QWORD PTR [rbp-0x10]
  406680:	48 89 10             	mov    QWORD PTR [rax],rdx
  406683:	48 8b 45 f8          	mov    rax,QWORD PTR [rbp-0x8]
  406687:	48 8b 55 e8          	mov    rdx,QWORD PTR [rbp-0x18]
  40668b:	48 89 50 08          	mov    QWORD PTR [rax+0x8],rdx
  40668f:	90                   	nop
  406690:	5d                   	pop    rbp
  406691:	c3                   	ret    

0000000000406692 <_ZNSt24uniform_int_distributionImEclISt23mersenne_twister_engineImLm32ELm624ELm397ELm31ELm2567483615ELm11ELm4294967295ELm7ELm2636928640ELm15ELm4022730752ELm18ELm1812433253EEEEmRT_RKNS0_10param_typeE>:
  406692:	55                   	push   rbp
  406693:	48 89 e5             	mov    rbp,rsp
  406696:	53                   	push   rbx
  406697:	48 81 ec 88 00 00 00 	sub    rsp,0x88
  40669e:	48 89 7d 88          	mov    QWORD PTR [rbp-0x78],rdi
  4066a2:	48 89 75 80          	mov    QWORD PTR [rbp-0x80],rsi
  4066a6:	48 89 95 78 ff ff ff 	mov    QWORD PTR [rbp-0x88],rdx
  4066ad:	48 c7 45 e0 00 00 00 	mov    QWORD PTR [rbp-0x20],0x0
  4066b4:	00 
  4066b5:	b8 ff ff ff ff       	mov    eax,0xffffffff
  4066ba:	48 89 45 d8          	mov    QWORD PTR [rbp-0x28],rax
  4066be:	48 89 45 d0          	mov    QWORD PTR [rbp-0x30],rax
  4066c2:	48 8b 85 78 ff ff ff 	mov    rax,QWORD PTR [rbp-0x88]
  4066c9:	48 89 c7             	mov    rdi,rax
  4066cc:	e8 ed 12 00 00       	call   4079be <_ZNKSt24uniform_int_distributionImE10param_type1bEv>
  4066d1:	48 89 c3             	mov    rbx,rax
  4066d4:	48 8b 85 78 ff ff ff 	mov    rax,QWORD PTR [rbp-0x88]
  4066db:	48 89 c7             	mov    rdi,rax
  4066de:	e8 ed 12 00 00       	call   4079d0 <_ZNKSt24uniform_int_distributionImE10param_type1aEv>
  4066e3:	48 89 c2             	mov    rdx,rax
  4066e6:	48 89 d8             	mov    rax,rbx
  4066e9:	48 29 d0             	sub    rax,rdx
  4066ec:	48 89 45 c8          	mov    QWORD PTR [rbp-0x38],rax
  4066f0:	b8 fe ff ff ff       	mov    eax,0xfffffffe
  4066f5:	48 39 45 c8          	cmp    QWORD PTR [rbp-0x38],rax
  4066f9:	77 2f                	ja     40672a <_ZNSt24uniform_int_distributionImEclISt23mersenne_twister_engineImLm32ELm624ELm397ELm31ELm2567483615ELm11ELm4294967295ELm7ELm2636928640ELm15ELm4022730752ELm18ELm1812433253EEEEmRT_RKNS0_10param_typeE+0x98>
  4066fb:	48 8b 45 c8          	mov    rax,QWORD PTR [rbp-0x38]
  4066ff:	48 83 c0 01          	add    rax,0x1
  406703:	48 89 45 b0          	mov    QWORD PTR [rbp-0x50],rax
  406707:	48 8b 45 b0          	mov    rax,QWORD PTR [rbp-0x50]
  40670b:	89 45 ac             	mov    DWORD PTR [rbp-0x54],eax
  40670e:	8b 55 ac             	mov    edx,DWORD PTR [rbp-0x54]
  406711:	48 8b 45 80          	mov    rax,QWORD PTR [rbp-0x80]
  406715:	89 d6                	mov    esi,edx
  406717:	48 89 c7             	mov    rdi,rax
  40671a:	e8 c2 12 00 00       	call   4079e1 <_ZNSt24uniform_int_distributionImE5_S_ndImSt23mersenne_twister_engineImLm32ELm624ELm397ELm31ELm2567483615ELm11ELm4294967295ELm7ELm2636928640ELm15ELm4022730752ELm18ELm1812433253EEjEET1_RT0_S4_>
  40671f:	89 c0                	mov    eax,eax
  406721:	48 89 45 e8          	mov    QWORD PTR [rbp-0x18],rax
  406725:	e9 91 00 00 00       	jmp    4067bb <_ZNSt24uniform_int_distributionImEclISt23mersenne_twister_engineImLm32ELm624ELm397ELm31ELm2567483615ELm11ELm4294967295ELm7ELm2636928640ELm15ELm4022730752ELm18ELm1812433253EEEEmRT_RKNS0_10param_typeE+0x129>
  40672a:	b8 ff ff ff ff       	mov    eax,0xffffffff
  40672f:	48 39 45 c8          	cmp    QWORD PTR [rbp-0x38],rax
  406733:	76 76                	jbe    4067ab <_ZNSt24uniform_int_distributionImEclISt23mersenne_twister_engineImLm32ELm624ELm397ELm31ELm2567483615ELm11ELm4294967295ELm7ELm2636928640ELm15ELm4022730752ELm18ELm1812433253EEEEmRT_RKNS0_10param_typeE+0x119>
  406735:	48 b8 00 00 00 00 01 	movabs rax,0x100000000
  40673c:	00 00 00 
  40673f:	48 89 45 c0          	mov    QWORD PTR [rbp-0x40],rax
  406743:	48 8b 45 c8          	mov    rax,QWORD PTR [rbp-0x38]
  406747:	48 c1 e8 20          	shr    rax,0x20
  40674b:	48 89 c2             	mov    rdx,rax
  40674e:	48 8d 45 90          	lea    rax,[rbp-0x70]
  406752:	be 00 00 00 00       	mov    esi,0x0
  406757:	48 89 c7             	mov    rdi,rax
  40675a:	e8 09 ff ff ff       	call   406668 <_ZNSt24uniform_int_distributionImE10param_typeC1Emm>
  40675f:	48 8d 55 90          	lea    rdx,[rbp-0x70]
  406763:	48 8b 4d 80          	mov    rcx,QWORD PTR [rbp-0x80]
  406767:	48 8b 45 88          	mov    rax,QWORD PTR [rbp-0x78]
  40676b:	48 89 ce             	mov    rsi,rcx
  40676e:	48 89 c7             	mov    rdi,rax
  406771:	e8 1c ff ff ff       	call   406692 <_ZNSt24uniform_int_distributionImEclISt23mersenne_twister_engineImLm32ELm624ELm397ELm31ELm2567483615ELm11ELm4294967295ELm7ELm2636928640ELm15ELm4022730752ELm18ELm1812433253EEEEmRT_RKNS0_10param_typeE>
  406776:	48 c1 e0 20          	shl    rax,0x20
  40677a:	48 89 45 b8          	mov    QWORD PTR [rbp-0x48],rax
  40677e:	48 8b 45 80          	mov    rax,QWORD PTR [rbp-0x80]
  406782:	48 89 c7             	mov    rdi,rax
  406785:	e8 ce 12 00 00       	call   407a58 <_ZNSt23mersenne_twister_engineImLm32ELm624ELm397ELm31ELm2567483615ELm11ELm4294967295ELm7ELm2636928640ELm15ELm4022730752ELm18ELm1812433253EEclEv>
  40678a:	48 8b 55 b8          	mov    rdx,QWORD PTR [rbp-0x48]
  40678e:	48 01 d0             	add    rax,rdx
  406791:	48 89 45 e8          	mov    QWORD PTR [rbp-0x18],rax
  406795:	48 8b 45 e8          	mov    rax,QWORD PTR [rbp-0x18]
  406799:	48 3b 45 c8          	cmp    rax,QWORD PTR [rbp-0x38]
  40679d:	77 96                	ja     406735 <_ZNSt24uniform_int_distributionImEclISt23mersenne_twister_engineImLm32ELm624ELm397ELm31ELm2567483615ELm11ELm4294967295ELm7ELm2636928640ELm15ELm4022730752ELm18ELm1812433253EEEEmRT_RKNS0_10param_typeE+0xa3>
  40679f:	48 8b 45 e8          	mov    rax,QWORD PTR [rbp-0x18]
  4067a3:	48 3b 45 b8          	cmp    rax,QWORD PTR [rbp-0x48]
  4067a7:	72 8c                	jb     406735 <_ZNSt24uniform_int_distributionImEclISt23mersenne_twister_engineImLm32ELm624ELm397ELm31ELm2567483615ELm11ELm4294967295ELm7ELm2636928640ELm15ELm4022730752ELm18ELm1812433253EEEEmRT_RKNS0_10param_typeE+0xa3>
  4067a9:	eb 10                	jmp    4067bb <_ZNSt24uniform_int_distributionImEclISt23mersenne_twister_engineImLm32ELm624ELm397ELm31ELm2567483615ELm11ELm4294967295ELm7ELm2636928640ELm15ELm4022730752ELm18ELm1812433253EEEEmRT_RKNS0_10param_typeE+0x129>
  4067ab:	48 8b 45 80          	mov    rax,QWORD PTR [rbp-0x80]
  4067af:	48 89 c7             	mov    rdi,rax
  4067b2:	e8 a1 12 00 00       	call   407a58 <_ZNSt23mersenne_twister_engineImLm32ELm624ELm397ELm31ELm2567483615ELm11ELm4294967295ELm7ELm2636928640ELm15ELm4022730752ELm18ELm1812433253EEclEv>
  4067b7:	48 89 45 e8          	mov    QWORD PTR [rbp-0x18],rax
  4067bb:	48 8b 85 78 ff ff ff 	mov    rax,QWORD PTR [rbp-0x88]
  4067c2:	48 89 c7             	mov    rdi,rax
  4067c5:	e8 06 12 00 00       	call   4079d0 <_ZNKSt24uniform_int_distributionImE10param_type1aEv>
  4067ca:	48 8b 55 e8          	mov    rdx,QWORD PTR [rbp-0x18]
  4067ce:	48 01 d0             	add    rax,rdx
  4067d1:	48 8b 5d f8          	mov    rbx,QWORD PTR [rbp-0x8]
  4067d5:	c9                   	leave  
  4067d6:	c3                   	ret    
  4067d7:	90                   	nop

00000000004067d8 <_ZNSt6vectorImSaImEE14_M_fill_insertEN9__gnu_cxx17__normal_iteratorIPmS1_EEmRKm>:
  4067d8:	55                   	push   rbp
  4067d9:	48 89 e5             	mov    rbp,rsp
  4067dc:	41 54                	push   r12
  4067de:	53                   	push   rbx
  4067df:	48 83 c4 80          	add    rsp,0xffffffffffffff80
  4067e3:	48 89 7d 88          	mov    QWORD PTR [rbp-0x78],rdi
  4067e7:	48 89 75 80          	mov    QWORD PTR [rbp-0x80],rsi
  4067eb:	48 89 95 78 ff ff ff 	mov    QWORD PTR [rbp-0x88],rdx
  4067f2:	48 89 8d 70 ff ff ff 	mov    QWORD PTR [rbp-0x90],rcx
  4067f9:	48 83 bd 78 ff ff ff 	cmp    QWORD PTR [rbp-0x88],0x0
  406800:	00 
  406801:	0f 84 b1 04 00 00    	je     406cb8 <_ZNSt6vectorImSaImEE14_M_fill_insertEN9__gnu_cxx17__normal_iteratorIPmS1_EEmRKm+0x4e0>
  406807:	48 8b 45 88          	mov    rax,QWORD PTR [rbp-0x78]
  40680b:	48 8b 50 10          	mov    rdx,QWORD PTR [rax+0x10]
  40680f:	48 8b 45 88          	mov    rax,QWORD PTR [rbp-0x78]
  406813:	48 8b 48 08          	mov    rcx,QWORD PTR [rax+0x8]
  406817:	48 89 d0             	mov    rax,rdx
  40681a:	48 29 c8             	sub    rax,rcx
  40681d:	48 c1 f8 03          	sar    rax,0x3
  406821:	48 39 85 78 ff ff ff 	cmp    QWORD PTR [rbp-0x88],rax
  406828:	0f 87 06 02 00 00    	ja     406a34 <_ZNSt6vectorImSaImEE14_M_fill_insertEN9__gnu_cxx17__normal_iteratorIPmS1_EEmRKm+0x25c>
  40682e:	48 8b 95 70 ff ff ff 	mov    rdx,QWORD PTR [rbp-0x90]
  406835:	48 8b 4d 88          	mov    rcx,QWORD PTR [rbp-0x78]
  406839:	48 8d 45 90          	lea    rax,[rbp-0x70]
  40683d:	48 89 ce             	mov    rsi,rcx
  406840:	48 89 c7             	mov    rdi,rax
  406843:	e8 a4 12 00 00       	call   407aec <_ZNSt6vectorImSaImEE16_Temporary_valueC1IJRKmEEEPS1_DpOT_>
  406848:	48 8d 45 90          	lea    rax,[rbp-0x70]
  40684c:	48 89 c7             	mov    rdi,rax
  40684f:	e8 22 13 00 00       	call   407b76 <_ZNSt6vectorImSaImEE16_Temporary_value6_M_valEv>
  406854:	48 89 45 c8          	mov    QWORD PTR [rbp-0x38],rax
  406858:	48 8b 45 88          	mov    rax,QWORD PTR [rbp-0x78]
  40685c:	48 89 c7             	mov    rdi,rax
  40685f:	e8 32 ef ff ff       	call   405796 <_ZNSt6vectorImSaImEE3endEv>
  406864:	48 89 45 a8          	mov    QWORD PTR [rbp-0x58],rax
  406868:	48 8d 55 80          	lea    rdx,[rbp-0x80]
  40686c:	48 8d 45 a8          	lea    rax,[rbp-0x58]
  406870:	48 89 d6             	mov    rsi,rdx
  406873:	48 89 c7             	mov    rdi,rax
  406876:	e8 ef fb ff ff       	call   40646a <_ZN9__gnu_cxxmiIPmSt6vectorImSaImEEEENS_17__normal_iteratorIT_T0_E15difference_typeERKS8_SB_>
  40687b:	48 89 45 c0          	mov    QWORD PTR [rbp-0x40],rax
  40687f:	48 8b 45 88          	mov    rax,QWORD PTR [rbp-0x78]
  406883:	48 8b 40 08          	mov    rax,QWORD PTR [rax+0x8]
  406887:	48 89 45 b8          	mov    QWORD PTR [rbp-0x48],rax
  40688b:	48 8b 45 c0          	mov    rax,QWORD PTR [rbp-0x40]
  40688f:	48 3b 85 78 ff ff ff 	cmp    rax,QWORD PTR [rbp-0x88]
  406896:	0f 86 d9 00 00 00    	jbe    406975 <_ZNSt6vectorImSaImEE14_M_fill_insertEN9__gnu_cxx17__normal_iteratorIPmS1_EEmRKm+0x19d>
  40689c:	48 8b 45 88          	mov    rax,QWORD PTR [rbp-0x78]
  4068a0:	48 89 c7             	mov    rdi,rax
  4068a3:	e8 0a f8 ff ff       	call   4060b2 <_ZNSt12_Vector_baseImSaImEE19_M_get_Tp_allocatorEv>
  4068a8:	48 89 c6             	mov    rsi,rax
  4068ab:	48 8b 45 88          	mov    rax,QWORD PTR [rbp-0x78]
  4068af:	48 8b 50 08          	mov    rdx,QWORD PTR [rax+0x8]
  4068b3:	48 8b 45 88          	mov    rax,QWORD PTR [rbp-0x78]
  4068b7:	48 8b 40 08          	mov    rax,QWORD PTR [rax+0x8]
  4068bb:	48 8b 4d 88          	mov    rcx,QWORD PTR [rbp-0x78]
  4068bf:	48 8b 79 08          	mov    rdi,QWORD PTR [rcx+0x8]
  4068c3:	48 8b 8d 78 ff ff ff 	mov    rcx,QWORD PTR [rbp-0x88]
  4068ca:	48 c1 e1 03          	shl    rcx,0x3
  4068ce:	48 f7 d9             	neg    rcx
  4068d1:	48 01 cf             	add    rdi,rcx
  4068d4:	48 89 f1             	mov    rcx,rsi
  4068d7:	48 89 c6             	mov    rsi,rax
  4068da:	e8 b1 12 00 00       	call   407b90 <_ZSt22__uninitialized_move_aIPmS0_SaImEET0_T_S3_S2_RT1_>
  4068df:	48 8b 45 88          	mov    rax,QWORD PTR [rbp-0x78]
  4068e3:	48 8b 50 08          	mov    rdx,QWORD PTR [rax+0x8]
  4068e7:	48 8b 85 78 ff ff ff 	mov    rax,QWORD PTR [rbp-0x88]
  4068ee:	48 c1 e0 03          	shl    rax,0x3
  4068f2:	48 01 c2             	add    rdx,rax
  4068f5:	48 8b 45 88          	mov    rax,QWORD PTR [rbp-0x78]
  4068f9:	48 89 50 08          	mov    QWORD PTR [rax+0x8],rdx
  4068fd:	48 8b 85 78 ff ff ff 	mov    rax,QWORD PTR [rbp-0x88]
  406904:	48 c1 e0 03          	shl    rax,0x3
  406908:	48 f7 d8             	neg    rax
  40690b:	48 89 c2             	mov    rdx,rax
  40690e:	48 8b 45 b8          	mov    rax,QWORD PTR [rbp-0x48]
  406912:	48 8d 1c 02          	lea    rbx,[rdx+rax*1]
  406916:	48 8d 45 80          	lea    rax,[rbp-0x80]
  40691a:	48 89 c7             	mov    rdi,rax
  40691d:	e8 96 07 00 00       	call   4070b8 <_ZNK9__gnu_cxx17__normal_iteratorIPmSt6vectorImSaImEEE4baseEv>
  406922:	48 8b 00             	mov    rax,QWORD PTR [rax]
  406925:	48 8b 55 b8          	mov    rdx,QWORD PTR [rbp-0x48]
  406929:	48 89 de             	mov    rsi,rbx
  40692c:	48 89 c7             	mov    rdi,rax
  40692f:	e8 af 12 00 00       	call   407be3 <_ZSt13move_backwardIPmS0_ET0_T_S2_S1_>
  406934:	48 8d 45 80          	lea    rax,[rbp-0x80]
  406938:	48 89 c7             	mov    rdi,rax
  40693b:	e8 78 07 00 00       	call   4070b8 <_ZNK9__gnu_cxx17__normal_iteratorIPmSt6vectorImSaImEEE4baseEv>
  406940:	48 8b 10             	mov    rdx,QWORD PTR [rax]
  406943:	48 8b 85 78 ff ff ff 	mov    rax,QWORD PTR [rbp-0x88]
  40694a:	48 c1 e0 03          	shl    rax,0x3
  40694e:	48 8d 1c 02          	lea    rbx,[rdx+rax*1]
  406952:	48 8d 45 80          	lea    rax,[rbp-0x80]
  406956:	48 89 c7             	mov    rdi,rax
  406959:	e8 5a 07 00 00       	call   4070b8 <_ZNK9__gnu_cxx17__normal_iteratorIPmSt6vectorImSaImEEE4baseEv>
  40695e:	48 8b 00             	mov    rax,QWORD PTR [rax]
  406961:	48 8b 55 c8          	mov    rdx,QWORD PTR [rbp-0x38]
  406965:	48 89 de             	mov    rsi,rbx
  406968:	48 89 c7             	mov    rdi,rax
  40696b:	e8 be 12 00 00       	call   407c2e <_ZSt4fillIPmmEvT_S1_RKT0_>
  406970:	e9 ae 00 00 00       	jmp    406a23 <_ZNSt6vectorImSaImEE14_M_fill_insertEN9__gnu_cxx17__normal_iteratorIPmS1_EEmRKm+0x24b>
  406975:	48 8b 45 88          	mov    rax,QWORD PTR [rbp-0x78]
  406979:	48 89 c7             	mov    rdi,rax
  40697c:	e8 31 f7 ff ff       	call   4060b2 <_ZNSt12_Vector_baseImSaImEE19_M_get_Tp_allocatorEv>
  406981:	48 89 c1             	mov    rcx,rax
  406984:	48 8b 85 78 ff ff ff 	mov    rax,QWORD PTR [rbp-0x88]
  40698b:	48 2b 45 c0          	sub    rax,QWORD PTR [rbp-0x40]
  40698f:	48 89 c6             	mov    rsi,rax
  406992:	48 8b 45 88          	mov    rax,QWORD PTR [rbp-0x78]
  406996:	48 8b 40 08          	mov    rax,QWORD PTR [rax+0x8]
  40699a:	48 8b 55 c8          	mov    rdx,QWORD PTR [rbp-0x38]
  40699e:	48 89 c7             	mov    rdi,rax
  4069a1:	e8 b6 12 00 00       	call   407c5c <_ZSt24__uninitialized_fill_n_aIPmmmmET_S1_T0_RKT1_RSaIT2_E>
  4069a6:	48 8b 55 88          	mov    rdx,QWORD PTR [rbp-0x78]
  4069aa:	48 89 42 08          	mov    QWORD PTR [rdx+0x8],rax
  4069ae:	48 8b 45 88          	mov    rax,QWORD PTR [rbp-0x78]
  4069b2:	48 89 c7             	mov    rdi,rax
  4069b5:	e8 f8 f6 ff ff       	call   4060b2 <_ZNSt12_Vector_baseImSaImEE19_M_get_Tp_allocatorEv>
  4069ba:	49 89 c4             	mov    r12,rax
  4069bd:	48 8b 45 88          	mov    rax,QWORD PTR [rbp-0x78]
  4069c1:	48 8b 58 08          	mov    rbx,QWORD PTR [rax+0x8]
  4069c5:	48 8d 45 80          	lea    rax,[rbp-0x80]
  4069c9:	48 89 c7             	mov    rdi,rax
  4069cc:	e8 e7 06 00 00       	call   4070b8 <_ZNK9__gnu_cxx17__normal_iteratorIPmSt6vectorImSaImEEE4baseEv>
  4069d1:	48 8b 00             	mov    rax,QWORD PTR [rax]
  4069d4:	48 8b 75 b8          	mov    rsi,QWORD PTR [rbp-0x48]
  4069d8:	4c 89 e1             	mov    rcx,r12
  4069db:	48 89 da             	mov    rdx,rbx
  4069de:	48 89 c7             	mov    rdi,rax
  4069e1:	e8 aa 11 00 00       	call   407b90 <_ZSt22__uninitialized_move_aIPmS0_SaImEET0_T_S3_S2_RT1_>
  4069e6:	48 8b 45 88          	mov    rax,QWORD PTR [rbp-0x78]
  4069ea:	48 8b 50 08          	mov    rdx,QWORD PTR [rax+0x8]
  4069ee:	48 8b 45 c0          	mov    rax,QWORD PTR [rbp-0x40]
  4069f2:	48 c1 e0 03          	shl    rax,0x3
  4069f6:	48 01 c2             	add    rdx,rax
  4069f9:	48 8b 45 88          	mov    rax,QWORD PTR [rbp-0x78]
  4069fd:	48 89 50 08          	mov    QWORD PTR [rax+0x8],rdx
  406a01:	48 8d 45 80          	lea    rax,[rbp-0x80]
  406a05:	48 89 c7             	mov    rdi,rax
  406a08:	e8 ab 06 00 00       	call   4070b8 <_ZNK9__gnu_cxx17__normal_iteratorIPmSt6vectorImSaImEEE4baseEv>
  406a0d:	48 8b 00             	mov    rax,QWORD PTR [rax]
  406a10:	48 8b 55 c8          	mov    rdx,QWORD PTR [rbp-0x38]
  406a14:	48 8b 4d b8          	mov    rcx,QWORD PTR [rbp-0x48]
  406a18:	48 89 ce             	mov    rsi,rcx
  406a1b:	48 89 c7             	mov    rdi,rax
  406a1e:	e8 0b 12 00 00       	call   407c2e <_ZSt4fillIPmmEvT_S1_RKT0_>
  406a23:	48 8d 45 90          	lea    rax,[rbp-0x70]
  406a27:	48 89 c7             	mov    rdi,rax
  406a2a:	e8 17 11 00 00       	call   407b46 <_ZNSt6vectorImSaImEE16_Temporary_valueD1Ev>
  406a2f:	e9 84 02 00 00       	jmp    406cb8 <_ZNSt6vectorImSaImEE14_M_fill_insertEN9__gnu_cxx17__normal_iteratorIPmS1_EEmRKm+0x4e0>
  406a34:	48 8b 8d 78 ff ff ff 	mov    rcx,QWORD PTR [rbp-0x88]
  406a3b:	48 8b 45 88          	mov    rax,QWORD PTR [rbp-0x78]
  406a3f:	ba b9 a5 40 00       	mov    edx,0x40a5b9
  406a44:	48 89 ce             	mov    rsi,rcx
  406a47:	48 89 c7             	mov    rdi,rax
  406a4a:	e8 3f 12 00 00       	call   407c8e <_ZNKSt6vectorImSaImEE12_M_check_lenEmPKc>
  406a4f:	48 89 45 e0          	mov    QWORD PTR [rbp-0x20],rax
  406a53:	48 8b 45 88          	mov    rax,QWORD PTR [rbp-0x78]
  406a57:	48 89 c7             	mov    rdi,rax
  406a5a:	e8 11 ed ff ff       	call   405770 <_ZNSt6vectorImSaImEE5beginEv>
  406a5f:	48 89 45 b0          	mov    QWORD PTR [rbp-0x50],rax
  406a63:	48 8d 55 b0          	lea    rdx,[rbp-0x50]
  406a67:	48 8d 45 80          	lea    rax,[rbp-0x80]
  406a6b:	48 89 d6             	mov    rsi,rdx
  406a6e:	48 89 c7             	mov    rdi,rax
  406a71:	e8 f4 f9 ff ff       	call   40646a <_ZN9__gnu_cxxmiIPmSt6vectorImSaImEEEENS_17__normal_iteratorIT_T0_E15difference_typeERKS8_SB_>
  406a76:	48 89 45 d8          	mov    QWORD PTR [rbp-0x28],rax
  406a7a:	48 8b 45 88          	mov    rax,QWORD PTR [rbp-0x78]
  406a7e:	48 8b 55 e0          	mov    rdx,QWORD PTR [rbp-0x20]
  406a82:	48 89 d6             	mov    rsi,rdx
  406a85:	48 89 c7             	mov    rdi,rax
  406a88:	e8 c9 12 00 00       	call   407d56 <_ZNSt12_Vector_baseImSaImEE11_M_allocateEm>
  406a8d:	48 89 45 d0          	mov    QWORD PTR [rbp-0x30],rax
  406a91:	48 8b 45 d0          	mov    rax,QWORD PTR [rbp-0x30]
  406a95:	48 89 45 e8          	mov    QWORD PTR [rbp-0x18],rax
  406a99:	48 8b 45 88          	mov    rax,QWORD PTR [rbp-0x78]
  406a9d:	48 89 c7             	mov    rdi,rax
  406aa0:	e8 0d f6 ff ff       	call   4060b2 <_ZNSt12_Vector_baseImSaImEE19_M_get_Tp_allocatorEv>
  406aa5:	48 89 c1             	mov    rcx,rax
  406aa8:	48 8b 45 d8          	mov    rax,QWORD PTR [rbp-0x28]
  406aac:	48 8d 14 c5 00 00 00 	lea    rdx,[rax*8+0x0]
  406ab3:	00 
  406ab4:	48 8b 45 d0          	mov    rax,QWORD PTR [rbp-0x30]
  406ab8:	48 8d 3c 02          	lea    rdi,[rdx+rax*1]
  406abc:	48 8b 95 70 ff ff ff 	mov    rdx,QWORD PTR [rbp-0x90]
  406ac3:	48 8b 85 78 ff ff ff 	mov    rax,QWORD PTR [rbp-0x88]
  406aca:	48 89 c6             	mov    rsi,rax
  406acd:	e8 8a 11 00 00       	call   407c5c <_ZSt24__uninitialized_fill_n_aIPmmmmET_S1_T0_RKT1_RSaIT2_E>
  406ad2:	48 c7 45 e8 00 00 00 	mov    QWORD PTR [rbp-0x18],0x0
  406ad9:	00 
  406ada:	48 8b 45 88          	mov    rax,QWORD PTR [rbp-0x78]
  406ade:	48 89 c7             	mov    rdi,rax
  406ae1:	e8 cc f5 ff ff       	call   4060b2 <_ZNSt12_Vector_baseImSaImEE19_M_get_Tp_allocatorEv>
  406ae6:	48 89 c3             	mov    rbx,rax
  406ae9:	48 8d 45 80          	lea    rax,[rbp-0x80]
  406aed:	48 89 c7             	mov    rdi,rax
  406af0:	e8 c3 05 00 00       	call   4070b8 <_ZNK9__gnu_cxx17__normal_iteratorIPmSt6vectorImSaImEEE4baseEv>
  406af5:	48 8b 30             	mov    rsi,QWORD PTR [rax]
  406af8:	48 8b 45 88          	mov    rax,QWORD PTR [rbp-0x78]
  406afc:	48 8b 00             	mov    rax,QWORD PTR [rax]
  406aff:	48 8b 55 d0          	mov    rdx,QWORD PTR [rbp-0x30]
  406b03:	48 89 d9             	mov    rcx,rbx
  406b06:	48 89 c7             	mov    rdi,rax
  406b09:	e8 7b 12 00 00       	call   407d89 <_ZSt34__uninitialized_move_if_noexcept_aIPmS0_SaImEET0_T_S3_S2_RT1_>
  406b0e:	48 89 45 e8          	mov    QWORD PTR [rbp-0x18],rax
  406b12:	48 8b 85 78 ff ff ff 	mov    rax,QWORD PTR [rbp-0x88]
  406b19:	48 c1 e0 03          	shl    rax,0x3
  406b1d:	48 01 45 e8          	add    QWORD PTR [rbp-0x18],rax
  406b21:	48 8b 45 88          	mov    rax,QWORD PTR [rbp-0x78]
  406b25:	48 89 c7             	mov    rdi,rax
  406b28:	e8 85 f5 ff ff       	call   4060b2 <_ZNSt12_Vector_baseImSaImEE19_M_get_Tp_allocatorEv>
  406b2d:	49 89 c4             	mov    r12,rax
  406b30:	48 8b 45 88          	mov    rax,QWORD PTR [rbp-0x78]
  406b34:	48 8b 58 08          	mov    rbx,QWORD PTR [rax+0x8]
  406b38:	48 8d 45 80          	lea    rax,[rbp-0x80]
  406b3c:	48 89 c7             	mov    rdi,rax
  406b3f:	e8 74 05 00 00       	call   4070b8 <_ZNK9__gnu_cxx17__normal_iteratorIPmSt6vectorImSaImEEE4baseEv>
  406b44:	48 8b 00             	mov    rax,QWORD PTR [rax]
  406b47:	48 8b 55 e8          	mov    rdx,QWORD PTR [rbp-0x18]
  406b4b:	4c 89 e1             	mov    rcx,r12
  406b4e:	48 89 de             	mov    rsi,rbx
  406b51:	48 89 c7             	mov    rdi,rax
  406b54:	e8 30 12 00 00       	call   407d89 <_ZSt34__uninitialized_move_if_noexcept_aIPmS0_SaImEET0_T_S3_S2_RT1_>
  406b59:	48 89 45 e8          	mov    QWORD PTR [rbp-0x18],rax
  406b5d:	48 8b 45 88          	mov    rax,QWORD PTR [rbp-0x78]
  406b61:	48 89 c7             	mov    rdi,rax
  406b64:	e8 49 f5 ff ff       	call   4060b2 <_ZNSt12_Vector_baseImSaImEE19_M_get_Tp_allocatorEv>
  406b69:	48 89 c2             	mov    rdx,rax
  406b6c:	48 8b 45 88          	mov    rax,QWORD PTR [rbp-0x78]
  406b70:	48 8b 48 08          	mov    rcx,QWORD PTR [rax+0x8]
  406b74:	48 8b 45 88          	mov    rax,QWORD PTR [rbp-0x78]
  406b78:	48 8b 00             	mov    rax,QWORD PTR [rax]
  406b7b:	48 89 ce             	mov    rsi,rcx
  406b7e:	48 89 c7             	mov    rdi,rax
  406b81:	e8 3a f5 ff ff       	call   4060c0 <_ZSt8_DestroyIPmmEvT_S1_RSaIT0_E>
  406b86:	48 8b 45 88          	mov    rax,QWORD PTR [rbp-0x78]
  406b8a:	48 8b 55 88          	mov    rdx,QWORD PTR [rbp-0x78]
  406b8e:	48 8b 4a 10          	mov    rcx,QWORD PTR [rdx+0x10]
  406b92:	48 8b 55 88          	mov    rdx,QWORD PTR [rbp-0x78]
  406b96:	48 8b 32             	mov    rsi,QWORD PTR [rdx]
  406b99:	48 29 f1             	sub    rcx,rsi
  406b9c:	48 89 ca             	mov    rdx,rcx
  406b9f:	48 c1 fa 03          	sar    rdx,0x3
  406ba3:	48 89 d6             	mov    rsi,rdx
  406ba6:	48 8b 55 88          	mov    rdx,QWORD PTR [rbp-0x78]
  406baa:	48 8b 0a             	mov    rcx,QWORD PTR [rdx]
  406bad:	48 89 f2             	mov    rdx,rsi
  406bb0:	48 89 ce             	mov    rsi,rcx
  406bb3:	48 89 c7             	mov    rdi,rax
  406bb6:	e8 c1 f4 ff ff       	call   40607c <_ZNSt12_Vector_baseImSaImEE13_M_deallocateEPmm>
  406bbb:	48 8b 45 88          	mov    rax,QWORD PTR [rbp-0x78]
  406bbf:	48 8b 55 d0          	mov    rdx,QWORD PTR [rbp-0x30]
  406bc3:	48 89 10             	mov    QWORD PTR [rax],rdx
  406bc6:	48 8b 45 88          	mov    rax,QWORD PTR [rbp-0x78]
  406bca:	48 8b 55 e8          	mov    rdx,QWORD PTR [rbp-0x18]
  406bce:	48 89 50 08          	mov    QWORD PTR [rax+0x8],rdx
  406bd2:	48 8b 45 e0          	mov    rax,QWORD PTR [rbp-0x20]
  406bd6:	48 8d 14 c5 00 00 00 	lea    rdx,[rax*8+0x0]
  406bdd:	00 
  406bde:	48 8b 45 d0          	mov    rax,QWORD PTR [rbp-0x30]
  406be2:	48 01 c2             	add    rdx,rax
  406be5:	48 8b 45 88          	mov    rax,QWORD PTR [rbp-0x78]
  406be9:	48 89 50 10          	mov    QWORD PTR [rax+0x10],rdx
  406bed:	e9 c6 00 00 00       	jmp    406cb8 <_ZNSt6vectorImSaImEE14_M_fill_insertEN9__gnu_cxx17__normal_iteratorIPmS1_EEmRKm+0x4e0>
  406bf2:	48 89 c3             	mov    rbx,rax
  406bf5:	48 8d 45 90          	lea    rax,[rbp-0x70]
  406bf9:	48 89 c7             	mov    rdi,rax
  406bfc:	e8 45 0f 00 00       	call   407b46 <_ZNSt6vectorImSaImEE16_Temporary_valueD1Ev>
  406c01:	48 89 d8             	mov    rax,rbx
  406c04:	48 89 c7             	mov    rdi,rax
  406c07:	e8 84 b7 ff ff       	call   402390 <_Unwind_Resume@plt>
  406c0c:	48 89 c7             	mov    rdi,rax
  406c0f:	e8 9c b4 ff ff       	call   4020b0 <__cxa_begin_catch@plt>
  406c14:	48 83 7d e8 00       	cmp    QWORD PTR [rbp-0x18],0x0
  406c19:	75 4c                	jne    406c67 <_ZNSt6vectorImSaImEE14_M_fill_insertEN9__gnu_cxx17__normal_iteratorIPmS1_EEmRKm+0x48f>
  406c1b:	48 8b 45 88          	mov    rax,QWORD PTR [rbp-0x78]
  406c1f:	48 89 c7             	mov    rdi,rax
  406c22:	e8 8b f4 ff ff       	call   4060b2 <_ZNSt12_Vector_baseImSaImEE19_M_get_Tp_allocatorEv>
  406c27:	48 89 c2             	mov    rdx,rax
  406c2a:	48 8b 4d d8          	mov    rcx,QWORD PTR [rbp-0x28]
  406c2e:	48 8b 85 78 ff ff ff 	mov    rax,QWORD PTR [rbp-0x88]
  406c35:	48 01 c8             	add    rax,rcx
  406c38:	48 8d 0c c5 00 00 00 	lea    rcx,[rax*8+0x0]
  406c3f:	00 
  406c40:	48 8b 45 d0          	mov    rax,QWORD PTR [rbp-0x30]
  406c44:	48 01 c1             	add    rcx,rax
  406c47:	48 8b 45 d8          	mov    rax,QWORD PTR [rbp-0x28]
  406c4b:	48 8d 34 c5 00 00 00 	lea    rsi,[rax*8+0x0]
  406c52:	00 
  406c53:	48 8b 45 d0          	mov    rax,QWORD PTR [rbp-0x30]
  406c57:	48 01 f0             	add    rax,rsi
  406c5a:	48 89 ce             	mov    rsi,rcx
  406c5d:	48 89 c7             	mov    rdi,rax
  406c60:	e8 5b f4 ff ff       	call   4060c0 <_ZSt8_DestroyIPmmEvT_S1_RSaIT0_E>
  406c65:	eb 22                	jmp    406c89 <_ZNSt6vectorImSaImEE14_M_fill_insertEN9__gnu_cxx17__normal_iteratorIPmS1_EEmRKm+0x4b1>
  406c67:	48 8b 45 88          	mov    rax,QWORD PTR [rbp-0x78]
  406c6b:	48 89 c7             	mov    rdi,rax
  406c6e:	e8 3f f4 ff ff       	call   4060b2 <_ZNSt12_Vector_baseImSaImEE19_M_get_Tp_allocatorEv>
  406c73:	48 89 c2             	mov    rdx,rax
  406c76:	48 8b 4d e8          	mov    rcx,QWORD PTR [rbp-0x18]
  406c7a:	48 8b 45 d0          	mov    rax,QWORD PTR [rbp-0x30]
  406c7e:	48 89 ce             	mov    rsi,rcx
  406c81:	48 89 c7             	mov    rdi,rax
  406c84:	e8 37 f4 ff ff       	call   4060c0 <_ZSt8_DestroyIPmmEvT_S1_RSaIT0_E>
  406c89:	48 8b 45 88          	mov    rax,QWORD PTR [rbp-0x78]
  406c8d:	48 8b 55 e0          	mov    rdx,QWORD PTR [rbp-0x20]
  406c91:	48 8b 4d d0          	mov    rcx,QWORD PTR [rbp-0x30]
  406c95:	48 89 ce             	mov    rsi,rcx
  406c98:	48 89 c7             	mov    rdi,rax
  406c9b:	e8 dc f3 ff ff       	call   40607c <_ZNSt12_Vector_baseImSaImEE13_M_deallocateEPmm>
  406ca0:	e8 4b b6 ff ff       	call   4022f0 <__cxa_rethrow@plt>
  406ca5:	48 89 c3             	mov    rbx,rax
  406ca8:	e8 93 b6 ff ff       	call   402340 <__cxa_end_catch@plt>
  406cad:	48 89 d8             	mov    rax,rbx
  406cb0:	48 89 c7             	mov    rdi,rax
  406cb3:	e8 d8 b6 ff ff       	call   402390 <_Unwind_Resume@plt>
  406cb8:	90                   	nop
  406cb9:	48 83 ec 80          	sub    rsp,0xffffffffffffff80
  406cbd:	5b                   	pop    rbx
  406cbe:	41 5c                	pop    r12
  406cc0:	5d                   	pop    rbp
  406cc1:	c3                   	ret    

0000000000406cc2 <_ZNSt6vectorImSaImEE15_M_erase_at_endEPm>:
  406cc2:	55                   	push   rbp
  406cc3:	48 89 e5             	mov    rbp,rsp
  406cc6:	48 83 ec 20          	sub    rsp,0x20
  406cca:	48 89 7d e8          	mov    QWORD PTR [rbp-0x18],rdi
  406cce:	48 89 75 e0          	mov    QWORD PTR [rbp-0x20],rsi
  406cd2:	48 8b 45 e8          	mov    rax,QWORD PTR [rbp-0x18]
  406cd6:	48 8b 40 08          	mov    rax,QWORD PTR [rax+0x8]
  406cda:	48 2b 45 e0          	sub    rax,QWORD PTR [rbp-0x20]
  406cde:	48 c1 f8 03          	sar    rax,0x3
  406ce2:	48 89 45 f8          	mov    QWORD PTR [rbp-0x8],rax
  406ce6:	48 83 7d f8 00       	cmp    QWORD PTR [rbp-0x8],0x0
  406ceb:	74 32                	je     406d1f <_ZNSt6vectorImSaImEE15_M_erase_at_endEPm+0x5d>
  406ced:	48 8b 45 e8          	mov    rax,QWORD PTR [rbp-0x18]
  406cf1:	48 89 c7             	mov    rdi,rax
  406cf4:	e8 b9 f3 ff ff       	call   4060b2 <_ZNSt12_Vector_baseImSaImEE19_M_get_Tp_allocatorEv>
  406cf9:	48 89 c2             	mov    rdx,rax
  406cfc:	48 8b 45 e8          	mov    rax,QWORD PTR [rbp-0x18]
  406d00:	48 8b 48 08          	mov    rcx,QWORD PTR [rax+0x8]
  406d04:	48 8b 45 e0          	mov    rax,QWORD PTR [rbp-0x20]
  406d08:	48 89 ce             	mov    rsi,rcx
  406d0b:	48 89 c7             	mov    rdi,rax
  406d0e:	e8 ad f3 ff ff       	call   4060c0 <_ZSt8_DestroyIPmmEvT_S1_RSaIT0_E>
  406d13:	48 8b 45 e8          	mov    rax,QWORD PTR [rbp-0x18]
  406d17:	48 8b 55 e0          	mov    rdx,QWORD PTR [rbp-0x20]
  406d1b:	48 89 50 08          	mov    QWORD PTR [rax+0x8],rdx
  406d1f:	90                   	nop
  406d20:	c9                   	leave  
  406d21:	c3                   	ret    

0000000000406d22 <_ZNSt16allocator_traitsISaImEE9constructImJRKmEEEvRS0_PT_DpOT0_>:
  406d22:	55                   	push   rbp
  406d23:	48 89 e5             	mov    rbp,rsp
  406d26:	48 83 ec 20          	sub    rsp,0x20
  406d2a:	48 89 7d f8          	mov    QWORD PTR [rbp-0x8],rdi
  406d2e:	48 89 75 f0          	mov    QWORD PTR [rbp-0x10],rsi
  406d32:	48 89 55 e8          	mov    QWORD PTR [rbp-0x18],rdx
  406d36:	48 8b 45 e8          	mov    rax,QWORD PTR [rbp-0x18]
  406d3a:	48 89 c7             	mov    rdi,rax
  406d3d:	e8 9a 10 00 00       	call   407ddc <_ZSt7forwardIRKmEOT_RNSt16remove_referenceIS2_E4typeE>
  406d42:	48 89 c2             	mov    rdx,rax
  406d45:	48 8b 4d f0          	mov    rcx,QWORD PTR [rbp-0x10]
  406d49:	48 8b 45 f8          	mov    rax,QWORD PTR [rbp-0x8]
  406d4d:	48 89 ce             	mov    rsi,rcx
  406d50:	48 89 c7             	mov    rdi,rax
  406d53:	e8 92 10 00 00       	call   407dea <_ZN9__gnu_cxx13new_allocatorImE9constructImJRKmEEEvPT_DpOT0_>
  406d58:	90                   	nop
  406d59:	c9                   	leave  
  406d5a:	c3                   	ret    

0000000000406d5b <_ZNSt6vectorImSaImEE15_S_use_relocateEv>:
  406d5b:	55                   	push   rbp
  406d5c:	48 89 e5             	mov    rbp,rsp
  406d5f:	48 83 ec 10          	sub    rsp,0x10
  406d63:	e8 02 00 00 00       	call   406d6a <_ZNSt6vectorImSaImEE19_S_nothrow_relocateESt17integral_constantIbLb1EE>
  406d68:	c9                   	leave  
  406d69:	c3                   	ret    

0000000000406d6a <_ZNSt6vectorImSaImEE19_S_nothrow_relocateESt17integral_constantIbLb1EE>:
  406d6a:	55                   	push   rbp
  406d6b:	48 89 e5             	mov    rbp,rsp
  406d6e:	b8 01 00 00 00       	mov    eax,0x1
  406d73:	5d                   	pop    rbp
  406d74:	c3                   	ret    
  406d75:	90                   	nop

0000000000406d76 <_ZNSt6vectorImSaImEE17_M_realloc_insertIJRKmEEEvN9__gnu_cxx17__normal_iteratorIPmS1_EEDpOT_>:
  406d76:	55                   	push   rbp
  406d77:	48 89 e5             	mov    rbp,rsp
  406d7a:	53                   	push   rbx
  406d7b:	48 83 ec 68          	sub    rsp,0x68
  406d7f:	48 89 7d a8          	mov    QWORD PTR [rbp-0x58],rdi
  406d83:	48 89 75 a0          	mov    QWORD PTR [rbp-0x60],rsi
  406d87:	48 89 55 98          	mov    QWORD PTR [rbp-0x68],rdx
  406d8b:	48 8b 45 a8          	mov    rax,QWORD PTR [rbp-0x58]
  406d8f:	ba d0 a5 40 00       	mov    edx,0x40a5d0
  406d94:	be 01 00 00 00       	mov    esi,0x1
  406d99:	48 89 c7             	mov    rdi,rax
  406d9c:	e8 ed 0e 00 00       	call   407c8e <_ZNKSt6vectorImSaImEE12_M_check_lenEmPKc>
  406da1:	48 89 45 e0          	mov    QWORD PTR [rbp-0x20],rax
  406da5:	48 8b 45 a8          	mov    rax,QWORD PTR [rbp-0x58]
  406da9:	48 8b 00             	mov    rax,QWORD PTR [rax]
  406dac:	48 89 45 d8          	mov    QWORD PTR [rbp-0x28],rax
  406db0:	48 8b 45 a8          	mov    rax,QWORD PTR [rbp-0x58]
  406db4:	48 8b 40 08          	mov    rax,QWORD PTR [rax+0x8]
  406db8:	48 89 45 d0          	mov    QWORD PTR [rbp-0x30],rax
  406dbc:	48 8b 45 a8          	mov    rax,QWORD PTR [rbp-0x58]
  406dc0:	48 89 c7             	mov    rdi,rax
  406dc3:	e8 a8 e9 ff ff       	call   405770 <_ZNSt6vectorImSaImEE5beginEv>
  406dc8:	48 89 45 b8          	mov    QWORD PTR [rbp-0x48],rax
  406dcc:	48 8d 55 b8          	lea    rdx,[rbp-0x48]
  406dd0:	48 8d 45 a0          	lea    rax,[rbp-0x60]
  406dd4:	48 89 d6             	mov    rsi,rdx
  406dd7:	48 89 c7             	mov    rdi,rax
  406dda:	e8 8b f6 ff ff       	call   40646a <_ZN9__gnu_cxxmiIPmSt6vectorImSaImEEEENS_17__normal_iteratorIT_T0_E15difference_typeERKS8_SB_>
  406ddf:	48 89 45 c8          	mov    QWORD PTR [rbp-0x38],rax
  406de3:	48 8b 45 a8          	mov    rax,QWORD PTR [rbp-0x58]
  406de7:	48 8b 55 e0          	mov    rdx,QWORD PTR [rbp-0x20]
  406deb:	48 89 d6             	mov    rsi,rdx
  406dee:	48 89 c7             	mov    rdi,rax
  406df1:	e8 60 0f 00 00       	call   407d56 <_ZNSt12_Vector_baseImSaImEE11_M_allocateEm>
  406df6:	48 89 45 c0          	mov    QWORD PTR [rbp-0x40],rax
  406dfa:	48 8b 45 c0          	mov    rax,QWORD PTR [rbp-0x40]
  406dfe:	48 89 45 e8          	mov    QWORD PTR [rbp-0x18],rax
  406e02:	48 8b 45 98          	mov    rax,QWORD PTR [rbp-0x68]
  406e06:	48 89 c7             	mov    rdi,rax
  406e09:	e8 ce 0f 00 00       	call   407ddc <_ZSt7forwardIRKmEOT_RNSt16remove_referenceIS2_E4typeE>
  406e0e:	48 89 c2             	mov    rdx,rax
  406e11:	48 8b 45 c8          	mov    rax,QWORD PTR [rbp-0x38]
  406e15:	48 8d 0c c5 00 00 00 	lea    rcx,[rax*8+0x0]
  406e1c:	00 
  406e1d:	48 8b 45 c0          	mov    rax,QWORD PTR [rbp-0x40]
  406e21:	48 01 c1             	add    rcx,rax
  406e24:	48 8b 45 a8          	mov    rax,QWORD PTR [rbp-0x58]
  406e28:	48 89 ce             	mov    rsi,rcx
  406e2b:	48 89 c7             	mov    rdi,rax
  406e2e:	e8 ef fe ff ff       	call   406d22 <_ZNSt16allocator_traitsISaImEE9constructImJRKmEEEvRS0_PT_DpOT0_>
  406e33:	48 c7 45 e8 00 00 00 	mov    QWORD PTR [rbp-0x18],0x0
  406e3a:	00 
  406e3b:	e8 1b ff ff ff       	call   406d5b <_ZNSt6vectorImSaImEE15_S_use_relocateEv>
  406e40:	84 c0                	test   al,al
  406e42:	74 71                	je     406eb5 <_ZNSt6vectorImSaImEE17_M_realloc_insertIJRKmEEEvN9__gnu_cxx17__normal_iteratorIPmS1_EEDpOT_+0x13f>
  406e44:	48 8b 45 a8          	mov    rax,QWORD PTR [rbp-0x58]
  406e48:	48 89 c7             	mov    rdi,rax
  406e4b:	e8 62 f2 ff ff       	call   4060b2 <_ZNSt12_Vector_baseImSaImEE19_M_get_Tp_allocatorEv>
  406e50:	48 89 c3             	mov    rbx,rax
  406e53:	48 8d 45 a0          	lea    rax,[rbp-0x60]
  406e57:	48 89 c7             	mov    rdi,rax
  406e5a:	e8 59 02 00 00       	call   4070b8 <_ZNK9__gnu_cxx17__normal_iteratorIPmSt6vectorImSaImEEE4baseEv>
  406e5f:	48 8b 30             	mov    rsi,QWORD PTR [rax]
  406e62:	48 8b 55 c0          	mov    rdx,QWORD PTR [rbp-0x40]
  406e66:	48 8b 45 d8          	mov    rax,QWORD PTR [rbp-0x28]
  406e6a:	48 89 d9             	mov    rcx,rbx
  406e6d:	48 89 c7             	mov    rdi,rax
  406e70:	e8 b4 0f 00 00       	call   407e29 <_ZNSt6vectorImSaImEE11_S_relocateEPmS2_S2_RS0_>
  406e75:	48 89 45 e8          	mov    QWORD PTR [rbp-0x18],rax
  406e79:	48 83 45 e8 08       	add    QWORD PTR [rbp-0x18],0x8
  406e7e:	48 8b 45 a8          	mov    rax,QWORD PTR [rbp-0x58]
  406e82:	48 89 c7             	mov    rdi,rax
  406e85:	e8 28 f2 ff ff       	call   4060b2 <_ZNSt12_Vector_baseImSaImEE19_M_get_Tp_allocatorEv>
  406e8a:	48 89 c3             	mov    rbx,rax
  406e8d:	48 8d 45 a0          	lea    rax,[rbp-0x60]
  406e91:	48 89 c7             	mov    rdi,rax
  406e94:	e8 1f 02 00 00       	call   4070b8 <_ZNK9__gnu_cxx17__normal_iteratorIPmSt6vectorImSaImEEE4baseEv>
  406e99:	48 8b 00             	mov    rax,QWORD PTR [rax]
  406e9c:	48 8b 55 e8          	mov    rdx,QWORD PTR [rbp-0x18]
  406ea0:	48 8b 75 d0          	mov    rsi,QWORD PTR [rbp-0x30]
  406ea4:	48 89 d9             	mov    rcx,rbx
  406ea7:	48 89 c7             	mov    rdi,rax
  406eaa:	e8 7a 0f 00 00       	call   407e29 <_ZNSt6vectorImSaImEE11_S_relocateEPmS2_S2_RS0_>
  406eaf:	48 89 45 e8          	mov    QWORD PTR [rbp-0x18],rax
  406eb3:	eb 6f                	jmp    406f24 <_ZNSt6vectorImSaImEE17_M_realloc_insertIJRKmEEEvN9__gnu_cxx17__normal_iteratorIPmS1_EEDpOT_+0x1ae>
  406eb5:	48 8b 45 a8          	mov    rax,QWORD PTR [rbp-0x58]
  406eb9:	48 89 c7             	mov    rdi,rax
  406ebc:	e8 f1 f1 ff ff       	call   4060b2 <_ZNSt12_Vector_baseImSaImEE19_M_get_Tp_allocatorEv>
  406ec1:	48 89 c3             	mov    rbx,rax
  406ec4:	48 8d 45 a0          	lea    rax,[rbp-0x60]
  406ec8:	48 89 c7             	mov    rdi,rax
  406ecb:	e8 e8 01 00 00       	call   4070b8 <_ZNK9__gnu_cxx17__normal_iteratorIPmSt6vectorImSaImEEE4baseEv>
  406ed0:	48 8b 30             	mov    rsi,QWORD PTR [rax]
  406ed3:	48 8b 55 c0          	mov    rdx,QWORD PTR [rbp-0x40]
  406ed7:	48 8b 45 d8          	mov    rax,QWORD PTR [rbp-0x28]
  406edb:	48 89 d9             	mov    rcx,rbx
  406ede:	48 89 c7             	mov    rdi,rax
  406ee1:	e8 a3 0e 00 00       	call   407d89 <_ZSt34__uninitialized_move_if_noexcept_aIPmS0_SaImEET0_T_S3_S2_RT1_>
  406ee6:	48 89 45 e8          	mov    QWORD PTR [rbp-0x18],rax
  406eea:	48 83 45 e8 08       	add    QWORD PTR [rbp-0x18],0x8
  406eef:	48 8b 45 a8          	mov    rax,QWORD PTR [rbp-0x58]
  406ef3:	48 89 c7             	mov    rdi,rax
  406ef6:	e8 b7 f1 ff ff       	call   4060b2 <_ZNSt12_Vector_baseImSaImEE19_M_get_Tp_allocatorEv>
  406efb:	48 89 c3             	mov    rbx,rax
  406efe:	48 8d 45 a0          	lea    rax,[rbp-0x60]
  406f02:	48 89 c7             	mov    rdi,rax
  406f05:	e8 ae 01 00 00       	call   4070b8 <_ZNK9__gnu_cxx17__normal_iteratorIPmSt6vectorImSaImEEE4baseEv>
  406f0a:	48 8b 00             	mov    rax,QWORD PTR [rax]
  406f0d:	48 8b 55 e8          	mov    rdx,QWORD PTR [rbp-0x18]
  406f11:	48 8b 75 d0          	mov    rsi,QWORD PTR [rbp-0x30]
  406f15:	48 89 d9             	mov    rcx,rbx
  406f18:	48 89 c7             	mov    rdi,rax
  406f1b:	e8 69 0e 00 00       	call   407d89 <_ZSt34__uninitialized_move_if_noexcept_aIPmS0_SaImEET0_T_S3_S2_RT1_>
  406f20:	48 89 45 e8          	mov    QWORD PTR [rbp-0x18],rax
  406f24:	e8 32 fe ff ff       	call   406d5b <_ZNSt6vectorImSaImEE15_S_use_relocateEv>
  406f29:	83 f0 01             	xor    eax,0x1
  406f2c:	84 c0                	test   al,al
  406f2e:	74 22                	je     406f52 <_ZNSt6vectorImSaImEE17_M_realloc_insertIJRKmEEEvN9__gnu_cxx17__normal_iteratorIPmS1_EEDpOT_+0x1dc>
  406f30:	48 8b 45 a8          	mov    rax,QWORD PTR [rbp-0x58]
  406f34:	48 89 c7             	mov    rdi,rax
  406f37:	e8 76 f1 ff ff       	call   4060b2 <_ZNSt12_Vector_baseImSaImEE19_M_get_Tp_allocatorEv>
  406f3c:	48 89 c2             	mov    rdx,rax
  406f3f:	48 8b 4d d0          	mov    rcx,QWORD PTR [rbp-0x30]
  406f43:	48 8b 45 d8          	mov    rax,QWORD PTR [rbp-0x28]
  406f47:	48 89 ce             	mov    rsi,rcx
  406f4a:	48 89 c7             	mov    rdi,rax
  406f4d:	e8 6e f1 ff ff       	call   4060c0 <_ZSt8_DestroyIPmmEvT_S1_RSaIT0_E>
  406f52:	48 8b 45 a8          	mov    rax,QWORD PTR [rbp-0x58]
  406f56:	48 8b 55 a8          	mov    rdx,QWORD PTR [rbp-0x58]
  406f5a:	48 8b 52 10          	mov    rdx,QWORD PTR [rdx+0x10]
  406f5e:	48 2b 55 d8          	sub    rdx,QWORD PTR [rbp-0x28]
  406f62:	48 c1 fa 03          	sar    rdx,0x3
  406f66:	48 8b 4d d8          	mov    rcx,QWORD PTR [rbp-0x28]
  406f6a:	48 89 ce             	mov    rsi,rcx
  406f6d:	48 89 c7             	mov    rdi,rax
  406f70:	e8 07 f1 ff ff       	call   40607c <_ZNSt12_Vector_baseImSaImEE13_M_deallocateEPmm>
  406f75:	48 8b 45 a8          	mov    rax,QWORD PTR [rbp-0x58]
  406f79:	48 8b 55 c0          	mov    rdx,QWORD PTR [rbp-0x40]
  406f7d:	48 89 10             	mov    QWORD PTR [rax],rdx
  406f80:	48 8b 45 a8          	mov    rax,QWORD PTR [rbp-0x58]
  406f84:	48 8b 55 e8          	mov    rdx,QWORD PTR [rbp-0x18]
  406f88:	48 89 50 08          	mov    QWORD PTR [rax+0x8],rdx
  406f8c:	48 8b 45 e0          	mov    rax,QWORD PTR [rbp-0x20]
  406f90:	48 8d 14 c5 00 00 00 	lea    rdx,[rax*8+0x0]
  406f97:	00 
  406f98:	48 8b 45 c0          	mov    rax,QWORD PTR [rbp-0x40]
  406f9c:	48 01 c2             	add    rdx,rax
  406f9f:	48 8b 45 a8          	mov    rax,QWORD PTR [rbp-0x58]
  406fa3:	48 89 50 10          	mov    QWORD PTR [rax+0x10],rdx
  406fa7:	e9 84 00 00 00       	jmp    407030 <_ZNSt6vectorImSaImEE17_M_realloc_insertIJRKmEEEvN9__gnu_cxx17__normal_iteratorIPmS1_EEDpOT_+0x2ba>
  406fac:	48 89 c7             	mov    rdi,rax
  406faf:	e8 fc b0 ff ff       	call   4020b0 <__cxa_begin_catch@plt>
  406fb4:	48 83 7d e8 00       	cmp    QWORD PTR [rbp-0x18],0x0
  406fb9:	75 24                	jne    406fdf <_ZNSt6vectorImSaImEE17_M_realloc_insertIJRKmEEEvN9__gnu_cxx17__normal_iteratorIPmS1_EEDpOT_+0x269>
  406fbb:	48 8b 45 c8          	mov    rax,QWORD PTR [rbp-0x38]
  406fbf:	48 8d 14 c5 00 00 00 	lea    rdx,[rax*8+0x0]
  406fc6:	00 
  406fc7:	48 8b 45 c0          	mov    rax,QWORD PTR [rbp-0x40]
  406fcb:	48 01 c2             	add    rdx,rax
  406fce:	48 8b 45 a8          	mov    rax,QWORD PTR [rbp-0x58]
  406fd2:	48 89 d6             	mov    rsi,rdx
  406fd5:	48 89 c7             	mov    rdi,rax
  406fd8:	e8 7e 0e 00 00       	call   407e5b <_ZNSt16allocator_traitsISaImEE7destroyImEEvRS0_PT_>
  406fdd:	eb 22                	jmp    407001 <_ZNSt6vectorImSaImEE17_M_realloc_insertIJRKmEEEvN9__gnu_cxx17__normal_iteratorIPmS1_EEDpOT_+0x28b>
  406fdf:	48 8b 45 a8          	mov    rax,QWORD PTR [rbp-0x58]
  406fe3:	48 89 c7             	mov    rdi,rax
  406fe6:	e8 c7 f0 ff ff       	call   4060b2 <_ZNSt12_Vector_baseImSaImEE19_M_get_Tp_allocatorEv>
  406feb:	48 89 c2             	mov    rdx,rax
  406fee:	48 8b 4d e8          	mov    rcx,QWORD PTR [rbp-0x18]
  406ff2:	48 8b 45 c0          	mov    rax,QWORD PTR [rbp-0x40]
  406ff6:	48 89 ce             	mov    rsi,rcx
  406ff9:	48 89 c7             	mov    rdi,rax
  406ffc:	e8 bf f0 ff ff       	call   4060c0 <_ZSt8_DestroyIPmmEvT_S1_RSaIT0_E>
  407001:	48 8b 45 a8          	mov    rax,QWORD PTR [rbp-0x58]
  407005:	48 8b 55 e0          	mov    rdx,QWORD PTR [rbp-0x20]
  407009:	48 8b 4d c0          	mov    rcx,QWORD PTR [rbp-0x40]
  40700d:	48 89 ce             	mov    rsi,rcx
  407010:	48 89 c7             	mov    rdi,rax
  407013:	e8 64 f0 ff ff       	call   40607c <_ZNSt12_Vector_baseImSaImEE13_M_deallocateEPmm>
  407018:	e8 d3 b2 ff ff       	call   4022f0 <__cxa_rethrow@plt>
  40701d:	48 89 c3             	mov    rbx,rax
  407020:	e8 1b b3 ff ff       	call   402340 <__cxa_end_catch@plt>
  407025:	48 89 d8             	mov    rax,rbx
  407028:	48 89 c7             	mov    rdi,rax
  40702b:	e8 60 b3 ff ff       	call   402390 <_Unwind_Resume@plt>
  407030:	48 8b 5d f8          	mov    rbx,QWORD PTR [rbp-0x8]
  407034:	c9                   	leave  
  407035:	c3                   	ret    

0000000000407036 <_ZNKSt6vectorImSaImEE11_M_data_ptrImEEPT_S4_>:
  407036:	55                   	push   rbp
  407037:	48 89 e5             	mov    rbp,rsp
  40703a:	48 89 7d f8          	mov    QWORD PTR [rbp-0x8],rdi
  40703e:	48 89 75 f0          	mov    QWORD PTR [rbp-0x10],rsi
  407042:	48 8b 45 f0          	mov    rax,QWORD PTR [rbp-0x10]
  407046:	5d                   	pop    rbp
  407047:	c3                   	ret    

0000000000407048 <_ZSt6__sortIN9__gnu_cxx17__normal_iteratorIPmSt6vectorImSaImEEEENS0_5__ops15_Iter_less_iterEEvT_S9_T0_>:
  407048:	55                   	push   rbp
  407049:	48 89 e5             	mov    rbp,rsp
  40704c:	48 83 ec 20          	sub    rsp,0x20
  407050:	48 89 7d f8          	mov    QWORD PTR [rbp-0x8],rdi
  407054:	48 89 75 f0          	mov    QWORD PTR [rbp-0x10],rsi
  407058:	48 8d 55 f0          	lea    rdx,[rbp-0x10]
  40705c:	48 8d 45 f8          	lea    rax,[rbp-0x8]
  407060:	48 89 d6             	mov    rsi,rdx
  407063:	48 89 c7             	mov    rdi,rax
  407066:	e8 ac eb ff ff       	call   405c17 <_ZN9__gnu_cxxneIPmSt6vectorImSaImEEEEbRKNS_17__normal_iteratorIT_T0_EESA_>
  40706b:	84 c0                	test   al,al
  40706d:	74 45                	je     4070b4 <_ZSt6__sortIN9__gnu_cxx17__normal_iteratorIPmSt6vectorImSaImEEEENS0_5__ops15_Iter_less_iterEEvT_S9_T0_+0x6c>
  40706f:	48 8d 55 f8          	lea    rdx,[rbp-0x8]
  407073:	48 8d 45 f0          	lea    rax,[rbp-0x10]
  407077:	48 89 d6             	mov    rsi,rdx
  40707a:	48 89 c7             	mov    rdi,rax
  40707d:	e8 e8 f3 ff ff       	call   40646a <_ZN9__gnu_cxxmiIPmSt6vectorImSaImEEEENS_17__normal_iteratorIT_T0_E15difference_typeERKS8_SB_>
  407082:	48 89 c7             	mov    rdi,rax
  407085:	e8 18 e2 ff ff       	call   4052a2 <_ZSt4__lgl>
  40708a:	48 8d 14 00          	lea    rdx,[rax+rax*1]
  40708e:	48 8b 4d f0          	mov    rcx,QWORD PTR [rbp-0x10]
  407092:	48 8b 45 f8          	mov    rax,QWORD PTR [rbp-0x8]
  407096:	48 89 ce             	mov    rsi,rcx
  407099:	48 89 c7             	mov    rdi,rax
  40709c:	e8 e0 0d 00 00       	call   407e81 <_ZSt16__introsort_loopIN9__gnu_cxx17__normal_iteratorIPmSt6vectorImSaImEEEElNS0_5__ops15_Iter_less_iterEEvT_S9_T0_T1_>
  4070a1:	48 8b 55 f0          	mov    rdx,QWORD PTR [rbp-0x10]
  4070a5:	48 8b 45 f8          	mov    rax,QWORD PTR [rbp-0x8]
  4070a9:	48 89 d6             	mov    rsi,rdx
  4070ac:	48 89 c7             	mov    rdi,rax
  4070af:	e8 5e 0e 00 00       	call   407f12 <_ZSt22__final_insertion_sortIN9__gnu_cxx17__normal_iteratorIPmSt6vectorImSaImEEEENS0_5__ops15_Iter_less_iterEEvT_S9_T0_>
  4070b4:	90                   	nop
  4070b5:	c9                   	leave  
  4070b6:	c3                   	ret    
  4070b7:	90                   	nop

00000000004070b8 <_ZNK9__gnu_cxx17__normal_iteratorIPmSt6vectorImSaImEEE4baseEv>:
  4070b8:	55                   	push   rbp
  4070b9:	48 89 e5             	mov    rbp,rsp
  4070bc:	48 89 7d f8          	mov    QWORD PTR [rbp-0x8],rdi
  4070c0:	48 8b 45 f8          	mov    rax,QWORD PTR [rbp-0x8]
  4070c4:	5d                   	pop    rbp
  4070c5:	c3                   	ret    

00000000004070c6 <_ZNKSt6vectorImSaImEE5beginEv>:
  4070c6:	55                   	push   rbp
  4070c7:	48 89 e5             	mov    rbp,rsp
  4070ca:	48 83 ec 20          	sub    rsp,0x20
  4070ce:	48 89 7d e8          	mov    QWORD PTR [rbp-0x18],rdi
  4070d2:	48 8b 55 e8          	mov    rdx,QWORD PTR [rbp-0x18]
  4070d6:	48 8d 45 f8          	lea    rax,[rbp-0x8]
  4070da:	48 89 d6             	mov    rsi,rdx
  4070dd:	48 89 c7             	mov    rdi,rax
  4070e0:	e8 b9 0e 00 00       	call   407f9e <_ZN9__gnu_cxx17__normal_iteratorIPKmSt6vectorImSaImEEEC1ERKS2_>
  4070e5:	48 8b 45 f8          	mov    rax,QWORD PTR [rbp-0x8]
  4070e9:	c9                   	leave  
  4070ea:	c3                   	ret    
  4070eb:	90                   	nop

00000000004070ec <_ZNKSt6vectorImSaImEE3endEv>:
  4070ec:	55                   	push   rbp
  4070ed:	48 89 e5             	mov    rbp,rsp
  4070f0:	48 83 ec 20          	sub    rsp,0x20
  4070f4:	48 89 7d e8          	mov    QWORD PTR [rbp-0x18],rdi
  4070f8:	48 8b 45 e8          	mov    rax,QWORD PTR [rbp-0x18]
  4070fc:	48 8d 50 08          	lea    rdx,[rax+0x8]
  407100:	48 8d 45 f8          	lea    rax,[rbp-0x8]
  407104:	48 89 d6             	mov    rsi,rdx
  407107:	48 89 c7             	mov    rdi,rax
  40710a:	e8 8f 0e 00 00       	call   407f9e <_ZN9__gnu_cxx17__normal_iteratorIPKmSt6vectorImSaImEEEC1ERKS2_>
  40710f:	48 8b 45 f8          	mov    rax,QWORD PTR [rbp-0x8]
  407113:	c9                   	leave  
  407114:	c3                   	ret    

0000000000407115 <_ZN9__gnu_cxxeqIPKmSt6vectorImSaImEEEEbRKNS_17__normal_iteratorIT_T0_EESB_>:
  407115:	55                   	push   rbp
  407116:	48 89 e5             	mov    rbp,rsp
  407119:	53                   	push   rbx
  40711a:	48 83 ec 18          	sub    rsp,0x18
  40711e:	48 89 7d e8          	mov    QWORD PTR [rbp-0x18],rdi
  407122:	48 89 75 e0          	mov    QWORD PTR [rbp-0x20],rsi
  407126:	48 8b 45 e8          	mov    rax,QWORD PTR [rbp-0x18]
  40712a:	48 89 c7             	mov    rdi,rax
  40712d:	e8 8a 0e 00 00       	call   407fbc <_ZNK9__gnu_cxx17__normal_iteratorIPKmSt6vectorImSaImEEE4baseEv>
  407132:	48 8b 18             	mov    rbx,QWORD PTR [rax]
  407135:	48 8b 45 e0          	mov    rax,QWORD PTR [rbp-0x20]
  407139:	48 89 c7             	mov    rdi,rax
  40713c:	e8 7b 0e 00 00       	call   407fbc <_ZNK9__gnu_cxx17__normal_iteratorIPKmSt6vectorImSaImEEE4baseEv>
  407141:	48 8b 00             	mov    rax,QWORD PTR [rax]
  407144:	48 39 c3             	cmp    rbx,rax
  407147:	0f 94 c0             	sete   al
  40714a:	48 8b 5d f8          	mov    rbx,QWORD PTR [rbp-0x8]
  40714e:	c9                   	leave  
  40714f:	c3                   	ret    

0000000000407150 <_ZNKSt12_Vector_baseImSaImEE19_M_get_Tp_allocatorEv>:
  407150:	55                   	push   rbp
  407151:	48 89 e5             	mov    rbp,rsp
  407154:	48 89 7d f8          	mov    QWORD PTR [rbp-0x8],rdi
  407158:	48 8b 45 f8          	mov    rax,QWORD PTR [rbp-0x8]
  40715c:	5d                   	pop    rbp
  40715d:	c3                   	ret    

000000000040715e <_ZStneRKSaImES1_>:
  40715e:	55                   	push   rbp
  40715f:	48 89 e5             	mov    rbp,rsp
  407162:	48 89 7d f8          	mov    QWORD PTR [rbp-0x8],rdi
  407166:	48 89 75 f0          	mov    QWORD PTR [rbp-0x10],rsi
  40716a:	b8 00 00 00 00       	mov    eax,0x0
  40716f:	5d                   	pop    rbp
  407170:	c3                   	ret    

0000000000407171 <_ZSt15__alloc_on_copyISaImEEvRT_RKS1_>:
  407171:	55                   	push   rbp
  407172:	48 89 e5             	mov    rbp,rsp
  407175:	48 83 ec 10          	sub    rsp,0x10
  407179:	48 89 7d f8          	mov    QWORD PTR [rbp-0x8],rdi
  40717d:	48 89 75 f0          	mov    QWORD PTR [rbp-0x10],rsi
  407181:	48 8b 55 f0          	mov    rdx,QWORD PTR [rbp-0x10]
  407185:	48 8b 45 f8          	mov    rax,QWORD PTR [rbp-0x8]
  407189:	48 89 d6             	mov    rsi,rdx
  40718c:	48 89 c7             	mov    rdi,rax
  40718f:	e8 36 0e 00 00       	call   407fca <_ZSt18__do_alloc_on_copyISaImEEvRT_RKS1_St17integral_constantIbLb0EE>
  407194:	90                   	nop
  407195:	c9                   	leave  
  407196:	c3                   	ret    
  407197:	90                   	nop

0000000000407198 <_ZNKSt6vectorImSaImEE8capacityEv>:
  407198:	55                   	push   rbp
  407199:	48 89 e5             	mov    rbp,rsp
  40719c:	48 89 7d f8          	mov    QWORD PTR [rbp-0x8],rdi
  4071a0:	48 8b 45 f8          	mov    rax,QWORD PTR [rbp-0x8]
  4071a4:	48 8b 50 10          	mov    rdx,QWORD PTR [rax+0x10]
  4071a8:	48 8b 45 f8          	mov    rax,QWORD PTR [rbp-0x8]
  4071ac:	48 8b 08             	mov    rcx,QWORD PTR [rax]
  4071af:	48 89 d0             	mov    rax,rdx
  4071b2:	48 29 c8             	sub    rax,rcx
  4071b5:	48 c1 f8 03          	sar    rax,0x3
  4071b9:	5d                   	pop    rbp
  4071ba:	c3                   	ret    
  4071bb:	90                   	nop

00000000004071bc <_ZNSt6vectorImSaImEE20_M_allocate_and_copyIN9__gnu_cxx17__normal_iteratorIPKmS1_EEEEPmmT_S9_>:
  4071bc:	55                   	push   rbp
  4071bd:	48 89 e5             	mov    rbp,rsp
  4071c0:	53                   	push   rbx
  4071c1:	48 83 ec 38          	sub    rsp,0x38
  4071c5:	48 89 7d d8          	mov    QWORD PTR [rbp-0x28],rdi
  4071c9:	48 89 75 d0          	mov    QWORD PTR [rbp-0x30],rsi
  4071cd:	48 89 55 c8          	mov    QWORD PTR [rbp-0x38],rdx
  4071d1:	48 89 4d c0          	mov    QWORD PTR [rbp-0x40],rcx
  4071d5:	48 8b 45 d8          	mov    rax,QWORD PTR [rbp-0x28]
  4071d9:	48 8b 55 d0          	mov    rdx,QWORD PTR [rbp-0x30]
  4071dd:	48 89 d6             	mov    rsi,rdx
  4071e0:	48 89 c7             	mov    rdi,rax
  4071e3:	e8 6e 0b 00 00       	call   407d56 <_ZNSt12_Vector_baseImSaImEE11_M_allocateEm>
  4071e8:	48 89 45 e8          	mov    QWORD PTR [rbp-0x18],rax
  4071ec:	48 8b 45 d8          	mov    rax,QWORD PTR [rbp-0x28]
  4071f0:	48 89 c7             	mov    rdi,rax
  4071f3:	e8 ba ee ff ff       	call   4060b2 <_ZNSt12_Vector_baseImSaImEE19_M_get_Tp_allocatorEv>
  4071f8:	48 89 c1             	mov    rcx,rax
  4071fb:	48 8b 55 e8          	mov    rdx,QWORD PTR [rbp-0x18]
  4071ff:	48 8b 75 c0          	mov    rsi,QWORD PTR [rbp-0x40]
  407203:	48 8b 45 c8          	mov    rax,QWORD PTR [rbp-0x38]
  407207:	48 89 c7             	mov    rdi,rax
  40720a:	e8 ca 0d 00 00       	call   407fd9 <_ZSt22__uninitialized_copy_aIN9__gnu_cxx17__normal_iteratorIPKmSt6vectorImSaImEEEEPmmET0_T_SA_S9_RSaIT1_E>
  40720f:	48 8b 45 e8          	mov    rax,QWORD PTR [rbp-0x18]
  407213:	eb 37                	jmp    40724c <_ZNSt6vectorImSaImEE20_M_allocate_and_copyIN9__gnu_cxx17__normal_iteratorIPKmS1_EEEEPmmT_S9_+0x90>
  407215:	48 89 c7             	mov    rdi,rax
  407218:	e8 93 ae ff ff       	call   4020b0 <__cxa_begin_catch@plt>
  40721d:	48 8b 45 d8          	mov    rax,QWORD PTR [rbp-0x28]
  407221:	48 8b 55 d0          	mov    rdx,QWORD PTR [rbp-0x30]
  407225:	48 8b 4d e8          	mov    rcx,QWORD PTR [rbp-0x18]
  407229:	48 89 ce             	mov    rsi,rcx
  40722c:	48 89 c7             	mov    rdi,rax
  40722f:	e8 48 ee ff ff       	call   40607c <_ZNSt12_Vector_baseImSaImEE13_M_deallocateEPmm>
  407234:	e8 b7 b0 ff ff       	call   4022f0 <__cxa_rethrow@plt>
  407239:	48 89 c3             	mov    rbx,rax
  40723c:	e8 ff b0 ff ff       	call   402340 <__cxa_end_catch@plt>
  407241:	48 89 d8             	mov    rax,rbx
  407244:	48 89 c7             	mov    rdi,rax
  407247:	e8 44 b1 ff ff       	call   402390 <_Unwind_Resume@plt>
  40724c:	48 8b 5d f8          	mov    rbx,QWORD PTR [rbp-0x8]
  407250:	c9                   	leave  
  407251:	c3                   	ret    

0000000000407252 <_ZSt4copyIN9__gnu_cxx17__normal_iteratorIPKmSt6vectorImSaImEEEENS1_IPmS6_EEET0_T_SB_SA_>:
  407252:	55                   	push   rbp
  407253:	48 89 e5             	mov    rbp,rsp
  407256:	53                   	push   rbx
  407257:	48 83 ec 28          	sub    rsp,0x28
  40725b:	48 89 7d e8          	mov    QWORD PTR [rbp-0x18],rdi
  40725f:	48 89 75 e0          	mov    QWORD PTR [rbp-0x20],rsi
  407263:	48 89 55 d8          	mov    QWORD PTR [rbp-0x28],rdx
  407267:	48 8b 45 e0          	mov    rax,QWORD PTR [rbp-0x20]
  40726b:	48 89 c7             	mov    rdi,rax
  40726e:	e8 97 0d 00 00       	call   40800a <_ZSt12__miter_baseIN9__gnu_cxx17__normal_iteratorIPKmSt6vectorImSaImEEEEET_S8_>
  407273:	48 89 c3             	mov    rbx,rax
  407276:	48 8b 45 e8          	mov    rax,QWORD PTR [rbp-0x18]
  40727a:	48 89 c7             	mov    rdi,rax
  40727d:	e8 88 0d 00 00       	call   40800a <_ZSt12__miter_baseIN9__gnu_cxx17__normal_iteratorIPKmSt6vectorImSaImEEEEET_S8_>
  407282:	48 89 c1             	mov    rcx,rax
  407285:	48 8b 45 d8          	mov    rax,QWORD PTR [rbp-0x28]
  407289:	48 89 c2             	mov    rdx,rax
  40728c:	48 89 de             	mov    rsi,rbx
  40728f:	48 89 cf             	mov    rdi,rcx
  407292:	e8 81 0d 00 00       	call   408018 <_ZSt13__copy_move_aILb0EN9__gnu_cxx17__normal_iteratorIPKmSt6vectorImSaImEEEENS1_IPmS6_EEET1_T0_SB_SA_>
  407297:	48 8b 5d f8          	mov    rbx,QWORD PTR [rbp-0x8]
  40729b:	c9                   	leave  
  40729c:	c3                   	ret    

000000000040729d <_ZSt8_DestroyIN9__gnu_cxx17__normal_iteratorIPmSt6vectorImSaImEEEEmEvT_S7_RSaIT0_E>:
  40729d:	55                   	push   rbp
  40729e:	48 89 e5             	mov    rbp,rsp
  4072a1:	48 83 ec 20          	sub    rsp,0x20
  4072a5:	48 89 7d f8          	mov    QWORD PTR [rbp-0x8],rdi
  4072a9:	48 89 75 f0          	mov    QWORD PTR [rbp-0x10],rsi
  4072ad:	48 89 55 e8          	mov    QWORD PTR [rbp-0x18],rdx
  4072b1:	48 8b 55 f0          	mov    rdx,QWORD PTR [rbp-0x10]
  4072b5:	48 8b 45 f8          	mov    rax,QWORD PTR [rbp-0x8]
  4072b9:	48 89 d6             	mov    rsi,rdx
  4072bc:	48 89 c7             	mov    rdi,rax
  4072bf:	e8 be 0d 00 00       	call   408082 <_ZSt8_DestroyIN9__gnu_cxx17__normal_iteratorIPmSt6vectorImSaImEEEEEvT_S7_>
  4072c4:	90                   	nop
  4072c5:	c9                   	leave  
  4072c6:	c3                   	ret    

00000000004072c7 <_ZSt4copyIPmS0_ET0_T_S2_S1_>:
  4072c7:	55                   	push   rbp
  4072c8:	48 89 e5             	mov    rbp,rsp
  4072cb:	53                   	push   rbx
  4072cc:	48 83 ec 28          	sub    rsp,0x28
  4072d0:	48 89 7d e8          	mov    QWORD PTR [rbp-0x18],rdi
  4072d4:	48 89 75 e0          	mov    QWORD PTR [rbp-0x20],rsi
  4072d8:	48 89 55 d8          	mov    QWORD PTR [rbp-0x28],rdx
  4072dc:	48 8b 45 e0          	mov    rax,QWORD PTR [rbp-0x20]
  4072e0:	48 89 c7             	mov    rdi,rax
  4072e3:	e8 c0 0d 00 00       	call   4080a8 <_ZSt12__miter_baseIPmET_S1_>
  4072e8:	48 89 c3             	mov    rbx,rax
  4072eb:	48 8b 45 e8          	mov    rax,QWORD PTR [rbp-0x18]
  4072ef:	48 89 c7             	mov    rdi,rax
  4072f2:	e8 b1 0d 00 00       	call   4080a8 <_ZSt12__miter_baseIPmET_S1_>
  4072f7:	48 89 c1             	mov    rcx,rax
  4072fa:	48 8b 45 d8          	mov    rax,QWORD PTR [rbp-0x28]
  4072fe:	48 89 c2             	mov    rdx,rax
  407301:	48 89 de             	mov    rsi,rbx
  407304:	48 89 cf             	mov    rdi,rcx
  407307:	e8 aa 0d 00 00       	call   4080b6 <_ZSt13__copy_move_aILb0EPmS0_ET1_T0_S2_S1_>
  40730c:	48 8b 5d f8          	mov    rbx,QWORD PTR [rbp-0x8]
  407310:	c9                   	leave  
  407311:	c3                   	ret    

0000000000407312 <_ZSt22__uninitialized_copy_aIPmS0_mET0_T_S2_S1_RSaIT1_E>:
  407312:	55                   	push   rbp
  407313:	48 89 e5             	mov    rbp,rsp
  407316:	48 83 ec 20          	sub    rsp,0x20
  40731a:	48 89 7d f8          	mov    QWORD PTR [rbp-0x8],rdi
  40731e:	48 89 75 f0          	mov    QWORD PTR [rbp-0x10],rsi
  407322:	48 89 55 e8          	mov    QWORD PTR [rbp-0x18],rdx
  407326:	48 89 4d e0          	mov    QWORD PTR [rbp-0x20],rcx
  40732a:	48 8b 55 e8          	mov    rdx,QWORD PTR [rbp-0x18]
  40732e:	48 8b 4d f0          	mov    rcx,QWORD PTR [rbp-0x10]
  407332:	48 8b 45 f8          	mov    rax,QWORD PTR [rbp-0x8]
  407336:	48 89 ce             	mov    rsi,rcx
  407339:	48 89 c7             	mov    rdi,rax
  40733c:	e8 df 0d 00 00       	call   408120 <_ZSt18uninitialized_copyIPmS0_ET0_T_S2_S1_>
  407341:	c9                   	leave  
  407342:	c3                   	ret    

0000000000407343 <_ZN9__gnu_cxx5__ops17__iter_equals_valIKmEENS0_16_Iter_equals_valIT_EERS4_>:
  407343:	55                   	push   rbp
  407344:	48 89 e5             	mov    rbp,rsp
  407347:	48 83 ec 20          	sub    rsp,0x20
  40734b:	48 89 7d e8          	mov    QWORD PTR [rbp-0x18],rdi
  40734f:	48 8b 55 e8          	mov    rdx,QWORD PTR [rbp-0x18]
  407353:	48 8d 45 f8          	lea    rax,[rbp-0x8]
  407357:	48 89 d6             	mov    rsi,rdx
  40735a:	48 89 c7             	mov    rdi,rax
  40735d:	e8 f0 0d 00 00       	call   408152 <_ZN9__gnu_cxx5__ops16_Iter_equals_valIKmEC1ERS2_>
  407362:	48 8b 45 f8          	mov    rax,QWORD PTR [rbp-0x8]
  407366:	c9                   	leave  
  407367:	c3                   	ret    

0000000000407368 <_ZSt9__find_ifIN9__gnu_cxx17__normal_iteratorIPmSt6vectorImSaImEEEENS0_5__ops16_Iter_equals_valIKmEEET_SB_SB_T0_>:
  407368:	55                   	push   rbp
  407369:	48 89 e5             	mov    rbp,rsp
  40736c:	48 83 ec 20          	sub    rsp,0x20
  407370:	48 89 7d f8          	mov    QWORD PTR [rbp-0x8],rdi
  407374:	48 89 75 f0          	mov    QWORD PTR [rbp-0x10],rsi
  407378:	48 89 55 e8          	mov    QWORD PTR [rbp-0x18],rdx
  40737c:	48 8d 45 f8          	lea    rax,[rbp-0x8]
  407380:	48 89 c7             	mov    rdi,rax
  407383:	e8 e4 0d 00 00       	call   40816c <_ZSt19__iterator_categoryIN9__gnu_cxx17__normal_iteratorIPmSt6vectorImSaImEEEEENSt15iterator_traitsIT_E17iterator_categoryERKS8_>
  407388:	48 8b 55 e8          	mov    rdx,QWORD PTR [rbp-0x18]
  40738c:	48 8b 4d f0          	mov    rcx,QWORD PTR [rbp-0x10]
  407390:	48 8b 45 f8          	mov    rax,QWORD PTR [rbp-0x8]
  407394:	48 89 ce             	mov    rsi,rcx
  407397:	48 89 c7             	mov    rdi,rax
  40739a:	e8 d8 0d 00 00       	call   408177 <_ZSt9__find_ifIN9__gnu_cxx17__normal_iteratorIPmSt6vectorImSaImEEEENS0_5__ops16_Iter_equals_valIKmEEET_SB_SB_T0_St26random_access_iterator_tag>
  40739f:	c9                   	leave  
  4073a0:	c3                   	ret    

00000000004073a1 <_ZNSt16allocator_traitsISaImEE10deallocateERS0_Pmm>:
  4073a1:	55                   	push   rbp
  4073a2:	48 89 e5             	mov    rbp,rsp
  4073a5:	48 83 ec 20          	sub    rsp,0x20
  4073a9:	48 89 7d f8          	mov    QWORD PTR [rbp-0x8],rdi
  4073ad:	48 89 75 f0          	mov    QWORD PTR [rbp-0x10],rsi
  4073b1:	48 89 55 e8          	mov    QWORD PTR [rbp-0x18],rdx
  4073b5:	48 8b 55 e8          	mov    rdx,QWORD PTR [rbp-0x18]
  4073b9:	48 8b 4d f0          	mov    rcx,QWORD PTR [rbp-0x10]
  4073bd:	48 8b 45 f8          	mov    rax,QWORD PTR [rbp-0x8]
  4073c1:	48 89 ce             	mov    rsi,rcx
  4073c4:	48 89 c7             	mov    rdi,rax
  4073c7:	e8 52 0f 00 00       	call   40831e <_ZN9__gnu_cxx13new_allocatorImE10deallocateEPmm>
  4073cc:	90                   	nop
  4073cd:	c9                   	leave  
  4073ce:	c3                   	ret    

00000000004073cf <_ZSt8_DestroyIPmEvT_S1_>:
  4073cf:	55                   	push   rbp
  4073d0:	48 89 e5             	mov    rbp,rsp
  4073d3:	48 83 ec 10          	sub    rsp,0x10
  4073d7:	48 89 7d f8          	mov    QWORD PTR [rbp-0x8],rdi
  4073db:	48 89 75 f0          	mov    QWORD PTR [rbp-0x10],rsi
  4073df:	48 8b 55 f0          	mov    rdx,QWORD PTR [rbp-0x10]
  4073e3:	48 8b 45 f8          	mov    rax,QWORD PTR [rbp-0x8]
  4073e7:	48 89 d6             	mov    rsi,rdx
  4073ea:	48 89 c7             	mov    rdi,rax
  4073ed:	e8 4f 0f 00 00       	call   408341 <_ZNSt12_Destroy_auxILb1EE9__destroyIPmEEvT_S3_>
  4073f2:	90                   	nop
  4073f3:	c9                   	leave  
  4073f4:	c3                   	ret    

00000000004073f5 <_ZSt7forwardImEOT_RNSt16remove_referenceIS0_E4typeE>:
  4073f5:	55                   	push   rbp
  4073f6:	48 89 e5             	mov    rbp,rsp
  4073f9:	48 89 7d f8          	mov    QWORD PTR [rbp-0x8],rdi
  4073fd:	48 8b 45 f8          	mov    rax,QWORD PTR [rbp-0x8]
  407401:	5d                   	pop    rbp
  407402:	c3                   	ret    

0000000000407403 <_ZNSt16allocator_traitsISaImEE9constructImJmEEEvRS0_PT_DpOT0_>:
  407403:	55                   	push   rbp
  407404:	48 89 e5             	mov    rbp,rsp
  407407:	48 83 ec 20          	sub    rsp,0x20
  40740b:	48 89 7d f8          	mov    QWORD PTR [rbp-0x8],rdi
  40740f:	48 89 75 f0          	mov    QWORD PTR [rbp-0x10],rsi
  407413:	48 89 55 e8          	mov    QWORD PTR [rbp-0x18],rdx
  407417:	48 8b 45 e8          	mov    rax,QWORD PTR [rbp-0x18]
  40741b:	48 89 c7             	mov    rdi,rax
  40741e:	e8 d2 ff ff ff       	call   4073f5 <_ZSt7forwardImEOT_RNSt16remove_referenceIS0_E4typeE>
  407423:	48 89 c2             	mov    rdx,rax
  407426:	48 8b 4d f0          	mov    rcx,QWORD PTR [rbp-0x10]
  40742a:	48 8b 45 f8          	mov    rax,QWORD PTR [rbp-0x8]
  40742e:	48 89 ce             	mov    rsi,rcx
  407431:	48 89 c7             	mov    rdi,rax
  407434:	e8 17 0f 00 00       	call   408350 <_ZN9__gnu_cxx13new_allocatorImE9constructImJmEEEvPT_DpOT0_>
  407439:	90                   	nop
  40743a:	c9                   	leave  
  40743b:	c3                   	ret    

000000000040743c <_ZNSt6vectorImSaImEE17_M_realloc_insertIJmEEEvN9__gnu_cxx17__normal_iteratorIPmS1_EEDpOT_>:
  40743c:	55                   	push   rbp
  40743d:	48 89 e5             	mov    rbp,rsp
  407440:	53                   	push   rbx
  407441:	48 83 ec 68          	sub    rsp,0x68
  407445:	48 89 7d a8          	mov    QWORD PTR [rbp-0x58],rdi
  407449:	48 89 75 a0          	mov    QWORD PTR [rbp-0x60],rsi
  40744d:	48 89 55 98          	mov    QWORD PTR [rbp-0x68],rdx
  407451:	48 8b 45 a8          	mov    rax,QWORD PTR [rbp-0x58]
  407455:	ba d0 a5 40 00       	mov    edx,0x40a5d0
  40745a:	be 01 00 00 00       	mov    esi,0x1
  40745f:	48 89 c7             	mov    rdi,rax
  407462:	e8 27 08 00 00       	call   407c8e <_ZNKSt6vectorImSaImEE12_M_check_lenEmPKc>
  407467:	48 89 45 e0          	mov    QWORD PTR [rbp-0x20],rax
  40746b:	48 8b 45 a8          	mov    rax,QWORD PTR [rbp-0x58]
  40746f:	48 8b 00             	mov    rax,QWORD PTR [rax]
  407472:	48 89 45 d8          	mov    QWORD PTR [rbp-0x28],rax
  407476:	48 8b 45 a8          	mov    rax,QWORD PTR [rbp-0x58]
  40747a:	48 8b 40 08          	mov    rax,QWORD PTR [rax+0x8]
  40747e:	48 89 45 d0          	mov    QWORD PTR [rbp-0x30],rax
  407482:	48 8b 45 a8          	mov    rax,QWORD PTR [rbp-0x58]
  407486:	48 89 c7             	mov    rdi,rax
  407489:	e8 e2 e2 ff ff       	call   405770 <_ZNSt6vectorImSaImEE5beginEv>
  40748e:	48 89 45 b8          	mov    QWORD PTR [rbp-0x48],rax
  407492:	48 8d 55 b8          	lea    rdx,[rbp-0x48]
  407496:	48 8d 45 a0          	lea    rax,[rbp-0x60]
  40749a:	48 89 d6             	mov    rsi,rdx
  40749d:	48 89 c7             	mov    rdi,rax
  4074a0:	e8 c5 ef ff ff       	call   40646a <_ZN9__gnu_cxxmiIPmSt6vectorImSaImEEEENS_17__normal_iteratorIT_T0_E15difference_typeERKS8_SB_>
  4074a5:	48 89 45 c8          	mov    QWORD PTR [rbp-0x38],rax
  4074a9:	48 8b 45 a8          	mov    rax,QWORD PTR [rbp-0x58]
  4074ad:	48 8b 55 e0          	mov    rdx,QWORD PTR [rbp-0x20]
  4074b1:	48 89 d6             	mov    rsi,rdx
  4074b4:	48 89 c7             	mov    rdi,rax
  4074b7:	e8 9a 08 00 00       	call   407d56 <_ZNSt12_Vector_baseImSaImEE11_M_allocateEm>
  4074bc:	48 89 45 c0          	mov    QWORD PTR [rbp-0x40],rax
  4074c0:	48 8b 45 c0          	mov    rax,QWORD PTR [rbp-0x40]
  4074c4:	48 89 45 e8          	mov    QWORD PTR [rbp-0x18],rax
  4074c8:	48 8b 45 98          	mov    rax,QWORD PTR [rbp-0x68]
  4074cc:	48 89 c7             	mov    rdi,rax
  4074cf:	e8 21 ff ff ff       	call   4073f5 <_ZSt7forwardImEOT_RNSt16remove_referenceIS0_E4typeE>
  4074d4:	48 89 c2             	mov    rdx,rax
  4074d7:	48 8b 45 c8          	mov    rax,QWORD PTR [rbp-0x38]
  4074db:	48 8d 0c c5 00 00 00 	lea    rcx,[rax*8+0x0]
  4074e2:	00 
  4074e3:	48 8b 45 c0          	mov    rax,QWORD PTR [rbp-0x40]
  4074e7:	48 01 c1             	add    rcx,rax
  4074ea:	48 8b 45 a8          	mov    rax,QWORD PTR [rbp-0x58]
  4074ee:	48 89 ce             	mov    rsi,rcx
  4074f1:	48 89 c7             	mov    rdi,rax
  4074f4:	e8 0a ff ff ff       	call   407403 <_ZNSt16allocator_traitsISaImEE9constructImJmEEEvRS0_PT_DpOT0_>
  4074f9:	48 c7 45 e8 00 00 00 	mov    QWORD PTR [rbp-0x18],0x0
  407500:	00 
  407501:	e8 55 f8 ff ff       	call   406d5b <_ZNSt6vectorImSaImEE15_S_use_relocateEv>
  407506:	84 c0                	test   al,al
  407508:	74 71                	je     40757b <_ZNSt6vectorImSaImEE17_M_realloc_insertIJmEEEvN9__gnu_cxx17__normal_iteratorIPmS1_EEDpOT_+0x13f>
  40750a:	48 8b 45 a8          	mov    rax,QWORD PTR [rbp-0x58]
  40750e:	48 89 c7             	mov    rdi,rax
  407511:	e8 9c eb ff ff       	call   4060b2 <_ZNSt12_Vector_baseImSaImEE19_M_get_Tp_allocatorEv>
  407516:	48 89 c3             	mov    rbx,rax
  407519:	48 8d 45 a0          	lea    rax,[rbp-0x60]
  40751d:	48 89 c7             	mov    rdi,rax
  407520:	e8 93 fb ff ff       	call   4070b8 <_ZNK9__gnu_cxx17__normal_iteratorIPmSt6vectorImSaImEEE4baseEv>
  407525:	48 8b 30             	mov    rsi,QWORD PTR [rax]
  407528:	48 8b 55 c0          	mov    rdx,QWORD PTR [rbp-0x40]
  40752c:	48 8b 45 d8          	mov    rax,QWORD PTR [rbp-0x28]
  407530:	48 89 d9             	mov    rcx,rbx
  407533:	48 89 c7             	mov    rdi,rax
  407536:	e8 ee 08 00 00       	call   407e29 <_ZNSt6vectorImSaImEE11_S_relocateEPmS2_S2_RS0_>
  40753b:	48 89 45 e8          	mov    QWORD PTR [rbp-0x18],rax
  40753f:	48 83 45 e8 08       	add    QWORD PTR [rbp-0x18],0x8
  407544:	48 8b 45 a8          	mov    rax,QWORD PTR [rbp-0x58]
  407548:	48 89 c7             	mov    rdi,rax
  40754b:	e8 62 eb ff ff       	call   4060b2 <_ZNSt12_Vector_baseImSaImEE19_M_get_Tp_allocatorEv>
  407550:	48 89 c3             	mov    rbx,rax
  407553:	48 8d 45 a0          	lea    rax,[rbp-0x60]
  407557:	48 89 c7             	mov    rdi,rax
  40755a:	e8 59 fb ff ff       	call   4070b8 <_ZNK9__gnu_cxx17__normal_iteratorIPmSt6vectorImSaImEEE4baseEv>
  40755f:	48 8b 00             	mov    rax,QWORD PTR [rax]
  407562:	48 8b 55 e8          	mov    rdx,QWORD PTR [rbp-0x18]
  407566:	48 8b 75 d0          	mov    rsi,QWORD PTR [rbp-0x30]
  40756a:	48 89 d9             	mov    rcx,rbx
  40756d:	48 89 c7             	mov    rdi,rax
  407570:	e8 b4 08 00 00       	call   407e29 <_ZNSt6vectorImSaImEE11_S_relocateEPmS2_S2_RS0_>
  407575:	48 89 45 e8          	mov    QWORD PTR [rbp-0x18],rax
  407579:	eb 6f                	jmp    4075ea <_ZNSt6vectorImSaImEE17_M_realloc_insertIJmEEEvN9__gnu_cxx17__normal_iteratorIPmS1_EEDpOT_+0x1ae>
  40757b:	48 8b 45 a8          	mov    rax,QWORD PTR [rbp-0x58]
  40757f:	48 89 c7             	mov    rdi,rax
  407582:	e8 2b eb ff ff       	call   4060b2 <_ZNSt12_Vector_baseImSaImEE19_M_get_Tp_allocatorEv>
  407587:	48 89 c3             	mov    rbx,rax
  40758a:	48 8d 45 a0          	lea    rax,[rbp-0x60]
  40758e:	48 89 c7             	mov    rdi,rax
  407591:	e8 22 fb ff ff       	call   4070b8 <_ZNK9__gnu_cxx17__normal_iteratorIPmSt6vectorImSaImEEE4baseEv>
  407596:	48 8b 30             	mov    rsi,QWORD PTR [rax]
  407599:	48 8b 55 c0          	mov    rdx,QWORD PTR [rbp-0x40]
  40759d:	48 8b 45 d8          	mov    rax,QWORD PTR [rbp-0x28]
  4075a1:	48 89 d9             	mov    rcx,rbx
  4075a4:	48 89 c7             	mov    rdi,rax
  4075a7:	e8 dd 07 00 00       	call   407d89 <_ZSt34__uninitialized_move_if_noexcept_aIPmS0_SaImEET0_T_S3_S2_RT1_>
  4075ac:	48 89 45 e8          	mov    QWORD PTR [rbp-0x18],rax
  4075b0:	48 83 45 e8 08       	add    QWORD PTR [rbp-0x18],0x8
  4075b5:	48 8b 45 a8          	mov    rax,QWORD PTR [rbp-0x58]
  4075b9:	48 89 c7             	mov    rdi,rax
  4075bc:	e8 f1 ea ff ff       	call   4060b2 <_ZNSt12_Vector_baseImSaImEE19_M_get_Tp_allocatorEv>
  4075c1:	48 89 c3             	mov    rbx,rax
  4075c4:	48 8d 45 a0          	lea    rax,[rbp-0x60]
  4075c8:	48 89 c7             	mov    rdi,rax
  4075cb:	e8 e8 fa ff ff       	call   4070b8 <_ZNK9__gnu_cxx17__normal_iteratorIPmSt6vectorImSaImEEE4baseEv>
  4075d0:	48 8b 00             	mov    rax,QWORD PTR [rax]
  4075d3:	48 8b 55 e8          	mov    rdx,QWORD PTR [rbp-0x18]
  4075d7:	48 8b 75 d0          	mov    rsi,QWORD PTR [rbp-0x30]
  4075db:	48 89 d9             	mov    rcx,rbx
  4075de:	48 89 c7             	mov    rdi,rax
  4075e1:	e8 a3 07 00 00       	call   407d89 <_ZSt34__uninitialized_move_if_noexcept_aIPmS0_SaImEET0_T_S3_S2_RT1_>
  4075e6:	48 89 45 e8          	mov    QWORD PTR [rbp-0x18],rax
  4075ea:	e8 6c f7 ff ff       	call   406d5b <_ZNSt6vectorImSaImEE15_S_use_relocateEv>
  4075ef:	83 f0 01             	xor    eax,0x1
  4075f2:	84 c0                	test   al,al
  4075f4:	74 22                	je     407618 <_ZNSt6vectorImSaImEE17_M_realloc_insertIJmEEEvN9__gnu_cxx17__normal_iteratorIPmS1_EEDpOT_+0x1dc>
  4075f6:	48 8b 45 a8          	mov    rax,QWORD PTR [rbp-0x58]
  4075fa:	48 89 c7             	mov    rdi,rax
  4075fd:	e8 b0 ea ff ff       	call   4060b2 <_ZNSt12_Vector_baseImSaImEE19_M_get_Tp_allocatorEv>
  407602:	48 89 c2             	mov    rdx,rax
  407605:	48 8b 4d d0          	mov    rcx,QWORD PTR [rbp-0x30]
  407609:	48 8b 45 d8          	mov    rax,QWORD PTR [rbp-0x28]
  40760d:	48 89 ce             	mov    rsi,rcx
  407610:	48 89 c7             	mov    rdi,rax
  407613:	e8 a8 ea ff ff       	call   4060c0 <_ZSt8_DestroyIPmmEvT_S1_RSaIT0_E>
  407618:	48 8b 45 a8          	mov    rax,QWORD PTR [rbp-0x58]
  40761c:	48 8b 55 a8          	mov    rdx,QWORD PTR [rbp-0x58]
  407620:	48 8b 52 10          	mov    rdx,QWORD PTR [rdx+0x10]
  407624:	48 2b 55 d8          	sub    rdx,QWORD PTR [rbp-0x28]
  407628:	48 c1 fa 03          	sar    rdx,0x3
  40762c:	48 8b 4d d8          	mov    rcx,QWORD PTR [rbp-0x28]
  407630:	48 89 ce             	mov    rsi,rcx
  407633:	48 89 c7             	mov    rdi,rax
  407636:	e8 41 ea ff ff       	call   40607c <_ZNSt12_Vector_baseImSaImEE13_M_deallocateEPmm>
  40763b:	48 8b 45 a8          	mov    rax,QWORD PTR [rbp-0x58]
  40763f:	48 8b 55 c0          	mov    rdx,QWORD PTR [rbp-0x40]
  407643:	48 89 10             	mov    QWORD PTR [rax],rdx
  407646:	48 8b 45 a8          	mov    rax,QWORD PTR [rbp-0x58]
  40764a:	48 8b 55 e8          	mov    rdx,QWORD PTR [rbp-0x18]
  40764e:	48 89 50 08          	mov    QWORD PTR [rax+0x8],rdx
  407652:	48 8b 45 e0          	mov    rax,QWORD PTR [rbp-0x20]
  407656:	48 8d 14 c5 00 00 00 	lea    rdx,[rax*8+0x0]
  40765d:	00 
  40765e:	48 8b 45 c0          	mov    rax,QWORD PTR [rbp-0x40]
  407662:	48 01 c2             	add    rdx,rax
  407665:	48 8b 45 a8          	mov    rax,QWORD PTR [rbp-0x58]
  407669:	48 89 50 10          	mov    QWORD PTR [rax+0x10],rdx
  40766d:	e9 84 00 00 00       	jmp    4076f6 <_ZNSt6vectorImSaImEE17_M_realloc_insertIJmEEEvN9__gnu_cxx17__normal_iteratorIPmS1_EEDpOT_+0x2ba>
  407672:	48 89 c7             	mov    rdi,rax
  407675:	e8 36 aa ff ff       	call   4020b0 <__cxa_begin_catch@plt>
  40767a:	48 83 7d e8 00       	cmp    QWORD PTR [rbp-0x18],0x0
  40767f:	75 24                	jne    4076a5 <_ZNSt6vectorImSaImEE17_M_realloc_insertIJmEEEvN9__gnu_cxx17__normal_iteratorIPmS1_EEDpOT_+0x269>
  407681:	48 8b 45 c8          	mov    rax,QWORD PTR [rbp-0x38]
  407685:	48 8d 14 c5 00 00 00 	lea    rdx,[rax*8+0x0]
  40768c:	00 
  40768d:	48 8b 45 c0          	mov    rax,QWORD PTR [rbp-0x40]
  407691:	48 01 c2             	add    rdx,rax
  407694:	48 8b 45 a8          	mov    rax,QWORD PTR [rbp-0x58]
  407698:	48 89 d6             	mov    rsi,rdx
  40769b:	48 89 c7             	mov    rdi,rax
  40769e:	e8 b8 07 00 00       	call   407e5b <_ZNSt16allocator_traitsISaImEE7destroyImEEvRS0_PT_>
  4076a3:	eb 22                	jmp    4076c7 <_ZNSt6vectorImSaImEE17_M_realloc_insertIJmEEEvN9__gnu_cxx17__normal_iteratorIPmS1_EEDpOT_+0x28b>
  4076a5:	48 8b 45 a8          	mov    rax,QWORD PTR [rbp-0x58]
  4076a9:	48 89 c7             	mov    rdi,rax
  4076ac:	e8 01 ea ff ff       	call   4060b2 <_ZNSt12_Vector_baseImSaImEE19_M_get_Tp_allocatorEv>
  4076b1:	48 89 c2             	mov    rdx,rax
  4076b4:	48 8b 4d e8          	mov    rcx,QWORD PTR [rbp-0x18]
  4076b8:	48 8b 45 c0          	mov    rax,QWORD PTR [rbp-0x40]
  4076bc:	48 89 ce             	mov    rsi,rcx
  4076bf:	48 89 c7             	mov    rdi,rax
  4076c2:	e8 f9 e9 ff ff       	call   4060c0 <_ZSt8_DestroyIPmmEvT_S1_RSaIT0_E>
  4076c7:	48 8b 45 a8          	mov    rax,QWORD PTR [rbp-0x58]
  4076cb:	48 8b 55 e0          	mov    rdx,QWORD PTR [rbp-0x20]
  4076cf:	48 8b 4d c0          	mov    rcx,QWORD PTR [rbp-0x40]
  4076d3:	48 89 ce             	mov    rsi,rcx
  4076d6:	48 89 c7             	mov    rdi,rax
  4076d9:	e8 9e e9 ff ff       	call   40607c <_ZNSt12_Vector_baseImSaImEE13_M_deallocateEPmm>
  4076de:	e8 0d ac ff ff       	call   4022f0 <__cxa_rethrow@plt>
  4076e3:	48 89 c3             	mov    rbx,rax
  4076e6:	e8 55 ac ff ff       	call   402340 <__cxa_end_catch@plt>
  4076eb:	48 89 d8             	mov    rax,rbx
  4076ee:	48 89 c7             	mov    rdi,rax
  4076f1:	e8 9a ac ff ff       	call   402390 <_Unwind_Resume@plt>
  4076f6:	48 8b 5d f8          	mov    rbx,QWORD PTR [rbp-0x8]
  4076fa:	c9                   	leave  
  4076fb:	c3                   	ret    

00000000004076fc <_ZN9__gnu_cxx13new_allocatorImEC1ERKS1_>:
  4076fc:	55                   	push   rbp
  4076fd:	48 89 e5             	mov    rbp,rsp
  407700:	48 89 7d f8          	mov    QWORD PTR [rbp-0x8],rdi
  407704:	48 89 75 f0          	mov    QWORD PTR [rbp-0x10],rsi
  407708:	90                   	nop
  407709:	5d                   	pop    rbp
  40770a:	c3                   	ret    
  40770b:	90                   	nop

000000000040770c <_ZNKSt12_Vector_baseImSaImEE13get_allocatorEv>:
  40770c:	55                   	push   rbp
  40770d:	48 89 e5             	mov    rbp,rsp
  407710:	48 83 ec 10          	sub    rsp,0x10
  407714:	48 89 7d f8          	mov    QWORD PTR [rbp-0x8],rdi
  407718:	48 89 75 f0          	mov    QWORD PTR [rbp-0x10],rsi
  40771c:	48 8b 45 f0          	mov    rax,QWORD PTR [rbp-0x10]
  407720:	48 89 c7             	mov    rdi,rax
  407723:	e8 28 fa ff ff       	call   407150 <_ZNKSt12_Vector_baseImSaImEE19_M_get_Tp_allocatorEv>
  407728:	48 89 c2             	mov    rdx,rax
  40772b:	48 8b 45 f8          	mov    rax,QWORD PTR [rbp-0x8]
  40772f:	48 89 d6             	mov    rsi,rdx
  407732:	48 89 c7             	mov    rdi,rax
  407735:	e8 58 ea ff ff       	call   406192 <_ZNSaImEC1ERKS_>
  40773a:	48 8b 45 f8          	mov    rax,QWORD PTR [rbp-0x8]
  40773e:	c9                   	leave  
  40773f:	c3                   	ret    

0000000000407740 <_ZNSt6vectorImSaImEEC1ERKS0_>:
  407740:	55                   	push   rbp
  407741:	48 89 e5             	mov    rbp,rsp
  407744:	48 83 ec 10          	sub    rsp,0x10
  407748:	48 89 7d f8          	mov    QWORD PTR [rbp-0x8],rdi
  40774c:	48 89 75 f0          	mov    QWORD PTR [rbp-0x10],rsi
  407750:	48 8b 45 f8          	mov    rax,QWORD PTR [rbp-0x8]
  407754:	48 8b 55 f0          	mov    rdx,QWORD PTR [rbp-0x10]
  407758:	48 89 d6             	mov    rsi,rdx
  40775b:	48 89 c7             	mov    rdi,rax
  40775e:	e8 2d 0c 00 00       	call   408390 <_ZNSt12_Vector_baseImSaImEEC1ERKS0_>
  407763:	90                   	nop
  407764:	c9                   	leave  
  407765:	c3                   	ret    

0000000000407766 <_ZNSt12_Vector_baseImSaImEE17_Vector_impl_data12_M_swap_dataERS2_>:
  407766:	55                   	push   rbp
  407767:	48 89 e5             	mov    rbp,rsp
  40776a:	48 83 ec 30          	sub    rsp,0x30
  40776e:	48 89 7d d8          	mov    QWORD PTR [rbp-0x28],rdi
  407772:	48 89 75 d0          	mov    QWORD PTR [rbp-0x30],rsi
  407776:	48 8d 45 e0          	lea    rax,[rbp-0x20]
  40777a:	48 89 c7             	mov    rdi,rax
  40777d:	e8 c0 e8 ff ff       	call   406042 <_ZNSt12_Vector_baseImSaImEE17_Vector_impl_dataC1Ev>
  407782:	48 8b 55 d8          	mov    rdx,QWORD PTR [rbp-0x28]
  407786:	48 8d 45 e0          	lea    rax,[rbp-0x20]
  40778a:	48 89 d6             	mov    rsi,rdx
  40778d:	48 89 c7             	mov    rdi,rax
  407790:	e8 21 0c 00 00       	call   4083b6 <_ZNSt12_Vector_baseImSaImEE17_Vector_impl_data12_M_copy_dataERKS2_>
  407795:	48 8b 55 d0          	mov    rdx,QWORD PTR [rbp-0x30]
  407799:	48 8b 45 d8          	mov    rax,QWORD PTR [rbp-0x28]
  40779d:	48 89 d6             	mov    rsi,rdx
  4077a0:	48 89 c7             	mov    rdi,rax
  4077a3:	e8 0e 0c 00 00       	call   4083b6 <_ZNSt12_Vector_baseImSaImEE17_Vector_impl_data12_M_copy_dataERKS2_>
  4077a8:	48 8d 55 e0          	lea    rdx,[rbp-0x20]
  4077ac:	48 8b 45 d0          	mov    rax,QWORD PTR [rbp-0x30]
  4077b0:	48 89 d6             	mov    rsi,rdx
  4077b3:	48 89 c7             	mov    rdi,rax
  4077b6:	e8 fb 0b 00 00       	call   4083b6 <_ZNSt12_Vector_baseImSaImEE17_Vector_impl_data12_M_copy_dataERKS2_>
  4077bb:	90                   	nop
  4077bc:	c9                   	leave  
  4077bd:	c3                   	ret    

00000000004077be <_ZSt15__alloc_on_moveISaImEEvRT_S2_>:
  4077be:	55                   	push   rbp
  4077bf:	48 89 e5             	mov    rbp,rsp
  4077c2:	48 83 ec 10          	sub    rsp,0x10
  4077c6:	48 89 7d f8          	mov    QWORD PTR [rbp-0x8],rdi
  4077ca:	48 89 75 f0          	mov    QWORD PTR [rbp-0x10],rsi
  4077ce:	48 8b 55 f0          	mov    rdx,QWORD PTR [rbp-0x10]
  4077d2:	48 8b 45 f8          	mov    rax,QWORD PTR [rbp-0x8]
  4077d6:	48 89 d6             	mov    rsi,rdx
  4077d9:	48 89 c7             	mov    rdi,rax
  4077dc:	e8 12 0c 00 00       	call   4083f3 <_ZSt18__do_alloc_on_moveISaImEEvRT_S2_St17integral_constantIbLb1EE>
  4077e1:	90                   	nop
  4077e2:	c9                   	leave  
  4077e3:	c3                   	ret    

00000000004077e4 <_ZNSt6vectorImSaImEE11_S_max_sizeERKS0_>:
  4077e4:	55                   	push   rbp
  4077e5:	48 89 e5             	mov    rbp,rsp
  4077e8:	48 83 ec 20          	sub    rsp,0x20
  4077ec:	48 89 7d e8          	mov    QWORD PTR [rbp-0x18],rdi
  4077f0:	48 b8 ff ff ff ff ff 	movabs rax,0xfffffffffffffff
  4077f7:	ff ff 0f 
  4077fa:	48 89 45 f8          	mov    QWORD PTR [rbp-0x8],rax
  4077fe:	48 8b 45 e8          	mov    rax,QWORD PTR [rbp-0x18]
  407802:	48 89 c7             	mov    rdi,rax
  407805:	e8 08 0c 00 00       	call   408412 <_ZNSt16allocator_traitsISaImEE8max_sizeERKS0_>
  40780a:	48 89 45 f0          	mov    QWORD PTR [rbp-0x10],rax
  40780e:	48 8d 55 f0          	lea    rdx,[rbp-0x10]
  407812:	48 8d 45 f8          	lea    rax,[rbp-0x8]
  407816:	48 89 d6             	mov    rsi,rdx
  407819:	48 89 c7             	mov    rdi,rax
  40781c:	e8 0b 0c 00 00       	call   40842c <_ZSt3minImERKT_S2_S2_>
  407821:	48 8b 00             	mov    rax,QWORD PTR [rax]
  407824:	c9                   	leave  
  407825:	c3                   	ret    

0000000000407826 <_ZNSt12_Vector_baseImSaImEE12_Vector_implC1ERKS0_>:
  407826:	55                   	push   rbp
  407827:	48 89 e5             	mov    rbp,rsp
  40782a:	48 83 ec 10          	sub    rsp,0x10
  40782e:	48 89 7d f8          	mov    QWORD PTR [rbp-0x8],rdi
  407832:	48 89 75 f0          	mov    QWORD PTR [rbp-0x10],rsi
  407836:	48 8b 55 f0          	mov    rdx,QWORD PTR [rbp-0x10]
  40783a:	48 8b 45 f8          	mov    rax,QWORD PTR [rbp-0x8]
  40783e:	48 89 d6             	mov    rsi,rdx
  407841:	48 89 c7             	mov    rdi,rax
  407844:	e8 49 e9 ff ff       	call   406192 <_ZNSaImEC1ERKS_>
  407849:	48 8b 45 f8          	mov    rax,QWORD PTR [rbp-0x8]
  40784d:	48 89 c7             	mov    rdi,rax
  407850:	e8 ed e7 ff ff       	call   406042 <_ZNSt12_Vector_baseImSaImEE17_Vector_impl_dataC1Ev>
  407855:	90                   	nop
  407856:	c9                   	leave  
  407857:	c3                   	ret    

0000000000407858 <_ZNSt12_Vector_baseImSaImEE17_M_create_storageEm>:
  407858:	55                   	push   rbp
  407859:	48 89 e5             	mov    rbp,rsp
  40785c:	48 83 ec 10          	sub    rsp,0x10
  407860:	48 89 7d f8          	mov    QWORD PTR [rbp-0x8],rdi
  407864:	48 89 75 f0          	mov    QWORD PTR [rbp-0x10],rsi
  407868:	48 8b 55 f0          	mov    rdx,QWORD PTR [rbp-0x10]
  40786c:	48 8b 45 f8          	mov    rax,QWORD PTR [rbp-0x8]
  407870:	48 89 d6             	mov    rsi,rdx
  407873:	48 89 c7             	mov    rdi,rax
  407876:	e8 db 04 00 00       	call   407d56 <_ZNSt12_Vector_baseImSaImEE11_M_allocateEm>
  40787b:	48 8b 55 f8          	mov    rdx,QWORD PTR [rbp-0x8]
  40787f:	48 89 02             	mov    QWORD PTR [rdx],rax
  407882:	48 8b 45 f8          	mov    rax,QWORD PTR [rbp-0x8]
  407886:	48 8b 10             	mov    rdx,QWORD PTR [rax]
  407889:	48 8b 45 f8          	mov    rax,QWORD PTR [rbp-0x8]
  40788d:	48 89 50 08          	mov    QWORD PTR [rax+0x8],rdx
  407891:	48 8b 45 f8          	mov    rax,QWORD PTR [rbp-0x8]
  407895:	48 8b 10             	mov    rdx,QWORD PTR [rax]
  407898:	48 8b 45 f0          	mov    rax,QWORD PTR [rbp-0x10]
  40789c:	48 c1 e0 03          	shl    rax,0x3
  4078a0:	48 01 c2             	add    rdx,rax
  4078a3:	48 8b 45 f8          	mov    rax,QWORD PTR [rbp-0x8]
  4078a7:	48 89 50 10          	mov    QWORD PTR [rax+0x10],rdx
  4078ab:	90                   	nop
  4078ac:	c9                   	leave  
  4078ad:	c3                   	ret    

00000000004078ae <_ZSt27__uninitialized_default_n_aIPmmmET_S1_T0_RSaIT1_E>:
  4078ae:	55                   	push   rbp
  4078af:	48 89 e5             	mov    rbp,rsp
  4078b2:	48 83 ec 20          	sub    rsp,0x20
  4078b6:	48 89 7d f8          	mov    QWORD PTR [rbp-0x8],rdi
  4078ba:	48 89 75 f0          	mov    QWORD PTR [rbp-0x10],rsi
  4078be:	48 89 55 e8          	mov    QWORD PTR [rbp-0x18],rdx
  4078c2:	48 8b 55 f0          	mov    rdx,QWORD PTR [rbp-0x10]
  4078c6:	48 8b 45 f8          	mov    rax,QWORD PTR [rbp-0x8]
  4078ca:	48 89 d6             	mov    rsi,rdx
  4078cd:	48 89 c7             	mov    rdi,rax
  4078d0:	e8 82 0b 00 00       	call   408457 <_ZSt25__uninitialized_default_nIPmmET_S1_T0_>
  4078d5:	c9                   	leave  
  4078d6:	c3                   	ret    

00000000004078d7 <_ZNSt8__detail5__modImLm4294967296ELm1ELm0EEET_S1_>:
  4078d7:	55                   	push   rbp
  4078d8:	48 89 e5             	mov    rbp,rsp
  4078db:	48 83 ec 20          	sub    rsp,0x20
  4078df:	48 89 7d e8          	mov    QWORD PTR [rbp-0x18],rdi
  4078e3:	48 c7 45 f8 01 00 00 	mov    QWORD PTR [rbp-0x8],0x1
  4078ea:	00 
  4078eb:	48 8b 45 e8          	mov    rax,QWORD PTR [rbp-0x18]
  4078ef:	48 89 c7             	mov    rdi,rax
  4078f2:	e8 89 0b 00 00       	call   408480 <_ZNSt8__detail4_ModImLm4294967296ELm1ELm0ELb1ELb1EE6__calcEm>
  4078f7:	90                   	nop
  4078f8:	c9                   	leave  
  4078f9:	c3                   	ret    

00000000004078fa <_ZNSt8__detail5__modImLm624ELm1ELm0EEET_S1_>:
  4078fa:	55                   	push   rbp
  4078fb:	48 89 e5             	mov    rbp,rsp
  4078fe:	48 83 ec 20          	sub    rsp,0x20
  407902:	48 89 7d e8          	mov    QWORD PTR [rbp-0x18],rdi
  407906:	48 c7 45 f8 01 00 00 	mov    QWORD PTR [rbp-0x8],0x1
  40790d:	00 
  40790e:	48 8b 45 e8          	mov    rax,QWORD PTR [rbp-0x18]
  407912:	48 89 c7             	mov    rdi,rax
  407915:	e8 85 0b 00 00       	call   40849f <_ZNSt8__detail4_ModImLm624ELm1ELm0ELb1ELb1EE6__calcEm>
  40791a:	90                   	nop
  40791b:	c9                   	leave  
  40791c:	c3                   	ret    

000000000040791d <_ZSt4swapImENSt9enable_ifIXsrSt6__and_IJSt6__not_ISt15__is_tuple_likeIT_EESt21is_move_constructibleIS4_ESt18is_move_assignableIS4_EEE5valueEvE4typeERS4_SE_>:
  40791d:	55                   	push   rbp
  40791e:	48 89 e5             	mov    rbp,rsp
  407921:	48 83 ec 20          	sub    rsp,0x20
  407925:	48 89 7d e8          	mov    QWORD PTR [rbp-0x18],rdi
  407929:	48 89 75 e0          	mov    QWORD PTR [rbp-0x20],rsi
  40792d:	48 8b 45 e8          	mov    rax,QWORD PTR [rbp-0x18]
  407931:	48 89 c7             	mov    rdi,rax
  407934:	e8 b1 e7 ff ff       	call   4060ea <_ZSt4moveIRmEONSt16remove_referenceIT_E4typeEOS2_>
  407939:	48 8b 00             	mov    rax,QWORD PTR [rax]
  40793c:	48 89 45 f8          	mov    QWORD PTR [rbp-0x8],rax
  407940:	48 8b 45 e0          	mov    rax,QWORD PTR [rbp-0x20]
  407944:	48 89 c7             	mov    rdi,rax
  407947:	e8 9e e7 ff ff       	call   4060ea <_ZSt4moveIRmEONSt16remove_referenceIT_E4typeEOS2_>
  40794c:	48 8b 10             	mov    rdx,QWORD PTR [rax]
  40794f:	48 8b 45 e8          	mov    rax,QWORD PTR [rbp-0x18]
  407953:	48 89 10             	mov    QWORD PTR [rax],rdx
  407956:	48 8d 45 f8          	lea    rax,[rbp-0x8]
  40795a:	48 89 c7             	mov    rdi,rax
  40795d:	e8 88 e7 ff ff       	call   4060ea <_ZSt4moveIRmEONSt16remove_referenceIT_E4typeEOS2_>
  407962:	48 8b 10             	mov    rdx,QWORD PTR [rax]
  407965:	48 8b 45 e0          	mov    rax,QWORD PTR [rbp-0x20]
  407969:	48 89 10             	mov    QWORD PTR [rax],rdx
  40796c:	90                   	nop
  40796d:	c9                   	leave  
  40796e:	c3                   	ret    

000000000040796f <_ZSt9make_pairImmESt4pairINSt25__strip_reference_wrapperINSt5decayIT_E4typeEE6__typeENS1_INS2_IT0_E4typeEE6__typeEEOS3_OS8_>:
  40796f:	55                   	push   rbp
  407970:	48 89 e5             	mov    rbp,rsp
  407973:	53                   	push   rbx
  407974:	48 83 ec 28          	sub    rsp,0x28
  407978:	48 89 7d d8          	mov    QWORD PTR [rbp-0x28],rdi
  40797c:	48 89 75 d0          	mov    QWORD PTR [rbp-0x30],rsi
  407980:	48 8b 45 d0          	mov    rax,QWORD PTR [rbp-0x30]
  407984:	48 89 c7             	mov    rdi,rax
  407987:	e8 69 fa ff ff       	call   4073f5 <_ZSt7forwardImEOT_RNSt16remove_referenceIS0_E4typeE>
  40798c:	48 89 c3             	mov    rbx,rax
  40798f:	48 8b 45 d8          	mov    rax,QWORD PTR [rbp-0x28]
  407993:	48 89 c7             	mov    rdi,rax
  407996:	e8 5a fa ff ff       	call   4073f5 <_ZSt7forwardImEOT_RNSt16remove_referenceIS0_E4typeE>
  40799b:	48 89 c1             	mov    rcx,rax
  40799e:	48 8d 45 e0          	lea    rax,[rbp-0x20]
  4079a2:	48 89 da             	mov    rdx,rbx
  4079a5:	48 89 ce             	mov    rsi,rcx
  4079a8:	48 89 c7             	mov    rdi,rax
  4079ab:	e8 34 0b 00 00       	call   4084e4 <_ZNSt4pairImmEC1ImmLb1EEEOT_OT0_>
  4079b0:	48 8b 45 e0          	mov    rax,QWORD PTR [rbp-0x20]
  4079b4:	48 8b 55 e8          	mov    rdx,QWORD PTR [rbp-0x18]
  4079b8:	48 8b 5d f8          	mov    rbx,QWORD PTR [rbp-0x8]
  4079bc:	c9                   	leave  
  4079bd:	c3                   	ret    

00000000004079be <_ZNKSt24uniform_int_distributionImE10param_type1bEv>:
  4079be:	55                   	push   rbp
  4079bf:	48 89 e5             	mov    rbp,rsp
  4079c2:	48 89 7d f8          	mov    QWORD PTR [rbp-0x8],rdi
  4079c6:	48 8b 45 f8          	mov    rax,QWORD PTR [rbp-0x8]
  4079ca:	48 8b 40 08          	mov    rax,QWORD PTR [rax+0x8]
  4079ce:	5d                   	pop    rbp
  4079cf:	c3                   	ret    

00000000004079d0 <_ZNKSt24uniform_int_distributionImE10param_type1aEv>:
  4079d0:	55                   	push   rbp
  4079d1:	48 89 e5             	mov    rbp,rsp
  4079d4:	48 89 7d f8          	mov    QWORD PTR [rbp-0x8],rdi
  4079d8:	48 8b 45 f8          	mov    rax,QWORD PTR [rbp-0x8]
  4079dc:	48 8b 00             	mov    rax,QWORD PTR [rax]
  4079df:	5d                   	pop    rbp
  4079e0:	c3                   	ret    

00000000004079e1 <_ZNSt24uniform_int_distributionImE5_S_ndImSt23mersenne_twister_engineImLm32ELm624ELm397ELm31ELm2567483615ELm11ELm4294967295ELm7ELm2636928640ELm15ELm4022730752ELm18ELm1812433253EEjEET1_RT0_S4_>:
  4079e1:	55                   	push   rbp
  4079e2:	48 89 e5             	mov    rbp,rsp
  4079e5:	48 83 ec 20          	sub    rsp,0x20
  4079e9:	48 89 7d e8          	mov    QWORD PTR [rbp-0x18],rdi
  4079ed:	89 75 e4             	mov    DWORD PTR [rbp-0x1c],esi
  4079f0:	48 8b 45 e8          	mov    rax,QWORD PTR [rbp-0x18]
  4079f4:	48 89 c7             	mov    rdi,rax
  4079f7:	e8 5c 00 00 00       	call   407a58 <_ZNSt23mersenne_twister_engineImLm32ELm624ELm397ELm31ELm2567483615ELm11ELm4294967295ELm7ELm2636928640ELm15ELm4022730752ELm18ELm1812433253EEclEv>
  4079fc:	8b 55 e4             	mov    edx,DWORD PTR [rbp-0x1c]
  4079ff:	48 0f af c2          	imul   rax,rdx
  407a03:	48 89 45 f8          	mov    QWORD PTR [rbp-0x8],rax
  407a07:	48 8b 45 f8          	mov    rax,QWORD PTR [rbp-0x8]
  407a0b:	89 45 f4             	mov    DWORD PTR [rbp-0xc],eax
  407a0e:	8b 45 f4             	mov    eax,DWORD PTR [rbp-0xc]
  407a11:	3b 45 e4             	cmp    eax,DWORD PTR [rbp-0x1c]
  407a14:	73 38                	jae    407a4e <_ZNSt24uniform_int_distributionImE5_S_ndImSt23mersenne_twister_engineImLm32ELm624ELm397ELm31ELm2567483615ELm11ELm4294967295ELm7ELm2636928640ELm15ELm4022730752ELm18ELm1812433253EEjEET1_RT0_S4_+0x6d>
  407a16:	8b 45 e4             	mov    eax,DWORD PTR [rbp-0x1c]
  407a19:	f7 d8                	neg    eax
  407a1b:	ba 00 00 00 00       	mov    edx,0x0
  407a20:	f7 75 e4             	div    DWORD PTR [rbp-0x1c]
  407a23:	89 55 f0             	mov    DWORD PTR [rbp-0x10],edx
  407a26:	eb 1e                	jmp    407a46 <_ZNSt24uniform_int_distributionImE5_S_ndImSt23mersenne_twister_engineImLm32ELm624ELm397ELm31ELm2567483615ELm11ELm4294967295ELm7ELm2636928640ELm15ELm4022730752ELm18ELm1812433253EEjEET1_RT0_S4_+0x65>
  407a28:	48 8b 45 e8          	mov    rax,QWORD PTR [rbp-0x18]
  407a2c:	48 89 c7             	mov    rdi,rax
  407a2f:	e8 24 00 00 00       	call   407a58 <_ZNSt23mersenne_twister_engineImLm32ELm624ELm397ELm31ELm2567483615ELm11ELm4294967295ELm7ELm2636928640ELm15ELm4022730752ELm18ELm1812433253EEclEv>
  407a34:	8b 55 e4             	mov    edx,DWORD PTR [rbp-0x1c]
  407a37:	48 0f af c2          	imul   rax,rdx
  407a3b:	48 89 45 f8          	mov    QWORD PTR [rbp-0x8],rax
  407a3f:	48 8b 45 f8          	mov    rax,QWORD PTR [rbp-0x8]
  407a43:	89 45 f4             	mov    DWORD PTR [rbp-0xc],eax
  407a46:	8b 45 f4             	mov    eax,DWORD PTR [rbp-0xc]
  407a49:	3b 45 f0             	cmp    eax,DWORD PTR [rbp-0x10]
  407a4c:	72 da                	jb     407a28 <_ZNSt24uniform_int_distributionImE5_S_ndImSt23mersenne_twister_engineImLm32ELm624ELm397ELm31ELm2567483615ELm11ELm4294967295ELm7ELm2636928640ELm15ELm4022730752ELm18ELm1812433253EEjEET1_RT0_S4_+0x47>
  407a4e:	48 8b 45 f8          	mov    rax,QWORD PTR [rbp-0x8]
  407a52:	48 c1 e8 20          	shr    rax,0x20
  407a56:	c9                   	leave  
  407a57:	c3                   	ret    

0000000000407a58 <_ZNSt23mersenne_twister_engineImLm32ELm624ELm397ELm31ELm2567483615ELm11ELm4294967295ELm7ELm2636928640ELm15ELm4022730752ELm18ELm1812433253EEclEv>:
  407a58:	55                   	push   rbp
  407a59:	48 89 e5             	mov    rbp,rsp
  407a5c:	48 83 ec 20          	sub    rsp,0x20
  407a60:	48 89 7d e8          	mov    QWORD PTR [rbp-0x18],rdi
  407a64:	48 8b 45 e8          	mov    rax,QWORD PTR [rbp-0x18]
  407a68:	48 8b 80 80 13 00 00 	mov    rax,QWORD PTR [rax+0x1380]
  407a6f:	48 3d 6f 02 00 00    	cmp    rax,0x26f
  407a75:	76 0c                	jbe    407a83 <_ZNSt23mersenne_twister_engineImLm32ELm624ELm397ELm31ELm2567483615ELm11ELm4294967295ELm7ELm2636928640ELm15ELm4022730752ELm18ELm1812433253EEclEv+0x2b>
  407a77:	48 8b 45 e8          	mov    rax,QWORD PTR [rbp-0x18]
  407a7b:	48 89 c7             	mov    rdi,rax
  407a7e:	e8 a5 0a 00 00       	call   408528 <_ZNSt23mersenne_twister_engineImLm32ELm624ELm397ELm31ELm2567483615ELm11ELm4294967295ELm7ELm2636928640ELm15ELm4022730752ELm18ELm1812433253EE11_M_gen_randEv>
  407a83:	48 8b 45 e8          	mov    rax,QWORD PTR [rbp-0x18]
  407a87:	48 8b 80 80 13 00 00 	mov    rax,QWORD PTR [rax+0x1380]
  407a8e:	48 8d 48 01          	lea    rcx,[rax+0x1]
  407a92:	48 8b 55 e8          	mov    rdx,QWORD PTR [rbp-0x18]
  407a96:	48 89 8a 80 13 00 00 	mov    QWORD PTR [rdx+0x1380],rcx
  407a9d:	48 8b 55 e8          	mov    rdx,QWORD PTR [rbp-0x18]
  407aa1:	48 8b 04 c2          	mov    rax,QWORD PTR [rdx+rax*8]
  407aa5:	48 89 45 f8          	mov    QWORD PTR [rbp-0x8],rax
  407aa9:	48 8b 45 f8          	mov    rax,QWORD PTR [rbp-0x8]
  407aad:	48 c1 e8 0b          	shr    rax,0xb
  407ab1:	89 c0                	mov    eax,eax
  407ab3:	48 31 45 f8          	xor    QWORD PTR [rbp-0x8],rax
  407ab7:	48 8b 45 f8          	mov    rax,QWORD PTR [rbp-0x8]
  407abb:	48 c1 e0 07          	shl    rax,0x7
  407abf:	25 80 56 2c 9d       	and    eax,0x9d2c5680
  407ac4:	48 31 45 f8          	xor    QWORD PTR [rbp-0x8],rax
  407ac8:	48 8b 45 f8          	mov    rax,QWORD PTR [rbp-0x8]
  407acc:	48 c1 e0 0f          	shl    rax,0xf
  407ad0:	25 00 00 c6 ef       	and    eax,0xefc60000
  407ad5:	48 31 45 f8          	xor    QWORD PTR [rbp-0x8],rax
  407ad9:	48 8b 45 f8          	mov    rax,QWORD PTR [rbp-0x8]
  407add:	48 c1 e8 12          	shr    rax,0x12
  407ae1:	48 31 45 f8          	xor    QWORD PTR [rbp-0x8],rax
  407ae5:	48 8b 45 f8          	mov    rax,QWORD PTR [rbp-0x8]
  407ae9:	c9                   	leave  
  407aea:	c3                   	ret    
  407aeb:	90                   	nop

0000000000407aec <_ZNSt6vectorImSaImEE16_Temporary_valueC1IJRKmEEEPS1_DpOT_>:
  407aec:	55                   	push   rbp
  407aed:	48 89 e5             	mov    rbp,rsp
  407af0:	53                   	push   rbx
  407af1:	48 83 ec 28          	sub    rsp,0x28
  407af5:	48 89 7d e8          	mov    QWORD PTR [rbp-0x18],rdi
  407af9:	48 89 75 e0          	mov    QWORD PTR [rbp-0x20],rsi
  407afd:	48 89 55 d8          	mov    QWORD PTR [rbp-0x28],rdx
  407b01:	48 8b 45 e8          	mov    rax,QWORD PTR [rbp-0x18]
  407b05:	48 8b 55 e0          	mov    rdx,QWORD PTR [rbp-0x20]
  407b09:	48 89 10             	mov    QWORD PTR [rax],rdx
  407b0c:	48 8b 45 d8          	mov    rax,QWORD PTR [rbp-0x28]
  407b10:	48 89 c7             	mov    rdi,rax
  407b13:	e8 c4 02 00 00       	call   407ddc <_ZSt7forwardIRKmEOT_RNSt16remove_referenceIS2_E4typeE>
  407b18:	48 89 c3             	mov    rbx,rax
  407b1b:	48 8b 45 e8          	mov    rax,QWORD PTR [rbp-0x18]
  407b1f:	48 89 c7             	mov    rdi,rax
  407b22:	e8 b7 0b 00 00       	call   4086de <_ZNSt6vectorImSaImEE16_Temporary_value6_M_ptrEv>
  407b27:	48 89 c1             	mov    rcx,rax
  407b2a:	48 8b 45 e8          	mov    rax,QWORD PTR [rbp-0x18]
  407b2e:	48 8b 00             	mov    rax,QWORD PTR [rax]
  407b31:	48 89 da             	mov    rdx,rbx
  407b34:	48 89 ce             	mov    rsi,rcx
  407b37:	48 89 c7             	mov    rdi,rax
  407b3a:	e8 e3 f1 ff ff       	call   406d22 <_ZNSt16allocator_traitsISaImEE9constructImJRKmEEEvRS0_PT_DpOT0_>
  407b3f:	90                   	nop
  407b40:	48 8b 5d f8          	mov    rbx,QWORD PTR [rbp-0x8]
  407b44:	c9                   	leave  
  407b45:	c3                   	ret    

0000000000407b46 <_ZNSt6vectorImSaImEE16_Temporary_valueD1Ev>:
  407b46:	55                   	push   rbp
  407b47:	48 89 e5             	mov    rbp,rsp
  407b4a:	48 83 ec 10          	sub    rsp,0x10
  407b4e:	48 89 7d f8          	mov    QWORD PTR [rbp-0x8],rdi
  407b52:	48 8b 45 f8          	mov    rax,QWORD PTR [rbp-0x8]
  407b56:	48 89 c7             	mov    rdi,rax
  407b59:	e8 80 0b 00 00       	call   4086de <_ZNSt6vectorImSaImEE16_Temporary_value6_M_ptrEv>
  407b5e:	48 89 c2             	mov    rdx,rax
  407b61:	48 8b 45 f8          	mov    rax,QWORD PTR [rbp-0x8]
  407b65:	48 8b 00             	mov    rax,QWORD PTR [rax]
  407b68:	48 89 d6             	mov    rsi,rdx
  407b6b:	48 89 c7             	mov    rdi,rax
  407b6e:	e8 e8 02 00 00       	call   407e5b <_ZNSt16allocator_traitsISaImEE7destroyImEEvRS0_PT_>
  407b73:	90                   	nop
  407b74:	c9                   	leave  
  407b75:	c3                   	ret    

0000000000407b76 <_ZNSt6vectorImSaImEE16_Temporary_value6_M_valEv>:
  407b76:	55                   	push   rbp
  407b77:	48 89 e5             	mov    rbp,rsp
  407b7a:	48 83 ec 10          	sub    rsp,0x10
  407b7e:	48 89 7d f8          	mov    QWORD PTR [rbp-0x8],rdi
  407b82:	48 8b 45 f8          	mov    rax,QWORD PTR [rbp-0x8]
  407b86:	48 89 c7             	mov    rdi,rax
  407b89:	e8 50 0b 00 00       	call   4086de <_ZNSt6vectorImSaImEE16_Temporary_value6_M_ptrEv>
  407b8e:	c9                   	leave  
  407b8f:	c3                   	ret    

0000000000407b90 <_ZSt22__uninitialized_move_aIPmS0_SaImEET0_T_S3_S2_RT1_>:
  407b90:	55                   	push   rbp
  407b91:	48 89 e5             	mov    rbp,rsp
  407b94:	53                   	push   rbx
  407b95:	48 83 ec 28          	sub    rsp,0x28
  407b99:	48 89 7d e8          	mov    QWORD PTR [rbp-0x18],rdi
  407b9d:	48 89 75 e0          	mov    QWORD PTR [rbp-0x20],rsi
  407ba1:	48 89 55 d8          	mov    QWORD PTR [rbp-0x28],rdx
  407ba5:	48 89 4d d0          	mov    QWORD PTR [rbp-0x30],rcx
  407ba9:	48 8b 45 e0          	mov    rax,QWORD PTR [rbp-0x20]
  407bad:	48 89 c7             	mov    rdi,rax
  407bb0:	e8 3b 0b 00 00       	call   4086f0 <_ZSt18make_move_iteratorIPmESt13move_iteratorIT_ES2_>
  407bb5:	48 89 c3             	mov    rbx,rax
  407bb8:	48 8b 45 e8          	mov    rax,QWORD PTR [rbp-0x18]
  407bbc:	48 89 c7             	mov    rdi,rax
  407bbf:	e8 2c 0b 00 00       	call   4086f0 <_ZSt18make_move_iteratorIPmESt13move_iteratorIT_ES2_>
  407bc4:	48 89 c7             	mov    rdi,rax
  407bc7:	48 8b 55 d0          	mov    rdx,QWORD PTR [rbp-0x30]
  407bcb:	48 8b 45 d8          	mov    rax,QWORD PTR [rbp-0x28]
  407bcf:	48 89 d1             	mov    rcx,rdx
  407bd2:	48 89 c2             	mov    rdx,rax
  407bd5:	48 89 de             	mov    rsi,rbx
  407bd8:	e8 43 0b 00 00       	call   408720 <_ZSt22__uninitialized_copy_aISt13move_iteratorIPmES1_mET0_T_S4_S3_RSaIT1_E>
  407bdd:	48 8b 5d f8          	mov    rbx,QWORD PTR [rbp-0x8]
  407be1:	c9                   	leave  
  407be2:	c3                   	ret    

0000000000407be3 <_ZSt13move_backwardIPmS0_ET0_T_S2_S1_>:
  407be3:	55                   	push   rbp
  407be4:	48 89 e5             	mov    rbp,rsp
  407be7:	53                   	push   rbx
  407be8:	48 83 ec 28          	sub    rsp,0x28
  407bec:	48 89 7d e8          	mov    QWORD PTR [rbp-0x18],rdi
  407bf0:	48 89 75 e0          	mov    QWORD PTR [rbp-0x20],rsi
  407bf4:	48 89 55 d8          	mov    QWORD PTR [rbp-0x28],rdx
  407bf8:	48 8b 45 e0          	mov    rax,QWORD PTR [rbp-0x20]
  407bfc:	48 89 c7             	mov    rdi,rax
  407bff:	e8 a4 04 00 00       	call   4080a8 <_ZSt12__miter_baseIPmET_S1_>
  407c04:	48 89 c3             	mov    rbx,rax
  407c07:	48 8b 45 e8          	mov    rax,QWORD PTR [rbp-0x18]
  407c0b:	48 89 c7             	mov    rdi,rax
  407c0e:	e8 95 04 00 00       	call   4080a8 <_ZSt12__miter_baseIPmET_S1_>
  407c13:	48 89 c1             	mov    rcx,rax
  407c16:	48 8b 45 d8          	mov    rax,QWORD PTR [rbp-0x28]
  407c1a:	48 89 c2             	mov    rdx,rax
  407c1d:	48 89 de             	mov    rsi,rbx
  407c20:	48 89 cf             	mov    rdi,rcx
  407c23:	e8 29 0b 00 00       	call   408751 <_ZSt22__copy_move_backward_aILb1EPmS0_ET1_T0_S2_S1_>
  407c28:	48 8b 5d f8          	mov    rbx,QWORD PTR [rbp-0x8]
  407c2c:	c9                   	leave  
  407c2d:	c3                   	ret    

0000000000407c2e <_ZSt4fillIPmmEvT_S1_RKT0_>:
  407c2e:	55                   	push   rbp
  407c2f:	48 89 e5             	mov    rbp,rsp
  407c32:	48 83 ec 20          	sub    rsp,0x20
  407c36:	48 89 7d f8          	mov    QWORD PTR [rbp-0x8],rdi
  407c3a:	48 89 75 f0          	mov    QWORD PTR [rbp-0x10],rsi
  407c3e:	48 89 55 e8          	mov    QWORD PTR [rbp-0x18],rdx
  407c42:	48 8b 55 e8          	mov    rdx,QWORD PTR [rbp-0x18]
  407c46:	48 8b 4d f0          	mov    rcx,QWORD PTR [rbp-0x10]
  407c4a:	48 8b 45 f8          	mov    rax,QWORD PTR [rbp-0x8]
  407c4e:	48 89 ce             	mov    rsi,rcx
  407c51:	48 89 c7             	mov    rdi,rax
  407c54:	e8 62 0b 00 00       	call   4087bb <_ZSt8__fill_aIPmmEvT_S1_RKT0_>
  407c59:	90                   	nop
  407c5a:	c9                   	leave  
  407c5b:	c3                   	ret    

0000000000407c5c <_ZSt24__uninitialized_fill_n_aIPmmmmET_S1_T0_RKT1_RSaIT2_E>:
  407c5c:	55                   	push   rbp
  407c5d:	48 89 e5             	mov    rbp,rsp
  407c60:	48 83 ec 20          	sub    rsp,0x20
  407c64:	48 89 7d f8          	mov    QWORD PTR [rbp-0x8],rdi
  407c68:	48 89 75 f0          	mov    QWORD PTR [rbp-0x10],rsi
  407c6c:	48 89 55 e8          	mov    QWORD PTR [rbp-0x18],rdx
  407c70:	48 89 4d e0          	mov    QWORD PTR [rbp-0x20],rcx
  407c74:	48 8b 55 e8          	mov    rdx,QWORD PTR [rbp-0x18]
  407c78:	48 8b 4d f0          	mov    rcx,QWORD PTR [rbp-0x10]
  407c7c:	48 8b 45 f8          	mov    rax,QWORD PTR [rbp-0x8]
  407c80:	48 89 ce             	mov    rsi,rcx
  407c83:	48 89 c7             	mov    rdi,rax
  407c86:	e8 5e 0b 00 00       	call   4087e9 <_ZSt20uninitialized_fill_nIPmmmET_S1_T0_RKT1_>
  407c8b:	c9                   	leave  
  407c8c:	c3                   	ret    
  407c8d:	90                   	nop

0000000000407c8e <_ZNKSt6vectorImSaImEE12_M_check_lenEmPKc>:
  407c8e:	55                   	push   rbp
  407c8f:	48 89 e5             	mov    rbp,rsp
  407c92:	53                   	push   rbx
  407c93:	48 83 ec 38          	sub    rsp,0x38
  407c97:	48 89 7d d8          	mov    QWORD PTR [rbp-0x28],rdi
  407c9b:	48 89 75 d0          	mov    QWORD PTR [rbp-0x30],rsi
  407c9f:	48 89 55 c8          	mov    QWORD PTR [rbp-0x38],rdx
  407ca3:	48 8b 45 d8          	mov    rax,QWORD PTR [rbp-0x28]
  407ca7:	48 89 c7             	mov    rdi,rax
  407caa:	e8 6b 0b 00 00       	call   40881a <_ZNKSt6vectorImSaImEE8max_sizeEv>
  407caf:	48 89 c3             	mov    rbx,rax
  407cb2:	48 8b 45 d8          	mov    rax,QWORD PTR [rbp-0x28]
  407cb6:	48 89 c7             	mov    rdi,rax
  407cb9:	e8 c6 df ff ff       	call   405c84 <_ZNKSt6vectorImSaImEE4sizeEv>
  407cbe:	48 29 c3             	sub    rbx,rax
  407cc1:	48 89 da             	mov    rdx,rbx
  407cc4:	48 8b 45 d0          	mov    rax,QWORD PTR [rbp-0x30]
  407cc8:	48 39 c2             	cmp    rdx,rax
  407ccb:	0f 92 c0             	setb   al
  407cce:	84 c0                	test   al,al
  407cd0:	74 0c                	je     407cde <_ZNKSt6vectorImSaImEE12_M_check_lenEmPKc+0x50>
  407cd2:	48 8b 45 c8          	mov    rax,QWORD PTR [rbp-0x38]
  407cd6:	48 89 c7             	mov    rdi,rax
  407cd9:	e8 12 a4 ff ff       	call   4020f0 <_ZSt20__throw_length_errorPKc@plt>
  407cde:	48 8b 45 d8          	mov    rax,QWORD PTR [rbp-0x28]
  407ce2:	48 89 c7             	mov    rdi,rax
  407ce5:	e8 9a df ff ff       	call   405c84 <_ZNKSt6vectorImSaImEE4sizeEv>
  407cea:	48 89 c3             	mov    rbx,rax
  407ced:	48 8b 45 d8          	mov    rax,QWORD PTR [rbp-0x28]
  407cf1:	48 89 c7             	mov    rdi,rax
  407cf4:	e8 8b df ff ff       	call   405c84 <_ZNKSt6vectorImSaImEE4sizeEv>
  407cf9:	48 89 45 e0          	mov    QWORD PTR [rbp-0x20],rax
  407cfd:	48 8d 55 d0          	lea    rdx,[rbp-0x30]
  407d01:	48 8d 45 e0          	lea    rax,[rbp-0x20]
  407d05:	48 89 d6             	mov    rsi,rdx
  407d08:	48 89 c7             	mov    rdi,rax
  407d0b:	e8 2c 0b 00 00       	call   40883c <_ZSt3maxImERKT_S2_S2_>
  407d10:	48 8b 00             	mov    rax,QWORD PTR [rax]
  407d13:	48 01 d8             	add    rax,rbx
  407d16:	48 89 45 e8          	mov    QWORD PTR [rbp-0x18],rax
  407d1a:	48 8b 45 d8          	mov    rax,QWORD PTR [rbp-0x28]
  407d1e:	48 89 c7             	mov    rdi,rax
  407d21:	e8 5e df ff ff       	call   405c84 <_ZNKSt6vectorImSaImEE4sizeEv>
  407d26:	48 39 45 e8          	cmp    QWORD PTR [rbp-0x18],rax
  407d2a:	72 12                	jb     407d3e <_ZNKSt6vectorImSaImEE12_M_check_lenEmPKc+0xb0>
  407d2c:	48 8b 45 d8          	mov    rax,QWORD PTR [rbp-0x28]
  407d30:	48 89 c7             	mov    rdi,rax
  407d33:	e8 e2 0a 00 00       	call   40881a <_ZNKSt6vectorImSaImEE8max_sizeEv>
  407d38:	48 39 45 e8          	cmp    QWORD PTR [rbp-0x18],rax
  407d3c:	76 0e                	jbe    407d4c <_ZNKSt6vectorImSaImEE12_M_check_lenEmPKc+0xbe>
  407d3e:	48 8b 45 d8          	mov    rax,QWORD PTR [rbp-0x28]
  407d42:	48 89 c7             	mov    rdi,rax
  407d45:	e8 d0 0a 00 00       	call   40881a <_ZNKSt6vectorImSaImEE8max_sizeEv>
  407d4a:	eb 04                	jmp    407d50 <_ZNKSt6vectorImSaImEE12_M_check_lenEmPKc+0xc2>
  407d4c:	48 8b 45 e8          	mov    rax,QWORD PTR [rbp-0x18]
  407d50:	48 8b 5d f8          	mov    rbx,QWORD PTR [rbp-0x8]
  407d54:	c9                   	leave  
  407d55:	c3                   	ret    

0000000000407d56 <_ZNSt12_Vector_baseImSaImEE11_M_allocateEm>:
  407d56:	55                   	push   rbp
  407d57:	48 89 e5             	mov    rbp,rsp
  407d5a:	48 83 ec 10          	sub    rsp,0x10
  407d5e:	48 89 7d f8          	mov    QWORD PTR [rbp-0x8],rdi
  407d62:	48 89 75 f0          	mov    QWORD PTR [rbp-0x10],rsi
  407d66:	48 83 7d f0 00       	cmp    QWORD PTR [rbp-0x10],0x0
  407d6b:	74 15                	je     407d82 <_ZNSt12_Vector_baseImSaImEE11_M_allocateEm+0x2c>
  407d6d:	48 8b 45 f8          	mov    rax,QWORD PTR [rbp-0x8]
  407d71:	48 8b 55 f0          	mov    rdx,QWORD PTR [rbp-0x10]
  407d75:	48 89 d6             	mov    rsi,rdx
  407d78:	48 89 c7             	mov    rdi,rax
  407d7b:	e8 e7 0a 00 00       	call   408867 <_ZNSt16allocator_traitsISaImEE8allocateERS0_m>
  407d80:	eb 05                	jmp    407d87 <_ZNSt12_Vector_baseImSaImEE11_M_allocateEm+0x31>
  407d82:	b8 00 00 00 00       	mov    eax,0x0
  407d87:	c9                   	leave  
  407d88:	c3                   	ret    

0000000000407d89 <_ZSt34__uninitialized_move_if_noexcept_aIPmS0_SaImEET0_T_S3_S2_RT1_>:
  407d89:	55                   	push   rbp
  407d8a:	48 89 e5             	mov    rbp,rsp
  407d8d:	53                   	push   rbx
  407d8e:	48 83 ec 28          	sub    rsp,0x28
  407d92:	48 89 7d e8          	mov    QWORD PTR [rbp-0x18],rdi
  407d96:	48 89 75 e0          	mov    QWORD PTR [rbp-0x20],rsi
  407d9a:	48 89 55 d8          	mov    QWORD PTR [rbp-0x28],rdx
  407d9e:	48 89 4d d0          	mov    QWORD PTR [rbp-0x30],rcx
  407da2:	48 8b 45 e0          	mov    rax,QWORD PTR [rbp-0x20]
  407da6:	48 89 c7             	mov    rdi,rax
  407da9:	e8 e3 0a 00 00       	call   408891 <_ZSt32__make_move_if_noexcept_iteratorImSt13move_iteratorIPmEET0_PT_>
  407dae:	48 89 c3             	mov    rbx,rax
  407db1:	48 8b 45 e8          	mov    rax,QWORD PTR [rbp-0x18]
  407db5:	48 89 c7             	mov    rdi,rax
  407db8:	e8 d4 0a 00 00       	call   408891 <_ZSt32__make_move_if_noexcept_iteratorImSt13move_iteratorIPmEET0_PT_>
  407dbd:	48 89 c7             	mov    rdi,rax
  407dc0:	48 8b 55 d0          	mov    rdx,QWORD PTR [rbp-0x30]
  407dc4:	48 8b 45 d8          	mov    rax,QWORD PTR [rbp-0x28]
  407dc8:	48 89 d1             	mov    rcx,rdx
  407dcb:	48 89 c2             	mov    rdx,rax
  407dce:	48 89 de             	mov    rsi,rbx
  407dd1:	e8 4a 09 00 00       	call   408720 <_ZSt22__uninitialized_copy_aISt13move_iteratorIPmES1_mET0_T_S4_S3_RSaIT1_E>
  407dd6:	48 8b 5d f8          	mov    rbx,QWORD PTR [rbp-0x8]
  407dda:	c9                   	leave  
  407ddb:	c3                   	ret    

0000000000407ddc <_ZSt7forwardIRKmEOT_RNSt16remove_referenceIS2_E4typeE>:
  407ddc:	55                   	push   rbp
  407ddd:	48 89 e5             	mov    rbp,rsp
  407de0:	48 89 7d f8          	mov    QWORD PTR [rbp-0x8],rdi
  407de4:	48 8b 45 f8          	mov    rax,QWORD PTR [rbp-0x8]
  407de8:	5d                   	pop    rbp
  407de9:	c3                   	ret    

0000000000407dea <_ZN9__gnu_cxx13new_allocatorImE9constructImJRKmEEEvPT_DpOT0_>:
  407dea:	55                   	push   rbp
  407deb:	48 89 e5             	mov    rbp,rsp
  407dee:	53                   	push   rbx
  407def:	48 83 ec 28          	sub    rsp,0x28
  407df3:	48 89 7d e8          	mov    QWORD PTR [rbp-0x18],rdi
  407df7:	48 89 75 e0          	mov    QWORD PTR [rbp-0x20],rsi
  407dfb:	48 89 55 d8          	mov    QWORD PTR [rbp-0x28],rdx
  407dff:	48 8b 45 d8          	mov    rax,QWORD PTR [rbp-0x28]
  407e03:	48 89 c7             	mov    rdi,rax
  407e06:	e8 d1 ff ff ff       	call   407ddc <_ZSt7forwardIRKmEOT_RNSt16remove_referenceIS2_E4typeE>
  407e0b:	48 8b 18             	mov    rbx,QWORD PTR [rax]
  407e0e:	48 8b 45 e0          	mov    rax,QWORD PTR [rbp-0x20]
  407e12:	48 89 c6             	mov    rsi,rax
  407e15:	bf 08 00 00 00       	mov    edi,0x8
  407e1a:	e8 4a d4 ff ff       	call   405269 <_ZnwmPv>
  407e1f:	48 89 18             	mov    QWORD PTR [rax],rbx
  407e22:	90                   	nop
  407e23:	48 8b 5d f8          	mov    rbx,QWORD PTR [rbp-0x8]
  407e27:	c9                   	leave  
  407e28:	c3                   	ret    

0000000000407e29 <_ZNSt6vectorImSaImEE11_S_relocateEPmS2_S2_RS0_>:
  407e29:	55                   	push   rbp
  407e2a:	48 89 e5             	mov    rbp,rsp
  407e2d:	48 83 ec 20          	sub    rsp,0x20
  407e31:	48 89 7d f8          	mov    QWORD PTR [rbp-0x8],rdi
  407e35:	48 89 75 f0          	mov    QWORD PTR [rbp-0x10],rsi
  407e39:	48 89 55 e8          	mov    QWORD PTR [rbp-0x18],rdx
  407e3d:	48 89 4d e0          	mov    QWORD PTR [rbp-0x20],rcx
  407e41:	48 8b 4d e0          	mov    rcx,QWORD PTR [rbp-0x20]
  407e45:	48 8b 55 e8          	mov    rdx,QWORD PTR [rbp-0x18]
  407e49:	48 8b 75 f0          	mov    rsi,QWORD PTR [rbp-0x10]
  407e4d:	48 8b 45 f8          	mov    rax,QWORD PTR [rbp-0x8]
  407e51:	48 89 c7             	mov    rdi,rax
  407e54:	e8 5d 0a 00 00       	call   4088b6 <_ZNSt6vectorImSaImEE14_S_do_relocateEPmS2_S2_RS0_St17integral_constantIbLb1EE>
  407e59:	c9                   	leave  
  407e5a:	c3                   	ret    

0000000000407e5b <_ZNSt16allocator_traitsISaImEE7destroyImEEvRS0_PT_>:
  407e5b:	55                   	push   rbp
  407e5c:	48 89 e5             	mov    rbp,rsp
  407e5f:	48 83 ec 10          	sub    rsp,0x10
  407e63:	48 89 7d f8          	mov    QWORD PTR [rbp-0x8],rdi
  407e67:	48 89 75 f0          	mov    QWORD PTR [rbp-0x10],rsi
  407e6b:	48 8b 55 f0          	mov    rdx,QWORD PTR [rbp-0x10]
  407e6f:	48 8b 45 f8          	mov    rax,QWORD PTR [rbp-0x8]
  407e73:	48 89 d6             	mov    rsi,rdx
  407e76:	48 89 c7             	mov    rdi,rax
  407e79:	e8 6a 0a 00 00       	call   4088e8 <_ZN9__gnu_cxx13new_allocatorImE7destroyImEEvPT_>
  407e7e:	90                   	nop
  407e7f:	c9                   	leave  
  407e80:	c3                   	ret    

0000000000407e81 <_ZSt16__introsort_loopIN9__gnu_cxx17__normal_iteratorIPmSt6vectorImSaImEEEElNS0_5__ops15_Iter_less_iterEEvT_S9_T0_T1_>:
  407e81:	55                   	push   rbp
  407e82:	48 89 e5             	mov    rbp,rsp
  407e85:	48 83 ec 30          	sub    rsp,0x30
  407e89:	48 89 7d e8          	mov    QWORD PTR [rbp-0x18],rdi
  407e8d:	48 89 75 e0          	mov    QWORD PTR [rbp-0x20],rsi
  407e91:	48 89 55 d8          	mov    QWORD PTR [rbp-0x28],rdx
  407e95:	eb 5b                	jmp    407ef2 <_ZSt16__introsort_loopIN9__gnu_cxx17__normal_iteratorIPmSt6vectorImSaImEEEElNS0_5__ops15_Iter_less_iterEEvT_S9_T0_T1_+0x71>
  407e97:	48 83 7d d8 00       	cmp    QWORD PTR [rbp-0x28],0x0
  407e9c:	75 19                	jne    407eb7 <_ZSt16__introsort_loopIN9__gnu_cxx17__normal_iteratorIPmSt6vectorImSaImEEEElNS0_5__ops15_Iter_less_iterEEvT_S9_T0_T1_+0x36>
  407e9e:	48 8b 55 e0          	mov    rdx,QWORD PTR [rbp-0x20]
  407ea2:	48 8b 4d e0          	mov    rcx,QWORD PTR [rbp-0x20]
  407ea6:	48 8b 45 e8          	mov    rax,QWORD PTR [rbp-0x18]
  407eaa:	48 89 ce             	mov    rsi,rcx
  407ead:	48 89 c7             	mov    rdi,rax
  407eb0:	e8 42 0a 00 00       	call   4088f7 <_ZSt14__partial_sortIN9__gnu_cxx17__normal_iteratorIPmSt6vectorImSaImEEEENS0_5__ops15_Iter_less_iterEEvT_S9_S9_T0_>
  407eb5:	eb 59                	jmp    407f10 <_ZSt16__introsort_loopIN9__gnu_cxx17__normal_iteratorIPmSt6vectorImSaImEEEElNS0_5__ops15_Iter_less_iterEEvT_S9_T0_T1_+0x8f>
  407eb7:	48 83 6d d8 01       	sub    QWORD PTR [rbp-0x28],0x1
  407ebc:	48 8b 55 e0          	mov    rdx,QWORD PTR [rbp-0x20]
  407ec0:	48 8b 45 e8          	mov    rax,QWORD PTR [rbp-0x18]
  407ec4:	48 89 d6             	mov    rsi,rdx
  407ec7:	48 89 c7             	mov    rdi,rax
  407eca:	e8 6d 0a 00 00       	call   40893c <_ZSt27__unguarded_partition_pivotIN9__gnu_cxx17__normal_iteratorIPmSt6vectorImSaImEEEENS0_5__ops15_Iter_less_iterEET_S9_S9_T0_>
  407ecf:	48 89 45 f8          	mov    QWORD PTR [rbp-0x8],rax
  407ed3:	48 8b 55 d8          	mov    rdx,QWORD PTR [rbp-0x28]
  407ed7:	48 8b 4d e0          	mov    rcx,QWORD PTR [rbp-0x20]
  407edb:	48 8b 45 f8          	mov    rax,QWORD PTR [rbp-0x8]
  407edf:	48 89 ce             	mov    rsi,rcx
  407ee2:	48 89 c7             	mov    rdi,rax
  407ee5:	e8 97 ff ff ff       	call   407e81 <_ZSt16__introsort_loopIN9__gnu_cxx17__normal_iteratorIPmSt6vectorImSaImEEEElNS0_5__ops15_Iter_less_iterEEvT_S9_T0_T1_>
  407eea:	48 8b 45 f8          	mov    rax,QWORD PTR [rbp-0x8]
  407eee:	48 89 45 e0          	mov    QWORD PTR [rbp-0x20],rax
  407ef2:	48 8d 55 e8          	lea    rdx,[rbp-0x18]
  407ef6:	48 8d 45 e0          	lea    rax,[rbp-0x20]
  407efa:	48 89 d6             	mov    rsi,rdx
  407efd:	48 89 c7             	mov    rdi,rax
  407f00:	e8 65 e5 ff ff       	call   40646a <_ZN9__gnu_cxxmiIPmSt6vectorImSaImEEEENS_17__normal_iteratorIT_T0_E15difference_typeERKS8_SB_>
  407f05:	48 83 f8 10          	cmp    rax,0x10
  407f09:	0f 9f c0             	setg   al
  407f0c:	84 c0                	test   al,al
  407f0e:	75 87                	jne    407e97 <_ZSt16__introsort_loopIN9__gnu_cxx17__normal_iteratorIPmSt6vectorImSaImEEEElNS0_5__ops15_Iter_less_iterEEvT_S9_T0_T1_+0x16>
  407f10:	c9                   	leave  
  407f11:	c3                   	ret    

0000000000407f12 <_ZSt22__final_insertion_sortIN9__gnu_cxx17__normal_iteratorIPmSt6vectorImSaImEEEENS0_5__ops15_Iter_less_iterEEvT_S9_T0_>:
  407f12:	55                   	push   rbp
  407f13:	48 89 e5             	mov    rbp,rsp
  407f16:	48 83 ec 20          	sub    rsp,0x20
  407f1a:	48 89 7d f8          	mov    QWORD PTR [rbp-0x8],rdi
  407f1e:	48 89 75 f0          	mov    QWORD PTR [rbp-0x10],rsi
  407f22:	48 8d 55 f8          	lea    rdx,[rbp-0x8]
  407f26:	48 8d 45 f0          	lea    rax,[rbp-0x10]
  407f2a:	48 89 d6             	mov    rsi,rdx
  407f2d:	48 89 c7             	mov    rdi,rax
  407f30:	e8 35 e5 ff ff       	call   40646a <_ZN9__gnu_cxxmiIPmSt6vectorImSaImEEEENS_17__normal_iteratorIT_T0_E15difference_typeERKS8_SB_>
  407f35:	48 83 f8 10          	cmp    rax,0x10
  407f39:	0f 9f c0             	setg   al
  407f3c:	84 c0                	test   al,al
  407f3e:	74 48                	je     407f88 <_ZSt22__final_insertion_sortIN9__gnu_cxx17__normal_iteratorIPmSt6vectorImSaImEEEENS0_5__ops15_Iter_less_iterEEvT_S9_T0_+0x76>
  407f40:	48 8d 45 f8          	lea    rax,[rbp-0x8]
  407f44:	be 10 00 00 00       	mov    esi,0x10
  407f49:	48 89 c7             	mov    rdi,rax
  407f4c:	e8 59 e5 ff ff       	call   4064aa <_ZNK9__gnu_cxx17__normal_iteratorIPmSt6vectorImSaImEEEplEl>
  407f51:	48 89 c2             	mov    rdx,rax
  407f54:	48 8b 45 f8          	mov    rax,QWORD PTR [rbp-0x8]
  407f58:	48 89 d6             	mov    rsi,rdx
  407f5b:	48 89 c7             	mov    rdi,rax
  407f5e:	e8 88 0a 00 00       	call   4089eb <_ZSt16__insertion_sortIN9__gnu_cxx17__normal_iteratorIPmSt6vectorImSaImEEEENS0_5__ops15_Iter_less_iterEEvT_S9_T0_>
  407f63:	48 8d 45 f8          	lea    rax,[rbp-0x8]
  407f67:	be 10 00 00 00       	mov    esi,0x10
  407f6c:	48 89 c7             	mov    rdi,rax
  407f6f:	e8 36 e5 ff ff       	call   4064aa <_ZNK9__gnu_cxx17__normal_iteratorIPmSt6vectorImSaImEEEplEl>
  407f74:	48 89 c2             	mov    rdx,rax
  407f77:	48 8b 45 f0          	mov    rax,QWORD PTR [rbp-0x10]
  407f7b:	48 89 c6             	mov    rsi,rax
  407f7e:	48 89 d7             	mov    rdi,rdx
  407f81:	e8 6c 0b 00 00       	call   408af2 <_ZSt26__unguarded_insertion_sortIN9__gnu_cxx17__normal_iteratorIPmSt6vectorImSaImEEEENS0_5__ops15_Iter_less_iterEEvT_S9_T0_>
  407f86:	eb 13                	jmp    407f9b <_ZSt22__final_insertion_sortIN9__gnu_cxx17__normal_iteratorIPmSt6vectorImSaImEEEENS0_5__ops15_Iter_less_iterEEvT_S9_T0_+0x89>
  407f88:	48 8b 55 f0          	mov    rdx,QWORD PTR [rbp-0x10]
  407f8c:	48 8b 45 f8          	mov    rax,QWORD PTR [rbp-0x8]
  407f90:	48 89 d6             	mov    rsi,rdx
  407f93:	48 89 c7             	mov    rdi,rax
  407f96:	e8 50 0a 00 00       	call   4089eb <_ZSt16__insertion_sortIN9__gnu_cxx17__normal_iteratorIPmSt6vectorImSaImEEEENS0_5__ops15_Iter_less_iterEEvT_S9_T0_>
  407f9b:	90                   	nop
  407f9c:	c9                   	leave  
  407f9d:	c3                   	ret    

0000000000407f9e <_ZN9__gnu_cxx17__normal_iteratorIPKmSt6vectorImSaImEEEC1ERKS2_>:
  407f9e:	55                   	push   rbp
  407f9f:	48 89 e5             	mov    rbp,rsp
  407fa2:	48 89 7d f8          	mov    QWORD PTR [rbp-0x8],rdi
  407fa6:	48 89 75 f0          	mov    QWORD PTR [rbp-0x10],rsi
  407faa:	48 8b 45 f0          	mov    rax,QWORD PTR [rbp-0x10]
  407fae:	48 8b 10             	mov    rdx,QWORD PTR [rax]
  407fb1:	48 8b 45 f8          	mov    rax,QWORD PTR [rbp-0x8]
  407fb5:	48 89 10             	mov    QWORD PTR [rax],rdx
  407fb8:	90                   	nop
  407fb9:	5d                   	pop    rbp
  407fba:	c3                   	ret    
  407fbb:	90                   	nop

0000000000407fbc <_ZNK9__gnu_cxx17__normal_iteratorIPKmSt6vectorImSaImEEE4baseEv>:
  407fbc:	55                   	push   rbp
  407fbd:	48 89 e5             	mov    rbp,rsp
  407fc0:	48 89 7d f8          	mov    QWORD PTR [rbp-0x8],rdi
  407fc4:	48 8b 45 f8          	mov    rax,QWORD PTR [rbp-0x8]
  407fc8:	5d                   	pop    rbp
  407fc9:	c3                   	ret    

0000000000407fca <_ZSt18__do_alloc_on_copyISaImEEvRT_RKS1_St17integral_constantIbLb0EE>:
  407fca:	55                   	push   rbp
  407fcb:	48 89 e5             	mov    rbp,rsp
  407fce:	48 89 7d f8          	mov    QWORD PTR [rbp-0x8],rdi
  407fd2:	48 89 75 f0          	mov    QWORD PTR [rbp-0x10],rsi
  407fd6:	90                   	nop
  407fd7:	5d                   	pop    rbp
  407fd8:	c3                   	ret    

0000000000407fd9 <_ZSt22__uninitialized_copy_aIN9__gnu_cxx17__normal_iteratorIPKmSt6vectorImSaImEEEEPmmET0_T_SA_S9_RSaIT1_E>:
  407fd9:	55                   	push   rbp
  407fda:	48 89 e5             	mov    rbp,rsp
  407fdd:	48 83 ec 20          	sub    rsp,0x20
  407fe1:	48 89 7d f8          	mov    QWORD PTR [rbp-0x8],rdi
  407fe5:	48 89 75 f0          	mov    QWORD PTR [rbp-0x10],rsi
  407fe9:	48 89 55 e8          	mov    QWORD PTR [rbp-0x18],rdx
  407fed:	48 89 4d e0          	mov    QWORD PTR [rbp-0x20],rcx
  407ff1:	48 8b 55 e8          	mov    rdx,QWORD PTR [rbp-0x18]
  407ff5:	48 8b 4d f0          	mov    rcx,QWORD PTR [rbp-0x10]
  407ff9:	48 8b 45 f8          	mov    rax,QWORD PTR [rbp-0x8]
  407ffd:	48 89 ce             	mov    rsi,rcx
  408000:	48 89 c7             	mov    rdi,rax
  408003:	e8 3c 0b 00 00       	call   408b44 <_ZSt18uninitialized_copyIN9__gnu_cxx17__normal_iteratorIPKmSt6vectorImSaImEEEEPmET0_T_SA_S9_>
  408008:	c9                   	leave  
  408009:	c3                   	ret    

000000000040800a <_ZSt12__miter_baseIN9__gnu_cxx17__normal_iteratorIPKmSt6vectorImSaImEEEEET_S8_>:
  40800a:	55                   	push   rbp
  40800b:	48 89 e5             	mov    rbp,rsp
  40800e:	48 89 7d f8          	mov    QWORD PTR [rbp-0x8],rdi
  408012:	48 8b 45 f8          	mov    rax,QWORD PTR [rbp-0x8]
  408016:	5d                   	pop    rbp
  408017:	c3                   	ret    

0000000000408018 <_ZSt13__copy_move_aILb0EN9__gnu_cxx17__normal_iteratorIPKmSt6vectorImSaImEEEENS1_IPmS6_EEET1_T0_SB_SA_>:
  408018:	55                   	push   rbp
  408019:	48 89 e5             	mov    rbp,rsp
  40801c:	41 54                	push   r12
  40801e:	53                   	push   rbx
  40801f:	48 83 ec 20          	sub    rsp,0x20
  408023:	48 89 7d e8          	mov    QWORD PTR [rbp-0x18],rdi
  408027:	48 89 75 e0          	mov    QWORD PTR [rbp-0x20],rsi
  40802b:	48 89 55 d8          	mov    QWORD PTR [rbp-0x28],rdx
  40802f:	48 8b 45 d8          	mov    rax,QWORD PTR [rbp-0x28]
  408033:	48 89 c7             	mov    rdi,rax
  408036:	e8 57 0b 00 00       	call   408b92 <_ZSt12__niter_baseIPmSt6vectorImSaImEEET_N9__gnu_cxx17__normal_iteratorIS4_T0_EE>
  40803b:	49 89 c4             	mov    r12,rax
  40803e:	48 8b 45 e0          	mov    rax,QWORD PTR [rbp-0x20]
  408042:	48 89 c7             	mov    rdi,rax
  408045:	e8 2b 0b 00 00       	call   408b75 <_ZSt12__niter_baseIPKmSt6vectorImSaImEEET_N9__gnu_cxx17__normal_iteratorIS5_T0_EE>
  40804a:	48 89 c3             	mov    rbx,rax
  40804d:	48 8b 45 e8          	mov    rax,QWORD PTR [rbp-0x18]
  408051:	48 89 c7             	mov    rdi,rax
  408054:	e8 1c 0b 00 00       	call   408b75 <_ZSt12__niter_baseIPKmSt6vectorImSaImEEET_N9__gnu_cxx17__normal_iteratorIS5_T0_EE>
  408059:	4c 89 e2             	mov    rdx,r12
  40805c:	48 89 de             	mov    rsi,rbx
  40805f:	48 89 c7             	mov    rdi,rax
  408062:	e8 48 0b 00 00       	call   408baf <_ZSt14__copy_move_a1ILb0EPKmPmET1_T0_S4_S3_>
  408067:	48 89 c2             	mov    rdx,rax
  40806a:	48 8b 45 d8          	mov    rax,QWORD PTR [rbp-0x28]
  40806e:	48 89 d6             	mov    rsi,rdx
  408071:	48 89 c7             	mov    rdi,rax
  408074:	e8 63 0b 00 00       	call   408bdc <_ZSt12__niter_wrapIN9__gnu_cxx17__normal_iteratorIPmSt6vectorImSaImEEEES2_ET_S7_T0_>
  408079:	48 83 c4 20          	add    rsp,0x20
  40807d:	5b                   	pop    rbx
  40807e:	41 5c                	pop    r12
  408080:	5d                   	pop    rbp
  408081:	c3                   	ret    

0000000000408082 <_ZSt8_DestroyIN9__gnu_cxx17__normal_iteratorIPmSt6vectorImSaImEEEEEvT_S7_>:
  408082:	55                   	push   rbp
  408083:	48 89 e5             	mov    rbp,rsp
  408086:	48 83 ec 10          	sub    rsp,0x10
  40808a:	48 89 7d f8          	mov    QWORD PTR [rbp-0x8],rdi
  40808e:	48 89 75 f0          	mov    QWORD PTR [rbp-0x10],rsi
  408092:	48 8b 55 f0          	mov    rdx,QWORD PTR [rbp-0x10]
  408096:	48 8b 45 f8          	mov    rax,QWORD PTR [rbp-0x8]
  40809a:	48 89 d6             	mov    rsi,rdx
  40809d:	48 89 c7             	mov    rdi,rax
  4080a0:	e8 75 0b 00 00       	call   408c1a <_ZNSt12_Destroy_auxILb1EE9__destroyIN9__gnu_cxx17__normal_iteratorIPmSt6vectorImSaImEEEEEEvT_S9_>
  4080a5:	90                   	nop
  4080a6:	c9                   	leave  
  4080a7:	c3                   	ret    

00000000004080a8 <_ZSt12__miter_baseIPmET_S1_>:
  4080a8:	55                   	push   rbp
  4080a9:	48 89 e5             	mov    rbp,rsp
  4080ac:	48 89 7d f8          	mov    QWORD PTR [rbp-0x8],rdi
  4080b0:	48 8b 45 f8          	mov    rax,QWORD PTR [rbp-0x8]
  4080b4:	5d                   	pop    rbp
  4080b5:	c3                   	ret    

00000000004080b6 <_ZSt13__copy_move_aILb0EPmS0_ET1_T0_S2_S1_>:
  4080b6:	55                   	push   rbp
  4080b7:	48 89 e5             	mov    rbp,rsp
  4080ba:	41 54                	push   r12
  4080bc:	53                   	push   rbx
  4080bd:	48 83 ec 20          	sub    rsp,0x20
  4080c1:	48 89 7d e8          	mov    QWORD PTR [rbp-0x18],rdi
  4080c5:	48 89 75 e0          	mov    QWORD PTR [rbp-0x20],rsi
  4080c9:	48 89 55 d8          	mov    QWORD PTR [rbp-0x28],rdx
  4080cd:	48 8b 45 d8          	mov    rax,QWORD PTR [rbp-0x28]
  4080d1:	48 89 c7             	mov    rdi,rax
  4080d4:	e8 50 0b 00 00       	call   408c29 <_ZSt12__niter_baseIPmET_S1_>
  4080d9:	49 89 c4             	mov    r12,rax
  4080dc:	48 8b 45 e0          	mov    rax,QWORD PTR [rbp-0x20]
  4080e0:	48 89 c7             	mov    rdi,rax
  4080e3:	e8 41 0b 00 00       	call   408c29 <_ZSt12__niter_baseIPmET_S1_>
  4080e8:	48 89 c3             	mov    rbx,rax
  4080eb:	48 8b 45 e8          	mov    rax,QWORD PTR [rbp-0x18]
  4080ef:	48 89 c7             	mov    rdi,rax
  4080f2:	e8 32 0b 00 00       	call   408c29 <_ZSt12__niter_baseIPmET_S1_>
  4080f7:	4c 89 e2             	mov    rdx,r12
  4080fa:	48 89 de             	mov    rsi,rbx
  4080fd:	48 89 c7             	mov    rdi,rax
  408100:	e8 32 0b 00 00       	call   408c37 <_ZSt14__copy_move_a1ILb0EPmS0_ET1_T0_S2_S1_>
  408105:	48 89 c2             	mov    rdx,rax
  408108:	48 8d 45 d8          	lea    rax,[rbp-0x28]
  40810c:	48 89 d6             	mov    rsi,rdx
  40810f:	48 89 c7             	mov    rdi,rax
  408112:	e8 4d 0b 00 00       	call   408c64 <_ZSt12__niter_wrapIPmET_RKS1_S1_>
  408117:	48 83 c4 20          	add    rsp,0x20
  40811b:	5b                   	pop    rbx
  40811c:	41 5c                	pop    r12
  40811e:	5d                   	pop    rbp
  40811f:	c3                   	ret    

0000000000408120 <_ZSt18uninitialized_copyIPmS0_ET0_T_S2_S1_>:
  408120:	55                   	push   rbp
  408121:	48 89 e5             	mov    rbp,rsp
  408124:	48 83 ec 30          	sub    rsp,0x30
  408128:	48 89 7d e8          	mov    QWORD PTR [rbp-0x18],rdi
  40812c:	48 89 75 e0          	mov    QWORD PTR [rbp-0x20],rsi
  408130:	48 89 55 d8          	mov    QWORD PTR [rbp-0x28],rdx
  408134:	c6 45 ff 01          	mov    BYTE PTR [rbp-0x1],0x1
  408138:	48 8b 55 d8          	mov    rdx,QWORD PTR [rbp-0x28]
  40813c:	48 8b 4d e0          	mov    rcx,QWORD PTR [rbp-0x20]
  408140:	48 8b 45 e8          	mov    rax,QWORD PTR [rbp-0x18]
  408144:	48 89 ce             	mov    rsi,rcx
  408147:	48 89 c7             	mov    rdi,rax
  40814a:	e8 27 0b 00 00       	call   408c76 <_ZNSt20__uninitialized_copyILb1EE13__uninit_copyIPmS2_EET0_T_S4_S3_>
  40814f:	c9                   	leave  
  408150:	c3                   	ret    
  408151:	90                   	nop

0000000000408152 <_ZN9__gnu_cxx5__ops16_Iter_equals_valIKmEC1ERS2_>:
  408152:	55                   	push   rbp
  408153:	48 89 e5             	mov    rbp,rsp
  408156:	48 89 7d f8          	mov    QWORD PTR [rbp-0x8],rdi
  40815a:	48 89 75 f0          	mov    QWORD PTR [rbp-0x10],rsi
  40815e:	48 8b 45 f8          	mov    rax,QWORD PTR [rbp-0x8]
  408162:	48 8b 55 f0          	mov    rdx,QWORD PTR [rbp-0x10]
  408166:	48 89 10             	mov    QWORD PTR [rax],rdx
  408169:	90                   	nop
  40816a:	5d                   	pop    rbp
  40816b:	c3                   	ret    

000000000040816c <_ZSt19__iterator_categoryIN9__gnu_cxx17__normal_iteratorIPmSt6vectorImSaImEEEEENSt15iterator_traitsIT_E17iterator_categoryERKS8_>:
  40816c:	55                   	push   rbp
  40816d:	48 89 e5             	mov    rbp,rsp
  408170:	48 89 7d f8          	mov    QWORD PTR [rbp-0x8],rdi
  408174:	90                   	nop
  408175:	5d                   	pop    rbp
  408176:	c3                   	ret    

0000000000408177 <_ZSt9__find_ifIN9__gnu_cxx17__normal_iteratorIPmSt6vectorImSaImEEEENS0_5__ops16_Iter_equals_valIKmEEET_SB_SB_T0_St26random_access_iterator_tag>:
  408177:	55                   	push   rbp
  408178:	48 89 e5             	mov    rbp,rsp
  40817b:	48 83 ec 30          	sub    rsp,0x30
  40817f:	48 89 7d e8          	mov    QWORD PTR [rbp-0x18],rdi
  408183:	48 89 75 e0          	mov    QWORD PTR [rbp-0x20],rsi
  408187:	48 89 55 d8          	mov    QWORD PTR [rbp-0x28],rdx
  40818b:	48 8d 55 e8          	lea    rdx,[rbp-0x18]
  40818f:	48 8d 45 e0          	lea    rax,[rbp-0x20]
  408193:	48 89 d6             	mov    rsi,rdx
  408196:	48 89 c7             	mov    rdi,rax
  408199:	e8 cc e2 ff ff       	call   40646a <_ZN9__gnu_cxxmiIPmSt6vectorImSaImEEEENS_17__normal_iteratorIT_T0_E15difference_typeERKS8_SB_>
  40819e:	48 c1 f8 02          	sar    rax,0x2
  4081a2:	48 89 45 f8          	mov    QWORD PTR [rbp-0x8],rax
  4081a6:	e9 b5 00 00 00       	jmp    408260 <_ZSt9__find_ifIN9__gnu_cxx17__normal_iteratorIPmSt6vectorImSaImEEEENS0_5__ops16_Iter_equals_valIKmEEET_SB_SB_T0_St26random_access_iterator_tag+0xe9>
  4081ab:	48 8b 55 e8          	mov    rdx,QWORD PTR [rbp-0x18]
  4081af:	48 8d 45 d8          	lea    rax,[rbp-0x28]
  4081b3:	48 89 d6             	mov    rsi,rdx
  4081b6:	48 89 c7             	mov    rdi,rax
  4081b9:	e8 e6 0a 00 00       	call   408ca4 <_ZN9__gnu_cxx5__ops16_Iter_equals_valIKmEclINS_17__normal_iteratorIPmSt6vectorImSaImEEEEEEbT_>
  4081be:	84 c0                	test   al,al
  4081c0:	74 09                	je     4081cb <_ZSt9__find_ifIN9__gnu_cxx17__normal_iteratorIPmSt6vectorImSaImEEEENS0_5__ops16_Iter_equals_valIKmEEET_SB_SB_T0_St26random_access_iterator_tag+0x54>
  4081c2:	48 8b 45 e8          	mov    rax,QWORD PTR [rbp-0x18]
  4081c6:	e9 50 01 00 00       	jmp    40831b <_ZSt9__find_ifIN9__gnu_cxx17__normal_iteratorIPmSt6vectorImSaImEEEENS0_5__ops16_Iter_equals_valIKmEEET_SB_SB_T0_St26random_access_iterator_tag+0x1a4>
  4081cb:	48 8d 45 e8          	lea    rax,[rbp-0x18]
  4081cf:	48 89 c7             	mov    rdi,rax
  4081d2:	e8 7b da ff ff       	call   405c52 <_ZN9__gnu_cxx17__normal_iteratorIPmSt6vectorImSaImEEEppEv>
  4081d7:	48 8b 55 e8          	mov    rdx,QWORD PTR [rbp-0x18]
  4081db:	48 8d 45 d8          	lea    rax,[rbp-0x28]
  4081df:	48 89 d6             	mov    rsi,rdx
  4081e2:	48 89 c7             	mov    rdi,rax
  4081e5:	e8 ba 0a 00 00       	call   408ca4 <_ZN9__gnu_cxx5__ops16_Iter_equals_valIKmEclINS_17__normal_iteratorIPmSt6vectorImSaImEEEEEEbT_>
  4081ea:	84 c0                	test   al,al
  4081ec:	74 09                	je     4081f7 <_ZSt9__find_ifIN9__gnu_cxx17__normal_iteratorIPmSt6vectorImSaImEEEENS0_5__ops16_Iter_equals_valIKmEEET_SB_SB_T0_St26random_access_iterator_tag+0x80>
  4081ee:	48 8b 45 e8          	mov    rax,QWORD PTR [rbp-0x18]
  4081f2:	e9 24 01 00 00       	jmp    40831b <_ZSt9__find_ifIN9__gnu_cxx17__normal_iteratorIPmSt6vectorImSaImEEEENS0_5__ops16_Iter_equals_valIKmEEET_SB_SB_T0_St26random_access_iterator_tag+0x1a4>
  4081f7:	48 8d 45 e8          	lea    rax,[rbp-0x18]
  4081fb:	48 89 c7             	mov    rdi,rax
  4081fe:	e8 4f da ff ff       	call   405c52 <_ZN9__gnu_cxx17__normal_iteratorIPmSt6vectorImSaImEEEppEv>
  408203:	48 8b 55 e8          	mov    rdx,QWORD PTR [rbp-0x18]
  408207:	48 8d 45 d8          	lea    rax,[rbp-0x28]
  40820b:	48 89 d6             	mov    rsi,rdx
  40820e:	48 89 c7             	mov    rdi,rax
  408211:	e8 8e 0a 00 00       	call   408ca4 <_ZN9__gnu_cxx5__ops16_Iter_equals_valIKmEclINS_17__normal_iteratorIPmSt6vectorImSaImEEEEEEbT_>
  408216:	84 c0                	test   al,al
  408218:	74 09                	je     408223 <_ZSt9__find_ifIN9__gnu_cxx17__normal_iteratorIPmSt6vectorImSaImEEEENS0_5__ops16_Iter_equals_valIKmEEET_SB_SB_T0_St26random_access_iterator_tag+0xac>
  40821a:	48 8b 45 e8          	mov    rax,QWORD PTR [rbp-0x18]
  40821e:	e9 f8 00 00 00       	jmp    40831b <_ZSt9__find_ifIN9__gnu_cxx17__normal_iteratorIPmSt6vectorImSaImEEEENS0_5__ops16_Iter_equals_valIKmEEET_SB_SB_T0_St26random_access_iterator_tag+0x1a4>
  408223:	48 8d 45 e8          	lea    rax,[rbp-0x18]
  408227:	48 89 c7             	mov    rdi,rax
  40822a:	e8 23 da ff ff       	call   405c52 <_ZN9__gnu_cxx17__normal_iteratorIPmSt6vectorImSaImEEEppEv>
  40822f:	48 8b 55 e8          	mov    rdx,QWORD PTR [rbp-0x18]
  408233:	48 8d 45 d8          	lea    rax,[rbp-0x28]
  408237:	48 89 d6             	mov    rsi,rdx
  40823a:	48 89 c7             	mov    rdi,rax
  40823d:	e8 62 0a 00 00       	call   408ca4 <_ZN9__gnu_cxx5__ops16_Iter_equals_valIKmEclINS_17__normal_iteratorIPmSt6vectorImSaImEEEEEEbT_>
  408242:	84 c0                	test   al,al
  408244:	74 09                	je     40824f <_ZSt9__find_ifIN9__gnu_cxx17__normal_iteratorIPmSt6vectorImSaImEEEENS0_5__ops16_Iter_equals_valIKmEEET_SB_SB_T0_St26random_access_iterator_tag+0xd8>
  408246:	48 8b 45 e8          	mov    rax,QWORD PTR [rbp-0x18]
  40824a:	e9 cc 00 00 00       	jmp    40831b <_ZSt9__find_ifIN9__gnu_cxx17__normal_iteratorIPmSt6vectorImSaImEEEENS0_5__ops16_Iter_equals_valIKmEEET_SB_SB_T0_St26random_access_iterator_tag+0x1a4>
  40824f:	48 8d 45 e8          	lea    rax,[rbp-0x18]
  408253:	48 89 c7             	mov    rdi,rax
  408256:	e8 f7 d9 ff ff       	call   405c52 <_ZN9__gnu_cxx17__normal_iteratorIPmSt6vectorImSaImEEEppEv>
  40825b:	48 83 6d f8 01       	sub    QWORD PTR [rbp-0x8],0x1
  408260:	48 83 7d f8 00       	cmp    QWORD PTR [rbp-0x8],0x0
  408265:	0f 8f 40 ff ff ff    	jg     4081ab <_ZSt9__find_ifIN9__gnu_cxx17__normal_iteratorIPmSt6vectorImSaImEEEENS0_5__ops16_Iter_equals_valIKmEEET_SB_SB_T0_St26random_access_iterator_tag+0x34>
  40826b:	48 8d 55 e8          	lea    rdx,[rbp-0x18]
  40826f:	48 8d 45 e0          	lea    rax,[rbp-0x20]
  408273:	48 89 d6             	mov    rsi,rdx
  408276:	48 89 c7             	mov    rdi,rax
  408279:	e8 ec e1 ff ff       	call   40646a <_ZN9__gnu_cxxmiIPmSt6vectorImSaImEEEENS_17__normal_iteratorIT_T0_E15difference_typeERKS8_SB_>
  40827e:	48 83 f8 03          	cmp    rax,0x3
  408282:	74 18                	je     40829c <_ZSt9__find_ifIN9__gnu_cxx17__normal_iteratorIPmSt6vectorImSaImEEEENS0_5__ops16_Iter_equals_valIKmEEET_SB_SB_T0_St26random_access_iterator_tag+0x125>
  408284:	48 83 f8 03          	cmp    rax,0x3
  408288:	0f 8f 89 00 00 00    	jg     408317 <_ZSt9__find_ifIN9__gnu_cxx17__normal_iteratorIPmSt6vectorImSaImEEEENS0_5__ops16_Iter_equals_valIKmEEET_SB_SB_T0_St26random_access_iterator_tag+0x1a0>
  40828e:	48 83 f8 01          	cmp    rax,0x1
  408292:	74 5a                	je     4082ee <_ZSt9__find_ifIN9__gnu_cxx17__normal_iteratorIPmSt6vectorImSaImEEEENS0_5__ops16_Iter_equals_valIKmEEET_SB_SB_T0_St26random_access_iterator_tag+0x177>
  408294:	48 83 f8 02          	cmp    rax,0x2
  408298:	74 2b                	je     4082c5 <_ZSt9__find_ifIN9__gnu_cxx17__normal_iteratorIPmSt6vectorImSaImEEEENS0_5__ops16_Iter_equals_valIKmEEET_SB_SB_T0_St26random_access_iterator_tag+0x14e>
  40829a:	eb 7b                	jmp    408317 <_ZSt9__find_ifIN9__gnu_cxx17__normal_iteratorIPmSt6vectorImSaImEEEENS0_5__ops16_Iter_equals_valIKmEEET_SB_SB_T0_St26random_access_iterator_tag+0x1a0>
  40829c:	48 8b 55 e8          	mov    rdx,QWORD PTR [rbp-0x18]
  4082a0:	48 8d 45 d8          	lea    rax,[rbp-0x28]
  4082a4:	48 89 d6             	mov    rsi,rdx
  4082a7:	48 89 c7             	mov    rdi,rax
  4082aa:	e8 f5 09 00 00       	call   408ca4 <_ZN9__gnu_cxx5__ops16_Iter_equals_valIKmEclINS_17__normal_iteratorIPmSt6vectorImSaImEEEEEEbT_>
  4082af:	84 c0                	test   al,al
  4082b1:	74 06                	je     4082b9 <_ZSt9__find_ifIN9__gnu_cxx17__normal_iteratorIPmSt6vectorImSaImEEEENS0_5__ops16_Iter_equals_valIKmEEET_SB_SB_T0_St26random_access_iterator_tag+0x142>
  4082b3:	48 8b 45 e8          	mov    rax,QWORD PTR [rbp-0x18]
  4082b7:	eb 62                	jmp    40831b <_ZSt9__find_ifIN9__gnu_cxx17__normal_iteratorIPmSt6vectorImSaImEEEENS0_5__ops16_Iter_equals_valIKmEEET_SB_SB_T0_St26random_access_iterator_tag+0x1a4>
  4082b9:	48 8d 45 e8          	lea    rax,[rbp-0x18]
  4082bd:	48 89 c7             	mov    rdi,rax
  4082c0:	e8 8d d9 ff ff       	call   405c52 <_ZN9__gnu_cxx17__normal_iteratorIPmSt6vectorImSaImEEEppEv>
  4082c5:	48 8b 55 e8          	mov    rdx,QWORD PTR [rbp-0x18]
  4082c9:	48 8d 45 d8          	lea    rax,[rbp-0x28]
  4082cd:	48 89 d6             	mov    rsi,rdx
  4082d0:	48 89 c7             	mov    rdi,rax
  4082d3:	e8 cc 09 00 00       	call   408ca4 <_ZN9__gnu_cxx5__ops16_Iter_equals_valIKmEclINS_17__normal_iteratorIPmSt6vectorImSaImEEEEEEbT_>
  4082d8:	84 c0                	test   al,al
  4082da:	74 06                	je     4082e2 <_ZSt9__find_ifIN9__gnu_cxx17__normal_iteratorIPmSt6vectorImSaImEEEENS0_5__ops16_Iter_equals_valIKmEEET_SB_SB_T0_St26random_access_iterator_tag+0x16b>
  4082dc:	48 8b 45 e8          	mov    rax,QWORD PTR [rbp-0x18]
  4082e0:	eb 39                	jmp    40831b <_ZSt9__find_ifIN9__gnu_cxx17__normal_iteratorIPmSt6vectorImSaImEEEENS0_5__ops16_Iter_equals_valIKmEEET_SB_SB_T0_St26random_access_iterator_tag+0x1a4>
  4082e2:	48 8d 45 e8          	lea    rax,[rbp-0x18]
  4082e6:	48 89 c7             	mov    rdi,rax
  4082e9:	e8 64 d9 ff ff       	call   405c52 <_ZN9__gnu_cxx17__normal_iteratorIPmSt6vectorImSaImEEEppEv>
  4082ee:	48 8b 55 e8          	mov    rdx,QWORD PTR [rbp-0x18]
  4082f2:	48 8d 45 d8          	lea    rax,[rbp-0x28]
  4082f6:	48 89 d6             	mov    rsi,rdx
  4082f9:	48 89 c7             	mov    rdi,rax
  4082fc:	e8 a3 09 00 00       	call   408ca4 <_ZN9__gnu_cxx5__ops16_Iter_equals_valIKmEclINS_17__normal_iteratorIPmSt6vectorImSaImEEEEEEbT_>
  408301:	84 c0                	test   al,al
  408303:	74 06                	je     40830b <_ZSt9__find_ifIN9__gnu_cxx17__normal_iteratorIPmSt6vectorImSaImEEEENS0_5__ops16_Iter_equals_valIKmEEET_SB_SB_T0_St26random_access_iterator_tag+0x194>
  408305:	48 8b 45 e8          	mov    rax,QWORD PTR [rbp-0x18]
  408309:	eb 10                	jmp    40831b <_ZSt9__find_ifIN9__gnu_cxx17__normal_iteratorIPmSt6vectorImSaImEEEENS0_5__ops16_Iter_equals_valIKmEEET_SB_SB_T0_St26random_access_iterator_tag+0x1a4>
  40830b:	48 8d 45 e8          	lea    rax,[rbp-0x18]
  40830f:	48 89 c7             	mov    rdi,rax
  408312:	e8 3b d9 ff ff       	call   405c52 <_ZN9__gnu_cxx17__normal_iteratorIPmSt6vectorImSaImEEEppEv>
  408317:	48 8b 45 e0          	mov    rax,QWORD PTR [rbp-0x20]
  40831b:	c9                   	leave  
  40831c:	c3                   	ret    
  40831d:	90                   	nop

000000000040831e <_ZN9__gnu_cxx13new_allocatorImE10deallocateEPmm>:
  40831e:	55                   	push   rbp
  40831f:	48 89 e5             	mov    rbp,rsp
  408322:	48 83 ec 20          	sub    rsp,0x20
  408326:	48 89 7d f8          	mov    QWORD PTR [rbp-0x8],rdi
  40832a:	48 89 75 f0          	mov    QWORD PTR [rbp-0x10],rsi
  40832e:	48 89 55 e8          	mov    QWORD PTR [rbp-0x18],rdx
  408332:	48 8b 45 f0          	mov    rax,QWORD PTR [rbp-0x10]
  408336:	48 89 c7             	mov    rdi,rax
  408339:	e8 52 9e ff ff       	call   402190 <_ZdlPv@plt>
  40833e:	90                   	nop
  40833f:	c9                   	leave  
  408340:	c3                   	ret    

0000000000408341 <_ZNSt12_Destroy_auxILb1EE9__destroyIPmEEvT_S3_>:
  408341:	55                   	push   rbp
  408342:	48 89 e5             	mov    rbp,rsp
  408345:	48 89 7d f8          	mov    QWORD PTR [rbp-0x8],rdi
  408349:	48 89 75 f0          	mov    QWORD PTR [rbp-0x10],rsi
  40834d:	90                   	nop
  40834e:	5d                   	pop    rbp
  40834f:	c3                   	ret    

0000000000408350 <_ZN9__gnu_cxx13new_allocatorImE9constructImJmEEEvPT_DpOT0_>:
  408350:	55                   	push   rbp
  408351:	48 89 e5             	mov    rbp,rsp
  408354:	53                   	push   rbx
  408355:	48 83 ec 28          	sub    rsp,0x28
  408359:	48 89 7d e8          	mov    QWORD PTR [rbp-0x18],rdi
  40835d:	48 89 75 e0          	mov    QWORD PTR [rbp-0x20],rsi
  408361:	48 89 55 d8          	mov    QWORD PTR [rbp-0x28],rdx
  408365:	48 8b 45 d8          	mov    rax,QWORD PTR [rbp-0x28]
  408369:	48 89 c7             	mov    rdi,rax
  40836c:	e8 84 f0 ff ff       	call   4073f5 <_ZSt7forwardImEOT_RNSt16remove_referenceIS0_E4typeE>
  408371:	48 8b 18             	mov    rbx,QWORD PTR [rax]
  408374:	48 8b 45 e0          	mov    rax,QWORD PTR [rbp-0x20]
  408378:	48 89 c6             	mov    rsi,rax
  40837b:	bf 08 00 00 00       	mov    edi,0x8
  408380:	e8 e4 ce ff ff       	call   405269 <_ZnwmPv>
  408385:	48 89 18             	mov    QWORD PTR [rax],rbx
  408388:	90                   	nop
  408389:	48 8b 5d f8          	mov    rbx,QWORD PTR [rbp-0x8]
  40838d:	c9                   	leave  
  40838e:	c3                   	ret    
  40838f:	90                   	nop

0000000000408390 <_ZNSt12_Vector_baseImSaImEEC1ERKS0_>:
  408390:	55                   	push   rbp
  408391:	48 89 e5             	mov    rbp,rsp
  408394:	48 83 ec 10          	sub    rsp,0x10
  408398:	48 89 7d f8          	mov    QWORD PTR [rbp-0x8],rdi
  40839c:	48 89 75 f0          	mov    QWORD PTR [rbp-0x10],rsi
  4083a0:	48 8b 45 f8          	mov    rax,QWORD PTR [rbp-0x8]
  4083a4:	48 8b 55 f0          	mov    rdx,QWORD PTR [rbp-0x10]
  4083a8:	48 89 d6             	mov    rsi,rdx
  4083ab:	48 89 c7             	mov    rdi,rax
  4083ae:	e8 73 f4 ff ff       	call   407826 <_ZNSt12_Vector_baseImSaImEE12_Vector_implC1ERKS0_>
  4083b3:	90                   	nop
  4083b4:	c9                   	leave  
  4083b5:	c3                   	ret    

00000000004083b6 <_ZNSt12_Vector_baseImSaImEE17_Vector_impl_data12_M_copy_dataERKS2_>:
  4083b6:	55                   	push   rbp
  4083b7:	48 89 e5             	mov    rbp,rsp
  4083ba:	48 89 7d f8          	mov    QWORD PTR [rbp-0x8],rdi
  4083be:	48 89 75 f0          	mov    QWORD PTR [rbp-0x10],rsi
  4083c2:	48 8b 45 f0          	mov    rax,QWORD PTR [rbp-0x10]
  4083c6:	48 8b 10             	mov    rdx,QWORD PTR [rax]
  4083c9:	48 8b 45 f8          	mov    rax,QWORD PTR [rbp-0x8]
  4083cd:	48 89 10             	mov    QWORD PTR [rax],rdx
  4083d0:	48 8b 45 f0          	mov    rax,QWORD PTR [rbp-0x10]
  4083d4:	48 8b 50 08          	mov    rdx,QWORD PTR [rax+0x8]
  4083d8:	48 8b 45 f8          	mov    rax,QWORD PTR [rbp-0x8]
  4083dc:	48 89 50 08          	mov    QWORD PTR [rax+0x8],rdx
  4083e0:	48 8b 45 f0          	mov    rax,QWORD PTR [rbp-0x10]
  4083e4:	48 8b 50 10          	mov    rdx,QWORD PTR [rax+0x10]
  4083e8:	48 8b 45 f8          	mov    rax,QWORD PTR [rbp-0x8]
  4083ec:	48 89 50 10          	mov    QWORD PTR [rax+0x10],rdx
  4083f0:	90                   	nop
  4083f1:	5d                   	pop    rbp
  4083f2:	c3                   	ret    

00000000004083f3 <_ZSt18__do_alloc_on_moveISaImEEvRT_S2_St17integral_constantIbLb1EE>:
  4083f3:	55                   	push   rbp
  4083f4:	48 89 e5             	mov    rbp,rsp
  4083f7:	48 83 ec 10          	sub    rsp,0x10
  4083fb:	48 89 7d f8          	mov    QWORD PTR [rbp-0x8],rdi
  4083ff:	48 89 75 f0          	mov    QWORD PTR [rbp-0x10],rsi
  408403:	48 8b 45 f0          	mov    rax,QWORD PTR [rbp-0x10]
  408407:	48 89 c7             	mov    rdi,rax
  40840a:	e8 c6 08 00 00       	call   408cd5 <_ZSt4moveIRSaImEEONSt16remove_referenceIT_E4typeEOS3_>
  40840f:	90                   	nop
  408410:	c9                   	leave  
  408411:	c3                   	ret    

0000000000408412 <_ZNSt16allocator_traitsISaImEE8max_sizeERKS0_>:
  408412:	55                   	push   rbp
  408413:	48 89 e5             	mov    rbp,rsp
  408416:	48 83 ec 10          	sub    rsp,0x10
  40841a:	48 89 7d f8          	mov    QWORD PTR [rbp-0x8],rdi
  40841e:	48 8b 45 f8          	mov    rax,QWORD PTR [rbp-0x8]
  408422:	48 89 c7             	mov    rdi,rax
  408425:	e8 ba 08 00 00       	call   408ce4 <_ZNK9__gnu_cxx13new_allocatorImE8max_sizeEv>
  40842a:	c9                   	leave  
  40842b:	c3                   	ret    

000000000040842c <_ZSt3minImERKT_S2_S2_>:
  40842c:	55                   	push   rbp
  40842d:	48 89 e5             	mov    rbp,rsp
  408430:	48 89 7d f8          	mov    QWORD PTR [rbp-0x8],rdi
  408434:	48 89 75 f0          	mov    QWORD PTR [rbp-0x10],rsi
  408438:	48 8b 45 f0          	mov    rax,QWORD PTR [rbp-0x10]
  40843c:	48 8b 10             	mov    rdx,QWORD PTR [rax]
  40843f:	48 8b 45 f8          	mov    rax,QWORD PTR [rbp-0x8]
  408443:	48 8b 00             	mov    rax,QWORD PTR [rax]
  408446:	48 39 c2             	cmp    rdx,rax
  408449:	73 06                	jae    408451 <_ZSt3minImERKT_S2_S2_+0x25>
  40844b:	48 8b 45 f0          	mov    rax,QWORD PTR [rbp-0x10]
  40844f:	eb 04                	jmp    408455 <_ZSt3minImERKT_S2_S2_+0x29>
  408451:	48 8b 45 f8          	mov    rax,QWORD PTR [rbp-0x8]
  408455:	5d                   	pop    rbp
  408456:	c3                   	ret    

0000000000408457 <_ZSt25__uninitialized_default_nIPmmET_S1_T0_>:
  408457:	55                   	push   rbp
  408458:	48 89 e5             	mov    rbp,rsp
  40845b:	48 83 ec 20          	sub    rsp,0x20
  40845f:	48 89 7d e8          	mov    QWORD PTR [rbp-0x18],rdi
  408463:	48 89 75 e0          	mov    QWORD PTR [rbp-0x20],rsi
  408467:	c6 45 ff 01          	mov    BYTE PTR [rbp-0x1],0x1
  40846b:	48 8b 55 e0          	mov    rdx,QWORD PTR [rbp-0x20]
  40846f:	48 8b 45 e8          	mov    rax,QWORD PTR [rbp-0x18]
  408473:	48 89 d6             	mov    rsi,rdx
  408476:	48 89 c7             	mov    rdi,rax
  408479:	e8 8e 08 00 00       	call   408d0c <_ZNSt27__uninitialized_default_n_1ILb1EE18__uninit_default_nIPmmEET_S3_T0_>
  40847e:	c9                   	leave  
  40847f:	c3                   	ret    

0000000000408480 <_ZNSt8__detail4_ModImLm4294967296ELm1ELm0ELb1ELb1EE6__calcEm>:
  408480:	55                   	push   rbp
  408481:	48 89 e5             	mov    rbp,rsp
  408484:	48 89 7d e8          	mov    QWORD PTR [rbp-0x18],rdi
  408488:	48 8b 45 e8          	mov    rax,QWORD PTR [rbp-0x18]
  40848c:	48 89 45 f8          	mov    QWORD PTR [rbp-0x8],rax
  408490:	b8 ff ff ff ff       	mov    eax,0xffffffff
  408495:	48 21 45 f8          	and    QWORD PTR [rbp-0x8],rax
  408499:	48 8b 45 f8          	mov    rax,QWORD PTR [rbp-0x8]
  40849d:	5d                   	pop    rbp
  40849e:	c3                   	ret    

000000000040849f <_ZNSt8__detail4_ModImLm624ELm1ELm0ELb1ELb1EE6__calcEm>:
  40849f:	55                   	push   rbp
  4084a0:	48 89 e5             	mov    rbp,rsp
  4084a3:	48 89 7d e8          	mov    QWORD PTR [rbp-0x18],rdi
  4084a7:	48 8b 45 e8          	mov    rax,QWORD PTR [rbp-0x18]
  4084ab:	48 89 45 f8          	mov    QWORD PTR [rbp-0x8],rax
  4084af:	48 8b 4d f8          	mov    rcx,QWORD PTR [rbp-0x8]
  4084b3:	48 89 c8             	mov    rax,rcx
  4084b6:	48 c1 e8 04          	shr    rax,0x4
  4084ba:	48 ba 21 0d d2 20 0d 	movabs rdx,0xd20d20d20d20d21
  4084c1:	d2 20 0d 
  4084c4:	48 f7 e2             	mul    rdx
  4084c7:	48 89 d0             	mov    rax,rdx
  4084ca:	48 d1 e8             	shr    rax,1
  4084cd:	48 69 d0 70 02 00 00 	imul   rdx,rax,0x270
  4084d4:	48 89 c8             	mov    rax,rcx
  4084d7:	48 29 d0             	sub    rax,rdx
  4084da:	48 89 45 f8          	mov    QWORD PTR [rbp-0x8],rax
  4084de:	48 8b 45 f8          	mov    rax,QWORD PTR [rbp-0x8]
  4084e2:	5d                   	pop    rbp
  4084e3:	c3                   	ret    

00000000004084e4 <_ZNSt4pairImmEC1ImmLb1EEEOT_OT0_>:
  4084e4:	55                   	push   rbp
  4084e5:	48 89 e5             	mov    rbp,rsp
  4084e8:	48 83 ec 20          	sub    rsp,0x20
  4084ec:	48 89 7d f8          	mov    QWORD PTR [rbp-0x8],rdi
  4084f0:	48 89 75 f0          	mov    QWORD PTR [rbp-0x10],rsi
  4084f4:	48 89 55 e8          	mov    QWORD PTR [rbp-0x18],rdx
  4084f8:	48 8b 45 f0          	mov    rax,QWORD PTR [rbp-0x10]
  4084fc:	48 89 c7             	mov    rdi,rax
  4084ff:	e8 f1 ee ff ff       	call   4073f5 <_ZSt7forwardImEOT_RNSt16remove_referenceIS0_E4typeE>
  408504:	48 8b 10             	mov    rdx,QWORD PTR [rax]
  408507:	48 8b 45 f8          	mov    rax,QWORD PTR [rbp-0x8]
  40850b:	48 89 10             	mov    QWORD PTR [rax],rdx
  40850e:	48 8b 45 e8          	mov    rax,QWORD PTR [rbp-0x18]
  408512:	48 89 c7             	mov    rdi,rax
  408515:	e8 db ee ff ff       	call   4073f5 <_ZSt7forwardImEOT_RNSt16remove_referenceIS0_E4typeE>
  40851a:	48 8b 10             	mov    rdx,QWORD PTR [rax]
  40851d:	48 8b 45 f8          	mov    rax,QWORD PTR [rbp-0x8]
  408521:	48 89 50 08          	mov    QWORD PTR [rax+0x8],rdx
  408525:	90                   	nop
  408526:	c9                   	leave  
  408527:	c3                   	ret    

0000000000408528 <_ZNSt23mersenne_twister_engineImLm32ELm624ELm397ELm31ELm2567483615ELm11ELm4294967295ELm7ELm2636928640ELm15ELm4022730752ELm18ELm1812433253EE11_M_gen_randEv>:
  408528:	55                   	push   rbp
  408529:	48 89 e5             	mov    rbp,rsp
  40852c:	48 89 7d b8          	mov    QWORD PTR [rbp-0x48],rdi
  408530:	48 c7 45 e8 00 00 00 	mov    QWORD PTR [rbp-0x18],0xffffffff80000000
  408537:	80 
  408538:	48 c7 45 e0 ff ff ff 	mov    QWORD PTR [rbp-0x20],0x7fffffff
  40853f:	7f 
  408540:	48 c7 45 f8 00 00 00 	mov    QWORD PTR [rbp-0x8],0x0
  408547:	00 
  408548:	eb 7d                	jmp    4085c7 <_ZNSt23mersenne_twister_engineImLm32ELm624ELm397ELm31ELm2567483615ELm11ELm4294967295ELm7ELm2636928640ELm15ELm4022730752ELm18ELm1812433253EE11_M_gen_randEv+0x9f>
  40854a:	48 8b 45 b8          	mov    rax,QWORD PTR [rbp-0x48]
  40854e:	48 8b 55 f8          	mov    rdx,QWORD PTR [rbp-0x8]
  408552:	48 8b 04 d0          	mov    rax,QWORD PTR [rax+rdx*8]
  408556:	48 25 00 00 00 80    	and    rax,0xffffffff80000000
  40855c:	48 89 c1             	mov    rcx,rax
  40855f:	48 8b 45 f8          	mov    rax,QWORD PTR [rbp-0x8]
  408563:	48 8d 50 01          	lea    rdx,[rax+0x1]
  408567:	48 8b 45 b8          	mov    rax,QWORD PTR [rbp-0x48]
  40856b:	48 8b 04 d0          	mov    rax,QWORD PTR [rax+rdx*8]
  40856f:	25 ff ff ff 7f       	and    eax,0x7fffffff
  408574:	48 09 c8             	or     rax,rcx
  408577:	48 89 45 c8          	mov    QWORD PTR [rbp-0x38],rax
  40857b:	48 8b 45 f8          	mov    rax,QWORD PTR [rbp-0x8]
  40857f:	48 8d 90 8d 01 00 00 	lea    rdx,[rax+0x18d]
  408586:	48 8b 45 b8          	mov    rax,QWORD PTR [rbp-0x48]
  40858a:	48 8b 14 d0          	mov    rdx,QWORD PTR [rax+rdx*8]
  40858e:	48 8b 45 c8          	mov    rax,QWORD PTR [rbp-0x38]
  408592:	48 d1 e8             	shr    rax,1
  408595:	48 31 c2             	xor    rdx,rax
  408598:	48 8b 45 c8          	mov    rax,QWORD PTR [rbp-0x38]
  40859c:	83 e0 01             	and    eax,0x1
  40859f:	48 85 c0             	test   rax,rax
  4085a2:	74 07                	je     4085ab <_ZNSt23mersenne_twister_engineImLm32ELm624ELm397ELm31ELm2567483615ELm11ELm4294967295ELm7ELm2636928640ELm15ELm4022730752ELm18ELm1812433253EE11_M_gen_randEv+0x83>
  4085a4:	b8 df b0 08 99       	mov    eax,0x9908b0df
  4085a9:	eb 05                	jmp    4085b0 <_ZNSt23mersenne_twister_engineImLm32ELm624ELm397ELm31ELm2567483615ELm11ELm4294967295ELm7ELm2636928640ELm15ELm4022730752ELm18ELm1812433253EE11_M_gen_randEv+0x88>
  4085ab:	b8 00 00 00 00       	mov    eax,0x0
  4085b0:	48 31 d0             	xor    rax,rdx
  4085b3:	48 89 c1             	mov    rcx,rax
  4085b6:	48 8b 45 b8          	mov    rax,QWORD PTR [rbp-0x48]
  4085ba:	48 8b 55 f8          	mov    rdx,QWORD PTR [rbp-0x8]
  4085be:	48 89 0c d0          	mov    QWORD PTR [rax+rdx*8],rcx
  4085c2:	48 83 45 f8 01       	add    QWORD PTR [rbp-0x8],0x1
  4085c7:	48 81 7d f8 e2 00 00 	cmp    QWORD PTR [rbp-0x8],0xe2
  4085ce:	00 
  4085cf:	0f 86 75 ff ff ff    	jbe    40854a <_ZNSt23mersenne_twister_engineImLm32ELm624ELm397ELm31ELm2567483615ELm11ELm4294967295ELm7ELm2636928640ELm15ELm4022730752ELm18ELm1812433253EE11_M_gen_randEv+0x22>
  4085d5:	48 c7 45 f0 e3 00 00 	mov    QWORD PTR [rbp-0x10],0xe3
  4085dc:	00 
  4085dd:	eb 7d                	jmp    40865c <_ZNSt23mersenne_twister_engineImLm32ELm624ELm397ELm31ELm2567483615ELm11ELm4294967295ELm7ELm2636928640ELm15ELm4022730752ELm18ELm1812433253EE11_M_gen_randEv+0x134>
  4085df:	48 8b 45 b8          	mov    rax,QWORD PTR [rbp-0x48]
  4085e3:	48 8b 55 f0          	mov    rdx,QWORD PTR [rbp-0x10]
  4085e7:	48 8b 04 d0          	mov    rax,QWORD PTR [rax+rdx*8]
  4085eb:	48 25 00 00 00 80    	and    rax,0xffffffff80000000
  4085f1:	48 89 c1             	mov    rcx,rax
  4085f4:	48 8b 45 f0          	mov    rax,QWORD PTR [rbp-0x10]
  4085f8:	48 8d 50 01          	lea    rdx,[rax+0x1]
  4085fc:	48 8b 45 b8          	mov    rax,QWORD PTR [rbp-0x48]
  408600:	48 8b 04 d0          	mov    rax,QWORD PTR [rax+rdx*8]
  408604:	25 ff ff ff 7f       	and    eax,0x7fffffff
  408609:	48 09 c8             	or     rax,rcx
  40860c:	48 89 45 d0          	mov    QWORD PTR [rbp-0x30],rax
  408610:	48 8b 45 f0          	mov    rax,QWORD PTR [rbp-0x10]
  408614:	48 8d 90 1d ff ff ff 	lea    rdx,[rax-0xe3]
  40861b:	48 8b 45 b8          	mov    rax,QWORD PTR [rbp-0x48]
  40861f:	48 8b 14 d0          	mov    rdx,QWORD PTR [rax+rdx*8]
  408623:	48 8b 45 d0          	mov    rax,QWORD PTR [rbp-0x30]
  408627:	48 d1 e8             	shr    rax,1
  40862a:	48 31 c2             	xor    rdx,rax
  40862d:	48 8b 45 d0          	mov    rax,QWORD PTR [rbp-0x30]
  408631:	83 e0 01             	and    eax,0x1
  408634:	48 85 c0             	test   rax,rax
  408637:	74 07                	je     408640 <_ZNSt23mersenne_twister_engineImLm32ELm624ELm397ELm31ELm2567483615ELm11ELm4294967295ELm7ELm2636928640ELm15ELm4022730752ELm18ELm1812433253EE11_M_gen_randEv+0x118>
  408639:	b8 df b0 08 99       	mov    eax,0x9908b0df
  40863e:	eb 05                	jmp    408645 <_ZNSt23mersenne_twister_engineImLm32ELm624ELm397ELm31ELm2567483615ELm11ELm4294967295ELm7ELm2636928640ELm15ELm4022730752ELm18ELm1812433253EE11_M_gen_randEv+0x11d>
  408640:	b8 00 00 00 00       	mov    eax,0x0
  408645:	48 31 d0             	xor    rax,rdx
  408648:	48 89 c1             	mov    rcx,rax
  40864b:	48 8b 45 b8          	mov    rax,QWORD PTR [rbp-0x48]
  40864f:	48 8b 55 f0          	mov    rdx,QWORD PTR [rbp-0x10]
  408653:	48 89 0c d0          	mov    QWORD PTR [rax+rdx*8],rcx
  408657:	48 83 45 f0 01       	add    QWORD PTR [rbp-0x10],0x1
  40865c:	48 81 7d f0 6e 02 00 	cmp    QWORD PTR [rbp-0x10],0x26e
  408663:	00 
  408664:	0f 86 75 ff ff ff    	jbe    4085df <_ZNSt23mersenne_twister_engineImLm32ELm624ELm397ELm31ELm2567483615ELm11ELm4294967295ELm7ELm2636928640ELm15ELm4022730752ELm18ELm1812433253EE11_M_gen_randEv+0xb7>
  40866a:	48 8b 45 b8          	mov    rax,QWORD PTR [rbp-0x48]
  40866e:	48 8b 80 78 13 00 00 	mov    rax,QWORD PTR [rax+0x1378]
  408675:	48 25 00 00 00 80    	and    rax,0xffffffff80000000
  40867b:	48 89 c2             	mov    rdx,rax
  40867e:	48 8b 45 b8          	mov    rax,QWORD PTR [rbp-0x48]
  408682:	48 8b 00             	mov    rax,QWORD PTR [rax]
  408685:	25 ff ff ff 7f       	and    eax,0x7fffffff
  40868a:	48 09 d0             	or     rax,rdx
  40868d:	48 89 45 d8          	mov    QWORD PTR [rbp-0x28],rax
  408691:	48 8b 45 b8          	mov    rax,QWORD PTR [rbp-0x48]
  408695:	48 8b 90 60 0c 00 00 	mov    rdx,QWORD PTR [rax+0xc60]
  40869c:	48 8b 45 d8          	mov    rax,QWORD PTR [rbp-0x28]
  4086a0:	48 d1 e8             	shr    rax,1
  4086a3:	48 31 c2             	xor    rdx,rax
  4086a6:	48 8b 45 d8          	mov    rax,QWORD PTR [rbp-0x28]
  4086aa:	83 e0 01             	and    eax,0x1
  4086ad:	48 85 c0             	test   rax,rax
  4086b0:	74 07                	je     4086b9 <_ZNSt23mersenne_twister_engineImLm32ELm624ELm397ELm31ELm2567483615ELm11ELm4294967295ELm7ELm2636928640ELm15ELm4022730752ELm18ELm1812433253EE11_M_gen_randEv+0x191>
  4086b2:	b8 df b0 08 99       	mov    eax,0x9908b0df
  4086b7:	eb 05                	jmp    4086be <_ZNSt23mersenne_twister_engineImLm32ELm624ELm397ELm31ELm2567483615ELm11ELm4294967295ELm7ELm2636928640ELm15ELm4022730752ELm18ELm1812433253EE11_M_gen_randEv+0x196>
  4086b9:	b8 00 00 00 00       	mov    eax,0x0
  4086be:	48 31 c2             	xor    rdx,rax
  4086c1:	48 8b 45 b8          	mov    rax,QWORD PTR [rbp-0x48]
  4086c5:	48 89 90 78 13 00 00 	mov    QWORD PTR [rax+0x1378],rdx
  4086cc:	48 8b 45 b8          	mov    rax,QWORD PTR [rbp-0x48]
  4086d0:	48 c7 80 80 13 00 00 	mov    QWORD PTR [rax+0x1380],0x0
  4086d7:	00 00 00 00 
  4086db:	90                   	nop
  4086dc:	5d                   	pop    rbp
  4086dd:	c3                   	ret    

00000000004086de <_ZNSt6vectorImSaImEE16_Temporary_value6_M_ptrEv>:
  4086de:	55                   	push   rbp
  4086df:	48 89 e5             	mov    rbp,rsp
  4086e2:	48 89 7d f8          	mov    QWORD PTR [rbp-0x8],rdi
  4086e6:	48 8b 45 f8          	mov    rax,QWORD PTR [rbp-0x8]
  4086ea:	48 83 c0 08          	add    rax,0x8
  4086ee:	5d                   	pop    rbp
  4086ef:	c3                   	ret    

00000000004086f0 <_ZSt18make_move_iteratorIPmESt13move_iteratorIT_ES2_>:
  4086f0:	55                   	push   rbp
  4086f1:	48 89 e5             	mov    rbp,rsp
  4086f4:	48 83 ec 20          	sub    rsp,0x20
  4086f8:	48 89 7d e8          	mov    QWORD PTR [rbp-0x18],rdi
  4086fc:	48 8d 45 e8          	lea    rax,[rbp-0x18]
  408700:	48 89 c7             	mov    rdi,rax
  408703:	e8 61 06 00 00       	call   408d69 <_ZSt4moveIRPmEONSt16remove_referenceIT_E4typeEOS3_>
  408708:	48 8b 10             	mov    rdx,QWORD PTR [rax]
  40870b:	48 8d 45 f8          	lea    rax,[rbp-0x8]
  40870f:	48 89 d6             	mov    rsi,rdx
  408712:	48 89 c7             	mov    rdi,rax
  408715:	e8 5e 06 00 00       	call   408d78 <_ZNSt13move_iteratorIPmEC1ES0_>
  40871a:	48 8b 45 f8          	mov    rax,QWORD PTR [rbp-0x8]
  40871e:	c9                   	leave  
  40871f:	c3                   	ret    

0000000000408720 <_ZSt22__uninitialized_copy_aISt13move_iteratorIPmES1_mET0_T_S4_S3_RSaIT1_E>:
  408720:	55                   	push   rbp
  408721:	48 89 e5             	mov    rbp,rsp
  408724:	48 83 ec 20          	sub    rsp,0x20
  408728:	48 89 7d f8          	mov    QWORD PTR [rbp-0x8],rdi
  40872c:	48 89 75 f0          	mov    QWORD PTR [rbp-0x10],rsi
  408730:	48 89 55 e8          	mov    QWORD PTR [rbp-0x18],rdx
  408734:	48 89 4d e0          	mov    QWORD PTR [rbp-0x20],rcx
  408738:	48 8b 55 e8          	mov    rdx,QWORD PTR [rbp-0x18]
  40873c:	48 8b 4d f0          	mov    rcx,QWORD PTR [rbp-0x10]
  408740:	48 8b 45 f8          	mov    rax,QWORD PTR [rbp-0x8]
  408744:	48 89 ce             	mov    rsi,rcx
  408747:	48 89 c7             	mov    rdi,rax
  40874a:	e8 52 06 00 00       	call   408da1 <_ZSt18uninitialized_copyISt13move_iteratorIPmES1_ET0_T_S4_S3_>
  40874f:	c9                   	leave  
  408750:	c3                   	ret    

0000000000408751 <_ZSt22__copy_move_backward_aILb1EPmS0_ET1_T0_S2_S1_>:
  408751:	55                   	push   rbp
  408752:	48 89 e5             	mov    rbp,rsp
  408755:	41 54                	push   r12
  408757:	53                   	push   rbx
  408758:	48 83 ec 20          	sub    rsp,0x20
  40875c:	48 89 7d e8          	mov    QWORD PTR [rbp-0x18],rdi
  408760:	48 89 75 e0          	mov    QWORD PTR [rbp-0x20],rsi
  408764:	48 89 55 d8          	mov    QWORD PTR [rbp-0x28],rdx
  408768:	48 8b 45 d8          	mov    rax,QWORD PTR [rbp-0x28]
  40876c:	48 89 c7             	mov    rdi,rax
  40876f:	e8 b5 04 00 00       	call   408c29 <_ZSt12__niter_baseIPmET_S1_>
  408774:	49 89 c4             	mov    r12,rax
  408777:	48 8b 45 e0          	mov    rax,QWORD PTR [rbp-0x20]
  40877b:	48 89 c7             	mov    rdi,rax
  40877e:	e8 a6 04 00 00       	call   408c29 <_ZSt12__niter_baseIPmET_S1_>
  408783:	48 89 c3             	mov    rbx,rax
  408786:	48 8b 45 e8          	mov    rax,QWORD PTR [rbp-0x18]
  40878a:	48 89 c7             	mov    rdi,rax
  40878d:	e8 97 04 00 00       	call   408c29 <_ZSt12__niter_baseIPmET_S1_>
  408792:	4c 89 e2             	mov    rdx,r12
  408795:	48 89 de             	mov    rsi,rbx
  408798:	48 89 c7             	mov    rdi,rax
  40879b:	e8 32 06 00 00       	call   408dd2 <_ZSt23__copy_move_backward_a1ILb1EPmS0_ET1_T0_S2_S1_>
  4087a0:	48 89 c2             	mov    rdx,rax
  4087a3:	48 8d 45 d8          	lea    rax,[rbp-0x28]
  4087a7:	48 89 d6             	mov    rsi,rdx
  4087aa:	48 89 c7             	mov    rdi,rax
  4087ad:	e8 b2 04 00 00       	call   408c64 <_ZSt12__niter_wrapIPmET_RKS1_S1_>
  4087b2:	48 83 c4 20          	add    rsp,0x20
  4087b6:	5b                   	pop    rbx
  4087b7:	41 5c                	pop    r12
  4087b9:	5d                   	pop    rbp
  4087ba:	c3                   	ret    

00000000004087bb <_ZSt8__fill_aIPmmEvT_S1_RKT0_>:
  4087bb:	55                   	push   rbp
  4087bc:	48 89 e5             	mov    rbp,rsp
  4087bf:	48 83 ec 20          	sub    rsp,0x20
  4087c3:	48 89 7d f8          	mov    QWORD PTR [rbp-0x8],rdi
  4087c7:	48 89 75 f0          	mov    QWORD PTR [rbp-0x10],rsi
  4087cb:	48 89 55 e8          	mov    QWORD PTR [rbp-0x18],rdx
  4087cf:	48 8b 55 e8          	mov    rdx,QWORD PTR [rbp-0x18]
  4087d3:	48 8b 4d f0          	mov    rcx,QWORD PTR [rbp-0x10]
  4087d7:	48 8b 45 f8          	mov    rax,QWORD PTR [rbp-0x8]
  4087db:	48 89 ce             	mov    rsi,rcx
  4087de:	48 89 c7             	mov    rdi,rax
  4087e1:	e8 19 06 00 00       	call   408dff <_ZSt9__fill_a1IPmmEN9__gnu_cxx11__enable_ifIXsrSt11__is_scalarIT0_E7__valueEvE6__typeET_S8_RKS4_>
  4087e6:	90                   	nop
  4087e7:	c9                   	leave  
  4087e8:	c3                   	ret    

00000000004087e9 <_ZSt20uninitialized_fill_nIPmmmET_S1_T0_RKT1_>:
  4087e9:	55                   	push   rbp
  4087ea:	48 89 e5             	mov    rbp,rsp
  4087ed:	48 83 ec 30          	sub    rsp,0x30
  4087f1:	48 89 7d e8          	mov    QWORD PTR [rbp-0x18],rdi
  4087f5:	48 89 75 e0          	mov    QWORD PTR [rbp-0x20],rsi
  4087f9:	48 89 55 d8          	mov    QWORD PTR [rbp-0x28],rdx
  4087fd:	c6 45 ff 01          	mov    BYTE PTR [rbp-0x1],0x1
  408801:	48 8b 55 d8          	mov    rdx,QWORD PTR [rbp-0x28]
  408805:	48 8b 4d e0          	mov    rcx,QWORD PTR [rbp-0x20]
  408809:	48 8b 45 e8          	mov    rax,QWORD PTR [rbp-0x18]
  40880d:	48 89 ce             	mov    rsi,rcx
  408810:	48 89 c7             	mov    rdi,rax
  408813:	e8 22 06 00 00       	call   408e3a <_ZNSt22__uninitialized_fill_nILb1EE15__uninit_fill_nIPmmmEET_S3_T0_RKT1_>
  408818:	c9                   	leave  
  408819:	c3                   	ret    

000000000040881a <_ZNKSt6vectorImSaImEE8max_sizeEv>:
  40881a:	55                   	push   rbp
  40881b:	48 89 e5             	mov    rbp,rsp
  40881e:	48 83 ec 10          	sub    rsp,0x10
  408822:	48 89 7d f8          	mov    QWORD PTR [rbp-0x8],rdi
  408826:	48 8b 45 f8          	mov    rax,QWORD PTR [rbp-0x8]
  40882a:	48 89 c7             	mov    rdi,rax
  40882d:	e8 1e e9 ff ff       	call   407150 <_ZNKSt12_Vector_baseImSaImEE19_M_get_Tp_allocatorEv>
  408832:	48 89 c7             	mov    rdi,rax
  408835:	e8 aa ef ff ff       	call   4077e4 <_ZNSt6vectorImSaImEE11_S_max_sizeERKS0_>
  40883a:	c9                   	leave  
  40883b:	c3                   	ret    

000000000040883c <_ZSt3maxImERKT_S2_S2_>:
  40883c:	55                   	push   rbp
  40883d:	48 89 e5             	mov    rbp,rsp
  408840:	48 89 7d f8          	mov    QWORD PTR [rbp-0x8],rdi
  408844:	48 89 75 f0          	mov    QWORD PTR [rbp-0x10],rsi
  408848:	48 8b 45 f8          	mov    rax,QWORD PTR [rbp-0x8]
  40884c:	48 8b 10             	mov    rdx,QWORD PTR [rax]
  40884f:	48 8b 45 f0          	mov    rax,QWORD PTR [rbp-0x10]
  408853:	48 8b 00             	mov    rax,QWORD PTR [rax]
  408856:	48 39 c2             	cmp    rdx,rax
  408859:	73 06                	jae    408861 <_ZSt3maxImERKT_S2_S2_+0x25>
  40885b:	48 8b 45 f0          	mov    rax,QWORD PTR [rbp-0x10]
  40885f:	eb 04                	jmp    408865 <_ZSt3maxImERKT_S2_S2_+0x29>
  408861:	48 8b 45 f8          	mov    rax,QWORD PTR [rbp-0x8]
  408865:	5d                   	pop    rbp
  408866:	c3                   	ret    

0000000000408867 <_ZNSt16allocator_traitsISaImEE8allocateERS0_m>:
  408867:	55                   	push   rbp
  408868:	48 89 e5             	mov    rbp,rsp
  40886b:	48 83 ec 10          	sub    rsp,0x10
  40886f:	48 89 7d f8          	mov    QWORD PTR [rbp-0x8],rdi
  408873:	48 89 75 f0          	mov    QWORD PTR [rbp-0x10],rsi
  408877:	48 8b 4d f0          	mov    rcx,QWORD PTR [rbp-0x10]
  40887b:	48 8b 45 f8          	mov    rax,QWORD PTR [rbp-0x8]
  40887f:	ba 00 00 00 00       	mov    edx,0x0
  408884:	48 89 ce             	mov    rsi,rcx
  408887:	48 89 c7             	mov    rdi,rax
  40888a:	e8 d9 05 00 00       	call   408e68 <_ZN9__gnu_cxx13new_allocatorImE8allocateEmPKv>
  40888f:	c9                   	leave  
  408890:	c3                   	ret    

0000000000408891 <_ZSt32__make_move_if_noexcept_iteratorImSt13move_iteratorIPmEET0_PT_>:
  408891:	55                   	push   rbp
  408892:	48 89 e5             	mov    rbp,rsp
  408895:	48 83 ec 20          	sub    rsp,0x20
  408899:	48 89 7d e8          	mov    QWORD PTR [rbp-0x18],rdi
  40889d:	48 8b 55 e8          	mov    rdx,QWORD PTR [rbp-0x18]
  4088a1:	48 8d 45 f8          	lea    rax,[rbp-0x8]
  4088a5:	48 89 d6             	mov    rsi,rdx
  4088a8:	48 89 c7             	mov    rdi,rax
  4088ab:	e8 c8 04 00 00       	call   408d78 <_ZNSt13move_iteratorIPmEC1ES0_>
  4088b0:	48 8b 45 f8          	mov    rax,QWORD PTR [rbp-0x8]
  4088b4:	c9                   	leave  
  4088b5:	c3                   	ret    

00000000004088b6 <_ZNSt6vectorImSaImEE14_S_do_relocateEPmS2_S2_RS0_St17integral_constantIbLb1EE>:
  4088b6:	55                   	push   rbp
  4088b7:	48 89 e5             	mov    rbp,rsp
  4088ba:	48 83 ec 20          	sub    rsp,0x20
  4088be:	48 89 7d f8          	mov    QWORD PTR [rbp-0x8],rdi
  4088c2:	48 89 75 f0          	mov    QWORD PTR [rbp-0x10],rsi
  4088c6:	48 89 55 e8          	mov    QWORD PTR [rbp-0x18],rdx
  4088ca:	48 89 4d e0          	mov    QWORD PTR [rbp-0x20],rcx
  4088ce:	48 8b 4d e0          	mov    rcx,QWORD PTR [rbp-0x20]
  4088d2:	48 8b 55 e8          	mov    rdx,QWORD PTR [rbp-0x18]
  4088d6:	48 8b 75 f0          	mov    rsi,QWORD PTR [rbp-0x10]
  4088da:	48 8b 45 f8          	mov    rax,QWORD PTR [rbp-0x8]
  4088de:	48 89 c7             	mov    rdi,rax
  4088e1:	e8 e2 05 00 00       	call   408ec8 <_ZSt12__relocate_aIPmS0_SaImEET0_T_S3_S2_RT1_>
  4088e6:	c9                   	leave  
  4088e7:	c3                   	ret    

00000000004088e8 <_ZN9__gnu_cxx13new_allocatorImE7destroyImEEvPT_>:
  4088e8:	55                   	push   rbp
  4088e9:	48 89 e5             	mov    rbp,rsp
  4088ec:	48 89 7d f8          	mov    QWORD PTR [rbp-0x8],rdi
  4088f0:	48 89 75 f0          	mov    QWORD PTR [rbp-0x10],rsi
  4088f4:	90                   	nop
  4088f5:	5d                   	pop    rbp
  4088f6:	c3                   	ret    

00000000004088f7 <_ZSt14__partial_sortIN9__gnu_cxx17__normal_iteratorIPmSt6vectorImSaImEEEENS0_5__ops15_Iter_less_iterEEvT_S9_S9_T0_>:
  4088f7:	55                   	push   rbp
  4088f8:	48 89 e5             	mov    rbp,rsp
  4088fb:	48 83 ec 20          	sub    rsp,0x20
  4088ff:	48 89 7d f8          	mov    QWORD PTR [rbp-0x8],rdi
  408903:	48 89 75 f0          	mov    QWORD PTR [rbp-0x10],rsi
  408907:	48 89 55 e8          	mov    QWORD PTR [rbp-0x18],rdx
  40890b:	48 8b 55 e8          	mov    rdx,QWORD PTR [rbp-0x18]
  40890f:	48 8b 4d f0          	mov    rcx,QWORD PTR [rbp-0x10]
  408913:	48 8b 45 f8          	mov    rax,QWORD PTR [rbp-0x8]
  408917:	48 89 ce             	mov    rsi,rcx
  40891a:	48 89 c7             	mov    rdi,rax
  40891d:	e8 09 06 00 00       	call   408f2b <_ZSt13__heap_selectIN9__gnu_cxx17__normal_iteratorIPmSt6vectorImSaImEEEENS0_5__ops15_Iter_less_iterEEvT_S9_S9_T0_>
  408922:	48 8d 55 e7          	lea    rdx,[rbp-0x19]
  408926:	48 8b 4d f0          	mov    rcx,QWORD PTR [rbp-0x10]
  40892a:	48 8b 45 f8          	mov    rax,QWORD PTR [rbp-0x8]
  40892e:	48 89 ce             	mov    rsi,rcx
  408931:	48 89 c7             	mov    rdi,rax
  408934:	e8 81 06 00 00       	call   408fba <_ZSt11__sort_heapIN9__gnu_cxx17__normal_iteratorIPmSt6vectorImSaImEEEENS0_5__ops15_Iter_less_iterEEvT_S9_RT0_>
  408939:	90                   	nop
  40893a:	c9                   	leave  
  40893b:	c3                   	ret    

000000000040893c <_ZSt27__unguarded_partition_pivotIN9__gnu_cxx17__normal_iteratorIPmSt6vectorImSaImEEEENS0_5__ops15_Iter_less_iterEET_S9_S9_T0_>:
  40893c:	55                   	push   rbp
  40893d:	48 89 e5             	mov    rbp,rsp
  408940:	53                   	push   rbx
  408941:	48 83 ec 38          	sub    rsp,0x38
  408945:	48 89 7d d8          	mov    QWORD PTR [rbp-0x28],rdi
  408949:	48 89 75 d0          	mov    QWORD PTR [rbp-0x30],rsi
  40894d:	48 8d 55 d8          	lea    rdx,[rbp-0x28]
  408951:	48 8d 45 d0          	lea    rax,[rbp-0x30]
  408955:	48 89 d6             	mov    rsi,rdx
  408958:	48 89 c7             	mov    rdi,rax
  40895b:	e8 0a db ff ff       	call   40646a <_ZN9__gnu_cxxmiIPmSt6vectorImSaImEEEENS_17__normal_iteratorIT_T0_E15difference_typeERKS8_SB_>
  408960:	48 89 c2             	mov    rdx,rax
  408963:	48 c1 ea 3f          	shr    rdx,0x3f
  408967:	48 01 d0             	add    rax,rdx
  40896a:	48 d1 f8             	sar    rax,1
  40896d:	48 89 c2             	mov    rdx,rax
  408970:	48 8d 45 d8          	lea    rax,[rbp-0x28]
  408974:	48 89 d6             	mov    rsi,rdx
  408977:	48 89 c7             	mov    rdi,rax
  40897a:	e8 2b db ff ff       	call   4064aa <_ZNK9__gnu_cxx17__normal_iteratorIPmSt6vectorImSaImEEEplEl>
  40897f:	48 89 45 e8          	mov    QWORD PTR [rbp-0x18],rax
  408983:	48 8d 45 d0          	lea    rax,[rbp-0x30]
  408987:	be 01 00 00 00       	mov    esi,0x1
  40898c:	48 89 c7             	mov    rdi,rax
  40898f:	e8 82 06 00 00       	call   409016 <_ZNK9__gnu_cxx17__normal_iteratorIPmSt6vectorImSaImEEEmiEl>
  408994:	48 89 c3             	mov    rbx,rax
  408997:	48 8d 45 d8          	lea    rax,[rbp-0x28]
  40899b:	be 01 00 00 00       	mov    esi,0x1
  4089a0:	48 89 c7             	mov    rdi,rax
  4089a3:	e8 02 db ff ff       	call   4064aa <_ZNK9__gnu_cxx17__normal_iteratorIPmSt6vectorImSaImEEEplEl>
  4089a8:	48 89 c6             	mov    rsi,rax
  4089ab:	48 8b 55 e8          	mov    rdx,QWORD PTR [rbp-0x18]
  4089af:	48 8b 45 d8          	mov    rax,QWORD PTR [rbp-0x28]
  4089b3:	48 89 d9             	mov    rcx,rbx
  4089b6:	48 89 c7             	mov    rdi,rax
  4089b9:	e8 9a 06 00 00       	call   409058 <_ZSt22__move_median_to_firstIN9__gnu_cxx17__normal_iteratorIPmSt6vectorImSaImEEEENS0_5__ops15_Iter_less_iterEEvT_S9_S9_S9_T0_>
  4089be:	48 8d 45 d8          	lea    rax,[rbp-0x28]
  4089c2:	be 01 00 00 00       	mov    esi,0x1
  4089c7:	48 89 c7             	mov    rdi,rax
  4089ca:	e8 db da ff ff       	call   4064aa <_ZNK9__gnu_cxx17__normal_iteratorIPmSt6vectorImSaImEEEplEl>
  4089cf:	48 89 c1             	mov    rcx,rax
  4089d2:	48 8b 55 d8          	mov    rdx,QWORD PTR [rbp-0x28]
  4089d6:	48 8b 45 d0          	mov    rax,QWORD PTR [rbp-0x30]
  4089da:	48 89 c6             	mov    rsi,rax
  4089dd:	48 89 cf             	mov    rdi,rcx
  4089e0:	e8 97 07 00 00       	call   40917c <_ZSt21__unguarded_partitionIN9__gnu_cxx17__normal_iteratorIPmSt6vectorImSaImEEEENS0_5__ops15_Iter_less_iterEET_S9_S9_S9_T0_>
  4089e5:	48 8b 5d f8          	mov    rbx,QWORD PTR [rbp-0x8]
  4089e9:	c9                   	leave  
  4089ea:	c3                   	ret    

00000000004089eb <_ZSt16__insertion_sortIN9__gnu_cxx17__normal_iteratorIPmSt6vectorImSaImEEEENS0_5__ops15_Iter_less_iterEEvT_S9_T0_>:
  4089eb:	55                   	push   rbp
  4089ec:	48 89 e5             	mov    rbp,rsp
  4089ef:	53                   	push   rbx
  4089f0:	48 83 ec 38          	sub    rsp,0x38
  4089f4:	48 89 7d d8          	mov    QWORD PTR [rbp-0x28],rdi
  4089f8:	48 89 75 d0          	mov    QWORD PTR [rbp-0x30],rsi
  4089fc:	48 8d 55 d0          	lea    rdx,[rbp-0x30]
  408a00:	48 8d 45 d8          	lea    rax,[rbp-0x28]
  408a04:	48 89 d6             	mov    rsi,rdx
  408a07:	48 89 c7             	mov    rdi,rax
  408a0a:	e8 20 da ff ff       	call   40642f <_ZN9__gnu_cxxeqIPmSt6vectorImSaImEEEEbRKNS_17__normal_iteratorIT_T0_EESA_>
  408a0f:	84 c0                	test   al,al
  408a11:	0f 85 d4 00 00 00    	jne    408aeb <_ZSt16__insertion_sortIN9__gnu_cxx17__normal_iteratorIPmSt6vectorImSaImEEEENS0_5__ops15_Iter_less_iterEEvT_S9_T0_+0x100>
  408a17:	48 8d 45 d8          	lea    rax,[rbp-0x28]
  408a1b:	be 01 00 00 00       	mov    esi,0x1
  408a20:	48 89 c7             	mov    rdi,rax
  408a23:	e8 82 da ff ff       	call   4064aa <_ZNK9__gnu_cxx17__normal_iteratorIPmSt6vectorImSaImEEEplEl>
  408a28:	48 89 45 e8          	mov    QWORD PTR [rbp-0x18],rax
  408a2c:	e9 9d 00 00 00       	jmp    408ace <_ZSt16__insertion_sortIN9__gnu_cxx17__normal_iteratorIPmSt6vectorImSaImEEEENS0_5__ops15_Iter_less_iterEEvT_S9_T0_+0xe3>
  408a31:	48 8b 55 d8          	mov    rdx,QWORD PTR [rbp-0x28]
  408a35:	48 8b 4d e8          	mov    rcx,QWORD PTR [rbp-0x18]
  408a39:	48 8d 45 cf          	lea    rax,[rbp-0x31]
  408a3d:	48 89 ce             	mov    rsi,rcx
  408a40:	48 89 c7             	mov    rdi,rax
  408a43:	e8 ec 07 00 00       	call   409234 <_ZNK9__gnu_cxx5__ops15_Iter_less_iterclINS_17__normal_iteratorIPmSt6vectorImSaImEEEES8_EEbT_T0_>
  408a48:	84 c0                	test   al,al
  408a4a:	74 65                	je     408ab1 <_ZSt16__insertion_sortIN9__gnu_cxx17__normal_iteratorIPmSt6vectorImSaImEEEENS0_5__ops15_Iter_less_iterEEvT_S9_T0_+0xc6>
  408a4c:	48 8d 45 e8          	lea    rax,[rbp-0x18]
  408a50:	48 89 c7             	mov    rdi,rax
  408a53:	e8 1a d2 ff ff       	call   405c72 <_ZNK9__gnu_cxx17__normal_iteratorIPmSt6vectorImSaImEEEdeEv>
  408a58:	48 89 c7             	mov    rdi,rax
  408a5b:	e8 8a d6 ff ff       	call   4060ea <_ZSt4moveIRmEONSt16remove_referenceIT_E4typeEOS2_>
  408a60:	48 8b 00             	mov    rax,QWORD PTR [rax]
  408a63:	48 89 45 e0          	mov    QWORD PTR [rbp-0x20],rax
  408a67:	48 8d 45 e8          	lea    rax,[rbp-0x18]
  408a6b:	be 01 00 00 00       	mov    esi,0x1
  408a70:	48 89 c7             	mov    rdi,rax
  408a73:	e8 32 da ff ff       	call   4064aa <_ZNK9__gnu_cxx17__normal_iteratorIPmSt6vectorImSaImEEEplEl>
  408a78:	48 89 c2             	mov    rdx,rax
  408a7b:	48 8b 4d e8          	mov    rcx,QWORD PTR [rbp-0x18]
  408a7f:	48 8b 45 d8          	mov    rax,QWORD PTR [rbp-0x28]
  408a83:	48 89 ce             	mov    rsi,rcx
  408a86:	48 89 c7             	mov    rdi,rax
  408a89:	e8 e5 07 00 00       	call   409273 <_ZSt13move_backwardIN9__gnu_cxx17__normal_iteratorIPmSt6vectorImSaImEEEES6_ET0_T_S8_S7_>
  408a8e:	48 8d 45 e0          	lea    rax,[rbp-0x20]
  408a92:	48 89 c7             	mov    rdi,rax
  408a95:	e8 50 d6 ff ff       	call   4060ea <_ZSt4moveIRmEONSt16remove_referenceIT_E4typeEOS2_>
  408a9a:	48 89 c3             	mov    rbx,rax
  408a9d:	48 8d 45 d8          	lea    rax,[rbp-0x28]
  408aa1:	48 89 c7             	mov    rdi,rax
  408aa4:	e8 c9 d1 ff ff       	call   405c72 <_ZNK9__gnu_cxx17__normal_iteratorIPmSt6vectorImSaImEEEdeEv>
  408aa9:	48 8b 13             	mov    rdx,QWORD PTR [rbx]
  408aac:	48 89 10             	mov    QWORD PTR [rax],rdx
  408aaf:	eb 11                	jmp    408ac2 <_ZSt16__insertion_sortIN9__gnu_cxx17__normal_iteratorIPmSt6vectorImSaImEEEENS0_5__ops15_Iter_less_iterEEvT_S9_T0_+0xd7>
  408ab1:	e8 d7 c7 ff ff       	call   40528d <_ZN9__gnu_cxx5__ops15__val_comp_iterENS0_15_Iter_less_iterE>
  408ab6:	48 8b 45 e8          	mov    rax,QWORD PTR [rbp-0x18]
  408aba:	48 89 c7             	mov    rdi,rax
  408abd:	e8 fc 07 00 00       	call   4092be <_ZSt25__unguarded_linear_insertIN9__gnu_cxx17__normal_iteratorIPmSt6vectorImSaImEEEENS0_5__ops14_Val_less_iterEEvT_T0_>
  408ac2:	48 8d 45 e8          	lea    rax,[rbp-0x18]
  408ac6:	48 89 c7             	mov    rdi,rax
  408ac9:	e8 84 d1 ff ff       	call   405c52 <_ZN9__gnu_cxx17__normal_iteratorIPmSt6vectorImSaImEEEppEv>
  408ace:	48 8d 55 d0          	lea    rdx,[rbp-0x30]
  408ad2:	48 8d 45 e8          	lea    rax,[rbp-0x18]
  408ad6:	48 89 d6             	mov    rsi,rdx
  408ad9:	48 89 c7             	mov    rdi,rax
  408adc:	e8 36 d1 ff ff       	call   405c17 <_ZN9__gnu_cxxneIPmSt6vectorImSaImEEEEbRKNS_17__normal_iteratorIT_T0_EESA_>
  408ae1:	84 c0                	test   al,al
  408ae3:	0f 85 48 ff ff ff    	jne    408a31 <_ZSt16__insertion_sortIN9__gnu_cxx17__normal_iteratorIPmSt6vectorImSaImEEEENS0_5__ops15_Iter_less_iterEEvT_S9_T0_+0x46>
  408ae9:	eb 01                	jmp    408aec <_ZSt16__insertion_sortIN9__gnu_cxx17__normal_iteratorIPmSt6vectorImSaImEEEENS0_5__ops15_Iter_less_iterEEvT_S9_T0_+0x101>
  408aeb:	90                   	nop
  408aec:	48 8b 5d f8          	mov    rbx,QWORD PTR [rbp-0x8]
  408af0:	c9                   	leave  
  408af1:	c3                   	ret    

0000000000408af2 <_ZSt26__unguarded_insertion_sortIN9__gnu_cxx17__normal_iteratorIPmSt6vectorImSaImEEEENS0_5__ops15_Iter_less_iterEEvT_S9_T0_>:
  408af2:	55                   	push   rbp
  408af3:	48 89 e5             	mov    rbp,rsp
  408af6:	48 83 ec 30          	sub    rsp,0x30
  408afa:	48 89 7d e8          	mov    QWORD PTR [rbp-0x18],rdi
  408afe:	48 89 75 e0          	mov    QWORD PTR [rbp-0x20],rsi
  408b02:	48 8b 45 e8          	mov    rax,QWORD PTR [rbp-0x18]
  408b06:	48 89 45 f8          	mov    QWORD PTR [rbp-0x8],rax
  408b0a:	eb 1d                	jmp    408b29 <_ZSt26__unguarded_insertion_sortIN9__gnu_cxx17__normal_iteratorIPmSt6vectorImSaImEEEENS0_5__ops15_Iter_less_iterEEvT_S9_T0_+0x37>
  408b0c:	e8 7c c7 ff ff       	call   40528d <_ZN9__gnu_cxx5__ops15__val_comp_iterENS0_15_Iter_less_iterE>
  408b11:	48 8b 45 f8          	mov    rax,QWORD PTR [rbp-0x8]
  408b15:	48 89 c7             	mov    rdi,rax
  408b18:	e8 a1 07 00 00       	call   4092be <_ZSt25__unguarded_linear_insertIN9__gnu_cxx17__normal_iteratorIPmSt6vectorImSaImEEEENS0_5__ops14_Val_less_iterEEvT_T0_>
  408b1d:	48 8d 45 f8          	lea    rax,[rbp-0x8]
  408b21:	48 89 c7             	mov    rdi,rax
  408b24:	e8 29 d1 ff ff       	call   405c52 <_ZN9__gnu_cxx17__normal_iteratorIPmSt6vectorImSaImEEEppEv>
  408b29:	48 8d 55 e0          	lea    rdx,[rbp-0x20]
  408b2d:	48 8d 45 f8          	lea    rax,[rbp-0x8]
  408b31:	48 89 d6             	mov    rsi,rdx
  408b34:	48 89 c7             	mov    rdi,rax
  408b37:	e8 db d0 ff ff       	call   405c17 <_ZN9__gnu_cxxneIPmSt6vectorImSaImEEEEbRKNS_17__normal_iteratorIT_T0_EESA_>
  408b3c:	84 c0                	test   al,al
  408b3e:	75 cc                	jne    408b0c <_ZSt26__unguarded_insertion_sortIN9__gnu_cxx17__normal_iteratorIPmSt6vectorImSaImEEEENS0_5__ops15_Iter_less_iterEEvT_S9_T0_+0x1a>
  408b40:	90                   	nop
  408b41:	90                   	nop
  408b42:	c9                   	leave  
  408b43:	c3                   	ret    

0000000000408b44 <_ZSt18uninitialized_copyIN9__gnu_cxx17__normal_iteratorIPKmSt6vectorImSaImEEEEPmET0_T_SA_S9_>:
  408b44:	55                   	push   rbp
  408b45:	48 89 e5             	mov    rbp,rsp
  408b48:	48 83 ec 30          	sub    rsp,0x30
  408b4c:	48 89 7d e8          	mov    QWORD PTR [rbp-0x18],rdi
  408b50:	48 89 75 e0          	mov    QWORD PTR [rbp-0x20],rsi
  408b54:	48 89 55 d8          	mov    QWORD PTR [rbp-0x28],rdx
  408b58:	c6 45 ff 01          	mov    BYTE PTR [rbp-0x1],0x1
  408b5c:	48 8b 55 d8          	mov    rdx,QWORD PTR [rbp-0x28]
  408b60:	48 8b 4d e0          	mov    rcx,QWORD PTR [rbp-0x20]
  408b64:	48 8b 45 e8          	mov    rax,QWORD PTR [rbp-0x18]
  408b68:	48 89 ce             	mov    rsi,rcx
  408b6b:	48 89 c7             	mov    rdi,rax
  408b6e:	e8 09 08 00 00       	call   40937c <_ZNSt20__uninitialized_copyILb1EE13__uninit_copyIN9__gnu_cxx17__normal_iteratorIPKmSt6vectorImSaImEEEEPmEET0_T_SC_SB_>
  408b73:	c9                   	leave  
  408b74:	c3                   	ret    

0000000000408b75 <_ZSt12__niter_baseIPKmSt6vectorImSaImEEET_N9__gnu_cxx17__normal_iteratorIS5_T0_EE>:
  408b75:	55                   	push   rbp
  408b76:	48 89 e5             	mov    rbp,rsp
  408b79:	48 83 ec 10          	sub    rsp,0x10
  408b7d:	48 89 7d f8          	mov    QWORD PTR [rbp-0x8],rdi
  408b81:	48 8d 45 f8          	lea    rax,[rbp-0x8]
  408b85:	48 89 c7             	mov    rdi,rax
  408b88:	e8 2f f4 ff ff       	call   407fbc <_ZNK9__gnu_cxx17__normal_iteratorIPKmSt6vectorImSaImEEE4baseEv>
  408b8d:	48 8b 00             	mov    rax,QWORD PTR [rax]
  408b90:	c9                   	leave  
  408b91:	c3                   	ret    

0000000000408b92 <_ZSt12__niter_baseIPmSt6vectorImSaImEEET_N9__gnu_cxx17__normal_iteratorIS4_T0_EE>:
  408b92:	55                   	push   rbp
  408b93:	48 89 e5             	mov    rbp,rsp
  408b96:	48 83 ec 10          	sub    rsp,0x10
  408b9a:	48 89 7d f8          	mov    QWORD PTR [rbp-0x8],rdi
  408b9e:	48 8d 45 f8          	lea    rax,[rbp-0x8]
  408ba2:	48 89 c7             	mov    rdi,rax
  408ba5:	e8 0e e5 ff ff       	call   4070b8 <_ZNK9__gnu_cxx17__normal_iteratorIPmSt6vectorImSaImEEE4baseEv>
  408baa:	48 8b 00             	mov    rax,QWORD PTR [rax]
  408bad:	c9                   	leave  
  408bae:	c3                   	ret    

0000000000408baf <_ZSt14__copy_move_a1ILb0EPKmPmET1_T0_S4_S3_>:
  408baf:	55                   	push   rbp
  408bb0:	48 89 e5             	mov    rbp,rsp
  408bb3:	48 83 ec 20          	sub    rsp,0x20
  408bb7:	48 89 7d f8          	mov    QWORD PTR [rbp-0x8],rdi
  408bbb:	48 89 75 f0          	mov    QWORD PTR [rbp-0x10],rsi
  408bbf:	48 89 55 e8          	mov    QWORD PTR [rbp-0x18],rdx
  408bc3:	48 8b 55 e8          	mov    rdx,QWORD PTR [rbp-0x18]
  408bc7:	48 8b 4d f0          	mov    rcx,QWORD PTR [rbp-0x10]
  408bcb:	48 8b 45 f8          	mov    rax,QWORD PTR [rbp-0x8]
  408bcf:	48 89 ce             	mov    rsi,rcx
  408bd2:	48 89 c7             	mov    rdi,rax
  408bd5:	e8 cf 07 00 00       	call   4093a9 <_ZSt14__copy_move_a2ILb0EPKmPmET1_T0_S4_S3_>
  408bda:	c9                   	leave  
  408bdb:	c3                   	ret    

0000000000408bdc <_ZSt12__niter_wrapIN9__gnu_cxx17__normal_iteratorIPmSt6vectorImSaImEEEES2_ET_S7_T0_>:
  408bdc:	55                   	push   rbp
  408bdd:	48 89 e5             	mov    rbp,rsp
  408be0:	48 83 ec 10          	sub    rsp,0x10
  408be4:	48 89 7d f8          	mov    QWORD PTR [rbp-0x8],rdi
  408be8:	48 89 75 f0          	mov    QWORD PTR [rbp-0x10],rsi
  408bec:	48 8b 45 f8          	mov    rax,QWORD PTR [rbp-0x8]
  408bf0:	48 89 c7             	mov    rdi,rax
  408bf3:	e8 9a ff ff ff       	call   408b92 <_ZSt12__niter_baseIPmSt6vectorImSaImEEET_N9__gnu_cxx17__normal_iteratorIS4_T0_EE>
  408bf8:	48 89 c2             	mov    rdx,rax
  408bfb:	48 8b 45 f0          	mov    rax,QWORD PTR [rbp-0x10]
  408bff:	48 29 d0             	sub    rax,rdx
  408c02:	48 c1 f8 03          	sar    rax,0x3
  408c06:	48 89 c2             	mov    rdx,rax
  408c09:	48 8d 45 f8          	lea    rax,[rbp-0x8]
  408c0d:	48 89 d6             	mov    rsi,rdx
  408c10:	48 89 c7             	mov    rdi,rax
  408c13:	e8 92 d8 ff ff       	call   4064aa <_ZNK9__gnu_cxx17__normal_iteratorIPmSt6vectorImSaImEEEplEl>
  408c18:	c9                   	leave  
  408c19:	c3                   	ret    

0000000000408c1a <_ZNSt12_Destroy_auxILb1EE9__destroyIN9__gnu_cxx17__normal_iteratorIPmSt6vectorImSaImEEEEEEvT_S9_>:
  408c1a:	55                   	push   rbp
  408c1b:	48 89 e5             	mov    rbp,rsp
  408c1e:	48 89 7d f8          	mov    QWORD PTR [rbp-0x8],rdi
  408c22:	48 89 75 f0          	mov    QWORD PTR [rbp-0x10],rsi
  408c26:	90                   	nop
  408c27:	5d                   	pop    rbp
  408c28:	c3                   	ret    

0000000000408c29 <_ZSt12__niter_baseIPmET_S1_>:
  408c29:	55                   	push   rbp
  408c2a:	48 89 e5             	mov    rbp,rsp
  408c2d:	48 89 7d f8          	mov    QWORD PTR [rbp-0x8],rdi
  408c31:	48 8b 45 f8          	mov    rax,QWORD PTR [rbp-0x8]
  408c35:	5d                   	pop    rbp
  408c36:	c3                   	ret    

0000000000408c37 <_ZSt14__copy_move_a1ILb0EPmS0_ET1_T0_S2_S1_>:
  408c37:	55                   	push   rbp
  408c38:	48 89 e5             	mov    rbp,rsp
  408c3b:	48 83 ec 20          	sub    rsp,0x20
  408c3f:	48 89 7d f8          	mov    QWORD PTR [rbp-0x8],rdi
  408c43:	48 89 75 f0          	mov    QWORD PTR [rbp-0x10],rsi
  408c47:	48 89 55 e8          	mov    QWORD PTR [rbp-0x18],rdx
  408c4b:	48 8b 55 e8          	mov    rdx,QWORD PTR [rbp-0x18]
  408c4f:	48 8b 4d f0          	mov    rcx,QWORD PTR [rbp-0x10]
  408c53:	48 8b 45 f8          	mov    rax,QWORD PTR [rbp-0x8]
  408c57:	48 89 ce             	mov    rsi,rcx
  408c5a:	48 89 c7             	mov    rdi,rax
  408c5d:	e8 74 07 00 00       	call   4093d6 <_ZSt14__copy_move_a2ILb0EPmS0_ET1_T0_S2_S1_>
  408c62:	c9                   	leave  
  408c63:	c3                   	ret    

0000000000408c64 <_ZSt12__niter_wrapIPmET_RKS1_S1_>:
  408c64:	55                   	push   rbp
  408c65:	48 89 e5             	mov    rbp,rsp
  408c68:	48 89 7d f8          	mov    QWORD PTR [rbp-0x8],rdi
  408c6c:	48 89 75 f0          	mov    QWORD PTR [rbp-0x10],rsi
  408c70:	48 8b 45 f0          	mov    rax,QWORD PTR [rbp-0x10]
  408c74:	5d                   	pop    rbp
  408c75:	c3                   	ret    

0000000000408c76 <_ZNSt20__uninitialized_copyILb1EE13__uninit_copyIPmS2_EET0_T_S4_S3_>:
  408c76:	55                   	push   rbp
  408c77:	48 89 e5             	mov    rbp,rsp
  408c7a:	48 83 ec 20          	sub    rsp,0x20
  408c7e:	48 89 7d f8          	mov    QWORD PTR [rbp-0x8],rdi
  408c82:	48 89 75 f0          	mov    QWORD PTR [rbp-0x10],rsi
  408c86:	48 89 55 e8          	mov    QWORD PTR [rbp-0x18],rdx
  408c8a:	48 8b 55 e8          	mov    rdx,QWORD PTR [rbp-0x18]
  408c8e:	48 8b 4d f0          	mov    rcx,QWORD PTR [rbp-0x10]
  408c92:	48 8b 45 f8          	mov    rax,QWORD PTR [rbp-0x8]
  408c96:	48 89 ce             	mov    rsi,rcx
  408c99:	48 89 c7             	mov    rdi,rax
  408c9c:	e8 26 e6 ff ff       	call   4072c7 <_ZSt4copyIPmS0_ET0_T_S2_S1_>
  408ca1:	c9                   	leave  
  408ca2:	c3                   	ret    
  408ca3:	90                   	nop

0000000000408ca4 <_ZN9__gnu_cxx5__ops16_Iter_equals_valIKmEclINS_17__normal_iteratorIPmSt6vectorImSaImEEEEEEbT_>:
  408ca4:	55                   	push   rbp
  408ca5:	48 89 e5             	mov    rbp,rsp
  408ca8:	48 83 ec 10          	sub    rsp,0x10
  408cac:	48 89 7d f8          	mov    QWORD PTR [rbp-0x8],rdi
  408cb0:	48 89 75 f0          	mov    QWORD PTR [rbp-0x10],rsi
  408cb4:	48 8d 45 f0          	lea    rax,[rbp-0x10]
  408cb8:	48 89 c7             	mov    rdi,rax
  408cbb:	e8 b2 cf ff ff       	call   405c72 <_ZNK9__gnu_cxx17__normal_iteratorIPmSt6vectorImSaImEEEdeEv>
  408cc0:	48 8b 10             	mov    rdx,QWORD PTR [rax]
  408cc3:	48 8b 45 f8          	mov    rax,QWORD PTR [rbp-0x8]
  408cc7:	48 8b 00             	mov    rax,QWORD PTR [rax]
  408cca:	48 8b 00             	mov    rax,QWORD PTR [rax]
  408ccd:	48 39 c2             	cmp    rdx,rax
  408cd0:	0f 94 c0             	sete   al
  408cd3:	c9                   	leave  
  408cd4:	c3                   	ret    

0000000000408cd5 <_ZSt4moveIRSaImEEONSt16remove_referenceIT_E4typeEOS3_>:
  408cd5:	55                   	push   rbp
  408cd6:	48 89 e5             	mov    rbp,rsp
  408cd9:	48 89 7d f8          	mov    QWORD PTR [rbp-0x8],rdi
  408cdd:	48 8b 45 f8          	mov    rax,QWORD PTR [rbp-0x8]
  408ce1:	5d                   	pop    rbp
  408ce2:	c3                   	ret    
  408ce3:	90                   	nop

0000000000408ce4 <_ZNK9__gnu_cxx13new_allocatorImE8max_sizeEv>:
  408ce4:	55                   	push   rbp
  408ce5:	48 89 e5             	mov    rbp,rsp
  408ce8:	48 83 ec 10          	sub    rsp,0x10
  408cec:	48 89 7d f8          	mov    QWORD PTR [rbp-0x8],rdi
  408cf0:	48 8b 45 f8          	mov    rax,QWORD PTR [rbp-0x8]
  408cf4:	48 89 c7             	mov    rdi,rax
  408cf7:	e8 08 07 00 00       	call   409404 <_ZNK9__gnu_cxx13new_allocatorImE11_M_max_sizeEv>
  408cfc:	c9                   	leave  
  408cfd:	c3                   	ret    

0000000000408cfe <_ZSt11__addressofImEPT_RS0_>:
  408cfe:	55                   	push   rbp
  408cff:	48 89 e5             	mov    rbp,rsp
  408d02:	48 89 7d f8          	mov    QWORD PTR [rbp-0x8],rdi
  408d06:	48 8b 45 f8          	mov    rax,QWORD PTR [rbp-0x8]
  408d0a:	5d                   	pop    rbp
  408d0b:	c3                   	ret    

0000000000408d0c <_ZNSt27__uninitialized_default_n_1ILb1EE18__uninit_default_nIPmmEET_S3_T0_>:
  408d0c:	55                   	push   rbp
  408d0d:	48 89 e5             	mov    rbp,rsp
  408d10:	48 83 ec 20          	sub    rsp,0x20
  408d14:	48 89 7d e8          	mov    QWORD PTR [rbp-0x18],rdi
  408d18:	48 89 75 e0          	mov    QWORD PTR [rbp-0x20],rsi
  408d1c:	48 83 7d e0 00       	cmp    QWORD PTR [rbp-0x20],0x0
  408d21:	74 40                	je     408d63 <_ZNSt27__uninitialized_default_n_1ILb1EE18__uninit_default_nIPmmEET_S3_T0_+0x57>
  408d23:	48 8b 45 e8          	mov    rax,QWORD PTR [rbp-0x18]
  408d27:	48 89 c7             	mov    rdi,rax
  408d2a:	e8 cf ff ff ff       	call   408cfe <_ZSt11__addressofImEPT_RS0_>
  408d2f:	48 89 45 f8          	mov    QWORD PTR [rbp-0x8],rax
  408d33:	48 8b 45 f8          	mov    rax,QWORD PTR [rbp-0x8]
  408d37:	48 89 c7             	mov    rdi,rax
  408d3a:	e8 d9 06 00 00       	call   409418 <_ZSt10_ConstructImJEEvPT_DpOT0_>
  408d3f:	48 83 45 e8 08       	add    QWORD PTR [rbp-0x18],0x8
  408d44:	48 8b 45 e0          	mov    rax,QWORD PTR [rbp-0x20]
  408d48:	48 8d 48 ff          	lea    rcx,[rax-0x1]
  408d4c:	48 8b 55 f8          	mov    rdx,QWORD PTR [rbp-0x8]
  408d50:	48 8b 45 e8          	mov    rax,QWORD PTR [rbp-0x18]
  408d54:	48 89 ce             	mov    rsi,rcx
  408d57:	48 89 c7             	mov    rdi,rax
  408d5a:	e8 e0 06 00 00       	call   40943f <_ZSt6fill_nIPmmmET_S1_T0_RKT1_>
  408d5f:	48 89 45 e8          	mov    QWORD PTR [rbp-0x18],rax
  408d63:	48 8b 45 e8          	mov    rax,QWORD PTR [rbp-0x18]
  408d67:	c9                   	leave  
  408d68:	c3                   	ret    

0000000000408d69 <_ZSt4moveIRPmEONSt16remove_referenceIT_E4typeEOS3_>:
  408d69:	55                   	push   rbp
  408d6a:	48 89 e5             	mov    rbp,rsp
  408d6d:	48 89 7d f8          	mov    QWORD PTR [rbp-0x8],rdi
  408d71:	48 8b 45 f8          	mov    rax,QWORD PTR [rbp-0x8]
  408d75:	5d                   	pop    rbp
  408d76:	c3                   	ret    
  408d77:	90                   	nop

0000000000408d78 <_ZNSt13move_iteratorIPmEC1ES0_>:
  408d78:	55                   	push   rbp
  408d79:	48 89 e5             	mov    rbp,rsp
  408d7c:	48 83 ec 10          	sub    rsp,0x10
  408d80:	48 89 7d f8          	mov    QWORD PTR [rbp-0x8],rdi
  408d84:	48 89 75 f0          	mov    QWORD PTR [rbp-0x10],rsi
  408d88:	48 8d 45 f0          	lea    rax,[rbp-0x10]
  408d8c:	48 89 c7             	mov    rdi,rax
  408d8f:	e8 d5 ff ff ff       	call   408d69 <_ZSt4moveIRPmEONSt16remove_referenceIT_E4typeEOS3_>
  408d94:	48 8b 10             	mov    rdx,QWORD PTR [rax]
  408d97:	48 8b 45 f8          	mov    rax,QWORD PTR [rbp-0x8]
  408d9b:	48 89 10             	mov    QWORD PTR [rax],rdx
  408d9e:	90                   	nop
  408d9f:	c9                   	leave  
  408da0:	c3                   	ret    

0000000000408da1 <_ZSt18uninitialized_copyISt13move_iteratorIPmES1_ET0_T_S4_S3_>:
  408da1:	55                   	push   rbp
  408da2:	48 89 e5             	mov    rbp,rsp
  408da5:	48 83 ec 30          	sub    rsp,0x30
  408da9:	48 89 7d e8          	mov    QWORD PTR [rbp-0x18],rdi
  408dad:	48 89 75 e0          	mov    QWORD PTR [rbp-0x20],rsi
  408db1:	48 89 55 d8          	mov    QWORD PTR [rbp-0x28],rdx
  408db5:	c6 45 ff 01          	mov    BYTE PTR [rbp-0x1],0x1
  408db9:	48 8b 55 d8          	mov    rdx,QWORD PTR [rbp-0x28]
  408dbd:	48 8b 4d e0          	mov    rcx,QWORD PTR [rbp-0x20]
  408dc1:	48 8b 45 e8          	mov    rax,QWORD PTR [rbp-0x18]
  408dc5:	48 89 ce             	mov    rsi,rcx
  408dc8:	48 89 c7             	mov    rdi,rax
  408dcb:	e8 b3 06 00 00       	call   409483 <_ZNSt20__uninitialized_copyILb1EE13__uninit_copyISt13move_iteratorIPmES3_EET0_T_S6_S5_>
  408dd0:	c9                   	leave  
  408dd1:	c3                   	ret    

0000000000408dd2 <_ZSt23__copy_move_backward_a1ILb1EPmS0_ET1_T0_S2_S1_>:
  408dd2:	55                   	push   rbp
  408dd3:	48 89 e5             	mov    rbp,rsp
  408dd6:	48 83 ec 20          	sub    rsp,0x20
  408dda:	48 89 7d f8          	mov    QWORD PTR [rbp-0x8],rdi
  408dde:	48 89 75 f0          	mov    QWORD PTR [rbp-0x10],rsi
  408de2:	48 89 55 e8          	mov    QWORD PTR [rbp-0x18],rdx
  408de6:	48 8b 55 e8          	mov    rdx,QWORD PTR [rbp-0x18]
  408dea:	48 8b 4d f0          	mov    rcx,QWORD PTR [rbp-0x10]
  408dee:	48 8b 45 f8          	mov    rax,QWORD PTR [rbp-0x8]
  408df2:	48 89 ce             	mov    rsi,rcx
  408df5:	48 89 c7             	mov    rdi,rax
  408df8:	e8 b3 06 00 00       	call   4094b0 <_ZSt23__copy_move_backward_a2ILb1EPmS0_ET1_T0_S2_S1_>
  408dfd:	c9                   	leave  
  408dfe:	c3                   	ret    

0000000000408dff <_ZSt9__fill_a1IPmmEN9__gnu_cxx11__enable_ifIXsrSt11__is_scalarIT0_E7__valueEvE6__typeET_S8_RKS4_>:
  408dff:	55                   	push   rbp
  408e00:	48 89 e5             	mov    rbp,rsp
  408e03:	48 89 7d e8          	mov    QWORD PTR [rbp-0x18],rdi
  408e07:	48 89 75 e0          	mov    QWORD PTR [rbp-0x20],rsi
  408e0b:	48 89 55 d8          	mov    QWORD PTR [rbp-0x28],rdx
  408e0f:	48 8b 45 d8          	mov    rax,QWORD PTR [rbp-0x28]
  408e13:	48 8b 00             	mov    rax,QWORD PTR [rax]
  408e16:	48 89 45 f8          	mov    QWORD PTR [rbp-0x8],rax
  408e1a:	eb 10                	jmp    408e2c <_ZSt9__fill_a1IPmmEN9__gnu_cxx11__enable_ifIXsrSt11__is_scalarIT0_E7__valueEvE6__typeET_S8_RKS4_+0x2d>
  408e1c:	48 8b 45 e8          	mov    rax,QWORD PTR [rbp-0x18]
  408e20:	48 8b 55 f8          	mov    rdx,QWORD PTR [rbp-0x8]
  408e24:	48 89 10             	mov    QWORD PTR [rax],rdx
  408e27:	48 83 45 e8 08       	add    QWORD PTR [rbp-0x18],0x8
  408e2c:	48 8b 45 e8          	mov    rax,QWORD PTR [rbp-0x18]
  408e30:	48 3b 45 e0          	cmp    rax,QWORD PTR [rbp-0x20]
  408e34:	75 e6                	jne    408e1c <_ZSt9__fill_a1IPmmEN9__gnu_cxx11__enable_ifIXsrSt11__is_scalarIT0_E7__valueEvE6__typeET_S8_RKS4_+0x1d>
  408e36:	90                   	nop
  408e37:	90                   	nop
  408e38:	5d                   	pop    rbp
  408e39:	c3                   	ret    

0000000000408e3a <_ZNSt22__uninitialized_fill_nILb1EE15__uninit_fill_nIPmmmEET_S3_T0_RKT1_>:
  408e3a:	55                   	push   rbp
  408e3b:	48 89 e5             	mov    rbp,rsp
  408e3e:	48 83 ec 20          	sub    rsp,0x20
  408e42:	48 89 7d f8          	mov    QWORD PTR [rbp-0x8],rdi
  408e46:	48 89 75 f0          	mov    QWORD PTR [rbp-0x10],rsi
  408e4a:	48 89 55 e8          	mov    QWORD PTR [rbp-0x18],rdx
  408e4e:	48 8b 55 e8          	mov    rdx,QWORD PTR [rbp-0x18]
  408e52:	48 8b 4d f0          	mov    rcx,QWORD PTR [rbp-0x10]
  408e56:	48 8b 45 f8          	mov    rax,QWORD PTR [rbp-0x8]
  408e5a:	48 89 ce             	mov    rsi,rcx
  408e5d:	48 89 c7             	mov    rdi,rax
  408e60:	e8 da 05 00 00       	call   40943f <_ZSt6fill_nIPmmmET_S1_T0_RKT1_>
  408e65:	c9                   	leave  
  408e66:	c3                   	ret    
  408e67:	90                   	nop

0000000000408e68 <_ZN9__gnu_cxx13new_allocatorImE8allocateEmPKv>:
  408e68:	55                   	push   rbp
  408e69:	48 89 e5             	mov    rbp,rsp
  408e6c:	48 83 ec 20          	sub    rsp,0x20
  408e70:	48 89 7d f8          	mov    QWORD PTR [rbp-0x8],rdi
  408e74:	48 89 75 f0          	mov    QWORD PTR [rbp-0x10],rsi
  408e78:	48 89 55 e8          	mov    QWORD PTR [rbp-0x18],rdx
  408e7c:	48 8b 45 f8          	mov    rax,QWORD PTR [rbp-0x8]
  408e80:	48 89 c7             	mov    rdi,rax
  408e83:	e8 7c 05 00 00       	call   409404 <_ZNK9__gnu_cxx13new_allocatorImE11_M_max_sizeEv>
  408e88:	48 39 45 f0          	cmp    QWORD PTR [rbp-0x10],rax
  408e8c:	0f 97 c0             	seta   al
  408e8f:	0f b6 c0             	movzx  eax,al
  408e92:	48 85 c0             	test   rax,rax
  408e95:	0f 95 c0             	setne  al
  408e98:	84 c0                	test   al,al
  408e9a:	74 1a                	je     408eb6 <_ZN9__gnu_cxx13new_allocatorImE8allocateEmPKv+0x4e>
  408e9c:	48 b8 ff ff ff ff ff 	movabs rax,0x1fffffffffffffff
  408ea3:	ff ff 1f 
  408ea6:	48 39 45 f0          	cmp    QWORD PTR [rbp-0x10],rax
  408eaa:	76 05                	jbe    408eb1 <_ZN9__gnu_cxx13new_allocatorImE8allocateEmPKv+0x49>
  408eac:	e8 9f 92 ff ff       	call   402150 <_ZSt28__throw_bad_array_new_lengthv@plt>
  408eb1:	e8 ea 91 ff ff       	call   4020a0 <_ZSt17__throw_bad_allocv@plt>
  408eb6:	48 8b 45 f0          	mov    rax,QWORD PTR [rbp-0x10]
  408eba:	48 c1 e0 03          	shl    rax,0x3
  408ebe:	48 89 c7             	mov    rdi,rax
  408ec1:	e8 0a 93 ff ff       	call   4021d0 <_Znwm@plt>
  408ec6:	c9                   	leave  
  408ec7:	c3                   	ret    

0000000000408ec8 <_ZSt12__relocate_aIPmS0_SaImEET0_T_S3_S2_RT1_>:
  408ec8:	55                   	push   rbp
  408ec9:	48 89 e5             	mov    rbp,rsp
  408ecc:	41 54                	push   r12
  408ece:	53                   	push   rbx
  408ecf:	48 83 ec 20          	sub    rsp,0x20
  408ed3:	48 89 7d e8          	mov    QWORD PTR [rbp-0x18],rdi
  408ed7:	48 89 75 e0          	mov    QWORD PTR [rbp-0x20],rsi
  408edb:	48 89 55 d8          	mov    QWORD PTR [rbp-0x28],rdx
  408edf:	48 89 4d d0          	mov    QWORD PTR [rbp-0x30],rcx
  408ee3:	48 8b 45 d8          	mov    rax,QWORD PTR [rbp-0x28]
  408ee7:	48 89 c7             	mov    rdi,rax
  408eea:	e8 3a fd ff ff       	call   408c29 <_ZSt12__niter_baseIPmET_S1_>
  408eef:	49 89 c4             	mov    r12,rax
  408ef2:	48 8b 45 e0          	mov    rax,QWORD PTR [rbp-0x20]
  408ef6:	48 89 c7             	mov    rdi,rax
  408ef9:	e8 2b fd ff ff       	call   408c29 <_ZSt12__niter_baseIPmET_S1_>
  408efe:	48 89 c3             	mov    rbx,rax
  408f01:	48 8b 45 e8          	mov    rax,QWORD PTR [rbp-0x18]
  408f05:	48 89 c7             	mov    rdi,rax
  408f08:	e8 1c fd ff ff       	call   408c29 <_ZSt12__niter_baseIPmET_S1_>
  408f0d:	48 89 c7             	mov    rdi,rax
  408f10:	48 8b 45 d0          	mov    rax,QWORD PTR [rbp-0x30]
  408f14:	48 89 c1             	mov    rcx,rax
  408f17:	4c 89 e2             	mov    rdx,r12
  408f1a:	48 89 de             	mov    rsi,rbx
  408f1d:	e8 bb 05 00 00       	call   4094dd <_ZSt14__relocate_a_1ImmENSt9enable_ifIXsrSt24__is_bitwise_relocatableIT_vE5valueEPS2_E4typeES4_S4_S4_RSaIT0_E>
  408f22:	48 83 c4 20          	add    rsp,0x20
  408f26:	5b                   	pop    rbx
  408f27:	41 5c                	pop    r12
  408f29:	5d                   	pop    rbp
  408f2a:	c3                   	ret    

0000000000408f2b <_ZSt13__heap_selectIN9__gnu_cxx17__normal_iteratorIPmSt6vectorImSaImEEEENS0_5__ops15_Iter_less_iterEEvT_S9_S9_T0_>:
  408f2b:	55                   	push   rbp
  408f2c:	48 89 e5             	mov    rbp,rsp
  408f2f:	48 83 ec 30          	sub    rsp,0x30
  408f33:	48 89 7d e8          	mov    QWORD PTR [rbp-0x18],rdi
  408f37:	48 89 75 e0          	mov    QWORD PTR [rbp-0x20],rsi
  408f3b:	48 89 55 d8          	mov    QWORD PTR [rbp-0x28],rdx
  408f3f:	48 8d 55 d7          	lea    rdx,[rbp-0x29]
  408f43:	48 8b 4d e0          	mov    rcx,QWORD PTR [rbp-0x20]
  408f47:	48 8b 45 e8          	mov    rax,QWORD PTR [rbp-0x18]
  408f4b:	48 89 ce             	mov    rsi,rcx
  408f4e:	48 89 c7             	mov    rdi,rax
  408f51:	e8 ea 05 00 00       	call   409540 <_ZSt11__make_heapIN9__gnu_cxx17__normal_iteratorIPmSt6vectorImSaImEEEENS0_5__ops15_Iter_less_iterEEvT_S9_RT0_>
  408f56:	48 8b 45 e0          	mov    rax,QWORD PTR [rbp-0x20]
  408f5a:	48 89 45 f8          	mov    QWORD PTR [rbp-0x8],rax
  408f5e:	eb 3f                	jmp    408f9f <_ZSt13__heap_selectIN9__gnu_cxx17__normal_iteratorIPmSt6vectorImSaImEEEENS0_5__ops15_Iter_less_iterEEvT_S9_S9_T0_+0x74>
  408f60:	48 8b 55 e8          	mov    rdx,QWORD PTR [rbp-0x18]
  408f64:	48 8b 4d f8          	mov    rcx,QWORD PTR [rbp-0x8]
  408f68:	48 8d 45 d7          	lea    rax,[rbp-0x29]
  408f6c:	48 89 ce             	mov    rsi,rcx
  408f6f:	48 89 c7             	mov    rdi,rax
  408f72:	e8 bd 02 00 00       	call   409234 <_ZNK9__gnu_cxx5__ops15_Iter_less_iterclINS_17__normal_iteratorIPmSt6vectorImSaImEEEES8_EEbT_T0_>
  408f77:	84 c0                	test   al,al
  408f79:	74 18                	je     408f93 <_ZSt13__heap_selectIN9__gnu_cxx17__normal_iteratorIPmSt6vectorImSaImEEEENS0_5__ops15_Iter_less_iterEEvT_S9_S9_T0_+0x68>
  408f7b:	48 8d 4d d7          	lea    rcx,[rbp-0x29]
  408f7f:	48 8b 55 f8          	mov    rdx,QWORD PTR [rbp-0x8]
  408f83:	48 8b 75 e0          	mov    rsi,QWORD PTR [rbp-0x20]
  408f87:	48 8b 45 e8          	mov    rax,QWORD PTR [rbp-0x18]
  408f8b:	48 89 c7             	mov    rdi,rax
  408f8e:	e8 b7 06 00 00       	call   40964a <_ZSt10__pop_heapIN9__gnu_cxx17__normal_iteratorIPmSt6vectorImSaImEEEENS0_5__ops15_Iter_less_iterEEvT_S9_S9_RT0_>
  408f93:	48 8d 45 f8          	lea    rax,[rbp-0x8]
  408f97:	48 89 c7             	mov    rdi,rax
  408f9a:	e8 b3 cc ff ff       	call   405c52 <_ZN9__gnu_cxx17__normal_iteratorIPmSt6vectorImSaImEEEppEv>
  408f9f:	48 8d 55 d8          	lea    rdx,[rbp-0x28]
  408fa3:	48 8d 45 f8          	lea    rax,[rbp-0x8]
  408fa7:	48 89 d6             	mov    rsi,rdx
  408faa:	48 89 c7             	mov    rdi,rax
  408fad:	e8 5d 06 00 00       	call   40960f <_ZN9__gnu_cxxltIPmSt6vectorImSaImEEEEbRKNS_17__normal_iteratorIT_T0_EESA_>
  408fb2:	84 c0                	test   al,al
  408fb4:	75 aa                	jne    408f60 <_ZSt13__heap_selectIN9__gnu_cxx17__normal_iteratorIPmSt6vectorImSaImEEEENS0_5__ops15_Iter_less_iterEEvT_S9_S9_T0_+0x35>
  408fb6:	90                   	nop
  408fb7:	90                   	nop
  408fb8:	c9                   	leave  
  408fb9:	c3                   	ret    

0000000000408fba <_ZSt11__sort_heapIN9__gnu_cxx17__normal_iteratorIPmSt6vectorImSaImEEEENS0_5__ops15_Iter_less_iterEEvT_S9_RT0_>:
  408fba:	55                   	push   rbp
  408fbb:	48 89 e5             	mov    rbp,rsp
  408fbe:	48 83 ec 20          	sub    rsp,0x20
  408fc2:	48 89 7d f8          	mov    QWORD PTR [rbp-0x8],rdi
  408fc6:	48 89 75 f0          	mov    QWORD PTR [rbp-0x10],rsi
  408fca:	48 89 55 e8          	mov    QWORD PTR [rbp-0x18],rdx
  408fce:	eb 24                	jmp    408ff4 <_ZSt11__sort_heapIN9__gnu_cxx17__normal_iteratorIPmSt6vectorImSaImEEEENS0_5__ops15_Iter_less_iterEEvT_S9_RT0_+0x3a>
  408fd0:	48 8d 45 f0          	lea    rax,[rbp-0x10]
  408fd4:	48 89 c7             	mov    rdi,rax
  408fd7:	e8 0c 07 00 00       	call   4096e8 <_ZN9__gnu_cxx17__normal_iteratorIPmSt6vectorImSaImEEEmmEv>
  408fdc:	48 8b 4d e8          	mov    rcx,QWORD PTR [rbp-0x18]
  408fe0:	48 8b 55 f0          	mov    rdx,QWORD PTR [rbp-0x10]
  408fe4:	48 8b 75 f0          	mov    rsi,QWORD PTR [rbp-0x10]
  408fe8:	48 8b 45 f8          	mov    rax,QWORD PTR [rbp-0x8]
  408fec:	48 89 c7             	mov    rdi,rax
  408fef:	e8 56 06 00 00       	call   40964a <_ZSt10__pop_heapIN9__gnu_cxx17__normal_iteratorIPmSt6vectorImSaImEEEENS0_5__ops15_Iter_less_iterEEvT_S9_S9_RT0_>
  408ff4:	48 8d 55 f8          	lea    rdx,[rbp-0x8]
  408ff8:	48 8d 45 f0          	lea    rax,[rbp-0x10]
  408ffc:	48 89 d6             	mov    rsi,rdx
  408fff:	48 89 c7             	mov    rdi,rax
  409002:	e8 63 d4 ff ff       	call   40646a <_ZN9__gnu_cxxmiIPmSt6vectorImSaImEEEENS_17__normal_iteratorIT_T0_E15difference_typeERKS8_SB_>
  409007:	48 83 f8 01          	cmp    rax,0x1
  40900b:	0f 9f c0             	setg   al
  40900e:	84 c0                	test   al,al
  409010:	75 be                	jne    408fd0 <_ZSt11__sort_heapIN9__gnu_cxx17__normal_iteratorIPmSt6vectorImSaImEEEENS0_5__ops15_Iter_less_iterEEvT_S9_RT0_+0x16>
  409012:	90                   	nop
  409013:	90                   	nop
  409014:	c9                   	leave  
  409015:	c3                   	ret    

0000000000409016 <_ZNK9__gnu_cxx17__normal_iteratorIPmSt6vectorImSaImEEEmiEl>:
  409016:	55                   	push   rbp
  409017:	48 89 e5             	mov    rbp,rsp
  40901a:	48 83 ec 20          	sub    rsp,0x20
  40901e:	48 89 7d e8          	mov    QWORD PTR [rbp-0x18],rdi
  409022:	48 89 75 e0          	mov    QWORD PTR [rbp-0x20],rsi
  409026:	48 8b 45 e8          	mov    rax,QWORD PTR [rbp-0x18]
  40902a:	48 8b 10             	mov    rdx,QWORD PTR [rax]
  40902d:	48 8b 45 e0          	mov    rax,QWORD PTR [rbp-0x20]
  409031:	48 c1 e0 03          	shl    rax,0x3
  409035:	48 f7 d8             	neg    rax
  409038:	48 01 d0             	add    rax,rdx
  40903b:	48 89 45 f8          	mov    QWORD PTR [rbp-0x8],rax
  40903f:	48 8d 55 f8          	lea    rdx,[rbp-0x8]
  409043:	48 8d 45 f0          	lea    rax,[rbp-0x10]
  409047:	48 89 d6             	mov    rsi,rdx
  40904a:	48 89 c7             	mov    rdi,rax
  40904d:	e8 c0 d3 ff ff       	call   406412 <_ZN9__gnu_cxx17__normal_iteratorIPmSt6vectorImSaImEEEC1ERKS1_>
  409052:	48 8b 45 f0          	mov    rax,QWORD PTR [rbp-0x10]
  409056:	c9                   	leave  
  409057:	c3                   	ret    

0000000000409058 <_ZSt22__move_median_to_firstIN9__gnu_cxx17__normal_iteratorIPmSt6vectorImSaImEEEENS0_5__ops15_Iter_less_iterEEvT_S9_S9_S9_T0_>:
  409058:	55                   	push   rbp
  409059:	48 89 e5             	mov    rbp,rsp
  40905c:	48 83 ec 30          	sub    rsp,0x30
  409060:	48 89 7d f8          	mov    QWORD PTR [rbp-0x8],rdi
  409064:	48 89 75 f0          	mov    QWORD PTR [rbp-0x10],rsi
  409068:	48 89 55 e8          	mov    QWORD PTR [rbp-0x18],rdx
  40906c:	48 89 4d e0          	mov    QWORD PTR [rbp-0x20],rcx
  409070:	48 8b 55 e8          	mov    rdx,QWORD PTR [rbp-0x18]
  409074:	48 8b 4d f0          	mov    rcx,QWORD PTR [rbp-0x10]
  409078:	48 8d 45 df          	lea    rax,[rbp-0x21]
  40907c:	48 89 ce             	mov    rsi,rcx
  40907f:	48 89 c7             	mov    rdi,rax
  409082:	e8 ad 01 00 00       	call   409234 <_ZNK9__gnu_cxx5__ops15_Iter_less_iterclINS_17__normal_iteratorIPmSt6vectorImSaImEEEES8_EEbT_T0_>
  409087:	84 c0                	test   al,al
  409089:	74 7b                	je     409106 <_ZSt22__move_median_to_firstIN9__gnu_cxx17__normal_iteratorIPmSt6vectorImSaImEEEENS0_5__ops15_Iter_less_iterEEvT_S9_S9_S9_T0_+0xae>
  40908b:	48 8b 55 e0          	mov    rdx,QWORD PTR [rbp-0x20]
  40908f:	48 8b 4d e8          	mov    rcx,QWORD PTR [rbp-0x18]
  409093:	48 8d 45 df          	lea    rax,[rbp-0x21]
  409097:	48 89 ce             	mov    rsi,rcx
  40909a:	48 89 c7             	mov    rdi,rax
  40909d:	e8 92 01 00 00       	call   409234 <_ZNK9__gnu_cxx5__ops15_Iter_less_iterclINS_17__normal_iteratorIPmSt6vectorImSaImEEEES8_EEbT_T0_>
  4090a2:	84 c0                	test   al,al
  4090a4:	74 18                	je     4090be <_ZSt22__move_median_to_firstIN9__gnu_cxx17__normal_iteratorIPmSt6vectorImSaImEEEENS0_5__ops15_Iter_less_iterEEvT_S9_S9_S9_T0_+0x66>
  4090a6:	48 8b 55 e8          	mov    rdx,QWORD PTR [rbp-0x18]
  4090aa:	48 8b 45 f8          	mov    rax,QWORD PTR [rbp-0x8]
  4090ae:	48 89 d6             	mov    rsi,rdx
  4090b1:	48 89 c7             	mov    rdi,rax
  4090b4:	e8 c6 d4 ff ff       	call   40657f <_ZSt9iter_swapIN9__gnu_cxx17__normal_iteratorIPmSt6vectorImSaImEEEES6_EvT_T0_>
  4090b9:	e9 bb 00 00 00       	jmp    409179 <_ZSt22__move_median_to_firstIN9__gnu_cxx17__normal_iteratorIPmSt6vectorImSaImEEEENS0_5__ops15_Iter_less_iterEEvT_S9_S9_S9_T0_+0x121>
  4090be:	48 8b 55 e0          	mov    rdx,QWORD PTR [rbp-0x20]
  4090c2:	48 8b 4d f0          	mov    rcx,QWORD PTR [rbp-0x10]
  4090c6:	48 8d 45 df          	lea    rax,[rbp-0x21]
  4090ca:	48 89 ce             	mov    rsi,rcx
  4090cd:	48 89 c7             	mov    rdi,rax
  4090d0:	e8 5f 01 00 00       	call   409234 <_ZNK9__gnu_cxx5__ops15_Iter_less_iterclINS_17__normal_iteratorIPmSt6vectorImSaImEEEES8_EEbT_T0_>
  4090d5:	84 c0                	test   al,al
  4090d7:	74 18                	je     4090f1 <_ZSt22__move_median_to_firstIN9__gnu_cxx17__normal_iteratorIPmSt6vectorImSaImEEEENS0_5__ops15_Iter_less_iterEEvT_S9_S9_S9_T0_+0x99>
  4090d9:	48 8b 55 e0          	mov    rdx,QWORD PTR [rbp-0x20]
  4090dd:	48 8b 45 f8          	mov    rax,QWORD PTR [rbp-0x8]
  4090e1:	48 89 d6             	mov    rsi,rdx
  4090e4:	48 89 c7             	mov    rdi,rax
  4090e7:	e8 93 d4 ff ff       	call   40657f <_ZSt9iter_swapIN9__gnu_cxx17__normal_iteratorIPmSt6vectorImSaImEEEES6_EvT_T0_>
  4090ec:	e9 88 00 00 00       	jmp    409179 <_ZSt22__move_median_to_firstIN9__gnu_cxx17__normal_iteratorIPmSt6vectorImSaImEEEENS0_5__ops15_Iter_less_iterEEvT_S9_S9_S9_T0_+0x121>
  4090f1:	48 8b 55 f0          	mov    rdx,QWORD PTR [rbp-0x10]
  4090f5:	48 8b 45 f8          	mov    rax,QWORD PTR [rbp-0x8]
  4090f9:	48 89 d6             	mov    rsi,rdx
  4090fc:	48 89 c7             	mov    rdi,rax
  4090ff:	e8 7b d4 ff ff       	call   40657f <_ZSt9iter_swapIN9__gnu_cxx17__normal_iteratorIPmSt6vectorImSaImEEEES6_EvT_T0_>
  409104:	eb 73                	jmp    409179 <_ZSt22__move_median_to_firstIN9__gnu_cxx17__normal_iteratorIPmSt6vectorImSaImEEEENS0_5__ops15_Iter_less_iterEEvT_S9_S9_S9_T0_+0x121>
  409106:	48 8b 55 e0          	mov    rdx,QWORD PTR [rbp-0x20]
  40910a:	48 8b 4d f0          	mov    rcx,QWORD PTR [rbp-0x10]
  40910e:	48 8d 45 df          	lea    rax,[rbp-0x21]
  409112:	48 89 ce             	mov    rsi,rcx
  409115:	48 89 c7             	mov    rdi,rax
  409118:	e8 17 01 00 00       	call   409234 <_ZNK9__gnu_cxx5__ops15_Iter_less_iterclINS_17__normal_iteratorIPmSt6vectorImSaImEEEES8_EEbT_T0_>
  40911d:	84 c0                	test   al,al
  40911f:	74 15                	je     409136 <_ZSt22__move_median_to_firstIN9__gnu_cxx17__normal_iteratorIPmSt6vectorImSaImEEEENS0_5__ops15_Iter_less_iterEEvT_S9_S9_S9_T0_+0xde>
  409121:	48 8b 55 f0          	mov    rdx,QWORD PTR [rbp-0x10]
  409125:	48 8b 45 f8          	mov    rax,QWORD PTR [rbp-0x8]
  409129:	48 89 d6             	mov    rsi,rdx
  40912c:	48 89 c7             	mov    rdi,rax
  40912f:	e8 4b d4 ff ff       	call   40657f <_ZSt9iter_swapIN9__gnu_cxx17__normal_iteratorIPmSt6vectorImSaImEEEES6_EvT_T0_>
  409134:	eb 43                	jmp    409179 <_ZSt22__move_median_to_firstIN9__gnu_cxx17__normal_iteratorIPmSt6vectorImSaImEEEENS0_5__ops15_Iter_less_iterEEvT_S9_S9_S9_T0_+0x121>
  409136:	48 8b 55 e0          	mov    rdx,QWORD PTR [rbp-0x20]
  40913a:	48 8b 4d e8          	mov    rcx,QWORD PTR [rbp-0x18]
  40913e:	48 8d 45 df          	lea    rax,[rbp-0x21]
  409142:	48 89 ce             	mov    rsi,rcx
  409145:	48 89 c7             	mov    rdi,rax
  409148:	e8 e7 00 00 00       	call   409234 <_ZNK9__gnu_cxx5__ops15_Iter_less_iterclINS_17__normal_iteratorIPmSt6vectorImSaImEEEES8_EEbT_T0_>
  40914d:	84 c0                	test   al,al
  40914f:	74 15                	je     409166 <_ZSt22__move_median_to_firstIN9__gnu_cxx17__normal_iteratorIPmSt6vectorImSaImEEEENS0_5__ops15_Iter_less_iterEEvT_S9_S9_S9_T0_+0x10e>
  409151:	48 8b 55 e0          	mov    rdx,QWORD PTR [rbp-0x20]
  409155:	48 8b 45 f8          	mov    rax,QWORD PTR [rbp-0x8]
  409159:	48 89 d6             	mov    rsi,rdx
  40915c:	48 89 c7             	mov    rdi,rax
  40915f:	e8 1b d4 ff ff       	call   40657f <_ZSt9iter_swapIN9__gnu_cxx17__normal_iteratorIPmSt6vectorImSaImEEEES6_EvT_T0_>
  409164:	eb 13                	jmp    409179 <_ZSt22__move_median_to_firstIN9__gnu_cxx17__normal_iteratorIPmSt6vectorImSaImEEEENS0_5__ops15_Iter_less_iterEEvT_S9_S9_S9_T0_+0x121>
  409166:	48 8b 55 e8          	mov    rdx,QWORD PTR [rbp-0x18]
  40916a:	48 8b 45 f8          	mov    rax,QWORD PTR [rbp-0x8]
  40916e:	48 89 d6             	mov    rsi,rdx
  409171:	48 89 c7             	mov    rdi,rax
  409174:	e8 06 d4 ff ff       	call   40657f <_ZSt9iter_swapIN9__gnu_cxx17__normal_iteratorIPmSt6vectorImSaImEEEES6_EvT_T0_>
  409179:	90                   	nop
  40917a:	c9                   	leave  
  40917b:	c3                   	ret    

000000000040917c <_ZSt21__unguarded_partitionIN9__gnu_cxx17__normal_iteratorIPmSt6vectorImSaImEEEENS0_5__ops15_Iter_less_iterEET_S9_S9_S9_T0_>:
  40917c:	55                   	push   rbp
  40917d:	48 89 e5             	mov    rbp,rsp
  409180:	48 83 ec 20          	sub    rsp,0x20
  409184:	48 89 7d f8          	mov    QWORD PTR [rbp-0x8],rdi
  409188:	48 89 75 f0          	mov    QWORD PTR [rbp-0x10],rsi
  40918c:	48 89 55 e8          	mov    QWORD PTR [rbp-0x18],rdx
  409190:	eb 0c                	jmp    40919e <_ZSt21__unguarded_partitionIN9__gnu_cxx17__normal_iteratorIPmSt6vectorImSaImEEEENS0_5__ops15_Iter_less_iterEET_S9_S9_S9_T0_+0x22>
  409192:	48 8d 45 f8          	lea    rax,[rbp-0x8]
  409196:	48 89 c7             	mov    rdi,rax
  409199:	e8 b4 ca ff ff       	call   405c52 <_ZN9__gnu_cxx17__normal_iteratorIPmSt6vectorImSaImEEEppEv>
  40919e:	48 8b 55 e8          	mov    rdx,QWORD PTR [rbp-0x18]
  4091a2:	48 8b 4d f8          	mov    rcx,QWORD PTR [rbp-0x8]
  4091a6:	48 8d 45 e7          	lea    rax,[rbp-0x19]
  4091aa:	48 89 ce             	mov    rsi,rcx
  4091ad:	48 89 c7             	mov    rdi,rax
  4091b0:	e8 7f 00 00 00       	call   409234 <_ZNK9__gnu_cxx5__ops15_Iter_less_iterclINS_17__normal_iteratorIPmSt6vectorImSaImEEEES8_EEbT_T0_>
  4091b5:	84 c0                	test   al,al
  4091b7:	75 d9                	jne    409192 <_ZSt21__unguarded_partitionIN9__gnu_cxx17__normal_iteratorIPmSt6vectorImSaImEEEENS0_5__ops15_Iter_less_iterEET_S9_S9_S9_T0_+0x16>
  4091b9:	48 8d 45 f0          	lea    rax,[rbp-0x10]
  4091bd:	48 89 c7             	mov    rdi,rax
  4091c0:	e8 23 05 00 00       	call   4096e8 <_ZN9__gnu_cxx17__normal_iteratorIPmSt6vectorImSaImEEEmmEv>
  4091c5:	eb 0c                	jmp    4091d3 <_ZSt21__unguarded_partitionIN9__gnu_cxx17__normal_iteratorIPmSt6vectorImSaImEEEENS0_5__ops15_Iter_less_iterEET_S9_S9_S9_T0_+0x57>
  4091c7:	48 8d 45 f0          	lea    rax,[rbp-0x10]
  4091cb:	48 89 c7             	mov    rdi,rax
  4091ce:	e8 15 05 00 00       	call   4096e8 <_ZN9__gnu_cxx17__normal_iteratorIPmSt6vectorImSaImEEEmmEv>
  4091d3:	48 8b 55 f0          	mov    rdx,QWORD PTR [rbp-0x10]
  4091d7:	48 8b 4d e8          	mov    rcx,QWORD PTR [rbp-0x18]
  4091db:	48 8d 45 e7          	lea    rax,[rbp-0x19]
  4091df:	48 89 ce             	mov    rsi,rcx
  4091e2:	48 89 c7             	mov    rdi,rax
  4091e5:	e8 4a 00 00 00       	call   409234 <_ZNK9__gnu_cxx5__ops15_Iter_less_iterclINS_17__normal_iteratorIPmSt6vectorImSaImEEEES8_EEbT_T0_>
  4091ea:	84 c0                	test   al,al
  4091ec:	75 d9                	jne    4091c7 <_ZSt21__unguarded_partitionIN9__gnu_cxx17__normal_iteratorIPmSt6vectorImSaImEEEENS0_5__ops15_Iter_less_iterEET_S9_S9_S9_T0_+0x4b>
  4091ee:	48 8d 55 f0          	lea    rdx,[rbp-0x10]
  4091f2:	48 8d 45 f8          	lea    rax,[rbp-0x8]
  4091f6:	48 89 d6             	mov    rsi,rdx
  4091f9:	48 89 c7             	mov    rdi,rax
  4091fc:	e8 0e 04 00 00       	call   40960f <_ZN9__gnu_cxxltIPmSt6vectorImSaImEEEEbRKNS_17__normal_iteratorIT_T0_EESA_>
  409201:	83 f0 01             	xor    eax,0x1
  409204:	84 c0                	test   al,al
  409206:	74 06                	je     40920e <_ZSt21__unguarded_partitionIN9__gnu_cxx17__normal_iteratorIPmSt6vectorImSaImEEEENS0_5__ops15_Iter_less_iterEET_S9_S9_S9_T0_+0x92>
  409208:	48 8b 45 f8          	mov    rax,QWORD PTR [rbp-0x8]
  40920c:	eb 24                	jmp    409232 <_ZSt21__unguarded_partitionIN9__gnu_cxx17__normal_iteratorIPmSt6vectorImSaImEEEENS0_5__ops15_Iter_less_iterEET_S9_S9_S9_T0_+0xb6>
  40920e:	48 8b 55 f0          	mov    rdx,QWORD PTR [rbp-0x10]
  409212:	48 8b 45 f8          	mov    rax,QWORD PTR [rbp-0x8]
  409216:	48 89 d6             	mov    rsi,rdx
  409219:	48 89 c7             	mov    rdi,rax
  40921c:	e8 5e d3 ff ff       	call   40657f <_ZSt9iter_swapIN9__gnu_cxx17__normal_iteratorIPmSt6vectorImSaImEEEES6_EvT_T0_>
  409221:	48 8d 45 f8          	lea    rax,[rbp-0x8]
  409225:	48 89 c7             	mov    rdi,rax
  409228:	e8 25 ca ff ff       	call   405c52 <_ZN9__gnu_cxx17__normal_iteratorIPmSt6vectorImSaImEEEppEv>
  40922d:	e9 6c ff ff ff       	jmp    40919e <_ZSt21__unguarded_partitionIN9__gnu_cxx17__normal_iteratorIPmSt6vectorImSaImEEEENS0_5__ops15_Iter_less_iterEET_S9_S9_S9_T0_+0x22>
  409232:	c9                   	leave  
  409233:	c3                   	ret    

0000000000409234 <_ZNK9__gnu_cxx5__ops15_Iter_less_iterclINS_17__normal_iteratorIPmSt6vectorImSaImEEEES8_EEbT_T0_>:
  409234:	55                   	push   rbp
  409235:	48 89 e5             	mov    rbp,rsp
  409238:	53                   	push   rbx
  409239:	48 83 ec 28          	sub    rsp,0x28
  40923d:	48 89 7d e8          	mov    QWORD PTR [rbp-0x18],rdi
  409241:	48 89 75 e0          	mov    QWORD PTR [rbp-0x20],rsi
  409245:	48 89 55 d8          	mov    QWORD PTR [rbp-0x28],rdx
  409249:	48 8d 45 e0          	lea    rax,[rbp-0x20]
  40924d:	48 89 c7             	mov    rdi,rax
  409250:	e8 1d ca ff ff       	call   405c72 <_ZNK9__gnu_cxx17__normal_iteratorIPmSt6vectorImSaImEEEdeEv>
  409255:	48 8b 18             	mov    rbx,QWORD PTR [rax]
  409258:	48 8d 45 d8          	lea    rax,[rbp-0x28]
  40925c:	48 89 c7             	mov    rdi,rax
  40925f:	e8 0e ca ff ff       	call   405c72 <_ZNK9__gnu_cxx17__normal_iteratorIPmSt6vectorImSaImEEEdeEv>
  409264:	48 8b 00             	mov    rax,QWORD PTR [rax]
  409267:	48 39 c3             	cmp    rbx,rax
  40926a:	0f 92 c0             	setb   al
  40926d:	48 8b 5d f8          	mov    rbx,QWORD PTR [rbp-0x8]
  409271:	c9                   	leave  
  409272:	c3                   	ret    

0000000000409273 <_ZSt13move_backwardIN9__gnu_cxx17__normal_iteratorIPmSt6vectorImSaImEEEES6_ET0_T_S8_S7_>:
  409273:	55                   	push   rbp
  409274:	48 89 e5             	mov    rbp,rsp
  409277:	53                   	push   rbx
  409278:	48 83 ec 28          	sub    rsp,0x28
  40927c:	48 89 7d e8          	mov    QWORD PTR [rbp-0x18],rdi
  409280:	48 89 75 e0          	mov    QWORD PTR [rbp-0x20],rsi
  409284:	48 89 55 d8          	mov    QWORD PTR [rbp-0x28],rdx
  409288:	48 8b 45 e0          	mov    rax,QWORD PTR [rbp-0x20]
  40928c:	48 89 c7             	mov    rdi,rax
  40928f:	e8 74 04 00 00       	call   409708 <_ZSt12__miter_baseIN9__gnu_cxx17__normal_iteratorIPmSt6vectorImSaImEEEEET_S7_>
  409294:	48 89 c3             	mov    rbx,rax
  409297:	48 8b 45 e8          	mov    rax,QWORD PTR [rbp-0x18]
  40929b:	48 89 c7             	mov    rdi,rax
  40929e:	e8 65 04 00 00       	call   409708 <_ZSt12__miter_baseIN9__gnu_cxx17__normal_iteratorIPmSt6vectorImSaImEEEEET_S7_>
  4092a3:	48 89 c1             	mov    rcx,rax
  4092a6:	48 8b 45 d8          	mov    rax,QWORD PTR [rbp-0x28]
  4092aa:	48 89 c2             	mov    rdx,rax
  4092ad:	48 89 de             	mov    rsi,rbx
  4092b0:	48 89 cf             	mov    rdi,rcx
  4092b3:	e8 5e 04 00 00       	call   409716 <_ZSt22__copy_move_backward_aILb1EN9__gnu_cxx17__normal_iteratorIPmSt6vectorImSaImEEEES6_ET1_T0_S8_S7_>
  4092b8:	48 8b 5d f8          	mov    rbx,QWORD PTR [rbp-0x8]
  4092bc:	c9                   	leave  
  4092bd:	c3                   	ret    

00000000004092be <_ZSt25__unguarded_linear_insertIN9__gnu_cxx17__normal_iteratorIPmSt6vectorImSaImEEEENS0_5__ops14_Val_less_iterEEvT_T0_>:
  4092be:	55                   	push   rbp
  4092bf:	48 89 e5             	mov    rbp,rsp
  4092c2:	53                   	push   rbx
  4092c3:	48 83 ec 28          	sub    rsp,0x28
  4092c7:	48 89 7d d8          	mov    QWORD PTR [rbp-0x28],rdi
  4092cb:	48 8d 45 d8          	lea    rax,[rbp-0x28]
  4092cf:	48 89 c7             	mov    rdi,rax
  4092d2:	e8 9b c9 ff ff       	call   405c72 <_ZNK9__gnu_cxx17__normal_iteratorIPmSt6vectorImSaImEEEdeEv>
  4092d7:	48 89 c7             	mov    rdi,rax
  4092da:	e8 0b ce ff ff       	call   4060ea <_ZSt4moveIRmEONSt16remove_referenceIT_E4typeEOS2_>
  4092df:	48 8b 00             	mov    rax,QWORD PTR [rax]
  4092e2:	48 89 45 e8          	mov    QWORD PTR [rbp-0x18],rax
  4092e6:	48 8b 45 d8          	mov    rax,QWORD PTR [rbp-0x28]
  4092ea:	48 89 45 e0          	mov    QWORD PTR [rbp-0x20],rax
  4092ee:	48 8d 45 e0          	lea    rax,[rbp-0x20]
  4092f2:	48 89 c7             	mov    rdi,rax
  4092f5:	e8 ee 03 00 00       	call   4096e8 <_ZN9__gnu_cxx17__normal_iteratorIPmSt6vectorImSaImEEEmmEv>
  4092fa:	eb 3d                	jmp    409339 <_ZSt25__unguarded_linear_insertIN9__gnu_cxx17__normal_iteratorIPmSt6vectorImSaImEEEENS0_5__ops14_Val_less_iterEEvT_T0_+0x7b>
  4092fc:	48 8d 45 e0          	lea    rax,[rbp-0x20]
  409300:	48 89 c7             	mov    rdi,rax
  409303:	e8 6a c9 ff ff       	call   405c72 <_ZNK9__gnu_cxx17__normal_iteratorIPmSt6vectorImSaImEEEdeEv>
  409308:	48 89 c7             	mov    rdi,rax
  40930b:	e8 da cd ff ff       	call   4060ea <_ZSt4moveIRmEONSt16remove_referenceIT_E4typeEOS2_>
  409310:	48 89 c3             	mov    rbx,rax
  409313:	48 8d 45 d8          	lea    rax,[rbp-0x28]
  409317:	48 89 c7             	mov    rdi,rax
  40931a:	e8 53 c9 ff ff       	call   405c72 <_ZNK9__gnu_cxx17__normal_iteratorIPmSt6vectorImSaImEEEdeEv>
  40931f:	48 8b 13             	mov    rdx,QWORD PTR [rbx]
  409322:	48 89 10             	mov    QWORD PTR [rax],rdx
  409325:	48 8b 45 e0          	mov    rax,QWORD PTR [rbp-0x20]
  409329:	48 89 45 d8          	mov    QWORD PTR [rbp-0x28],rax
  40932d:	48 8d 45 e0          	lea    rax,[rbp-0x20]
  409331:	48 89 c7             	mov    rdi,rax
  409334:	e8 af 03 00 00       	call   4096e8 <_ZN9__gnu_cxx17__normal_iteratorIPmSt6vectorImSaImEEEmmEv>
  409339:	48 8b 55 e0          	mov    rdx,QWORD PTR [rbp-0x20]
  40933d:	48 8d 4d e8          	lea    rcx,[rbp-0x18]
  409341:	48 8d 45 d7          	lea    rax,[rbp-0x29]
  409345:	48 89 ce             	mov    rsi,rcx
  409348:	48 89 c7             	mov    rdi,rax
  40934b:	e8 30 04 00 00       	call   409780 <_ZNK9__gnu_cxx5__ops14_Val_less_iterclImNS_17__normal_iteratorIPmSt6vectorImSaImEEEEEEbRT_T0_>
  409350:	84 c0                	test   al,al
  409352:	75 a8                	jne    4092fc <_ZSt25__unguarded_linear_insertIN9__gnu_cxx17__normal_iteratorIPmSt6vectorImSaImEEEENS0_5__ops14_Val_less_iterEEvT_T0_+0x3e>
  409354:	48 8d 45 e8          	lea    rax,[rbp-0x18]
  409358:	48 89 c7             	mov    rdi,rax
  40935b:	e8 8a cd ff ff       	call   4060ea <_ZSt4moveIRmEONSt16remove_referenceIT_E4typeEOS2_>
  409360:	48 89 c3             	mov    rbx,rax
  409363:	48 8d 45 d8          	lea    rax,[rbp-0x28]
  409367:	48 89 c7             	mov    rdi,rax
  40936a:	e8 03 c9 ff ff       	call   405c72 <_ZNK9__gnu_cxx17__normal_iteratorIPmSt6vectorImSaImEEEdeEv>
  40936f:	48 8b 13             	mov    rdx,QWORD PTR [rbx]
  409372:	48 89 10             	mov    QWORD PTR [rax],rdx
  409375:	90                   	nop
  409376:	48 8b 5d f8          	mov    rbx,QWORD PTR [rbp-0x8]
  40937a:	c9                   	leave  
  40937b:	c3                   	ret    

000000000040937c <_ZNSt20__uninitialized_copyILb1EE13__uninit_copyIN9__gnu_cxx17__normal_iteratorIPKmSt6vectorImSaImEEEEPmEET0_T_SC_SB_>:
  40937c:	55                   	push   rbp
  40937d:	48 89 e5             	mov    rbp,rsp
  409380:	48 83 ec 20          	sub    rsp,0x20
  409384:	48 89 7d f8          	mov    QWORD PTR [rbp-0x8],rdi
  409388:	48 89 75 f0          	mov    QWORD PTR [rbp-0x10],rsi
  40938c:	48 89 55 e8          	mov    QWORD PTR [rbp-0x18],rdx
  409390:	48 8b 55 e8          	mov    rdx,QWORD PTR [rbp-0x18]
  409394:	48 8b 4d f0          	mov    rcx,QWORD PTR [rbp-0x10]
  409398:	48 8b 45 f8          	mov    rax,QWORD PTR [rbp-0x8]
  40939c:	48 89 ce             	mov    rsi,rcx
  40939f:	48 89 c7             	mov    rdi,rax
  4093a2:	e8 10 04 00 00       	call   4097b7 <_ZSt4copyIN9__gnu_cxx17__normal_iteratorIPKmSt6vectorImSaImEEEEPmET0_T_SA_S9_>
  4093a7:	c9                   	leave  
  4093a8:	c3                   	ret    

00000000004093a9 <_ZSt14__copy_move_a2ILb0EPKmPmET1_T0_S4_S3_>:
  4093a9:	55                   	push   rbp
  4093aa:	48 89 e5             	mov    rbp,rsp
  4093ad:	48 83 ec 20          	sub    rsp,0x20
  4093b1:	48 89 7d f8          	mov    QWORD PTR [rbp-0x8],rdi
  4093b5:	48 89 75 f0          	mov    QWORD PTR [rbp-0x10],rsi
  4093b9:	48 89 55 e8          	mov    QWORD PTR [rbp-0x18],rdx
  4093bd:	48 8b 55 e8          	mov    rdx,QWORD PTR [rbp-0x18]
  4093c1:	48 8b 4d f0          	mov    rcx,QWORD PTR [rbp-0x10]
  4093c5:	48 8b 45 f8          	mov    rax,QWORD PTR [rbp-0x8]
  4093c9:	48 89 ce             	mov    rsi,rcx
  4093cc:	48 89 c7             	mov    rdi,rax
  4093cf:	e8 2e 04 00 00       	call   409802 <_ZNSt11__copy_moveILb0ELb1ESt26random_access_iterator_tagE8__copy_mImEEPT_PKS3_S6_S4_>
  4093d4:	c9                   	leave  
  4093d5:	c3                   	ret    

00000000004093d6 <_ZSt14__copy_move_a2ILb0EPmS0_ET1_T0_S2_S1_>:
  4093d6:	55                   	push   rbp
  4093d7:	48 89 e5             	mov    rbp,rsp
  4093da:	48 83 ec 20          	sub    rsp,0x20
  4093de:	48 89 7d f8          	mov    QWORD PTR [rbp-0x8],rdi
  4093e2:	48 89 75 f0          	mov    QWORD PTR [rbp-0x10],rsi
  4093e6:	48 89 55 e8          	mov    QWORD PTR [rbp-0x18],rdx
  4093ea:	48 8b 55 e8          	mov    rdx,QWORD PTR [rbp-0x18]
  4093ee:	48 8b 4d f0          	mov    rcx,QWORD PTR [rbp-0x10]
  4093f2:	48 8b 45 f8          	mov    rax,QWORD PTR [rbp-0x8]
  4093f6:	48 89 ce             	mov    rsi,rcx
  4093f9:	48 89 c7             	mov    rdi,rax
  4093fc:	e8 01 04 00 00       	call   409802 <_ZNSt11__copy_moveILb0ELb1ESt26random_access_iterator_tagE8__copy_mImEEPT_PKS3_S6_S4_>
  409401:	c9                   	leave  
  409402:	c3                   	ret    
  409403:	90                   	nop

0000000000409404 <_ZNK9__gnu_cxx13new_allocatorImE11_M_max_sizeEv>:
  409404:	55                   	push   rbp
  409405:	48 89 e5             	mov    rbp,rsp
  409408:	48 89 7d f8          	mov    QWORD PTR [rbp-0x8],rdi
  40940c:	48 b8 ff ff ff ff ff 	movabs rax,0xfffffffffffffff
  409413:	ff ff 0f 
  409416:	5d                   	pop    rbp
  409417:	c3                   	ret    

0000000000409418 <_ZSt10_ConstructImJEEvPT_DpOT0_>:
  409418:	55                   	push   rbp
  409419:	48 89 e5             	mov    rbp,rsp
  40941c:	48 83 ec 10          	sub    rsp,0x10
  409420:	48 89 7d f8          	mov    QWORD PTR [rbp-0x8],rdi
  409424:	48 8b 45 f8          	mov    rax,QWORD PTR [rbp-0x8]
  409428:	48 89 c6             	mov    rsi,rax
  40942b:	bf 08 00 00 00       	mov    edi,0x8
  409430:	e8 34 be ff ff       	call   405269 <_ZnwmPv>
  409435:	48 c7 00 00 00 00 00 	mov    QWORD PTR [rax],0x0
  40943c:	90                   	nop
  40943d:	c9                   	leave  
  40943e:	c3                   	ret    

000000000040943f <_ZSt6fill_nIPmmmET_S1_T0_RKT1_>:
  40943f:	55                   	push   rbp
  409440:	48 89 e5             	mov    rbp,rsp
  409443:	48 83 ec 20          	sub    rsp,0x20
  409447:	48 89 7d f8          	mov    QWORD PTR [rbp-0x8],rdi
  40944b:	48 89 75 f0          	mov    QWORD PTR [rbp-0x10],rsi
  40944f:	48 89 55 e8          	mov    QWORD PTR [rbp-0x18],rdx
  409453:	48 8d 45 f8          	lea    rax,[rbp-0x8]
  409457:	48 89 c7             	mov    rdi,rax
  40945a:	e8 02 04 00 00       	call   409861 <_ZSt19__iterator_categoryIPmENSt15iterator_traitsIT_E17iterator_categoryERKS2_>
  40945f:	48 8b 45 f0          	mov    rax,QWORD PTR [rbp-0x10]
  409463:	48 89 c7             	mov    rdi,rax
  409466:	e8 29 be ff ff       	call   405294 <_ZSt17__size_to_integerm>
  40946b:	48 89 c1             	mov    rcx,rax
  40946e:	48 8b 45 f8          	mov    rax,QWORD PTR [rbp-0x8]
  409472:	48 8b 55 e8          	mov    rdx,QWORD PTR [rbp-0x18]
  409476:	48 89 ce             	mov    rsi,rcx
  409479:	48 89 c7             	mov    rdi,rax
  40947c:	e8 eb 03 00 00       	call   40986c <_ZSt10__fill_n_aIPmmmET_S1_T0_RKT1_St26random_access_iterator_tag>
  409481:	c9                   	leave  
  409482:	c3                   	ret    

0000000000409483 <_ZNSt20__uninitialized_copyILb1EE13__uninit_copyISt13move_iteratorIPmES3_EET0_T_S6_S5_>:
  409483:	55                   	push   rbp
  409484:	48 89 e5             	mov    rbp,rsp
  409487:	48 83 ec 20          	sub    rsp,0x20
  40948b:	48 89 7d f8          	mov    QWORD PTR [rbp-0x8],rdi
  40948f:	48 89 75 f0          	mov    QWORD PTR [rbp-0x10],rsi
  409493:	48 89 55 e8          	mov    QWORD PTR [rbp-0x18],rdx
  409497:	48 8b 55 e8          	mov    rdx,QWORD PTR [rbp-0x18]
  40949b:	48 8b 4d f0          	mov    rcx,QWORD PTR [rbp-0x10]
  40949f:	48 8b 45 f8          	mov    rax,QWORD PTR [rbp-0x8]
  4094a3:	48 89 ce             	mov    rsi,rcx
  4094a6:	48 89 c7             	mov    rdi,rax
  4094a9:	e8 1b 04 00 00       	call   4098c9 <_ZSt4copyISt13move_iteratorIPmES1_ET0_T_S4_S3_>
  4094ae:	c9                   	leave  
  4094af:	c3                   	ret    

00000000004094b0 <_ZSt23__copy_move_backward_a2ILb1EPmS0_ET1_T0_S2_S1_>:
  4094b0:	55                   	push   rbp
  4094b1:	48 89 e5             	mov    rbp,rsp
  4094b4:	48 83 ec 20          	sub    rsp,0x20
  4094b8:	48 89 7d f8          	mov    QWORD PTR [rbp-0x8],rdi
  4094bc:	48 89 75 f0          	mov    QWORD PTR [rbp-0x10],rsi
  4094c0:	48 89 55 e8          	mov    QWORD PTR [rbp-0x18],rdx
  4094c4:	48 8b 55 e8          	mov    rdx,QWORD PTR [rbp-0x18]
  4094c8:	48 8b 4d f0          	mov    rcx,QWORD PTR [rbp-0x10]
  4094cc:	48 8b 45 f8          	mov    rax,QWORD PTR [rbp-0x8]
  4094d0:	48 89 ce             	mov    rsi,rcx
  4094d3:	48 89 c7             	mov    rdi,rax
  4094d6:	e8 39 04 00 00       	call   409914 <_ZNSt20__copy_move_backwardILb1ELb1ESt26random_access_iterator_tagE13__copy_move_bImEEPT_PKS3_S6_S4_>
  4094db:	c9                   	leave  
  4094dc:	c3                   	ret    

00000000004094dd <_ZSt14__relocate_a_1ImmENSt9enable_ifIXsrSt24__is_bitwise_relocatableIT_vE5valueEPS2_E4typeES4_S4_S4_RSaIT0_E>:
  4094dd:	55                   	push   rbp
  4094de:	48 89 e5             	mov    rbp,rsp
  4094e1:	48 83 ec 30          	sub    rsp,0x30
  4094e5:	48 89 7d e8          	mov    QWORD PTR [rbp-0x18],rdi
  4094e9:	48 89 75 e0          	mov    QWORD PTR [rbp-0x20],rsi
  4094ed:	48 89 55 d8          	mov    QWORD PTR [rbp-0x28],rdx
  4094f1:	48 89 4d d0          	mov    QWORD PTR [rbp-0x30],rcx
  4094f5:	48 8b 45 e0          	mov    rax,QWORD PTR [rbp-0x20]
  4094f9:	48 2b 45 e8          	sub    rax,QWORD PTR [rbp-0x18]
  4094fd:	48 c1 f8 03          	sar    rax,0x3
  409501:	48 89 45 f8          	mov    QWORD PTR [rbp-0x8],rax
  409505:	48 83 7d f8 00       	cmp    QWORD PTR [rbp-0x8],0x0
  40950a:	7e 1f                	jle    40952b <_ZSt14__relocate_a_1ImmENSt9enable_ifIXsrSt24__is_bitwise_relocatableIT_vE5valueEPS2_E4typeES4_S4_S4_RSaIT0_E+0x4e>
  40950c:	48 8b 45 f8          	mov    rax,QWORD PTR [rbp-0x8]
  409510:	48 8d 14 c5 00 00 00 	lea    rdx,[rax*8+0x0]
  409517:	00 
  409518:	48 8b 4d e8          	mov    rcx,QWORD PTR [rbp-0x18]
  40951c:	48 8b 45 d8          	mov    rax,QWORD PTR [rbp-0x28]
  409520:	48 89 ce             	mov    rsi,rcx
  409523:	48 89 c7             	mov    rdi,rax
  409526:	e8 05 8e ff ff       	call   402330 <memmove@plt>
  40952b:	48 8b 45 f8          	mov    rax,QWORD PTR [rbp-0x8]
  40952f:	48 8d 14 c5 00 00 00 	lea    rdx,[rax*8+0x0]
  409536:	00 
  409537:	48 8b 45 d8          	mov    rax,QWORD PTR [rbp-0x28]
  40953b:	48 01 d0             	add    rax,rdx
  40953e:	c9                   	leave  
  40953f:	c3                   	ret    

0000000000409540 <_ZSt11__make_heapIN9__gnu_cxx17__normal_iteratorIPmSt6vectorImSaImEEEENS0_5__ops15_Iter_less_iterEEvT_S9_RT0_>:
  409540:	55                   	push   rbp
  409541:	48 89 e5             	mov    rbp,rsp
  409544:	48 83 ec 40          	sub    rsp,0x40
  409548:	48 89 7d d8          	mov    QWORD PTR [rbp-0x28],rdi
  40954c:	48 89 75 d0          	mov    QWORD PTR [rbp-0x30],rsi
  409550:	48 89 55 c8          	mov    QWORD PTR [rbp-0x38],rdx
  409554:	48 8d 55 d8          	lea    rdx,[rbp-0x28]
  409558:	48 8d 45 d0          	lea    rax,[rbp-0x30]
  40955c:	48 89 d6             	mov    rsi,rdx
  40955f:	48 89 c7             	mov    rdi,rax
  409562:	e8 03 cf ff ff       	call   40646a <_ZN9__gnu_cxxmiIPmSt6vectorImSaImEEEENS_17__normal_iteratorIT_T0_E15difference_typeERKS8_SB_>
  409567:	48 83 f8 01          	cmp    rax,0x1
  40956b:	0f 9e c0             	setle  al
  40956e:	84 c0                	test   al,al
  409570:	0f 85 93 00 00 00    	jne    409609 <_ZSt11__make_heapIN9__gnu_cxx17__normal_iteratorIPmSt6vectorImSaImEEEENS0_5__ops15_Iter_less_iterEEvT_S9_RT0_+0xc9>
  409576:	48 8d 55 d8          	lea    rdx,[rbp-0x28]
  40957a:	48 8d 45 d0          	lea    rax,[rbp-0x30]
  40957e:	48 89 d6             	mov    rsi,rdx
  409581:	48 89 c7             	mov    rdi,rax
  409584:	e8 e1 ce ff ff       	call   40646a <_ZN9__gnu_cxxmiIPmSt6vectorImSaImEEEENS_17__normal_iteratorIT_T0_E15difference_typeERKS8_SB_>
  409589:	48 89 45 f0          	mov    QWORD PTR [rbp-0x10],rax
  40958d:	48 8b 45 f0          	mov    rax,QWORD PTR [rbp-0x10]
  409591:	48 83 e8 02          	sub    rax,0x2
  409595:	48 89 c2             	mov    rdx,rax
  409598:	48 c1 ea 3f          	shr    rdx,0x3f
  40959c:	48 01 d0             	add    rax,rdx
  40959f:	48 d1 f8             	sar    rax,1
  4095a2:	48 89 45 f8          	mov    QWORD PTR [rbp-0x8],rax
  4095a6:	48 8b 55 f8          	mov    rdx,QWORD PTR [rbp-0x8]
  4095aa:	48 8d 45 d8          	lea    rax,[rbp-0x28]
  4095ae:	48 89 d6             	mov    rsi,rdx
  4095b1:	48 89 c7             	mov    rdi,rax
  4095b4:	e8 f1 ce ff ff       	call   4064aa <_ZNK9__gnu_cxx17__normal_iteratorIPmSt6vectorImSaImEEEplEl>
  4095b9:	48 89 45 e8          	mov    QWORD PTR [rbp-0x18],rax
  4095bd:	48 8d 45 e8          	lea    rax,[rbp-0x18]
  4095c1:	48 89 c7             	mov    rdi,rax
  4095c4:	e8 a9 c6 ff ff       	call   405c72 <_ZNK9__gnu_cxx17__normal_iteratorIPmSt6vectorImSaImEEEdeEv>
  4095c9:	48 89 c7             	mov    rdi,rax
  4095cc:	e8 19 cb ff ff       	call   4060ea <_ZSt4moveIRmEONSt16remove_referenceIT_E4typeEOS2_>
  4095d1:	48 8b 00             	mov    rax,QWORD PTR [rax]
  4095d4:	48 89 45 e0          	mov    QWORD PTR [rbp-0x20],rax
  4095d8:	48 8d 45 e0          	lea    rax,[rbp-0x20]
  4095dc:	48 89 c7             	mov    rdi,rax
  4095df:	e8 06 cb ff ff       	call   4060ea <_ZSt4moveIRmEONSt16remove_referenceIT_E4typeEOS2_>
  4095e4:	48 8b 08             	mov    rcx,QWORD PTR [rax]
  4095e7:	48 8b 55 f0          	mov    rdx,QWORD PTR [rbp-0x10]
  4095eb:	48 8b 75 f8          	mov    rsi,QWORD PTR [rbp-0x8]
  4095ef:	48 8b 45 d8          	mov    rax,QWORD PTR [rbp-0x28]
  4095f3:	48 89 c7             	mov    rdi,rax
  4095f6:	e8 8b 03 00 00       	call   409986 <_ZSt13__adjust_heapIN9__gnu_cxx17__normal_iteratorIPmSt6vectorImSaImEEEElmNS0_5__ops15_Iter_less_iterEEvT_T0_SA_T1_T2_>
  4095fb:	48 83 7d f8 00       	cmp    QWORD PTR [rbp-0x8],0x0
  409600:	74 0a                	je     40960c <_ZSt11__make_heapIN9__gnu_cxx17__normal_iteratorIPmSt6vectorImSaImEEEENS0_5__ops15_Iter_less_iterEEvT_S9_RT0_+0xcc>
  409602:	48 83 6d f8 01       	sub    QWORD PTR [rbp-0x8],0x1
  409607:	eb 9d                	jmp    4095a6 <_ZSt11__make_heapIN9__gnu_cxx17__normal_iteratorIPmSt6vectorImSaImEEEENS0_5__ops15_Iter_less_iterEEvT_S9_RT0_+0x66>
  409609:	90                   	nop
  40960a:	eb 01                	jmp    40960d <_ZSt11__make_heapIN9__gnu_cxx17__normal_iteratorIPmSt6vectorImSaImEEEENS0_5__ops15_Iter_less_iterEEvT_S9_RT0_+0xcd>
  40960c:	90                   	nop
  40960d:	c9                   	leave  
  40960e:	c3                   	ret    

000000000040960f <_ZN9__gnu_cxxltIPmSt6vectorImSaImEEEEbRKNS_17__normal_iteratorIT_T0_EESA_>:
  40960f:	55                   	push   rbp
  409610:	48 89 e5             	mov    rbp,rsp
  409613:	53                   	push   rbx
  409614:	48 83 ec 18          	sub    rsp,0x18
  409618:	48 89 7d e8          	mov    QWORD PTR [rbp-0x18],rdi
  40961c:	48 89 75 e0          	mov    QWORD PTR [rbp-0x20],rsi
  409620:	48 8b 45 e8          	mov    rax,QWORD PTR [rbp-0x18]
  409624:	48 89 c7             	mov    rdi,rax
  409627:	e8 8c da ff ff       	call   4070b8 <_ZNK9__gnu_cxx17__normal_iteratorIPmSt6vectorImSaImEEE4baseEv>
  40962c:	48 8b 18             	mov    rbx,QWORD PTR [rax]
  40962f:	48 8b 45 e0          	mov    rax,QWORD PTR [rbp-0x20]
  409633:	48 89 c7             	mov    rdi,rax
  409636:	e8 7d da ff ff       	call   4070b8 <_ZNK9__gnu_cxx17__normal_iteratorIPmSt6vectorImSaImEEE4baseEv>
  40963b:	48 8b 00             	mov    rax,QWORD PTR [rax]
  40963e:	48 39 c3             	cmp    rbx,rax
  409641:	0f 92 c0             	setb   al
  409644:	48 8b 5d f8          	mov    rbx,QWORD PTR [rbp-0x8]
  409648:	c9                   	leave  
  409649:	c3                   	ret    

000000000040964a <_ZSt10__pop_heapIN9__gnu_cxx17__normal_iteratorIPmSt6vectorImSaImEEEENS0_5__ops15_Iter_less_iterEEvT_S9_S9_RT0_>:
  40964a:	55                   	push   rbp
  40964b:	48 89 e5             	mov    rbp,rsp
  40964e:	53                   	push   rbx
  40964f:	48 83 ec 38          	sub    rsp,0x38
  409653:	48 89 7d d8          	mov    QWORD PTR [rbp-0x28],rdi
  409657:	48 89 75 d0          	mov    QWORD PTR [rbp-0x30],rsi
  40965b:	48 89 55 c8          	mov    QWORD PTR [rbp-0x38],rdx
  40965f:	48 89 4d c0          	mov    QWORD PTR [rbp-0x40],rcx
  409663:	48 8d 45 c8          	lea    rax,[rbp-0x38]
  409667:	48 89 c7             	mov    rdi,rax
  40966a:	e8 03 c6 ff ff       	call   405c72 <_ZNK9__gnu_cxx17__normal_iteratorIPmSt6vectorImSaImEEEdeEv>
  40966f:	48 89 c7             	mov    rdi,rax
  409672:	e8 73 ca ff ff       	call   4060ea <_ZSt4moveIRmEONSt16remove_referenceIT_E4typeEOS2_>
  409677:	48 8b 00             	mov    rax,QWORD PTR [rax]
  40967a:	48 89 45 e8          	mov    QWORD PTR [rbp-0x18],rax
  40967e:	48 8d 45 d8          	lea    rax,[rbp-0x28]
  409682:	48 89 c7             	mov    rdi,rax
  409685:	e8 e8 c5 ff ff       	call   405c72 <_ZNK9__gnu_cxx17__normal_iteratorIPmSt6vectorImSaImEEEdeEv>
  40968a:	48 89 c7             	mov    rdi,rax
  40968d:	e8 58 ca ff ff       	call   4060ea <_ZSt4moveIRmEONSt16remove_referenceIT_E4typeEOS2_>
  409692:	48 89 c3             	mov    rbx,rax
  409695:	48 8d 45 c8          	lea    rax,[rbp-0x38]
  409699:	48 89 c7             	mov    rdi,rax
  40969c:	e8 d1 c5 ff ff       	call   405c72 <_ZNK9__gnu_cxx17__normal_iteratorIPmSt6vectorImSaImEEEdeEv>
  4096a1:	48 8b 13             	mov    rdx,QWORD PTR [rbx]
  4096a4:	48 89 10             	mov    QWORD PTR [rax],rdx
  4096a7:	48 8d 45 e8          	lea    rax,[rbp-0x18]
  4096ab:	48 89 c7             	mov    rdi,rax
  4096ae:	e8 37 ca ff ff       	call   4060ea <_ZSt4moveIRmEONSt16remove_referenceIT_E4typeEOS2_>
  4096b3:	48 8b 18             	mov    rbx,QWORD PTR [rax]
  4096b6:	48 8d 55 d8          	lea    rdx,[rbp-0x28]
  4096ba:	48 8d 45 d0          	lea    rax,[rbp-0x30]
  4096be:	48 89 d6             	mov    rsi,rdx
  4096c1:	48 89 c7             	mov    rdi,rax
  4096c4:	e8 a1 cd ff ff       	call   40646a <_ZN9__gnu_cxxmiIPmSt6vectorImSaImEEEENS_17__normal_iteratorIT_T0_E15difference_typeERKS8_SB_>
  4096c9:	48 89 c2             	mov    rdx,rax
  4096cc:	48 8b 45 d8          	mov    rax,QWORD PTR [rbp-0x28]
  4096d0:	48 89 d9             	mov    rcx,rbx
  4096d3:	be 00 00 00 00       	mov    esi,0x0
  4096d8:	48 89 c7             	mov    rdi,rax
  4096db:	e8 a6 02 00 00       	call   409986 <_ZSt13__adjust_heapIN9__gnu_cxx17__normal_iteratorIPmSt6vectorImSaImEEEElmNS0_5__ops15_Iter_less_iterEEvT_T0_SA_T1_T2_>
  4096e0:	90                   	nop
  4096e1:	48 8b 5d f8          	mov    rbx,QWORD PTR [rbp-0x8]
  4096e5:	c9                   	leave  
  4096e6:	c3                   	ret    
  4096e7:	90                   	nop

00000000004096e8 <_ZN9__gnu_cxx17__normal_iteratorIPmSt6vectorImSaImEEEmmEv>:
  4096e8:	55                   	push   rbp
  4096e9:	48 89 e5             	mov    rbp,rsp
  4096ec:	48 89 7d f8          	mov    QWORD PTR [rbp-0x8],rdi
  4096f0:	48 8b 45 f8          	mov    rax,QWORD PTR [rbp-0x8]
  4096f4:	48 8b 00             	mov    rax,QWORD PTR [rax]
  4096f7:	48 8d 50 f8          	lea    rdx,[rax-0x8]
  4096fb:	48 8b 45 f8          	mov    rax,QWORD PTR [rbp-0x8]
  4096ff:	48 89 10             	mov    QWORD PTR [rax],rdx
  409702:	48 8b 45 f8          	mov    rax,QWORD PTR [rbp-0x8]
  409706:	5d                   	pop    rbp
  409707:	c3                   	ret    

0000000000409708 <_ZSt12__miter_baseIN9__gnu_cxx17__normal_iteratorIPmSt6vectorImSaImEEEEET_S7_>:
  409708:	55                   	push   rbp
  409709:	48 89 e5             	mov    rbp,rsp
  40970c:	48 89 7d f8          	mov    QWORD PTR [rbp-0x8],rdi
  409710:	48 8b 45 f8          	mov    rax,QWORD PTR [rbp-0x8]
  409714:	5d                   	pop    rbp
  409715:	c3                   	ret    

0000000000409716 <_ZSt22__copy_move_backward_aILb1EN9__gnu_cxx17__normal_iteratorIPmSt6vectorImSaImEEEES6_ET1_T0_S8_S7_>:
  409716:	55                   	push   rbp
  409717:	48 89 e5             	mov    rbp,rsp
  40971a:	41 54                	push   r12
  40971c:	53                   	push   rbx
  40971d:	48 83 ec 20          	sub    rsp,0x20
  409721:	48 89 7d e8          	mov    QWORD PTR [rbp-0x18],rdi
  409725:	48 89 75 e0          	mov    QWORD PTR [rbp-0x20],rsi
  409729:	48 89 55 d8          	mov    QWORD PTR [rbp-0x28],rdx
  40972d:	48 8b 45 d8          	mov    rax,QWORD PTR [rbp-0x28]
  409731:	48 89 c7             	mov    rdi,rax
  409734:	e8 59 f4 ff ff       	call   408b92 <_ZSt12__niter_baseIPmSt6vectorImSaImEEET_N9__gnu_cxx17__normal_iteratorIS4_T0_EE>
  409739:	49 89 c4             	mov    r12,rax
  40973c:	48 8b 45 e0          	mov    rax,QWORD PTR [rbp-0x20]
  409740:	48 89 c7             	mov    rdi,rax
  409743:	e8 4a f4 ff ff       	call   408b92 <_ZSt12__niter_baseIPmSt6vectorImSaImEEET_N9__gnu_cxx17__normal_iteratorIS4_T0_EE>
  409748:	48 89 c3             	mov    rbx,rax
  40974b:	48 8b 45 e8          	mov    rax,QWORD PTR [rbp-0x18]
  40974f:	48 89 c7             	mov    rdi,rax
  409752:	e8 3b f4 ff ff       	call   408b92 <_ZSt12__niter_baseIPmSt6vectorImSaImEEET_N9__gnu_cxx17__normal_iteratorIS4_T0_EE>
  409757:	4c 89 e2             	mov    rdx,r12
  40975a:	48 89 de             	mov    rsi,rbx
  40975d:	48 89 c7             	mov    rdi,rax
  409760:	e8 6d f6 ff ff       	call   408dd2 <_ZSt23__copy_move_backward_a1ILb1EPmS0_ET1_T0_S2_S1_>
  409765:	48 89 c2             	mov    rdx,rax
  409768:	48 8b 45 d8          	mov    rax,QWORD PTR [rbp-0x28]
  40976c:	48 89 d6             	mov    rsi,rdx
  40976f:	48 89 c7             	mov    rdi,rax
  409772:	e8 65 f4 ff ff       	call   408bdc <_ZSt12__niter_wrapIN9__gnu_cxx17__normal_iteratorIPmSt6vectorImSaImEEEES2_ET_S7_T0_>
  409777:	48 83 c4 20          	add    rsp,0x20
  40977b:	5b                   	pop    rbx
  40977c:	41 5c                	pop    r12
  40977e:	5d                   	pop    rbp
  40977f:	c3                   	ret    

0000000000409780 <_ZNK9__gnu_cxx5__ops14_Val_less_iterclImNS_17__normal_iteratorIPmSt6vectorImSaImEEEEEEbRT_T0_>:
  409780:	55                   	push   rbp
  409781:	48 89 e5             	mov    rbp,rsp
  409784:	53                   	push   rbx
  409785:	48 83 ec 28          	sub    rsp,0x28
  409789:	48 89 7d e8          	mov    QWORD PTR [rbp-0x18],rdi
  40978d:	48 89 75 e0          	mov    QWORD PTR [rbp-0x20],rsi
  409791:	48 89 55 d8          	mov    QWORD PTR [rbp-0x28],rdx
  409795:	48 8b 45 e0          	mov    rax,QWORD PTR [rbp-0x20]
  409799:	48 8b 18             	mov    rbx,QWORD PTR [rax]
  40979c:	48 8d 45 d8          	lea    rax,[rbp-0x28]
  4097a0:	48 89 c7             	mov    rdi,rax
  4097a3:	e8 ca c4 ff ff       	call   405c72 <_ZNK9__gnu_cxx17__normal_iteratorIPmSt6vectorImSaImEEEdeEv>
  4097a8:	48 8b 00             	mov    rax,QWORD PTR [rax]
  4097ab:	48 39 c3             	cmp    rbx,rax
  4097ae:	0f 92 c0             	setb   al
  4097b1:	48 8b 5d f8          	mov    rbx,QWORD PTR [rbp-0x8]
  4097b5:	c9                   	leave  
  4097b6:	c3                   	ret    

00000000004097b7 <_ZSt4copyIN9__gnu_cxx17__normal_iteratorIPKmSt6vectorImSaImEEEEPmET0_T_SA_S9_>:
  4097b7:	55                   	push   rbp
  4097b8:	48 89 e5             	mov    rbp,rsp
  4097bb:	53                   	push   rbx
  4097bc:	48 83 ec 28          	sub    rsp,0x28
  4097c0:	48 89 7d e8          	mov    QWORD PTR [rbp-0x18],rdi
  4097c4:	48 89 75 e0          	mov    QWORD PTR [rbp-0x20],rsi
  4097c8:	48 89 55 d8          	mov    QWORD PTR [rbp-0x28],rdx
  4097cc:	48 8b 45 e0          	mov    rax,QWORD PTR [rbp-0x20]
  4097d0:	48 89 c7             	mov    rdi,rax
  4097d3:	e8 32 e8 ff ff       	call   40800a <_ZSt12__miter_baseIN9__gnu_cxx17__normal_iteratorIPKmSt6vectorImSaImEEEEET_S8_>
  4097d8:	48 89 c3             	mov    rbx,rax
  4097db:	48 8b 45 e8          	mov    rax,QWORD PTR [rbp-0x18]
  4097df:	48 89 c7             	mov    rdi,rax
  4097e2:	e8 23 e8 ff ff       	call   40800a <_ZSt12__miter_baseIN9__gnu_cxx17__normal_iteratorIPKmSt6vectorImSaImEEEEET_S8_>
  4097e7:	48 89 c1             	mov    rcx,rax
  4097ea:	48 8b 45 d8          	mov    rax,QWORD PTR [rbp-0x28]
  4097ee:	48 89 c2             	mov    rdx,rax
  4097f1:	48 89 de             	mov    rsi,rbx
  4097f4:	48 89 cf             	mov    rdi,rcx
  4097f7:	e8 7a 03 00 00       	call   409b76 <_ZSt13__copy_move_aILb0EN9__gnu_cxx17__normal_iteratorIPKmSt6vectorImSaImEEEEPmET1_T0_SA_S9_>
  4097fc:	48 8b 5d f8          	mov    rbx,QWORD PTR [rbp-0x8]
  409800:	c9                   	leave  
  409801:	c3                   	ret    

0000000000409802 <_ZNSt11__copy_moveILb0ELb1ESt26random_access_iterator_tagE8__copy_mImEEPT_PKS3_S6_S4_>:
  409802:	55                   	push   rbp
  409803:	48 89 e5             	mov    rbp,rsp
  409806:	48 83 ec 30          	sub    rsp,0x30
  40980a:	48 89 7d e8          	mov    QWORD PTR [rbp-0x18],rdi
  40980e:	48 89 75 e0          	mov    QWORD PTR [rbp-0x20],rsi
  409812:	48 89 55 d8          	mov    QWORD PTR [rbp-0x28],rdx
  409816:	48 8b 45 e0          	mov    rax,QWORD PTR [rbp-0x20]
  40981a:	48 2b 45 e8          	sub    rax,QWORD PTR [rbp-0x18]
  40981e:	48 c1 f8 03          	sar    rax,0x3
  409822:	48 89 45 f8          	mov    QWORD PTR [rbp-0x8],rax
  409826:	48 83 7d f8 00       	cmp    QWORD PTR [rbp-0x8],0x0
  40982b:	74 1f                	je     40984c <_ZNSt11__copy_moveILb0ELb1ESt26random_access_iterator_tagE8__copy_mImEEPT_PKS3_S6_S4_+0x4a>
  40982d:	48 8b 45 f8          	mov    rax,QWORD PTR [rbp-0x8]
  409831:	48 8d 14 c5 00 00 00 	lea    rdx,[rax*8+0x0]
  409838:	00 
  409839:	48 8b 4d e8          	mov    rcx,QWORD PTR [rbp-0x18]
  40983d:	48 8b 45 d8          	mov    rax,QWORD PTR [rbp-0x28]
  409841:	48 89 ce             	mov    rsi,rcx
  409844:	48 89 c7             	mov    rdi,rax
  409847:	e8 e4 8a ff ff       	call   402330 <memmove@plt>
  40984c:	48 8b 45 f8          	mov    rax,QWORD PTR [rbp-0x8]
  409850:	48 8d 14 c5 00 00 00 	lea    rdx,[rax*8+0x0]
  409857:	00 
  409858:	48 8b 45 d8          	mov    rax,QWORD PTR [rbp-0x28]
  40985c:	48 01 d0             	add    rax,rdx
  40985f:	c9                   	leave  
  409860:	c3                   	ret    

0000000000409861 <_ZSt19__iterator_categoryIPmENSt15iterator_traitsIT_E17iterator_categoryERKS2_>:
  409861:	55                   	push   rbp
  409862:	48 89 e5             	mov    rbp,rsp
  409865:	48 89 7d f8          	mov    QWORD PTR [rbp-0x8],rdi
  409869:	90                   	nop
  40986a:	5d                   	pop    rbp
  40986b:	c3                   	ret    

000000000040986c <_ZSt10__fill_n_aIPmmmET_S1_T0_RKT1_St26random_access_iterator_tag>:
  40986c:	55                   	push   rbp
  40986d:	48 89 e5             	mov    rbp,rsp
  409870:	48 83 ec 20          	sub    rsp,0x20
  409874:	48 89 7d f8          	mov    QWORD PTR [rbp-0x8],rdi
  409878:	48 89 75 f0          	mov    QWORD PTR [rbp-0x10],rsi
  40987c:	48 89 55 e8          	mov    QWORD PTR [rbp-0x18],rdx
  409880:	48 83 7d f0 00       	cmp    QWORD PTR [rbp-0x10],0x0
  409885:	75 06                	jne    40988d <_ZSt10__fill_n_aIPmmmET_S1_T0_RKT1_St26random_access_iterator_tag+0x21>
  409887:	48 8b 45 f8          	mov    rax,QWORD PTR [rbp-0x8]
  40988b:	eb 3a                	jmp    4098c7 <_ZSt10__fill_n_aIPmmmET_S1_T0_RKT1_St26random_access_iterator_tag+0x5b>
  40988d:	48 8b 45 f0          	mov    rax,QWORD PTR [rbp-0x10]
  409891:	48 8d 14 c5 00 00 00 	lea    rdx,[rax*8+0x0]
  409898:	00 
  409899:	48 8b 45 f8          	mov    rax,QWORD PTR [rbp-0x8]
  40989d:	48 8d 0c 02          	lea    rcx,[rdx+rax*1]
  4098a1:	48 8b 55 e8          	mov    rdx,QWORD PTR [rbp-0x18]
  4098a5:	48 8b 45 f8          	mov    rax,QWORD PTR [rbp-0x8]
  4098a9:	48 89 ce             	mov    rsi,rcx
  4098ac:	48 89 c7             	mov    rdi,rax
  4098af:	e8 07 ef ff ff       	call   4087bb <_ZSt8__fill_aIPmmEvT_S1_RKT0_>
  4098b4:	48 8b 45 f0          	mov    rax,QWORD PTR [rbp-0x10]
  4098b8:	48 8d 14 c5 00 00 00 	lea    rdx,[rax*8+0x0]
  4098bf:	00 
  4098c0:	48 8b 45 f8          	mov    rax,QWORD PTR [rbp-0x8]
  4098c4:	48 01 d0             	add    rax,rdx
  4098c7:	c9                   	leave  
  4098c8:	c3                   	ret    

00000000004098c9 <_ZSt4copyISt13move_iteratorIPmES1_ET0_T_S4_S3_>:
  4098c9:	55                   	push   rbp
  4098ca:	48 89 e5             	mov    rbp,rsp
  4098cd:	53                   	push   rbx
  4098ce:	48 83 ec 28          	sub    rsp,0x28
  4098d2:	48 89 7d e8          	mov    QWORD PTR [rbp-0x18],rdi
  4098d6:	48 89 75 e0          	mov    QWORD PTR [rbp-0x20],rsi
  4098da:	48 89 55 d8          	mov    QWORD PTR [rbp-0x28],rdx
  4098de:	48 8b 45 e0          	mov    rax,QWORD PTR [rbp-0x20]
  4098e2:	48 89 c7             	mov    rdi,rax
  4098e5:	e8 f6 02 00 00       	call   409be0 <_ZSt12__miter_baseIPmEDTcl12__miter_basecldtfp_4baseEEESt13move_iteratorIT_E>
  4098ea:	48 89 c3             	mov    rbx,rax
  4098ed:	48 8b 45 e8          	mov    rax,QWORD PTR [rbp-0x18]
  4098f1:	48 89 c7             	mov    rdi,rax
  4098f4:	e8 e7 02 00 00       	call   409be0 <_ZSt12__miter_baseIPmEDTcl12__miter_basecldtfp_4baseEEESt13move_iteratorIT_E>
  4098f9:	48 89 c1             	mov    rcx,rax
  4098fc:	48 8b 45 d8          	mov    rax,QWORD PTR [rbp-0x28]
  409900:	48 89 c2             	mov    rdx,rax
  409903:	48 89 de             	mov    rsi,rbx
  409906:	48 89 cf             	mov    rdi,rcx
  409909:	e8 f4 02 00 00       	call   409c02 <_ZSt13__copy_move_aILb1EPmS0_ET1_T0_S2_S1_>
  40990e:	48 8b 5d f8          	mov    rbx,QWORD PTR [rbp-0x8]
  409912:	c9                   	leave  
  409913:	c3                   	ret    

0000000000409914 <_ZNSt20__copy_move_backwardILb1ELb1ESt26random_access_iterator_tagE13__copy_move_bImEEPT_PKS3_S6_S4_>:
  409914:	55                   	push   rbp
  409915:	48 89 e5             	mov    rbp,rsp
  409918:	48 83 ec 30          	sub    rsp,0x30
  40991c:	48 89 7d e8          	mov    QWORD PTR [rbp-0x18],rdi
  409920:	48 89 75 e0          	mov    QWORD PTR [rbp-0x20],rsi
  409924:	48 89 55 d8          	mov    QWORD PTR [rbp-0x28],rdx
  409928:	48 8b 45 e0          	mov    rax,QWORD PTR [rbp-0x20]
  40992c:	48 2b 45 e8          	sub    rax,QWORD PTR [rbp-0x18]
  409930:	48 c1 f8 03          	sar    rax,0x3
  409934:	48 89 45 f8          	mov    QWORD PTR [rbp-0x8],rax
  409938:	48 83 7d f8 00       	cmp    QWORD PTR [rbp-0x8],0x0
  40993d:	74 30                	je     40996f <_ZNSt20__copy_move_backwardILb1ELb1ESt26random_access_iterator_tagE13__copy_move_bImEEPT_PKS3_S6_S4_+0x5b>
  40993f:	48 8b 45 f8          	mov    rax,QWORD PTR [rbp-0x8]
  409943:	48 8d 14 c5 00 00 00 	lea    rdx,[rax*8+0x0]
  40994a:	00 
  40994b:	48 8b 45 f8          	mov    rax,QWORD PTR [rbp-0x8]
  40994f:	48 c1 e0 03          	shl    rax,0x3
  409953:	48 f7 d8             	neg    rax
  409956:	48 89 c1             	mov    rcx,rax
  409959:	48 8b 45 d8          	mov    rax,QWORD PTR [rbp-0x28]
  40995d:	48 01 c1             	add    rcx,rax
  409960:	48 8b 45 e8          	mov    rax,QWORD PTR [rbp-0x18]
  409964:	48 89 c6             	mov    rsi,rax
  409967:	48 89 cf             	mov    rdi,rcx
  40996a:	e8 c1 89 ff ff       	call   402330 <memmove@plt>
  40996f:	48 8b 45 f8          	mov    rax,QWORD PTR [rbp-0x8]
  409973:	48 c1 e0 03          	shl    rax,0x3
  409977:	48 f7 d8             	neg    rax
  40997a:	48 89 c2             	mov    rdx,rax
  40997d:	48 8b 45 d8          	mov    rax,QWORD PTR [rbp-0x28]
  409981:	48 01 d0             	add    rax,rdx
  409984:	c9                   	leave  
  409985:	c3                   	ret    

0000000000409986 <_ZSt13__adjust_heapIN9__gnu_cxx17__normal_iteratorIPmSt6vectorImSaImEEEElmNS0_5__ops15_Iter_less_iterEEvT_T0_SA_T1_T2_>:
  409986:	55                   	push   rbp
  409987:	48 89 e5             	mov    rbp,rsp
  40998a:	53                   	push   rbx
  40998b:	48 83 ec 78          	sub    rsp,0x78
  40998f:	48 89 7d a8          	mov    QWORD PTR [rbp-0x58],rdi
  409993:	48 89 75 a0          	mov    QWORD PTR [rbp-0x60],rsi
  409997:	48 89 55 98          	mov    QWORD PTR [rbp-0x68],rdx
  40999b:	48 89 4d 90          	mov    QWORD PTR [rbp-0x70],rcx
  40999f:	48 8b 45 a0          	mov    rax,QWORD PTR [rbp-0x60]
  4099a3:	48 89 45 e0          	mov    QWORD PTR [rbp-0x20],rax
  4099a7:	48 8b 45 a0          	mov    rax,QWORD PTR [rbp-0x60]
  4099ab:	48 89 45 e8          	mov    QWORD PTR [rbp-0x18],rax
  4099af:	e9 b9 00 00 00       	jmp    409a6d <_ZSt13__adjust_heapIN9__gnu_cxx17__normal_iteratorIPmSt6vectorImSaImEEEElmNS0_5__ops15_Iter_less_iterEEvT_T0_SA_T1_T2_+0xe7>
  4099b4:	48 8b 45 e8          	mov    rax,QWORD PTR [rbp-0x18]
  4099b8:	48 83 c0 01          	add    rax,0x1
  4099bc:	48 01 c0             	add    rax,rax
  4099bf:	48 89 45 e8          	mov    QWORD PTR [rbp-0x18],rax
  4099c3:	48 8b 45 e8          	mov    rax,QWORD PTR [rbp-0x18]
  4099c7:	48 8d 50 ff          	lea    rdx,[rax-0x1]
  4099cb:	48 8d 45 a8          	lea    rax,[rbp-0x58]
  4099cf:	48 89 d6             	mov    rsi,rdx
  4099d2:	48 89 c7             	mov    rdi,rax
  4099d5:	e8 d0 ca ff ff       	call   4064aa <_ZNK9__gnu_cxx17__normal_iteratorIPmSt6vectorImSaImEEEplEl>
  4099da:	48 89 c3             	mov    rbx,rax
  4099dd:	48 8b 55 e8          	mov    rdx,QWORD PTR [rbp-0x18]
  4099e1:	48 8d 45 a8          	lea    rax,[rbp-0x58]
  4099e5:	48 89 d6             	mov    rsi,rdx
  4099e8:	48 89 c7             	mov    rdi,rax
  4099eb:	e8 ba ca ff ff       	call   4064aa <_ZNK9__gnu_cxx17__normal_iteratorIPmSt6vectorImSaImEEEplEl>
  4099f0:	48 89 c1             	mov    rcx,rax
  4099f3:	48 8d 45 8f          	lea    rax,[rbp-0x71]
  4099f7:	48 89 da             	mov    rdx,rbx
  4099fa:	48 89 ce             	mov    rsi,rcx
  4099fd:	48 89 c7             	mov    rdi,rax
  409a00:	e8 2f f8 ff ff       	call   409234 <_ZNK9__gnu_cxx5__ops15_Iter_less_iterclINS_17__normal_iteratorIPmSt6vectorImSaImEEEES8_EEbT_T0_>
  409a05:	84 c0                	test   al,al
  409a07:	74 05                	je     409a0e <_ZSt13__adjust_heapIN9__gnu_cxx17__normal_iteratorIPmSt6vectorImSaImEEEElmNS0_5__ops15_Iter_less_iterEEvT_T0_SA_T1_T2_+0x88>
  409a09:	48 83 6d e8 01       	sub    QWORD PTR [rbp-0x18],0x1
  409a0e:	48 8b 55 e8          	mov    rdx,QWORD PTR [rbp-0x18]
  409a12:	48 8d 45 a8          	lea    rax,[rbp-0x58]
  409a16:	48 89 d6             	mov    rsi,rdx
  409a19:	48 89 c7             	mov    rdi,rax
  409a1c:	e8 89 ca ff ff       	call   4064aa <_ZNK9__gnu_cxx17__normal_iteratorIPmSt6vectorImSaImEEEplEl>
  409a21:	48 89 45 c0          	mov    QWORD PTR [rbp-0x40],rax
  409a25:	48 8d 45 c0          	lea    rax,[rbp-0x40]
  409a29:	48 89 c7             	mov    rdi,rax
  409a2c:	e8 41 c2 ff ff       	call   405c72 <_ZNK9__gnu_cxx17__normal_iteratorIPmSt6vectorImSaImEEEdeEv>
  409a31:	48 89 c7             	mov    rdi,rax
  409a34:	e8 b1 c6 ff ff       	call   4060ea <_ZSt4moveIRmEONSt16remove_referenceIT_E4typeEOS2_>
  409a39:	48 89 c3             	mov    rbx,rax
  409a3c:	48 8b 55 a0          	mov    rdx,QWORD PTR [rbp-0x60]
  409a40:	48 8d 45 a8          	lea    rax,[rbp-0x58]
  409a44:	48 89 d6             	mov    rsi,rdx
  409a47:	48 89 c7             	mov    rdi,rax
  409a4a:	e8 5b ca ff ff       	call   4064aa <_ZNK9__gnu_cxx17__normal_iteratorIPmSt6vectorImSaImEEEplEl>
  409a4f:	48 89 45 c8          	mov    QWORD PTR [rbp-0x38],rax
  409a53:	48 8d 45 c8          	lea    rax,[rbp-0x38]
  409a57:	48 89 c7             	mov    rdi,rax
  409a5a:	e8 13 c2 ff ff       	call   405c72 <_ZNK9__gnu_cxx17__normal_iteratorIPmSt6vectorImSaImEEEdeEv>
  409a5f:	48 8b 13             	mov    rdx,QWORD PTR [rbx]
  409a62:	48 89 10             	mov    QWORD PTR [rax],rdx
  409a65:	48 8b 45 e8          	mov    rax,QWORD PTR [rbp-0x18]
  409a69:	48 89 45 a0          	mov    QWORD PTR [rbp-0x60],rax
  409a6d:	48 8b 45 98          	mov    rax,QWORD PTR [rbp-0x68]
  409a71:	48 83 e8 01          	sub    rax,0x1
  409a75:	48 89 c2             	mov    rdx,rax
  409a78:	48 c1 ea 3f          	shr    rdx,0x3f
  409a7c:	48 01 d0             	add    rax,rdx
  409a7f:	48 d1 f8             	sar    rax,1
  409a82:	48 39 45 e8          	cmp    QWORD PTR [rbp-0x18],rax
  409a86:	0f 8c 28 ff ff ff    	jl     4099b4 <_ZSt13__adjust_heapIN9__gnu_cxx17__normal_iteratorIPmSt6vectorImSaImEEEElmNS0_5__ops15_Iter_less_iterEEvT_T0_SA_T1_T2_+0x2e>
  409a8c:	48 8b 45 98          	mov    rax,QWORD PTR [rbp-0x68]
  409a90:	83 e0 01             	and    eax,0x1
  409a93:	48 85 c0             	test   rax,rax
  409a96:	0f 85 91 00 00 00    	jne    409b2d <_ZSt13__adjust_heapIN9__gnu_cxx17__normal_iteratorIPmSt6vectorImSaImEEEElmNS0_5__ops15_Iter_less_iterEEvT_T0_SA_T1_T2_+0x1a7>
  409a9c:	48 8b 45 98          	mov    rax,QWORD PTR [rbp-0x68]
  409aa0:	48 83 e8 02          	sub    rax,0x2
  409aa4:	48 89 c2             	mov    rdx,rax
  409aa7:	48 c1 ea 3f          	shr    rdx,0x3f
  409aab:	48 01 d0             	add    rax,rdx
  409aae:	48 d1 f8             	sar    rax,1
  409ab1:	48 39 45 e8          	cmp    QWORD PTR [rbp-0x18],rax
  409ab5:	75 76                	jne    409b2d <_ZSt13__adjust_heapIN9__gnu_cxx17__normal_iteratorIPmSt6vectorImSaImEEEElmNS0_5__ops15_Iter_less_iterEEvT_T0_SA_T1_T2_+0x1a7>
  409ab7:	48 8b 45 e8          	mov    rax,QWORD PTR [rbp-0x18]
  409abb:	48 83 c0 01          	add    rax,0x1
  409abf:	48 01 c0             	add    rax,rax
  409ac2:	48 89 45 e8          	mov    QWORD PTR [rbp-0x18],rax
  409ac6:	48 8b 45 e8          	mov    rax,QWORD PTR [rbp-0x18]
  409aca:	48 8d 50 ff          	lea    rdx,[rax-0x1]
  409ace:	48 8d 45 a8          	lea    rax,[rbp-0x58]
  409ad2:	48 89 d6             	mov    rsi,rdx
  409ad5:	48 89 c7             	mov    rdi,rax
  409ad8:	e8 cd c9 ff ff       	call   4064aa <_ZNK9__gnu_cxx17__normal_iteratorIPmSt6vectorImSaImEEEplEl>
  409add:	48 89 45 d0          	mov    QWORD PTR [rbp-0x30],rax
  409ae1:	48 8d 45 d0          	lea    rax,[rbp-0x30]
  409ae5:	48 89 c7             	mov    rdi,rax
  409ae8:	e8 85 c1 ff ff       	call   405c72 <_ZNK9__gnu_cxx17__normal_iteratorIPmSt6vectorImSaImEEEdeEv>
  409aed:	48 89 c7             	mov    rdi,rax
  409af0:	e8 f5 c5 ff ff       	call   4060ea <_ZSt4moveIRmEONSt16remove_referenceIT_E4typeEOS2_>
  409af5:	48 89 c3             	mov    rbx,rax
  409af8:	48 8b 55 a0          	mov    rdx,QWORD PTR [rbp-0x60]
  409afc:	48 8d 45 a8          	lea    rax,[rbp-0x58]
  409b00:	48 89 d6             	mov    rsi,rdx
  409b03:	48 89 c7             	mov    rdi,rax
  409b06:	e8 9f c9 ff ff       	call   4064aa <_ZNK9__gnu_cxx17__normal_iteratorIPmSt6vectorImSaImEEEplEl>
  409b0b:	48 89 45 d8          	mov    QWORD PTR [rbp-0x28],rax
  409b0f:	48 8d 45 d8          	lea    rax,[rbp-0x28]
  409b13:	48 89 c7             	mov    rdi,rax
  409b16:	e8 57 c1 ff ff       	call   405c72 <_ZNK9__gnu_cxx17__normal_iteratorIPmSt6vectorImSaImEEEdeEv>
  409b1b:	48 8b 13             	mov    rdx,QWORD PTR [rbx]
  409b1e:	48 89 10             	mov    QWORD PTR [rax],rdx
  409b21:	48 8b 45 e8          	mov    rax,QWORD PTR [rbp-0x18]
  409b25:	48 83 e8 01          	sub    rax,0x1
  409b29:	48 89 45 a0          	mov    QWORD PTR [rbp-0x60],rax
  409b2d:	48 8d 45 8f          	lea    rax,[rbp-0x71]
  409b31:	48 89 c7             	mov    rdi,rax
  409b34:	e8 33 01 00 00       	call   409c6c <_ZSt4moveIRN9__gnu_cxx5__ops15_Iter_less_iterEEONSt16remove_referenceIT_E4typeEOS5_>
  409b39:	48 8d 45 bf          	lea    rax,[rbp-0x41]
  409b3d:	48 89 c7             	mov    rdi,rax
  409b40:	e8 3d b7 ff ff       	call   405282 <_ZN9__gnu_cxx5__ops14_Iter_less_valC1ENS0_15_Iter_less_iterE>
  409b45:	48 8d 45 90          	lea    rax,[rbp-0x70]
  409b49:	48 89 c7             	mov    rdi,rax
  409b4c:	e8 99 c5 ff ff       	call   4060ea <_ZSt4moveIRmEONSt16remove_referenceIT_E4typeEOS2_>
  409b51:	48 8b 08             	mov    rcx,QWORD PTR [rax]
  409b54:	48 8d 7d bf          	lea    rdi,[rbp-0x41]
  409b58:	48 8b 55 e0          	mov    rdx,QWORD PTR [rbp-0x20]
  409b5c:	48 8b 75 a0          	mov    rsi,QWORD PTR [rbp-0x60]
  409b60:	48 8b 45 a8          	mov    rax,QWORD PTR [rbp-0x58]
  409b64:	49 89 f8             	mov    r8,rdi
  409b67:	48 89 c7             	mov    rdi,rax
  409b6a:	e8 0b 01 00 00       	call   409c7a <_ZSt11__push_heapIN9__gnu_cxx17__normal_iteratorIPmSt6vectorImSaImEEEElmNS0_5__ops14_Iter_less_valEEvT_T0_SA_T1_RT2_>
  409b6f:	90                   	nop
  409b70:	48 8b 5d f8          	mov    rbx,QWORD PTR [rbp-0x8]
  409b74:	c9                   	leave  
  409b75:	c3                   	ret    

0000000000409b76 <_ZSt13__copy_move_aILb0EN9__gnu_cxx17__normal_iteratorIPKmSt6vectorImSaImEEEEPmET1_T0_SA_S9_>:
  409b76:	55                   	push   rbp
  409b77:	48 89 e5             	mov    rbp,rsp
  409b7a:	41 54                	push   r12
  409b7c:	53                   	push   rbx
  409b7d:	48 83 ec 20          	sub    rsp,0x20
  409b81:	48 89 7d e8          	mov    QWORD PTR [rbp-0x18],rdi
  409b85:	48 89 75 e0          	mov    QWORD PTR [rbp-0x20],rsi
  409b89:	48 89 55 d8          	mov    QWORD PTR [rbp-0x28],rdx
  409b8d:	48 8b 45 d8          	mov    rax,QWORD PTR [rbp-0x28]
  409b91:	48 89 c7             	mov    rdi,rax
  409b94:	e8 90 f0 ff ff       	call   408c29 <_ZSt12__niter_baseIPmET_S1_>
  409b99:	49 89 c4             	mov    r12,rax
  409b9c:	48 8b 45 e0          	mov    rax,QWORD PTR [rbp-0x20]
  409ba0:	48 89 c7             	mov    rdi,rax
  409ba3:	e8 cd ef ff ff       	call   408b75 <_ZSt12__niter_baseIPKmSt6vectorImSaImEEET_N9__gnu_cxx17__normal_iteratorIS5_T0_EE>
  409ba8:	48 89 c3             	mov    rbx,rax
  409bab:	48 8b 45 e8          	mov    rax,QWORD PTR [rbp-0x18]
  409baf:	48 89 c7             	mov    rdi,rax
  409bb2:	e8 be ef ff ff       	call   408b75 <_ZSt12__niter_baseIPKmSt6vectorImSaImEEET_N9__gnu_cxx17__normal_iteratorIS5_T0_EE>
  409bb7:	4c 89 e2             	mov    rdx,r12
  409bba:	48 89 de             	mov    rsi,rbx
  409bbd:	48 89 c7             	mov    rdi,rax
  409bc0:	e8 ea ef ff ff       	call   408baf <_ZSt14__copy_move_a1ILb0EPKmPmET1_T0_S4_S3_>
  409bc5:	48 89 c2             	mov    rdx,rax
  409bc8:	48 8d 45 d8          	lea    rax,[rbp-0x28]
  409bcc:	48 89 d6             	mov    rsi,rdx
  409bcf:	48 89 c7             	mov    rdi,rax
  409bd2:	e8 8d f0 ff ff       	call   408c64 <_ZSt12__niter_wrapIPmET_RKS1_S1_>
  409bd7:	48 83 c4 20          	add    rsp,0x20
  409bdb:	5b                   	pop    rbx
  409bdc:	41 5c                	pop    r12
  409bde:	5d                   	pop    rbp
  409bdf:	c3                   	ret    

0000000000409be0 <_ZSt12__miter_baseIPmEDTcl12__miter_basecldtfp_4baseEEESt13move_iteratorIT_E>:
  409be0:	55                   	push   rbp
  409be1:	48 89 e5             	mov    rbp,rsp
  409be4:	48 83 ec 10          	sub    rsp,0x10
  409be8:	48 89 7d f8          	mov    QWORD PTR [rbp-0x8],rdi
  409bec:	48 8d 45 f8          	lea    rax,[rbp-0x8]
  409bf0:	48 89 c7             	mov    rdi,rax
  409bf3:	e8 bc 01 00 00       	call   409db4 <_ZNKSt13move_iteratorIPmE4baseEv>
  409bf8:	48 89 c7             	mov    rdi,rax
  409bfb:	e8 a8 e4 ff ff       	call   4080a8 <_ZSt12__miter_baseIPmET_S1_>
  409c00:	c9                   	leave  
  409c01:	c3                   	ret    

0000000000409c02 <_ZSt13__copy_move_aILb1EPmS0_ET1_T0_S2_S1_>:
  409c02:	55                   	push   rbp
  409c03:	48 89 e5             	mov    rbp,rsp
  409c06:	41 54                	push   r12
  409c08:	53                   	push   rbx
  409c09:	48 83 ec 20          	sub    rsp,0x20
  409c0d:	48 89 7d e8          	mov    QWORD PTR [rbp-0x18],rdi
  409c11:	48 89 75 e0          	mov    QWORD PTR [rbp-0x20],rsi
  409c15:	48 89 55 d8          	mov    QWORD PTR [rbp-0x28],rdx
  409c19:	48 8b 45 d8          	mov    rax,QWORD PTR [rbp-0x28]
  409c1d:	48 89 c7             	mov    rdi,rax
  409c20:	e8 04 f0 ff ff       	call   408c29 <_ZSt12__niter_baseIPmET_S1_>
  409c25:	49 89 c4             	mov    r12,rax
  409c28:	48 8b 45 e0          	mov    rax,QWORD PTR [rbp-0x20]
  409c2c:	48 89 c7             	mov    rdi,rax
  409c2f:	e8 f5 ef ff ff       	call   408c29 <_ZSt12__niter_baseIPmET_S1_>
  409c34:	48 89 c3             	mov    rbx,rax
  409c37:	48 8b 45 e8          	mov    rax,QWORD PTR [rbp-0x18]
  409c3b:	48 89 c7             	mov    rdi,rax
  409c3e:	e8 e6 ef ff ff       	call   408c29 <_ZSt12__niter_baseIPmET_S1_>
  409c43:	4c 89 e2             	mov    rdx,r12
  409c46:	48 89 de             	mov    rsi,rbx
  409c49:	48 89 c7             	mov    rdi,rax
  409c4c:	e8 74 01 00 00       	call   409dc5 <_ZSt14__copy_move_a1ILb1EPmS0_ET1_T0_S2_S1_>
  409c51:	48 89 c2             	mov    rdx,rax
  409c54:	48 8d 45 d8          	lea    rax,[rbp-0x28]
  409c58:	48 89 d6             	mov    rsi,rdx
  409c5b:	48 89 c7             	mov    rdi,rax
  409c5e:	e8 01 f0 ff ff       	call   408c64 <_ZSt12__niter_wrapIPmET_RKS1_S1_>
  409c63:	48 83 c4 20          	add    rsp,0x20
  409c67:	5b                   	pop    rbx
  409c68:	41 5c                	pop    r12
  409c6a:	5d                   	pop    rbp
  409c6b:	c3                   	ret    

0000000000409c6c <_ZSt4moveIRN9__gnu_cxx5__ops15_Iter_less_iterEEONSt16remove_referenceIT_E4typeEOS5_>:
  409c6c:	55                   	push   rbp
  409c6d:	48 89 e5             	mov    rbp,rsp
  409c70:	48 89 7d f8          	mov    QWORD PTR [rbp-0x8],rdi
  409c74:	48 8b 45 f8          	mov    rax,QWORD PTR [rbp-0x8]
  409c78:	5d                   	pop    rbp
  409c79:	c3                   	ret    

0000000000409c7a <_ZSt11__push_heapIN9__gnu_cxx17__normal_iteratorIPmSt6vectorImSaImEEEElmNS0_5__ops14_Iter_less_valEEvT_T0_SA_T1_RT2_>:
  409c7a:	55                   	push   rbp
  409c7b:	48 89 e5             	mov    rbp,rsp
  409c7e:	53                   	push   rbx
  409c7f:	48 83 ec 58          	sub    rsp,0x58
  409c83:	48 89 7d c8          	mov    QWORD PTR [rbp-0x38],rdi
  409c87:	48 89 75 c0          	mov    QWORD PTR [rbp-0x40],rsi
  409c8b:	48 89 55 b8          	mov    QWORD PTR [rbp-0x48],rdx
  409c8f:	48 89 4d b0          	mov    QWORD PTR [rbp-0x50],rcx
  409c93:	4c 89 45 a8          	mov    QWORD PTR [rbp-0x58],r8
  409c97:	48 8b 45 c0          	mov    rax,QWORD PTR [rbp-0x40]
  409c9b:	48 83 e8 01          	sub    rax,0x1
  409c9f:	48 89 c2             	mov    rdx,rax
  409ca2:	48 c1 ea 3f          	shr    rdx,0x3f
  409ca6:	48 01 d0             	add    rax,rdx
  409ca9:	48 d1 f8             	sar    rax,1
  409cac:	48 89 45 e8          	mov    QWORD PTR [rbp-0x18],rax
  409cb0:	eb 78                	jmp    409d2a <_ZSt11__push_heapIN9__gnu_cxx17__normal_iteratorIPmSt6vectorImSaImEEEElmNS0_5__ops14_Iter_less_valEEvT_T0_SA_T1_RT2_+0xb0>
  409cb2:	48 8b 55 e8          	mov    rdx,QWORD PTR [rbp-0x18]
  409cb6:	48 8d 45 c8          	lea    rax,[rbp-0x38]
  409cba:	48 89 d6             	mov    rsi,rdx
  409cbd:	48 89 c7             	mov    rdi,rax
  409cc0:	e8 e5 c7 ff ff       	call   4064aa <_ZNK9__gnu_cxx17__normal_iteratorIPmSt6vectorImSaImEEEplEl>
  409cc5:	48 89 45 d0          	mov    QWORD PTR [rbp-0x30],rax
  409cc9:	48 8d 45 d0          	lea    rax,[rbp-0x30]
  409ccd:	48 89 c7             	mov    rdi,rax
  409cd0:	e8 9d bf ff ff       	call   405c72 <_ZNK9__gnu_cxx17__normal_iteratorIPmSt6vectorImSaImEEEdeEv>
  409cd5:	48 89 c7             	mov    rdi,rax
  409cd8:	e8 0d c4 ff ff       	call   4060ea <_ZSt4moveIRmEONSt16remove_referenceIT_E4typeEOS2_>
  409cdd:	48 89 c3             	mov    rbx,rax
  409ce0:	48 8b 55 c0          	mov    rdx,QWORD PTR [rbp-0x40]
  409ce4:	48 8d 45 c8          	lea    rax,[rbp-0x38]
  409ce8:	48 89 d6             	mov    rsi,rdx
  409ceb:	48 89 c7             	mov    rdi,rax
  409cee:	e8 b7 c7 ff ff       	call   4064aa <_ZNK9__gnu_cxx17__normal_iteratorIPmSt6vectorImSaImEEEplEl>
  409cf3:	48 89 45 d8          	mov    QWORD PTR [rbp-0x28],rax
  409cf7:	48 8d 45 d8          	lea    rax,[rbp-0x28]
  409cfb:	48 89 c7             	mov    rdi,rax
  409cfe:	e8 6f bf ff ff       	call   405c72 <_ZNK9__gnu_cxx17__normal_iteratorIPmSt6vectorImSaImEEEdeEv>
  409d03:	48 8b 13             	mov    rdx,QWORD PTR [rbx]
  409d06:	48 89 10             	mov    QWORD PTR [rax],rdx
  409d09:	48 8b 45 e8          	mov    rax,QWORD PTR [rbp-0x18]
  409d0d:	48 89 45 c0          	mov    QWORD PTR [rbp-0x40],rax
  409d11:	48 8b 45 c0          	mov    rax,QWORD PTR [rbp-0x40]
  409d15:	48 83 e8 01          	sub    rax,0x1
  409d19:	48 89 c2             	mov    rdx,rax
  409d1c:	48 c1 ea 3f          	shr    rdx,0x3f
  409d20:	48 01 d0             	add    rax,rdx
  409d23:	48 d1 f8             	sar    rax,1
  409d26:	48 89 45 e8          	mov    QWORD PTR [rbp-0x18],rax
  409d2a:	48 8b 45 c0          	mov    rax,QWORD PTR [rbp-0x40]
  409d2e:	48 3b 45 b8          	cmp    rax,QWORD PTR [rbp-0x48]
  409d32:	7e 34                	jle    409d68 <_ZSt11__push_heapIN9__gnu_cxx17__normal_iteratorIPmSt6vectorImSaImEEEElmNS0_5__ops14_Iter_less_valEEvT_T0_SA_T1_RT2_+0xee>
  409d34:	48 8b 55 e8          	mov    rdx,QWORD PTR [rbp-0x18]
  409d38:	48 8d 45 c8          	lea    rax,[rbp-0x38]
  409d3c:	48 89 d6             	mov    rsi,rdx
  409d3f:	48 89 c7             	mov    rdi,rax
  409d42:	e8 63 c7 ff ff       	call   4064aa <_ZNK9__gnu_cxx17__normal_iteratorIPmSt6vectorImSaImEEEplEl>
  409d47:	48 89 c1             	mov    rcx,rax
  409d4a:	48 8d 55 b0          	lea    rdx,[rbp-0x50]
  409d4e:	48 8b 45 a8          	mov    rax,QWORD PTR [rbp-0x58]
  409d52:	48 89 ce             	mov    rsi,rcx
  409d55:	48 89 c7             	mov    rdi,rax
  409d58:	e8 95 00 00 00       	call   409df2 <_ZNK9__gnu_cxx5__ops14_Iter_less_valclINS_17__normal_iteratorIPmSt6vectorImSaImEEEEmEEbT_RT0_>
  409d5d:	84 c0                	test   al,al
  409d5f:	74 07                	je     409d68 <_ZSt11__push_heapIN9__gnu_cxx17__normal_iteratorIPmSt6vectorImSaImEEEElmNS0_5__ops14_Iter_less_valEEvT_T0_SA_T1_RT2_+0xee>
  409d61:	b8 01 00 00 00       	mov    eax,0x1
  409d66:	eb 05                	jmp    409d6d <_ZSt11__push_heapIN9__gnu_cxx17__normal_iteratorIPmSt6vectorImSaImEEEElmNS0_5__ops14_Iter_less_valEEvT_T0_SA_T1_RT2_+0xf3>
  409d68:	b8 00 00 00 00       	mov    eax,0x0
  409d6d:	84 c0                	test   al,al
  409d6f:	0f 85 3d ff ff ff    	jne    409cb2 <_ZSt11__push_heapIN9__gnu_cxx17__normal_iteratorIPmSt6vectorImSaImEEEElmNS0_5__ops14_Iter_less_valEEvT_T0_SA_T1_RT2_+0x38>
  409d75:	48 8d 45 b0          	lea    rax,[rbp-0x50]
  409d79:	48 89 c7             	mov    rdi,rax
  409d7c:	e8 69 c3 ff ff       	call   4060ea <_ZSt4moveIRmEONSt16remove_referenceIT_E4typeEOS2_>
  409d81:	48 89 c3             	mov    rbx,rax
  409d84:	48 8b 55 c0          	mov    rdx,QWORD PTR [rbp-0x40]
  409d88:	48 8d 45 c8          	lea    rax,[rbp-0x38]
  409d8c:	48 89 d6             	mov    rsi,rdx
  409d8f:	48 89 c7             	mov    rdi,rax
  409d92:	e8 13 c7 ff ff       	call   4064aa <_ZNK9__gnu_cxx17__normal_iteratorIPmSt6vectorImSaImEEEplEl>
  409d97:	48 89 45 e0          	mov    QWORD PTR [rbp-0x20],rax
  409d9b:	48 8d 45 e0          	lea    rax,[rbp-0x20]
  409d9f:	48 89 c7             	mov    rdi,rax
  409da2:	e8 cb be ff ff       	call   405c72 <_ZNK9__gnu_cxx17__normal_iteratorIPmSt6vectorImSaImEEEdeEv>
  409da7:	48 8b 13             	mov    rdx,QWORD PTR [rbx]
  409daa:	48 89 10             	mov    QWORD PTR [rax],rdx
  409dad:	90                   	nop
  409dae:	48 8b 5d f8          	mov    rbx,QWORD PTR [rbp-0x8]
  409db2:	c9                   	leave  
  409db3:	c3                   	ret    

0000000000409db4 <_ZNKSt13move_iteratorIPmE4baseEv>:
  409db4:	55                   	push   rbp
  409db5:	48 89 e5             	mov    rbp,rsp
  409db8:	48 89 7d f8          	mov    QWORD PTR [rbp-0x8],rdi
  409dbc:	48 8b 45 f8          	mov    rax,QWORD PTR [rbp-0x8]
  409dc0:	48 8b 00             	mov    rax,QWORD PTR [rax]
  409dc3:	5d                   	pop    rbp
  409dc4:	c3                   	ret    

0000000000409dc5 <_ZSt14__copy_move_a1ILb1EPmS0_ET1_T0_S2_S1_>:
  409dc5:	55                   	push   rbp
  409dc6:	48 89 e5             	mov    rbp,rsp
  409dc9:	48 83 ec 20          	sub    rsp,0x20
  409dcd:	48 89 7d f8          	mov    QWORD PTR [rbp-0x8],rdi
  409dd1:	48 89 75 f0          	mov    QWORD PTR [rbp-0x10],rsi
  409dd5:	48 89 55 e8          	mov    QWORD PTR [rbp-0x18],rdx
  409dd9:	48 8b 55 e8          	mov    rdx,QWORD PTR [rbp-0x18]
  409ddd:	48 8b 4d f0          	mov    rcx,QWORD PTR [rbp-0x10]
  409de1:	48 8b 45 f8          	mov    rax,QWORD PTR [rbp-0x8]
  409de5:	48 89 ce             	mov    rsi,rcx
  409de8:	48 89 c7             	mov    rdi,rax
  409deb:	e8 34 00 00 00       	call   409e24 <_ZSt14__copy_move_a2ILb1EPmS0_ET1_T0_S2_S1_>
  409df0:	c9                   	leave  
  409df1:	c3                   	ret    

0000000000409df2 <_ZNK9__gnu_cxx5__ops14_Iter_less_valclINS_17__normal_iteratorIPmSt6vectorImSaImEEEEmEEbT_RT0_>:
  409df2:	55                   	push   rbp
  409df3:	48 89 e5             	mov    rbp,rsp
  409df6:	48 83 ec 20          	sub    rsp,0x20
  409dfa:	48 89 7d f8          	mov    QWORD PTR [rbp-0x8],rdi
  409dfe:	48 89 75 f0          	mov    QWORD PTR [rbp-0x10],rsi
  409e02:	48 89 55 e8          	mov    QWORD PTR [rbp-0x18],rdx
  409e06:	48 8d 45 f0          	lea    rax,[rbp-0x10]
  409e0a:	48 89 c7             	mov    rdi,rax
  409e0d:	e8 60 be ff ff       	call   405c72 <_ZNK9__gnu_cxx17__normal_iteratorIPmSt6vectorImSaImEEEdeEv>
  409e12:	48 8b 10             	mov    rdx,QWORD PTR [rax]
  409e15:	48 8b 45 e8          	mov    rax,QWORD PTR [rbp-0x18]
  409e19:	48 8b 00             	mov    rax,QWORD PTR [rax]
  409e1c:	48 39 c2             	cmp    rdx,rax
  409e1f:	0f 92 c0             	setb   al
  409e22:	c9                   	leave  
  409e23:	c3                   	ret    

0000000000409e24 <_ZSt14__copy_move_a2ILb1EPmS0_ET1_T0_S2_S1_>:
  409e24:	55                   	push   rbp
  409e25:	48 89 e5             	mov    rbp,rsp
  409e28:	48 83 ec 20          	sub    rsp,0x20
  409e2c:	48 89 7d f8          	mov    QWORD PTR [rbp-0x8],rdi
  409e30:	48 89 75 f0          	mov    QWORD PTR [rbp-0x10],rsi
  409e34:	48 89 55 e8          	mov    QWORD PTR [rbp-0x18],rdx
  409e38:	48 8b 55 e8          	mov    rdx,QWORD PTR [rbp-0x18]
  409e3c:	48 8b 4d f0          	mov    rcx,QWORD PTR [rbp-0x10]
  409e40:	48 8b 45 f8          	mov    rax,QWORD PTR [rbp-0x8]
  409e44:	48 89 ce             	mov    rsi,rcx
  409e47:	48 89 c7             	mov    rdi,rax
  409e4a:	e8 02 00 00 00       	call   409e51 <_ZNSt11__copy_moveILb1ELb1ESt26random_access_iterator_tagE8__copy_mImEEPT_PKS3_S6_S4_>
  409e4f:	c9                   	leave  
  409e50:	c3                   	ret    

0000000000409e51 <_ZNSt11__copy_moveILb1ELb1ESt26random_access_iterator_tagE8__copy_mImEEPT_PKS3_S6_S4_>:
  409e51:	55                   	push   rbp
  409e52:	48 89 e5             	mov    rbp,rsp
  409e55:	48 83 ec 30          	sub    rsp,0x30
  409e59:	48 89 7d e8          	mov    QWORD PTR [rbp-0x18],rdi
  409e5d:	48 89 75 e0          	mov    QWORD PTR [rbp-0x20],rsi
  409e61:	48 89 55 d8          	mov    QWORD PTR [rbp-0x28],rdx
  409e65:	48 8b 45 e0          	mov    rax,QWORD PTR [rbp-0x20]
  409e69:	48 2b 45 e8          	sub    rax,QWORD PTR [rbp-0x18]
  409e6d:	48 c1 f8 03          	sar    rax,0x3
  409e71:	48 89 45 f8          	mov    QWORD PTR [rbp-0x8],rax
  409e75:	48 83 7d f8 00       	cmp    QWORD PTR [rbp-0x8],0x0
  409e7a:	74 1f                	je     409e9b <_ZNSt11__copy_moveILb1ELb1ESt26random_access_iterator_tagE8__copy_mImEEPT_PKS3_S6_S4_+0x4a>
  409e7c:	48 8b 45 f8          	mov    rax,QWORD PTR [rbp-0x8]
  409e80:	48 8d 14 c5 00 00 00 	lea    rdx,[rax*8+0x0]
  409e87:	00 
  409e88:	48 8b 4d e8          	mov    rcx,QWORD PTR [rbp-0x18]
  409e8c:	48 8b 45 d8          	mov    rax,QWORD PTR [rbp-0x28]
  409e90:	48 89 ce             	mov    rsi,rcx
  409e93:	48 89 c7             	mov    rdi,rax
  409e96:	e8 95 84 ff ff       	call   402330 <memmove@plt>
  409e9b:	48 8b 45 f8          	mov    rax,QWORD PTR [rbp-0x8]
  409e9f:	48 8d 14 c5 00 00 00 	lea    rdx,[rax*8+0x0]
  409ea6:	00 
  409ea7:	48 8b 45 d8          	mov    rax,QWORD PTR [rbp-0x28]
  409eab:	48 01 d0             	add    rax,rdx
  409eae:	c9                   	leave  
  409eaf:	c3                   	ret    

Disassembly of section .fini:

0000000000409eb0 <_fini>:
  409eb0:	f3 0f 1e fa          	endbr64 
  409eb4:	48 83 ec 08          	sub    rsp,0x8
  409eb8:	48 83 c4 08          	add    rsp,0x8
  409ebc:	c3                   	ret    
