trial,reload_ticks,classified_evicted
0,136,0
1,84,0
2,88,0
3,88,0
4,84,0
5,84,0
6,84,0
7,84,0
8,88,0
9,84,0
10,84,0
11,84,0
12,88,0
13,88,0
14,88,0
15,84,0
16,88,0
17,88,0
18,84,0
19,88,0
20,88,0
21,84,0
22,84,0
23,88,0
24,88,0
25,88,0
26,84,0
27,88,0
28,88,0
29,84,0
30,84,0
31,88,0
32,88,0
33,88,0
34,84,0
35,88,0
36,88,0
37,84,0
38,84,0
39,88,0
40,88,0
41,88,0
42,84,0
43,88,0
44,88,0
45,84,0
46,84,0
47,88,0
48,88,0
49,88,0
50,84,0
51,88,0
52,88,0
53,84,0
54,84,0
55,88,0
56,88,0
57,88,0
58,84,0
59,88,0
60,88,0
61,84,0
62,84,0
63,88,0
64,88,0
65,88,0
66,84,0
67,88,0
68,88,0
69,84,0
70,84,0
71,88,0
72,88,0
73,88,0
74,84,0
75,88,0
76,88,0
77,84,0
78,84,0
79,88,0
80,88,0
81,88,0
82,84,0
83,88,0
84,88,0
85,84,0
86,84,0
87,88,0
88,88,0
89,88,0
90,84,0
91,88,0
92,88,0
93,84,0
94,84,0
95,88,0
96,88,0
97,88,0
98,84,0
99,88,0
100,88,0
101,84,0
102,88,0
103,84,0
104,88,0
105,88,0
106,88,0
107,84,0
108,88,0
109,84,0
110,88,0
111,84,0
112,84,0
113,88,0
114,84,0
115,88,0
116,84,0
117,88,0
118,84,0
119,88,0
120,84,0
121,88,0
122,84,0
123,88,0
124,84,0
125,88,0
126,88,0
127,84,0
128,88,0
129,84,0
130,88,0
131,84,0
132,88,0
133,84,0
134,88,0
135,84,0
136,88,0
137,84,0
138,88,0
139,84,0
140,84,0
141,88,0
142,84,0
143,88,0
144,84,0
145,88,0
146,88,0
147,84,0
148,84,0
149,88,0
150,84,0
151,88,0
152,84,0
153,88,0
154,84,0
155,88,0
156,88,0
157,84,0
158,88,0
159,88,0
160,88,0
161,88,0
162,88,0
163,88,0
164,88,0
165,88,0
166,84,0
167,88,0
168,84,0
169,88,0
170,88,0
171,84,0
172,88,0
173,84,0
174,88,0
175,84,0
176,84,0
177,88,0
178,84,0
179,84,0
180,84,0
181,84,0
182,88,0
183,88,0
184,88,0
185,84,0
186,88,0
187,84,0
188,84,0
189,84,0
190,84,0
191,88,0
192,84,0
193,84,0
194,84,0
195,84,0
196,84,0
197,88,0
198,88,0
199,88,0
200,88,0
201,88,0
202,88,0
203,88,0
204,84,0
205,84,0
206,84,0
207,84,0
208,84,0
209,84,0
210,84,0
211,84,0
212,84,0
213,84,0
214,84,0
215,84,0
216,84,0
217,84,0
218,84,0
219,84,0
220,84,0
221,84,0
222,88,0
223,88,0
224,88,0
225,88,0
226,88,0
227,88,0
228,88,0
229,88,0
230,88,0
231,88,0
232,84,0
233,84,0
234,84,0
235,84,0
236,84,0
237,84,0
238,84,0
239,84,0
240,88,0
241,88,0
242,88,0
243,88,0
244,88,0
245,88,0
246,88,0
247,88,0
248,88,0
249,88,0
250,88,0
251,88,0
252,88,0
253,88,0
254,88,0
255,88,0
256,88,0
257,88,0
258,88,0
259,88,0
260,84,0
261,84,0
262,84,0
263,84,0
264,84,0
265,84,0
266,84,0
267,84,0
268,88,0
269,88,0
270,88,0
271,88,0
272,88,0
273,88,0
274,88,0
275,88,0
276,88,0
277,88,0
278,88,0
279,88,0
280,88,0
281,88,0
282,88,0
283,88,0
284,88,0
285,88,0
286,88,0
287,88,0
288,88,0
289,88,0
290,88,0
291,88,0
292,88,0
293,88,0
294,88,0
295,88,0
296,84,0
297,84,0
298,84,0
299,84,0
300,84,0
301,84,0
302,84,0
303,84,0
304,88,0
305,88,0
306,88,0
307,88,0
308,88,0
309,88,0
310,88,0
311,88,0
312,88,0
313,88,0
314,88,0
315,84,0
316,88,0
317,88,0
318,88,0
319,88,0
320,88,0
321,88,0
322,88,0
323,88,0
324,88,0
325,88,0
326,88,0
327,88,0
328,88,0
329,88,0
330,88,0
331,88,0
332,84,0
333,84,0
334,84,0
335,84,0
336,84,0
337,84,0
338,84,0
339,84,0
340,84,0
341,84,0
342,84,0
343,84,0
344,84,0
345,84,0
346,84,0
347,84,0
348,84,0
349,84,0
350,84,0
351,84,0
352,84,0
353,84,0
354,84,0
355,84,0
356,84,0
357,84,0
358,84,0
359,84,0
360,88,0
361,88,0
362,88,0
363,88,0
364,88,0
365,88,0
366,88,0
367,88,0
368,84,0
369,84,0
370,84,0
371,84,0
372,84,0
373,84,0
374,84,0
375,84,0
376,84,0
377,84,0
378,84,0
379,84,0
380,84,0
381,84,0
382,84,0
383,84,0
384,84,0
385,84,0
386,84,0
387,84,0
388,84,0
389,96,0
390,84,0
391,88,0
392,88,0
393,88,0
394,84,0
395,84,0
396,88,0
397,84,0
398,84,0
399,88,0
400,88,0
401,84,0
402,84,0
403,88,0
404,88,0
405,84,0
406,84,0
407,88,0
408,88,0
409,84,0
410,84,0
411,88,0
412,88,0
413,84,0
414,84,0
415,88,0
416,88,0
417,88,0
418,88,0
419,88,0
420,88,0
421,88,0
422,88,0
423,88,0
424,88,0
425,88,0
426,88,0
427,88,0
428,88,0
429,88,0
430,88,0
431,88,0
432,88,0
433,88,0
434,88,0
435,88,0
436,88,0
437,88,0
438,88,0
439,88,0
440,88,0
441,88,0
442,88,0
443,88,0
444,88,0
445,88,0
446,88,0
447,88,0
448,88,0
449,84,0
450,84,0
451,88,0
452,88,0
453,88,0
454,88,0
455,88,0
456,88,0
457,88,0
458,88,0
459,88,0
460,88,0
461,88,0
462,88,0
463,88,0
464,88,0
465,88,0
466,88,0
467,88,0
468,88,0
469,88,0
470,88,0
471,88,0
472,88,0
473,88,0
474,88,0
475,88,0
476,88,0
477,88,0
478,88,0
479,88,0
480,88,0
481,88,0
482,88,0
483,88,0
484,88,0
485,88,0
486,88,0
487,88,0
488,88,0
489,88,0
490,88,0
491,88,0
492,88,0
493,88,0
494,88,0
495,88,0
496,88,0
497,88,0
498,88,0
499,88,0
500,88,0
501,88,0
502,88,0
503,88,0
504,88,0
505,88,0
506,88,0
507,88,0
508,88,0
509,88,0
510,88,0
511,88,0
512,88,0
513,88,0
514,88,0
515,88,0
516,88,0
517,88,0
518,88,0
519,88,0
520,88,0
521,88,0
522,88,0
523,88,0
524,88,0
525,88,0
526,88,0
527,88,0
528,88,0
529,88,0
530,88,0
531,88,0
532,88,0
533,88,0
534,88,0
535,88,0
536,88,0
537,88,0
538,88,0
539,88,0
540,88,0
541,88,0
542,88,0
543,88,0
544,88,0
545,88,0
546,88,0
547,88,0
548,88,0
549,88,0
550,88,0
551,88,0
552,88,0
553,88,0
554,88,0
555,88,0
556,88,0
557,88,0
558,88,0
559,88,0
560,88,0
561,88,0
562,88,0
563,88,0
564,88,0
565,88,0
566,88,0
567,88,0
568,88,0
569,88,0
570,88,0
571,88,0
572,88,0
573,88,0
574,88,0
575,88,0
576,88,0
577,88,0
578,88,0
579,88,0
580,88,0
581,88,0
582,88,0
583,88,0
584,88,0
585,88,0
586,88,0
587,88,0
588,88,0
589,88,0
590,88,0
591,88,0
592,88,0
593,88,0
594,88,0
595,88,0
596,88,0
597,88,0
598,88,0
599,88,0
600,88,0
601,88,0
602,88,0
603,88,0
604,88,0
605,88,0
606,88,0
607,88,0
608,88,0
609,84,0
610,84,0
611,84,0
612,84,0
613,88,0
614,88,0
615,88,0
616,84,0
617,84,0
618,84,0
619,88,0
620,88,0
621,88,0
622,88,0
623,84,0
624,88,0
625,84,0
626,84,0
627,84,0
628,84,0
629,84,0
630,84,0
631,84,0
632,84,0
633,84,0
634,84,0
635,88,0
636,88,0
637,84,0
638,84,0
639,84,0
640,88,0
641,84,0
642,84,0
643,88,0
644,88,0
645,84,0
646,88,0
647,84,0
648,84,0
649,84,0
650,84,0
651,84,0
652,88,0
653,88,0
654,88,0
655,88,0
656,88,0
657,88,0
658,88,0
659,88,0
660,88,0
661,88,0
662,88,0
663,88,0
664,88,0
665,88,0
666,88,0
667,88,0
668,88,0
669,88,0
670,88,0
671,88,0
672,88,0
673,88,0
674,88,0
675,88,0
676,88,0
677,88,0
678,88,0
679,88,0
680,88,0
681,88,0
682,88,0
683,88,0
684,88,0
685,88,0
686,88,0
687,88,0
688,88,0
689,88,0
690,88,0
691,88,0
692,88,0
693,88,0
694,88,0
695,88,0
696,88,0
697,88,0
698,88,0
699,88,0
700,88,0
701,88,0
702,88,0
703,88,0
704,88,0
705,88,0
706,88,0
707,88,0
708,88,0
709,88,0
710,88,0
711,88,0
712,88,0
713,88,0
714,88,0
715,84,0
716,84,0
717,84,0
718,84,0
719,84,0
720,84,0
721,84,0
722,84,0
723,84,0
724,84,0
725,84,0
726,84,0
727,84,0
728,84,0
729,84,0
730,84,0
731,84,0
732,84,0
733,84,0
734,84,0
735,84,0
736,84,0
737,84,0
738,84,0
739,84,0
740,84,0
741,84,0
742,84,0
743,84,0
744,84,0
745,84,0
746,84,0
747,84,0
748,84,0
749,84,0
750,84,0
751,84,0
752,84,0
753,84,0
754,84,0
755,84,0
756,84,0
757,84,0
758,84,0
759,84,0
760,84,0
761,84,0
762,84,0
763,84,0
764,84,0
765,84,0
766,84,0
767,84,0
768,84,0
769,84,0
770,88,0
771,84,0
772,84,0
773,84,0
774,84,0
775,84,0
776,84,0
777,84,0
778,84,0
779,84,0
780,84,0
781,84,0
782,84,0
783,84,0
784,84,0
785,84,0
786,84,0
787,84,0
788,84,0
789,84,0
790,84,0
791,84,0
792,84,0
793,84,0
794,84,0
795,84,0
796,84,0
797,84,0
798,84,0
799,84,0
800,84,0
801,84,0
802,84,0
803,84,0
804,84,0
805,84,0
806,84,0
807,84,0
808,84,0
809,84,0
810,84,0
811,84,0
812,84,0
813,84,0
814,84,0
815,84,0
816,84,0
817,84,0
818,84,0
819,84,0
820,84,0
821,84,0
822,84,0
823,84,0
824,84,0
825,84,0
826,84,0
827,84,0
828,84,0
829,84,0
830,84,0
831,84,0
832,84,0
833,84,0
834,84,0
835,84,0
836,84,0
837,84,0
838,84,0
839,84,0
840,84,0
841,84,0
842,84,0
843,84,0
844,84,0
845,88,0
846,88,0
847,84,0
848,84,0
849,88,0
850,88,0
851,88,0
852,88,0
853,88,0
854,88,0
855,88,0
856,88,0
857,88,0
858,88,0
859,88,0
860,88,0
861,88,0
862,88,0
863,88,0
864,88,0
865,88,0
866,88,0
867,84,0
868,84,0
869,84,0
870,84,0
871,84,0
872,84,0
873,84,0
874,84,0
875,84,0
876,84,0
877,84,0
878,84,0
879,84,0
880,84,0
881,84,0
882,84,0
883,84,0
884,84,0
885,84,0
886,84,0
887,84,0
888,84,0
889,84,0
890,84,0
891,84,0
892,84,0
893,84,0
894,84,0
895,84,0
896,84,0
897,84,0
898,84,0
899,84,0
900,84,0
901,84,0
902,84,0
903,84,0
904,84,0
905,88,0
906,88,0
907,88,0
908,84,0
909,84,0
910,88,0
911,88,0
912,84,0
913,84,0
914,84,0
915,84,0
916,84,0
917,84,0
918,92,0
919,84,0
920,88,0
921,88,0
922,88,0
923,84,0
924,84,0
925,88,0
926,88,0
927,84,0
928,84,0
929,88,0
930,88,0
931,84,0
932,84,0
933,88,0
934,88,0
935,84,0
936,84,0
937,88,0
938,88,0
939,88,0
940,84,0
941,88,0
942,88,0
943,84,0
944,84,0
945,88,0
946,88,0
947,88,0
948,88,0
949,84,0
950,84,0
951,88,0
952,88,0
953,84,0
954,84,0
955,88,0
956,84,0
957,88,0
958,88,0
959,84,0
960,84,0
961,88,0
962,88,0
963,84,0
964,84,0
965,84,0
966,84,0
967,88,0
968,88,0
969,84,0
970,84,0
971,88,0
972,84,0
973,84,0
974,88,0
975,84,0
976,84,0
977,88,0
978,88,0
979,84,0
980,84,0
981,88,0
982,88,0
983,88,0
984,88,0
985,84,0
986,88,0
987,88,0
988,88,0
989,84,0
990,84,0
991,88,0
992,84,0
993,88,0
994,88,0
995,84,0
996,84,0
997,88,0
998,88,0
999,84,0
1000,84,0
1001,84,0
1002,88,0
1003,88,0
1004,84,0
1005,84,0
1006,84,0
1007,88,0
1008,84,0
1009,84,0
1010,84,0
1011,84,0
1012,84,0
1013,84,0
1014,84,0
1015,84,0
1016,84,0
1017,84,0
1018,84,0
1019,88,0
1020,88,0
1021,88,0
1022,88,0
1023,88,0
1024,88,0
1025,88,0
1026,88,0
1027,88,0
1028,84,0
1029,84,0
1030,84,0
1031,84,0
1032,84,0
1033,84,0
1034,84,0
1035,84,0
1036,84,0
1037,88,0
1038,88,0
1039,84,0
1040,88,0
1041,88,0
1042,88,0
1043,88,0
1044,88,0
1045,88,0
1046,84,0
1047,84,0
1048,84,0
1049,88,0
1050,84,0
1051,84,0
1052,88,0
1053,88,0
1054,84,0
1055,88,0
1056,84,0
1057,84,0
1058,84,0
1059,84,0
1060,88,0
1061,88,0
1062,88,0
1063,88,0
1064,88,0
1065,84,0
1066,88,0
1067,88,0
1068,84,0
1069,84,0
1070,84,0
1071,88,0
1072,88,0
1073,88,0
1074,88,0
1075,88,0
1076,88,0
1077,88,0
1078,88,0
1079,88,0
1080,88,0
1081,84,0
1082,88,0
1083,88,0
1084,84,0
1085,88,0
1086,84,0
1087,84,0
1088,88,0
1089,84,0
1090,88,0
1091,84,0
1092,88,0
1093,88,0
1094,88,0
1095,88,0
1096,88,0
1097,88,0
1098,88,0
1099,88,0
1100,84,0
1101,84,0
1102,84,0
1103,84,0
1104,84,0
1105,84,0
1106,84,0
1107,84,0
1108,84,0
1109,84,0
1110,88,0
1111,88,0
1112,88,0
1113,88,0
1114,88,0
1115,88,0
1116,84,0
1117,84,0
1118,88,0
1119,88,0
1120,88,0
1121,88,0
1122,88,0
1123,88,0
1124,88,0
1125,88,0
1126,96,0
1127,88,0
1128,88,0
1129,88,0
1130,84,0
1131,88,0
1132,88,0
1133,84,0
1134,84,0
1135,88,0
1136,84,0
1137,84,0
1138,88,0
1139,88,0
1140,84,0
1141,84,0
1142,88,0
1143,88,0
1144,84,0
1145,84,0
1146,88,0
1147,88,0
1148,88,0
1149,88,0
1150,88,0
1151,84,0
1152,88,0
1153,84,0
1154,88,0
1155,88,0
1156,84,0
1157,84,0
1158,88,0
1159,88,0
1160,88,0
1161,88,0
1162,84,0
1163,84,0
1164,88,0
1165,88,0
1166,84,0
1167,84,0
1168,88,0
1169,88,0
1170,84,0
1171,84,0
1172,88,0
1173,88,0
1174,84,0
1175,84,0
1176,88,0
1177,88,0
1178,84,0
1179,84,0
1180,84,0
1181,84,0
1182,88,0
1183,88,0
1184,84,0
1185,84,0
1186,84,0
1187,84,0
1188,88,0
1189,88,0
1190,84,0
1191,84,0
1192,84,0
1193,84,0
1194,88,0
1195,88,0
1196,84,0
1197,84,0
1198,88,0
1199,88,0
1200,88,0
1201,88,0
1202,84,0
1203,84,0
1204,88,0
1205,88,0
1206,84,0
1207,84,0
1208,88,0
1209,88,0
1210,84,0
1211,84,0
1212,84,0
1213,84,0
1214,88,0
1215,88,0
1216,84,0
1217,84,0
1218,88,0
1219,88,0
1220,84,0
1221,84,0
1222,88,0
1223,88,0
1224,88,0
1225,88,0
1226,84,0
1227,84,0
1228,88,0
1229,88,0
1230,84,0
1231,84,0
1232,88,0
1233,88,0
1234,84,0
1235,84,0
1236,88,0
1237,88,0
1238,84,0
1239,84,0
1240,88,0
1241,88,0
1242,84,0
1243,84,0
1244,84,0
1245,84,0
1246,88,0
1247,88,0
1248,84,0
1249,84,0
1250,84,0
1251,84,0
1252,88,0
1253,88,0
1254,84,0
1255,84,0
1256,88,0
1257,88,0
1258,84,0
1259,84,0
1260,88,0
1261,88,0
1262,84,0
1263,84,0
1264,88,0
1265,88,0
1266,84,0
1267,84,0
1268,88,0
1269,88,0
1270,88,0
1271,84,0
1272,88,0
1273,88,0
1274,88,0
1275,84,0
1276,88,0
1277,88,0
1278,84,0
1279,84,0
1280,88,0
1281,88,0
1282,88,0
1283,88,0
1284,88,0
1285,88,0
1286,84,0
1287,84,0
1288,84,0
1289,84,0
1290,88,0
1291,88,0
1292,84,0
1293,84,0
1294,88,0
1295,88,0
1296,84,0
1297,84,0
1298,88,0
1299,88,0
1300,84,0
1301,84,0
1302,88,0
1303,88,0
1304,84,0
1305,84,0
1306,88,0
1307,88,0
1308,88,0
1309,88,0
1310,84,0
1311,84,0
1312,88,0
1313,88,0
1314,88,0
1315,88,0
1316,84,0
1317,84,0
1318,88,0
1319,88,0
1320,84,0
1321,84,0
1322,88,0
1323,88,0
1324,84,0
1325,84,0
1326,88,0
1327,88,0
1328,84,0
1329,84,0
1330,88,0
1331,88,0
1332,84,0
1333,84,0
1334,88,0
1335,88,0
1336,84,0
1337,84,0
1338,88,0
1339,88,0
1340,88,0
1341,88,0
1342,84,0
1343,84,0
1344,88,0
1345,88,0
1346,84,0
1347,84,0
1348,88,0
1349,88,0
1350,84,0
1351,84,0
1352,88,0
1353,88,0
1354,84,0
1355,84,0
1356,88,0
1357,88,0
1358,84,0
1359,84,0
1360,88,0
1361,88,0
1362,84,0
1363,84,0
1364,88,0
1365,88,0
1366,84,0
1367,84,0
1368,88,0
1369,88,0
1370,84,0
1371,84,0
1372,88,0
1373,88,0
1374,84,0
1375,84,0
1376,88,0
1377,88,0
1378,88,0
1379,88,0
1380,84,0
1381,84,0
1382,88,0
1383,88,0
1384,84,0
1385,84,0
1386,88,0
1387,88,0
1388,84,0
1389,84,0
1390,88,0
1391,88,0
1392,84,0
1393,84,0
1394,88,0
1395,88,0
1396,84,0
1397,84,0
1398,88,0
1399,88,0
1400,84,0
1401,84,0
1402,88,0
1403,88,0
1404,84,0
1405,84,0
1406,88,0
1407,88,0
1408,84,0
1409,84,0
1410,88,0
1411,88,0
1412,84,0
1413,84,0
1414,88,0
1415,88,0
1416,84,0
1417,84,0
1418,88,0
1419,88,0
1420,84,0
1421,84,0
1422,88,0
1423,88,0
1424,84,0
1425,84,0
1426,88,0
1427,88,0
1428,84,0
1429,84,0
1430,88,0
1431,88,0
1432,84,0
1433,84,0
1434,88,0
1435,88,0
1436,84,0
1437,84,0
1438,88,0
1439,88,0
1440,84,0
1441,84,0
1442,88,0
1443,88,0
1444,84,0
1445,84,0
1446,88,0
1447,88,0
1448,84,0
1449,84,0
1450,88,0
1451,88,0
1452,84,0
1453,84,0
1454,88,0
1455,88,0
1456,84,0
1457,84,0
1458,88,0
1459,84,0
1460,88,0
1461,88,0
1462,84,0
1463,84,0
1464,88,0
1465,88,0
1466,84,0
1467,84,0
1468,88,0
1469,84,0
1470,88,0
1471,88,0
1472,88,0
1473,88,0
1474,84,0
1475,84,0
1476,88,0
1477,84,0
1478,84,0
1479,88,0
1480,84,0
1481,88,0
1482,84,0
1483,84,0
1484,88,0
1485,88,0
1486,84,0
1487,84,0
1488,84,0
1489,84,0
1490,88,0
1491,84,0
1492,84,0
1493,88,0
1494,88,0
1495,88,0
1496,88,0
1497,88,0
1498,88,0
1499,88,0
1500,88,0
1501,88,0
1502,88,0
1503,84,0
1504,88,0
1505,84,0
1506,84,0
1507,88,0
1508,84,0
1509,88,0
1510,84,0
1511,88,0
1512,84,0
1513,88,0
1514,84,0
1515,88,0
1516,84,0
1517,88,0
1518,84,0
1519,88,0
1520,84,0
1521,88,0
1522,84,0
1523,88,0
1524,84,0
1525,88,0
1526,84,0
1527,88,0
1528,88,0
1529,84,0
1530,88,0
1531,84,0
1532,84,0
1533,88,0
1534,84,0
1535,88,0
1536,84,0
1537,88,0
1538,88,0
1539,84,0
1540,88,0
1541,84,0
1542,88,0
1543,84,0
1544,88,0
1545,84,0
1546,84,0
1547,88,0
1548,84,0
1549,88,0
1550,84,0
1551,88,0
1552,84,0
1553,88,0
1554,84,0
1555,88,0
1556,84,0
1557,88,0
1558,84,0
1559,88,0
1560,84,0
1561,88,0
1562,84,0
1563,88,0
1564,84,0
1565,88,0
1566,84,0
1567,88,0
1568,84,0
1569,88,0
1570,84,0
1571,88,0
1572,84,0
1573,88,0
1574,84,0
1575,88,0
1576,84,0
1577,88,0
1578,84,0
1579,88,0
1580,84,0
1581,88,0
1582,88,0
1583,84,0
1584,88,0
1585,84,0
1586,88,0
1587,88,0
1588,88,0
1589,84,0
1590,88,0
1591,84,0
1592,88,0
1593,84,0
1594,88,0
1595,84,0
1596,84,0
1597,88,0
1598,84,0
1599,88,0
1600,88,0
1601,84,0
1602,84,0
1603,88,0
1604,84,0
1605,88,0
1606,84,0
1607,88,0
1608,84,0
1609,88,0
1610,84,0
1611,88,0
1612,84,0
1613,84,0
1614,88,0
1615,84,0
1616,88,0
1617,84,0
1618,84,0
1619,88,0
1620,84,0
1621,88,0
1622,84,0
1623,88,0
1624,84,0
1625,88,0
1626,84,0
1627,88,0
1628,84,0
1629,88,0
1630,84,0
1631,88,0
1632,84,0
1633,88,0
1634,84,0
1635,88,0
1636,88,0
1637,84,0
1638,88,0
1639,84,0
1640,88,0
1641,84,0
1642,88,0
1643,84,0
1644,88,0
1645,84,0
1646,88,0
1647,84,0
1648,88,0
1649,84,0
1650,88,0
1651,84,0
1652,88,0
1653,84,0
1654,84,0
1655,88,0
1656,84,0
1657,88,0
1658,84,0
1659,88,0
1660,84,0
1661,88,0
1662,84,0
1663,88,0
1664,84,0
1665,88,0
1666,84,0
1667,88,0
1668,84,0
1669,88,0
1670,84,0
1671,88,0
1672,84,0
1673,88,0
1674,84,0
1675,88,0
1676,84,0
1677,88,0
1678,84,0
1679,84,0
1680,88,0
1681,88,0
1682,84,0
1683,88,0
1684,88,0
1685,88,0
1686,88,0
1687,84,0
1688,88,0
1689,84,0
1690,84,0
1691,88,0
1692,88,0
1693,84,0
1694,88,0
1695,84,0
1696,88,0
1697,84,0
1698,84,0
1699,88,0
1700,84,0
1701,88,0
1702,84,0
1703,88,0
1704,84,0
1705,88,0
1706,84,0
1707,88,0
1708,84,0
1709,88,0
1710,84,0
1711,88,0
1712,84,0
1713,88,0
1714,84,0
1715,88,0
1716,84,0
1717,84,0
1718,84,0
1719,88,0
1720,84,0
1721,88,0
1722,84,0
1723,88,0
1724,88,0
1725,84,0
1726,84,0
1727,88,0
1728,84,0
1729,88,0
1730,88,0
1731,84,0
1732,88,0
1733,84,0
1734,88,0
1735,84,0
1736,88,0
1737,84,0
1738,88,0
1739,84,0
1740,88,0
1741,84,0
1742,88,0
1743,84,0
1744,84,0
1745,88,0
1746,92,0
1747,84,0
1748,84,0
1749,88,0
1750,88,0
1751,88,0
1752,88,0
1753,84,0
1754,84,0
1755,88,0
1756,88,0
1757,84,0
1758,84,0
1759,88,0
1760,88,0
1761,84,0
1762,84,0
1763,88,0
1764,88,0
1765,84,0
1766,84,0
1767,84,0
1768,84,0
1769,84,0
1770,88,0
1771,88,0
1772,84,0
1773,84,0
1774,88,0
1775,88,0
1776,88,0
1777,88,0
1778,84,0
1779,84,0
1780,88,0
1781,88,0
1782,84,0
1783,84,0
1784,88,0
1785,88,0
1786,84,0
1787,84,0
1788,84,0
1789,88,0
1790,84,0
1791,84,0
1792,88,0
1793,88,0
1794,88,0
1795,88,0
1796,84,0
1797,84,0
1798,88,0
1799,88,0
1800,84,0
1801,84,0
1802,88,0
1803,88,0
1804,84,0
1805,84,0
1806,88,0
1807,88,0
1808,84,0
1809,84,0
1810,88,0
1811,88,0
1812,88,0
1813,88,0
1814,84,0
1815,84,0
1816,88,0
1817,88,0
1818,84,0
1819,84,0
1820,88,0
1821,88,0
1822,84,0
1823,84,0
1824,88,0
1825,88,0
1826,84,0
1827,84,0
1828,88,0
1829,88,0
1830,88,0
1831,88,0
1832,84,0
1833,84,0
1834,88,0
1835,88,0
1836,84,0
1837,84,0
1838,88,0
1839,88,0
1840,84,0
1841,84,0
1842,88,0
1843,88,0
1844,84,0
1845,84,0
1846,88,0
1847,88,0
1848,88,0
1849,88,0
1850,84,0
1851,84,0
1852,88,0
1853,88,0
1854,84,0
1855,84,0
1856,88,0
1857,88,0
1858,84,0
1859,84,0
1860,88,0
1861,88,0
1862,84,0
1863,84,0
1864,84,0
1865,88,0
1866,88,0
1867,88,0
1868,84,0
1869,84,0
1870,88,0
1871,88,0
1872,84,0
1873,84,0
1874,88,0
1875,88,0
1876,88,0
1877,84,0
1878,84,0
1879,84,0
1880,88,0
1881,88,0
1882,84,0
1883,84,0
1884,84,0
1885,84,0
1886,88,0
1887,88,0
1888,88,0
1889,88,0
1890,84,0
1891,88,0
1892,84,0
1893,84,0
1894,88,0
1895,84,0
1896,88,0
1897,88,0
1898,84,0
1899,84,0
1900,84,0
1901,84,0
1902,88,0
1903,84,0
1904,84,0
1905,84,0
1906,88,0
1907,88,0
1908,84,0
1909,88,0
1910,88,0
1911,84,0
1912,88,0
1913,88,0
1914,84,0
1915,84,0
1916,88,0
1917,88,0
1918,84,0
1919,84,0
1920,88,0
1921,88,0
1922,84,0
1923,84,0
1924,88,0
1925,88,0
1926,84,0
1927,84,0
1928,88,0
1929,88,0
1930,84,0
1931,84,0
1932,88,0
1933,88,0
1934,84,0
1935,84,0
1936,88,0
1937,88,0
1938,88,0
1939,88,0
1940,84,0
1941,84,0
1942,88,0
1943,88,0
1944,84,0
1945,84,0
1946,88,0
1947,88,0
1948,88,0
1949,84,0
1950,88,0
1951,88,0
1952,84,0
1953,84,0
1954,88,0
1955,88,0
1956,88,0
1957,88,0
1958,84,0
1959,84,0
1960,88,0
1961,88,0
1962,84,0
1963,84,0
1964,88,0
1965,88,0
1966,84,0
1967,84,0
1968,84,0
1969,88,0
1970,84,0
1971,84,0
1972,88,0
1973,88,0
1974,88,0
1975,88,0
1976,84,0
1977,84,0
1978,88,0
1979,88,0
1980,84,0
1981,84,0
1982,88,0
1983,88,0
1984,84,0
1985,84,0
1986,88,0
1987,88,0
1988,84,0
1989,84,0
1990,88,0
1991,88,0
1992,88,0
1993,88,0
1994,84,0
1995,84,0
1996,88,0
1997,84,0
1998,88,0
1999,88,0
2000,84,0
2001,84,0
2002,88,0
2003,88,0
2004,84,0
2005,84,0
2006,88,0
2007,88,0
2008,84,0
2009,84,0
2010,84,0
2011,84,0
2012,88,0
2013,88,0
2014,84,0
2015,84,0
2016,88,0
2017,88,0
2018,84,0
2019,84,0
2020,88,0
2021,88,0
2022,84,0
2023,88,0
2024,84,0
2025,84,0
2026,88,0
2027,88,0
2028,88,0
2029,88,0
2030,84,0
2031,84,0
2032,88,0
2033,88,0
2034,84,0
2035,84,0
2036,88,0
2037,88,0
2038,84,0
2039,84,0
2040,88,0
2041,88,0
2042,84,0
2043,84,0
2044,88,0
2045,88,0
2046,88,0
2047,88,0
2048,84,0
2049,84,0
2050,88,0
2051,88,0
2052,84,0
2053,84,0
2054,88,0
2055,88,0
2056,84,0
2057,84,0
2058,88,0
2059,88,0
2060,84,0
2061,84,0
2062,88,0
2063,88,0
2064,88,0
2065,88,0
2066,84,0
2067,84,0
2068,88,0
2069,88,0
2070,84,0
2071,84,0
2072,88,0
2073,88,0
2074,84,0
2075,84,0
2076,88,0
2077,88,0
2078,84,0
2079,84,0
2080,88,0
2081,88,0
2082,88,0
2083,88,0
2084,84,0
2085,84,0
2086,88,0
2087,88,0
2088,88,0
2089,88,0
2090,88,0
2091,88,0
2092,88,0
2093,88,0
2094,88,0
2095,88,0
2096,84,0
2097,84,0
2098,88,0
2099,88,0
2100,88,0
2101,88,0
2102,84,0
2103,84,0
2104,88,0
2105,88,0
2106,84,0
2107,84,0
2108,88,0
2109,88,0
2110,84,0
2111,84,0
2112,88,0
2113,88,0
2114,84,0
2115,84,0
2116,88,0
2117,88,0
2118,88,0
2119,88,0
2120,84,0
2121,84,0
2122,88,0
2123,88,0
2124,84,0
2125,84,0
2126,88,0
2127,88,0
2128,84,0
2129,84,0
2130,88,0
2131,88,0
2132,84,0
2133,84,0
2134,88,0
2135,88,0
2136,88,0
2137,88,0
2138,84,0
2139,84,0
2140,84,0
2141,88,0
2142,84,0
2143,84,0
2144,88,0
2145,88,0
2146,84,0
2147,84,0
2148,88,0
2149,88,0
2150,84,0
2151,84,0
2152,88,0
2153,88,0
2154,88,0
2155,88,0
2156,84,0
2157,84,0
2158,88,0
2159,88,0
2160,84,0
2161,84,0
2162,88,0
2163,88,0
2164,84,0
2165,84,0
2166,88,0
2167,88,0
2168,84,0
2169,84,0
2170,88,0
2171,88,0
2172,88,0
2173,88,0
2174,84,0
2175,84,0
2176,88,0
2177,88,0
2178,84,0
2179,84,0
2180,88,0
2181,88,0
2182,84,0
2183,84,0
2184,88,0
2185,88,0
2186,84,0
2187,84,0
2188,88,0
2189,88,0
2190,88,0
2191,88,0
2192,84,0
2193,84,0
2194,88,0
2195,88,0
2196,84,0
2197,84,0
2198,88,0
2199,88,0
2200,84,0
2201,84,0
2202,88,0
2203,88,0
2204,84,0
2205,84,0
2206,88,0
2207,88,0
2208,88,0
2209,88,0
2210,84,0
2211,84,0
2212,88,0
2213,88,0
2214,84,0
2215,84,0
2216,88,0
2217,88,0
2218,84,0
2219,84,0
2220,88,0
2221,88,0
2222,84,0
2223,84,0
2224,88,0
2225,88,0
2226,88,0
2227,88,0
2228,84,0
2229,84,0
2230,88,0
2231,88,0
2232,84,0
2233,84,0
2234,88,0
2235,88,0
2236,84,0
2237,84,0
2238,88,0
2239,88,0
2240,84,0
2241,84,0
2242,88,0
2243,88,0
2244,88,0
2245,88,0
2246,84,0
2247,84,0
2248,88,0
2249,88,0
2250,84,0
2251,84,0
2252,88,0
2253,88,0
2254,84,0
2255,84,0
2256,88,0
2257,88,0
2258,84,0
2259,84,0
2260,88,0
2261,88,0
2262,88,0
2263,88,0
2264,84,0
2265,84,0
2266,88,0
2267,88,0
2268,84,0
2269,84,0
2270,88,0
2271,88,0
2272,84,0
2273,84,0
2274,88,0
2275,88,0
2276,84,0
2277,84,0
2278,88,0
2279,88,0
2280,88,0
2281,88,0
2282,84,0
2283,84,0
2284,88,0
2285,84,0
2286,88,0
2287,84,0
2288,88,0
2289,88,0
2290,84,0
2291,88,0
2292,84,0
2293,88,0
2294,84,0
2295,88,0
2296,84,0
2297,84,0
2298,84,0
2299,88,0
2300,88,0
2301,88,0
2302,84,0
2303,88,0
2304,84,0
2305,84,0
2306,88,0
2307,84,0
2308,84,0
2309,88,0
2310,84,0
2311,88,0
2312,84,0
2313,84,0
2314,88,0
2315,88,0
2316,88,0
2317,88,0
2318,84,0
2319,88,0
2320,88,0
2321,88,0
2322,84,0
2323,88,0
2324,84,0
2325,84,0
2326,88,0
2327,84,0
2328,88,0
2329,88,0
2330,84,0
2331,84,0
2332,88,0
2333,88,0
2334,88,0
2335,88,0
2336,84,0
2337,84,0
2338,88,0
2339,88,0
2340,84,0
2341,84,0
2342,88,0
2343,88,0
2344,84,0
2345,84,0
2346,88,0
2347,88,0
2348,84,0
2349,84,0
2350,88,0
2351,88,0
2352,88,0
2353,88,0
2354,84,0
2355,84,0
2356,88,0
2357,88,0
2358,84,0
2359,84,0
2360,88,0
2361,88,0
2362,84,0
2363,84,0
2364,84,0
2365,88,0
2366,84,0
2367,84,0
2368,88,0
2369,88,0
2370,88,0
2371,88,0
2372,84,0
2373,84,0
2374,88,0
2375,88,0
2376,84,0
2377,84,0
2378,84,0
2379,84,0
2380,88,0
2381,88,0
2382,84,0
2383,84,0
2384,88,0
2385,88,0
2386,84,0
2387,84,0
2388,84,0
2389,84,0
2390,88,0
2391,88,0
2392,84,0
2393,84,0
2394,88,0
2395,88,0
2396,84,0
2397,84,0
2398,88,0
2399,88,0
2400,84,0
2401,84,0
2402,88,0
2403,88,0
2404,84,0
2405,84,0
2406,84,0
2407,84,0
2408,88,0
2409,88,0
2410,84,0
2411,84,0
2412,88,0
2413,88,0
2414,84,0
2415,84,0
2416,88,0
2417,88,0
2418,84,0
2419,84,0
2420,88,0
2421,88,0
2422,84,0
2423,84,0
2424,84,0
2425,84,0
2426,88,0
2427,88,0
2428,84,0
2429,84,0
2430,88,0
2431,88,0
2432,84,0
2433,84,0
2434,88,0
2435,88,0
2436,84,0
2437,84,0
2438,88,0
2439,88,0
2440,84,0
2441,84,0
2442,84,0
2443,84,0
2444,88,0
2445,88,0
2446,84,0
2447,84,0
2448,88,0
2449,88,0
2450,84,0
2451,84,0
2452,88,0
2453,88,0
2454,84,0
2455,84,0
2456,88,0
2457,88,0
2458,84,0
2459,84,0
2460,84,0
2461,84,0
2462,88,0
2463,88,0
2464,84,0
2465,84,0
2466,88,0
2467,88,0
2468,84,0
2469,84,0
2470,88,0
2471,88,0
2472,84,0
2473,84,0
2474,88,0
2475,88,0
2476,84,0
2477,84,0
2478,84,0
2479,84,0
2480,88,0
2481,88,0
2482,84,0
2483,84,0
2484,88,0
2485,88,0
2486,84,0
2487,84,0
2488,88,0
2489,88,0
2490,84,0
2491,84,0
2492,84,0
2493,88,0
2494,84,0
2495,84,0
2496,84,0
2497,84,0
2498,88,0
2499,88,0
2500,88,0
2501,88,0
2502,88,0
2503,88,0
2504,88,0
2505,88,0
2506,84,0
2507,84,0
2508,88,0
2509,88,0
2510,84,0
2511,84,0
2512,88,0
2513,88,0
2514,88,0
2515,88,0
2516,84,0
2517,84,0
2518,88,0
2519,88,0
2520,84,0
2521,84,0
2522,88,0
2523,88,0
2524,84,0
2525,84,0
2526,88,0
2527,88,0
2528,84,0
2529,84,0
2530,88,0
2531,88,0
2532,88,0
2533,88,0
2534,84,0
2535,84,0
2536,88,0
2537,88,0
2538,84,0
2539,84,0
2540,88,0
2541,88,0
2542,84,0
2543,84,0
2544,88,0
2545,88,0
2546,84,0
2547,84,0
2548,88,0
2549,88,0
2550,88,0
2551,88,0
2552,84,0
2553,84,0
2554,88,0
2555,88,0
2556,84,0
2557,84,0
2558,88,0
2559,88,0
2560,84,0
2561,84,0
2562,88,0
2563,88,0
2564,84,0
2565,92,0
2566,84,0
2567,84,0
2568,88,0
2569,84,0
2570,88,0
2571,84,0
2572,88,0
2573,84,0
2574,88,0
2575,88,0
2576,88,0
2577,88,0
2578,84,0
2579,84,0
2580,88,0
2581,88,0
2582,84,0
2583,84,0
2584,88,0
2585,88,0
2586,84,0
2587,84,0
2588,88,0
2589,88,0
2590,84,0
2591,84,0
2592,88,0
2593,88,0
2594,84,0
2595,84,0
2596,88,0
2597,88,0
2598,84,0
2599,84,0
2600,88,0
2601,88,0
2602,84,0
2603,84,0
2604,88,0
2605,88,0
2606,84,0
2607,84,0
2608,88,0
2609,88,0
2610,84,0
2611,84,0
2612,88,0
2613,88,0
2614,84,0
2615,84,0
2616,88,0
2617,88,0
2618,84,0
2619,84,0
2620,88,0
2621,88,0
2622,84,0
2623,84,0
2624,88,0
2625,88,0
2626,84,0
2627,84,0
2628,88,0
2629,88,0
2630,84,0
2631,84,0
2632,88,0
2633,88,0
2634,84,0
2635,84,0
2636,88,0
2637,88,0
2638,84,0
2639,88,0
2640,84,0
2641,84,0
2642,88,0
2643,88,0
2644,84,0
2645,84,0
2646,88,0
2647,88,0
2648,84,0
2649,84,0
2650,88,0
2651,88,0
2652,84,0
2653,84,0
2654,88,0
2655,88,0
2656,84,0
2657,84,0
2658,88,0
2659,88,0
2660,84,0
2661,84,0
2662,88,0
2663,88,0
2664,84,0
2665,84,0
2666,88,0
2667,88,0
2668,84,0
2669,84,0
2670,88,0
2671,88,0
2672,84,0
2673,84,0
2674,88,0
2675,88,0
2676,84,0
2677,84,0
2678,88,0
2679,88,0
2680,84,0
2681,84,0
2682,88,0
2683,88,0
2684,84,0
2685,84,0
2686,88,0
2687,88,0
2688,84,0
2689,84,0
2690,88,0
2691,88,0
2692,84,0
2693,84,0
2694,88,0
2695,88,0
2696,88,0
2697,84,0
2698,88,0
2699,84,0
2700,84,0
2701,88,0
2702,84,0
2703,84,0
2704,88,0
2705,88,0
2706,84,0
2707,84,0
2708,84,0
2709,84,0
2710,84,0
2711,84,0
2712,88,0
2713,88,0
2714,88,0
2715,84,0
2716,88,0
2717,84,0
2718,84,0
2719,84,0
2720,88,0
2721,84,0
2722,84,0
2723,84,0
2724,88,0
2725,88,0
2726,84,0
2727,84,0
2728,88,0
2729,84,0
2730,88,0
2731,84,0
2732,88,0
2733,84,0
2734,88,0
2735,84,0
2736,88,0
2737,84,0
2738,88,0
2739,84,0
2740,88,0
2741,88,0
2742,84,0
2743,84,0
2744,88,0
2745,88,0
2746,84,0
2747,88,0
2748,84,0
2749,84,0
2750,88,0
2751,88,0
2752,84,0
2753,84,0
2754,88,0
2755,88,0
2756,84,0
2757,84,0
2758,88,0
2759,88,0
2760,84,0
2761,84,0
2762,88,0
2763,88,0
2764,84,0
2765,84,0
2766,88,0
2767,84,0
2768,88,0
2769,88,0
2770,84,0
2771,84,0
2772,88,0
2773,84,0
2774,88,0
2775,88,0
2776,84,0
2777,84,0
2778,88,0
2779,88,0
2780,84,0
2781,84,0
2782,88,0
2783,88,0
2784,84,0
2785,84,0
2786,88,0
2787,84,0
2788,88,0
2789,88,0
2790,84,0
2791,84,0
2792,88,0
2793,88,0
2794,84,0
2795,84,0
2796,88,0
2797,88,0
2798,84,0
2799,84,0
2800,88,0
2801,88,0
2802,84,0
2803,84,0
2804,88,0
2805,88,0
2806,84,0
2807,84,0
2808,88,0
2809,88,0
2810,84,0
2811,84,0
2812,88,0
2813,88,0
2814,84,0
2815,84,0
2816,88,0
2817,88,0
2818,84,0
2819,84,0
2820,88,0
2821,88,0
2822,84,0
2823,84,0
2824,88,0
2825,88,0
2826,84,0
2827,84,0
2828,88,0
2829,88,0
2830,84,0
2831,84,0
2832,88,0
2833,88,0
2834,84,0
2835,84,0
2836,88,0
2837,88,0
2838,84,0
2839,84,0
2840,88,0
2841,88,0
2842,84,0
2843,84,0
2844,88,0
2845,88,0
2846,84,0
2847,84,0
2848,88,0
2849,88,0
2850,84,0
2851,84,0
2852,88,0
2853,88,0
2854,84,0
2855,84,0
2856,88,0
2857,88,0
2858,84,0
2859,84,0
2860,88,0
2861,88,0
2862,84,0
2863,84,0
2864,88,0
2865,88,0
2866,84,0
2867,84,0
2868,88,0
2869,88,0
2870,84,0
2871,84,0
2872,88,0
2873,88,0
2874,84,0
2875,84,0
2876,88,0
2877,88,0
2878,84,0
2879,84,0
2880,88,0
2881,88,0
2882,84,0
2883,84,0
2884,88,0
2885,88,0
2886,84,0
2887,84,0
2888,88,0
2889,88,0
2890,84,0
2891,84,0
2892,88,0
2893,88,0
2894,84,0
2895,84,0
2896,88,0
2897,88,0
2898,84,0
2899,84,0
2900,88,0
2901,84,0
2902,88,0
2903,88,0
2904,84,0
2905,84,0
2906,88,0
2907,88,0
2908,84,0
2909,84,0
2910,84,0
2911,84,0
2912,84,0
2913,84,0
2914,84,0
2915,84,0
2916,84,0
2917,84,0
2918,84,0
2919,84,0
2920,84,0
2921,84,0
2922,88,0
2923,84,0
2924,88,0
2925,84,0
2926,88,0
2927,88,0
2928,88,0
2929,88,0
2930,88,0
2931,88,0
2932,88,0
2933,88,0
2934,88,0
2935,88,0
2936,88,0
2937,88,0
2938,88,0
2939,88,0
2940,88,0
2941,88,0
2942,88,0
2943,88,0
2944,88,0
2945,88,0
2946,88,0
2947,88,0
2948,88,0
2949,88,0
2950,88,0
2951,88,0
2952,88,0
2953,88,0
2954,88,0
2955,88,0
2956,88,0
2957,88,0
2958,88,0
2959,88,0
2960,84,0
2961,84,0
2962,84,0
2963,84,0
2964,84,0
2965,84,0
2966,84,0
2967,84,0
2968,84,0
2969,84,0
2970,84,0
2971,84,0
2972,84,0
2973,84,0
2974,84,0
2975,84,0
2976,84,0
2977,84,0
2978,84,0
2979,84,0
2980,84,0
2981,84,0
2982,84,0
2983,84,0
2984,84,0
2985,84,0
2986,84,0
2987,84,0
2988,84,0
2989,84,0
2990,84,0
2991,84,0
2992,84,0
2993,84,0
2994,84,0
2995,84,0
2996,84,0
2997,84,0
2998,84,0
2999,84,0
3000,84,0
3001,84,0
3002,84,0
3003,84,0
3004,84,0
3005,84,0
3006,84,0
3007,84,0
3008,84,0
3009,84,0
3010,84,0
3011,84,0
3012,84,0
3013,84,0
3014,84,0
3015,84,0
3016,84,0
3017,84,0
3018,84,0
3019,84,0
3020,84,0
3021,84,0
3022,84,0
3023,84,0
3024,84,0
3025,84,0
3026,84,0
3027,84,0
3028,84,0
3029,84,0
3030,84,0
3031,84,0
3032,84,0
3033,84,0
3034,84,0
3035,84,0
3036,84,0
3037,84,0
3038,84,0
3039,84,0
3040,84,0
3041,84,0
3042,84,0
3043,84,0
3044,84,0
3045,84,0
3046,84,0
3047,84,0
3048,84,0
3049,84,0
3050,84,0
3051,84,0
3052,84,0
3053,84,0
3054,84,0
3055,84,0
3056,84,0
3057,84,0
3058,84,0
3059,84,0
3060,84,0
3061,84,0
3062,84,0
3063,84,0
3064,84,0
3065,84,0
3066,84,0
3067,84,0
3068,84,0
3069,84,0
3070,84,0
3071,84,0
3072,84,0
3073,84,0
3074,84,0
3075,84,0
3076,84,0
3077,84,0
3078,84,0
3079,84,0
3080,84,0
3081,84,0
3082,84,0
3083,84,0
3084,84,0
3085,84,0
3086,84,0
3087,84,0
3088,84,0
3089,84,0
3090,84,0
3091,84,0
3092,84,0
3093,84,0
3094,84,0
3095,84,0
3096,84,0
3097,88,0
3098,88,0
3099,88,0
3100,88,0
3101,88,0
3102,88,0
3103,88,0
3104,88,0
3105,84,0
3106,84,0
3107,84,0
3108,88,0
3109,84,0
3110,88,0
3111,84,0
3112,88,0
3113,88,0
3114,88,0
3115,88,0
3116,88,0
3117,88,0
3118,88,0
3119,84,0
3120,88,0
3121,88,0
3122,88,0
3123,88,0
3124,84,0
3125,84,0
3126,84,0
3127,88,0
3128,88,0
3129,84,0
3130,84,0
3131,88,0
3132,88,0
3133,84,0
3134,88,0
3135,84,0
3136,84,0
3137,88,0
3138,88,0
3139,88,0
3140,88,0
3141,84,0
3142,84,0
3143,84,0
3144,84,0
3145,84,0
3146,84,0
3147,84,0
3148,84,0
3149,84,0
3150,84,0
3151,84,0
3152,84,0
3153,84,0
3154,84,0
3155,84,0
3156,84,0
3157,88,0
3158,88,0
3159,88,0
3160,88,0
3161,88,0
3162,88,0
3163,88,0
3164,88,0
3165,88,0
3166,88,0
3167,88,0
3168,88,0
3169,88,0
3170,88,0
3171,88,0
3172,88,0
3173,88,0
3174,88,0
3175,88,0
3176,88,0
3177,88,0
3178,88,0
3179,88,0
3180,88,0
3181,88,0
3182,88,0
3183,88,0
3184,88,0
3185,88,0
3186,88,0
3187,88,0
3188,88,0
3189,88,0
3190,88,0
3191,88,0
3192,88,0
3193,88,0
3194,88,0
3195,88,0
3196,88,0
3197,84,0
3198,84,0
3199,84,0
3200,84,0
3201,88,0
3202,88,0
3203,88,0
3204,88,0
3205,88,0
3206,88,0
3207,88,0
3208,88,0
3209,88,0
3210,88,0
3211,88,0
3212,88,0
3213,88,0
3214,88,0
3215,88,0
3216,88,0
3217,88,0
3218,88,0
3219,88,0
3220,88,0
3221,88,0
3222,88,0
3223,88,0
3224,88,0
3225,84,0
3226,84,0
3227,84,0
3228,84,0
3229,84,0
3230,84,0
3231,84,0
3232,84,0
3233,84,0
3234,84,0
3235,84,0
3236,84,0
3237,84,0
3238,84,0
3239,84,0
3240,84,0
3241,84,0
3242,84,0
3243,84,0
3244,84,0
3245,84,0
3246,84,0
3247,84,0
3248,84,0
3249,84,0
3250,84,0
3251,88,0
3252,88,0
3253,88,0
3254,88,0
3255,88,0
3256,88,0
3257,88,0
3258,88,0
3259,88,0
3260,88,0
3261,88,0
3262,88,0
3263,88,0
3264,88,0
3265,88,0
3266,88,0
3267,88,0
3268,88,0
3269,88,0
3270,88,0
3271,88,0
3272,88,0
3273,88,0
3274,88,0
3275,88,0
3276,88,0
3277,88,0
3278,88,0
3279,88,0
3280,88,0
3281,88,0
3282,88,0
3283,88,0
3284,88,0
3285,88,0
3286,88,0
3287,88,0
3288,88,0
3289,88,0
3290,88,0
3291,88,0
3292,88,0
3293,88,0
3294,88,0
3295,88,0
3296,88,0
3297,88,0
3298,88,0
3299,88,0
3300,88,0
3301,88,0
3302,88,0
3303,88,0
3304,88,0
3305,88,0
3306,88,0
3307,88,0
3308,88,0
3309,88,0
3310,88,0
3311,88,0
3312,88,0
3313,88,0
3314,88,0
3315,88,0
3316,88,0
3317,84,0
3318,88,0
3319,88,0
3320,84,0
3321,88,0
3322,84,0
3323,84,0
3324,84,0
3325,84,0
3326,84,0
3327,84,0
3328,84,0
3329,84,0
3330,84,0
3331,84,0
3332,84,0
3333,84,0
3334,84,0
3335,84,0
3336,84,0
3337,84,0
3338,84,0
3339,84,0
3340,84,0
3341,84,0
3342,84,0
3343,84,0
3344,84,0
3345,84,0
3346,84,0
3347,84,0
3348,84,0
3349,84,0
3350,84,0
3351,84,0
3352,84,0
3353,84,0
3354,84,0
3355,84,0
3356,84,0
3357,84,0
3358,84,0
3359,84,0
3360,84,0
3361,84,0
3362,84,0
3363,84,0
3364,84,0
3365,84,0
3366,84,0
3367,84,0
3368,88,0
3369,88,0
3370,88,0
3371,88,0
3372,88,0
3373,88,0
3374,88,0
3375,88,0
3376,88,0
3377,88,0
3378,88,0
3379,88,0
3380,88,0
3381,88,0
3382,88,0
3383,88,0
3384,92,0
3385,88,0
3386,88,0
3387,88,0
3388,84,0
3389,84,0
3390,88,0
3391,88,0
3392,84,0
3393,88,0
3394,84,0
3395,88,0
3396,84,0
3397,88,0
3398,84,0
3399,88,0
3400,84,0
3401,88,0
3402,88,0
3403,88,0
3404,84,0
3405,84,0
3406,88,0
3407,88,0
3408,84,0
3409,84,0
3410,88,0
3411,88,0
3412,84,0
3413,84,0
3414,88,0
3415,88,0
3416,84,0
3417,84,0
3418,88,0
3419,88,0
3420,84,0
3421,84,0
3422,88,0
3423,88,0
3424,84,0
3425,84,0
3426,88,0
3427,88,0
3428,84,0
3429,84,0
3430,88,0
3431,88,0
3432,84,0
3433,84,0
3434,88,0
3435,88,0
3436,84,0
3437,84,0
3438,88,0
3439,88,0
3440,84,0
3441,84,0
3442,88,0
3443,88,0
3444,84,0
3445,84,0
3446,88,0
3447,88,0
3448,84,0
3449,84,0
3450,88,0
3451,88,0
3452,84,0
3453,84,0
3454,88,0
3455,88,0
3456,84,0
3457,84,0
3458,88,0
3459,88,0
3460,84,0
3461,84,0
3462,88,0
3463,88,0
3464,84,0
3465,84,0
3466,88,0
3467,88,0
3468,84,0
3469,84,0
3470,88,0
3471,88,0
3472,84,0
3473,84,0
3474,88,0
3475,88,0
3476,84,0
3477,84,0
3478,88,0
3479,88,0
3480,84,0
3481,84,0
3482,88,0
3483,88,0
3484,84,0
3485,84,0
3486,88,0
3487,88,0
3488,84,0
3489,84,0
3490,88,0
3491,88,0
3492,84,0
3493,84,0
3494,88,0
3495,88,0
3496,84,0
3497,84,0
3498,88,0
3499,88,0
3500,84,0
3501,84,0
3502,88,0
3503,84,0
3504,88,0
3505,88,0
3506,84,0
3507,88,0
3508,84,0
3509,84,0
3510,88,0
3511,88,0
3512,84,0
3513,84,0
3514,88,0
3515,88,0
3516,84,0
3517,84,0
3518,88,0
3519,88,0
3520,84,0
3521,84,0
3522,88,0
3523,88,0
3524,84,0
3525,84,0
3526,88,0
3527,88,0
3528,84,0
3529,88,0
3530,84,0
3531,88,0
3532,88,0
3533,88,0
3534,88,0
3535,88,0
3536,88,0
3537,88,0
3538,84,0
3539,84,0
3540,88,0
3541,84,0
3542,88,0
3543,84,0
3544,88,0
3545,84,0
3546,88,0
3547,84,0
3548,88,0
3549,84,0
3550,88,0
3551,88,0
3552,88,0
3553,88,0
3554,84,0
3555,84,0
3556,84,0
3557,84,0
3558,84,0
3559,84,0
3560,84,0
3561,84,0
3562,88,0
3563,88,0
3564,84,0
3565,84,0
3566,88,0
3567,88,0
3568,84,0
3569,84,0
3570,88,0
3571,88,0
3572,84,0
3573,84,0
3574,88,0
3575,88,0
3576,84,0
3577,84,0
3578,84,0
3579,84,0
3580,88,0
3581,88,0
3582,84,0
3583,84,0
3584,88,0
3585,88,0
3586,84,0
3587,84,0
3588,88,0
3589,88,0
3590,84,0
3591,84,0
3592,88,0
3593,88,0
3594,84,0
3595,84,0
3596,88,0
3597,88,0
3598,84,0
3599,84,0
3600,88,0
3601,88,0
3602,84,0
3603,84,0
3604,88,0
3605,88,0
3606,84,0
3607,84,0
3608,88,0
3609,88,0
3610,84,0
3611,84,0
3612,88,0
3613,88,0
3614,84,0
3615,84,0
3616,88,0
3617,88,0
3618,84,0
3619,84,0
3620,88,0
3621,88,0
3622,84,0
3623,84,0
3624,88,0
3625,88,0
3626,84,0
3627,84,0
3628,88,0
3629,88,0
3630,84,0
3631,88,0
3632,84,0
3633,84,0
3634,88,0
3635,88,0
3636,84,0
3637,88,0
3638,84,0
3639,84,0
3640,88,0
3641,88,0
3642,84,0
3643,84,0
3644,88,0
3645,88,0
3646,84,0
3647,84,0
3648,88,0
3649,88,0
3650,84,0
3651,84,0
3652,88,0
3653,88,0
3654,84,0
3655,84,0
3656,88,0
3657,88,0
3658,84,0
3659,84,0
3660,88,0
3661,88,0
3662,84,0
3663,84,0
3664,88,0
3665,88,0
3666,84,0
3667,84,0
3668,88,0
3669,88,0
3670,84,0
3671,84,0
3672,88,0
3673,88,0
3674,84,0
3675,84,0
3676,88,0
3677,88,0
3678,84,0
3679,84,0
3680,88,0
3681,88,0
3682,84,0
3683,84,0
3684,88,0
3685,88,0
3686,84,0
3687,84,0
3688,88,0
3689,88,0
3690,84,0
3691,84,0
3692,88,0
3693,88,0
3694,84,0
3695,84,0
3696,88,0
3697,88,0
3698,84,0
3699,84,0
3700,88,0
3701,88,0
3702,84,0
3703,84,0
3704,88,0
3705,88,0
3706,84,0
3707,84,0
3708,88,0
3709,88,0
3710,84,0
3711,84,0
3712,88,0
3713,88,0
3714,84,0
3715,84,0
3716,88,0
3717,88,0
3718,84,0
3719,84,0
3720,88,0
3721,88,0
3722,84,0
3723,84,0
3724,88,0
3725,88,0
3726,84,0
3727,84,0
3728,88,0
3729,84,0
3730,88,0
3731,84,0
3732,88,0
3733,88,0
3734,84,0
3735,84,0
3736,88,0
3737,88,0
3738,84,0
3739,84,0
3740,88,0
3741,88,0
3742,84,0
3743,84,0
3744,88,0
3745,88,0
3746,84,0
3747,84,0
3748,88,0
3749,88,0
3750,84,0
3751,84,0
3752,88,0
3753,88,0
3754,84,0
3755,84,0
3756,88,0
3757,88,0
3758,84,0
3759,84,0
3760,88,0
3761,88,0
3762,84,0
3763,84,0
3764,88,0
3765,88,0
3766,84,0
3767,84,0
3768,88,0
3769,88,0
3770,84,0
3771,84,0
3772,88,0
3773,88,0
3774,84,0
3775,84,0
3776,88,0
3777,88,0
3778,84,0
3779,84,0
3780,88,0
3781,88,0
3782,84,0
3783,84,0
3784,88,0
3785,88,0
3786,84,0
3787,84,0
3788,88,0
3789,88,0
3790,84,0
3791,84,0
3792,88,0
3793,88,0
3794,84,0
3795,92,0
3796,84,0
3797,88,0
3798,88,0
3799,88,0
3800,88,0
3801,84,0
3802,84,0
3803,84,0
3804,88,0
3805,84,0
3806,84,0
3807,88,0
3808,88,0
3809,84,0
3810,84,0
3811,88,0
3812,88,0
3813,88,0
3814,84,0
3815,88,0
3816,88,0
3817,84,0
3818,84,0
3819,88,0
3820,88,0
3821,84,0
3822,84,0
3823,88,0
3824,88,0
3825,84,0
3826,88,0
3827,88,0
3828,84,0
3829,84,0
3830,84,0
3831,84,0
3832,84,0
3833,84,0
3834,88,0
3835,88,0
3836,88,0
3837,88,0
3838,88,0
3839,88,0
3840,88,0
3841,88,0
3842,88,0
3843,84,0
3844,84,0
3845,84,0
3846,84,0
3847,84,0
3848,84,0
3849,84,0
3850,84,0
3851,84,0
3852,88,0
3853,88,0
3854,88,0
3855,88,0
3856,88,0
3857,88,0
3858,88,0
3859,88,0
3860,88,0
3861,84,0
3862,84,0
3863,84,0
3864,84,0
3865,84,0
3866,84,0
3867,84,0
3868,84,0
3869,84,0
3870,88,0
3871,88,0
3872,88,0
3873,88,0
3874,88,0
3875,88,0
3876,88,0
3877,88,0
3878,88,0
3879,84,0
3880,84,0
3881,84,0
3882,84,0
3883,84,0
3884,84,0
3885,84,0
3886,84,0
3887,84,0
3888,88,0
3889,88,0
3890,88,0
3891,88,0
3892,88,0
3893,88,0
3894,88,0
3895,88,0
3896,88,0
3897,84,0
3898,84,0
3899,84,0
3900,84,0
3901,84,0
3902,84,0
3903,84,0
3904,84,0
3905,84,0
3906,88,0
3907,88,0
3908,88,0
3909,88,0
3910,88,0
3911,88,0
3912,88,0
3913,88,0
3914,88,0
3915,84,0
3916,84,0
3917,88,0
3918,84,0
3919,84,0
3920,88,0
3921,88,0
3922,84,0
3923,84,0
3924,88,0
3925,88,0
3926,84,0
3927,84,0
3928,88,0
3929,88,0
3930,88,0
3931,84,0
3932,88,0
3933,84,0
3934,88,0
3935,88,0
3936,88,0
3937,88,0
3938,88,0
3939,88,0
3940,88,0
3941,88,0
3942,84,0
3943,84,0
3944,84,0
3945,84,0
3946,84,0
3947,84,0
3948,84,0
3949,84,0
3950,84,0
3951,84,0
3952,88,0
3953,84,0
3954,84,0
3955,88,0
3956,88,0
3957,88,0
3958,84,0
3959,88,0
3960,88,0
3961,88,0
3962,88,0
3963,88,0
3964,88,0
3965,88,0
3966,88,0
3967,88,0
3968,88,0
3969,88,0
3970,84,0
3971,88,0
3972,88,0
3973,88,0
3974,88,0
3975,88,0
3976,88,0
3977,84,0
3978,84,0
3979,84,0
3980,84,0
3981,84,0
3982,84,0
3983,84,0
3984,84,0
3985,88,0
3986,88,0
3987,88,0
3988,88,0
3989,84,0
3990,84,0
3991,84,0
3992,84,0
3993,84,0
3994,88,0
3995,84,0
3996,84,0
3997,84,0
3998,84,0
3999,84,0
4000,84,0
4001,84,0
4002,88,0
4003,84,0
4004,84,0
4005,84,0
4006,84,0
4007,84,0
4008,88,0
4009,84,0
4010,84,0
4011,84,0
4012,88,0
4013,84,0
4014,84,0
4015,84,0
4016,84,0
4017,88,0
4018,88,0
4019,88,0
4020,88,0
4021,88,0
4022,88,0
4023,88,0
4024,88,0
4025,88,0
4026,88,0
4027,88,0
4028,88,0
4029,88,0
4030,84,0
4031,84,0
4032,84,0
4033,84,0
4034,84,0
4035,84,0
4036,84,0
4037,84,0
4038,84,0
4039,88,0
4040,84,0
4041,88,0
4042,88,0
4043,88,0
4044,88,0
4045,84,0
4046,84,0
4047,84,0
4048,88,0
4049,88,0
4050,88,0
4051,88,0
4052,88,0
4053,88,0
4054,88,0
4055,88,0
4056,88,0
4057,84,0
4058,84,0
4059,84,0
4060,84,0
4061,84,0
4062,84,0
4063,84,0
4064,84,0
4065,84,0
4066,88,0
4067,84,0
4068,84,0
4069,84,0
4070,84,0
4071,88,0
4072,84,0
4073,88,0
4074,88,0
4075,84,0
4076,84,0
4077,84,0
4078,84,0
4079,84,0
4080,84,0
4081,84,0
4082,84,0
4083,84,0
4084,88,0
4085,88,0
4086,88,0
4087,88,0
4088,88,0
4089,88,0
4090,88,0
4091,88,0
4092,88,0
4093,84,0
4094,84,0
4095,84,0
4096,84,0
4097,84,0
4098,84,0
4099,84,0
4100,84,0
4101,84,0
4102,88,0
4103,88,0
4104,88,0
4105,88,0
4106,88,0
4107,88,0
4108,88,0
4109,88,0
4110,88,0
4111,84,0
4112,84,0
4113,84,0
4114,84,0
4115,84,0
4116,84,0
4117,84,0
4118,84,0
4119,84,0
4120,88,0
4121,88,0
4122,88,0
4123,88,0
4124,88,0
4125,88,0
4126,88,0
4127,88,0
4128,88,0
4129,84,0
4130,84,0
4131,84,0
4132,84,0
4133,84,0
4134,84,0
4135,84,0
4136,88,0
4137,88,0
4138,84,0
4139,88,0
4140,88,0
4141,88,0
4142,88,0
4143,88,0
4144,88,0
4145,88,0
4146,88,0
4147,84,0
4148,84,0
4149,88,0
4150,88,0
4151,88,0
4152,88,0
4153,88,0
4154,88,0
4155,88,0
4156,84,0
4157,84,0
4158,84,0
4159,84,0
4160,84,0
4161,84,0
4162,88,0
4163,84,0
4164,84,0
4165,88,0
4166,88,0
4167,88,0
4168,88,0
4169,88,0
4170,88,0
4171,88,0
4172,88,0
4173,88,0
4174,84,0
4175,84,0
4176,84,0
4177,84,0
4178,84,0
4179,84,0
4180,84,0
4181,84,0
4182,84,0
4183,88,0
4184,88,0
4185,88,0
4186,88,0
4187,84,0
4188,84,0
4189,84,0
4190,84,0
4191,84,0
4192,88,0
4193,88,0
4194,88,0
4195,88,0
4196,88,0
4197,88,0
4198,88,0
4199,88,0
4200,88,0
4201,84,0
4202,84,0
4203,92,0
4204,84,0
4205,88,0
4206,88,0
4207,88,0
4208,84,0
4209,88,0
4210,84,0
4211,88,0
4212,84,0
4213,84,0
4214,88,0
4215,88,0
4216,84,0
4217,84,0
4218,88,0
4219,88,0
4220,84,0
4221,84,0
4222,88,0
4223,88,0
4224,84,0
4225,84,0
4226,88,0
4227,88,0
4228,84,0
4229,84,0
4230,88,0
4231,88,0
4232,84,0
4233,84,0
4234,88,0
4235,84,0
4236,88,0
4237,88,0
4238,84,0
4239,84,0
4240,88,0
4241,88,0
4242,84,0
4243,84,0
4244,88,0
4245,88,0
4246,84,0
4247,84,0
4248,88,0
4249,88,0
4250,84,0
4251,84,0
4252,88,0
4253,88,0
4254,84,0
4255,84,0
4256,88,0
4257,88,0
4258,84,0
4259,84,0
4260,88,0
4261,88,0
4262,84,0
4263,84,0
4264,88,0
4265,88,0
4266,84,0
4267,84,0
4268,88,0
4269,88,0
4270,84,0
4271,84,0
4272,88,0
4273,88,0
4274,84,0
4275,84,0
4276,88,0
4277,88,0
4278,84,0
4279,84,0
4280,88,0
4281,88,0
4282,84,0
4283,84,0
4284,88,0
4285,88,0
4286,84,0
4287,84,0
4288,88,0
4289,88,0
4290,84,0
4291,84,0
4292,88,0
4293,88,0
4294,84,0
4295,84,0
4296,88,0
4297,88,0
4298,84,0
4299,84,0
4300,88,0
4301,88,0
4302,84,0
4303,84,0
4304,88,0
4305,88,0
4306,84,0
4307,84,0
4308,88,0
4309,88,0
4310,84,0
4311,84,0
4312,88,0
4313,88,0
4314,84,0
4315,84,0
4316,88,0
4317,88,0
4318,84,0
4319,84,0
4320,88,0
4321,88,0
4322,84,0
4323,84,0
4324,88,0
4325,88,0
4326,88,0
4327,88,0
4328,84,0
4329,84,0
4330,88,0
4331,88,0
4332,84,0
4333,84,0
4334,84,0
4335,84,0
4336,88,0
4337,84,0
4338,84,0
4339,84,0
4340,84,0
4341,84,0
4342,84,0
4343,84,0
4344,88,0
4345,88,0
4346,84,0
4347,88,0
4348,88,0
4349,84,0
4350,88,0
4351,84,0
4352,84,0
4353,88,0
4354,88,0
4355,88,0
4356,88,0
4357,88,0
4358,84,0
4359,84,0
4360,88,0
4361,84,0
4362,84,0
4363,84,0
4364,88,0
4365,84,0
4366,88,0
4367,84,0
4368,84,0
4369,84,0
4370,88,0
4371,88,0
4372,88,0
4373,88,0
4374,88,0
4375,88,0
4376,88,0
4377,88,0
4378,88,0
4379,88,0
4380,84,0
4381,84,0
4382,88,0
4383,88,0
4384,84,0
4385,84,0
4386,88,0
4387,88,0
4388,84,0
4389,84,0
4390,88,0
4391,88,0
4392,84,0
4393,84,0
4394,88,0
4395,88,0
4396,84,0
4397,84,0
4398,88,0
4399,84,0
4400,88,0
4401,88,0
4402,84,0
4403,84,0
4404,88,0
4405,88,0
4406,84,0
4407,84,0
4408,88,0
4409,88,0
4410,84,0
4411,84,0
4412,88,0
4413,88,0
4414,84,0
4415,84,0
4416,88,0
4417,88,0
4418,84,0
4419,84,0
4420,88,0
4421,88,0
4422,84,0
4423,84,0
4424,88,0
4425,88,0
4426,84,0
4427,84,0
4428,88,0
4429,88,0
4430,84,0
4431,84,0
4432,88,0
4433,88,0
4434,84,0
4435,84,0
4436,88,0
4437,88,0
4438,84,0
4439,84,0
4440,88,0
4441,88,0
4442,84,0
4443,84,0
4444,88,0
4445,88,0
4446,84,0
4447,84,0
4448,88,0
4449,88,0
4450,84,0
4451,84,0
4452,88,0
4453,88,0
4454,84,0
4455,84,0
4456,88,0
4457,88,0
4458,84,0
4459,84,0
4460,88,0
4461,88,0
4462,84,0
4463,88,0
4464,84,0
4465,84,0
4466,88,0
4467,88,0
4468,84,0
4469,84,0
4470,88,0
4471,88,0
4472,84,0
4473,84,0
4474,88,0
4475,88,0
4476,84,0
4477,84,0
4478,88,0
4479,88,0
4480,88,0
4481,88,0
4482,84,0
4483,84,0
4484,88,0
4485,88,0
4486,84,0
4487,84,0
4488,88,0
4489,88,0
4490,84,0
4491,84,0
4492,88,0
4493,88,0
4494,84,0
4495,84,0
4496,88,0
4497,88,0
4498,84,0
4499,84,0
4500,88,0
4501,88,0
4502,84,0
4503,84,0
4504,88,0
4505,88,0
4506,84,0
4507,84,0
4508,88,0
4509,88,0
4510,84,0
4511,84,0
4512,88,0
4513,88,0
4514,84,0
4515,84,0
4516,88,0
4517,88,0
4518,84,0
4519,84,0
4520,88,0
4521,88,0
4522,84,0
4523,84,0
4524,88,0
4525,88,0
4526,84,0
4527,84,0
4528,88,0
4529,88,0
4530,84,0
4531,84,0
4532,88,0
4533,88,0
4534,84,0
4535,84,0
4536,88,0
4537,88,0
4538,84,0
4539,84,0
4540,88,0
4541,88,0
4542,84,0
4543,84,0
4544,88,0
4545,88,0
4546,84,0
4547,88,0
4548,84,0
4549,88,0
4550,84,0
4551,88,0
4552,84,0
4553,84,0
4554,88,0
4555,88,0
4556,84,0
4557,84,0
4558,88,0
4559,84,0
4560,88,0
4561,88,0
4562,84,0
4563,84,0
4564,88,0
4565,88,0
4566,84,0
4567,84,0
4568,88,0
4569,88,0
4570,84,0
4571,84,0
4572,88,0
4573,88,0
4574,84,0
4575,84,0
4576,88,0
4577,88,0
4578,84,0
4579,84,0
4580,88,0
4581,88,0
4582,84,0
4583,84,0
4584,88,0
4585,88,0
4586,84,0
4587,84,0
4588,88,0
4589,88,0
4590,84,0
4591,88,0
4592,84,0
4593,84,0
4594,88,0
4595,88,0
4596,84,0
4597,84,0
4598,88,0
4599,88,0
4600,84,0
4601,84,0
4602,88,0
4603,88,0
4604,84,0
4605,84,0
4606,88,0
4607,88,0
4608,84,0
4609,84,0
4610,88,0
4611,88,0
4612,84,0
4613,84,0
4614,88,0
4615,88,0
4616,84,0
4617,84,0
4618,88,0
4619,88,0
4620,84,0
4621,84,0
4622,88,0
4623,88,0
4624,84,0
4625,84,0
4626,88,0
4627,88,0
4628,84,0
4629,84,0
4630,88,0
4631,88,0
4632,84,0
4633,84,0
4634,88,0
4635,88,0
4636,84,0
4637,84,0
4638,88,0
4639,88,0
4640,84,0
4641,84,0
4642,88,0
4643,88,0
4644,84,0
4645,84,0
4646,88,0
4647,88,0
4648,84,0
4649,84,0
4650,88,0
4651,88,0
4652,84,0
4653,84,0
4654,88,0
4655,88,0
4656,84,0
4657,84,0
4658,88,0
4659,88,0
4660,84,0
4661,84,0
4662,88,0
4663,88,0
4664,84,0
4665,84,0
4666,88,0
4667,88,0
4668,84,0
4669,84,0
4670,88,0
4671,88,0
4672,84,0
4673,84,0
4674,88,0
4675,88,0
4676,84,0
4677,84,0
4678,88,0
4679,88,0
4680,84,0
4681,84,0
4682,88,0
4683,88,0
4684,84,0
4685,84,0
4686,88,0
4687,88,0
4688,84,0
4689,84,0
4690,88,0
4691,88,0
4692,84,0
4693,84,0
4694,88,0
4695,88,0
4696,84,0
4697,84,0
4698,88,0
4699,88,0
4700,84,0
4701,84,0
4702,88,0
4703,88,0
4704,84,0
4705,84,0
4706,88,0
4707,88,0
4708,84,0
4709,84,0
4710,88,0
4711,88,0
4712,84,0
4713,84,0
4714,88,0
4715,88,0
4716,84,0
4717,84,0
4718,88,0
4719,88,0
4720,84,0
4721,84,0
4722,88,0
4723,88,0
4724,84,0
4725,84,0
4726,88,0
4727,88,0
4728,84,0
4729,84,0
4730,88,0
4731,88,0
4732,84,0
4733,84,0
4734,88,0
4735,84,0
4736,84,0
4737,84,0
4738,88,0
4739,88,0
4740,84,0
4741,84,0
4742,88,0
4743,88,0
4744,88,0
4745,84,0
4746,88,0
4747,84,0
4748,84,0
4749,84,0
4750,84,0
4751,84,0
4752,88,0
4753,88,0
4754,84,0
4755,84,0
4756,84,0
4757,84,0
4758,84,0
4759,84,0
4760,84,0
4761,88,0
4762,88,0
4763,88,0
4764,84,0
4765,84,0
4766,84,0
4767,84,0
4768,88,0
4769,88,0
4770,84,0
4771,84,0
4772,88,0
4773,88,0
4774,84,0
4775,84,0
4776,88,0
4777,84,0
4778,88,0
4779,88,0
4780,88,0
4781,88,0
4782,88,0
4783,88,0
4784,88,0
4785,88,0
4786,88,0
4787,88,0
4788,88,0
4789,88,0
4790,84,0
4791,84,0
4792,88,0
4793,88,0
4794,84,0
4795,84,0
4796,88,0
4797,88,0
4798,84,0
4799,84,0
4800,88,0
4801,88,0
4802,88,0
4803,88,0
4804,84,0
4805,84,0
4806,88,0
4807,88,0
4808,84,0
4809,84,0
4810,88,0
4811,88,0
4812,84,0
4813,84,0
4814,88,0
4815,84,0
4816,88,0
4817,88,0
4818,84,0
4819,84,0
4820,88,0
4821,88,0
4822,84,0
4823,84,0
4824,88,0
4825,88,0
4826,84,0
4827,84,0
4828,88,0
4829,88,0
4830,84,0
4831,84,0
4832,88,0
4833,88,0
4834,84,0
4835,84,0
4836,88,0
4837,88,0
4838,84,0
4839,88,0
4840,84,0
4841,84,0
4842,88,0
4843,88,0
4844,84,0
4845,84,0
4846,88,0
4847,88,0
4848,84,0
4849,84,0
4850,88,0
4851,88,0
4852,84,0
4853,84,0
4854,88,0
4855,88,0
4856,84,0
4857,84,0
4858,88,0
4859,88,0
4860,84,0
4861,84,0
4862,88,0
4863,88,0
4864,84,0
4865,84,0
4866,88,0
4867,88,0
4868,84,0
4869,84,0
4870,88,0
4871,88,0
4872,84,0
4873,84,0
4874,88,0
4875,88,0
4876,84,0
4877,84,0
4878,88,0
4879,88,0
4880,84,0
4881,84,0
4882,88,0
4883,88,0
4884,84,0
4885,84,0
4886,88,0
4887,88,0
4888,84,0
4889,84,0
4890,88,0
4891,88,0
4892,84,0
4893,84,0
4894,88,0
4895,88,0
4896,84,0
4897,84,0
4898,88,0
4899,88,0
4900,84,0
4901,84,0
4902,88,0
4903,88,0
4904,84,0
4905,84,0
4906,88,0
4907,88,0
4908,84,0
4909,84,0
4910,88,0
4911,88,0
4912,84,0
4913,84,0
4914,88,0
4915,88,0
4916,84,0
4917,84,0
4918,88,0
4919,88,0
4920,84,0
4921,84,0
4922,88,0
4923,88,0
4924,84,0
4925,84,0
4926,88,0
4927,88,0
4928,84,0
4929,84,0
4930,88,0
4931,88,0
4932,84,0
4933,84,0
4934,88,0
4935,88,0
4936,84,0
4937,84,0
4938,88,0
4939,88,0
4940,84,0
4941,84,0
4942,88,0
4943,88,0
4944,84,0
4945,84,0
4946,88,0
4947,88,0
4948,84,0
4949,84,0
4950,88,0
4951,88,0
4952,84,0
4953,84,0
4954,88,0
4955,84,0
4956,88,0
4957,84,0
4958,88,0
4959,84,0
4960,88,0
4961,84,0
4962,88,0
4963,88,0
4964,84,0
4965,84,0
4966,88,0
4967,88,0
4968,84,0
4969,84,0
4970,88,0
4971,88,0
4972,84,0
4973,84,0
4974,88,0
4975,88,0
4976,84,0
4977,84,0
4978,88,0
4979,88,0
4980,84,0
4981,84,0
4982,88,0
4983,88,0
4984,84,0
4985,84,0
4986,88,0
4987,88,0
4988,84,0
4989,84,0
4990,88,0
4991,88,0
4992,84,0
4993,84,0
4994,88,0
4995,88,0
4996,84,0
4997,84,0
4998,88,0
4999,88,0
5000,84,0
5001,84,0
5002,88,0
5003,88,0
5004,84,0
5005,84,0
5006,88,0
5007,88,0
5008,84,0
5009,84,0
5010,88,0
5011,88,0
5012,84,0
5013,84,0
5014,88,0
5015,88,0
5016,84,0
5017,84,0
5018,88,0
5019,88,0
5020,84,0
5021,84,0
5022,96,0
5023,84,0
5024,88,0
5025,84,0
5026,88,0
5027,84,0
5028,88,0
5029,84,0
5030,84,0
5031,84,0
5032,88,0
5033,88,0
5034,84,0
5035,84,0
5036,88,0
5037,88,0
5038,84,0
5039,84,0
5040,88,0
5041,88,0
5042,84,0
5043,84,0
5044,88,0
5045,88,0
5046,84,0
5047,84,0
5048,88,0
5049,88,0
5050,84,0
5051,84,0
5052,88,0
5053,88,0
5054,84,0
5055,84,0
5056,88,0
5057,88,0
5058,84,0
5059,84,0
5060,88,0
5061,88,0
5062,84,0
5063,84,0
5064,88,0
5065,88,0
5066,84,0
5067,84,0
5068,88,0
5069,88,0
5070,84,0
5071,84,0
5072,88,0
5073,88,0
5074,84,0
5075,84,0
5076,88,0
5077,88,0
5078,84,0
5079,84,0
5080,88,0
5081,88,0
5082,84,0
5083,84,0
5084,88,0
5085,88,0
5086,84,0
5087,84,0
5088,88,0
5089,88,0
5090,84,0
5091,84,0
5092,88,0
5093,88,0
5094,84,0
5095,84,0
5096,88,0
5097,88,0
5098,84,0
5099,84,0
5100,88,0
5101,88,0
5102,84,0
5103,84,0
5104,88,0
5105,88,0
5106,84,0
5107,84,0
5108,88,0
5109,88,0
5110,84,0
5111,84,0
5112,88,0
5113,88,0
5114,84,0
5115,84,0
5116,88,0
5117,88,0
5118,84,0
5119,84,0
5120,88,0
5121,88,0
5122,84,0
5123,84,0
5124,88,0
5125,88,0
5126,84,0
5127,84,0
5128,88,0
5129,88,0
5130,84,0
5131,84,0
5132,88,0
5133,88,0
5134,84,0
5135,84,0
5136,88,0
5137,88,0
5138,84,0
5139,84,0
5140,88,0
5141,88,0
5142,84,0
5143,84,0
5144,88,0
5145,88,0
5146,84,0
5147,84,0
5148,88,0
5149,88,0
5150,84,0
5151,84,0
5152,88,0
5153,84,0
5154,88,0
5155,88,0
5156,84,0
5157,88,0
5158,84,0
5159,84,0
5160,88,0
5161,84,0
5162,84,0
5163,84,0
5164,88,0
5165,84,0
5166,88,0
5167,84,0
5168,84,0
5169,88,0
5170,88,0
5171,88,0
5172,84,0
5173,84,0
5174,88,0
5175,84,0
5176,84,0
5177,88,0
5178,84,0
5179,88,0
5180,84,0
5181,84,0
5182,88,0
5183,88,0
5184,88,0
5185,88,0
5186,84,0
5187,84,0
5188,88,0
5189,84,0
5190,84,0
5191,88,0
5192,84,0
5193,88,0
5194,88,0
5195,84,0
5196,84,0
5197,88,0
5198,88,0
5199,84,0
5200,88,0
5201,84,0
5202,88,0
5203,84,0
5204,88,0
5205,84,0
5206,88,0
5207,84,0
5208,88,0
5209,84,0
5210,88,0
5211,84,0
5212,88,0
5213,84,0
5214,88,0
5215,84,0
5216,88,0
5217,84,0
5218,88,0
5219,84,0
5220,88,0
5221,84,0
5222,88,0
5223,84,0
5224,84,0
5225,88,0
5226,84,0
5227,88,0
5228,84,0
5229,88,0
5230,84,0
5231,88,0
5232,84,0
5233,88,0
5234,84,0
5235,88,0
5236,84,0
5237,88,0
5238,84,0
5239,88,0
5240,84,0
5241,88,0
5242,84,0
5243,88,0
5244,84,0
5245,84,0
5246,84,0
5247,88,0
5248,84,0
5249,84,0
5250,84,0
5251,88,0
5252,84,0
5253,88,0
5254,84,0
5255,88,0
5256,84,0
5257,88,0
5258,84,0
5259,88,0
5260,84,0
5261,88,0
5262,84,0
5263,88,0
5264,84,0
5265,88,0
5266,84,0
5267,88,0
5268,84,0
5269,88,0
5270,84,0
5271,88,0
5272,84,0
5273,88,0
5274,84,0
5275,88,0
5276,84,0
5277,88,0
5278,84,0
5279,88,0
5280,84,0
5281,88,0
5282,84,0
5283,88,0
5284,84,0
5285,88,0
5286,84,0
5287,88,0
5288,84,0
5289,88,0
5290,84,0
5291,88,0
5292,84,0
5293,88,0
5294,84,0
5295,88,0
5296,84,0
5297,88,0
5298,88,0
5299,84,0
5300,84,0
5301,88,0
5302,84,0
5303,88,0
5304,84,0
5305,88,0
5306,84,0
5307,88,0
5308,84,0
5309,88,0
5310,84,0
5311,88,0
5312,84,0
5313,88,0
5314,84,0
5315,88,0
5316,84,0
5317,88,0
5318,84,0
5319,88,0
5320,84,0
5321,88,0
5322,84,0
5323,88,0
5324,84,0
5325,88,0
5326,84,0
5327,88,0
5328,84,0
5329,88,0
5330,84,0
5331,88,0
5332,84,0
5333,88,0
5334,84,0
5335,88,0
5336,84,0
5337,88,0
5338,84,0
5339,88,0
5340,84,0
5341,88,0
5342,84,0
5343,88,0
5344,84,0
5345,88,0
5346,84,0
5347,88,0
5348,84,0
5349,88,0
5350,84,0
5351,88,0
5352,84,0
5353,88,0
5354,84,0
5355,88,0
5356,84,0
5357,88,0
5358,84,0
5359,88,0
5360,84,0
5361,88,0
5362,84,0
5363,88,0
5364,84,0
5365,88,0
5366,84,0
5367,84,0
5368,88,0
5369,88,0
5370,84,0
5371,84,0
5372,84,0
5373,88,0
5374,84,0
5375,88,0
5376,84,0
5377,88,0
5378,84,0
5379,88,0
5380,84,0
5381,88,0
5382,84,0
5383,88,0
5384,84,0
5385,88,0
5386,84,0
5387,88,0
5388,84,0
5389,88,0
5390,84,0
5391,88,0
5392,84,0
5393,88,0
5394,84,0
5395,88,0
5396,84,0
5397,88,0
5398,84,0
5399,88,0
5400,84,0
5401,88,0
5402,84,0
5403,84,0
5404,84,0
5405,88,0
5406,84,0
5407,88,0
5408,84,0
5409,88,0
5410,84,0
5411,88,0
5412,84,0
5413,88,0
5414,84,0
5415,88,0
5416,84,0
5417,88,0
5418,84,0
5419,88,0
5420,84,0
5421,88,0
5422,84,0
5423,88,0
5424,84,0
5425,88,0
5426,84,0
5427,88,0
5428,84,0
5429,88,0
5430,84,0
5431,88,0
5432,84,0
5433,88,0
5434,84,0
5435,88,0
5436,84,0
5437,88,0
5438,84,0
5439,88,0
5440,84,0
5441,88,0
5442,84,0
5443,88,0
5444,84,0
5445,88,0
5446,84,0
5447,88,0
5448,84,0
5449,88,0
5450,84,0
5451,88,0
5452,84,0
5453,88,0
5454,84,0
5455,88,0
5456,84,0
5457,88,0
5458,84,0
5459,88,0
5460,84,0
5461,88,0
5462,84,0
5463,88,0
5464,84,0
5465,88,0
5466,84,0
5467,88,0
5468,84,0
5469,88,0
5470,84,0
5471,88,0
5472,84,0
5473,88,0
5474,84,0
5475,88,0
5476,84,0
5477,88,0
5478,84,0
5479,88,0
5480,84,0
5481,88,0
5482,84,0
5483,88,0
5484,84,0
5485,88,0
5486,84,0
5487,88,0
5488,84,0
5489,88,0
5490,84,0
5491,88,0
5492,84,0
5493,88,0
5494,84,0
5495,88,0
5496,84,0
5497,88,0
5498,84,0
5499,88,0
5500,84,0
5501,88,0
5502,84,0
5503,88,0
5504,84,0
5505,88,0
5506,84,0
5507,88,0
5508,84,0
5509,88,0
5510,84,0
5511,88,0
5512,84,0
5513,88,0
5514,84,0
5515,88,0
5516,84,0
5517,88,0
5518,84,0
5519,88,0
5520,84,0
5521,88,0
5522,84,0
5523,88,0
5524,84,0
5525,88,0
5526,84,0
5527,88,0
5528,84,0
5529,88,0
5530,84,0
5531,88,0
5532,84,0
5533,88,0
5534,84,0
5535,88,0
5536,84,0
5537,88,0
5538,84,0
5539,88,0
5540,84,0
5541,88,0
5542,84,0
5543,88,0
5544,84,0
5545,88,0
5546,84,0
5547,88,0
5548,84,0
5549,88,0
5550,84,0
5551,88,0
5552,84,0
5553,88,0
5554,84,0
5555,88,0
5556,88,0
5557,84,0
5558,88,0
5559,84,0
5560,88,0
5561,84,0
5562,88,0
5563,84,0
5564,88,0
5565,84,0
5566,84,0
5567,84,0
5568,84,0
5569,88,0
5570,88,0
5571,88,0
5572,88,0
5573,88,0
5574,88,0
5575,84,0
5576,88,0
5577,84,0
5578,88,0
5579,84,0
5580,84,0
5581,88,0
5582,88,0
5583,88,0
5584,84,0
5585,88,0
5586,88,0
5587,84,0
5588,84,0
5589,88,0
5590,84,0
5591,88,0
5592,84,0
5593,84,0
5594,84,0
5595,88,0
5596,88,0
5597,84,0
5598,88,0
5599,84,0
5600,84,0
5601,88,0
5602,88,0
5603,84,0
5604,84,0
5605,88,0
5606,88,0
5607,84,0
5608,84,0
5609,88,0
5610,84,0
5611,88,0
5612,84,0
5613,88,0
5614,84,0
5615,88,0
5616,84,0
5617,88,0
5618,84,0
5619,88,0
5620,84,0
5621,88,0
5622,84,0
5623,88,0
5624,84,0
5625,88,0
5626,88,0
5627,84,0
5628,88,0
5629,84,0
5630,88,0
5631,84,0
5632,88,0
5633,84,0
5634,88,0
5635,84,0
5636,88,0
5637,84,0
5638,88,0
5639,84,0
5640,84,0
5641,88,0
5642,84,0
5643,88,0
5644,84,0
5645,88,0
5646,84,0
5647,88,0
5648,84,0
5649,88,0
5650,84,0
5651,88,0
5652,84,0
5653,88,0
5654,88,0
5655,84,0
5656,84,0
5657,88,0
5658,88,0
5659,84,0
5660,84,0
5661,88,0
5662,84,0
5663,88,0
5664,84,0
5665,88,0
5666,84,0
5667,88,0
5668,84,0
5669,88,0
5670,84,0
5671,88,0
5672,84,0
5673,88,0
5674,84,0
5675,88,0
5676,84,0
5677,88,0
5678,84,0
5679,88,0
5680,84,0
5681,88,0
5682,84,0
5683,88,0
5684,88,0
5685,84,0
5686,88,0
5687,84,0
5688,88,0
5689,84,0
5690,88,0
5691,84,0
5692,88,0
5693,84,0
5694,88,0
5695,84,0
5696,88,0
5697,84,0
5698,88,0
5699,84,0
5700,88,0
5701,84,0
5702,88,0
5703,84,0
5704,88,0
5705,84,0
5706,88,0
5707,84,0
5708,84,0
5709,88,0
5710,88,0
5711,84,0
5712,88,0
5713,84,0
5714,88,0
5715,84,0
5716,88,0
5717,84,0
5718,88,0
5719,84,0
5720,88,0
5721,84,0
5722,88,0
5723,84,0
5724,88,0
5725,84,0
5726,88,0
5727,84,0
5728,88,0
5729,84,0
5730,88,0
5731,84,0
5732,88,0
5733,84,0
5734,88,0
5735,84,0
5736,88,0
5737,84,0
5738,88,0
5739,84,0
5740,88,0
5741,84,0
5742,88,0
5743,84,0
5744,88,0
5745,84,0
5746,88,0
5747,84,0
5748,88,0
5749,84,0
5750,88,0
5751,84,0
5752,88,0
5753,84,0
5754,88,0
5755,84,0
5756,88,0
5757,84,0
5758,88,0
5759,84,0
5760,88,0
5761,84,0
5762,88,0
5763,84,0
5764,88,0
5765,84,0
5766,88,0
5767,84,0
5768,88,0
5769,84,0
5770,88,0
5771,84,0
5772,88,0
5773,84,0
5774,84,0
5775,84,0
5776,88,0
5777,88,0
5778,84,0
5779,84,0
5780,88,0
5781,88,0
5782,88,0
5783,84,0
5784,88,0
5785,84,0
5786,88,0
5787,84,0
5788,88,0
5789,84,0
5790,88,0
5791,84,0
5792,88,0
5793,84,0
5794,88,0
5795,84,0
5796,88,0
5797,84,0
5798,88,0
5799,84,0
5800,88,0
5801,84,0
5802,88,0
5803,84,0
5804,88,0
5805,84,0
5806,88,0
5807,84,0
5808,88,0
5809,84,0
5810,88,0
5811,84,0
5812,88,0
5813,84,0
5814,88,0
5815,84,0
5816,88,0
5817,84,0
5818,88,0
5819,84,0
5820,88,0
5821,84,0
5822,88,0
5823,84,0
5824,88,0
5825,84,0
5826,88,0
5827,84,0
5828,88,0
5829,84,0
5830,88,0
5831,84,0
5832,88,0
5833,84,0
5834,88,0
5835,84,0
5836,88,0
5837,84,0
5838,88,0
5839,84,0
5840,88,0
5841,96,0
5842,84,0
5843,84,0
5844,88,0
5845,88,0
5846,88,0
5847,84,0
5848,84,0
5849,84,0
5850,88,0
5851,88,0
5852,88,0
5853,84,0
5854,84,0
5855,88,0
5856,88,0
5857,84,0
5858,84,0
5859,88,0
5860,88,0
5861,84,0
5862,84,0
5863,88,0
5864,88,0
5865,84,0
5866,84,0
5867,88,0
5868,88,0
5869,84,0
5870,84,0
5871,88,0
5872,88,0
5873,84,0
5874,84,0
5875,88,0
5876,88,0
5877,84,0
5878,84,0
5879,88,0
5880,88,0
5881,84,0
5882,84,0
5883,88,0
5884,88,0
5885,84,0
5886,84,0
5887,88,0
5888,88,0
5889,84,0
5890,88,0
5891,84,0
5892,84,0
5893,88,0
5894,88,0
5895,84,0
5896,84,0
5897,88,0
5898,88,0
5899,84,0
5900,84,0
5901,88,0
5902,88,0
5903,84,0
5904,84,0
5905,88,0
5906,88,0
5907,84,0
5908,84,0
5909,88,0
5910,88,0
5911,84,0
5912,84,0
5913,88,0
5914,88,0
5915,84,0
5916,84,0
5917,88,0
5918,88,0
5919,84,0
5920,84,0
5921,88,0
5922,88,0
5923,84,0
5924,84,0
5925,88,0
5926,88,0
5927,84,0
5928,84,0
5929,88,0
5930,88,0
5931,84,0
5932,84,0
5933,88,0
5934,88,0
5935,84,0
5936,84,0
5937,88,0
5938,88,0
5939,84,0
5940,84,0
5941,88,0
5942,88,0
5943,84,0
5944,84,0
5945,88,0
5946,88,0
5947,84,0
5948,84,0
5949,88,0
5950,88,0
5951,84,0
5952,84,0
5953,88,0
5954,88,0
5955,84,0
5956,84,0
5957,88,0
5958,88,0
5959,84,0
5960,84,0
5961,88,0
5962,88,0
5963,84,0
5964,88,0
5965,84,0
5966,84,0
5967,88,0
5968,88,0
5969,84,0
5970,84,0
5971,88,0
5972,88,0
5973,88,0
5974,88,0
5975,88,0
5976,84,0
5977,84,0
5978,84,0
5979,88,0
5980,88,0
5981,84,0
5982,84,0
5983,88,0
5984,88,0
5985,88,0
5986,84,0
5987,88,0
5988,88,0
5989,84,0
5990,84,0
5991,84,0
5992,84,0
5993,88,0
5994,88,0
5995,88,0
5996,88,0
5997,84,0
5998,84,0
5999,84,0
6000,84,0
6001,88,0
6002,84,0
6003,88,0
6004,84,0
6005,88,0
6006,84,0
6007,84,0
6008,84,0
6009,84,0
6010,84,0
6011,84,0
6012,84,0
6013,84,0
6014,84,0
6015,84,0
6016,84,0
6017,84,0
6018,84,0
6019,88,0
6020,88,0
6021,84,0
6022,84,0
6023,88,0
6024,88,0
6025,84,0
6026,84,0
6027,88,0
6028,88,0
6029,84,0
6030,84,0
6031,88,0
6032,88,0
6033,84,0
6034,84,0
6035,88,0
6036,88,0
6037,84,0
6038,84,0
6039,88,0
6040,88,0
6041,84,0
6042,84,0
6043,88,0
6044,88,0
6045,84,0
6046,84,0
6047,88,0
6048,88,0
6049,84,0
6050,88,0
6051,84,0
6052,84,0
6053,88,0
6054,88,0
6055,84,0
6056,84,0
6057,88,0
6058,88,0
6059,84,0
6060,84,0
6061,88,0
6062,88,0
6063,84,0
6064,84,0
6065,88,0
6066,88,0
6067,84,0
6068,88,0
6069,84,0
6070,84,0
6071,88,0
6072,88,0
6073,84,0
6074,84,0
6075,88,0
6076,88,0
6077,84,0
6078,84,0
6079,88,0
6080,88,0
6081,84,0
6082,88,0
6083,84,0
6084,84,0
6085,88,0
6086,88,0
6087,84,0
6088,84,0
6089,88,0
6090,88,0
6091,84,0
6092,84,0
6093,88,0
6094,88,0
6095,84,0
6096,84,0
6097,88,0
6098,88,0
6099,84,0
6100,84,0
6101,88,0
6102,88,0
6103,84,0
6104,84,0
6105,88,0
6106,88,0
6107,84,0
6108,84,0
6109,88,0
6110,88,0
6111,84,0
6112,84,0
6113,88,0
6114,88,0
6115,84,0
6116,84,0
6117,88,0
6118,88,0
6119,84,0
6120,84,0
6121,88,0
6122,88,0
6123,84,0
6124,84,0
6125,88,0
6126,88,0
6127,84,0
6128,84,0
6129,88,0
6130,88,0
6131,84,0
6132,84,0
6133,88,0
6134,88,0
6135,84,0
6136,84,0
6137,88,0
6138,88,0
6139,84,0
6140,84,0
6141,88,0
6142,88,0
6143,84,0
6144,84,0
6145,88,0
6146,88,0
6147,84,0
6148,84,0
6149,88,0
6150,88,0
6151,84,0
6152,84,0
6153,88,0
6154,88,0
6155,84,0
6156,84,0
6157,88,0
6158,88,0
6159,84,0
6160,84,0
6161,88,0
6162,88,0
6163,84,0
6164,84,0
6165,88,0
6166,88,0
6167,84,0
6168,84,0
6169,88,0
6170,88,0
6171,84,0
6172,84,0
6173,88,0
6174,88,0
6175,84,0
6176,84,0
6177,88,0
6178,84,0
6179,88,0
6180,88,0
6181,84,0
6182,84,0
6183,88,0
6184,88,0
6185,84,0
6186,88,0
6187,84,0
6188,88,0
6189,84,0
6190,84,0
6191,88,0
6192,88,0
6193,84,0
6194,84,0
6195,88,0
6196,88,0
6197,84,0
6198,84,0
6199,88,0
6200,88,0
6201,84,0
6202,84,0
6203,88,0
6204,88,0
6205,84,0
6206,84,0
6207,88,0
6208,88,0
6209,84,0
6210,84,0
6211,88,0
6212,88,0
6213,84,0
6214,84,0
6215,88,0
6216,88,0
6217,84,0
6218,84,0
6219,88,0
6220,88,0
6221,84,0
6222,84,0
6223,88,0
6224,88,0
6225,84,0
6226,84,0
6227,88,0
6228,88,0
6229,84,0
6230,84,0
6231,88,0
6232,88,0
6233,84,0
6234,84,0
6235,88,0
6236,88,0
6237,84,0
6238,84,0
6239,88,0
6240,88,0
6241,84,0
6242,84,0
6243,88,0
6244,88,0
6245,84,0
6246,84,0
6247,88,0
6248,88,0
6249,84,0
6250,84,0
6251,88,0
6252,88,0
6253,84,0
6254,84,0
6255,88,0
6256,88,0
6257,84,0
6258,84,0
6259,88,0
6260,88,0
6261,84,0
6262,84,0
6263,88,0
6264,88,0
6265,84,0
6266,84,0
6267,88,0
6268,88,0
6269,84,0
6270,84,0
6271,88,0
6272,88,0
6273,84,0
6274,84,0
6275,88,0
6276,88,0
6277,84,0
6278,84,0
6279,88,0
6280,88,0
6281,84,0
6282,84,0
6283,88,0
6284,88,0
6285,84,0
6286,84,0
6287,88,0
6288,88,0
6289,84,0
6290,84,0
6291,88,0
6292,88,0
6293,84,0
6294,84,0
6295,88,0
6296,88,0
6297,84,0
6298,84,0
6299,88,0
6300,88,0
6301,84,0
6302,84,0
6303,88,0
6304,88,0
6305,84,0
6306,84,0
6307,88,0
6308,88,0
6309,84,0
6310,84,0
6311,88,0
6312,88,0
6313,84,0
6314,84,0
6315,88,0
6316,88,0
6317,84,0
6318,84,0
6319,88,0
6320,88,0
6321,84,0
6322,84,0
6323,88,0
6324,88,0
6325,84,0
6326,84,0
6327,88,0
6328,88,0
6329,84,0
6330,84,0
6331,88,0
6332,88,0
6333,84,0
6334,84,0
6335,88,0
6336,88,0
6337,84,0
6338,84,0
6339,88,0
6340,88,0
6341,84,0
6342,84,0
6343,88,0
6344,88,0
6345,84,0
6346,84,0
6347,88,0
6348,88,0
6349,84,0
6350,84,0
6351,88,0
6352,88,0
6353,84,0
6354,84,0
6355,88,0
6356,88,0
6357,84,0
6358,84,0
6359,88,0
6360,88,0
6361,84,0
6362,84,0
6363,88,0
6364,88,0
6365,84,0
6366,84,0
6367,88,0
6368,88,0
6369,84,0
6370,84,0
6371,88,0
6372,88,0
6373,84,0
6374,84,0
6375,88,0
6376,88,0
6377,84,0
6378,84,0
6379,88,0
6380,88,0
6381,84,0
6382,88,0
6383,84,0
6384,84,0
6385,88,0
6386,88,0
6387,84,0
6388,84,0
6389,88,0
6390,88,0
6391,84,0
6392,84,0
6393,88,0
6394,88,0
6395,84,0
6396,88,0
6397,84,0
6398,88,0
6399,88,0
6400,88,0
6401,88,0
6402,88,0
6403,88,0
6404,84,0
6405,88,0
6406,88,0
6407,88,0
6408,88,0
6409,84,0
6410,88,0
6411,84,0
6412,88,0
6413,84,0
6414,88,0
6415,84,0
6416,88,0
6417,84,0
6418,84,0
6419,84,0
6420,84,0
6421,84,0
6422,84,0
6423,84,0
6424,84,0
6425,84,0
6426,84,0
6427,84,0
6428,84,0
6429,88,0
6430,88,0
6431,84,0
6432,84,0
6433,88,0
6434,84,0
6435,88,0
6436,88,0
6437,84,0
6438,84,0
6439,88,0
6440,88,0
6441,84,0
6442,84,0
6443,84,0
6444,84,0
6445,84,0
6446,84,0
6447,88,0
6448,88,0
6449,84,0
6450,84,0
6451,88,0
6452,88,0
6453,84,0
6454,84,0
6455,88,0
6456,88,0
6457,84,0
6458,84,0
6459,88,0
6460,88,0
6461,84,0
6462,84,0
6463,88,0
6464,88,0
6465,84,0
6466,84,0
6467,88,0
6468,88,0
6469,84,0
6470,84,0
6471,88,0
6472,88,0
6473,84,0
6474,84,0
6475,88,0
6476,88,0
6477,84,0
6478,84,0
6479,88,0
6480,88,0
6481,84,0
6482,84,0
6483,88,0
6484,88,0
6485,84,0
6486,84,0
6487,88,0
6488,88,0
6489,84,0
6490,84,0
6491,88,0
6492,96,0
6493,84,0
6494,84,0
6495,84,0
6496,88,0
6497,84,0
6498,84,0
6499,88,0
6500,88,0
6501,84,0
6502,88,0
6503,84,0
6504,88,0
6505,84,0
6506,88,0
6507,84,0
6508,88,0
6509,84,0
6510,88,0
6511,84,0
6512,88,0
6513,84,0
6514,88,0
6515,84,0
6516,88,0
6517,84,0
6518,88,0
6519,84,0
6520,88,0
6521,84,0
6522,88,0
6523,84,0
6524,88,0
6525,84,0
6526,88,0
6527,88,0
6528,84,0
6529,84,0
6530,88,0
6531,84,0
6532,88,0
6533,84,0
6534,88,0
6535,84,0
6536,88,0
6537,84,0
6538,88,0
6539,84,0
6540,88,0
6541,84,0
6542,88,0
6543,84,0
6544,88,0
6545,84,0
6546,88,0
6547,84,0
6548,88,0
6549,84,0
6550,88,0
6551,84,0
6552,88,0
6553,84,0
6554,88,0
6555,84,0
6556,88,0
6557,84,0
6558,88,0
6559,84,0
6560,88,0
6561,84,0
6562,84,0
6563,84,0
6564,88,0
6565,84,0
6566,88,0
6567,84,0
6568,88,0
6569,84,0
6570,88,0
6571,84,0
6572,88,0
6573,84,0
6574,88,0
6575,84,0
6576,88,0
6577,84,0
6578,88,0
6579,84,0
6580,88,0
6581,84,0
6582,88,0
6583,84,0
6584,88,0
6585,84,0
6586,88,0
6587,84,0
6588,88,0
6589,84,0
6590,88,0
6591,84,0
6592,88,0
6593,84,0
6594,84,0
6595,88,0
6596,88,0
6597,84,0
6598,84,0
6599,88,0
6600,88,0
6601,88,0
6602,84,0
6603,88,0
6604,84,0
6605,88,0
6606,88,0
6607,88,0
6608,84,0
6609,88,0
6610,84,0
6611,88,0
6612,84,0
6613,88,0
6614,84,0
6615,88,0
6616,84,0
6617,88,0
6618,84,0
6619,84,0
6620,88,0
6621,84,0
6622,88,0
6623,84,0
6624,88,0
6625,84,0
6626,84,0
6627,84,0
6628,88,0
6629,84,0
6630,88,0
6631,84,0
6632,88,0
6633,84,0
6634,88,0
6635,84,0
6636,88,0
6637,84,0
6638,88,0
6639,84,0
6640,88,0
6641,84,0
6642,88,0
6643,84,0
6644,88,0
6645,84,0
6646,88,0
6647,84,0
6648,88,0
6649,84,0
6650,88,0
6651,84,0
6652,88,0
6653,84,0
6654,88,0
6655,84,0
6656,88,0
6657,84,0
6658,84,0
6659,84,0
6660,88,0
6661,96,0
6662,84,0
6663,84,0
6664,88,0
6665,88,0
6666,84,0
6667,84,0
6668,88,0
6669,84,0
6670,88,0
6671,84,0
6672,88,0
6673,84,0
6674,88,0
6675,84,0
6676,88,0
6677,84,0
6678,88,0
6679,84,0
6680,88,0
6681,84,0
6682,88,0
6683,84,0
6684,84,0
6685,84,0
6686,84,0
6687,84,0
6688,84,0
6689,84,0
6690,84,0
6691,84,0
6692,84,0
6693,84,0
6694,84,0
6695,84,0
6696,84,0
6697,84,0
6698,84,0
6699,84,0
6700,84,0
6701,84,0
6702,84,0
6703,84,0
6704,84,0
6705,84,0
6706,84,0
6707,84,0
6708,84,0
6709,84,0
6710,88,0
6711,88,0
6712,88,0
6713,88,0
6714,88,0
6715,88,0
6716,88,0
6717,88,0
6718,88,0
6719,88,0
6720,88,0
6721,88,0
6722,88,0
6723,88,0
6724,88,0
6725,88,0
6726,88,0
6727,88,0
6728,88,0
6729,88,0
6730,88,0
6731,88,0
6732,88,0
6733,88,0
6734,88,0
6735,88,0
6736,88,0
6737,88,0
6738,88,0
6739,88,0
6740,88,0
6741,88,0
6742,84,0
6743,88,0
6744,88,0
6745,88,0
6746,88,0
6747,88,0
6748,88,0
6749,88,0
6750,88,0
6751,88,0
6752,88,0
6753,88,0
6754,88,0
6755,88,0
6756,88,0
6757,88,0
6758,88,0
6759,88,0
6760,88,0
6761,88,0
6762,88,0
6763,88,0
6764,88,0
6765,88,0
6766,88,0
6767,88,0
6768,88,0
6769,88,0
6770,88,0
6771,88,0
6772,88,0
6773,88,0
6774,88,0
6775,88,0
6776,88,0
6777,88,0
6778,88,0
6779,88,0
6780,88,0
6781,88,0
6782,88,0
6783,84,0
6784,84,0
6785,88,0
6786,88,0
6787,88,0
6788,88,0
6789,88,0
6790,88,0
6791,88,0
6792,84,0
6793,84,0
6794,88,0
6795,84,0
6796,88,0
6797,88,0
6798,88,0
6799,88,0
6800,88,0
6801,88,0
6802,88,0
6803,88,0
6804,84,0
6805,84,0
6806,84,0
6807,84,0
6808,84,0
6809,84,0
6810,88,0
6811,88,0
6812,84,0
6813,88,0
6814,88,0
6815,84,0
6816,84,0
6817,88,0
6818,84,0
6819,88,0
6820,88,0
6821,88,0
6822,88,0
6823,84,0
6824,88,0
6825,84,0
6826,88,0
6827,84,0
6828,84,0
6829,88,0
6830,88,0
6831,88,0
6832,84,0
6833,88,0
6834,88,0
6835,84,0
6836,84,0
6837,88,0
6838,84,0
6839,88,0
6840,84,0
6841,88,0
6842,84,0
6843,88,0
6844,84,0
6845,88,0
6846,84,0
6847,88,0
6848,84,0
6849,88,0
6850,84,0
6851,88,0
6852,84,0
6853,88,0
6854,84,0
6855,88,0
6856,88,0
6857,84,0
6858,88,0
6859,84,0
6860,88,0
6861,84,0
6862,88,0
6863,88,0
6864,84,0
6865,88,0
6866,84,0
6867,88,0
6868,84,0
6869,88,0
6870,84,0
6871,88,0
6872,84,0
6873,88,0
6874,84,0
6875,88,0
6876,84,0
6877,88,0
6878,84,0
6879,88,0
6880,84,0
6881,88,0
6882,84,0
6883,88,0
6884,84,0
6885,88,0
6886,84,0
6887,88,0
6888,84,0
6889,88,0
6890,84,0
6891,88,0
6892,84,0
6893,88,0
6894,84,0
6895,88,0
6896,84,0
6897,88,0
6898,84,0
6899,88,0
6900,84,0
6901,88,0
6902,84,0
6903,88,0
6904,84,0
6905,88,0
6906,84,0
6907,88,0
6908,84,0
6909,88,0
6910,84,0
6911,84,0
6912,88,0
6913,84,0
6914,88,0
6915,84,0
6916,88,0
6917,84,0
6918,88,0
6919,84,0
6920,84,0
6921,88,0
6922,84,0
6923,88,0
6924,84,0
6925,88,0
6926,84,0
6927,88,0
6928,84,0
6929,88,0
6930,84,0
6931,88,0
6932,84,0
6933,84,0
6934,88,0
6935,84,0
6936,88,0
6937,84,0
6938,88,0
6939,84,0
6940,88,0
6941,84,0
6942,88,0
6943,84,0
6944,88,0
6945,84,0
6946,88,0
6947,84,0
6948,88,0
6949,84,0
6950,88,0
6951,84,0
6952,88,0
6953,84,0
6954,88,0
6955,84,0
6956,88,0
6957,84,0
6958,88,0
6959,84,0
6960,88,0
6961,84,0
6962,88,0
6963,84,0
6964,88,0
6965,84,0
6966,88,0
6967,84,0
6968,88,0
6969,84,0
6970,88,0
6971,84,0
6972,88,0
6973,84,0
6974,88,0
6975,84,0
6976,88,0
6977,84,0
6978,88,0
6979,84,0
6980,88,0
6981,84,0
6982,88,0
6983,84,0
6984,88,0
6985,84,0
6986,88,0
6987,84,0
6988,88,0
6989,84,0
6990,88,0
6991,84,0
6992,88,0
6993,84,0
6994,88,0
6995,84,0
6996,88,0
6997,84,0
6998,88,0
6999,84,0
7000,88,0
7001,84,0
7002,88,0
7003,88,0
7004,88,0
7005,84,0
7006,84,0
7007,84,0
7008,84,0
7009,84,0
7010,84,0
7011,88,0
7012,84,0
7013,88,0
7014,84,0
7015,88,0
7016,84,0
7017,88,0
7018,84,0
7019,88,0
7020,84,0
7021,88,0
7022,84,0
7023,88,0
7024,84,0
7025,88,0
7026,84,0
7027,88,0
7028,84,0
7029,88,0
7030,84,0
7031,88,0
7032,84,0
7033,88,0
7034,84,0
7035,88,0
7036,84,0
7037,88,0
7038,84,0
7039,88,0
7040,84,0
7041,88,0
7042,84,0
7043,88,0
7044,84,0
7045,88,0
7046,84,0
7047,88,0
7048,88,0
7049,84,0
7050,88,0
7051,84,0
7052,88,0
7053,84,0
7054,88,0
7055,84,0
7056,88,0
7057,84,0
7058,88,0
7059,84,0
7060,88,0
7061,84,0
7062,88,0
7063,84,0
7064,88,0
7065,84,0
7066,88,0
7067,84,0
7068,88,0
7069,84,0
7070,88,0
7071,84,0
7072,88,0
7073,84,0
7074,88,0
7075,84,0
7076,88,0
7077,84,0
7078,88,0
7079,84,0
7080,88,0
7081,84,0
7082,88,0
7083,84,0
7084,88,0
7085,84,0
7086,88,0
7087,84,0
7088,88,0
7089,84,0
7090,88,0
7091,84,0
7092,88,0
7093,84,0
7094,88,0
7095,84,0
7096,88,0
7097,84,0
7098,88,0
7099,84,0
7100,88,0
7101,84,0
7102,88,0
7103,84,0
7104,88,0
7105,84,0
7106,88,0
7107,84,0
7108,88,0
7109,84,0
7110,88,0
7111,84,0
7112,88,0
7113,84,0
7114,88,0
7115,84,0
7116,88,0
7117,84,0
7118,88,0
7119,84,0
7120,88,0
7121,84,0
7122,88,0
7123,84,0
7124,88,0
7125,84,0
7126,88,0
7127,84,0
7128,88,0
7129,84,0
7130,88,0
7131,84,0
7132,88,0
7133,84,0
7134,88,0
7135,84,0
7136,88,0
7137,84,0
7138,88,0
7139,84,0
7140,88,0
7141,84,0
7142,88,0
7143,84,0
7144,88,0
7145,84,0
7146,88,0
7147,84,0
7148,88,0
7149,84,0
7150,88,0
7151,84,0
7152,88,0
7153,84,0
7154,88,0
7155,84,0
7156,88,0
7157,84,0
7158,88,0
7159,84,0
7160,88,0
7161,84,0
7162,88,0
7163,84,0
7164,88,0
7165,84,0
7166,88,0
7167,84,0
7168,88,0
7169,84,0
7170,88,0
7171,84,0
7172,88,0
7173,84,0
7174,88,0
7175,84,0
7176,88,0
7177,84,0
7178,88,0
7179,84,0
7180,88,0
7181,84,0
7182,88,0
7183,84,0
7184,88,0
7185,84,0
7186,88,0
7187,84,0
7188,88,0
7189,84,0
7190,88,0
7191,84,0
7192,88,0
7193,88,0
7194,84,0
7195,88,0
7196,84,0
7197,88,0
7198,84,0
7199,88,0
7200,84,0
7201,84,0
7202,88,0
7203,84,0
7204,84,0
7205,84,0
7206,84,0
7207,88,0
7208,84,0
7209,88,0
7210,84,0
7211,88,0
7212,84,0
7213,88,0
7214,84,0
7215,84,0
7216,88,0
7217,84,0
7218,88,0
7219,88,0
7220,88,0
7221,88,0
7222,84,0
7223,88,0
7224,88,0
7225,84,0
7226,84,0
7227,88,0
7228,88,0
7229,84,0
7230,88,0
7231,88,0
7232,88,0
7233,88,0
7234,84,0
7235,88,0
7236,84,0
7237,88,0
7238,88,0
7239,84,0
7240,88,0
7241,84,0
7242,84,0
7243,88,0
7244,88,0
7245,84,0
7246,84,0
7247,88,0
7248,84,0
7249,88,0
7250,84,0
7251,88,0
7252,84,0
7253,88,0
7254,84,0
7255,88,0
7256,84,0
7257,88,0
7258,84,0
7259,88,0
7260,84,0
7261,88,0
7262,84,0
7263,88,0
7264,84,0
7265,88,0
7266,84,0
7267,88,0
7268,84,0
7269,88,0
7270,84,0
7271,88,0
7272,88,0
7273,84,0
7274,88,0
7275,84,0
7276,88,0
7277,84,0
7278,88,0
7279,88,0
7280,84,0
7281,88,0
7282,84,0
7283,88,0
7284,84,0
7285,88,0
7286,84,0
7287,88,0
7288,84,0
7289,88,0
7290,84,0
7291,88,0
7292,84,0
7293,88,0
7294,84,0
7295,88,0
7296,84,0
7297,88,0
7298,84,0
7299,88,0
7300,84,0
7301,88,0
7302,84,0
7303,88,0
7304,84,0
7305,88,0
7306,84,0
7307,88,0
7308,84,0
7309,88,0
7310,84,0
7311,88,0
7312,84,0
7313,88,0
7314,84,0
7315,88,0
7316,84,0
7317,88,0
7318,84,0
7319,88,0
7320,84,0
7321,88,0
7322,84,0
7323,88,0
7324,84,0
7325,88,0
7326,84,0
7327,88,0
7328,84,0
7329,88,0
7330,84,0
7331,88,0
7332,84,0
7333,88,0
7334,84,0
7335,88,0
7336,84,0
7337,88,0
7338,84,0
7339,88,0
7340,84,0
7341,88,0
7342,84,0
7343,84,0
7344,88,0
7345,84,0
7346,88,0
7347,88,0
7348,84,0
7349,88,0
7350,84,0
7351,88,0
7352,84,0
7353,88,0
7354,84,0
7355,88,0
7356,84,0
7357,88,0
7358,84,0
7359,88,0
7360,84,0
7361,88,0
7362,84,0
7363,88,0
7364,84,0
7365,88,0
7366,84,0
7367,88,0
7368,84,0
7369,88,0
7370,84,0
7371,88,0
7372,84,0
7373,88,0
7374,84,0
7375,88,0
7376,84,0
7377,88,0
7378,84,0
7379,88,0
7380,84,0
7381,88,0
7382,84,0
7383,88,0
7384,84,0
7385,88,0
7386,84,0
7387,88,0
7388,84,0
7389,88,0
7390,84,0
7391,88,0
7392,84,0
7393,88,0
7394,84,0
7395,88,0
7396,84,0
7397,88,0
7398,84,0
7399,88,0
7400,84,0
7401,88,0
7402,84,0
7403,88,0
7404,84,0
7405,88,0
7406,84,0
7407,84,0
7408,88,0
7409,84,0
7410,88,0
7411,84,0
7412,88,0
7413,84,0
7414,84,0
7415,84,0
7416,84,0
7417,84,0
7418,84,0
7419,88,0
7420,84,0
7421,88,0
7422,84,0
7423,88,0
7424,84,0
7425,88,0
7426,84,0
7427,88,0
7428,84,0
7429,88,0
7430,84,0
7431,88,0
7432,84,0
7433,88,0
7434,84,0
7435,88,0
7436,84,0
7437,88,0
7438,84,0
7439,88,0
7440,84,0
7441,88,0
7442,84,0
7443,88,0
7444,84,0
7445,88,0
7446,84,0
7447,88,0
7448,84,0
7449,88,0
7450,84,0
7451,88,0
7452,84,0
7453,88,0
7454,84,0
7455,88,0
7456,84,0
7457,88,0
7458,84,0
7459,88,0
7460,84,0
7461,88,0
7462,84,0
7463,88,0
7464,84,0
7465,88,0
7466,84,0
7467,88,0
7468,84,0
7469,88,0
7470,84,0
7471,88,0
7472,84,0
7473,88,0
7474,84,0
7475,88,0
7476,84,0
7477,88,0
7478,84,0
7479,88,0
7480,92,0
7481,84,0
7482,84,0
7483,88,0
7484,84,0
7485,88,0
7486,84,0
7487,84,0
7488,88,0
7489,84,0
7490,88,0
7491,88,0
7492,84,0
7493,84,0
7494,88,0
7495,84,0
7496,88,0
7497,88,0
7498,84,0
7499,84,0
7500,88,0
7501,88,0
7502,88,0
7503,88,0
7504,84,0
7505,84,0
7506,88,0
7507,88,0
7508,84,0
7509,84,0
7510,88,0
7511,88,0
7512,84,0
7513,84,0
7514,88,0
7515,88,0
7516,84,0
7517,84,0
7518,88,0
7519,88,0
7520,88,0
7521,88,0
7522,84,0
7523,84,0
7524,88,0
7525,88,0
7526,84,0
7527,84,0
7528,88,0
7529,88,0
7530,84,0
7531,84,0
7532,88,0
7533,88,0
7534,84,0
7535,84,0
7536,88,0
7537,88,0
7538,88,0
7539,88,0
7540,84,0
7541,84,0
7542,88,0
7543,88,0
7544,84,0
7545,84,0
7546,88,0
7547,88,0
7548,84,0
7549,84,0
7550,88,0
7551,88,0
7552,84,0
7553,84,0
7554,88,0
7555,88,0
7556,88,0
7557,88,0
7558,84,0
7559,84,0
7560,88,0
7561,88,0
7562,84,0
7563,84,0
7564,88,0
7565,88,0
7566,84,0
7567,84,0
7568,88,0
7569,88,0
7570,84,0
7571,84,0
7572,88,0
7573,88,0
7574,88,0
7575,88,0
7576,84,0
7577,84,0
7578,88,0
7579,88,0
7580,84,0
7581,84,0
7582,88,0
7583,88,0
7584,84,0
7585,84,0
7586,88,0
7587,88,0
7588,84,0
7589,84,0
7590,88,0
7591,88,0
7592,88,0
7593,88,0
7594,84,0
7595,84,0
7596,88,0
7597,88,0
7598,84,0
7599,84,0
7600,88,0
7601,88,0
7602,84,0
7603,84,0
7604,88,0
7605,88,0
7606,84,0
7607,84,0
7608,88,0
7609,84,0
7610,88,0
7611,84,0
7612,84,0
7613,84,0
7614,88,0
7615,88,0
7616,84,0
7617,84,0
7618,88,0
7619,84,0
7620,88,0
7621,84,0
7622,84,0
7623,84,0
7624,88,0
7625,84,0
7626,88,0
7627,88,0
7628,84,0
7629,88,0
7630,84,0
7631,84,0
7632,84,0
7633,84,0
7634,84,0
7635,84,0
7636,84,0
7637,84,0
7638,84,0
7639,84,0
7640,88,0
7641,88,0
7642,84,0
7643,88,0
7644,88,0
7645,84,0
7646,84,0
7647,84,0
7648,88,0
7649,88,0
7650,88,0
7651,88,0
7652,84,0
7653,84,0
7654,88,0
7655,88,0
7656,84,0
7657,88,0
7658,84,0
7659,84,0
7660,88,0
7661,88,0
7662,84,0
7663,84,0
7664,84,0
7665,84,0
7666,88,0
7667,88,0
7668,84,0
7669,84,0
7670,88,0
7671,88,0
7672,84,0
7673,84,0
7674,88,0
7675,88,0
7676,84,0
7677,84,0
7678,88,0
7679,88,0
7680,84,0
7681,84,0
7682,88,0
7683,84,0
7684,88,0
7685,88,0
7686,84,0
7687,84,0
7688,84,0
7689,88,0
7690,84,0
7691,84,0
7692,88,0
7693,88,0
7694,84,0
7695,84,0
7696,88,0
7697,88,0
7698,84,0
7699,84,0
7700,84,0
7701,84,0
7702,84,0
7703,88,0
7704,84,0
7705,84,0
7706,88,0
7707,88,0
7708,84,0
7709,84,0
7710,88,0
7711,88,0
7712,84,0
7713,84,0
7714,88,0
7715,88,0
7716,84,0
7717,84,0
7718,84,0
7719,84,0
7720,88,0
7721,88,0
7722,84,0
7723,84,0
7724,88,0
7725,88,0
7726,84,0
7727,84,0
7728,88,0
7729,88,0
7730,84,0
7731,88,0
7732,84,0
7733,84,0
7734,88,0
7735,88,0
7736,88,0
7737,88,0
7738,84,0
7739,84,0
7740,88,0
7741,88,0
7742,84,0
7743,84,0
7744,88,0
7745,88,0
7746,84,0
7747,84,0
7748,88,0
7749,88,0
7750,84,0
7751,84,0
7752,88,0
7753,88,0
7754,88,0
7755,88,0
7756,84,0
7757,88,0
7758,84,0
7759,84,0
7760,88,0
7761,88,0
7762,84,0
7763,84,0
7764,88,0
7765,88,0
7766,84,0
7767,84,0
7768,88,0
7769,88,0
7770,84,0
7771,84,0
7772,84,0
7773,84,0
7774,88,0
7775,88,0
7776,84,0
7777,84,0
7778,88,0
7779,88,0
7780,84,0
7781,84,0
7782,88,0
7783,88,0
7784,88,0
7785,84,0
7786,88,0
7787,88,0
7788,84,0
7789,84,0
7790,84,0
7791,84,0
7792,88,0
7793,88,0
7794,84,0
7795,84,0
7796,88,0
7797,88,0
7798,84,0
7799,84,0
7800,88,0
7801,88,0
7802,84,0
7803,84,0
7804,88,0
7805,88,0
7806,84,0
7807,84,0
7808,84,0
7809,84,0
7810,88,0
7811,88,0
7812,84,0
7813,84,0
7814,88,0
7815,88,0
7816,88,0
7817,88,0
7818,84,0
7819,84,0
7820,88,0
7821,88,0
7822,84,0
7823,88,0
7824,88,0
7825,88,0
7826,84,0
7827,88,0
7828,88,0
7829,88,0
7830,88,0
7831,88,0
7832,88,0
7833,88,0
7834,88,0
7835,84,0
7836,84,0
7837,84,0
7838,84,0
7839,84,0
7840,84,0
7841,84,0
7842,84,0
7843,84,0
7844,88,0
7845,88,0
7846,88,0
7847,88,0
7848,88,0
7849,88,0
7850,88,0
7851,88,0
7852,88,0
7853,84,0
7854,84,0
7855,84,0
7856,84,0
7857,84,0
7858,84,0
7859,84,0
7860,84,0
7861,84,0
7862,88,0
7863,88,0
7864,88,0
7865,88,0
7866,88,0
7867,88,0
7868,88,0
7869,88,0
7870,88,0
7871,84,0
7872,84,0
7873,84,0
7874,88,0
7875,84,0
7876,84,0
7877,84,0
7878,84,0
7879,84,0
7880,88,0
7881,88,0
7882,88,0
7883,88,0
7884,88,0
7885,88,0
7886,88,0
7887,88,0
7888,88,0
7889,84,0
7890,84,0
7891,84,0
7892,84,0
7893,84,0
7894,84,0
7895,84,0
7896,84,0
7897,84,0
7898,88,0
7899,88,0
7900,88,0
7901,88,0
7902,88,0
7903,88,0
7904,88,0
7905,88,0
7906,88,0
7907,84,0
7908,84,0
7909,84,0
7910,84,0
7911,84,0
7912,84,0
7913,84,0
7914,84,0
7915,84,0
7916,88,0
7917,88,0
7918,88,0
7919,88,0
7920,88,0
7921,88,0
7922,88,0
7923,88,0
7924,88,0
7925,84,0
7926,84,0
7927,84,0
7928,84,0
7929,84,0
7930,84,0
7931,84,0
7932,84,0
7933,84,0
7934,88,0
7935,88,0
7936,88,0
7937,88,0
7938,88,0
7939,88,0
7940,88,0
7941,88,0
7942,88,0
7943,84,0
7944,84,0
7945,84,0
7946,84,0
7947,84,0
7948,84,0
7949,84,0
7950,84,0
7951,84,0
7952,88,0
7953,88,0
7954,88,0
7955,88,0
7956,88,0
7957,88,0
7958,88,0
7959,88,0
7960,88,0
7961,84,0
7962,84,0
7963,84,0
7964,84,0
7965,84,0
7966,84,0
7967,84,0
7968,84,0
7969,84,0
7970,88,0
7971,88,0
7972,88,0
7973,88,0
7974,88,0
7975,88,0
7976,88,0
7977,88,0
7978,88,0
7979,84,0
7980,84,0
7981,84,0
7982,84,0
7983,84,0
7984,84,0
7985,84,0
7986,84,0
7987,84,0
7988,88,0
7989,88,0
7990,88,0
7991,88,0
7992,88,0
7993,88,0
7994,88,0
7995,88,0
7996,88,0
7997,84,0
7998,84,0
7999,84,0
8000,84,0
8001,84,0
8002,84,0
8003,84,0
8004,84,0
8005,84,0
8006,88,0
8007,88,0
8008,88,0
8009,88,0
8010,88,0
8011,88,0
8012,84,0
8013,88,0
8014,88,0
8015,84,0
8016,84,0
8017,88,0
8018,88,0
8019,84,0
8020,84,0
8021,84,0
8022,84,0
8023,88,0
8024,84,0
8025,84,0
8026,84,0
8027,88,0
8028,88,0
8029,84,0
8030,84,0
8031,88,0
8032,88,0
8033,84,0
8034,88,0
8035,88,0
8036,88,0
8037,88,0
8038,88,0
8039,88,0
8040,88,0
8041,88,0
8042,88,0
8043,88,0
8044,84,0
8045,84,0
8046,84,0
8047,88,0
8048,84,0
8049,84,0
8050,84,0
8051,88,0
8052,84,0
8053,88,0
8054,84,0
8055,88,0
8056,88,0
8057,88,0
8058,88,0
8059,88,0
8060,84,0
8061,88,0
8062,88,0
8063,88,0
8064,88,0
8065,88,0
8066,88,0
8067,88,0
8068,88,0
8069,84,0
8070,84,0
8071,84,0
8072,84,0
8073,84,0
8074,84,0
8075,84,0
8076,84,0
8077,84,0
8078,88,0
8079,84,0
8080,84,0
8081,84,0
8082,84,0
8083,84,0
8084,84,0
8085,84,0
8086,84,0
8087,88,0
8088,88,0
8089,88,0
8090,88,0
8091,88,0
8092,88,0
8093,88,0
8094,88,0
8095,88,0
8096,84,0
8097,84,0
8098,84,0
8099,84,0
8100,84,0
8101,84,0
8102,84,0
8103,84,0
8104,84,0
8105,88,0
8106,88,0
8107,88,0
8108,88,0
8109,88,0
8110,88,0
8111,88,0
8112,88,0
8113,84,0
8114,88,0
8115,88,0
8116,88,0
8117,88,0
8118,88,0
8119,88,0
8120,88,0
8121,88,0
8122,88,0
8123,84,0
8124,84,0
8125,84,0
8126,84,0
8127,84,0
8128,84,0
8129,84,0
8130,84,0
8131,84,0
8132,88,0
8133,88,0
8134,88,0
8135,88,0
8136,88,0
8137,88,0
8138,88,0
8139,88,0
8140,88,0
8141,84,0
8142,84,0
8143,84,0
8144,84,0
8145,84,0
8146,84,0
8147,84,0
8148,84,0
8149,84,0
8150,88,0
8151,88,0
8152,88,0
8153,88,0
8154,88,0
8155,88,0
8156,88,0
8157,88,0
8158,88,0
8159,84,0
8160,84,0
8161,84,0
8162,84,0
8163,84,0
8164,84,0
8165,84,0
8166,84,0
8167,84,0
8168,88,0
8169,88,0
8170,88,0
8171,88,0
8172,88,0
8173,88,0
8174,88,0
8175,88,0
8176,88,0
8177,84,0
8178,84,0
8179,84,0
8180,84,0
8181,84,0
8182,84,0
8183,84,0
8184,84,0
8185,84,0
8186,88,0
8187,88,0
8188,88,0
8189,88,0
8190,88,0
8191,88,0
8192,88,0
8193,88,0
8194,88,0
8195,84,0
8196,84,0
8197,84,0
8198,84,0
8199,84,0
8200,84,0
8201,84,0
8202,84,0
8203,84,0
8204,88,0
8205,88,0
8206,88,0
8207,88,0
8208,88,0
8209,88,0
8210,88,0
8211,88,0
8212,88,0
8213,84,0
8214,84,0
8215,84,0
8216,84,0
8217,84,0
8218,84,0
8219,84,0
8220,84,0
8221,84,0
8222,88,0
8223,88,0
8224,88,0
8225,88,0
8226,84,0
8227,88,0
8228,88,0
8229,88,0
8230,88,0
8231,84,0
8232,88,0
8233,88,0
8234,88,0
8235,88,0
8236,88,0
8237,88,0
8238,88,0
8239,84,0
8240,88,0
8241,88,0
8242,88,0
8243,88,0
8244,88,0
8245,88,0
8246,88,0
8247,88,0
8248,88,0
8249,84,0
8250,84,0
8251,84,0
8252,84,0
8253,84,0
8254,84,0
8255,84,0
8256,84,0
8257,84,0
8258,88,0
8259,88,0
8260,88,0
8261,88,0
8262,88,0
8263,88,0
8264,88,0
8265,88,0
8266,88,0
8267,84,0
8268,84,0
8269,84,0
8270,84,0
8271,84,0
8272,84,0
8273,84,0
8274,84,0
8275,84,0
8276,88,0
8277,88,0
8278,88,0
8279,88,0
8280,88,0
8281,88,0
8282,88,0
8283,88,0
8284,88,0
8285,84,0
8286,84,0
8287,84,0
8288,84,0
8289,84,0
8290,84,0
8291,84,0
8292,84,0
8293,84,0
8294,88,0
8295,88,0
8296,88,0
8297,88,0
8298,88,0
8299,96,0
8300,88,0
8301,88,0
8302,84,0
8303,84,0
8304,88,0
8305,88,0
8306,84,0
8307,88,0
8308,84,0
8309,84,0
8310,88,0
8311,88,0
8312,84,0
8313,88,0
8314,88,0
8315,84,0
8316,84,0
8317,88,0
8318,88,0
8319,84,0
8320,84,0
8321,88,0
8322,88,0
8323,84,0
8324,84,0
8325,88,0
8326,88,0
8327,84,0
8328,84,0
8329,88,0
8330,88,0
8331,84,0
8332,84,0
8333,88,0
8334,88,0
8335,84,0
8336,84,0
8337,88,0
8338,88,0
8339,84,0
8340,84,0
8341,88,0
8342,88,0
8343,84,0
8344,84,0
8345,88,0
8346,84,0
8347,88,0
8348,88,0
8349,84,0
8350,84,0
8351,88,0
8352,88,0
8353,84,0
8354,84,0
8355,88,0
8356,88,0
8357,84,0
8358,84,0
8359,88,0
8360,88,0
8361,84,0
8362,84,0
8363,88,0
8364,88,0
8365,84,0
8366,84,0
8367,88,0
8368,88,0
8369,84,0
8370,84,0
8371,88,0
8372,88,0
8373,84,0
8374,84,0
8375,88,0
8376,88,0
8377,84,0
8378,84,0
8379,88,0
8380,88,0
8381,84,0
8382,84,0
8383,88,0
8384,88,0
8385,84,0
8386,84,0
8387,88,0
8388,88,0
8389,84,0
8390,84,0
8391,88,0
8392,84,0
8393,88,0
8394,88,0
8395,84,0
8396,84,0
8397,88,0
8398,88,0
8399,84,0
8400,84,0
8401,88,0
8402,88,0
8403,84,0
8404,84,0
8405,88,0
8406,88,0
8407,84,0
8408,84,0
8409,88,0
8410,88,0
8411,84,0
8412,84,0
8413,88,0
8414,88,0
8415,84,0
8416,84,0
8417,88,0
8418,88,0
8419,84,0
8420,84,0
8421,88,0
8422,84,0
8423,88,0
8424,88,0
8425,84,0
8426,84,0
8427,88,0
8428,88,0
8429,84,0
8430,84,0
8431,88,0
8432,88,0
8433,84,0
8434,84,0
8435,88,0
8436,88,0
8437,84,0
8438,84,0
8439,88,0
8440,88,0
8441,84,0
8442,84,0
8443,88,0
8444,84,0
8445,88,0
8446,84,0
8447,84,0
8448,84,0
8449,84,0
8450,84,0
8451,84,0
8452,84,0
8453,88,0
8454,88,0
8455,84,0
8456,88,0
8457,84,0
8458,88,0
8459,84,0
8460,88,0
8461,84,0
8462,88,0
8463,84,0
8464,88,0
8465,84,0
8466,84,0
8467,84,0
8468,84,0
8469,88,0
8470,88,0
8471,88,0
8472,88,0
8473,88,0
8474,88,0
8475,88,0
8476,88,0
8477,84,0
8478,84,0
8479,88,0
8480,88,0
8481,84,0
8482,84,0
8483,88,0
8484,88,0
8485,84,0
8486,84,0
8487,88,0
8488,88,0
8489,84,0
8490,84,0
8491,88,0
8492,88,0
8493,88,0
8494,88,0
8495,84,0
8496,84,0
8497,88,0
8498,88,0
8499,84,0
8500,84,0
8501,88,0
8502,88,0
8503,84,0
8504,84,0
8505,88,0
8506,88,0
8507,84,0
8508,84,0
8509,88,0
8510,88,0
8511,84,0
8512,84,0
8513,88,0
8514,88,0
8515,84,0
8516,84,0
8517,88,0
8518,88,0
8519,84,0
8520,84,0
8521,88,0
8522,88,0
8523,84,0
8524,84,0
8525,88,0
8526,88,0
8527,84,0
8528,84,0
8529,88,0
8530,88,0
8531,84,0
8532,84,0
8533,88,0
8534,88,0
8535,84,0
8536,84,0
8537,88,0
8538,88,0
8539,84,0
8540,84,0
8541,88,0
8542,88,0
8543,84,0
8544,84,0
8545,88,0
8546,88,0
8547,84,0
8548,84,0
8549,88,0
8550,88,0
8551,84,0
8552,88,0
8553,84,0
8554,84,0
8555,88,0
8556,88,0
8557,84,0
8558,84,0
8559,88,0
8560,88,0
8561,84,0
8562,84,0
8563,88,0
8564,88,0
8565,84,0
8566,84,0
8567,88,0
8568,88,0
8569,84,0
8570,84,0
8571,88,0
8572,88,0
8573,84,0
8574,84,0
8575,88,0
8576,88,0
8577,84,0
8578,84,0
8579,88,0
8580,88,0
8581,84,0
8582,84,0
8583,88,0
8584,88,0
8585,84,0
8586,84,0
8587,88,0
8588,88,0
8589,84,0
8590,84,0
8591,88,0
8592,88,0
8593,84,0
8594,84,0
8595,88,0
8596,88,0
8597,84,0
8598,84,0
8599,88,0
8600,88,0
8601,84,0
8602,84,0
8603,88,0
8604,88,0
8605,84,0
8606,84,0
8607,88,0
8608,88,0
8609,84,0
8610,84,0
8611,88,0
8612,88,0
8613,84,0
8614,84,0
8615,88,0
8616,88,0
8617,84,0
8618,84,0
8619,88,0
8620,88,0
8621,84,0
8622,84,0
8623,88,0
8624,88,0
8625,84,0
8626,84,0
8627,88,0
8628,88,0
8629,84,0
8630,84,0
8631,88,0
8632,88,0
8633,84,0
8634,84,0
8635,88,0
8636,88,0
8637,84,0
8638,84,0
8639,88,0
8640,88,0
8641,84,0
8642,84,0
8643,88,0
8644,84,0
8645,88,0
8646,84,0
8647,88,0
8648,88,0
8649,84,0
8650,84,0
8651,88,0
8652,88,0
8653,84,0
8654,84,0
8655,88,0
8656,88,0
8657,84,0
8658,84,0
8659,88,0
8660,88,0
8661,84,0
8662,84,0
8663,88,0
8664,88,0
8665,84,0
8666,84,0
8667,88,0
8668,88,0
8669,84,0
8670,84,0
8671,88,0
8672,88,0
8673,84,0
8674,84,0
8675,88,0
8676,88,0
8677,84,0
8678,84,0
8679,88,0
8680,88,0
8681,84,0
8682,84,0
8683,88,0
8684,88,0
8685,84,0
8686,84,0
8687,88,0
8688,88,0
8689,84,0
8690,84,0
8691,88,0
8692,88,0
8693,84,0
8694,84,0
8695,88,0
8696,88,0
8697,84,0
8698,84,0
8699,88,0
8700,88,0
8701,84,0
8702,84,0
8703,88,0
8704,88,0
8705,84,0
8706,84,0
8707,88,0
8708,88,0
8709,84,0
8710,84,0
8711,88,0
8712,88,0
8713,84,0
8714,84,0
8715,88,0
8716,88,0
8717,84,0
8718,84,0
8719,88,0
8720,88,0
8721,84,0
8722,84,0
8723,88,0
8724,88,0
8725,84,0
8726,84,0
8727,88,0
8728,88,0
8729,84,0
8730,84,0
8731,88,0
8732,88,0
8733,84,0
8734,84,0
8735,88,0
8736,88,0
8737,84,0
8738,84,0
8739,88,0
8740,88,0
8741,84,0
8742,84,0
8743,88,0
8744,88,0
8745,84,0
8746,84,0
8747,88,0
8748,88,0
8749,84,0
8750,84,0
8751,88,0
8752,88,0
8753,84,0
8754,84,0
8755,88,0
8756,88,0
8757,84,0
8758,84,0
8759,88,0
8760,88,0
8761,84,0
8762,84,0
8763,88,0
8764,88,0
8765,84,0
8766,84,0
8767,88,0
8768,88,0
8769,84,0
8770,84,0
8771,88,0
8772,88,0
8773,84,0
8774,84,0
8775,88,0
8776,88,0
8777,84,0
8778,84,0
8779,88,0
8780,88,0
8781,84,0
8782,84,0
8783,88,0
8784,88,0
8785,84,0
8786,84,0
8787,88,0
8788,88,0
8789,84,0
8790,84,0
8791,88,0
8792,88,0
8793,84,0
8794,84,0
8795,88,0
8796,88,0
8797,84,0
8798,84,0
8799,88,0
8800,88,0
8801,84,0
8802,84,0
8803,88,0
8804,88,0
8805,84,0
8806,84,0
8807,88,0
8808,88,0
8809,84,0
8810,84,0
8811,88,0
8812,88,0
8813,84,0
8814,84,0
8815,88,0
8816,88,0
8817,84,0
8818,84,0
8819,88,0
8820,88,0
8821,84,0
8822,84,0
8823,88,0
8824,88,0
8825,84,0
8826,84,0
8827,88,0
8828,88,0
8829,84,0
8830,84,0
8831,84,0
8832,84,0
8833,88,0
8834,88,0
8835,84,0
8836,84,0
8837,88,0
8838,88,0
8839,88,0
8840,84,0
8841,84,0
8842,84,0
8843,84,0
8844,88,0
8845,84,0
8846,84,0
8847,88,0
8848,88,0
8849,84,0
8850,84,0
8851,88,0
8852,88,0
8853,84,0
8854,88,0
8855,88,0
8856,88,0
8857,88,0
8858,88,0
8859,84,0
8860,88,0
8861,84,0
8862,84,0
8863,88,0
8864,88,0
8865,88,0
8866,88,0
8867,88,0
8868,84,0
8869,88,0
8870,84,0
8871,84,0
8872,84,0
8873,84,0
8874,84,0
8875,88,0
8876,88,0
8877,84,0
8878,84,0
8879,88,0
8880,88,0
8881,84,0
8882,84,0
8883,88,0
8884,88,0
8885,84,0
8886,84,0
8887,88,0
8888,88,0
8889,84,0
8890,84,0
8891,88,0
8892,84,0
8893,88,0
8894,88,0
8895,84,0
8896,84,0
8897,88,0
8898,88,0
8899,84,0
8900,84,0
8901,88,0
8902,88,0
8903,84,0
8904,84,0
8905,88,0
8906,88,0
8907,84,0
8908,84,0
8909,84,0
8910,84,0
8911,88,0
8912,88,0
8913,84,0
8914,84,0
8915,88,0
8916,88,0
8917,88,0
8918,88,0
8919,84,0
8920,84,0
8921,88,0
8922,88,0
8923,84,0
8924,84,0
8925,88,0
8926,88,0
8927,88,0
8928,88,0
8929,84,0
8930,84,0
8931,84,0
8932,88,0
8933,84,0
8934,84,0
8935,88,0
8936,88,0
8937,84,0
8938,84,0
8939,88,0
8940,88,0
8941,84,0
8942,84,0
8943,88,0
8944,88,0
8945,88,0
8946,88,0
8947,84,0
8948,84,0
8949,88,0
8950,88,0
8951,84,0
8952,84,0
8953,88,0
8954,88,0
8955,84,0
8956,84,0
8957,88,0
8958,88,0
8959,84,0
8960,88,0
8961,84,0
8962,84,0
8963,84,0
8964,84,0
8965,88,0
8966,88,0
8967,84,0
8968,84,0
8969,88,0
8970,88,0
8971,84,0
8972,84,0
8973,88,0
8974,88,0
8975,84,0
8976,84,0
8977,88,0
8978,88,0
8979,84,0
8980,84,0
8981,88,0
8982,88,0
8983,84,0
8984,84,0
8985,88,0
8986,84,0
8987,88,0
8988,88,0
8989,84,0
8990,84,0
8991,88,0
8992,88,0
8993,84,0
8994,84,0
8995,88,0
8996,88,0
8997,84,0
8998,84,0
8999,84,0
9000,84,0
9001,88,0
9002,88,0
9003,84,0
9004,84,0
9005,88,0
9006,88,0
9007,84,0
9008,84,0
9009,88,0
9010,88,0
9011,84,0
9012,84,0
9013,88,0
9014,88,0
9015,84,0
9016,84,0
9017,84,0
9018,84,0
9019,88,0
9020,88,0
9021,84,0
9022,84,0
9023,88,0
9024,88,0
9025,84,0
9026,84,0
9027,88,0
9028,88,0
9029,84,0
9030,84,0
9031,88,0
9032,88,0
9033,84,0
9034,84,0
9035,84,0
9036,84,0
9037,88,0
9038,88,0
9039,84,0
9040,84,0
9041,88,0
9042,88,0
9043,84,0
9044,84,0
9045,88,0
9046,88,0
9047,84,0
9048,84,0
9049,88,0
9050,88,0
9051,88,0
9052,88,0
9053,88,0
9054,88,0
9055,88,0
9056,88,0
9057,88,0
9058,88,0
9059,84,0
9060,84,0
9061,88,0
9062,88,0
9063,84,0
9064,84,0
9065,88,0
9066,88,0
9067,84,0
9068,84,0
9069,88,0
9070,88,0
9071,88,0
9072,88,0
9073,84,0
9074,84,0
9075,88,0
9076,88,0
9077,84,0
9078,84,0
9079,88,0
9080,88,0
9081,84,0
9082,88,0
9083,84,0
9084,84,0
9085,88,0
9086,88,0
9087,84,0
9088,84,0
9089,84,0
9090,84,0
9091,88,0
9092,88,0
9093,84,0
9094,84,0
9095,88,0
9096,88,0
9097,84,0
9098,84,0
9099,88,0
9100,88,0
9101,84,0
9102,84,0
9103,88,0
9104,88,0
9105,84,0
9106,84,0
9107,84,0
9108,84,0
9109,88,0
9110,88,0
9111,84,0
9112,84,0
9113,88,0
9114,88,0
9115,84,0
9116,84,0
9117,88,0
9118,96,0
9119,88,0
9120,88,0
9121,88,0
9122,88,0
9123,88,0
9124,84,0
9125,84,0
9126,88,0
9127,84,0
9128,88,0
9129,84,0
9130,88,0
9131,84,0
9132,84,0
9133,88,0
9134,88,0
9135,84,0
9136,84,0
9137,88,0
9138,88,0
9139,84,0
9140,84,0
9141,88,0
9142,88,0
9143,84,0
9144,84,0
9145,88,0
9146,88,0
9147,84,0
9148,84,0
9149,88,0
9150,88,0
9151,84,0
9152,84,0
9153,88,0
9154,88,0
9155,84,0
9156,84,0
9157,88,0
9158,88,0
9159,84,0
9160,84,0
9161,88,0
9162,88,0
9163,84,0
9164,84,0
9165,88,0
9166,88,0
9167,84,0
9168,9124,1
9169,88,0
9170,88,0
9171,88,0
9172,88,0
9173,84,0
9174,84,0
9175,84,0
9176,84,0
9177,84,0
9178,84,0
9179,84,0
9180,84,0
9181,84,0
9182,84,0
9183,84,0
9184,84,0
9185,84,0
9186,84,0
9187,84,0
9188,84,0
9189,84,0
9190,84,0
9191,84,0
9192,84,0
9193,84,0
9194,84,0
9195,84,0
9196,84,0
9197,84,0
9198,88,0
9199,84,0
9200,88,0
9201,88,0
9202,88,0
9203,88,0
9204,88,0
9205,88,0
9206,84,0
9207,84,0
9208,84,0
9209,84,0
9210,84,0
9211,84,0
9212,84,0
9213,84,0
9214,84,0
9215,84,0
9216,84,0
9217,84,0
9218,84,0
9219,84,0
9220,84,0
9221,84,0
9222,84,0
9223,84,0
9224,84,0
9225,84,0
9226,84,0
9227,84,0
9228,84,0
9229,84,0
9230,84,0
9231,84,0
9232,84,0
9233,84,0
9234,84,0
9235,84,0
9236,84,0
9237,84,0
9238,84,0
9239,84,0
9240,84,0
9241,84,0
9242,84,0
9243,84,0
9244,84,0
9245,84,0
9246,84,0
9247,84,0
9248,84,0
9249,84,0
9250,84,0
9251,84,0
9252,88,0
9253,84,0
9254,88,0
9255,84,0
9256,84,0
9257,84,0
9258,84,0
9259,84,0
9260,84,0
9261,88,0
9262,84,0
9263,84,0
9264,84,0
9265,88,0
9266,88,0
9267,84,0
9268,84,0
9269,84,0
9270,84,0
9271,88,0
9272,88,0
9273,88,0
9274,88,0
9275,84,0
9276,88,0
9277,84,0
9278,88,0
9279,88,0
9280,84,0
9281,84,0
9282,88,0
9283,88,0
9284,88,0
9285,88,0
9286,88,0
9287,88,0
9288,84,0
9289,88,0
9290,84,0
9291,88,0
9292,84,0
9293,88,0
9294,88,0
9295,88,0
9296,88,0
9297,88,0
9298,88,0
9299,88,0
9300,88,0
9301,88,0
9302,84,0
9303,84,0
9304,84,0
9305,84,0
9306,84,0
9307,84,0
9308,84,0
9309,84,0
9310,88,0
9311,88,0
9312,84,0
9313,84,0
9314,84,0
9315,84,0
9316,84,0
9317,84,0
9318,84,0
9319,84,0
9320,84,0
9321,84,0
9322,84,0
9323,84,0
9324,84,0
9325,84,0
9326,88,0
9327,88,0
9328,88,0
9329,88,0
9330,88,0
9331,88,0
9332,88,0
9333,88,0
9334,88,0
9335,88,0
9336,88,0
9337,88,0
9338,88,0
9339,88,0
9340,88,0
9341,88,0
9342,88,0
9343,88,0
9344,88,0
9345,88,0
9346,88,0
9347,88,0
9348,88,0
9349,88,0
9350,88,0
9351,88,0
9352,88,0
9353,88,0
9354,88,0
9355,88,0
9356,88,0
9357,88,0
9358,84,0
9359,84,0
9360,84,0
9361,84,0
9362,84,0
9363,84,0
9364,84,0
9365,84,0
9366,88,0
9367,88,0
9368,88,0
9369,88,0
9370,88,0
9371,88,0
9372,88,0
9373,88,0
9374,88,0
9375,88,0
9376,88,0
9377,88,0
9378,88,0
9379,88,0
9380,88,0
9381,88,0
9382,88,0
9383,88,0
9384,88,0
9385,88,0
9386,88,0
9387,88,0
9388,88,0
9389,88,0
9390,84,0
9391,84,0
9392,84,0
9393,84,0
9394,88,0
9395,84,0
9396,84,0
9397,84,0
9398,84,0
9399,84,0
9400,84,0
9401,84,0
9402,84,0
9403,84,0
9404,84,0
9405,84,0
9406,84,0
9407,84,0
9408,84,0
9409,84,0
9410,84,0
9411,84,0
9412,84,0
9413,84,0
9414,84,0
9415,84,0
9416,84,0
9417,84,0
9418,84,0
9419,84,0
9420,84,0
9421,84,0
9422,88,0
9423,88,0
9424,88,0
9425,88,0
9426,88,0
9427,88,0
9428,88,0
9429,88,0
9430,84,0
9431,84,0
9432,84,0
9433,84,0
9434,84,0
9435,84,0
9436,84,0
9437,84,0
9438,84,0
9439,84,0
9440,84,0
9441,84,0
9442,84,0
9443,84,0
9444,84,0
9445,84,0
9446,84,0
9447,84,0
9448,84,0
9449,84,0
9450,84,0
9451,84,0
9452,84,0
9453,84,0
9454,84,0
9455,84,0
9456,84,0
9457,84,0
9458,84,0
9459,84,0
9460,84,0
9461,84,0
9462,84,0
9463,84,0
9464,84,0
9465,84,0
9466,84,0
9467,84,0
9468,88,0
9469,88,0
9470,88,0
9471,88,0
9472,88,0
9473,88,0
9474,88,0
9475,88,0
9476,84,0
9477,88,0
9478,84,0
9479,88,0
9480,84,0
9481,84,0
9482,84,0
9483,84,0
9484,84,0
9485,84,0
9486,88,0
9487,88,0
9488,88,0
9489,88,0
9490,88,0
9491,88,0
9492,88,0
9493,88,0
9494,84,0
9495,84,0
9496,84,0
9497,84,0
9498,84,0
9499,84,0
9500,84,0
9501,84,0
9502,84,0
9503,84,0
9504,84,0
9505,84,0
9506,84,0
9507,84,0
9508,84,0
9509,84,0
9510,84,0
9511,84,0
9512,84,0
9513,84,0
9514,84,0
9515,84,0
9516,84,0
9517,84,0
9518,84,0
9519,84,0
9520,84,0
9521,84,0
9522,84,0
9523,84,0
9524,84,0
9525,84,0
9526,88,0
9527,88,0
9528,88,0
9529,88,0
9530,88,0
9531,88,0
9532,88,0
9533,88,0
9534,88,0
9535,88,0
9536,88,0
9537,88,0
9538,88,0
9539,88,0
9540,88,0
9541,88,0
9542,88,0
9543,88,0
9544,88,0
9545,88,0
9546,88,0
9547,88,0
9548,88,0
9549,88,0
9550,88,0
9551,88,0
9552,88,0
9553,88,0
9554,88,0
9555,88,0
9556,88,0
9557,88,0
9558,88,0
9559,88,0
9560,88,0
9561,88,0
9562,88,0
9563,88,0
9564,88,0
9565,88,0
9566,88,0
9567,88,0
9568,88,0
9569,88,0
9570,88,0
9571,88,0
9572,88,0
9573,88,0
9574,88,0
9575,88,0
9576,88,0
9577,88,0
9578,88,0
9579,88,0
9580,88,0
9581,88,0
9582,88,0
9583,88,0
9584,88,0
9585,88,0
9586,88,0
9587,88,0
9588,88,0
9589,88,0
9590,88,0
9591,88,0
9592,88,0
9593,88,0
9594,88,0
9595,88,0
9596,88,0
9597,88,0
9598,88,0
9599,88,0
9600,88,0
9601,88,0
9602,88,0
9603,88,0
9604,88,0
9605,88,0
9606,88,0
9607,88,0
9608,88,0
9609,84,0
9610,88,0
9611,88,0
9612,88,0
9613,88,0
9614,88,0
9615,88,0
9616,88,0
9617,88,0
9618,88,0
9619,88,0
9620,88,0
9621,88,0
9622,88,0
9623,88,0
9624,88,0
9625,88,0
9626,88,0
9627,88,0
9628,88,0
9629,88,0
9630,88,0
9631,88,0
9632,88,0
9633,88,0
9634,88,0
9635,88,0
9636,88,0
9637,88,0
9638,88,0
9639,88,0
9640,88,0
9641,88,0
9642,88,0
9643,88,0
9644,88,0
9645,88,0
9646,88,0
9647,88,0
9648,88,0
9649,88,0
9650,84,0
9651,84,0
9652,84,0
9653,84,0
9654,84,0
9655,84,0
9656,84,0
9657,84,0
9658,88,0
9659,84,0
9660,88,0
9661,84,0
9662,88,0
9663,88,0
9664,88,0
9665,88,0
9666,88,0
9667,88,0
9668,88,0
9669,88,0
9670,88,0
9671,84,0
9672,88,0
9673,84,0
9674,84,0
9675,88,0
9676,84,0
9677,84,0
9678,88,0
9679,84,0
9680,84,0
9681,84,0
9682,88,0
9683,84,0
9684,84,0
9685,88,0
9686,84,0
9687,88,0
9688,84,0
9689,84,0
9690,84,0
9691,84,0
9692,88,0
9693,84,0
9694,84,0
9695,88,0
9696,84,0
9697,84,0
9698,84,0
9699,88,0
9700,84,0
9701,88,0
9702,84,0
9703,88,0
9704,84,0
9705,84,0
9706,84,0
9707,84,0
9708,84,0
9709,84,0
9710,84,0
9711,84,0
9712,84,0
9713,84,0
9714,84,0
9715,84,0
9716,84,0
9717,84,0
9718,84,0
9719,84,0
9720,84,0
9721,84,0
9722,88,0
9723,88,0
9724,88,0
9725,88,0
9726,88,0
9727,88,0
9728,88,0
9729,88,0
9730,88,0
9731,88,0
9732,88,0
9733,88,0
9734,88,0
9735,88,0
9736,88,0
9737,88,0
9738,88,0
9739,88,0
9740,88,0
9741,88,0
9742,84,0
9743,84,0
9744,84,0
9745,88,0
9746,84,0
9747,84,0
9748,84,0
9749,84,0
9750,84,0
9751,88,0
9752,88,0
9753,88,0
9754,84,0
9755,84,0
9756,84,0
9757,84,0
9758,84,0
9759,84,0
9760,84,0
9761,84,0
9762,84,0
9763,84,0
9764,84,0
9765,84,0
9766,84,0
9767,84,0
9768,84,0
9769,84,0
9770,84,0
9771,84,0
9772,84,0
9773,84,0
9774,88,0
9775,88,0
9776,88,0
9777,88,0
9778,88,0
9779,88,0
9780,88,0
9781,88,0
9782,84,0
9783,84,0
9784,84,0
9785,84,0
9786,84,0
9787,84,0
9788,84,0
9789,84,0
9790,84,0
9791,84,0
9792,84,0
9793,84,0
9794,84,0
9795,84,0
9796,84,0
9797,84,0
9798,84,0
9799,84,0
9800,88,0
9801,88,0
9802,88,0
9803,88,0
9804,84,0
9805,88,0
9806,88,0
9807,88,0
9808,88,0
9809,88,0
9810,88,0
9811,88,0
9812,88,0
9813,88,0
9814,88,0
9815,88,0
9816,88,0
9817,88,0
9818,88,0
9819,88,0
9820,88,0
9821,88,0
9822,88,0
9823,88,0
9824,88,0
9825,88,0
9826,88,0
9827,88,0
9828,88,0
9829,88,0
9830,88,0
9831,88,0
9832,88,0
9833,88,0
9834,88,0
9835,88,0
9836,88,0
9837,88,0
9838,88,0
9839,88,0
9840,88,0
9841,88,0
9842,88,0
9843,88,0
9844,88,0
9845,88,0
9846,84,0
9847,84,0
9848,84,0
9849,84,0
9850,84,0
9851,84,0
9852,84,0
9853,84,0
9854,84,0
9855,84,0
9856,84,0
9857,84,0
9858,84,0
9859,84,0
9860,84,0
9861,84,0
9862,84,0
9863,84,0
9864,84,0
9865,84,0
9866,84,0
9867,84,0
9868,84,0
9869,84,0
9870,88,0
9871,88,0
9872,88,0
9873,88,0
9874,88,0
9875,88,0
9876,88,0
9877,88,0
9878,88,0
9879,88,0
9880,88,0
9881,88,0
9882,88,0
9883,88,0
9884,88,0
9885,88,0
9886,88,0
9887,88,0
9888,88,0
9889,88,0
9890,88,0
9891,88,0
9892,88,0
9893,88,0
9894,88,0
9895,88,0
9896,88,0
9897,88,0
9898,88,0
9899,84,0
9900,88,0
9901,88,0
9902,84,0
9903,84,0
9904,84,0
9905,84,0
9906,84,0
9907,84,0
9908,84,0
9909,84,0
9910,88,0
9911,88,0
9912,88,0
9913,88,0
9914,88,0
9915,88,0
9916,88,0
9917,88,0
9918,88,0
9919,88,0
9920,88,0
9921,88,0
9922,88,0
9923,88,0
9924,88,0
9925,88,0
9926,88,0
9927,88,0
9928,88,0
9929,88,0
9930,88,0
9931,88,0
9932,88,0
9933,88,0
9934,88,0
9935,88,0
9936,88,0
9937,92,0
9938,88,0
9939,88,0
9940,84,0
9941,84,0
9942,88,0
9943,88,0
9944,84,0
9945,84,0
9946,88,0
9947,88,0
9948,84,0
9949,84,0
9950,88,0
9951,88,0
9952,84,0
9953,88,0
9954,88,0
9955,88,0
9956,88,0
9957,84,0
9958,88,0
9959,84,0
9960,88,0
9961,84,0
9962,88,0
9963,84,0
9964,88,0
9965,84,0
9966,88,0
9967,84,0
9968,88,0
9969,84,0
9970,88,0
9971,84,0
9972,88,0
9973,84,0
9974,88,0
9975,84,0
9976,88,0
9977,84,0
9978,88,0
9979,84,0
9980,88,0
9981,84,0
9982,88,0
9983,84,0
9984,88,0
9985,84,0
9986,88,0
9987,84,0
9988,88,0
9989,84,0
9990,88,0
9991,84,0
9992,88,0
9993,84,0
9994,88,0
9995,84,0
9996,88,0
9997,84,0
9998,88,0
9999,84,0
10000,88,0
10001,84,0
10002,84,0
10003,88,0
10004,88,0
10005,84,0
10006,84,0
10007,88,0
10008,88,0
10009,84,0
10010,84,0
10011,84,0
10012,84,0
10013,88,0
10014,88,0
10015,84,0
10016,84,0
10017,88,0
10018,88,0
10019,84,0
10020,88,0
10021,84,0
10022,84,0
10023,88,0
10024,88,0
10025,84,0
10026,84,0
10027,88,0
10028,88,0
10029,88,0
10030,88,0
10031,84,0
10032,84,0
10033,88,0
10034,88,0
10035,84,0
10036,84,0
10037,88,0
10038,84,0
10039,88,0
10040,88,0
10041,84,0
10042,84,0
10043,88,0
10044,88,0
10045,84,0
10046,84,0
10047,84,0
10048,84,0
10049,88,0
10050,88,0
10051,84,0
10052,84,0
10053,88,0
10054,88,0
10055,84,0
10056,88,0
10057,88,0
10058,84,0
10059,84,0
10060,88,0
10061,84,0
10062,84,0
10063,84,0
10064,88,0
10065,88,0
10066,88,0
10067,88,0
10068,88,0
10069,84,0
10070,84,0
10071,88,0
10072,88,0
10073,84,0
10074,84,0
10075,88,0
10076,84,0
10077,84,0
10078,88,0
10079,84,0
10080,84,0
10081,88,0
10082,88,0
10083,84,0
10084,84,0
10085,84,0
10086,84,0
10087,84,0
10088,88,0
10089,84,0
10090,84,0
10091,88,0
10092,88,0
10093,88,0
10094,84,0
10095,88,0
10096,84,0
10097,84,0
10098,84,0
10099,88,0
10100,84,0
10101,88,0
10102,84,0
10103,84,0
10104,88,0
10105,84,0
10106,88,0
10107,84,0
10108,88,0
10109,84,0
10110,88,0
10111,84,0
10112,88,0
10113,84,0
10114,88,0
10115,88,0
10116,88,0
10117,84,0
10118,84,0
10119,84,0
10120,88,0
10121,84,0
10122,88,0
10123,84,0
10124,88,0
10125,84,0
10126,88,0
10127,84,0
10128,88,0
10129,84,0
10130,88,0
10131,84,0
10132,84,0
10133,88,0
10134,88,0
10135,84,0
10136,88,0
10137,84,0
10138,88,0
10139,84,0
10140,88,0
10141,88,0
10142,84,0
10143,88,0
10144,84,0
10145,88,0
10146,84,0
10147,88,0
10148,84,0
10149,88,0
10150,84,0
10151,88,0
10152,88,0
10153,84,0
10154,88,0
10155,84,0
10156,88,0
10157,84,0
10158,88,0
10159,84,0
10160,88,0
10161,84,0
10162,88,0
10163,84,0
10164,88,0
10165,84,0
10166,88,0
10167,84,0
10168,88,0
10169,84,0
10170,84,0
10171,88,0
10172,84,0
10173,88,0
10174,84,0
10175,88,0
10176,84,0
10177,88,0
10178,84,0
10179,88,0
10180,84,0
10181,88,0
10182,84,0
10183,88,0
10184,84,0
10185,88,0
10186,84,0
10187,88,0
10188,88,0
10189,84,0
10190,84,0
10191,88,0
10192,84,0
10193,88,0
10194,88,0
10195,84,0
10196,88,0
10197,84,0
10198,88,0
10199,84,0
10200,88,0
10201,84,0
10202,88,0
10203,84,0
10204,88,0
10205,84,0
10206,84,0
10207,88,0
10208,84,0
10209,88,0
10210,84,0
10211,88,0
10212,84,0
10213,88,0
10214,88,0
10215,84,0
10216,88,0
10217,84,0
10218,88,0
10219,84,0
10220,88,0
10221,84,0
10222,88,0
10223,84,0
10224,84,0
10225,88,0
10226,84,0
10227,88,0
10228,84,0
10229,88,0
10230,84,0
10231,88,0
10232,84,0
10233,88,0
10234,84,0
10235,88,0
10236,84,0
10237,88,0
10238,84,0
10239,88,0
10240,84,0
10241,88,0
10242,88,0
10243,84,0
10244,88,0
10245,84,0
10246,88,0
10247,84,0
10248,84,0
10249,84,0
10250,88,0
10251,84,0
10252,88,0
10253,84,0
10254,88,0
10255,84,0
10256,84,0
10257,88,0
10258,88,0
10259,84,0
10260,88,0
10261,84,0
10262,88,0
10263,84,0
10264,88,0
10265,84,0
10266,84,0
10267,88,0
10268,84,0
10269,88,0
10270,84,0
10271,88,0
10272,84,0
10273,88,0
10274,84,0
10275,88,0
10276,84,0
10277,88,0
10278,88,0
10279,84,0
10280,88,0
10281,84,0
10282,88,0
10283,84,0
10284,88,0
10285,84,0
10286,88,0
10287,84,0
10288,88,0
10289,84,0
10290,88,0
10291,84,0
10292,88,0
10293,84,0
10294,88,0
10295,84,0
10296,84,0
10297,88,0
10298,84,0
10299,88,0
10300,84,0
10301,88,0
10302,84,0
10303,88,0
10304,84,0
10305,88,0
10306,84,0
10307,88,0
10308,84,0
10309,88,0
10310,84,0
10311,88,0
10312,84,0
10313,88,0
10314,88,0
10315,84,0
10316,88,0
10317,84,0
10318,88,0
10319,84,0
10320,88,0
10321,84,0
10322,88,0
10323,84,0
10324,88,0
10325,84,0
10326,88,0
10327,84,0
10328,88,0
10329,84,0
10330,88,0
10331,84,0
10332,84,0
10333,88,0
10334,84,0
10335,88,0
10336,84,0
10337,88,0
10338,84,0
10339,88,0
10340,84,0
10341,88,0
10342,84,0
10343,88,0
10344,84,0
10345,88,0
10346,84,0
10347,88,0
10348,84,0
10349,88,0
10350,88,0
10351,84,0
10352,88,0
10353,84,0
10354,88,0
10355,84,0
10356,88,0
10357,84,0
10358,88,0
10359,84,0
10360,88,0
10361,84,0
10362,88,0
10363,84,0
10364,88,0
10365,84,0
10366,88,0
10367,84,0
10368,84,0
10369,88,0
10370,84,0
10371,88,0
10372,84,0
10373,88,0
10374,84,0
10375,88,0
10376,84,0
10377,88,0
10378,84,0
10379,88,0
10380,84,0
10381,88,0
10382,84,0
10383,88,0
10384,84,0
10385,88,0
10386,88,0
10387,84,0
10388,88,0
10389,84,0
10390,88,0
10391,84,0
10392,88,0
10393,84,0
10394,88,0
10395,84,0
10396,88,0
10397,84,0
10398,88,0
10399,84,0
10400,88,0
10401,84,0
10402,88,0
10403,84,0
10404,84,0
10405,88,0
10406,84,0
10407,88,0
10408,84,0
10409,88,0
10410,84,0
10411,88,0
10412,84,0
10413,88,0
10414,84,0
10415,88,0
10416,84,0
10417,88,0
10418,84,0
10419,88,0
10420,84,0
10421,88,0
10422,88,0
10423,84,0
10424,88,0
10425,84,0
10426,88,0
10427,84,0
10428,88,0
10429,84,0
10430,84,0
10431,88,0
10432,88,0
10433,88,0
10434,88,0
10435,88,0
10436,88,0
10437,84,0
10438,84,0
10439,84,0
10440,84,0
10441,88,0
10442,88,0
10443,84,0
10444,84,0
10445,88,0
10446,88,0
10447,88,0
10448,84,0
10449,88,0
10450,88,0
10451,84,0
10452,84,0
10453,84,0
10454,84,0
10455,84,0
10456,84,0
10457,84,0
10458,88,0
10459,88,0
10460,88,0
10461,88,0
10462,88,0
10463,88,0
10464,88,0
10465,88,0
10466,88,0
10467,84,0
10468,88,0
10469,84,0
10470,88,0
10471,84,0
10472,88,0
10473,84,0
10474,88,0
10475,84,0
10476,84,0
10477,88,0
10478,84,0
10479,88,0
10480,84,0
10481,88,0
10482,84,0
10483,88,0
10484,84,0
10485,88,0
10486,84,0
10487,84,0
10488,88,0
10489,84,0
10490,84,0
10491,88,0
10492,88,0
10493,84,0
10494,84,0
10495,88,0
10496,84,0
10497,88,0
10498,84,0
10499,88,0
10500,84,0
10501,88,0
10502,84,0
10503,88,0
10504,84,0
10505,88,0
10506,84,0
10507,88,0
10508,84,0
10509,88,0
10510,84,0
10511,88,0
10512,88,0
10513,84,0
10514,88,0
10515,84,0
10516,88,0
10517,84,0
10518,88,0
10519,84,0
10520,88,0
10521,88,0
10522,84,0
10523,88,0
10524,84,0
10525,88,0
10526,84,0
10527,88,0
10528,84,0
10529,88,0
10530,88,0
10531,84,0
10532,88,0
10533,84,0
10534,88,0
10535,84,0
10536,88,0
10537,84,0
10538,88,0
10539,84,0
10540,88,0
10541,84,0
10542,88,0
10543,84,0
10544,88,0
10545,84,0
10546,88,0
10547,84,0
10548,84,0
10549,88,0
10550,84,0
10551,88,0
10552,84,0
10553,88,0
10554,84,0
10555,88,0
10556,84,0
10557,88,0
10558,84,0
10559,88,0
10560,84,0
10561,88,0
10562,84,0
10563,88,0
10564,84,0
10565,88,0
10566,88,0
10567,84,0
10568,88,0
10569,84,0
10570,88,0
10571,84,0
10572,88,0
10573,84,0
10574,88,0
10575,84,0
10576,88,0
10577,84,0
10578,88,0
10579,84,0
10580,88,0
10581,84,0
10582,88,0
10583,84,0
10584,84,0
10585,88,0
10586,84,0
10587,88,0
10588,84,0
10589,88,0
10590,84,0
10591,88,0
10592,84,0
10593,88,0
10594,84,0
10595,88,0
10596,84,0
10597,88,0
10598,84,0
10599,88,0
10600,84,0
10601,88,0
10602,88,0
10603,84,0
10604,88,0
10605,84,0
10606,88,0
10607,84,0
10608,88,0
10609,84,0
10610,88,0
10611,84,0
10612,88,0
10613,84,0
10614,88,0
10615,84,0
10616,88,0
10617,84,0
10618,88,0
10619,84,0
10620,84,0
10621,88,0
10622,84,0
10623,88,0
10624,84,0
10625,88,0
10626,84,0
10627,84,0
10628,84,0
10629,88,0
10630,88,0
10631,84,0
10632,84,0
10633,88,0
10634,84,0
10635,88,0
10636,84,0
10637,88,0
10638,88,0
10639,84,0
10640,88,0
10641,84,0
10642,88,0
10643,84,0
10644,88,0
10645,84,0
10646,88,0
10647,84,0
10648,88,0
10649,84,0
10650,88,0
10651,84,0
10652,88,0
10653,84,0
10654,88,0
10655,84,0
10656,84,0
10657,88,0
10658,84,0
10659,88,0
10660,84,0
10661,88,0
10662,84,0
10663,88,0
10664,84,0
10665,88,0
10666,84,0
10667,88,0
10668,84,0
10669,88,0
10670,84,0
10671,88,0
10672,84,0
10673,88,0
10674,88,0
10675,84,0
10676,88,0
10677,84,0
10678,88,0
10679,84,0
10680,88,0
10681,84,0
10682,88,0
10683,84,0
10684,88,0
10685,84,0
10686,88,0
10687,84,0
10688,92,0
10689,84,0
10690,88,0
10691,88,0
10692,88,0
10693,88,0
10694,88,0
10695,84,0
10696,84,0
10697,84,0
10698,84,0
10699,88,0
10700,88,0
10701,84,0
10702,84,0
10703,88,0
10704,84,0
10705,88,0
10706,84,0
10707,84,0
10708,88,0
10709,84,0
10710,84,0
10711,88,0
10712,88,0
10713,84,0
10714,88,0
10715,84,0
10716,88,0
10717,88,0
10718,84,0
10719,84,0
10720,88,0
10721,88,0
10722,84,0
10723,88,0
10724,84,0
10725,84,0
10726,88,0
10727,88,0
10728,84,0
10729,84,0
10730,88,0
10731,88,0
10732,88,0
10733,88,0
10734,84,0
10735,84,0
10736,88,0
10737,88,0
10738,84,0
10739,84,0
10740,88,0
10741,84,0
10742,88,0
10743,88,0
10744,84,0
10745,84,0
10746,88,0
10747,88,0
10748,84,0
10749,84,0
10750,84,0
10751,84,0
10752,88,0
10753,88,0
10754,84,0
10755,88,0
10756,88,0
10757,88,0
10758,84,0
10759,88,0
10760,84,0
10761,84,0
10762,88,0
10763,88,0
10764,84,0
10765,84,0
10766,88,0
10767,88,0
10768,88,0
10769,88,0
10770,84,0
10771,84,0
10772,88,0
10773,88,0
10774,84,0
10775,84,0
10776,88,0
10777,84,0
10778,88,0
10779,88,0
10780,84,0
10781,84,0
10782,88,0
10783,88,0
10784,84,0
10785,84,0
10786,84,0
10787,84,0
10788,88,0
10789,88,0
10790,84,0
10791,84,0
10792,88,0
10793,88,0
10794,84,0
10795,88,0
10796,84,0
10797,84,0
10798,88,0
10799,88,0
10800,84,0
10801,84,0
10802,84,0
10803,88,0
10804,84,0
10805,88,0
10806,84,0
10807,84,0
10808,84,0
10809,88,0
10810,88,0
10811,88,0
10812,88,0
10813,88,0
10814,84,0
10815,84,0
10816,88,0
10817,88,0
10818,84,0
10819,84,0
10820,88,0
10821,84,0
10822,84,0
10823,88,0
10824,84,0
10825,84,0
10826,88,0
10827,88,0
10828,84,0
10829,84,0
10830,84,0
10831,84,0
10832,84,0
10833,88,0
10834,84,0
10835,84,0
10836,88,0
10837,88,0
10838,88,0
10839,84,0
10840,88,0
10841,84,0
10842,84,0
10843,84,0
10844,88,0
10845,84,0
10846,88,0
10847,84,0
10848,84,0
10849,88,0
10850,84,0
10851,88,0
10852,84,0
10853,88,0
10854,84,0
10855,88,0
10856,84,0
10857,88,0
10858,84,0
10859,88,0
10860,88,0
10861,88,0
10862,84,0
10863,84,0
10864,84,0
10865,88,0
10866,84,0
10867,88,0
10868,84,0
10869,88,0
10870,84,0
10871,88,0
10872,84,0
10873,88,0
10874,84,0
10875,88,0
10876,84,0
10877,84,0
10878,88,0
10879,88,0
10880,84,0
10881,88,0
10882,84,0
10883,88,0
10884,84,0
10885,88,0
10886,88,0
10887,84,0
10888,88,0
10889,84,0
10890,88,0
10891,84,0
10892,88,0
10893,84,0
10894,88,0
10895,84,0
10896,88,0
10897,88,0
10898,84,0
10899,88,0
10900,84,0
10901,88,0
10902,84,0
10903,88,0
10904,84,0
10905,88,0
10906,84,0
10907,88,0
10908,84,0
10909,88,0
10910,84,0
10911,88,0
10912,84,0
10913,88,0
10914,84,0
10915,84,0
10916,88,0
10917,84,0
10918,88,0
10919,84,0
10920,88,0
10921,84,0
10922,88,0
10923,84,0
10924,88,0
10925,84,0
10926,88,0
10927,84,0
10928,88,0
10929,84,0
10930,88,0
10931,84,0
10932,88,0
10933,88,0
10934,84,0
10935,84,0
10936,88,0
10937,84,0
10938,88,0
10939,88,0
10940,84,0
10941,88,0
10942,84,0
10943,88,0
10944,84,0
10945,88,0
10946,84,0
10947,88,0
10948,84,0
10949,88,0
10950,84,0
10951,84,0
10952,88,0
10953,84,0
10954,88,0
10955,84,0
10956,88,0
10957,84,0
10958,88,0
10959,84,0
10960,88,0
10961,84,0
10962,88,0
10963,84,0
10964,88,0
10965,84,0
10966,88,0
10967,84,0
10968,88,0
10969,88,0
10970,84,0
10971,88,0
10972,84,0
10973,88,0
10974,84,0
10975,88,0
10976,84,0
10977,88,0
10978,84,0
10979,88,0
10980,84,0
10981,88,0
10982,84,0
10983,88,0
10984,84,0
10985,88,0
10986,84,0
10987,84,0
10988,88,0
10989,84,0
10990,88,0
10991,84,0
10992,88,0
10993,88,0
10994,88,0
10995,84,0
10996,88,0
10997,84,0
10998,88,0
10999,84,0
11000,88,0
11001,88,0
11002,84,0
11003,84,0
11004,88,0
11005,88,0
11006,84,0
11007,88,0
11008,84,0
11009,88,0
11010,84,0
11011,88,0
11012,84,0
11013,88,0
11014,84,0
11015,88,0
11016,84,0
11017,88,0
11018,84,0
11019,88,0
11020,84,0
11021,88,0
11022,84,0
11023,84,0
11024,88,0
11025,84,0
11026,88,0
11027,84,0
11028,88,0
11029,84,0
11030,88,0
11031,84,0
11032,88,0
11033,84,0
11034,88,0
11035,84,0
11036,88,0
11037,84,0
11038,88,0
11039,84,0
11040,88,0
11041,88,0
11042,84,0
11043,88,0
11044,84,0
11045,88,0
11046,84,0
11047,88,0
11048,84,0
11049,88,0
11050,84,0
11051,88,0
11052,84,0
11053,88,0
11054,84,0
11055,88,0
11056,84,0
11057,88,0
11058,84,0
11059,84,0
11060,88,0
11061,84,0
11062,88,0
11063,84,0
11064,88,0
11065,84,0
11066,88,0
11067,84,0
11068,88,0
11069,84,0
11070,88,0
11071,84,0
11072,88,0
11073,84,0
11074,88,0
11075,84,0
11076,88,0
11077,88,0
11078,84,0
11079,88,0
11080,84,0
11081,88,0
11082,84,0
11083,88,0
11084,84,0
11085,88,0
11086,84,0
11087,88,0
11088,84,0
11089,88,0
11090,84,0
11091,88,0
11092,84,0
11093,88,0
11094,84,0
11095,84,0
11096,88,0
11097,84,0
11098,88,0
11099,84,0
11100,88,0
11101,84,0
11102,88,0
11103,84,0
11104,88,0
11105,84,0
11106,88,0
11107,84,0
11108,88,0
11109,84,0
11110,88,0
11111,84,0
11112,88,0
11113,88,0
11114,84,0
11115,88,0
11116,84,0
11117,88,0
11118,84,0
11119,88,0
11120,84,0
11121,88,0
11122,84,0
11123,88,0
11124,84,0
11125,88,0
11126,84,0
11127,88,0
11128,84,0
11129,88,0
11130,84,0
11131,84,0
11132,88,0
11133,84,0
11134,88,0
11135,84,0
11136,88,0
11137,84,0
11138,88,0
11139,84,0
11140,88,0
11141,84,0
11142,88,0
11143,84,0
11144,88,0
11145,84,0
11146,88,0
11147,84,0
11148,88,0
11149,88,0
11150,84,0
11151,88,0
11152,84,0
11153,88,0
11154,84,0
11155,88,0
11156,84,0
11157,88,0
11158,84,0
11159,88,0
11160,84,0
11161,88,0
11162,84,0
11163,88,0
11164,84,0
11165,88,0
11166,84,0
11167,84,0
11168,88,0
11169,84,0
11170,88,0
11171,84,0
11172,88,0
11173,84,0
11174,88,0
11175,88,0
11176,84,0
11177,84,0
11178,84,0
11179,84,0
11180,84,0
11181,84,0
11182,88,0
11183,88,0
11184,88,0
11185,88,0
11186,84,0
11187,84,0
11188,88,0
11189,88,0
11190,84,0
11191,84,0
11192,84,0
11193,88,0
11194,84,0
11195,84,0
11196,88,0
11197,88,0
11198,88,0
11199,88,0
11200,88,0
11201,88,0
11202,88,0
11203,84,0
11204,84,0
11205,84,0
11206,84,0
11207,84,0
11208,84,0
11209,84,0
11210,84,0
11211,84,0
11212,88,0
11213,84,0
11214,88,0
11215,84,0
11216,88,0
11217,84,0
11218,88,0
11219,84,0
11220,88,0
11221,88,0
11222,84,0
11223,88,0
11224,84,0
11225,88,0
11226,84,0
11227,88,0
11228,84,0
11229,88,0
11230,84,0
11231,88,0
11232,88,0
11233,84,0
11234,88,0
11235,88,0
11236,84,0
11237,84,0
11238,88,0
11239,88,0
11240,84,0
11241,88,0
11242,84,0
11243,88,0
11244,84,0
11245,88,0
11246,84,0
11247,88,0
11248,84,0
11249,88,0
11250,84,0
11251,88,0
11252,84,0
11253,88,0
11254,84,0
11255,88,0
11256,84,0
11257,84,0
11258,88,0
11259,84,0
11260,88,0
11261,84,0
11262,88,0
11263,84,0
11264,88,0
11265,84,0
11266,84,0
11267,88,0
11268,84,0
11269,88,0
11270,84,0
11271,88,0
11272,84,0
11273,88,0
11274,84,0
11275,84,0
11276,88,0
11277,84,0
11278,88,0
11279,84,0
11280,88,0
11281,84,0
11282,88,0
11283,84,0
11284,88,0
11285,84,0
11286,88,0
11287,84,0
11288,88,0
11289,84,0
11290,88,0
11291,84,0
11292,88,0
11293,88,0
11294,84,0
11295,88,0
11296,84,0
11297,88,0
11298,84,0
11299,88,0
11300,84,0
11301,88,0
11302,84,0
11303,88,0
11304,84,0
11305,88,0
11306,84,0
11307,88,0
11308,84,0
11309,88,0
11310,84,0
11311,84,0
11312,88,0
11313,84,0
11314,88,0
11315,84,0
11316,88,0
11317,84,0
11318,88,0
11319,84,0
11320,88,0
11321,84,0
11322,88,0
11323,84,0
11324,88,0
11325,84,0
11326,88,0
11327,84,0
11328,88,0
11329,88,0
11330,84,0
11331,88,0
11332,84,0
11333,88,0
11334,84,0
11335,88,0
11336,84,0
11337,88,0
11338,84,0
11339,88,0
11340,84,0
11341,88,0
11342,84,0
11343,88,0
11344,84,0
11345,88,0
11346,84,0
11347,84,0
11348,88,0
11349,84,0
11350,88,0
11351,84,0
11352,88,0
11353,84,0
11354,88,0
11355,84,0
11356,88,0
11357,84,0
11358,88,0
11359,84,0
11360,88,0
11361,84,0
11362,88,0
11363,84,0
11364,88,0
11365,88,0
11366,84,0
11367,88,0
11368,84,0
11369,88,0
11370,84,0
11371,88,0
11372,88,0
11373,88,0
11374,84,0
11375,84,0
11376,88,0
11377,88,0
11378,84,0
11379,88,0
11380,84,0
11381,88,0
11382,84,0
11383,84,0
11384,88,0
11385,84,0
11386,88,0
11387,84,0
11388,88,0
11389,84,0
11390,88,0
11391,84,0
11392,88,0
11393,84,0
11394,88,0
11395,84,0
11396,88,0
11397,84,0
11398,88,0
11399,84,0
11400,88,0
11401,88,0
11402,84,0
11403,88,0
11404,84,0
11405,88,0
11406,84,0
11407,88,0
11408,84,0
11409,88,0
11410,84,0
11411,88,0
11412,84,0
11413,88,0
11414,84,0
11415,88,0
11416,84,0
11417,88,0
11418,84,0
11419,84,0
11420,88,0
11421,84,0
11422,88,0
11423,84,0
11424,88,0
11425,84,0
11426,88,0
11427,84,0
11428,88,0
11429,84,0
11430,88,0
11431,84,0
11432,88,0
11433,92,0
11434,84,0
11435,88,0
11436,84,0
11437,84,0
11438,84,0
11439,84,0
11440,88,0
11441,84,0
11442,84,0
11443,88,0
11444,84,0
11445,88,0
11446,84,0
11447,88,0
11448,84,0
11449,88,0
11450,88,0
11451,88,0
11452,84,0
11453,84,0
11454,88,0
11455,84,0
11456,84,0
11457,88,0
11458,88,0
11459,84,0
11460,84,0
11461,88,0
11462,88,0
11463,84,0
11464,84,0
11465,88,0
11466,88,0
11467,84,0
11468,84,0
11469,88,0
11470,88,0
11471,84,0
11472,84,0
11473,88,0
11474,88,0
11475,84,0
11476,84,0
11477,88,0
11478,88,0
11479,84,0
11480,84,0
11481,88,0
11482,88,0
11483,84,0
11484,84,0
11485,88,0
11486,88,0
11487,84,0
11488,84,0
11489,88,0
11490,88,0
11491,84,0
11492,84,0
11493,88,0
11494,88,0
11495,84,0
11496,84,0
11497,88,0
11498,88,0
11499,84,0
11500,84,0
11501,88,0
11502,88,0
11503,84,0
11504,84,0
11505,88,0
11506,88,0
11507,84,0
11508,84,0
11509,88,0
11510,88,0
11511,84,0
11512,84,0
11513,88,0
11514,88,0
11515,84,0
11516,84,0
11517,88,0
11518,88,0
11519,84,0
11520,84,0
11521,88,0
11522,88,0
11523,84,0
11524,84,0
11525,88,0
11526,88,0
11527,84,0
11528,84,0
11529,88,0
11530,88,0
11531,84,0
11532,84,0
11533,88,0
11534,88,0
11535,84,0
11536,84,0
11537,88,0
11538,88,0
11539,84,0
11540,84,0
11541,88,0
11542,88,0
11543,84,0
11544,84,0
11545,88,0
11546,88,0
11547,84,0
11548,84,0
11549,88,0
11550,88,0
11551,84,0
11552,84,0
11553,84,0
11554,84,0
11555,84,0
11556,84,0
11557,88,0
11558,84,0
11559,88,0
11560,84,0
11561,84,0
11562,84,0
11563,88,0
11564,88,0
11565,84,0
11566,84,0
11567,88,0
11568,84,0
11569,88,0
11570,88,0
11571,84,0
11572,84,0
11573,88,0
11574,84,0
11575,88,0
11576,84,0
11577,84,0
11578,88,0
11579,84,0
11580,84,0
11581,88,0
11582,88,0
11583,88,0
11584,88,0
11585,84,0
11586,84,0
11587,88,0
11588,88,0
11589,84,0
11590,84,0
11591,88,0
11592,88,0
11593,84,0
11594,84,0
11595,88,0
11596,88,0
11597,84,0
11598,84,0
11599,84,0
11600,84,0
11601,88,0
11602,88,0
11603,84,0
11604,84,0
11605,88,0
11606,88,0
11607,84,0
11608,84,0
11609,88,0
11610,88,0
11611,84,0
11612,84,0
11613,88,0
11614,88,0
11615,84,0
11616,84,0
11617,88,0
11618,88,0
11619,84,0
11620,84,0
11621,88,0
11622,88,0
11623,84,0
11624,84,0
11625,88,0
11626,88,0
11627,84,0
11628,84,0
11629,88,0
11630,88,0
11631,84,0
11632,84,0
11633,88,0
11634,88,0
11635,84,0
11636,84,0
11637,88,0
11638,88,0
11639,84,0
11640,84,0
11641,88,0
11642,88,0
11643,84,0
11644,84,0
11645,88,0
11646,88,0
11647,84,0
11648,84,0
11649,88,0
11650,88,0
11651,88,0
11652,88,0
11653,84,0
11654,84,0
11655,88,0
11656,88,0
11657,84,0
11658,84,0
11659,88,0
11660,88,0
11661,84,0
11662,84,0
11663,84,0
11664,84,0
11665,88,0
11666,88,0
11667,84,0
11668,84,0
11669,88,0
11670,88,0
11671,84,0
11672,84,0
11673,88,0
11674,88,0
11675,84,0
11676,84,0
11677,88,0
11678,88,0
11679,84,0
11680,84,0
11681,88,0
11682,88,0
11683,84,0
11684,88,0
11685,84,0
11686,84,0
11687,88,0
11688,88,0
11689,84,0
11690,84,0
11691,88,0
11692,88,0
11693,84,0
11694,84,0
11695,88,0
11696,88,0
11697,84,0
11698,84,0
11699,88,0
11700,88,0
11701,84,0
11702,84,0
11703,88,0
11704,88,0
11705,84,0
11706,84,0
11707,88,0
11708,88,0
11709,84,0
11710,84,0
11711,88,0
11712,88,0
11713,84,0
11714,84,0
11715,88,0
11716,88,0
11717,84,0
11718,84,0
11719,88,0
11720,88,0
11721,84,0
11722,84,0
11723,88,0
11724,88,0
11725,84,0
11726,84,0
11727,88,0
11728,88,0
11729,84,0
11730,84,0
11731,88,0
11732,88,0
11733,84,0
11734,84,0
11735,88,0
11736,88,0
11737,84,0
11738,88,0
11739,84,0
11740,84,0
11741,88,0
11742,88,0
11743,84,0
11744,84,0
11745,84,0
11746,84,0
11747,84,0
11748,88,0
11749,88,0
11750,84,0
11751,88,0
11752,88,0
11753,84,0
11754,84,0
11755,88,0
11756,88,0
11757,84,0
11758,84,0
11759,88,0
11760,88,0
11761,84,0
11762,84,0
11763,88,0
11764,88,0
11765,84,0
11766,84,0
11767,88,0
11768,88,0
11769,84,0
11770,84,0
11771,88,0
11772,88,0
11773,84,0
11774,84,0
11775,88,0
11776,88,0
11777,84,0
11778,84,0
11779,88,0
11780,88,0
11781,84,0
11782,84,0
11783,88,0
11784,88,0
11785,84,0
11786,84,0
11787,88,0
11788,88,0
11789,84,0
11790,84,0
11791,88,0
11792,88,0
11793,84,0
11794,84,0
11795,88,0
11796,88,0
11797,84,0
11798,84,0
11799,88,0
11800,88,0
11801,84,0
11802,84,0
11803,88,0
11804,88,0
11805,84,0
11806,84,0
11807,88,0
11808,88,0
11809,84,0
11810,84,0
11811,88,0
11812,88,0
11813,84,0
11814,84,0
11815,88,0
11816,88,0
11817,84,0
11818,84,0
11819,88,0
11820,88,0
11821,84,0
11822,84,0
11823,88,0
11824,88,0
11825,84,0
11826,84,0
11827,88,0
11828,88,0
11829,84,0
11830,84,0
11831,88,0
11832,88,0
11833,84,0
11834,84,0
11835,88,0
11836,88,0
11837,84,0
11838,84,0
11839,88,0
11840,88,0
11841,84,0
11842,84,0
11843,88,0
11844,88,0
11845,84,0
11846,84,0
11847,88,0
11848,88,0
11849,84,0
11850,84,0
11851,88,0
11852,88,0
11853,84,0
11854,84,0
11855,88,0
11856,88,0
11857,84,0
11858,84,0
11859,88,0
11860,88,0
11861,84,0
11862,96,0
11863,88,0
11864,84,0
11865,84,0
11866,88,0
11867,88,0
11868,88,0
11869,84,0
11870,88,0
11871,84,0
11872,84,0
11873,84,0
11874,84,0
11875,84,0
11876,84,0
11877,84,0
11878,84,0
11879,88,0
11880,84,0
11881,84,0
11882,84,0
11883,84,0
11884,88,0
11885,84,0
11886,84,0
11887,84,0
11888,84,0
11889,84,0
11890,88,0
11891,88,0
11892,84,0
11893,84,0
11894,88,0
11895,88,0
11896,84,0
11897,84,0
11898,88,0
11899,88,0
11900,84,0
11901,84,0
11902,88,0
11903,88,0
11904,84,0
11905,84,0
11906,88,0
11907,84,0
11908,88,0
11909,84,0
11910,88,0
11911,88,0
11912,84,0
11913,84,0
11914,88,0
11915,88,0
11916,84,0
11917,88,0
11918,84,0
11919,84,0
11920,88,0
11921,88,0
11922,84,0
11923,84,0
11924,84,0
11925,88,0
11926,84,0
11927,88,0
11928,88,0
11929,84,0
11930,84,0
11931,88,0
11932,84,0
11933,88,0
11934,88,0
11935,88,0
11936,84,0
11937,84,0
11938,88,0
11939,84,0
11940,88,0
11941,88,0
11942,84,0
11943,84,0
11944,84,0
11945,88,0
11946,84,0
11947,84,0
11948,88,0
11949,84,0
11950,84,0
11951,84,0
11952,88,0
11953,84,0
11954,84,0
11955,84,0
11956,88,0
11957,88,0
11958,84,0
11959,84,0
11960,88,0
11961,88,0
11962,84,0
11963,84,0
11964,88,0
11965,84,0
11966,88,0
11967,84,0
11968,88,0
11969,88,0
11970,84,0
11971,88,0
11972,84,0
11973,88,0
11974,84,0
11975,84,0
11976,88,0
11977,84,0
11978,88,0
11979,84,0
11980,88,0
11981,88,0
11982,84,0
11983,84,0
11984,88,0
11985,88,0
11986,84,0
11987,84,0
11988,88,0
11989,88,0
11990,84,0
11991,84,0
11992,88,0
11993,88,0
11994,84,0
11995,84,0
11996,88,0
11997,88,0
11998,84,0
11999,84,0
12000,84,0
12001,88,0
12002,84,0
12003,84,0
12004,88,0
12005,88,0
12006,84,0
12007,84,0
12008,88,0
12009,88,0
12010,84,0
12011,88,0
12012,84,0
12013,84,0
12014,88,0
12015,88,0
12016,84,0
12017,84,0
12018,88,0
12019,88,0
12020,84,0
12021,84,0
12022,88,0
12023,88,0
12024,84,0
12025,84,0
12026,88,0
12027,88,0
12028,84,0
12029,88,0
12030,84,0
12031,88,0
12032,84,0
12033,88,0
12034,84,0
12035,84,0
12036,88,0
12037,88,0
12038,84,0
12039,84,0
12040,88,0
12041,84,0
12042,88,0
12043,84,0
12044,88,0
12045,88,0
12046,84,0
12047,84,0
12048,88,0
12049,88,0
12050,84,0
12051,84,0
12052,88,0
12053,84,0
12054,88,0
12055,84,0
12056,88,0
12057,84,0
12058,88,0
12059,88,0
12060,84,0
12061,84,0
12062,88,0
12063,88,0
12064,84,0
12065,84,0
12066,88,0
12067,88,0
12068,84,0
12069,84,0
12070,88,0
12071,88,0
12072,84,0
12073,84,0
12074,88,0
12075,88,0
12076,84,0
12077,84,0
12078,88,0
12079,88,0
12080,84,0
12081,84,0
12082,88,0
12083,88,0
12084,84,0
12085,84,0
12086,88,0
12087,88,0
12088,84,0
12089,84,0
12090,88,0
12091,88,0
12092,84,0
12093,88,0
12094,84,0
12095,88,0
12096,84,0
12097,84,0
12098,88,0
12099,88,0
12100,84,0
12101,84,0
12102,88,0
12103,88,0
12104,84,0
12105,84,0
12106,88,0
12107,88,0
12108,84,0
12109,84,0
12110,88,0
12111,88,0
12112,84,0
12113,84,0
12114,88,0
12115,88,0
12116,84,0
12117,84,0
12118,88,0
12119,88,0
12120,84,0
12121,84,0
12122,88,0
12123,88,0
12124,84,0
12125,84,0
12126,88,0
12127,88,0
12128,84,0
12129,84,0
12130,88,0
12131,88,0
12132,84,0
12133,84,0
12134,88,0
12135,88,0
12136,84,0
12137,84,0
12138,88,0
12139,88,0
12140,84,0
12141,84,0
12142,88,0
12143,84,0
12144,88,0
12145,88,0
12146,84,0
12147,84,0
12148,88,0
12149,88,0
12150,84,0
12151,84,0
12152,88,0
12153,88,0
12154,84,0
12155,84,0
12156,88,0
12157,84,0
12158,88,0
12159,84,0
12160,88,0
12161,88,0
12162,84,0
12163,88,0
12164,84,0
12165,88,0
12166,84,0
12167,84,0
12168,88,0
12169,88,0
12170,84,0
12171,84,0
12172,88,0
12173,88,0
12174,84,0
12175,84,0
12176,88,0
12177,88,0
12178,124,0
12179,84,0
12180,88,0
12181,84,0
12182,84,0
12183,84,0
12184,88,0
12185,88,0
12186,88,0
12187,88,0
12188,88,0
12189,84,0
12190,88,0
12191,84,0
12192,88,0
12193,84,0
12194,88,0
12195,84,0
12196,88,0
12197,84,0
12198,84,0
12199,88,0
12200,84,0
12201,88,0
12202,84,0
12203,84,0
12204,84,0
12205,84,0
12206,84,0
12207,84,0
12208,84,0
12209,84,0
12210,84,0
12211,84,0
12212,84,0
12213,84,0
12214,84,0
12215,84,0
12216,84,0
12217,84,0
12218,84,0
12219,84,0
12220,84,0
12221,84,0
12222,84,0
12223,84,0
12224,84,0
12225,84,0
12226,84,0
12227,84,0
12228,84,0
12229,84,0
12230,84,0
12231,84,0
12232,84,0
12233,88,0
12234,84,0
12235,88,0
12236,84,0
12237,88,0
12238,84,0
12239,84,0
12240,84,0
12241,84,0
12242,84,0
12243,84,0
12244,84,0
12245,88,0
12246,88,0
12247,88,0
12248,88,0
12249,88,0
12250,88,0
12251,84,0
12252,84,0
12253,84,0
12254,84,0
12255,84,0
12256,88,0
12257,88,0
12258,88,0
12259,88,0
12260,88,0
12261,88,0
12262,88,0
12263,88,0
12264,88,0
12265,88,0
12266,88,0
12267,88,0
12268,88,0
12269,88,0
12270,88,0
12271,88,0
12272,88,0
12273,88,0
12274,88,0
12275,88,0
12276,88,0
12277,88,0
12278,88,0
12279,88,0
12280,88,0
12281,88,0
12282,88,0
12283,88,0
12284,88,0
12285,88,0
12286,88,0
12287,88,0
12288,88,0
12289,84,0
12290,84,0
12291,88,0
12292,88,0
12293,84,0
12294,84,0
12295,88,0
12296,88,0
12297,84,0
12298,84,0
12299,88,0
12300,88,0
12301,84,0
12302,84,0
12303,88,0
12304,88,0
12305,84,0
12306,84,0
12307,88,0
12308,88,0
12309,84,0
12310,84,0
12311,88,0
12312,88,0
12313,88,0
12314,88,0
12315,84,0
12316,84,0
12317,84,0
12318,88,0
12319,84,0
12320,88,0
12321,88,0
12322,88,0
12323,84,0
12324,84,0
12325,88,0
12326,84,0
12327,84,0
12328,88,0
12329,84,0
12330,84,0
12331,88,0
12332,84,0
12333,84,0
12334,84,0
12335,88,0
12336,88,0
12337,84,0
12338,84,0
12339,84,0
12340,84,0
12341,84,0
12342,84,0
12343,84,0
12344,84,0
12345,84,0
12346,84,0
12347,84,0
12348,84,0
12349,88,0
12350,84,0
12351,88,0
12352,84,0
12353,88,0
12354,84,0
12355,84,0
12356,84,0
12357,84,0
12358,84,0
12359,84,0
12360,84,0
12361,88,0
12362,88,0
12363,88,0
12364,88,0
12365,88,0
12366,88,0
12367,84,0
12368,84,0
12369,84,0
12370,84,0
12371,84,0
12372,84,0
12373,88,0
12374,88,0
12375,88,0
12376,88,0
12377,88,0
12378,88,0
12379,84,0
12380,88,0
12381,88,0
12382,88,0
12383,88,0
12384,84,0
12385,84,0
12386,84,0
12387,84,0
12388,84,0
12389,84,0
12390,84,0
12391,84,0
12392,84,0
12393,84,0
12394,84,0
12395,84,0
12396,84,0
12397,84,0
12398,84,0
12399,84,0
12400,84,0
12401,84,0
12402,84,0
12403,84,0
12404,84,0
12405,84,0
12406,84,0
12407,84,0
12408,84,0
12409,84,0
12410,84,0
12411,84,0
12412,84,0
12413,84,0
12414,84,0
12415,84,0
12416,84,0
12417,84,0
12418,84,0
12419,88,0
12420,88,0
12421,88,0
12422,88,0
12423,88,0
12424,88,0
12425,88,0
12426,88,0
12427,88,0
12428,88,0
12429,84,0
12430,84,0
12431,88,0
12432,88,0
12433,88,0
12434,88,0
12435,88,0
12436,88,0
12437,84,0
12438,84,0
12439,84,0
12440,84,0
12441,84,0
12442,84,0
12443,88,0
12444,88,0
12445,88,0
12446,88,0
12447,88,0
12448,84,0
12449,84,0
12450,84,0
12451,84,0
12452,84,0
12453,84,0
12454,84,0
12455,84,0
12456,84,0
12457,84,0
12458,84,0
12459,84,0
12460,84,0
12461,84,0
12462,84,0
12463,84,0
12464,84,0
12465,84,0
12466,84,0
12467,84,0
12468,84,0
12469,84,0
12470,84,0
12471,84,0
12472,84,0
12473,84,0
12474,84,0
12475,84,0
12476,84,0
12477,84,0
12478,84,0
12479,84,0
12480,84,0
12481,84,0
12482,84,0
12483,88,0
12484,88,0
12485,88,0
12486,88,0
12487,88,0
12488,88,0
12489,84,0
12490,84,0
12491,88,0
12492,88,0
12493,84,0
12494,84,0
12495,88,0
12496,88,0
12497,88,0
12498,88,0
12499,88,0
12500,88,0
12501,84,0
12502,84,0
12503,84,0
12504,84,0
12505,84,0
12506,84,0
12507,88,0
12508,88,0
12509,88,0
12510,88,0
12511,88,0
12512,84,0
12513,84,0
12514,84,0
12515,84,0
12516,84,0
12517,84,0
12518,88,0
12519,84,0
12520,84,0
12521,84,0
12522,84,0
12523,84,0
12524,84,0
12525,84,0
12526,84,0
12527,84,0
12528,84,0
12529,84,0
12530,84,0
12531,84,0
12532,84,0
12533,84,0
12534,84,0
12535,84,0
12536,84,0
12537,84,0
12538,84,0
12539,84,0
12540,84,0
12541,84,0
12542,84,0
12543,84,0
12544,84,0
12545,84,0
12546,84,0
12547,84,0
12548,84,0
12549,84,0
12550,84,0
12551,84,0
12552,84,0
12553,84,0
12554,84,0
12555,84,0
12556,84,0
12557,84,0
12558,84,0
12559,88,0
12560,88,0
12561,88,0
12562,88,0
12563,88,0
12564,88,0
12565,88,0
12566,88,0
12567,88,0
12568,88,0
12569,88,0
12570,88,0
12571,88,0
12572,88,0
12573,88,0
12574,88,0
12575,88,0
12576,88,0
12577,88,0
12578,88,0
12579,88,0
12580,88,0
12581,88,0
12582,88,0
12583,88,0
12584,88,0
12585,88,0
12586,88,0
12587,88,0
12588,88,0
12589,88,0
12590,88,0
12591,88,0
12592,88,0
12593,88,0
12594,88,0
12595,88,0
12596,88,0
12597,88,0
12598,88,0
12599,88,0
12600,88,0
12601,88,0
12602,88,0
12603,88,0
12604,88,0
12605,88,0
12606,88,0
12607,88,0
12608,88,0
12609,88,0
12610,88,0
12611,84,0
12612,84,0
12613,84,0
12614,84,0
12615,84,0
12616,84,0
12617,88,0
12618,88,0
12619,88,0
12620,88,0
12621,88,0
12622,88,0
12623,88,0
12624,88,0
12625,84,0
12626,84,0
12627,84,0
12628,84,0
12629,88,0
12630,88,0
12631,88,0
12632,88,0
12633,88,0
12634,88,0
12635,88,0
12636,88,0
12637,88,0
12638,88,0
12639,88,0
12640,88,0
12641,88,0
12642,88,0
12643,88,0
12644,88,0
12645,88,0
12646,88,0
12647,88,0
12648,88,0
12649,88,0
12650,88,0
12651,88,0
12652,88,0
12653,88,0
12654,88,0
12655,88,0
12656,88,0
12657,88,0
12658,88,0
12659,88,0
12660,88,0
12661,88,0
12662,88,0
12663,88,0
12664,88,0
12665,84,0
12666,84,0
12667,88,0
12668,88,0
12669,84,0
12670,88,0
12671,88,0
12672,88,0
12673,88,0
12674,88,0
12675,84,0
12676,84,0
12677,88,0
12678,88,0
12679,84,0
12680,84,0
12681,88,0
12682,84,0
12683,88,0
12684,88,0
12685,84,0
12686,84,0
12687,84,0
12688,88,0
12689,88,0
12690,84,0
12691,84,0
12692,84,0
12693,84,0
12694,88,0
12695,88,0
12696,84,0
12697,84,0
12698,84,0
12699,88,0
12700,84,0
12701,88,0
12702,88,0
12703,84,0
12704,88,0
12705,88,0
12706,88,0
12707,84,0
12708,84,0
12709,88,0
12710,88,0
12711,88,0
12712,88,0
12713,88,0
12714,88,0
12715,88,0
12716,88,0
12717,88,0
12718,88,0
12719,88,0
12720,88,0
12721,88,0
12722,88,0
12723,88,0
12724,88,0
12725,84,0
12726,88,0
12727,84,0
12728,88,0
12729,84,0
12730,88,0
12731,84,0
12732,84,0
12733,84,0
12734,84,0
12735,84,0
12736,84,0
12737,84,0
12738,84,0
12739,84,0
12740,84,0
12741,84,0
12742,84,0
12743,84,0
12744,84,0
12745,84,0
12746,84,0
12747,84,0
12748,84,0
12749,84,0
12750,84,0
12751,84,0
12752,88,0
12753,88,0
12754,88,0
12755,88,0
12756,84,0
12757,84,0
12758,84,0
12759,84,0
12760,84,0
12761,84,0
12762,84,0
12763,88,0
12764,88,0
12765,88,0
12766,88,0
12767,88,0
12768,88,0
12769,88,0
12770,88,0
12771,88,0
12772,88,0
12773,88,0
12774,88,0
12775,88,0
12776,88,0
12777,88,0
12778,88,0
12779,88,0
12780,88,0
12781,88,0
12782,88,0
12783,88,0
12784,88,0
12785,88,0
12786,88,0
12787,88,0
12788,88,0
12789,88,0
12790,88,0
12791,88,0
12792,88,0
12793,88,0
12794,88,0
12795,88,0
12796,88,0
12797,88,0
12798,88,0
12799,88,0
12800,88,0
12801,84,0
12802,84,0
12803,84,0
12804,84,0
12805,84,0
12806,84,0
12807,84,0
12808,84,0
12809,88,0
12810,88,0
12811,88,0
12812,88,0
12813,88,0
12814,88,0
12815,88,0
12816,88,0
12817,88,0
12818,88,0
12819,88,0
12820,88,0
12821,88,0
12822,88,0
12823,88,0
12824,88,0
12825,88,0
12826,88,0
12827,84,0
12828,84,0
12829,84,0
12830,84,0
12831,84,0
12832,84,0
12833,84,0
12834,84,0
12835,84,0
12836,84,0
12837,84,0
12838,84,0
12839,84,0
12840,84,0
12841,84,0
12842,84,0
12843,84,0
12844,84,0
12845,84,0
12846,84,0
12847,84,0
12848,84,0
12849,84,0
12850,84,0
12851,84,0
12852,84,0
12853,84,0
12854,84,0
12855,84,0
12856,84,0
12857,84,0
12858,84,0
12859,84,0
12860,84,0
12861,84,0
12862,84,0
12863,88,0
12864,88,0
12865,84,0
12866,84,0
12867,84,0
12868,84,0
12869,84,0
12870,84,0
12871,84,0
12872,84,0
12873,84,0
12874,84,0
12875,84,0
12876,84,0
12877,84,0
12878,84,0
12879,84,0
12880,84,0
12881,84,0
12882,84,0
12883,84,0
12884,84,0
12885,88,0
12886,88,0
12887,88,0
12888,88,0
12889,84,0
12890,84,0
12891,84,0
12892,84,0
12893,84,0
12894,84,0
12895,84,0
12896,84,0
12897,84,0
12898,84,0
12899,84,0
12900,84,0
12901,84,0
12902,84,0
12903,84,0
12904,84,0
12905,84,0
12906,84,0
12907,84,0
12908,84,0
12909,84,0
12910,84,0
12911,84,0
12912,84,0
12913,84,0
12914,84,0
12915,84,0
12916,84,0
12917,84,0
12918,84,0
12919,84,0
12920,84,0
12921,84,0
12922,96,0
12923,88,0
12924,88,0
12925,88,0
12926,84,0
12927,84,0
12928,88,0
12929,84,0
12930,88,0
12931,88,0
12932,84,0
12933,84,0
12934,88,0
12935,88,0
12936,84,0
12937,84,0
12938,88,0
12939,88,0
12940,84,0
12941,84,0
12942,88,0
12943,88,0
12944,84,0
12945,84,0
12946,88,0
12947,88,0
12948,84,0
12949,84,0
12950,84,0
12951,88,0
12952,88,0
12953,84,0
12954,84,0
12955,88,0
12956,88,0
12957,84,0
12958,88,0
12959,84,0
12960,88,0
12961,88,0
12962,88,0
12963,84,0
12964,84,0
12965,88,0
12966,84,0
12967,84,0
12968,88,0
12969,84,0
12970,84,0
12971,88,0
12972,84,0
12973,84,0
12974,84,0
12975,88,0
12976,84,0
12977,88,0
12978,84,0
12979,84,0
12980,84,0
12981,88,0
12982,88,0
12983,84,0
12984,88,0
12985,88,0
12986,84,0
12987,88,0
12988,88,0
12989,84,0
12990,88,0
12991,84,0
12992,84,0
12993,88,0
12994,84,0
12995,88,0
12996,88,0
12997,84,0
12998,84,0
12999,88,0
13000,88,0
13001,84,0
13002,84,0
13003,84,0
13004,84,0
13005,88,0
13006,88,0
13007,88,0
13008,84,0
13009,88,0
13010,88,0
13011,84,0
13012,88,0
13013,84,0
13014,84,0
13015,88,0
13016,88,0
13017,84,0
13018,84,0
13019,88,0
13020,88,0
13021,88,0
13022,88,0
13023,84,0
13024,84,0
13025,88,0
13026,88,0
13027,84,0
13028,84,0
13029,88,0
13030,88,0
13031,88,0
13032,88,0
13033,84,0
13034,84,0
13035,88,0
13036,84,0
13037,84,0
13038,88,0
13039,84,0
13040,88,0
13041,84,0
13042,84,0
13043,84,0
13044,84,0
13045,88,0
13046,88,0
13047,84,0
13048,84,0
13049,88,0
13050,84,0
13051,84,0
13052,84,0
13053,84,0
13054,84,0
13055,84,0
13056,88,0
13057,88,0
13058,84,0
13059,88,0
13060,88,0
13061,84,0
13062,84,0
13063,84,0
13064,88,0
13065,84,0
13066,84,0
13067,84,0
13068,88,0
13069,88,0
13070,88,0
13071,88,0
13072,88,0
13073,84,0
13074,84,0
13075,84,0
13076,88,0
13077,84,0
13078,84,0
13079,88,0
13080,88,0
13081,84,0
13082,84,0
13083,88,0
13084,84,0
13085,88,0
13086,88,0
13087,84,0
13088,88,0
13089,88,0
13090,88,0
13091,84,0
13092,84,0
13093,84,0
13094,84,0
13095,88,0
13096,88,0
13097,84,0
13098,84,0
13099,88,0
13100,88,0
13101,84,0
13102,88,0
13103,84,0
13104,84,0
13105,88,0
13106,84,0
13107,84,0
13108,84,0
13109,88,0
13110,88,0
13111,88,0
13112,88,0
13113,84,0
13114,84,0
13115,88,0
13116,88,0
13117,84,0
13118,88,0
13119,84,0
13120,88,0
13121,84,0
13122,84,0
13123,88,0
13124,88,0
13125,84,0
13126,84,0
13127,88,0
13128,84,0
13129,84,0
13130,84,0
13131,88,0
13132,88,0
13133,84,0
13134,84,0
13135,84,0
13136,88,0
13137,84,0
13138,88,0
13139,84,0
13140,84,0
13141,88,0
13142,88,0
13143,84,0
13144,84,0
13145,88,0
13146,88,0
13147,88,0
13148,88,0
13149,84,0
13150,88,0
13151,88,0
13152,88,0
13153,84,0
13154,84,0
13155,88,0
13156,84,0
13157,88,0
13158,88,0
13159,84,0
13160,84,0
13161,88,0
13162,88,0
13163,84,0
13164,84,0
13165,84,0
13166,84,0
13167,88,0
13168,88,0
13169,84,0
13170,88,0
13171,84,0
13172,84,0
13173,88,0
13174,84,0
13175,88,0
13176,88,0
13177,84,0
13178,84,0
13179,88,0
13180,88,0
13181,84,0
13182,88,0
13183,88,0
13184,88,0
13185,84,0
13186,84,0
13187,88,0
13188,88,0
13189,84,0
13190,84,0
13191,88,0
13192,84,0
13193,88,0
13194,88,0
13195,84,0
13196,84,0
13197,88,0
13198,88,0
13199,84,0
13200,84,0
13201,84,0
13202,84,0
13203,88,0
13204,88,0
13205,84,0
13206,84,0
13207,88,0
13208,88,0
13209,84,0
13210,88,0
13211,84,0
13212,84,0
13213,88,0
13214,88,0
13215,84,0
13216,84,0
13217,88,0
13218,88,0
13219,88,0
13220,88,0
13221,84,0
13222,84,0
13223,88,0
13224,88,0
13225,84,0
13226,84,0
13227,88,0
13228,88,0
13229,88,0
13230,88,0
13231,84,0
13232,84,0
13233,88,0
13234,88,0
13235,88,0
13236,88,0
13237,88,0
13238,88,0
13239,88,0
13240,84,0
13241,84,0
13242,84,0
13243,88,0
13244,88,0
13245,84,0
13246,88,0
13247,84,0
13248,84,0
13249,88,0
13250,88,0
13251,84,0
13252,84,0
13253,88,0
13254,88,0
13255,88,0
13256,88,0
13257,84,0
13258,84,0
13259,88,0
13260,84,0
13261,88,0
13262,88,0
13263,84,0
13264,88,0
13265,84,0
13266,84,0
13267,88,0
13268,88,0
13269,84,0
13270,84,0
13271,88,0
13272,88,0
13273,88,0
13274,88,0
13275,84,0
13276,84,0
13277,88,0
13278,88,0
13279,84,0
13280,88,0
13281,88,0
13282,84,0
13283,88,0
13284,88,0
13285,84,0
13286,84,0
13287,88,0
13288,88,0
13289,84,0
13290,84,0
13291,84,0
13292,84,0
13293,88,0
13294,88,0
13295,84,0
13296,84,0
13297,88,0
13298,88,0
13299,84,0
13300,88,0
13301,84,0
13302,84,0
13303,88,0
13304,88,0
13305,84,0
13306,84,0
13307,88,0
13308,88,0
13309,88,0
13310,88,0
13311,84,0
13312,84,0
13313,88,0
13314,88,0
13315,84,0
13316,84,0
13317,88,0
13318,84,0
13319,88,0
13320,88,0
13321,84,0
13322,84,0
13323,88,0
13324,88,0
13325,84,0
13326,84,0
13327,84,0
13328,84,0
13329,88,0
13330,88,0
13331,84,0
13332,84,0
13333,88,0
13334,88,0
13335,84,0
13336,88,0
13337,84,0
13338,84,0
13339,84,0
13340,88,0
13341,84,0
13342,84,0
13343,88,0
13344,88,0
13345,88,0
13346,88,0
13347,84,0
13348,84,0
13349,88,0
13350,88,0
13351,84,0
13352,84,0
13353,88,0
13354,84,0
13355,88,0
13356,88,0
13357,84,0
13358,84,0
13359,88,0
13360,88,0
13361,84,0
13362,88,0
13363,88,0
13364,84,0
13365,88,0
13366,88,0
13367,84,0
13368,88,0
13369,88,0
13370,88,0
13371,84,0
13372,88,0
13373,84,0
13374,84,0
13375,88,0
13376,88,0
13377,84,0
13378,84,0
13379,88,0
13380,88,0
13381,88,0
13382,88,0
13383,84,0
13384,84,0
13385,88,0
13386,88,0
13387,84,0
13388,84,0
13389,88,0
13390,84,0
13391,88,0
13392,88,0
13393,84,0
13394,84,0
13395,88,0
13396,88,0
13397,84,0
13398,84,0
13399,84,0
13400,84,0
13401,88,0
13402,88,0
13403,84,0
13404,84,0
13405,88,0
13406,88,0
13407,84,0
13408,88,0
13409,88,0
13410,84,0
13411,84,0
13412,88,0
13413,84,0
13414,84,0
13415,84,0
13416,88,0
13417,88,0
13418,88,0
13419,84,0
13420,88,0
13421,88,0
13422,84,0
13423,84,0
13424,84,0
13425,84,0
13426,84,0
13427,84,0
13428,84,0
13429,88,0
13430,88,0
13431,84,0
13432,84,0
13433,88,0
13434,84,0
13435,84,0
13436,88,0
13437,88,0
13438,88,0
13439,88,0
13440,84,0
13441,84,0
13442,88,0
13443,84,0
13444,84,0
13445,84,0
13446,84,0
13447,88,0
13448,88,0
13449,84,0
13450,84,0
13451,84,0
13452,88,0
13453,84,0
13454,84,0
13455,88,0
13456,88,0
13457,84,0
13458,84,0
13459,88,0
13460,84,0
13461,84,0
13462,88,0
13463,84,0
13464,84,0
13465,88,0
13466,88,0
13467,84,0
13468,84,0
13469,84,0
13470,84,0
13471,88,0
13472,88,0
13473,84,0
13474,84,0
13475,88,0
13476,88,0
13477,84,0
13478,84,0
13479,84,0
13480,84,0
13481,88,0
13482,88,0
13483,84,0
13484,84,0
13485,88,0
13486,88,0
13487,88,0
13488,88,0
13489,84,0
13490,84,0
13491,88,0
13492,88,0
13493,84,0
13494,84,0
13495,88,0
13496,84,0
13497,84,0
13498,84,0
13499,88,0
13500,88,0
13501,84,0
13502,88,0
13503,84,0
13504,84,0
13505,84,0
13506,84,0
13507,88,0
13508,88,0
13509,84,0
13510,84,0
13511,88,0
13512,88,0
13513,84,0
13514,88,0
13515,84,0
13516,84,0
13517,88,0
13518,88,0
13519,84,0
13520,84,0
13521,88,0
13522,88,0
13523,88,0
13524,88,0
13525,88,0
13526,84,0
13527,88,0
13528,88,0
13529,84,0
13530,84,0
13531,88,0
13532,84,0
13533,88,0
13534,88,0
13535,84,0
13536,84,0
13537,88,0
13538,88,0
13539,84,0
13540,84,0
13541,84,0
13542,88,0
13543,84,0
13544,84,0
13545,88,0
13546,88,0
13547,88,0
13548,88,0
13549,84,0
13550,88,0
13551,84,0
13552,84,0
13553,88,0
13554,88,0
13555,84,0
13556,84,0
13557,88,0
13558,88,0
13559,88,0
13560,88,0
13561,84,0
13562,84,0
13563,88,0
13564,88,0
13565,84,0
13566,84,0
13567,88,0
13568,84,0
13569,88,0
13570,88,0
13571,84,0
13572,84,0
13573,88,0
13574,88,0
13575,84,0
13576,84,0
13577,84,0
13578,84,0
13579,88,0
13580,88,0
13581,84,0
13582,84,0
13583,88,0
13584,88,0
13585,84,0
13586,88,0
13587,84,0
13588,84,0
13589,88,0
13590,88,0
13591,84,0
13592,84,0
13593,88,0
13594,88,0
13595,88,0
13596,88,0
13597,84,0
13598,84,0
13599,88,0
13600,84,0
13601,84,0
13602,84,0
13603,88,0
13604,84,0
13605,88,0
13606,88,0
13607,88,0
13608,84,0
13609,84,0
13610,88,0
13611,88,0
13612,84,0
13613,84,0
13614,88,0
13615,84,0
13616,84,0
13617,88,0
13618,88,0
13619,84,0
13620,84,0
13621,88,0
13622,84,0
13623,88,0
13624,88,0
13625,84,0
13626,84,0
13627,88,0
13628,88,0
13629,84,0
13630,84,0
13631,84,0
13632,84,0
13633,88,0
13634,88,0
13635,84,0
13636,84,0
13637,88,0
13638,88,0
13639,84,0
13640,88,0
13641,84,0
13642,84,0
13643,88,0
13644,88,0
13645,84,0
13646,84,0
13647,88,0
13648,88,0
13649,88,0
13650,88,0
13651,84,0
13652,84,0
13653,84,0
13654,88,0
13655,84,0
13656,84,0
13657,88,0
13658,84,0
13659,88,0
13660,88,0
13661,84,0
13662,84,0
13663,88,0
13664,88,0
13665,84,0
13666,84,0
13667,96,0
13668,84,0
13669,84,0
13670,88,0
13671,84,0
13672,88,0
13673,88,0
13674,88,0
13675,88,0
13676,88,0
13677,88,0
13678,88,0
13679,88,0
13680,88,0
13681,88,0
13682,88,0
13683,88,0
13684,88,0
13685,88,0
13686,88,0
13687,84,0
13688,88,0
13689,84,0
13690,88,0
13691,84,0
13692,88,0
13693,84,0
13694,88,0
13695,88,0
13696,84,0
13697,88,0
13698,84,0
13699,88,0
13700,84,0
13701,88,0
13702,84,0
13703,88,0
13704,84,0
13705,84,0
13706,88,0
13707,84,0
13708,88,0
13709,84,0
13710,88,0
13711,88,0
13712,84,0
13713,84,0
13714,88,0
13715,84,0
13716,88,0
13717,88,0
13718,84,0
13719,88,0
13720,84,0
13721,88,0
13722,84,0
13723,88,0
13724,84,0
13725,88,0
13726,84,0
13727,88,0
13728,84,0
13729,88,0
13730,84,0
13731,84,0
13732,88,0
13733,84,0
13734,88,0
13735,84,0
13736,88,0
13737,84,0
13738,88,0
13739,84,0
13740,88,0
13741,84,0
13742,88,0
13743,84,0
13744,88,0
13745,84,0
13746,88,0
13747,84,0
13748,88,0
13749,88,0
13750,84,0
13751,88,0
13752,84,0
13753,88,0
13754,84,0
13755,88,0
13756,84,0
13757,88,0
13758,84,0
13759,88,0
13760,84,0
13761,88,0
13762,84,0
13763,88,0
13764,84,0
13765,88,0
13766,84,0
13767,84,0
13768,88,0
13769,84,0
13770,88,0
13771,84,0
13772,88,0
13773,84,0
13774,88,0
13775,88,0
13776,84,0
13777,88,0
13778,84,0
13779,88,0
13780,84,0
13781,84,0
13782,88,0
13783,88,0
13784,88,0
13785,88,0
13786,88,0
13787,84,0
13788,88,0
13789,84,0
13790,84,0
13791,84,0
13792,88,0
13793,84,0
13794,88,0
13795,88,0
13796,84,0
13797,88,0
13798,84,0
13799,88,0
13800,84,0
13801,84,0
13802,84,0
13803,88,0
13804,88,0
13805,88,0
13806,84,0
13807,88,0
13808,88,0
13809,84,0
13810,84,0
13811,84,0
13812,88,0
13813,84,0
13814,84,0
13815,84,0
13816,84,0
13817,84,0
13818,84,0
13819,88,0
13820,84,0
13821,84,0
13822,84,0
13823,88,0
13824,84,0
13825,88,0
13826,84,0
13827,88,0
13828,84,0
13829,88,0
13830,84,0
13831,88,0
13832,84,0
13833,84,0
13834,88,0
13835,84,0
13836,88,0
13837,84,0
13838,88,0
13839,88,0
13840,84,0
13841,88,0
13842,88,0
13843,84,0
13844,88,0
13845,84,0
13846,88,0
13847,84,0
13848,88,0
13849,84,0
13850,88,0
13851,88,0
13852,84,0
13853,88,0
13854,84,0
13855,88,0
13856,84,0
13857,84,0
13858,88,0
13859,84,0
13860,88,0
13861,84,0
13862,88,0
13863,84,0
13864,88,0
13865,84,0
13866,88,0
13867,84,0
13868,88,0
13869,84,0
13870,88,0
13871,84,0
13872,88,0
13873,88,0
13874,84,0
13875,84,0
13876,88,0
13877,84,0
13878,88,0
13879,84,0
13880,88,0
13881,84,0
13882,88,0
13883,84,0
13884,88,0
13885,84,0
13886,88,0
13887,84,0
13888,88,0
13889,84,0
13890,88,0
13891,84,0
13892,88,0
13893,88,0
13894,84,0
13895,88,0
13896,84,0
13897,88,0
13898,84,0
13899,88,0
13900,84,0
13901,88,0
13902,84,0
13903,84,0
13904,88,0
13905,84,0
13906,88,0
13907,84,0
13908,88,0
13909,84,0
13910,88,0
13911,88,0
13912,84,0
13913,88,0
13914,84,0
13915,84,0
13916,88,0
13917,84,0
13918,88,0
13919,88,0
13920,84,0
13921,88,0
13922,84,0
13923,88,0
13924,84,0
13925,88,0
13926,84,0
13927,88,0
13928,84,0
13929,84,0
13930,88,0
13931,84,0
13932,88,0
13933,84,0
13934,88,0
13935,84,0
13936,88,0
13937,84,0
13938,88,0
13939,84,0
13940,88,0
13941,84,0
13942,88,0
13943,84,0
13944,88,0
13945,84,0
13946,88,0
13947,88,0
13948,84,0
13949,88,0
13950,84,0
13951,88,0
13952,84,0
13953,88,0
13954,84,0
13955,88,0
13956,84,0
13957,88,0
13958,84,0
13959,88,0
13960,84,0
13961,88,0
13962,84,0
13963,88,0
13964,84,0
13965,84,0
13966,88,0
13967,84,0
13968,88,0
13969,84,0
13970,88,0
13971,84,0
13972,88,0
13973,88,0
13974,84,0
13975,88,0
13976,84,0
13977,88,0
13978,84,0
13979,84,0
13980,88,0
13981,88,0
13982,88,0
13983,84,0
13984,88,0
13985,84,0
13986,88,0
13987,84,0
13988,88,0
13989,84,0
13990,88,0
13991,84,0
13992,88,0
13993,84,0
13994,88,0
13995,84,0
13996,88,0
13997,84,0
13998,88,0
13999,84,0
14000,88,0
14001,88,0
14002,84,0
14003,88,0
14004,84,0
14005,88,0
14006,84,0
14007,88,0
14008,84,0
14009,88,0
14010,84,0
14011,88,0
14012,84,0
14013,88,0
14014,84,0
14015,88,0
14016,84,0
14017,88,0
14018,84,0
14019,84,0
14020,88,0
14021,84,0
14022,88,0
14023,84,0
14024,88,0
14025,88,0
14026,84,0
14027,88,0
14028,84,0
14029,88,0
14030,84,0
14031,88,0
14032,84,0
14033,88,0
14034,84,0
14035,88,0
14036,84,0
14037,84,0
14038,88,0
14039,84,0
14040,88,0
14041,84,0
14042,88,0
14043,84,0
14044,88,0
14045,84,0
14046,88,0
14047,84,0
14048,88,0
14049,84,0
14050,88,0
14051,84,0
14052,88,0
14053,84,0
14054,88,0
14055,88,0
14056,84,0
14057,88,0
14058,84,0
14059,88,0
14060,84,0
14061,88,0
14062,84,0
14063,88,0
14064,84,0
14065,88,0
14066,84,0
14067,88,0
14068,84,0
14069,88,0
14070,84,0
14071,88,0
14072,84,0
14073,84,0
14074,88,0
14075,84,0
14076,88,0
14077,84,0
14078,88,0
14079,84,0
14080,88,0
14081,84,0
14082,88,0
14083,84,0
14084,88,0
14085,84,0
14086,88,0
14087,84,0
14088,88,0
14089,84,0
14090,88,0
14091,88,0
14092,84,0
14093,88,0
14094,84,0
14095,88,0
14096,84,0
14097,88,0
14098,84,0
14099,88,0
14100,84,0
14101,88,0
14102,84,0
14103,88,0
14104,84,0
14105,88,0
14106,84,0
14107,88,0
14108,84,0
14109,84,0
14110,88,0
14111,84,0
14112,88,0
14113,84,0
14114,88,0
14115,84,0
14116,88,0
14117,84,0
14118,88,0
14119,84,0
14120,88,0
14121,84,0
14122,88,0
14123,84,0
14124,88,0
14125,84,0
14126,88,0
14127,88,0
14128,84,0
14129,88,0
14130,84,0
14131,88,0
14132,84,0
14133,88,0
14134,84,0
14135,88,0
14136,84,0
14137,88,0
14138,84,0
14139,88,0
14140,84,0
14141,88,0
14142,84,0
14143,88,0
14144,84,0
14145,84,0
14146,88,0
14147,84,0
14148,88,0
14149,84,0
14150,88,0
14151,88,0
14152,88,0
14153,84,0
14154,88,0
14155,88,0
14156,84,0
14157,84,0
14158,84,0
14159,84,0
14160,88,0
14161,84,0
14162,84,0
14163,84,0
14164,84,0
14165,84,0
14166,88,0
14167,88,0
14168,84,0
14169,84,0
14170,88,0
14171,88,0
14172,88,0
14173,88,0
14174,88,0
14175,84,0
14176,88,0
14177,88,0
14178,84,0
14179,84,0
14180,88,0
14181,88,0
14182,88,0
14183,84,0
14184,88,0
14185,88,0
14186,84,0
14187,84,0
14188,84,0
14189,88,0
14190,88,0
14191,84,0
14192,88,0
14193,84,0
14194,84,0
14195,88,0
14196,84,0
14197,88,0
14198,84,0
14199,84,0
14200,84,0
14201,88,0
14202,84,0
14203,88,0
14204,84,0
14205,84,0
14206,84,0
14207,88,0
14208,84,0
14209,88,0
14210,84,0
14211,88,0
14212,84,0
14213,88,0
14214,88,0
14215,84,0
14216,84,0
14217,84,0
14218,88,0
14219,84,0
14220,88,0
14221,84,0
14222,88,0
14223,84,0
14224,88,0
14225,84,0
14226,88,0
14227,88,0
14228,88,0
14229,88,0
14230,84,0
14231,88,0
14232,84,0
14233,88,0
14234,84,0
14235,84,0
14236,88,0
14237,84,0
14238,84,0
14239,88,0
14240,84,0
14241,88,0
14242,84,0
14243,88,0
14244,84,0
14245,84,0
14246,88,0
14247,84,0
14248,88,0
14249,84,0
14250,88,0
14251,84,0
14252,88,0
14253,88,0
14254,84,0
14255,88,0
14256,84,0
14257,88,0
14258,84,0
14259,88,0
14260,84,0
14261,88,0
14262,84,0
14263,88,0
14264,84,0
14265,88,0
14266,84,0
14267,88,0
14268,84,0
14269,84,0
14270,84,0
14271,84,0
14272,88,0
14273,84,0
14274,88,0
14275,84,0
14276,88,0
14277,84,0
14278,88,0
14279,84,0
14280,88,0
14281,84,0
14282,88,0
14283,84,0
14284,88,0
14285,84,0
14286,88,0
14287,88,0
14288,84,0
14289,84,0
14290,88,0
14291,84,0
14292,88,0
14293,84,0
14294,88,0
14295,84,0
14296,88,0
14297,84,0
14298,88,0
14299,84,0
14300,88,0
14301,84,0
14302,88,0
14303,84,0
14304,88,0
14305,84,0
14306,88,0
14307,88,0
14308,84,0
14309,88,0
14310,84,0
14311,88,0
14312,84,0
14313,88,0
14314,84,0
14315,88,0
14316,84,0
14317,88,0
14318,84,0
14319,88,0
14320,84,0
14321,88,0
14322,84,0
14323,88,0
14324,84,0
14325,84,0
14326,88,0
14327,84,0
14328,88,0
14329,84,0
14330,88,0
14331,84,0
14332,88,0
14333,84,0
14334,88,0
14335,84,0
14336,88,0
14337,84,0
14338,88,0
14339,84,0
14340,88,0
14341,84,0
14342,88,0
14343,88,0
14344,84,0
14345,84,0
14346,88,0
14347,84,0
14348,88,0
14349,84,0
14350,88,0
14351,84,0
14352,84,0
14353,84,0
14354,84,0
14355,84,0
14356,88,0
14357,88,0
14358,84,0
14359,88,0
14360,84,0
14361,84,0
14362,88,0
14363,84,0
14364,88,0
14365,84,0
14366,88,0
14367,84,0
14368,88,0
14369,84,0
14370,88,0
14371,84,0
14372,88,0
14373,84,0
14374,96,0
14375,88,0
14376,88,0
14377,84,0
14378,84,0
14379,88,0
14380,84,0
14381,84,0
14382,88,0
14383,88,0
14384,84,0
14385,88,0
14386,84,0
14387,84,0
14388,88,0
14389,88,0
14390,84,0
14391,84,0
14392,84,0
14393,88,0
14394,84,0
14395,84,0
14396,84,0
14397,88,0
14398,84,0
14399,84,0
14400,84,0
14401,88,0
14402,88,0
14403,84,0
14404,88,0
14405,84,0
14406,88,0
14407,84,0
14408,84,0
14409,84,0
14410,88,0
14411,84,0
14412,96,0
14413,84,0
14414,88,0
14415,84,0
14416,84,0
14417,88,0
14418,88,0
14419,84,0
14420,84,0
14421,84,0
14422,84,0
14423,84,0
14424,84,0
14425,84,0
14426,88,0
14427,88,0
14428,84,0
14429,84,0
14430,88,0
14431,88,0
14432,84,0
14433,84,0
14434,88,0
14435,88,0
14436,84,0
14437,84,0
14438,88,0
14439,88,0
14440,84,0
14441,84,0
14442,88,0
14443,88,0
14444,84,0
14445,84,0
14446,88,0
14447,88,0
14448,84,0
14449,84,0
14450,88,0
14451,88,0
14452,84,0
14453,84,0
14454,88,0
14455,88,0
14456,84,0
14457,84,0
14458,88,0
14459,88,0
14460,84,0
14461,84,0
14462,88,0
14463,88,0
14464,84,0
14465,84,0
14466,88,0
14467,88,0
14468,84,0
14469,84,0
14470,88,0
14471,88,0
14472,84,0
14473,88,0
14474,84,0
14475,84,0
14476,88,0
14477,88,0
14478,84,0
14479,88,0
14480,84,0
14481,84,0
14482,88,0
14483,88,0
14484,84,0
14485,88,0
14486,84,0
14487,84,0
14488,88,0
14489,88,0
14490,84,0
14491,88,0
14492,84,0
14493,84,0
14494,88,0
14495,88,0
14496,84,0
14497,84,0
14498,88,0
14499,88,0
14500,84,0
14501,84,0
14502,88,0
14503,88,0
14504,84,0
14505,84,0
14506,88,0
14507,88,0
14508,84,0
14509,84,0
14510,88,0
14511,88,0
14512,84,0
14513,84,0
14514,88,0
14515,88,0
14516,84,0
14517,84,0
14518,88,0
14519,88,0
14520,84,0
14521,84,0
14522,88,0
14523,88,0
14524,84,0
14525,84,0
14526,88,0
14527,88,0
14528,84,0
14529,84,0
14530,88,0
14531,84,0
14532,88,0
14533,84,0
14534,84,0
14535,88,0
14536,84,0
14537,84,0
14538,88,0
14539,88,0
14540,84,0
14541,88,0
14542,84,0
14543,88,0
14544,84,0
14545,84,0
14546,84,0
14547,84,0
14548,88,0
14549,84,0
14550,88,0
14551,88,0
14552,88,0
14553,88,0
14554,88,0
14555,84,0
14556,88,0
14557,88,0
14558,84,0
14559,84,0
14560,88,0
14561,84,0
14562,88,0
14563,88,0
14564,84,0
14565,84,0
14566,88,0
14567,88,0
14568,84,0
14569,84,0
14570,88,0
14571,88,0
14572,84,0
14573,84,0
14574,88,0
14575,88,0
14576,84,0
14577,84,0
14578,88,0
14579,88,0
14580,84,0
14581,84,0
14582,88,0
14583,88,0
14584,84,0
14585,84,0
14586,88,0
14587,88,0
14588,84,0
14589,88,0
14590,88,0
14591,88,0
14592,84,0
14593,84,0
14594,88,0
14595,84,0
14596,88,0
14597,88,0
14598,84,0
14599,84,0
14600,88,0
14601,84,0
14602,88,0
14603,88,0
14604,84,0
14605,84,0
14606,88,0
14607,84,0
14608,88,0
14609,88,0
14610,84,0
14611,84,0
14612,88,0
14613,84,0
14614,84,0
14615,84,0
14616,88,0
14617,88,0
14618,88,0
14619,84,0
14620,88,0
14621,88,0
14622,84,0
14623,84,0
14624,88,0
14625,88,0
14626,84,0
14627,84,0
14628,88,0
14629,88,0
14630,84,0
14631,84,0
14632,88,0
14633,88,0
14634,84,0
14635,84,0
14636,88,0
14637,88,0
14638,84,0
14639,84,0
14640,88,0
14641,88,0
14642,84,0
14643,84,0
14644,88,0
14645,88,0
14646,84,0
14647,84,0
14648,88,0
14649,88,0
14650,84,0
14651,84,0
14652,88,0
14653,88,0
14654,84,0
14655,84,0
14656,88,0
14657,88,0
14658,84,0
14659,84,0
14660,84,0
14661,84,0
14662,88,0
14663,84,0
14664,84,0
14665,84,0
14666,88,0
14667,88,0
14668,84,0
14669,84,0
14670,88,0
14671,88,0
14672,84,0
14673,84,0
14674,88,0
14675,88,0
14676,84,0
14677,84,0
14678,88,0
14679,88,0
14680,84,0
14681,84,0
14682,88,0
14683,84,0
14684,88,0
14685,88,0
14686,84,0
14687,84,0
14688,88,0
14689,88,0
14690,84,0
14691,84,0
14692,88,0
14693,88,0
14694,84,0
14695,84,0
14696,88,0
14697,88,0
14698,84,0
14699,84,0
14700,88,0
14701,88,0
14702,84,0
14703,84,0
14704,88,0
14705,88,0
14706,84,0
14707,84,0
14708,88,0
14709,88,0
14710,84,0
14711,84,0
14712,88,0
14713,88,0
14714,84,0
14715,84,0
14716,88,0
14717,88,0
14718,84,0
14719,84,0
14720,88,0
14721,88,0
14722,84,0
14723,88,0
14724,84,0
14725,88,0
14726,84,0
14727,88,0
14728,84,0
14729,84,0
14730,88,0
14731,88,0
14732,84,0
14733,84,0
14734,88,0
14735,84,0
14736,88,0
14737,88,0
14738,84,0
14739,84,0
14740,88,0
14741,84,0
14742,88,0
14743,88,0
14744,84,0
14745,84,0
14746,88,0
14747,84,0
14748,88,0
14749,88,0
14750,84,0
14751,84,0
14752,88,0
14753,88,0
14754,84,0
14755,84,0
14756,88,0
14757,88,0
14758,84,0
14759,84,0
14760,88,0
14761,88,0
14762,84,0
14763,84,0
14764,88,0
14765,88,0
14766,84,0
14767,84,0
14768,88,0
14769,88,0
14770,84,0
14771,84,0
14772,88,0
14773,88,0
14774,84,0
14775,84,0
14776,88,0
14777,88,0
14778,84,0
14779,84,0
14780,88,0
14781,88,0
14782,84,0
14783,84,0
14784,88,0
14785,88,0
14786,84,0
14787,88,0
14788,84,0
14789,84,0
14790,88,0
14791,88,0
14792,84,0
14793,88,0
14794,84,0
14795,84,0
14796,88,0
14797,88,0
14798,84,0
14799,84,0
14800,88,0
14801,88,0
14802,84,0
14803,84,0
14804,88,0
14805,88,0
14806,84,0
14807,84,0
14808,88,0
14809,88,0
14810,84,0
14811,84,0
14812,88,0
14813,88,0
14814,84,0
14815,84,0
14816,88,0
14817,88,0
14818,84,0
14819,84,0
14820,88,0
14821,88,0
14822,84,0
14823,84,0
14824,88,0
14825,88,0
14826,84,0
14827,84,0
14828,88,0
14829,88,0
14830,84,0
14831,84,0
14832,88,0
14833,88,0
14834,84,0
14835,84,0
14836,88,0
14837,88,0
14838,84,0
14839,84,0
14840,88,0
14841,88,0
14842,84,0
14843,84,0
14844,88,0
14845,88,0
14846,84,0
14847,84,0
14848,88,0
14849,88,0
14850,84,0
14851,88,0
14852,84,0
14853,84,0
14854,88,0
14855,88,0
14856,84,0
14857,84,0
14858,88,0
14859,88,0
14860,84,0
14861,84,0
14862,88,0
14863,88,0
14864,84,0
14865,84,0
14866,88,0
14867,88,0
14868,84,0
14869,84,0
14870,88,0
14871,88,0
14872,84,0
14873,84,0
14874,88,0
14875,88,0
14876,84,0
14877,84,0
14878,88,0
14879,88,0
14880,84,0
14881,84,0
14882,88,0
14883,88,0
14884,84,0
14885,84,0
14886,88,0
14887,88,0
14888,84,0
14889,84,0
14890,88,0
14891,88,0
14892,84,0
14893,84,0
14894,88,0
14895,88,0
14896,84,0
14897,84,0
14898,88,0
14899,88,0
14900,84,0
14901,84,0
14902,88,0
14903,84,0
14904,88,0
14905,84,0
14906,88,0
14907,84,0
14908,88,0
14909,88,0
14910,84,0
14911,84,0
14912,88,0
14913,88,0
14914,88,0
14915,84,0
14916,84,0
14917,84,0
14918,88,0
14919,84,0
14920,88,0
14921,88,0
14922,84,0
14923,84,0
14924,84,0
14925,84,0
14926,84,0
14927,88,0
14928,84,0
14929,84,0
14930,84,0
14931,84,0
14932,84,0
14933,88,0
14934,88,0
14935,88,0
14936,84,0
14937,84,0
14938,88,0
14939,84,0
14940,88,0
14941,88,0
14942,84,0
14943,84,0
14944,88,0
14945,88,0
14946,84,0
14947,84,0
14948,88,0
14949,88,0
14950,84,0
14951,84,0
14952,88,0
14953,88,0
14954,84,0
14955,84,0
14956,88,0
14957,88,0
14958,84,0
14959,84,0
14960,88,0
14961,88,0
14962,84,0
14963,84,0
14964,88,0
14965,88,0
14966,84,0
14967,84,0
14968,88,0
14969,88,0
14970,84,0
14971,84,0
14972,88,0
14973,88,0
14974,84,0
14975,84,0
14976,88,0
14977,88,0
14978,84,0
14979,84,0
14980,88,0
14981,88,0
14982,84,0
14983,84,0
14984,88,0
14985,88,0
14986,84,0
14987,84,0
14988,88,0
14989,88,0
14990,88,0
14991,88,0
14992,84,0
14993,84,0
14994,88,0
14995,88,0
14996,84,0
14997,84,0
14998,88,0
14999,88,0
15000,84,0
15001,84,0
15002,88,0
15003,84,0
15004,88,0
15005,88,0
15006,84,0
15007,84,0
15008,88,0
15009,88,0
15010,84,0
15011,84,0
15012,88,0
15013,88,0
15014,84,0
15015,84,0
15016,88,0
15017,88,0
15018,84,0
15019,84,0
15020,88,0
15021,88,0
15022,84,0
15023,84,0
15024,88,0
15025,88,0
15026,84,0
15027,84,0
15028,88,0
15029,88,0
15030,84,0
15031,84,0
15032,88,0
15033,88,0
15034,84,0
15035,88,0
15036,88,0
15037,88,0
15038,84,0
15039,84,0
15040,88,0
15041,88,0
15042,84,0
15043,84,0
15044,88,0
15045,88,0
15046,84,0
15047,84,0
15048,88,0
15049,88,0
15050,84,0
15051,84,0
15052,88,0
15053,88,0
15054,84,0
15055,88,0
15056,84,0
15057,84,0
15058,88,0
15059,88,0
15060,84,0
15061,88,0
15062,84,0
15063,84,0
15064,88,0
15065,88,0
15066,84,0
15067,84,0
15068,88,0
15069,88,0
15070,84,0
15071,84,0
15072,88,0
15073,88,0
15074,84,0
15075,84,0
15076,88,0
15077,88,0
15078,84,0
15079,84,0
15080,88,0
15081,88,0
15082,84,0
15083,84,0
15084,88,0
15085,88,0
15086,84,0
15087,84,0
15088,88,0
15089,88,0
15090,84,0
15091,84,0
15092,88,0
15093,88,0
15094,84,0
15095,84,0
15096,88,0
15097,84,0
15098,88,0
15099,84,0
15100,88,0
15101,84,0
15102,88,0
15103,88,0
15104,84,0
15105,84,0
15106,88,0
15107,84,0
15108,88,0
15109,88,0
15110,84,0
15111,84,0
15112,88,0
15113,88,0
15114,84,0
15115,84,0
15116,88,0
15117,88,0
15118,84,0
15119,84,0
15120,88,0
15121,88,0
15122,84,0
15123,84,0
15124,88,0
15125,88,0
15126,84,0
15127,84,0
15128,88,0
15129,88,0
15130,84,0
15131,84,0
15132,88,0
15133,88,0
15134,84,0
15135,84,0
15136,88,0
15137,88,0
15138,84,0
15139,84,0
15140,88,0
15141,88,0
15142,84,0
15143,84,0
15144,88,0
15145,88,0
15146,84,0
15147,84,0
15148,88,0
15149,88,0
15150,84,0
15151,84,0
15152,88,0
15153,88,0
15154,84,0
15155,84,0
15156,88,0
15157,96,0
15158,88,0
15159,84,0
15160,88,0
15161,84,0
15162,88,0
15163,84,0
15164,84,0
15165,84,0
15166,84,0
15167,88,0
15168,88,0
15169,88,0
15170,84,0
15171,84,0
15172,88,0
15173,88,0
15174,84,0
15175,84,0
15176,88,0
15177,84,0
15178,88,0
15179,84,0
15180,88,0
15181,84,0
15182,88,0
15183,84,0
15184,88,0
15185,84,0
15186,84,0
15187,88,0
15188,88,0
15189,84,0
15190,84,0
15191,88,0
15192,88,0
15193,84,0
15194,84,0
15195,88,0
15196,84,0
15197,88,0
15198,88,0
15199,84,0
15200,84,0
15201,84,0
15202,88,0
15203,84,0
15204,88,0
15205,84,0
15206,84,0
15207,88,0
15208,88,0
15209,84,0
15210,84,0
15211,88,0
15212,88,0
15213,88,0
15214,88,0
15215,84,0
15216,84,0
15217,88,0
15218,84,0
15219,84,0
15220,84,0
15221,88,0
15222,84,0
15223,88,0
15224,88,0
15225,84,0
15226,84,0
15227,88,0
15228,88,0
15229,84,0
15230,84,0
15231,84,0
15232,84,0
15233,88,0
15234,88,0
15235,84,0
15236,88,0
15237,88,0
15238,88,0
15239,84,0
15240,88,0
15241,88,0
15242,84,0
15243,88,0
15244,88,0
15245,84,0
15246,84,0
15247,84,0
15248,88,0
15249,88,0
15250,88,0
15251,84,0
15252,84,0
15253,84,0
15254,88,0
15255,84,0
15256,84,0
15257,88,0
15258,84,0
15259,84,0
15260,88,0
15261,84,0
15262,84,0
15263,88,0
15264,88,0
15265,88,0
15266,84,0
15267,84,0
15268,84,0
15269,88,0
15270,88,0
15271,88,0
15272,84,0
15273,84,0
15274,88,0
15275,84,0
15276,88,0
15277,84,0
15278,88,0
15279,88,0
15280,88,0
15281,88,0
15282,88,0
15283,84,0
15284,84,0
15285,88,0
15286,88,0
15287,84,0
15288,84,0
15289,88,0
15290,84,0
15291,84,0
15292,88,0
15293,84,0
15294,84,0
15295,84,0
15296,88,0
15297,84,0
15298,84,0
15299,84,0
15300,88,0
15301,84,0
15302,88,0
15303,84,0
15304,84,0
15305,88,0
15306,88,0
15307,88,0
15308,84,0
15309,88,0
15310,84,0
15311,84,0
15312,84,0
15313,84,0
15314,88,0
15315,84,0
15316,88,0
15317,88,0
15318,84,0
15319,88,0
15320,84,0
15321,88,0
15322,88,0
15323,84,0
15324,88,0
15325,84,0
15326,88,0
15327,84,0
15328,88,0
15329,84,0
15330,88,0
15331,84,0
15332,84,0
15333,84,0
15334,88,0
15335,84,0
15336,88,0
15337,84,0
15338,88,0
15339,84,0
15340,88,0
15341,84,0
15342,88,0
15343,84,0
15344,88,0
15345,84,0
15346,84,0
15347,88,0
15348,84,0
15349,88,0
15350,84,0
15351,88,0
15352,84,0
15353,88,0
15354,84,0
15355,84,0
15356,88,0
15357,84,0
15358,88,0
15359,84,0
15360,88,0
15361,84,0
15362,88,0
15363,84,0
15364,88,0
15365,84,0
15366,88,0
15367,84,0
15368,88,0
15369,84,0
15370,88,0
15371,84,0
15372,88,0
15373,84,0
15374,88,0
15375,84,0
15376,84,0
15377,88,0
15378,84,0
15379,88,0
15380,84,0
15381,88,0
15382,84,0
15383,88,0
15384,84,0
15385,88,0
15386,84,0
15387,88,0
15388,84,0
15389,88,0
15390,84,0
15391,88,0
15392,84,0
15393,88,0
15394,88,0
15395,84,0
15396,88,0
15397,84,0
15398,88,0
15399,84,0
15400,88,0
15401,84,0
15402,88,0
15403,84,0
15404,84,0
15405,88,0
15406,84,0
15407,88,0
15408,88,0
15409,84,0
15410,88,0
15411,84,0
15412,84,0
15413,88,0
15414,84,0
15415,88,0
15416,84,0
15417,88,0
15418,84,0
15419,88,0
15420,84,0
15421,88,0
15422,88,0
15423,84,0
15424,88,0
15425,84,0
15426,88,0
15427,84,0
15428,84,0
15429,88,0
15430,88,0
15431,84,0
15432,88,0
15433,84,0
15434,88,0
15435,84,0
15436,88,0
15437,84,0
15438,88,0
15439,84,0
15440,88,0
15441,84,0
15442,88,0
15443,84,0
15444,88,0
15445,84,0
15446,88,0
15447,84,0
15448,84,0
15449,88,0
15450,84,0
15451,88,0
15452,84,0
15453,88,0
15454,84,0
15455,88,0
15456,84,0
15457,88,0
15458,84,0
15459,88,0
15460,84,0
15461,88,0
15462,88,0
15463,88,0
15464,84,0
15465,88,0
15466,88,0
15467,84,0
15468,88,0
15469,84,0
15470,84,0
15471,88,0
15472,88,0
15473,84,0
15474,88,0
15475,84,0
15476,88,0
15477,84,0
15478,88,0
15479,84,0
15480,88,0
15481,84,0
15482,88,0
15483,84,0
15484,84,0
15485,88,0
15486,84,0
15487,88,0
15488,84,0
15489,88,0
15490,84,0
15491,88,0
15492,88,0
15493,84,0
15494,88,0
15495,84,0
15496,88,0
15497,84,0
15498,88,0
15499,84,0
15500,88,0
15501,84,0
15502,84,0
15503,88,0
15504,84,0
15505,88,0
15506,84,0
15507,88,0
15508,84,0
15509,88,0
15510,84,0
15511,88,0
15512,84,0
15513,88,0
15514,84,0
15515,88,0
15516,84,0
15517,88,0
15518,84,0
15519,88,0
15520,88,0
15521,84,0
15522,88,0
15523,84,0
15524,88,0
15525,84,0
15526,88,0
15527,84,0
15528,88,0
15529,84,0
15530,88,0
15531,84,0
15532,88,0
15533,84,0
15534,88,0
15535,84,0
15536,88,0
15537,84,0
15538,88,0
15539,84,0
15540,88,0
15541,84,0
15542,88,0
15543,84,0
15544,88,0
15545,84,0
15546,88,0
15547,84,0
15548,88,0
15549,84,0
15550,88,0
15551,84,0
15552,88,0
15553,84,0
15554,88,0
15555,84,0
15556,84,0
15557,88,0
15558,84,0
15559,88,0
15560,84,0
15561,88,0
15562,84,0
15563,88,0
15564,84,0
15565,88,0
15566,84,0
15567,88,0
15568,84,0
15569,88,0
15570,84,0
15571,88,0
15572,84,0
15573,88,0
15574,88,0
15575,84,0
15576,88,0
15577,84,0
15578,88,0
15579,84,0
15580,88,0
15581,84,0
15582,88,0
15583,84,0
15584,88,0
15585,84,0
15586,88,0
15587,84,0
15588,88,0
15589,84,0
15590,88,0
15591,84,0
15592,84,0
15593,88,0
15594,84,0
15595,88,0
15596,84,0
15597,88,0
15598,84,0
15599,88,0
15600,84,0
15601,88,0
15602,88,0
15603,84,0
15604,88,0
15605,84,0
15606,88,0
15607,84,0
15608,88,0
15609,84,0
15610,84,0
15611,88,0
15612,84,0
15613,88,0
15614,88,0
15615,84,0
15616,88,0
15617,84,0
15618,88,0
15619,84,0
15620,88,0
15621,84,0
15622,88,0
15623,84,0
15624,88,0
15625,84,0
15626,88,0
15627,84,0
15628,84,0
15629,88,0
15630,84,0
15631,88,0
15632,84,0
15633,88,0
15634,84,0
15635,88,0
15636,84,0
15637,88,0
15638,84,0
15639,88,0
15640,84,0
15641,88,0
15642,84,0
15643,88,0
15644,88,0
15645,84,0
15646,88,0
15647,88,0
15648,88,0
15649,88,0
15650,88,0
15651,84,0
15652,84,0
15653,84,0
15654,84,0
15655,84,0
15656,84,0
15657,88,0
15658,88,0
15659,84,0
15660,84,0
15661,84,0
15662,88,0
15663,84,0
15664,84,0
15665,88,0
15666,88,0
15667,88,0
15668,88,0
15669,88,0
15670,88,0
15671,88,0
15672,84,0
15673,88,0
15674,88,0
15675,88,0
15676,88,0
15677,88,0
15678,88,0
15679,88,0
15680,88,0
15681,84,0
15682,84,0
15683,88,0
15684,84,0
15685,88,0
15686,84,0
15687,88,0
15688,84,0
15689,88,0
15690,84,0
15691,88,0
15692,84,0
15693,88,0
15694,84,0
15695,88,0
15696,84,0
15697,88,0
15698,84,0
15699,88,0
15700,88,0
15701,88,0
15702,84,0
15703,88,0
15704,88,0
15705,84,0
15706,84,0
15707,88,0
15708,84,0
15709,88,0
15710,84,0
15711,88,0
15712,84,0
15713,88,0
15714,84,0
15715,88,0
15716,84,0
15717,88,0
15718,88,0
15719,88,0
15720,84,0
15721,88,0
15722,84,0
15723,88,0
15724,84,0
15725,88,0
15726,84,0
15727,88,0
15728,84,0
15729,88,0
15730,88,0
15731,84,0
15732,88,0
15733,84,0
15734,88,0
15735,84,0
15736,88,0
15737,84,0
15738,88,0
15739,84,0
15740,88,0
15741,84,0
15742,88,0
15743,84,0
15744,88,0
15745,84,0
15746,88,0
15747,84,0
15748,84,0
15749,88,0
15750,84,0
15751,88,0
15752,84,0
15753,88,0
15754,88,0
15755,84,0
15756,88,0
15757,84,0
15758,88,0
15759,84,0
15760,88,0
15761,84,0
15762,88,0
15763,84,0
15764,88,0
15765,84,0
15766,88,0
15767,84,0
15768,88,0
15769,84,0
15770,88,0
15771,84,0
15772,84,0
15773,88,0
15774,84,0
15775,88,0
15776,84,0
15777,88,0
15778,84,0
15779,88,0
15780,88,0
15781,84,0
15782,88,0
15783,84,0
15784,88,0
15785,84,0
15786,88,0
15787,84,0
15788,88,0
15789,84,0
15790,84,0
15791,88,0
15792,84,0
15793,88,0
15794,84,0
15795,88,0
15796,84,0
15797,88,0
15798,84,0
15799,88,0
15800,88,0
15801,84,0
15802,88,0
15803,84,0
15804,88,0
15805,84,0
15806,84,0
15807,88,0
15808,88,0
15809,84,0
15810,88,0
15811,84,0
15812,88,0
15813,84,0
15814,88,0
15815,84,0
15816,88,0
15817,84,0
15818,88,0
15819,84,0
15820,88,0
15821,84,0
15822,88,0
15823,84,0
15824,88,0
15825,84,0
15826,84,0
15827,88,0
15828,84,0
15829,88,0
15830,84,0
15831,88,0
15832,84,0
15833,88,0
15834,84,0
15835,88,0
15836,84,0
15837,88,0
15838,84,0
15839,88,0
15840,84,0
15841,84,0
15842,84,0
15843,88,0
15844,84,0
15845,88,0
15846,84,0
15847,84,0
15848,88,0
15849,84,0
15850,88,0
15851,84,0
15852,88,0
15853,84,0
15854,88,0
15855,84,0
15856,88,0
15857,84,0
15858,88,0
15859,84,0
15860,88,0
15861,84,0
15862,84,0
15863,88,0
15864,84,0
15865,88,0
15866,84,0
15867,88,0
15868,84,0
15869,88,0
15870,84,0
15871,88,0
15872,84,0
15873,88,0
15874,84,0
15875,88,0
15876,84,0
15877,88,0
15878,84,0
15879,88,0
15880,88,0
15881,84,0
15882,88,0
15883,84,0
15884,88,0
15885,84,0
15886,88,0
15887,84,0
15888,88,0
15889,84,0
15890,88,0
15891,84,0
15892,88,0
15893,84,0
15894,88,0
15895,84,0
15896,88,0
15897,84,0
15898,84,0
15899,88,0
15900,84,0
15901,88,0
15902,96,0
15903,84,0
15904,88,0
15905,88,0
15906,88,0
15907,84,0
15908,84,0
15909,88,0
15910,88,0
15911,88,0
15912,84,0
15913,84,0
15914,88,0
15915,88,0
15916,84,0
15917,84,0
15918,88,0
15919,88,0
15920,84,0
15921,84,0
15922,88,0
15923,88,0
15924,84,0
15925,84,0
15926,88,0
15927,88,0
15928,84,0
15929,84,0
15930,88,0
15931,88,0
15932,84,0
15933,84,0
15934,88,0
15935,88,0
15936,84,0
15937,84,0
15938,88,0
15939,88,0
15940,84,0
15941,84,0
15942,88,0
15943,88,0
15944,84,0
15945,84,0
15946,88,0
15947,88,0
15948,84,0
15949,84,0
15950,88,0
15951,88,0
15952,84,0
15953,84,0
15954,88,0
15955,88,0
15956,84,0
15957,84,0
15958,88,0
15959,88,0
15960,84,0
15961,84,0
15962,88,0
15963,88,0
15964,84,0
15965,84,0
15966,88,0
15967,88,0
15968,84,0
15969,84,0
15970,88,0
15971,88,0
15972,84,0
15973,84,0
15974,88,0
15975,84,0
15976,88,0
15977,88,0
15978,84,0
15979,84,0
15980,88,0
15981,84,0
15982,88,0
15983,88,0
15984,84,0
15985,84,0
15986,88,0
15987,88,0
15988,84,0
15989,84,0
15990,88,0
15991,88,0
15992,84,0
15993,84,0
15994,88,0
15995,88,0
15996,84,0
15997,84,0
15998,88,0
15999,88,0
16000,84,0
16001,84,0
16002,88,0
16003,88,0
16004,84,0
16005,84,0
16006,88,0
16007,88,0
16008,84,0
16009,84,0
16010,88,0
16011,88,0
16012,84,0
16013,88,0
16014,84,0
16015,88,0
16016,84,0
16017,88,0
16018,84,0
16019,88,0
16020,84,0
16021,84,0
16022,84,0
16023,88,0
16024,88,0
16025,84,0
16026,88,0
16027,84,0
16028,88,0
16029,84,0
16030,84,0
16031,88,0
16032,88,0
16033,84,0
16034,88,0
16035,84,0
16036,84,0
16037,84,0
16038,84,0
16039,88,0
16040,88,0
16041,88,0
16042,84,0
16043,84,0
16044,88,0
16045,84,0
16046,88,0
16047,84,0
16048,88,0
16049,84,0
16050,84,0
16051,88,0
16052,84,0
16053,84,0
16054,84,0
16055,84,0
16056,88,0
16057,88,0
16058,88,0
16059,88,0
16060,88,0
16061,88,0
16062,84,0
16063,84,0
16064,88,0
16065,88,0
16066,84,0
16067,84,0
16068,88,0
16069,88,0
16070,84,0
16071,84,0
16072,88,0
16073,88,0
16074,84,0
16075,84,0
16076,88,0
16077,88,0
16078,88,0
16079,88,0
16080,84,0
16081,84,0
16082,88,0
16083,88,0
16084,84,0
16085,84,0
16086,88,0
16087,88,0
16088,84,0
16089,84,0
16090,88,0
16091,84,0
16092,88,0
16093,88,0
16094,84,0
16095,84,0
16096,88,0
16097,88,0
16098,84,0
16099,84,0
16100,88,0
16101,88,0
16102,84,0
16103,88,0
16104,88,0
16105,88,0
16106,84,0
16107,84,0
16108,84,0
16109,88,0
16110,84,0
16111,84,0
16112,88,0
16113,88,0
16114,84,0
16115,84,0
16116,88,0
16117,88,0
16118,84,0
16119,84,0
16120,88,0
16121,88,0
16122,84,0
16123,84,0
16124,88,0
16125,88,0
16126,84,0
16127,84,0
16128,88,0
16129,88,0
16130,84,0
16131,84,0
16132,88,0
16133,88,0
16134,84,0
16135,84,0
16136,88,0
16137,88,0
16138,84,0
16139,84,0
16140,88,0
16141,88,0
16142,84,0
16143,84,0
16144,88,0
16145,88,0
16146,84,0
16147,84,0
16148,88,0
16149,88,0
16150,84,0
16151,84,0
16152,88,0
16153,84,0
16154,88,0
16155,88,0
16156,84,0
16157,84,0
16158,88,0
16159,88,0
16160,84,0
16161,84,0
16162,88,0
16163,88,0
16164,84,0
16165,84,0
16166,88,0
16167,88,0
16168,84,0
16169,84,0
16170,88,0
16171,88,0
16172,84,0
16173,84,0
16174,88,0
16175,88,0
16176,84,0
16177,84,0
16178,88,0
16179,88,0
16180,84,0
16181,84,0
16182,88,0
16183,88,0
16184,84,0
16185,84,0
16186,88,0
16187,88,0
16188,84,0
16189,84,0
16190,88,0
16191,88,0
16192,84,0
16193,84,0
16194,88,0
16195,88,0
16196,84,0
16197,84,0
16198,88,0
16199,88,0
16200,84,0
16201,84,0
16202,88,0
16203,88,0
16204,84,0
16205,84,0
16206,88,0
16207,84,0
16208,84,0
16209,84,0
16210,88,0
16211,88,0
16212,84,0
16213,84,0
16214,88,0
16215,84,0
16216,88,0
16217,84,0
16218,88,0
16219,84,0
16220,84,0
16221,84,0
16222,88,0
16223,88,0
16224,84,0
16225,88,0
16226,84,0
16227,84,0
16228,88,0
16229,88,0
16230,84,0
16231,84,0
16232,88,0
16233,88,0
16234,84,0
16235,84,0
16236,88,0
16237,88,0
16238,84,0
16239,84,0
16240,88,0
16241,88,0
16242,84,0
16243,84,0
16244,88,0
16245,88,0
16246,84,0
16247,84,0
16248,88,0
16249,88,0
16250,84,0
16251,84,0
16252,88,0
16253,88,0
16254,84,0
16255,84,0
16256,88,0
16257,88,0
16258,84,0
16259,84,0
16260,88,0
16261,88,0
16262,84,0
16263,84,0
16264,88,0
16265,88,0
16266,84,0
16267,84,0
16268,88,0
16269,88,0
16270,84,0
16271,84,0
16272,88,0
16273,88,0
16274,84,0
16275,84,0
16276,88,0
16277,88,0
16278,84,0
16279,84,0
16280,88,0
16281,88,0
16282,84,0
16283,84,0
16284,88,0
16285,88,0
16286,84,0
16287,84,0
16288,88,0
16289,88,0
16290,84,0
16291,84,0
16292,88,0
16293,88,0
16294,84,0
16295,84,0
16296,88,0
16297,88,0
16298,84,0
16299,84,0
16300,88,0
16301,88,0
16302,84,0
16303,84,0
16304,88,0
16305,88,0
16306,84,0
16307,84,0
16308,88,0
16309,88,0
16310,84,0
16311,84,0
16312,88,0
16313,88,0
16314,84,0
16315,84,0
16316,88,0
16317,88,0
16318,84,0
16319,84,0
16320,88,0
16321,88,0
16322,84,0
16323,84,0
16324,88,0
16325,88,0
16326,84,0
16327,84,0
16328,88,0
16329,88,0
16330,84,0
16331,84,0
16332,88,0
16333,88,0
16334,84,0
16335,84,0
16336,88,0
16337,88,0
16338,84,0
16339,84,0
16340,88,0
16341,88,0
16342,84,0
16343,84,0
16344,88,0
16345,88,0
16346,84,0
16347,88,0
16348,84,0
16349,84,0
16350,88,0
16351,88,0
16352,84,0
16353,84,0
16354,88,0
16355,88,0
16356,84,0
16357,84,0
16358,88,0
16359,88,0
16360,84,0
16361,84,0
16362,88,0
16363,88,0
16364,84,0
16365,84,0
16366,88,0
16367,88,0
16368,84,0
16369,84,0
16370,88,0
16371,88,0
16372,84,0
16373,84,0
16374,88,0
16375,88,0
16376,84,0
16377,84,0
16378,88,0
16379,88,0
16380,84,0
16381,84,0
16382,88,0
16383,88,0
16384,84,0
16385,84,0
16386,88,0
16387,88,0
16388,84,0
16389,88,0
16390,84,0
16391,88,0
16392,84,0
16393,88,0
16394,88,0
16395,84,0
16396,84,0
16397,88,0
16398,84,0
16399,84,0
16400,88,0
16401,84,0
16402,84,0
16403,88,0
16404,84,0
16405,88,0
16406,84,0
16407,84,0
16408,84,0
16409,88,0
16410,88,0
16411,88,0
16412,88,0
16413,84,0
16414,88,0
16415,88,0
16416,88,0
16417,84,0
16418,88,0
16419,84,0
16420,84,0
16421,88,0
16422,84,0
16423,88,0
16424,88,0
16425,88,0
16426,84,0
16427,84,0
16428,84,0
16429,84,0
16430,84,0
16431,84,0
16432,84,0
16433,84,0
16434,84,0
16435,84,0
16436,88,0
16437,88,0
16438,84,0
16439,84,0
16440,88,0
16441,88,0
16442,84,0
16443,84,0
16444,88,0
16445,88,0
16446,84,0
16447,84,0
16448,88,0
16449,88,0
16450,84,0
16451,84,0
16452,88,0
16453,88,0
16454,84,0
16455,84,0
16456,88,0
16457,88,0
16458,84,0
16459,84,0
16460,88,0
16461,88,0
16462,84,0
16463,88,0
16464,88,0
16465,88,0
16466,84,0
16467,84,0
16468,88,0
16469,88,0
16470,84,0
16471,84,0
16472,88,0
16473,88,0
16474,84,0
16475,84,0
16476,88,0
16477,88,0
16478,84,0
16479,84,0
16480,84,0
16481,88,0
16482,84,0
16483,84,0
16484,88,0
16485,88,0
16486,84,0
16487,84,0
16488,88,0
16489,88,0
16490,84,0
16491,84,0
16492,88,0
16493,84,0
16494,88,0
16495,88,0
16496,84,0
16497,84,0
16498,88,0
16499,88,0
16500,84,0
16501,84,0
16502,88,0
16503,88,0
16504,84,0
16505,84,0
16506,88,0
16507,88,0
16508,84,0
16509,84,0
16510,88,0
16511,88,0
16512,84,0
16513,84,0
16514,88,0
16515,88,0
16516,84,0
16517,84,0
16518,88,0
16519,88,0
16520,84,0
16521,84,0
16522,84,0
16523,84,0
16524,88,0
16525,84,0
16526,88,0
16527,88,0
16528,84,0
16529,84,0
16530,88,0
16531,88,0
16532,84,0
16533,84,0
16534,88,0
16535,88,0
16536,84,0
16537,84,0
16538,88,0
16539,88,0
16540,84,0
16541,84,0
16542,88,0
16543,88,0
16544,84,0
16545,88,0
16546,84,0
16547,84,0
16548,88,0
16549,88,0
16550,84,0
16551,84,0
16552,88,0
16553,88,0
16554,84,0
16555,84,0
16556,88,0
16557,88,0
16558,84,0
16559,84,0
16560,88,0
16561,88,0
16562,84,0
16563,84,0
16564,88,0
16565,88,0
16566,84,0
16567,84,0
16568,88,0
16569,88,0
16570,84,0
16571,84,0
16572,88,0
16573,88,0
16574,84,0
16575,84,0
16576,88,0
16577,88,0
16578,84,0
16579,84,0
16580,88,0
16581,88,0
16582,84,0
16583,84,0
16584,88,0
16585,88,0
16586,84,0
16587,88,0
16588,84,0
16589,88,0
16590,84,0
16591,84,0
16592,84,0
16593,84,0
16594,88,0
16595,88,0
16596,84,0
16597,84,0
16598,88,0
16599,88,0
16600,84,0
16601,84,0
16602,88,0
16603,88,0
16604,84,0
16605,84,0
16606,88,0
16607,88,0
16608,84,0
16609,84,0
16610,88,0
16611,88,0
16612,84,0
16613,84,0
16614,88,0
16615,88,0
16616,84,0
16617,84,0
16618,88,0
16619,88,0
16620,84,0
16621,84,0
16622,88,0
16623,88,0
16624,84,0
16625,84,0
16626,88,0
16627,88,0
16628,84,0
16629,84,0
16630,88,0
16631,88,0
16632,84,0
16633,84,0
16634,88,0
16635,88,0
16636,84,0
16637,84,0
16638,88,0
16639,88,0
16640,84,0
16641,84,0
16642,88,0
16643,88,0
16644,84,0
16645,84,0
16646,88,0
16647,96,0
16648,88,0
16649,84,0
16650,88,0
16651,88,0
16652,88,0
16653,84,0
16654,88,0
16655,88,0
16656,88,0
16657,84,0
16658,84,0
16659,88,0
16660,88,0
16661,84,0
16662,84,0
16663,88,0
16664,88,0
16665,84,0
16666,84,0
16667,88,0
16668,88,0
16669,84,0
16670,84,0
16671,88,0
16672,88,0
16673,84,0
16674,84,0
16675,84,0
16676,88,0
16677,88,0
16678,84,0
16679,84,0
16680,88,0
16681,88,0
16682,84,0
16683,88,0
16684,84,0
16685,84,0
16686,88,0
16687,88,0
16688,84,0
16689,84,0
16690,88,0
16691,88,0
16692,88,0
16693,88,0
16694,84,0
16695,84,0
16696,88,0
16697,88,0
16698,84,0
16699,84,0
16700,88,0
16701,84,0
16702,88,0
16703,88,0
16704,84,0
16705,84,0
16706,88,0
16707,88,0
16708,84,0
16709,84,0
16710,84,0
16711,84,0
16712,88,0
16713,88,0
16714,84,0
16715,84,0
16716,88,0
16717,88,0
16718,84,0
16719,88,0
16720,88,0
16721,84,0
16722,88,0
16723,88,0
16724,84,0
16725,84,0
16726,88,0
16727,88,0
16728,88,0
16729,88,0
16730,84,0
16731,84,0
16732,88,0
16733,88,0
16734,84,0
16735,84,0
16736,88,0
16737,84,0
16738,88,0
16739,88,0
16740,84,0
16741,84,0
16742,88,0
16743,88,0
16744,84,0
16745,84,0
16746,84,0
16747,84,0
16748,88,0
16749,88,0
16750,84,0
16751,84,0
16752,88,0
16753,88,0
16754,84,0
16755,84,0
16756,84,0
16757,84,0
16758,88,0
16759,88,0
16760,84,0
16761,88,0
16762,88,0
16763,84,0
16764,84,0
16765,84,0
16766,88,0
16767,88,0
16768,84,0
16769,88,0
16770,88,0
16771,88,0
16772,84,0
16773,88,0
16774,84,0
16775,84,0
16776,88,0
16777,84,0
16778,88,0
16779,88,0
16780,84,0
16781,84,0
16782,88,0
16783,84,0
16784,88,0
16785,84,0
16786,88,0
16787,88,0
16788,84,0
16789,88,0
16790,84,0
16791,88,0
16792,88,0
16793,84,0
16794,84,0
16795,84,0
16796,84,0
16797,88,0
16798,84,0
16799,88,0
16800,84,0
16801,88,0
16802,88,0
16803,84,0
16804,88,0
16805,84,0
16806,88,0
16807,88,0
16808,84,0
16809,88,0
16810,84,0
16811,84,0
16812,88,0
16813,88,0
16814,84,0
16815,88,0
16816,84,0
16817,88,0
16818,84,0
16819,88,0
16820,84,0
16821,88,0
16822,88,0
16823,88,0
16824,88,0
16825,84,0
16826,88,0
16827,84,0
16828,88,0
16829,88,0
16830,84,0
16831,88,0
16832,84,0
16833,88,0
16834,84,0
16835,88,0
16836,84,0
16837,88,0
16838,84,0
16839,88,0
16840,84,0
16841,88,0
16842,84,0
16843,88,0
16844,84,0
16845,84,0
16846,88,0
16847,88,0
16848,84,0
16849,88,0
16850,84,0
16851,88,0
16852,84,0
16853,84,0
16854,88,0
16855,84,0
16856,88,0
16857,84,0
16858,88,0
16859,88,0
16860,84,0
16861,88,0
16862,84,0
16863,88,0
16864,84,0
16865,88,0
16866,84,0
16867,88,0
16868,84,0
16869,88,0
16870,84,0
16871,88,0
16872,84,0
16873,88,0
16874,84,0
16875,88,0
16876,84,0
16877,88,0
16878,84,0
16879,88,0
16880,84,0
16881,88,0
16882,84,0
16883,88,0
16884,84,0
16885,88,0
16886,84,0
16887,88,0
16888,84,0
16889,88,0
16890,84,0
16891,88,0
16892,84,0
16893,88,0
16894,84,0
16895,88,0
16896,84,0
16897,88,0
16898,88,0
16899,88,0
16900,84,0
16901,84,0
16902,88,0
16903,84,0
16904,88,0
16905,84,0
16906,88,0
16907,84,0
16908,88,0
16909,84,0
16910,88,0
16911,84,0
16912,88,0
16913,84,0
16914,88,0
16915,84,0
16916,88,0
16917,84,0
16918,88,0
16919,88,0
16920,84,0
16921,88,0
16922,84,0
16923,88,0
16924,84,0
16925,88,0
16926,84,0
16927,88,0
16928,84,0
16929,88,0
16930,84,0
16931,88,0
16932,84,0
16933,88,0
16934,84,0
16935,88,0
16936,84,0
16937,84,0
16938,88,0
16939,84,0
16940,88,0
16941,84,0
16942,88,0
16943,84,0
16944,88,0
16945,84,0
16946,88,0
16947,84,0
16948,88,0
16949,84,0
16950,88,0
16951,84,0
16952,84,0
16953,88,0
16954,84,0
16955,84,0
16956,88,0
16957,84,0
16958,88,0
16959,88,0
16960,84,0
16961,84,0
16962,88,0
16963,88,0
16964,84,0
16965,88,0
16966,84,0
16967,88,0
16968,84,0
16969,88,0
16970,84,0
16971,88,0
16972,84,0
16973,84,0
16974,88,0
16975,84,0
16976,88,0
16977,84,0
16978,88,0
16979,84,0
16980,88,0
16981,84,0
16982,88,0
16983,84,0
16984,84,0
16985,88,0
16986,84,0
16987,88,0
16988,84,0
16989,88,0
16990,84,0
16991,84,0
16992,88,0
16993,84,0
16994,88,0
16995,84,0
16996,88,0
16997,84,0
16998,88,0
16999,84,0
17000,88,0
17001,84,0
17002,88,0
17003,84,0
17004,88,0
17005,88,0
17006,84,0
17007,88,0
17008,84,0
17009,84,0
17010,88,0
17011,84,0
17012,88,0
17013,84,0
17014,88,0
17015,84,0
17016,88,0
17017,84,0
17018,88,0
17019,84,0
17020,88,0
17021,84,0
17022,88,0
17023,84,0
17024,88,0
17025,84,0
17026,88,0
17027,88,0
17028,84,0
17029,88,0
17030,84,0
17031,88,0
17032,96,0
17033,84,0
17034,84,0
17035,84,0
17036,88,0
17037,84,0
17038,88,0
17039,84,0
17040,88,0
17041,84,0
17042,84,0
17043,84,0
17044,84,0
17045,84,0
17046,88,0
17047,88,0
17048,84,0
17049,84,0
17050,88,0
17051,88,0
17052,84,0
17053,84,0
17054,88,0
17055,88,0
17056,84,0
17057,88,0
17058,84,0
17059,84,0
17060,88,0
17061,84,0
17062,84,0
17063,84,0
17064,88,0
17065,84,0
17066,84,0
17067,88,0
17068,88,0
17069,88,0
17070,84,0
17071,88,0
17072,88,0
17073,84,0
17074,84,0
17075,88,0
17076,84,0
17077,88,0
17078,88,0
17079,84,0
17080,84,0
17081,88,0
17082,88,0
17083,84,0
17084,84,0
17085,84,0
17086,84,0
17087,88,0
17088,88,0
17089,84,0
17090,84,0
17091,88,0
17092,84,0
17093,84,0
17094,88,0
17095,84,0
17096,84,0
17097,88,0
17098,84,0
17099,84,0
17100,84,0
17101,88,0
17102,88,0
17103,88,0
17104,84,0
17105,84,0
17106,84,0
17107,88,0
17108,88,0
17109,84,0
17110,84,0
17111,88,0
17112,84,0
17113,88,0
17114,88,0
17115,84,0
17116,84,0
17117,88,0
17118,88,0
17119,84,0
17120,84,0
17121,88,0
17122,84,0
17123,88,0
17124,88,0
17125,84,0
17126,84,0
17127,84,0
17128,88,0
17129,84,0
17130,88,0
17131,84,0
17132,84,0
17133,84,0
17134,88,0
17135,88,0
17136,84,0
17137,88,0
17138,88,0
17139,88,0
17140,84,0
17141,88,0
17142,88,0
17143,84,0
17144,84,0
17145,88,0
17146,84,0
17147,84,0
17148,88,0
17149,88,0
17150,88,0
17151,88,0
17152,84,0
17153,84,0
17154,84,0
17155,88,0
17156,88,0
17157,84,0
17158,84,0
17159,88,0
17160,84,0
17161,88,0
17162,84,0
17163,88,0
17164,84,0
17165,88,0
17166,84,0
17167,84,0
17168,84,0
17169,84,0
17170,88,0
17171,84,0
17172,84,0
17173,88,0
17174,88,0
17175,88,0
17176,84,0
17177,88,0
17178,88,0
17179,88,0
17180,84,0
17181,88,0
17182,88,0
17183,84,0
17184,88,0
17185,88,0
17186,84,0
17187,88,0
17188,88,0
17189,84,0
17190,84,0
17191,88,0
17192,88,0
17193,88,0
17194,88,0
17195,84,0
17196,84,0
17197,84,0
17198,88,0
17199,84,0
17200,84,0
17201,88,0
17202,84,0
17203,84,0
17204,88,0
17205,84,0
17206,84,0
17207,88,0
17208,84,0
17209,88,0
17210,88,0
17211,88,0
17212,88,0
17213,84,0
17214,84,0
17215,88,0
17216,88,0
17217,84,0
17218,84,0
17219,88,0
17220,88,0
17221,88,0
17222,88,0
17223,84,0
17224,84,0
17225,84,0
17226,88,0
17227,88,0
17228,88,0
17229,88,0
17230,88,0
17231,84,0
17232,88,0
17233,88,0
17234,88,0
17235,84,0
17236,84,0
17237,88,0
17238,88,0
17239,88,0
17240,88,0
17241,84,0
17242,84,0
17243,84,0
17244,88,0
17245,84,0
17246,84,0
17247,88,0
17248,88,0
17249,88,0
17250,84,0
17251,88,0
17252,88,0
17253,84,0
17254,84,0
17255,84,0
17256,88,0
17257,84,0
17258,84,0
17259,88,0
17260,88,0
17261,88,0
17262,84,0
17263,88,0
17264,88,0
17265,88,0
17266,88,0
17267,88,0
17268,84,0
17269,88,0
17270,88,0
17271,88,0
17272,84,0
17273,88,0
17274,84,0
17275,88,0
17276,88,0
17277,84,0
17278,84,0
17279,88,0
17280,88,0
17281,84,0
17282,84,0
17283,84,0
17284,84,0
17285,88,0
17286,88,0
17287,84,0
17288,84,0
17289,88,0
17290,84,0
17291,84,0
17292,88,0
17293,84,0
17294,84,0
17295,88,0
17296,88,0
17297,84,0
17298,84,0
17299,88,0
17300,88,0
17301,88,0
17302,88,0
17303,84,0
17304,84,0
17305,88,0
17306,88,0
17307,88,0
17308,84,0
17309,88,0
17310,84,0
17311,88,0
17312,88,0
17313,84,0
17314,84,0
17315,88,0
17316,88,0
17317,84,0
17318,84,0
17319,84,0
17320,84,0
17321,88,0
17322,88,0
17323,84,0
17324,84,0
17325,84,0
17326,88,0
17327,84,0
17328,88,0
17329,84,0
17330,84,0
17331,84,0
17332,84,0
17333,84,0
17334,88,0
17335,88,0
17336,88,0
17337,88,0
17338,88,0
17339,84,0
17340,84,0
17341,88,0
17342,88,0
17343,84,0
17344,84,0
17345,88,0
17346,84,0
17347,88,0
17348,88,0
17349,84,0
17350,84,0
17351,88,0
17352,88,0
17353,84,0
17354,88,0
17355,88,0
17356,84,0
17357,84,0
17358,88,0
17359,84,0
17360,84,0
17361,88,0
17362,88,0
17363,84,0
17364,88,0
17365,84,0
17366,84,0
17367,88,0
17368,88,0
17369,84,0
17370,84,0
17371,88,0
17372,88,0
17373,88,0
17374,84,0
17375,84,0
17376,88,0
17377,84,0
17378,84,0
17379,84,0
17380,88,0
17381,84,0
17382,88,0
17383,88,0
17384,84,0
17385,84,0
17386,88,0
17387,88,0
17388,84,0
17389,84,0
17390,84,0
17391,84,0
17392,92,0
17393,84,0
17394,88,0
17395,84,0
17396,84,0
17397,88,0
17398,88,0
17399,88,0
17400,84,0
17401,88,0
17402,88,0
17403,84,0
17404,88,0
17405,88,0
17406,84,0
17407,84,0
17408,88,0
17409,88,0
17410,84,0
17411,84,0
17412,88,0
17413,88,0
17414,84,0
17415,84,0
17416,84,0
17417,88,0
17418,84,0
17419,84,0
17420,88,0
17421,88,0
17422,84,0
17423,84,0
17424,88,0
17425,88,0
17426,84,0
17427,84,0
17428,88,0
17429,88,0
17430,84,0
17431,84,0
17432,84,0
17433,88,0
17434,84,0
17435,84,0
17436,88,0
17437,88,0
17438,84,0
17439,84,0
17440,88,0
17441,84,0
17442,88,0
17443,88,0
17444,84,0
17445,84,0
17446,88,0
17447,88,0
17448,84,0
17449,84,0
17450,88,0
17451,88,0
17452,84,0
17453,84,0
17454,88,0
17455,88,0
17456,84,0
17457,88,0
17458,88,0
17459,88,0
17460,88,0
17461,84,0
17462,88,0
17463,84,0
17464,88,0
17465,88,0
17466,84,0
17467,88,0
17468,84,0
17469,84,0
17470,88,0
17471,84,0
17472,84,0
17473,88,0
17474,84,0
17475,84,0
17476,88,0
17477,88,0
17478,84,0
17479,84,0
17480,88,0
17481,88,0
17482,84,0
17483,84,0
17484,88,0
17485,88,0
17486,84,0
17487,84,0
17488,88,0
17489,84,0
17490,88,0
17491,88,0
17492,84,0
17493,84,0
17494,88,0
17495,88,0
17496,88,0
17497,84,0
17498,88,0
17499,88,0
17500,84,0
17501,84,0
17502,88,0
17503,88,0
17504,84,0
17505,84,0
17506,88,0
17507,88,0
17508,84,0
17509,84,0
17510,88,0
17511,84,0
17512,84,0
17513,84,0
17514,84,0
17515,84,0
17516,88,0
17517,84,0
17518,84,0
17519,88,0
17520,84,0
17521,88,0
17522,88,0
17523,88,0
17524,88,0
17525,88,0
17526,88,0
17527,84,0
17528,88,0
17529,84,0
17530,84,0
17531,88,0
17532,84,0
17533,84,0
17534,84,0
17535,88,0
17536,84,0
17537,84,0
17538,88,0
17539,84,0
17540,84,0
17541,88,0
17542,88,0
17543,84,0
17544,84,0
17545,84,0
17546,88,0
17547,84,0
17548,84,0
17549,84,0
17550,88,0
17551,88,0
17552,88,0
17553,84,0
17554,84,0
17555,88,0
17556,88,0
17557,84,0
17558,88,0
17559,84,0
17560,84,0
17561,88,0
17562,88,0
17563,84,0
17564,88,0
17565,84,0
17566,84,0
17567,84,0
17568,88,0
17569,84,0
17570,88,0
17571,84,0
17572,88,0
17573,84,0
17574,88,0
17575,84,0
17576,88,0
17577,84,0
17578,88,0
17579,84,0
17580,88,0
17581,84,0
17582,88,0
17583,84,0
17584,88,0
17585,84,0
17586,88,0
17587,84,0
17588,88,0
17589,84,0
17590,88,0
17591,84,0
17592,88,0
17593,84,0
17594,84,0
17595,88,0
17596,84,0
17597,88,0
17598,88,0
17599,84,0
17600,88,0
17601,88,0
17602,84,0
17603,88,0
17604,84,0
17605,88,0
17606,84,0
17607,88,0
17608,84,0
17609,88,0
17610,84,0
17611,88,0
17612,84,0
17613,88,0
17614,84,0
17615,88,0
17616,84,0
17617,88,0
17618,84,0
17619,88,0
17620,84,0
17621,88,0
17622,88,0
17623,88,0
17624,84,0
17625,84,0
17626,88,0
17627,84,0
17628,84,0
17629,88,0
17630,84,0
17631,88,0
17632,84,0
17633,88,0
17634,84,0
17635,88,0
17636,84,0
17637,88,0
17638,84,0
17639,84,0
17640,88,0
17641,84,0
17642,88,0
17643,84,0
17644,88,0
17645,84,0
17646,88,0
17647,84,0
17648,88,0
17649,84,0
17650,88,0
17651,88,0
17652,84,0
17653,88,0
17654,84,0
17655,88,0
17656,84,0
17657,88,0
17658,84,0
17659,88,0
17660,84,0
17661,88,0
17662,84,0
17663,88,0
17664,84,0
17665,88,0
17666,84,0
17667,88,0
17668,84,0
17669,88,0
17670,84,0
17671,88,0
17672,84,0
17673,88,0
17674,84,0
17675,88,0
17676,84,0
17677,88,0
17678,84,0
17679,88,0
17680,84,0
17681,88,0
17682,84,0
17683,88,0
17684,84,0
17685,88,0
17686,84,0
17687,88,0
17688,84,0
17689,88,0
17690,84,0
17691,88,0
17692,88,0
17693,84,0
17694,88,0
17695,84,0
17696,88,0
17697,84,0
17698,88,0
17699,84,0
17700,88,0
17701,84,0
17702,88,0
17703,84,0
17704,84,0
17705,88,0
17706,88,0
17707,84,0
17708,84,0
17709,88,0
17710,84,0
17711,88,0
17712,84,0
17713,88,0
17714,84,0
17715,88,0
17716,84,0
17717,88,0
17718,84,0
17719,88,0
17720,84,0
17721,88,0
17722,84,0
17723,88,0
17724,84,0
17725,88,0
17726,84,0
17727,88,0
17728,84,0
17729,88,0
17730,84,0
17731,88,0
17732,84,0
17733,88,0
17734,84,0
17735,88,0
17736,84,0
17737,88,0
17738,84,0
17739,88,0
17740,84,0
17741,88,0
17742,84,0
17743,88,0
17744,84,0
17745,88,0
17746,84,0
17747,88,0
17748,84,0
17749,88,0
17750,88,0
17751,84,0
17752,88,0
17753,84,0
17754,88,0
17755,84,0
17756,88,0
17757,84,0
17758,88,0
17759,84,0
17760,88,0
17761,88,0
17762,84,0
17763,88,0
17764,84,0
17765,88,0
17766,84,0
17767,88,0
17768,84,0
17769,88,0
17770,84,0
17771,88,0
17772,84,0
17773,88,0
17774,84,0
17775,88,0
17776,84,0
17777,88,0
17778,84,0
17779,88,0
17780,84,0
17781,88,0
17782,84,0
17783,88,0
17784,84,0
17785,88,0
17786,84,0
17787,88,0
17788,84,0
17789,88,0
17790,84,0
17791,88,0
17792,84,0
17793,88,0
17794,84,0
17795,88,0
17796,84,0
17797,84,0
17798,88,0
17799,84,0
17800,88,0
17801,84,0
17802,88,0
17803,84,0
17804,88,0
17805,84,0
17806,88,0
17807,84,0
17808,88,0
17809,84,0
17810,88,0
17811,88,0
17812,84,0
17813,88,0
17814,84,0
17815,88,0
17816,84,0
17817,88,0
17818,84,0
17819,88,0
17820,84,0
17821,88,0
17822,84,0
17823,88,0
17824,84,0
17825,88,0
17826,84,0
17827,88,0
17828,84,0
17829,88,0
17830,88,0
17831,84,0
17832,88,0
17833,84,0
17834,88,0
17835,84,0
17836,88,0
17837,84,0
17838,84,0
17839,88,0
17840,84,0
17841,88,0
17842,84,0
17843,88,0
17844,84,0
17845,88,0
17846,84,0
17847,88,0
17848,84,0
17849,88,0
17850,84,0
17851,88,0
17852,84,0
17853,88,0
17854,84,0
17855,88,0
17856,84,0
17857,88,0
17858,84,0
17859,88,0
17860,84,0
17861,88,0
17862,84,0
17863,88,0
17864,84,0
17865,88,0
17866,84,0
17867,88,0
17868,84,0
17869,88,0
17870,84,0
17871,88,0
17872,84,0
17873,88,0
17874,84,0
17875,88,0
17876,88,0
17877,84,0
17878,84,0
17879,88,0
17880,88,0
17881,84,0
17882,84,0
17883,84,0
17884,84,0
17885,88,0
17886,84,0
17887,84,0
17888,88,0
17889,88,0
17890,84,0
17891,84,0
17892,84,0
17893,88,0
17894,84,0
17895,84,0
17896,84,0
17897,88,0
17898,84,0
17899,84,0
17900,88,0
17901,84,0
17902,84,0
17903,88,0
17904,84,0
17905,88,0
17906,88,0
17907,84,0
17908,88,0
17909,88,0
17910,84,0
17911,84,0
17912,84,0
17913,88,0
17914,88,0
17915,88,0
17916,84,0
17917,84,0
17918,88,0
17919,88,0
17920,84,0
17921,88,0
17922,84,0
17923,88,0
17924,84,0
17925,88,0
17926,84,0
17927,88,0
17928,84,0
17929,88,0
17930,88,0
17931,84,0
17932,88,0
17933,84,0
17934,88,0
17935,84,0
17936,88,0
17937,84,0
17938,88,0
17939,84,0
17940,88,0
17941,88,0
17942,84,0
17943,88,0
17944,84,0
17945,88,0
17946,84,0
17947,88,0
17948,88,0
17949,84,0
17950,88,0
17951,84,0
17952,88,0
17953,84,0
17954,88,0
17955,84,0
17956,88,0
17957,84,0
17958,88,0
17959,84,0
17960,88,0
17961,84,0
17962,88,0
17963,84,0
17964,88,0
17965,84,0
17966,88,0
17967,84,0
17968,88,0
17969,84,0
17970,84,0
17971,88,0
17972,84,0
17973,88,0
17974,84,0
17975,88,0
17976,84,0
17977,88,0
17978,84,0
17979,88,0
17980,84,0
17981,88,0
17982,84,0
17983,88,0
17984,84,0
17985,88,0
17986,84,0
17987,88,0
17988,84,0
17989,88,0
17990,84,0
17991,88,0
17992,88,0
17993,84,0
17994,84,0
17995,88,0
17996,84,0
17997,88,0
17998,84,0
17999,88,0
18000,84,0
18001,88,0
18002,84,0
18003,88,0
18004,84,0
18005,88,0
18006,84,0
18007,88,0
18008,84,0
18009,88,0
18010,84,0
18011,88,0
18012,88,0
18013,84,0
18014,88,0
18015,84,0
18016,88,0
18017,84,0
18018,88,0
18019,84,0
18020,88,0
18021,84,0
18022,88,0
18023,84,0
18024,88,0
18025,84,0
18026,88,0
18027,84,0
18028,88,0
18029,84,0
18030,88,0
18031,84,0
18032,88,0
18033,84,0
18034,88,0
18035,84,0
18036,88,0
18037,84,0
18038,88,0
18039,84,0
18040,88,0
18041,84,0
18042,88,0
18043,84,0
18044,88,0
18045,84,0
18046,88,0
18047,84,0
18048,88,0
18049,84,0
18050,88,0
18051,84,0
18052,88,0
18053,84,0
18054,88,0
18055,84,0
18056,88,0
18057,84,0
18058,88,0
18059,84,0
18060,88,0
18061,84,0
18062,88,0
18063,84,0
18064,88,0
18065,84,0
18066,88,0
18067,84,0
18068,88,0
18069,84,0
18070,84,0
18071,88,0
18072,84,0
18073,88,0
18074,84,0
18075,88,0
18076,88,0
18077,84,0
18078,84,0
18079,88,0
18080,88,0
18081,84,0
18082,88,0
18083,84,0
18084,88,0
18085,84,0
18086,88,0
18087,84,0
18088,88,0
18089,84,0
18090,88,0
18091,84,0
18092,88,0
18093,84,0
18094,88,0
18095,84,0
18096,88,0
18097,84,0
18098,88,0
18099,84,0
18100,88,0
18101,84,0
18102,84,0
18103,88,0
18104,84,0
18105,88,0
18106,84,0
18107,88,0
18108,84,0
18109,88,0
18110,84,0
18111,88,0
18112,84,0
18113,88,0
18114,84,0
18115,88,0
18116,84,0
18117,88,0
18118,84,0
18119,88,0
18120,84,0
18121,88,0
18122,84,0
18123,88,0
18124,84,0
18125,88,0
18126,84,0
18127,88,0
18128,84,0
18129,88,0
18130,84,0
18131,88,0
18132,84,0
18133,88,0
18134,84,0
18135,88,0
18136,84,0
18137,96,0
18138,84,0
18139,88,0
18140,88,0
18141,88,0
18142,88,0
18143,88,0
18144,84,0
18145,84,0
18146,84,0
18147,84,0
18148,84,0
18149,84,0
18150,84,0
18151,84,0
18152,84,0
18153,84,0
18154,84,0
18155,84,0
18156,84,0
18157,88,0
18158,88,0
18159,88,0
18160,88,0
18161,88,0
18162,88,0
18163,88,0
18164,88,0
18165,84,0
18166,84,0
18167,88,0
18168,88,0
18169,84,0
18170,84,0
18171,88,0
18172,88,0
18173,84,0
18174,84,0
18175,88,0
18176,88,0
18177,84,0
18178,84,0
18179,88,0
18180,88,0
18181,84,0
18182,84,0
18183,88,0
18184,88,0
18185,84,0
18186,84,0
18187,88,0
18188,88,0
18189,84,0
18190,84,0
18191,88,0
18192,88,0
18193,84,0
18194,84,0
18195,88,0
18196,88,0
18197,84,0
18198,84,0
18199,88,0
18200,88,0
18201,84,0
18202,84,0
18203,88,0
18204,88,0
18205,84,0
18206,84,0
18207,88,0
18208,88,0
18209,84,0
18210,84,0
18211,88,0
18212,88,0
18213,84,0
18214,84,0
18215,88,0
18216,88,0
18217,84,0
18218,84,0
18219,88,0
18220,88,0
18221,84,0
18222,84,0
18223,88,0
18224,88,0
18225,84,0
18226,84,0
18227,88,0
18228,88,0
18229,84,0
18230,84,0
18231,88,0
18232,88,0
18233,84,0
18234,84,0
18235,88,0
18236,88,0
18237,84,0
18238,84,0
18239,88,0
18240,88,0
18241,84,0
18242,84,0
18243,88,0
18244,88,0
18245,84,0
18246,84,0
18247,88,0
18248,88,0
18249,84,0
18250,84,0
18251,88,0
18252,88,0
18253,84,0
18254,84,0
18255,88,0
18256,88,0
18257,88,0
18258,88,0
18259,88,0
18260,88,0
18261,84,0
18262,88,0
18263,84,0
18264,88,0
18265,84,0
18266,88,0
18267,84,0
18268,84,0
18269,88,0
18270,84,0
18271,88,0
18272,88,0
18273,84,0
18274,88,0
18275,84,0
18276,84,0
18277,88,0
18278,88,0
18279,88,0
18280,84,0
18281,84,0
18282,84,0
18283,88,0
18284,88,0
18285,88,0
18286,84,0
18287,88,0
18288,84,0
18289,88,0
18290,84,0
18291,84,0
18292,88,0
18293,88,0
18294,84,0
18295,84,0
18296,88,0
18297,88,0
18298,84,0
18299,84,0
18300,88,0
18301,88,0
18302,84,0
18303,84,0
18304,88,0
18305,88,0
18306,84,0
18307,84,0
18308,88,0
18309,88,0
18310,84,0
18311,84,0
18312,88,0
18313,88,0
18314,84,0
18315,84,0
18316,88,0
18317,88,0
18318,84,0
18319,84,0
18320,88,0
18321,88,0
18322,84,0
18323,84,0
18324,88,0
18325,88,0
18326,84,0
18327,84,0
18328,88,0
18329,88,0
18330,84,0
18331,84,0
18332,88,0
18333,88,0
18334,84,0
18335,84,0
18336,88,0
18337,88,0
18338,84,0
18339,88,0
18340,84,0
18341,84,0
18342,88,0
18343,84,0
18344,88,0
18345,88,0
18346,84,0
18347,84,0
18348,88,0
18349,84,0
18350,88,0
18351,84,0
18352,88,0
18353,88,0
18354,84,0
18355,84,0
18356,88,0
18357,88,0
18358,84,0
18359,84,0
18360,88,0
18361,88,0
18362,84,0
18363,84,0
18364,88,0
18365,88,0
18366,84,0
18367,84,0
18368,88,0
18369,88,0
18370,84,0
18371,84,0
18372,88,0
18373,88,0
18374,84,0
18375,84,0
18376,88,0
18377,88,0
18378,84,0
18379,84,0
18380,88,0
18381,88,0
18382,84,0
18383,84,0
18384,84,0
18385,88,0
18386,84,0
18387,84,0
18388,84,0
18389,88,0
18390,84,0
18391,84,0
18392,88,0
18393,88,0
18394,84,0
18395,84,0
18396,88,0
18397,88,0
18398,84,0
18399,84,0
18400,88,0
18401,88,0
18402,84,0
18403,84,0
18404,88,0
18405,88,0
18406,84,0
18407,84,0
18408,88,0
18409,88,0
18410,84,0
18411,84,0
18412,88,0
18413,88,0
18414,84,0
18415,84,0
18416,88,0
18417,88,0
18418,84,0
18419,88,0
18420,84,0
18421,88,0
18422,84,0
18423,84,0
18424,88,0
18425,84,0
18426,88,0
18427,84,0
18428,88,0
18429,88,0
18430,84,0
18431,84,0
18432,88,0
18433,88,0
18434,84,0
18435,84,0
18436,88,0
18437,88,0
18438,84,0
18439,84,0
18440,88,0
18441,88,0
18442,84,0
18443,84,0
18444,88,0
18445,88,0
18446,84,0
18447,84,0
18448,88,0
18449,88,0
18450,84,0
18451,84,0
18452,88,0
18453,88,0
18454,84,0
18455,88,0
18456,84,0
18457,84,0
18458,88,0
18459,88,0
18460,84,0
18461,84,0
18462,88,0
18463,88,0
18464,84,0
18465,84,0
18466,88,0
18467,88,0
18468,84,0
18469,84,0
18470,88,0
18471,88,0
18472,84,0
18473,84,0
18474,88,0
18475,88,0
18476,84,0
18477,84,0
18478,88,0
18479,88,0
18480,84,0
18481,84,0
18482,88,0
18483,88,0
18484,84,0
18485,84,0
18486,88,0
18487,88,0
18488,84,0
18489,84,0
18490,88,0
18491,88,0
18492,84,0
18493,84,0
18494,88,0
18495,88,0
18496,84,0
18497,84,0
18498,88,0
18499,88,0
18500,84,0
18501,84,0
18502,88,0
18503,88,0
18504,84,0
18505,84,0
18506,88,0
18507,88,0
18508,84,0
18509,84,0
18510,88,0
18511,88,0
18512,84,0
18513,84,0
18514,88,0
18515,88,0
18516,84,0
18517,84,0
18518,88,0
18519,88,0
18520,84,0
18521,84,0
18522,88,0
18523,88,0
18524,84,0
18525,84,0
18526,88,0
18527,88,0
18528,84,0
18529,84,0
18530,88,0
18531,88,0
18532,84,0
18533,84,0
18534,88,0
18535,88,0
18536,84,0
18537,84,0
18538,88,0
18539,88,0
18540,84,0
18541,84,0
18542,88,0
18543,88,0
18544,84,0
18545,84,0
18546,88,0
18547,84,0
18548,88,0
18549,84,0
18550,88,0
18551,88,0
18552,84,0
18553,84,0
18554,88,0
18555,88,0
18556,84,0
18557,84,0
18558,88,0
18559,88,0
18560,84,0
18561,84,0
18562,88,0
18563,88,0
18564,84,0
18565,84,0
18566,88,0
18567,88,0
18568,84,0
18569,84,0
18570,88,0
18571,88,0
18572,84,0
18573,84,0
18574,88,0
18575,88,0
18576,84,0
18577,84,0
18578,88,0
18579,88,0
18580,84,0
18581,84,0
18582,88,0
18583,84,0
18584,88,0
18585,88,0
18586,84,0
18587,84,0
18588,88,0
18589,88,0
18590,84,0
18591,84,0
18592,88,0
18593,88,0
18594,84,0
18595,84,0
18596,88,0
18597,88,0
18598,84,0
18599,84,0
18600,88,0
18601,88,0
18602,84,0
18603,84,0
18604,88,0
18605,88,0
18606,84,0
18607,84,0
18608,88,0
18609,88,0
18610,84,0
18611,88,0
18612,84,0
18613,88,0
18614,84,0
18615,84,0
18616,88,0
18617,88,0
18618,84,0
18619,84,0
18620,88,0
18621,84,0
18622,88,0
18623,88,0
18624,84,0
18625,84,0
18626,88,0
18627,88,0
18628,88,0
18629,84,0
18630,88,0
18631,84,0
18632,84,0
18633,88,0
18634,88,0
18635,84,0
18636,84,0
18637,88,0
18638,84,0
18639,84,0
18640,84,0
18641,88,0
18642,84,0
18643,88,0
18644,84,0
18645,84,0
18646,88,0
18647,88,0
18648,88,0
18649,84,0
18650,88,0
18651,88,0
18652,84,0
18653,88,0
18654,88,0
18655,88,0
18656,84,0
18657,88,0
18658,88,0
18659,88,0
18660,84,0
18661,84,0
18662,88,0
18663,88,0
18664,84,0
18665,84,0
18666,88,0
18667,88,0
18668,84,0
18669,84,0
18670,88,0
18671,88,0
18672,84,0
18673,84,0
18674,88,0
18675,84,0
18676,88,0
18677,84,0
18678,88,0
18679,88,0
18680,84,0
18681,88,0
18682,84,0
18683,88,0
18684,84,0
18685,84,0
18686,88,0
18687,88,0
18688,84,0
18689,84,0
18690,88,0
18691,88,0
18692,84,0
18693,84,0
18694,88,0
18695,88,0
18696,84,0
18697,84,0
18698,88,0
18699,88,0
18700,84,0
18701,84,0
18702,88,0
18703,88,0
18704,84,0
18705,84,0
18706,88,0
18707,88,0
18708,84,0
18709,84,0
18710,88,0
18711,88,0
18712,84,0
18713,84,0
18714,88,0
18715,84,0
18716,88,0
18717,88,0
18718,84,0
18719,84,0
18720,88,0
18721,88,0
18722,84,0
18723,84,0
18724,88,0
18725,88,0
18726,84,0
18727,84,0
18728,88,0
18729,88,0
18730,84,0
18731,84,0
18732,88,0
18733,88,0
18734,84,0
18735,84,0
18736,88,0
18737,84,0
18738,88,0
18739,88,0
18740,84,0
18741,84,0
18742,88,0
18743,88,0
18744,84,0
18745,84,0
18746,88,0
18747,88,0
18748,84,0
18749,84,0
18750,88,0
18751,88,0
18752,84,0
18753,84,0
18754,88,0
18755,88,0
18756,84,0
18757,84,0
18758,88,0
18759,88,0
18760,84,0
18761,88,0
18762,84,0
18763,84,0
18764,88,0
18765,88,0
18766,84,0
18767,84,0
18768,88,0
18769,88,0
18770,84,0
18771,84,0
18772,88,0
18773,88,0
18774,84,0
18775,84,0
18776,88,0
18777,88,0
18778,84,0
18779,84,0
18780,88,0
18781,88,0
18782,84,0
18783,84,0
18784,88,0
18785,88,0
18786,84,0
18787,84,0
18788,88,0
18789,88,0
18790,84,0
18791,84,0
18792,88,0
18793,88,0
18794,84,0
18795,84,0
18796,88,0
18797,88,0
18798,84,0
18799,84,0
18800,88,0
18801,88,0
18802,84,0
18803,84,0
18804,88,0
18805,88,0
18806,84,0
18807,84,0
18808,88,0
18809,88,0
18810,84,0
18811,84,0
18812,88,0
18813,88,0
18814,84,0
18815,84,0
18816,88,0
18817,88,0
18818,84,0
18819,84,0
18820,88,0
18821,88,0
18822,84,0
18823,84,0
18824,88,0
18825,88,0
18826,84,0
18827,88,0
18828,84,0
18829,84,0
18830,88,0
18831,88,0
18832,84,0
18833,84,0
18834,88,0
18835,88,0
18836,84,0
18837,84,0
18838,88,0
18839,88,0
18840,84,0
18841,84,0
18842,88,0
18843,88,0
18844,84,0
18845,84,0
18846,88,0
18847,84,0
18848,88,0
18849,88,0
18850,84,0
18851,84,0
18852,88,0
18853,88,0
18854,84,0
18855,84,0
18856,88,0
18857,88,0
18858,84,0
18859,84,0
18860,88,0
18861,88,0
18862,84,0
18863,84,0
18864,88,0
18865,88,0
18866,84,0
18867,88,0
18868,84,0
18869,88,0
18870,84,0
18871,84,0
18872,88,0
18873,88,0
18874,84,0
18875,84,0
18876,88,0
18877,88,0
18878,84,0
18879,84,0
18880,88,0
18881,88,0
18882,96,0
18883,84,0
18884,84,0
18885,88,0
18886,88,0
18887,84,0
18888,88,0
18889,88,0
18890,84,0
18891,88,0
18892,88,0
18893,84,0
18894,84,0
18895,84,0
18896,84,0
18897,84,0
18898,84,0
18899,84,0
18900,84,0
18901,84,0
18902,84,0
18903,84,0
18904,84,0
18905,84,0
18906,84,0
18907,84,0
18908,84,0
18909,84,0
18910,88,0
18911,88,0
18912,84,0
18913,84,0
18914,88,0
18915,88,0
18916,84,0
18917,84,0
18918,88,0
18919,88,0
18920,84,0
18921,84,0
18922,88,0
18923,88,0
18924,84,0
18925,84,0
18926,88,0
18927,88,0
18928,84,0
18929,84,0
18930,88,0
18931,84,0
18932,84,0
18933,84,0
18934,88,0
18935,88,0
18936,84,0
18937,84,0
18938,88,0
18939,88,0
18940,84,0
18941,84,0
18942,88,0
18943,84,0
18944,88,0
18945,88,0
18946,84,0
18947,84,0
18948,88,0
18949,84,0
18950,88,0
18951,88,0
18952,84,0
18953,84,0
18954,88,0
18955,88,0
18956,84,0
18957,84,0
18958,88,0
18959,88,0
18960,84,0
18961,84,0
18962,88,0
18963,88,0
18964,84,0
18965,84,0
18966,88,0
18967,88,0
18968,84,0
18969,84,0
18970,88,0
18971,88,0
18972,84,0
18973,84,0
18974,88,0
18975,88,0
18976,84,0
18977,84,0
18978,88,0
18979,88,0
18980,84,0
18981,84,0
18982,88,0
18983,88,0
18984,84,0
18985,84,0
18986,88,0
18987,88,0
18988,84,0
18989,84,0
18990,88,0
18991,88,0
18992,84,0
18993,88,0
18994,84,0
18995,84,0
18996,88,0
18997,84,0
18998,88,0
18999,84,0
19000,88,0
19001,88,0
19002,88,0
19003,84,0
19004,84,0
19005,88,0
19006,84,0
19007,84,0
19008,84,0
19009,88,0
19010,88,0
19011,84,0
19012,84,0
19013,88,0
19014,84,0
19015,88,0
19016,88,0
19017,88,0
19018,88,0
19019,84,0
19020,84,0
19021,84,0
19022,88,0
19023,88,0
19024,84,0
19025,88,0
19026,84,0
19027,88,0
19028,84,0
19029,88,0
19030,88,0
19031,84,0
19032,88,0
19033,88,0
19034,88,0
19035,88,0
19036,88,0
19037,88,0
19038,88,0
19039,88,0
19040,88,0
19041,88,0
19042,84,0
19043,84,0
19044,88,0
19045,88,0
19046,84,0
19047,84,0
19048,88,0
19049,88,0
19050,84,0
19051,84,0
19052,88,0
19053,88,0
19054,84,0
19055,84,0
19056,88,0
19057,88,0
19058,88,0
19059,88,0
19060,84,0
19061,84,0
19062,88,0
19063,88,0
19064,84,0
19065,84,0
19066,88,0
19067,88,0
19068,84,0
19069,84,0
19070,88,0
19071,84,0
19072,88,0
19073,88,0
19074,84,0
19075,84,0
19076,88,0
19077,84,0
19078,88,0
19079,88,0
19080,84,0
19081,84,0
19082,88,0
19083,84,0
19084,84,0
19085,84,0
19086,88,0
19087,88,0
19088,88,0
19089,84,0
19090,88,0
19091,88,0
19092,84,0
19093,84,0
19094,88,0
19095,88,0
19096,84,0
19097,84,0
19098,88,0
19099,88,0
19100,84,0
19101,84,0
19102,88,0
19103,88,0
19104,84,0
19105,84,0
19106,88,0
19107,88,0
19108,84,0
19109,84,0
19110,88,0
19111,88,0
19112,84,0
19113,84,0
19114,88,0
19115,88,0
19116,84,0
19117,84,0
19118,88,0
19119,88,0
19120,84,0
19121,84,0
19122,88,0
19123,88,0
19124,84,0
19125,84,0
19126,88,0
19127,88,0
19128,84,0
19129,84,0
19130,88,0
19131,88,0
19132,84,0
19133,88,0
19134,84,0
19135,84,0
19136,88,0
19137,88,0
19138,84,0
19139,84,0
19140,88,0
19141,84,0
19142,88,0
19143,88,0
19144,84,0
19145,84,0
19146,88,0
19147,88,0
19148,84,0
19149,84,0
19150,88,0
19151,88,0
19152,84,0
19153,88,0
19154,84,0
19155,84,0
19156,88,0
19157,88,0
19158,84,0
19159,84,0
19160,88,0
19161,88,0
19162,84,0
19163,84,0
19164,88,0
19165,88,0
19166,84,0
19167,84,0
19168,88,0
19169,88,0
19170,84,0
19171,84,0
19172,88,0
19173,88,0
19174,84,0
19175,84,0
19176,88,0
19177,88,0
19178,84,0
19179,84,0
19180,88,0
19181,88,0
19182,84,0
19183,84,0
19184,88,0
19185,88,0
19186,84,0
19187,88,0
19188,88,0
19189,88,0
19190,84,0
19191,84,0
19192,88,0
19193,88,0
19194,84,0
19195,88,0
19196,84,0
19197,88,0
19198,84,0
19199,88,0
19200,88,0
19201,88,0
19202,84,0
19203,84,0
19204,88,0
19205,88,0
19206,84,0
19207,84,0
19208,88,0
19209,88,0
19210,84,0
19211,88,0
19212,84,0
19213,84,0
19214,88,0
19215,88,0
19216,84,0
19217,84,0
19218,88,0
19219,88,0
19220,84,0
19221,84,0
19222,88,0
19223,88,0
19224,84,0
19225,84,0
19226,88,0
19227,88,0
19228,84,0
19229,84,0
19230,88,0
19231,88,0
19232,84,0
19233,84,0
19234,88,0
19235,88,0
19236,84,0
19237,84,0
19238,88,0
19239,88,0
19240,84,0
19241,84,0
19242,88,0
19243,88,0
19244,84,0
19245,84,0
19246,88,0
19247,88,0
19248,84,0
19249,84,0
19250,88,0
19251,84,0
19252,84,0
19253,84,0
19254,88,0
19255,88,0
19256,84,0
19257,84,0
19258,88,0
19259,88,0
19260,84,0
19261,84,0
19262,88,0
19263,88,0
19264,84,0
19265,84,0
19266,88,0
19267,88,0
19268,84,0
19269,84,0
19270,88,0
19271,88,0
19272,84,0
19273,84,0
19274,88,0
19275,88,0
19276,84,0
19277,84,0
19278,88,0
19279,88,0
19280,84,0
19281,84,0
19282,88,0
19283,88,0
19284,84,0
19285,84,0
19286,88,0
19287,88,0
19288,84,0
19289,84,0
19290,88,0
19291,88,0
19292,84,0
19293,84,0
19294,88,0
19295,88,0
19296,84,0
19297,84,0
19298,88,0
19299,88,0
19300,84,0
19301,84,0
19302,88,0
19303,88,0
19304,84,0
19305,84,0
19306,88,0
19307,88,0
19308,84,0
19309,84,0
19310,88,0
19311,88,0
19312,84,0
19313,84,0
19314,88,0
19315,88,0
19316,84,0
19317,84,0
19318,88,0
19319,88,0
19320,84,0
19321,84,0
19322,88,0
19323,88,0
19324,84,0
19325,84,0
19326,88,0
19327,84,0
19328,88,0
19329,88,0
19330,84,0
19331,84,0
19332,88,0
19333,88,0
19334,84,0
19335,84,0
19336,88,0
19337,88,0
19338,84,0
19339,84,0
19340,88,0
19341,88,0
19342,84,0
19343,84,0
19344,88,0
19345,88,0
19346,84,0
19347,84,0
19348,88,0
19349,88,0
19350,84,0
19351,84,0
19352,88,0
19353,88,0
19354,84,0
19355,84,0
19356,88,0
19357,88,0
19358,84,0
19359,84,0
19360,88,0
19361,88,0
19362,84,0
19363,84,0
19364,88,0
19365,88,0
19366,84,0
19367,84,0
19368,88,0
19369,84,0
19370,88,0
19371,84,0
19372,88,0
19373,84,0
19374,84,0
19375,88,0
19376,88,0
19377,84,0
19378,88,0
19379,88,0
19380,84,0
19381,88,0
19382,88,0
19383,84,0
19384,88,0
19385,84,0
19386,88,0
19387,88,0
19388,88,0
19389,84,0
19390,84,0
19391,84,0
19392,84,0
19393,88,0
19394,84,0
19395,84,0
19396,84,0
19397,88,0
19398,84,0
19399,88,0
19400,88,0
19401,84,0
19402,88,0
19403,84,0
19404,84,0
19405,84,0
19406,88,0
19407,88,0
19408,88,0
19409,88,0
19410,88,0
19411,88,0
19412,88,0
19413,88,0
19414,88,0
19415,88,0
19416,84,0
19417,84,0
19418,88,0
19419,88,0
19420,84,0
19421,84,0
19422,88,0
19423,88,0
19424,84,0
19425,84,0
19426,88,0
19427,88,0
19428,84,0
19429,84,0
19430,88,0
19431,88,0
19432,84,0
19433,84,0
19434,88,0
19435,88,0
19436,84,0
19437,84,0
19438,88,0
19439,88,0
19440,84,0
19441,84,0
19442,88,0
19443,84,0
19444,84,0
19445,84,0
19446,88,0
19447,88,0
19448,84,0
19449,84,0
19450,88,0
19451,88,0
19452,84,0
19453,84,0
19454,88,0
19455,88,0
19456,84,0
19457,84,0
19458,88,0
19459,88,0
19460,88,0
19461,88,0
19462,84,0
19463,84,0
19464,88,0
19465,88,0
19466,84,0
19467,84,0
19468,88,0
19469,88,0
19470,84,0
19471,84,0
19472,88,0
19473,88,0
19474,84,0
19475,84,0
19476,88,0
19477,88,0
19478,84,0
19479,84,0
19480,88,0
19481,88,0
19482,84,0
19483,84,0
19484,88,0
19485,88,0
19486,84,0
19487,84,0
19488,88,0
19489,88,0
19490,84,0
19491,84,0
19492,88,0
19493,88,0
19494,84,0
19495,84,0
19496,88,0
19497,88,0
19498,84,0
19499,84,0
19500,88,0
19501,88,0
19502,88,0
19503,88,0
19504,84,0
19505,88,0
19506,84,0
19507,84,0
19508,88,0
19509,88,0
19510,84,0
19511,84,0
19512,88,0
19513,88,0
19514,84,0
19515,84,0
19516,88,0
19517,88,0
19518,84,0
19519,84,0
19520,88,0
19521,88,0
19522,84,0
19523,84,0
19524,88,0
19525,84,0
19526,88,0
19527,88,0
19528,84,0
19529,84,0
19530,88,0
19531,88,0
19532,84,0
19533,84,0
19534,88,0
19535,88,0
19536,84,0
19537,84,0
19538,88,0
19539,88,0
19540,84,0
19541,84,0
19542,88,0
19543,88,0
19544,84,0
19545,84,0
19546,88,0
19547,88,0
19548,84,0
19549,84,0
19550,88,0
19551,88,0
19552,84,0
19553,84,0
19554,88,0
19555,88,0
19556,84,0
19557,84,0
19558,88,0
19559,88,0
19560,84,0
19561,84,0
19562,88,0
19563,88,0
19564,84,0
19565,84,0
19566,88,0
19567,84,0
19568,88,0
19569,84,0
19570,88,0
19571,88,0
19572,88,0
19573,88,0
19574,84,0
19575,84,0
19576,88,0
19577,88,0
19578,84,0
19579,84,0
19580,88,0
19581,88,0
19582,84,0
19583,84,0
19584,88,0
19585,88,0
19586,84,0
19587,84,0
19588,88,0
19589,88,0
19590,84,0
19591,84,0
19592,88,0
19593,88,0
19594,84,0
19595,84,0
19596,88,0
19597,88,0
19598,84,0
19599,84,0
19600,88,0
19601,88,0
19602,84,0
19603,84,0
19604,88,0
19605,88,0
19606,84,0
19607,84,0
19608,88,0
19609,88,0
19610,84,0
19611,84,0
19612,88,0
19613,88,0
19614,84,0
19615,84,0
19616,88,0
19617,88,0
19618,84,0
19619,84,0
19620,88,0
19621,88,0
19622,84,0
19623,84,0
19624,88,0
19625,88,0
19626,84,0
19627,96,0
19628,88,0
19629,84,0
19630,84,0
19631,84,0
19632,84,0
19633,88,0
19634,84,0
19635,84,0
19636,88,0
19637,88,0
19638,84,0
19639,84,0
19640,88,0
19641,88,0
19642,84,0
19643,84,0
19644,88,0
19645,88,0
19646,84,0
19647,84,0
19648,88,0
19649,88,0
19650,84,0
19651,84,0
19652,88,0
19653,88,0
19654,84,0
19655,84,0
19656,88,0
19657,88,0
19658,84,0
19659,84,0
19660,88,0
19661,88,0
19662,84,0
19663,84,0
19664,88,0
19665,88,0
19666,84,0
19667,84,0
19668,88,0
19669,88,0
19670,84,0
19671,84,0
19672,88,0
19673,88,0
19674,84,0
19675,84,0
19676,88,0
19677,88,0
19678,84,0
19679,84,0
19680,88,0
19681,88,0
19682,84,0
19683,84,0
19684,88,0
19685,88,0
19686,84,0
19687,84,0
19688,88,0
19689,88,0
19690,84,0
19691,84,0
19692,88,0
19693,88,0
19694,84,0
19695,84,0
19696,88,0
19697,88,0
19698,84,0
19699,84,0
19700,7836,1
19701,84,0
19702,84,0
19703,84,0
19704,88,0
19705,84,0
19706,88,0
19707,88,0
19708,84,0
19709,84,0
19710,88,0
19711,84,0
19712,88,0
19713,88,0
19714,84,0
19715,84,0
19716,88,0
19717,88,0
19718,84,0
19719,88,0
19720,84,0
19721,88,0
19722,88,0
19723,88,0
19724,84,0
19725,88,0
19726,84,0
19727,84,0
19728,84,0
19729,84,0
19730,84,0
19731,84,0
19732,84,0
19733,84,0
19734,84,0
19735,88,0
19736,88,0
19737,88,0
19738,84,0
19739,84,0
19740,88,0
19741,88,0
19742,84,0
19743,84,0
19744,88,0
19745,88,0
19746,84,0
19747,84,0
19748,84,0
19749,88,0
19750,84,0
19751,84,0
19752,88,0
19753,88,0
19754,88,0
19755,88,0
19756,84,0
19757,84,0
19758,88,0
19759,88,0
19760,84,0
19761,88,0
19762,88,0
19763,84,0
19764,88,0
19765,84,0
19766,84,0
19767,84,0
19768,88,0
19769,88,0
19770,84,0
19771,84,0
19772,88,0
19773,88,0
19774,88,0
19775,88,0
19776,84,0
19777,88,0
19778,88,0
19779,88,0
19780,88,0
19781,84,0
19782,84,0
19783,84,0
19784,84,0
19785,84,0
19786,84,0
19787,84,0
19788,84,0
19789,84,0
19790,84,0
19791,84,0
19792,84,0
19793,84,0
19794,84,0
19795,84,0
19796,84,0
19797,84,0
19798,84,0
19799,88,0
19800,88,0
19801,88,0
19802,88,0
19803,88,0
19804,88,0
19805,88,0
19806,88,0
19807,88,0
19808,88,0
19809,88,0
19810,84,0
19811,84,0
19812,84,0
19813,84,0
19814,84,0
19815,84,0
19816,88,0
19817,88,0
19818,88,0
19819,88,0
19820,88,0
19821,88,0
19822,84,0
19823,84,0
19824,84,0
19825,84,0
19826,84,0
19827,84,0
19828,88,0
19829,88,0
19830,88,0
19831,88,0
19832,88,0
19833,88,0
19834,88,0
19835,88,0
19836,88,0
19837,88,0
19838,88,0
19839,88,0
19840,88,0
19841,88,0
19842,88,0
19843,88,0
19844,88,0
19845,88,0
19846,88,0
19847,88,0
19848,88,0
19849,88,0
19850,88,0
19851,88,0
19852,88,0
19853,88,0
19854,84,0
19855,88,0
19856,88,0
19857,88,0
19858,88,0
19859,88,0
19860,88,0
19861,88,0
19862,88,0
19863,84,0
19864,84,0
19865,84,0
19866,84,0
19867,84,0
19868,88,0
19869,88,0
19870,88,0
19871,88,0
19872,88,0
19873,88,0
19874,84,0
19875,84,0
19876,84,0
19877,84,0
19878,84,0
19879,84,0
19880,88,0
19881,88,0
19882,88,0
19883,88,0
19884,88,0
19885,88,0
19886,84,0
19887,84,0
19888,84,0
19889,84,0
19890,84,0
19891,84,0
19892,84,0
19893,84,0
19894,84,0
19895,84,0
19896,84,0
19897,84,0
19898,84,0
19899,84,0
19900,84,0
19901,84,0
19902,84,0
19903,84,0
19904,84,0
19905,84,0
19906,84,0
19907,84,0
19908,84,0
19909,84,0
19910,84,0
19911,84,0
19912,84,0
19913,84,0
19914,84,0
19915,84,0
19916,84,0
19917,84,0
19918,84,0
19919,84,0
19920,84,0
19921,84,0
19922,84,0
19923,84,0
19924,84,0
19925,84,0
19926,84,0
19927,88,0
19928,88,0
19929,88,0
19930,88,0
19931,88,0
19932,84,0
19933,84,0
19934,84,0
19935,84,0
19936,84,0
19937,84,0
19938,88,0
19939,88,0
19940,84,0
19941,84,0
19942,88,0
19943,88,0
19944,84,0
19945,84,0
19946,84,0
19947,84,0
19948,84,0
19949,84,0
19950,88,0
19951,88,0
19952,88,0
19953,88,0
19954,88,0
19955,88,0
19956,84,0
19957,84,0
19958,84,0
19959,84,0
19960,84,0
19961,84,0
19962,84,0
19963,84,0
19964,84,0
19965,84,0
19966,84,0
19967,84,0
19968,84,0
19969,84,0
19970,84,0
19971,84,0
19972,84,0
19973,84,0
19974,84,0
19975,84,0
19976,84,0
19977,84,0
19978,84,0
19979,84,0
19980,84,0
19981,84,0
19982,84,0
19983,84,0
19984,84,0
19985,84,0
19986,84,0
19987,84,0
19988,84,0
19989,84,0
19990,84,0
19991,84,0
19992,84,0
19993,84,0
19994,84,0
19995,84,0
19996,88,0
19997,88,0
19998,88,0
19999,88,0
