
build/bench:     file format elf64-x86-64


Disassembly of section .init:

0000000000401000 <_init>:
  401000:	f3 0f 1e fa          	endbr64 
  401004:	48 83 ec 08          	sub    $0x8,%rsp
  401008:	48 8b 05 e1 3f 00 00 	mov    0x3fe1(%rip),%rax        # 404ff0 <__gmon_start__>
  40100f:	48 85 c0             	test   %rax,%rax
  401012:	74 02                	je     401016 <_init+0x16>
  401014:	ff d0                	callq  *%rax
  401016:	48 83 c4 08          	add    $0x8,%rsp
  40101a:	c3                   	retq   

Disassembly of section .plt:

0000000000401020 <.plt>:
  401020:	ff 35 e2 3f 00 00    	pushq  0x3fe2(%rip)        # 405008 <_GLOBAL_OFFSET_TABLE_+0x8>
  401026:	ff 25 e4 3f 00 00    	jmpq   *0x3fe4(%rip)        # 405010 <_GLOBAL_OFFSET_TABLE_+0x10>
  40102c:	0f 1f 40 00          	nopl   0x0(%rax)

0000000000401030 <__errno_location@plt>:
  401030:	ff 25 e2 3f 00 00    	jmpq   *0x3fe2(%rip)        # 405018 <__errno_location@GLIBC_2.2.5>
  401036:	68 00 00 00 00       	pushq  $0x0
  40103b:	e9 e0 ff ff ff       	jmpq   401020 <.plt>

0000000000401040 <syscall@plt>:
  401040:	ff 25 da 3f 00 00    	jmpq   *0x3fda(%rip)        # 405020 <syscall@GLIBC_2.2.5>
  401046:	68 01 00 00 00       	pushq  $0x1
  40104b:	e9 d0 ff ff ff       	jmpq   401020 <.plt>

0000000000401050 <std::__throw_bad_alloc()@plt>:
  401050:	ff 25 d2 3f 00 00    	jmpq   *0x3fd2(%rip)        # 405028 <std::__throw_bad_alloc()@GLIBCXX_3.4>
  401056:	68 02 00 00 00       	pushq  $0x2
  40105b:	e9 c0 ff ff ff       	jmpq   401020 <.plt>

0000000000401060 <std::__throw_length_error(char const*)@plt>:
  401060:	ff 25 ca 3f 00 00    	jmpq   *0x3fca(%rip)        # 405030 <std::__throw_length_error(char const*)@GLIBCXX_3.4>
  401066:	68 03 00 00 00       	pushq  $0x3
  40106b:	e9 b0 ff ff ff       	jmpq   401020 <.plt>

0000000000401070 <memset@plt>:
  401070:	ff 25 c2 3f 00 00    	jmpq   *0x3fc2(%rip)        # 405038 <memset@GLIBC_2.2.5>
  401076:	68 04 00 00 00       	pushq  $0x4
  40107b:	e9 a0 ff ff ff       	jmpq   401020 <.plt>

0000000000401080 <getrusage@plt>:
  401080:	ff 25 ba 3f 00 00    	jmpq   *0x3fba(%rip)        # 405040 <getrusage@GLIBC_2.2.5>
  401086:	68 05 00 00 00       	pushq  $0x5
  40108b:	e9 90 ff ff ff       	jmpq   401020 <.plt>

0000000000401090 <munmap@plt>:
  401090:	ff 25 b2 3f 00 00    	jmpq   *0x3fb2(%rip)        # 405048 <munmap@GLIBC_2.2.5>
  401096:	68 06 00 00 00       	pushq  $0x6
  40109b:	e9 80 ff ff ff       	jmpq   401020 <.plt>

00000000004010a0 <std::__throw_bad_array_new_length()@plt>:
  4010a0:	ff 25 aa 3f 00 00    	jmpq   *0x3faa(%rip)        # 405050 <std::__throw_bad_array_new_length()@GLIBCXX_3.4.29>
  4010a6:	68 07 00 00 00       	pushq  $0x7
  4010ab:	e9 70 ff ff ff       	jmpq   401020 <.plt>

00000000004010b0 <sched_setaffinity@plt>:
  4010b0:	ff 25 a2 3f 00 00    	jmpq   *0x3fa2(%rip)        # 405058 <sched_setaffinity@GLIBC_2.3.4>
  4010b6:	68 08 00 00 00       	pushq  $0x8
  4010bb:	e9 60 ff ff ff       	jmpq   401020 <.plt>

00000000004010c0 <perror@plt>:
  4010c0:	ff 25 9a 3f 00 00    	jmpq   *0x3f9a(%rip)        # 405060 <perror@GLIBC_2.2.5>
  4010c6:	68 09 00 00 00       	pushq  $0x9
  4010cb:	e9 50 ff ff ff       	jmpq   401020 <.plt>

00000000004010d0 <operator delete(void*)@plt>:
  4010d0:	ff 25 92 3f 00 00    	jmpq   *0x3f92(%rip)        # 405068 <operator delete(void*)@GLIBCXX_3.4>
  4010d6:	68 0a 00 00 00       	pushq  $0xa
  4010db:	e9 40 ff ff ff       	jmpq   401020 <.plt>

00000000004010e0 <fclose@plt>:
  4010e0:	ff 25 8a 3f 00 00    	jmpq   *0x3f8a(%rip)        # 405070 <fclose@GLIBC_2.2.5>
  4010e6:	68 0b 00 00 00       	pushq  $0xb
  4010eb:	e9 30 ff ff ff       	jmpq   401020 <.plt>

00000000004010f0 <operator new(unsigned long)@plt>:
  4010f0:	ff 25 82 3f 00 00    	jmpq   *0x3f82(%rip)        # 405078 <operator new(unsigned long)@GLIBCXX_3.4>
  4010f6:	68 0c 00 00 00       	pushq  $0xc
  4010fb:	e9 20 ff ff ff       	jmpq   401020 <.plt>

0000000000401100 <fopen@plt>:
  401100:	ff 25 7a 3f 00 00    	jmpq   *0x3f7a(%rip)        # 405080 <fopen@GLIBC_2.2.5>
  401106:	68 0d 00 00 00       	pushq  $0xd
  40110b:	e9 10 ff ff ff       	jmpq   401020 <.plt>

0000000000401110 <madvise@plt>:
  401110:	ff 25 72 3f 00 00    	jmpq   *0x3f72(%rip)        # 405088 <madvise@GLIBC_2.2.5>
  401116:	68 0e 00 00 00       	pushq  $0xe
  40111b:	e9 00 ff ff ff       	jmpq   401020 <.plt>

0000000000401120 <exit@plt>:
  401120:	ff 25 6a 3f 00 00    	jmpq   *0x3f6a(%rip)        # 405090 <exit@GLIBC_2.2.5>
  401126:	68 0f 00 00 00       	pushq  $0xf
  40112b:	e9 f0 fe ff ff       	jmpq   401020 <.plt>

0000000000401130 <strtoull@plt>:
  401130:	ff 25 62 3f 00 00    	jmpq   *0x3f62(%rip)        # 405098 <strtoull@GLIBC_2.2.5>
  401136:	68 10 00 00 00       	pushq  $0x10
  40113b:	e9 e0 fe ff ff       	jmpq   401020 <.plt>

0000000000401140 <sched_getcpu@plt>:
  401140:	ff 25 5a 3f 00 00    	jmpq   *0x3f5a(%rip)        # 4050a0 <sched_getcpu@GLIBC_2.6>
  401146:	68 11 00 00 00       	pushq  $0x11
  40114b:	e9 d0 fe ff ff       	jmpq   401020 <.plt>

0000000000401150 <ioctl@plt>:
  401150:	ff 25 52 3f 00 00    	jmpq   *0x3f52(%rip)        # 4050a8 <ioctl@GLIBC_2.2.5>
  401156:	68 12 00 00 00       	pushq  $0x12
  40115b:	e9 c0 fe ff ff       	jmpq   401020 <.plt>

0000000000401160 <fprintf@plt>:
  401160:	ff 25 4a 3f 00 00    	jmpq   *0x3f4a(%rip)        # 4050b0 <fprintf@GLIBC_2.2.5>
  401166:	68 13 00 00 00       	pushq  $0x13
  40116b:	e9 b0 fe ff ff       	jmpq   401020 <.plt>

0000000000401170 <read@plt>:
  401170:	ff 25 42 3f 00 00    	jmpq   *0x3f42(%rip)        # 4050b8 <read@GLIBC_2.2.5>
  401176:	68 14 00 00 00       	pushq  $0x14
  40117b:	e9 a0 fe ff ff       	jmpq   401020 <.plt>

0000000000401180 <snprintf@plt>:
  401180:	ff 25 3a 3f 00 00    	jmpq   *0x3f3a(%rip)        # 4050c0 <snprintf@GLIBC_2.2.5>
  401186:	68 15 00 00 00       	pushq  $0x15
  40118b:	e9 90 fe ff ff       	jmpq   401020 <.plt>

0000000000401190 <__gxx_personality_v0@plt>:
  401190:	ff 25 32 3f 00 00    	jmpq   *0x3f32(%rip)        # 4050c8 <__gxx_personality_v0@CXXABI_1.3>
  401196:	68 16 00 00 00       	pushq  $0x16
  40119b:	e9 80 fe ff ff       	jmpq   401020 <.plt>

00000000004011a0 <_Unwind_Resume@plt>:
  4011a0:	ff 25 2a 3f 00 00    	jmpq   *0x3f2a(%rip)        # 4050d0 <_Unwind_Resume@GCC_3.0>
  4011a6:	68 17 00 00 00       	pushq  $0x17
  4011ab:	e9 70 fe ff ff       	jmpq   401020 <.plt>

00000000004011b0 <mmap@plt>:
  4011b0:	ff 25 22 3f 00 00    	jmpq   *0x3f22(%rip)        # 4050d8 <mmap@GLIBC_2.2.5>
  4011b6:	68 18 00 00 00       	pushq  $0x18
  4011bb:	e9 60 fe ff ff       	jmpq   401020 <.plt>

00000000004011c0 <fwrite@plt>:
  4011c0:	ff 25 1a 3f 00 00    	jmpq   *0x3f1a(%rip)        # 4050e0 <fwrite@GLIBC_2.2.5>
  4011c6:	68 19 00 00 00       	pushq  $0x19
  4011cb:	e9 50 fe ff ff       	jmpq   401020 <.plt>

00000000004011d0 <close@plt>:
  4011d0:	ff 25 12 3f 00 00    	jmpq   *0x3f12(%rip)        # 4050e8 <close@GLIBC_2.2.5>
  4011d6:	68 1a 00 00 00       	pushq  $0x1a
  4011db:	e9 40 fe ff ff       	jmpq   401020 <.plt>

Disassembly of section .text:

00000000004011e0 <_start>:
  4011e0:	f3 0f 1e fa          	endbr64 
  4011e4:	31 ed                	xor    %ebp,%ebp
  4011e6:	49 89 d1             	mov    %rdx,%r9
  4011e9:	5e                   	pop    %rsi
  4011ea:	48 89 e2             	mov    %rsp,%rdx
  4011ed:	48 83 e4 f0          	and    $0xfffffffffffffff0,%rsp
  4011f1:	50                   	push   %rax
  4011f2:	54                   	push   %rsp
  4011f3:	45 31 c0             	xor    %r8d,%r8d
  4011f6:	31 c9                	xor    %ecx,%ecx
  4011f8:	48 c7 c7 c1 13 40 00 	mov    $0x4013c1,%rdi
  4011ff:	ff 15 db 3d 00 00    	callq  *0x3ddb(%rip)        # 404fe0 <__libc_start_main@GLIBC_2.34>
  401205:	f4                   	hlt    
  401206:	66 2e 0f 1f 84 00 00 	nopw   %cs:0x0(%rax,%rax,1)
  40120d:	00 00 00 

0000000000401210 <_dl_relocate_static_pie>:
  401210:	f3 0f 1e fa          	endbr64 
  401214:	c3                   	retq   
  401215:	66 2e 0f 1f 84 00 00 	nopw   %cs:0x0(%rax,%rax,1)
  40121c:	00 00 00 
  40121f:	90                   	nop

0000000000401220 <deregister_tm_clones>:
  401220:	48 8d 3d d1 3e 00 00 	lea    0x3ed1(%rip),%rdi        # 4050f8 <__TMC_END__>
  401227:	48 8d 05 ca 3e 00 00 	lea    0x3eca(%rip),%rax        # 4050f8 <__TMC_END__>
  40122e:	48 39 f8             	cmp    %rdi,%rax
  401231:	74 15                	je     401248 <deregister_tm_clones+0x28>
  401233:	48 8b 05 ae 3d 00 00 	mov    0x3dae(%rip),%rax        # 404fe8 <_ITM_deregisterTMCloneTable>
  40123a:	48 85 c0             	test   %rax,%rax
  40123d:	74 09                	je     401248 <deregister_tm_clones+0x28>
  40123f:	ff e0                	jmpq   *%rax
  401241:	0f 1f 80 00 00 00 00 	nopl   0x0(%rax)
  401248:	c3                   	retq   
  401249:	0f 1f 80 00 00 00 00 	nopl   0x0(%rax)

0000000000401250 <register_tm_clones>:
  401250:	48 8d 3d a1 3e 00 00 	lea    0x3ea1(%rip),%rdi        # 4050f8 <__TMC_END__>
  401257:	48 8d 35 9a 3e 00 00 	lea    0x3e9a(%rip),%rsi        # 4050f8 <__TMC_END__>
  40125e:	48 29 fe             	sub    %rdi,%rsi
  401261:	48 89 f0             	mov    %rsi,%rax
  401264:	48 c1 ee 3f          	shr    $0x3f,%rsi
  401268:	48 c1 f8 03          	sar    $0x3,%rax
  40126c:	48 01 c6             	add    %rax,%rsi
  40126f:	48 d1 fe             	sar    %rsi
  401272:	74 14                	je     401288 <register_tm_clones+0x38>
  401274:	48 8b 05 7d 3d 00 00 	mov    0x3d7d(%rip),%rax        # 404ff8 <_ITM_registerTMCloneTable>
  40127b:	48 85 c0             	test   %rax,%rax
  40127e:	74 08                	je     401288 <register_tm_clones+0x38>
  401280:	ff e0                	jmpq   *%rax
  401282:	66 0f 1f 44 00 00    	nopw   0x0(%rax,%rax,1)
  401288:	c3                   	retq   
  401289:	0f 1f 80 00 00 00 00 	nopl   0x0(%rax)

0000000000401290 <__do_global_dtors_aux>:
  401290:	f3 0f 1e fa          	endbr64 
  401294:	80 3d 6d 3e 00 00 00 	cmpb   $0x0,0x3e6d(%rip)        # 405108 <completed.0>
  40129b:	75 13                	jne    4012b0 <__do_global_dtors_aux+0x20>
  40129d:	55                   	push   %rbp
  40129e:	48 89 e5             	mov    %rsp,%rbp
  4012a1:	e8 7a ff ff ff       	callq  401220 <deregister_tm_clones>
  4012a6:	c6 05 5b 3e 00 00 01 	movb   $0x1,0x3e5b(%rip)        # 405108 <completed.0>
  4012ad:	5d                   	pop    %rbp
  4012ae:	c3                   	retq   
  4012af:	90                   	nop
  4012b0:	c3                   	retq   
  4012b1:	66 66 2e 0f 1f 84 00 	data16 nopw %cs:0x0(%rax,%rax,1)
  4012b8:	00 00 00 00 
  4012bc:	0f 1f 40 00          	nopl   0x0(%rax)

00000000004012c0 <frame_dummy>:
  4012c0:	f3 0f 1e fa          	endbr64 
  4012c4:	eb 8a                	jmp    401250 <register_tm_clones>

00000000004012c6 <die(char const*)>:
  4012c6:	55                   	push   %rbp
  4012c7:	48 89 e5             	mov    %rsp,%rbp
  4012ca:	48 83 ec 10          	sub    $0x10,%rsp
  4012ce:	48 89 7d f8          	mov    %rdi,-0x8(%rbp)
  4012d2:	48 8b 45 f8          	mov    -0x8(%rbp),%rax
  4012d6:	48 89 c7             	mov    %rax,%rdi
  4012d9:	e8 e2 fd ff ff       	callq  4010c0 <perror@plt>
  4012de:	bf 01 00 00 00       	mov    $0x1,%edi
  4012e3:	e8 38 fe ff ff       	callq  401120 <exit@plt>

00000000004012e8 <number(char const*)>:
  4012e8:	55                   	push   %rbp
  4012e9:	48 89 e5             	mov    %rsp,%rbp
  4012ec:	48 83 ec 20          	sub    $0x20,%rsp
  4012f0:	48 89 7d e8          	mov    %rdi,-0x18(%rbp)
  4012f4:	e8 37 fd ff ff       	callq  401030 <__errno_location@plt>
  4012f9:	c7 00 00 00 00 00    	movl   $0x0,(%rax)
  4012ff:	48 8d 4d f0          	lea    -0x10(%rbp),%rcx
  401303:	48 8b 45 e8          	mov    -0x18(%rbp),%rax
  401307:	ba 00 00 00 00       	mov    $0x0,%edx
  40130c:	48 89 ce             	mov    %rcx,%rsi
  40130f:	48 89 c7             	mov    %rax,%rdi
  401312:	e8 19 fe ff ff       	callq  401130 <strtoull@plt>
  401317:	48 89 45 f8          	mov    %rax,-0x8(%rbp)
  40131b:	e8 10 fd ff ff       	callq  401030 <__errno_location@plt>
  401320:	8b 00                	mov    (%rax),%eax
  401322:	85 c0                	test   %eax,%eax
  401324:	75 20                	jne    401346 <number(char const*)+0x5e>
  401326:	48 8b 45 e8          	mov    -0x18(%rbp),%rax
  40132a:	0f b6 00             	movzbl (%rax),%eax
  40132d:	3c 2d                	cmp    $0x2d,%al
  40132f:	74 15                	je     401346 <number(char const*)+0x5e>
  401331:	48 8b 45 f0          	mov    -0x10(%rbp),%rax
  401335:	48 39 45 e8          	cmp    %rax,-0x18(%rbp)
  401339:	74 0b                	je     401346 <number(char const*)+0x5e>
  40133b:	48 8b 45 f0          	mov    -0x10(%rbp),%rax
  40133f:	0f b6 00             	movzbl (%rax),%eax
  401342:	84 c0                	test   %al,%al
  401344:	74 27                	je     40136d <number(char const*)+0x85>
  401346:	48 8b 05 b3 3d 00 00 	mov    0x3db3(%rip),%rax        # 405100 <stderr@@GLIBC_2.2.5>
  40134d:	48 8b 55 e8          	mov    -0x18(%rbp),%rdx
  401351:	be 11 30 40 00       	mov    $0x403011,%esi
  401356:	48 89 c7             	mov    %rax,%rdi
  401359:	b8 00 00 00 00       	mov    $0x0,%eax
  40135e:	e8 fd fd ff ff       	callq  401160 <fprintf@plt>
  401363:	bf 02 00 00 00       	mov    $0x2,%edi
  401368:	e8 b3 fd ff ff       	callq  401120 <exit@plt>
  40136d:	48 8b 45 f8          	mov    -0x8(%rbp),%rax
  401371:	c9                   	leaveq 
  401372:	c3                   	retq   

0000000000401373 <tick()>:
  401373:	55                   	push   %rbp
  401374:	48 89 e5             	mov    %rsp,%rbp
  401377:	0f ae e8             	lfence 
  40137a:	0f 31                	rdtsc  
  40137c:	0f ae e8             	lfence 
  40137f:	89 45 fc             	mov    %eax,-0x4(%rbp)
  401382:	89 55 f8             	mov    %edx,-0x8(%rbp)
  401385:	8b 45 f8             	mov    -0x8(%rbp),%eax
  401388:	48 c1 e0 20          	shl    $0x20,%rax
  40138c:	48 89 c2             	mov    %rax,%rdx
  40138f:	8b 45 fc             	mov    -0x4(%rbp),%eax
  401392:	48 09 d0             	or     %rdx,%rax
  401395:	5d                   	pop    %rbp
  401396:	c3                   	retq   

0000000000401397 <chase(unsigned long, unsigned long)>:
  401397:	55                   	push   %rbp
  401398:	48 89 e5             	mov    %rsp,%rbp
  40139b:	48 89 7d f8          	mov    %rdi,-0x8(%rbp)
  40139f:	48 89 75 f0          	mov    %rsi,-0x10(%rbp)
  4013a3:	48 8b 55 f8          	mov    -0x8(%rbp),%rdx
  4013a7:	48 8b 45 f0          	mov    -0x10(%rbp),%rax
  4013ab:	48 8b 12             	mov    (%rdx),%rdx
  4013ae:	48 ff c8             	dec    %rax
  4013b1:	75 f8                	jne    4013ab <chase(unsigned long, unsigned long)+0x14>
  4013b3:	48 89 55 f8          	mov    %rdx,-0x8(%rbp)
  4013b7:	48 89 45 f0          	mov    %rax,-0x10(%rbp)
  4013bb:	48 8b 45 f8          	mov    -0x8(%rbp),%rax
  4013bf:	5d                   	pop    %rbp
  4013c0:	c3                   	retq   

00000000004013c1 <main>:
  4013c1:	55                   	push   %rbp
  4013c2:	48 89 e5             	mov    %rsp,%rbp
  4013c5:	41 57                	push   %r15
  4013c7:	41 56                	push   %r14
  4013c9:	41 55                	push   %r13
  4013cb:	41 54                	push   %r12
  4013cd:	53                   	push   %rbx
  4013ce:	48 81 ec e8 1c 00 00 	sub    $0x1ce8,%rsp
  4013d5:	89 bd 0c e3 ff ff    	mov    %edi,-0x1cf4(%rbp)
  4013db:	48 89 b5 00 e3 ff ff 	mov    %rsi,-0x1d00(%rbp)
  4013e2:	83 bd 0c e3 ff ff 0b 	cmpl   $0xb,-0x1cf4(%rbp)
  4013e9:	74 29                	je     401414 <main+0x53>
  4013eb:	48 8b 05 0e 3d 00 00 	mov    0x3d0e(%rip),%rax        # 405100 <stderr@@GLIBC_2.2.5>
  4013f2:	48 89 c1             	mov    %rax,%rcx
  4013f5:	ba 58 00 00 00       	mov    $0x58,%edx
  4013fa:	be 01 00 00 00       	mov    $0x1,%esi
  4013ff:	bf 28 30 40 00       	mov    $0x403028,%edi
  401404:	e8 b7 fd ff ff       	callq  4011c0 <fwrite@plt>
  401409:	41 bc 02 00 00 00    	mov    $0x2,%r12d
  40140f:	e9 e8 0a 00 00       	jmpq   401efc <main+0xb3b>
  401414:	48 8b 85 00 e3 ff ff 	mov    -0x1d00(%rbp),%rax
  40141b:	48 83 c0 08          	add    $0x8,%rax
  40141f:	48 8b 00             	mov    (%rax),%rax
  401422:	48 89 c7             	mov    %rax,%rdi
  401425:	e8 be fe ff ff       	callq  4012e8 <number(char const*)>
  40142a:	48 89 45 98          	mov    %rax,-0x68(%rbp)
  40142e:	48 8b 85 00 e3 ff ff 	mov    -0x1d00(%rbp),%rax
  401435:	48 83 c0 10          	add    $0x10,%rax
  401439:	48 8b 00             	mov    (%rax),%rax
  40143c:	48 89 c7             	mov    %rax,%rdi
  40143f:	e8 a4 fe ff ff       	callq  4012e8 <number(char const*)>
  401444:	48 89 45 90          	mov    %rax,-0x70(%rbp)
  401448:	48 8b 85 00 e3 ff ff 	mov    -0x1d00(%rbp),%rax
  40144f:	48 83 c0 18          	add    $0x18,%rax
  401453:	48 8b 00             	mov    (%rax),%rax
  401456:	48 89 c7             	mov    %rax,%rdi
  401459:	e8 8a fe ff ff       	callq  4012e8 <number(char const*)>
  40145e:	48 89 45 88          	mov    %rax,-0x78(%rbp)
  401462:	48 8b 85 00 e3 ff ff 	mov    -0x1d00(%rbp),%rax
  401469:	48 83 c0 20          	add    $0x20,%rax
  40146d:	48 8b 00             	mov    (%rax),%rax
  401470:	48 89 c7             	mov    %rax,%rdi
  401473:	e8 70 fe ff ff       	callq  4012e8 <number(char const*)>
  401478:	48 89 45 80          	mov    %rax,-0x80(%rbp)
  40147c:	48 8b 85 00 e3 ff ff 	mov    -0x1d00(%rbp),%rax
  401483:	48 83 c0 28          	add    $0x28,%rax
  401487:	48 8b 00             	mov    (%rax),%rax
  40148a:	48 89 c7             	mov    %rax,%rdi
  40148d:	e8 56 fe ff ff       	callq  4012e8 <number(char const*)>
  401492:	48 89 85 78 ff ff ff 	mov    %rax,-0x88(%rbp)
  401499:	48 8b 85 00 e3 ff ff 	mov    -0x1d00(%rbp),%rax
  4014a0:	48 83 c0 30          	add    $0x30,%rax
  4014a4:	48 8b 00             	mov    (%rax),%rax
  4014a7:	48 89 c7             	mov    %rax,%rdi
  4014aa:	e8 39 fe ff ff       	callq  4012e8 <number(char const*)>
  4014af:	48 89 85 70 ff ff ff 	mov    %rax,-0x90(%rbp)
  4014b6:	48 8b 85 00 e3 ff ff 	mov    -0x1d00(%rbp),%rax
  4014bd:	48 83 c0 38          	add    $0x38,%rax
  4014c1:	48 8b 00             	mov    (%rax),%rax
  4014c4:	48 89 c7             	mov    %rax,%rdi
  4014c7:	e8 1c fe ff ff       	callq  4012e8 <number(char const*)>
  4014cc:	48 89 85 68 ff ff ff 	mov    %rax,-0x98(%rbp)
  4014d3:	48 8b 85 00 e3 ff ff 	mov    -0x1d00(%rbp),%rax
  4014da:	48 83 c0 40          	add    $0x40,%rax
  4014de:	48 8b 00             	mov    (%rax),%rax
  4014e1:	48 89 c7             	mov    %rax,%rdi
  4014e4:	e8 ff fd ff ff       	callq  4012e8 <number(char const*)>
  4014e9:	48 89 85 60 ff ff ff 	mov    %rax,-0xa0(%rbp)
  4014f0:	48 8b 85 00 e3 ff ff 	mov    -0x1d00(%rbp),%rax
  4014f7:	48 83 c0 50          	add    $0x50,%rax
  4014fb:	48 8b 00             	mov    (%rax),%rax
  4014fe:	48 89 c7             	mov    %rax,%rdi
  401501:	e8 e2 fd ff ff       	callq  4012e8 <number(char const*)>
  401506:	48 89 85 58 ff ff ff 	mov    %rax,-0xa8(%rbp)
  40150d:	48 81 7d 98 ff 03 00 	cmpq   $0x3ff,-0x68(%rbp)
  401514:	00 
  401515:	0f 87 90 00 00 00    	ja     4015ab <main+0x1ea>
  40151b:	48 83 7d 88 07       	cmpq   $0x7,-0x78(%rbp)
  401520:	0f 86 85 00 00 00    	jbe    4015ab <main+0x1ea>
  401526:	48 8b 45 88          	mov    -0x78(%rbp),%rax
  40152a:	83 e0 07             	and    $0x7,%eax
  40152d:	48 85 c0             	test   %rax,%rax
  401530:	75 79                	jne    4015ab <main+0x1ea>
  401532:	48 8b 45 90          	mov    -0x70(%rbp),%rax
  401536:	ba 00 00 00 00       	mov    $0x0,%edx
  40153b:	48 f7 75 88          	divq   -0x78(%rbp)
  40153f:	48 89 d0             	mov    %rdx,%rax
  401542:	48 85 c0             	test   %rax,%rax
  401545:	75 64                	jne    4015ab <main+0x1ea>
  401547:	48 8b 45 90          	mov    -0x70(%rbp),%rax
  40154b:	ba 00 00 00 00       	mov    $0x0,%edx
  401550:	48 f7 75 88          	divq   -0x78(%rbp)
  401554:	48 83 f8 01          	cmp    $0x1,%rax
  401558:	76 51                	jbe    4015ab <main+0x1ea>
  40155a:	48 83 7d 80 00       	cmpq   $0x0,-0x80(%rbp)
  40155f:	74 4a                	je     4015ab <main+0x1ea>
  401561:	48 83 bd 78 ff ff ff 	cmpq   $0x0,-0x88(%rbp)
  401568:	00 
  401569:	74 40                	je     4015ab <main+0x1ea>
  40156b:	48 81 7d 80 00 e1 f5 	cmpq   $0x5f5e100,-0x80(%rbp)
  401572:	05 
  401573:	77 36                	ja     4015ab <main+0x1ea>
  401575:	48 81 bd 78 ff ff ff 	cmpq   $0xf4240,-0x88(%rbp)
  40157c:	40 42 0f 00 
  401580:	77 29                	ja     4015ab <main+0x1ea>
  401582:	b9 00 00 00 00       	mov    $0x0,%ecx
  401587:	48 8b 45 80          	mov    -0x80(%rbp),%rax
  40158b:	48 f7 a5 78 ff ff ff 	mulq   -0x88(%rbp)
  401592:	71 05                	jno    401599 <main+0x1d8>
  401594:	b9 01 00 00 00       	mov    $0x1,%ecx
  401599:	48 89 c8             	mov    %rcx,%rax
  40159c:	48 85 c0             	test   %rax,%rax
  40159f:	75 0a                	jne    4015ab <main+0x1ea>
  4015a1:	48 83 bd 58 ff ff ff 	cmpq   $0x1,-0xa8(%rbp)
  4015a8:	01 
  4015a9:	76 29                	jbe    4015d4 <main+0x213>
  4015ab:	48 8b 05 4e 3b 00 00 	mov    0x3b4e(%rip),%rax        # 405100 <stderr@@GLIBC_2.2.5>
  4015b2:	48 89 c1             	mov    %rax,%rcx
  4015b5:	ba 13 00 00 00       	mov    $0x13,%edx
  4015ba:	be 01 00 00 00       	mov    $0x1,%esi
  4015bf:	bf 81 30 40 00       	mov    $0x403081,%edi
  4015c4:	e8 f7 fb ff ff       	callq  4011c0 <fwrite@plt>
  4015c9:	41 bc 02 00 00 00    	mov    $0x2,%r12d
  4015cf:	e9 28 09 00 00       	jmpq   401efc <main+0xb3b>
  4015d4:	48 8d 85 60 fe ff ff 	lea    -0x1a0(%rbp),%rax
  4015db:	48 89 c6             	mov    %rax,%rsi
  4015de:	b8 00 00 00 00       	mov    $0x0,%eax
  4015e3:	ba 10 00 00 00       	mov    $0x10,%edx
  4015e8:	48 89 f7             	mov    %rsi,%rdi
  4015eb:	48 89 d1             	mov    %rdx,%rcx
  4015ee:	f3 48 ab             	rep stos %rax,%es:(%rdi)
  4015f1:	48 8b 45 98          	mov    -0x68(%rbp),%rax
  4015f5:	48 89 85 50 ff ff ff 	mov    %rax,-0xb0(%rbp)
  4015fc:	48 81 bd 50 ff ff ff 	cmpq   $0x3ff,-0xb0(%rbp)
  401603:	ff 03 00 00 
  401607:	77 4f                	ja     401658 <main+0x297>
  401609:	48 8b 85 50 ff ff ff 	mov    -0xb0(%rbp),%rax
  401610:	48 c1 e8 06          	shr    $0x6,%rax
  401614:	48 8d 14 c5 00 00 00 	lea    0x0(,%rax,8),%rdx
  40161b:	00 
  40161c:	48 8d 8d 60 fe ff ff 	lea    -0x1a0(%rbp),%rcx
  401623:	48 01 ca             	add    %rcx,%rdx
  401626:	48 8b 32             	mov    (%rdx),%rsi
  401629:	48 8b 95 50 ff ff ff 	mov    -0xb0(%rbp),%rdx
  401630:	83 e2 3f             	and    $0x3f,%edx
  401633:	bf 01 00 00 00       	mov    $0x1,%edi
  401638:	89 d1                	mov    %edx,%ecx
  40163a:	48 d3 e7             	shl    %cl,%rdi
  40163d:	48 89 fa             	mov    %rdi,%rdx
  401640:	48 8d 0c c5 00 00 00 	lea    0x0(,%rax,8),%rcx
  401647:	00 
  401648:	48 8d 85 60 fe ff ff 	lea    -0x1a0(%rbp),%rax
  40164f:	48 01 c8             	add    %rcx,%rax
  401652:	48 09 f2             	or     %rsi,%rdx
  401655:	48 89 10             	mov    %rdx,(%rax)
  401658:	48 8d 85 60 fe ff ff 	lea    -0x1a0(%rbp),%rax
  40165f:	48 89 c2             	mov    %rax,%rdx
  401662:	be 80 00 00 00       	mov    $0x80,%esi
  401667:	bf 00 00 00 00       	mov    $0x0,%edi
  40166c:	e8 3f fa ff ff       	callq  4010b0 <sched_setaffinity@plt>
  401671:	85 c0                	test   %eax,%eax
  401673:	0f 95 c0             	setne  %al
  401676:	84 c0                	test   %al,%al
  401678:	74 0a                	je     401684 <main+0x2c3>
  40167a:	bf 95 30 40 00       	mov    $0x403095,%edi
  40167f:	e8 42 fc ff ff       	callq  4012c6 <die(char const*)>
  401684:	48 8b 45 90          	mov    -0x70(%rbp),%rax
  401688:	41 b9 00 00 00 00    	mov    $0x0,%r9d
  40168e:	41 b8 ff ff ff ff    	mov    $0xffffffff,%r8d
  401694:	b9 22 00 00 00       	mov    $0x22,%ecx
  401699:	ba 03 00 00 00       	mov    $0x3,%edx
  40169e:	48 89 c6             	mov    %rax,%rsi
  4016a1:	bf 00 00 00 00       	mov    $0x0,%edi
  4016a6:	e8 05 fb ff ff       	callq  4011b0 <mmap@plt>
  4016ab:	48 89 85 48 ff ff ff 	mov    %rax,-0xb8(%rbp)
  4016b2:	48 83 bd 48 ff ff ff 	cmpq   $0xffffffffffffffff,-0xb8(%rbp)
  4016b9:	ff 
  4016ba:	75 0a                	jne    4016c6 <main+0x305>
  4016bc:	bf 9e 30 40 00       	mov    $0x40309e,%edi
  4016c1:	e8 00 fc ff ff       	callq  4012c6 <die(char const*)>
  4016c6:	48 8b 4d 90          	mov    -0x70(%rbp),%rcx
  4016ca:	48 8b 85 48 ff ff ff 	mov    -0xb8(%rbp),%rax
  4016d1:	ba 0f 00 00 00       	mov    $0xf,%edx
  4016d6:	48 89 ce             	mov    %rcx,%rsi
  4016d9:	48 89 c7             	mov    %rax,%rdi
  4016dc:	e8 2f fa ff ff       	callq  401110 <madvise@plt>
  4016e1:	85 c0                	test   %eax,%eax
  4016e3:	0f 95 c0             	setne  %al
  4016e6:	84 c0                	test   %al,%al
  4016e8:	74 0a                	je     4016f4 <main+0x333>
  4016ea:	bf a3 30 40 00       	mov    $0x4030a3,%edi
  4016ef:	e8 d2 fb ff ff       	callq  4012c6 <die(char const*)>
  4016f4:	48 8b 55 90          	mov    -0x70(%rbp),%rdx
  4016f8:	48 8b 85 48 ff ff ff 	mov    -0xb8(%rbp),%rax
  4016ff:	be 00 00 00 00       	mov    $0x0,%esi
  401704:	48 89 c7             	mov    %rax,%rdi
  401707:	e8 64 f9 ff ff       	callq  401070 <memset@plt>
  40170c:	48 8b 45 90          	mov    -0x70(%rbp),%rax
  401710:	ba 00 00 00 00       	mov    $0x0,%edx
  401715:	48 f7 75 88          	divq   -0x78(%rbp)
  401719:	48 89 85 40 ff ff ff 	mov    %rax,-0xc0(%rbp)
  401720:	48 8d 85 e6 fe ff ff 	lea    -0x11a(%rbp),%rax
  401727:	48 89 c7             	mov    %rax,%rdi
  40172a:	e8 75 08 00 00       	callq  401fa4 <std::allocator<unsigned long>::allocator()>
  40172f:	48 8d 95 e6 fe ff ff 	lea    -0x11a(%rbp),%rdx
  401736:	48 8b 8d 40 ff ff ff 	mov    -0xc0(%rbp),%rcx
  40173d:	48 8d 85 e0 ec ff ff 	lea    -0x1320(%rbp),%rax
  401744:	48 89 ce             	mov    %rcx,%rsi
  401747:	48 89 c7             	mov    %rax,%rdi
  40174a:	e8 8d 08 00 00       	callq  401fdc <std::vector<unsigned long, std::allocator<unsigned long> >::vector(unsigned long, std::allocator<unsigned long> const&)>
  40174f:	48 8d 85 e6 fe ff ff 	lea    -0x11a(%rbp),%rax
  401756:	48 89 c7             	mov    %rax,%rdi
  401759:	e8 62 08 00 00       	callq  401fc0 <std::allocator<unsigned long>::~allocator()>
  40175e:	48 c7 45 c8 00 00 00 	movq   $0x0,-0x38(%rbp)
  401765:	00 
  401766:	eb 22                	jmp    40178a <main+0x3c9>
  401768:	48 8b 55 c8          	mov    -0x38(%rbp),%rdx
  40176c:	48 8d 85 e0 ec ff ff 	lea    -0x1320(%rbp),%rax
  401773:	48 89 d6             	mov    %rdx,%rsi
  401776:	48 89 c7             	mov    %rax,%rdi
  401779:	e8 18 09 00 00       	callq  402096 <std::vector<unsigned long, std::allocator<unsigned long> >::operator[](unsigned long)>
  40177e:	48 8b 55 c8          	mov    -0x38(%rbp),%rdx
  401782:	48 89 10             	mov    %rdx,(%rax)
  401785:	48 83 45 c8 01       	addq   $0x1,-0x38(%rbp)
  40178a:	48 8b 45 c8          	mov    -0x38(%rbp),%rax
  40178e:	48 3b 85 40 ff ff ff 	cmp    -0xc0(%rbp),%rax
  401795:	72 d1                	jb     401768 <main+0x3a7>
  401797:	48 8b 95 70 ff ff ff 	mov    -0x90(%rbp),%rdx
  40179e:	48 8d 85 10 e3 ff ff 	lea    -0x1cf0(%rbp),%rax
  4017a5:	48 89 d6             	mov    %rdx,%rsi
  4017a8:	48 89 c7             	mov    %rax,%rdi
  4017ab:	e8 06 09 00 00       	callq  4020b6 <std::mersenne_twister_engine<unsigned long, 64ul, 312ul, 156ul, 31ul, 13043109905998158313ul, 29ul, 6148914691236517205ul, 17ul, 8202884508482404352ul, 37ul, 18444473444759240704ul, 43ul, 6364136223846793005ul>::mersenne_twister_engine(unsigned long)>
  4017b0:	48 8b 85 40 ff ff ff 	mov    -0xc0(%rbp),%rax
  4017b7:	48 83 e8 01          	sub    $0x1,%rax
  4017bb:	48 89 45 c0          	mov    %rax,-0x40(%rbp)
  4017bf:	e9 a0 00 00 00       	jmpq   401864 <main+0x4a3>
  4017c4:	48 8b 45 c0          	mov    -0x40(%rbp),%rax
  4017c8:	48 83 c0 01          	add    $0x1,%rax
  4017cc:	48 89 85 00 ff ff ff 	mov    %rax,-0x100(%rbp)
  4017d3:	48 8b 85 00 ff ff ff 	mov    -0x100(%rbp),%rax
  4017da:	48 f7 d8             	neg    %rax
  4017dd:	ba 00 00 00 00       	mov    $0x0,%edx
  4017e2:	48 f7 b5 00 ff ff ff 	divq   -0x100(%rbp)
  4017e9:	48 89 95 f8 fe ff ff 	mov    %rdx,-0x108(%rbp)
  4017f0:	48 8d 85 10 e3 ff ff 	lea    -0x1cf0(%rbp),%rax
  4017f7:	48 89 c7             	mov    %rax,%rdi
  4017fa:	e8 dd 08 00 00       	callq  4020dc <std::mersenne_twister_engine<unsigned long, 64ul, 312ul, 156ul, 31ul, 13043109905998158313ul, 29ul, 6148914691236517205ul, 17ul, 8202884508482404352ul, 37ul, 18444473444759240704ul, 43ul, 6364136223846793005ul>::operator()()>
  4017ff:	48 89 85 f0 fe ff ff 	mov    %rax,-0x110(%rbp)
  401806:	48 8b 85 f0 fe ff ff 	mov    -0x110(%rbp),%rax
  40180d:	48 3b 85 f8 fe ff ff 	cmp    -0x108(%rbp),%rax
  401814:	72 da                	jb     4017f0 <main+0x42f>
  401816:	48 8b 85 f0 fe ff ff 	mov    -0x110(%rbp),%rax
  40181d:	ba 00 00 00 00       	mov    $0x0,%edx
  401822:	48 f7 b5 00 ff ff ff 	divq   -0x100(%rbp)
  401829:	48 8d 85 e0 ec ff ff 	lea    -0x1320(%rbp),%rax
  401830:	48 89 d6             	mov    %rdx,%rsi
  401833:	48 89 c7             	mov    %rax,%rdi
  401836:	e8 5b 08 00 00       	callq  402096 <std::vector<unsigned long, std::allocator<unsigned long> >::operator[](unsigned long)>
  40183b:	48 89 c3             	mov    %rax,%rbx
  40183e:	48 8b 55 c0          	mov    -0x40(%rbp),%rdx
  401842:	48 8d 85 e0 ec ff ff 	lea    -0x1320(%rbp),%rax
  401849:	48 89 d6             	mov    %rdx,%rsi
  40184c:	48 89 c7             	mov    %rax,%rdi
  40184f:	e8 42 08 00 00       	callq  402096 <std::vector<unsigned long, std::allocator<unsigned long> >::operator[](unsigned long)>
  401854:	48 89 de             	mov    %rbx,%rsi
  401857:	48 89 c7             	mov    %rax,%rdi
  40185a:	e8 42 09 00 00       	callq  4021a1 <std::enable_if<std::__and_<std::__not_<std::__is_tuple_like<unsigned long> >, std::is_move_constructible<unsigned long>, std::is_move_assignable<unsigned long> >::value, void>::type std::swap<unsigned long>(unsigned long&, unsigned long&)>
  40185f:	48 83 6d c0 01       	subq   $0x1,-0x40(%rbp)
  401864:	48 83 7d c0 00       	cmpq   $0x0,-0x40(%rbp)
  401869:	0f 85 55 ff ff ff    	jne    4017c4 <main+0x403>
  40186f:	48 c7 45 b8 00 00 00 	movq   $0x0,-0x48(%rbp)
  401876:	00 
  401877:	eb 72                	jmp    4018eb <main+0x52a>
  401879:	48 8b 45 b8          	mov    -0x48(%rbp),%rax
  40187d:	48 83 c0 01          	add    $0x1,%rax
  401881:	ba 00 00 00 00       	mov    $0x0,%edx
  401886:	48 f7 b5 40 ff ff ff 	divq   -0xc0(%rbp)
  40188d:	48 8d 85 e0 ec ff ff 	lea    -0x1320(%rbp),%rax
  401894:	48 89 d6             	mov    %rdx,%rsi
  401897:	48 89 c7             	mov    %rax,%rdi
  40189a:	e8 f7 07 00 00       	callq  402096 <std::vector<unsigned long, std::allocator<unsigned long> >::operator[](unsigned long)>
  40189f:	48 8b 00             	mov    (%rax),%rax
  4018a2:	48 0f af 45 88       	imul   -0x78(%rbp),%rax
  4018a7:	48 89 c2             	mov    %rax,%rdx
  4018aa:	48 8b 85 48 ff ff ff 	mov    -0xb8(%rbp),%rax
  4018b1:	48 8d 1c 02          	lea    (%rdx,%rax,1),%rbx
  4018b5:	48 8b 55 b8          	mov    -0x48(%rbp),%rdx
  4018b9:	48 8d 85 e0 ec ff ff 	lea    -0x1320(%rbp),%rax
  4018c0:	48 89 d6             	mov    %rdx,%rsi
  4018c3:	48 89 c7             	mov    %rax,%rdi
  4018c6:	e8 cb 07 00 00       	callq  402096 <std::vector<unsigned long, std::allocator<unsigned long> >::operator[](unsigned long)>
  4018cb:	48 8b 00             	mov    (%rax),%rax
  4018ce:	48 0f af 45 88       	imul   -0x78(%rbp),%rax
  4018d3:	48 89 c2             	mov    %rax,%rdx
  4018d6:	48 8b 85 48 ff ff ff 	mov    -0xb8(%rbp),%rax
  4018dd:	48 01 d0             	add    %rdx,%rax
  4018e0:	48 89 da             	mov    %rbx,%rdx
  4018e3:	48 89 10             	mov    %rdx,(%rax)
  4018e6:	48 83 45 b8 01       	addq   $0x1,-0x48(%rbp)
  4018eb:	48 8b 45 b8          	mov    -0x48(%rbp),%rax
  4018ef:	48 3b 85 40 ff ff ff 	cmp    -0xc0(%rbp),%rax
  4018f6:	72 81                	jb     401879 <main+0x4b8>
  4018f8:	48 8d 85 e0 ec ff ff 	lea    -0x1320(%rbp),%rax
  4018ff:	48 89 c7             	mov    %rax,%rdi
  401902:	e8 4b 07 00 00       	callq  402052 <std::vector<unsigned long, std::allocator<unsigned long> >::~vector()>
  401907:	48 8d 85 e7 fe ff ff 	lea    -0x119(%rbp),%rax
  40190e:	48 89 c7             	mov    %rax,%rdi
  401911:	e8 8e 06 00 00       	callq  401fa4 <std::allocator<unsigned long>::allocator()>
  401916:	48 c7 85 e8 fe ff ff 	movq   $0x0,-0x118(%rbp)
  40191d:	00 00 00 00 
  401921:	48 83 bd 58 ff ff ff 	cmpq   $0x0,-0xa8(%rbp)
  401928:	00 
  401929:	74 06                	je     401931 <main+0x570>
  40192b:	48 8b 45 80          	mov    -0x80(%rbp),%rax
  40192f:	eb 05                	jmp    401936 <main+0x575>
  401931:	b8 00 00 00 00       	mov    $0x0,%eax
  401936:	48 8d 8d e7 fe ff ff 	lea    -0x119(%rbp),%rcx
  40193d:	48 8d 95 e8 fe ff ff 	lea    -0x118(%rbp),%rdx
  401944:	48 8d bd 40 fe ff ff 	lea    -0x1c0(%rbp),%rdi
  40194b:	48 89 c6             	mov    %rax,%rsi
  40194e:	e8 a1 08 00 00       	callq  4021f4 <std::vector<unsigned long, std::allocator<unsigned long> >::vector(unsigned long, unsigned long const&, std::allocator<unsigned long> const&)>
  401953:	48 8d 85 e7 fe ff ff 	lea    -0x119(%rbp),%rax
  40195a:	48 89 c7             	mov    %rax,%rdi
  40195d:	e8 5e 06 00 00       	callq  401fc0 <std::allocator<unsigned long>::~allocator()>
  401962:	48 8b 85 48 ff ff ff 	mov    -0xb8(%rbp),%rax
  401969:	48 89 45 b0          	mov    %rax,-0x50(%rbp)
  40196d:	48 8b 85 40 ff ff ff 	mov    -0xc0(%rbp),%rax
  401974:	48 8d 14 00          	lea    (%rax,%rax,1),%rdx
  401978:	48 8b 45 b0          	mov    -0x50(%rbp),%rax
  40197c:	48 89 d6             	mov    %rdx,%rsi
  40197f:	48 89 c7             	mov    %rax,%rdi
  401982:	e8 10 fa ff ff       	callq  401397 <chase(unsigned long, unsigned long)>
  401987:	48 89 45 b0          	mov    %rax,-0x50(%rbp)
  40198b:	c7 45 ac ff ff ff ff 	movl   $0xffffffff,-0x54(%rbp)
  401992:	48 83 bd 58 ff ff ff 	cmpq   $0x0,-0xa8(%rbp)
  401999:	00 
  40199a:	0f 85 d9 00 00 00    	jne    401a79 <main+0x6b8>
  4019a0:	48 8d 95 10 e3 ff ff 	lea    -0x1cf0(%rbp),%rdx
  4019a7:	b8 00 00 00 00       	mov    $0x0,%eax
  4019ac:	b9 11 00 00 00       	mov    $0x11,%ecx
  4019b1:	48 89 d7             	mov    %rdx,%rdi
  4019b4:	f3 48 ab             	rep stos %rax,%es:(%rdi)
  4019b7:	c7 85 14 e3 ff ff 88 	movl   $0x88,-0x1cec(%rbp)
  4019be:	00 00 00 
  4019c1:	48 8b 85 68 ff ff ff 	mov    -0x98(%rbp),%rax
  4019c8:	89 85 10 e3 ff ff    	mov    %eax,-0x1cf0(%rbp)
  4019ce:	48 8b 85 60 ff ff ff 	mov    -0xa0(%rbp),%rax
  4019d5:	48 89 85 18 e3 ff ff 	mov    %rax,-0x1ce8(%rbp)
  4019dc:	0f b6 85 38 e3 ff ff 	movzbl -0x1cc8(%rbp),%eax
  4019e3:	83 c8 01             	or     $0x1,%eax
  4019e6:	88 85 38 e3 ff ff    	mov    %al,-0x1cc8(%rbp)
  4019ec:	0f b6 85 38 e3 ff ff 	movzbl -0x1cc8(%rbp),%eax
  4019f3:	83 c8 04             	or     $0x4,%eax
  4019f6:	88 85 38 e3 ff ff    	mov    %al,-0x1cc8(%rbp)
  4019fc:	0f b6 85 38 e3 ff ff 	movzbl -0x1cc8(%rbp),%eax
  401a03:	83 c8 20             	or     $0x20,%eax
  401a06:	88 85 38 e3 ff ff    	mov    %al,-0x1cc8(%rbp)
  401a0c:	0f b6 85 38 e3 ff ff 	movzbl -0x1cc8(%rbp),%eax
  401a13:	83 c8 40             	or     $0x40,%eax
  401a16:	88 85 38 e3 ff ff    	mov    %al,-0x1cc8(%rbp)
  401a1c:	0f b6 85 3a e3 ff ff 	movzbl -0x1cc6(%rbp),%eax
  401a23:	83 c8 10             	or     $0x10,%eax
  401a26:	88 85 3a e3 ff ff    	mov    %al,-0x1cc6(%rbp)
  401a2c:	48 c7 85 30 e3 ff ff 	movq   $0x3,-0x1cd0(%rbp)
  401a33:	03 00 00 00 
  401a37:	48 8d 85 10 e3 ff ff 	lea    -0x1cf0(%rbp),%rax
  401a3e:	41 b9 08 00 00 00    	mov    $0x8,%r9d
  401a44:	41 b8 ff ff ff ff    	mov    $0xffffffff,%r8d
  401a4a:	b9 ff ff ff ff       	mov    $0xffffffff,%ecx
  401a4f:	ba 00 00 00 00       	mov    $0x0,%edx
  401a54:	48 89 c6             	mov    %rax,%rsi
  401a57:	bf 2a 01 00 00       	mov    $0x12a,%edi
  401a5c:	b8 00 00 00 00       	mov    $0x0,%eax
  401a61:	e8 da f5 ff ff       	callq  401040 <syscall@plt>
  401a66:	89 45 ac             	mov    %eax,-0x54(%rbp)
  401a69:	83 7d ac 00          	cmpl   $0x0,-0x54(%rbp)
  401a6d:	79 0a                	jns    401a79 <main+0x6b8>
  401a6f:	bf b3 30 40 00       	mov    $0x4030b3,%edi
  401a74:	e8 4d f8 ff ff       	callq  4012c6 <die(char const*)>
  401a79:	48 8d 85 b0 fd ff ff 	lea    -0x250(%rbp),%rax
  401a80:	48 89 c6             	mov    %rax,%rsi
  401a83:	bf 00 00 00 00       	mov    $0x0,%edi
  401a88:	e8 f3 f5 ff ff       	callq  401080 <getrusage@plt>
  401a8d:	e8 e1 f8 ff ff       	callq  401373 <tick()>
  401a92:	48 89 85 38 ff ff ff 	mov    %rax,-0xc8(%rbp)
  401a99:	83 7d ac 00          	cmpl   $0x0,-0x54(%rbp)
  401a9d:	78 24                	js     401ac3 <main+0x702>
  401a9f:	8b 45 ac             	mov    -0x54(%rbp),%eax
  401aa2:	ba 00 00 00 00       	mov    $0x0,%edx
  401aa7:	be 00 24 00 00       	mov    $0x2400,%esi
  401aac:	89 c7                	mov    %eax,%edi
  401aae:	b8 00 00 00 00       	mov    $0x0,%eax
  401ab3:	e8 98 f6 ff ff       	callq  401150 <ioctl@plt>
  401ab8:	85 c0                	test   %eax,%eax
  401aba:	74 07                	je     401ac3 <main+0x702>
  401abc:	b8 01 00 00 00       	mov    $0x1,%eax
  401ac1:	eb 05                	jmp    401ac8 <main+0x707>
  401ac3:	b8 00 00 00 00       	mov    $0x0,%eax
  401ac8:	84 c0                	test   %al,%al
  401aca:	74 0a                	je     401ad6 <main+0x715>
  401acc:	bf c3 30 40 00       	mov    $0x4030c3,%edi
  401ad1:	e8 f0 f7 ff ff       	callq  4012c6 <die(char const*)>
  401ad6:	48 83 bd 58 ff ff ff 	cmpq   $0x0,-0xa8(%rbp)
  401add:	00 
  401ade:	74 6c                	je     401b4c <main+0x78b>
  401ae0:	48 c7 45 a0 00 00 00 	movq   $0x0,-0x60(%rbp)
  401ae7:	00 
  401ae8:	eb 56                	jmp    401b40 <main+0x77f>
  401aea:	e8 84 f8 ff ff       	callq  401373 <tick()>
  401aef:	48 89 85 30 ff ff ff 	mov    %rax,-0xd0(%rbp)
  401af6:	48 8b 95 78 ff ff ff 	mov    -0x88(%rbp),%rdx
  401afd:	48 8b 45 b0          	mov    -0x50(%rbp),%rax
  401b01:	48 89 d6             	mov    %rdx,%rsi
  401b04:	48 89 c7             	mov    %rax,%rdi
  401b07:	e8 8b f8 ff ff       	callq  401397 <chase(unsigned long, unsigned long)>
  401b0c:	48 89 45 b0          	mov    %rax,-0x50(%rbp)
  401b10:	e8 5e f8 ff ff       	callq  401373 <tick()>
  401b15:	48 89 c3             	mov    %rax,%rbx
  401b18:	48 8b 55 a0          	mov    -0x60(%rbp),%rdx
  401b1c:	48 8d 85 40 fe ff ff 	lea    -0x1c0(%rbp),%rax
  401b23:	48 89 d6             	mov    %rdx,%rsi
  401b26:	48 89 c7             	mov    %rax,%rdi
  401b29:	e8 68 05 00 00       	callq  402096 <std::vector<unsigned long, std::allocator<unsigned long> >::operator[](unsigned long)>
  401b2e:	48 2b 9d 30 ff ff ff 	sub    -0xd0(%rbp),%rbx
  401b35:	48 89 da             	mov    %rbx,%rdx
  401b38:	48 89 10             	mov    %rdx,(%rax)
  401b3b:	48 83 45 a0 01       	addq   $0x1,-0x60(%rbp)
  401b40:	48 8b 45 a0          	mov    -0x60(%rbp),%rax
  401b44:	48 3b 45 80          	cmp    -0x80(%rbp),%rax
  401b48:	72 a0                	jb     401aea <main+0x729>
  401b4a:	eb 22                	jmp    401b6e <main+0x7ad>
  401b4c:	48 8b 45 80          	mov    -0x80(%rbp),%rax
  401b50:	48 0f af 85 78 ff ff 	imul   -0x88(%rbp),%rax
  401b57:	ff 
  401b58:	48 89 c2             	mov    %rax,%rdx
  401b5b:	48 8b 45 b0          	mov    -0x50(%rbp),%rax
  401b5f:	48 89 d6             	mov    %rdx,%rsi
  401b62:	48 89 c7             	mov    %rax,%rdi
  401b65:	e8 2d f8 ff ff       	callq  401397 <chase(unsigned long, unsigned long)>
  401b6a:	48 89 45 b0          	mov    %rax,-0x50(%rbp)
  401b6e:	83 7d ac 00          	cmpl   $0x0,-0x54(%rbp)
  401b72:	78 24                	js     401b98 <main+0x7d7>
  401b74:	8b 45 ac             	mov    -0x54(%rbp),%eax
  401b77:	ba 00 00 00 00       	mov    $0x0,%edx
  401b7c:	be 01 24 00 00       	mov    $0x2401,%esi
  401b81:	89 c7                	mov    %eax,%edi
  401b83:	b8 00 00 00 00       	mov    $0x0,%eax
  401b88:	e8 c3 f5 ff ff       	callq  401150 <ioctl@plt>
  401b8d:	85 c0                	test   %eax,%eax
  401b8f:	74 07                	je     401b98 <main+0x7d7>
  401b91:	b8 01 00 00 00       	mov    $0x1,%eax
  401b96:	eb 05                	jmp    401b9d <main+0x7dc>
  401b98:	b8 00 00 00 00       	mov    $0x0,%eax
  401b9d:	84 c0                	test   %al,%al
  401b9f:	74 0a                	je     401bab <main+0x7ea>
  401ba1:	bf ca 30 40 00       	mov    $0x4030ca,%edi
  401ba6:	e8 1b f7 ff ff       	callq  4012c6 <die(char const*)>
  401bab:	e8 c3 f7 ff ff       	callq  401373 <tick()>
  401bb0:	48 2b 85 38 ff ff ff 	sub    -0xc8(%rbp),%rax
  401bb7:	48 89 85 28 ff ff ff 	mov    %rax,-0xd8(%rbp)
  401bbe:	48 8d 85 20 fd ff ff 	lea    -0x2e0(%rbp),%rax
  401bc5:	48 89 c6             	mov    %rax,%rsi
  401bc8:	bf 00 00 00 00       	mov    $0x0,%edi
  401bcd:	e8 ae f4 ff ff       	callq  401080 <getrusage@plt>
  401bd2:	48 c7 85 00 fd ff ff 	movq   $0x0,-0x300(%rbp)
  401bd9:	00 00 00 00 
  401bdd:	48 c7 85 08 fd ff ff 	movq   $0x0,-0x2f8(%rbp)
  401be4:	00 00 00 00 
  401be8:	48 c7 85 10 fd ff ff 	movq   $0x0,-0x2f0(%rbp)
  401bef:	00 00 00 00 
  401bf3:	83 7d ac 00          	cmpl   $0x0,-0x54(%rbp)
  401bf7:	0f 88 8e 00 00 00    	js     401c8b <main+0x8ca>
  401bfd:	48 8d 8d 00 fd ff ff 	lea    -0x300(%rbp),%rcx
  401c04:	8b 45 ac             	mov    -0x54(%rbp),%eax
  401c07:	ba 18 00 00 00       	mov    $0x18,%edx
  401c0c:	48 89 ce             	mov    %rcx,%rsi
  401c0f:	89 c7                	mov    %eax,%edi
  401c11:	e8 5a f5 ff ff       	callq  401170 <read@plt>
  401c16:	48 83 f8 18          	cmp    $0x18,%rax
  401c1a:	0f 95 c0             	setne  %al
  401c1d:	84 c0                	test   %al,%al
  401c1f:	74 0a                	je     401c2b <main+0x86a>
  401c21:	bf d2 30 40 00       	mov    $0x4030d2,%edi
  401c26:	e8 9b f6 ff ff       	callq  4012c6 <die(char const*)>
  401c2b:	48 8b 85 08 fd ff ff 	mov    -0x2f8(%rbp),%rax
  401c32:	48 85 c0             	test   %rax,%rax
  401c35:	74 13                	je     401c4a <main+0x889>
  401c37:	48 8b 95 08 fd ff ff 	mov    -0x2f8(%rbp),%rdx
  401c3e:	48 8b 85 10 fd ff ff 	mov    -0x2f0(%rbp),%rax
  401c45:	48 39 c2             	cmp    %rax,%rdx
  401c48:	74 37                	je     401c81 <main+0x8c0>
  401c4a:	48 8b 8d 10 fd ff ff 	mov    -0x2f0(%rbp),%rcx
  401c51:	48 8b 95 08 fd ff ff 	mov    -0x2f8(%rbp),%rdx
  401c58:	48 8b 05 a1 34 00 00 	mov    0x34a1(%rip),%rax        # 405100 <stderr@@GLIBC_2.2.5>
  401c5f:	be e0 30 40 00       	mov    $0x4030e0,%esi
  401c64:	48 89 c7             	mov    %rax,%rdi
  401c67:	b8 00 00 00 00       	mov    $0x0,%eax
  401c6c:	e8 ef f4 ff ff       	callq  401160 <fprintf@plt>
  401c71:	41 bc 03 00 00 00    	mov    $0x3,%r12d
  401c77:	bb 00 00 00 00       	mov    $0x0,%ebx
  401c7c:	e9 61 02 00 00       	jmpq   401ee2 <main+0xb21>
  401c81:	8b 45 ac             	mov    -0x54(%rbp),%eax
  401c84:	89 c7                	mov    %eax,%edi
  401c86:	e8 45 f5 ff ff       	callq  4011d0 <close@plt>
  401c8b:	48 83 bd 58 ff ff ff 	cmpq   $0x0,-0xa8(%rbp)
  401c92:	00 
  401c93:	0f 84 b4 00 00 00    	je     401d4d <main+0x98c>
  401c99:	48 8b 85 00 e3 ff ff 	mov    -0x1d00(%rbp),%rax
  401ca0:	48 83 c0 48          	add    $0x48,%rax
  401ca4:	48 8b 10             	mov    (%rax),%rdx
  401ca7:	48 8d 85 00 ed ff ff 	lea    -0x1300(%rbp),%rax
  401cae:	48 89 d1             	mov    %rdx,%rcx
  401cb1:	ba 1a 31 40 00       	mov    $0x40311a,%edx
  401cb6:	be 00 10 00 00       	mov    $0x1000,%esi
  401cbb:	48 89 c7             	mov    %rax,%rdi
  401cbe:	b8 00 00 00 00       	mov    $0x0,%eax
  401cc3:	e8 b8 f4 ff ff       	callq  401180 <snprintf@plt>
  401cc8:	48 8d 85 00 ed ff ff 	lea    -0x1300(%rbp),%rax
  401ccf:	be 27 31 40 00       	mov    $0x403127,%esi
  401cd4:	48 89 c7             	mov    %rax,%rdi
  401cd7:	e8 24 f4 ff ff       	callq  401100 <fopen@plt>
  401cdc:	48 89 85 20 ff ff ff 	mov    %rax,-0xe0(%rbp)
  401ce3:	48 83 bd 20 ff ff ff 	cmpq   $0x0,-0xe0(%rbp)
  401cea:	00 
  401ceb:	74 46                	je     401d33 <main+0x972>
  401ced:	48 8d 85 40 fe ff ff 	lea    -0x1c0(%rbp),%rax
  401cf4:	48 89 c7             	mov    %rax,%rdi
  401cf7:	e8 76 05 00 00       	callq  402272 <std::vector<unsigned long, std::allocator<unsigned long> >::data()>
  401cfc:	48 89 c7             	mov    %rax,%rdi
  401cff:	48 8b 95 20 ff ff ff 	mov    -0xe0(%rbp),%rdx
  401d06:	48 8b 45 80          	mov    -0x80(%rbp),%rax
  401d0a:	48 89 d1             	mov    %rdx,%rcx
  401d0d:	48 89 c2             	mov    %rax,%rdx
  401d10:	be 08 00 00 00       	mov    $0x8,%esi
  401d15:	e8 a6 f4 ff ff       	callq  4011c0 <fwrite@plt>
  401d1a:	48 39 45 80          	cmp    %rax,-0x80(%rbp)
  401d1e:	75 13                	jne    401d33 <main+0x972>
  401d20:	48 8b 85 20 ff ff ff 	mov    -0xe0(%rbp),%rax
  401d27:	48 89 c7             	mov    %rax,%rdi
  401d2a:	e8 b1 f3 ff ff       	callq  4010e0 <fclose@plt>
  401d2f:	85 c0                	test   %eax,%eax
  401d31:	74 07                	je     401d3a <main+0x979>
  401d33:	b8 01 00 00 00       	mov    $0x1,%eax
  401d38:	eb 05                	jmp    401d3f <main+0x97e>
  401d3a:	b8 00 00 00 00       	mov    $0x0,%eax
  401d3f:	84 c0                	test   %al,%al
  401d41:	74 0a                	je     401d4d <main+0x98c>
  401d43:	bf 2a 31 40 00       	mov    $0x40312a,%edi
  401d48:	e8 79 f5 ff ff       	callq  4012c6 <die(char const*)>
  401d4d:	48 c7 85 18 ff ff ff 	movq   $0x403139,-0xe8(%rbp)
  401d54:	39 31 40 00 
  401d58:	48 c7 85 10 ff ff ff 	movq   $0x0,-0xf0(%rbp)
  401d5f:	00 00 00 00 
  401d63:	48 8b 85 00 e3 ff ff 	mov    -0x1d00(%rbp),%rax
  401d6a:	48 83 c0 48          	add    $0x48,%rax
  401d6e:	48 8b 10             	mov    (%rax),%rdx
  401d71:	48 8d 85 00 ed ff ff 	lea    -0x1300(%rbp),%rax
  401d78:	48 89 d1             	mov    %rdx,%rcx
  401d7b:	ba 43 31 40 00       	mov    $0x403143,%edx
  401d80:	be 00 10 00 00       	mov    $0x1000,%esi
  401d85:	48 89 c7             	mov    %rax,%rdi
  401d88:	b8 00 00 00 00       	mov    $0x0,%eax
  401d8d:	e8 ee f3 ff ff       	callq  401180 <snprintf@plt>
  401d92:	48 8d 85 00 ed ff ff 	lea    -0x1300(%rbp),%rax
  401d99:	be 4b 31 40 00       	mov    $0x40314b,%esi
  401d9e:	48 89 c7             	mov    %rax,%rdi
  401da1:	e8 5a f3 ff ff       	callq  401100 <fopen@plt>
  401da6:	48 89 85 08 ff ff ff 	mov    %rax,-0xf8(%rbp)
  401dad:	48 83 bd 08 ff ff ff 	cmpq   $0x0,-0xf8(%rbp)
  401db4:	00 
  401db5:	75 0a                	jne    401dc1 <main+0xa00>
  401db7:	bf 4d 31 40 00       	mov    $0x40314d,%edi
  401dbc:	e8 05 f5 ff ff       	callq  4012c6 <die(char const*)>
  401dc1:	48 8b 95 48 ff ff ff 	mov    -0xb8(%rbp),%rdx
  401dc8:	48 8b 45 b0          	mov    -0x50(%rbp),%rax
  401dcc:	48 29 d0             	sub    %rdx,%rax
  401dcf:	49 89 c7             	mov    %rax,%r15
  401dd2:	48 8b 85 a8 fd ff ff 	mov    -0x258(%rbp),%rax
  401dd9:	48 8b 95 38 fe ff ff 	mov    -0x1c8(%rbp),%rdx
  401de0:	48 29 d0             	sub    %rdx,%rax
  401de3:	49 89 c6             	mov    %rax,%r14
  401de6:	48 8b 85 68 fd ff ff 	mov    -0x298(%rbp),%rax
  401ded:	48 8b 95 f8 fd ff ff 	mov    -0x208(%rbp),%rdx
  401df4:	48 29 d0             	sub    %rdx,%rax
  401df7:	49 89 c5             	mov    %rax,%r13
  401dfa:	48 8b 85 60 fd ff ff 	mov    -0x2a0(%rbp),%rax
  401e01:	48 8b 95 f0 fd ff ff 	mov    -0x210(%rbp),%rdx
  401e08:	48 29 d0             	sub    %rdx,%rax
  401e0b:	48 89 c3             	mov    %rax,%rbx
  401e0e:	e8 2d f3 ff ff       	callq  401140 <sched_getcpu@plt>
  401e13:	89 c6                	mov    %eax,%esi
  401e15:	4c 8b 95 10 fd ff ff 	mov    -0x2f0(%rbp),%r10
  401e1c:	4c 8b 8d 08 fd ff ff 	mov    -0x2f8(%rbp),%r9
  401e23:	4c 8b 85 00 fd ff ff 	mov    -0x300(%rbp),%r8
  401e2a:	48 8b 45 80          	mov    -0x80(%rbp),%rax
  401e2e:	48 0f af 85 78 ff ff 	imul   -0x88(%rbp),%rax
  401e35:	ff 
  401e36:	48 89 c7             	mov    %rax,%rdi
  401e39:	48 8b 85 78 ff ff ff 	mov    -0x88(%rbp),%rax
  401e40:	48 89 85 f8 e2 ff ff 	mov    %rax,-0x1d08(%rbp)
  401e47:	4c 8b 5d 80          	mov    -0x80(%rbp),%r11
  401e4b:	48 8b 4d 88          	mov    -0x78(%rbp),%rcx
  401e4f:	48 8b 55 90          	mov    -0x70(%rbp),%rdx
  401e53:	48 8b 85 08 ff ff ff 	mov    -0xf8(%rbp),%rax
  401e5a:	48 83 ec 08          	sub    $0x8,%rsp
  401e5e:	41 57                	push   %r15
  401e60:	41 56                	push   %r14
  401e62:	41 55                	push   %r13
  401e64:	53                   	push   %rbx
  401e65:	ff b5 28 ff ff ff    	pushq  -0xd8(%rbp)
  401e6b:	ff b5 10 ff ff ff    	pushq  -0xf0(%rbp)
  401e71:	ff b5 18 ff ff ff    	pushq  -0xe8(%rbp)
  401e77:	56                   	push   %rsi
  401e78:	41 52                	push   %r10
  401e7a:	41 51                	push   %r9
  401e7c:	41 50                	push   %r8
  401e7e:	57                   	push   %rdi
  401e7f:	ff b5 70 ff ff ff    	pushq  -0x90(%rbp)
  401e85:	4c 8b 8d f8 e2 ff ff 	mov    -0x1d08(%rbp),%r9
  401e8c:	4d 89 d8             	mov    %r11,%r8
  401e8f:	be 60 31 40 00       	mov    $0x403160,%esi
  401e94:	48 89 c7             	mov    %rax,%rdi
  401e97:	b8 00 00 00 00       	mov    $0x0,%eax
  401e9c:	e8 bf f2 ff ff       	callq  401160 <fprintf@plt>
  401ea1:	48 83 c4 70          	add    $0x70,%rsp
  401ea5:	48 8b 85 08 ff ff ff 	mov    -0xf8(%rbp),%rax
  401eac:	48 89 c7             	mov    %rax,%rdi
  401eaf:	e8 2c f2 ff ff       	callq  4010e0 <fclose@plt>
  401eb4:	85 c0                	test   %eax,%eax
  401eb6:	0f 95 c0             	setne  %al
  401eb9:	84 c0                	test   %al,%al
  401ebb:	74 0a                	je     401ec7 <main+0xb06>
  401ebd:	bf 7b 32 40 00       	mov    $0x40327b,%edi
  401ec2:	e8 ff f3 ff ff       	callq  4012c6 <die(char const*)>
  401ec7:	48 8b 55 90          	mov    -0x70(%rbp),%rdx
  401ecb:	48 8b 85 48 ff ff ff 	mov    -0xb8(%rbp),%rax
  401ed2:	48 89 d6             	mov    %rdx,%rsi
  401ed5:	48 89 c7             	mov    %rax,%rdi
  401ed8:	e8 b3 f1 ff ff       	callq  401090 <munmap@plt>
  401edd:	bb 01 00 00 00       	mov    $0x1,%ebx
  401ee2:	48 8d 85 40 fe ff ff 	lea    -0x1c0(%rbp),%rax
  401ee9:	48 89 c7             	mov    %rax,%rdi
  401eec:	e8 61 01 00 00       	callq  402052 <std::vector<unsigned long, std::allocator<unsigned long> >::~vector()>
  401ef1:	83 fb 01             	cmp    $0x1,%ebx
  401ef4:	75 06                	jne    401efc <main+0xb3b>
  401ef6:	41 bc 00 00 00 00    	mov    $0x0,%r12d
  401efc:	44 89 e0             	mov    %r12d,%eax
  401eff:	eb 74                	jmp    401f75 <main+0xbb4>
  401f01:	48 89 c3             	mov    %rax,%rbx
  401f04:	48 8d 85 e6 fe ff ff 	lea    -0x11a(%rbp),%rax
  401f0b:	48 89 c7             	mov    %rax,%rdi
  401f0e:	e8 ad 00 00 00       	callq  401fc0 <std::allocator<unsigned long>::~allocator()>
  401f13:	48 89 d8             	mov    %rbx,%rax
  401f16:	48 89 c7             	mov    %rax,%rdi
  401f19:	e8 82 f2 ff ff       	callq  4011a0 <_Unwind_Resume@plt>
  401f1e:	48 89 c3             	mov    %rax,%rbx
  401f21:	48 8d 85 e0 ec ff ff 	lea    -0x1320(%rbp),%rax
  401f28:	48 89 c7             	mov    %rax,%rdi
  401f2b:	e8 22 01 00 00       	callq  402052 <std::vector<unsigned long, std::allocator<unsigned long> >::~vector()>
  401f30:	48 89 d8             	mov    %rbx,%rax
  401f33:	48 89 c7             	mov    %rax,%rdi
  401f36:	e8 65 f2 ff ff       	callq  4011a0 <_Unwind_Resume@plt>
  401f3b:	48 89 c3             	mov    %rax,%rbx
  401f3e:	48 8d 85 e7 fe ff ff 	lea    -0x119(%rbp),%rax
  401f45:	48 89 c7             	mov    %rax,%rdi
  401f48:	e8 73 00 00 00       	callq  401fc0 <std::allocator<unsigned long>::~allocator()>
  401f4d:	48 89 d8             	mov    %rbx,%rax
  401f50:	48 89 c7             	mov    %rax,%rdi
  401f53:	e8 48 f2 ff ff       	callq  4011a0 <_Unwind_Resume@plt>
  401f58:	48 89 c3             	mov    %rax,%rbx
  401f5b:	48 8d 85 40 fe ff ff 	lea    -0x1c0(%rbp),%rax
  401f62:	48 89 c7             	mov    %rax,%rdi
  401f65:	e8 e8 00 00 00       	callq  402052 <std::vector<unsigned long, std::allocator<unsigned long> >::~vector()>
  401f6a:	48 89 d8             	mov    %rbx,%rax
  401f6d:	48 89 c7             	mov    %rax,%rdi
  401f70:	e8 2b f2 ff ff       	callq  4011a0 <_Unwind_Resume@plt>
  401f75:	48 8d 65 d8          	lea    -0x28(%rbp),%rsp
  401f79:	5b                   	pop    %rbx
  401f7a:	41 5c                	pop    %r12
  401f7c:	41 5d                	pop    %r13
  401f7e:	41 5e                	pop    %r14
  401f80:	41 5f                	pop    %r15
  401f82:	5d                   	pop    %rbp
  401f83:	c3                   	retq   

0000000000401f84 <std::__size_to_integer(unsigned long)>:
  401f84:	55                   	push   %rbp
  401f85:	48 89 e5             	mov    %rsp,%rbp
  401f88:	48 89 7d f8          	mov    %rdi,-0x8(%rbp)
  401f8c:	48 8b 45 f8          	mov    -0x8(%rbp),%rax
  401f90:	5d                   	pop    %rbp
  401f91:	c3                   	retq   

0000000000401f92 <operator new(unsigned long, void*)>:
  401f92:	55                   	push   %rbp
  401f93:	48 89 e5             	mov    %rsp,%rbp
  401f96:	48 89 7d f8          	mov    %rdi,-0x8(%rbp)
  401f9a:	48 89 75 f0          	mov    %rsi,-0x10(%rbp)
  401f9e:	48 8b 45 f0          	mov    -0x10(%rbp),%rax
  401fa2:	5d                   	pop    %rbp
  401fa3:	c3                   	retq   

0000000000401fa4 <std::allocator<unsigned long>::allocator()>:
  401fa4:	55                   	push   %rbp
  401fa5:	48 89 e5             	mov    %rsp,%rbp
  401fa8:	48 83 ec 10          	sub    $0x10,%rsp
  401fac:	48 89 7d f8          	mov    %rdi,-0x8(%rbp)
  401fb0:	48 8b 45 f8          	mov    -0x8(%rbp),%rax
  401fb4:	48 89 c7             	mov    %rax,%rdi
  401fb7:	e8 da 02 00 00       	callq  402296 <__gnu_cxx::new_allocator<unsigned long>::new_allocator()>
  401fbc:	90                   	nop
  401fbd:	c9                   	leaveq 
  401fbe:	c3                   	retq   
  401fbf:	90                   	nop

0000000000401fc0 <std::allocator<unsigned long>::~allocator()>:
  401fc0:	55                   	push   %rbp
  401fc1:	48 89 e5             	mov    %rsp,%rbp
  401fc4:	48 83 ec 10          	sub    $0x10,%rsp
  401fc8:	48 89 7d f8          	mov    %rdi,-0x8(%rbp)
  401fcc:	48 8b 45 f8          	mov    -0x8(%rbp),%rax
  401fd0:	48 89 c7             	mov    %rax,%rdi
  401fd3:	e8 ca 02 00 00       	callq  4022a2 <__gnu_cxx::new_allocator<unsigned long>::~new_allocator()>
  401fd8:	90                   	nop
  401fd9:	c9                   	leaveq 
  401fda:	c3                   	retq   
  401fdb:	90                   	nop

0000000000401fdc <std::vector<unsigned long, std::allocator<unsigned long> >::vector(unsigned long, std::allocator<unsigned long> const&)>:
  401fdc:	55                   	push   %rbp
  401fdd:	48 89 e5             	mov    %rsp,%rbp
  401fe0:	53                   	push   %rbx
  401fe1:	48 83 ec 28          	sub    $0x28,%rsp
  401fe5:	48 89 7d e8          	mov    %rdi,-0x18(%rbp)
  401fe9:	48 89 75 e0          	mov    %rsi,-0x20(%rbp)
  401fed:	48 89 55 d8          	mov    %rdx,-0x28(%rbp)
  401ff1:	48 8b 5d e8          	mov    -0x18(%rbp),%rbx
  401ff5:	48 8b 55 d8          	mov    -0x28(%rbp),%rdx
  401ff9:	48 8b 45 e0          	mov    -0x20(%rbp),%rax
  401ffd:	48 89 d6             	mov    %rdx,%rsi
  402000:	48 89 c7             	mov    %rax,%rdi
  402003:	e8 a5 02 00 00       	callq  4022ad <std::vector<unsigned long, std::allocator<unsigned long> >::_S_check_init_len(unsigned long, std::allocator<unsigned long> const&)>
  402008:	48 89 c1             	mov    %rax,%rcx
  40200b:	48 8b 45 d8          	mov    -0x28(%rbp),%rax
  40200f:	48 89 c2             	mov    %rax,%rdx
  402012:	48 89 ce             	mov    %rcx,%rsi
  402015:	48 89 df             	mov    %rbx,%rdi
  402018:	e8 07 03 00 00       	callq  402324 <std::_Vector_base<unsigned long, std::allocator<unsigned long> >::_Vector_base(unsigned long, std::allocator<unsigned long> const&)>
  40201d:	48 8b 55 e0          	mov    -0x20(%rbp),%rdx
  402021:	48 8b 45 e8          	mov    -0x18(%rbp),%rax
  402025:	48 89 d6             	mov    %rdx,%rsi
  402028:	48 89 c7             	mov    %rax,%rdi
  40202b:	e8 a0 03 00 00       	callq  4023d0 <std::vector<unsigned long, std::allocator<unsigned long> >::_M_default_initialize(unsigned long)>
  402030:	eb 1a                	jmp    40204c <std::vector<unsigned long, std::allocator<unsigned long> >::vector(unsigned long, std::allocator<unsigned long> const&)+0x70>
  402032:	48 89 c3             	mov    %rax,%rbx
  402035:	48 8b 45 e8          	mov    -0x18(%rbp),%rax
  402039:	48 89 c7             	mov    %rax,%rdi
  40203c:	e8 41 03 00 00       	callq  402382 <std::_Vector_base<unsigned long, std::allocator<unsigned long> >::~_Vector_base()>
  402041:	48 89 d8             	mov    %rbx,%rax
  402044:	48 89 c7             	mov    %rax,%rdi
  402047:	e8 54 f1 ff ff       	callq  4011a0 <_Unwind_Resume@plt>
  40204c:	48 8b 5d f8          	mov    -0x8(%rbp),%rbx
  402050:	c9                   	leaveq 
  402051:	c3                   	retq   

0000000000402052 <std::vector<unsigned long, std::allocator<unsigned long> >::~vector()>:
  402052:	55                   	push   %rbp
  402053:	48 89 e5             	mov    %rsp,%rbp
  402056:	48 83 ec 10          	sub    $0x10,%rsp
  40205a:	48 89 7d f8          	mov    %rdi,-0x8(%rbp)
  40205e:	48 8b 45 f8          	mov    -0x8(%rbp),%rax
  402062:	48 89 c7             	mov    %rax,%rdi
  402065:	e8 a6 03 00 00       	callq  402410 <std::_Vector_base<unsigned long, std::allocator<unsigned long> >::_M_get_Tp_allocator()>
  40206a:	48 89 c2             	mov    %rax,%rdx
  40206d:	48 8b 45 f8          	mov    -0x8(%rbp),%rax
  402071:	48 8b 48 08          	mov    0x8(%rax),%rcx
  402075:	48 8b 45 f8          	mov    -0x8(%rbp),%rax
  402079:	48 8b 00             	mov    (%rax),%rax
  40207c:	48 89 ce             	mov    %rcx,%rsi
  40207f:	48 89 c7             	mov    %rax,%rdi
  402082:	e8 97 03 00 00       	callq  40241e <void std::_Destroy<unsigned long*, unsigned long>(unsigned long*, unsigned long*, std::allocator<unsigned long>&)>
  402087:	48 8b 45 f8          	mov    -0x8(%rbp),%rax
  40208b:	48 89 c7             	mov    %rax,%rdi
  40208e:	e8 ef 02 00 00       	callq  402382 <std::_Vector_base<unsigned long, std::allocator<unsigned long> >::~_Vector_base()>
  402093:	90                   	nop
  402094:	c9                   	leaveq 
  402095:	c3                   	retq   

0000000000402096 <std::vector<unsigned long, std::allocator<unsigned long> >::operator[](unsigned long)>:
  402096:	55                   	push   %rbp
  402097:	48 89 e5             	mov    %rsp,%rbp
  40209a:	48 89 7d f8          	mov    %rdi,-0x8(%rbp)
  40209e:	48 89 75 f0          	mov    %rsi,-0x10(%rbp)
  4020a2:	48 8b 45 f8          	mov    -0x8(%rbp),%rax
  4020a6:	48 8b 10             	mov    (%rax),%rdx
  4020a9:	48 8b 45 f0          	mov    -0x10(%rbp),%rax
  4020ad:	48 c1 e0 03          	shl    $0x3,%rax
  4020b1:	48 01 d0             	add    %rdx,%rax
  4020b4:	5d                   	pop    %rbp
  4020b5:	c3                   	retq   

00000000004020b6 <std::mersenne_twister_engine<unsigned long, 64ul, 312ul, 156ul, 31ul, 13043109905998158313ul, 29ul, 6148914691236517205ul, 17ul, 8202884508482404352ul, 37ul, 18444473444759240704ul, 43ul, 6364136223846793005ul>::mersenne_twister_engine(unsigned long)>:
  4020b6:	55                   	push   %rbp
  4020b7:	48 89 e5             	mov    %rsp,%rbp
  4020ba:	48 83 ec 10          	sub    $0x10,%rsp
  4020be:	48 89 7d f8          	mov    %rdi,-0x8(%rbp)
  4020c2:	48 89 75 f0          	mov    %rsi,-0x10(%rbp)
  4020c6:	48 8b 55 f0          	mov    -0x10(%rbp),%rdx
  4020ca:	48 8b 45 f8          	mov    -0x8(%rbp),%rax
  4020ce:	48 89 d6             	mov    %rdx,%rsi
  4020d1:	48 89 c7             	mov    %rax,%rdi
  4020d4:	e8 6f 03 00 00       	callq  402448 <std::mersenne_twister_engine<unsigned long, 64ul, 312ul, 156ul, 31ul, 13043109905998158313ul, 29ul, 6148914691236517205ul, 17ul, 8202884508482404352ul, 37ul, 18444473444759240704ul, 43ul, 6364136223846793005ul>::seed(unsigned long)>
  4020d9:	90                   	nop
  4020da:	c9                   	leaveq 
  4020db:	c3                   	retq   

00000000004020dc <std::mersenne_twister_engine<unsigned long, 64ul, 312ul, 156ul, 31ul, 13043109905998158313ul, 29ul, 6148914691236517205ul, 17ul, 8202884508482404352ul, 37ul, 18444473444759240704ul, 43ul, 6364136223846793005ul>::operator()()>:
  4020dc:	55                   	push   %rbp
  4020dd:	48 89 e5             	mov    %rsp,%rbp
  4020e0:	48 83 ec 20          	sub    $0x20,%rsp
  4020e4:	48 89 7d e8          	mov    %rdi,-0x18(%rbp)
  4020e8:	48 8b 45 e8          	mov    -0x18(%rbp),%rax
  4020ec:	48 8b 80 c0 09 00 00 	mov    0x9c0(%rax),%rax
  4020f3:	48 3d 37 01 00 00    	cmp    $0x137,%rax
  4020f9:	76 0c                	jbe    402107 <std::mersenne_twister_engine<unsigned long, 64ul, 312ul, 156ul, 31ul, 13043109905998158313ul, 29ul, 6148914691236517205ul, 17ul, 8202884508482404352ul, 37ul, 18444473444759240704ul, 43ul, 6364136223846793005ul>::operator()()+0x2b>
  4020fb:	48 8b 45 e8          	mov    -0x18(%rbp),%rax
  4020ff:	48 89 c7             	mov    %rax,%rdi
  402102:	e8 ed 03 00 00       	callq  4024f4 <std::mersenne_twister_engine<unsigned long, 64ul, 312ul, 156ul, 31ul, 13043109905998158313ul, 29ul, 6148914691236517205ul, 17ul, 8202884508482404352ul, 37ul, 18444473444759240704ul, 43ul, 6364136223846793005ul>::_M_gen_rand()>
  402107:	48 8b 45 e8          	mov    -0x18(%rbp),%rax
  40210b:	48 8b 80 c0 09 00 00 	mov    0x9c0(%rax),%rax
  402112:	48 8d 48 01          	lea    0x1(%rax),%rcx
  402116:	48 8b 55 e8          	mov    -0x18(%rbp),%rdx
  40211a:	48 89 8a c0 09 00 00 	mov    %rcx,0x9c0(%rdx)
  402121:	48 8b 55 e8          	mov    -0x18(%rbp),%rdx
  402125:	48 8b 04 c2          	mov    (%rdx,%rax,8),%rax
  402129:	48 89 45 f8          	mov    %rax,-0x8(%rbp)
  40212d:	48 8b 45 f8          	mov    -0x8(%rbp),%rax
  402131:	48 c1 e8 1d          	shr    $0x1d,%rax
  402135:	48 89 c2             	mov    %rax,%rdx
  402138:	48 b8 55 55 55 55 55 	movabs $0x5555555555555555,%rax
  40213f:	55 55 55 
  402142:	48 21 d0             	and    %rdx,%rax
  402145:	48 31 45 f8          	xor    %rax,-0x8(%rbp)
  402149:	48 8b 45 f8          	mov    -0x8(%rbp),%rax
  40214d:	48 c1 e0 11          	shl    $0x11,%rax
  402151:	48 89 c2             	mov    %rax,%rdx
  402154:	48 b8 00 00 a6 ed ff 	movabs $0x71d67fffeda60000,%rax
  40215b:	7f d6 71 
  40215e:	48 21 d0             	and    %rdx,%rax
  402161:	48 31 45 f8          	xor    %rax,-0x8(%rbp)
  402165:	48 8b 45 f8          	mov    -0x8(%rbp),%rax
  402169:	48 c1 e0 25          	shl    $0x25,%rax
  40216d:	48 89 c2             	mov    %rax,%rdx
  402170:	48 b8 00 00 00 00 e0 	movabs $0xfff7eee000000000,%rax
  402177:	ee f7 ff 
  40217a:	48 21 d0             	and    %rdx,%rax
  40217d:	48 31 45 f8          	xor    %rax,-0x8(%rbp)
  402181:	48 8b 45 f8          	mov    -0x8(%rbp),%rax
  402185:	48 c1 e8 2b          	shr    $0x2b,%rax
  402189:	48 31 45 f8          	xor    %rax,-0x8(%rbp)
  40218d:	48 8b 45 f8          	mov    -0x8(%rbp),%rax
  402191:	c9                   	leaveq 
  402192:	c3                   	retq   

0000000000402193 <std::remove_reference<unsigned long&>::type&& std::move<unsigned long&>(unsigned long&)>:
  402193:	55                   	push   %rbp
  402194:	48 89 e5             	mov    %rsp,%rbp
  402197:	48 89 7d f8          	mov    %rdi,-0x8(%rbp)
  40219b:	48 8b 45 f8          	mov    -0x8(%rbp),%rax
  40219f:	5d                   	pop    %rbp
  4021a0:	c3                   	retq   

00000000004021a1 <std::enable_if<std::__and_<std::__not_<std::__is_tuple_like<unsigned long> >, std::is_move_constructible<unsigned long>, std::is_move_assignable<unsigned long> >::value, void>::type std::swap<unsigned long>(unsigned long&, unsigned long&)>:
  4021a1:	55                   	push   %rbp
  4021a2:	48 89 e5             	mov    %rsp,%rbp
  4021a5:	48 83 ec 20          	sub    $0x20,%rsp
  4021a9:	48 89 7d e8          	mov    %rdi,-0x18(%rbp)
  4021ad:	48 89 75 e0          	mov    %rsi,-0x20(%rbp)
  4021b1:	48 8b 45 e8          	mov    -0x18(%rbp),%rax
  4021b5:	48 89 c7             	mov    %rax,%rdi
  4021b8:	e8 d6 ff ff ff       	callq  402193 <std::remove_reference<unsigned long&>::type&& std::move<unsigned long&>(unsigned long&)>
  4021bd:	48 8b 00             	mov    (%rax),%rax
  4021c0:	48 89 45 f8          	mov    %rax,-0x8(%rbp)
  4021c4:	48 8b 45 e0          	mov    -0x20(%rbp),%rax
  4021c8:	48 89 c7             	mov    %rax,%rdi
  4021cb:	e8 c3 ff ff ff       	callq  402193 <std::remove_reference<unsigned long&>::type&& std::move<unsigned long&>(unsigned long&)>
  4021d0:	48 8b 10             	mov    (%rax),%rdx
  4021d3:	48 8b 45 e8          	mov    -0x18(%rbp),%rax
  4021d7:	48 89 10             	mov    %rdx,(%rax)
  4021da:	48 8d 45 f8          	lea    -0x8(%rbp),%rax
  4021de:	48 89 c7             	mov    %rax,%rdi
  4021e1:	e8 ad ff ff ff       	callq  402193 <std::remove_reference<unsigned long&>::type&& std::move<unsigned long&>(unsigned long&)>
  4021e6:	48 8b 10             	mov    (%rax),%rdx
  4021e9:	48 8b 45 e0          	mov    -0x20(%rbp),%rax
  4021ed:	48 89 10             	mov    %rdx,(%rax)
  4021f0:	90                   	nop
  4021f1:	c9                   	leaveq 
  4021f2:	c3                   	retq   
  4021f3:	90                   	nop

00000000004021f4 <std::vector<unsigned long, std::allocator<unsigned long> >::vector(unsigned long, unsigned long const&, std::allocator<unsigned long> const&)>:
  4021f4:	55                   	push   %rbp
  4021f5:	48 89 e5             	mov    %rsp,%rbp
  4021f8:	53                   	push   %rbx
  4021f9:	48 83 ec 28          	sub    $0x28,%rsp
  4021fd:	48 89 7d e8          	mov    %rdi,-0x18(%rbp)
  402201:	48 89 75 e0          	mov    %rsi,-0x20(%rbp)
  402205:	48 89 55 d8          	mov    %rdx,-0x28(%rbp)
  402209:	48 89 4d d0          	mov    %rcx,-0x30(%rbp)
  40220d:	48 8b 5d e8          	mov    -0x18(%rbp),%rbx
  402211:	48 8b 55 d0          	mov    -0x30(%rbp),%rdx
  402215:	48 8b 45 e0          	mov    -0x20(%rbp),%rax
  402219:	48 89 d6             	mov    %rdx,%rsi
  40221c:	48 89 c7             	mov    %rax,%rdi
  40221f:	e8 89 00 00 00       	callq  4022ad <std::vector<unsigned long, std::allocator<unsigned long> >::_S_check_init_len(unsigned long, std::allocator<unsigned long> const&)>
  402224:	48 89 c1             	mov    %rax,%rcx
  402227:	48 8b 45 d0          	mov    -0x30(%rbp),%rax
  40222b:	48 89 c2             	mov    %rax,%rdx
  40222e:	48 89 ce             	mov    %rcx,%rsi
  402231:	48 89 df             	mov    %rbx,%rdi
  402234:	e8 eb 00 00 00       	callq  402324 <std::_Vector_base<unsigned long, std::allocator<unsigned long> >::_Vector_base(unsigned long, std::allocator<unsigned long> const&)>
  402239:	48 8b 55 d8          	mov    -0x28(%rbp),%rdx
  40223d:	48 8b 4d e0          	mov    -0x20(%rbp),%rcx
  402241:	48 8b 45 e8          	mov    -0x18(%rbp),%rax
  402245:	48 89 ce             	mov    %rcx,%rsi
  402248:	48 89 c7             	mov    %rax,%rdi
  40224b:	e8 70 04 00 00       	callq  4026c0 <std::vector<unsigned long, std::allocator<unsigned long> >::_M_fill_initialize(unsigned long, unsigned long const&)>
  402250:	eb 1a                	jmp    40226c <std::vector<unsigned long, std::allocator<unsigned long> >::vector(unsigned long, unsigned long const&, std::allocator<unsigned long> const&)+0x78>
  402252:	48 89 c3             	mov    %rax,%rbx
  402255:	48 8b 45 e8          	mov    -0x18(%rbp),%rax
  402259:	48 89 c7             	mov    %rax,%rdi
  40225c:	e8 21 01 00 00       	callq  402382 <std::_Vector_base<unsigned long, std::allocator<unsigned long> >::~_Vector_base()>
  402261:	48 89 d8             	mov    %rbx,%rax
  402264:	48 89 c7             	mov    %rax,%rdi
  402267:	e8 34 ef ff ff       	callq  4011a0 <_Unwind_Resume@plt>
  40226c:	48 8b 5d f8          	mov    -0x8(%rbp),%rbx
  402270:	c9                   	leaveq 
  402271:	c3                   	retq   

0000000000402272 <std::vector<unsigned long, std::allocator<unsigned long> >::data()>:
  402272:	55                   	push   %rbp
  402273:	48 89 e5             	mov    %rsp,%rbp
  402276:	48 83 ec 10          	sub    $0x10,%rsp
  40227a:	48 89 7d f8          	mov    %rdi,-0x8(%rbp)
  40227e:	48 8b 45 f8          	mov    -0x8(%rbp),%rax
  402282:	48 8b 10             	mov    (%rax),%rdx
  402285:	48 8b 45 f8          	mov    -0x8(%rbp),%rax
  402289:	48 89 d6             	mov    %rdx,%rsi
  40228c:	48 89 c7             	mov    %rax,%rdi
  40228f:	e8 72 04 00 00       	callq  402706 <unsigned long* std::vector<unsigned long, std::allocator<unsigned long> >::_M_data_ptr<unsigned long>(unsigned long*) const>
  402294:	c9                   	leaveq 
  402295:	c3                   	retq   

0000000000402296 <__gnu_cxx::new_allocator<unsigned long>::new_allocator()>:
  402296:	55                   	push   %rbp
  402297:	48 89 e5             	mov    %rsp,%rbp
  40229a:	48 89 7d f8          	mov    %rdi,-0x8(%rbp)
  40229e:	90                   	nop
  40229f:	5d                   	pop    %rbp
  4022a0:	c3                   	retq   
  4022a1:	90                   	nop

00000000004022a2 <__gnu_cxx::new_allocator<unsigned long>::~new_allocator()>:
  4022a2:	55                   	push   %rbp
  4022a3:	48 89 e5             	mov    %rsp,%rbp
  4022a6:	48 89 7d f8          	mov    %rdi,-0x8(%rbp)
  4022aa:	90                   	nop
  4022ab:	5d                   	pop    %rbp
  4022ac:	c3                   	retq   

00000000004022ad <std::vector<unsigned long, std::allocator<unsigned long> >::_S_check_init_len(unsigned long, std::allocator<unsigned long> const&)>:
  4022ad:	55                   	push   %rbp
  4022ae:	48 89 e5             	mov    %rsp,%rbp
  4022b1:	53                   	push   %rbx
  4022b2:	48 83 ec 28          	sub    $0x28,%rsp
  4022b6:	48 89 7d d8          	mov    %rdi,-0x28(%rbp)
  4022ba:	48 89 75 d0          	mov    %rsi,-0x30(%rbp)
  4022be:	48 8b 55 d0          	mov    -0x30(%rbp),%rdx
  4022c2:	48 8d 45 ef          	lea    -0x11(%rbp),%rax
  4022c6:	48 89 d6             	mov    %rdx,%rsi
  4022c9:	48 89 c7             	mov    %rax,%rdi
  4022cc:	e8 89 04 00 00       	callq  40275a <std::allocator<unsigned long>::allocator(std::allocator<unsigned long> const&)>
  4022d1:	48 8d 45 ef          	lea    -0x11(%rbp),%rax
  4022d5:	48 89 c7             	mov    %rax,%rdi
  4022d8:	e8 3b 04 00 00       	callq  402718 <std::vector<unsigned long, std::allocator<unsigned long> >::_S_max_size(std::allocator<unsigned long> const&)>
  4022dd:	48 39 45 d8          	cmp    %rax,-0x28(%rbp)
  4022e1:	0f 97 c3             	seta   %bl
  4022e4:	48 8d 45 ef          	lea    -0x11(%rbp),%rax
  4022e8:	48 89 c7             	mov    %rax,%rdi
  4022eb:	e8 d0 fc ff ff       	callq  401fc0 <std::allocator<unsigned long>::~allocator()>
  4022f0:	84 db                	test   %bl,%bl
  4022f2:	74 0a                	je     4022fe <std::vector<unsigned long, std::allocator<unsigned long> >::_S_check_init_len(unsigned long, std::allocator<unsigned long> const&)+0x51>
  4022f4:	bf 88 32 40 00       	mov    $0x403288,%edi
  4022f9:	e8 62 ed ff ff       	callq  401060 <std::__throw_length_error(char const*)@plt>
  4022fe:	48 8b 45 d8          	mov    -0x28(%rbp),%rax
  402302:	48 8b 5d f8          	mov    -0x8(%rbp),%rbx
  402306:	c9                   	leaveq 
  402307:	c3                   	retq   

0000000000402308 <std::_Vector_base<unsigned long, std::allocator<unsigned long> >::_Vector_impl::~_Vector_impl()>:
  402308:	55                   	push   %rbp
  402309:	48 89 e5             	mov    %rsp,%rbp
  40230c:	48 83 ec 10          	sub    $0x10,%rsp
  402310:	48 89 7d f8          	mov    %rdi,-0x8(%rbp)
  402314:	48 8b 45 f8          	mov    -0x8(%rbp),%rax
  402318:	48 89 c7             	mov    %rax,%rdi
  40231b:	e8 a0 fc ff ff       	callq  401fc0 <std::allocator<unsigned long>::~allocator()>
  402320:	90                   	nop
  402321:	c9                   	leaveq 
  402322:	c3                   	retq   
  402323:	90                   	nop

0000000000402324 <std::_Vector_base<unsigned long, std::allocator<unsigned long> >::_Vector_base(unsigned long, std::allocator<unsigned long> const&)>:
  402324:	55                   	push   %rbp
  402325:	48 89 e5             	mov    %rsp,%rbp
  402328:	53                   	push   %rbx
  402329:	48 83 ec 28          	sub    $0x28,%rsp
  40232d:	48 89 7d e8          	mov    %rdi,-0x18(%rbp)
  402331:	48 89 75 e0          	mov    %rsi,-0x20(%rbp)
  402335:	48 89 55 d8          	mov    %rdx,-0x28(%rbp)
  402339:	48 8b 45 e8          	mov    -0x18(%rbp),%rax
  40233d:	48 8b 55 d8          	mov    -0x28(%rbp),%rdx
  402341:	48 89 d6             	mov    %rdx,%rsi
  402344:	48 89 c7             	mov    %rax,%rdi
  402347:	e8 34 04 00 00       	callq  402780 <std::_Vector_base<unsigned long, std::allocator<unsigned long> >::_Vector_impl::_Vector_impl(std::allocator<unsigned long> const&)>
  40234c:	48 8b 55 e0          	mov    -0x20(%rbp),%rdx
  402350:	48 8b 45 e8          	mov    -0x18(%rbp),%rax
  402354:	48 89 d6             	mov    %rdx,%rsi
  402357:	48 89 c7             	mov    %rax,%rdi
  40235a:	e8 53 04 00 00       	callq  4027b2 <std::_Vector_base<unsigned long, std::allocator<unsigned long> >::_M_create_storage(unsigned long)>
  40235f:	eb 1a                	jmp    40237b <std::_Vector_base<unsigned long, std::allocator<unsigned long> >::_Vector_base(unsigned long, std::allocator<unsigned long> const&)+0x57>
  402361:	48 89 c3             	mov    %rax,%rbx
  402364:	48 8b 45 e8          	mov    -0x18(%rbp),%rax
  402368:	48 89 c7             	mov    %rax,%rdi
  40236b:	e8 98 ff ff ff       	callq  402308 <std::_Vector_base<unsigned long, std::allocator<unsigned long> >::_Vector_impl::~_Vector_impl()>
  402370:	48 89 d8             	mov    %rbx,%rax
  402373:	48 89 c7             	mov    %rax,%rdi
  402376:	e8 25 ee ff ff       	callq  4011a0 <_Unwind_Resume@plt>
  40237b:	48 8b 5d f8          	mov    -0x8(%rbp),%rbx
  40237f:	c9                   	leaveq 
  402380:	c3                   	retq   
  402381:	90                   	nop

0000000000402382 <std::_Vector_base<unsigned long, std::allocator<unsigned long> >::~_Vector_base()>:
  402382:	55                   	push   %rbp
  402383:	48 89 e5             	mov    %rsp,%rbp
  402386:	48 83 ec 10          	sub    $0x10,%rsp
  40238a:	48 89 7d f8          	mov    %rdi,-0x8(%rbp)
  40238e:	48 8b 45 f8          	mov    -0x8(%rbp),%rax
  402392:	48 8b 50 10          	mov    0x10(%rax),%rdx
  402396:	48 8b 45 f8          	mov    -0x8(%rbp),%rax
  40239a:	48 8b 08             	mov    (%rax),%rcx
  40239d:	48 89 d0             	mov    %rdx,%rax
  4023a0:	48 29 c8             	sub    %rcx,%rax
  4023a3:	48 c1 f8 03          	sar    $0x3,%rax
  4023a7:	48 89 c2             	mov    %rax,%rdx
  4023aa:	48 8b 45 f8          	mov    -0x8(%rbp),%rax
  4023ae:	48 8b 08             	mov    (%rax),%rcx
  4023b1:	48 8b 45 f8          	mov    -0x8(%rbp),%rax
  4023b5:	48 89 ce             	mov    %rcx,%rsi
  4023b8:	48 89 c7             	mov    %rax,%rdi
  4023bb:	e8 48 04 00 00       	callq  402808 <std::_Vector_base<unsigned long, std::allocator<unsigned long> >::_M_deallocate(unsigned long*, unsigned long)>
  4023c0:	48 8b 45 f8          	mov    -0x8(%rbp),%rax
  4023c4:	48 89 c7             	mov    %rax,%rdi
  4023c7:	e8 3c ff ff ff       	callq  402308 <std::_Vector_base<unsigned long, std::allocator<unsigned long> >::_Vector_impl::~_Vector_impl()>
  4023cc:	90                   	nop
  4023cd:	c9                   	leaveq 
  4023ce:	c3                   	retq   
  4023cf:	90                   	nop

00000000004023d0 <std::vector<unsigned long, std::allocator<unsigned long> >::_M_default_initialize(unsigned long)>:
  4023d0:	55                   	push   %rbp
  4023d1:	48 89 e5             	mov    %rsp,%rbp
  4023d4:	48 83 ec 10          	sub    $0x10,%rsp
  4023d8:	48 89 7d f8          	mov    %rdi,-0x8(%rbp)
  4023dc:	48 89 75 f0          	mov    %rsi,-0x10(%rbp)
  4023e0:	48 8b 45 f8          	mov    -0x8(%rbp),%rax
  4023e4:	48 89 c7             	mov    %rax,%rdi
  4023e7:	e8 24 00 00 00       	callq  402410 <std::_Vector_base<unsigned long, std::allocator<unsigned long> >::_M_get_Tp_allocator()>
  4023ec:	48 89 c2             	mov    %rax,%rdx
  4023ef:	48 8b 45 f8          	mov    -0x8(%rbp),%rax
  4023f3:	48 8b 00             	mov    (%rax),%rax
  4023f6:	48 8b 4d f0          	mov    -0x10(%rbp),%rcx
  4023fa:	48 89 ce             	mov    %rcx,%rsi
  4023fd:	48 89 c7             	mov    %rax,%rdi
  402400:	e8 38 04 00 00       	callq  40283d <unsigned long* std::__uninitialized_default_n_a<unsigned long*, unsigned long, unsigned long>(unsigned long*, unsigned long, std::allocator<unsigned long>&)>
  402405:	48 8b 55 f8          	mov    -0x8(%rbp),%rdx
  402409:	48 89 42 08          	mov    %rax,0x8(%rdx)
  40240d:	90                   	nop
  40240e:	c9                   	leaveq 
  40240f:	c3                   	retq   

0000000000402410 <std::_Vector_base<unsigned long, std::allocator<unsigned long> >::_M_get_Tp_allocator()>:
  402410:	55                   	push   %rbp
  402411:	48 89 e5             	mov    %rsp,%rbp
  402414:	48 89 7d f8          	mov    %rdi,-0x8(%rbp)
  402418:	48 8b 45 f8          	mov    -0x8(%rbp),%rax
  40241c:	5d                   	pop    %rbp
  40241d:	c3                   	retq   

000000000040241e <void std::_Destroy<unsigned long*, unsigned long>(unsigned long*, unsigned long*, std::allocator<unsigned long>&)>:
  40241e:	55                   	push   %rbp
  40241f:	48 89 e5             	mov    %rsp,%rbp
  402422:	48 83 ec 20          	sub    $0x20,%rsp
  402426:	48 89 7d f8          	mov    %rdi,-0x8(%rbp)
  40242a:	48 89 75 f0          	mov    %rsi,-0x10(%rbp)
  40242e:	48 89 55 e8          	mov    %rdx,-0x18(%rbp)
  402432:	48 8b 55 f0          	mov    -0x10(%rbp),%rdx
  402436:	48 8b 45 f8          	mov    -0x8(%rbp),%rax
  40243a:	48 89 d6             	mov    %rdx,%rsi
  40243d:	48 89 c7             	mov    %rax,%rdi
  402440:	e8 21 04 00 00       	callq  402866 <void std::_Destroy<unsigned long*>(unsigned long*, unsigned long*)>
  402445:	90                   	nop
  402446:	c9                   	leaveq 
  402447:	c3                   	retq   

0000000000402448 <std::mersenne_twister_engine<unsigned long, 64ul, 312ul, 156ul, 31ul, 13043109905998158313ul, 29ul, 6148914691236517205ul, 17ul, 8202884508482404352ul, 37ul, 18444473444759240704ul, 43ul, 6364136223846793005ul>::seed(unsigned long)>:
  402448:	55                   	push   %rbp
  402449:	48 89 e5             	mov    %rsp,%rbp
  40244c:	48 83 ec 20          	sub    $0x20,%rsp
  402450:	48 89 7d e8          	mov    %rdi,-0x18(%rbp)
  402454:	48 89 75 e0          	mov    %rsi,-0x20(%rbp)
  402458:	48 8b 45 e0          	mov    -0x20(%rbp),%rax
  40245c:	48 89 c7             	mov    %rax,%rdi
  40245f:	e8 28 04 00 00       	callq  40288c <unsigned long std::__detail::__mod<unsigned long, 0ul, 1ul, 0ul>(unsigned long)>
  402464:	48 8b 55 e8          	mov    -0x18(%rbp),%rdx
  402468:	48 89 02             	mov    %rax,(%rdx)
  40246b:	48 c7 45 f8 01 00 00 	movq   $0x1,-0x8(%rbp)
  402472:	00 
  402473:	eb 63                	jmp    4024d8 <std::mersenne_twister_engine<unsigned long, 64ul, 312ul, 156ul, 31ul, 13043109905998158313ul, 29ul, 6148914691236517205ul, 17ul, 8202884508482404352ul, 37ul, 18444473444759240704ul, 43ul, 6364136223846793005ul>::seed(unsigned long)+0x90>
  402475:	48 8b 45 f8          	mov    -0x8(%rbp),%rax
  402479:	48 8d 50 ff          	lea    -0x1(%rax),%rdx
  40247d:	48 8b 45 e8          	mov    -0x18(%rbp),%rax
  402481:	48 8b 04 d0          	mov    (%rax,%rdx,8),%rax
  402485:	48 89 45 f0          	mov    %rax,-0x10(%rbp)
  402489:	48 8b 45 f0          	mov    -0x10(%rbp),%rax
  40248d:	48 c1 e8 3e          	shr    $0x3e,%rax
  402491:	48 31 45 f0          	xor    %rax,-0x10(%rbp)
  402495:	48 8b 45 f0          	mov    -0x10(%rbp),%rax
  402499:	48 ba 2d 7f 95 4c 2d 	movabs $0x5851f42d4c957f2d,%rdx
  4024a0:	f4 51 58 
  4024a3:	48 0f af c2          	imul   %rdx,%rax
  4024a7:	48 89 45 f0          	mov    %rax,-0x10(%rbp)
  4024ab:	48 8b 45 f8          	mov    -0x8(%rbp),%rax
  4024af:	48 89 c7             	mov    %rax,%rdi
  4024b2:	e8 f8 03 00 00       	callq  4028af <unsigned long std::__detail::__mod<unsigned long, 312ul, 1ul, 0ul>(unsigned long)>
  4024b7:	48 01 45 f0          	add    %rax,-0x10(%rbp)
  4024bb:	48 8b 45 f0          	mov    -0x10(%rbp),%rax
  4024bf:	48 89 c7             	mov    %rax,%rdi
  4024c2:	e8 c5 03 00 00       	callq  40288c <unsigned long std::__detail::__mod<unsigned long, 0ul, 1ul, 0ul>(unsigned long)>
  4024c7:	48 8b 55 e8          	mov    -0x18(%rbp),%rdx
  4024cb:	48 8b 4d f8          	mov    -0x8(%rbp),%rcx
  4024cf:	48 89 04 ca          	mov    %rax,(%rdx,%rcx,8)
  4024d3:	48 83 45 f8 01       	addq   $0x1,-0x8(%rbp)
  4024d8:	48 81 7d f8 37 01 00 	cmpq   $0x137,-0x8(%rbp)
  4024df:	00 
  4024e0:	76 93                	jbe    402475 <std::mersenne_twister_engine<unsigned long, 64ul, 312ul, 156ul, 31ul, 13043109905998158313ul, 29ul, 6148914691236517205ul, 17ul, 8202884508482404352ul, 37ul, 18444473444759240704ul, 43ul, 6364136223846793005ul>::seed(unsigned long)+0x2d>
  4024e2:	48 8b 45 e8          	mov    -0x18(%rbp),%rax
  4024e6:	48 c7 80 c0 09 00 00 	movq   $0x138,0x9c0(%rax)
  4024ed:	38 01 00 00 
  4024f1:	90                   	nop
  4024f2:	c9                   	leaveq 
  4024f3:	c3                   	retq   

00000000004024f4 <std::mersenne_twister_engine<unsigned long, 64ul, 312ul, 156ul, 31ul, 13043109905998158313ul, 29ul, 6148914691236517205ul, 17ul, 8202884508482404352ul, 37ul, 18444473444759240704ul, 43ul, 6364136223846793005ul>::_M_gen_rand()>:
  4024f4:	55                   	push   %rbp
  4024f5:	48 89 e5             	mov    %rsp,%rbp
  4024f8:	48 89 7d b8          	mov    %rdi,-0x48(%rbp)
  4024fc:	48 c7 45 e8 00 00 00 	movq   $0xffffffff80000000,-0x18(%rbp)
  402503:	80 
  402504:	48 c7 45 e0 ff ff ff 	movq   $0x7fffffff,-0x20(%rbp)
  40250b:	7f 
  40250c:	48 c7 45 f8 00 00 00 	movq   $0x0,-0x8(%rbp)
  402513:	00 
  402514:	e9 82 00 00 00       	jmpq   40259b <std::mersenne_twister_engine<unsigned long, 64ul, 312ul, 156ul, 31ul, 13043109905998158313ul, 29ul, 6148914691236517205ul, 17ul, 8202884508482404352ul, 37ul, 18444473444759240704ul, 43ul, 6364136223846793005ul>::_M_gen_rand()+0xa7>
  402519:	48 8b 45 b8          	mov    -0x48(%rbp),%rax
  40251d:	48 8b 55 f8          	mov    -0x8(%rbp),%rdx
  402521:	48 8b 04 d0          	mov    (%rax,%rdx,8),%rax
  402525:	48 25 00 00 00 80    	and    $0xffffffff80000000,%rax
  40252b:	48 89 c1             	mov    %rax,%rcx
  40252e:	48 8b 45 f8          	mov    -0x8(%rbp),%rax
  402532:	48 8d 50 01          	lea    0x1(%rax),%rdx
  402536:	48 8b 45 b8          	mov    -0x48(%rbp),%rax
  40253a:	48 8b 04 d0          	mov    (%rax,%rdx,8),%rax
  40253e:	25 ff ff ff 7f       	and    $0x7fffffff,%eax
  402543:	48 09 c8             	or     %rcx,%rax
  402546:	48 89 45 c8          	mov    %rax,-0x38(%rbp)
  40254a:	48 8b 45 f8          	mov    -0x8(%rbp),%rax
  40254e:	48 8d 90 9c 00 00 00 	lea    0x9c(%rax),%rdx
  402555:	48 8b 45 b8          	mov    -0x48(%rbp),%rax
  402559:	48 8b 14 d0          	mov    (%rax,%rdx,8),%rdx
  40255d:	48 8b 45 c8          	mov    -0x38(%rbp),%rax
  402561:	48 d1 e8             	shr    %rax
  402564:	48 31 c2             	xor    %rax,%rdx
  402567:	48 8b 45 c8          	mov    -0x38(%rbp),%rax
  40256b:	83 e0 01             	and    $0x1,%eax
  40256e:	48 85 c0             	test   %rax,%rax
  402571:	74 0c                	je     40257f <std::mersenne_twister_engine<unsigned long, 64ul, 312ul, 156ul, 31ul, 13043109905998158313ul, 29ul, 6148914691236517205ul, 17ul, 8202884508482404352ul, 37ul, 18444473444759240704ul, 43ul, 6364136223846793005ul>::_M_gen_rand()+0x8b>
  402573:	48 b8 e9 19 66 a9 5a 	movabs $0xb5026f5aa96619e9,%rax
  40257a:	6f 02 b5 
  40257d:	eb 05                	jmp    402584 <std::mersenne_twister_engine<unsigned long, 64ul, 312ul, 156ul, 31ul, 13043109905998158313ul, 29ul, 6148914691236517205ul, 17ul, 8202884508482404352ul, 37ul, 18444473444759240704ul, 43ul, 6364136223846793005ul>::_M_gen_rand()+0x90>
  40257f:	b8 00 00 00 00       	mov    $0x0,%eax
  402584:	48 31 d0             	xor    %rdx,%rax
  402587:	48 89 c1             	mov    %rax,%rcx
  40258a:	48 8b 45 b8          	mov    -0x48(%rbp),%rax
  40258e:	48 8b 55 f8          	mov    -0x8(%rbp),%rdx
  402592:	48 89 0c d0          	mov    %rcx,(%rax,%rdx,8)
  402596:	48 83 45 f8 01       	addq   $0x1,-0x8(%rbp)
  40259b:	48 81 7d f8 9b 00 00 	cmpq   $0x9b,-0x8(%rbp)
  4025a2:	00 
  4025a3:	0f 86 70 ff ff ff    	jbe    402519 <std::mersenne_twister_engine<unsigned long, 64ul, 312ul, 156ul, 31ul, 13043109905998158313ul, 29ul, 6148914691236517205ul, 17ul, 8202884508482404352ul, 37ul, 18444473444759240704ul, 43ul, 6364136223846793005ul>::_M_gen_rand()+0x25>
  4025a9:	48 c7 45 f0 9c 00 00 	movq   $0x9c,-0x10(%rbp)
  4025b0:	00 
  4025b1:	e9 82 00 00 00       	jmpq   402638 <std::mersenne_twister_engine<unsigned long, 64ul, 312ul, 156ul, 31ul, 13043109905998158313ul, 29ul, 6148914691236517205ul, 17ul, 8202884508482404352ul, 37ul, 18444473444759240704ul, 43ul, 6364136223846793005ul>::_M_gen_rand()+0x144>
  4025b6:	48 8b 45 b8          	mov    -0x48(%rbp),%rax
  4025ba:	48 8b 55 f0          	mov    -0x10(%rbp),%rdx
  4025be:	48 8b 04 d0          	mov    (%rax,%rdx,8),%rax
  4025c2:	48 25 00 00 00 80    	and    $0xffffffff80000000,%rax
  4025c8:	48 89 c1             	mov    %rax,%rcx
  4025cb:	48 8b 45 f0          	mov    -0x10(%rbp),%rax
  4025cf:	48 8d 50 01          	lea    0x1(%rax),%rdx
  4025d3:	48 8b 45 b8          	mov    -0x48(%rbp),%rax
  4025d7:	48 8b 04 d0          	mov    (%rax,%rdx,8),%rax
  4025db:	25 ff ff ff 7f       	and    $0x7fffffff,%eax
  4025e0:	48 09 c8             	or     %rcx,%rax
  4025e3:	48 89 45 d0          	mov    %rax,-0x30(%rbp)
  4025e7:	48 8b 45 f0          	mov    -0x10(%rbp),%rax
  4025eb:	48 8d 90 64 ff ff ff 	lea    -0x9c(%rax),%rdx
  4025f2:	48 8b 45 b8          	mov    -0x48(%rbp),%rax
  4025f6:	48 8b 14 d0          	mov    (%rax,%rdx,8),%rdx
  4025fa:	48 8b 45 d0          	mov    -0x30(%rbp),%rax
  4025fe:	48 d1 e8             	shr    %rax
  402601:	48 31 c2             	xor    %rax,%rdx
  402604:	48 8b 45 d0          	mov    -0x30(%rbp),%rax
  402608:	83 e0 01             	and    $0x1,%eax
  40260b:	48 85 c0             	test   %rax,%rax
  40260e:	74 0c                	je     40261c <std::mersenne_twister_engine<unsigned long, 64ul, 312ul, 156ul, 31ul, 13043109905998158313ul, 29ul, 6148914691236517205ul, 17ul, 8202884508482404352ul, 37ul, 18444473444759240704ul, 43ul, 6364136223846793005ul>::_M_gen_rand()+0x128>
  402610:	48 b8 e9 19 66 a9 5a 	movabs $0xb5026f5aa96619e9,%rax
  402617:	6f 02 b5 
  40261a:	eb 05                	jmp    402621 <std::mersenne_twister_engine<unsigned long, 64ul, 312ul, 156ul, 31ul, 13043109905998158313ul, 29ul, 6148914691236517205ul, 17ul, 8202884508482404352ul, 37ul, 18444473444759240704ul, 43ul, 6364136223846793005ul>::_M_gen_rand()+0x12d>
  40261c:	b8 00 00 00 00       	mov    $0x0,%eax
  402621:	48 31 d0             	xor    %rdx,%rax
  402624:	48 89 c1             	mov    %rax,%rcx
  402627:	48 8b 45 b8          	mov    -0x48(%rbp),%rax
  40262b:	48 8b 55 f0          	mov    -0x10(%rbp),%rdx
  40262f:	48 89 0c d0          	mov    %rcx,(%rax,%rdx,8)
  402633:	48 83 45 f0 01       	addq   $0x1,-0x10(%rbp)
  402638:	48 81 7d f0 36 01 00 	cmpq   $0x136,-0x10(%rbp)
  40263f:	00 
  402640:	0f 86 70 ff ff ff    	jbe    4025b6 <std::mersenne_twister_engine<unsigned long, 64ul, 312ul, 156ul, 31ul, 13043109905998158313ul, 29ul, 6148914691236517205ul, 17ul, 8202884508482404352ul, 37ul, 18444473444759240704ul, 43ul, 6364136223846793005ul>::_M_gen_rand()+0xc2>
  402646:	48 8b 45 b8          	mov    -0x48(%rbp),%rax
  40264a:	48 8b 80 b8 09 00 00 	mov    0x9b8(%rax),%rax
  402651:	48 25 00 00 00 80    	and    $0xffffffff80000000,%rax
  402657:	48 89 c2             	mov    %rax,%rdx
  40265a:	48 8b 45 b8          	mov    -0x48(%rbp),%rax
  40265e:	48 8b 00             	mov    (%rax),%rax
  402661:	25 ff ff ff 7f       	and    $0x7fffffff,%eax
  402666:	48 09 d0             	or     %rdx,%rax
  402669:	48 89 45 d8          	mov    %rax,-0x28(%rbp)
  40266d:	48 8b 45 b8          	mov    -0x48(%rbp),%rax
  402671:	48 8b 90 d8 04 00 00 	mov    0x4d8(%rax),%rdx
  402678:	48 8b 45 d8          	mov    -0x28(%rbp),%rax
  40267c:	48 d1 e8             	shr    %rax
  40267f:	48 31 c2             	xor    %rax,%rdx
  402682:	48 8b 45 d8          	mov    -0x28(%rbp),%rax
  402686:	83 e0 01             	and    $0x1,%eax
  402689:	48 85 c0             	test   %rax,%rax
  40268c:	74 0c                	je     40269a <std::mersenne_twister_engine<unsigned long, 64ul, 312ul, 156ul, 31ul, 13043109905998158313ul, 29ul, 6148914691236517205ul, 17ul, 8202884508482404352ul, 37ul, 18444473444759240704ul, 43ul, 6364136223846793005ul>::_M_gen_rand()+0x1a6>
  40268e:	48 b8 e9 19 66 a9 5a 	movabs $0xb5026f5aa96619e9,%rax
  402695:	6f 02 b5 
  402698:	eb 05                	jmp    40269f <std::mersenne_twister_engine<unsigned long, 64ul, 312ul, 156ul, 31ul, 13043109905998158313ul, 29ul, 6148914691236517205ul, 17ul, 8202884508482404352ul, 37ul, 18444473444759240704ul, 43ul, 6364136223846793005ul>::_M_gen_rand()+0x1ab>
  40269a:	b8 00 00 00 00       	mov    $0x0,%eax
  40269f:	48 31 c2             	xor    %rax,%rdx
  4026a2:	48 8b 45 b8          	mov    -0x48(%rbp),%rax
  4026a6:	48 89 90 b8 09 00 00 	mov    %rdx,0x9b8(%rax)
  4026ad:	48 8b 45 b8          	mov    -0x48(%rbp),%rax
  4026b1:	48 c7 80 c0 09 00 00 	movq   $0x0,0x9c0(%rax)
  4026b8:	00 00 00 00 
  4026bc:	90                   	nop
  4026bd:	5d                   	pop    %rbp
  4026be:	c3                   	retq   
  4026bf:	90                   	nop

00000000004026c0 <std::vector<unsigned long, std::allocator<unsigned long> >::_M_fill_initialize(unsigned long, unsigned long const&)>:
  4026c0:	55                   	push   %rbp
  4026c1:	48 89 e5             	mov    %rsp,%rbp
  4026c4:	48 83 ec 20          	sub    $0x20,%rsp
  4026c8:	48 89 7d f8          	mov    %rdi,-0x8(%rbp)
  4026cc:	48 89 75 f0          	mov    %rsi,-0x10(%rbp)
  4026d0:	48 89 55 e8          	mov    %rdx,-0x18(%rbp)
  4026d4:	48 8b 45 f8          	mov    -0x8(%rbp),%rax
  4026d8:	48 89 c7             	mov    %rax,%rdi
  4026db:	e8 30 fd ff ff       	callq  402410 <std::_Vector_base<unsigned long, std::allocator<unsigned long> >::_M_get_Tp_allocator()>
  4026e0:	48 89 c1             	mov    %rax,%rcx
  4026e3:	48 8b 45 f8          	mov    -0x8(%rbp),%rax
  4026e7:	48 8b 00             	mov    (%rax),%rax
  4026ea:	48 8b 55 e8          	mov    -0x18(%rbp),%rdx
  4026ee:	48 8b 75 f0          	mov    -0x10(%rbp),%rsi
  4026f2:	48 89 c7             	mov    %rax,%rdi
  4026f5:	e8 d8 01 00 00       	callq  4028d2 <unsigned long* std::__uninitialized_fill_n_a<unsigned long*, unsigned long, unsigned long, unsigned long>(unsigned long*, unsigned long, unsigned long const&, std::allocator<unsigned long>&)>
  4026fa:	48 8b 55 f8          	mov    -0x8(%rbp),%rdx
  4026fe:	48 89 42 08          	mov    %rax,0x8(%rdx)
  402702:	90                   	nop
  402703:	c9                   	leaveq 
  402704:	c3                   	retq   
  402705:	90                   	nop

0000000000402706 <unsigned long* std::vector<unsigned long, std::allocator<unsigned long> >::_M_data_ptr<unsigned long>(unsigned long*) const>:
  402706:	55                   	push   %rbp
  402707:	48 89 e5             	mov    %rsp,%rbp
  40270a:	48 89 7d f8          	mov    %rdi,-0x8(%rbp)
  40270e:	48 89 75 f0          	mov    %rsi,-0x10(%rbp)
  402712:	48 8b 45 f0          	mov    -0x10(%rbp),%rax
  402716:	5d                   	pop    %rbp
  402717:	c3                   	retq   

0000000000402718 <std::vector<unsigned long, std::allocator<unsigned long> >::_S_max_size(std::allocator<unsigned long> const&)>:
  402718:	55                   	push   %rbp
  402719:	48 89 e5             	mov    %rsp,%rbp
  40271c:	48 83 ec 20          	sub    $0x20,%rsp
  402720:	48 89 7d e8          	mov    %rdi,-0x18(%rbp)
  402724:	48 b8 ff ff ff ff ff 	movabs $0xfffffffffffffff,%rax
  40272b:	ff ff 0f 
  40272e:	48 89 45 f8          	mov    %rax,-0x8(%rbp)
  402732:	48 8b 45 e8          	mov    -0x18(%rbp),%rax
  402736:	48 89 c7             	mov    %rax,%rdi
  402739:	e8 c5 01 00 00       	callq  402903 <std::allocator_traits<std::allocator<unsigned long> >::max_size(std::allocator<unsigned long> const&)>
  40273e:	48 89 45 f0          	mov    %rax,-0x10(%rbp)
  402742:	48 8d 55 f0          	lea    -0x10(%rbp),%rdx
  402746:	48 8d 45 f8          	lea    -0x8(%rbp),%rax
  40274a:	48 89 d6             	mov    %rdx,%rsi
  40274d:	48 89 c7             	mov    %rax,%rdi
  402750:	e8 c8 01 00 00       	callq  40291d <unsigned long const& std::min<unsigned long>(unsigned long const&, unsigned long const&)>
  402755:	48 8b 00             	mov    (%rax),%rax
  402758:	c9                   	leaveq 
  402759:	c3                   	retq   

000000000040275a <std::allocator<unsigned long>::allocator(std::allocator<unsigned long> const&)>:
  40275a:	55                   	push   %rbp
  40275b:	48 89 e5             	mov    %rsp,%rbp
  40275e:	48 83 ec 10          	sub    $0x10,%rsp
  402762:	48 89 7d f8          	mov    %rdi,-0x8(%rbp)
  402766:	48 89 75 f0          	mov    %rsi,-0x10(%rbp)
  40276a:	48 8b 55 f0          	mov    -0x10(%rbp),%rdx
  40276e:	48 8b 45 f8          	mov    -0x8(%rbp),%rax
  402772:	48 89 d6             	mov    %rdx,%rsi
  402775:	48 89 c7             	mov    %rax,%rdi
  402778:	e8 cb 01 00 00       	callq  402948 <__gnu_cxx::new_allocator<unsigned long>::new_allocator(__gnu_cxx::new_allocator<unsigned long> const&)>
  40277d:	90                   	nop
  40277e:	c9                   	leaveq 
  40277f:	c3                   	retq   

0000000000402780 <std::_Vector_base<unsigned long, std::allocator<unsigned long> >::_Vector_impl::_Vector_impl(std::allocator<unsigned long> const&)>:
  402780:	55                   	push   %rbp
  402781:	48 89 e5             	mov    %rsp,%rbp
  402784:	48 83 ec 10          	sub    $0x10,%rsp
  402788:	48 89 7d f8          	mov    %rdi,-0x8(%rbp)
  40278c:	48 89 75 f0          	mov    %rsi,-0x10(%rbp)
  402790:	48 8b 55 f0          	mov    -0x10(%rbp),%rdx
  402794:	48 8b 45 f8          	mov    -0x8(%rbp),%rax
  402798:	48 89 d6             	mov    %rdx,%rsi
  40279b:	48 89 c7             	mov    %rax,%rdi
  40279e:	e8 b7 ff ff ff       	callq  40275a <std::allocator<unsigned long>::allocator(std::allocator<unsigned long> const&)>
  4027a3:	48 8b 45 f8          	mov    -0x8(%rbp),%rax
  4027a7:	48 89 c7             	mov    %rax,%rdi
  4027aa:	e8 a9 01 00 00       	callq  402958 <std::_Vector_base<unsigned long, std::allocator<unsigned long> >::_Vector_impl_data::_Vector_impl_data()>
  4027af:	90                   	nop
  4027b0:	c9                   	leaveq 
  4027b1:	c3                   	retq   

00000000004027b2 <std::_Vector_base<unsigned long, std::allocator<unsigned long> >::_M_create_storage(unsigned long)>:
  4027b2:	55                   	push   %rbp
  4027b3:	48 89 e5             	mov    %rsp,%rbp
  4027b6:	48 83 ec 10          	sub    $0x10,%rsp
  4027ba:	48 89 7d f8          	mov    %rdi,-0x8(%rbp)
  4027be:	48 89 75 f0          	mov    %rsi,-0x10(%rbp)
  4027c2:	48 8b 55 f0          	mov    -0x10(%rbp),%rdx
  4027c6:	48 8b 45 f8          	mov    -0x8(%rbp),%rax
  4027ca:	48 89 d6             	mov    %rdx,%rsi
  4027cd:	48 89 c7             	mov    %rax,%rdi
  4027d0:	e8 b1 01 00 00       	callq  402986 <std::_Vector_base<unsigned long, std::allocator<unsigned long> >::_M_allocate(unsigned long)>
  4027d5:	48 8b 55 f8          	mov    -0x8(%rbp),%rdx
  4027d9:	48 89 02             	mov    %rax,(%rdx)
  4027dc:	48 8b 45 f8          	mov    -0x8(%rbp),%rax
  4027e0:	48 8b 10             	mov    (%rax),%rdx
  4027e3:	48 8b 45 f8          	mov    -0x8(%rbp),%rax
  4027e7:	48 89 50 08          	mov    %rdx,0x8(%rax)
  4027eb:	48 8b 45 f8          	mov    -0x8(%rbp),%rax
  4027ef:	48 8b 10             	mov    (%rax),%rdx
  4027f2:	48 8b 45 f0          	mov    -0x10(%rbp),%rax
  4027f6:	48 c1 e0 03          	shl    $0x3,%rax
  4027fa:	48 01 c2             	add    %rax,%rdx
  4027fd:	48 8b 45 f8          	mov    -0x8(%rbp),%rax
  402801:	48 89 50 10          	mov    %rdx,0x10(%rax)
  402805:	90                   	nop
  402806:	c9                   	leaveq 
  402807:	c3                   	retq   

0000000000402808 <std::_Vector_base<unsigned long, std::allocator<unsigned long> >::_M_deallocate(unsigned long*, unsigned long)>:
  402808:	55                   	push   %rbp
  402809:	48 89 e5             	mov    %rsp,%rbp
  40280c:	48 83 ec 20          	sub    $0x20,%rsp
  402810:	48 89 7d f8          	mov    %rdi,-0x8(%rbp)
  402814:	48 89 75 f0          	mov    %rsi,-0x10(%rbp)
  402818:	48 89 55 e8          	mov    %rdx,-0x18(%rbp)
  40281c:	48 83 7d f0 00       	cmpq   $0x0,-0x10(%rbp)
  402821:	74 17                	je     40283a <std::_Vector_base<unsigned long, std::allocator<unsigned long> >::_M_deallocate(unsigned long*, unsigned long)+0x32>
  402823:	48 8b 45 f8          	mov    -0x8(%rbp),%rax
  402827:	48 8b 55 e8          	mov    -0x18(%rbp),%rdx
  40282b:	48 8b 4d f0          	mov    -0x10(%rbp),%rcx
  40282f:	48 89 ce             	mov    %rcx,%rsi
  402832:	48 89 c7             	mov    %rax,%rdi
  402835:	e8 7f 01 00 00       	callq  4029b9 <std::allocator_traits<std::allocator<unsigned long> >::deallocate(std::allocator<unsigned long>&, unsigned long*, unsigned long)>
  40283a:	90                   	nop
  40283b:	c9                   	leaveq 
  40283c:	c3                   	retq   

000000000040283d <unsigned long* std::__uninitialized_default_n_a<unsigned long*, unsigned long, unsigned long>(unsigned long*, unsigned long, std::allocator<unsigned long>&)>:
  40283d:	55                   	push   %rbp
  40283e:	48 89 e5             	mov    %rsp,%rbp
  402841:	48 83 ec 20          	sub    $0x20,%rsp
  402845:	48 89 7d f8          	mov    %rdi,-0x8(%rbp)
  402849:	48 89 75 f0          	mov    %rsi,-0x10(%rbp)
  40284d:	48 89 55 e8          	mov    %rdx,-0x18(%rbp)
  402851:	48 8b 55 f0          	mov    -0x10(%rbp),%rdx
  402855:	48 8b 45 f8          	mov    -0x8(%rbp),%rax
  402859:	48 89 d6             	mov    %rdx,%rsi
  40285c:	48 89 c7             	mov    %rax,%rdi
  40285f:	e8 83 01 00 00       	callq  4029e7 <unsigned long* std::__uninitialized_default_n<unsigned long*, unsigned long>(unsigned long*, unsigned long)>
  402864:	c9                   	leaveq 
  402865:	c3                   	retq   

0000000000402866 <void std::_Destroy<unsigned long*>(unsigned long*, unsigned long*)>:
  402866:	55                   	push   %rbp
  402867:	48 89 e5             	mov    %rsp,%rbp
  40286a:	48 83 ec 10          	sub    $0x10,%rsp
  40286e:	48 89 7d f8          	mov    %rdi,-0x8(%rbp)
  402872:	48 89 75 f0          	mov    %rsi,-0x10(%rbp)
  402876:	48 8b 55 f0          	mov    -0x10(%rbp),%rdx
  40287a:	48 8b 45 f8          	mov    -0x8(%rbp),%rax
  40287e:	48 89 d6             	mov    %rdx,%rsi
  402881:	48 89 c7             	mov    %rax,%rdi
  402884:	e8 87 01 00 00       	callq  402a10 <void std::_Destroy_aux<true>::__destroy<unsigned long*>(unsigned long*, unsigned long*)>
  402889:	90                   	nop
  40288a:	c9                   	leaveq 
  40288b:	c3                   	retq   

000000000040288c <unsigned long std::__detail::__mod<unsigned long, 0ul, 1ul, 0ul>(unsigned long)>:
  40288c:	55                   	push   %rbp
  40288d:	48 89 e5             	mov    %rsp,%rbp
  402890:	48 83 ec 20          	sub    $0x20,%rsp
  402894:	48 89 7d e8          	mov    %rdi,-0x18(%rbp)
  402898:	48 c7 45 f8 01 00 00 	movq   $0x1,-0x8(%rbp)
  40289f:	00 
  4028a0:	48 8b 45 e8          	mov    -0x18(%rbp),%rax
  4028a4:	48 89 c7             	mov    %rax,%rdi
  4028a7:	e8 73 01 00 00       	callq  402a1f <std::__detail::_Mod<unsigned long, 0ul, 1ul, 0ul, true, false>::__calc(unsigned long)>
  4028ac:	90                   	nop
  4028ad:	c9                   	leaveq 
  4028ae:	c3                   	retq   

00000000004028af <unsigned long std::__detail::__mod<unsigned long, 312ul, 1ul, 0ul>(unsigned long)>:
  4028af:	55                   	push   %rbp
  4028b0:	48 89 e5             	mov    %rsp,%rbp
  4028b3:	48 83 ec 20          	sub    $0x20,%rsp
  4028b7:	48 89 7d e8          	mov    %rdi,-0x18(%rbp)
  4028bb:	48 c7 45 f8 01 00 00 	movq   $0x1,-0x8(%rbp)
  4028c2:	00 
  4028c3:	48 8b 45 e8          	mov    -0x18(%rbp),%rax
  4028c7:	48 89 c7             	mov    %rax,%rdi
  4028ca:	e8 66 01 00 00       	callq  402a35 <std::__detail::_Mod<unsigned long, 312ul, 1ul, 0ul, true, true>::__calc(unsigned long)>
  4028cf:	90                   	nop
  4028d0:	c9                   	leaveq 
  4028d1:	c3                   	retq   

00000000004028d2 <unsigned long* std::__uninitialized_fill_n_a<unsigned long*, unsigned long, unsigned long, unsigned long>(unsigned long*, unsigned long, unsigned long const&, std::allocator<unsigned long>&)>:
  4028d2:	55                   	push   %rbp
  4028d3:	48 89 e5             	mov    %rsp,%rbp
  4028d6:	48 83 ec 20          	sub    $0x20,%rsp
  4028da:	48 89 7d f8          	mov    %rdi,-0x8(%rbp)
  4028de:	48 89 75 f0          	mov    %rsi,-0x10(%rbp)
  4028e2:	48 89 55 e8          	mov    %rdx,-0x18(%rbp)
  4028e6:	48 89 4d e0          	mov    %rcx,-0x20(%rbp)
  4028ea:	48 8b 55 e8          	mov    -0x18(%rbp),%rdx
  4028ee:	48 8b 4d f0          	mov    -0x10(%rbp),%rcx
  4028f2:	48 8b 45 f8          	mov    -0x8(%rbp),%rax
  4028f6:	48 89 ce             	mov    %rcx,%rsi
  4028f9:	48 89 c7             	mov    %rax,%rdi
  4028fc:	e8 79 01 00 00       	callq  402a7a <unsigned long* std::uninitialized_fill_n<unsigned long*, unsigned long, unsigned long>(unsigned long*, unsigned long, unsigned long const&)>
  402901:	c9                   	leaveq 
  402902:	c3                   	retq   

0000000000402903 <std::allocator_traits<std::allocator<unsigned long> >::max_size(std::allocator<unsigned long> const&)>:
  402903:	55                   	push   %rbp
  402904:	48 89 e5             	mov    %rsp,%rbp
  402907:	48 83 ec 10          	sub    $0x10,%rsp
  40290b:	48 89 7d f8          	mov    %rdi,-0x8(%rbp)
  40290f:	48 8b 45 f8          	mov    -0x8(%rbp),%rax
  402913:	48 89 c7             	mov    %rax,%rdi
  402916:	e8 91 01 00 00       	callq  402aac <__gnu_cxx::new_allocator<unsigned long>::max_size() const>
  40291b:	c9                   	leaveq 
  40291c:	c3                   	retq   

000000000040291d <unsigned long const& std::min<unsigned long>(unsigned long const&, unsigned long const&)>:
  40291d:	55                   	push   %rbp
  40291e:	48 89 e5             	mov    %rsp,%rbp
  402921:	48 89 7d f8          	mov    %rdi,-0x8(%rbp)
  402925:	48 89 75 f0          	mov    %rsi,-0x10(%rbp)
  402929:	48 8b 45 f0          	mov    -0x10(%rbp),%rax
  40292d:	48 8b 10             	mov    (%rax),%rdx
  402930:	48 8b 45 f8          	mov    -0x8(%rbp),%rax
  402934:	48 8b 00             	mov    (%rax),%rax
  402937:	48 39 c2             	cmp    %rax,%rdx
  40293a:	73 06                	jae    402942 <unsigned long const& std::min<unsigned long>(unsigned long const&, unsigned long const&)+0x25>
  40293c:	48 8b 45 f0          	mov    -0x10(%rbp),%rax
  402940:	eb 04                	jmp    402946 <unsigned long const& std::min<unsigned long>(unsigned long const&, unsigned long const&)+0x29>
  402942:	48 8b 45 f8          	mov    -0x8(%rbp),%rax
  402946:	5d                   	pop    %rbp
  402947:	c3                   	retq   

0000000000402948 <__gnu_cxx::new_allocator<unsigned long>::new_allocator(__gnu_cxx::new_allocator<unsigned long> const&)>:
  402948:	55                   	push   %rbp
  402949:	48 89 e5             	mov    %rsp,%rbp
  40294c:	48 89 7d f8          	mov    %rdi,-0x8(%rbp)
  402950:	48 89 75 f0          	mov    %rsi,-0x10(%rbp)
  402954:	90                   	nop
  402955:	5d                   	pop    %rbp
  402956:	c3                   	retq   
  402957:	90                   	nop

0000000000402958 <std::_Vector_base<unsigned long, std::allocator<unsigned long> >::_Vector_impl_data::_Vector_impl_data()>:
  402958:	55                   	push   %rbp
  402959:	48 89 e5             	mov    %rsp,%rbp
  40295c:	48 89 7d f8          	mov    %rdi,-0x8(%rbp)
  402960:	48 8b 45 f8          	mov    -0x8(%rbp),%rax
  402964:	48 c7 00 00 00 00 00 	movq   $0x0,(%rax)
  40296b:	48 8b 45 f8          	mov    -0x8(%rbp),%rax
  40296f:	48 c7 40 08 00 00 00 	movq   $0x0,0x8(%rax)
  402976:	00 
  402977:	48 8b 45 f8          	mov    -0x8(%rbp),%rax
  40297b:	48 c7 40 10 00 00 00 	movq   $0x0,0x10(%rax)
  402982:	00 
  402983:	90                   	nop
  402984:	5d                   	pop    %rbp
  402985:	c3                   	retq   

0000000000402986 <std::_Vector_base<unsigned long, std::allocator<unsigned long> >::_M_allocate(unsigned long)>:
  402986:	55                   	push   %rbp
  402987:	48 89 e5             	mov    %rsp,%rbp
  40298a:	48 83 ec 10          	sub    $0x10,%rsp
  40298e:	48 89 7d f8          	mov    %rdi,-0x8(%rbp)
  402992:	48 89 75 f0          	mov    %rsi,-0x10(%rbp)
  402996:	48 83 7d f0 00       	cmpq   $0x0,-0x10(%rbp)
  40299b:	74 15                	je     4029b2 <std::_Vector_base<unsigned long, std::allocator<unsigned long> >::_M_allocate(unsigned long)+0x2c>
  40299d:	48 8b 45 f8          	mov    -0x8(%rbp),%rax
  4029a1:	48 8b 55 f0          	mov    -0x10(%rbp),%rdx
  4029a5:	48 89 d6             	mov    %rdx,%rsi
  4029a8:	48 89 c7             	mov    %rax,%rdi
  4029ab:	e8 16 01 00 00       	callq  402ac6 <std::allocator_traits<std::allocator<unsigned long> >::allocate(std::allocator<unsigned long>&, unsigned long)>
  4029b0:	eb 05                	jmp    4029b7 <std::_Vector_base<unsigned long, std::allocator<unsigned long> >::_M_allocate(unsigned long)+0x31>
  4029b2:	b8 00 00 00 00       	mov    $0x0,%eax
  4029b7:	c9                   	leaveq 
  4029b8:	c3                   	retq   

00000000004029b9 <std::allocator_traits<std::allocator<unsigned long> >::deallocate(std::allocator<unsigned long>&, unsigned long*, unsigned long)>:
  4029b9:	55                   	push   %rbp
  4029ba:	48 89 e5             	mov    %rsp,%rbp
  4029bd:	48 83 ec 20          	sub    $0x20,%rsp
  4029c1:	48 89 7d f8          	mov    %rdi,-0x8(%rbp)
  4029c5:	48 89 75 f0          	mov    %rsi,-0x10(%rbp)
  4029c9:	48 89 55 e8          	mov    %rdx,-0x18(%rbp)
  4029cd:	48 8b 55 e8          	mov    -0x18(%rbp),%rdx
  4029d1:	48 8b 4d f0          	mov    -0x10(%rbp),%rcx
  4029d5:	48 8b 45 f8          	mov    -0x8(%rbp),%rax
  4029d9:	48 89 ce             	mov    %rcx,%rsi
  4029dc:	48 89 c7             	mov    %rax,%rdi
  4029df:	e8 0c 01 00 00       	callq  402af0 <__gnu_cxx::new_allocator<unsigned long>::deallocate(unsigned long*, unsigned long)>
  4029e4:	90                   	nop
  4029e5:	c9                   	leaveq 
  4029e6:	c3                   	retq   

00000000004029e7 <unsigned long* std::__uninitialized_default_n<unsigned long*, unsigned long>(unsigned long*, unsigned long)>:
  4029e7:	55                   	push   %rbp
  4029e8:	48 89 e5             	mov    %rsp,%rbp
  4029eb:	48 83 ec 20          	sub    $0x20,%rsp
  4029ef:	48 89 7d e8          	mov    %rdi,-0x18(%rbp)
  4029f3:	48 89 75 e0          	mov    %rsi,-0x20(%rbp)
  4029f7:	c6 45 ff 01          	movb   $0x1,-0x1(%rbp)
  4029fb:	48 8b 55 e0          	mov    -0x20(%rbp),%rdx
  4029ff:	48 8b 45 e8          	mov    -0x18(%rbp),%rax
  402a03:	48 89 d6             	mov    %rdx,%rsi
  402a06:	48 89 c7             	mov    %rax,%rdi
  402a09:	e8 13 01 00 00       	callq  402b21 <unsigned long* std::__uninitialized_default_n_1<true>::__uninit_default_n<unsigned long*, unsigned long>(unsigned long*, unsigned long)>
  402a0e:	c9                   	leaveq 
  402a0f:	c3                   	retq   

0000000000402a10 <void std::_Destroy_aux<true>::__destroy<unsigned long*>(unsigned long*, unsigned long*)>:
  402a10:	55                   	push   %rbp
  402a11:	48 89 e5             	mov    %rsp,%rbp
  402a14:	48 89 7d f8          	mov    %rdi,-0x8(%rbp)
  402a18:	48 89 75 f0          	mov    %rsi,-0x10(%rbp)
  402a1c:	90                   	nop
  402a1d:	5d                   	pop    %rbp
  402a1e:	c3                   	retq   

0000000000402a1f <std::__detail::_Mod<unsigned long, 0ul, 1ul, 0ul, true, false>::__calc(unsigned long)>:
  402a1f:	55                   	push   %rbp
  402a20:	48 89 e5             	mov    %rsp,%rbp
  402a23:	48 89 7d e8          	mov    %rdi,-0x18(%rbp)
  402a27:	48 8b 45 e8          	mov    -0x18(%rbp),%rax
  402a2b:	48 89 45 f8          	mov    %rax,-0x8(%rbp)
  402a2f:	48 8b 45 f8          	mov    -0x8(%rbp),%rax
  402a33:	5d                   	pop    %rbp
  402a34:	c3                   	retq   

0000000000402a35 <std::__detail::_Mod<unsigned long, 312ul, 1ul, 0ul, true, true>::__calc(unsigned long)>:
  402a35:	55                   	push   %rbp
  402a36:	48 89 e5             	mov    %rsp,%rbp
  402a39:	48 89 7d e8          	mov    %rdi,-0x18(%rbp)
  402a3d:	48 8b 45 e8          	mov    -0x18(%rbp),%rax
  402a41:	48 89 45 f8          	mov    %rax,-0x8(%rbp)
  402a45:	48 8b 4d f8          	mov    -0x8(%rbp),%rcx
  402a49:	48 89 c8             	mov    %rcx,%rax
  402a4c:	48 c1 e8 03          	shr    $0x3,%rax
  402a50:	48 ba 21 0d d2 20 0d 	movabs $0xd20d20d20d20d21,%rdx
  402a57:	d2 20 0d 
  402a5a:	48 f7 e2             	mul    %rdx
  402a5d:	48 89 d0             	mov    %rdx,%rax
  402a60:	48 d1 e8             	shr    %rax
  402a63:	48 69 d0 38 01 00 00 	imul   $0x138,%rax,%rdx
  402a6a:	48 89 c8             	mov    %rcx,%rax
  402a6d:	48 29 d0             	sub    %rdx,%rax
  402a70:	48 89 45 f8          	mov    %rax,-0x8(%rbp)
  402a74:	48 8b 45 f8          	mov    -0x8(%rbp),%rax
  402a78:	5d                   	pop    %rbp
  402a79:	c3                   	retq   

0000000000402a7a <unsigned long* std::uninitialized_fill_n<unsigned long*, unsigned long, unsigned long>(unsigned long*, unsigned long, unsigned long const&)>:
  402a7a:	55                   	push   %rbp
  402a7b:	48 89 e5             	mov    %rsp,%rbp
  402a7e:	48 83 ec 30          	sub    $0x30,%rsp
  402a82:	48 89 7d e8          	mov    %rdi,-0x18(%rbp)
  402a86:	48 89 75 e0          	mov    %rsi,-0x20(%rbp)
  402a8a:	48 89 55 d8          	mov    %rdx,-0x28(%rbp)
  402a8e:	c6 45 ff 01          	movb   $0x1,-0x1(%rbp)
  402a92:	48 8b 55 d8          	mov    -0x28(%rbp),%rdx
  402a96:	48 8b 4d e0          	mov    -0x20(%rbp),%rcx
  402a9a:	48 8b 45 e8          	mov    -0x18(%rbp),%rax
  402a9e:	48 89 ce             	mov    %rcx,%rsi
  402aa1:	48 89 c7             	mov    %rax,%rdi
  402aa4:	e8 d5 00 00 00       	callq  402b7e <unsigned long* std::__uninitialized_fill_n<true>::__uninit_fill_n<unsigned long*, unsigned long, unsigned long>(unsigned long*, unsigned long, unsigned long const&)>
  402aa9:	c9                   	leaveq 
  402aaa:	c3                   	retq   
  402aab:	90                   	nop

0000000000402aac <__gnu_cxx::new_allocator<unsigned long>::max_size() const>:
  402aac:	55                   	push   %rbp
  402aad:	48 89 e5             	mov    %rsp,%rbp
  402ab0:	48 83 ec 10          	sub    $0x10,%rsp
  402ab4:	48 89 7d f8          	mov    %rdi,-0x8(%rbp)
  402ab8:	48 8b 45 f8          	mov    -0x8(%rbp),%rax
  402abc:	48 89 c7             	mov    %rax,%rdi
  402abf:	e8 e8 00 00 00       	callq  402bac <__gnu_cxx::new_allocator<unsigned long>::_M_max_size() const>
  402ac4:	c9                   	leaveq 
  402ac5:	c3                   	retq   

0000000000402ac6 <std::allocator_traits<std::allocator<unsigned long> >::allocate(std::allocator<unsigned long>&, unsigned long)>:
  402ac6:	55                   	push   %rbp
  402ac7:	48 89 e5             	mov    %rsp,%rbp
  402aca:	48 83 ec 10          	sub    $0x10,%rsp
  402ace:	48 89 7d f8          	mov    %rdi,-0x8(%rbp)
  402ad2:	48 89 75 f0          	mov    %rsi,-0x10(%rbp)
  402ad6:	48 8b 4d f0          	mov    -0x10(%rbp),%rcx
  402ada:	48 8b 45 f8          	mov    -0x8(%rbp),%rax
  402ade:	ba 00 00 00 00       	mov    $0x0,%edx
  402ae3:	48 89 ce             	mov    %rcx,%rsi
  402ae6:	48 89 c7             	mov    %rax,%rdi
  402ae9:	e8 d2 00 00 00       	callq  402bc0 <__gnu_cxx::new_allocator<unsigned long>::allocate(unsigned long, void const*)>
  402aee:	c9                   	leaveq 
  402aef:	c3                   	retq   

0000000000402af0 <__gnu_cxx::new_allocator<unsigned long>::deallocate(unsigned long*, unsigned long)>:
  402af0:	55                   	push   %rbp
  402af1:	48 89 e5             	mov    %rsp,%rbp
  402af4:	48 83 ec 20          	sub    $0x20,%rsp
  402af8:	48 89 7d f8          	mov    %rdi,-0x8(%rbp)
  402afc:	48 89 75 f0          	mov    %rsi,-0x10(%rbp)
  402b00:	48 89 55 e8          	mov    %rdx,-0x18(%rbp)
  402b04:	48 8b 45 f0          	mov    -0x10(%rbp),%rax
  402b08:	48 89 c7             	mov    %rax,%rdi
  402b0b:	e8 c0 e5 ff ff       	callq  4010d0 <operator delete(void*)@plt>
  402b10:	90                   	nop
  402b11:	c9                   	leaveq 
  402b12:	c3                   	retq   

0000000000402b13 <unsigned long* std::__addressof<unsigned long>(unsigned long&)>:
  402b13:	55                   	push   %rbp
  402b14:	48 89 e5             	mov    %rsp,%rbp
  402b17:	48 89 7d f8          	mov    %rdi,-0x8(%rbp)
  402b1b:	48 8b 45 f8          	mov    -0x8(%rbp),%rax
  402b1f:	5d                   	pop    %rbp
  402b20:	c3                   	retq   

0000000000402b21 <unsigned long* std::__uninitialized_default_n_1<true>::__uninit_default_n<unsigned long*, unsigned long>(unsigned long*, unsigned long)>:
  402b21:	55                   	push   %rbp
  402b22:	48 89 e5             	mov    %rsp,%rbp
  402b25:	48 83 ec 20          	sub    $0x20,%rsp
  402b29:	48 89 7d e8          	mov    %rdi,-0x18(%rbp)
  402b2d:	48 89 75 e0          	mov    %rsi,-0x20(%rbp)
  402b31:	48 83 7d e0 00       	cmpq   $0x0,-0x20(%rbp)
  402b36:	74 40                	je     402b78 <unsigned long* std::__uninitialized_default_n_1<true>::__uninit_default_n<unsigned long*, unsigned long>(unsigned long*, unsigned long)+0x57>
  402b38:	48 8b 45 e8          	mov    -0x18(%rbp),%rax
  402b3c:	48 89 c7             	mov    %rax,%rdi
  402b3f:	e8 cf ff ff ff       	callq  402b13 <unsigned long* std::__addressof<unsigned long>(unsigned long&)>
  402b44:	48 89 45 f8          	mov    %rax,-0x8(%rbp)
  402b48:	48 8b 45 f8          	mov    -0x8(%rbp),%rax
  402b4c:	48 89 c7             	mov    %rax,%rdi
  402b4f:	e8 cc 00 00 00       	callq  402c20 <void std::_Construct<unsigned long>(unsigned long*)>
  402b54:	48 83 45 e8 08       	addq   $0x8,-0x18(%rbp)
  402b59:	48 8b 45 e0          	mov    -0x20(%rbp),%rax
  402b5d:	48 8d 48 ff          	lea    -0x1(%rax),%rcx
  402b61:	48 8b 55 f8          	mov    -0x8(%rbp),%rdx
  402b65:	48 8b 45 e8          	mov    -0x18(%rbp),%rax
  402b69:	48 89 ce             	mov    %rcx,%rsi
  402b6c:	48 89 c7             	mov    %rax,%rdi
  402b6f:	e8 d3 00 00 00       	callq  402c47 <unsigned long* std::fill_n<unsigned long*, unsigned long, unsigned long>(unsigned long*, unsigned long, unsigned long const&)>
  402b74:	48 89 45 e8          	mov    %rax,-0x18(%rbp)
  402b78:	48 8b 45 e8          	mov    -0x18(%rbp),%rax
  402b7c:	c9                   	leaveq 
  402b7d:	c3                   	retq   

0000000000402b7e <unsigned long* std::__uninitialized_fill_n<true>::__uninit_fill_n<unsigned long*, unsigned long, unsigned long>(unsigned long*, unsigned long, unsigned long const&)>:
  402b7e:	55                   	push   %rbp
  402b7f:	48 89 e5             	mov    %rsp,%rbp
  402b82:	48 83 ec 20          	sub    $0x20,%rsp
  402b86:	48 89 7d f8          	mov    %rdi,-0x8(%rbp)
  402b8a:	48 89 75 f0          	mov    %rsi,-0x10(%rbp)
  402b8e:	48 89 55 e8          	mov    %rdx,-0x18(%rbp)
  402b92:	48 8b 55 e8          	mov    -0x18(%rbp),%rdx
  402b96:	48 8b 4d f0          	mov    -0x10(%rbp),%rcx
  402b9a:	48 8b 45 f8          	mov    -0x8(%rbp),%rax
  402b9e:	48 89 ce             	mov    %rcx,%rsi
  402ba1:	48 89 c7             	mov    %rax,%rdi
  402ba4:	e8 9e 00 00 00       	callq  402c47 <unsigned long* std::fill_n<unsigned long*, unsigned long, unsigned long>(unsigned long*, unsigned long, unsigned long const&)>
  402ba9:	c9                   	leaveq 
  402baa:	c3                   	retq   
  402bab:	90                   	nop

0000000000402bac <__gnu_cxx::new_allocator<unsigned long>::_M_max_size() const>:
  402bac:	55                   	push   %rbp
  402bad:	48 89 e5             	mov    %rsp,%rbp
  402bb0:	48 89 7d f8          	mov    %rdi,-0x8(%rbp)
  402bb4:	48 b8 ff ff ff ff ff 	movabs $0xfffffffffffffff,%rax
  402bbb:	ff ff 0f 
  402bbe:	5d                   	pop    %rbp
  402bbf:	c3                   	retq   

0000000000402bc0 <__gnu_cxx::new_allocator<unsigned long>::allocate(unsigned long, void const*)>:
  402bc0:	55                   	push   %rbp
  402bc1:	48 89 e5             	mov    %rsp,%rbp
  402bc4:	48 83 ec 20          	sub    $0x20,%rsp
  402bc8:	48 89 7d f8          	mov    %rdi,-0x8(%rbp)
  402bcc:	48 89 75 f0          	mov    %rsi,-0x10(%rbp)
  402bd0:	48 89 55 e8          	mov    %rdx,-0x18(%rbp)
  402bd4:	48 8b 45 f8          	mov    -0x8(%rbp),%rax
  402bd8:	48 89 c7             	mov    %rax,%rdi
  402bdb:	e8 cc ff ff ff       	callq  402bac <__gnu_cxx::new_allocator<unsigned long>::_M_max_size() const>
  402be0:	48 39 45 f0          	cmp    %rax,-0x10(%rbp)
  402be4:	0f 97 c0             	seta   %al
  402be7:	0f b6 c0             	movzbl %al,%eax
  402bea:	48 85 c0             	test   %rax,%rax
  402bed:	0f 95 c0             	setne  %al
  402bf0:	84 c0                	test   %al,%al
  402bf2:	74 1a                	je     402c0e <__gnu_cxx::new_allocator<unsigned long>::allocate(unsigned long, void const*)+0x4e>
  402bf4:	48 b8 ff ff ff ff ff 	movabs $0x1fffffffffffffff,%rax
  402bfb:	ff ff 1f 
  402bfe:	48 39 45 f0          	cmp    %rax,-0x10(%rbp)
  402c02:	76 05                	jbe    402c09 <__gnu_cxx::new_allocator<unsigned long>::allocate(unsigned long, void const*)+0x49>
  402c04:	e8 97 e4 ff ff       	callq  4010a0 <std::__throw_bad_array_new_length()@plt>
  402c09:	e8 42 e4 ff ff       	callq  401050 <std::__throw_bad_alloc()@plt>
  402c0e:	48 8b 45 f0          	mov    -0x10(%rbp),%rax
  402c12:	48 c1 e0 03          	shl    $0x3,%rax
  402c16:	48 89 c7             	mov    %rax,%rdi
  402c19:	e8 d2 e4 ff ff       	callq  4010f0 <operator new(unsigned long)@plt>
  402c1e:	c9                   	leaveq 
  402c1f:	c3                   	retq   

0000000000402c20 <void std::_Construct<unsigned long>(unsigned long*)>:
  402c20:	55                   	push   %rbp
  402c21:	48 89 e5             	mov    %rsp,%rbp
  402c24:	48 83 ec 10          	sub    $0x10,%rsp
  402c28:	48 89 7d f8          	mov    %rdi,-0x8(%rbp)
  402c2c:	48 8b 45 f8          	mov    -0x8(%rbp),%rax
  402c30:	48 89 c6             	mov    %rax,%rsi
  402c33:	bf 08 00 00 00       	mov    $0x8,%edi
  402c38:	e8 55 f3 ff ff       	callq  401f92 <operator new(unsigned long, void*)>
  402c3d:	48 c7 00 00 00 00 00 	movq   $0x0,(%rax)
  402c44:	90                   	nop
  402c45:	c9                   	leaveq 
  402c46:	c3                   	retq   

0000000000402c47 <unsigned long* std::fill_n<unsigned long*, unsigned long, unsigned long>(unsigned long*, unsigned long, unsigned long const&)>:
  402c47:	55                   	push   %rbp
  402c48:	48 89 e5             	mov    %rsp,%rbp
  402c4b:	48 83 ec 20          	sub    $0x20,%rsp
  402c4f:	48 89 7d f8          	mov    %rdi,-0x8(%rbp)
  402c53:	48 89 75 f0          	mov    %rsi,-0x10(%rbp)
  402c57:	48 89 55 e8          	mov    %rdx,-0x18(%rbp)
  402c5b:	48 8d 45 f8          	lea    -0x8(%rbp),%rax
  402c5f:	48 89 c7             	mov    %rax,%rdi
  402c62:	e8 24 00 00 00       	callq  402c8b <std::iterator_traits<unsigned long*>::iterator_category std::__iterator_category<unsigned long*>(unsigned long* const&)>
  402c67:	48 8b 45 f0          	mov    -0x10(%rbp),%rax
  402c6b:	48 89 c7             	mov    %rax,%rdi
  402c6e:	e8 11 f3 ff ff       	callq  401f84 <std::__size_to_integer(unsigned long)>
  402c73:	48 89 c1             	mov    %rax,%rcx
  402c76:	48 8b 45 f8          	mov    -0x8(%rbp),%rax
  402c7a:	48 8b 55 e8          	mov    -0x18(%rbp),%rdx
  402c7e:	48 89 ce             	mov    %rcx,%rsi
  402c81:	48 89 c7             	mov    %rax,%rdi
  402c84:	e8 0d 00 00 00       	callq  402c96 <unsigned long* std::__fill_n_a<unsigned long*, unsigned long, unsigned long>(unsigned long*, unsigned long, unsigned long const&, std::random_access_iterator_tag)>
  402c89:	c9                   	leaveq 
  402c8a:	c3                   	retq   

0000000000402c8b <std::iterator_traits<unsigned long*>::iterator_category std::__iterator_category<unsigned long*>(unsigned long* const&)>:
  402c8b:	55                   	push   %rbp
  402c8c:	48 89 e5             	mov    %rsp,%rbp
  402c8f:	48 89 7d f8          	mov    %rdi,-0x8(%rbp)
  402c93:	90                   	nop
  402c94:	5d                   	pop    %rbp
  402c95:	c3                   	retq   

0000000000402c96 <unsigned long* std::__fill_n_a<unsigned long*, unsigned long, unsigned long>(unsigned long*, unsigned long, unsigned long const&, std::random_access_iterator_tag)>:
  402c96:	55                   	push   %rbp
  402c97:	48 89 e5             	mov    %rsp,%rbp
  402c9a:	48 83 ec 20          	sub    $0x20,%rsp
  402c9e:	48 89 7d f8          	mov    %rdi,-0x8(%rbp)
  402ca2:	48 89 75 f0          	mov    %rsi,-0x10(%rbp)
  402ca6:	48 89 55 e8          	mov    %rdx,-0x18(%rbp)
  402caa:	48 83 7d f0 00       	cmpq   $0x0,-0x10(%rbp)
  402caf:	75 06                	jne    402cb7 <unsigned long* std::__fill_n_a<unsigned long*, unsigned long, unsigned long>(unsigned long*, unsigned long, unsigned long const&, std::random_access_iterator_tag)+0x21>
  402cb1:	48 8b 45 f8          	mov    -0x8(%rbp),%rax
  402cb5:	eb 3a                	jmp    402cf1 <unsigned long* std::__fill_n_a<unsigned long*, unsigned long, unsigned long>(unsigned long*, unsigned long, unsigned long const&, std::random_access_iterator_tag)+0x5b>
  402cb7:	48 8b 45 f0          	mov    -0x10(%rbp),%rax
  402cbb:	48 8d 14 c5 00 00 00 	lea    0x0(,%rax,8),%rdx
  402cc2:	00 
  402cc3:	48 8b 45 f8          	mov    -0x8(%rbp),%rax
  402cc7:	48 8d 0c 02          	lea    (%rdx,%rax,1),%rcx
  402ccb:	48 8b 55 e8          	mov    -0x18(%rbp),%rdx
  402ccf:	48 8b 45 f8          	mov    -0x8(%rbp),%rax
  402cd3:	48 89 ce             	mov    %rcx,%rsi
  402cd6:	48 89 c7             	mov    %rax,%rdi
  402cd9:	e8 15 00 00 00       	callq  402cf3 <void std::__fill_a<unsigned long*, unsigned long>(unsigned long*, unsigned long*, unsigned long const&)>
  402cde:	48 8b 45 f0          	mov    -0x10(%rbp),%rax
  402ce2:	48 8d 14 c5 00 00 00 	lea    0x0(,%rax,8),%rdx
  402ce9:	00 
  402cea:	48 8b 45 f8          	mov    -0x8(%rbp),%rax
  402cee:	48 01 d0             	add    %rdx,%rax
  402cf1:	c9                   	leaveq 
  402cf2:	c3                   	retq   

0000000000402cf3 <void std::__fill_a<unsigned long*, unsigned long>(unsigned long*, unsigned long*, unsigned long const&)>:
  402cf3:	55                   	push   %rbp
  402cf4:	48 89 e5             	mov    %rsp,%rbp
  402cf7:	48 83 ec 20          	sub    $0x20,%rsp
  402cfb:	48 89 7d f8          	mov    %rdi,-0x8(%rbp)
  402cff:	48 89 75 f0          	mov    %rsi,-0x10(%rbp)
  402d03:	48 89 55 e8          	mov    %rdx,-0x18(%rbp)
  402d07:	48 8b 55 e8          	mov    -0x18(%rbp),%rdx
  402d0b:	48 8b 4d f0          	mov    -0x10(%rbp),%rcx
  402d0f:	48 8b 45 f8          	mov    -0x8(%rbp),%rax
  402d13:	48 89 ce             	mov    %rcx,%rsi
  402d16:	48 89 c7             	mov    %rax,%rdi
  402d19:	e8 03 00 00 00       	callq  402d21 <__gnu_cxx::__enable_if<std::__is_scalar<unsigned long>::__value, void>::__type std::__fill_a1<unsigned long*, unsigned long>(unsigned long*, unsigned long*, unsigned long const&)>
  402d1e:	90                   	nop
  402d1f:	c9                   	leaveq 
  402d20:	c3                   	retq   

0000000000402d21 <__gnu_cxx::__enable_if<std::__is_scalar<unsigned long>::__value, void>::__type std::__fill_a1<unsigned long*, unsigned long>(unsigned long*, unsigned long*, unsigned long const&)>:
  402d21:	55                   	push   %rbp
  402d22:	48 89 e5             	mov    %rsp,%rbp
  402d25:	48 89 7d e8          	mov    %rdi,-0x18(%rbp)
  402d29:	48 89 75 e0          	mov    %rsi,-0x20(%rbp)
  402d2d:	48 89 55 d8          	mov    %rdx,-0x28(%rbp)
  402d31:	48 8b 45 d8          	mov    -0x28(%rbp),%rax
  402d35:	48 8b 00             	mov    (%rax),%rax
  402d38:	48 89 45 f8          	mov    %rax,-0x8(%rbp)
  402d3c:	eb 10                	jmp    402d4e <__gnu_cxx::__enable_if<std::__is_scalar<unsigned long>::__value, void>::__type std::__fill_a1<unsigned long*, unsigned long>(unsigned long*, unsigned long*, unsigned long const&)+0x2d>
  402d3e:	48 8b 45 e8          	mov    -0x18(%rbp),%rax
  402d42:	48 8b 55 f8          	mov    -0x8(%rbp),%rdx
  402d46:	48 89 10             	mov    %rdx,(%rax)
  402d49:	48 83 45 e8 08       	addq   $0x8,-0x18(%rbp)
  402d4e:	48 8b 45 e8          	mov    -0x18(%rbp),%rax
  402d52:	48 3b 45 e0          	cmp    -0x20(%rbp),%rax
  402d56:	75 e6                	jne    402d3e <__gnu_cxx::__enable_if<std::__is_scalar<unsigned long>::__value, void>::__type std::__fill_a1<unsigned long*, unsigned long>(unsigned long*, unsigned long*, unsigned long const&)+0x1d>
  402d58:	90                   	nop
  402d59:	90                   	nop
  402d5a:	5d                   	pop    %rbp
  402d5b:	c3                   	retq   

Disassembly of section .fini:

0000000000402d5c <_fini>:
  402d5c:	f3 0f 1e fa          	endbr64 
  402d60:	48 83 ec 08          	sub    $0x8,%rsp
  402d64:	48 83 c4 08          	add    $0x8,%rsp
  402d68:	c3                   	retq   
