trial,reload_ticks,classified_evicted
0,71,0
1,70,0
2,70,0
3,68,0
4,68,0
5,70,0
6,71,0
7,71,0
8,68,0
9,72,0
10,70,0
11,72,0
12,67,0
13,71,0
14,68,0
15,71,0
16,69,0
17,70,0
18,67,0
19,67,0
20,68,0
21,70,0
22,71,0
23,70,0
24,70,0
25,68,0
26,69,0
27,70,0
28,72,0
29,73,0
30,69,0
31,69,0
32,68,0
33,70,0
34,69,0
35,71,0
36,70,0
37,67,0
38,71,0
39,68,0
40,70,0
41,73,0
42,70,0
43,68,0
44,69,0
45,70,0
46,70,0
47,69,0
48,70,0
49,68,0
50,71,0
51,70,0
52,70,0
53,68,0
54,69,0
55,70,0
56,70,0
57,69,0
58,69,0
59,70,0
60,69,0
61,67,0
62,70,0
63,67,0
64,67,0
65,69,0
66,70,0
67,71,0
68,71,0
69,68,0
70,70,0
71,71,0
72,70,0
73,70,0
74,69,0
75,68,0
76,72,0
77,67,0
78,69,0
79,69,0
80,70,0
81,70,0
82,69,0
83,70,0
84,70,0
85,69,0
86,70,0
87,70,0
88,69,0
89,69,0
90,70,0
91,70,0
92,71,0
93,70,0
94,72,0
95,70,0
96,69,0
97,68,0
98,69,0
99,71,0
100,70,0
101,70,0
102,68,0
103,71,0
104,69,0
105,65,0
106,71,0
107,70,0
108,71,0
109,69,0
110,71,0
111,68,0
112,71,0
113,71,0
114,70,0
115,69,0
116,69,0
117,68,0
118,70,0
119,69,0
120,69,0
121,70,0
122,67,0
123,67,0
124,71,0
125,70,0
126,67,0
127,73,0
128,70,0
129,71,0
130,69,0
131,68,0
132,70,0
133,71,0
134,68,0
135,68,0
136,67,0
137,68,0
138,69,0
139,69,0
140,70,0
141,70,0
142,69,0
143,69,0
144,70,0
145,69,0
146,71,0
147,68,0
148,69,0
149,68,0
150,70,0
151,71,0
152,70,0
153,72,0
154,67,0
155,70,0
156,68,0
157,67,0
158,70,0
159,70,0
160,71,0
161,71,0
162,68,0
163,69,0
164,71,0
165,70,0
166,70,0
167,65,0
168,71,0
169,70,0
170,68,0
171,71,0
172,67,0
173,69,0
174,70,0
175,70,0
176,67,0
177,71,0
178,70,0
179,70,0
180,67,0
181,69,0
182,71,0
183,72,0
184,73,0
185,71,0
186,68,0
187,70,0
188,71,0
189,72,0
190,70,0
191,71,0
192,71,0
193,70,0
194,70,0
195,69,0
196,69,0
197,68,0
198,69,0
199,71,0
200,68,0
201,73,0
202,71,0
203,70,0
204,70,0
205,73,0
206,68,0
207,69,0
208,71,0
209,70,0
210,69,0
211,67,0
212,70,0
213,69,0
214,70,0
215,70,0
216,69,0
217,68,0
218,71,0
219,71,0
220,66,0
221,71,0
222,67,0
223,71,0
224,72,0
225,71,0
226,70,0
227,71,0
228,71,0
229,70,0
230,69,0
231,69,0
232,70,0
233,71,0
234,68,0
235,71,0
236,69,0
237,67,0
238,70,0
239,71,0
240,70,0
241,72,0
242,67,0
243,66,0
244,67,0
245,71,0
246,70,0
247,69,0
248,68,0
249,69,0
250,71,0
251,70,0
252,69,0
253,70,0
254,70,0
255,69,0
256,70,0
257,73,0
258,70,0
259,70,0
260,69,0
261,72,0
262,69,0
263,71,0
264,70,0
265,71,0
266,71,0
267,72,0
268,71,0
269,72,0
270,69,0
271,69,0
272,72,0
273,71,0
274,72,0
275,73,0
276,69,0
277,70,0
278,71,0
279,72,0
280,72,0
281,71,0
282,72,0
283,69,0
284,73,0
285,72,0
286,70,0
287,73,0
288,70,0
289,71,0
290,69,0
291,70,0
292,69,0
293,69,0
294,70,0
295,71,0
296,70,0
297,71,0
298,71,0
299,68,0
300,71,0
301,72,0
302,68,0
303,69,0
304,70,0
305,67,0
306,71,0
307,70,0
308,69,0
309,70,0
310,70,0
311,69,0
312,69,0
313,70,0
314,71,0
315,68,0
316,71,0
317,69,0
318,70,0
319,71,0
320,69,0
321,70,0
322,72,0
323,71,0
324,69,0
325,70,0
326,70,0
327,71,0
328,69,0
329,70,0
330,70,0
331,69,0
332,69,0
333,70,0
334,70,0
335,67,0
336,71,0
337,69,0
338,70,0
339,67,0
340,69,0
341,68,0
342,69,0
343,71,0
344,70,0
345,68,0
346,68,0
347,69,0
348,67,0
349,70,0
350,65,0
351,67,0
352,70,0
353,70,0
354,71,0
355,69,0
356,69,0
357,68,0
358,68,0
359,67,0
360,71,0
361,70,0
362,70,0
363,71,0
364,69,0
365,70,0
366,70,0
367,67,0
368,69,0
369,70,0
370,67,0
371,70,0
372,70,0
373,71,0
374,69,0
375,70,0
376,68,0
377,71,0
378,69,0
379,69,0
380,70,0
381,70,0
382,69,0
383,69,0
384,70,0
385,72,0
386,70,0
387,69,0
388,69,0
389,70,0
390,70,0
391,71,0
392,69,0
393,72,0
394,68,0
395,71,0
396,70,0
397,72,0
398,67,0
399,71,0
400,70,0
401,69,0
402,71,0
403,69,0
404,70,0
405,70,0
406,70,0
407,71,0
408,72,0
409,70,0
410,71,0
411,89,0
412,68,0
413,68,0
414,69,0
415,71,0
416,67,0
417,70,0
418,69,0
419,70,0
420,70,0
421,70,0
422,70,0
423,71,0
424,71,0
425,72,0
426,68,0
427,68,0
428,71,0
429,69,0
430,69,0
431,70,0
432,68,0
433,69,0
434,70,0
435,71,0
436,69,0
437,68,0
438,72,0
439,71,0
440,71,0
441,71,0
442,70,0
443,70,0
444,73,0
445,69,0
446,67,0
447,70,0
448,70,0
449,70,0
450,69,0
451,71,0
452,70,0
453,70,0
454,69,0
455,68,0
456,67,0
457,69,0
458,71,0
459,70,0
460,70,0
461,71,0
462,69,0
463,68,0
464,70,0
465,71,0
466,71,0
467,71,0
468,69,0
469,70,0
470,70,0
471,67,0
472,71,0
473,70,0
474,70,0
475,71,0
476,73,0
477,70,0
478,68,0
479,68,0
480,67,0
481,71,0
482,70,0
483,72,0
484,69,0
485,72,0
486,70,0
487,67,0
488,73,0
489,71,0
490,70,0
491,70,0
492,67,0
493,69,0
494,68,0
495,71,0
496,70,0
497,70,0
498,69,0
499,69,0
500,68,0
501,70,0
502,71,0
503,71,0
504,71,0
505,70,0
506,71,0
507,71,0
508,68,0
509,68,0
510,70,0
511,69,0
512,71,0
513,72,0
514,70,0
515,73,0
516,69,0
517,68,0
518,71,0
519,67,0
520,72,0
521,71,0
522,69,0
523,68,0
524,69,0
525,71,0
526,68,0
527,67,0
528,67,0
529,70,0
530,71,0
531,71,0
532,70,0
533,68,0
534,69,0
535,67,0
536,72,0
537,67,0
538,70,0
539,72,0
540,67,0
541,69,0
542,70,0
543,71,0
544,71,0
545,72,0
546,70,0
547,67,0
548,72,0
549,68,0
550,70,0
551,71,0
552,69,0
553,70,0
554,70,0
555,71,0
556,70,0
557,70,0
558,67,0
559,71,0
560,68,0
561,71,0
562,69,0
563,70,0
564,71,0
565,69,0
566,69,0
567,68,0
568,67,0
569,71,0
570,68,0
571,68,0
572,67,0
573,69,0
574,72,0
575,70,0
576,69,0
577,69,0
578,70,0
579,72,0
580,71,0
581,71,0
582,70,0
583,71,0
584,69,0
585,70,0
586,70,0
587,69,0
588,69,0
589,70,0
590,70,0
591,69,0
592,71,0
593,71,0
594,70,0
595,71,0
596,71,0
597,68,0
598,68,0
599,71,0
600,67,0
601,68,0
602,68,0
603,70,0
604,69,0
605,70,0
606,72,0
607,69,0
608,71,0
609,68,0
610,72,0
611,69,0
612,72,0
613,70,0
614,69,0
615,71,0
616,70,0
617,70,0
618,65,0
619,67,0
620,70,0
621,68,0
622,70,0
623,65,0
624,67,0
625,69,0
626,70,0
627,68,0
628,73,0
629,71,0
630,69,0
631,71,0
632,70,0
633,70,0
634,71,0
635,65,0
636,71,0
637,68,0
638,68,0
639,67,0
640,67,0
641,69,0
642,67,0
643,70,0
644,68,0
645,69,0
646,70,0
647,68,0
648,68,0
649,69,0
650,70,0
651,70,0
652,67,0
653,69,0
654,70,0
655,68,0
656,67,0
657,69,0
658,71,0
659,72,0
660,68,0
661,65,0
662,71,0
663,68,0
664,68,0
665,69,0
666,69,0
667,70,0
668,70,0
669,67,0
670,69,0
671,68,0
672,70,0
673,69,0
674,67,0
675,68,0
676,70,0
677,68,0
678,70,0
679,71,0
680,70,0
681,68,0
682,67,0
683,69,0
684,70,0
685,70,0
686,73,0
687,69,0
688,72,0
689,70,0
690,71,0
691,69,0
692,70,0
693,69,0
694,69,0
695,70,0
696,69,0
697,69,0
698,70,0
699,67,0
700,71,0
701,70,0
702,69,0
703,71,0
704,70,0
705,71,0
706,69,0
707,70,0
708,70,0
709,71,0
710,73,0
711,69,0
712,70,0
713,73,0
714,70,0
715,72,0
716,68,0
717,69,0
718,70,0
719,71,0
720,71,0
721,68,0
722,71,0
723,71,0
724,70,0
725,70,0
726,69,0
727,72,0
728,70,0
729,71,0
730,71,0
731,70,0
732,68,0
733,71,0
734,70,0
735,70,0
736,71,0
737,70,0
738,67,0
739,71,0
740,70,0
741,67,0
742,71,0
743,68,0
744,71,0
745,67,0
746,68,0
747,65,0
748,70,0
749,68,0
750,71,0
751,70,0
752,69,0
753,70,0
754,70,0
755,70,0
756,71,0
757,66,0
758,69,0
759,72,0
760,71,0
761,71,0
762,68,0
763,67,0
764,70,0
765,68,0
766,69,0
767,70,0
768,69,0
769,70,0
770,70,0
771,67,0
772,68,0
773,73,0
774,70,0
775,70,0
776,71,0
777,69,0
778,70,0
779,71,0
780,71,0
781,70,0
782,67,0
783,72,0
784,70,0
785,69,0
786,70,0
787,69,0
788,70,0
789,70,0
790,71,0
791,70,0
792,69,0
793,69,0
794,68,0
795,70,0
796,71,0
797,68,0
798,71,0
799,69,0
800,68,0
801,71,0
802,69,0
803,68,0
804,69,0
805,70,0
806,68,0
807,71,0
808,68,0
809,71,0
810,67,0
811,68,0
812,69,0
813,71,0
814,68,0
815,71,0
816,68,0
817,69,0
818,69,0
819,70,0
820,69,0
821,67,0
822,70,0
823,69,0
824,68,0
825,69,0
826,67,0
827,67,0
828,68,0
829,67,0
830,71,0
831,69,0
832,70,0
833,70,0
834,71,0
835,70,0
836,72,0
837,69,0
838,70,0
839,70,0
840,69,0
841,69,0
842,70,0
843,71,0
844,67,0
845,70,0
846,69,0
847,71,0
848,70,0
849,73,0
850,73,0
851,72,0
852,69,0
853,67,0
854,67,0
855,70,0
856,69,0
857,69,0
858,69,0
859,68,0
860,71,0
861,69,0
862,68,0
863,71,0
864,69,0
865,68,0
866,71,0
867,71,0
868,70,0
869,73,0
870,71,0
871,68,0
872,69,0
873,69,0
874,68,0
875,71,0
876,69,0
877,68,0
878,68,0
879,68,0
880,69,0
881,68,0
882,73,0
883,67,0
884,68,0
885,69,0
886,70,0
887,70,0
888,67,0
889,70,0
890,67,0
891,69,0
892,70,0
893,70,0
894,67,0
895,69,0
896,70,0
897,70,0
898,73,0
899,71,0
900,70,0
901,71,0
902,69,0
903,69,0
904,70,0
905,70,0
906,70,0
907,70,0
908,69,0
909,71,0
910,70,0
911,69,0
912,70,0
913,70,0
914,68,0
915,69,0
916,70,0
917,70,0
918,71,0
919,93,0
920,70,0
921,72,0
922,68,0
923,69,0
924,70,0
925,70,0
926,67,0
927,71,0
928,68,0
929,70,0
930,69,0
931,67,0
932,72,0
933,70,0
934,65,0
935,69,0
936,69,0
937,71,0
938,68,0
939,70,0
940,67,0
941,69,0
942,70,0
943,70,0
944,67,0
945,70,0
946,72,0
947,69,0
948,69,0
949,71,0
950,72,0
951,69,0
952,71,0
953,70,0
954,70,0
955,69,0
956,71,0
957,73,0
958,68,0
959,72,0
960,70,0
961,67,0
962,71,0
963,70,0
964,69,0
965,69,0
966,70,0
967,72,0
968,67,0
969,69,0
970,70,0
971,72,0
972,69,0
973,69,0
974,70,0
975,69,0
976,71,0
977,71,0
978,70,0
979,69,0
980,71,0
981,71,0
982,69,0
983,68,0
984,70,0
985,69,0
986,70,0
987,70,0
988,72,0
989,69,0
990,69,0
991,70,0
992,68,0
993,71,0
994,68,0
995,68,0
996,73,0
997,69,0
998,70,0
999,72,0
1000,67,0
1001,70,0
1002,71,0
1003,71,0
1004,71,0
1005,68,0
1006,70,0
1007,69,0
1008,67,0
1009,72,0
1010,70,0
1011,67,0
1012,69,0
1013,70,0
1014,68,0
1015,69,0
1016,71,0
1017,70,0
1018,70,0
1019,69,0
1020,71,0
1021,72,0
1022,70,0
1023,71,0
1024,69,0
1025,69,0
1026,70,0
1027,70,0
1028,69,0
1029,68,0
1030,72,0
1031,69,0
1032,71,0
1033,70,0
1034,70,0
1035,67,0
1036,69,0
1037,70,0
1038,70,0
1039,67,0
1040,72,0
1041,65,0
1042,69,0
1043,70,0
1044,68,0
1045,71,0
1046,71,0
1047,72,0
1048,71,0
1049,71,0
1050,70,0
1051,70,0
1052,70,0
1053,67,0
1054,69,0
1055,70,0
1056,68,0
1057,71,0
1058,69,0
1059,70,0
1060,69,0
1061,71,0
1062,68,0
1063,70,0
1064,70,0
1065,69,0
1066,69,0
1067,69,0
1068,70,0
1069,72,0
1070,72,0
1071,69,0
1072,69,0
1073,70,0
1074,70,0
1075,67,0
1076,69,0
1077,70,0
1078,70,0
1079,71,0
1080,69,0
1081,68,0
1082,71,0
1083,69,0
1084,70,0
1085,70,0
1086,67,0
1087,69,0
1088,70,0
1089,71,0
1090,70,0
1091,69,0
1092,69,0
1093,72,0
1094,70,0
1095,70,0
1096,72,0
1097,69,0
1098,67,0
1099,70,0
1100,70,0
1101,69,0
1102,67,0
1103,69,0
1104,68,0
1105,70,0
1106,73,0
1107,69,0
1108,68,0
1109,68,0
1110,70,0
1111,67,0
1112,71,0
1113,68,0
1114,68,0
1115,72,0
1116,70,0
1117,69,0
1118,69,0
1119,70,0
1120,72,0
1121,70,0
1122,71,0
1123,69,0
1124,70,0
1125,68,0
1126,69,0
1127,71,0
1128,68,0
1129,67,0
1130,71,0
1131,72,0
1132,70,0
1133,68,0
1134,71,0
1135,67,0
1136,69,0
1137,70,0
1138,70,0
1139,71,0
1140,71,0
1141,68,0
1142,70,0
1143,67,0
1144,69,0
1145,67,0
1146,70,0
1147,70,0
1148,69,0
1149,67,0
1150,71,0
1151,70,0
1152,70,0
1153,70,0
1154,67,0
1155,69,0
1156,70,0
1157,71,0
1158,71,0
1159,70,0
1160,72,0
1161,70,0
1162,71,0
1163,69,0
1164,70,0
1165,68,0
1166,69,0
1167,71,0
1168,70,0
1169,70,0
1170,70,0
1171,71,0
1172,69,0
1173,70,0
1174,69,0
1175,71,0
1176,72,0
1177,70,0
1178,67,0
1179,67,0
1180,70,0
1181,67,0
1182,67,0
1183,69,0
1184,70,0
1185,70,0
1186,69,0
1187,69,0
1188,70,0
1189,72,0
1190,70,0
1191,67,0
1192,71,0
1193,69,0
1194,70,0
1195,71,0
1196,69,0
1197,69,0
1198,70,0
1199,70,0
1200,70,0
1201,67,0
1202,71,0
1203,71,0
1204,70,0
1205,72,0
1206,67,0
1207,69,0
1208,70,0
1209,72,0
1210,70,0
1211,70,0
1212,71,0
1213,69,0
1214,70,0
1215,68,0
1216,71,0
1217,71,0
1218,71,0
1219,67,0
1220,70,0
1221,70,0
1222,70,0
1223,71,0
1224,69,0
1225,71,0
1226,69,0
1227,70,0
1228,68,0
1229,67,0
1230,69,0
1231,70,0
1232,70,0
1233,67,0
1234,69,0
1235,73,0
1236,70,0
1237,70,0
1238,73,0
1239,67,0
1240,72,0
1241,68,0
1242,71,0
1243,69,0
1244,68,0
1245,70,0
1246,71,0
1247,70,0
1248,70,0
1249,67,0
1250,69,0
1251,70,0
1252,70,0
1253,70,0
1254,70,0
1255,71,0
1256,71,0
1257,70,0
1258,70,0
1259,70,0
1260,69,0
1261,71,0
1262,71,0
1263,70,0
1264,68,0
1265,71,0
1266,69,0
1267,75,0
1268,72,0
1269,70,0
1270,67,0
1271,67,0
1272,70,0
1273,68,0
1274,73,0
1275,70,0
1276,69,0
1277,69,0
1278,70,0
1279,70,0
1280,70,0
1281,70,0
1282,73,0
1283,67,0
1284,70,0
1285,71,0
1286,70,0
1287,68,0
1288,70,0
1289,69,0
1290,69,0
1291,68,0
1292,72,0
1293,70,0
1294,70,0
1295,70,0
1296,70,0
1297,70,0
1298,67,0
1299,69,0
1300,69,0
1301,71,0
1302,70,0
1303,68,0
1304,71,0
1305,69,0
1306,70,0
1307,70,0
1308,69,0
1309,69,0
1310,71,0
1311,69,0
1312,68,0
1313,70,0
1314,69,0
1315,70,0
1316,70,0
1317,70,0
1318,70,0
1319,67,0
1320,70,0
1321,70,0
1322,69,0
1323,71,0
1324,68,0
1325,68,0
1326,70,0
1327,71,0
1328,69,0
1329,71,0
1330,70,0
1331,71,0
1332,69,0
1333,69,0
1334,70,0
1335,69,0
1336,67,0
1337,70,0
1338,68,0
1339,71,0
1340,69,0
1341,70,0
1342,72,0
1343,67,0
1344,69,0
1345,70,0
1346,70,0
1347,70,0
1348,69,0
1349,69,0
1350,70,0
1351,70,0
1352,70,0
1353,73,0
1354,67,0
1355,71,0
1356,70,0
1357,70,0
1358,69,0
1359,71,0
1360,68,0
1361,67,0
1362,69,0
1363,68,0
1364,70,0
1365,67,0
1366,67,0
1367,69,0
1368,71,0
1369,68,0
1370,68,0
1371,68,0
1372,67,0
1373,70,0
1374,70,0
1375,71,0
1376,67,0
1377,70,0
1378,70,0
1379,68,0
1380,71,0
1381,67,0
1382,69,0
1383,70,0
1384,70,0
1385,65,0
1386,71,0
1387,68,0
1388,69,0
1389,69,0
1390,72,0
1391,70,0
1392,69,0
1393,71,0
1394,68,0
1395,70,0
1396,71,0
1397,69,0
1398,68,0
1399,70,0
1400,70,0
1401,68,0
1402,69,0
1403,71,0
1404,70,0
1405,70,0
1406,69,0
1407,69,0
1408,70,0
1409,72,0
1410,70,0
1411,71,0
1412,71,0
1413,70,0
1414,70,0
1415,71,0
1416,69,0
1417,68,0
1418,70,0
1419,71,0
1420,71,0
1421,70,0
1422,68,0
1423,69,0
1424,73,0
1425,72,0
1426,70,0
1427,69,0
1428,69,0
1429,70,0
1430,70,0
1431,69,0
1432,71,0
1433,69,0
1434,72,0
1435,70,0
1436,69,0
1437,69,0
1438,69,0
1439,70,0
1440,70,0
1441,71,0
1442,69,0
1443,69,0
1444,70,0
1445,70,0
1446,71,0
1447,71,0
1448,69,0
1449,70,0
1450,68,0
1451,71,0
1452,72,0
1453,70,0
1454,69,0
1455,72,0
1456,70,0
1457,67,0
1458,67,0
1459,70,0
1460,70,0
1461,69,0
1462,67,0
1463,67,0
1464,68,0
1465,71,0
1466,69,0
1467,68,0
1468,70,0
1469,71,0
1470,69,0
1471,69,0
1472,70,0
1473,70,0
1474,71,0
1475,70,0
1476,70,0
1477,73,0
1478,73,0
1479,71,0
1480,70,0
1481,65,0
1482,69,0
1483,68,0
1484,70,0
1485,71,0
1486,69,0
1487,70,0
1488,70,0
1489,66,0
1490,73,0
1491,68,0
1492,68,0
1493,71,0
1494,69,0
1495,68,0
1496,67,0
1497,71,0
1498,68,0
1499,67,0
1500,67,0
1501,70,0
1502,67,0
1503,69,0
1504,71,0
1505,70,0
1506,68,0
1507,69,0
1508,69,0
1509,71,0
1510,69,0
1511,70,0
1512,70,0
1513,71,0
1514,70,0
1515,72,0
1516,66,0
1517,71,0
1518,71,0
1519,68,0
1520,67,0
1521,69,0
1522,70,0
1523,70,0
1524,69,0
1525,71,0
1526,71,0
1527,72,0
1528,68,0
1529,69,0
1530,71,0
1531,68,0
1532,68,0
1533,72,0
1534,70,0
1535,67,0
1536,71,0
1537,68,0
1538,70,0
1539,70,0
1540,68,0
1541,69,0
1542,69,0
1543,71,0
1544,70,0
1545,70,0
1546,69,0
1547,71,0
1548,71,0
1549,70,0
1550,68,0
1551,69,0
1552,69,0
1553,69,0
1554,72,0
1555,69,0
1556,72,0
1557,70,0
1558,67,0
1559,71,0
1560,70,0
1561,68,0
1562,70,0
1563,69,0
1564,69,0
1565,70,0
1566,70,0
1567,67,0
1568,69,0
1569,70,0
1570,68,0
1571,67,0
1572,69,0
1573,70,0
1574,72,0
1575,71,0
1576,69,0
1577,70,0
1578,68,0
1579,70,0
1580,69,0
1581,67,0
1582,71,0
1583,70,0
1584,67,0
1585,69,0
1586,70,0
1587,68,0
1588,67,0
1589,69,0
1590,70,0
1591,68,0
1592,67,0
1593,69,0
1594,68,0
1595,67,0
1596,69,0
1597,72,0
1598,70,0
1599,71,0
1600,67,0
1601,70,0
1602,68,0
1603,71,0
1604,71,0
1605,70,0
1606,68,0
1607,70,0
1608,71,0
1609,68,0
1610,70,0
1611,71,0
1612,69,0
1613,72,0
1614,69,0
1615,71,0
1616,70,0
1617,70,0
1618,71,0
1619,71,0
1620,70,0
1621,70,0
1622,69,0
1623,69,0
1624,70,0
1625,71,0
1626,69,0
1627,70,0
1628,70,0
1629,70,0
1630,70,0
1631,71,0
1632,69,0
1633,70,0
1634,70,0
1635,71,0
1636,69,0
1637,70,0
1638,72,0
1639,69,0
1640,70,0
1641,69,0
1642,69,0
1643,71,0
1644,70,0
1645,72,0
1646,71,0
1647,71,0
1648,71,0
1649,71,0
1650,70,0
1651,70,0
1652,72,0
1653,67,0
1654,69,0
1655,67,0
1656,72,0
1657,72,0
1658,69,0
1659,69,0
1660,68,0
1661,67,0
1662,67,0
1663,69,0
1664,68,0
1665,67,0
1666,67,0
1667,71,0
1668,68,0
1669,68,0
1670,71,0
1671,71,0
1672,70,0
1673,70,0
1674,67,0
1675,67,0
1676,68,0
1677,68,0
1678,67,0
1679,71,0
1680,69,0
1681,70,0
1682,68,0
1683,71,0
1684,69,0
1685,69,0
1686,70,0
1687,67,0
1688,70,0
1689,69,0
1690,71,0
1691,70,0
1692,72,0
1693,67,0
1694,71,0
1695,68,0
1696,72,0
1697,71,0
1698,69,0
1699,71,0
1700,70,0
1701,68,0
1702,71,0
1703,69,0
1704,70,0
1705,70,0
1706,71,0
1707,71,0
1708,70,0
1709,71,0
1710,69,0
1711,68,0
1712,68,0
1713,71,0
1714,71,0
1715,70,0
1716,70,0
1717,72,0
1718,67,0
1719,68,0
1720,68,0
1721,67,0
1722,68,0
1723,72,0
1724,72,0
1725,69,0
1726,71,0
1727,68,0
1728,68,0
1729,69,0
1730,69,0
1731,68,0
1732,68,0
1733,67,0
1734,69,0
1735,71,0
1736,70,0
1737,72,0
1738,71,0
1739,67,0
1740,70,0
1741,70,0
1742,71,0
1743,69,0
1744,68,0
1745,70,0
1746,71,0
1747,70,0
1748,72,0
1749,68,0
1750,69,0
1751,69,0
1752,67,0
1753,68,0
1754,69,0
1755,68,0
1756,70,0
1757,70,0
1758,71,0
1759,69,0
1760,67,0
1761,72,0
1762,70,0
1763,67,0
1764,69,0
1765,69,0
1766,70,0
1767,71,0
1768,69,0
1769,68,0
1770,70,0
1771,69,0
1772,67,0
1773,71,0
1774,70,0
1775,72,0
1776,71,0
1777,69,0
1778,70,0
1779,68,0
1780,67,0
1781,71,0
1782,71,0
1783,68,0
1784,68,0
1785,68,0
1786,70,0
1787,73,0
1788,71,0
1789,70,0
1790,68,0
1791,69,0
1792,67,0
1793,70,0
1794,70,0
1795,69,0
1796,69,0
1797,70,0
1798,70,0
1799,69,0
1800,69,0
1801,70,0
1802,71,0
1803,71,0
1804,70,0
1805,70,0
1806,67,0
1807,69,0
1808,70,0
1809,70,0
1810,71,0
1811,71,0
1812,69,0
1813,70,0
1814,68,0
1815,69,0
1816,71,0
1817,70,0
1818,70,0
1819,67,0
1820,69,0
1821,72,0
1822,70,0
1823,68,0
1824,69,0
1825,69,0
1826,72,0
1827,71,0
1828,69,0
1829,70,0
1830,70,0
1831,71,0
1832,71,0
1833,70,0
1834,68,0
1835,67,0
1836,71,0
1837,70,0
1838,70,0
1839,66,0
1840,72,0
1841,69,0
1842,67,0
1843,70,0
1844,70,0
1845,70,0
1846,67,0
1847,69,0
1848,70,0
1849,70,0
1850,71,0
1851,67,0
1852,70,0
1853,70,0
1854,71,0
1855,69,0
1856,71,0
1857,70,0
1858,70,0
1859,68,0
1860,68,0
1861,69,0
1862,69,0
1863,70,0
1864,72,0
1865,69,0
1866,69,0
1867,69,0
1868,70,0
1869,67,0
1870,69,0
1871,69,0
1872,69,0
1873,68,0
1874,68,0
1875,67,0
1876,70,0
1877,70,0
1878,71,0
1879,71,0
1880,68,0
1881,70,0
1882,71,0
1883,73,0
1884,68,0
1885,70,0
1886,71,0
1887,69,0
1888,68,0
1889,72,0
1890,67,0
1891,69,0
1892,71,0
1893,70,0
1894,71,0
1895,71,0
1896,70,0
1897,70,0
1898,67,0
1899,69,0
1900,72,0
1901,70,0
1902,70,0
1903,67,0
1904,70,0
1905,70,0
1906,67,0
1907,69,0
1908,69,0
1909,70,0
1910,70,0
1911,67,0
1912,69,0
1913,68,0
1914,67,0
1915,67,0
1916,72,0
1917,68,0
1918,69,0
1919,69,0
1920,70,0
1921,70,0
1922,67,0
1923,69,0
1924,69,0
1925,71,0
1926,68,0
1927,70,0
1928,69,0
1929,69,0
1930,68,0
1931,70,0
1932,67,0
1933,67,0
1934,68,0
1935,70,0
1936,71,0
1937,68,0
1938,70,0
1939,71,0
1940,69,0
1941,70,0
1942,70,0
1943,70,0
1944,71,0
1945,71,0
1946,70,0
1947,68,0
1948,71,0
1949,71,0
1950,70,0
1951,67,0
1952,71,0
1953,71,0
1954,72,0
1955,67,0
1956,69,0
1957,67,0
1958,68,0
1959,70,0
1960,70,0
1961,69,0
1962,69,0
1963,70,0
1964,68,0
1965,70,0
1966,69,0
1967,67,0
1968,72,0
1969,68,0
1970,71,0
1971,71,0
1972,69,0
1973,70,0
1974,70,0
1975,69,0
1976,67,0
1977,72,0
1978,67,0
1979,71,0
1980,68,0
1981,70,0
1982,69,0
1983,69,0
1984,71,0
1985,72,0
1986,68,0
1987,65,0
1988,69,0
1989,72,0
1990,67,0
1991,67,0
1992,72,0
1993,70,0
1994,67,0
1995,71,0
1996,68,0
1997,70,0
1998,68,0
1999,69,0
2000,72,0
2001,72,0
2002,67,0
2003,69,0
2004,68,0
2005,70,0
2006,71,0
2007,67,0
2008,70,0
2009,70,0
2010,67,0
2011,69,0
2012,71,0
2013,70,0
2014,68,0
2015,67,0
2016,71,0
2017,70,0
2018,70,0
2019,68,0
2020,68,0
2021,70,0
2022,71,0
2023,69,0
2024,70,0
2025,70,0
2026,73,0
2027,67,0
2028,69,0
2029,68,0
2030,70,0
2031,71,0
2032,68,0
2033,70,0
2034,69,0
2035,67,0
2036,68,0
2037,70,0
2038,71,0
2039,70,0
2040,69,0
2041,69,0
2042,68,0
2043,71,0
2044,67,0
2045,70,0
2046,70,0
2047,71,0
2048,69,0
2049,70,0
2050,70,0
2051,65,0
2052,69,0
2053,67,0
2054,72,0
2055,70,0
2056,71,0
2057,71,0
2058,70,0
2059,68,0
2060,67,0
2061,69,0
2062,68,0
2063,70,0
2064,70,0
2065,73,0
2066,69,0
2067,70,0
2068,68,0
2069,70,0
2070,67,0
2071,69,0
2072,70,0
2073,70,0
2074,69,0
2075,69,0
2076,69,0
2077,70,0
2078,68,0
2079,71,0
2080,71,0
2081,70,0
2082,70,0
2083,70,0
2084,71,0
2085,71,0
2086,70,0
2087,68,0
2088,67,0
2089,69,0
2090,71,0
2091,68,0
2092,69,0
2093,69,0
2094,70,0
2095,70,0
2096,70,0
2097,69,0
2098,67,0
2099,70,0
2100,70,0
2101,67,0
2102,69,0
2103,70,0
2104,71,0
2105,69,0
2106,68,0
2107,68,0
2108,71,0
2109,73,0
2110,71,0
2111,72,0
2112,67,0
2113,72,0
2114,70,0
2115,68,0
2116,70,0
2117,67,0
2118,69,0
2119,72,0
2120,69,0
2121,67,0
2122,69,0
2123,68,0
2124,67,0
2125,67,0
2126,68,0
2127,68,0
2128,71,0
2129,71,0
2130,69,0
2131,70,0
2132,69,0
2133,69,0
2134,69,0
2135,68,0
2136,70,0
2137,69,0
2138,70,0
2139,70,0
2140,69,0
2141,72,0
2142,70,0
2143,65,0
2144,71,0
2145,70,0
2146,70,0
2147,71,0
2148,67,0
2149,70,0
2150,69,0
2151,67,0
2152,71,0
2153,71,0
2154,70,0
2155,69,0
2156,67,0
2157,69,0
2158,68,0
2159,67,0
2160,67,0
2161,68,0
2162,67,0
2163,71,0
2164,71,0
2165,70,0
2166,70,0
2167,69,0
2168,69,0
2169,70,0
2170,69,0
2171,71,0
2172,70,0
2173,70,0
2174,69,0
2175,71,0
2176,70,0
2177,68,0
2178,71,0
2179,67,0
2180,70,0
2181,70,0
2182,71,0
2183,71,0
2184,70,0
2185,72,0
2186,69,0
2187,69,0
2188,71,0
2189,68,0
2190,70,0
2191,71,0
2192,69,0
2193,70,0
2194,68,0
2195,69,0
2196,71,0
2197,69,0
2198,70,0
2199,68,0
2200,70,0
2201,69,0
2202,71,0
2203,67,0
2204,70,0
2205,70,0
2206,69,0
2207,67,0
2208,69,0
2209,70,0
2210,68,0
2211,71,0
2212,71,0
2213,72,0
2214,68,0
2215,69,0
2216,70,0
2217,70,0
2218,71,0
2219,69,0
2220,69,0
2221,69,0
2222,70,0
2223,72,0
2224,71,0
2225,69,0
2226,68,0
2227,68,0
2228,72,0
2229,69,0
2230,71,0
2231,68,0
2232,72,0
2233,71,0
2234,69,0
2235,70,0
2236,70,0
2237,71,0
2238,69,0
2239,68,0
2240,70,0
2241,73,0
2242,71,0
2243,72,0
2244,70,0
2245,67,0
2246,71,0
2247,69,0
2248,70,0
2249,72,0
2250,69,0
2251,69,0
2252,68,0
2253,69,0
2254,71,0
2255,70,0
2256,70,0
2257,71,0
2258,71,0
2259,70,0
2260,70,0
2261,69,0
2262,71,0
2263,70,0
2264,68,0
2265,71,0
2266,69,0
2267,68,0
2268,70,0
2269,69,0
2270,70,0
2271,70,0
2272,70,0
2273,71,0
2274,71,0
2275,70,0
2276,72,0
2277,71,0
2278,68,0
2279,70,0
2280,71,0
2281,71,0
2282,70,0
2283,68,0
2284,69,0
2285,71,0
2286,70,0
2287,70,0
2288,67,0
2289,71,0
2290,71,0
2291,70,0
2292,68,0
2293,67,0
2294,73,0
2295,70,0
2296,69,0
2297,69,0
2298,69,0
2299,68,0
2300,71,0
2301,69,0
2302,70,0
2303,70,0
2304,71,0
2305,71,0
2306,72,0
2307,70,0
2308,69,0
2309,71,0
2310,72,0
2311,72,0
2312,69,0
2313,67,0
2314,70,0
2315,70,0
2316,71,0
2317,69,0
2318,70,0
2319,71,0
2320,69,0
2321,70,0
2322,69,0
2323,69,0
2324,70,0
2325,68,0
2326,69,0
2327,69,0
2328,68,0
2329,69,0
2330,69,0
2331,68,0
2332,69,0
2333,69,0
2334,68,0
2335,70,0
2336,68,0
2337,72,0
2338,67,0
2339,69,0
2340,70,0
2341,70,0
2342,67,0
2343,71,0
2344,70,0
2345,68,0
2346,65,0
2347,67,0
2348,70,0
2349,65,0
2350,69,0
2351,67,0
2352,72,0
2353,68,0
2354,67,0
2355,67,0
2356,70,0
2357,67,0
2358,67,0
2359,68,0
2360,70,0
2361,66,0
2362,71,0
2363,69,0
2364,71,0
2365,70,0
2366,73,0
2367,67,0
2368,70,0
2369,70,0
2370,69,0
2371,68,0
2372,70,0
2373,68,0
2374,69,0
2375,67,0
2376,70,0
2377,71,0
2378,69,0
2379,70,0
2380,72,0
2381,71,0
2382,69,0
2383,71,0
2384,68,0
2385,70,0
2386,71,0
2387,71,0
2388,72,0
2389,70,0
2390,67,0
2391,70,0
2392,69,0
2393,68,0
2394,70,0
2395,68,0
2396,67,0
2397,69,0
2398,68,0
2399,70,0
2400,69,0
2401,71,0
2402,70,0
2403,68,0
2404,71,0
2405,69,0
2406,68,0
2407,70,0
2408,71,0
2409,67,0
2410,70,0
2411,70,0
2412,67,0
2413,69,0
2414,70,0
2415,70,0
2416,70,0
2417,69,0
2418,70,0
2419,67,0
2420,67,0
2421,67,0
2422,70,0
2423,70,0
2424,69,0
2425,67,0
2426,70,0
2427,67,0
2428,69,0
2429,70,0
2430,72,0
2431,69,0
2432,67,0
2433,70,0
2434,71,0
2435,69,0
2436,70,0
2437,70,0
2438,69,0
2439,69,0
2440,71,0
2441,70,0
2442,70,0
2443,69,0
2444,71,0
2445,72,0
2446,68,0
2447,69,0
2448,69,0
2449,68,0
2450,68,0
2451,71,0
2452,71,0
2453,70,0
2454,70,0
2455,71,0
2456,67,0
2457,68,0
2458,70,0
2459,70,0
2460,71,0
2461,70,0
2462,71,0
2463,71,0
2464,70,0
2465,70,0
2466,69,0
2467,67,0
2468,70,0
2469,70,0
2470,67,0
2471,71,0
2472,69,0
2473,68,0
2474,68,0
2475,69,0
2476,67,0
2477,70,0
2478,70,0
2479,72,0
2480,65,0
2481,69,0
2482,70,0
2483,70,0
2484,67,0
2485,67,0
2486,70,0
2487,72,0
2488,71,0
2489,71,0
2490,70,0
2491,68,0
2492,67,0
2493,72,0
2494,70,0
2495,69,0
2496,71,0
2497,70,0
2498,70,0
2499,71,0
2500,69,0
2501,70,0
2502,68,0
2503,71,0
2504,69,0
2505,70,0
2506,72,0
2507,69,0
2508,69,0
2509,71,0
2510,70,0
2511,70,0
2512,71,0
2513,69,0
2514,71,0
2515,68,0
2516,70,0
2517,71,0
2518,70,0
2519,70,0
2520,67,0
2521,71,0
2522,70,0
2523,73,0
2524,70,0
2525,68,0
2526,67,0
2527,69,0
2528,70,0
2529,70,0
2530,70,0
2531,69,0
2532,71,0
2533,72,0
2534,72,0
2535,69,0
2536,69,0
2537,70,0
2538,70,0
2539,73,0
2540,69,0
2541,70,0
2542,70,0
2543,71,0
2544,69,0
2545,69,0
2546,70,0
2547,70,0
2548,70,0
2549,69,0
2550,67,0
2551,69,0
2552,72,0
2553,70,0
2554,69,0
2555,71,0
2556,72,0
2557,71,0
2558,69,0
2559,71,0
2560,70,0
2561,67,0
2562,67,0
2563,71,0
2564,70,0
2565,70,0
2566,71,0
2567,67,0
2568,67,0
2569,69,0
2570,67,0
2571,70,0
2572,68,0
2573,69,0
2574,68,0
2575,71,0
2576,71,0
2577,68,0
2578,68,0
2579,70,0
2580,65,0
2581,69,0
2582,70,0
2583,70,0
2584,69,0
2585,67,0
2586,71,0
2587,70,0
2588,68,0
2589,67,0
2590,67,0
2591,68,0
2592,72,0
2593,71,0
2594,71,0
2595,68,0
2596,68,0
2597,70,0
2598,69,0
2599,71,0
2600,72,0
2601,72,0
2602,73,0
2603,69,0
2604,68,0
2605,70,0
2606,71,0
2607,70,0
2608,70,0
2609,71,0
2610,70,0
2611,69,0
2612,69,0
2613,72,0
2614,72,0
2615,71,0
2616,70,0
2617,71,0
2618,70,0
2619,70,0
2620,68,0
2621,69,0
2622,69,0
2623,69,0
2624,70,0
2625,70,0
2626,70,0
2627,69,0
2628,71,0
2629,69,0
2630,70,0
2631,70,0
2632,70,0
2633,70,0
2634,71,0
2635,71,0
2636,67,0
2637,71,0
2638,71,0
2639,70,0
2640,70,0
2641,69,0
2642,69,0
2643,72,0
2644,69,0
2645,68,0
2646,70,0
2647,69,0
2648,67,0
2649,69,0
2650,70,0
2651,70,0
2652,70,0
2653,72,0
2654,67,0
2655,69,0
2656,70,0
2657,72,0
2658,69,0
2659,73,0
2660,70,0
2661,70,0
2662,71,0
2663,73,0
2664,70,0
2665,71,0
2666,71,0
2667,70,0
2668,68,0
2669,69,0
2670,70,0
2671,70,0
2672,71,0
2673,69,0
2674,70,0
2675,69,0
2676,71,0
2677,70,0
2678,72,0
2679,70,0
2680,70,0
2681,69,0
2682,71,0
2683,70,0
2684,69,0
2685,71,0
2686,70,0
2687,70,0
2688,67,0
2689,69,0
2690,70,0
2691,73,0
2692,67,0
2693,70,0
2694,68,0
2695,69,0
2696,67,0
2697,68,0
2698,67,0
2699,71,0
2700,70,0
2701,68,0
2702,71,0
2703,71,0
2704,68,0
2705,73,0
2706,71,0
2707,69,0
2708,68,0
2709,65,0
2710,69,0
2711,68,0
2712,70,0
2713,73,0
2714,69,0
2715,71,0
2716,70,0
2717,70,0
2718,72,0
2719,69,0
2720,69,0
2721,72,0
2722,67,0
2723,67,0
2724,71,0
2725,70,0
2726,67,0
2727,69,0
2728,70,0
2729,70,0
2730,69,0
2731,70,0
2732,70,0
2733,71,0
2734,69,0
2735,71,0
2736,67,0
2737,68,0
2738,70,0
2739,71,0
2740,70,0
2741,70,0
2742,71,0
2743,67,0
2744,70,0
2745,72,0
2746,71,0
2747,71,0
2748,68,0
2749,70,0
2750,69,0
2751,68,0
2752,72,0
2753,69,0
2754,71,0
2755,70,0
2756,70,0
2757,71,0
2758,71,0
2759,68,0
2760,71,0
2761,70,0
2762,70,0
2763,69,0
2764,67,0
2765,69,0
2766,70,0
2767,68,0
2768,71,0
2769,67,0
2770,71,0
2771,68,0
2772,70,0
2773,69,0
2774,69,0
2775,71,0
2776,68,0
2777,70,0
2778,67,0
2779,69,0
2780,69,0
2781,70,0
2782,70,0
2783,69,0
2784,69,0
2785,68,0
2786,70,0
2787,69,0
2788,71,0
2789,68,0
2790,70,0
2791,69,0
2792,69,0
2793,71,0
2794,70,0
2795,68,0
2796,67,0
2797,69,0
2798,70,0
2799,70,0
2800,67,0
2801,69,0
2802,70,0
2803,70,0
2804,71,0
2805,67,0
2806,71,0
2807,70,0
2808,70,0
2809,68,0
2810,71,0
2811,71,0
2812,69,0
2813,68,0
2814,71,0
2815,69,0
2816,70,0
2817,70,0
2818,69,0
2819,67,0
2820,70,0
2821,71,0
2822,71,0
2823,68,0
2824,70,0
2825,69,0
2826,67,0
2827,69,0
2828,70,0
2829,67,0
2830,71,0
2831,69,0
2832,68,0
2833,70,0
2834,69,0
2835,71,0
2836,68,0
2837,69,0
2838,68,0
2839,68,0
2840,73,0
2841,71,0
2842,72,0
2843,68,0
2844,67,0
2845,70,0
2846,70,0
2847,70,0
2848,73,0
2849,69,0
2850,68,0
2851,70,0
2852,73,0
2853,71,0
2854,70,0
2855,70,0
2856,67,0
2857,71,0
2858,71,0
2859,70,0
2860,70,0
2861,71,0
2862,71,0
2863,70,0
2864,70,0
2865,72,0
2866,70,0
2867,67,0
2868,69,0
2869,71,0
2870,72,0
2871,70,0
2872,69,0
2873,69,0
2874,72,0
2875,72,0
2876,71,0
2877,69,0
2878,68,0
2879,69,0
2880,69,0
2881,70,0
2882,70,0
2883,68,0
2884,69,0
2885,71,0
2886,68,0
2887,70,0
2888,69,0
2889,71,0
2890,68,0
2891,68,0
2892,71,0
2893,71,0
2894,70,0
2895,68,0
2896,71,0
2897,70,0
2898,70,0
2899,70,0
2900,69,0
2901,71,0
2902,70,0
2903,71,0
2904,69,0
2905,70,0
2906,68,0
2907,67,0
2908,71,0
2909,70,0
2910,71,0
2911,69,0
2912,70,0
2913,70,0
2914,71,0
2915,71,0
2916,68,0
2917,70,0
2918,70,0
2919,73,0
2920,67,0
2921,68,0
2922,66,0
2923,71,0
2924,69,0
2925,70,0
2926,68,0
2927,67,0
2928,70,0
2929,72,0
2930,71,0
2931,69,0
2932,73,0
2933,70,0
2934,71,0
2935,70,0
2936,72,0
2937,68,0
2938,70,0
2939,68,0
2940,68,0
2941,67,0
2942,71,0
2943,70,0
2944,69,0
2945,71,0
2946,70,0
2947,70,0
2948,67,0
2949,67,0
2950,70,0
2951,70,0
2952,69,0
2953,69,0
2954,70,0
2955,70,0
2956,69,0
2957,71,0
2958,68,0
2959,70,0
2960,68,0
2961,72,0
2962,69,0
2963,69,0
2964,70,0
2965,68,0
2966,73,0
2967,69,0
2968,70,0
2969,70,0
2970,70,0
2971,71,0
2972,69,0
2973,70,0
2974,71,0
2975,68,0
2976,71,0
2977,69,0
2978,72,0
2979,70,0
2980,67,0
2981,71,0
2982,70,0
2983,70,0
2984,71,0
2985,71,0
2986,70,0
2987,67,0
2988,73,0
2989,70,0
2990,70,0
2991,69,0
2992,71,0
2993,70,0
2994,70,0
2995,71,0
2996,71,0
2997,69,0
2998,68,0
2999,70,0
3000,69,0
3001,67,0
3002,72,0
3003,68,0
3004,69,0
3005,69,0
3006,70,0
3007,70,0
3008,71,0
3009,67,0
3010,68,0
3011,73,0
3012,71,0
3013,69,0
3014,72,0
3015,70,0
3016,70,0
3017,71,0
3018,67,0
3019,70,0
3020,68,0
3021,67,0
3022,67,0
3023,70,0
3024,70,0
3025,70,0
3026,71,0
3027,69,0
3028,71,0
3029,70,0
3030,71,0
3031,69,0
3032,69,0
3033,68,0
3034,70,0
3035,67,0
3036,72,0
3037,68,0
3038,70,0
3039,71,0
3040,68,0
3041,68,0
3042,69,0
3043,69,0
3044,69,0
3045,68,0
3046,70,0
3047,71,0
3048,71,0
3049,70,0
3050,70,0
3051,70,0
3052,71,0
3053,70,0
3054,68,0
3055,68,0
3056,71,0
3057,70,0
3058,72,0
3059,69,0
3060,69,0
3061,70,0
3062,67,0
3063,71,0
3064,68,0
3065,68,0
3066,69,0
3067,69,0
3068,70,0
3069,68,0
3070,67,0
3071,71,0
3072,71,0
3073,69,0
3074,70,0
3075,69,0
3076,71,0
3077,68,0
3078,68,0
3079,69,0
3080,68,0
3081,70,0
3082,71,0
3083,71,0
3084,71,0
3085,68,0
3086,67,0
3087,67,0
3088,72,0
3089,70,0
3090,70,0
3091,70,0
3092,71,0
3093,67,0
3094,70,0
3095,71,0
3096,71,0
3097,71,0
3098,72,0
3099,72,0
3100,69,0
3101,71,0
3102,70,0
3103,68,0
3104,71,0
3105,69,0
3106,70,0
3107,70,0
3108,70,0
3109,67,0
3110,71,0
3111,70,0
3112,70,0
3113,69,0
3114,69,0
3115,70,0
3116,72,0
3117,70,0
3118,70,0
3119,69,0
3120,70,0
3121,72,0
3122,67,0
3123,67,0
3124,70,0
3125,72,0
3126,69,0
3127,71,0
3128,70,0
3129,70,0
3130,69,0
3131,71,0
3132,70,0
3133,70,0
3134,73,0
3135,69,0
3136,68,0
3137,68,0
3138,67,0
3139,67,0
3140,70,0
3141,68,0
3142,69,0
3143,69,0
3144,70,0
3145,68,0
3146,72,0
3147,73,0
3148,68,0
3149,72,0
3150,67,0
3151,70,0
3152,68,0
3153,69,0
3154,67,0
3155,70,0
3156,70,0
3157,67,0
3158,68,0
3159,68,0
3160,68,0
3161,68,0
3162,69,0
3163,70,0
3164,70,0
3165,69,0
3166,70,0
3167,70,0
3168,69,0
3169,69,0
3170,71,0
3171,70,0
3172,70,0
3173,67,0
3174,67,0
3175,68,0
3176,70,0
3177,67,0
3178,71,0
3179,70,0
3180,70,0
3181,69,0
3182,69,0
3183,70,0
3184,72,0
3185,71,0
3186,69,0
3187,68,0
3188,70,0
3189,71,0
3190,69,0
3191,71,0
3192,70,0
3193,68,0
3194,71,0
3195,69,0
3196,70,0
3197,68,0
3198,71,0
3199,67,0
3200,70,0
3201,72,0
3202,70,0
3203,70,0
3204,69,0
3205,67,0
3206,68,0
3207,70,0
3208,72,0
3209,69,0
3210,69,0
3211,70,0
3212,68,0
3213,71,0
3214,69,0
3215,70,0
3216,70,0
3217,71,0
3218,69,0
3219,72,0
3220,70,0
3221,71,0
3222,69,0
3223,70,0
3224,70,0
3225,69,0
3226,70,0
3227,67,0
3228,69,0
3229,70,0
3230,68,0
3231,70,0
3232,69,0
3233,71,0
3234,70,0
3235,70,0
3236,69,0
3237,69,0
3238,66,0
3239,72,0
3240,69,0
3241,71,0
3242,70,0
3243,70,0
3244,67,0
3245,69,0
3246,68,0
3247,70,0
3248,71,0
3249,69,0
3250,68,0
3251,70,0
3252,70,0
3253,69,0
3254,70,0
3255,70,0
3256,72,0
3257,69,0
3258,69,0
3259,71,0
3260,70,0
3261,71,0
3262,69,0
3263,68,0
3264,68,0
3265,73,0
3266,69,0
3267,70,0
3268,70,0
3269,71,0
3270,70,0
3271,70,0
3272,65,0
3273,67,0
3274,70,0
3275,71,0
3276,71,0
3277,68,0
3278,68,0
3279,71,0
3280,67,0
3281,70,0
3282,68,0
3283,71,0
3284,69,0
3285,70,0
3286,67,0
3287,71,0
3288,68,0
3289,70,0
3290,73,0
3291,71,0
3292,69,0
3293,70,0
3294,70,0
3295,70,0
3296,67,0
3297,71,0
3298,68,0
3299,69,0
3300,69,0
3301,72,0
3302,68,0
3303,71,0
3304,69,0
3305,72,0
3306,70,0
3307,71,0
3308,67,0
3309,69,0
3310,72,0
3311,70,0
3312,69,0
3313,69,0
3314,70,0
3315,70,0
3316,71,0
3317,67,0
3318,68,0
3319,70,0
3320,69,0
3321,71,0
3322,68,0
3323,70,0
3324,71,0
3325,69,0
3326,68,0
3327,72,0
3328,70,0
3329,70,0
3330,70,0
3331,71,0
3332,69,0
3333,72,0
3334,68,0
3335,69,0
3336,69,0
3337,69,0
3338,70,0
3339,69,0
3340,69,0
3341,68,0
3342,70,0
3343,69,0
3344,71,0
3345,71,0
3346,71,0
3347,68,0
3348,70,0
3349,71,0
3350,69,0
3351,68,0
3352,70,0
3353,69,0
3354,69,0
3355,71,0
3356,69,0
3357,70,0
3358,68,0
3359,69,0
3360,69,0
3361,68,0
3362,67,0
3363,69,0
3364,70,0
3365,70,0
3366,73,0
3367,71,0
3368,70,0
3369,68,0
3370,67,0
3371,69,0
3372,72,0
3373,69,0
3374,69,0
3375,69,0
3376,70,0
3377,70,0
3378,73,0
3379,67,0
3380,68,0
3381,68,0
3382,69,0
3383,69,0
3384,89,0
3385,69,0
3386,69,0
3387,70,0
3388,72,0
3389,70,0
3390,70,0
3391,69,0
3392,71,0
3393,67,0
3394,71,0
3395,70,0
3396,70,0
3397,68,0
3398,69,0
3399,71,0
3400,70,0
3401,70,0
3402,70,0
3403,71,0
3404,71,0
3405,69,0
3406,72,0
3407,72,0
3408,70,0
3409,69,0
3410,71,0
3411,71,0
3412,69,0
3413,70,0
3414,70,0
3415,68,0
3416,69,0
3417,69,0
3418,71,0
3419,72,0
3420,70,0
3421,71,0
3422,67,0
3423,68,0
3424,68,0
3425,68,0
3426,67,0
3427,69,0
3428,72,0
3429,70,0
3430,73,0
3431,73,0
3432,71,0
3433,70,0
3434,70,0
3435,70,0
3436,71,0
3437,67,0
3438,71,0
3439,69,0
3440,68,0
3441,68,0
3442,70,0
3443,70,0
3444,71,0
3445,69,0
3446,69,0
3447,70,0
3448,70,0
3449,68,0
3450,71,0
3451,69,0
3452,71,0
3453,68,0
3454,70,0
3455,69,0
3456,71,0
3457,70,0
3458,70,0
3459,70,0
3460,67,0
3461,67,0
3462,70,0
3463,70,0
3464,69,0
3465,70,0
3466,70,0
3467,70,0
3468,67,0
3469,71,0
3470,70,0
3471,70,0
3472,70,0
3473,68,0
3474,69,0
3475,69,0
3476,70,0
3477,68,0
3478,67,0
3479,69,0
3480,69,0
3481,70,0
3482,70,0
3483,68,0
3484,69,0
3485,69,0
3486,70,0
3487,69,0
3488,71,0
3489,70,0
3490,68,0
3491,69,0
3492,71,0
3493,70,0
3494,70,0
3495,67,0
3496,69,0
3497,69,0
3498,70,0
3499,72,0
3500,71,0
3501,71,0
3502,71,0
3503,70,0
3504,70,0
3505,67,0
3506,71,0
3507,70,0
3508,73,0
3509,69,0
3510,70,0
3511,70,0
3512,71,0
3513,70,0
3514,68,0
3515,69,0
3516,71,0
3517,70,0
3518,70,0
3519,73,0
3520,71,0
3521,72,0
3522,73,0
3523,71,0
3524,72,0
3525,70,0
3526,71,0
3527,67,0
3528,70,0
3529,70,0
3530,67,0
3531,69,0
3532,71,0
3533,67,0
3534,71,0
3535,70,0
3536,69,0
3537,71,0
3538,72,0
3539,67,0
3540,69,0
3541,72,0
3542,73,0
3543,69,0
3544,70,0
3545,70,0
3546,69,0
3547,69,0
3548,70,0
3549,68,0
3550,67,0
3551,69,0
3552,72,0
3553,70,0
3554,71,0
3555,70,0
3556,70,0
3557,71,0
3558,69,0
3559,70,0
3560,70,0
3561,70,0
3562,69,0
3563,69,0
3564,71,0
3565,68,0
3566,72,0
3567,73,0
3568,69,0
3569,70,0
3570,70,0
3571,67,0
3572,67,0
3573,67,0
3574,72,0
3575,71,0
3576,69,0
3577,68,0
3578,68,0
3579,69,0
3580,71,0
3581,70,0
3582,68,0
3583,71,0
3584,72,0
3585,69,0
3586,69,0
3587,71,0
3588,70,0
3589,70,0
3590,69,0
3591,69,0
3592,68,0
3593,73,0
3594,69,0
3595,70,0
3596,70,0
3597,68,0
3598,69,0
3599,69,0
3600,70,0
3601,68,0
3602,67,0
3603,67,0
3604,70,0
3605,70,0
3606,68,0
3607,71,0
3608,71,0
3609,70,0
3610,68,0
3611,70,0
3612,71,0
3613,71,0
3614,68,0
3615,70,0
3616,69,0
3617,67,0
3618,70,0
3619,70,0
3620,68,0
3621,69,0
3622,71,0
3623,67,0
3624,68,0
3625,71,0
3626,67,0
3627,71,0
3628,70,0
3629,72,0
3630,69,0
3631,71,0
3632,68,0
3633,68,0
3634,69,0
3635,69,0
3636,70,0
3637,70,0
3638,68,0
3639,69,0
3640,68,0
3641,70,0
3642,69,0
3643,69,0
3644,70,0
3645,68,0
3646,70,0
3647,69,0
3648,71,0
3649,69,0
3650,70,0
3651,68,0
3652,71,0
3653,70,0
3654,71,0
3655,71,0
3656,72,0
3657,70,0
3658,69,0
3659,71,0
3660,69,0
3661,70,0
3662,70,0
3663,69,0
3664,69,0
3665,72,0
3666,68,0
3667,70,0
3668,69,0
3669,67,0
3670,71,0
3671,69,0
3672,70,0
3673,70,0
3674,69,0
3675,69,0
3676,68,0
3677,70,0
3678,68,0
3679,67,0
3680,71,0
3681,67,0
3682,68,0
3683,70,0
3684,71,0
3685,71,0
3686,69,0
3687,70,0
3688,70,0
3689,69,0
3690,69,0
3691,68,0
3692,67,0
3693,71,0
3694,70,0
3695,70,0
3696,71,0
3697,69,0
3698,68,0
3699,70,0
3700,71,0
3701,67,0
3702,70,0
3703,72,0
3704,67,0
3705,67,0
3706,70,0
3707,72,0
3708,72,0
3709,71,0
3710,68,0
3711,70,0
3712,72,0
3713,67,0
3714,67,0
3715,70,0
3716,70,0
3717,71,0
3718,67,0
3719,70,0
3720,70,0
3721,67,0
3722,67,0
3723,70,0
3724,69,0
3725,71,0
3726,68,0
3727,70,0
3728,71,0
3729,70,0
3730,68,0
3731,67,0
3732,71,0
3733,70,0
3734,69,0
3735,71,0
3736,67,0
3737,70,0
3738,68,0
3739,71,0
3740,69,0
3741,69,0
3742,69,0
3743,70,0
3744,70,0
3745,69,0
3746,71,0
3747,70,0
3748,70,0
3749,73,0
3750,71,0
3751,68,0
3752,70,0
3753,70,0
3754,70,0
3755,71,0
3756,69,0
3757,69,0
3758,71,0
3759,68,0
3760,70,0
3761,70,0
3762,67,0
3763,69,0
3764,72,0
3765,72,0
3766,71,0
3767,69,0
3768,67,0
3769,68,0
3770,70,0
3771,67,0
3772,67,0
3773,70,0
3774,72,0
3775,70,0
3776,67,0
3777,67,0
3778,69,0
3779,69,0
3780,75,0
3781,69,0
3782,69,0
3783,69,0
3784,70,0
3785,70,0
3786,70,0
3787,70,0
3788,68,0
3789,71,0
3790,69,0
3791,71,0
3792,70,0
3793,68,0
3794,70,0
3795,69,0
3796,69,0
3797,70,0
3798,68,0
3799,71,0
3800,70,0
3801,71,0
3802,71,0
3803,69,0
3804,72,0
3805,70,0
3806,67,0
3807,71,0
3808,70,0
3809,68,0
3810,69,0
3811,69,0
3812,68,0
3813,70,0
3814,70,0
3815,69,0
3816,73,0
3817,67,0
3818,70,0
3819,70,0
3820,69,0
3821,71,0
3822,68,0
3823,68,0
3824,71,0
3825,69,0
3826,69,0
3827,72,0
3828,70,0
3829,71,0
3830,69,0
3831,70,0
3832,69,0
3833,73,0
3834,67,0
3835,68,0
3836,70,0
3837,67,0
3838,68,0
3839,70,0
3840,68,0
3841,69,0
3842,69,0
3843,68,0
3844,70,0
3845,71,0
3846,69,0
3847,68,0
3848,70,0
3849,67,0
3850,67,0
3851,70,0
3852,70,0
3853,71,0
3854,71,0
3855,69,0
3856,70,0
3857,70,0
3858,72,0
3859,71,0
3860,69,0
3861,67,0
3862,70,0
3863,68,0
3864,69,0
3865,71,0
3866,70,0
3867,72,0
3868,69,0
3869,71,0
3870,69,0
3871,67,0
3872,70,0
3873,68,0
3874,69,0
3875,69,0
3876,67,0
3877,72,0
3878,70,0
3879,67,0
3880,67,0
3881,68,0
3882,70,0
3883,69,0
3884,69,0
3885,69,0
3886,70,0
3887,68,0
3888,71,0
3889,69,0
3890,72,0
3891,71,0
3892,71,0
3893,70,0
3894,70,0
3895,73,0
3896,71,0
3897,70,0
3898,70,0
3899,71,0
3900,69,0
3901,68,0
3902,70,0
3903,69,0
3904,70,0
3905,68,0
3906,68,0
3907,71,0
3908,69,0
3909,70,0
3910,65,0
3911,69,0
3912,68,0
3913,67,0
3914,69,0
3915,68,0
3916,67,0
3917,71,0
3918,70,0
3919,70,0
3920,69,0
3921,67,0
3922,70,0
3923,67,0
3924,67,0
3925,72,0
3926,70,0
3927,71,0
3928,72,0
3929,68,0
3930,73,0
3931,69,0
3932,72,0
3933,69,0
3934,68,0
3935,68,0
3936,71,0
3937,71,0
3938,68,0
3939,69,0
3940,70,0
3941,68,0
3942,71,0
3943,71,0
3944,71,0
3945,68,0
3946,68,0
3947,69,0
3948,69,0
3949,69,0
3950,72,0
3951,68,0
3952,69,0
3953,71,0
3954,69,0
3955,67,0
3956,70,0
3957,70,0
3958,69,0
3959,69,0
3960,71,0
3961,70,0
3962,70,0
3963,70,0
3964,71,0
3965,69,0
3966,70,0
3967,70,0
3968,68,0
3969,72,0
3970,69,0
3971,71,0
3972,69,0
3973,72,0
3974,68,0
3975,69,0
3976,69,0
3977,70,0
3978,70,0
3979,70,0
3980,69,0
3981,71,0
3982,68,0
3983,70,0
3984,73,0
3985,69,0
3986,70,0
3987,72,0
3988,73,0
3989,71,0
3990,70,0
3991,69,0
3992,69,0
3993,69,0
3994,68,0
3995,71,0
3996,70,0
3997,68,0
3998,69,0
3999,69,0
4000,70,0
4001,70,0
4002,70,0
4003,67,0
4004,69,0
4005,70,0
4006,68,0
4007,67,0
4008,69,0
4009,68,0
4010,70,0
4011,71,0
4012,71,0
4013,71,0
4014,69,0
4015,66,0
4016,70,0
4017,71,0
4018,71,0
4019,68,0
4020,69,0
4021,68,0
4022,69,0
4023,71,0
4024,69,0
4025,70,0
4026,70,0
4027,71,0
4028,69,0
4029,70,0
4030,68,0
4031,69,0
4032,69,0
4033,70,0
4034,70,0
4035,71,0
4036,71,0
4037,67,0
4038,68,0
4039,70,0
4040,71,0
4041,65,0
4042,71,0
4043,70,0
4044,68,0
4045,67,0
4046,71,0
4047,70,0
4048,70,0
4049,73,0
4050,71,0
4051,71,0
4052,68,0
4053,70,0
4054,69,0
4055,69,0
4056,70,0
4057,72,0
4058,70,0
4059,70,0
4060,71,0
4061,71,0
4062,68,0
4063,70,0
4064,69,0
4065,69,0
4066,70,0
4067,70,0
4068,69,0
4069,69,0
4070,68,0
4071,70,0
4072,70,0
4073,73,0
4074,69,0
4075,72,0
4076,71,0
4077,69,0
4078,70,0
4079,70,0
4080,71,0
4081,69,0
4082,70,0
4083,72,0
4084,69,0
4085,67,0
4086,69,0
4087,68,0
4088,70,0
4089,71,0
4090,69,0
4091,68,0
4092,69,0
4093,71,0
4094,70,0
4095,70,0
4096,67,0
4097,69,0
4098,70,0
4099,70,0
4100,71,0
4101,67,0
4102,70,0
4103,70,0
4104,69,0
4105,67,0
4106,68,0
4107,70,0
4108,69,0
4109,67,0
4110,69,0
4111,71,0
4112,70,0
4113,68,0
4114,67,0
4115,69,0
4116,70,0
4117,70,0
4118,71,0
4119,67,0
4120,70,0
4121,68,0
4122,72,0
4123,71,0
4124,71,0
4125,70,0
4126,71,0
4127,71,0
4128,70,0
4129,71,0
4130,67,0
4131,70,0
4132,70,0
4133,67,0
4134,69,0
4135,70,0
4136,71,0
4137,67,0
4138,72,0
4139,68,0
4140,69,0
4141,70,0
4142,69,0
4143,70,0
4144,69,0
4145,67,0
4146,70,0
4147,68,0
4148,69,0
4149,70,0
4150,70,0
4151,69,0
4152,67,0
4153,68,0
4154,72,0
4155,71,0
4156,68,0
4157,70,0
4158,68,0
4159,69,0
4160,73,0
4161,68,0
4162,70,0
4163,71,0
4164,69,0
4165,68,0
4166,68,0
4167,67,0
4168,67,0
4169,71,0
4170,70,0
4171,69,0
4172,71,0
4173,70,0
4174,70,0
4175,71,0
4176,68,0
4177,70,0
4178,70,0
4179,71,0
4180,70,0
4181,70,0
4182,69,0
4183,68,0
4184,70,0
4185,71,0
4186,69,0
4187,70,0
4188,70,0
4189,67,0
4190,67,0
4191,68,0
4192,68,0
4193,67,0
4194,70,0
4195,70,0
4196,69,0
4197,69,0
4198,69,0
4199,71,0
4200,70,0
4201,70,0
4202,69,0
4203,70,0
4204,71,0
4205,69,0
4206,71,0
4207,69,0
4208,71,0
4209,69,0
4210,68,0
4211,70,0
4212,71,0
4213,69,0
4214,69,0
4215,70,0
4216,68,0
4217,71,0
4218,69,0
4219,72,0
4220,69,0
4221,69,0
4222,68,0
4223,68,0
4224,70,0
4225,69,0
4226,69,0
4227,70,0
4228,70,0
4229,69,0
4230,70,0
4231,70,0
4232,71,0
4233,71,0
4234,70,0
4235,70,0
4236,69,0
4237,70,0
4238,70,0
4239,71,0
4240,69,0
4241,70,0
4242,71,0
4243,73,0
4244,68,0
4245,68,0
4246,69,0
4247,73,0
4248,70,0
4249,70,0
4250,67,0
4251,71,0
4252,68,0
4253,70,0
4254,70,0
4255,68,0
4256,71,0
4257,71,0
4258,68,0
4259,72,0
4260,71,0
4261,71,0
4262,70,0
4263,71,0
4264,69,0
4265,68,0
4266,68,0
4267,70,0
4268,67,0
4269,70,0
4270,72,0
4271,67,0
4272,71,0
4273,70,0
4274,70,0
4275,67,0
4276,69,0
4277,68,0
4278,70,0
4279,71,0
4280,71,0
4281,70,0
4282,70,0
4283,69,0
4284,71,0
4285,67,0
4286,68,0
4287,71,0
4288,69,0
4289,71,0
4290,70,0
4291,68,0
4292,71,0
4293,69,0
4294,67,0
4295,70,0
4296,70,0
4297,69,0
4298,69,0
4299,70,0
4300,69,0
4301,69,0
4302,70,0
4303,70,0
4304,68,0
4305,65,0
4306,69,0
4307,71,0
4308,70,0
4309,71,0
4310,69,0
4311,70,0
4312,70,0
4313,71,0
4314,71,0
4315,70,0
4316,70,0
4317,71,0
4318,71,0
4319,70,0
4320,70,0
4321,69,0
4322,69,0
4323,70,0
4324,67,0
4325,71,0
4326,72,0
4327,70,0
4328,71,0
4329,73,0
4330,69,0
4331,70,0
4332,70,0
4333,69,0
4334,69,0
4335,70,0
4336,69,0
4337,70,0
4338,70,0
4339,69,0
4340,69,0
4341,70,0
4342,69,0
4343,71,0
4344,70,0
4345,72,0
4346,67,0
4347,69,0
4348,68,0
4349,67,0
4350,67,0
4351,68,0
4352,70,0
4353,71,0
4354,71,0
4355,68,0
4356,68,0
4357,67,0
4358,67,0
4359,69,0
4360,69,0
4361,68,0
4362,72,0
4363,69,0
4364,71,0
4365,72,0
4366,68,0
4367,73,0
4368,67,0
4369,70,0
4370,68,0
4371,68,0
4372,70,0
4373,67,0
4374,67,0
4375,69,0
4376,72,0
4377,71,0
4378,71,0
4379,69,0
4380,70,0
4381,68,0
4382,73,0
4383,69,0
4384,69,0
4385,70,0
4386,70,0
4387,72,0
4388,68,0
4389,70,0
4390,69,0
4391,71,0
4392,71,0
4393,68,0
4394,68,0
4395,67,0
4396,69,0
4397,71,0
4398,70,0
4399,70,0
4400,67,0
4401,67,0
4402,70,0
4403,69,0
4404,72,0
4405,70,0
4406,71,0
4407,69,0
4408,70,0
4409,70,0
4410,72,0
4411,67,0
4412,70,0
4413,68,0
4414,69,0
4415,69,0
4416,70,0
4417,70,0
4418,73,0
4419,67,0
4420,70,0
4421,68,0
4422,69,0
4423,72,0
4424,70,0
4425,71,0
4426,71,0
4427,68,0
4428,68,0
4429,71,0
4430,69,0
4431,70,0
4432,68,0
4433,71,0
4434,71,0
4435,70,0
4436,68,0
4437,68,0
4438,70,0
4439,68,0
4440,69,0
4441,69,0
4442,68,0
4443,70,0
4444,69,0
4445,69,0
4446,68,0
4447,70,0
4448,71,0
4449,69,0
4450,69,0
4451,68,0
4452,70,0
4453,69,0
4454,69,0
4455,70,0
4456,68,0
4457,71,0
4458,69,0
4459,71,0
4460,70,0
4461,70,0
4462,68,0
4463,73,0
4464,71,0
4465,68,0
4466,68,0
4467,69,0
4468,69,0
4469,70,0
4470,70,0
4471,69,0
4472,69,0
4473,70,0
4474,70,0
4475,68,0
4476,67,0
4477,73,0
4478,68,0
4479,71,0
4480,69,0
4481,71,0
4482,70,0
4483,71,0
4484,69,0
4485,72,0
4486,72,0
4487,71,0
4488,70,0
4489,70,0
4490,68,0
4491,71,0
4492,71,0
4493,69,0
4494,70,0
4495,69,0
4496,73,0
4497,70,0
4498,70,0
4499,69,0
4500,69,0
4501,70,0
4502,68,0
4503,71,0
4504,71,0
4505,70,0
4506,68,0
4507,67,0
4508,70,0
4509,72,0
4510,71,0
4511,71,0
4512,68,0
4513,68,0
4514,73,0
4515,67,0
4516,70,0
4517,70,0
4518,68,0
4519,72,0
4520,69,0
4521,71,0
4522,69,0
4523,71,0
4524,72,0
4525,69,0
4526,69,0
4527,70,0
4528,72,0
4529,68,0
4530,70,0
4531,71,0
4532,71,0
4533,69,0
4534,68,0
4535,70,0
4536,68,0
4537,71,0
4538,71,0
4539,70,0
4540,70,0
4541,70,0
4542,69,0
4543,69,0
4544,68,0
4545,68,0
4546,69,0
4547,69,0
4548,68,0
4549,69,0
4550,69,0
4551,70,0
4552,70,0
4553,71,0
4554,71,0
4555,68,0
4556,70,0
4557,68,0
4558,71,0
4559,71,0
4560,68,0
4561,72,0
4562,71,0
4563,67,0
4564,67,0
4565,71,0
4566,68,0
4567,69,0
4568,67,0
4569,70,0
4570,69,0
4571,67,0
4572,71,0
4573,70,0
4574,70,0
4575,70,0
4576,71,0
4577,71,0
4578,68,0
4579,68,0
4580,67,0
4581,67,0
4582,70,0
4583,68,0
4584,71,0
4585,68,0
4586,68,0
4587,71,0
4588,69,0
4589,68,0
4590,70,0
4591,71,0
4592,69,0
4593,70,0
4594,70,0
4595,67,0
4596,69,0
4597,70,0
4598,72,0
4599,71,0
4600,71,0
4601,68,0
4602,67,0
4603,71,0
4604,71,0
4605,71,0
4606,70,0
4607,70,0
4608,70,0
4609,69,0
4610,67,0
4611,70,0
4612,70,0
4613,69,0
4614,70,0
4615,70,0
4616,71,0
4617,71,0
4618,70,0
4619,70,0
4620,71,0
4621,72,0
4622,70,0
4623,69,0
4624,71,0
4625,71,0
4626,70,0
4627,70,0
4628,67,0
4629,69,0
4630,70,0
4631,70,0
4632,69,0
4633,69,0
4634,70,0
4635,70,0
4636,71,0
4637,67,0
4638,67,0
4639,67,0
4640,69,0
4641,68,0
4642,70,0
4643,67,0
4644,69,0
4645,68,0
4646,68,0
4647,67,0
4648,71,0
4649,69,0
4650,68,0
4651,72,0
4652,71,0
4653,69,0
4654,70,0
4655,70,0
4656,71,0
4657,69,0
4658,70,0
4659,70,0
4660,71,0
4661,69,0
4662,71,0
4663,67,0
4664,70,0
4665,68,0
4666,71,0
4667,70,0
4668,70,0
4669,69,0
4670,71,0
4671,70,0
4672,70,0
4673,71,0
4674,71,0
4675,72,0
4676,70,0
4677,73,0
4678,69,0
4679,71,0
4680,70,0
4681,69,0
4682,69,0
4683,67,0
4684,69,0
4685,70,0
4686,70,0
4687,69,0
4688,70,0
4689,70,0
4690,69,0
4691,71,0
4692,71,0
4693,70,0
4694,67,0
4695,67,0
4696,70,0
4697,68,0
4698,68,0
4699,69,0
4700,67,0
4701,72,0
4702,68,0
4703,71,0
4704,69,0
4705,67,0
4706,68,0
4707,69,0
4708,69,0
4709,68,0
4710,68,0
4711,67,0
4712,67,0
4713,70,0
4714,70,0
4715,69,0
4716,71,0
4717,71,0
4718,68,0
4719,70,0
4720,71,0
4721,69,0
4722,69,0
4723,68,0
4724,70,0
4725,70,0
4726,67,0
4727,71,0
4728,70,0
4729,70,0
4730,71,0
4731,69,0
4732,72,0
4733,70,0
4734,69,0
4735,67,0
4736,70,0
4737,70,0
4738,67,0
4739,65,0
4740,71,0
4741,69,0
4742,70,0
4743,72,0
4744,69,0
4745,71,0
4746,69,0
4747,70,0
4748,70,0
4749,67,0
4750,71,0
4751,71,0
4752,70,0
4753,70,0
4754,69,0
4755,69,0
4756,69,0
4757,70,0
4758,69,0
4759,70,0
4760,71,0
4761,70,0
4762,72,0
4763,73,0
4764,69,0
4765,70,0
4766,72,0
4767,69,0
4768,67,0
4769,70,0
4770,68,0
4771,73,0
4772,69,0
4773,72,0
4774,66,0
4775,69,0
4776,69,0
4777,70,0
4778,70,0
4779,69,0
4780,71,0
4781,70,0
4782,72,0
4783,73,0
4784,71,0
4785,68,0
4786,70,0
4787,70,0
4788,69,0
4789,71,0
4790,70,0
4791,68,0
4792,68,0
4793,69,0
4794,71,0
4795,68,0
4796,70,0
4797,67,0
4798,70,0
4799,70,0
4800,68,0
4801,69,0
4802,70,0
4803,70,0
4804,71,0
4805,70,0
4806,70,0
4807,67,0
4808,71,0
4809,68,0
4810,68,0
4811,71,0
4812,71,0
4813,68,0
4814,68,0
4815,71,0
4816,69,0
4817,71,0
4818,70,0
4819,70,0
4820,67,0
4821,68,0
4822,71,0
4823,69,0
4824,70,0
4825,68,0
4826,65,0
4827,67,0
4828,67,0
4829,70,0
4830,70,0
4831,69,0
4832,67,0
4833,68,0
4834,70,0
4835,71,0
4836,69,0
4837,70,0
4838,73,0
4839,69,0
4840,68,0
4841,71,0
4842,72,0
4843,70,0
4844,69,0
4845,67,0
4846,70,0
4847,70,0
4848,71,0
4849,71,0
4850,68,0
4851,69,0
4852,69,0
4853,71,0
4854,70,0
4855,70,0
4856,69,0
4857,70,0
4858,70,0
4859,69,0
4860,69,0
4861,70,0
4862,69,0
4863,69,0
4864,69,0
4865,70,0
4866,68,0
4867,67,0
4868,69,0
4869,69,0
4870,72,0
4871,70,0
4872,69,0
4873,69,0
4874,69,0
4875,72,0
4876,68,0
4877,69,0
4878,67,0
4879,68,0
4880,72,0
4881,69,0
4882,67,0
4883,67,0
4884,71,0
4885,68,0
4886,70,0
4887,67,0
4888,69,0
4889,68,0
4890,70,0
4891,72,0
4892,71,0
4893,71,0
4894,70,0
4895,68,0
4896,71,0
4897,71,0
4898,71,0
4899,68,0
4900,70,0
4901,67,0
4902,69,0
4903,70,0
4904,70,0
4905,73,0
4906,67,0
4907,69,0
4908,69,0
4909,70,0
4910,70,0
4911,67,0
4912,69,0
4913,69,0
4914,70,0
4915,70,0
4916,69,0
4917,68,0
4918,70,0
4919,69,0
4920,69,0
4921,70,0
4922,70,0
4923,69,0
4924,69,0
4925,69,0
4926,68,0
4927,70,0
4928,69,0
4929,68,0
4930,68,0
4931,73,0
4932,69,0
4933,66,0
4934,71,0
4935,71,0
4936,73,0
4937,70,0
4938,72,0
4939,71,0
4940,70,0
4941,68,0
4942,71,0
4943,69,0
4944,69,0
4945,70,0
4946,69,0
4947,69,0
4948,68,0
4949,68,0
4950,65,0
4951,69,0
4952,70,0
4953,68,0
4954,71,0
4955,71,0
4956,69,0
4957,68,0
4958,70,0
4959,67,0
4960,69,0
4961,68,0
4962,68,0
4963,69,0
4964,69,0
4965,69,0
4966,70,0
4967,70,0
4968,71,0
4969,71,0
4970,70,0
4971,70,0
4972,71,0
4973,69,0
4974,72,0
4975,70,0
4976,69,0
4977,71,0
4978,70,0
4979,70,0
4980,71,0
4981,71,0
4982,69,0
4983,67,0
4984,70,0
4985,71,0
4986,71,0
4987,70,0
4988,70,0
4989,71,0
4990,70,0
4991,69,0
4992,69,0
4993,70,0
4994,67,0
4995,69,0
4996,68,0
4997,68,0
4998,71,0
4999,69,0
5000,71,0
5001,71,0
5002,70,0
5003,68,0
5004,69,0
5005,70,0
5006,68,0
5007,73,0
5008,69,0
5009,67,0
5010,69,0
5011,70,0
5012,69,0
5013,69,0
5014,72,0
5015,70,0
5016,71,0
5017,67,0
5018,70,0
5019,70,0
5020,69,0
5021,67,0
5022,69,0
5023,69,0
5024,69,0
5025,69,0
5026,67,0
5027,68,0
5028,70,0
5029,71,0
5030,67,0
5031,71,0
5032,70,0
5033,68,0
5034,69,0
5035,69,0
5036,69,0
5037,68,0
5038,70,0
5039,71,0
5040,71,0
5041,70,0
5042,70,0
5043,67,0
5044,69,0
5045,70,0
5046,69,0
5047,69,0
5048,70,0
5049,68,0
5050,69,0
5051,69,0
5052,69,0
5053,72,0
5054,68,0
5055,68,0
5056,71,0
5057,69,0
5058,69,0
5059,70,0
5060,71,0
5061,71,0
5062,70,0
5063,68,0
5064,69,0
5065,71,0
5066,70,0
5067,70,0
5068,68,0
5069,69,0
5070,69,0
5071,69,0
5072,70,0
5073,68,0
5074,70,0
5075,69,0
5076,71,0
5077,69,0
5078,72,0
5079,70,0
5080,72,0
5081,69,0
5082,72,0
5083,68,0
5084,71,0
5085,69,0
5086,70,0
5087,70,0
5088,71,0
5089,67,0
5090,70,0
5091,72,0
5092,69,0
5093,71,0
5094,70,0
5095,70,0
5096,67,0
5097,67,0
5098,70,0
5099,70,0
5100,67,0
5101,71,0
5102,70,0
5103,70,0
5104,71,0
5105,67,0
5106,68,0
5107,68,0
5108,67,0
5109,67,0
5110,72,0
5111,68,0
5112,68,0
5113,73,0
5114,71,0
5115,70,0
5116,67,0
5117,70,0
5118,68,0
5119,69,0
5120,67,0
5121,70,0
5122,70,0
5123,68,0
5124,69,0
5125,69,0
5126,68,0
5127,70,0
5128,67,0
5129,67,0
5130,69,0
5131,70,0
5132,72,0
5133,71,0
5134,67,0
5135,70,0
5136,70,0
5137,70,0
5138,69,0
5139,67,0
5140,71,0
5141,68,0
5142,70,0
5143,67,0
5144,71,0
5145,70,0
5146,67,0
5147,67,0
5148,71,0
5149,68,0
5150,72,0
5151,70,0
5152,69,0
5153,69,0
5154,70,0
5155,70,0
5156,67,0
5157,67,0
5158,70,0
5159,68,0
5160,67,0
5161,71,0
5162,70,0
5163,70,0
5164,69,0
5165,69,0
5166,70,0
5167,70,0
5168,70,0
5169,70,0
5170,69,0
5171,71,0
5172,71,0
5173,68,0
5174,72,0
5175,70,0
5176,71,0
5177,70,0
5178,68,0
5179,69,0
5180,71,0
5181,70,0
5182,71,0
5183,71,0
5184,68,0
5185,72,0
5186,69,0
5187,69,0
5188,71,0
5189,68,0
5190,70,0
5191,69,0
5192,69,0
5193,69,0
5194,70,0
5195,68,0
5196,69,0
5197,69,0
5198,69,0
5199,70,0
5200,68,0
5201,69,0
5202,71,0
5203,71,0
5204,71,0
5205,71,0
5206,69,0
5207,70,0
5208,70,0
5209,71,0
5210,69,0
5211,70,0
5212,70,0
5213,71,0
5214,69,0
5215,70,0
5216,69,0
5217,71,0
5218,70,0
5219,68,0
5220,67,0
5221,69,0
5222,70,0
5223,69,0
5224,67,0
5225,70,0
5226,70,0
5227,71,0
5228,67,0
5229,70,0
5230,70,0
5231,69,0
5232,71,0
5233,70,0
5234,70,0
5235,71,0
5236,69,0
5237,71,0
5238,68,0
5239,73,0
5240,69,0
5241,70,0
5242,72,0
5243,70,0
5244,72,0
5245,73,0
5246,71,0
5247,70,0
5248,68,0
5249,69,0
5250,69,0
5251,72,0
5252,71,0
5253,67,0
5254,70,0
5255,70,0
5256,69,0
5257,69,0
5258,68,0
5259,70,0
5260,67,0
5261,69,0
5262,68,0
5263,67,0
5264,71,0
5265,71,0
5266,68,0
5267,68,0
5268,68,0
5269,67,0
5270,70,0
5271,73,0
5272,67,0
5273,70,0
5274,68,0
5275,71,0
5276,70,0
5277,70,0
5278,71,0
5279,69,0
5280,71,0
5281,70,0
5282,70,0
5283,71,0
5284,67,0
5285,72,0
5286,70,0
5287,69,0
5288,69,0
5289,70,0
5290,70,0
5291,70,0
5292,71,0
5293,71,0
5294,69,0
5295,70,0
5296,72,0
5297,70,0
5298,70,0
5299,71,0
5300,67,0
5301,72,0
5302,70,0
5303,72,0
5304,68,0
5305,71,0
5306,71,0
5307,71,0
5308,70,0
5309,70,0
5310,67,0
5311,71,0
5312,69,0
5313,72,0
5314,70,0
5315,70,0
5316,70,0
5317,71,0
5318,69,0
5319,72,0
5320,70,0
5321,68,0
5322,69,0
5323,67,0
5324,71,0
5325,72,0
5326,68,0
5327,69,0
5328,69,0
5329,67,0
5330,69,0
5331,72,0
5332,70,0
5333,69,0
5334,67,0
5335,70,0
5336,68,0
5337,67,0
5338,69,0
5339,68,0
5340,70,0
5341,70,0
5342,71,0
5343,71,0
5344,68,0
5345,70,0
5346,67,0
5347,73,0
5348,70,0
5349,69,0
5350,71,0
5351,70,0
5352,68,0
5353,67,0
5354,65,0
5355,71,0
5356,68,0
5357,68,0
5358,68,0
5359,71,0
5360,71,0
5361,70,0
5362,68,0
5363,70,0
5364,70,0
5365,69,0
5366,71,0
5367,70,0
5368,68,0
5369,70,0
5370,71,0
5371,69,0
5372,68,0
5373,71,0
5374,69,0
5375,67,0
5376,67,0
5377,68,0
5378,68,0
5379,70,0
5380,67,0
5381,69,0
5382,72,0
5383,70,0
5384,70,0
5385,69,0
5386,71,0
5387,70,0
5388,70,0
5389,68,0
5390,68,0
5391,70,0
5392,70,0
5393,69,0
5394,71,0
5395,70,0
5396,67,0
5397,71,0
5398,70,0
5399,70,0
5400,67,0
5401,71,0
5402,70,0
5403,68,0
5404,65,0
5405,71,0
5406,71,0
5407,68,0
5408,70,0
5409,69,0
5410,69,0
5411,70,0
5412,70,0
5413,71,0
5414,71,0
5415,70,0
5416,71,0
5417,69,0
5418,68,0
5419,70,0
5420,71,0
5421,71,0
5422,68,0
5423,70,0
5424,70,0
5425,67,0
5426,69,0
5427,70,0
5428,68,0
5429,71,0
5430,71,0
5431,68,0
5432,68,0
5433,67,0
5434,69,0
5435,70,0
5436,70,0
5437,71,0
5438,69,0
5439,68,0
5440,70,0
5441,67,0
5442,71,0
5443,70,0
5444,68,0
5445,67,0
5446,69,0
5447,69,0
5448,68,0
5449,70,0
5450,72,0
5451,71,0
5452,69,0
5453,71,0
5454,72,0
5455,70,0
5456,69,0
5457,71,0
5458,70,0
5459,72,0
5460,67,0
5461,71,0
5462,70,0
5463,70,0
5464,67,0
5465,71,0
5466,70,0
5467,71,0
5468,71,0
5469,70,0
5470,70,0
5471,71,0
5472,69,0
5473,67,0
5474,70,0
5475,71,0
5476,71,0
5477,71,0
5478,68,0
5479,72,0
5480,68,0
5481,69,0
5482,71,0
5483,68,0
5484,65,0
5485,73,0
5486,67,0
5487,70,0
5488,70,0
5489,69,0
5490,71,0
5491,70,0
5492,68,0
5493,67,0
5494,71,0
5495,71,0
5496,72,0
5497,70,0
5498,69,0
5499,69,0
5500,72,0
5501,71,0
5502,67,0
5503,68,0
5504,70,0
5505,69,0
5506,70,0
5507,69,0
5508,68,0
5509,67,0
5510,69,0
5511,68,0
5512,68,0
5513,67,0
5514,71,0
5515,69,0
5516,70,0
5517,67,0
5518,69,0
5519,68,0
5520,68,0
5521,69,0
5522,67,0
5523,72,0
5524,72,0
5525,71,0
5526,69,0
5527,70,0
5528,68,0
5529,72,0
5530,69,0
5531,71,0
5532,69,0
5533,72,0
5534,70,0
5535,65,0
5536,71,0
5537,68,0
5538,70,0
5539,69,0
5540,69,0
5541,70,0
5542,70,0
5543,67,0
5544,69,0
5545,70,0
5546,67,0
5547,69,0
5548,68,0
5549,69,0
5550,73,0
5551,71,0
5552,68,0
5553,67,0
5554,69,0
5555,72,0
5556,70,0
5557,73,0
5558,71,0
5559,69,0
5560,70,0
5561,68,0
5562,67,0
5563,67,0
5564,72,0
5565,70,0
5566,69,0
5567,69,0
5568,70,0
5569,72,0
5570,68,0
5571,67,0
5572,70,0
5573,70,0
5574,69,0
5575,71,0
5576,70,0
5577,68,0
5578,67,0
5579,71,0
5580,70,0
5581,70,0
5582,71,0
5583,69,0
5584,72,0
5585,67,0
5586,67,0
5587,67,0
5588,70,0
5589,68,0
5590,69,0
5591,68,0
5592,68,0
5593,67,0
5594,71,0
5595,70,0
5596,70,0
5597,71,0
5598,69,0
5599,68,0
5600,70,0
5601,67,0
5602,69,0
5603,68,0
5604,68,0
5605,69,0
5606,72,0
5607,70,0
5608,70,0
5609,71,0
5610,71,0
5611,70,0
5612,71,0
5613,69,0
5614,70,0
5615,70,0
5616,71,0
5617,67,0
5618,68,0
5619,72,0
5620,67,0
5621,71,0
5622,71,0
5623,71,0
5624,70,0
5625,70,0
5626,71,0
5627,71,0
5628,69,0
5629,68,0
5630,70,0
5631,71,0
5632,69,0
5633,70,0
5634,70,0
5635,69,0
5636,69,0
5637,69,0
5638,70,0
5639,71,0
5640,67,0
5641,70,0
5642,68,0
5643,72,0
5644,71,0
5645,70,0
5646,70,0
5647,71,0
5648,71,0
5649,69,0
5650,68,0
5651,70,0
5652,69,0
5653,69,0
5654,70,0
5655,70,0
5656,69,0
5657,69,0
5658,70,0
5659,69,0
5660,69,0
5661,70,0
5662,72,0
5663,68,0
5664,70,0
5665,71,0
5666,72,0
5667,72,0
5668,69,0
5669,71,0
5670,70,0
5671,70,0
5672,67,0
5673,69,0
5674,68,0
5675,70,0
5676,69,0
5677,71,0
5678,68,0
5679,70,0
5680,71,0
5681,71,0
5682,70,0
5683,70,0
5684,67,0
5685,71,0
5686,71,0
5687,70,0
5688,68,0
5689,71,0
5690,67,0
5691,72,0
5692,68,0
5693,69,0
5694,71,0
5695,70,0
5696,70,0
5697,67,0
5698,69,0
5699,72,0
5700,69,0
5701,69,0
5702,68,0
5703,65,0
5704,68,0
5705,71,0
5706,71,0
5707,68,0
5708,68,0
5709,68,0
5710,68,0
5711,71,0
5712,68,0
5713,70,0
5714,69,0
5715,70,0
5716,70,0
5717,65,0
5718,71,0
5719,70,0
5720,70,0
5721,69,0
5722,71,0
5723,71,0
5724,70,0
5725,68,0
5726,69,0
5727,71,0
5728,70,0
5729,68,0
5730,69,0
5731,69,0
5732,71,0
5733,67,0
5734,70,0
5735,68,0
5736,69,0
5737,71,0
5738,70,0
5739,71,0
5740,69,0
5741,69,0
5742,70,0
5743,70,0
5744,67,0
5745,69,0
5746,68,0
5747,68,0
5748,67,0
5749,71,0
5750,70,0
5751,71,0
5752,71,0
5753,69,0
5754,72,0
5755,70,0
5756,71,0
5757,71,0
5758,70,0
5759,71,0
5760,69,0
5761,70,0
5762,72,0
5763,70,0
5764,71,0
5765,71,0
5766,70,0
5767,70,0
5768,68,0
5769,69,0
5770,71,0
5771,70,0
5772,73,0
5773,69,0
5774,70,0
5775,72,0
5776,71,0
5777,67,0
5778,68,0
5779,68,0
5780,71,0
5781,67,0
5782,71,0
5783,70,0
5784,67,0
5785,71,0
5786,71,0
5787,67,0
5788,68,0
5789,68,0
5790,71,0
5791,73,0
5792,70,0
5793,68,0
5794,67,0
5795,69,0
5796,71,0
5797,70,0
5798,68,0
5799,65,0
5800,71,0
5801,70,0
5802,70,0
5803,67,0
5804,68,0
5805,69,0
5806,71,0
5807,71,0
5808,68,0
5809,69,0
5810,70,0
5811,69,0
5812,68,0
5813,70,0
5814,67,0
5815,69,0
5816,68,0
5817,68,0
5818,71,0
5819,71,0
5820,70,0
5821,70,0
5822,68,0
5823,73,0
5824,67,0
5825,72,0
5826,70,0
5827,69,0
5828,71,0
5829,70,0
5830,70,0
5831,71,0
5832,71,0
5833,70,0
5834,72,0
5835,71,0
5836,71,0
5837,70,0
5838,70,0
5839,68,0
5840,69,0
5841,69,0
5842,72,0
5843,69,0
5844,71,0
5845,70,0
5846,70,0
5847,72,0
5848,68,0
5849,69,0
5850,71,0
5851,69,0
5852,69,0
5853,71,0
5854,69,0
5855,70,0
5856,70,0
5857,70,0
5858,70,0
5859,71,0
5860,69,0
5861,69,0
5862,71,0
5863,70,0
5864,70,0
5865,72,0
5866,70,0
5867,67,0
5868,67,0
5869,71,0
5870,71,0
5871,68,0
5872,68,0
5873,72,0
5874,72,0
5875,70,0
5876,71,0
5877,71,0
5878,69,0
5879,70,0
5880,70,0
5881,70,0
5882,67,0
5883,73,0
5884,69,0
5885,70,0
5886,68,0
5887,71,0
5888,69,0
5889,70,0
5890,68,0
5891,70,0
5892,69,0
5893,67,0
5894,74,0
5895,68,0
5896,67,0
5897,69,0
5898,70,0
5899,68,0
5900,71,0
5901,67,0
5902,70,0
5903,70,0
5904,70,0
5905,69,0
5906,71,0
5907,70,0
5908,69,0
5909,71,0
5910,70,0
5911,70,0
5912,67,0
5913,67,0
5914,70,0
5915,70,0
5916,71,0
5917,69,0
5918,72,0
5919,69,0
5920,67,0
5921,71,0
5922,70,0
5923,70,0
5924,71,0
5925,67,0
5926,70,0
5927,68,0
5928,67,0
5929,70,0
5930,68,0
5931,67,0
5932,71,0
5933,67,0
5934,70,0
5935,70,0
5936,70,0
5937,73,0
5938,69,0
5939,70,0
5940,70,0
5941,68,0
5942,67,0
5943,71,0
5944,71,0
5945,70,0
5946,70,0
5947,71,0
5948,69,0
5949,70,0
5950,71,0
5951,69,0
5952,69,0
5953,68,0
5954,70,0
5955,72,0
5956,67,0
5957,69,0
5958,68,0
5959,72,0
5960,68,0
5961,69,0
5962,69,0
5963,69,0
5964,69,0
5965,70,0
5966,70,0
5967,68,0
5968,67,0
5969,71,0
5970,69,0
5971,70,0
5972,70,0
5973,70,0
5974,73,0
5975,69,0
5976,70,0
5977,72,0
5978,68,0
5979,69,0
5980,69,0
5981,70,0
5982,70,0
5983,71,0
5984,69,0
5985,70,0
5986,70,0
5987,67,0
5988,67,0
5989,72,0
5990,70,0
5991,71,0
5992,72,0
5993,68,0
5994,69,0
5995,67,0
5996,68,0
5997,70,0
5998,70,0
5999,69,0
6000,69,0
6001,71,0
6002,68,0
6003,68,0
6004,67,0
6005,71,0
6006,72,0
6007,70,0
6008,70,0
6009,65,0
6010,71,0
6011,71,0
6012,70,0
6013,70,0
6014,65,0
6015,71,0
6016,70,0
6017,70,0
6018,67,0
6019,67,0
6020,71,0
6021,68,0
6022,68,0
6023,71,0
6024,70,0
6025,70,0
6026,69,0
6027,71,0
6028,68,0
6029,67,0
6030,67,0
6031,71,0
6032,70,0
6033,70,0
6034,73,0
6035,69,0
6036,72,0
6037,68,0
6038,71,0
6039,71,0
6040,70,0
6041,72,0
6042,67,0
6043,71,0
6044,68,0
6045,70,0
6046,69,0
6047,70,0
6048,70,0
6049,68,0
6050,69,0
6051,71,0
6052,69,0
6053,70,0
6054,70,0
6055,71,0
6056,71,0
6057,70,0
6058,67,0
6059,71,0
6060,69,0
6061,68,0
6062,70,0
6063,70,0
6064,71,0
6065,71,0
6066,70,0
6067,70,0
6068,69,0
6069,71,0
6070,70,0
6071,70,0
6072,68,0
6073,69,0
6074,71,0
6075,68,0
6076,70,0
6077,69,0
6078,67,0
6079,72,0
6080,70,0
6081,69,0
6082,70,0
6083,69,0
6084,69,0
6085,70,0
6086,70,0
6087,71,0
6088,67,0
6089,70,0
6090,68,0
6091,69,0
6092,69,0
6093,68,0
6094,68,0
6095,69,0
6096,69,0
6097,69,0
6098,72,0
6099,70,0
6100,70,0
6101,69,0
6102,69,0
6103,70,0
6104,70,0
6105,68,0
6106,73,0
6107,69,0
6108,71,0
6109,70,0
6110,69,0
6111,70,0
6112,71,0
6113,69,0
6114,70,0
6115,68,0
6116,69,0
6117,69,0
6118,69,0
6119,70,0
6120,68,0
6121,69,0
6122,70,0
6123,69,0
6124,70,0
6125,71,0
6126,69,0
6127,72,0
6128,70,0
6129,69,0
6130,70,0
6131,72,0
6132,67,0
6133,69,0
6134,68,0
6135,70,0
6136,67,0
6137,67,0
6138,70,0
6139,70,0
6140,71,0
6141,71,0
6142,70,0
6143,68,0
6144,69,0
6145,67,0
6146,70,0
6147,67,0
6148,69,0
6149,70,0
6150,70,0
6151,67,0
6152,71,0
6153,70,0
6154,70,0
6155,69,0
6156,67,0
6157,68,0
6158,68,0
6159,69,0
6160,67,0
6161,69,0
6162,68,0
6163,70,0
6164,73,0
6165,67,0
6166,70,0
6167,70,0
6168,71,0
6169,69,0
6170,68,0
6171,70,0
6172,71,0
6173,69,0
6174,70,0
6175,70,0
6176,73,0
6177,71,0
6178,70,0
6179,70,0
6180,73,0
6181,69,0
6182,71,0
6183,70,0
6184,70,0
6185,71,0
6186,67,0
6187,71,0
6188,68,0
6189,67,0
6190,67,0
6191,72,0
6192,70,0
6193,69,0
6194,71,0
6195,72,0
6196,70,0
6197,69,0
6198,71,0
6199,70,0
6200,68,0
6201,69,0
6202,69,0
6203,68,0
6204,69,0
6205,70,0
6206,69,0
6207,69,0
6208,71,0
6209,70,0
6210,69,0
6211,69,0
6212,67,0
6213,70,0
6214,68,0
6215,70,0
6216,69,0
6217,70,0
6218,70,0
6219,71,0
6220,69,0
6221,68,0
6222,68,0
6223,69,0
6224,70,0
6225,71,0
6226,68,0
6227,71,0
6228,71,0
6229,70,0
6230,68,0
6231,71,0
6232,71,0
6233,68,0
6234,70,0
6235,71,0
6236,67,0
6237,72,0
6238,68,0
6239,71,0
6240,69,0
6241,71,0
6242,72,0
6243,70,0
6244,71,0
6245,70,0
6246,70,0
6247,67,0
6248,70,0
6249,69,0
6250,71,0
6251,68,0
6252,68,0
6253,67,0
6254,70,0
6255,70,0
6256,70,0
6257,72,0
6258,71,0
6259,71,0
6260,68,0
6261,73,0
6262,69,0
6263,70,0
6264,70,0
6265,69,0
6266,69,0
6267,68,0
6268,70,0
6269,69,0
6270,67,0
6271,70,0
6272,71,0
6273,69,0
6274,70,0
6275,68,0
6276,69,0
6277,67,0
6278,68,0
6279,67,0
6280,69,0
6281,68,0
6282,68,0
6283,69,0
6284,71,0
6285,67,0
6286,68,0
6287,72,0
6288,70,0
6289,69,0
6290,71,0
6291,71,0
6292,70,0
6293,70,0
6294,68,0
6295,69,0
6296,71,0
6297,70,0
6298,70,0
6299,71,0
6300,69,0
6301,70,0
6302,70,0
6303,69,0
6304,71,0
6305,69,0
6306,70,0
6307,70,0
6308,71,0
6309,69,0
6310,70,0
6311,72,0
6312,70,0
6313,70,0
6314,69,0
6315,69,0
6316,70,0
6317,71,0
6318,71,0
6319,68,0
6320,70,0
6321,70,0
6322,70,0
6323,69,0
6324,71,0
6325,72,0
6326,68,0
6327,73,0
6328,69,0
6329,68,0
6330,70,0
6331,70,0
6332,68,0
6333,71,0
6334,67,0
6335,70,0
6336,72,0
6337,70,0
6338,65,0
6339,71,0
6340,68,0
6341,68,0
6342,71,0
6343,71,0
6344,70,0
6345,68,0
6346,67,0
6347,69,0
6348,70,0
6349,68,0
6350,71,0
6351,69,0
6352,72,0
6353,67,0
6354,69,0
6355,70,0
6356,68,0
6357,70,0
6358,67,0
6359,67,0
6360,70,0
6361,68,0
6362,69,0
6363,69,0
6364,70,0
6365,68,0
6366,67,0
6367,71,0
6368,69,0
6369,242,1
6370,73,0
6371,104,0
6372,73,0
6373,81,0
6374,72,0
6375,71,0
6376,77,0
6377,73,0
6378,73,0
6379,70,0
6380,73,0
6381,72,0
6382,81,0
6383,95,0
6384,68,0
6385,69,0
6386,83,0
6387,71,0
6388,74,0
6389,67,0
6390,76,0
6391,98,0
6392,111,0
6393,106,0
6394,77,0
6395,74,0
6396,69,0
6397,67,0
6398,70,0
6399,71,0
6400,79,0
6401,70,0
6402,71,0
6403,93,0
6404,69,0
6405,70,0
6406,76,0
6407,69,0
6408,70,0
6409,70,0
6410,78,0
6411,70,0
6412,73,0
6413,75,0
6414,71,0
6415,77,0
6416,69,0
6417,73,0
6418,69,0
6419,71,0
6420,71,0
6421,95,0
6422,91,0
6423,72,0
6424,97,0
6425,107,0
6426,72,0
6427,74,0
6428,93,0
6429,73,0
6430,74,0
6431,70,0
6432,72,0
6433,83,0
6434,97,0
6435,90,0
6436,107,0
6437,73,0
6438,93,0
6439,93,0
6440,96,0
6441,93,0
6442,90,0
6443,69,0
6444,67,0
6445,72,0
6446,79,0
6447,70,0
6448,85,0
6449,103,0
6450,91,0
6451,79,0
6452,68,0
6453,72,0
6454,75,0
6455,93,0
6456,98,0
6457,68,0
6458,101,0
6459,72,0
6460,72,0
6461,70,0
6462,69,0
6463,77,0
6464,71,0
6465,76,0
6466,78,0
6467,70,0
6468,77,0
6469,76,0
6470,69,0
6471,97,0
6472,71,0
6473,74,0
6474,72,0
6475,73,0
6476,69,0
6477,75,0
6478,67,0
6479,97,0
6480,89,0
6481,70,0
6482,69,0
6483,74,0
6484,72,0
6485,93,0
6486,103,0
6487,97,0
6488,78,0
6489,87,0
6490,73,0
6491,73,0
6492,74,0
6493,71,0
6494,91,0
6495,70,0
6496,75,0
6497,73,0
6498,74,0
6499,69,0
6500,79,0
6501,71,0
6502,71,0
6503,72,0
6504,70,0
6505,74,0
6506,79,0
6507,73,0
6508,67,0
6509,70,0
6510,74,0
6511,78,0
6512,102,0
6513,73,0
6514,76,0
6515,77,0
6516,76,0
6517,91,0
6518,71,0
6519,71,0
6520,73,0
6521,74,0
6522,74,0
6523,73,0
6524,95,0
6525,71,0
6526,70,0
6527,69,0
6528,74,0
6529,72,0
6530,70,0
6531,77,0
6532,110,0
6533,77,0
6534,80,0
6535,74,0
6536,75,0
6537,81,0
6538,76,0
6539,76,0
6540,81,0
6541,107,0
6542,70,0
6543,75,0
6544,71,0
6545,75,0
6546,71,0
6547,72,0
6548,77,0
6549,84,0
6550,72,0
6551,70,0
6552,71,0
6553,75,0
6554,76,0
6555,75,0
6556,70,0
6557,80,0
6558,76,0
6559,72,0
6560,74,0
6561,99,0
6562,74,0
6563,74,0
6564,76,0
6565,78,0
6566,69,0
6567,70,0
6568,71,0
6569,69,0
6570,69,0
6571,72,0
6572,70,0
6573,71,0
6574,71,0
6575,71,0
6576,68,0
6577,68,0
6578,67,0
6579,69,0
6580,70,0
6581,70,0
6582,71,0
6583,71,0
6584,70,0
6585,70,0
6586,68,0
6587,73,0
6588,71,0
6589,70,0
6590,68,0
6591,72,0
6592,71,0
6593,69,0
6594,69,0
6595,70,0
6596,70,0
6597,70,0
6598,71,0
6599,71,0
6600,71,0
6601,70,0
6602,70,0
6603,72,0
6604,68,0
6605,71,0
6606,69,0
6607,70,0
6608,70,0
6609,72,0
6610,65,0
6611,69,0
6612,67,0
6613,68,0
6614,68,0
6615,69,0
6616,69,0
6617,71,0
6618,72,0
6619,68,0
6620,69,0
6621,69,0
6622,68,0
6623,68,0
6624,69,0
6625,71,0
6626,69,0
6627,70,0
6628,68,0
6629,69,0
6630,69,0
6631,70,0
6632,70,0
6633,72,0
6634,67,0
6635,69,0
6636,69,0
6637,70,0
6638,70,0
6639,70,0
6640,69,0
6641,69,0
6642,69,0
6643,70,0
6644,68,0
6645,70,0
6646,68,0
6647,73,0
6648,67,0
6649,70,0
6650,68,0
6651,70,0
6652,67,0
6653,69,0
6654,69,0
6655,70,0
6656,68,0
6657,69,0
6658,69,0
6659,71,0
6660,70,0
6661,68,0
6662,70,0
6663,68,0
6664,70,0
6665,67,0
6666,69,0
6667,65,0
6668,69,0
6669,69,0
6670,69,0
6671,69,0
6672,70,0
6673,70,0
6674,70,0
6675,68,0
6676,70,0
6677,68,0
6678,70,0
6679,70,0
6680,70,0
6681,70,0
6682,71,0
6683,67,0
6684,71,0
6685,69,0
6686,71,0
6687,69,0
6688,71,0
6689,70,0
6690,70,0
6691,70,0
6692,72,0
6693,68,0
6694,69,0
6695,71,0
6696,71,0
6697,69,0
6698,72,0
6699,68,0
6700,70,0
6701,70,0
6702,70,0
6703,69,0
6704,69,0
6705,67,0
6706,69,0
6707,69,0
6708,70,0
6709,70,0
6710,70,0
6711,72,0
6712,70,0
6713,68,0
6714,70,0
6715,67,0
6716,73,0
6717,71,0
6718,69,0
6719,69,0
6720,69,0
6721,67,0
6722,71,0
6723,67,0
6724,71,0
6725,70,0
6726,70,0
6727,70,0
6728,68,0
6729,68,0
6730,70,0
6731,69,0
6732,71,0
6733,73,0
6734,71,0
6735,67,0
6736,71,0
6737,68,0
6738,72,0
6739,70,0
6740,70,0
6741,73,0
6742,71,0
6743,71,0
6744,69,0
6745,67,0
6746,70,0
6747,68,0
6748,70,0
6749,70,0
6750,70,0
6751,65,0
6752,71,0
6753,69,0
6754,69,0
6755,71,0
6756,71,0
6757,69,0
6758,71,0
6759,70,0
6760,70,0
6761,70,0
6762,70,0
6763,68,0
6764,70,0
6765,70,0
6766,70,0
6767,72,0
6768,70,0
6769,69,0
6770,67,0
6771,69,0
6772,71,0
6773,69,0
6774,71,0
6775,69,0
6776,70,0
6777,70,0
6778,68,0
6779,93,0
6780,70,0
6781,72,0
6782,71,0
6783,71,0
6784,70,0
6785,68,0
6786,71,0
6787,67,0
6788,71,0
6789,70,0
6790,70,0
6791,72,0
6792,69,0
6793,71,0
6794,70,0
6795,70,0
6796,71,0
6797,69,0
6798,72,0
6799,70,0
6800,71,0
6801,71,0
6802,70,0
6803,67,0
6804,71,0
6805,71,0
6806,72,0
6807,70,0
6808,69,0
6809,73,0
6810,70,0
6811,69,0
6812,71,0
6813,70,0
6814,70,0
6815,69,0
6816,71,0
6817,72,0
6818,70,0
6819,70,0
6820,69,0
6821,71,0
6822,69,0
6823,68,0
6824,70,0
6825,69,0
6826,67,0
6827,72,0
6828,68,0
6829,71,0
6830,69,0
6831,70,0
6832,70,0
6833,71,0
6834,71,0
6835,67,0
6836,70,0
6837,72,0
6838,69,0
6839,70,0
6840,72,0
6841,73,0
6842,69,0
6843,70,0
6844,70,0
6845,71,0
6846,71,0
6847,71,0
6848,70,0
6849,67,0
6850,67,0
6851,72,0
6852,70,0
6853,70,0
6854,69,0
6855,69,0
6856,70,0
6857,70,0
6858,67,0
6859,69,0
6860,71,0
6861,70,0
6862,68,0
6863,71,0
6864,71,0
6865,67,0
6866,70,0
6867,68,0
6868,68,0
6869,69,0
6870,68,0
6871,70,0
6872,73,0
6873,71,0
6874,70,0
6875,70,0
6876,71,0
6877,67,0
6878,71,0
6879,70,0
6880,70,0
6881,69,0
6882,67,0
6883,68,0
6884,70,0
6885,71,0
6886,69,0
6887,69,0
6888,70,0
6889,70,0
6890,69,0
6891,67,0
6892,67,0
6893,70,0
6894,68,0
6895,68,0
6896,67,0
6897,71,0
6898,68,0
6899,68,0
6900,71,0
6901,71,0
6902,69,0
6903,70,0
6904,72,0
6905,71,0
6906,67,0
6907,70,0
6908,70,0
6909,73,0
6910,71,0
6911,72,0
6912,70,0
6913,69,0
6914,71,0
6915,69,0
6916,72,0
6917,70,0
6918,67,0
6919,69,0
6920,68,0
6921,70,0
6922,71,0
6923,70,0
6924,70,0
6925,68,0
6926,69,0
6927,69,0
6928,70,0
6929,68,0
6930,70,0
6931,71,0
6932,67,0
6933,70,0
6934,70,0
6935,69,0
6936,69,0
6937,70,0
6938,70,0
6939,67,0
6940,69,0
6941,70,0
6942,69,0
6943,70,0
6944,70,0
6945,70,0
6946,67,0
6947,67,0
6948,67,0
6949,70,0
6950,68,0
6951,70,0
6952,73,0
6953,69,0
6954,69,0
6955,70,0
6956,68,0
6957,69,0
6958,69,0
6959,68,0
6960,70,0
6961,69,0
6962,71,0
6963,71,0
6964,70,0
6965,70,0
6966,69,0
6967,69,0
6968,67,0
6969,68,0
6970,68,0
6971,73,0
6972,69,0
6973,68,0
6974,70,0
6975,70,0
6976,71,0
6977,69,0
6978,70,0
6979,67,0
6980,71,0
6981,69,0
6982,68,0
6983,65,0
6984,67,0
6985,70,0
6986,70,0
6987,69,0
6988,67,0
6989,70,0
6990,70,0
6991,73,0
6992,69,0
6993,70,0
6994,72,0
6995,67,0
6996,70,0
6997,70,0
6998,71,0
6999,69,0
7000,70,0
7001,68,0
7002,68,0
7003,67,0
7004,69,0
7005,68,0
7006,71,0
7007,73,0
7008,71,0
7009,72,0
7010,68,0
7011,69,0
7012,67,0
7013,70,0
7014,70,0
7015,71,0
7016,70,0
7017,70,0
7018,71,0
7019,69,0
7020,67,0
7021,70,0
7022,68,0
7023,69,0
7024,71,0
7025,70,0
7026,68,0
7027,71,0
7028,71,0
7029,70,0
7030,70,0
7031,67,0
7032,67,0
7033,73,0
7034,69,0
7035,72,0
7036,68,0
7037,71,0
7038,70,0
7039,67,0
7040,67,0
7041,71,0
7042,72,0
7043,68,0
7044,69,0
7045,69,0
7046,71,0
7047,68,0
7048,72,0
7049,67,0
7050,71,0
7051,68,0
7052,70,0
7053,73,0
7054,67,0
7055,69,0
7056,70,0
7057,67,0
7058,71,0
7059,70,0
7060,70,0
7061,68,0
7062,69,0
7063,71,0
7064,72,0
7065,72,0
7066,68,0
7067,69,0
7068,71,0
7069,67,0
7070,70,0
7071,70,0
7072,70,0
7073,69,0
7074,71,0
7075,70,0
7076,67,0
7077,70,0
7078,70,0
7079,71,0
7080,69,0
7081,71,0
7082,70,0
7083,68,0
7084,69,0
7085,69,0
7086,68,0
7087,70,0
7088,68,0
7089,71,0
7090,69,0
7091,68,0
7092,71,0
7093,67,0
7094,70,0
7095,70,0
7096,72,0
7097,69,0
7098,71,0
7099,70,0
7100,70,0
7101,71,0
7102,71,0
7103,69,0
7104,70,0
7105,70,0
7106,67,0
7107,69,0
7108,68,0
7109,68,0
7110,70,0
7111,69,0
7112,70,0
7113,70,0
7114,67,0
7115,70,0
7116,70,0
7117,68,0
7118,71,0
7119,69,0
7120,70,0
7121,70,0
7122,70,0
7123,73,0
7124,69,0
7125,68,0
7126,71,0
7127,69,0
7128,68,0
7129,71,0
7130,67,0
7131,68,0
7132,70,0
7133,71,0
7134,67,0
7135,70,0
7136,69,0
7137,69,0
7138,72,0
7139,73,0
7140,71,0
7141,70,0
7142,68,0
7143,67,0
7144,69,0
7145,68,0
7146,70,0
7147,68,0
7148,71,0
7149,69,0
7150,68,0
7151,72,0
7152,67,0
7153,71,0
7154,69,0
7155,70,0
7156,69,0
7157,70,0
7158,68,0
7159,67,0
7160,71,0
7161,72,0
7162,68,0
7163,68,0
7164,69,0
7165,71,0
7166,70,0
7167,70,0
7168,70,0
7169,71,0
7170,71,0
7171,70,0
7172,70,0
7173,71,0
7174,67,0
7175,69,0
7176,70,0
7177,70,0
7178,71,0
7179,69,0
7180,69,0
7181,71,0
7182,68,0
7183,70,0
7184,70,0
7185,71,0
7186,70,0
7187,68,0
7188,70,0
7189,71,0
7190,71,0
7191,70,0
7192,70,0
7193,67,0
7194,71,0
7195,71,0
7196,69,0
7197,70,0
7198,67,0
7199,71,0
7200,72,0
7201,68,0
7202,70,0
7203,71,0
7204,70,0
7205,70,0
7206,69,0
7207,67,0
7208,69,0
7209,70,0
7210,68,0
7211,67,0
7212,69,0
7213,71,0
7214,68,0
7215,69,0
7216,67,0
7217,70,0
7218,68,0
7219,73,0
7220,71,0
7221,70,0
7222,68,0
7223,69,0
7224,68,0
7225,68,0
7226,70,0
7227,69,0
7228,71,0
7229,68,0
7230,67,0
7231,69,0
7232,72,0
7233,70,0
7234,67,0
7235,69,0
7236,72,0
7237,69,0
7238,67,0
7239,68,0
7240,71,0
7241,71,0
7242,70,0
7243,70,0
7244,73,0
7245,69,0
7246,68,0
7247,68,0
7248,70,0
7249,73,0
7250,69,0
7251,70,0
7252,72,0
7253,70,0
7254,69,0
7255,68,0
7256,69,0
7257,71,0
7258,70,0
7259,70,0
7260,71,0
7261,67,0
7262,68,0
7263,72,0
7264,67,0
7265,71,0
7266,68,0
7267,70,0
7268,69,0
7269,69,0
7270,69,0
7271,70,0
7272,70,0
7273,72,0
7274,69,0
7275,69,0
7276,68,0
7277,68,0
7278,71,0
7279,71,0
7280,70,0
7281,68,0
7282,70,0
7283,67,0
7284,69,0
7285,70,0
7286,71,0
7287,69,0
7288,69,0
7289,72,0
7290,70,0
7291,69,0
7292,69,0
7293,70,0
7294,70,0
7295,67,0
7296,71,0
7297,70,0
7298,71,0
7299,67,0
7300,67,0
7301,69,0
7302,71,0
7303,70,0
7304,70,0
7305,71,0
7306,69,0
7307,70,0
7308,70,0
7309,68,0
7310,69,0
7311,67,0
7312,68,0
7313,70,0
7314,71,0
7315,70,0
7316,70,0
7317,71,0
7318,71,0
7319,68,0
7320,70,0
7321,71,0
7322,72,0
7323,71,0
7324,71,0
7325,69,0
7326,70,0
7327,71,0
7328,71,0
7329,70,0
7330,70,0
7331,67,0
7332,71,0
7333,70,0
7334,67,0
7335,69,0
7336,72,0
7337,70,0
7338,67,0
7339,67,0
7340,70,0
7341,68,0
7342,69,0
7343,71,0
7344,68,0
7345,72,0
7346,69,0
7347,70,0
7348,68,0
7349,71,0
7350,71,0
7351,72,0
7352,73,0
7353,67,0
7354,70,0
7355,69,0
7356,69,0
7357,68,0
7358,68,0
7359,69,0
7360,71,0
7361,68,0
7362,70,0
7363,69,0
7364,68,0
7365,72,0
7366,71,0
7367,71,0
7368,68,0
7369,71,0
7370,68,0
7371,73,0
7372,67,0
7373,70,0
7374,70,0
7375,73,0
7376,69,0
7377,71,0
7378,72,0
7379,72,0
7380,65,0
7381,71,0
7382,69,0
7383,72,0
7384,70,0
7385,72,0
7386,70,0
7387,72,0
7388,71,0
7389,71,0
7390,68,0
7391,68,0
7392,69,0
7393,69,0
7394,68,0
7395,70,0
7396,72,0
7397,70,0
7398,71,0
7399,67,0
7400,68,0
7401,70,0
7402,71,0
7403,71,0
7404,70,0
7405,68,0
7406,69,0
7407,71,0
7408,70,0
7409,70,0
7410,69,0
7411,71,0
7412,70,0
7413,71,0
7414,71,0
7415,70,0
7416,70,0
7417,70,0
7418,73,0
7419,71,0
7420,70,0
7421,70,0
7422,67,0
7423,71,0
7424,71,0
7425,70,0
7426,70,0
7427,71,0
7428,67,0
7429,70,0
7430,68,0
7431,73,0
7432,67,0
7433,69,0
7434,72,0
7435,70,0
7436,67,0
7437,69,0
7438,70,0
7439,70,0
7440,67,0
7441,69,0
7442,71,0
7443,70,0
7444,72,0
7445,69,0
7446,71,0
7447,67,0
7448,69,0
7449,70,0
7450,71,0
7451,67,0
7452,68,0
7453,70,0
7454,67,0
7455,69,0
7456,68,0
7457,68,0
7458,71,0
7459,71,0
7460,69,0
7461,70,0
7462,70,0
7463,70,0
7464,71,0
7465,69,0
7466,71,0
7467,70,0
7468,70,0
7469,69,0
7470,67,0
7471,71,0
7472,69,0
7473,70,0
7474,70,0
7475,65,0
7476,71,0
7477,70,0
7478,68,0
7479,91,0
7480,70,0
7481,71,0
7482,68,0
7483,72,0
7484,72,0
7485,70,0
7486,71,0
7487,69,0
7488,67,0
7489,71,0
7490,70,0
7491,70,0
7492,68,0
7493,65,0
7494,69,0
7495,69,0
7496,70,0
7497,70,0
7498,68,0
7499,69,0
7500,69,0
7501,69,0
7502,70,0
7503,68,0
7504,68,0
7505,69,0
7506,67,0
7507,69,0
7508,70,0
7509,69,0
7510,71,0
7511,69,0
7512,69,0
7513,70,0
7514,70,0
7515,71,0
7516,70,0
7517,71,0
7518,69,0
7519,69,0
7520,70,0
7521,70,0
7522,67,0
7523,65,0
7524,67,0
7525,68,0
7526,71,0
7527,67,0
7528,70,0
7529,68,0
7530,71,0
7531,71,0
7532,70,0
7533,67,0
7534,71,0
7535,72,0
7536,70,0
7537,69,0
7538,71,0
7539,71,0
7540,70,0
7541,71,0
7542,71,0
7543,70,0
7544,67,0
7545,69,0
7546,70,0
7547,71,0
7548,71,0
7549,68,0
7550,70,0
7551,71,0
7552,68,0
7553,70,0
7554,71,0
7555,69,0
7556,68,0
7557,72,0
7558,67,0
7559,68,0
7560,68,0
7561,68,0
7562,71,0
7563,67,0
7564,68,0
7565,70,0
7566,70,0
7567,69,0
7568,71,0
7569,68,0
7570,70,0
7571,71,0
7572,72,0
7573,69,0
7574,71,0
7575,68,0
7576,70,0
7577,71,0
7578,69,0
7579,68,0
7580,70,0
7581,73,0
7582,69,0
7583,72,0
7584,70,0
7585,69,0
7586,71,0
7587,69,0
7588,70,0
7589,68,0
7590,67,0
7591,71,0
7592,70,0
7593,70,0
7594,67,0
7595,67,0
7596,70,0
7597,70,0
7598,71,0
7599,71,0
7600,72,0
7601,70,0
7602,71,0
7603,67,0
7604,70,0
7605,70,0
7606,72,0
7607,71,0
7608,67,0
7609,70,0
7610,70,0
7611,71,0
7612,71,0
7613,69,0
7614,68,0
7615,71,0
7616,67,0
7617,72,0
7618,70,0
7619,69,0
7620,67,0
7621,69,0
7622,70,0
7623,67,0
7624,69,0
7625,71,0
7626,67,0
7627,72,0
7628,68,0
7629,71,0
7630,67,0
7631,70,0
7632,70,0
7633,68,0
7634,71,0
7635,71,0
7636,68,0
7637,68,0
7638,70,0
7639,70,0
7640,69,0
7641,71,0
7642,70,0
7643,70,0
7644,71,0
7645,67,0
7646,68,0
7647,72,0
7648,69,0
7649,71,0
7650,71,0
7651,69,0
7652,71,0
7653,70,0
7654,68,0
7655,69,0
7656,71,0
7657,67,0
7658,70,0
7659,68,0
7660,71,0
7661,71,0
7662,71,0
7663,70,0
7664,68,0
7665,70,0
7666,73,0
7667,69,0
7668,68,0
7669,72,0
7670,69,0
7671,71,0
7672,67,0
7673,70,0
7674,70,0
7675,71,0
7676,71,0
7677,68,0
7678,68,0
7679,71,0
7680,71,0
7681,70,0
7682,70,0
7683,68,0
7684,69,0
7685,69,0
7686,70,0
7687,70,0
7688,69,0
7689,72,0
7690,70,0
7691,69,0
7692,69,0
7693,70,0
7694,70,0
7695,73,0
7696,69,0
7697,68,0
7698,68,0
7699,69,0
7700,71,0
7701,70,0
7702,70,0
7703,70,0
7704,71,0
7705,69,0
7706,68,0
7707,67,0
7708,69,0
7709,70,0
7710,70,0
7711,69,0
7712,65,0
7713,69,0
7714,70,0
7715,70,0
7716,71,0
7717,67,0
7718,67,0
7719,70,0
7720,70,0
7721,69,0
7722,71,0
7723,69,0
7724,70,0
7725,70,0
7726,71,0
7727,69,0
7728,67,0
7729,70,0
7730,69,0
7731,71,0
7732,68,0
7733,68,0
7734,69,0
7735,71,0
7736,69,0
7737,68,0
7738,70,0
7739,67,0
7740,67,0
7741,70,0
7742,70,0
7743,72,0
7744,67,0
7745,69,0
7746,68,0
7747,68,0
7748,69,0
7749,71,0
7750,71,0
7751,71,0
7752,71,0
7753,72,0
7754,70,0
7755,70,0
7756,67,0
7757,69,0
7758,71,0
7759,70,0
7760,70,0
7761,73,0
7762,67,0
7763,68,0
7764,70,0
7765,73,0
7766,69,0
7767,70,0
7768,72,0
7769,69,0
7770,71,0
7771,71,0
7772,68,0
7773,70,0
7774,71,0
7775,70,0
7776,70,0
7777,71,0
7778,69,0
7779,70,0
7780,70,0
7781,69,0
7782,70,0
7783,68,0
7784,67,0
7785,69,0
7786,70,0
7787,70,0
7788,70,0
7789,69,0
7790,71,0
7791,70,0
7792,70,0
7793,67,0
7794,69,0
7795,70,0
7796,70,0
7797,67,0
7798,69,0
7799,70,0
7800,70,0
7801,71,0
7802,69,0
7803,71,0
7804,70,0
7805,72,0
7806,67,0
7807,71,0
7808,70,0
7809,68,0
7810,68,0
7811,69,0
7812,67,0
7813,72,0
7814,70,0
7815,71,0
7816,69,0
7817,70,0
7818,72,0
7819,67,0
7820,71,0
7821,70,0
7822,70,0
7823,70,0
7824,71,0
7825,69,0
7826,70,0
7827,68,0
7828,69,0
7829,69,0
7830,70,0
7831,72,0
7832,69,0
7833,67,0
7834,70,0
7835,70,0
7836,69,0
7837,71,0
7838,71,0
7839,70,0
7840,71,0
7841,69,0
7842,70,0
7843,70,0
7844,72,0
7845,72,0
7846,69,0
7847,71,0
7848,73,0
7849,71,0
7850,67,0
7851,70,0
7852,70,0
7853,70,0
7854,68,0
7855,67,0
7856,69,0
7857,70,0
7858,69,0
7859,70,0
7860,71,0
7861,71,0
7862,69,0
7863,70,0
7864,70,0
7865,71,0
7866,69,0
7867,69,0
7868,67,0
7869,66,0
7870,72,0
7871,69,0
7872,67,0
7873,70,0
7874,70,0
7875,70,0
7876,69,0
7877,71,0
7878,68,0
7879,73,0
7880,71,0
7881,68,0
7882,70,0
7883,70,0
7884,71,0
7885,69,0
7886,70,0
7887,71,0
7888,69,0
7889,70,0
7890,70,0
7891,73,0
7892,71,0
7893,67,0
7894,68,0
7895,73,0
7896,67,0
7897,68,0
7898,70,0
7899,68,0
7900,71,0
7901,71,0
7902,71,0
7903,70,0
7904,71,0
7905,69,0
7906,68,0
7907,70,0
7908,69,0
7909,67,0
7910,71,0
7911,68,0
7912,70,0
7913,71,0
7914,71,0
7915,70,0
7916,71,0
7917,69,0
7918,70,0
7919,70,0
7920,71,0
7921,67,0
7922,72,0
7923,70,0
7924,67,0
7925,69,0
7926,72,0
7927,70,0
7928,71,0
7929,67,0
7930,68,0
7931,70,0
7932,69,0
7933,69,0
7934,68,0
7935,70,0
7936,69,0
7937,69,0
7938,69,0
7939,70,0
7940,70,0
7941,69,0
7942,69,0
7943,70,0
7944,70,0
7945,69,0
7946,67,0
7947,70,0
7948,70,0
7949,70,0
7950,69,0
7951,69,0
7952,70,0
7953,70,0
7954,73,0
7955,69,0
7956,69,0
7957,70,0
7958,70,0
7959,69,0
7960,69,0
7961,70,0
7962,70,0
7963,69,0
7964,69,0
7965,68,0
7966,70,0
7967,69,0
7968,70,0
7969,70,0
7970,69,0
7971,69,0
7972,68,0
7973,69,0
7974,71,0
7975,68,0
7976,68,0
7977,70,0
7978,69,0
7979,67,0
7980,70,0
7981,70,0
7982,67,0
7983,71,0
7984,68,0
7985,70,0
7986,67,0
7987,70,0
7988,68,0
7989,71,0
7990,68,0
7991,68,0
7992,69,0
7993,71,0
7994,71,0
7995,69,0
7996,68,0
7997,70,0
7998,70,0
7999,69,0
8000,69,0
8001,70,0
8002,70,0
8003,72,0
8004,71,0
8005,69,0
8006,70,0
8007,70,0
8008,68,0
8009,67,0
8010,71,0
8011,70,0
8012,69,0
8013,69,0
8014,70,0
8015,70,0
8016,71,0
8017,71,0
8018,69,0
8019,69,0
8020,68,0
8021,70,0
8022,67,0
8023,69,0
8024,70,0
8025,70,0
8026,71,0
8027,71,0
8028,70,0
8029,70,0
8030,70,0
8031,65,0
8032,71,0
8033,70,0
8034,70,0
8035,70,0
8036,71,0
8037,69,0
8038,68,0
8039,69,0
8040,69,0
8041,72,0
8042,68,0
8043,67,0
8044,71,0
8045,70,0
8046,70,0
8047,70,0
8048,70,0
8049,71,0
8050,69,0
8051,69,0
8052,68,0
8053,71,0
8054,67,0
8055,67,0
8056,70,0
8057,70,0
8058,69,0
8059,69,0
8060,68,0
8061,68,0
8062,69,0
8063,67,0
8064,71,0
8065,68,0
8066,70,0
8067,71,0
8068,71,0
8069,70,0
8070,67,0
8071,67,0
8072,70,0
8073,70,0
8074,71,0
8075,67,0
8076,70,0
8077,72,0
8078,69,0
8079,68,0
8080,71,0
8081,69,0
8082,70,0
8083,70,0
8084,73,0
8085,69,0
8086,70,0
8087,68,0
8088,70,0
8089,67,0
8090,67,0
8091,72,0
8092,70,0
8093,69,0
8094,69,0
8095,68,0
8096,68,0
8097,71,0
8098,69,0
8099,70,0
8100,70,0
8101,71,0
8102,71,0
8103,68,0
8104,68,0
8105,67,0
8106,69,0
8107,70,0
8108,72,0
8109,71,0
8110,71,0
8111,68,0
8112,70,0
8113,70,0
8114,71,0
8115,70,0
8116,70,0
8117,71,0
8118,71,0
8119,70,0
8120,73,0
8121,67,0
8122,72,0
8123,68,0
8124,70,0
8125,73,0
8126,69,0
8127,70,0
8128,67,0
8129,71,0
8130,68,0
8131,68,0
8132,71,0
8133,71,0
8134,70,0
8135,73,0
8136,69,0
8137,68,0
8138,70,0
8139,73,0
8140,67,0
8141,70,0
8142,68,0
8143,67,0
8144,69,0
8145,70,0
8146,70,0
8147,68,0
8148,69,0
8149,69,0
8150,72,0
8151,68,0
8152,70,0
8153,71,0
8154,71,0
8155,71,0
8156,70,0
8157,70,0
8158,69,0
8159,69,0
8160,70,0
8161,70,0
8162,71,0
8163,67,0
8164,69,0
8165,68,0
8166,72,0
8167,71,0
8168,69,0
8169,69,0
8170,70,0
8171,70,0
8172,70,0
8173,70,0
8174,69,0
8175,69,0
8176,71,0
8177,70,0
8178,70,0
8179,69,0
8180,69,0
8181,70,0
8182,70,0
8183,69,0
8184,67,0
8185,71,0
8186,68,0
8187,70,0
8188,71,0
8189,71,0
8190,70,0
8191,70,0
8192,67,0
8193,71,0
8194,69,0
8195,70,0
8196,70,0
8197,71,0
8198,67,0
8199,70,0
8200,67,0
8201,67,0
8202,70,0
8203,70,0
8204,73,0
8205,69,0
8206,70,0
8207,68,0
8208,71,0
8209,73,0
8210,68,0
8211,68,0
8212,71,0
8213,69,0
8214,68,0
8215,70,0
8216,70,0
8217,73,0
8218,69,0
8219,70,0
8220,69,0
8221,69,0
8222,70,0
8223,70,0
8224,73,0
8225,71,0
8226,71,0
8227,68,0
8228,67,0
8229,67,0
8230,70,0
8231,70,0
8232,71,0
8233,69,0
8234,68,0
8235,70,0
8236,67,0
8237,71,0
8238,72,0
8239,67,0
8240,69,0
8241,70,0
8242,72,0
8243,68,0
8244,67,0
8245,69,0
8246,70,0
8247,70,0
8248,70,0
8249,71,0
8250,70,0
8251,68,0
8252,67,0
8253,69,0
8254,69,0
8255,70,0
8256,70,0
8257,69,0
8258,69,0
8259,70,0
8260,70,0
8261,69,0
8262,71,0
8263,70,0
8264,70,0
8265,71,0
8266,71,0
8267,69,0
8268,67,0
8269,70,0
8270,68,0
8271,69,0
8272,71,0
8273,68,0
8274,71,0
8275,69,0
8276,71,0
8277,70,0
8278,67,0
8279,71,0
8280,68,0
8281,72,0
8282,70,0
8283,70,0
8284,71,0
8285,71,0
8286,68,0
8287,70,0
8288,67,0
8289,71,0
8290,72,0
8291,70,0
8292,71,0
8293,67,0
8294,70,0
8295,70,0
8296,67,0
8297,67,0
8298,71,0
8299,71,0
8300,71,0
8301,67,0
8302,70,0
8303,70,0
8304,70,0
8305,70,0
8306,71,0
8307,73,0
8308,71,0
8309,69,0
8310,67,0
8311,68,0
8312,70,0
8313,69,0
8314,71,0
8315,70,0
8316,68,0
8317,71,0
8318,67,0
8319,67,0
8320,66,0
8321,68,0
8322,69,0
8323,71,0
8324,66,0
8325,70,0
8326,70,0
8327,69,0
8328,71,0
8329,70,0
8330,70,0
8331,67,0
8332,69,0
8333,70,0
8334,70,0
8335,73,0
8336,67,0
8337,68,0
8338,70,0
8339,71,0
8340,69,0
8341,71,0
8342,70,0
8343,70,0
8344,69,0
8345,69,0
8346,71,0
8347,68,0
8348,68,0
8349,69,0
8350,69,0
8351,70,0
8352,67,0
8353,69,0
8354,68,0
8355,70,0
8356,67,0
8357,73,0
8358,67,0
8359,68,0
8360,71,0
8361,71,0
8362,69,0
8363,70,0
8364,68,0
8365,67,0
8366,69,0
8367,67,0
8368,69,0
8369,68,0
8370,72,0
8371,68,0
8372,71,0
8373,70,0
8374,70,0
8375,70,0
8376,71,0
8377,71,0
8378,72,0
8379,70,0
8380,69,0
8381,71,0
8382,70,0
8383,68,0
8384,69,0
8385,71,0
8386,72,0
8387,70,0
8388,71,0
8389,72,0
8390,70,0
8391,71,0
8392,71,0
8393,70,0
8394,68,0
8395,69,0
8396,71,0
8397,68,0
8398,67,0
8399,69,0
8400,67,0
8401,70,0
8402,70,0
8403,71,0
8404,68,0
8405,70,0
8406,67,0
8407,71,0
8408,70,0
8409,68,0
8410,71,0
8411,69,0
8412,70,0
8413,67,0
8414,67,0
8415,69,0
8416,70,0
8417,69,0
8418,69,0
8419,68,0
8420,70,0
8421,67,0
8422,69,0
8423,69,0
8424,71,0
8425,70,0
8426,70,0
8427,71,0
8428,69,0
8429,71,0
8430,67,0
8431,71,0
8432,66,0
8433,70,0
8434,69,0
8435,70,0
8436,72,0
8437,71,0
8438,70,0
8439,71,0
8440,69,0
8441,68,0
8442,70,0
8443,70,0
8444,69,0
8445,68,0
8446,72,0
8447,67,0
8448,71,0
8449,69,0
8450,68,0
8451,70,0
8452,71,0
8453,67,0
8454,70,0
8455,69,0
8456,69,0
8457,70,0
8458,68,0
8459,70,0
8460,70,0
8461,69,0
8462,70,0
8463,70,0
8464,65,0
8465,69,0
8466,72,0
8467,68,0
8468,69,0
8469,70,0
8470,70,0
8471,69,0
8472,69,0
8473,70,0
8474,70,0
8475,67,0
8476,69,0
8477,72,0
8478,67,0
8479,69,0
8480,67,0
8481,70,0
8482,70,0
8483,68,0
8484,65,0
8485,71,0
8486,68,0
8487,68,0
8488,71,0
8489,69,0
8490,72,0
8491,70,0
8492,67,0
8493,70,0
8494,70,0
8495,70,0
8496,67,0
8497,69,0
8498,68,0
8499,70,0
8500,67,0
8501,69,0
8502,68,0
8503,70,0
8504,71,0
8505,68,0
8506,70,0
8507,67,0
8508,70,0
8509,70,0
8510,69,0
8511,67,0
8512,70,0
8513,70,0
8514,67,0
8515,71,0
8516,70,0
8517,70,0
8518,71,0
8519,71,0
8520,70,0
8521,71,0
8522,69,0
8523,72,0
8524,70,0
8525,73,0
8526,67,0
8527,70,0
8528,72,0
8529,67,0
8530,69,0
8531,72,0
8532,68,0
8533,71,0
8534,68,0
8535,70,0
8536,73,0
8537,69,0
8538,70,0
8539,68,0
8540,73,0
8541,69,0
8542,68,0
8543,69,0
8544,67,0
8545,68,0
8546,68,0
8547,71,0
8548,71,0
8549,70,0
8550,69,0
8551,71,0
8552,68,0
8553,69,0
8554,71,0
8555,70,0
8556,67,0
8557,69,0
8558,68,0
8559,70,0
8560,67,0
8561,69,0
8562,72,0
8563,72,0
8564,69,0
8565,71,0
8566,67,0
8567,68,0
8568,68,0
8569,71,0
8570,71,0
8571,70,0
8572,70,0
8573,71,0
8574,73,0
8575,71,0
8576,68,0
8577,69,0
8578,71,0
8579,71,0
8580,70,0
8581,68,0
8582,69,0
8583,71,0
8584,72,0
8585,70,0
8586,71,0
8587,65,0
8588,71,0
8589,71,0
8590,68,0
8591,68,0
8592,69,0
8593,69,0
8594,70,0
8595,70,0
8596,71,0
8597,69,0
8598,70,0
8599,68,0
8600,69,0
8601,71,0
8602,72,0
8603,68,0
8604,69,0
8605,71,0
8606,70,0
8607,72,0
8608,69,0
8609,67,0
8610,68,0
8611,70,0
8612,69,0
8613,69,0
8614,67,0
8615,68,0
8616,72,0
8617,70,0
8618,71,0
8619,67,0
8620,70,0
8621,70,0
8622,71,0
8623,69,0
8624,70,0
8625,68,0
8626,72,0
8627,71,0
8628,71,0
8629,70,0
8630,67,0
8631,69,0
8632,68,0
8633,72,0
8634,69,0
8635,67,0
8636,71,0
8637,70,0
8638,70,0
8639,67,0
8640,67,0
8641,68,0
8642,69,0
8643,69,0
8644,69,0
8645,68,0
8646,70,0
8647,71,0
8648,71,0
8649,70,0
8650,72,0
8651,68,0
8652,67,0
8653,71,0
8654,70,0
8655,70,0
8656,71,0
8657,67,0
8658,70,0
8659,68,0
8660,71,0
8661,69,0
8662,70,0
8663,72,0
8664,71,0
8665,73,0
8666,68,0
8667,69,0
8668,69,0
8669,71,0
8670,71,0
8671,69,0
8672,70,0
8673,69,0
8674,68,0
8675,67,0
8676,69,0
8677,72,0
8678,67,0
8679,71,0
8680,71,0
8681,70,0
8682,70,0
8683,67,0
8684,71,0
8685,70,0
8686,67,0
8687,69,0
8688,67,0
8689,70,0
8690,71,0
8691,69,0
8692,67,0
8693,68,0
8694,70,0
8695,69,0
8696,67,0
8697,70,0
8698,71,0
8699,67,0
8700,68,0
8701,70,0
8702,70,0
8703,67,0
8704,71,0
8705,68,0
8706,71,0
8707,70,0
8708,69,0
8709,71,0
8710,70,0
8711,68,0
8712,67,0
8713,71,0
8714,70,0
8715,70,0
8716,67,0
8717,70,0
8718,70,0
8719,71,0
8720,71,0
8721,67,0
8722,68,0
8723,70,0
8724,68,0
8725,71,0
8726,71,0
8727,72,0
8728,70,0
8729,68,0
8730,71,0
8731,67,0
8732,70,0
8733,70,0
8734,67,0
8735,69,0
8736,69,0
8737,72,0
8738,69,0
8739,71,0
8740,70,0
8741,70,0
8742,65,0
8743,71,0
8744,69,0
8745,70,0
8746,68,0
8747,69,0
8748,67,0
8749,71,0
8750,68,0
8751,68,0
8752,69,0
8753,71,0
8754,69,0
8755,70,0
8756,68,0
8757,73,0
8758,69,0
8759,68,0
8760,68,0
8761,67,0
8762,69,0
8763,70,0
8764,72,0
8765,70,0
8766,67,0
8767,71,0
8768,70,0
8769,70,0
8770,70,0
8771,69,0
8772,70,0
8773,68,0
8774,67,0
8775,69,0
8776,68,0
8777,68,0
8778,67,0
8779,67,0
8780,69,0
8781,70,0
8782,68,0
8783,71,0
8784,68,0
8785,70,0
8786,65,0
8787,71,0
8788,70,0
8789,70,0
8790,69,0
8791,71,0
8792,72,0
8793,69,0
8794,71,0
8795,71,0
8796,70,0
8797,70,0
8798,71,0
8799,71,0
8800,68,0
8801,70,0
8802,69,0
8803,69,0
8804,70,0
8805,68,0
8806,67,0
8807,67,0
8808,71,0
8809,72,0
8810,70,0
8811,71,0
8812,71,0
8813,70,0
8814,69,0
8815,67,0
8816,72,0
8817,69,0
8818,71,0
8819,70,0
8820,70,0
8821,71,0
8822,69,0
8823,68,0
8824,68,0
8825,70,0
8826,71,0
8827,71,0
8828,68,0
8829,70,0
8830,71,0
8831,68,0
8832,68,0
8833,69,0
8834,69,0
8835,70,0
8836,70,0
8837,69,0
8838,69,0
8839,69,0
8840,68,0
8841,71,0
8842,70,0
8843,69,0
8844,72,0
8845,70,0
8846,71,0
8847,71,0
8848,70,0
8849,70,0
8850,71,0
8851,67,0
8852,70,0
8853,68,0
8854,69,0
8855,67,0
8856,70,0
8857,70,0
8858,71,0
8859,71,0
8860,69,0
8861,70,0
8862,70,0
8863,69,0
8864,71,0
8865,71,0
8866,70,0
8867,70,0
8868,67,0
8869,72,0
8870,70,0
8871,69,0
8872,69,0
8873,71,0
8874,70,0
8875,72,0
8876,71,0
8877,69,0
8878,68,0
8879,71,0
8880,67,0
8881,68,0
8882,69,0
8883,69,0
8884,71,0
8885,70,0
8886,69,0
8887,69,0
8888,68,0
8889,68,0
8890,70,0
8891,67,0
8892,67,0
8893,68,0
8894,68,0
8895,69,0
8896,67,0
8897,72,0
8898,68,0
8899,69,0
8900,67,0
8901,70,0
8902,68,0
8903,69,0
8904,69,0
8905,68,0
8906,70,0
8907,69,0
8908,71,0
8909,70,0
8910,70,0
8911,71,0
8912,71,0
8913,71,0
8914,72,0
8915,68,0
8916,69,0
8917,69,0
8918,67,0
8919,69,0
8920,68,0
8921,70,0
8922,70,0
8923,70,0
8924,69,0
8925,70,0
8926,67,0
8927,69,0
8928,70,0
8929,70,0
8930,71,0
8931,71,0
8932,72,0
8933,67,0
8934,69,0
8935,71,0
8936,70,0
8937,72,0
8938,68,0
8939,69,0
8940,73,0
8941,67,0
8942,70,0
8943,68,0
8944,69,0
8945,68,0
8946,72,0
8947,71,0
8948,67,0
8949,68,0
8950,70,0
8951,67,0
8952,71,0
8953,72,0
8954,68,0
8955,70,0
8956,72,0
8957,67,0
8958,69,0
8959,69,0
8960,70,0
8961,70,0
8962,69,0
8963,69,0
8964,70,0
8965,72,0
8966,70,0
8967,67,0
8968,69,0
8969,70,0
8970,70,0
8971,70,0
8972,70,0
8973,67,0
8974,71,0
8975,70,0
8976,68,0
8977,70,0
8978,68,0
8979,71,0
8980,69,0
8981,70,0
8982,68,0
8983,70,0
8984,71,0
8985,69,0
8986,70,0
8987,68,0
8988,69,0
8989,71,0
8990,70,0
8991,68,0
8992,70,0
8993,67,0
8994,69,0
8995,72,0
8996,68,0
8997,71,0
8998,71,0
8999,72,0
9000,67,0
9001,67,0
9002,68,0
9003,70,0
9004,67,0
9005,67,0
9006,70,0
9007,68,0
9008,69,0
9009,70,0
9010,69,0
9011,68,0
9012,68,0
9013,69,0
9014,69,0
9015,68,0
9016,68,0
9017,67,0
9018,70,0
9019,70,0
9020,67,0
9021,71,0
9022,70,0
9023,68,0
9024,71,0
9025,69,0
9026,70,0
9027,73,0
9028,71,0
9029,70,0
9030,70,0
9031,69,0
9032,71,0
9033,68,0
9034,71,0
9035,71,0
9036,70,0
9037,68,0
9038,69,0
9039,69,0
9040,68,0
9041,70,0
9042,71,0
9043,69,0
9044,67,0
9045,68,0
9046,70,0
9047,65,0
9048,67,0
9049,70,0
9050,70,0
9051,73,0
9052,69,0
9053,71,0
9054,69,0
9055,68,0
9056,69,0
9057,69,0
9058,68,0
9059,70,0
9060,69,0
9061,68,0
9062,71,0
9063,71,0
9064,70,0
9065,70,0
9066,69,0
9067,68,0
9068,70,0
9069,67,0
9070,69,0
9071,71,0
9072,70,0
9073,70,0
9074,69,0
9075,69,0
9076,71,0
9077,70,0
9078,70,0
9079,71,0
9080,71,0
9081,69,0
9082,70,0
9083,70,0
9084,68,0
9085,70,0
9086,68,0
9087,71,0
9088,67,0
9089,71,0
9090,70,0
9091,70,0
9092,68,0
9093,71,0
9094,67,0
9095,70,0
9096,70,0
9097,72,0
9098,67,0
9099,69,0
9100,68,0
9101,68,0
9102,67,0
9103,70,0
9104,71,0
9105,69,0
9106,67,0
9107,70,0
9108,71,0
9109,67,0
9110,68,0
9111,67,0
9112,72,0
9113,68,0
9114,67,0
9115,69,0
9116,70,0
9117,70,0
9118,67,0
9119,71,0
9120,67,0
9121,71,0
9122,69,0
9123,70,0
9124,70,0
9125,68,0
9126,68,0
9127,69,0
9128,71,0
9129,71,0
9130,68,0
9131,70,0
9132,70,0
9133,69,0
9134,67,0
9135,70,0
9136,70,0
9137,70,0
9138,68,0
9139,71,0
9140,69,0
9141,70,0
9142,70,0
9143,71,0
9144,69,0
9145,69,0
9146,70,0
9147,69,0
9148,71,0
9149,73,0
9150,69,0
9151,68,0
9152,70,0
9153,71,0
9154,69,0
9155,68,0
9156,68,0
9157,70,0
9158,71,0
9159,71,0
9160,70,0
9161,69,0
9162,70,0
9163,67,0
9164,71,0
9165,70,0
9166,70,0
9167,71,0
9168,71,0
9169,69,0
9170,70,0
9171,68,0
9172,69,0
9173,71,0
9174,70,0
9175,72,0
9176,70,0
9177,69,0
9178,67,0
9179,69,0
9180,70,0
9181,71,0
9182,71,0
9183,70,0
9184,69,0
9185,69,0
9186,68,0
9187,68,0
9188,68,0
9189,73,0
9190,71,0
9191,68,0
9192,72,0
9193,70,0
9194,67,0
9195,69,0
9196,70,0
9197,70,0
9198,67,0
9199,69,0
9200,67,0
9201,70,0
9202,70,0
9203,67,0
9204,69,0
9205,70,0
9206,70,0
9207,71,0
9208,70,0
9209,70,0
9210,70,0
9211,71,0
9212,68,0
9213,70,0
9214,71,0
9215,69,0
9216,68,0
9217,73,0
9218,71,0
9219,69,0
9220,72,0
9221,72,0
9222,71,0
9223,71,0
9224,69,0
9225,70,0
9226,71,0
9227,71,0
9228,68,0
9229,70,0
9230,71,0
9231,71,0
9232,70,0
9233,70,0
9234,71,0
9235,69,0
9236,72,0
9237,69,0
9238,69,0
9239,73,0
9240,69,0
9241,70,0
9242,65,0
9243,69,0
9244,68,0
9245,68,0
9246,67,0
9247,70,0
9248,70,0
9249,70,0
9250,71,0
9251,68,0
9252,70,0
9253,71,0
9254,71,0
9255,70,0
9256,70,0
9257,71,0
9258,67,0
9259,71,0
9260,69,0
9261,72,0
9262,72,0
9263,71,0
9264,67,0
9265,68,0
9266,70,0
9267,70,0
9268,70,0
9269,71,0
9270,69,0
9271,70,0
9272,70,0
9273,67,0
9274,69,0
9275,70,0
9276,70,0
9277,67,0
9278,67,0
9279,72,0
9280,68,0
9281,69,0
9282,68,0
9283,68,0
9284,70,0
9285,69,0
9286,71,0
9287,67,0
9288,71,0
9289,69,0
9290,70,0
9291,68,0
9292,69,0
9293,67,0
9294,72,0
9295,72,0
9296,69,0
9297,67,0
9298,68,0
9299,68,0
9300,69,0
9301,69,0
9302,68,0
9303,71,0
9304,69,0
9305,68,0
9306,70,0
9307,71,0
9308,71,0
9309,69,0
9310,70,0
9311,71,0
9312,71,0
9313,72,0
9314,71,0
9315,69,0
9316,70,0
9317,68,0
9318,67,0
9319,71,0
9320,69,0
9321,70,0
9322,67,0
9323,71,0
9324,70,0
9325,68,0
9326,70,0
9327,73,0
9328,72,0
9329,68,0
9330,71,0
9331,71,0
9332,70,0
9333,69,0
9334,69,0
9335,70,0
9336,71,0
9337,69,0
9338,66,0
9339,67,0
9340,67,0
9341,68,0
9342,68,0
9343,71,0
9344,70,0
9345,68,0
9346,67,0
9347,71,0
9348,70,0
9349,70,0
9350,71,0
9351,68,0
9352,65,0
9353,69,0
9354,68,0
9355,70,0
9356,69,0
9357,67,0
9358,69,0
9359,70,0
9360,71,0
9361,71,0
9362,68,0
9363,70,0
9364,69,0
9365,69,0
9366,67,0
9367,68,0
9368,70,0
9369,68,0
9370,70,0
9371,67,0
9372,71,0
9373,69,0
9374,69,0
9375,72,0
9376,70,0
9377,69,0
9378,69,0
9379,70,0
9380,68,0
9381,69,0
9382,69,0
9383,70,0
9384,70,0
9385,69,0
9386,71,0
9387,70,0
9388,70,0
9389,67,0
9390,71,0
9391,69,0
9392,72,0
9393,72,0
9394,71,0
9395,69,0
9396,68,0
9397,71,0
9398,67,0
9399,72,0
9400,70,0
9401,72,0
9402,71,0
9403,67,0
9404,72,0
9405,68,0
9406,73,0
9407,71,0
9408,70,0
9409,70,0
9410,69,0
9411,69,0
9412,70,0
9413,70,0
9414,67,0
9415,69,0
9416,72,0
9417,69,0
9418,69,0
9419,73,0
9420,67,0
9421,68,0
9422,67,0
9423,69,0
9424,71,0
9425,68,0
9426,68,0
9427,72,0
9428,71,0
9429,71,0
9430,71,0
9431,72,0
9432,70,0
9433,67,0
9434,71,0
9435,70,0
9436,69,0
9437,71,0
9438,68,0
9439,71,0
9440,70,0
9441,69,0
9442,69,0
9443,70,0
9444,67,0
9445,67,0
9446,72,0
9447,71,0
9448,71,0
9449,68,0
9450,72,0
9451,73,0
9452,71,0
9453,68,0
9454,71,0
9455,71,0
9456,68,0
9457,67,0
9458,71,0
9459,70,0
9460,70,0
9461,69,0
9462,67,0
9463,70,0
9464,73,0
9465,69,0
9466,70,0
9467,69,0
9468,68,0
9469,68,0
9470,67,0
9471,69,0
9472,67,0
9473,71,0
9474,70,0
9475,68,0
9476,71,0
9477,69,0
9478,70,0
9479,70,0
9480,67,0
9481,69,0
9482,67,0
9483,70,0
9484,71,0
9485,71,0
9486,69,0
9487,70,0
9488,72,0
9489,72,0
9490,72,0
9491,70,0
9492,69,0
9493,70,0
9494,69,0
9495,71,0
9496,70,0
9497,67,0
9498,69,0
9499,70,0
9500,70,0
9501,69,0
9502,69,0
9503,67,0
9504,71,0
9505,70,0
9506,71,0
9507,69,0
9508,70,0
9509,70,0
9510,69,0
9511,69,0
9512,71,0
9513,70,0
9514,73,0
9515,71,0
9516,68,0
9517,68,0
9518,69,0
9519,71,0
9520,70,0
9521,72,0
9522,65,0
9523,70,0
9524,70,0
9525,71,0
9526,69,0
9527,67,0
9528,70,0
9529,70,0
9530,71,0
9531,71,0
9532,70,0
9533,70,0
9534,68,0
9535,69,0
9536,70,0
9537,70,0
9538,68,0
9539,71,0
9540,71,0
9541,70,0
9542,70,0
9543,71,0
9544,67,0
9545,70,0
9546,68,0
9547,70,0
9548,71,0
9549,69,0
9550,70,0
9551,68,0
9552,69,0
9553,69,0
9554,70,0
9555,65,0
9556,67,0
9557,68,0
9558,68,0
9559,67,0
9560,67,0
9561,69,0
9562,70,0
9563,70,0
9564,67,0
9565,69,0
9566,70,0
9567,68,0
9568,65,0
9569,71,0
9570,70,0
9571,72,0
9572,70,0
9573,71,0
9574,71,0
9575,69,0
9576,70,0
9577,70,0
9578,71,0
9579,71,0
9580,70,0
9581,70,0
9582,71,0
9583,69,0
9584,70,0
9585,70,0
9586,71,0
9587,67,0
9588,69,0
9589,71,0
9590,70,0
9591,70,0
9592,70,0
9593,69,0
9594,71,0
9595,69,0
9596,68,0
9597,68,0
9598,73,0
9599,71,0
9600,70,0
9601,69,0
9602,69,0
9603,68,0
9604,68,0
9605,69,0
9606,71,0
9607,70,0
9608,70,0
9609,70,0
9610,69,0
9611,67,0
9612,68,0
9613,70,0
9614,70,0
9615,67,0
9616,71,0
9617,70,0
9618,72,0
9619,70,0
9620,69,0
9621,71,0
9622,70,0
9623,70,0
9624,71,0
9625,71,0
9626,70,0
9627,70,0
9628,71,0
9629,69,0
9630,68,0
9631,70,0
9632,72,0
9633,71,0
9634,69,0
9635,68,0
9636,72,0
9637,71,0
9638,69,0
9639,70,0
9640,69,0
9641,71,0
9642,68,0
9643,70,0
9644,70,0
9645,67,0
9646,71,0
9647,72,0
9648,69,0
9649,71,0
9650,72,0
9651,70,0
9652,70,0
9653,73,0
9654,71,0
9655,68,0
9656,71,0
9657,69,0
9658,70,0
9659,68,0
9660,69,0
9661,70,0
9662,70,0
9663,69,0
9664,69,0
9665,70,0
9666,68,0
9667,71,0
9668,69,0
9669,71,0
9670,68,0
9671,71,0
9672,71,0
9673,68,0
9674,68,0
9675,70,0
9676,69,0
9677,67,0
9678,68,0
9679,71,0
9680,71,0
9681,70,0
9682,68,0
9683,67,0
9684,70,0
9685,71,0
9686,68,0
9687,68,0
9688,71,0
9689,71,0
9690,68,0
9691,70,0
9692,69,0
9693,67,0
9694,70,0
9695,69,0
9696,71,0
9697,71,0
9698,70,0
9699,70,0
9700,71,0
9701,71,0
9702,70,0
9703,68,0
9704,69,0
9705,71,0
9706,72,0
9707,70,0
9708,71,0
9709,71,0
9710,69,0
9711,70,0
9712,72,0
9713,67,0
9714,71,0
9715,73,0
9716,74,0
9717,74,0
9718,73,0
9719,80,0
9720,75,0
9721,77,0
9722,77,0
9723,74,0
9724,70,0
9725,67,0
9726,72,0
9727,72,0
9728,97,0
9729,74,0
9730,74,0
9731,74,0
9732,69,0
9733,70,0
9734,73,0
9735,97,0
9736,99,0
9737,95,0
9738,78,0
9739,70,0
9740,67,0
9741,71,0
9742,74,0
9743,78,0
9744,70,0
9745,72,0
9746,67,0
9747,76,0
9748,69,0
9749,71,0
9750,73,0
9751,76,0
9752,69,0
9753,67,0
9754,74,0
9755,70,0
9756,77,0
9757,74,0
9758,77,0
9759,73,0
9760,71,0
9761,76,0
9762,71,0
9763,70,0
9764,65,0
9765,69,0
9766,74,0
9767,76,0
9768,74,0
9769,71,0
9770,75,0
9771,95,0
9772,70,0
9773,70,0
9774,73,0
9775,99,0
9776,74,0
9777,70,0
9778,72,0
9779,77,0
9780,76,0
9781,85,0
9782,73,0
9783,76,0
9784,71,0
9785,101,0
9786,74,0
9787,73,0
9788,76,0
9789,76,0
9790,73,0
9791,72,0
9792,75,0
9793,75,0
9794,72,0
9795,73,0
9796,76,0
9797,75,0
9798,72,0
9799,72,0
9800,74,0
9801,75,0
9802,81,0
9803,80,0
9804,77,0
9805,73,0
9806,110,0
9807,75,0
9808,73,0
9809,71,0
9810,69,0
9811,96,0
9812,74,0
9813,80,0
9814,80,0
9815,79,0
9816,70,0
9817,73,0
9818,71,0
9819,78,0
9820,74,0
9821,77,0
9822,81,0
9823,72,0
9824,76,0
9825,81,0
9826,76,0
9827,71,0
9828,68,0
9829,71,0
9830,73,0
9831,76,0
9832,73,0
9833,74,0
9834,72,0
9835,67,0
9836,467,1
9837,81,0
9838,76,0
9839,77,0
9840,97,0
9841,73,0
9842,74,0
9843,79,0
9844,77,0
9845,86,0
9846,67,0
9847,85,0
9848,71,0
9849,69,0
9850,70,0
9851,70,0
9852,73,0
9853,69,0
9854,69,0
9855,68,0
9856,70,0
9857,73,0
9858,69,0
9859,68,0
9860,70,0
9861,70,0
9862,70,0
9863,69,0
9864,69,0
9865,71,0
9866,70,0
9867,68,0
9868,70,0
9869,71,0
9870,69,0
9871,71,0
9872,70,0
9873,70,0
9874,69,0
9875,71,0
9876,71,0
9877,72,0
9878,70,0
9879,70,0
9880,68,0
9881,71,0
9882,69,0
9883,72,0
9884,68,0
9885,71,0
9886,70,0
9887,71,0
9888,71,0
9889,73,0
9890,68,0
9891,68,0
9892,69,0
9893,69,0
9894,71,0
9895,72,0
9896,70,0
9897,70,0
9898,71,0
9899,69,0
9900,71,0
9901,68,0
9902,72,0
9903,67,0
9904,71,0
9905,70,0
9906,70,0
9907,71,0
9908,67,0
9909,68,0
9910,68,0
9911,70,0
9912,71,0
9913,69,0
9914,72,0
9915,70,0
9916,69,0
9917,69,0
9918,68,0
9919,68,0
9920,71,0
9921,69,0
9922,69,0
9923,68,0
9924,70,0
9925,70,0
9926,73,0
9927,69,0
9928,70,0
9929,70,0
9930,67,0
9931,67,0
9932,70,0
9933,68,0
9934,67,0
9935,69,0
9936,92,0
9937,68,0
9938,69,0
9939,71,0
9940,67,0
9941,69,0
9942,68,0
9943,70,0
9944,72,0
9945,69,0
9946,71,0
9947,71,0
9948,68,0
9949,70,0
9950,71,0
9951,69,0
9952,72,0
9953,70,0
9954,71,0
9955,67,0
9956,72,0
9957,73,0
9958,69,0
9959,68,0
9960,70,0
9961,69,0
9962,67,0
9963,70,0
9964,70,0
9965,65,0
9966,71,0
9967,70,0
9968,72,0
9969,70,0
9970,70,0
9971,71,0
9972,70,0
9973,68,0
9974,71,0
9975,73,0
9976,71,0
9977,70,0
9978,70,0
9979,69,0
9980,71,0
9981,70,0
9982,70,0
9983,71,0
9984,71,0
9985,70,0
9986,70,0
9987,68,0
9988,70,0
9989,71,0
9990,69,0
9991,68,0
9992,69,0
9993,71,0
9994,68,0
9995,70,0
9996,71,0
9997,71,0
9998,70,0
9999,72,0
10000,68,0
10001,71,0
10002,70,0
10003,67,0
10004,69,0
10005,70,0
10006,70,0
10007,68,0
10008,67,0
10009,67,0
10010,68,0
10011,70,0
10012,67,0
10013,71,0
10014,72,0
10015,65,0
10016,71,0
10017,68,0
10018,70,0
10019,69,0
10020,69,0
10021,70,0
10022,68,0
10023,71,0
10024,71,0
10025,68,0
10026,68,0
10027,68,0
10028,69,0
10029,65,0
10030,67,0
10031,72,0
10032,67,0
10033,69,0
10034,71,0
10035,70,0
10036,68,0
10037,72,0
10038,67,0
10039,67,0
10040,70,0
10041,69,0
10042,71,0
10043,69,0
10044,71,0
10045,70,0
10046,68,0
10047,73,0
10048,69,0
10049,70,0
10050,71,0
10051,68,0
10052,70,0
10053,67,0
10054,69,0
10055,68,0
10056,72,0
10057,70,0
10058,72,0
10059,67,0
10060,69,0
10061,69,0
10062,70,0
10063,68,0
10064,67,0
10065,67,0
10066,70,0
10067,68,0
10068,71,0
10069,69,0
10070,70,0
10071,70,0
10072,69,0
10073,69,0
10074,70,0
10075,69,0
10076,71,0
10077,70,0
10078,70,0
10079,69,0
10080,71,0
10081,72,0
10082,70,0
10083,72,0
10084,72,0
10085,71,0
10086,71,0
10087,71,0
10088,71,0
10089,68,0
10090,72,0
10091,70,0
10092,69,0
10093,71,0
10094,70,0
10095,69,0
10096,71,0
10097,67,0
10098,72,0
10099,70,0
10100,70,0
10101,72,0
10102,71,0
10103,71,0
10104,70,0
10105,70,0
10106,71,0
10107,69,0
10108,70,0
10109,70,0
10110,66,0
10111,72,0
10112,69,0
10113,69,0
10114,68,0
10115,70,0
10116,69,0
10117,71,0
10118,68,0
10119,70,0
10120,65,0
10121,67,0
10122,70,0
10123,71,0
10124,68,0
10125,67,0
10126,67,0
10127,73,0
10128,68,0
10129,67,0
10130,67,0
10131,69,0
10132,68,0
10133,68,0
10134,69,0
10135,71,0
10136,70,0
10137,70,0
10138,71,0
10139,69,0
10140,71,0
10141,70,0
10142,70,0
10143,71,0
10144,67,0
10145,67,0
10146,70,0
10147,68,0
10148,69,0
10149,71,0
10150,71,0
10151,67,0
10152,69,0
10153,70,0
10154,71,0
10155,67,0
10156,68,0
10157,70,0
10158,70,0
10159,70,0
10160,69,0
10161,69,0
10162,68,0
10163,70,0
10164,72,0
10165,71,0
10166,69,0
10167,69,0
10168,71,0
10169,68,0
10170,71,0
10171,69,0
10172,68,0
10173,68,0
10174,71,0
10175,67,0
10176,72,0
10177,68,0
10178,69,0
10179,69,0
10180,70,0
10181,70,0
10182,70,0
10183,70,0
10184,69,0
10185,71,0
10186,69,0
10187,69,0
10188,70,0
10189,68,0
10190,70,0
10191,69,0
10192,69,0
10193,72,0
10194,68,0
10195,70,0
10196,67,0
10197,67,0
10198,70,0
10199,70,0
10200,70,0
10201,69,0
10202,69,0
10203,70,0
10204,71,0
10205,72,0
10206,71,0
10207,69,0
10208,71,0
10209,68,0
10210,67,0
10211,67,0
10212,71,0
10213,69,0
10214,68,0
10215,72,0
10216,71,0
10217,71,0
10218,69,0
10219,72,0
10220,70,0
10221,71,0
10222,71,0
10223,70,0
10224,70,0
10225,69,0
10226,70,0
10227,73,0
10228,69,0
10229,70,0
10230,72,0
10231,70,0
10232,67,0
10233,71,0
10234,70,0
10235,67,0
10236,69,0
10237,70,0
10238,70,0
10239,69,0
10240,71,0
10241,69,0
10242,71,0
10243,68,0
10244,68,0
10245,67,0
10246,69,0
10247,70,0
10248,71,0
10249,69,0
10250,71,0
10251,70,0
10252,70,0
10253,69,0
10254,71,0
10255,69,0
10256,71,0
10257,71,0
10258,71,0
10259,70,0
10260,70,0
10261,68,0
10262,67,0
10263,67,0
10264,68,0
10265,70,0
10266,69,0
10267,69,0
10268,70,0
10269,68,0
10270,71,0
10271,69,0
10272,71,0
10273,70,0
10274,70,0
10275,73,0
10276,70,0
10277,70,0
10278,72,0
10279,70,0
10280,68,0
10281,67,0
10282,69,0
10283,70,0
10284,70,0
10285,71,0
10286,71,0
10287,70,0
10288,72,0
10289,70,0
10290,71,0
10291,71,0
10292,67,0
10293,68,0
10294,70,0
10295,69,0
10296,70,0
10297,72,0
10298,71,0
10299,67,0
10300,70,0
10301,70,0
10302,69,0
10303,71,0
10304,69,0
10305,69,0
10306,70,0
10307,70,0
10308,71,0
10309,71,0
10310,72,0
10311,70,0
10312,71,0
10313,71,0
10314,71,0
10315,70,0
10316,70,0
10317,70,0
10318,71,0
10319,69,0
10320,70,0
10321,70,0
10322,72,0
10323,71,0
10324,65,0
10325,69,0
10326,71,0
10327,70,0
10328,71,0
10329,71,0
10330,71,0
10331,70,0
10332,68,0
10333,70,0
10334,72,0
10335,71,0
10336,69,0
10337,72,0
10338,69,0
10339,71,0
10340,70,0
10341,71,0
10342,68,0
10343,70,0
10344,65,0
10345,71,0
10346,71,0
10347,72,0
10348,70,0
10349,73,0
10350,71,0
10351,71,0
10352,70,0
10353,68,0
10354,71,0
10355,71,0
10356,69,0
10357,67,0
10358,70,0
10359,68,0
10360,70,0
10361,71,0
10362,67,0
10363,69,0
10364,72,0
10365,68,0
10366,67,0
10367,69,0
10368,69,0
10369,70,0
10370,68,0
10371,67,0
10372,72,0
10373,72,0
10374,71,0
10375,69,0
10376,67,0
10377,70,0
10378,72,0
10379,67,0
10380,71,0
10381,73,0
10382,70,0
10383,70,0
10384,69,0
10385,69,0
10386,67,0
10387,70,0
10388,70,0
10389,68,0
10390,70,0
10391,71,0
10392,71,0
10393,70,0
10394,70,0
10395,68,0
10396,71,0
10397,71,0
10398,71,0
10399,72,0
10400,68,0
10401,68,0
10402,69,0
10403,71,0
10404,69,0
10405,70,0
10406,69,0
10407,70,0
10408,72,0
10409,71,0
10410,69,0
10411,67,0
10412,70,0
10413,70,0
10414,68,0
10415,70,0
10416,67,0
10417,71,0
10418,71,0
10419,72,0
10420,70,0
10421,71,0
10422,71,0
10423,69,0
10424,68,0
10425,70,0
10426,68,0
10427,67,0
10428,71,0
10429,72,0
10430,70,0
10431,70,0
10432,69,0
10433,67,0
10434,68,0
10435,70,0
10436,67,0
10437,69,0
10438,68,0
10439,70,0
10440,71,0
10441,71,0
10442,71,0
10443,68,0
10444,68,0
10445,67,0
10446,69,0
10447,71,0
10448,70,0
10449,70,0
10450,67,0
10451,67,0
10452,68,0
10453,72,0
10454,69,0
10455,71,0
10456,70,0
10457,72,0
10458,70,0
10459,66,0
10460,67,0
10461,67,0
10462,70,0
10463,68,0
10464,69,0
10465,69,0
10466,70,0
10467,70,0
10468,71,0
10469,69,0
10470,67,0
10471,68,0
10472,70,0
10473,69,0
10474,69,0
10475,70,0
10476,72,0
10477,67,0
10478,71,0
10479,72,0
10480,70,0
10481,69,0
10482,67,0
10483,70,0
10484,68,0
10485,69,0
10486,69,0
10487,70,0
10488,70,0
10489,71,0
10490,69,0
10491,71,0
10492,68,0
10493,70,0
10494,67,0
10495,69,0
10496,69,0
10497,70,0
10498,74,0
10499,71,0
10500,67,0
10501,70,0
10502,70,0
10503,71,0
10504,71,0
10505,72,0
10506,70,0
10507,68,0
10508,70,0
10509,71,0
10510,69,0
10511,69,0
10512,70,0
10513,70,0
10514,72,0
10515,71,0
10516,69,0
10517,69,0
10518,72,0
10519,70,0
10520,70,0
10521,69,0
10522,69,0
10523,68,0
10524,70,0
10525,71,0
10526,71,0
10527,72,0
10528,70,0
10529,72,0
10530,72,0
10531,67,0
10532,69,0
10533,70,0
10534,70,0
10535,67,0
10536,69,0
10537,70,0
10538,70,0
10539,69,0
10540,67,0
10541,69,0
10542,71,0
10543,71,0
10544,68,0
10545,68,0
10546,70,0
10547,67,0
10548,71,0
10549,70,0
10550,70,0
10551,70,0
10552,68,0
10553,69,0
10554,71,0
10555,70,0
10556,70,0
10557,68,0
10558,69,0
10559,68,0
10560,70,0
10561,67,0
10562,71,0
10563,68,0
10564,72,0
10565,70,0
10566,71,0
10567,67,0
10568,70,0
10569,68,0
10570,73,0
10571,69,0
10572,72,0
10573,70,0
10574,67,0
10575,72,0
10576,69,0
10577,71,0
10578,68,0
10579,70,0
10580,71,0
10581,71,0
10582,70,0
10583,69,0
10584,71,0
10585,71,0
10586,67,0
10587,70,0
10588,70,0
10589,71,0
10590,69,0
10591,70,0
10592,68,0
10593,67,0
10594,67,0
10595,71,0
10596,68,0
10597,70,0
10598,67,0
10599,69,0
10600,70,0
10601,70,0
10602,70,0
10603,69,0
10604,69,0
10605,70,0
10606,70,0
10607,69,0
10608,67,0
10609,67,0
10610,70,0
10611,70,0
10612,69,0
10613,71,0
10614,73,0
10615,70,0
10616,68,0
10617,70,0
10618,71,0
10619,71,0
10620,70,0
10621,70,0
10622,71,0
10623,71,0
10624,72,0
10625,70,0
10626,69,0
10627,70,0
10628,69,0
10629,69,0
10630,69,0
10631,70,0
10632,71,0
10633,69,0
10634,69,0
10635,70,0
10636,70,0
10637,67,0
10638,71,0
10639,72,0
10640,72,0
10641,71,0
10642,69,0
10643,68,0
10644,70,0
10645,69,0
10646,71,0
10647,68,0
10648,70,0
10649,71,0
10650,69,0
10651,71,0
10652,72,0
10653,68,0
10654,70,0
10655,67,0
10656,71,0
10657,72,0
10658,70,0
10659,70,0
10660,67,0
10661,67,0
10662,70,0
10663,68,0
10664,68,0
10665,71,0
10666,69,0
10667,68,0
10668,72,0
10669,71,0
10670,70,0
10671,71,0
10672,69,0
10673,69,0
10674,70,0
10675,69,0
10676,71,0
10677,72,0
10678,70,0
10679,69,0
10680,69,0
10681,69,0
10682,70,0
10683,70,0
10684,69,0
10685,71,0
10686,70,0
10687,70,0
10688,67,0
10689,69,0
10690,71,0
10691,70,0
10692,68,0
10693,70,0
10694,67,0
10695,69,0
10696,71,0
10697,70,0
10698,70,0
10699,70,0
10700,69,0
10701,71,0
10702,71,0
10703,70,0
10704,70,0
10705,70,0
10706,72,0
10707,69,0
10708,71,0
10709,69,0
10710,70,0
10711,70,0
10712,69,0
10713,67,0
10714,69,0
10715,70,0
10716,71,0
10717,68,0
10718,72,0
10719,69,0
10720,69,0
10721,69,0
10722,72,0
10723,72,0
10724,69,0
10725,69,0
10726,68,0
10727,70,0
10728,68,0
10729,70,0
10730,71,0
10731,69,0
10732,70,0
10733,70,0
10734,70,0
10735,69,0
10736,67,0
10737,67,0
10738,68,0
10739,70,0
10740,67,0
10741,69,0
10742,73,0
10743,70,0
10744,70,0
10745,71,0
10746,71,0
10747,71,0
10748,69,0
10749,72,0
10750,68,0
10751,70,0
10752,68,0
10753,68,0
10754,67,0
10755,71,0
10756,69,0
10757,70,0
10758,70,0
10759,71,0
10760,71,0
10761,70,0
10762,67,0
10763,69,0
10764,70,0
10765,70,0
10766,68,0
10767,67,0
10768,69,0
10769,69,0
10770,70,0
10771,68,0
10772,68,0
10773,69,0
10774,69,0
10775,68,0
10776,68,0
10777,69,0
10778,71,0
10779,70,0
10780,70,0
10781,70,0
10782,71,0
10783,68,0
10784,73,0
10785,71,0
10786,68,0
10787,70,0
10788,69,0
10789,69,0
10790,69,0
10791,70,0
10792,68,0
10793,69,0
10794,67,0
10795,70,0
10796,70,0
10797,67,0
10798,71,0
10799,72,0
10800,70,0
10801,67,0
10802,65,0
10803,69,0
10804,70,0
10805,68,0
10806,68,0
10807,69,0
10808,71,0
10809,68,0
10810,68,0
10811,69,0
10812,69,0
10813,71,0
10814,68,0
10815,72,0
10816,69,0
10817,71,0
10818,71,0
10819,68,0
10820,68,0
10821,67,0
10822,67,0
10823,72,0
10824,70,0
10825,72,0
10826,69,0
10827,69,0
10828,69,0
10829,71,0
10830,71,0
10831,68,0
10832,72,0
10833,70,0
10834,73,0
10835,69,0
10836,70,0
10837,70,0
10838,71,0
10839,70,0
10840,69,0
10841,70,0
10842,68,0
10843,69,0
10844,71,0
10845,67,0
10846,71,0
10847,69,0
10848,70,0
10849,70,0
10850,71,0
10851,67,0
10852,72,0
10853,70,0
10854,67,0
10855,69,0
10856,69,0
10857,68,0
10858,70,0
10859,71,0
10860,68,0
10861,68,0
10862,71,0
10863,69,0
10864,67,0
10865,70,0
10866,68,0
10867,70,0
10868,71,0
10869,71,0
10870,70,0
10871,70,0
10872,69,0
10873,67,0
10874,72,0
10875,72,0
10876,71,0
10877,71,0
10878,70,0
10879,70,0
10880,73,0
10881,70,0
10882,70,0
10883,67,0
10884,69,0
10885,68,0
10886,71,0
10887,70,0
10888,69,0
10889,70,0
10890,68,0
10891,70,0
10892,65,0
10893,69,0
10894,69,0
10895,72,0
10896,70,0
10897,69,0
10898,69,0
10899,70,0
10900,69,0
10901,67,0
10902,72,0
10903,70,0
10904,73,0
10905,67,0
10906,69,0
10907,68,0
10908,70,0
10909,67,0
10910,68,0
10911,70,0
10912,70,0
10913,69,0
10914,69,0
10915,69,0
10916,70,0
10917,68,0
10918,69,0
10919,69,0
10920,70,0
10921,70,0
10922,67,0
10923,70,0
10924,70,0
10925,69,0
10926,73,0
10927,69,0
10928,71,0
10929,70,0
10930,68,0
10931,73,0
10932,69,0
10933,69,0
10934,68,0
10935,68,0
10936,67,0
10937,69,0
10938,69,0
10939,69,0
10940,71,0
10941,68,0
10942,72,0
10943,72,0
10944,69,0
10945,73,0
10946,70,0
10947,68,0
10948,67,0
10949,67,0
10950,69,0
10951,72,0
10952,68,0
10953,67,0
10954,67,0
10955,71,0
10956,69,0
10957,70,0
10958,70,0
10959,71,0
10960,71,0
10961,70,0
10962,70,0
10963,67,0
10964,70,0
10965,70,0
10966,67,0
10967,69,0
10968,70,0
10969,68,0
10970,70,0
10971,71,0
10972,69,0
10973,69,0
10974,69,0
10975,72,0
10976,70,0
10977,70,0
10978,66,0
10979,71,0
10980,71,0
10981,71,0
10982,69,0
10983,72,0
10984,67,0
10985,69,0
10986,70,0
10987,68,0
10988,67,0
10989,67,0
10990,72,0
10991,71,0
10992,69,0
10993,68,0
10994,70,0
10995,69,0
10996,71,0
10997,69,0
10998,69,0
10999,68,0
11000,70,0
11001,69,0
11002,67,0
11003,67,0
11004,68,0
11005,70,0
11006,72,0
11007,71,0
11008,69,0
11009,70,0
11010,70,0
11011,70,0
11012,67,0
11013,69,0
11014,71,0
11015,70,0
11016,73,0
11017,69,0
11018,68,0
11019,69,0
11020,71,0
11021,69,0
11022,72,0
11023,70,0
11024,70,0
11025,72,0
11026,67,0
11027,71,0
11028,68,0
11029,66,0
11030,70,0
11031,70,0
11032,68,0
11033,67,0
11034,67,0
11035,70,0
11036,70,0
11037,69,0
11038,71,0
11039,70,0
11040,70,0
11041,70,0
11042,68,0
11043,69,0
11044,69,0
11045,69,0
11046,70,0
11047,68,0
11048,70,0
11049,69,0
11050,71,0
11051,68,0
11052,70,0
11053,69,0
11054,69,0
11055,71,0
11056,67,0
11057,70,0
11058,70,0
11059,67,0
11060,69,0
11061,70,0
11062,70,0
11063,68,0
11064,69,0
11065,71,0
11066,70,0
11067,68,0
11068,68,0
11069,69,0
11070,69,0
11071,70,0
11072,70,0
11073,73,0
11074,70,0
11075,70,0
11076,69,0
11077,69,0
11078,70,0
11079,70,0
11080,69,0
11081,71,0
11082,69,0
11083,68,0
11084,70,0
11085,67,0
11086,67,0
11087,69,0
11088,70,0
11089,68,0
11090,71,0
11091,71,0
11092,70,0
11093,68,0
11094,69,0
11095,71,0
11096,69,0
11097,70,0
11098,68,0
11099,67,0
11100,69,0
11101,67,0
11102,70,0
11103,72,0
11104,71,0
11105,71,0
11106,70,0
11107,70,0
11108,67,0
11109,71,0
11110,68,0
11111,69,0
11112,70,0
11113,68,0
11114,70,0
11115,69,0
11116,67,0
11117,70,0
11118,68,0
11119,67,0
11120,67,0
11121,70,0
11122,72,0
11123,70,0
11124,71,0
11125,71,0
11126,71,0
11127,68,0
11128,70,0
11129,69,0
11130,71,0
11131,69,0
11132,72,0
11133,68,0
11134,71,0
11135,69,0
11136,72,0
11137,68,0
11138,70,0
11139,69,0
11140,69,0
11141,70,0
11142,68,0
11143,67,0
11144,69,0
11145,69,0
11146,71,0
11147,71,0
11148,68,0
11149,71,0
11150,67,0
11151,70,0
11152,70,0
11153,70,0
11154,69,0
11155,71,0
11156,70,0
11157,68,0
11158,67,0
11159,71,0
11160,71,0
11161,68,0
11162,68,0
11163,73,0
11164,68,0
11165,69,0
11166,67,0
11167,72,0
11168,70,0
11169,67,0
11170,69,0
11171,71,0
11172,70,0
11173,70,0
11174,71,0
11175,67,0
11176,70,0
11177,70,0
11178,69,0
11179,71,0
11180,70,0
11181,70,0
11182,67,0
11183,69,0
11184,69,0
11185,68,0
11186,72,0
11187,69,0
11188,71,0
11189,69,0
11190,70,0
11191,70,0
11192,73,0
11193,67,0
11194,69,0
11195,70,0
11196,70,0
11197,71,0
11198,69,0
11199,69,0
11200,68,0
11201,71,0
11202,69,0
11203,67,0
11204,68,0
11205,70,0
11206,67,0
11207,71,0
11208,71,0
11209,72,0
11210,70,0
11211,67,0
11212,69,0
11213,70,0
11214,70,0
11215,73,0
11216,69,0
11217,70,0
11218,72,0
11219,71,0
11220,67,0
11221,70,0
11222,68,0
11223,68,0
11224,69,0
11225,71,0
11226,72,0
11227,68,0
11228,69,0
11229,71,0
11230,68,0
11231,70,0
11232,69,0
11233,67,0
11234,67,0
11235,70,0
11236,68,0
11237,68,0
11238,70,0
11239,67,0
11240,67,0
11241,70,0
11242,70,0
11243,69,0
11244,70,0
11245,68,0
11246,71,0
11247,67,0
11248,68,0
11249,70,0
11250,73,0
11251,67,0
11252,70,0
11253,70,0
11254,67,0
11255,69,0
11256,68,0
11257,73,0
11258,70,0
11259,70,0
11260,71,0
11261,71,0
11262,70,0
11263,70,0
11264,70,0
11265,69,0
11266,71,0
11267,71,0
11268,68,0
11269,70,0
11270,73,0
11271,71,0
11272,69,0
11273,68,0
11274,70,0
11275,69,0
11276,69,0
11277,68,0
11278,72,0
11279,70,0
11280,71,0
11281,71,0
11282,72,0
11283,72,0
11284,69,0
11285,71,0
11286,71,0
11287,71,0
11288,69,0
11289,70,0
11290,70,0
11291,71,0
11292,70,0
11293,70,0
11294,69,0
11295,71,0
11296,70,0
11297,70,0
11298,68,0
11299,69,0
11300,69,0
11301,69,0
11302,68,0
11303,68,0
11304,65,0
11305,71,0
11306,69,0
11307,72,0
11308,70,0
11309,71,0
11310,69,0
11311,71,0
11312,71,0
11313,72,0
11314,71,0
11315,71,0
11316,70,0
11317,68,0
11318,70,0
11319,69,0
11320,73,0
11321,70,0
11322,68,0
11323,70,0
11324,69,0
11325,69,0
11326,70,0
11327,70,0
11328,67,0
11329,67,0
11330,67,0
11331,71,0
11332,68,0
11333,72,0
11334,71,0
11335,69,0
11336,73,0
11337,67,0
11338,69,0
11339,72,0
11340,68,0
11341,73,0
11342,71,0
11343,70,0
11344,70,0
11345,71,0
11346,71,0
11347,68,0
11348,70,0
11349,69,0
11350,67,0
11351,70,0
11352,68,0
11353,69,0
11354,69,0
11355,68,0
11356,70,0
11357,65,0
11358,69,0
11359,71,0
11360,68,0
11361,70,0
11362,70,0
11363,69,0
11364,69,0
11365,68,0
11366,68,0
11367,67,0
11368,71,0
11369,71,0
11370,70,0
11371,68,0
11372,67,0
11373,71,0
11374,70,0
11375,70,0
11376,70,0
11377,68,0
11378,71,0
11379,69,0
11380,72,0
11381,69,0
11382,72,0
11383,70,0
11384,70,0
11385,69,0
11386,69,0
11387,72,0
11388,70,0
11389,70,0
11390,69,0
11391,67,0
11392,72,0
11393,68,0
11394,67,0
11395,67,0
11396,72,0
11397,68,0
11398,69,0
11399,67,0
11400,69,0
11401,70,0
11402,70,0
11403,71,0
11404,68,0
11405,70,0
11406,72,0
11407,69,0
11408,69,0
11409,71,0
11410,71,0
11411,72,0
11412,70,0
11413,71,0
11414,71,0
11415,68,0
11416,70,0
11417,70,0
11418,69,0
11419,71,0
11420,70,0
11421,72,0
11422,71,0
11423,71,0
11424,68,0
11425,70,0
11426,70,0
11427,67,0
11428,69,0
11429,70,0
11430,70,0
11431,68,0
11432,70,0
11433,70,0
11434,70,0
11435,68,0
11436,70,0
11437,72,0
11438,68,0
11439,69,0
11440,69,0
11441,71,0
11442,70,0
11443,70,0
11444,67,0
11445,67,0
11446,70,0
11447,70,0
11448,71,0
11449,71,0
11450,71,0
11451,71,0
11452,69,0
11453,69,0
11454,70,0
11455,72,0
11456,68,0
11457,68,0
11458,67,0
11459,69,0
11460,70,0
11461,73,0
11462,71,0
11463,68,0
11464,70,0
11465,69,0
11466,69,0
11467,70,0
11468,70,0
11469,68,0
11470,71,0
11471,67,0
11472,69,0
11473,70,0
11474,70,0
11475,71,0
11476,69,0
11477,70,0
11478,67,0
11479,69,0
11480,69,0
11481,67,0
11482,70,0
11483,70,0
11484,69,0
11485,69,0
11486,69,0
11487,69,0
11488,70,0
11489,68,0
11490,70,0
11491,67,0
11492,69,0
11493,70,0
11494,70,0
11495,70,0
11496,71,0
11497,71,0
11498,70,0
11499,70,0
11500,69,0
11501,69,0
11502,69,0
11503,70,0
11504,73,0
11505,71,0
11506,68,0
11507,69,0
11508,68,0
11509,71,0
11510,70,0
11511,71,0
11512,69,0
11513,70,0
11514,71,0
11515,71,0
11516,73,0
11517,71,0
11518,70,0
11519,70,0
11520,69,0
11521,71,0
11522,71,0
11523,68,0
11524,67,0
11525,71,0
11526,71,0
11527,68,0
11528,70,0
11529,69,0
11530,69,0
11531,68,0
11532,68,0
11533,71,0
11534,71,0
11535,68,0
11536,70,0
11537,70,0
11538,67,0
11539,67,0
11540,71,0
11541,68,0
11542,70,0
11543,69,0
11544,69,0
11545,68,0
11546,70,0
11547,67,0
11548,71,0
11549,68,0
11550,70,0
11551,67,0
11552,67,0
11553,68,0
11554,72,0
11555,67,0
11556,67,0
11557,70,0
11558,71,0
11559,69,0
11560,68,0
11561,70,0
11562,71,0
11563,69,0
11564,67,0
11565,68,0
11566,70,0
11567,68,0
11568,67,0
11569,71,0
11570,70,0
11571,70,0
11572,71,0
11573,69,0
11574,70,0
11575,70,0
11576,70,0
11577,69,0
11578,69,0
11579,70,0
11580,70,0
11581,73,0
11582,67,0
11583,69,0
11584,68,0
11585,70,0
11586,70,0
11587,71,0
11588,70,0
11589,65,0
11590,69,0
11591,71,0
11592,71,0
11593,70,0
11594,70,0
11595,71,0
11596,69,0
11597,70,0
11598,70,0
11599,68,0
11600,71,0
11601,69,0
11602,70,0
11603,70,0
11604,71,0
11605,67,0
11606,70,0
11607,72,0
11608,70,0
11609,69,0
11610,67,0
11611,73,0
11612,70,0
11613,68,0
11614,73,0
11615,71,0
11616,68,0
11617,70,0
11618,71,0
11619,69,0
11620,71,0
11621,71,0
11622,70,0
11623,69,0
11624,70,0
11625,68,0
11626,69,0
11627,71,0
11628,71,0
11629,68,0
11630,70,0
11631,67,0
11632,71,0
11633,68,0
11634,70,0
11635,68,0
11636,69,0
11637,69,0
11638,70,0
11639,72,0
11640,69,0
11641,71,0
11642,70,0
11643,71,0
11644,69,0
11645,72,0
11646,70,0
11647,67,0
11648,69,0
11649,72,0
11650,70,0
11651,68,0
11652,69,0
11653,67,0
11654,70,0
11655,70,0
11656,67,0
11657,71,0
11658,70,0
11659,70,0
11660,72,0
11661,69,0
11662,73,0
11663,71,0
11664,70,0
11665,72,0
11666,70,0
11667,67,0
11668,69,0
11669,69,0
11670,70,0
11671,70,0
11672,70,0
11673,69,0
11674,69,0
11675,69,0
11676,68,0
11677,70,0
11678,68,0
11679,71,0
11680,67,0
11681,70,0
11682,70,0
11683,67,0
11684,73,0
11685,69,0
11686,70,0
11687,68,0
11688,67,0
11689,69,0
11690,71,0
11691,70,0
11692,70,0
11693,67,0
11694,70,0
11695,70,0
11696,68,0
11697,69,0
11698,71,0
11699,69,0
11700,70,0
11701,70,0
11702,70,0
11703,69,0
11704,67,0
11705,71,0
11706,71,0
11707,69,0
11708,70,0
11709,68,0
11710,69,0
11711,69,0
11712,69,0
11713,69,0
11714,70,0
11715,67,0
11716,67,0
11717,71,0
11718,72,0
11719,72,0
11720,69,0
11721,69,0
11722,69,0
11723,70,0
11724,68,0
11725,69,0
11726,67,0
11727,71,0
11728,71,0
11729,71,0
11730,70,0
11731,70,0
11732,67,0
11733,71,0
11734,69,0
11735,70,0
11736,70,0
11737,69,0
11738,70,0
11739,69,0
11740,71,0
11741,72,0
11742,70,0
11743,70,0
11744,71,0
11745,71,0
11746,70,0
11747,70,0
11748,70,0
11749,67,0
11750,71,0
11751,71,0
11752,68,0
11753,70,0
11754,69,0
11755,69,0
11756,70,0
11757,70,0
11758,69,0
11759,69,0
11760,69,0
11761,72,0
11762,70,0
11763,72,0
11764,71,0
11765,72,0
11766,68,0
11767,71,0
11768,70,0
11769,68,0
11770,68,0
11771,69,0
11772,69,0
11773,70,0
11774,70,0
11775,71,0
11776,69,0
11777,71,0
11778,71,0
11779,71,0
11780,70,0
11781,68,0
11782,67,0
11783,69,0
11784,70,0
11785,70,0
11786,68,0
11787,73,0
11788,71,0
11789,68,0
11790,70,0
11791,71,0
11792,69,0
11793,71,0
11794,68,0
11795,70,0
11796,72,0
11797,65,0
11798,69,0
11799,70,0
11800,70,0
11801,70,0
11802,71,0
11803,71,0
11804,71,0
11805,69,0
11806,68,0
11807,70,0
11808,69,0
11809,71,0
11810,72,0
11811,68,0
11812,67,0
11813,71,0
11814,70,0
11815,70,0
11816,71,0
11817,71,0
11818,69,0
11819,70,0
11820,72,0
11821,70,0
11822,73,0
11823,69,0
11824,70,0
11825,70,0
11826,68,0
11827,69,0
11828,71,0
11829,70,0
11830,72,0
11831,68,0
11832,67,0
11833,71,0
11834,72,0
11835,70,0
11836,70,0
11837,69,0
11838,71,0
11839,67,0
11840,70,0
11841,70,0
11842,70,0
11843,68,0
11844,67,0
11845,67,0
11846,69,0
11847,70,0
11848,70,0
11849,69,0
11850,71,0
11851,70,0
11852,70,0
11853,67,0
11854,67,0
11855,67,0
11856,72,0
11857,70,0
11858,70,0
11859,70,0
11860,67,0
11861,71,0
11862,71,0
11863,68,0
11864,72,0
11865,71,0
11866,70,0
11867,70,0
11868,69,0
11869,69,0
11870,71,0
11871,69,0
11872,69,0
11873,68,0
11874,69,0
11875,71,0
11876,71,0
11877,70,0
11878,70,0
11879,69,0
11880,67,0
11881,70,0
11882,70,0
11883,70,0
11884,69,0
11885,71,0
11886,70,0
11887,70,0
11888,67,0
11889,73,0
11890,70,0
11891,68,0
11892,71,0
11893,71,0
11894,70,0
11895,65,0
11896,69,0
11897,72,0
11898,68,0
11899,69,0
11900,69,0
11901,71,0
11902,70,0
11903,73,0
11904,71,0
11905,72,0
11906,68,0
11907,71,0
11908,69,0
11909,71,0
11910,69,0
11911,69,0
11912,71,0
11913,68,0
11914,68,0
11915,71,0
11916,71,0
11917,72,0
11918,70,0
11919,67,0
11920,67,0
11921,69,0
11922,70,0
11923,70,0
11924,73,0
11925,69,0
11926,70,0
11927,70,0
11928,65,0
11929,71,0
11930,69,0
11931,70,0
11932,70,0
11933,67,0
11934,71,0
11935,70,0
11936,68,0
11937,69,0
11938,70,0
11939,71,0
11940,69,0
11941,71,0
11942,67,0
11943,70,0
11944,72,0
11945,72,0
11946,71,0
11947,71,0
11948,69,0
11949,70,0
11950,72,0
11951,71,0
11952,71,0
11953,68,0
11954,70,0
11955,71,0
11956,71,0
11957,69,0
11958,72,0
11959,70,0
11960,69,0
11961,71,0
11962,68,0
11963,70,0
11964,70,0
11965,69,0
11966,69,0
11967,72,0
11968,68,0
11969,70,0
11970,69,0
11971,72,0
11972,70,0
11973,71,0
11974,69,0
11975,71,0
11976,69,0
11977,68,0
11978,72,0
11979,69,0
11980,71,0
11981,69,0
11982,70,0
11983,72,0
11984,71,0
11985,69,0
11986,72,0
11987,70,0
11988,71,0
11989,71,0
11990,68,0
11991,70,0
11992,71,0
11993,69,0
11994,70,0
11995,68,0
11996,70,0
11997,71,0
11998,69,0
11999,70,0
12000,68,0
12001,73,0
12002,67,0
12003,69,0
12004,68,0
12005,68,0
12006,69,0
12007,67,0
12008,70,0
12009,70,0
12010,71,0
12011,71,0
12012,69,0
12013,70,0
12014,70,0
12015,68,0
12016,69,0
12017,71,0
12018,70,0
12019,68,0
12020,71,0
12021,70,0
12022,71,0
12023,69,0
12024,71,0
12025,68,0
12026,72,0
12027,71,0
12028,69,0
12029,71,0
12030,71,0
12031,71,0
12032,68,0
12033,68,0
12034,71,0
12035,71,0
12036,67,0
12037,70,0
12038,68,0
12039,71,0
12040,67,0
12041,70,0
12042,69,0
12043,72,0
12044,70,0
12045,70,0
12046,73,0
12047,71,0
12048,70,0
12049,72,0
12050,71,0
12051,69,0
12052,71,0
12053,68,0
12054,72,0
12055,71,0
12056,69,0
12057,71,0
12058,70,0
12059,72,0
12060,70,0
12061,67,0
12062,69,0
12063,70,0
12064,70,0
12065,70,0
12066,68,0
12067,69,0
12068,71,0
12069,70,0
12070,70,0
12071,71,0
12072,69,0
12073,68,0
12074,68,0
12075,67,0
12076,69,0
12077,71,0
12078,70,0
12079,70,0
12080,70,0
12081,69,0
12082,71,0
12083,67,0
12084,72,0
12085,70,0
12086,73,0
12087,71,0
12088,69,0
12089,68,0
12090,70,0
12091,69,0
12092,69,0
12093,69,0
12094,70,0
12095,70,0
12096,70,0
12097,68,0
12098,68,0
12099,68,0
12100,67,0
12101,69,0
12102,70,0
12103,68,0
12104,68,0
12105,70,0
12106,71,0
12107,67,0
12108,70,0
12109,70,0
12110,71,0
12111,69,0
12112,69,0
12113,69,0
12114,70,0
12115,70,0
12116,69,0
12117,69,0
12118,70,0
12119,70,0
12120,69,0
12121,67,0
12122,70,0
12123,67,0
12124,67,0
12125,67,0
12126,70,0
12127,69,0
12128,71,0
12129,68,0
12130,70,0
12131,71,0
12132,67,0
12133,70,0
12134,70,0
12135,71,0
12136,67,0
12137,68,0
12138,70,0
12139,70,0
12140,71,0
12141,71,0
12142,71,0
12143,68,0
12144,70,0
12145,70,0
12146,69,0
12147,71,0
12148,68,0
12149,70,0
12150,69,0
12151,69,0
12152,71,0
12153,70,0
12154,68,0
12155,67,0
12156,71,0
12157,69,0
12158,67,0
12159,71,0
12160,70,0
12161,68,0
12162,70,0
12163,69,0
12164,67,0
12165,69,0
12166,72,0
12167,70,0
12168,70,0
12169,71,0
12170,69,0
12171,69,0
12172,71,0
12173,68,0
12174,70,0
12175,71,0
12176,71,0
12177,72,0
12178,70,0
12179,70,0
12180,67,0
12181,73,0
12182,71,0
12183,70,0
12184,72,0
12185,70,0
12186,70,0
12187,71,0
12188,70,0
12189,70,0
12190,73,0
12191,67,0
12192,68,0
12193,70,0
12194,71,0
12195,69,0
12196,70,0
12197,70,0
12198,71,0
12199,71,0
12200,68,0
12201,68,0
12202,70,0
12203,71,0
12204,71,0
12205,69,0
12206,68,0
12207,70,0
12208,67,0
12209,67,0
12210,71,0
12211,70,0
12212,68,0
12213,69,0
12214,67,0
12215,67,0
12216,70,0
12217,68,0
12218,67,0
12219,67,0
12220,70,0
12221,70,0
12222,71,0
12223,67,0
12224,70,0
12225,70,0
12226,68,0
12227,69,0
12228,71,0
12229,70,0
12230,70,0
12231,69,0
12232,71,0
12233,69,0
12234,70,0
12235,68,0
12236,67,0
12237,71,0
12238,68,0
12239,70,0
12240,71,0
12241,71,0
12242,68,0
12243,68,0
12244,69,0
12245,70,0
12246,68,0
12247,70,0
12248,69,0
12249,67,0
12250,66,0
12251,70,0
12252,67,0
12253,69,0
12254,69,0
12255,72,0
12256,67,0
12257,71,0
12258,70,0
12259,71,0
12260,71,0
12261,68,0
12262,70,0
12263,71,0
12264,69,0
12265,70,0
12266,70,0
12267,69,0
12268,69,0
12269,69,0
12270,69,0
12271,72,0
12272,70,0
12273,69,0
12274,71,0
12275,70,0
12276,70,0
12277,71,0
12278,71,0
12279,69,0
12280,69,0
12281,69,0
12282,69,0
12283,71,0
12284,68,0
12285,70,0
12286,72,0
12287,67,0
12288,69,0
12289,72,0
12290,68,0
12291,70,0
12292,69,0
12293,71,0
12294,71,0
12295,70,0
12296,70,0
12297,70,0
12298,70,0
12299,69,0
12300,67,0
12301,69,0
12302,70,0
12303,70,0
12304,71,0
12305,69,0
12306,69,0
12307,71,0
12308,70,0
12309,70,0
12310,73,0
12311,69,0
12312,70,0
12313,69,0
12314,70,0
12315,68,0
12316,71,0
12317,69,0
12318,72,0
12319,70,0
12320,70,0
12321,69,0
12322,69,0
12323,71,0
12324,70,0
12325,70,0
12326,67,0
12327,69,0
12328,68,0
12329,70,0
12330,69,0
12331,69,0
12332,72,0
12333,70,0
12334,70,0
12335,71,0
12336,71,0
12337,71,0
12338,68,0
12339,70,0
12340,69,0
12341,71,0
12342,70,0
12343,70,0
12344,67,0
12345,69,0
12346,68,0
12347,70,0
12348,70,0
12349,71,0
12350,71,0
12351,71,0
12352,72,0
12353,72,0
12354,71,0
12355,71,0
12356,71,0
12357,68,0
12358,70,0
12359,71,0
12360,67,0
12361,71,0
12362,70,0
12363,70,0
12364,69,0
12365,71,0
12366,72,0
12367,70,0
12368,70,0
12369,69,0
12370,71,0
12371,70,0
12372,70,0
12373,68,0
12374,71,0
12375,71,0
12376,70,0
12377,70,0
12378,69,0
12379,69,0
12380,70,0
12381,70,0
12382,67,0
12383,71,0
12384,70,0
12385,70,0
12386,72,0
12387,73,0
12388,71,0
12389,70,0
12390,68,0
12391,71,0
12392,71,0
12393,68,0
12394,68,0
12395,72,0
12396,67,0
12397,70,0
12398,70,0
12399,69,0
12400,71,0
12401,71,0
12402,70,0
12403,70,0
12404,68,0
12405,70,0
12406,69,0
12407,67,0
12408,70,0
12409,70,0
12410,69,0
12411,71,0
12412,70,0
12413,70,0
12414,70,0
12415,71,0
12416,67,0
12417,71,0
12418,67,0
12419,72,0
12420,70,0
12421,67,0
12422,69,0
12423,70,0
12424,70,0
12425,67,0
12426,69,0
12427,71,0
12428,68,0
12429,68,0
12430,68,0
12431,71,0
12432,71,0
12433,68,0
12434,68,0
12435,73,0
12436,67,0
12437,69,0
12438,70,0
12439,70,0
12440,71,0
12441,71,0
12442,67,0
12443,69,0
12444,72,0
12445,70,0
12446,71,0
12447,71,0
12448,70,0
12449,71,0
12450,67,0
12451,70,0
12452,72,0
12453,67,0
12454,69,0
12455,70,0
12456,68,0
12457,71,0
12458,69,0
12459,69,0
12460,72,0
12461,70,0
12462,71,0
12463,67,0
12464,69,0
12465,71,0
12466,68,0
12467,70,0
12468,70,0
12469,69,0
12470,67,0
12471,71,0
12472,70,0
12473,69,0
12474,71,0
12475,70,0
12476,70,0
12477,70,0
12478,73,0
12479,69,0
12480,71,0
12481,68,0
12482,70,0
12483,69,0
12484,71,0
12485,71,0
12486,70,0
12487,70,0
12488,70,0
12489,68,0
12490,67,0
12491,69,0
12492,70,0
12493,68,0
12494,70,0
12495,70,0
12496,69,0
12497,69,0
12498,67,0
12499,70,0
12500,70,0
12501,71,0
12502,69,0
12503,69,0
12504,70,0
12505,72,0
12506,67,0
12507,67,0
12508,71,0
12509,68,0
12510,70,0
12511,71,0
12512,71,0
12513,69,0
12514,70,0
12515,68,0
12516,70,0
12517,70,0
12518,68,0
12519,69,0
12520,67,0
12521,68,0
12522,68,0
12523,69,0
12524,71,0
12525,70,0
12526,72,0
12527,68,0
12528,71,0
12529,71,0
12530,68,0
12531,70,0
12532,69,0
12533,70,0
12534,67,0
12535,69,0
12536,70,0
12537,70,0
12538,73,0
12539,71,0
12540,70,0
12541,71,0
12542,71,0
12543,68,0
12544,68,0
12545,67,0
12546,71,0
12547,70,0
12548,70,0
12549,70,0
12550,67,0
12551,69,0
12552,70,0
12553,68,0
12554,70,0
12555,71,0
12556,71,0
12557,72,0
12558,70,0
12559,71,0
12560,67,0
12561,69,0
12562,68,0
12563,72,0
12564,70,0
12565,71,0
12566,67,0
12567,71,0
12568,70,0
12569,68,0
12570,69,0
12571,71,0
12572,69,0
12573,70,0
12574,70,0
12575,68,0
12576,71,0
12577,69,0
12578,71,0
12579,72,0
12580,70,0
12581,70,0
12582,69,0
12583,67,0
12584,68,0
12585,72,0
12586,68,0
12587,68,0
12588,71,0
12589,71,0
12590,71,0
12591,72,0
12592,70,0
12593,68,0
12594,71,0
12595,71,0
12596,69,0
12597,72,0
12598,70,0
12599,70,0
12600,69,0
12601,69,0
12602,70,0
12603,70,0
12604,68,0
12605,71,0
12606,69,0
12607,69,0
12608,71,0
12609,70,0
12610,70,0
12611,70,0
12612,69,0
12613,69,0
12614,67,0
12615,69,0
12616,70,0
12617,70,0
12618,70,0
12619,67,0
12620,69,0
12621,70,0
12622,70,0
12623,70,0
12624,69,0
12625,69,0
12626,71,0
12627,68,0
12628,68,0
12629,71,0
12630,71,0
12631,70,0
12632,68,0
12633,65,0
12634,71,0
12635,70,0
12636,70,0
12637,70,0
12638,68,0
12639,71,0
12640,69,0
12641,71,0
12642,70,0
12643,68,0
12644,69,0
12645,69,0
12646,68,0
12647,70,0
12648,71,0
12649,71,0
12650,71,0
12651,70,0
12652,68,0
12653,67,0
12654,69,0
12655,70,0
12656,71,0
12657,71,0
12658,68,0
12659,70,0
12660,70,0
12661,67,0
12662,71,0
12663,68,0
12664,68,0
12665,67,0
12666,67,0
12667,71,0
12668,68,0
12669,70,0
12670,69,0
12671,70,0
12672,70,0
12673,73,0
12674,69,0
12675,70,0
12676,70,0
12677,67,0
12678,73,0
12679,71,0
12680,70,0
12681,70,0
12682,67,0
12683,70,0
12684,70,0
12685,69,0
12686,69,0
12687,71,0
12688,70,0
12689,70,0
12690,67,0
12691,67,0
12692,71,0
12693,70,0
12694,70,0
12695,67,0
12696,69,0
12697,70,0
12698,71,0
12699,69,0
12700,67,0
12701,68,0
12702,72,0
12703,70,0
12704,73,0
12705,69,0
12706,69,0
12707,71,0
12708,70,0
12709,70,0
12710,69,0
12711,69,0
12712,71,0
12713,71,0
12714,72,0
12715,70,0
12716,69,0
12717,69,0
12718,72,0
12719,70,0
12720,71,0
12721,69,0
12722,69,0
12723,68,0
12724,70,0
12725,72,0
12726,70,0
12727,69,0
12728,71,0
12729,68,0
12730,70,0
12731,70,0
12732,71,0
12733,69,0
12734,69,0
12735,70,0
12736,70,0
12737,72,0
12738,70,0
12739,72,0
12740,71,0
12741,69,0
12742,70,0
12743,72,0
12744,70,0
12745,69,0
12746,71,0
12747,70,0
12748,68,0
12749,71,0
12750,71,0
12751,67,0
12752,72,0
12753,70,0
12754,68,0
12755,73,0
12756,69,0
12757,70,0
12758,68,0
12759,67,0
12760,71,0
12761,68,0
12762,67,0
12763,70,0
12764,65,0
12765,67,0
12766,70,0
12767,68,0
12768,65,0
12769,69,0
12770,69,0
12771,70,0
12772,68,0
12773,70,0
12774,69,0
12775,71,0
12776,68,0
12777,70,0
12778,70,0
12779,67,0
12780,73,0
12781,73,0
12782,72,0
12783,69,0
12784,69,0
12785,70,0
12786,70,0
12787,71,0
12788,69,0
12789,70,0
12790,68,0
12791,71,0
12792,71,0
12793,70,0
12794,70,0
12795,67,0
12796,71,0
12797,69,0
12798,68,0
12799,70,0
12800,72,0
12801,71,0
12802,69,0
12803,68,0
12804,68,0
12805,69,0
12806,72,0
12807,70,0
12808,73,0
12809,67,0
12810,68,0
12811,70,0
12812,69,0
12813,71,0
12814,71,0
12815,68,0
12816,70,0
12817,71,0
12818,69,0
12819,70,0
12820,70,0
12821,67,0
12822,69,0
12823,71,0
12824,70,0
12825,68,0
12826,71,0
12827,71,0
12828,68,0
12829,70,0
12830,70,0
12831,71,0
12832,69,0
12833,70,0
12834,70,0
12835,70,0
12836,70,0
12837,69,0
12838,71,0
12839,69,0
12840,72,0
12841,68,0
12842,71,0
12843,67,0
12844,69,0
12845,69,0
12846,70,0
12847,70,0
12848,70,0
12849,71,0
12850,69,0
12851,70,0
12852,68,0
12853,72,0
12854,71,0
12855,71,0
12856,69,0
12857,67,0
12858,72,0
12859,70,0
12860,69,0
12861,71,0
12862,70,0
12863,70,0
12864,70,0
12865,69,0
12866,71,0
12867,68,0
12868,70,0
12869,67,0
12870,69,0
12871,69,0
12872,68,0
12873,70,0
12874,69,0
12875,69,0
12876,68,0
12877,72,0
12878,69,0
12879,69,0
12880,70,0
12881,70,0
12882,72,0
12883,69,0
12884,71,0
12885,70,0
12886,70,0
12887,71,0
12888,67,0
12889,68,0
12890,69,0
12891,70,0
12892,67,0
12893,69,0
12894,67,0
12895,72,0
12896,70,0
12897,71,0
12898,69,0
12899,70,0
12900,70,0
12901,69,0
12902,69,0
12903,65,0
12904,69,0
12905,70,0
12906,70,0
12907,73,0
12908,67,0
12909,70,0
12910,72,0
12911,68,0
12912,71,0
12913,71,0
12914,70,0
12915,70,0
12916,68,0
12917,65,0
12918,67,0
12919,70,0
12920,70,0
12921,73,0
12922,72,0
12923,68,0
12924,70,0
12925,72,0
12926,69,0
12927,70,0
12928,70,0
12929,68,0
12930,69,0
12931,69,0
12932,70,0
12933,70,0
12934,69,0
12935,69,0
12936,71,0
12937,70,0
12938,72,0
12939,67,0
12940,71,0
12941,72,0
12942,72,0
12943,70,0
12944,71,0
12945,71,0
12946,72,0
12947,70,0
12948,69,0
12949,67,0
12950,71,0
12951,69,0
12952,69,0
12953,70,0
12954,68,0
12955,70,0
12956,67,0
12957,70,0
12958,70,0
12959,70,0
12960,69,0
12961,71,0
12962,70,0
12963,72,0
12964,67,0
12965,71,0
12966,72,0
12967,70,0
12968,71,0
12969,69,0
12970,69,0
12971,68,0
12972,67,0
12973,69,0
12974,70,0
12975,70,0
12976,65,0
12977,67,0
12978,69,0
12979,72,0
12980,69,0
12981,69,0
12982,70,0
12983,70,0
12984,71,0
12985,67,0
12986,68,0
12987,70,0
12988,70,0
12989,69,0
12990,71,0
12991,68,0
12992,70,0
12993,67,0
12994,67,0
12995,67,0
12996,70,0
12997,70,0
12998,69,0
12999,69,0
13000,67,0
13001,70,0
13002,68,0
13003,70,0
13004,70,0
13005,71,0
13006,69,0
13007,70,0
13008,71,0
13009,71,0
13010,68,0
13011,70,0
13012,65,0
13013,71,0
13014,67,0
13015,72,0
13016,68,0
13017,67,0
13018,67,0
13019,69,0
13020,70,0
13021,68,0
13022,70,0
13023,71,0
13024,69,0
13025,71,0
13026,70,0
13027,70,0
13028,71,0
13029,67,0
13030,71,0
13031,70,0
13032,72,0
13033,70,0
13034,70,0
13035,69,0
13036,69,0
13037,70,0
13038,72,0
13039,68,0
13040,67,0
13041,69,0
13042,70,0
13043,68,0
13044,68,0
13045,69,0
13046,71,0
13047,70,0
13048,71,0
13049,71,0
13050,71,0
13051,70,0
13052,71,0
13053,70,0
13054,70,0
13055,70,0
13056,71,0
13057,67,0
13058,69,0
13059,71,0
13060,70,0
13061,70,0
13062,72,0
13063,71,0
13064,69,0
13065,71,0
13066,68,0
13067,70,0
13068,70,0
13069,69,0
13070,69,0
13071,70,0
13072,68,0
13073,70,0
13074,70,0
13075,71,0
13076,69,0
13077,70,0
13078,72,0
13079,69,0
13080,73,0
13081,70,0
13082,70,0
13083,69,0
13084,70,0
13085,70,0
13086,69,0
13087,71,0
13088,70,0
13089,70,0
13090,69,0
13091,69,0
13092,70,0
13093,72,0
13094,65,0
13095,71,0
13096,70,0
13097,70,0
13098,68,0
13099,71,0
13100,69,0
13101,70,0
13102,70,0
13103,69,0
13104,69,0
13105,69,0
13106,70,0
13107,67,0
13108,67,0
13109,67,0
13110,69,0
13111,72,0
13112,70,0
13113,71,0
13114,68,0
13115,68,0
13116,70,0
13117,69,0
13118,71,0
13119,68,0
13120,70,0
13121,67,0
13122,71,0
13123,67,0
13124,71,0
13125,70,0
13126,70,0
13127,69,0
13128,69,0
13129,70,0
13130,70,0
13131,69,0
13132,69,0
13133,69,0
13134,69,0
13135,68,0
13136,72,0
13137,71,0
13138,69,0
13139,70,0
13140,68,0
13141,71,0
13142,69,0
13143,68,0
13144,70,0
13145,71,0
13146,69,0
13147,68,0
13148,70,0
13149,69,0
13150,71,0
13151,69,0
13152,68,0
13153,68,0
13154,71,0
13155,71,0
13156,71,0
13157,70,0
13158,70,0
13159,67,0
13160,69,0
13161,73,0
13162,70,0
13163,70,0
13164,68,0
13165,71,0
13166,71,0
13167,71,0
13168,72,0
13169,70,0
13170,67,0
13171,71,0
13172,68,0
13173,68,0
13174,72,0
13175,71,0
13176,71,0
13177,70,0
13178,68,0
13179,71,0
13180,67,0
13181,69,0
13182,70,0
13183,69,0
13184,69,0
13185,71,0
13186,70,0
13187,68,0
13188,70,0
13189,71,0
13190,71,0
13191,69,0
13192,70,0
13193,70,0
13194,70,0
13195,71,0
13196,69,0
13197,67,0
13198,68,0
13199,68,0
13200,67,0
13201,69,0
13202,72,0
13203,70,0
13204,69,0
13205,69,0
13206,72,0
13207,72,0
13208,67,0
13209,67,0
13210,68,0
13211,70,0
13212,69,0
13213,71,0
13214,71,0
13215,70,0
13216,68,0
13217,69,0
13218,69,0
13219,71,0
13220,70,0
13221,68,0
13222,71,0
13223,69,0
13224,69,0
13225,68,0
13226,68,0
13227,67,0
13228,71,0
13229,69,0
13230,68,0
13231,70,0
13232,67,0
13233,71,0
13234,72,0
13235,70,0
13236,70,0
13237,69,0
13238,71,0
13239,68,0
13240,70,0
13241,69,0
13242,67,0
13243,67,0
13244,70,0
13245,71,0
13246,68,0
13247,71,0
13248,69,0
13249,70,0
13250,70,0
13251,70,0
13252,71,0
13253,67,0
13254,73,0
13255,67,0
13256,70,0
13257,70,0
13258,72,0
13259,71,0
13260,69,0
13261,69,0
13262,67,0
13263,70,0
13264,68,0
13265,68,0
13266,69,0
13267,69,0
13268,70,0
13269,68,0
13270,67,0
13271,67,0
13272,69,0
13273,68,0
13274,70,0
13275,67,0
13276,69,0
13277,69,0
13278,67,0
13279,68,0
13280,72,0
13281,67,0
13282,71,0
13283,70,0
13284,70,0
13285,69,0
13286,71,0
13287,69,0
13288,68,0
13289,70,0
13290,69,0
13291,71,0
13292,69,0
13293,72,0
13294,70,0
13295,70,0
13296,71,0
13297,67,0
13298,71,0
13299,70,0
13300,67,0
13301,68,0
13302,70,0
13303,69,0
13304,69,0
13305,69,0
13306,70,0
13307,70,0
13308,69,0
13309,71,0
13310,69,0
13311,72,0
13312,70,0
13313,69,0
13314,69,0
13315,70,0
13316,69,0
13317,70,0
13318,68,0
13319,71,0
13320,71,0
13321,70,0
13322,68,0
13323,69,0
13324,71,0
13325,72,0
13326,70,0
13327,69,0
13328,70,0
13329,70,0
13330,73,0
13331,67,0
13332,70,0
13333,71,0
13334,67,0
13335,66,0
13336,69,0
13337,67,0
13338,70,0
13339,68,0
13340,71,0
13341,71,0
13342,68,0
13343,70,0
13344,70,0
13345,69,0
13346,68,0
13347,70,0
13348,71,0
13349,71,0
13350,68,0
13351,70,0
13352,67,0
13353,71,0
13354,71,0
13355,70,0
13356,70,0
13357,68,0
13358,73,0
13359,71,0
13360,70,0
13361,70,0
13362,70,0
13363,69,0
13364,67,0
13365,70,0
13366,70,0
13367,67,0
13368,71,0
13369,70,0
13370,68,0
13371,70,0
13372,69,0
13373,67,0
13374,70,0
13375,69,0
13376,72,0
13377,71,0
13378,71,0
13379,72,0
13380,70,0
13381,69,0
13382,72,0
13383,70,0
13384,71,0
13385,69,0
13386,69,0
13387,70,0
13388,70,0
13389,71,0
13390,69,0
13391,71,0
13392,70,0
13393,70,0
13394,72,0
13395,69,0
13396,71,0
13397,72,0
13398,70,0
13399,67,0
13400,69,0
13401,70,0
13402,70,0
13403,70,0
13404,69,0
13405,69,0
13406,69,0
13407,71,0
13408,68,0
13409,70,0
13410,69,0
13411,67,0
13412,70,0
13413,70,0
13414,70,0
13415,69,0
13416,70,0
13417,70,0
13418,71,0
13419,69,0
13420,70,0
13421,70,0
13422,72,0
13423,67,0
13424,69,0
13425,71,0
13426,70,0
13427,68,0
13428,69,0
13429,69,0
13430,71,0
13431,70,0
13432,70,0
13433,65,0
13434,73,0
13435,70,0
13436,70,0
13437,69,0
13438,71,0
13439,70,0
13440,70,0
13441,67,0
13442,71,0
13443,68,0
13444,70,0
13445,69,0
13446,71,0
13447,70,0
13448,72,0
13449,70,0
13450,68,0
13451,67,0
13452,69,0
13453,70,0
13454,70,0
13455,71,0
13456,69,0
13457,70,0
13458,71,0
13459,69,0
13460,69,0
13461,71,0
13462,72,0
13463,67,0
13464,71,0
13465,67,0
13466,70,0
13467,70,0
13468,67,0
13469,67,0
13470,72,0
13471,70,0
13472,69,0
13473,70,0
13474,71,0
13475,67,0
13476,68,0
13477,70,0
13478,69,0
13479,69,0
13480,70,0
13481,68,0
13482,71,0
13483,69,0
13484,68,0
13485,70,0
13486,69,0
13487,71,0
13488,70,0
13489,70,0
13490,69,0
13491,71,0
13492,73,0
13493,69,0
13494,71,0
13495,70,0
13496,69,0
13497,69,0
13498,71,0
13499,70,0
13500,70,0
13501,70,0
13502,70,0
13503,71,0
13504,71,0
13505,69,0
13506,70,0
13507,70,0
13508,71,0
13509,67,0
13510,69,0
13511,70,0
13512,70,0
13513,70,0
13514,67,0
13515,69,0
13516,68,0
13517,69,0
13518,70,0
13519,68,0
13520,73,0
13521,71,0
13522,68,0
13523,68,0
13524,71,0
13525,67,0
13526,71,0
13527,70,0
13528,73,0
13529,71,0
13530,72,0
13531,70,0
13532,67,0
13533,71,0
13534,72,0
13535,70,0
13536,72,0
13537,68,0
13538,67,0
13539,69,0
13540,68,0
13541,69,0
13542,71,0
13543,69,0
13544,68,0
13545,70,0
13546,71,0
13547,69,0
13548,68,0
13549,68,0
13550,69,0
13551,68,0
13552,70,0
13553,69,0
13554,71,0
13555,68,0
13556,68,0
13557,70,0
13558,71,0
13559,69,0
13560,68,0
13561,68,0
13562,68,0
13563,71,0
13564,68,0
13565,70,0
13566,69,0
13567,70,0
13568,70,0
13569,71,0
13570,67,0
13571,68,0
13572,68,0
13573,71,0
13574,71,0
13575,71,0
13576,70,0
13577,68,0
13578,67,0
13579,69,0
13580,67,0
13581,72,0
13582,70,0
13583,71,0
13584,71,0
13585,67,0
13586,70,0
13587,70,0
13588,70,0
13589,71,0
13590,71,0
13591,67,0
13592,68,0
13593,70,0
13594,69,0
13595,69,0
13596,70,0
13597,70,0
13598,72,0
13599,70,0
13600,71,0
13601,71,0
13602,70,0
13603,70,0
13604,69,0
13605,71,0
13606,71,0
13607,68,0
13608,68,0
13609,68,0
13610,67,0
13611,71,0
13612,72,0
13613,72,0
13614,72,0
13615,68,0
13616,71,0
13617,71,0
13618,69,0
13619,68,0
13620,72,0
13621,71,0
13622,69,0
13623,71,0
13624,68,0
13625,68,0
13626,69,0
13627,71,0
13628,70,0
13629,72,0
13630,72,0
13631,69,0
13632,71,0
13633,70,0
13634,70,0
13635,71,0
13636,70,0
13637,70,0
13638,71,0
13639,67,0
13640,71,0
13641,70,0
13642,71,0
13643,71,0
13644,70,0
13645,68,0
13646,72,0
13647,71,0
13648,67,0
13649,68,0
13650,70,0
13651,70,0
13652,68,0
13653,71,0
13654,67,0
13655,68,0
13656,70,0
13657,69,0
13658,69,0
13659,69,0
13660,71,0
13661,70,0
13662,70,0
13663,70,0
13664,67,0
13665,67,0
13666,68,0
13667,68,0
13668,68,0
13669,72,0
13670,72,0
13671,70,0
13672,73,0
13673,69,0
13674,69,0
13675,70,0
13676,68,0
13677,73,0
13678,71,0
13679,70,0
13680,68,0
13681,69,0
13682,71,0
13683,69,0
13684,69,0
13685,70,0
13686,71,0
13687,69,0
13688,69,0
13689,70,0
13690,73,0
13691,71,0
13692,70,0
13693,68,0
13694,71,0
13695,69,0
13696,71,0
13697,68,0
13698,71,0
13699,71,0
13700,70,0
13701,70,0
13702,71,0
13703,71,0
13704,70,0
13705,70,0
13706,69,0
13707,71,0
13708,70,0
13709,68,0
13710,70,0
13711,69,0
13712,69,0
13713,71,0
13714,70,0
13715,68,0
13716,72,0
13717,69,0
13718,69,0
13719,71,0
13720,71,0
13721,72,0
13722,68,0
13723,69,0
13724,71,0
13725,69,0
13726,69,0
13727,69,0
13728,67,0
13729,70,0
13730,70,0
13731,71,0
13732,69,0
13733,70,0
13734,71,0
13735,67,0
13736,71,0
13737,68,0
13738,70,0
13739,67,0
13740,67,0
13741,72,0
13742,70,0
13743,71,0
13744,71,0
13745,68,0
13746,70,0
13747,71,0
13748,71,0
13749,71,0
13750,68,0
13751,70,0
13752,70,0
13753,67,0
13754,71,0
13755,69,0
13756,70,0
13757,72,0
13758,69,0
13759,69,0
13760,70,0
13761,70,0
13762,69,0
13763,73,0
13764,69,0
13765,70,0
13766,68,0
13767,69,0
13768,69,0
13769,69,0
13770,70,0
13771,70,0
13772,70,0
13773,71,0
13774,68,0
13775,69,0
13776,71,0
13777,70,0
13778,68,0
13779,67,0
13780,71,0
13781,69,0
13782,70,0
13783,70,0
13784,71,0
13785,71,0
13786,70,0
13787,70,0
13788,70,0
13789,67,0
13790,69,0
13791,69,0
13792,70,0
13793,70,0
13794,71,0
13795,69,0
13796,67,0
13797,70,0
13798,70,0
13799,68,0
13800,69,0
13801,71,0
13802,71,0
13803,70,0
13804,72,0
13805,70,0
13806,70,0
13807,68,0
13808,67,0
13809,71,0
13810,69,0
13811,68,0
13812,72,0
13813,73,0
13814,69,0
13815,69,0
13816,70,0
13817,70,0
13818,72,0
13819,69,0
13820,70,0
13821,71,0
13822,69,0
13823,70,0
13824,70,0
13825,70,0
13826,71,0
13827,71,0
13828,69,0
13829,70,0
13830,68,0
13831,70,0
13832,70,0
13833,69,0
13834,69,0
13835,71,0
13836,71,0
13837,68,0
13838,68,0
13839,73,0
13840,69,0
13841,70,0
13842,72,0
13843,69,0
13844,69,0
13845,70,0
13846,70,0
13847,68,0
13848,70,0
13849,71,0
13850,67,0
13851,67,0
13852,70,0
13853,70,0
13854,69,0
13855,71,0
13856,70,0
13857,70,0
13858,72,0
13859,71,0
13860,69,0
13861,68,0
13862,72,0
13863,70,0
13864,71,0
13865,70,0
13866,67,0
13867,67,0
13868,70,0
13869,70,0
13870,71,0
13871,67,0
13872,68,0
13873,70,0
13874,69,0
13875,67,0
13876,72,0
13877,70,0
13878,71,0
13879,71,0
13880,66,0
13881,69,0
13882,67,0
13883,70,0
13884,70,0
13885,65,0
13886,71,0
13887,71,0
13888,69,0
13889,70,0
13890,72,0
13891,73,0
13892,69,0
13893,70,0
13894,70,0
13895,71,0
13896,71,0
13897,69,0
13898,69,0
13899,70,0
13900,67,0
13901,67,0
13902,71,0
13903,68,0
13904,70,0
13905,70,0
13906,69,0
13907,69,0
13908,70,0
13909,70,0
13910,69,0
13911,69,0
13912,71,0
13913,70,0
13914,70,0
13915,69,0
13916,69,0
13917,67,0
13918,70,0
13919,70,0
13920,71,0
13921,71,0
13922,70,0
13923,70,0
13924,69,0
13925,69,0
13926,70,0
13927,70,0
13928,72,0
13929,67,0
13930,67,0
13931,69,0
13932,72,0
13933,70,0
13934,70,0
13935,69,0
13936,71,0
13937,72,0
13938,69,0
13939,70,0
13940,70,0
13941,68,0
13942,71,0
13943,69,0
13944,71,0
13945,70,0
13946,70,0
13947,67,0
13948,71,0
13949,70,0
13950,70,0
13951,71,0
13952,71,0
13953,71,0
13954,68,0
13955,70,0
13956,69,0
13957,67,0
13958,72,0
13959,68,0
13960,72,0
13961,71,0
13962,71,0
13963,69,0
13964,70,0
13965,68,0
13966,70,0
13967,69,0
13968,71,0
13969,72,0
13970,70,0
13971,71,0
13972,71,0
13973,68,0
13974,70,0
13975,71,0
13976,67,0
13977,68,0
13978,69,0
13979,70,0
13980,70,0
13981,67,0
13982,71,0
13983,71,0
13984,70,0
13985,70,0
13986,68,0
13987,69,0
13988,67,0
13989,72,0
13990,71,0
13991,70,0
13992,71,0
13993,70,0
13994,70,0
13995,67,0
13996,69,0
13997,69,0
13998,70,0
13999,70,0
14000,68,0
14001,71,0
14002,67,0
14003,70,0
14004,69,0
14005,71,0
14006,69,0
14007,69,0
14008,70,0
14009,68,0
14010,67,0
14011,71,0
14012,70,0
14013,70,0
14014,71,0
14015,69,0
14016,70,0
14017,71,0
14018,70,0
14019,70,0
14020,65,0
14021,71,0
14022,69,0
14023,70,0
14024,67,0
14025,71,0
14026,68,0
14027,70,0
14028,71,0
14029,69,0
14030,69,0
14031,72,0
14032,70,0
14033,69,0
14034,67,0
14035,70,0
14036,70,0
14037,69,0
14038,67,0
14039,71,0
14040,72,0
14041,68,0
14042,69,0
14043,69,0
14044,70,0
14045,70,0
14046,68,0
14047,70,0
14048,69,0
14049,69,0
14050,70,0
14051,70,0
14052,69,0
14053,67,0
14054,69,0
14055,68,0
14056,68,0
14057,70,0
14058,69,0
14059,67,0
14060,69,0
14061,71,0
14062,68,0
14063,68,0
14064,67,0
14065,73,0
14066,71,0
14067,69,0
14068,72,0
14069,68,0
14070,70,0
14071,69,0
14072,69,0
14073,70,0
14074,70,0
14075,71,0
14076,69,0
14077,69,0
14078,69,0
14079,68,0
14080,70,0
14081,69,0
14082,67,0
14083,70,0
14084,68,0
14085,65,0
14086,70,0
14087,68,0
14088,70,0
14089,68,0
14090,67,0
14091,69,0
14092,70,0
14093,68,0
14094,71,0
14095,69,0
14096,69,0
14097,70,0
14098,68,0
14099,65,0
14100,69,0
14101,68,0
14102,72,0
14103,70,0
14104,71,0
14105,71,0
14106,68,0
14107,70,0
14108,68,0
14109,71,0
14110,71,0
14111,71,0
14112,68,0
14113,68,0
14114,70,0
14115,67,0
14116,69,0
14117,71,0
14118,72,0
14119,68,0
14120,68,0
14121,71,0
14122,71,0
14123,71,0
14124,70,0
14125,70,0
14126,70,0
14127,69,0
14128,71,0
14129,68,0
14130,70,0
14131,70,0
14132,69,0
14133,69,0
14134,69,0
14135,67,0
14136,72,0
14137,70,0
14138,68,0
14139,69,0
14140,69,0
14141,71,0
14142,70,0
14143,70,0
14144,70,0
14145,65,0
14146,69,0
14147,70,0
14148,70,0
14149,71,0
14150,71,0
14151,69,0
14152,70,0
14153,68,0
14154,70,0
14155,69,0
14156,71,0
14157,70,0
14158,70,0
14159,69,0
14160,68,0
14161,71,0
14162,71,0
14163,68,0
14164,72,0
14165,67,0
14166,71,0
14167,71,0
14168,72,0
14169,70,0
14170,71,0
14171,71,0
14172,71,0
14173,69,0
14174,72,0
14175,70,0
14176,69,0
14177,69,0
14178,69,0
14179,70,0
14180,70,0
14181,71,0
14182,71,0
14183,69,0
14184,71,0
14185,70,0
14186,70,0
14187,72,0
14188,71,0
14189,69,0
14190,69,0
14191,69,0
14192,70,0
14193,70,0
14194,69,0
14195,69,0
14196,70,0
14197,71,0
14198,67,0
14199,67,0
14200,70,0
14201,68,0
14202,71,0
14203,69,0
14204,68,0
14205,70,0
14206,67,0
14207,71,0
14208,73,0
14209,69,0
14210,69,0
14211,68,0
14212,70,0
14213,67,0
14214,68,0
14215,68,0
14216,70,0
14217,71,0
14218,67,0
14219,70,0
14220,70,0
14221,67,0
14222,71,0
14223,70,0
14224,69,0
14225,69,0
14226,67,0
14227,71,0
14228,70,0
14229,70,0
14230,73,0
14231,71,0
14232,71,0
14233,72,0
14234,69,0
14235,69,0
14236,72,0
14237,70,0
14238,73,0
14239,71,0
14240,70,0
14241,68,0
14242,68,0
14243,69,0
14244,69,0
14245,71,0
14246,71,0
14247,72,0
14248,70,0
14249,71,0
14250,67,0
14251,70,0
14252,70,0
14253,73,0
14254,71,0
14255,70,0
14256,72,0
14257,68,0
14258,69,0
14259,67,0
14260,70,0
14261,70,0
14262,67,0
14263,69,0
14264,70,0
14265,72,0
14266,69,0
14267,71,0
14268,70,0
14269,70,0
14270,71,0
14271,69,0
14272,71,0
14273,70,0
14274,68,0
14275,71,0
14276,71,0
14277,70,0
14278,70,0
14279,70,0
14280,68,0
14281,70,0
14282,67,0
14283,71,0
14284,71,0
14285,70,0
14286,70,0
14287,68,0
14288,68,0
14289,71,0
14290,69,0
14291,70,0
14292,72,0
14293,70,0
14294,73,0
14295,71,0
14296,72,0
14297,68,0
14298,69,0
14299,68,0
14300,70,0
14301,67,0
14302,69,0
14303,73,0
14304,72,0
14305,70,0
14306,70,0
14307,72,0
14308,69,0
14309,71,0
14310,70,0
14311,70,0
14312,72,0
14313,68,0
14314,69,0
14315,71,0
14316,67,0
14317,69,0
14318,70,0
14319,68,0
14320,71,0
14321,71,0
14322,68,0
14323,70,0
14324,69,0
14325,67,0
14326,72,0
14327,70,0
14328,71,0
14329,71,0
14330,70,0
14331,68,0
14332,69,0
14333,67,0
14334,69,0
14335,70,0
14336,70,0
14337,68,0
14338,70,0
14339,67,0
14340,71,0
14341,67,0
14342,70,0
14343,68,0
14344,70,0
14345,68,0
14346,68,0
14347,67,0
14348,69,0
14349,69,0
14350,68,0
14351,68,0
14352,69,0
14353,69,0
14354,71,0
14355,69,0
14356,70,0
14357,70,0
14358,68,0
14359,69,0
14360,71,0
14361,69,0
14362,70,0
14363,72,0
14364,70,0
14365,67,0
14366,67,0
14367,70,0
14368,70,0
14369,71,0
14370,71,0
14371,69,0
14372,70,0
14373,68,0
14374,71,0
14375,71,0
14376,69,0
14377,70,0
14378,70,0
14379,69,0
14380,69,0
14381,70,0
14382,70,0
14383,69,0
14384,73,0
14385,70,0
14386,68,0
14387,71,0
14388,70,0
14389,70,0
14390,69,0
14391,73,0
14392,69,0
14393,70,0
14394,70,0
14395,70,0
14396,67,0
14397,69,0
14398,69,0
14399,71,0
14400,68,0
14401,72,0
14402,70,0
14403,69,0
14404,71,0
14405,71,0
14406,69,0
14407,70,0
14408,68,0
14409,72,0
14410,71,0
14411,71,0
14412,67,0
14413,71,0
14414,73,0
14415,67,0
14416,69,0
14417,72,0
14418,68,0
14419,70,0
14420,71,0
14421,67,0
14422,68,0
14423,69,0
14424,69,0
14425,68,0
14426,70,0
14427,69,0
14428,71,0
14429,68,0
14430,68,0
14431,70,0
14432,67,0
14433,69,0
14434,70,0
14435,68,0
14436,67,0
14437,71,0
14438,70,0
14439,70,0
14440,70,0
14441,69,0
14442,71,0
14443,70,0
14444,67,0
14445,71,0
14446,70,0
14447,70,0
14448,68,0
14449,69,0
14450,69,0
14451,72,0
14452,70,0
14453,70,0
14454,67,0
14455,69,0
14456,72,0
14457,70,0
14458,71,0
14459,69,0
14460,69,0
14461,72,0
14462,70,0
14463,69,0
14464,71,0
14465,71,0
14466,72,0
14467,70,0
14468,71,0
14469,71,0
14470,70,0
14471,70,0
14472,72,0
14473,69,0
14474,71,0
14475,67,0
14476,67,0
14477,69,0
14478,69,0
14479,68,0
14480,70,0
14481,71,0
14482,69,0
14483,70,0
14484,70,0
14485,70,0
14486,70,0
14487,68,0
14488,69,0
14489,71,0
14490,69,0
14491,68,0
14492,72,0
14493,69,0
14494,71,0
14495,69,0
14496,72,0
14497,70,0
14498,70,0
14499,71,0
14500,71,0
14501,70,0
14502,70,0
14503,70,0
14504,68,0
14505,71,0
14506,69,0
14507,67,0
14508,70,0
14509,70,0
14510,70,0
14511,71,0
14512,67,0
14513,69,0
14514,71,0
14515,70,0
14516,70,0
14517,71,0
14518,71,0
14519,71,0
14520,70,0
14521,72,0
14522,65,0
14523,67,0
14524,68,0
14525,70,0
14526,71,0
14527,71,0
14528,67,0
14529,68,0
14530,70,0
14531,69,0
14532,71,0
14533,71,0
14534,68,0
14535,70,0
14536,69,0
14537,69,0
14538,70,0
14539,70,0
14540,70,0
14541,69,0
14542,69,0
14543,70,0
14544,70,0
14545,70,0
14546,68,0
14547,67,0
14548,71,0
14549,71,0
14550,72,0
14551,68,0
14552,71,0
14553,67,0
14554,71,0
14555,69,0
14556,70,0
14557,68,0
14558,68,0
14559,71,0
14560,71,0
14561,71,0
14562,68,0
14563,70,0
14564,67,0
14565,71,0
14566,71,0
14567,71,0
14568,70,0
14569,68,0
14570,70,0
14571,71,0
14572,67,0
14573,69,0
14574,68,0
14575,70,0
14576,65,0
14577,71,0
14578,71,0
14579,69,0
14580,68,0
14581,70,0
14582,71,0
14583,67,0
14584,68,0
14585,70,0
14586,71,0
14587,69,0
14588,69,0
14589,70,0
14590,70,0
14591,68,0
14592,67,0
14593,71,0
14594,70,0
14595,68,0
14596,72,0
14597,71,0
14598,67,0
14599,70,0
14600,70,0
14601,70,0
14602,70,0
14603,69,0
14604,69,0
14605,69,0
14606,70,0
14607,68,0
14608,72,0
14609,71,0
14610,69,0
14611,70,0
14612,70,0
14613,67,0
14614,69,0
14615,72,0
14616,70,0
14617,69,0
14618,69,0
14619,71,0
14620,70,0
14621,70,0
14622,68,0
14623,70,0
14624,73,0
14625,69,0
14626,70,0
14627,68,0
14628,71,0
14629,71,0
14630,72,0
14631,70,0
14632,69,0
14633,71,0
14634,72,0
14635,70,0
14636,70,0
14637,68,0
14638,69,0
14639,71,0
14640,68,0
14641,70,0
14642,69,0
14643,70,0
14644,70,0
14645,69,0
14646,67,0
14647,71,0
14648,70,0
14649,70,0
14650,70,0
14651,73,0
14652,70,0
14653,70,0
14654,67,0
14655,69,0
14656,68,0
14657,70,0
14658,69,0
14659,71,0
14660,68,0
14661,70,0
14662,73,0
14663,67,0
14664,69,0
14665,72,0
14666,66,0
14667,71,0
14668,69,0
14669,68,0
14670,70,0
14671,71,0
14672,71,0
14673,71,0
14674,70,0
14675,65,0
14676,67,0
14677,69,0
14678,69,0
14679,70,0
14680,70,0
14681,70,0
14682,69,0
14683,67,0
14684,71,0
14685,68,0
14686,70,0
14687,68,0
14688,70,0
14689,67,0
14690,71,0
14691,69,0
14692,71,0
14693,72,0
14694,72,0
14695,70,0
14696,70,0
14697,67,0
14698,67,0
14699,70,0
14700,68,0
14701,69,0
14702,71,0
14703,71,0
14704,72,0
14705,72,0
14706,69,0
14707,71,0
14708,71,0
14709,69,0
14710,67,0
14711,70,0
14712,69,0
14713,69,0
14714,69,0
14715,68,0
14716,72,0
14717,71,0
14718,69,0
14719,72,0
14720,70,0
14721,68,0
14722,69,0
14723,71,0
14724,68,0
14725,70,0
14726,68,0
14727,67,0
14728,67,0
14729,69,0
14730,71,0
14731,69,0
14732,72,0
14733,70,0
14734,68,0
14735,69,0
14736,67,0
14737,71,0
14738,71,0
14739,70,0
14740,70,0
14741,68,0
14742,69,0
14743,67,0
14744,71,0
14745,71,0
14746,67,0
14747,67,0
14748,73,0
14749,71,0
14750,72,0
14751,70,0
14752,70,0
14753,68,0
14754,66,0
14755,73,0
14756,67,0
14757,72,0
14758,70,0
14759,71,0
14760,71,0
14761,68,0
14762,70,0
14763,69,0
14764,71,0
14765,70,0
14766,70,0
14767,68,0
14768,71,0
14769,69,0
14770,68,0
14771,70,0
14772,71,0
14773,69,0
14774,70,0
14775,68,0
14776,70,0
14777,71,0
14778,67,0
14779,70,0
14780,68,0
14781,69,0
14782,71,0
14783,70,0
14784,72,0
14785,70,0
14786,69,0
14787,69,0
14788,71,0
14789,70,0
14790,68,0
14791,68,0
14792,71,0
14793,71,0
14794,71,0
14795,69,0
14796,70,0
14797,72,0
14798,67,0
14799,67,0
14800,71,0
14801,70,0
14802,72,0
14803,70,0
14804,70,0
14805,73,0
14806,69,0
14807,69,0
14808,72,0
14809,72,0
14810,73,0
14811,71,0
14812,70,0
14813,70,0
14814,70,0
14815,69,0
14816,71,0
14817,68,0
14818,70,0
14819,67,0
14820,71,0
14821,71,0
14822,70,0
14823,72,0
14824,71,0
14825,67,0
14826,70,0
14827,72,0
14828,71,0
14829,71,0
14830,69,0
14831,70,0
14832,69,0
14833,70,0
14834,69,0
14835,69,0
14836,71,0
14837,72,0
14838,68,0
14839,71,0
14840,71,0
14841,69,0
14842,68,0
14843,70,0
14844,69,0
14845,73,0
14846,69,0
14847,68,0
14848,70,0
14849,67,0
14850,69,0
14851,69,0
14852,70,0
14853,70,0
14854,71,0
14855,71,0
14856,70,0
14857,68,0
14858,68,0
14859,68,0
14860,69,0
14861,67,0
14862,68,0
14863,70,0
14864,70,0
14865,67,0
14866,70,0
14867,71,0
14868,67,0
14869,68,0
14870,68,0
14871,71,0
14872,70,0
14873,67,0
14874,67,0
14875,72,0
14876,68,0
14877,69,0
14878,69,0
14879,69,0
14880,70,0
14881,68,0
14882,69,0
14883,67,0
14884,68,0
14885,70,0
14886,67,0
14887,69,0
14888,67,0
14889,71,0
14890,70,0
14891,72,0
14892,69,0
14893,69,0
14894,68,0
14895,70,0
14896,71,0
14897,71,0
14898,70,0
14899,70,0
14900,70,0
14901,69,0
14902,69,0
14903,69,0
14904,70,0
14905,70,0
14906,70,0
14907,72,0
14908,70,0
14909,69,0
14910,69,0
14911,69,0
14912,70,0
14913,70,0
14914,67,0
14915,71,0
14916,71,0
14917,70,0
14918,70,0
14919,69,0
14920,69,0
14921,71,0
14922,69,0
14923,71,0
14924,69,0
14925,68,0
14926,68,0
14927,71,0
14928,67,0
14929,70,0
14930,68,0
14931,69,0
14932,70,0
14933,70,0
14934,71,0
14935,69,0
14936,71,0
14937,68,0
14938,72,0
14939,67,0
14940,67,0
14941,69,0
14942,70,0
14943,72,0
14944,69,0
14945,71,0
14946,69,0
14947,68,0
14948,70,0
14949,68,0
14950,69,0
14951,69,0
14952,69,0
14953,70,0
14954,72,0
14955,70,0
14956,71,0
14957,69,0
14958,70,0
14959,72,0
14960,71,0
14961,69,0
14962,70,0
14963,68,0
14964,71,0
14965,69,0
14966,70,0
14967,68,0
14968,69,0
14969,69,0
14970,70,0
14971,69,0
14972,72,0
14973,72,0
14974,67,0
14975,69,0
14976,67,0
14977,68,0
14978,68,0
14979,73,0
14980,69,0
14981,67,0
14982,71,0
14983,70,0
14984,68,0
14985,69,0
14986,73,0
14987,71,0
14988,70,0
14989,70,0
14990,69,0
14991,71,0
14992,68,0
14993,70,0
14994,71,0
14995,71,0
14996,69,0
14997,70,0
14998,68,0
14999,70,0
15000,67,0
15001,67,0
15002,68,0
15003,67,0
15004,70,0
15005,68,0
15006,71,0
15007,67,0
15008,69,0
15009,68,0
15010,70,0
15011,67,0
15012,69,0
15013,67,0
15014,67,0
15015,70,0
15016,68,0
15017,70,0
15018,69,0
15019,71,0
15020,69,0
15021,70,0
15022,68,0
15023,69,0
15024,69,0
15025,70,0
15026,70,0
15027,70,0
15028,69,0
15029,69,0
15030,68,0
15031,72,0
15032,69,0
15033,71,0
15034,71,0
15035,70,0
15036,70,0
15037,68,0
15038,69,0
15039,67,0
15040,72,0
15041,68,0
15042,71,0
15043,67,0
15044,72,0
15045,70,0
15046,70,0
15047,69,0
15048,67,0
15049,71,0
15050,69,0
15051,72,0
15052,72,0
15053,68,0
15054,70,0
15055,69,0
15056,71,0
15057,70,0
15058,70,0
15059,67,0
15060,67,0
15061,71,0
15062,69,0
15063,70,0
15064,70,0
15065,68,0
15066,71,0
15067,71,0
15068,70,0
15069,72,0
15070,68,0
15071,71,0
15072,69,0
15073,72,0
15074,70,0
15075,70,0
15076,71,0
15077,71,0
15078,70,0
15079,68,0
15080,68,0
15081,68,0
15082,69,0
15083,71,0
15084,69,0
15085,68,0
15086,70,0
15087,70,0
15088,70,0
15089,68,0
15090,70,0
15091,69,0
15092,67,0
15093,68,0
15094,70,0
15095,70,0
15096,70,0
15097,67,0
15098,69,0
15099,71,0
15100,70,0
15101,70,0
15102,71,0
15103,69,0
15104,68,0
15105,67,0
15106,69,0
15107,70,0
15108,72,0
15109,71,0
15110,71,0
15111,70,0
15112,70,0
15113,67,0
15114,70,0
15115,73,0
15116,67,0
15117,69,0
15118,70,0
15119,70,0
15120,70,0
15121,67,0
15122,69,0
15123,71,0
15124,71,0
15125,68,0
15126,70,0
15127,70,0
15128,71,0
15129,71,0
15130,71,0
15131,70,0
15132,70,0
15133,70,0
15134,71,0
15135,67,0
15136,72,0
15137,71,0
15138,69,0
15139,68,0
15140,68,0
15141,72,0
15142,67,0
15143,67,0
15144,69,0
15145,68,0
15146,70,0
15147,70,0
15148,71,0
15149,69,0
15150,70,0
15151,70,0
15152,70,0
15153,71,0
15154,69,0
15155,68,0
15156,68,0
15157,67,0
15158,70,0
15159,67,0
15160,68,0
15161,73,0
15162,71,0
15163,71,0
15164,72,0
15165,70,0
15166,70,0
15167,69,0
15168,71,0
15169,69,0
15170,70,0
15171,70,0
15172,73,0
15173,69,0
15174,70,0
15175,70,0
15176,70,0
15177,70,0
15178,67,0
15179,69,0
15180,72,0
15181,70,0
15182,67,0
15183,72,0
15184,70,0
15185,73,0
15186,65,0
15187,69,0
15188,70,0
15189,70,0
15190,70,0
15191,69,0
15192,67,0
15193,70,0
15194,68,0
15195,67,0
15196,71,0
15197,71,0
15198,68,0
15199,70,0
15200,69,0
15201,67,0
15202,70,0
15203,68,0
15204,68,0
15205,73,0
15206,71,0
15207,67,0
15208,68,0
15209,70,0
15210,71,0
15211,67,0
15212,70,0
15213,70,0
15214,73,0
15215,67,0
15216,70,0
15217,68,0
15218,70,0
15219,70,0
15220,69,0
15221,69,0
15222,70,0
15223,68,0
15224,70,0
15225,69,0
15226,71,0
15227,67,0
15228,70,0
15229,68,0
15230,70,0
15231,67,0
15232,69,0
15233,67,0
15234,72,0
15235,70,0
15236,68,0
15237,67,0
15238,71,0
15239,71,0
15240,68,0
15241,68,0
15242,70,0
15243,69,0
15244,69,0
15245,69,0
15246,67,0
15247,71,0
15248,72,0
15249,71,0
15250,70,0
15251,70,0
15252,68,0
15253,69,0
15254,69,0
15255,69,0
15256,68,0
15257,68,0
15258,72,0
15259,69,0
15260,71,0
15261,68,0
15262,70,0
15263,68,0
15264,69,0
15265,71,0
15266,69,0
15267,72,0
15268,70,0
15269,67,0
15270,67,0
15271,67,0
15272,70,0
15273,68,0
15274,69,0
15275,69,0
15276,70,0
15277,70,0
15278,73,0
15279,67,0
15280,68,0
15281,70,0
15282,69,0
15283,71,0
15284,69,0
15285,72,0
15286,70,0
15287,71,0
15288,69,0
15289,70,0
15290,70,0
15291,73,0
15292,71,0
15293,70,0
15294,70,0
15295,71,0
15296,69,0
15297,67,0
15298,70,0
15299,72,0
15300,69,0
15301,71,0
15302,70,0
15303,70,0
15304,71,0
15305,71,0
15306,70,0
15307,70,0
15308,69,0
15309,67,0
15310,69,0
15311,70,0
15312,69,0
15313,67,0
15314,69,0
15315,67,0
15316,70,0
15317,70,0
15318,69,0
15319,69,0
15320,68,0
15321,68,0
15322,71,0
15323,69,0
15324,70,0
15325,70,0
15326,71,0
15327,69,0
15328,68,0
15329,70,0
15330,70,0
15331,71,0
15332,71,0
15333,71,0
15334,68,0
15335,71,0
15336,71,0
15337,68,0
15338,68,0
15339,71,0
15340,71,0
15341,69,0
15342,70,0
15343,71,0
15344,67,0
15345,68,0
15346,70,0
15347,69,0
15348,69,0
15349,69,0
15350,69,0
15351,68,0
15352,68,0
15353,69,0
15354,71,0
15355,68,0
15356,71,0
15357,69,0
15358,71,0
15359,70,0
15360,72,0
15361,70,0
15362,71,0
15363,71,0
15364,69,0
15365,73,0
15366,71,0
15367,71,0
15368,70,0
15369,70,0
15370,69,0
15371,73,0
15372,69,0
15373,71,0
15374,68,0
15375,70,0
15376,70,0
15377,70,0
15378,67,0
15379,69,0
15380,70,0
15381,71,0
15382,68,0
15383,69,0
15384,67,0
15385,69,0
15386,70,0
15387,70,0
15388,68,0
15389,69,0
15390,71,0
15391,69,0
15392,72,0
15393,70,0
15394,72,0
15395,65,0
15396,69,0
15397,68,0
15398,69,0
15399,71,0
15400,70,0
15401,68,0
15402,69,0
15403,71,0
15404,70,0
15405,68,0
15406,68,0
15407,68,0
15408,71,0
15409,67,0
15410,70,0
15411,68,0
15412,71,0
15413,69,0
15414,71,0
15415,70,0
15416,70,0
15417,70,0
15418,71,0
15419,69,0
15420,70,0
15421,69,0
15422,73,0
15423,72,0
15424,77,0
15425,71,0
15426,70,0
15427,70,0
15428,71,0
15429,69,0
15430,68,0
15431,72,0
15432,71,0
15433,69,0
15434,70,0
15435,71,0
15436,71,0
15437,67,0
15438,68,0
15439,68,0
15440,71,0
15441,71,0
15442,70,0
15443,72,0
15444,70,0
15445,69,0
15446,69,0
15447,70,0
15448,68,0
15449,71,0
15450,69,0
15451,71,0
15452,68,0
15453,72,0
15454,69,0
15455,67,0
15456,69,0
15457,67,0
15458,68,0
15459,70,0
15460,71,0
15461,67,0
15462,69,0
15463,70,0
15464,70,0
15465,69,0
15466,67,0
15467,70,0
15468,70,0
15469,70,0
15470,69,0
15471,71,0
15472,70,0
15473,72,0
15474,71,0
15475,69,0
15476,71,0
15477,70,0
15478,70,0
15479,70,0
15480,67,0
15481,69,0
15482,70,0
15483,70,0
15484,71,0
15485,69,0
15486,71,0
15487,70,0
15488,70,0
15489,70,0
15490,71,0
15491,72,0
15492,70,0
15493,71,0
15494,71,0
15495,71,0
15496,68,0
15497,72,0
15498,73,0
15499,69,0
15500,68,0
15501,72,0
15502,71,0
15503,67,0
15504,69,0
15505,70,0
15506,68,0
15507,71,0
15508,67,0
15509,70,0
15510,71,0
15511,70,0
15512,70,0
15513,69,0
15514,69,0
15515,70,0
15516,70,0
15517,69,0
15518,69,0
15519,68,0
15520,70,0
15521,70,0
15522,68,0
15523,67,0
15524,71,0
15525,69,0
15526,68,0
15527,71,0
15528,67,0
15529,70,0
15530,70,0
15531,69,0
15532,71,0
15533,70,0
15534,70,0
15535,73,0
15536,73,0
15537,68,0
15538,70,0
15539,69,0
15540,69,0
15541,70,0
15542,72,0
15543,69,0
15544,69,0
15545,67,0
15546,69,0
15547,69,0
15548,69,0
15549,70,0
15550,72,0
15551,67,0
15552,71,0
15553,69,0
15554,70,0
15555,70,0
15556,71,0
15557,69,0
15558,69,0
15559,70,0
15560,70,0
15561,69,0
15562,67,0
15563,72,0
15564,68,0
15565,69,0
15566,69,0
15567,70,0
15568,70,0
15569,69,0
15570,70,0
15571,69,0
15572,71,0
15573,72,0
15574,70,0
15575,69,0
15576,67,0
15577,68,0
15578,70,0
15579,67,0
15580,71,0
15581,70,0
15582,70,0
15583,70,0
15584,67,0
15585,71,0
15586,68,0
15587,68,0
15588,67,0
15589,71,0
15590,69,0
15591,72,0
15592,70,0
15593,71,0
15594,71,0
15595,71,0
15596,72,0
15597,70,0
15598,68,0
15599,71,0
15600,71,0
15601,67,0
15602,70,0
15603,70,0
15604,71,0
15605,69,0
15606,69,0
15607,69,0
15608,72,0
15609,72,0
15610,71,0
15611,70,0
15612,69,0
15613,67,0
15614,72,0
15615,68,0
15616,67,0
15617,69,0
15618,72,0
15619,70,0
15620,72,0
15621,70,0
15622,70,0
15623,70,0
15624,69,0
15625,71,0
15626,70,0
15627,70,0
15628,69,0
15629,71,0
15630,71,0
15631,70,0
15632,70,0
15633,68,0
15634,69,0
15635,71,0
15636,71,0
15637,72,0
15638,70,0
15639,69,0
15640,70,0
15641,68,0
15642,70,0
15643,70,0
15644,67,0
15645,68,0
15646,70,0
15647,69,0
15648,69,0
15649,72,0
15650,70,0
15651,71,0
15652,67,0
15653,70,0
15654,70,0
15655,67,0
15656,69,0
15657,70,0
15658,70,0
15659,67,0
15660,71,0
15661,67,0
15662,68,0
15663,70,0
15664,69,0
15665,69,0
15666,68,0
15667,70,0
15668,70,0
15669,69,0
15670,69,0
15671,70,0
15672,70,0
15673,71,0
15674,69,0
15675,70,0
15676,70,0
15677,67,0
15678,69,0
15679,70,0
15680,70,0
15681,67,0
15682,69,0
15683,67,0
15684,70,0
15685,70,0
15686,69,0
15687,69,0
15688,70,0
15689,67,0
15690,67,0
15691,67,0
15692,70,0
15693,68,0
15694,71,0
15695,71,0
15696,70,0
15697,72,0
15698,71,0
15699,71,0
15700,70,0
15701,70,0
15702,67,0
15703,69,0
15704,68,0
15705,68,0
15706,70,0
15707,68,0
15708,71,0
15709,71,0
15710,72,0
15711,70,0
15712,70,0
15713,70,0
15714,67,0
15715,71,0
15716,70,0
15717,70,0
15718,67,0
15719,69,0
15720,70,0
15721,69,0
15722,69,0
15723,68,0
15724,68,0
15725,70,0
15726,66,0
15727,71,0
15728,71,0
15729,70,0
15730,68,0
15731,67,0
15732,71,0
15733,70,0
15734,70,0
15735,66,0
15736,71,0
15737,67,0
15738,72,0
15739,70,0
15740,67,0
15741,67,0
15742,67,0
15743,70,0
15744,69,0
15745,70,0
15746,68,0
15747,68,0
15748,70,0
15749,67,0
15750,67,0
15751,70,0
15752,68,0
15753,67,0
15754,70,0
15755,69,0
15756,67,0
15757,70,0
15758,70,0
15759,69,0
15760,71,0
15761,68,0
15762,70,0
15763,67,0
15764,69,0
15765,67,0
15766,70,0
15767,68,0
15768,70,0
15769,69,0
15770,71,0
15771,69,0
15772,70,0
15773,70,0
15774,71,0
15775,69,0
15776,68,0
15777,70,0
15778,68,0
15779,69,0
15780,69,0
15781,71,0
15782,70,0
15783,72,0
15784,69,0
15785,71,0
15786,71,0
15787,68,0
15788,68,0
15789,71,0
15790,69,0
15791,70,0
15792,68,0
15793,70,0
15794,71,0
15795,67,0
15796,67,0
15797,68,0
15798,70,0
15799,71,0
15800,71,0
15801,69,0
15802,68,0
15803,67,0
15804,69,0
15805,69,0
15806,70,0
15807,69,0
15808,71,0
15809,67,0
15810,70,0
15811,70,0
15812,69,0
15813,71,0
15814,69,0
15815,70,0
15816,72,0
15817,68,0
15818,69,0
15819,71,0
15820,69,0
15821,69,0
15822,69,0
15823,72,0
15824,68,0
15825,71,0
15826,69,0
15827,67,0
15828,68,0
15829,70,0
15830,69,0
15831,69,0
15832,71,0
15833,72,0
15834,70,0
15835,70,0
15836,70,0
15837,69,0
15838,73,0
15839,69,0
15840,70,0
15841,68,0
15842,73,0
15843,71,0
15844,69,0
15845,68,0
15846,70,0
15847,67,0
15848,71,0
15849,68,0
15850,70,0
15851,70,0
15852,67,0
15853,71,0
15854,69,0
15855,72,0
15856,70,0
15857,67,0
15858,67,0
15859,70,0
15860,71,0
15861,67,0
15862,72,0
15863,70,0
15864,73,0
15865,67,0
15866,71,0
15867,70,0
15868,70,0
15869,67,0
15870,71,0
15871,68,0
15872,70,0
15873,71,0
15874,71,0
15875,69,0
15876,68,0
15877,70,0
15878,67,0
15879,71,0
15880,70,0
15881,70,0
15882,73,0
15883,70,0
15884,73,0
15885,67,0
15886,68,0
15887,70,0
15888,70,0
15889,71,0
15890,67,0
15891,71,0
15892,70,0
15893,69,0
15894,71,0
15895,70,0
15896,70,0
15897,69,0
15898,71,0
15899,70,0
15900,70,0
15901,71,0
15902,69,0
15903,70,0
15904,70,0
15905,67,0
15906,69,0
15907,72,0
15908,72,0
15909,69,0
15910,71,0
15911,69,0
15912,70,0
15913,70,0
15914,71,0
15915,69,0
15916,67,0
15917,70,0
15918,72,0
15919,68,0
15920,72,0
15921,70,0
15922,70,0
15923,73,0
15924,69,0
15925,69,0
15926,70,0
15927,70,0
15928,73,0
15929,67,0
15930,68,0
15931,70,0
15932,67,0
15933,67,0
15934,69,0
15935,67,0
15936,70,0
15937,70,0
15938,69,0
15939,67,0
15940,71,0
15941,70,0
15942,72,0
15943,69,0
15944,73,0
15945,67,0
15946,68,0
15947,72,0
15948,71,0
15949,69,0
15950,70,0
15951,70,0
15952,71,0
15953,67,0
15954,69,0
15955,72,0
15956,70,0
15957,71,0
15958,67,0
15959,72,0
15960,68,0
15961,72,0
15962,72,0
15963,69,0
15964,71,0
15965,68,0
15966,65,0
15967,67,0
15968,70,0
15969,72,0
15970,70,0
15971,71,0
15972,70,0
15973,70,0
15974,70,0
15975,70,0
15976,69,0
15977,67,0
15978,69,0
15979,70,0
15980,72,0
15981,69,0
15982,69,0
15983,70,0
15984,70,0
15985,70,0
15986,68,0
15987,69,0
15988,67,0
15989,70,0
15990,69,0
15991,71,0
15992,72,0
15993,70,0
15994,69,0
15995,69,0
15996,70,0
15997,70,0
15998,71,0
15999,71,0
16000,72,0
16001,72,0
16002,73,0
16003,69,0
16004,70,0
16005,68,0
16006,71,0
16007,69,0
16008,70,0
16009,70,0
16010,67,0
16011,69,0
16012,67,0
16013,70,0
16014,68,0
16015,68,0
16016,69,0
16017,69,0
16018,71,0
16019,72,0
16020,71,0
16021,65,0
16022,69,0
16023,70,0
16024,72,0
16025,71,0
16026,69,0
16027,73,0
16028,69,0
16029,70,0
16030,68,0
16031,69,0
16032,69,0
16033,70,0
16034,70,0
16035,71,0
16036,67,0
16037,67,0
16038,70,0
16039,70,0
16040,69,0
16041,69,0
16042,71,0
16043,72,0
16044,68,0
16045,71,0
16046,71,0
16047,71,0
16048,68,0
16049,70,0
16050,71,0
16051,71,0
16052,72,0
16053,72,0
16054,69,0
16055,67,0
16056,72,0
16057,68,0
16058,70,0
16059,67,0
16060,71,0
16061,70,0
16062,72,0
16063,67,0
16064,70,0
16065,68,0
16066,67,0
16067,71,0
16068,70,0
16069,68,0
16070,67,0
16071,67,0
16072,72,0
16073,70,0
16074,70,0
16075,65,0
16076,67,0
16077,71,0
16078,67,0
16079,71,0
16080,69,0
16081,70,0
16082,68,0
16083,67,0
16084,67,0
16085,68,0
16086,68,0
16087,68,0
16088,69,0
16089,69,0
16090,70,0
16091,68,0
16092,67,0
16093,67,0
16094,68,0
16095,68,0
16096,68,0
16097,71,0
16098,67,0
16099,66,0
16100,70,0
16101,67,0
16102,71,0
16103,70,0
16104,68,0
16105,68,0
16106,70,0
16107,71,0
16108,71,0
16109,68,0
16110,68,0
16111,69,0
16112,70,0
16113,67,0
16114,71,0
16115,68,0
16116,70,0
16117,69,0
16118,71,0
16119,68,0
16120,68,0
16121,67,0
16122,73,0
16123,69,0
16124,70,0
16125,70,0
16126,69,0
16127,67,0
16128,69,0
16129,70,0
16130,70,0
16131,70,0
16132,71,0
16133,71,0
16134,69,0
16135,70,0
16136,71,0
16137,69,0
16138,69,0
16139,71,0
16140,70,0
16141,70,0
16142,71,0
16143,67,0
16144,73,0
16145,72,0
16146,70,0
16147,69,0
16148,70,0
16149,71,0
16150,69,0
16151,69,0
16152,68,0
16153,70,0
16154,69,0
16155,70,0
16156,69,0
16157,71,0
16158,68,0
16159,70,0
16160,70,0
16161,69,0
16162,69,0
16163,70,0
16164,68,0
16165,71,0
16166,67,0
16167,71,0
16168,72,0
16169,68,0
16170,69,0
16171,69,0
16172,70,0
16173,71,0
16174,70,0
16175,70,0
16176,69,0
16177,71,0
16178,70,0
16179,72,0
16180,71,0
16181,69,0
16182,70,0
16183,70,0
16184,71,0
16185,69,0
16186,70,0
16187,67,0
16188,69,0
16189,71,0
16190,69,0
16191,68,0
16192,71,0
16193,69,0
16194,70,0
16195,70,0
16196,67,0
16197,71,0
16198,70,0
16199,70,0
16200,67,0
16201,69,0
16202,70,0
16203,70,0
16204,67,0
16205,69,0
16206,70,0
16207,71,0
16208,68,0
16209,68,0
16210,69,0
16211,65,0
16212,67,0
16213,71,0
16214,71,0
16215,68,0
16216,70,0
16217,70,0
16218,69,0
16219,69,0
16220,69,0
16221,72,0
16222,70,0
16223,71,0
16224,71,0
16225,68,0
16226,70,0
16227,69,0
16228,69,0
16229,72,0
16230,70,0
16231,68,0
16232,71,0
16233,69,0
16234,70,0
16235,71,0
16236,67,0
16237,70,0
16238,72,0
16239,69,0
16240,69,0
16241,67,0
16242,69,0
16243,67,0
16244,70,0
16245,72,0
16246,71,0
16247,67,0
16248,67,0
16249,68,0
16250,70,0
16251,70,0
16252,71,0
16253,67,0
16254,70,0
16255,70,0
16256,70,0
16257,69,0
16258,71,0
16259,71,0
16260,71,0
16261,72,0
16262,70,0
16263,67,0
16264,71,0
16265,70,0
16266,70,0
16267,70,0
16268,71,0
16269,69,0
16270,70,0
16271,68,0
16272,70,0
16273,71,0
16274,69,0
16275,71,0
16276,71,0
16277,70,0
16278,72,0
16279,67,0
16280,71,0
16281,71,0
16282,70,0
16283,71,0
16284,69,0
16285,71,0
16286,72,0
16287,68,0
16288,68,0
16289,69,0
16290,69,0
16291,68,0
16292,70,0
16293,67,0
16294,67,0
16295,70,0
16296,70,0
16297,69,0
16298,67,0
16299,71,0
16300,69,0
16301,71,0
16302,70,0
16303,70,0
16304,70,0
16305,67,0
16306,71,0
16307,70,0
16308,70,0
16309,70,0
16310,67,0
16311,67,0
16312,68,0
16313,72,0
16314,71,0
16315,73,0
16316,68,0
16317,68,0
16318,70,0
16319,71,0
16320,68,0
16321,70,0
16322,71,0
16323,69,0
16324,70,0
16325,70,0
16326,70,0
16327,73,0
16328,71,0
16329,72,0
16330,70,0
16331,68,0
16332,67,0
16333,69,0
16334,70,0
16335,70,0
16336,69,0
16337,67,0
16338,69,0
16339,70,0
16340,72,0
16341,71,0
16342,67,0
16343,69,0
16344,71,0
16345,70,0
16346,67,0
16347,71,0
16348,69,0
16349,72,0
16350,69,0
16351,70,0
16352,68,0
16353,73,0
16354,69,0
16355,68,0
16356,72,0
16357,70,0
16358,70,0
16359,69,0
16360,67,0
16361,70,0
16362,70,0
16363,70,0
16364,71,0
16365,69,0
16366,68,0
16367,72,0
16368,71,0
16369,67,0
16370,68,0
16371,68,0
16372,71,0
16373,69,0
16374,72,0
16375,70,0
16376,69,0
16377,67,0
16378,68,0
16379,70,0
16380,70,0
16381,70,0
16382,69,0
16383,69,0
16384,72,0
16385,72,0
16386,69,0
16387,67,0
16388,70,0
16389,70,0
16390,71,0
16391,69,0
16392,70,0
16393,70,0
16394,71,0
16395,69,0
16396,68,0
16397,70,0
16398,70,0
16399,69,0
16400,71,0
16401,70,0
16402,70,0
16403,67,0
16404,67,0
16405,72,0
16406,70,0
16407,71,0
16408,67,0
16409,70,0
16410,70,0
16411,73,0
16412,67,0
16413,70,0
16414,70,0
16415,73,0
16416,71,0
16417,70,0
16418,70,0
16419,68,0
16420,65,0
16421,67,0
16422,68,0
16423,70,0
16424,69,0
16425,69,0
16426,67,0
16427,68,0
16428,70,0
16429,69,0
16430,71,0
16431,70,0
16432,68,0
16433,65,0
16434,67,0
16435,71,0
16436,72,0
16437,70,0
16438,70,0
16439,69,0
16440,71,0
16441,67,0
16442,70,0
16443,72,0
16444,71,0
16445,67,0
16446,70,0
16447,70,0
16448,71,0
16449,71,0
16450,71,0
16451,71,0
16452,70,0
16453,72,0
16454,69,0
16455,69,0
16456,68,0
16457,70,0
16458,68,0
16459,72,0
16460,67,0
16461,71,0
16462,69,0
16463,70,0
16464,72,0
16465,69,0
16466,67,0
16467,70,0
16468,72,0
16469,69,0
16470,69,0
16471,68,0
16472,68,0
16473,70,0
16474,69,0
16475,68,0
16476,69,0
16477,71,0
16478,69,0
16479,70,0
16480,70,0
16481,68,0
16482,67,0
16483,65,0
16484,69,0
16485,70,0
16486,70,0
16487,70,0
16488,69,0
16489,71,0
16490,71,0
16491,67,0
16492,70,0
16493,70,0
16494,69,0
16495,67,0
16496,71,0
16497,68,0
16498,70,0
16499,70,0
16500,73,0
16501,69,0
16502,69,0
16503,70,0
16504,70,0
16505,67,0
16506,71,0
16507,70,0
16508,71,0
16509,70,0
16510,70,0
16511,70,0
16512,67,0
16513,69,0
16514,70,0
16515,68,0
16516,70,0
16517,72,0
16518,71,0
16519,71,0
16520,68,0
16521,70,0
16522,69,0
16523,70,0
16524,70,0
16525,70,0
16526,68,0
16527,71,0
16528,71,0
16529,70,0
16530,73,0
16531,69,0
16532,70,0
16533,70,0
16534,73,0
16535,71,0
16536,68,0
16537,71,0
16538,71,0
16539,70,0
16540,68,0
16541,69,0
16542,69,0
16543,68,0
16544,70,0
16545,71,0
16546,71,0
16547,69,0
16548,69,0
16549,68,0
16550,65,0
16551,71,0
16552,69,0
16553,68,0
16554,68,0
16555,71,0
16556,69,0
16557,69,0
16558,67,0
16559,71,0
16560,68,0
16561,68,0
16562,69,0
16563,71,0
16564,70,0
16565,67,0
16566,69,0
16567,69,0
16568,68,0
16569,70,0
16570,67,0
16571,69,0
16572,67,0
16573,70,0
16574,70,0
16575,71,0
16576,67,0
16577,70,0
16578,70,0
16579,69,0
16580,71,0
16581,70,0
16582,72,0
16583,69,0
16584,71,0
16585,69,0
16586,69,0
16587,70,0
16588,68,0
16589,69,0
16590,70,0
16591,70,0
16592,70,0
16593,70,0
16594,71,0
16595,67,0
16596,69,0
16597,70,0
16598,70,0
16599,69,0
16600,69,0
16601,71,0
16602,71,0
16603,68,0
16604,70,0
16605,69,0
16606,67,0
16607,69,0
16608,66,0
16609,69,0
16610,72,0
16611,71,0
16612,71,0
16613,70,0
16614,68,0
16615,69,0
16616,69,0
16617,70,0
16618,70,0
16619,68,0
16620,71,0
16621,69,0
16622,70,0
16623,70,0
16624,67,0
16625,69,0
16626,71,0
16627,69,0
16628,71,0
16629,69,0
16630,70,0
16631,70,0
16632,67,0
16633,69,0
16634,68,0
16635,68,0
16636,67,0
16637,69,0
16638,71,0
16639,68,0
16640,68,0
16641,71,0
16642,68,0
16643,71,0
16644,69,0
16645,68,0
16646,70,0
16647,70,0
16648,70,0
16649,70,0
16650,71,0
16651,67,0
16652,71,0
16653,69,0
16654,71,0
16655,70,0
16656,70,0
16657,67,0
16658,67,0
16659,70,0
16660,70,0
16661,68,0
16662,67,0
16663,69,0
16664,71,0
16665,67,0
16666,70,0
16667,68,0
16668,69,0
16669,71,0
16670,69,0
16671,69,0
16672,69,0
16673,68,0
16674,70,0
16675,71,0
16676,67,0
16677,71,0
16678,68,0
16679,68,0
16680,66,0
16681,69,0
16682,69,0
16683,69,0
16684,68,0
16685,70,0
16686,69,0
16687,69,0
16688,69,0
16689,71,0
16690,69,0
16691,70,0
16692,68,0
16693,70,0
16694,69,0
16695,71,0
16696,67,0
16697,70,0
16698,68,0
16699,70,0
16700,69,0
16701,67,0
16702,71,0
16703,68,0
16704,72,0
16705,70,0
16706,71,0
16707,69,0
16708,71,0
16709,68,0
16710,70,0
16711,71,0
16712,67,0
16713,68,0
16714,72,0
16715,70,0
16716,73,0
16717,71,0
16718,72,0
16719,70,0
16720,70,0
16721,69,0
16722,71,0
16723,67,0
16724,70,0
16725,70,0
16726,71,0
16727,71,0
16728,71,0
16729,71,0
16730,70,0
16731,70,0
16732,69,0
16733,68,0
16734,68,0
16735,69,0
16736,71,0
16737,67,0
16738,71,0
16739,70,0
16740,68,0
16741,71,0
16742,70,0
16743,71,0
16744,71,0
16745,68,0
16746,72,0
16747,67,0
16748,69,0
16749,69,0
16750,70,0
16751,70,0
16752,71,0
16753,68,0
16754,69,0
16755,71,0
16756,68,0
16757,70,0
16758,69,0
16759,71,0
16760,70,0
16761,70,0
16762,68,0
16763,71,0
16764,69,0
16765,70,0
16766,70,0
16767,69,0
16768,71,0
16769,67,0
16770,70,0
16771,70,0
16772,71,0
16773,71,0
16774,70,0
16775,68,0
16776,69,0
16777,69,0
16778,70,0
16779,70,0
16780,66,0
16781,69,0
16782,71,0
16783,70,0
16784,72,0
16785,70,0
16786,70,0
16787,70,0
16788,67,0
16789,69,0
16790,72,0
16791,70,0
16792,69,0
16793,69,0
16794,69,0
16795,70,0
16796,68,0
16797,67,0
16798,71,0
16799,69,0
16800,70,0
16801,70,0
16802,69,0
16803,68,0
16804,71,0
16805,71,0
16806,70,0
16807,70,0
16808,67,0
16809,71,0
16810,71,0
16811,70,0
16812,70,0
16813,71,0
16814,71,0
16815,69,0
16816,70,0
16817,68,0
16818,70,0
16819,71,0
16820,67,0
16821,72,0
16822,70,0
16823,69,0
16824,69,0
16825,71,0
16826,70,0
16827,68,0
16828,72,0
16829,70,0
16830,73,0
16831,69,0
16832,69,0
16833,68,0
16834,70,0
16835,68,0
16836,69,0
16837,71,0
16838,72,0
16839,72,0
16840,69,0
16841,71,0
16842,70,0
16843,70,0
16844,70,0
16845,67,0
16846,69,0
16847,69,0
16848,68,0
16849,70,0
16850,71,0
16851,69,0
16852,68,0
16853,72,0
16854,67,0
16855,71,0
16856,70,0
16857,70,0
16858,69,0
16859,69,0
16860,67,0
16861,68,0
16862,66,0
16863,67,0
16864,68,0
16865,70,0
16866,68,0
16867,68,0
16868,67,0
16869,67,0
16870,70,0
16871,69,0
16872,71,0
16873,70,0
16874,70,0
16875,69,0
16876,70,0
16877,70,0
16878,67,0
16879,67,0
16880,68,0
16881,70,0
16882,73,0
16883,71,0
16884,70,0
16885,72,0
16886,73,0
16887,67,0
16888,72,0
16889,70,0
16890,67,0
16891,69,0
16892,68,0
16893,71,0
16894,70,0
16895,68,0
16896,71,0
16897,69,0
16898,70,0
16899,70,0
16900,71,0
16901,69,0
16902,69,0
16903,70,0
16904,68,0
16905,68,0
16906,71,0
16907,70,0
16908,72,0
16909,69,0
16910,69,0
16911,69,0
16912,67,0
16913,69,0
16914,70,0
16915,69,0
16916,71,0
16917,70,0
16918,68,0
16919,70,0
16920,70,0
16921,71,0
16922,69,0
16923,70,0
16924,71,0
16925,70,0
16926,70,0
16927,71,0
16928,69,0
16929,69,0
16930,70,0
16931,70,0
16932,69,0
16933,71,0
16934,70,0
16935,70,0
16936,70,0
16937,69,0
16938,69,0
16939,69,0
16940,66,0
16941,71,0
16942,71,0
16943,70,0
16944,70,0
16945,69,0
16946,71,0
16947,68,0
16948,67,0
16949,69,0
16950,68,0
16951,68,0
16952,68,0
16953,68,0
16954,73,0
16955,69,0
16956,72,0
16957,68,0
16958,72,0
16959,69,0
16960,71,0
16961,69,0
16962,70,0
16963,68,0
16964,70,0
16965,71,0
16966,71,0
16967,68,0
16968,68,0
16969,69,0
16970,71,0
16971,70,0
16972,70,0
16973,72,0
16974,73,0
16975,69,0
16976,69,0
16977,69,0
16978,70,0
16979,70,0
16980,67,0
16981,71,0
16982,68,0
16983,70,0
16984,70,0
16985,70,0
16986,70,0
16987,67,0
16988,70,0
16989,70,0
16990,67,0
16991,69,0
16992,68,0
16993,70,0
16994,67,0
16995,67,0
16996,69,0
16997,71,0
16998,70,0
16999,69,0
17000,71,0
17001,67,0
17002,70,0
17003,68,0
17004,65,0
17005,67,0
17006,70,0
17007,70,0
17008,69,0
17009,71,0
17010,69,0
17011,70,0
17012,70,0
17013,67,0
17014,71,0
17015,71,0
17016,69,0
17017,70,0
17018,68,0
17019,71,0
17020,73,0
17021,69,0
17022,72,0
17023,70,0
17024,72,0
17025,70,0
17026,69,0
17027,71,0
17028,71,0
17029,71,0
17030,71,0
17031,68,0
17032,70,0
17033,71,0
17034,67,0
17035,70,0
17036,68,0
17037,71,0
17038,71,0
17039,71,0
17040,71,0
17041,68,0
17042,70,0
17043,67,0
17044,69,0
17045,68,0
17046,68,0
17047,71,0
17048,71,0
17049,70,0
17050,68,0
17051,71,0
17052,70,0
17053,71,0
17054,69,0
17055,70,0
17056,70,0
17057,70,0
17058,71,0
17059,71,0
17060,71,0
17061,68,0
17062,68,0
17063,67,0
17064,70,0
17065,69,0
17066,71,0
17067,67,0
17068,70,0
17069,68,0
17070,71,0
17071,67,0
17072,71,0
17073,70,0
17074,72,0
17075,67,0
17076,73,0
17077,71,0
17078,70,0
17079,72,0
17080,71,0
17081,71,0
17082,71,0
17083,68,0
17084,70,0
17085,71,0
17086,72,0
17087,72,0
17088,71,0
17089,71,0
17090,70,0
17091,70,0
17092,67,0
17093,71,0
17094,69,0
17095,68,0
17096,69,0
17097,71,0
17098,70,0
17099,70,0
17100,70,0
17101,71,0
17102,70,0
17103,71,0
17104,69,0
17105,68,0
17106,70,0
17107,70,0
17108,71,0
17109,67,0
17110,72,0
17111,70,0
17112,71,0
17113,69,0
17114,68,0
17115,70,0
17116,67,0
17117,72,0
17118,71,0
17119,69,0
17120,69,0
17121,70,0
17122,70,0
17123,69,0
17124,71,0
17125,68,0
17126,70,0
17127,67,0
17128,71,0
17129,70,0
17130,72,0
17131,70,0
17132,69,0
17133,71,0
17134,69,0
17135,71,0
17136,72,0
17137,71,0
17138,67,0
17139,70,0
17140,68,0
17141,68,0
17142,71,0
17143,70,0
17144,67,0
17145,72,0
17146,70,0
17147,70,0
17148,71,0
17149,71,0
17150,69,0
17151,69,0
17152,70,0
17153,70,0
17154,69,0
17155,71,0
17156,66,0
17157,70,0
17158,71,0
17159,71,0
17160,71,0
17161,69,0
17162,70,0
17163,70,0
17164,69,0
17165,71,0
17166,72,0
17167,73,0
17168,70,0
17169,68,0
17170,71,0
17171,67,0
17172,70,0
17173,70,0
17174,71,0
17175,69,0
17176,68,0
17177,68,0
17178,70,0
17179,71,0
17180,67,0
17181,69,0
17182,68,0
17183,72,0
17184,67,0
17185,69,0
17186,69,0
17187,69,0
17188,70,0
17189,69,0
17190,69,0
17191,71,0
17192,70,0
17193,70,0
17194,71,0
17195,70,0
17196,72,0
17197,71,0
17198,71,0
17199,71,0
17200,69,0
17201,68,0
17202,71,0
17203,67,0
17204,69,0
17205,71,0
17206,70,0
17207,68,0
17208,71,0
17209,67,0
17210,68,0
17211,70,0
17212,71,0
17213,71,0
17214,68,0
17215,70,0
17216,69,0
17217,71,0
17218,68,0
17219,70,0
17220,70,0
17221,70,0
17222,69,0
17223,69,0
17224,68,0
17225,70,0
17226,71,0
17227,71,0
17228,69,0
17229,69,0
17230,72,0
17231,70,0
17232,68,0
17233,67,0
17234,69,0
17235,71,0
17236,68,0
17237,70,0
17238,70,0
17239,71,0
17240,71,0
17241,69,0
17242,70,0
17243,72,0
17244,69,0
17245,71,0
17246,70,0
17247,68,0
17248,73,0
17249,69,0
17250,72,0
17251,70,0
17252,70,0
17253,69,0
17254,69,0
17255,70,0
17256,72,0
17257,71,0
17258,72,0
17259,71,0
17260,71,0
17261,68,0
17262,70,0
17263,73,0
17264,67,0
17265,70,0
17266,70,0
17267,71,0
17268,71,0
17269,69,0
17270,71,0
17271,70,0
17272,70,0
17273,71,0
17274,67,0
17275,71,0
17276,68,0
17277,70,0
17278,69,0
17279,67,0
17280,69,0
17281,70,0
17282,70,0
17283,72,0
17284,69,0
17285,69,0
17286,70,0
17287,68,0
17288,71,0
17289,69,0
17290,70,0
17291,70,0
17292,71,0
17293,69,0
17294,70,0
17295,71,0
17296,70,0
17297,68,0
17298,71,0
17299,69,0
17300,68,0
17301,69,0
17302,71,0
17303,71,0
17304,68,0
17305,72,0
17306,69,0
17307,70,0
17308,70,0
17309,65,0
17310,69,0
17311,71,0
17312,70,0
17313,67,0
17314,69,0
17315,70,0
17316,71,0
17317,70,0
17318,70,0
17319,71,0
17320,69,0
17321,68,0
17322,69,0
17323,67,0
17324,70,0
17325,70,0
17326,70,0
17327,71,0
17328,71,0
17329,70,0
17330,70,0
17331,69,0
17332,69,0
17333,70,0
17334,71,0
17335,70,0
17336,70,0
17337,68,0
17338,69,0
17339,69,0
17340,70,0
17341,71,0
17342,69,0
17343,71,0
17344,70,0
17345,72,0
17346,67,0
17347,68,0
17348,70,0
17349,70,0
17350,72,0
17351,69,0
17352,71,0
17353,70,0
17354,70,0
17355,71,0
17356,71,0
17357,72,0
17358,68,0
17359,71,0
17360,69,0
17361,68,0
17362,70,0
17363,70,0
17364,71,0
17365,67,0
17366,71,0
17367,68,0
17368,70,0
17369,69,0
17370,69,0
17371,71,0
17372,70,0
17373,68,0
17374,70,0
17375,71,0
17376,69,0
17377,70,0
17378,69,0
17379,70,0
17380,67,0
17381,69,0
17382,68,0
17383,72,0
17384,67,0
17385,71,0
17386,70,0
17387,68,0
17388,72,0
17389,71,0
17390,70,0
17391,69,0
17392,71,0
17393,68,0
17394,71,0
17395,71,0
17396,71,0
17397,71,0
17398,73,0
17399,72,0
17400,72,0
17401,68,0
17402,70,0
17403,67,0
17404,71,0
17405,72,0
17406,68,0
17407,65,0
17408,67,0
17409,69,0
17410,70,0
17411,68,0
17412,68,0
17413,71,0
17414,67,0
17415,71,0
17416,70,0
17417,68,0
17418,73,0
17419,69,0
17420,69,0
17421,71,0
17422,70,0
17423,70,0
17424,70,0
17425,71,0
17426,70,0
17427,67,0
17428,69,0
17429,72,0
17430,67,0
17431,67,0
17432,70,0
17433,70,0
17434,73,0
17435,71,0
17436,68,0
17437,70,0
17438,68,0
17439,67,0
17440,71,0
17441,69,0
17442,70,0
17443,70,0
17444,72,0
17445,71,0
17446,71,0
17447,68,0
17448,70,0
17449,70,0
17450,70,0
17451,69,0
17452,67,0
17453,70,0
17454,72,0
17455,69,0
17456,69,0
17457,69,0
17458,70,0
17459,70,0
17460,69,0
17461,71,0
17462,69,0
17463,70,0
17464,70,0
17465,70,0
17466,68,0
17467,65,0
17468,69,0
17469,71,0
17470,72,0
17471,70,0
17472,70,0
17473,71,0
17474,71,0
17475,71,0
17476,68,0
17477,70,0
17478,68,0
17479,70,0
17480,71,0
17481,71,0
17482,69,0
17483,70,0
17484,68,0
17485,71,0
17486,69,0
17487,69,0
17488,70,0
17489,70,0
17490,68,0
17491,72,0
17492,71,0
17493,71,0
17494,68,0
17495,70,0
17496,69,0
17497,69,0
17498,72,0
17499,72,0
17500,68,0
17501,68,0
17502,71,0
17503,70,0
17504,68,0
17505,67,0
17506,71,0
17507,69,0
17508,70,0
17509,69,0
17510,71,0
17511,71,0
17512,72,0
17513,70,0
17514,71,0
17515,71,0
17516,71,0
17517,66,0
17518,65,0
17519,67,0
17520,70,0
17521,67,0
17522,70,0
17523,73,0
17524,71,0
17525,70,0
17526,68,0
17527,69,0
17528,69,0
17529,68,0
17530,70,0
17531,68,0
17532,71,0
17533,71,0
17534,69,0
17535,72,0
17536,69,0
17537,71,0
17538,72,0
17539,72,0
17540,71,0
17541,67,0
17542,67,0
17543,69,0
17544,70,0
17545,70,0
17546,73,0
17547,69,0
17548,70,0
17549,70,0
17550,70,0
17551,67,0
17552,71,0
17553,69,0
17554,70,0
17555,71,0
17556,69,0
17557,71,0
17558,70,0
17559,70,0
17560,71,0
17561,71,0
17562,70,0
17563,72,0
17564,67,0
17565,69,0
17566,68,0
17567,70,0
17568,67,0
17569,71,0
17570,71,0
17571,69,0
17572,68,0
17573,70,0
17574,70,0
17575,70,0
17576,67,0
17577,71,0
17578,69,0
17579,70,0
17580,70,0
17581,70,0
17582,67,0
17583,67,0
17584,71,0
17585,70,0
17586,72,0
17587,69,0
17588,73,0
17589,67,0
17590,68,0
17591,70,0
17592,71,0
17593,71,0
17594,69,0
17595,70,0
17596,70,0
17597,70,0
17598,73,0
17599,67,0
17600,68,0
17601,72,0
17602,70,0
17603,69,0
17604,69,0
17605,72,0
17606,70,0
17607,68,0
17608,70,0
17609,69,0
17610,67,0
17611,68,0
17612,68,0
17613,69,0
17614,69,0
17615,68,0
17616,70,0
17617,71,0
17618,67,0
17619,69,0
17620,72,0
17621,70,0
17622,69,0
17623,69,0
17624,70,0
17625,73,0
17626,71,0
17627,69,0
17628,70,0
17629,68,0
17630,68,0
17631,67,0
17632,72,0
17633,70,0
17634,70,0
17635,71,0
17636,70,0
17637,68,0
17638,71,0
17639,69,0
17640,70,0
17641,67,0
17642,68,0
17643,70,0
17644,69,0
17645,71,0
17646,69,0
17647,72,0
17648,68,0
17649,70,0
17650,70,0
17651,69,0
17652,71,0
17653,71,0
17654,68,0
17655,70,0
17656,69,0
17657,71,0
17658,69,0
17659,70,0
17660,70,0
17661,71,0
17662,69,0
17663,69,0
17664,71,0
17665,70,0
17666,69,0
17667,69,0
17668,70,0
17669,70,0
17670,69,0
17671,71,0
17672,69,0
17673,72,0
17674,72,0
17675,67,0
17676,69,0
17677,71,0
17678,72,0
17679,70,0
17680,69,0
17681,71,0
17682,71,0
17683,71,0
17684,71,0
17685,68,0
17686,70,0
17687,71,0
17688,69,0
17689,72,0
17690,68,0
17691,72,0
17692,69,0
17693,71,0
17694,69,0
17695,68,0
17696,70,0
17697,71,0
17698,69,0
17699,70,0
17700,69,0
17701,71,0
17702,72,0
17703,70,0
17704,68,0
17705,67,0
17706,71,0
17707,70,0
17708,72,0
17709,67,0
17710,69,0
17711,72,0
17712,70,0
17713,71,0
17714,71,0
17715,68,0
17716,72,0
17717,71,0
17718,69,0
17719,70,0
17720,73,0
17721,71,0
17722,69,0
17723,71,0
17724,68,0
17725,71,0
17726,67,0
17727,69,0
17728,70,0
17729,70,0
17730,69,0
17731,69,0
17732,70,0
17733,70,0
17734,71,0
17735,67,0
17736,70,0
17737,70,0
17738,67,0
17739,69,0
17740,68,0
17741,67,0
17742,67,0
17743,69,0
17744,70,0
17745,70,0
17746,69,0
17747,67,0
17748,71,0
17749,70,0
17750,72,0
17751,69,0
17752,67,0
17753,70,0
17754,68,0
17755,67,0
17756,72,0
17757,68,0
17758,70,0
17759,71,0
17760,69,0
17761,72,0
17762,70,0
17763,71,0
17764,69,0
17765,70,0
17766,68,0
17767,67,0
17768,69,0
17769,70,0
17770,70,0
17771,73,0
17772,69,0
17773,70,0
17774,69,0
17775,67,0
17776,71,0
17777,72,0
17778,70,0
17779,67,0
17780,69,0
17781,71,0
17782,69,0
17783,72,0
17784,71,0
17785,68,0
17786,72,0
17787,73,0
17788,71,0
17789,70,0
17790,70,0
17791,71,0
17792,71,0
17793,70,0
17794,70,0
17795,70,0
17796,71,0
17797,69,0
17798,70,0
17799,70,0
17800,67,0
17801,67,0
17802,71,0
17803,70,0
17804,70,0
17805,70,0
17806,68,0
17807,67,0
17808,69,0
17809,71,0
17810,69,0
17811,72,0
17812,70,0
17813,69,0
17814,67,0
17815,69,0
17816,68,0
17817,70,0
17818,70,0
17819,67,0
17820,71,0
17821,70,0
17822,70,0
17823,70,0
17824,73,0
17825,67,0
17826,70,0
17827,70,0
17828,70,0
17829,67,0
17830,71,0
17831,68,0
17832,68,0
17833,70,0
17834,67,0
17835,69,0
17836,72,0
17837,70,0
17838,71,0
17839,69,0
17840,68,0
17841,68,0
17842,71,0
17843,67,0
17844,70,0
17845,69,0
17846,68,0
17847,72,0
17848,67,0
17849,69,0
17850,70,0
17851,70,0
17852,69,0
17853,67,0
17854,68,0
17855,69,0
17856,69,0
17857,70,0
17858,68,0
17859,68,0
17860,71,0
17861,71,0
17862,70,0
17863,69,0
17864,70,0
17865,70,0
17866,68,0
17867,71,0
17868,71,0
17869,71,0
17870,69,0
17871,70,0
17872,68,0
17873,71,0
17874,71,0
17875,71,0
17876,71,0
17877,71,0
17878,68,0
17879,70,0
17880,67,0
17881,71,0
17882,68,0
17883,70,0
17884,67,0
17885,69,0
17886,71,0
17887,70,0
17888,70,0
17889,73,0
17890,71,0
17891,72,0
17892,68,0
17893,72,0
17894,69,0
17895,70,0
17896,70,0
17897,70,0
17898,72,0
17899,67,0
17900,69,0
17901,70,0
17902,68,0
17903,66,0
17904,69,0
17905,71,0
17906,70,0
17907,68,0
17908,71,0
17909,71,0
17910,71,0
17911,70,0
17912,68,0
17913,69,0
17914,69,0
17915,72,0
17916,70,0
17917,67,0
17918,71,0
17919,70,0
17920,68,0
17921,70,0
17922,69,0
17923,69,0
17924,69,0
17925,70,0
17926,70,0
17927,71,0
17928,70,0
17929,73,0
17930,71,0
17931,71,0
17932,70,0
17933,70,0
17934,67,0
17935,71,0
17936,68,0
17937,70,0
17938,67,0
17939,67,0
17940,68,0
17941,70,0
17942,69,0
17943,71,0
17944,69,0
17945,70,0
17946,68,0
17947,67,0
17948,73,0
17949,69,0
17950,68,0
17951,68,0
17952,68,0
17953,71,0
17954,67,0
17955,73,0
17956,72,0
17957,70,0
17958,73,0
17959,69,0
17960,70,0
17961,70,0
17962,73,0
17963,67,0
17964,70,0
17965,68,0
17966,67,0
17967,69,0
17968,71,0
17969,68,0
17970,70,0
17971,67,0
17972,67,0
17973,70,0
17974,70,0
17975,70,0
17976,69,0
17977,71,0
17978,70,0
17979,70,0
17980,69,0
17981,69,0
17982,69,0
17983,72,0
17984,70,0
17985,69,0
17986,71,0
17987,68,0
17988,70,0
17989,67,0
17990,67,0
17991,69,0
17992,68,0
17993,72,0
17994,67,0
17995,69,0
17996,70,0
17997,70,0
17998,71,0
17999,69,0
18000,71,0
18001,70,0
18002,70,0
18003,70,0
18004,69,0
18005,71,0
18006,70,0
18007,72,0
18008,72,0
18009,69,0
18010,69,0
18011,69,0
18012,72,0
18013,70,0
18014,67,0
18015,70,0
18016,71,0
18017,71,0
18018,70,0
18019,70,0
18020,67,0
18021,71,0
18022,70,0
18023,70,0
18024,71,0
18025,71,0
18026,69,0
18027,70,0
18028,70,0
18029,67,0
18030,69,0
18031,73,0
18032,68,0
18033,69,0
18034,69,0
18035,70,0
18036,70,0
18037,69,0
18038,69,0
18039,69,0
18040,70,0
18041,68,0
18042,70,0
18043,67,0
18044,71,0
18045,72,0
18046,71,0
18047,67,0
18048,71,0
18049,70,0
18050,70,0
18051,73,0
18052,67,0
18053,70,0
18054,70,0
18055,71,0
18056,69,0
18057,67,0
18058,67,0
18059,72,0
18060,72,0
18061,69,0
18062,71,0
18063,66,0
18064,67,0
18065,71,0
18066,67,0
18067,72,0
18068,70,0
18069,70,0
18070,67,0
18071,71,0
18072,70,0
18073,70,0
18074,70,0
18075,70,0
18076,69,0
18077,69,0
18078,70,0
18079,70,0
18080,71,0
18081,70,0
18082,71,0
18083,69,0
18084,70,0
18085,70,0
18086,70,0
18087,68,0
18088,69,0
18089,71,0
18090,67,0
18091,68,0
18092,70,0
18093,71,0
18094,68,0
18095,71,0
18096,69,0
18097,70,0
18098,68,0
18099,69,0
18100,70,0
18101,72,0
18102,67,0
18103,68,0
18104,71,0
18105,71,0
18106,67,0
18107,68,0
18108,70,0
18109,67,0
18110,69,0
18111,68,0
18112,67,0
18113,70,0
18114,70,0
18115,67,0
18116,67,0
18117,70,0
18118,70,0
18119,73,0
18120,71,0
18121,70,0
18122,70,0
18123,67,0
18124,69,0
18125,67,0
18126,70,0
18127,68,0
18128,69,0
18129,70,0
18130,70,0
18131,70,0
18132,70,0
18133,71,0
18134,69,0
18135,69,0
18136,68,0
18137,70,0
18138,72,0
18139,68,0
18140,70,0
18141,70,0
18142,67,0
18143,73,0
18144,71,0
18145,69,0
18146,70,0
18147,70,0
18148,69,0
18149,71,0
18150,70,0
18151,68,0
18152,69,0
18153,71,0
18154,67,0
18155,72,0
18156,67,0
18157,67,0
18158,67,0
18159,70,0
18160,70,0
18161,73,0
18162,71,0
18163,71,0
18164,68,0
18165,70,0
18166,71,0
18167,67,0
18168,70,0
18169,72,0
18170,67,0
18171,71,0
18172,70,0
18173,68,0
18174,70,0
18175,70,0
18176,71,0
18177,70,0
18178,70,0
18179,71,0
18180,71,0
18181,71,0
18182,71,0
18183,70,0
18184,70,0
18185,71,0
18186,69,0
18187,70,0
18188,70,0
18189,69,0
18190,69,0
18191,71,0
18192,70,0
18193,70,0
18194,71,0
18195,69,0
18196,69,0
18197,70,0
18198,72,0
18199,70,0
18200,70,0
18201,69,0
18202,71,0
18203,70,0
18204,68,0
18205,67,0
18206,67,0
18207,72,0
18208,68,0
18209,70,0
18210,69,0
18211,71,0
18212,69,0
18213,70,0
18214,70,0
18215,67,0
18216,69,0
18217,71,0
18218,70,0
18219,72,0
18220,70,0
18221,71,0
18222,71,0
18223,69,0
18224,69,0
18225,70,0
18226,68,0
18227,70,0
18228,71,0
18229,69,0
18230,69,0
18231,70,0
18232,70,0
18233,70,0
18234,69,0
18235,69,0
18236,71,0
18237,70,0
18238,70,0
18239,67,0
18240,69,0
18241,69,0
18242,70,0
18243,69,0
18244,70,0
18245,70,0
18246,71,0
18247,69,0
18248,69,0
18249,71,0
18250,70,0
18251,72,0
18252,69,0
18253,71,0
18254,67,0
18255,70,0
18256,70,0
18257,69,0
18258,71,0
18259,69,0
18260,68,0
18261,70,0
18262,68,0
18263,71,0
18264,69,0
18265,68,0
18266,70,0
18267,70,0
18268,69,0
18269,71,0
18270,70,0
18271,72,0
18272,67,0
18273,65,0
18274,69,0
18275,70,0
18276,69,0
18277,72,0
18278,71,0
18279,71,0
18280,70,0
18281,69,0
18282,71,0
18283,67,0
18284,68,0
18285,68,0
18286,67,0
18287,69,0
18288,72,0
18289,70,0
18290,69,0
18291,71,0
18292,68,0
18293,68,0
18294,68,0
18295,71,0
18296,69,0
18297,72,0
18298,70,0
18299,69,0
18300,73,0
18301,68,0
18302,71,0
18303,69,0
18304,69,0
18305,68,0
18306,70,0
18307,69,0
18308,69,0
18309,68,0
18310,70,0
18311,69,0
18312,70,0
18313,70,0
18314,69,0
18315,69,0
18316,71,0
18317,68,0
18318,70,0
18319,69,0
18320,68,0
18321,71,0
18322,67,0
18323,70,0
18324,70,0
18325,71,0
18326,69,0
18327,70,0
18328,70,0
18329,71,0
18330,69,0
18331,70,0
18332,72,0
18333,70,0
18334,71,0
18335,71,0
18336,71,0
18337,69,0
18338,68,0
18339,70,0
18340,69,0
18341,69,0
18342,67,0
18343,68,0
18344,70,0
18345,71,0
18346,71,0
18347,67,0
18348,70,0
18349,68,0
18350,71,0
18351,69,0
18352,71,0
18353,67,0
18354,70,0
18355,70,0
18356,73,0
18357,71,0
18358,69,0
18359,71,0
18360,72,0
18361,70,0
18362,67,0
18363,71,0
18364,71,0
18365,70,0
18366,70,0
18367,69,0
18368,71,0
18369,70,0
18370,70,0
18371,70,0
18372,71,0
18373,67,0
18374,68,0
18375,70,0
18376,70,0
18377,67,0
18378,67,0
18379,70,0
18380,65,0
18381,69,0
18382,68,0
18383,72,0
18384,69,0
18385,69,0
18386,69,0
18387,70,0
18388,70,0
18389,71,0
18390,71,0
18391,69,0
18392,68,0
18393,70,0
18394,71,0
18395,69,0
18396,71,0
18397,70,0
18398,67,0
18399,73,0
18400,72,0
18401,70,0
18402,70,0
18403,71,0
18404,71,0
18405,70,0
18406,73,0
18407,69,0
18408,67,0
18409,72,0
18410,70,0
18411,71,0
18412,69,0
18413,70,0
18414,70,0
18415,67,0
18416,67,0
18417,69,0
18418,70,0
18419,70,0
18420,70,0
18421,69,0
18422,69,0
18423,70,0
18424,68,0
18425,71,0
18426,71,0
18427,71,0
18428,70,0
18429,70,0
18430,69,0
18431,68,0
18432,68,0
18433,70,0
18434,67,0
18435,71,0
18436,70,0
18437,70,0
18438,67,0
18439,71,0
18440,70,0
18441,70,0
18442,67,0
18443,71,0
18444,70,0
18445,72,0
18446,69,0
18447,69,0
18448,69,0
18449,69,0
18450,73,0
18451,71,0
18452,67,0
18453,70,0
18454,70,0
18455,69,0
18456,69,0
18457,70,0
18458,68,0
18459,70,0
18460,69,0
18461,71,0
18462,72,0
18463,70,0
18464,71,0
18465,69,0
18466,72,0
18467,68,0
18468,71,0
18469,71,0
18470,70,0
18471,70,0
18472,68,0
18473,67,0
18474,69,0
18475,70,0
18476,70,0
18477,70,0
18478,72,0
18479,73,0
18480,69,0
18481,72,0
18482,68,0
18483,69,0
18484,69,0
18485,71,0
18486,70,0
18487,70,0
18488,73,0
18489,69,0
18490,72,0
18491,70,0
18492,67,0
18493,67,0
18494,69,0
18495,71,0
18496,68,0
18497,70,0
18498,71,0
18499,71,0
18500,70,0
18501,70,0
18502,70,0
18503,67,0
18504,69,0
18505,70,0
18506,68,0
18507,71,0
18508,69,0
18509,68,0
18510,68,0
18511,67,0
18512,67,0
18513,68,0
18514,72,0
18515,70,0
18516,73,0
18517,71,0
18518,68,0
18519,70,0
18520,67,0
18521,69,0
18522,70,0
18523,70,0
18524,70,0
18525,69,0
18526,69,0
18527,67,0
18528,72,0
18529,68,0
18530,72,0
18531,67,0
18532,71,0
18533,67,0
18534,68,0
18535,70,0
18536,71,0
18537,69,0
18538,69,0
18539,70,0
18540,70,0
18541,69,0
18542,69,0
18543,71,0
18544,71,0
18545,69,0
18546,70,0
18547,68,0
18548,70,0
18549,67,0
18550,69,0
18551,68,0
18552,70,0
18553,71,0
18554,71,0
18555,71,0
18556,71,0
18557,70,0
18558,71,0
18559,67,0
18560,72,0
18561,70,0
18562,71,0
18563,71,0
18564,69,0
18565,70,0
18566,72,0
18567,70,0
18568,71,0
18569,67,0
18570,71,0
18571,70,0
18572,70,0
18573,71,0
18574,71,0
18575,69,0
18576,73,0
18577,70,0
18578,68,0
18579,70,0
18580,70,0
18581,68,0
18582,70,0
18583,69,0
18584,69,0
18585,72,0
18586,72,0
18587,67,0
18588,69,0
18589,68,0
18590,69,0
18591,71,0
18592,68,0
18593,70,0
18594,67,0
18595,69,0
18596,71,0
18597,70,0
18598,68,0
18599,68,0
18600,71,0
18601,71,0
18602,68,0
18603,70,0
18604,69,0
18605,73,0
18606,69,0
18607,70,0
18608,72,0
18609,71,0
18610,71,0
18611,70,0
18612,71,0
18613,70,0
18614,67,0
18615,72,0
18616,72,0
18617,69,0
18618,71,0
18619,70,0
18620,70,0
18621,68,0
18622,71,0
18623,67,0
18624,70,0
18625,70,0
18626,73,0
18627,69,0
18628,68,0
18629,72,0
18630,73,0
18631,71,0
18632,70,0
18633,68,0
18634,69,0
18635,67,0
18636,70,0
18637,70,0
18638,73,0
18639,69,0
18640,67,0
18641,69,0
18642,70,0
18643,72,0
18644,65,0
18645,73,0
18646,69,0
18647,70,0
18648,68,0
18649,70,0
18650,71,0
18651,69,0
18652,68,0
18653,70,0
18654,73,0
18655,71,0
18656,68,0
18657,70,0
18658,72,0
18659,69,0
18660,67,0
18661,69,0
18662,70,0
18663,68,0
18664,72,0
18665,69,0
18666,67,0
18667,68,0
18668,70,0
18669,73,0
18670,67,0
18671,69,0
18672,70,0
18673,70,0
18674,69,0
18675,71,0
18676,70,0
18677,70,0
18678,68,0
18679,71,0
18680,67,0
18681,71,0
18682,70,0
18683,72,0
18684,71,0
18685,71,0
18686,69,0
18687,68,0
18688,69,0
18689,73,0
18690,69,0
18691,70,0
18692,68,0
18693,69,0
18694,69,0
18695,69,0
18696,72,0
18697,68,0
18698,70,0
18699,71,0
18700,69,0
18701,70,0
18702,68,0
18703,67,0
18704,69,0
18705,70,0
18706,72,0
18707,70,0
18708,67,0
18709,69,0
18710,70,0
18711,73,0
18712,71,0
18713,70,0
18714,70,0
18715,73,0
18716,67,0
18717,70,0
18718,68,0
18719,71,0
18720,69,0
18721,70,0
18722,68,0
18723,70,0
18724,73,0
18725,69,0
18726,71,0
18727,68,0
18728,70,0
18729,71,0
18730,71,0
18731,70,0
18732,70,0
18733,68,0
18734,71,0
18735,69,0
18736,70,0
18737,70,0
18738,70,0
18739,67,0
18740,71,0
18741,71,0
18742,70,0
18743,70,0
18744,67,0
18745,67,0
18746,70,0
18747,70,0
18748,71,0
18749,71,0
18750,68,0
18751,68,0
18752,69,0
18753,69,0
18754,68,0
18755,70,0
18756,69,0
18757,71,0
18758,72,0
18759,70,0
18760,71,0
18761,69,0
18762,69,0
18763,71,0
18764,68,0
18765,70,0
18766,67,0
18767,69,0
18768,71,0
18769,72,0
18770,72,0
18771,73,0
18772,69,0
18773,70,0
18774,70,0
18775,69,0
18776,67,0
18777,70,0
18778,71,0
18779,70,0
18780,70,0
18781,67,0
18782,69,0
18783,71,0
18784,71,0
18785,70,0
18786,73,0
18787,69,0
18788,70,0
18789,72,0
18790,67,0
18791,69,0
18792,70,0
18793,71,0
18794,67,0
18795,69,0
18796,71,0
18797,70,0
18798,70,0
18799,71,0
18800,69,0
18801,71,0
18802,70,0
18803,70,0
18804,70,0
18805,71,0
18806,69,0
18807,69,0
18808,68,0
18809,72,0
18810,69,0
18811,69,0
18812,69,0
18813,69,0
18814,72,0
18815,71,0
18816,68,0
18817,70,0
18818,71,0
18819,71,0
18820,68,0
18821,70,0
18822,71,0
18823,67,0
18824,68,0
18825,70,0
18826,68,0
18827,65,0
18828,71,0
18829,67,0
18830,70,0
18831,70,0
18832,72,0
18833,70,0
18834,69,0
18835,69,0
18836,69,0
18837,70,0
18838,70,0
18839,71,0
18840,71,0
18841,71,0
18842,67,0
18843,72,0
18844,70,0
18845,70,0
18846,71,0
18847,69,0
18848,70,0
18849,70,0
18850,70,0
18851,68,0
18852,71,0
18853,71,0
18854,69,0
18855,72,0
18856,70,0
18857,72,0
18858,71,0
18859,71,0
18860,68,0
18861,68,0
18862,67,0
18863,69,0
18864,69,0
18865,70,0
18866,70,0
18867,69,0
18868,69,0
18869,68,0
18870,70,0
18871,71,0
18872,69,0
18873,69,0
18874,71,0
18875,68,0
18876,70,0
18877,68,0
18878,70,0
18879,69,0
18880,69,0
18881,70,0
18882,70,0
18883,70,0
18884,70,0
18885,72,0
18886,72,0
18887,70,0
18888,70,0
18889,70,0
18890,68,0
18891,71,0
18892,69,0
18893,71,0
18894,69,0
18895,70,0
18896,70,0
18897,67,0
18898,69,0
18899,71,0
18900,68,0
18901,70,0
18902,70,0
18903,68,0
18904,69,0
18905,69,0
18906,71,0
18907,70,0
18908,70,0
18909,69,0
18910,67,0
18911,69,0
18912,71,0
18913,70,0
18914,70,0
18915,69,0
18916,67,0
18917,69,0
18918,72,0
18919,72,0
18920,67,0
18921,71,0
18922,69,0
18923,70,0
18924,70,0
18925,69,0
18926,67,0
18927,71,0
18928,69,0
18929,71,0
18930,68,0
18931,68,0
18932,69,0
18933,71,0
18934,71,0
18935,68,0
18936,68,0
18937,69,0
18938,69,0
18939,70,0
18940,68,0
18941,71,0
18942,69,0
18943,68,0
18944,70,0
18945,71,0
18946,69,0
18947,71,0
18948,68,0
18949,70,0
18950,71,0
18951,69,0
18952,72,0
18953,70,0
18954,70,0
18955,67,0
18956,67,0
18957,69,0
18958,70,0
18959,69,0
18960,67,0
18961,70,0
18962,70,0
18963,67,0
18964,69,0
18965,70,0
18966,70,0
18967,70,0
18968,69,0
18969,71,0
18970,70,0
18971,73,0
18972,70,0
18973,65,0
18974,69,0
18975,72,0
18976,68,0
18977,68,0
18978,69,0
18979,67,0
18980,67,0
18981,71,0
18982,71,0
18983,67,0
18984,70,0
18985,70,0
18986,69,0
18987,69,0
18988,69,0
18989,72,0
18990,68,0
18991,69,0
18992,71,0
18993,71,0
18994,72,0
18995,72,0
18996,69,0
18997,69,0
18998,69,0
18999,68,0
19000,68,0
19001,69,0
19002,71,0
19003,71,0
19004,69,0
19005,69,0
19006,70,0
19007,69,0
19008,70,0
19009,70,0
19010,69,0
19011,71,0
19012,69,0
19013,68,0
19014,70,0
19015,70,0
19016,69,0
19017,71,0
19018,69,0
19019,67,0
19020,68,0
19021,71,0
19022,67,0
19023,69,0
19024,69,0
19025,70,0
19026,72,0
19027,73,0
19028,71,0
19029,71,0
19030,70,0
19031,70,0
19032,69,0
19033,71,0
19034,68,0
19035,70,0
19036,71,0
19037,71,0
19038,70,0
19039,68,0
19040,69,0
19041,69,0
19042,71,0
19043,70,0
19044,72,0
19045,67,0
19046,69,0
19047,72,0
19048,70,0
19049,69,0
19050,69,0
19051,69,0
19052,70,0
19053,70,0
19054,67,0
19055,71,0
19056,70,0
19057,70,0
19058,71,0
19059,67,0
19060,70,0
19061,68,0
19062,68,0
19063,70,0
19064,71,0
19065,71,0
19066,71,0
19067,68,0
19068,68,0
19069,67,0
19070,67,0
19071,70,0
19072,67,0
19073,70,0
19074,68,0
19075,73,0
19076,71,0
19077,74,0
19078,70,0
19079,71,0
19080,67,0
19081,68,0
19082,70,0
19083,67,0
19084,69,0
19085,69,0
19086,70,0
19087,68,0
19088,71,0
19089,71,0
19090,68,0
19091,70,0
19092,70,0
19093,67,0
19094,69,0
19095,69,0
19096,68,0
19097,70,0
19098,71,0
19099,70,0
19100,68,0
19101,71,0
19102,67,0
19103,71,0
19104,69,0
19105,70,0
19106,70,0
19107,70,0
19108,67,0
19109,69,0
19110,70,0
19111,70,0
19112,71,0
19113,71,0
19114,71,0
19115,72,0
19116,70,0
19117,67,0
19118,69,0
19119,69,0
19120,70,0
19121,70,0
19122,71,0
19123,69,0
19124,71,0
19125,70,0
19126,72,0
19127,69,0
19128,69,0
19129,70,0
19130,68,0
19131,67,0
19132,71,0
19133,69,0
19134,71,0
19135,70,0
19136,70,0
19137,73,0
19138,69,0
19139,70,0
19140,70,0
19141,73,0
19142,71,0
19143,71,0
19144,71,0
19145,72,0
19146,70,0
19147,70,0
19148,67,0
19149,71,0
19150,70,0
19151,70,0
19152,70,0
19153,67,0
19154,69,0
19155,68,0
19156,70,0
19157,73,0
19158,71,0
19159,70,0
19160,70,0
19161,71,0
19162,71,0
19163,71,0
19164,67,0
19165,67,0
19166,70,0
19167,68,0
19168,70,0
19169,69,0
19170,69,0
19171,71,0
19172,70,0
19173,70,0
19174,70,0
19175,68,0
19176,69,0
19177,69,0
19178,72,0
19179,70,0
19180,71,0
19181,71,0
19182,70,0
19183,70,0
19184,70,0
19185,67,0
19186,69,0
19187,72,0
19188,70,0
19189,70,0
19190,67,0
19191,71,0
19192,70,0
19193,68,0
19194,69,0
19195,71,0
19196,68,0
19197,70,0
19198,70,0
19199,67,0
19200,71,0
19201,70,0
19202,68,0
19203,67,0
19204,67,0
19205,70,0
19206,70,0
19207,67,0
19208,69,0
19209,69,0
19210,68,0
19211,70,0
19212,67,0
19213,71,0
19214,69,0
19215,70,0
19216,69,0
19217,71,0
19218,71,0
19219,69,0
19220,68,0
19221,68,0
19222,68,0
19223,70,0
19224,67,0
19225,71,0
19226,71,0
19227,69,0
19228,69,0
19229,68,0
19230,70,0
19231,71,0
19232,69,0
19233,69,0
19234,70,0
19235,68,0
19236,71,0
19237,71,0
19238,71,0
19239,70,0
19240,72,0
19241,71,0
19242,70,0
19243,71,0
19244,70,0
19245,71,0
19246,67,0
19247,69,0
19248,68,0
19249,70,0
19250,71,0
19251,69,0
19252,72,0
19253,68,0
19254,69,0
19255,69,0
19256,69,0
19257,69,0
19258,70,0
19259,70,0
19260,70,0
19261,71,0
19262,67,0
19263,69,0
19264,70,0
19265,70,0
19266,69,0
19267,71,0
19268,69,0
19269,70,0
19270,71,0
19271,68,0
19272,71,0
19273,70,0
19274,68,0
19275,69,0
19276,69,0
19277,70,0
19278,70,0
19279,68,0
19280,73,0
19281,69,0
19282,68,0
19283,70,0
19284,71,0
19285,71,0
19286,68,0
19287,70,0
19288,67,0
19289,71,0
19290,68,0
19291,68,0
19292,71,0
19293,69,0
19294,69,0
19295,69,0
19296,70,0
19297,70,0
19298,71,0
19299,71,0
19300,71,0
19301,70,0
19302,70,0
19303,68,0
19304,73,0
19305,71,0
19306,70,0
19307,70,0
19308,70,0
19309,71,0
19310,69,0
19311,72,0
19312,70,0
19313,67,0
19314,69,0
19315,72,0
19316,70,0
19317,69,0
19318,71,0
19319,68,0
19320,72,0
19321,71,0
19322,67,0
19323,68,0
19324,68,0
19325,71,0
19326,67,0
19327,69,0
19328,70,0
19329,68,0
19330,67,0
19331,69,0
19332,70,0
19333,68,0
19334,70,0
19335,71,0
19336,71,0
19337,68,0
19338,70,0
19339,69,0
19340,69,0
19341,70,0
19342,70,0
19343,65,0
19344,69,0
19345,71,0
19346,71,0
19347,72,0
19348,68,0
19349,71,0
19350,71,0
19351,70,0
19352,72,0
19353,70,0
19354,69,0
19355,71,0
19356,71,0
19357,70,0
19358,69,0
19359,69,0
19360,70,0
19361,70,0
19362,69,0
19363,71,0
19364,70,0
19365,70,0
19366,69,0
19367,71,0
19368,70,0
19369,70,0
19370,69,0
19371,70,0
19372,69,0
19373,71,0
19374,71,0
19375,70,0
19376,68,0
19377,70,0
19378,69,0
19379,71,0
19380,70,0
19381,70,0
19382,70,0
19383,69,0
19384,71,0
19385,69,0
19386,70,0
19387,71,0
19388,71,0
19389,68,0
19390,70,0
19391,72,0
19392,71,0
19393,69,0
19394,70,0
19395,71,0
19396,69,0
19397,68,0
19398,69,0
19399,69,0
19400,71,0
19401,70,0
19402,70,0
19403,73,0
19404,71,0
19405,70,0
19406,72,0
19407,69,0
19408,70,0
19409,70,0
19410,71,0
19411,71,0
19412,71,0
19413,70,0
19414,68,0
19415,71,0
19416,70,0
19417,69,0
19418,68,0
19419,70,0
19420,70,0
19421,69,0
19422,71,0
19423,70,0
19424,68,0
19425,67,0
19426,71,0
19427,69,0
19428,70,0
19429,70,0
19430,70,0
19431,69,0
19432,69,0
19433,69,0
19434,71,0
19435,70,0
19436,68,0
19437,71,0
19438,69,0
19439,67,0
19440,70,0
19441,70,0
19442,70,0
19443,69,0
19444,69,0
19445,70,0
19446,70,0
19447,67,0
19448,67,0
19449,67,0
19450,70,0
19451,72,0
19452,72,0
19453,70,0
19454,73,0
19455,69,0
19456,70,0
19457,70,0
19458,71,0
19459,71,0
19460,71,0
19461,68,0
19462,70,0
19463,70,0
19464,69,0
19465,71,0
19466,70,0
19467,72,0
19468,69,0
19469,71,0
19470,70,0
19471,70,0
19472,67,0
19473,69,0
19474,70,0
19475,70,0
19476,70,0
19477,67,0
19478,71,0
19479,69,0
19480,71,0
19481,70,0
19482,70,0
19483,70,0
19484,70,0
19485,71,0
19486,67,0
19487,72,0
19488,70,0
19489,67,0
19490,71,0
19491,68,0
19492,70,0
19493,68,0
19494,71,0
19495,71,0
19496,70,0
19497,70,0
19498,71,0
19499,69,0
19500,71,0
19501,68,0
19502,68,0
19503,73,0
19504,71,0
19505,70,0
19506,70,0
19507,69,0
19508,71,0
19509,72,0
19510,70,0
19511,70,0
19512,68,0
19513,69,0
19514,68,0
19515,68,0
19516,71,0
19517,71,0
19518,70,0
19519,70,0
19520,71,0
19521,69,0
19522,70,0
19523,70,0
19524,69,0
19525,71,0
19526,68,0
19527,70,0
19528,71,0
19529,69,0
19530,70,0
19531,70,0
19532,71,0
19533,65,0
19534,71,0
19535,70,0
19536,71,0
19537,69,0
19538,68,0
19539,70,0
19540,70,0
19541,69,0
19542,67,0
19543,70,0
19544,70,0
19545,67,0
19546,67,0
19547,72,0
19548,68,0
19549,69,0
19550,73,0
19551,69,0
19552,70,0
19553,70,0
19554,70,0
19555,65,0
19556,71,0
19557,70,0
19558,70,0
19559,67,0
19560,69,0
19561,70,0
19562,70,0
19563,71,0
19564,71,0
19565,70,0
19566,68,0
19567,69,0
19568,70,0
19569,70,0
19570,71,0
19571,70,0
19572,70,0
19573,71,0
19574,71,0
19575,68,0
19576,68,0
19577,69,0
19578,71,0
19579,70,0
19580,68,0
19581,71,0
19582,69,0
19583,70,0
19584,70,0
19585,70,0
19586,69,0
19587,69,0
19588,71,0
19589,70,0
19590,72,0
19591,71,0
19592,71,0
19593,71,0
19594,70,0
19595,72,0
19596,69,0
19597,69,0
19598,70,0
19599,70,0
19600,68,0
19601,69,0
19602,67,0
19603,68,0
19604,70,0
19605,71,0
19606,69,0
19607,71,0
19608,69,0
19609,68,0
19610,70,0
19611,70,0
19612,69,0
19613,71,0
19614,71,0
19615,70,0
19616,71,0
19617,72,0
19618,72,0
19619,65,0
19620,69,0
19621,70,0
19622,68,0
19623,70,0
19624,67,0
19625,71,0
19626,68,0
19627,70,0
19628,71,0
19629,69,0
19630,70,0
19631,68,0
19632,70,0
19633,70,0
19634,70,0
19635,67,0
19636,67,0
19637,71,0
19638,68,0
19639,71,0
19640,66,0
19641,70,0
19642,67,0
19643,67,0
19644,70,0
19645,70,0
19646,70,0
19647,67,0
19648,71,0
19649,67,0
19650,69,0
19651,70,0
19652,70,0
19653,68,0
19654,70,0
19655,71,0
19656,69,0
19657,69,0
19658,68,0
19659,72,0
19660,69,0
19661,69,0
19662,67,0
19663,71,0
19664,68,0
19665,70,0
19666,70,0
19667,70,0
19668,69,0
19669,71,0
19670,70,0
19671,70,0
19672,68,0
19673,69,0
19674,71,0
19675,68,0
19676,70,0
19677,69,0
19678,69,0
19679,70,0
19680,72,0
19681,68,0
19682,67,0
19683,71,0
19684,72,0
19685,72,0
19686,70,0
19687,69,0
19688,71,0
19689,68,0
19690,70,0
19691,71,0
19692,69,0
19693,71,0
19694,70,0
19695,70,0
19696,73,0
19697,69,0
19698,72,0
19699,68,0
19700,71,0
19701,71,0
19702,70,0
19703,70,0
19704,69,0
19705,71,0
19706,69,0
19707,72,0
19708,72,0
19709,69,0
19710,71,0
19711,69,0
19712,69,0
19713,70,0
19714,70,0
19715,70,0
19716,67,0
19717,67,0
19718,70,0
19719,70,0
19720,71,0
19721,67,0
19722,71,0
19723,70,0
19724,70,0
19725,71,0
19726,71,0
19727,70,0
19728,70,0
19729,67,0
19730,69,0
19731,70,0
19732,70,0
19733,71,0
19734,69,0
19735,69,0
19736,68,0
19737,68,0
19738,67,0
19739,67,0
19740,67,0
19741,71,0
19742,68,0
19743,70,0
19744,70,0
19745,73,0
19746,67,0
19747,72,0
19748,70,0
19749,73,0
19750,71,0
19751,69,0
19752,72,0
19753,70,0
19754,70,0
19755,71,0
19756,71,0
19757,70,0
19758,68,0
19759,70,0
19760,71,0
19761,67,0
19762,69,0
19763,71,0
19764,70,0
19765,70,0
19766,70,0
19767,71,0
19768,69,0
19769,71,0
19770,70,0
19771,72,0
19772,71,0
19773,67,0
19774,71,0
19775,72,0
19776,70,0
19777,70,0
19778,72,0
19779,70,0
19780,71,0
19781,71,0
19782,70,0
19783,70,0
19784,72,0
19785,69,0
19786,69,0
19787,69,0
19788,68,0
19789,68,0
19790,69,0
19791,69,0
19792,69,0
19793,70,0
19794,68,0
19795,69,0
19796,67,0
19797,70,0
19798,70,0
19799,70,0
19800,69,0
19801,69,0
19802,69,0
19803,70,0
19804,72,0
19805,67,0
19806,69,0
19807,69,0
19808,70,0
19809,70,0
19810,67,0
19811,69,0
19812,72,0
19813,70,0
19814,70,0
19815,69,0
19816,67,0
19817,72,0
19818,72,0
19819,71,0
19820,71,0
19821,70,0
19822,70,0
19823,70,0
19824,73,0
19825,67,0
19826,67,0
19827,70,0
19828,70,0
19829,69,0
19830,71,0
19831,72,0
19832,72,0
19833,67,0
19834,71,0
19835,70,0
19836,70,0
19837,71,0
19838,69,0
19839,70,0
19840,68,0
19841,67,0
19842,69,0
19843,69,0
19844,68,0
19845,69,0
19846,65,0
19847,67,0
19848,70,0
19849,70,0
19850,65,0
19851,69,0
19852,68,0
19853,70,0
19854,72,0
19855,71,0
19856,67,0
19857,70,0
19858,70,0
19859,67,0
19860,71,0
19861,71,0
19862,70,0
19863,68,0
19864,70,0
19865,68,0
19866,67,0
19867,69,0
19868,68,0
19869,68,0
19870,71,0
19871,71,0
19872,67,0
19873,67,0
19874,68,0
19875,70,0
19876,71,0
19877,71,0
19878,71,0
19879,72,0
19880,71,0
19881,67,0
19882,67,0
19883,70,0
19884,70,0
19885,71,0
19886,73,0
19887,71,0
19888,70,0
19889,70,0
19890,69,0
19891,71,0
19892,71,0
19893,69,0
19894,70,0
19895,70,0
19896,71,0
19897,71,0
19898,69,0
19899,70,0
19900,68,0
19901,73,0
19902,71,0
19903,69,0
19904,70,0
19905,68,0
19906,71,0
19907,71,0
19908,70,0
19909,70,0
19910,70,0
19911,69,0
19912,71,0
19913,67,0
19914,69,0
19915,70,0
19916,70,0
19917,70,0
19918,67,0
19919,67,0
19920,68,0
19921,70,0
19922,68,0
19923,70,0
19924,72,0
19925,69,0
19926,69,0
19927,68,0
19928,70,0
19929,66,0
19930,69,0
19931,71,0
19932,70,0
19933,70,0
19934,72,0
19935,69,0
19936,69,0
19937,69,0
19938,70,0
19939,70,0
19940,73,0
19941,71,0
19942,71,0
19943,70,0
19944,68,0
19945,68,0
19946,71,0
19947,69,0
19948,70,0
19949,69,0
19950,69,0
19951,69,0
19952,70,0
19953,68,0
19954,69,0
19955,68,0
19956,68,0
19957,67,0
19958,69,0
19959,68,0
19960,67,0
19961,67,0
19962,67,0
19963,70,0
19964,70,0
19965,68,0
19966,71,0
19967,70,0
19968,70,0
19969,71,0
19970,69,0
19971,70,0
19972,70,0
19973,69,0
19974,69,0
19975,70,0
19976,68,0
19977,71,0
19978,69,0
19979,68,0
19980,68,0
19981,67,0
19982,69,0
19983,70,0
19984,72,0
19985,68,0
19986,70,0
19987,69,0
19988,69,0
19989,69,0
19990,72,0
19991,70,0
19992,71,0
19993,69,0
19994,70,0
19995,72,0
19996,67,0
19997,69,0
19998,69,0
19999,71,0
