trial,reload_ticks,classified_evicted
0,85,0
1,61,0
2,63,0
3,62,0
4,62,0
5,62,0
6,60,0
7,63,0
8,59,0
9,59,0
10,63,0
11,62,0
12,60,0
13,60,0
14,62,0
15,62,0
16,61,0
17,63,0
18,61,0
19,61,0
20,61,0
21,63,0
22,59,0
23,59,0
24,59,0
25,62,0
26,62,0
27,62,0
28,60,0
29,62,0
30,62,0
31,63,0
32,59,0
33,59,0
34,61,0
35,60,0
36,64,0
37,62,0
38,59,0
39,61,0
40,59,0
41,61,0
42,63,0
43,61,0
44,61,0
45,62,0
46,60,0
47,64,0
48,62,0
49,60,0
50,61,0
51,61,0
52,61,0
53,63,0
54,61,0
55,59,0
56,64,0
57,64,0
58,62,0
59,62,0
60,62,0
61,62,0
62,61,0
63,62,0
64,60,0
65,62,0
66,60,0
67,64,0
68,60,0
69,60,0
70,60,0
71,62,0
72,62,0
73,60,0
74,62,0
75,60,0
76,62,0
77,62,0
78,60,0
79,59,0
80,59,0
81,61,0
82,64,0
83,62,0
84,60,0
85,62,0
86,60,0
87,61,0
88,59,0
89,63,0
90,63,0
91,63,0
92,63,0
93,62,0
94,62,0
95,62,0
96,62,0
97,62,0
98,62,0
99,62,0
100,61,0
101,64,0
102,62,0
103,61,0
104,61,0
105,63,0
106,63,0
107,63,0
108,59,0
109,60,0
110,60,0
111,62,0
112,64,0
113,62,0
114,62,0
115,62,0
116,62,0
117,62,0
118,62,0
119,60,0
120,60,0
121,60,0
122,60,0
123,63,0
124,63,0
125,61,0
126,61,0
127,61,0
128,59,0
129,59,0
130,59,0
131,60,0
132,60,0
133,60,0
134,60,0
135,62,0
136,60,0
137,62,0
138,60,0
139,65,0
140,61,0
141,63,0
142,61,0
143,62,0
144,62,0
145,61,0
146,61,0
147,63,0
148,63,0
149,59,0
150,59,0
151,61,0
152,63,0
153,63,0
154,61,0
155,63,0
156,61,0
157,60,0
158,62,0
159,64,0
160,60,0
161,64,0
162,60,0
163,64,0
164,64,0
165,64,0
166,62,0
167,62,0
168,62,0
169,62,0
170,60,0
171,63,0
172,61,0
173,61,0
174,61,0
175,63,0
176,63,0
177,65,0
178,62,0
179,62,0
180,64,0
181,60,0
182,62,0
183,62,0
184,60,0
185,60,0
186,60,0
187,59,0
188,61,0
189,63,0
190,61,0
191,63,0
192,59,0
193,61,0
194,63,0
195,59,0
196,63,0
197,64,0
198,62,0
199,60,0
200,62,0
201,60,0
202,62,0
203,59,0
204,61,0
205,61,0
206,59,0
207,62,0
208,60,0
209,62,0
210,60,0
211,60,0
212,60,0
213,60,0
214,62,0
215,63,0
216,59,0
217,63,0
218,59,0
219,63,0
220,63,0
221,61,0
222,59,0
223,62,0
224,64,0
225,62,0
226,64,0
227,60,0
228,62,0
229,60,0
230,60,0
231,62,0
232,64,0
233,63,0
234,63,0
235,61,0
236,61,0
237,63,0
238,59,0
239,61,0
240,59,0
241,61,0
242,59,0
243,63,0
244,59,0
245,61,0
246,59,0
247,61,0
248,63,0
249,61,0
250,62,0
251,62,0
252,60,0
253,63,0
254,63,0
255,65,0
256,63,0
257,65,0
258,61,0
259,64,0
260,62,0
261,60,0
262,60,0
263,60,0
264,59,0
265,63,0
266,59,0
267,63,0
268,61,0
269,61,0
270,61,0
271,63,0
272,63,0
273,61,0
274,63,0
275,63,0
276,62,0
277,63,0
278,63,0
279,65,0
280,63,0
281,63,0
282,63,0
283,61,0
284,61,0
285,61,0
286,59,0
287,63,0
288,61,0
289,60,0
290,62,0
291,60,0
292,62,0
293,62,0
294,60,0
295,62,0
296,62,0
297,62,0
298,60,0
299,62,0
300,60,0
301,59,0
302,63,0
303,63,0
304,61,0
305,59,0
306,63,0
307,60,0
308,62,0
309,62,0
310,62,0
311,62,0
312,62,0
313,64,0
314,62,0
315,60,0
316,60,0
317,60,0
318,60,0
319,62,0
320,60,0
321,63,0
322,61,0
323,61,0
324,63,0
325,65,0
326,61,0
327,59,0
328,59,0
329,63,0
330,63,0
331,59,0
332,60,0
333,60,0
334,62,0
335,62,0
336,62,0
337,62,0
338,60,0
339,62,0
340,62,0
341,62,0
342,62,0
343,62,0
344,62,0
345,64,0
346,64,0
347,63,0
348,62,0
349,63,0
350,63,0
351,63,0
352,63,0
353,63,0
354,61,0
355,63,0
356,60,0
357,62,0
358,62,0
359,63,0
360,60,0
361,61,0
362,61,0
363,59,0
364,61,0
365,62,0
366,62,0
367,62,0
368,62,0
369,62,0
370,62,0
371,62,0
372,62,0
373,62,0
374,62,0
375,62,0
376,62,0
377,62,0
378,84,0
379,81,0
380,82,0
381,83,0
382,63,0
383,61,0
384,82,0
385,83,0
386,61,0
387,63,0
388,60,0
389,62,0
390,62,0
391,63,0
392,61,0
393,61,0
394,63,0
395,59,0
396,59,0
397,60,0
398,60,0
399,60,0
400,60,0
401,62,0
402,62,0
403,62,0
404,60,0
405,61,0
406,61,0
407,61,0
408,62,0
409,60,0
410,62,0
411,62,0
412,62,0
413,63,0
414,59,0
415,61,0
416,60,0
417,62,0
418,62,0
419,62,0
420,60,0
421,60,0
422,62,0
423,61,0
424,61,0
425,61,0
426,61,0
427,61,0
428,62,0
429,64,0
430,62,0
431,62,0
432,61,0
433,65,0
434,59,0
435,63,0
436,61,0
437,63,0
438,62,0
439,62,0
440,62,0
441,64,0
442,62,0
443,62,0
444,60,0
445,60,0
446,64,0
447,62,0
448,62,0
449,60,0
450,59,0
451,59,0
452,61,0
453,61,0
454,60,0
455,62,0
456,60,0
457,62,0
458,62,0
459,61,0
460,61,0
461,60,0
462,60,0
463,62,0
464,62,0
465,62,0
466,62,0
467,60,0
468,63,0
469,63,0
470,59,0
471,59,0
472,62,0
473,62,0
474,62,0
475,60,0
476,62,0
477,61,0
478,61,0
479,61,0
480,61,0
481,63,0
482,62,0
483,62,0
484,62,0
485,63,0
486,63,0
487,61,0
488,63,0
489,61,0
490,62,0
491,60,0
492,62,0
493,62,0
494,61,0
495,65,0
496,61,0
497,59,0
498,61,0
499,62,0
500,62,0
501,62,0
502,64,0
503,62,0
504,59,0
505,61,0
506,63,0
507,61,0
508,62,0
509,63,0
510,59,0
511,63,0
512,60,0
513,62,0
514,60,0
515,62,0
516,61,0
517,59,0
518,61,0
519,63,0
520,62,0
521,62,0
522,62,0
523,63,0
524,61,0
525,59,0
526,59,0
527,59,0
528,63,0
529,61,0
530,60,0
531,62,0
532,60,0
533,60,0
534,62,0
535,62,0
536,62,0
537,60,0
538,62,0
539,63,0
540,59,0
541,61,0
542,63,0
543,59,0
544,61,0
545,63,0
546,63,0
547,59,0
548,59,0
549,62,0
550,62,0
551,62,0
552,62,0
553,60,0
554,62,0
555,60,0
556,60,0
557,62,0
558,62,0
559,63,0
560,63,0
561,59,0
562,63,0
563,61,0
564,63,0
565,60,0
566,60,0
567,62,0
568,60,0
569,62,0
570,62,0
571,62,0
572,61,0
573,65,0
574,61,0
575,63,0
576,62,0
577,64,0
578,60,0
579,63,0
580,63,0
581,61,0
582,59,0
583,62,0
584,62,0
585,62,0
586,64,0
587,64,0
588,62,0
589,63,0
590,63,0
591,59,0
592,62,0
593,60,0
594,64,0
595,64,0
596,62,0
597,63,0
598,61,0
599,61,0
600,63,0
601,62,0
602,62,0
603,63,0
604,63,0
605,63,0
606,59,0
607,63,0
608,61,0
609,60,0
610,62,0
611,62,0
612,62,0
613,60,0
614,63,0
615,63,0
616,63,0
617,61,0
618,60,0
619,64,0
620,62,0
621,62,0
622,62,0
623,63,0
624,61,0
625,63,0
626,59,0
627,61,0
628,62,0
629,62,0
630,62,0
631,62,0
632,62,0
633,62,0
634,63,0
635,61,0
636,59,0
637,61,0
638,59,0
639,62,0
640,62,0
641,60,0
642,62,0
643,63,0
644,61,0
645,65,0
646,63,0
647,61,0
648,59,0
649,62,0
650,62,0
651,60,0
652,60,0
653,60,0
654,62,0
655,62,0
656,60,0
657,59,0
658,63,0
659,63,0
660,62,0
661,62,0
662,60,0
663,60,0
664,62,0
665,62,0
666,60,0
667,62,0
668,59,0
669,61,0
670,63,0
671,63,0
672,61,0
673,61,0
674,63,0
675,63,0
676,61,0
677,60,0
678,60,0
679,60,0
680,60,0
681,62,0
682,59,0
683,61,0
684,63,0
685,61,0
686,62,0
687,62,0
688,60,0
689,62,0
690,62,0
691,64,0
692,61,0
693,61,0
694,59,0
695,65,0
696,63,0
697,61,0
698,59,0
699,61,0
700,62,0
701,64,0
702,62,0
703,62,0
704,62,0
705,60,0
706,62,0
707,62,0
708,61,0
709,63,0
710,62,0
711,62,0
712,60,0
713,60,0
714,64,0
715,62,0
716,61,0
717,63,0
718,61,0
719,63,0
720,62,0
721,60,0
722,60,0
723,61,0
724,61,0
725,61,0
726,61,0
727,61,0
728,61,0
729,62,0
730,60,0
731,60,0
732,59,0
733,61,0
734,63,0
735,61,0
736,63,0
737,63,0
738,64,0
739,62,0
740,62,0
741,60,0
742,62,0
743,63,0
744,63,0
745,62,0
746,62,0
747,62,0
748,60,0
749,61,0
750,63,0
751,61,0
752,61,0
753,62,0
754,62,0
755,63,0
756,61,0
757,63,0
758,60,0
759,62,0
760,60,0
761,60,0
762,62,0
763,59,0
764,63,0
765,59,0
766,63,0
767,60,0
768,62,0
769,64,0
770,62,0
771,62,0
772,60,0
773,60,0
774,63,0
775,61,0
776,59,0
777,61,0
778,59,0
779,62,0
780,62,0
781,60,0
782,62,0
783,60,0
784,60,0
785,60,0
786,64,0
787,62,0
788,59,0
789,61,0
790,60,0
791,62,0
792,60,0
793,60,0
794,62,0
795,60,0
796,62,0
797,63,0
798,61,0
799,59,0
800,61,0
801,61,0
802,61,0
803,63,0
804,63,0
805,61,0
806,61,0
807,62,0
808,62,0
809,62,0
810,62,0
811,62,0
812,62,0
813,63,0
814,61,0
815,63,0
816,61,0
817,65,0
818,60,0
819,62,0
820,62,0
821,60,0
822,62,0
823,60,0
824,62,0
825,63,0
826,59,0
827,61,0
828,60,0
829,62,0
830,63,0
831,61,0
832,59,0
833,62,0
834,62,0
835,62,0
836,62,0
837,63,0
838,61,0
839,59,0
840,62,0
841,63,0
842,61,0
843,59,0
844,59,0
845,63,0
846,61,0
847,59,0
848,60,0
849,60,0
850,62,0
851,62,0
852,62,0
853,62,0
854,63,0
855,63,0
856,63,0
857,61,0
858,61,0
859,61,0
860,61,0
861,62,0
862,60,0
863,62,0
864,63,0
865,59,0
866,63,0
867,61,0
868,62,0
869,62,0
870,62,0
871,60,0
872,62,0
873,63,0
874,61,0
875,61,0
876,61,0
877,62,0
878,62,0
879,60,0
880,62,0
881,62,0
882,61,0
883,63,0
884,61,0
885,59,0
886,59,0
887,62,0
888,60,0
889,60,0
890,60,0
891,64,0
892,62,0
893,62,0
894,60,0
895,60,0
896,62,0
897,60,0
898,60,0
899,60,0
900,62,0
901,61,0
902,63,0
903,63,0
904,63,0
905,65,0
906,63,0
907,61,0
908,59,0
909,59,0
910,60,0
911,62,0
912,62,0
913,64,0
914,60,0
915,60,0
916,63,0
917,61,0
918,63,0
919,83,0
920,61,0
921,62,0
922,64,0
923,60,0
924,62,0
925,63,0
926,61,0
927,61,0
928,59,0
929,61,0
930,63,0
931,60,0
932,62,0
933,62,0
934,64,0
935,62,0
936,62,0
937,61,0
938,59,0
939,61,0
940,59,0
941,63,0
942,64,0
943,62,0
944,60,0
945,62,0
946,62,0
947,62,0
948,62,0
949,59,0
950,61,0
951,61,0
952,61,0
953,63,0
954,61,0
955,63,0
956,59,0
957,59,0
958,63,0
959,64,0
960,64,0
961,64,0
962,60,0
963,62,0
964,60,0
965,61,0
966,61,0
967,59,0
968,62,0
969,60,0
970,63,0
971,59,0
972,63,0
973,59,0
974,60,0
975,62,0
976,62,0
977,63,0
978,63,0
979,61,0
980,63,0
981,61,0
982,61,0
983,63,0
984,65,0
985,63,0
986,60,0
987,62,0
988,62,0
989,62,0
990,62,0
991,62,0
992,60,0
993,62,0
994,60,0
995,60,0
996,60,0
997,65,0
998,61,0
999,61,0
1000,59,0
1001,62,0
1002,62,0
1003,62,0
1004,62,0
1005,64,0
1006,61,0
1007,59,0
1008,63,0
1009,62,0
1010,60,0
1011,62,0
1012,64,0
1013,60,0
1014,62,0
1015,62,0
1016,60,0
1017,63,0
1018,63,0
1019,59,0
1020,64,0
1021,62,0
1022,63,0
1023,59,0
1024,65,0
1025,59,0
1026,64,0
1027,60,0
1028,62,0
1029,62,0
1030,59,0
1031,63,0
1032,63,0
1033,59,0
1034,60,0
1035,60,0
1036,62,0
1037,62,0
1038,62,0
1039,62,0
1040,62,0
1041,59,0
1042,61,0
1043,63,0
1044,62,0
1045,62,0
1046,62,0
1047,61,0
1048,60,0
1049,62,0
1050,61,0
1051,61,0
1052,61,0
1053,65,0
1054,61,0
1055,63,0
1056,63,0
1057,63,0
1058,60,0
1059,62,0
1060,62,0
1061,64,0
1062,64,0
1063,59,0
1064,59,0
1065,61,0
1066,61,0
1067,59,0
1068,60,0
1069,62,0
1070,63,0
1071,65,0
1072,63,0
1073,59,0
1074,60,0
1075,60,0
1076,62,0
1077,64,0
1078,60,0
1079,60,0
1080,62,0
1081,60,0
1082,65,0
1083,63,0
1084,61,0
1085,61,0
1086,60,0
1087,62,0
1088,62,0
1089,60,0
1090,60,0
1091,63,0
1092,61,0
1093,61,0
1094,59,0
1095,60,0
1096,64,0
1097,64,0
1098,62,0
1099,62,0
1100,60,0
1101,61,0
1102,61,0
1103,63,0
1104,59,0
1105,63,0
1106,61,0
1107,61,0
1108,62,0
1109,62,0
1110,59,0
1111,61,0
1112,61,0
1113,61,0
1114,59,0
1115,61,0
1116,62,0
1117,60,0
1118,62,0
1119,62,0
1120,62,0
1121,60,0
1122,62,0
1123,62,0
1124,60,0
1125,62,0
1126,62,0
1127,62,0
1128,65,0
1129,62,0
1130,61,0
1131,65,0
1132,59,0
1133,59,0
1134,59,0
1135,65,0
1136,65,0
1137,63,0
1138,60,0
1139,62,0
1140,59,0
1141,61,0
1142,63,0
1143,63,0
1144,61,0
1145,59,0
1146,61,0
1147,59,0
1148,61,0
1149,63,0
1150,63,0
1151,63,0
1152,60,0
1153,62,0
1154,62,0
1155,60,0
1156,62,0
1157,62,0
1158,62,0
1159,64,0
1160,61,0
1161,61,0
1162,62,0
1163,62,0
1164,62,0
1165,62,0
1166,60,0
1167,59,0
1168,62,0
1169,64,0
1170,62,0
1171,60,0
1172,62,0
1173,61,0
1174,61,0
1175,63,0
1176,59,0
1177,63,0
1178,61,0
1179,65,0
1180,62,0
1181,60,0
1182,62,0
1183,60,0
1184,64,0
1185,62,0
1186,60,0
1187,63,0
1188,63,0
1189,61,0
1190,61,0
1191,59,0
1192,59,0
1193,60,0
1194,62,0
1195,60,0
1196,60,0
1197,61,0
1198,63,0
1199,59,0
1200,60,0
1201,62,0
1202,62,0
1203,62,0
1204,62,0
1205,60,0
1206,59,0
1207,63,0
1208,65,0
1209,59,0
1210,60,0
1211,62,0
1212,62,0
1213,62,0
1214,61,0
1215,61,0
1216,59,0
1217,61,0
1218,61,0
1219,60,0
1220,62,0
1221,62,0
1222,60,0
1223,60,0
1224,62,0
1225,62,0
1226,60,0
1227,60,0
1228,60,0
1229,62,0
1230,60,0
1231,62,0
1232,62,0
1233,61,0
1234,62,0
1235,63,0
1236,59,0
1237,59,0
1238,61,0
1239,61,0
1240,61,0
1241,61,0
1242,61,0
1243,60,0
1244,62,0
1245,60,0
1246,60,0
1247,60,0
1248,62,0
1249,59,0
1250,61,0
1251,63,0
1252,59,0
1253,63,0
1254,62,0
1255,62,0
1256,62,0
1257,60,0
1258,60,0
1259,62,0
1260,81,0
1261,84,0
1262,61,0
1263,60,0
1264,62,0
1265,85,0
1266,81,0
1267,62,0
1268,64,0
1269,60,0
1270,64,0
1271,64,0
1272,60,0
1273,59,0
1274,63,0
1275,59,0
1276,63,0
1277,59,0
1278,65,0
1279,61,0
1280,63,0
1281,62,0
1282,60,0
1283,60,0
1284,62,0
1285,61,0
1286,63,0
1287,61,0
1288,62,0
1289,62,0
1290,61,0
1291,59,0
1292,59,0
1293,63,0
1294,62,0
1295,60,0
1296,62,0
1297,62,0
1298,65,0
1299,61,0
1300,61,0
1301,63,0
1302,62,0
1303,64,0
1304,61,0
1305,61,0
1306,64,0
1307,62,0
1308,62,0
1309,62,0
1310,60,0
1311,62,0
1312,59,0
1313,59,0
1314,62,0
1315,62,0
1316,62,0
1317,62,0
1318,62,0
1319,63,0
1320,61,0
1321,61,0
1322,62,0
1323,62,0
1324,62,0
1325,62,0
1326,64,0
1327,62,0
1328,62,0
1329,62,0
1330,61,0
1331,63,0
1332,63,0
1333,59,0
1334,63,0
1335,63,0
1336,61,0
1337,62,0
1338,62,0
1339,63,0
1340,65,0
1341,63,0
1342,65,0
1343,63,0
1344,60,0
1345,64,0
1346,62,0
1347,62,0
1348,61,0
1349,61,0
1350,59,0
1351,63,0
1352,59,0
1353,64,0
1354,62,0
1355,60,0
1356,60,0
1357,60,0
1358,59,0
1359,61,0
1360,60,0
1361,64,0
1362,62,0
1363,62,0
1364,60,0
1365,60,0
1366,62,0
1367,62,0
1368,62,0
1369,61,0
1370,61,0
1371,65,0
1372,62,0
1373,60,0
1374,60,0
1375,62,0
1376,60,0
1377,62,0
1378,62,0
1379,62,0
1380,60,0
1381,64,0
1382,62,0
1383,60,0
1384,60,0
1385,61,0
1386,61,0
1387,59,0
1388,60,0
1389,62,0
1390,60,0
1391,60,0
1392,62,0
1393,62,0
1394,64,0
1395,62,0
1396,62,0
1397,62,0
1398,61,0
1399,61,0
1400,62,0
1401,64,0
1402,60,0
1403,60,0
1404,62,0
1405,61,0
1406,61,0
1407,63,0
1408,59,0
1409,60,0
1410,62,0
1411,62,0
1412,62,0
1413,62,0
1414,62,0
1415,62,0
1416,63,0
1417,63,0
1418,60,0
1419,60,0
1420,62,0
1421,62,0
1422,62,0
1423,61,0
1424,63,0
1425,63,0
1426,59,0
1427,61,0
1428,61,0
1429,60,0
1430,60,0
1431,63,0
1432,63,0
1433,61,0
1434,63,0
1435,59,0
1436,63,0
1437,62,0
1438,62,0
1439,62,0
1440,62,0
1441,62,0
1442,62,0
1443,65,0
1444,62,0
1445,62,0
1446,62,0
1447,62,0
1448,64,0
1449,61,0
1450,61,0
1451,61,0
1452,63,0
1453,65,0
1454,60,0
1455,60,0
1456,60,0
1457,59,0
1458,59,0
1459,63,0
1460,63,0
1461,62,0
1462,62,0
1463,62,0
1464,62,0
1465,64,0
1466,59,0
1467,59,0
1468,63,0
1469,60,0
1470,62,0
1471,60,0
1472,62,0
1473,62,0
1474,60,0
1475,62,0
1476,60,0
1477,61,0
1478,61,0
1479,61,0
1480,59,0
1481,61,0
1482,60,0
1483,60,0
1484,60,0
1485,62,0
1486,62,0
1487,62,0
1488,61,0
1489,61,0
1490,61,0
1491,61,0
1492,63,0
1493,63,0
1494,63,0
1495,59,0
1496,60,0
1497,60,0
1498,62,0
1499,62,0
1500,60,0
1501,61,0
1502,61,0
1503,63,0
1504,59,0
1505,63,0
1506,61,0
1507,60,0
1508,62,0
1509,62,0
1510,60,0
1511,62,0
1512,60,0
1513,62,0
1514,62,0
1515,61,0
1516,59,0
1517,62,0
1518,60,0
1519,64,0
1520,62,0
1521,59,0
1522,63,0
1523,59,0
1524,59,0
1525,60,0
1526,60,0
1527,64,0
1528,60,0
1529,59,0
1530,63,0
1531,61,0
1532,59,0
1533,61,0
1534,63,0
1535,62,0
1536,62,0
1537,60,0
1538,62,0
1539,60,0
1540,62,0
1541,60,0
1542,61,0
1543,63,0
1544,61,0
1545,59,0
1546,62,0
1547,60,0
1548,62,0
1549,62,0
1550,60,0
1551,63,0
1552,59,0
1553,63,0
1554,61,0
1555,60,0
1556,60,0
1557,62,0
1558,62,0
1559,63,0
1560,59,0
1561,63,0
1562,62,0
1563,60,0
1564,62,0
1565,68,0
1566,60,0
1567,70,0
1568,81,0
1569,83,0
1570,65,0
1571,65,0
1572,65,0
1573,71,0
1574,67,0
1575,87,0
1576,68,0
1577,71,0
1578,73,0
1579,64,0
1580,65,0
1581,60,0
1582,60,0
1583,61,0
1584,67,0
1585,68,0
1586,64,0
1587,62,0
1588,238,1
1589,62,0
1590,61,0
1591,66,0
1592,233,1
1593,62,0
1594,60,0
1595,67,0
1596,80,0
1597,69,0
1598,67,0
1599,66,0
1600,71,0
1601,68,0
1602,63,0
1603,73,0
1604,61,0
1605,96,0
1606,445,1
1607,65,0
1608,62,0
1609,60,0
1610,62,0
1611,62,0
1612,59,0
1613,60,0
1614,60,0
1615,62,0
1616,62,0
1617,62,0
1618,62,0
1619,61,0
1620,59,0
1621,59,0
1622,63,0
1623,62,0
1624,62,0
1625,62,0
1626,60,0
1627,60,0
1628,61,0
1629,59,0
1630,61,0
1631,63,0
1632,61,0
1633,61,0
1634,64,0
1635,62,0
1636,60,0
1637,62,0
1638,62,0
1639,61,0
1640,61,0
1641,62,0
1642,62,0
1643,60,0
1644,62,0
1645,61,0
1646,61,0
1647,61,0
1648,62,0
1649,62,0
1650,60,0
1651,61,0
1652,59,0
1653,60,0
1654,60,0
1655,62,0
1656,61,0
1657,59,0
1658,60,0
1659,64,0
1660,62,0
1661,62,0
1662,62,0
1663,60,0
1664,62,0
1665,62,0
1666,59,0
1667,59,0
1668,63,0
1669,65,0
1670,62,0
1671,62,0
1672,60,0
1673,60,0
1674,62,0
1675,59,0
1676,59,0
1677,62,0
1678,62,0
1679,62,0
1680,62,0
1681,62,0
1682,60,0
1683,60,0
1684,63,0
1685,62,0
1686,62,0
1687,60,0
1688,59,0
1689,63,0
1690,61,0
1691,61,0
1692,59,0
1693,59,0
1694,65,0
1695,62,0
1696,62,0
1697,62,0
1698,62,0
1699,61,0
1700,63,0
1701,61,0
1702,63,0
1703,63,0
1704,63,0
1705,62,0
1706,62,0
1707,62,0
1708,62,0
1709,60,0
1710,64,0
1711,62,0
1712,62,0
1713,63,0
1714,61,0
1715,63,0
1716,61,0
1717,61,0
1718,62,0
1719,60,0
1720,60,0
1721,60,0
1722,62,0
1723,62,0
1724,62,0
1725,62,0
1726,60,0
1727,59,0
1728,59,0
1729,61,0
1730,63,0
1731,65,0
1732,62,0
1733,61,0
1734,62,0
1735,62,0
1736,62,0
1737,60,0
1738,62,0
1739,62,0
1740,62,0
1741,61,0
1742,63,0
1743,59,0
1744,59,0
1745,61,0
1746,83,0
1747,60,0
1748,63,0
1749,61,0
1750,59,0
1751,62,0
1752,62,0
1753,60,0
1754,59,0
1755,61,0
1756,63,0
1757,63,0
1758,62,0
1759,62,0
1760,62,0
1761,62,0
1762,60,0
1763,60,0
1764,62,0
1765,62,0
1766,62,0
1767,60,0
1768,62,0
1769,60,0
1770,59,0
1771,63,0
1772,59,0
1773,65,0
1774,62,0
1775,60,0
1776,62,0
1777,62,0
1778,60,0
1779,62,0
1780,62,0
1781,60,0
1782,62,0
1783,59,0
1784,59,0
1785,60,0
1786,62,0
1787,62,0
1788,60,0
1789,60,0
1790,59,0
1791,59,0
1792,63,0
1793,60,0
1794,60,0
1795,60,0
1796,60,0
1797,62,0
1798,60,0
1799,60,0
1800,60,0
1801,62,0
1802,62,0
1803,61,0
1804,61,0
1805,59,0
1806,59,0
1807,59,0
1808,60,0
1809,62,0
1810,62,0
1811,62,0
1812,62,0
1813,60,0
1814,60,0
1815,61,0
1816,61,0
1817,63,0
1818,61,0
1819,60,0
1820,62,0
1821,60,0
1822,64,0
1823,60,0
1824,60,0
1825,62,0
1826,62,0
1827,65,0
1828,60,0
1829,62,0
1830,62,0
1831,60,0
1832,62,0
1833,60,0
1834,64,0
1835,62,0
1836,61,0
1837,59,0
1838,61,0
1839,63,0
1840,62,0
1841,62,0
1842,64,0
1843,62,0
1844,60,0
1845,63,0
1846,60,0
1847,62,0
1848,60,0
1849,62,0
1850,61,0
1851,59,0
1852,61,0
1853,63,0
1854,60,0
1855,60,0
1856,60,0
1857,60,0
1858,61,0
1859,63,0
1860,61,0
1861,61,0
1862,63,0
1863,60,0
1864,62,0
1865,62,0
1866,61,0
1867,61,0
1868,61,0
1869,62,0
1870,64,0
1871,62,0
1872,60,0
1873,59,0
1874,63,0
1875,59,0
1876,60,0
1877,60,0
1878,60,0
1879,62,0
1880,63,0
1881,61,0
1882,64,0
1883,64,0
1884,63,0
1885,61,0
1886,63,0
1887,63,0
1888,59,0
1889,62,0
1890,62,0
1891,60,0
1892,62,0
1893,62,0
1894,62,0
1895,60,0
1896,64,0
1897,61,0
1898,63,0
1899,60,0
1900,62,0
1901,60,0
1902,60,0
1903,62,0
1904,62,0
1905,60,0
1906,62,0
1907,61,0
1908,63,0
1909,63,0
1910,63,0
1911,63,0
1912,62,0
1913,62,0
1914,60,0
1915,64,0
1916,61,0
1917,63,0
1918,61,0
1919,63,0
1920,59,0
1921,60,0
1922,62,0
1923,62,0
1924,62,0
1925,59,0
1926,61,0
1927,61,0
1928,63,0
1929,63,0
1930,60,0
1931,62,0
1932,60,0
1933,60,0
1934,60,0
1935,63,0
1936,63,0
1937,63,0
1938,61,0
1939,63,0
1940,59,0
1941,60,0
1942,62,0
1943,60,0
1944,64,0
1945,62,0
1946,62,0
1947,60,0
1948,62,0
1949,62,0
1950,62,0
1951,60,0
1952,63,0
1953,63,0
1954,60,0
1955,62,0
1956,62,0
1957,62,0
1958,60,0
1959,59,0
1960,61,0
1961,63,0
1962,65,0
1963,59,0
1964,60,0
1965,62,0
1966,62,0
1967,60,0
1968,62,0
1969,62,0
1970,64,0
1971,62,0
1972,61,0
1973,63,0
1974,63,0
1975,59,0
1976,63,0
1977,61,0
1978,59,0
1979,62,0
1980,62,0
1981,60,0
1982,62,0
1983,62,0
1984,60,0
1985,60,0
1986,62,0
1987,59,0
1988,59,0
1989,61,0
1990,61,0
1991,62,0
1992,60,0
1993,61,0
1994,59,0
1995,61,0
1996,62,0
1997,60,0
1998,60,0
1999,62,0
2000,61,0
2001,63,0
2002,61,0
2003,61,0
2004,60,0
2005,62,0
2006,62,0
2007,62,0
2008,60,0
2009,60,0
2010,61,0
2011,61,0
2012,59,0
2013,62,0
2014,62,0
2015,62,0
2016,62,0
2017,63,0
2018,61,0
2019,61,0
2020,63,0
2021,61,0
2022,61,0
2023,59,0
2024,63,0
2025,60,0
2026,60,0
2027,62,0
2028,62,0
2029,63,0
2030,61,0
2031,61,0
2032,59,0
2033,62,0
2034,64,0
2035,60,0
2036,60,0
2037,62,0
2038,60,0
2039,60,0
2040,62,0
2041,61,0
2042,61,0
2043,61,0
2044,59,0
2045,62,0
2046,60,0
2047,62,0
2048,62,0
2049,60,0
2050,61,0
2051,63,0
2052,60,0
2053,62,0
2054,60,0
2055,62,0
2056,64,0
2057,61,0
2058,59,0
2059,59,0
2060,59,0
2061,61,0
2062,60,0
2063,60,0
2064,60,0
2065,60,0
2066,62,0
2067,62,0
2068,60,0
2069,62,0
2070,61,0
2071,61,0
2072,61,0
2073,62,0
2074,60,0
2075,62,0
2076,60,0
2077,62,0
2078,60,0
2079,82,0
2080,83,0
2081,82,0
2082,79,0
2083,83,0
2084,62,0
2085,60,0
2086,59,0
2087,61,0
2088,62,0
2089,62,0
2090,60,0
2091,61,0
2092,63,0
2093,61,0
2094,60,0
2095,62,0
2096,60,0
2097,62,0
2098,62,0
2099,64,0
2100,60,0
2101,63,0
2102,61,0
2103,61,0
2104,60,0
2105,62,0
2106,62,0
2107,62,0
2108,64,0
2109,62,0
2110,62,0
2111,63,0
2112,59,0
2113,61,0
2114,61,0
2115,60,0
2116,60,0
2117,60,0
2118,62,0
2119,63,0
2120,63,0
2121,61,0
2122,61,0
2123,62,0
2124,60,0
2125,62,0
2126,62,0
2127,62,0
2128,59,0
2129,61,0
2130,63,0
2131,59,0
2132,59,0
2133,63,0
2134,62,0
2135,64,0
2136,60,0
2137,62,0
2138,61,0
2139,63,0
2140,61,0
2141,61,0
2142,59,0
2143,62,0
2144,64,0
2145,62,0
2146,62,0
2147,60,0
2148,60,0
2149,62,0
2150,61,0
2151,61,0
2152,61,0
2153,62,0
2154,62,0
2155,62,0
2156,62,0
2157,64,0
2158,60,0
2159,62,0
2160,63,0
2161,63,0
2162,63,0
2163,61,0
2164,62,0
2165,60,0
2166,62,0
2167,62,0
2168,63,0
2169,63,0
2170,63,0
2171,61,0
2172,59,0
2173,61,0
2174,65,0
2175,62,0
2176,62,0
2177,60,0
2178,62,0
2179,62,0
2180,61,0
2181,59,0
2182,61,0
2183,61,0
2184,62,0
2185,60,0
2186,62,0
2187,62,0
2188,60,0
2189,64,0
2190,62,0
2191,62,0
2192,64,0
2193,60,0
2194,61,0
2195,61,0
2196,63,0
2197,59,0
2198,63,0
2199,60,0
2200,62,0
2201,62,0
2202,62,0
2203,60,0
2204,60,0
2205,59,0
2206,59,0
2207,63,0
2208,63,0
2209,62,0
2210,62,0
2211,62,0
2212,62,0
2213,62,0
2214,62,0
2215,62,0
2216,61,0
2217,63,0
2218,61,0
2219,60,0
2220,60,0
2221,60,0
2222,62,0
2223,59,0
2224,61,0
2225,62,0
2226,60,0
2227,62,0
2228,60,0
2229,65,0
2230,61,0
2231,61,0
2232,60,0
2233,62,0
2234,62,0
2235,59,0
2236,59,0
2237,61,0
2238,59,0
2239,63,0
2240,62,0
2241,60,0
2242,62,0
2243,62,0
2244,61,0
2245,61,0
2246,63,0
2247,63,0
2248,62,0
2249,60,0
2250,60,0
2251,61,0
2252,61,0
2253,63,0
2254,63,0
2255,62,0
2256,63,0
2257,59,0
2258,61,0
2259,61,0
2260,61,0
2261,60,0
2262,60,0
2263,62,0
2264,62,0
2265,62,0
2266,62,0
2267,62,0
2268,60,0
2269,61,0
2270,61,0
2271,61,0
2272,63,0
2273,59,0
2274,63,0
2275,60,0
2276,60,0
2277,62,0
2278,61,0
2279,59,0
2280,59,0
2281,59,0
2282,63,0
2283,63,0
2284,63,0
2285,63,0
2286,63,0
2287,63,0
2288,62,0
2289,60,0
2290,62,0
2291,62,0
2292,60,0
2293,64,0
2294,60,0
2295,62,0
2296,62,0
2297,62,0
2298,62,0
2299,60,0
2300,62,0
2301,61,0
2302,63,0
2303,61,0
2304,60,0
2305,62,0
2306,64,0
2307,60,0
2308,60,0
2309,60,0
2310,60,0
2311,61,0
2312,61,0
2313,61,0
2314,63,0
2315,61,0
2316,63,0
2317,63,0
2318,60,0
2319,60,0
2320,59,0
2321,63,0
2322,61,0
2323,61,0
2324,63,0
2325,62,0
2326,62,0
2327,62,0
2328,62,0
2329,60,0
2330,61,0
2331,61,0
2332,59,0
2333,61,0
2334,60,0
2335,62,0
2336,62,0
2337,62,0
2338,64,0
2339,63,0
2340,61,0
2341,61,0
2342,63,0
2343,65,0
2344,60,0
2345,62,0
2346,62,0
2347,62,0
2348,61,0
2349,61,0
2350,63,0
2351,63,0
2352,61,0
2353,61,0
2354,63,0
2355,61,0
2356,62,0
2357,60,0
2358,62,0
2359,60,0
2360,62,0
2361,60,0
2362,63,0
2363,63,0
2364,62,0
2365,62,0
2366,60,0
2367,62,0
2368,62,0
2369,61,0
2370,63,0
2371,62,0
2372,62,0
2373,60,0
2374,63,0
2375,59,0
2376,61,0
2377,59,0
2378,61,0
2379,59,0
2380,62,0
2381,62,0
2382,62,0
2383,61,0
2384,61,0
2385,62,0
2386,60,0
2387,60,0
2388,60,0
2389,60,0
2390,60,0
2391,63,0
2392,61,0
2393,61,0
2394,63,0
2395,61,0
2396,60,0
2397,64,0
2398,62,0
2399,62,0
2400,62,0
2401,61,0
2402,63,0
2403,61,0
2404,61,0
2405,61,0
2406,63,0
2407,59,0
2408,59,0
2409,59,0
2410,62,0
2411,62,0
2412,60,0
2413,59,0
2414,63,0
2415,63,0
2416,63,0
2417,61,0
2418,59,0
2419,64,0
2420,62,0
2421,62,0
2422,64,0
2423,63,0
2424,59,0
2425,63,0
2426,61,0
2427,62,0
2428,60,0
2429,60,0
2430,60,0
2431,64,0
2432,60,0
2433,60,0
2434,61,0
2435,61,0
2436,63,0
2437,60,0
2438,62,0
2439,60,0
2440,63,0
2441,63,0
2442,59,0
2443,61,0
2444,62,0
2445,60,0
2446,60,0
2447,62,0
2448,60,0
2449,62,0
2450,61,0
2451,59,0
2452,62,0
2453,64,0
2454,60,0
2455,60,0
2456,62,0
2457,61,0
2458,63,0
2459,65,0
2460,63,0
2461,63,0
2462,65,0
2463,62,0
2464,62,0
2465,62,0
2466,62,0
2467,60,0
2468,61,0
2469,61,0
2470,61,0
2471,63,0
2472,59,0
2473,62,0
2474,62,0
2475,62,0
2476,64,0
2477,62,0
2478,59,0
2479,63,0
2480,63,0
2481,61,0
2482,60,0
2483,60,0
2484,62,0
2485,62,0
2486,62,0
2487,62,0
2488,63,0
2489,62,0
2490,62,0
2491,62,0
2492,60,0
2493,63,0
2494,61,0
2495,62,0
2496,62,0
2497,61,0
2498,61,0
2499,59,0
2500,63,0
2501,64,0
2502,62,0
2503,62,0
2504,61,0
2505,63,0
2506,62,0
2507,62,0
2508,62,0
2509,60,0
2510,62,0
2511,63,0
2512,63,0
2513,63,0
2514,62,0
2515,62,0
2516,64,0
2517,61,0
2518,63,0
2519,63,0
2520,61,0
2521,62,0
2522,60,0
2523,60,0
2524,62,0
2525,60,0
2526,62,0
2527,63,0
2528,59,0
2529,60,0
2530,62,0
2531,62,0
2532,62,0
2533,62,0
2534,60,0
2535,62,0
2536,61,0
2537,59,0
2538,59,0
2539,59,0
2540,59,0
2541,62,0
2542,62,0
2543,62,0
2544,63,0
2545,61,0
2546,63,0
2547,61,0
2548,60,0
2549,60,0
2550,62,0
2551,60,0
2552,60,0
2553,63,0
2554,59,0
2555,61,0
2556,60,0
2557,62,0
2558,62,0
2559,60,0
2560,62,0
2561,62,0
2562,63,0
2563,59,0
2564,61,0
2565,83,0
2566,63,0
2567,63,0
2568,60,0
2569,62,0
2570,60,0
2571,64,0
2572,62,0
2573,64,0
2574,63,0
2575,61,0
2576,62,0
2577,62,0
2578,60,0
2579,62,0
2580,64,0
2581,60,0
2582,60,0
2583,60,0
2584,59,0
2585,61,0
2586,61,0
2587,61,0
2588,63,0
2589,59,0
2590,62,0
2591,62,0
2592,64,0
2593,64,0
2594,61,0
2595,61,0
2596,64,0
2597,62,0
2598,64,0
2599,60,0
2600,61,0
2601,65,0
2602,63,0
2603,62,0
2604,60,0
2605,62,0
2606,62,0
2607,59,0
2608,63,0
2609,65,0
2610,61,0
2611,64,0
2612,60,0
2613,62,0
2614,60,0
2615,62,0
2616,60,0
2617,61,0
2618,61,0
2619,60,0
2620,62,0
2621,62,0
2622,64,0
2623,60,0
2624,63,0
2625,63,0
2626,59,0
2627,61,0
2628,62,0
2629,60,0
2630,61,0
2631,63,0
2632,63,0
2633,63,0
2634,59,0
2635,63,0
2636,61,0
2637,61,0
2638,62,0
2639,60,0
2640,60,0
2641,61,0
2642,63,0
2643,63,0
2644,61,0
2645,61,0
2646,65,0
2647,59,0
2648,60,0
2649,62,0
2650,60,0
2651,61,0
2652,61,0
2653,59,0
2654,62,0
2655,60,0
2656,62,0
2657,62,0
2658,62,0
2659,61,0
2660,61,0
2661,63,0
2662,60,0
2663,60,0
2664,62,0
2665,62,0
2666,60,0
2667,59,0
2668,63,0
2669,65,0
2670,60,0
2671,62,0
2672,63,0
2673,61,0
2674,61,0
2675,61,0
2676,61,0
2677,62,0
2678,62,0
2679,60,0
2680,63,0
2681,63,0
2682,60,0
2683,60,0
2684,62,0
2685,60,0
2686,64,0
2687,60,0
2688,60,0
2689,62,0
2690,62,0
2691,60,0
2692,62,0
2693,62,0
2694,59,0
2695,63,0
2696,63,0
2697,63,0
2698,59,0
2699,62,0
2700,60,0
2701,62,0
2702,62,0
2703,60,0
2704,62,0
2705,62,0
2706,62,0
2707,62,0
2708,62,0
2709,60,0
2710,61,0
2711,61,0
2712,63,0
2713,61,0
2714,63,0
2715,59,0
2716,62,0
2717,62,0
2718,63,0
2719,63,0
2720,61,0
2721,63,0
2722,61,0
2723,61,0
2724,61,0
2725,63,0
2726,62,0
2727,60,0
2728,60,0
2729,60,0
2730,62,0
2731,62,0
2732,62,0
2733,62,0
2734,62,0
2735,62,0
2736,62,0
2737,63,0
2738,61,0
2739,63,0
2740,63,0
2741,64,0
2742,60,0
2743,60,0
2744,60,0
2745,60,0
2746,63,0
2747,63,0
2748,59,0
2749,61,0
2750,61,0
2751,61,0
2752,61,0
2753,62,0
2754,60,0
2755,62,0
2756,63,0
2757,61,0
2758,61,0
2759,59,0
2760,63,0
2761,63,0
2762,61,0
2763,59,0
2764,63,0
2765,59,0
2766,63,0
2767,61,0
2768,65,0
2769,59,0
2770,62,0
2771,60,0
2772,62,0
2773,60,0
2774,60,0
2775,62,0
2776,61,0
2777,59,0
2778,61,0
2779,60,0
2780,62,0
2781,62,0
2782,62,0
2783,61,0
2784,59,0
2785,61,0
2786,63,0
2787,63,0
2788,62,0
2789,62,0
2790,61,0
2791,61,0
2792,63,0
2793,59,0
2794,63,0
2795,60,0
2796,60,0
2797,62,0
2798,62,0
2799,62,0
2800,60,0
2801,63,0
2802,61,0
2803,63,0
2804,63,0
2805,61,0
2806,63,0
2807,62,0
2808,62,0
2809,60,0
2810,60,0
2811,61,0
2812,59,0
2813,61,0
2814,63,0
2815,59,0
2816,64,0
2817,62,0
2818,62,0
2819,62,0
2820,60,0
2821,61,0
2822,59,0
2823,61,0
2824,65,0
2825,61,0
2826,59,0
2827,61,0
2828,61,0
2829,60,0
2830,60,0
2831,60,0
2832,62,0
2833,62,0
2834,62,0
2835,60,0
2836,60,0
2837,62,0
2838,62,0
2839,61,0
2840,61,0
2841,61,0
2842,63,0
2843,59,0
2844,62,0
2845,62,0
2846,62,0
2847,62,0
2848,63,0
2849,61,0
2850,59,0
2851,61,0
2852,62,0
2853,62,0
2854,60,0
2855,63,0
2856,61,0
2857,61,0
2858,61,0
2859,62,0
2860,64,0
2861,60,0
2862,62,0
2863,62,0
2864,62,0
2865,62,0
2866,63,0
2867,63,0
2868,61,0
2869,62,0
2870,60,0
2871,62,0
2872,62,0
2873,62,0
2874,61,0
2875,65,0
2876,61,0
2877,63,0
2878,62,0
2879,62,0
2880,61,0
2881,59,0
2882,59,0
2883,59,0
2884,63,0
2885,61,0
2886,61,0
2887,59,0
2888,59,0
2889,65,0
2890,59,0
2891,63,0
2892,59,0
2893,60,0
2894,60,0
2895,64,0
2896,62,0
2897,60,0
2898,79,0
2899,81,0
2900,81,0
2901,84,0
2902,79,0
2903,85,0
2904,83,0
2905,64,0
2906,60,0
2907,62,0
2908,65,0
2909,63,0
2910,61,0
2911,61,0
2912,61,0
2913,63,0
2914,59,0
2915,63,0
2916,59,0
2917,61,0
2918,59,0
2919,62,0
2920,60,0
2921,64,0
2922,60,0
2923,63,0
2924,61,0
2925,63,0
2926,63,0
2927,59,0
2928,62,0
2929,62,0
2930,62,0
2931,60,0
2932,62,0
2933,60,0
2934,61,0
2935,63,0
2936,63,0
2937,59,0
2938,60,0
2939,62,0
2940,60,0
2941,60,0
2942,60,0
2943,61,0
2944,63,0
2945,61,0
2946,59,0
2947,63,0
2948,63,0
2949,63,0
2950,63,0
2951,63,0
2952,63,0
2953,60,0
2954,62,0
2955,62,0
2956,62,0
2957,62,0
2958,62,0
2959,63,0
2960,61,0
2961,59,0
2962,63,0
2963,63,0
2964,61,0
2965,62,0
2966,60,0
2967,64,0
2968,62,0
2969,61,0
2970,59,0
2971,62,0
2972,62,0
2973,62,0
2974,60,0
2975,62,0
2976,62,0
2977,61,0
2978,63,0
2979,61,0
2980,63,0
2981,63,0
2982,62,0
2983,60,0
2984,62,0
2985,62,0
2986,60,0
2987,63,0
2988,59,0
2989,61,0
2990,59,0
2991,62,0
2992,60,0
2993,62,0
2994,62,0
2995,62,0
2996,61,0
2997,63,0
2998,62,0
2999,62,0
3000,60,0
3001,62,0
3002,60,0
3003,62,0
3004,65,0
3005,63,0
3006,62,0
3007,60,0
3008,62,0
3009,62,0
3010,62,0
3011,62,0
3012,60,0
3013,60,0
3014,59,0
3015,63,0
3016,59,0
3017,63,0
3018,60,0
3019,62,0
3020,62,0
3021,59,0
3022,61,0
3023,65,0
3024,60,0
3025,60,0
3026,60,0
3027,64,0
3028,64,0
3029,60,0
3030,61,0
3031,59,0
3032,60,0
3033,60,0
3034,60,0
3035,59,0
3036,61,0
3037,63,0
3038,63,0
3039,60,0
3040,62,0
3041,60,0
3042,62,0
3043,62,0
3044,62,0
3045,62,0
3046,60,0
3047,59,0
3048,63,0
3049,63,0
3050,61,0
3051,59,0
3052,61,0
3053,61,0
3054,63,0
3055,61,0
3056,62,0
3057,62,0
3058,62,0
3059,59,0
3060,59,0
3061,59,0
3062,61,0
3063,63,0
3064,59,0
3065,59,0
3066,63,0
3067,62,0
3068,62,0
3069,62,0
3070,62,0
3071,62,0
3072,62,0
3073,62,0
3074,64,0
3075,62,0
3076,63,0
3077,61,0
3078,63,0
3079,63,0
3080,63,0
3081,65,0
3082,63,0
3083,63,0
3084,63,0
3085,59,0
3086,60,0
3087,62,0
3088,62,0
3089,62,0
3090,64,0
3091,59,0
3092,63,0
3093,63,0
3094,63,0
3095,59,0
3096,63,0
3097,61,0
3098,59,0
3099,60,0
3100,62,0
3101,85,0
3102,90,0
3103,61,0
3104,62,0
3105,60,0
3106,62,0
3107,61,0
3108,63,0
3109,61,0
3110,61,0
3111,60,0
3112,62,0
3113,62,0
3114,63,0
3115,63,0
3116,61,0
3117,62,0
3118,61,0
3119,61,0
3120,63,0
3121,61,0
3122,59,0
3123,60,0
3124,64,0
3125,62,0
3126,62,0
3127,63,0
3128,59,0
3129,64,0
3130,62,0
3131,64,0
3132,62,0
3133,61,0
3134,63,0
3135,62,0
3136,62,0
3137,60,0
3138,60,0
3139,60,0
3140,61,0
3141,63,0
3142,61,0
3143,61,0
3144,61,0
3145,61,0
3146,61,0
3147,62,0
3148,62,0
3149,60,0
3150,62,0
3151,59,0
3152,63,0
3153,61,0
3154,61,0
3155,61,0
3156,59,0
3157,60,0
3158,62,0
3159,62,0
3160,62,0
3161,61,0
3162,61,0
3163,63,0
3164,61,0
3165,60,0
3166,64,0
3167,60,0
3168,62,0
3169,60,0
3170,62,0
3171,63,0
3172,63,0
3173,59,0
3174,61,0
3175,63,0
3176,59,0
3177,63,0
3178,62,0
3179,62,0
3180,62,0
3181,62,0
3182,61,0
3183,59,0
3184,61,0
3185,61,0
3186,63,0
3187,63,0
3188,62,0
3189,62,0
3190,60,0
3191,65,0
3192,63,0
3193,63,0
3194,62,0
3195,60,0
3196,62,0
3197,60,0
3198,62,0
3199,62,0
3200,63,0
3201,61,0
3202,63,0
3203,62,0
3204,60,0
3205,60,0
3206,60,0
3207,63,0
3208,61,0
3209,59,0
3210,59,0
3211,59,0
3212,59,0
3213,62,0
3214,60,0
3215,62,0
3216,62,0
3217,62,0
3218,62,0
3219,60,0
3220,63,0
3221,60,0
3222,62,0
3223,60,0
3224,61,0
3225,61,0
3226,59,0
3227,62,0
3228,62,0
3229,62,0
3230,62,0
3231,62,0
3232,62,0
3233,62,0
3234,61,0
3235,65,0
3236,59,0
3237,62,0
3238,60,0
3239,64,0
3240,62,0
3241,60,0
3242,62,0
3243,61,0
3244,60,0
3245,62,0
3246,62,0
3247,60,0
3248,64,0
3249,62,0
3250,63,0
3251,63,0
3252,59,0
3253,61,0
3254,62,0
3255,60,0
3256,60,0
3257,60,0
3258,62,0
3259,61,0
3260,59,0
3261,63,0
3262,60,0
3263,62,0
3264,62,0
3265,62,0
3266,62,0
3267,62,0
3268,65,0
3269,65,0
3270,61,0
3271,59,0
3272,59,0
3273,63,0
3274,61,0
3275,59,0
3276,62,0
3277,62,0
3278,62,0
3279,62,0
3280,60,0
3281,64,0
3282,62,0
3283,62,0
3284,62,0
3285,61,0
3286,59,0
3287,61,0
3288,60,0
3289,60,0
3290,64,0
3291,64,0
3292,62,0
3293,62,0
3294,60,0
3295,62,0
3296,62,0
3297,61,0
3298,63,0
3299,59,0
3300,62,0
3301,62,0
3302,60,0
3303,60,0
3304,59,0
3305,63,0
3306,61,0
3307,60,0
3308,60,0
3309,63,0
3310,63,0
3311,63,0
3312,62,0
3313,62,0
3314,62,0
3315,62,0
3316,64,0
3317,62,0
3318,61,0
3319,63,0
3320,63,0
3321,61,0
3322,63,0
3323,63,0
3324,60,0
3325,62,0
3326,64,0
3327,64,0
3328,63,0
3329,61,0
3330,61,0
3331,63,0
3332,59,0
3333,59,0
3334,62,0
3335,62,0
3336,62,0
3337,62,0
3338,62,0
3339,61,0
3340,59,0
3341,63,0
3342,61,0
3343,62,0
3344,62,0
3345,64,0
3346,60,0
3347,62,0
3348,64,0
3349,62,0
3350,64,0
3351,59,0
3352,63,0
3353,59,0
3354,61,0
3355,61,0
3356,63,0
3357,62,0
3358,62,0
3359,60,0
3360,62,0
3361,63,0
3362,61,0
3363,61,0
3364,61,0
3365,61,0
3366,63,0
3367,62,0
3368,62,0
3369,62,0
3370,62,0
3371,61,0
3372,59,0
3373,63,0
3374,59,0
3375,63,0
3376,62,0
3377,60,0
3378,62,0
3379,60,0
3380,62,0
3381,60,0
3382,62,0
3383,59,0
3384,82,0
3385,60,0
3386,62,0
3387,62,0
3388,61,0
3389,59,0
3390,62,0
3391,62,0
3392,63,0
3393,61,0
3394,63,0
3395,60,0
3396,62,0
3397,62,0
3398,60,0
3399,63,0
3400,61,0
3401,63,0
3402,59,0
3403,62,0
3404,60,0
3405,62,0
3406,59,0
3407,63,0
3408,63,0
3409,60,0
3410,62,0
3411,64,0
3412,60,0
3413,60,0
3414,62,0
3415,61,0
3416,61,0
3417,61,0
3418,61,0
3419,65,0
3420,62,0
3421,62,0
3422,64,0
3423,64,0
3424,62,0
3425,62,0
3426,60,0
3427,62,0
3428,62,0
3429,60,0
3430,63,0
3431,59,0
3432,63,0
3433,63,0
3434,63,0
3435,61,0
3436,61,0
3437,61,0
3438,61,0
3439,62,0
3440,60,0
3441,62,0
3442,62,0
3443,60,0
3444,63,0
3445,63,0
3446,61,0
3447,59,0
3448,61,0
3449,60,0
3450,60,0
3451,62,0
3452,60,0
3453,62,0
3454,64,0
3455,60,0
3456,61,0
3457,63,0
3458,59,0
3459,61,0
3460,64,0
3461,60,0
3462,62,0
3463,60,0
3464,62,0
3465,62,0
3466,61,0
3467,63,0
3468,63,0
3469,60,0
3470,62,0
3471,60,0
3472,60,0
3473,63,0
3474,61,0
3475,63,0
3476,63,0
3477,62,0
3478,59,0
3479,63,0
3480,61,0
3481,61,0
3482,61,0
3483,59,0
3484,63,0
3485,62,0
3486,62,0
3487,62,0
3488,62,0
3489,61,0
3490,59,0
3491,61,0
3492,59,0
3493,63,0
3494,63,0
3495,63,0
3496,63,0
3497,61,0
3498,61,0
3499,63,0
3500,60,0
3501,60,0
3502,62,0
3503,62,0
3504,60,0
3505,63,0
3506,59,0
3507,63,0
3508,62,0
3509,62,0
3510,62,0
3511,60,0
3512,62,0
3513,62,0
3514,59,0
3515,61,0
3516,61,0
3517,61,0
3518,59,0
3519,59,0
3520,60,0
3521,62,0
3522,60,0
3523,62,0
3524,60,0
3525,62,0
3526,60,0
3527,62,0
3528,64,0
3529,61,0
3530,63,0
3531,61,0
3532,61,0
3533,61,0
3534,61,0
3535,63,0
3536,62,0
3537,62,0
3538,60,0
3539,64,0
3540,59,0
3541,59,0
3542,59,0
3543,61,0
3544,64,0
3545,62,0
3546,60,0
3547,62,0
3548,62,0
3549,59,0
3550,63,0
3551,61,0
3552,63,0
3553,61,0
3554,63,0
3555,59,0
3556,61,0
3557,62,0
3558,60,0
3559,62,0
3560,59,0
3561,59,0
3562,63,0
3563,63,0
3564,63,0
3565,63,0
3566,60,0
3567,60,0
3568,60,0
3569,62,0
3570,61,0
3571,59,0
3572,61,0
3573,61,0
3574,59,0
3575,61,0
3576,60,0
3577,62,0
3578,62,0
3579,62,0
3580,61,0
3581,61,0
3582,63,0
3583,61,0
3584,62,0
3585,64,0
3586,62,0
3587,62,0
3588,62,0
3589,60,0
3590,62,0
3591,60,0
3592,62,0
3593,62,0
3594,62,0
3595,62,0
3596,61,0
3597,63,0
3598,63,0
3599,61,0
3600,61,0
3601,63,0
3602,61,0
3603,61,0
3604,62,0
3605,60,0
3606,62,0
3607,63,0
3608,61,0
3609,59,0
3610,64,0
3611,64,0
3612,62,0
3613,60,0
3614,62,0
3615,62,0
3616,61,0
3617,61,0
3618,59,0
3619,61,0
3620,61,0
3621,62,0
3622,62,0
3623,64,0
3624,60,0
3625,62,0
3626,64,0
3627,63,0
3628,61,0
3629,61,0
3630,63,0
3631,63,0
3632,59,0
3633,63,0
3634,59,0
3635,60,0
3636,62,0
3637,60,0
3638,60,0
3639,62,0
3640,61,0
3641,61,0
3642,61,0
3643,61,0
3644,63,0
3645,63,0
3646,60,0
3647,64,0
3648,64,0
3649,62,0
3650,62,0
3651,59,0
3652,61,0
3653,61,0
3654,61,0
3655,63,0
3656,61,0
3657,60,0
3658,60,0
3659,62,0
3660,60,0
3661,62,0
3662,60,0
3663,60,0
3664,60,0
3665,63,0
3666,61,0
3667,61,0
3668,65,0
3669,62,0
3670,60,0
3671,62,0
3672,62,0
3673,62,0
3674,64,0
3675,60,0
3676,60,0
3677,61,0
3678,61,0
3679,59,0
3680,65,0
3681,62,0
3682,62,0
3683,62,0
3684,60,0
3685,62,0
3686,62,0
3687,60,0
3688,62,0
3689,62,0
3690,65,0
3691,61,0
3692,61,0
3693,62,0
3694,62,0
3695,60,0
3696,60,0
3697,60,0
3698,62,0
3699,62,0
3700,64,0
3701,60,0
3702,62,0
3703,62,0
3704,65,0
3705,61,0
3706,59,0
3707,61,0
3708,59,0
3709,62,0
3710,60,0
3711,62,0
3712,62,0
3713,63,0
3714,61,0
3715,63,0
3716,61,0
3717,82,0
3718,83,0
3719,82,0
3720,85,0
3721,62,0
3722,82,0
3723,79,0
3724,59,0
3725,65,0
3726,63,0
3727,60,0
3728,62,0
3729,60,0
3730,62,0
3731,62,0
3732,60,0
3733,62,0
3734,62,0
3735,61,0
3736,59,0
3737,59,0
3738,63,0
3739,63,0
3740,60,0
3741,61,0
3742,59,0
3743,59,0
3744,61,0
3745,62,0
3746,60,0
3747,60,0
3748,62,0
3749,62,0
3750,62,0
3751,60,0
3752,62,0
3753,60,0
3754,60,0
3755,64,0
3756,61,0
3757,59,0
3758,61,0
3759,63,0
3760,61,0
3761,60,0
3762,60,0
3763,62,0
3764,62,0
3765,60,0
3766,62,0
3767,62,0
3768,60,0
3769,60,0
3770,60,0
3771,60,0
3772,60,0
3773,62,0
3774,61,0
3775,59,0
3776,61,0
3777,65,0
3778,62,0
3779,62,0
3780,61,0
3781,63,0
3782,61,0
3783,59,0
3784,63,0
3785,59,0
3786,61,0
3787,62,0
3788,62,0
3789,60,0
3790,62,0
3791,63,0
3792,63,0
3793,62,0
3794,60,0
3795,60,0
3796,61,0
3797,63,0
3798,63,0
3799,61,0
3800,62,0
3801,62,0
3802,62,0
3803,62,0
3804,60,0
3805,59,0
3806,63,0
3807,59,0
3808,63,0
3809,60,0
3810,62,0
3811,60,0
3812,62,0
3813,64,0
3814,62,0
3815,60,0
3816,60,0
3817,62,0
3818,65,0
3819,61,0
3820,65,0
3821,60,0
3822,60,0
3823,60,0
3824,63,0
3825,63,0
3826,61,0
3827,62,0
3828,60,0
3829,62,0
3830,60,0
3831,62,0
3832,60,0
3833,62,0
3834,61,0
3835,61,0
3836,59,0
3837,61,0
3838,63,0
3839,63,0
3840,60,0
3841,60,0
3842,62,0
3843,62,0
3844,60,0
3845,61,0
3846,61,0
3847,59,0
3848,59,0
3849,63,0
3850,60,0
3851,60,0
3852,60,0
3853,62,0
3854,62,0
3855,65,0
3856,62,0
3857,60,0
3858,62,0
3859,62,0
3860,60,0
3861,61,0
3862,61,0
3863,63,0
3864,61,0
3865,65,0
3866,59,0
3867,62,0
3868,60,0
3869,62,0
3870,60,0
3871,61,0
3872,61,0
3873,61,0
3874,61,0
3875,63,0
3876,61,0
3877,59,0
3878,63,0
3879,61,0
3880,59,0
3881,62,0
3882,60,0
3883,62,0
3884,64,0
3885,61,0
3886,59,0
3887,59,0
3888,63,0
3889,65,0
3890,63,0
3891,59,0
3892,60,0
3893,60,0
3894,60,0
3895,62,0
3896,62,0
3897,62,0
3898,62,0
3899,62,0
3900,60,0
3901,61,0
3902,63,0
3903,63,0
3904,61,0
3905,63,0
3906,61,0
3907,63,0
3908,62,0
3909,64,0
3910,60,0
3911,62,0
3912,60,0
3913,60,0
3914,60,0
3915,63,0
3916,63,0
3917,61,0
3918,61,0
3919,59,0
3920,59,0
3921,62,0
3922,62,0
3923,61,0
3924,61,0
3925,63,0
3926,59,0
3927,63,0
3928,62,0
3929,62,0
3930,62,0
3931,62,0
3932,62,0
3933,60,0
3934,62,0
3935,62,0
3936,62,0
3937,63,0
3938,61,0
3939,59,0
3940,61,0
3941,63,0
3942,62,0
3943,62,0
3944,62,0
3945,62,0
3946,62,0
3947,63,0
3948,62,0
3949,63,0
3950,61,0
3951,61,0
3952,65,0
3953,62,0
3954,60,0
3955,64,0
3956,60,0
3957,61,0
3958,61,0
3959,59,0
3960,61,0
3961,60,0
3962,60,0
3963,60,0
3964,59,0
3965,61,0
3966,61,0
3967,62,0
3968,62,0
3969,62,0
3970,61,0
3971,61,0
3972,61,0
3973,61,0
3974,61,0
3975,61,0
3976,60,0
3977,62,0
3978,61,0
3979,61,0
3980,61,0
3981,63,0
3982,63,0
3983,61,0
3984,62,0
3985,62,0
3986,62,0
3987,62,0
3988,63,0
3989,63,0
3990,63,0
3991,59,0
3992,61,0
3993,61,0
3994,59,0
3995,60,0
3996,62,0
3997,62,0
3998,60,0
3999,60,0
4000,62,0
4001,62,0
4002,62,0
4003,61,0
4004,61,0
4005,63,0
4006,61,0
4007,60,0
4008,60,0
4009,62,0
4010,62,0
4011,85,0
4012,62,0
4013,61,0
4014,59,0
4015,60,0
4016,62,0
4017,60,0
4018,62,0
4019,60,0
4020,65,0
4021,63,0
4022,61,0
4023,60,0
4024,60,0
4025,62,0
4026,62,0
4027,59,0
4028,61,0
4029,65,0
4030,65,0
4031,62,0
4032,62,0
4033,62,0
4034,60,0
4035,62,0
4036,62,0
4037,61,0
4038,59,0
4039,61,0
4040,61,0
4041,63,0
4042,62,0
4043,62,0
4044,62,0
4045,60,0
4046,59,0
4047,59,0
4048,59,0
4049,62,0
4050,64,0
4051,62,0
4052,62,0
4053,62,0
4054,64,0
4055,62,0
4056,61,0
4057,61,0
4058,61,0
4059,61,0
4060,61,0
4061,63,0
4062,63,0
4063,61,0
4064,59,0
4065,62,0
4066,62,0
4067,62,0
4068,64,0
4069,59,0
4070,59,0
4071,62,0
4072,60,0
4073,62,0
4074,62,0
4075,63,0
4076,59,0
4077,61,0
4078,62,0
4079,60,0
4080,60,0
4081,63,0
4082,61,0
4083,59,0
4084,64,0
4085,62,0
4086,62,0
4087,63,0
4088,61,0
4089,61,0
4090,62,0
4091,62,0
4092,59,0
4093,61,0
4094,61,0
4095,62,0
4096,64,0
4097,62,0
4098,62,0
4099,65,0
4100,61,0
4101,62,0
4102,62,0
4103,60,0
4104,60,0
4105,62,0
4106,61,0
4107,63,0
4108,61,0
4109,63,0
4110,61,0
4111,63,0
4112,62,0
4113,62,0
4114,62,0
4115,60,0
4116,63,0
4117,63,0
4118,63,0
4119,63,0
4120,63,0
4121,59,0
4122,62,0
4123,62,0
4124,62,0
4125,62,0
4126,63,0
4127,61,0
4128,59,0
4129,62,0
4130,62,0
4131,64,0
4132,61,0
4133,63,0
4134,59,0
4135,61,0
4136,63,0
4137,60,0
4138,60,0
4139,64,0
4140,62,0
4141,60,0
4142,60,0
4143,62,0
4144,63,0
4145,63,0
4146,59,0
4147,61,0
4148,60,0
4149,60,0
4150,60,0
4151,59,0
4152,59,0
4153,61,0
4154,59,0
4155,59,0
4156,60,0
4157,60,0
4158,60,0
4159,62,0
4160,63,0
4161,59,0
4162,65,0
4163,63,0
4164,61,0
4165,59,0
4166,62,0
4167,60,0
4168,62,0
4169,59,0
4170,61,0
4171,61,0
4172,61,0
4173,62,0
4174,60,0
4175,62,0
4176,60,0
4177,62,0
4178,60,0
4179,60,0
4180,60,0
4181,62,0
4182,62,0
4183,63,0
4184,61,0
4185,63,0
4186,63,0
4187,59,0
4188,61,0
4189,62,0
4190,62,0
4191,62,0
4192,59,0
4193,59,0
4194,63,0
4195,63,0
4196,65,0
4197,59,0
4198,62,0
4199,60,0
4200,60,0
4201,62,0
4202,60,0
4203,82,0
4204,63,0
4205,62,0
4206,63,0
4207,65,0
4208,61,0
4209,66,0
4210,69,0
4211,68,0
4212,66,0
4213,96,0
4214,72,0
4215,70,0
4216,63,0
4217,67,0
4218,66,0
4219,62,0
4220,70,0
4221,66,0
4222,63,0
4223,63,0
4224,68,0
4225,63,0
4226,61,0
4227,86,0
4228,62,0
4229,76,0
4230,70,0
4231,70,0
4232,61,0
4233,59,0
4234,59,0
4235,63,0
4236,79,0
4237,70,0
4238,65,0
4239,62,0
4240,70,0
4241,68,0
4242,67,0
4243,65,0
4244,61,0
4245,61,0
4246,64,0
4247,64,0
4248,61,0
4249,59,0
4250,68,0
4251,64,0
4252,63,0
4253,60,0
4254,63,0
4255,63,0
4256,68,0
4257,66,0
4258,68,0
4259,64,0
4260,88,0
4261,60,0
4262,63,0
4263,66,0
4264,90,0
4265,62,0
4266,62,0
4267,70,0
4268,72,0
4269,62,0
4270,86,0
4271,62,0
4272,68,0
4273,62,0
4274,69,0
4275,59,0
4276,64,0
4277,67,0
4278,63,0
4279,67,0
4280,66,0
4281,62,0
4282,63,0
4283,71,0
4284,87,0
4285,66,0
4286,61,0
4287,67,0
4288,60,0
4289,67,0
4290,66,0
4291,65,0
4292,68,0
4293,68,0
4294,66,0
4295,62,0
4296,65,0
4297,72,0
4298,65,0
4299,77,0
4300,65,0
4301,68,0
4302,69,0
4303,72,0
4304,69,0
4305,62,0
4306,64,0
4307,67,0
4308,72,0
4309,63,0
4310,69,0
4311,66,0
4312,64,0
4313,60,0
4314,69,0
4315,61,0
4316,64,0
4317,68,0
4318,81,0
4319,62,0
4320,74,0
4321,84,0
4322,64,0
4323,77,0
4324,60,0
4325,66,0
4326,61,0
4327,62,0
4328,66,0
4329,63,0
4330,66,0
4331,64,0
4332,65,0
4333,66,0
4334,64,0
4335,66,0
4336,65,0
4337,61,0
4338,64,0
4339,62,0
4340,69,0
4341,70,0
4342,67,0
4343,72,0
4344,67,0
4345,60,0
4346,61,0
4347,59,0
4348,63,0
4349,62,0
4350,62,0
4351,63,0
4352,63,0
4353,89,0
4354,84,0
4355,62,0
4356,61,0
4357,62,0
4358,71,0
4359,81,0
4360,68,0
4361,240,1
4362,90,0
4363,71,0
4364,83,0
4365,66,0
4366,66,0
4367,66,0
4368,234,1
4369,65,0
4370,71,0
4371,69,0
4372,89,0
4373,61,0
4374,71,0
4375,64,0
4376,64,0
4377,71,0
4378,66,0
4379,65,0
4380,66,0
4381,60,0
4382,67,0
4383,62,0
4384,83,0
4385,67,0
4386,70,0
4387,65,0
4388,91,0
4389,68,0
4390,89,0
4391,62,0
4392,82,0
4393,69,0
4394,70,0
4395,67,0
4396,72,0
4397,64,0
4398,95,0
4399,64,0
4400,59,0
4401,59,0
4402,62,0
4403,70,0
4404,62,0
4405,62,0
4406,66,0
4407,62,0
4408,72,0
4409,65,0
4410,71,0
4411,69,0
4412,62,0
4413,66,0
4414,62,0
4415,63,0
4416,65,0
4417,69,0
4418,64,0
4419,67,0
4420,71,0
4421,65,0
4422,83,0
4423,91,0
4424,64,0
4425,65,0
4426,64,0
4427,63,0
4428,62,0
4429,67,0
4430,61,0
4431,66,0
4432,65,0
4433,89,0
4434,63,0
4435,66,0
4436,62,0
4437,66,0
4438,65,0
4439,61,0
4440,62,0
4441,66,0
4442,68,0
4443,63,0
4444,60,0
4445,62,0
4446,62,0
4447,61,0
4448,62,0
4449,64,0
4450,69,0
4451,69,0
4452,60,0
4453,69,0
4454,64,0
4455,65,0
4456,67,0
4457,63,0
4458,64,0
4459,66,0
4460,61,0
4461,73,0
4462,61,0
4463,66,0
4464,66,0
4465,62,0
4466,61,0
4467,71,0
4468,63,0
4469,69,0
4470,62,0
4471,69,0
4472,66,0
4473,70,0
4474,86,0
4475,64,0
4476,59,0
4477,66,0
4478,64,0
4479,84,0
4480,70,0
4481,65,0
4482,64,0
4483,60,0
4484,63,0
4485,62,0
4486,68,0
4487,64,0
4488,84,0
4489,64,0
4490,71,0
4491,69,0
4492,68,0
4493,71,0
4494,66,0
4495,67,0
4496,69,0
4497,61,0
4498,67,0
4499,63,0
4500,67,0
4501,63,0
4502,71,0
4503,64,0
4504,70,0
4505,65,0
4506,82,0
4507,61,0
4508,73,0
4509,242,1
4510,65,0
4511,71,0
4512,68,0
4513,62,0
4514,64,0
4515,66,0
4516,87,0
4517,68,0
4518,71,0
4519,60,0
4520,61,0
4521,66,0
4522,88,0
4523,63,0
4524,65,0
4525,87,0
4526,71,0
4527,69,0
4528,88,0
4529,64,0
4530,99,0
4531,71,0
4532,86,0
4533,81,0
4534,62,0
4535,61,0
4536,90,0
4537,90,0
4538,87,0
4539,65,0
4540,68,0
4541,61,0
4542,91,0
4543,60,0
4544,65,0
4545,60,0
4546,64,0
4547,68,0
4548,256,1
4549,480,1
4550,61,0
4551,68,0
4552,84,0
4553,61,0
4554,74,0
4555,64,0
4556,67,0
4557,71,0
4558,73,0
4559,66,0
4560,64,0
4561,83,0
4562,72,0
4563,83,0
4564,83,0
4565,69,0
4566,83,0
4567,63,0
4568,67,0
4569,91,0
4570,77,0
4571,234,1
4572,68,0
4573,60,0
4574,69,0
4575,67,0
4576,60,0
4577,66,0
4578,76,0
4579,63,0
4580,63,0
4581,59,0
4582,63,0
4583,61,0
4584,62,0
4585,58,0
4586,64,0
4587,61,0
4588,82,0
4589,61,0
4590,63,0
4591,63,0
4592,64,0
4593,59,0
4594,61,0
4595,57,0
4596,62,0
4597,66,0
4598,61,0
4599,62,0
4600,63,0
4601,62,0
4602,71,0
4603,64,0
4604,62,0
4605,62,0
4606,62,0
4607,65,0
4608,62,0
4609,69,0
4610,72,0
4611,65,0
4612,70,0
4613,61,0
4614,83,0
4615,60,0
4616,75,0
4617,66,0
4618,65,0
4619,67,0
4620,61,0
4621,59,0
4622,68,0
4623,64,0
4624,87,0
4625,77,0
4626,71,0
4627,62,0
4628,70,0
4629,61,0
4630,62,0
4631,64,0
4632,69,0
4633,65,0
4634,66,0
4635,68,0
4636,64,0
4637,66,0
4638,64,0
4639,64,0
4640,63,0
4641,68,0
4642,68,0
4643,61,0
4644,64,0
4645,66,0
4646,67,0
4647,65,0
4648,66,0
4649,66,0
4650,67,0
4651,63,0
4652,65,0
4653,67,0
4654,64,0
4655,68,0
4656,69,0
4657,69,0
4658,68,0
4659,67,0
4660,67,0
4661,66,0
4662,66,0
4663,63,0
4664,67,0
4665,69,0
4666,65,0
4667,71,0
4668,66,0
4669,65,0
4670,63,0
4671,73,0
4672,70,0
4673,65,0
4674,68,0
4675,68,0
4676,67,0
4677,69,0
4678,66,0
4679,64,0
4680,65,0
4681,65,0
4682,65,0
4683,63,0
4684,65,0
4685,64,0
4686,64,0
4687,70,0
4688,65,0
4689,68,0
4690,64,0
4691,68,0
4692,69,0
4693,67,0
4694,67,0
4695,61,0
4696,62,0
4697,65,0
4698,66,0
4699,66,0
4700,67,0
4701,68,0
4702,64,0
4703,67,0
4704,67,0
4705,66,0
4706,67,0
4707,69,0
4708,66,0
4709,66,0
4710,65,0
4711,58,0
4712,60,0
4713,63,0
4714,62,0
4715,60,0
4716,67,0
4717,60,0
4718,59,0
4719,62,0
4720,60,0
4721,59,0
4722,64,0
4723,63,0
4724,60,0
4725,62,0
4726,61,0
4727,59,0
4728,60,0
4729,66,0
4730,65,0
4731,67,0
4732,66,0
4733,64,0
4734,68,0
4735,65,0
4736,68,0
4737,63,0
4738,66,0
4739,65,0
4740,68,0
4741,65,0
4742,67,0
4743,66,0
4744,69,0
4745,64,0
4746,66,0
4747,65,0
4748,63,0
4749,66,0
4750,68,0
4751,66,0
4752,64,0
4753,64,0
4754,71,0
4755,68,0
4756,64,0
4757,69,0
4758,64,0
4759,60,0
4760,60,0
4761,62,0
4762,61,0
4763,59,0
4764,57,0
4765,60,0
4766,62,0
4767,60,0
4768,62,0
4769,58,0
4770,62,0
4771,59,0
4772,59,0
4773,63,0
4774,58,0
4775,59,0
4776,59,0
4777,61,0
4778,63,0
4779,63,0
4780,63,0
4781,61,0
4782,63,0
4783,60,0
4784,60,0
4785,61,0
4786,62,0
4787,60,0
4788,62,0
4789,58,0
4790,68,0
4791,65,0
4792,65,0
4793,64,0
4794,66,0
4795,65,0
4796,69,0
4797,67,0
4798,68,0
4799,68,0
4800,65,0
4801,61,0
4802,71,0
4803,72,0
4804,72,0
4805,85,0
4806,69,0
4807,69,0
4808,475,1
4809,62,0
4810,68,0
4811,89,0
4812,88,0
4813,87,0
4814,63,0
4815,62,0
4816,69,0
4817,68,0
4818,66,0
4819,64,0
4820,66,0
4821,62,0
4822,70,0
4823,63,0
4824,61,0
4825,64,0
4826,60,0
4827,62,0
4828,66,0
4829,70,0
4830,67,0
4831,87,0
4832,65,0
4833,66,0
4834,69,0
4835,70,0
4836,62,0
4837,65,0
4838,72,0
4839,80,0
4840,61,0
4841,66,0
4842,61,0
4843,59,0
4844,62,0
4845,82,0
4846,86,0
4847,83,0
4848,89,0
4849,89,0
4850,87,0
4851,85,0
4852,73,0
4853,65,0
4854,67,0
4855,67,0
4856,244,1
4857,92,0
4858,66,0
4859,63,0
4860,73,0
4861,62,0
4862,69,0
4863,75,0
4864,62,0
4865,63,0
4866,66,0
4867,62,0
4868,68,0
4869,69,0
4870,68,0
4871,63,0
4872,69,0
4873,68,0
4874,82,0
4875,63,0
4876,79,0
4877,64,0
4878,61,0
4879,64,0
4880,69,0
4881,63,0
4882,70,0
4883,67,0
4884,62,0
4885,66,0
4886,69,0
4887,66,0
4888,240,1
4889,68,0
4890,71,0
4891,68,0
4892,64,0
4893,68,0
4894,76,0
4895,63,0
4896,62,0
4897,69,0
4898,58,0
4899,67,0
4900,63,0
4901,66,0
4902,86,0
4903,95,0
4904,67,0
4905,87,0
4906,89,0
4907,64,0
4908,64,0
4909,72,0
4910,67,0
4911,60,0
4912,66,0
4913,67,0
4914,66,0
4915,64,0
4916,60,0
4917,70,0
4918,72,0
4919,67,0
4920,71,0
4921,69,0
4922,62,0
4923,68,0
4924,64,0
4925,71,0
4926,63,0
4927,69,0
4928,67,0
4929,66,0
4930,68,0
4931,68,0
4932,67,0
4933,67,0
4934,68,0
4935,83,0
4936,73,0
4937,72,0
4938,78,0
4939,66,0
4940,62,0
4941,62,0
4942,69,0
4943,76,0
4944,62,0
4945,64,0
4946,68,0
4947,62,0
4948,62,0
4949,63,0
4950,72,0
4951,63,0
4952,83,0
4953,69,0
4954,79,0
4955,62,0
4956,64,0
4957,67,0
4958,77,0
4959,66,0
4960,79,0
4961,62,0
4962,97,0
4963,254,1
4964,63,0
4965,71,0
4966,67,0
4967,86,0
4968,63,0
4969,72,0
4970,85,0
4971,65,0
4972,66,0
4973,67,0
4974,64,0
4975,61,0
4976,66,0
4977,92,0
4978,67,0
4979,71,0
4980,67,0
4981,67,0
4982,61,0
4983,61,0
4984,97,0
4985,89,0
4986,68,0
4987,63,0
4988,86,0
4989,88,0
4990,66,0
4991,62,0
4992,70,0
4993,73,0
4994,69,0
4995,62,0
4996,62,0
4997,62,0
4998,63,0
4999,87,0
5000,69,0
5001,68,0
5002,68,0
5003,66,0
5004,79,0
5005,60,0
5006,95,0
5007,84,0
5008,68,0
5009,67,0
5010,73,0
5011,66,0
5012,81,0
5013,66,0
5014,59,0
5015,68,0
5016,72,0
5017,68,0
5018,72,0
5019,67,0
5020,73,0
5021,93,0
5022,66,0
5023,60,0
5024,67,0
5025,71,0
5026,71,0
5027,67,0
5028,65,0
5029,73,0
5030,63,0
5031,70,0
5032,66,0
5033,68,0
5034,67,0
5035,68,0
5036,75,0
5037,64,0
5038,91,0
5039,67,0
5040,70,0
5041,71,0
5042,89,0
5043,70,0
5044,67,0
5045,72,0
5046,66,0
5047,67,0
5048,76,0
5049,69,0
5050,67,0
5051,69,0
5052,68,0
5053,69,0
5054,65,0
5055,69,0
5056,73,0
5057,95,0
5058,64,0
5059,66,0
5060,97,0
5061,90,0
5062,91,0
5063,88,0
5064,88,0
5065,97,0
5066,77,0
5067,266,1
5068,91,0
5069,67,0
5070,66,0
5071,67,0
5072,86,0
5073,75,0
5074,66,0
5075,86,0
5076,133,0
5077,183,0
5078,83,0
5079,228,1
5080,58,0
5081,139,0
5082,102,0
5083,82,0
5084,63,0
5085,63,0
5086,69,0
5087,82,0
5088,62,0
5089,61,0
5090,70,0
5091,63,0
5092,68,0
5093,70,0
5094,68,0
5095,71,0
5096,66,0
5097,62,0
5098,62,0
5099,133,0
5100,127,0
5101,93,0
5102,65,0
5103,68,0
5104,72,0
5105,89,0
5106,81,0
5107,84,0
5108,92,0
5109,105,0
5110,163,0
5111,89,0
5112,87,0
5113,68,0
5114,71,0
5115,73,0
5116,85,0
5117,86,0
5118,66,0
5119,73,0
5120,92,0
5121,85,0
5122,109,0
5123,90,0
5124,67,0
5125,63,0
5126,71,0
5127,87,0
5128,67,0
5129,65,0
5130,114,0
5131,72,0
5132,67,0
5133,61,0
5134,67,0
5135,87,0
5136,81,0
5137,99,0
5138,201,1
5139,100,0
5140,105,0
5141,190,0
5142,103,0
5143,69,0
5144,90,0
5145,70,0
5146,85,0
5147,62,0
5148,67,0
5149,67,0
5150,89,0
5151,63,0
5152,62,0
5153,62,0
5154,66,0
5155,70,0
5156,66,0
5157,67,0
5158,72,0
5159,64,0
5160,68,0
5161,87,0
5162,66,0
5163,73,0
5164,69,0
5165,86,0
5166,86,0
5167,83,0
5168,66,0
5169,59,0
5170,70,0
5171,68,0
5172,71,0
5173,70,0
5174,72,0
5175,68,0
5176,86,0
5177,64,0
5178,69,0
5179,60,0
5180,74,0
5181,66,0
5182,63,0
5183,68,0
5184,69,0
5185,62,0
5186,68,0
5187,87,0
5188,75,0
5189,66,0
5190,67,0
5191,74,0
5192,79,0
5193,66,0
5194,74,0
5195,67,0
5196,64,0
5197,67,0
5198,65,0
5199,73,0
5200,65,0
5201,75,0
5202,68,0
5203,69,0
5204,60,0
5205,62,0
5206,65,0
5207,68,0
5208,64,0
5209,63,0
5210,66,0
5211,67,0
5212,69,0
5213,74,0
5214,71,0
5215,63,0
5216,60,0
5217,71,0
5218,68,0
5219,68,0
5220,87,0
5221,61,0
5222,61,0
5223,64,0
5224,62,0
5225,64,0
5226,61,0
5227,63,0
5228,68,0
5229,60,0
5230,62,0
5231,61,0
5232,62,0
5233,62,0
5234,72,0
5235,66,0
5236,69,0
5237,66,0
5238,62,0
5239,64,0
5240,63,0
5241,67,0
5242,63,0
5243,61,0
5244,63,0
5245,63,0
5246,64,0
5247,64,0
5248,72,0
5249,65,0
5250,66,0
5251,62,0
5252,63,0
5253,64,0
5254,69,0
5255,61,0
5256,66,0
5257,72,0
5258,72,0
5259,68,0
5260,67,0
5261,70,0
5262,70,0
5263,64,0
5264,73,0
5265,71,0
5266,69,0
5267,64,0
5268,62,0
5269,61,0
5270,67,0
5271,65,0
5272,64,0
5273,61,0
5274,66,0
5275,72,0
5276,67,0
5277,62,0
5278,66,0
5279,65,0
5280,72,0
5281,65,0
5282,236,1
5283,61,0
5284,62,0
5285,65,0
5286,64,0
5287,64,0
5288,64,0
5289,61,0
5290,64,0
5291,62,0
5292,65,0
5293,65,0
5294,65,0
5295,63,0
5296,63,0
5297,60,0
5298,62,0
5299,65,0
5300,65,0
5301,62,0
5302,64,0
5303,63,0
5304,62,0
5305,62,0
5306,62,0
5307,63,0
5308,61,0
5309,62,0
5310,60,0
5311,62,0
5312,62,0
5313,60,0
5314,60,0
5315,61,0
5316,61,0
5317,61,0
5318,61,0
5319,61,0
5320,62,0
5321,62,0
5322,62,0
5323,60,0
5324,62,0
5325,62,0
5326,60,0
5327,61,0
5328,61,0
5329,61,0
5330,61,0
5331,61,0
5332,62,0
5333,60,0
5334,61,0
5335,61,0
5336,65,0
5337,60,0
5338,64,0
5339,62,0
5340,62,0
5341,62,0
5342,61,0
5343,63,0
5344,61,0
5345,63,0
5346,59,0
5347,62,0
5348,62,0
5349,62,0
5350,61,0
5351,63,0
5352,82,0
5353,81,0
5354,82,0
5355,83,0
5356,83,0
5357,83,0
5358,84,0
5359,83,0
5360,60,0
5361,60,0
5362,62,0
5363,62,0
5364,62,0
5365,63,0
5366,59,0
5367,60,0
5368,62,0
5369,60,0
5370,60,0
5371,59,0
5372,61,0
5373,63,0
5374,63,0
5375,59,0
5376,63,0
5377,62,0
5378,60,0
5379,62,0
5380,60,0
5381,60,0
5382,61,0
5383,61,0
5384,63,0
5385,61,0
5386,61,0
5387,61,0
5388,63,0
5389,64,0
5390,62,0
5391,62,0
5392,62,0
5393,60,0
5394,62,0
5395,60,0
5396,59,0
5397,61,0
5398,63,0
5399,61,0
5400,59,0
5401,65,0
5402,59,0
5403,62,0
5404,60,0
5405,60,0
5406,62,0
5407,62,0
5408,60,0
5409,63,0
5410,59,0
5411,61,0
5412,63,0
5413,60,0
5414,62,0
5415,64,0
5416,60,0
5417,62,0
5418,62,0
5419,62,0
5420,65,0
5421,63,0
5422,63,0
5423,59,0
5424,61,0
5425,60,0
5426,63,0
5427,59,0
5428,63,0
5429,63,0
5430,59,0
5431,60,0
5432,60,0
5433,60,0
5434,64,0
5435,60,0
5436,65,0
5437,61,0
5438,61,0
5439,62,0
5440,62,0
5441,61,0
5442,59,0
5443,59,0
5444,60,0
5445,62,0
5446,60,0
5447,62,0
5448,63,0
5449,61,0
5450,63,0
5451,63,0
5452,61,0
5453,61,0
5454,63,0
5455,60,0
5456,62,0
5457,60,0
5458,60,0
5459,61,0
5460,63,0
5461,63,0
5462,59,0
5463,60,0
5464,60,0
5465,62,0
5466,62,0
5467,62,0
5468,60,0
5469,62,0
5470,61,0
5471,63,0
5472,59,0
5473,61,0
5474,63,0
5475,61,0
5476,61,0
5477,62,0
5478,62,0
5479,60,0
5480,61,0
5481,63,0
5482,63,0
5483,59,0
5484,63,0
5485,60,0
5486,60,0
5487,62,0
5488,60,0
5489,62,0
5490,63,0
5491,65,0
5492,60,0
5493,64,0
5494,60,0
5495,62,0
5496,62,0
5497,61,0
5498,61,0
5499,61,0
5500,61,0
5501,63,0
5502,62,0
5503,62,0
5504,62,0
5505,60,0
5506,60,0
5507,61,0
5508,61,0
5509,63,0
5510,63,0
5511,61,0
5512,62,0
5513,62,0
5514,62,0
5515,62,0
5516,60,0
5517,62,0
5518,61,0
5519,61,0
5520,59,0
5521,61,0
5522,61,0
5523,62,0
5524,60,0
5525,62,0
5526,62,0
5527,62,0
5528,62,0
5529,62,0
5530,61,0
5531,61,0
5532,63,0
5533,60,0
5534,62,0
5535,62,0
5536,60,0
5537,62,0
5538,60,0
5539,60,0
5540,62,0
5541,59,0
5542,61,0
5543,61,0
5544,59,0
5545,64,0
5546,62,0
5547,62,0
5548,60,0
5549,61,0
5550,61,0
5551,63,0
5552,63,0
5553,63,0
5554,61,0
5555,64,0
5556,62,0
5557,60,0
5558,62,0
5559,61,0
5560,63,0
5561,61,0
5562,59,0
5563,63,0
5564,63,0
5565,65,0
5566,60,0
5567,60,0
5568,62,0
5569,60,0
5570,60,0
5571,62,0
5572,59,0
5573,61,0
5574,63,0
5575,60,0
5576,62,0
5577,62,0
5578,62,0
5579,62,0
5580,62,0
5581,62,0
5582,63,0
5583,63,0
5584,63,0
5585,61,0
5586,62,0
5587,64,0
5588,61,0
5589,61,0
5590,63,0
5591,61,0
5592,59,0
5593,61,0
5594,59,0
5595,60,0
5596,60,0
5597,62,0
5598,63,0
5599,63,0
5600,59,0
5601,60,0
5602,62,0
5603,62,0
5604,62,0
5605,60,0
5606,61,0
5607,65,0
5608,59,0
5609,62,0
5610,62,0
5611,62,0
5612,61,0
5613,61,0
5614,59,0
5615,61,0
5616,62,0
5617,64,0
5618,62,0
5619,60,0
5620,61,0
5621,59,0
5622,62,0
5623,60,0
5624,62,0
5625,62,0
5626,62,0
5627,61,0
5628,63,0
5629,59,0
5630,61,0
5631,59,0
5632,63,0
5633,60,0
5634,62,0
5635,62,0
5636,60,0
5637,64,0
5638,62,0
5639,59,0
5640,63,0
5641,61,0
5642,59,0
5643,61,0
5644,61,0
5645,59,0
5646,59,0
5647,59,0
5648,59,0
5649,63,0
5650,60,0
5651,62,0
5652,62,0
5653,62,0
5654,60,0
5655,60,0
5656,60,0
5657,59,0
5658,65,0
5659,61,0
5660,62,0
5661,62,0
5662,64,0
5663,62,0
5664,60,0
5665,61,0
5666,63,0
5667,61,0
5668,63,0
5669,63,0
5670,63,0
5671,64,0
5672,85,0
5673,61,0
5674,65,0
5675,62,0
5676,64,0
5677,62,0
5678,62,0
5679,62,0
5680,60,0
5681,64,0
5682,60,0
5683,61,0
5684,59,0
5685,61,0
5686,63,0
5687,63,0
5688,63,0
5689,61,0
5690,62,0
5691,62,0
5692,62,0
5693,60,0
5694,62,0
5695,60,0
5696,61,0
5697,61,0
5698,63,0
5699,63,0
5700,60,0
5701,62,0
5702,62,0
5703,63,0
5704,62,0
5705,62,0
5706,62,0
5707,61,0
5708,63,0
5709,59,0
5710,60,0
5711,60,0
5712,62,0
5713,62,0
5714,63,0
5715,63,0
5716,62,0
5717,85,0
5718,61,0
5719,59,0
5720,61,0
5721,63,0
5722,62,0
5723,60,0
5724,63,0
5725,61,0
5726,63,0
5727,61,0
5728,62,0
5729,62,0
5730,62,0
5731,63,0
5732,61,0
5733,62,0
5734,60,0
5735,60,0
5736,62,0
5737,62,0
5738,60,0
5739,62,0
5740,62,0
5741,59,0
5742,61,0
5743,61,0
5744,59,0
5745,59,0
5746,61,0
5747,59,0
5748,62,0
5749,60,0
5750,62,0
5751,60,0
5752,62,0
5753,60,0
5754,62,0
5755,62,0
5756,63,0
5757,59,0
5758,63,0
5759,59,0
5760,61,0
5761,63,0
5762,62,0
5763,60,0
5764,62,0
5765,61,0
5766,61,0
5767,61,0
5768,61,0
5769,61,0
5770,62,0
5771,60,0
5772,60,0
5773,62,0
5774,61,0
5775,63,0
5776,61,0
5777,61,0
5778,62,0
5779,60,0
5780,62,0
5781,60,0
5782,62,0
5783,65,0
5784,61,0
5785,62,0
5786,62,0
5787,60,0
5788,60,0
5789,62,0
5790,62,0
5791,64,0
5792,63,0
5793,61,0
5794,59,0
5795,61,0
5796,59,0
5797,63,0
5798,62,0
5799,60,0
5800,60,0
5801,62,0
5802,62,0
5803,60,0
5804,60,0
5805,60,0
5806,62,0
5807,62,0
5808,60,0
5809,61,0
5810,63,0
5811,61,0
5812,61,0
5813,63,0
5814,63,0
5815,62,0
5816,60,0
5817,62,0
5818,60,0
5819,59,0
5820,63,0
5821,63,0
5822,61,0
5823,61,0
5824,63,0
5825,61,0
5826,60,0
5827,64,0
5828,62,0
5829,63,0
5830,59,0
5831,61,0
5832,59,0
5833,61,0
5834,60,0
5835,62,0
5836,62,0
5837,62,0
5838,60,0
5839,83,0
5840,62,0
5841,63,0
5842,63,0
5843,59,0
5844,59,0
5845,62,0
5846,60,0
5847,60,0
5848,62,0
5849,62,0
5850,62,0
5851,62,0
5852,62,0
5853,62,0
5854,62,0
5855,63,0
5856,61,0
5857,63,0
5858,61,0
5859,63,0
5860,61,0
5861,65,0
5862,59,0
5863,61,0
5864,62,0
5865,60,0
5866,62,0
5867,60,0
5868,62,0
5869,60,0
5870,62,0
5871,60,0
5872,63,0
5873,65,0
5874,61,0
5875,59,0
5876,62,0
5877,59,0
5878,60,0
5879,62,0
5880,62,0
5881,62,0
5882,62,0
5883,62,0
5884,64,0
5885,59,0
5886,61,0
5887,59,0
5888,63,0
5889,63,0
5890,61,0
5891,59,0
5892,61,0
5893,62,0
5894,60,0
5895,60,0
5896,61,0
5897,63,0
5898,63,0
5899,63,0
5900,61,0
5901,61,0
5902,59,0
5903,61,0
5904,60,0
5905,60,0
5906,62,0
5907,62,0
5908,62,0
5909,62,0
5910,62,0
5911,61,0
5912,63,0
5913,63,0
5914,61,0
5915,59,0
5916,63,0
5917,60,0
5918,62,0
5919,62,0
5920,62,0
5921,59,0
5922,61,0
5923,62,0
5924,62,0
5925,62,0
5926,60,0
5927,62,0
5928,62,0
5929,62,0
5930,60,0
5931,63,0
5932,63,0
5933,60,0
5934,62,0
5935,60,0
5936,62,0
5937,62,0
5938,60,0
5939,63,0
5940,62,0
5941,62,0
5942,64,0
5943,60,0
5944,62,0
5945,62,0
5946,61,0
5947,63,0
5948,63,0
5949,62,0
5950,62,0
5951,65,0
5952,61,0
5953,61,0
5954,61,0
5955,60,0
5956,62,0
5957,60,0
5958,62,0
5959,62,0
5960,63,0
5961,63,0
5962,59,0
5963,63,0
5964,62,0
5965,60,0
5966,64,0
5967,62,0
5968,62,0
5969,62,0
5970,63,0
5971,63,0
5972,63,0
5973,61,0
5974,63,0
5975,63,0
5976,61,0
5977,59,0
5978,61,0
5979,63,0
5980,61,0
5981,59,0
5982,60,0
5983,60,0
5984,62,0
5985,60,0
5986,60,0
5987,62,0
5988,62,0
5989,61,0
5990,61,0
5991,63,0
5992,65,0
5993,61,0
5994,59,0
5995,61,0
5996,59,0
5997,60,0
5998,62,0
5999,60,0
6000,62,0
6001,61,0
6002,63,0
6003,59,0
6004,59,0
6005,63,0
6006,60,0
6007,62,0
6008,60,0
6009,61,0
6010,61,0
6011,61,0
6012,59,0
6013,63,0
6014,63,0
6015,59,0
6016,59,0
6017,62,0
6018,62,0
6019,62,0
6020,60,0
6021,62,0
6022,61,0
6023,60,0
6024,60,0
6025,62,0
6026,60,0
6027,62,0
6028,62,0
6029,64,0
6030,61,0
6031,63,0
6032,59,0
6033,63,0
6034,61,0
6035,62,0
6036,62,0
6037,62,0
6038,62,0
6039,62,0
6040,64,0
6041,62,0
6042,61,0
6043,59,0
6044,63,0
6045,62,0
6046,60,0
6047,62,0
6048,62,0
6049,60,0
6050,62,0
6051,62,0
6052,63,0
6053,63,0
6054,61,0
6055,61,0
6056,63,0
6057,59,0
6058,61,0
6059,59,0
6060,62,0
6061,62,0
6062,64,0
6063,62,0
6064,62,0
6065,62,0
6066,63,0
6067,61,0
6068,63,0
6069,59,0
6070,62,0
6071,62,0
6072,62,0
6073,62,0
6074,62,0
6075,62,0
6076,64,0
6077,61,0
6078,61,0
6079,61,0
6080,59,0
6081,61,0
6082,62,0
6083,62,0
6084,62,0
6085,60,0
6086,62,0
6087,61,0
6088,59,0
6089,61,0
6090,59,0
6091,62,0
6092,60,0
6093,62,0
6094,60,0
6095,60,0
6096,62,0
6097,60,0
6098,62,0
6099,63,0
6100,63,0
6101,63,0
6102,63,0
6103,60,0
6104,62,0
6105,62,0
6106,62,0
6107,60,0
6108,60,0
6109,60,0
6110,59,0
6111,61,0
6112,59,0
6113,63,0
6114,60,0
6115,60,0
6116,62,0
6117,60,0
6118,60,0
6119,61,0
6120,63,0
6121,63,0
6122,61,0
6123,59,0
6124,60,0
6125,62,0
6126,62,0
6127,62,0
6128,61,0
6129,61,0
6130,61,0
6131,59,0
6132,62,0
6133,60,0
6134,62,0
6135,61,0
6136,63,0
6137,61,0
6138,61,0
6139,61,0
6140,59,0
6141,59,0
6142,65,0
6143,62,0
6144,62,0
6145,60,0
6146,60,0
6147,60,0
6148,60,0
6149,60,0
6150,62,0
6151,62,0
6152,62,0
6153,62,0
6154,60,0
6155,60,0
6156,59,0
6157,63,0
6158,59,0
6159,63,0
6160,63,0
6161,61,0
6162,59,0
6163,63,0
6164,63,0
6165,59,0
6166,62,0
6167,62,0
6168,62,0
6169,60,0
6170,60,0
6171,60,0
6172,81,0
6173,84,0
6174,81,0
6175,83,0
6176,62,0
6177,63,0
6178,64,0
6179,62,0
6180,61,0
6181,61,0
6182,61,0
6183,60,0
6184,60,0
6185,62,0
6186,62,0
6187,61,0
6188,63,0
6189,61,0
6190,64,0
6191,62,0
6192,62,0
6193,62,0
6194,62,0
6195,62,0
6196,64,0
6197,60,0
6198,62,0
6199,61,0
6200,89,0
6201,61,0
6202,123,0
6203,63,0
6204,63,0
6205,62,0
6206,62,0
6207,60,0
6208,63,0
6209,63,0
6210,62,0
6211,60,0
6212,62,0
6213,59,0
6214,65,0
6215,60,0
6216,62,0
6217,63,0
6218,59,0
6219,60,0
6220,62,0
6221,63,0
6222,59,0
6223,60,0
6224,60,0
6225,59,0
6226,61,0
6227,59,0
6228,60,0
6229,62,0
6230,60,0
6231,61,0
6232,61,0
6233,63,0
6234,63,0
6235,63,0
6236,59,0
6237,60,0
6238,60,0
6239,62,0
6240,62,0
6241,62,0
6242,61,0
6243,63,0
6244,59,0
6245,63,0
6246,61,0
6247,59,0
6248,63,0
6249,63,0
6250,61,0
6251,62,0
6252,60,0
6253,61,0
6254,63,0
6255,59,0
6256,61,0
6257,61,0
6258,59,0
6259,62,0
6260,62,0
6261,63,0
6262,59,0
6263,63,0
6264,61,0
6265,62,0
6266,62,0
6267,60,0
6268,60,0
6269,62,0
6270,63,0
6271,61,0
6272,59,0
6273,59,0
6274,63,0
6275,62,0
6276,60,0
6277,61,0
6278,59,0
6279,59,0
6280,61,0
6281,61,0
6282,61,0
6283,63,0
6284,62,0
6285,62,0
6286,62,0
6287,60,0
6288,60,0
6289,62,0
6290,63,0
6291,63,0
6292,59,0
6293,61,0
6294,62,0
6295,60,0
6296,62,0
6297,61,0
6298,64,0
6299,62,0
6300,62,0
6301,62,0
6302,61,0
6303,61,0
6304,63,0
6305,63,0
6306,63,0
6307,60,0
6308,62,0
6309,62,0
6310,60,0
6311,62,0
6312,62,0
6313,61,0
6314,63,0
6315,63,0
6316,59,0
6317,62,0
6318,62,0
6319,60,0
6320,62,0
6321,62,0
6322,64,0
6323,63,0
6324,63,0
6325,61,0
6326,59,0
6327,61,0
6328,61,0
6329,59,0
6330,61,0
6331,62,0
6332,60,0
6333,60,0
6334,60,0
6335,62,0
6336,60,0
6337,63,0
6338,61,0
6339,61,0
6340,60,0
6341,62,0
6342,62,0
6343,60,0
6344,60,0
6345,60,0
6346,60,0
6347,62,0
6348,61,0
6349,61,0
6350,63,0
6351,62,0
6352,62,0
6353,60,0
6354,62,0
6355,60,0
6356,60,0
6357,62,0
6358,60,0
6359,60,0
6360,62,0
6361,65,0
6362,61,0
6363,63,0
6364,59,0
6365,61,0
6366,63,0
6367,61,0
6368,61,0
6369,61,0
6370,65,0
6371,59,0
6372,64,0
6373,60,0
6374,64,0
6375,62,0
6376,63,0
6377,65,0
6378,61,0
6379,61,0
6380,61,0
6381,63,0
6382,61,0
6383,63,0
6384,60,0
6385,62,0
6386,64,0
6387,60,0
6388,61,0
6389,63,0
6390,61,0
6391,63,0
6392,61,0
6393,61,0
6394,63,0
6395,59,0
6396,61,0
6397,63,0
6398,59,0
6399,63,0
6400,63,0
6401,62,0
6402,62,0
6403,60,0
6404,60,0
6405,62,0
6406,60,0
6407,62,0
6408,63,0
6409,62,0
6410,62,0
6411,60,0
6412,62,0
6413,61,0
6414,61,0
6415,61,0
6416,62,0
6417,62,0
6418,62,0
6419,62,0
6420,63,0
6421,61,0
6422,63,0
6423,62,0
6424,60,0
6425,62,0
6426,62,0
6427,61,0
6428,61,0
6429,63,0
6430,61,0
6431,63,0
6432,61,0
6433,64,0
6434,62,0
6435,64,0
6436,62,0
6437,63,0
6438,61,0
6439,59,0
6440,63,0
6441,61,0
6442,60,0
6443,62,0
6444,62,0
6445,60,0
6446,63,0
6447,63,0
6448,59,0
6449,61,0
6450,62,0
6451,60,0
6452,60,0
6453,62,0
6454,60,0
6455,61,0
6456,61,0
6457,63,0
6458,61,0
6459,63,0
6460,63,0
6461,61,0
6462,62,0
6463,62,0
6464,62,0
6465,62,0
6466,61,0
6467,63,0
6468,59,0
6469,64,0
6470,60,0
6471,62,0
6472,64,0
6473,60,0
6474,62,0
6475,60,0
6476,61,0
6477,63,0
6478,61,0
6479,60,0
6480,62,0
6481,60,0
6482,60,0
6483,62,0
6484,60,0
6485,62,0
6486,60,0
6487,65,0
6488,60,0
6489,62,0
6490,60,0
6491,62,0
6492,63,0
6493,59,0
6494,63,0
6495,63,0
6496,62,0
6497,62,0
6498,60,0
6499,62,0
6500,62,0
6501,62,0
6502,59,0
6503,63,0
6504,65,0
6505,63,0
6506,63,0
6507,62,0
6508,60,0
6509,60,0
6510,62,0
6511,62,0
6512,60,0
6513,63,0
6514,63,0
6515,61,0
6516,63,0
6517,61,0
6518,61,0
6519,61,0
6520,63,0
6521,62,0
6522,60,0
6523,62,0
6524,62,0
6525,59,0
6526,65,0
6527,61,0
6528,64,0
6529,62,0
6530,62,0
6531,60,0
6532,62,0
6533,62,0
6534,61,0
6535,61,0
6536,61,0
6537,60,0
6538,62,0
6539,61,0
6540,61,0
6541,63,0
6542,59,0
6543,62,0
6544,62,0
6545,63,0
6546,59,0
6547,63,0
6548,61,0
6549,62,0
6550,60,0
6551,62,0
6552,60,0
6553,63,0
6554,63,0
6555,61,0
6556,61,0
6557,63,0
6558,61,0
6559,61,0
6560,62,0
6561,62,0
6562,60,0
6563,60,0
6564,62,0
6565,59,0
6566,61,0
6567,59,0
6568,62,0
6569,60,0
6570,62,0
6571,62,0
6572,62,0
6573,62,0
6574,62,0
6575,62,0
6576,61,0
6577,63,0
6578,61,0
6579,61,0
6580,59,0
6581,61,0
6582,59,0
6583,62,0
6584,62,0
6585,62,0
6586,61,0
6587,59,0
6588,61,0
6589,63,0
6590,59,0
6591,61,0
6592,61,0
6593,61,0
6594,62,0
6595,62,0
6596,61,0
6597,64,0
6598,64,0
6599,59,0
6600,59,0
6601,59,0
6602,63,0
6603,63,0
6604,65,0
6605,59,0
6606,63,0
6607,62,0
6608,62,0
6609,62,0
6610,62,0
6611,60,0
6612,62,0
6613,64,0
6614,61,0
6615,61,0
6616,60,0
6617,60,0
6618,60,0
6619,60,0
6620,62,0
6621,60,0
6622,59,0
6623,63,0
6624,63,0
6625,60,0
6626,60,0
6627,62,0
6628,64,0
6629,60,0
6630,63,0
6631,59,0
6632,61,0
6633,59,0
6634,59,0
6635,60,0
6636,60,0
6637,62,0
6638,62,0
6639,62,0
6640,60,0
6641,61,0
6642,61,0
6643,61,0
6644,59,0
6645,61,0
6646,60,0
6647,62,0
6648,62,0
6649,63,0
6650,61,0
6651,59,0
6652,59,0
6653,59,0
6654,60,0
6655,60,0
6656,62,0
6657,60,0
6658,85,0
6659,62,0
6660,60,0
6661,61,0
6662,63,0
6663,63,0
6664,60,0
6665,62,0
6666,62,0
6667,64,0
6668,62,0
6669,59,0
6670,65,0
6671,60,0
6672,62,0
6673,62,0
6674,62,0
6675,60,0
6676,61,0
6677,61,0
6678,63,0
6679,63,0
6680,59,0
6681,61,0
6682,63,0
6683,62,0
6684,62,0
6685,62,0
6686,64,0
6687,62,0
6688,62,0
6689,60,0
6690,60,0
6691,63,0
6692,59,0
6693,59,0
6694,63,0
6695,61,0
6696,63,0
6697,61,0
6698,61,0
6699,63,0
6700,60,0
6701,62,0
6702,62,0
6703,62,0
6704,62,0
6705,62,0
6706,62,0
6707,62,0
6708,59,0
6709,61,0
6710,61,0
6711,63,0
6712,59,0
6713,62,0
6714,60,0
6715,62,0
6716,61,0
6717,63,0
6718,62,0
6719,60,0
6720,60,0
6721,62,0
6722,63,0
6723,61,0
6724,63,0
6725,60,0
6726,60,0
6727,60,0
6728,62,0
6729,60,0
6730,60,0
6731,60,0
6732,64,0
6733,61,0
6734,59,0
6735,62,0
6736,62,0
6737,62,0
6738,62,0
6739,61,0
6740,61,0
6741,61,0
6742,62,0
6743,60,0
6744,62,0
6745,62,0
6746,60,0
6747,60,0
6748,60,0
6749,64,0
6750,62,0
6751,63,0
6752,61,0
6753,60,0
6754,62,0
6755,60,0
6756,63,0
6757,63,0
6758,65,0
6759,63,0
6760,62,0
6761,62,0
6762,62,0
6763,62,0
6764,61,0
6765,61,0
6766,61,0
6767,63,0
6768,59,0
6769,63,0
6770,60,0
6771,60,0
6772,60,0
6773,64,0
6774,60,0
6775,62,0
6776,62,0
6777,61,0
6778,63,0
6779,61,0
6780,60,0
6781,62,0
6782,62,0
6783,60,0
6784,59,0
6785,59,0
6786,59,0
6787,62,0
6788,64,0
6789,60,0
6790,62,0
6791,62,0
6792,61,0
6793,61,0
6794,61,0
6795,65,0
6796,61,0
6797,63,0
6798,61,0
6799,59,0
6800,61,0
6801,61,0
6802,61,0
6803,63,0
6804,63,0
6805,60,0
6806,60,0
6807,64,0
6808,62,0
6809,62,0
6810,63,0
6811,63,0
6812,61,0
6813,63,0
6814,61,0
6815,59,0
6816,62,0
6817,62,0
6818,62,0
6819,62,0
6820,61,0
6821,59,0
6822,63,0
6823,59,0
6824,61,0
6825,62,0
6826,60,0
6827,62,0
6828,60,0
6829,60,0
6830,60,0
6831,62,0
6832,62,0
6833,62,0
6834,62,0
6835,62,0
6836,61,0
6837,65,0
6838,61,0
6839,62,0
6840,62,0
6841,62,0
6842,61,0
6843,63,0
6844,61,0
6845,59,0
6846,63,0
6847,59,0
6848,62,0
6849,62,0
6850,62,0
6851,60,0
6852,61,0
6853,61,0
6854,63,0
6855,61,0
6856,61,0
6857,59,0
6858,65,0
6859,61,0
6860,63,0
6861,63,0
6862,61,0
6863,61,0
6864,63,0
6865,59,0
6866,59,0
6867,63,0
6868,65,0
6869,61,0
6870,63,0
6871,63,0
6872,59,0
6873,64,0
6874,60,0
6875,62,0
6876,64,0
6877,60,0
6878,62,0
6879,59,0
6880,65,0
6881,62,0
6882,62,0
6883,62,0
6884,61,0
6885,61,0
6886,63,0
6887,62,0
6888,62,0
6889,62,0
6890,62,0
6891,61,0
6892,63,0
6893,62,0
6894,62,0
6895,62,0
6896,62,0
6897,59,0
6898,61,0
6899,61,0
6900,64,0
6901,64,0
6902,60,0
6903,64,0
6904,61,0
6905,63,0
6906,60,0
6907,64,0
6908,63,0
6909,63,0
6910,59,0
6911,60,0
6912,60,0
6913,62,0
6914,60,0
6915,61,0
6916,61,0
6917,61,0
6918,60,0
6919,60,0
6920,64,0
6921,60,0
6922,60,0
6923,61,0
6924,63,0
6925,61,0
6926,61,0
6927,62,0
6928,62,0
6929,62,0
6930,62,0
6931,60,0
6932,60,0
6933,60,0
6934,62,0
6935,60,0
6936,62,0
6937,63,0
6938,61,0
6939,62,0
6940,62,0
6941,60,0
6942,60,0
6943,62,0
6944,60,0
6945,60,0
6946,60,0
6947,62,0
6948,63,0
6949,61,0
6950,63,0
6951,59,0
6952,62,0
6953,60,0
6954,62,0
6955,64,0
6956,62,0
6957,62,0
6958,63,0
6959,63,0
6960,61,0
6961,59,0
6962,59,0
6963,63,0
6964,63,0
6965,65,0
6966,60,0
6967,60,0
6968,62,0
6969,60,0
6970,62,0
6971,61,0
6972,63,0
6973,61,0
6974,61,0
6975,59,0
6976,62,0
6977,62,0
6978,60,0
6979,62,0
6980,62,0
6981,60,0
6982,62,0
6983,60,0
6984,59,0
6985,61,0
6986,65,0
6987,65,0
6988,59,0
6989,60,0
6990,62,0
6991,85,0
6992,63,0
6993,63,0
6994,82,0
6995,83,0
6996,81,0
6997,62,0
6998,59,0
6999,61,0
7000,59,0
7001,62,0
7002,60,0
7003,60,0
7004,64,0
7005,62,0
7006,64,0
7007,63,0
7008,63,0
7009,61,0
7010,61,0
7011,63,0
7012,59,0
7013,59,0
7014,62,0
7015,60,0
7016,62,0
7017,60,0
7018,60,0
7019,63,0
7020,63,0
7021,61,0
7022,61,0
7023,59,0
7024,62,0
7025,62,0
7026,60,0
7027,62,0
7028,60,0
7029,59,0
7030,61,0
7031,61,0
7032,61,0
7033,61,0
7034,61,0
7035,61,0
7036,63,0
7037,59,0
7038,60,0
7039,62,0
7040,60,0
7041,60,0
7042,62,0
7043,62,0
7044,60,0
7045,62,0
7046,60,0
7047,61,0
7048,63,0
7049,61,0
7050,59,0
7051,61,0
7052,61,0
7053,59,0
7054,61,0
7055,65,0
7056,62,0
7057,62,0
7058,62,0
7059,63,0
7060,63,0
7061,63,0
7062,63,0
7063,63,0
7064,62,0
7065,62,0
7066,59,0
7067,59,0
7068,63,0
7069,63,0
7070,61,0
7071,59,0
7072,62,0
7073,60,0
7074,60,0
7075,60,0
7076,64,0
7077,63,0
7078,61,0
7079,63,0
7080,61,0
7081,62,0
7082,60,0
7083,60,0
7084,62,0
7085,62,0
7086,62,0
7087,61,0
7088,63,0
7089,61,0
7090,61,0
7091,60,0
7092,60,0
7093,60,0
7094,62,0
7095,64,0
7096,62,0
7097,62,0
7098,61,0
7099,63,0
7100,60,0
7101,62,0
7102,60,0
7103,60,0
7104,62,0
7105,60,0
7106,62,0
7107,62,0
7108,59,0
7109,61,0
7110,61,0
7111,61,0
7112,63,0
7113,63,0
7114,64,0
7115,62,0
7116,62,0
7117,62,0
7118,62,0
7119,59,0
7120,61,0
7121,63,0
7122,61,0
7123,61,0
7124,65,0
7125,61,0
7126,59,0
7127,62,0
7128,60,0
7129,62,0
7130,62,0
7131,62,0
7132,61,0
7133,61,0
7134,61,0
7135,59,0
7136,59,0
7137,62,0
7138,62,0
7139,62,0
7140,60,0
7141,62,0
7142,64,0
7143,60,0
7144,62,0
7145,62,0
7146,60,0
7147,59,0
7148,63,0
7149,61,0
7150,61,0
7151,60,0
7152,64,0
7153,62,0
7154,63,0
7155,63,0
7156,61,0
7157,63,0
7158,60,0
7159,62,0
7160,61,0
7161,61,0
7162,63,0
7163,62,0
7164,60,0
7165,60,0
7166,61,0
7167,60,0
7168,62,0
7169,60,0
7170,60,0
7171,62,0
7172,62,0
7173,62,0
7174,60,0
7175,62,0
7176,60,0
7177,63,0
7178,59,0
7179,63,0
7180,61,0
7181,61,0
7182,61,0
7183,64,0
7184,62,0
7185,62,0
7186,62,0
7187,60,0
7188,59,0
7189,61,0
7190,61,0
7191,59,0
7192,60,0
7193,62,0
7194,60,0
7195,60,0
7196,62,0
7197,62,0
7198,65,0
7199,61,0
7200,59,0
7201,63,0
7202,59,0
7203,61,0
7204,63,0
7205,62,0
7206,60,0
7207,60,0
7208,62,0
7209,60,0
7210,62,0
7211,63,0
7212,63,0
7213,59,0
7214,62,0
7215,59,0
7216,63,0
7217,61,0
7218,61,0
7219,63,0
7220,63,0
7221,62,0
7222,62,0
7223,60,0
7224,62,0
7225,61,0
7226,59,0
7227,63,0
7228,61,0
7229,61,0
7230,65,0
7231,59,0
7232,59,0
7233,62,0
7234,62,0
7235,64,0
7236,62,0
7237,62,0
7238,63,0
7239,61,0
7240,59,0
7241,61,0
7242,59,0
7243,60,0
7244,60,0
7245,60,0
7246,64,0
7247,60,0
7248,64,0
7249,62,0
7250,62,0
7251,60,0
7252,59,0
7253,63,0
7254,62,0
7255,62,0
7256,62,0
7257,60,0
7258,62,0
7259,63,0
7260,63,0
7261,63,0
7262,61,0
7263,61,0
7264,62,0
7265,64,0
7266,60,0
7267,60,0
7268,62,0
7269,62,0
7270,63,0
7271,65,0
7272,61,0
7273,63,0
7274,63,0
7275,61,0
7276,65,0
7277,60,0
7278,60,0
7279,62,0
7280,61,0
7281,61,0
7282,63,0
7283,59,0
7284,63,0
7285,65,0
7286,60,0
7287,60,0
7288,60,0
7289,62,0
7290,60,0
7291,64,0
7292,61,0
7293,61,0
7294,63,0
7295,63,0
7296,62,0
7297,62,0
7298,62,0
7299,60,0
7300,62,0
7301,61,0
7302,63,0
7303,61,0
7304,61,0
7305,59,0
7306,61,0
7307,62,0
7308,60,0
7309,64,0
7310,60,0
7311,60,0
7312,62,0
7313,60,0
7314,62,0
7315,63,0
7316,63,0
7317,63,0
7318,63,0
7319,62,0
7320,60,0
7321,60,0
7322,62,0
7323,62,0
7324,60,0
7325,62,0
7326,62,0
7327,59,0
7328,63,0
7329,59,0
7330,63,0
7331,61,0
7332,60,0
7333,62,0
7334,64,0
7335,62,0
7336,61,0
7337,63,0
7338,63,0
7339,63,0
7340,63,0
7341,61,0
7342,63,0
7343,61,0
7344,62,0
7345,62,0
7346,62,0
7347,60,0
7348,60,0
7349,60,0
7350,60,0
7351,59,0
7352,63,0
7353,61,0
7354,63,0
7355,62,0
7356,64,0
7357,62,0
7358,62,0
7359,62,0
7360,62,0
7361,61,0
7362,61,0
7363,61,0
7364,63,0
7365,59,0
7366,62,0
7367,62,0
7368,60,0
7369,62,0
7370,61,0
7371,61,0
7372,61,0
7373,61,0
7374,59,0
7375,60,0
7376,62,0
7377,62,0
7378,62,0
7379,60,0
7380,60,0
7381,61,0
7382,63,0
7383,59,0
7384,61,0
7385,62,0
7386,64,0
7387,60,0
7388,60,0
7389,64,0
7390,60,0
7391,62,0
7392,62,0
7393,61,0
7394,65,0
7395,60,0
7396,64,0
7397,62,0
7398,60,0
7399,62,0
7400,62,0
7401,61,0
7402,61,0
7403,59,0
7404,61,0
7405,61,0
7406,62,0
7407,62,0
7408,60,0
7409,60,0
7410,61,0
7411,61,0
7412,63,0
7413,62,0
7414,62,0
7415,60,0
7416,62,0
7417,60,0
7418,62,0
7419,60,0
7420,62,0
7421,59,0
7422,59,0
7423,63,0
7424,61,0
7425,60,0
7426,62,0
7427,60,0
7428,60,0
7429,62,0
7430,62,0
7431,62,0
7432,60,0
7433,61,0
7434,61,0
7435,61,0
7436,61,0
7437,61,0
7438,61,0
7439,59,0
7440,63,0
7441,59,0
7442,60,0
7443,62,0
7444,64,0
7445,62,0
7446,65,0
7447,63,0
7448,61,0
7449,61,0
7450,63,0
7451,59,0
7452,64,0
7453,60,0
7454,62,0
7455,60,0
7456,62,0
7457,62,0
7458,62,0
7459,63,0
7460,61,0
7461,62,0
7462,62,0
7463,64,0
7464,60,0
7465,62,0
7466,60,0
7467,61,0
7468,63,0
7469,61,0
7470,60,0
7471,60,0
7472,62,0
7473,62,0
7474,60,0
7475,64,0
7476,60,0
7477,83,0
7478,63,0
7479,65,0
7480,61,0
7481,60,0
7482,62,0
7483,60,0
7484,60,0
7485,60,0
7486,62,0
7487,63,0
7488,62,0
7489,62,0
7490,62,0
7491,62,0
7492,62,0
7493,62,0
7494,63,0
7495,61,0
7496,63,0
7497,59,0
7498,62,0
7499,60,0
7500,62,0
7501,62,0
7502,60,0
7503,60,0
7504,59,0
7505,61,0
7506,61,0
7507,61,0
7508,63,0
7509,62,0
7510,60,0
7511,60,0
7512,62,0
7513,62,0
7514,61,0
7515,63,0
7516,61,0
7517,63,0
7518,62,0
7519,60,0
7520,64,0
7521,60,0
7522,61,0
7523,61,0
7524,61,0
7525,63,0
7526,61,0
7527,61,0
7528,61,0
7529,61,0
7530,62,0
7531,62,0
7532,63,0
7533,61,0
7534,61,0
7535,61,0
7536,63,0
7537,59,0
7538,62,0
7539,62,0
7540,60,0
7541,62,0
7542,63,0
7543,61,0
7544,59,0
7545,63,0
7546,62,0
7547,62,0
7548,64,0
7549,62,0
7550,61,0
7551,62,0
7552,60,0
7553,62,0
7554,65,0
7555,61,0
7556,61,0
7557,60,0
7558,62,0
7559,60,0
7560,62,0
7561,60,0
7562,61,0
7563,63,0
7564,59,0
7565,60,0
7566,60,0
7567,62,0
7568,62,0
7569,62,0
7570,62,0
7571,61,0
7572,61,0
7573,62,0
7574,62,0
7575,62,0
7576,62,0
7577,62,0
7578,59,0
7579,61,0
7580,61,0
7581,62,0
7582,62,0
7583,62,0
7584,62,0
7585,62,0
7586,63,0
7587,59,0
7588,60,0
7589,62,0
7590,62,0
7591,60,0
7592,62,0
7593,63,0
7594,61,0
7595,61,0
7596,60,0
7597,64,0
7598,62,0
7599,63,0
7600,62,0
7601,64,0
7602,62,0
7603,60,0
7604,60,0
7605,60,0
7606,62,0
7607,62,0
7608,61,0
7609,63,0
7610,62,0
7611,64,0
7612,60,0
7613,62,0
7614,62,0
7615,61,0
7616,63,0
7617,63,0
7618,63,0
7619,63,0
7620,59,0
7621,60,0
7622,60,0
7623,62,0
7624,60,0
7625,62,0
7626,62,0
7627,62,0
7628,61,0
7629,63,0
7630,63,0
7631,60,0
7632,62,0
7633,60,0
7634,62,0
7635,63,0
7636,61,0
7637,61,0
7638,61,0
7639,61,0
7640,59,0
7641,63,0
7642,60,0
7643,60,0
7644,62,0
7645,62,0
7646,62,0
7647,64,0
7648,60,0
7649,60,0
7650,63,0
7651,61,0
7652,59,0
7653,59,0
7654,62,0
7655,62,0
7656,60,0
7657,62,0
7658,60,0
7659,59,0
7660,63,0
7661,63,0
7662,59,0
7663,65,0
7664,62,0
7665,62,0
7666,60,0
7667,62,0
7668,61,0
7669,59,0
7670,61,0
7671,65,0
7672,64,0
7673,62,0
7674,59,0
7675,59,0
7676,61,0
7677,62,0
7678,60,0
7679,60,0
7680,62,0
7681,62,0
7682,61,0
7683,59,0
7684,59,0
7685,65,0
7686,59,0
7687,63,0
7688,59,0
7689,60,0
7690,62,0
7691,62,0
7692,62,0
7693,62,0
7694,60,0
7695,62,0
7696,60,0
7697,62,0
7698,60,0
7699,61,0
7700,59,0
7701,59,0
7702,59,0
7703,59,0
7704,59,0
7705,60,0
7706,62,0
7707,62,0
7708,60,0
7709,62,0
7710,62,0
7711,60,0
7712,62,0
7713,60,0
7714,63,0
7715,61,0
7716,59,0
7717,59,0
7718,63,0
7719,59,0
7720,59,0
7721,63,0
7722,63,0
7723,62,0
7724,60,0
7725,60,0
7726,62,0
7727,62,0
7728,61,0
7729,63,0
7730,65,0
7731,63,0
7732,61,0
7733,60,0
7734,64,0
7735,62,0
7736,62,0
7737,61,0
7738,60,0
7739,62,0
7740,62,0
7741,62,0
7742,60,0
7743,61,0
7744,61,0
7745,59,0
7746,63,0
7747,63,0
7748,61,0
7749,64,0
7750,62,0
7751,62,0
7752,62,0
7753,62,0
7754,63,0
7755,59,0
7756,61,0
7757,63,0
7758,63,0
7759,59,0
7760,61,0
7761,60,0
7762,60,0
7763,63,0
7764,63,0
7765,63,0
7766,62,0
7767,62,0
7768,65,0
7769,60,0
7770,62,0
7771,60,0
7772,60,0
7773,60,0
7774,62,0
7775,63,0
7776,59,0
7777,63,0
7778,62,0
7779,62,0
7780,60,0
7781,62,0
7782,64,0
7783,62,0
7784,62,0
7785,61,0
7786,59,0
7787,63,0
7788,62,0
7789,62,0
7790,62,0
7791,60,0
7792,60,0
7793,62,0
7794,61,0
7795,63,0
7796,63,0
7797,59,0
7798,61,0
7799,61,0
7800,61,0
7801,62,0
7802,60,0
7803,62,0
7804,62,0
7805,62,0
7806,62,0
7807,62,0
7808,62,0
7809,60,0
7810,85,0
7811,82,0
7812,63,0
7813,60,0
7814,62,0
7815,85,0
7816,83,0
7817,63,0
7818,61,0
7819,62,0
7820,60,0
7821,60,0
7822,63,0
7823,65,0
7824,61,0
7825,59,0
7826,61,0
7827,62,0
7828,60,0
7829,62,0
7830,60,0
7831,60,0
7832,60,0
7833,60,0
7834,62,0
7835,60,0
7836,62,0
7837,63,0
7838,62,0
7839,62,0
7840,60,0
7841,64,0
7842,60,0
7843,62,0
7844,63,0
7845,59,0
7846,59,0
7847,62,0
7848,60,0
7849,62,0
7850,60,0
7851,64,0
7852,61,0
7853,63,0
7854,63,0
7855,63,0
7856,62,0
7857,62,0
7858,62,0
7859,60,0
7860,61,0
7861,63,0
7862,61,0
7863,61,0
7864,60,0
7865,62,0
7866,60,0
7867,61,0
7868,61,0
7869,59,0
7870,62,0
7871,62,0
7872,59,0
7873,59,0
7874,63,0
7875,63,0
7876,63,0
7877,60,0
7878,60,0
7879,62,0
7880,62,0
7881,62,0
7882,62,0
7883,64,0
7884,62,0
7885,62,0
7886,63,0
7887,61,0
7888,61,0
7889,61,0
7890,65,0
7891,61,0
7892,62,0
7893,62,0
7894,62,0
7895,61,0
7896,61,0
7897,59,0
7898,61,0
7899,61,0
7900,59,0
7901,62,0
7902,62,0
7903,62,0
7904,62,0
7905,59,0
7906,61,0
7907,63,0
7908,63,0
7909,62,0
7910,62,0
7911,64,0
7912,63,0
7913,61,0
7914,59,0
7915,61,0
7916,59,0
7917,62,0
7918,62,0
7919,62,0
7920,62,0
7921,60,0
7922,62,0
7923,62,0
7924,62,0
7925,63,0
7926,61,0
7927,59,0
7928,59,0
7929,60,0
7930,62,0
7931,63,0
7932,61,0
7933,59,0
7934,59,0
7935,61,0
7936,63,0
7937,60,0
7938,64,0
7939,62,0
7940,60,0
7941,62,0
7942,60,0
7943,62,0
7944,60,0
7945,59,0
7946,60,0
7947,61,0
7948,62,0
7949,60,0
7950,60,0
7951,62,0
7952,62,0
7953,62,0
7954,60,0
7955,62,0
7956,60,0
7957,62,0
7958,63,0
7959,61,0
7960,59,0
7961,61,0
7962,63,0
7963,62,0
7964,62,0
7965,62,0
7966,60,0
7967,62,0
7968,60,0
7969,62,0
7970,63,0
7971,63,0
7972,62,0
7973,60,0
7974,62,0
7975,59,0
7976,65,0
7977,63,0
7978,61,0
7979,65,0
7980,62,0
7981,60,0
7982,60,0
7983,60,0
7984,62,0
7985,62,0
7986,60,0
7987,60,0
7988,61,0
7989,63,0
7990,61,0
7991,63,0
7992,60,0
7993,62,0
7994,60,0
7995,60,0
7996,62,0
7997,61,0
7998,63,0
7999,61,0
8000,63,0
8001,61,0
8002,61,0
8003,61,0
8004,62,0
8005,60,0
8006,62,0
8007,62,0
8008,60,0
8009,60,0
8010,62,0
8011,62,0
8012,62,0
8013,64,0
8014,63,0
8015,61,0
8016,61,0
8017,61,0
8018,63,0
8019,59,0
8020,63,0
8021,61,0
8022,64,0
8023,60,0
8024,62,0
8025,62,0
8026,61,0
8027,61,0
8028,60,0
8029,61,0
8030,59,0
8031,59,0
8032,59,0
8033,61,0
8034,61,0
8035,62,0
8036,62,0
8037,62,0
8038,60,0
8039,60,0
8040,62,0
8041,63,0
8042,59,0
8043,63,0
8044,59,0
8045,64,0
8046,60,0
8047,62,0
8048,60,0
8049,62,0
8050,60,0
8051,59,0
8052,61,0
8053,60,0
8054,60,0
8055,60,0
8056,62,0
8057,62,0
8058,60,0
8059,60,0
8060,62,0
8061,62,0
8062,60,0
8063,62,0
8064,61,0
8065,63,0
8066,59,0
8067,63,0
8068,62,0
8069,62,0
8070,62,0
8071,62,0
8072,62,0
8073,63,0
8074,59,0
8075,59,0
8076,59,0
8077,61,0
8078,60,0
8079,62,0
8080,62,0
8081,59,0
8082,61,0
8083,59,0
8084,61,0
8085,61,0
8086,61,0
8087,61,0
8088,61,0
8089,59,0
8090,59,0
8091,60,0
8092,60,0
8093,60,0
8094,62,0
8095,62,0
8096,62,0
8097,60,0
8098,60,0
8099,62,0
8100,59,0
8101,63,0
8102,63,0
8103,65,0
8104,62,0
8105,62,0
8106,59,0
8107,59,0
8108,62,0
8109,62,0
8110,62,0
8111,60,0
8112,62,0
8113,59,0
8114,61,0
8115,62,0
8116,60,0
8117,62,0
8118,63,0
8119,63,0
8120,59,0
8121,62,0
8122,62,0
8123,63,0
8124,63,0
8125,63,0
8126,59,0
8127,62,0
8128,62,0
8129,62,0
8130,62,0
8131,60,0
8132,62,0
8133,62,0
8134,62,0
8135,64,0
8136,61,0
8137,61,0
8138,59,0
8139,61,0
8140,60,0
8141,60,0
8142,62,0
8143,62,0
8144,62,0
8145,61,0
8146,63,0
8147,63,0
8148,65,0
8149,62,0
8150,62,0
8151,62,0
8152,63,0
8153,59,0
8154,59,0
8155,59,0
8156,60,0
8157,62,0
8158,60,0
8159,62,0
8160,60,0
8161,61,0
8162,61,0
8163,63,0
8164,61,0
8165,59,0
8166,63,0
8167,62,0
8168,60,0
8169,60,0
8170,62,0
8171,62,0
8172,62,0
8173,62,0
8174,60,0
8175,62,0
8176,60,0
8177,63,0
8178,63,0
8179,63,0
8180,61,0
8181,61,0
8182,63,0
8183,63,0
8184,63,0
8185,63,0
8186,62,0
8187,62,0
8188,60,0
8189,64,0
8190,62,0
8191,62,0
8192,62,0
8193,62,0
8194,59,0
8195,61,0
8196,63,0
8197,59,0
8198,65,0
8199,60,0
8200,60,0
8201,62,0
8202,62,0
8203,62,0
8204,60,0
8205,60,0
8206,59,0
8207,59,0
8208,59,0
8209,59,0
8210,59,0
8211,62,0
8212,60,0
8213,62,0
8214,62,0
8215,62,0
8216,60,0
8217,64,0
8218,63,0
8219,61,0
8220,59,0
8221,62,0
8222,60,0
8223,62,0
8224,62,0
8225,61,0
8226,63,0
8227,61,0
8228,60,0
8229,60,0
8230,60,0
8231,63,0
8232,62,0
8233,64,0
8234,60,0
8235,63,0
8236,63,0
8237,59,0
8238,62,0
8239,62,0
8240,62,0
8241,62,0
8242,60,0
8243,61,0
8244,61,0
8245,59,0
8246,60,0
8247,61,0
8248,61,0
8249,61,0
8250,63,0
8251,63,0
8252,59,0
8253,60,0
8254,60,0
8255,60,0
8256,62,0
8257,62,0
8258,60,0
8259,59,0
8260,61,0
8261,61,0
8262,60,0
8263,62,0
8264,62,0
8265,62,0
8266,62,0
8267,62,0
8268,61,0
8269,63,0
8270,61,0
8271,59,0
8272,63,0
8273,61,0
8274,61,0
8275,62,0
8276,62,0
8277,62,0
8278,64,0
8279,62,0
8280,62,0
8281,63,0
8282,61,0
8283,63,0
8284,63,0
8285,61,0
8286,59,0
8287,61,0
8288,62,0
8289,62,0
8290,60,0
8291,62,0
8292,60,0
8293,60,0
8294,61,0
8295,61,0
8296,85,0
8297,61,0
8298,63,0
8299,60,0
8300,62,0
8301,59,0
8302,63,0
8303,60,0
8304,61,0
8305,59,0
8306,61,0
8307,62,0
8308,60,0
8309,62,0
8310,59,0
8311,63,0
8312,62,0
8313,62,0
8314,61,0
8315,63,0
8316,62,0
8317,60,0
8318,60,0
8319,61,0
8320,61,0
8321,63,0
8322,62,0
8323,60,0
8324,63,0
8325,59,0
8326,63,0
8327,63,0
8328,60,0
8329,62,0
8330,60,0
8331,59,0
8332,63,0
8333,59,0
8334,59,0
8335,62,0
8336,64,0
8337,60,0
8338,60,0
8339,61,0
8340,61,0
8341,59,0
8342,61,0
8343,60,0
8344,62,0
8345,62,0
8346,62,0
8347,62,0
8348,64,0
8349,59,0
8350,63,0
8351,62,0
8352,60,0
8353,64,0
8354,60,0
8355,61,0
8356,61,0
8357,61,0
8358,59,0
8359,60,0
8360,63,0
8361,61,0
8362,63,0
8363,63,0
8364,62,0
8365,62,0
8366,62,0
8367,62,0
8368,63,0
8369,63,0
8370,65,0
8371,63,0
8372,59,0
8373,61,0
8374,62,0
8375,62,0
8376,62,0
8377,63,0
8378,63,0
8379,62,0
8380,62,0
8381,60,0
8382,60,0
8383,60,0
8384,62,0
8385,61,0
8386,59,0
8387,61,0
8388,61,0
8389,65,0
8390,62,0
8391,62,0
8392,63,0
8393,65,0
8394,65,0
8395,60,0
8396,60,0
8397,62,0
8398,60,0
8399,63,0
8400,61,0
8401,61,0
8402,63,0
8403,62,0
8404,62,0
8405,62,0
8406,62,0
8407,60,0
8408,62,0
8409,61,0
8410,59,0
8411,61,0
8412,65,0
8413,59,0
8414,60,0
8415,62,0
8416,63,0
8417,63,0
8418,63,0
8419,63,0
8420,63,0
8421,60,0
8422,60,0
8423,62,0
8424,60,0
8425,64,0
8426,62,0
8427,63,0
8428,59,0
8429,62,0
8430,60,0
8431,60,0
8432,62,0
8433,60,0
8434,62,0
8435,61,0
8436,61,0
8437,59,0
8438,59,0
8439,60,0
8440,62,0
8441,66,0
8442,64,0
8443,65,0
8444,59,0
8445,64,0
8446,63,0
8447,65,0
8448,62,0
8449,62,0
8450,61,0
8451,62,0
8452,64,0
8453,61,0
8454,64,0
8455,62,0
8456,63,0
8457,63,0
8458,64,0
8459,63,0
8460,65,0
8461,64,0
8462,61,0
8463,62,0
8464,63,0
8465,64,0
8466,64,0
8467,61,0
8468,64,0
8469,64,0
8470,63,0
8471,62,0
8472,62,0
8473,63,0
8474,61,0
8475,63,0
8476,59,0
8477,61,0
8478,60,0
8479,60,0
8480,61,0
8481,60,0
8482,64,0
8483,62,0
8484,62,0
8485,65,0
8486,61,0
8487,65,0
8488,60,0
8489,62,0
8490,62,0
8491,64,0
8492,62,0
8493,62,0
8494,62,0
8495,59,0
8496,61,0
8497,59,0
8498,59,0
8499,59,0
8500,62,0
8501,62,0
8502,60,0
8503,60,0
8504,62,0
8505,62,0
8506,60,0
8507,62,0
8508,62,0
8509,63,0
8510,63,0
8511,62,0
8512,60,0
8513,62,0
8514,62,0
8515,60,0
8516,63,0
8517,63,0
8518,61,0
8519,61,0
8520,61,0
8521,63,0
8522,61,0
8523,59,0
8524,61,0
8525,64,0
8526,62,0
8527,62,0
8528,62,0
8529,60,0
8530,62,0
8531,61,0
8532,61,0
8533,62,0
8534,62,0
8535,62,0
8536,62,0
8537,62,0
8538,61,0
8539,59,0
8540,61,0
8541,63,0
8542,61,0
8543,59,0
8544,65,0
8545,63,0
8546,65,0
8547,61,0
8548,64,0
8549,60,0
8550,62,0
8551,61,0
8552,63,0
8553,63,0
8554,63,0
8555,59,0
8556,63,0
8557,59,0
8558,60,0
8559,62,0
8560,62,0
8561,62,0
8562,63,0
8563,61,0
8564,61,0
8565,61,0
8566,59,0
8567,61,0
8568,61,0
8569,62,0
8570,62,0
8571,64,0
8572,64,0
8573,62,0
8574,62,0
8575,60,0
8576,61,0
8577,59,0
8578,60,0
8579,60,0
8580,60,0
8581,62,0
8582,62,0
8583,59,0
8584,60,0
8585,62,0
8586,62,0
8587,62,0
8588,60,0
8589,60,0
8590,63,0
8591,61,0
8592,59,0
8593,61,0
8594,63,0
8595,62,0
8596,60,0
8597,60,0
8598,60,0
8599,60,0
8600,61,0
8601,61,0
8602,63,0
8603,63,0
8604,59,0
8605,60,0
8606,64,0
8607,60,0
8608,62,0
8609,60,0
8610,61,0
8611,63,0
8612,61,0
8613,61,0
8614,61,0
8615,60,0
8616,62,0
8617,62,0
8618,60,0
8619,60,0
8620,63,0
8621,65,0
8622,63,0
8623,60,0
8624,62,0
8625,62,0
8626,60,0
8627,62,0
8628,60,0
8629,85,0
8630,83,0
8631,84,0
8632,83,0
8633,60,0
8634,61,0
8635,83,0
8636,62,0
8637,60,0
8638,62,0
8639,62,0
8640,64,0
8641,62,0
8642,62,0
8643,60,0
8644,61,0
8645,63,0
8646,63,0
8647,61,0
8648,61,0
8649,62,0
8650,64,0
8651,62,0
8652,60,0
8653,62,0
8654,61,0
8655,63,0
8656,61,0
8657,59,0
8658,61,0
8659,60,0
8660,60,0
8661,62,0
8662,60,0
8663,62,0
8664,60,0
8665,62,0
8666,61,0
8667,63,0
8668,63,0
8669,63,0
8670,59,0
8671,59,0
8672,61,0
8673,63,0
8674,63,0
8675,59,0
8676,61,0
8677,59,0
8678,63,0
8679,63,0
8680,63,0
8681,61,0
8682,59,0
8683,62,0
8684,60,0
8685,60,0
8686,61,0
8687,63,0
8688,59,0
8689,63,0
8690,61,0
8691,59,0
8692,63,0
8693,59,0
8694,61,0
8695,60,0
8696,60,0
8697,62,0
8698,62,0
8699,62,0
8700,62,0
8701,61,0
8702,61,0
8703,61,0
8704,61,0
8705,61,0
8706,61,0
8707,63,0
8708,60,0
8709,62,0
8710,64,0
8711,62,0
8712,62,0
8713,62,0
8714,62,0
8715,59,0
8716,63,0
8717,59,0
8718,59,0
8719,59,0
8720,63,0
8721,62,0
8722,62,0
8723,64,0
8724,62,0
8725,62,0
8726,62,0
8727,62,0
8728,60,0
8729,60,0
8730,59,0
8731,61,0
8732,65,0
8733,59,0
8734,64,0
8735,62,0
8736,60,0
8737,62,0
8738,60,0
8739,63,0
8740,61,0
8741,61,0
8742,63,0
8743,62,0
8744,62,0
8745,62,0
8746,60,0
8747,62,0
8748,62,0
8749,62,0
8750,63,0
8751,59,0
8752,62,0
8753,60,0
8754,62,0
8755,61,0
8756,65,0
8757,61,0
8758,61,0
8759,59,0
8760,62,0
8761,60,0
8762,62,0
8763,63,0
8764,64,0
8765,62,0
8766,62,0
8767,62,0
8768,62,0
8769,60,0
8770,62,0
8771,65,0
8772,59,0
8773,62,0
8774,60,0
8775,62,0
8776,62,0
8777,61,0
8778,63,0
8779,64,0
8780,62,0
8781,60,0
8782,62,0
8783,62,0
8784,60,0
8785,63,0
8786,59,0
8787,63,0
8788,59,0
8789,62,0
8790,62,0
8791,62,0
8792,61,0
8793,63,0
8794,61,0
8795,59,0
8796,60,0
8797,62,0
8798,62,0
8799,62,0
8800,64,0
8801,64,0
8802,61,0
8803,59,0
8804,63,0
8805,63,0
8806,59,0
8807,63,0
8808,63,0
8809,60,0
8810,62,0
8811,62,0
8812,62,0
8813,60,0
8814,62,0
8815,63,0
8816,59,0
8817,61,0
8818,63,0
8819,63,0
8820,61,0
8821,62,0
8822,60,0
8823,62,0
8824,60,0
8825,63,0
8826,61,0
8827,65,0
8828,64,0
8829,62,0
8830,62,0
8831,60,0
8832,62,0
8833,62,0
8834,60,0
8835,60,0
8836,62,0
8837,63,0
8838,59,0
8839,63,0
8840,65,0
8841,59,0
8842,61,0
8843,65,0
8844,61,0
8845,59,0
8846,61,0
8847,64,0
8848,62,0
8849,59,0
8850,59,0
8851,63,0
8852,62,0
8853,62,0
8854,60,0
8855,62,0
8856,62,0
8857,61,0
8858,61,0
8859,63,0
8860,61,0
8861,62,0
8862,62,0
8863,62,0
8864,59,0
8865,63,0
8866,61,0
8867,63,0
8868,62,0
8869,62,0
8870,61,0
8871,59,0
8872,63,0
8873,63,0
8874,63,0
8875,61,0
8876,64,0
8877,62,0
8878,62,0
8879,62,0
8880,64,0
8881,61,0
8882,59,0
8883,64,0
8884,60,0
8885,60,0
8886,60,0
8887,62,0
8888,62,0
8889,62,0
8890,62,0
8891,62,0
8892,63,0
8893,59,0
8894,61,0
8895,63,0
8896,60,0
8897,62,0
8898,62,0
8899,60,0
8900,60,0
8901,61,0
8902,61,0
8903,61,0
8904,61,0
8905,61,0
8906,63,0
8907,61,0
8908,61,0
8909,62,0
8910,62,0
8911,60,0
8912,62,0
8913,62,0
8914,60,0
8915,61,0
8916,59,0
8917,65,0
8918,59,0
8919,60,0
8920,62,0
8921,60,0
8922,62,0
8923,83,0
8924,65,0
8925,63,0
8926,61,0
8927,63,0
8928,65,0
8929,60,0
8930,62,0
8931,60,0
8932,60,0
8933,62,0
8934,63,0
8935,61,0
8936,59,0
8937,63,0
8938,59,0
8939,62,0
8940,60,0
8941,62,0
8942,62,0
8943,61,0
8944,61,0
8945,59,0
8946,59,0
8947,59,0
8948,61,0
8949,60,0
8950,62,0
8951,62,0
8952,63,0
8953,63,0
8954,63,0
8955,64,0
8956,62,0
8957,60,0
8958,60,0
8959,62,0
8960,62,0
8961,62,0
8962,61,0
8963,63,0
8964,61,0
8965,61,0
8966,62,0
8967,60,0
8968,62,0
8969,62,0
8970,62,0
8971,61,0
8972,61,0
8973,61,0
8974,63,0
8975,63,0
8976,61,0
8977,63,0
8978,62,0
8979,62,0
8980,62,0
8981,60,0
8982,59,0
8983,61,0
8984,61,0
8985,59,0
8986,62,0
8987,62,0
8988,62,0
8989,62,0
8990,61,0
8991,61,0
8992,63,0
8993,63,0
8994,59,0
8995,62,0
8996,64,0
8997,60,0
8998,60,0
8999,62,0
9000,62,0
9001,60,0
9002,60,0
9003,63,0
9004,61,0
9005,64,0
9006,64,0
9007,62,0
9008,62,0
9009,62,0
9010,61,0
9011,61,0
9012,61,0
9013,61,0
9014,61,0
9015,63,0
9016,60,0
9017,62,0
9018,60,0
9019,62,0
9020,62,0
9021,62,0
9022,64,0
9023,61,0
9024,63,0
9025,61,0
9026,63,0
9027,63,0
9028,63,0
9029,59,0
9030,63,0
9031,64,0
9032,62,0
9033,62,0
9034,60,0
9035,62,0
9036,61,0
9037,63,0
9038,61,0
9039,63,0
9040,60,0
9041,62,0
9042,62,0
9043,60,0
9044,62,0
9045,60,0
9046,63,0
9047,63,0
9048,59,0
9049,59,0
9050,61,0
9051,62,0
9052,62,0
9053,60,0
9054,60,0
9055,62,0
9056,62,0
9057,62,0
9058,62,0
9059,60,0
9060,60,0
9061,62,0
9062,63,0
9063,61,0
9064,61,0
9065,59,0
9066,65,0
9067,61,0
9068,62,0
9069,60,0
9070,62,0
9071,62,0
9072,60,0
9073,60,0
9074,62,0
9075,64,0
9076,61,0
9077,59,0
9078,61,0
9079,62,0
9080,60,0
9081,60,0
9082,62,0
9083,59,0
9084,59,0
9085,61,0
9086,62,0
9087,60,0
9088,62,0
9089,60,0
9090,61,0
9091,63,0
9092,59,0
9093,61,0
9094,65,0
9095,61,0
9096,59,0
9097,60,0
9098,62,0
9099,64,0
9100,62,0
9101,60,0
9102,62,0
9103,61,0
9104,59,0
9105,63,0
9106,63,0
9107,63,0
9108,61,0
9109,64,0
9110,60,0
9111,60,0
9112,61,0
9113,61,0
9114,59,0
9115,61,0
9116,64,0
9117,63,0
9118,63,0
9119,62,0
9120,61,0
9121,61,0
9122,61,0
9123,60,0
9124,60,0
9125,62,0
9126,62,0
9127,61,0
9128,63,0
9129,61,0
9130,61,0
9131,59,0
9132,63,0
9133,65,0
9134,59,0
9135,62,0
9136,62,0
9137,60,0
9138,60,0
9139,62,0
9140,62,0
9141,64,0
9142,62,0
9143,63,0
9144,60,0
9145,62,0
9146,62,0
9147,60,0
9148,60,0
9149,61,0
9150,61,0
9151,63,0
9152,59,0
9153,60,0
9154,59,0
9155,62,0
9156,60,0
9157,62,0
9158,59,0
9159,59,0
9160,59,0
9161,61,0
9162,63,0
9163,62,0
9164,60,0
9165,63,0
9166,60,0
9167,73,0
9168,61,0
9169,67,0
9170,65,0
9171,65,0
9172,91,0
9173,70,0
9174,61,0
9175,61,0
9176,60,0
9177,64,0
9178,65,0
9179,62,0
9180,69,0
9181,65,0
9182,65,0
9183,61,0
9184,60,0
9185,69,0
9186,64,0
9187,60,0
9188,65,0
9189,70,0
9190,65,0
9191,62,0
9192,68,0
9193,64,0
9194,60,0
9195,67,0
9196,68,0
9197,71,0
9198,72,0
9199,63,0
9200,61,0
9201,63,0
9202,69,0
9203,71,0
9204,62,0
9205,65,0
9206,67,0
9207,68,0
9208,65,0
9209,69,0
9210,68,0
9211,63,0
9212,64,0
9213,73,0
9214,59,0
9215,61,0
9216,69,0
9217,69,0
9218,67,0
9219,63,0
9220,64,0
9221,61,0
9222,62,0
9223,64,0
9224,61,0
9225,61,0
9226,62,0
9227,61,0
9228,69,0
9229,63,0
9230,69,0
9231,68,0
9232,64,0
9233,67,0
9234,67,0
9235,75,0
9236,63,0
9237,71,0
9238,67,0
9239,69,0
9240,63,0
9241,67,0
9242,65,0
9243,64,0
9244,65,0
9245,67,0
9246,69,0
9247,65,0
9248,63,0
9249,67,0
9250,59,0
9251,72,0
9252,62,0
9253,69,0
9254,63,0
9255,65,0
9256,67,0
9257,67,0
9258,63,0
9259,88,0
9260,67,0
9261,62,0
9262,64,0
9263,62,0
9264,61,0
9265,67,0
9266,66,0
9267,88,0
9268,66,0
9269,86,0
9270,64,0
9271,72,0
9272,64,0
9273,62,0
9274,60,0
9275,67,0
9276,68,0
9277,63,0
9278,73,0
9279,63,0
9280,64,0
9281,64,0
9282,69,0
9283,65,0
9284,70,0
9285,97,0
9286,61,0
9287,64,0
9288,62,0
9289,64,0
9290,74,0
9291,67,0
9292,66,0
9293,72,0
9294,65,0
9295,64,0
9296,61,0
9297,238,1
9298,70,0
9299,64,0
9300,67,0
9301,69,0
9302,64,0
9303,64,0
9304,67,0
9305,69,0
9306,64,0
9307,79,0
9308,75,0
9309,77,0
9310,65,0
9311,62,0
9312,85,0
9313,60,0
9314,61,0
9315,60,0
9316,60,0
9317,62,0
9318,60,0
9319,63,0
9320,61,0
9321,59,0
9322,59,0
9323,62,0
9324,60,0
9325,60,0
9326,62,0
9327,59,0
9328,60,0
9329,62,0
9330,60,0
9331,60,0
9332,62,0
9333,60,0
9334,59,0
9335,65,0
9336,61,0
9337,61,0
9338,62,0
9339,62,0
9340,60,0
9341,61,0
9342,61,0
9343,63,0
9344,63,0
9345,65,0
9346,63,0
9347,62,0
9348,62,0
9349,62,0
9350,62,0
9351,60,0
9352,61,0
9353,64,0
9354,60,0
9355,62,0
9356,62,0
9357,62,0
9358,60,0
9359,60,0
9360,60,0
9361,62,0
9362,62,0
9363,64,0
9364,60,0
9365,61,0
9366,63,0
9367,60,0
9368,62,0
9369,60,0
9370,64,0
9371,64,0
9372,60,0
9373,61,0
9374,63,0
9375,61,0
9376,63,0
9377,63,0
9378,60,0
9379,60,0
9380,59,0
9381,61,0
9382,59,0
9383,65,0
9384,59,0
9385,60,0
9386,60,0
9387,62,0
9388,62,0
9389,62,0
9390,59,0
9391,61,0
9392,63,0
9393,62,0
9394,62,0
9395,62,0
9396,62,0
9397,60,0
9398,59,0
9399,61,0
9400,63,0
9401,63,0
9402,63,0
9403,60,0
9404,62,0
9405,60,0
9406,63,0
9407,61,0
9408,61,0
9409,61,0
9410,63,0
9411,61,0
9412,61,0
9413,63,0
9414,60,0
9415,62,0
9416,62,0
9417,60,0
9418,62,0
9419,62,0
9420,62,0
9421,63,0
9422,59,0
9423,59,0
9424,62,0
9425,62,0
9426,60,0
9427,62,0
9428,62,0
9429,62,0
9430,61,0
9431,61,0
9432,59,0
9433,59,0
9434,65,0
9435,60,0
9436,60,0
9437,60,0
9438,62,0
9439,61,0
9440,61,0
9441,61,0
9442,63,0
9443,63,0
9444,65,0
9445,59,0
9446,59,0
9447,59,0
9448,82,0
9449,85,0
9450,83,0
9451,59,0
9452,62,0
9453,83,0
9454,81,0
9455,63,0
9456,59,0
9457,65,0
9458,62,0
9459,62,0
9460,60,0
9461,62,0
9462,62,0
9463,61,0
9464,63,0
9465,59,0
9466,61,0
9467,63,0
9468,63,0
9469,60,0
9470,60,0
9471,60,0
9472,60,0
9473,60,0
9474,63,0
9475,61,0
9476,61,0
9477,61,0
9478,63,0
9479,63,0
9480,59,0
9481,61,0
9482,63,0
9483,59,0
9484,62,0
9485,60,0
9486,60,0
9487,60,0
9488,62,0
9489,62,0
9490,64,0
9491,62,0
9492,60,0
9493,63,0
9494,61,0
9495,63,0
9496,61,0
9497,59,0
9498,59,0
9499,61,0
9500,62,0
9501,60,0
9502,62,0
9503,62,0
9504,61,0
9505,59,0
9506,61,0
9507,63,0
9508,61,0
9509,61,0
9510,60,0
9511,60,0
9512,62,0
9513,62,0
9514,64,0
9515,60,0
9516,60,0
9517,62,0
9518,64,0
9519,62,0
9520,60,0
9521,63,0
9522,63,0
9523,61,0
9524,61,0
9525,61,0
9526,62,0
9527,60,0
9528,60,0
9529,62,0
9530,62,0
9531,61,0
9532,61,0
9533,59,0
9534,61,0
9535,59,0
9536,61,0
9537,61,0
9538,61,0
9539,61,0
9540,60,0
9541,62,0
9542,64,0
9543,60,0
9544,63,0
9545,61,0
9546,63,0
9547,61,0
9548,60,0
9549,64,0
9550,62,0
9551,62,0
9552,62,0
9553,62,0
9554,64,0
9555,62,0
9556,61,0
9557,59,0
9558,62,0
9559,60,0
9560,60,0
9561,60,0
9562,62,0
9563,61,0
9564,63,0
9565,61,0
9566,63,0
9567,63,0
9568,59,0
9569,61,0
9570,61,0
9571,63,0
9572,63,0
9573,63,0
9574,60,0
9575,62,0
9576,62,0
9577,62,0
9578,62,0
9579,63,0
9580,63,0
9581,61,0
9582,60,0
9583,62,0
9584,60,0
9585,60,0
9586,62,0
9587,63,0
9588,63,0
9589,59,0
9590,63,0
9591,59,0
9592,59,0
9593,63,0
9594,63,0
9595,60,0
9596,62,0
9597,60,0
9598,60,0
9599,60,0
9600,60,0
9601,62,0
9602,61,0
9603,63,0
9604,63,0
9605,61,0
9606,61,0
9607,59,0
9608,60,0
9609,62,0
9610,60,0
9611,64,0
9612,60,0
9613,60,0
9614,62,0
9615,60,0
9616,61,0
9617,63,0
9618,63,0
9619,61,0
9620,60,0
9621,62,0
9622,60,0
9623,62,0
9624,62,0
9625,60,0
9626,62,0
9627,62,0
9628,62,0
9629,61,0
9630,61,0
9631,61,0
9632,62,0
9633,60,0
9634,62,0
9635,62,0
9636,62,0
9637,62,0
9638,60,0
9639,61,0
9640,63,0
9641,59,0
9642,61,0
9643,63,0
9644,62,0
9645,62,0
9646,61,0
9647,63,0
9648,63,0
9649,61,0
9650,64,0
9651,60,0
9652,62,0
9653,62,0
9654,61,0
9655,63,0
9656,64,0
9657,60,0
9658,62,0
9659,60,0
9660,60,0
9661,62,0
9662,63,0
9663,63,0
9664,63,0
9665,62,0
9666,60,0
9667,62,0
9668,62,0
9669,62,0
9670,63,0
9671,63,0
9672,61,0
9673,63,0
9674,61,0
9675,61,0
9676,62,0
9677,62,0
9678,60,0
9679,62,0
9680,60,0
9681,62,0
9682,59,0
9683,59,0
9684,63,0
9685,59,0
9686,63,0
9687,59,0
9688,65,0
9689,60,0
9690,60,0
9691,62,0
9692,64,0
9693,62,0
9694,60,0
9695,59,0
9696,61,0
9697,59,0
9698,61,0
9699,59,0
9700,62,0
9701,62,0
9702,63,0
9703,63,0
9704,63,0
9705,61,0
9706,59,0
9707,59,0
9708,62,0
9709,59,0
9710,62,0
9711,62,0
9712,60,0
9713,62,0
9714,62,0
9715,62,0
9716,60,0
9717,61,0
9718,61,0
9719,59,0
9720,59,0
9721,63,0
9722,63,0
9723,59,0
9724,60,0
9725,62,0
9726,62,0
9727,62,0
9728,60,0
9729,62,0
9730,62,0
9731,62,0
9732,63,0
9733,61,0
9734,61,0
9735,63,0
9736,61,0
9737,63,0
9738,59,0
9739,62,0
9740,60,0
9741,62,0
9742,62,0
9743,63,0
9744,61,0
9745,61,0
9746,61,0
9747,61,0
9748,61,0
9749,63,0
9750,65,0
9751,62,0
9752,62,0
9753,62,0
9754,60,0
9755,62,0
9756,62,0
9757,61,0
9758,65,0
9759,59,0
9760,61,0
9761,61,0
9762,59,0
9763,62,0
9764,60,0
9765,62,0
9766,60,0
9767,61,0
9768,83,0
9769,62,0
9770,62,0
9771,62,0
9772,61,0
9773,63,0
9774,61,0
9775,60,0
9776,60,0
9777,62,0
9778,62,0
9779,63,0
9780,63,0
9781,63,0
9782,63,0
9783,60,0
9784,62,0
9785,61,0
9786,63,0
9787,61,0
9788,63,0
9789,61,0
9790,60,0
9791,62,0
9792,60,0
9793,62,0
9794,61,0
9795,59,0
9796,61,0
9797,61,0
9798,63,0
9799,63,0
9800,60,0
9801,59,0
9802,60,0
9803,60,0
9804,60,0
9805,62,0
9806,62,0
9807,61,0
9808,63,0
9809,61,0
9810,59,0
9811,62,0
9812,62,0
9813,60,0
9814,60,0
9815,62,0
9816,62,0
9817,62,0
9818,62,0
9819,62,0
9820,61,0
9821,63,0
9822,63,0
9823,61,0
9824,59,0
9825,59,0
9826,59,0
9827,59,0
9828,60,0
9829,60,0
9830,62,0
9831,62,0
9832,60,0
9833,60,0
9834,189,0
9835,59,0
9836,60,0
9837,62,0
9838,60,0
9839,62,0
9840,61,0
9841,59,0
9842,61,0
9843,60,0
9844,60,0
9845,61,0
9846,61,0
9847,59,0
9848,63,0
9849,63,0
9850,60,0
9851,60,0
9852,60,0
9853,60,0
9854,59,0
9855,63,0
9856,61,0
9857,61,0
9858,62,0
9859,60,0
9860,62,0
9861,63,0
9862,64,0
9863,62,0
9864,62,0
9865,62,0
9866,62,0
9867,61,0
9868,61,0
9869,61,0
9870,59,0
9871,59,0
9872,62,0
9873,64,0
9874,64,0
9875,64,0
9876,64,0
9877,65,0
9878,61,0
9879,63,0
9880,60,0
9881,62,0
9882,62,0
9883,62,0
9884,60,0
9885,62,0
9886,62,0
9887,62,0
9888,64,0
9889,62,0
9890,62,0
9891,61,0
9892,65,0
9893,61,0
9894,61,0
9895,59,0
9896,59,0
9897,63,0
9898,62,0
9899,62,0
9900,62,0
9901,61,0
9902,61,0
9903,59,0
9904,63,0
9905,60,0
9906,62,0
9907,60,0
9908,60,0
9909,62,0
9910,62,0
9911,62,0
9912,60,0
9913,60,0
9914,62,0
9915,59,0
9916,59,0
9917,61,0
9918,59,0
9919,61,0
9920,63,0
9921,60,0
9922,60,0
9923,62,0
9924,61,0
9925,61,0
9926,63,0
9927,62,0
9928,62,0
9929,62,0
9930,62,0
9931,60,0
9932,62,0
9933,62,0
9934,84,0
9935,61,0
9936,62,0
9937,60,0
9938,61,0
9939,61,0
9940,62,0
9941,60,0
9942,60,0
9943,61,0
9944,63,0
9945,64,0
9946,60,0
9947,62,0
9948,63,0
9949,63,0
9950,62,0
9951,62,0
9952,64,0
9953,61,0
9954,63,0
9955,60,0
9956,62,0
9957,62,0
9958,62,0
9959,61,0
9960,59,0
9961,60,0
9962,60,0
9963,60,0
9964,62,0
9965,59,0
9966,63,0
9967,61,0
9968,59,0
9969,61,0
9970,59,0
9971,62,0
9972,60,0
9973,62,0
9974,62,0
9975,59,0
9976,59,0
9977,63,0
9978,63,0
9979,63,0
9980,62,0
9981,62,0
9982,61,0
9983,59,0
9984,63,0
9985,62,0
9986,62,0
9987,62,0
9988,60,0
9989,61,0
9990,63,0
9991,59,0
9992,63,0
9993,61,0
9994,61,0
9995,59,0
9996,61,0
9997,61,0
9998,63,0
9999,62,0
10000,62,0
10001,59,0
10002,61,0
10003,62,0
10004,62,0
10005,60,0
10006,60,0
10007,64,0
10008,61,0
10009,61,0
10010,59,0
10011,61,0
10012,60,0
10013,62,0
10014,62,0
10015,61,0
10016,59,0
10017,63,0
10018,59,0
10019,62,0
10020,60,0
10021,62,0
10022,62,0
10023,63,0
10024,61,0
10025,62,0
10026,62,0
10027,60,0
10028,62,0
10029,63,0
10030,63,0
10031,61,0
10032,63,0
10033,63,0
10034,64,0
10035,62,0
10036,60,0
10037,62,0
10038,63,0
10039,65,0
10040,59,0
10041,63,0
10042,60,0
10043,62,0
10044,59,0
10045,63,0
10046,61,0
10047,60,0
10048,62,0
10049,64,0
10050,62,0
10051,65,0
10052,62,0
10053,62,0
10054,62,0
10055,62,0
10056,61,0
10057,61,0
10058,63,0
10059,62,0
10060,62,0
10061,60,0
10062,63,0
10063,63,0
10064,59,0
10065,61,0
10066,60,0
10067,60,0
10068,62,0
10069,60,0
10070,59,0
10071,61,0
10072,61,0
10073,64,0
10074,62,0
10075,60,0
10076,62,0
10077,61,0
10078,62,0
10079,60,0
10080,62,0
10081,60,0
10082,62,0
10083,60,0
10084,59,0
10085,61,0
10086,59,0
10087,62,0
10088,62,0
10089,62,0
10090,61,0
10091,61,0
10092,62,0
10093,62,0
10094,62,0
10095,60,0
10096,62,0
10097,60,0
10098,63,0
10099,61,0
10100,59,0
10101,59,0
10102,62,0
10103,60,0
10104,62,0
10105,62,0
10106,62,0
10107,59,0
10108,61,0
10109,59,0
10110,60,0
10111,62,0
10112,62,0
10113,60,0
10114,62,0
10115,61,0
10116,63,0
10117,59,0
10118,62,0
10119,60,0
10120,62,0
10121,60,0
10122,62,0
10123,60,0
10124,62,0
10125,63,0
10126,63,0
10127,61,0
10128,60,0
10129,62,0
10130,60,0
10131,60,0
10132,62,0
10133,60,0
10134,60,0
10135,60,0
10136,61,0
10137,63,0
10138,59,0
10139,60,0
10140,62,0
10141,60,0
10142,60,0
10143,64,0
10144,62,0
10145,60,0
10146,64,0
10147,59,0
10148,63,0
10149,61,0
10150,61,0
10151,63,0
10152,61,0
10153,62,0
10154,62,0
10155,60,0
10156,61,0
10157,59,0
10158,63,0
10159,63,0
10160,65,0
10161,63,0
10162,62,0
10163,60,0
10164,62,0
10165,63,0
10166,59,0
10167,65,0
10168,61,0
10169,65,0
10170,62,0
10171,60,0
10172,62,0
10173,62,0
10174,62,0
10175,62,0
10176,61,0
10177,61,0
10178,63,0
10179,63,0
10180,59,0
10181,62,0
10182,62,0
10183,62,0
10184,62,0
10185,63,0
10186,63,0
10187,63,0
10188,61,0
10189,62,0
10190,62,0
10191,62,0
10192,61,0
10193,63,0
10194,61,0
10195,62,0
10196,62,0
10197,62,0
10198,62,0
10199,62,0
10200,61,0
10201,63,0
10202,59,0
10203,61,0
10204,61,0
10205,63,0
10206,62,0
10207,60,0
10208,62,0
10209,62,0
10210,61,0
10211,59,0
10212,63,0
10213,63,0
10214,62,0
10215,60,0
10216,64,0
10217,61,0
10218,63,0
10219,60,0
10220,62,0
10221,60,0
10222,63,0
10223,61,0
10224,61,0
10225,59,0
10226,62,0
10227,60,0
10228,60,0
10229,62,0
10230,59,0
10231,61,0
10232,59,0
10233,59,0
10234,59,0
10235,60,0
10236,59,0
10237,65,0
10238,63,0
10239,59,0
10240,63,0
10241,61,0
10242,62,0
10243,79,0
10244,84,0
10245,60,0
10246,62,0
10247,83,0
10248,80,0
10249,83,0
10250,63,0
10251,62,0
10252,62,0
10253,60,0
10254,63,0
10255,63,0
10256,63,0
10257,61,0
10258,63,0
10259,65,0
10260,65,0
10261,60,0
10262,60,0
10263,60,0
10264,61,0
10265,61,0
10266,63,0
10267,59,0
10268,63,0
10269,60,0
10270,62,0
10271,62,0
10272,62,0
10273,61,0
10274,59,0
10275,63,0
10276,60,0
10277,62,0
10278,61,0
10279,63,0
10280,63,0
10281,62,0
10282,62,0
10283,62,0
10284,60,0
10285,64,0
10286,59,0
10287,63,0
10288,61,0
10289,59,0
10290,62,0
10291,60,0
10292,62,0
10293,62,0
10294,62,0
10295,63,0
10296,63,0
10297,61,0
10298,64,0
10299,60,0
10300,62,0
10301,60,0
10302,63,0
10303,61,0
10304,63,0
10305,63,0
10306,60,0
10307,62,0
10308,62,0
10309,64,0
10310,60,0
10311,62,0
10312,62,0
10313,63,0
10314,63,0
10315,63,0
10316,59,0
10317,63,0
10318,62,0
10319,61,0
10320,59,0
10321,63,0
10322,59,0
10323,61,0
10324,62,0
10325,64,0
10326,60,0
10327,61,0
10328,65,0
10329,61,0
10330,61,0
10331,59,0
10332,62,0
10333,60,0
10334,62,0
10335,60,0
10336,63,0
10337,59,0
10338,63,0
10339,63,0
10340,60,0
10341,62,0
10342,62,0
10343,61,0
10344,59,0
10345,60,0
10346,62,0
10347,62,0
10348,61,0
10349,61,0
10350,60,0
10351,60,0
10352,62,0
10353,62,0
10354,61,0
10355,61,0
10356,61,0
10357,59,0
10358,62,0
10359,62,0
10360,62,0
10361,61,0
10362,63,0
10363,63,0
10364,63,0
10365,62,0
10366,62,0
10367,60,0
10368,62,0
10369,63,0
10370,59,0
10371,61,0
10372,63,0
10373,60,0
10374,64,0
10375,64,0
10376,60,0
10377,59,0
10378,63,0
10379,65,0
10380,64,0
10381,60,0
10382,62,0
10383,61,0
10384,62,0
10385,60,0
10386,60,0
10387,63,0
10388,59,0
10389,62,0
10390,62,0
10391,62,0
10392,63,0
10393,61,0
10394,60,0
10395,62,0
10396,62,0
10397,60,0
10398,60,0
10399,60,0
10400,61,0
10401,59,0
10402,59,0
10403,62,0
10404,62,0
10405,62,0
10406,62,0
10407,60,0
10408,63,0
10409,63,0
10410,61,0
10411,61,0
10412,62,0
10413,60,0
10414,63,0
10415,59,0
10416,63,0
10417,61,0
10418,63,0
10419,62,0
10420,60,0
10421,64,0
10422,60,0
10423,62,0
10424,59,0
10425,61,0
10426,63,0
10427,62,0
10428,62,0
10429,62,0
10430,62,0
10431,63,0
10432,61,0
10433,65,0
10434,63,0
10435,59,0
10436,61,0
10437,63,0
10438,64,0
10439,60,0
10440,60,0
10441,62,0
10442,63,0
10443,63,0
10444,61,0
10445,60,0
10446,62,0
10447,62,0
10448,63,0
10449,63,0
10450,61,0
10451,62,0
10452,62,0
10453,62,0
10454,62,0
10455,63,0
10456,63,0
10457,63,0
10458,64,0
10459,62,0
10460,62,0
10461,62,0
10462,62,0
10463,62,0
10464,62,0
10465,59,0
10466,63,0
10467,59,0
10468,63,0
10469,64,0
10470,64,0
10471,60,0
10472,62,0
10473,61,0
10474,61,0
10475,61,0
10476,59,0
10477,64,0
10478,60,0
10479,62,0
10480,60,0
10481,62,0
10482,62,0
10483,62,0
10484,59,0
10485,59,0
10486,60,0
10487,62,0
10488,62,0
10489,62,0
10490,62,0
10491,59,0
10492,62,0
10493,60,0
10494,60,0
10495,60,0
10496,61,0
10497,59,0
10498,61,0
10499,62,0
10500,62,0
10501,60,0
10502,62,0
10503,61,0
10504,59,0
10505,59,0
10506,59,0
10507,61,0
10508,62,0
10509,62,0
10510,60,0
10511,62,0
10512,63,0
10513,61,0
10514,59,0
10515,62,0
10516,60,0
10517,62,0
10518,59,0
10519,61,0
10520,61,0
10521,61,0
10522,63,0
10523,59,0
10524,61,0
10525,63,0
10526,62,0
10527,60,0
10528,60,0
10529,65,0
10530,61,0
10531,62,0
10532,62,0
10533,62,0
10534,60,0
10535,62,0
10536,61,0
10537,59,0
10538,61,0
10539,63,0
10540,60,0
10541,60,0
10542,62,0
10543,64,0
10544,62,0
10545,62,0
10546,61,0
10547,63,0
10548,59,0
10549,65,0
10550,62,0
10551,60,0
10552,62,0
10553,62,0
10554,59,0
10555,59,0
10556,62,0
10557,62,0
10558,60,0
10559,59,0
10560,59,0
10561,61,0
10562,62,0
10563,60,0
10564,62,0
10565,62,0
10566,59,0
10567,63,0
10568,63,0
10569,63,0
10570,60,0
10571,60,0
10572,62,0
10573,64,0
10574,63,0
10575,63,0
10576,64,0
10577,62,0
10578,63,0
10579,61,0
10580,61,0
10581,59,0
10582,63,0
10583,60,0
10584,60,0
10585,62,0
10586,60,0
10587,62,0
10588,64,0
10589,60,0
10590,61,0
10591,61,0
10592,65,0
10593,62,0
10594,64,0
10595,60,0
10596,61,0
10597,61,0
10598,62,0
10599,62,0
10600,60,0
10601,64,0
10602,63,0
10603,61,0
10604,61,0
10605,62,0
10606,62,0
10607,60,0
10608,60,0
10609,62,0
10610,61,0
10611,61,0
10612,59,0
10613,65,0
10614,61,0
10615,62,0
10616,60,0
10617,62,0
10618,62,0
10619,60,0
10620,62,0
10621,60,0
10622,61,0
10623,62,0
10624,62,0
10625,60,0
10626,60,0
10627,62,0
10628,62,0
10629,62,0
10630,59,0
10631,59,0
10632,61,0
10633,59,0
10634,61,0
10635,59,0
10636,61,0
10637,60,0
10638,62,0
10639,59,0
10640,63,0
10641,61,0
10642,59,0
10643,60,0
10644,62,0
10645,62,0
10646,60,0
10647,59,0
10648,59,0
10649,62,0
10650,62,0
10651,63,0
10652,65,0
10653,63,0
10654,60,0
10655,60,0
10656,62,0
10657,63,0
10658,61,0
10659,61,0
10660,60,0
10661,62,0
10662,60,0
10663,63,0
10664,61,0
10665,59,0
10666,62,0
10667,62,0
10668,62,0
10669,62,0
10670,62,0
10671,61,0
10672,63,0
10673,61,0
10674,59,0
10675,64,0
10676,60,0
10677,60,0
10678,62,0
10679,61,0
10680,59,0
10681,62,0
10682,62,0
10683,61,0
10684,61,0
10685,85,0
10686,63,0
10687,59,0
10688,62,0
10689,62,0
10690,62,0
10691,61,0
10692,62,0
10693,62,0
10694,62,0
10695,62,0
10696,62,0
10697,62,0
10698,63,0
10699,61,0
10700,59,0
10701,62,0
10702,62,0
10703,61,0
10704,59,0
10705,63,0
10706,60,0
10707,62,0
10708,60,0
10709,64,0
10710,61,0
10711,63,0
10712,61,0
10713,62,0
10714,60,0
10715,62,0
10716,62,0
10717,63,0
10718,63,0
10719,63,0
10720,60,0
10721,62,0
10722,60,0
10723,60,0
10724,61,0
10725,61,0
10726,63,0
10727,61,0
10728,62,0
10729,62,0
10730,62,0
10731,63,0
10732,59,0
10733,62,0
10734,60,0
10735,60,0
10736,61,0
10737,59,0
10738,59,0
10739,61,0
10740,60,0
10741,62,0
10742,62,0
10743,60,0
10744,62,0
10745,61,0
10746,61,0
10747,61,0
10748,59,0
10749,62,0
10750,62,0
10751,62,0
10752,61,0
10753,59,0
10754,63,0
10755,59,0
10756,62,0
10757,62,0
10758,62,0
10759,59,0
10760,63,0
10761,63,0
10762,59,0
10763,60,0
10764,62,0
10765,62,0
10766,65,0
10767,61,0
10768,65,0
10769,62,0
10770,61,0
10771,63,0
10772,60,0
10773,62,0
10774,65,0
10775,61,0
10776,62,0
10777,62,0
10778,62,0
10779,60,0
10780,60,0
10781,61,0
10782,61,0
10783,59,0
10784,63,0
10785,65,0
10786,60,0
10787,62,0
10788,60,0
10789,60,0
10790,63,0
10791,63,0
10792,63,0
10793,62,0
10794,62,0
10795,62,0
10796,60,0
10797,61,0
10798,61,0
10799,59,0
10800,60,0
10801,61,0
10802,61,0
10803,61,0
10804,63,0
10805,63,0
10806,62,0
10807,60,0
10808,63,0
10809,63,0
10810,63,0
10811,59,0
10812,60,0
10813,64,0
10814,62,0
10815,61,0
10816,63,0
10817,63,0
10818,65,0
10819,65,0
10820,60,0
10821,60,0
10822,62,0
10823,62,0
10824,63,0
10825,62,0
10826,62,0
10827,62,0
10828,60,0
10829,62,0
10830,60,0
10831,60,0
10832,60,0
10833,62,0
10834,63,0
10835,61,0
10836,59,0
10837,63,0
10838,62,0
10839,62,0
10840,62,0
10841,60,0
10842,62,0
10843,62,0
10844,60,0
10845,62,0
10846,61,0
10847,59,0
10848,61,0
10849,65,0
10850,59,0
10851,60,0
10852,61,0
10853,61,0
10854,61,0
10855,63,0
10856,59,0
10857,63,0
10858,60,0
10859,62,0
10860,60,0
10861,60,0
10862,64,0
10863,59,0
10864,63,0
10865,63,0
10866,63,0
10867,63,0
10868,62,0
10869,62,0
10870,60,0
10871,62,0
10872,61,0
10873,61,0
10874,63,0
10875,61,0
10876,62,0
10877,60,0
10878,60,0
10879,62,0
10880,62,0
10881,65,0
10882,61,0
10883,61,0
10884,63,0
10885,63,0
10886,61,0
10887,60,0
10888,62,0
10889,59,0
10890,61,0
10891,61,0
10892,61,0
10893,61,0
10894,61,0
10895,65,0
10896,62,0
10897,62,0
10898,60,0
10899,62,0
10900,60,0
10901,61,0
10902,59,0
10903,61,0
10904,61,0
10905,62,0
10906,62,0
10907,61,0
10908,59,0
10909,63,0
10910,61,0
10911,62,0
10912,62,0
10913,60,0
10914,60,0
10915,62,0
10916,61,0
10917,60,0
10918,62,0
10919,60,0
10920,60,0
10921,60,0
10922,60,0
10923,61,0
10924,61,0
10925,63,0
10926,62,0
10927,62,0
10928,60,0
10929,62,0
10930,63,0
10931,61,0
10932,59,0
10933,61,0
10934,59,0
10935,60,0
10936,62,0
10937,64,0
10938,62,0
10939,60,0
10940,62,0
10941,62,0
10942,60,0
10943,61,0
10944,63,0
10945,61,0
10946,63,0
10947,63,0
10948,63,0
10949,59,0
10950,62,0
10951,60,0
10952,60,0
10953,62,0
10954,59,0
10955,61,0
10956,61,0
10957,62,0
10958,62,0
10959,62,0
10960,62,0
10961,60,0
10962,60,0
10963,61,0
10964,59,0
10965,63,0
10966,62,0
10967,60,0
10968,60,0
10969,62,0
10970,59,0
10971,63,0
10972,64,0
10973,62,0
10974,62,0
10975,60,0
10976,62,0
10977,60,0
10978,62,0
10979,62,0
10980,63,0
10981,61,0
10982,60,0
10983,62,0
10984,60,0
10985,62,0
10986,60,0
10987,60,0
10988,83,0
10989,82,0
10990,59,0
10991,62,0
10992,60,0
10993,85,0
10994,63,0
10995,62,0
10996,62,0
10997,62,0
10998,60,0
10999,62,0
11000,62,0
11001,59,0
11002,61,0
11003,63,0
11004,61,0
11005,63,0
11006,62,0
11007,62,0
11008,62,0
11009,62,0
11010,59,0
11011,59,0
11012,62,0
11013,62,0
11014,62,0
11015,60,0
11016,59,0
11017,61,0
11018,61,0
11019,62,0
11020,60,0
11021,62,0
11022,60,0
11023,61,0
11024,63,0
11025,59,0
11026,60,0
11027,62,0
11028,60,0
11029,62,0
11030,63,0
11031,62,0
11032,60,0
11033,62,0
11034,60,0
11035,62,0
11036,61,0
11037,59,0
11038,62,0
11039,62,0
11040,62,0
11041,63,0
11042,61,0
11043,63,0
11044,61,0
11045,61,0
11046,61,0
11047,60,0
11048,60,0
11049,62,0
11050,60,0
11051,61,0
11052,63,0
11053,59,0
11054,64,0
11055,63,0
11056,61,0
11057,61,0
11058,60,0
11059,60,0
11060,60,0
11061,62,0
11062,62,0
11063,61,0
11064,62,0
11065,62,0
11066,62,0
11067,64,0
11068,62,0
11069,61,0
11070,63,0
11071,61,0
11072,60,0
11073,62,0
11074,63,0
11075,63,0
11076,59,0
11077,60,0
11078,60,0
11079,60,0
11080,62,0
11081,62,0
11082,61,0
11083,61,0
11084,62,0
11085,62,0
11086,60,0
11087,62,0
11088,62,0
11089,61,0
11090,60,0
11091,62,0
11092,62,0
11093,64,0
11094,64,0
11095,62,0
11096,59,0
11097,61,0
11098,63,0
11099,63,0
11100,61,0
11101,62,0
11102,62,0
11103,60,0
11104,62,0
11105,61,0
11106,59,0
11107,63,0
11108,60,0
11109,60,0
11110,62,0
11111,62,0
11112,60,0
11113,60,0
11114,61,0
11115,61,0
11116,59,0
11117,59,0
11118,60,0
11119,60,0
11120,62,0
11121,60,0
11122,62,0
11123,61,0
11124,59,0
11125,59,0
11126,61,0
11127,62,0
11128,60,0
11129,62,0
11130,62,0
11131,60,0
11132,60,0
11133,61,0
11134,59,0
11135,61,0
11136,61,0
11137,60,0
11138,62,0
11139,59,0
11140,61,0
11141,60,0
11142,60,0
11143,64,0
11144,62,0
11145,61,0
11146,59,0
11147,59,0
11148,59,0
11149,62,0
11150,62,0
11151,60,0
11152,59,0
11153,63,0
11154,62,0
11155,62,0
11156,60,0
11157,64,0
11158,63,0
11159,63,0
11160,61,0
11161,59,0
11162,62,0
11163,60,0
11164,61,0
11165,61,0
11166,63,0
11167,62,0
11168,61,0
11169,59,0
11170,61,0
11171,62,0
11172,62,0
11173,62,0
11174,59,0
11175,60,0
11176,62,0
11177,62,0
11178,61,0
11179,63,0
11180,62,0
11181,60,0
11182,61,0
11183,59,0
11184,60,0
11185,62,0
11186,62,0
11187,63,0
11188,61,0
11189,60,0
11190,60,0
11191,63,0
11192,59,0
11193,59,0
11194,60,0
11195,62,0
11196,63,0
11197,63,0
11198,61,0
11199,60,0
11200,62,0
11201,62,0
11202,63,0
11203,60,0
11204,62,0
11205,62,0
11206,61,0
11207,63,0
11208,59,0
11209,60,0
11210,62,0
11211,62,0
11212,61,0
11213,62,0
11214,62,0
11215,62,0
11216,59,0
11217,61,0
11218,63,0
11219,59,0
11220,62,0
11221,62,0
11222,64,0
11223,60,0
11224,61,0
11225,59,0
11226,62,0
11227,60,0
11228,62,0
11229,61,0
11230,63,0
11231,61,0
11232,65,0
11233,62,0
11234,60,0
11235,63,0
11236,59,0
11237,59,0
11238,62,0
11239,60,0
11240,60,0
11241,62,0
11242,60,0
11243,61,0
11244,59,0
11245,59,0
11246,62,0
11247,62,0
11248,62,0
11249,62,0
11250,62,0
11251,62,0
11252,60,0
11253,60,0
11254,61,0
11255,63,0
11256,61,0
11257,61,0
11258,59,0
11259,62,0
11260,62,0
11261,62,0
11262,62,0
11263,60,0
11264,62,0
11265,62,0
11266,59,0
11267,59,0
11268,60,0
11269,62,0
11270,62,0
11271,62,0
11272,62,0
11273,60,0
11274,61,0
11275,61,0
11276,63,0
11277,61,0
11278,63,0
11279,60,0
11280,62,0
11281,60,0
11282,62,0
11283,62,0
11284,61,0
11285,63,0
11286,61,0
11287,61,0
11288,62,0
11289,62,0
11290,62,0
11291,61,0
11292,61,0
11293,63,0
11294,63,0
11295,61,0
11296,62,0
11297,60,0
11298,64,0
11299,60,0
11300,62,0
11301,61,0
11302,61,0
11303,59,0
11304,63,0
11305,62,0
11306,62,0
11307,62,0
11308,61,0
11309,61,0
11310,61,0
11311,62,0
11312,62,0
11313,64,0
11314,62,0
11315,63,0
11316,65,0
11317,62,0
11318,60,0
11319,60,0
11320,61,0
11321,63,0
11322,61,0
11323,60,0
11324,60,0
11325,64,0
11326,62,0
11327,61,0
11328,61,0
11329,65,0
11330,62,0
11331,62,0
11332,60,0
11333,62,0
11334,62,0
11335,62,0
11336,60,0
11337,62,0
11338,61,0
11339,63,0
11340,61,0
11341,61,0
11342,62,0
11343,62,0
11344,60,0
11345,60,0
11346,60,0
11347,60,0
11348,62,0
11349,62,0
11350,62,0
11351,63,0
11352,61,0
11353,62,0
11354,60,0
11355,60,0
11356,60,0
11357,63,0
11358,59,0
11359,65,0
11360,59,0
11361,60,0
11362,64,0
11363,62,0
11364,61,0
11365,61,0
11366,61,0
11367,61,0
11368,61,0
11369,60,0
11370,60,0
11371,62,0
11372,62,0
11373,62,0
11374,61,0
11375,61,0
11376,65,0
11377,60,0
11378,59,0
11379,61,0
11380,63,0
11381,60,0
11382,60,0
11383,62,0
11384,60,0
11385,60,0
11386,62,0
11387,62,0
11388,62,0
11389,63,0
11390,63,0
11391,65,0
11392,63,0
11393,63,0
11394,62,0
11395,60,0
11396,62,0
11397,62,0
11398,62,0
11399,59,0
11400,63,0
11401,61,0
11402,61,0
11403,62,0
11404,60,0
11405,63,0
11406,61,0
11407,59,0
11408,63,0
11409,62,0
11410,60,0
11411,60,0
11412,62,0
11413,63,0
11414,61,0
11415,59,0
11416,59,0
11417,60,0
11418,60,0
11419,61,0
11420,61,0
11421,63,0
11422,60,0
11423,62,0
11424,60,0
11425,59,0
11426,63,0
11427,63,0
11428,60,0
11429,61,0
11430,82,0
11431,64,0
11432,62,0
11433,61,0
11434,59,0
11435,60,0
11436,64,0
11437,63,0
11438,61,0
11439,63,0
11440,62,0
11441,60,0
11442,63,0
11443,61,0
11444,63,0
11445,62,0
11446,61,0
11447,59,0
11448,63,0
11449,60,0
11450,62,0
11451,60,0
11452,63,0
11453,63,0
11454,63,0
11455,62,0
11456,62,0
11457,60,0
11458,62,0
11459,61,0
11460,63,0
11461,59,0
11462,62,0
11463,62,0
11464,62,0
11465,62,0
11466,59,0
11467,61,0
11468,61,0
11469,62,0
11470,64,0
11471,60,0
11472,61,0
11473,63,0
11474,59,0
11475,62,0
11476,62,0
11477,60,0
11478,63,0
11479,62,0
11480,62,0
11481,59,0
11482,61,0
11483,59,0
11484,61,0
11485,63,0
11486,62,0
11487,60,0
11488,60,0
11489,62,0
11490,62,0
11491,61,0
11492,61,0
11493,61,0
11494,64,0
11495,64,0
11496,62,0
11497,60,0
11498,60,0
11499,60,0
11500,62,0
11501,61,0
11502,61,0
11503,62,0
11504,64,0
11505,62,0
11506,61,0
11507,63,0
11508,63,0
11509,62,0
11510,62,0
11511,60,0
11512,62,0
11513,62,0
11514,62,0
11515,63,0
11516,62,0
11517,60,0
11518,64,0
11519,62,0
11520,61,0
11521,63,0
11522,65,0
11523,62,0
11524,62,0
11525,60,0
11526,63,0
11527,63,0
11528,61,0
11529,63,0
11530,63,0
11531,65,0
11532,62,0
11533,60,0
11534,61,0
11535,63,0
11536,61,0
11537,61,0
11538,60,0
11539,62,0
11540,62,0
11541,62,0
11542,61,0
11543,59,0
11544,62,0
11545,60,0
11546,62,0
11547,63,0
11548,62,0
11549,60,0
11550,60,0
11551,62,0
11552,63,0
11553,61,0
11554,59,0
11555,59,0
11556,59,0
11557,64,0
11558,60,0
11559,61,0
11560,59,0
11561,63,0
11562,60,0
11563,60,0
11564,60,0
11565,59,0
11566,63,0
11567,61,0
11568,61,0
11569,63,0
11570,61,0
11571,62,0
11572,60,0
11573,62,0
11574,59,0
11575,62,0
11576,60,0
11577,62,0
11578,64,0
11579,62,0
11580,61,0
11581,63,0
11582,63,0
11583,63,0
11584,62,0
11585,62,0
11586,62,0
11587,62,0
11588,60,0
11589,60,0
11590,59,0
11591,63,0
11592,60,0
11593,64,0
11594,60,0
11595,60,0
11596,62,0
11597,60,0
11598,63,0
11599,61,0
11600,63,0
11601,59,0
11602,60,0
11603,62,0
11604,64,0
11605,61,0
11606,61,0
11607,61,0
11608,63,0
11609,63,0
11610,63,0
11611,63,0
11612,62,0
11613,62,0
11614,61,0
11615,61,0
11616,63,0
11617,63,0
11618,61,0
11619,62,0
11620,64,0
11621,62,0
11622,62,0
11623,64,0
11624,62,0
11625,62,0
11626,60,0
11627,60,0
11628,62,0
11629,61,0
11630,63,0
11631,63,0
11632,61,0
11633,62,0
11634,60,0
11635,62,0
11636,60,0
11637,62,0
11638,59,0
11639,63,0
11640,59,0
11641,63,0
11642,61,0
11643,62,0
11644,62,0
11645,61,0
11646,61,0
11647,61,0
11648,59,0
11649,62,0
11650,62,0
11651,62,0
11652,60,0
11653,62,0
11654,62,0
11655,61,0
11656,63,0
11657,62,0
11658,62,0
11659,62,0
11660,62,0
11661,59,0
11662,62,0
11663,62,0
11664,64,0
11665,61,0
11666,61,0
11667,63,0
11668,61,0
11669,62,0
11670,64,0
11671,60,0
11672,60,0
11673,62,0
11674,62,0
11675,59,0
11676,61,0
11677,61,0
11678,61,0
11679,61,0
11680,63,0
11681,61,0
11682,61,0
11683,63,0
11684,62,0
11685,60,0
11686,60,0
11687,61,0
11688,59,0
11689,63,0
11690,59,0
11691,62,0
11692,62,0
11693,61,0
11694,61,0
11695,60,0
11696,62,0
11697,60,0
11698,60,0
11699,59,0
11700,59,0
11701,62,0
11702,60,0
11703,64,0
11704,60,0
11705,59,0
11706,59,0
11707,59,0
11708,59,0
11709,63,0
11710,60,0
11711,60,0
11712,63,0
11713,59,0
11714,61,0
11715,61,0
11716,59,0
11717,63,0
11718,62,0
11719,60,0
11720,62,0
11721,60,0
11722,60,0
11723,60,0
11724,61,0
11725,63,0
11726,63,0
11727,60,0
11728,62,0
11729,62,0
11730,62,0
11731,62,0
11732,60,0
11733,83,0
11734,61,0
11735,63,0
11736,84,0
11737,82,0
11738,82,0
11739,60,0
11740,62,0
11741,63,0
11742,59,0
11743,65,0
11744,62,0
11745,60,0
11746,60,0
11747,62,0
11748,62,0
11749,62,0
11750,61,0
11751,59,0
11752,60,0
11753,62,0
11754,62,0
11755,60,0
11756,62,0
11757,62,0
11758,60,0
11759,59,0
11760,61,0
11761,63,0
11762,59,0
11763,60,0
11764,62,0
11765,60,0
11766,61,0
11767,63,0
11768,63,0
11769,62,0
11770,64,0
11771,64,0
11772,60,0
11773,62,0
11774,60,0
11775,63,0
11776,59,0
11777,59,0
11778,59,0
11779,62,0
11780,60,0
11781,64,0
11782,62,0
11783,63,0
11784,62,0
11785,62,0
11786,60,0
11787,62,0
11788,63,0
11789,61,0
11790,63,0
11791,60,0
11792,60,0
11793,59,0
11794,63,0
11795,59,0
11796,61,0
11797,59,0
11798,62,0
11799,64,0
11800,60,0
11801,62,0
11802,61,0
11803,59,0
11804,62,0
11805,62,0
11806,60,0
11807,62,0
11808,63,0
11809,61,0
11810,60,0
11811,62,0
11812,62,0
11813,62,0
11814,60,0
11815,62,0
11816,61,0
11817,63,0
11818,59,0
11819,63,0
11820,60,0
11821,59,0
11822,63,0
11823,65,0
11824,63,0
11825,61,0
11826,62,0
11827,60,0
11828,60,0
11829,62,0
11830,62,0
11831,63,0
11832,63,0
11833,63,0
11834,62,0
11835,62,0
11836,62,0
11837,62,0
11838,60,0
11839,60,0
11840,60,0
11841,62,0
11842,59,0
11843,63,0
11844,59,0
11845,65,0
11846,62,0
11847,64,0
11848,62,0
11849,62,0
11850,64,0
11851,63,0
11852,63,0
11853,63,0
11854,65,0
11855,62,0
11856,62,0
11857,60,0
11858,62,0
11859,62,0
11860,59,0
11861,59,0
11862,63,0
11863,60,0
11864,62,0
11865,63,0
11866,65,0
11867,61,0
11868,62,0
11869,60,0
11870,60,0
11871,60,0
11872,61,0
11873,61,0
11874,59,0
11875,61,0
11876,65,0
11877,63,0
11878,64,0
11879,62,0
11880,62,0
11881,62,0
11882,64,0
11883,62,0
11884,62,0
11885,61,0
11886,61,0
11887,63,0
11888,63,0
11889,60,0
11890,62,0
11891,62,0
11892,62,0
11893,59,0
11894,61,0
11895,59,0
11896,63,0
11897,60,0
11898,62,0
11899,60,0
11900,62,0
11901,60,0
11902,60,0
11903,63,0
11904,61,0
11905,61,0
11906,63,0
11907,63,0
11908,62,0
11909,60,0
11910,62,0
11911,62,0
11912,62,0
11913,62,0
11914,62,0
11915,61,0
11916,61,0
11917,61,0
11918,63,0
11919,60,0
11920,62,0
11921,59,0
11922,62,0
11923,60,0
11924,62,0
11925,62,0
11926,61,0
11927,61,0
11928,63,0
11929,63,0
11930,60,0
11931,60,0
11932,62,0
11933,60,0
11934,63,0
11935,62,0
11936,62,0
11937,62,0
11938,60,0
11939,60,0
11940,60,0
11941,61,0
11942,65,0
11943,59,0
11944,63,0
11945,59,0
11946,60,0
11947,62,0
11948,62,0
11949,62,0
11950,62,0
11951,62,0
11952,63,0
11953,65,0
11954,60,0
11955,60,0
11956,64,0
11957,62,0
11958,63,0
11959,61,0
11960,61,0
11961,63,0
11962,59,0
11963,63,0
11964,62,0
11965,62,0
11966,62,0
11967,62,0
11968,60,0
11969,61,0
11970,61,0
11971,59,0
11972,60,0
11973,62,0
11974,62,0
11975,60,0
11976,62,0
11977,59,0
11978,61,0
11979,61,0
11980,61,0
11981,61,0
11982,59,0
11983,60,0
11984,62,0
11985,60,0
11986,62,0
11987,59,0
11988,61,0
11989,63,0
11990,62,0
11991,62,0
11992,62,0
11993,62,0
11994,62,0
11995,61,0
11996,62,0
11997,62,0
11998,60,0
11999,62,0
12000,62,0
12001,62,0
12002,62,0
12003,59,0
12004,59,0
12005,62,0
12006,62,0
12007,62,0
12008,60,0
12009,60,0
12010,62,0
12011,59,0
12012,62,0
12013,62,0
12014,64,0
12015,60,0
12016,62,0
12017,61,0
12018,61,0
12019,61,0
12020,59,0
12021,60,0
12022,62,0
12023,60,0
12024,62,0
12025,62,0
12026,59,0
12027,61,0
12028,59,0
12029,59,0
12030,62,0
12031,62,0
12032,64,0
12033,62,0
12034,61,0
12035,63,0
12036,65,0
12037,59,0
12038,62,0
12039,62,0
12040,62,0
12041,62,0
12042,61,0
12043,63,0
12044,63,0
12045,62,0
12046,62,0
12047,63,0
12048,61,0
12049,63,0
12050,62,0
12051,62,0
12052,62,0
12053,61,0
12054,59,0
12055,61,0
12056,62,0
12057,62,0
12058,65,0
12059,63,0
12060,63,0
12061,62,0
12062,60,0
12063,62,0
12064,81,0
12065,63,0
12066,62,0
12067,62,0
12068,62,0
12069,62,0
12070,62,0
12071,62,0
12072,62,0
12073,62,0
12074,61,0
12075,63,0
12076,62,0
12077,62,0
12078,62,0
12079,64,0
12080,61,0
12081,63,0
12082,62,0
12083,60,0
12084,60,0
12085,62,0
12086,64,0
12087,59,0
12088,61,0
12089,61,0
12090,61,0
12091,60,0
12092,64,0
12093,60,0
12094,62,0
12095,62,0
12096,62,0
12097,63,0
12098,59,0
12099,61,0
12100,63,0
12101,59,0
12102,62,0
12103,62,0
12104,63,0
12105,61,0
12106,59,0
12107,59,0
12108,60,0
12109,60,0
12110,62,0
12111,61,0
12112,61,0
12113,63,0
12114,59,0
12115,61,0
12116,60,0
12117,60,0
12118,60,0
12119,63,0
12120,61,0
12121,61,0
12122,61,0
12123,62,0
12124,60,0
12125,62,0
12126,64,0
12127,60,0
12128,61,0
12129,59,0
12130,59,0
12131,59,0
12132,60,0
12133,62,0
12134,62,0
12135,60,0
12136,60,0
12137,63,0
12138,59,0
12139,61,0
12140,62,0
12141,60,0
12142,62,0
12143,61,0
12144,61,0
12145,61,0
12146,62,0
12147,62,0
12148,62,0
12149,61,0
12150,61,0
12151,63,0
12152,63,0
12153,60,0
12154,60,0
12155,62,0
12156,62,0
12157,62,0
12158,59,0
12159,61,0
12160,62,0
12161,62,0
12162,60,0
12163,63,0
12164,63,0
12165,61,0
12166,61,0
12167,60,0
12168,62,0
12169,60,0
12170,61,0
12171,61,0
12172,63,0
12173,61,0
12174,62,0
12175,85,0
12176,60,0
12177,61,0
12178,62,0
12179,60,0
12180,61,0
12181,59,0
12182,62,0
12183,62,0
12184,59,0
12185,62,0
12186,62,0
12187,63,0
12188,63,0
12189,63,0
12190,65,0
12191,64,0
12192,60,0
12193,60,0
12194,62,0
12195,60,0
12196,62,0
12197,62,0
12198,61,0
12199,61,0
12200,63,0
12201,59,0
12202,61,0
12203,62,0
12204,62,0
12205,62,0
12206,62,0
12207,62,0
12208,62,0
12209,62,0
12210,62,0
12211,60,0
12212,60,0
12213,62,0
12214,60,0
12215,62,0
12216,60,0
12217,59,0
12218,61,0
12219,65,0
12220,59,0
12221,62,0
12222,62,0
12223,60,0
12224,62,0
12225,63,0
12226,59,0
12227,63,0
12228,62,0
12229,60,0
12230,62,0
12231,60,0
12232,62,0
12233,62,0
12234,60,0
12235,61,0
12236,65,0
12237,62,0
12238,60,0
12239,61,0
12240,61,0
12241,65,0
12242,62,0
12243,62,0
12244,60,0
12245,60,0
12246,62,0
12247,61,0
12248,63,0
12249,62,0
12250,60,0
12251,61,0
12252,61,0
12253,61,0
12254,61,0
12255,61,0
12256,63,0
12257,62,0
12258,62,0
12259,62,0
12260,61,0
12261,63,0
12262,59,0
12263,62,0
12264,62,0
12265,62,0
12266,60,0
12267,61,0
12268,59,0
12269,63,0
12270,62,0
12271,62,0
12272,61,0
12273,61,0
12274,63,0
12275,59,0
12276,62,0
12277,60,0
12278,62,0
12279,59,0
12280,61,0
12281,63,0
12282,60,0
12283,62,0
12284,60,0
12285,62,0
12286,59,0
12287,59,0
12288,62,0
12289,62,0
12290,62,0
12291,62,0
12292,61,0
12293,63,0
12294,59,0
12295,63,0
12296,62,0
12297,64,0
12298,60,0
12299,62,0
12300,63,0
12301,63,0
12302,59,0
12303,62,0
12304,62,0
12305,62,0
12306,60,0
12307,60,0
12308,59,0
12309,63,0
12310,63,0
12311,60,0
12312,64,0
12313,62,0
12314,62,0
12315,62,0
12316,63,0
12317,61,0
12318,62,0
12319,62,0
12320,62,0
12321,62,0
12322,60,0
12323,62,0
12324,60,0
12325,62,0
12326,61,0
12327,61,0
12328,61,0
12329,61,0
12330,62,0
12331,60,0
12332,62,0
12333,62,0
12334,60,0
12335,61,0
12336,61,0
12337,61,0
12338,61,0
12339,59,0
12340,62,0
12341,62,0
12342,61,0
12343,63,0
12344,61,0
12345,61,0
12346,63,0
12347,60,0
12348,62,0
12349,62,0
12350,59,0
12351,61,0
12352,59,0
12353,63,0
12354,60,0
12355,60,0
12356,64,0
12357,60,0
12358,62,0
12359,59,0
12360,61,0
12361,59,0
12362,62,0
12363,62,0
12364,62,0
12365,62,0
12366,62,0
12367,61,0
12368,63,0
12369,63,0
12370,59,0
12371,65,0
12372,60,0
12373,62,0
12374,62,0
12375,60,0
12376,60,0
12377,59,0
12378,61,0
12379,63,0
12380,61,0
12381,62,0
12382,60,0
12383,62,0
12384,61,0
12385,61,0
12386,63,0
12387,61,0
12388,60,0
12389,62,0
12390,60,0
12391,61,0
12392,61,0
12393,61,0
12394,62,0
12395,60,0
12396,62,0
12397,63,0
12398,63,0
12399,63,0
12400,61,0
12401,60,0
12402,62,0
12403,60,0
12404,60,0
12405,60,0
12406,62,0
12407,61,0
12408,61,0
12409,61,0
12410,62,0
12411,61,0
12412,61,0
12413,63,0
12414,63,0
12415,62,0
12416,62,0
12417,60,0
12418,62,0
12419,63,0
12420,59,0
12421,65,0
12422,63,0
12423,59,0
12424,63,0
12425,60,0
12426,60,0
12427,62,0
12428,62,0
12429,61,0
12430,61,0
12431,59,0
12432,59,0
12433,59,0
12434,60,0
12435,64,0
12436,62,0
12437,61,0
12438,61,0
12439,61,0
12440,61,0
12441,61,0
12442,63,0
12443,63,0
12444,61,0
12445,62,0
12446,60,0
12447,60,0
12448,60,0
12449,62,0
12450,61,0
12451,59,0
12452,60,0
12453,62,0
12454,62,0
12455,60,0
12456,62,0
12457,61,0
12458,61,0
12459,63,0
12460,63,0
12461,69,0
12462,62,0
12463,62,0
12464,64,0
12465,63,0
12466,65,0
12467,62,0
12468,60,0
12469,62,0
12470,60,0
12471,63,0
12472,61,0
12473,60,0
12474,60,0
12475,60,0
12476,62,0
12477,62,0
12478,85,0
12479,83,0
12480,62,0
12481,62,0
12482,83,0
12483,82,0
12484,62,0
12485,62,0
12486,60,0
12487,63,0
12488,63,0
12489,63,0
12490,61,0
12491,60,0
12492,60,0
12493,60,0
12494,62,0
12495,62,0
12496,61,0
12497,61,0
12498,59,0
12499,62,0
12500,62,0
12501,64,0
12502,62,0
12503,63,0
12504,61,0
12505,61,0
12506,62,0
12507,60,0
12508,60,0
12509,62,0
12510,61,0
12511,59,0
12512,61,0
12513,62,0
12514,60,0
12515,60,0
12516,62,0
12517,60,0
12518,59,0
12519,61,0
12520,61,0
12521,63,0
12522,63,0
12523,60,0
12524,60,0
12525,62,0
12526,62,0
12527,62,0
12528,61,0
12529,61,0
12530,63,0
12531,62,0
12532,64,0
12533,60,0
12534,60,0
12535,60,0
12536,62,0
12537,62,0
12538,63,0
12539,63,0
12540,63,0
12541,61,0
12542,61,0
12543,61,0
12544,62,0
12545,60,0
12546,60,0
12547,61,0
12548,61,0
12549,63,0
12550,60,0
12551,62,0
12552,62,0
12553,62,0
12554,63,0
12555,63,0
12556,61,0
12557,62,0
12558,62,0
12559,61,0
12560,61,0
12561,61,0
12562,63,0
12563,60,0
12564,62,0
12565,60,0
12566,65,0
12567,63,0
12568,59,0
12569,60,0
12570,64,0
12571,61,0
12572,63,0
12573,61,0
12574,62,0
12575,59,0
12576,59,0
12577,59,0
12578,61,0
12579,63,0
12580,62,0
12581,62,0
12582,62,0
12583,60,0
12584,62,0
12585,62,0
12586,60,0
12587,62,0
12588,63,0
12589,63,0
12590,59,0
12591,61,0
12592,61,0
12593,60,0
12594,62,0
12595,60,0
12596,63,0
12597,59,0
12598,63,0
12599,60,0
12600,62,0
12601,62,0
12602,62,0
12603,60,0
12604,60,0
12605,62,0
12606,62,0
12607,65,0
12608,63,0
12609,63,0
12610,59,0
12611,60,0
12612,62,0
12613,64,0
12614,60,0
12615,62,0
12616,59,0
12617,59,0
12618,63,0
12619,61,0
12620,61,0
12621,64,0
12622,60,0
12623,62,0
12624,61,0
12625,61,0
12626,61,0
12627,59,0
12628,60,0
12629,62,0
12630,60,0
12631,63,0
12632,61,0
12633,61,0
12634,59,0
12635,60,0
12636,60,0
12637,62,0
12638,60,0
12639,60,0
12640,61,0
12641,61,0
12642,64,0
12643,60,0
12644,60,0
12645,62,0
12646,62,0
12647,63,0
12648,61,0
12649,59,0
12650,63,0
12651,63,0
12652,62,0
12653,62,0
12654,61,0
12655,61,0
12656,61,0
12657,63,0
12658,62,0
12659,62,0
12660,61,0
12661,61,0
12662,61,0
12663,64,0
12664,64,0
12665,62,0
12666,62,0
12667,63,0
12668,63,0
12669,60,0
12670,60,0
12671,62,0
12672,62,0
12673,63,0
12674,61,0
12675,62,0
12676,62,0
12677,60,0
12678,62,0
12679,59,0
12680,63,0
12681,63,0
12682,62,0
12683,60,0
12684,60,0
12685,62,0
12686,60,0
12687,61,0
12688,62,0
12689,62,0
12690,62,0
12691,61,0
12692,59,0
12693,59,0
12694,63,0
12695,61,0
12696,62,0
12697,62,0
12698,63,0
12699,63,0
12700,61,0
12701,60,0
12702,62,0
12703,62,0
12704,62,0
12705,62,0
12706,63,0
12707,63,0
12708,62,0
12709,62,0
12710,60,0
12711,64,0
12712,62,0
12713,59,0
12714,63,0
12715,59,0
12716,62,0
12717,61,0
12718,61,0
12719,61,0
12720,61,0
12721,60,0
12722,60,0
12723,62,0
12724,61,0
12725,61,0
12726,63,0
12727,59,0
12728,59,0
12729,61,0
12730,61,0
12731,59,0
12732,63,0
12733,62,0
12734,62,0
12735,60,0
12736,60,0
12737,62,0
12738,62,0
12739,62,0
12740,61,0
12741,59,0
12742,61,0
12743,61,0
12744,61,0
12745,59,0
12746,62,0
12747,62,0
12748,64,0
12749,62,0
12750,61,0
12751,63,0
12752,59,0
12753,59,0
12754,65,0
12755,62,0
12756,60,0
12757,60,0
12758,62,0
12759,62,0
12760,61,0
12761,59,0
12762,59,0
12763,59,0
12764,62,0
12765,62,0
12766,60,0
12767,60,0
12768,62,0
12769,62,0
12770,60,0
12771,62,0
12772,64,0
12773,60,0
12774,62,0
12775,62,0
12776,60,0
12777,61,0
12778,63,0
12779,59,0
12780,60,0
12781,60,0
12782,61,0
12783,61,0
12784,61,0
12785,60,0
12786,62,0
12787,63,0
12788,63,0
12789,62,0
12790,60,0
12791,62,0
12792,64,0
12793,62,0
12794,61,0
12795,61,0
12796,61,0
12797,59,0
12798,64,0
12799,60,0
12800,60,0
12801,61,0
12802,61,0
12803,61,0
12804,61,0
12805,60,0
12806,60,0
12807,60,0
12808,62,0
12809,60,0
12810,62,0
12811,61,0
12812,61,0
12813,61,0
12814,63,0
12815,59,0
12816,59,0
12817,59,0
12818,64,0
12819,61,0
12820,65,0
12821,64,0
12822,64,0
12823,65,0
12824,61,0
12825,62,0
12826,62,0
12827,63,0
12828,62,0
12829,64,0
12830,65,0
12831,65,0
12832,62,0
12833,63,0
12834,61,0
12835,62,0
12836,63,0
12837,63,0
12838,66,0
12839,63,0
12840,64,0
12841,63,0
12842,61,0
12843,62,0
12844,62,0
12845,65,0
12846,63,0
12847,64,0
12848,64,0
12849,63,0
12850,62,0
12851,62,0
12852,63,0
12853,61,0
12854,62,0
12855,69,0
12856,63,0
12857,62,0
12858,64,0
12859,63,0
12860,65,0
12861,63,0
12862,65,0
12863,62,0
12864,62,0
12865,62,0
12866,63,0
12867,62,0
12868,62,0
12869,62,0
12870,61,0
12871,63,0
12872,64,0
12873,66,0
12874,65,0
12875,64,0
12876,64,0
12877,65,0
12878,61,0
12879,64,0
12880,62,0
12881,65,0
12882,63,0
12883,64,0
12884,64,0
12885,63,0
12886,65,0
12887,62,0
12888,66,0
12889,63,0
12890,61,0
12891,61,0
12892,64,0
12893,62,0
12894,61,0
12895,65,0
12896,64,0
12897,63,0
12898,59,0
12899,64,0
12900,62,0
12901,64,0
12902,63,0
12903,61,0
12904,64,0
12905,62,0
12906,62,0
12907,63,0
12908,65,0
12909,64,0
12910,64,0
12911,65,0
12912,64,0
12913,62,0
12914,64,0
12915,63,0
12916,61,0
12917,62,0
12918,63,0
12919,61,0
12920,84,0
12921,61,0
12922,62,0
12923,65,0
12924,63,0
12925,64,0
12926,65,0
12927,63,0
12928,63,0
12929,62,0
12930,61,0
12931,63,0
12932,62,0
12933,61,0
12934,64,0
12935,63,0
12936,61,0
12937,64,0
12938,65,0
12939,61,0
12940,62,0
12941,64,0
12942,61,0
12943,64,0
12944,62,0
12945,63,0
12946,65,0
12947,64,0
12948,64,0
12949,65,0
12950,65,0
12951,64,0
12952,65,0
12953,64,0
12954,65,0
12955,63,0
12956,64,0
12957,62,0
12958,65,0
12959,63,0
12960,63,0
12961,64,0
12962,62,0
12963,65,0
12964,63,0
12965,64,0
12966,62,0
12967,61,0
12968,63,0
12969,64,0
12970,62,0
12971,63,0
12972,61,0
12973,61,0
12974,62,0
12975,62,0
12976,63,0
12977,61,0
12978,62,0
12979,62,0
12980,61,0
12981,63,0
12982,64,0
12983,63,0
12984,63,0
12985,64,0
12986,66,0
12987,63,0
12988,61,0
12989,62,0
12990,61,0
12991,67,0
12992,64,0
12993,62,0
12994,64,0
12995,62,0
12996,62,0
12997,61,0
12998,61,0
12999,68,0
13000,61,0
13001,62,0
13002,62,0
13003,61,0
13004,61,0
13005,62,0
13006,64,0
13007,61,0
13008,66,0
13009,62,0
13010,63,0
13011,62,0
13012,62,0
13013,63,0
13014,65,0
13015,62,0
13016,62,0
13017,63,0
13018,61,0
13019,66,0
13020,62,0
13021,63,0
13022,65,0
13023,66,0
13024,62,0
13025,61,0
13026,64,0
13027,62,0
13028,65,0
13029,61,0
13030,64,0
13031,62,0
13032,63,0
13033,62,0
13034,64,0
13035,65,0
13036,64,0
13037,62,0
13038,61,0
13039,59,0
13040,63,0
13041,63,0
13042,64,0
13043,62,0
13044,63,0
13045,59,0
13046,62,0
13047,63,0
13048,62,0
13049,62,0
13050,62,0
13051,63,0
13052,59,0
13053,64,0
13054,63,0
13055,61,0
13056,64,0
13057,64,0
13058,63,0
13059,66,0
13060,64,0
13061,63,0
13062,62,0
13063,61,0
13064,62,0
13065,64,0
13066,64,0
13067,61,0
13068,59,0
13069,65,0
13070,63,0
13071,62,0
13072,64,0
13073,63,0
13074,63,0
13075,62,0
13076,64,0
13077,63,0
13078,65,0
13079,62,0
13080,62,0
13081,61,0
13082,64,0
13083,62,0
13084,65,0
13085,64,0
13086,62,0
13087,65,0
13088,64,0
13089,62,0
13090,61,0
13091,63,0
13092,62,0
13093,62,0
13094,64,0
13095,63,0
13096,61,0
13097,62,0
13098,66,0
13099,63,0
13100,63,0
13101,62,0
13102,65,0
13103,65,0
13104,64,0
13105,64,0
13106,63,0
13107,63,0
13108,64,0
13109,62,0
13110,61,0
13111,63,0
13112,66,0
13113,64,0
13114,63,0
13115,63,0
13116,62,0
13117,62,0
13118,65,0
13119,63,0
13120,62,0
13121,64,0
13122,65,0
13123,62,0
13124,62,0
13125,62,0
13126,61,0
13127,61,0
13128,64,0
13129,64,0
13130,66,0
13131,65,0
13132,61,0
13133,64,0
13134,62,0
13135,61,0
13136,62,0
13137,64,0
13138,63,0
13139,63,0
13140,62,0
13141,62,0
13142,63,0
13143,63,0
13144,62,0
13145,61,0
13146,62,0
13147,62,0
13148,61,0
13149,63,0
13150,64,0
13151,62,0
13152,65,0
13153,62,0
13154,63,0
13155,63,0
13156,61,0
13157,62,0
13158,66,0
13159,64,0
13160,63,0
13161,63,0
13162,64,0
13163,62,0
13164,61,0
13165,63,0
13166,64,0
13167,62,0
13168,63,0
13169,65,0
13170,64,0
13171,65,0
13172,63,0
13173,64,0
13174,64,0
13175,61,0
13176,63,0
13177,65,0
13178,64,0
13179,64,0
13180,62,0
13181,63,0
13182,64,0
13183,61,0
13184,59,0
13185,66,0
13186,64,0
13187,63,0
13188,65,0
13189,64,0
13190,64,0
13191,61,0
13192,64,0
13193,64,0
13194,64,0
13195,62,0
13196,63,0
13197,61,0
13198,65,0
13199,64,0
13200,63,0
13201,63,0
13202,62,0
13203,62,0
13204,62,0
13205,65,0
13206,62,0
13207,64,0
13208,63,0
13209,61,0
13210,62,0
13211,64,0
13212,63,0
13213,63,0
13214,62,0
13215,64,0
13216,63,0
13217,63,0
13218,63,0
13219,64,0
13220,62,0
13221,63,0
13222,65,0
13223,85,0
13224,86,0
13225,85,0
13226,86,0
13227,85,0
13228,86,0
13229,59,0
13230,62,0
13231,62,0
13232,64,0
13233,62,0
13234,62,0
13235,63,0
13236,65,0
13237,62,0
13238,64,0
13239,61,0
13240,64,0
13241,65,0
13242,61,0
13243,64,0
13244,62,0
13245,63,0
13246,65,0
13247,62,0
13248,62,0
13249,61,0
13250,61,0
13251,64,0
13252,62,0
13253,61,0
13254,65,0
13255,62,0
13256,64,0
13257,63,0
13258,62,0
13259,64,0
13260,63,0
13261,63,0
13262,62,0
13263,62,0
13264,65,0
13265,63,0
13266,65,0
13267,62,0
13268,62,0
13269,65,0
13270,65,0
13271,62,0
13272,63,0
13273,62,0
13274,64,0
13275,65,0
13276,65,0
13277,66,0
13278,62,0
13279,61,0
13280,62,0
13281,63,0
13282,65,0
13283,62,0
13284,62,0
13285,63,0
13286,61,0
13287,66,0
13288,63,0
13289,63,0
13290,64,0
13291,62,0
13292,63,0
13293,65,0
13294,62,0
13295,63,0
13296,65,0
13297,62,0
13298,62,0
13299,63,0
13300,64,0
13301,63,0
13302,63,0
13303,62,0
13304,62,0
13305,63,0
13306,62,0
13307,64,0
13308,63,0
13309,59,0
13310,64,0
13311,61,0
13312,62,0
13313,64,0
13314,64,0
13315,64,0
13316,61,0
13317,61,0
13318,62,0
13319,64,0
13320,63,0
13321,64,0
13322,62,0
13323,63,0
13324,63,0
13325,64,0
13326,63,0
13327,61,0
13328,62,0
13329,63,0
13330,66,0
13331,64,0
13332,65,0
13333,65,0
13334,61,0
13335,62,0
13336,62,0
13337,62,0
13338,59,0
13339,62,0
13340,62,0
13341,64,0
13342,63,0
13343,64,0
13344,64,0
13345,62,0
13346,62,0
13347,64,0
13348,61,0
13349,65,0
13350,64,0
13351,62,0
13352,65,0
13353,61,0
13354,64,0
13355,64,0
13356,65,0
13357,64,0
13358,62,0
13359,63,0
13360,63,0
13361,62,0
13362,62,0
13363,61,0
13364,61,0
13365,62,0
13366,65,0
13367,63,0
13368,63,0
13369,62,0
13370,62,0
13371,64,0
13372,63,0
13373,61,0
13374,64,0
13375,64,0
13376,63,0
13377,65,0
13378,59,0
13379,64,0
13380,64,0
13381,62,0
13382,61,0
13383,62,0
13384,64,0
13385,63,0
13386,65,0
13387,61,0
13388,62,0
13389,67,0
13390,61,0
13391,64,0
13392,66,0
13393,65,0
13394,63,0
13395,64,0
13396,63,0
13397,65,0
13398,64,0
13399,62,0
13400,63,0
13401,62,0
13402,62,0
13403,63,0
13404,62,0
13405,61,0
13406,63,0
13407,64,0
13408,62,0
13409,63,0
13410,61,0
13411,64,0
13412,65,0
13413,63,0
13414,62,0
13415,63,0
13416,59,0
13417,66,0
13418,64,0
13419,65,0
13420,64,0
13421,62,0
13422,61,0
13423,61,0
13424,63,0
13425,62,0
13426,62,0
13427,61,0
13428,63,0
13429,62,0
13430,62,0
13431,60,0
13432,62,0
13433,63,0
13434,63,0
13435,59,0
13436,60,0
13437,64,0
13438,64,0
13439,63,0
13440,59,0
13441,59,0
13442,60,0
13443,60,0
13444,62,0
13445,62,0
13446,62,0
13447,61,0
13448,63,0
13449,61,0
13450,61,0
13451,62,0
13452,60,0
13453,60,0
13454,62,0
13455,65,0
13456,61,0
13457,61,0
13458,60,0
13459,62,0
13460,64,0
13461,62,0
13462,62,0
13463,64,0
13464,63,0
13465,61,0
13466,63,0
13467,61,0
13468,62,0
13469,62,0
13470,62,0
13471,61,0
13472,61,0
13473,59,0
13474,62,0
13475,62,0
13476,63,0
13477,61,0
13478,63,0
13479,62,0
13480,62,0
13481,60,0
13482,62,0
13483,61,0
13484,61,0
13485,61,0
13486,62,0
13487,62,0
13488,64,0
13489,61,0
13490,61,0
13491,63,0
13492,61,0
13493,60,0
13494,62,0
13495,62,0
13496,62,0
13497,63,0
13498,62,0
13499,62,0
13500,64,0
13501,61,0
13502,61,0
13503,61,0
13504,63,0
13505,62,0
13506,62,0
13507,62,0
13508,62,0
13509,60,0
13510,61,0
13511,61,0
13512,62,0
13513,60,0
13514,62,0
13515,63,0
13516,61,0
13517,63,0
13518,62,0
13519,62,0
13520,60,0
13521,60,0
13522,60,0
13523,62,0
13524,62,0
13525,63,0
13526,60,0
13527,62,0
13528,62,0
13529,62,0
13530,62,0
13531,63,0
13532,61,0
13533,59,0
13534,60,0
13535,60,0
13536,60,0
13537,60,0
13538,62,0
13539,61,0
13540,61,0
13541,63,0
13542,63,0
13543,61,0
13544,61,0
13545,61,0
13546,60,0
13547,60,0
13548,60,0
13549,62,0
13550,62,0
13551,62,0
13552,61,0
13553,63,0
13554,63,0
13555,61,0
13556,63,0
13557,60,0
13558,62,0
13559,62,0
13560,64,0
13561,62,0
13562,61,0
13563,61,0
13564,61,0
13565,60,0
13566,62,0
13567,63,0
13568,61,0
13569,63,0
13570,61,0
13571,63,0
13572,63,0
13573,62,0
13574,60,0
13575,62,0
13576,60,0
13577,63,0
13578,59,0
13579,60,0
13580,62,0
13581,60,0
13582,60,0
13583,60,0
13584,64,0
13585,59,0
13586,61,0
13587,65,0
13588,63,0
13589,60,0
13590,62,0
13591,62,0
13592,62,0
13593,64,0
13594,61,0
13595,61,0
13596,61,0
13597,62,0
13598,64,0
13599,62,0
13600,63,0
13601,63,0
13602,60,0
13603,62,0
13604,60,0
13605,60,0
13606,62,0
13607,61,0
13608,59,0
13609,62,0
13610,62,0
13611,60,0
13612,62,0
13613,63,0
13614,59,0
13615,61,0
13616,59,0
13617,60,0
13618,60,0
13619,60,0
13620,62,0
13621,61,0
13622,63,0
13623,60,0
13624,62,0
13625,62,0
13626,62,0
13627,60,0
13628,63,0
13629,63,0
13630,61,0
13631,63,0
13632,60,0
13633,64,0
13634,62,0
13635,60,0
13636,63,0
13637,63,0
13638,60,0
13639,62,0
13640,62,0
13641,64,0
13642,63,0
13643,61,0
13644,59,0
13645,62,0
13646,64,0
13647,64,0
13648,64,0
13649,62,0
13650,62,0
13651,61,0
13652,62,0
13653,60,0
13654,62,0
13655,62,0
13656,62,0
13657,62,0
13658,64,0
13659,63,0
13660,63,0
13661,59,0
13662,62,0
13663,62,0
13664,60,0
13665,80,0
13666,63,0
13667,62,0
13668,60,0
13669,65,0
13670,59,0
13671,59,0
13672,62,0
13673,60,0
13674,60,0
13675,61,0
13676,63,0
13677,59,0
13678,63,0
13679,63,0
13680,65,0
13681,63,0
13682,62,0
13683,62,0
13684,59,0
13685,59,0
13686,59,0
13687,63,0
13688,63,0
13689,65,0
13690,62,0
13691,62,0
13692,60,0
13693,60,0
13694,62,0
13695,60,0
13696,60,0
13697,63,0
13698,61,0
13699,61,0
13700,63,0
13701,63,0
13702,62,0
13703,62,0
13704,61,0
13705,59,0
13706,59,0
13707,61,0
13708,62,0
13709,60,0
13710,60,0
13711,62,0
13712,61,0
13713,63,0
13714,63,0
13715,59,0
13716,60,0
13717,62,0
13718,62,0
13719,62,0
13720,62,0
13721,61,0
13722,59,0
13723,63,0
13724,61,0
13725,61,0
13726,62,0
13727,62,0
13728,62,0
13729,62,0
13730,64,0
13731,61,0
13732,61,0
13733,62,0
13734,62,0
13735,60,0
13736,60,0
13737,64,0
13738,59,0
13739,63,0
13740,63,0
13741,60,0
13742,62,0
13743,62,0
13744,61,0
13745,60,0
13746,62,0
13747,62,0
13748,62,0
13749,61,0
13750,62,0
13751,60,0
13752,60,0
13753,60,0
13754,61,0
13755,63,0
13756,63,0
13757,62,0
13758,62,0
13759,62,0
13760,60,0
13761,62,0
13762,62,0
13763,62,0
13764,60,0
13765,62,0
13766,61,0
13767,61,0
13768,63,0
13769,61,0
13770,61,0
13771,61,0
13772,59,0
13773,64,0
13774,62,0
13775,60,0
13776,64,0
13777,60,0
13778,60,0
13779,62,0
13780,61,0
13781,61,0
13782,62,0
13783,60,0
13784,60,0
13785,60,0
13786,59,0
13787,59,0
13788,63,0
13789,62,0
13790,60,0
13791,60,0
13792,62,0
13793,62,0
13794,60,0
13795,62,0
13796,63,0
13797,65,0
13798,62,0
13799,62,0
13800,62,0
13801,60,0
13802,60,0
13803,63,0
13804,61,0
13805,59,0
13806,63,0
13807,61,0
13808,62,0
13809,62,0
13810,62,0
13811,62,0
13812,62,0
13813,60,0
13814,60,0
13815,59,0
13816,61,0
13817,64,0
13818,62,0
13819,62,0
13820,62,0
13821,62,0
13822,62,0
13823,62,0
13824,63,0
13825,62,0
13826,62,0
13827,64,0
13828,62,0
13829,62,0
13830,62,0
13831,62,0
13832,59,0
13833,61,0
13834,63,0
13835,59,0
13836,62,0
13837,60,0
13838,62,0
13839,61,0
13840,61,0
13841,61,0
13842,61,0
13843,61,0
13844,59,0
13845,62,0
13846,60,0
13847,62,0
13848,60,0
13849,62,0
13850,59,0
13851,61,0
13852,61,0
13853,61,0
13854,60,0
13855,60,0
13856,60,0
13857,61,0
13858,61,0
13859,59,0
13860,61,0
13861,62,0
13862,62,0
13863,60,0
13864,60,0
13865,63,0
13866,61,0
13867,59,0
13868,62,0
13869,62,0
13870,62,0
13871,62,0
13872,63,0
13873,62,0
13874,62,0
13875,60,0
13876,62,0
13877,60,0
13878,63,0
13879,59,0
13880,61,0
13881,61,0
13882,62,0
13883,62,0
13884,62,0
13885,62,0
13886,60,0
13887,62,0
13888,60,0
13889,63,0
13890,63,0
13891,61,0
13892,61,0
13893,61,0
13894,62,0
13895,60,0
13896,62,0
13897,63,0
13898,61,0
13899,61,0
13900,60,0
13901,62,0
13902,62,0
13903,61,0
13904,61,0
13905,63,0
13906,63,0
13907,63,0
13908,62,0
13909,62,0
13910,60,0
13911,60,0
13912,61,0
13913,61,0
13914,59,0
13915,62,0
13916,62,0
13917,62,0
13918,63,0
13919,59,0
13920,61,0
13921,59,0
13922,60,0
13923,62,0
13924,60,0
13925,60,0
13926,62,0
13927,63,0
13928,60,0
13929,62,0
13930,62,0
13931,60,0
13932,60,0
13933,61,0
13934,59,0
13935,61,0
13936,63,0
13937,63,0
13938,62,0
13939,62,0
13940,62,0
13941,59,0
13942,63,0
13943,62,0
13944,62,0
13945,62,0
13946,64,0
13947,62,0
13948,63,0
13949,59,0
13950,59,0
13951,60,0
13952,60,0
13953,60,0
13954,60,0
13955,62,0
13956,59,0
13957,59,0
13958,61,0
13959,59,0
13960,61,0
13961,62,0
13962,60,0
13963,62,0
13964,61,0
13965,64,0
13966,60,0
13967,60,0
13968,61,0
13969,82,0
13970,81,0
13971,62,0
13972,61,0
13973,83,0
13974,62,0
13975,62,0
13976,62,0
13977,63,0
13978,63,0
13979,59,0
13980,61,0
13981,64,0
13982,63,0
13983,63,0
13984,63,0
13985,63,0
13986,60,0
13987,60,0
13988,62,0
13989,60,0
13990,62,0
13991,62,0
13992,60,0
13993,61,0
13994,63,0
13995,61,0
13996,63,0
13997,62,0
13998,60,0
13999,62,0
14000,62,0
14001,63,0
14002,59,0
14003,60,0
14004,62,0
14005,62,0
14006,62,0
14007,62,0
14008,60,0
14009,63,0
14010,63,0
14011,61,0
14012,63,0
14013,63,0
14014,62,0
14015,60,0
14016,62,0
14017,61,0
14018,63,0
14019,63,0
14020,59,0
14021,61,0
14022,59,0
14023,65,0
14024,60,0
14025,60,0
14026,60,0
14027,60,0
14028,62,0
14029,61,0
14030,60,0
14031,60,0
14032,62,0
14033,62,0
14034,60,0
14035,60,0
14036,64,0
14037,63,0
14038,61,0
14039,59,0
14040,61,0
14041,62,0
14042,62,0
14043,60,0
14044,62,0
14045,60,0
14046,61,0
14047,59,0
14048,65,0
14049,60,0
14050,62,0
14051,60,0
14052,63,0
14053,61,0
14054,60,0
14055,62,0
14056,62,0
14057,61,0
14058,59,0
14059,59,0
14060,62,0
14061,62,0
14062,65,0
14063,59,0
14064,59,0
14065,59,0
14066,64,0
14067,62,0
14068,62,0
14069,60,0
14070,62,0
14071,61,0
14072,63,0
14073,60,0
14074,60,0
14075,64,0
14076,62,0
14077,62,0
14078,63,0
14079,61,0
14080,59,0
14081,60,0
14082,62,0
14083,62,0
14084,61,0
14085,63,0
14086,63,0
14087,62,0
14088,60,0
14089,62,0
14090,61,0
14091,63,0
14092,63,0
14093,62,0
14094,64,0
14095,60,0
14096,60,0
14097,61,0
14098,61,0
14099,61,0
14100,62,0
14101,62,0
14102,62,0
14103,62,0
14104,62,0
14105,61,0
14106,63,0
14107,65,0
14108,60,0
14109,62,0
14110,62,0
14111,60,0
14112,62,0
14113,60,0
14114,63,0
14115,59,0
14116,59,0
14117,62,0
14118,62,0
14119,61,0
14120,61,0
14121,59,0
14122,62,0
14123,62,0
14124,59,0
14125,61,0
14126,63,0
14127,60,0
14128,60,0
14129,60,0
14130,62,0
14131,63,0
14132,63,0
14133,63,0
14134,61,0
14135,59,0
14136,59,0
14137,62,0
14138,60,0
14139,60,0
14140,62,0
14141,63,0
14142,61,0
14143,59,0
14144,65,0
14145,60,0
14146,60,0
14147,63,0
14148,61,0
14149,59,0
14150,59,0
14151,63,0
14152,62,0
14153,60,0
14154,62,0
14155,60,0
14156,60,0
14157,62,0
14158,60,0
14159,61,0
14160,63,0
14161,61,0
14162,61,0
14163,62,0
14164,63,0
14165,63,0
14166,63,0
14167,63,0
14168,61,0
14169,63,0
14170,60,0
14171,62,0
14172,62,0
14173,62,0
14174,59,0
14175,63,0
14176,60,0
14177,60,0
14178,62,0
14179,62,0
14180,62,0
14181,60,0
14182,63,0
14183,63,0
14184,61,0
14185,62,0
14186,60,0
14187,60,0
14188,63,0
14189,63,0
14190,59,0
14191,60,0
14192,60,0
14193,62,0
14194,60,0
14195,61,0
14196,63,0
14197,60,0
14198,62,0
14199,60,0
14200,63,0
14201,63,0
14202,61,0
14203,60,0
14204,60,0
14205,62,0
14206,59,0
14207,59,0
14208,60,0
14209,62,0
14210,62,0
14211,60,0
14212,61,0
14213,61,0
14214,61,0
14215,61,0
14216,63,0
14217,59,0
14218,62,0
14219,60,0
14220,62,0
14221,61,0
14222,61,0
14223,62,0
14224,60,0
14225,64,0
14226,62,0
14227,61,0
14228,61,0
14229,61,0
14230,62,0
14231,64,0
14232,60,0
14233,60,0
14234,61,0
14235,61,0
14236,60,0
14237,60,0
14238,62,0
14239,61,0
14240,63,0
14241,61,0
14242,62,0
14243,61,0
14244,61,0
14245,61,0
14246,62,0
14247,60,0
14248,62,0
14249,62,0
14250,60,0
14251,61,0
14252,59,0
14253,63,0
14254,63,0
14255,59,0
14256,62,0
14257,62,0
14258,62,0
14259,60,0
14260,60,0
14261,59,0
14262,59,0
14263,63,0
14264,63,0
14265,62,0
14266,62,0
14267,62,0
14268,62,0
14269,61,0
14270,63,0
14271,61,0
14272,63,0
14273,60,0
14274,62,0
14275,60,0
14276,63,0
14277,61,0
14278,63,0
14279,61,0
14280,61,0
14281,59,0
14282,60,0
14283,62,0
14284,62,0
14285,60,0
14286,63,0
14287,63,0
14288,63,0
14289,63,0
14290,63,0
14291,60,0
14292,60,0
14293,63,0
14294,59,0
14295,65,0
14296,61,0
14297,63,0
14298,59,0
14299,63,0
14300,61,0
14301,63,0
14302,60,0
14303,62,0
14304,64,0
14305,62,0
14306,61,0
14307,59,0
14308,60,0
14309,60,0
14310,62,0
14311,60,0
14312,60,0
14313,62,0
14314,63,0
14315,59,0
14316,62,0
14317,60,0
14318,60,0
14319,62,0
14320,62,0
14321,60,0
14322,61,0
14323,63,0
14324,63,0
14325,59,0
14326,64,0
14327,62,0
14328,62,0
14329,63,0
14330,61,0
14331,62,0
14332,62,0
14333,62,0
14334,60,0
14335,63,0
14336,61,0
14337,61,0
14338,61,0
14339,62,0
14340,62,0
14341,62,0
14342,62,0
14343,64,0
14344,65,0
14345,61,0
14346,62,0
14347,62,0
14348,62,0
14349,60,0
14350,60,0
14351,61,0
14352,63,0
14353,59,0
14354,63,0
14355,64,0
14356,60,0
14357,62,0
14358,62,0
14359,62,0
14360,60,0
14361,61,0
14362,63,0
14363,61,0
14364,60,0
14365,60,0
14366,62,0
14367,60,0
14368,59,0
14369,63,0
14370,62,0
14371,60,0
14372,60,0
14373,60,0
14374,62,0
14375,63,0
14376,59,0
14377,61,0
14378,65,0
14379,61,0
14380,62,0
14381,62,0
14382,60,0
14383,59,0
14384,59,0
14385,61,0
14386,61,0
14387,61,0
14388,62,0
14389,62,0
14390,60,0
14391,62,0
14392,61,0
14393,63,0
14394,62,0
14395,62,0
14396,62,0
14397,60,0
14398,60,0
14399,60,0
14400,62,0
14401,63,0
14402,63,0
14403,63,0
14404,62,0
14405,60,0
14406,62,0
14407,62,0
14408,61,0
14409,61,0
14410,81,0
14411,62,0
14412,59,0
14413,62,0
14414,60,0
14415,62,0
14416,60,0
14417,62,0
14418,61,0
14419,59,0
14420,61,0
14421,59,0
14422,61,0
14423,62,0
14424,62,0
14425,62,0
14426,61,0
14427,63,0
14428,65,0
14429,59,0
14430,62,0
14431,62,0
14432,62,0
14433,60,0
14434,61,0
14435,63,0
14436,63,0
14437,59,0
14438,63,0
14439,62,0
14440,62,0
14441,60,0
14442,62,0
14443,63,0
14444,63,0
14445,62,0
14446,62,0
14447,62,0
14448,62,0
14449,62,0
14450,60,0
14451,62,0
14452,62,0
14453,63,0
14454,59,0
14455,61,0
14456,65,0
14457,63,0
14458,63,0
14459,60,0
14460,60,0
14461,62,0
14462,62,0
14463,62,0
14464,63,0
14465,59,0
14466,63,0
14467,65,0
14468,59,0
14469,59,0
14470,61,0
14471,61,0
14472,63,0
14473,62,0
14474,62,0
14475,62,0
14476,60,0
14477,62,0
14478,61,0
14479,61,0
14480,63,0
14481,60,0
14482,62,0
14483,62,0
14484,62,0
14485,61,0
14486,63,0
14487,59,0
14488,63,0
14489,62,0
14490,60,0
14491,62,0
14492,60,0
14493,62,0
14494,62,0
14495,63,0
14496,63,0
14497,63,0
14498,60,0
14499,62,0
14500,60,0
14501,63,0
14502,63,0
14503,61,0
14504,59,0
14505,63,0
14506,59,0
14507,60,0
14508,62,0
14509,60,0
14510,60,0
14511,60,0
14512,63,0
14513,59,0
14514,59,0
14515,63,0
14516,62,0
14517,60,0
14518,62,0
14519,62,0
14520,62,0
14521,63,0
14522,61,0
14523,65,0
14524,62,0
14525,64,0
14526,62,0
14527,60,0
14528,62,0
14529,60,0
14530,60,0
14531,60,0
14532,62,0
14533,61,0
14534,63,0
14535,59,0
14536,65,0
14537,62,0
14538,60,0
14539,62,0
14540,62,0
14541,63,0
14542,61,0
14543,65,0
14544,61,0
14545,59,0
14546,61,0
14547,62,0
14548,62,0
14549,61,0
14550,59,0
14551,63,0
14552,63,0
14553,63,0
14554,59,0
14555,62,0
14556,60,0
14557,62,0
14558,59,0
14559,61,0
14560,61,0
14561,59,0
14562,63,0
14563,62,0
14564,62,0
14565,60,0
14566,61,0
14567,59,0
14568,63,0
14569,62,0
14570,62,0
14571,62,0
14572,63,0
14573,63,0
14574,62,0
14575,62,0
14576,62,0
14577,62,0
14578,62,0
14579,62,0
14580,64,0
14581,63,0
14582,61,0
14583,63,0
14584,61,0
14585,62,0
14586,60,0
14587,62,0
14588,64,0
14589,61,0
14590,61,0
14591,63,0
14592,63,0
14593,65,0
14594,61,0
14595,59,0
14596,61,0
14597,62,0
14598,60,0
14599,62,0
14600,59,0
14601,63,0
14602,63,0
14603,63,0
14604,60,0
14605,60,0
14606,63,0
14607,63,0
14608,63,0
14609,60,0
14610,62,0
14611,62,0
14612,60,0
14613,60,0
14614,63,0
14615,61,0
14616,61,0
14617,63,0
14618,60,0
14619,62,0
14620,60,0
14621,62,0
14622,60,0
14623,62,0
14624,62,0
14625,65,0
14626,59,0
14627,59,0
14628,61,0
14629,62,0
14630,60,0
14631,63,0
14632,61,0
14633,63,0
14634,60,0
14635,62,0
14636,62,0
14637,62,0
14638,61,0
14639,65,0
14640,61,0
14641,61,0
14642,63,0
14643,60,0
14644,62,0
14645,60,0
14646,60,0
14647,60,0
14648,62,0
14649,63,0
14650,59,0
14651,63,0
14652,61,0
14653,63,0
14654,60,0
14655,60,0
14656,60,0
14657,62,0
14658,62,0
14659,60,0
14660,64,0
14661,62,0
14662,63,0
14663,61,0
14664,59,0
14665,62,0
14666,62,0
14667,62,0
14668,60,0
14669,62,0
14670,63,0
14671,63,0
14672,63,0
14673,63,0
14674,62,0
14675,60,0
14676,64,0
14677,60,0
14678,61,0
14679,61,0
14680,63,0
14681,59,0
14682,62,0
14683,62,0
14684,62,0
14685,61,0
14686,61,0
14687,61,0
14688,61,0
14689,61,0
14690,63,0
14691,62,0
14692,60,0
14693,62,0
14694,62,0
14695,61,0
14696,61,0
14697,61,0
14698,61,0
14699,63,0
14700,62,0
14701,62,0
14702,62,0
14703,62,0
14704,60,0
14705,62,0
14706,63,0
14707,64,0
14708,62,0
14709,64,0
14710,62,0
14711,60,0
14712,63,0
14713,80,0
14714,81,0
14715,83,0
14716,62,0
14717,63,0
14718,81,0
14719,60,0
14720,62,0
14721,62,0
14722,61,0
14723,61,0
14724,63,0
14725,63,0
14726,59,0
14727,60,0
14728,62,0
14729,60,0
14730,59,0
14731,65,0
14732,63,0
14733,59,0
14734,60,0
14735,60,0
14736,62,0
14737,60,0
14738,59,0
14739,61,0
14740,63,0
14741,62,0
14742,60,0
14743,62,0
14744,62,0
14745,59,0
14746,61,0
14747,59,0
14748,59,0
14749,62,0
14750,60,0
14751,62,0
14752,60,0
14753,63,0
14754,61,0
14755,61,0
14756,59,0
14757,62,0
14758,59,0
14759,61,0
14760,59,0
14761,63,0
14762,62,0
14763,60,0
14764,62,0
14765,62,0
14766,60,0
14767,62,0
14768,62,0
14769,61,0
14770,61,0
14771,60,0
14772,62,0
14773,60,0
14774,60,0
14775,60,0
14776,60,0
14777,61,0
14778,61,0
14779,59,0
14780,63,0
14781,62,0
14782,62,0
14783,60,0
14784,62,0
14785,63,0
14786,60,0
14787,60,0
14788,62,0
14789,60,0
14790,62,0
14791,59,0
14792,59,0
14793,59,0
14794,61,0
14795,62,0
14796,62,0
14797,60,0
14798,60,0
14799,60,0
14800,63,0
14801,63,0
14802,62,0
14803,60,0
14804,60,0
14805,62,0
14806,60,0
14807,62,0
14808,61,0
14809,61,0
14810,63,0
14811,62,0
14812,62,0
14813,62,0
14814,60,0
14815,60,0
14816,62,0
14817,63,0
14818,61,0
14819,65,0
14820,63,0
14821,62,0
14822,61,0
14823,61,0
14824,61,0
14825,61,0
14826,63,0
14827,61,0
14828,60,0
14829,62,0
14830,62,0
14831,62,0
14832,62,0
14833,62,0
14834,64,0
14835,62,0
14836,61,0
14837,59,0
14838,62,0
14839,64,0
14840,62,0
14841,60,0
14842,62,0
14843,61,0
14844,61,0
14845,63,0
14846,63,0
14847,59,0
14848,59,0
14849,59,0
14850,62,0
14851,62,0
14852,62,0
14853,60,0
14854,62,0
14855,62,0
14856,62,0
14857,59,0
14858,63,0
14859,63,0
14860,62,0
14861,60,0
14862,63,0
14863,59,0
14864,63,0
14865,62,0
14866,60,0
14867,62,0
14868,62,0
14869,62,0
14870,62,0
14871,63,0
14872,63,0
14873,63,0
14874,63,0
14875,63,0
14876,61,0
14877,60,0
14878,62,0
14879,62,0
14880,62,0
14881,62,0
14882,62,0
14883,59,0
14884,65,0
14885,59,0
14886,62,0
14887,62,0
14888,62,0
14889,61,0
14890,63,0
14891,59,0
14892,59,0
14893,60,0
14894,60,0
14895,62,0
14896,59,0
14897,61,0
14898,61,0
14899,59,0
14900,59,0
14901,60,0
14902,62,0
14903,62,0
14904,62,0
14905,62,0
14906,59,0
14907,61,0
14908,59,0
14909,61,0
14910,62,0
14911,64,0
14912,62,0
14913,62,0
14914,62,0
14915,62,0
14916,61,0
14917,60,0
14918,60,0
14919,62,0
14920,62,0
14921,60,0
14922,62,0
14923,62,0
14924,63,0
14925,61,0
14926,61,0
14927,59,0
14928,62,0
14929,62,0
14930,60,0
14931,60,0
14932,60,0
14933,62,0
14934,59,0
14935,63,0
14936,59,0
14937,62,0
14938,64,0
14939,62,0
14940,63,0
14941,61,0
14942,59,0
14943,62,0
14944,60,0
14945,62,0
14946,59,0
14947,61,0
14948,62,0
14949,62,0
14950,60,0
14951,62,0
14952,62,0
14953,62,0
14954,61,0
14955,61,0
14956,63,0
14957,59,0
14958,62,0
14959,62,0
14960,62,0
14961,62,0
14962,62,0
14963,59,0
14964,62,0
14965,62,0
14966,60,0
14967,63,0
14968,61,0
14969,63,0
14970,61,0
14971,62,0
14972,62,0
14973,64,0
14974,60,0
14975,62,0
14976,64,0
14977,62,0
14978,59,0
14979,59,0
14980,62,0
14981,60,0
14982,62,0
14983,62,0
14984,61,0
14985,61,0
14986,59,0
14987,62,0
14988,62,0
14989,62,0
14990,61,0
14991,63,0
14992,59,0
14993,61,0
14994,59,0
14995,63,0
14996,62,0
14997,62,0
14998,62,0
14999,61,0
15000,59,0
15001,59,0
15002,59,0
15003,81,0
15004,59,0
15005,63,0
15006,64,0
15007,62,0
15008,62,0
15009,59,0
15010,63,0
15011,62,0
15012,62,0
15013,62,0
15014,62,0
15015,61,0
15016,61,0
15017,61,0
15018,63,0
15019,63,0
15020,59,0
15021,60,0
15022,62,0
15023,60,0
15024,62,0
15025,63,0
15026,61,0
15027,61,0
15028,60,0
15029,62,0
15030,61,0
15031,63,0
15032,61,0
15033,59,0
15034,62,0
15035,60,0
15036,60,0
15037,65,0
15038,61,0
15039,61,0
15040,61,0
15041,62,0
15042,60,0
15043,62,0
15044,60,0
15045,62,0
15046,64,0
15047,59,0
15048,59,0
15049,61,0
15050,61,0
15051,59,0
15052,60,0
15053,60,0
15054,62,0
15055,62,0
15056,61,0
15057,63,0
15058,59,0
15059,60,0
15060,60,0
15061,60,0
15062,61,0
15063,59,0
15064,63,0
15065,61,0
15066,59,0
15067,62,0
15068,62,0
15069,60,0
15070,63,0
15071,61,0
15072,59,0
15073,61,0
15074,60,0
15075,62,0
15076,60,0
15077,62,0
15078,61,0
15079,63,0
15080,61,0
15081,65,0
15082,60,0
15083,64,0
15084,63,0
15085,61,0
15086,63,0
15087,64,0
15088,63,0
15089,61,0
15090,62,0
15091,62,0
15092,62,0
15093,62,0
15094,62,0
15095,61,0
15096,61,0
15097,61,0
15098,61,0
15099,63,0
15100,62,0
15101,60,0
15102,62,0
15103,60,0
15104,60,0
15105,61,0
15106,59,0
15107,63,0
15108,62,0
15109,62,0
15110,62,0
15111,60,0
15112,62,0
15113,62,0
15114,59,0
15115,63,0
15116,63,0
15117,60,0
15118,62,0
15119,62,0
15120,60,0
15121,60,0
15122,62,0
15123,62,0
15124,61,0
15125,63,0
15126,59,0
15127,61,0
15128,62,0
15129,62,0
15130,60,0
15131,62,0
15132,61,0
15133,61,0
15134,61,0
15135,61,0
15136,63,0
15137,61,0
15138,62,0
15139,62,0
15140,60,0
15141,60,0
15142,60,0
15143,62,0
15144,62,0
15145,61,0
15146,63,0
15147,59,0
15148,62,0
15149,60,0
15150,60,0
15151,61,0
15152,61,0
15153,61,0
15154,62,0
15155,81,0
15156,60,0
15157,62,0
15158,62,0
15159,63,0
15160,63,0
15161,60,0
15162,62,0
15163,62,0
15164,63,0
15165,59,0
15166,63,0
15167,60,0
15168,62,0
15169,60,0
15170,62,0
15171,60,0
15172,61,0
15173,63,0
15174,64,0
15175,62,0
15176,62,0
15177,60,0
15178,59,0
15179,59,0
15180,59,0
15181,60,0
15182,60,0
15183,62,0
15184,62,0
15185,62,0
15186,63,0
15187,61,0
15188,63,0
15189,60,0
15190,61,0
15191,63,0
15192,61,0
15193,63,0
15194,60,0
15195,60,0
15196,64,0
15197,62,0
15198,62,0
15199,61,0
15200,61,0
15201,63,0
15202,63,0
15203,60,0
15204,62,0
15205,60,0
15206,62,0
15207,63,0
15208,63,0
15209,61,0
15210,62,0
15211,62,0
15212,62,0
15213,61,0
15214,65,0
15215,61,0
15216,59,0
15217,61,0
15218,60,0
15219,60,0
15220,59,0
15221,63,0
15222,59,0
15223,61,0
15224,64,0
15225,62,0
15226,62,0
15227,62,0
15228,65,0
15229,65,0
15230,64,0
15231,64,0
15232,62,0
15233,62,0
15234,61,0
15235,62,0
15236,62,0
15237,60,0
15238,60,0
15239,60,0
15240,61,0
15241,63,0
15242,60,0
15243,60,0
15244,62,0
15245,62,0
15246,59,0
15247,63,0
15248,63,0
15249,59,0
15250,59,0
15251,62,0
15252,62,0
15253,60,0
15254,62,0
15255,62,0
15256,60,0
15257,62,0
15258,62,0
15259,62,0
15260,64,0
15261,59,0
15262,62,0
15263,62,0
15264,62,0
15265,62,0
15266,62,0
15267,60,0
15268,62,0
15269,61,0
15270,61,0
15271,63,0
15272,59,0
15273,60,0
15274,62,0
15275,59,0
15276,61,0
15277,62,0
15278,60,0
15279,62,0
15280,61,0
15281,63,0
15282,63,0
15283,63,0
15284,60,0
15285,62,0
15286,62,0
15287,60,0
15288,62,0
15289,61,0
15290,61,0
15291,59,0
15292,63,0
15293,62,0
15294,63,0
15295,61,0
15296,59,0
15297,62,0
15298,62,0
15299,60,0
15300,60,0
15301,62,0
15302,61,0
15303,61,0
15304,63,0
15305,62,0
15306,60,0
15307,62,0
15308,62,0
15309,61,0
15310,63,0
15311,63,0
15312,59,0
15313,62,0
15314,62,0
15315,60,0
15316,62,0
15317,62,0
15318,59,0
15319,60,0
15320,62,0
15321,60,0
15322,62,0
15323,60,0
15324,61,0
15325,63,0
15326,63,0
15327,61,0
15328,61,0
15329,59,0
15330,62,0
15331,62,0
15332,62,0
15333,62,0
15334,63,0
15335,61,0
15336,59,0
15337,61,0
15338,63,0
15339,62,0
15340,62,0
15341,60,0
15342,62,0
15343,60,0
15344,63,0
15345,63,0
15346,60,0
15347,62,0
15348,64,0
15349,62,0
15350,62,0
15351,64,0
15352,60,0
15353,61,0
15354,61,0
15355,60,0
15356,60,0
15357,62,0
15358,61,0
15359,59,0
15360,59,0
15361,63,0
15362,63,0
15363,60,0
15364,62,0
15365,62,0
15366,60,0
15367,60,0
15368,62,0
15369,60,0
15370,60,0
15371,62,0
15372,60,0
15373,60,0
15374,60,0
15375,59,0
15376,61,0
15377,61,0
15378,59,0
15379,61,0
15380,61,0
15381,61,0
15382,61,0
15383,61,0
15384,61,0
15385,63,0
15386,61,0
15387,59,0
15388,61,0
15389,61,0
15390,61,0
15391,63,0
15392,61,0
15393,61,0
15394,59,0
15395,61,0
15396,63,0
15397,59,0
15398,63,0
15399,63,0
15400,61,0
15401,59,0
15402,59,0
15403,59,0
15404,60,0
15405,62,0
15406,63,0
15407,63,0
15408,59,0
15409,61,0
15410,61,0
15411,61,0
15412,63,0
15413,59,0
15414,62,0
15415,62,0
15416,62,0
15417,65,0
15418,59,0
15419,61,0
15420,61,0
15421,60,0
15422,64,0
15423,60,0
15424,60,0
15425,62,0
15426,60,0
15427,62,0
15428,63,0
15429,63,0
15430,61,0
15431,60,0
15432,62,0
15433,62,0
15434,62,0
15435,62,0
15436,62,0
15437,60,0
15438,63,0
15439,63,0
15440,63,0
15441,62,0
15442,61,0
15443,62,0
15444,62,0
15445,60,0
15446,60,0
15447,61,0
15448,63,0
15449,60,0
15450,62,0
15451,62,0
15452,62,0
15453,63,0
15454,63,0
15455,61,0
15456,63,0
15457,63,0
15458,82,0
15459,85,0
15460,82,0
15461,63,0
15462,62,0
15463,83,0
15464,63,0
15465,61,0
15466,63,0
15467,60,0
15468,60,0
15469,60,0
15470,64,0
15471,60,0
15472,60,0
15473,62,0
15474,60,0
15475,62,0
15476,61,0
15477,61,0
15478,59,0
15479,63,0
15480,62,0
15481,60,0
15482,61,0
15483,65,0
15484,63,0
15485,63,0
15486,60,0
15487,62,0
15488,62,0
15489,60,0
15490,62,0
15491,61,0
15492,63,0
15493,59,0
15494,65,0
15495,59,0
15496,63,0
15497,63,0
15498,59,0
15499,61,0
15500,63,0
15501,63,0
15502,61,0
15503,62,0
15504,60,0
15505,62,0
15506,60,0
15507,60,0
15508,62,0
15509,60,0
15510,61,0
15511,63,0
15512,63,0
15513,59,0
15514,60,0
15515,60,0
15516,60,0
15517,59,0
15518,61,0
15519,61,0
15520,65,0
15521,59,0
15522,65,0
15523,60,0
15524,62,0
15525,62,0
15526,60,0
15527,62,0
15528,62,0
15529,64,0
15530,59,0
15531,61,0
15532,62,0
15533,62,0
15534,62,0
15535,60,0
15536,60,0
15537,62,0
15538,60,0
15539,61,0
15540,59,0
15541,59,0
15542,63,0
15543,60,0
15544,62,0
15545,62,0
15546,62,0
15547,62,0
15548,62,0
15549,59,0
15550,65,0
15551,63,0
15552,62,0
15553,62,0
15554,61,0
15555,61,0
15556,61,0
15557,59,0
15558,60,0
15559,62,0
15560,62,0
15561,62,0
15562,64,0
15563,61,0
15564,63,0
15565,63,0
15566,62,0
15567,60,0
15568,62,0
15569,60,0
15570,61,0
15571,61,0
15572,63,0
15573,62,0
15574,62,0
15575,63,0
15576,63,0
15577,60,0
15578,60,0
15579,60,0
15580,60,0
15581,62,0
15582,61,0
15583,61,0
15584,61,0
15585,59,0
15586,61,0
15587,64,0
15588,60,0
15589,63,0
15590,59,0
15591,65,0
15592,62,0
15593,62,0
15594,61,0
15595,63,0
15596,63,0
15597,61,0
15598,63,0
15599,59,0
15600,59,0
15601,62,0
15602,62,0
15603,60,0
15604,62,0
15605,62,0
15606,64,0
15607,63,0
15608,65,0
15609,63,0
15610,60,0
15611,60,0
15612,62,0
15613,59,0
15614,61,0
15615,63,0
15616,59,0
15617,60,0
15618,62,0
15619,59,0
15620,63,0
15621,61,0
15622,59,0
15623,63,0
15624,60,0
15625,60,0
15626,60,0
15627,62,0
15628,62,0
15629,62,0
15630,64,0
15631,62,0
15632,62,0
15633,62,0
15634,59,0
15635,61,0
15636,61,0
15637,63,0
15638,62,0
15639,62,0
15640,63,0
15641,61,0
15642,61,0
15643,60,0
15644,62,0
15645,62,0
15646,62,0
15647,63,0
15648,65,0
15649,61,0
15650,62,0
15651,62,0
15652,62,0
15653,61,0
15654,61,0
15655,61,0
15656,61,0
15657,62,0
15658,62,0
15659,60,0
15660,60,0
15661,62,0
15662,59,0
15663,61,0
15664,60,0
15665,62,0
15666,60,0
15667,62,0
15668,63,0
15669,61,0
15670,60,0
15671,62,0
15672,62,0
15673,62,0
15674,61,0
15675,61,0
15676,63,0
15677,61,0
15678,60,0
15679,62,0
15680,61,0
15681,63,0
15682,59,0
15683,61,0
15684,60,0
15685,62,0
15686,60,0
15687,62,0
15688,61,0
15689,61,0
15690,61,0
15691,61,0
15692,59,0
15693,62,0
15694,62,0
15695,60,0
15696,62,0
15697,61,0
15698,59,0
15699,61,0
15700,61,0
15701,59,0
15702,63,0
15703,61,0
15704,62,0
15705,62,0
15706,60,0
15707,60,0
15708,61,0
15709,61,0
15710,61,0
15711,61,0
15712,59,0
15713,62,0
15714,62,0
15715,62,0
15716,62,0
15717,62,0
15718,63,0
15719,61,0
15720,63,0
15721,61,0
15722,61,0
15723,62,0
15724,62,0
15725,81,0
15726,63,0
15727,63,0
15728,63,0
15729,60,0
15730,62,0
15731,62,0
15732,62,0
15733,62,0
15734,61,0
15735,61,0
15736,59,0
15737,63,0
15738,61,0
15739,60,0
15740,62,0
15741,62,0
15742,62,0
15743,62,0
15744,62,0
15745,62,0
15746,61,0
15747,61,0
15748,59,0
15749,61,0
15750,63,0
15751,63,0
15752,62,0
15753,60,0
15754,60,0
15755,62,0
15756,61,0
15757,63,0
15758,63,0
15759,63,0
15760,61,0
15761,63,0
15762,60,0
15763,60,0
15764,60,0
15765,62,0
15766,62,0
15767,59,0
15768,63,0
15769,62,0
15770,62,0
15771,62,0
15772,62,0
15773,60,0
15774,62,0
15775,62,0
15776,62,0
15777,63,0
15778,63,0
15779,63,0
15780,63,0
15781,62,0
15782,64,0
15783,59,0
15784,61,0
15785,63,0
15786,63,0
15787,60,0
15788,60,0
15789,59,0
15790,61,0
15791,63,0
15792,60,0
15793,64,0
15794,62,0
15795,62,0
15796,62,0
15797,60,0
15798,63,0
15799,61,0
15800,61,0
15801,63,0
15802,62,0
15803,60,0
15804,62,0
15805,62,0
15806,62,0
15807,62,0
15808,62,0
15809,59,0
15810,61,0
15811,62,0
15812,60,0
15813,60,0
15814,64,0
15815,60,0
15816,61,0
15817,61,0
15818,59,0
15819,62,0
15820,62,0
15821,63,0
15822,62,0
15823,62,0
15824,60,0
15825,62,0
15826,60,0
15827,62,0
15828,62,0
15829,61,0
15830,63,0
15831,61,0
15832,63,0
15833,62,0
15834,62,0
15835,59,0
15836,59,0
15837,65,0
15838,65,0
15839,62,0
15840,62,0
15841,62,0
15842,59,0
15843,63,0
15844,61,0
15845,63,0
15846,61,0
15847,63,0
15848,61,0
15849,59,0
15850,61,0
15851,63,0
15852,61,0
15853,59,0
15854,61,0
15855,63,0
15856,63,0
15857,62,0
15858,62,0
15859,62,0
15860,60,0
15861,62,0
15862,63,0
15863,59,0
15864,60,0
15865,62,0
15866,60,0
15867,62,0
15868,62,0
15869,60,0
15870,62,0
15871,61,0
15872,61,0
15873,61,0
15874,63,0
15875,59,0
15876,59,0
15877,62,0
15878,62,0
15879,62,0
15880,60,0
15881,62,0
15882,59,0
15883,61,0
15884,61,0
15885,61,0
15886,62,0
15887,60,0
15888,62,0
15889,61,0
15890,59,0
15891,63,0
15892,59,0
15893,63,0
15894,60,0
15895,60,0
15896,60,0
15897,60,0
15898,60,0
15899,60,0
15900,82,0
15901,61,0
15902,62,0
15903,62,0
15904,61,0
15905,61,0
15906,62,0
15907,60,0
15908,60,0
15909,59,0
15910,61,0
15911,63,0
15912,62,0
15913,62,0
15914,59,0
15915,62,0
15916,60,0
15917,62,0
15918,62,0
15919,61,0
15920,63,0
15921,61,0
15922,61,0
15923,59,0
15924,61,0
15925,62,0
15926,60,0
15927,62,0
15928,64,0
15929,62,0
15930,62,0
15931,62,0
15932,62,0
15933,63,0
15934,59,0
15935,63,0
15936,65,0
15937,62,0
15938,62,0
15939,61,0
15940,61,0
15941,63,0
15942,62,0
15943,64,0
15944,62,0
15945,59,0
15946,61,0
15947,61,0
15948,61,0
15949,61,0
15950,62,0
15951,62,0
15952,62,0
15953,62,0
15954,60,0
15955,60,0
15956,62,0
15957,62,0
15958,60,0
15959,60,0
15960,59,0
15961,63,0
15962,63,0
15963,62,0
15964,62,0
15965,62,0
15966,62,0
15967,63,0
15968,65,0
15969,63,0
15970,62,0
15971,64,0
15972,62,0
15973,62,0
15974,62,0
15975,61,0
15976,63,0
15977,59,0
15978,63,0
15979,61,0
15980,60,0
15981,62,0
15982,62,0
15983,62,0
15984,60,0
15985,63,0
15986,59,0
15987,62,0
15988,62,0
15989,62,0
15990,62,0
15991,62,0
15992,59,0
15993,59,0
15994,61,0
15995,59,0
15996,59,0
15997,61,0
15998,64,0
15999,64,0
16000,62,0
16001,63,0
16002,61,0
16003,63,0
16004,59,0
16005,63,0
16006,60,0
16007,60,0
16008,62,0
16009,62,0
16010,64,0
16011,61,0
16012,61,0
16013,62,0
16014,60,0
16015,62,0
16016,59,0
16017,59,0
16018,61,0
16019,59,0
16020,60,0
16021,62,0
16022,60,0
16023,61,0
16024,63,0
16025,59,0
16026,63,0
16027,60,0
16028,62,0
16029,64,0
16030,59,0
16031,63,0
16032,61,0
16033,62,0
16034,62,0
16035,59,0
16036,63,0
16037,63,0
16038,65,0
16039,63,0
16040,61,0
16041,62,0
16042,64,0
16043,62,0
16044,62,0
16045,62,0
16046,62,0
16047,61,0
16048,61,0
16049,63,0
16050,60,0
16051,60,0
16052,62,0
16053,62,0
16054,62,0
16055,62,0
16056,63,0
16057,61,0
16058,63,0
16059,62,0
16060,60,0
16061,62,0
16062,60,0
16063,62,0
16064,63,0
16065,62,0
16066,64,0
16067,60,0
16068,62,0
16069,60,0
16070,65,0
16071,61,0
16072,60,0
16073,62,0
16074,62,0
16075,64,0
16076,62,0
16077,63,0
16078,60,0
16079,65,0
16080,59,0
16081,62,0
16082,60,0
16083,62,0
16084,62,0
16085,61,0
16086,62,0
16087,62,0
16088,60,0
16089,60,0
16090,61,0
16091,59,0
16092,61,0
16093,59,0
16094,61,0
16095,61,0
16096,59,0
16097,62,0
16098,60,0
16099,64,0
16100,61,0
16101,61,0
16102,61,0
16103,61,0
16104,59,0
16105,63,0
16106,62,0
16107,62,0
16108,62,0
16109,62,0
16110,60,0
16111,62,0
16112,59,0
16113,63,0
16114,63,0
16115,63,0
16116,61,0
16117,59,0
16118,60,0
16119,62,0
16120,62,0
16121,60,0
16122,60,0
16123,62,0
16124,62,0
16125,62,0
16126,63,0
16127,63,0
16128,61,0
16129,62,0
16130,62,0
16131,62,0
16132,62,0
16133,62,0
16134,60,0
16135,63,0
16136,63,0
16137,62,0
16138,60,0
16139,62,0
16140,62,0
16141,62,0
16142,59,0
16143,61,0
16144,61,0
16145,62,0
16146,64,0
16147,62,0
16148,62,0
16149,62,0
16150,61,0
16151,63,0
16152,65,0
16153,59,0
16154,64,0
16155,62,0
16156,61,0
16157,61,0
16158,63,0
16159,61,0
16160,62,0
16161,62,0
16162,60,0
16163,60,0
16164,59,0
16165,61,0
16166,60,0
16167,62,0
16168,62,0
16169,60,0
16170,61,0
16171,60,0
16172,64,0
16173,62,0
16174,60,0
16175,62,0
16176,61,0
16177,61,0
16178,61,0
16179,61,0
16180,61,0
16181,59,0
16182,62,0
16183,62,0
16184,60,0
16185,63,0
16186,63,0
16187,62,0
16188,60,0
16189,62,0
16190,60,0
16191,59,0
16192,61,0
16193,59,0
16194,62,0
16195,60,0
16196,62,0
16197,60,0
16198,61,0
16199,61,0
16200,59,0
16201,62,0
16202,62,0
16203,83,0
16204,82,0
16205,61,0
16206,59,0
16207,82,0
16208,79,0
16209,63,0
16210,63,0
16211,60,0
16212,62,0
16213,60,0
16214,61,0
16215,64,0
16216,64,0
16217,60,0
16218,62,0
16219,60,0
16220,65,0
16221,63,0
16222,65,0
16223,59,0
16224,62,0
16225,64,0
16226,64,0
16227,62,0
16228,61,0
16229,62,0
16230,60,0
16231,60,0
16232,64,0
16233,62,0
16234,60,0
16235,63,0
16236,63,0
16237,59,0
16238,59,0
16239,61,0
16240,61,0
16241,61,0
16242,63,0
16243,63,0
16244,60,0
16245,62,0
16246,62,0
16247,60,0
16248,61,0
16249,61,0
16250,60,0
16251,62,0
16252,62,0
16253,62,0
16254,62,0
16255,64,0
16256,62,0
16257,62,0
16258,62,0
16259,64,0
16260,59,0
16261,63,0
16262,61,0
16263,63,0
16264,61,0
16265,62,0
16266,60,0
16267,65,0
16268,61,0
16269,61,0
16270,60,0
16271,60,0
16272,60,0
16273,60,0
16274,60,0
16275,60,0
16276,62,0
16277,65,0
16278,59,0
16279,62,0
16280,60,0
16281,62,0
16282,63,0
16283,63,0
16284,61,0
16285,60,0
16286,62,0
16287,64,0
16288,62,0
16289,61,0
16290,65,0
16291,63,0
16292,63,0
16293,62,0
16294,60,0
16295,60,0
16296,61,0
16297,61,0
16298,63,0
16299,63,0
16300,59,0
16301,61,0
16302,61,0
16303,62,0
16304,60,0
16305,60,0
16306,62,0
16307,61,0
16308,63,0
16309,63,0
16310,64,0
16311,60,0
16312,62,0
16313,62,0
16314,62,0
16315,61,0
16316,63,0
16317,61,0
16318,62,0
16319,60,0
16320,63,0
16321,63,0
16322,63,0
16323,62,0
16324,62,0
16325,62,0
16326,63,0
16327,61,0
16328,63,0
16329,60,0
16330,62,0
16331,60,0
16332,60,0
16333,63,0
16334,59,0
16335,63,0
16336,63,0
16337,62,0
16338,62,0
16339,62,0
16340,62,0
16341,59,0
16342,59,0
16343,61,0
16344,61,0
16345,62,0
16346,60,0
16347,60,0
16348,62,0
16349,62,0
16350,63,0
16351,59,0
16352,59,0
16353,64,0
16354,62,0
16355,60,0
16356,62,0
16357,60,0
16358,60,0
16359,61,0
16360,59,0
16361,59,0
16362,63,0
16363,63,0
16364,62,0
16365,62,0
16366,62,0
16367,62,0
16368,61,0
16369,61,0
16370,59,0
16371,62,0
16372,62,0
16373,62,0
16374,62,0
16375,60,0
16376,61,0
16377,61,0
16378,63,0
16379,59,0
16380,61,0
16381,60,0
16382,62,0
16383,62,0
16384,60,0
16385,60,0
16386,63,0
16387,65,0
16388,59,0
16389,62,0
16390,62,0
16391,62,0
16392,62,0
16393,62,0
16394,65,0
16395,63,0
16396,61,0
16397,59,0
16398,59,0
16399,62,0
16400,62,0
16401,62,0
16402,60,0
16403,62,0
16404,61,0
16405,63,0
16406,61,0
16407,61,0
16408,59,0
16409,60,0
16410,62,0
16411,61,0
16412,63,0
16413,63,0
16414,63,0
16415,61,0
16416,62,0
16417,60,0
16418,59,0
16419,61,0
16420,59,0
16421,62,0
16422,60,0
16423,62,0
16424,62,0
16425,61,0
16426,62,0
16427,60,0
16428,62,0
16429,60,0
16430,62,0
16431,63,0
16432,63,0
16433,63,0
16434,61,0
16435,60,0
16436,64,0
16437,62,0
16438,63,0
16439,61,0
16440,61,0
16441,61,0
16442,60,0
16443,60,0
16444,62,0
16445,62,0
16446,59,0
16447,59,0
16448,59,0
16449,62,0
16450,60,0
16451,63,0
16452,63,0
16453,59,0
16454,63,0
16455,61,0
16456,62,0
16457,64,0
16458,60,0
16459,62,0
16460,62,0
16461,61,0
16462,61,0
16463,63,0
16464,62,0
16465,62,0
16466,62,0
16467,62,0
16468,61,0
16469,63,0
16470,61,0
16471,63,0
16472,63,0
16473,63,0
16474,59,0
16475,62,0
16476,62,0
16477,60,0
16478,61,0
16479,59,0
16480,59,0
16481,60,0
16482,62,0
16483,61,0
16484,63,0
16485,59,0
16486,59,0
16487,63,0
16488,63,0
16489,65,0
16490,59,0
16491,60,0
16492,62,0
16493,62,0
16494,65,0
16495,61,0
16496,61,0
16497,63,0
16498,60,0
16499,62,0
16500,62,0
16501,60,0
16502,62,0
16503,64,0
16504,63,0
16505,61,0
16506,63,0
16507,59,0
16508,60,0
16509,60,0
16510,62,0
16511,83,0
16512,61,0
16513,60,0
16514,62,0
16515,62,0
16516,62,0
16517,62,0
16518,62,0
16519,59,0
16520,60,0
16521,60,0
16522,62,0
16523,60,0
16524,60,0
16525,59,0
16526,60,0
16527,62,0
16528,62,0
16529,62,0
16530,60,0
16531,62,0
16532,63,0
16533,61,0
16534,61,0
16535,62,0
16536,60,0
16537,62,0
16538,60,0
16539,64,0
16540,63,0
16541,61,0
16542,61,0
16543,62,0
16544,60,0
16545,62,0
16546,62,0
16547,63,0
16548,61,0
16549,61,0
16550,63,0
16551,61,0
16552,61,0
16553,61,0
16554,63,0
16555,65,0
16556,61,0
16557,60,0
16558,60,0
16559,63,0
16560,63,0
16561,63,0
16562,59,0
16563,64,0
16564,62,0
16565,62,0
16566,62,0
16567,63,0
16568,61,0
16569,65,0
16570,63,0
16571,65,0
16572,63,0
16573,60,0
16574,62,0
16575,62,0
16576,62,0
16577,63,0
16578,59,0
16579,62,0
16580,62,0
16581,62,0
16582,63,0
16583,61,0
16584,61,0
16585,60,0
16586,62,0
16587,62,0
16588,60,0
16589,62,0
16590,62,0
16591,62,0
16592,62,0
16593,62,0
16594,59,0
16595,61,0
16596,59,0
16597,63,0
16598,62,0
16599,60,0
16600,62,0
16601,60,0
16602,62,0
16603,62,0
16604,62,0
16605,59,0
16606,63,0
16607,59,0
16608,63,0
16609,62,0
16610,62,0
16611,62,0
16612,62,0
16613,61,0
16614,61,0
16615,63,0
16616,63,0
16617,62,0
16618,62,0
16619,60,0
16620,64,0
16621,62,0
16622,62,0
16623,59,0
16624,61,0
16625,62,0
16626,62,0
16627,60,0
16628,60,0
16629,62,0
16630,63,0
16631,61,0
16632,63,0
16633,63,0
16634,60,0
16635,62,0
16636,60,0
16637,60,0
16638,64,0
16639,59,0
16640,61,0
16641,59,0
16642,59,0
16643,63,0
16644,59,0
16645,83,0
16646,62,0
16647,62,0
16648,63,0
16649,63,0
16650,62,0
16651,64,0
16652,62,0
16653,61,0
16654,61,0
16655,62,0
16656,62,0
16657,62,0
16658,60,0
16659,59,0
16660,61,0
16661,62,0
16662,62,0
16663,61,0
16664,63,0
16665,62,0
16666,62,0
16667,61,0
16668,63,0
16669,62,0
16670,64,0
16671,63,0
16672,61,0
16673,61,0
16674,62,0
16675,62,0
16676,60,0
16677,64,0
16678,61,0
16679,61,0
16680,62,0
16681,60,0
16682,60,0
16683,59,0
16684,61,0
16685,63,0
16686,62,0
16687,59,0
16688,61,0
16689,59,0
16690,61,0
16691,60,0
16692,62,0
16693,62,0
16694,60,0
16695,63,0
16696,61,0
16697,59,0
16698,62,0
16699,60,0
16700,60,0
16701,62,0
16702,59,0
16703,59,0
16704,59,0
16705,60,0
16706,60,0
16707,62,0
16708,62,0
16709,61,0
16710,61,0
16711,65,0
16712,62,0
16713,62,0
16714,61,0
16715,61,0
16716,59,0
16717,62,0
16718,62,0
16719,62,0
16720,63,0
16721,59,0
16722,60,0
16723,62,0
16724,62,0
16725,62,0
16726,62,0
16727,61,0
16728,61,0
16729,61,0
16730,60,0
16731,61,0
16732,61,0
16733,61,0
16734,61,0
16735,60,0
16736,64,0
16737,61,0
16738,61,0
16739,59,0
16740,60,0
16741,62,0
16742,62,0
16743,63,0
16744,61,0
16745,59,0
16746,62,0
16747,62,0
16748,63,0
16749,63,0
16750,63,0
16751,63,0
16752,62,0
16753,62,0
16754,62,0
16755,62,0
16756,63,0
16757,60,0
16758,62,0
16759,62,0
16760,61,0
16761,60,0
16762,60,0
16763,60,0
16764,62,0
16765,63,0
16766,61,0
16767,61,0
16768,63,0
16769,60,0
16770,60,0
16771,62,0
16772,64,0
16773,62,0
16774,61,0
16775,59,0
16776,60,0
16777,62,0
16778,61,0
16779,63,0
16780,62,0
16781,64,0
16782,60,0
16783,63,0
16784,61,0
16785,62,0
16786,64,0
16787,62,0
16788,62,0
16789,64,0
16790,61,0
16791,63,0
16792,59,0
16793,62,0
16794,62,0
16795,62,0
16796,62,0
16797,62,0
16798,62,0
16799,61,0
16800,63,0
16801,64,0
16802,64,0
16803,62,0
16804,60,0
16805,62,0
16806,61,0
16807,61,0
16808,59,0
16809,59,0
16810,62,0
16811,64,0
16812,60,0
16813,62,0
16814,61,0
16815,61,0
16816,59,0
16817,62,0
16818,62,0
16819,60,0
16820,59,0
16821,61,0
16822,63,0
16823,62,0
16824,60,0
16825,62,0
16826,62,0
16827,61,0
16828,61,0
16829,65,0
16830,62,0
16831,64,0
16832,61,0
16833,61,0
16834,63,0
16835,62,0
16836,62,0
16837,62,0
16838,62,0
16839,62,0
16840,63,0
16841,61,0
16842,62,0
16843,60,0
16844,64,0
16845,60,0
16846,63,0
16847,63,0
16848,61,0
16849,59,0
16850,60,0
16851,62,0
16852,62,0
16853,62,0
16854,60,0
16855,62,0
16856,62,0
16857,61,0
16858,65,0
16859,64,0
16860,64,0
16861,60,0
16862,64,0
16863,62,0
16864,61,0
16865,61,0
16866,60,0
16867,60,0
16868,60,0
16869,59,0
16870,59,0
16871,63,0
16872,60,0
16873,62,0
16874,60,0
16875,60,0
16876,63,0
16877,63,0
16878,65,0
16879,62,0
16880,62,0
16881,62,0
16882,61,0
16883,59,0
16884,61,0
16885,62,0
16886,64,0
16887,59,0
16888,59,0
16889,63,0
16890,61,0
16891,60,0
16892,64,0
16893,60,0
16894,62,0
16895,63,0
16896,62,0
16897,63,0
16898,63,0
16899,63,0
16900,61,0
16901,62,0
16902,62,0
16903,64,0
16904,61,0
16905,61,0
16906,63,0
16907,62,0
16908,62,0
16909,62,0
16910,62,0
16911,60,0
16912,63,0
16913,65,0
16914,63,0
16915,61,0
16916,62,0
16917,62,0
16918,62,0
16919,62,0
16920,61,0
16921,65,0
16922,59,0
16923,60,0
16924,60,0
16925,62,0
16926,62,0
16927,63,0
16928,63,0
16929,60,0
16930,62,0
16931,60,0
16932,62,0
16933,62,0
16934,63,0
16935,63,0
16936,59,0
16937,61,0
16938,62,0
16939,60,0
16940,59,0
16941,65,0
16942,62,0
16943,62,0
16944,62,0
16945,60,0
16946,62,0
16947,61,0
16948,85,0
16949,81,0
16950,60,0
16951,62,0
16952,81,0
16953,80,0
16954,60,0
16955,62,0
16956,60,0
16957,59,0
16958,59,0
16959,63,0
16960,60,0
16961,60,0
16962,62,0
16963,64,0
16964,62,0
16965,59,0
16966,61,0
16967,62,0
16968,62,0
16969,63,0
16970,59,0
16971,63,0
16972,63,0
16973,60,0
16974,62,0
16975,60,0
16976,64,0
16977,60,0
16978,61,0
16979,61,0
16980,61,0
16981,64,0
16982,60,0
16983,62,0
16984,61,0
16985,63,0
16986,60,0
16987,62,0
16988,62,0
16989,60,0
16990,62,0
16991,63,0
16992,61,0
16993,59,0
16994,62,0
16995,60,0
16996,60,0
16997,60,0
16998,62,0
16999,59,0
17000,59,0
17001,59,0
17002,59,0
17003,60,0
17004,62,0
17005,61,0
17006,63,0
17007,59,0
17008,62,0
17009,62,0
17010,61,0
17011,63,0
17012,59,0
17013,64,0
17014,62,0
17015,62,0
17016,63,0
17017,61,0
17018,61,0
17019,63,0
17020,62,0
17021,60,0
17022,63,0
17023,65,0
17024,63,0
17025,64,0
17026,62,0
17027,62,0
17028,62,0
17029,60,0
17030,64,0
17031,63,0
17032,61,0
17033,63,0
17034,62,0
17035,60,0
17036,60,0
17037,62,0
17038,63,0
17039,63,0
17040,61,0
17041,60,0
17042,62,0
17043,61,0
17044,61,0
17045,63,0
17046,63,0
17047,59,0
17048,60,0
17049,62,0
17050,62,0
17051,62,0
17052,65,0
17053,61,0
17054,65,0
17055,64,0
17056,62,0
17057,62,0
17058,62,0
17059,61,0
17060,64,0
17061,60,0
17062,62,0
17063,64,0
17064,62,0
17065,60,0
17066,62,0
17067,59,0
17068,61,0
17069,63,0
17070,61,0
17071,61,0
17072,63,0
17073,63,0
17074,59,0
17075,62,0
17076,60,0
17077,60,0
17078,60,0
17079,60,0
17080,63,0
17081,63,0
17082,61,0
17083,59,0
17084,61,0
17085,62,0
17086,60,0
17087,60,0
17088,60,0
17089,60,0
17090,61,0
17091,63,0
17092,61,0
17093,63,0
17094,62,0
17095,62,0
17096,60,0
17097,62,0
17098,60,0
17099,59,0
17100,61,0
17101,63,0
17102,65,0
17103,62,0
17104,60,0
17105,60,0
17106,64,0
17107,60,0
17108,62,0
17109,62,0
17110,63,0
17111,59,0
17112,63,0
17113,63,0
17114,60,0
17115,62,0
17116,62,0
17117,60,0
17118,64,0
17119,62,0
17120,62,0
17121,63,0
17122,60,0
17123,62,0
17124,62,0
17125,60,0
17126,63,0
17127,63,0
17128,63,0
17129,61,0
17130,62,0
17131,64,0
17132,64,0
17133,61,0
17134,61,0
17135,63,0
17136,65,0
17137,60,0
17138,62,0
17139,60,0
17140,61,0
17141,63,0
17142,61,0
17143,59,0
17144,63,0
17145,62,0
17146,60,0
17147,62,0
17148,63,0
17149,62,0
17150,61,0
17151,61,0
17152,60,0
17153,62,0
17154,62,0
17155,63,0
17156,61,0
17157,63,0
17158,64,0
17159,62,0
17160,62,0
17161,63,0
17162,61,0
17163,63,0
17164,59,0
17165,62,0
17166,60,0
17167,62,0
17168,60,0
17169,60,0
17170,63,0
17171,63,0
17172,62,0
17173,62,0
17174,60,0
17175,62,0
17176,63,0
17177,63,0
17178,62,0
17179,60,0
17180,62,0
17181,63,0
17182,61,0
17183,59,0
17184,60,0
17185,62,0
17186,62,0
17187,59,0
17188,62,0
17189,62,0
17190,63,0
17191,63,0
17192,63,0
17193,62,0
17194,60,0
17195,62,0
17196,61,0
17197,61,0
17198,59,0
17199,59,0
17200,62,0
17201,61,0
17202,59,0
17203,65,0
17204,62,0
17205,66,0
17206,63,0
17207,62,0
17208,63,0
17209,63,0
17210,64,0
17211,62,0
17212,63,0
17213,62,0
17214,63,0
17215,62,0
17216,63,0
17217,62,0
17218,62,0
17219,65,0
17220,62,0
17221,65,0
17222,64,0
17223,62,0
17224,61,0
17225,63,0
17226,62,0
17227,64,0
17228,61,0
17229,63,0
17230,62,0
17231,62,0
17232,61,0
17233,61,0
17234,62,0
17235,62,0
17236,64,0
17237,62,0
17238,61,0
17239,61,0
17240,62,0
17241,61,0
17242,61,0
17243,64,0
17244,64,0
17245,65,0
17246,61,0
17247,62,0
17248,62,0
17249,63,0
17250,62,0
17251,62,0
17252,63,0
17253,63,0
17254,61,0
17255,62,0
17256,61,0
17257,66,0
17258,64,0
17259,61,0
17260,62,0
17261,62,0
17262,63,0
17263,42663,1
17264,59,0
17265,60,0
17266,60,0
17267,61,0
17268,61,0
17269,62,0
17270,60,0
17271,62,0
17272,61,0
17273,63,0
17274,62,0
17275,62,0
17276,62,0
17277,61,0
17278,61,0
17279,61,0
17280,59,0
17281,61,0
17282,63,0
17283,62,0
17284,60,0
17285,60,0
17286,62,0
17287,63,0
17288,61,0
17289,62,0
17290,62,0
17291,60,0
17292,62,0
17293,62,0
17294,61,0
17295,61,0
17296,63,0
17297,60,0
17298,62,0
17299,64,0
17300,62,0
17301,60,0
17302,62,0
17303,61,0
17304,59,0
17305,61,0
17306,62,0
17307,62,0
17308,65,0
17309,61,0
17310,62,0
17311,62,0
17312,62,0
17313,62,0
17314,63,0
17315,63,0
17316,63,0
17317,63,0
17318,63,0
17319,62,0
17320,60,0
17321,62,0
17322,63,0
17323,61,0
17324,59,0
17325,63,0
17326,61,0
17327,62,0
17328,62,0
17329,62,0
17330,62,0
17331,60,0
17332,62,0
17333,62,0
17334,60,0
17335,61,0
17336,62,0
17337,62,0
17338,64,0
17339,62,0
17340,62,0
17341,64,0
17342,62,0
17343,61,0
17344,62,0
17345,62,0
17346,62,0
17347,63,0
17348,63,0
17349,65,0
17350,59,0
17351,60,0
17352,60,0
17353,60,0
17354,62,0
17355,60,0
17356,63,0
17357,59,0
17358,64,0
17359,60,0
17360,60,0
17361,62,0
17362,62,0
17363,62,0
17364,65,0
17365,61,0
17366,59,0
17367,61,0
17368,62,0
17369,62,0
17370,62,0
17371,64,0
17372,63,0
17373,61,0
17374,64,0
17375,62,0
17376,60,0
17377,65,0
17378,61,0
17379,63,0
17380,60,0
17381,62,0
17382,64,0
17383,62,0
17384,62,0
17385,65,0
17386,59,0
17387,62,0
17388,60,0
17389,85,0
17390,62,0
17391,64,0
17392,61,0
17393,62,0
17394,64,0
17395,62,0
17396,65,0
17397,62,0
17398,62,0
17399,61,0
17400,63,0
17401,62,0
17402,61,0
17403,61,0
17404,62,0
17405,63,0
17406,61,0
17407,62,0
17408,61,0
17409,64,0
17410,64,0
17411,65,0
17412,64,0
17413,64,0
17414,61,0
17415,62,0
17416,62,0
17417,61,0
17418,64,0
17419,63,0
17420,61,0
17421,62,0
17422,61,0
17423,62,0
17424,61,0
17425,62,0
17426,65,0
17427,65,0
17428,62,0
17429,65,0
17430,62,0
17431,64,0
17432,63,0
17433,64,0
17434,63,0
17435,62,0
17436,62,0
17437,63,0
17438,62,0
17439,62,0
17440,61,0
17441,64,0
17442,63,0
17443,62,0
17444,62,0
17445,61,0
17446,64,0
17447,64,0
17448,63,0
17449,62,0
17450,64,0
17451,61,0
17452,62,0
17453,60,0
17454,62,0
17455,62,0
17456,61,0
17457,61,0
17458,59,0
17459,62,0
17460,62,0
17461,62,0
17462,63,0
17463,63,0
17464,61,0
17465,60,0
17466,62,0
17467,62,0
17468,65,0
17469,59,0
17470,61,0
17471,60,0
17472,60,0
17473,62,0
17474,61,0
17475,62,0
17476,62,0
17477,62,0
17478,60,0
17479,65,0
17480,65,0
17481,61,0
17482,61,0
17483,61,0
17484,62,0
17485,60,0
17486,62,0
17487,60,0
17488,62,0
17489,61,0
17490,59,0
17491,63,0
17492,59,0
17493,62,0
17494,62,0
17495,60,0
17496,62,0
17497,61,0
17498,59,0
17499,62,0
17500,62,0
17501,61,0
17502,64,0
17503,61,0
17504,62,0
17505,63,0
17506,62,0
17507,64,0
17508,61,0
17509,61,0
17510,62,0
17511,63,0
17512,65,0
17513,62,0
17514,62,0
17515,61,0
17516,62,0
17517,62,0
17518,61,0
17519,65,0
17520,64,0
17521,61,0
17522,62,0
17523,62,0
17524,63,0
17525,65,0
17526,62,0
17527,64,0
17528,65,0
17529,62,0
17530,64,0
17531,61,0
17532,62,0
17533,65,0
17534,65,0
17535,325,1
17536,62,0
17537,62,0
17538,64,0
17539,59,0
17540,63,0
17541,62,0
17542,62,0
17543,62,0
17544,60,0
17545,62,0
17546,63,0
17547,63,0
17548,61,0
17549,60,0
17550,60,0
17551,64,0
17552,63,0
17553,61,0
17554,61,0
17555,62,0
17556,60,0
17557,60,0
17558,61,0
17559,63,0
17560,62,0
17561,60,0
17562,60,0
17563,62,0
17564,63,0
17565,61,0
17566,59,0
17567,61,0
17568,62,0
17569,60,0
17570,60,0
17571,62,0
17572,63,0
17573,63,0
17574,60,0
17575,60,0
17576,62,0
17577,60,0
17578,60,0
17579,64,0
17580,61,0
17581,63,0
17582,59,0
17583,62,0
17584,62,0
17585,60,0
17586,60,0
17587,61,0
17588,59,0
17589,61,0
17590,62,0
17591,62,0
17592,62,0
17593,62,0
17594,59,0
17595,63,0
17596,61,0
17597,62,0
17598,62,0
17599,62,0
17600,60,0
17601,62,0
17602,61,0
17603,61,0
17604,63,0
17605,60,0
17606,62,0
17607,62,0
17608,60,0
17609,64,0
17610,62,0
17611,61,0
17612,61,0
17613,61,0
17614,61,0
17615,59,0
17616,60,0
17617,62,0
17618,62,0
17619,62,0
17620,59,0
17621,63,0
17622,63,0
17623,63,0
17624,59,0
17625,62,0
17626,60,0
17627,62,0
17628,62,0
17629,59,0
17630,63,0
17631,59,0
17632,62,0
17633,60,0
17634,59,0
17635,63,0
17636,63,0
17637,62,0
17638,62,0
17639,62,0
17640,61,0
17641,63,0
17642,60,0
17643,62,0
17644,62,0
17645,62,0
17646,61,0
17647,63,0
17648,61,0
17649,62,0
17650,62,0
17651,62,0
17652,61,0
17653,65,0
17654,62,0
17655,60,0
17656,60,0
17657,60,0
17658,61,0
17659,62,0
17660,60,0
17661,62,0
17662,62,0
17663,61,0
17664,63,0
17665,61,0
17666,62,0
17667,62,0
17668,62,0
17669,62,0
17670,65,0
17671,63,0
17672,61,0
17673,61,0
17674,62,0
17675,60,0
17676,62,0
17677,63,0
17678,61,0
17679,63,0
17680,60,0
17681,62,0
17682,62,0
17683,60,0
17684,62,0
17685,60,0
17686,60,0
17687,59,0
17688,59,0
17689,60,0
17690,62,0
17691,60,0
17692,85,0
17693,84,0
17694,59,0
17695,62,0
17696,61,0
17697,83,0
17698,82,0
17699,61,0
17700,63,0
17701,61,0
17702,60,0
17703,62,0
17704,60,0
17705,65,0
17706,61,0
17707,62,0
17708,64,0
17709,62,0
17710,63,0
17711,59,0
17712,62,0
17713,60,0
17714,63,0
17715,61,0
17716,63,0
17717,63,0
17718,60,0
17719,62,0
17720,59,0
17721,61,0
17722,59,0
17723,60,0
17724,62,0
17725,62,0
17726,61,0
17727,63,0
17728,59,0
17729,65,0
17730,60,0
17731,62,0
17732,60,0
17733,62,0
17734,62,0
17735,62,0
17736,61,0
17737,61,0
17738,62,0
17739,62,0
17740,64,0
17741,62,0
17742,62,0
17743,62,0
17744,61,0
17745,63,0
17746,63,0
17747,62,0
17748,62,0
17749,60,0
17750,60,0
17751,62,0
17752,63,0
17753,61,0
17754,63,0
17755,61,0
17756,60,0
17757,60,0
17758,60,0
17759,62,0
17760,64,0
17761,62,0
17762,61,0
17763,59,0
17764,59,0
17765,61,0
17766,61,0
17767,61,0
17768,62,0
17769,62,0
17770,60,0
17771,63,0
17772,63,0
17773,59,0
17774,62,0
17775,60,0
17776,60,0
17777,62,0
17778,59,0
17779,62,0
17780,62,0
17781,62,0
17782,61,0
17783,61,0
17784,59,0
17785,61,0
17786,65,0
17787,62,0
17788,60,0
17789,60,0
17790,59,0
17791,62,0
17792,60,0
17793,60,0
17794,63,0
17795,63,0
17796,61,0
17797,60,0
17798,60,0
17799,60,0
17800,60,0
17801,63,0
17802,59,0
17803,61,0
17804,62,0
17805,60,0
17806,60,0
17807,62,0
17808,62,0
17809,63,0
17810,59,0
17811,60,0
17812,62,0
17813,62,0
17814,62,0
17815,65,0
17816,63,0
17817,59,0
17818,60,0
17819,62,0
17820,62,0
17821,59,0
17822,61,0
17823,62,0
17824,62,0
17825,60,0
17826,61,0
17827,61,0
17828,63,0
17829,62,0
17830,63,0
17831,59,0
17832,63,0
17833,61,0
17834,61,0
17835,61,0
17836,62,0
17837,62,0
17838,60,0
17839,61,0
17840,61,0
17841,61,0
17842,61,0
17843,62,0
17844,64,0
17845,60,0
17846,62,0
17847,59,0
17848,63,0
17849,61,0
17850,63,0
17851,61,0
17852,60,0
17853,60,0
17854,62,0
17855,60,0
17856,61,0
17857,61,0
17858,63,0
17859,61,0
17860,60,0
17861,60,0
17862,61,0
17863,59,0
17864,59,0
17865,61,0
17866,62,0
17867,62,0
17868,62,0
17869,61,0
17870,59,0
17871,61,0
17872,63,0
17873,62,0
17874,62,0
17875,62,0
17876,63,0
17877,59,0
17878,63,0
17879,62,0
17880,64,0
17881,60,0
17882,63,0
17883,63,0
17884,62,0
17885,62,0
17886,60,0
17887,61,0
17888,61,0
17889,61,0
17890,60,0
17891,62,0
17892,60,0
17893,63,0
17894,61,0
17895,61,0
17896,62,0
17897,62,0
17898,60,0
17899,60,0
17900,61,0
17901,63,0
17902,62,0
17903,60,0
17904,62,0
17905,62,0
17906,61,0
17907,63,0
17908,59,0
17909,60,0
17910,64,0
17911,62,0
17912,62,0
17913,62,0
17914,61,0
17915,60,0
17916,62,0
17917,62,0
17918,62,0
17919,61,0
17920,63,0
17921,60,0
17922,62,0
17923,60,0
17924,62,0
17925,62,0
17926,59,0
17927,61,0
17928,59,0
17929,60,0
17930,63,0
17931,59,0
17932,61,0
17933,62,0
17934,62,0
17935,62,0
17936,61,0
17937,62,0
17938,60,0
17939,62,0
17940,61,0
17941,61,0
17942,59,0
17943,59,0
17944,60,0
17945,60,0
17946,62,0
17947,60,0
17948,62,0
17949,59,0
17950,61,0
17951,63,0
17952,60,0
17953,62,0
17954,60,0
17955,64,0
17956,61,0
17957,63,0
17958,61,0
17959,59,0
17960,59,0
17961,64,0
17962,62,0
17963,62,0
17964,63,0
17965,61,0
17966,61,0
17967,60,0
17968,60,0
17969,60,0
17970,63,0
17971,61,0
17972,59,0
17973,62,0
17974,62,0
17975,62,0
17976,61,0
17977,59,0
17978,65,0
17979,59,0
17980,62,0
17981,60,0
17982,62,0
17983,60,0
17984,61,0
17985,63,0
17986,65,0
17987,63,0
17988,62,0
17989,62,0
17990,61,0
17991,61,0
17992,61,0
17993,59,0
17994,59,0
17995,60,0
17996,62,0
17997,62,0
17998,60,0
17999,60,0
18000,63,0
18001,59,0
18002,65,0
18003,60,0
18004,62,0
18005,62,0
18006,63,0
18007,61,0
18008,63,0
18009,61,0
18010,62,0
18011,64,0
18012,61,0
18013,63,0
18014,62,0
18015,62,0
18016,62,0
18017,62,0
18018,61,0
18019,63,0
18020,60,0
18021,62,0
18022,63,0
18023,61,0
18024,59,0
18025,64,0
18026,62,0
18027,61,0
18028,61,0
18029,61,0
18030,59,0
18031,63,0
18032,62,0
18033,62,0
18034,62,0
18035,60,0
18036,62,0
18037,63,0
18038,61,0
18039,62,0
18040,60,0
18041,62,0
18042,62,0
18043,63,0
18044,61,0
18045,61,0
18046,62,0
18047,62,0
18048,60,0
18049,60,0
18050,63,0
18051,63,0
18052,59,0
18053,62,0
18054,60,0
18055,63,0
18056,59,0
18057,63,0
18058,62,0
18059,64,0
18060,62,0
18061,61,0
18062,63,0
18063,63,0
18064,63,0
18065,62,0
18066,62,0
18067,64,0
18068,59,0
18069,59,0
18070,59,0
18071,62,0
18072,60,0
18073,62,0
18074,60,0
18075,59,0
18076,63,0
18077,59,0
18078,62,0
18079,62,0
18080,62,0
18081,62,0
18082,63,0
18083,60,0
18084,60,0
18085,61,0
18086,61,0
18087,59,0
18088,62,0
18089,62,0
18090,63,0
18091,63,0
18092,63,0
18093,63,0
18094,61,0
18095,60,0
18096,62,0
18097,62,0
18098,60,0
18099,59,0
18100,63,0
18101,59,0
18102,62,0
18103,62,0
18104,62,0
18105,61,0
18106,59,0
18107,62,0
18108,62,0
18109,63,0
18110,63,0
18111,62,0
18112,60,0
18113,60,0
18114,60,0
18115,60,0
18116,63,0
18117,63,0
18118,60,0
18119,63,0
18120,61,0
18121,62,0
18122,60,0
18123,62,0
18124,60,0
18125,63,0
18126,59,0
18127,60,0
18128,62,0
18129,61,0
18130,61,0
18131,60,0
18132,62,0
18133,60,0
18134,82,0
18135,59,0
18136,62,0
18137,60,0
18138,61,0
18139,59,0
18140,60,0
18141,60,0
18142,61,0
18143,63,0
18144,61,0
18145,62,0
18146,62,0
18147,61,0
18148,63,0
18149,60,0
18150,61,0
18151,61,0
18152,61,0
18153,60,0
18154,62,0
18155,60,0
18156,63,0
18157,59,0
18158,61,0
18159,60,0
18160,62,0
18161,62,0
18162,61,0
18163,63,0
18164,60,0
18165,62,0
18166,61,0
18167,65,0
18168,60,0
18169,62,0
18170,62,0
18171,59,0
18172,59,0
18173,62,0
18174,62,0
18175,60,0
18176,62,0
18177,60,0
18178,63,0
18179,63,0
18180,62,0
18181,62,0
18182,62,0
18183,62,0
18184,65,0
18185,63,0
18186,63,0
18187,61,0
18188,60,0
18189,64,0
18190,62,0
18191,62,0
18192,60,0
18193,59,0
18194,61,0
18195,61,0
18196,60,0
18197,62,0
18198,64,0
18199,62,0
18200,62,0
18201,64,0
18202,60,0
18203,64,0
18204,60,0
18205,60,0
18206,61,0
18207,63,0
18208,59,0
18209,62,0
18210,60,0
18211,61,0
18212,59,0
18213,65,0
18214,62,0
18215,62,0
18216,62,0
18217,62,0
18218,60,0
18219,61,0
18220,59,0
18221,63,0
18222,63,0
18223,64,0
18224,62,0
18225,62,0
18226,62,0
18227,62,0
18228,63,0
18229,65,0
18230,61,0
18231,59,0
18232,62,0
18233,62,0
18234,60,0
18235,63,0
18236,63,0
18237,61,0
18238,60,0
18239,62,0
18240,62,0
18241,61,0
18242,61,0
18243,60,0
18244,62,0
18245,64,0
18246,61,0
18247,59,0
18248,62,0
18249,60,0
18250,60,0
18251,62,0
18252,61,0
18253,63,0
18254,61,0
18255,62,0
18256,60,0
18257,62,0
18258,63,0
18259,63,0
18260,63,0
18261,60,0
18262,62,0
18263,61,0
18264,61,0
18265,63,0
18266,64,0
18267,62,0
18268,60,0
18269,59,0
18270,63,0
18271,64,0
18272,60,0
18273,60,0
18274,62,0
18275,59,0
18276,63,0
18277,61,0
18278,62,0
18279,62,0
18280,61,0
18281,63,0
18282,65,0
18283,61,0
18284,62,0
18285,60,0
18286,62,0
18287,62,0
18288,61,0
18289,59,0
18290,63,0
18291,59,0
18292,62,0
18293,62,0
18294,61,0
18295,61,0
18296,63,0
18297,61,0
18298,61,0
18299,62,0
18300,60,0
18301,60,0
18302,62,0
18303,63,0
18304,61,0
18305,61,0
18306,63,0
18307,62,0
18308,62,0
18309,60,0
18310,62,0
18311,61,0
18312,59,0
18313,62,0
18314,60,0
18315,62,0
18316,62,0
18317,60,0
18318,64,0
18319,61,0
18320,59,0
18321,60,0
18322,64,0
18323,62,0
18324,61,0
18325,65,0
18326,63,0
18327,63,0
18328,62,0
18329,60,0
18330,62,0
18331,64,0
18332,60,0
18333,59,0
18334,61,0
18335,61,0
18336,61,0
18337,63,0
18338,62,0
18339,62,0
18340,59,0
18341,63,0
18342,61,0
18343,60,0
18344,60,0
18345,62,0
18346,62,0
18347,62,0
18348,61,0
18349,61,0
18350,64,0
18351,60,0
18352,60,0
18353,61,0
18354,59,0
18355,63,0
18356,63,0
18357,63,0
18358,59,0
18359,62,0
18360,63,0
18361,61,0
18362,65,0
18363,60,0
18364,62,0
18365,62,0
18366,62,0
18367,61,0
18368,59,0
18369,60,0
18370,62,0
18371,61,0
18372,61,0
18373,61,0
18374,62,0
18375,60,0
18376,62,0
18377,60,0
18378,60,0
18379,60,0
18380,62,0
18381,61,0
18382,63,0
18383,61,0
18384,62,0
18385,62,0
18386,61,0
18387,61,0
18388,63,0
18389,59,0
18390,62,0
18391,60,0
18392,64,0
18393,63,0
18394,60,0
18395,60,0
18396,62,0
18397,61,0
18398,61,0
18399,63,0
18400,61,0
18401,64,0
18402,60,0
18403,62,0
18404,60,0
18405,63,0
18406,63,0
18407,59,0
18408,63,0
18409,62,0
18410,62,0
18411,63,0
18412,61,0
18413,63,0
18414,59,0
18415,61,0
18416,62,0
18417,60,0
18418,61,0
18419,61,0
18420,61,0
18421,63,0
18422,62,0
18423,60,0
18424,60,0
18425,62,0
18426,59,0
18427,60,0
18428,62,0
18429,64,0
18430,59,0
18431,61,0
18432,63,0
18433,65,0
18434,60,0
18435,62,0
18436,62,0
18437,81,0
18438,82,0
18439,62,0
18440,63,0
18441,60,0
18442,81,0
18443,59,0
18444,61,0
18445,63,0
18446,61,0
18447,65,0
18448,62,0
18449,60,0
18450,62,0
18451,62,0
18452,61,0
18453,61,0
18454,60,0
18455,60,0
18456,60,0
18457,62,0
18458,62,0
18459,62,0
18460,61,0
18461,61,0
18462,61,0
18463,65,0
18464,59,0
18465,60,0
18466,62,0
18467,62,0
18468,62,0
18469,60,0
18470,63,0
18471,59,0
18472,59,0
18473,60,0
18474,60,0
18475,62,0
18476,60,0
18477,60,0
18478,62,0
18479,59,0
18480,65,0
18481,63,0
18482,62,0
18483,60,0
18484,62,0
18485,62,0
18486,62,0
18487,63,0
18488,63,0
18489,59,0
18490,62,0
18491,60,0
18492,60,0
18493,60,0
18494,62,0
18495,62,0
18496,59,0
18497,61,0
18498,60,0
18499,62,0
18500,60,0
18501,62,0
18502,61,0
18503,61,0
18504,63,0
18505,62,0
18506,60,0
18507,62,0
18508,62,0
18509,63,0
18510,61,0
18511,61,0
18512,61,0
18513,62,0
18514,60,0
18515,62,0
18516,60,0
18517,60,0
18518,63,0
18519,63,0
18520,63,0
18521,62,0
18522,64,0
18523,62,0
18524,62,0
18525,61,0
18526,59,0
18527,59,0
18528,60,0
18529,62,0
18530,62,0
18531,62,0
18532,61,0
18533,65,0
18534,62,0
18535,62,0
18536,62,0
18537,62,0
18538,60,0
18539,63,0
18540,59,0
18541,63,0
18542,63,0
18543,62,0
18544,60,0
18545,62,0
18546,60,0
18547,62,0
18548,63,0
18549,63,0
18550,62,0
18551,62,0
18552,60,0
18553,64,0
18554,60,0
18555,60,0
18556,61,0
18557,63,0
18558,63,0
18559,61,0
18560,61,0
18561,62,0
18562,62,0
18563,60,0
18564,62,0
18565,63,0
18566,59,0
18567,62,0
18568,62,0
18569,62,0
18570,63,0
18571,61,0
18572,65,0
18573,63,0
18574,60,0
18575,64,0
18576,61,0
18577,59,0
18578,59,0
18579,62,0
18580,62,0
18581,62,0
18582,59,0
18583,61,0
18584,63,0
18585,59,0
18586,62,0
18587,60,0
18588,62,0
18589,60,0
18590,60,0
18591,59,0
18592,63,0
18593,65,0
18594,60,0
18595,60,0
18596,64,0
18597,59,0
18598,59,0
18599,59,0
18600,60,0
18601,62,0
18602,60,0
18603,60,0
18604,62,0
18605,63,0
18606,63,0
18607,59,0
18608,63,0
18609,60,0
18610,62,0
18611,63,0
18612,61,0
18613,62,0
18614,60,0
18615,60,0
18616,62,0
18617,62,0
18618,63,0
18619,61,0
18620,63,0
18621,62,0
18622,60,0
18623,62,0
18624,63,0
18625,63,0
18626,62,0
18627,62,0
18628,62,0
18629,61,0
18630,63,0
18631,63,0
18632,59,0
18633,62,0
18634,62,0
18635,62,0
18636,60,0
18637,59,0
18638,63,0
18639,60,0
18640,62,0
18641,62,0
18642,61,0
18643,61,0
18644,62,0
18645,64,0
18646,64,0
18647,60,0
18648,61,0
18649,61,0
18650,60,0
18651,62,0
18652,60,0
18653,62,0
18654,61,0
18655,61,0
18656,65,0
18657,60,0
18658,62,0
18659,60,0
18660,59,0
18661,63,0
18662,61,0
18663,62,0
18664,62,0
18665,62,0
18666,60,0
18667,62,0
18668,59,0
18669,63,0
18670,63,0
18671,60,0
18672,60,0
18673,60,0
18674,62,0
18675,63,0
18676,62,0
18677,60,0
18678,62,0
18679,62,0
18680,60,0
18681,62,0
18682,62,0
18683,61,0
18684,60,0
18685,60,0
18686,62,0
18687,60,0
18688,61,0
18689,63,0
18690,63,0
18691,59,0
18692,60,0
18693,62,0
18694,60,0
18695,62,0
18696,62,0
18697,63,0
18698,59,0
18699,63,0
18700,61,0
18701,63,0
18702,62,0
18703,62,0
18704,60,0
18705,62,0
18706,63,0
18707,65,0
18708,59,0
18709,61,0
18710,61,0
18711,60,0
18712,62,0
18713,62,0
18714,62,0
18715,61,0
18716,63,0
18717,61,0
18718,60,0
18719,62,0
18720,61,0
18721,61,0
18722,59,0
18723,63,0
18724,60,0
18725,60,0
18726,60,0
18727,62,0
18728,63,0
18729,59,0
18730,61,0
18731,64,0
18732,60,0
18733,62,0
18734,59,0
18735,63,0
18736,62,0
18737,62,0
18738,60,0
18739,60,0
18740,59,0
18741,63,0
18742,62,0
18743,60,0
18744,62,0
18745,64,0
18746,61,0
18747,61,0
18748,61,0
18749,61,0
18750,61,0
18751,62,0
18752,64,0
18753,60,0
18754,61,0
18755,60,0
18756,62,0
18757,62,0
18758,62,0
18759,63,0
18760,65,0
18761,60,0
18762,62,0
18763,62,0
18764,63,0
18765,63,0
18766,63,0
18767,62,0
18768,62,0
18769,62,0
18770,62,0
18771,59,0
18772,60,0
18773,60,0
18774,64,0
18775,62,0
18776,63,0
18777,61,0
18778,62,0
18779,62,0
18780,61,0
18781,59,0
18782,63,0
18783,62,0
18784,60,0
18785,62,0
18786,64,0
18787,65,0
18788,59,0
18789,63,0
18790,60,0
18791,62,0
18792,62,0
18793,63,0
18794,61,0
18795,59,0
18796,60,0
18797,62,0
18798,62,0
18799,59,0
18800,61,0
18801,63,0
18802,61,0
18803,62,0
18804,62,0
18805,61,0
18806,61,0
18807,59,0
18808,59,0
18809,63,0
18810,60,0
18811,62,0
18812,62,0
18813,62,0
18814,62,0
18815,62,0
18816,61,0
18817,63,0
18818,59,0
18819,61,0
18820,61,0
18821,63,0
18822,62,0
18823,62,0
18824,60,0
18825,60,0
18826,61,0
18827,63,0
18828,63,0
18829,62,0
18830,62,0
18831,62,0
18832,63,0
18833,59,0
18834,63,0
18835,59,0
18836,62,0
18837,60,0
18838,60,0
18839,60,0
18840,61,0
18841,63,0
18842,60,0
18843,60,0
18844,62,0
18845,61,0
18846,59,0
18847,59,0
18848,62,0
18849,60,0
18850,60,0
18851,62,0
18852,63,0
18853,59,0
18854,59,0
18855,61,0
18856,60,0
18857,63,0
18858,59,0
18859,63,0
18860,59,0
18861,60,0
18862,62,0
18863,62,0
18864,60,0
18865,61,0
18866,61,0
18867,59,0
18868,62,0
18869,60,0
18870,62,0
18871,62,0
18872,60,0
18873,64,0
18874,62,0
18875,62,0
18876,63,0
18877,63,0
18878,61,0
18879,81,0
18880,62,0
18881,63,0
18882,60,0
18883,62,0
18884,63,0
18885,62,0
18886,62,0
18887,59,0
18888,60,0
18889,62,0
18890,61,0
18891,62,0
18892,62,0
18893,63,0
18894,62,0
18895,62,0
18896,61,0
18897,61,0
18898,60,0
18899,62,0
18900,62,0
18901,63,0
18902,61,0
18903,62,0
18904,62,0
18905,62,0
18906,61,0
18907,63,0
18908,64,0
18909,62,0
18910,59,0
18911,62,0
18912,60,0
18913,61,0
18914,59,0
18915,62,0
18916,62,0
18917,61,0
18918,61,0
18919,60,0
18920,61,0
18921,63,0
18922,60,0
18923,62,0
18924,60,0
18925,63,0
18926,59,0
18927,59,0
18928,60,0
18929,62,0
18930,62,0
18931,60,0
18932,61,0
18933,61,0
18934,61,0
18935,61,0
18936,64,0
18937,60,0
18938,62,0
18939,59,0
18940,63,0
18941,63,0
18942,62,0
18943,62,0
18944,62,0
18945,61,0
18946,63,0
18947,60,0
18948,62,0
18949,64,0
18950,63,0
18951,59,0
18952,60,0
18953,62,0
18954,62,0
18955,61,0
18956,61,0
18957,60,0
18958,62,0
18959,63,0
18960,61,0
18961,60,0
18962,62,0
18963,62,0
18964,62,0
18965,62,0
18966,60,0
18967,60,0
18968,63,0
18969,61,0
18970,62,0
18971,60,0
18972,62,0
18973,62,0
18974,64,0
18975,61,0
18976,63,0
18977,62,0
18978,62,0
18979,62,0
18980,63,0
18981,63,0
18982,63,0
18983,62,0
18984,60,0
18985,63,0
18986,63,0
18987,61,0
18988,63,0
18989,62,0
18990,62,0
18991,61,0
18992,60,0
18993,62,0
18994,62,0
18995,62,0
18996,60,0
18997,63,0
18998,59,0
18999,63,0
19000,62,0
19001,62,0
19002,62,0
19003,61,0
19004,62,0
19005,62,0
19006,62,0
19007,62,0
19008,60,0
19009,65,0
19010,63,0
19011,61,0
19012,61,0
19013,62,0
19014,62,0
19015,62,0
19016,61,0
19017,65,0
19018,62,0
19019,60,0
19020,60,0
19021,62,0
19022,63,0
19023,61,0
19024,59,0
19025,63,0
19026,59,0
19027,62,0
19028,62,0
19029,60,0
19030,60,0
19031,62,0
19032,63,0
19033,64,0
19034,62,0
19035,62,0
19036,60,0
19037,62,0
19038,61,0
19039,63,0
19040,63,0
19041,61,0
19042,60,0
19043,60,0
19044,61,0
19045,61,0
19046,61,0
19047,61,0
19048,61,0
19049,61,0
19050,59,0
19051,60,0
19052,62,0
19053,60,0
19054,60,0
19055,62,0
19056,63,0
19057,61,0
19058,59,0
19059,59,0
19060,60,0
19061,62,0
19062,62,0
19063,62,0
19064,59,0
19065,63,0
19066,63,0
19067,61,0
19068,62,0
19069,60,0
19070,62,0
19071,61,0
19072,63,0
19073,60,0
19074,60,0
19075,60,0
19076,60,0
19077,63,0
19078,61,0
19079,62,0
19080,60,0
19081,60,0
19082,63,0
19083,63,0
19084,62,0
19085,62,0
19086,62,0
19087,63,0
19088,62,0
19089,62,0
19090,62,0
19091,62,0
19092,61,0
19093,61,0
19094,59,0
19095,63,0
19096,62,0
19097,62,0
19098,60,0
19099,62,0
19100,63,0
19101,61,0
19102,59,0
19103,63,0
19104,63,0
19105,62,0
19106,62,0
19107,62,0
19108,64,0
19109,62,0
19110,61,0
19111,61,0
19112,62,0
19113,62,0
19114,60,0
19115,62,0
19116,61,0
19117,61,0
19118,61,0
19119,63,0
19120,60,0
19121,62,0
19122,60,0
19123,62,0
19124,61,0
19125,63,0
19126,61,0
19127,61,0
19128,60,0
19129,64,0
19130,62,0
19131,62,0
19132,63,0
19133,62,0
19134,62,0
19135,60,0
19136,62,0
19137,61,0
19138,59,0
19139,63,0
19140,63,0
19141,62,0
19142,62,0
19143,60,0
19144,62,0
19145,62,0
19146,59,0
19147,61,0
19148,59,0
19149,63,0
19150,62,0
19151,60,0
19152,62,0
19153,62,0
19154,62,0
19155,62,0
19156,61,0
19157,63,0
19158,59,0
19159,62,0
19160,60,0
19161,62,0
19162,60,0
19163,62,0
19164,63,0
19165,63,0
19166,59,0
19167,60,0
19168,60,0
19169,60,0
19170,60,0
19171,62,0
19172,59,0
19173,61,0
19174,59,0
19175,59,0
19176,63,0
19177,59,0
19178,60,0
19179,60,0
19180,60,0
19181,62,0
19182,81,0
19183,83,0
19184,60,0
19185,65,0
19186,80,0
19187,81,0
19188,63,0
19189,61,0
19190,65,0
19191,62,0
19192,60,0
19193,62,0
19194,62,0
19195,63,0
19196,61,0
19197,59,0
19198,63,0
19199,61,0
19200,62,0
19201,62,0
19202,62,0
19203,60,0
19204,59,0
19205,59,0
19206,61,0
19207,59,0
19208,59,0
19209,59,0
19210,59,0
19211,62,0
19212,62,0
19213,62,0
19214,61,0
19215,63,0
19216,59,0
19217,63,0
19218,60,0
19219,64,0
19220,63,0
19221,59,0
19222,61,0
19223,61,0
19224,62,0
19225,62,0
19226,62,0
19227,63,0
19228,61,0
19229,61,0
19230,62,0
19231,60,0
19232,62,0
19233,60,0
19234,62,0
19235,59,0
19236,61,0
19237,63,0
19238,62,0
19239,62,0
19240,62,0
19241,63,0
19242,61,0
19243,65,0
19244,62,0
19245,64,0
19246,62,0
19247,61,0
19248,61,0
19249,62,0
19250,62,0
19251,62,0
19252,62,0
19253,60,0
19254,61,0
19255,63,0
19256,61,0
19257,61,0
19258,63,0
19259,62,0
19260,60,0
19261,62,0
19262,63,0
19263,63,0
19264,63,0
19265,62,0
19266,62,0
19267,62,0
19268,63,0
19269,63,0
19270,59,0
19271,62,0
19272,62,0
19273,62,0
19274,60,0
19275,62,0
19276,61,0
19277,63,0
19278,61,0
19279,59,0
19280,59,0
19281,62,0
19282,60,0
19283,62,0
19284,60,0
19285,61,0
19286,59,0
19287,59,0
19288,62,0
19289,60,0
19290,63,0
19291,61,0
19292,61,0
19293,63,0
19294,60,0
19295,64,0
19296,59,0
19297,59,0
19298,63,0
19299,59,0
19300,63,0
19301,63,0
19302,62,0
19303,62,0
19304,62,0
19305,62,0
19306,59,0
19307,59,0
19308,62,0
19309,62,0
19310,60,0
19311,62,0
19312,60,0
19313,60,0
19314,65,0
19315,59,0
19316,61,0
19317,63,0
19318,60,0
19319,62,0
19320,62,0
19321,60,0
19322,61,0
19323,63,0
19324,62,0
19325,60,0
19326,62,0
19327,62,0
19328,60,0
19329,63,0
19330,63,0
19331,61,0
19332,61,0
19333,59,0
19334,61,0
19335,62,0
19336,62,0
19337,64,0
19338,64,0
19339,62,0
19340,61,0
19341,61,0
19342,64,0
19343,62,0
19344,60,0
19345,60,0
19346,59,0
19347,63,0
19348,62,0
19349,64,0
19350,62,0
19351,63,0
19352,61,0
19353,62,0
19354,62,0
19355,62,0
19356,61,0
19357,59,0
19358,63,0
19359,63,0
19360,60,0
19361,60,0
19362,62,0
19363,64,0
19364,61,0
19365,63,0
19366,61,0
19367,62,0
19368,62,0
19369,62,0
19370,63,0
19371,63,0
19372,63,0
19373,61,0
19374,64,0
19375,62,0
19376,63,0
19377,61,0
19378,60,0
19379,62,0
19380,62,0
19381,60,0
19382,63,0
19383,63,0
19384,59,0
19385,59,0
19386,62,0
19387,62,0
19388,62,0
19389,61,0
19390,59,0
19391,64,0
19392,62,0
19393,60,0
19394,62,0
19395,61,0
19396,63,0
19397,62,0
19398,62,0
19399,62,0
19400,60,0
19401,59,0
19402,59,0
19403,61,0
19404,60,0
19405,60,0
19406,60,0
19407,63,0
19408,63,0
19409,61,0
19410,63,0
19411,63,0
19412,60,0
19413,60,0
19414,62,0
19415,61,0
19416,63,0
19417,62,0
19418,60,0
19419,62,0
19420,61,0
19421,61,0
19422,59,0
19423,61,0
19424,62,0
19425,62,0
19426,60,0
19427,62,0
19428,61,0
19429,63,0
19430,63,0
19431,63,0
19432,64,0
19433,62,0
19434,61,0
19435,61,0
19436,59,0
19437,61,0
19438,62,0
19439,60,0
19440,62,0
19441,64,0
19442,61,0
19443,61,0
19444,61,0
19445,63,0
19446,60,0
19447,62,0
19448,62,0
19449,87,0
19450,59,0
19451,60,0
19452,62,0
19453,62,0
19454,63,0
19455,61,0
19456,62,0
19457,62,0
19458,64,0
19459,62,0
19460,59,0
19461,61,0
19462,61,0
19463,63,0
19464,60,0
19465,60,0
19466,60,0
19467,65,0
19468,61,0
19469,59,0
19470,63,0
19471,59,0
19472,62,0
19473,60,0
19474,62,0
19475,63,0
19476,61,0
19477,59,0
19478,62,0
19479,60,0
19480,62,0
19481,62,0
19482,61,0
19483,60,0
19484,62,0
19485,64,0
19486,60,0
19487,61,0
19488,63,0
19489,60,0
19490,62,0
19491,62,0
19492,60,0
19493,61,0
19494,64,0
19495,60,0
19496,64,0
19497,60,0
19498,62,0
19499,61,0
19500,63,0
19501,61,0
19502,62,0
19503,60,0
19504,65,0
19505,59,0
19506,62,0
19507,62,0
19508,60,0
19509,60,0
19510,63,0
19511,61,0
19512,63,0
19513,62,0
19514,60,0
19515,60,0
19516,63,0
19517,61,0
19518,59,0
19519,62,0
19520,60,0
19521,62,0
19522,62,0
19523,62,0
19524,63,0
19525,60,0
19526,60,0
19527,62,0
19528,62,0
19529,60,0
19530,63,0
19531,61,0
19532,63,0
19533,59,0
19534,60,0
19535,60,0
19536,59,0
19537,61,0
19538,60,0
19539,64,0
19540,62,0
19541,61,0
19542,61,0
19543,61,0
19544,61,0
19545,62,0
19546,62,0
19547,62,0
19548,62,0
19549,59,0
19550,63,0
19551,65,0
19552,60,0
19553,62,0
19554,62,0
19555,62,0
19556,61,0
19557,61,0
19558,61,0
19559,62,0
19560,62,0
19561,60,0
19562,60,0
19563,61,0
19564,60,0
19565,62,0
19566,62,0
19567,61,0
19568,61,0
19569,63,0
19570,59,0
19571,60,0
19572,62,0
19573,62,0
19574,62,0
19575,62,0
19576,65,0
19577,59,0
19578,60,0
19579,62,0
19580,60,0
19581,60,0
19582,61,0
19583,59,0
19584,60,0
19585,60,0
19586,62,0
19587,61,0
19588,61,0
19589,63,0
19590,62,0
19591,63,0
19592,59,0
19593,63,0
19594,62,0
19595,60,0
19596,62,0
19597,63,0
19598,61,0
19599,62,0
19600,62,0
19601,62,0
19602,63,0
19603,61,0
19604,63,0
19605,64,0
19606,62,0
19607,60,0
19608,63,0
19609,61,0
19610,61,0
19611,64,0
19612,59,0
19613,61,0
19614,63,0
19615,59,0
19616,62,0
19617,62,0
19618,60,0
19619,64,0
19620,62,0
19621,61,0
19622,61,0
19623,63,0
19624,84,0
19625,63,0
19626,60,0
19627,62,0
19628,64,0
19629,62,0
19630,63,0
19631,62,0
19632,62,0
19633,62,0
19634,65,0
19635,59,0
19636,63,0
19637,59,0
19638,62,0
19639,62,0
19640,62,0
19641,61,0
19642,59,0
19643,59,0
19644,59,0
19645,59,0
19646,62,0
19647,62,0
19648,62,0
19649,61,0
19650,63,0
19651,61,0
19652,62,0
19653,62,0
19654,62,0
19655,62,0
19656,60,0
19657,61,0
19658,63,0
19659,61,0
19660,63,0
19661,62,0
19662,60,0
19663,60,0
19664,62,0
19665,65,0
19666,63,0
19667,59,0
19668,61,0
19669,60,0
19670,60,0
19671,62,0
19672,61,0
19673,61,0
19674,61,0
19675,62,0
19676,60,0
19677,60,0
19678,64,0
19679,63,0
19680,61,0
19681,63,0
19682,59,0
19683,62,0
19684,60,0
19685,60,0
19686,62,0
19687,60,0
19688,63,0
19689,63,0
19690,60,0
19691,62,0
19692,62,0
19693,62,0
19694,62,0
19695,59,0
19696,61,0
19697,63,0
19698,63,0
19699,60,0
19700,60,0
19701,61,0
19702,61,0
19703,63,0
19704,61,0
19705,60,0
19706,60,0
19707,63,0
19708,61,0
19709,62,0
19710,60,0
19711,65,0
19712,63,0
19713,60,0
19714,60,0
19715,60,0
19716,61,0
19717,61,0
19718,59,0
19719,62,0
19720,62,0
19721,60,0
19722,61,0
19723,61,0
19724,61,0
19725,60,0
19726,62,0
19727,62,0
19728,64,0
19729,63,0
19730,61,0
19731,62,0
19732,62,0
19733,63,0
19734,65,0
19735,62,0
19736,63,0
19737,61,0
19738,63,0
19739,62,0
19740,62,0
19741,63,0
19742,61,0
19743,61,0
19744,60,0
19745,64,0
19746,60,0
19747,62,0
19748,59,0
19749,63,0
19750,62,0
19751,62,0
19752,60,0
19753,62,0
19754,63,0
19755,61,0
19756,63,0
19757,62,0
19758,62,0
19759,62,0
19760,62,0
19761,62,0
19762,61,0
19763,65,0
19764,59,0
19765,60,0
19766,60,0
19767,60,0
19768,60,0
19769,60,0
19770,62,0
19771,63,0
19772,63,0
19773,62,0
19774,60,0
19775,60,0
19776,62,0
19777,63,0
19778,59,0
19779,61,0
19780,61,0
19781,60,0
19782,60,0
19783,62,0
19784,61,0
19785,63,0
19786,59,0
19787,60,0
19788,62,0
19789,60,0
19790,62,0
19791,62,0
19792,61,0
19793,59,0
19794,61,0
19795,61,0
19796,60,0
19797,62,0
19798,63,0
19799,61,0
19800,59,0
19801,61,0
19802,62,0
19803,60,0
19804,62,0
19805,62,0
19806,60,0
19807,61,0
19808,59,0
19809,60,0
19810,64,0
19811,60,0
19812,62,0
19813,61,0
19814,59,0
19815,59,0
19816,62,0
19817,64,0
19818,62,0
19819,60,0
19820,62,0
19821,61,0
19822,61,0
19823,61,0
19824,62,0
19825,62,0
19826,62,0
19827,62,0
19828,60,0
19829,59,0
19830,61,0
19831,61,0
19832,63,0
19833,63,0
19834,60,0
19835,60,0
19836,62,0
19837,62,0
19838,65,0
19839,61,0
19840,61,0
19841,60,0
19842,62,0
19843,62,0
19844,64,0
19845,60,0
19846,62,0
19847,61,0
19848,61,0
19849,61,0
19850,64,0
19851,62,0
19852,60,0
19853,61,0
19854,61,0
19855,63,0
19856,62,0
19857,62,0
19858,62,0
19859,61,0
19860,59,0
19861,62,0
19862,62,0
19863,60,0
19864,60,0
19865,60,0
19866,61,0
19867,63,0
19868,63,0
19869,65,0
19870,65,0
19871,62,0
19872,62,0
19873,62,0
19874,62,0
19875,61,0
19876,61,0
19877,61,0
19878,63,0
19879,60,0
19880,62,0
19881,62,0
19882,63,0
19883,63,0
19884,59,0
19885,63,0
19886,59,0
19887,62,0
19888,61,0
19889,59,0
19890,59,0
19891,62,0
19892,62,0
19893,60,0
19894,62,0
19895,60,0
19896,62,0
19897,62,0
19898,62,0
19899,63,0
19900,63,0
19901,60,0
19902,62,0
19903,62,0
19904,62,0
19905,59,0
19906,63,0
19907,60,0
19908,60,0
19909,62,0
19910,61,0
19911,63,0
19912,62,0
19913,60,0
19914,62,0
19915,60,0
19916,59,0
19917,59,0
19918,61,0
19919,62,0
19920,62,0
19921,61,0
19922,61,0
19923,61,0
19924,63,0
19925,59,0
19926,61,0
19927,83,0
19928,80,0
19929,62,0
19930,63,0
19931,82,0
19932,81,0
19933,63,0
19934,62,0
19935,63,0
19936,61,0
19937,61,0
19938,61,0
19939,63,0
19940,62,0
19941,62,0
19942,64,0
19943,61,0
19944,63,0
19945,63,0
19946,63,0
19947,59,0
19948,62,0
19949,62,0
19950,64,0
19951,60,0
19952,63,0
19953,61,0
19954,61,0
19955,61,0
19956,59,0
19957,62,0
19958,60,0
19959,65,0
19960,63,0
19961,60,0
19962,62,0
19963,60,0
19964,62,0
19965,61,0
19966,59,0
19967,60,0
19968,64,0
19969,64,0
19970,61,0
19971,63,0
19972,60,0
19973,62,0
19974,60,0
19975,62,0
19976,61,0
19977,61,0
19978,63,0
19979,61,0
19980,60,0
19981,60,0
19982,62,0
19983,59,0
19984,61,0
19985,61,0
19986,61,0
19987,62,0
19988,62,0
19989,62,0
19990,59,0
19991,61,0
19992,62,0
19993,62,0
19994,62,0
19995,61,0
19996,59,0
19997,62,0
19998,62,0
19999,61,0
