
build/artemisia/associativity_pmu:     file format elf64-x86-64


Disassembly of section .init:

0000000000402000 <_init>:
  402000:	f3 0f 1e fa          	endbr64 
  402004:	48 83 ec 08          	sub    rsp,0x8
  402008:	48 8b 05 e1 cf 00 00 	mov    rax,QWORD PTR [rip+0xcfe1]        # 40eff0 <__gmon_start__>
  40200f:	48 85 c0             	test   rax,rax
  402012:	74 02                	je     402016 <_init+0x16>
  402014:	ff d0                	call   rax
  402016:	48 83 c4 08          	add    rsp,0x8
  40201a:	c3                   	ret    

Disassembly of section .plt:

0000000000402020 <.plt>:
  402020:	ff 35 e2 cf 00 00    	push   QWORD PTR [rip+0xcfe2]        # 40f008 <_GLOBAL_OFFSET_TABLE_+0x8>
  402026:	ff 25 e4 cf 00 00    	jmp    QWORD PTR [rip+0xcfe4]        # 40f010 <_GLOBAL_OFFSET_TABLE_+0x10>
  40202c:	0f 1f 40 00          	nop    DWORD PTR [rax+0x0]

0000000000402030 <_ZNSt7__cxx1112basic_stringIcSt11char_traitsIcESaIcEEaSERKS4_@plt>:
  402030:	ff 25 e2 cf 00 00    	jmp    QWORD PTR [rip+0xcfe2]        # 40f018 <_ZNSt7__cxx1112basic_stringIcSt11char_traitsIcESaIcEEaSERKS4_@GLIBCXX_3.4.21>
  402036:	68 00 00 00 00       	push   0x0
  40203b:	e9 e0 ff ff ff       	jmp    402020 <.plt>

0000000000402040 <__errno_location@plt>:
  402040:	ff 25 da cf 00 00    	jmp    QWORD PTR [rip+0xcfda]        # 40f020 <__errno_location@GLIBC_2.2.5>
  402046:	68 01 00 00 00       	push   0x1
  40204b:	e9 d0 ff ff ff       	jmp    402020 <.plt>

0000000000402050 <syscall@plt>:
  402050:	ff 25 d2 cf 00 00    	jmp    QWORD PTR [rip+0xcfd2]        # 40f028 <syscall@GLIBC_2.2.5>
  402056:	68 02 00 00 00       	push   0x2
  40205b:	e9 c0 ff ff ff       	jmp    402020 <.plt>

0000000000402060 <_ZNSolsEm@plt>:
  402060:	ff 25 ca cf 00 00    	jmp    QWORD PTR [rip+0xcfca]        # 40f030 <_ZNSolsEm@GLIBCXX_3.4>
  402066:	68 03 00 00 00       	push   0x3
  40206b:	e9 b0 ff ff ff       	jmp    402020 <.plt>

0000000000402070 <_ZNKSt7__cxx1112basic_stringIcSt11char_traitsIcESaIcEE7compareEPKc@plt>:
  402070:	ff 25 c2 cf 00 00    	jmp    QWORD PTR [rip+0xcfc2]        # 40f038 <_ZNKSt7__cxx1112basic_stringIcSt11char_traitsIcESaIcEE7compareEPKc@GLIBCXX_3.4.21>
  402076:	68 04 00 00 00       	push   0x4
  40207b:	e9 a0 ff ff ff       	jmp    402020 <.plt>

0000000000402080 <strtoul@plt>:
  402080:	ff 25 ba cf 00 00    	jmp    QWORD PTR [rip+0xcfba]        # 40f040 <strtoul@GLIBC_2.2.5>
  402086:	68 05 00 00 00       	push   0x5
  40208b:	e9 90 ff ff ff       	jmp    402020 <.plt>

0000000000402090 <strerror@plt>:
  402090:	ff 25 b2 cf 00 00    	jmp    QWORD PTR [rip+0xcfb2]        # 40f048 <strerror@GLIBC_2.2.5>
  402096:	68 06 00 00 00       	push   0x6
  40209b:	e9 80 ff ff ff       	jmp    402020 <.plt>

00000000004020a0 <_ZSt17__throw_bad_allocv@plt>:
  4020a0:	ff 25 aa cf 00 00    	jmp    QWORD PTR [rip+0xcfaa]        # 40f050 <_ZSt17__throw_bad_allocv@GLIBCXX_3.4>
  4020a6:	68 07 00 00 00       	push   0x7
  4020ab:	e9 70 ff ff ff       	jmp    402020 <.plt>

00000000004020b0 <__cxa_begin_catch@plt>:
  4020b0:	ff 25 a2 cf 00 00    	jmp    QWORD PTR [rip+0xcfa2]        # 40f058 <__cxa_begin_catch@CXXABI_1.3>
  4020b6:	68 08 00 00 00       	push   0x8
  4020bb:	e9 60 ff ff ff       	jmp    402020 <.plt>

00000000004020c0 <_ZNKSt7__cxx1112basic_stringIcSt11char_traitsIcESaIcEE5c_strEv@plt>:
  4020c0:	ff 25 9a cf 00 00    	jmp    QWORD PTR [rip+0xcf9a]        # 40f060 <_ZNKSt7__cxx1112basic_stringIcSt11char_traitsIcESaIcEE5c_strEv@GLIBCXX_3.4.21>
  4020c6:	68 09 00 00 00       	push   0x9
  4020cb:	e9 50 ff ff ff       	jmp    402020 <.plt>

00000000004020d0 <strncmp@plt>:
  4020d0:	ff 25 92 cf 00 00    	jmp    QWORD PTR [rip+0xcf92]        # 40f068 <strncmp@GLIBC_2.2.5>
  4020d6:	68 0a 00 00 00       	push   0xa
  4020db:	e9 40 ff ff ff       	jmp    402020 <.plt>

00000000004020e0 <_ZNSt14basic_ofstreamIcSt11char_traitsIcEE4openERKNSt7__cxx1112basic_stringIcS1_SaIcEEESt13_Ios_Openmode@plt>:
  4020e0:	ff 25 8a cf 00 00    	jmp    QWORD PTR [rip+0xcf8a]        # 40f070 <_ZNSt14basic_ofstreamIcSt11char_traitsIcEE4openERKNSt7__cxx1112basic_stringIcS1_SaIcEEESt13_Ios_Openmode@GLIBCXX_3.4.21>
  4020e6:	68 0b 00 00 00       	push   0xb
  4020eb:	e9 30 ff ff ff       	jmp    402020 <.plt>

00000000004020f0 <_ZSt20__throw_length_errorPKc@plt>:
  4020f0:	ff 25 82 cf 00 00    	jmp    QWORD PTR [rip+0xcf82]        # 40f078 <_ZSt20__throw_length_errorPKc@GLIBCXX_3.4>
  4020f6:	68 0c 00 00 00       	push   0xc
  4020fb:	e9 20 ff ff ff       	jmp    402020 <.plt>

0000000000402100 <getrusage@plt>:
  402100:	ff 25 7a cf 00 00    	jmp    QWORD PTR [rip+0xcf7a]        # 40f080 <getrusage@GLIBC_2.2.5>
  402106:	68 0d 00 00 00       	push   0xd
  40210b:	e9 10 ff ff ff       	jmp    402020 <.plt>

0000000000402110 <munmap@plt>:
  402110:	ff 25 72 cf 00 00    	jmp    QWORD PTR [rip+0xcf72]        # 40f088 <munmap@GLIBC_2.2.5>
  402116:	68 0e 00 00 00       	push   0xe
  40211b:	e9 00 ff ff ff       	jmp    402020 <.plt>

0000000000402120 <_ZSt24__throw_invalid_argumentPKc@plt>:
  402120:	ff 25 6a cf 00 00    	jmp    QWORD PTR [rip+0xcf6a]        # 40f090 <_ZSt24__throw_invalid_argumentPKc@GLIBCXX_3.4>
  402126:	68 0f 00 00 00       	push   0xf
  40212b:	e9 f0 fe ff ff       	jmp    402020 <.plt>

0000000000402130 <_ZNSt7__cxx1112basic_stringIcSt11char_traitsIcESaIcEED1Ev@plt>:
  402130:	ff 25 62 cf 00 00    	jmp    QWORD PTR [rip+0xcf62]        # 40f098 <_ZNSt7__cxx1112basic_stringIcSt11char_traitsIcESaIcEED1Ev@GLIBCXX_3.4.21>
  402136:	68 10 00 00 00       	push   0x10
  40213b:	e9 e0 fe ff ff       	jmp    402020 <.plt>

0000000000402140 <_ZNKSt7__cxx1112basic_stringIcSt11char_traitsIcESaIcEE4sizeEv@plt>:
  402140:	ff 25 5a cf 00 00    	jmp    QWORD PTR [rip+0xcf5a]        # 40f0a0 <_ZNKSt7__cxx1112basic_stringIcSt11char_traitsIcESaIcEE4sizeEv@GLIBCXX_3.4.21>
  402146:	68 11 00 00 00       	push   0x11
  40214b:	e9 d0 fe ff ff       	jmp    402020 <.plt>

0000000000402150 <_ZSt28__throw_bad_array_new_lengthv@plt>:
  402150:	ff 25 52 cf 00 00    	jmp    QWORD PTR [rip+0xcf52]        # 40f0a8 <_ZSt28__throw_bad_array_new_lengthv@GLIBCXX_3.4.29>
  402156:	68 12 00 00 00       	push   0x12
  40215b:	e9 c0 fe ff ff       	jmp    402020 <.plt>

0000000000402160 <perror@plt>:
  402160:	ff 25 4a cf 00 00    	jmp    QWORD PTR [rip+0xcf4a]        # 40f0b0 <perror@GLIBC_2.2.5>
  402166:	68 13 00 00 00       	push   0x13
  40216b:	e9 b0 fe ff ff       	jmp    402020 <.plt>

0000000000402170 <__cxa_atexit@plt>:
  402170:	ff 25 42 cf 00 00    	jmp    QWORD PTR [rip+0xcf42]        # 40f0b8 <__cxa_atexit@GLIBC_2.2.5>
  402176:	68 14 00 00 00       	push   0x14
  40217b:	e9 a0 fe ff ff       	jmp    402020 <.plt>

0000000000402180 <_ZStlsIcSt11char_traitsIcESaIcEERSt13basic_ostreamIT_T0_ES7_RKNSt7__cxx1112basic_stringIS4_S5_T1_EE@plt>:
  402180:	ff 25 3a cf 00 00    	jmp    QWORD PTR [rip+0xcf3a]        # 40f0c0 <_ZStlsIcSt11char_traitsIcESaIcEERSt13basic_ostreamIT_T0_ES7_RKNSt7__cxx1112basic_stringIS4_S5_T1_EE@GLIBCXX_3.4.21>
  402186:	68 15 00 00 00       	push   0x15
  40218b:	e9 90 fe ff ff       	jmp    402020 <.plt>

0000000000402190 <_ZdlPv@plt>:
  402190:	ff 25 32 cf 00 00    	jmp    QWORD PTR [rip+0xcf32]        # 40f0c8 <_ZdlPv@GLIBCXX_3.4>
  402196:	68 16 00 00 00       	push   0x16
  40219b:	e9 80 fe ff ff       	jmp    402020 <.plt>

00000000004021a0 <__isoc99_sscanf@plt>:
  4021a0:	ff 25 2a cf 00 00    	jmp    QWORD PTR [rip+0xcf2a]        # 40f0d0 <__isoc99_sscanf@GLIBC_2.7>
  4021a6:	68 17 00 00 00       	push   0x17
  4021ab:	e9 70 fe ff ff       	jmp    402020 <.plt>

00000000004021b0 <_ZStlsISt11char_traitsIcEERSt13basic_ostreamIcT_ES5_PKc@plt>:
  4021b0:	ff 25 22 cf 00 00    	jmp    QWORD PTR [rip+0xcf22]        # 40f0d8 <_ZStlsISt11char_traitsIcEERSt13basic_ostreamIcT_ES5_PKc@GLIBCXX_3.4>
  4021b6:	68 18 00 00 00       	push   0x18
  4021bb:	e9 60 fe ff ff       	jmp    402020 <.plt>

00000000004021c0 <fclose@plt>:
  4021c0:	ff 25 1a cf 00 00    	jmp    QWORD PTR [rip+0xcf1a]        # 40f0e0 <fclose@GLIBC_2.2.5>
  4021c6:	68 19 00 00 00       	push   0x19
  4021cb:	e9 50 fe ff ff       	jmp    402020 <.plt>

00000000004021d0 <_Znwm@plt>:
  4021d0:	ff 25 12 cf 00 00    	jmp    QWORD PTR [rip+0xcf12]        # 40f0e8 <_Znwm@GLIBCXX_3.4>
  4021d6:	68 1a 00 00 00       	push   0x1a
  4021db:	e9 40 fe ff ff       	jmp    402020 <.plt>

00000000004021e0 <_ZNKSt7__cxx1112basic_stringIcSt11char_traitsIcESaIcEE6substrEmm@plt>:
  4021e0:	ff 25 0a cf 00 00    	jmp    QWORD PTR [rip+0xcf0a]        # 40f0f0 <_ZNKSt7__cxx1112basic_stringIcSt11char_traitsIcESaIcEE6substrEmm@GLIBCXX_3.4.21>
  4021e6:	68 1b 00 00 00       	push   0x1b
  4021eb:	e9 30 fe ff ff       	jmp    402020 <.plt>

00000000004021f0 <_ZNSaIcED1Ev@plt>:
  4021f0:	ff 25 02 cf 00 00    	jmp    QWORD PTR [rip+0xcf02]        # 40f0f8 <_ZNSaIcED1Ev@GLIBCXX_3.4>
  4021f6:	68 1c 00 00 00       	push   0x1c
  4021fb:	e9 20 fe ff ff       	jmp    402020 <.plt>

0000000000402200 <fputs@plt>:
  402200:	ff 25 fa ce 00 00    	jmp    QWORD PTR [rip+0xcefa]        # 40f100 <fputs@GLIBC_2.2.5>
  402206:	68 1d 00 00 00       	push   0x1d
  40220b:	e9 10 fe ff ff       	jmp    402020 <.plt>

0000000000402210 <fopen@plt>:
  402210:	ff 25 f2 ce 00 00    	jmp    QWORD PTR [rip+0xcef2]        # 40f108 <fopen@GLIBC_2.2.5>
  402216:	68 1e 00 00 00       	push   0x1e
  40221b:	e9 00 fe ff ff       	jmp    402020 <.plt>

0000000000402220 <madvise@plt>:
  402220:	ff 25 ea ce 00 00    	jmp    QWORD PTR [rip+0xceea]        # 40f110 <madvise@GLIBC_2.2.5>
  402226:	68 1f 00 00 00       	push   0x1f
  40222b:	e9 f0 fd ff ff       	jmp    402020 <.plt>

0000000000402230 <exit@plt>:
  402230:	ff 25 e2 ce 00 00    	jmp    QWORD PTR [rip+0xcee2]        # 40f118 <exit@GLIBC_2.2.5>
  402236:	68 20 00 00 00       	push   0x20
  40223b:	e9 e0 fd ff ff       	jmp    402020 <.plt>

0000000000402240 <_ZNKSt7__cxx1112basic_stringIcSt11char_traitsIcESaIcEE4findEcm@plt>:
  402240:	ff 25 da ce 00 00    	jmp    QWORD PTR [rip+0xceda]        # 40f120 <_ZNKSt7__cxx1112basic_stringIcSt11char_traitsIcESaIcEE4findEcm@GLIBCXX_3.4.21>
  402246:	68 21 00 00 00       	push   0x21
  40224b:	e9 d0 fd ff ff       	jmp    402020 <.plt>

0000000000402250 <strtoull@plt>:
  402250:	ff 25 d2 ce 00 00    	jmp    QWORD PTR [rip+0xced2]        # 40f128 <strtoull@GLIBC_2.2.5>
  402256:	68 22 00 00 00       	push   0x22
  40225b:	e9 c0 fd ff ff       	jmp    402020 <.plt>

0000000000402260 <_ZNSt7__cxx1112basic_stringIcSt11char_traitsIcESaIcEEaSEPKc@plt>:
  402260:	ff 25 ca ce 00 00    	jmp    QWORD PTR [rip+0xceca]        # 40f130 <_ZNSt7__cxx1112basic_stringIcSt11char_traitsIcESaIcEEaSEPKc@GLIBCXX_3.4.21>
  402266:	68 23 00 00 00       	push   0x23
  40226b:	e9 b0 fd ff ff       	jmp    402020 <.plt>

0000000000402270 <_ZNSt7__cxx1112basic_stringIcSt11char_traitsIcESaIcEEC1EPKcRKS3_@plt>:
  402270:	ff 25 c2 ce 00 00    	jmp    QWORD PTR [rip+0xcec2]        # 40f138 <_ZNSt7__cxx1112basic_stringIcSt11char_traitsIcESaIcEEC1EPKcRKS3_@GLIBCXX_3.4.21>
  402276:	68 24 00 00 00       	push   0x24
  40227b:	e9 a0 fd ff ff       	jmp    402020 <.plt>

0000000000402280 <sched_getcpu@plt>:
  402280:	ff 25 ba ce 00 00    	jmp    QWORD PTR [rip+0xceba]        # 40f140 <sched_getcpu@GLIBC_2.6>
  402286:	68 25 00 00 00       	push   0x25
  40228b:	e9 90 fd ff ff       	jmp    402020 <.plt>

0000000000402290 <_ZNSt7__cxx1112basic_stringIcSt11char_traitsIcESaIcEEC1Ev@plt>:
  402290:	ff 25 b2 ce 00 00    	jmp    QWORD PTR [rip+0xceb2]        # 40f148 <_ZNSt7__cxx1112basic_stringIcSt11char_traitsIcESaIcEEC1Ev@GLIBCXX_3.4.21>
  402296:	68 26 00 00 00       	push   0x26
  40229b:	e9 80 fd ff ff       	jmp    402020 <.plt>

00000000004022a0 <ioctl@plt>:
  4022a0:	ff 25 aa ce 00 00    	jmp    QWORD PTR [rip+0xceaa]        # 40f150 <ioctl@GLIBC_2.2.5>
  4022a6:	68 27 00 00 00       	push   0x27
  4022ab:	e9 70 fd ff ff       	jmp    402020 <.plt>

00000000004022b0 <_ZNSt14basic_ofstreamIcSt11char_traitsIcEE5closeEv@plt>:
  4022b0:	ff 25 a2 ce 00 00    	jmp    QWORD PTR [rip+0xcea2]        # 40f158 <_ZNSt14basic_ofstreamIcSt11char_traitsIcEE5closeEv@GLIBCXX_3.4>
  4022b6:	68 28 00 00 00       	push   0x28
  4022bb:	e9 60 fd ff ff       	jmp    402020 <.plt>

00000000004022c0 <fprintf@plt>:
  4022c0:	ff 25 9a ce 00 00    	jmp    QWORD PTR [rip+0xce9a]        # 40f160 <fprintf@GLIBC_2.2.5>
  4022c6:	68 29 00 00 00       	push   0x29
  4022cb:	e9 50 fd ff ff       	jmp    402020 <.plt>

00000000004022d0 <read@plt>:
  4022d0:	ff 25 92 ce 00 00    	jmp    QWORD PTR [rip+0xce92]        # 40f168 <read@GLIBC_2.2.5>
  4022d6:	68 2a 00 00 00       	push   0x2a
  4022db:	e9 40 fd ff ff       	jmp    402020 <.plt>

00000000004022e0 <_ZSt20__throw_out_of_rangePKc@plt>:
  4022e0:	ff 25 8a ce 00 00    	jmp    QWORD PTR [rip+0xce8a]        # 40f170 <_ZSt20__throw_out_of_rangePKc@GLIBCXX_3.4>
  4022e6:	68 2b 00 00 00       	push   0x2b
  4022eb:	e9 30 fd ff ff       	jmp    402020 <.plt>

00000000004022f0 <__cxa_rethrow@plt>:
  4022f0:	ff 25 82 ce 00 00    	jmp    QWORD PTR [rip+0xce82]        # 40f178 <__cxa_rethrow@CXXABI_1.3>
  4022f6:	68 2c 00 00 00       	push   0x2c
  4022fb:	e9 20 fd ff ff       	jmp    402020 <.plt>

0000000000402300 <_ZNSt14basic_ofstreamIcSt11char_traitsIcEED1Ev@plt>:
  402300:	ff 25 7a ce 00 00    	jmp    QWORD PTR [rip+0xce7a]        # 40f180 <_ZNSt14basic_ofstreamIcSt11char_traitsIcEED1Ev@GLIBCXX_3.4>
  402306:	68 2d 00 00 00       	push   0x2d
  40230b:	e9 10 fd ff ff       	jmp    402020 <.plt>

0000000000402310 <_ZNSt8ios_base4InitC1Ev@plt>:
  402310:	ff 25 72 ce 00 00    	jmp    QWORD PTR [rip+0xce72]        # 40f188 <_ZNSt8ios_base4InitC1Ev@GLIBCXX_3.4>
  402316:	68 2e 00 00 00       	push   0x2e
  40231b:	e9 00 fd ff ff       	jmp    402020 <.plt>

0000000000402320 <fgets@plt>:
  402320:	ff 25 6a ce 00 00    	jmp    QWORD PTR [rip+0xce6a]        # 40f190 <fgets@GLIBC_2.2.5>
  402326:	68 2f 00 00 00       	push   0x2f
  40232b:	e9 f0 fc ff ff       	jmp    402020 <.plt>

0000000000402330 <memmove@plt>:
  402330:	ff 25 62 ce 00 00    	jmp    QWORD PTR [rip+0xce62]        # 40f198 <memmove@GLIBC_2.2.5>
  402336:	68 30 00 00 00       	push   0x30
  40233b:	e9 e0 fc ff ff       	jmp    402020 <.plt>

0000000000402340 <__cxa_end_catch@plt>:
  402340:	ff 25 5a ce 00 00    	jmp    QWORD PTR [rip+0xce5a]        # 40f1a0 <__cxa_end_catch@CXXABI_1.3>
  402346:	68 31 00 00 00       	push   0x31
  40234b:	e9 d0 fc ff ff       	jmp    402020 <.plt>

0000000000402350 <__gxx_personality_v0@plt>:
  402350:	ff 25 52 ce 00 00    	jmp    QWORD PTR [rip+0xce52]        # 40f1a8 <__gxx_personality_v0@CXXABI_1.3>
  402356:	68 32 00 00 00       	push   0x32
  40235b:	e9 c0 fc ff ff       	jmp    402020 <.plt>

0000000000402360 <_ZNKSt7__cxx1112basic_stringIcSt11char_traitsIcESaIcEE5emptyEv@plt>:
  402360:	ff 25 4a ce 00 00    	jmp    QWORD PTR [rip+0xce4a]        # 40f1b0 <_ZNKSt7__cxx1112basic_stringIcSt11char_traitsIcESaIcEE5emptyEv@GLIBCXX_3.4.21>
  402366:	68 33 00 00 00       	push   0x33
  40236b:	e9 b0 fc ff ff       	jmp    402020 <.plt>

0000000000402370 <_ZNSt14basic_ofstreamIcSt11char_traitsIcEEC1Ev@plt>:
  402370:	ff 25 42 ce 00 00    	jmp    QWORD PTR [rip+0xce42]        # 40f1b8 <_ZNSt14basic_ofstreamIcSt11char_traitsIcEEC1Ev@GLIBCXX_3.4>
  402376:	68 34 00 00 00       	push   0x34
  40237b:	e9 a0 fc ff ff       	jmp    402020 <.plt>

0000000000402380 <_ZNSolsEi@plt>:
  402380:	ff 25 3a ce 00 00    	jmp    QWORD PTR [rip+0xce3a]        # 40f1c0 <_ZNSolsEi@GLIBCXX_3.4>
  402386:	68 35 00 00 00       	push   0x35
  40238b:	e9 90 fc ff ff       	jmp    402020 <.plt>

0000000000402390 <_Unwind_Resume@plt>:
  402390:	ff 25 32 ce 00 00    	jmp    QWORD PTR [rip+0xce32]        # 40f1c8 <_Unwind_Resume@GCC_3.0>
  402396:	68 36 00 00 00       	push   0x36
  40239b:	e9 80 fc ff ff       	jmp    402020 <.plt>

00000000004023a0 <_ZNSaIcEC1Ev@plt>:
  4023a0:	ff 25 2a ce 00 00    	jmp    QWORD PTR [rip+0xce2a]        # 40f1d0 <_ZNSaIcEC1Ev@GLIBCXX_3.4>
  4023a6:	68 37 00 00 00       	push   0x37
  4023ab:	e9 70 fc ff ff       	jmp    402020 <.plt>

00000000004023b0 <mmap@plt>:
  4023b0:	ff 25 22 ce 00 00    	jmp    QWORD PTR [rip+0xce22]        # 40f1d8 <mmap@GLIBC_2.2.5>
  4023b6:	68 38 00 00 00       	push   0x38
  4023bb:	e9 60 fc ff ff       	jmp    402020 <.plt>

00000000004023c0 <_ZNSolsEd@plt>:
  4023c0:	ff 25 1a ce 00 00    	jmp    QWORD PTR [rip+0xce1a]        # 40f1e0 <_ZNSolsEd@GLIBCXX_3.4>
  4023c6:	68 39 00 00 00       	push   0x39
  4023cb:	e9 50 fc ff ff       	jmp    402020 <.plt>

00000000004023d0 <_ZNSt14basic_ofstreamIcSt11char_traitsIcEEC1ERKNSt7__cxx1112basic_stringIcS1_SaIcEEESt13_Ios_Openmode@plt>:
  4023d0:	ff 25 12 ce 00 00    	jmp    QWORD PTR [rip+0xce12]        # 40f1e8 <_ZNSt14basic_ofstreamIcSt11char_traitsIcEEC1ERKNSt7__cxx1112basic_stringIcS1_SaIcEEESt13_Ios_Openmode@GLIBCXX_3.4.21>
  4023d6:	68 3a 00 00 00       	push   0x3a
  4023db:	e9 40 fc ff ff       	jmp    402020 <.plt>

00000000004023e0 <fwrite@plt>:
  4023e0:	ff 25 0a ce 00 00    	jmp    QWORD PTR [rip+0xce0a]        # 40f1f0 <fwrite@GLIBC_2.2.5>
  4023e6:	68 3b 00 00 00       	push   0x3b
  4023eb:	e9 30 fc ff ff       	jmp    402020 <.plt>

00000000004023f0 <close@plt>:
  4023f0:	ff 25 02 ce 00 00    	jmp    QWORD PTR [rip+0xce02]        # 40f1f8 <close@GLIBC_2.2.5>
  4023f6:	68 3c 00 00 00       	push   0x3c
  4023fb:	e9 20 fc ff ff       	jmp    402020 <.plt>

0000000000402400 <_ZNSt8ios_base4InitD1Ev@plt>:
  402400:	ff 25 fa cd 00 00    	jmp    QWORD PTR [rip+0xcdfa]        # 40f200 <_ZNSt8ios_base4InitD1Ev@GLIBCXX_3.4>
  402406:	68 3d 00 00 00       	push   0x3d
  40240b:	e9 10 fc ff ff       	jmp    402020 <.plt>

Disassembly of section .text:

0000000000402410 <_start>:
  402410:	f3 0f 1e fa          	endbr64 
  402414:	31 ed                	xor    ebp,ebp
  402416:	49 89 d1             	mov    r9,rdx
  402419:	5e                   	pop    rsi
  40241a:	48 89 e2             	mov    rdx,rsp
  40241d:	48 83 e4 f0          	and    rsp,0xfffffffffffffff0
  402421:	50                   	push   rax
  402422:	54                   	push   rsp
  402423:	45 31 c0             	xor    r8d,r8d
  402426:	31 c9                	xor    ecx,ecx
  402428:	48 c7 c7 10 49 40 00 	mov    rdi,0x404910
  40242f:	ff 15 ab cb 00 00    	call   QWORD PTR [rip+0xcbab]        # 40efe0 <__libc_start_main@GLIBC_2.34>
  402435:	f4                   	hlt    
  402436:	66 2e 0f 1f 84 00 00 	nop    WORD PTR cs:[rax+rax*1+0x0]
  40243d:	00 00 00 

0000000000402440 <_dl_relocate_static_pie>:
  402440:	f3 0f 1e fa          	endbr64 
  402444:	c3                   	ret    
  402445:	66 2e 0f 1f 84 00 00 	nop    WORD PTR cs:[rax+rax*1+0x0]
  40244c:	00 00 00 
  40244f:	90                   	nop

0000000000402450 <deregister_tm_clones>:
  402450:	48 8d 3d b9 cd 00 00 	lea    rdi,[rip+0xcdb9]        # 40f210 <__TMC_END__>
  402457:	48 8d 05 b2 cd 00 00 	lea    rax,[rip+0xcdb2]        # 40f210 <__TMC_END__>
  40245e:	48 39 f8             	cmp    rax,rdi
  402461:	74 15                	je     402478 <deregister_tm_clones+0x28>
  402463:	48 8b 05 7e cb 00 00 	mov    rax,QWORD PTR [rip+0xcb7e]        # 40efe8 <_ITM_deregisterTMCloneTable>
  40246a:	48 85 c0             	test   rax,rax
  40246d:	74 09                	je     402478 <deregister_tm_clones+0x28>
  40246f:	ff e0                	jmp    rax
  402471:	0f 1f 80 00 00 00 00 	nop    DWORD PTR [rax+0x0]
  402478:	c3                   	ret    
  402479:	0f 1f 80 00 00 00 00 	nop    DWORD PTR [rax+0x0]

0000000000402480 <register_tm_clones>:
  402480:	48 8d 3d 89 cd 00 00 	lea    rdi,[rip+0xcd89]        # 40f210 <__TMC_END__>
  402487:	48 8d 35 82 cd 00 00 	lea    rsi,[rip+0xcd82]        # 40f210 <__TMC_END__>
  40248e:	48 29 fe             	sub    rsi,rdi
  402491:	48 89 f0             	mov    rax,rsi
  402494:	48 c1 ee 3f          	shr    rsi,0x3f
  402498:	48 c1 f8 03          	sar    rax,0x3
  40249c:	48 01 c6             	add    rsi,rax
  40249f:	48 d1 fe             	sar    rsi,1
  4024a2:	74 14                	je     4024b8 <register_tm_clones+0x38>
  4024a4:	48 8b 05 4d cb 00 00 	mov    rax,QWORD PTR [rip+0xcb4d]        # 40eff8 <_ITM_registerTMCloneTable>
  4024ab:	48 85 c0             	test   rax,rax
  4024ae:	74 08                	je     4024b8 <register_tm_clones+0x38>
  4024b0:	ff e0                	jmp    rax
  4024b2:	66 0f 1f 44 00 00    	nop    WORD PTR [rax+rax*1+0x0]
  4024b8:	c3                   	ret    
  4024b9:	0f 1f 80 00 00 00 00 	nop    DWORD PTR [rax+0x0]

00000000004024c0 <__do_global_dtors_aux>:
  4024c0:	f3 0f 1e fa          	endbr64 
  4024c4:	80 3d 85 ce 00 00 00 	cmp    BYTE PTR [rip+0xce85],0x0        # 40f350 <completed.0>
  4024cb:	75 13                	jne    4024e0 <__do_global_dtors_aux+0x20>
  4024cd:	55                   	push   rbp
  4024ce:	48 89 e5             	mov    rbp,rsp
  4024d1:	e8 7a ff ff ff       	call   402450 <deregister_tm_clones>
  4024d6:	c6 05 73 ce 00 00 01 	mov    BYTE PTR [rip+0xce73],0x1        # 40f350 <completed.0>
  4024dd:	5d                   	pop    rbp
  4024de:	c3                   	ret    
  4024df:	90                   	nop
  4024e0:	c3                   	ret    
  4024e1:	66 66 2e 0f 1f 84 00 	data16 nop WORD PTR cs:[rax+rax*1+0x0]
  4024e8:	00 00 00 00 
  4024ec:	0f 1f 40 00          	nop    DWORD PTR [rax+0x0]

00000000004024f0 <frame_dummy>:
  4024f0:	f3 0f 1e fa          	endbr64 
  4024f4:	eb 8a                	jmp    402480 <register_tm_clones>

00000000004024f6 <_ZL11timer_startv>:
  4024f6:	55                   	push   rbp
  4024f7:	48 89 e5             	mov    rbp,rsp
  4024fa:	0f ae e8             	lfence 
  4024fd:	90                   	nop
  4024fe:	0f 31                	rdtsc  
  402500:	48 c1 e2 20          	shl    rdx,0x20
  402504:	48 09 d0             	or     rax,rdx
  402507:	90                   	nop
  402508:	48 89 45 f8          	mov    QWORD PTR [rbp-0x8],rax
  40250c:	0f ae e8             	lfence 
  40250f:	90                   	nop
  402510:	48 8b 45 f8          	mov    rax,QWORD PTR [rbp-0x8]
  402514:	5d                   	pop    rbp
  402515:	c3                   	ret    

0000000000402516 <_ZL10timer_stopv>:
  402516:	55                   	push   rbp
  402517:	48 89 e5             	mov    rbp,rsp
  40251a:	0f ae e8             	lfence 
  40251d:	90                   	nop
  40251e:	48 8d 45 ec          	lea    rax,[rbp-0x14]
  402522:	48 89 45 f0          	mov    QWORD PTR [rbp-0x10],rax
  402526:	0f 01 f9             	rdtscp 
  402529:	89 ce                	mov    esi,ecx
  40252b:	48 8b 4d f0          	mov    rcx,QWORD PTR [rbp-0x10]
  40252f:	89 31                	mov    DWORD PTR [rcx],esi
  402531:	48 c1 e2 20          	shl    rdx,0x20
  402535:	48 09 d0             	or     rax,rdx
  402538:	90                   	nop
  402539:	48 89 45 f8          	mov    QWORD PTR [rbp-0x8],rax
  40253d:	0f ae e8             	lfence 
  402540:	90                   	nop
  402541:	48 8b 45 f8          	mov    rax,QWORD PTR [rbp-0x8]
  402545:	5d                   	pop    rbp
  402546:	c3                   	ret    

0000000000402547 <_ZL4failPKc>:
  402547:	55                   	push   rbp
  402548:	48 89 e5             	mov    rbp,rsp
  40254b:	48 83 ec 10          	sub    rsp,0x10
  40254f:	48 89 7d f8          	mov    QWORD PTR [rbp-0x8],rdi
  402553:	48 8b 45 f8          	mov    rax,QWORD PTR [rbp-0x8]
  402557:	48 89 c7             	mov    rdi,rax
  40255a:	e8 01 fc ff ff       	call   402160 <perror@plt>
  40255f:	bf 01 00 00 00       	mov    edi,0x1
  402564:	e8 c7 fc ff ff       	call   402230 <exit@plt>

0000000000402569 <_ZL8pmu_openPKc>:
  402569:	55                   	push   rbp
  40256a:	48 89 e5             	mov    rbp,rsp
  40256d:	48 81 ec b0 00 00 00 	sub    rsp,0xb0
  402574:	48 89 bd 58 ff ff ff 	mov    QWORD PTR [rbp-0xa8],rdi
  40257b:	48 8b 85 58 ff ff ff 	mov    rax,QWORD PTR [rbp-0xa8]
  402582:	48 89 45 f8          	mov    QWORD PTR [rbp-0x8],rax
  402586:	c7 45 f4 00 00 00 00 	mov    DWORD PTR [rbp-0xc],0x0
  40258d:	e9 fc 01 00 00       	jmp    40278e <_ZL8pmu_openPKc+0x225>
  402592:	e8 a9 fa ff ff       	call   402040 <__errno_location@plt>
  402597:	c7 00 00 00 00 00    	mov    DWORD PTR [rax],0x0
  40259d:	48 8d 4d e8          	lea    rcx,[rbp-0x18]
  4025a1:	48 8b 45 f8          	mov    rax,QWORD PTR [rbp-0x8]
  4025a5:	ba 00 00 00 00       	mov    edx,0x0
  4025aa:	48 89 ce             	mov    rsi,rcx
  4025ad:	48 89 c7             	mov    rdi,rax
  4025b0:	e8 9b fc ff ff       	call   402250 <strtoull@plt>
  4025b5:	8b 55 f4             	mov    edx,DWORD PTR [rbp-0xc]
  4025b8:	48 63 d2             	movsxd rdx,edx
  4025bb:	48 89 04 d5 a0 f3 40 	mov    QWORD PTR [rdx*8+0x40f3a0],rax
  4025c2:	00 
  4025c3:	e8 78 fa ff ff       	call   402040 <__errno_location@plt>
  4025c8:	8b 00                	mov    eax,DWORD PTR [rax]
  4025ca:	85 c0                	test   eax,eax
  4025cc:	75 33                	jne    402601 <_ZL8pmu_openPKc+0x98>
  4025ce:	48 8b 45 e8          	mov    rax,QWORD PTR [rbp-0x18]
  4025d2:	48 39 45 f8          	cmp    QWORD PTR [rbp-0x8],rax
  4025d6:	74 29                	je     402601 <_ZL8pmu_openPKc+0x98>
  4025d8:	48 8b 45 f8          	mov    rax,QWORD PTR [rbp-0x8]
  4025dc:	0f b6 00             	movzx  eax,BYTE PTR [rax]
  4025df:	3c 2d                	cmp    al,0x2d
  4025e1:	74 1e                	je     402601 <_ZL8pmu_openPKc+0x98>
  4025e3:	83 7d f4 02          	cmp    DWORD PTR [rbp-0xc],0x2
  4025e7:	7f 0d                	jg     4025f6 <_ZL8pmu_openPKc+0x8d>
  4025e9:	48 8b 45 e8          	mov    rax,QWORD PTR [rbp-0x18]
  4025ed:	0f b6 00             	movzx  eax,BYTE PTR [rax]
  4025f0:	3c 2c                	cmp    al,0x2c
  4025f2:	75 0d                	jne    402601 <_ZL8pmu_openPKc+0x98>
  4025f4:	eb 33                	jmp    402629 <_ZL8pmu_openPKc+0xc0>
  4025f6:	48 8b 45 e8          	mov    rax,QWORD PTR [rbp-0x18]
  4025fa:	0f b6 00             	movzx  eax,BYTE PTR [rax]
  4025fd:	84 c0                	test   al,al
  4025ff:	74 28                	je     402629 <_ZL8pmu_openPKc+0xc0>
  402601:	48 8b 05 18 cc 00 00 	mov    rax,QWORD PTR [rip+0xcc18]        # 40f220 <stderr@@GLIBC_2.2.5>
  402608:	48 89 c1             	mov    rcx,rax
  40260b:	ba 38 00 00 00       	mov    edx,0x38
  402610:	be 01 00 00 00       	mov    esi,0x1
  402615:	bf 18 a0 40 00       	mov    edi,0x40a018
  40261a:	e8 c1 fd ff ff       	call   4023e0 <fwrite@plt>
  40261f:	bf 01 00 00 00       	mov    edi,0x1
  402624:	e8 07 fc ff ff       	call   402230 <exit@plt>
  402629:	48 8b 45 e8          	mov    rax,QWORD PTR [rbp-0x18]
  40262d:	0f b6 00             	movzx  eax,BYTE PTR [rax]
  402630:	84 c0                	test   al,al
  402632:	74 0a                	je     40263e <_ZL8pmu_openPKc+0xd5>
  402634:	48 8b 45 e8          	mov    rax,QWORD PTR [rbp-0x18]
  402638:	48 83 c0 01          	add    rax,0x1
  40263c:	eb 04                	jmp    402642 <_ZL8pmu_openPKc+0xd9>
  40263e:	48 8b 45 e8          	mov    rax,QWORD PTR [rbp-0x18]
  402642:	48 89 45 f8          	mov    QWORD PTR [rbp-0x8],rax
  402646:	48 8d 95 60 ff ff ff 	lea    rdx,[rbp-0xa0]
  40264d:	b8 00 00 00 00       	mov    eax,0x0
  402652:	b9 11 00 00 00       	mov    ecx,0x11
  402657:	48 89 d7             	mov    rdi,rdx
  40265a:	f3 48 ab             	rep stos QWORD PTR es:[rdi],rax
  40265d:	c7 85 60 ff ff ff 04 	mov    DWORD PTR [rbp-0xa0],0x4
  402664:	00 00 00 
  402667:	c7 85 64 ff ff ff 88 	mov    DWORD PTR [rbp-0x9c],0x88
  40266e:	00 00 00 
  402671:	8b 45 f4             	mov    eax,DWORD PTR [rbp-0xc]
  402674:	48 98                	cdqe   
  402676:	48 8b 04 c5 a0 f3 40 	mov    rax,QWORD PTR [rax*8+0x40f3a0]
  40267d:	00 
  40267e:	48 89 85 68 ff ff ff 	mov    QWORD PTR [rbp-0x98],rax
  402685:	83 7d f4 00          	cmp    DWORD PTR [rbp-0xc],0x0
  402689:	0f 94 c0             	sete   al
  40268c:	83 e0 01             	and    eax,0x1
  40268f:	89 c2                	mov    edx,eax
  402691:	0f b6 45 88          	movzx  eax,BYTE PTR [rbp-0x78]
  402695:	83 e0 fe             	and    eax,0xfffffffe
  402698:	09 d0                	or     eax,edx
  40269a:	88 45 88             	mov    BYTE PTR [rbp-0x78],al
  40269d:	83 7d f4 00          	cmp    DWORD PTR [rbp-0xc],0x0
  4026a1:	0f 94 c0             	sete   al
  4026a4:	83 e0 01             	and    eax,0x1
  4026a7:	8d 14 85 00 00 00 00 	lea    edx,[rax*4+0x0]
  4026ae:	0f b6 45 88          	movzx  eax,BYTE PTR [rbp-0x78]
  4026b2:	83 e0 fb             	and    eax,0xfffffffb
  4026b5:	09 d0                	or     eax,edx
  4026b7:	88 45 88             	mov    BYTE PTR [rbp-0x78],al
  4026ba:	0f b6 45 88          	movzx  eax,BYTE PTR [rbp-0x78]
  4026be:	83 c8 20             	or     eax,0x20
  4026c1:	88 45 88             	mov    BYTE PTR [rbp-0x78],al
  4026c4:	0f b6 45 88          	movzx  eax,BYTE PTR [rbp-0x78]
  4026c8:	83 c8 40             	or     eax,0x40
  4026cb:	88 45 88             	mov    BYTE PTR [rbp-0x78],al
  4026ce:	0f b6 45 8a          	movzx  eax,BYTE PTR [rbp-0x76]
  4026d2:	83 c8 10             	or     eax,0x10
  4026d5:	88 45 8a             	mov    BYTE PTR [rbp-0x76],al
  4026d8:	48 c7 45 80 0f 00 00 	mov    QWORD PTR [rbp-0x80],0xf
  4026df:	00 
  4026e0:	83 7d f4 00          	cmp    DWORD PTR [rbp-0xc],0x0
  4026e4:	74 08                	je     4026ee <_ZL8pmu_openPKc+0x185>
  4026e6:	8b 15 84 cc 00 00    	mov    edx,DWORD PTR [rip+0xcc84]        # 40f370 <_ZL7pmu_fds>
  4026ec:	eb 05                	jmp    4026f3 <_ZL8pmu_openPKc+0x18a>
  4026ee:	ba ff ff ff ff       	mov    edx,0xffffffff
  4026f3:	48 8d 85 60 ff ff ff 	lea    rax,[rbp-0xa0]
  4026fa:	41 b9 08 00 00 00    	mov    r9d,0x8
  402700:	41 89 d0             	mov    r8d,edx
  402703:	b9 ff ff ff ff       	mov    ecx,0xffffffff
  402708:	ba 00 00 00 00       	mov    edx,0x0
  40270d:	48 89 c6             	mov    rsi,rax
  402710:	bf 2a 01 00 00       	mov    edi,0x12a
  402715:	b8 00 00 00 00       	mov    eax,0x0
  40271a:	e8 31 f9 ff ff       	call   402050 <syscall@plt>
  40271f:	89 c2                	mov    edx,eax
  402721:	8b 45 f4             	mov    eax,DWORD PTR [rbp-0xc]
  402724:	48 98                	cdqe   
  402726:	89 14 85 70 f3 40 00 	mov    DWORD PTR [rax*4+0x40f370],edx
  40272d:	8b 45 f4             	mov    eax,DWORD PTR [rbp-0xc]
  402730:	48 98                	cdqe   
  402732:	8b 04 85 70 f3 40 00 	mov    eax,DWORD PTR [rax*4+0x40f370]
  402739:	85 c0                	test   eax,eax
  40273b:	79 0a                	jns    402747 <_ZL8pmu_openPKc+0x1de>
  40273d:	bf 51 a0 40 00       	mov    edi,0x40a051
  402742:	e8 00 fe ff ff       	call   402547 <_ZL4failPKc>
  402747:	8b 45 f4             	mov    eax,DWORD PTR [rbp-0xc]
  40274a:	48 98                	cdqe   
  40274c:	48 c1 e0 03          	shl    rax,0x3
  402750:	48 8d 90 80 f3 40 00 	lea    rdx,[rax+0x40f380]
  402757:	8b 45 f4             	mov    eax,DWORD PTR [rbp-0xc]
  40275a:	48 98                	cdqe   
  40275c:	8b 04 85 70 f3 40 00 	mov    eax,DWORD PTR [rax*4+0x40f370]
  402763:	b9 07 24 08 80       	mov    ecx,0x80082407
  402768:	48 89 ce             	mov    rsi,rcx
  40276b:	89 c7                	mov    edi,eax
  40276d:	b8 00 00 00 00       	mov    eax,0x0
  402772:	e8 29 fb ff ff       	call   4022a0 <ioctl@plt>
  402777:	85 c0                	test   eax,eax
  402779:	0f 95 c0             	setne  al
  40277c:	84 c0                	test   al,al
  40277e:	74 0a                	je     40278a <_ZL8pmu_openPKc+0x221>
  402780:	bf 61 a0 40 00       	mov    edi,0x40a061
  402785:	e8 bd fd ff ff       	call   402547 <_ZL4failPKc>
  40278a:	83 45 f4 01          	add    DWORD PTR [rbp-0xc],0x1
  40278e:	83 7d f4 03          	cmp    DWORD PTR [rbp-0xc],0x3
  402792:	0f 8e fa fd ff ff    	jle    402592 <_ZL8pmu_openPKc+0x29>
  402798:	90                   	nop
  402799:	90                   	nop
  40279a:	c9                   	leave  
  40279b:	c3                   	ret    

000000000040279c <_ZL9pmu_startv>:
  40279c:	55                   	push   rbp
  40279d:	48 89 e5             	mov    rbp,rsp
  4027a0:	8b 05 ca cb 00 00    	mov    eax,DWORD PTR [rip+0xcbca]        # 40f370 <_ZL7pmu_fds>
  4027a6:	ba 01 00 00 00       	mov    edx,0x1
  4027ab:	be 03 24 00 00       	mov    esi,0x2403
  4027b0:	89 c7                	mov    edi,eax
  4027b2:	b8 00 00 00 00       	mov    eax,0x0
  4027b7:	e8 e4 fa ff ff       	call   4022a0 <ioctl@plt>
  4027bc:	85 c0                	test   eax,eax
  4027be:	0f 95 c0             	setne  al
  4027c1:	84 c0                	test   al,al
  4027c3:	74 0a                	je     4027cf <_ZL9pmu_startv+0x33>
  4027c5:	bf 73 a0 40 00       	mov    edi,0x40a073
  4027ca:	e8 78 fd ff ff       	call   402547 <_ZL4failPKc>
  4027cf:	8b 05 9b cb 00 00    	mov    eax,DWORD PTR [rip+0xcb9b]        # 40f370 <_ZL7pmu_fds>
  4027d5:	ba 01 00 00 00       	mov    edx,0x1
  4027da:	be 00 24 00 00       	mov    esi,0x2400
  4027df:	89 c7                	mov    edi,eax
  4027e1:	b8 00 00 00 00       	mov    eax,0x0
  4027e6:	e8 b5 fa ff ff       	call   4022a0 <ioctl@plt>
  4027eb:	85 c0                	test   eax,eax
  4027ed:	0f 95 c0             	setne  al
  4027f0:	84 c0                	test   al,al
  4027f2:	74 0a                	je     4027fe <_ZL9pmu_startv+0x62>
  4027f4:	bf 7d a0 40 00       	mov    edi,0x40a07d
  4027f9:	e8 49 fd ff ff       	call   402547 <_ZL4failPKc>
  4027fe:	90                   	nop
  4027ff:	5d                   	pop    rbp
  402800:	c3                   	ret    

0000000000402801 <_ZL8pmu_stopv>:
  402801:	55                   	push   rbp
  402802:	48 89 e5             	mov    rbp,rsp
  402805:	48 83 ec 10          	sub    rsp,0x10
  402809:	8b 05 61 cb 00 00    	mov    eax,DWORD PTR [rip+0xcb61]        # 40f370 <_ZL7pmu_fds>
  40280f:	ba 01 00 00 00       	mov    edx,0x1
  402814:	be 01 24 00 00       	mov    esi,0x2401
  402819:	89 c7                	mov    edi,eax
  40281b:	b8 00 00 00 00       	mov    eax,0x0
  402820:	e8 7b fa ff ff       	call   4022a0 <ioctl@plt>
  402825:	85 c0                	test   eax,eax
  402827:	0f 95 c0             	setne  al
  40282a:	84 c0                	test   al,al
  40282c:	74 0a                	je     402838 <_ZL8pmu_stopv+0x37>
  40282e:	bf 88 a0 40 00       	mov    edi,0x40a088
  402833:	e8 0f fd ff ff       	call   402547 <_ZL4failPKc>
  402838:	8b 05 32 cb 00 00    	mov    eax,DWORD PTR [rip+0xcb32]        # 40f370 <_ZL7pmu_fds>
  40283e:	ba 58 00 00 00       	mov    edx,0x58
  402843:	be c0 f3 40 00       	mov    esi,0x40f3c0
  402848:	89 c7                	mov    edi,eax
  40284a:	e8 81 fa ff ff       	call   4022d0 <read@plt>
  40284f:	48 89 45 f8          	mov    QWORD PTR [rbp-0x8],rax
  402853:	48 83 7d f8 58       	cmp    QWORD PTR [rbp-0x8],0x58
  402858:	75 38                	jne    402892 <_ZL8pmu_stopv+0x91>
  40285a:	48 8b 05 5f cb 00 00 	mov    rax,QWORD PTR [rip+0xcb5f]        # 40f3c0 <_ZL10pmu_counts>
  402861:	48 83 f8 04          	cmp    rax,0x4
  402865:	75 2b                	jne    402892 <_ZL8pmu_stopv+0x91>
  402867:	48 8b 05 5a cb 00 00 	mov    rax,QWORD PTR [rip+0xcb5a]        # 40f3c8 <_ZL10pmu_counts+0x8>
  40286e:	48 85 c0             	test   rax,rax
  402871:	74 1f                	je     402892 <_ZL8pmu_stopv+0x91>
  402873:	48 8b 05 56 cb 00 00 	mov    rax,QWORD PTR [rip+0xcb56]        # 40f3d0 <_ZL10pmu_counts+0x10>
  40287a:	48 85 c0             	test   rax,rax
  40287d:	74 13                	je     402892 <_ZL8pmu_stopv+0x91>
  40287f:	48 8b 15 4a cb 00 00 	mov    rdx,QWORD PTR [rip+0xcb4a]        # 40f3d0 <_ZL10pmu_counts+0x10>
  402886:	48 8b 05 3b cb 00 00 	mov    rax,QWORD PTR [rip+0xcb3b]        # 40f3c8 <_ZL10pmu_counts+0x8>
  40288d:	48 39 c2             	cmp    rdx,rax
  402890:	74 38                	je     4028ca <_ZL8pmu_stopv+0xc9>
  402892:	48 8b 35 37 cb 00 00 	mov    rsi,QWORD PTR [rip+0xcb37]        # 40f3d0 <_ZL10pmu_counts+0x10>
  402899:	48 8b 0d 28 cb 00 00 	mov    rcx,QWORD PTR [rip+0xcb28]        # 40f3c8 <_ZL10pmu_counts+0x8>
  4028a0:	48 8b 05 79 c9 00 00 	mov    rax,QWORD PTR [rip+0xc979]        # 40f220 <stderr@@GLIBC_2.2.5>
  4028a7:	48 8b 55 f8          	mov    rdx,QWORD PTR [rbp-0x8]
  4028ab:	49 89 f0             	mov    r8,rsi
  4028ae:	be 98 a0 40 00       	mov    esi,0x40a098
  4028b3:	48 89 c7             	mov    rdi,rax
  4028b6:	b8 00 00 00 00       	mov    eax,0x0
  4028bb:	e8 00 fa ff ff       	call   4022c0 <fprintf@plt>
  4028c0:	bf 01 00 00 00       	mov    edi,0x1
  4028c5:	e8 66 f9 ff ff       	call   402230 <exit@plt>
  4028ca:	90                   	nop
  4028cb:	c9                   	leave  
  4028cc:	c3                   	ret    

00000000004028cd <_ZL8pmu_savePKcm>:
  4028cd:	55                   	push   rbp
  4028ce:	48 89 e5             	mov    rbp,rsp
  4028d1:	48 83 ec 30          	sub    rsp,0x30
  4028d5:	48 89 7d d8          	mov    QWORD PTR [rbp-0x28],rdi
  4028d9:	48 89 75 d0          	mov    QWORD PTR [rbp-0x30],rsi
  4028dd:	48 8b 45 d8          	mov    rax,QWORD PTR [rbp-0x28]
  4028e1:	be eb a0 40 00       	mov    esi,0x40a0eb
  4028e6:	48 89 c7             	mov    rdi,rax
  4028e9:	e8 22 f9 ff ff       	call   402210 <fopen@plt>
  4028ee:	48 89 45 e8          	mov    QWORD PTR [rbp-0x18],rax
  4028f2:	48 83 7d e8 00       	cmp    QWORD PTR [rbp-0x18],0x0
  4028f7:	75 0a                	jne    402903 <_ZL8pmu_savePKcm+0x36>
  4028f9:	bf ed a0 40 00       	mov    edi,0x40a0ed
  4028fe:	e8 44 fc ff ff       	call   402547 <_ZL4failPKc>
  402903:	48 8b 0d c6 ca 00 00 	mov    rcx,QWORD PTR [rip+0xcac6]        # 40f3d0 <_ZL10pmu_counts+0x10>
  40290a:	48 8b 15 b7 ca 00 00 	mov    rdx,QWORD PTR [rip+0xcab7]        # 40f3c8 <_ZL10pmu_counts+0x8>
  402911:	48 8b 75 d0          	mov    rsi,QWORD PTR [rbp-0x30]
  402915:	48 8b 45 e8          	mov    rax,QWORD PTR [rbp-0x18]
  402919:	49 89 f0             	mov    r8,rsi
  40291c:	be f8 a0 40 00       	mov    esi,0x40a0f8
  402921:	48 89 c7             	mov    rdi,rax
  402924:	b8 00 00 00 00       	mov    eax,0x0
  402929:	e8 92 f9 ff ff       	call   4022c0 <fprintf@plt>
  40292e:	c7 45 fc 00 00 00 00 	mov    DWORD PTR [rbp-0x4],0x0
  402935:	e9 f4 00 00 00       	jmp    402a2e <_ZL8pmu_savePKcm+0x161>
  40293a:	c7 45 f8 ff ff ff ff 	mov    DWORD PTR [rbp-0x8],0xffffffff
  402941:	c7 45 f4 00 00 00 00 	mov    DWORD PTR [rbp-0xc],0x0
  402948:	eb 32                	jmp    40297c <_ZL8pmu_savePKcm+0xaf>
  40294a:	8b 45 f4             	mov    eax,DWORD PTR [rbp-0xc]
  40294d:	48 98                	cdqe   
  40294f:	48 83 c0 01          	add    rax,0x1
  402953:	48 c1 e0 04          	shl    rax,0x4
  402957:	48 05 d0 f3 40 00    	add    rax,0x40f3d0
  40295d:	48 8b 10             	mov    rdx,QWORD PTR [rax]
  402960:	8b 45 fc             	mov    eax,DWORD PTR [rbp-0x4]
  402963:	48 98                	cdqe   
  402965:	48 8b 04 c5 80 f3 40 	mov    rax,QWORD PTR [rax*8+0x40f380]
  40296c:	00 
  40296d:	48 39 c2             	cmp    rdx,rax
  402970:	75 06                	jne    402978 <_ZL8pmu_savePKcm+0xab>
  402972:	8b 45 f4             	mov    eax,DWORD PTR [rbp-0xc]
  402975:	89 45 f8             	mov    DWORD PTR [rbp-0x8],eax
  402978:	83 45 f4 01          	add    DWORD PTR [rbp-0xc],0x1
  40297c:	83 7d f4 03          	cmp    DWORD PTR [rbp-0xc],0x3
  402980:	7e c8                	jle    40294a <_ZL8pmu_savePKcm+0x7d>
  402982:	83 7d f8 00          	cmp    DWORD PTR [rbp-0x8],0x0
  402986:	79 28                	jns    4029b0 <_ZL8pmu_savePKcm+0xe3>
  402988:	48 8b 05 91 c8 00 00 	mov    rax,QWORD PTR [rip+0xc891]        # 40f220 <stderr@@GLIBC_2.2.5>
  40298f:	48 89 c1             	mov    rcx,rax
  402992:	ba 15 00 00 00       	mov    edx,0x15
  402997:	be 01 00 00 00       	mov    esi,0x1
  40299c:	bf 42 a1 40 00       	mov    edi,0x40a142
  4029a1:	e8 3a fa ff ff       	call   4023e0 <fwrite@plt>
  4029a6:	bf 01 00 00 00       	mov    edi,0x1
  4029ab:	e8 80 f8 ff ff       	call   402230 <exit@plt>
  4029b0:	8b 45 f8             	mov    eax,DWORD PTR [rbp-0x8]
  4029b3:	48 98                	cdqe   
  4029b5:	48 83 c0 01          	add    rax,0x1
  4029b9:	48 c1 e0 04          	shl    rax,0x4
  4029bd:	48 05 c8 f3 40 00    	add    rax,0x40f3c8
  4029c3:	48 8b 08             	mov    rcx,QWORD PTR [rax]
  4029c6:	8b 45 fc             	mov    eax,DWORD PTR [rbp-0x4]
  4029c9:	48 98                	cdqe   
  4029cb:	48 8b 14 c5 a0 f3 40 	mov    rdx,QWORD PTR [rax*8+0x40f3a0]
  4029d2:	00 
  4029d3:	83 7d fc 00          	cmp    DWORD PTR [rbp-0x4],0x0
  4029d7:	74 07                	je     4029e0 <_ZL8pmu_savePKcm+0x113>
  4029d9:	be 58 a1 40 00       	mov    esi,0x40a158
  4029de:	eb 05                	jmp    4029e5 <_ZL8pmu_savePKcm+0x118>
  4029e0:	be 5a a1 40 00       	mov    esi,0x40a15a
  4029e5:	48 8b 45 e8          	mov    rax,QWORD PTR [rbp-0x18]
  4029e9:	49 89 c8             	mov    r8,rcx
  4029ec:	48 89 d1             	mov    rcx,rdx
  4029ef:	48 89 f2             	mov    rdx,rsi
  4029f2:	be 5b a1 40 00       	mov    esi,0x40a15b
  4029f7:	48 89 c7             	mov    rdi,rax
  4029fa:	b8 00 00 00 00       	mov    eax,0x0
  4029ff:	e8 bc f8 ff ff       	call   4022c0 <fprintf@plt>
  402a04:	8b 45 fc             	mov    eax,DWORD PTR [rbp-0x4]
  402a07:	48 98                	cdqe   
  402a09:	8b 04 85 70 f3 40 00 	mov    eax,DWORD PTR [rax*4+0x40f370]
  402a10:	89 c7                	mov    edi,eax
  402a12:	e8 d9 f9 ff ff       	call   4023f0 <close@plt>
  402a17:	85 c0                	test   eax,eax
  402a19:	0f 95 c0             	setne  al
  402a1c:	84 c0                	test   al,al
  402a1e:	74 0a                	je     402a2a <_ZL8pmu_savePKcm+0x15d>
  402a20:	bf 78 a1 40 00       	mov    edi,0x40a178
  402a25:	e8 1d fb ff ff       	call   402547 <_ZL4failPKc>
  402a2a:	83 45 fc 01          	add    DWORD PTR [rbp-0x4],0x1
  402a2e:	83 7d fc 03          	cmp    DWORD PTR [rbp-0x4],0x3
  402a32:	0f 8e 02 ff ff ff    	jle    40293a <_ZL8pmu_savePKcm+0x6d>
  402a38:	48 8b 45 e8          	mov    rax,QWORD PTR [rbp-0x18]
  402a3c:	48 89 c1             	mov    rcx,rax
  402a3f:	ba 03 00 00 00       	mov    edx,0x3
  402a44:	be 01 00 00 00       	mov    esi,0x1
  402a49:	bf 82 a1 40 00       	mov    edi,0x40a182
  402a4e:	e8 8d f9 ff ff       	call   4023e0 <fwrite@plt>
  402a53:	48 8b 45 e8          	mov    rax,QWORD PTR [rbp-0x18]
  402a57:	48 89 c7             	mov    rdi,rax
  402a5a:	e8 61 f7 ff ff       	call   4021c0 <fclose@plt>
  402a5f:	85 c0                	test   eax,eax
  402a61:	0f 95 c0             	setne  al
  402a64:	84 c0                	test   al,al
  402a66:	74 0a                	je     402a72 <_ZL8pmu_savePKcm+0x1a5>
  402a68:	bf 86 a1 40 00       	mov    edi,0x40a186
  402a6d:	e8 d5 fa ff ff       	call   402547 <_ZL4failPKc>
  402a72:	90                   	nop
  402a73:	c9                   	leave  
  402a74:	c3                   	ret    

0000000000402a75 <_ZL10save_ticksPKcPKmm>:
  402a75:	55                   	push   rbp
  402a76:	48 89 e5             	mov    rbp,rsp
  402a79:	48 83 ec 30          	sub    rsp,0x30
  402a7d:	48 89 7d e8          	mov    QWORD PTR [rbp-0x18],rdi
  402a81:	48 89 75 e0          	mov    QWORD PTR [rbp-0x20],rsi
  402a85:	48 89 55 d8          	mov    QWORD PTR [rbp-0x28],rdx
  402a89:	48 8b 45 e8          	mov    rax,QWORD PTR [rbp-0x18]
  402a8d:	be 91 a1 40 00       	mov    esi,0x40a191
  402a92:	48 89 c7             	mov    rdi,rax
  402a95:	e8 76 f7 ff ff       	call   402210 <fopen@plt>
  402a9a:	48 89 45 f8          	mov    QWORD PTR [rbp-0x8],rax
  402a9e:	48 83 7d f8 00       	cmp    QWORD PTR [rbp-0x8],0x0
  402aa3:	74 1f                	je     402ac4 <_ZL10save_ticksPKcPKmm+0x4f>
  402aa5:	48 8b 4d f8          	mov    rcx,QWORD PTR [rbp-0x8]
  402aa9:	48 8b 55 d8          	mov    rdx,QWORD PTR [rbp-0x28]
  402aad:	48 8b 45 e0          	mov    rax,QWORD PTR [rbp-0x20]
  402ab1:	be 08 00 00 00       	mov    esi,0x8
  402ab6:	48 89 c7             	mov    rdi,rax
  402ab9:	e8 22 f9 ff ff       	call   4023e0 <fwrite@plt>
  402abe:	48 39 45 d8          	cmp    QWORD PTR [rbp-0x28],rax
  402ac2:	74 07                	je     402acb <_ZL10save_ticksPKcPKmm+0x56>
  402ac4:	b8 01 00 00 00       	mov    eax,0x1
  402ac9:	eb 05                	jmp    402ad0 <_ZL10save_ticksPKcPKmm+0x5b>
  402acb:	b8 00 00 00 00       	mov    eax,0x0
  402ad0:	84 c0                	test   al,al
  402ad2:	74 0a                	je     402ade <_ZL10save_ticksPKcPKmm+0x69>
  402ad4:	bf 94 a1 40 00       	mov    edi,0x40a194
  402ad9:	e8 69 fa ff ff       	call   402547 <_ZL4failPKc>
  402ade:	48 8b 45 f8          	mov    rax,QWORD PTR [rbp-0x8]
  402ae2:	48 89 c7             	mov    rdi,rax
  402ae5:	e8 d6 f6 ff ff       	call   4021c0 <fclose@plt>
  402aea:	85 c0                	test   eax,eax
  402aec:	0f 95 c0             	setne  al
  402aef:	84 c0                	test   al,al
  402af1:	74 0a                	je     402afd <_ZL10save_ticksPKcPKmm+0x88>
  402af3:	bf 9f a1 40 00       	mov    edi,0x40a19f
  402af8:	e8 4a fa ff ff       	call   402547 <_ZL4failPKc>
  402afd:	90                   	nop
  402afe:	c9                   	leave  
  402aff:	c3                   	ret    

0000000000402b00 <_ZL9log_usageRK6rusageS1_>:
  402b00:	55                   	push   rbp
  402b01:	48 89 e5             	mov    rbp,rsp
  402b04:	41 56                	push   r14
  402b06:	41 55                	push   r13
  402b08:	41 54                	push   r12
  402b0a:	53                   	push   rbx
  402b0b:	48 83 ec 10          	sub    rsp,0x10
  402b0f:	48 89 7d d8          	mov    QWORD PTR [rbp-0x28],rdi
  402b13:	48 89 75 d0          	mov    QWORD PTR [rbp-0x30],rsi
  402b17:	48 8b 45 d0          	mov    rax,QWORD PTR [rbp-0x30]
  402b1b:	48 8b 90 88 00 00 00 	mov    rdx,QWORD PTR [rax+0x88]
  402b22:	48 8b 45 d8          	mov    rax,QWORD PTR [rbp-0x28]
  402b26:	48 8b 80 88 00 00 00 	mov    rax,QWORD PTR [rax+0x88]
  402b2d:	48 29 c2             	sub    rdx,rax
  402b30:	49 89 d4             	mov    r12,rdx
  402b33:	48 8b 45 d0          	mov    rax,QWORD PTR [rbp-0x30]
  402b37:	48 8b 90 80 00 00 00 	mov    rdx,QWORD PTR [rax+0x80]
  402b3e:	48 8b 45 d8          	mov    rax,QWORD PTR [rbp-0x28]
  402b42:	48 8b 80 80 00 00 00 	mov    rax,QWORD PTR [rax+0x80]
  402b49:	48 29 c2             	sub    rdx,rax
  402b4c:	49 89 d6             	mov    r14,rdx
  402b4f:	48 8b 45 d0          	mov    rax,QWORD PTR [rbp-0x30]
  402b53:	48 8b 50 48          	mov    rdx,QWORD PTR [rax+0x48]
  402b57:	48 8b 45 d8          	mov    rax,QWORD PTR [rbp-0x28]
  402b5b:	48 8b 40 48          	mov    rax,QWORD PTR [rax+0x48]
  402b5f:	48 29 c2             	sub    rdx,rax
  402b62:	49 89 d5             	mov    r13,rdx
  402b65:	48 8b 45 d0          	mov    rax,QWORD PTR [rbp-0x30]
  402b69:	48 8b 50 40          	mov    rdx,QWORD PTR [rax+0x40]
  402b6d:	48 8b 45 d8          	mov    rax,QWORD PTR [rbp-0x28]
  402b71:	48 8b 40 40          	mov    rax,QWORD PTR [rax+0x40]
  402b75:	48 89 d3             	mov    rbx,rdx
  402b78:	48 29 c3             	sub    rbx,rax
  402b7b:	e8 00 f7 ff ff       	call   402280 <sched_getcpu@plt>
  402b80:	89 c2                	mov    edx,eax
  402b82:	48 8b 05 97 c6 00 00 	mov    rax,QWORD PTR [rip+0xc697]        # 40f220 <stderr@@GLIBC_2.2.5>
  402b89:	48 83 ec 08          	sub    rsp,0x8
  402b8d:	41 54                	push   r12
  402b8f:	4d 89 f1             	mov    r9,r14
  402b92:	4d 89 e8             	mov    r8,r13
  402b95:	48 89 d9             	mov    rcx,rbx
  402b98:	be b0 a1 40 00       	mov    esi,0x40a1b0
  402b9d:	48 89 c7             	mov    rdi,rax
  402ba0:	b8 00 00 00 00       	mov    eax,0x0
  402ba5:	e8 16 f7 ff ff       	call   4022c0 <fprintf@plt>
  402baa:	48 83 c4 10          	add    rsp,0x10
  402bae:	90                   	nop
  402baf:	48 8d 65 e0          	lea    rsp,[rbp-0x20]
  402bb3:	5b                   	pop    rbx
  402bb4:	41 5c                	pop    r12
  402bb6:	41 5d                	pop    r13
  402bb8:	41 5e                	pop    r14
  402bba:	5d                   	pop    rbp
  402bbb:	c3                   	ret    

0000000000402bbc <_ZL11log_mappingPKvPKc>:
  402bbc:	55                   	push   rbp
  402bbd:	48 89 e5             	mov    rbp,rsp
  402bc0:	48 81 ec 40 02 00 00 	sub    rsp,0x240
  402bc7:	48 89 bd c8 fd ff ff 	mov    QWORD PTR [rbp-0x238],rdi
  402bce:	48 89 b5 c0 fd ff ff 	mov    QWORD PTR [rbp-0x240],rsi
  402bd5:	be 0e a2 40 00       	mov    esi,0x40a20e
  402bda:	bf 10 a2 40 00       	mov    edi,0x40a210
  402bdf:	e8 2c f6 ff ff       	call   402210 <fopen@plt>
  402be4:	48 89 45 e8          	mov    QWORD PTR [rbp-0x18],rax
  402be8:	48 83 7d e8 00       	cmp    QWORD PTR [rbp-0x18],0x0
  402bed:	75 0a                	jne    402bf9 <_ZL11log_mappingPKvPKc+0x3d>
  402bef:	bf 21 a2 40 00       	mov    edi,0x40a221
  402bf4:	e8 4e f9 ff ff       	call   402547 <_ZL4failPKc>
  402bf9:	48 c7 85 d8 fd ff ff 	mov    QWORD PTR [rbp-0x228],0x0
  402c00:	00 00 00 00 
  402c04:	48 c7 85 d0 fd ff ff 	mov    QWORD PTR [rbp-0x230],0x0
  402c0b:	00 00 00 00 
  402c0f:	48 c7 45 f8 00 00 00 	mov    QWORD PTR [rbp-0x8],0x0
  402c16:	00 
  402c17:	c6 45 f7 00          	mov    BYTE PTR [rbp-0x9],0x0
  402c1b:	e8 60 f6 ff ff       	call   402280 <sched_getcpu@plt>
  402c20:	89 c6                	mov    esi,eax
  402c22:	48 8b 05 f7 c5 00 00 	mov    rax,QWORD PTR [rip+0xc5f7]        # 40f220 <stderr@@GLIBC_2.2.5>
  402c29:	48 8b 8d c8 fd ff ff 	mov    rcx,QWORD PTR [rbp-0x238]
  402c30:	48 8b 95 c0 fd ff ff 	mov    rdx,QWORD PTR [rbp-0x240]
  402c37:	41 89 f0             	mov    r8d,esi
  402c3a:	be 27 a2 40 00       	mov    esi,0x40a227
  402c3f:	48 89 c7             	mov    rdi,rax
  402c42:	b8 00 00 00 00       	mov    eax,0x0
  402c47:	e8 74 f6 ff ff       	call   4022c0 <fprintf@plt>
  402c4c:	e9 ed 00 00 00       	jmp    402d3e <_ZL11log_mappingPKvPKc+0x182>
  402c51:	48 8d 8d d0 fd ff ff 	lea    rcx,[rbp-0x230]
  402c58:	48 8d 95 d8 fd ff ff 	lea    rdx,[rbp-0x228]
  402c5f:	48 8d 85 e0 fd ff ff 	lea    rax,[rbp-0x220]
  402c66:	be 42 a2 40 00       	mov    esi,0x40a242
  402c6b:	48 89 c7             	mov    rdi,rax
  402c6e:	b8 00 00 00 00       	mov    eax,0x0
  402c73:	e8 28 f5 ff ff       	call   4021a0 <__isoc99_sscanf@plt>
  402c78:	83 f8 02             	cmp    eax,0x2
  402c7b:	0f 94 c0             	sete   al
  402c7e:	84 c0                	test   al,al
  402c80:	74 46                	je     402cc8 <_ZL11log_mappingPKvPKc+0x10c>
  402c82:	48 8b 95 c8 fd ff ff 	mov    rdx,QWORD PTR [rbp-0x238]
  402c89:	48 8b 85 d8 fd ff ff 	mov    rax,QWORD PTR [rbp-0x228]
  402c90:	48 39 c2             	cmp    rdx,rax
  402c93:	72 1a                	jb     402caf <_ZL11log_mappingPKvPKc+0xf3>
  402c95:	48 8b 95 c8 fd ff ff 	mov    rdx,QWORD PTR [rbp-0x238]
  402c9c:	48 8b 85 d0 fd ff ff 	mov    rax,QWORD PTR [rbp-0x230]
  402ca3:	48 39 c2             	cmp    rdx,rax
  402ca6:	73 07                	jae    402caf <_ZL11log_mappingPKvPKc+0xf3>
  402ca8:	b8 01 00 00 00       	mov    eax,0x1
  402cad:	eb 05                	jmp    402cb4 <_ZL11log_mappingPKvPKc+0xf8>
  402caf:	b8 00 00 00 00       	mov    eax,0x0
  402cb4:	88 45 f7             	mov    BYTE PTR [rbp-0x9],al
  402cb7:	80 7d f7 00          	cmp    BYTE PTR [rbp-0x9],0x0
  402cbb:	74 0b                	je     402cc8 <_ZL11log_mappingPKvPKc+0x10c>
  402cbd:	48 8b 85 d8 fd ff ff 	mov    rax,QWORD PTR [rbp-0x228]
  402cc4:	48 89 45 f8          	mov    QWORD PTR [rbp-0x8],rax
  402cc8:	80 7d f7 00          	cmp    BYTE PTR [rbp-0x9],0x0
  402ccc:	74 70                	je     402d3e <_ZL11log_mappingPKvPKc+0x182>
  402cce:	48 8d 85 e0 fd ff ff 	lea    rax,[rbp-0x220]
  402cd5:	ba 0e 00 00 00       	mov    edx,0xe
  402cda:	be 4a a2 40 00       	mov    esi,0x40a24a
  402cdf:	48 89 c7             	mov    rdi,rax
  402ce2:	e8 e9 f3 ff ff       	call   4020d0 <strncmp@plt>
  402ce7:	85 c0                	test   eax,eax
  402ce9:	74 3a                	je     402d25 <_ZL11log_mappingPKvPKc+0x169>
  402ceb:	48 8d 85 e0 fd ff ff 	lea    rax,[rbp-0x220]
  402cf2:	ba 0f 00 00 00       	mov    edx,0xf
  402cf7:	be 59 a2 40 00       	mov    esi,0x40a259
  402cfc:	48 89 c7             	mov    rdi,rax
  402cff:	e8 cc f3 ff ff       	call   4020d0 <strncmp@plt>
  402d04:	85 c0                	test   eax,eax
  402d06:	74 1d                	je     402d25 <_ZL11log_mappingPKvPKc+0x169>
  402d08:	48 8d 85 e0 fd ff ff 	lea    rax,[rbp-0x220]
  402d0f:	ba 05 00 00 00       	mov    edx,0x5
  402d14:	be 69 a2 40 00       	mov    esi,0x40a269
  402d19:	48 89 c7             	mov    rdi,rax
  402d1c:	e8 af f3 ff ff       	call   4020d0 <strncmp@plt>
  402d21:	85 c0                	test   eax,eax
  402d23:	75 19                	jne    402d3e <_ZL11log_mappingPKvPKc+0x182>
  402d25:	48 8b 15 f4 c4 00 00 	mov    rdx,QWORD PTR [rip+0xc4f4]        # 40f220 <stderr@@GLIBC_2.2.5>
  402d2c:	48 8d 85 e0 fd ff ff 	lea    rax,[rbp-0x220]
  402d33:	48 89 d6             	mov    rsi,rdx
  402d36:	48 89 c7             	mov    rdi,rax
  402d39:	e8 c2 f4 ff ff       	call   402200 <fputs@plt>
  402d3e:	48 8b 55 e8          	mov    rdx,QWORD PTR [rbp-0x18]
  402d42:	48 8d 85 e0 fd ff ff 	lea    rax,[rbp-0x220]
  402d49:	be 00 02 00 00       	mov    esi,0x200
  402d4e:	48 89 c7             	mov    rdi,rax
  402d51:	e8 ca f5 ff ff       	call   402320 <fgets@plt>
  402d56:	48 85 c0             	test   rax,rax
  402d59:	0f 95 c0             	setne  al
  402d5c:	84 c0                	test   al,al
  402d5e:	0f 85 ed fe ff ff    	jne    402c51 <_ZL11log_mappingPKvPKc+0x95>
  402d64:	48 8b 45 e8          	mov    rax,QWORD PTR [rbp-0x18]
  402d68:	48 89 c7             	mov    rdi,rax
  402d6b:	e8 50 f4 ff ff       	call   4021c0 <fclose@plt>
  402d70:	be 0e a2 40 00       	mov    esi,0x40a20e
  402d75:	bf 6f a2 40 00       	mov    edi,0x40a26f
  402d7a:	e8 91 f4 ff ff       	call   402210 <fopen@plt>
  402d7f:	48 89 45 e8          	mov    QWORD PTR [rbp-0x18],rax
  402d83:	48 83 7d e8 00       	cmp    QWORD PTR [rbp-0x18],0x0
  402d88:	75 6e                	jne    402df8 <_ZL11log_mappingPKvPKc+0x23c>
  402d8a:	bf 84 a2 40 00       	mov    edi,0x40a284
  402d8f:	e8 b3 f7 ff ff       	call   402547 <_ZL4failPKc>
  402d94:	eb 62                	jmp    402df8 <_ZL11log_mappingPKvPKc+0x23c>
  402d96:	48 8d 95 d8 fd ff ff 	lea    rdx,[rbp-0x228]
  402d9d:	48 8d 85 e0 fd ff ff 	lea    rax,[rbp-0x220]
  402da4:	be 8e a2 40 00       	mov    esi,0x40a28e
  402da9:	48 89 c7             	mov    rdi,rax
  402dac:	b8 00 00 00 00       	mov    eax,0x0
  402db1:	e8 ea f3 ff ff       	call   4021a0 <__isoc99_sscanf@plt>
  402db6:	83 f8 01             	cmp    eax,0x1
  402db9:	75 14                	jne    402dcf <_ZL11log_mappingPKvPKc+0x213>
  402dbb:	48 8b 85 d8 fd ff ff 	mov    rax,QWORD PTR [rbp-0x228]
  402dc2:	48 39 45 f8          	cmp    QWORD PTR [rbp-0x8],rax
  402dc6:	75 07                	jne    402dcf <_ZL11log_mappingPKvPKc+0x213>
  402dc8:	b8 01 00 00 00       	mov    eax,0x1
  402dcd:	eb 05                	jmp    402dd4 <_ZL11log_mappingPKvPKc+0x218>
  402dcf:	b8 00 00 00 00       	mov    eax,0x0
  402dd4:	84 c0                	test   al,al
  402dd6:	74 20                	je     402df8 <_ZL11log_mappingPKvPKc+0x23c>
  402dd8:	48 8b 05 41 c4 00 00 	mov    rax,QWORD PTR [rip+0xc441]        # 40f220 <stderr@@GLIBC_2.2.5>
  402ddf:	48 8d 95 e0 fd ff ff 	lea    rdx,[rbp-0x220]
  402de6:	be 92 a2 40 00       	mov    esi,0x40a292
  402deb:	48 89 c7             	mov    rdi,rax
  402dee:	b8 00 00 00 00       	mov    eax,0x0
  402df3:	e8 c8 f4 ff ff       	call   4022c0 <fprintf@plt>
  402df8:	48 8b 55 e8          	mov    rdx,QWORD PTR [rbp-0x18]
  402dfc:	48 8d 85 e0 fd ff ff 	lea    rax,[rbp-0x220]
  402e03:	be 00 02 00 00       	mov    esi,0x200
  402e08:	48 89 c7             	mov    rdi,rax
  402e0b:	e8 10 f5 ff ff       	call   402320 <fgets@plt>
  402e10:	48 85 c0             	test   rax,rax
  402e13:	0f 95 c0             	setne  al
  402e16:	84 c0                	test   al,al
  402e18:	0f 85 78 ff ff ff    	jne    402d96 <_ZL11log_mappingPKvPKc+0x1da>
  402e1e:	48 8b 45 e8          	mov    rax,QWORD PTR [rbp-0x18]
  402e22:	48 89 c7             	mov    rdi,rax
  402e25:	e8 96 f3 ff ff       	call   4021c0 <fclose@plt>
  402e2a:	90                   	nop
  402e2b:	c9                   	leave  
  402e2c:	c3                   	ret    

0000000000402e2d <_ZL9tsc_startv>:
  402e2d:	55                   	push   rbp
  402e2e:	48 89 e5             	mov    rbp,rsp
  402e31:	e8 c0 f6 ff ff       	call   4024f6 <_ZL11timer_startv>
  402e36:	5d                   	pop    rbp
  402e37:	c3                   	ret    

0000000000402e38 <_ZL8tsc_stopv>:
  402e38:	55                   	push   rbp
  402e39:	48 89 e5             	mov    rbp,rsp
  402e3c:	e8 d5 f6 ff ff       	call   402516 <_ZL10timer_stopv>
  402e41:	5d                   	pop    rbp
  402e42:	c3                   	ret    

0000000000402e43 <_ZL15parse_size_listRKNSt7__cxx1112basic_stringIcSt11char_traitsIcESaIcEEE>:
  402e43:	55                   	push   rbp
  402e44:	48 89 e5             	mov    rbp,rsp
  402e47:	53                   	push   rbx
  402e48:	48 83 ec 58          	sub    rsp,0x58
  402e4c:	48 89 7d a8          	mov    QWORD PTR [rbp-0x58],rdi
  402e50:	48 89 75 a0          	mov    QWORD PTR [rbp-0x60],rsi
  402e54:	48 8b 45 a8          	mov    rax,QWORD PTR [rbp-0x58]
  402e58:	48 89 c7             	mov    rdi,rax
  402e5b:	e8 1a 24 00 00       	call   40527a <_ZNSt6vectorImSaImEEC1Ev>
  402e60:	48 c7 45 e8 00 00 00 	mov    QWORD PTR [rbp-0x18],0x0
  402e67:	00 
  402e68:	e9 b5 00 00 00       	jmp    402f22 <_ZL15parse_size_listRKNSt7__cxx1112basic_stringIcSt11char_traitsIcESaIcEEE+0xdf>
  402e6d:	48 8b 55 e8          	mov    rdx,QWORD PTR [rbp-0x18]
  402e71:	48 8b 45 a0          	mov    rax,QWORD PTR [rbp-0x60]
  402e75:	be 2c 00 00 00       	mov    esi,0x2c
  402e7a:	48 89 c7             	mov    rdi,rax
  402e7d:	e8 be f3 ff ff       	call   402240 <_ZNKSt7__cxx1112basic_stringIcSt11char_traitsIcESaIcEE4findEcm@plt>
  402e82:	48 89 45 e0          	mov    QWORD PTR [rbp-0x20],rax
  402e86:	48 83 7d e0 ff       	cmp    QWORD PTR [rbp-0x20],0xffffffffffffffff
  402e8b:	74 0a                	je     402e97 <_ZL15parse_size_listRKNSt7__cxx1112basic_stringIcSt11char_traitsIcESaIcEEE+0x54>
  402e8d:	48 8b 45 e0          	mov    rax,QWORD PTR [rbp-0x20]
  402e91:	48 2b 45 e8          	sub    rax,QWORD PTR [rbp-0x18]
  402e95:	eb 07                	jmp    402e9e <_ZL15parse_size_listRKNSt7__cxx1112basic_stringIcSt11char_traitsIcESaIcEEE+0x5b>
  402e97:	48 c7 c0 ff ff ff ff 	mov    rax,0xffffffffffffffff
  402e9e:	48 8d 7d b0          	lea    rdi,[rbp-0x50]
  402ea2:	48 8b 55 e8          	mov    rdx,QWORD PTR [rbp-0x18]
  402ea6:	48 8b 75 a0          	mov    rsi,QWORD PTR [rbp-0x60]
  402eaa:	48 89 c1             	mov    rcx,rax
  402ead:	e8 2e f3 ff ff       	call   4021e0 <_ZNKSt7__cxx1112basic_stringIcSt11char_traitsIcESaIcEE6substrEmm@plt>
  402eb2:	48 8d 45 b0          	lea    rax,[rbp-0x50]
  402eb6:	48 89 c7             	mov    rdi,rax
  402eb9:	e8 a2 f4 ff ff       	call   402360 <_ZNKSt7__cxx1112basic_stringIcSt11char_traitsIcESaIcEE5emptyEv@plt>
  402ebe:	83 f0 01             	xor    eax,0x1
  402ec1:	84 c0                	test   al,al
  402ec3:	74 2d                	je     402ef2 <_ZL15parse_size_listRKNSt7__cxx1112basic_stringIcSt11char_traitsIcESaIcEEE+0xaf>
  402ec5:	48 8d 45 b0          	lea    rax,[rbp-0x50]
  402ec9:	ba 0a 00 00 00       	mov    edx,0xa
  402ece:	be 00 00 00 00       	mov    esi,0x0
  402ed3:	48 89 c7             	mov    rdi,rax
  402ed6:	e8 26 23 00 00       	call   405201 <_ZNSt7__cxx115stoulERKNS_12basic_stringIcSt11char_traitsIcESaIcEEEPmi>
  402edb:	48 89 45 d8          	mov    QWORD PTR [rbp-0x28],rax
  402edf:	48 8d 55 d8          	lea    rdx,[rbp-0x28]
  402ee3:	48 8b 45 a8          	mov    rax,QWORD PTR [rbp-0x58]
  402ee7:	48 89 d6             	mov    rsi,rdx
  402eea:	48 89 c7             	mov    rdi,rax
  402eed:	e8 50 26 00 00       	call   405542 <_ZNSt6vectorImSaImEE9push_backEOm>
  402ef2:	48 83 7d e0 ff       	cmp    QWORD PTR [rbp-0x20],0xffffffffffffffff
  402ef7:	75 07                	jne    402f00 <_ZL15parse_size_listRKNSt7__cxx1112basic_stringIcSt11char_traitsIcESaIcEEE+0xbd>
  402ef9:	bb 00 00 00 00       	mov    ebx,0x0
  402efe:	eb 11                	jmp    402f11 <_ZL15parse_size_listRKNSt7__cxx1112basic_stringIcSt11char_traitsIcESaIcEEE+0xce>
  402f00:	48 8b 45 e0          	mov    rax,QWORD PTR [rbp-0x20]
  402f04:	48 83 c0 01          	add    rax,0x1
  402f08:	48 89 45 e8          	mov    QWORD PTR [rbp-0x18],rax
  402f0c:	bb 01 00 00 00       	mov    ebx,0x1
  402f11:	48 8d 45 b0          	lea    rax,[rbp-0x50]
  402f15:	48 89 c7             	mov    rdi,rax
  402f18:	e8 13 f2 ff ff       	call   402130 <_ZNSt7__cxx1112basic_stringIcSt11char_traitsIcESaIcEED1Ev@plt>
  402f1d:	83 fb 01             	cmp    ebx,0x1
  402f20:	75 48                	jne    402f6a <_ZL15parse_size_listRKNSt7__cxx1112basic_stringIcSt11char_traitsIcESaIcEEE+0x127>
  402f22:	48 8b 45 a0          	mov    rax,QWORD PTR [rbp-0x60]
  402f26:	48 89 c7             	mov    rdi,rax
  402f29:	e8 12 f2 ff ff       	call   402140 <_ZNKSt7__cxx1112basic_stringIcSt11char_traitsIcESaIcEE4sizeEv@plt>
  402f2e:	48 39 45 e8          	cmp    QWORD PTR [rbp-0x18],rax
  402f32:	0f 92 c0             	setb   al
  402f35:	84 c0                	test   al,al
  402f37:	0f 85 30 ff ff ff    	jne    402e6d <_ZL15parse_size_listRKNSt7__cxx1112basic_stringIcSt11char_traitsIcESaIcEEE+0x2a>
  402f3d:	eb 2b                	jmp    402f6a <_ZL15parse_size_listRKNSt7__cxx1112basic_stringIcSt11char_traitsIcESaIcEEE+0x127>
  402f3f:	48 89 c3             	mov    rbx,rax
  402f42:	48 8d 45 b0          	lea    rax,[rbp-0x50]
  402f46:	48 89 c7             	mov    rdi,rax
  402f49:	e8 e2 f1 ff ff       	call   402130 <_ZNSt7__cxx1112basic_stringIcSt11char_traitsIcESaIcEED1Ev@plt>
  402f4e:	eb 03                	jmp    402f53 <_ZL15parse_size_listRKNSt7__cxx1112basic_stringIcSt11char_traitsIcESaIcEEE+0x110>
  402f50:	48 89 c3             	mov    rbx,rax
  402f53:	48 8b 45 a8          	mov    rax,QWORD PTR [rbp-0x58]
  402f57:	48 89 c7             	mov    rdi,rax
  402f5a:	e8 9f 25 00 00       	call   4054fe <_ZNSt6vectorImSaImEED1Ev>
  402f5f:	48 89 d8             	mov    rax,rbx
  402f62:	48 89 c7             	mov    rdi,rax
  402f65:	e8 26 f4 ff ff       	call   402390 <_Unwind_Resume@plt>
  402f6a:	90                   	nop
  402f6b:	48 8b 45 a8          	mov    rax,QWORD PTR [rbp-0x58]
  402f6f:	48 8b 5d f8          	mov    rbx,QWORD PTR [rbp-0x8]
  402f73:	c9                   	leave  
  402f74:	c3                   	ret    

0000000000402f75 <_Z10parse_argsiPPcR6Config>:
  402f75:	55                   	push   rbp
  402f76:	48 89 e5             	mov    rbp,rsp
  402f79:	41 54                	push   r12
  402f7b:	53                   	push   rbx
  402f7c:	48 81 ec 40 02 00 00 	sub    rsp,0x240
  402f83:	89 bd cc fd ff ff    	mov    DWORD PTR [rbp-0x234],edi
  402f89:	48 89 b5 c0 fd ff ff 	mov    QWORD PTR [rbp-0x240],rsi
  402f90:	48 89 95 b8 fd ff ff 	mov    QWORD PTR [rbp-0x248],rdx
  402f97:	48 8b 85 b8 fd ff ff 	mov    rax,QWORD PTR [rbp-0x248]
  402f9e:	48 c7 40 68 40 00 00 	mov    QWORD PTR [rax+0x68],0x40
  402fa5:	00 
  402fa6:	48 8b 85 b8 fd ff ff 	mov    rax,QWORD PTR [rbp-0x248]
  402fad:	48 c7 80 88 00 00 00 	mov    QWORD PTR [rax+0x88],0x80
  402fb4:	80 00 00 00 
  402fb8:	c7 45 ec 01 00 00 00 	mov    DWORD PTR [rbp-0x14],0x1
  402fbf:	e9 07 0a 00 00       	jmp    4039cb <_Z10parse_argsiPPcR6Config+0xa56>
  402fc4:	48 8d 85 ff fd ff ff 	lea    rax,[rbp-0x201]
  402fcb:	48 89 c7             	mov    rdi,rax
  402fce:	e8 cd f3 ff ff       	call   4023a0 <_ZNSaIcEC1Ev@plt>
  402fd3:	8b 45 ec             	mov    eax,DWORD PTR [rbp-0x14]
  402fd6:	48 98                	cdqe   
  402fd8:	48 8d 14 c5 00 00 00 	lea    rdx,[rax*8+0x0]
  402fdf:	00 
  402fe0:	48 8b 85 c0 fd ff ff 	mov    rax,QWORD PTR [rbp-0x240]
  402fe7:	48 01 d0             	add    rax,rdx
  402fea:	48 8b 08             	mov    rcx,QWORD PTR [rax]
  402fed:	48 8d 95 ff fd ff ff 	lea    rdx,[rbp-0x201]
  402ff4:	48 8d 85 d0 fd ff ff 	lea    rax,[rbp-0x230]
  402ffb:	48 89 ce             	mov    rsi,rcx
  402ffe:	48 89 c7             	mov    rdi,rax
  403001:	e8 6a f2 ff ff       	call   402270 <_ZNSt7__cxx1112basic_stringIcSt11char_traitsIcESaIcEEC1EPKcRKS3_@plt>
  403006:	48 8d 85 ff fd ff ff 	lea    rax,[rbp-0x201]
  40300d:	48 89 c7             	mov    rdi,rax
  403010:	e8 db f1 ff ff       	call   4021f0 <_ZNSaIcED1Ev@plt>
  403015:	48 8d 85 d0 fd ff ff 	lea    rax,[rbp-0x230]
  40301c:	be a3 a2 40 00       	mov    esi,0x40a2a3
  403021:	48 89 c7             	mov    rdi,rax
  403024:	e8 4a 25 00 00       	call   405573 <_ZSteqIcSt11char_traitsIcESaIcEEbRKNSt7__cxx1112basic_stringIT_T0_T1_EEPKS5_>
  403029:	84 c0                	test   al,al
  40302b:	74 15                	je     403042 <_Z10parse_argsiPPcR6Config+0xcd>
  40302d:	8b 45 ec             	mov    eax,DWORD PTR [rbp-0x14]
  403030:	83 c0 01             	add    eax,0x1
  403033:	39 85 cc fd ff ff    	cmp    DWORD PTR [rbp-0x234],eax
  403039:	7e 07                	jle    403042 <_Z10parse_argsiPPcR6Config+0xcd>
  40303b:	b8 01 00 00 00       	mov    eax,0x1
  403040:	eb 05                	jmp    403047 <_Z10parse_argsiPPcR6Config+0xd2>
  403042:	b8 00 00 00 00       	mov    eax,0x0
  403047:	84 c0                	test   al,al
  403049:	74 35                	je     403080 <_Z10parse_argsiPPcR6Config+0x10b>
  40304b:	83 45 ec 01          	add    DWORD PTR [rbp-0x14],0x1
  40304f:	8b 45 ec             	mov    eax,DWORD PTR [rbp-0x14]
  403052:	48 98                	cdqe   
  403054:	48 8d 14 c5 00 00 00 	lea    rdx,[rax*8+0x0]
  40305b:	00 
  40305c:	48 8b 85 c0 fd ff ff 	mov    rax,QWORD PTR [rbp-0x240]
  403063:	48 01 d0             	add    rax,rdx
  403066:	48 8b 10             	mov    rdx,QWORD PTR [rax]
  403069:	48 8b 85 b8 fd ff ff 	mov    rax,QWORD PTR [rbp-0x248]
  403070:	48 89 d6             	mov    rsi,rdx
  403073:	48 89 c7             	mov    rdi,rax
  403076:	e8 e5 f1 ff ff       	call   402260 <_ZNSt7__cxx1112basic_stringIcSt11char_traitsIcESaIcEEaSEPKc@plt>
  40307b:	e9 2a 09 00 00       	jmp    4039aa <_Z10parse_argsiPPcR6Config+0xa35>
  403080:	48 8d 85 d0 fd ff ff 	lea    rax,[rbp-0x230]
  403087:	be b0 a2 40 00       	mov    esi,0x40a2b0
  40308c:	48 89 c7             	mov    rdi,rax
  40308f:	e8 df 24 00 00       	call   405573 <_ZSteqIcSt11char_traitsIcESaIcEEbRKNSt7__cxx1112basic_stringIT_T0_T1_EEPKS5_>
  403094:	84 c0                	test   al,al
  403096:	74 15                	je     4030ad <_Z10parse_argsiPPcR6Config+0x138>
  403098:	8b 45 ec             	mov    eax,DWORD PTR [rbp-0x14]
  40309b:	83 c0 01             	add    eax,0x1
  40309e:	39 85 cc fd ff ff    	cmp    DWORD PTR [rbp-0x234],eax
  4030a4:	7e 07                	jle    4030ad <_Z10parse_argsiPPcR6Config+0x138>
  4030a6:	b8 01 00 00 00       	mov    eax,0x1
  4030ab:	eb 05                	jmp    4030b2 <_Z10parse_argsiPPcR6Config+0x13d>
  4030ad:	b8 00 00 00 00       	mov    eax,0x0
  4030b2:	84 c0                	test   al,al
  4030b4:	74 39                	je     4030ef <_Z10parse_argsiPPcR6Config+0x17a>
  4030b6:	83 45 ec 01          	add    DWORD PTR [rbp-0x14],0x1
  4030ba:	8b 45 ec             	mov    eax,DWORD PTR [rbp-0x14]
  4030bd:	48 98                	cdqe   
  4030bf:	48 8d 14 c5 00 00 00 	lea    rdx,[rax*8+0x0]
  4030c6:	00 
  4030c7:	48 8b 85 c0 fd ff ff 	mov    rax,QWORD PTR [rbp-0x240]
  4030ce:	48 01 d0             	add    rax,rdx
  4030d1:	48 8b 00             	mov    rax,QWORD PTR [rax]
  4030d4:	48 8b 95 b8 fd ff ff 	mov    rdx,QWORD PTR [rbp-0x248]
  4030db:	48 83 c2 20          	add    rdx,0x20
  4030df:	48 89 c6             	mov    rsi,rax
  4030e2:	48 89 d7             	mov    rdi,rdx
  4030e5:	e8 76 f1 ff ff       	call   402260 <_ZNSt7__cxx1112basic_stringIcSt11char_traitsIcESaIcEEaSEPKc@plt>
  4030ea:	e9 bb 08 00 00       	jmp    4039aa <_Z10parse_argsiPPcR6Config+0xa35>
  4030ef:	48 8d 85 d0 fd ff ff 	lea    rax,[rbp-0x230]
  4030f6:	be bd a2 40 00       	mov    esi,0x40a2bd
  4030fb:	48 89 c7             	mov    rdi,rax
  4030fe:	e8 70 24 00 00       	call   405573 <_ZSteqIcSt11char_traitsIcESaIcEEbRKNSt7__cxx1112basic_stringIT_T0_T1_EEPKS5_>
  403103:	84 c0                	test   al,al
  403105:	74 15                	je     40311c <_Z10parse_argsiPPcR6Config+0x1a7>
  403107:	8b 45 ec             	mov    eax,DWORD PTR [rbp-0x14]
  40310a:	83 c0 01             	add    eax,0x1
  40310d:	39 85 cc fd ff ff    	cmp    DWORD PTR [rbp-0x234],eax
  403113:	7e 07                	jle    40311c <_Z10parse_argsiPPcR6Config+0x1a7>
  403115:	b8 01 00 00 00       	mov    eax,0x1
  40311a:	eb 05                	jmp    403121 <_Z10parse_argsiPPcR6Config+0x1ac>
  40311c:	b8 00 00 00 00       	mov    eax,0x0
  403121:	84 c0                	test   al,al
  403123:	74 39                	je     40315e <_Z10parse_argsiPPcR6Config+0x1e9>
  403125:	83 45 ec 01          	add    DWORD PTR [rbp-0x14],0x1
  403129:	8b 45 ec             	mov    eax,DWORD PTR [rbp-0x14]
  40312c:	48 98                	cdqe   
  40312e:	48 8d 14 c5 00 00 00 	lea    rdx,[rax*8+0x0]
  403135:	00 
  403136:	48 8b 85 c0 fd ff ff 	mov    rax,QWORD PTR [rbp-0x240]
  40313d:	48 01 d0             	add    rax,rdx
  403140:	48 8b 00             	mov    rax,QWORD PTR [rax]
  403143:	48 8b 95 b8 fd ff ff 	mov    rdx,QWORD PTR [rbp-0x248]
  40314a:	48 83 c2 40          	add    rdx,0x40
  40314e:	48 89 c6             	mov    rsi,rax
  403151:	48 89 d7             	mov    rdi,rdx
  403154:	e8 07 f1 ff ff       	call   402260 <_ZNSt7__cxx1112basic_stringIcSt11char_traitsIcESaIcEEaSEPKc@plt>
  403159:	e9 4c 08 00 00       	jmp    4039aa <_Z10parse_argsiPPcR6Config+0xa35>
  40315e:	48 8d 85 d0 fd ff ff 	lea    rax,[rbp-0x230]
  403165:	be cc a2 40 00       	mov    esi,0x40a2cc
  40316a:	48 89 c7             	mov    rdi,rax
  40316d:	e8 01 24 00 00       	call   405573 <_ZSteqIcSt11char_traitsIcESaIcEEbRKNSt7__cxx1112basic_stringIT_T0_T1_EEPKS5_>
  403172:	84 c0                	test   al,al
  403174:	74 15                	je     40318b <_Z10parse_argsiPPcR6Config+0x216>
  403176:	8b 45 ec             	mov    eax,DWORD PTR [rbp-0x14]
  403179:	83 c0 01             	add    eax,0x1
  40317c:	39 85 cc fd ff ff    	cmp    DWORD PTR [rbp-0x234],eax
  403182:	7e 07                	jle    40318b <_Z10parse_argsiPPcR6Config+0x216>
  403184:	b8 01 00 00 00       	mov    eax,0x1
  403189:	eb 05                	jmp    403190 <_Z10parse_argsiPPcR6Config+0x21b>
  40318b:	b8 00 00 00 00       	mov    eax,0x0
  403190:	84 c0                	test   al,al
  403192:	0f 84 8d 00 00 00    	je     403225 <_Z10parse_argsiPPcR6Config+0x2b0>
  403198:	48 8d 85 2f fe ff ff 	lea    rax,[rbp-0x1d1]
  40319f:	48 89 c7             	mov    rdi,rax
  4031a2:	e8 f9 f1 ff ff       	call   4023a0 <_ZNSaIcEC1Ev@plt>
  4031a7:	83 45 ec 01          	add    DWORD PTR [rbp-0x14],0x1
  4031ab:	8b 45 ec             	mov    eax,DWORD PTR [rbp-0x14]
  4031ae:	48 98                	cdqe   
  4031b0:	48 8d 14 c5 00 00 00 	lea    rdx,[rax*8+0x0]
  4031b7:	00 
  4031b8:	48 8b 85 c0 fd ff ff 	mov    rax,QWORD PTR [rbp-0x240]
  4031bf:	48 01 d0             	add    rax,rdx
  4031c2:	48 8b 08             	mov    rcx,QWORD PTR [rax]
  4031c5:	48 8d 95 2f fe ff ff 	lea    rdx,[rbp-0x1d1]
  4031cc:	48 8d 85 00 fe ff ff 	lea    rax,[rbp-0x200]
  4031d3:	48 89 ce             	mov    rsi,rcx
  4031d6:	48 89 c7             	mov    rdi,rax
  4031d9:	e8 92 f0 ff ff       	call   402270 <_ZNSt7__cxx1112basic_stringIcSt11char_traitsIcESaIcEEC1EPKcRKS3_@plt>
  4031de:	48 8d 85 00 fe ff ff 	lea    rax,[rbp-0x200]
  4031e5:	ba 0a 00 00 00       	mov    edx,0xa
  4031ea:	be 00 00 00 00       	mov    esi,0x0
  4031ef:	48 89 c7             	mov    rdi,rax
  4031f2:	e8 0a 20 00 00       	call   405201 <_ZNSt7__cxx115stoulERKNS_12basic_stringIcSt11char_traitsIcESaIcEEEPmi>
  4031f7:	48 8b 95 b8 fd ff ff 	mov    rdx,QWORD PTR [rbp-0x248]
  4031fe:	48 89 42 60          	mov    QWORD PTR [rdx+0x60],rax
  403202:	48 8d 85 00 fe ff ff 	lea    rax,[rbp-0x200]
  403209:	48 89 c7             	mov    rdi,rax
  40320c:	e8 1f ef ff ff       	call   402130 <_ZNSt7__cxx1112basic_stringIcSt11char_traitsIcESaIcEED1Ev@plt>
  403211:	48 8d 85 2f fe ff ff 	lea    rax,[rbp-0x1d1]
  403218:	48 89 c7             	mov    rdi,rax
  40321b:	e8 d0 ef ff ff       	call   4021f0 <_ZNSaIcED1Ev@plt>
  403220:	e9 85 07 00 00       	jmp    4039aa <_Z10parse_argsiPPcR6Config+0xa35>
  403225:	48 8d 85 d0 fd ff ff 	lea    rax,[rbp-0x230]
  40322c:	be d7 a2 40 00       	mov    esi,0x40a2d7
  403231:	48 89 c7             	mov    rdi,rax
  403234:	e8 3a 23 00 00       	call   405573 <_ZSteqIcSt11char_traitsIcESaIcEEbRKNSt7__cxx1112basic_stringIT_T0_T1_EEPKS5_>
  403239:	84 c0                	test   al,al
  40323b:	74 15                	je     403252 <_Z10parse_argsiPPcR6Config+0x2dd>
  40323d:	8b 45 ec             	mov    eax,DWORD PTR [rbp-0x14]
  403240:	83 c0 01             	add    eax,0x1
  403243:	39 85 cc fd ff ff    	cmp    DWORD PTR [rbp-0x234],eax
  403249:	7e 07                	jle    403252 <_Z10parse_argsiPPcR6Config+0x2dd>
  40324b:	b8 01 00 00 00       	mov    eax,0x1
  403250:	eb 05                	jmp    403257 <_Z10parse_argsiPPcR6Config+0x2e2>
  403252:	b8 00 00 00 00       	mov    eax,0x0
  403257:	84 c0                	test   al,al
  403259:	0f 84 8d 00 00 00    	je     4032ec <_Z10parse_argsiPPcR6Config+0x377>
  40325f:	48 8d 85 5f fe ff ff 	lea    rax,[rbp-0x1a1]
  403266:	48 89 c7             	mov    rdi,rax
  403269:	e8 32 f1 ff ff       	call   4023a0 <_ZNSaIcEC1Ev@plt>
  40326e:	83 45 ec 01          	add    DWORD PTR [rbp-0x14],0x1
  403272:	8b 45 ec             	mov    eax,DWORD PTR [rbp-0x14]
  403275:	48 98                	cdqe   
  403277:	48 8d 14 c5 00 00 00 	lea    rdx,[rax*8+0x0]
  40327e:	00 
  40327f:	48 8b 85 c0 fd ff ff 	mov    rax,QWORD PTR [rbp-0x240]
  403286:	48 01 d0             	add    rax,rdx
  403289:	48 8b 08             	mov    rcx,QWORD PTR [rax]
  40328c:	48 8d 95 5f fe ff ff 	lea    rdx,[rbp-0x1a1]
  403293:	48 8d 85 30 fe ff ff 	lea    rax,[rbp-0x1d0]
  40329a:	48 89 ce             	mov    rsi,rcx
  40329d:	48 89 c7             	mov    rdi,rax
  4032a0:	e8 cb ef ff ff       	call   402270 <_ZNSt7__cxx1112basic_stringIcSt11char_traitsIcESaIcEEC1EPKcRKS3_@plt>
  4032a5:	48 8d 85 30 fe ff ff 	lea    rax,[rbp-0x1d0]
  4032ac:	ba 0a 00 00 00       	mov    edx,0xa
  4032b1:	be 00 00 00 00       	mov    esi,0x0
  4032b6:	48 89 c7             	mov    rdi,rax
  4032b9:	e8 43 1f 00 00       	call   405201 <_ZNSt7__cxx115stoulERKNS_12basic_stringIcSt11char_traitsIcESaIcEEEPmi>
  4032be:	48 8b 95 b8 fd ff ff 	mov    rdx,QWORD PTR [rbp-0x248]
  4032c5:	48 89 42 68          	mov    QWORD PTR [rdx+0x68],rax
  4032c9:	48 8d 85 30 fe ff ff 	lea    rax,[rbp-0x1d0]
  4032d0:	48 89 c7             	mov    rdi,rax
  4032d3:	e8 58 ee ff ff       	call   402130 <_ZNSt7__cxx1112basic_stringIcSt11char_traitsIcESaIcEED1Ev@plt>
  4032d8:	48 8d 85 5f fe ff ff 	lea    rax,[rbp-0x1a1]
  4032df:	48 89 c7             	mov    rdi,rax
  4032e2:	e8 09 ef ff ff       	call   4021f0 <_ZNSaIcED1Ev@plt>
  4032e7:	e9 be 06 00 00       	jmp    4039aa <_Z10parse_argsiPPcR6Config+0xa35>
  4032ec:	48 8d 85 d0 fd ff ff 	lea    rax,[rbp-0x230]
  4032f3:	be e3 a2 40 00       	mov    esi,0x40a2e3
  4032f8:	48 89 c7             	mov    rdi,rax
  4032fb:	e8 73 22 00 00       	call   405573 <_ZSteqIcSt11char_traitsIcESaIcEEbRKNSt7__cxx1112basic_stringIT_T0_T1_EEPKS5_>
  403300:	84 c0                	test   al,al
  403302:	74 15                	je     403319 <_Z10parse_argsiPPcR6Config+0x3a4>
  403304:	8b 45 ec             	mov    eax,DWORD PTR [rbp-0x14]
  403307:	83 c0 01             	add    eax,0x1
  40330a:	39 85 cc fd ff ff    	cmp    DWORD PTR [rbp-0x234],eax
  403310:	7e 07                	jle    403319 <_Z10parse_argsiPPcR6Config+0x3a4>
  403312:	b8 01 00 00 00       	mov    eax,0x1
  403317:	eb 05                	jmp    40331e <_Z10parse_argsiPPcR6Config+0x3a9>
  403319:	b8 00 00 00 00       	mov    eax,0x0
  40331e:	84 c0                	test   al,al
  403320:	0f 84 8d 00 00 00    	je     4033b3 <_Z10parse_argsiPPcR6Config+0x43e>
  403326:	48 8d 85 8f fe ff ff 	lea    rax,[rbp-0x171]
  40332d:	48 89 c7             	mov    rdi,rax
  403330:	e8 6b f0 ff ff       	call   4023a0 <_ZNSaIcEC1Ev@plt>
  403335:	83 45 ec 01          	add    DWORD PTR [rbp-0x14],0x1
  403339:	8b 45 ec             	mov    eax,DWORD PTR [rbp-0x14]
  40333c:	48 98                	cdqe   
  40333e:	48 8d 14 c5 00 00 00 	lea    rdx,[rax*8+0x0]
  403345:	00 
  403346:	48 8b 85 c0 fd ff ff 	mov    rax,QWORD PTR [rbp-0x240]
  40334d:	48 01 d0             	add    rax,rdx
  403350:	48 8b 08             	mov    rcx,QWORD PTR [rax]
  403353:	48 8d 95 8f fe ff ff 	lea    rdx,[rbp-0x171]
  40335a:	48 8d 85 60 fe ff ff 	lea    rax,[rbp-0x1a0]
  403361:	48 89 ce             	mov    rsi,rcx
  403364:	48 89 c7             	mov    rdi,rax
  403367:	e8 04 ef ff ff       	call   402270 <_ZNSt7__cxx1112basic_stringIcSt11char_traitsIcESaIcEEC1EPKcRKS3_@plt>
  40336c:	48 8d 85 60 fe ff ff 	lea    rax,[rbp-0x1a0]
  403373:	ba 0a 00 00 00       	mov    edx,0xa
  403378:	be 00 00 00 00       	mov    esi,0x0
  40337d:	48 89 c7             	mov    rdi,rax
  403380:	e8 7c 1e 00 00       	call   405201 <_ZNSt7__cxx115stoulERKNS_12basic_stringIcSt11char_traitsIcESaIcEEEPmi>
  403385:	48 8b 95 b8 fd ff ff 	mov    rdx,QWORD PTR [rbp-0x248]
  40338c:	48 89 42 70          	mov    QWORD PTR [rdx+0x70],rax
  403390:	48 8d 85 60 fe ff ff 	lea    rax,[rbp-0x1a0]
  403397:	48 89 c7             	mov    rdi,rax
  40339a:	e8 91 ed ff ff       	call   402130 <_ZNSt7__cxx1112basic_stringIcSt11char_traitsIcESaIcEED1Ev@plt>
  40339f:	48 8d 85 8f fe ff ff 	lea    rax,[rbp-0x171]
  4033a6:	48 89 c7             	mov    rdi,rax
  4033a9:	e8 42 ee ff ff       	call   4021f0 <_ZNSaIcED1Ev@plt>
  4033ae:	e9 f7 05 00 00       	jmp    4039aa <_Z10parse_argsiPPcR6Config+0xa35>
  4033b3:	48 8d 85 d0 fd ff ff 	lea    rax,[rbp-0x230]
  4033ba:	be eb a2 40 00       	mov    esi,0x40a2eb
  4033bf:	48 89 c7             	mov    rdi,rax
  4033c2:	e8 ac 21 00 00       	call   405573 <_ZSteqIcSt11char_traitsIcESaIcEEbRKNSt7__cxx1112basic_stringIT_T0_T1_EEPKS5_>
  4033c7:	84 c0                	test   al,al
  4033c9:	74 15                	je     4033e0 <_Z10parse_argsiPPcR6Config+0x46b>
  4033cb:	8b 45 ec             	mov    eax,DWORD PTR [rbp-0x14]
  4033ce:	83 c0 01             	add    eax,0x1
  4033d1:	39 85 cc fd ff ff    	cmp    DWORD PTR [rbp-0x234],eax
  4033d7:	7e 07                	jle    4033e0 <_Z10parse_argsiPPcR6Config+0x46b>
  4033d9:	b8 01 00 00 00       	mov    eax,0x1
  4033de:	eb 05                	jmp    4033e5 <_Z10parse_argsiPPcR6Config+0x470>
  4033e0:	b8 00 00 00 00       	mov    eax,0x0
  4033e5:	84 c0                	test   al,al
  4033e7:	0f 84 8d 00 00 00    	je     40347a <_Z10parse_argsiPPcR6Config+0x505>
  4033ed:	48 8d 85 bf fe ff ff 	lea    rax,[rbp-0x141]
  4033f4:	48 89 c7             	mov    rdi,rax
  4033f7:	e8 a4 ef ff ff       	call   4023a0 <_ZNSaIcEC1Ev@plt>
  4033fc:	83 45 ec 01          	add    DWORD PTR [rbp-0x14],0x1
  403400:	8b 45 ec             	mov    eax,DWORD PTR [rbp-0x14]
  403403:	48 98                	cdqe   
  403405:	48 8d 14 c5 00 00 00 	lea    rdx,[rax*8+0x0]
  40340c:	00 
  40340d:	48 8b 85 c0 fd ff ff 	mov    rax,QWORD PTR [rbp-0x240]
  403414:	48 01 d0             	add    rax,rdx
  403417:	48 8b 08             	mov    rcx,QWORD PTR [rax]
  40341a:	48 8d 95 bf fe ff ff 	lea    rdx,[rbp-0x141]
  403421:	48 8d 85 90 fe ff ff 	lea    rax,[rbp-0x170]
  403428:	48 89 ce             	mov    rsi,rcx
  40342b:	48 89 c7             	mov    rdi,rax
  40342e:	e8 3d ee ff ff       	call   402270 <_ZNSt7__cxx1112basic_stringIcSt11char_traitsIcESaIcEEC1EPKcRKS3_@plt>
  403433:	48 8d 85 90 fe ff ff 	lea    rax,[rbp-0x170]
  40343a:	ba 0a 00 00 00       	mov    edx,0xa
  40343f:	be 00 00 00 00       	mov    esi,0x0
  403444:	48 89 c7             	mov    rdi,rax
  403447:	e8 b5 1d 00 00       	call   405201 <_ZNSt7__cxx115stoulERKNS_12basic_stringIcSt11char_traitsIcESaIcEEEPmi>
  40344c:	48 8b 95 b8 fd ff ff 	mov    rdx,QWORD PTR [rbp-0x248]
  403453:	48 89 42 78          	mov    QWORD PTR [rdx+0x78],rax
  403457:	48 8d 85 90 fe ff ff 	lea    rax,[rbp-0x170]
  40345e:	48 89 c7             	mov    rdi,rax
  403461:	e8 ca ec ff ff       	call   402130 <_ZNSt7__cxx1112basic_stringIcSt11char_traitsIcESaIcEED1Ev@plt>
  403466:	48 8d 85 bf fe ff ff 	lea    rax,[rbp-0x141]
  40346d:	48 89 c7             	mov    rdi,rax
  403470:	e8 7b ed ff ff       	call   4021f0 <_ZNSaIcED1Ev@plt>
  403475:	e9 30 05 00 00       	jmp    4039aa <_Z10parse_argsiPPcR6Config+0xa35>
  40347a:	48 8d 85 d0 fd ff ff 	lea    rax,[rbp-0x230]
  403481:	be f5 a2 40 00       	mov    esi,0x40a2f5
  403486:	48 89 c7             	mov    rdi,rax
  403489:	e8 e5 20 00 00       	call   405573 <_ZSteqIcSt11char_traitsIcESaIcEEbRKNSt7__cxx1112basic_stringIT_T0_T1_EEPKS5_>
  40348e:	84 c0                	test   al,al
  403490:	74 15                	je     4034a7 <_Z10parse_argsiPPcR6Config+0x532>
  403492:	8b 45 ec             	mov    eax,DWORD PTR [rbp-0x14]
  403495:	83 c0 01             	add    eax,0x1
  403498:	39 85 cc fd ff ff    	cmp    DWORD PTR [rbp-0x234],eax
  40349e:	7e 07                	jle    4034a7 <_Z10parse_argsiPPcR6Config+0x532>
  4034a0:	b8 01 00 00 00       	mov    eax,0x1
  4034a5:	eb 05                	jmp    4034ac <_Z10parse_argsiPPcR6Config+0x537>
  4034a7:	b8 00 00 00 00       	mov    eax,0x0
  4034ac:	84 c0                	test   al,al
  4034ae:	0f 84 90 00 00 00    	je     403544 <_Z10parse_argsiPPcR6Config+0x5cf>
  4034b4:	48 8d 85 ef fe ff ff 	lea    rax,[rbp-0x111]
  4034bb:	48 89 c7             	mov    rdi,rax
  4034be:	e8 dd ee ff ff       	call   4023a0 <_ZNSaIcEC1Ev@plt>
  4034c3:	83 45 ec 01          	add    DWORD PTR [rbp-0x14],0x1
  4034c7:	8b 45 ec             	mov    eax,DWORD PTR [rbp-0x14]
  4034ca:	48 98                	cdqe   
  4034cc:	48 8d 14 c5 00 00 00 	lea    rdx,[rax*8+0x0]
  4034d3:	00 
  4034d4:	48 8b 85 c0 fd ff ff 	mov    rax,QWORD PTR [rbp-0x240]
  4034db:	48 01 d0             	add    rax,rdx
  4034de:	48 8b 08             	mov    rcx,QWORD PTR [rax]
  4034e1:	48 8d 95 ef fe ff ff 	lea    rdx,[rbp-0x111]
  4034e8:	48 8d 85 c0 fe ff ff 	lea    rax,[rbp-0x140]
  4034ef:	48 89 ce             	mov    rsi,rcx
  4034f2:	48 89 c7             	mov    rdi,rax
  4034f5:	e8 76 ed ff ff       	call   402270 <_ZNSt7__cxx1112basic_stringIcSt11char_traitsIcESaIcEEC1EPKcRKS3_@plt>
  4034fa:	48 8d 85 c0 fe ff ff 	lea    rax,[rbp-0x140]
  403501:	ba 0a 00 00 00       	mov    edx,0xa
  403506:	be 00 00 00 00       	mov    esi,0x0
  40350b:	48 89 c7             	mov    rdi,rax
  40350e:	e8 ee 1c 00 00       	call   405201 <_ZNSt7__cxx115stoulERKNS_12basic_stringIcSt11char_traitsIcESaIcEEEPmi>
  403513:	48 8b 95 b8 fd ff ff 	mov    rdx,QWORD PTR [rbp-0x248]
  40351a:	48 89 82 80 00 00 00 	mov    QWORD PTR [rdx+0x80],rax
  403521:	48 8d 85 c0 fe ff ff 	lea    rax,[rbp-0x140]
  403528:	48 89 c7             	mov    rdi,rax
  40352b:	e8 00 ec ff ff       	call   402130 <_ZNSt7__cxx1112basic_stringIcSt11char_traitsIcESaIcEED1Ev@plt>
  403530:	48 8d 85 ef fe ff ff 	lea    rax,[rbp-0x111]
  403537:	48 89 c7             	mov    rdi,rax
  40353a:	e8 b1 ec ff ff       	call   4021f0 <_ZNSaIcED1Ev@plt>
  40353f:	e9 66 04 00 00       	jmp    4039aa <_Z10parse_argsiPPcR6Config+0xa35>
  403544:	48 8d 85 d0 fd ff ff 	lea    rax,[rbp-0x230]
  40354b:	be fe a2 40 00       	mov    esi,0x40a2fe
  403550:	48 89 c7             	mov    rdi,rax
  403553:	e8 1b 20 00 00       	call   405573 <_ZSteqIcSt11char_traitsIcESaIcEEbRKNSt7__cxx1112basic_stringIT_T0_T1_EEPKS5_>
  403558:	84 c0                	test   al,al
  40355a:	74 15                	je     403571 <_Z10parse_argsiPPcR6Config+0x5fc>
  40355c:	8b 45 ec             	mov    eax,DWORD PTR [rbp-0x14]
  40355f:	83 c0 01             	add    eax,0x1
  403562:	39 85 cc fd ff ff    	cmp    DWORD PTR [rbp-0x234],eax
  403568:	7e 07                	jle    403571 <_Z10parse_argsiPPcR6Config+0x5fc>
  40356a:	b8 01 00 00 00       	mov    eax,0x1
  40356f:	eb 05                	jmp    403576 <_Z10parse_argsiPPcR6Config+0x601>
  403571:	b8 00 00 00 00       	mov    eax,0x0
  403576:	84 c0                	test   al,al
  403578:	0f 84 90 00 00 00    	je     40360e <_Z10parse_argsiPPcR6Config+0x699>
  40357e:	48 8d 85 1f ff ff ff 	lea    rax,[rbp-0xe1]
  403585:	48 89 c7             	mov    rdi,rax
  403588:	e8 13 ee ff ff       	call   4023a0 <_ZNSaIcEC1Ev@plt>
  40358d:	83 45 ec 01          	add    DWORD PTR [rbp-0x14],0x1
  403591:	8b 45 ec             	mov    eax,DWORD PTR [rbp-0x14]
  403594:	48 98                	cdqe   
  403596:	48 8d 14 c5 00 00 00 	lea    rdx,[rax*8+0x0]
  40359d:	00 
  40359e:	48 8b 85 c0 fd ff ff 	mov    rax,QWORD PTR [rbp-0x240]
  4035a5:	48 01 d0             	add    rax,rdx
  4035a8:	48 8b 08             	mov    rcx,QWORD PTR [rax]
  4035ab:	48 8d 95 1f ff ff ff 	lea    rdx,[rbp-0xe1]
  4035b2:	48 8d 85 f0 fe ff ff 	lea    rax,[rbp-0x110]
  4035b9:	48 89 ce             	mov    rsi,rcx
  4035bc:	48 89 c7             	mov    rdi,rax
  4035bf:	e8 ac ec ff ff       	call   402270 <_ZNSt7__cxx1112basic_stringIcSt11char_traitsIcESaIcEEC1EPKcRKS3_@plt>
  4035c4:	48 8d 85 f0 fe ff ff 	lea    rax,[rbp-0x110]
  4035cb:	ba 0a 00 00 00       	mov    edx,0xa
  4035d0:	be 00 00 00 00       	mov    esi,0x0
  4035d5:	48 89 c7             	mov    rdi,rax
  4035d8:	e8 24 1c 00 00       	call   405201 <_ZNSt7__cxx115stoulERKNS_12basic_stringIcSt11char_traitsIcESaIcEEEPmi>
  4035dd:	48 8b 95 b8 fd ff ff 	mov    rdx,QWORD PTR [rbp-0x248]
  4035e4:	48 89 82 88 00 00 00 	mov    QWORD PTR [rdx+0x88],rax
  4035eb:	48 8d 85 f0 fe ff ff 	lea    rax,[rbp-0x110]
  4035f2:	48 89 c7             	mov    rdi,rax
  4035f5:	e8 36 eb ff ff       	call   402130 <_ZNSt7__cxx1112basic_stringIcSt11char_traitsIcESaIcEED1Ev@plt>
  4035fa:	48 8d 85 1f ff ff ff 	lea    rax,[rbp-0xe1]
  403601:	48 89 c7             	mov    rdi,rax
  403604:	e8 e7 eb ff ff       	call   4021f0 <_ZNSaIcED1Ev@plt>
  403609:	e9 9c 03 00 00       	jmp    4039aa <_Z10parse_argsiPPcR6Config+0xa35>
  40360e:	48 8d 85 d0 fd ff ff 	lea    rax,[rbp-0x230]
  403615:	be 06 a3 40 00       	mov    esi,0x40a306
  40361a:	48 89 c7             	mov    rdi,rax
  40361d:	e8 51 1f 00 00       	call   405573 <_ZSteqIcSt11char_traitsIcESaIcEEbRKNSt7__cxx1112basic_stringIT_T0_T1_EEPKS5_>
  403622:	84 c0                	test   al,al
  403624:	74 15                	je     40363b <_Z10parse_argsiPPcR6Config+0x6c6>
  403626:	8b 45 ec             	mov    eax,DWORD PTR [rbp-0x14]
  403629:	83 c0 01             	add    eax,0x1
  40362c:	39 85 cc fd ff ff    	cmp    DWORD PTR [rbp-0x234],eax
  403632:	7e 07                	jle    40363b <_Z10parse_argsiPPcR6Config+0x6c6>
  403634:	b8 01 00 00 00       	mov    eax,0x1
  403639:	eb 05                	jmp    403640 <_Z10parse_argsiPPcR6Config+0x6cb>
  40363b:	b8 00 00 00 00       	mov    eax,0x0
  403640:	84 c0                	test   al,al
  403642:	0f 84 91 00 00 00    	je     4036d9 <_Z10parse_argsiPPcR6Config+0x764>
  403648:	48 8d 85 4f ff ff ff 	lea    rax,[rbp-0xb1]
  40364f:	48 89 c7             	mov    rdi,rax
  403652:	e8 49 ed ff ff       	call   4023a0 <_ZNSaIcEC1Ev@plt>
  403657:	83 45 ec 01          	add    DWORD PTR [rbp-0x14],0x1
  40365b:	8b 45 ec             	mov    eax,DWORD PTR [rbp-0x14]
  40365e:	48 98                	cdqe   
  403660:	48 8d 14 c5 00 00 00 	lea    rdx,[rax*8+0x0]
  403667:	00 
  403668:	48 8b 85 c0 fd ff ff 	mov    rax,QWORD PTR [rbp-0x240]
  40366f:	48 01 d0             	add    rax,rdx
  403672:	48 8b 08             	mov    rcx,QWORD PTR [rax]
  403675:	48 8d 95 4f ff ff ff 	lea    rdx,[rbp-0xb1]
  40367c:	48 8d 85 20 ff ff ff 	lea    rax,[rbp-0xe0]
  403683:	48 89 ce             	mov    rsi,rcx
  403686:	48 89 c7             	mov    rdi,rax
  403689:	e8 e2 eb ff ff       	call   402270 <_ZNSt7__cxx1112basic_stringIcSt11char_traitsIcESaIcEEC1EPKcRKS3_@plt>
  40368e:	48 8d 85 20 ff ff ff 	lea    rax,[rbp-0xe0]
  403695:	ba 0a 00 00 00       	mov    edx,0xa
  40369a:	be 00 00 00 00       	mov    esi,0x0
  40369f:	48 89 c7             	mov    rdi,rax
  4036a2:	e8 5a 1b 00 00       	call   405201 <_ZNSt7__cxx115stoulERKNS_12basic_stringIcSt11char_traitsIcESaIcEEEPmi>
  4036a7:	89 c2                	mov    edx,eax
  4036a9:	48 8b 85 b8 fd ff ff 	mov    rax,QWORD PTR [rbp-0x248]
  4036b0:	89 90 90 00 00 00    	mov    DWORD PTR [rax+0x90],edx
  4036b6:	48 8d 85 20 ff ff ff 	lea    rax,[rbp-0xe0]
  4036bd:	48 89 c7             	mov    rdi,rax
  4036c0:	e8 6b ea ff ff       	call   402130 <_ZNSt7__cxx1112basic_stringIcSt11char_traitsIcESaIcEED1Ev@plt>
  4036c5:	48 8d 85 4f ff ff ff 	lea    rax,[rbp-0xb1]
  4036cc:	48 89 c7             	mov    rdi,rax
  4036cf:	e8 1c eb ff ff       	call   4021f0 <_ZNSaIcED1Ev@plt>
  4036d4:	e9 d1 02 00 00       	jmp    4039aa <_Z10parse_argsiPPcR6Config+0xa35>
  4036d9:	48 8d 85 d0 fd ff ff 	lea    rax,[rbp-0x230]
  4036e0:	be 0d a3 40 00       	mov    esi,0x40a30d
  4036e5:	48 89 c7             	mov    rdi,rax
  4036e8:	e8 86 1e 00 00       	call   405573 <_ZSteqIcSt11char_traitsIcESaIcEEbRKNSt7__cxx1112basic_stringIT_T0_T1_EEPKS5_>
  4036ed:	84 c0                	test   al,al
  4036ef:	74 15                	je     403706 <_Z10parse_argsiPPcR6Config+0x791>
  4036f1:	8b 45 ec             	mov    eax,DWORD PTR [rbp-0x14]
  4036f4:	83 c0 01             	add    eax,0x1
  4036f7:	39 85 cc fd ff ff    	cmp    DWORD PTR [rbp-0x234],eax
  4036fd:	7e 07                	jle    403706 <_Z10parse_argsiPPcR6Config+0x791>
  4036ff:	b8 01 00 00 00       	mov    eax,0x1
  403704:	eb 05                	jmp    40370b <_Z10parse_argsiPPcR6Config+0x796>
  403706:	b8 00 00 00 00       	mov    eax,0x0
  40370b:	84 c0                	test   al,al
  40370d:	74 3c                	je     40374b <_Z10parse_argsiPPcR6Config+0x7d6>
  40370f:	83 45 ec 01          	add    DWORD PTR [rbp-0x14],0x1
  403713:	8b 45 ec             	mov    eax,DWORD PTR [rbp-0x14]
  403716:	48 98                	cdqe   
  403718:	48 8d 14 c5 00 00 00 	lea    rdx,[rax*8+0x0]
  40371f:	00 
  403720:	48 8b 85 c0 fd ff ff 	mov    rax,QWORD PTR [rbp-0x240]
  403727:	48 01 d0             	add    rax,rdx
  40372a:	48 8b 00             	mov    rax,QWORD PTR [rax]
  40372d:	48 8b 95 b8 fd ff ff 	mov    rdx,QWORD PTR [rbp-0x248]
  403734:	48 81 c2 98 00 00 00 	add    rdx,0x98
  40373b:	48 89 c6             	mov    rsi,rax
  40373e:	48 89 d7             	mov    rdi,rdx
  403741:	e8 1a eb ff ff       	call   402260 <_ZNSt7__cxx1112basic_stringIcSt11char_traitsIcESaIcEEaSEPKc@plt>
  403746:	e9 5f 02 00 00       	jmp    4039aa <_Z10parse_argsiPPcR6Config+0xa35>
  40374b:	48 8d 85 d0 fd ff ff 	lea    rax,[rbp-0x230]
  403752:	be 16 a3 40 00       	mov    esi,0x40a316
  403757:	48 89 c7             	mov    rdi,rax
  40375a:	e8 14 1e 00 00       	call   405573 <_ZSteqIcSt11char_traitsIcESaIcEEbRKNSt7__cxx1112basic_stringIT_T0_T1_EEPKS5_>
  40375f:	84 c0                	test   al,al
  403761:	74 15                	je     403778 <_Z10parse_argsiPPcR6Config+0x803>
  403763:	8b 45 ec             	mov    eax,DWORD PTR [rbp-0x14]
  403766:	83 c0 01             	add    eax,0x1
  403769:	39 85 cc fd ff ff    	cmp    DWORD PTR [rbp-0x234],eax
  40376f:	7e 07                	jle    403778 <_Z10parse_argsiPPcR6Config+0x803>
  403771:	b8 01 00 00 00       	mov    eax,0x1
  403776:	eb 05                	jmp    40377d <_Z10parse_argsiPPcR6Config+0x808>
  403778:	b8 00 00 00 00       	mov    eax,0x0
  40377d:	84 c0                	test   al,al
  40377f:	74 3c                	je     4037bd <_Z10parse_argsiPPcR6Config+0x848>
  403781:	83 45 ec 01          	add    DWORD PTR [rbp-0x14],0x1
  403785:	8b 45 ec             	mov    eax,DWORD PTR [rbp-0x14]
  403788:	48 98                	cdqe   
  40378a:	48 8d 14 c5 00 00 00 	lea    rdx,[rax*8+0x0]
  403791:	00 
  403792:	48 8b 85 c0 fd ff ff 	mov    rax,QWORD PTR [rbp-0x240]
  403799:	48 01 d0             	add    rax,rdx
  40379c:	48 8b 00             	mov    rax,QWORD PTR [rax]
  40379f:	48 8b 95 b8 fd ff ff 	mov    rdx,QWORD PTR [rbp-0x248]
  4037a6:	48 81 c2 b8 00 00 00 	add    rdx,0xb8
  4037ad:	48 89 c6             	mov    rsi,rax
  4037b0:	48 89 d7             	mov    rdi,rdx
  4037b3:	e8 a8 ea ff ff       	call   402260 <_ZNSt7__cxx1112basic_stringIcSt11char_traitsIcESaIcEEaSEPKc@plt>
  4037b8:	e9 ed 01 00 00       	jmp    4039aa <_Z10parse_argsiPPcR6Config+0xa35>
  4037bd:	48 8d 85 d0 fd ff ff 	lea    rax,[rbp-0x230]
  4037c4:	be 23 a3 40 00       	mov    esi,0x40a323
  4037c9:	48 89 c7             	mov    rdi,rax
  4037cc:	e8 a2 1d 00 00       	call   405573 <_ZSteqIcSt11char_traitsIcESaIcEEbRKNSt7__cxx1112basic_stringIT_T0_T1_EEPKS5_>
  4037d1:	84 c0                	test   al,al
  4037d3:	74 15                	je     4037ea <_Z10parse_argsiPPcR6Config+0x875>
  4037d5:	8b 45 ec             	mov    eax,DWORD PTR [rbp-0x14]
  4037d8:	83 c0 01             	add    eax,0x1
  4037db:	39 85 cc fd ff ff    	cmp    DWORD PTR [rbp-0x234],eax
  4037e1:	7e 07                	jle    4037ea <_Z10parse_argsiPPcR6Config+0x875>
  4037e3:	b8 01 00 00 00       	mov    eax,0x1
  4037e8:	eb 05                	jmp    4037ef <_Z10parse_argsiPPcR6Config+0x87a>
  4037ea:	b8 00 00 00 00       	mov    eax,0x0
  4037ef:	84 c0                	test   al,al
  4037f1:	0f 84 a8 00 00 00    	je     40389f <_Z10parse_argsiPPcR6Config+0x92a>
  4037f7:	48 8d 45 9f          	lea    rax,[rbp-0x61]
  4037fb:	48 89 c7             	mov    rdi,rax
  4037fe:	e8 9d eb ff ff       	call   4023a0 <_ZNSaIcEC1Ev@plt>
  403803:	83 45 ec 01          	add    DWORD PTR [rbp-0x14],0x1
  403807:	8b 45 ec             	mov    eax,DWORD PTR [rbp-0x14]
  40380a:	48 98                	cdqe   
  40380c:	48 8d 14 c5 00 00 00 	lea    rdx,[rax*8+0x0]
  403813:	00 
  403814:	48 8b 85 c0 fd ff ff 	mov    rax,QWORD PTR [rbp-0x240]
  40381b:	48 01 d0             	add    rax,rdx
  40381e:	48 8b 08             	mov    rcx,QWORD PTR [rax]
  403821:	48 8d 55 9f          	lea    rdx,[rbp-0x61]
  403825:	48 8d 85 70 ff ff ff 	lea    rax,[rbp-0x90]
  40382c:	48 89 ce             	mov    rsi,rcx
  40382f:	48 89 c7             	mov    rdi,rax
  403832:	e8 39 ea ff ff       	call   402270 <_ZNSt7__cxx1112basic_stringIcSt11char_traitsIcESaIcEEC1EPKcRKS3_@plt>
  403837:	48 8d 85 50 ff ff ff 	lea    rax,[rbp-0xb0]
  40383e:	48 8d 95 70 ff ff ff 	lea    rdx,[rbp-0x90]
  403845:	48 89 d6             	mov    rsi,rdx
  403848:	48 89 c7             	mov    rdi,rax
  40384b:	e8 f3 f5 ff ff       	call   402e43 <_ZL15parse_size_listRKNSt7__cxx1112basic_stringIcSt11char_traitsIcESaIcEEE>
  403850:	48 8b 85 b8 fd ff ff 	mov    rax,QWORD PTR [rbp-0x248]
  403857:	48 8d 90 d8 00 00 00 	lea    rdx,[rax+0xd8]
  40385e:	48 8d 85 50 ff ff ff 	lea    rax,[rbp-0xb0]
  403865:	48 89 c6             	mov    rsi,rax
  403868:	48 89 d7             	mov    rdi,rdx
  40386b:	e8 2e 1d 00 00       	call   40559e <_ZNSt6vectorImSaImEEaSEOS1_>
  403870:	48 8d 85 50 ff ff ff 	lea    rax,[rbp-0xb0]
  403877:	48 89 c7             	mov    rdi,rax
  40387a:	e8 7f 1c 00 00       	call   4054fe <_ZNSt6vectorImSaImEED1Ev>
  40387f:	48 8d 85 70 ff ff ff 	lea    rax,[rbp-0x90]
  403886:	48 89 c7             	mov    rdi,rax
  403889:	e8 a2 e8 ff ff       	call   402130 <_ZNSt7__cxx1112basic_stringIcSt11char_traitsIcESaIcEED1Ev@plt>
  40388e:	48 8d 45 9f          	lea    rax,[rbp-0x61]
  403892:	48 89 c7             	mov    rdi,rax
  403895:	e8 56 e9 ff ff       	call   4021f0 <_ZNSaIcED1Ev@plt>
  40389a:	e9 0b 01 00 00       	jmp    4039aa <_Z10parse_argsiPPcR6Config+0xa35>
  40389f:	48 8d 85 d0 fd ff ff 	lea    rax,[rbp-0x230]
  4038a6:	be 2c a3 40 00       	mov    esi,0x40a32c
  4038ab:	48 89 c7             	mov    rdi,rax
  4038ae:	e8 c0 1c 00 00       	call   405573 <_ZSteqIcSt11char_traitsIcESaIcEEbRKNSt7__cxx1112basic_stringIT_T0_T1_EEPKS5_>
  4038b3:	84 c0                	test   al,al
  4038b5:	74 15                	je     4038cc <_Z10parse_argsiPPcR6Config+0x957>
  4038b7:	8b 45 ec             	mov    eax,DWORD PTR [rbp-0x14]
  4038ba:	83 c0 01             	add    eax,0x1
  4038bd:	39 85 cc fd ff ff    	cmp    DWORD PTR [rbp-0x234],eax
  4038c3:	7e 07                	jle    4038cc <_Z10parse_argsiPPcR6Config+0x957>
  4038c5:	b8 01 00 00 00       	mov    eax,0x1
  4038ca:	eb 05                	jmp    4038d1 <_Z10parse_argsiPPcR6Config+0x95c>
  4038cc:	b8 00 00 00 00       	mov    eax,0x0
  4038d1:	84 c0                	test   al,al
  4038d3:	0f 84 93 00 00 00    	je     40396c <_Z10parse_argsiPPcR6Config+0x9f7>
  4038d9:	48 8d 45 eb          	lea    rax,[rbp-0x15]
  4038dd:	48 89 c7             	mov    rdi,rax
  4038e0:	e8 bb ea ff ff       	call   4023a0 <_ZNSaIcEC1Ev@plt>
  4038e5:	83 45 ec 01          	add    DWORD PTR [rbp-0x14],0x1
  4038e9:	8b 45 ec             	mov    eax,DWORD PTR [rbp-0x14]
  4038ec:	48 98                	cdqe   
  4038ee:	48 8d 14 c5 00 00 00 	lea    rdx,[rax*8+0x0]
  4038f5:	00 
  4038f6:	48 8b 85 c0 fd ff ff 	mov    rax,QWORD PTR [rbp-0x240]
  4038fd:	48 01 d0             	add    rax,rdx
  403900:	48 8b 08             	mov    rcx,QWORD PTR [rax]
  403903:	48 8d 55 eb          	lea    rdx,[rbp-0x15]
  403907:	48 8d 45 c0          	lea    rax,[rbp-0x40]
  40390b:	48 89 ce             	mov    rsi,rcx
  40390e:	48 89 c7             	mov    rdi,rax
  403911:	e8 5a e9 ff ff       	call   402270 <_ZNSt7__cxx1112basic_stringIcSt11char_traitsIcESaIcEEC1EPKcRKS3_@plt>
  403916:	48 8d 45 a0          	lea    rax,[rbp-0x60]
  40391a:	48 8d 55 c0          	lea    rdx,[rbp-0x40]
  40391e:	48 89 d6             	mov    rsi,rdx
  403921:	48 89 c7             	mov    rdi,rax
  403924:	e8 1a f5 ff ff       	call   402e43 <_ZL15parse_size_listRKNSt7__cxx1112basic_stringIcSt11char_traitsIcESaIcEEE>
  403929:	48 8b 85 b8 fd ff ff 	mov    rax,QWORD PTR [rbp-0x248]
  403930:	48 8d 90 f0 00 00 00 	lea    rdx,[rax+0xf0]
  403937:	48 8d 45 a0          	lea    rax,[rbp-0x60]
  40393b:	48 89 c6             	mov    rsi,rax
  40393e:	48 89 d7             	mov    rdi,rdx
  403941:	e8 58 1c 00 00       	call   40559e <_ZNSt6vectorImSaImEEaSEOS1_>
  403946:	48 8d 45 a0          	lea    rax,[rbp-0x60]
  40394a:	48 89 c7             	mov    rdi,rax
  40394d:	e8 ac 1b 00 00       	call   4054fe <_ZNSt6vectorImSaImEED1Ev>
  403952:	48 8d 45 c0          	lea    rax,[rbp-0x40]
  403956:	48 89 c7             	mov    rdi,rax
  403959:	e8 d2 e7 ff ff       	call   402130 <_ZNSt7__cxx1112basic_stringIcSt11char_traitsIcESaIcEED1Ev@plt>
  40395e:	48 8d 45 eb          	lea    rax,[rbp-0x15]
  403962:	48 89 c7             	mov    rdi,rax
  403965:	e8 86 e8 ff ff       	call   4021f0 <_ZNSaIcED1Ev@plt>
  40396a:	eb 3e                	jmp    4039aa <_Z10parse_argsiPPcR6Config+0xa35>
  40396c:	be 36 a3 40 00       	mov    esi,0x40a336
  403971:	bf 40 f2 40 00       	mov    edi,0x40f240
  403976:	e8 35 e8 ff ff       	call   4021b0 <_ZStlsISt11char_traitsIcEERSt13basic_ostreamIcT_ES5_PKc@plt>
  40397b:	48 89 c2             	mov    rdx,rax
  40397e:	48 8d 85 d0 fd ff ff 	lea    rax,[rbp-0x230]
  403985:	48 89 c6             	mov    rsi,rax
  403988:	48 89 d7             	mov    rdi,rdx
  40398b:	e8 f0 e7 ff ff       	call   402180 <_ZStlsIcSt11char_traitsIcESaIcEERSt13basic_ostreamIT_T0_ES7_RKNSt7__cxx1112basic_stringIS4_S5_T1_EE@plt>
  403990:	be 44 a3 40 00       	mov    esi,0x40a344
  403995:	48 89 c7             	mov    rdi,rax
  403998:	e8 13 e8 ff ff       	call   4021b0 <_ZStlsISt11char_traitsIcEERSt13basic_ostreamIcT_ES5_PKc@plt>
  40399d:	41 bc 00 00 00 00    	mov    r12d,0x0
  4039a3:	bb 00 00 00 00       	mov    ebx,0x0
  4039a8:	eb 05                	jmp    4039af <_Z10parse_argsiPPcR6Config+0xa3a>
  4039aa:	bb 01 00 00 00       	mov    ebx,0x1
  4039af:	48 8d 85 d0 fd ff ff 	lea    rax,[rbp-0x230]
  4039b6:	48 89 c7             	mov    rdi,rax
  4039b9:	e8 72 e7 ff ff       	call   402130 <_ZNSt7__cxx1112basic_stringIcSt11char_traitsIcESaIcEED1Ev@plt>
  4039be:	83 fb 01             	cmp    ebx,0x1
  4039c1:	0f 85 89 00 00 00    	jne    403a50 <_Z10parse_argsiPPcR6Config+0xadb>
  4039c7:	83 45 ec 01          	add    DWORD PTR [rbp-0x14],0x1
  4039cb:	8b 45 ec             	mov    eax,DWORD PTR [rbp-0x14]
  4039ce:	3b 85 cc fd ff ff    	cmp    eax,DWORD PTR [rbp-0x234]
  4039d4:	0f 8c ea f5 ff ff    	jl     402fc4 <_Z10parse_argsiPPcR6Config+0x4f>
  4039da:	48 8b 85 b8 fd ff ff 	mov    rax,QWORD PTR [rbp-0x248]
  4039e1:	48 8b 40 60          	mov    rax,QWORD PTR [rax+0x60]
  4039e5:	48 85 c0             	test   rax,rax
  4039e8:	74 39                	je     403a23 <_Z10parse_argsiPPcR6Config+0xaae>
  4039ea:	48 8b 85 b8 fd ff ff 	mov    rax,QWORD PTR [rbp-0x248]
  4039f1:	48 8b 40 70          	mov    rax,QWORD PTR [rax+0x70]
  4039f5:	48 85 c0             	test   rax,rax
  4039f8:	74 29                	je     403a23 <_Z10parse_argsiPPcR6Config+0xaae>
  4039fa:	48 8b 85 b8 fd ff ff 	mov    rax,QWORD PTR [rbp-0x248]
  403a01:	48 8b 40 78          	mov    rax,QWORD PTR [rax+0x78]
  403a05:	48 85 c0             	test   rax,rax
  403a08:	74 19                	je     403a23 <_Z10parse_argsiPPcR6Config+0xaae>
  403a0a:	48 8b 85 b8 fd ff ff 	mov    rax,QWORD PTR [rbp-0x248]
  403a11:	48 05 98 00 00 00    	add    rax,0x98
  403a17:	48 89 c7             	mov    rdi,rax
  403a1a:	e8 41 e9 ff ff       	call   402360 <_ZNKSt7__cxx1112basic_stringIcSt11char_traitsIcESaIcEE5emptyEv@plt>
  403a1f:	84 c0                	test   al,al
  403a21:	74 07                	je     403a2a <_Z10parse_argsiPPcR6Config+0xab5>
  403a23:	b8 01 00 00 00       	mov    eax,0x1
  403a28:	eb 05                	jmp    403a2f <_Z10parse_argsiPPcR6Config+0xaba>
  403a2a:	b8 00 00 00 00       	mov    eax,0x0
  403a2f:	84 c0                	test   al,al
  403a31:	74 17                	je     403a4a <_Z10parse_argsiPPcR6Config+0xad5>
  403a33:	be 48 a3 40 00       	mov    esi,0x40a348
  403a38:	bf 40 f2 40 00       	mov    edi,0x40f240
  403a3d:	e8 6e e7 ff ff       	call   4021b0 <_ZStlsISt11char_traitsIcEERSt13basic_ostreamIcT_ES5_PKc@plt>
  403a42:	41 bc 00 00 00 00    	mov    r12d,0x0
  403a48:	eb 06                	jmp    403a50 <_Z10parse_argsiPPcR6Config+0xadb>
  403a4a:	41 bc 01 00 00 00    	mov    r12d,0x1
  403a50:	44 89 e0             	mov    eax,r12d
  403a53:	e9 a8 01 00 00       	jmp    403c00 <_Z10parse_argsiPPcR6Config+0xc8b>
  403a58:	48 89 c3             	mov    rbx,rax
  403a5b:	48 8d 85 ff fd ff ff 	lea    rax,[rbp-0x201]
  403a62:	48 89 c7             	mov    rdi,rax
  403a65:	e8 86 e7 ff ff       	call   4021f0 <_ZNSaIcED1Ev@plt>
  403a6a:	48 89 d8             	mov    rax,rbx
  403a6d:	48 89 c7             	mov    rdi,rax
  403a70:	e8 1b e9 ff ff       	call   402390 <_Unwind_Resume@plt>
  403a75:	48 89 c3             	mov    rbx,rax
  403a78:	48 8d 85 00 fe ff ff 	lea    rax,[rbp-0x200]
  403a7f:	48 89 c7             	mov    rdi,rax
  403a82:	e8 a9 e6 ff ff       	call   402130 <_ZNSt7__cxx1112basic_stringIcSt11char_traitsIcESaIcEED1Ev@plt>
  403a87:	eb 03                	jmp    403a8c <_Z10parse_argsiPPcR6Config+0xb17>
  403a89:	48 89 c3             	mov    rbx,rax
  403a8c:	48 8d 85 2f fe ff ff 	lea    rax,[rbp-0x1d1]
  403a93:	48 89 c7             	mov    rdi,rax
  403a96:	e8 55 e7 ff ff       	call   4021f0 <_ZNSaIcED1Ev@plt>
  403a9b:	e9 46 01 00 00       	jmp    403be6 <_Z10parse_argsiPPcR6Config+0xc71>
  403aa0:	48 89 c3             	mov    rbx,rax
  403aa3:	48 8d 85 30 fe ff ff 	lea    rax,[rbp-0x1d0]
  403aaa:	48 89 c7             	mov    rdi,rax
  403aad:	e8 7e e6 ff ff       	call   402130 <_ZNSt7__cxx1112basic_stringIcSt11char_traitsIcESaIcEED1Ev@plt>
  403ab2:	eb 03                	jmp    403ab7 <_Z10parse_argsiPPcR6Config+0xb42>
  403ab4:	48 89 c3             	mov    rbx,rax
  403ab7:	48 8d 85 5f fe ff ff 	lea    rax,[rbp-0x1a1]
  403abe:	48 89 c7             	mov    rdi,rax
  403ac1:	e8 2a e7 ff ff       	call   4021f0 <_ZNSaIcED1Ev@plt>
  403ac6:	e9 1b 01 00 00       	jmp    403be6 <_Z10parse_argsiPPcR6Config+0xc71>
  403acb:	48 89 c3             	mov    rbx,rax
  403ace:	48 8d 85 60 fe ff ff 	lea    rax,[rbp-0x1a0]
  403ad5:	48 89 c7             	mov    rdi,rax
  403ad8:	e8 53 e6 ff ff       	call   402130 <_ZNSt7__cxx1112basic_stringIcSt11char_traitsIcESaIcEED1Ev@plt>
  403add:	eb 03                	jmp    403ae2 <_Z10parse_argsiPPcR6Config+0xb6d>
  403adf:	48 89 c3             	mov    rbx,rax
  403ae2:	48 8d 85 8f fe ff ff 	lea    rax,[rbp-0x171]
  403ae9:	48 89 c7             	mov    rdi,rax
  403aec:	e8 ff e6 ff ff       	call   4021f0 <_ZNSaIcED1Ev@plt>
  403af1:	e9 f0 00 00 00       	jmp    403be6 <_Z10parse_argsiPPcR6Config+0xc71>
  403af6:	48 89 c3             	mov    rbx,rax
  403af9:	48 8d 85 90 fe ff ff 	lea    rax,[rbp-0x170]
  403b00:	48 89 c7             	mov    rdi,rax
  403b03:	e8 28 e6 ff ff       	call   402130 <_ZNSt7__cxx1112basic_stringIcSt11char_traitsIcESaIcEED1Ev@plt>
  403b08:	eb 03                	jmp    403b0d <_Z10parse_argsiPPcR6Config+0xb98>
  403b0a:	48 89 c3             	mov    rbx,rax
  403b0d:	48 8d 85 bf fe ff ff 	lea    rax,[rbp-0x141]
  403b14:	48 89 c7             	mov    rdi,rax
  403b17:	e8 d4 e6 ff ff       	call   4021f0 <_ZNSaIcED1Ev@plt>
  403b1c:	e9 c5 00 00 00       	jmp    403be6 <_Z10parse_argsiPPcR6Config+0xc71>
  403b21:	48 89 c3             	mov    rbx,rax
  403b24:	48 8d 85 c0 fe ff ff 	lea    rax,[rbp-0x140]
  403b2b:	48 89 c7             	mov    rdi,rax
  403b2e:	e8 fd e5 ff ff       	call   402130 <_ZNSt7__cxx1112basic_stringIcSt11char_traitsIcESaIcEED1Ev@plt>
  403b33:	eb 03                	jmp    403b38 <_Z10parse_argsiPPcR6Config+0xbc3>
  403b35:	48 89 c3             	mov    rbx,rax
  403b38:	48 8d 85 ef fe ff ff 	lea    rax,[rbp-0x111]
  403b3f:	48 89 c7             	mov    rdi,rax
  403b42:	e8 a9 e6 ff ff       	call   4021f0 <_ZNSaIcED1Ev@plt>
  403b47:	e9 9a 00 00 00       	jmp    403be6 <_Z10parse_argsiPPcR6Config+0xc71>
  403b4c:	48 89 c3             	mov    rbx,rax
  403b4f:	48 8d 85 f0 fe ff ff 	lea    rax,[rbp-0x110]
  403b56:	48 89 c7             	mov    rdi,rax
  403b59:	e8 d2 e5 ff ff       	call   402130 <_ZNSt7__cxx1112basic_stringIcSt11char_traitsIcESaIcEED1Ev@plt>
  403b5e:	eb 03                	jmp    403b63 <_Z10parse_argsiPPcR6Config+0xbee>
  403b60:	48 89 c3             	mov    rbx,rax
  403b63:	48 8d 85 1f ff ff ff 	lea    rax,[rbp-0xe1]
  403b6a:	48 89 c7             	mov    rdi,rax
  403b6d:	e8 7e e6 ff ff       	call   4021f0 <_ZNSaIcED1Ev@plt>
  403b72:	eb 72                	jmp    403be6 <_Z10parse_argsiPPcR6Config+0xc71>
  403b74:	48 89 c3             	mov    rbx,rax
  403b77:	48 8d 85 20 ff ff ff 	lea    rax,[rbp-0xe0]
  403b7e:	48 89 c7             	mov    rdi,rax
  403b81:	e8 aa e5 ff ff       	call   402130 <_ZNSt7__cxx1112basic_stringIcSt11char_traitsIcESaIcEED1Ev@plt>
  403b86:	eb 03                	jmp    403b8b <_Z10parse_argsiPPcR6Config+0xc16>
  403b88:	48 89 c3             	mov    rbx,rax
  403b8b:	48 8d 85 4f ff ff ff 	lea    rax,[rbp-0xb1]
  403b92:	48 89 c7             	mov    rdi,rax
  403b95:	e8 56 e6 ff ff       	call   4021f0 <_ZNSaIcED1Ev@plt>
  403b9a:	eb 4a                	jmp    403be6 <_Z10parse_argsiPPcR6Config+0xc71>
  403b9c:	48 89 c3             	mov    rbx,rax
  403b9f:	48 8d 85 70 ff ff ff 	lea    rax,[rbp-0x90]
  403ba6:	48 89 c7             	mov    rdi,rax
  403ba9:	e8 82 e5 ff ff       	call   402130 <_ZNSt7__cxx1112basic_stringIcSt11char_traitsIcESaIcEED1Ev@plt>
  403bae:	eb 03                	jmp    403bb3 <_Z10parse_argsiPPcR6Config+0xc3e>
  403bb0:	48 89 c3             	mov    rbx,rax
  403bb3:	48 8d 45 9f          	lea    rax,[rbp-0x61]
  403bb7:	48 89 c7             	mov    rdi,rax
  403bba:	e8 31 e6 ff ff       	call   4021f0 <_ZNSaIcED1Ev@plt>
  403bbf:	eb 25                	jmp    403be6 <_Z10parse_argsiPPcR6Config+0xc71>
  403bc1:	48 89 c3             	mov    rbx,rax
  403bc4:	48 8d 45 c0          	lea    rax,[rbp-0x40]
  403bc8:	48 89 c7             	mov    rdi,rax
  403bcb:	e8 60 e5 ff ff       	call   402130 <_ZNSt7__cxx1112basic_stringIcSt11char_traitsIcESaIcEED1Ev@plt>
  403bd0:	eb 03                	jmp    403bd5 <_Z10parse_argsiPPcR6Config+0xc60>
  403bd2:	48 89 c3             	mov    rbx,rax
  403bd5:	48 8d 45 eb          	lea    rax,[rbp-0x15]
  403bd9:	48 89 c7             	mov    rdi,rax
  403bdc:	e8 0f e6 ff ff       	call   4021f0 <_ZNSaIcED1Ev@plt>
  403be1:	eb 03                	jmp    403be6 <_Z10parse_argsiPPcR6Config+0xc71>
  403be3:	48 89 c3             	mov    rbx,rax
  403be6:	48 8d 85 d0 fd ff ff 	lea    rax,[rbp-0x230]
  403bed:	48 89 c7             	mov    rdi,rax
  403bf0:	e8 3b e5 ff ff       	call   402130 <_ZNSt7__cxx1112basic_stringIcSt11char_traitsIcESaIcEED1Ev@plt>
  403bf5:	48 89 d8             	mov    rax,rbx
  403bf8:	48 89 c7             	mov    rdi,rax
  403bfb:	e8 90 e7 ff ff       	call   402390 <_Unwind_Resume@plt>
  403c00:	48 81 c4 40 02 00 00 	add    rsp,0x240
  403c07:	5b                   	pop    rbx
  403c08:	41 5c                	pop    r12
  403c0a:	5d                   	pop    rbp
  403c0b:	c3                   	ret    

0000000000403c0c <_Z15allocate_buffermbRm>:
  403c0c:	55                   	push   rbp
  403c0d:	48 89 e5             	mov    rbp,rsp
  403c10:	53                   	push   rbx
  403c11:	48 83 ec 58          	sub    rsp,0x58
  403c15:	48 89 7d b8          	mov    QWORD PTR [rbp-0x48],rdi
  403c19:	89 f0                	mov    eax,esi
  403c1b:	48 89 55 a8          	mov    QWORD PTR [rbp-0x58],rdx
  403c1f:	88 45 b4             	mov    BYTE PTR [rbp-0x4c],al
  403c22:	48 c7 45 e0 00 00 20 	mov    QWORD PTR [rbp-0x20],0x200000
  403c29:	00 
  403c2a:	80 7d b4 00          	cmp    BYTE PTR [rbp-0x4c],0x0
  403c2e:	74 12                	je     403c42 <_Z15allocate_buffermbRm+0x36>
  403c30:	48 8b 45 b8          	mov    rax,QWORD PTR [rbp-0x48]
  403c34:	48 05 ff ff 1f 00    	add    rax,0x1fffff
  403c3a:	48 25 00 00 e0 ff    	and    rax,0xffffffffffe00000
  403c40:	eb 04                	jmp    403c46 <_Z15allocate_buffermbRm+0x3a>
  403c42:	48 8b 45 b8          	mov    rax,QWORD PTR [rbp-0x48]
  403c46:	48 89 45 d8          	mov    QWORD PTR [rbp-0x28],rax
  403c4a:	48 8b 45 d8          	mov    rax,QWORD PTR [rbp-0x28]
  403c4e:	41 b9 00 00 00 00    	mov    r9d,0x0
  403c54:	41 b8 ff ff ff ff    	mov    r8d,0xffffffff
  403c5a:	b9 22 00 00 00       	mov    ecx,0x22
  403c5f:	ba 03 00 00 00       	mov    edx,0x3
  403c64:	48 89 c6             	mov    rsi,rax
  403c67:	bf 00 00 00 00       	mov    edi,0x0
  403c6c:	e8 3f e7 ff ff       	call   4023b0 <mmap@plt>
  403c71:	48 89 45 d0          	mov    QWORD PTR [rbp-0x30],rax
  403c75:	48 83 7d d0 ff       	cmp    QWORD PTR [rbp-0x30],0xffffffffffffffff
  403c7a:	75 63                	jne    403cdf <_Z15allocate_buffermbRm+0xd3>
  403c7c:	be 80 a3 40 00       	mov    esi,0x40a380
  403c81:	bf 40 f2 40 00       	mov    edi,0x40f240
  403c86:	e8 25 e5 ff ff       	call   4021b0 <_ZStlsISt11char_traitsIcEERSt13basic_ostreamIcT_ES5_PKc@plt>
  403c8b:	48 89 c3             	mov    rbx,rax
  403c8e:	e8 ad e3 ff ff       	call   402040 <__errno_location@plt>
  403c93:	8b 00                	mov    eax,DWORD PTR [rax]
  403c95:	89 c6                	mov    esi,eax
  403c97:	48 89 df             	mov    rdi,rbx
  403c9a:	e8 e1 e6 ff ff       	call   402380 <_ZNSolsEi@plt>
  403c9f:	be a6 a3 40 00       	mov    esi,0x40a3a6
  403ca4:	48 89 c7             	mov    rdi,rax
  403ca7:	e8 04 e5 ff ff       	call   4021b0 <_ZStlsISt11char_traitsIcEERSt13basic_ostreamIcT_ES5_PKc@plt>
  403cac:	48 89 c3             	mov    rbx,rax
  403caf:	e8 8c e3 ff ff       	call   402040 <__errno_location@plt>
  403cb4:	8b 00                	mov    eax,DWORD PTR [rax]
  403cb6:	89 c7                	mov    edi,eax
  403cb8:	e8 d3 e3 ff ff       	call   402090 <strerror@plt>
  403cbd:	48 89 c6             	mov    rsi,rax
  403cc0:	48 89 df             	mov    rdi,rbx
  403cc3:	e8 e8 e4 ff ff       	call   4021b0 <_ZStlsISt11char_traitsIcEERSt13basic_ostreamIcT_ES5_PKc@plt>
  403cc8:	be a9 a3 40 00       	mov    esi,0x40a3a9
  403ccd:	48 89 c7             	mov    rdi,rax
  403cd0:	e8 db e4 ff ff       	call   4021b0 <_ZStlsISt11char_traitsIcEERSt13basic_ostreamIcT_ES5_PKc@plt>
  403cd5:	bf 01 00 00 00       	mov    edi,0x1
  403cda:	e8 51 e5 ff ff       	call   402230 <exit@plt>
  403cdf:	80 7d b4 00          	cmp    BYTE PTR [rbp-0x4c],0x0
  403ce3:	74 7a                	je     403d5f <_Z15allocate_buffermbRm+0x153>
  403ce5:	48 8b 4d d8          	mov    rcx,QWORD PTR [rbp-0x28]
  403ce9:	48 8b 45 d0          	mov    rax,QWORD PTR [rbp-0x30]
  403ced:	ba 0e 00 00 00       	mov    edx,0xe
  403cf2:	48 89 ce             	mov    rsi,rcx
  403cf5:	48 89 c7             	mov    rdi,rax
  403cf8:	e8 23 e5 ff ff       	call   402220 <madvise@plt>
  403cfd:	85 c0                	test   eax,eax
  403cff:	0f 95 c0             	setne  al
  403d02:	84 c0                	test   al,al
  403d04:	74 59                	je     403d5f <_Z15allocate_buffermbRm+0x153>
  403d06:	be b0 a3 40 00       	mov    esi,0x40a3b0
  403d0b:	bf 40 f2 40 00       	mov    edi,0x40f240
  403d10:	e8 9b e4 ff ff       	call   4021b0 <_ZStlsISt11char_traitsIcEERSt13basic_ostreamIcT_ES5_PKc@plt>
  403d15:	48 89 c3             	mov    rbx,rax
  403d18:	e8 23 e3 ff ff       	call   402040 <__errno_location@plt>
  403d1d:	8b 00                	mov    eax,DWORD PTR [rax]
  403d1f:	89 c6                	mov    esi,eax
  403d21:	48 89 df             	mov    rdi,rbx
  403d24:	e8 57 e6 ff ff       	call   402380 <_ZNSolsEi@plt>
  403d29:	be a6 a3 40 00       	mov    esi,0x40a3a6
  403d2e:	48 89 c7             	mov    rdi,rax
  403d31:	e8 7a e4 ff ff       	call   4021b0 <_ZStlsISt11char_traitsIcEERSt13basic_ostreamIcT_ES5_PKc@plt>
  403d36:	48 89 c3             	mov    rbx,rax
  403d39:	e8 02 e3 ff ff       	call   402040 <__errno_location@plt>
  403d3e:	8b 00                	mov    eax,DWORD PTR [rax]
  403d40:	89 c7                	mov    edi,eax
  403d42:	e8 49 e3 ff ff       	call   402090 <strerror@plt>
  403d47:	48 89 c6             	mov    rsi,rax
  403d4a:	48 89 df             	mov    rdi,rbx
  403d4d:	e8 5e e4 ff ff       	call   4021b0 <_ZStlsISt11char_traitsIcEERSt13basic_ostreamIcT_ES5_PKc@plt>
  403d52:	be e0 a3 40 00       	mov    esi,0x40a3e0
  403d57:	48 89 c7             	mov    rdi,rax
  403d5a:	e8 51 e4 ff ff       	call   4021b0 <_ZStlsISt11char_traitsIcEERSt13basic_ostreamIcT_ES5_PKc@plt>
  403d5f:	48 8b 45 d0          	mov    rax,QWORD PTR [rbp-0x30]
  403d63:	48 89 45 c8          	mov    QWORD PTR [rbp-0x38],rax
  403d67:	48 c7 45 e8 00 00 00 	mov    QWORD PTR [rbp-0x18],0x0
  403d6e:	00 
  403d6f:	eb 16                	jmp    403d87 <_Z15allocate_buffermbRm+0x17b>
  403d71:	48 8b 55 c8          	mov    rdx,QWORD PTR [rbp-0x38]
  403d75:	48 8b 45 e8          	mov    rax,QWORD PTR [rbp-0x18]
  403d79:	48 01 d0             	add    rax,rdx
  403d7c:	c6 00 00             	mov    BYTE PTR [rax],0x0
  403d7f:	48 81 45 e8 00 10 00 	add    QWORD PTR [rbp-0x18],0x1000
  403d86:	00 
  403d87:	48 8b 45 e8          	mov    rax,QWORD PTR [rbp-0x18]
  403d8b:	48 3b 45 d8          	cmp    rax,QWORD PTR [rbp-0x28]
  403d8f:	72 e0                	jb     403d71 <_Z15allocate_buffermbRm+0x165>
  403d91:	48 8b 45 a8          	mov    rax,QWORD PTR [rbp-0x58]
  403d95:	48 8b 55 d8          	mov    rdx,QWORD PTR [rbp-0x28]
  403d99:	48 89 10             	mov    QWORD PTR [rax],rdx
  403d9c:	48 8b 45 d0          	mov    rax,QWORD PTR [rbp-0x30]
  403da0:	48 8b 5d f8          	mov    rbx,QWORD PTR [rbp-0x8]
  403da4:	c9                   	leave  
  403da5:	c3                   	ret    

0000000000403da6 <_Z20build_conflict_cycleP4Nodemmj>:
  403da6:	55                   	push   rbp
  403da7:	48 89 e5             	mov    rbp,rsp
  403daa:	53                   	push   rbx
  403dab:	48 81 ec 08 14 00 00 	sub    rsp,0x1408
  403db2:	48 89 bd 08 ec ff ff 	mov    QWORD PTR [rbp-0x13f8],rdi
  403db9:	48 89 b5 00 ec ff ff 	mov    QWORD PTR [rbp-0x1400],rsi
  403dc0:	48 89 95 f8 eb ff ff 	mov    QWORD PTR [rbp-0x1408],rdx
  403dc7:	89 8d f4 eb ff ff    	mov    DWORD PTR [rbp-0x140c],ecx
  403dcd:	48 83 bd f8 eb ff ff 	cmp    QWORD PTR [rbp-0x1408],0x1
  403dd4:	01 
  403dd5:	77 24                	ja     403dfb <_Z20build_conflict_cycleP4Nodemmj+0x55>
  403dd7:	48 83 bd f8 eb ff ff 	cmp    QWORD PTR [rbp-0x1408],0x1
  403dde:	01 
  403ddf:	0f 85 b7 01 00 00    	jne    403f9c <_Z20build_conflict_cycleP4Nodemmj+0x1f6>
  403de5:	48 8b 95 08 ec ff ff 	mov    rdx,QWORD PTR [rbp-0x13f8]
  403dec:	48 8b 85 08 ec ff ff 	mov    rax,QWORD PTR [rbp-0x13f8]
  403df3:	48 89 10             	mov    QWORD PTR [rax],rdx
  403df6:	e9 a2 01 00 00       	jmp    403f9d <_Z20build_conflict_cycleP4Nodemmj+0x1f7>
  403dfb:	48 8d 45 bf          	lea    rax,[rbp-0x41]
  403dff:	48 89 c7             	mov    rdi,rax
  403e02:	e8 cf 17 00 00       	call   4055d6 <_ZNSaImEC1Ev>
  403e07:	48 8d 55 bf          	lea    rdx,[rbp-0x41]
  403e0b:	48 8b 8d f8 eb ff ff 	mov    rcx,QWORD PTR [rbp-0x1408]
  403e12:	48 8d 45 a0          	lea    rax,[rbp-0x60]
  403e16:	48 89 ce             	mov    rsi,rcx
  403e19:	48 89 c7             	mov    rdi,rax
  403e1c:	e8 d1 17 00 00       	call   4055f2 <_ZNSt6vectorImSaImEEC1EmRKS0_>
  403e21:	48 8d 45 bf          	lea    rax,[rbp-0x41]
  403e25:	48 89 c7             	mov    rdi,rax
  403e28:	e8 67 16 00 00       	call   405494 <_ZNSaImED1Ev>
  403e2d:	48 c7 45 e8 00 00 00 	mov    QWORD PTR [rbp-0x18],0x0
  403e34:	00 
  403e35:	eb 1f                	jmp    403e56 <_Z20build_conflict_cycleP4Nodemmj+0xb0>
  403e37:	48 8b 55 e8          	mov    rdx,QWORD PTR [rbp-0x18]
  403e3b:	48 8d 45 a0          	lea    rax,[rbp-0x60]
  403e3f:	48 89 d6             	mov    rsi,rdx
  403e42:	48 89 c7             	mov    rdi,rax
  403e45:	e8 1e 18 00 00       	call   405668 <_ZNSt6vectorImSaImEEixEm>
  403e4a:	48 8b 55 e8          	mov    rdx,QWORD PTR [rbp-0x18]
  403e4e:	48 89 10             	mov    QWORD PTR [rax],rdx
  403e51:	48 83 45 e8 01       	add    QWORD PTR [rbp-0x18],0x1
  403e56:	48 8b 45 e8          	mov    rax,QWORD PTR [rbp-0x18]
  403e5a:	48 3b 85 f8 eb ff ff 	cmp    rax,QWORD PTR [rbp-0x1408]
  403e61:	72 d4                	jb     403e37 <_Z20build_conflict_cycleP4Nodemmj+0x91>
  403e63:	8b 95 f4 eb ff ff    	mov    edx,DWORD PTR [rbp-0x140c]
  403e69:	48 8d 85 10 ec ff ff 	lea    rax,[rbp-0x13f0]
  403e70:	48 89 d6             	mov    rsi,rdx
  403e73:	48 89 c7             	mov    rdi,rax
  403e76:	e8 0d 18 00 00       	call   405688 <_ZNSt23mersenne_twister_engineImLm32ELm624ELm397ELm31ELm2567483615ELm11ELm4294967295ELm7ELm2636928640ELm15ELm4022730752ELm18ELm1812433253EEC1Em>
  403e7b:	48 8d 45 a0          	lea    rax,[rbp-0x60]
  403e7f:	48 89 c7             	mov    rdi,rax
  403e82:	e8 4d 18 00 00       	call   4056d4 <_ZNSt6vectorImSaImEE3endEv>
  403e87:	48 89 c3             	mov    rbx,rax
  403e8a:	48 8d 45 a0          	lea    rax,[rbp-0x60]
  403e8e:	48 89 c7             	mov    rdi,rax
  403e91:	e8 18 18 00 00       	call   4056ae <_ZNSt6vectorImSaImEE5beginEv>
  403e96:	48 89 c1             	mov    rcx,rax
  403e99:	48 8d 85 10 ec ff ff 	lea    rax,[rbp-0x13f0]
  403ea0:	48 89 c2             	mov    rdx,rax
  403ea3:	48 89 de             	mov    rsi,rbx
  403ea6:	48 89 cf             	mov    rdi,rcx
  403ea9:	e8 4f 18 00 00       	call   4056fd <_ZSt7shuffleIN9__gnu_cxx17__normal_iteratorIPmSt6vectorImSaImEEEERSt23mersenne_twister_engineImLm32ELm624ELm397ELm31ELm2567483615ELm11ELm4294967295ELm7ELm2636928640ELm15ELm4022730752ELm18ELm1812433253EEEvT_SA_OT0_>
  403eae:	48 c7 45 e0 00 00 00 	mov    QWORD PTR [rbp-0x20],0x0
  403eb5:	00 
  403eb6:	e9 8e 00 00 00       	jmp    403f49 <_Z20build_conflict_cycleP4Nodemmj+0x1a3>
  403ebb:	48 8b 55 e0          	mov    rdx,QWORD PTR [rbp-0x20]
  403ebf:	48 8d 45 a0          	lea    rax,[rbp-0x60]
  403ec3:	48 89 d6             	mov    rsi,rdx
  403ec6:	48 89 c7             	mov    rdi,rax
  403ec9:	e8 9a 17 00 00       	call   405668 <_ZNSt6vectorImSaImEEixEm>
  403ece:	48 8b 00             	mov    rax,QWORD PTR [rax]
  403ed1:	48 89 45 d8          	mov    QWORD PTR [rbp-0x28],rax
  403ed5:	48 8b 45 e0          	mov    rax,QWORD PTR [rbp-0x20]
  403ed9:	48 83 c0 01          	add    rax,0x1
  403edd:	ba 00 00 00 00       	mov    edx,0x0
  403ee2:	48 f7 b5 f8 eb ff ff 	div    QWORD PTR [rbp-0x1408]
  403ee9:	48 8d 45 a0          	lea    rax,[rbp-0x60]
  403eed:	48 89 d6             	mov    rsi,rdx
  403ef0:	48 89 c7             	mov    rdi,rax
  403ef3:	e8 70 17 00 00       	call   405668 <_ZNSt6vectorImSaImEEixEm>
  403ef8:	48 8b 00             	mov    rax,QWORD PTR [rax]
  403efb:	48 89 45 d0          	mov    QWORD PTR [rbp-0x30],rax
  403eff:	48 8b 45 d8          	mov    rax,QWORD PTR [rbp-0x28]
  403f03:	48 0f af 85 00 ec ff 	imul   rax,QWORD PTR [rbp-0x1400]
  403f0a:	ff 
  403f0b:	48 89 c2             	mov    rdx,rax
  403f0e:	48 8b 85 08 ec ff ff 	mov    rax,QWORD PTR [rbp-0x13f8]
  403f15:	48 01 d0             	add    rax,rdx
  403f18:	48 89 45 c8          	mov    QWORD PTR [rbp-0x38],rax
  403f1c:	48 8b 45 d0          	mov    rax,QWORD PTR [rbp-0x30]
  403f20:	48 0f af 85 00 ec ff 	imul   rax,QWORD PTR [rbp-0x1400]
  403f27:	ff 
  403f28:	48 89 c2             	mov    rdx,rax
  403f2b:	48 8b 85 08 ec ff ff 	mov    rax,QWORD PTR [rbp-0x13f8]
  403f32:	48 01 d0             	add    rax,rdx
  403f35:	48 89 45 c0          	mov    QWORD PTR [rbp-0x40],rax
  403f39:	48 8b 55 c0          	mov    rdx,QWORD PTR [rbp-0x40]
  403f3d:	48 8b 45 c8          	mov    rax,QWORD PTR [rbp-0x38]
  403f41:	48 89 10             	mov    QWORD PTR [rax],rdx
  403f44:	48 83 45 e0 01       	add    QWORD PTR [rbp-0x20],0x1
  403f49:	48 8b 45 e0          	mov    rax,QWORD PTR [rbp-0x20]
  403f4d:	48 3b 85 f8 eb ff ff 	cmp    rax,QWORD PTR [rbp-0x1408]
  403f54:	0f 82 61 ff ff ff    	jb     403ebb <_Z20build_conflict_cycleP4Nodemmj+0x115>
  403f5a:	48 8d 45 a0          	lea    rax,[rbp-0x60]
  403f5e:	48 89 c7             	mov    rdi,rax
  403f61:	e8 98 15 00 00       	call   4054fe <_ZNSt6vectorImSaImEED1Ev>
  403f66:	eb 35                	jmp    403f9d <_Z20build_conflict_cycleP4Nodemmj+0x1f7>
  403f68:	48 89 c3             	mov    rbx,rax
  403f6b:	48 8d 45 bf          	lea    rax,[rbp-0x41]
  403f6f:	48 89 c7             	mov    rdi,rax
  403f72:	e8 1d 15 00 00       	call   405494 <_ZNSaImED1Ev>
  403f77:	48 89 d8             	mov    rax,rbx
  403f7a:	48 89 c7             	mov    rdi,rax
  403f7d:	e8 0e e4 ff ff       	call   402390 <_Unwind_Resume@plt>
  403f82:	48 89 c3             	mov    rbx,rax
  403f85:	48 8d 45 a0          	lea    rax,[rbp-0x60]
  403f89:	48 89 c7             	mov    rdi,rax
  403f8c:	e8 6d 15 00 00       	call   4054fe <_ZNSt6vectorImSaImEED1Ev>
  403f91:	48 89 d8             	mov    rax,rbx
  403f94:	48 89 c7             	mov    rdi,rax
  403f97:	e8 f4 e3 ff ff       	call   402390 <_Unwind_Resume@plt>
  403f9c:	90                   	nop
  403f9d:	48 8b 5d f8          	mov    rbx,QWORD PTR [rbp-0x8]
  403fa1:	c9                   	leave  
  403fa2:	c3                   	ret    

0000000000403fa3 <_Z9measure_KP4NodemmmmmmmjPSt14basic_ofstreamIcSt11char_traitsIcEE>:
  403fa3:	55                   	push   rbp
  403fa4:	48 89 e5             	mov    rbp,rsp
  403fa7:	41 55                	push   r13
  403fa9:	41 54                	push   r12
  403fab:	53                   	push   rbx
  403fac:	48 81 ec 08 02 00 00 	sub    rsp,0x208
  403fb3:	48 89 bd 08 fe ff ff 	mov    QWORD PTR [rbp-0x1f8],rdi
  403fba:	48 89 b5 00 fe ff ff 	mov    QWORD PTR [rbp-0x200],rsi
  403fc1:	48 89 95 f8 fd ff ff 	mov    QWORD PTR [rbp-0x208],rdx
  403fc8:	48 89 8d f0 fd ff ff 	mov    QWORD PTR [rbp-0x210],rcx
  403fcf:	4c 89 85 e8 fd ff ff 	mov    QWORD PTR [rbp-0x218],r8
  403fd6:	4c 89 8d e0 fd ff ff 	mov    QWORD PTR [rbp-0x220],r9
  403fdd:	8b 4d 20             	mov    ecx,DWORD PTR [rbp+0x20]
  403fe0:	48 8b 95 f8 fd ff ff 	mov    rdx,QWORD PTR [rbp-0x208]
  403fe7:	48 8b b5 00 fe ff ff 	mov    rsi,QWORD PTR [rbp-0x200]
  403fee:	48 8b 85 08 fe ff ff 	mov    rax,QWORD PTR [rbp-0x1f8]
  403ff5:	48 89 c7             	mov    rdi,rax
  403ff8:	e8 a9 fd ff ff       	call   403da6 <_Z20build_conflict_cycleP4Nodemmj>
  403ffd:	48 8b 85 08 fe ff ff 	mov    rax,QWORD PTR [rbp-0x1f8]
  404004:	48 89 45 d8          	mov    QWORD PTR [rbp-0x28],rax
  404008:	48 c7 45 d0 00 00 00 	mov    QWORD PTR [rbp-0x30],0x0
  40400f:	00 
  404010:	eb 2c                	jmp    40403e <_Z9measure_KP4NodemmmmmmmjPSt14basic_ofstreamIcSt11char_traitsIcEE+0x9b>
  404012:	48 c7 45 c8 00 00 00 	mov    QWORD PTR [rbp-0x38],0x0
  404019:	00 
  40401a:	eb 10                	jmp    40402c <_Z9measure_KP4NodemmmmmmmjPSt14basic_ofstreamIcSt11char_traitsIcEE+0x89>
  40401c:	48 8b 45 d8          	mov    rax,QWORD PTR [rbp-0x28]
  404020:	48 8b 00             	mov    rax,QWORD PTR [rax]
  404023:	48 89 45 d8          	mov    QWORD PTR [rbp-0x28],rax
  404027:	48 83 45 c8 01       	add    QWORD PTR [rbp-0x38],0x1
  40402c:	48 8b 45 c8          	mov    rax,QWORD PTR [rbp-0x38]
  404030:	48 3b 85 f8 fd ff ff 	cmp    rax,QWORD PTR [rbp-0x208]
  404037:	72 e3                	jb     40401c <_Z9measure_KP4NodemmmmmmmjPSt14basic_ofstreamIcSt11char_traitsIcEE+0x79>
  404039:	48 83 45 d0 01       	add    QWORD PTR [rbp-0x30],0x1
  40403e:	48 8b 45 d0          	mov    rax,QWORD PTR [rbp-0x30]
  404042:	48 3b 85 e8 fd ff ff 	cmp    rax,QWORD PTR [rbp-0x218]
  404049:	72 c7                	jb     404012 <_Z9measure_KP4NodemmmmmmmjPSt14basic_ofstreamIcSt11char_traitsIcEE+0x6f>
  40404b:	48 8b 55 10          	mov    rdx,QWORD PTR [rbp+0x10]
  40404f:	48 8b 45 18          	mov    rax,QWORD PTR [rbp+0x18]
  404053:	48 01 d0             	add    rax,rdx
  404056:	48 d1 e8             	shr    rax,1
  404059:	48 89 45 98          	mov    QWORD PTR [rbp-0x68],rax
  40405d:	48 8d 85 50 ff ff ff 	lea    rax,[rbp-0xb0]
  404064:	48 89 c7             	mov    rdi,rax
  404067:	e8 0e 12 00 00       	call   40527a <_ZNSt6vectorImSaImEEC1Ev>
  40406c:	48 c7 85 68 ff ff ff 	mov    QWORD PTR [rbp-0x98],0x0
  404073:	00 00 00 00 
  404077:	48 8d 95 68 ff ff ff 	lea    rdx,[rbp-0x98]
  40407e:	48 8b 8d f0 fd ff ff 	mov    rcx,QWORD PTR [rbp-0x210]
  404085:	48 8d 85 50 ff ff ff 	lea    rax,[rbp-0xb0]
  40408c:	48 89 ce             	mov    rsi,rcx
  40408f:	48 89 c7             	mov    rdi,rax
  404092:	e8 21 19 00 00       	call   4059b8 <_ZNSt6vectorImSaImEE6resizeEmRKm>
  404097:	48 8d 85 50 ff ff ff 	lea    rax,[rbp-0xb0]
  40409e:	48 89 c7             	mov    rdi,rax
  4040a1:	e8 be 19 00 00       	call   405a64 <_ZNSt6vectorImSaImEE5clearEv>
  4040a6:	48 c7 45 c0 00 00 00 	mov    QWORD PTR [rbp-0x40],0x0
  4040ad:	00 
  4040ae:	48 8b 85 08 fe ff ff 	mov    rax,QWORD PTR [rbp-0x1f8]
  4040b5:	48 89 45 d8          	mov    QWORD PTR [rbp-0x28],rax
  4040b9:	48 8b 85 08 fe ff ff 	mov    rax,QWORD PTR [rbp-0x1f8]
  4040c0:	be 94 a4 40 00       	mov    esi,0x40a494
  4040c5:	48 89 c7             	mov    rdi,rax
  4040c8:	e8 ef ea ff ff       	call   402bbc <_ZL11log_mappingPKvPKc>
  4040cd:	48 8d 95 c0 fe ff ff 	lea    rdx,[rbp-0x140]
  4040d4:	b8 00 00 00 00       	mov    eax,0x0
  4040d9:	b9 12 00 00 00       	mov    ecx,0x12
  4040de:	48 89 d7             	mov    rdi,rdx
  4040e1:	f3 48 ab             	rep stos QWORD PTR es:[rdi],rax
  4040e4:	48 8d 95 30 fe ff ff 	lea    rdx,[rbp-0x1d0]
  4040eb:	b8 00 00 00 00       	mov    eax,0x0
  4040f0:	b9 12 00 00 00       	mov    ecx,0x12
  4040f5:	48 89 d7             	mov    rdi,rdx
  4040f8:	f3 48 ab             	rep stos QWORD PTR es:[rdi],rax
  4040fb:	48 8d 85 c0 fe ff ff 	lea    rax,[rbp-0x140]
  404102:	48 89 c6             	mov    rsi,rax
  404105:	bf 00 00 00 00       	mov    edi,0x0
  40410a:	e8 f1 df ff ff       	call   402100 <getrusage@plt>
  40410f:	e8 88 e6 ff ff       	call   40279c <_ZL9pmu_startv>
  404114:	48 c7 45 b8 00 00 00 	mov    QWORD PTR [rbp-0x48],0x0
  40411b:	00 
  40411c:	e9 c5 00 00 00       	jmp    4041e6 <_Z9measure_KP4NodemmmmmmmjPSt14basic_ofstreamIcSt11char_traitsIcEE+0x243>
  404121:	48 c7 45 b0 00 00 00 	mov    QWORD PTR [rbp-0x50],0x0
  404128:	00 
  404129:	eb 10                	jmp    40413b <_Z9measure_KP4NodemmmmmmmjPSt14basic_ofstreamIcSt11char_traitsIcEE+0x198>
  40412b:	48 8b 45 d8          	mov    rax,QWORD PTR [rbp-0x28]
  40412f:	48 8b 00             	mov    rax,QWORD PTR [rax]
  404132:	48 89 45 d8          	mov    QWORD PTR [rbp-0x28],rax
  404136:	48 83 45 b0 01       	add    QWORD PTR [rbp-0x50],0x1
  40413b:	48 8b 85 f8 fd ff ff 	mov    rax,QWORD PTR [rbp-0x208]
  404142:	48 83 e8 01          	sub    rax,0x1
  404146:	48 39 45 b0          	cmp    QWORD PTR [rbp-0x50],rax
  40414a:	72 df                	jb     40412b <_Z9measure_KP4NodemmmmmmmjPSt14basic_ofstreamIcSt11char_traitsIcEE+0x188>
  40414c:	e8 dc ec ff ff       	call   402e2d <_ZL9tsc_startv>
  404151:	48 89 85 78 ff ff ff 	mov    QWORD PTR [rbp-0x88],rax
  404158:	48 8b 45 d8          	mov    rax,QWORD PTR [rbp-0x28]
  40415c:	48 8b 00             	mov    rax,QWORD PTR [rax]
  40415f:	48 89 45 a8          	mov    QWORD PTR [rbp-0x58],rax
  404163:	48 c7 45 a0 00 00 00 	mov    QWORD PTR [rbp-0x60],0x0
  40416a:	00 
  40416b:	eb 10                	jmp    40417d <_Z9measure_KP4NodemmmmmmmjPSt14basic_ofstreamIcSt11char_traitsIcEE+0x1da>
  40416d:	48 8b 45 a8          	mov    rax,QWORD PTR [rbp-0x58]
  404171:	48 8b 00             	mov    rax,QWORD PTR [rax]
  404174:	48 89 45 a8          	mov    QWORD PTR [rbp-0x58],rax
  404178:	48 83 45 a0 01       	add    QWORD PTR [rbp-0x60],0x1
  40417d:	48 8b 45 a0          	mov    rax,QWORD PTR [rbp-0x60]
  404181:	48 3b 85 e0 fd ff ff 	cmp    rax,QWORD PTR [rbp-0x220]
  404188:	72 e3                	jb     40416d <_Z9measure_KP4NodemmmmmmmjPSt14basic_ofstreamIcSt11char_traitsIcEE+0x1ca>
  40418a:	e8 a9 ec ff ff       	call   402e38 <_ZL8tsc_stopv>
  40418f:	48 89 85 70 ff ff ff 	mov    QWORD PTR [rbp-0x90],rax
  404196:	48 8b 85 70 ff ff ff 	mov    rax,QWORD PTR [rbp-0x90]
  40419d:	48 2b 85 78 ff ff ff 	sub    rax,QWORD PTR [rbp-0x88]
  4041a4:	48 89 85 28 fe ff ff 	mov    QWORD PTR [rbp-0x1d8],rax
  4041ab:	48 8d 95 28 fe ff ff 	lea    rdx,[rbp-0x1d8]
  4041b2:	48 8d 85 50 ff ff ff 	lea    rax,[rbp-0xb0]
  4041b9:	48 89 d6             	mov    rsi,rdx
  4041bc:	48 89 c7             	mov    rdi,rax
  4041bf:	e8 c6 18 00 00       	call   405a8a <_ZNSt6vectorImSaImEE9push_backERKm>
  4041c4:	48 8b 85 28 fe ff ff 	mov    rax,QWORD PTR [rbp-0x1d8]
  4041cb:	48 39 45 98          	cmp    QWORD PTR [rbp-0x68],rax
  4041cf:	73 05                	jae    4041d6 <_Z9measure_KP4NodemmmmmmmjPSt14basic_ofstreamIcSt11char_traitsIcEE+0x233>
  4041d1:	48 83 45 c0 01       	add    QWORD PTR [rbp-0x40],0x1
  4041d6:	48 8b 85 08 fe ff ff 	mov    rax,QWORD PTR [rbp-0x1f8]
  4041dd:	48 89 45 d8          	mov    QWORD PTR [rbp-0x28],rax
  4041e1:	48 83 45 b8 01       	add    QWORD PTR [rbp-0x48],0x1
  4041e6:	48 8b 45 b8          	mov    rax,QWORD PTR [rbp-0x48]
  4041ea:	48 3b 85 f0 fd ff ff 	cmp    rax,QWORD PTR [rbp-0x210]
  4041f1:	0f 82 2a ff ff ff    	jb     404121 <_Z9measure_KP4NodemmmmmmmjPSt14basic_ofstreamIcSt11char_traitsIcEE+0x17e>
  4041f7:	e8 05 e6 ff ff       	call   402801 <_ZL8pmu_stopv>
  4041fc:	48 8d 85 30 fe ff ff 	lea    rax,[rbp-0x1d0]
  404203:	48 89 c6             	mov    rsi,rax
  404206:	bf 00 00 00 00       	mov    edi,0x0
  40420b:	e8 f0 de ff ff       	call   402100 <getrusage@plt>
  404210:	48 8d 95 30 fe ff ff 	lea    rdx,[rbp-0x1d0]
  404217:	48 8d 85 c0 fe ff ff 	lea    rax,[rbp-0x140]
  40421e:	48 89 d6             	mov    rsi,rdx
  404221:	48 89 c7             	mov    rdi,rax
  404224:	e8 d7 e8 ff ff       	call   402b00 <_ZL9log_usageRK6rusageS1_>
  404229:	48 8b 85 08 fe ff ff 	mov    rax,QWORD PTR [rbp-0x1f8]
  404230:	be 9b a4 40 00       	mov    esi,0x40a49b
  404235:	48 89 c7             	mov    rdi,rax
  404238:	e8 7f e9 ff ff       	call   402bbc <_ZL11log_mappingPKvPKc>
  40423d:	48 8b 95 f8 fd ff ff 	mov    rdx,QWORD PTR [rbp-0x208]
  404244:	48 8b 85 e0 fd ff ff 	mov    rax,QWORD PTR [rbp-0x220]
  40424b:	48 01 d0             	add    rax,rdx
  40424e:	48 0f af 85 f0 fd ff 	imul   rax,QWORD PTR [rbp-0x210]
  404255:	ff 
  404256:	48 89 c3             	mov    rbx,rax
  404259:	bf 20 f4 40 00       	mov    edi,0x40f420
  40425e:	e8 5d de ff ff       	call   4020c0 <_ZNKSt7__cxx1112basic_stringIcSt11char_traitsIcESaIcEE5c_strEv@plt>
  404263:	48 89 de             	mov    rsi,rbx
  404266:	48 89 c7             	mov    rdi,rax
  404269:	e8 5f e6 ff ff       	call   4028cd <_ZL8pmu_savePKcm>
  40426e:	48 8d 85 50 ff ff ff 	lea    rax,[rbp-0xb0]
  404275:	48 89 c7             	mov    rdi,rax
  404278:	e8 89 18 00 00       	call   405b06 <_ZNSt6vectorImSaImEE4dataEv>
  40427d:	48 89 c3             	mov    rbx,rax
  404280:	bf 40 f4 40 00       	mov    edi,0x40f440
  404285:	e8 36 de ff ff       	call   4020c0 <_ZNKSt7__cxx1112basic_stringIcSt11char_traitsIcESaIcEE5c_strEv@plt>
  40428a:	48 89 c1             	mov    rcx,rax
  40428d:	48 8b 85 f0 fd ff ff 	mov    rax,QWORD PTR [rbp-0x210]
  404294:	48 89 c2             	mov    rdx,rax
  404297:	48 89 de             	mov    rsi,rbx
  40429a:	48 89 cf             	mov    rdi,rcx
  40429d:	e8 d3 e7 ff ff       	call   402a75 <_ZL10save_ticksPKcPKmm>
  4042a2:	48 8d 85 50 ff ff ff 	lea    rax,[rbp-0xb0]
  4042a9:	48 89 c7             	mov    rdi,rax
  4042ac:	e8 23 14 00 00       	call   4056d4 <_ZNSt6vectorImSaImEE3endEv>
  4042b1:	48 89 c3             	mov    rbx,rax
  4042b4:	48 8d 85 50 ff ff ff 	lea    rax,[rbp-0xb0]
  4042bb:	48 89 c7             	mov    rdi,rax
  4042be:	e8 eb 13 00 00       	call   4056ae <_ZNSt6vectorImSaImEE5beginEv>
  4042c3:	48 89 de             	mov    rsi,rbx
  4042c6:	48 89 c7             	mov    rdi,rax
  4042c9:	e8 5c 18 00 00       	call   405b2a <_ZSt4sortIN9__gnu_cxx17__normal_iteratorIPmSt6vectorImSaImEEEEEvT_S7_>
  4042ce:	48 8b 85 f0 fd ff ff 	mov    rax,QWORD PTR [rbp-0x210]
  4042d5:	48 d1 e8             	shr    rax,1
  4042d8:	48 89 c2             	mov    rdx,rax
  4042db:	48 8d 85 50 ff ff ff 	lea    rax,[rbp-0xb0]
  4042e2:	48 89 d6             	mov    rsi,rdx
  4042e5:	48 89 c7             	mov    rdi,rax
  4042e8:	e8 7b 13 00 00       	call   405668 <_ZNSt6vectorImSaImEEixEm>
  4042ed:	48 8b 00             	mov    rax,QWORD PTR [rax]
  4042f0:	48 85 c0             	test   rax,rax
  4042f3:	78 0b                	js     404300 <_Z9measure_KP4NodemmmmmmmjPSt14basic_ofstreamIcSt11char_traitsIcEE+0x35d>
  4042f5:	66 0f ef c0          	pxor   xmm0,xmm0
  4042f9:	f2 48 0f 2a c0       	cvtsi2sd xmm0,rax
  4042fe:	eb 19                	jmp    404319 <_Z9measure_KP4NodemmmmmmmjPSt14basic_ofstreamIcSt11char_traitsIcEE+0x376>
  404300:	48 89 c2             	mov    rdx,rax
  404303:	48 d1 ea             	shr    rdx,1
  404306:	83 e0 01             	and    eax,0x1
  404309:	48 09 c2             	or     rdx,rax
  40430c:	66 0f ef c0          	pxor   xmm0,xmm0
  404310:	f2 48 0f 2a c2       	cvtsi2sd xmm0,rdx
  404315:	f2 0f 58 c0          	addsd  xmm0,xmm0
  404319:	48 8b 85 e0 fd ff ff 	mov    rax,QWORD PTR [rbp-0x220]
  404320:	48 85 c0             	test   rax,rax
  404323:	78 0b                	js     404330 <_Z9measure_KP4NodemmmmmmmjPSt14basic_ofstreamIcSt11char_traitsIcEE+0x38d>
  404325:	66 0f ef c9          	pxor   xmm1,xmm1
  404329:	f2 48 0f 2a c8       	cvtsi2sd xmm1,rax
  40432e:	eb 19                	jmp    404349 <_Z9measure_KP4NodemmmmmmmjPSt14basic_ofstreamIcSt11char_traitsIcEE+0x3a6>
  404330:	48 89 c2             	mov    rdx,rax
  404333:	48 d1 ea             	shr    rdx,1
  404336:	83 e0 01             	and    eax,0x1
  404339:	48 09 c2             	or     rdx,rax
  40433c:	66 0f ef c9          	pxor   xmm1,xmm1
  404340:	f2 48 0f 2a ca       	cvtsi2sd xmm1,rdx
  404345:	f2 0f 58 c9          	addsd  xmm1,xmm1
  404349:	f2 0f 5e c1          	divsd  xmm0,xmm1
  40434d:	f2 0f 11 45 90       	movsd  QWORD PTR [rbp-0x70],xmm0
  404352:	48 83 7d 28 00       	cmp    QWORD PTR [rbp+0x28],0x0
  404357:	0f 84 22 01 00 00    	je     40447f <_Z9measure_KP4NodemmmmmmmjPSt14basic_ofstreamIcSt11char_traitsIcEE+0x4dc>
  40435d:	48 8d 85 50 ff ff ff 	lea    rax,[rbp-0xb0]
  404364:	48 89 45 88          	mov    QWORD PTR [rbp-0x78],rax
  404368:	48 8b 45 88          	mov    rax,QWORD PTR [rbp-0x78]
  40436c:	48 89 c7             	mov    rdi,rax
  40436f:	e8 3a 13 00 00       	call   4056ae <_ZNSt6vectorImSaImEE5beginEv>
  404374:	48 89 85 20 fe ff ff 	mov    QWORD PTR [rbp-0x1e0],rax
  40437b:	48 8b 45 88          	mov    rax,QWORD PTR [rbp-0x78]
  40437f:	48 89 c7             	mov    rdi,rax
  404382:	e8 4d 13 00 00       	call   4056d4 <_ZNSt6vectorImSaImEE3endEv>
  404387:	48 89 85 18 fe ff ff 	mov    QWORD PTR [rbp-0x1e8],rax
  40438e:	e9 cb 00 00 00       	jmp    40445e <_Z9measure_KP4NodemmmmmmmjPSt14basic_ofstreamIcSt11char_traitsIcEE+0x4bb>
  404393:	48 8d 85 20 fe ff ff 	lea    rax,[rbp-0x1e0]
  40439a:	48 89 c7             	mov    rdi,rax
  40439d:	e8 0e 18 00 00       	call   405bb0 <_ZNK9__gnu_cxx17__normal_iteratorIPmSt6vectorImSaImEEEdeEv>
  4043a2:	48 8b 00             	mov    rax,QWORD PTR [rax]
  4043a5:	48 89 45 80          	mov    QWORD PTR [rbp-0x80],rax
  4043a9:	48 8b 45 28          	mov    rax,QWORD PTR [rbp+0x28]
  4043ad:	48 8b 95 f8 fd ff ff 	mov    rdx,QWORD PTR [rbp-0x208]
  4043b4:	48 89 d6             	mov    rsi,rdx
  4043b7:	48 89 c7             	mov    rdi,rax
  4043ba:	e8 a1 dc ff ff       	call   402060 <_ZNSolsEm@plt>
  4043bf:	be 58 a1 40 00       	mov    esi,0x40a158
  4043c4:	48 89 c7             	mov    rdi,rax
  4043c7:	e8 e4 dd ff ff       	call   4021b0 <_ZStlsISt11char_traitsIcEERSt13basic_ostreamIcT_ES5_PKc@plt>
  4043cc:	48 89 c1             	mov    rcx,rax
  4043cf:	48 8b 45 80          	mov    rax,QWORD PTR [rbp-0x80]
  4043d3:	48 85 c0             	test   rax,rax
  4043d6:	78 0b                	js     4043e3 <_Z9measure_KP4NodemmmmmmmjPSt14basic_ofstreamIcSt11char_traitsIcEE+0x440>
  4043d8:	66 0f ef c0          	pxor   xmm0,xmm0
  4043dc:	f2 48 0f 2a c0       	cvtsi2sd xmm0,rax
  4043e1:	eb 19                	jmp    4043fc <_Z9measure_KP4NodemmmmmmmjPSt14basic_ofstreamIcSt11char_traitsIcEE+0x459>
  4043e3:	48 89 c2             	mov    rdx,rax
  4043e6:	48 d1 ea             	shr    rdx,1
  4043e9:	83 e0 01             	and    eax,0x1
  4043ec:	48 09 c2             	or     rdx,rax
  4043ef:	66 0f ef c0          	pxor   xmm0,xmm0
  4043f3:	f2 48 0f 2a c2       	cvtsi2sd xmm0,rdx
  4043f8:	f2 0f 58 c0          	addsd  xmm0,xmm0
  4043fc:	48 8b 85 e0 fd ff ff 	mov    rax,QWORD PTR [rbp-0x220]
  404403:	48 85 c0             	test   rax,rax
  404406:	78 0b                	js     404413 <_Z9measure_KP4NodemmmmmmmjPSt14basic_ofstreamIcSt11char_traitsIcEE+0x470>
  404408:	66 0f ef c9          	pxor   xmm1,xmm1
  40440c:	f2 48 0f 2a c8       	cvtsi2sd xmm1,rax
  404411:	eb 19                	jmp    40442c <_Z9measure_KP4NodemmmmmmmjPSt14basic_ofstreamIcSt11char_traitsIcEE+0x489>
  404413:	48 89 c2             	mov    rdx,rax
  404416:	48 d1 ea             	shr    rdx,1
  404419:	83 e0 01             	and    eax,0x1
  40441c:	48 09 c2             	or     rdx,rax
  40441f:	66 0f ef c9          	pxor   xmm1,xmm1
  404423:	f2 48 0f 2a ca       	cvtsi2sd xmm1,rdx
  404428:	f2 0f 58 c9          	addsd  xmm1,xmm1
  40442c:	f2 0f 5e c1          	divsd  xmm0,xmm1
  404430:	66 48 0f 7e c0       	movq   rax,xmm0
  404435:	66 48 0f 6e c0       	movq   xmm0,rax
  40443a:	48 89 cf             	mov    rdi,rcx
  40443d:	e8 7e df ff ff       	call   4023c0 <_ZNSolsEd@plt>
  404442:	be 44 a3 40 00       	mov    esi,0x40a344
  404447:	48 89 c7             	mov    rdi,rax
  40444a:	e8 61 dd ff ff       	call   4021b0 <_ZStlsISt11char_traitsIcEERSt13basic_ostreamIcT_ES5_PKc@plt>
  40444f:	48 8d 85 20 fe ff ff 	lea    rax,[rbp-0x1e0]
  404456:	48 89 c7             	mov    rdi,rax
  404459:	e8 32 17 00 00       	call   405b90 <_ZN9__gnu_cxx17__normal_iteratorIPmSt6vectorImSaImEEEppEv>
  40445e:	48 8d 95 18 fe ff ff 	lea    rdx,[rbp-0x1e8]
  404465:	48 8d 85 20 fe ff ff 	lea    rax,[rbp-0x1e0]
  40446c:	48 89 d6             	mov    rsi,rdx
  40446f:	48 89 c7             	mov    rdi,rax
  404472:	e8 de 16 00 00       	call   405b55 <_ZN9__gnu_cxxneIPmSt6vectorImSaImEEEEbRKNS_17__normal_iteratorIT_T0_EESA_>
  404477:	84 c0                	test   al,al
  404479:	0f 85 14 ff ff ff    	jne    404393 <_Z9measure_KP4NodemmmmmmmjPSt14basic_ofstreamIcSt11char_traitsIcEE+0x3f0>
  40447f:	48 8b 45 c0          	mov    rax,QWORD PTR [rbp-0x40]
  404483:	48 85 c0             	test   rax,rax
  404486:	78 0b                	js     404493 <_Z9measure_KP4NodemmmmmmmjPSt14basic_ofstreamIcSt11char_traitsIcEE+0x4f0>
  404488:	66 0f ef c0          	pxor   xmm0,xmm0
  40448c:	f2 48 0f 2a c0       	cvtsi2sd xmm0,rax
  404491:	eb 19                	jmp    4044ac <_Z9measure_KP4NodemmmmmmmjPSt14basic_ofstreamIcSt11char_traitsIcEE+0x509>
  404493:	48 89 c2             	mov    rdx,rax
  404496:	48 d1 ea             	shr    rdx,1
  404499:	83 e0 01             	and    eax,0x1
  40449c:	48 09 c2             	or     rdx,rax
  40449f:	66 0f ef c0          	pxor   xmm0,xmm0
  4044a3:	f2 48 0f 2a c2       	cvtsi2sd xmm0,rdx
  4044a8:	f2 0f 58 c0          	addsd  xmm0,xmm0
  4044ac:	48 8b 85 f0 fd ff ff 	mov    rax,QWORD PTR [rbp-0x210]
  4044b3:	48 85 c0             	test   rax,rax
  4044b6:	78 0b                	js     4044c3 <_Z9measure_KP4NodemmmmmmmjPSt14basic_ofstreamIcSt11char_traitsIcEE+0x520>
  4044b8:	66 0f ef c9          	pxor   xmm1,xmm1
  4044bc:	f2 48 0f 2a c8       	cvtsi2sd xmm1,rax
  4044c1:	eb 19                	jmp    4044dc <_Z9measure_KP4NodemmmmmmmjPSt14basic_ofstreamIcSt11char_traitsIcEE+0x539>
  4044c3:	48 89 c2             	mov    rdx,rax
  4044c6:	48 d1 ea             	shr    rdx,1
  4044c9:	83 e0 01             	and    eax,0x1
  4044cc:	48 09 c2             	or     rdx,rax
  4044cf:	66 0f ef c9          	pxor   xmm1,xmm1
  4044d3:	f2 48 0f 2a ca       	cvtsi2sd xmm1,rdx
  4044d8:	f2 0f 58 c9          	addsd  xmm1,xmm1
  4044dc:	f2 0f 5e c1          	divsd  xmm0,xmm1
  4044e0:	66 49 0f 7e c4       	movq   r12,xmm0
  4044e5:	4c 8b 6d 90          	mov    r13,QWORD PTR [rbp-0x70]
  4044e9:	48 8d 85 50 ff ff ff 	lea    rax,[rbp-0xb0]
  4044f0:	48 89 c7             	mov    rdi,rax
  4044f3:	e8 06 10 00 00       	call   4054fe <_ZNSt6vectorImSaImEED1Ev>
  4044f8:	66 49 0f 6e c4       	movq   xmm0,r12
  4044fd:	66 49 0f 3a 22 c5 01 	pinsrq xmm0,r13,0x1
  404504:	4c 89 e0             	mov    rax,r12
  404507:	4c 89 ea             	mov    rdx,r13
  40450a:	66 48 0f 6e ca       	movq   xmm1,rdx
  40450f:	eb 1d                	jmp    40452e <_Z9measure_KP4NodemmmmmmmjPSt14basic_ofstreamIcSt11char_traitsIcEE+0x58b>
  404511:	48 89 c3             	mov    rbx,rax
  404514:	48 8d 85 50 ff ff ff 	lea    rax,[rbp-0xb0]
  40451b:	48 89 c7             	mov    rdi,rax
  40451e:	e8 db 0f 00 00       	call   4054fe <_ZNSt6vectorImSaImEED1Ev>
  404523:	48 89 d8             	mov    rax,rbx
  404526:	48 89 c7             	mov    rdi,rax
  404529:	e8 62 de ff ff       	call   402390 <_Unwind_Resume@plt>
  40452e:	48 81 c4 08 02 00 00 	add    rsp,0x208
  404535:	5b                   	pop    rbx
  404536:	41 5c                	pop    r12
  404538:	41 5d                	pop    r13
  40453a:	5d                   	pop    rbp
  40453b:	c3                   	ret    

000000000040453c <_Z9calibrateP4NodemmmmRmS1_j>:
  40453c:	55                   	push   rbp
  40453d:	48 89 e5             	mov    rbp,rsp
  404540:	53                   	push   rbx
  404541:	48 81 ec f8 00 00 00 	sub    rsp,0xf8
  404548:	48 89 bd 28 ff ff ff 	mov    QWORD PTR [rbp-0xd8],rdi
  40454f:	48 89 b5 20 ff ff ff 	mov    QWORD PTR [rbp-0xe0],rsi
  404556:	48 89 95 18 ff ff ff 	mov    QWORD PTR [rbp-0xe8],rdx
  40455d:	48 89 8d 10 ff ff ff 	mov    QWORD PTR [rbp-0xf0],rcx
  404564:	4c 89 85 08 ff ff ff 	mov    QWORD PTR [rbp-0xf8],r8
  40456b:	4c 89 8d 00 ff ff ff 	mov    QWORD PTR [rbp-0x100],r9
  404572:	48 c7 45 90 10 27 00 	mov    QWORD PTR [rbp-0x70],0x2710
  404579:	00 
  40457a:	8b 55 18             	mov    edx,DWORD PTR [rbp+0x18]
  40457d:	48 8b b5 20 ff ff ff 	mov    rsi,QWORD PTR [rbp-0xe0]
  404584:	48 8b 85 28 ff ff ff 	mov    rax,QWORD PTR [rbp-0xd8]
  40458b:	89 d1                	mov    ecx,edx
  40458d:	ba 01 00 00 00       	mov    edx,0x1
  404592:	48 89 c7             	mov    rdi,rax
  404595:	e8 0c f8 ff ff       	call   403da6 <_Z20build_conflict_cycleP4Nodemmj>
  40459a:	48 8b 85 28 ff ff ff 	mov    rax,QWORD PTR [rbp-0xd8]
  4045a1:	48 89 45 e8          	mov    QWORD PTR [rbp-0x18],rax
  4045a5:	48 c7 45 e0 00 00 00 	mov    QWORD PTR [rbp-0x20],0x0
  4045ac:	00 
  4045ad:	eb 10                	jmp    4045bf <_Z9calibrateP4NodemmmmRmS1_j+0x83>
  4045af:	48 8b 45 e8          	mov    rax,QWORD PTR [rbp-0x18]
  4045b3:	48 8b 00             	mov    rax,QWORD PTR [rax]
  4045b6:	48 89 45 e8          	mov    QWORD PTR [rbp-0x18],rax
  4045ba:	48 83 45 e0 01       	add    QWORD PTR [rbp-0x20],0x1
  4045bf:	48 8b 45 e0          	mov    rax,QWORD PTR [rbp-0x20]
  4045c3:	48 3b 85 10 ff ff ff 	cmp    rax,QWORD PTR [rbp-0xf0]
  4045ca:	72 e3                	jb     4045af <_Z9calibrateP4NodemmmmRmS1_j+0x73>
  4045cc:	48 8d 85 6e ff ff ff 	lea    rax,[rbp-0x92]
  4045d3:	48 89 c7             	mov    rdi,rax
  4045d6:	e8 fb 0f 00 00       	call   4055d6 <_ZNSaImEC1Ev>
  4045db:	48 8d 95 6e ff ff ff 	lea    rdx,[rbp-0x92]
  4045e2:	48 8d 85 50 ff ff ff 	lea    rax,[rbp-0xb0]
  4045e9:	be 10 27 00 00       	mov    esi,0x2710
  4045ee:	48 89 c7             	mov    rdi,rax
  4045f1:	e8 fc 0f 00 00       	call   4055f2 <_ZNSt6vectorImSaImEEC1EmRKS0_>
  4045f6:	48 8d 85 6e ff ff ff 	lea    rax,[rbp-0x92]
  4045fd:	48 89 c7             	mov    rdi,rax
  404600:	e8 8f 0e 00 00       	call   405494 <_ZNSaImED1Ev>
  404605:	48 c7 45 d8 00 00 00 	mov    QWORD PTR [rbp-0x28],0x0
  40460c:	00 
  40460d:	eb 73                	jmp    404682 <_Z9calibrateP4NodemmmmRmS1_j+0x146>
  40460f:	e8 19 e8 ff ff       	call   402e2d <_ZL9tsc_startv>
  404614:	48 89 85 78 ff ff ff 	mov    QWORD PTR [rbp-0x88],rax
  40461b:	48 8b 45 e8          	mov    rax,QWORD PTR [rbp-0x18]
  40461f:	48 89 45 d0          	mov    QWORD PTR [rbp-0x30],rax
  404623:	48 c7 45 c8 00 00 00 	mov    QWORD PTR [rbp-0x38],0x0
  40462a:	00 
  40462b:	eb 10                	jmp    40463d <_Z9calibrateP4NodemmmmRmS1_j+0x101>
  40462d:	48 8b 45 d0          	mov    rax,QWORD PTR [rbp-0x30]
  404631:	48 8b 00             	mov    rax,QWORD PTR [rax]
  404634:	48 89 45 d0          	mov    QWORD PTR [rbp-0x30],rax
  404638:	48 83 45 c8 01       	add    QWORD PTR [rbp-0x38],0x1
  40463d:	48 8b 45 c8          	mov    rax,QWORD PTR [rbp-0x38]
  404641:	48 3b 85 08 ff ff ff 	cmp    rax,QWORD PTR [rbp-0xf8]
  404648:	72 e3                	jb     40462d <_Z9calibrateP4NodemmmmRmS1_j+0xf1>
  40464a:	e8 e9 e7 ff ff       	call   402e38 <_ZL8tsc_stopv>
  40464f:	48 89 85 70 ff ff ff 	mov    QWORD PTR [rbp-0x90],rax
  404656:	48 8b 55 d8          	mov    rdx,QWORD PTR [rbp-0x28]
  40465a:	48 8d 85 50 ff ff ff 	lea    rax,[rbp-0xb0]
  404661:	48 89 d6             	mov    rsi,rdx
  404664:	48 89 c7             	mov    rdi,rax
  404667:	e8 fc 0f 00 00       	call   405668 <_ZNSt6vectorImSaImEEixEm>
  40466c:	48 8b 95 70 ff ff ff 	mov    rdx,QWORD PTR [rbp-0x90]
  404673:	48 2b 95 78 ff ff ff 	sub    rdx,QWORD PTR [rbp-0x88]
  40467a:	48 89 10             	mov    QWORD PTR [rax],rdx
  40467d:	48 83 45 d8 01       	add    QWORD PTR [rbp-0x28],0x1
  404682:	48 81 7d d8 0f 27 00 	cmp    QWORD PTR [rbp-0x28],0x270f
  404689:	00 
  40468a:	76 83                	jbe    40460f <_Z9calibrateP4NodemmmmRmS1_j+0xd3>
  40468c:	48 8d 85 50 ff ff ff 	lea    rax,[rbp-0xb0]
  404693:	48 89 c7             	mov    rdi,rax
  404696:	e8 39 10 00 00       	call   4056d4 <_ZNSt6vectorImSaImEE3endEv>
  40469b:	48 89 c3             	mov    rbx,rax
  40469e:	48 8d 85 50 ff ff ff 	lea    rax,[rbp-0xb0]
  4046a5:	48 89 c7             	mov    rdi,rax
  4046a8:	e8 01 10 00 00       	call   4056ae <_ZNSt6vectorImSaImEE5beginEv>
  4046ad:	48 89 de             	mov    rsi,rbx
  4046b0:	48 89 c7             	mov    rdi,rax
  4046b3:	e8 72 14 00 00       	call   405b2a <_ZSt4sortIN9__gnu_cxx17__normal_iteratorIPmSt6vectorImSaImEEEEEvT_S7_>
  4046b8:	48 8d 85 50 ff ff ff 	lea    rax,[rbp-0xb0]
  4046bf:	be 1c 25 00 00       	mov    esi,0x251c
  4046c4:	48 89 c7             	mov    rdi,rax
  4046c7:	e8 9c 0f 00 00       	call   405668 <_ZNSt6vectorImSaImEEixEm>
  4046cc:	48 8b 10             	mov    rdx,QWORD PTR [rax]
  4046cf:	48 8b 85 00 ff ff ff 	mov    rax,QWORD PTR [rbp-0x100]
  4046d6:	48 89 10             	mov    QWORD PTR [rax],rdx
  4046d9:	8b 45 18             	mov    eax,DWORD PTR [rbp+0x18]
  4046dc:	8d 48 01             	lea    ecx,[rax+0x1]
  4046df:	48 8b 95 18 ff ff ff 	mov    rdx,QWORD PTR [rbp-0xe8]
  4046e6:	48 8b b5 20 ff ff ff 	mov    rsi,QWORD PTR [rbp-0xe0]
  4046ed:	48 8b 85 28 ff ff ff 	mov    rax,QWORD PTR [rbp-0xd8]
  4046f4:	48 89 c7             	mov    rdi,rax
  4046f7:	e8 aa f6 ff ff       	call   403da6 <_Z20build_conflict_cycleP4Nodemmj>
  4046fc:	48 8b 85 28 ff ff ff 	mov    rax,QWORD PTR [rbp-0xd8]
  404703:	48 89 45 e8          	mov    QWORD PTR [rbp-0x18],rax
  404707:	48 c7 45 c0 00 00 00 	mov    QWORD PTR [rbp-0x40],0x0
  40470e:	00 
  40470f:	eb 2c                	jmp    40473d <_Z9calibrateP4NodemmmmRmS1_j+0x201>
  404711:	48 c7 45 b8 00 00 00 	mov    QWORD PTR [rbp-0x48],0x0
  404718:	00 
  404719:	eb 10                	jmp    40472b <_Z9calibrateP4NodemmmmRmS1_j+0x1ef>
  40471b:	48 8b 45 e8          	mov    rax,QWORD PTR [rbp-0x18]
  40471f:	48 8b 00             	mov    rax,QWORD PTR [rax]
  404722:	48 89 45 e8          	mov    QWORD PTR [rbp-0x18],rax
  404726:	48 83 45 b8 01       	add    QWORD PTR [rbp-0x48],0x1
  40472b:	48 8b 45 b8          	mov    rax,QWORD PTR [rbp-0x48]
  40472f:	48 3b 85 18 ff ff ff 	cmp    rax,QWORD PTR [rbp-0xe8]
  404736:	72 e3                	jb     40471b <_Z9calibrateP4NodemmmmRmS1_j+0x1df>
  404738:	48 83 45 c0 01       	add    QWORD PTR [rbp-0x40],0x1
  40473d:	48 8b 45 c0          	mov    rax,QWORD PTR [rbp-0x40]
  404741:	48 3b 85 10 ff ff ff 	cmp    rax,QWORD PTR [rbp-0xf0]
  404748:	72 c7                	jb     404711 <_Z9calibrateP4NodemmmmRmS1_j+0x1d5>
  40474a:	48 8d 85 6f ff ff ff 	lea    rax,[rbp-0x91]
  404751:	48 89 c7             	mov    rdi,rax
  404754:	e8 7d 0e 00 00       	call   4055d6 <_ZNSaImEC1Ev>
  404759:	48 8d 95 6f ff ff ff 	lea    rdx,[rbp-0x91]
  404760:	48 8d 85 30 ff ff ff 	lea    rax,[rbp-0xd0]
  404767:	be 10 27 00 00       	mov    esi,0x2710
  40476c:	48 89 c7             	mov    rdi,rax
  40476f:	e8 7e 0e 00 00       	call   4055f2 <_ZNSt6vectorImSaImEEC1EmRKS0_>
  404774:	48 8d 85 6f ff ff ff 	lea    rax,[rbp-0x91]
  40477b:	48 89 c7             	mov    rdi,rax
  40477e:	e8 11 0d 00 00       	call   405494 <_ZNSaImED1Ev>
  404783:	48 c7 45 b0 00 00 00 	mov    QWORD PTR [rbp-0x50],0x0
  40478a:	00 
  40478b:	e9 a0 00 00 00       	jmp    404830 <_Z9calibrateP4NodemmmmRmS1_j+0x2f4>
  404790:	48 c7 45 a8 00 00 00 	mov    QWORD PTR [rbp-0x58],0x0
  404797:	00 
  404798:	eb 10                	jmp    4047aa <_Z9calibrateP4NodemmmmRmS1_j+0x26e>
  40479a:	48 8b 45 e8          	mov    rax,QWORD PTR [rbp-0x18]
  40479e:	48 8b 00             	mov    rax,QWORD PTR [rax]
  4047a1:	48 89 45 e8          	mov    QWORD PTR [rbp-0x18],rax
  4047a5:	48 83 45 a8 01       	add    QWORD PTR [rbp-0x58],0x1
  4047aa:	48 8b 85 18 ff ff ff 	mov    rax,QWORD PTR [rbp-0xe8]
  4047b1:	48 83 e8 01          	sub    rax,0x1
  4047b5:	48 39 45 a8          	cmp    QWORD PTR [rbp-0x58],rax
  4047b9:	72 df                	jb     40479a <_Z9calibrateP4NodemmmmRmS1_j+0x25e>
  4047bb:	e8 6d e6 ff ff       	call   402e2d <_ZL9tsc_startv>
  4047c0:	48 89 45 88          	mov    QWORD PTR [rbp-0x78],rax
  4047c4:	48 8b 45 e8          	mov    rax,QWORD PTR [rbp-0x18]
  4047c8:	48 8b 00             	mov    rax,QWORD PTR [rax]
  4047cb:	48 89 45 a0          	mov    QWORD PTR [rbp-0x60],rax
  4047cf:	48 c7 45 98 00 00 00 	mov    QWORD PTR [rbp-0x68],0x0
  4047d6:	00 
  4047d7:	eb 10                	jmp    4047e9 <_Z9calibrateP4NodemmmmRmS1_j+0x2ad>
  4047d9:	48 8b 45 a0          	mov    rax,QWORD PTR [rbp-0x60]
  4047dd:	48 8b 00             	mov    rax,QWORD PTR [rax]
  4047e0:	48 89 45 a0          	mov    QWORD PTR [rbp-0x60],rax
  4047e4:	48 83 45 98 01       	add    QWORD PTR [rbp-0x68],0x1
  4047e9:	48 8b 45 98          	mov    rax,QWORD PTR [rbp-0x68]
  4047ed:	48 3b 85 08 ff ff ff 	cmp    rax,QWORD PTR [rbp-0xf8]
  4047f4:	72 e3                	jb     4047d9 <_Z9calibrateP4NodemmmmRmS1_j+0x29d>
  4047f6:	e8 3d e6 ff ff       	call   402e38 <_ZL8tsc_stopv>
  4047fb:	48 89 45 80          	mov    QWORD PTR [rbp-0x80],rax
  4047ff:	48 8b 55 b0          	mov    rdx,QWORD PTR [rbp-0x50]
  404803:	48 8d 85 30 ff ff ff 	lea    rax,[rbp-0xd0]
  40480a:	48 89 d6             	mov    rsi,rdx
  40480d:	48 89 c7             	mov    rdi,rax
  404810:	e8 53 0e 00 00       	call   405668 <_ZNSt6vectorImSaImEEixEm>
  404815:	48 8b 55 80          	mov    rdx,QWORD PTR [rbp-0x80]
  404819:	48 2b 55 88          	sub    rdx,QWORD PTR [rbp-0x78]
  40481d:	48 89 10             	mov    QWORD PTR [rax],rdx
  404820:	48 8b 85 28 ff ff ff 	mov    rax,QWORD PTR [rbp-0xd8]
  404827:	48 89 45 e8          	mov    QWORD PTR [rbp-0x18],rax
  40482b:	48 83 45 b0 01       	add    QWORD PTR [rbp-0x50],0x1
  404830:	48 81 7d b0 0f 27 00 	cmp    QWORD PTR [rbp-0x50],0x270f
  404837:	00 
  404838:	0f 86 52 ff ff ff    	jbe    404790 <_Z9calibrateP4NodemmmmRmS1_j+0x254>
  40483e:	48 8d 85 30 ff ff ff 	lea    rax,[rbp-0xd0]
  404845:	48 89 c7             	mov    rdi,rax
  404848:	e8 87 0e 00 00       	call   4056d4 <_ZNSt6vectorImSaImEE3endEv>
  40484d:	48 89 c3             	mov    rbx,rax
  404850:	48 8d 85 30 ff ff ff 	lea    rax,[rbp-0xd0]
  404857:	48 89 c7             	mov    rdi,rax
  40485a:	e8 4f 0e 00 00       	call   4056ae <_ZNSt6vectorImSaImEE5beginEv>
  40485f:	48 89 de             	mov    rsi,rbx
  404862:	48 89 c7             	mov    rdi,rax
  404865:	e8 c0 12 00 00       	call   405b2a <_ZSt4sortIN9__gnu_cxx17__normal_iteratorIPmSt6vectorImSaImEEEEEvT_S7_>
  40486a:	48 8d 85 30 ff ff ff 	lea    rax,[rbp-0xd0]
  404871:	be f4 01 00 00       	mov    esi,0x1f4
  404876:	48 89 c7             	mov    rdi,rax
  404879:	e8 ea 0d 00 00       	call   405668 <_ZNSt6vectorImSaImEEixEm>
  40487e:	48 8b 10             	mov    rdx,QWORD PTR [rax]
  404881:	48 8b 45 10          	mov    rax,QWORD PTR [rbp+0x10]
  404885:	48 89 10             	mov    QWORD PTR [rax],rdx
  404888:	48 8d 85 30 ff ff ff 	lea    rax,[rbp-0xd0]
  40488f:	48 89 c7             	mov    rdi,rax
  404892:	e8 67 0c 00 00       	call   4054fe <_ZNSt6vectorImSaImEED1Ev>
  404897:	48 8d 85 50 ff ff ff 	lea    rax,[rbp-0xb0]
  40489e:	48 89 c7             	mov    rdi,rax
  4048a1:	e8 58 0c 00 00       	call   4054fe <_ZNSt6vectorImSaImEED1Ev>
  4048a6:	eb 62                	jmp    40490a <_Z9calibrateP4NodemmmmRmS1_j+0x3ce>
  4048a8:	48 89 c3             	mov    rbx,rax
  4048ab:	48 8d 85 6e ff ff ff 	lea    rax,[rbp-0x92]
  4048b2:	48 89 c7             	mov    rdi,rax
  4048b5:	e8 da 0b 00 00       	call   405494 <_ZNSaImED1Ev>
  4048ba:	48 89 d8             	mov    rax,rbx
  4048bd:	48 89 c7             	mov    rdi,rax
  4048c0:	e8 cb da ff ff       	call   402390 <_Unwind_Resume@plt>
  4048c5:	48 89 c3             	mov    rbx,rax
  4048c8:	48 8d 85 6f ff ff ff 	lea    rax,[rbp-0x91]
  4048cf:	48 89 c7             	mov    rdi,rax
  4048d2:	e8 bd 0b 00 00       	call   405494 <_ZNSaImED1Ev>
  4048d7:	eb 17                	jmp    4048f0 <_Z9calibrateP4NodemmmmRmS1_j+0x3b4>
  4048d9:	48 89 c3             	mov    rbx,rax
  4048dc:	48 8d 85 30 ff ff ff 	lea    rax,[rbp-0xd0]
  4048e3:	48 89 c7             	mov    rdi,rax
  4048e6:	e8 13 0c 00 00       	call   4054fe <_ZNSt6vectorImSaImEED1Ev>
  4048eb:	eb 03                	jmp    4048f0 <_Z9calibrateP4NodemmmmRmS1_j+0x3b4>
  4048ed:	48 89 c3             	mov    rbx,rax
  4048f0:	48 8d 85 50 ff ff ff 	lea    rax,[rbp-0xb0]
  4048f7:	48 89 c7             	mov    rdi,rax
  4048fa:	e8 ff 0b 00 00       	call   4054fe <_ZNSt6vectorImSaImEED1Ev>
  4048ff:	48 89 d8             	mov    rax,rbx
  404902:	48 89 c7             	mov    rdi,rax
  404905:	e8 86 da ff ff       	call   402390 <_Unwind_Resume@plt>
  40490a:	48 8b 5d f8          	mov    rbx,QWORD PTR [rbp-0x8]
  40490e:	c9                   	leave  
  40490f:	c3                   	ret    

0000000000404910 <main>:
  404910:	55                   	push   rbp
  404911:	48 89 e5             	mov    rbp,rsp
  404914:	53                   	push   rbx
  404915:	48 81 ec e8 05 00 00 	sub    rsp,0x5e8
  40491c:	89 bd 1c fa ff ff    	mov    DWORD PTR [rbp-0x5e4],edi
  404922:	48 89 b5 10 fa ff ff 	mov    QWORD PTR [rbp-0x5f0],rsi
  404929:	48 8d 95 90 fe ff ff 	lea    rdx,[rbp-0x170]
  404930:	b8 00 00 00 00       	mov    eax,0x0
  404935:	b9 21 00 00 00       	mov    ecx,0x21
  40493a:	48 89 d7             	mov    rdi,rdx
  40493d:	f3 48 ab             	rep stos QWORD PTR es:[rdi],rax
  404940:	48 8d 85 90 fe ff ff 	lea    rax,[rbp-0x170]
  404947:	48 89 c7             	mov    rdi,rax
  40494a:	e8 41 d9 ff ff       	call   402290 <_ZNSt7__cxx1112basic_stringIcSt11char_traitsIcESaIcEEC1Ev@plt>
  40494f:	48 8d 85 90 fe ff ff 	lea    rax,[rbp-0x170]
  404956:	48 83 c0 20          	add    rax,0x20
  40495a:	48 89 c7             	mov    rdi,rax
  40495d:	e8 2e d9 ff ff       	call   402290 <_ZNSt7__cxx1112basic_stringIcSt11char_traitsIcESaIcEEC1Ev@plt>
  404962:	48 8d 85 90 fe ff ff 	lea    rax,[rbp-0x170]
  404969:	48 83 c0 40          	add    rax,0x40
  40496d:	48 89 c7             	mov    rdi,rax
  404970:	e8 1b d9 ff ff       	call   402290 <_ZNSt7__cxx1112basic_stringIcSt11char_traitsIcESaIcEEC1Ev@plt>
  404975:	48 8d 85 90 fe ff ff 	lea    rax,[rbp-0x170]
  40497c:	48 05 98 00 00 00    	add    rax,0x98
  404982:	48 89 c7             	mov    rdi,rax
  404985:	e8 06 d9 ff ff       	call   402290 <_ZNSt7__cxx1112basic_stringIcSt11char_traitsIcESaIcEEC1Ev@plt>
  40498a:	48 8d 85 90 fe ff ff 	lea    rax,[rbp-0x170]
  404991:	48 05 b8 00 00 00    	add    rax,0xb8
  404997:	48 89 c7             	mov    rdi,rax
  40499a:	e8 f1 d8 ff ff       	call   402290 <_ZNSt7__cxx1112basic_stringIcSt11char_traitsIcESaIcEEC1Ev@plt>
  40499f:	48 c7 85 68 ff ff ff 	mov    QWORD PTR [rbp-0x98],0x0
  4049a6:	00 00 00 00 
  4049aa:	48 c7 85 70 ff ff ff 	mov    QWORD PTR [rbp-0x90],0x0
  4049b1:	00 00 00 00 
  4049b5:	48 c7 85 78 ff ff ff 	mov    QWORD PTR [rbp-0x88],0x0
  4049bc:	00 00 00 00 
  4049c0:	48 8d 85 90 fe ff ff 	lea    rax,[rbp-0x170]
  4049c7:	48 05 d8 00 00 00    	add    rax,0xd8
  4049cd:	48 89 c7             	mov    rdi,rax
  4049d0:	e8 a5 08 00 00       	call   40527a <_ZNSt6vectorImSaImEEC1Ev>
  4049d5:	48 c7 45 80 00 00 00 	mov    QWORD PTR [rbp-0x80],0x0
  4049dc:	00 
  4049dd:	48 c7 45 88 00 00 00 	mov    QWORD PTR [rbp-0x78],0x0
  4049e4:	00 
  4049e5:	48 c7 45 90 00 00 00 	mov    QWORD PTR [rbp-0x70],0x0
  4049ec:	00 
  4049ed:	48 8d 85 90 fe ff ff 	lea    rax,[rbp-0x170]
  4049f4:	48 05 f0 00 00 00    	add    rax,0xf0
  4049fa:	48 89 c7             	mov    rdi,rax
  4049fd:	e8 78 08 00 00       	call   40527a <_ZNSt6vectorImSaImEEC1Ev>
  404a02:	48 8d 95 90 fe ff ff 	lea    rdx,[rbp-0x170]
  404a09:	48 8b 8d 10 fa ff ff 	mov    rcx,QWORD PTR [rbp-0x5f0]
  404a10:	8b 85 1c fa ff ff    	mov    eax,DWORD PTR [rbp-0x5e4]
  404a16:	48 89 ce             	mov    rsi,rcx
  404a19:	89 c7                	mov    edi,eax
  404a1b:	e8 55 e5 ff ff       	call   402f75 <_Z10parse_argsiPPcR6Config>
  404a20:	83 f0 01             	xor    eax,0x1
  404a23:	84 c0                	test   al,al
  404a25:	74 0a                	je     404a31 <main+0x121>
  404a27:	bb 01 00 00 00       	mov    ebx,0x1
  404a2c:	e9 74 06 00 00       	jmp    4050a5 <main+0x795>
  404a31:	48 8d 85 90 fe ff ff 	lea    rax,[rbp-0x170]
  404a38:	48 89 c7             	mov    rdi,rax
  404a3b:	e8 20 d9 ff ff       	call   402360 <_ZNKSt7__cxx1112basic_stringIcSt11char_traitsIcESaIcEE5emptyEv@plt>
  404a40:	84 c0                	test   al,al
  404a42:	75 72                	jne    404ab6 <main+0x1a6>
  404a44:	48 8d 85 90 fe ff ff 	lea    rax,[rbp-0x170]
  404a4b:	48 83 c0 20          	add    rax,0x20
  404a4f:	48 89 c7             	mov    rdi,rax
  404a52:	e8 09 d9 ff ff       	call   402360 <_ZNKSt7__cxx1112basic_stringIcSt11char_traitsIcESaIcEE5emptyEv@plt>
  404a57:	84 c0                	test   al,al
  404a59:	75 5b                	jne    404ab6 <main+0x1a6>
  404a5b:	48 8d 85 90 fe ff ff 	lea    rax,[rbp-0x170]
  404a62:	48 83 c0 40          	add    rax,0x40
  404a66:	48 89 c7             	mov    rdi,rax
  404a69:	e8 f2 d8 ff ff       	call   402360 <_ZNKSt7__cxx1112basic_stringIcSt11char_traitsIcESaIcEE5emptyEv@plt>
  404a6e:	84 c0                	test   al,al
  404a70:	75 44                	jne    404ab6 <main+0x1a6>
  404a72:	48 8d 85 90 fe ff ff 	lea    rax,[rbp-0x170]
  404a79:	48 05 f0 00 00 00    	add    rax,0xf0
  404a7f:	48 89 c7             	mov    rdi,rax
  404a82:	e8 3b 11 00 00       	call   405bc2 <_ZNKSt6vectorImSaImEE4sizeEv>
  404a87:	48 83 f8 01          	cmp    rax,0x1
  404a8b:	75 29                	jne    404ab6 <main+0x1a6>
  404a8d:	48 8d 85 90 fe ff ff 	lea    rax,[rbp-0x170]
  404a94:	48 05 f0 00 00 00    	add    rax,0xf0
  404a9a:	be 00 00 00 00       	mov    esi,0x0
  404a9f:	48 89 c7             	mov    rdi,rax
  404aa2:	e8 c1 0b 00 00       	call   405668 <_ZNSt6vectorImSaImEEixEm>
  404aa7:	48 8b 10             	mov    rdx,QWORD PTR [rax]
  404aaa:	48 8b 85 00 ff ff ff 	mov    rax,QWORD PTR [rbp-0x100]
  404ab1:	48 39 c2             	cmp    rdx,rax
  404ab4:	76 07                	jbe    404abd <main+0x1ad>
  404ab6:	b8 01 00 00 00       	mov    eax,0x1
  404abb:	eb 05                	jmp    404ac2 <main+0x1b2>
  404abd:	b8 00 00 00 00       	mov    eax,0x0
  404ac2:	84 c0                	test   al,al
  404ac4:	74 19                	je     404adf <main+0x1cf>
  404ac6:	be a8 a4 40 00       	mov    esi,0x40a4a8
  404acb:	bf 40 f2 40 00       	mov    edi,0x40f240
  404ad0:	e8 db d6 ff ff       	call   4021b0 <_ZStlsISt11char_traitsIcEERSt13basic_ostreamIcT_ES5_PKc@plt>
  404ad5:	bb 01 00 00 00       	mov    ebx,0x1
  404ada:	e9 c6 05 00 00       	jmp    4050a5 <main+0x795>
  404adf:	48 8d 85 90 fe ff ff 	lea    rax,[rbp-0x170]
  404ae6:	48 89 c7             	mov    rdi,rax
  404ae9:	e8 d2 d5 ff ff       	call   4020c0 <_ZNKSt7__cxx1112basic_stringIcSt11char_traitsIcESaIcEE5c_strEv@plt>
  404aee:	48 89 c7             	mov    rdi,rax
  404af1:	e8 73 da ff ff       	call   402569 <_ZL8pmu_openPKc>
  404af6:	48 8d 85 90 fe ff ff 	lea    rax,[rbp-0x170]
  404afd:	48 83 c0 20          	add    rax,0x20
  404b01:	48 89 c6             	mov    rsi,rax
  404b04:	bf 20 f4 40 00       	mov    edi,0x40f420
  404b09:	e8 22 d5 ff ff       	call   402030 <_ZNSt7__cxx1112basic_stringIcSt11char_traitsIcESaIcEEaSERKS4_@plt>
  404b0e:	48 8d 85 90 fe ff ff 	lea    rax,[rbp-0x170]
  404b15:	48 83 c0 40          	add    rax,0x40
  404b19:	48 89 c6             	mov    rsi,rax
  404b1c:	bf 40 f4 40 00       	mov    edi,0x40f440
  404b21:	e8 0a d5 ff ff       	call   402030 <_ZNSt7__cxx1112basic_stringIcSt11char_traitsIcESaIcEEaSERKS4_@plt>
  404b26:	48 8b 95 f8 fe ff ff 	mov    rdx,QWORD PTR [rbp-0x108]
  404b2d:	48 8b 85 f0 fe ff ff 	mov    rax,QWORD PTR [rbp-0x110]
  404b34:	48 0f af c2          	imul   rax,rdx
  404b38:	48 89 45 e8          	mov    QWORD PTR [rbp-0x18],rax
  404b3c:	48 8b 85 00 ff ff ff 	mov    rax,QWORD PTR [rbp-0x100]
  404b43:	48 0f af 45 e8       	imul   rax,QWORD PTR [rbp-0x18]
  404b48:	48 89 c2             	mov    rdx,rax
  404b4b:	48 8b 85 f8 fe ff ff 	mov    rax,QWORD PTR [rbp-0x108]
  404b52:	48 01 d0             	add    rax,rdx
  404b55:	48 89 45 e0          	mov    QWORD PTR [rbp-0x20],rax
  404b59:	c6 45 df 01          	mov    BYTE PTR [rbp-0x21],0x1
  404b5d:	48 c7 85 88 fe ff ff 	mov    QWORD PTR [rbp-0x178],0x0
  404b64:	00 00 00 00 
  404b68:	0f b6 4d df          	movzx  ecx,BYTE PTR [rbp-0x21]
  404b6c:	48 8d 95 88 fe ff ff 	lea    rdx,[rbp-0x178]
  404b73:	48 8b 45 e0          	mov    rax,QWORD PTR [rbp-0x20]
  404b77:	89 ce                	mov    esi,ecx
  404b79:	48 89 c7             	mov    rdi,rax
  404b7c:	e8 8b f0 ff ff       	call   403c0c <_Z15allocate_buffermbRm>
  404b81:	48 89 45 d0          	mov    QWORD PTR [rbp-0x30],rax
  404b85:	48 8b 45 d0          	mov    rax,QWORD PTR [rbp-0x30]
  404b89:	48 89 45 c8          	mov    QWORD PTR [rbp-0x38],rax
  404b8d:	8b bd 20 ff ff ff    	mov    edi,DWORD PTR [rbp-0xe0]
  404b93:	4c 8b 85 18 ff ff ff 	mov    r8,QWORD PTR [rbp-0xe8]
  404b9a:	48 8b 8d 10 ff ff ff 	mov    rcx,QWORD PTR [rbp-0xf0]
  404ba1:	48 8b 95 00 ff ff ff 	mov    rdx,QWORD PTR [rbp-0x100]
  404ba8:	4c 8d 8d 80 fe ff ff 	lea    r9,[rbp-0x180]
  404baf:	48 8b 75 e8          	mov    rsi,QWORD PTR [rbp-0x18]
  404bb3:	48 8b 45 c8          	mov    rax,QWORD PTR [rbp-0x38]
  404bb7:	57                   	push   rdi
  404bb8:	48 8d bd 78 fe ff ff 	lea    rdi,[rbp-0x188]
  404bbf:	57                   	push   rdi
  404bc0:	48 89 c7             	mov    rdi,rax
  404bc3:	e8 74 f9 ff ff       	call   40453c <_Z9calibrateP4NodemmmmRmS1_j>
  404bc8:	48 83 c4 10          	add    rsp,0x10
  404bcc:	be d3 a4 40 00       	mov    esi,0x40a4d3
  404bd1:	bf 40 f2 40 00       	mov    edi,0x40f240
  404bd6:	e8 d5 d5 ff ff       	call   4021b0 <_ZStlsISt11char_traitsIcEERSt13basic_ostreamIcT_ES5_PKc@plt>
  404bdb:	48 89 c2             	mov    rdx,rax
  404bde:	48 8b 85 80 fe ff ff 	mov    rax,QWORD PTR [rbp-0x180]
  404be5:	48 89 c6             	mov    rsi,rax
  404be8:	48 89 d7             	mov    rdi,rdx
  404beb:	e8 70 d4 ff ff       	call   402060 <_ZNSolsEm@plt>
  404bf0:	be e9 a4 40 00       	mov    esi,0x40a4e9
  404bf5:	48 89 c7             	mov    rdi,rax
  404bf8:	e8 b3 d5 ff ff       	call   4021b0 <_ZStlsISt11char_traitsIcEERSt13basic_ostreamIcT_ES5_PKc@plt>
  404bfd:	48 89 c2             	mov    rdx,rax
  404c00:	48 8b 85 18 ff ff ff 	mov    rax,QWORD PTR [rbp-0xe8]
  404c07:	48 89 c6             	mov    rsi,rax
  404c0a:	48 89 d7             	mov    rdi,rdx
  404c0d:	e8 4e d4 ff ff       	call   402060 <_ZNSolsEm@plt>
  404c12:	be a9 a3 40 00       	mov    esi,0x40a3a9
  404c17:	48 89 c7             	mov    rdi,rax
  404c1a:	e8 91 d5 ff ff       	call   4021b0 <_ZStlsISt11char_traitsIcEERSt13basic_ostreamIcT_ES5_PKc@plt>
  404c1f:	be fd a4 40 00       	mov    esi,0x40a4fd
  404c24:	bf 40 f2 40 00       	mov    edi,0x40f240
  404c29:	e8 82 d5 ff ff       	call   4021b0 <_ZStlsISt11char_traitsIcEERSt13basic_ostreamIcT_ES5_PKc@plt>
  404c2e:	48 89 c2             	mov    rdx,rax
  404c31:	48 8b 85 78 fe ff ff 	mov    rax,QWORD PTR [rbp-0x188]
  404c38:	48 89 c6             	mov    rsi,rax
  404c3b:	48 89 d7             	mov    rdi,rdx
  404c3e:	e8 1d d4 ff ff       	call   402060 <_ZNSolsEm@plt>
  404c43:	be 13 a5 40 00       	mov    esi,0x40a513
  404c48:	48 89 c7             	mov    rdi,rax
  404c4b:	e8 60 d5 ff ff       	call   4021b0 <_ZStlsISt11char_traitsIcEERSt13basic_ostreamIcT_ES5_PKc@plt>
  404c50:	48 8d 85 90 fe ff ff 	lea    rax,[rbp-0x170]
  404c57:	48 8d 88 98 00 00 00 	lea    rcx,[rax+0x98]
  404c5e:	48 8d 85 70 fc ff ff 	lea    rax,[rbp-0x390]
  404c65:	ba 10 00 00 00       	mov    edx,0x10
  404c6a:	48 89 ce             	mov    rsi,rcx
  404c6d:	48 89 c7             	mov    rdi,rax
  404c70:	e8 5b d7 ff ff       	call   4023d0 <_ZNSt14basic_ofstreamIcSt11char_traitsIcEEC1ERKNSt7__cxx1112basic_stringIcS1_SaIcEEESt13_Ios_Openmode@plt>
  404c75:	48 8d 85 70 fc ff ff 	lea    rax,[rbp-0x390]
  404c7c:	be 20 a5 40 00       	mov    esi,0x40a520
  404c81:	48 89 c7             	mov    rdi,rax
  404c84:	e8 27 d5 ff ff       	call   4021b0 <_ZStlsISt11char_traitsIcEERSt13basic_ostreamIcT_ES5_PKc@plt>
  404c89:	48 8d 85 70 fa ff ff 	lea    rax,[rbp-0x590]
  404c90:	48 89 c7             	mov    rdi,rax
  404c93:	e8 d8 d6 ff ff       	call   402370 <_ZNSt14basic_ofstreamIcSt11char_traitsIcEEC1Ev@plt>
  404c98:	48 8d 85 90 fe ff ff 	lea    rax,[rbp-0x170]
  404c9f:	48 05 b8 00 00 00    	add    rax,0xb8
  404ca5:	48 89 c7             	mov    rdi,rax
  404ca8:	e8 b3 d6 ff ff       	call   402360 <_ZNKSt7__cxx1112basic_stringIcSt11char_traitsIcESaIcEE5emptyEv@plt>
  404cad:	83 f0 01             	xor    eax,0x1
  404cb0:	84 c0                	test   al,al
  404cb2:	74 23                	je     404cd7 <main+0x3c7>
  404cb4:	48 8d 85 90 fe ff ff 	lea    rax,[rbp-0x170]
  404cbb:	48 05 d8 00 00 00    	add    rax,0xd8
  404cc1:	48 89 c7             	mov    rdi,rax
  404cc4:	e8 1d 0f 00 00       	call   405be6 <_ZNKSt6vectorImSaImEE5emptyEv>
  404cc9:	83 f0 01             	xor    eax,0x1
  404ccc:	84 c0                	test   al,al
  404cce:	74 07                	je     404cd7 <main+0x3c7>
  404cd0:	b8 01 00 00 00       	mov    eax,0x1
  404cd5:	eb 05                	jmp    404cdc <main+0x3cc>
  404cd7:	b8 00 00 00 00       	mov    eax,0x0
  404cdc:	88 45 c7             	mov    BYTE PTR [rbp-0x39],al
  404cdf:	80 7d c7 00          	cmp    BYTE PTR [rbp-0x39],0x0
  404ce3:	74 39                	je     404d1e <main+0x40e>
  404ce5:	48 8d 85 90 fe ff ff 	lea    rax,[rbp-0x170]
  404cec:	48 8d 88 b8 00 00 00 	lea    rcx,[rax+0xb8]
  404cf3:	48 8d 85 70 fa ff ff 	lea    rax,[rbp-0x590]
  404cfa:	ba 10 00 00 00       	mov    edx,0x10
  404cff:	48 89 ce             	mov    rsi,rcx
  404d02:	48 89 c7             	mov    rdi,rax
  404d05:	e8 d6 d3 ff ff       	call   4020e0 <_ZNSt14basic_ofstreamIcSt11char_traitsIcEE4openERKNSt7__cxx1112basic_stringIcS1_SaIcEEESt13_Ios_Openmode@plt>
  404d0a:	48 8d 85 70 fa ff ff 	lea    rax,[rbp-0x590]
  404d11:	be 47 a5 40 00       	mov    esi,0x40a547
  404d16:	48 89 c7             	mov    rdi,rax
  404d19:	e8 92 d4 ff ff       	call   4021b0 <_ZStlsISt11char_traitsIcEERSt13basic_ostreamIcT_ES5_PKc@plt>
  404d1e:	48 8d 85 50 fa ff ff 	lea    rax,[rbp-0x5b0]
  404d25:	48 89 c7             	mov    rdi,rax
  404d28:	e8 4d 05 00 00       	call   40527a <_ZNSt6vectorImSaImEEC1Ev>
  404d2d:	48 8d 85 90 fe ff ff 	lea    rax,[rbp-0x170]
  404d34:	48 05 f0 00 00 00    	add    rax,0xf0
  404d3a:	48 89 c7             	mov    rdi,rax
  404d3d:	e8 a4 0e 00 00       	call   405be6 <_ZNKSt6vectorImSaImEE5emptyEv>
  404d42:	83 f0 01             	xor    eax,0x1
  404d45:	84 c0                	test   al,al
  404d47:	74 22                	je     404d6b <main+0x45b>
  404d49:	48 8d 85 90 fe ff ff 	lea    rax,[rbp-0x170]
  404d50:	48 8d 90 f0 00 00 00 	lea    rdx,[rax+0xf0]
  404d57:	48 8d 85 50 fa ff ff 	lea    rax,[rbp-0x5b0]
  404d5e:	48 89 d6             	mov    rsi,rdx
  404d61:	48 89 c7             	mov    rdi,rax
  404d64:	e8 c9 0e 00 00       	call   405c32 <_ZNSt6vectorImSaImEEaSERKS1_>
  404d69:	eb 4b                	jmp    404db6 <main+0x4a6>
  404d6b:	48 c7 85 48 fa ff ff 	mov    QWORD PTR [rbp-0x5b8],0x1
  404d72:	01 00 00 00 
  404d76:	eb 2b                	jmp    404da3 <main+0x493>
  404d78:	48 8d 95 48 fa ff ff 	lea    rdx,[rbp-0x5b8]
  404d7f:	48 8d 85 50 fa ff ff 	lea    rax,[rbp-0x5b0]
  404d86:	48 89 d6             	mov    rsi,rdx
  404d89:	48 89 c7             	mov    rdi,rax
  404d8c:	e8 f9 0c 00 00       	call   405a8a <_ZNSt6vectorImSaImEE9push_backERKm>
  404d91:	48 8b 85 48 fa ff ff 	mov    rax,QWORD PTR [rbp-0x5b8]
  404d98:	48 83 c0 01          	add    rax,0x1
  404d9c:	48 89 85 48 fa ff ff 	mov    QWORD PTR [rbp-0x5b8],rax
  404da3:	48 8b 95 00 ff ff ff 	mov    rdx,QWORD PTR [rbp-0x100]
  404daa:	48 8b 85 48 fa ff ff 	mov    rax,QWORD PTR [rbp-0x5b8]
  404db1:	48 39 c2             	cmp    rdx,rax
  404db4:	73 c2                	jae    404d78 <main+0x468>
  404db6:	48 8d 85 50 fa ff ff 	lea    rax,[rbp-0x5b0]
  404dbd:	48 89 45 b8          	mov    QWORD PTR [rbp-0x48],rax
  404dc1:	48 8b 45 b8          	mov    rax,QWORD PTR [rbp-0x48]
  404dc5:	48 89 c7             	mov    rdi,rax
  404dc8:	e8 e1 08 00 00       	call   4056ae <_ZNSt6vectorImSaImEE5beginEv>
  404dcd:	48 89 85 38 fa ff ff 	mov    QWORD PTR [rbp-0x5c8],rax
  404dd4:	48 8b 45 b8          	mov    rax,QWORD PTR [rbp-0x48]
  404dd8:	48 89 c7             	mov    rdi,rax
  404ddb:	e8 f4 08 00 00       	call   4056d4 <_ZNSt6vectorImSaImEE3endEv>
  404de0:	48 89 85 30 fa ff ff 	mov    QWORD PTR [rbp-0x5d0],rax
  404de7:	e9 2c 02 00 00       	jmp    405018 <main+0x708>
  404dec:	48 8d 85 38 fa ff ff 	lea    rax,[rbp-0x5c8]
  404df3:	48 89 c7             	mov    rdi,rax
  404df6:	e8 b5 0d 00 00       	call   405bb0 <_ZNK9__gnu_cxx17__normal_iteratorIPmSt6vectorImSaImEEEdeEv>
  404dfb:	48 8b 00             	mov    rax,QWORD PTR [rax]
  404dfe:	48 89 85 40 fa ff ff 	mov    QWORD PTR [rbp-0x5c0],rax
  404e05:	80 7d c7 00          	cmp    BYTE PTR [rbp-0x39],0x0
  404e09:	0f 84 80 00 00 00    	je     404e8f <main+0x57f>
  404e0f:	48 8d 85 90 fe ff ff 	lea    rax,[rbp-0x170]
  404e16:	48 05 d8 00 00 00    	add    rax,0xd8
  404e1c:	48 89 c7             	mov    rdi,rax
  404e1f:	e8 b0 08 00 00       	call   4056d4 <_ZNSt6vectorImSaImEE3endEv>
  404e24:	48 89 45 a0          	mov    QWORD PTR [rbp-0x60],rax
  404e28:	48 8d 85 90 fe ff ff 	lea    rax,[rbp-0x170]
  404e2f:	48 05 d8 00 00 00    	add    rax,0xd8
  404e35:	48 89 c7             	mov    rdi,rax
  404e38:	e8 97 08 00 00       	call   4056d4 <_ZNSt6vectorImSaImEE3endEv>
  404e3d:	48 89 c3             	mov    rbx,rax
  404e40:	48 8d 85 90 fe ff ff 	lea    rax,[rbp-0x170]
  404e47:	48 05 d8 00 00 00    	add    rax,0xd8
  404e4d:	48 89 c7             	mov    rdi,rax
  404e50:	e8 59 08 00 00       	call   4056ae <_ZNSt6vectorImSaImEE5beginEv>
  404e55:	48 89 c1             	mov    rcx,rax
  404e58:	48 8d 85 40 fa ff ff 	lea    rax,[rbp-0x5c0]
  404e5f:	48 89 c2             	mov    rdx,rax
  404e62:	48 89 de             	mov    rsi,rbx
  404e65:	48 89 cf             	mov    rdi,rcx
  404e68:	e8 db 10 00 00       	call   405f48 <_ZSt4findIN9__gnu_cxx17__normal_iteratorIPmSt6vectorImSaImEEEEmET_S7_S7_RKT0_>
  404e6d:	48 89 45 a8          	mov    QWORD PTR [rbp-0x58],rax
  404e71:	48 8d 55 a0          	lea    rdx,[rbp-0x60]
  404e75:	48 8d 45 a8          	lea    rax,[rbp-0x58]
  404e79:	48 89 d6             	mov    rsi,rdx
  404e7c:	48 89 c7             	mov    rdi,rax
  404e7f:	e8 d1 0c 00 00       	call   405b55 <_ZN9__gnu_cxxneIPmSt6vectorImSaImEEEEbRKNS_17__normal_iteratorIT_T0_EESA_>
  404e84:	84 c0                	test   al,al
  404e86:	74 07                	je     404e8f <main+0x57f>
  404e88:	b8 01 00 00 00       	mov    eax,0x1
  404e8d:	eb 05                	jmp    404e94 <main+0x584>
  404e8f:	b8 00 00 00 00       	mov    eax,0x0
  404e94:	88 45 b7             	mov    BYTE PTR [rbp-0x49],al
  404e97:	80 7d b7 00          	cmp    BYTE PTR [rbp-0x49],0x0
  404e9b:	74 09                	je     404ea6 <main+0x596>
  404e9d:	48 8d bd 70 fa ff ff 	lea    rdi,[rbp-0x590]
  404ea4:	eb 05                	jmp    404eab <main+0x59b>
  404ea6:	bf 00 00 00 00       	mov    edi,0x0
  404eab:	8b 95 20 ff ff ff    	mov    edx,DWORD PTR [rbp-0xe0]
  404eb1:	48 8b 85 40 fa ff ff 	mov    rax,QWORD PTR [rbp-0x5c0]
  404eb8:	6b c0 64             	imul   eax,eax,0x64
  404ebb:	44 8d 14 02          	lea    r10d,[rdx+rax*1]
  404ebf:	4c 8b 8d 78 fe ff ff 	mov    r9,QWORD PTR [rbp-0x188]
  404ec6:	4c 8b 85 80 fe ff ff 	mov    r8,QWORD PTR [rbp-0x180]
  404ecd:	48 8b 9d 18 ff ff ff 	mov    rbx,QWORD PTR [rbp-0xe8]
  404ed4:	4c 8b 9d 10 ff ff ff 	mov    r11,QWORD PTR [rbp-0xf0]
  404edb:	48 8b 8d 08 ff ff ff 	mov    rcx,QWORD PTR [rbp-0xf8]
  404ee2:	48 8b 95 40 fa ff ff 	mov    rdx,QWORD PTR [rbp-0x5c0]
  404ee9:	48 8b 75 e8          	mov    rsi,QWORD PTR [rbp-0x18]
  404eed:	48 8b 45 c8          	mov    rax,QWORD PTR [rbp-0x38]
  404ef1:	57                   	push   rdi
  404ef2:	41 52                	push   r10
  404ef4:	41 51                	push   r9
  404ef6:	41 50                	push   r8
  404ef8:	49 89 d9             	mov    r9,rbx
  404efb:	4d 89 d8             	mov    r8,r11
  404efe:	48 89 c7             	mov    rdi,rax
  404f01:	e8 9d f0 ff ff       	call   403fa3 <_Z9measure_KP4NodemmmmmmmjPSt14basic_ofstreamIcSt11char_traitsIcEE>
  404f06:	48 83 c4 20          	add    rsp,0x20
  404f0a:	66 48 0f 7e c0       	movq   rax,xmm0
  404f0f:	66 0f 28 c1          	movapd xmm0,xmm1
  404f13:	48 89 85 20 fa ff ff 	mov    QWORD PTR [rbp-0x5e0],rax
  404f1a:	f2 0f 11 85 28 fa ff 	movsd  QWORD PTR [rbp-0x5d8],xmm0
  404f21:	ff 
  404f22:	48 8b 95 40 fa ff ff 	mov    rdx,QWORD PTR [rbp-0x5c0]
  404f29:	48 8d 85 70 fc ff ff 	lea    rax,[rbp-0x390]
  404f30:	48 89 d6             	mov    rsi,rdx
  404f33:	48 89 c7             	mov    rdi,rax
  404f36:	e8 25 d1 ff ff       	call   402060 <_ZNSolsEm@plt>
  404f3b:	be 58 a1 40 00       	mov    esi,0x40a158
  404f40:	48 89 c7             	mov    rdi,rax
  404f43:	e8 68 d2 ff ff       	call   4021b0 <_ZStlsISt11char_traitsIcEERSt13basic_ostreamIcT_ES5_PKc@plt>
  404f48:	48 89 c2             	mov    rdx,rax
  404f4b:	48 8b 85 20 fa ff ff 	mov    rax,QWORD PTR [rbp-0x5e0]
  404f52:	66 48 0f 6e c0       	movq   xmm0,rax
  404f57:	48 89 d7             	mov    rdi,rdx
  404f5a:	e8 61 d4 ff ff       	call   4023c0 <_ZNSolsEd@plt>
  404f5f:	be 58 a1 40 00       	mov    esi,0x40a158
  404f64:	48 89 c7             	mov    rdi,rax
  404f67:	e8 44 d2 ff ff       	call   4021b0 <_ZStlsISt11char_traitsIcEERSt13basic_ostreamIcT_ES5_PKc@plt>
  404f6c:	48 89 c2             	mov    rdx,rax
  404f6f:	48 8b 85 28 fa ff ff 	mov    rax,QWORD PTR [rbp-0x5d8]
  404f76:	66 48 0f 6e c0       	movq   xmm0,rax
  404f7b:	48 89 d7             	mov    rdi,rdx
  404f7e:	e8 3d d4 ff ff       	call   4023c0 <_ZNSolsEd@plt>
  404f83:	be 44 a3 40 00       	mov    esi,0x40a344
  404f88:	48 89 c7             	mov    rdi,rax
  404f8b:	e8 20 d2 ff ff       	call   4021b0 <_ZStlsISt11char_traitsIcEERSt13basic_ostreamIcT_ES5_PKc@plt>
  404f90:	be 5d a5 40 00       	mov    esi,0x40a55d
  404f95:	bf 40 f2 40 00       	mov    edi,0x40f240
  404f9a:	e8 11 d2 ff ff       	call   4021b0 <_ZStlsISt11char_traitsIcEERSt13basic_ostreamIcT_ES5_PKc@plt>
  404f9f:	48 89 c2             	mov    rdx,rax
  404fa2:	48 8b 85 40 fa ff ff 	mov    rax,QWORD PTR [rbp-0x5c0]
  404fa9:	48 89 c6             	mov    rsi,rax
  404fac:	48 89 d7             	mov    rdi,rdx
  404faf:	e8 ac d0 ff ff       	call   402060 <_ZNSolsEm@plt>
  404fb4:	be 60 a5 40 00       	mov    esi,0x40a560
  404fb9:	48 89 c7             	mov    rdi,rax
  404fbc:	e8 ef d1 ff ff       	call   4021b0 <_ZStlsISt11char_traitsIcEERSt13basic_ostreamIcT_ES5_PKc@plt>
  404fc1:	48 89 c2             	mov    rdx,rax
  404fc4:	48 8b 85 20 fa ff ff 	mov    rax,QWORD PTR [rbp-0x5e0]
  404fcb:	66 48 0f 6e c0       	movq   xmm0,rax
  404fd0:	48 89 d7             	mov    rdi,rdx
  404fd3:	e8 e8 d3 ff ff       	call   4023c0 <_ZNSolsEd@plt>
  404fd8:	be 64 a5 40 00       	mov    esi,0x40a564
  404fdd:	48 89 c7             	mov    rdi,rax
  404fe0:	e8 cb d1 ff ff       	call   4021b0 <_ZStlsISt11char_traitsIcEERSt13basic_ostreamIcT_ES5_PKc@plt>
  404fe5:	48 89 c2             	mov    rdx,rax
  404fe8:	48 8b 85 28 fa ff ff 	mov    rax,QWORD PTR [rbp-0x5d8]
  404fef:	66 48 0f 6e c0       	movq   xmm0,rax
  404ff4:	48 89 d7             	mov    rdi,rdx
  404ff7:	e8 c4 d3 ff ff       	call   4023c0 <_ZNSolsEd@plt>
  404ffc:	be 44 a3 40 00       	mov    esi,0x40a344
  405001:	48 89 c7             	mov    rdi,rax
  405004:	e8 a7 d1 ff ff       	call   4021b0 <_ZStlsISt11char_traitsIcEERSt13basic_ostreamIcT_ES5_PKc@plt>
  405009:	48 8d 85 38 fa ff ff 	lea    rax,[rbp-0x5c8]
  405010:	48 89 c7             	mov    rdi,rax
  405013:	e8 78 0b 00 00       	call   405b90 <_ZN9__gnu_cxx17__normal_iteratorIPmSt6vectorImSaImEEEppEv>
  405018:	48 8d 95 30 fa ff ff 	lea    rdx,[rbp-0x5d0]
  40501f:	48 8d 85 38 fa ff ff 	lea    rax,[rbp-0x5c8]
  405026:	48 89 d6             	mov    rsi,rdx
  405029:	48 89 c7             	mov    rdi,rax
  40502c:	e8 24 0b 00 00       	call   405b55 <_ZN9__gnu_cxxneIPmSt6vectorImSaImEEEEbRKNS_17__normal_iteratorIT_T0_EESA_>
  405031:	84 c0                	test   al,al
  405033:	0f 85 b3 fd ff ff    	jne    404dec <main+0x4dc>
  405039:	48 8d 85 70 fc ff ff 	lea    rax,[rbp-0x390]
  405040:	48 89 c7             	mov    rdi,rax
  405043:	e8 68 d2 ff ff       	call   4022b0 <_ZNSt14basic_ofstreamIcSt11char_traitsIcEE5closeEv@plt>
  405048:	80 7d c7 00          	cmp    BYTE PTR [rbp-0x39],0x0
  40504c:	74 0f                	je     40505d <main+0x74d>
  40504e:	48 8d 85 70 fa ff ff 	lea    rax,[rbp-0x590]
  405055:	48 89 c7             	mov    rdi,rax
  405058:	e8 53 d2 ff ff       	call   4022b0 <_ZNSt14basic_ofstreamIcSt11char_traitsIcEE5closeEv@plt>
  40505d:	48 8b 95 88 fe ff ff 	mov    rdx,QWORD PTR [rbp-0x178]
  405064:	48 8b 45 d0          	mov    rax,QWORD PTR [rbp-0x30]
  405068:	48 89 d6             	mov    rsi,rdx
  40506b:	48 89 c7             	mov    rdi,rax
  40506e:	e8 9d d0 ff ff       	call   402110 <munmap@plt>
  405073:	bb 00 00 00 00       	mov    ebx,0x0
  405078:	48 8d 85 50 fa ff ff 	lea    rax,[rbp-0x5b0]
  40507f:	48 89 c7             	mov    rdi,rax
  405082:	e8 77 04 00 00       	call   4054fe <_ZNSt6vectorImSaImEED1Ev>
  405087:	48 8d 85 70 fa ff ff 	lea    rax,[rbp-0x590]
  40508e:	48 89 c7             	mov    rdi,rax
  405091:	e8 6a d2 ff ff       	call   402300 <_ZNSt14basic_ofstreamIcSt11char_traitsIcEED1Ev@plt>
  405096:	48 8d 85 70 fc ff ff 	lea    rax,[rbp-0x390]
  40509d:	48 89 c7             	mov    rdi,rax
  4050a0:	e8 5b d2 ff ff       	call   402300 <_ZNSt14basic_ofstreamIcSt11char_traitsIcEED1Ev@plt>
  4050a5:	48 8d 85 90 fe ff ff 	lea    rax,[rbp-0x170]
  4050ac:	48 89 c7             	mov    rdi,rax
  4050af:	e8 ec 01 00 00       	call   4052a0 <_ZN6ConfigD1Ev>
  4050b4:	89 d8                	mov    eax,ebx
  4050b6:	eb 59                	jmp    405111 <main+0x801>
  4050b8:	48 89 c3             	mov    rbx,rax
  4050bb:	48 8d 85 50 fa ff ff 	lea    rax,[rbp-0x5b0]
  4050c2:	48 89 c7             	mov    rdi,rax
  4050c5:	e8 34 04 00 00       	call   4054fe <_ZNSt6vectorImSaImEED1Ev>
  4050ca:	eb 03                	jmp    4050cf <main+0x7bf>
  4050cc:	48 89 c3             	mov    rbx,rax
  4050cf:	48 8d 85 70 fa ff ff 	lea    rax,[rbp-0x590]
  4050d6:	48 89 c7             	mov    rdi,rax
  4050d9:	e8 22 d2 ff ff       	call   402300 <_ZNSt14basic_ofstreamIcSt11char_traitsIcEED1Ev@plt>
  4050de:	eb 03                	jmp    4050e3 <main+0x7d3>
  4050e0:	48 89 c3             	mov    rbx,rax
  4050e3:	48 8d 85 70 fc ff ff 	lea    rax,[rbp-0x390]
  4050ea:	48 89 c7             	mov    rdi,rax
  4050ed:	e8 0e d2 ff ff       	call   402300 <_ZNSt14basic_ofstreamIcSt11char_traitsIcEED1Ev@plt>
  4050f2:	eb 03                	jmp    4050f7 <main+0x7e7>
  4050f4:	48 89 c3             	mov    rbx,rax
  4050f7:	48 8d 85 90 fe ff ff 	lea    rax,[rbp-0x170]
  4050fe:	48 89 c7             	mov    rdi,rax
  405101:	e8 9a 01 00 00       	call   4052a0 <_ZN6ConfigD1Ev>
  405106:	48 89 d8             	mov    rax,rbx
  405109:	48 89 c7             	mov    rdi,rax
  40510c:	e8 7f d2 ff ff       	call   402390 <_Unwind_Resume@plt>
  405111:	48 8b 5d f8          	mov    rbx,QWORD PTR [rbp-0x8]
  405115:	c9                   	leave  
  405116:	c3                   	ret    

0000000000405117 <_Z41__static_initialization_and_destruction_0ii>:
  405117:	55                   	push   rbp
  405118:	48 89 e5             	mov    rbp,rsp
  40511b:	48 83 ec 10          	sub    rsp,0x10
  40511f:	89 7d fc             	mov    DWORD PTR [rbp-0x4],edi
  405122:	89 75 f8             	mov    DWORD PTR [rbp-0x8],esi
  405125:	83 7d fc 01          	cmp    DWORD PTR [rbp-0x4],0x1
  405129:	75 63                	jne    40518e <_Z41__static_initialization_and_destruction_0ii+0x77>
  40512b:	81 7d f8 ff ff 00 00 	cmp    DWORD PTR [rbp-0x8],0xffff
  405132:	75 5a                	jne    40518e <_Z41__static_initialization_and_destruction_0ii+0x77>
  405134:	bf 60 f3 40 00       	mov    edi,0x40f360
  405139:	e8 d2 d1 ff ff       	call   402310 <_ZNSt8ios_base4InitC1Ev@plt>
  40513e:	ba 08 a0 40 00       	mov    edx,0x40a008
  405143:	be 60 f3 40 00       	mov    esi,0x40f360
  405148:	bf 00 24 40 00       	mov    edi,0x402400
  40514d:	e8 1e d0 ff ff       	call   402170 <__cxa_atexit@plt>
  405152:	bf 20 f4 40 00       	mov    edi,0x40f420
  405157:	e8 34 d1 ff ff       	call   402290 <_ZNSt7__cxx1112basic_stringIcSt11char_traitsIcESaIcEEC1Ev@plt>
  40515c:	ba 08 a0 40 00       	mov    edx,0x40a008
  405161:	be 20 f4 40 00       	mov    esi,0x40f420
  405166:	bf 30 21 40 00       	mov    edi,0x402130
  40516b:	e8 00 d0 ff ff       	call   402170 <__cxa_atexit@plt>
  405170:	bf 40 f4 40 00       	mov    edi,0x40f440
  405175:	e8 16 d1 ff ff       	call   402290 <_ZNSt7__cxx1112basic_stringIcSt11char_traitsIcESaIcEEC1Ev@plt>
  40517a:	ba 08 a0 40 00       	mov    edx,0x40a008
  40517f:	be 40 f4 40 00       	mov    esi,0x40f440
  405184:	bf 30 21 40 00       	mov    edi,0x402130
  405189:	e8 e2 cf ff ff       	call   402170 <__cxa_atexit@plt>
  40518e:	90                   	nop
  40518f:	c9                   	leave  
  405190:	c3                   	ret    

0000000000405191 <_GLOBAL__sub_I__Z10parse_argsiPPcR6Config>:
  405191:	55                   	push   rbp
  405192:	48 89 e5             	mov    rbp,rsp
  405195:	be ff ff 00 00       	mov    esi,0xffff
  40519a:	bf 01 00 00 00       	mov    edi,0x1
  40519f:	e8 73 ff ff ff       	call   405117 <_Z41__static_initialization_and_destruction_0ii>
  4051a4:	5d                   	pop    rbp
  4051a5:	c3                   	ret    

00000000004051a6 <_ZnwmPv>:
  4051a6:	55                   	push   rbp
  4051a7:	48 89 e5             	mov    rbp,rsp
  4051aa:	48 89 7d f8          	mov    QWORD PTR [rbp-0x8],rdi
  4051ae:	48 89 75 f0          	mov    QWORD PTR [rbp-0x10],rsi
  4051b2:	48 8b 45 f0          	mov    rax,QWORD PTR [rbp-0x10]
  4051b6:	5d                   	pop    rbp
  4051b7:	c3                   	ret    

00000000004051b8 <_ZN9__gnu_cxx5__ops16__iter_less_iterEv>:
  4051b8:	55                   	push   rbp
  4051b9:	48 89 e5             	mov    rbp,rsp
  4051bc:	90                   	nop
  4051bd:	5d                   	pop    rbp
  4051be:	c3                   	ret    
  4051bf:	90                   	nop

00000000004051c0 <_ZN9__gnu_cxx5__ops14_Iter_less_valC1ENS0_15_Iter_less_iterE>:
  4051c0:	55                   	push   rbp
  4051c1:	48 89 e5             	mov    rbp,rsp
  4051c4:	48 89 7d f8          	mov    QWORD PTR [rbp-0x8],rdi
  4051c8:	90                   	nop
  4051c9:	5d                   	pop    rbp
  4051ca:	c3                   	ret    

00000000004051cb <_ZN9__gnu_cxx5__ops15__val_comp_iterENS0_15_Iter_less_iterE>:
  4051cb:	55                   	push   rbp
  4051cc:	48 89 e5             	mov    rbp,rsp
  4051cf:	90                   	nop
  4051d0:	5d                   	pop    rbp
  4051d1:	c3                   	ret    

00000000004051d2 <_ZSt17__size_to_integerm>:
  4051d2:	55                   	push   rbp
  4051d3:	48 89 e5             	mov    rbp,rsp
  4051d6:	48 89 7d f8          	mov    QWORD PTR [rbp-0x8],rdi
  4051da:	48 8b 45 f8          	mov    rax,QWORD PTR [rbp-0x8]
  4051de:	5d                   	pop    rbp
  4051df:	c3                   	ret    

00000000004051e0 <_ZSt4__lgl>:
  4051e0:	55                   	push   rbp
  4051e1:	48 89 e5             	mov    rbp,rsp
  4051e4:	48 89 7d f8          	mov    QWORD PTR [rbp-0x8],rdi
  4051e8:	48 8b 45 f8          	mov    rax,QWORD PTR [rbp-0x8]
  4051ec:	48 0f bd c0          	bsr    rax,rax
  4051f0:	48 83 f0 3f          	xor    rax,0x3f
  4051f4:	89 c2                	mov    edx,eax
  4051f6:	b8 3f 00 00 00       	mov    eax,0x3f
  4051fb:	29 d0                	sub    eax,edx
  4051fd:	48 98                	cdqe   
  4051ff:	5d                   	pop    rbp
  405200:	c3                   	ret    

0000000000405201 <_ZNSt7__cxx115stoulERKNS_12basic_stringIcSt11char_traitsIcESaIcEEEPmi>:
  405201:	55                   	push   rbp
  405202:	48 89 e5             	mov    rbp,rsp
  405205:	48 83 ec 20          	sub    rsp,0x20
  405209:	48 89 7d f8          	mov    QWORD PTR [rbp-0x8],rdi
  40520d:	48 89 75 f0          	mov    QWORD PTR [rbp-0x10],rsi
  405211:	89 55 ec             	mov    DWORD PTR [rbp-0x14],edx
  405214:	48 8b 45 f8          	mov    rax,QWORD PTR [rbp-0x8]
  405218:	48 89 c7             	mov    rdi,rax
  40521b:	e8 a0 ce ff ff       	call   4020c0 <_ZNKSt7__cxx1112basic_stringIcSt11char_traitsIcESaIcEE5c_strEv@plt>
  405220:	48 89 c2             	mov    rdx,rax
  405223:	8b 4d ec             	mov    ecx,DWORD PTR [rbp-0x14]
  405226:	48 8b 45 f0          	mov    rax,QWORD PTR [rbp-0x10]
  40522a:	41 89 c8             	mov    r8d,ecx
  40522d:	48 89 c1             	mov    rcx,rax
  405230:	be 11 a0 40 00       	mov    esi,0x40a011
  405235:	bf 80 20 40 00       	mov    edi,0x402080
  40523a:	e8 43 01 00 00       	call   405382 <_ZN9__gnu_cxx6__stoaImmcJiEEET0_PFT_PKT1_PPS3_DpT2_EPKcS5_PmS9_>
  40523f:	c9                   	leave  
  405240:	c3                   	ret    
  405241:	90                   	nop

0000000000405242 <_ZNSt12_Vector_baseImSaImEE12_Vector_implD1Ev>:
  405242:	55                   	push   rbp
  405243:	48 89 e5             	mov    rbp,rsp
  405246:	48 83 ec 10          	sub    rsp,0x10
  40524a:	48 89 7d f8          	mov    QWORD PTR [rbp-0x8],rdi
  40524e:	48 8b 45 f8          	mov    rax,QWORD PTR [rbp-0x8]
  405252:	48 89 c7             	mov    rdi,rax
  405255:	e8 3a 02 00 00       	call   405494 <_ZNSaImED1Ev>
  40525a:	90                   	nop
  40525b:	c9                   	leave  
  40525c:	c3                   	ret    
  40525d:	90                   	nop

000000000040525e <_ZNSt12_Vector_baseImSaImEEC1Ev>:
  40525e:	55                   	push   rbp
  40525f:	48 89 e5             	mov    rbp,rsp
  405262:	48 83 ec 10          	sub    rsp,0x10
  405266:	48 89 7d f8          	mov    QWORD PTR [rbp-0x8],rdi
  40526a:	48 8b 45 f8          	mov    rax,QWORD PTR [rbp-0x8]
  40526e:	48 89 c7             	mov    rdi,rax
  405271:	e8 f6 01 00 00       	call   40546c <_ZNSt12_Vector_baseImSaImEE12_Vector_implC1Ev>
  405276:	90                   	nop
  405277:	c9                   	leave  
  405278:	c3                   	ret    
  405279:	90                   	nop

000000000040527a <_ZNSt6vectorImSaImEEC1Ev>:
  40527a:	55                   	push   rbp
  40527b:	48 89 e5             	mov    rbp,rsp
  40527e:	48 83 ec 10          	sub    rsp,0x10
  405282:	48 89 7d f8          	mov    QWORD PTR [rbp-0x8],rdi
  405286:	48 8b 45 f8          	mov    rax,QWORD PTR [rbp-0x8]
  40528a:	48 89 c7             	mov    rdi,rax
  40528d:	e8 cc ff ff ff       	call   40525e <_ZNSt12_Vector_baseImSaImEEC1Ev>
  405292:	90                   	nop
  405293:	c9                   	leave  
  405294:	c3                   	ret    

0000000000405295 <_ZN9__gnu_cxx14__alloc_traitsISaImEmE15_S_always_equalEv>:
  405295:	55                   	push   rbp
  405296:	48 89 e5             	mov    rbp,rsp
  405299:	b8 01 00 00 00       	mov    eax,0x1
  40529e:	5d                   	pop    rbp
  40529f:	c3                   	ret    

00000000004052a0 <_ZN6ConfigD1Ev>:
  4052a0:	55                   	push   rbp
  4052a1:	48 89 e5             	mov    rbp,rsp
  4052a4:	48 83 ec 10          	sub    rsp,0x10
  4052a8:	48 89 7d f8          	mov    QWORD PTR [rbp-0x8],rdi
  4052ac:	48 8b 45 f8          	mov    rax,QWORD PTR [rbp-0x8]
  4052b0:	48 05 f0 00 00 00    	add    rax,0xf0
  4052b6:	48 89 c7             	mov    rdi,rax
  4052b9:	e8 40 02 00 00       	call   4054fe <_ZNSt6vectorImSaImEED1Ev>
  4052be:	48 8b 45 f8          	mov    rax,QWORD PTR [rbp-0x8]
  4052c2:	48 05 d8 00 00 00    	add    rax,0xd8
  4052c8:	48 89 c7             	mov    rdi,rax
  4052cb:	e8 2e 02 00 00       	call   4054fe <_ZNSt6vectorImSaImEED1Ev>
  4052d0:	48 8b 45 f8          	mov    rax,QWORD PTR [rbp-0x8]
  4052d4:	48 05 b8 00 00 00    	add    rax,0xb8
  4052da:	48 89 c7             	mov    rdi,rax
  4052dd:	e8 4e ce ff ff       	call   402130 <_ZNSt7__cxx1112basic_stringIcSt11char_traitsIcESaIcEED1Ev@plt>
  4052e2:	48 8b 45 f8          	mov    rax,QWORD PTR [rbp-0x8]
  4052e6:	48 05 98 00 00 00    	add    rax,0x98
  4052ec:	48 89 c7             	mov    rdi,rax
  4052ef:	e8 3c ce ff ff       	call   402130 <_ZNSt7__cxx1112basic_stringIcSt11char_traitsIcESaIcEED1Ev@plt>
  4052f4:	48 8b 45 f8          	mov    rax,QWORD PTR [rbp-0x8]
  4052f8:	48 83 c0 40          	add    rax,0x40
  4052fc:	48 89 c7             	mov    rdi,rax
  4052ff:	e8 2c ce ff ff       	call   402130 <_ZNSt7__cxx1112basic_stringIcSt11char_traitsIcESaIcEED1Ev@plt>
  405304:	48 8b 45 f8          	mov    rax,QWORD PTR [rbp-0x8]
  405308:	48 83 c0 20          	add    rax,0x20
  40530c:	48 89 c7             	mov    rdi,rax
  40530f:	e8 1c ce ff ff       	call   402130 <_ZNSt7__cxx1112basic_stringIcSt11char_traitsIcESaIcEED1Ev@plt>
  405314:	48 8b 45 f8          	mov    rax,QWORD PTR [rbp-0x8]
  405318:	48 89 c7             	mov    rdi,rax
  40531b:	e8 10 ce ff ff       	call   402130 <_ZNSt7__cxx1112basic_stringIcSt11char_traitsIcESaIcEED1Ev@plt>
  405320:	90                   	nop
  405321:	c9                   	leave  
  405322:	c3                   	ret    
  405323:	90                   	nop

0000000000405324 <_ZZN9__gnu_cxx6__stoaImmcJiEEET0_PFT_PKT1_PPS3_DpT2_EPKcS5_PmS9_EN11_Save_errnoC1Ev>:
  405324:	55                   	push   rbp
  405325:	48 89 e5             	mov    rbp,rsp
  405328:	48 83 ec 10          	sub    rsp,0x10
  40532c:	48 89 7d f8          	mov    QWORD PTR [rbp-0x8],rdi
  405330:	e8 0b cd ff ff       	call   402040 <__errno_location@plt>
  405335:	8b 10                	mov    edx,DWORD PTR [rax]
  405337:	48 8b 45 f8          	mov    rax,QWORD PTR [rbp-0x8]
  40533b:	89 10                	mov    DWORD PTR [rax],edx
  40533d:	e8 fe cc ff ff       	call   402040 <__errno_location@plt>
  405342:	c7 00 00 00 00 00    	mov    DWORD PTR [rax],0x0
  405348:	90                   	nop
  405349:	c9                   	leave  
  40534a:	c3                   	ret    
  40534b:	90                   	nop

000000000040534c <_ZZN9__gnu_cxx6__stoaImmcJiEEET0_PFT_PKT1_PPS3_DpT2_EPKcS5_PmS9_EN11_Save_errnoD1Ev>:
  40534c:	55                   	push   rbp
  40534d:	48 89 e5             	mov    rbp,rsp
  405350:	48 83 ec 10          	sub    rsp,0x10
  405354:	48 89 7d f8          	mov    QWORD PTR [rbp-0x8],rdi
  405358:	e8 e3 cc ff ff       	call   402040 <__errno_location@plt>
  40535d:	8b 00                	mov    eax,DWORD PTR [rax]
  40535f:	85 c0                	test   eax,eax
  405361:	75 0d                	jne    405370 <_ZZN9__gnu_cxx6__stoaImmcJiEEET0_PFT_PKT1_PPS3_DpT2_EPKcS5_PmS9_EN11_Save_errnoD1Ev+0x24>
  405363:	e8 d8 cc ff ff       	call   402040 <__errno_location@plt>
  405368:	48 8b 55 f8          	mov    rdx,QWORD PTR [rbp-0x8]
  40536c:	8b 12                	mov    edx,DWORD PTR [rdx]
  40536e:	89 10                	mov    DWORD PTR [rax],edx
  405370:	90                   	nop
  405371:	c9                   	leave  
  405372:	c3                   	ret    

0000000000405373 <_ZZN9__gnu_cxx6__stoaImmcJiEEET0_PFT_PKT1_PPS3_DpT2_EPKcS5_PmS9_EN10_Range_chk6_S_chkEmSt17integral_constantIbLb0EE>:
  405373:	55                   	push   rbp
  405374:	48 89 e5             	mov    rbp,rsp
  405377:	48 89 7d f8          	mov    QWORD PTR [rbp-0x8],rdi
  40537b:	b8 00 00 00 00       	mov    eax,0x0
  405380:	5d                   	pop    rbp
  405381:	c3                   	ret    

0000000000405382 <_ZN9__gnu_cxx6__stoaImmcJiEEET0_PFT_PKT1_PPS3_DpT2_EPKcS5_PmS9_>:
  405382:	55                   	push   rbp
  405383:	48 89 e5             	mov    rbp,rsp
  405386:	53                   	push   rbx
  405387:	48 83 ec 68          	sub    rsp,0x68
  40538b:	48 89 7d b8          	mov    QWORD PTR [rbp-0x48],rdi
  40538f:	48 89 75 b0          	mov    QWORD PTR [rbp-0x50],rsi
  405393:	48 89 55 a8          	mov    QWORD PTR [rbp-0x58],rdx
  405397:	48 89 4d a0          	mov    QWORD PTR [rbp-0x60],rcx
  40539b:	44 89 45 9c          	mov    DWORD PTR [rbp-0x64],r8d
  40539f:	48 8d 45 cc          	lea    rax,[rbp-0x34]
  4053a3:	48 89 c7             	mov    rdi,rax
  4053a6:	e8 79 ff ff ff       	call   405324 <_ZZN9__gnu_cxx6__stoaImmcJiEEET0_PFT_PKT1_PPS3_DpT2_EPKcS5_PmS9_EN11_Save_errnoC1Ev>
  4053ab:	8b 55 9c             	mov    edx,DWORD PTR [rbp-0x64]
  4053ae:	48 8d 4d d0          	lea    rcx,[rbp-0x30]
  4053b2:	48 8b 45 a8          	mov    rax,QWORD PTR [rbp-0x58]
  4053b6:	4c 8b 45 b8          	mov    r8,QWORD PTR [rbp-0x48]
  4053ba:	48 89 ce             	mov    rsi,rcx
  4053bd:	48 89 c7             	mov    rdi,rax
  4053c0:	41 ff d0             	call   r8
  4053c3:	48 89 45 e8          	mov    QWORD PTR [rbp-0x18],rax
  4053c7:	48 8b 45 d0          	mov    rax,QWORD PTR [rbp-0x30]
  4053cb:	48 39 45 a8          	cmp    QWORD PTR [rbp-0x58],rax
  4053cf:	75 0c                	jne    4053dd <_ZN9__gnu_cxx6__stoaImmcJiEEET0_PFT_PKT1_PPS3_DpT2_EPKcS5_PmS9_+0x5b>
  4053d1:	48 8b 45 b0          	mov    rax,QWORD PTR [rbp-0x50]
  4053d5:	48 89 c7             	mov    rdi,rax
  4053d8:	e8 43 cd ff ff       	call   402120 <_ZSt24__throw_invalid_argumentPKc@plt>
  4053dd:	e8 5e cc ff ff       	call   402040 <__errno_location@plt>
  4053e2:	8b 00                	mov    eax,DWORD PTR [rax]
  4053e4:	83 f8 22             	cmp    eax,0x22
  4053e7:	74 10                	je     4053f9 <_ZN9__gnu_cxx6__stoaImmcJiEEET0_PFT_PKT1_PPS3_DpT2_EPKcS5_PmS9_+0x77>
  4053e9:	48 8b 45 e8          	mov    rax,QWORD PTR [rbp-0x18]
  4053ed:	48 89 c7             	mov    rdi,rax
  4053f0:	e8 7e ff ff ff       	call   405373 <_ZZN9__gnu_cxx6__stoaImmcJiEEET0_PFT_PKT1_PPS3_DpT2_EPKcS5_PmS9_EN10_Range_chk6_S_chkEmSt17integral_constantIbLb0EE>
  4053f5:	84 c0                	test   al,al
  4053f7:	74 07                	je     405400 <_ZN9__gnu_cxx6__stoaImmcJiEEET0_PFT_PKT1_PPS3_DpT2_EPKcS5_PmS9_+0x7e>
  4053f9:	b8 01 00 00 00       	mov    eax,0x1
  4053fe:	eb 05                	jmp    405405 <_ZN9__gnu_cxx6__stoaImmcJiEEET0_PFT_PKT1_PPS3_DpT2_EPKcS5_PmS9_+0x83>
  405400:	b8 00 00 00 00       	mov    eax,0x0
  405405:	84 c0                	test   al,al
  405407:	74 0c                	je     405415 <_ZN9__gnu_cxx6__stoaImmcJiEEET0_PFT_PKT1_PPS3_DpT2_EPKcS5_PmS9_+0x93>
  405409:	48 8b 45 b0          	mov    rax,QWORD PTR [rbp-0x50]
  40540d:	48 89 c7             	mov    rdi,rax
  405410:	e8 cb ce ff ff       	call   4022e0 <_ZSt20__throw_out_of_rangePKc@plt>
  405415:	48 8b 45 e8          	mov    rax,QWORD PTR [rbp-0x18]
  405419:	48 89 45 e0          	mov    QWORD PTR [rbp-0x20],rax
  40541d:	48 83 7d a0 00       	cmp    QWORD PTR [rbp-0x60],0x0
  405422:	74 12                	je     405436 <_ZN9__gnu_cxx6__stoaImmcJiEEET0_PFT_PKT1_PPS3_DpT2_EPKcS5_PmS9_+0xb4>
  405424:	48 8b 45 d0          	mov    rax,QWORD PTR [rbp-0x30]
  405428:	48 2b 45 a8          	sub    rax,QWORD PTR [rbp-0x58]
  40542c:	48 89 c2             	mov    rdx,rax
  40542f:	48 8b 45 a0          	mov    rax,QWORD PTR [rbp-0x60]
  405433:	48 89 10             	mov    QWORD PTR [rax],rdx
  405436:	48 8b 5d e0          	mov    rbx,QWORD PTR [rbp-0x20]
  40543a:	48 8d 45 cc          	lea    rax,[rbp-0x34]
  40543e:	48 89 c7             	mov    rdi,rax
  405441:	e8 06 ff ff ff       	call   40534c <_ZZN9__gnu_cxx6__stoaImmcJiEEET0_PFT_PKT1_PPS3_DpT2_EPKcS5_PmS9_EN11_Save_errnoD1Ev>
  405446:	48 89 d8             	mov    rax,rbx
  405449:	eb 1a                	jmp    405465 <_ZN9__gnu_cxx6__stoaImmcJiEEET0_PFT_PKT1_PPS3_DpT2_EPKcS5_PmS9_+0xe3>
  40544b:	48 89 c3             	mov    rbx,rax
  40544e:	48 8d 45 cc          	lea    rax,[rbp-0x34]
  405452:	48 89 c7             	mov    rdi,rax
  405455:	e8 f2 fe ff ff       	call   40534c <_ZZN9__gnu_cxx6__stoaImmcJiEEET0_PFT_PKT1_PPS3_DpT2_EPKcS5_PmS9_EN11_Save_errnoD1Ev>
  40545a:	48 89 d8             	mov    rax,rbx
  40545d:	48 89 c7             	mov    rdi,rax
  405460:	e8 2b cf ff ff       	call   402390 <_Unwind_Resume@plt>
  405465:	48 8b 5d f8          	mov    rbx,QWORD PTR [rbp-0x8]
  405469:	c9                   	leave  
  40546a:	c3                   	ret    
  40546b:	90                   	nop

000000000040546c <_ZNSt12_Vector_baseImSaImEE12_Vector_implC1Ev>:
  40546c:	55                   	push   rbp
  40546d:	48 89 e5             	mov    rbp,rsp
  405470:	48 83 ec 10          	sub    rsp,0x10
  405474:	48 89 7d f8          	mov    QWORD PTR [rbp-0x8],rdi
  405478:	48 8b 45 f8          	mov    rax,QWORD PTR [rbp-0x8]
  40547c:	48 89 c7             	mov    rdi,rax
  40547f:	e8 52 01 00 00       	call   4055d6 <_ZNSaImEC1Ev>
  405484:	48 8b 45 f8          	mov    rax,QWORD PTR [rbp-0x8]
  405488:	48 89 c7             	mov    rdi,rax
  40548b:	e8 f0 0a 00 00       	call   405f80 <_ZNSt12_Vector_baseImSaImEE17_Vector_impl_dataC1Ev>
  405490:	90                   	nop
  405491:	c9                   	leave  
  405492:	c3                   	ret    
  405493:	90                   	nop

0000000000405494 <_ZNSaImED1Ev>:
  405494:	55                   	push   rbp
  405495:	48 89 e5             	mov    rbp,rsp
  405498:	48 83 ec 10          	sub    rsp,0x10
  40549c:	48 89 7d f8          	mov    QWORD PTR [rbp-0x8],rdi
  4054a0:	48 8b 45 f8          	mov    rax,QWORD PTR [rbp-0x8]
  4054a4:	48 89 c7             	mov    rdi,rax
  4054a7:	e8 02 0b 00 00       	call   405fae <_ZN9__gnu_cxx13new_allocatorImED1Ev>
  4054ac:	90                   	nop
  4054ad:	c9                   	leave  
  4054ae:	c3                   	ret    
  4054af:	90                   	nop

00000000004054b0 <_ZNSt12_Vector_baseImSaImEED1Ev>:
  4054b0:	55                   	push   rbp
  4054b1:	48 89 e5             	mov    rbp,rsp
  4054b4:	48 83 ec 10          	sub    rsp,0x10
  4054b8:	48 89 7d f8          	mov    QWORD PTR [rbp-0x8],rdi
  4054bc:	48 8b 45 f8          	mov    rax,QWORD PTR [rbp-0x8]
  4054c0:	48 8b 50 10          	mov    rdx,QWORD PTR [rax+0x10]
  4054c4:	48 8b 45 f8          	mov    rax,QWORD PTR [rbp-0x8]
  4054c8:	48 8b 08             	mov    rcx,QWORD PTR [rax]
  4054cb:	48 89 d0             	mov    rax,rdx
  4054ce:	48 29 c8             	sub    rax,rcx
  4054d1:	48 c1 f8 03          	sar    rax,0x3
  4054d5:	48 89 c2             	mov    rdx,rax
  4054d8:	48 8b 45 f8          	mov    rax,QWORD PTR [rbp-0x8]
  4054dc:	48 8b 08             	mov    rcx,QWORD PTR [rax]
  4054df:	48 8b 45 f8          	mov    rax,QWORD PTR [rbp-0x8]
  4054e3:	48 89 ce             	mov    rsi,rcx
  4054e6:	48 89 c7             	mov    rdi,rax
  4054e9:	e8 cc 0a 00 00       	call   405fba <_ZNSt12_Vector_baseImSaImEE13_M_deallocateEPmm>
  4054ee:	48 8b 45 f8          	mov    rax,QWORD PTR [rbp-0x8]
  4054f2:	48 89 c7             	mov    rdi,rax
  4054f5:	e8 48 fd ff ff       	call   405242 <_ZNSt12_Vector_baseImSaImEE12_Vector_implD1Ev>
  4054fa:	90                   	nop
  4054fb:	c9                   	leave  
  4054fc:	c3                   	ret    
  4054fd:	90                   	nop

00000000004054fe <_ZNSt6vectorImSaImEED1Ev>:
  4054fe:	55                   	push   rbp
  4054ff:	48 89 e5             	mov    rbp,rsp
  405502:	48 83 ec 10          	sub    rsp,0x10
  405506:	48 89 7d f8          	mov    QWORD PTR [rbp-0x8],rdi
  40550a:	48 8b 45 f8          	mov    rax,QWORD PTR [rbp-0x8]
  40550e:	48 89 c7             	mov    rdi,rax
  405511:	e8 da 0a 00 00       	call   405ff0 <_ZNSt12_Vector_baseImSaImEE19_M_get_Tp_allocatorEv>
  405516:	48 89 c2             	mov    rdx,rax
  405519:	48 8b 45 f8          	mov    rax,QWORD PTR [rbp-0x8]
  40551d:	48 8b 48 08          	mov    rcx,QWORD PTR [rax+0x8]
  405521:	48 8b 45 f8          	mov    rax,QWORD PTR [rbp-0x8]
  405525:	48 8b 00             	mov    rax,QWORD PTR [rax]
  405528:	48 89 ce             	mov    rsi,rcx
  40552b:	48 89 c7             	mov    rdi,rax
  40552e:	e8 cb 0a 00 00       	call   405ffe <_ZSt8_DestroyIPmmEvT_S1_RSaIT0_E>
  405533:	48 8b 45 f8          	mov    rax,QWORD PTR [rbp-0x8]
  405537:	48 89 c7             	mov    rdi,rax
  40553a:	e8 71 ff ff ff       	call   4054b0 <_ZNSt12_Vector_baseImSaImEED1Ev>
  40553f:	90                   	nop
  405540:	c9                   	leave  
  405541:	c3                   	ret    

0000000000405542 <_ZNSt6vectorImSaImEE9push_backEOm>:
  405542:	55                   	push   rbp
  405543:	48 89 e5             	mov    rbp,rsp
  405546:	48 83 ec 10          	sub    rsp,0x10
  40554a:	48 89 7d f8          	mov    QWORD PTR [rbp-0x8],rdi
  40554e:	48 89 75 f0          	mov    QWORD PTR [rbp-0x10],rsi
  405552:	48 8b 45 f0          	mov    rax,QWORD PTR [rbp-0x10]
  405556:	48 89 c7             	mov    rdi,rax
  405559:	e8 ca 0a 00 00       	call   406028 <_ZSt4moveIRmEONSt16remove_referenceIT_E4typeEOS2_>
  40555e:	48 89 c2             	mov    rdx,rax
  405561:	48 8b 45 f8          	mov    rax,QWORD PTR [rbp-0x8]
  405565:	48 89 d6             	mov    rsi,rdx
  405568:	48 89 c7             	mov    rdi,rax
  40556b:	e8 c6 0a 00 00       	call   406036 <_ZNSt6vectorImSaImEE12emplace_backIJmEEEvDpOT_>
  405570:	90                   	nop
  405571:	c9                   	leave  
  405572:	c3                   	ret    

0000000000405573 <_ZSteqIcSt11char_traitsIcESaIcEEbRKNSt7__cxx1112basic_stringIT_T0_T1_EEPKS5_>:
  405573:	55                   	push   rbp
  405574:	48 89 e5             	mov    rbp,rsp
  405577:	48 83 ec 10          	sub    rsp,0x10
  40557b:	48 89 7d f8          	mov    QWORD PTR [rbp-0x8],rdi
  40557f:	48 89 75 f0          	mov    QWORD PTR [rbp-0x10],rsi
  405583:	48 8b 55 f0          	mov    rdx,QWORD PTR [rbp-0x10]
  405587:	48 8b 45 f8          	mov    rax,QWORD PTR [rbp-0x8]
  40558b:	48 89 d6             	mov    rsi,rdx
  40558e:	48 89 c7             	mov    rdi,rax
  405591:	e8 da ca ff ff       	call   402070 <_ZNKSt7__cxx1112basic_stringIcSt11char_traitsIcESaIcEE7compareEPKc@plt>
  405596:	85 c0                	test   eax,eax
  405598:	0f 94 c0             	sete   al
  40559b:	c9                   	leave  
  40559c:	c3                   	ret    
  40559d:	90                   	nop

000000000040559e <_ZNSt6vectorImSaImEEaSEOS1_>:
  40559e:	55                   	push   rbp
  40559f:	48 89 e5             	mov    rbp,rsp
  4055a2:	48 83 ec 20          	sub    rsp,0x20
  4055a6:	48 89 7d e8          	mov    QWORD PTR [rbp-0x18],rdi
  4055aa:	48 89 75 e0          	mov    QWORD PTR [rbp-0x20],rsi
  4055ae:	c6 45 ff 01          	mov    BYTE PTR [rbp-0x1],0x1
  4055b2:	48 8b 45 e0          	mov    rax,QWORD PTR [rbp-0x20]
  4055b6:	48 89 c7             	mov    rdi,rax
  4055b9:	e8 38 0b 00 00       	call   4060f6 <_ZSt4moveIRSt6vectorImSaImEEEONSt16remove_referenceIT_E4typeEOS5_>
  4055be:	48 89 c2             	mov    rdx,rax
  4055c1:	48 8b 45 e8          	mov    rax,QWORD PTR [rbp-0x18]
  4055c5:	48 89 d6             	mov    rsi,rdx
  4055c8:	48 89 c7             	mov    rdi,rax
  4055cb:	e8 34 0b 00 00       	call   406104 <_ZNSt6vectorImSaImEE14_M_move_assignEOS1_St17integral_constantIbLb1EE>
  4055d0:	48 8b 45 e8          	mov    rax,QWORD PTR [rbp-0x18]
  4055d4:	c9                   	leave  
  4055d5:	c3                   	ret    

00000000004055d6 <_ZNSaImEC1Ev>:
  4055d6:	55                   	push   rbp
  4055d7:	48 89 e5             	mov    rbp,rsp
  4055da:	48 83 ec 10          	sub    rsp,0x10
  4055de:	48 89 7d f8          	mov    QWORD PTR [rbp-0x8],rdi
  4055e2:	48 8b 45 f8          	mov    rax,QWORD PTR [rbp-0x8]
  4055e6:	48 89 c7             	mov    rdi,rax
  4055e9:	e8 b8 0b 00 00       	call   4061a6 <_ZN9__gnu_cxx13new_allocatorImEC1Ev>
  4055ee:	90                   	nop
  4055ef:	c9                   	leave  
  4055f0:	c3                   	ret    
  4055f1:	90                   	nop

00000000004055f2 <_ZNSt6vectorImSaImEEC1EmRKS0_>:
  4055f2:	55                   	push   rbp
  4055f3:	48 89 e5             	mov    rbp,rsp
  4055f6:	53                   	push   rbx
  4055f7:	48 83 ec 28          	sub    rsp,0x28
  4055fb:	48 89 7d e8          	mov    QWORD PTR [rbp-0x18],rdi
  4055ff:	48 89 75 e0          	mov    QWORD PTR [rbp-0x20],rsi
  405603:	48 89 55 d8          	mov    QWORD PTR [rbp-0x28],rdx
  405607:	48 8b 5d e8          	mov    rbx,QWORD PTR [rbp-0x18]
  40560b:	48 8b 55 d8          	mov    rdx,QWORD PTR [rbp-0x28]
  40560f:	48 8b 45 e0          	mov    rax,QWORD PTR [rbp-0x20]
  405613:	48 89 d6             	mov    rsi,rdx
  405616:	48 89 c7             	mov    rdi,rax
  405619:	e8 93 0b 00 00       	call   4061b1 <_ZNSt6vectorImSaImEE17_S_check_init_lenEmRKS0_>
  40561e:	48 89 c1             	mov    rcx,rax
  405621:	48 8b 45 d8          	mov    rax,QWORD PTR [rbp-0x28]
  405625:	48 89 c2             	mov    rdx,rax
  405628:	48 89 ce             	mov    rsi,rcx
  40562b:	48 89 df             	mov    rdi,rbx
  40562e:	e8 d9 0b 00 00       	call   40620c <_ZNSt12_Vector_baseImSaImEEC1EmRKS0_>
  405633:	48 8b 55 e0          	mov    rdx,QWORD PTR [rbp-0x20]
  405637:	48 8b 45 e8          	mov    rax,QWORD PTR [rbp-0x18]
  40563b:	48 89 d6             	mov    rsi,rdx
  40563e:	48 89 c7             	mov    rdi,rax
  405641:	e8 24 0c 00 00       	call   40626a <_ZNSt6vectorImSaImEE21_M_default_initializeEm>
  405646:	eb 1a                	jmp    405662 <_ZNSt6vectorImSaImEEC1EmRKS0_+0x70>
  405648:	48 89 c3             	mov    rbx,rax
  40564b:	48 8b 45 e8          	mov    rax,QWORD PTR [rbp-0x18]
  40564f:	48 89 c7             	mov    rdi,rax
  405652:	e8 59 fe ff ff       	call   4054b0 <_ZNSt12_Vector_baseImSaImEED1Ev>
  405657:	48 89 d8             	mov    rax,rbx
  40565a:	48 89 c7             	mov    rdi,rax
  40565d:	e8 2e cd ff ff       	call   402390 <_Unwind_Resume@plt>
  405662:	48 8b 5d f8          	mov    rbx,QWORD PTR [rbp-0x8]
  405666:	c9                   	leave  
  405667:	c3                   	ret    

0000000000405668 <_ZNSt6vectorImSaImEEixEm>:
  405668:	55                   	push   rbp
  405669:	48 89 e5             	mov    rbp,rsp
  40566c:	48 89 7d f8          	mov    QWORD PTR [rbp-0x8],rdi
  405670:	48 89 75 f0          	mov    QWORD PTR [rbp-0x10],rsi
  405674:	48 8b 45 f8          	mov    rax,QWORD PTR [rbp-0x8]
  405678:	48 8b 10             	mov    rdx,QWORD PTR [rax]
  40567b:	48 8b 45 f0          	mov    rax,QWORD PTR [rbp-0x10]
  40567f:	48 c1 e0 03          	shl    rax,0x3
  405683:	48 01 d0             	add    rax,rdx
  405686:	5d                   	pop    rbp
  405687:	c3                   	ret    

0000000000405688 <_ZNSt23mersenne_twister_engineImLm32ELm624ELm397ELm31ELm2567483615ELm11ELm4294967295ELm7ELm2636928640ELm15ELm4022730752ELm18ELm1812433253EEC1Em>:
  405688:	55                   	push   rbp
  405689:	48 89 e5             	mov    rbp,rsp
  40568c:	48 83 ec 10          	sub    rsp,0x10
  405690:	48 89 7d f8          	mov    QWORD PTR [rbp-0x8],rdi
  405694:	48 89 75 f0          	mov    QWORD PTR [rbp-0x10],rsi
  405698:	48 8b 55 f0          	mov    rdx,QWORD PTR [rbp-0x10]
  40569c:	48 8b 45 f8          	mov    rax,QWORD PTR [rbp-0x8]
  4056a0:	48 89 d6             	mov    rsi,rdx
  4056a3:	48 89 c7             	mov    rdi,rax
  4056a6:	e8 ff 0b 00 00       	call   4062aa <_ZNSt23mersenne_twister_engineImLm32ELm624ELm397ELm31ELm2567483615ELm11ELm4294967295ELm7ELm2636928640ELm15ELm4022730752ELm18ELm1812433253EE4seedEm>
  4056ab:	90                   	nop
  4056ac:	c9                   	leave  
  4056ad:	c3                   	ret    

00000000004056ae <_ZNSt6vectorImSaImEE5beginEv>:
  4056ae:	55                   	push   rbp
  4056af:	48 89 e5             	mov    rbp,rsp
  4056b2:	48 83 ec 20          	sub    rsp,0x20
  4056b6:	48 89 7d e8          	mov    QWORD PTR [rbp-0x18],rdi
  4056ba:	48 8b 55 e8          	mov    rdx,QWORD PTR [rbp-0x18]
  4056be:	48 8d 45 f8          	lea    rax,[rbp-0x8]
  4056c2:	48 89 d6             	mov    rsi,rdx
  4056c5:	48 89 c7             	mov    rdi,rax
  4056c8:	e8 83 0c 00 00       	call   406350 <_ZN9__gnu_cxx17__normal_iteratorIPmSt6vectorImSaImEEEC1ERKS1_>
  4056cd:	48 8b 45 f8          	mov    rax,QWORD PTR [rbp-0x8]
  4056d1:	c9                   	leave  
  4056d2:	c3                   	ret    
  4056d3:	90                   	nop

00000000004056d4 <_ZNSt6vectorImSaImEE3endEv>:
  4056d4:	55                   	push   rbp
  4056d5:	48 89 e5             	mov    rbp,rsp
  4056d8:	48 83 ec 20          	sub    rsp,0x20
  4056dc:	48 89 7d e8          	mov    QWORD PTR [rbp-0x18],rdi
  4056e0:	48 8b 45 e8          	mov    rax,QWORD PTR [rbp-0x18]
  4056e4:	48 8d 50 08          	lea    rdx,[rax+0x8]
  4056e8:	48 8d 45 f8          	lea    rax,[rbp-0x8]
  4056ec:	48 89 d6             	mov    rsi,rdx
  4056ef:	48 89 c7             	mov    rdi,rax
  4056f2:	e8 59 0c 00 00       	call   406350 <_ZN9__gnu_cxx17__normal_iteratorIPmSt6vectorImSaImEEEC1ERKS1_>
  4056f7:	48 8b 45 f8          	mov    rax,QWORD PTR [rbp-0x8]
  4056fb:	c9                   	leave  
  4056fc:	c3                   	ret    

00000000004056fd <_ZSt7shuffleIN9__gnu_cxx17__normal_iteratorIPmSt6vectorImSaImEEEERSt23mersenne_twister_engineImLm32ELm624ELm397ELm31ELm2567483615ELm11ELm4294967295ELm7ELm2636928640ELm15ELm4022730752ELm18ELm1812433253EEEvT_SA_OT0_>:
  4056fd:	55                   	push   rbp
  4056fe:	48 89 e5             	mov    rbp,rsp
  405701:	53                   	push   rbx
  405702:	48 81 ec a8 00 00 00 	sub    rsp,0xa8
  405709:	48 89 bd 68 ff ff ff 	mov    QWORD PTR [rbp-0x98],rdi
  405710:	48 89 b5 60 ff ff ff 	mov    QWORD PTR [rbp-0xa0],rsi
  405717:	48 89 95 58 ff ff ff 	mov    QWORD PTR [rbp-0xa8],rdx
  40571e:	48 8d 95 60 ff ff ff 	lea    rdx,[rbp-0xa0]
  405725:	48 8d 85 68 ff ff ff 	lea    rax,[rbp-0x98]
  40572c:	48 89 d6             	mov    rsi,rdx
  40572f:	48 89 c7             	mov    rdi,rax
  405732:	e8 36 0c 00 00       	call   40636d <_ZN9__gnu_cxxeqIPmSt6vectorImSaImEEEEbRKNS_17__normal_iteratorIT_T0_EESA_>
  405737:	84 c0                	test   al,al
  405739:	0f 85 71 02 00 00    	jne    4059b0 <_ZSt7shuffleIN9__gnu_cxx17__normal_iteratorIPmSt6vectorImSaImEEEERSt23mersenne_twister_engineImLm32ELm624ELm397ELm31ELm2567483615ELm11ELm4294967295ELm7ELm2636928640ELm15ELm4022730752ELm18ELm1812433253EEEvT_SA_OT0_+0x2b3>
  40573f:	b8 ff ff ff ff       	mov    eax,0xffffffff
  405744:	48 89 45 e8          	mov    QWORD PTR [rbp-0x18],rax
  405748:	48 8d 95 68 ff ff ff 	lea    rdx,[rbp-0x98]
  40574f:	48 8d 85 60 ff ff ff 	lea    rax,[rbp-0xa0]
  405756:	48 89 d6             	mov    rsi,rdx
  405759:	48 89 c7             	mov    rdi,rax
  40575c:	e8 47 0c 00 00       	call   4063a8 <_ZN9__gnu_cxxmiIPmSt6vectorImSaImEEEENS_17__normal_iteratorIT_T0_E15difference_typeERKS8_SB_>
  405761:	48 89 45 e0          	mov    QWORD PTR [rbp-0x20],rax
  405765:	b8 ff ff ff ff       	mov    eax,0xffffffff
  40576a:	ba 00 00 00 00       	mov    edx,0x0
  40576f:	48 f7 75 e0          	div    QWORD PTR [rbp-0x20]
  405773:	48 39 45 e0          	cmp    QWORD PTR [rbp-0x20],rax
  405777:	0f 87 64 01 00 00    	ja     4058e1 <_ZSt7shuffleIN9__gnu_cxx17__normal_iteratorIPmSt6vectorImSaImEEEERSt23mersenne_twister_engineImLm32ELm624ELm397ELm31ELm2567483615ELm11ELm4294967295ELm7ELm2636928640ELm15ELm4022730752ELm18ELm1812433253EEEvT_SA_OT0_+0x1e4>
  40577d:	48 8d 85 68 ff ff ff 	lea    rax,[rbp-0x98]
  405784:	be 01 00 00 00       	mov    esi,0x1
  405789:	48 89 c7             	mov    rdi,rax
  40578c:	e8 57 0c 00 00       	call   4063e8 <_ZNK9__gnu_cxx17__normal_iteratorIPmSt6vectorImSaImEEEplEl>
  405791:	48 89 45 a8          	mov    QWORD PTR [rbp-0x58],rax
  405795:	48 8b 45 e0          	mov    rax,QWORD PTR [rbp-0x20]
  405799:	83 e0 01             	and    eax,0x1
  40579c:	48 85 c0             	test   rax,rax
  40579f:	0f 85 19 01 00 00    	jne    4058be <_ZSt7shuffleIN9__gnu_cxx17__normal_iteratorIPmSt6vectorImSaImEEEERSt23mersenne_twister_engineImLm32ELm624ELm397ELm31ELm2567483615ELm11ELm4294967295ELm7ELm2636928640ELm15ELm4022730752ELm18ELm1812433253EEEvT_SA_OT0_+0x1c1>
  4057a5:	48 8d 45 90          	lea    rax,[rbp-0x70]
  4057a9:	ba 01 00 00 00       	mov    edx,0x1
  4057ae:	be 00 00 00 00       	mov    esi,0x0
  4057b3:	48 89 c7             	mov    rdi,rax
  4057b6:	e8 6d 0c 00 00       	call   406428 <_ZNSt24uniform_int_distributionImEC1Emm>
  4057bb:	48 8b 95 58 ff ff ff 	mov    rdx,QWORD PTR [rbp-0xa8]
  4057c2:	48 8d 45 90          	lea    rax,[rbp-0x70]
  4057c6:	48 89 d6             	mov    rsi,rdx
  4057c9:	48 89 c7             	mov    rdi,rax
  4057cc:	e8 c3 0c 00 00       	call   406494 <_ZNSt24uniform_int_distributionImEclISt23mersenne_twister_engineImLm32ELm624ELm397ELm31ELm2567483615ELm11ELm4294967295ELm7ELm2636928640ELm15ELm4022730752ELm18ELm1812433253EEEEmRT_>
  4057d1:	48 89 c2             	mov    rdx,rax
  4057d4:	48 8d 85 68 ff ff ff 	lea    rax,[rbp-0x98]
  4057db:	48 89 d6             	mov    rsi,rdx
  4057de:	48 89 c7             	mov    rdi,rax
  4057e1:	e8 02 0c 00 00       	call   4063e8 <_ZNK9__gnu_cxx17__normal_iteratorIPmSt6vectorImSaImEEEplEl>
  4057e6:	48 89 c3             	mov    rbx,rax
  4057e9:	48 8d 45 a8          	lea    rax,[rbp-0x58]
  4057ed:	be 00 00 00 00       	mov    esi,0x0
  4057f2:	48 89 c7             	mov    rdi,rax
  4057f5:	e8 5c 0c 00 00       	call   406456 <_ZN9__gnu_cxx17__normal_iteratorIPmSt6vectorImSaImEEEppEi>
  4057fa:	48 89 de             	mov    rsi,rbx
  4057fd:	48 89 c7             	mov    rdi,rax
  405800:	e8 b8 0c 00 00       	call   4064bd <_ZSt9iter_swapIN9__gnu_cxx17__normal_iteratorIPmSt6vectorImSaImEEEES6_EvT_T0_>
  405805:	e9 b4 00 00 00       	jmp    4058be <_ZSt7shuffleIN9__gnu_cxx17__normal_iteratorIPmSt6vectorImSaImEEEERSt23mersenne_twister_engineImLm32ELm624ELm397ELm31ELm2567483615ELm11ELm4294967295ELm7ELm2636928640ELm15ELm4022730752ELm18ELm1812433253EEEvT_SA_OT0_+0x1c1>
  40580a:	48 8d 95 68 ff ff ff 	lea    rdx,[rbp-0x98]
  405811:	48 8d 45 a8          	lea    rax,[rbp-0x58]
  405815:	48 89 d6             	mov    rsi,rdx
  405818:	48 89 c7             	mov    rdi,rax
  40581b:	e8 88 0b 00 00       	call   4063a8 <_ZN9__gnu_cxxmiIPmSt6vectorImSaImEEEENS_17__normal_iteratorIT_T0_E15difference_typeERKS8_SB_>
  405820:	48 83 c0 01          	add    rax,0x1
  405824:	48 89 45 d8          	mov    QWORD PTR [rbp-0x28],rax
  405828:	48 8b 45 d8          	mov    rax,QWORD PTR [rbp-0x28]
  40582c:	48 8d 48 01          	lea    rcx,[rax+0x1]
  405830:	48 8b 95 58 ff ff ff 	mov    rdx,QWORD PTR [rbp-0xa8]
  405837:	48 8b 45 d8          	mov    rax,QWORD PTR [rbp-0x28]
  40583b:	48 89 ce             	mov    rsi,rcx
  40583e:	48 89 c7             	mov    rdi,rax
  405841:	e8 b5 0c 00 00       	call   4064fb <_ZSt22__gen_two_uniform_intsImRSt23mersenne_twister_engineImLm32ELm624ELm397ELm31ELm2567483615ELm11ELm4294967295ELm7ELm2636928640ELm15ELm4022730752ELm18ELm1812433253EEESt4pairIT_S4_ES4_S4_OT0_>
  405846:	48 89 45 80          	mov    QWORD PTR [rbp-0x80],rax
  40584a:	48 89 55 88          	mov    QWORD PTR [rbp-0x78],rdx
  40584e:	48 8b 45 80          	mov    rax,QWORD PTR [rbp-0x80]
  405852:	48 89 c2             	mov    rdx,rax
  405855:	48 8d 85 68 ff ff ff 	lea    rax,[rbp-0x98]
  40585c:	48 89 d6             	mov    rsi,rdx
  40585f:	48 89 c7             	mov    rdi,rax
  405862:	e8 81 0b 00 00       	call   4063e8 <_ZNK9__gnu_cxx17__normal_iteratorIPmSt6vectorImSaImEEEplEl>
  405867:	48 89 c3             	mov    rbx,rax
  40586a:	48 8d 45 a8          	lea    rax,[rbp-0x58]
  40586e:	be 00 00 00 00       	mov    esi,0x0
  405873:	48 89 c7             	mov    rdi,rax
  405876:	e8 db 0b 00 00       	call   406456 <_ZN9__gnu_cxx17__normal_iteratorIPmSt6vectorImSaImEEEppEi>
  40587b:	48 89 de             	mov    rsi,rbx
  40587e:	48 89 c7             	mov    rdi,rax
  405881:	e8 37 0c 00 00       	call   4064bd <_ZSt9iter_swapIN9__gnu_cxx17__normal_iteratorIPmSt6vectorImSaImEEEES6_EvT_T0_>
  405886:	48 8b 45 88          	mov    rax,QWORD PTR [rbp-0x78]
  40588a:	48 89 c2             	mov    rdx,rax
  40588d:	48 8d 85 68 ff ff ff 	lea    rax,[rbp-0x98]
  405894:	48 89 d6             	mov    rsi,rdx
  405897:	48 89 c7             	mov    rdi,rax
  40589a:	e8 49 0b 00 00       	call   4063e8 <_ZNK9__gnu_cxx17__normal_iteratorIPmSt6vectorImSaImEEEplEl>
  40589f:	48 89 c3             	mov    rbx,rax
  4058a2:	48 8d 45 a8          	lea    rax,[rbp-0x58]
  4058a6:	be 00 00 00 00       	mov    esi,0x0
  4058ab:	48 89 c7             	mov    rdi,rax
  4058ae:	e8 a3 0b 00 00       	call   406456 <_ZN9__gnu_cxx17__normal_iteratorIPmSt6vectorImSaImEEEppEi>
  4058b3:	48 89 de             	mov    rsi,rbx
  4058b6:	48 89 c7             	mov    rdi,rax
  4058b9:	e8 ff 0b 00 00       	call   4064bd <_ZSt9iter_swapIN9__gnu_cxx17__normal_iteratorIPmSt6vectorImSaImEEEES6_EvT_T0_>
  4058be:	48 8d 95 60 ff ff ff 	lea    rdx,[rbp-0xa0]
  4058c5:	48 8d 45 a8          	lea    rax,[rbp-0x58]
  4058c9:	48 89 d6             	mov    rsi,rdx
  4058cc:	48 89 c7             	mov    rdi,rax
  4058cf:	e8 81 02 00 00       	call   405b55 <_ZN9__gnu_cxxneIPmSt6vectorImSaImEEEEbRKNS_17__normal_iteratorIT_T0_EESA_>
  4058d4:	84 c0                	test   al,al
  4058d6:	0f 85 2e ff ff ff    	jne    40580a <_ZSt7shuffleIN9__gnu_cxx17__normal_iteratorIPmSt6vectorImSaImEEEERSt23mersenne_twister_engineImLm32ELm624ELm397ELm31ELm2567483615ELm11ELm4294967295ELm7ELm2636928640ELm15ELm4022730752ELm18ELm1812433253EEEvT_SA_OT0_+0x10d>
  4058dc:	e9 d0 00 00 00       	jmp    4059b1 <_ZSt7shuffleIN9__gnu_cxx17__normal_iteratorIPmSt6vectorImSaImEEEERSt23mersenne_twister_engineImLm32ELm624ELm397ELm31ELm2567483615ELm11ELm4294967295ELm7ELm2636928640ELm15ELm4022730752ELm18ELm1812433253EEEvT_SA_OT0_+0x2b4>
  4058e1:	48 8d 45 b0          	lea    rax,[rbp-0x50]
  4058e5:	48 89 c7             	mov    rdi,rax
  4058e8:	e8 91 0c 00 00       	call   40657e <_ZNSt24uniform_int_distributionImEC1Ev>
  4058ed:	48 8d 85 68 ff ff ff 	lea    rax,[rbp-0x98]
  4058f4:	be 01 00 00 00       	mov    esi,0x1
  4058f9:	48 89 c7             	mov    rdi,rax
  4058fc:	e8 e7 0a 00 00       	call   4063e8 <_ZNK9__gnu_cxx17__normal_iteratorIPmSt6vectorImSaImEEEplEl>
  405901:	48 89 85 78 ff ff ff 	mov    QWORD PTR [rbp-0x88],rax
  405908:	e9 80 00 00 00       	jmp    40598d <_ZSt7shuffleIN9__gnu_cxx17__normal_iteratorIPmSt6vectorImSaImEEEERSt23mersenne_twister_engineImLm32ELm624ELm397ELm31ELm2567483615ELm11ELm4294967295ELm7ELm2636928640ELm15ELm4022730752ELm18ELm1812433253EEEvT_SA_OT0_+0x290>
  40590d:	48 8d 95 68 ff ff ff 	lea    rdx,[rbp-0x98]
  405914:	48 8d 85 78 ff ff ff 	lea    rax,[rbp-0x88]
  40591b:	48 89 d6             	mov    rsi,rdx
  40591e:	48 89 c7             	mov    rdi,rax
  405921:	e8 82 0a 00 00       	call   4063a8 <_ZN9__gnu_cxxmiIPmSt6vectorImSaImEEEENS_17__normal_iteratorIT_T0_E15difference_typeERKS8_SB_>
  405926:	48 89 c2             	mov    rdx,rax
  405929:	48 8d 45 c0          	lea    rax,[rbp-0x40]
  40592d:	be 00 00 00 00       	mov    esi,0x0
  405932:	48 89 c7             	mov    rdi,rax
  405935:	e8 6c 0c 00 00       	call   4065a6 <_ZNSt24uniform_int_distributionImE10param_typeC1Emm>
  40593a:	48 8d 55 c0          	lea    rdx,[rbp-0x40]
  40593e:	48 8b 8d 58 ff ff ff 	mov    rcx,QWORD PTR [rbp-0xa8]
  405945:	48 8d 45 b0          	lea    rax,[rbp-0x50]
  405949:	48 89 ce             	mov    rsi,rcx
  40594c:	48 89 c7             	mov    rdi,rax
  40594f:	e8 7c 0c 00 00       	call   4065d0 <_ZNSt24uniform_int_distributionImEclISt23mersenne_twister_engineImLm32ELm624ELm397ELm31ELm2567483615ELm11ELm4294967295ELm7ELm2636928640ELm15ELm4022730752ELm18ELm1812433253EEEEmRT_RKNS0_10param_typeE>
  405954:	48 89 c2             	mov    rdx,rax
  405957:	48 8d 85 68 ff ff ff 	lea    rax,[rbp-0x98]
  40595e:	48 89 d6             	mov    rsi,rdx
  405961:	48 89 c7             	mov    rdi,rax
  405964:	e8 7f 0a 00 00       	call   4063e8 <_ZNK9__gnu_cxx17__normal_iteratorIPmSt6vectorImSaImEEEplEl>
  405969:	48 89 c2             	mov    rdx,rax
  40596c:	48 8b 85 78 ff ff ff 	mov    rax,QWORD PTR [rbp-0x88]
  405973:	48 89 d6             	mov    rsi,rdx
  405976:	48 89 c7             	mov    rdi,rax
  405979:	e8 3f 0b 00 00       	call   4064bd <_ZSt9iter_swapIN9__gnu_cxx17__normal_iteratorIPmSt6vectorImSaImEEEES6_EvT_T0_>
  40597e:	48 8d 85 78 ff ff ff 	lea    rax,[rbp-0x88]
  405985:	48 89 c7             	mov    rdi,rax
  405988:	e8 03 02 00 00       	call   405b90 <_ZN9__gnu_cxx17__normal_iteratorIPmSt6vectorImSaImEEEppEv>
  40598d:	48 8d 95 60 ff ff ff 	lea    rdx,[rbp-0xa0]
  405994:	48 8d 85 78 ff ff ff 	lea    rax,[rbp-0x88]
  40599b:	48 89 d6             	mov    rsi,rdx
  40599e:	48 89 c7             	mov    rdi,rax
  4059a1:	e8 af 01 00 00       	call   405b55 <_ZN9__gnu_cxxneIPmSt6vectorImSaImEEEEbRKNS_17__normal_iteratorIT_T0_EESA_>
  4059a6:	84 c0                	test   al,al
  4059a8:	0f 85 5f ff ff ff    	jne    40590d <_ZSt7shuffleIN9__gnu_cxx17__normal_iteratorIPmSt6vectorImSaImEEEERSt23mersenne_twister_engineImLm32ELm624ELm397ELm31ELm2567483615ELm11ELm4294967295ELm7ELm2636928640ELm15ELm4022730752ELm18ELm1812433253EEEvT_SA_OT0_+0x210>
  4059ae:	eb 01                	jmp    4059b1 <_ZSt7shuffleIN9__gnu_cxx17__normal_iteratorIPmSt6vectorImSaImEEEERSt23mersenne_twister_engineImLm32ELm624ELm397ELm31ELm2567483615ELm11ELm4294967295ELm7ELm2636928640ELm15ELm4022730752ELm18ELm1812433253EEEvT_SA_OT0_+0x2b4>
  4059b0:	90                   	nop
  4059b1:	48 8b 5d f8          	mov    rbx,QWORD PTR [rbp-0x8]
  4059b5:	c9                   	leave  
  4059b6:	c3                   	ret    
  4059b7:	90                   	nop

00000000004059b8 <_ZNSt6vectorImSaImEE6resizeEmRKm>:
  4059b8:	55                   	push   rbp
  4059b9:	48 89 e5             	mov    rbp,rsp
  4059bc:	53                   	push   rbx
  4059bd:	48 83 ec 28          	sub    rsp,0x28
  4059c1:	48 89 7d e8          	mov    QWORD PTR [rbp-0x18],rdi
  4059c5:	48 89 75 e0          	mov    QWORD PTR [rbp-0x20],rsi
  4059c9:	48 89 55 d8          	mov    QWORD PTR [rbp-0x28],rdx
  4059cd:	48 8b 45 e8          	mov    rax,QWORD PTR [rbp-0x18]
  4059d1:	48 89 c7             	mov    rdi,rax
  4059d4:	e8 e9 01 00 00       	call   405bc2 <_ZNKSt6vectorImSaImEE4sizeEv>
  4059d9:	48 39 45 e0          	cmp    QWORD PTR [rbp-0x20],rax
  4059dd:	0f 97 c0             	seta   al
  4059e0:	84 c0                	test   al,al
  4059e2:	74 40                	je     405a24 <_ZNSt6vectorImSaImEE6resizeEmRKm+0x6c>
  4059e4:	48 8b 45 e8          	mov    rax,QWORD PTR [rbp-0x18]
  4059e8:	48 89 c7             	mov    rdi,rax
  4059eb:	e8 d2 01 00 00       	call   405bc2 <_ZNKSt6vectorImSaImEE4sizeEv>
  4059f0:	48 89 c2             	mov    rdx,rax
  4059f3:	48 8b 45 e0          	mov    rax,QWORD PTR [rbp-0x20]
  4059f7:	48 29 d0             	sub    rax,rdx
  4059fa:	48 89 c3             	mov    rbx,rax
  4059fd:	48 8b 45 e8          	mov    rax,QWORD PTR [rbp-0x18]
  405a01:	48 89 c7             	mov    rdi,rax
  405a04:	e8 cb fc ff ff       	call   4056d4 <_ZNSt6vectorImSaImEE3endEv>
  405a09:	48 89 c6             	mov    rsi,rax
  405a0c:	48 8b 55 d8          	mov    rdx,QWORD PTR [rbp-0x28]
  405a10:	48 8b 45 e8          	mov    rax,QWORD PTR [rbp-0x18]
  405a14:	48 89 d1             	mov    rcx,rdx
  405a17:	48 89 da             	mov    rdx,rbx
  405a1a:	48 89 c7             	mov    rdi,rax
  405a1d:	e8 f4 0c 00 00       	call   406716 <_ZNSt6vectorImSaImEE14_M_fill_insertEN9__gnu_cxx17__normal_iteratorIPmS1_EEmRKm>
  405a22:	eb 38                	jmp    405a5c <_ZNSt6vectorImSaImEE6resizeEmRKm+0xa4>
  405a24:	48 8b 45 e8          	mov    rax,QWORD PTR [rbp-0x18]
  405a28:	48 89 c7             	mov    rdi,rax
  405a2b:	e8 92 01 00 00       	call   405bc2 <_ZNKSt6vectorImSaImEE4sizeEv>
  405a30:	48 39 45 e0          	cmp    QWORD PTR [rbp-0x20],rax
  405a34:	0f 92 c0             	setb   al
  405a37:	84 c0                	test   al,al
  405a39:	74 21                	je     405a5c <_ZNSt6vectorImSaImEE6resizeEmRKm+0xa4>
  405a3b:	48 8b 45 e8          	mov    rax,QWORD PTR [rbp-0x18]
  405a3f:	48 8b 10             	mov    rdx,QWORD PTR [rax]
  405a42:	48 8b 45 e0          	mov    rax,QWORD PTR [rbp-0x20]
  405a46:	48 c1 e0 03          	shl    rax,0x3
  405a4a:	48 01 c2             	add    rdx,rax
  405a4d:	48 8b 45 e8          	mov    rax,QWORD PTR [rbp-0x18]
  405a51:	48 89 d6             	mov    rsi,rdx
  405a54:	48 89 c7             	mov    rdi,rax
  405a57:	e8 a4 11 00 00       	call   406c00 <_ZNSt6vectorImSaImEE15_M_erase_at_endEPm>
  405a5c:	90                   	nop
  405a5d:	48 8b 5d f8          	mov    rbx,QWORD PTR [rbp-0x8]
  405a61:	c9                   	leave  
  405a62:	c3                   	ret    
  405a63:	90                   	nop

0000000000405a64 <_ZNSt6vectorImSaImEE5clearEv>:
  405a64:	55                   	push   rbp
  405a65:	48 89 e5             	mov    rbp,rsp
  405a68:	48 83 ec 10          	sub    rsp,0x10
  405a6c:	48 89 7d f8          	mov    QWORD PTR [rbp-0x8],rdi
  405a70:	48 8b 45 f8          	mov    rax,QWORD PTR [rbp-0x8]
  405a74:	48 8b 10             	mov    rdx,QWORD PTR [rax]
  405a77:	48 8b 45 f8          	mov    rax,QWORD PTR [rbp-0x8]
  405a7b:	48 89 d6             	mov    rsi,rdx
  405a7e:	48 89 c7             	mov    rdi,rax
  405a81:	e8 7a 11 00 00       	call   406c00 <_ZNSt6vectorImSaImEE15_M_erase_at_endEPm>
  405a86:	90                   	nop
  405a87:	c9                   	leave  
  405a88:	c3                   	ret    
  405a89:	90                   	nop

0000000000405a8a <_ZNSt6vectorImSaImEE9push_backERKm>:
  405a8a:	55                   	push   rbp
  405a8b:	48 89 e5             	mov    rbp,rsp
  405a8e:	48 83 ec 10          	sub    rsp,0x10
  405a92:	48 89 7d f8          	mov    QWORD PTR [rbp-0x8],rdi
  405a96:	48 89 75 f0          	mov    QWORD PTR [rbp-0x10],rsi
  405a9a:	48 8b 45 f8          	mov    rax,QWORD PTR [rbp-0x8]
  405a9e:	48 8b 50 08          	mov    rdx,QWORD PTR [rax+0x8]
  405aa2:	48 8b 45 f8          	mov    rax,QWORD PTR [rbp-0x8]
  405aa6:	48 8b 40 10          	mov    rax,QWORD PTR [rax+0x10]
  405aaa:	48 39 c2             	cmp    rdx,rax
  405aad:	74 31                	je     405ae0 <_ZNSt6vectorImSaImEE9push_backERKm+0x56>
  405aaf:	48 8b 45 f8          	mov    rax,QWORD PTR [rbp-0x8]
  405ab3:	48 8b 48 08          	mov    rcx,QWORD PTR [rax+0x8]
  405ab7:	48 8b 45 f8          	mov    rax,QWORD PTR [rbp-0x8]
  405abb:	48 8b 55 f0          	mov    rdx,QWORD PTR [rbp-0x10]
  405abf:	48 89 ce             	mov    rsi,rcx
  405ac2:	48 89 c7             	mov    rdi,rax
  405ac5:	e8 96 11 00 00       	call   406c60 <_ZNSt16allocator_traitsISaImEE9constructImJRKmEEEvRS0_PT_DpOT0_>
  405aca:	48 8b 45 f8          	mov    rax,QWORD PTR [rbp-0x8]
  405ace:	48 8b 40 08          	mov    rax,QWORD PTR [rax+0x8]
  405ad2:	48 8d 50 08          	lea    rdx,[rax+0x8]
  405ad6:	48 8b 45 f8          	mov    rax,QWORD PTR [rbp-0x8]
  405ada:	48 89 50 08          	mov    QWORD PTR [rax+0x8],rdx
  405ade:	eb 22                	jmp    405b02 <_ZNSt6vectorImSaImEE9push_backERKm+0x78>
  405ae0:	48 8b 45 f8          	mov    rax,QWORD PTR [rbp-0x8]
  405ae4:	48 89 c7             	mov    rdi,rax
  405ae7:	e8 e8 fb ff ff       	call   4056d4 <_ZNSt6vectorImSaImEE3endEv>
  405aec:	48 89 c1             	mov    rcx,rax
  405aef:	48 8b 55 f0          	mov    rdx,QWORD PTR [rbp-0x10]
  405af3:	48 8b 45 f8          	mov    rax,QWORD PTR [rbp-0x8]
  405af7:	48 89 ce             	mov    rsi,rcx
  405afa:	48 89 c7             	mov    rdi,rax
  405afd:	e8 b2 11 00 00       	call   406cb4 <_ZNSt6vectorImSaImEE17_M_realloc_insertIJRKmEEEvN9__gnu_cxx17__normal_iteratorIPmS1_EEDpOT_>
  405b02:	90                   	nop
  405b03:	c9                   	leave  
  405b04:	c3                   	ret    
  405b05:	90                   	nop

0000000000405b06 <_ZNSt6vectorImSaImEE4dataEv>:
  405b06:	55                   	push   rbp
  405b07:	48 89 e5             	mov    rbp,rsp
  405b0a:	48 83 ec 10          	sub    rsp,0x10
  405b0e:	48 89 7d f8          	mov    QWORD PTR [rbp-0x8],rdi
  405b12:	48 8b 45 f8          	mov    rax,QWORD PTR [rbp-0x8]
  405b16:	48 8b 10             	mov    rdx,QWORD PTR [rax]
  405b19:	48 8b 45 f8          	mov    rax,QWORD PTR [rbp-0x8]
  405b1d:	48 89 d6             	mov    rsi,rdx
  405b20:	48 89 c7             	mov    rdi,rax
  405b23:	e8 4c 14 00 00       	call   406f74 <_ZNKSt6vectorImSaImEE11_M_data_ptrImEEPT_S4_>
  405b28:	c9                   	leave  
  405b29:	c3                   	ret    

0000000000405b2a <_ZSt4sortIN9__gnu_cxx17__normal_iteratorIPmSt6vectorImSaImEEEEEvT_S7_>:
  405b2a:	55                   	push   rbp
  405b2b:	48 89 e5             	mov    rbp,rsp
  405b2e:	48 83 ec 10          	sub    rsp,0x10
  405b32:	48 89 7d f8          	mov    QWORD PTR [rbp-0x8],rdi
  405b36:	48 89 75 f0          	mov    QWORD PTR [rbp-0x10],rsi
  405b3a:	e8 79 f6 ff ff       	call   4051b8 <_ZN9__gnu_cxx5__ops16__iter_less_iterEv>
  405b3f:	48 8b 55 f0          	mov    rdx,QWORD PTR [rbp-0x10]
  405b43:	48 8b 45 f8          	mov    rax,QWORD PTR [rbp-0x8]
  405b47:	48 89 d6             	mov    rsi,rdx
  405b4a:	48 89 c7             	mov    rdi,rax
  405b4d:	e8 34 14 00 00       	call   406f86 <_ZSt6__sortIN9__gnu_cxx17__normal_iteratorIPmSt6vectorImSaImEEEENS0_5__ops15_Iter_less_iterEEvT_S9_T0_>
  405b52:	90                   	nop
  405b53:	c9                   	leave  
  405b54:	c3                   	ret    

0000000000405b55 <_ZN9__gnu_cxxneIPmSt6vectorImSaImEEEEbRKNS_17__normal_iteratorIT_T0_EESA_>:
  405b55:	55                   	push   rbp
  405b56:	48 89 e5             	mov    rbp,rsp
  405b59:	53                   	push   rbx
  405b5a:	48 83 ec 18          	sub    rsp,0x18
  405b5e:	48 89 7d e8          	mov    QWORD PTR [rbp-0x18],rdi
  405b62:	48 89 75 e0          	mov    QWORD PTR [rbp-0x20],rsi
  405b66:	48 8b 45 e8          	mov    rax,QWORD PTR [rbp-0x18]
  405b6a:	48 89 c7             	mov    rdi,rax
  405b6d:	e8 84 14 00 00       	call   406ff6 <_ZNK9__gnu_cxx17__normal_iteratorIPmSt6vectorImSaImEEE4baseEv>
  405b72:	48 8b 18             	mov    rbx,QWORD PTR [rax]
  405b75:	48 8b 45 e0          	mov    rax,QWORD PTR [rbp-0x20]
  405b79:	48 89 c7             	mov    rdi,rax
  405b7c:	e8 75 14 00 00       	call   406ff6 <_ZNK9__gnu_cxx17__normal_iteratorIPmSt6vectorImSaImEEE4baseEv>
  405b81:	48 8b 00             	mov    rax,QWORD PTR [rax]
  405b84:	48 39 c3             	cmp    rbx,rax
  405b87:	0f 95 c0             	setne  al
  405b8a:	48 8b 5d f8          	mov    rbx,QWORD PTR [rbp-0x8]
  405b8e:	c9                   	leave  
  405b8f:	c3                   	ret    

0000000000405b90 <_ZN9__gnu_cxx17__normal_iteratorIPmSt6vectorImSaImEEEppEv>:
  405b90:	55                   	push   rbp
  405b91:	48 89 e5             	mov    rbp,rsp
  405b94:	48 89 7d f8          	mov    QWORD PTR [rbp-0x8],rdi
  405b98:	48 8b 45 f8          	mov    rax,QWORD PTR [rbp-0x8]
  405b9c:	48 8b 00             	mov    rax,QWORD PTR [rax]
  405b9f:	48 8d 50 08          	lea    rdx,[rax+0x8]
  405ba3:	48 8b 45 f8          	mov    rax,QWORD PTR [rbp-0x8]
  405ba7:	48 89 10             	mov    QWORD PTR [rax],rdx
  405baa:	48 8b 45 f8          	mov    rax,QWORD PTR [rbp-0x8]
  405bae:	5d                   	pop    rbp
  405baf:	c3                   	ret    

0000000000405bb0 <_ZNK9__gnu_cxx17__normal_iteratorIPmSt6vectorImSaImEEEdeEv>:
  405bb0:	55                   	push   rbp
  405bb1:	48 89 e5             	mov    rbp,rsp
  405bb4:	48 89 7d f8          	mov    QWORD PTR [rbp-0x8],rdi
  405bb8:	48 8b 45 f8          	mov    rax,QWORD PTR [rbp-0x8]
  405bbc:	48 8b 00             	mov    rax,QWORD PTR [rax]
  405bbf:	5d                   	pop    rbp
  405bc0:	c3                   	ret    
  405bc1:	90                   	nop

0000000000405bc2 <_ZNKSt6vectorImSaImEE4sizeEv>:
  405bc2:	55                   	push   rbp
  405bc3:	48 89 e5             	mov    rbp,rsp
  405bc6:	48 89 7d f8          	mov    QWORD PTR [rbp-0x8],rdi
  405bca:	48 8b 45 f8          	mov    rax,QWORD PTR [rbp-0x8]
  405bce:	48 8b 50 08          	mov    rdx,QWORD PTR [rax+0x8]
  405bd2:	48 8b 45 f8          	mov    rax,QWORD PTR [rbp-0x8]
  405bd6:	48 8b 08             	mov    rcx,QWORD PTR [rax]
  405bd9:	48 89 d0             	mov    rax,rdx
  405bdc:	48 29 c8             	sub    rax,rcx
  405bdf:	48 c1 f8 03          	sar    rax,0x3
  405be3:	5d                   	pop    rbp
  405be4:	c3                   	ret    
  405be5:	90                   	nop

0000000000405be6 <_ZNKSt6vectorImSaImEE5emptyEv>:
  405be6:	55                   	push   rbp
  405be7:	48 89 e5             	mov    rbp,rsp
  405bea:	48 83 ec 20          	sub    rsp,0x20
  405bee:	48 89 7d e8          	mov    QWORD PTR [rbp-0x18],rdi
  405bf2:	48 8b 45 e8          	mov    rax,QWORD PTR [rbp-0x18]
  405bf6:	48 89 c7             	mov    rdi,rax
  405bf9:	e8 2c 14 00 00       	call   40702a <_ZNKSt6vectorImSaImEE3endEv>
  405bfe:	48 89 45 f0          	mov    QWORD PTR [rbp-0x10],rax
  405c02:	48 8b 45 e8          	mov    rax,QWORD PTR [rbp-0x18]
  405c06:	48 89 c7             	mov    rdi,rax
  405c09:	e8 f6 13 00 00       	call   407004 <_ZNKSt6vectorImSaImEE5beginEv>
  405c0e:	48 89 45 f8          	mov    QWORD PTR [rbp-0x8],rax
  405c12:	48 8d 55 f0          	lea    rdx,[rbp-0x10]
  405c16:	48 8d 45 f8          	lea    rax,[rbp-0x8]
  405c1a:	48 89 d6             	mov    rsi,rdx
  405c1d:	48 89 c7             	mov    rdi,rax
  405c20:	e8 2e 14 00 00       	call   407053 <_ZN9__gnu_cxxeqIPKmSt6vectorImSaImEEEEbRKNS_17__normal_iteratorIT_T0_EESB_>
  405c25:	c9                   	leave  
  405c26:	c3                   	ret    

0000000000405c27 <_ZN9__gnu_cxx14__alloc_traitsISaImEmE27_S_propagate_on_copy_assignEv>:
  405c27:	55                   	push   rbp
  405c28:	48 89 e5             	mov    rbp,rsp
  405c2b:	b8 00 00 00 00       	mov    eax,0x0
  405c30:	5d                   	pop    rbp
  405c31:	c3                   	ret    

0000000000405c32 <_ZNSt6vectorImSaImEEaSERKS1_>:
  405c32:	55                   	push   rbp
  405c33:	48 89 e5             	mov    rbp,rsp
  405c36:	41 56                	push   r14
  405c38:	41 55                	push   r13
  405c3a:	41 54                	push   r12
  405c3c:	53                   	push   rbx
  405c3d:	48 83 ec 20          	sub    rsp,0x20
  405c41:	48 89 7d c8          	mov    QWORD PTR [rbp-0x38],rdi
  405c45:	48 89 75 c0          	mov    QWORD PTR [rbp-0x40],rsi
  405c49:	48 8b 45 c0          	mov    rax,QWORD PTR [rbp-0x40]
  405c4d:	48 3b 45 c8          	cmp    rax,QWORD PTR [rbp-0x38]
  405c51:	0f 84 e0 02 00 00    	je     405f37 <_ZNSt6vectorImSaImEEaSERKS1_+0x305>
  405c57:	e8 cb ff ff ff       	call   405c27 <_ZN9__gnu_cxx14__alloc_traitsISaImEmE27_S_propagate_on_copy_assignEv>
  405c5c:	84 c0                	test   al,al
  405c5e:	0f 84 d0 00 00 00    	je     405d34 <_ZNSt6vectorImSaImEEaSERKS1_+0x102>
  405c64:	e8 2c f6 ff ff       	call   405295 <_ZN9__gnu_cxx14__alloc_traitsISaImEmE15_S_always_equalEv>
  405c69:	83 f0 01             	xor    eax,0x1
  405c6c:	84 c0                	test   al,al
  405c6e:	74 31                	je     405ca1 <_ZNSt6vectorImSaImEEaSERKS1_+0x6f>
  405c70:	48 8b 45 c0          	mov    rax,QWORD PTR [rbp-0x40]
  405c74:	48 89 c7             	mov    rdi,rax
  405c77:	e8 12 14 00 00       	call   40708e <_ZNKSt12_Vector_baseImSaImEE19_M_get_Tp_allocatorEv>
  405c7c:	48 89 c3             	mov    rbx,rax
  405c7f:	48 8b 45 c8          	mov    rax,QWORD PTR [rbp-0x38]
  405c83:	48 89 c7             	mov    rdi,rax
  405c86:	e8 65 03 00 00       	call   405ff0 <_ZNSt12_Vector_baseImSaImEE19_M_get_Tp_allocatorEv>
  405c8b:	48 89 de             	mov    rsi,rbx
  405c8e:	48 89 c7             	mov    rdi,rax
  405c91:	e8 06 14 00 00       	call   40709c <_ZStneRKSaImES1_>
  405c96:	84 c0                	test   al,al
  405c98:	74 07                	je     405ca1 <_ZNSt6vectorImSaImEEaSERKS1_+0x6f>
  405c9a:	b8 01 00 00 00       	mov    eax,0x1
  405c9f:	eb 05                	jmp    405ca6 <_ZNSt6vectorImSaImEEaSERKS1_+0x74>
  405ca1:	b8 00 00 00 00       	mov    eax,0x0
  405ca6:	84 c0                	test   al,al
  405ca8:	74 64                	je     405d0e <_ZNSt6vectorImSaImEEaSERKS1_+0xdc>
  405caa:	48 8b 45 c8          	mov    rax,QWORD PTR [rbp-0x38]
  405cae:	48 89 c7             	mov    rdi,rax
  405cb1:	e8 ae fd ff ff       	call   405a64 <_ZNSt6vectorImSaImEE5clearEv>
  405cb6:	48 8b 45 c8          	mov    rax,QWORD PTR [rbp-0x38]
  405cba:	48 8b 55 c8          	mov    rdx,QWORD PTR [rbp-0x38]
  405cbe:	48 8b 4a 10          	mov    rcx,QWORD PTR [rdx+0x10]
  405cc2:	48 8b 55 c8          	mov    rdx,QWORD PTR [rbp-0x38]
  405cc6:	48 8b 32             	mov    rsi,QWORD PTR [rdx]
  405cc9:	48 29 f1             	sub    rcx,rsi
  405ccc:	48 89 ca             	mov    rdx,rcx
  405ccf:	48 c1 fa 03          	sar    rdx,0x3
  405cd3:	48 89 d6             	mov    rsi,rdx
  405cd6:	48 8b 55 c8          	mov    rdx,QWORD PTR [rbp-0x38]
  405cda:	48 8b 0a             	mov    rcx,QWORD PTR [rdx]
  405cdd:	48 89 f2             	mov    rdx,rsi
  405ce0:	48 89 ce             	mov    rsi,rcx
  405ce3:	48 89 c7             	mov    rdi,rax
  405ce6:	e8 cf 02 00 00       	call   405fba <_ZNSt12_Vector_baseImSaImEE13_M_deallocateEPmm>
  405ceb:	48 8b 45 c8          	mov    rax,QWORD PTR [rbp-0x38]
  405cef:	48 c7 00 00 00 00 00 	mov    QWORD PTR [rax],0x0
  405cf6:	48 8b 45 c8          	mov    rax,QWORD PTR [rbp-0x38]
  405cfa:	48 c7 40 08 00 00 00 	mov    QWORD PTR [rax+0x8],0x0
  405d01:	00 
  405d02:	48 8b 45 c8          	mov    rax,QWORD PTR [rbp-0x38]
  405d06:	48 c7 40 10 00 00 00 	mov    QWORD PTR [rax+0x10],0x0
  405d0d:	00 
  405d0e:	48 8b 45 c0          	mov    rax,QWORD PTR [rbp-0x40]
  405d12:	48 89 c7             	mov    rdi,rax
  405d15:	e8 74 13 00 00       	call   40708e <_ZNKSt12_Vector_baseImSaImEE19_M_get_Tp_allocatorEv>
  405d1a:	48 89 c3             	mov    rbx,rax
  405d1d:	48 8b 45 c8          	mov    rax,QWORD PTR [rbp-0x38]
  405d21:	48 89 c7             	mov    rdi,rax
  405d24:	e8 c7 02 00 00       	call   405ff0 <_ZNSt12_Vector_baseImSaImEE19_M_get_Tp_allocatorEv>
  405d29:	48 89 de             	mov    rsi,rbx
  405d2c:	48 89 c7             	mov    rdi,rax
  405d2f:	e8 7b 13 00 00       	call   4070af <_ZSt15__alloc_on_copyISaImEEvRT_RKS1_>
  405d34:	48 8b 45 c0          	mov    rax,QWORD PTR [rbp-0x40]
  405d38:	48 89 c7             	mov    rdi,rax
  405d3b:	e8 82 fe ff ff       	call   405bc2 <_ZNKSt6vectorImSaImEE4sizeEv>
  405d40:	48 89 45 d8          	mov    QWORD PTR [rbp-0x28],rax
  405d44:	48 8b 45 c8          	mov    rax,QWORD PTR [rbp-0x38]
  405d48:	48 89 c7             	mov    rdi,rax
  405d4b:	e8 86 13 00 00       	call   4070d6 <_ZNKSt6vectorImSaImEE8capacityEv>
  405d50:	48 39 45 d8          	cmp    QWORD PTR [rbp-0x28],rax
  405d54:	0f 97 c0             	seta   al
  405d57:	84 c0                	test   al,al
  405d59:	0f 84 bd 00 00 00    	je     405e1c <_ZNSt6vectorImSaImEEaSERKS1_+0x1ea>
  405d5f:	48 8b 45 c0          	mov    rax,QWORD PTR [rbp-0x40]
  405d63:	48 89 c7             	mov    rdi,rax
  405d66:	e8 bf 12 00 00       	call   40702a <_ZNKSt6vectorImSaImEE3endEv>
  405d6b:	48 89 c3             	mov    rbx,rax
  405d6e:	48 8b 45 c0          	mov    rax,QWORD PTR [rbp-0x40]
  405d72:	48 89 c7             	mov    rdi,rax
  405d75:	e8 8a 12 00 00       	call   407004 <_ZNKSt6vectorImSaImEE5beginEv>
  405d7a:	48 89 c2             	mov    rdx,rax
  405d7d:	48 8b 75 d8          	mov    rsi,QWORD PTR [rbp-0x28]
  405d81:	48 8b 45 c8          	mov    rax,QWORD PTR [rbp-0x38]
  405d85:	48 89 d9             	mov    rcx,rbx
  405d88:	48 89 c7             	mov    rdi,rax
  405d8b:	e8 6a 13 00 00       	call   4070fa <_ZNSt6vectorImSaImEE20_M_allocate_and_copyIN9__gnu_cxx17__normal_iteratorIPKmS1_EEEEPmmT_S9_>
  405d90:	48 89 45 d0          	mov    QWORD PTR [rbp-0x30],rax
  405d94:	48 8b 45 c8          	mov    rax,QWORD PTR [rbp-0x38]
  405d98:	48 89 c7             	mov    rdi,rax
  405d9b:	e8 50 02 00 00       	call   405ff0 <_ZNSt12_Vector_baseImSaImEE19_M_get_Tp_allocatorEv>
  405da0:	48 89 c2             	mov    rdx,rax
  405da3:	48 8b 45 c8          	mov    rax,QWORD PTR [rbp-0x38]
  405da7:	48 8b 48 08          	mov    rcx,QWORD PTR [rax+0x8]
  405dab:	48 8b 45 c8          	mov    rax,QWORD PTR [rbp-0x38]
  405daf:	48 8b 00             	mov    rax,QWORD PTR [rax]
  405db2:	48 89 ce             	mov    rsi,rcx
  405db5:	48 89 c7             	mov    rdi,rax
  405db8:	e8 41 02 00 00       	call   405ffe <_ZSt8_DestroyIPmmEvT_S1_RSaIT0_E>
  405dbd:	48 8b 45 c8          	mov    rax,QWORD PTR [rbp-0x38]
  405dc1:	48 8b 55 c8          	mov    rdx,QWORD PTR [rbp-0x38]
  405dc5:	48 8b 4a 10          	mov    rcx,QWORD PTR [rdx+0x10]
  405dc9:	48 8b 55 c8          	mov    rdx,QWORD PTR [rbp-0x38]
  405dcd:	48 8b 32             	mov    rsi,QWORD PTR [rdx]
  405dd0:	48 29 f1             	sub    rcx,rsi
  405dd3:	48 89 ca             	mov    rdx,rcx
  405dd6:	48 c1 fa 03          	sar    rdx,0x3
  405dda:	48 89 d6             	mov    rsi,rdx
  405ddd:	48 8b 55 c8          	mov    rdx,QWORD PTR [rbp-0x38]
  405de1:	48 8b 0a             	mov    rcx,QWORD PTR [rdx]
  405de4:	48 89 f2             	mov    rdx,rsi
  405de7:	48 89 ce             	mov    rsi,rcx
  405dea:	48 89 c7             	mov    rdi,rax
  405ded:	e8 c8 01 00 00       	call   405fba <_ZNSt12_Vector_baseImSaImEE13_M_deallocateEPmm>
  405df2:	48 8b 45 c8          	mov    rax,QWORD PTR [rbp-0x38]
  405df6:	48 8b 55 d0          	mov    rdx,QWORD PTR [rbp-0x30]
  405dfa:	48 89 10             	mov    QWORD PTR [rax],rdx
  405dfd:	48 8b 45 c8          	mov    rax,QWORD PTR [rbp-0x38]
  405e01:	48 8b 10             	mov    rdx,QWORD PTR [rax]
  405e04:	48 8b 45 d8          	mov    rax,QWORD PTR [rbp-0x28]
  405e08:	48 c1 e0 03          	shl    rax,0x3
  405e0c:	48 01 c2             	add    rdx,rax
  405e0f:	48 8b 45 c8          	mov    rax,QWORD PTR [rbp-0x38]
  405e13:	48 89 50 10          	mov    QWORD PTR [rax+0x10],rdx
  405e17:	e9 01 01 00 00       	jmp    405f1d <_ZNSt6vectorImSaImEEaSERKS1_+0x2eb>
  405e1c:	48 8b 45 c8          	mov    rax,QWORD PTR [rbp-0x38]
  405e20:	48 89 c7             	mov    rdi,rax
  405e23:	e8 9a fd ff ff       	call   405bc2 <_ZNKSt6vectorImSaImEE4sizeEv>
  405e28:	48 39 45 d8          	cmp    QWORD PTR [rbp-0x28],rax
  405e2c:	0f 96 c0             	setbe  al
  405e2f:	84 c0                	test   al,al
  405e31:	74 69                	je     405e9c <_ZNSt6vectorImSaImEEaSERKS1_+0x26a>
  405e33:	48 8b 45 c8          	mov    rax,QWORD PTR [rbp-0x38]
  405e37:	48 89 c7             	mov    rdi,rax
  405e3a:	e8 b1 01 00 00       	call   405ff0 <_ZNSt12_Vector_baseImSaImEE19_M_get_Tp_allocatorEv>
  405e3f:	49 89 c4             	mov    r12,rax
  405e42:	48 8b 45 c8          	mov    rax,QWORD PTR [rbp-0x38]
  405e46:	48 89 c7             	mov    rdi,rax
  405e49:	e8 86 f8 ff ff       	call   4056d4 <_ZNSt6vectorImSaImEE3endEv>
  405e4e:	48 89 c3             	mov    rbx,rax
  405e51:	48 8b 45 c8          	mov    rax,QWORD PTR [rbp-0x38]
  405e55:	48 89 c7             	mov    rdi,rax
  405e58:	e8 51 f8 ff ff       	call   4056ae <_ZNSt6vectorImSaImEE5beginEv>
  405e5d:	49 89 c6             	mov    r14,rax
  405e60:	48 8b 45 c0          	mov    rax,QWORD PTR [rbp-0x40]
  405e64:	48 89 c7             	mov    rdi,rax
  405e67:	e8 be 11 00 00       	call   40702a <_ZNKSt6vectorImSaImEE3endEv>
  405e6c:	49 89 c5             	mov    r13,rax
  405e6f:	48 8b 45 c0          	mov    rax,QWORD PTR [rbp-0x40]
  405e73:	48 89 c7             	mov    rdi,rax
  405e76:	e8 89 11 00 00       	call   407004 <_ZNKSt6vectorImSaImEE5beginEv>
  405e7b:	4c 89 f2             	mov    rdx,r14
  405e7e:	4c 89 ee             	mov    rsi,r13
  405e81:	48 89 c7             	mov    rdi,rax
  405e84:	e8 07 13 00 00       	call   407190 <_ZSt4copyIN9__gnu_cxx17__normal_iteratorIPKmSt6vectorImSaImEEEENS1_IPmS6_EEET0_T_SB_SA_>
  405e89:	4c 89 e2             	mov    rdx,r12
  405e8c:	48 89 de             	mov    rsi,rbx
  405e8f:	48 89 c7             	mov    rdi,rax
  405e92:	e8 44 13 00 00       	call   4071db <_ZSt8_DestroyIN9__gnu_cxx17__normal_iteratorIPmSt6vectorImSaImEEEEmEvT_S7_RSaIT0_E>
  405e97:	e9 81 00 00 00       	jmp    405f1d <_ZNSt6vectorImSaImEEaSERKS1_+0x2eb>
  405e9c:	48 8b 45 c8          	mov    rax,QWORD PTR [rbp-0x38]
  405ea0:	48 8b 18             	mov    rbx,QWORD PTR [rax]
  405ea3:	48 8b 45 c0          	mov    rax,QWORD PTR [rbp-0x40]
  405ea7:	4c 8b 20             	mov    r12,QWORD PTR [rax]
  405eaa:	48 8b 45 c8          	mov    rax,QWORD PTR [rbp-0x38]
  405eae:	48 89 c7             	mov    rdi,rax
  405eb1:	e8 0c fd ff ff       	call   405bc2 <_ZNKSt6vectorImSaImEE4sizeEv>
  405eb6:	48 c1 e0 03          	shl    rax,0x3
  405eba:	49 8d 0c 04          	lea    rcx,[r12+rax*1]
  405ebe:	48 8b 45 c0          	mov    rax,QWORD PTR [rbp-0x40]
  405ec2:	48 8b 00             	mov    rax,QWORD PTR [rax]
  405ec5:	48 89 da             	mov    rdx,rbx
  405ec8:	48 89 ce             	mov    rsi,rcx
  405ecb:	48 89 c7             	mov    rdi,rax
  405ece:	e8 32 13 00 00       	call   407205 <_ZSt4copyIPmS0_ET0_T_S2_S1_>
  405ed3:	48 8b 45 c8          	mov    rax,QWORD PTR [rbp-0x38]
  405ed7:	48 89 c7             	mov    rdi,rax
  405eda:	e8 11 01 00 00       	call   405ff0 <_ZNSt12_Vector_baseImSaImEE19_M_get_Tp_allocatorEv>
  405edf:	49 89 c5             	mov    r13,rax
  405ee2:	48 8b 45 c8          	mov    rax,QWORD PTR [rbp-0x38]
  405ee6:	4c 8b 60 08          	mov    r12,QWORD PTR [rax+0x8]
  405eea:	48 8b 45 c0          	mov    rax,QWORD PTR [rbp-0x40]
  405eee:	48 8b 58 08          	mov    rbx,QWORD PTR [rax+0x8]
  405ef2:	48 8b 45 c0          	mov    rax,QWORD PTR [rbp-0x40]
  405ef6:	4c 8b 30             	mov    r14,QWORD PTR [rax]
  405ef9:	48 8b 45 c8          	mov    rax,QWORD PTR [rbp-0x38]
  405efd:	48 89 c7             	mov    rdi,rax
  405f00:	e8 bd fc ff ff       	call   405bc2 <_ZNKSt6vectorImSaImEE4sizeEv>
  405f05:	48 c1 e0 03          	shl    rax,0x3
  405f09:	4c 01 f0             	add    rax,r14
  405f0c:	4c 89 e9             	mov    rcx,r13
  405f0f:	4c 89 e2             	mov    rdx,r12
  405f12:	48 89 de             	mov    rsi,rbx
  405f15:	48 89 c7             	mov    rdi,rax
  405f18:	e8 33 13 00 00       	call   407250 <_ZSt22__uninitialized_copy_aIPmS0_mET0_T_S2_S1_RSaIT1_E>
  405f1d:	48 8b 45 c8          	mov    rax,QWORD PTR [rbp-0x38]
  405f21:	48 8b 10             	mov    rdx,QWORD PTR [rax]
  405f24:	48 8b 45 d8          	mov    rax,QWORD PTR [rbp-0x28]
  405f28:	48 c1 e0 03          	shl    rax,0x3
  405f2c:	48 01 c2             	add    rdx,rax
  405f2f:	48 8b 45 c8          	mov    rax,QWORD PTR [rbp-0x38]
  405f33:	48 89 50 08          	mov    QWORD PTR [rax+0x8],rdx
  405f37:	48 8b 45 c8          	mov    rax,QWORD PTR [rbp-0x38]
  405f3b:	48 83 c4 20          	add    rsp,0x20
  405f3f:	5b                   	pop    rbx
  405f40:	41 5c                	pop    r12
  405f42:	41 5d                	pop    r13
  405f44:	41 5e                	pop    r14
  405f46:	5d                   	pop    rbp
  405f47:	c3                   	ret    

0000000000405f48 <_ZSt4findIN9__gnu_cxx17__normal_iteratorIPmSt6vectorImSaImEEEEmET_S7_S7_RKT0_>:
  405f48:	55                   	push   rbp
  405f49:	48 89 e5             	mov    rbp,rsp
  405f4c:	48 83 ec 20          	sub    rsp,0x20
  405f50:	48 89 7d f8          	mov    QWORD PTR [rbp-0x8],rdi
  405f54:	48 89 75 f0          	mov    QWORD PTR [rbp-0x10],rsi
  405f58:	48 89 55 e8          	mov    QWORD PTR [rbp-0x18],rdx
  405f5c:	48 8b 45 e8          	mov    rax,QWORD PTR [rbp-0x18]
  405f60:	48 89 c7             	mov    rdi,rax
  405f63:	e8 19 13 00 00       	call   407281 <_ZN9__gnu_cxx5__ops17__iter_equals_valIKmEENS0_16_Iter_equals_valIT_EERS4_>
  405f68:	48 89 c2             	mov    rdx,rax
  405f6b:	48 8b 4d f0          	mov    rcx,QWORD PTR [rbp-0x10]
  405f6f:	48 8b 45 f8          	mov    rax,QWORD PTR [rbp-0x8]
  405f73:	48 89 ce             	mov    rsi,rcx
  405f76:	48 89 c7             	mov    rdi,rax
  405f79:	e8 28 13 00 00       	call   4072a6 <_ZSt9__find_ifIN9__gnu_cxx17__normal_iteratorIPmSt6vectorImSaImEEEENS0_5__ops16_Iter_equals_valIKmEEET_SB_SB_T0_>
  405f7e:	c9                   	leave  
  405f7f:	c3                   	ret    

0000000000405f80 <_ZNSt12_Vector_baseImSaImEE17_Vector_impl_dataC1Ev>:
  405f80:	55                   	push   rbp
  405f81:	48 89 e5             	mov    rbp,rsp
  405f84:	48 89 7d f8          	mov    QWORD PTR [rbp-0x8],rdi
  405f88:	48 8b 45 f8          	mov    rax,QWORD PTR [rbp-0x8]
  405f8c:	48 c7 00 00 00 00 00 	mov    QWORD PTR [rax],0x0
  405f93:	48 8b 45 f8          	mov    rax,QWORD PTR [rbp-0x8]
  405f97:	48 c7 40 08 00 00 00 	mov    QWORD PTR [rax+0x8],0x0
  405f9e:	00 
  405f9f:	48 8b 45 f8          	mov    rax,QWORD PTR [rbp-0x8]
  405fa3:	48 c7 40 10 00 00 00 	mov    QWORD PTR [rax+0x10],0x0
  405faa:	00 
  405fab:	90                   	nop
  405fac:	5d                   	pop    rbp
  405fad:	c3                   	ret    

0000000000405fae <_ZN9__gnu_cxx13new_allocatorImED1Ev>:
  405fae:	55                   	push   rbp
  405faf:	48 89 e5             	mov    rbp,rsp
  405fb2:	48 89 7d f8          	mov    QWORD PTR [rbp-0x8],rdi
  405fb6:	90                   	nop
  405fb7:	5d                   	pop    rbp
  405fb8:	c3                   	ret    
  405fb9:	90                   	nop

0000000000405fba <_ZNSt12_Vector_baseImSaImEE13_M_deallocateEPmm>:
  405fba:	55                   	push   rbp
  405fbb:	48 89 e5             	mov    rbp,rsp
  405fbe:	48 83 ec 20          	sub    rsp,0x20
  405fc2:	48 89 7d f8          	mov    QWORD PTR [rbp-0x8],rdi
  405fc6:	48 89 75 f0          	mov    QWORD PTR [rbp-0x10],rsi
  405fca:	48 89 55 e8          	mov    QWORD PTR [rbp-0x18],rdx
  405fce:	48 83 7d f0 00       	cmp    QWORD PTR [rbp-0x10],0x0
  405fd3:	74 17                	je     405fec <_ZNSt12_Vector_baseImSaImEE13_M_deallocateEPmm+0x32>
  405fd5:	48 8b 45 f8          	mov    rax,QWORD PTR [rbp-0x8]
  405fd9:	48 8b 55 e8          	mov    rdx,QWORD PTR [rbp-0x18]
  405fdd:	48 8b 4d f0          	mov    rcx,QWORD PTR [rbp-0x10]
  405fe1:	48 89 ce             	mov    rsi,rcx
  405fe4:	48 89 c7             	mov    rdi,rax
  405fe7:	e8 f3 12 00 00       	call   4072df <_ZNSt16allocator_traitsISaImEE10deallocateERS0_Pmm>
  405fec:	90                   	nop
  405fed:	c9                   	leave  
  405fee:	c3                   	ret    
  405fef:	90                   	nop

0000000000405ff0 <_ZNSt12_Vector_baseImSaImEE19_M_get_Tp_allocatorEv>:
  405ff0:	55                   	push   rbp
  405ff1:	48 89 e5             	mov    rbp,rsp
  405ff4:	48 89 7d f8          	mov    QWORD PTR [rbp-0x8],rdi
  405ff8:	48 8b 45 f8          	mov    rax,QWORD PTR [rbp-0x8]
  405ffc:	5d                   	pop    rbp
  405ffd:	c3                   	ret    

0000000000405ffe <_ZSt8_DestroyIPmmEvT_S1_RSaIT0_E>:
  405ffe:	55                   	push   rbp
  405fff:	48 89 e5             	mov    rbp,rsp
  406002:	48 83 ec 20          	sub    rsp,0x20
  406006:	48 89 7d f8          	mov    QWORD PTR [rbp-0x8],rdi
  40600a:	48 89 75 f0          	mov    QWORD PTR [rbp-0x10],rsi
  40600e:	48 89 55 e8          	mov    QWORD PTR [rbp-0x18],rdx
  406012:	48 8b 55 f0          	mov    rdx,QWORD PTR [rbp-0x10]
  406016:	48 8b 45 f8          	mov    rax,QWORD PTR [rbp-0x8]
  40601a:	48 89 d6             	mov    rsi,rdx
  40601d:	48 89 c7             	mov    rdi,rax
  406020:	e8 e8 12 00 00       	call   40730d <_ZSt8_DestroyIPmEvT_S1_>
  406025:	90                   	nop
  406026:	c9                   	leave  
  406027:	c3                   	ret    

0000000000406028 <_ZSt4moveIRmEONSt16remove_referenceIT_E4typeEOS2_>:
  406028:	55                   	push   rbp
  406029:	48 89 e5             	mov    rbp,rsp
  40602c:	48 89 7d f8          	mov    QWORD PTR [rbp-0x8],rdi
  406030:	48 8b 45 f8          	mov    rax,QWORD PTR [rbp-0x8]
  406034:	5d                   	pop    rbp
  406035:	c3                   	ret    

0000000000406036 <_ZNSt6vectorImSaImEE12emplace_backIJmEEEvDpOT_>:
  406036:	55                   	push   rbp
  406037:	48 89 e5             	mov    rbp,rsp
  40603a:	53                   	push   rbx
  40603b:	48 83 ec 18          	sub    rsp,0x18
  40603f:	48 89 7d e8          	mov    QWORD PTR [rbp-0x18],rdi
  406043:	48 89 75 e0          	mov    QWORD PTR [rbp-0x20],rsi
  406047:	48 8b 45 e8          	mov    rax,QWORD PTR [rbp-0x18]
  40604b:	48 8b 50 08          	mov    rdx,QWORD PTR [rax+0x8]
  40604f:	48 8b 45 e8          	mov    rax,QWORD PTR [rbp-0x18]
  406053:	48 8b 40 10          	mov    rax,QWORD PTR [rax+0x10]
  406057:	48 39 c2             	cmp    rdx,rax
  40605a:	74 3c                	je     406098 <_ZNSt6vectorImSaImEE12emplace_backIJmEEEvDpOT_+0x62>
  40605c:	48 8b 45 e0          	mov    rax,QWORD PTR [rbp-0x20]
  406060:	48 89 c7             	mov    rdi,rax
  406063:	e8 cb 12 00 00       	call   407333 <_ZSt7forwardImEOT_RNSt16remove_referenceIS0_E4typeE>
  406068:	48 89 c2             	mov    rdx,rax
  40606b:	48 8b 45 e8          	mov    rax,QWORD PTR [rbp-0x18]
  40606f:	48 8b 48 08          	mov    rcx,QWORD PTR [rax+0x8]
  406073:	48 8b 45 e8          	mov    rax,QWORD PTR [rbp-0x18]
  406077:	48 89 ce             	mov    rsi,rcx
  40607a:	48 89 c7             	mov    rdi,rax
  40607d:	e8 bf 12 00 00       	call   407341 <_ZNSt16allocator_traitsISaImEE9constructImJmEEEvRS0_PT_DpOT0_>
  406082:	48 8b 45 e8          	mov    rax,QWORD PTR [rbp-0x18]
  406086:	48 8b 40 08          	mov    rax,QWORD PTR [rax+0x8]
  40608a:	48 8d 50 08          	lea    rdx,[rax+0x8]
  40608e:	48 8b 45 e8          	mov    rax,QWORD PTR [rbp-0x18]
  406092:	48 89 50 08          	mov    QWORD PTR [rax+0x8],rdx
  406096:	eb 30                	jmp    4060c8 <_ZNSt6vectorImSaImEE12emplace_backIJmEEEvDpOT_+0x92>
  406098:	48 8b 45 e0          	mov    rax,QWORD PTR [rbp-0x20]
  40609c:	48 89 c7             	mov    rdi,rax
  40609f:	e8 8f 12 00 00       	call   407333 <_ZSt7forwardImEOT_RNSt16remove_referenceIS0_E4typeE>
  4060a4:	48 89 c3             	mov    rbx,rax
  4060a7:	48 8b 45 e8          	mov    rax,QWORD PTR [rbp-0x18]
  4060ab:	48 89 c7             	mov    rdi,rax
  4060ae:	e8 21 f6 ff ff       	call   4056d4 <_ZNSt6vectorImSaImEE3endEv>
  4060b3:	48 89 c1             	mov    rcx,rax
  4060b6:	48 8b 45 e8          	mov    rax,QWORD PTR [rbp-0x18]
  4060ba:	48 89 da             	mov    rdx,rbx
  4060bd:	48 89 ce             	mov    rsi,rcx
  4060c0:	48 89 c7             	mov    rdi,rax
  4060c3:	e8 b2 12 00 00       	call   40737a <_ZNSt6vectorImSaImEE17_M_realloc_insertIJmEEEvN9__gnu_cxx17__normal_iteratorIPmS1_EEDpOT_>
  4060c8:	90                   	nop
  4060c9:	48 8b 5d f8          	mov    rbx,QWORD PTR [rbp-0x8]
  4060cd:	c9                   	leave  
  4060ce:	c3                   	ret    
  4060cf:	90                   	nop

00000000004060d0 <_ZNSaImEC1ERKS_>:
  4060d0:	55                   	push   rbp
  4060d1:	48 89 e5             	mov    rbp,rsp
  4060d4:	48 83 ec 10          	sub    rsp,0x10
  4060d8:	48 89 7d f8          	mov    QWORD PTR [rbp-0x8],rdi
  4060dc:	48 89 75 f0          	mov    QWORD PTR [rbp-0x10],rsi
  4060e0:	48 8b 55 f0          	mov    rdx,QWORD PTR [rbp-0x10]
  4060e4:	48 8b 45 f8          	mov    rax,QWORD PTR [rbp-0x8]
  4060e8:	48 89 d6             	mov    rsi,rdx
  4060eb:	48 89 c7             	mov    rdi,rax
  4060ee:	e8 47 15 00 00       	call   40763a <_ZN9__gnu_cxx13new_allocatorImEC1ERKS1_>
  4060f3:	90                   	nop
  4060f4:	c9                   	leave  
  4060f5:	c3                   	ret    

00000000004060f6 <_ZSt4moveIRSt6vectorImSaImEEEONSt16remove_referenceIT_E4typeEOS5_>:
  4060f6:	55                   	push   rbp
  4060f7:	48 89 e5             	mov    rbp,rsp
  4060fa:	48 89 7d f8          	mov    QWORD PTR [rbp-0x8],rdi
  4060fe:	48 8b 45 f8          	mov    rax,QWORD PTR [rbp-0x8]
  406102:	5d                   	pop    rbp
  406103:	c3                   	ret    

0000000000406104 <_ZNSt6vectorImSaImEE14_M_move_assignEOS1_St17integral_constantIbLb1EE>:
  406104:	55                   	push   rbp
  406105:	48 89 e5             	mov    rbp,rsp
  406108:	53                   	push   rbx
  406109:	48 83 ec 38          	sub    rsp,0x38
  40610d:	48 89 7d c8          	mov    QWORD PTR [rbp-0x38],rdi
  406111:	48 89 75 c0          	mov    QWORD PTR [rbp-0x40],rsi
  406115:	48 8b 55 c8          	mov    rdx,QWORD PTR [rbp-0x38]
  406119:	48 8d 45 ef          	lea    rax,[rbp-0x11]
  40611d:	48 89 d6             	mov    rsi,rdx
  406120:	48 89 c7             	mov    rdi,rax
  406123:	e8 22 15 00 00       	call   40764a <_ZNKSt12_Vector_baseImSaImEE13get_allocatorEv>
  406128:	48 8d 55 ef          	lea    rdx,[rbp-0x11]
  40612c:	48 8d 45 d0          	lea    rax,[rbp-0x30]
  406130:	48 89 d6             	mov    rsi,rdx
  406133:	48 89 c7             	mov    rdi,rax
  406136:	e8 43 15 00 00       	call   40767e <_ZNSt6vectorImSaImEEC1ERKS0_>
  40613b:	48 8d 45 ef          	lea    rax,[rbp-0x11]
  40613f:	48 89 c7             	mov    rdi,rax
  406142:	e8 4d f3 ff ff       	call   405494 <_ZNSaImED1Ev>
  406147:	48 8b 45 c8          	mov    rax,QWORD PTR [rbp-0x38]
  40614b:	48 8b 55 c0          	mov    rdx,QWORD PTR [rbp-0x40]
  40614f:	48 89 d6             	mov    rsi,rdx
  406152:	48 89 c7             	mov    rdi,rax
  406155:	e8 4a 15 00 00       	call   4076a4 <_ZNSt12_Vector_baseImSaImEE17_Vector_impl_data12_M_swap_dataERS2_>
  40615a:	48 8b 55 c0          	mov    rdx,QWORD PTR [rbp-0x40]
  40615e:	48 8d 45 d0          	lea    rax,[rbp-0x30]
  406162:	48 89 d6             	mov    rsi,rdx
  406165:	48 89 c7             	mov    rdi,rax
  406168:	e8 37 15 00 00       	call   4076a4 <_ZNSt12_Vector_baseImSaImEE17_Vector_impl_data12_M_swap_dataERS2_>
  40616d:	48 8b 45 c0          	mov    rax,QWORD PTR [rbp-0x40]
  406171:	48 89 c7             	mov    rdi,rax
  406174:	e8 77 fe ff ff       	call   405ff0 <_ZNSt12_Vector_baseImSaImEE19_M_get_Tp_allocatorEv>
  406179:	48 89 c3             	mov    rbx,rax
  40617c:	48 8b 45 c8          	mov    rax,QWORD PTR [rbp-0x38]
  406180:	48 89 c7             	mov    rdi,rax
  406183:	e8 68 fe ff ff       	call   405ff0 <_ZNSt12_Vector_baseImSaImEE19_M_get_Tp_allocatorEv>
  406188:	48 89 de             	mov    rsi,rbx
  40618b:	48 89 c7             	mov    rdi,rax
  40618e:	e8 69 15 00 00       	call   4076fc <_ZSt15__alloc_on_moveISaImEEvRT_S2_>
  406193:	48 8d 45 d0          	lea    rax,[rbp-0x30]
  406197:	48 89 c7             	mov    rdi,rax
  40619a:	e8 5f f3 ff ff       	call   4054fe <_ZNSt6vectorImSaImEED1Ev>
  40619f:	48 8b 5d f8          	mov    rbx,QWORD PTR [rbp-0x8]
  4061a3:	c9                   	leave  
  4061a4:	c3                   	ret    
  4061a5:	90                   	nop

00000000004061a6 <_ZN9__gnu_cxx13new_allocatorImEC1Ev>:
  4061a6:	55                   	push   rbp
  4061a7:	48 89 e5             	mov    rbp,rsp
  4061aa:	48 89 7d f8          	mov    QWORD PTR [rbp-0x8],rdi
  4061ae:	90                   	nop
  4061af:	5d                   	pop    rbp
  4061b0:	c3                   	ret    

00000000004061b1 <_ZNSt6vectorImSaImEE17_S_check_init_lenEmRKS0_>:
  4061b1:	55                   	push   rbp
  4061b2:	48 89 e5             	mov    rbp,rsp
  4061b5:	53                   	push   rbx
  4061b6:	48 83 ec 28          	sub    rsp,0x28
  4061ba:	48 89 7d d8          	mov    QWORD PTR [rbp-0x28],rdi
  4061be:	48 89 75 d0          	mov    QWORD PTR [rbp-0x30],rsi
  4061c2:	48 8b 55 d0          	mov    rdx,QWORD PTR [rbp-0x30]
  4061c6:	48 8d 45 ef          	lea    rax,[rbp-0x11]
  4061ca:	48 89 d6             	mov    rsi,rdx
  4061cd:	48 89 c7             	mov    rdi,rax
  4061d0:	e8 fb fe ff ff       	call   4060d0 <_ZNSaImEC1ERKS_>
  4061d5:	48 8d 45 ef          	lea    rax,[rbp-0x11]
  4061d9:	48 89 c7             	mov    rdi,rax
  4061dc:	e8 41 15 00 00       	call   407722 <_ZNSt6vectorImSaImEE11_S_max_sizeERKS0_>
  4061e1:	48 39 45 d8          	cmp    QWORD PTR [rbp-0x28],rax
  4061e5:	0f 97 c3             	seta   bl
  4061e8:	48 8d 45 ef          	lea    rax,[rbp-0x11]
  4061ec:	48 89 c7             	mov    rdi,rax
  4061ef:	e8 a0 f2 ff ff       	call   405494 <_ZNSaImED1Ev>
  4061f4:	84 db                	test   bl,bl
  4061f6:	74 0a                	je     406202 <_ZNSt6vectorImSaImEE17_S_check_init_lenEmRKS0_+0x51>
  4061f8:	bf 70 a5 40 00       	mov    edi,0x40a570
  4061fd:	e8 ee be ff ff       	call   4020f0 <_ZSt20__throw_length_errorPKc@plt>
  406202:	48 8b 45 d8          	mov    rax,QWORD PTR [rbp-0x28]
  406206:	48 8b 5d f8          	mov    rbx,QWORD PTR [rbp-0x8]
  40620a:	c9                   	leave  
  40620b:	c3                   	ret    

000000000040620c <_ZNSt12_Vector_baseImSaImEEC1EmRKS0_>:
  40620c:	55                   	push   rbp
  40620d:	48 89 e5             	mov    rbp,rsp
  406210:	53                   	push   rbx
  406211:	48 83 ec 28          	sub    rsp,0x28
  406215:	48 89 7d e8          	mov    QWORD PTR [rbp-0x18],rdi
  406219:	48 89 75 e0          	mov    QWORD PTR [rbp-0x20],rsi
  40621d:	48 89 55 d8          	mov    QWORD PTR [rbp-0x28],rdx
  406221:	48 8b 45 e8          	mov    rax,QWORD PTR [rbp-0x18]
  406225:	48 8b 55 d8          	mov    rdx,QWORD PTR [rbp-0x28]
  406229:	48 89 d6             	mov    rsi,rdx
  40622c:	48 89 c7             	mov    rdi,rax
  40622f:	e8 30 15 00 00       	call   407764 <_ZNSt12_Vector_baseImSaImEE12_Vector_implC1ERKS0_>
  406234:	48 8b 55 e0          	mov    rdx,QWORD PTR [rbp-0x20]
  406238:	48 8b 45 e8          	mov    rax,QWORD PTR [rbp-0x18]
  40623c:	48 89 d6             	mov    rsi,rdx
  40623f:	48 89 c7             	mov    rdi,rax
  406242:	e8 4f 15 00 00       	call   407796 <_ZNSt12_Vector_baseImSaImEE17_M_create_storageEm>
  406247:	eb 1a                	jmp    406263 <_ZNSt12_Vector_baseImSaImEEC1EmRKS0_+0x57>
  406249:	48 89 c3             	mov    rbx,rax
  40624c:	48 8b 45 e8          	mov    rax,QWORD PTR [rbp-0x18]
  406250:	48 89 c7             	mov    rdi,rax
  406253:	e8 ea ef ff ff       	call   405242 <_ZNSt12_Vector_baseImSaImEE12_Vector_implD1Ev>
  406258:	48 89 d8             	mov    rax,rbx
  40625b:	48 89 c7             	mov    rdi,rax
  40625e:	e8 2d c1 ff ff       	call   402390 <_Unwind_Resume@plt>
  406263:	48 8b 5d f8          	mov    rbx,QWORD PTR [rbp-0x8]
  406267:	c9                   	leave  
  406268:	c3                   	ret    
  406269:	90                   	nop

000000000040626a <_ZNSt6vectorImSaImEE21_M_default_initializeEm>:
  40626a:	55                   	push   rbp
  40626b:	48 89 e5             	mov    rbp,rsp
  40626e:	48 83 ec 10          	sub    rsp,0x10
  406272:	48 89 7d f8          	mov    QWORD PTR [rbp-0x8],rdi
  406276:	48 89 75 f0          	mov    QWORD PTR [rbp-0x10],rsi
  40627a:	48 8b 45 f8          	mov    rax,QWORD PTR [rbp-0x8]
  40627e:	48 89 c7             	mov    rdi,rax
  406281:	e8 6a fd ff ff       	call   405ff0 <_ZNSt12_Vector_baseImSaImEE19_M_get_Tp_allocatorEv>
  406286:	48 89 c2             	mov    rdx,rax
  406289:	48 8b 45 f8          	mov    rax,QWORD PTR [rbp-0x8]
  40628d:	48 8b 00             	mov    rax,QWORD PTR [rax]
  406290:	48 8b 4d f0          	mov    rcx,QWORD PTR [rbp-0x10]
  406294:	48 89 ce             	mov    rsi,rcx
  406297:	48 89 c7             	mov    rdi,rax
  40629a:	e8 4d 15 00 00       	call   4077ec <_ZSt27__uninitialized_default_n_aIPmmmET_S1_T0_RSaIT1_E>
  40629f:	48 8b 55 f8          	mov    rdx,QWORD PTR [rbp-0x8]
  4062a3:	48 89 42 08          	mov    QWORD PTR [rdx+0x8],rax
  4062a7:	90                   	nop
  4062a8:	c9                   	leave  
  4062a9:	c3                   	ret    

00000000004062aa <_ZNSt23mersenne_twister_engineImLm32ELm624ELm397ELm31ELm2567483615ELm11ELm4294967295ELm7ELm2636928640ELm15ELm4022730752ELm18ELm1812433253EE4seedEm>:
  4062aa:	55                   	push   rbp
  4062ab:	48 89 e5             	mov    rbp,rsp
  4062ae:	48 83 ec 20          	sub    rsp,0x20
  4062b2:	48 89 7d e8          	mov    QWORD PTR [rbp-0x18],rdi
  4062b6:	48 89 75 e0          	mov    QWORD PTR [rbp-0x20],rsi
  4062ba:	48 8b 45 e0          	mov    rax,QWORD PTR [rbp-0x20]
  4062be:	48 89 c7             	mov    rdi,rax
  4062c1:	e8 4f 15 00 00       	call   407815 <_ZNSt8__detail5__modImLm4294967296ELm1ELm0EEET_S1_>
  4062c6:	48 8b 55 e8          	mov    rdx,QWORD PTR [rbp-0x18]
  4062ca:	48 89 02             	mov    QWORD PTR [rdx],rax
  4062cd:	48 c7 45 f8 01 00 00 	mov    QWORD PTR [rbp-0x8],0x1
  4062d4:	00 
  4062d5:	eb 5c                	jmp    406333 <_ZNSt23mersenne_twister_engineImLm32ELm624ELm397ELm31ELm2567483615ELm11ELm4294967295ELm7ELm2636928640ELm15ELm4022730752ELm18ELm1812433253EE4seedEm+0x89>
  4062d7:	48 8b 45 f8          	mov    rax,QWORD PTR [rbp-0x8]
  4062db:	48 8d 50 ff          	lea    rdx,[rax-0x1]
  4062df:	48 8b 45 e8          	mov    rax,QWORD PTR [rbp-0x18]
  4062e3:	48 8b 04 d0          	mov    rax,QWORD PTR [rax+rdx*8]
  4062e7:	48 89 45 f0          	mov    QWORD PTR [rbp-0x10],rax
  4062eb:	48 8b 45 f0          	mov    rax,QWORD PTR [rbp-0x10]
  4062ef:	48 c1 e8 1e          	shr    rax,0x1e
  4062f3:	48 31 45 f0          	xor    QWORD PTR [rbp-0x10],rax
  4062f7:	48 8b 45 f0          	mov    rax,QWORD PTR [rbp-0x10]
  4062fb:	48 69 c0 65 89 07 6c 	imul   rax,rax,0x6c078965
  406302:	48 89 45 f0          	mov    QWORD PTR [rbp-0x10],rax
  406306:	48 8b 45 f8          	mov    rax,QWORD PTR [rbp-0x8]
  40630a:	48 89 c7             	mov    rdi,rax
  40630d:	e8 26 15 00 00       	call   407838 <_ZNSt8__detail5__modImLm624ELm1ELm0EEET_S1_>
  406312:	48 01 45 f0          	add    QWORD PTR [rbp-0x10],rax
  406316:	48 8b 45 f0          	mov    rax,QWORD PTR [rbp-0x10]
  40631a:	48 89 c7             	mov    rdi,rax
  40631d:	e8 f3 14 00 00       	call   407815 <_ZNSt8__detail5__modImLm4294967296ELm1ELm0EEET_S1_>
  406322:	48 8b 55 e8          	mov    rdx,QWORD PTR [rbp-0x18]
  406326:	48 8b 4d f8          	mov    rcx,QWORD PTR [rbp-0x8]
  40632a:	48 89 04 ca          	mov    QWORD PTR [rdx+rcx*8],rax
  40632e:	48 83 45 f8 01       	add    QWORD PTR [rbp-0x8],0x1
  406333:	48 81 7d f8 6f 02 00 	cmp    QWORD PTR [rbp-0x8],0x26f
  40633a:	00 
  40633b:	76 9a                	jbe    4062d7 <_ZNSt23mersenne_twister_engineImLm32ELm624ELm397ELm31ELm2567483615ELm11ELm4294967295ELm7ELm2636928640ELm15ELm4022730752ELm18ELm1812433253EE4seedEm+0x2d>
  40633d:	48 8b 45 e8          	mov    rax,QWORD PTR [rbp-0x18]
  406341:	48 c7 80 80 13 00 00 	mov    QWORD PTR [rax+0x1380],0x270
  406348:	70 02 00 00 
  40634c:	90                   	nop
  40634d:	c9                   	leave  
  40634e:	c3                   	ret    
  40634f:	90                   	nop

0000000000406350 <_ZN9__gnu_cxx17__normal_iteratorIPmSt6vectorImSaImEEEC1ERKS1_>:
  406350:	55                   	push   rbp
  406351:	48 89 e5             	mov    rbp,rsp
  406354:	48 89 7d f8          	mov    QWORD PTR [rbp-0x8],rdi
  406358:	48 89 75 f0          	mov    QWORD PTR [rbp-0x10],rsi
  40635c:	48 8b 45 f0          	mov    rax,QWORD PTR [rbp-0x10]
  406360:	48 8b 10             	mov    rdx,QWORD PTR [rax]
  406363:	48 8b 45 f8          	mov    rax,QWORD PTR [rbp-0x8]
  406367:	48 89 10             	mov    QWORD PTR [rax],rdx
  40636a:	90                   	nop
  40636b:	5d                   	pop    rbp
  40636c:	c3                   	ret    

000000000040636d <_ZN9__gnu_cxxeqIPmSt6vectorImSaImEEEEbRKNS_17__normal_iteratorIT_T0_EESA_>:
  40636d:	55                   	push   rbp
  40636e:	48 89 e5             	mov    rbp,rsp
  406371:	53                   	push   rbx
  406372:	48 83 ec 18          	sub    rsp,0x18
  406376:	48 89 7d e8          	mov    QWORD PTR [rbp-0x18],rdi
  40637a:	48 89 75 e0          	mov    QWORD PTR [rbp-0x20],rsi
  40637e:	48 8b 45 e8          	mov    rax,QWORD PTR [rbp-0x18]
  406382:	48 89 c7             	mov    rdi,rax
  406385:	e8 6c 0c 00 00       	call   406ff6 <_ZNK9__gnu_cxx17__normal_iteratorIPmSt6vectorImSaImEEE4baseEv>
  40638a:	48 8b 18             	mov    rbx,QWORD PTR [rax]
  40638d:	48 8b 45 e0          	mov    rax,QWORD PTR [rbp-0x20]
  406391:	48 89 c7             	mov    rdi,rax
  406394:	e8 5d 0c 00 00       	call   406ff6 <_ZNK9__gnu_cxx17__normal_iteratorIPmSt6vectorImSaImEEE4baseEv>
  406399:	48 8b 00             	mov    rax,QWORD PTR [rax]
  40639c:	48 39 c3             	cmp    rbx,rax
  40639f:	0f 94 c0             	sete   al
  4063a2:	48 8b 5d f8          	mov    rbx,QWORD PTR [rbp-0x8]
  4063a6:	c9                   	leave  
  4063a7:	c3                   	ret    

00000000004063a8 <_ZN9__gnu_cxxmiIPmSt6vectorImSaImEEEENS_17__normal_iteratorIT_T0_E15difference_typeERKS8_SB_>:
  4063a8:	55                   	push   rbp
  4063a9:	48 89 e5             	mov    rbp,rsp
  4063ac:	53                   	push   rbx
  4063ad:	48 83 ec 18          	sub    rsp,0x18
  4063b1:	48 89 7d e8          	mov    QWORD PTR [rbp-0x18],rdi
  4063b5:	48 89 75 e0          	mov    QWORD PTR [rbp-0x20],rsi
  4063b9:	48 8b 45 e8          	mov    rax,QWORD PTR [rbp-0x18]
  4063bd:	48 89 c7             	mov    rdi,rax
  4063c0:	e8 31 0c 00 00       	call   406ff6 <_ZNK9__gnu_cxx17__normal_iteratorIPmSt6vectorImSaImEEE4baseEv>
  4063c5:	48 8b 18             	mov    rbx,QWORD PTR [rax]
  4063c8:	48 8b 45 e0          	mov    rax,QWORD PTR [rbp-0x20]
  4063cc:	48 89 c7             	mov    rdi,rax
  4063cf:	e8 22 0c 00 00       	call   406ff6 <_ZNK9__gnu_cxx17__normal_iteratorIPmSt6vectorImSaImEEE4baseEv>
  4063d4:	48 8b 10             	mov    rdx,QWORD PTR [rax]
  4063d7:	48 89 d8             	mov    rax,rbx
  4063da:	48 29 d0             	sub    rax,rdx
  4063dd:	48 c1 f8 03          	sar    rax,0x3
  4063e1:	48 8b 5d f8          	mov    rbx,QWORD PTR [rbp-0x8]
  4063e5:	c9                   	leave  
  4063e6:	c3                   	ret    
  4063e7:	90                   	nop

00000000004063e8 <_ZNK9__gnu_cxx17__normal_iteratorIPmSt6vectorImSaImEEEplEl>:
  4063e8:	55                   	push   rbp
  4063e9:	48 89 e5             	mov    rbp,rsp
  4063ec:	48 83 ec 20          	sub    rsp,0x20
  4063f0:	48 89 7d e8          	mov    QWORD PTR [rbp-0x18],rdi
  4063f4:	48 89 75 e0          	mov    QWORD PTR [rbp-0x20],rsi
  4063f8:	48 8b 45 e8          	mov    rax,QWORD PTR [rbp-0x18]
  4063fc:	48 8b 10             	mov    rdx,QWORD PTR [rax]
  4063ff:	48 8b 45 e0          	mov    rax,QWORD PTR [rbp-0x20]
  406403:	48 c1 e0 03          	shl    rax,0x3
  406407:	48 01 d0             	add    rax,rdx
  40640a:	48 89 45 f8          	mov    QWORD PTR [rbp-0x8],rax
  40640e:	48 8d 55 f8          	lea    rdx,[rbp-0x8]
  406412:	48 8d 45 f0          	lea    rax,[rbp-0x10]
  406416:	48 89 d6             	mov    rsi,rdx
  406419:	48 89 c7             	mov    rdi,rax
  40641c:	e8 2f ff ff ff       	call   406350 <_ZN9__gnu_cxx17__normal_iteratorIPmSt6vectorImSaImEEEC1ERKS1_>
  406421:	48 8b 45 f0          	mov    rax,QWORD PTR [rbp-0x10]
  406425:	c9                   	leave  
  406426:	c3                   	ret    
  406427:	90                   	nop

0000000000406428 <_ZNSt24uniform_int_distributionImEC1Emm>:
  406428:	55                   	push   rbp
  406429:	48 89 e5             	mov    rbp,rsp
  40642c:	48 83 ec 20          	sub    rsp,0x20
  406430:	48 89 7d f8          	mov    QWORD PTR [rbp-0x8],rdi
  406434:	48 89 75 f0          	mov    QWORD PTR [rbp-0x10],rsi
  406438:	48 89 55 e8          	mov    QWORD PTR [rbp-0x18],rdx
  40643c:	48 8b 45 f8          	mov    rax,QWORD PTR [rbp-0x8]
  406440:	48 8b 55 e8          	mov    rdx,QWORD PTR [rbp-0x18]
  406444:	48 8b 4d f0          	mov    rcx,QWORD PTR [rbp-0x10]
  406448:	48 89 ce             	mov    rsi,rcx
  40644b:	48 89 c7             	mov    rdi,rax
  40644e:	e8 53 01 00 00       	call   4065a6 <_ZNSt24uniform_int_distributionImE10param_typeC1Emm>
  406453:	90                   	nop
  406454:	c9                   	leave  
  406455:	c3                   	ret    

0000000000406456 <_ZN9__gnu_cxx17__normal_iteratorIPmSt6vectorImSaImEEEppEi>:
  406456:	55                   	push   rbp
  406457:	48 89 e5             	mov    rbp,rsp
  40645a:	48 83 ec 20          	sub    rsp,0x20
  40645e:	48 89 7d e8          	mov    QWORD PTR [rbp-0x18],rdi
  406462:	89 75 e4             	mov    DWORD PTR [rbp-0x1c],esi
  406465:	48 8b 45 e8          	mov    rax,QWORD PTR [rbp-0x18]
  406469:	48 8b 00             	mov    rax,QWORD PTR [rax]
  40646c:	48 8d 48 08          	lea    rcx,[rax+0x8]
  406470:	48 8b 55 e8          	mov    rdx,QWORD PTR [rbp-0x18]
  406474:	48 89 0a             	mov    QWORD PTR [rdx],rcx
  406477:	48 89 45 f8          	mov    QWORD PTR [rbp-0x8],rax
  40647b:	48 8d 55 f8          	lea    rdx,[rbp-0x8]
  40647f:	48 8d 45 f0          	lea    rax,[rbp-0x10]
  406483:	48 89 d6             	mov    rsi,rdx
  406486:	48 89 c7             	mov    rdi,rax
  406489:	e8 c2 fe ff ff       	call   406350 <_ZN9__gnu_cxx17__normal_iteratorIPmSt6vectorImSaImEEEC1ERKS1_>
  40648e:	48 8b 45 f0          	mov    rax,QWORD PTR [rbp-0x10]
  406492:	c9                   	leave  
  406493:	c3                   	ret    

0000000000406494 <_ZNSt24uniform_int_distributionImEclISt23mersenne_twister_engineImLm32ELm624ELm397ELm31ELm2567483615ELm11ELm4294967295ELm7ELm2636928640ELm15ELm4022730752ELm18ELm1812433253EEEEmRT_>:
  406494:	55                   	push   rbp
  406495:	48 89 e5             	mov    rbp,rsp
  406498:	48 83 ec 10          	sub    rsp,0x10
  40649c:	48 89 7d f8          	mov    QWORD PTR [rbp-0x8],rdi
  4064a0:	48 89 75 f0          	mov    QWORD PTR [rbp-0x10],rsi
  4064a4:	48 8b 55 f8          	mov    rdx,QWORD PTR [rbp-0x8]
  4064a8:	48 8b 4d f0          	mov    rcx,QWORD PTR [rbp-0x10]
  4064ac:	48 8b 45 f8          	mov    rax,QWORD PTR [rbp-0x8]
  4064b0:	48 89 ce             	mov    rsi,rcx
  4064b3:	48 89 c7             	mov    rdi,rax
  4064b6:	e8 15 01 00 00       	call   4065d0 <_ZNSt24uniform_int_distributionImEclISt23mersenne_twister_engineImLm32ELm624ELm397ELm31ELm2567483615ELm11ELm4294967295ELm7ELm2636928640ELm15ELm4022730752ELm18ELm1812433253EEEEmRT_RKNS0_10param_typeE>
  4064bb:	c9                   	leave  
  4064bc:	c3                   	ret    

00000000004064bd <_ZSt9iter_swapIN9__gnu_cxx17__normal_iteratorIPmSt6vectorImSaImEEEES6_EvT_T0_>:
  4064bd:	55                   	push   rbp
  4064be:	48 89 e5             	mov    rbp,rsp
  4064c1:	53                   	push   rbx
  4064c2:	48 83 ec 18          	sub    rsp,0x18
  4064c6:	48 89 7d e8          	mov    QWORD PTR [rbp-0x18],rdi
  4064ca:	48 89 75 e0          	mov    QWORD PTR [rbp-0x20],rsi
  4064ce:	48 8d 45 e0          	lea    rax,[rbp-0x20]
  4064d2:	48 89 c7             	mov    rdi,rax
  4064d5:	e8 d6 f6 ff ff       	call   405bb0 <_ZNK9__gnu_cxx17__normal_iteratorIPmSt6vectorImSaImEEEdeEv>
  4064da:	48 89 c3             	mov    rbx,rax
  4064dd:	48 8d 45 e8          	lea    rax,[rbp-0x18]
  4064e1:	48 89 c7             	mov    rdi,rax
  4064e4:	e8 c7 f6 ff ff       	call   405bb0 <_ZNK9__gnu_cxx17__normal_iteratorIPmSt6vectorImSaImEEEdeEv>
  4064e9:	48 89 de             	mov    rsi,rbx
  4064ec:	48 89 c7             	mov    rdi,rax
  4064ef:	e8 67 13 00 00       	call   40785b <_ZSt4swapImENSt9enable_ifIXsrSt6__and_IJSt6__not_ISt15__is_tuple_likeIT_EESt21is_move_constructibleIS4_ESt18is_move_assignableIS4_EEE5valueEvE4typeERS4_SE_>
  4064f4:	90                   	nop
  4064f5:	48 8b 5d f8          	mov    rbx,QWORD PTR [rbp-0x8]
  4064f9:	c9                   	leave  
  4064fa:	c3                   	ret    

00000000004064fb <_ZSt22__gen_two_uniform_intsImRSt23mersenne_twister_engineImLm32ELm624ELm397ELm31ELm2567483615ELm11ELm4294967295ELm7ELm2636928640ELm15ELm4022730752ELm18ELm1812433253EEESt4pairIT_S4_ES4_S4_OT0_>:
  4064fb:	55                   	push   rbp
  4064fc:	48 89 e5             	mov    rbp,rsp
  4064ff:	48 83 ec 50          	sub    rsp,0x50
  406503:	48 89 7d c8          	mov    QWORD PTR [rbp-0x38],rdi
  406507:	48 89 75 c0          	mov    QWORD PTR [rbp-0x40],rsi
  40650b:	48 89 55 b8          	mov    QWORD PTR [rbp-0x48],rdx
  40650f:	48 8b 45 c8          	mov    rax,QWORD PTR [rbp-0x38]
  406513:	48 0f af 45 c0       	imul   rax,QWORD PTR [rbp-0x40]
  406518:	48 8d 50 ff          	lea    rdx,[rax-0x1]
  40651c:	48 8d 45 d0          	lea    rax,[rbp-0x30]
  406520:	be 00 00 00 00       	mov    esi,0x0
  406525:	48 89 c7             	mov    rdi,rax
  406528:	e8 fb fe ff ff       	call   406428 <_ZNSt24uniform_int_distributionImEC1Emm>
  40652d:	48 8b 55 b8          	mov    rdx,QWORD PTR [rbp-0x48]
  406531:	48 8d 45 d0          	lea    rax,[rbp-0x30]
  406535:	48 89 d6             	mov    rsi,rdx
  406538:	48 89 c7             	mov    rdi,rax
  40653b:	e8 54 ff ff ff       	call   406494 <_ZNSt24uniform_int_distributionImEclISt23mersenne_twister_engineImLm32ELm624ELm397ELm31ELm2567483615ELm11ELm4294967295ELm7ELm2636928640ELm15ELm4022730752ELm18ELm1812433253EEEEmRT_>
  406540:	48 89 45 f8          	mov    QWORD PTR [rbp-0x8],rax
  406544:	48 8b 45 f8          	mov    rax,QWORD PTR [rbp-0x8]
  406548:	ba 00 00 00 00       	mov    edx,0x0
  40654d:	48 f7 75 c0          	div    QWORD PTR [rbp-0x40]
  406551:	48 89 d0             	mov    rax,rdx
  406554:	48 89 45 e8          	mov    QWORD PTR [rbp-0x18],rax
  406558:	48 8b 45 f8          	mov    rax,QWORD PTR [rbp-0x8]
  40655c:	ba 00 00 00 00       	mov    edx,0x0
  406561:	48 f7 75 c0          	div    QWORD PTR [rbp-0x40]
  406565:	48 89 45 f0          	mov    QWORD PTR [rbp-0x10],rax
  406569:	48 8d 55 e8          	lea    rdx,[rbp-0x18]
  40656d:	48 8d 45 f0          	lea    rax,[rbp-0x10]
  406571:	48 89 d6             	mov    rsi,rdx
  406574:	48 89 c7             	mov    rdi,rax
  406577:	e8 31 13 00 00       	call   4078ad <_ZSt9make_pairImmESt4pairINSt25__strip_reference_wrapperINSt5decayIT_E4typeEE6__typeENS1_INS2_IT0_E4typeEE6__typeEEOS3_OS8_>
  40657c:	c9                   	leave  
  40657d:	c3                   	ret    

000000000040657e <_ZNSt24uniform_int_distributionImEC1Ev>:
  40657e:	55                   	push   rbp
  40657f:	48 89 e5             	mov    rbp,rsp
  406582:	48 83 ec 10          	sub    rsp,0x10
  406586:	48 89 7d f8          	mov    QWORD PTR [rbp-0x8],rdi
  40658a:	48 8b 45 f8          	mov    rax,QWORD PTR [rbp-0x8]
  40658e:	48 c7 c2 ff ff ff ff 	mov    rdx,0xffffffffffffffff
  406595:	be 00 00 00 00       	mov    esi,0x0
  40659a:	48 89 c7             	mov    rdi,rax
  40659d:	e8 86 fe ff ff       	call   406428 <_ZNSt24uniform_int_distributionImEC1Emm>
  4065a2:	90                   	nop
  4065a3:	c9                   	leave  
  4065a4:	c3                   	ret    
  4065a5:	90                   	nop

00000000004065a6 <_ZNSt24uniform_int_distributionImE10param_typeC1Emm>:
  4065a6:	55                   	push   rbp
  4065a7:	48 89 e5             	mov    rbp,rsp
  4065aa:	48 89 7d f8          	mov    QWORD PTR [rbp-0x8],rdi
  4065ae:	48 89 75 f0          	mov    QWORD PTR [rbp-0x10],rsi
  4065b2:	48 89 55 e8          	mov    QWORD PTR [rbp-0x18],rdx
  4065b6:	48 8b 45 f8          	mov    rax,QWORD PTR [rbp-0x8]
  4065ba:	48 8b 55 f0          	mov    rdx,QWORD PTR [rbp-0x10]
  4065be:	48 89 10             	mov    QWORD PTR [rax],rdx
  4065c1:	48 8b 45 f8          	mov    rax,QWORD PTR [rbp-0x8]
  4065c5:	48 8b 55 e8          	mov    rdx,QWORD PTR [rbp-0x18]
  4065c9:	48 89 50 08          	mov    QWORD PTR [rax+0x8],rdx
  4065cd:	90                   	nop
  4065ce:	5d                   	pop    rbp
  4065cf:	c3                   	ret    

00000000004065d0 <_ZNSt24uniform_int_distributionImEclISt23mersenne_twister_engineImLm32ELm624ELm397ELm31ELm2567483615ELm11ELm4294967295ELm7ELm2636928640ELm15ELm4022730752ELm18ELm1812433253EEEEmRT_RKNS0_10param_typeE>:
  4065d0:	55                   	push   rbp
  4065d1:	48 89 e5             	mov    rbp,rsp
  4065d4:	53                   	push   rbx
  4065d5:	48 81 ec 88 00 00 00 	sub    rsp,0x88
  4065dc:	48 89 7d 88          	mov    QWORD PTR [rbp-0x78],rdi
  4065e0:	48 89 75 80          	mov    QWORD PTR [rbp-0x80],rsi
  4065e4:	48 89 95 78 ff ff ff 	mov    QWORD PTR [rbp-0x88],rdx
  4065eb:	48 c7 45 e0 00 00 00 	mov    QWORD PTR [rbp-0x20],0x0
  4065f2:	00 
  4065f3:	b8 ff ff ff ff       	mov    eax,0xffffffff
  4065f8:	48 89 45 d8          	mov    QWORD PTR [rbp-0x28],rax
  4065fc:	48 89 45 d0          	mov    QWORD PTR [rbp-0x30],rax
  406600:	48 8b 85 78 ff ff ff 	mov    rax,QWORD PTR [rbp-0x88]
  406607:	48 89 c7             	mov    rdi,rax
  40660a:	e8 ed 12 00 00       	call   4078fc <_ZNKSt24uniform_int_distributionImE10param_type1bEv>
  40660f:	48 89 c3             	mov    rbx,rax
  406612:	48 8b 85 78 ff ff ff 	mov    rax,QWORD PTR [rbp-0x88]
  406619:	48 89 c7             	mov    rdi,rax
  40661c:	e8 ed 12 00 00       	call   40790e <_ZNKSt24uniform_int_distributionImE10param_type1aEv>
  406621:	48 89 c2             	mov    rdx,rax
  406624:	48 89 d8             	mov    rax,rbx
  406627:	48 29 d0             	sub    rax,rdx
  40662a:	48 89 45 c8          	mov    QWORD PTR [rbp-0x38],rax
  40662e:	b8 fe ff ff ff       	mov    eax,0xfffffffe
  406633:	48 39 45 c8          	cmp    QWORD PTR [rbp-0x38],rax
  406637:	77 2f                	ja     406668 <_ZNSt24uniform_int_distributionImEclISt23mersenne_twister_engineImLm32ELm624ELm397ELm31ELm2567483615ELm11ELm4294967295ELm7ELm2636928640ELm15ELm4022730752ELm18ELm1812433253EEEEmRT_RKNS0_10param_typeE+0x98>
  406639:	48 8b 45 c8          	mov    rax,QWORD PTR [rbp-0x38]
  40663d:	48 83 c0 01          	add    rax,0x1
  406641:	48 89 45 b0          	mov    QWORD PTR [rbp-0x50],rax
  406645:	48 8b 45 b0          	mov    rax,QWORD PTR [rbp-0x50]
  406649:	89 45 ac             	mov    DWORD PTR [rbp-0x54],eax
  40664c:	8b 55 ac             	mov    edx,DWORD PTR [rbp-0x54]
  40664f:	48 8b 45 80          	mov    rax,QWORD PTR [rbp-0x80]
  406653:	89 d6                	mov    esi,edx
  406655:	48 89 c7             	mov    rdi,rax
  406658:	e8 c2 12 00 00       	call   40791f <_ZNSt24uniform_int_distributionImE5_S_ndImSt23mersenne_twister_engineImLm32ELm624ELm397ELm31ELm2567483615ELm11ELm4294967295ELm7ELm2636928640ELm15ELm4022730752ELm18ELm1812433253EEjEET1_RT0_S4_>
  40665d:	89 c0                	mov    eax,eax
  40665f:	48 89 45 e8          	mov    QWORD PTR [rbp-0x18],rax
  406663:	e9 91 00 00 00       	jmp    4066f9 <_ZNSt24uniform_int_distributionImEclISt23mersenne_twister_engineImLm32ELm624ELm397ELm31ELm2567483615ELm11ELm4294967295ELm7ELm2636928640ELm15ELm4022730752ELm18ELm1812433253EEEEmRT_RKNS0_10param_typeE+0x129>
  406668:	b8 ff ff ff ff       	mov    eax,0xffffffff
  40666d:	48 39 45 c8          	cmp    QWORD PTR [rbp-0x38],rax
  406671:	76 76                	jbe    4066e9 <_ZNSt24uniform_int_distributionImEclISt23mersenne_twister_engineImLm32ELm624ELm397ELm31ELm2567483615ELm11ELm4294967295ELm7ELm2636928640ELm15ELm4022730752ELm18ELm1812433253EEEEmRT_RKNS0_10param_typeE+0x119>
  406673:	48 b8 00 00 00 00 01 	movabs rax,0x100000000
  40667a:	00 00 00 
  40667d:	48 89 45 c0          	mov    QWORD PTR [rbp-0x40],rax
  406681:	48 8b 45 c8          	mov    rax,QWORD PTR [rbp-0x38]
  406685:	48 c1 e8 20          	shr    rax,0x20
  406689:	48 89 c2             	mov    rdx,rax
  40668c:	48 8d 45 90          	lea    rax,[rbp-0x70]
  406690:	be 00 00 00 00       	mov    esi,0x0
  406695:	48 89 c7             	mov    rdi,rax
  406698:	e8 09 ff ff ff       	call   4065a6 <_ZNSt24uniform_int_distributionImE10param_typeC1Emm>
  40669d:	48 8d 55 90          	lea    rdx,[rbp-0x70]
  4066a1:	48 8b 4d 80          	mov    rcx,QWORD PTR [rbp-0x80]
  4066a5:	48 8b 45 88          	mov    rax,QWORD PTR [rbp-0x78]
  4066a9:	48 89 ce             	mov    rsi,rcx
  4066ac:	48 89 c7             	mov    rdi,rax
  4066af:	e8 1c ff ff ff       	call   4065d0 <_ZNSt24uniform_int_distributionImEclISt23mersenne_twister_engineImLm32ELm624ELm397ELm31ELm2567483615ELm11ELm4294967295ELm7ELm2636928640ELm15ELm4022730752ELm18ELm1812433253EEEEmRT_RKNS0_10param_typeE>
  4066b4:	48 c1 e0 20          	shl    rax,0x20
  4066b8:	48 89 45 b8          	mov    QWORD PTR [rbp-0x48],rax
  4066bc:	48 8b 45 80          	mov    rax,QWORD PTR [rbp-0x80]
  4066c0:	48 89 c7             	mov    rdi,rax
  4066c3:	e8 ce 12 00 00       	call   407996 <_ZNSt23mersenne_twister_engineImLm32ELm624ELm397ELm31ELm2567483615ELm11ELm4294967295ELm7ELm2636928640ELm15ELm4022730752ELm18ELm1812433253EEclEv>
  4066c8:	48 8b 55 b8          	mov    rdx,QWORD PTR [rbp-0x48]
  4066cc:	48 01 d0             	add    rax,rdx
  4066cf:	48 89 45 e8          	mov    QWORD PTR [rbp-0x18],rax
  4066d3:	48 8b 45 e8          	mov    rax,QWORD PTR [rbp-0x18]
  4066d7:	48 3b 45 c8          	cmp    rax,QWORD PTR [rbp-0x38]
  4066db:	77 96                	ja     406673 <_ZNSt24uniform_int_distributionImEclISt23mersenne_twister_engineImLm32ELm624ELm397ELm31ELm2567483615ELm11ELm4294967295ELm7ELm2636928640ELm15ELm4022730752ELm18ELm1812433253EEEEmRT_RKNS0_10param_typeE+0xa3>
  4066dd:	48 8b 45 e8          	mov    rax,QWORD PTR [rbp-0x18]
  4066e1:	48 3b 45 b8          	cmp    rax,QWORD PTR [rbp-0x48]
  4066e5:	72 8c                	jb     406673 <_ZNSt24uniform_int_distributionImEclISt23mersenne_twister_engineImLm32ELm624ELm397ELm31ELm2567483615ELm11ELm4294967295ELm7ELm2636928640ELm15ELm4022730752ELm18ELm1812433253EEEEmRT_RKNS0_10param_typeE+0xa3>
  4066e7:	eb 10                	jmp    4066f9 <_ZNSt24uniform_int_distributionImEclISt23mersenne_twister_engineImLm32ELm624ELm397ELm31ELm2567483615ELm11ELm4294967295ELm7ELm2636928640ELm15ELm4022730752ELm18ELm1812433253EEEEmRT_RKNS0_10param_typeE+0x129>
  4066e9:	48 8b 45 80          	mov    rax,QWORD PTR [rbp-0x80]
  4066ed:	48 89 c7             	mov    rdi,rax
  4066f0:	e8 a1 12 00 00       	call   407996 <_ZNSt23mersenne_twister_engineImLm32ELm624ELm397ELm31ELm2567483615ELm11ELm4294967295ELm7ELm2636928640ELm15ELm4022730752ELm18ELm1812433253EEclEv>
  4066f5:	48 89 45 e8          	mov    QWORD PTR [rbp-0x18],rax
  4066f9:	48 8b 85 78 ff ff ff 	mov    rax,QWORD PTR [rbp-0x88]
  406700:	48 89 c7             	mov    rdi,rax
  406703:	e8 06 12 00 00       	call   40790e <_ZNKSt24uniform_int_distributionImE10param_type1aEv>
  406708:	48 8b 55 e8          	mov    rdx,QWORD PTR [rbp-0x18]
  40670c:	48 01 d0             	add    rax,rdx
  40670f:	48 8b 5d f8          	mov    rbx,QWORD PTR [rbp-0x8]
  406713:	c9                   	leave  
  406714:	c3                   	ret    
  406715:	90                   	nop

0000000000406716 <_ZNSt6vectorImSaImEE14_M_fill_insertEN9__gnu_cxx17__normal_iteratorIPmS1_EEmRKm>:
  406716:	55                   	push   rbp
  406717:	48 89 e5             	mov    rbp,rsp
  40671a:	41 54                	push   r12
  40671c:	53                   	push   rbx
  40671d:	48 83 c4 80          	add    rsp,0xffffffffffffff80
  406721:	48 89 7d 88          	mov    QWORD PTR [rbp-0x78],rdi
  406725:	48 89 75 80          	mov    QWORD PTR [rbp-0x80],rsi
  406729:	48 89 95 78 ff ff ff 	mov    QWORD PTR [rbp-0x88],rdx
  406730:	48 89 8d 70 ff ff ff 	mov    QWORD PTR [rbp-0x90],rcx
  406737:	48 83 bd 78 ff ff ff 	cmp    QWORD PTR [rbp-0x88],0x0
  40673e:	00 
  40673f:	0f 84 b1 04 00 00    	je     406bf6 <_ZNSt6vectorImSaImEE14_M_fill_insertEN9__gnu_cxx17__normal_iteratorIPmS1_EEmRKm+0x4e0>
  406745:	48 8b 45 88          	mov    rax,QWORD PTR [rbp-0x78]
  406749:	48 8b 50 10          	mov    rdx,QWORD PTR [rax+0x10]
  40674d:	48 8b 45 88          	mov    rax,QWORD PTR [rbp-0x78]
  406751:	48 8b 48 08          	mov    rcx,QWORD PTR [rax+0x8]
  406755:	48 89 d0             	mov    rax,rdx
  406758:	48 29 c8             	sub    rax,rcx
  40675b:	48 c1 f8 03          	sar    rax,0x3
  40675f:	48 39 85 78 ff ff ff 	cmp    QWORD PTR [rbp-0x88],rax
  406766:	0f 87 06 02 00 00    	ja     406972 <_ZNSt6vectorImSaImEE14_M_fill_insertEN9__gnu_cxx17__normal_iteratorIPmS1_EEmRKm+0x25c>
  40676c:	48 8b 95 70 ff ff ff 	mov    rdx,QWORD PTR [rbp-0x90]
  406773:	48 8b 4d 88          	mov    rcx,QWORD PTR [rbp-0x78]
  406777:	48 8d 45 90          	lea    rax,[rbp-0x70]
  40677b:	48 89 ce             	mov    rsi,rcx
  40677e:	48 89 c7             	mov    rdi,rax
  406781:	e8 a4 12 00 00       	call   407a2a <_ZNSt6vectorImSaImEE16_Temporary_valueC1IJRKmEEEPS1_DpOT_>
  406786:	48 8d 45 90          	lea    rax,[rbp-0x70]
  40678a:	48 89 c7             	mov    rdi,rax
  40678d:	e8 22 13 00 00       	call   407ab4 <_ZNSt6vectorImSaImEE16_Temporary_value6_M_valEv>
  406792:	48 89 45 c8          	mov    QWORD PTR [rbp-0x38],rax
  406796:	48 8b 45 88          	mov    rax,QWORD PTR [rbp-0x78]
  40679a:	48 89 c7             	mov    rdi,rax
  40679d:	e8 32 ef ff ff       	call   4056d4 <_ZNSt6vectorImSaImEE3endEv>
  4067a2:	48 89 45 a8          	mov    QWORD PTR [rbp-0x58],rax
  4067a6:	48 8d 55 80          	lea    rdx,[rbp-0x80]
  4067aa:	48 8d 45 a8          	lea    rax,[rbp-0x58]
  4067ae:	48 89 d6             	mov    rsi,rdx
  4067b1:	48 89 c7             	mov    rdi,rax
  4067b4:	e8 ef fb ff ff       	call   4063a8 <_ZN9__gnu_cxxmiIPmSt6vectorImSaImEEEENS_17__normal_iteratorIT_T0_E15difference_typeERKS8_SB_>
  4067b9:	48 89 45 c0          	mov    QWORD PTR [rbp-0x40],rax
  4067bd:	48 8b 45 88          	mov    rax,QWORD PTR [rbp-0x78]
  4067c1:	48 8b 40 08          	mov    rax,QWORD PTR [rax+0x8]
  4067c5:	48 89 45 b8          	mov    QWORD PTR [rbp-0x48],rax
  4067c9:	48 8b 45 c0          	mov    rax,QWORD PTR [rbp-0x40]
  4067cd:	48 3b 85 78 ff ff ff 	cmp    rax,QWORD PTR [rbp-0x88]
  4067d4:	0f 86 d9 00 00 00    	jbe    4068b3 <_ZNSt6vectorImSaImEE14_M_fill_insertEN9__gnu_cxx17__normal_iteratorIPmS1_EEmRKm+0x19d>
  4067da:	48 8b 45 88          	mov    rax,QWORD PTR [rbp-0x78]
  4067de:	48 89 c7             	mov    rdi,rax
  4067e1:	e8 0a f8 ff ff       	call   405ff0 <_ZNSt12_Vector_baseImSaImEE19_M_get_Tp_allocatorEv>
  4067e6:	48 89 c6             	mov    rsi,rax
  4067e9:	48 8b 45 88          	mov    rax,QWORD PTR [rbp-0x78]
  4067ed:	48 8b 50 08          	mov    rdx,QWORD PTR [rax+0x8]
  4067f1:	48 8b 45 88          	mov    rax,QWORD PTR [rbp-0x78]
  4067f5:	48 8b 40 08          	mov    rax,QWORD PTR [rax+0x8]
  4067f9:	48 8b 4d 88          	mov    rcx,QWORD PTR [rbp-0x78]
  4067fd:	48 8b 79 08          	mov    rdi,QWORD PTR [rcx+0x8]
  406801:	48 8b 8d 78 ff ff ff 	mov    rcx,QWORD PTR [rbp-0x88]
  406808:	48 c1 e1 03          	shl    rcx,0x3
  40680c:	48 f7 d9             	neg    rcx
  40680f:	48 01 cf             	add    rdi,rcx
  406812:	48 89 f1             	mov    rcx,rsi
  406815:	48 89 c6             	mov    rsi,rax
  406818:	e8 b1 12 00 00       	call   407ace <_ZSt22__uninitialized_move_aIPmS0_SaImEET0_T_S3_S2_RT1_>
  40681d:	48 8b 45 88          	mov    rax,QWORD PTR [rbp-0x78]
  406821:	48 8b 50 08          	mov    rdx,QWORD PTR [rax+0x8]
  406825:	48 8b 85 78 ff ff ff 	mov    rax,QWORD PTR [rbp-0x88]
  40682c:	48 c1 e0 03          	shl    rax,0x3
  406830:	48 01 c2             	add    rdx,rax
  406833:	48 8b 45 88          	mov    rax,QWORD PTR [rbp-0x78]
  406837:	48 89 50 08          	mov    QWORD PTR [rax+0x8],rdx
  40683b:	48 8b 85 78 ff ff ff 	mov    rax,QWORD PTR [rbp-0x88]
  406842:	48 c1 e0 03          	shl    rax,0x3
  406846:	48 f7 d8             	neg    rax
  406849:	48 89 c2             	mov    rdx,rax
  40684c:	48 8b 45 b8          	mov    rax,QWORD PTR [rbp-0x48]
  406850:	48 8d 1c 02          	lea    rbx,[rdx+rax*1]
  406854:	48 8d 45 80          	lea    rax,[rbp-0x80]
  406858:	48 89 c7             	mov    rdi,rax
  40685b:	e8 96 07 00 00       	call   406ff6 <_ZNK9__gnu_cxx17__normal_iteratorIPmSt6vectorImSaImEEE4baseEv>
  406860:	48 8b 00             	mov    rax,QWORD PTR [rax]
  406863:	48 8b 55 b8          	mov    rdx,QWORD PTR [rbp-0x48]
  406867:	48 89 de             	mov    rsi,rbx
  40686a:	48 89 c7             	mov    rdi,rax
  40686d:	e8 af 12 00 00       	call   407b21 <_ZSt13move_backwardIPmS0_ET0_T_S2_S1_>
  406872:	48 8d 45 80          	lea    rax,[rbp-0x80]
  406876:	48 89 c7             	mov    rdi,rax
  406879:	e8 78 07 00 00       	call   406ff6 <_ZNK9__gnu_cxx17__normal_iteratorIPmSt6vectorImSaImEEE4baseEv>
  40687e:	48 8b 10             	mov    rdx,QWORD PTR [rax]
  406881:	48 8b 85 78 ff ff ff 	mov    rax,QWORD PTR [rbp-0x88]
  406888:	48 c1 e0 03          	shl    rax,0x3
  40688c:	48 8d 1c 02          	lea    rbx,[rdx+rax*1]
  406890:	48 8d 45 80          	lea    rax,[rbp-0x80]
  406894:	48 89 c7             	mov    rdi,rax
  406897:	e8 5a 07 00 00       	call   406ff6 <_ZNK9__gnu_cxx17__normal_iteratorIPmSt6vectorImSaImEEE4baseEv>
  40689c:	48 8b 00             	mov    rax,QWORD PTR [rax]
  40689f:	48 8b 55 c8          	mov    rdx,QWORD PTR [rbp-0x38]
  4068a3:	48 89 de             	mov    rsi,rbx
  4068a6:	48 89 c7             	mov    rdi,rax
  4068a9:	e8 be 12 00 00       	call   407b6c <_ZSt4fillIPmmEvT_S1_RKT0_>
  4068ae:	e9 ae 00 00 00       	jmp    406961 <_ZNSt6vectorImSaImEE14_M_fill_insertEN9__gnu_cxx17__normal_iteratorIPmS1_EEmRKm+0x24b>
  4068b3:	48 8b 45 88          	mov    rax,QWORD PTR [rbp-0x78]
  4068b7:	48 89 c7             	mov    rdi,rax
  4068ba:	e8 31 f7 ff ff       	call   405ff0 <_ZNSt12_Vector_baseImSaImEE19_M_get_Tp_allocatorEv>
  4068bf:	48 89 c1             	mov    rcx,rax
  4068c2:	48 8b 85 78 ff ff ff 	mov    rax,QWORD PTR [rbp-0x88]
  4068c9:	48 2b 45 c0          	sub    rax,QWORD PTR [rbp-0x40]
  4068cd:	48 89 c6             	mov    rsi,rax
  4068d0:	48 8b 45 88          	mov    rax,QWORD PTR [rbp-0x78]
  4068d4:	48 8b 40 08          	mov    rax,QWORD PTR [rax+0x8]
  4068d8:	48 8b 55 c8          	mov    rdx,QWORD PTR [rbp-0x38]
  4068dc:	48 89 c7             	mov    rdi,rax
  4068df:	e8 b6 12 00 00       	call   407b9a <_ZSt24__uninitialized_fill_n_aIPmmmmET_S1_T0_RKT1_RSaIT2_E>
  4068e4:	48 8b 55 88          	mov    rdx,QWORD PTR [rbp-0x78]
  4068e8:	48 89 42 08          	mov    QWORD PTR [rdx+0x8],rax
  4068ec:	48 8b 45 88          	mov    rax,QWORD PTR [rbp-0x78]
  4068f0:	48 89 c7             	mov    rdi,rax
  4068f3:	e8 f8 f6 ff ff       	call   405ff0 <_ZNSt12_Vector_baseImSaImEE19_M_get_Tp_allocatorEv>
  4068f8:	49 89 c4             	mov    r12,rax
  4068fb:	48 8b 45 88          	mov    rax,QWORD PTR [rbp-0x78]
  4068ff:	48 8b 58 08          	mov    rbx,QWORD PTR [rax+0x8]
  406903:	48 8d 45 80          	lea    rax,[rbp-0x80]
  406907:	48 89 c7             	mov    rdi,rax
  40690a:	e8 e7 06 00 00       	call   406ff6 <_ZNK9__gnu_cxx17__normal_iteratorIPmSt6vectorImSaImEEE4baseEv>
  40690f:	48 8b 00             	mov    rax,QWORD PTR [rax]
  406912:	48 8b 75 b8          	mov    rsi,QWORD PTR [rbp-0x48]
  406916:	4c 89 e1             	mov    rcx,r12
  406919:	48 89 da             	mov    rdx,rbx
  40691c:	48 89 c7             	mov    rdi,rax
  40691f:	e8 aa 11 00 00       	call   407ace <_ZSt22__uninitialized_move_aIPmS0_SaImEET0_T_S3_S2_RT1_>
  406924:	48 8b 45 88          	mov    rax,QWORD PTR [rbp-0x78]
  406928:	48 8b 50 08          	mov    rdx,QWORD PTR [rax+0x8]
  40692c:	48 8b 45 c0          	mov    rax,QWORD PTR [rbp-0x40]
  406930:	48 c1 e0 03          	shl    rax,0x3
  406934:	48 01 c2             	add    rdx,rax
  406937:	48 8b 45 88          	mov    rax,QWORD PTR [rbp-0x78]
  40693b:	48 89 50 08          	mov    QWORD PTR [rax+0x8],rdx
  40693f:	48 8d 45 80          	lea    rax,[rbp-0x80]
  406943:	48 89 c7             	mov    rdi,rax
  406946:	e8 ab 06 00 00       	call   406ff6 <_ZNK9__gnu_cxx17__normal_iteratorIPmSt6vectorImSaImEEE4baseEv>
  40694b:	48 8b 00             	mov    rax,QWORD PTR [rax]
  40694e:	48 8b 55 c8          	mov    rdx,QWORD PTR [rbp-0x38]
  406952:	48 8b 4d b8          	mov    rcx,QWORD PTR [rbp-0x48]
  406956:	48 89 ce             	mov    rsi,rcx
  406959:	48 89 c7             	mov    rdi,rax
  40695c:	e8 0b 12 00 00       	call   407b6c <_ZSt4fillIPmmEvT_S1_RKT0_>
  406961:	48 8d 45 90          	lea    rax,[rbp-0x70]
  406965:	48 89 c7             	mov    rdi,rax
  406968:	e8 17 11 00 00       	call   407a84 <_ZNSt6vectorImSaImEE16_Temporary_valueD1Ev>
  40696d:	e9 84 02 00 00       	jmp    406bf6 <_ZNSt6vectorImSaImEE14_M_fill_insertEN9__gnu_cxx17__normal_iteratorIPmS1_EEmRKm+0x4e0>
  406972:	48 8b 8d 78 ff ff ff 	mov    rcx,QWORD PTR [rbp-0x88]
  406979:	48 8b 45 88          	mov    rax,QWORD PTR [rbp-0x78]
  40697d:	ba a1 a5 40 00       	mov    edx,0x40a5a1
  406982:	48 89 ce             	mov    rsi,rcx
  406985:	48 89 c7             	mov    rdi,rax
  406988:	e8 3f 12 00 00       	call   407bcc <_ZNKSt6vectorImSaImEE12_M_check_lenEmPKc>
  40698d:	48 89 45 e0          	mov    QWORD PTR [rbp-0x20],rax
  406991:	48 8b 45 88          	mov    rax,QWORD PTR [rbp-0x78]
  406995:	48 89 c7             	mov    rdi,rax
  406998:	e8 11 ed ff ff       	call   4056ae <_ZNSt6vectorImSaImEE5beginEv>
  40699d:	48 89 45 b0          	mov    QWORD PTR [rbp-0x50],rax
  4069a1:	48 8d 55 b0          	lea    rdx,[rbp-0x50]
  4069a5:	48 8d 45 80          	lea    rax,[rbp-0x80]
  4069a9:	48 89 d6             	mov    rsi,rdx
  4069ac:	48 89 c7             	mov    rdi,rax
  4069af:	e8 f4 f9 ff ff       	call   4063a8 <_ZN9__gnu_cxxmiIPmSt6vectorImSaImEEEENS_17__normal_iteratorIT_T0_E15difference_typeERKS8_SB_>
  4069b4:	48 89 45 d8          	mov    QWORD PTR [rbp-0x28],rax
  4069b8:	48 8b 45 88          	mov    rax,QWORD PTR [rbp-0x78]
  4069bc:	48 8b 55 e0          	mov    rdx,QWORD PTR [rbp-0x20]
  4069c0:	48 89 d6             	mov    rsi,rdx
  4069c3:	48 89 c7             	mov    rdi,rax
  4069c6:	e8 c9 12 00 00       	call   407c94 <_ZNSt12_Vector_baseImSaImEE11_M_allocateEm>
  4069cb:	48 89 45 d0          	mov    QWORD PTR [rbp-0x30],rax
  4069cf:	48 8b 45 d0          	mov    rax,QWORD PTR [rbp-0x30]
  4069d3:	48 89 45 e8          	mov    QWORD PTR [rbp-0x18],rax
  4069d7:	48 8b 45 88          	mov    rax,QWORD PTR [rbp-0x78]
  4069db:	48 89 c7             	mov    rdi,rax
  4069de:	e8 0d f6 ff ff       	call   405ff0 <_ZNSt12_Vector_baseImSaImEE19_M_get_Tp_allocatorEv>
  4069e3:	48 89 c1             	mov    rcx,rax
  4069e6:	48 8b 45 d8          	mov    rax,QWORD PTR [rbp-0x28]
  4069ea:	48 8d 14 c5 00 00 00 	lea    rdx,[rax*8+0x0]
  4069f1:	00 
  4069f2:	48 8b 45 d0          	mov    rax,QWORD PTR [rbp-0x30]
  4069f6:	48 8d 3c 02          	lea    rdi,[rdx+rax*1]
  4069fa:	48 8b 95 70 ff ff ff 	mov    rdx,QWORD PTR [rbp-0x90]
  406a01:	48 8b 85 78 ff ff ff 	mov    rax,QWORD PTR [rbp-0x88]
  406a08:	48 89 c6             	mov    rsi,rax
  406a0b:	e8 8a 11 00 00       	call   407b9a <_ZSt24__uninitialized_fill_n_aIPmmmmET_S1_T0_RKT1_RSaIT2_E>
  406a10:	48 c7 45 e8 00 00 00 	mov    QWORD PTR [rbp-0x18],0x0
  406a17:	00 
  406a18:	48 8b 45 88          	mov    rax,QWORD PTR [rbp-0x78]
  406a1c:	48 89 c7             	mov    rdi,rax
  406a1f:	e8 cc f5 ff ff       	call   405ff0 <_ZNSt12_Vector_baseImSaImEE19_M_get_Tp_allocatorEv>
  406a24:	48 89 c3             	mov    rbx,rax
  406a27:	48 8d 45 80          	lea    rax,[rbp-0x80]
  406a2b:	48 89 c7             	mov    rdi,rax
  406a2e:	e8 c3 05 00 00       	call   406ff6 <_ZNK9__gnu_cxx17__normal_iteratorIPmSt6vectorImSaImEEE4baseEv>
  406a33:	48 8b 30             	mov    rsi,QWORD PTR [rax]
  406a36:	48 8b 45 88          	mov    rax,QWORD PTR [rbp-0x78]
  406a3a:	48 8b 00             	mov    rax,QWORD PTR [rax]
  406a3d:	48 8b 55 d0          	mov    rdx,QWORD PTR [rbp-0x30]
  406a41:	48 89 d9             	mov    rcx,rbx
  406a44:	48 89 c7             	mov    rdi,rax
  406a47:	e8 7b 12 00 00       	call   407cc7 <_ZSt34__uninitialized_move_if_noexcept_aIPmS0_SaImEET0_T_S3_S2_RT1_>
  406a4c:	48 89 45 e8          	mov    QWORD PTR [rbp-0x18],rax
  406a50:	48 8b 85 78 ff ff ff 	mov    rax,QWORD PTR [rbp-0x88]
  406a57:	48 c1 e0 03          	shl    rax,0x3
  406a5b:	48 01 45 e8          	add    QWORD PTR [rbp-0x18],rax
  406a5f:	48 8b 45 88          	mov    rax,QWORD PTR [rbp-0x78]
  406a63:	48 89 c7             	mov    rdi,rax
  406a66:	e8 85 f5 ff ff       	call   405ff0 <_ZNSt12_Vector_baseImSaImEE19_M_get_Tp_allocatorEv>
  406a6b:	49 89 c4             	mov    r12,rax
  406a6e:	48 8b 45 88          	mov    rax,QWORD PTR [rbp-0x78]
  406a72:	48 8b 58 08          	mov    rbx,QWORD PTR [rax+0x8]
  406a76:	48 8d 45 80          	lea    rax,[rbp-0x80]
  406a7a:	48 89 c7             	mov    rdi,rax
  406a7d:	e8 74 05 00 00       	call   406ff6 <_ZNK9__gnu_cxx17__normal_iteratorIPmSt6vectorImSaImEEE4baseEv>
  406a82:	48 8b 00             	mov    rax,QWORD PTR [rax]
  406a85:	48 8b 55 e8          	mov    rdx,QWORD PTR [rbp-0x18]
  406a89:	4c 89 e1             	mov    rcx,r12
  406a8c:	48 89 de             	mov    rsi,rbx
  406a8f:	48 89 c7             	mov    rdi,rax
  406a92:	e8 30 12 00 00       	call   407cc7 <_ZSt34__uninitialized_move_if_noexcept_aIPmS0_SaImEET0_T_S3_S2_RT1_>
  406a97:	48 89 45 e8          	mov    QWORD PTR [rbp-0x18],rax
  406a9b:	48 8b 45 88          	mov    rax,QWORD PTR [rbp-0x78]
  406a9f:	48 89 c7             	mov    rdi,rax
  406aa2:	e8 49 f5 ff ff       	call   405ff0 <_ZNSt12_Vector_baseImSaImEE19_M_get_Tp_allocatorEv>
  406aa7:	48 89 c2             	mov    rdx,rax
  406aaa:	48 8b 45 88          	mov    rax,QWORD PTR [rbp-0x78]
  406aae:	48 8b 48 08          	mov    rcx,QWORD PTR [rax+0x8]
  406ab2:	48 8b 45 88          	mov    rax,QWORD PTR [rbp-0x78]
  406ab6:	48 8b 00             	mov    rax,QWORD PTR [rax]
  406ab9:	48 89 ce             	mov    rsi,rcx
  406abc:	48 89 c7             	mov    rdi,rax
  406abf:	e8 3a f5 ff ff       	call   405ffe <_ZSt8_DestroyIPmmEvT_S1_RSaIT0_E>
  406ac4:	48 8b 45 88          	mov    rax,QWORD PTR [rbp-0x78]
  406ac8:	48 8b 55 88          	mov    rdx,QWORD PTR [rbp-0x78]
  406acc:	48 8b 4a 10          	mov    rcx,QWORD PTR [rdx+0x10]
  406ad0:	48 8b 55 88          	mov    rdx,QWORD PTR [rbp-0x78]
  406ad4:	48 8b 32             	mov    rsi,QWORD PTR [rdx]
  406ad7:	48 29 f1             	sub    rcx,rsi
  406ada:	48 89 ca             	mov    rdx,rcx
  406add:	48 c1 fa 03          	sar    rdx,0x3
  406ae1:	48 89 d6             	mov    rsi,rdx
  406ae4:	48 8b 55 88          	mov    rdx,QWORD PTR [rbp-0x78]
  406ae8:	48 8b 0a             	mov    rcx,QWORD PTR [rdx]
  406aeb:	48 89 f2             	mov    rdx,rsi
  406aee:	48 89 ce             	mov    rsi,rcx
  406af1:	48 89 c7             	mov    rdi,rax
  406af4:	e8 c1 f4 ff ff       	call   405fba <_ZNSt12_Vector_baseImSaImEE13_M_deallocateEPmm>
  406af9:	48 8b 45 88          	mov    rax,QWORD PTR [rbp-0x78]
  406afd:	48 8b 55 d0          	mov    rdx,QWORD PTR [rbp-0x30]
  406b01:	48 89 10             	mov    QWORD PTR [rax],rdx
  406b04:	48 8b 45 88          	mov    rax,QWORD PTR [rbp-0x78]
  406b08:	48 8b 55 e8          	mov    rdx,QWORD PTR [rbp-0x18]
  406b0c:	48 89 50 08          	mov    QWORD PTR [rax+0x8],rdx
  406b10:	48 8b 45 e0          	mov    rax,QWORD PTR [rbp-0x20]
  406b14:	48 8d 14 c5 00 00 00 	lea    rdx,[rax*8+0x0]
  406b1b:	00 
  406b1c:	48 8b 45 d0          	mov    rax,QWORD PTR [rbp-0x30]
  406b20:	48 01 c2             	add    rdx,rax
  406b23:	48 8b 45 88          	mov    rax,QWORD PTR [rbp-0x78]
  406b27:	48 89 50 10          	mov    QWORD PTR [rax+0x10],rdx
  406b2b:	e9 c6 00 00 00       	jmp    406bf6 <_ZNSt6vectorImSaImEE14_M_fill_insertEN9__gnu_cxx17__normal_iteratorIPmS1_EEmRKm+0x4e0>
  406b30:	48 89 c3             	mov    rbx,rax
  406b33:	48 8d 45 90          	lea    rax,[rbp-0x70]
  406b37:	48 89 c7             	mov    rdi,rax
  406b3a:	e8 45 0f 00 00       	call   407a84 <_ZNSt6vectorImSaImEE16_Temporary_valueD1Ev>
  406b3f:	48 89 d8             	mov    rax,rbx
  406b42:	48 89 c7             	mov    rdi,rax
  406b45:	e8 46 b8 ff ff       	call   402390 <_Unwind_Resume@plt>
  406b4a:	48 89 c7             	mov    rdi,rax
  406b4d:	e8 5e b5 ff ff       	call   4020b0 <__cxa_begin_catch@plt>
  406b52:	48 83 7d e8 00       	cmp    QWORD PTR [rbp-0x18],0x0
  406b57:	75 4c                	jne    406ba5 <_ZNSt6vectorImSaImEE14_M_fill_insertEN9__gnu_cxx17__normal_iteratorIPmS1_EEmRKm+0x48f>
  406b59:	48 8b 45 88          	mov    rax,QWORD PTR [rbp-0x78]
  406b5d:	48 89 c7             	mov    rdi,rax
  406b60:	e8 8b f4 ff ff       	call   405ff0 <_ZNSt12_Vector_baseImSaImEE19_M_get_Tp_allocatorEv>
  406b65:	48 89 c2             	mov    rdx,rax
  406b68:	48 8b 4d d8          	mov    rcx,QWORD PTR [rbp-0x28]
  406b6c:	48 8b 85 78 ff ff ff 	mov    rax,QWORD PTR [rbp-0x88]
  406b73:	48 01 c8             	add    rax,rcx
  406b76:	48 8d 0c c5 00 00 00 	lea    rcx,[rax*8+0x0]
  406b7d:	00 
  406b7e:	48 8b 45 d0          	mov    rax,QWORD PTR [rbp-0x30]
  406b82:	48 01 c1             	add    rcx,rax
  406b85:	48 8b 45 d8          	mov    rax,QWORD PTR [rbp-0x28]
  406b89:	48 8d 34 c5 00 00 00 	lea    rsi,[rax*8+0x0]
  406b90:	00 
  406b91:	48 8b 45 d0          	mov    rax,QWORD PTR [rbp-0x30]
  406b95:	48 01 f0             	add    rax,rsi
  406b98:	48 89 ce             	mov    rsi,rcx
  406b9b:	48 89 c7             	mov    rdi,rax
  406b9e:	e8 5b f4 ff ff       	call   405ffe <_ZSt8_DestroyIPmmEvT_S1_RSaIT0_E>
  406ba3:	eb 22                	jmp    406bc7 <_ZNSt6vectorImSaImEE14_M_fill_insertEN9__gnu_cxx17__normal_iteratorIPmS1_EEmRKm+0x4b1>
  406ba5:	48 8b 45 88          	mov    rax,QWORD PTR [rbp-0x78]
  406ba9:	48 89 c7             	mov    rdi,rax
  406bac:	e8 3f f4 ff ff       	call   405ff0 <_ZNSt12_Vector_baseImSaImEE19_M_get_Tp_allocatorEv>
  406bb1:	48 89 c2             	mov    rdx,rax
  406bb4:	48 8b 4d e8          	mov    rcx,QWORD PTR [rbp-0x18]
  406bb8:	48 8b 45 d0          	mov    rax,QWORD PTR [rbp-0x30]
  406bbc:	48 89 ce             	mov    rsi,rcx
  406bbf:	48 89 c7             	mov    rdi,rax
  406bc2:	e8 37 f4 ff ff       	call   405ffe <_ZSt8_DestroyIPmmEvT_S1_RSaIT0_E>
  406bc7:	48 8b 45 88          	mov    rax,QWORD PTR [rbp-0x78]
  406bcb:	48 8b 55 e0          	mov    rdx,QWORD PTR [rbp-0x20]
  406bcf:	48 8b 4d d0          	mov    rcx,QWORD PTR [rbp-0x30]
  406bd3:	48 89 ce             	mov    rsi,rcx
  406bd6:	48 89 c7             	mov    rdi,rax
  406bd9:	e8 dc f3 ff ff       	call   405fba <_ZNSt12_Vector_baseImSaImEE13_M_deallocateEPmm>
  406bde:	e8 0d b7 ff ff       	call   4022f0 <__cxa_rethrow@plt>
  406be3:	48 89 c3             	mov    rbx,rax
  406be6:	e8 55 b7 ff ff       	call   402340 <__cxa_end_catch@plt>
  406beb:	48 89 d8             	mov    rax,rbx
  406bee:	48 89 c7             	mov    rdi,rax
  406bf1:	e8 9a b7 ff ff       	call   402390 <_Unwind_Resume@plt>
  406bf6:	90                   	nop
  406bf7:	48 83 ec 80          	sub    rsp,0xffffffffffffff80
  406bfb:	5b                   	pop    rbx
  406bfc:	41 5c                	pop    r12
  406bfe:	5d                   	pop    rbp
  406bff:	c3                   	ret    

0000000000406c00 <_ZNSt6vectorImSaImEE15_M_erase_at_endEPm>:
  406c00:	55                   	push   rbp
  406c01:	48 89 e5             	mov    rbp,rsp
  406c04:	48 83 ec 20          	sub    rsp,0x20
  406c08:	48 89 7d e8          	mov    QWORD PTR [rbp-0x18],rdi
  406c0c:	48 89 75 e0          	mov    QWORD PTR [rbp-0x20],rsi
  406c10:	48 8b 45 e8          	mov    rax,QWORD PTR [rbp-0x18]
  406c14:	48 8b 40 08          	mov    rax,QWORD PTR [rax+0x8]
  406c18:	48 2b 45 e0          	sub    rax,QWORD PTR [rbp-0x20]
  406c1c:	48 c1 f8 03          	sar    rax,0x3
  406c20:	48 89 45 f8          	mov    QWORD PTR [rbp-0x8],rax
  406c24:	48 83 7d f8 00       	cmp    QWORD PTR [rbp-0x8],0x0
  406c29:	74 32                	je     406c5d <_ZNSt6vectorImSaImEE15_M_erase_at_endEPm+0x5d>
  406c2b:	48 8b 45 e8          	mov    rax,QWORD PTR [rbp-0x18]
  406c2f:	48 89 c7             	mov    rdi,rax
  406c32:	e8 b9 f3 ff ff       	call   405ff0 <_ZNSt12_Vector_baseImSaImEE19_M_get_Tp_allocatorEv>
  406c37:	48 89 c2             	mov    rdx,rax
  406c3a:	48 8b 45 e8          	mov    rax,QWORD PTR [rbp-0x18]
  406c3e:	48 8b 48 08          	mov    rcx,QWORD PTR [rax+0x8]
  406c42:	48 8b 45 e0          	mov    rax,QWORD PTR [rbp-0x20]
  406c46:	48 89 ce             	mov    rsi,rcx
  406c49:	48 89 c7             	mov    rdi,rax
  406c4c:	e8 ad f3 ff ff       	call   405ffe <_ZSt8_DestroyIPmmEvT_S1_RSaIT0_E>
  406c51:	48 8b 45 e8          	mov    rax,QWORD PTR [rbp-0x18]
  406c55:	48 8b 55 e0          	mov    rdx,QWORD PTR [rbp-0x20]
  406c59:	48 89 50 08          	mov    QWORD PTR [rax+0x8],rdx
  406c5d:	90                   	nop
  406c5e:	c9                   	leave  
  406c5f:	c3                   	ret    

0000000000406c60 <_ZNSt16allocator_traitsISaImEE9constructImJRKmEEEvRS0_PT_DpOT0_>:
  406c60:	55                   	push   rbp
  406c61:	48 89 e5             	mov    rbp,rsp
  406c64:	48 83 ec 20          	sub    rsp,0x20
  406c68:	48 89 7d f8          	mov    QWORD PTR [rbp-0x8],rdi
  406c6c:	48 89 75 f0          	mov    QWORD PTR [rbp-0x10],rsi
  406c70:	48 89 55 e8          	mov    QWORD PTR [rbp-0x18],rdx
  406c74:	48 8b 45 e8          	mov    rax,QWORD PTR [rbp-0x18]
  406c78:	48 89 c7             	mov    rdi,rax
  406c7b:	e8 9a 10 00 00       	call   407d1a <_ZSt7forwardIRKmEOT_RNSt16remove_referenceIS2_E4typeE>
  406c80:	48 89 c2             	mov    rdx,rax
  406c83:	48 8b 4d f0          	mov    rcx,QWORD PTR [rbp-0x10]
  406c87:	48 8b 45 f8          	mov    rax,QWORD PTR [rbp-0x8]
  406c8b:	48 89 ce             	mov    rsi,rcx
  406c8e:	48 89 c7             	mov    rdi,rax
  406c91:	e8 92 10 00 00       	call   407d28 <_ZN9__gnu_cxx13new_allocatorImE9constructImJRKmEEEvPT_DpOT0_>
  406c96:	90                   	nop
  406c97:	c9                   	leave  
  406c98:	c3                   	ret    

0000000000406c99 <_ZNSt6vectorImSaImEE15_S_use_relocateEv>:
  406c99:	55                   	push   rbp
  406c9a:	48 89 e5             	mov    rbp,rsp
  406c9d:	48 83 ec 10          	sub    rsp,0x10
  406ca1:	e8 02 00 00 00       	call   406ca8 <_ZNSt6vectorImSaImEE19_S_nothrow_relocateESt17integral_constantIbLb1EE>
  406ca6:	c9                   	leave  
  406ca7:	c3                   	ret    

0000000000406ca8 <_ZNSt6vectorImSaImEE19_S_nothrow_relocateESt17integral_constantIbLb1EE>:
  406ca8:	55                   	push   rbp
  406ca9:	48 89 e5             	mov    rbp,rsp
  406cac:	b8 01 00 00 00       	mov    eax,0x1
  406cb1:	5d                   	pop    rbp
  406cb2:	c3                   	ret    
  406cb3:	90                   	nop

0000000000406cb4 <_ZNSt6vectorImSaImEE17_M_realloc_insertIJRKmEEEvN9__gnu_cxx17__normal_iteratorIPmS1_EEDpOT_>:
  406cb4:	55                   	push   rbp
  406cb5:	48 89 e5             	mov    rbp,rsp
  406cb8:	53                   	push   rbx
  406cb9:	48 83 ec 68          	sub    rsp,0x68
  406cbd:	48 89 7d a8          	mov    QWORD PTR [rbp-0x58],rdi
  406cc1:	48 89 75 a0          	mov    QWORD PTR [rbp-0x60],rsi
  406cc5:	48 89 55 98          	mov    QWORD PTR [rbp-0x68],rdx
  406cc9:	48 8b 45 a8          	mov    rax,QWORD PTR [rbp-0x58]
  406ccd:	ba b8 a5 40 00       	mov    edx,0x40a5b8
  406cd2:	be 01 00 00 00       	mov    esi,0x1
  406cd7:	48 89 c7             	mov    rdi,rax
  406cda:	e8 ed 0e 00 00       	call   407bcc <_ZNKSt6vectorImSaImEE12_M_check_lenEmPKc>
  406cdf:	48 89 45 e0          	mov    QWORD PTR [rbp-0x20],rax
  406ce3:	48 8b 45 a8          	mov    rax,QWORD PTR [rbp-0x58]
  406ce7:	48 8b 00             	mov    rax,QWORD PTR [rax]
  406cea:	48 89 45 d8          	mov    QWORD PTR [rbp-0x28],rax
  406cee:	48 8b 45 a8          	mov    rax,QWORD PTR [rbp-0x58]
  406cf2:	48 8b 40 08          	mov    rax,QWORD PTR [rax+0x8]
  406cf6:	48 89 45 d0          	mov    QWORD PTR [rbp-0x30],rax
  406cfa:	48 8b 45 a8          	mov    rax,QWORD PTR [rbp-0x58]
  406cfe:	48 89 c7             	mov    rdi,rax
  406d01:	e8 a8 e9 ff ff       	call   4056ae <_ZNSt6vectorImSaImEE5beginEv>
  406d06:	48 89 45 b8          	mov    QWORD PTR [rbp-0x48],rax
  406d0a:	48 8d 55 b8          	lea    rdx,[rbp-0x48]
  406d0e:	48 8d 45 a0          	lea    rax,[rbp-0x60]
  406d12:	48 89 d6             	mov    rsi,rdx
  406d15:	48 89 c7             	mov    rdi,rax
  406d18:	e8 8b f6 ff ff       	call   4063a8 <_ZN9__gnu_cxxmiIPmSt6vectorImSaImEEEENS_17__normal_iteratorIT_T0_E15difference_typeERKS8_SB_>
  406d1d:	48 89 45 c8          	mov    QWORD PTR [rbp-0x38],rax
  406d21:	48 8b 45 a8          	mov    rax,QWORD PTR [rbp-0x58]
  406d25:	48 8b 55 e0          	mov    rdx,QWORD PTR [rbp-0x20]
  406d29:	48 89 d6             	mov    rsi,rdx
  406d2c:	48 89 c7             	mov    rdi,rax
  406d2f:	e8 60 0f 00 00       	call   407c94 <_ZNSt12_Vector_baseImSaImEE11_M_allocateEm>
  406d34:	48 89 45 c0          	mov    QWORD PTR [rbp-0x40],rax
  406d38:	48 8b 45 c0          	mov    rax,QWORD PTR [rbp-0x40]
  406d3c:	48 89 45 e8          	mov    QWORD PTR [rbp-0x18],rax
  406d40:	48 8b 45 98          	mov    rax,QWORD PTR [rbp-0x68]
  406d44:	48 89 c7             	mov    rdi,rax
  406d47:	e8 ce 0f 00 00       	call   407d1a <_ZSt7forwardIRKmEOT_RNSt16remove_referenceIS2_E4typeE>
  406d4c:	48 89 c2             	mov    rdx,rax
  406d4f:	48 8b 45 c8          	mov    rax,QWORD PTR [rbp-0x38]
  406d53:	48 8d 0c c5 00 00 00 	lea    rcx,[rax*8+0x0]
  406d5a:	00 
  406d5b:	48 8b 45 c0          	mov    rax,QWORD PTR [rbp-0x40]
  406d5f:	48 01 c1             	add    rcx,rax
  406d62:	48 8b 45 a8          	mov    rax,QWORD PTR [rbp-0x58]
  406d66:	48 89 ce             	mov    rsi,rcx
  406d69:	48 89 c7             	mov    rdi,rax
  406d6c:	e8 ef fe ff ff       	call   406c60 <_ZNSt16allocator_traitsISaImEE9constructImJRKmEEEvRS0_PT_DpOT0_>
  406d71:	48 c7 45 e8 00 00 00 	mov    QWORD PTR [rbp-0x18],0x0
  406d78:	00 
  406d79:	e8 1b ff ff ff       	call   406c99 <_ZNSt6vectorImSaImEE15_S_use_relocateEv>
  406d7e:	84 c0                	test   al,al
  406d80:	74 71                	je     406df3 <_ZNSt6vectorImSaImEE17_M_realloc_insertIJRKmEEEvN9__gnu_cxx17__normal_iteratorIPmS1_EEDpOT_+0x13f>
  406d82:	48 8b 45 a8          	mov    rax,QWORD PTR [rbp-0x58]
  406d86:	48 89 c7             	mov    rdi,rax
  406d89:	e8 62 f2 ff ff       	call   405ff0 <_ZNSt12_Vector_baseImSaImEE19_M_get_Tp_allocatorEv>
  406d8e:	48 89 c3             	mov    rbx,rax
  406d91:	48 8d 45 a0          	lea    rax,[rbp-0x60]
  406d95:	48 89 c7             	mov    rdi,rax
  406d98:	e8 59 02 00 00       	call   406ff6 <_ZNK9__gnu_cxx17__normal_iteratorIPmSt6vectorImSaImEEE4baseEv>
  406d9d:	48 8b 30             	mov    rsi,QWORD PTR [rax]
  406da0:	48 8b 55 c0          	mov    rdx,QWORD PTR [rbp-0x40]
  406da4:	48 8b 45 d8          	mov    rax,QWORD PTR [rbp-0x28]
  406da8:	48 89 d9             	mov    rcx,rbx
  406dab:	48 89 c7             	mov    rdi,rax
  406dae:	e8 b4 0f 00 00       	call   407d67 <_ZNSt6vectorImSaImEE11_S_relocateEPmS2_S2_RS0_>
  406db3:	48 89 45 e8          	mov    QWORD PTR [rbp-0x18],rax
  406db7:	48 83 45 e8 08       	add    QWORD PTR [rbp-0x18],0x8
  406dbc:	48 8b 45 a8          	mov    rax,QWORD PTR [rbp-0x58]
  406dc0:	48 89 c7             	mov    rdi,rax
  406dc3:	e8 28 f2 ff ff       	call   405ff0 <_ZNSt12_Vector_baseImSaImEE19_M_get_Tp_allocatorEv>
  406dc8:	48 89 c3             	mov    rbx,rax
  406dcb:	48 8d 45 a0          	lea    rax,[rbp-0x60]
  406dcf:	48 89 c7             	mov    rdi,rax
  406dd2:	e8 1f 02 00 00       	call   406ff6 <_ZNK9__gnu_cxx17__normal_iteratorIPmSt6vectorImSaImEEE4baseEv>
  406dd7:	48 8b 00             	mov    rax,QWORD PTR [rax]
  406dda:	48 8b 55 e8          	mov    rdx,QWORD PTR [rbp-0x18]
  406dde:	48 8b 75 d0          	mov    rsi,QWORD PTR [rbp-0x30]
  406de2:	48 89 d9             	mov    rcx,rbx
  406de5:	48 89 c7             	mov    rdi,rax
  406de8:	e8 7a 0f 00 00       	call   407d67 <_ZNSt6vectorImSaImEE11_S_relocateEPmS2_S2_RS0_>
  406ded:	48 89 45 e8          	mov    QWORD PTR [rbp-0x18],rax
  406df1:	eb 6f                	jmp    406e62 <_ZNSt6vectorImSaImEE17_M_realloc_insertIJRKmEEEvN9__gnu_cxx17__normal_iteratorIPmS1_EEDpOT_+0x1ae>
  406df3:	48 8b 45 a8          	mov    rax,QWORD PTR [rbp-0x58]
  406df7:	48 89 c7             	mov    rdi,rax
  406dfa:	e8 f1 f1 ff ff       	call   405ff0 <_ZNSt12_Vector_baseImSaImEE19_M_get_Tp_allocatorEv>
  406dff:	48 89 c3             	mov    rbx,rax
  406e02:	48 8d 45 a0          	lea    rax,[rbp-0x60]
  406e06:	48 89 c7             	mov    rdi,rax
  406e09:	e8 e8 01 00 00       	call   406ff6 <_ZNK9__gnu_cxx17__normal_iteratorIPmSt6vectorImSaImEEE4baseEv>
  406e0e:	48 8b 30             	mov    rsi,QWORD PTR [rax]
  406e11:	48 8b 55 c0          	mov    rdx,QWORD PTR [rbp-0x40]
  406e15:	48 8b 45 d8          	mov    rax,QWORD PTR [rbp-0x28]
  406e19:	48 89 d9             	mov    rcx,rbx
  406e1c:	48 89 c7             	mov    rdi,rax
  406e1f:	e8 a3 0e 00 00       	call   407cc7 <_ZSt34__uninitialized_move_if_noexcept_aIPmS0_SaImEET0_T_S3_S2_RT1_>
  406e24:	48 89 45 e8          	mov    QWORD PTR [rbp-0x18],rax
  406e28:	48 83 45 e8 08       	add    QWORD PTR [rbp-0x18],0x8
  406e2d:	48 8b 45 a8          	mov    rax,QWORD PTR [rbp-0x58]
  406e31:	48 89 c7             	mov    rdi,rax
  406e34:	e8 b7 f1 ff ff       	call   405ff0 <_ZNSt12_Vector_baseImSaImEE19_M_get_Tp_allocatorEv>
  406e39:	48 89 c3             	mov    rbx,rax
  406e3c:	48 8d 45 a0          	lea    rax,[rbp-0x60]
  406e40:	48 89 c7             	mov    rdi,rax
  406e43:	e8 ae 01 00 00       	call   406ff6 <_ZNK9__gnu_cxx17__normal_iteratorIPmSt6vectorImSaImEEE4baseEv>
  406e48:	48 8b 00             	mov    rax,QWORD PTR [rax]
  406e4b:	48 8b 55 e8          	mov    rdx,QWORD PTR [rbp-0x18]
  406e4f:	48 8b 75 d0          	mov    rsi,QWORD PTR [rbp-0x30]
  406e53:	48 89 d9             	mov    rcx,rbx
  406e56:	48 89 c7             	mov    rdi,rax
  406e59:	e8 69 0e 00 00       	call   407cc7 <_ZSt34__uninitialized_move_if_noexcept_aIPmS0_SaImEET0_T_S3_S2_RT1_>
  406e5e:	48 89 45 e8          	mov    QWORD PTR [rbp-0x18],rax
  406e62:	e8 32 fe ff ff       	call   406c99 <_ZNSt6vectorImSaImEE15_S_use_relocateEv>
  406e67:	83 f0 01             	xor    eax,0x1
  406e6a:	84 c0                	test   al,al
  406e6c:	74 22                	je     406e90 <_ZNSt6vectorImSaImEE17_M_realloc_insertIJRKmEEEvN9__gnu_cxx17__normal_iteratorIPmS1_EEDpOT_+0x1dc>
  406e6e:	48 8b 45 a8          	mov    rax,QWORD PTR [rbp-0x58]
  406e72:	48 89 c7             	mov    rdi,rax
  406e75:	e8 76 f1 ff ff       	call   405ff0 <_ZNSt12_Vector_baseImSaImEE19_M_get_Tp_allocatorEv>
  406e7a:	48 89 c2             	mov    rdx,rax
  406e7d:	48 8b 4d d0          	mov    rcx,QWORD PTR [rbp-0x30]
  406e81:	48 8b 45 d8          	mov    rax,QWORD PTR [rbp-0x28]
  406e85:	48 89 ce             	mov    rsi,rcx
  406e88:	48 89 c7             	mov    rdi,rax
  406e8b:	e8 6e f1 ff ff       	call   405ffe <_ZSt8_DestroyIPmmEvT_S1_RSaIT0_E>
  406e90:	48 8b 45 a8          	mov    rax,QWORD PTR [rbp-0x58]
  406e94:	48 8b 55 a8          	mov    rdx,QWORD PTR [rbp-0x58]
  406e98:	48 8b 52 10          	mov    rdx,QWORD PTR [rdx+0x10]
  406e9c:	48 2b 55 d8          	sub    rdx,QWORD PTR [rbp-0x28]
  406ea0:	48 c1 fa 03          	sar    rdx,0x3
  406ea4:	48 8b 4d d8          	mov    rcx,QWORD PTR [rbp-0x28]
  406ea8:	48 89 ce             	mov    rsi,rcx
  406eab:	48 89 c7             	mov    rdi,rax
  406eae:	e8 07 f1 ff ff       	call   405fba <_ZNSt12_Vector_baseImSaImEE13_M_deallocateEPmm>
  406eb3:	48 8b 45 a8          	mov    rax,QWORD PTR [rbp-0x58]
  406eb7:	48 8b 55 c0          	mov    rdx,QWORD PTR [rbp-0x40]
  406ebb:	48 89 10             	mov    QWORD PTR [rax],rdx
  406ebe:	48 8b 45 a8          	mov    rax,QWORD PTR [rbp-0x58]
  406ec2:	48 8b 55 e8          	mov    rdx,QWORD PTR [rbp-0x18]
  406ec6:	48 89 50 08          	mov    QWORD PTR [rax+0x8],rdx
  406eca:	48 8b 45 e0          	mov    rax,QWORD PTR [rbp-0x20]
  406ece:	48 8d 14 c5 00 00 00 	lea    rdx,[rax*8+0x0]
  406ed5:	00 
  406ed6:	48 8b 45 c0          	mov    rax,QWORD PTR [rbp-0x40]
  406eda:	48 01 c2             	add    rdx,rax
  406edd:	48 8b 45 a8          	mov    rax,QWORD PTR [rbp-0x58]
  406ee1:	48 89 50 10          	mov    QWORD PTR [rax+0x10],rdx
  406ee5:	e9 84 00 00 00       	jmp    406f6e <_ZNSt6vectorImSaImEE17_M_realloc_insertIJRKmEEEvN9__gnu_cxx17__normal_iteratorIPmS1_EEDpOT_+0x2ba>
  406eea:	48 89 c7             	mov    rdi,rax
  406eed:	e8 be b1 ff ff       	call   4020b0 <__cxa_begin_catch@plt>
  406ef2:	48 83 7d e8 00       	cmp    QWORD PTR [rbp-0x18],0x0
  406ef7:	75 24                	jne    406f1d <_ZNSt6vectorImSaImEE17_M_realloc_insertIJRKmEEEvN9__gnu_cxx17__normal_iteratorIPmS1_EEDpOT_+0x269>
  406ef9:	48 8b 45 c8          	mov    rax,QWORD PTR [rbp-0x38]
  406efd:	48 8d 14 c5 00 00 00 	lea    rdx,[rax*8+0x0]
  406f04:	00 
  406f05:	48 8b 45 c0          	mov    rax,QWORD PTR [rbp-0x40]
  406f09:	48 01 c2             	add    rdx,rax
  406f0c:	48 8b 45 a8          	mov    rax,QWORD PTR [rbp-0x58]
  406f10:	48 89 d6             	mov    rsi,rdx
  406f13:	48 89 c7             	mov    rdi,rax
  406f16:	e8 7e 0e 00 00       	call   407d99 <_ZNSt16allocator_traitsISaImEE7destroyImEEvRS0_PT_>
  406f1b:	eb 22                	jmp    406f3f <_ZNSt6vectorImSaImEE17_M_realloc_insertIJRKmEEEvN9__gnu_cxx17__normal_iteratorIPmS1_EEDpOT_+0x28b>
  406f1d:	48 8b 45 a8          	mov    rax,QWORD PTR [rbp-0x58]
  406f21:	48 89 c7             	mov    rdi,rax
  406f24:	e8 c7 f0 ff ff       	call   405ff0 <_ZNSt12_Vector_baseImSaImEE19_M_get_Tp_allocatorEv>
  406f29:	48 89 c2             	mov    rdx,rax
  406f2c:	48 8b 4d e8          	mov    rcx,QWORD PTR [rbp-0x18]
  406f30:	48 8b 45 c0          	mov    rax,QWORD PTR [rbp-0x40]
  406f34:	48 89 ce             	mov    rsi,rcx
  406f37:	48 89 c7             	mov    rdi,rax
  406f3a:	e8 bf f0 ff ff       	call   405ffe <_ZSt8_DestroyIPmmEvT_S1_RSaIT0_E>
  406f3f:	48 8b 45 a8          	mov    rax,QWORD PTR [rbp-0x58]
  406f43:	48 8b 55 e0          	mov    rdx,QWORD PTR [rbp-0x20]
  406f47:	48 8b 4d c0          	mov    rcx,QWORD PTR [rbp-0x40]
  406f4b:	48 89 ce             	mov    rsi,rcx
  406f4e:	48 89 c7             	mov    rdi,rax
  406f51:	e8 64 f0 ff ff       	call   405fba <_ZNSt12_Vector_baseImSaImEE13_M_deallocateEPmm>
  406f56:	e8 95 b3 ff ff       	call   4022f0 <__cxa_rethrow@plt>
  406f5b:	48 89 c3             	mov    rbx,rax
  406f5e:	e8 dd b3 ff ff       	call   402340 <__cxa_end_catch@plt>
  406f63:	48 89 d8             	mov    rax,rbx
  406f66:	48 89 c7             	mov    rdi,rax
  406f69:	e8 22 b4 ff ff       	call   402390 <_Unwind_Resume@plt>
  406f6e:	48 8b 5d f8          	mov    rbx,QWORD PTR [rbp-0x8]
  406f72:	c9                   	leave  
  406f73:	c3                   	ret    

0000000000406f74 <_ZNKSt6vectorImSaImEE11_M_data_ptrImEEPT_S4_>:
  406f74:	55                   	push   rbp
  406f75:	48 89 e5             	mov    rbp,rsp
  406f78:	48 89 7d f8          	mov    QWORD PTR [rbp-0x8],rdi
  406f7c:	48 89 75 f0          	mov    QWORD PTR [rbp-0x10],rsi
  406f80:	48 8b 45 f0          	mov    rax,QWORD PTR [rbp-0x10]
  406f84:	5d                   	pop    rbp
  406f85:	c3                   	ret    

0000000000406f86 <_ZSt6__sortIN9__gnu_cxx17__normal_iteratorIPmSt6vectorImSaImEEEENS0_5__ops15_Iter_less_iterEEvT_S9_T0_>:
  406f86:	55                   	push   rbp
  406f87:	48 89 e5             	mov    rbp,rsp
  406f8a:	48 83 ec 20          	sub    rsp,0x20
  406f8e:	48 89 7d f8          	mov    QWORD PTR [rbp-0x8],rdi
  406f92:	48 89 75 f0          	mov    QWORD PTR [rbp-0x10],rsi
  406f96:	48 8d 55 f0          	lea    rdx,[rbp-0x10]
  406f9a:	48 8d 45 f8          	lea    rax,[rbp-0x8]
  406f9e:	48 89 d6             	mov    rsi,rdx
  406fa1:	48 89 c7             	mov    rdi,rax
  406fa4:	e8 ac eb ff ff       	call   405b55 <_ZN9__gnu_cxxneIPmSt6vectorImSaImEEEEbRKNS_17__normal_iteratorIT_T0_EESA_>
  406fa9:	84 c0                	test   al,al
  406fab:	74 45                	je     406ff2 <_ZSt6__sortIN9__gnu_cxx17__normal_iteratorIPmSt6vectorImSaImEEEENS0_5__ops15_Iter_less_iterEEvT_S9_T0_+0x6c>
  406fad:	48 8d 55 f8          	lea    rdx,[rbp-0x8]
  406fb1:	48 8d 45 f0          	lea    rax,[rbp-0x10]
  406fb5:	48 89 d6             	mov    rsi,rdx
  406fb8:	48 89 c7             	mov    rdi,rax
  406fbb:	e8 e8 f3 ff ff       	call   4063a8 <_ZN9__gnu_cxxmiIPmSt6vectorImSaImEEEENS_17__normal_iteratorIT_T0_E15difference_typeERKS8_SB_>
  406fc0:	48 89 c7             	mov    rdi,rax
  406fc3:	e8 18 e2 ff ff       	call   4051e0 <_ZSt4__lgl>
  406fc8:	48 8d 14 00          	lea    rdx,[rax+rax*1]
  406fcc:	48 8b 4d f0          	mov    rcx,QWORD PTR [rbp-0x10]
  406fd0:	48 8b 45 f8          	mov    rax,QWORD PTR [rbp-0x8]
  406fd4:	48 89 ce             	mov    rsi,rcx
  406fd7:	48 89 c7             	mov    rdi,rax
  406fda:	e8 e0 0d 00 00       	call   407dbf <_ZSt16__introsort_loopIN9__gnu_cxx17__normal_iteratorIPmSt6vectorImSaImEEEElNS0_5__ops15_Iter_less_iterEEvT_S9_T0_T1_>
  406fdf:	48 8b 55 f0          	mov    rdx,QWORD PTR [rbp-0x10]
  406fe3:	48 8b 45 f8          	mov    rax,QWORD PTR [rbp-0x8]
  406fe7:	48 89 d6             	mov    rsi,rdx
  406fea:	48 89 c7             	mov    rdi,rax
  406fed:	e8 5e 0e 00 00       	call   407e50 <_ZSt22__final_insertion_sortIN9__gnu_cxx17__normal_iteratorIPmSt6vectorImSaImEEEENS0_5__ops15_Iter_less_iterEEvT_S9_T0_>
  406ff2:	90                   	nop
  406ff3:	c9                   	leave  
  406ff4:	c3                   	ret    
  406ff5:	90                   	nop

0000000000406ff6 <_ZNK9__gnu_cxx17__normal_iteratorIPmSt6vectorImSaImEEE4baseEv>:
  406ff6:	55                   	push   rbp
  406ff7:	48 89 e5             	mov    rbp,rsp
  406ffa:	48 89 7d f8          	mov    QWORD PTR [rbp-0x8],rdi
  406ffe:	48 8b 45 f8          	mov    rax,QWORD PTR [rbp-0x8]
  407002:	5d                   	pop    rbp
  407003:	c3                   	ret    

0000000000407004 <_ZNKSt6vectorImSaImEE5beginEv>:
  407004:	55                   	push   rbp
  407005:	48 89 e5             	mov    rbp,rsp
  407008:	48 83 ec 20          	sub    rsp,0x20
  40700c:	48 89 7d e8          	mov    QWORD PTR [rbp-0x18],rdi
  407010:	48 8b 55 e8          	mov    rdx,QWORD PTR [rbp-0x18]
  407014:	48 8d 45 f8          	lea    rax,[rbp-0x8]
  407018:	48 89 d6             	mov    rsi,rdx
  40701b:	48 89 c7             	mov    rdi,rax
  40701e:	e8 b9 0e 00 00       	call   407edc <_ZN9__gnu_cxx17__normal_iteratorIPKmSt6vectorImSaImEEEC1ERKS2_>
  407023:	48 8b 45 f8          	mov    rax,QWORD PTR [rbp-0x8]
  407027:	c9                   	leave  
  407028:	c3                   	ret    
  407029:	90                   	nop

000000000040702a <_ZNKSt6vectorImSaImEE3endEv>:
  40702a:	55                   	push   rbp
  40702b:	48 89 e5             	mov    rbp,rsp
  40702e:	48 83 ec 20          	sub    rsp,0x20
  407032:	48 89 7d e8          	mov    QWORD PTR [rbp-0x18],rdi
  407036:	48 8b 45 e8          	mov    rax,QWORD PTR [rbp-0x18]
  40703a:	48 8d 50 08          	lea    rdx,[rax+0x8]
  40703e:	48 8d 45 f8          	lea    rax,[rbp-0x8]
  407042:	48 89 d6             	mov    rsi,rdx
  407045:	48 89 c7             	mov    rdi,rax
  407048:	e8 8f 0e 00 00       	call   407edc <_ZN9__gnu_cxx17__normal_iteratorIPKmSt6vectorImSaImEEEC1ERKS2_>
  40704d:	48 8b 45 f8          	mov    rax,QWORD PTR [rbp-0x8]
  407051:	c9                   	leave  
  407052:	c3                   	ret    

0000000000407053 <_ZN9__gnu_cxxeqIPKmSt6vectorImSaImEEEEbRKNS_17__normal_iteratorIT_T0_EESB_>:
  407053:	55                   	push   rbp
  407054:	48 89 e5             	mov    rbp,rsp
  407057:	53                   	push   rbx
  407058:	48 83 ec 18          	sub    rsp,0x18
  40705c:	48 89 7d e8          	mov    QWORD PTR [rbp-0x18],rdi
  407060:	48 89 75 e0          	mov    QWORD PTR [rbp-0x20],rsi
  407064:	48 8b 45 e8          	mov    rax,QWORD PTR [rbp-0x18]
  407068:	48 89 c7             	mov    rdi,rax
  40706b:	e8 8a 0e 00 00       	call   407efa <_ZNK9__gnu_cxx17__normal_iteratorIPKmSt6vectorImSaImEEE4baseEv>
  407070:	48 8b 18             	mov    rbx,QWORD PTR [rax]
  407073:	48 8b 45 e0          	mov    rax,QWORD PTR [rbp-0x20]
  407077:	48 89 c7             	mov    rdi,rax
  40707a:	e8 7b 0e 00 00       	call   407efa <_ZNK9__gnu_cxx17__normal_iteratorIPKmSt6vectorImSaImEEE4baseEv>
  40707f:	48 8b 00             	mov    rax,QWORD PTR [rax]
  407082:	48 39 c3             	cmp    rbx,rax
  407085:	0f 94 c0             	sete   al
  407088:	48 8b 5d f8          	mov    rbx,QWORD PTR [rbp-0x8]
  40708c:	c9                   	leave  
  40708d:	c3                   	ret    

000000000040708e <_ZNKSt12_Vector_baseImSaImEE19_M_get_Tp_allocatorEv>:
  40708e:	55                   	push   rbp
  40708f:	48 89 e5             	mov    rbp,rsp
  407092:	48 89 7d f8          	mov    QWORD PTR [rbp-0x8],rdi
  407096:	48 8b 45 f8          	mov    rax,QWORD PTR [rbp-0x8]
  40709a:	5d                   	pop    rbp
  40709b:	c3                   	ret    

000000000040709c <_ZStneRKSaImES1_>:
  40709c:	55                   	push   rbp
  40709d:	48 89 e5             	mov    rbp,rsp
  4070a0:	48 89 7d f8          	mov    QWORD PTR [rbp-0x8],rdi
  4070a4:	48 89 75 f0          	mov    QWORD PTR [rbp-0x10],rsi
  4070a8:	b8 00 00 00 00       	mov    eax,0x0
  4070ad:	5d                   	pop    rbp
  4070ae:	c3                   	ret    

00000000004070af <_ZSt15__alloc_on_copyISaImEEvRT_RKS1_>:
  4070af:	55                   	push   rbp
  4070b0:	48 89 e5             	mov    rbp,rsp
  4070b3:	48 83 ec 10          	sub    rsp,0x10
  4070b7:	48 89 7d f8          	mov    QWORD PTR [rbp-0x8],rdi
  4070bb:	48 89 75 f0          	mov    QWORD PTR [rbp-0x10],rsi
  4070bf:	48 8b 55 f0          	mov    rdx,QWORD PTR [rbp-0x10]
  4070c3:	48 8b 45 f8          	mov    rax,QWORD PTR [rbp-0x8]
  4070c7:	48 89 d6             	mov    rsi,rdx
  4070ca:	48 89 c7             	mov    rdi,rax
  4070cd:	e8 36 0e 00 00       	call   407f08 <_ZSt18__do_alloc_on_copyISaImEEvRT_RKS1_St17integral_constantIbLb0EE>
  4070d2:	90                   	nop
  4070d3:	c9                   	leave  
  4070d4:	c3                   	ret    
  4070d5:	90                   	nop

00000000004070d6 <_ZNKSt6vectorImSaImEE8capacityEv>:
  4070d6:	55                   	push   rbp
  4070d7:	48 89 e5             	mov    rbp,rsp
  4070da:	48 89 7d f8          	mov    QWORD PTR [rbp-0x8],rdi
  4070de:	48 8b 45 f8          	mov    rax,QWORD PTR [rbp-0x8]
  4070e2:	48 8b 50 10          	mov    rdx,QWORD PTR [rax+0x10]
  4070e6:	48 8b 45 f8          	mov    rax,QWORD PTR [rbp-0x8]
  4070ea:	48 8b 08             	mov    rcx,QWORD PTR [rax]
  4070ed:	48 89 d0             	mov    rax,rdx
  4070f0:	48 29 c8             	sub    rax,rcx
  4070f3:	48 c1 f8 03          	sar    rax,0x3
  4070f7:	5d                   	pop    rbp
  4070f8:	c3                   	ret    
  4070f9:	90                   	nop

00000000004070fa <_ZNSt6vectorImSaImEE20_M_allocate_and_copyIN9__gnu_cxx17__normal_iteratorIPKmS1_EEEEPmmT_S9_>:
  4070fa:	55                   	push   rbp
  4070fb:	48 89 e5             	mov    rbp,rsp
  4070fe:	53                   	push   rbx
  4070ff:	48 83 ec 38          	sub    rsp,0x38
  407103:	48 89 7d d8          	mov    QWORD PTR [rbp-0x28],rdi
  407107:	48 89 75 d0          	mov    QWORD PTR [rbp-0x30],rsi
  40710b:	48 89 55 c8          	mov    QWORD PTR [rbp-0x38],rdx
  40710f:	48 89 4d c0          	mov    QWORD PTR [rbp-0x40],rcx
  407113:	48 8b 45 d8          	mov    rax,QWORD PTR [rbp-0x28]
  407117:	48 8b 55 d0          	mov    rdx,QWORD PTR [rbp-0x30]
  40711b:	48 89 d6             	mov    rsi,rdx
  40711e:	48 89 c7             	mov    rdi,rax
  407121:	e8 6e 0b 00 00       	call   407c94 <_ZNSt12_Vector_baseImSaImEE11_M_allocateEm>
  407126:	48 89 45 e8          	mov    QWORD PTR [rbp-0x18],rax
  40712a:	48 8b 45 d8          	mov    rax,QWORD PTR [rbp-0x28]
  40712e:	48 89 c7             	mov    rdi,rax
  407131:	e8 ba ee ff ff       	call   405ff0 <_ZNSt12_Vector_baseImSaImEE19_M_get_Tp_allocatorEv>
  407136:	48 89 c1             	mov    rcx,rax
  407139:	48 8b 55 e8          	mov    rdx,QWORD PTR [rbp-0x18]
  40713d:	48 8b 75 c0          	mov    rsi,QWORD PTR [rbp-0x40]
  407141:	48 8b 45 c8          	mov    rax,QWORD PTR [rbp-0x38]
  407145:	48 89 c7             	mov    rdi,rax
  407148:	e8 ca 0d 00 00       	call   407f17 <_ZSt22__uninitialized_copy_aIN9__gnu_cxx17__normal_iteratorIPKmSt6vectorImSaImEEEEPmmET0_T_SA_S9_RSaIT1_E>
  40714d:	48 8b 45 e8          	mov    rax,QWORD PTR [rbp-0x18]
  407151:	eb 37                	jmp    40718a <_ZNSt6vectorImSaImEE20_M_allocate_and_copyIN9__gnu_cxx17__normal_iteratorIPKmS1_EEEEPmmT_S9_+0x90>
  407153:	48 89 c7             	mov    rdi,rax
  407156:	e8 55 af ff ff       	call   4020b0 <__cxa_begin_catch@plt>
  40715b:	48 8b 45 d8          	mov    rax,QWORD PTR [rbp-0x28]
  40715f:	48 8b 55 d0          	mov    rdx,QWORD PTR [rbp-0x30]
  407163:	48 8b 4d e8          	mov    rcx,QWORD PTR [rbp-0x18]
  407167:	48 89 ce             	mov    rsi,rcx
  40716a:	48 89 c7             	mov    rdi,rax
  40716d:	e8 48 ee ff ff       	call   405fba <_ZNSt12_Vector_baseImSaImEE13_M_deallocateEPmm>
  407172:	e8 79 b1 ff ff       	call   4022f0 <__cxa_rethrow@plt>
  407177:	48 89 c3             	mov    rbx,rax
  40717a:	e8 c1 b1 ff ff       	call   402340 <__cxa_end_catch@plt>
  40717f:	48 89 d8             	mov    rax,rbx
  407182:	48 89 c7             	mov    rdi,rax
  407185:	e8 06 b2 ff ff       	call   402390 <_Unwind_Resume@plt>
  40718a:	48 8b 5d f8          	mov    rbx,QWORD PTR [rbp-0x8]
  40718e:	c9                   	leave  
  40718f:	c3                   	ret    

0000000000407190 <_ZSt4copyIN9__gnu_cxx17__normal_iteratorIPKmSt6vectorImSaImEEEENS1_IPmS6_EEET0_T_SB_SA_>:
  407190:	55                   	push   rbp
  407191:	48 89 e5             	mov    rbp,rsp
  407194:	53                   	push   rbx
  407195:	48 83 ec 28          	sub    rsp,0x28
  407199:	48 89 7d e8          	mov    QWORD PTR [rbp-0x18],rdi
  40719d:	48 89 75 e0          	mov    QWORD PTR [rbp-0x20],rsi
  4071a1:	48 89 55 d8          	mov    QWORD PTR [rbp-0x28],rdx
  4071a5:	48 8b 45 e0          	mov    rax,QWORD PTR [rbp-0x20]
  4071a9:	48 89 c7             	mov    rdi,rax
  4071ac:	e8 97 0d 00 00       	call   407f48 <_ZSt12__miter_baseIN9__gnu_cxx17__normal_iteratorIPKmSt6vectorImSaImEEEEET_S8_>
  4071b1:	48 89 c3             	mov    rbx,rax
  4071b4:	48 8b 45 e8          	mov    rax,QWORD PTR [rbp-0x18]
  4071b8:	48 89 c7             	mov    rdi,rax
  4071bb:	e8 88 0d 00 00       	call   407f48 <_ZSt12__miter_baseIN9__gnu_cxx17__normal_iteratorIPKmSt6vectorImSaImEEEEET_S8_>
  4071c0:	48 89 c1             	mov    rcx,rax
  4071c3:	48 8b 45 d8          	mov    rax,QWORD PTR [rbp-0x28]
  4071c7:	48 89 c2             	mov    rdx,rax
  4071ca:	48 89 de             	mov    rsi,rbx
  4071cd:	48 89 cf             	mov    rdi,rcx
  4071d0:	e8 81 0d 00 00       	call   407f56 <_ZSt13__copy_move_aILb0EN9__gnu_cxx17__normal_iteratorIPKmSt6vectorImSaImEEEENS1_IPmS6_EEET1_T0_SB_SA_>
  4071d5:	48 8b 5d f8          	mov    rbx,QWORD PTR [rbp-0x8]
  4071d9:	c9                   	leave  
  4071da:	c3                   	ret    

00000000004071db <_ZSt8_DestroyIN9__gnu_cxx17__normal_iteratorIPmSt6vectorImSaImEEEEmEvT_S7_RSaIT0_E>:
  4071db:	55                   	push   rbp
  4071dc:	48 89 e5             	mov    rbp,rsp
  4071df:	48 83 ec 20          	sub    rsp,0x20
  4071e3:	48 89 7d f8          	mov    QWORD PTR [rbp-0x8],rdi
  4071e7:	48 89 75 f0          	mov    QWORD PTR [rbp-0x10],rsi
  4071eb:	48 89 55 e8          	mov    QWORD PTR [rbp-0x18],rdx
  4071ef:	48 8b 55 f0          	mov    rdx,QWORD PTR [rbp-0x10]
  4071f3:	48 8b 45 f8          	mov    rax,QWORD PTR [rbp-0x8]
  4071f7:	48 89 d6             	mov    rsi,rdx
  4071fa:	48 89 c7             	mov    rdi,rax
  4071fd:	e8 be 0d 00 00       	call   407fc0 <_ZSt8_DestroyIN9__gnu_cxx17__normal_iteratorIPmSt6vectorImSaImEEEEEvT_S7_>
  407202:	90                   	nop
  407203:	c9                   	leave  
  407204:	c3                   	ret    

0000000000407205 <_ZSt4copyIPmS0_ET0_T_S2_S1_>:
  407205:	55                   	push   rbp
  407206:	48 89 e5             	mov    rbp,rsp
  407209:	53                   	push   rbx
  40720a:	48 83 ec 28          	sub    rsp,0x28
  40720e:	48 89 7d e8          	mov    QWORD PTR [rbp-0x18],rdi
  407212:	48 89 75 e0          	mov    QWORD PTR [rbp-0x20],rsi
  407216:	48 89 55 d8          	mov    QWORD PTR [rbp-0x28],rdx
  40721a:	48 8b 45 e0          	mov    rax,QWORD PTR [rbp-0x20]
  40721e:	48 89 c7             	mov    rdi,rax
  407221:	e8 c0 0d 00 00       	call   407fe6 <_ZSt12__miter_baseIPmET_S1_>
  407226:	48 89 c3             	mov    rbx,rax
  407229:	48 8b 45 e8          	mov    rax,QWORD PTR [rbp-0x18]
  40722d:	48 89 c7             	mov    rdi,rax
  407230:	e8 b1 0d 00 00       	call   407fe6 <_ZSt12__miter_baseIPmET_S1_>
  407235:	48 89 c1             	mov    rcx,rax
  407238:	48 8b 45 d8          	mov    rax,QWORD PTR [rbp-0x28]
  40723c:	48 89 c2             	mov    rdx,rax
  40723f:	48 89 de             	mov    rsi,rbx
  407242:	48 89 cf             	mov    rdi,rcx
  407245:	e8 aa 0d 00 00       	call   407ff4 <_ZSt13__copy_move_aILb0EPmS0_ET1_T0_S2_S1_>
  40724a:	48 8b 5d f8          	mov    rbx,QWORD PTR [rbp-0x8]
  40724e:	c9                   	leave  
  40724f:	c3                   	ret    

0000000000407250 <_ZSt22__uninitialized_copy_aIPmS0_mET0_T_S2_S1_RSaIT1_E>:
  407250:	55                   	push   rbp
  407251:	48 89 e5             	mov    rbp,rsp
  407254:	48 83 ec 20          	sub    rsp,0x20
  407258:	48 89 7d f8          	mov    QWORD PTR [rbp-0x8],rdi
  40725c:	48 89 75 f0          	mov    QWORD PTR [rbp-0x10],rsi
  407260:	48 89 55 e8          	mov    QWORD PTR [rbp-0x18],rdx
  407264:	48 89 4d e0          	mov    QWORD PTR [rbp-0x20],rcx
  407268:	48 8b 55 e8          	mov    rdx,QWORD PTR [rbp-0x18]
  40726c:	48 8b 4d f0          	mov    rcx,QWORD PTR [rbp-0x10]
  407270:	48 8b 45 f8          	mov    rax,QWORD PTR [rbp-0x8]
  407274:	48 89 ce             	mov    rsi,rcx
  407277:	48 89 c7             	mov    rdi,rax
  40727a:	e8 df 0d 00 00       	call   40805e <_ZSt18uninitialized_copyIPmS0_ET0_T_S2_S1_>
  40727f:	c9                   	leave  
  407280:	c3                   	ret    

0000000000407281 <_ZN9__gnu_cxx5__ops17__iter_equals_valIKmEENS0_16_Iter_equals_valIT_EERS4_>:
  407281:	55                   	push   rbp
  407282:	48 89 e5             	mov    rbp,rsp
  407285:	48 83 ec 20          	sub    rsp,0x20
  407289:	48 89 7d e8          	mov    QWORD PTR [rbp-0x18],rdi
  40728d:	48 8b 55 e8          	mov    rdx,QWORD PTR [rbp-0x18]
  407291:	48 8d 45 f8          	lea    rax,[rbp-0x8]
  407295:	48 89 d6             	mov    rsi,rdx
  407298:	48 89 c7             	mov    rdi,rax
  40729b:	e8 f0 0d 00 00       	call   408090 <_ZN9__gnu_cxx5__ops16_Iter_equals_valIKmEC1ERS2_>
  4072a0:	48 8b 45 f8          	mov    rax,QWORD PTR [rbp-0x8]
  4072a4:	c9                   	leave  
  4072a5:	c3                   	ret    

00000000004072a6 <_ZSt9__find_ifIN9__gnu_cxx17__normal_iteratorIPmSt6vectorImSaImEEEENS0_5__ops16_Iter_equals_valIKmEEET_SB_SB_T0_>:
  4072a6:	55                   	push   rbp
  4072a7:	48 89 e5             	mov    rbp,rsp
  4072aa:	48 83 ec 20          	sub    rsp,0x20
  4072ae:	48 89 7d f8          	mov    QWORD PTR [rbp-0x8],rdi
  4072b2:	48 89 75 f0          	mov    QWORD PTR [rbp-0x10],rsi
  4072b6:	48 89 55 e8          	mov    QWORD PTR [rbp-0x18],rdx
  4072ba:	48 8d 45 f8          	lea    rax,[rbp-0x8]
  4072be:	48 89 c7             	mov    rdi,rax
  4072c1:	e8 e4 0d 00 00       	call   4080aa <_ZSt19__iterator_categoryIN9__gnu_cxx17__normal_iteratorIPmSt6vectorImSaImEEEEENSt15iterator_traitsIT_E17iterator_categoryERKS8_>
  4072c6:	48 8b 55 e8          	mov    rdx,QWORD PTR [rbp-0x18]
  4072ca:	48 8b 4d f0          	mov    rcx,QWORD PTR [rbp-0x10]
  4072ce:	48 8b 45 f8          	mov    rax,QWORD PTR [rbp-0x8]
  4072d2:	48 89 ce             	mov    rsi,rcx
  4072d5:	48 89 c7             	mov    rdi,rax
  4072d8:	e8 d8 0d 00 00       	call   4080b5 <_ZSt9__find_ifIN9__gnu_cxx17__normal_iteratorIPmSt6vectorImSaImEEEENS0_5__ops16_Iter_equals_valIKmEEET_SB_SB_T0_St26random_access_iterator_tag>
  4072dd:	c9                   	leave  
  4072de:	c3                   	ret    

00000000004072df <_ZNSt16allocator_traitsISaImEE10deallocateERS0_Pmm>:
  4072df:	55                   	push   rbp
  4072e0:	48 89 e5             	mov    rbp,rsp
  4072e3:	48 83 ec 20          	sub    rsp,0x20
  4072e7:	48 89 7d f8          	mov    QWORD PTR [rbp-0x8],rdi
  4072eb:	48 89 75 f0          	mov    QWORD PTR [rbp-0x10],rsi
  4072ef:	48 89 55 e8          	mov    QWORD PTR [rbp-0x18],rdx
  4072f3:	48 8b 55 e8          	mov    rdx,QWORD PTR [rbp-0x18]
  4072f7:	48 8b 4d f0          	mov    rcx,QWORD PTR [rbp-0x10]
  4072fb:	48 8b 45 f8          	mov    rax,QWORD PTR [rbp-0x8]
  4072ff:	48 89 ce             	mov    rsi,rcx
  407302:	48 89 c7             	mov    rdi,rax
  407305:	e8 52 0f 00 00       	call   40825c <_ZN9__gnu_cxx13new_allocatorImE10deallocateEPmm>
  40730a:	90                   	nop
  40730b:	c9                   	leave  
  40730c:	c3                   	ret    

000000000040730d <_ZSt8_DestroyIPmEvT_S1_>:
  40730d:	55                   	push   rbp
  40730e:	48 89 e5             	mov    rbp,rsp
  407311:	48 83 ec 10          	sub    rsp,0x10
  407315:	48 89 7d f8          	mov    QWORD PTR [rbp-0x8],rdi
  407319:	48 89 75 f0          	mov    QWORD PTR [rbp-0x10],rsi
  40731d:	48 8b 55 f0          	mov    rdx,QWORD PTR [rbp-0x10]
  407321:	48 8b 45 f8          	mov    rax,QWORD PTR [rbp-0x8]
  407325:	48 89 d6             	mov    rsi,rdx
  407328:	48 89 c7             	mov    rdi,rax
  40732b:	e8 4f 0f 00 00       	call   40827f <_ZNSt12_Destroy_auxILb1EE9__destroyIPmEEvT_S3_>
  407330:	90                   	nop
  407331:	c9                   	leave  
  407332:	c3                   	ret    

0000000000407333 <_ZSt7forwardImEOT_RNSt16remove_referenceIS0_E4typeE>:
  407333:	55                   	push   rbp
  407334:	48 89 e5             	mov    rbp,rsp
  407337:	48 89 7d f8          	mov    QWORD PTR [rbp-0x8],rdi
  40733b:	48 8b 45 f8          	mov    rax,QWORD PTR [rbp-0x8]
  40733f:	5d                   	pop    rbp
  407340:	c3                   	ret    

0000000000407341 <_ZNSt16allocator_traitsISaImEE9constructImJmEEEvRS0_PT_DpOT0_>:
  407341:	55                   	push   rbp
  407342:	48 89 e5             	mov    rbp,rsp
  407345:	48 83 ec 20          	sub    rsp,0x20
  407349:	48 89 7d f8          	mov    QWORD PTR [rbp-0x8],rdi
  40734d:	48 89 75 f0          	mov    QWORD PTR [rbp-0x10],rsi
  407351:	48 89 55 e8          	mov    QWORD PTR [rbp-0x18],rdx
  407355:	48 8b 45 e8          	mov    rax,QWORD PTR [rbp-0x18]
  407359:	48 89 c7             	mov    rdi,rax
  40735c:	e8 d2 ff ff ff       	call   407333 <_ZSt7forwardImEOT_RNSt16remove_referenceIS0_E4typeE>
  407361:	48 89 c2             	mov    rdx,rax
  407364:	48 8b 4d f0          	mov    rcx,QWORD PTR [rbp-0x10]
  407368:	48 8b 45 f8          	mov    rax,QWORD PTR [rbp-0x8]
  40736c:	48 89 ce             	mov    rsi,rcx
  40736f:	48 89 c7             	mov    rdi,rax
  407372:	e8 17 0f 00 00       	call   40828e <_ZN9__gnu_cxx13new_allocatorImE9constructImJmEEEvPT_DpOT0_>
  407377:	90                   	nop
  407378:	c9                   	leave  
  407379:	c3                   	ret    

000000000040737a <_ZNSt6vectorImSaImEE17_M_realloc_insertIJmEEEvN9__gnu_cxx17__normal_iteratorIPmS1_EEDpOT_>:
  40737a:	55                   	push   rbp
  40737b:	48 89 e5             	mov    rbp,rsp
  40737e:	53                   	push   rbx
  40737f:	48 83 ec 68          	sub    rsp,0x68
  407383:	48 89 7d a8          	mov    QWORD PTR [rbp-0x58],rdi
  407387:	48 89 75 a0          	mov    QWORD PTR [rbp-0x60],rsi
  40738b:	48 89 55 98          	mov    QWORD PTR [rbp-0x68],rdx
  40738f:	48 8b 45 a8          	mov    rax,QWORD PTR [rbp-0x58]
  407393:	ba b8 a5 40 00       	mov    edx,0x40a5b8
  407398:	be 01 00 00 00       	mov    esi,0x1
  40739d:	48 89 c7             	mov    rdi,rax
  4073a0:	e8 27 08 00 00       	call   407bcc <_ZNKSt6vectorImSaImEE12_M_check_lenEmPKc>
  4073a5:	48 89 45 e0          	mov    QWORD PTR [rbp-0x20],rax
  4073a9:	48 8b 45 a8          	mov    rax,QWORD PTR [rbp-0x58]
  4073ad:	48 8b 00             	mov    rax,QWORD PTR [rax]
  4073b0:	48 89 45 d8          	mov    QWORD PTR [rbp-0x28],rax
  4073b4:	48 8b 45 a8          	mov    rax,QWORD PTR [rbp-0x58]
  4073b8:	48 8b 40 08          	mov    rax,QWORD PTR [rax+0x8]
  4073bc:	48 89 45 d0          	mov    QWORD PTR [rbp-0x30],rax
  4073c0:	48 8b 45 a8          	mov    rax,QWORD PTR [rbp-0x58]
  4073c4:	48 89 c7             	mov    rdi,rax
  4073c7:	e8 e2 e2 ff ff       	call   4056ae <_ZNSt6vectorImSaImEE5beginEv>
  4073cc:	48 89 45 b8          	mov    QWORD PTR [rbp-0x48],rax
  4073d0:	48 8d 55 b8          	lea    rdx,[rbp-0x48]
  4073d4:	48 8d 45 a0          	lea    rax,[rbp-0x60]
  4073d8:	48 89 d6             	mov    rsi,rdx
  4073db:	48 89 c7             	mov    rdi,rax
  4073de:	e8 c5 ef ff ff       	call   4063a8 <_ZN9__gnu_cxxmiIPmSt6vectorImSaImEEEENS_17__normal_iteratorIT_T0_E15difference_typeERKS8_SB_>
  4073e3:	48 89 45 c8          	mov    QWORD PTR [rbp-0x38],rax
  4073e7:	48 8b 45 a8          	mov    rax,QWORD PTR [rbp-0x58]
  4073eb:	48 8b 55 e0          	mov    rdx,QWORD PTR [rbp-0x20]
  4073ef:	48 89 d6             	mov    rsi,rdx
  4073f2:	48 89 c7             	mov    rdi,rax
  4073f5:	e8 9a 08 00 00       	call   407c94 <_ZNSt12_Vector_baseImSaImEE11_M_allocateEm>
  4073fa:	48 89 45 c0          	mov    QWORD PTR [rbp-0x40],rax
  4073fe:	48 8b 45 c0          	mov    rax,QWORD PTR [rbp-0x40]
  407402:	48 89 45 e8          	mov    QWORD PTR [rbp-0x18],rax
  407406:	48 8b 45 98          	mov    rax,QWORD PTR [rbp-0x68]
  40740a:	48 89 c7             	mov    rdi,rax
  40740d:	e8 21 ff ff ff       	call   407333 <_ZSt7forwardImEOT_RNSt16remove_referenceIS0_E4typeE>
  407412:	48 89 c2             	mov    rdx,rax
  407415:	48 8b 45 c8          	mov    rax,QWORD PTR [rbp-0x38]
  407419:	48 8d 0c c5 00 00 00 	lea    rcx,[rax*8+0x0]
  407420:	00 
  407421:	48 8b 45 c0          	mov    rax,QWORD PTR [rbp-0x40]
  407425:	48 01 c1             	add    rcx,rax
  407428:	48 8b 45 a8          	mov    rax,QWORD PTR [rbp-0x58]
  40742c:	48 89 ce             	mov    rsi,rcx
  40742f:	48 89 c7             	mov    rdi,rax
  407432:	e8 0a ff ff ff       	call   407341 <_ZNSt16allocator_traitsISaImEE9constructImJmEEEvRS0_PT_DpOT0_>
  407437:	48 c7 45 e8 00 00 00 	mov    QWORD PTR [rbp-0x18],0x0
  40743e:	00 
  40743f:	e8 55 f8 ff ff       	call   406c99 <_ZNSt6vectorImSaImEE15_S_use_relocateEv>
  407444:	84 c0                	test   al,al
  407446:	74 71                	je     4074b9 <_ZNSt6vectorImSaImEE17_M_realloc_insertIJmEEEvN9__gnu_cxx17__normal_iteratorIPmS1_EEDpOT_+0x13f>
  407448:	48 8b 45 a8          	mov    rax,QWORD PTR [rbp-0x58]
  40744c:	48 89 c7             	mov    rdi,rax
  40744f:	e8 9c eb ff ff       	call   405ff0 <_ZNSt12_Vector_baseImSaImEE19_M_get_Tp_allocatorEv>
  407454:	48 89 c3             	mov    rbx,rax
  407457:	48 8d 45 a0          	lea    rax,[rbp-0x60]
  40745b:	48 89 c7             	mov    rdi,rax
  40745e:	e8 93 fb ff ff       	call   406ff6 <_ZNK9__gnu_cxx17__normal_iteratorIPmSt6vectorImSaImEEE4baseEv>
  407463:	48 8b 30             	mov    rsi,QWORD PTR [rax]
  407466:	48 8b 55 c0          	mov    rdx,QWORD PTR [rbp-0x40]
  40746a:	48 8b 45 d8          	mov    rax,QWORD PTR [rbp-0x28]
  40746e:	48 89 d9             	mov    rcx,rbx
  407471:	48 89 c7             	mov    rdi,rax
  407474:	e8 ee 08 00 00       	call   407d67 <_ZNSt6vectorImSaImEE11_S_relocateEPmS2_S2_RS0_>
  407479:	48 89 45 e8          	mov    QWORD PTR [rbp-0x18],rax
  40747d:	48 83 45 e8 08       	add    QWORD PTR [rbp-0x18],0x8
  407482:	48 8b 45 a8          	mov    rax,QWORD PTR [rbp-0x58]
  407486:	48 89 c7             	mov    rdi,rax
  407489:	e8 62 eb ff ff       	call   405ff0 <_ZNSt12_Vector_baseImSaImEE19_M_get_Tp_allocatorEv>
  40748e:	48 89 c3             	mov    rbx,rax
  407491:	48 8d 45 a0          	lea    rax,[rbp-0x60]
  407495:	48 89 c7             	mov    rdi,rax
  407498:	e8 59 fb ff ff       	call   406ff6 <_ZNK9__gnu_cxx17__normal_iteratorIPmSt6vectorImSaImEEE4baseEv>
  40749d:	48 8b 00             	mov    rax,QWORD PTR [rax]
  4074a0:	48 8b 55 e8          	mov    rdx,QWORD PTR [rbp-0x18]
  4074a4:	48 8b 75 d0          	mov    rsi,QWORD PTR [rbp-0x30]
  4074a8:	48 89 d9             	mov    rcx,rbx
  4074ab:	48 89 c7             	mov    rdi,rax
  4074ae:	e8 b4 08 00 00       	call   407d67 <_ZNSt6vectorImSaImEE11_S_relocateEPmS2_S2_RS0_>
  4074b3:	48 89 45 e8          	mov    QWORD PTR [rbp-0x18],rax
  4074b7:	eb 6f                	jmp    407528 <_ZNSt6vectorImSaImEE17_M_realloc_insertIJmEEEvN9__gnu_cxx17__normal_iteratorIPmS1_EEDpOT_+0x1ae>
  4074b9:	48 8b 45 a8          	mov    rax,QWORD PTR [rbp-0x58]
  4074bd:	48 89 c7             	mov    rdi,rax
  4074c0:	e8 2b eb ff ff       	call   405ff0 <_ZNSt12_Vector_baseImSaImEE19_M_get_Tp_allocatorEv>
  4074c5:	48 89 c3             	mov    rbx,rax
  4074c8:	48 8d 45 a0          	lea    rax,[rbp-0x60]
  4074cc:	48 89 c7             	mov    rdi,rax
  4074cf:	e8 22 fb ff ff       	call   406ff6 <_ZNK9__gnu_cxx17__normal_iteratorIPmSt6vectorImSaImEEE4baseEv>
  4074d4:	48 8b 30             	mov    rsi,QWORD PTR [rax]
  4074d7:	48 8b 55 c0          	mov    rdx,QWORD PTR [rbp-0x40]
  4074db:	48 8b 45 d8          	mov    rax,QWORD PTR [rbp-0x28]
  4074df:	48 89 d9             	mov    rcx,rbx
  4074e2:	48 89 c7             	mov    rdi,rax
  4074e5:	e8 dd 07 00 00       	call   407cc7 <_ZSt34__uninitialized_move_if_noexcept_aIPmS0_SaImEET0_T_S3_S2_RT1_>
  4074ea:	48 89 45 e8          	mov    QWORD PTR [rbp-0x18],rax
  4074ee:	48 83 45 e8 08       	add    QWORD PTR [rbp-0x18],0x8
  4074f3:	48 8b 45 a8          	mov    rax,QWORD PTR [rbp-0x58]
  4074f7:	48 89 c7             	mov    rdi,rax
  4074fa:	e8 f1 ea ff ff       	call   405ff0 <_ZNSt12_Vector_baseImSaImEE19_M_get_Tp_allocatorEv>
  4074ff:	48 89 c3             	mov    rbx,rax
  407502:	48 8d 45 a0          	lea    rax,[rbp-0x60]
  407506:	48 89 c7             	mov    rdi,rax
  407509:	e8 e8 fa ff ff       	call   406ff6 <_ZNK9__gnu_cxx17__normal_iteratorIPmSt6vectorImSaImEEE4baseEv>
  40750e:	48 8b 00             	mov    rax,QWORD PTR [rax]
  407511:	48 8b 55 e8          	mov    rdx,QWORD PTR [rbp-0x18]
  407515:	48 8b 75 d0          	mov    rsi,QWORD PTR [rbp-0x30]
  407519:	48 89 d9             	mov    rcx,rbx
  40751c:	48 89 c7             	mov    rdi,rax
  40751f:	e8 a3 07 00 00       	call   407cc7 <_ZSt34__uninitialized_move_if_noexcept_aIPmS0_SaImEET0_T_S3_S2_RT1_>
  407524:	48 89 45 e8          	mov    QWORD PTR [rbp-0x18],rax
  407528:	e8 6c f7 ff ff       	call   406c99 <_ZNSt6vectorImSaImEE15_S_use_relocateEv>
  40752d:	83 f0 01             	xor    eax,0x1
  407530:	84 c0                	test   al,al
  407532:	74 22                	je     407556 <_ZNSt6vectorImSaImEE17_M_realloc_insertIJmEEEvN9__gnu_cxx17__normal_iteratorIPmS1_EEDpOT_+0x1dc>
  407534:	48 8b 45 a8          	mov    rax,QWORD PTR [rbp-0x58]
  407538:	48 89 c7             	mov    rdi,rax
  40753b:	e8 b0 ea ff ff       	call   405ff0 <_ZNSt12_Vector_baseImSaImEE19_M_get_Tp_allocatorEv>
  407540:	48 89 c2             	mov    rdx,rax
  407543:	48 8b 4d d0          	mov    rcx,QWORD PTR [rbp-0x30]
  407547:	48 8b 45 d8          	mov    rax,QWORD PTR [rbp-0x28]
  40754b:	48 89 ce             	mov    rsi,rcx
  40754e:	48 89 c7             	mov    rdi,rax
  407551:	e8 a8 ea ff ff       	call   405ffe <_ZSt8_DestroyIPmmEvT_S1_RSaIT0_E>
  407556:	48 8b 45 a8          	mov    rax,QWORD PTR [rbp-0x58]
  40755a:	48 8b 55 a8          	mov    rdx,QWORD PTR [rbp-0x58]
  40755e:	48 8b 52 10          	mov    rdx,QWORD PTR [rdx+0x10]
  407562:	48 2b 55 d8          	sub    rdx,QWORD PTR [rbp-0x28]
  407566:	48 c1 fa 03          	sar    rdx,0x3
  40756a:	48 8b 4d d8          	mov    rcx,QWORD PTR [rbp-0x28]
  40756e:	48 89 ce             	mov    rsi,rcx
  407571:	48 89 c7             	mov    rdi,rax
  407574:	e8 41 ea ff ff       	call   405fba <_ZNSt12_Vector_baseImSaImEE13_M_deallocateEPmm>
  407579:	48 8b 45 a8          	mov    rax,QWORD PTR [rbp-0x58]
  40757d:	48 8b 55 c0          	mov    rdx,QWORD PTR [rbp-0x40]
  407581:	48 89 10             	mov    QWORD PTR [rax],rdx
  407584:	48 8b 45 a8          	mov    rax,QWORD PTR [rbp-0x58]
  407588:	48 8b 55 e8          	mov    rdx,QWORD PTR [rbp-0x18]
  40758c:	48 89 50 08          	mov    QWORD PTR [rax+0x8],rdx
  407590:	48 8b 45 e0          	mov    rax,QWORD PTR [rbp-0x20]
  407594:	48 8d 14 c5 00 00 00 	lea    rdx,[rax*8+0x0]
  40759b:	00 
  40759c:	48 8b 45 c0          	mov    rax,QWORD PTR [rbp-0x40]
  4075a0:	48 01 c2             	add    rdx,rax
  4075a3:	48 8b 45 a8          	mov    rax,QWORD PTR [rbp-0x58]
  4075a7:	48 89 50 10          	mov    QWORD PTR [rax+0x10],rdx
  4075ab:	e9 84 00 00 00       	jmp    407634 <_ZNSt6vectorImSaImEE17_M_realloc_insertIJmEEEvN9__gnu_cxx17__normal_iteratorIPmS1_EEDpOT_+0x2ba>
  4075b0:	48 89 c7             	mov    rdi,rax
  4075b3:	e8 f8 aa ff ff       	call   4020b0 <__cxa_begin_catch@plt>
  4075b8:	48 83 7d e8 00       	cmp    QWORD PTR [rbp-0x18],0x0
  4075bd:	75 24                	jne    4075e3 <_ZNSt6vectorImSaImEE17_M_realloc_insertIJmEEEvN9__gnu_cxx17__normal_iteratorIPmS1_EEDpOT_+0x269>
  4075bf:	48 8b 45 c8          	mov    rax,QWORD PTR [rbp-0x38]
  4075c3:	48 8d 14 c5 00 00 00 	lea    rdx,[rax*8+0x0]
  4075ca:	00 
  4075cb:	48 8b 45 c0          	mov    rax,QWORD PTR [rbp-0x40]
  4075cf:	48 01 c2             	add    rdx,rax
  4075d2:	48 8b 45 a8          	mov    rax,QWORD PTR [rbp-0x58]
  4075d6:	48 89 d6             	mov    rsi,rdx
  4075d9:	48 89 c7             	mov    rdi,rax
  4075dc:	e8 b8 07 00 00       	call   407d99 <_ZNSt16allocator_traitsISaImEE7destroyImEEvRS0_PT_>
  4075e1:	eb 22                	jmp    407605 <_ZNSt6vectorImSaImEE17_M_realloc_insertIJmEEEvN9__gnu_cxx17__normal_iteratorIPmS1_EEDpOT_+0x28b>
  4075e3:	48 8b 45 a8          	mov    rax,QWORD PTR [rbp-0x58]
  4075e7:	48 89 c7             	mov    rdi,rax
  4075ea:	e8 01 ea ff ff       	call   405ff0 <_ZNSt12_Vector_baseImSaImEE19_M_get_Tp_allocatorEv>
  4075ef:	48 89 c2             	mov    rdx,rax
  4075f2:	48 8b 4d e8          	mov    rcx,QWORD PTR [rbp-0x18]
  4075f6:	48 8b 45 c0          	mov    rax,QWORD PTR [rbp-0x40]
  4075fa:	48 89 ce             	mov    rsi,rcx
  4075fd:	48 89 c7             	mov    rdi,rax
  407600:	e8 f9 e9 ff ff       	call   405ffe <_ZSt8_DestroyIPmmEvT_S1_RSaIT0_E>
  407605:	48 8b 45 a8          	mov    rax,QWORD PTR [rbp-0x58]
  407609:	48 8b 55 e0          	mov    rdx,QWORD PTR [rbp-0x20]
  40760d:	48 8b 4d c0          	mov    rcx,QWORD PTR [rbp-0x40]
  407611:	48 89 ce             	mov    rsi,rcx
  407614:	48 89 c7             	mov    rdi,rax
  407617:	e8 9e e9 ff ff       	call   405fba <_ZNSt12_Vector_baseImSaImEE13_M_deallocateEPmm>
  40761c:	e8 cf ac ff ff       	call   4022f0 <__cxa_rethrow@plt>
  407621:	48 89 c3             	mov    rbx,rax
  407624:	e8 17 ad ff ff       	call   402340 <__cxa_end_catch@plt>
  407629:	48 89 d8             	mov    rax,rbx
  40762c:	48 89 c7             	mov    rdi,rax
  40762f:	e8 5c ad ff ff       	call   402390 <_Unwind_Resume@plt>
  407634:	48 8b 5d f8          	mov    rbx,QWORD PTR [rbp-0x8]
  407638:	c9                   	leave  
  407639:	c3                   	ret    

000000000040763a <_ZN9__gnu_cxx13new_allocatorImEC1ERKS1_>:
  40763a:	55                   	push   rbp
  40763b:	48 89 e5             	mov    rbp,rsp
  40763e:	48 89 7d f8          	mov    QWORD PTR [rbp-0x8],rdi
  407642:	48 89 75 f0          	mov    QWORD PTR [rbp-0x10],rsi
  407646:	90                   	nop
  407647:	5d                   	pop    rbp
  407648:	c3                   	ret    
  407649:	90                   	nop

000000000040764a <_ZNKSt12_Vector_baseImSaImEE13get_allocatorEv>:
  40764a:	55                   	push   rbp
  40764b:	48 89 e5             	mov    rbp,rsp
  40764e:	48 83 ec 10          	sub    rsp,0x10
  407652:	48 89 7d f8          	mov    QWORD PTR [rbp-0x8],rdi
  407656:	48 89 75 f0          	mov    QWORD PTR [rbp-0x10],rsi
  40765a:	48 8b 45 f0          	mov    rax,QWORD PTR [rbp-0x10]
  40765e:	48 89 c7             	mov    rdi,rax
  407661:	e8 28 fa ff ff       	call   40708e <_ZNKSt12_Vector_baseImSaImEE19_M_get_Tp_allocatorEv>
  407666:	48 89 c2             	mov    rdx,rax
  407669:	48 8b 45 f8          	mov    rax,QWORD PTR [rbp-0x8]
  40766d:	48 89 d6             	mov    rsi,rdx
  407670:	48 89 c7             	mov    rdi,rax
  407673:	e8 58 ea ff ff       	call   4060d0 <_ZNSaImEC1ERKS_>
  407678:	48 8b 45 f8          	mov    rax,QWORD PTR [rbp-0x8]
  40767c:	c9                   	leave  
  40767d:	c3                   	ret    

000000000040767e <_ZNSt6vectorImSaImEEC1ERKS0_>:
  40767e:	55                   	push   rbp
  40767f:	48 89 e5             	mov    rbp,rsp
  407682:	48 83 ec 10          	sub    rsp,0x10
  407686:	48 89 7d f8          	mov    QWORD PTR [rbp-0x8],rdi
  40768a:	48 89 75 f0          	mov    QWORD PTR [rbp-0x10],rsi
  40768e:	48 8b 45 f8          	mov    rax,QWORD PTR [rbp-0x8]
  407692:	48 8b 55 f0          	mov    rdx,QWORD PTR [rbp-0x10]
  407696:	48 89 d6             	mov    rsi,rdx
  407699:	48 89 c7             	mov    rdi,rax
  40769c:	e8 2d 0c 00 00       	call   4082ce <_ZNSt12_Vector_baseImSaImEEC1ERKS0_>
  4076a1:	90                   	nop
  4076a2:	c9                   	leave  
  4076a3:	c3                   	ret    

00000000004076a4 <_ZNSt12_Vector_baseImSaImEE17_Vector_impl_data12_M_swap_dataERS2_>:
  4076a4:	55                   	push   rbp
  4076a5:	48 89 e5             	mov    rbp,rsp
  4076a8:	48 83 ec 30          	sub    rsp,0x30
  4076ac:	48 89 7d d8          	mov    QWORD PTR [rbp-0x28],rdi
  4076b0:	48 89 75 d0          	mov    QWORD PTR [rbp-0x30],rsi
  4076b4:	48 8d 45 e0          	lea    rax,[rbp-0x20]
  4076b8:	48 89 c7             	mov    rdi,rax
  4076bb:	e8 c0 e8 ff ff       	call   405f80 <_ZNSt12_Vector_baseImSaImEE17_Vector_impl_dataC1Ev>
  4076c0:	48 8b 55 d8          	mov    rdx,QWORD PTR [rbp-0x28]
  4076c4:	48 8d 45 e0          	lea    rax,[rbp-0x20]
  4076c8:	48 89 d6             	mov    rsi,rdx
  4076cb:	48 89 c7             	mov    rdi,rax
  4076ce:	e8 21 0c 00 00       	call   4082f4 <_ZNSt12_Vector_baseImSaImEE17_Vector_impl_data12_M_copy_dataERKS2_>
  4076d3:	48 8b 55 d0          	mov    rdx,QWORD PTR [rbp-0x30]
  4076d7:	48 8b 45 d8          	mov    rax,QWORD PTR [rbp-0x28]
  4076db:	48 89 d6             	mov    rsi,rdx
  4076de:	48 89 c7             	mov    rdi,rax
  4076e1:	e8 0e 0c 00 00       	call   4082f4 <_ZNSt12_Vector_baseImSaImEE17_Vector_impl_data12_M_copy_dataERKS2_>
  4076e6:	48 8d 55 e0          	lea    rdx,[rbp-0x20]
  4076ea:	48 8b 45 d0          	mov    rax,QWORD PTR [rbp-0x30]
  4076ee:	48 89 d6             	mov    rsi,rdx
  4076f1:	48 89 c7             	mov    rdi,rax
  4076f4:	e8 fb 0b 00 00       	call   4082f4 <_ZNSt12_Vector_baseImSaImEE17_Vector_impl_data12_M_copy_dataERKS2_>
  4076f9:	90                   	nop
  4076fa:	c9                   	leave  
  4076fb:	c3                   	ret    

00000000004076fc <_ZSt15__alloc_on_moveISaImEEvRT_S2_>:
  4076fc:	55                   	push   rbp
  4076fd:	48 89 e5             	mov    rbp,rsp
  407700:	48 83 ec 10          	sub    rsp,0x10
  407704:	48 89 7d f8          	mov    QWORD PTR [rbp-0x8],rdi
  407708:	48 89 75 f0          	mov    QWORD PTR [rbp-0x10],rsi
  40770c:	48 8b 55 f0          	mov    rdx,QWORD PTR [rbp-0x10]
  407710:	48 8b 45 f8          	mov    rax,QWORD PTR [rbp-0x8]
  407714:	48 89 d6             	mov    rsi,rdx
  407717:	48 89 c7             	mov    rdi,rax
  40771a:	e8 12 0c 00 00       	call   408331 <_ZSt18__do_alloc_on_moveISaImEEvRT_S2_St17integral_constantIbLb1EE>
  40771f:	90                   	nop
  407720:	c9                   	leave  
  407721:	c3                   	ret    

0000000000407722 <_ZNSt6vectorImSaImEE11_S_max_sizeERKS0_>:
  407722:	55                   	push   rbp
  407723:	48 89 e5             	mov    rbp,rsp
  407726:	48 83 ec 20          	sub    rsp,0x20
  40772a:	48 89 7d e8          	mov    QWORD PTR [rbp-0x18],rdi
  40772e:	48 b8 ff ff ff ff ff 	movabs rax,0xfffffffffffffff
  407735:	ff ff 0f 
  407738:	48 89 45 f8          	mov    QWORD PTR [rbp-0x8],rax
  40773c:	48 8b 45 e8          	mov    rax,QWORD PTR [rbp-0x18]
  407740:	48 89 c7             	mov    rdi,rax
  407743:	e8 08 0c 00 00       	call   408350 <_ZNSt16allocator_traitsISaImEE8max_sizeERKS0_>
  407748:	48 89 45 f0          	mov    QWORD PTR [rbp-0x10],rax
  40774c:	48 8d 55 f0          	lea    rdx,[rbp-0x10]
  407750:	48 8d 45 f8          	lea    rax,[rbp-0x8]
  407754:	48 89 d6             	mov    rsi,rdx
  407757:	48 89 c7             	mov    rdi,rax
  40775a:	e8 0b 0c 00 00       	call   40836a <_ZSt3minImERKT_S2_S2_>
  40775f:	48 8b 00             	mov    rax,QWORD PTR [rax]
  407762:	c9                   	leave  
  407763:	c3                   	ret    

0000000000407764 <_ZNSt12_Vector_baseImSaImEE12_Vector_implC1ERKS0_>:
  407764:	55                   	push   rbp
  407765:	48 89 e5             	mov    rbp,rsp
  407768:	48 83 ec 10          	sub    rsp,0x10
  40776c:	48 89 7d f8          	mov    QWORD PTR [rbp-0x8],rdi
  407770:	48 89 75 f0          	mov    QWORD PTR [rbp-0x10],rsi
  407774:	48 8b 55 f0          	mov    rdx,QWORD PTR [rbp-0x10]
  407778:	48 8b 45 f8          	mov    rax,QWORD PTR [rbp-0x8]
  40777c:	48 89 d6             	mov    rsi,rdx
  40777f:	48 89 c7             	mov    rdi,rax
  407782:	e8 49 e9 ff ff       	call   4060d0 <_ZNSaImEC1ERKS_>
  407787:	48 8b 45 f8          	mov    rax,QWORD PTR [rbp-0x8]
  40778b:	48 89 c7             	mov    rdi,rax
  40778e:	e8 ed e7 ff ff       	call   405f80 <_ZNSt12_Vector_baseImSaImEE17_Vector_impl_dataC1Ev>
  407793:	90                   	nop
  407794:	c9                   	leave  
  407795:	c3                   	ret    

0000000000407796 <_ZNSt12_Vector_baseImSaImEE17_M_create_storageEm>:
  407796:	55                   	push   rbp
  407797:	48 89 e5             	mov    rbp,rsp
  40779a:	48 83 ec 10          	sub    rsp,0x10
  40779e:	48 89 7d f8          	mov    QWORD PTR [rbp-0x8],rdi
  4077a2:	48 89 75 f0          	mov    QWORD PTR [rbp-0x10],rsi
  4077a6:	48 8b 55 f0          	mov    rdx,QWORD PTR [rbp-0x10]
  4077aa:	48 8b 45 f8          	mov    rax,QWORD PTR [rbp-0x8]
  4077ae:	48 89 d6             	mov    rsi,rdx
  4077b1:	48 89 c7             	mov    rdi,rax
  4077b4:	e8 db 04 00 00       	call   407c94 <_ZNSt12_Vector_baseImSaImEE11_M_allocateEm>
  4077b9:	48 8b 55 f8          	mov    rdx,QWORD PTR [rbp-0x8]
  4077bd:	48 89 02             	mov    QWORD PTR [rdx],rax
  4077c0:	48 8b 45 f8          	mov    rax,QWORD PTR [rbp-0x8]
  4077c4:	48 8b 10             	mov    rdx,QWORD PTR [rax]
  4077c7:	48 8b 45 f8          	mov    rax,QWORD PTR [rbp-0x8]
  4077cb:	48 89 50 08          	mov    QWORD PTR [rax+0x8],rdx
  4077cf:	48 8b 45 f8          	mov    rax,QWORD PTR [rbp-0x8]
  4077d3:	48 8b 10             	mov    rdx,QWORD PTR [rax]
  4077d6:	48 8b 45 f0          	mov    rax,QWORD PTR [rbp-0x10]
  4077da:	48 c1 e0 03          	shl    rax,0x3
  4077de:	48 01 c2             	add    rdx,rax
  4077e1:	48 8b 45 f8          	mov    rax,QWORD PTR [rbp-0x8]
  4077e5:	48 89 50 10          	mov    QWORD PTR [rax+0x10],rdx
  4077e9:	90                   	nop
  4077ea:	c9                   	leave  
  4077eb:	c3                   	ret    

00000000004077ec <_ZSt27__uninitialized_default_n_aIPmmmET_S1_T0_RSaIT1_E>:
  4077ec:	55                   	push   rbp
  4077ed:	48 89 e5             	mov    rbp,rsp
  4077f0:	48 83 ec 20          	sub    rsp,0x20
  4077f4:	48 89 7d f8          	mov    QWORD PTR [rbp-0x8],rdi
  4077f8:	48 89 75 f0          	mov    QWORD PTR [rbp-0x10],rsi
  4077fc:	48 89 55 e8          	mov    QWORD PTR [rbp-0x18],rdx
  407800:	48 8b 55 f0          	mov    rdx,QWORD PTR [rbp-0x10]
  407804:	48 8b 45 f8          	mov    rax,QWORD PTR [rbp-0x8]
  407808:	48 89 d6             	mov    rsi,rdx
  40780b:	48 89 c7             	mov    rdi,rax
  40780e:	e8 82 0b 00 00       	call   408395 <_ZSt25__uninitialized_default_nIPmmET_S1_T0_>
  407813:	c9                   	leave  
  407814:	c3                   	ret    

0000000000407815 <_ZNSt8__detail5__modImLm4294967296ELm1ELm0EEET_S1_>:
  407815:	55                   	push   rbp
  407816:	48 89 e5             	mov    rbp,rsp
  407819:	48 83 ec 20          	sub    rsp,0x20
  40781d:	48 89 7d e8          	mov    QWORD PTR [rbp-0x18],rdi
  407821:	48 c7 45 f8 01 00 00 	mov    QWORD PTR [rbp-0x8],0x1
  407828:	00 
  407829:	48 8b 45 e8          	mov    rax,QWORD PTR [rbp-0x18]
  40782d:	48 89 c7             	mov    rdi,rax
  407830:	e8 89 0b 00 00       	call   4083be <_ZNSt8__detail4_ModImLm4294967296ELm1ELm0ELb1ELb1EE6__calcEm>
  407835:	90                   	nop
  407836:	c9                   	leave  
  407837:	c3                   	ret    

0000000000407838 <_ZNSt8__detail5__modImLm624ELm1ELm0EEET_S1_>:
  407838:	55                   	push   rbp
  407839:	48 89 e5             	mov    rbp,rsp
  40783c:	48 83 ec 20          	sub    rsp,0x20
  407840:	48 89 7d e8          	mov    QWORD PTR [rbp-0x18],rdi
  407844:	48 c7 45 f8 01 00 00 	mov    QWORD PTR [rbp-0x8],0x1
  40784b:	00 
  40784c:	48 8b 45 e8          	mov    rax,QWORD PTR [rbp-0x18]
  407850:	48 89 c7             	mov    rdi,rax
  407853:	e8 85 0b 00 00       	call   4083dd <_ZNSt8__detail4_ModImLm624ELm1ELm0ELb1ELb1EE6__calcEm>
  407858:	90                   	nop
  407859:	c9                   	leave  
  40785a:	c3                   	ret    

000000000040785b <_ZSt4swapImENSt9enable_ifIXsrSt6__and_IJSt6__not_ISt15__is_tuple_likeIT_EESt21is_move_constructibleIS4_ESt18is_move_assignableIS4_EEE5valueEvE4typeERS4_SE_>:
  40785b:	55                   	push   rbp
  40785c:	48 89 e5             	mov    rbp,rsp
  40785f:	48 83 ec 20          	sub    rsp,0x20
  407863:	48 89 7d e8          	mov    QWORD PTR [rbp-0x18],rdi
  407867:	48 89 75 e0          	mov    QWORD PTR [rbp-0x20],rsi
  40786b:	48 8b 45 e8          	mov    rax,QWORD PTR [rbp-0x18]
  40786f:	48 89 c7             	mov    rdi,rax
  407872:	e8 b1 e7 ff ff       	call   406028 <_ZSt4moveIRmEONSt16remove_referenceIT_E4typeEOS2_>
  407877:	48 8b 00             	mov    rax,QWORD PTR [rax]
  40787a:	48 89 45 f8          	mov    QWORD PTR [rbp-0x8],rax
  40787e:	48 8b 45 e0          	mov    rax,QWORD PTR [rbp-0x20]
  407882:	48 89 c7             	mov    rdi,rax
  407885:	e8 9e e7 ff ff       	call   406028 <_ZSt4moveIRmEONSt16remove_referenceIT_E4typeEOS2_>
  40788a:	48 8b 10             	mov    rdx,QWORD PTR [rax]
  40788d:	48 8b 45 e8          	mov    rax,QWORD PTR [rbp-0x18]
  407891:	48 89 10             	mov    QWORD PTR [rax],rdx
  407894:	48 8d 45 f8          	lea    rax,[rbp-0x8]
  407898:	48 89 c7             	mov    rdi,rax
  40789b:	e8 88 e7 ff ff       	call   406028 <_ZSt4moveIRmEONSt16remove_referenceIT_E4typeEOS2_>
  4078a0:	48 8b 10             	mov    rdx,QWORD PTR [rax]
  4078a3:	48 8b 45 e0          	mov    rax,QWORD PTR [rbp-0x20]
  4078a7:	48 89 10             	mov    QWORD PTR [rax],rdx
  4078aa:	90                   	nop
  4078ab:	c9                   	leave  
  4078ac:	c3                   	ret    

00000000004078ad <_ZSt9make_pairImmESt4pairINSt25__strip_reference_wrapperINSt5decayIT_E4typeEE6__typeENS1_INS2_IT0_E4typeEE6__typeEEOS3_OS8_>:
  4078ad:	55                   	push   rbp
  4078ae:	48 89 e5             	mov    rbp,rsp
  4078b1:	53                   	push   rbx
  4078b2:	48 83 ec 28          	sub    rsp,0x28
  4078b6:	48 89 7d d8          	mov    QWORD PTR [rbp-0x28],rdi
  4078ba:	48 89 75 d0          	mov    QWORD PTR [rbp-0x30],rsi
  4078be:	48 8b 45 d0          	mov    rax,QWORD PTR [rbp-0x30]
  4078c2:	48 89 c7             	mov    rdi,rax
  4078c5:	e8 69 fa ff ff       	call   407333 <_ZSt7forwardImEOT_RNSt16remove_referenceIS0_E4typeE>
  4078ca:	48 89 c3             	mov    rbx,rax
  4078cd:	48 8b 45 d8          	mov    rax,QWORD PTR [rbp-0x28]
  4078d1:	48 89 c7             	mov    rdi,rax
  4078d4:	e8 5a fa ff ff       	call   407333 <_ZSt7forwardImEOT_RNSt16remove_referenceIS0_E4typeE>
  4078d9:	48 89 c1             	mov    rcx,rax
  4078dc:	48 8d 45 e0          	lea    rax,[rbp-0x20]
  4078e0:	48 89 da             	mov    rdx,rbx
  4078e3:	48 89 ce             	mov    rsi,rcx
  4078e6:	48 89 c7             	mov    rdi,rax
  4078e9:	e8 34 0b 00 00       	call   408422 <_ZNSt4pairImmEC1ImmLb1EEEOT_OT0_>
  4078ee:	48 8b 45 e0          	mov    rax,QWORD PTR [rbp-0x20]
  4078f2:	48 8b 55 e8          	mov    rdx,QWORD PTR [rbp-0x18]
  4078f6:	48 8b 5d f8          	mov    rbx,QWORD PTR [rbp-0x8]
  4078fa:	c9                   	leave  
  4078fb:	c3                   	ret    

00000000004078fc <_ZNKSt24uniform_int_distributionImE10param_type1bEv>:
  4078fc:	55                   	push   rbp
  4078fd:	48 89 e5             	mov    rbp,rsp
  407900:	48 89 7d f8          	mov    QWORD PTR [rbp-0x8],rdi
  407904:	48 8b 45 f8          	mov    rax,QWORD PTR [rbp-0x8]
  407908:	48 8b 40 08          	mov    rax,QWORD PTR [rax+0x8]
  40790c:	5d                   	pop    rbp
  40790d:	c3                   	ret    

000000000040790e <_ZNKSt24uniform_int_distributionImE10param_type1aEv>:
  40790e:	55                   	push   rbp
  40790f:	48 89 e5             	mov    rbp,rsp
  407912:	48 89 7d f8          	mov    QWORD PTR [rbp-0x8],rdi
  407916:	48 8b 45 f8          	mov    rax,QWORD PTR [rbp-0x8]
  40791a:	48 8b 00             	mov    rax,QWORD PTR [rax]
  40791d:	5d                   	pop    rbp
  40791e:	c3                   	ret    

000000000040791f <_ZNSt24uniform_int_distributionImE5_S_ndImSt23mersenne_twister_engineImLm32ELm624ELm397ELm31ELm2567483615ELm11ELm4294967295ELm7ELm2636928640ELm15ELm4022730752ELm18ELm1812433253EEjEET1_RT0_S4_>:
  40791f:	55                   	push   rbp
  407920:	48 89 e5             	mov    rbp,rsp
  407923:	48 83 ec 20          	sub    rsp,0x20
  407927:	48 89 7d e8          	mov    QWORD PTR [rbp-0x18],rdi
  40792b:	89 75 e4             	mov    DWORD PTR [rbp-0x1c],esi
  40792e:	48 8b 45 e8          	mov    rax,QWORD PTR [rbp-0x18]
  407932:	48 89 c7             	mov    rdi,rax
  407935:	e8 5c 00 00 00       	call   407996 <_ZNSt23mersenne_twister_engineImLm32ELm624ELm397ELm31ELm2567483615ELm11ELm4294967295ELm7ELm2636928640ELm15ELm4022730752ELm18ELm1812433253EEclEv>
  40793a:	8b 55 e4             	mov    edx,DWORD PTR [rbp-0x1c]
  40793d:	48 0f af c2          	imul   rax,rdx
  407941:	48 89 45 f8          	mov    QWORD PTR [rbp-0x8],rax
  407945:	48 8b 45 f8          	mov    rax,QWORD PTR [rbp-0x8]
  407949:	89 45 f4             	mov    DWORD PTR [rbp-0xc],eax
  40794c:	8b 45 f4             	mov    eax,DWORD PTR [rbp-0xc]
  40794f:	3b 45 e4             	cmp    eax,DWORD PTR [rbp-0x1c]
  407952:	73 38                	jae    40798c <_ZNSt24uniform_int_distributionImE5_S_ndImSt23mersenne_twister_engineImLm32ELm624ELm397ELm31ELm2567483615ELm11ELm4294967295ELm7ELm2636928640ELm15ELm4022730752ELm18ELm1812433253EEjEET1_RT0_S4_+0x6d>
  407954:	8b 45 e4             	mov    eax,DWORD PTR [rbp-0x1c]
  407957:	f7 d8                	neg    eax
  407959:	ba 00 00 00 00       	mov    edx,0x0
  40795e:	f7 75 e4             	div    DWORD PTR [rbp-0x1c]
  407961:	89 55 f0             	mov    DWORD PTR [rbp-0x10],edx
  407964:	eb 1e                	jmp    407984 <_ZNSt24uniform_int_distributionImE5_S_ndImSt23mersenne_twister_engineImLm32ELm624ELm397ELm31ELm2567483615ELm11ELm4294967295ELm7ELm2636928640ELm15ELm4022730752ELm18ELm1812433253EEjEET1_RT0_S4_+0x65>
  407966:	48 8b 45 e8          	mov    rax,QWORD PTR [rbp-0x18]
  40796a:	48 89 c7             	mov    rdi,rax
  40796d:	e8 24 00 00 00       	call   407996 <_ZNSt23mersenne_twister_engineImLm32ELm624ELm397ELm31ELm2567483615ELm11ELm4294967295ELm7ELm2636928640ELm15ELm4022730752ELm18ELm1812433253EEclEv>
  407972:	8b 55 e4             	mov    edx,DWORD PTR [rbp-0x1c]
  407975:	48 0f af c2          	imul   rax,rdx
  407979:	48 89 45 f8          	mov    QWORD PTR [rbp-0x8],rax
  40797d:	48 8b 45 f8          	mov    rax,QWORD PTR [rbp-0x8]
  407981:	89 45 f4             	mov    DWORD PTR [rbp-0xc],eax
  407984:	8b 45 f4             	mov    eax,DWORD PTR [rbp-0xc]
  407987:	3b 45 f0             	cmp    eax,DWORD PTR [rbp-0x10]
  40798a:	72 da                	jb     407966 <_ZNSt24uniform_int_distributionImE5_S_ndImSt23mersenne_twister_engineImLm32ELm624ELm397ELm31ELm2567483615ELm11ELm4294967295ELm7ELm2636928640ELm15ELm4022730752ELm18ELm1812433253EEjEET1_RT0_S4_+0x47>
  40798c:	48 8b 45 f8          	mov    rax,QWORD PTR [rbp-0x8]
  407990:	48 c1 e8 20          	shr    rax,0x20
  407994:	c9                   	leave  
  407995:	c3                   	ret    

0000000000407996 <_ZNSt23mersenne_twister_engineImLm32ELm624ELm397ELm31ELm2567483615ELm11ELm4294967295ELm7ELm2636928640ELm15ELm4022730752ELm18ELm1812433253EEclEv>:
  407996:	55                   	push   rbp
  407997:	48 89 e5             	mov    rbp,rsp
  40799a:	48 83 ec 20          	sub    rsp,0x20
  40799e:	48 89 7d e8          	mov    QWORD PTR [rbp-0x18],rdi
  4079a2:	48 8b 45 e8          	mov    rax,QWORD PTR [rbp-0x18]
  4079a6:	48 8b 80 80 13 00 00 	mov    rax,QWORD PTR [rax+0x1380]
  4079ad:	48 3d 6f 02 00 00    	cmp    rax,0x26f
  4079b3:	76 0c                	jbe    4079c1 <_ZNSt23mersenne_twister_engineImLm32ELm624ELm397ELm31ELm2567483615ELm11ELm4294967295ELm7ELm2636928640ELm15ELm4022730752ELm18ELm1812433253EEclEv+0x2b>
  4079b5:	48 8b 45 e8          	mov    rax,QWORD PTR [rbp-0x18]
  4079b9:	48 89 c7             	mov    rdi,rax
  4079bc:	e8 a5 0a 00 00       	call   408466 <_ZNSt23mersenne_twister_engineImLm32ELm624ELm397ELm31ELm2567483615ELm11ELm4294967295ELm7ELm2636928640ELm15ELm4022730752ELm18ELm1812433253EE11_M_gen_randEv>
  4079c1:	48 8b 45 e8          	mov    rax,QWORD PTR [rbp-0x18]
  4079c5:	48 8b 80 80 13 00 00 	mov    rax,QWORD PTR [rax+0x1380]
  4079cc:	48 8d 48 01          	lea    rcx,[rax+0x1]
  4079d0:	48 8b 55 e8          	mov    rdx,QWORD PTR [rbp-0x18]
  4079d4:	48 89 8a 80 13 00 00 	mov    QWORD PTR [rdx+0x1380],rcx
  4079db:	48 8b 55 e8          	mov    rdx,QWORD PTR [rbp-0x18]
  4079df:	48 8b 04 c2          	mov    rax,QWORD PTR [rdx+rax*8]
  4079e3:	48 89 45 f8          	mov    QWORD PTR [rbp-0x8],rax
  4079e7:	48 8b 45 f8          	mov    rax,QWORD PTR [rbp-0x8]
  4079eb:	48 c1 e8 0b          	shr    rax,0xb
  4079ef:	89 c0                	mov    eax,eax
  4079f1:	48 31 45 f8          	xor    QWORD PTR [rbp-0x8],rax
  4079f5:	48 8b 45 f8          	mov    rax,QWORD PTR [rbp-0x8]
  4079f9:	48 c1 e0 07          	shl    rax,0x7
  4079fd:	25 80 56 2c 9d       	and    eax,0x9d2c5680
  407a02:	48 31 45 f8          	xor    QWORD PTR [rbp-0x8],rax
  407a06:	48 8b 45 f8          	mov    rax,QWORD PTR [rbp-0x8]
  407a0a:	48 c1 e0 0f          	shl    rax,0xf
  407a0e:	25 00 00 c6 ef       	and    eax,0xefc60000
  407a13:	48 31 45 f8          	xor    QWORD PTR [rbp-0x8],rax
  407a17:	48 8b 45 f8          	mov    rax,QWORD PTR [rbp-0x8]
  407a1b:	48 c1 e8 12          	shr    rax,0x12
  407a1f:	48 31 45 f8          	xor    QWORD PTR [rbp-0x8],rax
  407a23:	48 8b 45 f8          	mov    rax,QWORD PTR [rbp-0x8]
  407a27:	c9                   	leave  
  407a28:	c3                   	ret    
  407a29:	90                   	nop

0000000000407a2a <_ZNSt6vectorImSaImEE16_Temporary_valueC1IJRKmEEEPS1_DpOT_>:
  407a2a:	55                   	push   rbp
  407a2b:	48 89 e5             	mov    rbp,rsp
  407a2e:	53                   	push   rbx
  407a2f:	48 83 ec 28          	sub    rsp,0x28
  407a33:	48 89 7d e8          	mov    QWORD PTR [rbp-0x18],rdi
  407a37:	48 89 75 e0          	mov    QWORD PTR [rbp-0x20],rsi
  407a3b:	48 89 55 d8          	mov    QWORD PTR [rbp-0x28],rdx
  407a3f:	48 8b 45 e8          	mov    rax,QWORD PTR [rbp-0x18]
  407a43:	48 8b 55 e0          	mov    rdx,QWORD PTR [rbp-0x20]
  407a47:	48 89 10             	mov    QWORD PTR [rax],rdx
  407a4a:	48 8b 45 d8          	mov    rax,QWORD PTR [rbp-0x28]
  407a4e:	48 89 c7             	mov    rdi,rax
  407a51:	e8 c4 02 00 00       	call   407d1a <_ZSt7forwardIRKmEOT_RNSt16remove_referenceIS2_E4typeE>
  407a56:	48 89 c3             	mov    rbx,rax
  407a59:	48 8b 45 e8          	mov    rax,QWORD PTR [rbp-0x18]
  407a5d:	48 89 c7             	mov    rdi,rax
  407a60:	e8 b7 0b 00 00       	call   40861c <_ZNSt6vectorImSaImEE16_Temporary_value6_M_ptrEv>
  407a65:	48 89 c1             	mov    rcx,rax
  407a68:	48 8b 45 e8          	mov    rax,QWORD PTR [rbp-0x18]
  407a6c:	48 8b 00             	mov    rax,QWORD PTR [rax]
  407a6f:	48 89 da             	mov    rdx,rbx
  407a72:	48 89 ce             	mov    rsi,rcx
  407a75:	48 89 c7             	mov    rdi,rax
  407a78:	e8 e3 f1 ff ff       	call   406c60 <_ZNSt16allocator_traitsISaImEE9constructImJRKmEEEvRS0_PT_DpOT0_>
  407a7d:	90                   	nop
  407a7e:	48 8b 5d f8          	mov    rbx,QWORD PTR [rbp-0x8]
  407a82:	c9                   	leave  
  407a83:	c3                   	ret    

0000000000407a84 <_ZNSt6vectorImSaImEE16_Temporary_valueD1Ev>:
  407a84:	55                   	push   rbp
  407a85:	48 89 e5             	mov    rbp,rsp
  407a88:	48 83 ec 10          	sub    rsp,0x10
  407a8c:	48 89 7d f8          	mov    QWORD PTR [rbp-0x8],rdi
  407a90:	48 8b 45 f8          	mov    rax,QWORD PTR [rbp-0x8]
  407a94:	48 89 c7             	mov    rdi,rax
  407a97:	e8 80 0b 00 00       	call   40861c <_ZNSt6vectorImSaImEE16_Temporary_value6_M_ptrEv>
  407a9c:	48 89 c2             	mov    rdx,rax
  407a9f:	48 8b 45 f8          	mov    rax,QWORD PTR [rbp-0x8]
  407aa3:	48 8b 00             	mov    rax,QWORD PTR [rax]
  407aa6:	48 89 d6             	mov    rsi,rdx
  407aa9:	48 89 c7             	mov    rdi,rax
  407aac:	e8 e8 02 00 00       	call   407d99 <_ZNSt16allocator_traitsISaImEE7destroyImEEvRS0_PT_>
  407ab1:	90                   	nop
  407ab2:	c9                   	leave  
  407ab3:	c3                   	ret    

0000000000407ab4 <_ZNSt6vectorImSaImEE16_Temporary_value6_M_valEv>:
  407ab4:	55                   	push   rbp
  407ab5:	48 89 e5             	mov    rbp,rsp
  407ab8:	48 83 ec 10          	sub    rsp,0x10
  407abc:	48 89 7d f8          	mov    QWORD PTR [rbp-0x8],rdi
  407ac0:	48 8b 45 f8          	mov    rax,QWORD PTR [rbp-0x8]
  407ac4:	48 89 c7             	mov    rdi,rax
  407ac7:	e8 50 0b 00 00       	call   40861c <_ZNSt6vectorImSaImEE16_Temporary_value6_M_ptrEv>
  407acc:	c9                   	leave  
  407acd:	c3                   	ret    

0000000000407ace <_ZSt22__uninitialized_move_aIPmS0_SaImEET0_T_S3_S2_RT1_>:
  407ace:	55                   	push   rbp
  407acf:	48 89 e5             	mov    rbp,rsp
  407ad2:	53                   	push   rbx
  407ad3:	48 83 ec 28          	sub    rsp,0x28
  407ad7:	48 89 7d e8          	mov    QWORD PTR [rbp-0x18],rdi
  407adb:	48 89 75 e0          	mov    QWORD PTR [rbp-0x20],rsi
  407adf:	48 89 55 d8          	mov    QWORD PTR [rbp-0x28],rdx
  407ae3:	48 89 4d d0          	mov    QWORD PTR [rbp-0x30],rcx
  407ae7:	48 8b 45 e0          	mov    rax,QWORD PTR [rbp-0x20]
  407aeb:	48 89 c7             	mov    rdi,rax
  407aee:	e8 3b 0b 00 00       	call   40862e <_ZSt18make_move_iteratorIPmESt13move_iteratorIT_ES2_>
  407af3:	48 89 c3             	mov    rbx,rax
  407af6:	48 8b 45 e8          	mov    rax,QWORD PTR [rbp-0x18]
  407afa:	48 89 c7             	mov    rdi,rax
  407afd:	e8 2c 0b 00 00       	call   40862e <_ZSt18make_move_iteratorIPmESt13move_iteratorIT_ES2_>
  407b02:	48 89 c7             	mov    rdi,rax
  407b05:	48 8b 55 d0          	mov    rdx,QWORD PTR [rbp-0x30]
  407b09:	48 8b 45 d8          	mov    rax,QWORD PTR [rbp-0x28]
  407b0d:	48 89 d1             	mov    rcx,rdx
  407b10:	48 89 c2             	mov    rdx,rax
  407b13:	48 89 de             	mov    rsi,rbx
  407b16:	e8 43 0b 00 00       	call   40865e <_ZSt22__uninitialized_copy_aISt13move_iteratorIPmES1_mET0_T_S4_S3_RSaIT1_E>
  407b1b:	48 8b 5d f8          	mov    rbx,QWORD PTR [rbp-0x8]
  407b1f:	c9                   	leave  
  407b20:	c3                   	ret    

0000000000407b21 <_ZSt13move_backwardIPmS0_ET0_T_S2_S1_>:
  407b21:	55                   	push   rbp
  407b22:	48 89 e5             	mov    rbp,rsp
  407b25:	53                   	push   rbx
  407b26:	48 83 ec 28          	sub    rsp,0x28
  407b2a:	48 89 7d e8          	mov    QWORD PTR [rbp-0x18],rdi
  407b2e:	48 89 75 e0          	mov    QWORD PTR [rbp-0x20],rsi
  407b32:	48 89 55 d8          	mov    QWORD PTR [rbp-0x28],rdx
  407b36:	48 8b 45 e0          	mov    rax,QWORD PTR [rbp-0x20]
  407b3a:	48 89 c7             	mov    rdi,rax
  407b3d:	e8 a4 04 00 00       	call   407fe6 <_ZSt12__miter_baseIPmET_S1_>
  407b42:	48 89 c3             	mov    rbx,rax
  407b45:	48 8b 45 e8          	mov    rax,QWORD PTR [rbp-0x18]
  407b49:	48 89 c7             	mov    rdi,rax
  407b4c:	e8 95 04 00 00       	call   407fe6 <_ZSt12__miter_baseIPmET_S1_>
  407b51:	48 89 c1             	mov    rcx,rax
  407b54:	48 8b 45 d8          	mov    rax,QWORD PTR [rbp-0x28]
  407b58:	48 89 c2             	mov    rdx,rax
  407b5b:	48 89 de             	mov    rsi,rbx
  407b5e:	48 89 cf             	mov    rdi,rcx
  407b61:	e8 29 0b 00 00       	call   40868f <_ZSt22__copy_move_backward_aILb1EPmS0_ET1_T0_S2_S1_>
  407b66:	48 8b 5d f8          	mov    rbx,QWORD PTR [rbp-0x8]
  407b6a:	c9                   	leave  
  407b6b:	c3                   	ret    

0000000000407b6c <_ZSt4fillIPmmEvT_S1_RKT0_>:
  407b6c:	55                   	push   rbp
  407b6d:	48 89 e5             	mov    rbp,rsp
  407b70:	48 83 ec 20          	sub    rsp,0x20
  407b74:	48 89 7d f8          	mov    QWORD PTR [rbp-0x8],rdi
  407b78:	48 89 75 f0          	mov    QWORD PTR [rbp-0x10],rsi
  407b7c:	48 89 55 e8          	mov    QWORD PTR [rbp-0x18],rdx
  407b80:	48 8b 55 e8          	mov    rdx,QWORD PTR [rbp-0x18]
  407b84:	48 8b 4d f0          	mov    rcx,QWORD PTR [rbp-0x10]
  407b88:	48 8b 45 f8          	mov    rax,QWORD PTR [rbp-0x8]
  407b8c:	48 89 ce             	mov    rsi,rcx
  407b8f:	48 89 c7             	mov    rdi,rax
  407b92:	e8 62 0b 00 00       	call   4086f9 <_ZSt8__fill_aIPmmEvT_S1_RKT0_>
  407b97:	90                   	nop
  407b98:	c9                   	leave  
  407b99:	c3                   	ret    

0000000000407b9a <_ZSt24__uninitialized_fill_n_aIPmmmmET_S1_T0_RKT1_RSaIT2_E>:
  407b9a:	55                   	push   rbp
  407b9b:	48 89 e5             	mov    rbp,rsp
  407b9e:	48 83 ec 20          	sub    rsp,0x20
  407ba2:	48 89 7d f8          	mov    QWORD PTR [rbp-0x8],rdi
  407ba6:	48 89 75 f0          	mov    QWORD PTR [rbp-0x10],rsi
  407baa:	48 89 55 e8          	mov    QWORD PTR [rbp-0x18],rdx
  407bae:	48 89 4d e0          	mov    QWORD PTR [rbp-0x20],rcx
  407bb2:	48 8b 55 e8          	mov    rdx,QWORD PTR [rbp-0x18]
  407bb6:	48 8b 4d f0          	mov    rcx,QWORD PTR [rbp-0x10]
  407bba:	48 8b 45 f8          	mov    rax,QWORD PTR [rbp-0x8]
  407bbe:	48 89 ce             	mov    rsi,rcx
  407bc1:	48 89 c7             	mov    rdi,rax
  407bc4:	e8 5e 0b 00 00       	call   408727 <_ZSt20uninitialized_fill_nIPmmmET_S1_T0_RKT1_>
  407bc9:	c9                   	leave  
  407bca:	c3                   	ret    
  407bcb:	90                   	nop

0000000000407bcc <_ZNKSt6vectorImSaImEE12_M_check_lenEmPKc>:
  407bcc:	55                   	push   rbp
  407bcd:	48 89 e5             	mov    rbp,rsp
  407bd0:	53                   	push   rbx
  407bd1:	48 83 ec 38          	sub    rsp,0x38
  407bd5:	48 89 7d d8          	mov    QWORD PTR [rbp-0x28],rdi
  407bd9:	48 89 75 d0          	mov    QWORD PTR [rbp-0x30],rsi
  407bdd:	48 89 55 c8          	mov    QWORD PTR [rbp-0x38],rdx
  407be1:	48 8b 45 d8          	mov    rax,QWORD PTR [rbp-0x28]
  407be5:	48 89 c7             	mov    rdi,rax
  407be8:	e8 6b 0b 00 00       	call   408758 <_ZNKSt6vectorImSaImEE8max_sizeEv>
  407bed:	48 89 c3             	mov    rbx,rax
  407bf0:	48 8b 45 d8          	mov    rax,QWORD PTR [rbp-0x28]
  407bf4:	48 89 c7             	mov    rdi,rax
  407bf7:	e8 c6 df ff ff       	call   405bc2 <_ZNKSt6vectorImSaImEE4sizeEv>
  407bfc:	48 29 c3             	sub    rbx,rax
  407bff:	48 89 da             	mov    rdx,rbx
  407c02:	48 8b 45 d0          	mov    rax,QWORD PTR [rbp-0x30]
  407c06:	48 39 c2             	cmp    rdx,rax
  407c09:	0f 92 c0             	setb   al
  407c0c:	84 c0                	test   al,al
  407c0e:	74 0c                	je     407c1c <_ZNKSt6vectorImSaImEE12_M_check_lenEmPKc+0x50>
  407c10:	48 8b 45 c8          	mov    rax,QWORD PTR [rbp-0x38]
  407c14:	48 89 c7             	mov    rdi,rax
  407c17:	e8 d4 a4 ff ff       	call   4020f0 <_ZSt20__throw_length_errorPKc@plt>
  407c1c:	48 8b 45 d8          	mov    rax,QWORD PTR [rbp-0x28]
  407c20:	48 89 c7             	mov    rdi,rax
  407c23:	e8 9a df ff ff       	call   405bc2 <_ZNKSt6vectorImSaImEE4sizeEv>
  407c28:	48 89 c3             	mov    rbx,rax
  407c2b:	48 8b 45 d8          	mov    rax,QWORD PTR [rbp-0x28]
  407c2f:	48 89 c7             	mov    rdi,rax
  407c32:	e8 8b df ff ff       	call   405bc2 <_ZNKSt6vectorImSaImEE4sizeEv>
  407c37:	48 89 45 e0          	mov    QWORD PTR [rbp-0x20],rax
  407c3b:	48 8d 55 d0          	lea    rdx,[rbp-0x30]
  407c3f:	48 8d 45 e0          	lea    rax,[rbp-0x20]
  407c43:	48 89 d6             	mov    rsi,rdx
  407c46:	48 89 c7             	mov    rdi,rax
  407c49:	e8 2c 0b 00 00       	call   40877a <_ZSt3maxImERKT_S2_S2_>
  407c4e:	48 8b 00             	mov    rax,QWORD PTR [rax]
  407c51:	48 01 d8             	add    rax,rbx
  407c54:	48 89 45 e8          	mov    QWORD PTR [rbp-0x18],rax
  407c58:	48 8b 45 d8          	mov    rax,QWORD PTR [rbp-0x28]
  407c5c:	48 89 c7             	mov    rdi,rax
  407c5f:	e8 5e df ff ff       	call   405bc2 <_ZNKSt6vectorImSaImEE4sizeEv>
  407c64:	48 39 45 e8          	cmp    QWORD PTR [rbp-0x18],rax
  407c68:	72 12                	jb     407c7c <_ZNKSt6vectorImSaImEE12_M_check_lenEmPKc+0xb0>
  407c6a:	48 8b 45 d8          	mov    rax,QWORD PTR [rbp-0x28]
  407c6e:	48 89 c7             	mov    rdi,rax
  407c71:	e8 e2 0a 00 00       	call   408758 <_ZNKSt6vectorImSaImEE8max_sizeEv>
  407c76:	48 39 45 e8          	cmp    QWORD PTR [rbp-0x18],rax
  407c7a:	76 0e                	jbe    407c8a <_ZNKSt6vectorImSaImEE12_M_check_lenEmPKc+0xbe>
  407c7c:	48 8b 45 d8          	mov    rax,QWORD PTR [rbp-0x28]
  407c80:	48 89 c7             	mov    rdi,rax
  407c83:	e8 d0 0a 00 00       	call   408758 <_ZNKSt6vectorImSaImEE8max_sizeEv>
  407c88:	eb 04                	jmp    407c8e <_ZNKSt6vectorImSaImEE12_M_check_lenEmPKc+0xc2>
  407c8a:	48 8b 45 e8          	mov    rax,QWORD PTR [rbp-0x18]
  407c8e:	48 8b 5d f8          	mov    rbx,QWORD PTR [rbp-0x8]
  407c92:	c9                   	leave  
  407c93:	c3                   	ret    

0000000000407c94 <_ZNSt12_Vector_baseImSaImEE11_M_allocateEm>:
  407c94:	55                   	push   rbp
  407c95:	48 89 e5             	mov    rbp,rsp
  407c98:	48 83 ec 10          	sub    rsp,0x10
  407c9c:	48 89 7d f8          	mov    QWORD PTR [rbp-0x8],rdi
  407ca0:	48 89 75 f0          	mov    QWORD PTR [rbp-0x10],rsi
  407ca4:	48 83 7d f0 00       	cmp    QWORD PTR [rbp-0x10],0x0
  407ca9:	74 15                	je     407cc0 <_ZNSt12_Vector_baseImSaImEE11_M_allocateEm+0x2c>
  407cab:	48 8b 45 f8          	mov    rax,QWORD PTR [rbp-0x8]
  407caf:	48 8b 55 f0          	mov    rdx,QWORD PTR [rbp-0x10]
  407cb3:	48 89 d6             	mov    rsi,rdx
  407cb6:	48 89 c7             	mov    rdi,rax
  407cb9:	e8 e7 0a 00 00       	call   4087a5 <_ZNSt16allocator_traitsISaImEE8allocateERS0_m>
  407cbe:	eb 05                	jmp    407cc5 <_ZNSt12_Vector_baseImSaImEE11_M_allocateEm+0x31>
  407cc0:	b8 00 00 00 00       	mov    eax,0x0
  407cc5:	c9                   	leave  
  407cc6:	c3                   	ret    

0000000000407cc7 <_ZSt34__uninitialized_move_if_noexcept_aIPmS0_SaImEET0_T_S3_S2_RT1_>:
  407cc7:	55                   	push   rbp
  407cc8:	48 89 e5             	mov    rbp,rsp
  407ccb:	53                   	push   rbx
  407ccc:	48 83 ec 28          	sub    rsp,0x28
  407cd0:	48 89 7d e8          	mov    QWORD PTR [rbp-0x18],rdi
  407cd4:	48 89 75 e0          	mov    QWORD PTR [rbp-0x20],rsi
  407cd8:	48 89 55 d8          	mov    QWORD PTR [rbp-0x28],rdx
  407cdc:	48 89 4d d0          	mov    QWORD PTR [rbp-0x30],rcx
  407ce0:	48 8b 45 e0          	mov    rax,QWORD PTR [rbp-0x20]
  407ce4:	48 89 c7             	mov    rdi,rax
  407ce7:	e8 e3 0a 00 00       	call   4087cf <_ZSt32__make_move_if_noexcept_iteratorImSt13move_iteratorIPmEET0_PT_>
  407cec:	48 89 c3             	mov    rbx,rax
  407cef:	48 8b 45 e8          	mov    rax,QWORD PTR [rbp-0x18]
  407cf3:	48 89 c7             	mov    rdi,rax
  407cf6:	e8 d4 0a 00 00       	call   4087cf <_ZSt32__make_move_if_noexcept_iteratorImSt13move_iteratorIPmEET0_PT_>
  407cfb:	48 89 c7             	mov    rdi,rax
  407cfe:	48 8b 55 d0          	mov    rdx,QWORD PTR [rbp-0x30]
  407d02:	48 8b 45 d8          	mov    rax,QWORD PTR [rbp-0x28]
  407d06:	48 89 d1             	mov    rcx,rdx
  407d09:	48 89 c2             	mov    rdx,rax
  407d0c:	48 89 de             	mov    rsi,rbx
  407d0f:	e8 4a 09 00 00       	call   40865e <_ZSt22__uninitialized_copy_aISt13move_iteratorIPmES1_mET0_T_S4_S3_RSaIT1_E>
  407d14:	48 8b 5d f8          	mov    rbx,QWORD PTR [rbp-0x8]
  407d18:	c9                   	leave  
  407d19:	c3                   	ret    

0000000000407d1a <_ZSt7forwardIRKmEOT_RNSt16remove_referenceIS2_E4typeE>:
  407d1a:	55                   	push   rbp
  407d1b:	48 89 e5             	mov    rbp,rsp
  407d1e:	48 89 7d f8          	mov    QWORD PTR [rbp-0x8],rdi
  407d22:	48 8b 45 f8          	mov    rax,QWORD PTR [rbp-0x8]
  407d26:	5d                   	pop    rbp
  407d27:	c3                   	ret    

0000000000407d28 <_ZN9__gnu_cxx13new_allocatorImE9constructImJRKmEEEvPT_DpOT0_>:
  407d28:	55                   	push   rbp
  407d29:	48 89 e5             	mov    rbp,rsp
  407d2c:	53                   	push   rbx
  407d2d:	48 83 ec 28          	sub    rsp,0x28
  407d31:	48 89 7d e8          	mov    QWORD PTR [rbp-0x18],rdi
  407d35:	48 89 75 e0          	mov    QWORD PTR [rbp-0x20],rsi
  407d39:	48 89 55 d8          	mov    QWORD PTR [rbp-0x28],rdx
  407d3d:	48 8b 45 d8          	mov    rax,QWORD PTR [rbp-0x28]
  407d41:	48 89 c7             	mov    rdi,rax
  407d44:	e8 d1 ff ff ff       	call   407d1a <_ZSt7forwardIRKmEOT_RNSt16remove_referenceIS2_E4typeE>
  407d49:	48 8b 18             	mov    rbx,QWORD PTR [rax]
  407d4c:	48 8b 45 e0          	mov    rax,QWORD PTR [rbp-0x20]
  407d50:	48 89 c6             	mov    rsi,rax
  407d53:	bf 08 00 00 00       	mov    edi,0x8
  407d58:	e8 49 d4 ff ff       	call   4051a6 <_ZnwmPv>
  407d5d:	48 89 18             	mov    QWORD PTR [rax],rbx
  407d60:	90                   	nop
  407d61:	48 8b 5d f8          	mov    rbx,QWORD PTR [rbp-0x8]
  407d65:	c9                   	leave  
  407d66:	c3                   	ret    

0000000000407d67 <_ZNSt6vectorImSaImEE11_S_relocateEPmS2_S2_RS0_>:
  407d67:	55                   	push   rbp
  407d68:	48 89 e5             	mov    rbp,rsp
  407d6b:	48 83 ec 20          	sub    rsp,0x20
  407d6f:	48 89 7d f8          	mov    QWORD PTR [rbp-0x8],rdi
  407d73:	48 89 75 f0          	mov    QWORD PTR [rbp-0x10],rsi
  407d77:	48 89 55 e8          	mov    QWORD PTR [rbp-0x18],rdx
  407d7b:	48 89 4d e0          	mov    QWORD PTR [rbp-0x20],rcx
  407d7f:	48 8b 4d e0          	mov    rcx,QWORD PTR [rbp-0x20]
  407d83:	48 8b 55 e8          	mov    rdx,QWORD PTR [rbp-0x18]
  407d87:	48 8b 75 f0          	mov    rsi,QWORD PTR [rbp-0x10]
  407d8b:	48 8b 45 f8          	mov    rax,QWORD PTR [rbp-0x8]
  407d8f:	48 89 c7             	mov    rdi,rax
  407d92:	e8 5d 0a 00 00       	call   4087f4 <_ZNSt6vectorImSaImEE14_S_do_relocateEPmS2_S2_RS0_St17integral_constantIbLb1EE>
  407d97:	c9                   	leave  
  407d98:	c3                   	ret    

0000000000407d99 <_ZNSt16allocator_traitsISaImEE7destroyImEEvRS0_PT_>:
  407d99:	55                   	push   rbp
  407d9a:	48 89 e5             	mov    rbp,rsp
  407d9d:	48 83 ec 10          	sub    rsp,0x10
  407da1:	48 89 7d f8          	mov    QWORD PTR [rbp-0x8],rdi
  407da5:	48 89 75 f0          	mov    QWORD PTR [rbp-0x10],rsi
  407da9:	48 8b 55 f0          	mov    rdx,QWORD PTR [rbp-0x10]
  407dad:	48 8b 45 f8          	mov    rax,QWORD PTR [rbp-0x8]
  407db1:	48 89 d6             	mov    rsi,rdx
  407db4:	48 89 c7             	mov    rdi,rax
  407db7:	e8 6a 0a 00 00       	call   408826 <_ZN9__gnu_cxx13new_allocatorImE7destroyImEEvPT_>
  407dbc:	90                   	nop
  407dbd:	c9                   	leave  
  407dbe:	c3                   	ret    

0000000000407dbf <_ZSt16__introsort_loopIN9__gnu_cxx17__normal_iteratorIPmSt6vectorImSaImEEEElNS0_5__ops15_Iter_less_iterEEvT_S9_T0_T1_>:
  407dbf:	55                   	push   rbp
  407dc0:	48 89 e5             	mov    rbp,rsp
  407dc3:	48 83 ec 30          	sub    rsp,0x30
  407dc7:	48 89 7d e8          	mov    QWORD PTR [rbp-0x18],rdi
  407dcb:	48 89 75 e0          	mov    QWORD PTR [rbp-0x20],rsi
  407dcf:	48 89 55 d8          	mov    QWORD PTR [rbp-0x28],rdx
  407dd3:	eb 5b                	jmp    407e30 <_ZSt16__introsort_loopIN9__gnu_cxx17__normal_iteratorIPmSt6vectorImSaImEEEElNS0_5__ops15_Iter_less_iterEEvT_S9_T0_T1_+0x71>
  407dd5:	48 83 7d d8 00       	cmp    QWORD PTR [rbp-0x28],0x0
  407dda:	75 19                	jne    407df5 <_ZSt16__introsort_loopIN9__gnu_cxx17__normal_iteratorIPmSt6vectorImSaImEEEElNS0_5__ops15_Iter_less_iterEEvT_S9_T0_T1_+0x36>
  407ddc:	48 8b 55 e0          	mov    rdx,QWORD PTR [rbp-0x20]
  407de0:	48 8b 4d e0          	mov    rcx,QWORD PTR [rbp-0x20]
  407de4:	48 8b 45 e8          	mov    rax,QWORD PTR [rbp-0x18]
  407de8:	48 89 ce             	mov    rsi,rcx
  407deb:	48 89 c7             	mov    rdi,rax
  407dee:	e8 42 0a 00 00       	call   408835 <_ZSt14__partial_sortIN9__gnu_cxx17__normal_iteratorIPmSt6vectorImSaImEEEENS0_5__ops15_Iter_less_iterEEvT_S9_S9_T0_>
  407df3:	eb 59                	jmp    407e4e <_ZSt16__introsort_loopIN9__gnu_cxx17__normal_iteratorIPmSt6vectorImSaImEEEElNS0_5__ops15_Iter_less_iterEEvT_S9_T0_T1_+0x8f>
  407df5:	48 83 6d d8 01       	sub    QWORD PTR [rbp-0x28],0x1
  407dfa:	48 8b 55 e0          	mov    rdx,QWORD PTR [rbp-0x20]
  407dfe:	48 8b 45 e8          	mov    rax,QWORD PTR [rbp-0x18]
  407e02:	48 89 d6             	mov    rsi,rdx
  407e05:	48 89 c7             	mov    rdi,rax
  407e08:	e8 6d 0a 00 00       	call   40887a <_ZSt27__unguarded_partition_pivotIN9__gnu_cxx17__normal_iteratorIPmSt6vectorImSaImEEEENS0_5__ops15_Iter_less_iterEET_S9_S9_T0_>
  407e0d:	48 89 45 f8          	mov    QWORD PTR [rbp-0x8],rax
  407e11:	48 8b 55 d8          	mov    rdx,QWORD PTR [rbp-0x28]
  407e15:	48 8b 4d e0          	mov    rcx,QWORD PTR [rbp-0x20]
  407e19:	48 8b 45 f8          	mov    rax,QWORD PTR [rbp-0x8]
  407e1d:	48 89 ce             	mov    rsi,rcx
  407e20:	48 89 c7             	mov    rdi,rax
  407e23:	e8 97 ff ff ff       	call   407dbf <_ZSt16__introsort_loopIN9__gnu_cxx17__normal_iteratorIPmSt6vectorImSaImEEEElNS0_5__ops15_Iter_less_iterEEvT_S9_T0_T1_>
  407e28:	48 8b 45 f8          	mov    rax,QWORD PTR [rbp-0x8]
  407e2c:	48 89 45 e0          	mov    QWORD PTR [rbp-0x20],rax
  407e30:	48 8d 55 e8          	lea    rdx,[rbp-0x18]
  407e34:	48 8d 45 e0          	lea    rax,[rbp-0x20]
  407e38:	48 89 d6             	mov    rsi,rdx
  407e3b:	48 89 c7             	mov    rdi,rax
  407e3e:	e8 65 e5 ff ff       	call   4063a8 <_ZN9__gnu_cxxmiIPmSt6vectorImSaImEEEENS_17__normal_iteratorIT_T0_E15difference_typeERKS8_SB_>
  407e43:	48 83 f8 10          	cmp    rax,0x10
  407e47:	0f 9f c0             	setg   al
  407e4a:	84 c0                	test   al,al
  407e4c:	75 87                	jne    407dd5 <_ZSt16__introsort_loopIN9__gnu_cxx17__normal_iteratorIPmSt6vectorImSaImEEEElNS0_5__ops15_Iter_less_iterEEvT_S9_T0_T1_+0x16>
  407e4e:	c9                   	leave  
  407e4f:	c3                   	ret    

0000000000407e50 <_ZSt22__final_insertion_sortIN9__gnu_cxx17__normal_iteratorIPmSt6vectorImSaImEEEENS0_5__ops15_Iter_less_iterEEvT_S9_T0_>:
  407e50:	55                   	push   rbp
  407e51:	48 89 e5             	mov    rbp,rsp
  407e54:	48 83 ec 20          	sub    rsp,0x20
  407e58:	48 89 7d f8          	mov    QWORD PTR [rbp-0x8],rdi
  407e5c:	48 89 75 f0          	mov    QWORD PTR [rbp-0x10],rsi
  407e60:	48 8d 55 f8          	lea    rdx,[rbp-0x8]
  407e64:	48 8d 45 f0          	lea    rax,[rbp-0x10]
  407e68:	48 89 d6             	mov    rsi,rdx
  407e6b:	48 89 c7             	mov    rdi,rax
  407e6e:	e8 35 e5 ff ff       	call   4063a8 <_ZN9__gnu_cxxmiIPmSt6vectorImSaImEEEENS_17__normal_iteratorIT_T0_E15difference_typeERKS8_SB_>
  407e73:	48 83 f8 10          	cmp    rax,0x10
  407e77:	0f 9f c0             	setg   al
  407e7a:	84 c0                	test   al,al
  407e7c:	74 48                	je     407ec6 <_ZSt22__final_insertion_sortIN9__gnu_cxx17__normal_iteratorIPmSt6vectorImSaImEEEENS0_5__ops15_Iter_less_iterEEvT_S9_T0_+0x76>
  407e7e:	48 8d 45 f8          	lea    rax,[rbp-0x8]
  407e82:	be 10 00 00 00       	mov    esi,0x10
  407e87:	48 89 c7             	mov    rdi,rax
  407e8a:	e8 59 e5 ff ff       	call   4063e8 <_ZNK9__gnu_cxx17__normal_iteratorIPmSt6vectorImSaImEEEplEl>
  407e8f:	48 89 c2             	mov    rdx,rax
  407e92:	48 8b 45 f8          	mov    rax,QWORD PTR [rbp-0x8]
  407e96:	48 89 d6             	mov    rsi,rdx
  407e99:	48 89 c7             	mov    rdi,rax
  407e9c:	e8 88 0a 00 00       	call   408929 <_ZSt16__insertion_sortIN9__gnu_cxx17__normal_iteratorIPmSt6vectorImSaImEEEENS0_5__ops15_Iter_less_iterEEvT_S9_T0_>
  407ea1:	48 8d 45 f8          	lea    rax,[rbp-0x8]
  407ea5:	be 10 00 00 00       	mov    esi,0x10
  407eaa:	48 89 c7             	mov    rdi,rax
  407ead:	e8 36 e5 ff ff       	call   4063e8 <_ZNK9__gnu_cxx17__normal_iteratorIPmSt6vectorImSaImEEEplEl>
  407eb2:	48 89 c2             	mov    rdx,rax
  407eb5:	48 8b 45 f0          	mov    rax,QWORD PTR [rbp-0x10]
  407eb9:	48 89 c6             	mov    rsi,rax
  407ebc:	48 89 d7             	mov    rdi,rdx
  407ebf:	e8 6c 0b 00 00       	call   408a30 <_ZSt26__unguarded_insertion_sortIN9__gnu_cxx17__normal_iteratorIPmSt6vectorImSaImEEEENS0_5__ops15_Iter_less_iterEEvT_S9_T0_>
  407ec4:	eb 13                	jmp    407ed9 <_ZSt22__final_insertion_sortIN9__gnu_cxx17__normal_iteratorIPmSt6vectorImSaImEEEENS0_5__ops15_Iter_less_iterEEvT_S9_T0_+0x89>
  407ec6:	48 8b 55 f0          	mov    rdx,QWORD PTR [rbp-0x10]
  407eca:	48 8b 45 f8          	mov    rax,QWORD PTR [rbp-0x8]
  407ece:	48 89 d6             	mov    rsi,rdx
  407ed1:	48 89 c7             	mov    rdi,rax
  407ed4:	e8 50 0a 00 00       	call   408929 <_ZSt16__insertion_sortIN9__gnu_cxx17__normal_iteratorIPmSt6vectorImSaImEEEENS0_5__ops15_Iter_less_iterEEvT_S9_T0_>
  407ed9:	90                   	nop
  407eda:	c9                   	leave  
  407edb:	c3                   	ret    

0000000000407edc <_ZN9__gnu_cxx17__normal_iteratorIPKmSt6vectorImSaImEEEC1ERKS2_>:
  407edc:	55                   	push   rbp
  407edd:	48 89 e5             	mov    rbp,rsp
  407ee0:	48 89 7d f8          	mov    QWORD PTR [rbp-0x8],rdi
  407ee4:	48 89 75 f0          	mov    QWORD PTR [rbp-0x10],rsi
  407ee8:	48 8b 45 f0          	mov    rax,QWORD PTR [rbp-0x10]
  407eec:	48 8b 10             	mov    rdx,QWORD PTR [rax]
  407eef:	48 8b 45 f8          	mov    rax,QWORD PTR [rbp-0x8]
  407ef3:	48 89 10             	mov    QWORD PTR [rax],rdx
  407ef6:	90                   	nop
  407ef7:	5d                   	pop    rbp
  407ef8:	c3                   	ret    
  407ef9:	90                   	nop

0000000000407efa <_ZNK9__gnu_cxx17__normal_iteratorIPKmSt6vectorImSaImEEE4baseEv>:
  407efa:	55                   	push   rbp
  407efb:	48 89 e5             	mov    rbp,rsp
  407efe:	48 89 7d f8          	mov    QWORD PTR [rbp-0x8],rdi
  407f02:	48 8b 45 f8          	mov    rax,QWORD PTR [rbp-0x8]
  407f06:	5d                   	pop    rbp
  407f07:	c3                   	ret    

0000000000407f08 <_ZSt18__do_alloc_on_copyISaImEEvRT_RKS1_St17integral_constantIbLb0EE>:
  407f08:	55                   	push   rbp
  407f09:	48 89 e5             	mov    rbp,rsp
  407f0c:	48 89 7d f8          	mov    QWORD PTR [rbp-0x8],rdi
  407f10:	48 89 75 f0          	mov    QWORD PTR [rbp-0x10],rsi
  407f14:	90                   	nop
  407f15:	5d                   	pop    rbp
  407f16:	c3                   	ret    

0000000000407f17 <_ZSt22__uninitialized_copy_aIN9__gnu_cxx17__normal_iteratorIPKmSt6vectorImSaImEEEEPmmET0_T_SA_S9_RSaIT1_E>:
  407f17:	55                   	push   rbp
  407f18:	48 89 e5             	mov    rbp,rsp
  407f1b:	48 83 ec 20          	sub    rsp,0x20
  407f1f:	48 89 7d f8          	mov    QWORD PTR [rbp-0x8],rdi
  407f23:	48 89 75 f0          	mov    QWORD PTR [rbp-0x10],rsi
  407f27:	48 89 55 e8          	mov    QWORD PTR [rbp-0x18],rdx
  407f2b:	48 89 4d e0          	mov    QWORD PTR [rbp-0x20],rcx
  407f2f:	48 8b 55 e8          	mov    rdx,QWORD PTR [rbp-0x18]
  407f33:	48 8b 4d f0          	mov    rcx,QWORD PTR [rbp-0x10]
  407f37:	48 8b 45 f8          	mov    rax,QWORD PTR [rbp-0x8]
  407f3b:	48 89 ce             	mov    rsi,rcx
  407f3e:	48 89 c7             	mov    rdi,rax
  407f41:	e8 3c 0b 00 00       	call   408a82 <_ZSt18uninitialized_copyIN9__gnu_cxx17__normal_iteratorIPKmSt6vectorImSaImEEEEPmET0_T_SA_S9_>
  407f46:	c9                   	leave  
  407f47:	c3                   	ret    

0000000000407f48 <_ZSt12__miter_baseIN9__gnu_cxx17__normal_iteratorIPKmSt6vectorImSaImEEEEET_S8_>:
  407f48:	55                   	push   rbp
  407f49:	48 89 e5             	mov    rbp,rsp
  407f4c:	48 89 7d f8          	mov    QWORD PTR [rbp-0x8],rdi
  407f50:	48 8b 45 f8          	mov    rax,QWORD PTR [rbp-0x8]
  407f54:	5d                   	pop    rbp
  407f55:	c3                   	ret    

0000000000407f56 <_ZSt13__copy_move_aILb0EN9__gnu_cxx17__normal_iteratorIPKmSt6vectorImSaImEEEENS1_IPmS6_EEET1_T0_SB_SA_>:
  407f56:	55                   	push   rbp
  407f57:	48 89 e5             	mov    rbp,rsp
  407f5a:	41 54                	push   r12
  407f5c:	53                   	push   rbx
  407f5d:	48 83 ec 20          	sub    rsp,0x20
  407f61:	48 89 7d e8          	mov    QWORD PTR [rbp-0x18],rdi
  407f65:	48 89 75 e0          	mov    QWORD PTR [rbp-0x20],rsi
  407f69:	48 89 55 d8          	mov    QWORD PTR [rbp-0x28],rdx
  407f6d:	48 8b 45 d8          	mov    rax,QWORD PTR [rbp-0x28]
  407f71:	48 89 c7             	mov    rdi,rax
  407f74:	e8 57 0b 00 00       	call   408ad0 <_ZSt12__niter_baseIPmSt6vectorImSaImEEET_N9__gnu_cxx17__normal_iteratorIS4_T0_EE>
  407f79:	49 89 c4             	mov    r12,rax
  407f7c:	48 8b 45 e0          	mov    rax,QWORD PTR [rbp-0x20]
  407f80:	48 89 c7             	mov    rdi,rax
  407f83:	e8 2b 0b 00 00       	call   408ab3 <_ZSt12__niter_baseIPKmSt6vectorImSaImEEET_N9__gnu_cxx17__normal_iteratorIS5_T0_EE>
  407f88:	48 89 c3             	mov    rbx,rax
  407f8b:	48 8b 45 e8          	mov    rax,QWORD PTR [rbp-0x18]
  407f8f:	48 89 c7             	mov    rdi,rax
  407f92:	e8 1c 0b 00 00       	call   408ab3 <_ZSt12__niter_baseIPKmSt6vectorImSaImEEET_N9__gnu_cxx17__normal_iteratorIS5_T0_EE>
  407f97:	4c 89 e2             	mov    rdx,r12
  407f9a:	48 89 de             	mov    rsi,rbx
  407f9d:	48 89 c7             	mov    rdi,rax
  407fa0:	e8 48 0b 00 00       	call   408aed <_ZSt14__copy_move_a1ILb0EPKmPmET1_T0_S4_S3_>
  407fa5:	48 89 c2             	mov    rdx,rax
  407fa8:	48 8b 45 d8          	mov    rax,QWORD PTR [rbp-0x28]
  407fac:	48 89 d6             	mov    rsi,rdx
  407faf:	48 89 c7             	mov    rdi,rax
  407fb2:	e8 63 0b 00 00       	call   408b1a <_ZSt12__niter_wrapIN9__gnu_cxx17__normal_iteratorIPmSt6vectorImSaImEEEES2_ET_S7_T0_>
  407fb7:	48 83 c4 20          	add    rsp,0x20
  407fbb:	5b                   	pop    rbx
  407fbc:	41 5c                	pop    r12
  407fbe:	5d                   	pop    rbp
  407fbf:	c3                   	ret    

0000000000407fc0 <_ZSt8_DestroyIN9__gnu_cxx17__normal_iteratorIPmSt6vectorImSaImEEEEEvT_S7_>:
  407fc0:	55                   	push   rbp
  407fc1:	48 89 e5             	mov    rbp,rsp
  407fc4:	48 83 ec 10          	sub    rsp,0x10
  407fc8:	48 89 7d f8          	mov    QWORD PTR [rbp-0x8],rdi
  407fcc:	48 89 75 f0          	mov    QWORD PTR [rbp-0x10],rsi
  407fd0:	48 8b 55 f0          	mov    rdx,QWORD PTR [rbp-0x10]
  407fd4:	48 8b 45 f8          	mov    rax,QWORD PTR [rbp-0x8]
  407fd8:	48 89 d6             	mov    rsi,rdx
  407fdb:	48 89 c7             	mov    rdi,rax
  407fde:	e8 75 0b 00 00       	call   408b58 <_ZNSt12_Destroy_auxILb1EE9__destroyIN9__gnu_cxx17__normal_iteratorIPmSt6vectorImSaImEEEEEEvT_S9_>
  407fe3:	90                   	nop
  407fe4:	c9                   	leave  
  407fe5:	c3                   	ret    

0000000000407fe6 <_ZSt12__miter_baseIPmET_S1_>:
  407fe6:	55                   	push   rbp
  407fe7:	48 89 e5             	mov    rbp,rsp
  407fea:	48 89 7d f8          	mov    QWORD PTR [rbp-0x8],rdi
  407fee:	48 8b 45 f8          	mov    rax,QWORD PTR [rbp-0x8]
  407ff2:	5d                   	pop    rbp
  407ff3:	c3                   	ret    

0000000000407ff4 <_ZSt13__copy_move_aILb0EPmS0_ET1_T0_S2_S1_>:
  407ff4:	55                   	push   rbp
  407ff5:	48 89 e5             	mov    rbp,rsp
  407ff8:	41 54                	push   r12
  407ffa:	53                   	push   rbx
  407ffb:	48 83 ec 20          	sub    rsp,0x20
  407fff:	48 89 7d e8          	mov    QWORD PTR [rbp-0x18],rdi
  408003:	48 89 75 e0          	mov    QWORD PTR [rbp-0x20],rsi
  408007:	48 89 55 d8          	mov    QWORD PTR [rbp-0x28],rdx
  40800b:	48 8b 45 d8          	mov    rax,QWORD PTR [rbp-0x28]
  40800f:	48 89 c7             	mov    rdi,rax
  408012:	e8 50 0b 00 00       	call   408b67 <_ZSt12__niter_baseIPmET_S1_>
  408017:	49 89 c4             	mov    r12,rax
  40801a:	48 8b 45 e0          	mov    rax,QWORD PTR [rbp-0x20]
  40801e:	48 89 c7             	mov    rdi,rax
  408021:	e8 41 0b 00 00       	call   408b67 <_ZSt12__niter_baseIPmET_S1_>
  408026:	48 89 c3             	mov    rbx,rax
  408029:	48 8b 45 e8          	mov    rax,QWORD PTR [rbp-0x18]
  40802d:	48 89 c7             	mov    rdi,rax
  408030:	e8 32 0b 00 00       	call   408b67 <_ZSt12__niter_baseIPmET_S1_>
  408035:	4c 89 e2             	mov    rdx,r12
  408038:	48 89 de             	mov    rsi,rbx
  40803b:	48 89 c7             	mov    rdi,rax
  40803e:	e8 32 0b 00 00       	call   408b75 <_ZSt14__copy_move_a1ILb0EPmS0_ET1_T0_S2_S1_>
  408043:	48 89 c2             	mov    rdx,rax
  408046:	48 8d 45 d8          	lea    rax,[rbp-0x28]
  40804a:	48 89 d6             	mov    rsi,rdx
  40804d:	48 89 c7             	mov    rdi,rax
  408050:	e8 4d 0b 00 00       	call   408ba2 <_ZSt12__niter_wrapIPmET_RKS1_S1_>
  408055:	48 83 c4 20          	add    rsp,0x20
  408059:	5b                   	pop    rbx
  40805a:	41 5c                	pop    r12
  40805c:	5d                   	pop    rbp
  40805d:	c3                   	ret    

000000000040805e <_ZSt18uninitialized_copyIPmS0_ET0_T_S2_S1_>:
  40805e:	55                   	push   rbp
  40805f:	48 89 e5             	mov    rbp,rsp
  408062:	48 83 ec 30          	sub    rsp,0x30
  408066:	48 89 7d e8          	mov    QWORD PTR [rbp-0x18],rdi
  40806a:	48 89 75 e0          	mov    QWORD PTR [rbp-0x20],rsi
  40806e:	48 89 55 d8          	mov    QWORD PTR [rbp-0x28],rdx
  408072:	c6 45 ff 01          	mov    BYTE PTR [rbp-0x1],0x1
  408076:	48 8b 55 d8          	mov    rdx,QWORD PTR [rbp-0x28]
  40807a:	48 8b 4d e0          	mov    rcx,QWORD PTR [rbp-0x20]
  40807e:	48 8b 45 e8          	mov    rax,QWORD PTR [rbp-0x18]
  408082:	48 89 ce             	mov    rsi,rcx
  408085:	48 89 c7             	mov    rdi,rax
  408088:	e8 27 0b 00 00       	call   408bb4 <_ZNSt20__uninitialized_copyILb1EE13__uninit_copyIPmS2_EET0_T_S4_S3_>
  40808d:	c9                   	leave  
  40808e:	c3                   	ret    
  40808f:	90                   	nop

0000000000408090 <_ZN9__gnu_cxx5__ops16_Iter_equals_valIKmEC1ERS2_>:
  408090:	55                   	push   rbp
  408091:	48 89 e5             	mov    rbp,rsp
  408094:	48 89 7d f8          	mov    QWORD PTR [rbp-0x8],rdi
  408098:	48 89 75 f0          	mov    QWORD PTR [rbp-0x10],rsi
  40809c:	48 8b 45 f8          	mov    rax,QWORD PTR [rbp-0x8]
  4080a0:	48 8b 55 f0          	mov    rdx,QWORD PTR [rbp-0x10]
  4080a4:	48 89 10             	mov    QWORD PTR [rax],rdx
  4080a7:	90                   	nop
  4080a8:	5d                   	pop    rbp
  4080a9:	c3                   	ret    

00000000004080aa <_ZSt19__iterator_categoryIN9__gnu_cxx17__normal_iteratorIPmSt6vectorImSaImEEEEENSt15iterator_traitsIT_E17iterator_categoryERKS8_>:
  4080aa:	55                   	push   rbp
  4080ab:	48 89 e5             	mov    rbp,rsp
  4080ae:	48 89 7d f8          	mov    QWORD PTR [rbp-0x8],rdi
  4080b2:	90                   	nop
  4080b3:	5d                   	pop    rbp
  4080b4:	c3                   	ret    

00000000004080b5 <_ZSt9__find_ifIN9__gnu_cxx17__normal_iteratorIPmSt6vectorImSaImEEEENS0_5__ops16_Iter_equals_valIKmEEET_SB_SB_T0_St26random_access_iterator_tag>:
  4080b5:	55                   	push   rbp
  4080b6:	48 89 e5             	mov    rbp,rsp
  4080b9:	48 83 ec 30          	sub    rsp,0x30
  4080bd:	48 89 7d e8          	mov    QWORD PTR [rbp-0x18],rdi
  4080c1:	48 89 75 e0          	mov    QWORD PTR [rbp-0x20],rsi
  4080c5:	48 89 55 d8          	mov    QWORD PTR [rbp-0x28],rdx
  4080c9:	48 8d 55 e8          	lea    rdx,[rbp-0x18]
  4080cd:	48 8d 45 e0          	lea    rax,[rbp-0x20]
  4080d1:	48 89 d6             	mov    rsi,rdx
  4080d4:	48 89 c7             	mov    rdi,rax
  4080d7:	e8 cc e2 ff ff       	call   4063a8 <_ZN9__gnu_cxxmiIPmSt6vectorImSaImEEEENS_17__normal_iteratorIT_T0_E15difference_typeERKS8_SB_>
  4080dc:	48 c1 f8 02          	sar    rax,0x2
  4080e0:	48 89 45 f8          	mov    QWORD PTR [rbp-0x8],rax
  4080e4:	e9 b5 00 00 00       	jmp    40819e <_ZSt9__find_ifIN9__gnu_cxx17__normal_iteratorIPmSt6vectorImSaImEEEENS0_5__ops16_Iter_equals_valIKmEEET_SB_SB_T0_St26random_access_iterator_tag+0xe9>
  4080e9:	48 8b 55 e8          	mov    rdx,QWORD PTR [rbp-0x18]
  4080ed:	48 8d 45 d8          	lea    rax,[rbp-0x28]
  4080f1:	48 89 d6             	mov    rsi,rdx
  4080f4:	48 89 c7             	mov    rdi,rax
  4080f7:	e8 e6 0a 00 00       	call   408be2 <_ZN9__gnu_cxx5__ops16_Iter_equals_valIKmEclINS_17__normal_iteratorIPmSt6vectorImSaImEEEEEEbT_>
  4080fc:	84 c0                	test   al,al
  4080fe:	74 09                	je     408109 <_ZSt9__find_ifIN9__gnu_cxx17__normal_iteratorIPmSt6vectorImSaImEEEENS0_5__ops16_Iter_equals_valIKmEEET_SB_SB_T0_St26random_access_iterator_tag+0x54>
  408100:	48 8b 45 e8          	mov    rax,QWORD PTR [rbp-0x18]
  408104:	e9 50 01 00 00       	jmp    408259 <_ZSt9__find_ifIN9__gnu_cxx17__normal_iteratorIPmSt6vectorImSaImEEEENS0_5__ops16_Iter_equals_valIKmEEET_SB_SB_T0_St26random_access_iterator_tag+0x1a4>
  408109:	48 8d 45 e8          	lea    rax,[rbp-0x18]
  40810d:	48 89 c7             	mov    rdi,rax
  408110:	e8 7b da ff ff       	call   405b90 <_ZN9__gnu_cxx17__normal_iteratorIPmSt6vectorImSaImEEEppEv>
  408115:	48 8b 55 e8          	mov    rdx,QWORD PTR [rbp-0x18]
  408119:	48 8d 45 d8          	lea    rax,[rbp-0x28]
  40811d:	48 89 d6             	mov    rsi,rdx
  408120:	48 89 c7             	mov    rdi,rax
  408123:	e8 ba 0a 00 00       	call   408be2 <_ZN9__gnu_cxx5__ops16_Iter_equals_valIKmEclINS_17__normal_iteratorIPmSt6vectorImSaImEEEEEEbT_>
  408128:	84 c0                	test   al,al
  40812a:	74 09                	je     408135 <_ZSt9__find_ifIN9__gnu_cxx17__normal_iteratorIPmSt6vectorImSaImEEEENS0_5__ops16_Iter_equals_valIKmEEET_SB_SB_T0_St26random_access_iterator_tag+0x80>
  40812c:	48 8b 45 e8          	mov    rax,QWORD PTR [rbp-0x18]
  408130:	e9 24 01 00 00       	jmp    408259 <_ZSt9__find_ifIN9__gnu_cxx17__normal_iteratorIPmSt6vectorImSaImEEEENS0_5__ops16_Iter_equals_valIKmEEET_SB_SB_T0_St26random_access_iterator_tag+0x1a4>
  408135:	48 8d 45 e8          	lea    rax,[rbp-0x18]
  408139:	48 89 c7             	mov    rdi,rax
  40813c:	e8 4f da ff ff       	call   405b90 <_ZN9__gnu_cxx17__normal_iteratorIPmSt6vectorImSaImEEEppEv>
  408141:	48 8b 55 e8          	mov    rdx,QWORD PTR [rbp-0x18]
  408145:	48 8d 45 d8          	lea    rax,[rbp-0x28]
  408149:	48 89 d6             	mov    rsi,rdx
  40814c:	48 89 c7             	mov    rdi,rax
  40814f:	e8 8e 0a 00 00       	call   408be2 <_ZN9__gnu_cxx5__ops16_Iter_equals_valIKmEclINS_17__normal_iteratorIPmSt6vectorImSaImEEEEEEbT_>
  408154:	84 c0                	test   al,al
  408156:	74 09                	je     408161 <_ZSt9__find_ifIN9__gnu_cxx17__normal_iteratorIPmSt6vectorImSaImEEEENS0_5__ops16_Iter_equals_valIKmEEET_SB_SB_T0_St26random_access_iterator_tag+0xac>
  408158:	48 8b 45 e8          	mov    rax,QWORD PTR [rbp-0x18]
  40815c:	e9 f8 00 00 00       	jmp    408259 <_ZSt9__find_ifIN9__gnu_cxx17__normal_iteratorIPmSt6vectorImSaImEEEENS0_5__ops16_Iter_equals_valIKmEEET_SB_SB_T0_St26random_access_iterator_tag+0x1a4>
  408161:	48 8d 45 e8          	lea    rax,[rbp-0x18]
  408165:	48 89 c7             	mov    rdi,rax
  408168:	e8 23 da ff ff       	call   405b90 <_ZN9__gnu_cxx17__normal_iteratorIPmSt6vectorImSaImEEEppEv>
  40816d:	48 8b 55 e8          	mov    rdx,QWORD PTR [rbp-0x18]
  408171:	48 8d 45 d8          	lea    rax,[rbp-0x28]
  408175:	48 89 d6             	mov    rsi,rdx
  408178:	48 89 c7             	mov    rdi,rax
  40817b:	e8 62 0a 00 00       	call   408be2 <_ZN9__gnu_cxx5__ops16_Iter_equals_valIKmEclINS_17__normal_iteratorIPmSt6vectorImSaImEEEEEEbT_>
  408180:	84 c0                	test   al,al
  408182:	74 09                	je     40818d <_ZSt9__find_ifIN9__gnu_cxx17__normal_iteratorIPmSt6vectorImSaImEEEENS0_5__ops16_Iter_equals_valIKmEEET_SB_SB_T0_St26random_access_iterator_tag+0xd8>
  408184:	48 8b 45 e8          	mov    rax,QWORD PTR [rbp-0x18]
  408188:	e9 cc 00 00 00       	jmp    408259 <_ZSt9__find_ifIN9__gnu_cxx17__normal_iteratorIPmSt6vectorImSaImEEEENS0_5__ops16_Iter_equals_valIKmEEET_SB_SB_T0_St26random_access_iterator_tag+0x1a4>
  40818d:	48 8d 45 e8          	lea    rax,[rbp-0x18]
  408191:	48 89 c7             	mov    rdi,rax
  408194:	e8 f7 d9 ff ff       	call   405b90 <_ZN9__gnu_cxx17__normal_iteratorIPmSt6vectorImSaImEEEppEv>
  408199:	48 83 6d f8 01       	sub    QWORD PTR [rbp-0x8],0x1
  40819e:	48 83 7d f8 00       	cmp    QWORD PTR [rbp-0x8],0x0
  4081a3:	0f 8f 40 ff ff ff    	jg     4080e9 <_ZSt9__find_ifIN9__gnu_cxx17__normal_iteratorIPmSt6vectorImSaImEEEENS0_5__ops16_Iter_equals_valIKmEEET_SB_SB_T0_St26random_access_iterator_tag+0x34>
  4081a9:	48 8d 55 e8          	lea    rdx,[rbp-0x18]
  4081ad:	48 8d 45 e0          	lea    rax,[rbp-0x20]
  4081b1:	48 89 d6             	mov    rsi,rdx
  4081b4:	48 89 c7             	mov    rdi,rax
  4081b7:	e8 ec e1 ff ff       	call   4063a8 <_ZN9__gnu_cxxmiIPmSt6vectorImSaImEEEENS_17__normal_iteratorIT_T0_E15difference_typeERKS8_SB_>
  4081bc:	48 83 f8 03          	cmp    rax,0x3
  4081c0:	74 18                	je     4081da <_ZSt9__find_ifIN9__gnu_cxx17__normal_iteratorIPmSt6vectorImSaImEEEENS0_5__ops16_Iter_equals_valIKmEEET_SB_SB_T0_St26random_access_iterator_tag+0x125>
  4081c2:	48 83 f8 03          	cmp    rax,0x3
  4081c6:	0f 8f 89 00 00 00    	jg     408255 <_ZSt9__find_ifIN9__gnu_cxx17__normal_iteratorIPmSt6vectorImSaImEEEENS0_5__ops16_Iter_equals_valIKmEEET_SB_SB_T0_St26random_access_iterator_tag+0x1a0>
  4081cc:	48 83 f8 01          	cmp    rax,0x1
  4081d0:	74 5a                	je     40822c <_ZSt9__find_ifIN9__gnu_cxx17__normal_iteratorIPmSt6vectorImSaImEEEENS0_5__ops16_Iter_equals_valIKmEEET_SB_SB_T0_St26random_access_iterator_tag+0x177>
  4081d2:	48 83 f8 02          	cmp    rax,0x2
  4081d6:	74 2b                	je     408203 <_ZSt9__find_ifIN9__gnu_cxx17__normal_iteratorIPmSt6vectorImSaImEEEENS0_5__ops16_Iter_equals_valIKmEEET_SB_SB_T0_St26random_access_iterator_tag+0x14e>
  4081d8:	eb 7b                	jmp    408255 <_ZSt9__find_ifIN9__gnu_cxx17__normal_iteratorIPmSt6vectorImSaImEEEENS0_5__ops16_Iter_equals_valIKmEEET_SB_SB_T0_St26random_access_iterator_tag+0x1a0>
  4081da:	48 8b 55 e8          	mov    rdx,QWORD PTR [rbp-0x18]
  4081de:	48 8d 45 d8          	lea    rax,[rbp-0x28]
  4081e2:	48 89 d6             	mov    rsi,rdx
  4081e5:	48 89 c7             	mov    rdi,rax
  4081e8:	e8 f5 09 00 00       	call   408be2 <_ZN9__gnu_cxx5__ops16_Iter_equals_valIKmEclINS_17__normal_iteratorIPmSt6vectorImSaImEEEEEEbT_>
  4081ed:	84 c0                	test   al,al
  4081ef:	74 06                	je     4081f7 <_ZSt9__find_ifIN9__gnu_cxx17__normal_iteratorIPmSt6vectorImSaImEEEENS0_5__ops16_Iter_equals_valIKmEEET_SB_SB_T0_St26random_access_iterator_tag+0x142>
  4081f1:	48 8b 45 e8          	mov    rax,QWORD PTR [rbp-0x18]
  4081f5:	eb 62                	jmp    408259 <_ZSt9__find_ifIN9__gnu_cxx17__normal_iteratorIPmSt6vectorImSaImEEEENS0_5__ops16_Iter_equals_valIKmEEET_SB_SB_T0_St26random_access_iterator_tag+0x1a4>
  4081f7:	48 8d 45 e8          	lea    rax,[rbp-0x18]
  4081fb:	48 89 c7             	mov    rdi,rax
  4081fe:	e8 8d d9 ff ff       	call   405b90 <_ZN9__gnu_cxx17__normal_iteratorIPmSt6vectorImSaImEEEppEv>
  408203:	48 8b 55 e8          	mov    rdx,QWORD PTR [rbp-0x18]
  408207:	48 8d 45 d8          	lea    rax,[rbp-0x28]
  40820b:	48 89 d6             	mov    rsi,rdx
  40820e:	48 89 c7             	mov    rdi,rax
  408211:	e8 cc 09 00 00       	call   408be2 <_ZN9__gnu_cxx5__ops16_Iter_equals_valIKmEclINS_17__normal_iteratorIPmSt6vectorImSaImEEEEEEbT_>
  408216:	84 c0                	test   al,al
  408218:	74 06                	je     408220 <_ZSt9__find_ifIN9__gnu_cxx17__normal_iteratorIPmSt6vectorImSaImEEEENS0_5__ops16_Iter_equals_valIKmEEET_SB_SB_T0_St26random_access_iterator_tag+0x16b>
  40821a:	48 8b 45 e8          	mov    rax,QWORD PTR [rbp-0x18]
  40821e:	eb 39                	jmp    408259 <_ZSt9__find_ifIN9__gnu_cxx17__normal_iteratorIPmSt6vectorImSaImEEEENS0_5__ops16_Iter_equals_valIKmEEET_SB_SB_T0_St26random_access_iterator_tag+0x1a4>
  408220:	48 8d 45 e8          	lea    rax,[rbp-0x18]
  408224:	48 89 c7             	mov    rdi,rax
  408227:	e8 64 d9 ff ff       	call   405b90 <_ZN9__gnu_cxx17__normal_iteratorIPmSt6vectorImSaImEEEppEv>
  40822c:	48 8b 55 e8          	mov    rdx,QWORD PTR [rbp-0x18]
  408230:	48 8d 45 d8          	lea    rax,[rbp-0x28]
  408234:	48 89 d6             	mov    rsi,rdx
  408237:	48 89 c7             	mov    rdi,rax
  40823a:	e8 a3 09 00 00       	call   408be2 <_ZN9__gnu_cxx5__ops16_Iter_equals_valIKmEclINS_17__normal_iteratorIPmSt6vectorImSaImEEEEEEbT_>
  40823f:	84 c0                	test   al,al
  408241:	74 06                	je     408249 <_ZSt9__find_ifIN9__gnu_cxx17__normal_iteratorIPmSt6vectorImSaImEEEENS0_5__ops16_Iter_equals_valIKmEEET_SB_SB_T0_St26random_access_iterator_tag+0x194>
  408243:	48 8b 45 e8          	mov    rax,QWORD PTR [rbp-0x18]
  408247:	eb 10                	jmp    408259 <_ZSt9__find_ifIN9__gnu_cxx17__normal_iteratorIPmSt6vectorImSaImEEEENS0_5__ops16_Iter_equals_valIKmEEET_SB_SB_T0_St26random_access_iterator_tag+0x1a4>
  408249:	48 8d 45 e8          	lea    rax,[rbp-0x18]
  40824d:	48 89 c7             	mov    rdi,rax
  408250:	e8 3b d9 ff ff       	call   405b90 <_ZN9__gnu_cxx17__normal_iteratorIPmSt6vectorImSaImEEEppEv>
  408255:	48 8b 45 e0          	mov    rax,QWORD PTR [rbp-0x20]
  408259:	c9                   	leave  
  40825a:	c3                   	ret    
  40825b:	90                   	nop

000000000040825c <_ZN9__gnu_cxx13new_allocatorImE10deallocateEPmm>:
  40825c:	55                   	push   rbp
  40825d:	48 89 e5             	mov    rbp,rsp
  408260:	48 83 ec 20          	sub    rsp,0x20
  408264:	48 89 7d f8          	mov    QWORD PTR [rbp-0x8],rdi
  408268:	48 89 75 f0          	mov    QWORD PTR [rbp-0x10],rsi
  40826c:	48 89 55 e8          	mov    QWORD PTR [rbp-0x18],rdx
  408270:	48 8b 45 f0          	mov    rax,QWORD PTR [rbp-0x10]
  408274:	48 89 c7             	mov    rdi,rax
  408277:	e8 14 9f ff ff       	call   402190 <_ZdlPv@plt>
  40827c:	90                   	nop
  40827d:	c9                   	leave  
  40827e:	c3                   	ret    

000000000040827f <_ZNSt12_Destroy_auxILb1EE9__destroyIPmEEvT_S3_>:
  40827f:	55                   	push   rbp
  408280:	48 89 e5             	mov    rbp,rsp
  408283:	48 89 7d f8          	mov    QWORD PTR [rbp-0x8],rdi
  408287:	48 89 75 f0          	mov    QWORD PTR [rbp-0x10],rsi
  40828b:	90                   	nop
  40828c:	5d                   	pop    rbp
  40828d:	c3                   	ret    

000000000040828e <_ZN9__gnu_cxx13new_allocatorImE9constructImJmEEEvPT_DpOT0_>:
  40828e:	55                   	push   rbp
  40828f:	48 89 e5             	mov    rbp,rsp
  408292:	53                   	push   rbx
  408293:	48 83 ec 28          	sub    rsp,0x28
  408297:	48 89 7d e8          	mov    QWORD PTR [rbp-0x18],rdi
  40829b:	48 89 75 e0          	mov    QWORD PTR [rbp-0x20],rsi
  40829f:	48 89 55 d8          	mov    QWORD PTR [rbp-0x28],rdx
  4082a3:	48 8b 45 d8          	mov    rax,QWORD PTR [rbp-0x28]
  4082a7:	48 89 c7             	mov    rdi,rax
  4082aa:	e8 84 f0 ff ff       	call   407333 <_ZSt7forwardImEOT_RNSt16remove_referenceIS0_E4typeE>
  4082af:	48 8b 18             	mov    rbx,QWORD PTR [rax]
  4082b2:	48 8b 45 e0          	mov    rax,QWORD PTR [rbp-0x20]
  4082b6:	48 89 c6             	mov    rsi,rax
  4082b9:	bf 08 00 00 00       	mov    edi,0x8
  4082be:	e8 e3 ce ff ff       	call   4051a6 <_ZnwmPv>
  4082c3:	48 89 18             	mov    QWORD PTR [rax],rbx
  4082c6:	90                   	nop
  4082c7:	48 8b 5d f8          	mov    rbx,QWORD PTR [rbp-0x8]
  4082cb:	c9                   	leave  
  4082cc:	c3                   	ret    
  4082cd:	90                   	nop

00000000004082ce <_ZNSt12_Vector_baseImSaImEEC1ERKS0_>:
  4082ce:	55                   	push   rbp
  4082cf:	48 89 e5             	mov    rbp,rsp
  4082d2:	48 83 ec 10          	sub    rsp,0x10
  4082d6:	48 89 7d f8          	mov    QWORD PTR [rbp-0x8],rdi
  4082da:	48 89 75 f0          	mov    QWORD PTR [rbp-0x10],rsi
  4082de:	48 8b 45 f8          	mov    rax,QWORD PTR [rbp-0x8]
  4082e2:	48 8b 55 f0          	mov    rdx,QWORD PTR [rbp-0x10]
  4082e6:	48 89 d6             	mov    rsi,rdx
  4082e9:	48 89 c7             	mov    rdi,rax
  4082ec:	e8 73 f4 ff ff       	call   407764 <_ZNSt12_Vector_baseImSaImEE12_Vector_implC1ERKS0_>
  4082f1:	90                   	nop
  4082f2:	c9                   	leave  
  4082f3:	c3                   	ret    

00000000004082f4 <_ZNSt12_Vector_baseImSaImEE17_Vector_impl_data12_M_copy_dataERKS2_>:
  4082f4:	55                   	push   rbp
  4082f5:	48 89 e5             	mov    rbp,rsp
  4082f8:	48 89 7d f8          	mov    QWORD PTR [rbp-0x8],rdi
  4082fc:	48 89 75 f0          	mov    QWORD PTR [rbp-0x10],rsi
  408300:	48 8b 45 f0          	mov    rax,QWORD PTR [rbp-0x10]
  408304:	48 8b 10             	mov    rdx,QWORD PTR [rax]
  408307:	48 8b 45 f8          	mov    rax,QWORD PTR [rbp-0x8]
  40830b:	48 89 10             	mov    QWORD PTR [rax],rdx
  40830e:	48 8b 45 f0          	mov    rax,QWORD PTR [rbp-0x10]
  408312:	48 8b 50 08          	mov    rdx,QWORD PTR [rax+0x8]
  408316:	48 8b 45 f8          	mov    rax,QWORD PTR [rbp-0x8]
  40831a:	48 89 50 08          	mov    QWORD PTR [rax+0x8],rdx
  40831e:	48 8b 45 f0          	mov    rax,QWORD PTR [rbp-0x10]
  408322:	48 8b 50 10          	mov    rdx,QWORD PTR [rax+0x10]
  408326:	48 8b 45 f8          	mov    rax,QWORD PTR [rbp-0x8]
  40832a:	48 89 50 10          	mov    QWORD PTR [rax+0x10],rdx
  40832e:	90                   	nop
  40832f:	5d                   	pop    rbp
  408330:	c3                   	ret    

0000000000408331 <_ZSt18__do_alloc_on_moveISaImEEvRT_S2_St17integral_constantIbLb1EE>:
  408331:	55                   	push   rbp
  408332:	48 89 e5             	mov    rbp,rsp
  408335:	48 83 ec 10          	sub    rsp,0x10
  408339:	48 89 7d f8          	mov    QWORD PTR [rbp-0x8],rdi
  40833d:	48 89 75 f0          	mov    QWORD PTR [rbp-0x10],rsi
  408341:	48 8b 45 f0          	mov    rax,QWORD PTR [rbp-0x10]
  408345:	48 89 c7             	mov    rdi,rax
  408348:	e8 c6 08 00 00       	call   408c13 <_ZSt4moveIRSaImEEONSt16remove_referenceIT_E4typeEOS3_>
  40834d:	90                   	nop
  40834e:	c9                   	leave  
  40834f:	c3                   	ret    

0000000000408350 <_ZNSt16allocator_traitsISaImEE8max_sizeERKS0_>:
  408350:	55                   	push   rbp
  408351:	48 89 e5             	mov    rbp,rsp
  408354:	48 83 ec 10          	sub    rsp,0x10
  408358:	48 89 7d f8          	mov    QWORD PTR [rbp-0x8],rdi
  40835c:	48 8b 45 f8          	mov    rax,QWORD PTR [rbp-0x8]
  408360:	48 89 c7             	mov    rdi,rax
  408363:	e8 ba 08 00 00       	call   408c22 <_ZNK9__gnu_cxx13new_allocatorImE8max_sizeEv>
  408368:	c9                   	leave  
  408369:	c3                   	ret    

000000000040836a <_ZSt3minImERKT_S2_S2_>:
  40836a:	55                   	push   rbp
  40836b:	48 89 e5             	mov    rbp,rsp
  40836e:	48 89 7d f8          	mov    QWORD PTR [rbp-0x8],rdi
  408372:	48 89 75 f0          	mov    QWORD PTR [rbp-0x10],rsi
  408376:	48 8b 45 f0          	mov    rax,QWORD PTR [rbp-0x10]
  40837a:	48 8b 10             	mov    rdx,QWORD PTR [rax]
  40837d:	48 8b 45 f8          	mov    rax,QWORD PTR [rbp-0x8]
  408381:	48 8b 00             	mov    rax,QWORD PTR [rax]
  408384:	48 39 c2             	cmp    rdx,rax
  408387:	73 06                	jae    40838f <_ZSt3minImERKT_S2_S2_+0x25>
  408389:	48 8b 45 f0          	mov    rax,QWORD PTR [rbp-0x10]
  40838d:	eb 04                	jmp    408393 <_ZSt3minImERKT_S2_S2_+0x29>
  40838f:	48 8b 45 f8          	mov    rax,QWORD PTR [rbp-0x8]
  408393:	5d                   	pop    rbp
  408394:	c3                   	ret    

0000000000408395 <_ZSt25__uninitialized_default_nIPmmET_S1_T0_>:
  408395:	55                   	push   rbp
  408396:	48 89 e5             	mov    rbp,rsp
  408399:	48 83 ec 20          	sub    rsp,0x20
  40839d:	48 89 7d e8          	mov    QWORD PTR [rbp-0x18],rdi
  4083a1:	48 89 75 e0          	mov    QWORD PTR [rbp-0x20],rsi
  4083a5:	c6 45 ff 01          	mov    BYTE PTR [rbp-0x1],0x1
  4083a9:	48 8b 55 e0          	mov    rdx,QWORD PTR [rbp-0x20]
  4083ad:	48 8b 45 e8          	mov    rax,QWORD PTR [rbp-0x18]
  4083b1:	48 89 d6             	mov    rsi,rdx
  4083b4:	48 89 c7             	mov    rdi,rax
  4083b7:	e8 8e 08 00 00       	call   408c4a <_ZNSt27__uninitialized_default_n_1ILb1EE18__uninit_default_nIPmmEET_S3_T0_>
  4083bc:	c9                   	leave  
  4083bd:	c3                   	ret    

00000000004083be <_ZNSt8__detail4_ModImLm4294967296ELm1ELm0ELb1ELb1EE6__calcEm>:
  4083be:	55                   	push   rbp
  4083bf:	48 89 e5             	mov    rbp,rsp
  4083c2:	48 89 7d e8          	mov    QWORD PTR [rbp-0x18],rdi
  4083c6:	48 8b 45 e8          	mov    rax,QWORD PTR [rbp-0x18]
  4083ca:	48 89 45 f8          	mov    QWORD PTR [rbp-0x8],rax
  4083ce:	b8 ff ff ff ff       	mov    eax,0xffffffff
  4083d3:	48 21 45 f8          	and    QWORD PTR [rbp-0x8],rax
  4083d7:	48 8b 45 f8          	mov    rax,QWORD PTR [rbp-0x8]
  4083db:	5d                   	pop    rbp
  4083dc:	c3                   	ret    

00000000004083dd <_ZNSt8__detail4_ModImLm624ELm1ELm0ELb1ELb1EE6__calcEm>:
  4083dd:	55                   	push   rbp
  4083de:	48 89 e5             	mov    rbp,rsp
  4083e1:	48 89 7d e8          	mov    QWORD PTR [rbp-0x18],rdi
  4083e5:	48 8b 45 e8          	mov    rax,QWORD PTR [rbp-0x18]
  4083e9:	48 89 45 f8          	mov    QWORD PTR [rbp-0x8],rax
  4083ed:	48 8b 4d f8          	mov    rcx,QWORD PTR [rbp-0x8]
  4083f1:	48 89 c8             	mov    rax,rcx
  4083f4:	48 c1 e8 04          	shr    rax,0x4
  4083f8:	48 ba 21 0d d2 20 0d 	movabs rdx,0xd20d20d20d20d21
  4083ff:	d2 20 0d 
  408402:	48 f7 e2             	mul    rdx
  408405:	48 89 d0             	mov    rax,rdx
  408408:	48 d1 e8             	shr    rax,1
  40840b:	48 69 d0 70 02 00 00 	imul   rdx,rax,0x270
  408412:	48 89 c8             	mov    rax,rcx
  408415:	48 29 d0             	sub    rax,rdx
  408418:	48 89 45 f8          	mov    QWORD PTR [rbp-0x8],rax
  40841c:	48 8b 45 f8          	mov    rax,QWORD PTR [rbp-0x8]
  408420:	5d                   	pop    rbp
  408421:	c3                   	ret    

0000000000408422 <_ZNSt4pairImmEC1ImmLb1EEEOT_OT0_>:
  408422:	55                   	push   rbp
  408423:	48 89 e5             	mov    rbp,rsp
  408426:	48 83 ec 20          	sub    rsp,0x20
  40842a:	48 89 7d f8          	mov    QWORD PTR [rbp-0x8],rdi
  40842e:	48 89 75 f0          	mov    QWORD PTR [rbp-0x10],rsi
  408432:	48 89 55 e8          	mov    QWORD PTR [rbp-0x18],rdx
  408436:	48 8b 45 f0          	mov    rax,QWORD PTR [rbp-0x10]
  40843a:	48 89 c7             	mov    rdi,rax
  40843d:	e8 f1 ee ff ff       	call   407333 <_ZSt7forwardImEOT_RNSt16remove_referenceIS0_E4typeE>
  408442:	48 8b 10             	mov    rdx,QWORD PTR [rax]
  408445:	48 8b 45 f8          	mov    rax,QWORD PTR [rbp-0x8]
  408449:	48 89 10             	mov    QWORD PTR [rax],rdx
  40844c:	48 8b 45 e8          	mov    rax,QWORD PTR [rbp-0x18]
  408450:	48 89 c7             	mov    rdi,rax
  408453:	e8 db ee ff ff       	call   407333 <_ZSt7forwardImEOT_RNSt16remove_referenceIS0_E4typeE>
  408458:	48 8b 10             	mov    rdx,QWORD PTR [rax]
  40845b:	48 8b 45 f8          	mov    rax,QWORD PTR [rbp-0x8]
  40845f:	48 89 50 08          	mov    QWORD PTR [rax+0x8],rdx
  408463:	90                   	nop
  408464:	c9                   	leave  
  408465:	c3                   	ret    

0000000000408466 <_ZNSt23mersenne_twister_engineImLm32ELm624ELm397ELm31ELm2567483615ELm11ELm4294967295ELm7ELm2636928640ELm15ELm4022730752ELm18ELm1812433253EE11_M_gen_randEv>:
  408466:	55                   	push   rbp
  408467:	48 89 e5             	mov    rbp,rsp
  40846a:	48 89 7d b8          	mov    QWORD PTR [rbp-0x48],rdi
  40846e:	48 c7 45 e8 00 00 00 	mov    QWORD PTR [rbp-0x18],0xffffffff80000000
  408475:	80 
  408476:	48 c7 45 e0 ff ff ff 	mov    QWORD PTR [rbp-0x20],0x7fffffff
  40847d:	7f 
  40847e:	48 c7 45 f8 00 00 00 	mov    QWORD PTR [rbp-0x8],0x0
  408485:	00 
  408486:	eb 7d                	jmp    408505 <_ZNSt23mersenne_twister_engineImLm32ELm624ELm397ELm31ELm2567483615ELm11ELm4294967295ELm7ELm2636928640ELm15ELm4022730752ELm18ELm1812433253EE11_M_gen_randEv+0x9f>
  408488:	48 8b 45 b8          	mov    rax,QWORD PTR [rbp-0x48]
  40848c:	48 8b 55 f8          	mov    rdx,QWORD PTR [rbp-0x8]
  408490:	48 8b 04 d0          	mov    rax,QWORD PTR [rax+rdx*8]
  408494:	48 25 00 00 00 80    	and    rax,0xffffffff80000000
  40849a:	48 89 c1             	mov    rcx,rax
  40849d:	48 8b 45 f8          	mov    rax,QWORD PTR [rbp-0x8]
  4084a1:	48 8d 50 01          	lea    rdx,[rax+0x1]
  4084a5:	48 8b 45 b8          	mov    rax,QWORD PTR [rbp-0x48]
  4084a9:	48 8b 04 d0          	mov    rax,QWORD PTR [rax+rdx*8]
  4084ad:	25 ff ff ff 7f       	and    eax,0x7fffffff
  4084b2:	48 09 c8             	or     rax,rcx
  4084b5:	48 89 45 c8          	mov    QWORD PTR [rbp-0x38],rax
  4084b9:	48 8b 45 f8          	mov    rax,QWORD PTR [rbp-0x8]
  4084bd:	48 8d 90 8d 01 00 00 	lea    rdx,[rax+0x18d]
  4084c4:	48 8b 45 b8          	mov    rax,QWORD PTR [rbp-0x48]
  4084c8:	48 8b 14 d0          	mov    rdx,QWORD PTR [rax+rdx*8]
  4084cc:	48 8b 45 c8          	mov    rax,QWORD PTR [rbp-0x38]
  4084d0:	48 d1 e8             	shr    rax,1
  4084d3:	48 31 c2             	xor    rdx,rax
  4084d6:	48 8b 45 c8          	mov    rax,QWORD PTR [rbp-0x38]
  4084da:	83 e0 01             	and    eax,0x1
  4084dd:	48 85 c0             	test   rax,rax
  4084e0:	74 07                	je     4084e9 <_ZNSt23mersenne_twister_engineImLm32ELm624ELm397ELm31ELm2567483615ELm11ELm4294967295ELm7ELm2636928640ELm15ELm4022730752ELm18ELm1812433253EE11_M_gen_randEv+0x83>
  4084e2:	b8 df b0 08 99       	mov    eax,0x9908b0df
  4084e7:	eb 05                	jmp    4084ee <_ZNSt23mersenne_twister_engineImLm32ELm624ELm397ELm31ELm2567483615ELm11ELm4294967295ELm7ELm2636928640ELm15ELm4022730752ELm18ELm1812433253EE11_M_gen_randEv+0x88>
  4084e9:	b8 00 00 00 00       	mov    eax,0x0
  4084ee:	48 31 d0             	xor    rax,rdx
  4084f1:	48 89 c1             	mov    rcx,rax
  4084f4:	48 8b 45 b8          	mov    rax,QWORD PTR [rbp-0x48]
  4084f8:	48 8b 55 f8          	mov    rdx,QWORD PTR [rbp-0x8]
  4084fc:	48 89 0c d0          	mov    QWORD PTR [rax+rdx*8],rcx
  408500:	48 83 45 f8 01       	add    QWORD PTR [rbp-0x8],0x1
  408505:	48 81 7d f8 e2 00 00 	cmp    QWORD PTR [rbp-0x8],0xe2
  40850c:	00 
  40850d:	0f 86 75 ff ff ff    	jbe    408488 <_ZNSt23mersenne_twister_engineImLm32ELm624ELm397ELm31ELm2567483615ELm11ELm4294967295ELm7ELm2636928640ELm15ELm4022730752ELm18ELm1812433253EE11_M_gen_randEv+0x22>
  408513:	48 c7 45 f0 e3 00 00 	mov    QWORD PTR [rbp-0x10],0xe3
  40851a:	00 
  40851b:	eb 7d                	jmp    40859a <_ZNSt23mersenne_twister_engineImLm32ELm624ELm397ELm31ELm2567483615ELm11ELm4294967295ELm7ELm2636928640ELm15ELm4022730752ELm18ELm1812433253EE11_M_gen_randEv+0x134>
  40851d:	48 8b 45 b8          	mov    rax,QWORD PTR [rbp-0x48]
  408521:	48 8b 55 f0          	mov    rdx,QWORD PTR [rbp-0x10]
  408525:	48 8b 04 d0          	mov    rax,QWORD PTR [rax+rdx*8]
  408529:	48 25 00 00 00 80    	and    rax,0xffffffff80000000
  40852f:	48 89 c1             	mov    rcx,rax
  408532:	48 8b 45 f0          	mov    rax,QWORD PTR [rbp-0x10]
  408536:	48 8d 50 01          	lea    rdx,[rax+0x1]
  40853a:	48 8b 45 b8          	mov    rax,QWORD PTR [rbp-0x48]
  40853e:	48 8b 04 d0          	mov    rax,QWORD PTR [rax+rdx*8]
  408542:	25 ff ff ff 7f       	and    eax,0x7fffffff
  408547:	48 09 c8             	or     rax,rcx
  40854a:	48 89 45 d0          	mov    QWORD PTR [rbp-0x30],rax
  40854e:	48 8b 45 f0          	mov    rax,QWORD PTR [rbp-0x10]
  408552:	48 8d 90 1d ff ff ff 	lea    rdx,[rax-0xe3]
  408559:	48 8b 45 b8          	mov    rax,QWORD PTR [rbp-0x48]
  40855d:	48 8b 14 d0          	mov    rdx,QWORD PTR [rax+rdx*8]
  408561:	48 8b 45 d0          	mov    rax,QWORD PTR [rbp-0x30]
  408565:	48 d1 e8             	shr    rax,1
  408568:	48 31 c2             	xor    rdx,rax
  40856b:	48 8b 45 d0          	mov    rax,QWORD PTR [rbp-0x30]
  40856f:	83 e0 01             	and    eax,0x1
  408572:	48 85 c0             	test   rax,rax
  408575:	74 07                	je     40857e <_ZNSt23mersenne_twister_engineImLm32ELm624ELm397ELm31ELm2567483615ELm11ELm4294967295ELm7ELm2636928640ELm15ELm4022730752ELm18ELm1812433253EE11_M_gen_randEv+0x118>
  408577:	b8 df b0 08 99       	mov    eax,0x9908b0df
  40857c:	eb 05                	jmp    408583 <_ZNSt23mersenne_twister_engineImLm32ELm624ELm397ELm31ELm2567483615ELm11ELm4294967295ELm7ELm2636928640ELm15ELm4022730752ELm18ELm1812433253EE11_M_gen_randEv+0x11d>
  40857e:	b8 00 00 00 00       	mov    eax,0x0
  408583:	48 31 d0             	xor    rax,rdx
  408586:	48 89 c1             	mov    rcx,rax
  408589:	48 8b 45 b8          	mov    rax,QWORD PTR [rbp-0x48]
  40858d:	48 8b 55 f0          	mov    rdx,QWORD PTR [rbp-0x10]
  408591:	48 89 0c d0          	mov    QWORD PTR [rax+rdx*8],rcx
  408595:	48 83 45 f0 01       	add    QWORD PTR [rbp-0x10],0x1
  40859a:	48 81 7d f0 6e 02 00 	cmp    QWORD PTR [rbp-0x10],0x26e
  4085a1:	00 
  4085a2:	0f 86 75 ff ff ff    	jbe    40851d <_ZNSt23mersenne_twister_engineImLm32ELm624ELm397ELm31ELm2567483615ELm11ELm4294967295ELm7ELm2636928640ELm15ELm4022730752ELm18ELm1812433253EE11_M_gen_randEv+0xb7>
  4085a8:	48 8b 45 b8          	mov    rax,QWORD PTR [rbp-0x48]
  4085ac:	48 8b 80 78 13 00 00 	mov    rax,QWORD PTR [rax+0x1378]
  4085b3:	48 25 00 00 00 80    	and    rax,0xffffffff80000000
  4085b9:	48 89 c2             	mov    rdx,rax
  4085bc:	48 8b 45 b8          	mov    rax,QWORD PTR [rbp-0x48]
  4085c0:	48 8b 00             	mov    rax,QWORD PTR [rax]
  4085c3:	25 ff ff ff 7f       	and    eax,0x7fffffff
  4085c8:	48 09 d0             	or     rax,rdx
  4085cb:	48 89 45 d8          	mov    QWORD PTR [rbp-0x28],rax
  4085cf:	48 8b 45 b8          	mov    rax,QWORD PTR [rbp-0x48]
  4085d3:	48 8b 90 60 0c 00 00 	mov    rdx,QWORD PTR [rax+0xc60]
  4085da:	48 8b 45 d8          	mov    rax,QWORD PTR [rbp-0x28]
  4085de:	48 d1 e8             	shr    rax,1
  4085e1:	48 31 c2             	xor    rdx,rax
  4085e4:	48 8b 45 d8          	mov    rax,QWORD PTR [rbp-0x28]
  4085e8:	83 e0 01             	and    eax,0x1
  4085eb:	48 85 c0             	test   rax,rax
  4085ee:	74 07                	je     4085f7 <_ZNSt23mersenne_twister_engineImLm32ELm624ELm397ELm31ELm2567483615ELm11ELm4294967295ELm7ELm2636928640ELm15ELm4022730752ELm18ELm1812433253EE11_M_gen_randEv+0x191>
  4085f0:	b8 df b0 08 99       	mov    eax,0x9908b0df
  4085f5:	eb 05                	jmp    4085fc <_ZNSt23mersenne_twister_engineImLm32ELm624ELm397ELm31ELm2567483615ELm11ELm4294967295ELm7ELm2636928640ELm15ELm4022730752ELm18ELm1812433253EE11_M_gen_randEv+0x196>
  4085f7:	b8 00 00 00 00       	mov    eax,0x0
  4085fc:	48 31 c2             	xor    rdx,rax
  4085ff:	48 8b 45 b8          	mov    rax,QWORD PTR [rbp-0x48]
  408603:	48 89 90 78 13 00 00 	mov    QWORD PTR [rax+0x1378],rdx
  40860a:	48 8b 45 b8          	mov    rax,QWORD PTR [rbp-0x48]
  40860e:	48 c7 80 80 13 00 00 	mov    QWORD PTR [rax+0x1380],0x0
  408615:	00 00 00 00 
  408619:	90                   	nop
  40861a:	5d                   	pop    rbp
  40861b:	c3                   	ret    

000000000040861c <_ZNSt6vectorImSaImEE16_Temporary_value6_M_ptrEv>:
  40861c:	55                   	push   rbp
  40861d:	48 89 e5             	mov    rbp,rsp
  408620:	48 89 7d f8          	mov    QWORD PTR [rbp-0x8],rdi
  408624:	48 8b 45 f8          	mov    rax,QWORD PTR [rbp-0x8]
  408628:	48 83 c0 08          	add    rax,0x8
  40862c:	5d                   	pop    rbp
  40862d:	c3                   	ret    

000000000040862e <_ZSt18make_move_iteratorIPmESt13move_iteratorIT_ES2_>:
  40862e:	55                   	push   rbp
  40862f:	48 89 e5             	mov    rbp,rsp
  408632:	48 83 ec 20          	sub    rsp,0x20
  408636:	48 89 7d e8          	mov    QWORD PTR [rbp-0x18],rdi
  40863a:	48 8d 45 e8          	lea    rax,[rbp-0x18]
  40863e:	48 89 c7             	mov    rdi,rax
  408641:	e8 61 06 00 00       	call   408ca7 <_ZSt4moveIRPmEONSt16remove_referenceIT_E4typeEOS3_>
  408646:	48 8b 10             	mov    rdx,QWORD PTR [rax]
  408649:	48 8d 45 f8          	lea    rax,[rbp-0x8]
  40864d:	48 89 d6             	mov    rsi,rdx
  408650:	48 89 c7             	mov    rdi,rax
  408653:	e8 5e 06 00 00       	call   408cb6 <_ZNSt13move_iteratorIPmEC1ES0_>
  408658:	48 8b 45 f8          	mov    rax,QWORD PTR [rbp-0x8]
  40865c:	c9                   	leave  
  40865d:	c3                   	ret    

000000000040865e <_ZSt22__uninitialized_copy_aISt13move_iteratorIPmES1_mET0_T_S4_S3_RSaIT1_E>:
  40865e:	55                   	push   rbp
  40865f:	48 89 e5             	mov    rbp,rsp
  408662:	48 83 ec 20          	sub    rsp,0x20
  408666:	48 89 7d f8          	mov    QWORD PTR [rbp-0x8],rdi
  40866a:	48 89 75 f0          	mov    QWORD PTR [rbp-0x10],rsi
  40866e:	48 89 55 e8          	mov    QWORD PTR [rbp-0x18],rdx
  408672:	48 89 4d e0          	mov    QWORD PTR [rbp-0x20],rcx
  408676:	48 8b 55 e8          	mov    rdx,QWORD PTR [rbp-0x18]
  40867a:	48 8b 4d f0          	mov    rcx,QWORD PTR [rbp-0x10]
  40867e:	48 8b 45 f8          	mov    rax,QWORD PTR [rbp-0x8]
  408682:	48 89 ce             	mov    rsi,rcx
  408685:	48 89 c7             	mov    rdi,rax
  408688:	e8 52 06 00 00       	call   408cdf <_ZSt18uninitialized_copyISt13move_iteratorIPmES1_ET0_T_S4_S3_>
  40868d:	c9                   	leave  
  40868e:	c3                   	ret    

000000000040868f <_ZSt22__copy_move_backward_aILb1EPmS0_ET1_T0_S2_S1_>:
  40868f:	55                   	push   rbp
  408690:	48 89 e5             	mov    rbp,rsp
  408693:	41 54                	push   r12
  408695:	53                   	push   rbx
  408696:	48 83 ec 20          	sub    rsp,0x20
  40869a:	48 89 7d e8          	mov    QWORD PTR [rbp-0x18],rdi
  40869e:	48 89 75 e0          	mov    QWORD PTR [rbp-0x20],rsi
  4086a2:	48 89 55 d8          	mov    QWORD PTR [rbp-0x28],rdx
  4086a6:	48 8b 45 d8          	mov    rax,QWORD PTR [rbp-0x28]
  4086aa:	48 89 c7             	mov    rdi,rax
  4086ad:	e8 b5 04 00 00       	call   408b67 <_ZSt12__niter_baseIPmET_S1_>
  4086b2:	49 89 c4             	mov    r12,rax
  4086b5:	48 8b 45 e0          	mov    rax,QWORD PTR [rbp-0x20]
  4086b9:	48 89 c7             	mov    rdi,rax
  4086bc:	e8 a6 04 00 00       	call   408b67 <_ZSt12__niter_baseIPmET_S1_>
  4086c1:	48 89 c3             	mov    rbx,rax
  4086c4:	48 8b 45 e8          	mov    rax,QWORD PTR [rbp-0x18]
  4086c8:	48 89 c7             	mov    rdi,rax
  4086cb:	e8 97 04 00 00       	call   408b67 <_ZSt12__niter_baseIPmET_S1_>
  4086d0:	4c 89 e2             	mov    rdx,r12
  4086d3:	48 89 de             	mov    rsi,rbx
  4086d6:	48 89 c7             	mov    rdi,rax
  4086d9:	e8 32 06 00 00       	call   408d10 <_ZSt23__copy_move_backward_a1ILb1EPmS0_ET1_T0_S2_S1_>
  4086de:	48 89 c2             	mov    rdx,rax
  4086e1:	48 8d 45 d8          	lea    rax,[rbp-0x28]
  4086e5:	48 89 d6             	mov    rsi,rdx
  4086e8:	48 89 c7             	mov    rdi,rax
  4086eb:	e8 b2 04 00 00       	call   408ba2 <_ZSt12__niter_wrapIPmET_RKS1_S1_>
  4086f0:	48 83 c4 20          	add    rsp,0x20
  4086f4:	5b                   	pop    rbx
  4086f5:	41 5c                	pop    r12
  4086f7:	5d                   	pop    rbp
  4086f8:	c3                   	ret    

00000000004086f9 <_ZSt8__fill_aIPmmEvT_S1_RKT0_>:
  4086f9:	55                   	push   rbp
  4086fa:	48 89 e5             	mov    rbp,rsp
  4086fd:	48 83 ec 20          	sub    rsp,0x20
  408701:	48 89 7d f8          	mov    QWORD PTR [rbp-0x8],rdi
  408705:	48 89 75 f0          	mov    QWORD PTR [rbp-0x10],rsi
  408709:	48 89 55 e8          	mov    QWORD PTR [rbp-0x18],rdx
  40870d:	48 8b 55 e8          	mov    rdx,QWORD PTR [rbp-0x18]
  408711:	48 8b 4d f0          	mov    rcx,QWORD PTR [rbp-0x10]
  408715:	48 8b 45 f8          	mov    rax,QWORD PTR [rbp-0x8]
  408719:	48 89 ce             	mov    rsi,rcx
  40871c:	48 89 c7             	mov    rdi,rax
  40871f:	e8 19 06 00 00       	call   408d3d <_ZSt9__fill_a1IPmmEN9__gnu_cxx11__enable_ifIXsrSt11__is_scalarIT0_E7__valueEvE6__typeET_S8_RKS4_>
  408724:	90                   	nop
  408725:	c9                   	leave  
  408726:	c3                   	ret    

0000000000408727 <_ZSt20uninitialized_fill_nIPmmmET_S1_T0_RKT1_>:
  408727:	55                   	push   rbp
  408728:	48 89 e5             	mov    rbp,rsp
  40872b:	48 83 ec 30          	sub    rsp,0x30
  40872f:	48 89 7d e8          	mov    QWORD PTR [rbp-0x18],rdi
  408733:	48 89 75 e0          	mov    QWORD PTR [rbp-0x20],rsi
  408737:	48 89 55 d8          	mov    QWORD PTR [rbp-0x28],rdx
  40873b:	c6 45 ff 01          	mov    BYTE PTR [rbp-0x1],0x1
  40873f:	48 8b 55 d8          	mov    rdx,QWORD PTR [rbp-0x28]
  408743:	48 8b 4d e0          	mov    rcx,QWORD PTR [rbp-0x20]
  408747:	48 8b 45 e8          	mov    rax,QWORD PTR [rbp-0x18]
  40874b:	48 89 ce             	mov    rsi,rcx
  40874e:	48 89 c7             	mov    rdi,rax
  408751:	e8 22 06 00 00       	call   408d78 <_ZNSt22__uninitialized_fill_nILb1EE15__uninit_fill_nIPmmmEET_S3_T0_RKT1_>
  408756:	c9                   	leave  
  408757:	c3                   	ret    

0000000000408758 <_ZNKSt6vectorImSaImEE8max_sizeEv>:
  408758:	55                   	push   rbp
  408759:	48 89 e5             	mov    rbp,rsp
  40875c:	48 83 ec 10          	sub    rsp,0x10
  408760:	48 89 7d f8          	mov    QWORD PTR [rbp-0x8],rdi
  408764:	48 8b 45 f8          	mov    rax,QWORD PTR [rbp-0x8]
  408768:	48 89 c7             	mov    rdi,rax
  40876b:	e8 1e e9 ff ff       	call   40708e <_ZNKSt12_Vector_baseImSaImEE19_M_get_Tp_allocatorEv>
  408770:	48 89 c7             	mov    rdi,rax
  408773:	e8 aa ef ff ff       	call   407722 <_ZNSt6vectorImSaImEE11_S_max_sizeERKS0_>
  408778:	c9                   	leave  
  408779:	c3                   	ret    

000000000040877a <_ZSt3maxImERKT_S2_S2_>:
  40877a:	55                   	push   rbp
  40877b:	48 89 e5             	mov    rbp,rsp
  40877e:	48 89 7d f8          	mov    QWORD PTR [rbp-0x8],rdi
  408782:	48 89 75 f0          	mov    QWORD PTR [rbp-0x10],rsi
  408786:	48 8b 45 f8          	mov    rax,QWORD PTR [rbp-0x8]
  40878a:	48 8b 10             	mov    rdx,QWORD PTR [rax]
  40878d:	48 8b 45 f0          	mov    rax,QWORD PTR [rbp-0x10]
  408791:	48 8b 00             	mov    rax,QWORD PTR [rax]
  408794:	48 39 c2             	cmp    rdx,rax
  408797:	73 06                	jae    40879f <_ZSt3maxImERKT_S2_S2_+0x25>
  408799:	48 8b 45 f0          	mov    rax,QWORD PTR [rbp-0x10]
  40879d:	eb 04                	jmp    4087a3 <_ZSt3maxImERKT_S2_S2_+0x29>
  40879f:	48 8b 45 f8          	mov    rax,QWORD PTR [rbp-0x8]
  4087a3:	5d                   	pop    rbp
  4087a4:	c3                   	ret    

00000000004087a5 <_ZNSt16allocator_traitsISaImEE8allocateERS0_m>:
  4087a5:	55                   	push   rbp
  4087a6:	48 89 e5             	mov    rbp,rsp
  4087a9:	48 83 ec 10          	sub    rsp,0x10
  4087ad:	48 89 7d f8          	mov    QWORD PTR [rbp-0x8],rdi
  4087b1:	48 89 75 f0          	mov    QWORD PTR [rbp-0x10],rsi
  4087b5:	48 8b 4d f0          	mov    rcx,QWORD PTR [rbp-0x10]
  4087b9:	48 8b 45 f8          	mov    rax,QWORD PTR [rbp-0x8]
  4087bd:	ba 00 00 00 00       	mov    edx,0x0
  4087c2:	48 89 ce             	mov    rsi,rcx
  4087c5:	48 89 c7             	mov    rdi,rax
  4087c8:	e8 d9 05 00 00       	call   408da6 <_ZN9__gnu_cxx13new_allocatorImE8allocateEmPKv>
  4087cd:	c9                   	leave  
  4087ce:	c3                   	ret    

00000000004087cf <_ZSt32__make_move_if_noexcept_iteratorImSt13move_iteratorIPmEET0_PT_>:
  4087cf:	55                   	push   rbp
  4087d0:	48 89 e5             	mov    rbp,rsp
  4087d3:	48 83 ec 20          	sub    rsp,0x20
  4087d7:	48 89 7d e8          	mov    QWORD PTR [rbp-0x18],rdi
  4087db:	48 8b 55 e8          	mov    rdx,QWORD PTR [rbp-0x18]
  4087df:	48 8d 45 f8          	lea    rax,[rbp-0x8]
  4087e3:	48 89 d6             	mov    rsi,rdx
  4087e6:	48 89 c7             	mov    rdi,rax
  4087e9:	e8 c8 04 00 00       	call   408cb6 <_ZNSt13move_iteratorIPmEC1ES0_>
  4087ee:	48 8b 45 f8          	mov    rax,QWORD PTR [rbp-0x8]
  4087f2:	c9                   	leave  
  4087f3:	c3                   	ret    

00000000004087f4 <_ZNSt6vectorImSaImEE14_S_do_relocateEPmS2_S2_RS0_St17integral_constantIbLb1EE>:
  4087f4:	55                   	push   rbp
  4087f5:	48 89 e5             	mov    rbp,rsp
  4087f8:	48 83 ec 20          	sub    rsp,0x20
  4087fc:	48 89 7d f8          	mov    QWORD PTR [rbp-0x8],rdi
  408800:	48 89 75 f0          	mov    QWORD PTR [rbp-0x10],rsi
  408804:	48 89 55 e8          	mov    QWORD PTR [rbp-0x18],rdx
  408808:	48 89 4d e0          	mov    QWORD PTR [rbp-0x20],rcx
  40880c:	48 8b 4d e0          	mov    rcx,QWORD PTR [rbp-0x20]
  408810:	48 8b 55 e8          	mov    rdx,QWORD PTR [rbp-0x18]
  408814:	48 8b 75 f0          	mov    rsi,QWORD PTR [rbp-0x10]
  408818:	48 8b 45 f8          	mov    rax,QWORD PTR [rbp-0x8]
  40881c:	48 89 c7             	mov    rdi,rax
  40881f:	e8 e2 05 00 00       	call   408e06 <_ZSt12__relocate_aIPmS0_SaImEET0_T_S3_S2_RT1_>
  408824:	c9                   	leave  
  408825:	c3                   	ret    

0000000000408826 <_ZN9__gnu_cxx13new_allocatorImE7destroyImEEvPT_>:
  408826:	55                   	push   rbp
  408827:	48 89 e5             	mov    rbp,rsp
  40882a:	48 89 7d f8          	mov    QWORD PTR [rbp-0x8],rdi
  40882e:	48 89 75 f0          	mov    QWORD PTR [rbp-0x10],rsi
  408832:	90                   	nop
  408833:	5d                   	pop    rbp
  408834:	c3                   	ret    

0000000000408835 <_ZSt14__partial_sortIN9__gnu_cxx17__normal_iteratorIPmSt6vectorImSaImEEEENS0_5__ops15_Iter_less_iterEEvT_S9_S9_T0_>:
  408835:	55                   	push   rbp
  408836:	48 89 e5             	mov    rbp,rsp
  408839:	48 83 ec 20          	sub    rsp,0x20
  40883d:	48 89 7d f8          	mov    QWORD PTR [rbp-0x8],rdi
  408841:	48 89 75 f0          	mov    QWORD PTR [rbp-0x10],rsi
  408845:	48 89 55 e8          	mov    QWORD PTR [rbp-0x18],rdx
  408849:	48 8b 55 e8          	mov    rdx,QWORD PTR [rbp-0x18]
  40884d:	48 8b 4d f0          	mov    rcx,QWORD PTR [rbp-0x10]
  408851:	48 8b 45 f8          	mov    rax,QWORD PTR [rbp-0x8]
  408855:	48 89 ce             	mov    rsi,rcx
  408858:	48 89 c7             	mov    rdi,rax
  40885b:	e8 09 06 00 00       	call   408e69 <_ZSt13__heap_selectIN9__gnu_cxx17__normal_iteratorIPmSt6vectorImSaImEEEENS0_5__ops15_Iter_less_iterEEvT_S9_S9_T0_>
  408860:	48 8d 55 e7          	lea    rdx,[rbp-0x19]
  408864:	48 8b 4d f0          	mov    rcx,QWORD PTR [rbp-0x10]
  408868:	48 8b 45 f8          	mov    rax,QWORD PTR [rbp-0x8]
  40886c:	48 89 ce             	mov    rsi,rcx
  40886f:	48 89 c7             	mov    rdi,rax
  408872:	e8 81 06 00 00       	call   408ef8 <_ZSt11__sort_heapIN9__gnu_cxx17__normal_iteratorIPmSt6vectorImSaImEEEENS0_5__ops15_Iter_less_iterEEvT_S9_RT0_>
  408877:	90                   	nop
  408878:	c9                   	leave  
  408879:	c3                   	ret    

000000000040887a <_ZSt27__unguarded_partition_pivotIN9__gnu_cxx17__normal_iteratorIPmSt6vectorImSaImEEEENS0_5__ops15_Iter_less_iterEET_S9_S9_T0_>:
  40887a:	55                   	push   rbp
  40887b:	48 89 e5             	mov    rbp,rsp
  40887e:	53                   	push   rbx
  40887f:	48 83 ec 38          	sub    rsp,0x38
  408883:	48 89 7d d8          	mov    QWORD PTR [rbp-0x28],rdi
  408887:	48 89 75 d0          	mov    QWORD PTR [rbp-0x30],rsi
  40888b:	48 8d 55 d8          	lea    rdx,[rbp-0x28]
  40888f:	48 8d 45 d0          	lea    rax,[rbp-0x30]
  408893:	48 89 d6             	mov    rsi,rdx
  408896:	48 89 c7             	mov    rdi,rax
  408899:	e8 0a db ff ff       	call   4063a8 <_ZN9__gnu_cxxmiIPmSt6vectorImSaImEEEENS_17__normal_iteratorIT_T0_E15difference_typeERKS8_SB_>
  40889e:	48 89 c2             	mov    rdx,rax
  4088a1:	48 c1 ea 3f          	shr    rdx,0x3f
  4088a5:	48 01 d0             	add    rax,rdx
  4088a8:	48 d1 f8             	sar    rax,1
  4088ab:	48 89 c2             	mov    rdx,rax
  4088ae:	48 8d 45 d8          	lea    rax,[rbp-0x28]
  4088b2:	48 89 d6             	mov    rsi,rdx
  4088b5:	48 89 c7             	mov    rdi,rax
  4088b8:	e8 2b db ff ff       	call   4063e8 <_ZNK9__gnu_cxx17__normal_iteratorIPmSt6vectorImSaImEEEplEl>
  4088bd:	48 89 45 e8          	mov    QWORD PTR [rbp-0x18],rax
  4088c1:	48 8d 45 d0          	lea    rax,[rbp-0x30]
  4088c5:	be 01 00 00 00       	mov    esi,0x1
  4088ca:	48 89 c7             	mov    rdi,rax
  4088cd:	e8 82 06 00 00       	call   408f54 <_ZNK9__gnu_cxx17__normal_iteratorIPmSt6vectorImSaImEEEmiEl>
  4088d2:	48 89 c3             	mov    rbx,rax
  4088d5:	48 8d 45 d8          	lea    rax,[rbp-0x28]
  4088d9:	be 01 00 00 00       	mov    esi,0x1
  4088de:	48 89 c7             	mov    rdi,rax
  4088e1:	e8 02 db ff ff       	call   4063e8 <_ZNK9__gnu_cxx17__normal_iteratorIPmSt6vectorImSaImEEEplEl>
  4088e6:	48 89 c6             	mov    rsi,rax
  4088e9:	48 8b 55 e8          	mov    rdx,QWORD PTR [rbp-0x18]
  4088ed:	48 8b 45 d8          	mov    rax,QWORD PTR [rbp-0x28]
  4088f1:	48 89 d9             	mov    rcx,rbx
  4088f4:	48 89 c7             	mov    rdi,rax
  4088f7:	e8 9a 06 00 00       	call   408f96 <_ZSt22__move_median_to_firstIN9__gnu_cxx17__normal_iteratorIPmSt6vectorImSaImEEEENS0_5__ops15_Iter_less_iterEEvT_S9_S9_S9_T0_>
  4088fc:	48 8d 45 d8          	lea    rax,[rbp-0x28]
  408900:	be 01 00 00 00       	mov    esi,0x1
  408905:	48 89 c7             	mov    rdi,rax
  408908:	e8 db da ff ff       	call   4063e8 <_ZNK9__gnu_cxx17__normal_iteratorIPmSt6vectorImSaImEEEplEl>
  40890d:	48 89 c1             	mov    rcx,rax
  408910:	48 8b 55 d8          	mov    rdx,QWORD PTR [rbp-0x28]
  408914:	48 8b 45 d0          	mov    rax,QWORD PTR [rbp-0x30]
  408918:	48 89 c6             	mov    rsi,rax
  40891b:	48 89 cf             	mov    rdi,rcx
  40891e:	e8 97 07 00 00       	call   4090ba <_ZSt21__unguarded_partitionIN9__gnu_cxx17__normal_iteratorIPmSt6vectorImSaImEEEENS0_5__ops15_Iter_less_iterEET_S9_S9_S9_T0_>
  408923:	48 8b 5d f8          	mov    rbx,QWORD PTR [rbp-0x8]
  408927:	c9                   	leave  
  408928:	c3                   	ret    

0000000000408929 <_ZSt16__insertion_sortIN9__gnu_cxx17__normal_iteratorIPmSt6vectorImSaImEEEENS0_5__ops15_Iter_less_iterEEvT_S9_T0_>:
  408929:	55                   	push   rbp
  40892a:	48 89 e5             	mov    rbp,rsp
  40892d:	53                   	push   rbx
  40892e:	48 83 ec 38          	sub    rsp,0x38
  408932:	48 89 7d d8          	mov    QWORD PTR [rbp-0x28],rdi
  408936:	48 89 75 d0          	mov    QWORD PTR [rbp-0x30],rsi
  40893a:	48 8d 55 d0          	lea    rdx,[rbp-0x30]
  40893e:	48 8d 45 d8          	lea    rax,[rbp-0x28]
  408942:	48 89 d6             	mov    rsi,rdx
  408945:	48 89 c7             	mov    rdi,rax
  408948:	e8 20 da ff ff       	call   40636d <_ZN9__gnu_cxxeqIPmSt6vectorImSaImEEEEbRKNS_17__normal_iteratorIT_T0_EESA_>
  40894d:	84 c0                	test   al,al
  40894f:	0f 85 d4 00 00 00    	jne    408a29 <_ZSt16__insertion_sortIN9__gnu_cxx17__normal_iteratorIPmSt6vectorImSaImEEEENS0_5__ops15_Iter_less_iterEEvT_S9_T0_+0x100>
  408955:	48 8d 45 d8          	lea    rax,[rbp-0x28]
  408959:	be 01 00 00 00       	mov    esi,0x1
  40895e:	48 89 c7             	mov    rdi,rax
  408961:	e8 82 da ff ff       	call   4063e8 <_ZNK9__gnu_cxx17__normal_iteratorIPmSt6vectorImSaImEEEplEl>
  408966:	48 89 45 e8          	mov    QWORD PTR [rbp-0x18],rax
  40896a:	e9 9d 00 00 00       	jmp    408a0c <_ZSt16__insertion_sortIN9__gnu_cxx17__normal_iteratorIPmSt6vectorImSaImEEEENS0_5__ops15_Iter_less_iterEEvT_S9_T0_+0xe3>
  40896f:	48 8b 55 d8          	mov    rdx,QWORD PTR [rbp-0x28]
  408973:	48 8b 4d e8          	mov    rcx,QWORD PTR [rbp-0x18]
  408977:	48 8d 45 cf          	lea    rax,[rbp-0x31]
  40897b:	48 89 ce             	mov    rsi,rcx
  40897e:	48 89 c7             	mov    rdi,rax
  408981:	e8 ec 07 00 00       	call   409172 <_ZNK9__gnu_cxx5__ops15_Iter_less_iterclINS_17__normal_iteratorIPmSt6vectorImSaImEEEES8_EEbT_T0_>
  408986:	84 c0                	test   al,al
  408988:	74 65                	je     4089ef <_ZSt16__insertion_sortIN9__gnu_cxx17__normal_iteratorIPmSt6vectorImSaImEEEENS0_5__ops15_Iter_less_iterEEvT_S9_T0_+0xc6>
  40898a:	48 8d 45 e8          	lea    rax,[rbp-0x18]
  40898e:	48 89 c7             	mov    rdi,rax
  408991:	e8 1a d2 ff ff       	call   405bb0 <_ZNK9__gnu_cxx17__normal_iteratorIPmSt6vectorImSaImEEEdeEv>
  408996:	48 89 c7             	mov    rdi,rax
  408999:	e8 8a d6 ff ff       	call   406028 <_ZSt4moveIRmEONSt16remove_referenceIT_E4typeEOS2_>
  40899e:	48 8b 00             	mov    rax,QWORD PTR [rax]
  4089a1:	48 89 45 e0          	mov    QWORD PTR [rbp-0x20],rax
  4089a5:	48 8d 45 e8          	lea    rax,[rbp-0x18]
  4089a9:	be 01 00 00 00       	mov    esi,0x1
  4089ae:	48 89 c7             	mov    rdi,rax
  4089b1:	e8 32 da ff ff       	call   4063e8 <_ZNK9__gnu_cxx17__normal_iteratorIPmSt6vectorImSaImEEEplEl>
  4089b6:	48 89 c2             	mov    rdx,rax
  4089b9:	48 8b 4d e8          	mov    rcx,QWORD PTR [rbp-0x18]
  4089bd:	48 8b 45 d8          	mov    rax,QWORD PTR [rbp-0x28]
  4089c1:	48 89 ce             	mov    rsi,rcx
  4089c4:	48 89 c7             	mov    rdi,rax
  4089c7:	e8 e5 07 00 00       	call   4091b1 <_ZSt13move_backwardIN9__gnu_cxx17__normal_iteratorIPmSt6vectorImSaImEEEES6_ET0_T_S8_S7_>
  4089cc:	48 8d 45 e0          	lea    rax,[rbp-0x20]
  4089d0:	48 89 c7             	mov    rdi,rax
  4089d3:	e8 50 d6 ff ff       	call   406028 <_ZSt4moveIRmEONSt16remove_referenceIT_E4typeEOS2_>
  4089d8:	48 89 c3             	mov    rbx,rax
  4089db:	48 8d 45 d8          	lea    rax,[rbp-0x28]
  4089df:	48 89 c7             	mov    rdi,rax
  4089e2:	e8 c9 d1 ff ff       	call   405bb0 <_ZNK9__gnu_cxx17__normal_iteratorIPmSt6vectorImSaImEEEdeEv>
  4089e7:	48 8b 13             	mov    rdx,QWORD PTR [rbx]
  4089ea:	48 89 10             	mov    QWORD PTR [rax],rdx
  4089ed:	eb 11                	jmp    408a00 <_ZSt16__insertion_sortIN9__gnu_cxx17__normal_iteratorIPmSt6vectorImSaImEEEENS0_5__ops15_Iter_less_iterEEvT_S9_T0_+0xd7>
  4089ef:	e8 d7 c7 ff ff       	call   4051cb <_ZN9__gnu_cxx5__ops15__val_comp_iterENS0_15_Iter_less_iterE>
  4089f4:	48 8b 45 e8          	mov    rax,QWORD PTR [rbp-0x18]
  4089f8:	48 89 c7             	mov    rdi,rax
  4089fb:	e8 fc 07 00 00       	call   4091fc <_ZSt25__unguarded_linear_insertIN9__gnu_cxx17__normal_iteratorIPmSt6vectorImSaImEEEENS0_5__ops14_Val_less_iterEEvT_T0_>
  408a00:	48 8d 45 e8          	lea    rax,[rbp-0x18]
  408a04:	48 89 c7             	mov    rdi,rax
  408a07:	e8 84 d1 ff ff       	call   405b90 <_ZN9__gnu_cxx17__normal_iteratorIPmSt6vectorImSaImEEEppEv>
  408a0c:	48 8d 55 d0          	lea    rdx,[rbp-0x30]
  408a10:	48 8d 45 e8          	lea    rax,[rbp-0x18]
  408a14:	48 89 d6             	mov    rsi,rdx
  408a17:	48 89 c7             	mov    rdi,rax
  408a1a:	e8 36 d1 ff ff       	call   405b55 <_ZN9__gnu_cxxneIPmSt6vectorImSaImEEEEbRKNS_17__normal_iteratorIT_T0_EESA_>
  408a1f:	84 c0                	test   al,al
  408a21:	0f 85 48 ff ff ff    	jne    40896f <_ZSt16__insertion_sortIN9__gnu_cxx17__normal_iteratorIPmSt6vectorImSaImEEEENS0_5__ops15_Iter_less_iterEEvT_S9_T0_+0x46>
  408a27:	eb 01                	jmp    408a2a <_ZSt16__insertion_sortIN9__gnu_cxx17__normal_iteratorIPmSt6vectorImSaImEEEENS0_5__ops15_Iter_less_iterEEvT_S9_T0_+0x101>
  408a29:	90                   	nop
  408a2a:	48 8b 5d f8          	mov    rbx,QWORD PTR [rbp-0x8]
  408a2e:	c9                   	leave  
  408a2f:	c3                   	ret    

0000000000408a30 <_ZSt26__unguarded_insertion_sortIN9__gnu_cxx17__normal_iteratorIPmSt6vectorImSaImEEEENS0_5__ops15_Iter_less_iterEEvT_S9_T0_>:
  408a30:	55                   	push   rbp
  408a31:	48 89 e5             	mov    rbp,rsp
  408a34:	48 83 ec 30          	sub    rsp,0x30
  408a38:	48 89 7d e8          	mov    QWORD PTR [rbp-0x18],rdi
  408a3c:	48 89 75 e0          	mov    QWORD PTR [rbp-0x20],rsi
  408a40:	48 8b 45 e8          	mov    rax,QWORD PTR [rbp-0x18]
  408a44:	48 89 45 f8          	mov    QWORD PTR [rbp-0x8],rax
  408a48:	eb 1d                	jmp    408a67 <_ZSt26__unguarded_insertion_sortIN9__gnu_cxx17__normal_iteratorIPmSt6vectorImSaImEEEENS0_5__ops15_Iter_less_iterEEvT_S9_T0_+0x37>
  408a4a:	e8 7c c7 ff ff       	call   4051cb <_ZN9__gnu_cxx5__ops15__val_comp_iterENS0_15_Iter_less_iterE>
  408a4f:	48 8b 45 f8          	mov    rax,QWORD PTR [rbp-0x8]
  408a53:	48 89 c7             	mov    rdi,rax
  408a56:	e8 a1 07 00 00       	call   4091fc <_ZSt25__unguarded_linear_insertIN9__gnu_cxx17__normal_iteratorIPmSt6vectorImSaImEEEENS0_5__ops14_Val_less_iterEEvT_T0_>
  408a5b:	48 8d 45 f8          	lea    rax,[rbp-0x8]
  408a5f:	48 89 c7             	mov    rdi,rax
  408a62:	e8 29 d1 ff ff       	call   405b90 <_ZN9__gnu_cxx17__normal_iteratorIPmSt6vectorImSaImEEEppEv>
  408a67:	48 8d 55 e0          	lea    rdx,[rbp-0x20]
  408a6b:	48 8d 45 f8          	lea    rax,[rbp-0x8]
  408a6f:	48 89 d6             	mov    rsi,rdx
  408a72:	48 89 c7             	mov    rdi,rax
  408a75:	e8 db d0 ff ff       	call   405b55 <_ZN9__gnu_cxxneIPmSt6vectorImSaImEEEEbRKNS_17__normal_iteratorIT_T0_EESA_>
  408a7a:	84 c0                	test   al,al
  408a7c:	75 cc                	jne    408a4a <_ZSt26__unguarded_insertion_sortIN9__gnu_cxx17__normal_iteratorIPmSt6vectorImSaImEEEENS0_5__ops15_Iter_less_iterEEvT_S9_T0_+0x1a>
  408a7e:	90                   	nop
  408a7f:	90                   	nop
  408a80:	c9                   	leave  
  408a81:	c3                   	ret    

0000000000408a82 <_ZSt18uninitialized_copyIN9__gnu_cxx17__normal_iteratorIPKmSt6vectorImSaImEEEEPmET0_T_SA_S9_>:
  408a82:	55                   	push   rbp
  408a83:	48 89 e5             	mov    rbp,rsp
  408a86:	48 83 ec 30          	sub    rsp,0x30
  408a8a:	48 89 7d e8          	mov    QWORD PTR [rbp-0x18],rdi
  408a8e:	48 89 75 e0          	mov    QWORD PTR [rbp-0x20],rsi
  408a92:	48 89 55 d8          	mov    QWORD PTR [rbp-0x28],rdx
  408a96:	c6 45 ff 01          	mov    BYTE PTR [rbp-0x1],0x1
  408a9a:	48 8b 55 d8          	mov    rdx,QWORD PTR [rbp-0x28]
  408a9e:	48 8b 4d e0          	mov    rcx,QWORD PTR [rbp-0x20]
  408aa2:	48 8b 45 e8          	mov    rax,QWORD PTR [rbp-0x18]
  408aa6:	48 89 ce             	mov    rsi,rcx
  408aa9:	48 89 c7             	mov    rdi,rax
  408aac:	e8 09 08 00 00       	call   4092ba <_ZNSt20__uninitialized_copyILb1EE13__uninit_copyIN9__gnu_cxx17__normal_iteratorIPKmSt6vectorImSaImEEEEPmEET0_T_SC_SB_>
  408ab1:	c9                   	leave  
  408ab2:	c3                   	ret    

0000000000408ab3 <_ZSt12__niter_baseIPKmSt6vectorImSaImEEET_N9__gnu_cxx17__normal_iteratorIS5_T0_EE>:
  408ab3:	55                   	push   rbp
  408ab4:	48 89 e5             	mov    rbp,rsp
  408ab7:	48 83 ec 10          	sub    rsp,0x10
  408abb:	48 89 7d f8          	mov    QWORD PTR [rbp-0x8],rdi
  408abf:	48 8d 45 f8          	lea    rax,[rbp-0x8]
  408ac3:	48 89 c7             	mov    rdi,rax
  408ac6:	e8 2f f4 ff ff       	call   407efa <_ZNK9__gnu_cxx17__normal_iteratorIPKmSt6vectorImSaImEEE4baseEv>
  408acb:	48 8b 00             	mov    rax,QWORD PTR [rax]
  408ace:	c9                   	leave  
  408acf:	c3                   	ret    

0000000000408ad0 <_ZSt12__niter_baseIPmSt6vectorImSaImEEET_N9__gnu_cxx17__normal_iteratorIS4_T0_EE>:
  408ad0:	55                   	push   rbp
  408ad1:	48 89 e5             	mov    rbp,rsp
  408ad4:	48 83 ec 10          	sub    rsp,0x10
  408ad8:	48 89 7d f8          	mov    QWORD PTR [rbp-0x8],rdi
  408adc:	48 8d 45 f8          	lea    rax,[rbp-0x8]
  408ae0:	48 89 c7             	mov    rdi,rax
  408ae3:	e8 0e e5 ff ff       	call   406ff6 <_ZNK9__gnu_cxx17__normal_iteratorIPmSt6vectorImSaImEEE4baseEv>
  408ae8:	48 8b 00             	mov    rax,QWORD PTR [rax]
  408aeb:	c9                   	leave  
  408aec:	c3                   	ret    

0000000000408aed <_ZSt14__copy_move_a1ILb0EPKmPmET1_T0_S4_S3_>:
  408aed:	55                   	push   rbp
  408aee:	48 89 e5             	mov    rbp,rsp
  408af1:	48 83 ec 20          	sub    rsp,0x20
  408af5:	48 89 7d f8          	mov    QWORD PTR [rbp-0x8],rdi
  408af9:	48 89 75 f0          	mov    QWORD PTR [rbp-0x10],rsi
  408afd:	48 89 55 e8          	mov    QWORD PTR [rbp-0x18],rdx
  408b01:	48 8b 55 e8          	mov    rdx,QWORD PTR [rbp-0x18]
  408b05:	48 8b 4d f0          	mov    rcx,QWORD PTR [rbp-0x10]
  408b09:	48 8b 45 f8          	mov    rax,QWORD PTR [rbp-0x8]
  408b0d:	48 89 ce             	mov    rsi,rcx
  408b10:	48 89 c7             	mov    rdi,rax
  408b13:	e8 cf 07 00 00       	call   4092e7 <_ZSt14__copy_move_a2ILb0EPKmPmET1_T0_S4_S3_>
  408b18:	c9                   	leave  
  408b19:	c3                   	ret    

0000000000408b1a <_ZSt12__niter_wrapIN9__gnu_cxx17__normal_iteratorIPmSt6vectorImSaImEEEES2_ET_S7_T0_>:
  408b1a:	55                   	push   rbp
  408b1b:	48 89 e5             	mov    rbp,rsp
  408b1e:	48 83 ec 10          	sub    rsp,0x10
  408b22:	48 89 7d f8          	mov    QWORD PTR [rbp-0x8],rdi
  408b26:	48 89 75 f0          	mov    QWORD PTR [rbp-0x10],rsi
  408b2a:	48 8b 45 f8          	mov    rax,QWORD PTR [rbp-0x8]
  408b2e:	48 89 c7             	mov    rdi,rax
  408b31:	e8 9a ff ff ff       	call   408ad0 <_ZSt12__niter_baseIPmSt6vectorImSaImEEET_N9__gnu_cxx17__normal_iteratorIS4_T0_EE>
  408b36:	48 89 c2             	mov    rdx,rax
  408b39:	48 8b 45 f0          	mov    rax,QWORD PTR [rbp-0x10]
  408b3d:	48 29 d0             	sub    rax,rdx
  408b40:	48 c1 f8 03          	sar    rax,0x3
  408b44:	48 89 c2             	mov    rdx,rax
  408b47:	48 8d 45 f8          	lea    rax,[rbp-0x8]
  408b4b:	48 89 d6             	mov    rsi,rdx
  408b4e:	48 89 c7             	mov    rdi,rax
  408b51:	e8 92 d8 ff ff       	call   4063e8 <_ZNK9__gnu_cxx17__normal_iteratorIPmSt6vectorImSaImEEEplEl>
  408b56:	c9                   	leave  
  408b57:	c3                   	ret    

0000000000408b58 <_ZNSt12_Destroy_auxILb1EE9__destroyIN9__gnu_cxx17__normal_iteratorIPmSt6vectorImSaImEEEEEEvT_S9_>:
  408b58:	55                   	push   rbp
  408b59:	48 89 e5             	mov    rbp,rsp
  408b5c:	48 89 7d f8          	mov    QWORD PTR [rbp-0x8],rdi
  408b60:	48 89 75 f0          	mov    QWORD PTR [rbp-0x10],rsi
  408b64:	90                   	nop
  408b65:	5d                   	pop    rbp
  408b66:	c3                   	ret    

0000000000408b67 <_ZSt12__niter_baseIPmET_S1_>:
  408b67:	55                   	push   rbp
  408b68:	48 89 e5             	mov    rbp,rsp
  408b6b:	48 89 7d f8          	mov    QWORD PTR [rbp-0x8],rdi
  408b6f:	48 8b 45 f8          	mov    rax,QWORD PTR [rbp-0x8]
  408b73:	5d                   	pop    rbp
  408b74:	c3                   	ret    

0000000000408b75 <_ZSt14__copy_move_a1ILb0EPmS0_ET1_T0_S2_S1_>:
  408b75:	55                   	push   rbp
  408b76:	48 89 e5             	mov    rbp,rsp
  408b79:	48 83 ec 20          	sub    rsp,0x20
  408b7d:	48 89 7d f8          	mov    QWORD PTR [rbp-0x8],rdi
  408b81:	48 89 75 f0          	mov    QWORD PTR [rbp-0x10],rsi
  408b85:	48 89 55 e8          	mov    QWORD PTR [rbp-0x18],rdx
  408b89:	48 8b 55 e8          	mov    rdx,QWORD PTR [rbp-0x18]
  408b8d:	48 8b 4d f0          	mov    rcx,QWORD PTR [rbp-0x10]
  408b91:	48 8b 45 f8          	mov    rax,QWORD PTR [rbp-0x8]
  408b95:	48 89 ce             	mov    rsi,rcx
  408b98:	48 89 c7             	mov    rdi,rax
  408b9b:	e8 74 07 00 00       	call   409314 <_ZSt14__copy_move_a2ILb0EPmS0_ET1_T0_S2_S1_>
  408ba0:	c9                   	leave  
  408ba1:	c3                   	ret    

0000000000408ba2 <_ZSt12__niter_wrapIPmET_RKS1_S1_>:
  408ba2:	55                   	push   rbp
  408ba3:	48 89 e5             	mov    rbp,rsp
  408ba6:	48 89 7d f8          	mov    QWORD PTR [rbp-0x8],rdi
  408baa:	48 89 75 f0          	mov    QWORD PTR [rbp-0x10],rsi
  408bae:	48 8b 45 f0          	mov    rax,QWORD PTR [rbp-0x10]
  408bb2:	5d                   	pop    rbp
  408bb3:	c3                   	ret    

0000000000408bb4 <_ZNSt20__uninitialized_copyILb1EE13__uninit_copyIPmS2_EET0_T_S4_S3_>:
  408bb4:	55                   	push   rbp
  408bb5:	48 89 e5             	mov    rbp,rsp
  408bb8:	48 83 ec 20          	sub    rsp,0x20
  408bbc:	48 89 7d f8          	mov    QWORD PTR [rbp-0x8],rdi
  408bc0:	48 89 75 f0          	mov    QWORD PTR [rbp-0x10],rsi
  408bc4:	48 89 55 e8          	mov    QWORD PTR [rbp-0x18],rdx
  408bc8:	48 8b 55 e8          	mov    rdx,QWORD PTR [rbp-0x18]
  408bcc:	48 8b 4d f0          	mov    rcx,QWORD PTR [rbp-0x10]
  408bd0:	48 8b 45 f8          	mov    rax,QWORD PTR [rbp-0x8]
  408bd4:	48 89 ce             	mov    rsi,rcx
  408bd7:	48 89 c7             	mov    rdi,rax
  408bda:	e8 26 e6 ff ff       	call   407205 <_ZSt4copyIPmS0_ET0_T_S2_S1_>
  408bdf:	c9                   	leave  
  408be0:	c3                   	ret    
  408be1:	90                   	nop

0000000000408be2 <_ZN9__gnu_cxx5__ops16_Iter_equals_valIKmEclINS_17__normal_iteratorIPmSt6vectorImSaImEEEEEEbT_>:
  408be2:	55                   	push   rbp
  408be3:	48 89 e5             	mov    rbp,rsp
  408be6:	48 83 ec 10          	sub    rsp,0x10
  408bea:	48 89 7d f8          	mov    QWORD PTR [rbp-0x8],rdi
  408bee:	48 89 75 f0          	mov    QWORD PTR [rbp-0x10],rsi
  408bf2:	48 8d 45 f0          	lea    rax,[rbp-0x10]
  408bf6:	48 89 c7             	mov    rdi,rax
  408bf9:	e8 b2 cf ff ff       	call   405bb0 <_ZNK9__gnu_cxx17__normal_iteratorIPmSt6vectorImSaImEEEdeEv>
  408bfe:	48 8b 10             	mov    rdx,QWORD PTR [rax]
  408c01:	48 8b 45 f8          	mov    rax,QWORD PTR [rbp-0x8]
  408c05:	48 8b 00             	mov    rax,QWORD PTR [rax]
  408c08:	48 8b 00             	mov    rax,QWORD PTR [rax]
  408c0b:	48 39 c2             	cmp    rdx,rax
  408c0e:	0f 94 c0             	sete   al
  408c11:	c9                   	leave  
  408c12:	c3                   	ret    

0000000000408c13 <_ZSt4moveIRSaImEEONSt16remove_referenceIT_E4typeEOS3_>:
  408c13:	55                   	push   rbp
  408c14:	48 89 e5             	mov    rbp,rsp
  408c17:	48 89 7d f8          	mov    QWORD PTR [rbp-0x8],rdi
  408c1b:	48 8b 45 f8          	mov    rax,QWORD PTR [rbp-0x8]
  408c1f:	5d                   	pop    rbp
  408c20:	c3                   	ret    
  408c21:	90                   	nop

0000000000408c22 <_ZNK9__gnu_cxx13new_allocatorImE8max_sizeEv>:
  408c22:	55                   	push   rbp
  408c23:	48 89 e5             	mov    rbp,rsp
  408c26:	48 83 ec 10          	sub    rsp,0x10
  408c2a:	48 89 7d f8          	mov    QWORD PTR [rbp-0x8],rdi
  408c2e:	48 8b 45 f8          	mov    rax,QWORD PTR [rbp-0x8]
  408c32:	48 89 c7             	mov    rdi,rax
  408c35:	e8 08 07 00 00       	call   409342 <_ZNK9__gnu_cxx13new_allocatorImE11_M_max_sizeEv>
  408c3a:	c9                   	leave  
  408c3b:	c3                   	ret    

0000000000408c3c <_ZSt11__addressofImEPT_RS0_>:
  408c3c:	55                   	push   rbp
  408c3d:	48 89 e5             	mov    rbp,rsp
  408c40:	48 89 7d f8          	mov    QWORD PTR [rbp-0x8],rdi
  408c44:	48 8b 45 f8          	mov    rax,QWORD PTR [rbp-0x8]
  408c48:	5d                   	pop    rbp
  408c49:	c3                   	ret    

0000000000408c4a <_ZNSt27__uninitialized_default_n_1ILb1EE18__uninit_default_nIPmmEET_S3_T0_>:
  408c4a:	55                   	push   rbp
  408c4b:	48 89 e5             	mov    rbp,rsp
  408c4e:	48 83 ec 20          	sub    rsp,0x20
  408c52:	48 89 7d e8          	mov    QWORD PTR [rbp-0x18],rdi
  408c56:	48 89 75 e0          	mov    QWORD PTR [rbp-0x20],rsi
  408c5a:	48 83 7d e0 00       	cmp    QWORD PTR [rbp-0x20],0x0
  408c5f:	74 40                	je     408ca1 <_ZNSt27__uninitialized_default_n_1ILb1EE18__uninit_default_nIPmmEET_S3_T0_+0x57>
  408c61:	48 8b 45 e8          	mov    rax,QWORD PTR [rbp-0x18]
  408c65:	48 89 c7             	mov    rdi,rax
  408c68:	e8 cf ff ff ff       	call   408c3c <_ZSt11__addressofImEPT_RS0_>
  408c6d:	48 89 45 f8          	mov    QWORD PTR [rbp-0x8],rax
  408c71:	48 8b 45 f8          	mov    rax,QWORD PTR [rbp-0x8]
  408c75:	48 89 c7             	mov    rdi,rax
  408c78:	e8 d9 06 00 00       	call   409356 <_ZSt10_ConstructImJEEvPT_DpOT0_>
  408c7d:	48 83 45 e8 08       	add    QWORD PTR [rbp-0x18],0x8
  408c82:	48 8b 45 e0          	mov    rax,QWORD PTR [rbp-0x20]
  408c86:	48 8d 48 ff          	lea    rcx,[rax-0x1]
  408c8a:	48 8b 55 f8          	mov    rdx,QWORD PTR [rbp-0x8]
  408c8e:	48 8b 45 e8          	mov    rax,QWORD PTR [rbp-0x18]
  408c92:	48 89 ce             	mov    rsi,rcx
  408c95:	48 89 c7             	mov    rdi,rax
  408c98:	e8 e0 06 00 00       	call   40937d <_ZSt6fill_nIPmmmET_S1_T0_RKT1_>
  408c9d:	48 89 45 e8          	mov    QWORD PTR [rbp-0x18],rax
  408ca1:	48 8b 45 e8          	mov    rax,QWORD PTR [rbp-0x18]
  408ca5:	c9                   	leave  
  408ca6:	c3                   	ret    

0000000000408ca7 <_ZSt4moveIRPmEONSt16remove_referenceIT_E4typeEOS3_>:
  408ca7:	55                   	push   rbp
  408ca8:	48 89 e5             	mov    rbp,rsp
  408cab:	48 89 7d f8          	mov    QWORD PTR [rbp-0x8],rdi
  408caf:	48 8b 45 f8          	mov    rax,QWORD PTR [rbp-0x8]
  408cb3:	5d                   	pop    rbp
  408cb4:	c3                   	ret    
  408cb5:	90                   	nop

0000000000408cb6 <_ZNSt13move_iteratorIPmEC1ES0_>:
  408cb6:	55                   	push   rbp
  408cb7:	48 89 e5             	mov    rbp,rsp
  408cba:	48 83 ec 10          	sub    rsp,0x10
  408cbe:	48 89 7d f8          	mov    QWORD PTR [rbp-0x8],rdi
  408cc2:	48 89 75 f0          	mov    QWORD PTR [rbp-0x10],rsi
  408cc6:	48 8d 45 f0          	lea    rax,[rbp-0x10]
  408cca:	48 89 c7             	mov    rdi,rax
  408ccd:	e8 d5 ff ff ff       	call   408ca7 <_ZSt4moveIRPmEONSt16remove_referenceIT_E4typeEOS3_>
  408cd2:	48 8b 10             	mov    rdx,QWORD PTR [rax]
  408cd5:	48 8b 45 f8          	mov    rax,QWORD PTR [rbp-0x8]
  408cd9:	48 89 10             	mov    QWORD PTR [rax],rdx
  408cdc:	90                   	nop
  408cdd:	c9                   	leave  
  408cde:	c3                   	ret    

0000000000408cdf <_ZSt18uninitialized_copyISt13move_iteratorIPmES1_ET0_T_S4_S3_>:
  408cdf:	55                   	push   rbp
  408ce0:	48 89 e5             	mov    rbp,rsp
  408ce3:	48 83 ec 30          	sub    rsp,0x30
  408ce7:	48 89 7d e8          	mov    QWORD PTR [rbp-0x18],rdi
  408ceb:	48 89 75 e0          	mov    QWORD PTR [rbp-0x20],rsi
  408cef:	48 89 55 d8          	mov    QWORD PTR [rbp-0x28],rdx
  408cf3:	c6 45 ff 01          	mov    BYTE PTR [rbp-0x1],0x1
  408cf7:	48 8b 55 d8          	mov    rdx,QWORD PTR [rbp-0x28]
  408cfb:	48 8b 4d e0          	mov    rcx,QWORD PTR [rbp-0x20]
  408cff:	48 8b 45 e8          	mov    rax,QWORD PTR [rbp-0x18]
  408d03:	48 89 ce             	mov    rsi,rcx
  408d06:	48 89 c7             	mov    rdi,rax
  408d09:	e8 b3 06 00 00       	call   4093c1 <_ZNSt20__uninitialized_copyILb1EE13__uninit_copyISt13move_iteratorIPmES3_EET0_T_S6_S5_>
  408d0e:	c9                   	leave  
  408d0f:	c3                   	ret    

0000000000408d10 <_ZSt23__copy_move_backward_a1ILb1EPmS0_ET1_T0_S2_S1_>:
  408d10:	55                   	push   rbp
  408d11:	48 89 e5             	mov    rbp,rsp
  408d14:	48 83 ec 20          	sub    rsp,0x20
  408d18:	48 89 7d f8          	mov    QWORD PTR [rbp-0x8],rdi
  408d1c:	48 89 75 f0          	mov    QWORD PTR [rbp-0x10],rsi
  408d20:	48 89 55 e8          	mov    QWORD PTR [rbp-0x18],rdx
  408d24:	48 8b 55 e8          	mov    rdx,QWORD PTR [rbp-0x18]
  408d28:	48 8b 4d f0          	mov    rcx,QWORD PTR [rbp-0x10]
  408d2c:	48 8b 45 f8          	mov    rax,QWORD PTR [rbp-0x8]
  408d30:	48 89 ce             	mov    rsi,rcx
  408d33:	48 89 c7             	mov    rdi,rax
  408d36:	e8 b3 06 00 00       	call   4093ee <_ZSt23__copy_move_backward_a2ILb1EPmS0_ET1_T0_S2_S1_>
  408d3b:	c9                   	leave  
  408d3c:	c3                   	ret    

0000000000408d3d <_ZSt9__fill_a1IPmmEN9__gnu_cxx11__enable_ifIXsrSt11__is_scalarIT0_E7__valueEvE6__typeET_S8_RKS4_>:
  408d3d:	55                   	push   rbp
  408d3e:	48 89 e5             	mov    rbp,rsp
  408d41:	48 89 7d e8          	mov    QWORD PTR [rbp-0x18],rdi
  408d45:	48 89 75 e0          	mov    QWORD PTR [rbp-0x20],rsi
  408d49:	48 89 55 d8          	mov    QWORD PTR [rbp-0x28],rdx
  408d4d:	48 8b 45 d8          	mov    rax,QWORD PTR [rbp-0x28]
  408d51:	48 8b 00             	mov    rax,QWORD PTR [rax]
  408d54:	48 89 45 f8          	mov    QWORD PTR [rbp-0x8],rax
  408d58:	eb 10                	jmp    408d6a <_ZSt9__fill_a1IPmmEN9__gnu_cxx11__enable_ifIXsrSt11__is_scalarIT0_E7__valueEvE6__typeET_S8_RKS4_+0x2d>
  408d5a:	48 8b 45 e8          	mov    rax,QWORD PTR [rbp-0x18]
  408d5e:	48 8b 55 f8          	mov    rdx,QWORD PTR [rbp-0x8]
  408d62:	48 89 10             	mov    QWORD PTR [rax],rdx
  408d65:	48 83 45 e8 08       	add    QWORD PTR [rbp-0x18],0x8
  408d6a:	48 8b 45 e8          	mov    rax,QWORD PTR [rbp-0x18]
  408d6e:	48 3b 45 e0          	cmp    rax,QWORD PTR [rbp-0x20]
  408d72:	75 e6                	jne    408d5a <_ZSt9__fill_a1IPmmEN9__gnu_cxx11__enable_ifIXsrSt11__is_scalarIT0_E7__valueEvE6__typeET_S8_RKS4_+0x1d>
  408d74:	90                   	nop
  408d75:	90                   	nop
  408d76:	5d                   	pop    rbp
  408d77:	c3                   	ret    

0000000000408d78 <_ZNSt22__uninitialized_fill_nILb1EE15__uninit_fill_nIPmmmEET_S3_T0_RKT1_>:
  408d78:	55                   	push   rbp
  408d79:	48 89 e5             	mov    rbp,rsp
  408d7c:	48 83 ec 20          	sub    rsp,0x20
  408d80:	48 89 7d f8          	mov    QWORD PTR [rbp-0x8],rdi
  408d84:	48 89 75 f0          	mov    QWORD PTR [rbp-0x10],rsi
  408d88:	48 89 55 e8          	mov    QWORD PTR [rbp-0x18],rdx
  408d8c:	48 8b 55 e8          	mov    rdx,QWORD PTR [rbp-0x18]
  408d90:	48 8b 4d f0          	mov    rcx,QWORD PTR [rbp-0x10]
  408d94:	48 8b 45 f8          	mov    rax,QWORD PTR [rbp-0x8]
  408d98:	48 89 ce             	mov    rsi,rcx
  408d9b:	48 89 c7             	mov    rdi,rax
  408d9e:	e8 da 05 00 00       	call   40937d <_ZSt6fill_nIPmmmET_S1_T0_RKT1_>
  408da3:	c9                   	leave  
  408da4:	c3                   	ret    
  408da5:	90                   	nop

0000000000408da6 <_ZN9__gnu_cxx13new_allocatorImE8allocateEmPKv>:
  408da6:	55                   	push   rbp
  408da7:	48 89 e5             	mov    rbp,rsp
  408daa:	48 83 ec 20          	sub    rsp,0x20
  408dae:	48 89 7d f8          	mov    QWORD PTR [rbp-0x8],rdi
  408db2:	48 89 75 f0          	mov    QWORD PTR [rbp-0x10],rsi
  408db6:	48 89 55 e8          	mov    QWORD PTR [rbp-0x18],rdx
  408dba:	48 8b 45 f8          	mov    rax,QWORD PTR [rbp-0x8]
  408dbe:	48 89 c7             	mov    rdi,rax
  408dc1:	e8 7c 05 00 00       	call   409342 <_ZNK9__gnu_cxx13new_allocatorImE11_M_max_sizeEv>
  408dc6:	48 39 45 f0          	cmp    QWORD PTR [rbp-0x10],rax
  408dca:	0f 97 c0             	seta   al
  408dcd:	0f b6 c0             	movzx  eax,al
  408dd0:	48 85 c0             	test   rax,rax
  408dd3:	0f 95 c0             	setne  al
  408dd6:	84 c0                	test   al,al
  408dd8:	74 1a                	je     408df4 <_ZN9__gnu_cxx13new_allocatorImE8allocateEmPKv+0x4e>
  408dda:	48 b8 ff ff ff ff ff 	movabs rax,0x1fffffffffffffff
  408de1:	ff ff 1f 
  408de4:	48 39 45 f0          	cmp    QWORD PTR [rbp-0x10],rax
  408de8:	76 05                	jbe    408def <_ZN9__gnu_cxx13new_allocatorImE8allocateEmPKv+0x49>
  408dea:	e8 61 93 ff ff       	call   402150 <_ZSt28__throw_bad_array_new_lengthv@plt>
  408def:	e8 ac 92 ff ff       	call   4020a0 <_ZSt17__throw_bad_allocv@plt>
  408df4:	48 8b 45 f0          	mov    rax,QWORD PTR [rbp-0x10]
  408df8:	48 c1 e0 03          	shl    rax,0x3
  408dfc:	48 89 c7             	mov    rdi,rax
  408dff:	e8 cc 93 ff ff       	call   4021d0 <_Znwm@plt>
  408e04:	c9                   	leave  
  408e05:	c3                   	ret    

0000000000408e06 <_ZSt12__relocate_aIPmS0_SaImEET0_T_S3_S2_RT1_>:
  408e06:	55                   	push   rbp
  408e07:	48 89 e5             	mov    rbp,rsp
  408e0a:	41 54                	push   r12
  408e0c:	53                   	push   rbx
  408e0d:	48 83 ec 20          	sub    rsp,0x20
  408e11:	48 89 7d e8          	mov    QWORD PTR [rbp-0x18],rdi
  408e15:	48 89 75 e0          	mov    QWORD PTR [rbp-0x20],rsi
  408e19:	48 89 55 d8          	mov    QWORD PTR [rbp-0x28],rdx
  408e1d:	48 89 4d d0          	mov    QWORD PTR [rbp-0x30],rcx
  408e21:	48 8b 45 d8          	mov    rax,QWORD PTR [rbp-0x28]
  408e25:	48 89 c7             	mov    rdi,rax
  408e28:	e8 3a fd ff ff       	call   408b67 <_ZSt12__niter_baseIPmET_S1_>
  408e2d:	49 89 c4             	mov    r12,rax
  408e30:	48 8b 45 e0          	mov    rax,QWORD PTR [rbp-0x20]
  408e34:	48 89 c7             	mov    rdi,rax
  408e37:	e8 2b fd ff ff       	call   408b67 <_ZSt12__niter_baseIPmET_S1_>
  408e3c:	48 89 c3             	mov    rbx,rax
  408e3f:	48 8b 45 e8          	mov    rax,QWORD PTR [rbp-0x18]
  408e43:	48 89 c7             	mov    rdi,rax
  408e46:	e8 1c fd ff ff       	call   408b67 <_ZSt12__niter_baseIPmET_S1_>
  408e4b:	48 89 c7             	mov    rdi,rax
  408e4e:	48 8b 45 d0          	mov    rax,QWORD PTR [rbp-0x30]
  408e52:	48 89 c1             	mov    rcx,rax
  408e55:	4c 89 e2             	mov    rdx,r12
  408e58:	48 89 de             	mov    rsi,rbx
  408e5b:	e8 bb 05 00 00       	call   40941b <_ZSt14__relocate_a_1ImmENSt9enable_ifIXsrSt24__is_bitwise_relocatableIT_vE5valueEPS2_E4typeES4_S4_S4_RSaIT0_E>
  408e60:	48 83 c4 20          	add    rsp,0x20
  408e64:	5b                   	pop    rbx
  408e65:	41 5c                	pop    r12
  408e67:	5d                   	pop    rbp
  408e68:	c3                   	ret    

0000000000408e69 <_ZSt13__heap_selectIN9__gnu_cxx17__normal_iteratorIPmSt6vectorImSaImEEEENS0_5__ops15_Iter_less_iterEEvT_S9_S9_T0_>:
  408e69:	55                   	push   rbp
  408e6a:	48 89 e5             	mov    rbp,rsp
  408e6d:	48 83 ec 30          	sub    rsp,0x30
  408e71:	48 89 7d e8          	mov    QWORD PTR [rbp-0x18],rdi
  408e75:	48 89 75 e0          	mov    QWORD PTR [rbp-0x20],rsi
  408e79:	48 89 55 d8          	mov    QWORD PTR [rbp-0x28],rdx
  408e7d:	48 8d 55 d7          	lea    rdx,[rbp-0x29]
  408e81:	48 8b 4d e0          	mov    rcx,QWORD PTR [rbp-0x20]
  408e85:	48 8b 45 e8          	mov    rax,QWORD PTR [rbp-0x18]
  408e89:	48 89 ce             	mov    rsi,rcx
  408e8c:	48 89 c7             	mov    rdi,rax
  408e8f:	e8 ea 05 00 00       	call   40947e <_ZSt11__make_heapIN9__gnu_cxx17__normal_iteratorIPmSt6vectorImSaImEEEENS0_5__ops15_Iter_less_iterEEvT_S9_RT0_>
  408e94:	48 8b 45 e0          	mov    rax,QWORD PTR [rbp-0x20]
  408e98:	48 89 45 f8          	mov    QWORD PTR [rbp-0x8],rax
  408e9c:	eb 3f                	jmp    408edd <_ZSt13__heap_selectIN9__gnu_cxx17__normal_iteratorIPmSt6vectorImSaImEEEENS0_5__ops15_Iter_less_iterEEvT_S9_S9_T0_+0x74>
  408e9e:	48 8b 55 e8          	mov    rdx,QWORD PTR [rbp-0x18]
  408ea2:	48 8b 4d f8          	mov    rcx,QWORD PTR [rbp-0x8]
  408ea6:	48 8d 45 d7          	lea    rax,[rbp-0x29]
  408eaa:	48 89 ce             	mov    rsi,rcx
  408ead:	48 89 c7             	mov    rdi,rax
  408eb0:	e8 bd 02 00 00       	call   409172 <_ZNK9__gnu_cxx5__ops15_Iter_less_iterclINS_17__normal_iteratorIPmSt6vectorImSaImEEEES8_EEbT_T0_>
  408eb5:	84 c0                	test   al,al
  408eb7:	74 18                	je     408ed1 <_ZSt13__heap_selectIN9__gnu_cxx17__normal_iteratorIPmSt6vectorImSaImEEEENS0_5__ops15_Iter_less_iterEEvT_S9_S9_T0_+0x68>
  408eb9:	48 8d 4d d7          	lea    rcx,[rbp-0x29]
  408ebd:	48 8b 55 f8          	mov    rdx,QWORD PTR [rbp-0x8]
  408ec1:	48 8b 75 e0          	mov    rsi,QWORD PTR [rbp-0x20]
  408ec5:	48 8b 45 e8          	mov    rax,QWORD PTR [rbp-0x18]
  408ec9:	48 89 c7             	mov    rdi,rax
  408ecc:	e8 b7 06 00 00       	call   409588 <_ZSt10__pop_heapIN9__gnu_cxx17__normal_iteratorIPmSt6vectorImSaImEEEENS0_5__ops15_Iter_less_iterEEvT_S9_S9_RT0_>
  408ed1:	48 8d 45 f8          	lea    rax,[rbp-0x8]
  408ed5:	48 89 c7             	mov    rdi,rax
  408ed8:	e8 b3 cc ff ff       	call   405b90 <_ZN9__gnu_cxx17__normal_iteratorIPmSt6vectorImSaImEEEppEv>
  408edd:	48 8d 55 d8          	lea    rdx,[rbp-0x28]
  408ee1:	48 8d 45 f8          	lea    rax,[rbp-0x8]
  408ee5:	48 89 d6             	mov    rsi,rdx
  408ee8:	48 89 c7             	mov    rdi,rax
  408eeb:	e8 5d 06 00 00       	call   40954d <_ZN9__gnu_cxxltIPmSt6vectorImSaImEEEEbRKNS_17__normal_iteratorIT_T0_EESA_>
  408ef0:	84 c0                	test   al,al
  408ef2:	75 aa                	jne    408e9e <_ZSt13__heap_selectIN9__gnu_cxx17__normal_iteratorIPmSt6vectorImSaImEEEENS0_5__ops15_Iter_less_iterEEvT_S9_S9_T0_+0x35>
  408ef4:	90                   	nop
  408ef5:	90                   	nop
  408ef6:	c9                   	leave  
  408ef7:	c3                   	ret    

0000000000408ef8 <_ZSt11__sort_heapIN9__gnu_cxx17__normal_iteratorIPmSt6vectorImSaImEEEENS0_5__ops15_Iter_less_iterEEvT_S9_RT0_>:
  408ef8:	55                   	push   rbp
  408ef9:	48 89 e5             	mov    rbp,rsp
  408efc:	48 83 ec 20          	sub    rsp,0x20
  408f00:	48 89 7d f8          	mov    QWORD PTR [rbp-0x8],rdi
  408f04:	48 89 75 f0          	mov    QWORD PTR [rbp-0x10],rsi
  408f08:	48 89 55 e8          	mov    QWORD PTR [rbp-0x18],rdx
  408f0c:	eb 24                	jmp    408f32 <_ZSt11__sort_heapIN9__gnu_cxx17__normal_iteratorIPmSt6vectorImSaImEEEENS0_5__ops15_Iter_less_iterEEvT_S9_RT0_+0x3a>
  408f0e:	48 8d 45 f0          	lea    rax,[rbp-0x10]
  408f12:	48 89 c7             	mov    rdi,rax
  408f15:	e8 0c 07 00 00       	call   409626 <_ZN9__gnu_cxx17__normal_iteratorIPmSt6vectorImSaImEEEmmEv>
  408f1a:	48 8b 4d e8          	mov    rcx,QWORD PTR [rbp-0x18]
  408f1e:	48 8b 55 f0          	mov    rdx,QWORD PTR [rbp-0x10]
  408f22:	48 8b 75 f0          	mov    rsi,QWORD PTR [rbp-0x10]
  408f26:	48 8b 45 f8          	mov    rax,QWORD PTR [rbp-0x8]
  408f2a:	48 89 c7             	mov    rdi,rax
  408f2d:	e8 56 06 00 00       	call   409588 <_ZSt10__pop_heapIN9__gnu_cxx17__normal_iteratorIPmSt6vectorImSaImEEEENS0_5__ops15_Iter_less_iterEEvT_S9_S9_RT0_>
  408f32:	48 8d 55 f8          	lea    rdx,[rbp-0x8]
  408f36:	48 8d 45 f0          	lea    rax,[rbp-0x10]
  408f3a:	48 89 d6             	mov    rsi,rdx
  408f3d:	48 89 c7             	mov    rdi,rax
  408f40:	e8 63 d4 ff ff       	call   4063a8 <_ZN9__gnu_cxxmiIPmSt6vectorImSaImEEEENS_17__normal_iteratorIT_T0_E15difference_typeERKS8_SB_>
  408f45:	48 83 f8 01          	cmp    rax,0x1
  408f49:	0f 9f c0             	setg   al
  408f4c:	84 c0                	test   al,al
  408f4e:	75 be                	jne    408f0e <_ZSt11__sort_heapIN9__gnu_cxx17__normal_iteratorIPmSt6vectorImSaImEEEENS0_5__ops15_Iter_less_iterEEvT_S9_RT0_+0x16>
  408f50:	90                   	nop
  408f51:	90                   	nop
  408f52:	c9                   	leave  
  408f53:	c3                   	ret    

0000000000408f54 <_ZNK9__gnu_cxx17__normal_iteratorIPmSt6vectorImSaImEEEmiEl>:
  408f54:	55                   	push   rbp
  408f55:	48 89 e5             	mov    rbp,rsp
  408f58:	48 83 ec 20          	sub    rsp,0x20
  408f5c:	48 89 7d e8          	mov    QWORD PTR [rbp-0x18],rdi
  408f60:	48 89 75 e0          	mov    QWORD PTR [rbp-0x20],rsi
  408f64:	48 8b 45 e8          	mov    rax,QWORD PTR [rbp-0x18]
  408f68:	48 8b 10             	mov    rdx,QWORD PTR [rax]
  408f6b:	48 8b 45 e0          	mov    rax,QWORD PTR [rbp-0x20]
  408f6f:	48 c1 e0 03          	shl    rax,0x3
  408f73:	48 f7 d8             	neg    rax
  408f76:	48 01 d0             	add    rax,rdx
  408f79:	48 89 45 f8          	mov    QWORD PTR [rbp-0x8],rax
  408f7d:	48 8d 55 f8          	lea    rdx,[rbp-0x8]
  408f81:	48 8d 45 f0          	lea    rax,[rbp-0x10]
  408f85:	48 89 d6             	mov    rsi,rdx
  408f88:	48 89 c7             	mov    rdi,rax
  408f8b:	e8 c0 d3 ff ff       	call   406350 <_ZN9__gnu_cxx17__normal_iteratorIPmSt6vectorImSaImEEEC1ERKS1_>
  408f90:	48 8b 45 f0          	mov    rax,QWORD PTR [rbp-0x10]
  408f94:	c9                   	leave  
  408f95:	c3                   	ret    

0000000000408f96 <_ZSt22__move_median_to_firstIN9__gnu_cxx17__normal_iteratorIPmSt6vectorImSaImEEEENS0_5__ops15_Iter_less_iterEEvT_S9_S9_S9_T0_>:
  408f96:	55                   	push   rbp
  408f97:	48 89 e5             	mov    rbp,rsp
  408f9a:	48 83 ec 30          	sub    rsp,0x30
  408f9e:	48 89 7d f8          	mov    QWORD PTR [rbp-0x8],rdi
  408fa2:	48 89 75 f0          	mov    QWORD PTR [rbp-0x10],rsi
  408fa6:	48 89 55 e8          	mov    QWORD PTR [rbp-0x18],rdx
  408faa:	48 89 4d e0          	mov    QWORD PTR [rbp-0x20],rcx
  408fae:	48 8b 55 e8          	mov    rdx,QWORD PTR [rbp-0x18]
  408fb2:	48 8b 4d f0          	mov    rcx,QWORD PTR [rbp-0x10]
  408fb6:	48 8d 45 df          	lea    rax,[rbp-0x21]
  408fba:	48 89 ce             	mov    rsi,rcx
  408fbd:	48 89 c7             	mov    rdi,rax
  408fc0:	e8 ad 01 00 00       	call   409172 <_ZNK9__gnu_cxx5__ops15_Iter_less_iterclINS_17__normal_iteratorIPmSt6vectorImSaImEEEES8_EEbT_T0_>
  408fc5:	84 c0                	test   al,al
  408fc7:	74 7b                	je     409044 <_ZSt22__move_median_to_firstIN9__gnu_cxx17__normal_iteratorIPmSt6vectorImSaImEEEENS0_5__ops15_Iter_less_iterEEvT_S9_S9_S9_T0_+0xae>
  408fc9:	48 8b 55 e0          	mov    rdx,QWORD PTR [rbp-0x20]
  408fcd:	48 8b 4d e8          	mov    rcx,QWORD PTR [rbp-0x18]
  408fd1:	48 8d 45 df          	lea    rax,[rbp-0x21]
  408fd5:	48 89 ce             	mov    rsi,rcx
  408fd8:	48 89 c7             	mov    rdi,rax
  408fdb:	e8 92 01 00 00       	call   409172 <_ZNK9__gnu_cxx5__ops15_Iter_less_iterclINS_17__normal_iteratorIPmSt6vectorImSaImEEEES8_EEbT_T0_>
  408fe0:	84 c0                	test   al,al
  408fe2:	74 18                	je     408ffc <_ZSt22__move_median_to_firstIN9__gnu_cxx17__normal_iteratorIPmSt6vectorImSaImEEEENS0_5__ops15_Iter_less_iterEEvT_S9_S9_S9_T0_+0x66>
  408fe4:	48 8b 55 e8          	mov    rdx,QWORD PTR [rbp-0x18]
  408fe8:	48 8b 45 f8          	mov    rax,QWORD PTR [rbp-0x8]
  408fec:	48 89 d6             	mov    rsi,rdx
  408fef:	48 89 c7             	mov    rdi,rax
  408ff2:	e8 c6 d4 ff ff       	call   4064bd <_ZSt9iter_swapIN9__gnu_cxx17__normal_iteratorIPmSt6vectorImSaImEEEES6_EvT_T0_>
  408ff7:	e9 bb 00 00 00       	jmp    4090b7 <_ZSt22__move_median_to_firstIN9__gnu_cxx17__normal_iteratorIPmSt6vectorImSaImEEEENS0_5__ops15_Iter_less_iterEEvT_S9_S9_S9_T0_+0x121>
  408ffc:	48 8b 55 e0          	mov    rdx,QWORD PTR [rbp-0x20]
  409000:	48 8b 4d f0          	mov    rcx,QWORD PTR [rbp-0x10]
  409004:	48 8d 45 df          	lea    rax,[rbp-0x21]
  409008:	48 89 ce             	mov    rsi,rcx
  40900b:	48 89 c7             	mov    rdi,rax
  40900e:	e8 5f 01 00 00       	call   409172 <_ZNK9__gnu_cxx5__ops15_Iter_less_iterclINS_17__normal_iteratorIPmSt6vectorImSaImEEEES8_EEbT_T0_>
  409013:	84 c0                	test   al,al
  409015:	74 18                	je     40902f <_ZSt22__move_median_to_firstIN9__gnu_cxx17__normal_iteratorIPmSt6vectorImSaImEEEENS0_5__ops15_Iter_less_iterEEvT_S9_S9_S9_T0_+0x99>
  409017:	48 8b 55 e0          	mov    rdx,QWORD PTR [rbp-0x20]
  40901b:	48 8b 45 f8          	mov    rax,QWORD PTR [rbp-0x8]
  40901f:	48 89 d6             	mov    rsi,rdx
  409022:	48 89 c7             	mov    rdi,rax
  409025:	e8 93 d4 ff ff       	call   4064bd <_ZSt9iter_swapIN9__gnu_cxx17__normal_iteratorIPmSt6vectorImSaImEEEES6_EvT_T0_>
  40902a:	e9 88 00 00 00       	jmp    4090b7 <_ZSt22__move_median_to_firstIN9__gnu_cxx17__normal_iteratorIPmSt6vectorImSaImEEEENS0_5__ops15_Iter_less_iterEEvT_S9_S9_S9_T0_+0x121>
  40902f:	48 8b 55 f0          	mov    rdx,QWORD PTR [rbp-0x10]
  409033:	48 8b 45 f8          	mov    rax,QWORD PTR [rbp-0x8]
  409037:	48 89 d6             	mov    rsi,rdx
  40903a:	48 89 c7             	mov    rdi,rax
  40903d:	e8 7b d4 ff ff       	call   4064bd <_ZSt9iter_swapIN9__gnu_cxx17__normal_iteratorIPmSt6vectorImSaImEEEES6_EvT_T0_>
  409042:	eb 73                	jmp    4090b7 <_ZSt22__move_median_to_firstIN9__gnu_cxx17__normal_iteratorIPmSt6vectorImSaImEEEENS0_5__ops15_Iter_less_iterEEvT_S9_S9_S9_T0_+0x121>
  409044:	48 8b 55 e0          	mov    rdx,QWORD PTR [rbp-0x20]
  409048:	48 8b 4d f0          	mov    rcx,QWORD PTR [rbp-0x10]
  40904c:	48 8d 45 df          	lea    rax,[rbp-0x21]
  409050:	48 89 ce             	mov    rsi,rcx
  409053:	48 89 c7             	mov    rdi,rax
  409056:	e8 17 01 00 00       	call   409172 <_ZNK9__gnu_cxx5__ops15_Iter_less_iterclINS_17__normal_iteratorIPmSt6vectorImSaImEEEES8_EEbT_T0_>
  40905b:	84 c0                	test   al,al
  40905d:	74 15                	je     409074 <_ZSt22__move_median_to_firstIN9__gnu_cxx17__normal_iteratorIPmSt6vectorImSaImEEEENS0_5__ops15_Iter_less_iterEEvT_S9_S9_S9_T0_+0xde>
  40905f:	48 8b 55 f0          	mov    rdx,QWORD PTR [rbp-0x10]
  409063:	48 8b 45 f8          	mov    rax,QWORD PTR [rbp-0x8]
  409067:	48 89 d6             	mov    rsi,rdx
  40906a:	48 89 c7             	mov    rdi,rax
  40906d:	e8 4b d4 ff ff       	call   4064bd <_ZSt9iter_swapIN9__gnu_cxx17__normal_iteratorIPmSt6vectorImSaImEEEES6_EvT_T0_>
  409072:	eb 43                	jmp    4090b7 <_ZSt22__move_median_to_firstIN9__gnu_cxx17__normal_iteratorIPmSt6vectorImSaImEEEENS0_5__ops15_Iter_less_iterEEvT_S9_S9_S9_T0_+0x121>
  409074:	48 8b 55 e0          	mov    rdx,QWORD PTR [rbp-0x20]
  409078:	48 8b 4d e8          	mov    rcx,QWORD PTR [rbp-0x18]
  40907c:	48 8d 45 df          	lea    rax,[rbp-0x21]
  409080:	48 89 ce             	mov    rsi,rcx
  409083:	48 89 c7             	mov    rdi,rax
  409086:	e8 e7 00 00 00       	call   409172 <_ZNK9__gnu_cxx5__ops15_Iter_less_iterclINS_17__normal_iteratorIPmSt6vectorImSaImEEEES8_EEbT_T0_>
  40908b:	84 c0                	test   al,al
  40908d:	74 15                	je     4090a4 <_ZSt22__move_median_to_firstIN9__gnu_cxx17__normal_iteratorIPmSt6vectorImSaImEEEENS0_5__ops15_Iter_less_iterEEvT_S9_S9_S9_T0_+0x10e>
  40908f:	48 8b 55 e0          	mov    rdx,QWORD PTR [rbp-0x20]
  409093:	48 8b 45 f8          	mov    rax,QWORD PTR [rbp-0x8]
  409097:	48 89 d6             	mov    rsi,rdx
  40909a:	48 89 c7             	mov    rdi,rax
  40909d:	e8 1b d4 ff ff       	call   4064bd <_ZSt9iter_swapIN9__gnu_cxx17__normal_iteratorIPmSt6vectorImSaImEEEES6_EvT_T0_>
  4090a2:	eb 13                	jmp    4090b7 <_ZSt22__move_median_to_firstIN9__gnu_cxx17__normal_iteratorIPmSt6vectorImSaImEEEENS0_5__ops15_Iter_less_iterEEvT_S9_S9_S9_T0_+0x121>
  4090a4:	48 8b 55 e8          	mov    rdx,QWORD PTR [rbp-0x18]
  4090a8:	48 8b 45 f8          	mov    rax,QWORD PTR [rbp-0x8]
  4090ac:	48 89 d6             	mov    rsi,rdx
  4090af:	48 89 c7             	mov    rdi,rax
  4090b2:	e8 06 d4 ff ff       	call   4064bd <_ZSt9iter_swapIN9__gnu_cxx17__normal_iteratorIPmSt6vectorImSaImEEEES6_EvT_T0_>
  4090b7:	90                   	nop
  4090b8:	c9                   	leave  
  4090b9:	c3                   	ret    

00000000004090ba <_ZSt21__unguarded_partitionIN9__gnu_cxx17__normal_iteratorIPmSt6vectorImSaImEEEENS0_5__ops15_Iter_less_iterEET_S9_S9_S9_T0_>:
  4090ba:	55                   	push   rbp
  4090bb:	48 89 e5             	mov    rbp,rsp
  4090be:	48 83 ec 20          	sub    rsp,0x20
  4090c2:	48 89 7d f8          	mov    QWORD PTR [rbp-0x8],rdi
  4090c6:	48 89 75 f0          	mov    QWORD PTR [rbp-0x10],rsi
  4090ca:	48 89 55 e8          	mov    QWORD PTR [rbp-0x18],rdx
  4090ce:	eb 0c                	jmp    4090dc <_ZSt21__unguarded_partitionIN9__gnu_cxx17__normal_iteratorIPmSt6vectorImSaImEEEENS0_5__ops15_Iter_less_iterEET_S9_S9_S9_T0_+0x22>
  4090d0:	48 8d 45 f8          	lea    rax,[rbp-0x8]
  4090d4:	48 89 c7             	mov    rdi,rax
  4090d7:	e8 b4 ca ff ff       	call   405b90 <_ZN9__gnu_cxx17__normal_iteratorIPmSt6vectorImSaImEEEppEv>
  4090dc:	48 8b 55 e8          	mov    rdx,QWORD PTR [rbp-0x18]
  4090e0:	48 8b 4d f8          	mov    rcx,QWORD PTR [rbp-0x8]
  4090e4:	48 8d 45 e7          	lea    rax,[rbp-0x19]
  4090e8:	48 89 ce             	mov    rsi,rcx
  4090eb:	48 89 c7             	mov    rdi,rax
  4090ee:	e8 7f 00 00 00       	call   409172 <_ZNK9__gnu_cxx5__ops15_Iter_less_iterclINS_17__normal_iteratorIPmSt6vectorImSaImEEEES8_EEbT_T0_>
  4090f3:	84 c0                	test   al,al
  4090f5:	75 d9                	jne    4090d0 <_ZSt21__unguarded_partitionIN9__gnu_cxx17__normal_iteratorIPmSt6vectorImSaImEEEENS0_5__ops15_Iter_less_iterEET_S9_S9_S9_T0_+0x16>
  4090f7:	48 8d 45 f0          	lea    rax,[rbp-0x10]
  4090fb:	48 89 c7             	mov    rdi,rax
  4090fe:	e8 23 05 00 00       	call   409626 <_ZN9__gnu_cxx17__normal_iteratorIPmSt6vectorImSaImEEEmmEv>
  409103:	eb 0c                	jmp    409111 <_ZSt21__unguarded_partitionIN9__gnu_cxx17__normal_iteratorIPmSt6vectorImSaImEEEENS0_5__ops15_Iter_less_iterEET_S9_S9_S9_T0_+0x57>
  409105:	48 8d 45 f0          	lea    rax,[rbp-0x10]
  409109:	48 89 c7             	mov    rdi,rax
  40910c:	e8 15 05 00 00       	call   409626 <_ZN9__gnu_cxx17__normal_iteratorIPmSt6vectorImSaImEEEmmEv>
  409111:	48 8b 55 f0          	mov    rdx,QWORD PTR [rbp-0x10]
  409115:	48 8b 4d e8          	mov    rcx,QWORD PTR [rbp-0x18]
  409119:	48 8d 45 e7          	lea    rax,[rbp-0x19]
  40911d:	48 89 ce             	mov    rsi,rcx
  409120:	48 89 c7             	mov    rdi,rax
  409123:	e8 4a 00 00 00       	call   409172 <_ZNK9__gnu_cxx5__ops15_Iter_less_iterclINS_17__normal_iteratorIPmSt6vectorImSaImEEEES8_EEbT_T0_>
  409128:	84 c0                	test   al,al
  40912a:	75 d9                	jne    409105 <_ZSt21__unguarded_partitionIN9__gnu_cxx17__normal_iteratorIPmSt6vectorImSaImEEEENS0_5__ops15_Iter_less_iterEET_S9_S9_S9_T0_+0x4b>
  40912c:	48 8d 55 f0          	lea    rdx,[rbp-0x10]
  409130:	48 8d 45 f8          	lea    rax,[rbp-0x8]
  409134:	48 89 d6             	mov    rsi,rdx
  409137:	48 89 c7             	mov    rdi,rax
  40913a:	e8 0e 04 00 00       	call   40954d <_ZN9__gnu_cxxltIPmSt6vectorImSaImEEEEbRKNS_17__normal_iteratorIT_T0_EESA_>
  40913f:	83 f0 01             	xor    eax,0x1
  409142:	84 c0                	test   al,al
  409144:	74 06                	je     40914c <_ZSt21__unguarded_partitionIN9__gnu_cxx17__normal_iteratorIPmSt6vectorImSaImEEEENS0_5__ops15_Iter_less_iterEET_S9_S9_S9_T0_+0x92>
  409146:	48 8b 45 f8          	mov    rax,QWORD PTR [rbp-0x8]
  40914a:	eb 24                	jmp    409170 <_ZSt21__unguarded_partitionIN9__gnu_cxx17__normal_iteratorIPmSt6vectorImSaImEEEENS0_5__ops15_Iter_less_iterEET_S9_S9_S9_T0_+0xb6>
  40914c:	48 8b 55 f0          	mov    rdx,QWORD PTR [rbp-0x10]
  409150:	48 8b 45 f8          	mov    rax,QWORD PTR [rbp-0x8]
  409154:	48 89 d6             	mov    rsi,rdx
  409157:	48 89 c7             	mov    rdi,rax
  40915a:	e8 5e d3 ff ff       	call   4064bd <_ZSt9iter_swapIN9__gnu_cxx17__normal_iteratorIPmSt6vectorImSaImEEEES6_EvT_T0_>
  40915f:	48 8d 45 f8          	lea    rax,[rbp-0x8]
  409163:	48 89 c7             	mov    rdi,rax
  409166:	e8 25 ca ff ff       	call   405b90 <_ZN9__gnu_cxx17__normal_iteratorIPmSt6vectorImSaImEEEppEv>
  40916b:	e9 6c ff ff ff       	jmp    4090dc <_ZSt21__unguarded_partitionIN9__gnu_cxx17__normal_iteratorIPmSt6vectorImSaImEEEENS0_5__ops15_Iter_less_iterEET_S9_S9_S9_T0_+0x22>
  409170:	c9                   	leave  
  409171:	c3                   	ret    

0000000000409172 <_ZNK9__gnu_cxx5__ops15_Iter_less_iterclINS_17__normal_iteratorIPmSt6vectorImSaImEEEES8_EEbT_T0_>:
  409172:	55                   	push   rbp
  409173:	48 89 e5             	mov    rbp,rsp
  409176:	53                   	push   rbx
  409177:	48 83 ec 28          	sub    rsp,0x28
  40917b:	48 89 7d e8          	mov    QWORD PTR [rbp-0x18],rdi
  40917f:	48 89 75 e0          	mov    QWORD PTR [rbp-0x20],rsi
  409183:	48 89 55 d8          	mov    QWORD PTR [rbp-0x28],rdx
  409187:	48 8d 45 e0          	lea    rax,[rbp-0x20]
  40918b:	48 89 c7             	mov    rdi,rax
  40918e:	e8 1d ca ff ff       	call   405bb0 <_ZNK9__gnu_cxx17__normal_iteratorIPmSt6vectorImSaImEEEdeEv>
  409193:	48 8b 18             	mov    rbx,QWORD PTR [rax]
  409196:	48 8d 45 d8          	lea    rax,[rbp-0x28]
  40919a:	48 89 c7             	mov    rdi,rax
  40919d:	e8 0e ca ff ff       	call   405bb0 <_ZNK9__gnu_cxx17__normal_iteratorIPmSt6vectorImSaImEEEdeEv>
  4091a2:	48 8b 00             	mov    rax,QWORD PTR [rax]
  4091a5:	48 39 c3             	cmp    rbx,rax
  4091a8:	0f 92 c0             	setb   al
  4091ab:	48 8b 5d f8          	mov    rbx,QWORD PTR [rbp-0x8]
  4091af:	c9                   	leave  
  4091b0:	c3                   	ret    

00000000004091b1 <_ZSt13move_backwardIN9__gnu_cxx17__normal_iteratorIPmSt6vectorImSaImEEEES6_ET0_T_S8_S7_>:
  4091b1:	55                   	push   rbp
  4091b2:	48 89 e5             	mov    rbp,rsp
  4091b5:	53                   	push   rbx
  4091b6:	48 83 ec 28          	sub    rsp,0x28
  4091ba:	48 89 7d e8          	mov    QWORD PTR [rbp-0x18],rdi
  4091be:	48 89 75 e0          	mov    QWORD PTR [rbp-0x20],rsi
  4091c2:	48 89 55 d8          	mov    QWORD PTR [rbp-0x28],rdx
  4091c6:	48 8b 45 e0          	mov    rax,QWORD PTR [rbp-0x20]
  4091ca:	48 89 c7             	mov    rdi,rax
  4091cd:	e8 74 04 00 00       	call   409646 <_ZSt12__miter_baseIN9__gnu_cxx17__normal_iteratorIPmSt6vectorImSaImEEEEET_S7_>
  4091d2:	48 89 c3             	mov    rbx,rax
  4091d5:	48 8b 45 e8          	mov    rax,QWORD PTR [rbp-0x18]
  4091d9:	48 89 c7             	mov    rdi,rax
  4091dc:	e8 65 04 00 00       	call   409646 <_ZSt12__miter_baseIN9__gnu_cxx17__normal_iteratorIPmSt6vectorImSaImEEEEET_S7_>
  4091e1:	48 89 c1             	mov    rcx,rax
  4091e4:	48 8b 45 d8          	mov    rax,QWORD PTR [rbp-0x28]
  4091e8:	48 89 c2             	mov    rdx,rax
  4091eb:	48 89 de             	mov    rsi,rbx
  4091ee:	48 89 cf             	mov    rdi,rcx
  4091f1:	e8 5e 04 00 00       	call   409654 <_ZSt22__copy_move_backward_aILb1EN9__gnu_cxx17__normal_iteratorIPmSt6vectorImSaImEEEES6_ET1_T0_S8_S7_>
  4091f6:	48 8b 5d f8          	mov    rbx,QWORD PTR [rbp-0x8]
  4091fa:	c9                   	leave  
  4091fb:	c3                   	ret    

00000000004091fc <_ZSt25__unguarded_linear_insertIN9__gnu_cxx17__normal_iteratorIPmSt6vectorImSaImEEEENS0_5__ops14_Val_less_iterEEvT_T0_>:
  4091fc:	55                   	push   rbp
  4091fd:	48 89 e5             	mov    rbp,rsp
  409200:	53                   	push   rbx
  409201:	48 83 ec 28          	sub    rsp,0x28
  409205:	48 89 7d d8          	mov    QWORD PTR [rbp-0x28],rdi
  409209:	48 8d 45 d8          	lea    rax,[rbp-0x28]
  40920d:	48 89 c7             	mov    rdi,rax
  409210:	e8 9b c9 ff ff       	call   405bb0 <_ZNK9__gnu_cxx17__normal_iteratorIPmSt6vectorImSaImEEEdeEv>
  409215:	48 89 c7             	mov    rdi,rax
  409218:	e8 0b ce ff ff       	call   406028 <_ZSt4moveIRmEONSt16remove_referenceIT_E4typeEOS2_>
  40921d:	48 8b 00             	mov    rax,QWORD PTR [rax]
  409220:	48 89 45 e8          	mov    QWORD PTR [rbp-0x18],rax
  409224:	48 8b 45 d8          	mov    rax,QWORD PTR [rbp-0x28]
  409228:	48 89 45 e0          	mov    QWORD PTR [rbp-0x20],rax
  40922c:	48 8d 45 e0          	lea    rax,[rbp-0x20]
  409230:	48 89 c7             	mov    rdi,rax
  409233:	e8 ee 03 00 00       	call   409626 <_ZN9__gnu_cxx17__normal_iteratorIPmSt6vectorImSaImEEEmmEv>
  409238:	eb 3d                	jmp    409277 <_ZSt25__unguarded_linear_insertIN9__gnu_cxx17__normal_iteratorIPmSt6vectorImSaImEEEENS0_5__ops14_Val_less_iterEEvT_T0_+0x7b>
  40923a:	48 8d 45 e0          	lea    rax,[rbp-0x20]
  40923e:	48 89 c7             	mov    rdi,rax
  409241:	e8 6a c9 ff ff       	call   405bb0 <_ZNK9__gnu_cxx17__normal_iteratorIPmSt6vectorImSaImEEEdeEv>
  409246:	48 89 c7             	mov    rdi,rax
  409249:	e8 da cd ff ff       	call   406028 <_ZSt4moveIRmEONSt16remove_referenceIT_E4typeEOS2_>
  40924e:	48 89 c3             	mov    rbx,rax
  409251:	48 8d 45 d8          	lea    rax,[rbp-0x28]
  409255:	48 89 c7             	mov    rdi,rax
  409258:	e8 53 c9 ff ff       	call   405bb0 <_ZNK9__gnu_cxx17__normal_iteratorIPmSt6vectorImSaImEEEdeEv>
  40925d:	48 8b 13             	mov    rdx,QWORD PTR [rbx]
  409260:	48 89 10             	mov    QWORD PTR [rax],rdx
  409263:	48 8b 45 e0          	mov    rax,QWORD PTR [rbp-0x20]
  409267:	48 89 45 d8          	mov    QWORD PTR [rbp-0x28],rax
  40926b:	48 8d 45 e0          	lea    rax,[rbp-0x20]
  40926f:	48 89 c7             	mov    rdi,rax
  409272:	e8 af 03 00 00       	call   409626 <_ZN9__gnu_cxx17__normal_iteratorIPmSt6vectorImSaImEEEmmEv>
  409277:	48 8b 55 e0          	mov    rdx,QWORD PTR [rbp-0x20]
  40927b:	48 8d 4d e8          	lea    rcx,[rbp-0x18]
  40927f:	48 8d 45 d7          	lea    rax,[rbp-0x29]
  409283:	48 89 ce             	mov    rsi,rcx
  409286:	48 89 c7             	mov    rdi,rax
  409289:	e8 30 04 00 00       	call   4096be <_ZNK9__gnu_cxx5__ops14_Val_less_iterclImNS_17__normal_iteratorIPmSt6vectorImSaImEEEEEEbRT_T0_>
  40928e:	84 c0                	test   al,al
  409290:	75 a8                	jne    40923a <_ZSt25__unguarded_linear_insertIN9__gnu_cxx17__normal_iteratorIPmSt6vectorImSaImEEEENS0_5__ops14_Val_less_iterEEvT_T0_+0x3e>
  409292:	48 8d 45 e8          	lea    rax,[rbp-0x18]
  409296:	48 89 c7             	mov    rdi,rax
  409299:	e8 8a cd ff ff       	call   406028 <_ZSt4moveIRmEONSt16remove_referenceIT_E4typeEOS2_>
  40929e:	48 89 c3             	mov    rbx,rax
  4092a1:	48 8d 45 d8          	lea    rax,[rbp-0x28]
  4092a5:	48 89 c7             	mov    rdi,rax
  4092a8:	e8 03 c9 ff ff       	call   405bb0 <_ZNK9__gnu_cxx17__normal_iteratorIPmSt6vectorImSaImEEEdeEv>
  4092ad:	48 8b 13             	mov    rdx,QWORD PTR [rbx]
  4092b0:	48 89 10             	mov    QWORD PTR [rax],rdx
  4092b3:	90                   	nop
  4092b4:	48 8b 5d f8          	mov    rbx,QWORD PTR [rbp-0x8]
  4092b8:	c9                   	leave  
  4092b9:	c3                   	ret    

00000000004092ba <_ZNSt20__uninitialized_copyILb1EE13__uninit_copyIN9__gnu_cxx17__normal_iteratorIPKmSt6vectorImSaImEEEEPmEET0_T_SC_SB_>:
  4092ba:	55                   	push   rbp
  4092bb:	48 89 e5             	mov    rbp,rsp
  4092be:	48 83 ec 20          	sub    rsp,0x20
  4092c2:	48 89 7d f8          	mov    QWORD PTR [rbp-0x8],rdi
  4092c6:	48 89 75 f0          	mov    QWORD PTR [rbp-0x10],rsi
  4092ca:	48 89 55 e8          	mov    QWORD PTR [rbp-0x18],rdx
  4092ce:	48 8b 55 e8          	mov    rdx,QWORD PTR [rbp-0x18]
  4092d2:	48 8b 4d f0          	mov    rcx,QWORD PTR [rbp-0x10]
  4092d6:	48 8b 45 f8          	mov    rax,QWORD PTR [rbp-0x8]
  4092da:	48 89 ce             	mov    rsi,rcx
  4092dd:	48 89 c7             	mov    rdi,rax
  4092e0:	e8 10 04 00 00       	call   4096f5 <_ZSt4copyIN9__gnu_cxx17__normal_iteratorIPKmSt6vectorImSaImEEEEPmET0_T_SA_S9_>
  4092e5:	c9                   	leave  
  4092e6:	c3                   	ret    

00000000004092e7 <_ZSt14__copy_move_a2ILb0EPKmPmET1_T0_S4_S3_>:
  4092e7:	55                   	push   rbp
  4092e8:	48 89 e5             	mov    rbp,rsp
  4092eb:	48 83 ec 20          	sub    rsp,0x20
  4092ef:	48 89 7d f8          	mov    QWORD PTR [rbp-0x8],rdi
  4092f3:	48 89 75 f0          	mov    QWORD PTR [rbp-0x10],rsi
  4092f7:	48 89 55 e8          	mov    QWORD PTR [rbp-0x18],rdx
  4092fb:	48 8b 55 e8          	mov    rdx,QWORD PTR [rbp-0x18]
  4092ff:	48 8b 4d f0          	mov    rcx,QWORD PTR [rbp-0x10]
  409303:	48 8b 45 f8          	mov    rax,QWORD PTR [rbp-0x8]
  409307:	48 89 ce             	mov    rsi,rcx
  40930a:	48 89 c7             	mov    rdi,rax
  40930d:	e8 2e 04 00 00       	call   409740 <_ZNSt11__copy_moveILb0ELb1ESt26random_access_iterator_tagE8__copy_mImEEPT_PKS3_S6_S4_>
  409312:	c9                   	leave  
  409313:	c3                   	ret    

0000000000409314 <_ZSt14__copy_move_a2ILb0EPmS0_ET1_T0_S2_S1_>:
  409314:	55                   	push   rbp
  409315:	48 89 e5             	mov    rbp,rsp
  409318:	48 83 ec 20          	sub    rsp,0x20
  40931c:	48 89 7d f8          	mov    QWORD PTR [rbp-0x8],rdi
  409320:	48 89 75 f0          	mov    QWORD PTR [rbp-0x10],rsi
  409324:	48 89 55 e8          	mov    QWORD PTR [rbp-0x18],rdx
  409328:	48 8b 55 e8          	mov    rdx,QWORD PTR [rbp-0x18]
  40932c:	48 8b 4d f0          	mov    rcx,QWORD PTR [rbp-0x10]
  409330:	48 8b 45 f8          	mov    rax,QWORD PTR [rbp-0x8]
  409334:	48 89 ce             	mov    rsi,rcx
  409337:	48 89 c7             	mov    rdi,rax
  40933a:	e8 01 04 00 00       	call   409740 <_ZNSt11__copy_moveILb0ELb1ESt26random_access_iterator_tagE8__copy_mImEEPT_PKS3_S6_S4_>
  40933f:	c9                   	leave  
  409340:	c3                   	ret    
  409341:	90                   	nop

0000000000409342 <_ZNK9__gnu_cxx13new_allocatorImE11_M_max_sizeEv>:
  409342:	55                   	push   rbp
  409343:	48 89 e5             	mov    rbp,rsp
  409346:	48 89 7d f8          	mov    QWORD PTR [rbp-0x8],rdi
  40934a:	48 b8 ff ff ff ff ff 	movabs rax,0xfffffffffffffff
  409351:	ff ff 0f 
  409354:	5d                   	pop    rbp
  409355:	c3                   	ret    

0000000000409356 <_ZSt10_ConstructImJEEvPT_DpOT0_>:
  409356:	55                   	push   rbp
  409357:	48 89 e5             	mov    rbp,rsp
  40935a:	48 83 ec 10          	sub    rsp,0x10
  40935e:	48 89 7d f8          	mov    QWORD PTR [rbp-0x8],rdi
  409362:	48 8b 45 f8          	mov    rax,QWORD PTR [rbp-0x8]
  409366:	48 89 c6             	mov    rsi,rax
  409369:	bf 08 00 00 00       	mov    edi,0x8
  40936e:	e8 33 be ff ff       	call   4051a6 <_ZnwmPv>
  409373:	48 c7 00 00 00 00 00 	mov    QWORD PTR [rax],0x0
  40937a:	90                   	nop
  40937b:	c9                   	leave  
  40937c:	c3                   	ret    

000000000040937d <_ZSt6fill_nIPmmmET_S1_T0_RKT1_>:
  40937d:	55                   	push   rbp
  40937e:	48 89 e5             	mov    rbp,rsp
  409381:	48 83 ec 20          	sub    rsp,0x20
  409385:	48 89 7d f8          	mov    QWORD PTR [rbp-0x8],rdi
  409389:	48 89 75 f0          	mov    QWORD PTR [rbp-0x10],rsi
  40938d:	48 89 55 e8          	mov    QWORD PTR [rbp-0x18],rdx
  409391:	48 8d 45 f8          	lea    rax,[rbp-0x8]
  409395:	48 89 c7             	mov    rdi,rax
  409398:	e8 02 04 00 00       	call   40979f <_ZSt19__iterator_categoryIPmENSt15iterator_traitsIT_E17iterator_categoryERKS2_>
  40939d:	48 8b 45 f0          	mov    rax,QWORD PTR [rbp-0x10]
  4093a1:	48 89 c7             	mov    rdi,rax
  4093a4:	e8 29 be ff ff       	call   4051d2 <_ZSt17__size_to_integerm>
  4093a9:	48 89 c1             	mov    rcx,rax
  4093ac:	48 8b 45 f8          	mov    rax,QWORD PTR [rbp-0x8]
  4093b0:	48 8b 55 e8          	mov    rdx,QWORD PTR [rbp-0x18]
  4093b4:	48 89 ce             	mov    rsi,rcx
  4093b7:	48 89 c7             	mov    rdi,rax
  4093ba:	e8 eb 03 00 00       	call   4097aa <_ZSt10__fill_n_aIPmmmET_S1_T0_RKT1_St26random_access_iterator_tag>
  4093bf:	c9                   	leave  
  4093c0:	c3                   	ret    

00000000004093c1 <_ZNSt20__uninitialized_copyILb1EE13__uninit_copyISt13move_iteratorIPmES3_EET0_T_S6_S5_>:
  4093c1:	55                   	push   rbp
  4093c2:	48 89 e5             	mov    rbp,rsp
  4093c5:	48 83 ec 20          	sub    rsp,0x20
  4093c9:	48 89 7d f8          	mov    QWORD PTR [rbp-0x8],rdi
  4093cd:	48 89 75 f0          	mov    QWORD PTR [rbp-0x10],rsi
  4093d1:	48 89 55 e8          	mov    QWORD PTR [rbp-0x18],rdx
  4093d5:	48 8b 55 e8          	mov    rdx,QWORD PTR [rbp-0x18]
  4093d9:	48 8b 4d f0          	mov    rcx,QWORD PTR [rbp-0x10]
  4093dd:	48 8b 45 f8          	mov    rax,QWORD PTR [rbp-0x8]
  4093e1:	48 89 ce             	mov    rsi,rcx
  4093e4:	48 89 c7             	mov    rdi,rax
  4093e7:	e8 1b 04 00 00       	call   409807 <_ZSt4copyISt13move_iteratorIPmES1_ET0_T_S4_S3_>
  4093ec:	c9                   	leave  
  4093ed:	c3                   	ret    

00000000004093ee <_ZSt23__copy_move_backward_a2ILb1EPmS0_ET1_T0_S2_S1_>:
  4093ee:	55                   	push   rbp
  4093ef:	48 89 e5             	mov    rbp,rsp
  4093f2:	48 83 ec 20          	sub    rsp,0x20
  4093f6:	48 89 7d f8          	mov    QWORD PTR [rbp-0x8],rdi
  4093fa:	48 89 75 f0          	mov    QWORD PTR [rbp-0x10],rsi
  4093fe:	48 89 55 e8          	mov    QWORD PTR [rbp-0x18],rdx
  409402:	48 8b 55 e8          	mov    rdx,QWORD PTR [rbp-0x18]
  409406:	48 8b 4d f0          	mov    rcx,QWORD PTR [rbp-0x10]
  40940a:	48 8b 45 f8          	mov    rax,QWORD PTR [rbp-0x8]
  40940e:	48 89 ce             	mov    rsi,rcx
  409411:	48 89 c7             	mov    rdi,rax
  409414:	e8 39 04 00 00       	call   409852 <_ZNSt20__copy_move_backwardILb1ELb1ESt26random_access_iterator_tagE13__copy_move_bImEEPT_PKS3_S6_S4_>
  409419:	c9                   	leave  
  40941a:	c3                   	ret    

000000000040941b <_ZSt14__relocate_a_1ImmENSt9enable_ifIXsrSt24__is_bitwise_relocatableIT_vE5valueEPS2_E4typeES4_S4_S4_RSaIT0_E>:
  40941b:	55                   	push   rbp
  40941c:	48 89 e5             	mov    rbp,rsp
  40941f:	48 83 ec 30          	sub    rsp,0x30
  409423:	48 89 7d e8          	mov    QWORD PTR [rbp-0x18],rdi
  409427:	48 89 75 e0          	mov    QWORD PTR [rbp-0x20],rsi
  40942b:	48 89 55 d8          	mov    QWORD PTR [rbp-0x28],rdx
  40942f:	48 89 4d d0          	mov    QWORD PTR [rbp-0x30],rcx
  409433:	48 8b 45 e0          	mov    rax,QWORD PTR [rbp-0x20]
  409437:	48 2b 45 e8          	sub    rax,QWORD PTR [rbp-0x18]
  40943b:	48 c1 f8 03          	sar    rax,0x3
  40943f:	48 89 45 f8          	mov    QWORD PTR [rbp-0x8],rax
  409443:	48 83 7d f8 00       	cmp    QWORD PTR [rbp-0x8],0x0
  409448:	7e 1f                	jle    409469 <_ZSt14__relocate_a_1ImmENSt9enable_ifIXsrSt24__is_bitwise_relocatableIT_vE5valueEPS2_E4typeES4_S4_S4_RSaIT0_E+0x4e>
  40944a:	48 8b 45 f8          	mov    rax,QWORD PTR [rbp-0x8]
  40944e:	48 8d 14 c5 00 00 00 	lea    rdx,[rax*8+0x0]
  409455:	00 
  409456:	48 8b 4d e8          	mov    rcx,QWORD PTR [rbp-0x18]
  40945a:	48 8b 45 d8          	mov    rax,QWORD PTR [rbp-0x28]
  40945e:	48 89 ce             	mov    rsi,rcx
  409461:	48 89 c7             	mov    rdi,rax
  409464:	e8 c7 8e ff ff       	call   402330 <memmove@plt>
  409469:	48 8b 45 f8          	mov    rax,QWORD PTR [rbp-0x8]
  40946d:	48 8d 14 c5 00 00 00 	lea    rdx,[rax*8+0x0]
  409474:	00 
  409475:	48 8b 45 d8          	mov    rax,QWORD PTR [rbp-0x28]
  409479:	48 01 d0             	add    rax,rdx
  40947c:	c9                   	leave  
  40947d:	c3                   	ret    

000000000040947e <_ZSt11__make_heapIN9__gnu_cxx17__normal_iteratorIPmSt6vectorImSaImEEEENS0_5__ops15_Iter_less_iterEEvT_S9_RT0_>:
  40947e:	55                   	push   rbp
  40947f:	48 89 e5             	mov    rbp,rsp
  409482:	48 83 ec 40          	sub    rsp,0x40
  409486:	48 89 7d d8          	mov    QWORD PTR [rbp-0x28],rdi
  40948a:	48 89 75 d0          	mov    QWORD PTR [rbp-0x30],rsi
  40948e:	48 89 55 c8          	mov    QWORD PTR [rbp-0x38],rdx
  409492:	48 8d 55 d8          	lea    rdx,[rbp-0x28]
  409496:	48 8d 45 d0          	lea    rax,[rbp-0x30]
  40949a:	48 89 d6             	mov    rsi,rdx
  40949d:	48 89 c7             	mov    rdi,rax
  4094a0:	e8 03 cf ff ff       	call   4063a8 <_ZN9__gnu_cxxmiIPmSt6vectorImSaImEEEENS_17__normal_iteratorIT_T0_E15difference_typeERKS8_SB_>
  4094a5:	48 83 f8 01          	cmp    rax,0x1
  4094a9:	0f 9e c0             	setle  al
  4094ac:	84 c0                	test   al,al
  4094ae:	0f 85 93 00 00 00    	jne    409547 <_ZSt11__make_heapIN9__gnu_cxx17__normal_iteratorIPmSt6vectorImSaImEEEENS0_5__ops15_Iter_less_iterEEvT_S9_RT0_+0xc9>
  4094b4:	48 8d 55 d8          	lea    rdx,[rbp-0x28]
  4094b8:	48 8d 45 d0          	lea    rax,[rbp-0x30]
  4094bc:	48 89 d6             	mov    rsi,rdx
  4094bf:	48 89 c7             	mov    rdi,rax
  4094c2:	e8 e1 ce ff ff       	call   4063a8 <_ZN9__gnu_cxxmiIPmSt6vectorImSaImEEEENS_17__normal_iteratorIT_T0_E15difference_typeERKS8_SB_>
  4094c7:	48 89 45 f0          	mov    QWORD PTR [rbp-0x10],rax
  4094cb:	48 8b 45 f0          	mov    rax,QWORD PTR [rbp-0x10]
  4094cf:	48 83 e8 02          	sub    rax,0x2
  4094d3:	48 89 c2             	mov    rdx,rax
  4094d6:	48 c1 ea 3f          	shr    rdx,0x3f
  4094da:	48 01 d0             	add    rax,rdx
  4094dd:	48 d1 f8             	sar    rax,1
  4094e0:	48 89 45 f8          	mov    QWORD PTR [rbp-0x8],rax
  4094e4:	48 8b 55 f8          	mov    rdx,QWORD PTR [rbp-0x8]
  4094e8:	48 8d 45 d8          	lea    rax,[rbp-0x28]
  4094ec:	48 89 d6             	mov    rsi,rdx
  4094ef:	48 89 c7             	mov    rdi,rax
  4094f2:	e8 f1 ce ff ff       	call   4063e8 <_ZNK9__gnu_cxx17__normal_iteratorIPmSt6vectorImSaImEEEplEl>
  4094f7:	48 89 45 e8          	mov    QWORD PTR [rbp-0x18],rax
  4094fb:	48 8d 45 e8          	lea    rax,[rbp-0x18]
  4094ff:	48 89 c7             	mov    rdi,rax
  409502:	e8 a9 c6 ff ff       	call   405bb0 <_ZNK9__gnu_cxx17__normal_iteratorIPmSt6vectorImSaImEEEdeEv>
  409507:	48 89 c7             	mov    rdi,rax
  40950a:	e8 19 cb ff ff       	call   406028 <_ZSt4moveIRmEONSt16remove_referenceIT_E4typeEOS2_>
  40950f:	48 8b 00             	mov    rax,QWORD PTR [rax]
  409512:	48 89 45 e0          	mov    QWORD PTR [rbp-0x20],rax
  409516:	48 8d 45 e0          	lea    rax,[rbp-0x20]
  40951a:	48 89 c7             	mov    rdi,rax
  40951d:	e8 06 cb ff ff       	call   406028 <_ZSt4moveIRmEONSt16remove_referenceIT_E4typeEOS2_>
  409522:	48 8b 08             	mov    rcx,QWORD PTR [rax]
  409525:	48 8b 55 f0          	mov    rdx,QWORD PTR [rbp-0x10]
  409529:	48 8b 75 f8          	mov    rsi,QWORD PTR [rbp-0x8]
  40952d:	48 8b 45 d8          	mov    rax,QWORD PTR [rbp-0x28]
  409531:	48 89 c7             	mov    rdi,rax
  409534:	e8 8b 03 00 00       	call   4098c4 <_ZSt13__adjust_heapIN9__gnu_cxx17__normal_iteratorIPmSt6vectorImSaImEEEElmNS0_5__ops15_Iter_less_iterEEvT_T0_SA_T1_T2_>
  409539:	48 83 7d f8 00       	cmp    QWORD PTR [rbp-0x8],0x0
  40953e:	74 0a                	je     40954a <_ZSt11__make_heapIN9__gnu_cxx17__normal_iteratorIPmSt6vectorImSaImEEEENS0_5__ops15_Iter_less_iterEEvT_S9_RT0_+0xcc>
  409540:	48 83 6d f8 01       	sub    QWORD PTR [rbp-0x8],0x1
  409545:	eb 9d                	jmp    4094e4 <_ZSt11__make_heapIN9__gnu_cxx17__normal_iteratorIPmSt6vectorImSaImEEEENS0_5__ops15_Iter_less_iterEEvT_S9_RT0_+0x66>
  409547:	90                   	nop
  409548:	eb 01                	jmp    40954b <_ZSt11__make_heapIN9__gnu_cxx17__normal_iteratorIPmSt6vectorImSaImEEEENS0_5__ops15_Iter_less_iterEEvT_S9_RT0_+0xcd>
  40954a:	90                   	nop
  40954b:	c9                   	leave  
  40954c:	c3                   	ret    

000000000040954d <_ZN9__gnu_cxxltIPmSt6vectorImSaImEEEEbRKNS_17__normal_iteratorIT_T0_EESA_>:
  40954d:	55                   	push   rbp
  40954e:	48 89 e5             	mov    rbp,rsp
  409551:	53                   	push   rbx
  409552:	48 83 ec 18          	sub    rsp,0x18
  409556:	48 89 7d e8          	mov    QWORD PTR [rbp-0x18],rdi
  40955a:	48 89 75 e0          	mov    QWORD PTR [rbp-0x20],rsi
  40955e:	48 8b 45 e8          	mov    rax,QWORD PTR [rbp-0x18]
  409562:	48 89 c7             	mov    rdi,rax
  409565:	e8 8c da ff ff       	call   406ff6 <_ZNK9__gnu_cxx17__normal_iteratorIPmSt6vectorImSaImEEE4baseEv>
  40956a:	48 8b 18             	mov    rbx,QWORD PTR [rax]
  40956d:	48 8b 45 e0          	mov    rax,QWORD PTR [rbp-0x20]
  409571:	48 89 c7             	mov    rdi,rax
  409574:	e8 7d da ff ff       	call   406ff6 <_ZNK9__gnu_cxx17__normal_iteratorIPmSt6vectorImSaImEEE4baseEv>
  409579:	48 8b 00             	mov    rax,QWORD PTR [rax]
  40957c:	48 39 c3             	cmp    rbx,rax
  40957f:	0f 92 c0             	setb   al
  409582:	48 8b 5d f8          	mov    rbx,QWORD PTR [rbp-0x8]
  409586:	c9                   	leave  
  409587:	c3                   	ret    

0000000000409588 <_ZSt10__pop_heapIN9__gnu_cxx17__normal_iteratorIPmSt6vectorImSaImEEEENS0_5__ops15_Iter_less_iterEEvT_S9_S9_RT0_>:
  409588:	55                   	push   rbp
  409589:	48 89 e5             	mov    rbp,rsp
  40958c:	53                   	push   rbx
  40958d:	48 83 ec 38          	sub    rsp,0x38
  409591:	48 89 7d d8          	mov    QWORD PTR [rbp-0x28],rdi
  409595:	48 89 75 d0          	mov    QWORD PTR [rbp-0x30],rsi
  409599:	48 89 55 c8          	mov    QWORD PTR [rbp-0x38],rdx
  40959d:	48 89 4d c0          	mov    QWORD PTR [rbp-0x40],rcx
  4095a1:	48 8d 45 c8          	lea    rax,[rbp-0x38]
  4095a5:	48 89 c7             	mov    rdi,rax
  4095a8:	e8 03 c6 ff ff       	call   405bb0 <_ZNK9__gnu_cxx17__normal_iteratorIPmSt6vectorImSaImEEEdeEv>
  4095ad:	48 89 c7             	mov    rdi,rax
  4095b0:	e8 73 ca ff ff       	call   406028 <_ZSt4moveIRmEONSt16remove_referenceIT_E4typeEOS2_>
  4095b5:	48 8b 00             	mov    rax,QWORD PTR [rax]
  4095b8:	48 89 45 e8          	mov    QWORD PTR [rbp-0x18],rax
  4095bc:	48 8d 45 d8          	lea    rax,[rbp-0x28]
  4095c0:	48 89 c7             	mov    rdi,rax
  4095c3:	e8 e8 c5 ff ff       	call   405bb0 <_ZNK9__gnu_cxx17__normal_iteratorIPmSt6vectorImSaImEEEdeEv>
  4095c8:	48 89 c7             	mov    rdi,rax
  4095cb:	e8 58 ca ff ff       	call   406028 <_ZSt4moveIRmEONSt16remove_referenceIT_E4typeEOS2_>
  4095d0:	48 89 c3             	mov    rbx,rax
  4095d3:	48 8d 45 c8          	lea    rax,[rbp-0x38]
  4095d7:	48 89 c7             	mov    rdi,rax
  4095da:	e8 d1 c5 ff ff       	call   405bb0 <_ZNK9__gnu_cxx17__normal_iteratorIPmSt6vectorImSaImEEEdeEv>
  4095df:	48 8b 13             	mov    rdx,QWORD PTR [rbx]
  4095e2:	48 89 10             	mov    QWORD PTR [rax],rdx
  4095e5:	48 8d 45 e8          	lea    rax,[rbp-0x18]
  4095e9:	48 89 c7             	mov    rdi,rax
  4095ec:	e8 37 ca ff ff       	call   406028 <_ZSt4moveIRmEONSt16remove_referenceIT_E4typeEOS2_>
  4095f1:	48 8b 18             	mov    rbx,QWORD PTR [rax]
  4095f4:	48 8d 55 d8          	lea    rdx,[rbp-0x28]
  4095f8:	48 8d 45 d0          	lea    rax,[rbp-0x30]
  4095fc:	48 89 d6             	mov    rsi,rdx
  4095ff:	48 89 c7             	mov    rdi,rax
  409602:	e8 a1 cd ff ff       	call   4063a8 <_ZN9__gnu_cxxmiIPmSt6vectorImSaImEEEENS_17__normal_iteratorIT_T0_E15difference_typeERKS8_SB_>
  409607:	48 89 c2             	mov    rdx,rax
  40960a:	48 8b 45 d8          	mov    rax,QWORD PTR [rbp-0x28]
  40960e:	48 89 d9             	mov    rcx,rbx
  409611:	be 00 00 00 00       	mov    esi,0x0
  409616:	48 89 c7             	mov    rdi,rax
  409619:	e8 a6 02 00 00       	call   4098c4 <_ZSt13__adjust_heapIN9__gnu_cxx17__normal_iteratorIPmSt6vectorImSaImEEEElmNS0_5__ops15_Iter_less_iterEEvT_T0_SA_T1_T2_>
  40961e:	90                   	nop
  40961f:	48 8b 5d f8          	mov    rbx,QWORD PTR [rbp-0x8]
  409623:	c9                   	leave  
  409624:	c3                   	ret    
  409625:	90                   	nop

0000000000409626 <_ZN9__gnu_cxx17__normal_iteratorIPmSt6vectorImSaImEEEmmEv>:
  409626:	55                   	push   rbp
  409627:	48 89 e5             	mov    rbp,rsp
  40962a:	48 89 7d f8          	mov    QWORD PTR [rbp-0x8],rdi
  40962e:	48 8b 45 f8          	mov    rax,QWORD PTR [rbp-0x8]
  409632:	48 8b 00             	mov    rax,QWORD PTR [rax]
  409635:	48 8d 50 f8          	lea    rdx,[rax-0x8]
  409639:	48 8b 45 f8          	mov    rax,QWORD PTR [rbp-0x8]
  40963d:	48 89 10             	mov    QWORD PTR [rax],rdx
  409640:	48 8b 45 f8          	mov    rax,QWORD PTR [rbp-0x8]
  409644:	5d                   	pop    rbp
  409645:	c3                   	ret    

0000000000409646 <_ZSt12__miter_baseIN9__gnu_cxx17__normal_iteratorIPmSt6vectorImSaImEEEEET_S7_>:
  409646:	55                   	push   rbp
  409647:	48 89 e5             	mov    rbp,rsp
  40964a:	48 89 7d f8          	mov    QWORD PTR [rbp-0x8],rdi
  40964e:	48 8b 45 f8          	mov    rax,QWORD PTR [rbp-0x8]
  409652:	5d                   	pop    rbp
  409653:	c3                   	ret    

0000000000409654 <_ZSt22__copy_move_backward_aILb1EN9__gnu_cxx17__normal_iteratorIPmSt6vectorImSaImEEEES6_ET1_T0_S8_S7_>:
  409654:	55                   	push   rbp
  409655:	48 89 e5             	mov    rbp,rsp
  409658:	41 54                	push   r12
  40965a:	53                   	push   rbx
  40965b:	48 83 ec 20          	sub    rsp,0x20
  40965f:	48 89 7d e8          	mov    QWORD PTR [rbp-0x18],rdi
  409663:	48 89 75 e0          	mov    QWORD PTR [rbp-0x20],rsi
  409667:	48 89 55 d8          	mov    QWORD PTR [rbp-0x28],rdx
  40966b:	48 8b 45 d8          	mov    rax,QWORD PTR [rbp-0x28]
  40966f:	48 89 c7             	mov    rdi,rax
  409672:	e8 59 f4 ff ff       	call   408ad0 <_ZSt12__niter_baseIPmSt6vectorImSaImEEET_N9__gnu_cxx17__normal_iteratorIS4_T0_EE>
  409677:	49 89 c4             	mov    r12,rax
  40967a:	48 8b 45 e0          	mov    rax,QWORD PTR [rbp-0x20]
  40967e:	48 89 c7             	mov    rdi,rax
  409681:	e8 4a f4 ff ff       	call   408ad0 <_ZSt12__niter_baseIPmSt6vectorImSaImEEET_N9__gnu_cxx17__normal_iteratorIS4_T0_EE>
  409686:	48 89 c3             	mov    rbx,rax
  409689:	48 8b 45 e8          	mov    rax,QWORD PTR [rbp-0x18]
  40968d:	48 89 c7             	mov    rdi,rax
  409690:	e8 3b f4 ff ff       	call   408ad0 <_ZSt12__niter_baseIPmSt6vectorImSaImEEET_N9__gnu_cxx17__normal_iteratorIS4_T0_EE>
  409695:	4c 89 e2             	mov    rdx,r12
  409698:	48 89 de             	mov    rsi,rbx
  40969b:	48 89 c7             	mov    rdi,rax
  40969e:	e8 6d f6 ff ff       	call   408d10 <_ZSt23__copy_move_backward_a1ILb1EPmS0_ET1_T0_S2_S1_>
  4096a3:	48 89 c2             	mov    rdx,rax
  4096a6:	48 8b 45 d8          	mov    rax,QWORD PTR [rbp-0x28]
  4096aa:	48 89 d6             	mov    rsi,rdx
  4096ad:	48 89 c7             	mov    rdi,rax
  4096b0:	e8 65 f4 ff ff       	call   408b1a <_ZSt12__niter_wrapIN9__gnu_cxx17__normal_iteratorIPmSt6vectorImSaImEEEES2_ET_S7_T0_>
  4096b5:	48 83 c4 20          	add    rsp,0x20
  4096b9:	5b                   	pop    rbx
  4096ba:	41 5c                	pop    r12
  4096bc:	5d                   	pop    rbp
  4096bd:	c3                   	ret    

00000000004096be <_ZNK9__gnu_cxx5__ops14_Val_less_iterclImNS_17__normal_iteratorIPmSt6vectorImSaImEEEEEEbRT_T0_>:
  4096be:	55                   	push   rbp
  4096bf:	48 89 e5             	mov    rbp,rsp
  4096c2:	53                   	push   rbx
  4096c3:	48 83 ec 28          	sub    rsp,0x28
  4096c7:	48 89 7d e8          	mov    QWORD PTR [rbp-0x18],rdi
  4096cb:	48 89 75 e0          	mov    QWORD PTR [rbp-0x20],rsi
  4096cf:	48 89 55 d8          	mov    QWORD PTR [rbp-0x28],rdx
  4096d3:	48 8b 45 e0          	mov    rax,QWORD PTR [rbp-0x20]
  4096d7:	48 8b 18             	mov    rbx,QWORD PTR [rax]
  4096da:	48 8d 45 d8          	lea    rax,[rbp-0x28]
  4096de:	48 89 c7             	mov    rdi,rax
  4096e1:	e8 ca c4 ff ff       	call   405bb0 <_ZNK9__gnu_cxx17__normal_iteratorIPmSt6vectorImSaImEEEdeEv>
  4096e6:	48 8b 00             	mov    rax,QWORD PTR [rax]
  4096e9:	48 39 c3             	cmp    rbx,rax
  4096ec:	0f 92 c0             	setb   al
  4096ef:	48 8b 5d f8          	mov    rbx,QWORD PTR [rbp-0x8]
  4096f3:	c9                   	leave  
  4096f4:	c3                   	ret    

00000000004096f5 <_ZSt4copyIN9__gnu_cxx17__normal_iteratorIPKmSt6vectorImSaImEEEEPmET0_T_SA_S9_>:
  4096f5:	55                   	push   rbp
  4096f6:	48 89 e5             	mov    rbp,rsp
  4096f9:	53                   	push   rbx
  4096fa:	48 83 ec 28          	sub    rsp,0x28
  4096fe:	48 89 7d e8          	mov    QWORD PTR [rbp-0x18],rdi
  409702:	48 89 75 e0          	mov    QWORD PTR [rbp-0x20],rsi
  409706:	48 89 55 d8          	mov    QWORD PTR [rbp-0x28],rdx
  40970a:	48 8b 45 e0          	mov    rax,QWORD PTR [rbp-0x20]
  40970e:	48 89 c7             	mov    rdi,rax
  409711:	e8 32 e8 ff ff       	call   407f48 <_ZSt12__miter_baseIN9__gnu_cxx17__normal_iteratorIPKmSt6vectorImSaImEEEEET_S8_>
  409716:	48 89 c3             	mov    rbx,rax
  409719:	48 8b 45 e8          	mov    rax,QWORD PTR [rbp-0x18]
  40971d:	48 89 c7             	mov    rdi,rax
  409720:	e8 23 e8 ff ff       	call   407f48 <_ZSt12__miter_baseIN9__gnu_cxx17__normal_iteratorIPKmSt6vectorImSaImEEEEET_S8_>
  409725:	48 89 c1             	mov    rcx,rax
  409728:	48 8b 45 d8          	mov    rax,QWORD PTR [rbp-0x28]
  40972c:	48 89 c2             	mov    rdx,rax
  40972f:	48 89 de             	mov    rsi,rbx
  409732:	48 89 cf             	mov    rdi,rcx
  409735:	e8 7a 03 00 00       	call   409ab4 <_ZSt13__copy_move_aILb0EN9__gnu_cxx17__normal_iteratorIPKmSt6vectorImSaImEEEEPmET1_T0_SA_S9_>
  40973a:	48 8b 5d f8          	mov    rbx,QWORD PTR [rbp-0x8]
  40973e:	c9                   	leave  
  40973f:	c3                   	ret    

0000000000409740 <_ZNSt11__copy_moveILb0ELb1ESt26random_access_iterator_tagE8__copy_mImEEPT_PKS3_S6_S4_>:
  409740:	55                   	push   rbp
  409741:	48 89 e5             	mov    rbp,rsp
  409744:	48 83 ec 30          	sub    rsp,0x30
  409748:	48 89 7d e8          	mov    QWORD PTR [rbp-0x18],rdi
  40974c:	48 89 75 e0          	mov    QWORD PTR [rbp-0x20],rsi
  409750:	48 89 55 d8          	mov    QWORD PTR [rbp-0x28],rdx
  409754:	48 8b 45 e0          	mov    rax,QWORD PTR [rbp-0x20]
  409758:	48 2b 45 e8          	sub    rax,QWORD PTR [rbp-0x18]
  40975c:	48 c1 f8 03          	sar    rax,0x3
  409760:	48 89 45 f8          	mov    QWORD PTR [rbp-0x8],rax
  409764:	48 83 7d f8 00       	cmp    QWORD PTR [rbp-0x8],0x0
  409769:	74 1f                	je     40978a <_ZNSt11__copy_moveILb0ELb1ESt26random_access_iterator_tagE8__copy_mImEEPT_PKS3_S6_S4_+0x4a>
  40976b:	48 8b 45 f8          	mov    rax,QWORD PTR [rbp-0x8]
  40976f:	48 8d 14 c5 00 00 00 	lea    rdx,[rax*8+0x0]
  409776:	00 
  409777:	48 8b 4d e8          	mov    rcx,QWORD PTR [rbp-0x18]
  40977b:	48 8b 45 d8          	mov    rax,QWORD PTR [rbp-0x28]
  40977f:	48 89 ce             	mov    rsi,rcx
  409782:	48 89 c7             	mov    rdi,rax
  409785:	e8 a6 8b ff ff       	call   402330 <memmove@plt>
  40978a:	48 8b 45 f8          	mov    rax,QWORD PTR [rbp-0x8]
  40978e:	48 8d 14 c5 00 00 00 	lea    rdx,[rax*8+0x0]
  409795:	00 
  409796:	48 8b 45 d8          	mov    rax,QWORD PTR [rbp-0x28]
  40979a:	48 01 d0             	add    rax,rdx
  40979d:	c9                   	leave  
  40979e:	c3                   	ret    

000000000040979f <_ZSt19__iterator_categoryIPmENSt15iterator_traitsIT_E17iterator_categoryERKS2_>:
  40979f:	55                   	push   rbp
  4097a0:	48 89 e5             	mov    rbp,rsp
  4097a3:	48 89 7d f8          	mov    QWORD PTR [rbp-0x8],rdi
  4097a7:	90                   	nop
  4097a8:	5d                   	pop    rbp
  4097a9:	c3                   	ret    

00000000004097aa <_ZSt10__fill_n_aIPmmmET_S1_T0_RKT1_St26random_access_iterator_tag>:
  4097aa:	55                   	push   rbp
  4097ab:	48 89 e5             	mov    rbp,rsp
  4097ae:	48 83 ec 20          	sub    rsp,0x20
  4097b2:	48 89 7d f8          	mov    QWORD PTR [rbp-0x8],rdi
  4097b6:	48 89 75 f0          	mov    QWORD PTR [rbp-0x10],rsi
  4097ba:	48 89 55 e8          	mov    QWORD PTR [rbp-0x18],rdx
  4097be:	48 83 7d f0 00       	cmp    QWORD PTR [rbp-0x10],0x0
  4097c3:	75 06                	jne    4097cb <_ZSt10__fill_n_aIPmmmET_S1_T0_RKT1_St26random_access_iterator_tag+0x21>
  4097c5:	48 8b 45 f8          	mov    rax,QWORD PTR [rbp-0x8]
  4097c9:	eb 3a                	jmp    409805 <_ZSt10__fill_n_aIPmmmET_S1_T0_RKT1_St26random_access_iterator_tag+0x5b>
  4097cb:	48 8b 45 f0          	mov    rax,QWORD PTR [rbp-0x10]
  4097cf:	48 8d 14 c5 00 00 00 	lea    rdx,[rax*8+0x0]
  4097d6:	00 
  4097d7:	48 8b 45 f8          	mov    rax,QWORD PTR [rbp-0x8]
  4097db:	48 8d 0c 02          	lea    rcx,[rdx+rax*1]
  4097df:	48 8b 55 e8          	mov    rdx,QWORD PTR [rbp-0x18]
  4097e3:	48 8b 45 f8          	mov    rax,QWORD PTR [rbp-0x8]
  4097e7:	48 89 ce             	mov    rsi,rcx
  4097ea:	48 89 c7             	mov    rdi,rax
  4097ed:	e8 07 ef ff ff       	call   4086f9 <_ZSt8__fill_aIPmmEvT_S1_RKT0_>
  4097f2:	48 8b 45 f0          	mov    rax,QWORD PTR [rbp-0x10]
  4097f6:	48 8d 14 c5 00 00 00 	lea    rdx,[rax*8+0x0]
  4097fd:	00 
  4097fe:	48 8b 45 f8          	mov    rax,QWORD PTR [rbp-0x8]
  409802:	48 01 d0             	add    rax,rdx
  409805:	c9                   	leave  
  409806:	c3                   	ret    

0000000000409807 <_ZSt4copyISt13move_iteratorIPmES1_ET0_T_S4_S3_>:
  409807:	55                   	push   rbp
  409808:	48 89 e5             	mov    rbp,rsp
  40980b:	53                   	push   rbx
  40980c:	48 83 ec 28          	sub    rsp,0x28
  409810:	48 89 7d e8          	mov    QWORD PTR [rbp-0x18],rdi
  409814:	48 89 75 e0          	mov    QWORD PTR [rbp-0x20],rsi
  409818:	48 89 55 d8          	mov    QWORD PTR [rbp-0x28],rdx
  40981c:	48 8b 45 e0          	mov    rax,QWORD PTR [rbp-0x20]
  409820:	48 89 c7             	mov    rdi,rax
  409823:	e8 f6 02 00 00       	call   409b1e <_ZSt12__miter_baseIPmEDTcl12__miter_basecldtfp_4baseEEESt13move_iteratorIT_E>
  409828:	48 89 c3             	mov    rbx,rax
  40982b:	48 8b 45 e8          	mov    rax,QWORD PTR [rbp-0x18]
  40982f:	48 89 c7             	mov    rdi,rax
  409832:	e8 e7 02 00 00       	call   409b1e <_ZSt12__miter_baseIPmEDTcl12__miter_basecldtfp_4baseEEESt13move_iteratorIT_E>
  409837:	48 89 c1             	mov    rcx,rax
  40983a:	48 8b 45 d8          	mov    rax,QWORD PTR [rbp-0x28]
  40983e:	48 89 c2             	mov    rdx,rax
  409841:	48 89 de             	mov    rsi,rbx
  409844:	48 89 cf             	mov    rdi,rcx
  409847:	e8 f4 02 00 00       	call   409b40 <_ZSt13__copy_move_aILb1EPmS0_ET1_T0_S2_S1_>
  40984c:	48 8b 5d f8          	mov    rbx,QWORD PTR [rbp-0x8]
  409850:	c9                   	leave  
  409851:	c3                   	ret    

0000000000409852 <_ZNSt20__copy_move_backwardILb1ELb1ESt26random_access_iterator_tagE13__copy_move_bImEEPT_PKS3_S6_S4_>:
  409852:	55                   	push   rbp
  409853:	48 89 e5             	mov    rbp,rsp
  409856:	48 83 ec 30          	sub    rsp,0x30
  40985a:	48 89 7d e8          	mov    QWORD PTR [rbp-0x18],rdi
  40985e:	48 89 75 e0          	mov    QWORD PTR [rbp-0x20],rsi
  409862:	48 89 55 d8          	mov    QWORD PTR [rbp-0x28],rdx
  409866:	48 8b 45 e0          	mov    rax,QWORD PTR [rbp-0x20]
  40986a:	48 2b 45 e8          	sub    rax,QWORD PTR [rbp-0x18]
  40986e:	48 c1 f8 03          	sar    rax,0x3
  409872:	48 89 45 f8          	mov    QWORD PTR [rbp-0x8],rax
  409876:	48 83 7d f8 00       	cmp    QWORD PTR [rbp-0x8],0x0
  40987b:	74 30                	je     4098ad <_ZNSt20__copy_move_backwardILb1ELb1ESt26random_access_iterator_tagE13__copy_move_bImEEPT_PKS3_S6_S4_+0x5b>
  40987d:	48 8b 45 f8          	mov    rax,QWORD PTR [rbp-0x8]
  409881:	48 8d 14 c5 00 00 00 	lea    rdx,[rax*8+0x0]
  409888:	00 
  409889:	48 8b 45 f8          	mov    rax,QWORD PTR [rbp-0x8]
  40988d:	48 c1 e0 03          	shl    rax,0x3
  409891:	48 f7 d8             	neg    rax
  409894:	48 89 c1             	mov    rcx,rax
  409897:	48 8b 45 d8          	mov    rax,QWORD PTR [rbp-0x28]
  40989b:	48 01 c1             	add    rcx,rax
  40989e:	48 8b 45 e8          	mov    rax,QWORD PTR [rbp-0x18]
  4098a2:	48 89 c6             	mov    rsi,rax
  4098a5:	48 89 cf             	mov    rdi,rcx
  4098a8:	e8 83 8a ff ff       	call   402330 <memmove@plt>
  4098ad:	48 8b 45 f8          	mov    rax,QWORD PTR [rbp-0x8]
  4098b1:	48 c1 e0 03          	shl    rax,0x3
  4098b5:	48 f7 d8             	neg    rax
  4098b8:	48 89 c2             	mov    rdx,rax
  4098bb:	48 8b 45 d8          	mov    rax,QWORD PTR [rbp-0x28]
  4098bf:	48 01 d0             	add    rax,rdx
  4098c2:	c9                   	leave  
  4098c3:	c3                   	ret    

00000000004098c4 <_ZSt13__adjust_heapIN9__gnu_cxx17__normal_iteratorIPmSt6vectorImSaImEEEElmNS0_5__ops15_Iter_less_iterEEvT_T0_SA_T1_T2_>:
  4098c4:	55                   	push   rbp
  4098c5:	48 89 e5             	mov    rbp,rsp
  4098c8:	53                   	push   rbx
  4098c9:	48 83 ec 78          	sub    rsp,0x78
  4098cd:	48 89 7d a8          	mov    QWORD PTR [rbp-0x58],rdi
  4098d1:	48 89 75 a0          	mov    QWORD PTR [rbp-0x60],rsi
  4098d5:	48 89 55 98          	mov    QWORD PTR [rbp-0x68],rdx
  4098d9:	48 89 4d 90          	mov    QWORD PTR [rbp-0x70],rcx
  4098dd:	48 8b 45 a0          	mov    rax,QWORD PTR [rbp-0x60]
  4098e1:	48 89 45 e0          	mov    QWORD PTR [rbp-0x20],rax
  4098e5:	48 8b 45 a0          	mov    rax,QWORD PTR [rbp-0x60]
  4098e9:	48 89 45 e8          	mov    QWORD PTR [rbp-0x18],rax
  4098ed:	e9 b9 00 00 00       	jmp    4099ab <_ZSt13__adjust_heapIN9__gnu_cxx17__normal_iteratorIPmSt6vectorImSaImEEEElmNS0_5__ops15_Iter_less_iterEEvT_T0_SA_T1_T2_+0xe7>
  4098f2:	48 8b 45 e8          	mov    rax,QWORD PTR [rbp-0x18]
  4098f6:	48 83 c0 01          	add    rax,0x1
  4098fa:	48 01 c0             	add    rax,rax
  4098fd:	48 89 45 e8          	mov    QWORD PTR [rbp-0x18],rax
  409901:	48 8b 45 e8          	mov    rax,QWORD PTR [rbp-0x18]
  409905:	48 8d 50 ff          	lea    rdx,[rax-0x1]
  409909:	48 8d 45 a8          	lea    rax,[rbp-0x58]
  40990d:	48 89 d6             	mov    rsi,rdx
  409910:	48 89 c7             	mov    rdi,rax
  409913:	e8 d0 ca ff ff       	call   4063e8 <_ZNK9__gnu_cxx17__normal_iteratorIPmSt6vectorImSaImEEEplEl>
  409918:	48 89 c3             	mov    rbx,rax
  40991b:	48 8b 55 e8          	mov    rdx,QWORD PTR [rbp-0x18]
  40991f:	48 8d 45 a8          	lea    rax,[rbp-0x58]
  409923:	48 89 d6             	mov    rsi,rdx
  409926:	48 89 c7             	mov    rdi,rax
  409929:	e8 ba ca ff ff       	call   4063e8 <_ZNK9__gnu_cxx17__normal_iteratorIPmSt6vectorImSaImEEEplEl>
  40992e:	48 89 c1             	mov    rcx,rax
  409931:	48 8d 45 8f          	lea    rax,[rbp-0x71]
  409935:	48 89 da             	mov    rdx,rbx
  409938:	48 89 ce             	mov    rsi,rcx
  40993b:	48 89 c7             	mov    rdi,rax
  40993e:	e8 2f f8 ff ff       	call   409172 <_ZNK9__gnu_cxx5__ops15_Iter_less_iterclINS_17__normal_iteratorIPmSt6vectorImSaImEEEES8_EEbT_T0_>
  409943:	84 c0                	test   al,al
  409945:	74 05                	je     40994c <_ZSt13__adjust_heapIN9__gnu_cxx17__normal_iteratorIPmSt6vectorImSaImEEEElmNS0_5__ops15_Iter_less_iterEEvT_T0_SA_T1_T2_+0x88>
  409947:	48 83 6d e8 01       	sub    QWORD PTR [rbp-0x18],0x1
  40994c:	48 8b 55 e8          	mov    rdx,QWORD PTR [rbp-0x18]
  409950:	48 8d 45 a8          	lea    rax,[rbp-0x58]
  409954:	48 89 d6             	mov    rsi,rdx
  409957:	48 89 c7             	mov    rdi,rax
  40995a:	e8 89 ca ff ff       	call   4063e8 <_ZNK9__gnu_cxx17__normal_iteratorIPmSt6vectorImSaImEEEplEl>
  40995f:	48 89 45 c0          	mov    QWORD PTR [rbp-0x40],rax
  409963:	48 8d 45 c0          	lea    rax,[rbp-0x40]
  409967:	48 89 c7             	mov    rdi,rax
  40996a:	e8 41 c2 ff ff       	call   405bb0 <_ZNK9__gnu_cxx17__normal_iteratorIPmSt6vectorImSaImEEEdeEv>
  40996f:	48 89 c7             	mov    rdi,rax
  409972:	e8 b1 c6 ff ff       	call   406028 <_ZSt4moveIRmEONSt16remove_referenceIT_E4typeEOS2_>
  409977:	48 89 c3             	mov    rbx,rax
  40997a:	48 8b 55 a0          	mov    rdx,QWORD PTR [rbp-0x60]
  40997e:	48 8d 45 a8          	lea    rax,[rbp-0x58]
  409982:	48 89 d6             	mov    rsi,rdx
  409985:	48 89 c7             	mov    rdi,rax
  409988:	e8 5b ca ff ff       	call   4063e8 <_ZNK9__gnu_cxx17__normal_iteratorIPmSt6vectorImSaImEEEplEl>
  40998d:	48 89 45 c8          	mov    QWORD PTR [rbp-0x38],rax
  409991:	48 8d 45 c8          	lea    rax,[rbp-0x38]
  409995:	48 89 c7             	mov    rdi,rax
  409998:	e8 13 c2 ff ff       	call   405bb0 <_ZNK9__gnu_cxx17__normal_iteratorIPmSt6vectorImSaImEEEdeEv>
  40999d:	48 8b 13             	mov    rdx,QWORD PTR [rbx]
  4099a0:	48 89 10             	mov    QWORD PTR [rax],rdx
  4099a3:	48 8b 45 e8          	mov    rax,QWORD PTR [rbp-0x18]
  4099a7:	48 89 45 a0          	mov    QWORD PTR [rbp-0x60],rax
  4099ab:	48 8b 45 98          	mov    rax,QWORD PTR [rbp-0x68]
  4099af:	48 83 e8 01          	sub    rax,0x1
  4099b3:	48 89 c2             	mov    rdx,rax
  4099b6:	48 c1 ea 3f          	shr    rdx,0x3f
  4099ba:	48 01 d0             	add    rax,rdx
  4099bd:	48 d1 f8             	sar    rax,1
  4099c0:	48 39 45 e8          	cmp    QWORD PTR [rbp-0x18],rax
  4099c4:	0f 8c 28 ff ff ff    	jl     4098f2 <_ZSt13__adjust_heapIN9__gnu_cxx17__normal_iteratorIPmSt6vectorImSaImEEEElmNS0_5__ops15_Iter_less_iterEEvT_T0_SA_T1_T2_+0x2e>
  4099ca:	48 8b 45 98          	mov    rax,QWORD PTR [rbp-0x68]
  4099ce:	83 e0 01             	and    eax,0x1
  4099d1:	48 85 c0             	test   rax,rax
  4099d4:	0f 85 91 00 00 00    	jne    409a6b <_ZSt13__adjust_heapIN9__gnu_cxx17__normal_iteratorIPmSt6vectorImSaImEEEElmNS0_5__ops15_Iter_less_iterEEvT_T0_SA_T1_T2_+0x1a7>
  4099da:	48 8b 45 98          	mov    rax,QWORD PTR [rbp-0x68]
  4099de:	48 83 e8 02          	sub    rax,0x2
  4099e2:	48 89 c2             	mov    rdx,rax
  4099e5:	48 c1 ea 3f          	shr    rdx,0x3f
  4099e9:	48 01 d0             	add    rax,rdx
  4099ec:	48 d1 f8             	sar    rax,1
  4099ef:	48 39 45 e8          	cmp    QWORD PTR [rbp-0x18],rax
  4099f3:	75 76                	jne    409a6b <_ZSt13__adjust_heapIN9__gnu_cxx17__normal_iteratorIPmSt6vectorImSaImEEEElmNS0_5__ops15_Iter_less_iterEEvT_T0_SA_T1_T2_+0x1a7>
  4099f5:	48 8b 45 e8          	mov    rax,QWORD PTR [rbp-0x18]
  4099f9:	48 83 c0 01          	add    rax,0x1
  4099fd:	48 01 c0             	add    rax,rax
  409a00:	48 89 45 e8          	mov    QWORD PTR [rbp-0x18],rax
  409a04:	48 8b 45 e8          	mov    rax,QWORD PTR [rbp-0x18]
  409a08:	48 8d 50 ff          	lea    rdx,[rax-0x1]
  409a0c:	48 8d 45 a8          	lea    rax,[rbp-0x58]
  409a10:	48 89 d6             	mov    rsi,rdx
  409a13:	48 89 c7             	mov    rdi,rax
  409a16:	e8 cd c9 ff ff       	call   4063e8 <_ZNK9__gnu_cxx17__normal_iteratorIPmSt6vectorImSaImEEEplEl>
  409a1b:	48 89 45 d0          	mov    QWORD PTR [rbp-0x30],rax
  409a1f:	48 8d 45 d0          	lea    rax,[rbp-0x30]
  409a23:	48 89 c7             	mov    rdi,rax
  409a26:	e8 85 c1 ff ff       	call   405bb0 <_ZNK9__gnu_cxx17__normal_iteratorIPmSt6vectorImSaImEEEdeEv>
  409a2b:	48 89 c7             	mov    rdi,rax
  409a2e:	e8 f5 c5 ff ff       	call   406028 <_ZSt4moveIRmEONSt16remove_referenceIT_E4typeEOS2_>
  409a33:	48 89 c3             	mov    rbx,rax
  409a36:	48 8b 55 a0          	mov    rdx,QWORD PTR [rbp-0x60]
  409a3a:	48 8d 45 a8          	lea    rax,[rbp-0x58]
  409a3e:	48 89 d6             	mov    rsi,rdx
  409a41:	48 89 c7             	mov    rdi,rax
  409a44:	e8 9f c9 ff ff       	call   4063e8 <_ZNK9__gnu_cxx17__normal_iteratorIPmSt6vectorImSaImEEEplEl>
  409a49:	48 89 45 d8          	mov    QWORD PTR [rbp-0x28],rax
  409a4d:	48 8d 45 d8          	lea    rax,[rbp-0x28]
  409a51:	48 89 c7             	mov    rdi,rax
  409a54:	e8 57 c1 ff ff       	call   405bb0 <_ZNK9__gnu_cxx17__normal_iteratorIPmSt6vectorImSaImEEEdeEv>
  409a59:	48 8b 13             	mov    rdx,QWORD PTR [rbx]
  409a5c:	48 89 10             	mov    QWORD PTR [rax],rdx
  409a5f:	48 8b 45 e8          	mov    rax,QWORD PTR [rbp-0x18]
  409a63:	48 83 e8 01          	sub    rax,0x1
  409a67:	48 89 45 a0          	mov    QWORD PTR [rbp-0x60],rax
  409a6b:	48 8d 45 8f          	lea    rax,[rbp-0x71]
  409a6f:	48 89 c7             	mov    rdi,rax
  409a72:	e8 33 01 00 00       	call   409baa <_ZSt4moveIRN9__gnu_cxx5__ops15_Iter_less_iterEEONSt16remove_referenceIT_E4typeEOS5_>
  409a77:	48 8d 45 bf          	lea    rax,[rbp-0x41]
  409a7b:	48 89 c7             	mov    rdi,rax
  409a7e:	e8 3d b7 ff ff       	call   4051c0 <_ZN9__gnu_cxx5__ops14_Iter_less_valC1ENS0_15_Iter_less_iterE>
  409a83:	48 8d 45 90          	lea    rax,[rbp-0x70]
  409a87:	48 89 c7             	mov    rdi,rax
  409a8a:	e8 99 c5 ff ff       	call   406028 <_ZSt4moveIRmEONSt16remove_referenceIT_E4typeEOS2_>
  409a8f:	48 8b 08             	mov    rcx,QWORD PTR [rax]
  409a92:	48 8d 7d bf          	lea    rdi,[rbp-0x41]
  409a96:	48 8b 55 e0          	mov    rdx,QWORD PTR [rbp-0x20]
  409a9a:	48 8b 75 a0          	mov    rsi,QWORD PTR [rbp-0x60]
  409a9e:	48 8b 45 a8          	mov    rax,QWORD PTR [rbp-0x58]
  409aa2:	49 89 f8             	mov    r8,rdi
  409aa5:	48 89 c7             	mov    rdi,rax
  409aa8:	e8 0b 01 00 00       	call   409bb8 <_ZSt11__push_heapIN9__gnu_cxx17__normal_iteratorIPmSt6vectorImSaImEEEElmNS0_5__ops14_Iter_less_valEEvT_T0_SA_T1_RT2_>
  409aad:	90                   	nop
  409aae:	48 8b 5d f8          	mov    rbx,QWORD PTR [rbp-0x8]
  409ab2:	c9                   	leave  
  409ab3:	c3                   	ret    

0000000000409ab4 <_ZSt13__copy_move_aILb0EN9__gnu_cxx17__normal_iteratorIPKmSt6vectorImSaImEEEEPmET1_T0_SA_S9_>:
  409ab4:	55                   	push   rbp
  409ab5:	48 89 e5             	mov    rbp,rsp
  409ab8:	41 54                	push   r12
  409aba:	53                   	push   rbx
  409abb:	48 83 ec 20          	sub    rsp,0x20
  409abf:	48 89 7d e8          	mov    QWORD PTR [rbp-0x18],rdi
  409ac3:	48 89 75 e0          	mov    QWORD PTR [rbp-0x20],rsi
  409ac7:	48 89 55 d8          	mov    QWORD PTR [rbp-0x28],rdx
  409acb:	48 8b 45 d8          	mov    rax,QWORD PTR [rbp-0x28]
  409acf:	48 89 c7             	mov    rdi,rax
  409ad2:	e8 90 f0 ff ff       	call   408b67 <_ZSt12__niter_baseIPmET_S1_>
  409ad7:	49 89 c4             	mov    r12,rax
  409ada:	48 8b 45 e0          	mov    rax,QWORD PTR [rbp-0x20]
  409ade:	48 89 c7             	mov    rdi,rax
  409ae1:	e8 cd ef ff ff       	call   408ab3 <_ZSt12__niter_baseIPKmSt6vectorImSaImEEET_N9__gnu_cxx17__normal_iteratorIS5_T0_EE>
  409ae6:	48 89 c3             	mov    rbx,rax
  409ae9:	48 8b 45 e8          	mov    rax,QWORD PTR [rbp-0x18]
  409aed:	48 89 c7             	mov    rdi,rax
  409af0:	e8 be ef ff ff       	call   408ab3 <_ZSt12__niter_baseIPKmSt6vectorImSaImEEET_N9__gnu_cxx17__normal_iteratorIS5_T0_EE>
  409af5:	4c 89 e2             	mov    rdx,r12
  409af8:	48 89 de             	mov    rsi,rbx
  409afb:	48 89 c7             	mov    rdi,rax
  409afe:	e8 ea ef ff ff       	call   408aed <_ZSt14__copy_move_a1ILb0EPKmPmET1_T0_S4_S3_>
  409b03:	48 89 c2             	mov    rdx,rax
  409b06:	48 8d 45 d8          	lea    rax,[rbp-0x28]
  409b0a:	48 89 d6             	mov    rsi,rdx
  409b0d:	48 89 c7             	mov    rdi,rax
  409b10:	e8 8d f0 ff ff       	call   408ba2 <_ZSt12__niter_wrapIPmET_RKS1_S1_>
  409b15:	48 83 c4 20          	add    rsp,0x20
  409b19:	5b                   	pop    rbx
  409b1a:	41 5c                	pop    r12
  409b1c:	5d                   	pop    rbp
  409b1d:	c3                   	ret    

0000000000409b1e <_ZSt12__miter_baseIPmEDTcl12__miter_basecldtfp_4baseEEESt13move_iteratorIT_E>:
  409b1e:	55                   	push   rbp
  409b1f:	48 89 e5             	mov    rbp,rsp
  409b22:	48 83 ec 10          	sub    rsp,0x10
  409b26:	48 89 7d f8          	mov    QWORD PTR [rbp-0x8],rdi
  409b2a:	48 8d 45 f8          	lea    rax,[rbp-0x8]
  409b2e:	48 89 c7             	mov    rdi,rax
  409b31:	e8 bc 01 00 00       	call   409cf2 <_ZNKSt13move_iteratorIPmE4baseEv>
  409b36:	48 89 c7             	mov    rdi,rax
  409b39:	e8 a8 e4 ff ff       	call   407fe6 <_ZSt12__miter_baseIPmET_S1_>
  409b3e:	c9                   	leave  
  409b3f:	c3                   	ret    

0000000000409b40 <_ZSt13__copy_move_aILb1EPmS0_ET1_T0_S2_S1_>:
  409b40:	55                   	push   rbp
  409b41:	48 89 e5             	mov    rbp,rsp
  409b44:	41 54                	push   r12
  409b46:	53                   	push   rbx
  409b47:	48 83 ec 20          	sub    rsp,0x20
  409b4b:	48 89 7d e8          	mov    QWORD PTR [rbp-0x18],rdi
  409b4f:	48 89 75 e0          	mov    QWORD PTR [rbp-0x20],rsi
  409b53:	48 89 55 d8          	mov    QWORD PTR [rbp-0x28],rdx
  409b57:	48 8b 45 d8          	mov    rax,QWORD PTR [rbp-0x28]
  409b5b:	48 89 c7             	mov    rdi,rax
  409b5e:	e8 04 f0 ff ff       	call   408b67 <_ZSt12__niter_baseIPmET_S1_>
  409b63:	49 89 c4             	mov    r12,rax
  409b66:	48 8b 45 e0          	mov    rax,QWORD PTR [rbp-0x20]
  409b6a:	48 89 c7             	mov    rdi,rax
  409b6d:	e8 f5 ef ff ff       	call   408b67 <_ZSt12__niter_baseIPmET_S1_>
  409b72:	48 89 c3             	mov    rbx,rax
  409b75:	48 8b 45 e8          	mov    rax,QWORD PTR [rbp-0x18]
  409b79:	48 89 c7             	mov    rdi,rax
  409b7c:	e8 e6 ef ff ff       	call   408b67 <_ZSt12__niter_baseIPmET_S1_>
  409b81:	4c 89 e2             	mov    rdx,r12
  409b84:	48 89 de             	mov    rsi,rbx
  409b87:	48 89 c7             	mov    rdi,rax
  409b8a:	e8 74 01 00 00       	call   409d03 <_ZSt14__copy_move_a1ILb1EPmS0_ET1_T0_S2_S1_>
  409b8f:	48 89 c2             	mov    rdx,rax
  409b92:	48 8d 45 d8          	lea    rax,[rbp-0x28]
  409b96:	48 89 d6             	mov    rsi,rdx
  409b99:	48 89 c7             	mov    rdi,rax
  409b9c:	e8 01 f0 ff ff       	call   408ba2 <_ZSt12__niter_wrapIPmET_RKS1_S1_>
  409ba1:	48 83 c4 20          	add    rsp,0x20
  409ba5:	5b                   	pop    rbx
  409ba6:	41 5c                	pop    r12
  409ba8:	5d                   	pop    rbp
  409ba9:	c3                   	ret    

0000000000409baa <_ZSt4moveIRN9__gnu_cxx5__ops15_Iter_less_iterEEONSt16remove_referenceIT_E4typeEOS5_>:
  409baa:	55                   	push   rbp
  409bab:	48 89 e5             	mov    rbp,rsp
  409bae:	48 89 7d f8          	mov    QWORD PTR [rbp-0x8],rdi
  409bb2:	48 8b 45 f8          	mov    rax,QWORD PTR [rbp-0x8]
  409bb6:	5d                   	pop    rbp
  409bb7:	c3                   	ret    

0000000000409bb8 <_ZSt11__push_heapIN9__gnu_cxx17__normal_iteratorIPmSt6vectorImSaImEEEElmNS0_5__ops14_Iter_less_valEEvT_T0_SA_T1_RT2_>:
  409bb8:	55                   	push   rbp
  409bb9:	48 89 e5             	mov    rbp,rsp
  409bbc:	53                   	push   rbx
  409bbd:	48 83 ec 58          	sub    rsp,0x58
  409bc1:	48 89 7d c8          	mov    QWORD PTR [rbp-0x38],rdi
  409bc5:	48 89 75 c0          	mov    QWORD PTR [rbp-0x40],rsi
  409bc9:	48 89 55 b8          	mov    QWORD PTR [rbp-0x48],rdx
  409bcd:	48 89 4d b0          	mov    QWORD PTR [rbp-0x50],rcx
  409bd1:	4c 89 45 a8          	mov    QWORD PTR [rbp-0x58],r8
  409bd5:	48 8b 45 c0          	mov    rax,QWORD PTR [rbp-0x40]
  409bd9:	48 83 e8 01          	sub    rax,0x1
  409bdd:	48 89 c2             	mov    rdx,rax
  409be0:	48 c1 ea 3f          	shr    rdx,0x3f
  409be4:	48 01 d0             	add    rax,rdx
  409be7:	48 d1 f8             	sar    rax,1
  409bea:	48 89 45 e8          	mov    QWORD PTR [rbp-0x18],rax
  409bee:	eb 78                	jmp    409c68 <_ZSt11__push_heapIN9__gnu_cxx17__normal_iteratorIPmSt6vectorImSaImEEEElmNS0_5__ops14_Iter_less_valEEvT_T0_SA_T1_RT2_+0xb0>
  409bf0:	48 8b 55 e8          	mov    rdx,QWORD PTR [rbp-0x18]
  409bf4:	48 8d 45 c8          	lea    rax,[rbp-0x38]
  409bf8:	48 89 d6             	mov    rsi,rdx
  409bfb:	48 89 c7             	mov    rdi,rax
  409bfe:	e8 e5 c7 ff ff       	call   4063e8 <_ZNK9__gnu_cxx17__normal_iteratorIPmSt6vectorImSaImEEEplEl>
  409c03:	48 89 45 d0          	mov    QWORD PTR [rbp-0x30],rax
  409c07:	48 8d 45 d0          	lea    rax,[rbp-0x30]
  409c0b:	48 89 c7             	mov    rdi,rax
  409c0e:	e8 9d bf ff ff       	call   405bb0 <_ZNK9__gnu_cxx17__normal_iteratorIPmSt6vectorImSaImEEEdeEv>
  409c13:	48 89 c7             	mov    rdi,rax
  409c16:	e8 0d c4 ff ff       	call   406028 <_ZSt4moveIRmEONSt16remove_referenceIT_E4typeEOS2_>
  409c1b:	48 89 c3             	mov    rbx,rax
  409c1e:	48 8b 55 c0          	mov    rdx,QWORD PTR [rbp-0x40]
  409c22:	48 8d 45 c8          	lea    rax,[rbp-0x38]
  409c26:	48 89 d6             	mov    rsi,rdx
  409c29:	48 89 c7             	mov    rdi,rax
  409c2c:	e8 b7 c7 ff ff       	call   4063e8 <_ZNK9__gnu_cxx17__normal_iteratorIPmSt6vectorImSaImEEEplEl>
  409c31:	48 89 45 d8          	mov    QWORD PTR [rbp-0x28],rax
  409c35:	48 8d 45 d8          	lea    rax,[rbp-0x28]
  409c39:	48 89 c7             	mov    rdi,rax
  409c3c:	e8 6f bf ff ff       	call   405bb0 <_ZNK9__gnu_cxx17__normal_iteratorIPmSt6vectorImSaImEEEdeEv>
  409c41:	48 8b 13             	mov    rdx,QWORD PTR [rbx]
  409c44:	48 89 10             	mov    QWORD PTR [rax],rdx
  409c47:	48 8b 45 e8          	mov    rax,QWORD PTR [rbp-0x18]
  409c4b:	48 89 45 c0          	mov    QWORD PTR [rbp-0x40],rax
  409c4f:	48 8b 45 c0          	mov    rax,QWORD PTR [rbp-0x40]
  409c53:	48 83 e8 01          	sub    rax,0x1
  409c57:	48 89 c2             	mov    rdx,rax
  409c5a:	48 c1 ea 3f          	shr    rdx,0x3f
  409c5e:	48 01 d0             	add    rax,rdx
  409c61:	48 d1 f8             	sar    rax,1
  409c64:	48 89 45 e8          	mov    QWORD PTR [rbp-0x18],rax
  409c68:	48 8b 45 c0          	mov    rax,QWORD PTR [rbp-0x40]
  409c6c:	48 3b 45 b8          	cmp    rax,QWORD PTR [rbp-0x48]
  409c70:	7e 34                	jle    409ca6 <_ZSt11__push_heapIN9__gnu_cxx17__normal_iteratorIPmSt6vectorImSaImEEEElmNS0_5__ops14_Iter_less_valEEvT_T0_SA_T1_RT2_+0xee>
  409c72:	48 8b 55 e8          	mov    rdx,QWORD PTR [rbp-0x18]
  409c76:	48 8d 45 c8          	lea    rax,[rbp-0x38]
  409c7a:	48 89 d6             	mov    rsi,rdx
  409c7d:	48 89 c7             	mov    rdi,rax
  409c80:	e8 63 c7 ff ff       	call   4063e8 <_ZNK9__gnu_cxx17__normal_iteratorIPmSt6vectorImSaImEEEplEl>
  409c85:	48 89 c1             	mov    rcx,rax
  409c88:	48 8d 55 b0          	lea    rdx,[rbp-0x50]
  409c8c:	48 8b 45 a8          	mov    rax,QWORD PTR [rbp-0x58]
  409c90:	48 89 ce             	mov    rsi,rcx
  409c93:	48 89 c7             	mov    rdi,rax
  409c96:	e8 95 00 00 00       	call   409d30 <_ZNK9__gnu_cxx5__ops14_Iter_less_valclINS_17__normal_iteratorIPmSt6vectorImSaImEEEEmEEbT_RT0_>
  409c9b:	84 c0                	test   al,al
  409c9d:	74 07                	je     409ca6 <_ZSt11__push_heapIN9__gnu_cxx17__normal_iteratorIPmSt6vectorImSaImEEEElmNS0_5__ops14_Iter_less_valEEvT_T0_SA_T1_RT2_+0xee>
  409c9f:	b8 01 00 00 00       	mov    eax,0x1
  409ca4:	eb 05                	jmp    409cab <_ZSt11__push_heapIN9__gnu_cxx17__normal_iteratorIPmSt6vectorImSaImEEEElmNS0_5__ops14_Iter_less_valEEvT_T0_SA_T1_RT2_+0xf3>
  409ca6:	b8 00 00 00 00       	mov    eax,0x0
  409cab:	84 c0                	test   al,al
  409cad:	0f 85 3d ff ff ff    	jne    409bf0 <_ZSt11__push_heapIN9__gnu_cxx17__normal_iteratorIPmSt6vectorImSaImEEEElmNS0_5__ops14_Iter_less_valEEvT_T0_SA_T1_RT2_+0x38>
  409cb3:	48 8d 45 b0          	lea    rax,[rbp-0x50]
  409cb7:	48 89 c7             	mov    rdi,rax
  409cba:	e8 69 c3 ff ff       	call   406028 <_ZSt4moveIRmEONSt16remove_referenceIT_E4typeEOS2_>
  409cbf:	48 89 c3             	mov    rbx,rax
  409cc2:	48 8b 55 c0          	mov    rdx,QWORD PTR [rbp-0x40]
  409cc6:	48 8d 45 c8          	lea    rax,[rbp-0x38]
  409cca:	48 89 d6             	mov    rsi,rdx
  409ccd:	48 89 c7             	mov    rdi,rax
  409cd0:	e8 13 c7 ff ff       	call   4063e8 <_ZNK9__gnu_cxx17__normal_iteratorIPmSt6vectorImSaImEEEplEl>
  409cd5:	48 89 45 e0          	mov    QWORD PTR [rbp-0x20],rax
  409cd9:	48 8d 45 e0          	lea    rax,[rbp-0x20]
  409cdd:	48 89 c7             	mov    rdi,rax
  409ce0:	e8 cb be ff ff       	call   405bb0 <_ZNK9__gnu_cxx17__normal_iteratorIPmSt6vectorImSaImEEEdeEv>
  409ce5:	48 8b 13             	mov    rdx,QWORD PTR [rbx]
  409ce8:	48 89 10             	mov    QWORD PTR [rax],rdx
  409ceb:	90                   	nop
  409cec:	48 8b 5d f8          	mov    rbx,QWORD PTR [rbp-0x8]
  409cf0:	c9                   	leave  
  409cf1:	c3                   	ret    

0000000000409cf2 <_ZNKSt13move_iteratorIPmE4baseEv>:
  409cf2:	55                   	push   rbp
  409cf3:	48 89 e5             	mov    rbp,rsp
  409cf6:	48 89 7d f8          	mov    QWORD PTR [rbp-0x8],rdi
  409cfa:	48 8b 45 f8          	mov    rax,QWORD PTR [rbp-0x8]
  409cfe:	48 8b 00             	mov    rax,QWORD PTR [rax]
  409d01:	5d                   	pop    rbp
  409d02:	c3                   	ret    

0000000000409d03 <_ZSt14__copy_move_a1ILb1EPmS0_ET1_T0_S2_S1_>:
  409d03:	55                   	push   rbp
  409d04:	48 89 e5             	mov    rbp,rsp
  409d07:	48 83 ec 20          	sub    rsp,0x20
  409d0b:	48 89 7d f8          	mov    QWORD PTR [rbp-0x8],rdi
  409d0f:	48 89 75 f0          	mov    QWORD PTR [rbp-0x10],rsi
  409d13:	48 89 55 e8          	mov    QWORD PTR [rbp-0x18],rdx
  409d17:	48 8b 55 e8          	mov    rdx,QWORD PTR [rbp-0x18]
  409d1b:	48 8b 4d f0          	mov    rcx,QWORD PTR [rbp-0x10]
  409d1f:	48 8b 45 f8          	mov    rax,QWORD PTR [rbp-0x8]
  409d23:	48 89 ce             	mov    rsi,rcx
  409d26:	48 89 c7             	mov    rdi,rax
  409d29:	e8 34 00 00 00       	call   409d62 <_ZSt14__copy_move_a2ILb1EPmS0_ET1_T0_S2_S1_>
  409d2e:	c9                   	leave  
  409d2f:	c3                   	ret    

0000000000409d30 <_ZNK9__gnu_cxx5__ops14_Iter_less_valclINS_17__normal_iteratorIPmSt6vectorImSaImEEEEmEEbT_RT0_>:
  409d30:	55                   	push   rbp
  409d31:	48 89 e5             	mov    rbp,rsp
  409d34:	48 83 ec 20          	sub    rsp,0x20
  409d38:	48 89 7d f8          	mov    QWORD PTR [rbp-0x8],rdi
  409d3c:	48 89 75 f0          	mov    QWORD PTR [rbp-0x10],rsi
  409d40:	48 89 55 e8          	mov    QWORD PTR [rbp-0x18],rdx
  409d44:	48 8d 45 f0          	lea    rax,[rbp-0x10]
  409d48:	48 89 c7             	mov    rdi,rax
  409d4b:	e8 60 be ff ff       	call   405bb0 <_ZNK9__gnu_cxx17__normal_iteratorIPmSt6vectorImSaImEEEdeEv>
  409d50:	48 8b 10             	mov    rdx,QWORD PTR [rax]
  409d53:	48 8b 45 e8          	mov    rax,QWORD PTR [rbp-0x18]
  409d57:	48 8b 00             	mov    rax,QWORD PTR [rax]
  409d5a:	48 39 c2             	cmp    rdx,rax
  409d5d:	0f 92 c0             	setb   al
  409d60:	c9                   	leave  
  409d61:	c3                   	ret    

0000000000409d62 <_ZSt14__copy_move_a2ILb1EPmS0_ET1_T0_S2_S1_>:
  409d62:	55                   	push   rbp
  409d63:	48 89 e5             	mov    rbp,rsp
  409d66:	48 83 ec 20          	sub    rsp,0x20
  409d6a:	48 89 7d f8          	mov    QWORD PTR [rbp-0x8],rdi
  409d6e:	48 89 75 f0          	mov    QWORD PTR [rbp-0x10],rsi
  409d72:	48 89 55 e8          	mov    QWORD PTR [rbp-0x18],rdx
  409d76:	48 8b 55 e8          	mov    rdx,QWORD PTR [rbp-0x18]
  409d7a:	48 8b 4d f0          	mov    rcx,QWORD PTR [rbp-0x10]
  409d7e:	48 8b 45 f8          	mov    rax,QWORD PTR [rbp-0x8]
  409d82:	48 89 ce             	mov    rsi,rcx
  409d85:	48 89 c7             	mov    rdi,rax
  409d88:	e8 02 00 00 00       	call   409d8f <_ZNSt11__copy_moveILb1ELb1ESt26random_access_iterator_tagE8__copy_mImEEPT_PKS3_S6_S4_>
  409d8d:	c9                   	leave  
  409d8e:	c3                   	ret    

0000000000409d8f <_ZNSt11__copy_moveILb1ELb1ESt26random_access_iterator_tagE8__copy_mImEEPT_PKS3_S6_S4_>:
  409d8f:	55                   	push   rbp
  409d90:	48 89 e5             	mov    rbp,rsp
  409d93:	48 83 ec 30          	sub    rsp,0x30
  409d97:	48 89 7d e8          	mov    QWORD PTR [rbp-0x18],rdi
  409d9b:	48 89 75 e0          	mov    QWORD PTR [rbp-0x20],rsi
  409d9f:	48 89 55 d8          	mov    QWORD PTR [rbp-0x28],rdx
  409da3:	48 8b 45 e0          	mov    rax,QWORD PTR [rbp-0x20]
  409da7:	48 2b 45 e8          	sub    rax,QWORD PTR [rbp-0x18]
  409dab:	48 c1 f8 03          	sar    rax,0x3
  409daf:	48 89 45 f8          	mov    QWORD PTR [rbp-0x8],rax
  409db3:	48 83 7d f8 00       	cmp    QWORD PTR [rbp-0x8],0x0
  409db8:	74 1f                	je     409dd9 <_ZNSt11__copy_moveILb1ELb1ESt26random_access_iterator_tagE8__copy_mImEEPT_PKS3_S6_S4_+0x4a>
  409dba:	48 8b 45 f8          	mov    rax,QWORD PTR [rbp-0x8]
  409dbe:	48 8d 14 c5 00 00 00 	lea    rdx,[rax*8+0x0]
  409dc5:	00 
  409dc6:	48 8b 4d e8          	mov    rcx,QWORD PTR [rbp-0x18]
  409dca:	48 8b 45 d8          	mov    rax,QWORD PTR [rbp-0x28]
  409dce:	48 89 ce             	mov    rsi,rcx
  409dd1:	48 89 c7             	mov    rdi,rax
  409dd4:	e8 57 85 ff ff       	call   402330 <memmove@plt>
  409dd9:	48 8b 45 f8          	mov    rax,QWORD PTR [rbp-0x8]
  409ddd:	48 8d 14 c5 00 00 00 	lea    rdx,[rax*8+0x0]
  409de4:	00 
  409de5:	48 8b 45 d8          	mov    rax,QWORD PTR [rbp-0x28]
  409de9:	48 01 d0             	add    rax,rdx
  409dec:	c9                   	leave  
  409ded:	c3                   	ret    

Disassembly of section .fini:

0000000000409df0 <_fini>:
  409df0:	f3 0f 1e fa          	endbr64 
  409df4:	48 83 ec 08          	sub    rsp,0x8
  409df8:	48 83 c4 08          	add    rsp,0x8
  409dfc:	c3                   	ret    
