trial,reload_ticks,classified_evicted
0,95,0
1,63,0
2,61,0
3,60,0
4,65,0
5,62,0
6,63,0
7,62,0
8,61,0
9,59,0
10,60,0
11,63,0
12,62,0
13,60,0
14,61,0
15,62,0
16,62,0
17,65,0
18,60,0
19,65,0
20,61,0
21,62,0
22,59,0
23,59,0
24,62,0
25,63,0
26,61,0
27,62,0
28,63,0
29,65,0
30,62,0
31,59,0
32,62,0
33,62,0
34,61,0
35,62,0
36,63,0
37,62,0
38,63,0
39,62,0
40,62,0
41,65,0
42,60,0
43,62,0
44,63,0
45,62,0
46,61,0
47,62,0
48,61,0
49,60,0
50,64,0
51,59,0
52,60,0
53,62,0
54,61,0
55,60,0
56,63,0
57,60,0
58,62,0
59,61,0
60,60,0
61,62,0
62,61,0
63,60,0
64,64,0
65,61,0
66,62,0
67,61,0
68,59,0
69,64,0
70,60,0
71,59,0
72,62,0
73,62,0
74,63,0
75,62,0
76,63,0
77,60,0
78,62,0
79,61,0
80,62,0
81,62,0
82,63,0
83,62,0
84,60,0
85,63,0
86,65,0
87,60,0
88,62,0
89,63,0
90,62,0
91,60,0
92,62,0
93,62,0
94,59,0
95,63,0
96,60,0
97,59,0
98,63,0
99,62,0
100,62,0
101,62,0
102,61,0
103,62,0
104,63,0
105,62,0
106,60,0
107,63,0
108,62,0
109,61,0
110,62,0
111,64,0
112,61,0
113,60,0
114,62,0
115,63,0
116,62,0
117,59,0
118,62,0
119,62,0
120,62,0
121,59,0
122,60,0
123,60,0
124,63,0
125,64,0
126,63,0
127,61,0
128,62,0
129,63,0
130,62,0
131,62,0
132,63,0
133,62,0
134,63,0
135,62,0
136,63,0
137,61,0
138,62,0
139,61,0
140,60,0
141,62,0
142,61,0
143,64,0
144,62,0
145,61,0
146,62,0
147,63,0
148,63,0
149,64,0
150,63,0
151,62,0
152,62,0
153,63,0
154,60,0
155,61,0
156,60,0
157,60,0
158,59,0
159,62,0
160,61,0
161,62,0
162,61,0
163,61,0
164,64,0
165,61,0
166,62,0
167,64,0
168,63,0
169,62,0
170,63,0
171,62,0
172,65,0
173,64,0
174,60,0
175,65,0
176,64,0
177,63,0
178,62,0
179,63,0
180,60,0
181,62,0
182,61,0
183,62,0
184,60,0
185,63,0
186,64,0
187,59,0
188,62,0
189,62,0
190,61,0
191,62,0
192,62,0
193,61,0
194,62,0
195,59,0
196,59,0
197,63,0
198,63,0
199,62,0
200,61,0
201,61,0
202,60,0
203,61,0
204,63,0
205,60,0
206,65,0
207,64,0
208,63,0
209,60,0
210,60,0
211,59,0
212,62,0
213,63,0
214,65,0
215,60,0
216,61,0
217,59,0
218,60,0
219,61,0
220,62,0
221,61,0
222,61,0
223,62,0
224,61,0
225,61,0
226,62,0
227,61,0
228,62,0
229,59,0
230,60,0
231,62,0
232,59,0
233,60,0
234,59,0
235,64,0
236,63,0
237,63,0
238,63,0
239,59,0
240,62,0
241,64,0
242,61,0
243,64,0
244,60,0
245,63,0
246,60,0
247,63,0
248,63,0
249,64,0
250,65,0
251,62,0
252,63,0
253,63,0
254,62,0
255,61,0
256,60,0
257,64,0
258,63,0
259,62,0
260,61,0
261,62,0
262,64,0
263,61,0
264,60,0
265,62,0
266,63,0
267,62,0
268,63,0
269,62,0
270,64,0
271,61,0
272,62,0
273,61,0
274,64,0
275,62,0
276,61,0
277,62,0
278,62,0
279,63,0
280,61,0
281,60,0
282,63,0
283,64,0
284,59,0
285,62,0
286,62,0
287,59,0
288,62,0
289,63,0
290,62,0
291,62,0
292,61,0
293,60,0
294,63,0
295,62,0
296,62,0
297,61,0
298,62,0
299,60,0
300,62,0
301,63,0
302,62,0
303,63,0
304,61,0
305,62,0
306,65,0
307,64,0
308,61,0
309,60,0
310,62,0
311,63,0
312,62,0
313,62,0
314,59,0
315,62,0
316,62,0
317,60,0
318,65,0
319,60,0
320,63,0
321,61,0
322,62,0
323,59,0
324,62,0
325,62,0
326,59,0
327,62,0
328,63,0
329,59,0
330,62,0
331,61,0
332,62,0
333,61,0
334,63,0
335,65,0
336,62,0
337,62,0
338,63,0
339,60,0
340,61,0
341,62,0
342,63,0
343,61,0
344,62,0
345,59,0
346,62,0
347,60,0
348,61,0
349,62,0
350,60,0
351,61,0
352,63,0
353,63,0
354,61,0
355,60,0
356,62,0
357,63,0
358,62,0
359,62,0
360,61,0
361,60,0
362,62,0
363,59,0
364,63,0
365,62,0
366,59,0
367,61,0
368,62,0
369,63,0
370,60,0
371,63,0
372,63,0
373,62,0
374,62,0
375,63,0
376,64,0
377,62,0
378,61,0
379,62,0
380,63,0
381,59,0
382,62,0
383,63,0
384,60,0
385,68,0
386,63,0
387,62,0
388,59,0
389,62,0
390,63,0
391,62,0
392,63,0
393,64,0
394,60,0
395,62,0
396,63,0
397,62,0
398,63,0
399,62,0
400,62,0
401,63,0
402,62,0
403,65,0
404,60,0
405,61,0
406,60,0
407,61,0
408,62,0
409,64,0
410,59,0
411,62,0
412,61,0
413,63,0
414,62,0
415,64,0
416,62,0
417,65,0
418,62,0
419,61,0
420,62,0
421,61,0
422,62,0
423,65,0
424,64,0
425,65,0
426,60,0
427,63,0
428,64,0
429,62,0
430,59,0
431,60,0
432,63,0
433,62,0
434,62,0
435,63,0
436,62,0
437,63,0
438,62,0
439,61,0
440,62,0
441,63,0
442,63,0
443,62,0
444,63,0
445,61,0
446,62,0
447,62,0
448,59,0
449,64,0
450,61,0
451,63,0
452,62,0
453,63,0
454,62,0
455,60,0
456,63,0
457,60,0
458,61,0
459,62,0
460,62,0
461,61,0
462,62,0
463,65,0
464,62,0
465,62,0
466,60,0
467,61,0
468,62,0
469,65,0
470,64,0
471,61,0
472,60,0
473,62,0
474,61,0
475,60,0
476,62,0
477,63,0
478,62,0
479,64,0
480,59,0
481,60,0
482,62,0
483,61,0
484,62,0
485,60,0
486,61,0
487,60,0
488,62,0
489,63,0
490,62,0
491,62,0
492,64,0
493,64,0
494,63,0
495,62,0
496,62,0
497,61,0
498,62,0
499,62,0
500,62,0
501,64,0
502,59,0
503,62,0
504,63,0
505,61,0
506,62,0
507,59,0
508,60,0
509,62,0
510,63,0
511,62,0
512,65,0
513,63,0
514,62,0
515,61,0
516,64,0
517,65,0
518,60,0
519,62,0
520,63,0
521,62,0
522,65,0
523,61,0
524,64,0
525,61,0
526,62,0
527,62,0
528,63,0
529,60,0
530,61,0
531,62,0
532,60,0
533,63,0
534,62,0
535,64,0
536,61,0
537,62,0
538,63,0
539,59,0
540,60,0
541,61,0
542,62,0
543,62,0
544,63,0
545,64,0
546,63,0
547,63,0
548,60,0
549,61,0
550,60,0
551,63,0
552,63,0
553,60,0
554,62,0
555,61,0
556,60,0
557,62,0
558,61,0
559,65,0
560,62,0
561,61,0
562,63,0
563,64,0
564,62,0
565,63,0
566,61,0
567,62,0
568,59,0
569,65,0
570,62,0
571,64,0
572,59,0
573,63,0
574,62,0
575,61,0
576,64,0
577,62,0
578,63,0
579,62,0
580,60,0
581,59,0
582,59,0
583,62,0
584,62,0
585,59,0
586,62,0
587,62,0
588,61,0
589,59,0
590,62,0
591,60,0
592,61,0
593,61,0
594,60,0
595,63,0
596,61,0
597,62,0
598,64,0
599,61,0
600,62,0
601,62,0
602,63,0
603,61,0
604,62,0
605,62,0
606,61,0
607,61,0
608,62,0
609,62,0
610,61,0
611,64,0
612,62,0
613,63,0
614,59,0
615,62,0
616,63,0
617,63,0
618,62,0
619,62,0
620,59,0
621,61,0
622,62,0
623,62,0
624,64,0
625,61,0
626,59,0
627,62,0
628,63,0
629,59,0
630,61,0
631,59,0
632,62,0
633,61,0
634,60,0
635,62,0
636,61,0
637,64,0
638,60,0
639,61,0
640,62,0
641,64,0
642,62,0
643,60,0
644,63,0
645,64,0
646,64,0
647,61,0
648,62,0
649,62,0
650,63,0
651,62,0
652,65,0
653,63,0
654,62,0
655,63,0
656,61,0
657,62,0
658,60,0
659,62,0
660,62,0
661,61,0
662,62,0
663,63,0
664,61,0
665,62,0
666,64,0
667,62,0
668,62,0
669,63,0
670,62,0
671,60,0
672,63,0
673,63,0
674,62,0
675,63,0
676,62,0
677,61,0
678,61,0
679,64,0
680,59,0
681,62,0
682,62,0
683,63,0
684,62,0
685,63,0
686,61,0
687,62,0
688,59,0
689,62,0
690,60,0
691,61,0
692,62,0
693,62,0
694,61,0
695,62,0
696,63,0
697,61,0
698,64,0
699,64,0
700,61,0
701,61,0
702,62,0
703,61,0
704,61,0
705,59,0
706,63,0
707,62,0
708,59,0
709,63,0
710,62,0
711,63,0
712,62,0
713,62,0
714,61,0
715,61,0
716,62,0
717,61,0
718,62,0
719,63,0
720,63,0
721,62,0
722,59,0
723,61,0
724,62,0
725,63,0
726,63,0
727,62,0
728,63,0
729,62,0
730,62,0
731,61,0
732,64,0
733,60,0
734,65,0
735,63,0
736,62,0
737,61,0
738,62,0
739,62,0
740,59,0
741,62,0
742,62,0
743,63,0
744,62,0
745,62,0
746,59,0
747,60,0
748,62,0
749,61,0
750,64,0
751,63,0
752,62,0
753,62,0
754,61,0
755,62,0
756,62,0
757,63,0
758,65,0
759,62,0
760,62,0
761,65,0
762,62,0
763,60,0
764,63,0
765,61,0
766,62,0
767,62,0
768,63,0
769,62,0
770,61,0
771,62,0
772,59,0
773,63,0
774,62,0
775,60,0
776,61,0
777,60,0
778,62,0
779,65,0
780,60,0
781,62,0
782,61,0
783,61,0
784,62,0
785,62,0
786,63,0
787,64,0
788,59,0
789,61,0
790,60,0
791,60,0
792,63,0
793,60,0
794,63,0
795,64,0
796,62,0
797,65,0
798,62,0
799,63,0
800,62,0
801,63,0
802,60,0
803,65,0
804,60,0
805,63,0
806,60,0
807,62,0
808,63,0
809,62,0
810,63,0
811,64,0
812,61,0
813,62,0
814,60,0
815,62,0
816,60,0
817,65,0
818,64,0
819,63,0
820,62,0
821,62,0
822,62,0
823,60,0
824,59,0
825,62,0
826,62,0
827,61,0
828,64,0
829,62,0
830,61,0
831,62,0
832,60,0
833,61,0
834,60,0
835,62,0
836,65,0
837,62,0
838,61,0
839,62,0
840,62,0
841,63,0
842,63,0
843,63,0
844,63,0
845,60,0
846,61,0
847,61,0
848,60,0
849,61,0
850,61,0
851,62,0
852,63,0
853,60,0
854,62,0
855,63,0
856,62,0
857,64,0
858,61,0
859,63,0
860,63,0
861,60,0
862,61,0
863,63,0
864,60,0
865,61,0
866,62,0
867,60,0
868,61,0
869,62,0
870,62,0
871,65,0
872,62,0
873,62,0
874,61,0
875,64,0
876,62,0
877,59,0
878,60,0
879,64,0
880,61,0
881,60,0
882,62,0
883,62,0
884,60,0
885,61,0
886,59,0
887,62,0
888,63,0
889,60,0
890,62,0
891,61,0
892,61,0
893,62,0
894,63,0
895,61,0
896,62,0
897,61,0
898,62,0
899,62,0
900,63,0
901,63,0
902,63,0
903,62,0
904,61,0
905,63,0
906,64,0
907,61,0
908,60,0
909,63,0
910,65,0
911,62,0
912,63,0
913,62,0
914,60,0
915,61,0
916,62,0
917,60,0
918,63,0
919,93,0
920,59,0
921,62,0
922,61,0
923,62,0
924,61,0
925,62,0
926,63,0
927,62,0
928,62,0
929,61,0
930,62,0
931,63,0
932,60,0
933,63,0
934,63,0
935,64,0
936,63,0
937,64,0
938,61,0
939,62,0
940,62,0
941,65,0
942,61,0
943,59,0
944,60,0
945,61,0
946,62,0
947,62,0
948,63,0
949,64,0
950,63,0
951,64,0
952,63,0
953,60,0
954,62,0
955,63,0
956,62,0
957,60,0
958,61,0
959,63,0
960,62,0
961,59,0
962,60,0
963,61,0
964,59,0
965,60,0
966,59,0
967,62,0
968,62,0
969,63,0
970,63,0
971,62,0
972,59,0
973,60,0
974,62,0
975,61,0
976,62,0
977,62,0
978,62,0
979,62,0
980,61,0
981,60,0
982,61,0
983,63,0
984,62,0
985,61,0
986,61,0
987,60,0
988,63,0
989,62,0
990,63,0
991,62,0
992,62,0
993,63,0
994,60,0
995,61,0
996,62,0
997,63,0
998,62,0
999,63,0
1000,64,0
1001,60,0
1002,64,0
1003,61,0
1004,60,0
1005,59,0
1006,62,0
1007,63,0
1008,59,0
1009,62,0
1010,60,0
1011,62,0
1012,61,0
1013,60,0
1014,63,0
1015,62,0
1016,59,0
1017,60,0
1018,62,0
1019,59,0
1020,62,0
1021,61,0
1022,64,0
1023,63,0
1024,65,0
1025,62,0
1026,61,0
1027,62,0
1028,65,0
1029,62,0
1030,63,0
1031,60,0
1032,62,0
1033,61,0
1034,60,0
1035,63,0
1036,65,0
1037,60,0
1038,63,0
1039,60,0
1040,63,0
1041,64,0
1042,59,0
1043,62,0
1044,62,0
1045,59,0
1046,60,0
1047,61,0
1048,60,0
1049,59,0
1050,62,0
1051,59,0
1052,64,0
1053,61,0
1054,64,0
1055,60,0
1056,64,0
1057,62,0
1058,59,0
1059,62,0
1060,61,0
1061,62,0
1062,61,0
1063,64,0
1064,62,0
1065,61,0
1066,61,0
1067,60,0
1068,63,0
1069,62,0
1070,61,0
1071,61,0
1072,62,0
1073,63,0
1074,62,0
1075,63,0
1076,63,0
1077,62,0
1078,62,0
1079,64,0
1080,61,0
1081,62,0
1082,61,0
1083,60,0
1084,63,0
1085,60,0
1086,62,0
1087,59,0
1088,62,0
1089,61,0
1090,62,0
1091,63,0
1092,60,0
1093,65,0
1094,61,0
1095,64,0
1096,61,0
1097,60,0
1098,61,0
1099,60,0
1100,65,0
1101,60,0
1102,63,0
1103,62,0
1104,63,0
1105,62,0
1106,63,0
1107,62,0
1108,62,0
1109,65,0
1110,60,0
1111,62,0
1112,62,0
1113,60,0
1114,61,0
1115,62,0
1116,63,0
1117,63,0
1118,62,0
1119,63,0
1120,62,0
1121,65,0
1122,62,0
1123,60,0
1124,61,0
1125,60,0
1126,63,0
1127,60,0
1128,62,0
1129,61,0
1130,62,0
1131,59,0
1132,60,0
1133,59,0
1134,62,0
1135,61,0
1136,62,0
1137,62,0
1138,62,0
1139,61,0
1140,62,0
1141,62,0
1142,63,0
1143,62,0
1144,65,0
1145,60,0
1146,63,0
1147,60,0
1148,63,0
1149,62,0
1150,61,0
1151,62,0
1152,60,0
1153,59,0
1154,62,0
1155,60,0
1156,61,0
1157,60,0
1158,63,0
1159,62,0
1160,63,0
1161,62,0
1162,62,0
1163,62,0
1164,62,0
1165,61,0
1166,60,0
1167,65,0
1168,62,0
1169,59,0
1170,59,0
1171,62,0
1172,62,0
1173,62,0
1174,61,0
1175,60,0
1176,59,0
1177,62,0
1178,63,0
1179,63,0
1180,62,0
1181,61,0
1182,64,0
1183,61,0
1184,62,0
1185,62,0
1186,61,0
1187,64,0
1188,62,0
1189,59,0
1190,64,0
1191,62,0
1192,63,0
1193,62,0
1194,61,0
1195,60,0
1196,63,0
1197,60,0
1198,61,0
1199,62,0
1200,61,0
1201,62,0
1202,62,0
1203,61,0
1204,62,0
1205,61,0
1206,62,0
1207,61,0
1208,62,0
1209,62,0
1210,62,0
1211,61,0
1212,61,0
1213,62,0
1214,61,0
1215,62,0
1216,61,0
1217,64,0
1218,64,0
1219,59,0
1220,62,0
1221,63,0
1222,64,0
1223,64,0
1224,61,0
1225,62,0
1226,63,0
1227,61,0
1228,62,0
1229,62,0
1230,59,0
1231,62,0
1232,60,0
1233,61,0
1234,62,0
1235,64,0
1236,61,0
1237,62,0
1238,60,0
1239,60,0
1240,63,0
1241,61,0
1242,60,0
1243,63,0
1244,60,0
1245,62,0
1246,63,0
1247,60,0
1248,63,0
1249,62,0
1250,61,0
1251,62,0
1252,64,0
1253,61,0
1254,62,0
1255,61,0
1256,60,0
1257,64,0
1258,65,0
1259,60,0
1260,63,0
1261,60,0
1262,63,0
1263,60,0
1264,60,0
1265,59,0
1266,60,0
1267,63,0
1268,60,0
1269,60,0
1270,59,0
1271,60,0
1272,61,0
1273,62,0
1274,59,0
1275,62,0
1276,61,0
1277,62,0
1278,64,0
1279,63,0
1280,60,0
1281,61,0
1282,64,0
1283,61,0
1284,61,0
1285,61,0
1286,60,0
1287,64,0
1288,63,0
1289,64,0
1290,63,0
1291,62,0
1292,62,0
1293,63,0
1294,60,0
1295,59,0
1296,60,0
1297,61,0
1298,62,0
1299,63,0
1300,64,0
1301,62,0
1302,63,0
1303,62,0
1304,65,0
1305,64,0
1306,59,0
1307,62,0
1308,63,0
1309,61,0
1310,59,0
1311,60,0
1312,64,0
1313,59,0
1314,64,0
1315,65,0
1316,62,0
1317,63,0
1318,62,0
1319,59,0
1320,60,0
1321,63,0
1322,60,0
1323,65,0
1324,60,0
1325,62,0
1326,65,0
1327,64,0
1328,63,0
1329,62,0
1330,63,0
1331,61,0
1332,62,0
1333,62,0
1334,62,0
1335,63,0
1336,63,0
1337,62,0
1338,60,0
1339,61,0
1340,62,0
1341,61,0
1342,60,0
1343,63,0
1344,60,0
1345,64,0
1346,61,0
1347,60,0
1348,65,0
1349,62,0
1350,60,0
1351,63,0
1352,62,0
1353,63,0
1354,60,0
1355,59,0
1356,62,0
1357,59,0
1358,60,0
1359,62,0
1360,63,0
1361,62,0
1362,61,0
1363,62,0
1364,62,0
1365,59,0
1366,60,0
1367,65,0
1368,62,0
1369,63,0
1370,62,0
1371,63,0
1372,60,0
1373,63,0
1374,60,0
1375,59,0
1376,60,0
1377,62,0
1378,63,0
1379,62,0
1380,59,0
1381,62,0
1382,63,0
1383,62,0
1384,61,0
1385,62,0
1386,60,0
1387,61,0
1388,62,0
1389,61,0
1390,59,0
1391,62,0
1392,61,0
1393,64,0
1394,62,0
1395,61,0
1396,62,0
1397,63,0
1398,62,0
1399,63,0
1400,62,0
1401,60,0
1402,59,0
1403,62,0
1404,63,0
1405,62,0
1406,61,0
1407,59,0
1408,64,0
1409,63,0
1410,63,0
1411,60,0
1412,63,0
1413,62,0
1414,59,0
1415,62,0
1416,61,0
1417,60,0
1418,63,0
1419,60,0
1420,61,0
1421,62,0
1422,62,0
1423,59,0
1424,62,0
1425,61,0
1426,64,0
1427,61,0
1428,62,0
1429,63,0
1430,62,0
1431,62,0
1432,59,0
1433,64,0
1434,61,0
1435,62,0
1436,60,0
1437,59,0
1438,62,0
1439,63,0
1440,62,0
1441,61,0
1442,60,0
1443,60,0
1444,61,0
1445,62,0
1446,63,0
1447,62,0
1448,61,0
1449,60,0
1450,61,0
1451,64,0
1452,62,0
1453,61,0
1454,62,0
1455,61,0
1456,60,0
1457,61,0
1458,60,0
1459,59,0
1460,62,0
1461,63,0
1462,62,0
1463,62,0
1464,62,0
1465,61,0
1466,60,0
1467,61,0
1468,60,0
1469,62,0
1470,61,0
1471,62,0
1472,61,0
1473,62,0
1474,61,0
1475,62,0
1476,63,0
1477,62,0
1478,63,0
1479,60,0
1480,63,0
1481,62,0
1482,63,0
1483,60,0
1484,61,0
1485,60,0
1486,61,0
1487,60,0
1488,61,0
1489,60,0
1490,63,0
1491,60,0
1492,59,0
1493,61,0
1494,64,0
1495,63,0
1496,62,0
1497,60,0
1498,65,0
1499,62,0
1500,59,0
1501,61,0
1502,62,0
1503,63,0
1504,62,0
1505,59,0
1506,60,0
1507,62,0
1508,61,0
1509,60,0
1510,63,0
1511,62,0
1512,61,0
1513,60,0
1514,61,0
1515,62,0
1516,63,0
1517,62,0
1518,59,0
1519,62,0
1520,60,0
1521,59,0
1522,60,0
1523,65,0
1524,62,0
1525,63,0
1526,62,0
1527,61,0
1528,64,0
1529,63,0
1530,62,0
1531,63,0
1532,60,0
1533,61,0
1534,64,0
1535,61,0
1536,59,0
1537,60,0
1538,63,0
1539,62,0
1540,61,0
1541,62,0
1542,61,0
1543,60,0
1544,64,0
1545,62,0
1546,60,0
1547,61,0
1548,64,0
1549,63,0
1550,62,0
1551,63,0
1552,62,0
1553,63,0
1554,62,0
1555,61,0
1556,62,0
1557,59,0
1558,62,0
1559,63,0
1560,64,0
1561,62,0
1562,61,0
1563,60,0
1564,63,0
1565,64,0
1566,62,0
1567,59,0
1568,60,0
1569,64,0
1570,63,0
1571,62,0
1572,63,0
1573,62,0
1574,60,0
1575,63,0
1576,60,0
1577,61,0
1578,62,0
1579,61,0
1580,62,0
1581,60,0
1582,61,0
1583,62,0
1584,62,0
1585,59,0
1586,62,0
1587,61,0
1588,62,0
1589,63,0
1590,65,0
1591,62,0
1592,59,0
1593,60,0
1594,63,0
1595,60,0
1596,63,0
1597,63,0
1598,62,0
1599,63,0
1600,60,0
1601,60,0
1602,63,0
1603,62,0
1604,63,0
1605,62,0
1606,61,0
1607,62,0
1608,63,0
1609,62,0
1610,63,0
1611,61,0
1612,64,0
1613,59,0
1614,62,0
1615,63,0
1616,62,0
1617,63,0
1618,62,0
1619,61,0
1620,60,0
1621,59,0
1622,64,0
1623,63,0
1624,64,0
1625,61,0
1626,62,0
1627,61,0
1628,60,0
1629,59,0
1630,60,0
1631,63,0
1632,62,0
1633,61,0
1634,60,0
1635,61,0
1636,62,0
1637,65,0
1638,60,0
1639,61,0
1640,62,0
1641,60,0
1642,61,0
1643,62,0
1644,59,0
1645,62,0
1646,59,0
1647,62,0
1648,63,0
1649,62,0
1650,60,0
1651,63,0
1652,60,0
1653,61,0
1654,60,0
1655,61,0
1656,62,0
1657,59,0
1658,60,0
1659,61,0
1660,64,0
1661,62,0
1662,61,0
1663,60,0
1664,59,0
1665,62,0
1666,63,0
1667,60,0
1668,62,0
1669,59,0
1670,62,0
1671,63,0
1672,62,0
1673,61,0
1674,62,0
1675,59,0
1676,60,0
1677,63,0
1678,76,0
1679,72,0
1680,67,0
1681,63,0
1682,64,0
1683,63,0
1684,66,0
1685,73,0
1686,71,0
1687,66,0
1688,69,0
1689,69,0
1690,68,0
1691,64,0
1692,67,0
1693,69,0
1694,68,0
1695,65,0
1696,68,0
1697,81,0
1698,63,0
1699,63,0
1700,64,0
1701,63,0
1702,60,0
1703,61,0
1704,62,0
1705,59,0
1706,61,0
1707,61,0
1708,63,0
1709,69,0
1710,75,0
1711,60,0
1712,71,0
1713,70,0
1714,66,0
1715,61,0
1716,63,0
1717,70,0
1718,63,0
1719,74,0
1720,67,0
1721,66,0
1722,68,0
1723,66,0
1724,467,1
1725,66,0
1726,62,0
1727,62,0
1728,62,0
1729,62,0
1730,63,0
1731,63,0
1732,59,0
1733,61,0
1734,65,0
1735,62,0
1736,62,0
1737,62,0
1738,60,0
1739,62,0
1740,62,0
1741,62,0
1742,62,0
1743,60,0
1744,63,0
1745,59,0
1746,68,0
1747,59,0
1748,63,0
1749,62,0
1750,64,0
1751,61,0
1752,61,0
1753,62,0
1754,62,0
1755,61,0
1756,63,0
1757,62,0
1758,64,0
1759,61,0
1760,61,0
1761,60,0
1762,62,0
1763,59,0
1764,61,0
1765,62,0
1766,62,0
1767,63,0
1768,63,0
1769,62,0
1770,62,0
1771,63,0
1772,63,0
1773,65,0
1774,64,0
1775,60,0
1776,61,0
1777,65,0
1778,63,0
1779,60,0
1780,62,0
1781,62,0
1782,63,0
1783,61,0
1784,60,0
1785,60,0
1786,62,0
1787,61,0
1788,63,0
1789,60,0
1790,64,0
1791,60,0
1792,65,0
1793,63,0
1794,62,0
1795,62,0
1796,59,0
1797,63,0
1798,62,0
1799,62,0
1800,65,0
1801,61,0
1802,62,0
1803,60,0
1804,61,0
1805,65,0
1806,62,0
1807,62,0
1808,61,0
1809,63,0
1810,64,0
1811,62,0
1812,63,0
1813,59,0
1814,60,0
1815,60,0
1816,62,0
1817,61,0
1818,65,0
1819,62,0
1820,64,0
1821,61,0
1822,61,0
1823,63,0
1824,62,0
1825,60,0
1826,63,0
1827,61,0
1828,63,0
1829,60,0
1830,62,0
1831,62,0
1832,63,0
1833,63,0
1834,62,0
1835,60,0
1836,61,0
1837,61,0
1838,62,0
1839,60,0
1840,60,0
1841,65,0
1842,63,0
1843,60,0
1844,62,0
1845,61,0
1846,59,0
1847,62,0
1848,62,0
1849,60,0
1850,63,0
1851,63,0
1852,62,0
1853,61,0
1854,65,0
1855,62,0
1856,62,0
1857,61,0
1858,63,0
1859,62,0
1860,62,0
1861,62,0
1862,61,0
1863,63,0
1864,62,0
1865,60,0
1866,63,0
1867,61,0
1868,61,0
1869,60,0
1870,64,0
1871,63,0
1872,61,0
1873,63,0
1874,62,0
1875,62,0
1876,60,0
1877,59,0
1878,61,0
1879,62,0
1880,60,0
1881,62,0
1882,63,0
1883,61,0
1884,62,0
1885,62,0
1886,62,0
1887,63,0
1888,59,0
1889,60,0
1890,62,0
1891,63,0
1892,63,0
1893,62,0
1894,62,0
1895,63,0
1896,61,0
1897,64,0
1898,64,0
1899,63,0
1900,63,0
1901,62,0
1902,62,0
1903,59,0
1904,61,0
1905,62,0
1906,64,0
1907,61,0
1908,61,0
1909,60,0
1910,60,0
1911,64,0
1912,59,0
1913,59,0
1914,64,0
1915,62,0
1916,63,0
1917,63,0
1918,61,0
1919,60,0
1920,62,0
1921,61,0
1922,63,0
1923,63,0
1924,62,0
1925,60,0
1926,62,0
1927,59,0
1928,61,0
1929,64,0
1930,62,0
1931,63,0
1932,63,0
1933,60,0
1934,62,0
1935,60,0
1936,59,0
1937,63,0
1938,62,0
1939,105,0
1940,61,0
1941,60,0
1942,59,0
1943,62,0
1944,61,0
1945,62,0
1946,61,0
1947,62,0
1948,63,0
1949,62,0
1950,63,0
1951,62,0
1952,63,0
1953,60,0
1954,61,0
1955,60,0
1956,61,0
1957,60,0
1958,63,0
1959,64,0
1960,63,0
1961,62,0
1962,59,0
1963,62,0
1964,63,0
1965,63,0
1966,62,0
1967,61,0
1968,60,0
1969,61,0
1970,61,0
1971,62,0
1972,61,0
1973,62,0
1974,60,0
1975,61,0
1976,62,0
1977,61,0
1978,60,0
1979,63,0
1980,60,0
1981,60,0
1982,63,0
1983,62,0
1984,63,0
1985,61,0
1986,62,0
1987,63,0
1988,62,0
1989,62,0
1990,65,0
1991,61,0
1992,59,0
1993,62,0
1994,61,0
1995,60,0
1996,60,0
1997,63,0
1998,62,0
1999,63,0
2000,62,0
2001,64,0
2002,61,0
2003,60,0
2004,61,0
2005,62,0
2006,63,0
2007,61,0
2008,60,0
2009,61,0
2010,62,0
2011,65,0
2012,62,0
2013,65,0
2014,62,0
2015,63,0
2016,62,0
2017,63,0
2018,60,0
2019,62,0
2020,63,0
2021,60,0
2022,61,0
2023,62,0
2024,61,0
2025,62,0
2026,62,0
2027,61,0
2028,60,0
2029,59,0
2030,60,0
2031,60,0
2032,63,0
2033,60,0
2034,61,0
2035,63,0
2036,63,0
2037,62,0
2038,59,0
2039,60,0
2040,63,0
2041,62,0
2042,63,0
2043,62,0
2044,63,0
2045,62,0
2046,62,0
2047,63,0
2048,62,0
2049,61,0
2050,64,0
2051,59,0
2052,62,0
2053,63,0
2054,64,0
2055,61,0
2056,62,0
2057,61,0
2058,60,0
2059,62,0
2060,61,0
2061,60,0
2062,61,0
2063,62,0
2064,59,0
2065,64,0
2066,62,0
2067,59,0
2068,62,0
2069,63,0
2070,64,0
2071,63,0
2072,62,0
2073,61,0
2074,60,0
2075,63,0
2076,62,0
2077,63,0
2078,62,0
2079,62,0
2080,62,0
2081,64,0
2082,63,0
2083,62,0
2084,61,0
2085,60,0
2086,61,0
2087,62,0
2088,61,0
2089,62,0
2090,62,0
2091,61,0
2092,60,0
2093,60,0
2094,61,0
2095,62,0
2096,61,0
2097,62,0
2098,62,0
2099,61,0
2100,62,0
2101,61,0
2102,60,0
2103,61,0
2104,64,0
2105,65,0
2106,62,0
2107,63,0
2108,60,0
2109,61,0
2110,62,0
2111,62,0
2112,63,0
2113,64,0
2114,59,0
2115,60,0
2116,61,0
2117,62,0
2118,60,0
2119,61,0
2120,62,0
2121,65,0
2122,62,0
2123,63,0
2124,62,0
2125,65,0
2126,61,0
2127,65,0
2128,60,0
2129,60,0
2130,61,0
2131,62,0
2132,63,0
2133,62,0
2134,62,0
2135,65,0
2136,62,0
2137,61,0
2138,61,0
2139,62,0
2140,65,0
2141,60,0
2142,63,0
2143,64,0
2144,61,0
2145,65,0
2146,62,0
2147,63,0
2148,62,0
2149,62,0
2150,61,0
2151,61,0
2152,61,0
2153,62,0
2154,61,0
2155,62,0
2156,63,0
2157,62,0
2158,61,0
2159,62,0
2160,63,0
2161,62,0
2162,62,0
2163,63,0
2164,62,0
2165,62,0
2166,63,0
2167,62,0
2168,61,0
2169,62,0
2170,62,0
2171,59,0
2172,62,0
2173,61,0
2174,62,0
2175,62,0
2176,62,0
2177,63,0
2178,63,0
2179,62,0
2180,61,0
2181,62,0
2182,62,0
2183,63,0
2184,62,0
2185,63,0
2186,62,0
2187,61,0
2188,61,0
2189,62,0
2190,65,0
2191,62,0
2192,61,0
2193,61,0
2194,62,0
2195,62,0
2196,60,0
2197,61,0
2198,62,0
2199,62,0
2200,63,0
2201,59,0
2202,62,0
2203,61,0
2204,62,0
2205,63,0
2206,63,0
2207,64,0
2208,61,0
2209,60,0
2210,61,0
2211,64,0
2212,63,0
2213,61,0
2214,62,0
2215,63,0
2216,60,0
2217,61,0
2218,59,0
2219,62,0
2220,63,0
2221,62,0
2222,62,0
2223,64,0
2224,59,0
2225,62,0
2226,64,0
2227,59,0
2228,60,0
2229,65,0
2230,62,0
2231,61,0
2232,62,0
2233,61,0
2234,62,0
2235,60,0
2236,64,0
2237,59,0
2238,62,0
2239,61,0
2240,61,0
2241,60,0
2242,59,0
2243,62,0
2244,61,0
2245,62,0
2246,63,0
2247,62,0
2248,60,0
2249,59,0
2250,62,0
2251,63,0
2252,62,0
2253,62,0
2254,61,0
2255,60,0
2256,62,0
2257,61,0
2258,60,0
2259,62,0
2260,63,0
2261,62,0
2262,65,0
2263,61,0
2264,62,0
2265,61,0
2266,62,0
2267,65,0
2268,60,0
2269,63,0
2270,62,0
2271,59,0
2272,60,0
2273,62,0
2274,61,0
2275,62,0
2276,63,0
2277,62,0
2278,61,0
2279,62,0
2280,62,0
2281,60,0
2282,62,0
2283,59,0
2284,62,0
2285,60,0
2286,60,0
2287,61,0
2288,62,0
2289,63,0
2290,62,0
2291,62,0
2292,60,0
2293,61,0
2294,62,0
2295,60,0
2296,61,0
2297,60,0
2298,61,0
2299,60,0
2300,61,0
2301,62,0
2302,62,0
2303,59,0
2304,62,0
2305,63,0
2306,62,0
2307,62,0
2308,61,0
2309,62,0
2310,61,0
2311,60,0
2312,64,0
2313,61,0
2314,62,0
2315,63,0
2316,62,0
2317,64,0
2318,65,0
2319,60,0
2320,61,0
2321,62,0
2322,62,0
2323,59,0
2324,60,0
2325,63,0
2326,62,0
2327,64,0
2328,61,0
2329,60,0
2330,63,0
2331,62,0
2332,61,0
2333,62,0
2334,59,0
2335,60,0
2336,63,0
2337,64,0
2338,63,0
2339,62,0
2340,62,0
2341,64,0
2342,61,0
2343,64,0
2344,62,0
2345,63,0
2346,62,0
2347,61,0
2348,63,0
2349,62,0
2350,62,0
2351,63,0
2352,64,0
2353,61,0
2354,62,0
2355,60,0
2356,63,0
2357,62,0
2358,61,0
2359,62,0
2360,62,0
2361,65,0
2362,64,0
2363,62,0
2364,60,0
2365,61,0
2366,62,0
2367,61,0
2368,62,0
2369,63,0
2370,62,0
2371,65,0
2372,60,0
2373,63,0
2374,62,0
2375,61,0
2376,62,0
2377,59,0
2378,62,0
2379,63,0
2380,62,0
2381,65,0
2382,62,0
2383,63,0
2384,62,0
2385,63,0
2386,62,0
2387,62,0
2388,59,0
2389,62,0
2390,63,0
2391,62,0
2392,59,0
2393,60,0
2394,61,0
2395,62,0
2396,61,0
2397,60,0
2398,62,0
2399,61,0
2400,62,0
2401,62,0
2402,61,0
2403,65,0
2404,59,0
2405,62,0
2406,65,0
2407,62,0
2408,60,0
2409,59,0
2410,60,0
2411,59,0
2412,62,0
2413,61,0
2414,62,0
2415,61,0
2416,62,0
2417,61,0
2418,62,0
2419,60,0
2420,65,0
2421,62,0
2422,59,0
2423,62,0
2424,62,0
2425,59,0
2426,62,0
2427,61,0
2428,62,0
2429,64,0
2430,61,0
2431,64,0
2432,61,0
2433,61,0
2434,60,0
2435,65,0
2436,62,0
2437,63,0
2438,62,0
2439,60,0
2440,61,0
2441,62,0
2442,62,0
2443,65,0
2444,62,0
2445,65,0
2446,59,0
2447,60,0
2448,61,0
2449,62,0
2450,64,0
2451,63,0
2452,62,0
2453,61,0
2454,61,0
2455,62,0
2456,59,0
2457,62,0
2458,59,0
2459,64,0
2460,63,0
2461,62,0
2462,62,0
2463,61,0
2464,62,0
2465,63,0
2466,64,0
2467,64,0
2468,62,0
2469,61,0
2470,62,0
2471,64,0
2472,61,0
2473,62,0
2474,62,0
2475,61,0
2476,60,0
2477,63,0
2478,62,0
2479,61,0
2480,62,0
2481,61,0
2482,61,0
2483,62,0
2484,61,0
2485,65,0
2486,60,0
2487,63,0
2488,60,0
2489,62,0
2490,62,0
2491,63,0
2492,62,0
2493,59,0
2494,62,0
2495,63,0
2496,62,0
2497,61,0
2498,62,0
2499,64,0
2500,63,0
2501,61,0
2502,61,0
2503,62,0
2504,63,0
2505,64,0
2506,62,0
2507,61,0
2508,62,0
2509,64,0
2510,61,0
2511,62,0
2512,59,0
2513,62,0
2514,60,0
2515,61,0
2516,60,0
2517,61,0
2518,62,0
2519,60,0
2520,63,0
2521,64,0
2522,63,0
2523,60,0
2524,63,0
2525,62,0
2526,61,0
2527,63,0
2528,62,0
2529,65,0
2530,64,0
2531,61,0
2532,60,0
2533,61,0
2534,62,0
2535,62,0
2536,65,0
2537,62,0
2538,63,0
2539,60,0
2540,60,0
2541,63,0
2542,62,0
2543,61,0
2544,62,0
2545,62,0
2546,59,0
2547,62,0
2548,60,0
2549,59,0
2550,60,0
2551,63,0
2552,59,0
2553,60,0
2554,65,0
2555,62,0
2556,63,0
2557,63,0
2558,60,0
2559,62,0
2560,62,0
2561,59,0
2562,60,0
2563,62,0
2564,63,0
2565,92,0
2566,62,0
2567,61,0
2568,60,0
2569,59,0
2570,60,0
2571,59,0
2572,60,0
2573,62,0
2574,61,0
2575,62,0
2576,59,0
2577,63,0
2578,65,0
2579,62,0
2580,61,0
2581,61,0
2582,62,0
2583,64,0
2584,65,0
2585,62,0
2586,63,0
2587,62,0
2588,63,0
2589,64,0
2590,61,0
2591,62,0
2592,60,0
2593,61,0
2594,62,0
2595,65,0
2596,62,0
2597,62,0
2598,64,0
2599,60,0
2600,61,0
2601,64,0
2602,63,0
2603,60,0
2604,61,0
2605,62,0
2606,64,0
2607,61,0
2608,63,0
2609,59,0
2610,62,0
2611,65,0
2612,62,0
2613,61,0
2614,64,0
2615,61,0
2616,62,0
2617,61,0
2618,62,0
2619,61,0
2620,60,0
2621,61,0
2622,62,0
2623,59,0
2624,62,0
2625,62,0
2626,61,0
2627,60,0
2628,61,0
2629,62,0
2630,63,0
2631,64,0
2632,61,0
2633,62,0
2634,64,0
2635,63,0
2636,62,0
2637,63,0
2638,62,0
2639,64,0
2640,62,0
2641,65,0
2642,62,0
2643,62,0
2644,63,0
2645,64,0
2646,61,0
2647,62,0
2648,63,0
2649,59,0
2650,62,0
2651,63,0
2652,61,0
2653,64,0
2654,62,0
2655,62,0
2656,63,0
2657,60,0
2658,61,0
2659,60,0
2660,60,0
2661,59,0
2662,62,0
2663,61,0
2664,62,0
2665,62,0
2666,63,0
2667,62,0
2668,61,0
2669,62,0
2670,62,0
2671,63,0
2672,60,0
2673,63,0
2674,59,0
2675,62,0
2676,65,0
2677,60,0
2678,61,0
2679,60,0
2680,62,0
2681,63,0
2682,62,0
2683,60,0
2684,59,0
2685,62,0
2686,62,0
2687,61,0
2688,62,0
2689,61,0
2690,62,0
2691,63,0
2692,59,0
2693,62,0
2694,61,0
2695,60,0
2696,63,0
2697,64,0
2698,60,0
2699,61,0
2700,64,0
2701,61,0
2702,62,0
2703,63,0
2704,63,0
2705,62,0
2706,63,0
2707,62,0
2708,61,0
2709,60,0
2710,62,0
2711,61,0
2712,63,0
2713,63,0
2714,62,0
2715,59,0
2716,62,0
2717,62,0
2718,65,0
2719,60,0
2720,61,0
2721,60,0
2722,62,0
2723,62,0
2724,62,0
2725,59,0
2726,62,0
2727,61,0
2728,62,0
2729,62,0
2730,61,0
2731,62,0
2732,61,0
2733,62,0
2734,64,0
2735,64,0
2736,62,0
2737,63,0
2738,62,0
2739,63,0
2740,61,0
2741,62,0
2742,65,0
2743,60,0
2744,60,0
2745,61,0
2746,60,0
2747,59,0
2748,62,0
2749,63,0
2750,62,0
2751,59,0
2752,62,0
2753,62,0
2754,61,0
2755,62,0
2756,59,0
2757,64,0
2758,62,0
2759,63,0
2760,60,0
2761,63,0
2762,62,0
2763,61,0
2764,62,0
2765,63,0
2766,62,0
2767,60,0
2768,63,0
2769,62,0
2770,63,0
2771,62,0
2772,63,0
2773,62,0
2774,64,0
2775,65,0
2776,62,0
2777,63,0
2778,63,0
2779,60,0
2780,61,0
2781,60,0
2782,62,0
2783,63,0
2784,59,0
2785,63,0
2786,62,0
2787,61,0
2788,62,0
2789,60,0
2790,63,0
2791,64,0
2792,63,0
2793,60,0
2794,62,0
2795,63,0
2796,62,0
2797,63,0
2798,64,0
2799,61,0
2800,60,0
2801,62,0
2802,63,0
2803,64,0
2804,59,0
2805,62,0
2806,61,0
2807,62,0
2808,61,0
2809,61,0
2810,62,0
2811,63,0
2812,60,0
2813,61,0
2814,62,0
2815,63,0
2816,62,0
2817,63,0
2818,60,0
2819,62,0
2820,60,0
2821,59,0
2822,60,0
2823,62,0
2824,61,0
2825,62,0
2826,63,0
2827,62,0
2828,63,0
2829,62,0
2830,60,0
2831,63,0
2832,62,0
2833,60,0
2834,62,0
2835,60,0
2836,63,0
2837,62,0
2838,62,0
2839,61,0
2840,62,0
2841,62,0
2842,62,0
2843,59,0
2844,60,0
2845,59,0
2846,60,0
2847,60,0
2848,63,0
2849,62,0
2850,62,0
2851,62,0
2852,59,0
2853,64,0
2854,61,0
2855,62,0
2856,62,0
2857,61,0
2858,64,0
2859,62,0
2860,63,0
2861,62,0
2862,59,0
2863,62,0
2864,59,0
2865,62,0
2866,63,0
2867,62,0
2868,63,0
2869,63,0
2870,62,0
2871,61,0
2872,60,0
2873,62,0
2874,63,0
2875,62,0
2876,61,0
2877,61,0
2878,62,0
2879,62,0
2880,60,0
2881,61,0
2882,62,0
2883,61,0
2884,62,0
2885,61,0
2886,62,0
2887,62,0
2888,63,0
2889,60,0
2890,62,0
2891,59,0
2892,62,0
2893,63,0
2894,62,0
2895,61,0
2896,61,0
2897,62,0
2898,63,0
2899,62,0
2900,62,0
2901,61,0
2902,62,0
2903,63,0
2904,60,0
2905,62,0
2906,63,0
2907,64,0
2908,63,0
2909,59,0
2910,60,0
2911,61,0
2912,62,0
2913,61,0
2914,62,0
2915,62,0
2916,62,0
2917,61,0
2918,61,0
2919,62,0
2920,63,0
2921,60,0
2922,63,0
2923,63,0
2924,62,0
2925,63,0
2926,62,0
2927,62,0
2928,61,0
2929,62,0
2930,63,0
2931,63,0
2932,64,0
2933,61,0
2934,62,0
2935,62,0
2936,63,0
2937,62,0
2938,65,0
2939,60,0
2940,63,0
2941,64,0
2942,60,0
2943,63,0
2944,62,0
2945,61,0
2946,60,0
2947,59,0
2948,62,0
2949,59,0
2950,61,0
2951,62,0
2952,65,0
2953,62,0
2954,59,0
2955,64,0
2956,59,0
2957,59,0
2958,64,0
2959,59,0
2960,60,0
2961,63,0
2962,65,0
2963,62,0
2964,63,0
2965,62,0
2966,64,0
2967,63,0
2968,62,0
2969,61,0
2970,60,0
2971,61,0
2972,62,0
2973,61,0
2974,62,0
2975,60,0
2976,61,0
2977,62,0
2978,61,0
2979,62,0
2980,63,0
2981,61,0
2982,62,0
2983,59,0
2984,59,0
2985,62,0
2986,63,0
2987,60,0
2988,60,0
2989,59,0
2990,60,0
2991,61,0
2992,65,0
2993,62,0
2994,59,0
2995,62,0
2996,61,0
2997,62,0
2998,62,0
2999,59,0
3000,62,0
3001,61,0
3002,65,0
3003,60,0
3004,61,0
3005,62,0
3006,63,0
3007,62,0
3008,62,0
3009,61,0
3010,63,0
3011,60,0
3012,62,0
3013,61,0
3014,60,0
3015,59,0
3016,62,0
3017,64,0
3018,61,0
3019,62,0
3020,61,0
3021,60,0
3022,64,0
3023,59,0
3024,62,0
3025,65,0
3026,63,0
3027,62,0
3028,62,0
3029,64,0
3030,61,0
3031,62,0
3032,62,0
3033,62,0
3034,64,0
3035,61,0
3036,60,0
3037,59,0
3038,62,0
3039,61,0
3040,62,0
3041,61,0
3042,62,0
3043,62,0
3044,63,0
3045,62,0
3046,61,0
3047,62,0
3048,63,0
3049,61,0
3050,62,0
3051,63,0
3052,60,0
3053,63,0
3054,62,0
3055,62,0
3056,61,0
3057,64,0
3058,63,0
3059,62,0
3060,59,0
3061,64,0
3062,63,0
3063,60,0
3064,62,0
3065,61,0
3066,64,0
3067,61,0
3068,62,0
3069,59,0
3070,62,0
3071,59,0
3072,62,0
3073,65,0
3074,62,0
3075,61,0
3076,64,0
3077,63,0
3078,62,0
3079,63,0
3080,62,0
3081,59,0
3082,62,0
3083,61,0
3084,62,0
3085,62,0
3086,61,0
3087,64,0
3088,61,0
3089,62,0
3090,62,0
3091,59,0
3092,60,0
3093,61,0
3094,64,0
3095,62,0
3096,63,0
3097,62,0
3098,63,0
3099,62,0
3100,63,0
3101,63,0
3102,62,0
3103,63,0
3104,63,0
3105,62,0
3106,61,0
3107,62,0
3108,61,0
3109,61,0
3110,62,0
3111,63,0
3112,60,0
3113,63,0
3114,62,0
3115,62,0
3116,59,0
3117,62,0
3118,62,0
3119,61,0
3120,62,0
3121,63,0
3122,62,0
3123,63,0
3124,65,0
3125,62,0
3126,63,0
3127,62,0
3128,62,0
3129,63,0
3130,62,0
3131,60,0
3132,61,0
3133,62,0
3134,61,0
3135,61,0
3136,62,0
3137,61,0
3138,62,0
3139,62,0
3140,63,0
3141,62,0
3142,62,0
3143,62,0
3144,62,0
3145,63,0
3146,62,0
3147,61,0
3148,61,0
3149,62,0
3150,63,0
3151,60,0
3152,63,0
3153,62,0
3154,60,0
3155,63,0
3156,62,0
3157,63,0
3158,60,0
3159,61,0
3160,62,0
3161,63,0
3162,62,0
3163,59,0
3164,60,0
3165,63,0
3166,62,0
3167,65,0
3168,62,0
3169,61,0
3170,60,0
3171,60,0
3172,59,0
3173,60,0
3174,63,0
3175,60,0
3176,59,0
3177,62,0
3178,63,0
3179,64,0
3180,63,0
3181,62,0
3182,63,0
3183,61,0
3184,62,0
3185,61,0
3186,62,0
3187,63,0
3188,60,0
3189,62,0
3190,61,0
3191,64,0
3192,63,0
3193,62,0
3194,61,0
3195,62,0
3196,62,0
3197,63,0
3198,60,0
3199,63,0
3200,62,0
3201,61,0
3202,62,0
3203,64,0
3204,63,0
3205,62,0
3206,60,0
3207,62,0
3208,61,0
3209,61,0
3210,62,0
3211,61,0
3212,62,0
3213,64,0
3214,60,0
3215,62,0
3216,63,0
3217,62,0
3218,60,0
3219,63,0
3220,62,0
3221,61,0
3222,62,0
3223,59,0
3224,62,0
3225,61,0
3226,62,0
3227,61,0
3228,64,0
3229,63,0
3230,59,0
3231,62,0
3232,65,0
3233,62,0
3234,61,0
3235,62,0
3236,61,0
3237,62,0
3238,63,0
3239,63,0
3240,62,0
3241,65,0
3242,62,0
3243,59,0
3244,62,0
3245,62,0
3246,61,0
3247,64,0
3248,61,0
3249,62,0
3250,63,0
3251,64,0
3252,61,0
3253,62,0
3254,64,0
3255,63,0
3256,60,0
3257,63,0
3258,62,0
3259,60,0
3260,61,0
3261,62,0
3262,65,0
3263,62,0
3264,60,0
3265,61,0
3266,62,0
3267,59,0
3268,60,0
3269,62,0
3270,61,0
3271,62,0
3272,61,0
3273,62,0
3274,59,0
3275,60,0
3276,64,0
3277,59,0
3278,64,0
3279,61,0
3280,65,0
3281,62,0
3282,63,0
3283,62,0
3284,59,0
3285,62,0
3286,62,0
3287,63,0
3288,60,0
3289,65,0
3290,62,0
3291,61,0
3292,62,0
3293,62,0
3294,63,0
3295,64,0
3296,62,0
3297,60,0
3298,59,0
3299,59,0
3300,64,0
3301,63,0
3302,62,0
3303,62,0
3304,59,0
3305,62,0
3306,61,0
3307,64,0
3308,62,0
3309,63,0
3310,60,0
3311,63,0
3312,60,0
3313,62,0
3314,61,0
3315,64,0
3316,63,0
3317,61,0
3318,62,0
3319,63,0
3320,60,0
3321,64,0
3322,63,0
3323,62,0
3324,65,0
3325,64,0
3326,64,0
3327,62,0
3328,59,0
3329,62,0
3330,63,0
3331,59,0
3332,62,0
3333,63,0
3334,61,0
3335,60,0
3336,61,0
3337,62,0
3338,61,0
3339,61,0
3340,62,0
3341,64,0
3342,62,0
3343,61,0
3344,64,0
3345,65,0
3346,62,0
3347,59,0
3348,62,0
3349,62,0
3350,63,0
3351,62,0
3352,61,0
3353,63,0
3354,64,0
3355,61,0
3356,62,0
3357,65,0
3358,63,0
3359,61,0
3360,62,0
3361,60,0
3362,61,0
3363,62,0
3364,61,0
3365,62,0
3366,61,0
3367,61,0
3368,62,0
3369,59,0
3370,60,0
3371,65,0
3372,62,0
3373,61,0
3374,62,0
3375,62,0
3376,59,0
3377,60,0
3378,61,0
3379,64,0
3380,61,0
3381,60,0
3382,63,0
3383,64,0
3384,68,0
3385,62,0
3386,63,0
3387,62,0
3388,61,0
3389,62,0
3390,61,0
3391,62,0
3392,62,0
3393,63,0
3394,62,0
3395,60,0
3396,62,0
3397,63,0
3398,62,0
3399,59,0
3400,64,0
3401,63,0
3402,62,0
3403,63,0
3404,62,0
3405,59,0
3406,64,0
3407,62,0
3408,61,0
3409,60,0
3410,61,0
3411,62,0
3412,65,0
3413,62,0
3414,61,0
3415,61,0
3416,62,0
3417,61,0
3418,59,0
3419,62,0
3420,61,0
3421,63,0
3422,59,0
3423,60,0
3424,61,0
3425,62,0
3426,60,0
3427,61,0
3428,62,0
3429,59,0
3430,62,0
3431,63,0
3432,60,0
3433,62,0
3434,63,0
3435,62,0
3436,63,0
3437,62,0
3438,63,0
3439,60,0
3440,62,0
3441,61,0
3442,60,0
3443,61,0
3444,60,0
3445,65,0
3446,62,0
3447,62,0
3448,61,0
3449,63,0
3450,64,0
3451,61,0
3452,62,0
3453,63,0
3454,62,0
3455,65,0
3456,61,0
3457,62,0
3458,63,0
3459,62,0
3460,63,0
3461,64,0
3462,60,0
3463,61,0
3464,62,0
3465,63,0
3466,62,0
3467,64,0
3468,59,0
3469,62,0
3470,63,0
3471,62,0
3472,64,0
3473,59,0
3474,62,0
3475,59,0
3476,64,0
3477,61,0
3478,63,0
3479,60,0
3480,61,0
3481,64,0
3482,63,0
3483,62,0
3484,62,0
3485,59,0
3486,62,0
3487,61,0
3488,60,0
3489,63,0
3490,62,0
3491,62,0
3492,61,0
3493,62,0
3494,59,0
3495,60,0
3496,60,0
3497,63,0
3498,60,0
3499,62,0
3500,64,0
3501,63,0
3502,61,0
3503,60,0
3504,61,0
3505,60,0
3506,62,0
3507,59,0
3508,62,0
3509,61,0
3510,64,0
3511,62,0
3512,61,0
3513,62,0
3514,63,0
3515,65,0
3516,60,0
3517,59,0
3518,62,0
3519,62,0
3520,59,0
3521,62,0
3522,61,0
3523,62,0
3524,61,0
3525,62,0
3526,61,0
3527,61,0
3528,62,0
3529,63,0
3530,62,0
3531,62,0
3532,63,0
3533,62,0
3534,62,0
3535,61,0
3536,61,0
3537,60,0
3538,59,0
3539,61,0
3540,62,0
3541,61,0
3542,59,0
3543,62,0
3544,59,0
3545,62,0
3546,63,0
3547,62,0
3548,60,0
3549,61,0
3550,59,0
3551,59,0
3552,60,0
3553,65,0
3554,60,0
3555,62,0
3556,59,0
3557,60,0
3558,61,0
3559,60,0
3560,61,0
3561,61,0
3562,62,0
3563,63,0
3564,64,0
3565,61,0
3566,60,0
3567,63,0
3568,62,0
3569,62,0
3570,63,0
3571,62,0
3572,61,0
3573,62,0
3574,64,0
3575,63,0
3576,62,0
3577,63,0
3578,65,0
3579,63,0
3580,62,0
3581,62,0
3582,61,0
3583,60,0
3584,61,0
3585,62,0
3586,60,0
3587,63,0
3588,62,0
3589,61,0
3590,62,0
3591,59,0
3592,63,0
3593,61,0
3594,61,0
3595,62,0
3596,63,0
3597,60,0
3598,62,0
3599,61,0
3600,62,0
3601,61,0
3602,62,0
3603,62,0
3604,61,0
3605,60,0
3606,62,0
3607,65,0
3608,62,0
3609,63,0
3610,62,0
3611,62,0
3612,63,0
3613,62,0
3614,63,0
3615,60,0
3616,63,0
3617,62,0
3618,63,0
3619,62,0
3620,60,0
3621,63,0
3622,60,0
3623,63,0
3624,62,0
3625,63,0
3626,62,0
3627,61,0
3628,64,0
3629,62,0
3630,63,0
3631,62,0
3632,59,0
3633,60,0
3634,61,0
3635,63,0
3636,62,0
3637,63,0
3638,62,0
3639,61,0
3640,64,0
3641,65,0
3642,59,0
3643,62,0
3644,65,0
3645,60,0
3646,61,0
3647,60,0
3648,62,0
3649,61,0
3650,60,0
3651,60,0
3652,61,0
3653,62,0
3654,62,0
3655,65,0
3656,62,0
3657,59,0
3658,62,0
3659,62,0
3660,63,0
3661,61,0
3662,64,0
3663,59,0
3664,60,0
3665,62,0
3666,59,0
3667,62,0
3668,61,0
3669,62,0
3670,60,0
3671,61,0
3672,60,0
3673,60,0
3674,65,0
3675,60,0
3676,63,0
3677,60,0
3678,64,0
3679,59,0
3680,60,0
3681,61,0
3682,62,0
3683,60,0
3684,61,0
3685,62,0
3686,61,0
3687,62,0
3688,61,0
3689,62,0
3690,65,0
3691,62,0
3692,62,0
3693,59,0
3694,62,0
3695,61,0
3696,60,0
3697,62,0
3698,61,0
3699,59,0
3700,60,0
3701,63,0
3702,62,0
3703,65,0
3704,63,0
3705,62,0
3706,63,0
3707,60,0
3708,63,0
3709,60,0
3710,59,0
3711,62,0
3712,65,0
3713,62,0
3714,61,0
3715,62,0
3716,61,0
3717,62,0
3718,62,0
3719,61,0
3720,62,0
3721,62,0
3722,61,0
3723,62,0
3724,65,0
3725,59,0
3726,62,0
3727,61,0
3728,62,0
3729,62,0
3730,62,0
3731,60,0
3732,61,0
3733,62,0
3734,63,0
3735,62,0
3736,63,0
3737,62,0
3738,63,0
3739,64,0
3740,62,0
3741,61,0
3742,60,0
3743,59,0
3744,62,0
3745,61,0
3746,62,0
3747,61,0
3748,62,0
3749,61,0
3750,62,0
3751,63,0
3752,60,0
3753,61,0
3754,63,0
3755,63,0
3756,60,0
3757,62,0
3758,63,0
3759,62,0
3760,61,0
3761,62,0
3762,61,0
3763,62,0
3764,61,0
3765,60,0
3766,62,0
3767,65,0
3768,64,0
3769,61,0
3770,60,0
3771,61,0
3772,62,0
3773,64,0
3774,62,0
3775,63,0
3776,60,0
3777,60,0
3778,59,0
3779,64,0
3780,63,0
3781,64,0
3782,63,0
3783,62,0
3784,63,0
3785,59,0
3786,62,0
3787,61,0
3788,62,0
3789,60,0
3790,59,0
3791,62,0
3792,61,0
3793,60,0
3794,60,0
3795,62,0
3796,62,0
3797,61,0
3798,62,0
3799,62,0
3800,63,0
3801,62,0
3802,63,0
3803,60,0
3804,62,0
3805,59,0
3806,62,0
3807,61,0
3808,63,0
3809,62,0
3810,61,0
3811,62,0
3812,61,0
3813,62,0
3814,63,0
3815,61,0
3816,62,0
3817,60,0
3818,59,0
3819,62,0
3820,61,0
3821,60,0
3822,65,0
3823,63,0
3824,62,0
3825,63,0
3826,65,0
3827,61,0
3828,62,0
3829,62,0
3830,61,0
3831,62,0
3832,61,0
3833,63,0
3834,60,0
3835,63,0
3836,60,0
3837,59,0
3838,62,0
3839,61,0
3840,60,0
3841,62,0
3842,63,0
3843,62,0
3844,63,0
3845,64,0
3846,62,0
3847,63,0
3848,60,0
3849,63,0
3850,62,0
3851,62,0
3852,59,0
3853,62,0
3854,61,0
3855,60,0
3856,59,0
3857,62,0
3858,63,0
3859,62,0
3860,63,0
3861,61,0
3862,60,0
3863,61,0
3864,62,0
3865,59,0
3866,62,0
3867,63,0
3868,60,0
3869,63,0
3870,65,0
3871,62,0
3872,62,0
3873,61,0
3874,62,0
3875,62,0
3876,61,0
3877,62,0
3878,61,0
3879,62,0
3880,63,0
3881,62,0
3882,64,0
3883,63,0
3884,62,0
3885,63,0
3886,62,0
3887,61,0
3888,62,0
3889,61,0
3890,63,0
3891,62,0
3892,63,0
3893,62,0
3894,61,0
3895,62,0
3896,63,0
3897,62,0
3898,62,0
3899,59,0
3900,62,0
3901,59,0
3902,64,0
3903,62,0
3904,59,0
3905,60,0
3906,61,0
3907,62,0
3908,63,0
3909,61,0
3910,62,0
3911,63,0
3912,60,0
3913,59,0
3914,60,0
3915,61,0
3916,61,0
3917,62,0
3918,61,0
3919,62,0
3920,61,0
3921,61,0
3922,62,0
3923,59,0
3924,60,0
3925,62,0
3926,61,0
3927,62,0
3928,63,0
3929,62,0
3930,60,0
3931,65,0
3932,62,0
3933,60,0
3934,59,0
3935,60,0
3936,63,0
3937,64,0
3938,64,0
3939,62,0
3940,62,0
3941,61,0
3942,62,0
3943,64,0
3944,59,0
3945,62,0
3946,61,0
3947,62,0
3948,60,0
3949,61,0
3950,62,0
3951,65,0
3952,60,0
3953,62,0
3954,63,0
3955,61,0
3956,60,0
3957,63,0
3958,60,0
3959,62,0
3960,63,0
3961,62,0
3962,61,0
3963,61,0
3964,62,0
3965,61,0
3966,62,0
3967,61,0
3968,60,0
3969,62,0
3970,61,0
3971,62,0
3972,62,0
3973,63,0
3974,64,0
3975,63,0
3976,61,0
3977,62,0
3978,60,0
3979,61,0
3980,62,0
3981,62,0
3982,59,0
3983,62,0
3984,60,0
3985,61,0
3986,61,0
3987,62,0
3988,65,0
3989,65,0
3990,62,0
3991,60,0
3992,65,0
3993,64,0
3994,61,0
3995,60,0
3996,62,0
3997,61,0
3998,64,0
3999,59,0
4000,60,0
4001,65,0
4002,60,0
4003,59,0
4004,60,0
4005,60,0
4006,61,0
4007,62,0
4008,63,0
4009,59,0
4010,62,0
4011,63,0
4012,60,0
4013,59,0
4014,62,0
4015,60,0
4016,61,0
4017,62,0
4018,63,0
4019,60,0
4020,61,0
4021,62,0
4022,62,0
4023,63,0
4024,62,0
4025,61,0
4026,62,0
4027,62,0
4028,61,0
4029,62,0
4030,61,0
4031,64,0
4032,60,0
4033,61,0
4034,60,0
4035,60,0
4036,61,0
4037,62,0
4038,61,0
4039,62,0
4040,62,0
4041,63,0
4042,64,0
4043,63,0
4044,62,0
4045,62,0
4046,63,0
4047,62,0
4048,63,0
4049,62,0
4050,62,0
4051,63,0
4052,62,0
4053,63,0
4054,62,0
4055,60,0
4056,59,0
4057,60,0
4058,61,0
4059,64,0
4060,62,0
4061,61,0
4062,62,0
4063,63,0
4064,62,0
4065,59,0
4066,62,0
4067,63,0
4068,62,0
4069,61,0
4070,62,0
4071,62,0
4072,63,0
4073,62,0
4074,65,0
4075,60,0
4076,62,0
4077,60,0
4078,61,0
4079,60,0
4080,59,0
4081,60,0
4082,62,0
4083,60,0
4084,59,0
4085,62,0
4086,64,0
4087,59,0
4088,60,0
4089,61,0
4090,62,0
4091,61,0
4092,64,0
4093,59,0
4094,64,0
4095,60,0
4096,61,0
4097,60,0
4098,61,0
4099,60,0
4100,63,0
4101,60,0
4102,60,0
4103,62,0
4104,61,0
4105,59,0
4106,62,0
4107,63,0
4108,62,0
4109,61,0
4110,62,0
4111,63,0
4112,60,0
4113,62,0
4114,61,0
4115,62,0
4116,59,0
4117,62,0
4118,62,0
4119,61,0
4120,62,0
4121,59,0
4122,63,0
4123,65,0
4124,61,0
4125,62,0
4126,63,0
4127,62,0
4128,62,0
4129,63,0
4130,62,0
4131,60,0
4132,59,0
4133,60,0
4134,61,0
4135,62,0
4136,62,0
4137,63,0
4138,64,0
4139,60,0
4140,61,0
4141,62,0
4142,61,0
4143,64,0
4144,61,0
4145,62,0
4146,62,0
4147,59,0
4148,62,0
4149,61,0
4150,62,0
4151,64,0
4152,61,0
4153,60,0
4154,61,0
4155,62,0
4156,61,0
4157,62,0
4158,62,0
4159,61,0
4160,62,0
4161,59,0
4162,62,0
4163,62,0
4164,62,0
4165,62,0
4166,63,0
4167,62,0
4168,66,0
4169,65,0
4170,71,0
4171,68,0
4172,66,0
4173,62,0
4174,65,0
4175,67,0
4176,64,0
4177,76,0
4178,63,0
4179,69,0
4180,63,0
4181,65,0
4182,73,0
4183,62,0
4184,61,0
4185,63,0
4186,66,0
4187,65,0
4188,65,0
4189,64,0
4190,59,0
4191,69,0
4192,65,0
4193,63,0
4194,65,0
4195,69,0
4196,64,0
4197,62,0
4198,61,0
4199,63,0
4200,64,0
4201,62,0
4202,61,0
4203,97,0
4204,66,0
4205,74,0
4206,71,0
4207,71,0
4208,62,0
4209,63,0
4210,64,0
4211,65,0
4212,62,0
4213,62,0
4214,66,0
4215,72,0
4216,63,0
4217,65,0
4218,64,0
4219,64,0
4220,67,0
4221,62,0
4222,63,0
4223,65,0
4224,71,0
4225,66,0
4226,69,0
4227,73,0
4228,60,0
4229,70,0
4230,68,0
4231,62,0
4232,60,0
4233,65,0
4234,63,0
4235,65,0
4236,63,0
4237,68,0
4238,65,0
4239,62,0
4240,65,0
4241,68,0
4242,62,0
4243,59,0
4244,62,0
4245,62,0
4246,59,0
4247,64,0
4248,69,0
4249,64,0
4250,59,0
4251,65,0
4252,77,0
4253,67,0
4254,65,0
4255,69,0
4256,64,0
4257,67,0
4258,67,0
4259,65,0
4260,67,0
4261,63,0
4262,64,0
4263,62,0
4264,61,0
4265,63,0
4266,64,0
4267,59,0
4268,64,0
4269,64,0
4270,66,0
4271,66,0
4272,63,0
4273,70,0
4274,65,0
4275,74,0
4276,75,0
4277,72,0
4278,62,0
4279,66,0
4280,63,0
4281,67,0
4282,68,0
4283,64,0
4284,61,0
4285,64,0
4286,62,0
4287,61,0
4288,59,0
4289,60,0
4290,68,0
4291,60,0
4292,65,0
4293,64,0
4294,62,0
4295,66,0
4296,63,0
4297,61,0
4298,65,0
4299,65,0
4300,71,0
4301,68,0
4302,70,0
4303,67,0
4304,61,0
4305,64,0
4306,65,0
4307,62,0
4308,65,0
4309,61,0
4310,72,0
4311,60,0
4312,62,0
4313,71,0
4314,65,0
4315,62,0
4316,63,0
4317,59,0
4318,62,0
4319,64,0
4320,60,0
4321,64,0
4322,70,0
4323,69,0
4324,70,0
4325,71,0
4326,64,0
4327,62,0
4328,60,0
4329,61,0
4330,59,0
4331,67,0
4332,65,0
4333,65,0
4334,65,0
4335,63,0
4336,60,0
4337,65,0
4338,65,0
4339,69,0
4340,73,0
4341,68,0
4342,67,0
4343,73,0
4344,66,0
4345,67,0
4346,75,0
4347,69,0
4348,68,0
4349,65,0
4350,65,0
4351,67,0
4352,63,0
4353,68,0
4354,62,0
4355,63,0
4356,75,0
4357,66,0
4358,62,0
4359,70,0
4360,65,0
4361,64,0
4362,62,0
4363,61,0
4364,62,0
4365,61,0
4366,63,0
4367,64,0
4368,65,0
4369,82,0
4370,62,0
4371,59,0
4372,69,0
4373,63,0
4374,63,0
4375,72,0
4376,70,0
4377,67,0
4378,72,0
4379,78,0
4380,63,0
4381,64,0
4382,62,0
4383,89,0
4384,60,0
4385,63,0
4386,61,0
4387,60,0
4388,60,0
4389,64,0
4390,63,0
4391,64,0
4392,65,0
4393,60,0
4394,61,0
4395,62,0
4396,61,0
4397,62,0
4398,59,0
4399,60,0
4400,60,0
4401,63,0
4402,64,0
4403,63,0
4404,62,0
4405,63,0
4406,63,0
4407,60,0
4408,61,0
4409,62,0
4410,61,0
4411,62,0
4412,65,0
4413,63,0
4414,62,0
4415,62,0
4416,63,0
4417,64,0
4418,63,0
4419,62,0
4420,63,0
4421,62,0
4422,63,0
4423,62,0
4424,61,0
4425,61,0
4426,60,0
4427,61,0
4428,64,0
4429,63,0
4430,64,0
4431,61,0
4432,62,0
4433,61,0
4434,62,0
4435,63,0
4436,62,0
4437,61,0
4438,62,0
4439,61,0
4440,60,0
4441,63,0
4442,63,0
4443,62,0
4444,61,0
4445,62,0
4446,62,0
4447,63,0
4448,62,0
4449,59,0
4450,63,0
4451,62,0
4452,63,0
4453,62,0
4454,59,0
4455,61,0
4456,62,0
4457,61,0
4458,60,0
4459,62,0
4460,59,0
4461,62,0
4462,65,0
4463,60,0
4464,61,0
4465,62,0
4466,61,0
4467,64,0
4468,61,0
4469,62,0
4470,61,0
4471,64,0
4472,65,0
4473,62,0
4474,61,0
4475,61,0
4476,60,0
4477,59,0
4478,60,0
4479,61,0
4480,60,0
4481,62,0
4482,62,0
4483,61,0
4484,60,0
4485,61,0
4486,64,0
4487,59,0
4488,63,0
4489,60,0
4490,61,0
4491,65,0
4492,63,0
4493,62,0
4494,62,0
4495,59,0
4496,60,0
4497,62,0
4498,61,0
4499,60,0
4500,64,0
4501,63,0
4502,64,0
4503,61,0
4504,63,0
4505,62,0
4506,61,0
4507,62,0
4508,62,0
4509,61,0
4510,60,0
4511,62,0
4512,63,0
4513,62,0
4514,61,0
4515,62,0
4516,59,0
4517,62,0
4518,62,0
4519,59,0
4520,62,0
4521,63,0
4522,63,0
4523,64,0
4524,61,0
4525,62,0
4526,62,0
4527,59,0
4528,60,0
4529,59,0
4530,63,0
4531,61,0
4532,62,0
4533,62,0
4534,63,0
4535,62,0
4536,61,0
4537,60,0
4538,61,0
4539,62,0
4540,63,0
4541,60,0
4542,61,0
4543,62,0
4544,61,0
4545,61,0
4546,60,0
4547,61,0
4548,59,0
4549,62,0
4550,61,0
4551,60,0
4552,60,0
4553,65,0
4554,62,0
4555,64,0
4556,61,0
4557,64,0
4558,59,0
4559,62,0
4560,61,0
4561,62,0
4562,62,0
4563,63,0
4564,62,0
4565,61,0
4566,62,0
4567,61,0
4568,62,0
4569,62,0
4570,61,0
4571,62,0
4572,61,0
4573,62,0
4574,60,0
4575,61,0
4576,62,0
4577,59,0
4578,62,0
4579,63,0
4580,62,0
4581,63,0
4582,61,0
4583,62,0
4584,59,0
4585,62,0
4586,61,0
4587,64,0
4588,61,0
4589,64,0
4590,63,0
4591,60,0
4592,60,0
4593,63,0
4594,62,0
4595,61,0
4596,61,0
4597,62,0
4598,63,0
4599,60,0
4600,63,0
4601,64,0
4602,63,0
4603,62,0
4604,63,0
4605,64,0
4606,62,0
4607,59,0
4608,62,0
4609,63,0
4610,65,0
4611,62,0
4612,63,0
4613,62,0
4614,60,0
4615,63,0
4616,64,0
4617,61,0
4618,61,0
4619,60,0
4620,62,0
4621,62,0
4622,63,0
4623,60,0
4624,61,0
4625,63,0
4626,62,0
4627,60,0
4628,59,0
4629,62,0
4630,62,0
4631,63,0
4632,62,0
4633,61,0
4634,65,0
4635,60,0
4636,59,0
4637,62,0
4638,63,0
4639,61,0
4640,62,0
4641,61,0
4642,59,0
4643,62,0
4644,61,0
4645,60,0
4646,62,0
4647,61,0
4648,62,0
4649,62,0
4650,62,0
4651,65,0
4652,62,0
4653,61,0
4654,60,0
4655,61,0
4656,62,0
4657,63,0
4658,63,0
4659,60,0
4660,61,0
4661,62,0
4662,61,0
4663,60,0
4664,62,0
4665,63,0
4666,62,0
4667,60,0
4668,65,0
4669,62,0
4670,61,0
4671,64,0
4672,60,0
4673,59,0
4674,62,0
4675,60,0
4676,61,0
4677,60,0
4678,61,0
4679,62,0
4680,64,0
4681,61,0
4682,64,0
4683,62,0
4684,65,0
4685,60,0
4686,63,0
4687,62,0
4688,63,0
4689,60,0
4690,61,0
4691,62,0
4692,63,0
4693,60,0
4694,63,0
4695,62,0
4696,59,0
4697,59,0
4698,60,0
4699,61,0
4700,61,0
4701,62,0
4702,63,0
4703,59,0
4704,62,0
4705,61,0
4706,63,0
4707,64,0
4708,61,0
4709,64,0
4710,61,0
4711,62,0
4712,60,0
4713,63,0
4714,62,0
4715,62,0
4716,63,0
4717,62,0
4718,63,0
4719,62,0
4720,61,0
4721,62,0
4722,60,0
4723,61,0
4724,62,0
4725,63,0
4726,62,0
4727,63,0
4728,62,0
4729,61,0
4730,62,0
4731,61,0
4732,63,0
4733,62,0
4734,63,0
4735,62,0
4736,63,0
4737,61,0
4738,60,0
4739,61,0
4740,62,0
4741,62,0
4742,63,0
4743,60,0
4744,63,0
4745,62,0
4746,62,0
4747,63,0
4748,62,0
4749,62,0
4750,62,0
4751,61,0
4752,63,0
4753,62,0
4754,61,0
4755,62,0
4756,63,0
4757,62,0
4758,63,0
4759,63,0
4760,62,0
4761,63,0
4762,62,0
4763,61,0
4764,60,0
4765,63,0
4766,60,0
4767,59,0
4768,64,0
4769,61,0
4770,62,0
4771,63,0
4772,62,0
4773,60,0
4774,59,0
4775,60,0
4776,61,0
4777,60,0
4778,62,0
4779,65,0
4780,62,0
4781,60,0
4782,59,0
4783,62,0
4784,61,0
4785,60,0
4786,63,0
4787,62,0
4788,60,0
4789,61,0
4790,62,0
4791,60,0
4792,63,0
4793,62,0
4794,59,0
4795,59,0
4796,62,0
4797,63,0
4798,62,0
4799,63,0
4800,60,0
4801,60,0
4802,64,0
4803,62,0
4804,65,0
4805,62,0
4806,61,0
4807,60,0
4808,59,0
4809,62,0
4810,63,0
4811,62,0
4812,60,0
4813,61,0
4814,60,0
4815,63,0
4816,61,0
4817,62,0
4818,61,0
4819,59,0
4820,62,0
4821,63,0
4822,62,0
4823,61,0
4824,62,0
4825,62,0
4826,63,0
4827,62,0
4828,63,0
4829,62,0
4830,63,0
4831,64,0
4832,61,0
4833,62,0
4834,61,0
4835,60,0
4836,63,0
4837,65,0
4838,62,0
4839,63,0
4840,64,0
4841,62,0
4842,63,0
4843,62,0
4844,63,0
4845,62,0
4846,61,0
4847,60,0
4848,63,0
4849,60,0
4850,62,0
4851,63,0
4852,60,0
4853,63,0
4854,62,0
4855,61,0
4856,64,0
4857,65,0
4858,64,0
4859,63,0
4860,62,0
4861,62,0
4862,61,0
4863,62,0
4864,64,0
4865,63,0
4866,62,0
4867,61,0
4868,60,0
4869,63,0
4870,62,0
4871,63,0
4872,60,0
4873,61,0
4874,62,0
4875,63,0
4876,62,0
4877,62,0
4878,63,0
4879,62,0
4880,59,0
4881,62,0
4882,61,0
4883,60,0
4884,63,0
4885,62,0
4886,64,0
4887,63,0
4888,62,0
4889,61,0
4890,62,0
4891,61,0
4892,62,0
4893,60,0
4894,61,0
4895,62,0
4896,63,0
4897,62,0
4898,63,0
4899,61,0
4900,64,0
4901,61,0
4902,60,0
4903,63,0
4904,60,0
4905,62,0
4906,61,0
4907,62,0
4908,63,0
4909,60,0
4910,61,0
4911,61,0
4912,62,0
4913,59,0
4914,63,0
4915,62,0
4916,61,0
4917,62,0
4918,59,0
4919,60,0
4920,64,0
4921,61,0
4922,60,0
4923,61,0
4924,60,0
4925,62,0
4926,63,0
4927,62,0
4928,62,0
4929,63,0
4930,62,0
4931,63,0
4932,61,0
4933,60,0
4934,61,0
4935,62,0
4936,62,0
4937,59,0
4938,62,0
4939,60,0
4940,59,0
4941,62,0
4942,59,0
4943,62,0
4944,59,0
4945,62,0
4946,60,0
4947,63,0
4948,62,0
4949,59,0
4950,62,0
4951,62,0
4952,63,0
4953,62,0
4954,59,0
4955,62,0
4956,60,0
4957,61,0
4958,62,0
4959,61,0
4960,62,0
4961,65,0
4962,61,0
4963,62,0
4964,65,0
4965,62,0
4966,63,0
4967,59,0
4968,60,0
4969,61,0
4970,62,0
4971,59,0
4972,63,0
4973,60,0
4974,61,0
4975,62,0
4976,63,0
4977,62,0
4978,61,0
4979,62,0
4980,62,0
4981,62,0
4982,60,0
4983,63,0
4984,62,0
4985,63,0
4986,62,0
4987,63,0
4988,62,0
4989,60,0
4990,59,0
4991,62,0
4992,62,0
4993,65,0
4994,64,0
4995,61,0
4996,62,0
4997,63,0
4998,62,0
4999,62,0
5000,63,0
5001,62,0
5002,63,0
5003,62,0
5004,59,0
5005,63,0
5006,63,0
5007,62,0
5008,64,0
5009,61,0
5010,62,0
5011,61,0
5012,64,0
5013,64,0
5014,63,0
5015,60,0
5016,61,0
5017,64,0
5018,65,0
5019,60,0
5020,64,0
5021,65,0
5022,93,0
5023,63,0
5024,62,0
5025,62,0
5026,61,0
5027,66,0
5028,59,0
5029,64,0
5030,60,0
5031,63,0
5032,60,0
5033,62,0
5034,63,0
5035,62,0
5036,63,0
5037,62,0
5038,61,0
5039,60,0
5040,59,0
5041,61,0
5042,62,0
5043,63,0
5044,62,0
5045,63,0
5046,60,0
5047,62,0
5048,59,0
5049,62,0
5050,59,0
5051,62,0
5052,61,0
5053,62,0
5054,62,0
5055,59,0
5056,64,0
5057,61,0
5058,62,0
5059,62,0
5060,61,0
5061,62,0
5062,62,0
5063,65,0
5064,62,0
5065,63,0
5066,61,0
5067,62,0
5068,61,0
5069,62,0
5070,64,0
5071,59,0
5072,62,0
5073,64,0
5074,65,0
5075,60,0
5076,59,0
5077,62,0
5078,62,0
5079,63,0
5080,62,0
5081,64,0
5082,59,0
5083,62,0
5084,61,0
5085,60,0
5086,61,0
5087,62,0
5088,61,0
5089,59,0
5090,60,0
5091,61,0
5092,62,0
5093,65,0
5094,60,0
5095,61,0
5096,62,0
5097,61,0
5098,61,0
5099,60,0
5100,59,0
5101,62,0
5102,61,0
5103,60,0
5104,62,0
5105,61,0
5106,62,0
5107,64,0
5108,63,0
5109,60,0
5110,61,0
5111,60,0
5112,62,0
5113,61,0
5114,62,0
5115,61,0
5116,64,0
5117,63,0
5118,61,0
5119,62,0
5120,63,0
5121,60,0
5122,65,0
5123,62,0
5124,61,0
5125,61,0
5126,62,0
5127,61,0
5128,62,0
5129,59,0
5130,62,0
5131,63,0
5132,62,0
5133,63,0
5134,65,0
5135,62,0
5136,59,0
5137,60,0
5138,61,0
5139,62,0
5140,63,0
5141,62,0
5142,63,0
5143,62,0
5144,63,0
5145,62,0
5146,59,0
5147,62,0
5148,63,0
5149,62,0
5150,63,0
5151,61,0
5152,63,0
5153,62,0
5154,62,0
5155,63,0
5156,62,0
5157,63,0
5158,60,0
5159,63,0
5160,62,0
5161,62,0
5162,61,0
5163,62,0
5164,63,0
5165,62,0
5166,61,0
5167,61,0
5168,64,0
5169,63,0
5170,62,0
5171,61,0
5172,62,0
5173,61,0
5174,60,0
5175,64,0
5176,63,0
5177,64,0
5178,59,0
5179,62,0
5180,62,0
5181,63,0
5182,62,0
5183,62,0
5184,63,0
5185,62,0
5186,63,0
5187,64,0
5188,60,0
5189,63,0
5190,62,0
5191,61,0
5192,62,0
5193,62,0
5194,61,0
5195,62,0
5196,61,0
5197,60,0
5198,59,0
5199,62,0
5200,61,0
5201,62,0
5202,60,0
5203,61,0
5204,60,0
5205,62,0
5206,63,0
5207,62,0
5208,65,0
5209,60,0
5210,60,0
5211,63,0
5212,62,0
5213,62,0
5214,59,0
5215,60,0
5216,62,0
5217,63,0
5218,60,0
5219,61,0
5220,64,0
5221,65,0
5222,61,0
5223,62,0
5224,61,0
5225,64,0
5226,64,0
5227,61,0
5228,60,0
5229,63,0
5230,62,0
5231,62,0
5232,63,0
5233,64,0
5234,61,0
5235,60,0
5236,63,0
5237,62,0
5238,63,0
5239,62,0
5240,62,0
5241,63,0
5242,60,0
5243,63,0
5244,60,0
5245,61,0
5246,64,0
5247,65,0
5248,62,0
5249,64,0
5250,61,0
5251,62,0
5252,61,0
5253,62,0
5254,64,0
5255,63,0
5256,65,0
5257,60,0
5258,62,0
5259,61,0
5260,62,0
5261,61,0
5262,62,0
5263,60,0
5264,61,0
5265,60,0
5266,63,0
5267,60,0
5268,61,0
5269,60,0
5270,62,0
5271,61,0
5272,62,0
5273,63,0
5274,64,0
5275,62,0
5276,61,0
5277,62,0
5278,63,0
5279,62,0
5280,63,0
5281,62,0
5282,63,0
5283,60,0
5284,65,0
5285,62,0
5286,63,0
5287,62,0
5288,62,0
5289,59,0
5290,62,0
5291,65,0
5292,62,0
5293,59,0
5294,60,0
5295,63,0
5296,64,0
5297,63,0
5298,64,0
5299,63,0
5300,62,0
5301,61,0
5302,63,0
5303,62,0
5304,63,0
5305,60,0
5306,59,0
5307,60,0
5308,62,0
5309,61,0
5310,62,0
5311,61,0
5312,62,0
5313,59,0
5314,62,0
5315,62,0
5316,61,0
5317,64,0
5318,67,0
5319,60,0
5320,63,0
5321,63,0
5322,60,0
5323,59,0
5324,62,0
5325,62,0
5326,61,0
5327,60,0
5328,59,0
5329,62,0
5330,60,0
5331,63,0
5332,62,0
5333,63,0
5334,61,0
5335,64,0
5336,65,0
5337,62,0
5338,63,0
5339,61,0
5340,60,0
5341,61,0
5342,62,0
5343,60,0
5344,62,0
5345,62,0
5346,63,0
5347,62,0
5348,62,0
5349,63,0
5350,62,0
5351,61,0
5352,62,0
5353,61,0
5354,64,0
5355,63,0
5356,62,0
5357,65,0
5358,62,0
5359,63,0
5360,62,0
5361,59,0
5362,62,0
5363,61,0
5364,63,0
5365,60,0
5366,61,0
5367,62,0
5368,60,0
5369,62,0
5370,63,0
5371,59,0
5372,62,0
5373,61,0
5374,59,0
5375,64,0
5376,63,0
5377,64,0
5378,60,0
5379,61,0
5380,64,0
5381,63,0
5382,60,0
5383,65,0
5384,59,0
5385,60,0
5386,61,0
5387,62,0
5388,61,0
5389,62,0
5390,61,0
5391,61,0
5392,62,0
5393,61,0
5394,60,0
5395,62,0
5396,61,0
5397,62,0
5398,59,0
5399,64,0
5400,62,0
5401,65,0
5402,60,0
5403,63,0
5404,62,0
5405,64,0
5406,59,0
5407,61,0
5408,62,0
5409,63,0
5410,62,0
5411,62,0
5412,61,0
5413,62,0
5414,61,0
5415,62,0
5416,59,0
5417,62,0
5418,63,0
5419,62,0
5420,60,0
5421,63,0
5422,62,0
5423,63,0
5424,62,0
5425,62,0
5426,60,0
5427,59,0
5428,60,0
5429,59,0
5430,62,0
5431,63,0
5432,62,0
5433,62,0
5434,61,0
5435,60,0
5436,61,0
5437,60,0
5438,62,0
5439,61,0
5440,60,0
5441,59,0
5442,62,0
5443,62,0
5444,62,0
5445,64,0
5446,59,0
5447,62,0
5448,63,0
5449,60,0
5450,62,0
5451,61,0
5452,62,0
5453,61,0
5454,61,0
5455,60,0
5456,61,0
5457,60,0
5458,65,0
5459,62,0
5460,63,0
5461,62,0
5462,63,0
5463,60,0
5464,61,0
5465,62,0
5466,63,0
5467,63,0
5468,62,0
5469,63,0
5470,60,0
5471,65,0
5472,62,0
5473,61,0
5474,62,0
5475,59,0
5476,61,0
5477,62,0
5478,61,0
5479,62,0
5480,61,0
5481,60,0
5482,63,0
5483,62,0
5484,62,0
5485,63,0
5486,62,0
5487,63,0
5488,62,0
5489,61,0
5490,64,0
5491,62,0
5492,61,0
5493,60,0
5494,61,0
5495,62,0
5496,61,0
5497,60,0
5498,62,0
5499,60,0
5500,62,0
5501,59,0
5502,62,0
5503,63,0
5504,59,0
5505,62,0
5506,65,0
5507,62,0
5508,65,0
5509,60,0
5510,65,0
5511,62,0
5512,62,0
5513,63,0
5514,62,0
5515,63,0
5516,64,0
5517,62,0
5518,59,0
5519,62,0
5520,65,0
5521,62,0
5522,60,0
5523,63,0
5524,62,0
5525,63,0
5526,62,0
5527,62,0
5528,65,0
5529,62,0
5530,59,0
5531,60,0
5532,61,0
5533,62,0
5534,61,0
5535,60,0
5536,62,0
5537,61,0
5538,60,0
5539,61,0
5540,62,0
5541,59,0
5542,60,0
5543,61,0
5544,62,0
5545,61,0
5546,62,0
5547,61,0
5548,62,0
5549,63,0
5550,60,0
5551,63,0
5552,62,0
5553,62,0
5554,61,0
5555,64,0
5556,59,0
5557,62,0
5558,61,0
5559,62,0
5560,64,0
5561,61,0
5562,60,0
5563,61,0
5564,65,0
5565,60,0
5566,65,0
5567,62,0
5568,60,0
5569,59,0
5570,62,0
5571,63,0
5572,60,0
5573,60,0
5574,61,0
5575,62,0
5576,60,0
5577,62,0
5578,61,0
5579,62,0
5580,61,0
5581,62,0
5582,63,0
5583,62,0
5584,62,0
5585,61,0
5586,62,0
5587,65,0
5588,62,0
5589,62,0
5590,62,0
5591,63,0
5592,62,0
5593,62,0
5594,61,0
5595,60,0
5596,61,0
5597,62,0
5598,62,0
5599,63,0
5600,62,0
5601,62,0
5602,61,0
5603,60,0
5604,61,0
5605,62,0
5606,61,0
5607,62,0
5608,60,0
5609,61,0
5610,62,0
5611,61,0
5612,62,0
5613,63,0
5614,60,0
5615,61,0
5616,62,0
5617,63,0
5618,61,0
5619,60,0
5620,59,0
5621,60,0
5622,64,0
5623,59,0
5624,60,0
5625,61,0
5626,62,0
5627,61,0
5628,60,0
5629,60,0
5630,63,0
5631,62,0
5632,59,0
5633,64,0
5634,61,0
5635,61,0
5636,62,0
5637,63,0
5638,61,0
5639,59,0
5640,62,0
5641,61,0
5642,60,0
5643,62,0
5644,65,0
5645,60,0
5646,61,0
5647,63,0
5648,62,0
5649,63,0
5650,62,0
5651,60,0
5652,59,0
5653,62,0
5654,63,0
5655,60,0
5656,65,0
5657,62,0
5658,62,0
5659,59,0
5660,60,0
5661,63,0
5662,64,0
5663,62,0
5664,62,0
5665,61,0
5666,61,0
5667,64,0
5668,63,0
5669,60,0
5670,60,0
5671,61,0
5672,62,0
5673,61,0
5674,64,0
5675,62,0
5676,61,0
5677,62,0
5678,63,0
5679,62,0
5680,62,0
5681,61,0
5682,62,0
5683,63,0
5684,59,0
5685,61,0
5686,62,0
5687,62,0
5688,62,0
5689,62,0
5690,59,0
5691,66,0
5692,63,0
5693,63,0
5694,62,0
5695,63,0
5696,62,0
5697,61,0
5698,62,0
5699,62,0
5700,61,0
5701,62,0
5702,61,0
5703,62,0
5704,60,0
5705,63,0
5706,62,0
5707,63,0
5708,62,0
5709,63,0
5710,62,0
5711,62,0
5712,61,0
5713,63,0
5714,61,0
5715,64,0
5716,59,0
5717,64,0
5718,62,0
5719,61,0
5720,64,0
5721,61,0
5722,60,0
5723,63,0
5724,60,0
5725,59,0
5726,59,0
5727,62,0
5728,63,0
5729,62,0
5730,61,0
5731,62,0
5732,63,0
5733,62,0
5734,63,0
5735,62,0
5736,61,0
5737,60,0
5738,62,0
5739,59,0
5740,62,0
5741,64,0
5742,59,0
5743,62,0
5744,65,0
5745,62,0
5746,59,0
5747,60,0
5748,63,0
5749,62,0
5750,64,0
5751,63,0
5752,64,0
5753,62,0
5754,62,0
5755,63,0
5756,64,0
5757,63,0
5758,60,0
5759,60,0
5760,59,0
5761,62,0
5762,63,0
5763,62,0
5764,61,0
5765,62,0
5766,61,0
5767,60,0
5768,63,0
5769,63,0
5770,64,0
5771,59,0
5772,62,0
5773,62,0
5774,63,0
5775,62,0
5776,63,0
5777,62,0
5778,65,0
5779,59,0
5780,64,0
5781,61,0
5782,62,0
5783,62,0
5784,61,0
5785,60,0
5786,62,0
5787,63,0
5788,62,0
5789,63,0
5790,62,0
5791,63,0
5792,60,0
5793,61,0
5794,60,0
5795,62,0
5796,61,0
5797,62,0
5798,63,0
5799,60,0
5800,62,0
5801,63,0
5802,62,0
5803,65,0
5804,63,0
5805,62,0
5806,61,0
5807,64,0
5808,61,0
5809,62,0
5810,59,0
5811,60,0
5812,62,0
5813,63,0
5814,60,0
5815,61,0
5816,60,0
5817,65,0
5818,62,0
5819,64,0
5820,63,0
5821,62,0
5822,63,0
5823,62,0
5824,60,0
5825,63,0
5826,62,0
5827,61,0
5828,62,0
5829,61,0
5830,62,0
5831,63,0
5832,62,0
5833,63,0
5834,63,0
5835,62,0
5836,61,0
5837,62,0
5838,62,0
5839,62,0
5840,62,0
5841,67,0
5842,62,0
5843,63,0
5844,62,0
5845,63,0
5846,62,0
5847,59,0
5848,62,0
5849,61,0
5850,62,0
5851,61,0
5852,62,0
5853,63,0
5854,60,0
5855,62,0
5856,61,0
5857,60,0
5858,61,0
5859,62,0
5860,63,0
5861,62,0
5862,63,0
5863,60,0
5864,61,0
5865,60,0
5866,62,0
5867,63,0
5868,60,0
5869,61,0
5870,61,0
5871,62,0
5872,62,0
5873,61,0
5874,62,0
5875,63,0
5876,62,0
5877,61,0
5878,63,0
5879,64,0
5880,65,0
5881,60,0
5882,60,0
5883,59,0
5884,62,0
5885,63,0
5886,60,0
5887,62,0
5888,63,0
5889,59,0
5890,60,0
5891,61,0
5892,62,0
5893,61,0
5894,61,0
5895,62,0
5896,63,0
5897,62,0
5898,61,0
5899,63,0
5900,60,0
5901,59,0
5902,64,0
5903,59,0
5904,62,0
5905,62,0
5906,60,0
5907,60,0
5908,63,0
5909,60,0
5910,59,0
5911,60,0
5912,62,0
5913,61,0
5914,62,0
5915,63,0
5916,62,0
5917,61,0
5918,62,0
5919,63,0
5920,60,0
5921,60,0
5922,65,0
5923,62,0
5924,63,0
5925,63,0
5926,64,0
5927,61,0
5928,59,0
5929,60,0
5930,63,0
5931,60,0
5932,62,0
5933,61,0
5934,62,0
5935,65,0
5936,62,0
5937,60,0
5938,61,0
5939,62,0
5940,63,0
5941,63,0
5942,62,0
5943,63,0
5944,62,0
5945,62,0
5946,65,0
5947,60,0
5948,63,0
5949,60,0
5950,63,0
5951,60,0
5952,62,0
5953,63,0
5954,64,0
5955,63,0
5956,64,0
5957,61,0
5958,62,0
5959,62,0
5960,59,0
5961,64,0
5962,59,0
5963,63,0
5964,62,0
5965,61,0
5966,61,0
5967,62,0
5968,61,0
5969,64,0
5970,63,0
5971,62,0
5972,60,0
5973,59,0
5974,60,0
5975,59,0
5976,62,0
5977,61,0
5978,62,0
5979,59,0
5980,60,0
5981,63,0
5982,63,0
5983,64,0
5984,61,0
5985,60,0
5986,59,0
5987,62,0
5988,62,0
5989,61,0
5990,60,0
5991,61,0
5992,60,0
5993,64,0
5994,65,0
5995,60,0
5996,61,0
5997,60,0
5998,62,0
5999,63,0
6000,62,0
6001,63,0
6002,60,0
6003,61,0
6004,62,0
6005,62,0
6006,59,0
6007,62,0
6008,64,0
6009,61,0
6010,62,0
6011,61,0
6012,60,0
6013,62,0
6014,61,0
6015,62,0
6016,63,0
6017,62,0
6018,59,0
6019,62,0
6020,60,0
6021,61,0
6022,62,0
6023,61,0
6024,62,0
6025,62,0
6026,61,0
6027,62,0
6028,61,0
6029,60,0
6030,63,0
6031,62,0
6032,62,0
6033,63,0
6034,62,0
6035,61,0
6036,63,0
6037,62,0
6038,63,0
6039,63,0
6040,62,0
6041,62,0
6042,64,0
6043,61,0
6044,62,0
6045,62,0
6046,63,0
6047,62,0
6048,62,0
6049,61,0
6050,62,0
6051,61,0
6052,64,0
6053,63,0
6054,60,0
6055,62,0
6056,61,0
6057,60,0
6058,63,0
6059,62,0
6060,63,0
6061,60,0
6062,63,0
6063,62,0
6064,63,0
6065,60,0
6066,62,0
6067,60,0
6068,62,0
6069,63,0
6070,62,0
6071,61,0
6072,60,0
6073,63,0
6074,62,0
6075,62,0
6076,61,0
6077,60,0
6078,61,0
6079,62,0
6080,62,0
6081,63,0
6082,62,0
6083,62,0
6084,64,0
6085,61,0
6086,62,0
6087,61,0
6088,62,0
6089,62,0
6090,65,0
6091,60,0
6092,63,0
6093,64,0
6094,63,0
6095,63,0
6096,61,0
6097,60,0
6098,62,0
6099,61,0
6100,62,0
6101,63,0
6102,62,0
6103,60,0
6104,63,0
6105,60,0
6106,61,0
6107,62,0
6108,64,0
6109,61,0
6110,60,0
6111,63,0
6112,60,0
6113,105,0
6114,77,0
6115,83,0
6116,64,0
6117,60,0
6118,61,0
6119,62,0
6120,63,0
6121,62,0
6122,59,0
6123,62,0
6124,62,0
6125,63,0
6126,62,0
6127,60,0
6128,66,0
6129,61,0
6130,62,0
6131,62,0
6132,61,0
6133,64,0
6134,63,0
6135,62,0
6136,61,0
6137,60,0
6138,63,0
6139,64,0
6140,63,0
6141,60,0
6142,61,0
6143,62,0
6144,59,0
6145,62,0
6146,65,0
6147,60,0
6148,63,0
6149,62,0
6150,61,0
6151,62,0
6152,59,0
6153,62,0
6154,65,0
6155,62,0
6156,63,0
6157,64,0
6158,61,0
6159,60,0
6160,63,0
6161,62,0
6162,64,0
6163,62,0
6164,60,0
6165,63,0
6166,60,0
6167,64,0
6168,61,0
6169,62,0
6170,64,0
6171,63,0
6172,65,0
6173,64,0
6174,65,0
6175,61,0
6176,63,0
6177,62,0
6178,61,0
6179,63,0
6180,62,0
6181,61,0
6182,64,0
6183,61,0
6184,64,0
6185,63,0
6186,62,0
6187,61,0
6188,62,0
6189,61,0
6190,67,0
6191,64,0
6192,61,0
6193,62,0
6194,64,0
6195,65,0
6196,62,0
6197,63,0
6198,62,0
6199,61,0
6200,64,0
6201,63,0
6202,64,0
6203,64,0
6204,65,0
6205,62,0
6206,65,0
6207,64,0
6208,63,0
6209,62,0
6210,59,0
6211,65,0
6212,64,0
6213,61,0
6214,64,0
6215,64,0
6216,63,0
6217,62,0
6218,61,0
6219,62,0
6220,63,0
6221,64,0
6222,63,0
6223,64,0
6224,64,0
6225,63,0
6226,66,0
6227,63,0
6228,62,0
6229,65,0
6230,64,0
6231,61,0
6232,64,0
6233,64,0
6234,65,0
6235,64,0
6236,65,0
6237,64,0
6238,59,0
6239,63,0
6240,64,0
6241,63,0
6242,62,0
6243,65,0
6244,62,0
6245,63,0
6246,64,0
6247,62,0
6248,65,0
6249,62,0
6250,65,0
6251,64,0
6252,63,0
6253,65,0
6254,62,0
6255,61,0
6256,64,0
6257,63,0
6258,64,0
6259,61,0
6260,64,0
6261,67,0
6262,64,0
6263,63,0
6264,63,0
6265,64,0
6266,64,0
6267,61,0
6268,64,0
6269,63,0
6270,64,0
6271,64,0
6272,59,0
6273,62,0
6274,64,0
6275,65,0
6276,62,0
6277,63,0
6278,66,0
6279,63,0
6280,64,0
6281,63,0
6282,65,0
6283,64,0
6284,65,0
6285,62,0
6286,63,0
6287,62,0
6288,63,0
6289,62,0
6290,63,0
6291,63,0
6292,62,0
6293,61,0
6294,62,0
6295,65,0
6296,64,0
6297,65,0
6298,64,0
6299,64,0
6300,65,0
6301,64,0
6302,65,0
6303,66,0
6304,67,0
6305,64,0
6306,63,0
6307,62,0
6308,65,0
6309,62,0
6310,63,0
6311,65,0
6312,64,0
6313,65,0
6314,64,0
6315,65,0
6316,62,0
6317,63,0
6318,64,0
6319,63,0
6320,65,0
6321,62,0
6322,64,0
6323,62,0
6324,62,0
6325,62,0
6326,63,0
6327,64,0
6328,65,0
6329,64,0
6330,65,0
6331,64,0
6332,64,0
6333,63,0
6334,64,0
6335,61,0
6336,62,0
6337,65,0
6338,64,0
6339,61,0
6340,64,0
6341,63,0
6342,62,0
6343,63,0
6344,66,0
6345,65,0
6346,62,0
6347,64,0
6348,65,0
6349,62,0
6350,65,0
6351,62,0
6352,64,0
6353,63,0
6354,62,0
6355,61,0
6356,64,0
6357,62,0
6358,61,0
6359,62,0
6360,61,0
6361,62,0
6362,65,0
6363,64,0
6364,65,0
6365,64,0
6366,64,0
6367,63,0
6368,62,0
6369,62,0
6370,65,0
6371,64,0
6372,61,0
6373,62,0
6374,61,0
6375,61,0
6376,64,0
6377,62,0
6378,61,0
6379,62,0
6380,63,0
6381,62,0
6382,63,0
6383,62,0
6384,65,0
6385,62,0
6386,66,0
6387,65,0
6388,64,0
6389,61,0
6390,62,0
6391,61,0
6392,64,0
6393,63,0
6394,62,0
6395,62,0
6396,63,0
6397,62,0
6398,61,0
6399,62,0
6400,65,0
6401,63,0
6402,62,0
6403,63,0
6404,64,0
6405,62,0
6406,63,0
6407,64,0
6408,64,0
6409,65,0
6410,64,0
6411,63,0
6412,62,0
6413,65,0
6414,62,0
6415,63,0
6416,64,0
6417,64,0
6418,63,0
6419,62,0
6420,65,0
6421,64,0
6422,61,0
6423,62,0
6424,61,0
6425,66,0
6426,61,0
6427,64,0
6428,65,0
6429,63,0
6430,62,0
6431,65,0
6432,65,0
6433,62,0
6434,61,0
6435,66,0
6436,61,0
6437,65,0
6438,64,0
6439,63,0
6440,62,0
6441,62,0
6442,65,0
6443,66,0
6444,65,0
6445,62,0
6446,61,0
6447,62,0
6448,65,0
6449,64,0
6450,63,0
6451,62,0
6452,65,0
6453,66,0
6454,62,0
6455,62,0
6456,65,0
6457,64,0
6458,65,0
6459,64,0
6460,64,0
6461,66,0
6462,63,0
6463,62,0
6464,63,0
6465,62,0
6466,66,0
6467,63,0
6468,61,0
6469,62,0
6470,61,0
6471,64,0
6472,63,0
6473,64,0
6474,65,0
6475,64,0
6476,61,0
6477,64,0
6478,65,0
6479,64,0
6480,61,0
6481,62,0
6482,59,0
6483,64,0
6484,61,0
6485,64,0
6486,64,0
6487,63,0
6488,62,0
6489,65,0
6490,62,0
6491,63,0
6492,62,0
6493,61,0
6494,64,0
6495,63,0
6496,64,0
6497,65,0
6498,62,0
6499,65,0
6500,64,0
6501,61,0
6502,64,0
6503,65,0
6504,64,0
6505,61,0
6506,62,0
6507,65,0
6508,66,0
6509,63,0
6510,61,0
6511,64,0
6512,61,0
6513,62,0
6514,61,0
6515,62,0
6516,63,0
6517,62,0
6518,65,0
6519,62,0
6520,63,0
6521,64,0
6522,63,0
6523,64,0
6524,64,0
6525,61,0
6526,62,0
6527,63,0
6528,62,0
6529,61,0
6530,64,0
6531,63,0
6532,62,0
6533,63,0
6534,63,0
6535,62,0
6536,62,0
6537,63,0
6538,64,0
6539,61,0
6540,64,0
6541,61,0
6542,61,0
6543,61,0
6544,61,0
6545,62,0
6546,61,0
6547,60,0
6548,61,0
6549,60,0
6550,61,0
6551,60,0
6552,62,0
6553,61,0
6554,62,0
6555,63,0
6556,60,0
6557,59,0
6558,62,0
6559,59,0
6560,62,0
6561,61,0
6562,62,0
6563,61,0
6564,60,0
6565,61,0
6566,60,0
6567,61,0
6568,62,0
6569,61,0
6570,62,0
6571,60,0
6572,63,0
6573,62,0
6574,63,0
6575,60,0
6576,61,0
6577,60,0
6578,61,0
6579,60,0
6580,61,0
6581,62,0
6582,63,0
6583,62,0
6584,61,0
6585,62,0
6586,62,0
6587,62,0
6588,62,0
6589,63,0
6590,60,0
6591,61,0
6592,61,0
6593,60,0
6594,59,0
6595,60,0
6596,63,0
6597,62,0
6598,61,0
6599,59,0
6600,62,0
6601,63,0
6602,62,0
6603,61,0
6604,62,0
6605,63,0
6606,62,0
6607,62,0
6608,61,0
6609,62,0
6610,61,0
6611,62,0
6612,61,0
6613,62,0
6614,63,0
6615,62,0
6616,65,0
6617,63,0
6618,62,0
6619,61,0
6620,62,0
6621,63,0
6622,64,0
6623,62,0
6624,63,0
6625,64,0
6626,62,0
6627,64,0
6628,61,0
6629,62,0
6630,65,0
6631,64,0
6632,61,0
6633,61,0
6634,62,0
6635,63,0
6636,64,0
6637,65,0
6638,62,0
6639,63,0
6640,62,0
6641,64,0
6642,61,0
6643,64,0
6644,60,0
6645,64,0
6646,63,0
6647,62,0
6648,61,0
6649,62,0
6650,62,0
6651,59,0
6652,62,0
6653,65,0
6654,62,0
6655,61,0
6656,59,0
6657,60,0
6658,63,0
6659,62,0
6660,101,0
6661,61,0
6662,62,0
6663,61,0
6664,60,0
6665,63,0
6666,64,0
6667,63,0
6668,59,0
6669,62,0
6670,59,0
6671,60,0
6672,63,0
6673,61,0
6674,60,0
6675,63,0
6676,60,0
6677,62,0
6678,65,0
6679,62,0
6680,63,0
6681,60,0
6682,65,0
6683,60,0
6684,61,0
6685,60,0
6686,62,0
6687,63,0
6688,62,0
6689,61,0
6690,60,0
6691,63,0
6692,62,0
6693,63,0
6694,60,0
6695,60,0
6696,63,0
6697,62,0
6698,63,0
6699,60,0
6700,62,0
6701,63,0
6702,62,0
6703,61,0
6704,60,0
6705,62,0
6706,59,0
6707,62,0
6708,63,0
6709,63,0
6710,62,0
6711,59,0
6712,64,0
6713,62,0
6714,64,0
6715,63,0
6716,62,0
6717,63,0
6718,61,0
6719,62,0
6720,63,0
6721,64,0
6722,65,0
6723,66,0
6724,63,0
6725,64,0
6726,63,0
6727,64,0
6728,61,0
6729,63,0
6730,64,0
6731,61,0
6732,64,0
6733,63,0
6734,64,0
6735,62,0
6736,63,0
6737,62,0
6738,65,0
6739,64,0
6740,65,0
6741,66,0
6742,65,0
6743,64,0
6744,62,0
6745,63,0
6746,64,0
6747,65,0
6748,62,0
6749,61,0
6750,64,0
6751,63,0
6752,63,0
6753,64,0
6754,64,0
6755,62,0
6756,63,0
6757,64,0
6758,64,0
6759,64,0
6760,65,0
6761,62,0
6762,63,0
6763,62,0
6764,62,0
6765,62,0
6766,64,0
6767,62,0
6768,63,0
6769,63,0
6770,63,0
6771,62,0
6772,61,0
6773,62,0
6774,63,0
6775,64,0
6776,65,0
6777,64,0
6778,63,0
6779,62,0
6780,61,0
6781,62,0
6782,63,0
6783,62,0
6784,65,0
6785,62,0
6786,65,0
6787,62,0
6788,62,0
6789,67,0
6790,62,0
6791,61,0
6792,66,0
6793,61,0
6794,64,0
6795,63,0
6796,65,0
6797,64,0
6798,63,0
6799,62,0
6800,61,0
6801,61,0
6802,66,0
6803,64,0
6804,65,0
6805,64,0
6806,61,0
6807,63,0
6808,64,0
6809,61,0
6810,62,0
6811,334,1
6812,63,0
6813,60,0
6814,62,0
6815,61,0
6816,64,0
6817,61,0
6818,62,0
6819,61,0
6820,62,0
6821,63,0
6822,62,0
6823,62,0
6824,65,0
6825,62,0
6826,64,0
6827,60,0
6828,61,0
6829,60,0
6830,64,0
6831,63,0
6832,62,0
6833,61,0
6834,62,0
6835,61,0
6836,60,0
6837,63,0
6838,59,0
6839,62,0
6840,60,0
6841,59,0
6842,63,0
6843,63,0
6844,60,0
6845,61,0
6846,64,0
6847,60,0
6848,65,0
6849,62,0
6850,62,0
6851,63,0
6852,62,0
6853,59,0
6854,62,0
6855,63,0
6856,62,0
6857,62,0
6858,61,0
6859,60,0
6860,61,0
6861,65,0
6862,63,0
6863,61,0
6864,62,0
6865,61,0
6866,62,0
6867,62,0
6868,63,0
6869,64,0
6870,63,0
6871,64,0
6872,61,0
6873,62,0
6874,62,0
6875,63,0
6876,62,0
6877,63,0
6878,62,0
6879,62,0
6880,62,0
6881,63,0
6882,63,0
6883,60,0
6884,63,0
6885,62,0
6886,63,0
6887,62,0
6888,62,0
6889,63,0
6890,62,0
6891,61,0
6892,64,0
6893,63,0
6894,62,0
6895,60,0
6896,63,0
6897,62,0
6898,63,0
6899,64,0
6900,61,0
6901,62,0
6902,61,0
6903,62,0
6904,63,0
6905,62,0
6906,60,0
6907,63,0
6908,60,0
6909,61,0
6910,62,0
6911,61,0
6912,64,0
6913,63,0
6914,60,0
6915,62,0
6916,61,0
6917,60,0
6918,61,0
6919,61,0
6920,62,0
6921,62,0
6922,63,0
6923,63,0
6924,60,0
6925,63,0
6926,62,0
6927,62,0
6928,61,0
6929,62,0
6930,61,0
6931,64,0
6932,61,0
6933,62,0
6934,61,0
6935,62,0
6936,59,0
6937,62,0
6938,61,0
6939,64,0
6940,61,0
6941,62,0
6942,60,0
6943,65,0
6944,62,0
6945,61,0
6946,60,0
6947,63,0
6948,62,0
6949,66,0
6950,63,0
6951,60,0
6952,63,0
6953,60,0
6954,60,0
6955,63,0
6956,62,0
6957,61,0
6958,62,0
6959,64,0
6960,61,0
6961,62,0
6962,61,0
6963,62,0
6964,61,0
6965,62,0
6966,62,0
6967,59,0
6968,60,0
6969,61,0
6970,62,0
6971,60,0
6972,59,0
6973,62,0
6974,61,0
6975,60,0
6976,63,0
6977,60,0
6978,59,0
6979,64,0
6980,60,0
6981,63,0
6982,64,0
6983,61,0
6984,59,0
6985,62,0
6986,63,0
6987,62,0
6988,60,0
6989,62,0
6990,64,0
6991,61,0
6992,63,0
6993,59,0
6994,60,0
6995,59,0
6996,62,0
6997,61,0
6998,62,0
6999,61,0
7000,62,0
7001,62,0
7002,61,0
7003,60,0
7004,64,0
7005,63,0
7006,62,0
7007,64,0
7008,63,0
7009,63,0
7010,60,0
7011,62,0
7012,61,0
7013,62,0
7014,61,0
7015,62,0
7016,61,0
7017,60,0
7018,61,0
7019,62,0
7020,62,0
7021,59,0
7022,64,0
7023,59,0
7024,64,0
7025,63,0
7026,64,0
7027,60,0
7028,61,0
7029,60,0
7030,63,0
7031,62,0
7032,61,0
7033,64,0
7034,63,0
7035,62,0
7036,59,0
7037,62,0
7038,59,0
7039,62,0
7040,64,0
7041,62,0
7042,60,0
7043,62,0
7044,61,0
7045,62,0
7046,63,0
7047,59,0
7048,62,0
7049,61,0
7050,60,0
7051,63,0
7052,62,0
7053,63,0
7054,62,0
7055,62,0
7056,61,0
7057,62,0
7058,63,0
7059,60,0
7060,59,0
7061,62,0
7062,61,0
7063,62,0
7064,62,0
7065,63,0
7066,62,0
7067,63,0
7068,60,0
7069,63,0
7070,62,0
7071,60,0
7072,63,0
7073,64,0
7074,61,0
7075,63,0
7076,62,0
7077,65,0
7078,62,0
7079,62,0
7080,59,0
7081,64,0
7082,59,0
7083,62,0
7084,62,0
7085,61,0
7086,60,0
7087,62,0
7088,64,0
7089,63,0
7090,62,0
7091,62,0
7092,61,0
7093,60,0
7094,61,0
7095,59,0
7096,62,0
7097,65,0
7098,62,0
7099,62,0
7100,62,0
7101,59,0
7102,65,0
7103,62,0
7104,59,0
7105,60,0
7106,63,0
7107,59,0
7108,62,0
7109,63,0
7110,62,0
7111,62,0
7112,62,0
7113,60,0
7114,59,0
7115,62,0
7116,63,0
7117,62,0
7118,61,0
7119,62,0
7120,64,0
7121,61,0
7122,60,0
7123,64,0
7124,63,0
7125,62,0
7126,61,0
7127,64,0
7128,62,0
7129,62,0
7130,62,0
7131,63,0
7132,60,0
7133,65,0
7134,60,0
7135,64,0
7136,63,0
7137,62,0
7138,65,0
7139,62,0
7140,59,0
7141,62,0
7142,60,0
7143,61,0
7144,60,0
7145,61,0
7146,62,0
7147,64,0
7148,61,0
7149,62,0
7150,61,0
7151,62,0
7152,62,0
7153,61,0
7154,62,0
7155,64,0
7156,61,0
7157,60,0
7158,59,0
7159,60,0
7160,60,0
7161,61,0
7162,62,0
7163,61,0
7164,62,0
7165,59,0
7166,62,0
7167,62,0
7168,63,0
7169,60,0
7170,63,0
7171,60,0
7172,65,0
7173,60,0
7174,61,0
7175,64,0
7176,61,0
7177,60,0
7178,62,0
7179,65,0
7180,62,0
7181,61,0
7182,63,0
7183,64,0
7184,63,0
7185,60,0
7186,63,0
7187,64,0
7188,63,0
7189,62,0
7190,62,0
7191,63,0
7192,60,0
7193,63,0
7194,62,0
7195,59,0
7196,62,0
7197,63,0
7198,60,0
7199,62,0
7200,61,0
7201,60,0
7202,63,0
7203,62,0
7204,63,0
7205,63,0
7206,62,0
7207,59,0
7208,60,0
7209,60,0
7210,63,0
7211,62,0
7212,61,0
7213,62,0
7214,62,0
7215,63,0
7216,64,0
7217,59,0
7218,65,0
7219,62,0
7220,61,0
7221,60,0
7222,62,0
7223,62,0
7224,61,0
7225,62,0
7226,62,0
7227,59,0
7228,62,0
7229,61,0
7230,63,0
7231,60,0
7232,59,0
7233,64,0
7234,64,0
7235,59,0
7236,64,0
7237,61,0
7238,62,0
7239,63,0
7240,59,0
7241,62,0
7242,62,0
7243,62,0
7244,63,0
7245,62,0
7246,62,0
7247,59,0
7248,60,0
7249,61,0
7250,59,0
7251,62,0
7252,65,0
7253,62,0
7254,63,0
7255,60,0
7256,61,0
7257,63,0
7258,62,0
7259,61,0
7260,60,0
7261,61,0
7262,60,0
7263,61,0
7264,60,0
7265,63,0
7266,62,0
7267,62,0
7268,59,0
7269,62,0
7270,59,0
7271,62,0
7272,63,0
7273,62,0
7274,62,0
7275,59,0
7276,62,0
7277,62,0
7278,63,0
7279,62,0
7280,63,0
7281,60,0
7282,63,0
7283,61,0
7284,62,0
7285,63,0
7286,62,0
7287,61,0
7288,60,0
7289,62,0
7290,61,0
7291,64,0
7292,62,0
7293,59,0
7294,62,0
7295,62,0
7296,62,0
7297,64,0
7298,63,0
7299,65,0
7300,64,0
7301,61,0
7302,64,0
7303,63,0
7304,61,0
7305,64,0
7306,63,0
7307,62,0
7308,65,0
7309,62,0
7310,62,0
7311,60,0
7312,61,0
7313,62,0
7314,62,0
7315,63,0
7316,62,0
7317,63,0
7318,64,0
7319,61,0
7320,60,0
7321,60,0
7322,61,0
7323,62,0
7324,59,0
7325,62,0
7326,62,0
7327,62,0
7328,59,0
7329,60,0
7330,63,0
7331,64,0
7332,62,0
7333,61,0
7334,62,0
7335,65,0
7336,62,0
7337,61,0
7338,62,0
7339,63,0
7340,62,0
7341,61,0
7342,62,0
7343,63,0
7344,64,0
7345,63,0
7346,60,0
7347,63,0
7348,62,0
7349,61,0
7350,60,0
7351,60,0
7352,63,0
7353,62,0
7354,59,0
7355,60,0
7356,61,0
7357,62,0
7358,65,0
7359,63,0
7360,63,0
7361,60,0
7362,62,0
7363,61,0
7364,62,0
7365,61,0
7366,62,0
7367,61,0
7368,59,0
7369,62,0
7370,63,0
7371,62,0
7372,59,0
7373,62,0
7374,62,0
7375,63,0
7376,62,0
7377,62,0
7378,63,0
7379,62,0
7380,64,0
7381,61,0
7382,62,0
7383,59,0
7384,61,0
7385,62,0
7386,61,0
7387,62,0
7388,62,0
7389,61,0
7390,64,0
7391,61,0
7392,62,0
7393,61,0
7394,61,0
7395,60,0
7396,63,0
7397,62,0
7398,60,0
7399,59,0
7400,64,0
7401,62,0
7402,61,0
7403,62,0
7404,63,0
7405,62,0
7406,61,0
7407,59,0
7408,62,0
7409,61,0
7410,62,0
7411,65,0
7412,62,0
7413,63,0
7414,63,0
7415,62,0
7416,61,0
7417,60,0
7418,61,0
7419,62,0
7420,61,0
7421,64,0
7422,62,0
7423,62,0
7424,61,0
7425,60,0
7426,61,0
7427,62,0
7428,63,0
7429,60,0
7430,62,0
7431,59,0
7432,62,0
7433,61,0
7434,64,0
7435,61,0
7436,62,0
7437,65,0
7438,60,0
7439,63,0
7440,60,0
7441,62,0
7442,59,0
7443,60,0
7444,63,0
7445,63,0
7446,60,0
7447,63,0
7448,60,0
7449,61,0
7450,62,0
7451,63,0
7452,62,0
7453,63,0
7454,60,0
7455,61,0
7456,60,0
7457,61,0
7458,60,0
7459,63,0
7460,62,0
7461,62,0
7462,61,0
7463,62,0
7464,63,0
7465,60,0
7466,64,0
7467,63,0
7468,62,0
7469,59,0
7470,62,0
7471,61,0
7472,62,0
7473,62,0
7474,59,0
7475,62,0
7476,61,0
7477,64,0
7478,61,0
7479,69,0
7480,61,0
7481,59,0
7482,62,0
7483,61,0
7484,60,0
7485,61,0
7486,62,0
7487,63,0
7488,62,0
7489,61,0
7490,62,0
7491,61,0
7492,63,0
7493,62,0
7494,61,0
7495,62,0
7496,59,0
7497,60,0
7498,62,0
7499,61,0
7500,62,0
7501,61,0
7502,62,0
7503,61,0
7504,62,0
7505,65,0
7506,60,0
7507,59,0
7508,62,0
7509,63,0
7510,62,0
7511,61,0
7512,60,0
7513,61,0
7514,60,0
7515,63,0
7516,60,0
7517,62,0
7518,59,0
7519,62,0
7520,62,0
7521,62,0
7522,61,0
7523,60,0
7524,59,0
7525,59,0
7526,62,0
7527,61,0
7528,62,0
7529,59,0
7530,63,0
7531,61,0
7532,62,0
7533,65,0
7534,63,0
7535,62,0
7536,61,0
7537,64,0
7538,61,0
7539,60,0
7540,63,0
7541,59,0
7542,62,0
7543,59,0
7544,62,0
7545,63,0
7546,62,0
7547,65,0
7548,59,0
7549,61,0
7550,62,0
7551,62,0
7552,61,0
7553,62,0
7554,60,0
7555,61,0
7556,62,0
7557,61,0
7558,60,0
7559,62,0
7560,59,0
7561,62,0
7562,59,0
7563,60,0
7564,60,0
7565,63,0
7566,62,0
7567,61,0
7568,64,0
7569,59,0
7570,64,0
7571,62,0
7572,59,0
7573,60,0
7574,63,0
7575,62,0
7576,62,0
7577,59,0
7578,62,0
7579,61,0
7580,62,0
7581,62,0
7582,63,0
7583,62,0
7584,61,0
7585,60,0
7586,61,0
7587,60,0
7588,62,0
7589,59,0
7590,60,0
7591,63,0
7592,62,0
7593,62,0
7594,61,0
7595,61,0
7596,65,0
7597,62,0
7598,59,0
7599,64,0
7600,63,0
7601,62,0
7602,62,0
7603,63,0
7604,62,0
7605,64,0
7606,61,0
7607,62,0
7608,62,0
7609,63,0
7610,62,0
7611,63,0
7612,60,0
7613,64,0
7614,61,0
7615,64,0
7616,63,0
7617,60,0
7618,63,0
7619,62,0
7620,60,0
7621,59,0
7622,62,0
7623,61,0
7624,62,0
7625,65,0
7626,60,0
7627,61,0
7628,62,0
7629,64,0
7630,63,0
7631,60,0
7632,59,0
7633,63,0
7634,62,0
7635,61,0
7636,64,0
7637,65,0
7638,60,0
7639,63,0
7640,59,0
7641,62,0
7642,61,0
7643,63,0
7644,60,0
7645,63,0
7646,62,0
7647,60,0
7648,61,0
7649,64,0
7650,62,0
7651,61,0
7652,62,0
7653,59,0
7654,62,0
7655,61,0
7656,60,0
7657,62,0
7658,63,0
7659,62,0
7660,61,0
7661,60,0
7662,61,0
7663,60,0
7664,63,0
7665,62,0
7666,61,0
7667,62,0
7668,61,0
7669,59,0
7670,60,0
7671,61,0
7672,62,0
7673,62,0
7674,61,0
7675,60,0
7676,63,0
7677,63,0
7678,62,0
7679,65,0
7680,62,0
7681,62,0
7682,63,0
7683,62,0
7684,61,0
7685,63,0
7686,62,0
7687,59,0
7688,62,0
7689,61,0
7690,60,0
7691,62,0
7692,63,0
7693,62,0
7694,59,0
7695,64,0
7696,61,0
7697,62,0
7698,63,0
7699,60,0
7700,63,0
7701,65,0
7702,60,0
7703,59,0
7704,60,0
7705,60,0
7706,61,0
7707,62,0
7708,61,0
7709,62,0
7710,62,0
7711,65,0
7712,62,0
7713,63,0
7714,61,0
7715,60,0
7716,59,0
7717,63,0
7718,62,0
7719,63,0
7720,62,0
7721,62,0
7722,63,0
7723,62,0
7724,63,0
7725,62,0
7726,61,0
7727,62,0
7728,61,0
7729,62,0
7730,63,0
7731,63,0
7732,62,0
7733,65,0
7734,60,0
7735,61,0
7736,62,0
7737,62,0
7738,63,0
7739,62,0
7740,61,0
7741,64,0
7742,61,0
7743,60,0
7744,63,0
7745,62,0
7746,59,0
7747,62,0
7748,60,0
7749,61,0
7750,60,0
7751,60,0
7752,61,0
7753,60,0
7754,61,0
7755,60,0
7756,61,0
7757,62,0
7758,59,0
7759,62,0
7760,63,0
7761,60,0
7762,62,0
7763,62,0
7764,65,0
7765,63,0
7766,62,0
7767,63,0
7768,62,0
7769,62,0
7770,63,0
7771,62,0
7772,62,0
7773,61,0
7774,62,0
7775,63,0
7776,62,0
7777,59,0
7778,60,0
7779,63,0
7780,62,0
7781,61,0
7782,60,0
7783,61,0
7784,64,0
7785,62,0
7786,63,0
7787,64,0
7788,62,0
7789,61,0
7790,66,0
7791,59,0
7792,62,0
7793,60,0
7794,63,0
7795,62,0
7796,63,0
7797,63,0
7798,62,0
7799,62,0
7800,63,0
7801,64,0
7802,63,0
7803,64,0
7804,62,0
7805,61,0
7806,61,0
7807,63,0
7808,60,0
7809,61,0
7810,60,0
7811,61,0
7812,59,0
7813,60,0
7814,61,0
7815,62,0
7816,63,0
7817,62,0
7818,61,0
7819,62,0
7820,62,0
7821,61,0
7822,60,0
7823,63,0
7824,60,0
7825,62,0
7826,59,0
7827,60,0
7828,59,0
7829,62,0
7830,61,0
7831,62,0
7832,62,0
7833,61,0
7834,60,0
7835,61,0
7836,62,0
7837,61,0
7838,60,0
7839,64,0
7840,63,0
7841,62,0
7842,61,0
7843,60,0
7844,62,0
7845,65,0
7846,62,0
7847,61,0
7848,62,0
7849,59,0
7850,62,0
7851,63,0
7852,62,0
7853,63,0
7854,62,0
7855,62,0
7856,64,0
7857,62,0
7858,63,0
7859,62,0
7860,64,0
7861,63,0
7862,62,0
7863,63,0
7864,62,0
7865,62,0
7866,61,0
7867,62,0
7868,63,0
7869,64,0
7870,63,0
7871,62,0
7872,61,0
7873,62,0
7874,61,0
7875,60,0
7876,63,0
7877,63,0
7878,65,0
7879,62,0
7880,62,0
7881,63,0
7882,62,0
7883,61,0
7884,62,0
7885,65,0
7886,60,0
7887,61,0
7888,62,0
7889,63,0
7890,59,0
7891,61,0
7892,62,0
7893,62,0
7894,63,0
7895,60,0
7896,61,0
7897,60,0
7898,60,0
7899,63,0
7900,60,0
7901,59,0
7902,62,0
7903,60,0
7904,59,0
7905,62,0
7906,61,0
7907,62,0
7908,63,0
7909,62,0
7910,62,0
7911,61,0
7912,62,0
7913,59,0
7914,61,0
7915,62,0
7916,61,0
7917,62,0
7918,61,0
7919,62,0
7920,63,0
7921,62,0
7922,65,0
7923,60,0
7924,62,0
7925,59,0
7926,62,0
7927,62,0
7928,63,0
7929,62,0
7930,61,0
7931,62,0
7932,62,0
7933,63,0
7934,62,0
7935,61,0
7936,60,0
7937,63,0
7938,63,0
7939,62,0
7940,63,0
7941,64,0
7942,62,0
7943,63,0
7944,59,0
7945,62,0
7946,63,0
7947,62,0
7948,62,0
7949,61,0
7950,60,0
7951,62,0
7952,63,0
7953,64,0
7954,65,0
7955,62,0
7956,63,0
7957,65,0
7958,64,0
7959,59,0
7960,62,0
7961,62,0
7962,59,0
7963,62,0
7964,65,0
7965,61,0
7966,60,0
7967,61,0
7968,62,0
7969,62,0
7970,63,0
7971,62,0
7972,63,0
7973,62,0
7974,59,0
7975,61,0
7976,62,0
7977,61,0
7978,60,0
7979,62,0
7980,63,0
7981,62,0
7982,61,0
7983,60,0
7984,61,0
7985,62,0
7986,62,0
7987,59,0
7988,62,0
7989,64,0
7990,61,0
7991,61,0
7992,62,0
7993,62,0
7994,59,0
7995,62,0
7996,63,0
7997,62,0
7998,62,0
7999,61,0
8000,60,0
8001,61,0
8002,63,0
8003,60,0
8004,59,0
8005,64,0
8006,63,0
8007,62,0
8008,60,0
8009,61,0
8010,62,0
8011,63,0
8012,62,0
8013,63,0
8014,62,0
8015,61,0
8016,60,0
8017,63,0
8018,61,0
8019,60,0
8020,63,0
8021,64,0
8022,63,0
8023,64,0
8024,62,0
8025,63,0
8026,62,0
8027,62,0
8028,59,0
8029,62,0
8030,63,0
8031,62,0
8032,62,0
8033,59,0
8034,62,0
8035,61,0
8036,62,0
8037,61,0
8038,62,0
8039,63,0
8040,62,0
8041,63,0
8042,62,0
8043,59,0
8044,62,0
8045,60,0
8046,62,0
8047,63,0
8048,62,0
8049,62,0
8050,62,0
8051,65,0
8052,60,0
8053,63,0
8054,62,0
8055,59,0
8056,61,0
8057,62,0
8058,63,0
8059,60,0
8060,59,0
8061,62,0
8062,62,0
8063,59,0
8064,62,0
8065,63,0
8066,64,0
8067,59,0
8068,64,0
8069,59,0
8070,62,0
8071,61,0
8072,62,0
8073,62,0
8074,61,0
8075,60,0
8076,61,0
8077,60,0
8078,62,0
8079,63,0
8080,59,0
8081,60,0
8082,61,0
8083,66,0
8084,62,0
8085,61,0
8086,60,0
8087,60,0
8088,63,0
8089,64,0
8090,61,0
8091,59,0
8092,62,0
8093,61,0
8094,63,0
8095,62,0
8096,63,0
8097,64,0
8098,62,0
8099,62,0
8100,59,0
8101,62,0
8102,63,0
8103,65,0
8104,62,0
8105,65,0
8106,59,0
8107,60,0
8108,61,0
8109,62,0
8110,59,0
8111,61,0
8112,61,0
8113,62,0
8114,62,0
8115,63,0
8116,60,0
8117,63,0
8118,60,0
8119,62,0
8120,61,0
8121,62,0
8122,65,0
8123,62,0
8124,62,0
8125,59,0
8126,62,0
8127,61,0
8128,63,0
8129,62,0
8130,61,0
8131,60,0
8132,63,0
8133,61,0
8134,62,0
8135,61,0
8136,62,0
8137,62,0
8138,64,0
8139,62,0
8140,61,0
8141,62,0
8142,63,0
8143,65,0
8144,60,0
8145,62,0
8146,63,0
8147,62,0
8148,61,0
8149,62,0
8150,61,0
8151,62,0
8152,65,0
8153,62,0
8154,60,0
8155,61,0
8156,60,0
8157,61,0
8158,60,0
8159,62,0
8160,63,0
8161,62,0
8162,63,0
8163,60,0
8164,63,0
8165,62,0
8166,62,0
8167,62,0
8168,62,0
8169,63,0
8170,60,0
8171,61,0
8172,64,0
8173,61,0
8174,64,0
8175,63,0
8176,62,0
8177,62,0
8178,63,0
8179,64,0
8180,63,0
8181,64,0
8182,63,0
8183,62,0
8184,63,0
8185,62,0
8186,61,0
8187,62,0
8188,63,0
8189,59,0
8190,62,0
8191,61,0
8192,60,0
8193,63,0
8194,60,0
8195,63,0
8196,62,0
8197,61,0
8198,61,0
8199,61,0
8200,60,0
8201,61,0
8202,62,0
8203,62,0
8204,63,0
8205,62,0
8206,61,0
8207,64,0
8208,61,0
8209,64,0
8210,59,0
8211,62,0
8212,59,0
8213,60,0
8214,64,0
8215,61,0
8216,64,0
8217,61,0
8218,62,0
8219,62,0
8220,63,0
8221,62,0
8222,60,0
8223,59,0
8224,64,0
8225,63,0
8226,62,0
8227,63,0
8228,61,0
8229,62,0
8230,61,0
8231,60,0
8232,60,0
8233,59,0
8234,60,0
8235,59,0
8236,62,0
8237,61,0
8238,60,0
8239,61,0
8240,61,0
8241,63,0
8242,61,0
8243,64,0
8244,59,0
8245,64,0
8246,62,0
8247,61,0
8248,60,0
8249,63,0
8250,59,0
8251,64,0
8252,63,0
8253,60,0
8254,62,0
8255,61,0
8256,62,0
8257,60,0
8258,61,0
8259,62,0
8260,63,0
8261,59,0
8262,60,0
8263,63,0
8264,60,0
8265,59,0
8266,62,0
8267,62,0
8268,59,0
8269,64,0
8270,61,0
8271,60,0
8272,63,0
8273,64,0
8274,62,0
8275,63,0
8276,62,0
8277,61,0
8278,61,0
8279,62,0
8280,61,0
8281,64,0
8282,62,0
8283,63,0
8284,62,0
8285,61,0
8286,62,0
8287,59,0
8288,62,0
8289,63,0
8290,62,0
8291,61,0
8292,62,0
8293,61,0
8294,64,0
8295,61,0
8296,62,0
8297,63,0
8298,69,0
8299,60,0
8300,63,0
8301,60,0
8302,63,0
8303,64,0
8304,63,0
8305,64,0
8306,63,0
8307,62,0
8308,59,0
8309,60,0
8310,60,0
8311,59,0
8312,60,0
8313,63,0
8314,60,0
8315,59,0
8316,62,0
8317,59,0
8318,64,0
8319,61,0
8320,62,0
8321,63,0
8322,63,0
8323,62,0
8324,62,0
8325,62,0
8326,62,0
8327,61,0
8328,62,0
8329,63,0
8330,62,0
8331,60,0
8332,63,0
8333,64,0
8334,63,0
8335,62,0
8336,59,0
8337,60,0
8338,60,0
8339,63,0
8340,62,0
8341,63,0
8342,63,0
8343,62,0
8344,61,0
8345,62,0
8346,60,0
8347,61,0
8348,60,0
8349,61,0
8350,62,0
8351,61,0
8352,62,0
8353,60,0
8354,61,0
8355,62,0
8356,59,0
8357,60,0
8358,62,0
8359,59,0
8360,60,0
8361,63,0
8362,63,0
8363,62,0
8364,59,0
8365,59,0
8366,62,0
8367,59,0
8368,60,0
8369,62,0
8370,61,0
8371,61,0
8372,62,0
8373,59,0
8374,62,0
8375,60,0
8376,59,0
8377,62,0
8378,61,0
8379,64,0
8380,59,0
8381,62,0
8382,63,0
8383,60,0
8384,61,0
8385,62,0
8386,62,0
8387,65,0
8388,60,0
8389,64,0
8390,61,0
8391,59,0
8392,60,0
8393,63,0
8394,60,0
8395,61,0
8396,61,0
8397,64,0
8398,61,0
8399,64,0
8400,59,0
8401,62,0
8402,59,0
8403,63,0
8404,64,0
8405,65,0
8406,62,0
8407,59,0
8408,62,0
8409,61,0
8410,62,0
8411,63,0
8412,59,0
8413,62,0
8414,61,0
8415,62,0
8416,60,0
8417,62,0
8418,59,0
8419,62,0
8420,63,0
8421,61,0
8422,60,0
8423,61,0
8424,60,0
8425,62,0
8426,61,0
8427,62,0
8428,61,0
8429,60,0
8430,62,0
8431,65,0
8432,64,0
8433,63,0
8434,60,0
8435,61,0
8436,62,0
8437,62,0
8438,61,0
8439,62,0
8440,61,0
8441,62,0
8442,62,0
8443,63,0
8444,64,0
8445,63,0
8446,62,0
8447,62,0
8448,61,0
8449,62,0
8450,63,0
8451,62,0
8452,68,0
8453,68,0
8454,62,0
8455,64,0
8456,61,0
8457,67,0
8458,71,0
8459,69,0
8460,62,0
8461,67,0
8462,64,0
8463,64,0
8464,67,0
8465,60,0
8466,63,0
8467,70,0
8468,63,0
8469,66,0
8470,62,0
8471,66,0
8472,61,0
8473,60,0
8474,62,0
8475,59,0
8476,65,0
8477,60,0
8478,60,0
8479,61,0
8480,65,0
8481,65,0
8482,61,0
8483,59,0
8484,64,0
8485,64,0
8486,64,0
8487,64,0
8488,63,0
8489,62,0
8490,64,0
8491,62,0
8492,63,0
8493,60,0
8494,63,0
8495,66,0
8496,62,0
8497,68,0
8498,65,0
8499,64,0
8500,67,0
8501,66,0
8502,65,0
8503,64,0
8504,62,0
8505,62,0
8506,66,0
8507,72,0
8508,66,0
8509,66,0
8510,68,0
8511,64,0
8512,65,0
8513,65,0
8514,66,0
8515,68,0
8516,62,0
8517,60,0
8518,60,0
8519,60,0
8520,75,0
8521,77,0
8522,66,0
8523,69,0
8524,61,0
8525,67,0
8526,63,0
8527,64,0
8528,63,0
8529,66,0
8530,68,0
8531,66,0
8532,66,0
8533,66,0
8534,73,0
8535,73,0
8536,68,0
8537,69,0
8538,67,0
8539,66,0
8540,69,0
8541,68,0
8542,64,0
8543,67,0
8544,65,0
8545,68,0
8546,64,0
8547,67,0
8548,67,0
8549,64,0
8550,66,0
8551,66,0
8552,70,0
8553,70,0
8554,70,0
8555,70,0
8556,66,0
8557,61,0
8558,69,0
8559,61,0
8560,62,0
8561,71,0
8562,58,0
8563,64,0
8564,65,0
8565,65,0
8566,66,0
8567,78,0
8568,79,0
8569,71,0
8570,70,0
8571,62,0
8572,68,0
8573,70,0
8574,65,0
8575,71,0
8576,71,0
8577,59,0
8578,62,0
8579,65,0
8580,60,0
8581,60,0
8582,64,0
8583,65,0
8584,63,0
8585,69,0
8586,67,0
8587,73,0
8588,66,0
8589,62,0
8590,62,0
8591,63,0
8592,67,0
8593,67,0
8594,63,0
8595,60,0
8596,63,0
8597,66,0
8598,67,0
8599,66,0
8600,69,0
8601,64,0
8602,68,0
8603,66,0
8604,72,0
8605,75,0
8606,72,0
8607,68,0
8608,67,0
8609,67,0
8610,65,0
8611,67,0
8612,66,0
8613,64,0
8614,69,0
8615,60,0
8616,63,0
8617,57,0
8618,62,0
8619,61,0
8620,62,0
8621,63,0
8622,62,0
8623,59,0
8624,60,0
8625,60,0
8626,59,0
8627,60,0
8628,65,0
8629,61,0
8630,60,0
8631,63,0
8632,60,0
8633,63,0
8634,62,0
8635,59,0
8636,60,0
8637,61,0
8638,60,0
8639,63,0
8640,62,0
8641,61,0
8642,62,0
8643,59,0
8644,62,0
8645,63,0
8646,64,0
8647,63,0
8648,62,0
8649,62,0
8650,62,0
8651,59,0
8652,62,0
8653,65,0
8654,62,0
8655,63,0
8656,62,0
8657,63,0
8658,60,0
8659,61,0
8660,62,0
8661,61,0
8662,60,0
8663,62,0
8664,63,0
8665,62,0
8666,63,0
8667,63,0
8668,60,0
8669,65,0
8670,62,0
8671,62,0
8672,61,0
8673,62,0
8674,61,0
8675,62,0
8676,62,0
8677,61,0
8678,62,0
8679,63,0
8680,62,0
8681,64,0
8682,63,0
8683,62,0
8684,62,0
8685,59,0
8686,64,0
8687,59,0
8688,62,0
8689,62,0
8690,61,0
8691,62,0
8692,63,0
8693,62,0
8694,61,0
8695,63,0
8696,62,0
8697,63,0
8698,60,0
8699,61,0
8700,62,0
8701,62,0
8702,62,0
8703,62,0
8704,63,0
8705,62,0
8706,59,0
8707,60,0
8708,64,0
8709,61,0
8710,62,0
8711,63,0
8712,64,0
8713,62,0
8714,61,0
8715,60,0
8716,60,0
8717,65,0
8718,63,0
8719,62,0
8720,59,0
8721,62,0
8722,62,0
8723,61,0
8724,64,0
8725,63,0
8726,62,0
8727,60,0
8728,60,0
8729,61,0
8730,59,0
8731,64,0
8732,63,0
8733,62,0
8734,62,0
8735,63,0
8736,62,0
8737,61,0
8738,60,0
8739,61,0
8740,61,0
8741,62,0
8742,61,0
8743,62,0
8744,61,0
8745,60,0
8746,64,0
8747,65,0
8748,62,0
8749,63,0
8750,60,0
8751,63,0
8752,60,0
8753,63,0
8754,60,0
8755,62,0
8756,62,0
8757,62,0
8758,61,0
8759,62,0
8760,61,0
8761,62,0
8762,64,0
8763,62,0
8764,63,0
8765,63,0
8766,62,0
8767,59,0
8768,60,0
8769,60,0
8770,59,0
8771,60,0
8772,63,0
8773,62,0
8774,63,0
8775,62,0
8776,62,0
8777,61,0
8778,62,0
8779,65,0
8780,60,0
8781,59,0
8782,63,0
8783,60,0
8784,59,0
8785,62,0
8786,63,0
8787,62,0
8788,63,0
8789,62,0
8790,61,0
8791,62,0
8792,59,0
8793,62,0
8794,62,0
8795,59,0
8796,60,0
8797,61,0
8798,63,0
8799,62,0
8800,63,0
8801,62,0
8802,61,0
8803,64,0
8804,62,0
8805,63,0
8806,60,0
8807,65,0
8808,60,0
8809,60,0
8810,60,0
8811,62,0
8812,61,0
8813,62,0
8814,61,0
8815,59,0
8816,62,0
8817,62,0
8818,61,0
8819,60,0
8820,61,0
8821,61,0
8822,62,0
8823,59,0
8824,62,0
8825,60,0
8826,63,0
8827,62,0
8828,60,0
8829,61,0
8830,60,0
8831,60,0
8832,64,0
8833,63,0
8834,66,0
8835,64,0
8836,65,0
8837,62,0
8838,63,0
8839,64,0
8840,65,0
8841,62,0
8842,61,0
8843,64,0
8844,62,0
8845,61,0
8846,64,0
8847,63,0
8848,62,0
8849,63,0
8850,63,0
8851,64,0
8852,61,0
8853,62,0
8854,65,0
8855,64,0
8856,61,0
8857,62,0
8858,61,0
8859,64,0
8860,63,0
8861,62,0
8862,61,0
8863,62,0
8864,61,0
8865,64,0
8866,65,0
8867,62,0
8868,63,0
8869,64,0
8870,61,0
8871,62,0
8872,63,0
8873,64,0
8874,61,0
8875,62,0
8876,61,0
8877,64,0
8878,63,0
8879,62,0
8880,63,0
8881,62,0
8882,61,0
8883,64,0
8884,65,0
8885,64,0
8886,61,0
8887,64,0
8888,61,0
8889,65,0
8890,64,0
8891,63,0
8892,62,0
8893,63,0
8894,64,0
8895,65,0
8896,62,0
8897,61,0
8898,62,0
8899,63,0
8900,64,0
8901,61,0
8902,62,0
8903,63,0
8904,64,0
8905,63,0
8906,62,0
8907,65,0
8908,62,0
8909,61,0
8910,62,0
8911,63,0
8912,64,0
8913,61,0
8914,63,0
8915,64,0
8916,63,0
8917,64,0
8918,66,0
8919,65,0
8920,64,0
8921,65,0
8922,66,0
8923,61,0
8924,64,0
8925,63,0
8926,62,0
8927,67,0
8928,66,0
8929,63,0
8930,64,0
8931,64,0
8932,63,0
8933,62,0
8934,65,0
8935,62,0
8936,63,0
8937,64,0
8938,65,0
8939,61,0
8940,64,0
8941,59,0
8942,64,0
8943,63,0
8944,61,0
8945,64,0
8946,61,0
8947,62,0
8948,62,0
8949,65,0
8950,64,0
8951,64,0
8952,64,0
8953,63,0
8954,64,0
8955,63,0
8956,64,0
8957,63,0
8958,64,0
8959,61,0
8960,62,0
8961,63,0
8962,64,0
8963,62,0
8964,65,0
8965,62,0
8966,63,0
8967,66,0
8968,61,0
8969,62,0
8970,62,0
8971,63,0
8972,64,0
8973,61,0
8974,64,0
8975,67,0
8976,62,0
8977,61,0
8978,64,0
8979,61,0
8980,66,0
8981,66,0
8982,63,0
8983,62,0
8984,63,0
8985,62,0
8986,63,0
8987,64,0
8988,63,0
8989,64,0
8990,61,0
8991,64,0
8992,64,0
8993,61,0
8994,62,0
8995,63,0
8996,64,0
8997,65,0
8998,64,0
8999,63,0
9000,64,0
9001,64,0
9002,65,0
9003,62,0
9004,61,0
9005,63,0
9006,62,0
9007,63,0
9008,64,0
9009,61,0
9010,64,0
9011,65,0
9012,64,0
9013,63,0
9014,62,0
9015,65,0
9016,62,0
9017,63,0
9018,62,0
9019,63,0
9020,62,0
9021,63,0
9022,64,0
9023,61,0
9024,64,0
9025,63,0
9026,62,0
9027,61,0
9028,62,0
9029,63,0
9030,62,0
9031,61,0
9032,64,0
9033,61,0
9034,64,0
9035,63,0
9036,62,0
9037,65,0
9038,62,0
9039,63,0
9040,62,0
9041,63,0
9042,62,0
9043,63,0
9044,62,0
9045,62,0
9046,65,0
9047,64,0
9048,61,0
9049,62,0
9050,63,0
9051,62,0
9052,61,0
9053,63,0
9054,62,0
9055,65,0
9056,62,0
9057,65,0
9058,62,0
9059,65,0
9060,62,0
9061,61,0
9062,62,0
9063,63,0
9064,64,0
9065,65,0
9066,62,0
9067,61,0
9068,61,0
9069,62,0
9070,63,0
9071,62,0
9072,63,0
9073,62,0
9074,63,0
9075,62,0
9076,61,0
9077,64,0
9078,65,0
9079,65,0
9080,64,0
9081,61,0
9082,64,0
9083,65,0
9084,64,0
9085,65,0
9086,66,0
9087,63,0
9088,61,0
9089,62,0
9090,63,0
9091,62,0
9092,64,0
9093,65,0
9094,64,0
9095,63,0
9096,64,0
9097,63,0
9098,62,0
9099,63,0
9100,62,0
9101,63,0
9102,62,0
9103,64,0
9104,65,0
9105,62,0
9106,65,0
9107,64,0
9108,65,0
9109,64,0
9110,63,0
9111,62,0
9112,63,0
9113,64,0
9114,61,0
9115,62,0
9116,63,0
9117,62,0
9118,97,0
9119,65,0
9120,64,0
9121,65,0
9122,64,0
9123,64,0
9124,63,0
9125,62,0
9126,65,0
9127,62,0
9128,65,0
9129,62,0
9130,64,0
9131,61,0
9132,62,0
9133,63,0
9134,62,0
9135,63,0
9136,62,0
9137,63,0
9138,64,0
9139,65,0
9140,64,0
9141,62,0
9142,63,0
9143,62,0
9144,61,0
9145,66,0
9146,63,0
9147,62,0
9148,65,0
9149,64,0
9150,65,0
9151,63,0
9152,62,0
9153,65,0
9154,64,0
9155,65,0
9156,64,0
9157,67,0
9158,62,0
9159,59,0
9160,62,0
9161,65,0
9162,66,0
9163,63,0
9164,64,0
9165,65,0
9166,65,0
9167,62,0
9168,63,0
9169,64,0
9170,64,0
9171,63,0
9172,64,0
9173,61,0
9174,64,0
9175,63,0
9176,62,0
9177,65,0
9178,62,0
9179,61,0
9180,70,0
9181,63,0
9182,64,0
9183,65,0
9184,63,0
9185,64,0
9186,61,0
9187,64,0
9188,63,0
9189,64,0
9190,63,0
9191,64,0
9192,61,0
9193,62,0
9194,63,0
9195,64,0
9196,63,0
9197,63,0
9198,62,0
9199,63,0
9200,64,0
9201,61,0
9202,64,0
9203,61,0
9204,61,0
9205,66,0
9206,65,0
9207,62,0
9208,63,0
9209,64,0
9210,63,0
9211,64,0
9212,61,0
9213,62,0
9214,63,0
9215,64,0
9216,63,0
9217,64,0
9218,63,0
9219,64,0
9220,64,0
9221,61,0
9222,64,0
9223,63,0
9224,62,0
9225,64,0
9226,65,0
9227,64,0
9228,61,0
9229,64,0
9230,61,0
9231,64,0
9232,65,0
9233,62,0
9234,64,0
9235,63,0
9236,63,0
9237,62,0
9238,63,0
9239,61,0
9240,62,0
9241,65,0
9242,64,0
9243,63,0
9244,62,0
9245,67,0
9246,64,0
9247,65,0
9248,68,0
9249,63,0
9250,62,0
9251,64,0
9252,61,0
9253,64,0
9254,64,0
9255,61,0
9256,62,0
9257,63,0
9258,64,0
9259,61,0
9260,64,0
9261,64,0
9262,65,0
9263,64,0
9264,63,0
9265,63,0
9266,62,0
9267,61,0
9268,62,0
9269,62,0
9270,63,0
9271,62,0
9272,63,0
9273,62,0
9274,65,0
9275,64,0
9276,61,0
9277,66,0
9278,61,0
9279,64,0
9280,62,0
9281,61,0
9282,62,0
9283,61,0
9284,62,0
9285,63,0
9286,62,0
9287,65,0
9288,64,0
9289,61,0
9290,62,0
9291,61,0
9292,64,0
9293,65,0
9294,66,0
9295,61,0
9296,62,0
9297,67,0
9298,62,0
9299,63,0
9300,66,0
9301,61,0
9302,62,0
9303,61,0
9304,64,0
9305,63,0
9306,66,0
9307,65,0
9308,63,0
9309,64,0
9310,67,0
9311,64,0
9312,65,0
9313,62,0
9314,61,0
9315,64,0
9316,63,0
9317,65,0
9318,62,0
9319,63,0
9320,64,0
9321,63,0
9322,64,0
9323,64,0
9324,63,0
9325,64,0
9326,63,0
9327,64,0
9328,63,0
9329,64,0
9330,63,0
9331,64,0
9332,61,0
9333,62,0
9334,63,0
9335,64,0
9336,63,0
9337,64,0
9338,63,0
9339,64,0
9340,63,0
9341,64,0
9342,63,0
9343,63,0
9344,64,0
9345,63,0
9346,62,0
9347,61,0
9348,66,0
9349,63,0
9350,66,0
9351,63,0
9352,64,0
9353,65,0
9354,64,0
9355,59,0
9356,64,0
9357,62,0
9358,65,0
9359,62,0
9360,61,0
9361,64,0
9362,63,0
9363,65,0
9364,62,0
9365,61,0
9366,64,0
9367,65,0
9368,64,0
9369,65,0
9370,64,0
9371,67,0
9372,64,0
9373,61,0
9374,64,0
9375,63,0
9376,62,0
9377,67,0
9378,64,0
9379,61,0
9380,62,0
9381,65,0
9382,62,0
9383,63,0
9384,62,0
9385,65,0
9386,63,0
9387,64,0
9388,61,0
9389,64,0
9390,65,0
9391,66,0
9392,65,0
9393,62,0
9394,62,0
9395,61,0
9396,62,0
9397,61,0
9398,62,0
9399,61,0
9400,62,0
9401,63,0
9402,64,0
9403,59,0
9404,64,0
9405,61,0
9406,64,0
9407,61,0
9408,62,0
9409,63,0
9410,63,0
9411,64,0
9412,63,0
9413,64,0
9414,61,0
9415,66,0
9416,64,0
9417,61,0
9418,62,0
9419,61,0
9420,64,0
9421,62,0
9422,63,0
9423,62,0
9424,63,0
9425,64,0
9426,63,0
9427,64,0
9428,61,0
9429,63,0
9430,62,0
9431,63,0
9432,64,0
9433,65,0
9434,62,0
9435,65,0
9436,62,0
9437,61,0
9438,62,0
9439,65,0
9440,64,0
9441,63,0
9442,62,0
9443,65,0
9444,62,0
9445,65,0
9446,62,0
9447,63,0
9448,65,0
9449,66,0
9450,65,0
9451,62,0
9452,61,0
9453,64,0
9454,65,0
9455,65,0
9456,62,0
9457,61,0
9458,64,0
9459,63,0
9460,62,0
9461,63,0
9462,64,0
9463,61,0
9464,62,0
9465,63,0
9466,64,0
9467,65,0
9468,64,0
9469,64,0
9470,61,0
9471,64,0
9472,61,0
9473,62,0
9474,63,0
9475,64,0
9476,63,0
9477,64,0
9478,63,0
9479,64,0
9480,64,0
9481,63,0
9482,64,0
9483,63,0
9484,62,0
9485,63,0
9486,64,0
9487,63,0
9488,64,0
9489,62,0
9490,63,0
9491,66,0
9492,61,0
9493,64,0
9494,63,0
9495,64,0
9496,67,0
9497,64,0
9498,63,0
9499,64,0
9500,63,0
9501,64,0
9502,63,0
9503,64,0
9504,64,0
9505,64,0
9506,63,0
9507,62,0
9508,63,0
9509,64,0
9510,61,0
9511,63,0
9512,62,0
9513,63,0
9514,62,0
9515,63,0
9516,62,0
9517,63,0
9518,62,0
9519,62,0
9520,62,0
9521,64,0
9522,61,0
9523,62,0
9524,61,0
9525,62,0
9526,63,0
9527,62,0
9528,63,0
9529,62,0
9530,61,0
9531,62,0
9532,67,0
9533,62,0
9534,63,0
9535,61,0
9536,65,0
9537,65,0
9538,62,0
9539,61,0
9540,62,0
9541,62,0
9542,62,0
9543,61,0
9544,62,0
9545,65,0
9546,66,0
9547,65,0
9548,66,0
9549,59,0
9550,64,0
9551,66,0
9552,64,0
9553,62,0
9554,63,0
9555,62,0
9556,62,0
9557,62,0
9558,61,0
9559,62,0
9560,61,0
9561,62,0
9562,62,0
9563,63,0
9564,62,0
9565,65,0
9566,62,0
9567,62,0
9568,63,0
9569,62,0
9570,59,0
9571,64,0
9572,64,0
9573,63,0
9574,62,0
9575,61,0
9576,63,0
9577,64,0
9578,61,0
9579,62,0
9580,66,0
9581,65,0
9582,62,0
9583,61,0
9584,62,0
9585,62,0
9586,65,0
9587,64,0
9588,63,0
9589,62,0
9590,65,0
9591,67,0
9592,62,0
9593,61,0
9594,64,0
9595,61,0
9596,64,0
9597,65,0
9598,64,0
9599,64,0
9600,61,0
9601,64,0
9602,62,0
9603,65,0
9604,62,0
9605,61,0
9606,64,0
9607,63,0
9608,64,0
9609,62,0
9610,63,0
9611,64,0
9612,65,0
9613,64,0
9614,63,0
9615,64,0
9616,61,0
9617,64,0
9618,64,0
9619,63,0
9620,64,0
9621,61,0
9622,62,0
9623,64,0
9624,64,0
9625,64,0
9626,63,0
9627,64,0
9628,64,0
9629,62,0
9630,63,0
9631,64,0
9632,65,0
9633,64,0
9634,61,0
9635,64,0
9636,61,0
9637,64,0
9638,59,0
9639,62,0
9640,63,0
9641,62,0
9642,63,0
9643,61,0
9644,64,0
9645,65,0
9646,64,0
9647,63,0
9648,62,0
9649,63,0
9650,64,0
9651,64,0
9652,63,0
9653,64,0
9654,63,0
9655,62,0
9656,63,0
9657,62,0
9658,61,0
9659,62,0
9660,65,0
9661,64,0
9662,65,0
9663,62,0
9664,62,0
9665,61,0
9666,64,0
9667,65,0
9668,64,0
9669,65,0
9670,62,0
9671,61,0
9672,64,0
9673,65,0
9674,64,0
9675,61,0
9676,64,0
9677,61,0
9678,64,0
9679,62,0
9680,61,0
9681,62,0
9682,63,0
9683,62,0
9684,64,0
9685,63,0
9686,62,0
9687,63,0
9688,64,0
9689,63,0
9690,64,0
9691,63,0
9692,64,0
9693,61,0
9694,64,0
9695,61,0
9696,64,0
9697,62,0
9698,61,0
9699,64,0
9700,65,0
9701,65,0
9702,62,0
9703,63,0
9704,62,0
9705,61,0
9706,62,0
9707,61,0
9708,62,0
9709,61,0
9710,62,0
9711,63,0
9712,65,0
9713,62,0
9714,64,0
9715,63,0
9716,66,0
9717,65,0
9718,64,0
9719,61,0
9720,62,0
9721,63,0
9722,62,0
9723,62,0
9724,64,0
9725,62,0
9726,61,0
9727,64,0
9728,65,0
9729,64,0
9730,64,0
9731,63,0
9732,64,0
9733,65,0
9734,62,0
9735,63,0
9736,65,0
9737,62,0
9738,67,0
9739,62,0
9740,65,0
9741,64,0
9742,64,0
9743,65,0
9744,62,0
9745,61,0
9746,66,0
9747,65,0
9748,64,0
9749,64,0
9750,63,0
9751,64,0
9752,63,0
9753,64,0
9754,61,0
9755,62,0
9756,65,0
9757,64,0
9758,65,0
9759,64,0
9760,66,0
9761,63,0
9762,64,0
9763,63,0
9764,66,0
9765,61,0
9766,64,0
9767,63,0
9768,62,0
9769,65,0
9770,64,0
9771,63,0
9772,64,0
9773,63,0
9774,64,0
9775,65,0
9776,64,0
9777,63,0
9778,62,0
9779,63,0
9780,63,0
9781,62,0
9782,65,0
9783,62,0
9784,63,0
9785,64,0
9786,62,0
9787,64,0
9788,62,0
9789,61,0
9790,62,0
9791,63,0
9792,64,0
9793,65,0
9794,63,0
9795,62,0
9796,65,0
9797,64,0
9798,65,0
9799,66,0
9800,61,0
9801,64,0
9802,61,0
9803,62,0
9804,59,0
9805,63,0
9806,97,0
9807,64,0
9808,66,0
9809,61,0
9810,62,0
9811,64,0
9812,64,0
9813,61,0
9814,62,0
9815,64,0
9816,61,0
9817,63,0
9818,64,0
9819,62,0
9820,63,0
9821,66,0
9822,62,0
9823,63,0
9824,63,0
9825,64,0
9826,63,0
9827,64,0
9828,64,0
9829,61,0
9830,62,0
9831,61,0
9832,61,0
9833,62,0
9834,61,0
9835,65,0
9836,62,0
9837,61,0
9838,63,0
9839,64,0
9840,63,0
9841,62,0
9842,63,0
9843,64,0
9844,63,0
9845,64,0
9846,63,0
9847,62,0
9848,61,0
9849,64,0
9850,64,0
9851,63,0
9852,65,0
9853,64,0
9854,65,0
9855,62,0
9856,61,0
9857,64,0
9858,65,0
9859,63,0
9860,66,0
9861,63,0
9862,64,0
9863,64,0
9864,63,0
9865,66,0
9866,63,0
9867,62,0
9868,61,0
9869,62,0
9870,65,0
9871,64,0
9872,62,0
9873,63,0
9874,64,0
9875,63,0
9876,64,0
9877,65,0
9878,64,0
9879,64,0
9880,61,0
9881,62,0
9882,61,0
9883,64,0
9884,62,0
9885,61,0
9886,62,0
9887,65,0
9888,64,0
9889,63,0
9890,64,0
9891,66,0
9892,61,0
9893,64,0
9894,63,0
9895,64,0
9896,59,0
9897,62,0
9898,65,0
9899,66,0
9900,63,0
9901,64,0
9902,61,0
9903,62,0
9904,62,0
9905,63,0
9906,64,0
9907,67,0
9908,64,0
9909,65,0
9910,64,0
9911,62,0
9912,63,0
9913,64,0
9914,65,0
9915,63,0
9916,64,0
9917,63,0
9918,64,0
9919,63,0
9920,64,0
9921,63,0
9922,62,0
9923,61,0
9924,62,0
9925,65,0
9926,62,0
9927,61,0
9928,62,0
9929,64,0
9930,63,0
9931,64,0
9932,63,0
9933,64,0
9934,63,0
9935,61,0
9936,64,0
9937,97,0
9938,65,0
9939,64,0
9940,64,0
9941,65,0
9942,63,0
9943,65,0
9944,63,0
9945,64,0
9946,63,0
9947,62,0
9948,63,0
9949,64,0
9950,63,0
9951,65,0
9952,64,0
9953,61,0
9954,61,0
9955,62,0
9956,61,0
9957,63,0
9958,62,0
9959,63,0
9960,65,0
9961,64,0
9962,61,0
9963,66,0
9964,64,0
9965,67,0
9966,63,0
9967,64,0
9968,63,0
9969,66,0
9970,61,0
9971,62,0
9972,65,0
9973,64,0
9974,62,0
9975,63,0
9976,62,0
9977,61,0
9978,64,0
9979,67,0
9980,64,0
9981,63,0
9982,62,0
9983,63,0
9984,64,0
9985,63,0
9986,62,0
9987,65,0
9988,62,0
9989,65,0
9990,62,0
9991,61,0
9992,62,0
9993,65,0
9994,61,0
9995,62,0
9996,61,0
9997,62,0
9998,63,0
9999,66,0
10000,63,0
10001,65,0
10002,63,0
10003,62,0
10004,63,0
10005,62,0
10006,61,0
10007,62,0
10008,63,0
10009,63,0
10010,62,0
10011,63,0
10012,64,0
10013,61,0
10014,63,0
10015,62,0
10016,63,0
10017,62,0
10018,61,0
10019,63,0
10020,62,0
10021,63,0
10022,62,0
10023,62,0
10024,63,0
10025,62,0
10026,65,0
10027,61,0
10028,62,0
10029,61,0
10030,62,0
10031,64,0
10032,63,0
10033,62,0
10034,65,0
10035,65,0
10036,64,0
10037,61,0
10038,62,0
10039,63,0
10040,63,0
10041,64,0
10042,63,0
10043,65,0
10044,64,0
10045,59,0
10046,61,0
10047,62,0
10048,63,0
10049,62,0
10050,65,0
10051,64,0
10052,61,0
10053,64,0
10054,62,0
10055,63,0
10056,62,0
10057,64,0
10058,63,0
10059,62,0
10060,65,0
10061,64,0
10062,65,0
10063,62,0
10064,63,0
10065,66,0
10066,64,0
10067,61,0
10068,66,0
10069,63,0
10070,64,0
10071,61,0
10072,64,0
10073,61,0
10074,64,0
10075,65,0
10076,62,0
10077,61,0
10078,64,0
10079,63,0
10080,65,0
10081,64,0
10082,63,0
10083,62,0
10084,65,0
10085,64,0
10086,61,0
10087,64,0
10088,62,0
10089,65,0
10090,60,0
10091,63,0
10092,60,0
10093,61,0
10094,62,0
10095,61,0
10096,62,0
10097,63,0
10098,62,0
10099,61,0
10100,62,0
10101,62,0
10102,60,0
10103,61,0
10104,65,0
10105,62,0
10106,62,0
10107,63,0
10108,61,0
10109,60,0
10110,61,0
10111,60,0
10112,63,0
10113,61,0
10114,60,0
10115,59,0
10116,60,0
10117,61,0
10118,62,0
10119,61,0
10120,59,0
10121,64,0
10122,63,0
10123,64,0
10124,62,0
10125,59,0
10126,60,0
10127,61,0
10128,59,0
10129,60,0
10130,59,0
10131,60,0
10132,61,0
10133,62,0
10134,62,0
10135,61,0
10136,64,0
10137,59,0
10138,62,0
10139,63,0
10140,62,0
10141,60,0
10142,59,0
10143,60,0
10144,63,0
10145,62,0
10146,59,0
10147,64,0
10148,61,0
10149,62,0
10150,61,0
10151,60,0
10152,63,0
10153,62,0
10154,59,0
10155,62,0
10156,60,0
10157,59,0
10158,62,0
10159,59,0
10160,62,0
10161,61,0
10162,60,0
10163,59,0
10164,62,0
10165,59,0
10166,62,0
10167,62,0
10168,59,0
10169,62,0
10170,61,0
10171,64,0
10172,61,0
10173,60,0
10174,63,0
10175,64,0
10176,63,0
10177,62,0
10178,63,0
10179,62,0
10180,60,0
10181,61,0
10182,62,0
10183,59,0
10184,62,0
10185,61,0
10186,62,0
10187,63,0
10188,60,0
10189,64,0
10190,65,0
10191,64,0
10192,62,0
10193,60,0
10194,59,0
10195,62,0
10196,63,0
10197,60,0
10198,63,0
10199,64,0
10200,63,0
10201,62,0
10202,63,0
10203,62,0
10204,63,0
10205,65,0
10206,62,0
10207,63,0
10208,62,0
10209,63,0
10210,62,0
10211,64,0
10212,59,0
10213,62,0
10214,62,0
10215,62,0
10216,61,0
10217,60,0
10218,59,0
10219,60,0
10220,65,0
10221,65,0
10222,62,0
10223,61,0
10224,62,0
10225,61,0
10226,60,0
10227,59,0
10228,64,0
10229,59,0
10230,60,0
10231,62,0
10232,59,0
10233,60,0
10234,61,0
10235,62,0
10236,60,0
10237,60,0
10238,63,0
10239,63,0
10240,64,0
10241,63,0
10242,62,0
10243,59,0
10244,62,0
10245,62,0
10246,61,0
10247,62,0
10248,62,0
10249,63,0
10250,64,0
10251,61,0
10252,62,0
10253,62,0
10254,63,0
10255,62,0
10256,63,0
10257,59,0
10258,62,0
10259,61,0
10260,60,0
10261,62,0
10262,61,0
10263,62,0
10264,63,0
10265,62,0
10266,61,0
10267,60,0
10268,61,0
10269,62,0
10270,61,0
10271,60,0
10272,62,0
10273,63,0
10274,62,0
10275,62,0
10276,60,0
10277,60,0
10278,63,0
10279,62,0
10280,63,0
10281,61,0
10282,62,0
10283,59,0
10284,62,0
10285,59,0
10286,62,0
10287,62,0
10288,63,0
10289,64,0
10290,61,0
10291,62,0
10292,60,0
10293,61,0
10294,60,0
10295,63,0
10296,62,0
10297,60,0
10298,61,0
10299,62,0
10300,63,0
10301,62,0
10302,61,0
10303,64,0
10304,61,0
10305,62,0
10306,65,0
10307,62,0
10308,59,0
10309,62,0
10310,63,0
10311,65,0
10312,64,0
10313,63,0
10314,62,0
10315,64,0
10316,61,0
10317,64,0
10318,64,0
10319,65,0
10320,62,0
10321,61,0
10322,64,0
10323,61,0
10324,62,0
10325,60,0
10326,63,0
10327,62,0
10328,63,0
10329,64,0
10330,63,0
10331,60,0
10332,61,0
10333,62,0
10334,62,0
10335,63,0
10336,64,0
10337,61,0
10338,62,0
10339,60,0
10340,63,0
10341,64,0
10342,63,0
10343,63,0
10344,62,0
10345,63,0
10346,62,0
10347,64,0
10348,59,0
10349,62,0
10350,63,0
10351,60,0
10352,61,0
10353,62,0
10354,63,0
10355,62,0
10356,63,0
10357,60,0
10358,63,0
10359,62,0
10360,63,0
10361,62,0
10362,62,0
10363,65,0
10364,60,0
10365,59,0
10366,64,0
10367,60,0
10368,61,0
10369,62,0
10370,61,0
10371,60,0
10372,63,0
10373,63,0
10374,62,0
10375,61,0
10376,64,0
10377,59,0
10378,62,0
10379,62,0
10380,61,0
10381,62,0
10382,63,0
10383,62,0
10384,60,0
10385,63,0
10386,60,0
10387,63,0
10388,62,0
10389,62,0
10390,61,0
10391,62,0
10392,61,0
10393,62,0
10394,65,0
10395,62,0
10396,61,0
10397,61,0
10398,62,0
10399,59,0
10400,62,0
10401,62,0
10402,65,0
10403,60,0
10404,61,0
10405,60,0
10406,61,0
10407,60,0
10408,61,0
10409,60,0
10410,62,0
10411,59,0
10412,60,0
10413,64,0
10414,63,0
10415,62,0
10416,59,0
10417,62,0
10418,60,0
10419,63,0
10420,62,0
10421,59,0
10422,62,0
10423,65,0
10424,62,0
10425,62,0
10426,61,0
10427,64,0
10428,61,0
10429,62,0
10430,59,0
10431,60,0
10432,61,0
10433,62,0
10434,63,0
10435,64,0
10436,60,0
10437,61,0
10438,64,0
10439,61,0
10440,62,0
10441,62,0
10442,59,0
10443,64,0
10444,65,0
10445,60,0
10446,62,0
10447,63,0
10448,62,0
10449,65,0
10450,62,0
10451,61,0
10452,62,0
10453,62,0
10454,61,0
10455,61,0
10456,64,0
10457,63,0
10458,62,0
10459,61,0
10460,62,0
10461,63,0
10462,66,0
10463,61,0
10464,60,0
10465,63,0
10466,60,0
10467,62,0
10468,61,0
10469,63,0
10470,60,0
10471,62,0
10472,62,0
10473,65,0
10474,62,0
10475,63,0
10476,62,0
10477,63,0
10478,60,0
10479,59,0
10480,64,0
10481,61,0
10482,63,0
10483,60,0
10484,61,0
10485,62,0
10486,63,0
10487,64,0
10488,61,0
10489,62,0
10490,63,0
10491,62,0
10492,63,0
10493,59,0
10494,62,0
10495,63,0
10496,62,0
10497,63,0
10498,60,0
10499,62,0
10500,62,0
10501,63,0
10502,60,0
10503,61,0
10504,63,0
10505,62,0
10506,63,0
10507,62,0
10508,61,0
10509,62,0
10510,59,0
10511,64,0
10512,62,0
10513,63,0
10514,60,0
10515,63,0
10516,62,0
10517,65,0
10518,60,0
10519,61,0
10520,62,0
10521,63,0
10522,62,0
10523,61,0
10524,62,0
10525,62,0
10526,59,0
10527,62,0
10528,61,0
10529,64,0
10530,61,0
10531,62,0
10532,61,0
10533,62,0
10534,65,0
10535,64,0
10536,61,0
10537,62,0
10538,61,0
10539,62,0
10540,63,0
10541,60,0
10542,60,0
10543,59,0
10544,62,0
10545,61,0
10546,62,0
10547,64,0
10548,62,0
10549,64,0
10550,65,0
10551,62,0
10552,63,0
10553,62,0
10554,63,0
10555,64,0
10556,63,0
10557,62,0
10558,62,0
10559,59,0
10560,62,0
10561,63,0
10562,62,0
10563,64,0
10564,59,0
10565,62,0
10566,63,0
10567,62,0
10568,62,0
10569,62,0
10570,65,0
10571,62,0
10572,63,0
10573,62,0
10574,59,0
10575,62,0
10576,63,0
10577,64,0
10578,61,0
10579,61,0
10580,62,0
10581,65,0
10582,62,0
10583,61,0
10584,62,0
10585,61,0
10586,62,0
10587,62,0
10588,63,0
10589,62,0
10590,65,0
10591,62,0
10592,63,0
10593,62,0
10594,65,0
10595,62,0
10596,62,0
10597,61,0
10598,64,0
10599,63,0
10600,62,0
10601,63,0
10602,62,0
10603,61,0
10604,60,0
10605,63,0
10606,62,0
10607,61,0
10608,62,0
10609,61,0
10610,60,0
10611,62,0
10612,63,0
10613,64,0
10614,61,0
10615,63,0
10616,62,0
10617,61,0
10618,64,0
10619,65,0
10620,62,0
10621,63,0
10622,62,0
10623,63,0
10624,62,0
10625,62,0
10626,61,0
10627,60,0
10628,61,0
10629,62,0
10630,65,0
10631,63,0
10632,64,0
10633,59,0
10634,62,0
10635,63,0
10636,62,0
10637,62,0
10638,63,0
10639,62,0
10640,63,0
10641,64,0
10642,63,0
10643,62,0
10644,63,0
10645,64,0
10646,61,0
10647,60,0
10648,61,0
10649,63,0
10650,62,0
10651,61,0
10652,62,0
10653,59,0
10654,60,0
10655,61,0
10656,62,0
10657,63,0
10658,62,0
10659,64,0
10660,63,0
10661,62,0
10662,61,0
10663,62,0
10664,64,0
10665,65,0
10666,64,0
10667,63,0
10668,62,0
10669,59,0
10670,62,0
10671,63,0
10672,65,0
10673,62,0
10674,61,0
10675,62,0
10676,61,0
10677,62,0
10678,63,0
10679,61,0
10680,60,0
10681,63,0
10682,60,0
10683,61,0
10684,62,0
10685,60,0
10686,61,0
10687,69,0
10688,61,0
10689,62,0
10690,63,0
10691,62,0
10692,62,0
10693,60,0
10694,62,0
10695,60,0
10696,62,0
10697,63,0
10698,64,0
10699,59,0
10700,59,0
10701,60,0
10702,65,0
10703,59,0
10704,61,0
10705,62,0
10706,59,0
10707,60,0
10708,60,0
10709,61,0
10710,62,0
10711,61,0
10712,63,0
10713,62,0
10714,63,0
10715,62,0
10716,61,0
10717,62,0
10718,63,0
10719,60,0
10720,64,0
10721,60,0
10722,64,0
10723,63,0
10724,64,0
10725,62,0
10726,62,0
10727,61,0
10728,60,0
10729,61,0
10730,62,0
10731,60,0
10732,61,0
10733,62,0
10734,63,0
10735,62,0
10736,61,0
10737,63,0
10738,62,0
10739,63,0
10740,63,0
10741,62,0
10742,61,0
10743,63,0
10744,62,0
10745,61,0
10746,62,0
10747,63,0
10748,60,0
10749,62,0
10750,63,0
10751,64,0
10752,63,0
10753,62,0
10754,63,0
10755,63,0
10756,62,0
10757,61,0
10758,64,0
10759,63,0
10760,60,0
10761,60,0
10762,63,0
10763,60,0
10764,63,0
10765,64,0
10766,62,0
10767,60,0
10768,63,0
10769,60,0
10770,61,0
10771,63,0
10772,62,0
10773,61,0
10774,62,0
10775,65,0
10776,61,0
10777,63,0
10778,62,0
10779,61,0
10780,62,0
10781,64,0
10782,61,0
10783,59,0
10784,59,0
10785,60,0
10786,65,0
10787,62,0
10788,59,0
10789,61,0
10790,61,0
10791,62,0
10792,62,0
10793,65,0
10794,62,0
10795,62,0
10796,65,0
10797,60,0
10798,61,0
10799,62,0
10800,61,0
10801,60,0
10802,62,0
10803,63,0
10804,62,0
10805,61,0
10806,62,0
10807,62,0
10808,59,0
10809,62,0
10810,63,0
10811,62,0
10812,63,0
10813,62,0
10814,63,0
10815,61,0
10816,62,0
10817,61,0
10818,60,0
10819,61,0
10820,62,0
10821,62,0
10822,61,0
10823,62,0
10824,61,0
10825,62,0
10826,62,0
10827,59,0
10828,59,0
10829,64,0
10830,63,0
10831,62,0
10832,62,0
10833,61,0
10834,64,0
10835,59,0
10836,62,0
10837,60,0
10838,61,0
10839,62,0
10840,63,0
10841,61,0
10842,60,0
10843,61,0
10844,62,0
10845,61,0
10846,60,0
10847,62,0
10848,62,0
10849,62,0
10850,59,0
10851,62,0
10852,61,0
10853,65,0
10854,62,0
10855,59,0
10856,62,0
10857,60,0
10858,64,0
10859,64,0
10860,60,0
10861,60,0
10862,61,0
10863,61,0
10864,60,0
10865,63,0
10866,62,0
10867,61,0
10868,59,0
10869,62,0
10870,61,0
10871,64,0
10872,59,0
10873,62,0
10874,61,0
10875,62,0
10876,63,0
10877,62,0
10878,63,0
10879,60,0
10880,61,0
10881,64,0
10882,61,0
10883,62,0
10884,63,0
10885,64,0
10886,63,0
10887,62,0
10888,59,0
10889,62,0
10890,60,0
10891,63,0
10892,64,0
10893,63,0
10894,64,0
10895,59,0
10896,60,0
10897,65,0
10898,62,0
10899,61,0
10900,60,0
10901,63,0
10902,62,0
10903,60,0
10904,62,0
10905,59,0
10906,64,0
10907,62,0
10908,63,0
10909,62,0
10910,61,0
10911,62,0
10912,62,0
10913,62,0
10914,62,0
10915,59,0
10916,62,0
10917,61,0
10918,64,0
10919,62,0
10920,63,0
10921,60,0
10922,63,0
10923,64,0
10924,63,0
10925,62,0
10926,61,0
10927,62,0
10928,61,0
10929,62,0
10930,62,0
10931,61,0
10932,60,0
10933,61,0
10934,60,0
10935,63,0
10936,62,0
10937,63,0
10938,60,0
10939,61,0
10940,62,0
10941,62,0
10942,61,0
10943,62,0
10944,61,0
10945,61,0
10946,59,0
10947,60,0
10948,61,0
10949,62,0
10950,61,0
10951,61,0
10952,62,0
10953,61,0
10954,60,0
10955,63,0
10956,62,0
10957,65,0
10958,62,0
10959,62,0
10960,59,0
10961,62,0
10962,59,0
10963,62,0
10964,62,0
10965,62,0
10966,64,0
10967,63,0
10968,60,0
10969,59,0
10970,61,0
10971,60,0
10972,63,0
10973,62,0
10974,62,0
10975,63,0
10976,62,0
10977,63,0
10978,64,0
10979,61,0
10980,64,0
10981,63,0
10982,62,0
10983,63,0
10984,62,0
10985,63,0
10986,60,0
10987,62,0
10988,61,0
10989,62,0
10990,63,0
10991,60,0
10992,62,0
10993,63,0
10994,61,0
10995,61,0
10996,64,0
10997,65,0
10998,62,0
10999,61,0
11000,61,0
11001,62,0
11002,63,0
11003,62,0
11004,61,0
11005,64,0
11006,62,0
11007,63,0
11008,62,0
11009,63,0
11010,64,0
11011,59,0
11012,60,0
11013,61,0
11014,60,0
11015,63,0
11016,62,0
11017,61,0
11018,62,0
11019,64,0
11020,65,0
11021,62,0
11022,63,0
11023,62,0
11024,61,0
11025,62,0
11026,65,0
11027,62,0
11028,61,0
11029,62,0
11030,59,0
11031,60,0
11032,61,0
11033,62,0
11034,61,0
11035,62,0
11036,63,0
11037,60,0
11038,63,0
11039,62,0
11040,64,0
11041,61,0
11042,62,0
11043,61,0
11044,60,0
11045,64,0
11046,61,0
11047,62,0
11048,60,0
11049,61,0
11050,60,0
11051,61,0
11052,62,0
11053,63,0
11054,61,0
11055,61,0
11056,62,0
11057,60,0
11058,59,0
11059,62,0
11060,61,0
11061,60,0
11062,63,0
11063,62,0
11064,62,0
11065,60,0
11066,61,0
11067,64,0
11068,61,0
11069,62,0
11070,59,0
11071,61,0
11072,62,0
11073,61,0
11074,62,0
11075,61,0
11076,62,0
11077,61,0
11078,62,0
11079,61,0
11080,59,0
11081,64,0
11082,61,0
11083,62,0
11084,59,0
11085,59,0
11086,62,0
11087,63,0
11088,62,0
11089,65,0
11090,62,0
11091,60,0
11092,65,0
11093,62,0
11094,61,0
11095,60,0
11096,63,0
11097,62,0
11098,61,0
11099,62,0
11100,61,0
11101,62,0
11102,61,0
11103,62,0
11104,63,0
11105,64,0
11106,60,0
11107,59,0
11108,62,0
11109,63,0
11110,62,0
11111,61,0
11112,62,0
11113,62,0
11114,59,0
11115,62,0
11116,61,0
11117,62,0
11118,59,0
11119,62,0
11120,63,0
11121,62,0
11122,62,0
11123,63,0
11124,59,0
11125,60,0
11126,63,0
11127,65,0
11128,62,0
11129,63,0
11130,60,0
11131,63,0
11132,61,0
11133,62,0
11134,63,0
11135,60,0
11136,60,0
11137,62,0
11138,65,0
11139,62,0
11140,63,0
11141,59,0
11142,60,0
11143,61,0
11144,62,0
11145,63,0
11146,60,0
11147,63,0
11148,62,0
11149,65,0
11150,62,0
11151,63,0
11152,62,0
11153,59,0
11154,62,0
11155,61,0
11156,62,0
11157,61,0
11158,64,0
11159,63,0
11160,64,0
11161,61,0
11162,62,0
11163,63,0
11164,62,0
11165,59,0
11166,62,0
11167,62,0
11168,62,0
11169,62,0
11170,59,0
11171,62,0
11172,63,0
11173,62,0
11174,59,0
11175,62,0
11176,61,0
11177,62,0
11178,65,0
11179,60,0
11180,59,0
11181,62,0
11182,63,0
11183,64,0
11184,60,0
11185,63,0
11186,60,0
11187,63,0
11188,62,0
11189,63,0
11190,62,0
11191,63,0
11192,62,0
11193,60,0
11194,61,0
11195,62,0
11196,61,0
11197,62,0
11198,63,0
11199,62,0
11200,65,0
11201,60,0
11202,61,0
11203,62,0
11204,64,0
11205,59,0
11206,62,0
11207,59,0
11208,62,0
11209,63,0
11210,62,0
11211,61,0
11212,61,0
11213,62,0
11214,61,0
11215,62,0
11216,65,0
11217,63,0
11218,63,0
11219,61,0
11220,60,0
11221,61,0
11222,62,0
11223,63,0
11224,61,0
11225,60,0
11226,61,0
11227,60,0
11228,61,0
11229,62,0
11230,59,0
11231,64,0
11232,59,0
11233,62,0
11234,61,0
11235,62,0
11236,61,0
11237,62,0
11238,63,0
11239,62,0
11240,63,0
11241,62,0
11242,63,0
11243,62,0
11244,61,0
11245,60,0
11246,62,0
11247,63,0
11248,62,0
11249,61,0
11250,62,0
11251,63,0
11252,64,0
11253,59,0
11254,62,0
11255,59,0
11256,62,0
11257,63,0
11258,60,0
11259,59,0
11260,62,0
11261,62,0
11262,59,0
11263,64,0
11264,63,0
11265,62,0
11266,65,0
11267,62,0
11268,64,0
11269,63,0
11270,62,0
11271,62,0
11272,63,0
11273,64,0
11274,63,0
11275,64,0
11276,65,0
11277,62,0
11278,59,0
11279,62,0
11280,63,0
11281,63,0
11282,62,0
11283,63,0
11284,62,0
11285,61,0
11286,62,0
11287,61,0
11288,62,0
11289,61,0
11290,63,0
11291,62,0
11292,61,0
11293,60,0
11294,63,0
11295,61,0
11296,61,0
11297,62,0
11298,63,0
11299,62,0
11300,63,0
11301,64,0
11302,63,0
11303,62,0
11304,62,0
11305,61,0
11306,62,0
11307,63,0
11308,62,0
11309,61,0
11310,63,0
11311,62,0
11312,63,0
11313,62,0
11314,65,0
11315,62,0
11316,62,0
11317,61,0
11318,62,0
11319,61,0
11320,60,0
11321,59,0
11322,64,0
11323,62,0
11324,59,0
11325,62,0
11326,63,0
11327,62,0
11328,63,0
11329,64,0
11330,65,0
11331,62,0
11332,61,0
11333,62,0
11334,61,0
11335,61,0
11336,62,0
11337,62,0
11338,62,0
11339,59,0
11340,62,0
11341,60,0
11342,63,0
11343,60,0
11344,59,0
11345,62,0
11346,61,0
11347,62,0
11348,62,0
11349,61,0
11350,60,0
11351,65,0
11352,62,0
11353,61,0
11354,60,0
11355,60,0
11356,62,0
11357,61,0
11358,61,0
11359,62,0
11360,59,0
11361,62,0
11362,61,0
11363,62,0
11364,63,0
11365,62,0
11366,62,0
11367,60,0
11368,64,0
11369,59,0
11370,61,0
11371,62,0
11372,62,0
11373,61,0
11374,62,0
11375,63,0
11376,61,0
11377,64,0
11378,59,0
11379,62,0
11380,65,0
11381,62,0
11382,63,0
11383,62,0
11384,63,0
11385,62,0
11386,63,0
11387,62,0
11388,63,0
11389,60,0
11390,61,0
11391,64,0
11392,64,0
11393,63,0
11394,62,0
11395,59,0
11396,62,0
11397,61,0
11398,63,0
11399,60,0
11400,63,0
11401,64,0
11402,63,0
11403,62,0
11404,59,0
11405,62,0
11406,62,0
11407,63,0
11408,62,0
11409,59,0
11410,62,0
11411,59,0
11412,62,0
11413,62,0
11414,63,0
11415,60,0
11416,63,0
11417,62,0
11418,61,0
11419,62,0
11420,63,0
11421,62,0
11422,59,0
11423,62,0
11424,63,0
11425,60,0
11426,63,0
11427,60,0
11428,63,0
11429,62,0
11430,63,0
11431,62,0
11432,68,0
11433,62,0
11434,63,0
11435,62,0
11436,63,0
11437,62,0
11438,64,0
11439,63,0
11440,64,0
11441,61,0
11442,62,0
11443,61,0
11444,62,0
11445,65,0
11446,62,0
11447,61,0
11448,60,0
11449,63,0
11450,62,0
11451,65,0
11452,64,0
11453,63,0
11454,62,0
11455,63,0
11456,64,0
11457,63,0
11458,60,0
11459,59,0
11460,62,0
11461,63,0
11462,60,0
11463,63,0
11464,64,0
11465,62,0
11466,65,0
11467,64,0
11468,61,0
11469,62,0
11470,65,0
11471,62,0
11472,61,0
11473,62,0
11474,61,0
11475,62,0
11476,63,0
11477,61,0
11478,61,0
11479,62,0
11480,61,0
11481,62,0
11482,62,0
11483,61,0
11484,62,0
11485,61,0
11486,60,0
11487,59,0
11488,64,0
11489,63,0
11490,61,0
11491,60,0
11492,63,0
11493,62,0
11494,63,0
11495,63,0
11496,64,0
11497,60,0
11498,62,0
11499,61,0
11500,62,0
11501,61,0
11502,62,0
11503,62,0
11504,62,0
11505,64,0
11506,62,0
11507,62,0
11508,65,0
11509,60,0
11510,61,0
11511,64,0
11512,62,0
11513,62,0
11514,60,0
11515,61,0
11516,62,0
11517,63,0
11518,62,0
11519,62,0
11520,65,0
11521,62,0
11522,63,0
11523,62,0
11524,63,0
11525,60,0
11526,65,0
11527,64,0
11528,60,0
11529,62,0
11530,59,0
11531,62,0
11532,65,0
11533,63,0
11534,64,0
11535,63,0
11536,62,0
11537,63,0
11538,64,0
11539,63,0
11540,63,0
11541,64,0
11542,63,0
11543,62,0
11544,63,0
11545,63,0
11546,62,0
11547,61,0
11548,64,0
11549,61,0
11550,63,0
11551,64,0
11552,61,0
11553,64,0
11554,63,0
11555,62,0
11556,61,0
11557,62,0
11558,63,0
11559,60,0
11560,63,0
11561,60,0
11562,62,0
11563,63,0
11564,64,0
11565,61,0
11566,62,0
11567,59,0
11568,62,0
11569,61,0
11570,62,0
11571,61,0
11572,62,0
11573,61,0
11574,60,0
11575,63,0
11576,62,0
11577,61,0
11578,65,0
11579,62,0
11580,63,0
11581,60,0
11582,61,0
11583,62,0
11584,63,0
11585,62,0
11586,60,0
11587,63,0
11588,60,0
11589,59,0
11590,60,0
11591,63,0
11592,64,0
11593,61,0
11594,63,0
11595,62,0
11596,61,0
11597,60,0
11598,59,0
11599,64,0
11600,63,0
11601,62,0
11602,63,0
11603,60,0
11604,59,0
11605,59,0
11606,64,0
11607,63,0
11608,60,0
11609,61,0
11610,62,0
11611,61,0
11612,60,0
11613,59,0
11614,62,0
11615,63,0
11616,62,0
11617,63,0
11618,60,0
11619,63,0
11620,63,0
11621,64,0
11622,61,0
11623,62,0
11624,64,0
11625,61,0
11626,62,0
11627,59,0
11628,62,0
11629,61,0
11630,61,0
11631,64,0
11632,65,0
11633,60,0
11634,63,0
11635,62,0
11636,60,0
11637,61,0
11638,63,0
11639,60,0
11640,62,0
11641,63,0
11642,62,0
11643,59,0
11644,61,0
11645,61,0
11646,64,0
11647,61,0
11648,62,0
11649,63,0
11650,60,0
11651,63,0
11652,60,0
11653,63,0
11654,62,0
11655,62,0
11656,61,0
11657,62,0
11658,59,0
11659,60,0
11660,64,0
11661,63,0
11662,62,0
11663,63,0
11664,62,0
11665,61,0
11666,62,0
11667,59,0
11668,62,0
11669,63,0
11670,62,0
11671,59,0
11672,62,0
11673,63,0
11674,64,0
11675,59,0
11676,60,0
11677,59,0
11678,62,0
11679,63,0
11680,60,0
11681,59,0
11682,63,0
11683,64,0
11684,63,0
11685,62,0
11686,63,0
11687,62,0
11688,60,0
11689,65,0
11690,61,0
11691,61,0
11692,62,0
11693,61,0
11694,60,0
11695,63,0
11696,62,0
11697,62,0
11698,61,0
11699,64,0
11700,61,0
11701,60,0
11702,61,0
11703,65,0
11704,62,0
11705,61,0
11706,62,0
11707,61,0
11708,64,0
11709,63,0
11710,62,0
11711,63,0
11712,62,0
11713,63,0
11714,63,0
11715,62,0
11716,61,0
11717,62,0
11718,60,0
11719,59,0
11720,60,0
11721,61,0
11722,60,0
11723,61,0
11724,60,0
11725,62,0
11726,63,0
11727,60,0
11728,59,0
11729,60,0
11730,60,0
11731,59,0
11732,60,0
11733,65,0
11734,60,0
11735,61,0
11736,64,0
11737,63,0
11738,60,0
11739,63,0
11740,62,0
11741,62,0
11742,63,0
11743,60,0
11744,63,0
11745,65,0
11746,60,0
11747,61,0
11748,62,0
11749,59,0
11750,64,0
11751,61,0
11752,62,0
11753,65,0
11754,63,0
11755,62,0
11756,63,0
11757,62,0
11758,61,0
11759,60,0
11760,63,0
11761,62,0
11762,62,0
11763,65,0
11764,60,0
11765,62,0
11766,60,0
11767,65,0
11768,62,0
11769,65,0
11770,62,0
11771,63,0
11772,60,0
11773,62,0
11774,61,0
11775,60,0
11776,61,0
11777,62,0
11778,62,0
11779,61,0
11780,62,0
11781,65,0
11782,62,0
11783,62,0
11784,59,0
11785,62,0
11786,61,0
11787,62,0
11788,62,0
11789,63,0
11790,60,0
11791,65,0
11792,62,0
11793,65,0
11794,62,0
11795,61,0
11796,59,0
11797,62,0
11798,65,0
11799,62,0
11800,59,0
11801,62,0
11802,62,0
11803,63,0
11804,62,0
11805,63,0
11806,62,0
11807,61,0
11808,62,0
11809,63,0
11810,59,0
11811,60,0
11812,62,0
11813,65,0
11814,62,0
11815,61,0
11816,62,0
11817,62,0
11818,65,0
11819,63,0
11820,60,0
11821,65,0
11822,62,0
11823,63,0
11824,62,0
11825,63,0
11826,63,0
11827,64,0
11828,61,0
11829,64,0
11830,61,0
11831,64,0
11832,59,0
11833,60,0
11834,61,0
11835,63,0
11836,60,0
11837,65,0
11838,62,0
11839,61,0
11840,62,0
11841,61,0
11842,60,0
11843,61,0
11844,61,0
11845,60,0
11846,63,0
11847,62,0
11848,61,0
11849,62,0
11850,62,0
11851,61,0
11852,61,0
11853,62,0
11854,65,0
11855,62,0
11856,63,0
11857,61,0
11858,62,0
11859,61,0
11860,65,0
11861,62,0
11862,63,0
11863,65,0
11864,64,0
11865,61,0
11866,62,0
11867,61,0
11868,62,0
11869,61,0
11870,64,0
11871,59,0
11872,60,0
11873,63,0
11874,60,0
11875,62,0
11876,62,0
11877,63,0
11878,62,0
11879,60,0
11880,61,0
11881,62,0
11882,63,0
11883,62,0
11884,61,0
11885,64,0
11886,63,0
11887,64,0
11888,63,0
11889,60,0
11890,61,0
11891,62,0
11892,61,0
11893,60,0
11894,62,0
11895,63,0
11896,64,0
11897,62,0
11898,61,0
11899,62,0
11900,65,0
11901,63,0
11902,62,0
11903,59,0
11904,60,0
11905,61,0
11906,62,0
11907,64,0
11908,62,0
11909,63,0
11910,61,0
11911,60,0
11912,59,0
11913,62,0
11914,61,0
11915,62,0
11916,63,0
11917,62,0
11918,60,0
11919,59,0
11920,60,0
11921,63,0
11922,60,0
11923,62,0
11924,59,0
11925,60,0
11926,63,0
11927,63,0
11928,62,0
11929,63,0
11930,62,0
11931,61,0
11932,63,0
11933,62,0
11934,61,0
11935,62,0
11936,62,0
11937,63,0
11938,63,0
11939,62,0
11940,64,0
11941,63,0
11942,62,0
11943,61,0
11944,62,0
11945,61,0
11946,62,0
11947,59,0
11948,60,0
11949,63,0
11950,62,0
11951,63,0
11952,62,0
11953,61,0
11954,64,0
11955,63,0
11956,62,0
11957,62,0
11958,61,0
11959,62,0
11960,61,0
11961,62,0
11962,61,0
11963,62,0
11964,62,0
11965,63,0
11966,64,0
11967,64,0
11968,63,0
11969,64,0
11970,61,0
11971,60,0
11972,61,0
11973,64,0
11974,63,0
11975,62,0
11976,63,0
11977,62,0
11978,63,0
11979,62,0
11980,61,0
11981,64,0
11982,60,0
11983,61,0
11984,62,0
11985,63,0
11986,64,0
11987,65,0
11988,62,0
11989,63,0
11990,64,0
11991,63,0
11992,62,0
11993,63,0
11994,61,0
11995,62,0
11996,62,0
11997,61,0
11998,62,0
11999,63,0
12000,63,0
12001,62,0
12002,65,0
12003,60,0
12004,64,0
12005,61,0
12006,62,0
12007,63,0
12008,62,0
12009,61,0
12010,60,0
12011,63,0
12012,61,0
12013,62,0
12014,65,0
12015,62,0
12016,61,0
12017,64,0
12018,63,0
12019,62,0
12020,62,0
12021,59,0
12022,62,0
12023,63,0
12024,60,0
12025,62,0
12026,62,0
12027,61,0
12028,62,0
12029,63,0
12030,60,0
12031,59,0
12032,62,0
12033,61,0
12034,61,0
12035,64,0
12036,61,0
12037,64,0
12038,59,0
12039,60,0
12040,63,0
12041,60,0
12042,61,0
12043,62,0
12044,62,0
12045,63,0
12046,62,0
12047,59,0
12048,62,0
12049,61,0
12050,60,0
12051,62,0
12052,61,0
12053,62,0
12054,63,0
12055,60,0
12056,61,0
12057,60,0
12058,60,0
12059,59,0
12060,60,0
12061,61,0
12062,62,0
12063,62,0
12064,63,0
12065,62,0
12066,61,0
12067,60,0
12068,62,0
12069,62,0
12070,63,0
12071,60,0
12072,64,0
12073,59,0
12074,62,0
12075,59,0
12076,62,0
12077,62,0
12078,63,0
12079,62,0
12080,59,0
12081,65,0
12082,60,0
12083,63,0
12084,62,0
12085,59,0
12086,62,0
12087,61,0
12088,64,0
12089,62,0
12090,62,0
12091,63,0
12092,59,0
12093,62,0
12094,65,0
12095,64,0
12096,62,0
12097,62,0
12098,62,0
12099,63,0
12100,62,0
12101,63,0
12102,62,0
12103,63,0
12104,62,0
12105,62,0
12106,63,0
12107,62,0
12108,63,0
12109,62,0
12110,62,0
12111,59,0
12112,64,0
12113,61,0
12114,61,0
12115,60,0
12116,63,0
12117,62,0
12118,64,0
12119,63,0
12120,64,0
12121,61,0
12122,64,0
12123,63,0
12124,62,0
12125,65,0
12126,62,0
12127,61,0
12128,62,0
12129,62,0
12130,61,0
12131,62,0
12132,63,0
12133,62,0
12134,61,0
12135,65,0
12136,60,0
12137,61,0
12138,63,0
12139,62,0
12140,61,0
12141,62,0
12142,62,0
12143,61,0
12144,62,0
12145,62,0
12146,64,0
12147,60,0
12148,60,0
12149,63,0
12150,60,0
12151,61,0
12152,62,0
12153,61,0
12154,62,0
12155,61,0
12156,64,0
12157,63,0
12158,60,0
12159,61,0
12160,63,0
12161,62,0
12162,63,0
12163,60,0
12164,59,0
12165,62,0
12166,60,0
12167,59,0
12168,62,0
12169,59,0
12170,64,0
12171,61,0
12172,62,0
12173,63,0
12174,60,0
12175,60,0
12176,63,0
12177,68,0
12178,62,0
12179,61,0
12180,60,0
12181,61,0
12182,62,0
12183,59,0
12184,60,0
12185,62,0
12186,61,0
12187,62,0
12188,61,0
12189,62,0
12190,61,0
12191,62,0
12192,62,0
12193,61,0
12194,60,0
12195,59,0
12196,62,0
12197,60,0
12198,61,0
12199,62,0
12200,65,0
12201,59,0
12202,60,0
12203,59,0
12204,62,0
12205,62,0
12206,64,0
12207,65,0
12208,62,0
12209,63,0
12210,64,0
12211,63,0
12212,62,0
12213,63,0
12214,60,0
12215,62,0
12216,65,0
12217,62,0
12218,61,0
12219,65,0
12220,60,0
12221,59,0
12222,62,0
12223,62,0
12224,61,0
12225,60,0
12226,59,0
12227,59,0
12228,62,0
12229,61,0
12230,62,0
12231,63,0
12232,63,0
12233,62,0
12234,63,0
12235,60,0
12236,63,0
12237,64,0
12238,60,0
12239,65,0
12240,64,0
12241,62,0
12242,61,0
12243,62,0
12244,63,0
12245,64,0
12246,63,0
12247,62,0
12248,61,0
12249,62,0
12250,63,0
12251,62,0
12252,63,0
12253,60,0
12254,63,0
12255,60,0
12256,61,0
12257,62,0
12258,63,0
12259,62,0
12260,63,0
12261,64,0
12262,63,0
12263,62,0
12264,61,0
12265,60,0
12266,61,0
12267,62,0
12268,61,0
12269,65,0
12270,62,0
12271,61,0
12272,61,0
12273,61,0
12274,62,0
12275,63,0
12276,60,0
12277,62,0
12278,62,0
12279,60,0
12280,61,0
12281,60,0
12282,63,0
12283,62,0
12284,61,0
12285,62,0
12286,61,0
12287,63,0
12288,60,0
12289,61,0
12290,62,0
12291,62,0
12292,61,0
12293,60,0
12294,59,0
12295,63,0
12296,62,0
12297,61,0
12298,62,0
12299,63,0
12300,62,0
12301,61,0
12302,60,0
12303,65,0
12304,62,0
12305,64,0
12306,59,0
12307,62,0
12308,61,0
12309,62,0
12310,62,0
12311,63,0
12312,62,0
12313,61,0
12314,60,0
12315,61,0
12316,60,0
12317,64,0
12318,61,0
12319,64,0
12320,59,0
12321,64,0
12322,65,0
12323,60,0
12324,65,0
12325,62,0
12326,63,0
12327,62,0
12328,61,0
12329,62,0
12330,59,0
12331,62,0
12332,65,0
12333,62,0
12334,61,0
12335,60,0
12336,62,0
12337,62,0
12338,60,0
12339,63,0
12340,60,0
12341,61,0
12342,62,0
12343,63,0
12344,60,0
12345,64,0
12346,63,0
12347,62,0
12348,63,0
12349,62,0
12350,61,0
12351,62,0
12352,64,0
12353,59,0
12354,62,0
12355,61,0
12356,62,0
12357,62,0
12358,63,0
12359,62,0
12360,59,0
12361,60,0
12362,63,0
12363,61,0
12364,62,0
12365,65,0
12366,62,0
12367,61,0
12368,62,0
12369,63,0
12370,62,0
12371,63,0
12372,60,0
12373,62,0
12374,59,0
12375,62,0
12376,63,0
12377,64,0
12378,63,0
12379,65,0
12380,62,0
12381,62,0
12382,61,0
12383,62,0
12384,63,0
12385,61,0
12386,62,0
12387,64,0
12388,64,0
12389,61,0
12390,62,0
12391,60,0
12392,61,0
12393,64,0
12394,63,0
12395,64,0
12396,65,0
12397,62,0
12398,63,0
12399,62,0
12400,61,0
12401,64,0
12402,64,0
12403,63,0
12404,62,0
12405,61,0
12406,62,0
12407,62,0
12408,59,0
12409,62,0
12410,59,0
12411,62,0
12412,63,0
12413,62,0
12414,62,0
12415,61,0
12416,60,0
12417,63,0
12418,61,0
12419,60,0
12420,63,0
12421,62,0
12422,63,0
12423,62,0
12424,63,0
12425,62,0
12426,61,0
12427,60,0
12428,63,0
12429,62,0
12430,60,0
12431,59,0
12432,62,0
12433,61,0
12434,62,0
12435,63,0
12436,62,0
12437,61,0
12438,62,0
12439,62,0
12440,60,0
12441,61,0
12442,61,0
12443,62,0
12444,61,0
12445,62,0
12446,62,0
12447,63,0
12448,62,0
12449,61,0
12450,64,0
12451,60,0
12452,61,0
12453,62,0
12454,61,0
12455,62,0
12456,62,0
12457,61,0
12458,61,0
12459,62,0
12460,59,0
12461,62,0
12462,62,0
12463,65,0
12464,64,0
12465,65,0
12466,62,0
12467,59,0
12468,60,0
12469,61,0
12470,62,0
12471,63,0
12472,62,0
12473,62,0
12474,63,0
12475,61,0
12476,64,0
12477,59,0
12478,64,0
12479,60,0
12480,63,0
12481,60,0
12482,61,0
12483,62,0
12484,61,0
12485,62,0
12486,63,0
12487,62,0
12488,65,0
12489,60,0
12490,61,0
12491,62,0
12492,62,0
12493,63,0
12494,62,0
12495,61,0
12496,65,0
12497,62,0
12498,59,0
12499,62,0
12500,63,0
12501,64,0
12502,63,0
12503,60,0
12504,61,0
12505,62,0
12506,64,0
12507,61,0
12508,62,0
12509,61,0
12510,62,0
12511,63,0
12512,63,0
12513,60,0
12514,61,0
12515,62,0
12516,63,0
12517,62,0
12518,64,0
12519,61,0
12520,62,0
12521,61,0
12522,60,0
12523,64,0
12524,61,0
12525,60,0
12526,61,0
12527,62,0
12528,63,0
12529,64,0
12530,61,0
12531,62,0
12532,62,0
12533,61,0
12534,65,0
12535,61,0
12536,60,0
12537,59,0
12538,60,0
12539,63,0
12540,60,0
12541,61,0
12542,60,0
12543,62,0
12544,61,0
12545,60,0
12546,63,0
12547,62,0
12548,61,0
12549,61,0
12550,62,0
12551,63,0
12552,64,0
12553,59,0
12554,62,0
12555,63,0
12556,62,0
12557,64,0
12558,61,0
12559,60,0
12560,63,0
12561,62,0
12562,61,0
12563,62,0
12564,63,0
12565,62,0
12566,61,0
12567,62,0
12568,61,0
12569,62,0
12570,62,0
12571,61,0
12572,62,0
12573,65,0
12574,62,0
12575,63,0
12576,59,0
12577,62,0
12578,61,0
12579,62,0
12580,62,0
12581,61,0
12582,62,0
12583,59,0
12584,60,0
12585,63,0
12586,64,0
12587,61,0
12588,62,0
12589,62,0
12590,61,0
12591,60,0
12592,65,0
12593,62,0
12594,63,0
12595,62,0
12596,62,0
12597,61,0
12598,64,0
12599,61,0
12600,62,0
12601,60,0
12602,61,0
12603,62,0
12604,61,0
12605,60,0
12606,63,0
12607,61,0
12608,62,0
12609,59,0
12610,62,0
12611,62,0
12612,63,0
12613,60,0
12614,61,0
12615,62,0
12616,60,0
12617,59,0
12618,62,0
12619,59,0
12620,62,0
12621,61,0
12622,62,0
12623,62,0
12624,62,0
12625,62,0
12626,61,0
12627,62,0
12628,62,0
12629,65,0
12630,62,0
12631,62,0
12632,61,0
12633,63,0
12634,61,0
12635,60,0
12636,62,0
12637,61,0
12638,62,0
12639,61,0
12640,64,0
12641,61,0
12642,60,0
12643,59,0
12644,59,0
12645,62,0
12646,61,0
12647,62,0
12648,65,0
12649,59,0
12650,62,0
12651,59,0
12652,62,0
12653,61,0
12654,64,0
12655,63,0
12656,62,0
12657,59,0
12658,62,0
12659,62,0
12660,61,0
12661,60,0
12662,61,0
12663,62,0
12664,63,0
12665,60,0
12666,59,0
12667,64,0
12668,61,0
12669,60,0
12670,61,0
12671,61,0
12672,62,0
12673,65,0
12674,60,0
12675,61,0
12676,61,0
12677,62,0
12678,61,0
12679,62,0
12680,62,0
12681,65,0
12682,62,0
12683,61,0
12684,62,0
12685,63,0
12686,60,0
12687,63,0
12688,60,0
12689,59,0
12690,60,0
12691,61,0
12692,60,0
12693,60,0
12694,61,0
12695,62,0
12696,63,0
12697,63,0
12698,62,0
12699,61,0
12700,64,0
12701,63,0
12702,62,0
12703,60,0
12704,61,0
12705,60,0
12706,59,0
12707,62,0
12708,59,0
12709,62,0
12710,65,0
12711,60,0
12712,62,0
12713,60,0
12714,65,0
12715,60,0
12716,61,0
12717,62,0
12718,62,0
12719,63,0
12720,62,0
12721,65,0
12722,64,0
12723,62,0
12724,61,0
12725,62,0
12726,61,0
12727,62,0
12728,63,0
12729,64,0
12730,59,0
12731,61,0
12732,60,0
12733,61,0
12734,62,0
12735,62,0
12736,59,0
12737,60,0
12738,61,0
12739,62,0
12740,63,0
12741,60,0
12742,64,0
12743,61,0
12744,62,0
12745,63,0
12746,63,0
12747,62,0
12748,65,0
12749,62,0
12750,63,0
12751,60,0
12752,59,0
12753,59,0
12754,62,0
12755,63,0
12756,62,0
12757,63,0
12758,62,0
12759,62,0
12760,63,0
12761,62,0
12762,62,0
12763,61,0
12764,60,0
12765,59,0
12766,62,0
12767,63,0
12768,60,0
12769,59,0
12770,64,0
12771,62,0
12772,61,0
12773,62,0
12774,61,0
12775,62,0
12776,61,0
12777,62,0
12778,63,0
12779,60,0
12780,63,0
12781,62,0
12782,61,0
12783,62,0
12784,63,0
12785,64,0
12786,61,0
12787,60,0
12788,62,0
12789,61,0
12790,62,0
12791,59,0
12792,62,0
12793,63,0
12794,62,0
12795,63,0
12796,62,0
12797,61,0
12798,62,0
12799,61,0
12800,62,0
12801,59,0
12802,62,0
12803,62,0
12804,61,0
12805,62,0
12806,61,0
12807,61,0
12808,62,0
12809,61,0
12810,62,0
12811,62,0
12812,63,0
12813,62,0
12814,63,0
12815,62,0
12816,63,0
12817,62,0
12818,61,0
12819,61,0
12820,62,0
12821,61,0
12822,62,0
12823,63,0
12824,62,0
12825,62,0
12826,63,0
12827,60,0
12828,59,0
12829,62,0
12830,59,0
12831,62,0
12832,61,0
12833,62,0
12834,59,0
12835,59,0
12836,60,0
12837,61,0
12838,62,0
12839,64,0
12840,61,0
12841,62,0
12842,61,0
12843,60,0
12844,63,0
12845,60,0
12846,65,0
12847,62,0
12848,63,0
12849,60,0
12850,63,0
12851,62,0
12852,62,0
12853,62,0
12854,61,0
12855,63,0
12856,62,0
12857,61,0
12858,62,0
12859,60,0
12860,61,0
12861,62,0
12862,63,0
12863,62,0
12864,62,0
12865,62,0
12866,59,0
12867,60,0
12868,59,0
12869,60,0
12870,62,0
12871,64,0
12872,63,0
12873,65,0
12874,62,0
12875,65,0
12876,61,0
12877,60,0
12878,63,0
12879,62,0
12880,63,0
12881,60,0
12882,62,0
12883,63,0
12884,60,0
12885,62,0
12886,59,0
12887,62,0
12888,65,0
12889,62,0
12890,60,0
12891,61,0
12892,62,0
12893,63,0
12894,62,0
12895,62,0
12896,62,0
12897,62,0
12898,61,0
12899,64,0
12900,63,0
12901,64,0
12902,65,0
12903,60,0
12904,63,0
12905,62,0
12906,62,0
12907,61,0
12908,64,0
12909,61,0
12910,62,0
12911,61,0
12912,62,0
12913,62,0
12914,60,0
12915,62,0
12916,63,0
12917,62,0
12918,63,0
12919,61,0
12920,60,0
12921,63,0
12922,69,0
12923,64,0
12924,63,0
12925,64,0
12926,60,0
12927,61,0
12928,62,0
12929,61,0
12930,62,0
12931,63,0
12932,64,0
12933,63,0
12934,61,0
12935,64,0
12936,61,0
12937,62,0
12938,63,0
12939,60,0
12940,63,0
12941,62,0
12942,63,0
12943,63,0
12944,62,0
12945,63,0
12946,62,0
12947,61,0
12948,62,0
12949,65,0
12950,62,0
12951,63,0
12952,62,0
12953,61,0
12954,60,0
12955,61,0
12956,60,0
12957,61,0
12958,61,0
12959,62,0
12960,63,0
12961,62,0
12962,63,0
12963,61,0
12964,60,0
12965,65,0
12966,60,0
12967,62,0
12968,63,0
12969,61,0
12970,62,0
12971,62,0
12972,63,0
12973,62,0
12974,63,0
12975,63,0
12976,62,0
12977,63,0
12978,64,0
12979,63,0
12980,60,0
12981,60,0
12982,63,0
12983,62,0
12984,65,0
12985,60,0
12986,63,0
12987,62,0
12988,62,0
12989,62,0
12990,62,0
12991,63,0
12992,62,0
12993,63,0
12994,60,0
12995,62,0
12996,62,0
12997,62,0
12998,61,0
12999,62,0
13000,62,0
13001,61,0
13002,62,0
13003,63,0
13004,62,0
13005,60,0
13006,63,0
13007,62,0
13008,62,0
13009,59,0
13010,60,0
13011,65,0
13012,62,0
13013,63,0
13014,62,0
13015,63,0
13016,62,0
13017,62,0
13018,63,0
13019,62,0
13020,59,0
13021,60,0
13022,61,0
13023,62,0
13024,62,0
13025,61,0
13026,62,0
13027,65,0
13028,62,0
13029,63,0
13030,59,0
13031,64,0
13032,63,0
13033,59,0
13034,62,0
13035,63,0
13036,62,0
13037,59,0
13038,65,0
13039,60,0
13040,63,0
13041,62,0
13042,61,0
13043,62,0
13044,60,0
13045,62,0
13046,62,0
13047,63,0
13048,62,0
13049,61,0
13050,60,0
13051,63,0
13052,63,0
13053,64,0
13054,63,0
13055,64,0
13056,61,0
13057,62,0
13058,62,0
13059,60,0
13060,63,0
13061,62,0
13062,63,0
13063,62,0
13064,61,0
13065,62,0
13066,65,0
13067,62,0
13068,63,0
13069,64,0
13070,61,0
13071,62,0
13072,59,0
13073,62,0
13074,61,0
13075,63,0
13076,60,0
13077,59,0
13078,61,0
13079,62,0
13080,63,0
13081,62,0
13082,63,0
13083,64,0
13084,63,0
13085,64,0
13086,63,0
13087,62,0
13088,62,0
13089,61,0
13090,62,0
13091,61,0
13092,60,0
13093,64,0
13094,59,0
13095,64,0
13096,61,0
13097,62,0
13098,61,0
13099,62,0
13100,62,0
13101,64,0
13102,61,0
13103,62,0
13104,62,0
13105,65,0
13106,64,0
13107,65,0
13108,60,0
13109,59,0
13110,62,0
13111,63,0
13112,62,0
13113,62,0
13114,60,0
13115,65,0
13116,62,0
13117,62,0
13118,63,0
13119,62,0
13120,63,0
13121,62,0
13122,65,0
13123,60,0
13124,62,0
13125,63,0
13126,62,0
13127,63,0
13128,62,0
13129,63,0
13130,65,0
13131,62,0
13132,63,0
13133,62,0
13134,61,0
13135,60,0
13136,63,0
13137,62,0
13138,62,0
13139,59,0
13140,64,0
13141,61,0
13142,62,0
13143,61,0
13144,62,0
13145,61,0
13146,59,0
13147,61,0
13148,60,0
13149,62,0
13150,61,0
13151,62,0
13152,63,0
13153,62,0
13154,59,0
13155,62,0
13156,61,0
13157,60,0
13158,61,0
13159,62,0
13160,61,0
13161,65,0
13162,64,0
13163,59,0
13164,62,0
13165,63,0
13166,62,0
13167,65,0
13168,61,0
13169,62,0
13170,59,0
13171,62,0
13172,61,0
13173,62,0
13174,63,0
13175,61,0
13176,62,0
13177,63,0
13178,62,0
13179,63,0
13180,62,0
13181,62,0
13182,63,0
13183,62,0
13184,63,0
13185,60,0
13186,59,0
13187,62,0
13188,63,0
13189,60,0
13190,63,0
13191,64,0
13192,59,0
13193,62,0
13194,63,0
13195,64,0
13196,65,0
13197,65,0
13198,63,0
13199,62,0
13200,60,0
13201,59,0
13202,62,0
13203,61,0
13204,62,0
13205,63,0
13206,62,0
13207,61,0
13208,62,0
13209,62,0
13210,63,0
13211,62,0
13212,63,0
13213,62,0
13214,63,0
13215,62,0
13216,63,0
13217,62,0
13218,63,0
13219,62,0
13220,59,0
13221,59,0
13222,62,0
13223,61,0
13224,64,0
13225,63,0
13226,60,0
13227,63,0
13228,63,0
13229,64,0
13230,61,0
13231,60,0
13232,59,0
13233,64,0
13234,64,0
13235,63,0
13236,62,0
13237,59,0
13238,62,0
13239,59,0
13240,62,0
13241,63,0
13242,62,0
13243,63,0
13244,62,0
13245,63,0
13246,64,0
13247,65,0
13248,62,0
13249,61,0
13250,61,0
13251,62,0
13252,61,0
13253,60,0
13254,64,0
13255,61,0
13256,64,0
13257,61,0
13258,64,0
13259,62,0
13260,61,0
13261,62,0
13262,61,0
13263,60,0
13264,60,0
13265,61,0
13266,64,0
13267,61,0
13268,60,0
13269,65,0
13270,62,0
13271,62,0
13272,63,0
13273,60,0
13274,61,0
13275,60,0
13276,61,0
13277,62,0
13278,63,0
13279,64,0
13280,63,0
13281,62,0
13282,61,0
13283,62,0
13284,64,0
13285,63,0
13286,64,0
13287,63,0
13288,62,0
13289,61,0
13290,62,0
13291,64,0
13292,63,0
13293,62,0
13294,61,0
13295,62,0
13296,62,0
13297,61,0
13298,63,0
13299,61,0
13300,60,0
13301,61,0
13302,62,0
13303,61,0
13304,62,0
13305,61,0
13306,62,0
13307,62,0
13308,59,0
13309,60,0
13310,62,0
13311,62,0
13312,61,0
13313,62,0
13314,65,0
13315,62,0
13316,62,0
13317,61,0
13318,64,0
13319,63,0
13320,62,0
13321,65,0
13322,59,0
13323,60,0
13324,59,0
13325,62,0
13326,63,0
13327,62,0
13328,62,0
13329,61,0
13330,62,0
13331,63,0
13332,62,0
13333,62,0
13334,64,0
13335,59,0
13336,62,0
13337,60,0
13338,63,0
13339,62,0
13340,63,0
13341,60,0
13342,59,0
13343,62,0
13344,63,0
13345,60,0
13346,63,0
13347,62,0
13348,62,0
13349,65,0
13350,64,0
13351,61,0
13352,64,0
13353,61,0
13354,62,0
13355,61,0
13356,60,0
13357,63,0
13358,62,0
13359,62,0
13360,63,0
13361,64,0
13362,65,0
13363,62,0
13364,59,0
13365,60,0
13366,63,0
13367,60,0
13368,63,0
13369,60,0
13370,59,0
13371,60,0
13372,65,0
13373,60,0
13374,59,0
13375,62,0
13376,63,0
13377,64,0
13378,60,0
13379,63,0
13380,62,0
13381,63,0
13382,60,0
13383,62,0
13384,64,0
13385,63,0
13386,62,0
13387,63,0
13388,60,0
13389,63,0
13390,62,0
13391,62,0
13392,63,0
13393,60,0
13394,65,0
13395,60,0
13396,63,0
13397,62,0
13398,63,0
13399,60,0
13400,61,0
13401,62,0
13402,63,0
13403,62,0
13404,60,0
13405,64,0
13406,63,0
13407,62,0
13408,65,0
13409,60,0
13410,63,0
13411,59,0
13412,62,0
13413,63,0
13414,62,0
13415,63,0
13416,60,0
13417,62,0
13418,59,0
13419,62,0
13420,61,0
13421,62,0
13422,61,0
13423,64,0
13424,59,0
13425,62,0
13426,61,0
13427,61,0
13428,60,0
13429,61,0
13430,61,0
13431,60,0
13432,65,0
13433,64,0
13434,63,0
13435,62,0
13436,62,0
13437,62,0
13438,61,0
13439,60,0
13440,60,0
13441,61,0
13442,62,0
13443,63,0
13444,60,0
13445,63,0
13446,62,0
13447,64,0
13448,65,0
13449,62,0
13450,61,0
13451,62,0
13452,59,0
13453,63,0
13454,62,0
13455,59,0
13456,62,0
13457,61,0
13458,60,0
13459,62,0
13460,64,0
13461,63,0
13462,61,0
13463,62,0
13464,61,0
13465,64,0
13466,59,0
13467,60,0
13468,64,0
13469,59,0
13470,62,0
13471,63,0
13472,62,0
13473,59,0
13474,62,0
13475,63,0
13476,64,0
13477,61,0
13478,62,0
13479,59,0
13480,62,0
13481,61,0
13482,62,0
13483,64,0
13484,63,0
13485,60,0
13486,63,0
13487,60,0
13488,63,0
13489,62,0
13490,61,0
13491,62,0
13492,61,0
13493,62,0
13494,63,0
13495,62,0
13496,60,0
13497,62,0
13498,63,0
13499,60,0
13500,59,0
13501,62,0
13502,63,0
13503,64,0
13504,61,0
13505,60,0
13506,61,0
13507,64,0
13508,61,0
13509,63,0
13510,60,0
13511,63,0
13512,60,0
13513,61,0
13514,62,0
13515,63,0
13516,60,0
13517,63,0
13518,60,0
13519,60,0
13520,61,0
13521,60,0
13522,64,0
13523,63,0
13524,62,0
13525,62,0
13526,61,0
13527,64,0
13528,63,0
13529,62,0
13530,62,0
13531,65,0
13532,62,0
13533,59,0
13534,61,0
13535,62,0
13536,61,0
13537,62,0
13538,64,0
13539,65,0
13540,62,0
13541,61,0
13542,64,0
13543,63,0
13544,62,0
13545,63,0
13546,61,0
13547,62,0
13548,60,0
13549,61,0
13550,60,0
13551,61,0
13552,60,0
13553,65,0
13554,62,0
13555,60,0
13556,63,0
13557,62,0
13558,61,0
13559,60,0
13560,65,0
13561,62,0
13562,62,0
13563,61,0
13564,62,0
13565,59,0
13566,60,0
13567,62,0
13568,62,0
13569,59,0
13570,62,0
13571,60,0
13572,63,0
13573,62,0
13574,63,0
13575,62,0
13576,63,0
13577,62,0
13578,62,0
13579,61,0
13580,62,0
13581,63,0
13582,62,0
13583,59,0
13584,60,0
13585,63,0
13586,62,0
13587,59,0
13588,62,0
13589,62,0
13590,61,0
13591,62,0
13592,62,0
13593,62,0
13594,65,0
13595,62,0
13596,63,0
13597,62,0
13598,61,0
13599,63,0
13600,62,0
13601,61,0
13602,62,0
13603,61,0
13604,62,0
13605,60,0
13606,62,0
13607,63,0
13608,62,0
13609,63,0
13610,62,0
13611,63,0
13612,62,0
13613,61,0
13614,61,0
13615,62,0
13616,62,0
13617,61,0
13618,64,0
13619,62,0
13620,63,0
13621,60,0
13622,65,0
13623,62,0
13624,62,0
13625,61,0
13626,62,0
13627,63,0
13628,62,0
13629,63,0
13630,61,0
13631,62,0
13632,63,0
13633,64,0
13634,61,0
13635,60,0
13636,60,0
13637,61,0
13638,62,0
13639,64,0
13640,62,0
13641,61,0
13642,64,0
13643,59,0
13644,62,0
13645,62,0
13646,63,0
13647,62,0
13648,61,0
13649,60,0
13650,60,0
13651,63,0
13652,62,0
13653,61,0
13654,62,0
13655,62,0
13656,61,0
13657,62,0
13658,63,0
13659,61,0
13660,62,0
13661,61,0
13662,64,0
13663,62,0
13664,59,0
13665,60,0
13666,59,0
13667,68,0
13668,61,0
13669,60,0
13670,61,0
13671,60,0
13672,61,0
13673,59,0
13674,62,0
13675,63,0
13676,62,0
13677,61,0
13678,64,0
13679,61,0
13680,62,0
13681,63,0
13682,60,0
13683,63,0
13684,60,0
13685,63,0
13686,64,0
13687,64,0
13688,65,0
13689,60,0
13690,61,0
13691,62,0
13692,61,0
13693,62,0
13694,62,0
13695,62,0
13696,62,0
13697,61,0
13698,60,0
13699,61,0
13700,62,0
13701,61,0
13702,62,0
13703,63,0
13704,62,0
13705,61,0
13706,61,0
13707,62,0
13708,61,0
13709,60,0
13710,62,0
13711,62,0
13712,61,0
13713,62,0
13714,61,0
13715,62,0
13716,63,0
13717,62,0
13718,65,0
13719,59,0
13720,63,0
13721,62,0
13722,59,0
13723,60,0
13724,62,0
13725,63,0
13726,62,0
13727,63,0
13728,62,0
13729,65,0
13730,64,0
13731,61,0
13732,62,0
13733,59,0
13734,62,0
13735,63,0
13736,62,0
13737,63,0
13738,62,0
13739,63,0
13740,60,0
13741,61,0
13742,62,0
13743,61,0
13744,62,0
13745,62,0
13746,59,0
13747,60,0
13748,61,0
13749,62,0
13750,61,0
13751,62,0
13752,63,0
13753,60,0
13754,63,0
13755,62,0
13756,61,0
13757,62,0
13758,63,0
13759,62,0
13760,63,0
13761,64,0
13762,60,0
13763,63,0
13764,60,0
13765,59,0
13766,60,0
13767,61,0
13768,63,0
13769,62,0
13770,61,0
13771,62,0
13772,63,0
13773,62,0
13774,61,0
13775,64,0
13776,62,0
13777,63,0
13778,62,0
13779,61,0
13780,60,0
13781,62,0
13782,63,0
13783,62,0
13784,61,0
13785,62,0
13786,61,0
13787,59,0
13788,63,0
13789,62,0
13790,64,0
13791,61,0
13792,64,0
13793,62,0
13794,59,0
13795,62,0
13796,61,0
13797,62,0
13798,61,0
13799,62,0
13800,61,0
13801,60,0
13802,62,0
13803,61,0
13804,64,0
13805,65,0
13806,62,0
13807,59,0
13808,62,0
13809,61,0
13810,64,0
13811,63,0
13812,62,0
13813,65,0
13814,62,0
13815,63,0
13816,62,0
13817,59,0
13818,62,0
13819,63,0
13820,62,0
13821,61,0
13822,62,0
13823,59,0
13824,62,0
13825,62,0
13826,63,0
13827,62,0
13828,61,0
13829,62,0
13830,60,0
13831,63,0
13832,62,0
13833,62,0
13834,62,0
13835,61,0
13836,64,0
13837,63,0
13838,60,0
13839,62,0
13840,62,0
13841,61,0
13842,60,0
13843,61,0
13844,62,0
13845,63,0
13846,60,0
13847,62,0
13848,60,0
13849,95,0
13850,60,0
13851,64,0
13852,63,0
13853,61,0
13854,62,0
13855,63,0
13856,62,0
13857,61,0
13858,62,0
13859,59,0
13860,60,0
13861,59,0
13862,60,0
13863,61,0
13864,62,0
13865,63,0
13866,62,0
13867,63,0
13868,62,0
13869,65,0
13870,61,0
13871,60,0
13872,63,0
13873,62,0
13874,62,0
13875,61,0
13876,60,0
13877,61,0
13878,60,0
13879,61,0
13880,62,0
13881,62,0
13882,61,0
13883,62,0
13884,59,0
13885,64,0
13886,61,0
13887,60,0
13888,59,0
13889,62,0
13890,62,0
13891,61,0
13892,64,0
13893,65,0
13894,61,0
13895,62,0
13896,62,0
13897,61,0
13898,62,0
13899,63,0
13900,62,0
13901,59,0
13902,62,0
13903,59,0
13904,60,0
13905,64,0
13906,63,0
13907,62,0
13908,63,0
13909,60,0
13910,62,0
13911,62,0
13912,65,0
13913,64,0
13914,63,0
13915,63,0
13916,62,0
13917,64,0
13918,63,0
13919,64,0
13920,63,0
13921,61,0
13922,66,0
13923,63,0
13924,66,0
13925,63,0
13926,62,0
13927,65,0
13928,64,0
13929,62,0
13930,61,0
13931,63,0
13932,62,0
13933,61,0
13934,62,0
13935,63,0
13936,64,0
13937,65,0
13938,62,0
13939,65,0
13940,62,0
13941,61,0
13942,62,0
13943,65,0
13944,62,0
13945,62,0
13946,64,0
13947,64,0
13948,63,0
13949,62,0
13950,63,0
13951,65,0
13952,62,0
13953,63,0
13954,64,0
13955,63,0
13956,63,0
13957,64,0
13958,63,0
13959,62,0
13960,63,0
13961,62,0
13962,63,0
13963,63,0
13964,64,0
13965,63,0
13966,62,0
13967,63,0
13968,64,0
13969,63,0
13970,63,0
13971,66,0
13972,63,0
13973,64,0
13974,63,0
13975,64,0
13976,63,0
13977,64,0
13978,61,0
13979,64,0
13980,63,0
13981,64,0
13982,63,0
13983,62,0
13984,61,0
13985,64,0
13986,65,0
13987,64,0
13988,64,0
13989,63,0
13990,64,0
13991,63,0
13992,62,0
13993,63,0
13994,64,0
13995,64,0
13996,65,0
13997,64,0
13998,65,0
13999,62,0
14000,63,0
14001,64,0
14002,63,0
14003,64,0
14004,62,0
14005,65,0
14006,62,0
14007,66,0
14008,63,0
14009,62,0
14010,63,0
14011,62,0
14012,65,0
14013,62,0
14014,63,0
14015,64,0
14016,63,0
14017,60,0
14018,61,0
14019,64,0
14020,61,0
14021,64,0
14022,61,0
14023,60,0
14024,61,0
14025,62,0
14026,62,0
14027,59,0
14028,60,0
14029,61,0
14030,60,0
14031,61,0
14032,62,0
14033,61,0
14034,62,0
14035,59,0
14036,62,0
14037,61,0
14038,60,0
14039,63,0
14040,60,0
14041,61,0
14042,60,0
14043,62,0
14044,59,0
14045,60,0
14046,65,0
14047,62,0
14048,61,0
14049,62,0
14050,63,0
14051,62,0
14052,61,0
14053,62,0
14054,60,0
14055,63,0
14056,62,0
14057,63,0
14058,62,0
14059,62,0
14060,61,0
14061,60,0
14062,61,0
14063,62,0
14064,59,0
14065,62,0
14066,61,0
14067,64,0
14068,63,0
14069,62,0
14070,64,0
14071,63,0
14072,62,0
14073,65,0
14074,60,0
14075,59,0
14076,62,0
14077,61,0
14078,64,0
14079,63,0
14080,60,0
14081,61,0
14082,62,0
14083,63,0
14084,60,0
14085,62,0
14086,62,0
14087,62,0
14088,62,0
14089,62,0
14090,62,0
14091,61,0
14092,64,0
14093,59,0
14094,62,0
14095,61,0
14096,62,0
14097,61,0
14098,59,0
14099,63,0
14100,62,0
14101,63,0
14102,62,0
14103,61,0
14104,62,0
14105,62,0
14106,65,0
14107,65,0
14108,64,0
14109,63,0
14110,63,0
14111,62,0
14112,65,0
14113,65,0
14114,64,0
14115,63,0
14116,62,0
14117,63,0
14118,62,0
14119,61,0
14120,65,0
14121,64,0
14122,61,0
14123,64,0
14124,65,0
14125,62,0
14126,65,0
14127,64,0
14128,64,0
14129,61,0
14130,65,0
14131,64,0
14132,63,0
14133,66,0
14134,67,0
14135,65,0
14136,64,0
14137,63,0
14138,64,0
14139,61,0
14140,66,0
14141,65,0
14142,63,0
14143,66,0
14144,63,0
14145,64,0
14146,63,0
14147,65,0
14148,64,0
14149,59,0
14150,62,0
14151,64,0
14152,63,0
14153,62,0
14154,63,0
14155,62,0
14156,62,0
14157,62,0
14158,65,0
14159,66,0
14160,64,0
14161,63,0
14162,64,0
14163,62,0
14164,63,0
14165,64,0
14166,63,0
14167,64,0
14168,64,0
14169,63,0
14170,64,0
14171,63,0
14172,62,0
14173,63,0
14174,64,0
14175,61,0
14176,64,0
14177,63,0
14178,62,0
14179,64,0
14180,63,0
14181,64,0
14182,62,0
14183,63,0
14184,62,0
14185,63,0
14186,62,0
14187,61,0
14188,63,0
14189,42108,1
14190,63,0
14191,63,0
14192,62,0
14193,61,0
14194,62,0
14195,63,0
14196,62,0
14197,61,0
14198,62,0
14199,63,0
14200,60,0
14201,59,0
14202,62,0
14203,62,0
14204,62,0
14205,63,0
14206,60,0
14207,63,0
14208,64,0
14209,63,0
14210,64,0
14211,61,0
14212,62,0
14213,63,0
14214,62,0
14215,61,0
14216,64,0
14217,63,0
14218,64,0
14219,61,0
14220,62,0
14221,61,0
14222,64,0
14223,62,0
14224,60,0
14225,62,0
14226,59,0
14227,62,0
14228,63,0
14229,60,0
14230,61,0
14231,64,0
14232,61,0
14233,60,0
14234,62,0
14235,59,0
14236,62,0
14237,61,0
14238,62,0
14239,64,0
14240,59,0
14241,64,0
14242,63,0
14243,61,0
14244,65,0
14245,62,0
14246,59,0
14247,60,0
14248,61,0
14249,62,0
14250,59,0
14251,63,0
14252,62,0
14253,63,0
14254,62,0
14255,59,0
14256,63,0
14257,64,0
14258,63,0
14259,62,0
14260,62,0
14261,63,0
14262,65,0
14263,64,0
14264,61,0
14265,64,0
14266,59,0
14267,62,0
14268,64,0
14269,63,0
14270,62,0
14271,61,0
14272,62,0
14273,64,0
14274,63,0
14275,64,0
14276,63,0
14277,64,0
14278,65,0
14279,64,0
14280,61,0
14281,62,0
14282,62,0
14283,61,0
14284,62,0
14285,61,0
14286,64,0
14287,65,0
14288,64,0
14289,61,0
14290,63,0
14291,64,0
14292,65,0
14293,62,0
14294,65,0
14295,64,0
14296,63,0
14297,64,0
14298,65,0
14299,64,0
14300,60,0
14301,60,0
14302,61,0
14303,62,0
14304,62,0
14305,63,0
14306,64,0
14307,63,0
14308,62,0
14309,63,0
14310,61,0
14311,62,0
14312,62,0
14313,61,0
14314,62,0
14315,65,0
14316,62,0
14317,61,0
14318,62,0
14319,61,0
14320,62,0
14321,65,0
14322,60,0
14323,63,0
14324,62,0
14325,62,0
14326,61,0
14327,60,0
14328,64,0
14329,64,0
14330,61,0
14331,62,0
14332,61,0
14333,62,0
14334,63,0
14335,62,0
14336,59,0
14337,62,0
14338,61,0
14339,60,0
14340,62,0
14341,60,0
14342,62,0
14343,63,0
14344,62,0
14345,62,0
14346,62,0
14347,61,0
14348,64,0
14349,61,0
14350,62,0
14351,62,0
14352,61,0
14353,62,0
14354,62,0
14355,65,0
14356,60,0
14357,61,0
14358,61,0
14359,62,0
14360,63,0
14361,60,0
14362,65,0
14363,65,0
14364,64,0
14365,61,0
14366,62,0
14367,63,0
14368,61,0
14369,61,0
14370,62,0
14371,63,0
14372,62,0
14373,61,0
14374,60,0
14375,64,0
14376,59,0
14377,62,0
14378,61,0
14379,62,0
14380,61,0
14381,62,0
14382,63,0
14383,60,0
14384,65,0
14385,62,0
14386,62,0
14387,65,0
14388,61,0
14389,60,0
14390,63,0
14391,62,0
14392,62,0
14393,59,0
14394,63,0
14395,62,0
14396,59,0
14397,63,0
14398,62,0
14399,61,0
14400,62,0
14401,64,0
14402,60,0
14403,61,0
14404,62,0
14405,63,0
14406,62,0
14407,64,0
14408,59,0
14409,62,0
14410,65,0
14411,93,0
14412,62,0
14413,65,0
14414,62,0
14415,65,0
14416,62,0
14417,63,0
14418,65,0
14419,62,0
14420,59,0
14421,60,0
14422,63,0
14423,62,0
14424,60,0
14425,64,0
14426,61,0
14427,62,0
14428,61,0
14429,62,0
14430,61,0
14431,60,0
14432,59,0
14433,60,0
14434,63,0
14435,62,0
14436,61,0
14437,60,0
14438,65,0
14439,62,0
14440,63,0
14441,62,0
14442,61,0
14443,64,0
14444,64,0
14445,63,0
14446,62,0
14447,65,0
14448,62,0
14449,63,0
14450,64,0
14451,63,0
14452,62,0
14453,63,0
14454,62,0
14455,63,0
14456,61,0
14457,62,0
14458,63,0
14459,62,0
14460,59,0
14461,64,0
14462,59,0
14463,60,0
14464,62,0
14465,61,0
14466,62,0
14467,61,0
14468,63,0
14469,60,0
14470,63,0
14471,60,0
14472,63,0
14473,60,0
14474,59,0
14475,63,0
14476,62,0
14477,61,0
14478,62,0
14479,63,0
14480,59,0
14481,64,0
14482,61,0
14483,64,0
14484,64,0
14485,64,0
14486,62,0
14487,59,0
14488,60,0
14489,61,0
14490,62,0
14491,61,0
14492,62,0
14493,62,0
14494,61,0
14495,62,0
14496,62,0
14497,62,0
14498,60,0
14499,64,0
14500,64,0
14501,61,0
14502,62,0
14503,63,0
14504,62,0
14505,63,0
14506,59,0
14507,62,0
14508,65,0
14509,60,0
14510,63,0
14511,62,0
14512,62,0
14513,61,0
14514,62,0
14515,61,0
14516,64,0
14517,63,0
14518,60,0
14519,62,0
14520,61,0
14521,62,0
14522,61,0
14523,62,0
14524,62,0
14525,63,0
14526,62,0
14527,63,0
14528,62,0
14529,64,0
14530,59,0
14531,62,0
14532,63,0
14533,60,0
14534,64,0
14535,63,0
14536,62,0
14537,63,0
14538,63,0
14539,63,0
14540,62,0
14541,63,0
14542,62,0
14543,61,0
14544,62,0
14545,61,0
14546,62,0
14547,63,0
14548,62,0
14549,65,0
14550,60,0
14551,61,0
14552,62,0
14553,61,0
14554,61,0
14555,62,0
14556,62,0
14557,62,0
14558,63,0
14559,62,0
14560,62,0
14561,63,0
14562,61,0
14563,63,0
14564,62,0
14565,65,0
14566,60,0
14567,62,0
14568,63,0
14569,64,0
14570,61,0
14571,62,0
14572,63,0
14573,59,0
14574,62,0
14575,63,0
14576,64,0
14577,62,0
14578,63,0
14579,62,0
14580,59,0
14581,62,0
14582,61,0
14583,61,0
14584,63,0
14585,63,0
14586,62,0
14587,63,0
14588,62,0
14589,62,0
14590,61,0
14591,62,0
14592,64,0
14593,61,0
14594,62,0
14595,61,0
14596,62,0
14597,59,0
14598,62,0
14599,62,0
14600,65,0
14601,60,0
14602,63,0
14603,61,0
14604,62,0
14605,63,0
14606,63,0
14607,62,0
14608,61,0
14609,62,0
14610,60,0
14611,62,0
14612,63,0
14613,60,0
14614,60,0
14615,61,0
14616,62,0
14617,61,0
14618,62,0
14619,64,0
14620,63,0
14621,62,0
14622,63,0
14623,62,0
14624,63,0
14625,62,0
14626,63,0
14627,62,0
14628,63,0
14629,64,0
14630,62,0
14631,62,0
14632,62,0
14633,61,0
14634,64,0
14635,61,0
14636,62,0
14637,65,0
14638,61,0
14639,63,0
14640,60,0
14641,63,0
14642,62,0
14643,63,0
14644,60,0
14645,61,0
14646,63,0
14647,62,0
14648,59,0
14649,62,0
14650,63,0
14651,60,0
14652,63,0
14653,62,0
14654,63,0
14655,64,0
14656,63,0
14657,60,0
14658,64,0
14659,64,0
14660,63,0
14661,61,0
14662,62,0
14663,65,0
14664,62,0
14665,63,0
14666,59,0
14667,63,0
14668,62,0
14669,64,0
14670,63,0
14671,62,0
14672,62,0
14673,65,0
14674,62,0
14675,61,0
14676,62,0
14677,65,0
14678,61,0
14679,62,0
14680,59,0
14681,62,0
14682,65,0
14683,60,0
14684,63,0
14685,62,0
14686,63,0
14687,64,0
14688,62,0
14689,61,0
14690,64,0
14691,61,0
14692,62,0
14693,63,0
14694,59,0
14695,62,0
14696,61,0
14697,62,0
14698,59,0
14699,62,0
14700,59,0
14701,62,0
14702,62,0
14703,61,0
14704,62,0
14705,63,0
14706,60,0
14707,63,0
14708,62,0
14709,61,0
14710,62,0
14711,62,0
14712,59,0
14713,60,0
14714,59,0
14715,62,0
14716,65,0
14717,62,0
14718,61,0
14719,63,0
14720,60,0
14721,62,0
14722,62,0
14723,61,0
14724,63,0
14725,60,0
14726,62,0
14727,59,0
14728,62,0
14729,63,0
14730,60,0
14731,62,0
14732,61,0
14733,62,0
14734,61,0
14735,62,0
14736,61,0
14737,60,0
14738,63,0
14739,64,0
14740,61,0
14741,64,0
14742,60,0
14743,61,0
14744,62,0
14745,63,0
14746,62,0
14747,63,0
14748,60,0
14749,62,0
14750,61,0
14751,62,0
14752,61,0
14753,62,0
14754,65,0
14755,62,0
14756,61,0
14757,63,0
14758,62,0
14759,61,0
14760,62,0
14761,63,0
14762,64,0
14763,59,0
14764,62,0
14765,59,0
14766,62,0
14767,61,0
14768,62,0
14769,62,0
14770,59,0
14771,62,0
14772,63,0
14773,62,0
14774,62,0
14775,63,0
14776,62,0
14777,65,0
14778,62,0
14779,63,0
14780,65,0
14781,60,0
14782,63,0
14783,62,0
14784,62,0
14785,59,0
14786,60,0
14787,61,0
14788,64,0
14789,60,0
14790,62,0
14791,63,0
14792,64,0
14793,61,0
14794,63,0
14795,61,0
14796,64,0
14797,62,0
14798,63,0
14799,64,0
14800,62,0
14801,61,0
14802,62,0
14803,64,0
14804,62,0
14805,61,0
14806,64,0
14807,61,0
14808,64,0
14809,63,0
14810,62,0
14811,63,0
14812,60,0
14813,59,0
14814,64,0
14815,63,0
14816,62,0
14817,61,0
14818,62,0
14819,61,0
14820,62,0
14821,59,0
14822,62,0
14823,60,0
14824,61,0
14825,62,0
14826,59,0
14827,60,0
14828,63,0
14829,62,0
14830,59,0
14831,62,0
14832,63,0
14833,62,0
14834,63,0
14835,64,0
14836,63,0
14837,62,0
14838,63,0
14839,63,0
14840,63,0
14841,62,0
14842,64,0
14843,61,0
14844,62,0
14845,59,0
14846,62,0
14847,63,0
14848,62,0
14849,65,0
14850,62,0
14851,63,0
14852,59,0
14853,62,0
14854,61,0
14855,62,0
14856,61,0
14857,61,0
14858,62,0
14859,61,0
14860,62,0
14861,63,0
14862,62,0
14863,59,0
14864,62,0
14865,59,0
14866,62,0
14867,62,0
14868,62,0
14869,62,0
14870,61,0
14871,62,0
14872,63,0
14873,59,0
14874,62,0
14875,60,0
14876,62,0
14877,63,0
14878,63,0
14879,60,0
14880,63,0
14881,62,0
14882,63,0
14883,62,0
14884,64,0
14885,61,0
14886,62,0
14887,61,0
14888,62,0
14889,62,0
14890,61,0
14891,64,0
14892,63,0
14893,62,0
14894,59,0
14895,62,0
14896,59,0
14897,60,0
14898,62,0
14899,61,0
14900,62,0
14901,61,0
14902,61,0
14903,60,0
14904,61,0
14905,64,0
14906,63,0
14907,64,0
14908,63,0
14909,62,0
14910,62,0
14911,63,0
14912,62,0
14913,61,0
14914,62,0
14915,65,0
14916,62,0
14917,61,0
14918,62,0
14919,62,0
14920,59,0
14921,62,0
14922,59,0
14923,62,0
14924,61,0
14925,62,0
14926,62,0
14927,63,0
14928,60,0
14929,61,0
14930,62,0
14931,62,0
14932,62,0
14933,64,0
14934,65,0
14935,62,0
14936,63,0
14937,62,0
14938,65,0
14939,62,0
14940,65,0
14941,62,0
14942,62,0
14943,63,0
14944,64,0
14945,61,0
14946,60,0
14947,65,0
14948,62,0
14949,63,0
14950,60,0
14951,62,0
14952,62,0
14953,62,0
14954,63,0
14955,62,0
14956,61,0
14957,63,0
14958,62,0
14959,64,0
14960,61,0
14961,60,0
14962,59,0
14963,61,0
14964,62,0
14965,63,0
14966,62,0
14967,62,0
14968,65,0
14969,64,0
14970,64,0
14971,59,0
14972,62,0
14973,63,0
14974,62,0
14975,62,0
14976,63,0
14977,62,0
14978,63,0
14979,62,0
14980,60,0
14981,59,0
14982,62,0
14983,63,0
14984,62,0
14985,62,0
14986,65,0
14987,62,0
14988,59,0
14989,62,0
14990,62,0
14991,63,0
14992,62,0
14993,60,0
14994,62,0
14995,63,0
14996,60,0
14997,63,0
14998,62,0
14999,61,0
15000,62,0
15001,63,0
15002,60,0
15003,59,0
15004,60,0
15005,61,0
15006,60,0
15007,63,0
15008,62,0
15009,61,0
15010,62,0
15011,61,0
15012,60,0
15013,63,0
15014,63,0
15015,62,0
15016,61,0
15017,60,0
15018,59,0
15019,62,0
15020,65,0
15021,62,0
15022,62,0
15023,61,0
15024,62,0
15025,63,0
15026,62,0
15027,60,0
15028,61,0
15029,62,0
15030,60,0
15031,61,0
15032,60,0
15033,61,0
15034,60,0
15035,61,0
15036,60,0
15037,61,0
15038,60,0
15039,61,0
15040,61,0
15041,61,0
15042,64,0
15043,63,0
15044,64,0
15045,63,0
15046,64,0
15047,62,0
15048,61,0
15049,60,0
15050,63,0
15051,59,0
15052,62,0
15053,59,0
15054,60,0
15055,63,0
15056,62,0
15057,63,0
15058,64,0
15059,63,0
15060,62,0
15061,59,0
15062,62,0
15063,63,0
15064,62,0
15065,62,0
15066,59,0
15067,60,0
15068,63,0
15069,62,0
15070,59,0
15071,62,0
15072,63,0
15073,62,0
15074,59,0
15075,62,0
15076,63,0
15077,60,0
15078,63,0
15079,62,0
15080,62,0
15081,63,0
15082,64,0
15083,61,0
15084,60,0
15085,63,0
15086,62,0
15087,61,0
15088,61,0
15089,62,0
15090,61,0
15091,62,0
15092,61,0
15093,60,0
15094,63,0
15095,63,0
15096,62,0
15097,62,0
15098,59,0
15099,61,0
15100,62,0
15101,63,0
15102,62,0
15103,61,0
15104,62,0
15105,62,0
15106,60,0
15107,63,0
15108,62,0
15109,64,0
15110,61,0
15111,62,0
15112,61,0
15113,62,0
15114,63,0
15115,62,0
15116,63,0
15117,62,0
15118,62,0
15119,63,0
15120,64,0
15121,59,0
15122,62,0
15123,59,0
15124,60,0
15125,65,0
15126,62,0
15127,61,0
15128,62,0
15129,63,0
15130,62,0
15131,63,0
15132,61,0
15133,60,0
15134,62,0
15135,63,0
15136,62,0
15137,63,0
15138,60,0
15139,62,0
15140,59,0
15141,62,0
15142,61,0
15143,62,0
15144,59,0
15145,60,0
15146,60,0
15147,61,0
15148,62,0
15149,61,0
15150,60,0
15151,61,0
15152,60,0
15153,59,0
15154,61,0
15155,60,0
15156,67,0
15157,62,0
15158,60,0
15159,62,0
15160,63,0
15161,62,0
15162,59,0
15163,60,0
15164,63,0
15165,62,0
15166,63,0
15167,62,0
15168,62,0
15169,61,0
15170,62,0
15171,63,0
15172,62,0
15173,63,0
15174,64,0
15175,59,0
15176,61,0
15177,60,0
15178,62,0
15179,63,0
15180,63,0
15181,60,0
15182,59,0
15183,62,0
15184,61,0
15185,62,0
15186,61,0
15187,62,0
15188,62,0
15189,63,0
15190,62,0
15191,59,0
15192,59,0
15193,62,0
15194,63,0
15195,60,0
15196,59,0
15197,63,0
15198,60,0
15199,61,0
15200,63,0
15201,59,0
15202,63,0
15203,62,0
15204,63,0
15205,62,0
15206,61,0
15207,62,0
15208,60,0
15209,65,0
15210,64,0
15211,63,0
15212,62,0
15213,63,0
15214,62,0
15215,63,0
15216,59,0
15217,62,0
15218,61,0
15219,62,0
15220,61,0
15221,62,0
15222,63,0
15223,62,0
15224,62,0
15225,61,0
15226,60,0
15227,61,0
15228,62,0
15229,62,0
15230,62,0
15231,64,0
15232,59,0
15233,62,0
15234,61,0
15235,62,0
15236,65,0
15237,64,0
15238,63,0
15239,65,0
15240,62,0
15241,62,0
15242,63,0
15243,62,0
15244,62,0
15245,61,0
15246,62,0
15247,59,0
15248,62,0
15249,60,0
15250,61,0
15251,62,0
15252,63,0
15253,62,0
15254,62,0
15255,63,0
15256,62,0
15257,63,0
15258,62,0
15259,62,0
15260,59,0
15261,62,0
15262,63,0
15263,60,0
15264,62,0
15265,63,0
15266,60,0
15267,61,0
15268,62,0
15269,64,0
15270,60,0
15271,59,0
15272,62,0
15273,59,0
15274,62,0
15275,62,0
15276,65,0
15277,64,0
15278,63,0
15279,62,0
15280,61,0
15281,64,0
15282,63,0
15283,62,0
15284,60,0
15285,61,0
15286,60,0
15287,61,0
15288,60,0
15289,65,0
15290,62,0
15291,62,0
15292,61,0
15293,60,0
15294,62,0
15295,63,0
15296,60,0
15297,61,0
15298,64,0
15299,61,0
15300,60,0
15301,61,0
15302,62,0
15303,62,0
15304,61,0
15305,62,0
15306,59,0
15307,60,0
15308,61,0
15309,62,0
15310,61,0
15311,62,0
15312,61,0
15313,63,0
15314,62,0
15315,63,0
15316,62,0
15317,63,0
15318,62,0
15319,61,0
15320,60,0
15321,65,0
15322,62,0
15323,60,0
15324,60,0
15325,61,0
15326,64,0
15327,65,0
15328,62,0
15329,61,0
15330,64,0
15331,63,0
15332,60,0
15333,61,0
15334,62,0
15335,63,0
15336,62,0
15337,61,0
15338,62,0
15339,59,0
15340,64,0
15341,61,0
15342,64,0
15343,61,0
15344,62,0
15345,59,0
15346,60,0
15347,61,0
15348,62,0
15349,63,0
15350,60,0
15351,60,0
15352,61,0
15353,60,0
15354,59,0
15355,62,0
15356,63,0
15357,62,0
15358,62,0
15359,61,0
15360,62,0
15361,63,0
15362,62,0
15363,64,0
15364,59,0
15365,62,0
15366,61,0
15367,64,0
15368,63,0
15369,60,0
15370,63,0
15371,60,0
15372,62,0
15373,63,0
15374,60,0
15375,61,0
15376,61,0
15377,62,0
15378,63,0
15379,60,0
15380,61,0
15381,63,0
15382,61,0
15383,64,0
15384,61,0
15385,60,0
15386,61,0
15387,62,0
15388,61,0
15389,62,0
15390,61,0
15391,64,0
15392,62,0
15393,61,0
15394,62,0
15395,61,0
15396,64,0
15397,62,0
15398,61,0
15399,62,0
15400,61,0
15401,62,0
15402,61,0
15403,62,0
15404,63,0
15405,62,0
15406,62,0
15407,59,0
15408,60,0
15409,63,0
15410,64,0
15411,61,0
15412,60,0
15413,63,0
15414,62,0
15415,61,0
15416,59,0
15417,62,0
15418,65,0
15419,64,0
15420,65,0
15421,60,0
15422,61,0
15423,62,0
15424,59,0
15425,64,0
15426,60,0
15427,63,0
15428,64,0
15429,63,0
15430,60,0
15431,63,0
15432,62,0
15433,63,0
15434,65,0
15435,62,0
15436,61,0
15437,62,0
15438,62,0
15439,60,0
15440,62,0
15441,59,0
15442,64,0
15443,63,0
15444,62,0
15445,61,0
15446,62,0
15447,61,0
15448,62,0
15449,63,0
15450,61,0
15451,62,0
15452,61,0
15453,62,0
15454,61,0
15455,63,0
15456,61,0
15457,62,0
15458,59,0
15459,60,0
15460,61,0
15461,60,0
15462,62,0
15463,63,0
15464,60,0
15465,63,0
15466,62,0
15467,62,0
15468,63,0
15469,64,0
15470,59,0
15471,61,0
15472,62,0
15473,63,0
15474,62,0
15475,63,0
15476,60,0
15477,63,0
15478,64,0
15479,59,0
15480,60,0
15481,63,0
15482,60,0
15483,64,0
15484,61,0
15485,64,0
15486,63,0
15487,62,0
15488,63,0
15489,60,0
15490,61,0
15491,62,0
15492,62,0
15493,63,0
15494,64,0
15495,63,0
15496,62,0
15497,63,0
15498,60,0
15499,63,0
15500,61,0
15501,62,0
15502,62,0
15503,63,0
15504,63,0
15505,62,0
15506,59,0
15507,62,0
15508,59,0
15509,64,0
15510,63,0
15511,62,0
15512,61,0
15513,62,0
15514,61,0
15515,60,0
15516,63,0
15517,63,0
15518,62,0
15519,63,0
15520,62,0
15521,62,0
15522,62,0
15523,60,0
15524,62,0
15525,59,0
15526,60,0
15527,62,0
15528,61,0
15529,60,0
15530,62,0
15531,65,0
15532,62,0
15533,59,0
15534,62,0
15535,61,0
15536,60,0
15537,61,0
15538,62,0
15539,61,0
15540,60,0
15541,62,0
15542,61,0
15543,64,0
15544,64,0
15545,63,0
15546,62,0
15547,61,0
15548,62,0
15549,62,0
15550,63,0
15551,64,0
15552,65,0
15553,62,0
15554,61,0
15555,62,0
15556,61,0
15557,62,0
15558,62,0
15559,65,0
15560,62,0
15561,61,0
15562,64,0
15563,63,0
15564,61,0
15565,62,0
15566,62,0
15567,64,0
15568,61,0
15569,63,0
15570,62,0
15571,60,0
15572,63,0
15573,64,0
15574,61,0
15575,61,0
15576,62,0
15577,59,0
15578,62,0
15579,65,0
15580,62,0
15581,62,0
15582,61,0
15583,60,0
15584,59,0
15585,62,0
15586,63,0
15587,62,0
15588,60,0
15589,60,0
15590,62,0
15591,59,0
15592,62,0
15593,61,0
15594,61,0
15595,60,0
15596,59,0
15597,62,0
15598,61,0
15599,62,0
15600,62,0
15601,65,0
15602,62,0
15603,61,0
15604,62,0
15605,63,0
15606,62,0
15607,62,0
15608,59,0
15609,62,0
15610,59,0
15611,62,0
15612,61,0
15613,64,0
15614,63,0
15615,60,0
15616,63,0
15617,62,0
15618,63,0
15619,64,0
15620,61,0
15621,62,0
15622,61,0
15623,64,0
15624,64,0
15625,65,0
15626,61,0
15627,63,0
15628,62,0
15629,63,0
15630,62,0
15631,62,0
15632,63,0
15633,62,0
15634,63,0
15635,62,0
15636,63,0
15637,64,0
15638,61,0
15639,62,0
15640,62,0
15641,61,0
15642,62,0
15643,65,0
15644,62,0
15645,61,0
15646,62,0
15647,64,0
15648,59,0
15649,62,0
15650,61,0
15651,64,0
15652,64,0
15653,61,0
15654,64,0
15655,61,0
15656,60,0
15657,61,0
15658,60,0
15659,63,0
15660,62,0
15661,60,0
15662,62,0
15663,59,0
15664,62,0
15665,63,0
15666,62,0
15667,63,0
15668,62,0
15669,60,0
15670,61,0
15671,62,0
15672,63,0
15673,62,0
15674,62,0
15675,63,0
15676,62,0
15677,61,0
15678,62,0
15679,62,0
15680,61,0
15681,60,0
15682,63,0
15683,62,0
15684,63,0
15685,63,0
15686,64,0
15687,63,0
15688,62,0
15689,64,0
15690,61,0
15691,62,0
15692,63,0
15693,62,0
15694,61,0
15695,63,0
15696,62,0
15697,63,0
15698,62,0
15699,63,0
15700,62,0
15701,62,0
15702,59,0
15703,60,0
15704,61,0
15705,64,0
15706,62,0
15707,61,0
15708,62,0
15709,63,0
15710,62,0
15711,62,0
15712,61,0
15713,60,0
15714,63,0
15715,62,0
15716,62,0
15717,59,0
15718,60,0
15719,59,0
15720,60,0
15721,65,0
15722,62,0
15723,63,0
15724,61,0
15725,62,0
15726,65,0
15727,64,0
15728,65,0
15729,62,0
15730,61,0
15731,60,0
15732,63,0
15733,62,0
15734,62,0
15735,59,0
15736,62,0
15737,61,0
15738,64,0
15739,59,0
15740,64,0
15741,62,0
15742,62,0
15743,62,0
15744,61,0
15745,62,0
15746,59,0
15747,60,0
15748,61,0
15749,62,0
15750,63,0
15751,63,0
15752,61,0
15753,61,0
15754,63,0
15755,63,0
15756,62,0
15757,59,0
15758,61,0
15759,64,0
15760,63,0
15761,60,0
15762,63,0
15763,62,0
15764,62,0
15765,63,0
15766,62,0
15767,62,0
15768,62,0
15769,61,0
15770,62,0
15771,63,0
15772,60,0
15773,64,0
15774,62,0
15775,62,0
15776,59,0
15777,62,0
15778,61,0
15779,63,0
15780,60,0
15781,61,0
15782,62,0
15783,61,0
15784,63,0
15785,62,0
15786,59,0
15787,60,0
15788,61,0
15789,62,0
15790,62,0
15791,61,0
15792,62,0
15793,62,0
15794,63,0
15795,62,0
15796,61,0
15797,65,0
15798,62,0
15799,61,0
15800,62,0
15801,61,0
15802,59,0
15803,64,0
15804,61,0
15805,62,0
15806,63,0
15807,60,0
15808,63,0
15809,59,0
15810,60,0
15811,61,0
15812,63,0
15813,62,0
15814,64,0
15815,61,0
15816,62,0
15817,63,0
15818,59,0
15819,62,0
15820,59,0
15821,64,0
15822,61,0
15823,62,0
15824,63,0
15825,64,0
15826,62,0
15827,65,0
15828,63,0
15829,59,0
15830,60,0
15831,63,0
15832,62,0
15833,61,0
15834,62,0
15835,63,0
15836,60,0
15837,63,0
15838,63,0
15839,62,0
15840,61,0
15841,62,0
15842,62,0
15843,61,0
15844,62,0
15845,63,0
15846,62,0
15847,61,0
15848,59,0
15849,64,0
15850,61,0
15851,62,0
15852,61,0
15853,62,0
15854,62,0
15855,59,0
15856,60,0
15857,63,0
15858,63,0
15859,60,0
15860,61,0
15861,60,0
15862,59,0
15863,62,0
15864,63,0
15865,64,0
15866,59,0
15867,62,0
15868,59,0
15869,63,0
15870,62,0
15871,61,0
15872,62,0
15873,63,0
15874,60,0
15875,62,0
15876,61,0
15877,64,0
15878,61,0
15879,60,0
15880,61,0
15881,62,0
15882,62,0
15883,60,0
15884,62,0
15885,64,0
15886,61,0
15887,62,0
15888,61,0
15889,60,0
15890,61,0
15891,61,0
15892,60,0
15893,59,0
15894,62,0
15895,61,0
15896,62,0
15897,63,0
15898,62,0
15899,63,0
15900,62,0
15901,68,0
15902,62,0
15903,65,0
15904,64,0
15905,61,0
15906,62,0
15907,64,0
15908,63,0
15909,62,0
15910,62,0
15911,62,0
15912,61,0
15913,60,0
15914,59,0
15915,64,0
15916,63,0
15917,62,0
15918,63,0
15919,61,0
15920,64,0
15921,61,0
15922,62,0
15923,61,0
15924,62,0
15925,63,0
15926,59,0
15927,62,0
15928,61,0
15929,64,0
15930,60,0
15931,63,0
15932,62,0
15933,62,0
15934,61,0
15935,64,0
15936,59,0
15937,62,0
15938,62,0
15939,59,0
15940,62,0
15941,64,0
15942,63,0
15943,60,0
15944,63,0
15945,60,0
15946,62,0
15947,65,0
15948,60,0
15949,61,0
15950,62,0
15951,59,0
15952,62,0
15953,61,0
15954,61,0
15955,62,0
15956,61,0
15957,62,0
15958,60,0
15959,61,0
15960,61,0
15961,61,0
15962,60,0
15963,63,0
15964,62,0
15965,59,0
15966,62,0
15967,61,0
15968,62,0
15969,61,0
15970,64,0
15971,64,0
15972,59,0
15973,60,0
15974,61,0
15975,60,0
15976,65,0
15977,62,0
15978,61,0
15979,62,0
15980,61,0
15981,60,0
15982,59,0
15983,64,0
15984,61,0
15985,62,0
15986,61,0
15987,62,0
15988,65,0
15989,65,0
15990,62,0
15991,63,0
15992,62,0
15993,59,0
15994,64,0
15995,65,0
15996,64,0
15997,63,0
15998,60,0
15999,63,0
16000,62,0
16001,64,0
16002,65,0
16003,60,0
16004,63,0
16005,62,0
16006,64,0
16007,63,0
16008,60,0
16009,61,0
16010,62,0
16011,59,0
16012,64,0
16013,64,0
16014,63,0
16015,62,0
16016,62,0
16017,60,0
16018,61,0
16019,62,0
16020,63,0
16021,62,0
16022,62,0
16023,61,0
16024,63,0
16025,64,0
16026,62,0
16027,59,0
16028,62,0
16029,61,0
16030,62,0
16031,64,0
16032,61,0
16033,64,0
16034,61,0
16035,62,0
16036,63,0
16037,60,0
16038,60,0
16039,62,0
16040,63,0
16041,63,0
16042,62,0
16043,61,0
16044,60,0
16045,61,0
16046,64,0
16047,65,0
16048,62,0
16049,59,0
16050,64,0
16051,63,0
16052,62,0
16053,63,0
16054,62,0
16055,63,0
16056,62,0
16057,62,0
16058,61,0
16059,60,0
16060,61,0
16061,65,0
16062,62,0
16063,61,0
16064,60,0
16065,63,0
16066,61,0
16067,60,0
16068,61,0
16069,62,0
16070,61,0
16071,62,0
16072,60,0
16073,63,0
16074,64,0
16075,63,0
16076,64,0
16077,63,0
16078,60,0
16079,61,0
16080,64,0
16081,61,0
16082,62,0
16083,62,0
16084,61,0
16085,63,0
16086,62,0
16087,61,0
16088,63,0
16089,62,0
16090,59,0
16091,62,0
16092,65,0
16093,62,0
16094,59,0
16095,60,0
16096,62,0
16097,59,0
16098,59,0
16099,60,0
16100,62,0
16101,61,0
16102,64,0
16103,60,0
16104,61,0
16105,62,0
16106,61,0
16107,64,0
16108,62,0
16109,61,0
16110,60,0
16111,61,0
16112,62,0
16113,62,0
16114,63,0
16115,62,0
16116,61,0
16117,60,0
16118,65,0
16119,62,0
16120,61,0
16121,62,0
16122,62,0
16123,62,0
16124,61,0
16125,62,0
16126,59,0
16127,64,0
16128,59,0
16129,62,0
16130,61,0
16131,60,0
16132,63,0
16133,62,0
16134,62,0
16135,63,0
16136,62,0
16137,61,0
16138,60,0
16139,60,0
16140,62,0
16141,64,0
16142,59,0
16143,62,0
16144,61,0
16145,62,0
16146,63,0
16147,64,0
16148,64,0
16149,63,0
16150,62,0
16151,63,0
16152,62,0
16153,62,0
16154,59,0
16155,64,0
16156,63,0
16157,63,0
16158,62,0
16159,62,0
16160,59,0
16161,63,0
16162,62,0
16163,59,0
16164,62,0
16165,61,0
16166,62,0
16167,61,0
16168,62,0
16169,61,0
16170,60,0
16171,61,0
16172,62,0
16173,65,0
16174,62,0
16175,61,0
16176,64,0
16177,62,0
16178,63,0
16179,64,0
16180,61,0
16181,64,0
16182,63,0
16183,60,0
16184,61,0
16185,62,0
16186,62,0
16187,61,0
16188,62,0
16189,63,0
16190,60,0
16191,61,0
16192,62,0
16193,61,0
16194,62,0
16195,61,0
16196,59,0
16197,60,0
16198,63,0
16199,59,0
16200,64,0
16201,63,0
16202,64,0
16203,59,0
16204,64,0
16205,62,0
16206,59,0
16207,64,0
16208,61,0
16209,60,0
16210,61,0
16211,61,0
16212,62,0
16213,63,0
16214,62,0
16215,60,0
16216,61,0
16217,60,0
16218,63,0
16219,62,0
16220,59,0
16221,60,0
16222,64,0
16223,61,0
16224,62,0
16225,63,0
16226,62,0
16227,61,0
16228,64,0
16229,62,0
16230,61,0
16231,60,0
16232,63,0
16233,62,0
16234,61,0
16235,61,0
16236,62,0
16237,61,0
16238,62,0
16239,62,0
16240,63,0
16241,62,0
16242,63,0
16243,62,0
16244,61,0
16245,60,0
16246,63,0
16247,60,0
16248,62,0
16249,59,0
16250,62,0
16251,61,0
16252,62,0
16253,61,0
16254,62,0
16255,61,0
16256,62,0
16257,62,0
16258,63,0
16259,61,0
16260,62,0
16261,62,0
16262,61,0
16263,62,0
16264,59,0
16265,62,0
16266,61,0
16267,62,0
16268,61,0
16269,62,0
16270,59,0
16271,62,0
16272,61,0
16273,60,0
16274,63,0
16275,60,0
16276,62,0
16277,65,0
16278,62,0
16279,63,0
16280,62,0
16281,61,0
16282,62,0
16283,63,0
16284,62,0
16285,60,0
16286,61,0
16287,62,0
16288,61,0
16289,60,0
16290,59,0
16291,62,0
16292,63,0
16293,62,0
16294,63,0
16295,61,0
16296,62,0
16297,61,0
16298,62,0
16299,61,0
16300,60,0
16301,62,0
16302,61,0
16303,62,0
16304,63,0
16305,59,0
16306,63,0
16307,62,0
16308,61,0
16309,63,0
16310,62,0
16311,63,0
16312,64,0
16313,63,0
16314,61,0
16315,62,0
16316,61,0
16317,62,0
16318,63,0
16319,61,0
16320,62,0
16321,61,0
16322,60,0
16323,63,0
16324,63,0
16325,62,0
16326,65,0
16327,60,0
16328,63,0
16329,62,0
16330,63,0
16331,62,0
16332,61,0
16333,64,0
16334,64,0
16335,61,0
16336,60,0
16337,61,0
16338,61,0
16339,61,0
16340,62,0
16341,61,0
16342,60,0
16343,63,0
16344,62,0
16345,59,0
16346,62,0
16347,62,0
16348,61,0
16349,60,0
16350,61,0
16351,60,0
16352,61,0
16353,64,0
16354,61,0
16355,62,0
16356,65,0
16357,62,0
16358,64,0
16359,61,0
16360,62,0
16361,61,0
16362,62,0
16363,63,0
16364,65,0
16365,60,0
16366,61,0
16367,62,0
16368,62,0
16369,63,0
16370,62,0
16371,63,0
16372,64,0
16373,61,0
16374,62,0
16375,63,0
16376,62,0
16377,61,0
16378,64,0
16379,59,0
16380,63,0
16381,62,0
16382,63,0
16383,62,0
16384,62,0
16385,60,0
16386,63,0
16387,62,0
16388,61,0
16389,62,0
16390,63,0
16391,62,0
16392,62,0
16393,61,0
16394,62,0
16395,63,0
16396,62,0
16397,59,0
16398,62,0
16399,61,0
16400,59,0
16401,60,0
16402,61,0
16403,60,0
16404,62,0
16405,61,0
16406,62,0
16407,59,0
16408,62,0
16409,61,0
16410,62,0
16411,63,0
16412,62,0
16413,63,0
16414,65,0
16415,63,0
16416,62,0
16417,60,0
16418,61,0
16419,62,0
16420,62,0
16421,63,0
16422,60,0
16423,63,0
16424,62,0
16425,63,0
16426,62,0
16427,61,0
16428,62,0
16429,63,0
16430,65,0
16431,62,0
16432,63,0
16433,61,0
16434,62,0
16435,62,0
16436,63,0
16437,62,0
16438,61,0
16439,62,0
16440,61,0
16441,64,0
16442,63,0
16443,62,0
16444,59,0
16445,62,0
16446,61,0
16447,62,0
16448,61,0
16449,60,0
16450,61,0
16451,60,0
16452,64,0
16453,61,0
16454,62,0
16455,61,0
16456,64,0
16457,62,0
16458,61,0
16459,62,0
16460,61,0
16461,61,0
16462,64,0
16463,63,0
16464,62,0
16465,62,0
16466,63,0
16467,62,0
16468,62,0
16469,62,0
16470,60,0
16471,65,0
16472,61,0
16473,62,0
16474,62,0
16475,63,0
16476,64,0
16477,63,0
16478,62,0
16479,61,0
16480,62,0
16481,62,0
16482,61,0
16483,62,0
16484,61,0
16485,62,0
16486,61,0
16487,62,0
16488,60,0
16489,61,0
16490,62,0
16491,59,0
16492,62,0
16493,61,0
16494,60,0
16495,63,0
16496,62,0
16497,61,0
16498,64,0
16499,61,0
16500,62,0
16501,65,0
16502,60,0
16503,62,0
16504,63,0
16505,64,0
16506,63,0
16507,60,0
16508,63,0
16509,63,0
16510,62,0
16511,63,0
16512,62,0
16513,59,0
16514,62,0
16515,60,0
16516,63,0
16517,62,0
16518,61,0
16519,62,0
16520,62,0
16521,61,0
16522,62,0
16523,59,0
16524,62,0
16525,61,0
16526,62,0
16527,62,0
16528,61,0
16529,60,0
16530,62,0
16531,61,0
16532,62,0
16533,61,0
16534,64,0
16535,63,0
16536,60,0
16537,62,0
16538,61,0
16539,62,0
16540,63,0
16541,62,0
16542,61,0
16543,62,0
16544,61,0
16545,59,0
16546,60,0
16547,61,0
16548,62,0
16549,59,0
16550,63,0
16551,62,0
16552,63,0
16553,60,0
16554,59,0
16555,64,0
16556,61,0
16557,64,0
16558,59,0
16559,61,0
16560,62,0
16561,60,0
16562,62,0
16563,60,0
16564,60,0
16565,61,0
16566,62,0
16567,59,0
16568,62,0
16569,62,0
16570,63,0
16571,60,0
16572,59,0
16573,62,0
16574,59,0
16575,60,0
16576,61,0
16577,62,0
16578,59,0
16579,60,0
16580,61,0
16581,62,0
16582,62,0
16583,65,0
16584,62,0
16585,59,0
16586,60,0
16587,64,0
16588,60,0
16589,61,0
16590,60,0
16591,63,0
16592,60,0
16593,64,0
16594,61,0
16595,62,0
16596,63,0
16597,62,0
16598,63,0
16599,64,0
16600,62,0
16601,65,0
16602,62,0
16603,63,0
16604,64,0
16605,59,0
16606,60,0
16607,59,0
16608,62,0
16609,61,0
16610,60,0
16611,62,0
16612,63,0
16613,64,0
16614,63,0
16615,62,0
16616,62,0
16617,63,0
16618,62,0
16619,61,0
16620,63,0
16621,62,0
16622,61,0
16623,61,0
16624,62,0
16625,63,0
16626,64,0
16627,59,0
16628,62,0
16629,60,0
16630,63,0
16631,62,0
16632,63,0
16633,60,0
16634,62,0
16635,64,0
16636,61,0
16637,64,0
16638,60,0
16639,63,0
16640,62,0
16641,61,0
16642,62,0
16643,63,0
16644,62,0
16645,65,0
16646,69,0
16647,63,0
16648,62,0
16649,62,0
16650,64,0
16651,61,0
16652,62,0
16653,60,0
16654,62,0
16655,62,0
16656,61,0
16657,60,0
16658,63,0
16659,63,0
16660,62,0
16661,63,0
16662,62,0
16663,63,0
16664,62,0
16665,63,0
16666,62,0
16667,63,0
16668,62,0
16669,62,0
16670,63,0
16671,62,0
16672,63,0
16673,62,0
16674,63,0
16675,60,0
16676,62,0
16677,63,0
16678,62,0
16679,63,0
16680,64,0
16681,65,0
16682,60,0
16683,62,0
16684,61,0
16685,64,0
16686,63,0
16687,60,0
16688,63,0
16689,62,0
16690,63,0
16691,64,0
16692,63,0
16693,59,0
16694,62,0
16695,61,0
16696,64,0
16697,63,0
16698,62,0
16699,63,0
16700,60,0
16701,63,0
16702,64,0
16703,63,0
16704,62,0
16705,63,0
16706,60,0
16707,61,0
16708,60,0
16709,63,0
16710,64,0
16711,65,0
16712,62,0
16713,63,0
16714,62,0
16715,61,0
16716,60,0
16717,62,0
16718,63,0
16719,62,0
16720,63,0
16721,60,0
16722,62,0
16723,62,0
16724,63,0
16725,62,0
16726,61,0
16727,62,0
16728,61,0
16729,62,0
16730,59,0
16731,60,0
16732,63,0
16733,62,0
16734,63,0
16735,60,0
16736,63,0
16737,64,0
16738,63,0
16739,60,0
16740,63,0
16741,64,0
16742,61,0
16743,62,0
16744,63,0
16745,62,0
16746,63,0
16747,62,0
16748,63,0
16749,62,0
16750,63,0
16751,60,0
16752,62,0
16753,59,0
16754,62,0
16755,61,0
16756,62,0
16757,61,0
16758,61,0
16759,62,0
16760,61,0
16761,60,0
16762,63,0
16763,60,0
16764,61,0
16765,62,0
16766,62,0
16767,59,0
16768,64,0
16769,63,0
16770,60,0
16771,63,0
16772,62,0
16773,60,0
16774,59,0
16775,62,0
16776,65,0
16777,60,0
16778,63,0
16779,60,0
16780,61,0
16781,60,0
16782,61,0
16783,60,0
16784,61,0
16785,61,0
16786,62,0
16787,63,0
16788,62,0
16789,65,0
16790,61,0
16791,60,0
16792,59,0
16793,62,0
16794,65,0
16795,60,0
16796,63,0
16797,62,0
16798,62,0
16799,61,0
16800,64,0
16801,61,0
16802,61,0
16803,62,0
16804,61,0
16805,62,0
16806,60,0
16807,63,0
16808,60,0
16809,62,0
16810,63,0
16811,62,0
16812,63,0
16813,62,0
16814,63,0
16815,62,0
16816,61,0
16817,62,0
16818,63,0
16819,64,0
16820,62,0
16821,59,0
16822,62,0
16823,65,0
16824,62,0
16825,61,0
16826,62,0
16827,63,0
16828,62,0
16829,61,0
16830,62,0
16831,65,0
16832,60,0
16833,60,0
16834,63,0
16835,62,0
16836,62,0
16837,63,0
16838,62,0
16839,61,0
16840,61,0
16841,62,0
16842,63,0
16843,60,0
16844,65,0
16845,60,0
16846,59,0
16847,60,0
16848,62,0
16849,63,0
16850,60,0
16851,61,0
16852,62,0
16853,65,0
16854,63,0
16855,62,0
16856,62,0
16857,62,0
16858,59,0
16859,62,0
16860,61,0
16861,60,0
16862,63,0
16863,62,0
16864,65,0
16865,60,0
16866,59,0
16867,62,0
16868,61,0
16869,62,0
16870,63,0
16871,62,0
16872,63,0
16873,62,0
16874,64,0
16875,62,0
16876,63,0
16877,62,0
16878,62,0
16879,63,0
16880,64,0
16881,65,0
16882,60,0
16883,61,0
16884,59,0
16885,62,0
16886,63,0
16887,60,0
16888,61,0
16889,62,0
16890,62,0
16891,59,0
16892,60,0
16893,63,0
16894,62,0
16895,61,0
16896,62,0
16897,61,0
16898,62,0
16899,61,0
16900,64,0
16901,62,0
16902,63,0
16903,62,0
16904,60,0
16905,59,0
16906,62,0
16907,63,0
16908,61,0
16909,62,0
16910,59,0
16911,62,0
16912,64,0
16913,65,0
16914,62,0
16915,65,0
16916,62,0
16917,63,0
16918,61,0
16919,62,0
16920,61,0
16921,64,0
16922,61,0
16923,62,0
16924,61,0
16925,62,0
16926,64,0
16927,61,0
16928,62,0
16929,61,0
16930,62,0
16931,63,0
16932,62,0
16933,64,0
16934,63,0
16935,64,0
16936,61,0
16937,60,0
16938,64,0
16939,59,0
16940,62,0
16941,65,0
16942,64,0
16943,63,0
16944,62,0
16945,60,0
16946,61,0
16947,62,0
16948,61,0
16949,62,0
16950,62,0
16951,63,0
16952,60,0
16953,63,0
16954,62,0
16955,62,0
16956,63,0
16957,60,0
16958,63,0
16959,62,0
16960,61,0
16961,62,0
16962,63,0
16963,60,0
16964,62,0
16965,63,0
16966,62,0
16967,61,0
16968,63,0
16969,63,0
16970,62,0
16971,63,0
16972,64,0
16973,61,0
16974,62,0
16975,61,0
16976,62,0
16977,61,0
16978,62,0
16979,62,0
16980,63,0
16981,64,0
16982,61,0
16983,62,0
16984,59,0
16985,62,0
16986,62,0
16987,62,0
16988,61,0
16989,62,0
16990,63,0
16991,60,0
16992,62,0
16993,61,0
16994,60,0
16995,61,0
16996,64,0
16997,59,0
16998,64,0
16999,61,0
17000,64,0
17001,61,0
17002,62,0
17003,62,0
17004,61,0
17005,62,0
17006,63,0
17007,62,0
17008,63,0
17009,61,0
17010,62,0
17011,62,0
17012,61,0
17013,61,0
17014,64,0
17015,61,0
17016,62,0
17017,59,0
17018,62,0
17019,63,0
17020,62,0
17021,65,0
17022,59,0
17023,60,0
17024,59,0
17025,62,0
17026,61,0
17027,62,0
17028,61,0
17029,62,0
17030,61,0
17031,62,0
17032,62,0
17033,62,0
17034,63,0
17035,64,0
17036,59,0
17037,62,0
17038,62,0
17039,59,0
17040,62,0
17041,59,0
17042,60,0
17043,61,0
17044,61,0
17045,62,0
17046,61,0
17047,65,0
17048,65,0
17049,61,0
17050,62,0
17051,63,0
17052,62,0
17053,63,0
17054,61,0
17055,60,0
17056,61,0
17057,62,0
17058,63,0
17059,60,0
17060,61,0
17061,62,0
17062,59,0
17063,62,0
17064,63,0
17065,62,0
17066,61,0
17067,60,0
17068,59,0
17069,64,0
17070,62,0
17071,62,0
17072,62,0
17073,63,0
17074,60,0
17075,60,0
17076,61,0
17077,64,0
17078,63,0
17079,62,0
17080,60,0
17081,61,0
17082,60,0
17083,61,0
17084,62,0
17085,63,0
17086,64,0
17087,63,0
17088,64,0
17089,62,0
17090,63,0
17091,60,0
17092,61,0
17093,62,0
17094,59,0
17095,61,0
17096,62,0
17097,61,0
17098,62,0
17099,65,0
17100,59,0
17101,60,0
17102,61,0
17103,63,0
17104,64,0
17105,62,0
17106,63,0
17107,59,0
17108,64,0
17109,59,0
17110,64,0
17111,61,0
17112,62,0
17113,61,0
17114,60,0
17115,63,0
17116,64,0
17117,63,0
17118,60,0
17119,61,0
17120,64,0
17121,61,0
17122,62,0
17123,64,0
17124,65,0
17125,62,0
17126,61,0
17127,62,0
17128,63,0
17129,64,0
17130,63,0
17131,62,0
17132,62,0
17133,61,0
17134,62,0
17135,65,0
17136,63,0
17137,62,0
17138,61,0
17139,62,0
17140,62,0
17141,63,0
17142,64,0
17143,64,0
17144,60,0
17145,63,0
17146,64,0
17147,61,0
17148,62,0
17149,65,0
17150,63,0
17151,61,0
17152,62,0
17153,61,0
17154,62,0
17155,61,0
17156,63,0
17157,64,0
17158,59,0
17159,62,0
17160,63,0
17161,62,0
17162,61,0
17163,62,0
17164,59,0
17165,60,0
17166,64,0
17167,59,0
17168,60,0
17169,59,0
17170,62,0
17171,63,0
17172,62,0
17173,63,0
17174,60,0
17175,59,0
17176,64,0
17177,59,0
17178,62,0
17179,63,0
17180,60,0
17181,61,0
17182,62,0
17183,65,0
17184,60,0
17185,61,0
17186,62,0
17187,65,0
17188,59,0
17189,62,0
17190,63,0
17191,62,0
17192,61,0
17193,62,0
17194,62,0
17195,63,0
17196,63,0
17197,65,0
17198,62,0
17199,63,0
17200,62,0
17201,61,0
17202,62,0
17203,63,0
17204,62,0
17205,61,0
17206,59,0
17207,62,0
17208,61,0
17209,60,0
17210,63,0
17211,62,0
17212,60,0
17213,61,0
17214,62,0
17215,61,0
17216,62,0
17217,59,0
17218,62,0
17219,61,0
17220,62,0
17221,59,0
17222,62,0
17223,61,0
17224,61,0
17225,62,0
17226,59,0
17227,60,0
17228,61,0
17229,60,0
17230,64,0
17231,61,0
17232,63,0
17233,62,0
17234,61,0
17235,62,0
17236,62,0
17237,63,0
17238,62,0
17239,61,0
17240,60,0
17241,59,0
17242,62,0
17243,60,0
17244,61,0
17245,62,0
17246,65,0
17247,61,0
17248,62,0
17249,59,0
17250,62,0
17251,64,0
17252,64,0
17253,62,0
17254,63,0
17255,60,0
17256,64,0
17257,59,0
17258,60,0
17259,63,0
17260,62,0
17261,61,0
17262,62,0
17263,63,0
17264,64,0
17265,63,0
17266,62,0
17267,63,0
17268,62,0
17269,65,0
17270,60,0
17271,59,0
17272,62,0
17273,61,0
17274,62,0
17275,61,0
17276,62,0
17277,63,0
17278,62,0
17279,63,0
17280,62,0
17281,61,0
17282,64,0
17283,63,0
17284,62,0
17285,65,0
17286,62,0
17287,61,0
17288,62,0
17289,63,0
17290,62,0
17291,61,0
17292,62,0
17293,63,0
17294,62,0
17295,62,0
17296,61,0
17297,64,0
17298,61,0
17299,62,0
17300,62,0
17301,63,0
17302,62,0
17303,61,0
17304,61,0
17305,60,0
17306,63,0
17307,64,0
17308,63,0
17309,62,0
17310,62,0
17311,61,0
17312,62,0
17313,61,0
17314,61,0
17315,62,0
17316,61,0
17317,60,0
17318,62,0
17319,62,0
17320,61,0
17321,62,0
17322,61,0
17323,62,0
17324,61,0
17325,62,0
17326,62,0
17327,62,0
17328,62,0
17329,61,0
17330,64,0
17331,65,0
17332,60,0
17333,62,0
17334,61,0
17335,62,0
17336,61,0
17337,64,0
17338,61,0
17339,60,0
17340,61,0
17341,62,0
17342,62,0
17343,59,0
17344,62,0
17345,63,0
17346,60,0
17347,63,0
17348,62,0
17349,61,0
17350,62,0
17351,61,0
17352,62,0
17353,61,0
17354,61,0
17355,62,0
17356,63,0
17357,62,0
17358,61,0
17359,60,0
17360,61,0
17361,63,0
17362,64,0
17363,60,0
17364,62,0
17365,65,0
17366,60,0
17367,62,0
17368,63,0
17369,64,0
17370,62,0
17371,62,0
17372,63,0
17373,61,0
17374,60,0
17375,63,0
17376,62,0
17377,63,0
17378,62,0
17379,65,0
17380,62,0
17381,61,0
17382,62,0
17383,61,0
17384,62,0
17385,62,0
17386,61,0
17387,62,0
17388,61,0
17389,62,0
17390,63,0
17391,92,0
17392,64,0
17393,63,0
17394,62,0
17395,63,0
17396,62,0
17397,59,0
17398,62,0
17399,63,0
17400,62,0
17401,61,0
17402,62,0
17403,61,0
17404,62,0
17405,61,0
17406,62,0
17407,63,0
17408,60,0
17409,63,0
17410,64,0
17411,61,0
17412,64,0
17413,63,0
17414,62,0
17415,59,0
17416,63,0
17417,63,0
17418,62,0
17419,62,0
17420,62,0
17421,61,0
17422,59,0
17423,62,0
17424,63,0
17425,64,0
17426,61,0
17427,62,0
17428,61,0
17429,62,0
17430,63,0
17431,62,0
17432,63,0
17433,62,0
17434,60,0
17435,63,0
17436,61,0
17437,62,0
17438,61,0
17439,62,0
17440,63,0
17441,59,0
17442,60,0
17443,63,0
17444,61,0
17445,62,0
17446,62,0
17447,61,0
17448,62,0
17449,63,0
17450,62,0
17451,61,0
17452,62,0
17453,59,0
17454,64,0
17455,63,0
17456,61,0
17457,62,0
17458,62,0
17459,62,0
17460,61,0
17461,62,0
17462,63,0
17463,62,0
17464,61,0
17465,64,0
17466,59,0
17467,62,0
17468,60,0
17469,59,0
17470,61,0
17471,61,0
17472,62,0
17473,65,0
17474,62,0
17475,61,0
17476,64,0
17477,65,0
17478,62,0
17479,65,0
17480,62,0
17481,63,0
17482,60,0
17483,60,0
17484,65,0
17485,60,0
17486,61,0
17487,62,0
17488,62,0
17489,59,0
17490,62,0
17491,63,0
17492,62,0
17493,63,0
17494,64,0
17495,63,0
17496,62,0
17497,64,0
17498,65,0
17499,62,0
17500,65,0
17501,61,0
17502,62,0
17503,61,0
17504,62,0
17505,61,0
17506,64,0
17507,62,0
17508,59,0
17509,62,0
17510,63,0
17511,62,0
17512,62,0
17513,63,0
17514,64,0
17515,61,0
17516,62,0
17517,63,0
17518,60,0
17519,62,0
17520,61,0
17521,60,0
17522,61,0
17523,61,0
17524,64,0
17525,61,0
17526,60,0
17527,65,0
17528,63,0
17529,61,0
17530,62,0
17531,61,0
17532,62,0
17533,63,0
17534,62,0
17535,61,0
17536,62,0
17537,60,0
17538,63,0
17539,62,0
17540,63,0
17541,60,0
17542,61,0
17543,64,0
17544,63,0
17545,62,0
17546,61,0
17547,60,0
17548,59,0
17549,61,0
17550,62,0
17551,65,0
17552,62,0
17553,59,0
17554,62,0
17555,63,0
17556,62,0
17557,61,0
17558,62,0
17559,62,0
17560,61,0
17561,62,0
17562,63,0
17563,64,0
17564,62,0
17565,64,0
17566,63,0
17567,64,0
17568,65,0
17569,62,0
17570,61,0
17571,62,0
17572,61,0
17573,62,0
17574,59,0
17575,62,0
17576,63,0
17577,64,0
17578,65,0
17579,62,0
17580,61,0
17581,62,0
17582,62,0
17583,63,0
17584,62,0
17585,63,0
17586,60,0
17587,63,0
17588,62,0
17589,60,0
17590,65,0
17591,60,0
17592,61,0
17593,62,0
17594,61,0
17595,60,0
17596,62,0
17597,63,0
17598,62,0
17599,61,0
17600,62,0
17601,61,0
17602,62,0
17603,60,0
17604,60,0
17605,61,0
17606,60,0
17607,61,0
17608,60,0
17609,61,0
17610,61,0
17611,59,0
17612,60,0
17613,63,0
17614,62,0
17615,61,0
17616,63,0
17617,62,0
17618,63,0
17619,62,0
17620,61,0
17621,62,0
17622,62,0
17623,64,0
17624,62,0
17625,63,0
17626,62,0
17627,63,0
17628,62,0
17629,62,0
17630,61,0
17631,62,0
17632,61,0
17633,62,0
17634,61,0
17635,62,0
17636,61,0
17637,62,0
17638,63,0
17639,63,0
17640,60,0
17641,63,0
17642,60,0
17643,63,0
17644,60,0
17645,63,0
17646,62,0
17647,62,0
17648,62,0
17649,62,0
17650,63,0
17651,62,0
17652,59,0
17653,60,0
17654,65,0
17655,62,0
17656,62,0
17657,63,0
17658,62,0
17659,63,0
17660,62,0
17661,63,0
17662,62,0
17663,62,0
17664,65,0
17665,62,0
17666,61,0
17667,62,0
17668,61,0
17669,62,0
17670,62,0
17671,63,0
17672,64,0
17673,63,0
17674,62,0
17675,71,0
17676,61,0
17677,62,0
17678,63,0
17679,62,0
17680,65,0
17681,60,0
17682,61,0
17683,59,0
17684,60,0
17685,61,0
17686,62,0
17687,63,0
17688,60,0
17689,63,0
17690,60,0
17691,63,0
17692,62,0
17693,63,0
17694,63,0
17695,62,0
17696,59,0
17697,62,0
17698,61,0
17699,61,0
17700,64,0
17701,63,0
17702,60,0
17703,61,0
17704,61,0
17705,62,0
17706,59,0
17707,59,0
17708,62,0
17709,63,0
17710,60,0
17711,61,0
17712,62,0
17713,61,0
17714,63,0
17715,62,0
17716,61,0
17717,64,0
17718,59,0
17719,62,0
17720,62,0
17721,63,0
17722,60,0
17723,61,0
17724,62,0
17725,61,0
17726,62,0
17727,61,0
17728,62,0
17729,60,0
17730,63,0
17731,62,0
17732,63,0
17733,62,0
17734,65,0
17735,62,0
17736,61,0
17737,60,0
17738,59,0
17739,62,0
17740,63,0
17741,64,0
17742,62,0
17743,61,0
17744,62,0
17745,62,0
17746,64,0
17747,63,0
17748,62,0
17749,62,0
17750,63,0
17751,64,0
17752,65,0
17753,61,0
17754,64,0
17755,63,0
17756,64,0
17757,63,0
17758,64,0
17759,65,0
17760,62,0
17761,63,0
17762,64,0
17763,63,0
17764,62,0
17765,64,0
17766,65,0
17767,66,0
17768,65,0
17769,63,0
17770,62,0
17771,63,0
17772,62,0
17773,63,0
17774,62,0
17775,65,0
17776,66,0
17777,63,0
17778,62,0
17779,62,0
17780,65,0
17781,66,0
17782,61,0
17783,62,0
17784,59,0
17785,67,0
17786,64,0
17787,65,0
17788,61,0
17789,62,0
17790,65,0
17791,62,0
17792,64,0
17793,61,0
17794,64,0
17795,65,0
17796,66,0
17797,65,0
17798,64,0
17799,62,0
17800,61,0
17801,64,0
17802,65,0
17803,62,0
17804,62,0
17805,63,0
17806,60,0
17807,64,0
17808,63,0
17809,62,0
17810,63,0
17811,64,0
17812,59,0
17813,62,0
17814,63,0
17815,64,0
17816,61,0
17817,62,0
17818,61,0
17819,61,0
17820,62,0
17821,64,0
17822,65,0
17823,62,0
17824,63,0
17825,60,0
17826,62,0
17827,65,0
17828,62,0
17829,60,0
17830,62,0
17831,63,0
17832,62,0
17833,63,0
17834,62,0
17835,65,0
17836,60,0
17837,62,0
17838,63,0
17839,62,0
17840,63,0
17841,64,0
17842,62,0
17843,59,0
17844,64,0
17845,64,0
17846,62,0
17847,62,0
17848,61,0
17849,64,0
17850,63,0
17851,62,0
17852,63,0
17853,62,0
17854,61,0
17855,62,0
17856,63,0
17857,60,0
17858,61,0
17859,62,0
17860,64,0
17861,65,0
17862,62,0
17863,63,0
17864,62,0
17865,64,0
17866,59,0
17867,60,0
17868,61,0
17869,62,0
17870,63,0
17871,62,0
17872,60,0
17873,61,0
17874,61,0
17875,62,0
17876,61,0
17877,62,0
17878,61,0
17879,62,0
17880,62,0
17881,59,0
17882,60,0
17883,65,0
17884,62,0
17885,59,0
17886,60,0
17887,60,0
17888,65,0
17889,62,0
17890,63,0
17891,62,0
17892,65,0
17893,62,0
17894,63,0
17895,60,0
17896,64,0
17897,59,0
17898,62,0
17899,65,0
17900,60,0
17901,61,0
17902,64,0
17903,62,0
17904,61,0
17905,62,0
17906,61,0
17907,60,0
17908,60,0
17909,61,0
17910,62,0
17911,63,0
17912,62,0
17913,63,0
17914,59,0
17915,62,0
17916,63,0
17917,64,0
17918,61,0
17919,62,0
17920,60,0
17921,59,0
17922,62,0
17923,62,0
17924,60,0
17925,61,0
17926,62,0
17927,63,0
17928,62,0
17929,65,0
17930,61,0
17931,60,0
17932,59,0
17933,62,0
17934,61,0
17935,59,0
17936,62,0
17937,63,0
17938,62,0
17939,63,0
17940,62,0
17941,59,0
17942,62,0
17943,63,0
17944,61,0
17945,60,0
17946,59,0
17947,62,0
17948,61,0
17949,62,0
17950,61,0
17951,62,0
17952,61,0
17953,60,0
17954,61,0
17955,62,0
17956,62,0
17957,63,0
17958,62,0
17959,60,0
17960,64,0
17961,61,0
17962,60,0
17963,61,0
17964,59,0
17965,64,0
17966,61,0
17967,61,0
17968,60,0
17969,61,0
17970,62,0
17971,62,0
17972,64,0
17973,61,0
17974,62,0
17975,61,0
17976,62,0
17977,62,0
17978,61,0
17979,60,0
17980,61,0
17981,62,0
17982,64,0
17983,63,0
17984,63,0
17985,62,0
17986,63,0
17987,60,0
17988,62,0
17989,60,0
17990,64,0
17991,59,0
17992,62,0
17993,62,0
17994,61,0
17995,62,0
17996,62,0
17997,65,0
17998,62,0
17999,61,0
18000,64,0
18001,62,0
18002,61,0
18003,62,0
18004,64,0
18005,64,0
18006,62,0
18007,61,0
18008,60,0
18009,62,0
18010,65,0
18011,62,0
18012,61,0
18013,62,0
18014,60,0
18015,65,0
18016,60,0
18017,62,0
18018,61,0
18019,62,0
18020,61,0
18021,62,0
18022,62,0
18023,59,0
18024,60,0
18025,65,0
18026,62,0
18027,62,0
18028,59,0
18029,62,0
18030,61,0
18031,62,0
18032,62,0
18033,62,0
18034,64,0
18035,61,0
18036,62,0
18037,59,0
18038,62,0
18039,63,0
18040,63,0
18041,61,0
18042,60,0
18043,59,0
18044,62,0
18045,59,0
18046,62,0
18047,62,0
18048,61,0
18049,62,0
18050,61,0
18051,62,0
18052,63,0
18053,61,0
18054,62,0
18055,63,0
18056,62,0
18057,65,0
18058,62,0
18059,63,0
18060,62,0
18061,63,0
18062,60,0
18063,62,0
18064,59,0
18065,62,0
18066,61,0
18067,62,0
18068,60,0
18069,61,0
18070,62,0
18071,61,0
18072,62,0
18073,62,0
18074,62,0
18075,62,0
18076,63,0
18077,62,0
18078,65,0
18079,60,0
18080,62,0
18081,59,0
18082,62,0
18083,63,0
18084,60,0
18085,63,0
18086,62,0
18087,61,0
18088,62,0
18089,62,0
18090,61,0
18091,62,0
18092,63,0
18093,62,0
18094,61,0
18095,62,0
18096,61,0
18097,64,0
18098,61,0
18099,60,0
18100,62,0
18101,63,0
18102,64,0
18103,63,0
18104,64,0
18105,61,0
18106,60,0
18107,62,0
18108,61,0
18109,62,0
18110,61,0
18111,64,0
18112,63,0
18113,64,0
18114,62,0
18115,59,0
18116,62,0
18117,63,0
18118,61,0
18119,60,0
18120,61,0
18121,62,0
18122,62,0
18123,65,0
18124,64,0
18125,62,0
18126,60,0
18127,62,0
18128,63,0
18129,60,0
18130,63,0
18131,62,0
18132,61,0
18133,64,0
18134,62,0
18135,61,0
18136,94,0
18137,61,0
18138,62,0
18139,65,0
18140,64,0
18141,62,0
18142,62,0
18143,61,0
18144,60,0
18145,61,0
18146,62,0
18147,61,0
18148,62,0
18149,63,0
18150,61,0
18151,60,0
18152,59,0
18153,62,0
18154,61,0
18155,62,0
18156,63,0
18157,63,0
18158,63,0
18159,60,0
18160,63,0
18161,62,0
18162,62,0
18163,63,0
18164,60,0
18165,61,0
18166,62,0
18167,62,0
18168,61,0
18169,60,0
18170,64,0
18171,62,0
18172,59,0
18173,60,0
18174,65,0
18175,62,0
18176,61,0
18177,62,0
18178,64,0
18179,62,0
18180,59,0
18181,62,0
18182,62,0
18183,63,0
18184,62,0
18185,61,0
18186,60,0
18187,61,0
18188,62,0
18189,61,0
18190,62,0
18191,65,0
18192,62,0
18193,63,0
18194,62,0
18195,60,0
18196,63,0
18197,62,0
18198,63,0
18199,64,0
18200,60,0
18201,63,0
18202,62,0
18203,63,0
18204,62,0
18205,59,0
18206,62,0
18207,61,0
18208,62,0
18209,63,0
18210,60,0
18211,65,0
18212,62,0
18213,59,0
18214,62,0
18215,62,0
18216,63,0
18217,62,0
18218,62,0
18219,63,0
18220,62,0
18221,61,0
18222,63,0
18223,60,0
18224,62,0
18225,61,0
18226,62,0
18227,63,0
18228,60,0
18229,63,0
18230,62,0
18231,61,0
18232,60,0
18233,61,0
18234,59,0
18235,62,0
18236,61,0
18237,60,0
18238,63,0
18239,62,0
18240,61,0
18241,60,0
18242,65,0
18243,60,0
18244,59,0
18245,62,0
18246,63,0
18247,64,0
18248,65,0
18249,63,0
18250,64,0
18251,60,0
18252,65,0
18253,61,0
18254,62,0
18255,61,0
18256,62,0
18257,63,0
18258,60,0
18259,60,0
18260,61,0
18261,62,0
18262,59,0
18263,62,0
18264,63,0
18265,62,0
18266,61,0
18267,62,0
18268,61,0
18269,62,0
18270,62,0
18271,63,0
18272,62,0
18273,61,0
18274,62,0
18275,61,0
18276,64,0
18277,63,0
18278,62,0
18279,62,0
18280,63,0
18281,62,0
18282,61,0
18283,62,0
18284,60,0
18285,63,0
18286,60,0
18287,63,0
18288,62,0
18289,63,0
18290,62,0
18291,61,0
18292,60,0
18293,62,0
18294,62,0
18295,62,0
18296,59,0
18297,60,0
18298,59,0
18299,63,0
18300,62,0
18301,62,0
18302,62,0
18303,59,0
18304,62,0
18305,62,0
18306,61,0
18307,62,0
18308,61,0
18309,64,0
18310,62,0
18311,61,0
18312,62,0
18313,61,0
18314,62,0
18315,62,0
18316,61,0
18317,60,0
18318,63,0
18319,62,0
18320,65,0
18321,59,0
18322,62,0
18323,59,0
18324,62,0
18325,63,0
18326,62,0
18327,65,0
18328,61,0
18329,62,0
18330,63,0
18331,64,0
18332,63,0
18333,60,0
18334,62,0
18335,63,0
18336,62,0
18337,61,0
18338,61,0
18339,62,0
18340,62,0
18341,60,0
18342,63,0
18343,60,0
18344,59,0
18345,64,0
18346,65,0
18347,62,0
18348,61,0
18349,62,0
18350,64,0
18351,63,0
18352,60,0
18353,63,0
18354,62,0
18355,62,0
18356,61,0
18357,62,0
18358,61,0
18359,62,0
18360,64,0
18361,61,0
18362,62,0
18363,63,0
18364,62,0
18365,63,0
18366,62,0
18367,63,0
18368,62,0
18369,62,0
18370,63,0
18371,62,0
18372,59,0
18373,62,0
18374,63,0
18375,62,0
18376,63,0
18377,64,0
18378,63,0
18379,62,0
18380,61,0
18381,62,0
18382,62,0
18383,63,0
18384,62,0
18385,63,0
18386,64,0
18387,63,0
18388,60,0
18389,65,0
18390,60,0
18391,62,0
18392,61,0
18393,62,0
18394,61,0
18395,62,0
18396,61,0
18397,62,0
18398,64,0
18399,63,0
18400,62,0
18401,61,0
18402,59,0
18403,60,0
18404,65,0
18405,64,0
18406,60,0
18407,63,0
18408,60,0
18409,61,0
18410,61,0
18411,62,0
18412,65,0
18413,60,0
18414,63,0
18415,63,0
18416,60,0
18417,61,0
18418,64,0
18419,61,0
18420,65,0
18421,61,0
18422,62,0
18423,62,0
18424,61,0
18425,62,0
18426,59,0
18427,62,0
18428,62,0
18429,61,0
18430,62,0
18431,62,0
18432,60,0
18433,65,0
18434,62,0
18435,62,0
18436,63,0
18437,64,0
18438,64,0
18439,62,0
18440,62,0
18441,63,0
18442,62,0
18443,65,0
18444,60,0
18445,61,0
18446,61,0
18447,62,0
18448,63,0
18449,62,0
18450,62,0
18451,61,0
18452,62,0
18453,61,0
18454,60,0
18455,63,0
18456,62,0
18457,61,0
18458,62,0
18459,60,0
18460,61,0
18461,62,0
18462,63,0
18463,64,0
18464,63,0
18465,62,0
18466,63,0
18467,60,0
18468,63,0
18469,60,0
18470,63,0
18471,62,0
18472,61,0
18473,60,0
18474,63,0
18475,62,0
18476,63,0
18477,60,0
18478,63,0
18479,62,0
18480,63,0
18481,63,0
18482,61,0
18483,60,0
18484,63,0
18485,63,0
18486,60,0
18487,61,0
18488,62,0
18489,59,0
18490,59,0
18491,62,0
18492,59,0
18493,60,0
18494,64,0
18495,61,0
18496,62,0
18497,63,0
18498,60,0
18499,61,0
18500,62,0
18501,63,0
18502,60,0
18503,63,0
18504,62,0
18505,59,0
18506,62,0
18507,61,0
18508,60,0
18509,63,0
18510,62,0
18511,61,0
18512,62,0
18513,63,0
18514,62,0
18515,63,0
18516,62,0
18517,63,0
18518,62,0
18519,62,0
18520,61,0
18521,64,0
18522,61,0
18523,60,0
18524,65,0
18525,60,0
18526,61,0
18527,62,0
18528,61,0
18529,64,0
18530,62,0
18531,61,0
18532,60,0
18533,59,0
18534,63,0
18535,63,0
18536,62,0
18537,63,0
18538,60,0
18539,63,0
18540,61,0
18541,62,0
18542,61,0
18543,63,0
18544,61,0
18545,64,0
18546,62,0
18547,63,0
18548,62,0
18549,65,0
18550,60,0
18551,62,0
18552,59,0
18553,62,0
18554,61,0
18555,62,0
18556,59,0
18557,64,0
18558,63,0
18559,62,0
18560,62,0
18561,61,0
18562,64,0
18563,61,0
18564,62,0
18565,59,0
18566,60,0
18567,64,0
18568,64,0
18569,63,0
18570,64,0
18571,61,0
18572,62,0
18573,62,0
18574,63,0
18575,60,0
18576,61,0
18577,60,0
18578,61,0
18579,60,0
18580,60,0
18581,59,0
18582,60,0
18583,63,0
18584,64,0
18585,63,0
18586,62,0
18587,64,0
18588,63,0
18589,62,0
18590,65,0
18591,62,0
18592,61,0
18593,60,0
18594,62,0
18595,63,0
18596,60,0
18597,61,0
18598,62,0
18599,62,0
18600,63,0
18601,64,0
18602,63,0
18603,64,0
18604,63,0
18605,60,0
18606,65,0
18607,62,0
18608,62,0
18609,63,0
18610,60,0
18611,62,0
18612,63,0
18613,62,0
18614,62,0
18615,65,0
18616,62,0
18617,63,0
18618,63,0
18619,62,0
18620,65,0
18621,62,0
18622,62,0
18623,65,0
18624,62,0
18625,61,0
18626,60,0
18627,63,0
18628,65,0
18629,62,0
18630,63,0
18631,62,0
18632,61,0
18633,62,0
18634,63,0
18635,63,0
18636,62,0
18637,65,0
18638,62,0
18639,59,0
18640,62,0
18641,60,0
18642,59,0
18643,62,0
18644,65,0
18645,64,0
18646,61,0
18647,62,0
18648,63,0
18649,62,0
18650,63,0
18651,61,0
18652,62,0
18653,62,0
18654,62,0
18655,63,0
18656,62,0
18657,63,0
18658,62,0
18659,62,0
18660,62,0
18661,63,0
18662,62,0
18663,61,0
18664,62,0
18665,62,0
18666,61,0
18667,64,0
18668,61,0
18669,62,0
18670,60,0
18671,63,0
18672,62,0
18673,61,0
18674,62,0
18675,62,0
18676,65,0
18677,62,0
18678,63,0
18679,61,0
18680,60,0
18681,61,0
18682,62,0
18683,63,0
18684,62,0
18685,65,0
18686,62,0
18687,61,0
18688,62,0
18689,59,0
18690,62,0
18691,61,0
18692,64,0
18693,63,0
18694,62,0
18695,61,0
18696,60,0
18697,61,0
18698,62,0
18699,60,0
18700,65,0
18701,62,0
18702,61,0
18703,64,0
18704,59,0
18705,62,0
18706,63,0
18707,62,0
18708,65,0
18709,60,0
18710,63,0
18711,62,0
18712,60,0
18713,63,0
18714,62,0
18715,61,0
18716,64,0
18717,59,0
18718,61,0
18719,62,0
18720,61,0
18721,60,0
18722,61,0
18723,62,0
18724,63,0
18725,63,0
18726,62,0
18727,61,0
18728,62,0
18729,60,0
18730,63,0
18731,62,0
18732,60,0
18733,63,0
18734,62,0
18735,65,0
18736,64,0
18737,61,0
18738,62,0
18739,64,0
18740,59,0
18741,60,0
18742,63,0
18743,60,0
18744,63,0
18745,62,0
18746,62,0
18747,61,0
18748,60,0
18749,61,0
18750,60,0
18751,61,0
18752,62,0
18753,63,0
18754,62,0
18755,61,0
18756,62,0
18757,60,0
18758,61,0
18759,60,0
18760,61,0
18761,62,0
18762,63,0
18763,60,0
18764,62,0
18765,65,0
18766,64,0
18767,62,0
18768,63,0
18769,62,0
18770,62,0
18771,63,0
18772,64,0
18773,63,0
18774,62,0
18775,62,0
18776,62,0
18777,65,0
18778,62,0
18779,60,0
18780,62,0
18781,65,0
18782,60,0
18783,64,0
18784,65,0
18785,62,0
18786,61,0
18787,62,0
18788,63,0
18789,60,0
18790,62,0
18791,59,0
18792,62,0
18793,63,0
18794,62,0
18795,63,0
18796,62,0
18797,64,0
18798,63,0
18799,64,0
18800,61,0
18801,62,0
18802,62,0
18803,63,0
18804,60,0
18805,63,0
18806,64,0
18807,62,0
18808,61,0
18809,63,0
18810,60,0
18811,62,0
18812,61,0
18813,62,0
18814,63,0
18815,60,0
18816,62,0
18817,63,0
18818,64,0
18819,61,0
18820,62,0
18821,63,0
18822,60,0
18823,64,0
18824,61,0
18825,62,0
18826,63,0
18827,62,0
18828,62,0
18829,63,0
18830,62,0
18831,61,0
18832,62,0
18833,63,0
18834,62,0
18835,61,0
18836,61,0
18837,62,0
18838,65,0
18839,61,0
18840,62,0
18841,61,0
18842,62,0
18843,61,0
18844,59,0
18845,62,0
18846,61,0
18847,62,0
18848,63,0
18849,60,0
18850,61,0
18851,64,0
18852,59,0
18853,60,0
18854,61,0
18855,62,0
18856,61,0
18857,60,0
18858,61,0
18859,62,0
18860,62,0
18861,63,0
18862,64,0
18863,63,0
18864,62,0
18865,60,0
18866,61,0
18867,62,0
18868,65,0
18869,62,0
18870,61,0
18871,59,0
18872,60,0
18873,61,0
18874,62,0
18875,63,0
18876,64,0
18877,59,0
18878,62,0
18879,63,0
18880,64,0
18881,68,0
18882,62,0
18883,63,0
18884,62,0
18885,63,0
18886,62,0
18887,61,0
18888,61,0
18889,60,0
18890,61,0
18891,64,0
18892,63,0
18893,62,0
18894,65,0
18895,62,0
18896,65,0
18897,62,0
18898,59,0
18899,62,0
18900,63,0
18901,65,0
18902,62,0
18903,63,0
18904,62,0
18905,59,0
18906,64,0
18907,65,0
18908,64,0
18909,62,0
18910,63,0
18911,62,0
18912,63,0
18913,62,0
18914,61,0
18915,64,0
18916,63,0
18917,60,0
18918,61,0
18919,64,0
18920,61,0
18921,64,0
18922,61,0
18923,63,0
18924,62,0
18925,63,0
18926,62,0
18927,63,0
18928,60,0
18929,61,0
18930,61,0
18931,62,0
18932,61,0
18933,62,0
18934,62,0
18935,61,0
18936,62,0
18937,63,0
18938,62,0
18939,65,0
18940,62,0
18941,61,0
18942,59,0
18943,62,0
18944,63,0
18945,60,0
18946,61,0
18947,62,0
18948,61,0
18949,62,0
18950,61,0
18951,62,0
18952,59,0
18953,62,0
18954,62,0
18955,63,0
18956,62,0
18957,64,0
18958,63,0
18959,62,0
18960,65,0
18961,64,0
18962,61,0
18963,60,0
18964,61,0
18965,60,0
18966,62,0
18967,61,0
18968,60,0
18969,59,0
18970,62,0
18971,63,0
18972,63,0
18973,62,0
18974,59,0
18975,64,0
18976,59,0
18977,62,0
18978,65,0
18979,63,0
18980,60,0
18981,62,0
18982,62,0
18983,59,0
18984,62,0
18985,63,0
18986,60,0
18987,60,0
18988,59,0
18989,60,0
18990,59,0
18991,64,0
18992,64,0
18993,62,0
18994,62,0
18995,59,0
18996,62,0
18997,61,0
18998,62,0
18999,61,0
19000,62,0
19001,63,0
19002,62,0
19003,63,0
19004,62,0
19005,59,0
19006,62,0
19007,64,0
19008,63,0
19009,60,0
19010,61,0
19011,62,0
19012,63,0
19013,62,0
19014,64,0
19015,63,0
19016,60,0
19017,63,0
19018,62,0
19019,61,0
19020,60,0
19021,63,0
19022,60,0
19023,61,0
19024,60,0
19025,62,0
19026,61,0
19027,61,0
19028,59,0
19029,64,0
19030,63,0
19031,62,0
19032,65,0
19033,62,0
19034,63,0
19035,60,0
19036,63,0
19037,63,0
19038,62,0
19039,61,0
19040,64,0
19041,64,0
19042,63,0
19043,62,0
19044,63,0
19045,59,0
19046,60,0
19047,65,0
19048,59,0
19049,64,0
19050,62,0
19051,63,0
19052,62,0
19053,61,0
19054,61,0
19055,60,0
19056,59,0
19057,62,0
19058,63,0
19059,60,0
19060,60,0
19061,62,0
19062,62,0
19063,61,0
19064,62,0
19065,59,0
19066,62,0
19067,63,0
19068,60,0
19069,63,0
19070,64,0
19071,62,0
19072,63,0
19073,62,0
19074,61,0
19075,62,0
19076,62,0
19077,63,0
19078,62,0
19079,59,0
19080,62,0
19081,65,0
19082,62,0
19083,59,0
19084,62,0
19085,61,0
19086,64,0
19087,62,0
19088,63,0
19089,62,0
19090,59,0
19091,62,0
19092,61,0
19093,62,0
19094,63,0
19095,62,0
19096,61,0
19097,62,0
19098,61,0
19099,60,0
19100,62,0
19101,61,0
19102,62,0
19103,59,0
19104,62,0
19105,61,0
19106,62,0
19107,61,0
19108,62,0
19109,61,0
19110,60,0
19111,63,0
19112,64,0
19113,61,0
19114,62,0
19115,65,0
19116,62,0
19117,61,0
19118,62,0
19119,61,0
19120,60,0
19121,64,0
19122,61,0
19123,64,0
19124,61,0
19125,62,0
19126,62,0
19127,61,0
19128,64,0
19129,63,0
19130,63,0
19131,62,0
19132,61,0
19133,62,0
19134,65,0
19135,60,0
19136,63,0
19137,62,0
19138,61,0
19139,62,0
19140,61,0
19141,62,0
19142,62,0
19143,62,0
19144,61,0
19145,62,0
19146,61,0
19147,60,0
19148,62,0
19149,64,0
19150,61,0
19151,60,0
19152,62,0
19153,59,0
19154,64,0
19155,63,0
19156,60,0
19157,65,0
19158,62,0
19159,63,0
19160,62,0
19161,63,0
19162,62,0
19163,59,0
19164,60,0
19165,63,0
19166,63,0
19167,62,0
19168,59,0
19169,60,0
19170,62,0
19171,65,0
19172,64,0
19173,63,0
19174,64,0
19175,59,0
19176,62,0
19177,64,0
19178,63,0
19179,62,0
19180,63,0
19181,62,0
19182,62,0
19183,63,0
19184,62,0
19185,59,0
19186,64,0
19187,62,0
19188,61,0
19189,62,0
19190,63,0
19191,62,0
19192,63,0
19193,62,0
19194,63,0
19195,60,0
19196,63,0
19197,64,0
19198,61,0
19199,60,0
19200,63,0
19201,64,0
19202,63,0
19203,62,0
19204,62,0
19205,61,0
19206,62,0
19207,63,0
19208,62,0
19209,63,0
19210,62,0
19211,59,0
19212,62,0
19213,63,0
19214,64,0
19215,62,0
19216,63,0
19217,62,0
19218,63,0
19219,62,0
19220,59,0
19221,62,0
19222,61,0
19223,61,0
19224,62,0
19225,63,0
19226,61,0
19227,62,0
19228,61,0
19229,62,0
19230,63,0
19231,61,0
19232,62,0
19233,61,0
19234,62,0
19235,61,0
19236,62,0
19237,65,0
19238,62,0
19239,60,0
19240,65,0
19241,62,0
19242,59,0
19243,60,0
19244,61,0
19245,62,0
19246,59,0
19247,62,0
19248,62,0
19249,61,0
19250,62,0
19251,62,0
19252,63,0
19253,60,0
19254,62,0
19255,61,0
19256,62,0
19257,63,0
19258,62,0
19259,61,0
19260,62,0
19261,61,0
19262,62,0
19263,62,0
19264,63,0
19265,62,0
19266,63,0
19267,60,0
19268,64,0
19269,65,0
19270,62,0
19271,63,0
19272,62,0
19273,61,0
19274,62,0
19275,60,0
19276,61,0
19277,62,0
19278,65,0
19279,61,0
19280,60,0
19281,62,0
19282,65,0
19283,60,0
19284,65,0
19285,62,0
19286,63,0
19287,62,0
19288,60,0
19289,65,0
19290,62,0
19291,61,0
19292,64,0
19293,63,0
19294,60,0
19295,64,0
19296,63,0
19297,64,0
19298,61,0
19299,62,0
19300,61,0
19301,62,0
19302,62,0
19303,63,0
19304,61,0
19305,62,0
19306,61,0
19307,62,0
19308,62,0
19309,62,0
19310,60,0
19311,59,0
19312,64,0
19313,59,0
19314,64,0
19315,61,0
19316,62,0
19317,63,0
19318,62,0
19319,62,0
19320,59,0
19321,60,0
19322,62,0
19323,61,0
19324,62,0
19325,59,0
19326,64,0
19327,63,0
19328,62,0
19329,62,0
19330,63,0
19331,62,0
19332,65,0
19333,62,0
19334,61,0
19335,62,0
19336,63,0
19337,62,0
19338,65,0
19339,62,0
19340,61,0
19341,62,0
19342,61,0
19343,60,0
19344,63,0
19345,59,0
19346,62,0
19347,65,0
19348,64,0
19349,61,0
19350,62,0
19351,64,0
19352,61,0
19353,62,0
19354,63,0
19355,62,0
19356,63,0
19357,62,0
19358,62,0
19359,60,0
19360,63,0
19361,62,0
19362,61,0
19363,62,0
19364,62,0
19365,63,0
19366,60,0
19367,59,0
19368,62,0
19369,64,0
19370,63,0
19371,62,0
19372,63,0
19373,60,0
19374,64,0
19375,61,0
19376,62,0
19377,63,0
19378,62,0
19379,65,0
19380,62,0
19381,59,0
19382,61,0
19383,62,0
19384,65,0
19385,60,0
19386,65,0
19387,64,0
19388,63,0
19389,62,0
19390,63,0
19391,62,0
19392,60,0
19393,63,0
19394,62,0
19395,61,0
19396,59,0
19397,62,0
19398,62,0
19399,62,0
19400,65,0
19401,62,0
19402,63,0
19403,62,0
19404,60,0
19405,61,0
19406,62,0
19407,59,0
19408,62,0
19409,65,0
19410,62,0
19411,63,0
19412,62,0
19413,59,0
19414,60,0
19415,63,0
19416,60,0
19417,62,0
19418,61,0
19419,62,0
19420,61,0
19421,64,0
19422,61,0
19423,62,0
19424,59,0
19425,62,0
19426,61,0
19427,59,0
19428,62,0
19429,59,0
19430,62,0
19431,63,0
19432,62,0
19433,63,0
19434,62,0
19435,60,0
19436,63,0
19437,62,0
19438,59,0
19439,63,0
19440,64,0
19441,65,0
19442,62,0
19443,63,0
19444,64,0
19445,62,0
19446,63,0
19447,62,0
19448,59,0
19449,64,0
19450,63,0
19451,59,0
19452,62,0
19453,59,0
19454,62,0
19455,63,0
19456,62,0
19457,62,0
19458,65,0
19459,60,0
19460,61,0
19461,60,0
19462,62,0
19463,62,0
19464,63,0
19465,62,0
19466,61,0
19467,62,0
19468,63,0
19469,62,0
19470,63,0
19471,62,0
19472,63,0
19473,64,0
19474,61,0
19475,62,0
19476,61,0
19477,62,0
19478,65,0
19479,64,0
19480,64,0
19481,59,0
19482,62,0
19483,61,0
19484,62,0
19485,63,0
19486,62,0
19487,61,0
19488,62,0
19489,62,0
19490,60,0
19491,62,0
19492,61,0
19493,60,0
19494,61,0
19495,60,0
19496,63,0
19497,62,0
19498,61,0
19499,62,0
19500,61,0
19501,60,0
19502,62,0
19503,63,0
19504,60,0
19505,61,0
19506,62,0
19507,63,0
19508,60,0
19509,62,0
19510,65,0
19511,60,0
19512,61,0
19513,62,0
19514,64,0
19515,63,0
19516,62,0
19517,61,0
19518,62,0
19519,61,0
19520,64,0
19521,63,0
19522,62,0
19523,61,0
19524,64,0
19525,63,0
19526,62,0
19527,60,0
19528,63,0
19529,62,0
19530,62,0
19531,65,0
19532,62,0
19533,61,0
19534,63,0
19535,62,0
19536,61,0
19537,62,0
19538,63,0
19539,63,0
19540,62,0
19541,63,0
19542,62,0
19543,64,0
19544,63,0
19545,62,0
19546,63,0
19547,60,0
19548,62,0
19549,61,0
19550,62,0
19551,63,0
19552,63,0
19553,62,0
19554,60,0
19555,60,0
19556,62,0
19557,64,0
19558,62,0
19559,62,0
19560,64,0
19561,62,0
19562,62,0
19563,62,0
19564,62,0
19565,59,0
19566,60,0
19567,59,0
19568,63,0
19569,61,0
19570,62,0
19571,61,0
19572,60,0
19573,60,0
19574,63,0
19575,62,0
19576,60,0
19577,62,0
19578,63,0
19579,62,0
19580,64,0
19581,59,0
19582,60,0
19583,62,0
19584,62,0
19585,59,0
19586,60,0
19587,61,0
19588,62,0
19589,63,0
19590,62,0
19591,61,0
19592,60,0
19593,60,0
19594,63,0
19595,64,0
19596,61,0
19597,60,0
19598,59,0
19599,63,0
19600,60,0
19601,63,0
19602,62,0
19603,63,0
19604,60,0
19605,59,0
19606,62,0
19607,63,0
19608,59,0
19609,62,0
19610,64,0
19611,60,0
19612,61,0
19613,64,0
19614,63,0
19615,60,0
19616,62,0
19617,63,0
19618,62,0
19619,61,0
19620,63,0
19621,62,0
19622,63,0
19623,64,0
19624,61,0
19625,62,0
19626,67,0
19627,62,0
19628,61,0
19629,61,0
19630,62,0
19631,61,0
19632,61,0
19633,62,0
19634,61,0
19635,60,0
19636,62,0
19637,59,0
19638,64,0
19639,60,0
19640,62,0
19641,59,0
19642,62,0
19643,62,0
19644,59,0
19645,62,0
19646,63,0
19647,62,0
19648,59,0
19649,64,0
19650,59,0
19651,62,0
19652,63,0
19653,64,0
19654,63,0
19655,62,0
19656,60,0
19657,61,0
19658,64,0
19659,60,0
19660,62,0
19661,63,0
19662,60,0
19663,62,0
19664,59,0
19665,60,0
19666,59,0
19667,62,0
19668,61,0
19669,62,0
19670,62,0
19671,63,0
19672,62,0
19673,62,0
19674,59,0
19675,62,0
19676,63,0
19677,60,0
19678,60,0
19679,61,0
19680,62,0
19681,61,0
19682,62,0
19683,63,0
19684,60,0
19685,61,0
19686,60,0
19687,62,0
19688,63,0
19689,62,0
19690,61,0
19691,64,0
19692,59,0
19693,62,0
19694,61,0
19695,62,0
19696,62,0
19697,63,0
19698,62,0
19699,61,0
19700,61,0
19701,63,0
19702,60,0
19703,63,0
19704,62,0
19705,62,0
19706,63,0
19707,62,0
19708,63,0
19709,60,0
19710,63,0
19711,64,0
19712,63,0
19713,62,0
19714,61,0
19715,62,0
19716,64,0
19717,63,0
19718,64,0
19719,61,0
19720,62,0
19721,64,0
19722,59,0
19723,62,0
19724,59,0
19725,64,0
19726,62,0
19727,60,0
19728,62,0
19729,65,0
19730,64,0
19731,61,0
19732,64,0
19733,61,0
19734,60,0
19735,62,0
19736,59,0
19737,60,0
19738,61,0
19739,62,0
19740,59,0
19741,63,0
19742,62,0
19743,61,0
19744,63,0
19745,61,0
19746,60,0
19747,61,0
19748,62,0
19749,61,0
19750,62,0
19751,61,0
19752,62,0
19753,61,0
19754,60,0
19755,62,0
19756,61,0
19757,64,0
19758,63,0
19759,62,0
19760,60,0
19761,61,0
19762,62,0
19763,63,0
19764,62,0
19765,61,0
19766,62,0
19767,63,0
19768,62,0
19769,59,0
19770,60,0
19771,62,0
19772,62,0
19773,61,0
19774,60,0
19775,63,0
19776,62,0
19777,65,0
19778,62,0
19779,65,0
19780,62,0
19781,63,0
19782,60,0
19783,59,0
19784,64,0
19785,59,0
19786,62,0
19787,63,0
19788,61,0
19789,64,0
19790,59,0
19791,61,0
19792,62,0
19793,64,0
19794,61,0
19795,62,0
19796,61,0
19797,64,0
19798,62,0
19799,61,0
19800,60,0
19801,61,0
19802,64,0
19803,61,0
19804,60,0
19805,61,0
19806,63,0
19807,60,0
19808,65,0
19809,63,0
19810,62,0
19811,63,0
19812,62,0
19813,60,0
19814,59,0
19815,62,0
19816,61,0
19817,62,0
19818,62,0
19819,61,0
19820,62,0
19821,61,0
19822,62,0
19823,62,0
19824,60,0
19825,65,0
19826,62,0
19827,61,0
19828,60,0
19829,64,0
19830,64,0
19831,61,0
19832,63,0
19833,60,0
19834,63,0
19835,62,0
19836,63,0
19837,63,0
19838,63,0
19839,60,0
19840,61,0
19841,62,0
19842,61,0
19843,62,0
19844,61,0
19845,62,0
19846,61,0
19847,62,0
19848,63,0
19849,62,0
19850,63,0
19851,60,0
19852,61,0
19853,62,0
19854,61,0
19855,63,0
19856,62,0
19857,65,0
19858,62,0
19859,63,0
19860,62,0
19861,59,0
19862,62,0
19863,61,0
19864,62,0
19865,59,0
19866,62,0
19867,62,0
19868,63,0
19869,61,0
19870,64,0
19871,60,0
19872,63,0
19873,60,0
19874,63,0
19875,62,0
19876,63,0
19877,62,0
19878,61,0
19879,62,0
19880,61,0
19881,62,0
19882,63,0
19883,62,0
19884,61,0
19885,62,0
19886,63,0
19887,60,0
19888,62,0
19889,61,0
19890,61,0
19891,62,0
19892,61,0
19893,62,0
19894,65,0
19895,62,0
19896,63,0
19897,62,0
19898,62,0
19899,61,0
19900,62,0
19901,65,0
19902,60,0
19903,63,0
19904,62,0
19905,61,0
19906,64,0
19907,60,0
19908,62,0
19909,62,0
19910,61,0
19911,64,0
19912,59,0
19913,62,0
19914,63,0
19915,61,0
19916,62,0
19917,61,0
19918,60,0
19919,63,0
19920,62,0
19921,63,0
19922,60,0
19923,62,0
19924,61,0
19925,64,0
19926,63,0
19927,62,0
19928,61,0
19929,62,0
19930,62,0
19931,60,0
19932,63,0
19933,62,0
19934,63,0
19935,62,0
19936,61,0
19937,62,0
19938,62,0
19939,63,0
19940,62,0
19941,61,0
19942,60,0
19943,60,0
19944,61,0
19945,62,0
19946,63,0
19947,64,0
19948,63,0
19949,62,0
19950,61,0
19951,61,0
19952,62,0
19953,59,0
19954,64,0
19955,63,0
19956,59,0
19957,60,0
19958,62,0
19959,64,0
19960,65,0
19961,62,0
19962,61,0
19963,62,0
19964,65,0
19965,64,0
19966,59,0
19967,60,0
19968,60,0
19969,63,0
19970,62,0
19971,61,0
19972,61,0
19973,64,0
19974,65,0
19975,61,0
19976,63,0
19977,62,0
19978,63,0
19979,59,0
19980,62,0
19981,61,0
19982,64,0
19983,61,0
19984,62,0
19985,62,0
19986,62,0
19987,63,0
19988,62,0
19989,62,0
19990,61,0
19991,62,0
19992,61,0
19993,60,0
19994,61,0
19995,62,0
19996,64,0
19997,63,0
19998,64,0
19999,61,0
