trial,reload_ticks,classified_evicted
0,83,0
1,63,0
2,60,0
3,57,0
4,57,0
5,55,0
6,55,0
7,58,0
8,56,0
9,59,0
10,55,0
11,56,0
12,56,0
13,56,0
14,56,0
15,55,0
16,57,0
17,57,0
18,56,0
19,56,0
20,55,0
21,55,0
22,57,0
23,56,0
24,58,0
25,56,0
26,57,0
27,59,0
28,59,0
29,59,0
30,56,0
31,58,0
32,58,0
33,57,0
34,57,0
35,59,0
36,59,0
37,56,0
38,56,0
39,57,0
40,57,0
41,59,0
42,56,0
43,56,0
44,56,0
45,58,0
46,53,0
47,55,0
48,53,0
49,59,0
50,58,0
51,58,0
52,58,0
53,58,0
54,56,0
55,59,0
56,53,0
57,58,0
58,56,0
59,56,0
60,53,0
61,55,0
62,56,0
63,58,0
64,58,0
65,58,0
66,57,0
67,55,0
68,57,0
69,54,0
70,56,0
71,56,0
72,56,0
73,57,0
74,57,0
75,56,0
76,58,0
77,58,0
78,56,0
79,55,0
80,57,0
81,55,0
82,55,0
83,56,0
84,58,0
85,56,0
86,56,0
87,59,0
88,57,0
89,56,0
90,56,0
91,56,0
92,56,0
93,57,0
94,57,0
95,57,0
96,56,0
97,58,0
98,56,0
99,55,0
100,57,0
101,58,0
102,55,0
103,57,0
104,58,0
105,58,0
106,55,0
107,59,0
108,58,0
109,56,0
110,60,0
111,55,0
112,59,0
113,56,0
114,56,0
115,60,0
116,57,0
117,57,0
118,57,0
119,58,0
120,56,0
121,56,0
122,57,0
123,55,0
124,58,0
125,58,0
126,60,0
127,56,0
128,57,0
129,57,0
130,58,0
131,58,0
132,58,0
133,56,0
134,58,0
135,55,0
136,57,0
137,56,0
138,56,0
139,58,0
140,55,0
141,57,0
142,59,0
143,58,0
144,56,0
145,58,0
146,56,0
147,57,0
148,57,0
149,59,0
150,58,0
151,56,0
152,56,0
153,57,0
154,56,0
155,58,0
156,58,0
157,55,0
158,53,0
159,57,0
160,56,0
161,58,0
162,56,0
163,55,0
164,59,0
165,58,0
166,56,0
167,56,0
168,56,0
169,53,0
170,58,0
171,54,0
172,56,0
173,56,0
174,57,0
175,59,0
176,55,0
177,56,0
178,58,0
179,57,0
180,55,0
181,58,0
182,56,0
183,56,0
184,56,0
185,57,0
186,55,0
187,56,0
188,56,0
189,56,0
190,57,0
191,57,0
192,55,0
193,58,0
194,56,0
195,56,0
196,56,0
197,57,0
198,55,0
199,57,0
200,56,0
201,58,0
202,56,0
203,56,0
204,58,0
205,55,0
206,56,0
207,56,0
208,56,0
209,56,0
210,57,0
211,64,0
212,54,0
213,59,0
214,55,0
215,56,0
216,56,0
217,54,0
218,53,0
219,57,0
220,59,0
221,58,0
222,54,0
223,54,0
224,57,0
225,59,0
226,56,0
227,58,0
228,56,0
229,56,0
230,57,0
231,55,0
232,58,0
233,58,0
234,56,0
235,56,0
236,57,0
237,57,0
238,58,0
239,56,0
240,58,0
241,59,0
242,57,0
243,58,0
244,58,0
245,55,0
246,55,0
247,57,0
248,58,0
249,56,0
250,56,0
251,59,0
252,57,0
253,56,0
254,58,0
255,58,0
256,59,0
257,56,0
258,56,0
259,58,0
260,57,0
261,59,0
262,54,0
263,58,0
264,58,0
265,59,0
266,55,0
267,59,0
268,56,0
269,58,0
270,58,0
271,58,0
272,57,0
273,57,0
274,58,0
275,56,0
276,57,0
277,55,0
278,56,0
279,58,0
280,56,0
281,58,0
282,56,0
283,57,0
284,55,0
285,58,0
286,54,0
287,56,0
288,55,0
289,59,0
290,58,0
291,58,0
292,56,0
293,56,0
294,60,0
295,57,0
296,57,0
297,58,0
298,56,0
299,58,0
300,59,0
301,57,0
302,59,0
303,58,0
304,56,0
305,58,0
306,59,0
307,57,0
308,58,0
309,58,0
310,54,0
311,56,0
312,57,0
313,59,0
314,59,0
315,56,0
316,54,0
317,55,0
318,57,0
319,58,0
320,56,0
321,58,0
322,55,0
323,55,0
324,56,0
325,56,0
326,57,0
327,56,0
328,56,0
329,56,0
330,55,0
331,61,0
332,56,0
333,56,0
334,56,0
335,57,0
336,55,0
337,56,0
338,58,0
339,56,0
340,58,0
341,57,0
342,56,0
343,58,0
344,58,0
345,58,0
346,57,0
347,57,0
348,56,0
349,56,0
350,56,0
351,56,0
352,55,0
353,59,0
354,56,0
355,56,0
356,58,0
357,57,0
358,56,0
359,58,0
360,57,0
361,59,0
362,57,0
363,56,0
364,58,0
365,56,0
366,59,0
367,60,0
368,56,0
369,56,0
370,56,0
371,55,0
372,57,0
373,59,0
374,58,0
375,58,0
376,56,0
377,55,0
378,55,0
379,58,0
380,56,0
381,56,0
382,56,0
383,59,0
384,57,0
385,57,0
386,58,0
387,56,0
388,58,0
389,59,0
390,57,0
391,56,0
392,58,0
393,57,0
394,57,0
395,58,0
396,56,0
397,56,0
398,57,0
399,59,0
400,58,0
401,58,0
402,56,0
403,55,0
404,57,0
405,56,0
406,58,0
407,57,0
408,57,0
409,58,0
410,56,0
411,58,0
412,59,0
413,57,0
414,53,0
415,57,0
416,58,0
417,56,0
418,58,0
419,55,0
420,57,0
421,59,0
422,58,0
423,58,0
424,57,0
425,59,0
426,56,0
427,56,0
428,55,0
429,57,0
430,57,0
431,59,0
432,58,0
433,57,0
434,57,0
435,55,0
436,56,0
437,60,0
438,56,0
439,59,0
440,59,0
441,56,0
442,56,0
443,58,0
444,55,0
445,55,0
446,58,0
447,56,0
448,56,0
449,55,0
450,55,0
451,59,0
452,58,0
453,56,0
454,57,0
455,55,0
456,60,0
457,56,0
458,56,0
459,57,0
460,61,0
461,58,0
462,56,0
463,58,0
464,57,0
465,57,0
466,57,0
467,58,0
468,56,0
469,56,0
470,55,0
471,59,0
472,56,0
473,56,0
474,53,0
475,57,0
476,59,0
477,56,0
478,56,0
479,56,0
480,57,0
481,59,0
482,57,0
483,58,0
484,54,0
485,58,0
486,57,0
487,59,0
488,60,0
489,56,0
490,58,0
491,57,0
492,58,0
493,56,0
494,56,0
495,59,0
496,57,0
497,56,0
498,54,0
499,56,0
500,56,0
501,57,0
502,55,0
503,56,0
504,58,0
505,56,0
506,57,0
507,58,0
508,58,0
509,57,0
510,61,0
511,59,0
512,56,0
513,56,0
514,56,0
515,55,0
516,57,0
517,58,0
518,56,0
519,56,0
520,57,0
521,57,0
522,58,0
523,56,0
524,56,0
525,57,0
526,53,0
527,55,0
528,58,0
529,58,0
530,56,0
531,58,0
532,60,0
533,57,0
534,55,0
535,57,0
536,58,0
537,58,0
538,55,0
539,59,0
540,57,0
541,58,0
542,56,0
543,55,0
544,55,0
545,57,0
546,57,0
547,58,0
548,58,0
549,58,0
550,56,0
551,57,0
552,55,0
553,56,0
554,56,0
555,56,0
556,57,0
557,55,0
558,56,0
559,56,0
560,56,0
561,56,0
562,55,0
563,55,0
564,55,0
565,55,0
566,58,0
567,58,0
568,56,0
569,58,0
570,55,0
571,53,0
572,58,0
573,56,0
574,58,0
575,57,0
576,59,0
577,56,0
578,56,0
579,58,0
580,59,0
581,57,0
582,55,0
583,60,0
584,56,0
585,55,0
586,57,0
587,58,0
588,56,0
589,56,0
590,57,0
591,56,0
592,58,0
593,58,0
594,59,0
595,57,0
596,59,0
597,56,0
598,58,0
599,57,0
600,57,0
601,54,0
602,56,0
603,55,0
604,57,0
605,57,0
606,56,0
607,56,0
608,58,0
609,56,0
610,57,0
611,57,0
612,60,0
613,56,0
614,59,0
615,59,0
616,59,0
617,56,0
618,58,0
619,57,0
620,59,0
621,57,0
622,58,0
623,58,0
624,58,0
625,55,0
626,59,0
627,56,0
628,58,0
629,57,0
630,57,0
631,57,0
632,56,0
633,56,0
634,59,0
635,55,0
636,56,0
637,58,0
638,56,0
639,58,0
640,57,0
641,57,0
642,56,0
643,58,0
644,57,0
645,55,0
646,58,0
647,56,0
648,57,0
649,56,0
650,58,0
651,56,0
652,56,0
653,58,0
654,57,0
655,55,0
656,56,0
657,56,0
658,56,0
659,56,0
660,55,0
661,57,0
662,56,0
663,56,0
664,58,0
665,58,0
666,59,0
667,57,0
668,56,0
669,56,0
670,58,0
671,56,0
672,58,0
673,53,0
674,55,0
675,56,0
676,56,0
677,56,0
678,60,0
679,57,0
680,57,0
681,57,0
682,56,0
683,56,0
684,58,0
685,58,0
686,55,0
687,56,0
688,54,0
689,55,0
690,57,0
691,58,0
692,58,0
693,56,0
694,56,0
695,56,0
696,57,0
697,55,0
698,57,0
699,57,0
700,58,0
701,58,0
702,57,0
703,59,0
704,57,0
705,57,0
706,58,0
707,58,0
708,55,0
709,55,0
710,58,0
711,56,0
712,55,0
713,57,0
714,54,0
715,56,0
716,58,0
717,55,0
718,56,0
719,58,0
720,56,0
721,60,0
722,57,0
723,55,0
724,59,0
725,56,0
726,58,0
727,54,0
728,56,0
729,56,0
730,55,0
731,57,0
732,56,0
733,56,0
734,58,0
735,57,0
736,59,0
737,56,0
738,56,0
739,54,0
740,57,0
741,59,0
742,59,0
743,58,0
744,58,0
745,56,0
746,57,0
747,61,0
748,56,0
749,56,0
750,58,0
751,55,0
752,57,0
753,58,0
754,56,0
755,56,0
756,57,0
757,55,0
758,56,0
759,58,0
760,58,0
761,56,0
762,59,0
763,57,0
764,55,0
765,59,0
766,58,0
767,58,0
768,58,0
769,57,0
770,55,0
771,57,0
772,56,0
773,56,0
774,59,0
775,57,0
776,59,0
777,56,0
778,58,0
779,56,0
780,61,0
781,57,0
782,58,0
783,56,0
784,53,0
785,55,0
786,58,0
787,58,0
788,58,0
789,57,0
790,57,0
791,56,0
792,58,0
793,56,0
794,56,0
795,56,0
796,56,0
797,55,0
798,55,0
799,56,0
800,56,0
801,58,0
802,58,0
803,57,0
804,56,0
805,56,0
806,56,0
807,56,0
808,59,0
809,57,0
810,57,0
811,58,0
812,58,0
813,58,0
814,57,0
815,58,0
816,56,0
817,58,0
818,57,0
819,57,0
820,56,0
821,56,0
822,57,0
823,59,0
824,58,0
825,56,0
826,56,0
827,57,0
828,59,0
829,55,0
830,56,0
831,56,0
832,56,0
833,58,0
834,58,0
835,59,0
836,57,0
837,59,0
838,58,0
839,58,0
840,58,0
841,57,0
842,59,0
843,55,0
844,56,0
845,60,0
846,56,0
847,56,0
848,61,0
849,55,0
850,55,0
851,58,0
852,58,0
853,58,0
854,57,0
855,55,0
856,55,0
857,56,0
858,56,0
859,56,0
860,59,0
861,57,0
862,59,0
863,56,0
864,54,0
865,56,0
866,57,0
867,57,0
868,55,0
869,58,0
870,56,0
871,55,0
872,53,0
873,59,0
874,58,0
875,58,0
876,56,0
877,59,0
878,57,0
879,55,0
880,58,0
881,56,0
882,58,0
883,58,0
884,55,0
885,59,0
886,55,0
887,57,0
888,56,0
889,56,0
890,56,0
891,59,0
892,57,0
893,57,0
894,58,0
895,56,0
896,57,0
897,55,0
898,55,0
899,58,0
900,56,0
901,55,0
902,57,0
903,56,0
904,56,0
905,58,0
906,59,0
907,57,0
908,58,0
909,58,0
910,55,0
911,59,0
912,58,0
913,58,0
914,57,0
915,54,0
916,56,0
917,54,0
918,54,0
919,85,0
920,56,0
921,56,0
922,55,0
923,55,0
924,56,0
925,56,0
926,58,0
927,57,0
928,59,0
929,61,0
930,57,0
931,56,0
932,56,0
933,55,0
934,55,0
935,56,0
936,58,0
937,58,0
938,56,0
939,53,0
940,59,0
941,59,0
942,58,0
943,56,0
944,58,0
945,57,0
946,55,0
947,56,0
948,58,0
949,56,0
950,56,0
951,57,0
952,57,0
953,59,0
954,59,0
955,58,0
956,56,0
957,58,0
958,54,0
959,56,0
960,56,0
961,58,0
962,57,0
963,59,0
964,57,0
965,59,0
966,56,0
967,56,0
968,58,0
969,57,0
970,55,0
971,56,0
972,58,0
973,54,0
974,53,0
975,58,0
976,56,0
977,56,0
978,58,0
979,57,0
980,55,0
981,56,0
982,58,0
983,56,0
984,57,0
985,59,0
986,58,0
987,56,0
988,56,0
989,56,0
990,58,0
991,55,0
992,55,0
993,56,0
994,58,0
995,56,0
996,56,0
997,57,0
998,59,0
999,60,0
1000,58,0
1001,57,0
1002,58,0
1003,55,0
1004,59,0
1005,59,0
1006,58,0
1007,56,0
1008,58,0
1009,55,0
1010,59,0
1011,56,0
1012,58,0
1013,58,0
1014,57,0
1015,56,0
1016,56,0
1017,58,0
1018,59,0
1019,53,0
1020,56,0
1021,56,0
1022,56,0
1023,57,0
1024,55,0
1025,59,0
1026,56,0
1027,56,0
1028,55,0
1029,56,0
1030,56,0
1031,58,0
1032,59,0
1033,56,0
1034,58,0
1035,56,0
1036,55,0
1037,55,0
1038,56,0
1039,56,0
1040,55,0
1041,57,0
1042,58,0
1043,58,0
1044,56,0
1045,56,0
1046,57,0
1047,57,0
1048,58,0
1049,56,0
1050,55,0
1051,55,0
1052,56,0
1053,57,0
1054,59,0
1055,56,0
1056,58,0
1057,58,0
1058,59,0
1059,55,0
1060,56,0
1061,58,0
1062,56,0
1063,57,0
1064,56,0
1065,58,0
1066,57,0
1067,59,0
1068,56,0
1069,56,0
1070,56,0
1071,55,0
1072,59,0
1073,56,0
1074,56,0
1075,56,0
1076,56,0
1077,55,0
1078,58,0
1079,58,0
1080,58,0
1081,57,0
1082,53,0
1083,58,0
1084,58,0
1085,56,0
1086,59,0
1087,59,0
1088,56,0
1089,56,0
1090,58,0
1091,57,0
1092,59,0
1093,56,0
1094,58,0
1095,56,0
1096,56,0
1097,53,0
1098,58,0
1099,58,0
1100,58,0
1101,57,0
1102,59,0
1103,56,0
1104,53,0
1105,55,0
1106,56,0
1107,56,0
1108,56,0
1109,56,0
1110,55,0
1111,55,0
1112,56,0
1113,56,0
1114,56,0
1115,55,0
1116,55,0
1117,54,0
1118,58,0
1119,58,0
1120,59,0
1121,56,0
1122,58,0
1123,56,0
1124,59,0
1125,56,0
1126,56,0
1127,58,0
1128,59,0
1129,55,0
1130,58,0
1131,56,0
1132,58,0
1133,55,0
1134,55,0
1135,56,0
1136,58,0
1137,57,0
1138,56,0
1139,58,0
1140,56,0
1141,56,0
1142,57,0
1143,55,0
1144,57,0
1145,58,0
1146,56,0
1147,53,0
1148,57,0
1149,59,0
1150,56,0
1151,56,0
1152,55,0
1153,55,0
1154,56,0
1155,56,0
1156,56,0
1157,58,0
1158,55,0
1159,55,0
1160,56,0
1161,54,0
1162,56,0
1163,55,0
1164,55,0
1165,58,0
1166,58,0
1167,57,0
1168,59,0
1169,58,0
1170,58,0
1171,59,0
1172,59,0
1173,56,0
1174,58,0
1175,57,0
1176,55,0
1177,56,0
1178,58,0
1179,55,0
1180,58,0
1181,56,0
1182,53,0
1183,55,0
1184,54,0
1185,58,0
1186,56,0
1187,57,0
1188,58,0
1189,56,0
1190,57,0
1191,56,0
1192,56,0
1193,56,0
1194,58,0
1195,57,0
1196,55,0
1197,54,0
1198,56,0
1199,58,0
1200,55,0
1201,59,0
1202,57,0
1203,56,0
1204,56,0
1205,56,0
1206,59,0
1207,57,0
1208,54,0
1209,58,0
1210,57,0
1211,57,0
1212,55,0
1213,56,0
1214,54,0
1215,56,0
1216,59,0
1217,57,0
1218,56,0
1219,56,0
1220,58,0
1221,57,0
1222,55,0
1223,56,0
1224,56,0
1225,57,0
1226,57,0
1227,56,0
1228,56,0
1229,56,0
1230,56,0
1231,57,0
1232,55,0
1233,54,0
1234,59,0
1235,57,0
1236,56,0
1237,56,0
1238,59,0
1239,57,0
1240,58,0
1241,58,0
1242,56,0
1243,56,0
1244,55,0
1245,59,0
1246,56,0
1247,58,0
1248,59,0
1249,57,0
1250,57,0
1251,54,0
1252,58,0
1253,57,0
1254,57,0
1255,55,0
1256,56,0
1257,58,0
1258,58,0
1259,55,0
1260,56,0
1261,56,0
1262,57,0
1263,55,0
1264,58,0
1265,58,0
1266,56,0
1267,55,0
1268,57,0
1269,58,0
1270,56,0
1271,56,0
1272,56,0
1273,59,0
1274,55,0
1275,55,0
1276,56,0
1277,56,0
1278,57,0
1279,59,0
1280,58,0
1281,58,0
1282,57,0
1283,57,0
1284,56,0
1285,56,0
1286,58,0
1287,55,0
1288,55,0
1289,56,0
1290,56,0
1291,56,0
1292,56,0
1293,59,0
1294,55,0
1295,56,0
1296,56,0
1297,56,0
1298,55,0
1299,55,0
1300,57,0
1301,58,0
1302,56,0
1303,57,0
1304,55,0
1305,55,0
1306,56,0
1307,56,0
1308,56,0
1309,55,0
1310,57,0
1311,54,0
1312,58,0
1313,54,0
1314,57,0
1315,57,0
1316,55,0
1317,56,0
1318,56,0
1319,56,0
1320,55,0
1321,57,0
1322,56,0
1323,56,0
1324,57,0
1325,54,0
1326,56,0
1327,56,0
1328,57,0
1329,55,0
1330,56,0
1331,56,0
1332,57,0
1333,57,0
1334,56,0
1335,56,0
1336,58,0
1337,55,0
1338,56,0
1339,58,0
1340,57,0
1341,55,0
1342,58,0
1343,58,0
1344,59,0
1345,58,0
1346,56,0
1347,56,0
1348,57,0
1349,55,0
1350,56,0
1351,56,0
1352,55,0
1353,53,0
1354,58,0
1355,58,0
1356,56,0
1357,58,0
1358,57,0
1359,55,0
1360,56,0
1361,58,0
1362,56,0
1363,56,0
1364,57,0
1365,56,0
1366,56,0
1367,58,0
1368,57,0
1369,55,0
1370,58,0
1371,58,0
1372,56,0
1373,57,0
1374,59,0
1375,58,0
1376,57,0
1377,58,0
1378,56,0
1379,58,0
1380,56,0
1381,55,0
1382,57,0
1383,55,0
1384,58,0
1385,56,0
1386,55,0
1387,55,0
1388,55,0
1389,56,0
1390,56,0
1391,56,0
1392,57,0
1393,59,0
1394,58,0
1395,56,0
1396,56,0
1397,55,0
1398,58,0
1399,58,0
1400,55,0
1401,57,0
1402,54,0
1403,56,0
1404,58,0
1405,57,0
1406,59,0
1407,56,0
1408,56,0
1409,57,0
1410,55,0
1411,55,0
1412,56,0
1413,56,0
1414,56,0
1415,59,0
1416,56,0
1417,56,0
1418,56,0
1419,56,0
1420,57,0
1421,58,0
1422,56,0
1423,54,0
1424,57,0
1425,57,0
1426,56,0
1427,56,0
1428,56,0
1429,57,0
1430,57,0
1431,58,0
1432,58,0
1433,55,0
1434,59,0
1435,58,0
1436,54,0
1437,57,0
1438,59,0
1439,58,0
1440,58,0
1441,56,0
1442,57,0
1443,55,0
1444,56,0
1445,54,0
1446,57,0
1447,57,0
1448,54,0
1449,56,0
1450,57,0
1451,58,0
1452,58,0
1453,56,0
1454,57,0
1455,59,0
1456,56,0
1457,58,0
1458,55,0
1459,55,0
1460,56,0
1461,56,0
1462,57,0
1463,57,0
1464,56,0
1465,58,0
1466,60,0
1467,55,0
1468,57,0
1469,56,0
1470,58,0
1471,55,0
1472,57,0
1473,54,0
1474,56,0
1475,56,0
1476,58,0
1477,55,0
1478,59,0
1479,57,0
1480,56,0
1481,56,0
1482,56,0
1483,55,0
1484,55,0
1485,56,0
1486,56,0
1487,59,0
1488,55,0
1489,57,0
1490,58,0
1491,56,0
1492,58,0
1493,57,0
1494,56,0
1495,58,0
1496,56,0
1497,55,0
1498,56,0
1499,56,0
1500,57,0
1501,55,0
1502,58,0
1503,58,0
1504,55,0
1505,57,0
1506,59,0
1507,56,0
1508,56,0
1509,58,0
1510,56,0
1511,57,0
1512,53,0
1513,58,0
1514,56,0
1515,58,0
1516,55,0
1517,59,0
1518,56,0
1519,58,0
1520,56,0
1521,56,0
1522,57,0
1523,59,0
1524,55,0
1525,56,0
1526,58,0
1527,56,0
1528,56,0
1529,56,0
1530,60,0
1531,56,0
1532,55,0
1533,59,0
1534,57,0
1535,56,0
1536,58,0
1537,56,0
1538,59,0
1539,59,0
1540,56,0
1541,54,0
1542,55,0
1543,56,0
1544,56,0
1545,54,0
1546,57,0
1547,55,0
1548,56,0
1549,58,0
1550,56,0
1551,55,0
1552,57,0
1553,56,0
1554,56,0
1555,58,0
1556,59,0
1557,55,0
1558,56,0
1559,58,0
1560,56,0
1561,56,0
1562,55,0
1563,55,0
1564,55,0
1565,56,0
1566,56,0
1567,58,0
1568,57,0
1569,54,0
1570,58,0
1571,59,0
1572,59,0
1573,56,0
1574,56,0
1575,56,0
1576,57,0
1577,57,0
1578,59,0
1579,58,0
1580,58,0
1581,56,0
1582,57,0
1583,56,0
1584,56,0
1585,56,0
1586,56,0
1587,55,0
1588,55,0
1589,56,0
1590,56,0
1591,58,0
1592,57,0
1593,57,0
1594,57,0
1595,60,0
1596,58,0
1597,55,0
1598,57,0
1599,56,0
1600,56,0
1601,58,0
1602,55,0
1603,55,0
1604,56,0
1605,56,0
1606,57,0
1607,58,0
1608,56,0
1609,58,0
1610,59,0
1611,58,0
1612,58,0
1613,57,0
1614,57,0
1615,56,0
1616,56,0
1617,55,0
1618,55,0
1619,57,0
1620,56,0
1621,58,0
1622,58,0
1623,59,0
1624,55,0
1625,56,0
1626,58,0
1627,58,0
1628,59,0
1629,55,0
1630,56,0
1631,56,0
1632,58,0
1633,57,0
1634,57,0
1635,55,0
1636,58,0
1637,56,0
1638,58,0
1639,55,0
1640,53,0
1641,58,0
1642,56,0
1643,55,0
1644,56,0
1645,56,0
1646,57,0
1647,55,0
1648,55,0
1649,58,0
1650,58,0
1651,55,0
1652,56,0
1653,56,0
1654,56,0
1655,55,0
1656,57,0
1657,54,0
1658,56,0
1659,56,0
1660,59,0
1661,55,0
1662,53,0
1663,58,0
1664,56,0
1665,56,0
1666,57,0
1667,59,0
1668,58,0
1669,56,0
1670,53,0
1671,56,0
1672,56,0
1673,56,0
1674,57,0
1675,57,0
1676,55,0
1677,58,0
1678,58,0
1679,56,0
1680,57,0
1681,55,0
1682,57,0
1683,54,0
1684,56,0
1685,56,0
1686,57,0
1687,55,0
1688,57,0
1689,60,0
1690,58,0
1691,58,0
1692,55,0
1693,55,0
1694,58,0
1695,58,0
1696,59,0
1697,55,0
1698,58,0
1699,56,0
1700,56,0
1701,57,0
1702,57,0
1703,54,0
1704,58,0
1705,56,0
1706,56,0
1707,59,0
1708,57,0
1709,55,0
1710,56,0
1711,58,0
1712,59,0
1713,59,0
1714,55,0
1715,56,0
1716,58,0
1717,56,0
1718,55,0
1719,55,0
1720,56,0
1721,56,0
1722,56,0
1723,57,0
1724,57,0
1725,59,0
1726,58,0
1727,60,0
1728,56,0
1729,55,0
1730,55,0
1731,56,0
1732,58,0
1733,56,0
1734,55,0
1735,59,0
1736,56,0
1737,54,0
1738,58,0
1739,56,0
1740,57,0
1741,59,0
1742,58,0
1743,57,0
1744,56,0
1745,56,0
1746,59,0
1747,57,0
1748,56,0
1749,56,0
1750,57,0
1751,54,0
1752,56,0
1753,57,0
1754,59,0
1755,58,0
1756,56,0
1757,59,0
1758,58,0
1759,56,0
1760,59,0
1761,56,0
1762,56,0
1763,55,0
1764,57,0
1765,54,0
1766,55,0
1767,59,0
1768,58,0
1769,56,0
1770,55,0
1771,53,0
1772,54,0
1773,58,0
1774,57,0
1775,59,0
1776,58,0
1777,58,0
1778,56,0
1779,57,0
1780,56,0
1781,56,0
1782,56,0
1783,55,0
1784,57,0
1785,56,0
1786,56,0
1787,58,0
1788,55,0
1789,58,0
1790,56,0
1791,56,0
1792,61,0
1793,55,0
1794,58,0
1795,56,0
1796,58,0
1797,56,0
1798,57,0
1799,56,0
1800,58,0
1801,58,0
1802,55,0
1803,53,0
1804,55,0
1805,56,0
1806,56,0
1807,58,0
1808,56,0
1809,57,0
1810,59,0
1811,57,0
1812,56,0
1813,56,0
1814,58,0
1815,55,0
1816,55,0
1817,58,0
1818,56,0
1819,56,0
1820,57,0
1821,55,0
1822,57,0
1823,56,0
1824,58,0
1825,58,0
1826,59,0
1827,55,0
1828,58,0
1829,59,0
1830,55,0
1831,54,0
1832,56,0
1833,58,0
1834,57,0
1835,54,0
1836,56,0
1837,58,0
1838,57,0
1839,55,0
1840,56,0
1841,58,0
1842,58,0
1843,56,0
1844,57,0
1845,55,0
1846,57,0
1847,58,0
1848,56,0
1849,56,0
1850,59,0
1851,58,0
1852,58,0
1853,58,0
1854,55,0
1855,59,0
1856,59,0
1857,58,0
1858,56,0
1859,59,0
1860,55,0
1861,55,0
1862,56,0
1863,58,0
1864,57,0
1865,57,0
1866,56,0
1867,56,0
1868,57,0
1869,59,0
1870,58,0
1871,58,0
1872,55,0
1873,59,0
1874,57,0
1875,56,0
1876,56,0
1877,56,0
1878,56,0
1879,55,0
1880,56,0
1881,56,0
1882,58,0
1883,55,0
1884,53,0
1885,60,0
1886,56,0
1887,56,0
1888,57,0
1889,57,0
1890,56,0
1891,56,0
1892,56,0
1893,56,0
1894,57,0
1895,54,0
1896,56,0
1897,56,0
1898,56,0
1899,57,0
1900,56,0
1901,58,0
1902,58,0
1903,59,0
1904,57,0
1905,56,0
1906,56,0
1907,56,0
1908,57,0
1909,56,0
1910,53,0
1911,55,0
1912,56,0
1913,58,0
1914,59,0
1915,57,0
1916,56,0
1917,56,0
1918,56,0
1919,57,0
1920,59,0
1921,56,0
1922,56,0
1923,57,0
1924,57,0
1925,54,0
1926,56,0
1927,57,0
1928,59,0
1929,58,0
1930,58,0
1931,56,0
1932,57,0
1933,58,0
1934,56,0
1935,56,0
1936,56,0
1937,57,0
1938,57,0
1939,56,0
1940,58,0
1941,57,0
1942,59,0
1943,61,0
1944,58,0
1945,56,0
1946,56,0
1947,57,0
1948,55,0
1949,58,0
1950,58,0
1951,54,0
1952,56,0
1953,57,0
1954,55,0
1955,56,0
1956,56,0
1957,58,0
1958,55,0
1959,57,0
1960,56,0
1961,56,0
1962,58,0
1963,55,0
1964,59,0
1965,56,0
1966,58,0
1967,56,0
1968,61,0
1969,56,0
1970,58,0
1971,56,0
1972,57,0
1973,59,0
1974,55,0
1975,56,0
1976,56,0
1977,53,0
1978,55,0
1979,56,0
1980,58,0
1981,56,0
1982,55,0
1983,57,0
1984,58,0
1985,56,0
1986,55,0
1987,55,0
1988,56,0
1989,56,0
1990,56,0
1991,57,0
1992,55,0
1993,55,0
1994,56,0
1995,58,0
1996,55,0
1997,55,0
1998,56,0
1999,58,0
2000,57,0
2001,56,0
2002,56,0
2003,56,0
2004,55,0
2005,56,0
2006,58,0
2007,55,0
2008,55,0
2009,58,0
2010,56,0
2011,55,0
2012,57,0
2013,56,0
2014,58,0
2015,56,0
2016,55,0
2017,54,0
2018,56,0
2019,58,0
2020,56,0
2021,55,0
2022,59,0
2023,55,0
2024,56,0
2025,56,0
2026,56,0
2027,59,0
2028,56,0
2029,58,0
2030,56,0
2031,57,0
2032,55,0
2033,57,0
2034,56,0
2035,56,0
2036,56,0
2037,57,0
2038,61,0
2039,56,0
2040,55,0
2041,55,0
2042,58,0
2043,56,0
2044,59,0
2045,57,0
2046,55,0
2047,56,0
2048,58,0
2049,58,0
2050,59,0
2051,57,0
2052,56,0
2053,56,0
2054,60,0
2055,53,0
2056,58,0
2057,56,0
2058,55,0
2059,56,0
2060,56,0
2061,57,0
2062,59,0
2063,59,0
2064,56,0
2065,56,0
2066,56,0
2067,55,0
2068,55,0
2069,60,0
2070,58,0
2071,58,0
2072,59,0
2073,55,0
2074,56,0
2075,56,0
2076,56,0
2077,57,0
2078,55,0
2079,58,0
2080,56,0
2081,57,0
2082,56,0
2083,56,0
2084,56,0
2085,59,0
2086,55,0
2087,56,0
2088,56,0
2089,55,0
2090,57,0
2091,56,0
2092,56,0
2093,57,0
2094,56,0
2095,56,0
2096,58,0
2097,55,0
2098,57,0
2099,58,0
2100,58,0
2101,56,0
2102,57,0
2103,59,0
2104,58,0
2105,58,0
2106,56,0
2107,57,0
2108,57,0
2109,57,0
2110,56,0
2111,56,0
2112,58,0
2113,57,0
2114,57,0
2115,58,0
2116,58,0
2117,56,0
2118,57,0
2119,57,0
2120,58,0
2121,56,0
2122,56,0
2123,57,0
2124,55,0
2125,57,0
2126,58,0
2127,56,0
2128,59,0
2129,57,0
2130,58,0
2131,56,0
2132,58,0
2133,55,0
2134,59,0
2135,58,0
2136,56,0
2137,56,0
2138,61,0
2139,57,0
2140,55,0
2141,56,0
2142,56,0
2143,56,0
2144,57,0
2145,55,0
2146,58,0
2147,56,0
2148,56,0
2149,57,0
2150,54,0
2151,58,0
2152,56,0
2153,55,0
2154,57,0
2155,59,0
2156,54,0
2157,56,0
2158,55,0
2159,53,0
2160,56,0
2161,56,0
2162,56,0
2163,56,0
2164,55,0
2165,58,0
2166,56,0
2167,55,0
2168,55,0
2169,58,0
2170,59,0
2171,59,0
2172,58,0
2173,56,0
2174,55,0
2175,56,0
2176,56,0
2177,58,0
2178,57,0
2179,57,0
2180,56,0
2181,56,0
2182,56,0
2183,55,0
2184,53,0
2185,58,0
2186,58,0
2187,56,0
2188,57,0
2189,57,0
2190,56,0
2191,58,0
2192,58,0
2193,56,0
2194,55,0
2195,59,0
2196,55,0
2197,56,0
2198,58,0
2199,59,0
2200,55,0
2201,58,0
2202,56,0
2203,56,0
2204,55,0
2205,57,0
2206,56,0
2207,56,0
2208,56,0
2209,56,0
2210,57,0
2211,59,0
2212,56,0
2213,56,0
2214,57,0
2215,59,0
2216,54,0
2217,58,0
2218,57,0
2219,55,0
2220,55,0
2221,56,0
2222,56,0
2223,55,0
2224,55,0
2225,56,0
2226,56,0
2227,56,0
2228,56,0
2229,55,0
2230,53,0
2231,57,0
2232,58,0
2233,58,0
2234,59,0
2235,57,0
2236,56,0
2237,56,0
2238,57,0
2239,55,0
2240,55,0
2241,56,0
2242,58,0
2243,57,0
2244,59,0
2245,56,0
2246,54,0
2247,56,0
2248,59,0
2249,56,0
2250,56,0
2251,58,0
2252,59,0
2253,57,0
2254,55,0
2255,56,0
2256,56,0
2257,56,0
2258,53,0
2259,57,0
2260,56,0
2261,56,0
2262,55,0
2263,57,0
2264,56,0
2265,58,0
2266,56,0
2267,55,0
2268,57,0
2269,58,0
2270,58,0
2271,59,0
2272,55,0
2273,56,0
2274,56,0
2275,59,0
2276,55,0
2277,55,0
2278,56,0
2279,58,0
2280,56,0
2281,57,0
2282,55,0
2283,58,0
2284,58,0
2285,57,0
2286,57,0
2287,58,0
2288,56,0
2289,58,0
2290,59,0
2291,59,0
2292,56,0
2293,56,0
2294,57,0
2295,57,0
2296,58,0
2297,58,0
2298,55,0
2299,57,0
2300,60,0
2301,56,0
2302,56,0
2303,57,0
2304,57,0
2305,56,0
2306,54,0
2307,57,0
2308,58,0
2309,56,0
2310,58,0
2311,57,0
2312,57,0
2313,56,0
2314,56,0
2315,58,0
2316,59,0
2317,55,0
2318,57,0
2319,56,0
2320,58,0
2321,58,0
2322,57,0
2323,57,0
2324,58,0
2325,56,0
2326,57,0
2327,55,0
2328,58,0
2329,58,0
2330,58,0
2331,56,0
2332,57,0
2333,53,0
2334,60,0
2335,56,0
2336,56,0
2337,59,0
2338,55,0
2339,55,0
2340,56,0
2341,56,0
2342,56,0
2343,59,0
2344,56,0
2345,56,0
2346,58,0
2347,56,0
2348,59,0
2349,59,0
2350,56,0
2351,56,0
2352,53,0
2353,56,0
2354,56,0
2355,57,0
2356,59,0
2357,56,0
2358,56,0
2359,56,0
2360,59,0
2361,58,0
2362,58,0
2363,58,0
2364,55,0
2365,61,0
2366,58,0
2367,56,0
2368,57,0
2369,55,0
2370,56,0
2371,56,0
2372,58,0
2373,55,0
2374,54,0
2375,56,0
2376,56,0
2377,57,0
2378,55,0
2379,56,0
2380,56,0
2381,55,0
2382,55,0
2383,58,0
2384,54,0
2385,55,0
2386,55,0
2387,57,0
2388,56,0
2389,56,0
2390,57,0
2391,57,0
2392,59,0
2393,56,0
2394,58,0
2395,56,0
2396,57,0
2397,56,0
2398,58,0
2399,56,0
2400,56,0
2401,57,0
2402,57,0
2403,54,0
2404,56,0
2405,58,0
2406,58,0
2407,58,0
2408,59,0
2409,55,0
2410,55,0
2411,56,0
2412,56,0
2413,58,0
2414,56,0
2415,57,0
2416,57,0
2417,56,0
2418,58,0
2419,57,0
2420,59,0
2421,58,0
2422,58,0
2423,58,0
2424,55,0
2425,55,0
2426,58,0
2427,56,0
2428,57,0
2429,55,0
2430,56,0
2431,56,0
2432,56,0
2433,57,0
2434,57,0
2435,56,0
2436,58,0
2437,56,0
2438,59,0
2439,55,0
2440,57,0
2441,60,0
2442,54,0
2443,56,0
2444,61,0
2445,56,0
2446,58,0
2447,58,0
2448,58,0
2449,57,0
2450,59,0
2451,56,0
2452,58,0
2453,57,0
2454,57,0
2455,58,0
2456,56,0
2457,56,0
2458,53,0
2459,57,0
2460,58,0
2461,56,0
2462,56,0
2463,55,0
2464,56,0
2465,58,0
2466,58,0
2467,58,0
2468,59,0
2469,57,0
2470,58,0
2471,58,0
2472,58,0
2473,55,0
2474,55,0
2475,55,0
2476,56,0
2477,56,0
2478,56,0
2479,57,0
2480,59,0
2481,56,0
2482,58,0
2483,57,0
2484,56,0
2485,58,0
2486,56,0
2487,57,0
2488,57,0
2489,55,0
2490,56,0
2491,56,0
2492,59,0
2493,55,0
2494,58,0
2495,56,0
2496,54,0
2497,57,0
2498,57,0
2499,58,0
2500,58,0
2501,57,0
2502,59,0
2503,56,0
2504,59,0
2505,55,0
2506,56,0
2507,56,0
2508,58,0
2509,57,0
2510,59,0
2511,57,0
2512,56,0
2513,54,0
2514,56,0
2515,59,0
2516,58,0
2517,58,0
2518,58,0
2519,59,0
2520,61,0
2521,56,0
2522,56,0
2523,55,0
2524,55,0
2525,55,0
2526,56,0
2527,56,0
2528,55,0
2529,55,0
2530,56,0
2531,58,0
2532,56,0
2533,56,0
2534,55,0
2535,55,0
2536,58,0
2537,58,0
2538,58,0
2539,55,0
2540,55,0
2541,53,0
2542,56,0
2543,60,0
2544,56,0
2545,58,0
2546,57,0
2547,55,0
2548,56,0
2549,56,0
2550,56,0
2551,59,0
2552,56,0
2553,58,0
2554,57,0
2555,59,0
2556,56,0
2557,56,0
2558,56,0
2559,57,0
2560,57,0
2561,56,0
2562,56,0
2563,58,0
2564,58,0
2565,56,0
2566,56,0
2567,56,0
2568,55,0
2569,55,0
2570,56,0
2571,56,0
2572,57,0
2573,55,0
2574,54,0
2575,56,0
2576,57,0
2577,59,0
2578,58,0
2579,56,0
2580,55,0
2581,55,0
2582,56,0
2583,58,0
2584,55,0
2585,56,0
2586,58,0
2587,54,0
2588,55,0
2589,53,0
2590,54,0
2591,54,0
2592,55,0
2593,56,0
2594,58,0
2595,59,0
2596,57,0
2597,57,0
2598,58,0
2599,54,0
2600,56,0
2601,57,0
2602,55,0
2603,56,0
2604,56,0
2605,58,0
2606,57,0
2607,53,0
2608,58,0
2609,56,0
2610,56,0
2611,57,0
2612,55,0
2613,58,0
2614,58,0
2615,55,0
2616,59,0
2617,56,0
2618,56,0
2619,59,0
2620,54,0
2621,58,0
2622,56,0
2623,57,0
2624,55,0
2625,58,0
2626,58,0
2627,56,0
2628,57,0
2629,57,0
2630,58,0
2631,56,0
2632,57,0
2633,55,0
2634,58,0
2635,56,0
2636,56,0
2637,55,0
2638,55,0
2639,58,0
2640,58,0
2641,57,0
2642,58,0
2643,56,0
2644,56,0
2645,55,0
2646,57,0
2647,58,0
2648,58,0
2649,57,0
2650,59,0
2651,55,0
2652,56,0
2653,56,0
2654,57,0
2655,59,0
2656,60,0
2657,56,0
2658,58,0
2659,55,0
2660,57,0
2661,56,0
2662,56,0
2663,57,0
2664,57,0
2665,56,0
2666,58,0
2667,54,0
2668,57,0
2669,55,0
2670,59,0
2671,56,0
2672,56,0
2673,58,0
2674,57,0
2675,56,0
2676,56,0
2677,58,0
2678,57,0
2679,57,0
2680,55,0
2681,58,0
2682,56,0
2683,56,0
2684,55,0
2685,55,0
2686,58,0
2687,58,0
2688,58,0
2689,56,0
2690,57,0
2691,57,0
2692,58,0
2693,56,0
2694,56,0
2695,59,0
2696,57,0
2697,55,0
2698,58,0
2699,56,0
2700,58,0
2701,57,0
2702,59,0
2703,56,0
2704,56,0
2705,53,0
2706,55,0
2707,56,0
2708,56,0
2709,57,0
2710,55,0
2711,56,0
2712,58,0
2713,56,0
2714,57,0
2715,59,0
2716,56,0
2717,56,0
2718,56,0
2719,56,0
2720,59,0
2721,55,0
2722,57,0
2723,55,0
2724,56,0
2725,58,0
2726,56,0
2727,55,0
2728,59,0
2729,56,0
2730,56,0
2731,56,0
2732,57,0
2733,56,0
2734,60,0
2735,55,0
2736,57,0
2737,56,0
2738,56,0
2739,56,0
2740,57,0
2741,56,0
2742,58,0
2743,56,0
2744,55,0
2745,59,0
2746,54,0
2747,56,0
2748,58,0
2749,57,0
2750,55,0
2751,55,0
2752,56,0
2753,55,0
2754,55,0
2755,58,0
2756,54,0
2757,56,0
2758,53,0
2759,56,0
2760,56,0
2761,58,0
2762,55,0
2763,57,0
2764,58,0
2765,58,0
2766,58,0
2767,58,0
2768,55,0
2769,55,0
2770,56,0
2771,58,0
2772,57,0
2773,55,0
2774,56,0
2775,60,0
2776,58,0
2777,58,0
2778,57,0
2779,57,0
2780,56,0
2781,56,0
2782,57,0
2783,57,0
2784,58,0
2785,56,0
2786,56,0
2787,57,0
2788,55,0
2789,56,0
2790,58,0
2791,59,0
2792,55,0
2793,57,0
2794,58,0
2795,56,0
2796,53,0
2797,59,0
2798,56,0
2799,56,0
2800,58,0
2801,55,0
2802,59,0
2803,56,0
2804,56,0
2805,57,0
2806,59,0
2807,58,0
2808,58,0
2809,56,0
2810,57,0
2811,59,0
2812,57,0
2813,58,0
2814,54,0
2815,55,0
2816,55,0
2817,56,0
2818,58,0
2819,54,0
2820,57,0
2821,57,0
2822,55,0
2823,56,0
2824,60,0
2825,55,0
2826,56,0
2827,56,0
2828,58,0
2829,57,0
2830,57,0
2831,58,0
2832,56,0
2833,58,0
2834,57,0
2835,57,0
2836,56,0
2837,58,0
2838,58,0
2839,59,0
2840,57,0
2841,54,0
2842,56,0
2843,59,0
2844,57,0
2845,57,0
2846,56,0
2847,57,0
2848,55,0
2849,58,0
2850,56,0
2851,58,0
2852,58,0
2853,59,0
2854,57,0
2855,56,0
2856,58,0
2857,56,0
2858,53,0
2859,54,0
2860,58,0
2861,58,0
2862,59,0
2863,55,0
2864,58,0
2865,58,0
2866,57,0
2867,55,0
2868,56,0
2869,56,0
2870,56,0
2871,56,0
2872,57,0
2873,55,0
2874,57,0
2875,56,0
2876,58,0
2877,56,0
2878,57,0
2879,57,0
2880,58,0
2881,56,0
2882,55,0
2883,55,0
2884,56,0
2885,56,0
2886,59,0
2887,57,0
2888,58,0
2889,58,0
2890,58,0
2891,55,0
2892,57,0
2893,54,0
2894,56,0
2895,58,0
2896,57,0
2897,53,0
2898,56,0
2899,58,0
2900,56,0
2901,56,0
2902,53,0
2903,57,0
2904,56,0
2905,58,0
2906,54,0
2907,56,0
2908,57,0
2909,55,0
2910,57,0
2911,56,0
2912,56,0
2913,53,0
2914,59,0
2915,56,0
2916,58,0
2917,55,0
2918,55,0
2919,56,0
2920,56,0
2921,57,0
2922,55,0
2923,56,0
2924,56,0
2925,57,0
2926,55,0
2927,56,0
2928,58,0
2929,57,0
2930,53,0
2931,57,0
2932,54,0
2933,58,0
2934,57,0
2935,57,0
2936,56,0
2937,58,0
2938,58,0
2939,53,0
2940,56,0
2941,58,0
2942,58,0
2943,57,0
2944,55,0
2945,57,0
2946,56,0
2947,56,0
2948,57,0
2949,55,0
2950,56,0
2951,58,0
2952,58,0
2953,55,0
2954,55,0
2955,56,0
2956,56,0
2957,59,0
2958,59,0
2959,59,0
2960,58,0
2961,56,0
2962,59,0
2963,61,0
2964,56,0
2965,58,0
2966,54,0
2967,58,0
2968,55,0
2969,58,0
2970,54,0
2971,56,0
2972,59,0
2973,55,0
2974,57,0
2975,56,0
2976,54,0
2977,55,0
2978,58,0
2979,56,0
2980,57,0
2981,59,0
2982,58,0
2983,56,0
2984,59,0
2985,55,0
2986,56,0
2987,56,0
2988,57,0
2989,55,0
2990,58,0
2991,56,0
2992,56,0
2993,57,0
2994,54,0
2995,58,0
2996,56,0
2997,57,0
2998,57,0
2999,59,0
3000,56,0
3001,58,0
3002,55,0
3003,55,0
3004,56,0
3005,54,0
3006,58,0
3007,57,0
3008,58,0
3009,56,0
3010,57,0
3011,54,0
3012,56,0
3013,58,0
3014,57,0
3015,57,0
3016,56,0
3017,57,0
3018,59,0
3019,56,0
3020,58,0
3021,56,0
3022,56,0
3023,55,0
3024,53,0
3025,58,0
3026,56,0
3027,55,0
3028,57,0
3029,57,0
3030,56,0
3031,56,0
3032,55,0
3033,57,0
3034,56,0
3035,56,0
3036,55,0
3037,57,0
3038,58,0
3039,56,0
3040,58,0
3041,57,0
3042,57,0
3043,55,0
3044,58,0
3045,58,0
3046,57,0
3047,55,0
3048,56,0
3049,58,0
3050,58,0
3051,56,0
3052,57,0
3053,56,0
3054,58,0
3055,56,0
3056,57,0
3057,55,0
3058,56,0
3059,58,0
3060,58,0
3061,55,0
3062,55,0
3063,54,0
3064,58,0
3065,56,0
3066,55,0
3067,57,0
3068,54,0
3069,58,0
3070,58,0
3071,57,0
3072,55,0
3073,56,0
3074,56,0
3075,58,0
3076,57,0
3077,57,0
3078,59,0
3079,56,0
3080,58,0
3081,57,0
3082,53,0
3083,57,0
3084,56,0
3085,54,0
3086,58,0
3087,59,0
3088,57,0
3089,55,0
3090,56,0
3091,56,0
3092,56,0
3093,59,0
3094,55,0
3095,58,0
3096,58,0
3097,55,0
3098,57,0
3099,58,0
3100,56,0
3101,56,0
3102,56,0
3103,55,0
3104,56,0
3105,58,0
3106,58,0
3107,57,0
3108,55,0
3109,58,0
3110,54,0
3111,56,0
3112,55,0
3113,55,0
3114,57,0
3115,58,0
3116,54,0
3117,58,0
3118,55,0
3119,59,0
3120,55,0
3121,56,0
3122,56,0
3123,55,0
3124,57,0
3125,56,0
3126,56,0
3127,59,0
3128,56,0
3129,56,0
3130,58,0
3131,55,0
3132,56,0
3133,56,0
3134,56,0
3135,57,0
3136,55,0
3137,56,0
3138,56,0
3139,58,0
3140,55,0
3141,58,0
3142,58,0
3143,56,0
3144,58,0
3145,57,0
3146,56,0
3147,56,0
3148,55,0
3149,55,0
3150,55,0
3151,58,0
3152,58,0
3153,59,0
3154,55,0
3155,57,0
3156,56,0
3157,58,0
3158,59,0
3159,55,0
3160,58,0
3161,56,0
3162,58,0
3163,56,0
3164,55,0
3165,57,0
3166,56,0
3167,56,0
3168,58,0
3169,55,0
3170,56,0
3171,58,0
3172,57,0
3173,57,0
3174,56,0
3175,56,0
3176,57,0
3177,55,0
3178,59,0
3179,58,0
3180,58,0
3181,58,0
3182,57,0
3183,57,0
3184,58,0
3185,56,0
3186,56,0
3187,57,0
3188,57,0
3189,56,0
3190,56,0
3191,56,0
3192,57,0
3193,57,0
3194,57,0
3195,58,0
3196,57,0
3197,57,0
3198,57,0
3199,60,0
3200,56,0
3201,57,0
3202,57,0
3203,56,0
3204,56,0
3205,56,0
3206,55,0
3207,55,0
3208,56,0
3209,56,0
3210,56,0
3211,59,0
3212,57,0
3213,54,0
3214,58,0
3215,58,0
3216,57,0
3217,57,0
3218,57,0
3219,56,0
3220,56,0
3221,58,0
3222,57,0
3223,59,0
3224,56,0
3225,56,0
3226,58,0
3227,59,0
3228,54,0
3229,56,0
3230,56,0
3231,59,0
3232,56,0
3233,56,0
3234,58,0
3235,56,0
3236,57,0
3237,55,0
3238,56,0
3239,56,0
3240,53,0
3241,53,0
3242,58,0
3243,56,0
3244,56,0
3245,55,0
3246,57,0
3247,54,0
3248,58,0
3249,56,0
3250,57,0
3251,59,0
3252,58,0
3253,54,0
3254,56,0
3255,60,0
3256,57,0
3257,59,0
3258,57,0
3259,58,0
3260,56,0
3261,58,0
3262,55,0
3263,57,0
3264,58,0
3265,56,0
3266,57,0
3267,55,0
3268,56,0
3269,58,0
3270,55,0
3271,56,0
3272,56,0
3273,55,0
3274,58,0
3275,54,0
3276,58,0
3277,55,0
3278,53,0
3279,58,0
3280,56,0
3281,57,0
3282,57,0
3283,56,0
3284,54,0
3285,56,0
3286,55,0
3287,57,0
3288,56,0
3289,58,0
3290,58,0
3291,56,0
3292,56,0
3293,55,0
3294,55,0
3295,58,0
3296,56,0
3297,56,0
3298,57,0
3299,57,0
3300,55,0
3301,58,0
3302,58,0
3303,54,0
3304,56,0
3305,58,0
3306,58,0
3307,59,0
3308,55,0
3309,56,0
3310,54,0
3311,56,0
3312,55,0
3313,55,0
3314,56,0
3315,56,0
3316,58,0
3317,55,0
3318,55,0
3319,56,0
3320,54,0
3321,57,0
3322,58,0
3323,56,0
3324,55,0
3325,55,0
3326,56,0
3327,58,0
3328,58,0
3329,56,0
3330,59,0
3331,56,0
3332,56,0
3333,54,0
3334,57,0
3335,55,0
3336,56,0
3337,56,0
3338,56,0
3339,55,0
3340,59,0
3341,56,0
3342,56,0
3343,58,0
3344,57,0
3345,56,0
3346,56,0
3347,56,0
3348,55,0
3349,57,0
3350,56,0
3351,56,0
3352,56,0
3353,57,0
3354,57,0
3355,56,0
3356,56,0
3357,57,0
3358,56,0
3359,56,0
3360,56,0
3361,57,0
3362,57,0
3363,56,0
3364,58,0
3365,57,0
3366,57,0
3367,58,0
3368,56,0
3369,56,0
3370,57,0
3371,58,0
3372,56,0
3373,57,0
3374,57,0
3375,54,0
3376,56,0
3377,56,0
3378,59,0
3379,57,0
3380,57,0
3381,58,0
3382,56,0
3383,57,0
3384,55,0
3385,57,0
3386,54,0
3387,55,0
3388,57,0
3389,56,0
3390,58,0
3391,58,0
3392,55,0
3393,55,0
3394,56,0
3395,58,0
3396,55,0
3397,55,0
3398,56,0
3399,58,0
3400,56,0
3401,57,0
3402,57,0
3403,56,0
3404,56,0
3405,57,0
3406,58,0
3407,56,0
3408,57,0
3409,59,0
3410,58,0
3411,56,0
3412,57,0
3413,58,0
3414,56,0
3415,59,0
3416,57,0
3417,56,0
3418,56,0
3419,56,0
3420,57,0
3421,57,0
3422,58,0
3423,56,0
3424,58,0
3425,55,0
3426,55,0
3427,59,0
3428,56,0
3429,58,0
3430,58,0
3431,59,0
3432,59,0
3433,55,0
3434,58,0
3435,56,0
3436,55,0
3437,55,0
3438,58,0
3439,56,0
3440,56,0
3441,57,0
3442,59,0
3443,55,0
3444,56,0
3445,56,0
3446,58,0
3447,56,0
3448,57,0
3449,59,0
3450,56,0
3451,58,0
3452,58,0
3453,56,0
3454,59,0
3455,55,0
3456,56,0
3457,56,0
3458,56,0
3459,55,0
3460,57,0
3461,56,0
3462,58,0
3463,56,0
3464,57,0
3465,57,0
3466,56,0
3467,55,0
3468,59,0
3469,58,0
3470,58,0
3471,58,0
3472,53,0
3473,59,0
3474,57,0
3475,56,0
3476,58,0
3477,57,0
3478,59,0
3479,56,0
3480,58,0
3481,56,0
3482,59,0
3483,59,0
3484,58,0
3485,58,0
3486,58,0
3487,53,0
3488,55,0
3489,56,0
3490,58,0
3491,55,0
3492,55,0
3493,56,0
3494,56,0
3495,56,0
3496,59,0
3497,56,0
3498,56,0
3499,58,0
3500,58,0
3501,59,0
3502,55,0
3503,56,0
3504,56,0
3505,61,0
3506,55,0
3507,56,0
3508,56,0
3509,58,0
3510,57,0
3511,57,0
3512,58,0
3513,58,0
3514,56,0
3515,59,0
3516,57,0
3517,58,0
3518,56,0
3519,58,0
3520,57,0
3521,56,0
3522,56,0
3523,60,0
3524,57,0
3525,55,0
3526,57,0
3527,56,0
3528,56,0
3529,56,0
3530,56,0
3531,57,0
3532,55,0
3533,56,0
3534,56,0
3535,55,0
3536,55,0
3537,56,0
3538,56,0
3539,56,0
3540,57,0
3541,57,0
3542,58,0
3543,56,0
3544,57,0
3545,59,0
3546,56,0
3547,56,0
3548,58,0
3549,57,0
3550,57,0
3551,56,0
3552,56,0
3553,57,0
3554,57,0
3555,56,0
3556,56,0
3557,58,0
3558,57,0
3559,57,0
3560,56,0
3561,58,0
3562,56,0
3563,56,0
3564,57,0
3565,57,0
3566,57,0
3567,56,0
3568,58,0
3569,59,0
3570,55,0
3571,56,0
3572,58,0
3573,58,0
3574,58,0
3575,57,0
3576,56,0
3577,56,0
3578,58,0
3579,59,0
3580,55,0
3581,55,0
3582,58,0
3583,58,0
3584,55,0
3585,59,0
3586,57,0
3587,56,0
3588,56,0
3589,57,0
3590,55,0
3591,55,0
3592,55,0
3593,55,0
3594,56,0
3595,58,0
3596,57,0
3597,59,0
3598,59,0
3599,56,0
3600,54,0
3601,61,0
3602,58,0
3603,56,0
3604,54,0
3605,58,0
3606,53,0
3607,56,0
3608,56,0
3609,55,0
3610,55,0
3611,56,0
3612,56,0
3613,58,0
3614,57,0
3615,59,0
3616,56,0
3617,56,0
3618,56,0
3619,57,0
3620,53,0
3621,56,0
3622,58,0
3623,58,0
3624,59,0
3625,59,0
3626,55,0
3627,56,0
3628,56,0
3629,57,0
3630,56,0
3631,58,0
3632,58,0
3633,56,0
3634,57,0
3635,56,0
3636,56,0
3637,55,0
3638,57,0
3639,56,0
3640,58,0
3641,56,0
3642,59,0
3643,58,0
3644,56,0
3645,58,0
3646,58,0
3647,55,0
3648,59,0
3649,55,0
3650,56,0
3651,58,0
3652,56,0
3653,57,0
3654,57,0
3655,55,0
3656,56,0
3657,58,0
3658,56,0
3659,57,0
3660,59,0
3661,58,0
3662,56,0
3663,55,0
3664,61,0
3665,56,0
3666,58,0
3667,59,0
3668,59,0
3669,58,0
3670,58,0
3671,56,0
3672,55,0
3673,55,0
3674,58,0
3675,58,0
3676,55,0
3677,57,0
3678,57,0
3679,58,0
3680,56,0
3681,58,0
3682,55,0
3683,57,0
3684,56,0
3685,59,0
3686,55,0
3687,58,0
3688,56,0
3689,58,0
3690,57,0
3691,56,0
3692,56,0
3693,56,0
3694,57,0
3695,55,0
3696,56,0
3697,56,0
3698,58,0
3699,57,0
3700,55,0
3701,54,0
3702,56,0
3703,56,0
3704,57,0
3705,55,0
3706,56,0
3707,56,0
3708,55,0
3709,59,0
3710,56,0
3711,56,0
3712,57,0
3713,59,0
3714,56,0
3715,56,0
3716,57,0
3717,55,0
3718,54,0
3719,56,0
3720,56,0
3721,55,0
3722,56,0
3723,56,0
3724,55,0
3725,55,0
3726,56,0
3727,56,0
3728,59,0
3729,59,0
3730,57,0
3731,58,0
3732,56,0
3733,58,0
3734,59,0
3735,56,0
3736,58,0
3737,56,0
3738,56,0
3739,57,0
3740,57,0
3741,56,0
3742,56,0
3743,59,0
3744,57,0
3745,56,0
3746,56,0
3747,54,0
3748,57,0
3749,57,0
3750,56,0
3751,56,0
3752,56,0
3753,59,0
3754,56,0
3755,56,0
3756,58,0
3757,57,0
3758,55,0
3759,56,0
3760,56,0
3761,57,0
3762,55,0
3763,56,0
3764,58,0
3765,56,0
3766,57,0
3767,59,0
3768,54,0
3769,56,0
3770,58,0
3771,57,0
3772,56,0
3773,54,0
3774,56,0
3775,59,0
3776,59,0
3777,56,0
3778,58,0
3779,56,0
3780,57,0
3781,55,0
3782,57,0
3783,56,0
3784,58,0
3785,58,0
3786,55,0
3787,55,0
3788,58,0
3789,60,0
3790,55,0
3791,55,0
3792,56,0
3793,56,0
3794,56,0
3795,57,0
3796,55,0
3797,56,0
3798,58,0
3799,56,0
3800,55,0
3801,56,0
3802,56,0
3803,58,0
3804,59,0
3805,56,0
3806,56,0
3807,58,0
3808,56,0
3809,57,0
3810,57,0
3811,57,0
3812,58,0
3813,56,0
3814,58,0
3815,59,0
3816,55,0
3817,57,0
3818,54,0
3819,58,0
3820,56,0
3821,55,0
3822,58,0
3823,58,0
3824,56,0
3825,56,0
3826,57,0
3827,59,0
3828,57,0
3829,56,0
3830,58,0
3831,56,0
3832,57,0
3833,57,0
3834,59,0
3835,56,0
3836,56,0
3837,55,0
3838,55,0
3839,57,0
3840,56,0
3841,55,0
3842,55,0
3843,55,0
3844,56,0
3845,56,0
3846,56,0
3847,56,0
3848,53,0
3849,58,0
3850,56,0
3851,56,0
3852,59,0
3853,59,0
3854,59,0
3855,56,0
3856,56,0
3857,59,0
3858,55,0
3859,55,0
3860,55,0
3861,58,0
3862,56,0
3863,56,0
3864,59,0
3865,55,0
3866,57,0
3867,56,0
3868,56,0
3869,56,0
3870,56,0
3871,57,0
3872,58,0
3873,56,0
3874,56,0
3875,55,0
3876,57,0
3877,58,0
3878,56,0
3879,59,0
3880,57,0
3881,55,0
3882,58,0
3883,58,0
3884,56,0
3885,55,0
3886,58,0
3887,56,0
3888,58,0
3889,59,0
3890,57,0
3891,58,0
3892,58,0
3893,59,0
3894,57,0
3895,58,0
3896,56,0
3897,55,0
3898,59,0
3899,56,0
3900,56,0
3901,58,0
3902,57,0
3903,57,0
3904,58,0
3905,58,0
3906,57,0
3907,57,0
3908,56,0
3909,58,0
3910,54,0
3911,55,0
3912,55,0
3913,58,0
3914,56,0
3915,56,0
3916,57,0
3917,57,0
3918,53,0
3919,56,0
3920,56,0
3921,56,0
3922,59,0
3923,59,0
3924,56,0
3925,54,0
3926,58,0
3927,57,0
3928,57,0
3929,58,0
3930,56,0
3931,57,0
3932,57,0
3933,59,0
3934,58,0
3935,56,0
3936,58,0
3937,56,0
3938,59,0
3939,55,0
3940,58,0
3941,56,0
3942,56,0
3943,57,0
3944,57,0
3945,56,0
3946,58,0
3947,57,0
3948,55,0
3949,56,0
3950,58,0
3951,55,0
3952,55,0
3953,56,0
3954,57,0
3955,57,0
3956,54,0
3957,58,0
3958,55,0
3959,55,0
3960,54,0
3961,56,0
3962,59,0
3963,56,0
3964,56,0
3965,56,0
3966,59,0
3967,55,0
3968,56,0
3969,56,0
3970,57,0
3971,56,0
3972,56,0
3973,56,0
3974,55,0
3975,59,0
3976,58,0
3977,56,0
3978,58,0
3979,59,0
3980,57,0
3981,56,0
3982,56,0
3983,57,0
3984,55,0
3985,56,0
3986,56,0
3987,56,0
3988,59,0
3989,55,0
3990,56,0
3991,56,0
3992,58,0
3993,57,0
3994,56,0
3995,58,0
3996,57,0
3997,59,0
3998,56,0
3999,56,0
4000,56,0
4001,55,0
4002,55,0
4003,56,0
4004,56,0
4005,56,0
4006,55,0
4007,56,0
4008,56,0
4009,58,0
4010,57,0
4011,58,0
4012,56,0
4013,56,0
4014,57,0
4015,57,0
4016,58,0
4017,53,0
4018,56,0
4019,58,0
4020,57,0
4021,55,0
4022,55,0
4023,56,0
4024,54,0
4025,58,0
4026,57,0
4027,55,0
4028,57,0
4029,55,0
4030,56,0
4031,58,0
4032,58,0
4033,59,0
4034,57,0
4035,58,0
4036,56,0
4037,58,0
4038,56,0
4039,57,0
4040,55,0
4041,56,0
4042,56,0
4043,58,0
4044,59,0
4045,59,0
4046,55,0
4047,56,0
4048,56,0
4049,57,0
4050,57,0
4051,55,0
4052,56,0
4053,58,0
4054,57,0
4055,59,0
4056,59,0
4057,58,0
4058,58,0
4059,57,0
4060,59,0
4061,55,0
4062,58,0
4063,57,0
4064,57,0
4065,56,0
4066,56,0
4067,55,0
4068,57,0
4069,58,0
4070,56,0
4071,60,0
4072,57,0
4073,58,0
4074,56,0
4075,57,0
4076,59,0
4077,56,0
4078,56,0
4079,56,0
4080,59,0
4081,57,0
4082,58,0
4083,58,0
4084,54,0
4085,55,0
4086,55,0
4087,56,0
4088,58,0
4089,55,0
4090,55,0
4091,56,0
4092,54,0
4093,57,0
4094,57,0
4095,56,0
4096,56,0
4097,55,0
4098,55,0
4099,55,0
4100,56,0
4101,56,0
4102,58,0
4103,57,0
4104,57,0
4105,56,0
4106,56,0
4107,57,0
4108,57,0
4109,56,0
4110,56,0
4111,58,0
4112,56,0
4113,57,0
4114,55,0
4115,56,0
4116,56,0
4117,55,0
4118,59,0
4119,56,0
4120,56,0
4121,58,0
4122,57,0
4123,55,0
4124,57,0
4125,58,0
4126,56,0
4127,59,0
4128,56,0
4129,56,0
4130,58,0
4131,55,0
4132,59,0
4133,56,0
4134,58,0
4135,56,0
4136,59,0
4137,57,0
4138,55,0
4139,56,0
4140,56,0
4141,57,0
4142,59,0
4143,56,0
4144,58,0
4145,56,0
4146,57,0
4147,55,0
4148,59,0
4149,56,0
4150,56,0
4151,58,0
4152,57,0
4153,55,0
4154,56,0
4155,56,0
4156,58,0
4157,58,0
4158,57,0
4159,56,0
4160,56,0
4161,58,0
4162,57,0
4163,55,0
4164,55,0
4165,58,0
4166,56,0
4167,58,0
4168,57,0
4169,55,0
4170,57,0
4171,56,0
4172,58,0
4173,56,0
4174,57,0
4175,57,0
4176,57,0
4177,58,0
4178,56,0
4179,57,0
4180,55,0
4181,57,0
4182,58,0
4183,56,0
4184,59,0
4185,57,0
4186,57,0
4187,56,0
4188,58,0
4189,56,0
4190,57,0
4191,59,0
4192,56,0
4193,56,0
4194,56,0
4195,55,0
4196,55,0
4197,56,0
4198,58,0
4199,56,0
4200,55,0
4201,56,0
4202,56,0
4203,58,0
4204,54,0
4205,57,0
4206,54,0
4207,54,0
4208,55,0
4209,53,0
4210,59,0
4211,56,0
4212,56,0
4213,58,0
4214,59,0
4215,55,0
4216,56,0
4217,56,0
4218,59,0
4219,57,0
4220,54,0
4221,56,0
4222,57,0
4223,55,0
4224,56,0
4225,56,0
4226,58,0
4227,57,0
4228,56,0
4229,56,0
4230,59,0
4231,59,0
4232,56,0
4233,56,0
4234,57,0
4235,55,0
4236,58,0
4237,56,0
4238,55,0
4239,55,0
4240,56,0
4241,56,0
4242,56,0
4243,57,0
4244,57,0
4245,56,0
4246,56,0
4247,54,0
4248,55,0
4249,55,0
4250,55,0
4251,56,0
4252,57,0
4253,55,0
4254,56,0
4255,56,0
4256,59,0
4257,57,0
4258,56,0
4259,56,0
4260,58,0
4261,59,0
4262,57,0
4263,56,0
4264,58,0
4265,56,0
4266,58,0
4267,55,0
4268,54,0
4269,58,0
4270,55,0
4271,56,0
4272,56,0
4273,58,0
4274,57,0
4275,57,0
4276,55,0
4277,56,0
4278,56,0
4279,58,0
4280,57,0
4281,55,0
4282,56,0
4283,56,0
4284,56,0
4285,55,0
4286,57,0
4287,58,0
4288,56,0
4289,55,0
4290,55,0
4291,56,0
4292,58,0
4293,59,0
4294,57,0
4295,58,0
4296,54,0
4297,54,0
4298,57,0
4299,55,0
4300,56,0
4301,58,0
4302,56,0
4303,54,0
4304,57,0
4305,59,0
4306,58,0
4307,56,0
4308,58,0
4309,57,0
4310,55,0
4311,56,0
4312,58,0
4313,56,0
4314,58,0
4315,57,0
4316,59,0
4317,58,0
4318,54,0
4319,58,0
4320,57,0
4321,57,0
4322,55,0
4323,59,0
4324,58,0
4325,58,0
4326,57,0
4327,59,0
4328,58,0
4329,54,0
4330,59,0
4331,55,0
4332,59,0
4333,56,0
4334,56,0
4335,58,0
4336,55,0
4337,55,0
4338,60,0
4339,56,0
4340,58,0
4341,55,0
4342,57,0
4343,57,0
4344,56,0
4345,56,0
4346,58,0
4347,55,0
4348,55,0
4349,55,0
4350,56,0
4351,56,0
4352,57,0
4353,59,0
4354,55,0
4355,56,0
4356,58,0
4357,56,0
4358,57,0
4359,56,0
4360,58,0
4361,58,0
4362,58,0
4363,55,0
4364,59,0
4365,58,0
4366,55,0
4367,57,0
4368,58,0
4369,58,0
4370,55,0
4371,57,0
4372,59,0
4373,58,0
4374,58,0
4375,56,0
4376,57,0
4377,55,0
4378,57,0
4379,58,0
4380,56,0
4381,58,0
4382,58,0
4383,55,0
4384,58,0
4385,58,0
4386,58,0
4387,57,0
4388,57,0
4389,58,0
4390,54,0
4391,58,0
4392,55,0
4393,57,0
4394,56,0
4395,56,0
4396,57,0
4397,57,0
4398,56,0
4399,56,0
4400,57,0
4401,55,0
4402,57,0
4403,58,0
4404,58,0
4405,57,0
4406,57,0
4407,57,0
4408,56,0
4409,56,0
4410,56,0
4411,55,0
4412,56,0
4413,56,0
4414,56,0
4415,57,0
4416,57,0
4417,56,0
4418,58,0
4419,58,0
4420,56,0
4421,57,0
4422,56,0
4423,58,0
4424,56,0
4425,57,0
4426,58,0
4427,56,0
4428,56,0
4429,57,0
4430,57,0
4431,59,0
4432,56,0
4433,56,0
4434,57,0
4435,57,0
4436,57,0
4437,56,0
4438,58,0
4439,55,0
4440,53,0
4441,54,0
4442,58,0
4443,58,0
4444,57,0
4445,55,0
4446,59,0
4447,58,0
4448,56,0
4449,56,0
4450,57,0
4451,55,0
4452,56,0
4453,55,0
4454,61,0
4455,56,0
4456,56,0
4457,57,0
4458,59,0
4459,56,0
4460,57,0
4461,55,0
4462,58,0
4463,58,0
4464,57,0
4465,59,0
4466,58,0
4467,56,0
4468,55,0
4469,57,0
4470,60,0
4471,56,0
4472,58,0
4473,55,0
4474,57,0
4475,59,0
4476,56,0
4477,56,0
4478,54,0
4479,57,0
4480,55,0
4481,55,0
4482,56,0
4483,58,0
4484,56,0
4485,56,0
4486,57,0
4487,55,0
4488,54,0
4489,56,0
4490,59,0
4491,57,0
4492,56,0
4493,56,0
4494,56,0
4495,56,0
4496,55,0
4497,56,0
4498,58,0
4499,56,0
4500,56,0
4501,59,0
4502,57,0
4503,56,0
4504,56,0
4505,56,0
4506,56,0
4507,55,0
4508,57,0
4509,56,0
4510,58,0
4511,58,0
4512,59,0
4513,57,0
4514,55,0
4515,58,0
4516,58,0
4517,54,0
4518,56,0
4519,56,0
4520,57,0
4521,57,0
4522,56,0
4523,56,0
4524,57,0
4525,55,0
4526,56,0
4527,58,0
4528,57,0
4529,55,0
4530,54,0
4531,56,0
4532,55,0
4533,57,0
4534,56,0
4535,54,0
4536,58,0
4537,56,0
4538,55,0
4539,55,0
4540,58,0
4541,54,0
4542,56,0
4543,56,0
4544,55,0
4545,57,0
4546,57,0
4547,58,0
4548,56,0
4549,57,0
4550,56,0
4551,58,0
4552,56,0
4553,57,0
4554,55,0
4555,59,0
4556,59,0
4557,58,0
4558,58,0
4559,58,0
4560,55,0
4561,59,0
4562,55,0
4563,56,0
4564,58,0
4565,57,0
4566,55,0
4567,58,0
4568,56,0
4569,53,0
4570,58,0
4571,58,0
4572,56,0
4573,57,0
4574,55,0
4575,58,0
4576,56,0
4577,56,0
4578,55,0
4579,57,0
4580,58,0
4581,56,0
4582,55,0
4583,57,0
4584,53,0
4585,58,0
4586,54,0
4587,57,0
4588,57,0
4589,58,0
4590,58,0
4591,58,0
4592,57,0
4593,57,0
4594,54,0
4595,58,0
4596,58,0
4597,59,0
4598,57,0
4599,57,0
4600,58,0
4601,56,0
4602,57,0
4603,57,0
4604,56,0
4605,58,0
4606,56,0
4607,57,0
4608,55,0
4609,56,0
4610,58,0
4611,58,0
4612,57,0
4613,59,0
4614,58,0
4615,56,0
4616,58,0
4617,59,0
4618,56,0
4619,56,0
4620,58,0
4621,57,0
4622,57,0
4623,56,0
4624,56,0
4625,59,0
4626,58,0
4627,56,0
4628,56,0
4629,53,0
4630,59,0
4631,56,0
4632,56,0
4633,56,0
4634,57,0
4635,55,0
4636,58,0
4637,56,0
4638,57,0
4639,55,0
4640,58,0
4641,56,0
4642,56,0
4643,57,0
4644,55,0
4645,57,0
4646,56,0
4647,56,0
4648,54,0
4649,58,0
4650,57,0
4651,56,0
4652,56,0
4653,56,0
4654,56,0
4655,55,0
4656,59,0
4657,56,0
4658,58,0
4659,55,0
4660,55,0
4661,57,0
4662,56,0
4663,56,0
4664,58,0
4665,57,0
4666,59,0
4667,59,0
4668,58,0
4669,58,0
4670,56,0
4671,53,0
4672,56,0
4673,58,0
4674,54,0
4675,57,0
4676,56,0
4677,56,0
4678,59,0
4679,55,0
4680,54,0
4681,56,0
4682,55,0
4683,55,0
4684,58,0
4685,54,0
4686,55,0
4687,56,0
4688,58,0
4689,56,0
4690,59,0
4691,56,0
4692,58,0
4693,56,0
4694,55,0
4695,55,0
4696,56,0
4697,58,0
4698,57,0
4699,56,0
4700,54,0
4701,54,0
4702,59,0
4703,57,0
4704,57,0
4705,54,0
4706,54,0
4707,56,0
4708,56,0
4709,57,0
4710,56,0
4711,56,0
4712,58,0
4713,56,0
4714,57,0
4715,55,0
4716,56,0
4717,56,0
4718,57,0
4719,57,0
4720,57,0
4721,56,0
4722,60,0
4723,56,0
4724,55,0
4725,57,0
4726,58,0
4727,58,0
4728,59,0
4729,55,0
4730,56,0
4731,56,0
4732,55,0
4733,57,0
4734,56,0
4735,56,0
4736,58,0
4737,55,0
4738,53,0
4739,56,0
4740,58,0
4741,55,0
4742,56,0
4743,58,0
4744,58,0
4745,56,0
4746,57,0
4747,59,0
4748,56,0
4749,58,0
4750,58,0
4751,59,0
4752,57,0
4753,56,0
4754,56,0
4755,55,0
4756,55,0
4757,58,0
4758,58,0
4759,58,0
4760,55,0
4761,59,0
4762,56,0
4763,58,0
4764,58,0
4765,59,0
4766,55,0
4767,56,0
4768,56,0
4769,58,0
4770,58,0
4771,57,0
4772,57,0
4773,58,0
4774,56,0
4775,58,0
4776,57,0
4777,61,0
4778,56,0
4779,58,0
4780,55,0
4781,55,0
4782,58,0
4783,58,0
4784,58,0
4785,55,0
4786,59,0
4787,58,0
4788,56,0
4789,57,0
4790,58,0
4791,56,0
4792,56,0
4793,57,0
4794,58,0
4795,58,0
4796,57,0
4797,57,0
4798,58,0
4799,56,0
4800,57,0
4801,57,0
4802,58,0
4803,56,0
4804,57,0
4805,58,0
4806,58,0
4807,57,0
4808,59,0
4809,56,0
4810,58,0
4811,56,0
4812,57,0
4813,56,0
4814,58,0
4815,58,0
4816,55,0
4817,58,0
4818,56,0
4819,59,0
4820,54,0
4821,56,0
4822,56,0
4823,57,0
4824,55,0
4825,58,0
4826,56,0
4827,58,0
4828,57,0
4829,59,0
4830,56,0
4831,56,0
4832,56,0
4833,58,0
4834,57,0
4835,57,0
4836,58,0
4837,56,0
4838,54,0
4839,57,0
4840,59,0
4841,58,0
4842,56,0
4843,57,0
4844,57,0
4845,55,0
4846,58,0
4847,56,0
4848,59,0
4849,55,0
4850,58,0
4851,58,0
4852,58,0
4853,57,0
4854,57,0
4855,55,0
4856,58,0
4857,56,0
4858,57,0
4859,55,0
4860,56,0
4861,56,0
4862,57,0
4863,55,0
4864,56,0
4865,58,0
4866,56,0
4867,57,0
4868,55,0
4869,56,0
4870,56,0
4871,54,0
4872,55,0
4873,57,0
4874,56,0
4875,56,0
4876,58,0
4877,59,0
4878,55,0
4879,56,0
4880,56,0
4881,56,0
4882,55,0
4883,57,0
4884,56,0
4885,56,0
4886,55,0
4887,56,0
4888,58,0
4889,56,0
4890,57,0
4891,57,0
4892,58,0
4893,56,0
4894,56,0
4895,55,0
4896,57,0
4897,58,0
4898,56,0
4899,56,0
4900,57,0
4901,55,0
4902,54,0
4903,56,0
4904,56,0
4905,55,0
4906,55,0
4907,58,0
4908,56,0
4909,57,0
4910,53,0
4911,53,0
4912,59,0
4913,58,0
4914,58,0
4915,56,0
4916,57,0
4917,59,0
4918,58,0
4919,56,0
4920,58,0
4921,59,0
4922,59,0
4923,58,0
4924,56,0
4925,55,0
4926,55,0
4927,55,0
4928,54,0
4929,58,0
4930,58,0
4931,56,0
4932,57,0
4933,54,0
4934,56,0
4935,56,0
4936,55,0
4937,55,0
4938,56,0
4939,56,0
4940,57,0
4941,57,0
4942,55,0
4943,58,0
4944,56,0
4945,56,0
4946,57,0
4947,57,0
4948,57,0
4949,56,0
4950,56,0
4951,58,0
4952,59,0
4953,59,0
4954,54,0
4955,58,0
4956,58,0
4957,57,0
4958,56,0
4959,56,0
4960,58,0
4961,59,0
4962,59,0
4963,58,0
4964,58,0
4965,56,0
4966,58,0
4967,55,0
4968,58,0
4969,60,0
4970,56,0
4971,58,0
4972,55,0
4973,55,0
4974,55,0
4975,54,0
4976,54,0
4977,56,0
4978,59,0
4979,56,0
4980,58,0
4981,57,0
4982,59,0
4983,58,0
4984,56,0
4985,58,0
4986,56,0
4987,57,0
4988,57,0
4989,56,0
4990,56,0
4991,54,0
4992,58,0
4993,57,0
4994,55,0
4995,54,0
4996,55,0
4997,55,0
4998,58,0
4999,56,0
5000,57,0
5001,58,0
5002,54,0
5003,56,0
5004,59,0
5005,57,0
5006,57,0
5007,56,0
5008,56,0
5009,58,0
5010,55,0
5011,57,0
5012,58,0
5013,56,0
5014,61,0
5015,57,0
5016,56,0
5017,56,0
5018,58,0
5019,57,0
5020,57,0
5021,58,0
5022,56,0
5023,54,0
5024,57,0
5025,56,0
5026,57,0
5027,59,0
5028,54,0
5029,58,0
5030,55,0
5031,54,0
5032,56,0
5033,59,0
5034,57,0
5035,54,0
5036,56,0
5037,57,0
5038,56,0
5039,56,0
5040,59,0
5041,56,0
5042,58,0
5043,58,0
5044,55,0
5045,58,0
5046,56,0
5047,55,0
5048,56,0
5049,56,0
5050,55,0
5051,57,0
5052,58,0
5053,56,0
5054,59,0
5055,55,0
5056,56,0
5057,56,0
5058,57,0
5059,55,0
5060,54,0
5061,56,0
5062,54,0
5063,57,0
5064,56,0
5065,58,0
5066,56,0
5067,55,0
5068,57,0
5069,56,0
5070,57,0
5071,54,0
5072,56,0
5073,56,0
5074,55,0
5075,56,0
5076,58,0
5077,57,0
5078,53,0
5079,58,0
5080,56,0
5081,56,0
5082,55,0
5083,59,0
5084,58,0
5085,58,0
5086,58,0
5087,57,0
5088,57,0
5089,58,0
5090,55,0
5091,55,0
5092,56,0
5093,56,0
5094,55,0
5095,54,0
5096,56,0
5097,55,0
5098,56,0
5099,58,0
5100,57,0
5101,59,0
5102,56,0
5103,56,0
5104,55,0
5105,57,0
5106,56,0
5107,58,0
5108,57,0
5109,56,0
5110,56,0
5111,59,0
5112,56,0
5113,58,0
5114,56,0
5115,55,0
5116,59,0
5117,56,0
5118,56,0
5119,58,0
5120,56,0
5121,55,0
5122,53,0
5123,58,0
5124,58,0
5125,58,0
5126,58,0
5127,58,0
5128,55,0
5129,59,0
5130,56,0
5131,56,0
5132,57,0
5133,57,0
5134,55,0
5135,56,0
5136,56,0
5137,55,0
5138,57,0
5139,57,0
5140,56,0
5141,56,0
5142,57,0
5143,57,0
5144,56,0
5145,58,0
5146,57,0
5147,57,0
5148,56,0
5149,62,0
5150,57,0
5151,58,0
5152,54,0
5153,55,0
5154,58,0
5155,56,0
5156,58,0
5157,57,0
5158,57,0
5159,58,0
5160,54,0
5161,59,0
5162,57,0
5163,58,0
5164,56,0
5165,57,0
5166,55,0
5167,54,0
5168,56,0
5169,55,0
5170,55,0
5171,54,0
5172,58,0
5173,59,0
5174,55,0
5175,58,0
5176,56,0
5177,56,0
5178,57,0
5179,57,0
5180,56,0
5181,58,0
5182,56,0
5183,55,0
5184,57,0
5185,58,0
5186,54,0
5187,59,0
5188,56,0
5189,58,0
5190,57,0
5191,59,0
5192,58,0
5193,56,0
5194,55,0
5195,55,0
5196,56,0
5197,56,0
5198,56,0
5199,57,0
5200,59,0
5201,54,0
5202,56,0
5203,56,0
5204,59,0
5205,55,0
5206,56,0
5207,56,0
5208,58,0
5209,59,0
5210,59,0
5211,59,0
5212,56,0
5213,56,0
5214,58,0
5215,57,0
5216,55,0
5217,56,0
5218,58,0
5219,56,0
5220,55,0
5221,57,0
5222,55,0
5223,55,0
5224,56,0
5225,56,0
5226,55,0
5227,59,0
5228,58,0
5229,54,0
5230,58,0
5231,57,0
5232,57,0
5233,54,0
5234,58,0
5235,56,0
5236,57,0
5237,56,0
5238,56,0
5239,56,0
5240,58,0
5241,59,0
5242,55,0
5243,57,0
5244,57,0
5245,54,0
5246,56,0
5247,57,0
5248,55,0
5249,59,0
5250,56,0
5251,56,0
5252,58,0
5253,57,0
5254,61,0
5255,56,0
5256,54,0
5257,56,0
5258,59,0
5259,55,0
5260,55,0
5261,56,0
5262,56,0
5263,58,0
5264,55,0
5265,57,0
5266,58,0
5267,56,0
5268,55,0
5269,58,0
5270,60,0
5271,58,0
5272,57,0
5273,55,0
5274,58,0
5275,58,0
5276,57,0
5277,59,0
5278,56,0
5279,56,0
5280,58,0
5281,56,0
5282,55,0
5283,53,0
5284,56,0
5285,56,0
5286,54,0
5287,57,0
5288,59,0
5289,56,0
5290,56,0
5291,56,0
5292,55,0
5293,58,0
5294,56,0
5295,57,0
5296,57,0
5297,56,0
5298,58,0
5299,58,0
5300,57,0
5301,55,0
5302,59,0
5303,56,0
5304,58,0
5305,59,0
5306,58,0
5307,56,0
5308,57,0
5309,55,0
5310,56,0
5311,56,0
5312,55,0
5313,55,0
5314,54,0
5315,58,0
5316,57,0
5317,57,0
5318,56,0
5319,56,0
5320,57,0
5321,55,0
5322,55,0
5323,56,0
5324,56,0
5325,53,0
5326,57,0
5327,56,0
5328,56,0
5329,54,0
5330,59,0
5331,57,0
5332,59,0
5333,58,0
5334,56,0
5335,57,0
5336,59,0
5337,57,0
5338,56,0
5339,54,0
5340,56,0
5341,57,0
5342,61,0
5343,56,0
5344,56,0
5345,54,0
5346,55,0
5347,55,0
5348,57,0
5349,54,0
5350,56,0
5351,59,0
5352,56,0
5353,56,0
5354,59,0
5355,55,0
5356,56,0
5357,54,0
5358,59,0
5359,57,0
5360,58,0
5361,56,0
5362,58,0
5363,57,0
5364,57,0
5365,57,0
5366,58,0
5367,58,0
5368,59,0
5369,55,0
5370,56,0
5371,56,0
5372,56,0
5373,55,0
5374,55,0
5375,56,0
5376,58,0
5377,58,0
5378,55,0
5379,55,0
5380,58,0
5381,58,0
5382,57,0
5383,55,0
5384,56,0
5385,54,0
5386,58,0
5387,55,0
5388,58,0
5389,58,0
5390,55,0
5391,56,0
5392,58,0
5393,58,0
5394,59,0
5395,55,0
5396,56,0
5397,56,0
5398,56,0
5399,57,0
5400,59,0
5401,56,0
5402,58,0
5403,59,0
5404,57,0
5405,54,0
5406,58,0
5407,54,0
5408,59,0
5409,55,0
5410,56,0
5411,56,0
5412,56,0
5413,59,0
5414,55,0
5415,56,0
5416,56,0
5417,56,0
5418,61,0
5419,57,0
5420,58,0
5421,56,0
5422,57,0
5423,57,0
5424,56,0
5425,56,0
5426,56,0
5427,59,0
5428,57,0
5429,59,0
5430,56,0
5431,56,0
5432,58,0
5433,57,0
5434,57,0
5435,58,0
5436,54,0
5437,55,0
5438,53,0
5439,56,0
5440,58,0
5441,58,0
5442,58,0
5443,57,0
5444,55,0
5445,55,0
5446,56,0
5447,56,0
5448,58,0
5449,56,0
5450,59,0
5451,59,0
5452,56,0
5453,56,0
5454,55,0
5455,56,0
5456,58,0
5457,58,0
5458,55,0
5459,59,0
5460,58,0
5461,56,0
5462,54,0
5463,56,0
5464,57,0
5465,57,0
5466,58,0
5467,56,0
5468,56,0
5469,55,0
5470,59,0
5471,56,0
5472,56,0
5473,55,0
5474,55,0
5475,59,0
5476,56,0
5477,58,0
5478,56,0
5479,57,0
5480,61,0
5481,56,0
5482,58,0
5483,56,0
5484,59,0
5485,57,0
5486,56,0
5487,56,0
5488,55,0
5489,55,0
5490,58,0
5491,58,0
5492,55,0
5493,59,0
5494,56,0
5495,56,0
5496,57,0
5497,59,0
5498,56,0
5499,58,0
5500,55,0
5501,53,0
5502,56,0
5503,54,0
5504,58,0
5505,55,0
5506,57,0
5507,58,0
5508,58,0
5509,55,0
5510,57,0
5511,55,0
5512,56,0
5513,57,0
5514,57,0
5515,57,0
5516,58,0
5517,56,0
5518,56,0
5519,57,0
5520,57,0
5521,56,0
5522,56,0
5523,58,0
5524,55,0
5525,57,0
5526,58,0
5527,58,0
5528,56,0
5529,57,0
5530,55,0
5531,56,0
5532,56,0
5533,56,0
5534,56,0
5535,57,0
5536,55,0
5537,56,0
5538,56,0
5539,56,0
5540,57,0
5541,58,0
5542,58,0
5543,55,0
5544,57,0
5545,58,0
5546,56,0
5547,59,0
5548,56,0
5549,58,0
5550,56,0
5551,55,0
5552,56,0
5553,58,0
5554,56,0
5555,53,0
5556,55,0
5557,58,0
5558,58,0
5559,58,0
5560,56,0
5561,55,0
5562,55,0
5563,56,0
5564,56,0
5565,59,0
5566,55,0
5567,55,0
5568,56,0
5569,58,0
5570,58,0
5571,57,0
5572,59,0
5573,58,0
5574,56,0
5575,58,0
5576,58,0
5577,53,0
5578,58,0
5579,58,0
5580,56,0
5581,55,0
5582,59,0
5583,56,0
5584,56,0
5585,58,0
5586,58,0
5587,59,0
5588,55,0
5589,56,0
5590,58,0
5591,58,0
5592,56,0
5593,61,0
5594,56,0
5595,56,0
5596,55,0
5597,59,0
5598,58,0
5599,56,0
5600,54,0
5601,53,0
5602,57,0
5603,58,0
5604,54,0
5605,56,0
5606,57,0
5607,55,0
5608,56,0
5609,56,0
5610,56,0
5611,57,0
5612,56,0
5613,56,0
5614,56,0
5615,57,0
5616,53,0
5617,55,0
5618,56,0
5619,58,0
5620,57,0
5621,57,0
5622,58,0
5623,58,0
5624,58,0
5625,58,0
5626,53,0
5627,56,0
5628,58,0
5629,56,0
5630,55,0
5631,55,0
5632,56,0
5633,56,0
5634,56,0
5635,55,0
5636,54,0
5637,56,0
5638,58,0
5639,57,0
5640,56,0
5641,56,0
5642,56,0
5643,55,0
5644,56,0
5645,56,0
5646,58,0
5647,59,0
5648,55,0
5649,56,0
5650,56,0
5651,56,0
5652,56,0
5653,53,0
5654,58,0
5655,56,0
5656,53,0
5657,57,0
5658,55,0
5659,56,0
5660,56,0
5661,62,0
5662,55,0
5663,55,0
5664,56,0
5665,58,0
5666,54,0
5667,56,0
5668,56,0
5669,56,0
5670,54,0
5671,59,0
5672,57,0
5673,53,0
5674,59,0
5675,57,0
5676,55,0
5677,56,0
5678,58,0
5679,56,0
5680,56,0
5681,56,0
5682,56,0
5683,56,0
5684,56,0
5685,56,0
5686,58,0
5687,56,0
5688,55,0
5689,55,0
5690,55,0
5691,57,0
5692,57,0
5693,55,0
5694,57,0
5695,57,0
5696,57,0
5697,55,0
5698,55,0
5699,58,0
5700,54,0
5701,54,0
5702,56,0
5703,56,0
5704,56,0
5705,56,0
5706,58,0
5707,59,0
5708,57,0
5709,55,0
5710,57,0
5711,55,0
5712,56,0
5713,56,0
5714,56,0
5715,58,0
5716,54,0
5717,56,0
5718,57,0
5719,55,0
5720,57,0
5721,55,0
5722,59,0
5723,56,0
5724,56,0
5725,58,0
5726,54,0
5727,56,0
5728,58,0
5729,56,0
5730,56,0
5731,54,0
5732,59,0
5733,57,0
5734,57,0
5735,55,0
5736,55,0
5737,57,0
5738,55,0
5739,53,0
5740,57,0
5741,58,0
5742,56,0
5743,56,0
5744,56,0
5745,58,0
5746,56,0
5747,65,0
5748,70,0
5749,61,0
5750,62,0
5751,60,0
5752,56,0
5753,57,0
5754,454,1
5755,59,0
5756,54,0
5757,62,0
5758,53,0
5759,54,0
5760,58,0
5761,60,0
5762,59,0
5763,60,0
5764,63,0
5765,56,0
5766,61,0
5767,55,0
5768,56,0
5769,62,0
5770,59,0
5771,63,0
5772,56,0
5773,57,0
5774,61,0
5775,64,0
5776,59,0
5777,64,0
5778,61,0
5779,59,0
5780,62,0
5781,55,0
5782,58,0
5783,59,0
5784,56,0
5785,59,0
5786,67,0
5787,56,0
5788,55,0
5789,68,0
5790,58,0
5791,59,0
5792,56,0
5793,58,0
5794,63,0
5795,56,0
5796,56,0
5797,62,0
5798,66,0
5799,59,0
5800,58,0
5801,64,0
5802,66,0
5803,55,0
5804,54,0
5805,62,0
5806,60,0
5807,61,0
5808,62,0
5809,60,0
5810,55,0
5811,69,0
5812,57,0
5813,58,0
5814,65,0
5815,68,0
5816,62,0
5817,58,0
5818,61,0
5819,62,0
5820,64,0
5821,55,0
5822,68,0
5823,60,0
5824,59,0
5825,57,0
5826,59,0
5827,58,0
5828,58,0
5829,59,0
5830,56,0
5831,54,0
5832,60,0
5833,60,0
5834,59,0
5835,54,0
5836,61,0
5837,58,0
5838,66,0
5839,53,0
5840,62,0
5841,53,0
5842,92,0
5843,55,0
5844,58,0
5845,59,0
5846,60,0
5847,60,0
5848,59,0
5849,58,0
5850,62,0
5851,65,0
5852,62,0
5853,61,0
5854,56,0
5855,62,0
5856,62,0
5857,64,0
5858,73,0
5859,68,0
5860,445,1
5861,65,0
5862,61,0
5863,57,0
5864,66,0
5865,62,0
5866,68,0
5867,62,0
5868,447,1
5869,56,0
5870,54,0
5871,60,0
5872,62,0
5873,62,0
5874,59,0
5875,62,0
5876,62,0
5877,63,0
5878,56,0
5879,54,0
5880,56,0
5881,58,0
5882,58,0
5883,62,0
5884,55,0
5885,57,0
5886,56,0
5887,55,0
5888,55,0
5889,61,0
5890,55,0
5891,63,0
5892,65,0
5893,53,0
5894,62,0
5895,59,0
5896,56,0
5897,66,0
5898,57,0
5899,59,0
5900,66,0
5901,55,0
5902,69,0
5903,58,0
5904,57,0
5905,62,0
5906,62,0
5907,65,0
5908,53,0
5909,56,0
5910,56,0
5911,56,0
5912,57,0
5913,57,0
5914,57,0
5915,54,0
5916,59,0
5917,59,0
5918,57,0
5919,66,0
5920,69,0
5921,65,0
5922,57,0
5923,59,0
5924,57,0
5925,59,0
5926,61,0
5927,61,0
5928,59,0
5929,63,0
5930,69,0
5931,56,0
5932,62,0
5933,65,0
5934,63,0
5935,64,0
5936,64,0
5937,56,0
5938,57,0
5939,64,0
5940,61,0
5941,58,0
5942,58,0
5943,55,0
5944,58,0
5945,56,0
5946,56,0
5947,54,0
5948,61,0
5949,57,0
5950,58,0
5951,59,0
5952,57,0
5953,56,0
5954,65,0
5955,58,0
5956,53,0
5957,57,0
5958,59,0
5959,55,0
5960,65,0
5961,67,0
5962,65,0
5963,56,0
5964,59,0
5965,56,0
5966,57,0
5967,60,0
5968,56,0
5969,56,0
5970,57,0
5971,57,0
5972,57,0
5973,61,0
5974,58,0
5975,59,0
5976,58,0
5977,59,0
5978,59,0
5979,71,0
5980,60,0
5981,59,0
5982,55,0
5983,63,0
5984,62,0
5985,62,0
5986,59,0
5987,58,0
5988,61,0
5989,59,0
5990,57,0
5991,56,0
5992,62,0
5993,76,0
5994,58,0
5995,56,0
5996,63,0
5997,61,0
5998,61,0
5999,60,0
6000,61,0
6001,63,0
6002,67,0
6003,57,0
6004,61,0
6005,67,0
6006,64,0
6007,61,0
6008,62,0
6009,55,0
6010,115,0
6011,54,0
6012,58,0
6013,55,0
6014,55,0
6015,59,0
6016,56,0
6017,55,0
6018,55,0
6019,56,0
6020,54,0
6021,58,0
6022,53,0
6023,59,0
6024,58,0
6025,56,0
6026,57,0
6027,55,0
6028,56,0
6029,56,0
6030,58,0
6031,55,0
6032,57,0
6033,58,0
6034,58,0
6035,54,0
6036,58,0
6037,59,0
6038,55,0
6039,59,0
6040,56,0
6041,56,0
6042,58,0
6043,56,0
6044,58,0
6045,55,0
6046,56,0
6047,60,0
6048,56,0
6049,56,0
6050,55,0
6051,55,0
6052,57,0
6053,56,0
6054,56,0
6055,58,0
6056,57,0
6057,59,0
6058,57,0
6059,58,0
6060,56,0
6061,56,0
6062,57,0
6063,55,0
6064,56,0
6065,58,0
6066,58,0
6067,57,0
6068,54,0
6069,58,0
6070,58,0
6071,57,0
6072,55,0
6073,58,0
6074,58,0
6075,59,0
6076,55,0
6077,55,0
6078,56,0
6079,56,0
6080,58,0
6081,56,0
6082,55,0
6083,57,0
6084,56,0
6085,56,0
6086,56,0
6087,53,0
6088,57,0
6089,56,0
6090,56,0
6091,56,0
6092,59,0
6093,55,0
6094,56,0
6095,56,0
6096,58,0
6097,56,0
6098,59,0
6099,56,0
6100,56,0
6101,56,0
6102,55,0
6103,57,0
6104,58,0
6105,58,0
6106,58,0
6107,55,0
6108,55,0
6109,57,0
6110,56,0
6111,54,0
6112,58,0
6113,57,0
6114,59,0
6115,56,0
6116,58,0
6117,55,0
6118,55,0
6119,59,0
6120,54,0
6121,56,0
6122,54,0
6123,55,0
6124,55,0
6125,55,0
6126,56,0
6127,58,0
6128,57,0
6129,57,0
6130,56,0
6131,56,0
6132,58,0
6133,58,0
6134,55,0
6135,56,0
6136,58,0
6137,58,0
6138,53,0
6139,58,0
6140,58,0
6141,55,0
6142,55,0
6143,56,0
6144,58,0
6145,56,0
6146,59,0
6147,57,0
6148,54,0
6149,56,0
6150,58,0
6151,58,0
6152,55,0
6153,59,0
6154,58,0
6155,56,0
6156,57,0
6157,57,0
6158,54,0
6159,58,0
6160,56,0
6161,56,0
6162,59,0
6163,54,0
6164,58,0
6165,57,0
6166,59,0
6167,56,0
6168,58,0
6169,57,0
6170,57,0
6171,56,0
6172,56,0
6173,55,0
6174,59,0
6175,58,0
6176,54,0
6177,55,0
6178,59,0
6179,56,0
6180,58,0
6181,58,0
6182,57,0
6183,55,0
6184,57,0
6185,56,0
6186,56,0
6187,58,0
6188,61,0
6189,59,0
6190,56,0
6191,58,0
6192,59,0
6193,59,0
6194,56,0
6195,56,0
6196,58,0
6197,57,0
6198,59,0
6199,58,0
6200,58,0
6201,58,0
6202,57,0
6203,56,0
6204,58,0
6205,57,0
6206,59,0
6207,54,0
6208,58,0
6209,56,0
6210,57,0
6211,55,0
6212,56,0
6213,56,0
6214,57,0
6215,57,0
6216,58,0
6217,56,0
6218,58,0
6219,57,0
6220,57,0
6221,58,0
6222,56,0
6223,59,0
6224,56,0
6225,60,0
6226,59,0
6227,56,0
6228,56,0
6229,56,0
6230,55,0
6231,58,0
6232,56,0
6233,56,0
6234,55,0
6235,57,0
6236,58,0
6237,59,0
6238,57,0
6239,56,0
6240,56,0
6241,60,0
6242,57,0
6243,57,0
6244,56,0
6245,56,0
6246,59,0
6247,54,0
6248,58,0
6249,56,0
6250,56,0
6251,59,0
6252,57,0
6253,59,0
6254,56,0
6255,58,0
6256,56,0
6257,55,0
6258,56,0
6259,58,0
6260,56,0
6261,55,0
6262,57,0
6263,56,0
6264,56,0
6265,57,0
6266,57,0
6267,56,0
6268,56,0
6269,56,0
6270,56,0
6271,59,0
6272,55,0
6273,56,0
6274,54,0
6275,58,0
6276,54,0
6277,59,0
6278,55,0
6279,56,0
6280,58,0
6281,56,0
6282,57,0
6283,57,0
6284,56,0
6285,56,0
6286,56,0
6287,58,0
6288,55,0
6289,59,0
6290,55,0
6291,58,0
6292,56,0
6293,55,0
6294,59,0
6295,56,0
6296,57,0
6297,56,0
6298,56,0
6299,56,0
6300,59,0
6301,58,0
6302,56,0
6303,58,0
6304,55,0
6305,55,0
6306,58,0
6307,58,0
6308,58,0
6309,57,0
6310,56,0
6311,58,0
6312,58,0
6313,55,0
6314,55,0
6315,56,0
6316,56,0
6317,58,0
6318,57,0
6319,59,0
6320,56,0
6321,56,0
6322,59,0
6323,56,0
6324,56,0
6325,54,0
6326,55,0
6327,56,0
6328,58,0
6329,56,0
6330,56,0
6331,59,0
6332,55,0
6333,56,0
6334,58,0
6335,57,0
6336,53,0
6337,56,0
6338,54,0
6339,55,0
6340,59,0
6341,56,0
6342,56,0
6343,57,0
6344,56,0
6345,56,0
6346,56,0
6347,57,0
6348,56,0
6349,56,0
6350,56,0
6351,57,0
6352,56,0
6353,58,0
6354,56,0
6355,57,0
6356,57,0
6357,56,0
6358,58,0
6359,58,0
6360,57,0
6361,55,0
6362,56,0
6363,58,0
6364,58,0
6365,57,0
6366,57,0
6367,57,0
6368,58,0
6369,58,0
6370,57,0
6371,55,0
6372,56,0
6373,58,0
6374,57,0
6375,56,0
6376,58,0
6377,58,0
6378,57,0
6379,59,0
6380,56,0
6381,58,0
6382,54,0
6383,55,0
6384,59,0
6385,57,0
6386,56,0
6387,56,0
6388,57,0
6389,55,0
6390,58,0
6391,58,0
6392,58,0
6393,55,0
6394,57,0
6395,56,0
6396,56,0
6397,57,0
6398,58,0
6399,58,0
6400,56,0
6401,56,0
6402,55,0
6403,59,0
6404,56,0
6405,56,0
6406,56,0
6407,57,0
6408,55,0
6409,57,0
6410,58,0
6411,54,0
6412,59,0
6413,56,0
6414,58,0
6415,55,0
6416,57,0
6417,59,0
6418,56,0
6419,56,0
6420,56,0
6421,55,0
6422,55,0
6423,58,0
6424,58,0
6425,58,0
6426,55,0
6427,55,0
6428,56,0
6429,58,0
6430,54,0
6431,57,0
6432,56,0
6433,56,0
6434,58,0
6435,55,0
6436,55,0
6437,58,0
6438,56,0
6439,59,0
6440,56,0
6441,58,0
6442,58,0
6443,55,0
6444,57,0
6445,58,0
6446,56,0
6447,58,0
6448,55,0
6449,55,0
6450,56,0
6451,58,0
6452,57,0
6453,54,0
6454,56,0
6455,58,0
6456,55,0
6457,57,0
6458,58,0
6459,58,0
6460,58,0
6461,57,0
6462,59,0
6463,54,0
6464,58,0
6465,56,0
6466,55,0
6467,57,0
6468,56,0
6469,56,0
6470,56,0
6471,57,0
6472,55,0
6473,55,0
6474,58,0
6475,58,0
6476,58,0
6477,57,0
6478,55,0
6479,56,0
6480,57,0
6481,58,0
6482,56,0
6483,56,0
6484,56,0
6485,55,0
6486,59,0
6487,56,0
6488,56,0
6489,55,0
6490,57,0
6491,56,0
6492,58,0
6493,56,0
6494,57,0
6495,57,0
6496,58,0
6497,56,0
6498,53,0
6499,57,0
6500,59,0
6501,58,0
6502,56,0
6503,58,0
6504,58,0
6505,59,0
6506,57,0
6507,56,0
6508,56,0
6509,58,0
6510,55,0
6511,55,0
6512,59,0
6513,58,0
6514,56,0
6515,56,0
6516,57,0
6517,54,0
6518,56,0
6519,55,0
6520,57,0
6521,55,0
6522,56,0
6523,56,0
6524,54,0
6525,59,0
6526,54,0
6527,56,0
6528,56,0
6529,56,0
6530,57,0
6531,55,0
6532,56,0
6533,56,0
6534,58,0
6535,57,0
6536,55,0
6537,58,0
6538,56,0
6539,56,0
6540,56,0
6541,57,0
6542,55,0
6543,56,0
6544,56,0
6545,59,0
6546,57,0
6547,56,0
6548,56,0
6549,57,0
6550,57,0
6551,56,0
6552,56,0
6553,56,0
6554,57,0
6555,57,0
6556,56,0
6557,57,0
6558,54,0
6559,56,0
6560,58,0
6561,59,0
6562,59,0
6563,56,0
6564,58,0
6565,56,0
6566,57,0
6567,57,0
6568,56,0
6569,56,0
6570,55,0
6571,55,0
6572,54,0
6573,56,0
6574,56,0
6575,55,0
6576,56,0
6577,56,0
6578,61,0
6579,55,0
6580,59,0
6581,56,0
6582,56,0
6583,56,0
6584,55,0
6585,59,0
6586,56,0
6587,56,0
6588,57,0
6589,55,0
6590,55,0
6591,56,0
6592,56,0
6593,56,0
6594,58,0
6595,57,0
6596,53,0
6597,59,0
6598,56,0
6599,56,0
6600,57,0
6601,57,0
6602,56,0
6603,56,0
6604,58,0
6605,56,0
6606,57,0
6607,59,0
6608,56,0
6609,58,0
6610,55,0
6611,55,0
6612,56,0
6613,56,0
6614,56,0
6615,53,0
6616,53,0
6617,58,0
6618,58,0
6619,55,0
6620,58,0
6621,58,0
6622,56,0
6623,57,0
6624,55,0
6625,56,0
6626,58,0
6627,57,0
6628,55,0
6629,56,0
6630,56,0
6631,57,0
6632,54,0
6633,56,0
6634,56,0
6635,57,0
6636,55,0
6637,56,0
6638,56,0
6639,59,0
6640,55,0
6641,58,0
6642,56,0
6643,58,0
6644,55,0
6645,55,0
6646,57,0
6647,58,0
6648,58,0
6649,56,0
6650,56,0
6651,59,0
6652,55,0
6653,59,0
6654,56,0
6655,56,0
6656,58,0
6657,56,0
6658,55,0
6659,57,0
6660,56,0
6661,56,0
6662,55,0
6663,56,0
6664,55,0
6665,55,0
6666,55,0
6667,56,0
6668,57,0
6669,55,0
6670,56,0
6671,56,0
6672,57,0
6673,55,0
6674,56,0
6675,56,0
6676,58,0
6677,55,0
6678,58,0
6679,54,0
6680,57,0
6681,53,0
6682,56,0
6683,58,0
6684,57,0
6685,59,0
6686,58,0
6687,56,0
6688,56,0
6689,57,0
6690,57,0
6691,56,0
6692,56,0
6693,56,0
6694,57,0
6695,58,0
6696,56,0
6697,58,0
6698,55,0
6699,55,0
6700,56,0
6701,56,0
6702,56,0
6703,55,0
6704,55,0
6705,56,0
6706,56,0
6707,56,0
6708,57,0
6709,58,0
6710,56,0
6711,56,0
6712,57,0
6713,55,0
6714,55,0
6715,58,0
6716,56,0
6717,55,0
6718,56,0
6719,56,0
6720,56,0
6721,57,0
6722,55,0
6723,58,0
6724,56,0
6725,59,0
6726,53,0
6727,58,0
6728,56,0
6729,58,0
6730,55,0
6731,58,0
6732,58,0
6733,56,0
6734,57,0
6735,57,0
6736,58,0
6737,56,0
6738,56,0
6739,59,0
6740,55,0
6741,58,0
6742,58,0
6743,54,0
6744,57,0
6745,53,0
6746,56,0
6747,58,0
6748,56,0
6749,57,0
6750,57,0
6751,58,0
6752,55,0
6753,57,0
6754,56,0
6755,60,0
6756,58,0
6757,55,0
6758,55,0
6759,58,0
6760,58,0
6761,56,0
6762,57,0
6763,55,0
6764,58,0
6765,58,0
6766,58,0
6767,57,0
6768,59,0
6769,56,0
6770,56,0
6771,56,0
6772,55,0
6773,59,0
6774,58,0
6775,58,0
6776,58,0
6777,59,0
6778,57,0
6779,58,0
6780,56,0
6781,56,0
6782,55,0
6783,59,0
6784,58,0
6785,58,0
6786,58,0
6787,59,0
6788,56,0
6789,56,0
6790,55,0
6791,57,0
6792,54,0
6793,56,0
6794,55,0
6795,57,0
6796,56,0
6797,57,0
6798,56,0
6799,54,0
6800,55,0
6801,55,0
6802,56,0
6803,56,0
6804,56,0
6805,59,0
6806,55,0
6807,56,0
6808,56,0
6809,57,0
6810,55,0
6811,56,0
6812,56,0
6813,57,0
6814,59,0
6815,56,0
6816,58,0
6817,58,0
6818,55,0
6819,57,0
6820,56,0
6821,56,0
6822,58,0
6823,59,0
6824,58,0
6825,58,0
6826,56,0
6827,55,0
6828,55,0
6829,56,0
6830,56,0
6831,55,0
6832,57,0
6833,55,0
6834,56,0
6835,56,0
6836,57,0
6837,55,0
6838,56,0
6839,56,0
6840,58,0
6841,57,0
6842,61,0
6843,56,0
6844,54,0
6845,56,0
6846,56,0
6847,59,0
6848,56,0
6849,56,0
6850,56,0
6851,55,0
6852,57,0
6853,58,0
6854,56,0
6855,58,0
6856,56,0
6857,59,0
6858,55,0
6859,58,0
6860,58,0
6861,56,0
6862,57,0
6863,59,0
6864,58,0
6865,54,0
6866,57,0
6867,57,0
6868,56,0
6869,56,0
6870,58,0
6871,58,0
6872,55,0
6873,56,0
6874,58,0
6875,60,0
6876,57,0
6877,55,0
6878,56,0
6879,56,0
6880,58,0
6881,57,0
6882,57,0
6883,56,0
6884,54,0
6885,59,0
6886,56,0
6887,56,0
6888,57,0
6889,57,0
6890,56,0
6891,56,0
6892,55,0
6893,58,0
6894,58,0
6895,57,0
6896,57,0
6897,56,0
6898,56,0
6899,60,0
6900,55,0
6901,56,0
6902,56,0
6903,56,0
6904,57,0
6905,56,0
6906,58,0
6907,56,0
6908,57,0
6909,55,0
6910,58,0
6911,58,0
6912,58,0
6913,57,0
6914,57,0
6915,59,0
6916,56,0
6917,58,0
6918,60,0
6919,57,0
6920,55,0
6921,58,0
6922,56,0
6923,56,0
6924,55,0
6925,55,0
6926,58,0
6927,58,0
6928,56,0
6929,56,0
6930,55,0
6931,53,0
6932,54,0
6933,59,0
6934,55,0
6935,56,0
6936,56,0
6937,57,0
6938,56,0
6939,58,0
6940,58,0
6941,57,0
6942,55,0
6943,58,0
6944,56,0
6945,56,0
6946,56,0
6947,59,0
6948,59,0
6949,58,0
6950,54,0
6951,55,0
6952,55,0
6953,58,0
6954,58,0
6955,58,0
6956,57,0
6957,55,0
6958,55,0
6959,56,0
6960,56,0
6961,54,0
6962,59,0
6963,55,0
6964,58,0
6965,56,0
6966,55,0
6967,55,0
6968,56,0
6969,58,0
6970,55,0
6971,56,0
6972,58,0
6973,58,0
6974,55,0
6975,55,0
6976,56,0
6977,56,0
6978,58,0
6979,55,0
6980,57,0
6981,58,0
6982,56,0
6983,56,0
6984,57,0
6985,55,0
6986,60,0
6987,58,0
6988,58,0
6989,57,0
6990,55,0
6991,58,0
6992,55,0
6993,59,0
6994,56,0
6995,58,0
6996,55,0
6997,59,0
6998,58,0
6999,56,0
7000,56,0
7001,58,0
7002,57,0
7003,55,0
7004,56,0
7005,58,0
7006,58,0
7007,55,0
7008,55,0
7009,56,0
7010,58,0
7011,58,0
7012,59,0
7013,55,0
7014,58,0
7015,54,0
7016,57,0
7017,59,0
7018,55,0
7019,54,0
7020,58,0
7021,58,0
7022,57,0
7023,59,0
7024,59,0
7025,58,0
7026,59,0
7027,55,0
7028,56,0
7029,56,0
7030,58,0
7031,59,0
7032,59,0
7033,58,0
7034,58,0
7035,58,0
7036,55,0
7037,57,0
7038,56,0
7039,56,0
7040,58,0
7041,57,0
7042,55,0
7043,59,0
7044,57,0
7045,56,0
7046,58,0
7047,58,0
7048,57,0
7049,58,0
7050,56,0
7051,58,0
7052,57,0
7053,56,0
7054,54,0
7055,58,0
7056,57,0
7057,57,0
7058,60,0
7059,56,0
7060,59,0
7061,56,0
7062,58,0
7063,56,0
7064,57,0
7065,55,0
7066,56,0
7067,58,0
7068,56,0
7069,57,0
7070,57,0
7071,56,0
7072,56,0
7073,58,0
7074,57,0
7075,55,0
7076,58,0
7077,56,0
7078,56,0
7079,55,0
7080,56,0
7081,56,0
7082,56,0
7083,57,0
7084,57,0
7085,56,0
7086,56,0
7087,58,0
7088,59,0
7089,55,0
7090,58,0
7091,56,0
7092,57,0
7093,57,0
7094,57,0
7095,56,0
7096,56,0
7097,58,0
7098,53,0
7099,59,0
7100,58,0
7101,58,0
7102,58,0
7103,58,0
7104,55,0
7105,53,0
7106,57,0
7107,56,0
7108,56,0
7109,56,0
7110,58,0
7111,53,0
7112,58,0
7113,58,0
7114,56,0
7115,55,0
7116,59,0
7117,58,0
7118,58,0
7119,58,0
7120,57,0
7121,53,0
7122,56,0
7123,56,0
7124,56,0
7125,56,0
7126,55,0
7127,57,0
7128,58,0
7129,56,0
7130,58,0
7131,55,0
7132,58,0
7133,56,0
7134,58,0
7135,57,0
7136,59,0
7137,56,0
7138,58,0
7139,58,0
7140,57,0
7141,56,0
7142,56,0
7143,55,0
7144,54,0
7145,56,0
7146,58,0
7147,57,0
7148,53,0
7149,56,0
7150,56,0
7151,57,0
7152,55,0
7153,56,0
7154,56,0
7155,56,0
7156,55,0
7157,57,0
7158,58,0
7159,56,0
7160,58,0
7161,55,0
7162,55,0
7163,58,0
7164,56,0
7165,55,0
7166,55,0
7167,59,0
7168,56,0
7169,58,0
7170,58,0
7171,57,0
7172,57,0
7173,56,0
7174,54,0
7175,56,0
7176,57,0
7177,59,0
7178,56,0
7179,56,0
7180,58,0
7181,56,0
7182,55,0
7183,57,0
7184,57,0
7185,56,0
7186,56,0
7187,57,0
7188,57,0
7189,56,0
7190,58,0
7191,58,0
7192,55,0
7193,55,0
7194,55,0
7195,56,0
7196,56,0
7197,56,0
7198,59,0
7199,58,0
7200,58,0
7201,56,0
7202,55,0
7203,57,0
7204,57,0
7205,56,0
7206,56,0
7207,58,0
7208,53,0
7209,56,0
7210,56,0
7211,57,0
7212,59,0
7213,56,0
7214,56,0
7215,58,0
7216,57,0
7217,56,0
7218,56,0
7219,58,0
7220,59,0
7221,56,0
7222,56,0
7223,56,0
7224,57,0
7225,56,0
7226,54,0
7227,61,0
7228,57,0
7229,54,0
7230,56,0
7231,55,0
7232,57,0
7233,53,0
7234,58,0
7235,56,0
7236,57,0
7237,59,0
7238,56,0
7239,56,0
7240,58,0
7241,57,0
7242,56,0
7243,56,0
7244,58,0
7245,57,0
7246,59,0
7247,58,0
7248,58,0
7249,56,0
7250,57,0
7251,57,0
7252,56,0
7253,58,0
7254,58,0
7255,57,0
7256,57,0
7257,58,0
7258,56,0
7259,56,0
7260,55,0
7261,56,0
7262,58,0
7263,56,0
7264,57,0
7265,56,0
7266,58,0
7267,56,0
7268,59,0
7269,56,0
7270,56,0
7271,56,0
7272,57,0
7273,57,0
7274,56,0
7275,54,0
7276,57,0
7277,57,0
7278,56,0
7279,56,0
7280,58,0
7281,56,0
7282,57,0
7283,57,0
7284,56,0
7285,56,0
7286,58,0
7287,56,0
7288,59,0
7289,55,0
7290,58,0
7291,56,0
7292,56,0
7293,59,0
7294,59,0
7295,58,0
7296,56,0
7297,59,0
7298,59,0
7299,56,0
7300,60,0
7301,58,0
7302,58,0
7303,57,0
7304,57,0
7305,58,0
7306,58,0
7307,56,0
7308,59,0
7309,59,0
7310,59,0
7311,54,0
7312,54,0
7313,57,0
7314,57,0
7315,55,0
7316,56,0
7317,58,0
7318,58,0
7319,57,0
7320,57,0
7321,56,0
7322,60,0
7323,56,0
7324,55,0
7325,57,0
7326,58,0
7327,58,0
7328,58,0
7329,56,0
7330,57,0
7331,57,0
7332,56,0
7333,58,0
7334,57,0
7335,58,0
7336,56,0
7337,56,0
7338,57,0
7339,57,0
7340,56,0
7341,56,0
7342,58,0
7343,55,0
7344,58,0
7345,56,0
7346,56,0
7347,57,0
7348,57,0
7349,58,0
7350,57,0
7351,57,0
7352,59,0
7353,56,0
7354,56,0
7355,56,0
7356,56,0
7357,58,0
7358,59,0
7359,54,0
7360,56,0
7361,56,0
7362,57,0
7363,55,0
7364,55,0
7365,58,0
7366,56,0
7367,59,0
7368,57,0
7369,56,0
7370,56,0
7371,58,0
7372,57,0
7373,59,0
7374,56,0
7375,58,0
7376,53,0
7377,56,0
7378,56,0
7379,57,0
7380,54,0
7381,56,0
7382,58,0
7383,59,0
7384,55,0
7385,56,0
7386,56,0
7387,56,0
7388,57,0
7389,56,0
7390,56,0
7391,57,0
7392,57,0
7393,58,0
7394,56,0
7395,56,0
7396,57,0
7397,59,0
7398,56,0
7399,58,0
7400,58,0
7401,55,0
7402,56,0
7403,56,0
7404,57,0
7405,55,0
7406,56,0
7407,58,0
7408,57,0
7409,55,0
7410,56,0
7411,56,0
7412,56,0
7413,57,0
7414,54,0
7415,56,0
7416,57,0
7417,56,0
7418,58,0
7419,60,0
7420,57,0
7421,57,0
7422,58,0
7423,56,0
7424,57,0
7425,57,0
7426,57,0
7427,56,0
7428,56,0
7429,57,0
7430,56,0
7431,58,0
7432,58,0
7433,57,0
7434,57,0
7435,56,0
7436,56,0
7437,56,0
7438,57,0
7439,59,0
7440,58,0
7441,56,0
7442,55,0
7443,55,0
7444,58,0
7445,58,0
7446,58,0
7447,54,0
7448,55,0
7449,56,0
7450,56,0
7451,56,0
7452,57,0
7453,56,0
7454,56,0
7455,55,0
7456,57,0
7457,56,0
7458,58,0
7459,59,0
7460,57,0
7461,56,0
7462,56,0
7463,56,0
7464,59,0
7465,55,0
7466,59,0
7467,56,0
7468,56,0
7469,55,0
7470,55,0
7471,58,0
7472,58,0
7473,55,0
7474,57,0
7475,58,0
7476,56,0
7477,56,0
7478,55,0
7479,55,0
7480,58,0
7481,57,0
7482,56,0
7483,58,0
7484,55,0
7485,59,0
7486,56,0
7487,58,0
7488,56,0
7489,55,0
7490,56,0
7491,54,0
7492,56,0
7493,57,0
7494,55,0
7495,56,0
7496,58,0
7497,59,0
7498,55,0
7499,56,0
7500,56,0
7501,56,0
7502,57,0
7503,55,0
7504,56,0
7505,56,0
7506,58,0
7507,57,0
7508,55,0
7509,58,0
7510,58,0
7511,56,0
7512,55,0
7513,55,0
7514,56,0
7515,56,0
7516,58,0
7517,55,0
7518,59,0
7519,58,0
7520,58,0
7521,55,0
7522,57,0
7523,56,0
7524,56,0
7525,54,0
7526,53,0
7527,56,0
7528,58,0
7529,57,0
7530,57,0
7531,56,0
7532,58,0
7533,58,0
7534,56,0
7535,56,0
7536,55,0
7537,56,0
7538,58,0
7539,58,0
7540,57,0
7541,53,0
7542,56,0
7543,56,0
7544,53,0
7545,55,0
7546,57,0
7547,56,0
7548,54,0
7549,56,0
7550,59,0
7551,55,0
7552,58,0
7553,56,0
7554,59,0
7555,55,0
7556,56,0
7557,56,0
7558,57,0
7559,55,0
7560,58,0
7561,56,0
7562,56,0
7563,57,0
7564,55,0
7565,56,0
7566,56,0
7567,56,0
7568,55,0
7569,57,0
7570,56,0
7571,56,0
7572,59,0
7573,55,0
7574,58,0
7575,56,0
7576,57,0
7577,59,0
7578,58,0
7579,56,0
7580,61,0
7581,57,0
7582,57,0
7583,56,0
7584,58,0
7585,56,0
7586,57,0
7587,57,0
7588,59,0
7589,56,0
7590,56,0
7591,58,0
7592,57,0
7593,56,0
7594,58,0
7595,58,0
7596,57,0
7597,57,0
7598,58,0
7599,56,0
7600,58,0
7601,57,0
7602,55,0
7603,57,0
7604,56,0
7605,58,0
7606,57,0
7607,57,0
7608,58,0
7609,56,0
7610,57,0
7611,55,0
7612,58,0
7613,56,0
7614,59,0
7615,57,0
7616,58,0
7617,56,0
7618,56,0
7619,57,0
7620,57,0
7621,56,0
7622,58,0
7623,57,0
7624,55,0
7625,58,0
7626,56,0
7627,56,0
7628,57,0
7629,59,0
7630,56,0
7631,56,0
7632,58,0
7633,59,0
7634,59,0
7635,58,0
7636,56,0
7637,58,0
7638,57,0
7639,55,0
7640,53,0
7641,58,0
7642,58,0
7643,56,0
7644,55,0
7645,55,0
7646,56,0
7647,58,0
7648,57,0
7649,56,0
7650,54,0
7651,58,0
7652,57,0
7653,57,0
7654,56,0
7655,58,0
7656,56,0
7657,57,0
7658,59,0
7659,56,0
7660,56,0
7661,55,0
7662,56,0
7663,58,0
7664,58,0
7665,59,0
7666,56,0
7667,58,0
7668,57,0
7669,55,0
7670,58,0
7671,58,0
7672,57,0
7673,55,0
7674,56,0
7675,58,0
7676,58,0
7677,57,0
7678,59,0
7679,58,0
7680,56,0
7681,56,0
7682,57,0
7683,57,0
7684,55,0
7685,54,0
7686,56,0
7687,56,0
7688,58,0
7689,55,0
7690,57,0
7691,56,0
7692,58,0
7693,55,0
7694,58,0
7695,56,0
7696,58,0
7697,57,0
7698,56,0
7699,56,0
7700,58,0
7701,55,0
7702,59,0
7703,56,0
7704,56,0
7705,55,0
7706,55,0
7707,56,0
7708,56,0
7709,59,0
7710,57,0
7711,54,0
7712,56,0
7713,58,0
7714,57,0
7715,56,0
7716,56,0
7717,54,0
7718,55,0
7719,55,0
7720,56,0
7721,56,0
7722,59,0
7723,59,0
7724,56,0
7725,56,0
7726,57,0
7727,61,0
7728,56,0
7729,56,0
7730,53,0
7731,58,0
7732,56,0
7733,59,0
7734,57,0
7735,58,0
7736,56,0
7737,58,0
7738,57,0
7739,58,0
7740,58,0
7741,56,0
7742,58,0
7743,57,0
7744,55,0
7745,58,0
7746,56,0
7747,58,0
7748,57,0
7749,55,0
7750,58,0
7751,58,0
7752,58,0
7753,57,0
7754,59,0
7755,58,0
7756,56,0
7757,58,0
7758,55,0
7759,58,0
7760,56,0
7761,58,0
7762,57,0
7763,55,0
7764,56,0
7765,58,0
7766,57,0
7767,57,0
7768,57,0
7769,58,0
7770,54,0
7771,58,0
7772,57,0
7773,57,0
7774,58,0
7775,58,0
7776,56,0
7777,53,0
7778,55,0
7779,56,0
7780,56,0
7781,59,0
7782,57,0
7783,58,0
7784,56,0
7785,55,0
7786,53,0
7787,56,0
7788,57,0
7789,53,0
7790,56,0
7791,58,0
7792,57,0
7793,57,0
7794,56,0
7795,56,0
7796,56,0
7797,57,0
7798,57,0
7799,59,0
7800,57,0
7801,56,0
7802,58,0
7803,58,0
7804,56,0
7805,56,0
7806,55,0
7807,58,0
7808,54,0
7809,58,0
7810,55,0
7811,57,0
7812,59,0
7813,56,0
7814,56,0
7815,55,0
7816,57,0
7817,59,0
7818,56,0
7819,56,0
7820,59,0
7821,56,0
7822,56,0
7823,57,0
7824,59,0
7825,56,0
7826,56,0
7827,56,0
7828,59,0
7829,57,0
7830,56,0
7831,58,0
7832,54,0
7833,53,0
7834,59,0
7835,58,0
7836,58,0
7837,56,0
7838,57,0
7839,57,0
7840,58,0
7841,56,0
7842,58,0
7843,59,0
7844,59,0
7845,56,0
7846,56,0
7847,56,0
7848,57,0
7849,60,0
7850,56,0
7851,57,0
7852,57,0
7853,56,0
7854,56,0
7855,58,0
7856,58,0
7857,55,0
7858,55,0
7859,56,0
7860,56,0
7861,56,0
7862,58,0
7863,57,0
7864,59,0
7865,55,0
7866,56,0
7867,58,0
7868,54,0
7869,56,0
7870,55,0
7871,57,0
7872,56,0
7873,58,0
7874,56,0
7875,57,0
7876,56,0
7877,56,0
7878,57,0
7879,55,0
7880,58,0
7881,58,0
7882,56,0
7883,56,0
7884,59,0
7885,57,0
7886,54,0
7887,56,0
7888,53,0
7889,55,0
7890,60,0
7891,56,0
7892,57,0
7893,57,0
7894,60,0
7895,56,0
7896,57,0
7897,57,0
7898,56,0
7899,54,0
7900,55,0
7901,55,0
7902,56,0
7903,56,0
7904,56,0
7905,55,0
7906,56,0
7907,56,0
7908,56,0
7909,55,0
7910,58,0
7911,56,0
7912,55,0
7913,54,0
7914,56,0
7915,56,0
7916,59,0
7917,56,0
7918,60,0
7919,57,0
7920,59,0
7921,56,0
7922,56,0
7923,58,0
7924,55,0
7925,57,0
7926,56,0
7927,56,0
7928,58,0
7929,55,0
7930,57,0
7931,56,0
7932,58,0
7933,56,0
7934,59,0
7935,57,0
7936,56,0
7937,58,0
7938,55,0
7939,59,0
7940,57,0
7941,56,0
7942,56,0
7943,57,0
7944,57,0
7945,56,0
7946,56,0
7947,59,0
7948,57,0
7949,56,0
7950,56,0
7951,56,0
7952,57,0
7953,57,0
7954,55,0
7955,56,0
7956,58,0
7957,56,0
7958,59,0
7959,56,0
7960,56,0
7961,59,0
7962,55,0
7963,57,0
7964,58,0
7965,56,0
7966,56,0
7967,55,0
7968,58,0
7969,58,0
7970,58,0
7971,55,0
7972,57,0
7973,57,0
7974,54,0
7975,56,0
7976,57,0
7977,56,0
7978,58,0
7979,55,0
7980,57,0
7981,56,0
7982,56,0
7983,58,0
7984,55,0
7985,57,0
7986,56,0
7987,58,0
7988,57,0
7989,55,0
7990,58,0
7991,58,0
7992,57,0
7993,55,0
7994,58,0
7995,56,0
7996,57,0
7997,59,0
7998,56,0
7999,56,0
8000,58,0
8001,55,0
8002,57,0
8003,58,0
8004,58,0
8005,58,0
8006,58,0
8007,57,0
8008,59,0
8009,57,0
8010,58,0
8011,58,0
8012,58,0
8013,53,0
8014,56,0
8015,56,0
8016,58,0
8017,55,0
8018,55,0
8019,56,0
8020,58,0
8021,58,0
8022,55,0
8023,58,0
8024,56,0
8025,58,0
8026,55,0
8027,55,0
8028,56,0
8029,56,0
8030,55,0
8031,55,0
8032,59,0
8033,58,0
8034,56,0
8035,57,0
8036,55,0
8037,55,0
8038,56,0
8039,56,0
8040,58,0
8041,55,0
8042,57,0
8043,55,0
8044,54,0
8045,58,0
8046,55,0
8047,55,0
8048,56,0
8049,56,0
8050,54,0
8051,57,0
8052,58,0
8053,58,0
8054,56,0
8055,55,0
8056,59,0
8057,55,0
8058,56,0
8059,56,0
8060,55,0
8061,55,0
8062,56,0
8063,56,0
8064,56,0
8065,56,0
8066,57,0
8067,56,0
8068,56,0
8069,53,0
8070,58,0
8071,58,0
8072,58,0
8073,57,0
8074,57,0
8075,56,0
8076,56,0
8077,57,0
8078,59,0
8079,56,0
8080,56,0
8081,56,0
8082,59,0
8083,58,0
8084,58,0
8085,57,0
8086,56,0
8087,56,0
8088,58,0
8089,57,0
8090,57,0
8091,56,0
8092,58,0
8093,59,0
8094,55,0
8095,56,0
8096,56,0
8097,55,0
8098,57,0
8099,57,0
8100,56,0
8101,58,0
8102,56,0
8103,57,0
8104,56,0
8105,58,0
8106,56,0
8107,55,0
8108,59,0
8109,56,0
8110,54,0
8111,57,0
8112,57,0
8113,57,0
8114,56,0
8115,56,0
8116,56,0
8117,56,0
8118,57,0
8119,57,0
8120,55,0
8121,58,0
8122,56,0
8123,56,0
8124,57,0
8125,58,0
8126,56,0
8127,56,0
8128,59,0
8129,56,0
8130,58,0
8131,58,0
8132,55,0
8133,56,0
8134,58,0
8135,58,0
8136,57,0
8137,57,0
8138,59,0
8139,56,0
8140,56,0
8141,57,0
8142,58,0
8143,56,0
8144,57,0
8145,57,0
8146,56,0
8147,58,0
8148,55,0
8149,59,0
8150,58,0
8151,58,0
8152,56,0
8153,59,0
8154,57,0
8155,56,0
8156,56,0
8157,56,0
8158,57,0
8159,57,0
8160,56,0
8161,56,0
8162,55,0
8163,57,0
8164,56,0
8165,56,0
8166,57,0
8167,54,0
8168,56,0
8169,56,0
8170,55,0
8171,59,0
8172,56,0
8173,56,0
8174,55,0
8175,57,0
8176,56,0
8177,56,0
8178,55,0
8179,59,0
8180,58,0
8181,59,0
8182,59,0
8183,54,0
8184,56,0
8185,57,0
8186,59,0
8187,56,0
8188,56,0
8189,59,0
8190,57,0
8191,59,0
8192,58,0
8193,58,0
8194,56,0
8195,57,0
8196,54,0
8197,58,0
8198,57,0
8199,55,0
8200,58,0
8201,54,0
8202,56,0
8203,55,0
8204,54,0
8205,53,0
8206,55,0
8207,56,0
8208,56,0
8209,56,0
8210,56,0
8211,55,0
8212,56,0
8213,58,0
8214,56,0
8215,56,0
8216,57,0
8217,57,0
8218,56,0
8219,56,0
8220,56,0
8221,57,0
8222,59,0
8223,56,0
8224,58,0
8225,55,0
8226,57,0
8227,55,0
8228,56,0
8229,54,0
8230,55,0
8231,56,0
8232,56,0
8233,56,0
8234,56,0
8235,59,0
8236,53,0
8237,56,0
8238,56,0
8239,56,0
8240,55,0
8241,59,0
8242,55,0
8243,56,0
8244,58,0
8245,58,0
8246,58,0
8247,57,0
8248,57,0
8249,55,0
8250,58,0
8251,58,0
8252,57,0
8253,57,0
8254,58,0
8255,58,0
8256,56,0
8257,57,0
8258,55,0
8259,56,0
8260,56,0
8261,57,0
8262,57,0
8263,59,0
8264,58,0
8265,58,0
8266,58,0
8267,55,0
8268,55,0
8269,56,0
8270,56,0
8271,55,0
8272,55,0
8273,54,0
8274,56,0
8275,55,0
8276,59,0
8277,58,0
8278,56,0
8279,56,0
8280,58,0
8281,57,0
8282,58,0
8283,58,0
8284,55,0
8285,56,0
8286,58,0
8287,56,0
8288,55,0
8289,58,0
8290,56,0
8291,57,0
8292,55,0
8293,58,0
8294,56,0
8295,58,0
8296,61,0
8297,57,0
8298,56,0
8299,56,0
8300,57,0
8301,56,0
8302,56,0
8303,53,0
8304,55,0
8305,58,0
8306,57,0
8307,55,0
8308,57,0
8309,54,0
8310,54,0
8311,55,0
8312,53,0
8313,58,0
8314,56,0
8315,56,0
8316,55,0
8317,58,0
8318,56,0
8319,57,0
8320,55,0
8321,58,0
8322,57,0
8323,55,0
8324,57,0
8325,56,0
8326,54,0
8327,55,0
8328,57,0
8329,58,0
8330,54,0
8331,57,0
8332,56,0
8333,56,0
8334,58,0
8335,57,0
8336,57,0
8337,56,0
8338,56,0
8339,59,0
8340,57,0
8341,56,0
8342,58,0
8343,56,0
8344,57,0
8345,57,0
8346,56,0
8347,56,0
8348,56,0
8349,53,0
8350,57,0
8351,58,0
8352,56,0
8353,56,0
8354,56,0
8355,59,0
8356,57,0
8357,55,0
8358,56,0
8359,56,0
8360,57,0
8361,61,0
8362,57,0
8363,54,0
8364,58,0
8365,58,0
8366,57,0
8367,56,0
8368,58,0
8369,56,0
8370,57,0
8371,56,0
8372,56,0
8373,56,0
8374,56,0
8375,55,0
8376,59,0
8377,56,0
8378,56,0
8379,54,0
8380,57,0
8381,55,0
8382,54,0
8383,56,0
8384,56,0
8385,57,0
8386,59,0
8387,56,0
8388,56,0
8389,58,0
8390,59,0
8391,55,0
8392,58,0
8393,56,0
8394,56,0
8395,56,0
8396,55,0
8397,57,0
8398,58,0
8399,56,0
8400,57,0
8401,59,0
8402,56,0
8403,56,0
8404,56,0
8405,55,0
8406,55,0
8407,58,0
8408,56,0
8409,56,0
8410,59,0
8411,57,0
8412,56,0
8413,58,0
8414,58,0
8415,59,0
8416,57,0
8417,57,0
8418,56,0
8419,56,0
8420,55,0
8421,56,0
8422,58,0
8423,55,0
8424,55,0
8425,58,0
8426,60,0
8427,58,0
8428,57,0
8429,59,0
8430,58,0
8431,54,0
8432,56,0
8433,55,0
8434,55,0
8435,56,0
8436,56,0
8437,56,0
8438,57,0
8439,55,0
8440,58,0
8441,56,0
8442,56,0
8443,57,0
8444,59,0
8445,55,0
8446,58,0
8447,56,0
8448,56,0
8449,55,0
8450,57,0
8451,54,0
8452,59,0
8453,57,0
8454,56,0
8455,56,0
8456,60,0
8457,59,0
8458,57,0
8459,58,0
8460,56,0
8461,56,0
8462,57,0
8463,57,0
8464,56,0
8465,56,0
8466,59,0
8467,57,0
8468,58,0
8469,58,0
8470,58,0
8471,57,0
8472,56,0
8473,56,0
8474,57,0
8475,57,0
8476,56,0
8477,58,0
8478,57,0
8479,55,0
8480,56,0
8481,56,0
8482,58,0
8483,57,0
8484,58,0
8485,56,0
8486,57,0
8487,59,0
8488,56,0
8489,56,0
8490,58,0
8491,55,0
8492,59,0
8493,56,0
8494,56,0
8495,54,0
8496,54,0
8497,59,0
8498,58,0
8499,58,0
8500,56,0
8501,57,0
8502,55,0
8503,58,0
8504,56,0
8505,58,0
8506,57,0
8507,56,0
8508,56,0
8509,55,0
8510,59,0
8511,56,0
8512,56,0
8513,55,0
8514,56,0
8515,56,0
8516,55,0
8517,58,0
8518,56,0
8519,57,0
8520,57,0
8521,56,0
8522,58,0
8523,57,0
8524,57,0
8525,56,0
8526,56,0
8527,56,0
8528,55,0
8529,56,0
8530,58,0
8531,56,0
8532,56,0
8533,55,0
8534,55,0
8535,56,0
8536,56,0
8537,56,0
8538,55,0
8539,55,0
8540,56,0
8541,54,0
8542,56,0
8543,57,0
8544,56,0
8545,58,0
8546,56,0
8547,57,0
8548,58,0
8549,56,0
8550,58,0
8551,55,0
8552,55,0
8553,54,0
8554,56,0
8555,58,0
8556,57,0
8557,57,0
8558,54,0
8559,56,0
8560,56,0
8561,59,0
8562,55,0
8563,57,0
8564,58,0
8565,56,0
8566,56,0
8567,55,0
8568,56,0
8569,58,0
8570,58,0
8571,55,0
8572,57,0
8573,57,0
8574,56,0
8575,56,0
8576,58,0
8577,57,0
8578,53,0
8579,58,0
8580,56,0
8581,56,0
8582,55,0
8583,57,0
8584,56,0
8585,54,0
8586,56,0
8587,56,0
8588,59,0
8589,55,0
8590,56,0
8591,54,0
8592,56,0
8593,58,0
8594,57,0
8595,55,0
8596,56,0
8597,56,0
8598,57,0
8599,59,0
8600,56,0
8601,58,0
8602,55,0
8603,55,0
8604,56,0
8605,56,0
8606,58,0
8607,55,0
8608,56,0
8609,58,0
8610,57,0
8611,59,0
8612,56,0
8613,56,0
8614,58,0
8615,56,0
8616,57,0
8617,59,0
8618,56,0
8619,56,0
8620,55,0
8621,59,0
8622,56,0
8623,56,0
8624,57,0
8625,53,0
8626,56,0
8627,58,0
8628,58,0
8629,57,0
8630,56,0
8631,58,0
8632,57,0
8633,57,0
8634,58,0
8635,56,0
8636,58,0
8637,56,0
8638,57,0
8639,56,0
8640,58,0
8641,58,0
8642,59,0
8643,55,0
8644,58,0
8645,56,0
8646,56,0
8647,57,0
8648,57,0
8649,56,0
8650,56,0
8651,56,0
8652,55,0
8653,55,0
8654,56,0
8655,56,0
8656,56,0
8657,53,0
8658,56,0
8659,58,0
8660,56,0
8661,59,0
8662,58,0
8663,58,0
8664,57,0
8665,57,0
8666,58,0
8667,54,0
8668,56,0
8669,55,0
8670,55,0
8671,58,0
8672,56,0
8673,56,0
8674,59,0
8675,56,0
8676,54,0
8677,56,0
8678,57,0
8679,58,0
8680,58,0
8681,57,0
8682,56,0
8683,56,0
8684,56,0
8685,57,0
8686,55,0
8687,56,0
8688,56,0
8689,58,0
8690,57,0
8691,59,0
8692,58,0
8693,57,0
8694,55,0
8695,57,0
8696,56,0
8697,58,0
8698,54,0
8699,59,0
8700,59,0
8701,56,0
8702,58,0
8703,55,0
8704,57,0
8705,57,0
8706,58,0
8707,58,0
8708,56,0
8709,59,0
8710,57,0
8711,56,0
8712,56,0
8713,57,0
8714,57,0
8715,54,0
8716,56,0
8717,56,0
8718,54,0
8719,59,0
8720,54,0
8721,56,0
8722,56,0
8723,58,0
8724,55,0
8725,56,0
8726,58,0
8727,58,0
8728,53,0
8729,59,0
8730,58,0
8731,56,0
8732,58,0
8733,57,0
8734,55,0
8735,56,0
8736,56,0
8737,58,0
8738,57,0
8739,55,0
8740,58,0
8741,54,0
8742,56,0
8743,56,0
8744,57,0
8745,57,0
8746,56,0
8747,56,0
8748,55,0
8749,57,0
8750,56,0
8751,56,0
8752,56,0
8753,55,0
8754,59,0
8755,57,0
8756,58,0
8757,56,0
8758,56,0
8759,59,0
8760,55,0
8761,56,0
8762,56,0
8763,58,0
8764,55,0
8765,57,0
8766,59,0
8767,57,0
8768,56,0
8769,60,0
8770,56,0
8771,56,0
8772,59,0
8773,57,0
8774,55,0
8775,54,0
8776,56,0
8777,55,0
8778,55,0
8779,56,0
8780,54,0
8781,57,0
8782,57,0
8783,58,0
8784,56,0
8785,58,0
8786,57,0
8787,59,0
8788,56,0
8789,54,0
8790,56,0
8791,59,0
8792,59,0
8793,59,0
8794,56,0
8795,56,0
8796,55,0
8797,57,0
8798,61,0
8799,54,0
8800,56,0
8801,58,0
8802,57,0
8803,56,0
8804,56,0
8805,56,0
8806,55,0
8807,57,0
8808,56,0
8809,60,0
8810,56,0
8811,55,0
8812,58,0
8813,58,0
8814,58,0
8815,55,0
8816,54,0
8817,56,0
8818,56,0
8819,58,0
8820,57,0
8821,59,0
8822,56,0
8823,56,0
8824,56,0
8825,57,0
8826,56,0
8827,58,0
8828,56,0
8829,56,0
8830,57,0
8831,59,0
8832,57,0
8833,56,0
8834,56,0
8835,58,0
8836,56,0
8837,56,0
8838,55,0
8839,54,0
8840,57,0
8841,55,0
8842,54,0
8843,58,0
8844,57,0
8845,59,0
8846,58,0
8847,56,0
8848,58,0
8849,57,0
8850,56,0
8851,58,0
8852,56,0
8853,59,0
8854,58,0
8855,56,0
8856,58,0
8857,57,0
8858,56,0
8859,56,0
8860,59,0
8861,57,0
8862,56,0
8863,58,0
8864,56,0
8865,53,0
8866,58,0
8867,56,0
8868,57,0
8869,59,0
8870,56,0
8871,56,0
8872,56,0
8873,55,0
8874,57,0
8875,58,0
8876,58,0
8877,58,0
8878,55,0
8879,56,0
8880,56,0
8881,55,0
8882,56,0
8883,56,0
8884,57,0
8885,59,0
8886,56,0
8887,56,0
8888,59,0
8889,57,0
8890,59,0
8891,58,0
8892,56,0
8893,56,0
8894,55,0
8895,55,0
8896,56,0
8897,56,0
8898,53,0
8899,55,0
8900,55,0
8901,56,0
8902,58,0
8903,58,0
8904,57,0
8905,57,0
8906,58,0
8907,58,0
8908,55,0
8909,59,0
8910,56,0
8911,56,0
8912,55,0
8913,57,0
8914,56,0
8915,56,0
8916,58,0
8917,57,0
8918,55,0
8919,55,0
8920,54,0
8921,56,0
8922,55,0
8923,55,0
8924,55,0
8925,56,0
8926,58,0
8927,57,0
8928,55,0
8929,56,0
8930,56,0
8931,55,0
8932,55,0
8933,56,0
8934,56,0
8935,56,0
8936,57,0
8937,59,0
8938,56,0
8939,58,0
8940,56,0
8941,55,0
8942,57,0
8943,54,0
8944,58,0
8945,53,0
8946,59,0
8947,58,0
8948,56,0
8949,56,0
8950,53,0
8951,59,0
8952,56,0
8953,58,0
8954,57,0
8955,59,0
8956,56,0
8957,56,0
8958,56,0
8959,57,0
8960,59,0
8961,55,0
8962,56,0
8963,56,0
8964,56,0
8965,56,0
8966,59,0
8967,59,0
8968,56,0
8969,58,0
8970,59,0
8971,55,0
8972,56,0
8973,56,0
8974,55,0
8975,55,0
8976,60,0
8977,58,0
8978,57,0
8979,59,0
8980,58,0
8981,56,0
8982,57,0
8983,59,0
8984,56,0
8985,56,0
8986,54,0
8987,55,0
8988,57,0
8989,58,0
8990,56,0
8991,57,0
8992,57,0
8993,56,0
8994,56,0
8995,57,0
8996,59,0
8997,58,0
8998,56,0
8999,57,0
9000,55,0
9001,56,0
9002,60,0
9003,56,0
9004,57,0
9005,57,0
9006,58,0
9007,56,0
9008,57,0
9009,58,0
9010,56,0
9011,56,0
9012,59,0
9013,58,0
9014,56,0
9015,58,0
9016,57,0
9017,58,0
9018,56,0
9019,57,0
9020,56,0
9021,56,0
9022,58,0
9023,55,0
9024,56,0
9025,56,0
9026,56,0
9027,57,0
9028,57,0
9029,54,0
9030,58,0
9031,58,0
9032,59,0
9033,56,0
9034,58,0
9035,56,0
9036,59,0
9037,55,0
9038,58,0
9039,56,0
9040,58,0
9041,59,0
9042,57,0
9043,54,0
9044,56,0
9045,56,0
9046,55,0
9047,61,0
9048,56,0
9049,58,0
9050,56,0
9051,55,0
9052,57,0
9053,56,0
9054,56,0
9055,58,0
9056,57,0
9057,55,0
9058,56,0
9059,58,0
9060,59,0
9061,59,0
9062,60,0
9063,54,0
9064,54,0
9065,57,0
9066,55,0
9067,55,0
9068,56,0
9069,56,0
9070,58,0
9071,55,0
9072,56,0
9073,54,0
9074,56,0
9075,57,0
9076,59,0
9077,56,0
9078,56,0
9079,58,0
9080,57,0
9081,58,0
9082,58,0
9083,56,0
9084,57,0
9085,57,0
9086,56,0
9087,56,0
9088,56,0
9089,56,0
9090,57,0
9091,55,0
9092,56,0
9093,56,0
9094,56,0
9095,55,0
9096,55,0
9097,56,0
9098,56,0
9099,58,0
9100,57,0
9101,55,0
9102,56,0
9103,54,0
9104,58,0
9105,57,0
9106,59,0
9107,58,0
9108,56,0
9109,58,0
9110,55,0
9111,59,0
9112,55,0
9113,57,0
9114,55,0
9115,55,0
9116,56,0
9117,58,0
9118,56,0
9119,55,0
9120,54,0
9121,57,0
9122,56,0
9123,56,0
9124,56,0
9125,55,0
9126,56,0
9127,56,0
9128,59,0
9129,59,0
9130,56,0
9131,58,0
9132,55,0
9133,56,0
9134,56,0
9135,56,0
9136,57,0
9137,58,0
9138,54,0
9139,57,0
9140,56,0
9141,56,0
9142,55,0
9143,54,0
9144,58,0
9145,59,0
9146,55,0
9147,56,0
9148,56,0
9149,58,0
9150,57,0
9151,57,0
9152,58,0
9153,57,0
9154,55,0
9155,56,0
9156,56,0
9157,56,0
9158,56,0
9159,57,0
9160,55,0
9161,57,0
9162,58,0
9163,56,0
9164,58,0
9165,57,0
9166,55,0
9167,58,0
9168,56,0
9169,55,0
9170,55,0
9171,58,0
9172,58,0
9173,55,0
9174,56,0
9175,58,0
9176,58,0
9177,57,0
9178,57,0
9179,58,0
9180,58,0
9181,57,0
9182,57,0
9183,57,0
9184,56,0
9185,58,0
9186,58,0
9187,58,0
9188,57,0
9189,57,0
9190,56,0
9191,56,0
9192,57,0
9193,57,0
9194,56,0
9195,56,0
9196,54,0
9197,58,0
9198,57,0
9199,55,0
9200,56,0
9201,58,0
9202,57,0
9203,55,0
9204,59,0
9205,54,0
9206,58,0
9207,56,0
9208,56,0
9209,57,0
9210,55,0
9211,56,0
9212,56,0
9213,53,0
9214,55,0
9215,56,0
9216,56,0
9217,54,0
9218,57,0
9219,57,0
9220,56,0
9221,56,0
9222,58,0
9223,57,0
9224,57,0
9225,56,0
9226,56,0
9227,56,0
9228,55,0
9229,57,0
9230,56,0
9231,58,0
9232,56,0
9233,57,0
9234,55,0
9235,56,0
9236,58,0
9237,56,0
9238,57,0
9239,53,0
9240,55,0
9241,58,0
9242,58,0
9243,57,0
9244,55,0
9245,58,0
9246,56,0
9247,59,0
9248,59,0
9249,56,0
9250,56,0
9251,55,0
9252,56,0
9253,58,0
9254,58,0
9255,59,0
9256,57,0
9257,55,0
9258,56,0
9259,56,0
9260,58,0
9261,59,0
9262,55,0
9263,59,0
9264,56,0
9265,58,0
9266,58,0
9267,53,0
9268,57,0
9269,59,0
9270,56,0
9271,58,0
9272,57,0
9273,61,0
9274,58,0
9275,58,0
9276,57,0
9277,55,0
9278,55,0
9279,56,0
9280,59,0
9281,57,0
9282,57,0
9283,55,0
9284,58,0
9285,56,0
9286,58,0
9287,59,0
9288,55,0
9289,56,0
9290,54,0
9291,55,0
9292,55,0
9293,56,0
9294,58,0
9295,56,0
9296,56,0
9297,59,0
9298,55,0
9299,58,0
9300,56,0
9301,53,0
9302,56,0
9303,56,0
9304,55,0
9305,56,0
9306,58,0
9307,56,0
9308,57,0
9309,59,0
9310,56,0
9311,56,0
9312,56,0
9313,56,0
9314,59,0
9315,57,0
9316,58,0
9317,56,0
9318,59,0
9319,59,0
9320,53,0
9321,56,0
9322,56,0
9323,58,0
9324,61,0
9325,56,0
9326,56,0
9327,58,0
9328,59,0
9329,56,0
9330,58,0
9331,58,0
9332,59,0
9333,57,0
9334,59,0
9335,56,0
9336,56,0
9337,59,0
9338,57,0
9339,58,0
9340,56,0
9341,56,0
9342,59,0
9343,55,0
9344,59,0
9345,58,0
9346,58,0
9347,56,0
9348,55,0
9349,56,0
9350,58,0
9351,58,0
9352,55,0
9353,57,0
9354,61,0
9355,58,0
9356,56,0
9357,57,0
9358,57,0
9359,55,0
9360,56,0
9361,56,0
9362,59,0
9363,57,0
9364,58,0
9365,58,0
9366,57,0
9367,54,0
9368,58,0
9369,58,0
9370,56,0
9371,59,0
9372,57,0
9373,58,0
9374,56,0
9375,59,0
9376,57,0
9377,58,0
9378,56,0
9379,56,0
9380,57,0
9381,55,0
9382,55,0
9383,58,0
9384,56,0
9385,56,0
9386,57,0
9387,55,0
9388,57,0
9389,56,0
9390,58,0
9391,59,0
9392,55,0
9393,59,0
9394,56,0
9395,57,0
9396,59,0
9397,58,0
9398,56,0
9399,58,0
9400,56,0
9401,57,0
9402,57,0
9403,56,0
9404,58,0
9405,58,0
9406,55,0
9407,59,0
9408,58,0
9409,56,0
9410,58,0
9411,57,0
9412,57,0
9413,55,0
9414,58,0
9415,58,0
9416,58,0
9417,56,0
9418,55,0
9419,55,0
9420,54,0
9421,56,0
9422,59,0
9423,55,0
9424,55,0
9425,58,0
9426,56,0
9427,54,0
9428,57,0
9429,55,0
9430,55,0
9431,58,0
9432,58,0
9433,57,0
9434,57,0
9435,55,0
9436,56,0
9437,56,0
9438,56,0
9439,57,0
9440,57,0
9441,57,0
9442,56,0
9443,56,0
9444,58,0
9445,57,0
9446,56,0
9447,56,0
9448,58,0
9449,57,0
9450,55,0
9451,56,0
9452,56,0
9453,57,0
9454,59,0
9455,56,0
9456,58,0
9457,58,0
9458,59,0
9459,55,0
9460,58,0
9461,56,0
9462,55,0
9463,56,0
9464,58,0
9465,58,0
9466,55,0
9467,58,0
9468,56,0
9469,57,0
9470,53,0
9471,56,0
9472,56,0
9473,56,0
9474,58,0
9475,57,0
9476,59,0
9477,56,0
9478,56,0
9479,56,0
9480,55,0
9481,59,0
9482,56,0
9483,58,0
9484,58,0
9485,59,0
9486,56,0
9487,58,0
9488,55,0
9489,59,0
9490,56,0
9491,58,0
9492,55,0
9493,55,0
9494,56,0
9495,58,0
9496,55,0
9497,56,0
9498,56,0
9499,58,0
9500,56,0
9501,57,0
9502,58,0
9503,56,0
9504,56,0
9505,55,0
9506,55,0
9507,56,0
9508,56,0
9509,57,0
9510,57,0
9511,57,0
9512,56,0
9513,56,0
9514,59,0
9515,57,0
9516,56,0
9517,58,0
9518,57,0
9519,57,0
9520,58,0
9521,58,0
9522,56,0
9523,55,0
9524,58,0
9525,56,0
9526,56,0
9527,57,0
9528,58,0
9529,58,0
9530,56,0
9531,53,0
9532,57,0
9533,54,0
9534,58,0
9535,56,0
9536,57,0
9537,55,0
9538,58,0
9539,56,0
9540,56,0
9541,57,0
9542,55,0
9543,56,0
9544,56,0
9545,59,0
9546,57,0
9547,59,0
9548,56,0
9549,56,0
9550,54,0
9551,59,0
9552,57,0
9553,58,0
9554,56,0
9555,56,0
9556,56,0
9557,55,0
9558,55,0
9559,58,0
9560,58,0
9561,53,0
9562,59,0
9563,55,0
9564,54,0
9565,56,0
9566,53,0
9567,57,0
9568,58,0
9569,56,0
9570,55,0
9571,55,0
9572,59,0
9573,56,0
9574,58,0
9575,58,0
9576,57,0
9577,57,0
9578,54,0
9579,58,0
9580,59,0
9581,57,0
9582,57,0
9583,56,0
9584,58,0
9585,55,0
9586,59,0
9587,59,0
9588,56,0
9589,56,0
9590,58,0
9591,57,0
9592,55,0
9593,57,0
9594,58,0
9595,56,0
9596,56,0
9597,59,0
9598,59,0
9599,58,0
9600,56,0
9601,56,0
9602,57,0
9603,58,0
9604,56,0
9605,56,0
9606,59,0
9607,59,0
9608,56,0
9609,56,0
9610,56,0
9611,58,0
9612,57,0
9613,58,0
9614,56,0
9615,56,0
9616,56,0
9617,59,0
9618,55,0
9619,56,0
9620,58,0
9621,56,0
9622,55,0
9623,59,0
9624,56,0
9625,54,0
9626,56,0
9627,57,0
9628,55,0
9629,56,0
9630,58,0
9631,54,0
9632,56,0
9633,59,0
9634,55,0
9635,59,0
9636,54,0
9637,56,0
9638,56,0
9639,55,0
9640,57,0
9641,54,0
9642,56,0
9643,58,0
9644,58,0
9645,59,0
9646,57,0
9647,59,0
9648,56,0
9649,54,0
9650,56,0
9651,57,0
9652,59,0
9653,56,0
9654,56,0
9655,56,0
9656,57,0
9657,56,0
9658,56,0
9659,54,0
9660,57,0
9661,58,0
9662,58,0
9663,57,0
9664,55,0
9665,58,0
9666,56,0
9667,57,0
9668,55,0
9669,58,0
9670,58,0
9671,58,0
9672,57,0
9673,59,0
9674,56,0
9675,58,0
9676,57,0
9677,55,0
9678,56,0
9679,56,0
9680,55,0
9681,55,0
9682,56,0
9683,56,0
9684,55,0
9685,57,0
9686,56,0
9687,56,0
9688,59,0
9689,55,0
9690,58,0
9691,58,0
9692,59,0
9693,59,0
9694,58,0
9695,56,0
9696,57,0
9697,55,0
9698,58,0
9699,56,0
9700,56,0
9701,59,0
9702,59,0
9703,57,0
9704,56,0
9705,56,0
9706,55,0
9707,53,0
9708,56,0
9709,56,0
9710,58,0
9711,55,0
9712,59,0
9713,56,0
9714,58,0
9715,59,0
9716,59,0
9717,56,0
9718,56,0
9719,57,0
9720,56,0
9721,58,0
9722,58,0
9723,55,0
9724,58,0
9725,56,0
9726,57,0
9727,59,0
9728,58,0
9729,54,0
9730,57,0
9731,55,0
9732,56,0
9733,56,0
9734,57,0
9735,57,0
9736,56,0
9737,58,0
9738,55,0
9739,56,0
9740,58,0
9741,57,0
9742,57,0
9743,56,0
9744,56,0
9745,57,0
9746,55,0
9747,56,0
9748,54,0
9749,59,0
9750,57,0
9751,56,0
9752,56,0
9753,56,0
9754,57,0
9755,59,0
9756,58,0
9757,56,0
9758,56,0
9759,57,0
9760,53,0
9761,58,0
9762,58,0
9763,58,0
9764,55,0
9765,59,0
9766,56,0
9767,58,0
9768,56,0
9769,55,0
9770,57,0
9771,58,0
9772,56,0
9773,56,0
9774,55,0
9775,56,0
9776,56,0
9777,56,0
9778,57,0
9779,55,0
9780,56,0
9781,58,0
9782,58,0
9783,56,0
9784,59,0
9785,54,0
9786,58,0
9787,55,0
9788,55,0
9789,56,0
9790,56,0
9791,56,0
9792,57,0
9793,55,0
9794,58,0
9795,58,0
9796,55,0
9797,57,0
9798,56,0
9799,56,0
9800,55,0
9801,53,0
9802,58,0
9803,56,0
9804,56,0
9805,55,0
9806,59,0
9807,56,0
9808,58,0
9809,58,0
9810,58,0
9811,57,0
9812,57,0
9813,58,0
9814,56,0
9815,59,0
9816,55,0
9817,56,0
9818,56,0
9819,58,0
9820,55,0
9821,55,0
9822,56,0
9823,56,0
9824,56,0
9825,59,0
9826,57,0
9827,56,0
9828,56,0
9829,58,0
9830,55,0
9831,55,0
9832,58,0
9833,56,0
9834,53,0
9835,59,0
9836,54,0
9837,55,0
9838,55,0
9839,56,0
9840,57,0
9841,57,0
9842,56,0
9843,56,0
9844,57,0
9845,55,0
9846,55,0
9847,56,0
9848,58,0
9849,55,0
9850,55,0
9851,56,0
9852,56,0
9853,60,0
9854,55,0
9855,55,0
9856,55,0
9857,56,0
9858,56,0
9859,56,0
9860,55,0
9861,55,0
9862,55,0
9863,56,0
9864,56,0
9865,56,0
9866,57,0
9867,59,0
9868,56,0
9869,56,0
9870,60,0
9871,57,0
9872,57,0
9873,59,0
9874,56,0
9875,56,0
9876,56,0
9877,57,0
9878,56,0
9879,56,0
9880,55,0
9881,57,0
9882,59,0
9883,58,0
9884,56,0
9885,56,0
9886,56,0
9887,57,0
9888,53,0
9889,56,0
9890,58,0
9891,58,0
9892,57,0
9893,56,0
9894,56,0
9895,55,0
9896,57,0
9897,57,0
9898,58,0
9899,58,0
9900,57,0
9901,57,0
9902,56,0
9903,56,0
9904,55,0
9905,54,0
9906,56,0
9907,56,0
9908,55,0
9909,57,0
9910,56,0
9911,58,0
9912,57,0
9913,58,0
9914,56,0
9915,56,0
9916,58,0
9917,57,0
9918,57,0
9919,58,0
9920,56,0
9921,58,0
9922,57,0
9923,57,0
9924,58,0
9925,56,0
9926,57,0
9927,55,0
9928,56,0
9929,57,0
9930,55,0
9931,56,0
9932,56,0
9933,57,0
9934,57,0
9935,54,0
9936,56,0
9937,54,0
9938,56,0
9939,57,0
9940,56,0
9941,56,0
9942,59,0
9943,56,0
9944,56,0
9945,55,0
9946,55,0
9947,56,0
9948,56,0
9949,59,0
9950,57,0
9951,53,0
9952,58,0
9953,58,0
9954,57,0
9955,57,0
9956,58,0
9957,54,0
9958,55,0
9959,55,0
9960,59,0
9961,56,0
9962,58,0
9963,58,0
9964,57,0
9965,59,0
9966,56,0
9967,58,0
9968,57,0
9969,55,0
9970,56,0
9971,54,0
9972,55,0
9973,56,0
9974,56,0
9975,54,0
9976,59,0
9977,55,0
9978,54,0
9979,58,0
9980,56,0
9981,55,0
9982,53,0
9983,56,0
9984,56,0
9985,59,0
9986,55,0
9987,55,0
9988,56,0
9989,58,0
9990,59,0
9991,55,0
9992,59,0
9993,56,0
9994,58,0
9995,56,0
9996,57,0
9997,55,0
9998,56,0
9999,56,0
10000,56,0
10001,56,0
10002,58,0
10003,58,0
10004,59,0
10005,55,0
10006,56,0
10007,55,0
10008,55,0
10009,56,0
10010,56,0
10011,56,0
10012,55,0
10013,55,0
10014,58,0
10015,56,0
10016,55,0
10017,56,0
10018,56,0
10019,56,0
10020,53,0
10021,56,0
10022,56,0
10023,57,0
10024,59,0
10025,56,0
10026,56,0
10027,57,0
10028,55,0
10029,56,0
10030,58,0
10031,57,0
10032,57,0
10033,56,0
10034,58,0
10035,58,0
10036,57,0
10037,56,0
10038,56,0
10039,58,0
10040,59,0
10041,58,0
10042,58,0
10043,57,0
10044,57,0
10045,56,0
10046,58,0
10047,57,0
10048,55,0
10049,54,0
10050,57,0
10051,55,0
10052,56,0
10053,57,0
10054,57,0
10055,56,0
10056,56,0
10057,55,0
10058,56,0
10059,58,0
10060,57,0
10061,54,0
10062,58,0
10063,57,0
10064,56,0
10065,54,0
10066,57,0
10067,57,0
10068,58,0
10069,58,0
10070,57,0
10071,57,0
10072,58,0
10073,55,0
10074,57,0
10075,58,0
10076,57,0
10077,57,0
10078,58,0
10079,56,0
10080,59,0
10081,59,0
10082,58,0
10083,59,0
10084,55,0
10085,58,0
10086,56,0
10087,55,0
10088,56,0
10089,56,0
10090,56,0
10091,59,0
10092,59,0
10093,58,0
10094,58,0
10095,57,0
10096,58,0
10097,56,0
10098,57,0
10099,56,0
10100,58,0
10101,56,0
10102,57,0
10103,55,0
10104,58,0
10105,56,0
10106,57,0
10107,58,0
10108,58,0
10109,56,0
10110,57,0
10111,58,0
10112,56,0
10113,57,0
10114,56,0
10115,56,0
10116,59,0
10117,55,0
10118,56,0
10119,56,0
10120,59,0
10121,55,0
10122,56,0
10123,56,0
10124,57,0
10125,58,0
10126,58,0
10127,57,0
10128,58,0
10129,58,0
10130,58,0
10131,59,0
10132,58,0
10133,54,0
10134,58,0
10135,57,0
10136,56,0
10137,58,0
10138,58,0
10139,55,0
10140,56,0
10141,56,0
10142,58,0
10143,58,0
10144,55,0
10145,57,0
10146,59,0
10147,56,0
10148,58,0
10149,61,0
10150,53,0
10151,58,0
10152,56,0
10153,58,0
10154,57,0
10155,55,0
10156,58,0
10157,56,0
10158,58,0
10159,59,0
10160,56,0
10161,58,0
10162,56,0
10163,56,0
10164,55,0
10165,56,0
10166,56,0
10167,58,0
10168,55,0
10169,57,0
10170,56,0
10171,56,0
10172,55,0
10173,58,0
10174,56,0
10175,56,0
10176,59,0
10177,56,0
10178,56,0
10179,56,0
10180,55,0
10181,55,0
10182,58,0
10183,58,0
10184,56,0
10185,57,0
10186,57,0
10187,56,0
10188,58,0
10189,55,0
10190,56,0
10191,56,0
10192,55,0
10193,53,0
10194,58,0
10195,57,0
10196,57,0
10197,59,0
10198,58,0
10199,56,0
10200,58,0
10201,55,0
10202,58,0
10203,58,0
10204,53,0
10205,55,0
10206,56,0
10207,57,0
10208,55,0
10209,54,0
10210,56,0
10211,58,0
10212,56,0
10213,56,0
10214,56,0
10215,57,0
10216,59,0
10217,58,0
10218,58,0
10219,57,0
10220,59,0
10221,56,0
10222,58,0
10223,59,0
10224,54,0
10225,58,0
10226,58,0
10227,57,0
10228,55,0
10229,56,0
10230,58,0
10231,56,0
10232,58,0
10233,59,0
10234,59,0
10235,56,0
10236,58,0
10237,58,0
10238,56,0
10239,59,0
10240,54,0
10241,58,0
10242,55,0
10243,56,0
10244,54,0
10245,58,0
10246,57,0
10247,57,0
10248,54,0
10249,58,0
10250,58,0
10251,61,0
10252,60,0
10253,58,0
10254,59,0
10255,61,0
10256,59,0
10257,56,0
10258,56,0
10259,56,0
10260,59,0
10261,57,0
10262,58,0
10263,56,0
10264,57,0
10265,59,0
10266,58,0
10267,55,0
10268,58,0
10269,60,0
10270,58,0
10271,56,0
10272,57,0
10273,58,0
10274,58,0
10275,58,0
10276,57,0
10277,56,0
10278,58,0
10279,57,0
10280,55,0
10281,58,0
10282,56,0
10283,57,0
10284,53,0
10285,57,0
10286,54,0
10287,55,0
10288,57,0
10289,56,0
10290,54,0
10291,59,0
10292,56,0
10293,56,0
10294,58,0
10295,57,0
10296,57,0
10297,56,0
10298,56,0
10299,56,0
10300,55,0
10301,55,0
10302,56,0
10303,58,0
10304,58,0
10305,55,0
10306,55,0
10307,54,0
10308,56,0
10309,55,0
10310,59,0
10311,56,0
10312,56,0
10313,59,0
10314,59,0
10315,59,0
10316,56,0
10317,56,0
10318,56,0
10319,57,0
10320,55,0
10321,58,0
10322,56,0
10323,56,0
10324,55,0
10325,56,0
10326,60,0
10327,59,0
10328,57,0
10329,56,0
10330,60,0
10331,59,0
10332,53,0
10333,58,0
10334,58,0
10335,55,0
10336,58,0
10337,58,0
10338,57,0
10339,57,0
10340,56,0
10341,58,0
10342,56,0
10343,55,0
10344,56,0
10345,56,0
10346,54,0
10347,57,0
10348,56,0
10349,58,0
10350,55,0
10351,57,0
10352,54,0
10353,59,0
10354,55,0
10355,58,0
10356,58,0
10357,57,0
10358,55,0
10359,58,0
10360,56,0
10361,55,0
10362,55,0
10363,56,0
10364,56,0
10365,56,0
10366,57,0
10367,55,0
10368,56,0
10369,58,0
10370,55,0
10371,56,0
10372,56,0
10373,56,0
10374,55,0
10375,54,0
10376,58,0
10377,55,0
10378,58,0
10379,58,0
10380,58,0
10381,59,0
10382,57,0
10383,54,0
10384,56,0
10385,57,0
10386,59,0
10387,56,0
10388,56,0
10389,58,0
10390,57,0
10391,56,0
10392,58,0
10393,56,0
10394,59,0
10395,56,0
10396,56,0
10397,58,0
10398,57,0
10399,55,0
10400,56,0
10401,58,0
10402,55,0
10403,58,0
10404,56,0
10405,55,0
10406,57,0
10407,58,0
10408,56,0
10409,56,0
10410,59,0
10411,57,0
10412,60,0
10413,59,0
10414,59,0
10415,56,0
10416,56,0
10417,57,0
10418,56,0
10419,56,0
10420,57,0
10421,55,0
10422,58,0
10423,56,0
10424,57,0
10425,58,0
10426,58,0
10427,57,0
10428,59,0
10429,56,0
10430,58,0
10431,57,0
10432,56,0
10433,58,0
10434,56,0
10435,55,0
10436,56,0
10437,56,0
10438,58,0
10439,53,0
10440,57,0
10441,54,0
10442,56,0
10443,58,0
10444,57,0
10445,57,0
10446,60,0
10447,56,0
10448,57,0
10449,57,0
10450,58,0
10451,56,0
10452,58,0
10453,57,0
10454,57,0
10455,58,0
10456,56,0
10457,55,0
10458,58,0
10459,56,0
10460,58,0
10461,57,0
10462,55,0
10463,58,0
10464,57,0
10465,55,0
10466,58,0
10467,56,0
10468,56,0
10469,57,0
10470,57,0
10471,56,0
10472,56,0
10473,57,0
10474,56,0
10475,56,0
10476,57,0
10477,55,0
10478,56,0
10479,54,0
10480,57,0
10481,55,0
10482,58,0
10483,59,0
10484,55,0
10485,58,0
10486,56,0
10487,59,0
10488,57,0
10489,57,0
10490,56,0
10491,55,0
10492,56,0
10493,56,0
10494,58,0
10495,55,0
10496,55,0
10497,58,0
10498,58,0
10499,55,0
10500,57,0
10501,58,0
10502,58,0
10503,57,0
10504,55,0
10505,58,0
10506,56,0
10507,57,0
10508,57,0
10509,56,0
10510,58,0
10511,56,0
10512,55,0
10513,57,0
10514,56,0
10515,56,0
10516,56,0
10517,55,0
10518,58,0
10519,58,0
10520,56,0
10521,59,0
10522,55,0
10523,57,0
10524,58,0
10525,56,0
10526,56,0
10527,57,0
10528,56,0
10529,58,0
10530,57,0
10531,55,0
10532,58,0
10533,56,0
10534,59,0
10535,58,0
10536,56,0
10537,59,0
10538,55,0
10539,58,0
10540,58,0
10541,58,0
10542,59,0
10543,55,0
10544,58,0
10545,56,0
10546,57,0
10547,59,0
10548,56,0
10549,56,0
10550,57,0
10551,56,0
10552,58,0
10553,55,0
10554,56,0
10555,56,0
10556,59,0
10557,59,0
10558,58,0
10559,58,0
10560,55,0
10561,54,0
10562,56,0
10563,59,0
10564,55,0
10565,56,0
10566,58,0
10567,59,0
10568,59,0
10569,56,0
10570,54,0
10571,55,0
10572,58,0
10573,56,0
10574,57,0
10575,59,0
10576,56,0
10577,56,0
10578,55,0
10579,57,0
10580,56,0
10581,56,0
10582,57,0
10583,60,0
10584,58,0
10585,57,0
10586,55,0
10587,58,0
10588,56,0
10589,55,0
10590,58,0
10591,56,0
10592,58,0
10593,57,0
10594,59,0
10595,60,0
10596,56,0
10597,59,0
10598,57,0
10599,58,0
10600,58,0
10601,57,0
10602,57,0
10603,56,0
10604,56,0
10605,56,0
10606,57,0
10607,55,0
10608,56,0
10609,56,0
10610,57,0
10611,58,0
10612,60,0
10613,57,0
10614,56,0
10615,56,0
10616,56,0
10617,57,0
10618,58,0
10619,56,0
10620,57,0
10621,57,0
10622,56,0
10623,58,0
10624,55,0
10625,58,0
10626,56,0
10627,56,0
10628,57,0
10629,57,0
10630,58,0
10631,56,0
10632,55,0
10633,79,0
10634,58,0
10635,56,0
10636,56,0
10637,56,0
10638,56,0
10639,55,0
10640,53,0
10641,59,0
10642,55,0
10643,57,0
10644,56,0
10645,56,0
10646,56,0
10647,58,0
10648,56,0
10649,55,0
10650,55,0
10651,59,0
10652,55,0
10653,55,0
10654,57,0
10655,56,0
10656,56,0
10657,56,0
10658,56,0
10659,56,0
10660,58,0
10661,56,0
10662,56,0
10663,53,0
10664,57,0
10665,57,0
10666,57,0
10667,53,0
10668,57,0
10669,57,0
10670,55,0
10671,55,0
10672,57,0
10673,54,0
10674,54,0
10675,56,0
10676,56,0
10677,54,0
10678,56,0
10679,54,0
10680,56,0
10681,56,0
10682,58,0
10683,56,0
10684,56,0
10685,55,0
10686,59,0
10687,57,0
10688,53,0
10689,58,0
10690,56,0
10691,56,0
10692,54,0
10693,57,0
10694,57,0
10695,55,0
10696,59,0
10697,53,0
10698,55,0
10699,57,0
10700,57,0
10701,53,0
10702,55,0
10703,57,0
10704,55,0
10705,59,0
10706,55,0
10707,57,0
10708,56,0
10709,56,0
10710,58,0
10711,56,0
10712,56,0
10713,56,0
10714,56,0
10715,56,0
10716,56,0
10717,56,0
10718,58,0
10719,58,0
10720,54,0
10721,54,0
10722,56,0
10723,54,0
10724,56,0
10725,54,0
10726,56,0
10727,54,0
10728,56,0
10729,56,0
10730,56,0
10731,56,0
10732,58,0
10733,58,0
10734,56,0
10735,54,0
10736,54,0
10737,56,0
10738,55,0
10739,57,0
10740,55,0
10741,55,0
10742,57,0
10743,55,0
10744,57,0
10745,55,0
10746,53,0
10747,59,0
10748,57,0
10749,59,0
10750,57,0
10751,55,0
10752,53,0
10753,55,0
10754,57,0
10755,57,0
10756,57,0
10757,57,0
10758,55,0
10759,57,0
10760,55,0
10761,56,0
10762,56,0
10763,58,0
10764,58,0
10765,56,0
10766,58,0
10767,56,0
10768,56,0
10769,58,0
10770,56,0
10771,56,0
10772,56,0
10773,56,0
10774,56,0
10775,56,0
10776,54,0
10777,54,0
10778,56,0
10779,54,0
10780,56,0
10781,58,0
10782,56,0
10783,54,0
10784,56,0
10785,56,0
10786,56,0
10787,55,0
10788,55,0
10789,55,0
10790,57,0
10791,59,0
10792,59,0
10793,57,0
10794,57,0
10795,55,0
10796,55,0
10797,57,0
10798,57,0
10799,59,0
10800,57,0
10801,59,0
10802,55,0
10803,57,0
10804,55,0
10805,55,0
10806,59,0
10807,55,0
10808,55,0
10809,59,0
10810,55,0
10811,59,0
10812,57,0
10813,53,0
10814,57,0
10815,57,0
10816,56,0
10817,56,0
10818,56,0
10819,58,0
10820,58,0
10821,56,0
10822,56,0
10823,56,0
10824,58,0
10825,56,0
10826,58,0
10827,56,0
10828,54,0
10829,56,0
10830,56,0
10831,54,0
10832,58,0
10833,56,0
10834,56,0
10835,56,0
10836,57,0
10837,57,0
10838,57,0
10839,57,0
10840,59,0
10841,55,0
10842,59,0
10843,57,0
10844,55,0
10845,57,0
10846,55,0
10847,59,0
10848,59,0
10849,55,0
10850,57,0
10851,57,0
10852,57,0
10853,57,0
10854,55,0
10855,57,0
10856,57,0
10857,57,0
10858,55,0
10859,55,0
10860,53,0
10861,57,0
10862,55,0
10863,57,0
10864,57,0
10865,57,0
10866,55,0
10867,57,0
10868,57,0
10869,57,0
10870,55,0
10871,55,0
10872,57,0
10873,55,0
10874,57,0
10875,57,0
10876,57,0
10877,55,0
10878,59,0
10879,57,0
10880,54,0
10881,56,0
10882,54,0
10883,55,0
10884,57,0
10885,53,0
10886,57,0
10887,55,0
10888,57,0
10889,55,0
10890,55,0
10891,57,0
10892,57,0
10893,55,0
10894,57,0
10895,59,0
10896,56,0
10897,55,0
10898,62,0
10899,64,0
10900,57,0
10901,58,0
10902,63,0
10903,59,0
10904,56,0
10905,54,0
10906,61,0
10907,60,0
10908,59,0
10909,62,0
10910,59,0
10911,58,0
10912,62,0
10913,59,0
10914,57,0
10915,57,0
10916,58,0
10917,57,0
10918,64,0
10919,56,0
10920,57,0
10921,57,0
10922,59,0
10923,57,0
10924,58,0
10925,57,0
10926,63,0
10927,61,0
10928,56,0
10929,56,0
10930,57,0
10931,58,0
10932,67,0
10933,54,0
10934,56,0
10935,58,0
10936,59,0
10937,55,0
10938,57,0
10939,55,0
10940,54,0
10941,63,0
10942,58,0
10943,62,0
10944,60,0
10945,64,0
10946,56,0
10947,61,0
10948,67,0
10949,65,0
10950,61,0
10951,63,0
10952,62,0
10953,59,0
10954,64,0
10955,61,0
10956,60,0
10957,61,0
10958,54,0
10959,66,0
10960,56,0
10961,56,0
10962,54,0
10963,60,0
10964,56,0
10965,62,0
10966,58,0
10967,62,0
10968,63,0
10969,59,0
10970,62,0
10971,55,0
10972,58,0
10973,57,0
10974,56,0
10975,65,0
10976,56,0
10977,56,0
10978,58,0
10979,54,0
10980,56,0
10981,56,0
10982,57,0
10983,61,0
10984,60,0
10985,53,0
10986,55,0
10987,56,0
10988,59,0
10989,59,0
10990,61,0
10991,61,0
10992,56,0
10993,56,0
10994,54,0
10995,53,0
10996,54,0
10997,57,0
10998,56,0
10999,62,0
11000,59,0
11001,57,0
11002,69,0
11003,58,0
11004,56,0
11005,64,0
11006,59,0
11007,56,0
11008,63,0
11009,62,0
11010,63,0
11011,62,0
11012,61,0
11013,60,0
11014,60,0
11015,61,0
11016,62,0
11017,60,0
11018,61,0
11019,62,0
11020,61,0
11021,63,0
11022,67,0
11023,62,0
11024,60,0
11025,63,0
11026,61,0
11027,61,0
11028,63,0
11029,63,0
11030,61,0
11031,61,0
11032,59,0
11033,63,0
11034,63,0
11035,61,0
11036,64,0
11037,64,0
11038,61,0
11039,62,0
11040,59,0
11041,61,0
11042,57,0
11043,56,0
11044,66,0
11045,67,0
11046,62,0
11047,61,0
11048,63,0
11049,66,0
11050,60,0
11051,61,0
11052,58,0
11053,61,0
11054,62,0
11055,57,0
11056,54,0
11057,56,0
11058,58,0
11059,59,0
11060,64,0
11061,62,0
11062,67,0
11063,63,0
11064,62,0
11065,62,0
11066,60,0
11067,64,0
11068,453,1
11069,63,0
11070,64,0
11071,60,0
11072,56,0
11073,58,0
11074,66,0
11075,59,0
11076,55,0
11077,61,0
11078,59,0
11079,55,0
11080,59,0
11081,67,0
11082,58,0
11083,62,0
11084,63,0
11085,61,0
11086,56,0
11087,58,0
11088,58,0
11089,66,0
11090,65,0
11091,61,0
11092,64,0
11093,62,0
11094,66,0
11095,60,0
11096,56,0
11097,55,0
11098,61,0
11099,69,0
11100,62,0
11101,58,0
11102,65,0
11103,56,0
11104,66,0
11105,58,0
11106,62,0
11107,56,0
11108,68,0
11109,59,0
11110,58,0
11111,60,0
11112,62,0
11113,63,0
11114,57,0
11115,58,0
11116,58,0
11117,70,0
11118,239,1
11119,60,0
11120,59,0
11121,64,0
11122,67,0
11123,66,0
11124,65,0
11125,58,0
11126,63,0
11127,60,0
11128,62,0
11129,444,1
11130,67,0
11131,59,0
11132,58,0
11133,56,0
11134,57,0
11135,56,0
11136,56,0
11137,57,0
11138,57,0
11139,56,0
11140,56,0
11141,54,0
11142,57,0
11143,55,0
11144,58,0
11145,57,0
11146,55,0
11147,58,0
11148,56,0
11149,55,0
11150,57,0
11151,56,0
11152,58,0
11153,57,0
11154,55,0
11155,56,0
11156,55,0
11157,56,0
11158,56,0
11159,55,0
11160,59,0
11161,56,0
11162,56,0
11163,57,0
11164,58,0
11165,56,0
11166,59,0
11167,58,0
11168,58,0
11169,55,0
11170,59,0
11171,60,0
11172,57,0
11173,59,0
11174,58,0
11175,56,0
11176,61,0
11177,56,0
11178,57,0
11179,59,0
11180,58,0
11181,58,0
11182,55,0
11183,55,0
11184,56,0
11185,57,0
11186,55,0
11187,56,0
11188,58,0
11189,55,0
11190,56,0
11191,56,0
11192,57,0
11193,56,0
11194,56,0
11195,57,0
11196,55,0
11197,58,0
11198,58,0
11199,55,0
11200,58,0
11201,56,0
11202,57,0
11203,57,0
11204,54,0
11205,58,0
11206,61,0
11207,55,0
11208,56,0
11209,58,0
11210,55,0
11211,56,0
11212,56,0
11213,57,0
11214,57,0
11215,58,0
11216,55,0
11217,57,0
11218,58,0
11219,56,0
11220,59,0
11221,55,0
11222,56,0
11223,58,0
11224,55,0
11225,55,0
11226,56,0
11227,56,0
11228,59,0
11229,57,0
11230,58,0
11231,58,0
11232,56,0
11233,53,0
11234,56,0
11235,56,0
11236,57,0
11237,55,0
11238,58,0
11239,58,0
11240,59,0
11241,59,0
11242,54,0
11243,56,0
11244,56,0
11245,57,0
11246,55,0
11247,58,0
11248,56,0
11249,57,0
11250,56,0
11251,58,0
11252,56,0
11253,59,0
11254,59,0
11255,56,0
11256,56,0
11257,56,0
11258,57,0
11259,58,0
11260,58,0
11261,56,0
11262,58,0
11263,55,0
11264,56,0
11265,58,0
11266,58,0
11267,57,0
11268,54,0
11269,58,0
11270,56,0
11271,55,0
11272,57,0
11273,58,0
11274,56,0
11275,57,0
11276,59,0
11277,56,0
11278,56,0
11279,57,0
11280,57,0
11281,54,0
11282,57,0
11283,59,0
11284,55,0
11285,58,0
11286,54,0
11287,57,0
11288,57,0
11289,56,0
11290,56,0
11291,57,0
11292,57,0
11293,58,0
11294,58,0
11295,58,0
11296,59,0
11297,57,0
11298,58,0
11299,58,0
11300,59,0
11301,59,0
11302,58,0
11303,58,0
11304,59,0
11305,57,0
11306,56,0
11307,56,0
11308,55,0
11309,57,0
11310,58,0
11311,58,0
11312,55,0
11313,55,0
11314,58,0
11315,58,0
11316,58,0
11317,57,0
11318,58,0
11319,58,0
11320,56,0
11321,57,0
11322,59,0
11323,58,0
11324,56,0
11325,57,0
11326,55,0
11327,59,0
11328,56,0
11329,56,0
11330,58,0
11331,57,0
11332,59,0
11333,58,0
11334,56,0
11335,58,0
11336,61,0
11337,55,0
11338,60,0
11339,58,0
11340,57,0
11341,59,0
11342,58,0
11343,54,0
11344,56,0
11345,59,0
11346,56,0
11347,56,0
11348,58,0
11349,57,0
11350,59,0
11351,58,0
11352,58,0
11353,57,0
11354,59,0
11355,55,0
11356,56,0
11357,58,0
11358,57,0
11359,58,0
11360,56,0
11361,56,0
11362,59,0
11363,59,0
11364,56,0
11365,58,0
11366,55,0
11367,57,0
11368,56,0
11369,56,0
11370,55,0
11371,57,0
11372,56,0
11373,60,0
11374,58,0
11375,59,0
11376,59,0
11377,56,0
11378,56,0
11379,55,0
11380,59,0
11381,56,0
11382,56,0
11383,57,0
11384,59,0
11385,56,0
11386,56,0
11387,59,0
11388,57,0
11389,58,0
11390,56,0
11391,56,0
11392,59,0
11393,55,0
11394,56,0
11395,56,0
11396,57,0
11397,55,0
11398,56,0
11399,56,0
11400,55,0
11401,57,0
11402,53,0
11403,58,0
11404,56,0
11405,56,0
11406,57,0
11407,56,0
11408,56,0
11409,57,0
11410,56,0
11411,56,0
11412,56,0
11413,55,0
11414,57,0
11415,56,0
11416,58,0
11417,55,0
11418,57,0
11419,56,0
11420,58,0
11421,59,0
11422,55,0
11423,56,0
11424,56,0
11425,57,0
11426,55,0
11427,58,0
11428,56,0
11429,55,0
11430,53,0
11431,56,0
11432,54,0
11433,55,0
11434,56,0
11435,57,0
11436,56,0
11437,56,0
11438,57,0
11439,57,0
11440,54,0
11441,61,0
11442,58,0
11443,56,0
11444,59,0
11445,57,0
11446,58,0
11447,58,0
11448,55,0
11449,57,0
11450,58,0
11451,56,0
11452,57,0
11453,58,0
11454,58,0
11455,55,0
11456,57,0
11457,56,0
11458,56,0
11459,59,0
11460,57,0
11461,56,0
11462,58,0
11463,56,0
11464,59,0
11465,59,0
11466,58,0
11467,56,0
11468,55,0
11469,59,0
11470,56,0
11471,58,0
11472,57,0
11473,56,0
11474,58,0
11475,57,0
11476,56,0
11477,56,0
11478,58,0
11479,59,0
11480,55,0
11481,58,0
11482,56,0
11483,59,0
11484,56,0
11485,56,0
11486,59,0
11487,55,0
11488,60,0
11489,56,0
11490,56,0
11491,55,0
11492,56,0
11493,56,0
11494,59,0
11495,56,0
11496,56,0
11497,55,0
11498,57,0
11499,56,0
11500,58,0
11501,57,0
11502,56,0
11503,58,0
11504,56,0
11505,59,0
11506,58,0
11507,56,0
11508,56,0
11509,55,0
11510,56,0
11511,57,0
11512,58,0
11513,56,0
11514,55,0
11515,55,0
11516,56,0
11517,56,0
11518,58,0
11519,55,0
11520,56,0
11521,58,0
11522,56,0
11523,57,0
11524,55,0
11525,56,0
11526,56,0
11527,59,0
11528,56,0
11529,56,0
11530,55,0
11531,56,0
11532,58,0
11533,56,0
11534,55,0
11535,56,0
11536,58,0
11537,57,0
11538,55,0
11539,58,0
11540,58,0
11541,58,0
11542,57,0
11543,58,0
11544,56,0
11545,55,0
11546,55,0
11547,56,0
11548,56,0
11549,59,0
11550,58,0
11551,56,0
11552,57,0
11553,56,0
11554,56,0
11555,57,0
11556,56,0
11557,54,0
11558,54,0
11559,55,0
11560,58,0
11561,56,0
11562,57,0
11563,56,0
11564,58,0
11565,58,0
11566,59,0
11567,54,0
11568,56,0
11569,55,0
11570,55,0
11571,56,0
11572,56,0
11573,56,0
11574,53,0
11575,58,0
11576,58,0
11577,55,0
11578,55,0
11579,56,0
11580,58,0
11581,57,0
11582,59,0
11583,58,0
11584,56,0
11585,56,0
11586,57,0
11587,56,0
11588,56,0
11589,58,0
11590,59,0
11591,59,0
11592,57,0
11593,56,0
11594,56,0
11595,58,0
11596,56,0
11597,55,0
11598,57,0
11599,56,0
11600,58,0
11601,55,0
11602,59,0
11603,56,0
11604,58,0
11605,57,0
11606,58,0
11607,58,0
11608,56,0
11609,58,0
11610,58,0
11611,55,0
11612,55,0
11613,56,0
11614,58,0
11615,56,0
11616,58,0
11617,55,0
11618,57,0
11619,56,0
11620,58,0
11621,58,0
11622,57,0
11623,55,0
11624,56,0
11625,56,0
11626,57,0
11627,57,0
11628,58,0
11629,56,0
11630,58,0
11631,57,0
11632,58,0
11633,56,0
11634,57,0
11635,57,0
11636,56,0
11637,60,0
11638,59,0
11639,58,0
11640,56,0
11641,56,0
11642,57,0
11643,57,0
11644,56,0
11645,58,0
11646,56,0
11647,57,0
11648,57,0
11649,56,0
11650,56,0
11651,57,0
11652,55,0
11653,56,0
11654,56,0
11655,57,0
11656,57,0
11657,56,0
11658,56,0
11659,55,0
11660,57,0
11661,56,0
11662,58,0
11663,55,0
11664,57,0
11665,56,0
11666,58,0
11667,56,0
11668,57,0
11669,55,0
11670,56,0
11671,58,0
11672,55,0
11673,59,0
11674,58,0
11675,56,0
11676,58,0
11677,57,0
11678,57,0
11679,58,0
11680,55,0
11681,59,0
11682,58,0
11683,58,0
11684,58,0
11685,57,0
11686,57,0
11687,56,0
11688,56,0
11689,56,0
11690,57,0
11691,56,0
11692,58,0
11693,56,0
11694,56,0
11695,61,0
11696,57,0
11697,58,0
11698,56,0
11699,58,0
11700,61,0
11701,59,0
11702,58,0
11703,56,0
11704,54,0
11705,56,0
11706,64,0
11707,55,0
11708,56,0
11709,61,0
11710,57,0
11711,60,0
11712,58,0
11713,57,0
11714,60,0
11715,58,0
11716,57,0
11717,60,0
11718,58,0
11719,59,0
11720,58,0
11721,58,0
11722,59,0
11723,60,0
11724,60,0
11725,61,0
11726,59,0
11727,58,0
11728,56,0
11729,57,0
11730,60,0
11731,58,0
11732,59,0
11733,60,0
11734,60,0
11735,57,0
11736,61,0
11737,58,0
11738,58,0
11739,59,0
11740,58,0
11741,58,0
11742,61,0
11743,57,0
11744,58,0
11745,58,0
11746,57,0
11747,58,0
11748,58,0
11749,59,0
11750,58,0
11751,58,0
11752,61,0
11753,58,0
11754,56,0
11755,59,0
11756,59,0
11757,57,0
11758,55,0
11759,56,0
11760,56,0
11761,55,0
11762,56,0
11763,58,0
11764,58,0
11765,59,0
11766,57,0
11767,56,0
11768,58,0
11769,53,0
11770,56,0
11771,56,0
11772,57,0
11773,56,0
11774,57,0
11775,55,0
11776,58,0
11777,58,0
11778,55,0
11779,55,0
11780,56,0
11781,58,0
11782,56,0
11783,56,0
11784,55,0
11785,55,0
11786,55,0
11787,56,0
11788,54,0
11789,55,0
11790,56,0
11791,56,0
11792,58,0
11793,55,0
11794,56,0
11795,58,0
11796,56,0
11797,57,0
11798,56,0
11799,56,0
11800,57,0
11801,58,0
11802,56,0
11803,56,0
11804,57,0
11805,58,0
11806,56,0
11807,57,0
11808,59,0
11809,56,0
11810,58,0
11811,55,0
11812,55,0
11813,57,0
11814,56,0
11815,56,0
11816,57,0
11817,56,0
11818,56,0
11819,56,0
11820,55,0
11821,58,0
11822,56,0
11823,55,0
11824,61,0
11825,58,0
11826,56,0
11827,56,0
11828,55,0
11829,56,0
11830,56,0
11831,57,0
11832,58,0
11833,58,0
11834,55,0
11835,55,0
11836,58,0
11837,56,0
11838,56,0
11839,57,0
11840,55,0
11841,56,0
11842,58,0
11843,58,0
11844,59,0
11845,59,0
11846,58,0
11847,56,0
11848,57,0
11849,59,0
11850,58,0
11851,55,0
11852,55,0
11853,58,0
11854,58,0
11855,56,0
11856,59,0
11857,57,0
11858,56,0
11859,58,0
11860,56,0
11861,57,0
11862,55,0
11863,56,0
11864,56,0
11865,56,0
11866,57,0
11867,56,0
11868,56,0
11869,59,0
11870,56,0
11871,56,0
11872,59,0
11873,57,0
11874,54,0
11875,53,0
11876,57,0
11877,58,0
11878,56,0
11879,57,0
11880,59,0
11881,54,0
11882,56,0
11883,56,0
11884,55,0
11885,59,0
11886,56,0
11887,56,0
11888,58,0
11889,55,0
11890,56,0
11891,58,0
11892,56,0
11893,59,0
11894,58,0
11895,56,0
11896,56,0
11897,57,0
11898,55,0
11899,56,0
11900,56,0
11901,55,0
11902,56,0
11903,56,0
11904,55,0
11905,56,0
11906,56,0
11907,54,0
11908,55,0
11909,57,0
11910,57,0
11911,56,0
11912,56,0
11913,58,0
11914,57,0
11915,53,0
11916,56,0
11917,58,0
11918,58,0
11919,58,0
11920,54,0
11921,56,0
11922,58,0
11923,57,0
11924,55,0
11925,58,0
11926,55,0
11927,59,0
11928,56,0
11929,58,0
11930,59,0
11931,57,0
11932,56,0
11933,58,0
11934,57,0
11935,55,0
11936,56,0
11937,58,0
11938,56,0
11939,57,0
11940,54,0
11941,56,0
11942,58,0
11943,56,0
11944,59,0
11945,57,0
11946,56,0
11947,56,0
11948,59,0
11949,58,0
11950,56,0
11951,55,0
11952,56,0
11953,56,0
11954,56,0
11955,48362,1
11956,56,0
11957,55,0
11958,58,0
11959,59,0
11960,56,0
11961,59,0
11962,58,0
11963,56,0
11964,57,0
11965,58,0
11966,57,0
11967,58,0
11968,58,0
11969,59,0
11970,58,0
11971,55,0
11972,57,0
11973,58,0
11974,58,0
11975,57,0
11976,58,0
11977,59,0
11978,60,0
11979,59,0
11980,56,0
11981,58,0
11982,55,0
11983,58,0
11984,57,0
11985,58,0
11986,56,0
11987,55,0
11988,58,0
11989,57,0
11990,53,0
11991,58,0
11992,58,0
11993,57,0
11994,60,0
11995,57,0
11996,58,0
11997,58,0
11998,59,0
11999,58,0
12000,59,0
12001,58,0
12002,58,0
12003,55,0
12004,56,0
12005,58,0
12006,55,0
12007,56,0
12008,58,0
12009,61,0
12010,56,0
12011,59,0
12012,60,0
12013,58,0
12014,59,0
12015,57,0
12016,56,0
12017,57,0
12018,60,0
12019,58,0
12020,55,0
12021,56,0
12022,57,0
12023,53,0
12024,56,0
12025,57,0
12026,56,0
12027,54,0
12028,59,0
12029,57,0
12030,56,0
12031,57,0
12032,57,0
12033,60,0
12034,57,0
12035,57,0
12036,56,0
12037,58,0
12038,57,0
12039,56,0
12040,58,0
12041,57,0
12042,59,0
12043,56,0
12044,57,0
12045,55,0
12046,56,0
12047,56,0
12048,57,0
12049,56,0
12050,56,0
12051,53,0
12052,58,0
12053,56,0
12054,57,0
12055,55,0
12056,56,0
12057,56,0
12058,57,0
12059,55,0
12060,58,0
12061,56,0
12062,56,0
12063,57,0
12064,56,0
12065,56,0
12066,57,0
12067,58,0
12068,58,0
12069,55,0
12070,58,0
12071,58,0
12072,61,0
12073,59,0
12074,58,0
12075,56,0
12076,57,0
12077,57,0
12078,56,0
12079,56,0
12080,57,0
12081,56,0
12082,56,0
12083,55,0
12084,58,0
12085,56,0
12086,61,0
12087,60,0
12088,56,0
12089,57,0
12090,55,0
12091,56,0
12092,57,0
12093,55,0
12094,56,0
12095,56,0
12096,58,0
12097,55,0
12098,56,0
12099,56,0
12100,59,0
12101,59,0
12102,56,0
12103,56,0
12104,57,0
12105,56,0
12106,56,0
12107,56,0
12108,58,0
12109,59,0
12110,55,0
12111,54,0
12112,56,0
12113,56,0
12114,57,0
12115,58,0
12116,56,0
12117,55,0
12118,59,0
12119,54,0
12120,58,0
12121,56,0
12122,57,0
12123,57,0
12124,55,0
12125,56,0
12126,58,0
12127,56,0
12128,56,0
12129,55,0
12130,57,0
12131,56,0
12132,56,0
12133,59,0
12134,54,0
12135,58,0
12136,57,0
12137,57,0
12138,58,0
12139,56,0
12140,57,0
12141,58,0
12142,56,0
12143,56,0
12144,57,0
12145,56,0
12146,56,0
12147,58,0
12148,59,0
12149,58,0
12150,56,0
12151,55,0
12152,55,0
12153,56,0
12154,56,0
12155,55,0
12156,57,0
12157,56,0
12158,55,0
12159,55,0
12160,56,0
12161,56,0
12162,58,0
12163,57,0
12164,56,0
12165,58,0
12166,56,0
12167,55,0
12168,58,0
12169,56,0
12170,55,0
12171,56,0
12172,58,0
12173,57,0
12174,56,0
12175,56,0
12176,55,0
12177,56,0
12178,55,0
12179,58,0
12180,57,0
12181,55,0
12182,54,0
12183,59,0
12184,57,0
12185,56,0
12186,56,0
12187,56,0
12188,61,0
12189,58,0
12190,58,0
12191,59,0
12192,58,0
12193,56,0
12194,57,0
12195,56,0
12196,58,0
12197,57,0
12198,56,0
12199,56,0
12200,55,0
12201,59,0
12202,56,0
12203,57,0
12204,57,0
12205,56,0
12206,58,0
12207,57,0
12208,57,0
12209,58,0
12210,56,0
12211,55,0
12212,57,0
12213,60,0
12214,56,0
12215,55,0
12216,59,0
12217,58,0
12218,57,0
12219,57,0
12220,56,0
12221,56,0
12222,58,0
12223,57,0
12224,55,0
12225,56,0
12226,56,0
12227,56,0
12228,58,0
12229,59,0
12230,56,0
12231,54,0
12232,55,0
12233,57,0
12234,56,0
12235,58,0
12236,55,0
12237,55,0
12238,56,0
12239,58,0
12240,53,0
12241,53,0
12242,56,0
12243,58,0
12244,58,0
12245,55,0
12246,56,0
12247,58,0
12248,55,0
12249,57,0
12250,54,0
12251,59,0
12252,59,0
12253,56,0
12254,56,0
12255,56,0
12256,59,0
12257,57,0
12258,56,0
12259,56,0
12260,57,0
12261,55,0
12262,58,0
12263,58,0
12264,58,0
12265,55,0
12266,57,0
12267,56,0
12268,56,0
12269,57,0
12270,57,0
12271,57,0
12272,58,0
12273,58,0
12274,56,0
12275,57,0
12276,55,0
12277,54,0
12278,55,0
12279,59,0
12280,57,0
12281,56,0
12282,56,0
12283,54,0
12284,56,0
12285,57,0
12286,58,0
12287,56,0
12288,56,0
12289,55,0
12290,57,0
12291,54,0
12292,56,0
12293,56,0
12294,59,0
12295,55,0
12296,58,0
12297,56,0
12298,57,0
12299,55,0
12300,56,0
12301,59,0
12302,53,0
12303,56,0
12304,56,0
12305,56,0
12306,59,0
12307,55,0
12308,56,0
12309,56,0
12310,58,0
12311,57,0
12312,56,0
12313,58,0
12314,59,0
12315,57,0
12316,56,0
12317,56,0
12318,56,0
12319,59,0
12320,59,0
12321,58,0
12322,56,0
12323,55,0
12324,55,0
12325,57,0
12326,59,0
12327,58,0
12328,58,0
12329,53,0
12330,54,0
12331,56,0
12332,58,0
12333,55,0
12334,59,0
12335,58,0
12336,58,0
12337,53,0
12338,57,0
12339,56,0
12340,58,0
12341,57,0
12342,57,0
12343,56,0
12344,58,0
12345,55,0
12346,57,0
12347,57,0
12348,58,0
12349,56,0
12350,53,0
12351,58,0
12352,58,0
12353,56,0
12354,57,0
12355,55,0
12356,61,0
12357,58,0
12358,58,0
12359,56,0
12360,57,0
12361,57,0
12362,58,0
12363,54,0
12364,57,0
12365,57,0
12366,54,0
12367,57,0
12368,57,0
12369,56,0
12370,56,0
12371,56,0
12372,59,0
12373,54,0
12374,58,0
12375,56,0
12376,59,0
12377,57,0
12378,58,0
12379,57,0
12380,55,0
12381,56,0
12382,57,0
12383,59,0
12384,56,0
12385,55,0
12386,55,0
12387,56,0
12388,56,0
12389,55,0
12390,57,0
12391,56,0
12392,56,0
12393,57,0
12394,55,0
12395,56,0
12396,58,0
12397,59,0
12398,57,0
12399,56,0
12400,56,0
12401,59,0
12402,53,0
12403,58,0
12404,57,0
12405,55,0
12406,59,0
12407,56,0
12408,58,0
12409,60,0
12410,57,0
12411,55,0
12412,56,0
12413,58,0
12414,56,0
12415,57,0
12416,56,0
12417,60,0
12418,56,0
12419,57,0
12420,57,0
12421,60,0
12422,56,0
12423,58,0
12424,58,0
12425,53,0
12426,59,0
12427,60,0
12428,60,0
12429,55,0
12430,57,0
12431,56,0
12432,58,0
12433,58,0
12434,57,0
12435,58,0
12436,56,0
12437,58,0
12438,55,0
12439,59,0
12440,56,0
12441,58,0
12442,56,0
12443,59,0
12444,56,0
12445,58,0
12446,58,0
12447,57,0
12448,57,0
12449,56,0
12450,56,0
12451,55,0
12452,57,0
12453,56,0
12454,57,0
12455,55,0
12456,56,0
12457,56,0
12458,58,0
12459,57,0
12460,59,0
12461,58,0
12462,56,0
12463,58,0
12464,57,0
12465,57,0
12466,56,0
12467,58,0
12468,57,0
12469,55,0
12470,54,0
12471,56,0
12472,53,0
12473,59,0
12474,56,0
12475,56,0
12476,56,0
12477,55,0
12478,57,0
12479,56,0
12480,56,0
12481,56,0
12482,59,0
12483,57,0
12484,56,0
12485,57,0
12486,59,0
12487,58,0
12488,58,0
12489,56,0
12490,55,0
12491,55,0
12492,56,0
12493,56,0
12494,57,0
12495,55,0
12496,58,0
12497,55,0
12498,55,0
12499,58,0
12500,58,0
12501,56,0
12502,58,0
12503,57,0
12504,55,0
12505,56,0
12506,56,0
12507,58,0
12508,55,0
12509,55,0
12510,58,0
12511,58,0
12512,57,0
12513,57,0
12514,54,0
12515,56,0
12516,55,0
12517,57,0
12518,56,0
12519,56,0
12520,58,0
12521,57,0
12522,57,0
12523,56,0
12524,58,0
12525,56,0
12526,55,0
12527,59,0
12528,56,0
12529,58,0
12530,57,0
12531,59,0
12532,56,0
12533,58,0
12534,57,0
12535,59,0
12536,56,0
12537,56,0
12538,57,0
12539,57,0
12540,54,0
12541,56,0
12542,57,0
12543,57,0
12544,56,0
12545,58,0
12546,57,0
12547,57,0
12548,58,0
12549,57,0
12550,59,0
12551,56,0
12552,58,0
12553,55,0
12554,58,0
12555,58,0
12556,56,0
12557,57,0
12558,59,0
12559,58,0
12560,58,0
12561,57,0
12562,57,0
12563,56,0
12564,56,0
12565,57,0
12566,56,0
12567,58,0
12568,59,0
12569,57,0
12570,56,0
12571,56,0
12572,57,0
12573,57,0
12574,54,0
12575,58,0
12576,55,0
12577,57,0
12578,58,0
12579,57,0
12580,55,0
12581,58,0
12582,56,0
12583,56,0
12584,57,0
12585,55,0
12586,56,0
12587,58,0
12588,55,0
12589,61,0
12590,56,0
12591,56,0
12592,55,0
12593,59,0
12594,56,0
12595,58,0
12596,59,0
12597,58,0
12598,58,0
12599,56,0
12600,57,0
12601,58,0
12602,56,0
12603,57,0
12604,61,0
12605,56,0
12606,56,0
12607,58,0
12608,55,0
12609,58,0
12610,58,0
12611,56,0
12612,57,0
12613,59,0
12614,56,0
12615,55,0
12616,59,0
12617,56,0
12618,58,0
12619,55,0
12620,59,0
12621,58,0
12622,56,0
12623,58,0
12624,55,0
12625,56,0
12626,60,0
12627,59,0
12628,57,0
12629,55,0
12630,58,0
12631,56,0
12632,57,0
12633,56,0
12634,58,0
12635,58,0
12636,59,0
12637,55,0
12638,58,0
12639,58,0
12640,57,0
12641,57,0
12642,56,0
12643,56,0
12644,57,0
12645,56,0
12646,55,0
12647,57,0
12648,56,0
12649,58,0
12650,56,0
12651,57,0
12652,56,0
12653,60,0
12654,57,0
12655,55,0
12656,56,0
12657,58,0
12658,56,0
12659,57,0
12660,56,0
12661,58,0
12662,55,0
12663,57,0
12664,56,0
12665,58,0
12666,58,0
12667,61,0
12668,59,0
12669,56,0
12670,54,0
12671,57,0
12672,55,0
12673,56,0
12674,56,0
12675,56,0
12676,53,0
12677,54,0
12678,56,0
12679,59,0
12680,56,0
12681,58,0
12682,57,0
12683,55,0
12684,58,0
12685,58,0
12686,57,0
12687,55,0
12688,54,0
12689,58,0
12690,55,0
12691,58,0
12692,56,0
12693,57,0
12694,59,0
12695,58,0
12696,56,0
12697,56,0
12698,55,0
12699,56,0
12700,56,0
12701,57,0
12702,56,0
12703,56,0
12704,56,0
12705,57,0
12706,56,0
12707,60,0
12708,58,0
12709,59,0
12710,58,0
12711,54,0
12712,55,0
12713,59,0
12714,56,0
12715,56,0
12716,60,0
12717,58,0
12718,55,0
12719,58,0
12720,58,0
12721,56,0
12722,55,0
12723,57,0
12724,56,0
12725,54,0
12726,58,0
12727,57,0
12728,57,0
12729,56,0
12730,56,0
12731,55,0
12732,56,0
12733,58,0
12734,58,0
12735,57,0
12736,57,0
12737,56,0
12738,56,0
12739,56,0
12740,55,0
12741,58,0
12742,56,0
12743,58,0
12744,57,0
12745,57,0
12746,56,0
12747,56,0
12748,57,0
12749,57,0
12750,58,0
12751,58,0
12752,55,0
12753,56,0
12754,60,0
12755,56,0
12756,59,0
12757,56,0
12758,56,0
12759,57,0
12760,59,0
12761,58,0
12762,54,0
12763,57,0
12764,57,0
12765,56,0
12766,58,0
12767,59,0
12768,58,0
12769,58,0
12770,56,0
12771,57,0
12772,55,0
12773,58,0
12774,56,0
12775,56,0
12776,55,0
12777,55,0
12778,56,0
12779,57,0
12780,57,0
12781,56,0
12782,55,0
12783,55,0
12784,56,0
12785,58,0
12786,58,0
12787,53,0
12788,57,0
12789,56,0
12790,58,0
12791,55,0
12792,54,0
12793,56,0
12794,53,0
12795,58,0
12796,56,0
12797,58,0
12798,57,0
12799,55,0
12800,55,0
12801,60,0
12802,56,0
12803,58,0
12804,57,0
12805,56,0
12806,54,0
12807,56,0
12808,57,0
12809,58,0
12810,56,0
12811,55,0
12812,57,0
12813,57,0
12814,56,0
12815,56,0
12816,56,0
12817,55,0
12818,57,0
12819,56,0
12820,58,0
12821,55,0
12822,55,0
12823,58,0
12824,56,0
12825,56,0
12826,55,0
12827,55,0
12828,58,0
12829,58,0
12830,58,0
12831,55,0
12832,58,0
12833,58,0
12834,58,0
12835,57,0
12836,59,0
12837,58,0
12838,58,0
12839,56,0
12840,55,0
12841,59,0
12842,56,0
12843,56,0
12844,53,0
12845,53,0
12846,58,0
12847,56,0
12848,58,0
12849,56,0
12850,57,0
12851,58,0
12852,56,0
12853,56,0
12854,57,0
12855,59,0
12856,56,0
12857,56,0
12858,57,0
12859,57,0
12860,58,0
12861,57,0
12862,55,0
12863,56,0
12864,58,0
12865,58,0
12866,59,0
12867,57,0
12868,56,0
12869,58,0
12870,59,0
12871,57,0
12872,56,0
12873,55,0
12874,56,0
12875,58,0
12876,54,0
12877,57,0
12878,56,0
12879,58,0
12880,55,0
12881,58,0
12882,56,0
12883,57,0
12884,55,0
12885,54,0
12886,56,0
12887,57,0
12888,56,0
12889,56,0
12890,56,0
12891,57,0
12892,56,0
12893,56,0
12894,58,0
12895,53,0
12896,56,0
12897,56,0
12898,55,0
12899,54,0
12900,56,0
12901,58,0
12902,57,0
12903,54,0
12904,56,0
12905,57,0
12906,56,0
12907,56,0
12908,59,0
12909,57,0
12910,58,0
12911,58,0
12912,55,0
12913,55,0
12914,56,0
12915,56,0
12916,55,0
12917,56,0
12918,56,0
12919,56,0
12920,55,0
12921,56,0
12922,84,0
12923,59,0
12924,58,0
12925,59,0
12926,56,0
12927,58,0
12928,57,0
12929,59,0
12930,56,0
12931,56,0
12932,55,0
12933,53,0
12934,56,0
12935,56,0
12936,58,0
12937,55,0
12938,58,0
12939,56,0
12940,57,0
12941,53,0
12942,56,0
12943,56,0
12944,57,0
12945,56,0
12946,58,0
12947,55,0
12948,56,0
12949,58,0
12950,56,0
12951,58,0
12952,57,0
12953,57,0
12954,56,0
12955,56,0
12956,55,0
12957,55,0
12958,59,0
12959,54,0
12960,54,0
12961,57,0
12962,54,0
12963,56,0
12964,58,0
12965,55,0
12966,56,0
12967,56,0
12968,58,0
12969,57,0
12970,56,0
12971,58,0
12972,56,0
12973,55,0
12974,57,0
12975,54,0
12976,56,0
12977,58,0
12978,57,0
12979,58,0
12980,58,0
12981,56,0
12982,57,0
12983,56,0
12984,54,0
12985,55,0
12986,59,0
12987,56,0
12988,56,0
12989,56,0
12990,55,0
12991,58,0
12992,56,0
12993,55,0
12994,59,0
12995,58,0
12996,56,0
12997,56,0
12998,57,0
12999,57,0
13000,56,0
13001,58,0
13002,57,0
13003,55,0
13004,56,0
13005,56,0
13006,57,0
13007,59,0
13008,58,0
13009,56,0
13010,57,0
13011,55,0
13012,56,0
13013,55,0
13014,55,0
13015,56,0
13016,58,0
13017,55,0
13018,55,0
13019,58,0
13020,56,0
13021,57,0
13022,56,0
13023,54,0
13024,55,0
13025,57,0
13026,56,0
13027,55,0
13028,57,0
13029,56,0
13030,56,0
13031,58,0
13032,57,0
13033,59,0
13034,56,0
13035,58,0
13036,57,0
13037,55,0
13038,57,0
13039,58,0
13040,57,0
13041,56,0
13042,57,0
13043,55,0
13044,58,0
13045,57,0
13046,59,0
13047,58,0
13048,56,0
13049,60,0
13050,59,0
13051,57,0
13052,56,0
13053,58,0
13054,59,0
13055,55,0
13056,56,0
13057,57,0
13058,57,0
13059,58,0
13060,56,0
13061,59,0
13062,57,0
13063,56,0
13064,56,0
13065,56,0
13066,57,0
13067,56,0
13068,56,0
13069,57,0
13070,55,0
13071,56,0
13072,56,0
13073,58,0
13074,55,0
13075,55,0
13076,55,0
13077,56,0
13078,58,0
13079,59,0
13080,56,0
13081,58,0
13082,59,0
13083,57,0
13084,56,0
13085,58,0
13086,59,0
13087,56,0
13088,54,0
13089,60,0
13090,59,0
13091,57,0
13092,54,0
13093,58,0
13094,58,0
13095,57,0
13096,57,0
13097,56,0
13098,58,0
13099,58,0
13100,57,0
13101,56,0
13102,56,0
13103,55,0
13104,59,0
13105,56,0
13106,56,0
13107,57,0
13108,57,0
13109,58,0
13110,58,0
13111,56,0
13112,55,0
13113,55,0
13114,56,0
13115,56,0
13116,56,0
13117,57,0
13118,59,0
13119,56,0
13120,58,0
13121,57,0
13122,57,0
13123,56,0
13124,56,0
13125,56,0
13126,59,0
13127,58,0
13128,60,0
13129,55,0
13130,59,0
13131,56,0
13132,58,0
13133,56,0
13134,57,0
13135,59,0
13136,58,0
13137,56,0
13138,56,0
13139,55,0
13140,54,0
13141,56,0
13142,58,0
13143,56,0
13144,57,0
13145,57,0
13146,54,0
13147,56,0
13148,56,0
13149,55,0
13150,57,0
13151,55,0
13152,56,0
13153,58,0
13154,56,0
13155,55,0
13156,55,0
13157,58,0
13158,56,0
13159,56,0
13160,59,0
13161,59,0
13162,56,0
13163,58,0
13164,55,0
13165,56,0
13166,58,0
13167,58,0
13168,56,0
13169,55,0
13170,57,0
13171,56,0
13172,58,0
13173,57,0
13174,55,0
13175,58,0
13176,58,0
13177,54,0
13178,57,0
13179,53,0
13180,60,0
13181,56,0
13182,57,0
13183,57,0
13184,58,0
13185,56,0
13186,55,0
13187,55,0
13188,54,0
13189,56,0
13190,55,0
13191,58,0
13192,59,0
13193,59,0
13194,54,0
13195,58,0
13196,56,0
13197,57,0
13198,55,0
13199,55,0
13200,56,0
13201,58,0
13202,55,0
13203,56,0
13204,56,0
13205,56,0
13206,59,0
13207,58,0
13208,56,0
13209,56,0
13210,59,0
13211,58,0
13212,56,0
13213,56,0
13214,59,0
13215,56,0
13216,58,0
13217,58,0
13218,55,0
13219,56,0
13220,56,0
13221,56,0
13222,57,0
13223,56,0
13224,58,0
13225,56,0
13226,57,0
13227,57,0
13228,58,0
13229,54,0
13230,57,0
13231,57,0
13232,56,0
13233,56,0
13234,55,0
13235,56,0
13236,56,0
13237,55,0
13238,59,0
13239,58,0
13240,55,0
13241,55,0
13242,56,0
13243,57,0
13244,57,0
13245,56,0
13246,57,0
13247,56,0
13248,56,0
13249,57,0
13250,56,0
13251,56,0
13252,59,0
13253,59,0
13254,56,0
13255,56,0
13256,59,0
13257,57,0
13258,58,0
13259,56,0
13260,55,0
13261,56,0
13262,56,0
13263,57,0
13264,55,0
13265,58,0
13266,56,0
13267,56,0
13268,57,0
13269,58,0
13270,56,0
13271,55,0
13272,56,0
13273,58,0
13274,56,0
13275,57,0
13276,56,0
13277,56,0
13278,59,0
13279,56,0
13280,58,0
13281,59,0
13282,57,0
13283,58,0
13284,53,0
13285,61,0
13286,56,0
13287,60,0
13288,55,0
13289,56,0
13290,56,0
13291,57,0
13292,56,0
13293,56,0
13294,55,0
13295,55,0
13296,54,0
13297,56,0
13298,55,0
13299,55,0
13300,56,0
13301,56,0
13302,56,0
13303,53,0
13304,58,0
13305,58,0
13306,58,0
13307,54,0
13308,56,0
13309,56,0
13310,57,0
13311,57,0
13312,55,0
13313,56,0
13314,56,0
13315,56,0
13316,53,0
13317,56,0
13318,58,0
13319,59,0
13320,59,0
13321,54,0
13322,56,0
13323,55,0
13324,59,0
13325,56,0
13326,58,0
13327,56,0
13328,56,0
13329,59,0
13330,55,0
13331,56,0
13332,56,0
13333,57,0
13334,59,0
13335,56,0
13336,58,0
13337,55,0
13338,59,0
13339,58,0
13340,56,0
13341,55,0
13342,55,0
13343,56,0
13344,58,0
13345,56,0
13346,58,0
13347,55,0
13348,56,0
13349,56,0
13350,58,0
13351,59,0
13352,57,0
13353,56,0
13354,58,0
13355,55,0
13356,59,0
13357,58,0
13358,58,0
13359,60,0
13360,53,0
13361,58,0
13362,56,0
13363,57,0
13364,57,0
13365,56,0
13366,54,0
13367,57,0
13368,55,0
13369,58,0
13370,54,0
13371,55,0
13372,56,0
13373,56,0
13374,56,0
13375,59,0
13376,59,0
13377,58,0
13378,58,0
13379,59,0
13380,57,0
13381,58,0
13382,58,0
13383,55,0
13384,56,0
13385,56,0
13386,59,0
13387,59,0
13388,54,0
13389,56,0
13390,58,0
13391,57,0
13392,56,0
13393,56,0
13394,60,0
13395,55,0
13396,59,0
13397,56,0
13398,56,0
13399,57,0
13400,59,0
13401,58,0
13402,56,0
13403,56,0
13404,59,0
13405,56,0
13406,56,0
13407,56,0
13408,59,0
13409,56,0
13410,56,0
13411,55,0
13412,59,0
13413,58,0
13414,57,0
13415,57,0
13416,58,0
13417,56,0
13418,57,0
13419,57,0
13420,58,0
13421,58,0
13422,55,0
13423,59,0
13424,56,0
13425,57,0
13426,57,0
13427,56,0
13428,55,0
13429,55,0
13430,56,0
13431,56,0
13432,60,0
13433,55,0
13434,56,0
13435,56,0
13436,58,0
13437,59,0
13438,58,0
13439,56,0
13440,58,0
13441,57,0
13442,55,0
13443,60,0
13444,58,0
13445,55,0
13446,56,0
13447,58,0
13448,58,0
13449,57,0
13450,57,0
13451,58,0
13452,58,0
13453,59,0
13454,59,0
13455,58,0
13456,56,0
13457,57,0
13458,57,0
13459,54,0
13460,56,0
13461,58,0
13462,55,0
13463,56,0
13464,58,0
13465,59,0
13466,56,0
13467,58,0
13468,58,0
13469,57,0
13470,56,0
13471,58,0
13472,58,0
13473,55,0
13474,59,0
13475,58,0
13476,56,0
13477,57,0
13478,54,0
13479,58,0
13480,57,0
13481,59,0
13482,56,0
13483,56,0
13484,55,0
13485,55,0
13486,55,0
13487,56,0
13488,58,0
13489,61,0
13490,59,0
13491,56,0
13492,56,0
13493,57,0
13494,57,0
13495,56,0
13496,56,0
13497,58,0
13498,55,0
13499,58,0
13500,56,0
13501,56,0
13502,55,0
13503,54,0
13504,58,0
13505,59,0
13506,57,0
13507,56,0
13508,56,0
13509,57,0
13510,57,0
13511,55,0
13512,56,0
13513,56,0
13514,55,0
13515,56,0
13516,56,0
13517,58,0
13518,57,0
13519,56,0
13520,56,0
13521,56,0
13522,55,0
13523,55,0
13524,56,0
13525,56,0
13526,58,0
13527,56,0
13528,55,0
13529,57,0
13530,56,0
13531,58,0
13532,56,0
13533,55,0
13534,56,0
13535,56,0
13536,55,0
13537,55,0
13538,56,0
13539,58,0
13540,54,0
13541,55,0
13542,57,0
13543,56,0
13544,56,0
13545,59,0
13546,57,0
13547,56,0
13548,56,0
13549,57,0
13550,55,0
13551,55,0
13552,56,0
13553,58,0
13554,55,0
13555,55,0
13556,58,0
13557,56,0
13558,59,0
13559,55,0
13560,56,0
13561,56,0
13562,55,0
13563,55,0
13564,56,0
13565,56,0
13566,55,0
13567,56,0
13568,58,0
13569,54,0
13570,53,0
13571,59,0
13572,58,0
13573,58,0
13574,53,0
13575,58,0
13576,58,0
13577,56,0
13578,57,0
13579,59,0
13580,56,0
13581,56,0
13582,57,0
13583,55,0
13584,58,0
13585,57,0
13586,58,0
13587,56,0
13588,58,0
13589,56,0
13590,57,0
13591,58,0
13592,59,0
13593,57,0
13594,56,0
13595,58,0
13596,58,0
13597,57,0
13598,56,0
13599,56,0
13600,59,0
13601,59,0
13602,56,0
13603,56,0
13604,57,0
13605,58,0
13606,56,0
13607,54,0
13608,59,0
13609,56,0
13610,58,0
13611,56,0
13612,57,0
13613,59,0
13614,58,0
13615,58,0
13616,59,0
13617,57,0
13618,58,0
13619,58,0
13620,57,0
13621,55,0
13622,56,0
13623,58,0
13624,57,0
13625,58,0
13626,58,0
13627,56,0
13628,57,0
13629,56,0
13630,58,0
13631,59,0
13632,58,0
13633,56,0
13634,57,0
13635,54,0
13636,56,0
13637,56,0
13638,55,0
13639,59,0
13640,56,0
13641,55,0
13642,57,0
13643,56,0
13644,56,0
13645,59,0
13646,56,0
13647,56,0
13648,56,0
13649,57,0
13650,55,0
13651,56,0
13652,58,0
13653,55,0
13654,57,0
13655,58,0
13656,58,0
13657,59,0
13658,59,0
13659,56,0
13660,56,0
13661,59,0
13662,59,0
13663,56,0
13664,58,0
13665,58,0
13666,55,0
13667,56,0
13668,56,0
13669,57,0
13670,56,0
13671,54,0
13672,57,0
13673,58,0
13674,54,0
13675,55,0
13676,59,0
13677,56,0
13678,57,0
13679,59,0
13680,56,0
13681,58,0
13682,57,0
13683,56,0
13684,57,0
13685,55,0
13686,56,0
13687,56,0
13688,57,0
13689,55,0
13690,58,0
13691,56,0
13692,57,0
13693,57,0
13694,56,0
13695,56,0
13696,55,0
13697,55,0
13698,58,0
13699,54,0
13700,57,0
13701,55,0
13702,56,0
13703,56,0
13704,56,0
13705,55,0
13706,56,0
13707,56,0
13708,55,0
13709,59,0
13710,58,0
13711,56,0
13712,58,0
13713,55,0
13714,61,0
13715,56,0
13716,56,0
13717,56,0
13718,55,0
13719,55,0
13720,56,0
13721,58,0
13722,56,0
13723,57,0
13724,55,0
13725,56,0
13726,55,0
13727,57,0
13728,56,0
13729,58,0
13730,56,0
13731,58,0
13732,57,0
13733,59,0
13734,56,0
13735,56,0
13736,55,0
13737,56,0
13738,58,0
13739,56,0
13740,56,0
13741,57,0
13742,56,0
13743,56,0
13744,57,0
13745,57,0
13746,57,0
13747,56,0
13748,56,0
13749,57,0
13750,58,0
13751,56,0
13752,56,0
13753,57,0
13754,57,0
13755,58,0
13756,58,0
13757,55,0
13758,58,0
13759,56,0
13760,57,0
13761,57,0
13762,58,0
13763,56,0
13764,57,0
13765,56,0
13766,56,0
13767,57,0
13768,56,0
13769,56,0
13770,58,0
13771,57,0
13772,56,0
13773,56,0
13774,58,0
13775,55,0
13776,58,0
13777,56,0
13778,58,0
13779,55,0
13780,59,0
13781,56,0
13782,56,0
13783,56,0
13784,57,0
13785,57,0
13786,58,0
13787,58,0
13788,53,0
13789,59,0
13790,56,0
13791,58,0
13792,57,0
13793,58,0
13794,58,0
13795,59,0
13796,56,0
13797,55,0
13798,57,0
13799,58,0
13800,58,0
13801,56,0
13802,57,0
13803,58,0
13804,56,0
13805,54,0
13806,59,0
13807,56,0
13808,56,0
13809,56,0
13810,55,0
13811,55,0
13812,56,0
13813,56,0
13814,59,0
13815,58,0
13816,56,0
13817,56,0
13818,59,0
13819,54,0
13820,56,0
13821,58,0
13822,57,0
13823,59,0
13824,56,0
13825,56,0
13826,57,0
13827,57,0
13828,54,0
13829,58,0
13830,56,0
13831,55,0
13832,54,0
13833,58,0
13834,58,0
13835,57,0
13836,55,0
13837,58,0
13838,56,0
13839,58,0
13840,59,0
13841,55,0
13842,56,0
13843,58,0
13844,56,0
13845,59,0
13846,57,0
13847,56,0
13848,57,0
13849,53,0
13850,56,0
13851,58,0
13852,56,0
13853,57,0
13854,55,0
13855,56,0
13856,58,0
13857,55,0
13858,59,0
13859,56,0
13860,56,0
13861,58,0
13862,61,0
13863,55,0
13864,56,0
13865,58,0
13866,56,0
13867,59,0
13868,57,0
13869,55,0
13870,56,0
13871,56,0
13872,56,0
13873,57,0
13874,55,0
13875,58,0
13876,56,0
13877,59,0
13878,57,0
13879,56,0
13880,59,0
13881,55,0
13882,56,0
13883,56,0
13884,56,0
13885,55,0
13886,55,0
13887,56,0
13888,58,0
13889,57,0
13890,59,0
13891,55,0
13892,56,0
13893,58,0
13894,57,0
13895,57,0
13896,56,0
13897,58,0
13898,58,0
13899,56,0
13900,57,0
13901,54,0
13902,56,0
13903,56,0
13904,57,0
13905,58,0
13906,56,0
13907,57,0
13908,56,0
13909,56,0
13910,55,0
13911,58,0
13912,56,0
13913,56,0
13914,57,0
13915,58,0
13916,56,0
13917,59,0
13918,57,0
13919,58,0
13920,58,0
13921,59,0
13922,58,0
13923,58,0
13924,58,0
13925,57,0
13926,58,0
13927,58,0
13928,59,0
13929,59,0
13930,56,0
13931,57,0
13932,57,0
13933,56,0
13934,56,0
13935,55,0
13936,55,0
13937,58,0
13938,56,0
13939,57,0
13940,58,0
13941,56,0
13942,56,0
13943,55,0
13944,56,0
13945,56,0
13946,56,0
13947,57,0
13948,58,0
13949,60,0
13950,55,0
13951,59,0
13952,58,0
13953,58,0
13954,57,0
13955,56,0
13956,56,0
13957,57,0
13958,57,0
13959,56,0
13960,56,0
13961,55,0
13962,55,0
13963,58,0
13964,56,0
13965,55,0
13966,55,0
13967,59,0
13968,58,0
13969,58,0
13970,58,0
13971,57,0
13972,56,0
13973,56,0
13974,58,0
13975,55,0
13976,57,0
13977,58,0
13978,56,0
13979,55,0
13980,57,0
13981,59,0
13982,56,0
13983,56,0
13984,55,0
13985,57,0
13986,56,0
13987,60,0
13988,55,0
13989,56,0
13990,56,0
13991,59,0
13992,55,0
13993,58,0
13994,56,0
13995,56,0
13996,58,0
13997,57,0
13998,57,0
13999,58,0
14000,58,0
14001,55,0
14002,58,0
14003,56,0
14004,58,0
14005,55,0
14006,56,0
14007,58,0
14008,56,0
14009,55,0
14010,57,0
14011,58,0
14012,56,0
14013,55,0
14014,54,0
14015,58,0
14016,58,0
14017,59,0
14018,55,0
14019,56,0
14020,56,0
14021,57,0
14022,55,0
14023,58,0
14024,56,0
14025,56,0
14026,57,0
14027,56,0
14028,56,0
14029,53,0
14030,59,0
14031,58,0
14032,56,0
14033,55,0
14034,55,0
14035,58,0
14036,58,0
14037,59,0
14038,55,0
14039,56,0
14040,58,0
14041,57,0
14042,59,0
14043,57,0
14044,58,0
14045,56,0
14046,55,0
14047,57,0
14048,56,0
14049,58,0
14050,56,0
14051,59,0
14052,55,0
14053,56,0
14054,56,0
14055,56,0
14056,59,0
14057,55,0
14058,56,0
14059,56,0
14060,58,0
14061,55,0
14062,56,0
14063,56,0
14064,58,0
14065,55,0
14066,55,0
14067,56,0
14068,58,0
14069,58,0
14070,56,0
14071,55,0
14072,59,0
14073,54,0
14074,58,0
14075,56,0
14076,59,0
14077,59,0
14078,58,0
14079,58,0
14080,54,0
14081,57,0
14082,57,0
14083,56,0
14084,56,0
14085,58,0
14086,59,0
14087,55,0
14088,56,0
14089,58,0
14090,59,0
14091,55,0
14092,58,0
14093,56,0
14094,55,0
14095,59,0
14096,56,0
14097,56,0
14098,56,0
14099,55,0
14100,56,0
14101,55,0
14102,57,0
14103,56,0
14104,56,0
14105,57,0
14106,56,0
14107,58,0
14108,58,0
14109,57,0
14110,57,0
14111,56,0
14112,58,0
14113,55,0
14114,59,0
14115,58,0
14116,56,0
14117,57,0
14118,57,0
14119,58,0
14120,56,0
14121,57,0
14122,57,0
14123,56,0
14124,56,0
14125,56,0
14126,57,0
14127,58,0
14128,58,0
14129,58,0
14130,55,0
14131,58,0
14132,58,0
14133,56,0
14134,59,0
14135,56,0
14136,58,0
14137,55,0
14138,57,0
14139,56,0
14140,56,0
14141,57,0
14142,57,0
14143,56,0
14144,58,0
14145,57,0
14146,57,0
14147,58,0
14148,58,0
14149,57,0
14150,56,0
14151,58,0
14152,57,0
14153,55,0
14154,56,0
14155,56,0
14156,57,0
14157,57,0
14158,58,0
14159,56,0
14160,57,0
14161,57,0
14162,56,0
14163,56,0
14164,57,0
14165,57,0
14166,58,0
14167,58,0
14168,57,0
14169,59,0
14170,56,0
14171,58,0
14172,57,0
14173,55,0
14174,54,0
14175,56,0
14176,59,0
14177,56,0
14178,56,0
14179,57,0
14180,59,0
14181,58,0
14182,56,0
14183,58,0
14184,59,0
14185,58,0
14186,58,0
14187,57,0
14188,59,0
14189,56,0
14190,58,0
14191,57,0
14192,57,0
14193,56,0
14194,56,0
14195,55,0
14196,59,0
14197,56,0
14198,56,0
14199,57,0
14200,57,0
14201,58,0
14202,58,0
14203,59,0
14204,56,0
14205,56,0
14206,59,0
14207,55,0
14208,58,0
14209,58,0
14210,55,0
14211,56,0
14212,56,0
14213,56,0
14214,59,0
14215,56,0
14216,58,0
14217,58,0
14218,57,0
14219,59,0
14220,58,0
14221,56,0
14222,57,0
14223,57,0
14224,56,0
14225,58,0
14226,57,0
14227,55,0
14228,58,0
14229,56,0
14230,55,0
14231,54,0
14232,56,0
14233,59,0
14234,55,0
14235,58,0
14236,56,0
14237,55,0
14238,58,0
14239,54,0
14240,57,0
14241,55,0
14242,58,0
14243,56,0
14244,56,0
14245,55,0
14246,55,0
14247,56,0
14248,56,0
14249,57,0
14250,59,0
14251,58,0
14252,56,0
14253,58,0
14254,55,0
14255,55,0
14256,56,0
14257,56,0
14258,55,0
14259,58,0
14260,56,0
14261,57,0
14262,59,0
14263,58,0
14264,56,0
14265,57,0
14266,57,0
14267,58,0
14268,56,0
14269,56,0
14270,55,0
14271,55,0
14272,58,0
14273,58,0
14274,56,0
14275,55,0
14276,59,0
14277,58,0
14278,56,0
14279,59,0
14280,56,0
14281,56,0
14282,55,0
14283,59,0
14284,54,0
14285,56,0
14286,56,0
14287,54,0
14288,58,0
14289,58,0
14290,56,0
14291,57,0
14292,56,0
14293,58,0
14294,57,0
14295,57,0
14296,57,0
14297,58,0
14298,58,0
14299,56,0
14300,57,0
14301,56,0
14302,56,0
14303,58,0
14304,57,0
14305,58,0
14306,58,0
14307,56,0
14308,57,0
14309,56,0
14310,56,0
14311,59,0
14312,55,0
14313,56,0
14314,56,0
14315,57,0
14316,57,0
14317,58,0
14318,58,0
14319,59,0
14320,57,0
14321,58,0
14322,58,0
14323,57,0
14324,55,0
14325,56,0
14326,56,0
14327,58,0
14328,57,0
14329,57,0
14330,58,0
14331,56,0
14332,57,0
14333,59,0
14334,58,0
14335,56,0
14336,58,0
14337,54,0
14338,59,0
14339,58,0
14340,58,0
14341,56,0
14342,57,0
14343,56,0
14344,58,0
14345,55,0
14346,59,0
14347,58,0
14348,56,0
14349,57,0
14350,57,0
14351,56,0
14352,60,0
14353,56,0
14354,53,0
14355,56,0
14356,56,0
14357,58,0
14358,55,0
14359,56,0
14360,56,0
14361,56,0
14362,59,0
14363,59,0
14364,56,0
14365,58,0
14366,57,0
14367,59,0
14368,58,0
14369,56,0
14370,59,0
14371,56,0
14372,56,0
14373,55,0
14374,56,0
14375,56,0
14376,56,0
14377,59,0
14378,56,0
14379,56,0
14380,53,0
14381,56,0
14382,56,0
14383,58,0
14384,59,0
14385,55,0
14386,56,0
14387,56,0
14388,53,0
14389,57,0
14390,56,0
14391,56,0
14392,56,0
14393,57,0
14394,54,0
14395,58,0
14396,56,0
14397,57,0
14398,56,0
14399,56,0
14400,57,0
14401,55,0
14402,56,0
14403,56,0
14404,57,0
14405,62,0
14406,58,0
14407,59,0
14408,55,0
14409,58,0
14410,56,0
14411,55,0
14412,57,0
14413,58,0
14414,55,0
14415,56,0
14416,56,0
14417,57,0
14418,57,0
14419,56,0
14420,54,0
14421,57,0
14422,56,0
14423,56,0
14424,57,0
14425,56,0
14426,58,0
14427,57,0
14428,56,0
14429,58,0
14430,57,0
14431,59,0
14432,56,0
14433,56,0
14434,57,0
14435,54,0
14436,56,0
14437,57,0
14438,56,0
14439,58,0
14440,57,0
14441,58,0
14442,56,0
14443,57,0
14444,56,0
14445,56,0
14446,58,0
14447,54,0
14448,58,0
14449,56,0
14450,57,0
14451,56,0
14452,56,0
14453,57,0
14454,56,0
14455,56,0
14456,55,0
14457,58,0
14458,58,0
14459,59,0
14460,57,0
14461,56,0
14462,56,0
14463,58,0
14464,57,0
14465,59,0
14466,56,0
14467,56,0
14468,57,0
14469,57,0
14470,56,0
14471,57,0
14472,54,0
14473,56,0
14474,57,0
14475,55,0
14476,56,0
14477,56,0
14478,57,0
14479,55,0
14480,56,0
14481,57,0
14482,53,0
14483,58,0
14484,56,0
14485,57,0
14486,59,0
14487,55,0
14488,58,0
14489,58,0
14490,57,0
14491,56,0
14492,58,0
14493,56,0
14494,55,0
14495,56,0
14496,56,0
14497,56,0
14498,57,0
14499,55,0
14500,56,0
14501,56,0
14502,57,0
14503,53,0
14504,56,0
14505,58,0
14506,58,0
14507,57,0
14508,57,0
14509,54,0
14510,57,0
14511,55,0
14512,56,0
14513,58,0
14514,57,0
14515,57,0
14516,55,0
14517,54,0
14518,59,0
14519,57,0
14520,58,0
14521,58,0
14522,53,0
14523,55,0
14524,56,0
14525,57,0
14526,55,0
14527,58,0
14528,56,0
14529,54,0
14530,55,0
14531,55,0
14532,56,0
14533,53,0
14534,59,0
14535,56,0
14536,56,0
14537,55,0
14538,59,0
14539,58,0
14540,56,0
14541,56,0
14542,59,0
14543,57,0
14544,58,0
14545,56,0
14546,55,0
14547,56,0
14548,56,0
14549,58,0
14550,57,0
14551,57,0
14552,56,0
14553,56,0
14554,56,0
14555,59,0
14556,55,0
14557,56,0
14558,56,0
14559,55,0
14560,57,0
14561,56,0
14562,56,0
14563,58,0
14564,59,0
14565,54,0
14566,58,0
14567,57,0
14568,55,0
14569,57,0
14570,56,0
14571,56,0
14572,57,0
14573,57,0
14574,56,0
14575,56,0
14576,55,0
14577,59,0
14578,56,0
14579,56,0
14580,55,0
14581,55,0
14582,56,0
14583,56,0
14584,57,0
14585,58,0
14586,58,0
14587,58,0
14588,57,0
14589,59,0
14590,56,0
14591,56,0
14592,57,0
14593,55,0
14594,55,0
14595,56,0
14596,59,0
14597,56,0
14598,58,0
14599,56,0
14600,55,0
14601,56,0
14602,58,0
14603,55,0
14604,58,0
14605,56,0
14606,56,0
14607,57,0
14608,55,0
14609,56,0
14610,58,0
14611,57,0
14612,55,0
14613,56,0
14614,58,0
14615,53,0
14616,58,0
14617,56,0
14618,55,0
14619,56,0
14620,56,0
14621,57,0
14622,57,0
14623,56,0
14624,54,0
14625,57,0
14626,55,0
14627,58,0
14628,56,0
14629,59,0
14630,56,0
14631,58,0
14632,58,0
14633,59,0
14634,57,0
14635,60,0
14636,58,0
14637,57,0
14638,56,0
14639,56,0
14640,55,0
14641,60,0
14642,58,0
14643,56,0
14644,57,0
14645,56,0
14646,58,0
14647,58,0
14648,57,0
14649,55,0
14650,56,0
14651,54,0
14652,56,0
14653,57,0
14654,59,0
14655,56,0
14656,56,0
14657,56,0
14658,57,0
14659,59,0
14660,56,0
14661,56,0
14662,57,0
14663,57,0
14664,54,0
14665,56,0
14666,55,0
14667,55,0
14668,56,0
14669,56,0
14670,58,0
14671,59,0
14672,59,0
14673,56,0
14674,58,0
14675,59,0
14676,55,0
14677,56,0
14678,56,0
14679,59,0
14680,55,0
14681,56,0
14682,56,0
14683,55,0
14684,55,0
14685,56,0
14686,58,0
14687,56,0
14688,55,0
14689,55,0
14690,56,0
14691,56,0
14692,55,0
14693,55,0
14694,55,0
14695,55,0
14696,56,0
14697,56,0
14698,55,0
14699,53,0
14700,56,0
14701,54,0
14702,58,0
14703,55,0
14704,55,0
14705,56,0
14706,56,0
14707,59,0
14708,56,0
14709,56,0
14710,56,0
14711,58,0
14712,56,0
14713,58,0
14714,56,0
14715,54,0
14716,53,0
14717,54,0
14718,56,0
14719,57,0
14720,56,0
14721,58,0
14722,57,0
14723,55,0
14724,54,0
14725,56,0
14726,55,0
14727,57,0
14728,58,0
14729,56,0
14730,56,0
14731,55,0
14732,56,0
14733,56,0
14734,58,0
14735,57,0
14736,55,0
14737,59,0
14738,56,0
14739,56,0
14740,57,0
14741,55,0
14742,56,0
14743,56,0
14744,58,0
14745,55,0
14746,56,0
14747,58,0
14748,56,0
14749,55,0
14750,55,0
14751,56,0
14752,56,0
14753,55,0
14754,55,0
14755,59,0
14756,54,0
14757,56,0
14758,58,0
14759,57,0
14760,57,0
14761,56,0
14762,56,0
14763,55,0
14764,57,0
14765,60,0
14766,56,0
14767,57,0
14768,55,0
14769,58,0
14770,58,0
14771,57,0
14772,55,0
14773,56,0
14774,56,0
14775,58,0
14776,57,0
14777,57,0
14778,58,0
14779,56,0
14780,56,0
14781,61,0
14782,57,0
14783,59,0
14784,56,0
14785,56,0
14786,56,0
14787,57,0
14788,56,0
14789,56,0
14790,58,0
14791,57,0
14792,55,0
14793,56,0
14794,56,0
14795,57,0
14796,57,0
14797,56,0
14798,56,0
14799,57,0
14800,54,0
14801,56,0
14802,55,0
14803,59,0
14804,58,0
14805,54,0
14806,59,0
14807,57,0
14808,56,0
14809,56,0
14810,59,0
14811,59,0
14812,56,0
14813,58,0
14814,58,0
14815,57,0
14816,56,0
14817,56,0
14818,57,0
14819,56,0
14820,58,0
14821,53,0
14822,56,0
14823,58,0
14824,56,0
14825,57,0
14826,57,0
14827,58,0
14828,56,0
14829,58,0
14830,55,0
14831,57,0
14832,56,0
14833,56,0
14834,55,0
14835,59,0
14836,56,0
14837,58,0
14838,59,0
14839,55,0
14840,56,0
14841,56,0
14842,57,0
14843,55,0
14844,58,0
14845,58,0
14846,59,0
14847,55,0
14848,58,0
14849,56,0
14850,57,0
14851,57,0
14852,56,0
14853,58,0
14854,59,0
14855,59,0
14856,56,0
14857,54,0
14858,58,0
14859,56,0
14860,59,0
14861,57,0
14862,58,0
14863,58,0
14864,58,0
14865,55,0
14866,56,0
14867,56,0
14868,56,0
14869,55,0
14870,55,0
14871,56,0
14872,56,0
14873,59,0
14874,59,0
14875,56,0
14876,58,0
14877,55,0
14878,57,0
14879,56,0
14880,58,0
14881,58,0
14882,57,0
14883,59,0
14884,56,0
14885,58,0
14886,56,0
14887,57,0
14888,59,0
14889,56,0
14890,56,0
14891,59,0
14892,58,0
14893,58,0
14894,56,0
14895,55,0
14896,59,0
14897,58,0
14898,56,0
14899,56,0
14900,57,0
14901,59,0
14902,56,0
14903,58,0
14904,56,0
14905,57,0
14906,55,0
14907,56,0
14908,54,0
14909,55,0
14910,57,0
14911,56,0
14912,54,0
14913,58,0
14914,57,0
14915,56,0
14916,56,0
14917,56,0
14918,55,0
14919,56,0
14920,58,0
14921,57,0
14922,55,0
14923,56,0
14924,56,0
14925,55,0
14926,61,0
14927,60,0
14928,56,0
14929,53,0
14930,59,0
14931,59,0
14932,58,0
14933,56,0
14934,55,0
14935,59,0
14936,56,0
14937,58,0
14938,55,0
14939,55,0
14940,58,0
14941,56,0
14942,57,0
14943,56,0
14944,56,0
14945,57,0
14946,57,0
14947,56,0
14948,56,0
14949,56,0
14950,57,0
14951,56,0
14952,54,0
14953,55,0
14954,57,0
14955,56,0
14956,56,0
14957,59,0
14958,53,0
14959,56,0
14960,56,0
14961,55,0
14962,57,0
14963,56,0
14964,58,0
14965,56,0
14966,60,0
14967,58,0
14968,57,0
14969,59,0
14970,56,0
14971,56,0
14972,58,0
14973,61,0
14974,56,0
14975,58,0
14976,58,0
14977,55,0
14978,57,0
14979,56,0
14980,58,0
14981,55,0
14982,56,0
14983,56,0
14984,57,0
14985,60,0
14986,56,0
14987,57,0
14988,56,0
14989,56,0
14990,60,0
14991,57,0
14992,57,0
14993,56,0
14994,56,0
14995,57,0
14996,55,0
14997,56,0
14998,58,0
14999,56,0
15000,56,0
15001,55,0
15002,57,0
15003,56,0
15004,56,0
15005,58,0
15006,57,0
15007,55,0
15008,56,0
15009,57,0
15010,59,0
15011,56,0
15012,58,0
15013,55,0
15014,59,0
15015,56,0
15016,56,0
15017,57,0
15018,55,0
15019,58,0
15020,57,0
15021,55,0
15022,58,0
15023,58,0
15024,56,0
15025,53,0
15026,57,0
15027,56,0
15028,58,0
15029,55,0
15030,57,0
15031,57,0
15032,58,0
15033,56,0
15034,57,0
15035,57,0
15036,55,0
15037,56,0
15038,56,0
15039,59,0
15040,55,0
15041,58,0
15042,56,0
15043,58,0
15044,55,0
15045,55,0
15046,56,0
15047,58,0
15048,58,0
15049,53,0
15050,58,0
15051,56,0
15052,58,0
15053,57,0
15054,56,0
15055,58,0
15056,58,0
15057,57,0
15058,57,0
15059,58,0
15060,58,0
15061,59,0
15062,56,0
15063,56,0
15064,58,0
15065,57,0
15066,57,0
15067,58,0
15068,58,0
15069,58,0
15070,55,0
15071,55,0
15072,56,0
15073,58,0
15074,53,0
15075,57,0
15076,58,0
15077,57,0
15078,59,0
15079,56,0
15080,56,0
15081,58,0
15082,55,0
15083,56,0
15084,56,0
15085,58,0
15086,57,0
15087,57,0
15088,56,0
15089,58,0
15090,58,0
15091,55,0
15092,57,0
15093,58,0
15094,56,0
15095,57,0
15096,57,0
15097,58,0
15098,56,0
15099,56,0
15100,53,0
15101,59,0
15102,58,0
15103,57,0
15104,55,0
15105,56,0
15106,56,0
15107,55,0
15108,55,0
15109,56,0
15110,58,0
15111,57,0
15112,57,0
15113,59,0
15114,56,0
15115,58,0
15116,56,0
15117,57,0
15118,56,0
15119,56,0
15120,55,0
15121,55,0
15122,56,0
15123,56,0
15124,55,0
15125,57,0
15126,58,0
15127,58,0
15128,59,0
15129,55,0
15130,58,0
15131,56,0
15132,57,0
15133,57,0
15134,58,0
15135,56,0
15136,57,0
15137,56,0
15138,56,0
15139,57,0
15140,55,0
15141,56,0
15142,58,0
15143,57,0
15144,59,0
15145,56,0
15146,58,0
15147,57,0
15148,55,0
15149,58,0
15150,56,0
15151,54,0
15152,57,0
15153,57,0
15154,58,0
15155,57,0
15156,55,0
15157,62,0
15158,57,0
15159,56,0
15160,56,0
15161,55,0
15162,57,0
15163,56,0
15164,56,0
15165,55,0
15166,57,0
15167,58,0
15168,56,0
15169,57,0
15170,55,0
15171,58,0
15172,56,0
15173,55,0
15174,55,0
15175,58,0
15176,58,0
15177,59,0
15178,55,0
15179,58,0
15180,56,0
15181,59,0
15182,57,0
15183,58,0
15184,56,0
15185,56,0
15186,55,0
15187,56,0
15188,58,0
15189,57,0
15190,58,0
15191,56,0
15192,59,0
15193,59,0
15194,56,0
15195,56,0
15196,55,0
15197,59,0
15198,56,0
15199,56,0
15200,58,0
15201,59,0
15202,59,0
15203,56,0
15204,58,0
15205,57,0
15206,55,0
15207,56,0
15208,58,0
15209,53,0
15210,61,0
15211,56,0
15212,58,0
15213,55,0
15214,56,0
15215,56,0
15216,53,0
15217,59,0
15218,58,0
15219,58,0
15220,54,0
15221,53,0
15222,56,0
15223,56,0
15224,58,0
15225,56,0
15226,59,0
15227,55,0
15228,56,0
15229,58,0
15230,55,0
15231,59,0
15232,56,0
15233,58,0
15234,55,0
15235,56,0
15236,56,0
15237,59,0
15238,57,0
15239,56,0
15240,58,0
15241,53,0
15242,59,0
15243,56,0
15244,58,0
15245,57,0
15246,59,0
15247,55,0
15248,58,0
15249,58,0
15250,55,0
15251,57,0
15252,56,0
15253,56,0
15254,54,0
15255,55,0
15256,59,0
15257,58,0
15258,54,0
15259,58,0
15260,57,0
15261,57,0
15262,56,0
15263,57,0
15264,55,0
15265,56,0
15266,59,0
15267,59,0
15268,58,0
15269,56,0
15270,57,0
15271,57,0
15272,56,0
15273,58,0
15274,56,0
15275,59,0
15276,56,0
15277,56,0
15278,53,0
15279,57,0
15280,56,0
15281,58,0
15282,55,0
15283,56,0
15284,56,0
15285,56,0
15286,55,0
15287,56,0
15288,56,0
15289,56,0
15290,57,0
15291,55,0
15292,58,0
15293,56,0
15294,57,0
15295,56,0
15296,56,0
15297,59,0
15298,59,0
15299,56,0
15300,58,0
15301,56,0
15302,57,0
15303,57,0
15304,56,0
15305,58,0
15306,57,0
15307,58,0
15308,58,0
15309,56,0
15310,57,0
15311,58,0
15312,58,0
15313,56,0
15314,59,0
15315,56,0
15316,58,0
15317,57,0
15318,57,0
15319,58,0
15320,58,0
15321,57,0
15322,57,0
15323,56,0
15324,56,0
15325,57,0
15326,56,0
15327,58,0
15328,58,0
15329,59,0
15330,59,0
15331,56,0
15332,57,0
15333,59,0
15334,58,0
15335,56,0
15336,59,0
15337,57,0
15338,57,0
15339,56,0
15340,56,0
15341,58,0
15342,59,0
15343,58,0
15344,58,0
15345,57,0
15346,55,0
15347,58,0
15348,58,0
15349,58,0
15350,57,0
15351,57,0
15352,58,0
15353,58,0
15354,55,0
15355,59,0
15356,58,0
15357,56,0
15358,53,0
15359,56,0
15360,58,0
15361,58,0
15362,57,0
15363,57,0
15364,56,0
15365,54,0
15366,60,0
15367,55,0
15368,55,0
15369,58,0
15370,58,0
15371,55,0
15372,56,0
15373,58,0
15374,56,0
15375,59,0
15376,58,0
15377,56,0
15378,55,0
15379,55,0
15380,56,0
15381,56,0
15382,57,0
15383,59,0
15384,57,0
15385,58,0
15386,58,0
15387,55,0
15388,55,0
15389,56,0
15390,58,0
15391,57,0
15392,55,0
15393,56,0
15394,56,0
15395,57,0
15396,59,0
15397,56,0
15398,58,0
15399,58,0
15400,55,0
15401,57,0
15402,56,0
15403,58,0
15404,56,0
15405,55,0
15406,56,0
15407,58,0
15408,55,0
15409,57,0
15410,58,0
15411,56,0
15412,56,0
15413,56,0
15414,55,0
15415,57,0
15416,57,0
15417,56,0
15418,56,0
15419,59,0
15420,55,0
15421,58,0
15422,56,0
15423,56,0
15424,55,0
15425,59,0
15426,56,0
15427,58,0
15428,61,0
15429,57,0
15430,56,0
15431,58,0
15432,56,0
15433,57,0
15434,56,0
15435,59,0
15436,57,0
15437,56,0
15438,58,0
15439,59,0
15440,59,0
15441,56,0
15442,56,0
15443,55,0
15444,59,0
15445,58,0
15446,56,0
15447,55,0
15448,57,0
15449,58,0
15450,57,0
15451,57,0
15452,56,0
15453,58,0
15454,57,0
15455,57,0
15456,56,0
15457,58,0
15458,58,0
15459,55,0
15460,58,0
15461,56,0
15462,55,0
15463,59,0
15464,60,0
15465,58,0
15466,57,0
15467,57,0
15468,56,0
15469,56,0
15470,58,0
15471,55,0
15472,58,0
15473,56,0
15474,58,0
15475,55,0
15476,58,0
15477,56,0
15478,57,0
15479,54,0
15480,56,0
15481,56,0
15482,57,0
15483,57,0
15484,56,0
15485,57,0
15486,57,0
15487,56,0
15488,58,0
15489,59,0
15490,58,0
15491,56,0
15492,56,0
15493,57,0
15494,57,0
15495,56,0
15496,57,0
15497,57,0
15498,58,0
15499,56,0
15500,57,0
15501,55,0
15502,56,0
15503,56,0
15504,57,0
15505,58,0
15506,56,0
15507,56,0
15508,59,0
15509,57,0
15510,57,0
15511,58,0
15512,56,0
15513,58,0
15514,57,0
15515,56,0
15516,56,0
15517,57,0
15518,55,0
15519,58,0
15520,56,0
15521,59,0
15522,58,0
15523,58,0
15524,56,0
15525,55,0
15526,56,0
15527,56,0
15528,55,0
15529,57,0
15530,56,0
15531,58,0
15532,57,0
15533,57,0
15534,56,0
15535,56,0
15536,57,0
15537,55,0
15538,58,0
15539,59,0
15540,57,0
15541,58,0
15542,58,0
15543,57,0
15544,55,0
15545,56,0
15546,58,0
15547,56,0
15548,57,0
15549,57,0
15550,56,0
15551,58,0
15552,58,0
15553,55,0
15554,55,0
15555,54,0
15556,58,0
15557,59,0
15558,59,0
15559,58,0
15560,56,0
15561,56,0
15562,59,0
15563,57,0
15564,56,0
15565,59,0
15566,59,0
15567,56,0
15568,56,0
15569,57,0
15570,56,0
15571,56,0
15572,57,0
15573,56,0
15574,56,0
15575,60,0
15576,57,0
15577,57,0
15578,58,0
15579,56,0
15580,58,0
15581,55,0
15582,56,0
15583,56,0
15584,59,0
15585,57,0
15586,54,0
15587,56,0
15588,59,0
15589,53,0
15590,58,0
15591,56,0
15592,56,0
15593,57,0
15594,53,0
15595,53,0
15596,56,0
15597,58,0
15598,56,0
15599,57,0
15600,54,0
15601,58,0
15602,56,0
15603,57,0
15604,57,0
15605,56,0
15606,56,0
15607,57,0
15608,55,0
15609,56,0
15610,56,0
15611,57,0
15612,59,0
15613,56,0
15614,56,0
15615,55,0
15616,55,0
15617,56,0
15618,56,0
15619,54,0
15620,57,0
15621,57,0
15622,56,0
15623,58,0
15624,55,0
15625,56,0
15626,57,0
15627,54,0
15628,56,0
15629,57,0
15630,55,0
15631,58,0
15632,56,0
15633,55,0
15634,55,0
15635,58,0
15636,56,0
15637,58,0
15638,57,0
15639,57,0
15640,56,0
15641,56,0
15642,57,0
15643,58,0
15644,58,0
15645,57,0
15646,56,0
15647,56,0
15648,58,0
15649,55,0
15650,59,0
15651,56,0
15652,56,0
15653,59,0
15654,53,0
15655,56,0
15656,58,0
15657,59,0
15658,55,0
15659,58,0
15660,58,0
15661,57,0
15662,57,0
15663,56,0
15664,56,0
15665,58,0
15666,55,0
15667,56,0
15668,56,0
15669,55,0
15670,55,0
15671,56,0
15672,56,0
15673,57,0
15674,55,0
15675,58,0
15676,58,0
15677,58,0
15678,57,0
15679,57,0
15680,56,0
15681,54,0
15682,55,0
15683,57,0
15684,58,0
15685,56,0
15686,59,0
15687,57,0
15688,56,0
15689,58,0
15690,59,0
15691,59,0
15692,60,0
15693,54,0
15694,57,0
15695,57,0
15696,58,0
15697,58,0
15698,59,0
15699,56,0
15700,58,0
15701,57,0
15702,57,0
15703,56,0
15704,58,0
15705,59,0
15706,55,0
15707,58,0
15708,58,0
15709,57,0
15710,55,0
15711,58,0
15712,59,0
15713,57,0
15714,56,0
15715,58,0
15716,57,0
15717,55,0
15718,58,0
15719,58,0
15720,57,0
15721,58,0
15722,56,0
15723,56,0
15724,57,0
15725,57,0
15726,58,0
15727,56,0
15728,57,0
15729,57,0
15730,58,0
15731,56,0
15732,55,0
15733,53,0
15734,56,0
15735,56,0
15736,55,0
15737,58,0
15738,56,0
15739,56,0
15740,55,0
15741,54,0
15742,56,0
15743,56,0
15744,55,0
15745,56,0
15746,58,0
15747,58,0
15748,59,0
15749,57,0
15750,59,0
15751,58,0
15752,58,0
15753,57,0
15754,59,0
15755,56,0
15756,58,0
15757,53,0
15758,59,0
15759,57,0
15760,54,0
15761,58,0
15762,57,0
15763,55,0
15764,56,0
15765,56,0
15766,56,0
15767,57,0
15768,58,0
15769,58,0
15770,55,0
15771,57,0
15772,58,0
15773,54,0
15774,56,0
15775,56,0
15776,55,0
15777,59,0
15778,55,0
15779,58,0
15780,56,0
15781,55,0
15782,54,0
15783,56,0
15784,58,0
15785,55,0
15786,55,0
15787,58,0
15788,56,0
15789,56,0
15790,55,0
15791,59,0
15792,55,0
15793,56,0
15794,57,0
15795,55,0
15796,56,0
15797,58,0
15798,58,0
15799,59,0
15800,58,0
15801,56,0
15802,55,0
15803,56,0
15804,56,0
15805,56,0
15806,55,0
15807,53,0
15808,56,0
15809,56,0
15810,55,0
15811,55,0
15812,56,0
15813,56,0
15814,56,0
15815,55,0
15816,55,0
15817,56,0
15818,56,0
15819,53,0
15820,59,0
15821,56,0
15822,56,0
15823,54,0
15824,57,0
15825,57,0
15826,58,0
15827,55,0
15828,57,0
15829,56,0
15830,58,0
15831,57,0
15832,59,0
15833,56,0
15834,57,0
15835,55,0
15836,58,0
15837,56,0
15838,57,0
15839,56,0
15840,58,0
15841,55,0
15842,56,0
15843,58,0
15844,57,0
15845,55,0
15846,56,0
15847,58,0
15848,55,0
15849,59,0
15850,56,0
15851,58,0
15852,55,0
15853,55,0
15854,56,0
15855,56,0
15856,59,0
15857,57,0
15858,59,0
15859,58,0
15860,58,0
15861,55,0
15862,58,0
15863,58,0
15864,57,0
15865,56,0
15866,56,0
15867,58,0
15868,55,0
15869,59,0
15870,56,0
15871,58,0
15872,56,0
15873,55,0
15874,55,0
15875,58,0
15876,60,0
15877,56,0
15878,54,0
15879,57,0
15880,57,0
15881,58,0
15882,58,0
15883,58,0
15884,57,0
15885,55,0
15886,58,0
15887,56,0
15888,56,0
15889,55,0
15890,57,0
15891,56,0
15892,55,0
15893,57,0
15894,56,0
15895,56,0
15896,59,0
15897,53,0
15898,58,0
15899,58,0
15900,57,0
15901,59,0
15902,58,0
15903,57,0
15904,58,0
15905,56,0
15906,55,0
15907,56,0
15908,56,0
15909,55,0
15910,56,0
15911,56,0
15912,57,0
15913,55,0
15914,56,0
15915,56,0
15916,57,0
15917,55,0
15918,58,0
15919,56,0
15920,58,0
15921,57,0
15922,55,0
15923,56,0
15924,54,0
15925,57,0
15926,58,0
15927,56,0
15928,55,0
15929,56,0
15930,58,0
15931,57,0
15932,55,0
15933,56,0
15934,56,0
15935,56,0
15936,59,0
15937,55,0
15938,58,0
15939,56,0
15940,57,0
15941,57,0
15942,56,0
15943,58,0
15944,57,0
15945,56,0
15946,56,0
15947,56,0
15948,57,0
15949,54,0
15950,56,0
15951,57,0
15952,57,0
15953,57,0
15954,58,0
15955,55,0
15956,55,0
15957,54,0
15958,55,0
15959,57,0
15960,58,0
15961,56,0
15962,57,0
15963,57,0
15964,58,0
15965,58,0
15966,53,0
15967,56,0
15968,56,0
15969,59,0
15970,56,0
15971,58,0
15972,58,0
15973,57,0
15974,57,0
15975,56,0
15976,58,0
15977,56,0
15978,53,0
15979,54,0
15980,56,0
15981,57,0
15982,57,0
15983,56,0
15984,58,0
15985,57,0
15986,59,0
15987,56,0
15988,56,0
15989,57,0
15990,57,0
15991,56,0
15992,56,0
15993,58,0
15994,59,0
15995,56,0
15996,56,0
15997,58,0
15998,59,0
15999,57,0
16000,58,0
16001,56,0
16002,57,0
16003,59,0
16004,58,0
16005,58,0
16006,57,0
16007,54,0
16008,58,0
16009,59,0
16010,57,0
16011,56,0
16012,56,0
16013,59,0
16014,56,0
16015,58,0
16016,58,0
16017,57,0
16018,58,0
16019,56,0
16020,57,0
16021,56,0
16022,58,0
16023,57,0
16024,57,0
16025,58,0
16026,60,0
16027,57,0
16028,58,0
16029,56,0
16030,57,0
16031,57,0
16032,58,0
16033,58,0
16034,57,0
16035,57,0
16036,58,0
16037,58,0
16038,57,0
16039,57,0
16040,56,0
16041,56,0
16042,57,0
16043,56,0
16044,56,0
16045,58,0
16046,57,0
16047,58,0
16048,56,0
16049,57,0
16050,56,0
16051,56,0
16052,58,0
16053,57,0
16054,56,0
16055,56,0
16056,56,0
16057,55,0
16058,56,0
16059,58,0
16060,54,0
16061,55,0
16062,55,0
16063,58,0
16064,58,0
16065,56,0
16066,57,0
16067,57,0
16068,58,0
16069,56,0
16070,56,0
16071,59,0
16072,59,0
16073,56,0
16074,56,0
16075,57,0
16076,58,0
16077,58,0
16078,57,0
16079,59,0
16080,54,0
16081,58,0
16082,58,0
16083,58,0
16084,59,0
16085,56,0
16086,56,0
16087,59,0
16088,58,0
16089,56,0
16090,56,0
16091,56,0
16092,57,0
16093,55,0
16094,58,0
16095,56,0
16096,57,0
16097,55,0
16098,56,0
16099,58,0
16100,57,0
16101,57,0
16102,56,0
16103,56,0
16104,53,0
16105,55,0
16106,56,0
16107,56,0
16108,56,0
16109,57,0
16110,54,0
16111,56,0
16112,55,0
16113,55,0
16114,58,0
16115,56,0
16116,55,0
16117,56,0
16118,56,0
16119,56,0
16120,55,0
16121,55,0
16122,53,0
16123,58,0
16124,56,0
16125,55,0
16126,57,0
16127,54,0
16128,56,0
16129,56,0
16130,57,0
16131,58,0
16132,56,0
16133,55,0
16134,55,0
16135,58,0
16136,58,0
16137,61,0
16138,61,0
16139,56,0
16140,56,0
16141,56,0
16142,56,0
16143,59,0
16144,57,0
16145,58,0
16146,56,0
16147,56,0
16148,55,0
16149,55,0
16150,58,0
16151,56,0
16152,58,0
16153,56,0
16154,55,0
16155,53,0
16156,56,0
16157,57,0
16158,57,0
16159,59,0
16160,56,0
16161,56,0
16162,58,0
16163,57,0
16164,59,0
16165,55,0
16166,58,0
16167,58,0
16168,57,0
16169,58,0
16170,56,0
16171,56,0
16172,57,0
16173,56,0
16174,58,0
16175,58,0
16176,56,0
16177,59,0
16178,57,0
16179,56,0
16180,58,0
16181,58,0
16182,57,0
16183,55,0
16184,56,0
16185,56,0
16186,59,0
16187,59,0
16188,56,0
16189,58,0
16190,58,0
16191,57,0
16192,57,0
16193,54,0
16194,58,0
16195,57,0
16196,57,0
16197,56,0
16198,54,0
16199,56,0
16200,57,0
16201,57,0
16202,58,0
16203,56,0
16204,57,0
16205,56,0
16206,58,0
16207,57,0
16208,57,0
16209,56,0
16210,56,0
16211,59,0
16212,57,0
16213,58,0
16214,56,0
16215,57,0
16216,59,0
16217,60,0
16218,60,0
16219,57,0
16220,58,0
16221,56,0
16222,57,0
16223,57,0
16224,56,0
16225,56,0
16226,57,0
16227,56,0
16228,58,0
16229,59,0
16230,56,0
16231,58,0
16232,59,0
16233,55,0
16234,58,0
16235,56,0
16236,57,0
16237,58,0
16238,56,0
16239,58,0
16240,59,0
16241,53,0
16242,56,0
16243,58,0
16244,58,0
16245,59,0
16246,55,0
16247,56,0
16248,60,0
16249,55,0
16250,57,0
16251,58,0
16252,58,0
16253,55,0
16254,56,0
16255,58,0
16256,57,0
16257,59,0
16258,58,0
16259,56,0
16260,55,0
16261,55,0
16262,56,0
16263,56,0
16264,55,0
16265,56,0
16266,56,0
16267,56,0
16268,57,0
16269,57,0
16270,54,0
16271,56,0
16272,53,0
16273,56,0
16274,58,0
16275,56,0
16276,55,0
16277,57,0
16278,58,0
16279,56,0
16280,59,0
16281,57,0
16282,58,0
16283,56,0
16284,55,0
16285,59,0
16286,58,0
16287,58,0
16288,56,0
16289,61,0
16290,58,0
16291,57,0
16292,57,0
16293,57,0
16294,58,0
16295,58,0
16296,58,0
16297,55,0
16298,57,0
16299,59,0
16300,56,0
16301,58,0
16302,57,0
16303,55,0
16304,58,0
16305,58,0
16306,56,0
16307,55,0
16308,58,0
16309,56,0
16310,55,0
16311,59,0
16312,56,0
16313,58,0
16314,56,0
16315,55,0
16316,55,0
16317,56,0
16318,56,0
16319,57,0
16320,58,0
16321,58,0
16322,55,0
16323,55,0
16324,56,0
16325,55,0
16326,54,0
16327,58,0
16328,56,0
16329,56,0
16330,59,0
16331,56,0
16332,56,0
16333,56,0
16334,55,0
16335,55,0
16336,58,0
16337,55,0
16338,55,0
16339,54,0
16340,56,0
16341,58,0
16342,57,0
16343,56,0
16344,58,0
16345,56,0
16346,57,0
16347,58,0
16348,56,0
16349,55,0
16350,57,0
16351,56,0
16352,58,0
16353,58,0
16354,53,0
16355,57,0
16356,56,0
16357,56,0
16358,57,0
16359,56,0
16360,58,0
16361,56,0
16362,55,0
16363,59,0
16364,58,0
16365,56,0
16366,55,0
16367,57,0
16368,55,0
16369,58,0
16370,58,0
16371,55,0
16372,55,0
16373,58,0
16374,57,0
16375,57,0
16376,56,0
16377,56,0
16378,57,0
16379,58,0
16380,56,0
16381,57,0
16382,56,0
16383,58,0
16384,57,0
16385,57,0
16386,56,0
16387,57,0
16388,57,0
16389,56,0
16390,57,0
16391,55,0
16392,58,0
16393,58,0
16394,57,0
16395,55,0
16396,58,0
16397,57,0
16398,55,0
16399,61,0
16400,58,0
16401,58,0
16402,57,0
16403,58,0
16404,56,0
16405,56,0
16406,57,0
16407,57,0
16408,54,0
16409,56,0
16410,59,0
16411,55,0
16412,58,0
16413,58,0
16414,58,0
16415,57,0
16416,59,0
16417,58,0
16418,56,0
16419,59,0
16420,55,0
16421,56,0
16422,57,0
16423,56,0
16424,56,0
16425,57,0
16426,55,0
16427,56,0
16428,56,0
16429,59,0
16430,57,0
16431,56,0
16432,56,0
16433,59,0
16434,57,0
16435,56,0
16436,56,0
16437,55,0
16438,55,0
16439,56,0
16440,56,0
16441,59,0
16442,56,0
16443,56,0
16444,58,0
16445,55,0
16446,59,0
16447,56,0
16448,56,0
16449,55,0
16450,55,0
16451,56,0
16452,56,0
16453,56,0
16454,56,0
16455,59,0
16456,59,0
16457,56,0
16458,58,0
16459,59,0
16460,57,0
16461,56,0
16462,56,0
16463,54,0
16464,57,0
16465,55,0
16466,58,0
16467,56,0
16468,58,0
16469,57,0
16470,56,0
16471,58,0
16472,56,0
16473,55,0
16474,55,0
16475,58,0
16476,56,0
16477,56,0
16478,57,0
16479,57,0
16480,56,0
16481,57,0
16482,54,0
16483,56,0
16484,56,0
16485,55,0
16486,56,0
16487,58,0
16488,55,0
16489,56,0
16490,54,0
16491,59,0
16492,57,0
16493,56,0
16494,58,0
16495,56,0
16496,59,0
16497,59,0
16498,56,0
16499,56,0
16500,56,0
16501,55,0
16502,56,0
16503,56,0
16504,57,0
16505,57,0
16506,58,0
16507,56,0
16508,55,0
16509,57,0
16510,58,0
16511,57,0
16512,57,0
16513,58,0
16514,58,0
16515,57,0
16516,59,0
16517,58,0
16518,56,0
16519,55,0
16520,56,0
16521,56,0
16522,56,0
16523,59,0
16524,58,0
16525,61,0
16526,56,0
16527,56,0
16528,57,0
16529,57,0
16530,56,0
16531,56,0
16532,57,0
16533,55,0
16534,56,0
16535,56,0
16536,59,0
16537,59,0
16538,58,0
16539,56,0
16540,55,0
16541,57,0
16542,58,0
16543,56,0
16544,56,0
16545,55,0
16546,56,0
16547,58,0
16548,58,0
16549,59,0
16550,58,0
16551,56,0
16552,56,0
16553,57,0
16554,58,0
16555,56,0
16556,55,0
16557,55,0
16558,54,0
16559,56,0
16560,61,0
16561,56,0
16562,58,0
16563,59,0
16564,61,0
16565,58,0
16566,56,0
16567,58,0
16568,57,0
16569,56,0
16570,54,0
16571,58,0
16572,57,0
16573,55,0
16574,60,0
16575,56,0
16576,57,0
16577,55,0
16578,56,0
16579,56,0
16580,58,0
16581,59,0
16582,56,0
16583,56,0
16584,55,0
16585,57,0
16586,56,0
16587,56,0
16588,57,0
16589,59,0
16590,58,0
16591,54,0
16592,56,0
16593,59,0
16594,55,0
16595,58,0
16596,56,0
16597,57,0
16598,57,0
16599,57,0
16600,58,0
16601,57,0
16602,55,0
16603,56,0
16604,60,0
16605,57,0
16606,57,0
16607,56,0
16608,56,0
16609,56,0
16610,61,0
16611,56,0
16612,56,0
16613,57,0
16614,59,0
16615,56,0
16616,56,0
16617,56,0
16618,57,0
16619,59,0
16620,56,0
16621,56,0
16622,58,0
16623,59,0
16624,56,0
16625,56,0
16626,57,0
16627,57,0
16628,56,0
16629,58,0
16630,58,0
16631,56,0
16632,59,0
16633,58,0
16634,58,0
16635,59,0
16636,55,0
16637,56,0
16638,56,0
16639,56,0
16640,59,0
16641,53,0
16642,56,0
16643,56,0
16644,57,0
16645,59,0
16646,55,0
16647,58,0
16648,59,0
16649,56,0
16650,53,0
16651,56,0
16652,56,0
16653,57,0
16654,59,0
16655,56,0
16656,58,0
16657,55,0
16658,57,0
16659,56,0
16660,58,0
16661,55,0
16662,57,0
16663,58,0
16664,58,0
16665,56,0
16666,55,0
16667,56,0
16668,58,0
16669,59,0
16670,58,0
16671,56,0
16672,55,0
16673,59,0
16674,58,0
16675,58,0
16676,58,0
16677,57,0
16678,58,0
16679,56,0
16680,59,0
16681,57,0
16682,58,0
16683,57,0
16684,57,0
16685,56,0
16686,54,0
16687,55,0
16688,57,0
16689,58,0
16690,56,0
16691,57,0
16692,59,0
16693,56,0
16694,58,0
16695,58,0
16696,57,0
16697,59,0
16698,56,0
16699,56,0
16700,57,0
16701,57,0
16702,54,0
16703,59,0
16704,58,0
16705,56,0
16706,56,0
16707,57,0
16708,57,0
16709,56,0
16710,58,0
16711,56,0
16712,55,0
16713,56,0
16714,56,0
16715,57,0
16716,57,0
16717,56,0
16718,56,0
16719,59,0
16720,57,0
16721,58,0
16722,57,0
16723,57,0
16724,58,0
16725,58,0
16726,55,0
16727,56,0
16728,56,0
16729,56,0
16730,57,0
16731,55,0
16732,58,0
16733,56,0
16734,57,0
16735,54,0
16736,56,0
16737,57,0
16738,56,0
16739,56,0
16740,58,0
16741,57,0
16742,55,0
16743,56,0
16744,55,0
16745,57,0
16746,56,0
16747,56,0
16748,55,0
16749,57,0
16750,56,0
16751,58,0
16752,59,0
16753,55,0
16754,56,0
16755,56,0
16756,58,0
16757,59,0
16758,59,0
16759,56,0
16760,56,0
16761,57,0
16762,56,0
16763,56,0
16764,56,0
16765,55,0
16766,56,0
16767,55,0
16768,53,0
16769,56,0
16770,58,0
16771,58,0
16772,57,0
16773,59,0
16774,58,0
16775,58,0
16776,57,0
16777,55,0
16778,56,0
16779,56,0
16780,55,0
16781,57,0
16782,56,0
16783,58,0
16784,59,0
16785,59,0
16786,60,0
16787,58,0
16788,56,0
16789,55,0
16790,56,0
16791,56,0
16792,56,0
16793,59,0
16794,55,0
16795,56,0
16796,58,0
16797,59,0
16798,56,0
16799,58,0
16800,55,0
16801,57,0
16802,56,0
16803,58,0
16804,57,0
16805,56,0
16806,56,0
16807,58,0
16808,55,0
16809,55,0
16810,57,0
16811,54,0
16812,56,0
16813,57,0
16814,55,0
16815,58,0
16816,58,0
16817,56,0
16818,57,0
16819,55,0
16820,56,0
16821,56,0
16822,58,0
16823,57,0
16824,57,0
16825,55,0
16826,60,0
16827,58,0
16828,56,0
16829,55,0
16830,59,0
16831,57,0
16832,58,0
16833,58,0
16834,56,0
16835,57,0
16836,58,0
16837,56,0
16838,55,0
16839,56,0
16840,56,0
16841,56,0
16842,57,0
16843,57,0
16844,55,0
16845,58,0
16846,56,0
16847,56,0
16848,57,0
16849,55,0
16850,56,0
16851,58,0
16852,59,0
16853,56,0
16854,58,0
16855,58,0
16856,55,0
16857,56,0
16858,54,0
16859,58,0
16860,55,0
16861,57,0
16862,58,0
16863,58,0
16864,59,0
16865,57,0
16866,56,0
16867,55,0
16868,57,0
16869,56,0
16870,58,0
16871,59,0
16872,54,0
16873,58,0
16874,56,0
16875,59,0
16876,57,0
16877,56,0
16878,56,0
16879,57,0
16880,55,0
16881,58,0
16882,56,0
16883,59,0
16884,58,0
16885,56,0
16886,57,0
16887,55,0
16888,56,0
16889,56,0
16890,55,0
16891,56,0
16892,55,0
16893,57,0
16894,56,0
16895,59,0
16896,59,0
16897,56,0
16898,58,0
16899,57,0
16900,57,0
16901,58,0
16902,58,0
16903,56,0
16904,55,0
16905,56,0
16906,56,0
16907,61,0
16908,59,0
16909,58,0
16910,56,0
16911,57,0
16912,56,0
16913,56,0
16914,60,0
16915,55,0
16916,56,0
16917,56,0
16918,53,0
16919,59,0
16920,58,0
16921,54,0
16922,57,0
16923,58,0
16924,58,0
16925,57,0
16926,55,0
16927,56,0
16928,58,0
16929,57,0
16930,59,0
16931,58,0
16932,56,0
16933,57,0
16934,57,0
16935,57,0
16936,56,0
16937,58,0
16938,56,0
16939,57,0
16940,56,0
16941,56,0
16942,54,0
16943,55,0
16944,53,0
16945,56,0
16946,60,0
16947,56,0
16948,57,0
16949,58,0
16950,56,0
16951,54,0
16952,59,0
16953,55,0
16954,56,0
16955,56,0
16956,58,0
16957,57,0
16958,57,0
16959,56,0
16960,56,0
16961,55,0
16962,55,0
16963,56,0
16964,56,0
16965,58,0
16966,55,0
16967,55,0
16968,56,0
16969,58,0
16970,57,0
16971,57,0
16972,56,0
16973,56,0
16974,58,0
16975,57,0
16976,59,0
16977,56,0
16978,54,0
16979,55,0
16980,54,0
16981,58,0
16982,55,0
16983,57,0
16984,56,0
16985,58,0
16986,59,0
16987,57,0
16988,58,0
16989,58,0
16990,59,0
16991,55,0
16992,56,0
16993,56,0
16994,57,0
16995,59,0
16996,56,0
16997,56,0
16998,55,0
16999,57,0
17000,56,0
17001,56,0
17002,55,0
17003,59,0
17004,56,0
17005,58,0
17006,56,0
17007,55,0
17008,57,0
17009,55,0
17010,58,0
17011,56,0
17012,56,0
17013,53,0
17014,55,0
17015,57,0
17016,54,0
17017,58,0
17018,55,0
17019,53,0
17020,58,0
17021,58,0
17022,55,0
17023,56,0
17024,56,0
17025,56,0
17026,53,0
17027,55,0
17028,56,0
17029,56,0
17030,57,0
17031,57,0
17032,56,0
17033,58,0
17034,56,0
17035,57,0
17036,57,0
17037,58,0
17038,56,0
17039,55,0
17040,57,0
17041,56,0
17042,56,0
17043,57,0
17044,57,0
17045,56,0
17046,56,0
17047,58,0
17048,55,0
17049,54,0
17050,56,0
17051,56,0
17052,55,0
17053,57,0
17054,56,0
17055,56,0
17056,56,0
17057,55,0
17058,57,0
17059,55,0
17060,58,0
17061,58,0
17062,56,0
17063,55,0
17064,56,0
17065,58,0
17066,58,0
17067,57,0
17068,55,0
17069,56,0
17070,58,0
17071,57,0
17072,53,0
17073,56,0
17074,58,0
17075,57,0
17076,55,0
17077,58,0
17078,56,0
17079,55,0
17080,58,0
17081,56,0
17082,57,0
17083,55,0
17084,57,0
17085,56,0
17086,58,0
17087,57,0
17088,57,0
17089,56,0
17090,57,0
17091,59,0
17092,58,0
17093,56,0
17094,56,0
17095,59,0
17096,56,0
17097,56,0
17098,58,0
17099,57,0
17100,56,0
17101,56,0
17102,58,0
17103,55,0
17104,57,0
17105,58,0
17106,56,0
17107,57,0
17108,57,0
17109,56,0
17110,57,0
17111,55,0
17112,60,0
17113,58,0
17114,57,0
17115,57,0
17116,58,0
17117,58,0
17118,58,0
17119,57,0
17120,59,0
17121,58,0
17122,54,0
17123,55,0
17124,57,0
17125,57,0
17126,58,0
17127,56,0
17128,57,0
17129,57,0
17130,54,0
17131,60,0
17132,59,0
17133,57,0
17134,56,0
17135,56,0
17136,55,0
17137,57,0
17138,56,0
17139,56,0
17140,58,0
17141,57,0
17142,57,0
17143,56,0
17144,56,0
17145,58,0
17146,57,0
17147,56,0
17148,55,0
17149,55,0
17150,56,0
17151,58,0
17152,59,0
17153,59,0
17154,57,0
17155,58,0
17156,56,0
17157,55,0
17158,57,0
17159,58,0
17160,56,0
17161,55,0
17162,59,0
17163,58,0
17164,58,0
17165,57,0
17166,57,0
17167,56,0
17168,56,0
17169,56,0
17170,57,0
17171,57,0
17172,55,0
17173,58,0
17174,56,0
17175,57,0
17176,57,0
17177,55,0
17178,56,0
17179,58,0
17180,58,0
17181,57,0
17182,55,0
17183,59,0
17184,58,0
17185,58,0
17186,56,0
17187,55,0
17188,59,0
17189,56,0
17190,56,0
17191,56,0
17192,55,0
17193,55,0
17194,58,0
17195,58,0
17196,55,0
17197,55,0
17198,58,0
17199,58,0
17200,58,0
17201,57,0
17202,59,0
17203,57,0
17204,56,0
17205,58,0
17206,55,0
17207,54,0
17208,54,0
17209,56,0
17210,57,0
17211,59,0
17212,58,0
17213,56,0
17214,58,0
17215,59,0
17216,58,0
17217,56,0
17218,57,0
17219,58,0
17220,58,0
17221,56,0
17222,57,0
17223,56,0
17224,56,0
17225,58,0
17226,55,0
17227,55,0
17228,58,0
17229,56,0
17230,55,0
17231,55,0
17232,56,0
17233,57,0
17234,55,0
17235,56,0
17236,56,0
17237,57,0
17238,57,0
17239,55,0
17240,56,0
17241,58,0
17242,57,0
17243,57,0
17244,59,0
17245,56,0
17246,58,0
17247,55,0
17248,55,0
17249,56,0
17250,56,0
17251,57,0
17252,57,0
17253,56,0
17254,56,0
17255,57,0
17256,56,0
17257,56,0
17258,57,0
17259,53,0
17260,57,0
17261,58,0
17262,58,0
17263,57,0
17264,57,0
17265,58,0
17266,56,0
17267,58,0
17268,55,0
17269,59,0
17270,56,0
17271,55,0
17272,57,0
17273,54,0
17274,58,0
17275,58,0
17276,57,0
17277,57,0
17278,57,0
17279,58,0
17280,58,0
17281,58,0
17282,55,0
17283,58,0
17284,58,0
17285,55,0
17286,57,0
17287,56,0
17288,56,0
17289,57,0
17290,59,0
17291,58,0
17292,56,0
17293,55,0
17294,56,0
17295,56,0
17296,56,0
17297,59,0
17298,55,0
17299,56,0
17300,56,0
17301,55,0
17302,59,0
17303,58,0
17304,58,0
17305,58,0
17306,55,0
17307,59,0
17308,56,0
17309,56,0
17310,57,0
17311,55,0
17312,58,0
17313,56,0
17314,56,0
17315,55,0
17316,59,0
17317,56,0
17318,58,0
17319,58,0
17320,55,0
17321,57,0
17322,56,0
17323,56,0
17324,58,0
17325,57,0
17326,58,0
17327,58,0
17328,56,0
17329,57,0
17330,56,0
17331,59,0
17332,57,0
17333,56,0
17334,58,0
17335,58,0
17336,57,0
17337,59,0
17338,58,0
17339,56,0
17340,58,0
17341,59,0
17342,57,0
17343,55,0
17344,56,0
17345,56,0
17346,57,0
17347,59,0
17348,55,0
17349,56,0
17350,58,0
17351,55,0
17352,55,0
17353,56,0
17354,58,0
17355,55,0
17356,58,0
17357,58,0
17358,57,0
17359,56,0
17360,56,0
17361,56,0
17362,55,0
17363,56,0
17364,56,0
17365,56,0
17366,57,0
17367,55,0
17368,58,0
17369,56,0
17370,55,0
17371,55,0
17372,56,0
17373,58,0
17374,56,0
17375,55,0
17376,59,0
17377,56,0
17378,58,0
17379,53,0
17380,58,0
17381,56,0
17382,59,0
17383,57,0
17384,58,0
17385,56,0
17386,57,0
17387,57,0
17388,58,0
17389,56,0
17390,57,0
17391,59,0
17392,60,0
17393,53,0
17394,56,0
17395,56,0
17396,55,0
17397,56,0
17398,56,0
17399,57,0
17400,57,0
17401,54,0
17402,56,0
17403,56,0
17404,59,0
17405,55,0
17406,56,0
17407,58,0
17408,56,0
17409,57,0
17410,57,0
17411,56,0
17412,54,0
17413,58,0
17414,55,0
17415,56,0
17416,56,0
17417,58,0
17418,56,0
17419,58,0
17420,57,0
17421,57,0
17422,54,0
17423,58,0
17424,55,0
17425,55,0
17426,56,0
17427,56,0
17428,59,0
17429,57,0
17430,58,0
17431,56,0
17432,59,0
17433,57,0
17434,58,0
17435,58,0
17436,55,0
17437,56,0
17438,56,0
17439,59,0
17440,55,0
17441,57,0
17442,56,0
17443,58,0
17444,57,0
17445,56,0
17446,58,0
17447,56,0
17448,55,0
17449,55,0
17450,60,0
17451,56,0
17452,59,0
17453,57,0
17454,56,0
17455,54,0
17456,57,0
17457,55,0
17458,56,0
17459,56,0
17460,57,0
17461,57,0
17462,58,0
17463,57,0
17464,57,0
17465,56,0
17466,58,0
17467,54,0
17468,59,0
17469,55,0
17470,58,0
17471,56,0
17472,56,0
17473,59,0
17474,58,0
17475,56,0
17476,58,0
17477,57,0
17478,56,0
17479,56,0
17480,58,0
17481,57,0
17482,57,0
17483,58,0
17484,56,0
17485,59,0
17486,61,0
17487,56,0
17488,56,0
17489,59,0
17490,59,0
17491,56,0
17492,57,0
17493,58,0
17494,54,0
17495,57,0
17496,59,0
17497,56,0
17498,56,0
17499,55,0
17500,58,0
17501,56,0
17502,58,0
17503,56,0
17504,55,0
17505,56,0
17506,54,0
17507,56,0
17508,55,0
17509,58,0
17510,58,0
17511,55,0
17512,55,0
17513,58,0
17514,58,0
17515,55,0
17516,57,0
17517,58,0
17518,56,0
17519,56,0
17520,57,0
17521,56,0
17522,56,0
17523,56,0
17524,59,0
17525,56,0
17526,58,0
17527,58,0
17528,55,0
17529,57,0
17530,60,0
17531,58,0
17532,56,0
17533,57,0
17534,56,0
17535,56,0
17536,56,0
17537,57,0
17538,59,0
17539,56,0
17540,56,0
17541,59,0
17542,55,0
17543,56,0
17544,54,0
17545,57,0
17546,55,0
17547,56,0
17548,58,0
17549,58,0
17550,55,0
17551,53,0
17552,55,0
17553,56,0
17554,59,0
17555,59,0
17556,59,0
17557,56,0
17558,56,0
17559,56,0
17560,58,0
17561,61,0
17562,58,0
17563,56,0
17564,57,0
17565,55,0
17566,57,0
17567,58,0
17568,57,0
17569,59,0
17570,57,0
17571,56,0
17572,58,0
17573,58,0
17574,57,0
17575,57,0
17576,60,0
17577,58,0
17578,57,0
17579,59,0
17580,55,0
17581,58,0
17582,56,0
17583,58,0
17584,55,0
17585,59,0
17586,54,0
17587,56,0
17588,57,0
17589,61,0
17590,58,0
17591,59,0
17592,57,0
17593,56,0
17594,56,0
17595,57,0
17596,57,0
17597,60,0
17598,56,0
17599,57,0
17600,57,0
17601,58,0
17602,56,0
17603,57,0
17604,58,0
17605,58,0
17606,58,0
17607,57,0
17608,56,0
17609,56,0
17610,57,0
17611,55,0
17612,57,0
17613,56,0
17614,56,0
17615,57,0
17616,57,0
17617,56,0
17618,56,0
17619,58,0
17620,57,0
17621,56,0
17622,58,0
17623,56,0
17624,57,0
17625,57,0
17626,56,0
17627,56,0
17628,58,0
17629,57,0
17630,57,0
17631,56,0
17632,56,0
17633,57,0
17634,57,0
17635,56,0
17636,56,0
17637,54,0
17638,55,0
17639,59,0
17640,56,0
17641,54,0
17642,59,0
17643,54,0
17644,54,0
17645,55,0
17646,59,0
17647,58,0
17648,56,0
17649,57,0
17650,55,0
17651,56,0
17652,56,0
17653,59,0
17654,59,0
17655,56,0
17656,56,0
17657,57,0
17658,57,0
17659,56,0
17660,58,0
17661,59,0
17662,59,0
17663,56,0
17664,58,0
17665,58,0
17666,55,0
17667,54,0
17668,58,0
17669,57,0
17670,58,0
17671,56,0
17672,55,0
17673,55,0
17674,56,0
17675,56,0
17676,56,0
17677,55,0
17678,55,0
17679,56,0
17680,58,0
17681,55,0
17682,57,0
17683,56,0
17684,56,0
17685,57,0
17686,57,0
17687,56,0
17688,56,0
17689,55,0
17690,58,0
17691,56,0
17692,55,0
17693,58,0
17694,58,0
17695,56,0
17696,55,0
17697,58,0
17698,58,0
17699,56,0
17700,55,0
17701,57,0
17702,56,0
17703,58,0
17704,57,0
17705,57,0
17706,56,0
17707,56,0
17708,56,0
17709,60,0
17710,57,0
17711,55,0
17712,59,0
17713,56,0
17714,58,0
17715,58,0
17716,56,0
17717,55,0
17718,55,0
17719,58,0
17720,58,0
17721,55,0
17722,55,0
17723,56,0
17724,56,0
17725,58,0
17726,55,0
17727,59,0
17728,56,0
17729,56,0
17730,56,0
17731,57,0
17732,58,0
17733,58,0
17734,56,0
17735,55,0
17736,55,0
17737,56,0
17738,56,0
17739,55,0
17740,55,0
17741,58,0
17742,56,0
17743,53,0
17744,56,0
17745,58,0
17746,58,0
17747,57,0
17748,59,0
17749,58,0
17750,54,0
17751,58,0
17752,55,0
17753,56,0
17754,54,0
17755,58,0
17756,59,0
17757,58,0
17758,56,0
17759,59,0
17760,57,0
17761,58,0
17762,60,0
17763,60,0
17764,57,0
17765,56,0
17766,56,0
17767,55,0
17768,59,0
17769,58,0
17770,56,0
17771,57,0
17772,55,0
17773,56,0
17774,56,0
17775,58,0
17776,57,0
17777,57,0
17778,58,0
17779,54,0
17780,57,0
17781,55,0
17782,56,0
17783,56,0
17784,55,0
17785,59,0
17786,58,0
17787,56,0
17788,56,0
17789,57,0
17790,56,0
17791,58,0
17792,59,0
17793,57,0
17794,58,0
17795,56,0
17796,56,0
17797,57,0
17798,58,0
17799,58,0
17800,59,0
17801,56,0
17802,56,0
17803,57,0
17804,57,0
17805,56,0
17806,56,0
17807,57,0
17808,56,0
17809,56,0
17810,57,0
17811,55,0
17812,56,0
17813,55,0
17814,59,0
17815,56,0
17816,56,0
17817,56,0
17818,55,0
17819,57,0
17820,56,0
17821,58,0
17822,58,0
17823,55,0
17824,55,0
17825,54,0
17826,56,0
17827,57,0
17828,59,0
17829,56,0
17830,56,0
17831,56,0
17832,55,0
17833,57,0
17834,56,0
17835,58,0
17836,53,0
17837,58,0
17838,54,0
17839,56,0
17840,59,0
17841,58,0
17842,58,0
17843,57,0
17844,55,0
17845,56,0
17846,58,0
17847,56,0
17848,57,0
17849,53,0
17850,58,0
17851,56,0
17852,59,0
17853,58,0
17854,59,0
17855,59,0
17856,58,0
17857,56,0
17858,56,0
17859,55,0
17860,59,0
17861,56,0
17862,58,0
17863,56,0
17864,59,0
17865,58,0
17866,56,0
17867,55,0
17868,59,0
17869,58,0
17870,56,0
17871,58,0
17872,55,0
17873,57,0
17874,56,0
17875,56,0
17876,56,0
17877,59,0
17878,59,0
17879,56,0
17880,58,0
17881,57,0
17882,59,0
17883,56,0
17884,56,0
17885,58,0
17886,57,0
17887,61,0
17888,56,0
17889,58,0
17890,56,0
17891,59,0
17892,56,0
17893,56,0
17894,55,0
17895,61,0
17896,56,0
17897,58,0
17898,55,0
17899,59,0
17900,58,0
17901,56,0
17902,58,0
17903,55,0
17904,57,0
17905,56,0
17906,56,0
17907,58,0
17908,55,0
17909,55,0
17910,56,0
17911,58,0
17912,56,0
17913,57,0
17914,57,0
17915,58,0
17916,58,0
17917,55,0
17918,55,0
17919,56,0
17920,56,0
17921,59,0
17922,57,0
17923,56,0
17924,58,0
17925,56,0
17926,55,0
17927,55,0
17928,61,0
17929,58,0
17930,54,0
17931,59,0
17932,56,0
17933,56,0
17934,57,0
17935,56,0
17936,58,0
17937,58,0
17938,56,0
17939,55,0
17940,57,0
17941,55,0
17942,56,0
17943,58,0
17944,57,0
17945,59,0
17946,56,0
17947,57,0
17948,57,0
17949,58,0
17950,58,0
17951,57,0
17952,57,0
17953,55,0
17954,58,0
17955,58,0
17956,55,0
17957,57,0
17958,60,0
17959,58,0
17960,61,0
17961,57,0
17962,58,0
17963,58,0
17964,58,0
17965,59,0
17966,58,0
17967,56,0
17968,58,0
17969,57,0
17970,57,0
17971,58,0
17972,56,0
17973,57,0
17974,57,0
17975,56,0
17976,56,0
17977,59,0
17978,59,0
17979,58,0
17980,59,0
17981,54,0
17982,58,0
17983,55,0
17984,56,0
17985,57,0
17986,58,0
17987,56,0
17988,57,0
17989,56,0
17990,58,0
17991,56,0
17992,57,0
17993,58,0
17994,58,0
17995,57,0
17996,57,0
17997,54,0
17998,56,0
17999,57,0
18000,53,0
18001,56,0
18002,57,0
18003,55,0
18004,58,0
18005,55,0
18006,57,0
18007,56,0
18008,56,0
18009,55,0
18010,56,0
18011,56,0
18012,58,0
18013,55,0
18014,55,0
18015,58,0
18016,57,0
18017,57,0
18018,56,0
18019,58,0
18020,58,0
18021,55,0
18022,55,0
18023,58,0
18024,56,0
18025,57,0
18026,55,0
18027,56,0
18028,56,0
18029,57,0
18030,58,0
18031,56,0
18032,57,0
18033,56,0
18034,56,0
18035,57,0
18036,57,0
18037,58,0
18038,55,0
18039,58,0
18040,56,0
18041,58,0
18042,58,0
18043,56,0
18044,56,0
18045,57,0
18046,58,0
18047,56,0
18048,56,0
18049,57,0
18050,57,0
18051,56,0
18052,56,0
18053,59,0
18054,57,0
18055,60,0
18056,56,0
18057,57,0
18058,56,0
18059,58,0
18060,56,0
18061,59,0
18062,55,0
18063,58,0
18064,58,0
18065,57,0
18066,59,0
18067,56,0
18068,56,0
18069,56,0
18070,57,0
18071,55,0
18072,61,0
18073,56,0
18074,56,0
18075,59,0
18076,56,0
18077,56,0
18078,56,0
18079,59,0
18080,58,0
18081,58,0
18082,57,0
18083,55,0
18084,56,0
18085,58,0
18086,53,0
18087,55,0
18088,58,0
18089,58,0
18090,57,0
18091,58,0
18092,56,0
18093,58,0
18094,58,0
18095,55,0
18096,53,0
18097,56,0
18098,56,0
18099,57,0
18100,57,0
18101,56,0
18102,56,0
18103,57,0
18104,59,0
18105,56,0
18106,58,0
18107,58,0
18108,58,0
18109,57,0
18110,58,0
18111,56,0
18112,54,0
18113,55,0
18114,57,0
18115,56,0
18116,54,0
18117,58,0
18118,59,0
18119,55,0
18120,56,0
18121,59,0
18122,55,0
18123,56,0
18124,58,0
18125,57,0
18126,58,0
18127,56,0
18128,56,0
18129,57,0
18130,56,0
18131,58,0
18132,55,0
18133,59,0
18134,58,0
18135,56,0
18136,57,0
18137,58,0
18138,55,0
18139,58,0
18140,57,0
18141,57,0
18142,56,0
18143,56,0
18144,57,0
18145,56,0
18146,58,0
18147,57,0
18148,55,0
18149,56,0
18150,58,0
18151,57,0
18152,56,0
18153,56,0
18154,58,0
18155,57,0
18156,55,0
18157,56,0
18158,57,0
18159,55,0
18160,56,0
18161,56,0
18162,58,0
18163,55,0
18164,59,0
18165,56,0
18166,56,0
18167,56,0
18168,59,0
18169,59,0
18170,56,0
18171,56,0
18172,56,0
18173,55,0
18174,56,0
18175,58,0
18176,56,0
18177,55,0
18178,57,0
18179,58,0
18180,58,0
18181,55,0
18182,54,0
18183,56,0
18184,57,0
18185,57,0
18186,56,0
18187,56,0
18188,57,0
18189,57,0
18190,58,0
18191,56,0
18192,58,0
18193,59,0
18194,54,0
18195,58,0
18196,55,0
18197,59,0
18198,60,0
18199,56,0
18200,55,0
18201,55,0
18202,56,0
18203,56,0
18204,56,0
18205,57,0
18206,57,0
18207,56,0
18208,56,0
18209,57,0
18210,56,0
18211,56,0
18212,56,0
18213,58,0
18214,55,0
18215,57,0
18216,55,0
18217,56,0
18218,56,0
18219,58,0
18220,59,0
18221,55,0
18222,58,0
18223,58,0
18224,57,0
18225,57,0
18226,56,0
18227,56,0
18228,55,0
18229,57,0
18230,58,0
18231,55,0
18232,55,0
18233,59,0
18234,56,0
18235,58,0
18236,55,0
18237,59,0
18238,56,0
18239,56,0
18240,56,0
18241,57,0
18242,57,0
18243,56,0
18244,56,0
18245,56,0
18246,55,0
18247,57,0
18248,55,0
18249,56,0
18250,56,0
18251,57,0
18252,56,0
18253,56,0
18254,59,0
18255,57,0
18256,56,0
18257,58,0
18258,57,0
18259,57,0
18260,58,0
18261,56,0
18262,57,0
18263,56,0
18264,56,0
18265,59,0
18266,57,0
18267,58,0
18268,56,0
18269,55,0
18270,58,0
18271,56,0
18272,58,0
18273,57,0
18274,57,0
18275,55,0
18276,56,0
18277,56,0
18278,58,0
18279,57,0
18280,59,0
18281,56,0
18282,56,0
18283,59,0
18284,57,0
18285,57,0
18286,58,0
18287,56,0
18288,57,0
18289,57,0
18290,56,0
18291,60,0
18292,58,0
18293,57,0
18294,56,0
18295,56,0
18296,55,0
18297,57,0
18298,58,0
18299,56,0
18300,59,0
18301,59,0
18302,56,0
18303,58,0
18304,58,0
18305,57,0
18306,56,0
18307,56,0
18308,53,0
18309,56,0
18310,56,0
18311,59,0
18312,57,0
18313,58,0
18314,56,0
18315,57,0
18316,59,0
18317,58,0
18318,56,0
18319,55,0
18320,58,0
18321,56,0
18322,57,0
18323,57,0
18324,56,0
18325,58,0
18326,55,0
18327,56,0
18328,56,0
18329,56,0
18330,57,0
18331,56,0
18332,58,0
18333,60,0
18334,57,0
18335,55,0
18336,56,0
18337,56,0
18338,58,0
18339,57,0
18340,58,0
18341,58,0
18342,58,0
18343,57,0
18344,59,0
18345,56,0
18346,58,0
18347,55,0
18348,56,0
18349,56,0
18350,58,0
18351,57,0
18352,55,0
18353,56,0
18354,56,0
18355,55,0
18356,55,0
18357,56,0
18358,56,0
18359,56,0
18360,55,0
18361,55,0
18362,56,0
18363,58,0
18364,59,0
18365,59,0
18366,56,0
18367,55,0
18368,55,0
18369,56,0
18370,56,0
18371,58,0
18372,57,0
18373,59,0
18374,58,0
18375,58,0
18376,59,0
18377,58,0
18378,56,0
18379,61,0
18380,57,0
18381,58,0
18382,56,0
18383,58,0
18384,55,0
18385,57,0
18386,56,0
18387,60,0
18388,59,0
18389,55,0
18390,58,0
18391,59,0
18392,56,0
18393,58,0
18394,58,0
18395,55,0
18396,57,0
18397,56,0
18398,58,0
18399,58,0
18400,57,0
18401,57,0
18402,58,0
18403,56,0
18404,57,0
18405,55,0
18406,56,0
18407,56,0
18408,61,0
18409,56,0
18410,56,0
18411,58,0
18412,56,0
18413,59,0
18414,56,0
18415,58,0
18416,57,0
18417,57,0
18418,58,0
18419,57,0
18420,55,0
18421,58,0
18422,58,0
18423,59,0
18424,59,0
18425,56,0
18426,56,0
18427,56,0
18428,55,0
18429,57,0
18430,56,0
18431,56,0
18432,57,0
18433,59,0
18434,58,0
18435,56,0
18436,57,0
18437,55,0
18438,56,0
18439,56,0
18440,56,0
18441,57,0
18442,56,0
18443,58,0
18444,57,0
18445,53,0
18446,56,0
18447,58,0
18448,56,0
18449,57,0
18450,55,0
18451,58,0
18452,56,0
18453,57,0
18454,59,0
18455,56,0
18456,58,0
18457,57,0
18458,59,0
18459,58,0
18460,59,0
18461,55,0
18462,56,0
18463,56,0
18464,57,0
18465,58,0
18466,58,0
18467,57,0
18468,57,0
18469,56,0
18470,56,0
18471,56,0
18472,58,0
18473,57,0
18474,58,0
18475,56,0
18476,57,0
18477,55,0
18478,56,0
18479,54,0
18480,56,0
18481,57,0
18482,55,0
18483,58,0
18484,58,0
18485,59,0
18486,57,0
18487,58,0
18488,56,0
18489,57,0
18490,58,0
18491,58,0
18492,59,0
18493,59,0
18494,58,0
18495,56,0
18496,60,0
18497,55,0
18498,57,0
18499,58,0
18500,58,0
18501,59,0
18502,57,0
18503,55,0
18504,54,0
18505,56,0
18506,55,0
18507,58,0
18508,56,0
18509,57,0
18510,57,0
18511,55,0
18512,56,0
18513,56,0
18514,57,0
18515,56,0
18516,58,0
18517,56,0
18518,55,0
18519,59,0
18520,56,0
18521,54,0
18522,56,0
18523,57,0
18524,58,0
18525,56,0
18526,55,0
18527,55,0
18528,58,0
18529,58,0
18530,56,0
18531,55,0
18532,56,0
18533,58,0
18534,57,0
18535,59,0
18536,56,0
18537,57,0
18538,59,0
18539,58,0
18540,58,0
18541,56,0
18542,55,0
18543,56,0
18544,56,0
18545,59,0
18546,56,0
18547,58,0
18548,58,0
18549,55,0
18550,55,0
18551,56,0
18552,56,0
18553,56,0
18554,57,0
18555,57,0
18556,58,0
18557,58,0
18558,56,0
18559,53,0
18560,55,0
18561,60,0
18562,56,0
18563,57,0
18564,53,0
18565,54,0
18566,56,0
18567,56,0
18568,55,0
18569,55,0
18570,56,0
18571,56,0
18572,55,0
18573,57,0
18574,56,0
18575,58,0
18576,59,0
18577,55,0
18578,56,0
18579,55,0
18580,56,0
18581,58,0
18582,56,0
18583,55,0
18584,53,0
18585,56,0
18586,56,0
18587,56,0
18588,57,0
18589,56,0
18590,58,0
18591,57,0
18592,55,0
18593,56,0
18594,56,0
18595,57,0
18596,57,0
18597,56,0
18598,58,0
18599,56,0
18600,55,0
18601,56,0
18602,58,0
18603,56,0
18604,56,0
18605,57,0
18606,55,0
18607,55,0
18608,58,0
18609,58,0
18610,56,0
18611,57,0
18612,57,0
18613,58,0
18614,56,0
18615,55,0
18616,56,0
18617,56,0
18618,56,0
18619,57,0
18620,55,0
18621,56,0
18622,54,0
18623,57,0
18624,58,0
18625,58,0
18626,59,0
18627,55,0
18628,56,0
18629,56,0
18630,55,0
18631,59,0
18632,56,0
18633,58,0
18634,56,0
18635,59,0
18636,55,0
18637,55,0
18638,58,0
18639,57,0
18640,57,0
18641,59,0
18642,58,0
18643,58,0
18644,56,0
18645,53,0
18646,57,0
18647,58,0
18648,56,0
18649,58,0
18650,57,0
18651,57,0
18652,56,0
18653,56,0
18654,58,0
18655,55,0
18656,57,0
18657,56,0
18658,56,0
18659,58,0
18660,59,0
18661,59,0
18662,58,0
18663,57,0
18664,55,0
18665,56,0
18666,56,0
18667,58,0
18668,57,0
18669,59,0
18670,57,0
18671,58,0
18672,56,0
18673,57,0
18674,57,0
18675,56,0
18676,58,0
18677,58,0
18678,57,0
18679,57,0
18680,56,0
18681,56,0
18682,59,0
18683,56,0
18684,58,0
18685,57,0
18686,57,0
18687,54,0
18688,56,0
18689,57,0
18690,55,0
18691,57,0
18692,56,0
18693,56,0
18694,57,0
18695,55,0
18696,58,0
18697,56,0
18698,58,0
18699,59,0
18700,58,0
18701,58,0
18702,57,0
18703,55,0
18704,56,0
18705,56,0
18706,58,0
18707,57,0
18708,55,0
18709,56,0
18710,58,0
18711,57,0
18712,61,0
18713,58,0
18714,58,0
18715,59,0
18716,55,0
18717,56,0
18718,56,0
18719,56,0
18720,57,0
18721,57,0
18722,58,0
18723,56,0
18724,56,0
18725,55,0
18726,55,0
18727,58,0
18728,56,0
18729,56,0
18730,55,0
18731,54,0
18732,56,0
18733,57,0
18734,57,0
18735,56,0
18736,59,0
18737,59,0
18738,58,0
18739,59,0
18740,55,0
18741,56,0
18742,56,0
18743,57,0
18744,55,0
18745,54,0
18746,56,0
18747,57,0
18748,56,0
18749,58,0
18750,55,0
18751,59,0
18752,56,0
18753,56,0
18754,53,0
18755,59,0
18756,57,0
18757,56,0
18758,58,0
18759,59,0
18760,55,0
18761,56,0
18762,56,0
18763,58,0
18764,57,0
18765,56,0
18766,56,0
18767,58,0
18768,57,0
18769,61,0
18770,58,0
18771,56,0
18772,61,0
18773,55,0
18774,59,0
18775,58,0
18776,54,0
18777,57,0
18778,59,0
18779,55,0
18780,56,0
18781,56,0
18782,59,0
18783,57,0
18784,56,0
18785,56,0
18786,59,0
18787,57,0
18788,58,0
18789,58,0
18790,58,0
18791,59,0
18792,59,0
18793,56,0
18794,56,0
18795,56,0
18796,55,0
18797,61,0
18798,60,0
18799,58,0
18800,56,0
18801,57,0
18802,61,0
18803,56,0
18804,58,0
18805,57,0
18806,57,0
18807,56,0
18808,59,0
18809,57,0
18810,58,0
18811,58,0
18812,58,0
18813,57,0
18814,59,0
18815,56,0
18816,58,0
18817,58,0
18818,59,0
18819,55,0
18820,58,0
18821,56,0
18822,55,0
18823,59,0
18824,54,0
18825,56,0
18826,57,0
18827,55,0
18828,56,0
18829,60,0
18830,56,0
18831,55,0
18832,56,0
18833,58,0
18834,55,0
18835,57,0
18836,56,0
18837,56,0
18838,59,0
18839,57,0
18840,56,0
18841,57,0
18842,57,0
18843,58,0
18844,56,0
18845,57,0
18846,59,0
18847,56,0
18848,58,0
18849,57,0
18850,57,0
18851,58,0
18852,56,0
18853,59,0
18854,56,0
18855,56,0
18856,56,0
18857,55,0
18858,54,0
18859,58,0
18860,57,0
18861,57,0
18862,56,0
18863,56,0
18864,55,0
18865,55,0
18866,56,0
18867,54,0
18868,58,0
18869,59,0
18870,57,0
18871,58,0
18872,58,0
18873,58,0
18874,57,0
18875,58,0
18876,56,0
18877,55,0
18878,57,0
18879,56,0
18880,56,0
18881,58,0
18882,60,0
18883,56,0
18884,54,0
18885,53,0
18886,56,0
18887,56,0
18888,57,0
18889,57,0
18890,58,0
18891,58,0
18892,55,0
18893,56,0
18894,58,0
18895,55,0
18896,59,0
18897,58,0
18898,58,0
18899,57,0
18900,58,0
18901,58,0
18902,57,0
18903,55,0
18904,58,0
18905,55,0
18906,59,0
18907,56,0
18908,58,0
18909,56,0
18910,55,0
18911,54,0
18912,56,0
18913,55,0
18914,57,0
18915,58,0
18916,58,0
18917,54,0
18918,57,0
18919,59,0
18920,58,0
18921,58,0
18922,56,0
18923,58,0
18924,56,0
18925,57,0
18926,55,0
18927,58,0
18928,56,0
18929,55,0
18930,56,0
18931,56,0
18932,58,0
18933,57,0
18934,57,0
18935,56,0
18936,61,0
18937,57,0
18938,59,0
18939,56,0
18940,56,0
18941,58,0
18942,56,0
18943,59,0
18944,57,0
18945,57,0
18946,56,0
18947,55,0
18948,56,0
18949,56,0
18950,56,0
18951,59,0
18952,59,0
18953,56,0
18954,56,0
18955,56,0
18956,55,0
18957,55,0
18958,58,0
18959,56,0
18960,59,0
18961,57,0
18962,56,0
18963,56,0
18964,57,0
18965,57,0
18966,58,0
18967,56,0
18968,59,0
18969,57,0
18970,57,0
18971,56,0
18972,58,0
18973,56,0
18974,59,0
18975,55,0
18976,58,0
18977,56,0
18978,57,0
18979,56,0
18980,56,0
18981,58,0
18982,57,0
18983,54,0
18984,54,0
18985,58,0
18986,57,0
18987,56,0
18988,60,0
18989,58,0
18990,55,0
18991,55,0
18992,58,0
18993,58,0
18994,56,0
18995,56,0
18996,56,0
18997,57,0
18998,56,0
18999,58,0
19000,57,0
19001,58,0
19002,56,0
19003,57,0
19004,57,0
19005,58,0
19006,58,0
19007,55,0
19008,59,0
19009,54,0
19010,58,0
19011,55,0
19012,58,0
19013,58,0
19014,57,0
19015,57,0
19016,56,0
19017,56,0
19018,58,0
19019,57,0
19020,58,0
19021,56,0
19022,55,0
19023,56,0
19024,56,0
19025,56,0
19026,55,0
19027,56,0
19028,58,0
19029,58,0
19030,55,0
19031,58,0
19032,56,0
19033,57,0
19034,55,0
19035,54,0
19036,58,0
19037,59,0
19038,55,0
19039,58,0
19040,56,0
19041,57,0
19042,57,0
19043,58,0
19044,56,0
19045,55,0
19046,58,0
19047,58,0
19048,56,0
19049,55,0
19050,57,0
19051,58,0
19052,58,0
19053,56,0
19054,55,0
19055,57,0
19056,58,0
19057,56,0
19058,57,0
19059,57,0
19060,56,0
19061,56,0
19062,56,0
19063,59,0
19064,57,0
19065,56,0
19066,56,0
19067,53,0
19068,55,0
19069,58,0
19070,56,0
19071,57,0
19072,61,0
19073,60,0
19074,58,0
19075,58,0
19076,59,0
19077,59,0
19078,57,0
19079,56,0
19080,56,0
19081,55,0
19082,57,0
19083,54,0
19084,56,0
19085,57,0
19086,55,0
19087,58,0
19088,58,0
19089,58,0
19090,55,0
19091,56,0
19092,58,0
19093,57,0
19094,59,0
19095,56,0
19096,56,0
19097,57,0
19098,57,0
19099,56,0
19100,56,0
19101,56,0
19102,53,0
19103,55,0
19104,56,0
19105,58,0
19106,56,0
19107,57,0
19108,55,0
19109,58,0
19110,56,0
19111,56,0
19112,56,0
19113,55,0
19114,55,0
19115,57,0
19116,56,0
19117,56,0
19118,59,0
19119,57,0
19120,57,0
19121,58,0
19122,54,0
19123,55,0
19124,59,0
19125,58,0
19126,54,0
19127,56,0
19128,55,0
19129,55,0
19130,56,0
19131,56,0
19132,57,0
19133,57,0
19134,58,0
19135,58,0
19136,58,0
19137,55,0
19138,56,0
19139,56,0
19140,58,0
19141,59,0
19142,58,0
19143,56,0
19144,57,0
19145,59,0
19146,56,0
19147,58,0
19148,57,0
19149,59,0
19150,55,0
19151,56,0
19152,59,0
19153,57,0
19154,55,0
19155,56,0
19156,56,0
19157,56,0
19158,55,0
19159,59,0
19160,58,0
19161,58,0
19162,57,0
19163,55,0
19164,58,0
19165,58,0
19166,55,0
19167,57,0
19168,56,0
19169,56,0
19170,59,0
19171,57,0
19172,58,0
19173,58,0
19174,56,0
19175,58,0
19176,58,0
19177,56,0
19178,57,0
19179,56,0
19180,56,0
19181,57,0
19182,55,0
19183,56,0
19184,57,0
19185,56,0
19186,56,0
19187,58,0
19188,55,0
19189,55,0
19190,58,0
19191,58,0
19192,57,0
19193,57,0
19194,56,0
19195,56,0
19196,58,0
19197,57,0
19198,57,0
19199,58,0
19200,58,0
19201,57,0
19202,57,0
19203,56,0
19204,57,0
19205,59,0
19206,56,0
19207,58,0
19208,54,0
19209,57,0
19210,56,0
19211,56,0
19212,59,0
19213,55,0
19214,56,0
19215,55,0
19216,59,0
19217,54,0
19218,58,0
19219,55,0
19220,59,0
19221,58,0
19222,56,0
19223,55,0
19224,58,0
19225,56,0
19226,56,0
19227,55,0
19228,57,0
19229,56,0
19230,58,0
19231,56,0
19232,57,0
19233,55,0
19234,56,0
19235,58,0
19236,57,0
19237,59,0
19238,58,0
19239,56,0
19240,57,0
19241,61,0
19242,55,0
19243,56,0
19244,56,0
19245,60,0
19246,55,0
19247,56,0
19248,58,0
19249,57,0
19250,57,0
19251,56,0
19252,56,0
19253,56,0
19254,59,0
19255,57,0
19256,56,0
19257,58,0
19258,59,0
19259,57,0
19260,56,0
19261,56,0
19262,59,0
19263,57,0
19264,56,0
19265,56,0
19266,57,0
19267,57,0
19268,58,0
19269,56,0
19270,61,0
19271,56,0
19272,58,0
19273,56,0
19274,57,0
19275,56,0
19276,56,0
19277,58,0
19278,59,0
19279,55,0
19280,56,0
19281,56,0
19282,57,0
19283,54,0
19284,58,0
19285,57,0
19286,57,0
19287,58,0
19288,54,0
19289,59,0
19290,56,0
19291,56,0
19292,57,0
19293,59,0
19294,58,0
19295,53,0
19296,59,0
19297,56,0
19298,56,0
19299,57,0
19300,57,0
19301,58,0
19302,58,0
19303,59,0
19304,56,0
19305,57,0
19306,55,0
19307,56,0
19308,58,0
19309,55,0
19310,57,0
19311,58,0
19312,56,0
19313,57,0
19314,57,0
19315,58,0
19316,56,0
19317,56,0
19318,57,0
19319,55,0
19320,56,0
19321,56,0
19322,59,0
19323,59,0
19324,58,0
19325,56,0
19326,55,0
19327,53,0
19328,58,0
19329,56,0
19330,57,0
19331,59,0
19332,56,0
19333,54,0
19334,55,0
19335,55,0
19336,56,0
19337,56,0
19338,55,0
19339,55,0
19340,56,0
19341,56,0
19342,56,0
19343,57,0
19344,59,0
19345,58,0
19346,56,0
19347,57,0
19348,59,0
19349,56,0
19350,58,0
19351,59,0
19352,56,0
19353,58,0
19354,56,0
19355,55,0
19356,56,0
19357,56,0
19358,56,0
19359,57,0
19360,58,0
19361,57,0
19362,59,0
19363,58,0
19364,56,0
19365,58,0
19366,57,0
19367,57,0
19368,56,0
19369,58,0
19370,55,0
19371,57,0
19372,58,0
19373,56,0
19374,56,0
19375,59,0
19376,58,0
19377,56,0
19378,59,0
19379,58,0
19380,56,0
19381,57,0
19382,59,0
19383,56,0
19384,56,0
19385,57,0
19386,57,0
19387,58,0
19388,58,0
19389,55,0
19390,59,0
19391,57,0
19392,56,0
19393,56,0
19394,55,0
19395,59,0
19396,58,0
19397,56,0
19398,56,0
19399,57,0
19400,56,0
19401,58,0
19402,56,0
19403,59,0
19404,57,0
19405,58,0
19406,59,0
19407,55,0
19408,56,0
19409,59,0
19410,55,0
19411,56,0
19412,58,0
19413,59,0
19414,55,0
19415,58,0
19416,58,0
19417,54,0
19418,57,0
19419,58,0
19420,56,0
19421,56,0
19422,59,0
19423,55,0
19424,54,0
19425,56,0
19426,56,0
19427,57,0
19428,56,0
19429,58,0
19430,58,0
19431,55,0
19432,55,0
19433,56,0
19434,56,0
19435,58,0
19436,57,0
19437,55,0
19438,56,0
19439,56,0
19440,58,0
19441,56,0
19442,57,0
19443,59,0
19444,58,0
19445,56,0
19446,55,0
19447,58,0
19448,56,0
19449,59,0
19450,58,0
19451,58,0
19452,56,0
19453,55,0
19454,57,0
19455,56,0
19456,58,0
19457,59,0
19458,57,0
19459,59,0
19460,56,0
19461,58,0
19462,55,0
19463,59,0
19464,58,0
19465,56,0
19466,55,0
19467,57,0
19468,54,0
19469,58,0
19470,58,0
19471,53,0
19472,59,0
19473,56,0
19474,56,0
19475,57,0
19476,59,0
19477,56,0
19478,58,0
19479,57,0
19480,55,0
19481,56,0
19482,60,0
19483,56,0
19484,55,0
19485,59,0
19486,59,0
19487,56,0
19488,56,0
19489,59,0
19490,57,0
19491,54,0
19492,58,0
19493,55,0
19494,56,0
19495,58,0
19496,56,0
19497,57,0
19498,54,0
19499,57,0
19500,59,0
19501,58,0
19502,56,0
19503,56,0
19504,55,0
19505,57,0
19506,58,0
19507,58,0
19508,58,0
19509,55,0
19510,55,0
19511,59,0
19512,56,0
19513,56,0
19514,56,0
19515,55,0
19516,59,0
19517,58,0
19518,56,0
19519,55,0
19520,58,0
19521,56,0
19522,57,0
19523,55,0
19524,58,0
19525,56,0
19526,58,0
19527,57,0
19528,58,0
19529,56,0
19530,59,0
19531,57,0
19532,56,0
19533,56,0
19534,57,0
19535,56,0
19536,56,0
19537,56,0
19538,55,0
19539,58,0
19540,58,0
19541,56,0
19542,56,0
19543,57,0
19544,57,0
19545,58,0
19546,56,0
19547,57,0
19548,56,0
19549,58,0
19550,55,0
19551,55,0
19552,58,0
19553,56,0
19554,56,0
19555,59,0
19556,58,0
19557,59,0
19558,59,0
19559,58,0
19560,58,0
19561,57,0
19562,57,0
19563,58,0
19564,58,0
19565,55,0
19566,57,0
19567,59,0
19568,58,0
19569,56,0
19570,56,0
19571,57,0
19572,57,0
19573,56,0
19574,58,0
19575,57,0
19576,55,0
19577,58,0
19578,58,0
19579,57,0
19580,53,0
19581,56,0
19582,58,0
19583,53,0
19584,57,0
19585,58,0
19586,58,0
19587,59,0
19588,57,0
19589,57,0
19590,54,0
19591,54,0
19592,59,0
19593,57,0
19594,55,0
19595,56,0
19596,56,0
19597,56,0
19598,57,0
19599,54,0
19600,58,0
19601,58,0
19602,55,0
19603,57,0
19604,54,0
19605,58,0
19606,56,0
19607,57,0
19608,58,0
19609,58,0
19610,58,0
19611,55,0
19612,59,0
19613,56,0
19614,58,0
19615,55,0
19616,56,0
19617,61,0
19618,58,0
19619,58,0
19620,57,0
19621,56,0
19622,58,0
19623,55,0
19624,55,0
19625,54,0
19626,56,0
19627,61,0
19628,56,0
19629,57,0
19630,55,0
19631,58,0
19632,59,0
19633,56,0
19634,58,0
19635,55,0
19636,56,0
19637,56,0
19638,55,0
19639,56,0
19640,58,0
19641,56,0
19642,59,0
19643,58,0
19644,56,0
19645,57,0
19646,56,0
19647,54,0
19648,57,0
19649,56,0
19650,56,0
19651,57,0
19652,56,0
19653,56,0
19654,57,0
19655,57,0
19656,56,0
19657,60,0
19658,55,0
19659,59,0
19660,58,0
19661,56,0
19662,58,0
19663,57,0
19664,55,0
19665,56,0
19666,56,0
19667,56,0
19668,57,0
19669,59,0
19670,56,0
19671,56,0
19672,56,0
19673,57,0
19674,56,0
19675,56,0
19676,57,0
19677,55,0
19678,58,0
19679,56,0
19680,55,0
19681,58,0
19682,56,0
19683,55,0
19684,59,0
19685,56,0
19686,56,0
19687,57,0
19688,55,0
19689,56,0
19690,54,0
19691,59,0
19692,57,0
19693,58,0
19694,56,0
19695,59,0
19696,57,0
19697,56,0
19698,56,0
19699,55,0
19700,54,0
19701,58,0
19702,58,0
19703,55,0
19704,56,0
19705,58,0
19706,55,0
19707,57,0
19708,58,0
19709,56,0
19710,57,0
19711,57,0
19712,56,0
19713,58,0
19714,57,0
19715,57,0
19716,58,0
19717,57,0
19718,58,0
19719,56,0
19720,57,0
19721,55,0
19722,56,0
19723,56,0
19724,55,0
19725,56,0
19726,58,0
19727,59,0
19728,57,0
19729,56,0
19730,56,0
19731,55,0
19732,59,0
19733,58,0
19734,58,0
19735,53,0
19736,56,0
19737,56,0
19738,57,0
19739,55,0
19740,56,0
19741,58,0
19742,55,0
19743,57,0
19744,58,0
19745,57,0
19746,57,0
19747,56,0
19748,56,0
19749,57,0
19750,56,0
19751,55,0
19752,55,0
19753,56,0
19754,58,0
19755,57,0
19756,56,0
19757,56,0
19758,56,0
19759,57,0
19760,57,0
19761,55,0
19762,58,0
19763,58,0
19764,59,0
19765,57,0
19766,59,0
19767,56,0
19768,56,0
19769,57,0
19770,58,0
19771,56,0
19772,57,0
19773,59,0
19774,56,0
19775,56,0
19776,55,0
19777,57,0
19778,58,0
19779,56,0
19780,58,0
19781,56,0
19782,57,0
19783,57,0
19784,55,0
19785,56,0
19786,59,0
19787,57,0
19788,56,0
19789,58,0
19790,58,0
19791,59,0
19792,55,0
19793,60,0
19794,56,0
19795,57,0
19796,55,0
19797,56,0
19798,58,0
19799,57,0
19800,58,0
19801,56,0
19802,57,0
19803,55,0
19804,56,0
19805,58,0
19806,58,0
19807,55,0
19808,59,0
19809,56,0
19810,56,0
19811,57,0
19812,55,0
19813,58,0
19814,58,0
19815,57,0
19816,56,0
19817,57,0
19818,59,0
19819,58,0
19820,56,0
19821,59,0
19822,54,0
19823,56,0
19824,60,0
19825,57,0
19826,56,0
19827,58,0
19828,58,0
19829,55,0
19830,55,0
19831,58,0
19832,56,0
19833,57,0
19834,59,0
19835,56,0
19836,58,0
19837,56,0
19838,55,0
19839,55,0
19840,58,0
19841,56,0
19842,55,0
19843,55,0
19844,56,0
19845,56,0
19846,59,0
19847,58,0
19848,58,0
19849,58,0
19850,55,0
19851,56,0
19852,56,0
19853,56,0
19854,57,0
19855,59,0
19856,56,0
19857,55,0
19858,57,0
19859,56,0
19860,58,0
19861,56,0
19862,55,0
19863,56,0
19864,58,0
19865,58,0
19866,56,0
19867,59,0
19868,57,0
19869,57,0
19870,58,0
19871,56,0
19872,57,0
19873,57,0
19874,56,0
19875,58,0
19876,57,0
19877,57,0
19878,58,0
19879,58,0
19880,61,0
19881,58,0
19882,56,0
19883,57,0
19884,59,0
19885,56,0
19886,56,0
19887,57,0
19888,59,0
19889,56,0
19890,58,0
19891,59,0
19892,59,0
19893,57,0
19894,58,0
19895,58,0
19896,57,0
19897,58,0
19898,56,0
19899,57,0
19900,59,0
19901,56,0
19902,56,0
19903,57,0
19904,59,0
19905,58,0
19906,58,0
19907,59,0
19908,58,0
19909,56,0
19910,55,0
19911,58,0
19912,56,0
19913,57,0
19914,55,0
19915,56,0
19916,56,0
19917,57,0
19918,58,0
19919,56,0
19920,56,0
19921,55,0
19922,57,0
19923,58,0
19924,56,0
19925,55,0
19926,55,0
19927,58,0
19928,59,0
19929,59,0
19930,55,0
19931,58,0
19932,58,0
19933,57,0
19934,59,0
19935,58,0
19936,58,0
19937,57,0
19938,59,0
19939,56,0
19940,58,0
19941,57,0
19942,55,0
19943,56,0
19944,58,0
19945,57,0
19946,59,0
19947,59,0
19948,56,0
19949,58,0
19950,59,0
19951,59,0
19952,57,0
19953,56,0
19954,56,0
19955,56,0
19956,55,0
19957,56,0
19958,58,0
19959,55,0
19960,59,0
19961,55,0
19962,56,0
19963,58,0
19964,57,0
19965,55,0
19966,56,0
19967,56,0
19968,57,0
19969,57,0
19970,59,0
19971,56,0
19972,58,0
19973,55,0
19974,57,0
19975,55,0
19976,56,0
19977,60,0
19978,56,0
19979,58,0
19980,55,0
19981,58,0
19982,60,0
19983,58,0
19984,57,0
19985,55,0
19986,56,0
19987,56,0
19988,57,0
19989,55,0
19990,58,0
19991,54,0
19992,58,0
19993,61,0
19994,58,0
19995,56,0
19996,56,0
19997,57,0
19998,56,0
19999,56,0
