trial,reload_ticks,classified_evicted
0,79,0
1,56,0
2,58,0
3,57,0
4,54,0
5,56,0
6,56,0
7,57,0
8,57,0
9,56,0
10,54,0
11,60,0
12,55,0
13,57,0
14,59,0
15,56,0
16,54,0
17,56,0
18,56,0
19,57,0
20,55,0
21,55,0
22,56,0
23,58,0
24,58,0
25,56,0
26,57,0
27,55,0
28,54,0
29,58,0
30,56,0
31,55,0
32,55,0
33,56,0
34,56,0
35,58,0
36,57,0
37,59,0
38,56,0
39,57,0
40,57,0
41,57,0
42,59,0
43,58,0
44,56,0
45,56,0
46,56,0
47,56,0
48,57,0
49,57,0
50,59,0
51,56,0
52,56,0
53,57,0
54,57,0
55,55,0
56,58,0
57,56,0
58,58,0
59,55,0
60,59,0
61,59,0
62,58,0
63,56,0
64,56,0
65,56,0
66,55,0
67,55,0
68,56,0
69,58,0
70,58,0
71,56,0
72,56,0
73,56,0
74,58,0
75,58,0
76,59,0
77,55,0
78,59,0
79,58,0
80,56,0
81,56,0
82,55,0
83,59,0
84,57,0
85,56,0
86,58,0
87,56,0
88,55,0
89,55,0
90,55,0
91,59,0
92,56,0
93,56,0
94,58,0
95,58,0
96,56,0
97,57,0
98,55,0
99,53,0
100,56,0
101,56,0
102,57,0
103,57,0
104,58,0
105,58,0
106,58,0
107,57,0
108,57,0
109,58,0
110,60,0
111,56,0
112,56,0
113,57,0
114,57,0
115,58,0
116,54,0
117,56,0
118,58,0
119,57,0
120,57,0
121,57,0
122,58,0
123,56,0
124,55,0
125,59,0
126,59,0
127,58,0
128,58,0
129,59,0
130,55,0
131,57,0
132,58,0
133,56,0
134,57,0
135,57,0
136,55,0
137,58,0
138,56,0
139,55,0
140,55,0
141,58,0
142,56,0
143,56,0
144,57,0
145,55,0
146,58,0
147,56,0
148,57,0
149,56,0
150,58,0
151,56,0
152,57,0
153,58,0
154,56,0
155,56,0
156,57,0
157,57,0
158,58,0
159,58,0
160,56,0
161,59,0
162,55,0
163,57,0
164,56,0
165,56,0
166,58,0
167,57,0
168,57,0
169,53,0
170,58,0
171,56,0
172,56,0
173,57,0
174,55,0
175,58,0
176,58,0
177,56,0
178,60,0
179,57,0
180,57,0
181,59,0
182,58,0
183,56,0
184,56,0
185,55,0
186,57,0
187,57,0
188,58,0
189,56,0
190,56,0
191,57,0
192,55,0
193,56,0
194,58,0
195,56,0
196,54,0
197,56,0
198,59,0
199,55,0
200,58,0
201,56,0
202,56,0
203,58,0
204,55,0
205,55,0
206,56,0
207,58,0
208,56,0
209,56,0
210,57,0
211,59,0
212,59,0
213,54,0
214,56,0
215,58,0
216,56,0
217,55,0
218,55,0
219,59,0
220,57,0
221,54,0
222,56,0
223,56,0
224,56,0
225,59,0
226,59,0
227,55,0
228,56,0
229,56,0
230,57,0
231,61,0
232,58,0
233,56,0
234,56,0
235,56,0
236,59,0
237,58,0
238,56,0
239,56,0
240,55,0
241,57,0
242,56,0
243,56,0
244,56,0
245,58,0
246,57,0
247,55,0
248,59,0
249,59,0
250,58,0
251,55,0
252,55,0
253,57,0
254,57,0
255,58,0
256,58,0
257,58,0
258,55,0
259,55,0
260,57,0
261,56,0
262,58,0
263,56,0
264,58,0
265,56,0
266,57,0
267,55,0
268,59,0
269,56,0
270,56,0
271,56,0
272,58,0
273,57,0
274,55,0
275,58,0
276,58,0
277,58,0
278,55,0
279,57,0
280,54,0
281,58,0
282,55,0
283,55,0
284,58,0
285,56,0
286,58,0
287,55,0
288,57,0
289,56,0
290,56,0
291,60,0
292,58,0
293,56,0
294,57,0
295,55,0
296,57,0
297,58,0
298,57,0
299,55,0
300,57,0
301,58,0
302,56,0
303,57,0
304,59,0
305,53,0
306,56,0
307,54,0
308,56,0
309,56,0
310,57,0
311,57,0
312,56,0
313,60,0
314,56,0
315,58,0
316,55,0
317,59,0
318,58,0
319,58,0
320,56,0
321,55,0
322,55,0
323,56,0
324,58,0
325,56,0
326,56,0
327,55,0
328,59,0
329,59,0
330,57,0
331,57,0
332,56,0
333,56,0
334,55,0
335,57,0
336,57,0
337,57,0
338,60,0
339,54,0
340,58,0
341,57,0
342,60,0
343,58,0
344,58,0
345,56,0
346,59,0
347,59,0
348,58,0
349,56,0
350,56,0
351,56,0
352,57,0
353,55,0
354,56,0
355,58,0
356,56,0
357,58,0
358,58,0
359,59,0
360,55,0
361,58,0
362,58,0
363,57,0
364,55,0
365,57,0
366,55,0
367,57,0
368,56,0
369,56,0
370,56,0
371,57,0
372,57,0
373,57,0
374,58,0
375,58,0
376,58,0
377,55,0
378,59,0
379,56,0
380,58,0
381,56,0
382,55,0
383,55,0
384,57,0
385,58,0
386,56,0
387,58,0
388,58,0
389,55,0
390,56,0
391,56,0
392,58,0
393,56,0
394,57,0
395,57,0
396,61,0
397,56,0
398,55,0
399,56,0
400,58,0
401,59,0
402,55,0
403,55,0
404,56,0
405,57,0
406,57,0
407,57,0
408,56,0
409,56,0
410,54,0
411,58,0
412,56,0
413,54,0
414,56,0
415,55,0
416,56,0
417,56,0
418,57,0
419,53,0
420,57,0
421,58,0
422,56,0
423,56,0
424,56,0
425,57,0
426,56,0
427,56,0
428,56,0
429,56,0
430,57,0
431,57,0
432,56,0
433,58,0
434,56,0
435,57,0
436,57,0
437,55,0
438,56,0
439,56,0
440,57,0
441,59,0
442,56,0
443,58,0
444,56,0
445,55,0
446,59,0
447,56,0
448,56,0
449,58,0
450,56,0
451,59,0
452,57,0
453,56,0
454,56,0
455,56,0
456,56,0
457,55,0
458,56,0
459,58,0
460,57,0
461,57,0
462,55,0
463,56,0
464,56,0
465,53,0
466,55,0
467,58,0
468,58,0
469,55,0
470,59,0
471,55,0
472,54,0
473,55,0
474,59,0
475,56,0
476,60,0
477,56,0
478,57,0
479,57,0
480,56,0
481,56,0
482,58,0
483,59,0
484,57,0
485,58,0
486,58,0
487,56,0
488,58,0
489,55,0
490,57,0
491,57,0
492,56,0
493,58,0
494,58,0
495,57,0
496,57,0
497,56,0
498,56,0
499,58,0
500,57,0
501,57,0
502,55,0
503,54,0
504,56,0
505,59,0
506,59,0
507,57,0
508,56,0
509,58,0
510,56,0
511,58,0
512,59,0
513,59,0
514,58,0
515,58,0
516,53,0
517,56,0
518,56,0
519,54,0
520,59,0
521,59,0
522,59,0
523,58,0
524,56,0
525,55,0
526,57,0
527,56,0
528,56,0
529,56,0
530,55,0
531,57,0
532,58,0
533,56,0
534,56,0
535,56,0
536,57,0
537,56,0
538,58,0
539,56,0
540,55,0
541,59,0
542,55,0
543,56,0
544,58,0
545,58,0
546,58,0
547,57,0
548,56,0
549,56,0
550,56,0
551,59,0
552,55,0
553,55,0
554,56,0
555,56,0
556,58,0
557,57,0
558,59,0
559,56,0
560,56,0
561,56,0
562,57,0
563,59,0
564,56,0
565,56,0
566,57,0
567,59,0
568,58,0
569,58,0
570,57,0
571,57,0
572,56,0
573,56,0
574,56,0
575,57,0
576,57,0
577,58,0
578,56,0
579,58,0
580,55,0
581,57,0
582,59,0
583,56,0
584,56,0
585,56,0
586,56,0
587,56,0
588,57,0
589,59,0
590,56,0
591,56,0
592,59,0
593,57,0
594,58,0
595,56,0
596,57,0
597,57,0
598,56,0
599,56,0
600,58,0
601,57,0
602,55,0
603,58,0
604,58,0
605,54,0
606,57,0
607,56,0
608,56,0
609,56,0
610,57,0
611,57,0
612,55,0
613,58,0
614,56,0
615,58,0
616,59,0
617,55,0
618,57,0
619,56,0
620,56,0
621,58,0
622,55,0
623,56,0
624,56,0
625,58,0
626,55,0
627,55,0
628,56,0
629,58,0
630,58,0
631,57,0
632,57,0
633,59,0
634,56,0
635,56,0
636,58,0
637,59,0
638,59,0
639,56,0
640,56,0
641,58,0
642,59,0
643,58,0
644,58,0
645,56,0
646,55,0
647,58,0
648,56,0
649,57,0
650,59,0
651,56,0
652,58,0
653,55,0
654,55,0
655,58,0
656,56,0
657,56,0
658,55,0
659,57,0
660,55,0
661,57,0
662,57,0
663,58,0
664,56,0
665,60,0
666,59,0
667,55,0
668,57,0
669,58,0
670,56,0
671,56,0
672,57,0
673,59,0
674,57,0
675,58,0
676,58,0
677,56,0
678,57,0
679,56,0
680,56,0
681,58,0
682,58,0
683,56,0
684,58,0
685,57,0
686,57,0
687,57,0
688,60,0
689,56,0
690,58,0
691,58,0
692,57,0
693,55,0
694,58,0
695,58,0
696,55,0
697,57,0
698,56,0
699,58,0
700,56,0
701,56,0
702,57,0
703,58,0
704,56,0
705,58,0
706,58,0
707,55,0
708,61,0
709,56,0
710,56,0
711,61,0
712,55,0
713,55,0
714,58,0
715,56,0
716,56,0
717,57,0
718,55,0
719,58,0
720,56,0
721,58,0
722,57,0
723,59,0
724,58,0
725,56,0
726,57,0
727,61,0
728,56,0
729,56,0
730,58,0
731,57,0
732,56,0
733,58,0
734,58,0
735,59,0
736,61,0
737,56,0
738,56,0
739,56,0
740,59,0
741,57,0
742,58,0
743,58,0
744,58,0
745,57,0
746,61,0
747,56,0
748,56,0
749,55,0
750,55,0
751,55,0
752,58,0
753,58,0
754,58,0
755,56,0
756,55,0
757,55,0
758,56,0
759,56,0
760,57,0
761,57,0
762,59,0
763,56,0
764,58,0
765,56,0
766,58,0
767,59,0
768,57,0
769,56,0
770,54,0
771,59,0
772,57,0
773,56,0
774,56,0
775,58,0
776,57,0
777,57,0
778,58,0
779,59,0
780,55,0
781,56,0
782,56,0
783,58,0
784,58,0
785,57,0
786,59,0
787,56,0
788,56,0
789,58,0
790,56,0
791,59,0
792,56,0
793,56,0
794,56,0
795,58,0
796,57,0
797,55,0
798,56,0
799,56,0
800,56,0
801,54,0
802,57,0
803,59,0
804,57,0
805,56,0
806,60,0
807,58,0
808,56,0
809,57,0
810,57,0
811,55,0
812,56,0
813,58,0
814,58,0
815,56,0
816,59,0
817,59,0
818,56,0
819,56,0
820,58,0
821,56,0
822,59,0
823,59,0
824,56,0
825,56,0
826,57,0
827,54,0
828,56,0
829,56,0
830,59,0
831,55,0
832,53,0
833,56,0
834,58,0
835,58,0
836,59,0
837,59,0
838,58,0
839,56,0
840,56,0
841,59,0
842,55,0
843,56,0
844,56,0
845,55,0
846,56,0
847,56,0
848,56,0
849,58,0
850,57,0
851,57,0
852,58,0
853,56,0
854,54,0
855,57,0
856,58,0
857,58,0
858,57,0
859,56,0
860,56,0
861,56,0
862,57,0
863,59,0
864,58,0
865,58,0
866,59,0
867,56,0
868,58,0
869,55,0
870,57,0
871,55,0
872,58,0
873,56,0
874,57,0
875,56,0
876,56,0
877,56,0
878,59,0
879,57,0
880,58,0
881,56,0
882,56,0
883,58,0
884,57,0
885,57,0
886,58,0
887,56,0
888,56,0
889,55,0
890,56,0
891,58,0
892,57,0
893,55,0
894,56,0
895,58,0
896,55,0
897,57,0
898,57,0
899,58,0
900,58,0
901,58,0
902,57,0
903,56,0
904,60,0
905,56,0
906,57,0
907,55,0
908,56,0
909,56,0
910,56,0
911,56,0
912,57,0
913,56,0
914,58,0
915,56,0
916,58,0
917,57,0
918,53,0
919,62,0
920,59,0
921,56,0
922,56,0
923,58,0
924,59,0
925,56,0
926,56,0
927,57,0
928,53,0
929,56,0
930,56,0
931,58,0
932,58,0
933,55,0
934,57,0
935,56,0
936,56,0
937,56,0
938,57,0
939,55,0
940,56,0
941,56,0
942,56,0
943,55,0
944,55,0
945,56,0
946,56,0
947,58,0
948,57,0
949,58,0
950,58,0
951,56,0
952,55,0
953,57,0
954,58,0
955,56,0
956,56,0
957,58,0
958,57,0
959,53,0
960,54,0
961,59,0
962,59,0
963,54,0
964,56,0
965,58,0
966,59,0
967,56,0
968,58,0
969,56,0
970,57,0
971,55,0
972,57,0
973,56,0
974,56,0
975,58,0
976,55,0
977,57,0
978,54,0
979,57,0
980,55,0
981,57,0
982,58,0
983,58,0
984,55,0
985,57,0
986,56,0
987,56,0
988,57,0
989,57,0
990,55,0
991,58,0
992,56,0
993,58,0
994,56,0
995,55,0
996,57,0
997,56,0
998,56,0
999,57,0
1000,61,0
1001,58,0
1002,54,0
1003,55,0
1004,57,0
1005,54,0
1006,58,0
1007,56,0
1008,55,0
1009,55,0
1010,56,0
1011,56,0
1012,57,0
1013,55,0
1014,55,0
1015,56,0
1016,58,0
1017,55,0
1018,57,0
1019,56,0
1020,56,0
1021,59,0
1022,57,0
1023,55,0
1024,56,0
1025,58,0
1026,57,0
1027,57,0
1028,56,0
1029,56,0
1030,56,0
1031,55,0
1032,59,0
1033,57,0
1034,58,0
1035,56,0
1036,58,0
1037,54,0
1038,55,0
1039,57,0
1040,56,0
1041,56,0
1042,57,0
1043,55,0
1044,57,0
1045,59,0
1046,56,0
1047,54,0
1048,58,0
1049,56,0
1050,57,0
1051,57,0
1052,58,0
1053,56,0
1054,55,0
1055,59,0
1056,58,0
1057,58,0
1058,61,0
1059,55,0
1060,56,0
1061,57,0
1062,57,0
1063,55,0
1064,56,0
1065,56,0
1066,53,0
1067,58,0
1068,56,0
1069,56,0
1070,58,0
1071,57,0
1072,55,0
1073,55,0
1074,56,0
1075,56,0
1076,58,0
1077,57,0
1078,57,0
1079,56,0
1080,58,0
1081,58,0
1082,55,0
1083,58,0
1084,58,0
1085,57,0
1086,59,0
1087,56,0
1088,58,0
1089,56,0
1090,55,0
1091,58,0
1092,56,0
1093,58,0
1094,59,0
1095,56,0
1096,53,0
1097,56,0
1098,56,0
1099,57,0
1100,57,0
1101,56,0
1102,58,0
1103,56,0
1104,55,0
1105,57,0
1106,56,0
1107,58,0
1108,53,0
1109,57,0
1110,54,0
1111,56,0
1112,57,0
1113,59,0
1114,58,0
1115,56,0
1116,55,0
1117,55,0
1118,58,0
1119,58,0
1120,55,0
1121,56,0
1122,58,0
1123,57,0
1124,55,0
1125,56,0
1126,58,0
1127,57,0
1128,54,0
1129,58,0
1130,59,0
1131,59,0
1132,56,0
1133,58,0
1134,58,0
1135,59,0
1136,57,0
1137,56,0
1138,56,0
1139,55,0
1140,57,0
1141,58,0
1142,56,0
1143,57,0
1144,55,0
1145,58,0
1146,54,0
1147,58,0
1148,56,0
1149,57,0
1150,59,0
1151,56,0
1152,58,0
1153,56,0
1154,55,0
1155,59,0
1156,56,0
1157,56,0
1158,57,0
1159,59,0
1160,57,0
1161,58,0
1162,58,0
1163,58,0
1164,55,0
1165,56,0
1166,56,0
1167,56,0
1168,57,0
1169,57,0
1170,55,0
1171,58,0
1172,56,0
1173,56,0
1174,59,0
1175,55,0
1176,58,0
1177,58,0
1178,58,0
1179,58,0
1180,57,0
1181,55,0
1182,56,0
1183,56,0
1184,58,0
1185,55,0
1186,55,0
1187,53,0
1188,56,0
1189,58,0
1190,59,0
1191,57,0
1192,58,0
1193,56,0
1194,56,0
1195,56,0
1196,57,0
1197,55,0
1198,54,0
1199,56,0
1200,55,0
1201,57,0
1202,59,0
1203,56,0
1204,56,0
1205,55,0
1206,55,0
1207,56,0
1208,56,0
1209,58,0
1210,55,0
1211,59,0
1212,56,0
1213,58,0
1214,56,0
1215,58,0
1216,61,0
1217,58,0
1218,56,0
1219,58,0
1220,59,0
1221,57,0
1222,58,0
1223,56,0
1224,57,0
1225,57,0
1226,57,0
1227,56,0
1228,56,0
1229,56,0
1230,55,0
1231,55,0
1232,57,0
1233,56,0
1234,58,0
1235,57,0
1236,57,0
1237,59,0
1238,58,0
1239,58,0
1240,56,0
1241,56,0
1242,55,0
1243,59,0
1244,56,0
1245,56,0
1246,55,0
1247,58,0
1248,56,0
1249,56,0
1250,57,0
1251,57,0
1252,55,0
1253,56,0
1254,56,0
1255,57,0
1256,54,0
1257,56,0
1258,56,0
1259,57,0
1260,57,0
1261,58,0
1262,56,0
1263,57,0
1264,57,0
1265,55,0
1266,56,0
1267,58,0
1268,55,0
1269,56,0
1270,58,0
1271,56,0
1272,55,0
1273,59,0
1274,58,0
1275,58,0
1276,56,0
1277,55,0
1278,57,0
1279,56,0
1280,56,0
1281,56,0
1282,59,0
1283,55,0
1284,56,0
1285,56,0
1286,55,0
1287,57,0
1288,56,0
1289,58,0
1290,58,0
1291,53,0
1292,56,0
1293,58,0
1294,56,0
1295,57,0
1296,55,0
1297,58,0
1298,56,0
1299,56,0
1300,57,0
1301,55,0
1302,53,0
1303,58,0
1304,56,0
1305,55,0
1306,53,0
1307,56,0
1308,56,0
1309,58,0
1310,57,0
1311,55,0
1312,57,0
1313,56,0
1314,60,0
1315,55,0
1316,60,0
1317,58,0
1318,58,0
1319,57,0
1320,59,0
1321,54,0
1322,56,0
1323,58,0
1324,57,0
1325,57,0
1326,58,0
1327,56,0
1328,56,0
1329,57,0
1330,57,0
1331,58,0
1332,56,0
1333,56,0
1334,53,0
1335,56,0
1336,54,0
1337,57,0
1338,57,0
1339,58,0
1340,56,0
1341,58,0
1342,57,0
1343,55,0
1344,56,0
1345,56,0
1346,56,0
1347,57,0
1348,55,0
1349,58,0
1350,58,0
1351,56,0
1352,55,0
1353,56,0
1354,56,0
1355,56,0
1356,55,0
1357,57,0
1358,56,0
1359,58,0
1360,57,0
1361,59,0
1362,58,0
1363,56,0
1364,55,0
1365,54,0
1366,56,0
1367,57,0
1368,57,0
1369,56,0
1370,58,0
1371,58,0
1372,57,0
1373,59,0
1374,58,0
1375,54,0
1376,57,0
1377,56,0
1378,56,0
1379,56,0
1380,59,0
1381,57,0
1382,56,0
1383,58,0
1384,57,0
1385,55,0
1386,58,0
1387,54,0
1388,57,0
1389,55,0
1390,56,0
1391,56,0
1392,59,0
1393,55,0
1394,58,0
1395,56,0
1396,55,0
1397,55,0
1398,58,0
1399,56,0
1400,58,0
1401,56,0
1402,55,0
1403,55,0
1404,56,0
1405,58,0
1406,56,0
1407,56,0
1408,55,0
1409,56,0
1410,58,0
1411,56,0
1412,56,0
1413,53,0
1414,57,0
1415,55,0
1416,56,0
1417,58,0
1418,56,0
1419,55,0
1420,58,0
1421,56,0
1422,55,0
1423,55,0
1424,56,0
1425,56,0
1426,56,0
1427,55,0
1428,57,0
1429,58,0
1430,57,0
1431,57,0
1432,55,0
1433,56,0
1434,56,0
1435,53,0
1436,56,0
1437,56,0
1438,55,0
1439,56,0
1440,56,0
1441,54,0
1442,59,0
1443,57,0
1444,59,0
1445,58,0
1446,56,0
1447,58,0
1448,57,0
1449,59,0
1450,56,0
1451,56,0
1452,57,0
1453,57,0
1454,55,0
1455,56,0
1456,58,0
1457,57,0
1458,55,0
1459,56,0
1460,56,0
1461,56,0
1462,58,0
1463,57,0
1464,55,0
1465,56,0
1466,59,0
1467,56,0
1468,58,0
1469,58,0
1470,57,0
1471,55,0
1472,57,0
1473,56,0
1474,56,0
1475,59,0
1476,55,0
1477,55,0
1478,58,0
1479,56,0
1480,57,0
1481,57,0
1482,54,0
1483,56,0
1484,55,0
1485,56,0
1486,56,0
1487,57,0
1488,57,0
1489,56,0
1490,56,0
1491,57,0
1492,57,0
1493,58,0
1494,58,0
1495,57,0
1496,57,0
1497,58,0
1498,58,0
1499,57,0
1500,57,0
1501,58,0
1502,56,0
1503,58,0
1504,55,0
1505,56,0
1506,56,0
1507,58,0
1508,56,0
1509,57,0
1510,57,0
1511,56,0
1512,56,0
1513,56,0
1514,55,0
1515,59,0
1516,59,0
1517,58,0
1518,58,0
1519,55,0
1520,57,0
1521,58,0
1522,56,0
1523,57,0
1524,59,0
1525,56,0
1526,56,0
1527,55,0
1528,57,0
1529,56,0
1530,56,0
1531,58,0
1532,59,0
1533,57,0
1534,57,0
1535,58,0
1536,56,0
1537,56,0
1538,57,0
1539,57,0
1540,56,0
1541,58,0
1542,55,0
1543,55,0
1544,56,0
1545,56,0
1546,58,0
1547,55,0
1548,55,0
1549,56,0
1550,56,0
1551,55,0
1552,54,0
1553,56,0
1554,58,0
1555,59,0
1556,55,0
1557,56,0
1558,58,0
1559,56,0
1560,57,0
1561,59,0
1562,56,0
1563,54,0
1564,58,0
1565,55,0
1566,55,0
1567,56,0
1568,56,0
1569,57,0
1570,56,0
1571,56,0
1572,57,0
1573,56,0
1574,54,0
1575,57,0
1576,57,0
1577,57,0
1578,58,0
1579,58,0
1580,58,0
1581,57,0
1582,56,0
1583,56,0
1584,58,0
1585,55,0
1586,55,0
1587,58,0
1588,56,0
1589,59,0
1590,55,0
1591,56,0
1592,58,0
1593,58,0
1594,57,0
1595,56,0
1596,56,0
1597,58,0
1598,57,0
1599,55,0
1600,55,0
1601,56,0
1602,56,0
1603,56,0
1604,57,0
1605,53,0
1606,57,0
1607,54,0
1608,55,0
1609,55,0
1610,56,0
1611,56,0
1612,56,0
1613,57,0
1614,56,0
1615,58,0
1616,58,0
1617,57,0
1618,53,0
1619,54,0
1620,58,0
1621,56,0
1622,55,0
1623,55,0
1624,57,0
1625,58,0
1626,56,0
1627,56,0
1628,57,0
1629,55,0
1630,55,0
1631,58,0
1632,56,0
1633,56,0
1634,55,0
1635,57,0
1636,59,0
1637,59,0
1638,56,0
1639,58,0
1640,57,0
1641,59,0
1642,53,0
1643,56,0
1644,58,0
1645,59,0
1646,57,0
1647,57,0
1648,58,0
1649,58,0
1650,57,0
1651,57,0
1652,56,0
1653,58,0
1654,58,0
1655,55,0
1656,55,0
1657,55,0
1658,56,0
1659,56,0
1660,58,0
1661,58,0
1662,59,0
1663,57,0
1664,56,0
1665,58,0
1666,56,0
1667,58,0
1668,56,0
1669,58,0
1670,57,0
1671,58,0
1672,58,0
1673,56,0
1674,59,0
1675,58,0
1676,56,0
1677,55,0
1678,57,0
1679,56,0
1680,56,0
1681,56,0
1682,55,0
1683,56,0
1684,58,0
1685,58,0
1686,55,0
1687,53,0
1688,58,0
1689,58,0
1690,55,0
1691,56,0
1692,59,0
1693,57,0
1694,56,0
1695,56,0
1696,54,0
1697,57,0
1698,53,0
1699,58,0
1700,56,0
1701,59,0
1702,59,0
1703,56,0
1704,58,0
1705,58,0
1706,57,0
1707,55,0
1708,57,0
1709,56,0
1710,56,0
1711,59,0
1712,55,0
1713,56,0
1714,58,0
1715,58,0
1716,55,0
1717,56,0
1718,58,0
1719,58,0
1720,55,0
1721,55,0
1722,56,0
1723,56,0
1724,58,0
1725,59,0
1726,55,0
1727,56,0
1728,58,0
1729,58,0
1730,57,0
1731,56,0
1732,56,0
1733,56,0
1734,57,0
1735,57,0
1736,59,0
1737,56,0
1738,56,0
1739,55,0
1740,55,0
1741,56,0
1742,58,0
1743,56,0
1744,58,0
1745,59,0
1746,60,0
1747,57,0
1748,56,0
1749,56,0
1750,55,0
1751,58,0
1752,56,0
1753,57,0
1754,59,0
1755,56,0
1756,58,0
1757,59,0
1758,59,0
1759,56,0
1760,58,0
1761,56,0
1762,57,0
1763,55,0
1764,56,0
1765,58,0
1766,56,0
1767,55,0
1768,56,0
1769,56,0
1770,58,0
1771,57,0
1772,57,0
1773,58,0
1774,56,0
1775,55,0
1776,56,0
1777,56,0
1778,56,0
1779,59,0
1780,59,0
1781,56,0
1782,56,0
1783,59,0
1784,59,0
1785,58,0
1786,56,0
1787,56,0
1788,53,0
1789,56,0
1790,58,0
1791,55,0
1792,59,0
1793,56,0
1794,56,0
1795,56,0
1796,57,0
1797,57,0
1798,57,0
1799,56,0
1800,56,0
1801,57,0
1802,59,0
1803,55,0
1804,58,0
1805,56,0
1806,55,0
1807,57,0
1808,56,0
1809,56,0
1810,55,0
1811,55,0
1812,56,0
1813,58,0
1814,57,0
1815,57,0
1816,58,0
1817,56,0
1818,56,0
1819,56,0
1820,55,0
1821,58,0
1822,56,0
1823,57,0
1824,55,0
1825,55,0
1826,56,0
1827,56,0
1828,58,0
1829,57,0
1830,58,0
1831,56,0
1832,58,0
1833,58,0
1834,57,0
1835,57,0
1836,56,0
1837,56,0
1838,57,0
1839,57,0
1840,56,0
1841,58,0
1842,58,0
1843,59,0
1844,59,0
1845,56,0
1846,56,0
1847,57,0
1848,57,0
1849,56,0
1850,58,0
1851,60,0
1852,57,0
1853,59,0
1854,56,0
1855,58,0
1856,54,0
1857,55,0
1858,55,0
1859,58,0
1860,56,0
1861,58,0
1862,59,0
1863,55,0
1864,58,0
1865,57,0
1866,53,0
1867,56,0
1868,56,0
1869,57,0
1870,55,0
1871,58,0
1872,54,0
1873,57,0
1874,55,0
1875,56,0
1876,58,0
1877,56,0
1878,55,0
1879,55,0
1880,58,0
1881,58,0
1882,58,0
1883,57,0
1884,57,0
1885,60,0
1886,56,0
1887,58,0
1888,55,0
1889,55,0
1890,58,0
1891,55,0
1892,55,0
1893,56,0
1894,56,0
1895,57,0
1896,55,0
1897,56,0
1898,54,0
1899,56,0
1900,59,0
1901,56,0
1902,56,0
1903,54,0
1904,55,0
1905,59,0
1906,57,0
1907,56,0
1908,56,0
1909,59,0
1910,56,0
1911,56,0
1912,59,0
1913,55,0
1914,57,0
1915,58,0
1916,56,0
1917,59,0
1918,55,0
1919,56,0
1920,56,0
1921,57,0
1922,59,0
1923,55,0
1924,56,0
1925,58,0
1926,56,0
1927,59,0
1928,55,0
1929,57,0
1930,56,0
1931,56,0
1932,56,0
1933,58,0
1934,57,0
1935,59,0
1936,56,0
1937,58,0
1938,56,0
1939,55,0
1940,55,0
1941,58,0
1942,56,0
1943,56,0
1944,53,0
1945,55,0
1946,58,0
1947,56,0
1948,58,0
1949,56,0
1950,57,0
1951,55,0
1952,56,0
1953,57,0
1954,57,0
1955,58,0
1956,56,0
1957,58,0
1958,57,0
1959,57,0
1960,57,0
1961,58,0
1962,58,0
1963,58,0
1964,57,0
1965,57,0
1966,57,0
1967,58,0
1968,58,0
1969,55,0
1970,55,0
1971,54,0
1972,58,0
1973,56,0
1974,57,0
1975,55,0
1976,58,0
1977,58,0
1978,57,0
1979,61,0
1980,58,0
1981,56,0
1982,56,0
1983,55,0
1984,57,0
1985,56,0
1986,56,0
1987,56,0
1988,56,0
1989,53,0
1990,57,0
1991,55,0
1992,58,0
1993,58,0
1994,56,0
1995,57,0
1996,55,0
1997,58,0
1998,58,0
1999,57,0
2000,57,0
2001,57,0
2002,54,0
2003,58,0
2004,56,0
2005,55,0
2006,57,0
2007,56,0
2008,56,0
2009,57,0
2010,57,0
2011,59,0
2012,56,0
2013,58,0
2014,58,0
2015,59,0
2016,56,0
2017,56,0
2018,56,0
2019,57,0
2020,57,0
2021,56,0
2022,56,0
2023,56,0
2024,55,0
2025,57,0
2026,58,0
2027,58,0
2028,57,0
2029,55,0
2030,56,0
2031,56,0
2032,56,0
2033,57,0
2034,55,0
2035,56,0
2036,55,0
2037,56,0
2038,56,0
2039,57,0
2040,55,0
2041,58,0
2042,58,0
2043,56,0
2044,55,0
2045,57,0
2046,58,0
2047,58,0
2048,57,0
2049,57,0
2050,55,0
2051,56,0
2052,56,0
2053,57,0
2054,59,0
2055,56,0
2056,58,0
2057,55,0
2058,59,0
2059,58,0
2060,56,0
2061,56,0
2062,57,0
2063,58,0
2064,56,0
2065,58,0
2066,57,0
2067,57,0
2068,56,0
2069,56,0
2070,58,0
2071,57,0
2072,55,0
2073,56,0
2074,56,0
2075,56,0
2076,56,0
2077,57,0
2078,55,0
2079,58,0
2080,56,0
2081,57,0
2082,57,0
2083,55,0
2084,56,0
2085,56,0
2086,55,0
2087,59,0
2088,57,0
2089,56,0
2090,56,0
2091,56,0
2092,55,0
2093,59,0
2094,56,0
2095,54,0
2096,56,0
2097,58,0
2098,59,0
2099,56,0
2100,54,0
2101,56,0
2102,56,0
2103,59,0
2104,58,0
2105,56,0
2106,58,0
2107,57,0
2108,56,0
2109,58,0
2110,56,0
2111,57,0
2112,59,0
2113,56,0
2114,58,0
2115,59,0
2116,57,0
2117,58,0
2118,56,0
2119,55,0
2120,59,0
2121,57,0
2122,56,0
2123,58,0
2124,57,0
2125,55,0
2126,56,0
2127,56,0
2128,55,0
2129,59,0
2130,58,0
2131,58,0
2132,55,0
2133,57,0
2134,56,0
2135,56,0
2136,56,0
2137,57,0
2138,57,0
2139,54,0
2140,58,0
2141,58,0
2142,59,0
2143,56,0
2144,58,0
2145,56,0
2146,57,0
2147,55,0
2148,56,0
2149,56,0
2150,57,0
2151,55,0
2152,55,0
2153,56,0
2154,53,0
2155,55,0
2156,59,0
2157,56,0
2158,56,0
2159,57,0
2160,59,0
2161,55,0
2162,56,0
2163,56,0
2164,55,0
2165,55,0
2166,59,0
2167,56,0
2168,58,0
2169,59,0
2170,57,0
2171,56,0
2172,58,0
2173,57,0
2174,57,0
2175,58,0
2176,58,0
2177,56,0
2178,59,0
2179,56,0
2180,58,0
2181,57,0
2182,57,0
2183,56,0
2184,56,0
2185,56,0
2186,57,0
2187,57,0
2188,56,0
2189,56,0
2190,57,0
2191,57,0
2192,58,0
2193,58,0
2194,58,0
2195,55,0
2196,58,0
2197,56,0
2198,58,0
2199,55,0
2200,57,0
2201,56,0
2202,56,0
2203,56,0
2204,55,0
2205,55,0
2206,56,0
2207,58,0
2208,56,0
2209,56,0
2210,59,0
2211,59,0
2212,56,0
2213,56,0
2214,58,0
2215,58,0
2216,57,0
2217,57,0
2218,57,0
2219,56,0
2220,58,0
2221,57,0
2222,55,0
2223,58,0
2224,56,0
2225,58,0
2226,59,0
2227,55,0
2228,56,0
2229,56,0
2230,58,0
2231,55,0
2232,55,0
2233,58,0
2234,56,0
2235,57,0
2236,55,0
2237,55,0
2238,56,0
2239,54,0
2240,58,0
2241,59,0
2242,57,0
2243,56,0
2244,56,0
2245,58,0
2246,55,0
2247,57,0
2248,56,0
2249,56,0
2250,56,0
2251,55,0
2252,56,0
2253,56,0
2254,55,0
2255,55,0
2256,56,0
2257,56,0
2258,56,0
2259,56,0
2260,57,0
2261,55,0
2262,58,0
2263,58,0
2264,56,0
2265,57,0
2266,57,0
2267,55,0
2268,56,0
2269,56,0
2270,57,0
2271,56,0
2272,56,0
2273,59,0
2274,59,0
2275,56,0
2276,54,0
2277,58,0
2278,53,0
2279,58,0
2280,56,0
2281,57,0
2282,57,0
2283,56,0
2284,56,0
2285,56,0
2286,55,0
2287,55,0
2288,58,0
2289,56,0
2290,56,0
2291,57,0
2292,57,0
2293,57,0
2294,58,0
2295,55,0
2296,57,0
2297,56,0
2298,56,0
2299,58,0
2300,56,0
2301,57,0
2302,55,0
2303,59,0
2304,58,0
2305,56,0
2306,55,0
2307,59,0
2308,58,0
2309,56,0
2310,56,0
2311,56,0
2312,57,0
2313,57,0
2314,58,0
2315,56,0
2316,56,0
2317,56,0
2318,57,0
2319,56,0
2320,56,0
2321,56,0
2322,57,0
2323,59,0
2324,56,0
2325,58,0
2326,58,0
2327,55,0
2328,55,0
2329,56,0
2330,56,0
2331,58,0
2332,57,0
2333,56,0
2334,56,0
2335,58,0
2336,57,0
2337,55,0
2338,56,0
2339,56,0
2340,56,0
2341,59,0
2342,55,0
2343,58,0
2344,58,0
2345,56,0
2346,57,0
2347,58,0
2348,56,0
2349,58,0
2350,59,0
2351,57,0
2352,59,0
2353,58,0
2354,56,0
2355,58,0
2356,59,0
2357,57,0
2358,56,0
2359,58,0
2360,56,0
2361,56,0
2362,57,0
2363,57,0
2364,56,0
2365,58,0
2366,57,0
2367,56,0
2368,56,0
2369,57,0
2370,57,0
2371,56,0
2372,54,0
2373,59,0
2374,59,0
2375,57,0
2376,56,0
2377,60,0
2378,57,0
2379,57,0
2380,57,0
2381,56,0
2382,58,0
2383,58,0
2384,57,0
2385,57,0
2386,58,0
2387,57,0
2388,55,0
2389,58,0
2390,56,0
2391,56,0
2392,55,0
2393,57,0
2394,56,0
2395,56,0
2396,57,0
2397,57,0
2398,56,0
2399,58,0
2400,58,0
2401,58,0
2402,58,0
2403,56,0
2404,59,0
2405,56,0
2406,58,0
2407,58,0
2408,57,0
2409,59,0
2410,58,0
2411,56,0
2412,56,0
2413,55,0
2414,57,0
2415,56,0
2416,56,0
2417,55,0
2418,56,0
2419,58,0
2420,57,0
2421,55,0
2422,55,0
2423,58,0
2424,58,0
2425,58,0
2426,57,0
2427,59,0
2428,59,0
2429,56,0
2430,57,0
2431,55,0
2432,56,0
2433,58,0
2434,60,0
2435,55,0
2436,53,0
2437,54,0
2438,58,0
2439,55,0
2440,55,0
2441,54,0
2442,56,0
2443,56,0
2444,55,0
2445,59,0
2446,58,0
2447,56,0
2448,57,0
2449,59,0
2450,55,0
2451,56,0
2452,56,0
2453,56,0
2454,57,0
2455,57,0
2456,56,0
2457,56,0
2458,56,0
2459,57,0
2460,55,0
2461,56,0
2462,56,0
2463,56,0
2464,55,0
2465,59,0
2466,57,0
2467,56,0
2468,56,0
2469,56,0
2470,57,0
2471,56,0
2472,56,0
2473,55,0
2474,55,0
2475,58,0
2476,56,0
2477,58,0
2478,56,0
2479,55,0
2480,57,0
2481,56,0
2482,56,0
2483,58,0
2484,59,0
2485,56,0
2486,56,0
2487,58,0
2488,56,0
2489,55,0
2490,56,0
2491,58,0
2492,58,0
2493,55,0
2494,57,0
2495,56,0
2496,56,0
2497,56,0
2498,55,0
2499,55,0
2500,55,0
2501,58,0
2502,58,0
2503,55,0
2504,55,0
2505,55,0
2506,56,0
2507,58,0
2508,55,0
2509,55,0
2510,56,0
2511,56,0
2512,56,0
2513,59,0
2514,58,0
2515,58,0
2516,58,0
2517,57,0
2518,54,0
2519,56,0
2520,56,0
2521,57,0
2522,56,0
2523,54,0
2524,56,0
2525,57,0
2526,55,0
2527,58,0
2528,58,0
2529,56,0
2530,58,0
2531,57,0
2532,55,0
2533,59,0
2534,56,0
2535,56,0
2536,58,0
2537,57,0
2538,57,0
2539,56,0
2540,58,0
2541,58,0
2542,57,0
2543,55,0
2544,58,0
2545,58,0
2546,56,0
2547,57,0
2548,57,0
2549,56,0
2550,60,0
2551,56,0
2552,59,0
2553,57,0
2554,57,0
2555,56,0
2556,58,0
2557,56,0
2558,57,0
2559,57,0
2560,58,0
2561,58,0
2562,57,0
2563,57,0
2564,59,0
2565,62,0
2566,59,0
2567,56,0
2568,56,0
2569,54,0
2570,56,0
2571,53,0
2572,58,0
2573,56,0
2574,56,0
2575,57,0
2576,53,0
2577,56,0
2578,56,0
2579,57,0
2580,59,0
2581,56,0
2582,56,0
2583,56,0
2584,61,0
2585,56,0
2586,56,0
2587,57,0
2588,55,0
2589,58,0
2590,57,0
2591,59,0
2592,54,0
2593,56,0
2594,57,0
2595,59,0
2596,55,0
2597,54,0
2598,56,0
2599,57,0
2600,59,0
2601,58,0
2602,58,0
2603,55,0
2604,57,0
2605,56,0
2606,56,0
2607,59,0
2608,55,0
2609,54,0
2610,56,0
2611,55,0
2612,53,0
2613,58,0
2614,58,0
2615,59,0
2616,59,0
2617,54,0
2618,56,0
2619,57,0
2620,57,0
2621,55,0
2622,56,0
2623,58,0
2624,56,0
2625,55,0
2626,56,0
2627,58,0
2628,56,0
2629,58,0
2630,55,0
2631,57,0
2632,56,0
2633,56,0
2634,57,0
2635,59,0
2636,55,0
2637,56,0
2638,56,0
2639,55,0
2640,55,0
2641,56,0
2642,56,0
2643,57,0
2644,57,0
2645,59,0
2646,56,0
2647,56,0
2648,56,0
2649,57,0
2650,57,0
2651,56,0
2652,56,0
2653,59,0
2654,57,0
2655,58,0
2656,58,0
2657,59,0
2658,59,0
2659,56,0
2660,56,0
2661,57,0
2662,55,0
2663,56,0
2664,58,0
2665,55,0
2666,57,0
2667,58,0
2668,58,0
2669,55,0
2670,55,0
2671,56,0
2672,56,0
2673,55,0
2674,56,0
2675,58,0
2676,57,0
2677,54,0
2678,56,0
2679,56,0
2680,55,0
2681,55,0
2682,56,0
2683,56,0
2684,56,0
2685,56,0
2686,57,0
2687,56,0
2688,58,0
2689,56,0
2690,57,0
2691,59,0
2692,56,0
2693,56,0
2694,55,0
2695,57,0
2696,57,0
2697,56,0
2698,56,0
2699,56,0
2700,53,0
2701,57,0
2702,54,0
2703,58,0
2704,58,0
2705,57,0
2706,55,0
2707,60,0
2708,56,0
2709,56,0
2710,59,0
2711,55,0
2712,56,0
2713,58,0
2714,57,0
2715,59,0
2716,56,0
2717,56,0
2718,56,0
2719,56,0
2720,58,0
2721,58,0
2722,57,0
2723,57,0
2724,57,0
2725,58,0
2726,56,0
2727,55,0
2728,55,0
2729,56,0
2730,58,0
2731,56,0
2732,57,0
2733,56,0
2734,56,0
2735,57,0
2736,59,0
2737,56,0
2738,54,0
2739,58,0
2740,53,0
2741,59,0
2742,56,0
2743,54,0
2744,59,0
2745,57,0
2746,56,0
2747,58,0
2748,56,0
2749,57,0
2750,57,0
2751,56,0
2752,56,0
2753,57,0
2754,57,0
2755,56,0
2756,53,0
2757,57,0
2758,56,0
2759,56,0
2760,56,0
2761,53,0
2762,59,0
2763,56,0
2764,58,0
2765,55,0
2766,58,0
2767,58,0
2768,59,0
2769,55,0
2770,56,0
2771,56,0
2772,55,0
2773,53,0
2774,58,0
2775,58,0
2776,57,0
2777,57,0
2778,57,0
2779,56,0
2780,58,0
2781,59,0
2782,59,0
2783,56,0
2784,58,0
2785,56,0
2786,59,0
2787,57,0
2788,56,0
2789,56,0
2790,59,0
2791,57,0
2792,56,0
2793,56,0
2794,56,0
2795,56,0
2796,57,0
2797,55,0
2798,56,0
2799,56,0
2800,55,0
2801,57,0
2802,57,0
2803,56,0
2804,56,0
2805,56,0
2806,57,0
2807,57,0
2808,59,0
2809,56,0
2810,56,0
2811,57,0
2812,57,0
2813,57,0
2814,58,0
2815,56,0
2816,58,0
2817,55,0
2818,57,0
2819,55,0
2820,58,0
2821,58,0
2822,55,0
2823,55,0
2824,58,0
2825,56,0
2826,56,0
2827,56,0
2828,55,0
2829,58,0
2830,56,0
2831,56,0
2832,57,0
2833,55,0
2834,56,0
2835,56,0
2836,59,0
2837,55,0
2838,57,0
2839,56,0
2840,58,0
2841,55,0
2842,55,0
2843,59,0
2844,58,0
2845,56,0
2846,57,0
2847,56,0
2848,56,0
2849,56,0
2850,59,0
2851,56,0
2852,58,0
2853,56,0
2854,55,0
2855,55,0
2856,56,0
2857,54,0
2858,57,0
2859,59,0
2860,53,0
2861,56,0
2862,56,0
2863,59,0
2864,55,0
2865,55,0
2866,58,0
2867,56,0
2868,56,0
2869,55,0
2870,57,0
2871,57,0
2872,58,0
2873,58,0
2874,58,0
2875,58,0
2876,57,0
2877,55,0
2878,56,0
2879,58,0
2880,56,0
2881,59,0
2882,56,0
2883,58,0
2884,58,0
2885,57,0
2886,56,0
2887,56,0
2888,57,0
2889,57,0
2890,56,0
2891,58,0
2892,56,0
2893,59,0
2894,56,0
2895,58,0
2896,56,0
2897,58,0
2898,57,0
2899,57,0
2900,56,0
2901,56,0
2902,58,0
2903,57,0
2904,57,0
2905,58,0
2906,58,0
2907,56,0
2908,59,0
2909,55,0
2910,56,0
2911,56,0
2912,58,0
2913,57,0
2914,55,0
2915,56,0
2916,56,0
2917,57,0
2918,58,0
2919,58,0
2920,55,0
2921,55,0
2922,56,0
2923,58,0
2924,58,0
2925,55,0
2926,59,0
2927,56,0
2928,54,0
2929,57,0
2930,56,0
2931,58,0
2932,55,0
2933,57,0
2934,58,0
2935,56,0
2936,57,0
2937,57,0
2938,58,0
2939,58,0
2940,55,0
2941,57,0
2942,56,0
2943,56,0
2944,55,0
2945,59,0
2946,56,0
2947,56,0
2948,56,0
2949,59,0
2950,58,0
2951,56,0
2952,53,0
2953,58,0
2954,58,0
2955,55,0
2956,55,0
2957,56,0
2958,56,0
2959,55,0
2960,55,0
2961,56,0
2962,56,0
2963,55,0
2964,53,0
2965,58,0
2966,56,0
2967,57,0
2968,59,0
2969,56,0
2970,58,0
2971,59,0
2972,57,0
2973,56,0
2974,58,0
2975,55,0
2976,57,0
2977,56,0
2978,58,0
2979,58,0
2980,59,0
2981,57,0
2982,56,0
2983,58,0
2984,58,0
2985,59,0
2986,57,0
2987,59,0
2988,56,0
2989,58,0
2990,59,0
2991,55,0
2992,58,0
2993,56,0
2994,56,0
2995,59,0
2996,55,0
2997,56,0
2998,56,0
2999,56,0
3000,58,0
3001,55,0
3002,58,0
3003,58,0
3004,58,0
3005,56,0
3006,56,0
3007,58,0
3008,57,0
3009,60,0
3010,58,0
3011,58,0
3012,59,0
3013,58,0
3014,58,0
3015,59,0
3016,55,0
3017,56,0
3018,58,0
3019,59,0
3020,55,0
3021,55,0
3022,58,0
3023,56,0
3024,56,0
3025,57,0
3026,55,0
3027,56,0
3028,58,0
3029,56,0
3030,55,0
3031,56,0
3032,58,0
3033,58,0
3034,55,0
3035,57,0
3036,54,0
3037,56,0
3038,56,0
3039,55,0
3040,55,0
3041,56,0
3042,56,0
3043,59,0
3044,56,0
3045,56,0
3046,57,0
3047,55,0
3048,55,0
3049,56,0
3050,56,0
3051,56,0
3052,57,0
3053,55,0
3054,59,0
3055,56,0
3056,56,0
3057,55,0
3058,59,0
3059,58,0
3060,58,0
3061,57,0
3062,59,0
3063,56,0
3064,56,0
3065,56,0
3066,59,0
3067,57,0
3068,58,0
3069,56,0
3070,53,0
3071,56,0
3072,56,0
3073,56,0
3074,57,0
3075,57,0
3076,57,0
3077,56,0
3078,56,0
3079,56,0
3080,57,0
3081,55,0
3082,56,0
3083,55,0
3084,56,0
3085,58,0
3086,59,0
3087,57,0
3088,56,0
3089,58,0
3090,59,0
3091,59,0
3092,56,0
3093,57,0
3094,56,0
3095,56,0
3096,59,0
3097,57,0
3098,59,0
3099,58,0
3100,54,0
3101,56,0
3102,55,0
3103,56,0
3104,58,0
3105,60,0
3106,55,0
3107,56,0
3108,56,0
3109,56,0
3110,56,0
3111,55,0
3112,55,0
3113,56,0
3114,58,0
3115,56,0
3116,57,0
3117,58,0
3118,56,0
3119,56,0
3120,57,0
3121,55,0
3122,56,0
3123,58,0
3124,58,0
3125,59,0
3126,55,0
3127,56,0
3128,58,0
3129,56,0
3130,58,0
3131,57,0
3132,57,0
3133,57,0
3134,56,0
3135,58,0
3136,56,0
3137,57,0
3138,57,0
3139,57,0
3140,58,0
3141,56,0
3142,56,0
3143,56,0
3144,57,0
3145,57,0
3146,59,0
3147,58,0
3148,56,0
3149,55,0
3150,55,0
3151,55,0
3152,56,0
3153,56,0
3154,56,0
3155,56,0
3156,55,0
3157,59,0
3158,56,0
3159,56,0
3160,57,0
3161,55,0
3162,56,0
3163,58,0
3164,56,0
3165,55,0
3166,56,0
3167,56,0
3168,60,0
3169,58,0
3170,57,0
3171,57,0
3172,56,0
3173,58,0
3174,58,0
3175,55,0
3176,55,0
3177,55,0
3178,56,0
3179,58,0
3180,55,0
3181,55,0
3182,56,0
3183,58,0
3184,58,0
3185,59,0
3186,56,0
3187,58,0
3188,56,0
3189,58,0
3190,59,0
3191,57,0
3192,55,0
3193,58,0
3194,58,0
3195,56,0
3196,56,0
3197,57,0
3198,56,0
3199,58,0
3200,56,0
3201,57,0
3202,56,0
3203,56,0
3204,53,0
3205,59,0
3206,56,0
3207,56,0
3208,57,0
3209,55,0
3210,56,0
3211,56,0
3212,58,0
3213,57,0
3214,55,0
3215,54,0
3216,56,0
3217,57,0
3218,58,0
3219,58,0
3220,56,0
3221,57,0
3222,55,0
3223,54,0
3224,56,0
3225,55,0
3226,56,0
3227,56,0
3228,58,0
3229,53,0
3230,56,0
3231,56,0
3232,58,0
3233,59,0
3234,55,0
3235,55,0
3236,58,0
3237,56,0
3238,55,0
3239,57,0
3240,59,0
3241,56,0
3242,58,0
3243,57,0
3244,53,0
3245,58,0
3246,56,0
3247,58,0
3248,59,0
3249,67,0
3250,63,0
3251,56,0
3252,61,0
3253,56,0
3254,56,0
3255,57,0
3256,57,0
3257,56,0
3258,56,0
3259,57,0
3260,55,0
3261,56,0
3262,55,0
3263,57,0
3264,58,0
3265,56,0
3266,59,0
3267,55,0
3268,58,0
3269,58,0
3270,57,0
3271,55,0
3272,56,0
3273,56,0
3274,55,0
3275,57,0
3276,58,0
3277,56,0
3278,57,0
3279,57,0
3280,56,0
3281,56,0
3282,57,0
3283,55,0
3284,56,0
3285,58,0
3286,57,0
3287,57,0
3288,56,0
3289,56,0
3290,59,0
3291,59,0
3292,58,0
3293,56,0
3294,57,0
3295,59,0
3296,58,0
3297,56,0
3298,58,0
3299,59,0
3300,57,0
3301,56,0
3302,58,0
3303,56,0
3304,57,0
3305,59,0
3306,56,0
3307,56,0
3308,58,0
3309,57,0
3310,55,0
3311,56,0
3312,56,0
3313,58,0
3314,58,0
3315,57,0
3316,57,0
3317,58,0
3318,54,0
3319,56,0
3320,55,0
3321,58,0
3322,56,0
3323,58,0
3324,59,0
3325,55,0
3326,56,0
3327,58,0
3328,55,0
3329,61,0
3330,56,0
3331,56,0
3332,57,0
3333,59,0
3334,56,0
3335,56,0
3336,58,0
3337,56,0
3338,57,0
3339,59,0
3340,57,0
3341,58,0
3342,56,0
3343,58,0
3344,57,0
3345,56,0
3346,58,0
3347,56,0
3348,57,0
3349,54,0
3350,58,0
3351,56,0
3352,55,0
3353,55,0
3354,58,0
3355,58,0
3356,59,0
3357,57,0
3358,55,0
3359,58,0
3360,58,0
3361,55,0
3362,59,0
3363,58,0
3364,54,0
3365,56,0
3366,57,0
3367,55,0
3368,58,0
3369,58,0
3370,55,0
3371,56,0
3372,56,0
3373,57,0
3374,57,0
3375,58,0
3376,56,0
3377,58,0
3378,59,0
3379,56,0
3380,56,0
3381,56,0
3382,58,0
3383,55,0
3384,61,0
3385,57,0
3386,58,0
3387,57,0
3388,59,0
3389,58,0
3390,58,0
3391,53,0
3392,56,0
3393,56,0
3394,54,0
3395,56,0
3396,58,0
3397,56,0
3398,59,0
3399,56,0
3400,58,0
3401,57,0
3402,56,0
3403,58,0
3404,57,0
3405,55,0
3406,56,0
3407,56,0
3408,60,0
3409,55,0
3410,55,0
3411,58,0
3412,56,0
3413,57,0
3414,55,0
3415,59,0
3416,58,0
3417,57,0
3418,55,0
3419,58,0
3420,58,0
3421,59,0
3422,57,0
3423,56,0
3424,56,0
3425,57,0
3426,55,0
3427,57,0
3428,56,0
3429,58,0
3430,57,0
3431,59,0
3432,55,0
3433,56,0
3434,58,0
3435,56,0
3436,55,0
3437,59,0
3438,58,0
3439,58,0
3440,56,0
3441,55,0
3442,53,0
3443,58,0
3444,56,0
3445,58,0
3446,57,0
3447,55,0
3448,56,0
3449,56,0
3450,55,0
3451,56,0
3452,58,0
3453,56,0
3454,59,0
3455,56,0
3456,58,0
3457,59,0
3458,59,0
3459,56,0
3460,56,0
3461,56,0
3462,59,0
3463,57,0
3464,56,0
3465,56,0
3466,57,0
3467,57,0
3468,59,0
3469,56,0
3470,58,0
3471,56,0
3472,57,0
3473,56,0
3474,56,0
3475,54,0
3476,57,0
3477,59,0
3478,56,0
3479,58,0
3480,58,0
3481,54,0
3482,59,0
3483,55,0
3484,56,0
3485,56,0
3486,56,0
3487,53,0
3488,57,0
3489,56,0
3490,58,0
3491,55,0
3492,59,0
3493,56,0
3494,58,0
3495,58,0
3496,57,0
3497,57,0
3498,56,0
3499,56,0
3500,58,0
3501,59,0
3502,57,0
3503,58,0
3504,58,0
3505,56,0
3506,58,0
3507,59,0
3508,59,0
3509,53,0
3510,56,0
3511,56,0
3512,56,0
3513,55,0
3514,54,0
3515,58,0
3516,56,0
3517,58,0
3518,59,0
3519,59,0
3520,56,0
3521,56,0
3522,56,0
3523,58,0
3524,59,0
3525,59,0
3526,56,0
3527,54,0
3528,59,0
3529,59,0
3530,58,0
3531,56,0
3532,57,0
3533,59,0
3534,58,0
3535,56,0
3536,56,0
3537,56,0
3538,57,0
3539,57,0
3540,56,0
3541,56,0
3542,58,0
3543,57,0
3544,55,0
3545,58,0
3546,56,0
3547,57,0
3548,55,0
3549,58,0
3550,56,0
3551,57,0
3552,58,0
3553,56,0
3554,56,0
3555,57,0
3556,55,0
3557,56,0
3558,56,0
3559,56,0
3560,57,0
3561,59,0
3562,58,0
3563,56,0
3564,57,0
3565,57,0
3566,55,0
3567,58,0
3568,58,0
3569,57,0
3570,59,0
3571,55,0
3572,56,0
3573,56,0
3574,56,0
3575,57,0
3576,57,0
3577,56,0
3578,56,0
3579,57,0
3580,57,0
3581,56,0
3582,58,0
3583,57,0
3584,57,0
3585,58,0
3586,56,0
3587,58,0
3588,55,0
3589,56,0
3590,58,0
3591,56,0
3592,58,0
3593,59,0
3594,57,0
3595,57,0
3596,56,0
3597,56,0
3598,56,0
3599,57,0
3600,56,0
3601,56,0
3602,56,0
3603,55,0
3604,59,0
3605,58,0
3606,57,0
3607,55,0
3608,58,0
3609,58,0
3610,55,0
3611,57,0
3612,56,0
3613,56,0
3614,59,0
3615,55,0
3616,56,0
3617,56,0
3618,56,0
3619,59,0
3620,57,0
3621,56,0
3622,56,0
3623,56,0
3624,56,0
3625,57,0
3626,59,0
3627,56,0
3628,56,0
3629,59,0
3630,56,0
3631,58,0
3632,55,0
3633,56,0
3634,56,0
3635,56,0
3636,57,0
3637,57,0
3638,58,0
3639,56,0
3640,56,0
3641,54,0
3642,59,0
3643,56,0
3644,56,0
3645,56,0
3646,56,0
3647,55,0
3648,55,0
3649,56,0
3650,56,0
3651,58,0
3652,55,0
3653,57,0
3654,56,0
3655,56,0
3656,57,0
3657,59,0
3658,57,0
3659,56,0
3660,58,0
3661,57,0
3662,59,0
3663,56,0
3664,56,0
3665,56,0
3666,56,0
3667,55,0
3668,57,0
3669,56,0
3670,58,0
3671,55,0
3672,57,0
3673,56,0
3674,58,0
3675,56,0
3676,56,0
3677,57,0
3678,57,0
3679,55,0
3680,56,0
3681,56,0
3682,55,0
3683,59,0
3684,56,0
3685,58,0
3686,57,0
3687,59,0
3688,56,0
3689,56,0
3690,56,0
3691,57,0
3692,55,0
3693,55,0
3694,58,0
3695,56,0
3696,56,0
3697,59,0
3698,57,0
3699,56,0
3700,56,0
3701,56,0
3702,57,0
3703,58,0
3704,56,0
3705,56,0
3706,55,0
3707,55,0
3708,56,0
3709,56,0
3710,56,0
3711,57,0
3712,57,0
3713,56,0
3714,54,0
3715,57,0
3716,56,0
3717,56,0
3718,55,0
3719,57,0
3720,58,0
3721,56,0
3722,57,0
3723,56,0
3724,56,0
3725,58,0
3726,59,0
3727,53,0
3728,56,0
3729,58,0
3730,56,0
3731,57,0
3732,56,0
3733,58,0
3734,57,0
3735,53,0
3736,56,0
3737,58,0
3738,59,0
3739,55,0
3740,54,0
3741,58,0
3742,57,0
3743,56,0
3744,56,0
3745,56,0
3746,57,0
3747,59,0
3748,56,0
3749,56,0
3750,56,0
3751,55,0
3752,55,0
3753,58,0
3754,56,0
3755,57,0
3756,57,0
3757,58,0
3758,56,0
3759,58,0
3760,57,0
3761,55,0
3762,56,0
3763,58,0
3764,57,0
3765,55,0
3766,58,0
3767,58,0
3768,59,0
3769,59,0
3770,56,0
3771,56,0
3772,58,0
3773,56,0
3774,55,0
3775,57,0
3776,59,0
3777,56,0
3778,58,0
3779,57,0
3780,55,0
3781,56,0
3782,54,0
3783,56,0
3784,57,0
3785,59,0
3786,56,0
3787,58,0
3788,55,0
3789,59,0
3790,58,0
3791,56,0
3792,54,0
3793,55,0
3794,56,0
3795,57,0
3796,56,0
3797,58,0
3798,56,0
3799,59,0
3800,55,0
3801,58,0
3802,54,0
3803,58,0
3804,59,0
3805,57,0
3806,56,0
3807,56,0
3808,57,0
3809,59,0
3810,56,0
3811,58,0
3812,58,0
3813,57,0
3814,57,0
3815,58,0
3816,56,0
3817,57,0
3818,57,0
3819,58,0
3820,58,0
3821,57,0
3822,59,0
3823,58,0
3824,58,0
3825,56,0
3826,53,0
3827,55,0
3828,56,0
3829,57,0
3830,55,0
3831,57,0
3832,58,0
3833,56,0
3834,56,0
3835,57,0
3836,59,0
3837,56,0
3838,58,0
3839,58,0
3840,56,0
3841,59,0
3842,57,0
3843,59,0
3844,56,0
3845,56,0
3846,56,0
3847,58,0
3848,57,0
3849,59,0
3850,56,0
3851,56,0
3852,56,0
3853,57,0
3854,56,0
3855,56,0
3856,56,0
3857,57,0
3858,61,0
3859,55,0
3860,58,0
3861,56,0
3862,57,0
3863,56,0
3864,56,0
3865,56,0
3866,56,0
3867,57,0
3868,57,0
3869,55,0
3870,56,0
3871,58,0
3872,56,0
3873,55,0
3874,55,0
3875,56,0
3876,56,0
3877,58,0
3878,59,0
3879,57,0
3880,56,0
3881,56,0
3882,56,0
3883,55,0
3884,55,0
3885,56,0
3886,58,0
3887,59,0
3888,57,0
3889,56,0
3890,56,0
3891,58,0
3892,57,0
3893,59,0
3894,58,0
3895,55,0
3896,57,0
3897,59,0
3898,56,0
3899,58,0
3900,59,0
3901,55,0
3902,57,0
3903,56,0
3904,59,0
3905,55,0
3906,55,0
3907,58,0
3908,56,0
3909,57,0
3910,56,0
3911,58,0
3912,58,0
3913,55,0
3914,54,0
3915,56,0
3916,57,0
3917,53,0
3918,58,0
3919,58,0
3920,58,0
3921,55,0
3922,57,0
3923,56,0
3924,56,0
3925,56,0
3926,56,0
3927,57,0
3928,59,0
3929,56,0
3930,56,0
3931,56,0
3932,56,0
3933,57,0
3934,55,0
3935,56,0
3936,56,0
3937,57,0
3938,56,0
3939,58,0
3940,56,0
3941,61,0
3942,55,0
3943,58,0
3944,56,0
3945,58,0
3946,55,0
3947,53,0
3948,56,0
3949,54,0
3950,55,0
3951,59,0
3952,59,0
3953,56,0
3954,56,0
3955,58,0
3956,57,0
3957,56,0
3958,56,0
3959,56,0
3960,57,0
3961,59,0
3962,55,0
3963,58,0
3964,56,0
3965,58,0
3966,55,0
3967,61,0
3968,56,0
3969,61,0
3970,55,0
3971,58,0
3972,56,0
3973,55,0
3974,59,0
3975,56,0
3976,58,0
3977,54,0
3978,56,0
3979,56,0
3980,54,0
3981,56,0
3982,58,0
3983,53,0
3984,56,0
3985,56,0
3986,54,0
3987,53,0
3988,56,0
3989,56,0
3990,57,0
3991,55,0
3992,55,0
3993,58,0
3994,56,0
3995,58,0
3996,58,0
3997,55,0
3998,55,0
3999,56,0
4000,56,0
4001,56,0
4002,59,0
4003,58,0
4004,58,0
4005,56,0
4006,59,0
4007,57,0
4008,58,0
4009,58,0
4010,53,0
4011,53,0
4012,58,0
4013,58,0
4014,58,0
4015,56,0
4016,56,0
4017,55,0
4018,55,0
4019,56,0
4020,56,0
4021,56,0
4022,58,0
4023,57,0
4024,55,0
4025,57,0
4026,55,0
4027,56,0
4028,56,0
4029,58,0
4030,56,0
4031,55,0
4032,56,0
4033,56,0
4034,56,0
4035,56,0
4036,57,0
4037,55,0
4038,56,0
4039,56,0
4040,56,0
4041,55,0
4042,56,0
4043,58,0
4044,56,0
4045,53,0
4046,59,0
4047,56,0
4048,58,0
4049,58,0
4050,55,0
4051,55,0
4052,58,0
4053,56,0
4054,55,0
4055,55,0
4056,57,0
4057,56,0
4058,56,0
4059,56,0
4060,57,0
4061,55,0
4062,56,0
4063,54,0
4064,56,0
4065,56,0
4066,55,0
4067,55,0
4068,58,0
4069,57,0
4070,57,0
4071,56,0
4072,56,0
4073,60,0
4074,55,0
4075,53,0
4076,56,0
4077,56,0
4078,55,0
4079,55,0
4080,56,0
4081,58,0
4082,55,0
4083,57,0
4084,58,0
4085,56,0
4086,59,0
4087,53,0
4088,56,0
4089,58,0
4090,55,0
4091,57,0
4092,58,0
4093,56,0
4094,58,0
4095,57,0
4096,55,0
4097,56,0
4098,58,0
4099,55,0
4100,58,0
4101,58,0
4102,56,0
4103,57,0
4104,55,0
4105,59,0
4106,56,0
4107,56,0
4108,57,0
4109,55,0
4110,58,0
4111,58,0
4112,58,0
4113,57,0
4114,57,0
4115,58,0
4116,58,0
4117,56,0
4118,57,0
4119,57,0
4120,58,0
4121,58,0
4122,57,0
4123,57,0
4124,57,0
4125,58,0
4126,58,0
4127,58,0
4128,55,0
4129,55,0
4130,58,0
4131,58,0
4132,56,0
4133,53,0
4134,55,0
4135,60,0
4136,58,0
4137,56,0
4138,55,0
4139,57,0
4140,59,0
4141,56,0
4142,56,0
4143,56,0
4144,57,0
4145,55,0
4146,58,0
4147,56,0
4148,56,0
4149,57,0
4150,56,0
4151,56,0
4152,58,0
4153,55,0
4154,59,0
4155,56,0
4156,56,0
4157,56,0
4158,58,0
4159,57,0
4160,55,0
4161,54,0
4162,56,0
4163,57,0
4164,55,0
4165,60,0
4166,58,0
4167,56,0
4168,56,0
4169,57,0
4170,55,0
4171,58,0
4172,58,0
4173,55,0
4174,55,0
4175,56,0
4176,58,0
4177,58,0
4178,55,0
4179,55,0
4180,55,0
4181,58,0
4182,56,0
4183,58,0
4184,57,0
4185,57,0
4186,57,0
4187,56,0
4188,56,0
4189,59,0
4190,59,0
4191,58,0
4192,56,0
4193,56,0
4194,55,0
4195,55,0
4196,56,0
4197,57,0
4198,56,0
4199,58,0
4200,55,0
4201,57,0
4202,58,0
4203,62,0
4204,55,0
4205,58,0
4206,57,0
4207,57,0
4208,56,0
4209,56,0
4210,59,0
4211,57,0
4212,56,0
4213,58,0
4214,56,0
4215,59,0
4216,55,0
4217,58,0
4218,53,0
4219,58,0
4220,58,0
4221,57,0
4222,56,0
4223,59,0
4224,57,0
4225,56,0
4226,56,0
4227,57,0
4228,56,0
4229,56,0
4230,57,0
4231,54,0
4232,58,0
4233,58,0
4234,57,0
4235,57,0
4236,57,0
4237,56,0
4238,58,0
4239,55,0
4240,57,0
4241,57,0
4242,58,0
4243,58,0
4244,56,0
4245,59,0
4246,59,0
4247,56,0
4248,56,0
4249,55,0
4250,56,0
4251,58,0
4252,56,0
4253,53,0
4254,57,0
4255,56,0
4256,58,0
4257,59,0
4258,53,0
4259,58,0
4260,56,0
4261,57,0
4262,57,0
4263,58,0
4264,56,0
4265,57,0
4266,59,0
4267,58,0
4268,56,0
4269,57,0
4270,57,0
4271,58,0
4272,56,0
4273,59,0
4274,54,0
4275,56,0
4276,58,0
4277,57,0
4278,56,0
4279,58,0
4280,57,0
4281,57,0
4282,58,0
4283,56,0
4284,58,0
4285,57,0
4286,56,0
4287,56,0
4288,55,0
4289,57,0
4290,56,0
4291,56,0
4292,56,0
4293,55,0
4294,59,0
4295,59,0
4296,58,0
4297,56,0
4298,60,0
4299,55,0
4300,55,0
4301,56,0
4302,58,0
4303,57,0
4304,59,0
4305,56,0
4306,54,0
4307,56,0
4308,55,0
4309,57,0
4310,56,0
4311,58,0
4312,55,0
4313,59,0
4314,56,0
4315,59,0
4316,55,0
4317,58,0
4318,58,0
4319,56,0
4320,55,0
4321,59,0
4322,54,0
4323,58,0
4324,57,0
4325,59,0
4326,57,0
4327,56,0
4328,58,0
4329,57,0
4330,56,0
4331,56,0
4332,56,0
4333,57,0
4334,59,0
4335,58,0
4336,58,0
4337,58,0
4338,57,0
4339,59,0
4340,56,0
4341,58,0
4342,57,0
4343,56,0
4344,58,0
4345,58,0
4346,59,0
4347,59,0
4348,56,0
4349,56,0
4350,55,0
4351,59,0
4352,59,0
4353,58,0
4354,58,0
4355,56,0
4356,55,0
4357,56,0
4358,58,0
4359,56,0
4360,55,0
4361,55,0
4362,56,0
4363,56,0
4364,58,0
4365,57,0
4366,58,0
4367,55,0
4368,57,0
4369,55,0
4370,56,0
4371,56,0
4372,55,0
4373,57,0
4374,56,0
4375,58,0
4376,55,0
4377,57,0
4378,59,0
4379,56,0
4380,56,0
4381,58,0
4382,57,0
4383,57,0
4384,55,0
4385,54,0
4386,56,0
4387,56,0
4388,55,0
4389,59,0
4390,53,0
4391,56,0
4392,56,0
4393,55,0
4394,55,0
4395,56,0
4396,56,0
4397,57,0
4398,55,0
4399,59,0
4400,56,0
4401,58,0
4402,56,0
4403,55,0
4404,58,0
4405,58,0
4406,56,0
4407,56,0
4408,56,0
4409,59,0
4410,60,0
4411,56,0
4412,56,0
4413,55,0
4414,55,0
4415,58,0
4416,56,0
4417,56,0
4418,55,0
4419,56,0
4420,54,0
4421,58,0
4422,55,0
4423,55,0
4424,54,0
4425,58,0
4426,55,0
4427,58,0
4428,56,0
4429,59,0
4430,55,0
4431,58,0
4432,58,0
4433,57,0
4434,53,0
4435,56,0
4436,54,0
4437,56,0
4438,57,0
4439,57,0
4440,55,0
4441,56,0
4442,56,0
4443,58,0
4444,57,0
4445,57,0
4446,57,0
4447,56,0
4448,56,0
4449,56,0
4450,57,0
4451,57,0
4452,56,0
4453,58,0
4454,57,0
4455,57,0
4456,58,0
4457,58,0
4458,56,0
4459,55,0
4460,59,0
4461,58,0
4462,58,0
4463,57,0
4464,53,0
4465,56,0
4466,56,0
4467,58,0
4468,57,0
4469,58,0
4470,58,0
4471,57,0
4472,56,0
4473,58,0
4474,56,0
4475,59,0
4476,57,0
4477,58,0
4478,58,0
4479,57,0
4480,59,0
4481,58,0
4482,57,0
4483,55,0
4484,57,0
4485,56,0
4486,58,0
4487,56,0
4488,57,0
4489,55,0
4490,57,0
4491,56,0
4492,59,0
4493,55,0
4494,56,0
4495,56,0
4496,58,0
4497,55,0
4498,57,0
4499,56,0
4500,58,0
4501,58,0
4502,55,0
4503,57,0
4504,59,0
4505,56,0
4506,56,0
4507,60,0
4508,59,0
4509,55,0
4510,56,0
4511,58,0
4512,56,0
4513,57,0
4514,57,0
4515,58,0
4516,56,0
4517,58,0
4518,56,0
4519,55,0
4520,55,0
4521,56,0
4522,56,0
4523,56,0
4524,57,0
4525,57,0
4526,59,0
4527,58,0
4528,58,0
4529,58,0
4530,59,0
4531,58,0
4532,58,0
4533,56,0
4534,57,0
4535,59,0
4536,55,0
4537,58,0
4538,56,0
4539,58,0
4540,57,0
4541,55,0
4542,56,0
4543,56,0
4544,56,0
4545,56,0
4546,55,0
4547,56,0
4548,56,0
4549,55,0
4550,57,0
4551,56,0
4552,58,0
4553,57,0
4554,55,0
4555,58,0
4556,58,0
4557,57,0
4558,57,0
4559,57,0
4560,56,0
4561,58,0
4562,56,0
4563,56,0
4564,57,0
4565,59,0
4566,55,0
4567,56,0
4568,56,0
4569,55,0
4570,55,0
4571,58,0
4572,56,0
4573,56,0
4574,57,0
4575,56,0
4576,58,0
4577,55,0
4578,57,0
4579,55,0
4580,56,0
4581,58,0
4582,56,0
4583,57,0
4584,55,0
4585,58,0
4586,58,0
4587,55,0
4588,55,0
4589,55,0
4590,56,0
4591,56,0
4592,55,0
4593,55,0
4594,55,0
4595,56,0
4596,56,0
4597,57,0
4598,55,0
4599,58,0
4600,58,0
4601,57,0
4602,57,0
4603,56,0
4604,56,0
4605,57,0
4606,57,0
4607,58,0
4608,58,0
4609,56,0
4610,55,0
4611,58,0
4612,56,0
4613,58,0
4614,59,0
4615,56,0
4616,58,0
4617,56,0
4618,55,0
4619,56,0
4620,58,0
4621,57,0
4622,56,0
4623,58,0
4624,58,0
4625,57,0
4626,55,0
4627,58,0
4628,56,0
4629,60,0
4630,55,0
4631,55,0
4632,59,0
4633,58,0
4634,57,0
4635,57,0
4636,57,0
4637,56,0
4638,56,0
4639,55,0
4640,56,0
4641,58,0
4642,57,0
4643,57,0
4644,56,0
4645,56,0
4646,57,0
4647,61,0
4648,58,0
4649,60,0
4650,57,0
4651,55,0
4652,56,0
4653,57,0
4654,57,0
4655,58,0
4656,58,0
4657,58,0
4658,57,0
4659,57,0
4660,56,0
4661,56,0
4662,56,0
4663,57,0
4664,58,0
4665,58,0
4666,56,0
4667,59,0
4668,55,0
4669,55,0
4670,58,0
4671,58,0
4672,57,0
4673,56,0
4674,58,0
4675,57,0
4676,57,0
4677,56,0
4678,58,0
4679,58,0
4680,55,0
4681,59,0
4682,55,0
4683,56,0
4684,56,0
4685,57,0
4686,57,0
4687,58,0
4688,56,0
4689,60,0
4690,57,0
4691,61,0
4692,58,0
4693,56,0
4694,58,0
4695,55,0
4696,58,0
4697,56,0
4698,57,0
4699,55,0
4700,56,0
4701,58,0
4702,58,0
4703,55,0
4704,55,0
4705,57,0
4706,56,0
4707,56,0
4708,58,0
4709,59,0
4710,59,0
4711,56,0
4712,56,0
4713,56,0
4714,57,0
4715,59,0
4716,56,0
4717,56,0
4718,59,0
4719,57,0
4720,53,0
4721,56,0
4722,56,0
4723,59,0
4724,55,0
4725,55,0
4726,56,0
4727,58,0
4728,58,0
4729,59,0
4730,55,0
4731,56,0
4732,56,0
4733,57,0
4734,55,0
4735,56,0
4736,58,0
4737,58,0
4738,55,0
4739,57,0
4740,56,0
4741,56,0
4742,59,0
4743,59,0
4744,56,0
4745,58,0
4746,56,0
4747,59,0
4748,55,0
4749,56,0
4750,58,0
4751,58,0
4752,53,0
4753,58,0
4754,58,0
4755,56,0
4756,59,0
4757,55,0
4758,56,0
4759,58,0
4760,59,0
4761,55,0
4762,58,0
4763,58,0
4764,57,0
4765,59,0
4766,55,0
4767,56,0
4768,58,0
4769,55,0
4770,55,0
4771,56,0
4772,58,0
4773,56,0
4774,55,0
4775,55,0
4776,56,0
4777,58,0
4778,56,0
4779,58,0
4780,57,0
4781,61,0
4782,58,0
4783,58,0
4784,56,0
4785,57,0
4786,58,0
4787,56,0
4788,58,0
4789,57,0
4790,54,0
4791,58,0
4792,56,0
4793,59,0
4794,56,0
4795,56,0
4796,53,0
4797,58,0
4798,60,0
4799,57,0
4800,55,0
4801,58,0
4802,58,0
4803,55,0
4804,56,0
4805,58,0
4806,58,0
4807,55,0
4808,59,0
4809,53,0
4810,58,0
4811,56,0
4812,58,0
4813,53,0
4814,59,0
4815,58,0
4816,58,0
4817,58,0
4818,57,0
4819,55,0
4820,58,0
4821,56,0
4822,57,0
4823,55,0
4824,56,0
4825,56,0
4826,58,0
4827,57,0
4828,56,0
4829,56,0
4830,58,0
4831,57,0
4832,56,0
4833,56,0
4834,58,0
4835,57,0
4836,56,0
4837,56,0
4838,57,0
4839,55,0
4840,56,0
4841,57,0
4842,57,0
4843,58,0
4844,56,0
4845,55,0
4846,57,0
4847,58,0
4848,56,0
4849,58,0
4850,57,0
4851,56,0
4852,56,0
4853,58,0
4854,57,0
4855,57,0
4856,56,0
4857,58,0
4858,58,0
4859,57,0
4860,57,0
4861,58,0
4862,58,0
4863,53,0
4864,54,0
4865,58,0
4866,58,0
4867,55,0
4868,57,0
4869,54,0
4870,56,0
4871,56,0
4872,57,0
4873,57,0
4874,56,0
4875,58,0
4876,56,0
4877,57,0
4878,59,0
4879,57,0
4880,56,0
4881,58,0
4882,57,0
4883,58,0
4884,56,0
4885,59,0
4886,59,0
4887,58,0
4888,56,0
4889,58,0
4890,55,0
4891,55,0
4892,56,0
4893,54,0
4894,58,0
4895,58,0
4896,55,0
4897,57,0
4898,57,0
4899,56,0
4900,56,0
4901,58,0
4902,55,0
4903,59,0
4904,56,0
4905,56,0
4906,56,0
4907,55,0
4908,56,0
4909,56,0
4910,56,0
4911,59,0
4912,55,0
4913,56,0
4914,57,0
4915,55,0
4916,58,0
4917,58,0
4918,58,0
4919,59,0
4920,55,0
4921,54,0
4922,58,0
4923,58,0
4924,57,0
4925,55,0
4926,58,0
4927,58,0
4928,57,0
4929,58,0
4930,58,0
4931,56,0
4932,56,0
4933,59,0
4934,55,0
4935,58,0
4936,56,0
4937,56,0
4938,59,0
4939,57,0
4940,56,0
4941,56,0
4942,56,0
4943,57,0
4944,55,0
4945,59,0
4946,56,0
4947,58,0
4948,56,0
4949,57,0
4950,57,0
4951,56,0
4952,56,0
4953,58,0
4954,55,0
4955,55,0
4956,59,0
4957,58,0
4958,56,0
4959,57,0
4960,55,0
4961,55,0
4962,58,0
4963,56,0
4964,55,0
4965,55,0
4966,56,0
4967,58,0
4968,55,0
4969,54,0
4970,54,0
4971,55,0
4972,55,0
4973,58,0
4974,56,0
4975,56,0
4976,56,0
4977,59,0
4978,59,0
4979,55,0
4980,56,0
4981,57,0
4982,55,0
4983,56,0
4984,58,0
4985,56,0
4986,55,0
4987,59,0
4988,56,0
4989,56,0
4990,56,0
4991,59,0
4992,57,0
4993,56,0
4994,56,0
4995,55,0
4996,59,0
4997,56,0
4998,58,0
4999,56,0
5000,56,0
5001,57,0
5002,59,0
5003,58,0
5004,58,0
5005,55,0
5006,57,0
5007,56,0
5008,54,0
5009,57,0
5010,55,0
5011,56,0
5012,56,0
5013,56,0
5014,57,0
5015,58,0
5016,56,0
5017,56,0
5018,57,0
5019,58,0
5020,56,0
5021,56,0
5022,57,0
5023,62,0
5024,56,0
5025,56,0
5026,57,0
5027,56,0
5028,56,0
5029,56,0
5030,55,0
5031,59,0
5032,56,0
5033,56,0
5034,56,0
5035,57,0
5036,57,0
5037,56,0
5038,59,0
5039,54,0
5040,56,0
5041,59,0
5042,55,0
5043,53,0
5044,58,0
5045,54,0
5046,55,0
5047,55,0
5048,56,0
5049,56,0
5050,59,0
5051,59,0
5052,54,0
5053,56,0
5054,53,0
5055,58,0
5056,54,0
5057,55,0
5058,55,0
5059,55,0
5060,56,0
5061,58,0
5062,56,0
5063,57,0
5064,57,0
5065,56,0
5066,56,0
5067,59,0
5068,59,0
5069,58,0
5070,58,0
5071,55,0
5072,59,0
5073,56,0
5074,58,0
5075,58,0
5076,55,0
5077,56,0
5078,56,0
5079,58,0
5080,57,0
5081,59,0
5082,54,0
5083,58,0
5084,57,0
5085,57,0
5086,58,0
5087,54,0
5088,57,0
5089,55,0
5090,59,0
5091,58,0
5092,56,0
5093,58,0
5094,59,0
5095,53,0
5096,54,0
5097,56,0
5098,59,0
5099,57,0
5100,56,0
5101,56,0
5102,54,0
5103,56,0
5104,55,0
5105,56,0
5106,56,0
5107,57,0
5108,54,0
5109,58,0
5110,58,0
5111,57,0
5112,59,0
5113,57,0
5114,59,0
5115,58,0
5116,58,0
5117,57,0
5118,57,0
5119,58,0
5120,56,0
5121,57,0
5122,55,0
5123,55,0
5124,58,0
5125,58,0
5126,56,0
5127,59,0
5128,58,0
5129,58,0
5130,56,0
5131,57,0
5132,53,0
5133,56,0
5134,58,0
5135,57,0
5136,56,0
5137,56,0
5138,57,0
5139,55,0
5140,56,0
5141,56,0
5142,57,0
5143,55,0
5144,56,0
5145,58,0
5146,55,0
5147,56,0
5148,56,0
5149,57,0
5150,57,0
5151,56,0
5152,58,0
5153,56,0
5154,57,0
5155,55,0
5156,58,0
5157,56,0
5158,57,0
5159,57,0
5160,58,0
5161,56,0
5162,56,0
5163,57,0
5164,55,0
5165,56,0
5166,56,0
5167,57,0
5168,56,0
5169,56,0
5170,59,0
5171,57,0
5172,56,0
5173,54,0
5174,57,0
5175,58,0
5176,56,0
5177,59,0
5178,56,0
5179,56,0
5180,56,0
5181,57,0
5182,55,0
5183,58,0
5184,56,0
5185,59,0
5186,57,0
5187,56,0
5188,58,0
5189,55,0
5190,57,0
5191,56,0
5192,58,0
5193,57,0
5194,58,0
5195,56,0
5196,57,0
5197,55,0
5198,56,0
5199,56,0
5200,56,0
5201,57,0
5202,57,0
5203,56,0
5204,56,0
5205,55,0
5206,57,0
5207,58,0
5208,58,0
5209,58,0
5210,59,0
5211,56,0
5212,56,0
5213,56,0
5214,59,0
5215,57,0
5216,59,0
5217,56,0
5218,56,0
5219,57,0
5220,55,0
5221,58,0
5222,58,0
5223,56,0
5224,55,0
5225,57,0
5226,56,0
5227,56,0
5228,56,0
5229,55,0
5230,59,0
5231,58,0
5232,56,0
5233,58,0
5234,55,0
5235,59,0
5236,58,0
5237,56,0
5238,56,0
5239,59,0
5240,57,0
5241,58,0
5242,54,0
5243,56,0
5244,59,0
5245,57,0
5246,56,0
5247,56,0
5248,57,0
5249,59,0
5250,56,0
5251,58,0
5252,58,0
5253,57,0
5254,56,0
5255,56,0
5256,58,0
5257,55,0
5258,57,0
5259,56,0
5260,56,0
5261,57,0
5262,59,0
5263,56,0
5264,58,0
5265,57,0
5266,59,0
5267,58,0
5268,58,0
5269,58,0
5270,55,0
5271,59,0
5272,55,0
5273,58,0
5274,56,0
5275,57,0
5276,56,0
5277,58,0
5278,57,0
5279,55,0
5280,56,0
5281,54,0
5282,58,0
5283,57,0
5284,55,0
5285,56,0
5286,56,0
5287,56,0
5288,56,0
5289,55,0
5290,55,0
5291,56,0
5292,56,0
5293,56,0
5294,56,0
5295,55,0
5296,56,0
5297,58,0
5298,56,0
5299,53,0
5300,53,0
5301,55,0
5302,56,0
5303,56,0
5304,56,0
5305,57,0
5306,56,0
5307,58,0
5308,59,0
5309,57,0
5310,58,0
5311,58,0
5312,59,0
5313,59,0
5314,56,0
5315,58,0
5316,57,0
5317,55,0
5318,56,0
5319,57,0
5320,58,0
5321,56,0
5322,56,0
5323,55,0
5324,56,0
5325,58,0
5326,58,0
5327,57,0
5328,56,0
5329,56,0
5330,56,0
5331,55,0
5332,58,0
5333,58,0
5334,57,0
5335,56,0
5336,54,0
5337,58,0
5338,57,0
5339,56,0
5340,56,0
5341,57,0
5342,55,0
5343,56,0
5344,60,0
5345,57,0
5346,55,0
5347,57,0
5348,56,0
5349,55,0
5350,55,0
5351,56,0
5352,56,0
5353,58,0
5354,58,0
5355,57,0
5356,57,0
5357,58,0
5358,58,0
5359,59,0
5360,57,0
5361,56,0
5362,56,0
5363,58,0
5364,58,0
5365,56,0
5366,58,0
5367,56,0
5368,56,0
5369,55,0
5370,57,0
5371,55,0
5372,56,0
5373,58,0
5374,56,0
5375,55,0
5376,58,0
5377,56,0
5378,58,0
5379,57,0
5380,55,0
5381,56,0
5382,58,0
5383,57,0
5384,56,0
5385,56,0
5386,56,0
5387,57,0
5388,61,0
5389,56,0
5390,56,0
5391,59,0
5392,56,0
5393,58,0
5394,57,0
5395,59,0
5396,56,0
5397,58,0
5398,58,0
5399,59,0
5400,59,0
5401,56,0
5402,56,0
5403,58,0
5404,55,0
5405,59,0
5406,56,0
5407,56,0
5408,58,0
5409,59,0
5410,57,0
5411,56,0
5412,56,0
5413,56,0
5414,55,0
5415,55,0
5416,58,0
5417,58,0
5418,57,0
5419,53,0
5420,55,0
5421,58,0
5422,56,0
5423,55,0
5424,55,0
5425,58,0
5426,53,0
5427,57,0
5428,58,0
5429,58,0
5430,55,0
5431,57,0
5432,56,0
5433,56,0
5434,56,0
5435,55,0
5436,59,0
5437,56,0
5438,58,0
5439,56,0
5440,57,0
5441,57,0
5442,57,0
5443,56,0
5444,58,0
5445,58,0
5446,57,0
5447,57,0
5448,56,0
5449,58,0
5450,58,0
5451,57,0
5452,55,0
5453,56,0
5454,56,0
5455,58,0
5456,55,0
5457,55,0
5458,56,0
5459,57,0
5460,57,0
5461,54,0
5462,58,0
5463,58,0
5464,55,0
5465,57,0
5466,56,0
5467,56,0
5468,58,0
5469,57,0
5470,59,0
5471,56,0
5472,58,0
5473,55,0
5474,59,0
5475,59,0
5476,56,0
5477,56,0
5478,56,0
5479,59,0
5480,57,0
5481,58,0
5482,54,0
5483,56,0
5484,57,0
5485,57,0
5486,56,0
5487,56,0
5488,56,0
5489,56,0
5490,57,0
5491,57,0
5492,56,0
5493,56,0
5494,58,0
5495,60,0
5496,57,0
5497,57,0
5498,61,0
5499,56,0
5500,56,0
5501,56,0
5502,53,0
5503,56,0
5504,56,0
5505,60,0
5506,57,0
5507,57,0
5508,56,0
5509,56,0
5510,57,0
5511,55,0
5512,56,0
5513,56,0
5514,56,0
5515,57,0
5516,57,0
5517,58,0
5518,58,0
5519,55,0
5520,59,0
5521,58,0
5522,56,0
5523,57,0
5524,55,0
5525,56,0
5526,54,0
5527,55,0
5528,57,0
5529,56,0
5530,56,0
5531,56,0
5532,55,0
5533,56,0
5534,58,0
5535,57,0
5536,57,0
5537,58,0
5538,56,0
5539,56,0
5540,57,0
5541,54,0
5542,58,0
5543,57,0
5544,55,0
5545,56,0
5546,58,0
5547,58,0
5548,57,0
5549,56,0
5550,58,0
5551,56,0
5552,55,0
5553,55,0
5554,58,0
5555,58,0
5556,59,0
5557,57,0
5558,56,0
5559,56,0
5560,57,0
5561,55,0
5562,58,0
5563,56,0
5564,59,0
5565,55,0
5566,56,0
5567,56,0
5568,56,0
5569,57,0
5570,58,0
5571,56,0
5572,57,0
5573,56,0
5574,58,0
5575,54,0
5576,55,0
5577,56,0
5578,58,0
5579,56,0
5580,53,0
5581,58,0
5582,56,0
5583,56,0
5584,59,0
5585,59,0
5586,56,0
5587,56,0
5588,58,0
5589,57,0
5590,56,0
5591,56,0
5592,57,0
5593,59,0
5594,57,0
5595,56,0
5596,56,0
5597,56,0
5598,57,0
5599,55,0
5600,59,0
5601,56,0
5602,56,0
5603,55,0
5604,55,0
5605,58,0
5606,56,0
5607,55,0
5608,57,0
5609,56,0
5610,58,0
5611,58,0
5612,59,0
5613,59,0
5614,56,0
5615,58,0
5616,57,0
5617,57,0
5618,56,0
5619,56,0
5620,56,0
5621,56,0
5622,57,0
5623,58,0
5624,58,0
5625,56,0
5626,59,0
5627,56,0
5628,56,0
5629,57,0
5630,57,0
5631,55,0
5632,58,0
5633,60,0
5634,56,0
5635,58,0
5636,55,0
5637,55,0
5638,58,0
5639,56,0
5640,55,0
5641,57,0
5642,56,0
5643,56,0
5644,55,0
5645,53,0
5646,60,0
5647,58,0
5648,55,0
5649,55,0
5650,59,0
5651,56,0
5652,56,0
5653,55,0
5654,55,0
5655,56,0
5656,58,0
5657,56,0
5658,58,0
5659,56,0
5660,56,0
5661,57,0
5662,57,0
5663,56,0
5664,58,0
5665,53,0
5666,55,0
5667,56,0
5668,58,0
5669,58,0
5670,56,0
5671,55,0
5672,57,0
5673,58,0
5674,58,0
5675,59,0
5676,56,0
5677,56,0
5678,58,0
5679,55,0
5680,58,0
5681,54,0
5682,56,0
5683,57,0
5684,55,0
5685,56,0
5686,58,0
5687,56,0
5688,55,0
5689,59,0
5690,58,0
5691,58,0
5692,57,0
5693,55,0
5694,58,0
5695,57,0
5696,57,0
5697,56,0
5698,56,0
5699,59,0
5700,57,0
5701,56,0
5702,58,0
5703,55,0
5704,57,0
5705,56,0
5706,56,0
5707,57,0
5708,56,0
5709,58,0
5710,57,0
5711,57,0
5712,58,0
5713,56,0
5714,57,0
5715,57,0
5716,58,0
5717,58,0
5718,56,0
5719,57,0
5720,57,0
5721,54,0
5722,58,0
5723,56,0
5724,57,0
5725,57,0
5726,56,0
5727,58,0
5728,58,0
5729,55,0
5730,55,0
5731,56,0
5732,57,0
5733,57,0
5734,55,0
5735,56,0
5736,58,0
5737,56,0
5738,55,0
5739,58,0
5740,58,0
5741,58,0
5742,57,0
5743,55,0
5744,56,0
5745,58,0
5746,57,0
5747,55,0
5748,56,0
5749,58,0
5750,56,0
5751,56,0
5752,57,0
5753,59,0
5754,56,0
5755,56,0
5756,56,0
5757,57,0
5758,55,0
5759,59,0
5760,56,0
5761,58,0
5762,55,0
5763,57,0
5764,56,0
5765,56,0
5766,57,0
5767,55,0
5768,58,0
5769,56,0
5770,55,0
5771,55,0
5772,56,0
5773,56,0
5774,57,0
5775,56,0
5776,54,0
5777,56,0
5778,59,0
5779,59,0
5780,57,0
5781,56,0
5782,58,0
5783,57,0
5784,59,0
5785,58,0
5786,56,0
5787,56,0
5788,55,0
5789,55,0
5790,56,0
5791,56,0
5792,58,0
5793,56,0
5794,57,0
5795,57,0
5796,55,0
5797,56,0
5798,58,0
5799,56,0
5800,57,0
5801,57,0
5802,56,0
5803,56,0
5804,56,0
5805,57,0
5806,59,0
5807,55,0
5808,56,0
5809,56,0
5810,58,0
5811,58,0
5812,57,0
5813,56,0
5814,56,0
5815,56,0
5816,55,0
5817,57,0
5818,56,0
5819,56,0
5820,56,0
5821,55,0
5822,57,0
5823,56,0
5824,56,0
5825,56,0
5826,55,0
5827,59,0
5828,56,0
5829,58,0
5830,56,0
5831,57,0
5832,55,0
5833,56,0
5834,56,0
5835,57,0
5836,57,0
5837,57,0
5838,58,0
5839,56,0
5840,59,0
5841,55,0
5842,61,0
5843,55,0
5844,58,0
5845,58,0
5846,57,0
5847,56,0
5848,54,0
5849,55,0
5850,58,0
5851,54,0
5852,57,0
5853,56,0
5854,58,0
5855,59,0
5856,56,0
5857,58,0
5858,55,0
5859,56,0
5860,58,0
5861,57,0
5862,55,0
5863,58,0
5864,55,0
5865,57,0
5866,56,0
5867,56,0
5868,57,0
5869,55,0
5870,56,0
5871,57,0
5872,57,0
5873,55,0
5874,56,0
5875,58,0
5876,57,0
5877,57,0
5878,55,0
5879,56,0
5880,54,0
5881,56,0
5882,57,0
5883,57,0
5884,58,0
5885,56,0
5886,58,0
5887,57,0
5888,57,0
5889,56,0
5890,56,0
5891,57,0
5892,57,0
5893,58,0
5894,56,0
5895,55,0
5896,59,0
5897,57,0
5898,58,0
5899,56,0
5900,57,0
5901,57,0
5902,58,0
5903,56,0
5904,57,0
5905,55,0
5906,58,0
5907,58,0
5908,55,0
5909,55,0
5910,57,0
5911,56,0
5912,58,0
5913,55,0
5914,56,0
5915,56,0
5916,58,0
5917,55,0
5918,59,0
5919,56,0
5920,54,0
5921,56,0
5922,59,0
5923,55,0
5924,56,0
5925,56,0
5926,55,0
5927,57,0
5928,56,0
5929,58,0
5930,59,0
5931,55,0
5932,55,0
5933,56,0
5934,56,0
5935,57,0
5936,55,0
5937,56,0
5938,56,0
5939,56,0
5940,57,0
5941,59,0
5942,56,0
5943,58,0
5944,56,0
5945,59,0
5946,57,0
5947,56,0
5948,56,0
5949,58,0
5950,57,0
5951,58,0
5952,56,0
5953,56,0
5954,55,0
5955,57,0
5956,56,0
5957,56,0
5958,58,0
5959,59,0
5960,59,0
5961,55,0
5962,56,0
5963,58,0
5964,55,0
5965,59,0
5966,56,0
5967,58,0
5968,58,0
5969,58,0
5970,58,0
5971,59,0
5972,55,0
5973,58,0
5974,56,0
5975,57,0
5976,58,0
5977,56,0
5978,58,0
5979,57,0
5980,59,0
5981,58,0
5982,59,0
5983,57,0
5984,59,0
5985,56,0
5986,56,0
5987,58,0
5988,55,0
5989,56,0
5990,56,0
5991,56,0
5992,55,0
5993,57,0
5994,56,0
5995,56,0
5996,58,0
5997,59,0
5998,55,0
5999,58,0
6000,56,0
6001,56,0
6002,58,0
6003,55,0
6004,55,0
6005,58,0
6006,54,0
6007,56,0
6008,55,0
6009,57,0
6010,58,0
6011,58,0
6012,56,0
6013,55,0
6014,57,0
6015,57,0
6016,58,0
6017,56,0
6018,57,0
6019,57,0
6020,59,0
6021,58,0
6022,56,0
6023,58,0
6024,55,0
6025,55,0
6026,58,0
6027,58,0
6028,59,0
6029,55,0
6030,60,0
6031,56,0
6032,55,0
6033,55,0
6034,56,0
6035,56,0
6036,58,0
6037,59,0
6038,55,0
6039,58,0
6040,56,0
6041,56,0
6042,59,0
6043,59,0
6044,58,0
6045,56,0
6046,56,0
6047,57,0
6048,57,0
6049,56,0
6050,56,0
6051,58,0
6052,55,0
6053,57,0
6054,56,0
6055,58,0
6056,56,0
6057,57,0
6058,58,0
6059,58,0
6060,58,0
6061,55,0
6062,55,0
6063,56,0
6064,56,0
6065,59,0
6066,57,0
6067,58,0
6068,56,0
6069,56,0
6070,59,0
6071,58,0
6072,58,0
6073,55,0
6074,59,0
6075,58,0
6076,56,0
6077,58,0
6078,55,0
6079,56,0
6080,64,0
6081,71,0
6082,61,0
6083,65,0
6084,61,0
6085,62,0
6086,60,0
6087,62,0
6088,65,0
6089,55,0
6090,58,0
6091,58,0
6092,56,0
6093,59,0
6094,55,0
6095,66,0
6096,62,0
6097,66,0
6098,61,0
6099,64,0
6100,60,0
6101,59,0
6102,64,0
6103,66,0
6104,55,0
6105,63,0
6106,55,0
6107,56,0
6108,63,0
6109,55,0
6110,58,0
6111,56,0
6112,60,0
6113,56,0
6114,55,0
6115,57,0
6116,66,0
6117,59,0
6118,57,0
6119,60,0
6120,62,0
6121,57,0
6122,60,0
6123,58,0
6124,54,0
6125,59,0
6126,60,0
6127,56,0
6128,59,0
6129,55,0
6130,58,0
6131,56,0
6132,53,0
6133,59,0
6134,61,0
6135,58,0
6136,60,0
6137,55,0
6138,58,0
6139,60,0
6140,57,0
6141,56,0
6142,54,0
6143,56,0
6144,56,0
6145,60,0
6146,56,0
6147,70,0
6148,63,0
6149,64,0
6150,54,0
6151,58,0
6152,59,0
6153,63,0
6154,58,0
6155,61,0
6156,67,0
6157,56,0
6158,58,0
6159,57,0
6160,60,0
6161,56,0
6162,58,0
6163,55,0
6164,62,0
6165,56,0
6166,68,0
6167,60,0
6168,57,0
6169,58,0
6170,61,0
6171,60,0
6172,56,0
6173,57,0
6174,58,0
6175,60,0
6176,57,0
6177,57,0
6178,58,0
6179,61,0
6180,66,0
6181,56,0
6182,69,0
6183,60,0
6184,64,0
6185,59,0
6186,63,0
6187,60,0
6188,61,0
6189,59,0
6190,57,0
6191,69,0
6192,69,0
6193,65,0
6194,60,0
6195,62,0
6196,58,0
6197,67,0
6198,66,0
6199,67,0
6200,65,0
6201,70,0
6202,55,0
6203,65,0
6204,61,0
6205,56,0
6206,60,0
6207,56,0
6208,59,0
6209,55,0
6210,53,0
6211,61,0
6212,58,0
6213,57,0
6214,56,0
6215,65,0
6216,57,0
6217,62,0
6218,63,0
6219,60,0
6220,61,0
6221,62,0
6222,66,0
6223,59,0
6224,64,0
6225,58,0
6226,57,0
6227,59,0
6228,64,0
6229,54,0
6230,58,0
6231,58,0
6232,59,0
6233,57,0
6234,58,0
6235,60,0
6236,57,0
6237,67,0
6238,58,0
6239,55,0
6240,60,0
6241,67,0
6242,62,0
6243,57,0
6244,58,0
6245,64,0
6246,56,0
6247,64,0
6248,65,0
6249,55,0
6250,56,0
6251,57,0
6252,54,0
6253,56,0
6254,55,0
6255,58,0
6256,60,0
6257,62,0
6258,68,0
6259,66,0
6260,58,0
6261,66,0
6262,64,0
6263,62,0
6264,62,0
6265,64,0
6266,66,0
6267,60,0
6268,58,0
6269,59,0
6270,64,0
6271,65,0
6272,67,0
6273,64,0
6274,56,0
6275,56,0
6276,58,0
6277,55,0
6278,55,0
6279,58,0
6280,64,0
6281,60,0
6282,58,0
6283,62,0
6284,57,0
6285,59,0
6286,64,0
6287,63,0
6288,59,0
6289,62,0
6290,56,0
6291,56,0
6292,62,0
6293,59,0
6294,63,0
6295,62,0
6296,59,0
6297,57,0
6298,58,0
6299,63,0
6300,73,0
6301,74,0
6302,62,0
6303,58,0
6304,63,0
6305,62,0
6306,63,0
6307,58,0
6308,62,0
6309,56,0
6310,60,0
6311,57,0
6312,63,0
6313,60,0
6314,58,0
6315,59,0
6316,59,0
6317,60,0
6318,56,0
6319,58,0
6320,55,0
6321,58,0
6322,230,1
6323,57,0
6324,66,0
6325,66,0
6326,60,0
6327,65,0
6328,62,0
6329,60,0
6330,73,0
6331,60,0
6332,61,0
6333,64,0
6334,61,0
6335,60,0
6336,231,1
6337,57,0
6338,71,0
6339,56,0
6340,56,0
6341,54,0
6342,54,0
6343,55,0
6344,56,0
6345,56,0
6346,55,0
6347,55,0
6348,56,0
6349,56,0
6350,58,0
6351,57,0
6352,56,0
6353,56,0
6354,55,0
6355,55,0
6356,56,0
6357,54,0
6358,57,0
6359,56,0
6360,58,0
6361,55,0
6362,56,0
6363,56,0
6364,59,0
6365,58,0
6366,57,0
6367,55,0
6368,56,0
6369,58,0
6370,57,0
6371,58,0
6372,56,0
6373,58,0
6374,57,0
6375,59,0
6376,56,0
6377,56,0
6378,57,0
6379,57,0
6380,56,0
6381,54,0
6382,57,0
6383,57,0
6384,56,0
6385,58,0
6386,58,0
6387,53,0
6388,58,0
6389,56,0
6390,58,0
6391,57,0
6392,55,0
6393,58,0
6394,58,0
6395,56,0
6396,57,0
6397,55,0
6398,57,0
6399,56,0
6400,58,0
6401,56,0
6402,57,0
6403,58,0
6404,58,0
6405,57,0
6406,55,0
6407,56,0
6408,58,0
6409,58,0
6410,57,0
6411,57,0
6412,58,0
6413,58,0
6414,55,0
6415,55,0
6416,56,0
6417,56,0
6418,56,0
6419,57,0
6420,55,0
6421,55,0
6422,56,0
6423,56,0
6424,61,0
6425,58,0
6426,58,0
6427,58,0
6428,56,0
6429,55,0
6430,61,0
6431,58,0
6432,58,0
6433,56,0
6434,57,0
6435,56,0
6436,56,0
6437,56,0
6438,57,0
6439,56,0
6440,56,0
6441,56,0
6442,55,0
6443,59,0
6444,56,0
6445,58,0
6446,59,0
6447,55,0
6448,57,0
6449,56,0
6450,56,0
6451,58,0
6452,59,0
6453,57,0
6454,56,0
6455,58,0
6456,57,0
6457,55,0
6458,58,0
6459,58,0
6460,56,0
6461,59,0
6462,57,0
6463,56,0
6464,57,0
6465,61,0
6466,56,0
6467,56,0
6468,56,0
6469,57,0
6470,59,0
6471,59,0
6472,58,0
6473,56,0
6474,57,0
6475,53,0
6476,54,0
6477,56,0
6478,56,0
6479,55,0
6480,55,0
6481,56,0
6482,56,0
6483,55,0
6484,56,0
6485,60,0
6486,58,0
6487,57,0
6488,55,0
6489,56,0
6490,58,0
6491,58,0
6492,57,0
6493,56,0
6494,58,0
6495,56,0
6496,56,0
6497,59,0
6498,55,0
6499,56,0
6500,54,0
6501,55,0
6502,59,0
6503,58,0
6504,58,0
6505,58,0
6506,56,0
6507,54,0
6508,53,0
6509,57,0
6510,56,0
6511,56,0
6512,58,0
6513,58,0
6514,55,0
6515,55,0
6516,58,0
6517,58,0
6518,58,0
6519,58,0
6520,59,0
6521,56,0
6522,58,0
6523,59,0
6524,55,0
6525,55,0
6526,58,0
6527,56,0
6528,59,0
6529,55,0
6530,56,0
6531,56,0
6532,56,0
6533,59,0
6534,56,0
6535,56,0
6536,57,0
6537,57,0
6538,58,0
6539,56,0
6540,56,0
6541,57,0
6542,58,0
6543,56,0
6544,58,0
6545,55,0
6546,56,0
6547,56,0
6548,56,0
6549,55,0
6550,55,0
6551,56,0
6552,58,0
6553,57,0
6554,55,0
6555,56,0
6556,56,0
6557,57,0
6558,57,0
6559,56,0
6560,58,0
6561,55,0
6562,57,0
6563,58,0
6564,56,0
6565,55,0
6566,57,0
6567,56,0
6568,54,0
6569,56,0
6570,56,0
6571,59,0
6572,57,0
6573,58,0
6574,56,0
6575,55,0
6576,57,0
6577,56,0
6578,58,0
6579,56,0
6580,57,0
6581,55,0
6582,61,0
6583,56,0
6584,56,0
6585,56,0
6586,56,0
6587,57,0
6588,59,0
6589,56,0
6590,56,0
6591,55,0
6592,59,0
6593,58,0
6594,56,0
6595,57,0
6596,59,0
6597,56,0
6598,57,0
6599,57,0
6600,58,0
6601,58,0
6602,57,0
6603,56,0
6604,56,0
6605,57,0
6606,57,0
6607,56,0
6608,58,0
6609,59,0
6610,57,0
6611,56,0
6612,56,0
6613,57,0
6614,58,0
6615,58,0
6616,56,0
6617,59,0
6618,57,0
6619,54,0
6620,56,0
6621,58,0
6622,57,0
6623,57,0
6624,59,0
6625,56,0
6626,58,0
6627,57,0
6628,57,0
6629,59,0
6630,56,0
6631,57,0
6632,59,0
6633,56,0
6634,56,0
6635,56,0
6636,57,0
6637,58,0
6638,56,0
6639,55,0
6640,59,0
6641,59,0
6642,56,0
6643,56,0
6644,58,0
6645,57,0
6646,57,0
6647,56,0
6648,56,0
6649,55,0
6650,58,0
6651,58,0
6652,59,0
6653,59,0
6654,55,0
6655,58,0
6656,56,0
6657,56,0
6658,57,0
6659,55,0
6660,55,0
6661,60,0
6662,54,0
6663,57,0
6664,57,0
6665,56,0
6666,55,0
6667,59,0
6668,54,0
6669,59,0
6670,55,0
6671,56,0
6672,58,0
6673,56,0
6674,57,0
6675,59,0
6676,56,0
6677,58,0
6678,56,0
6679,57,0
6680,57,0
6681,56,0
6682,56,0
6683,57,0
6684,57,0
6685,56,0
6686,56,0
6687,58,0
6688,57,0
6689,56,0
6690,58,0
6691,58,0
6692,55,0
6693,59,0
6694,58,0
6695,58,0
6696,56,0
6697,58,0
6698,57,0
6699,55,0
6700,56,0
6701,56,0
6702,56,0
6703,55,0
6704,59,0
6705,56,0
6706,60,0
6707,56,0
6708,57,0
6709,54,0
6710,56,0
6711,56,0
6712,56,0
6713,57,0
6714,55,0
6715,54,0
6716,58,0
6717,57,0
6718,55,0
6719,56,0
6720,58,0
6721,57,0
6722,58,0
6723,58,0
6724,57,0
6725,59,0
6726,58,0
6727,56,0
6728,56,0
6729,57,0
6730,57,0
6731,58,0
6732,58,0
6733,55,0
6734,61,0
6735,56,0
6736,56,0
6737,58,0
6738,57,0
6739,57,0
6740,56,0
6741,56,0
6742,58,0
6743,57,0
6744,57,0
6745,58,0
6746,56,0
6747,55,0
6748,54,0
6749,56,0
6750,59,0
6751,57,0
6752,56,0
6753,56,0
6754,58,0
6755,56,0
6756,55,0
6757,59,0
6758,56,0
6759,58,0
6760,56,0
6761,58,0
6762,55,0
6763,57,0
6764,56,0
6765,56,0
6766,57,0
6767,55,0
6768,56,0
6769,58,0
6770,56,0
6771,59,0
6772,57,0
6773,57,0
6774,58,0
6775,56,0
6776,57,0
6777,56,0
6778,58,0
6779,58,0
6780,57,0
6781,59,0
6782,54,0
6783,54,0
6784,56,0
6785,58,0
6786,55,0
6787,59,0
6788,54,0
6789,56,0
6790,57,0
6791,57,0
6792,58,0
6793,58,0
6794,55,0
6795,55,0
6796,56,0
6797,56,0
6798,59,0
6799,57,0
6800,56,0
6801,58,0
6802,58,0
6803,59,0
6804,55,0
6805,58,0
6806,58,0
6807,59,0
6808,55,0
6809,58,0
6810,56,0
6811,59,0
6812,55,0
6813,56,0
6814,56,0
6815,59,0
6816,54,0
6817,58,0
6818,56,0
6819,59,0
6820,55,0
6821,56,0
6822,56,0
6823,55,0
6824,55,0
6825,56,0
6826,56,0
6827,56,0
6828,56,0
6829,59,0
6830,55,0
6831,57,0
6832,56,0
6833,56,0
6834,57,0
6835,55,0
6836,56,0
6837,58,0
6838,56,0
6839,55,0
6840,55,0
6841,56,0
6842,54,0
6843,57,0
6844,59,0
6845,58,0
6846,56,0
6847,57,0
6848,59,0
6849,54,0
6850,56,0
6851,53,0
6852,55,0
6853,56,0
6854,56,0
6855,56,0
6856,59,0
6857,55,0
6858,56,0
6859,56,0
6860,56,0
6861,55,0
6862,53,0
6863,56,0
6864,56,0
6865,57,0
6866,59,0
6867,57,0
6868,56,0
6869,58,0
6870,56,0
6871,54,0
6872,55,0
6873,53,0
6874,57,0
6875,58,0
6876,58,0
6877,58,0
6878,55,0
6879,53,0
6880,55,0
6881,58,0
6882,56,0
6883,56,0
6884,55,0
6885,53,0
6886,59,0
6887,54,0
6888,58,0
6889,58,0
6890,58,0
6891,55,0
6892,59,0
6893,58,0
6894,58,0
6895,57,0
6896,59,0
6897,58,0
6898,55,0
6899,59,0
6900,58,0
6901,56,0
6902,58,0
6903,55,0
6904,57,0
6905,56,0
6906,58,0
6907,58,0
6908,57,0
6909,57,0
6910,58,0
6911,56,0
6912,57,0
6913,57,0
6914,55,0
6915,56,0
6916,58,0
6917,57,0
6918,57,0
6919,58,0
6920,56,0
6921,57,0
6922,57,0
6923,58,0
6924,58,0
6925,56,0
6926,57,0
6927,58,0
6928,58,0
6929,55,0
6930,59,0
6931,56,0
6932,56,0
6933,57,0
6934,57,0
6935,56,0
6936,58,0
6937,58,0
6938,55,0
6939,55,0
6940,56,0
6941,58,0
6942,58,0
6943,56,0
6944,59,0
6945,56,0
6946,56,0
6947,58,0
6948,57,0
6949,56,0
6950,56,0
6951,56,0
6952,56,0
6953,57,0
6954,57,0
6955,58,0
6956,58,0
6957,60,0
6958,57,0
6959,56,0
6960,56,0
6961,56,0
6962,57,0
6963,57,0
6964,56,0
6965,58,0
6966,56,0
6967,57,0
6968,59,0
6969,57,0
6970,56,0
6971,58,0
6972,58,0
6973,59,0
6974,59,0
6975,56,0
6976,56,0
6977,57,0
6978,59,0
6979,60,0
6980,58,0
6981,56,0
6982,56,0
6983,55,0
6984,59,0
6985,58,0
6986,56,0
6987,56,0
6988,55,0
6989,56,0
6990,56,0
6991,58,0
6992,57,0
6993,59,0
6994,56,0
6995,56,0
6996,56,0
6997,59,0
6998,55,0
6999,58,0
7000,56,0
7001,57,0
7002,53,0
7003,56,0
7004,58,0
7005,56,0
7006,56,0
7007,59,0
7008,57,0
7009,59,0
7010,56,0
7011,58,0
7012,56,0
7013,57,0
7014,56,0
7015,58,0
7016,57,0
7017,56,0
7018,56,0
7019,58,0
7020,55,0
7021,54,0
7022,56,0
7023,54,0
7024,57,0
7025,55,0
7026,56,0
7027,58,0
7028,56,0
7029,55,0
7030,57,0
7031,55,0
7032,56,0
7033,58,0
7034,56,0
7035,59,0
7036,53,0
7037,55,0
7038,56,0
7039,56,0
7040,58,0
7041,57,0
7042,59,0
7043,58,0
7044,56,0
7045,56,0
7046,57,0
7047,57,0
7048,56,0
7049,58,0
7050,54,0
7051,55,0
7052,54,0
7053,58,0
7054,55,0
7055,55,0
7056,58,0
7057,56,0
7058,53,0
7059,55,0
7060,56,0
7061,56,0
7062,57,0
7063,56,0
7064,56,0
7065,54,0
7066,55,0
7067,57,0
7068,56,0
7069,56,0
7070,55,0
7071,57,0
7072,56,0
7073,56,0
7074,55,0
7075,59,0
7076,58,0
7077,58,0
7078,55,0
7079,58,0
7080,56,0
7081,56,0
7082,57,0
7083,56,0
7084,57,0
7085,57,0
7086,57,0
7087,54,0
7088,56,0
7089,57,0
7090,55,0
7091,56,0
7092,56,0
7093,56,0
7094,55,0
7095,55,0
7096,54,0
7097,56,0
7098,57,0
7099,56,0
7100,56,0
7101,56,0
7102,55,0
7103,55,0
7104,54,0
7105,56,0
7106,59,0
7107,55,0
7108,54,0
7109,56,0
7110,56,0
7111,58,0
7112,57,0
7113,58,0
7114,56,0
7115,55,0
7116,59,0
7117,56,0
7118,56,0
7119,55,0
7120,57,0
7121,58,0
7122,56,0
7123,61,0
7124,57,0
7125,58,0
7126,57,0
7127,59,0
7128,58,0
7129,58,0
7130,58,0
7131,57,0
7132,55,0
7133,56,0
7134,57,0
7135,55,0
7136,58,0
7137,56,0
7138,58,0
7139,57,0
7140,55,0
7141,56,0
7142,56,0
7143,55,0
7144,57,0
7145,55,0
7146,56,0
7147,58,0
7148,58,0
7149,59,0
7150,57,0
7151,56,0
7152,58,0
7153,57,0
7154,59,0
7155,55,0
7156,56,0
7157,59,0
7158,59,0
7159,56,0
7160,56,0
7161,55,0
7162,57,0
7163,56,0
7164,58,0
7165,55,0
7166,56,0
7167,58,0
7168,53,0
7169,55,0
7170,54,0
7171,58,0
7172,59,0
7173,57,0
7174,56,0
7175,56,0
7176,55,0
7177,57,0
7178,58,0
7179,58,0
7180,54,0
7181,57,0
7182,57,0
7183,58,0
7184,57,0
7185,55,0
7186,56,0
7187,56,0
7188,55,0
7189,55,0
7190,58,0
7191,56,0
7192,55,0
7193,57,0
7194,54,0
7195,56,0
7196,58,0
7197,57,0
7198,57,0
7199,59,0
7200,56,0
7201,56,0
7202,57,0
7203,61,0
7204,55,0
7205,58,0
7206,56,0
7207,58,0
7208,59,0
7209,56,0
7210,56,0
7211,60,0
7212,57,0
7213,55,0
7214,58,0
7215,56,0
7216,55,0
7217,57,0
7218,58,0
7219,58,0
7220,58,0
7221,57,0
7222,57,0
7223,59,0
7224,58,0
7225,58,0
7226,56,0
7227,57,0
7228,55,0
7229,58,0
7230,58,0
7231,56,0
7232,57,0
7233,54,0
7234,54,0
7235,58,0
7236,57,0
7237,55,0
7238,55,0
7239,56,0
7240,58,0
7241,56,0
7242,55,0
7243,57,0
7244,55,0
7245,56,0
7246,56,0
7247,56,0
7248,57,0
7249,57,0
7250,58,0
7251,56,0
7252,58,0
7253,58,0
7254,55,0
7255,57,0
7256,58,0
7257,55,0
7258,57,0
7259,58,0
7260,56,0
7261,56,0
7262,56,0
7263,57,0
7264,56,0
7265,55,0
7266,57,0
7267,56,0
7268,56,0
7269,57,0
7270,55,0
7271,56,0
7272,56,0
7273,56,0
7274,59,0
7275,56,0
7276,56,0
7277,56,0
7278,59,0
7279,56,0
7280,56,0
7281,57,0
7282,57,0
7283,56,0
7284,56,0
7285,57,0
7286,55,0
7287,56,0
7288,58,0
7289,56,0
7290,54,0
7291,56,0
7292,59,0
7293,55,0
7294,58,0
7295,56,0
7296,56,0
7297,57,0
7298,55,0
7299,56,0
7300,56,0
7301,56,0
7302,59,0
7303,57,0
7304,56,0
7305,58,0
7306,55,0
7307,59,0
7308,56,0
7309,58,0
7310,58,0
7311,55,0
7312,59,0
7313,56,0
7314,56,0
7315,56,0
7316,55,0
7317,61,0
7318,55,0
7319,56,0
7320,58,0
7321,54,0
7322,56,0
7323,59,0
7324,55,0
7325,56,0
7326,56,0
7327,56,0
7328,61,0
7329,57,0
7330,56,0
7331,57,0
7332,55,0
7333,54,0
7334,56,0
7335,57,0
7336,56,0
7337,56,0
7338,59,0
7339,59,0
7340,58,0
7341,58,0
7342,58,0
7343,55,0
7344,57,0
7345,58,0
7346,56,0
7347,56,0
7348,56,0
7349,55,0
7350,58,0
7351,56,0
7352,58,0
7353,57,0
7354,59,0
7355,55,0
7356,56,0
7357,54,0
7358,55,0
7359,57,0
7360,55,0
7361,58,0
7362,56,0
7363,57,0
7364,56,0
7365,56,0
7366,58,0
7367,55,0
7368,59,0
7369,56,0
7370,56,0
7371,56,0
7372,56,0
7373,55,0
7374,57,0
7375,58,0
7376,58,0
7377,58,0
7378,55,0
7379,57,0
7380,54,0
7381,58,0
7382,55,0
7383,55,0
7384,58,0
7385,56,0
7386,56,0
7387,57,0
7388,55,0
7389,55,0
7390,56,0
7391,56,0
7392,58,0
7393,55,0
7394,56,0
7395,56,0
7396,57,0
7397,57,0
7398,56,0
7399,58,0
7400,56,0
7401,59,0
7402,57,0
7403,56,0
7404,56,0
7405,57,0
7406,53,0
7407,56,0
7408,56,0
7409,59,0
7410,59,0
7411,56,0
7412,56,0
7413,60,0
7414,55,0
7415,56,0
7416,59,0
7417,59,0
7418,59,0
7419,56,0
7420,54,0
7421,57,0
7422,59,0
7423,56,0
7424,58,0
7425,58,0
7426,57,0
7427,56,0
7428,56,0
7429,55,0
7430,55,0
7431,56,0
7432,58,0
7433,56,0
7434,56,0
7435,59,0
7436,56,0
7437,56,0
7438,56,0
7439,57,0
7440,59,0
7441,57,0
7442,56,0
7443,56,0
7444,54,0
7445,56,0
7446,57,0
7447,58,0
7448,56,0
7449,56,0
7450,57,0
7451,59,0
7452,56,0
7453,56,0
7454,56,0
7455,56,0
7456,57,0
7457,58,0
7458,58,0
7459,56,0
7460,59,0
7461,56,0
7462,56,0
7463,58,0
7464,57,0
7465,56,0
7466,56,0
7467,56,0
7468,55,0
7469,57,0
7470,56,0
7471,58,0
7472,59,0
7473,55,0
7474,56,0
7475,55,0
7476,57,0
7477,57,0
7478,58,0
7479,58,0
7480,61,0
7481,57,0
7482,58,0
7483,57,0
7484,55,0
7485,58,0
7486,56,0
7487,57,0
7488,59,0
7489,56,0
7490,56,0
7491,55,0
7492,59,0
7493,56,0
7494,57,0
7495,57,0
7496,56,0
7497,58,0
7498,58,0
7499,58,0
7500,53,0
7501,55,0
7502,56,0
7503,58,0
7504,55,0
7505,58,0
7506,56,0
7507,58,0
7508,55,0
7509,56,0
7510,56,0
7511,55,0
7512,57,0
7513,56,0
7514,58,0
7515,59,0
7516,59,0
7517,58,0
7518,58,0
7519,57,0
7520,59,0
7521,58,0
7522,54,0
7523,53,0
7524,58,0
7525,58,0
7526,55,0
7527,56,0
7528,57,0
7529,55,0
7530,58,0
7531,58,0
7532,55,0
7533,55,0
7534,56,0
7535,54,0
7536,56,0
7537,55,0
7538,57,0
7539,58,0
7540,56,0
7541,57,0
7542,55,0
7543,56,0
7544,56,0
7545,56,0
7546,55,0
7547,59,0
7548,56,0
7549,58,0
7550,59,0
7551,55,0
7552,59,0
7553,58,0
7554,58,0
7555,53,0
7556,59,0
7557,58,0
7558,56,0
7559,58,0
7560,59,0
7561,57,0
7562,56,0
7563,56,0
7564,55,0
7565,55,0
7566,57,0
7567,56,0
7568,56,0
7569,58,0
7570,53,0
7571,55,0
7572,56,0
7573,58,0
7574,56,0
7575,57,0
7576,58,0
7577,58,0
7578,59,0
7579,57,0
7580,57,0
7581,58,0
7582,56,0
7583,56,0
7584,58,0
7585,57,0
7586,55,0
7587,59,0
7588,56,0
7589,58,0
7590,56,0
7591,57,0
7592,56,0
7593,58,0
7594,56,0
7595,57,0
7596,57,0
7597,54,0
7598,56,0
7599,56,0
7600,55,0
7601,59,0
7602,55,0
7603,58,0
7604,54,0
7605,58,0
7606,57,0
7607,55,0
7608,54,0
7609,56,0
7610,58,0
7611,55,0
7612,59,0
7613,58,0
7614,58,0
7615,56,0
7616,57,0
7617,54,0
7618,58,0
7619,56,0
7620,58,0
7621,57,0
7622,56,0
7623,56,0
7624,58,0
7625,57,0
7626,55,0
7627,55,0
7628,56,0
7629,59,0
7630,57,0
7631,59,0
7632,56,0
7633,58,0
7634,58,0
7635,57,0
7636,57,0
7637,57,0
7638,56,0
7639,58,0
7640,58,0
7641,55,0
7642,59,0
7643,58,0
7644,56,0
7645,56,0
7646,57,0
7647,56,0
7648,58,0
7649,57,0
7650,55,0
7651,59,0
7652,58,0
7653,56,0
7654,58,0
7655,57,0
7656,55,0
7657,58,0
7658,54,0
7659,56,0
7660,59,0
7661,56,0
7662,58,0
7663,57,0
7664,55,0
7665,56,0
7666,56,0
7667,57,0
7668,55,0
7669,54,0
7670,56,0
7671,57,0
7672,59,0
7673,58,0
7674,58,0
7675,58,0
7676,55,0
7677,53,0
7678,55,0
7679,56,0
7680,54,0
7681,58,0
7682,58,0
7683,55,0
7684,53,0
7685,55,0
7686,56,0
7687,56,0
7688,58,0
7689,58,0
7690,57,0
7691,57,0
7692,55,0
7693,57,0
7694,57,0
7695,56,0
7696,58,0
7697,58,0
7698,57,0
7699,57,0
7700,56,0
7701,56,0
7702,58,0
7703,57,0
7704,56,0
7705,56,0
7706,55,0
7707,59,0
7708,55,0
7709,58,0
7710,56,0
7711,58,0
7712,56,0
7713,57,0
7714,55,0
7715,55,0
7716,56,0
7717,58,0
7718,57,0
7719,61,0
7720,56,0
7721,56,0
7722,57,0
7723,56,0
7724,56,0
7725,59,0
7726,55,0
7727,55,0
7728,56,0
7729,58,0
7730,58,0
7731,54,0
7732,55,0
7733,57,0
7734,56,0
7735,58,0
7736,56,0
7737,59,0
7738,56,0
7739,58,0
7740,59,0
7741,57,0
7742,58,0
7743,56,0
7744,58,0
7745,55,0
7746,59,0
7747,60,0
7748,56,0
7749,58,0
7750,56,0
7751,57,0
7752,59,0
7753,56,0
7754,57,0
7755,55,0
7756,59,0
7757,58,0
7758,60,0
7759,57,0
7760,57,0
7761,59,0
7762,56,0
7763,56,0
7764,56,0
7765,61,0
7766,55,0
7767,58,0
7768,56,0
7769,58,0
7770,57,0
7771,56,0
7772,58,0
7773,56,0
7774,55,0
7775,57,0
7776,59,0
7777,54,0
7778,58,0
7779,56,0
7780,55,0
7781,59,0
7782,55,0
7783,58,0
7784,57,0
7785,56,0
7786,58,0
7787,58,0
7788,59,0
7789,55,0
7790,56,0
7791,58,0
7792,59,0
7793,57,0
7794,60,0
7795,59,0
7796,57,0
7797,58,0
7798,56,0
7799,57,0
7800,57,0
7801,58,0
7802,54,0
7803,56,0
7804,57,0
7805,56,0
7806,56,0
7807,55,0
7808,55,0
7809,56,0
7810,54,0
7811,57,0
7812,59,0
7813,59,0
7814,56,0
7815,58,0
7816,55,0
7817,57,0
7818,58,0
7819,56,0
7820,59,0
7821,53,0
7822,58,0
7823,54,0
7824,56,0
7825,57,0
7826,53,0
7827,59,0
7828,58,0
7829,58,0
7830,57,0
7831,54,0
7832,58,0
7833,56,0
7834,59,0
7835,57,0
7836,56,0
7837,56,0
7838,55,0
7839,59,0
7840,56,0
7841,58,0
7842,56,0
7843,59,0
7844,56,0
7845,58,0
7846,56,0
7847,55,0
7848,56,0
7849,58,0
7850,58,0
7851,55,0
7852,55,0
7853,56,0
7854,56,0
7855,58,0
7856,56,0
7857,55,0
7858,58,0
7859,58,0
7860,56,0
7861,57,0
7862,55,0
7863,56,0
7864,58,0
7865,58,0
7866,57,0
7867,57,0
7868,58,0
7869,58,0
7870,56,0
7871,56,0
7872,55,0
7873,57,0
7874,59,0
7875,59,0
7876,58,0
7877,56,0
7878,56,0
7879,57,0
7880,56,0
7881,56,0
7882,56,0
7883,59,0
7884,57,0
7885,56,0
7886,56,0
7887,58,0
7888,56,0
7889,59,0
7890,56,0
7891,58,0
7892,56,0
7893,59,0
7894,59,0
7895,54,0
7896,56,0
7897,56,0
7898,57,0
7899,59,0
7900,56,0
7901,56,0
7902,58,0
7903,57,0
7904,57,0
7905,59,0
7906,56,0
7907,58,0
7908,56,0
7909,56,0
7910,56,0
7911,59,0
7912,55,0
7913,56,0
7914,56,0
7915,61,0
7916,57,0
7917,57,0
7918,56,0
7919,56,0
7920,54,0
7921,56,0
7922,57,0
7923,55,0
7924,56,0
7925,58,0
7926,56,0
7927,59,0
7928,57,0
7929,60,0
7930,56,0
7931,57,0
7932,55,0
7933,55,0
7934,56,0
7935,58,0
7936,56,0
7937,56,0
7938,59,0
7939,57,0
7940,57,0
7941,56,0
7942,56,0
7943,53,0
7944,55,0
7945,58,0
7946,56,0
7947,58,0
7948,55,0
7949,55,0
7950,56,0
7951,56,0
7952,60,0
7953,55,0
7954,57,0
7955,58,0
7956,56,0
7957,58,0
7958,56,0
7959,57,0
7960,56,0
7961,56,0
7962,56,0
7963,55,0
7964,57,0
7965,56,0
7966,58,0
7967,56,0
7968,57,0
7969,57,0
7970,56,0
7971,56,0
7972,58,0
7973,55,0
7974,57,0
7975,56,0
7976,56,0
7977,53,0
7978,55,0
7979,58,0
7980,56,0
7981,55,0
7982,54,0
7983,58,0
7984,58,0
7985,55,0
7986,55,0
7987,56,0
7988,58,0
7989,57,0
7990,57,0
7991,56,0
7992,56,0
7993,55,0
7994,53,0
7995,57,0
7996,56,0
7997,56,0
7998,57,0
7999,53,0
8000,56,0
8001,56,0
8002,56,0
8003,59,0
8004,56,0
8005,58,0
8006,58,0
8007,57,0
8008,56,0
8009,58,0
8010,58,0
8011,57,0
8012,58,0
8013,56,0
8014,56,0
8015,55,0
8016,59,0
8017,54,0
8018,56,0
8019,56,0
8020,57,0
8021,53,0
8022,56,0
8023,56,0
8024,55,0
8025,56,0
8026,56,0
8027,55,0
8028,59,0
8029,56,0
8030,58,0
8031,60,0
8032,57,0
8033,59,0
8034,54,0
8035,56,0
8036,56,0
8037,56,0
8038,57,0
8039,55,0
8040,58,0
8041,58,0
8042,58,0
8043,55,0
8044,57,0
8045,55,0
8046,56,0
8047,58,0
8048,58,0
8049,55,0
8050,55,0
8051,56,0
8052,54,0
8053,58,0
8054,58,0
8055,55,0
8056,55,0
8057,55,0
8058,56,0
8059,56,0
8060,56,0
8061,56,0
8062,54,0
8063,55,0
8064,56,0
8065,56,0
8066,59,0
8067,55,0
8068,56,0
8069,58,0
8070,56,0
8071,58,0
8072,55,0
8073,57,0
8074,55,0
8075,56,0
8076,58,0
8077,53,0
8078,55,0
8079,58,0
8080,54,0
8081,55,0
8082,59,0
8083,56,0
8084,56,0
8085,58,0
8086,56,0
8087,59,0
8088,56,0
8089,56,0
8090,56,0
8091,58,0
8092,59,0
8093,57,0
8094,56,0
8095,56,0
8096,57,0
8097,57,0
8098,58,0
8099,58,0
8100,56,0
8101,55,0
8102,59,0
8103,54,0
8104,58,0
8105,57,0
8106,55,0
8107,57,0
8108,57,0
8109,56,0
8110,58,0
8111,55,0
8112,55,0
8113,56,0
8114,56,0
8115,56,0
8116,57,0
8117,57,0
8118,58,0
8119,56,0
8120,58,0
8121,55,0
8122,55,0
8123,56,0
8124,59,0
8125,57,0
8126,56,0
8127,58,0
8128,56,0
8129,55,0
8130,55,0
8131,58,0
8132,58,0
8133,58,0
8134,56,0
8135,59,0
8136,55,0
8137,58,0
8138,54,0
8139,56,0
8140,57,0
8141,58,0
8142,58,0
8143,57,0
8144,56,0
8145,56,0
8146,56,0
8147,55,0
8148,55,0
8149,55,0
8150,56,0
8151,56,0
8152,57,0
8153,57,0
8154,57,0
8155,56,0
8156,56,0
8157,57,0
8158,55,0
8159,56,0
8160,58,0
8161,57,0
8162,56,0
8163,56,0
8164,56,0
8165,56,0
8166,57,0
8167,56,0
8168,59,0
8169,59,0
8170,57,0
8171,56,0
8172,56,0
8173,56,0
8174,59,0
8175,57,0
8176,56,0
8177,56,0
8178,58,0
8179,57,0
8180,56,0
8181,58,0
8182,54,0
8183,57,0
8184,55,0
8185,56,0
8186,58,0
8187,57,0
8188,57,0
8189,58,0
8190,56,0
8191,58,0
8192,55,0
8193,57,0
8194,58,0
8195,56,0
8196,59,0
8197,56,0
8198,56,0
8199,59,0
8200,55,0
8201,58,0
8202,58,0
8203,58,0
8204,59,0
8205,55,0
8206,56,0
8207,56,0
8208,58,0
8209,59,0
8210,58,0
8211,56,0
8212,58,0
8213,59,0
8214,55,0
8215,58,0
8216,58,0
8217,56,0
8218,56,0
8219,55,0
8220,56,0
8221,58,0
8222,56,0
8223,57,0
8224,57,0
8225,56,0
8226,58,0
8227,58,0
8228,56,0
8229,57,0
8230,59,0
8231,56,0
8232,55,0
8233,57,0
8234,55,0
8235,56,0
8236,56,0
8237,58,0
8238,55,0
8239,55,0
8240,56,0
8241,56,0
8242,55,0
8243,55,0
8244,58,0
8245,58,0
8246,57,0
8247,55,0
8248,58,0
8249,58,0
8250,58,0
8251,59,0
8252,54,0
8253,58,0
8254,59,0
8255,58,0
8256,56,0
8257,57,0
8258,57,0
8259,58,0
8260,56,0
8261,56,0
8262,56,0
8263,59,0
8264,55,0
8265,56,0
8266,58,0
8267,56,0
8268,56,0
8269,55,0
8270,56,0
8271,56,0
8272,56,0
8273,56,0
8274,55,0
8275,57,0
8276,58,0
8277,56,0
8278,57,0
8279,55,0
8280,56,0
8281,56,0
8282,55,0
8283,59,0
8284,56,0
8285,56,0
8286,55,0
8287,55,0
8288,59,0
8289,56,0
8290,58,0
8291,56,0
8292,56,0
8293,57,0
8294,56,0
8295,56,0
8296,56,0
8297,56,0
8298,59,0
8299,61,0
8300,58,0
8301,56,0
8302,53,0
8303,57,0
8304,56,0
8305,56,0
8306,58,0
8307,57,0
8308,55,0
8309,56,0
8310,56,0
8311,57,0
8312,55,0
8313,56,0
8314,58,0
8315,55,0
8316,57,0
8317,57,0
8318,58,0
8319,56,0
8320,57,0
8321,57,0
8322,56,0
8323,56,0
8324,56,0
8325,57,0
8326,56,0
8327,57,0
8328,55,0
8329,58,0
8330,58,0
8331,57,0
8332,55,0
8333,56,0
8334,56,0
8335,55,0
8336,55,0
8337,56,0
8338,56,0
8339,56,0
8340,57,0
8341,57,0
8342,58,0
8343,56,0
8344,57,0
8345,58,0
8346,58,0
8347,56,0
8348,57,0
8349,57,0
8350,58,0
8351,56,0
8352,56,0
8353,57,0
8354,53,0
8355,56,0
8356,58,0
8357,57,0
8358,55,0
8359,56,0
8360,58,0
8361,57,0
8362,55,0
8363,58,0
8364,58,0
8365,58,0
8366,57,0
8367,55,0
8368,58,0
8369,58,0
8370,56,0
8371,57,0
8372,57,0
8373,56,0
8374,56,0
8375,56,0
8376,57,0
8377,59,0
8378,58,0
8379,56,0
8380,57,0
8381,57,0
8382,59,0
8383,54,0
8384,56,0
8385,57,0
8386,55,0
8387,58,0
8388,56,0
8389,58,0
8390,56,0
8391,59,0
8392,57,0
8393,56,0
8394,56,0
8395,56,0
8396,57,0
8397,56,0
8398,58,0
8399,55,0
8400,55,0
8401,56,0
8402,58,0
8403,57,0
8404,57,0
8405,56,0
8406,55,0
8407,59,0
8408,56,0
8409,58,0
8410,57,0
8411,57,0
8412,56,0
8413,56,0
8414,56,0
8415,61,0
8416,56,0
8417,58,0
8418,58,0
8419,57,0
8420,57,0
8421,57,0
8422,56,0
8423,54,0
8424,56,0
8425,57,0
8426,56,0
8427,58,0
8428,56,0
8429,55,0
8430,55,0
8431,56,0
8432,56,0
8433,56,0
8434,59,0
8435,57,0
8436,57,0
8437,56,0
8438,56,0
8439,56,0
8440,59,0
8441,53,0
8442,55,0
8443,58,0
8444,58,0
8445,56,0
8446,59,0
8447,55,0
8448,56,0
8449,58,0
8450,56,0
8451,55,0
8452,55,0
8453,56,0
8454,60,0
8455,55,0
8456,55,0
8457,56,0
8458,58,0
8459,57,0
8460,58,0
8461,58,0
8462,58,0
8463,57,0
8464,59,0
8465,58,0
8466,58,0
8467,58,0
8468,59,0
8469,58,0
8470,57,0
8471,57,0
8472,56,0
8473,56,0
8474,56,0
8475,57,0
8476,57,0
8477,56,0
8478,56,0
8479,59,0
8480,56,0
8481,58,0
8482,58,0
8483,59,0
8484,55,0
8485,58,0
8486,55,0
8487,59,0
8488,56,0
8489,58,0
8490,58,0
8491,55,0
8492,57,0
8493,55,0
8494,58,0
8495,55,0
8496,59,0
8497,56,0
8498,56,0
8499,56,0
8500,57,0
8501,55,0
8502,56,0
8503,56,0
8504,57,0
8505,57,0
8506,57,0
8507,56,0
8508,58,0
8509,59,0
8510,54,0
8511,58,0
8512,56,0
8513,60,0
8514,57,0
8515,57,0
8516,56,0
8517,56,0
8518,57,0
8519,57,0
8520,56,0
8521,56,0
8522,56,0
8523,55,0
8524,57,0
8525,57,0
8526,56,0
8527,54,0
8528,56,0
8529,57,0
8530,55,0
8531,56,0
8532,54,0
8533,56,0
8534,79,0
8535,55,0
8536,56,0
8537,55,0
8538,55,0
8539,56,0
8540,56,0
8541,59,0
8542,56,0
8543,56,0
8544,58,0
8545,53,0
8546,55,0
8547,54,0
8548,54,0
8549,53,0
8550,55,0
8551,54,0
8552,58,0
8553,58,0
8554,55,0
8555,55,0
8556,56,0
8557,59,0
8558,57,0
8559,58,0
8560,56,0
8561,58,0
8562,57,0
8563,55,0
8564,55,0
8565,56,0
8566,56,0
8567,56,0
8568,57,0
8569,59,0
8570,56,0
8571,56,0
8572,56,0
8573,57,0
8574,57,0
8575,58,0
8576,58,0
8577,57,0
8578,55,0
8579,58,0
8580,57,0
8581,55,0
8582,58,0
8583,58,0
8584,58,0
8585,57,0
8586,56,0
8587,56,0
8588,53,0
8589,58,0
8590,56,0
8591,56,0
8592,59,0
8593,55,0
8594,56,0
8595,58,0
8596,60,0
8597,57,0
8598,57,0
8599,57,0
8600,58,0
8601,58,0
8602,56,0
8603,59,0
8604,57,0
8605,60,0
8606,56,0
8607,56,0
8608,55,0
8609,57,0
8610,56,0
8611,58,0
8612,56,0
8613,58,0
8614,57,0
8615,58,0
8616,56,0
8617,56,0
8618,53,0
8619,55,0
8620,54,0
8621,58,0
8622,56,0
8623,57,0
8624,55,0
8625,58,0
8626,58,0
8627,55,0
8628,57,0
8629,58,0
8630,56,0
8631,57,0
8632,56,0
8633,58,0
8634,58,0
8635,57,0
8636,55,0
8637,58,0
8638,56,0
8639,58,0
8640,57,0
8641,56,0
8642,56,0
8643,56,0
8644,55,0
8645,57,0
8646,58,0
8647,54,0
8648,55,0
8649,56,0
8650,56,0
8651,54,0
8652,58,0
8653,57,0
8654,55,0
8655,57,0
8656,56,0
8657,56,0
8658,56,0
8659,57,0
8660,59,0
8661,56,0
8662,58,0
8663,56,0
8664,58,0
8665,57,0
8666,59,0
8667,58,0
8668,57,0
8669,55,0
8670,55,0
8671,54,0
8672,58,0
8673,58,0
8674,56,0
8675,57,0
8676,59,0
8677,56,0
8678,58,0
8679,57,0
8680,55,0
8681,56,0
8682,55,0
8683,59,0
8684,56,0
8685,56,0
8686,58,0
8687,61,0
8688,55,0
8689,56,0
8690,58,0
8691,56,0
8692,57,0
8693,58,0
8694,56,0
8695,56,0
8696,56,0
8697,55,0
8698,56,0
8699,56,0
8700,56,0
8701,57,0
8702,57,0
8703,58,0
8704,56,0
8705,55,0
8706,57,0
8707,56,0
8708,54,0
8709,56,0
8710,57,0
8711,61,0
8712,56,0
8713,56,0
8714,59,0
8715,57,0
8716,56,0
8717,56,0
8718,58,0
8719,56,0
8720,59,0
8721,59,0
8722,58,0
8723,56,0
8724,56,0
8725,57,0
8726,59,0
8727,57,0
8728,56,0
8729,58,0
8730,56,0
8731,55,0
8732,53,0
8733,55,0
8734,56,0
8735,58,0
8736,56,0
8737,57,0
8738,59,0
8739,56,0
8740,56,0
8741,55,0
8742,55,0
8743,56,0
8744,56,0
8745,55,0
8746,55,0
8747,56,0
8748,56,0
8749,58,0
8750,57,0
8751,56,0
8752,56,0
8753,58,0
8754,57,0
8755,59,0
8756,56,0
8757,59,0
8758,55,0
8759,56,0
8760,56,0
8761,55,0
8762,57,0
8763,56,0
8764,58,0
8765,59,0
8766,58,0
8767,56,0
8768,55,0
8769,59,0
8770,60,0
8771,58,0
8772,56,0
8773,55,0
8774,56,0
8775,58,0
8776,56,0
8777,57,0
8778,57,0
8779,54,0
8780,56,0
8781,57,0
8782,57,0
8783,56,0
8784,58,0
8785,55,0
8786,57,0
8787,57,0
8788,58,0
8789,58,0
8790,55,0
8791,53,0
8792,54,0
8793,56,0
8794,55,0
8795,55,0
8796,55,0
8797,54,0
8798,58,0
8799,56,0
8800,59,0
8801,57,0
8802,56,0
8803,58,0
8804,56,0
8805,59,0
8806,57,0
8807,57,0
8808,56,0
8809,54,0
8810,54,0
8811,55,0
8812,59,0
8813,58,0
8814,56,0
8815,56,0
8816,61,0
8817,57,0
8818,56,0
8819,56,0
8820,61,0
8821,56,0
8822,56,0
8823,55,0
8824,57,0
8825,58,0
8826,56,0
8827,55,0
8828,57,0
8829,56,0
8830,56,0
8831,57,0
8832,57,0
8833,56,0
8834,56,0
8835,58,0
8836,55,0
8837,55,0
8838,56,0
8839,56,0
8840,57,0
8841,61,0
8842,58,0
8843,56,0
8844,57,0
8845,55,0
8846,56,0
8847,56,0
8848,56,0
8849,59,0
8850,56,0
8851,58,0
8852,55,0
8853,55,0
8854,56,0
8855,58,0
8856,55,0
8857,57,0
8858,58,0
8859,58,0
8860,57,0
8861,57,0
8862,54,0
8863,58,0
8864,53,0
8865,55,0
8866,58,0
8867,56,0
8868,56,0
8869,56,0
8870,55,0
8871,59,0
8872,58,0
8873,56,0
8874,56,0
8875,55,0
8876,57,0
8877,56,0
8878,56,0
8879,56,0
8880,55,0
8881,56,0
8882,56,0
8883,55,0
8884,59,0
8885,55,0
8886,58,0
8887,56,0
8888,54,0
8889,57,0
8890,55,0
8891,56,0
8892,54,0
8893,58,0
8894,57,0
8895,56,0
8896,58,0
8897,56,0
8898,55,0
8899,59,0
8900,56,0
8901,56,0
8902,57,0
8903,55,0
8904,54,0
8905,58,0
8906,56,0
8907,57,0
8908,59,0
8909,56,0
8910,54,0
8911,56,0
8912,59,0
8913,57,0
8914,57,0
8915,56,0
8916,57,0
8917,58,0
8918,56,0
8919,55,0
8920,55,0
8921,56,0
8922,56,0
8923,56,0
8924,55,0
8925,56,0
8926,56,0
8927,58,0
8928,56,0
8929,53,0
8930,57,0
8931,58,0
8932,56,0
8933,56,0
8934,55,0
8935,56,0
8936,58,0
8937,56,0
8938,55,0
8939,57,0
8940,56,0
8941,56,0
8942,58,0
8943,58,0
8944,57,0
8945,57,0
8946,54,0
8947,56,0
8948,58,0
8949,55,0
8950,57,0
8951,57,0
8952,56,0
8953,56,0
8954,56,0
8955,59,0
8956,59,0
8957,56,0
8958,57,0
8959,55,0
8960,56,0
8961,56,0
8962,58,0
8963,53,0
8964,58,0
8965,58,0
8966,56,0
8967,55,0
8968,55,0
8969,56,0
8970,58,0
8971,58,0
8972,57,0
8973,59,0
8974,56,0
8975,56,0
8976,58,0
8977,54,0
8978,57,0
8979,55,0
8980,58,0
8981,58,0
8982,57,0
8983,57,0
8984,58,0
8985,58,0
8986,58,0
8987,57,0
8988,57,0
8989,56,0
8990,56,0
8991,54,0
8992,56,0
8993,56,0
8994,56,0
8995,59,0
8996,57,0
8997,56,0
8998,58,0
8999,57,0
9000,56,0
9001,56,0
9002,57,0
9003,57,0
9004,55,0
9005,56,0
9006,56,0
9007,55,0
9008,57,0
9009,56,0
9010,56,0
9011,58,0
9012,57,0
9013,53,0
9014,56,0
9015,56,0
9016,55,0
9017,59,0
9018,58,0
9019,58,0
9020,56,0
9021,56,0
9022,53,0
9023,55,0
9024,58,0
9025,58,0
9026,58,0
9027,56,0
9028,53,0
9029,56,0
9030,56,0
9031,59,0
9032,58,0
9033,58,0
9034,56,0
9035,55,0
9036,57,0
9037,57,0
9038,56,0
9039,58,0
9040,56,0
9041,54,0
9042,57,0
9043,58,0
9044,58,0
9045,56,0
9046,58,0
9047,57,0
9048,57,0
9049,56,0
9050,56,0
9051,58,0
9052,59,0
9053,55,0
9054,56,0
9055,56,0
9056,55,0
9057,57,0
9058,56,0
9059,56,0
9060,55,0
9061,59,0
9062,55,0
9063,56,0
9064,56,0
9065,59,0
9066,56,0
9067,56,0
9068,58,0
9069,55,0
9070,59,0
9071,53,0
9072,56,0
9073,60,0
9074,58,0
9075,55,0
9076,57,0
9077,56,0
9078,56,0
9079,56,0
9080,58,0
9081,57,0
9082,55,0
9083,56,0
9084,56,0
9085,58,0
9086,57,0
9087,56,0
9088,58,0
9089,58,0
9090,53,0
9091,59,0
9092,58,0
9093,56,0
9094,56,0
9095,56,0
9096,59,0
9097,55,0
9098,55,0
9099,56,0
9100,58,0
9101,56,0
9102,57,0
9103,59,0
9104,60,0
9105,58,0
9106,59,0
9107,58,0
9108,58,0
9109,59,0
9110,59,0
9111,58,0
9112,56,0
9113,56,0
9114,57,0
9115,55,0
9116,56,0
9117,58,0
9118,59,0
9119,57,0
9120,56,0
9121,57,0
9122,58,0
9123,58,0
9124,57,0
9125,57,0
9126,57,0
9127,58,0
9128,55,0
9129,55,0
9130,56,0
9131,58,0
9132,56,0
9133,57,0
9134,58,0
9135,56,0
9136,56,0
9137,59,0
9138,57,0
9139,56,0
9140,58,0
9141,57,0
9142,56,0
9143,58,0
9144,55,0
9145,57,0
9146,56,0
9147,56,0
9148,55,0
9149,59,0
9150,58,0
9151,58,0
9152,55,0
9153,57,0
9154,56,0
9155,58,0
9156,56,0
9157,57,0
9158,55,0
9159,57,0
9160,58,0
9161,58,0
9162,56,0
9163,57,0
9164,59,0
9165,56,0
9166,56,0
9167,58,0
9168,55,0
9169,55,0
9170,56,0
9171,58,0
9172,58,0
9173,53,0
9174,58,0
9175,58,0
9176,56,0
9177,57,0
9178,55,0
9179,58,0
9180,56,0
9181,58,0
9182,57,0
9183,59,0
9184,57,0
9185,56,0
9186,58,0
9187,56,0
9188,55,0
9189,55,0
9190,58,0
9191,58,0
9192,55,0
9193,59,0
9194,58,0
9195,56,0
9196,56,0
9197,57,0
9198,55,0
9199,56,0
9200,56,0
9201,56,0
9202,57,0
9203,57,0
9204,55,0
9205,56,0
9206,56,0
9207,56,0
9208,57,0
9209,58,0
9210,58,0
9211,57,0
9212,58,0
9213,56,0
9214,57,0
9215,55,0
9216,56,0
9217,56,0
9218,57,0
9219,59,0
9220,58,0
9221,57,0
9222,56,0
9223,56,0
9224,56,0
9225,58,0
9226,57,0
9227,55,0
9228,61,0
9229,56,0
9230,58,0
9231,56,0
9232,57,0
9233,57,0
9234,56,0
9235,58,0
9236,57,0
9237,57,0
9238,57,0
9239,56,0
9240,56,0
9241,58,0
9242,57,0
9243,55,0
9244,56,0
9245,56,0
9246,56,0
9247,58,0
9248,60,0
9249,53,0
9250,55,0
9251,56,0
9252,56,0
9253,56,0
9254,59,0
9255,58,0
9256,58,0
9257,56,0
9258,61,0
9259,59,0
9260,54,0
9261,58,0
9262,59,0
9263,56,0
9264,54,0
9265,57,0
9266,57,0
9267,56,0
9268,56,0
9269,58,0
9270,57,0
9271,55,0
9272,55,0
9273,56,0
9274,58,0
9275,58,0
9276,56,0
9277,57,0
9278,56,0
9279,58,0
9280,58,0
9281,55,0
9282,59,0
9283,58,0
9284,56,0
9285,58,0
9286,59,0
9287,59,0
9288,58,0
9289,56,0
9290,57,0
9291,57,0
9292,58,0
9293,58,0
9294,58,0
9295,57,0
9296,55,0
9297,58,0
9298,58,0
9299,57,0
9300,57,0
9301,56,0
9302,56,0
9303,55,0
9304,55,0
9305,56,0
9306,59,0
9307,55,0
9308,58,0
9309,56,0
9310,57,0
9311,55,0
9312,58,0
9313,56,0
9314,56,0
9315,57,0
9316,56,0
9317,56,0
9318,58,0
9319,57,0
9320,55,0
9321,54,0
9322,58,0
9323,56,0
9324,59,0
9325,58,0
9326,56,0
9327,58,0
9328,57,0
9329,59,0
9330,56,0
9331,57,0
9332,57,0
9333,58,0
9334,58,0
9335,56,0
9336,57,0
9337,57,0
9338,56,0
9339,56,0
9340,57,0
9341,55,0
9342,58,0
9343,54,0
9344,57,0
9345,53,0
9346,58,0
9347,56,0
9348,57,0
9349,59,0
9350,57,0
9351,56,0
9352,58,0
9353,58,0
9354,55,0
9355,55,0
9356,57,0
9357,58,0
9358,58,0
9359,58,0
9360,56,0
9361,56,0
9362,60,0
9363,55,0
9364,55,0
9365,56,0
9366,58,0
9367,56,0
9368,56,0
9369,53,0
9370,55,0
9371,56,0
9372,56,0
9373,58,0
9374,56,0
9375,55,0
9376,53,0
9377,58,0
9378,56,0
9379,56,0
9380,55,0
9381,57,0
9382,55,0
9383,56,0
9384,58,0
9385,56,0
9386,55,0
9387,59,0
9388,55,0
9389,56,0
9390,57,0
9391,59,0
9392,58,0
9393,58,0
9394,56,0
9395,61,0
9396,55,0
9397,58,0
9398,58,0
9399,56,0
9400,55,0
9401,55,0
9402,57,0
9403,54,0
9404,56,0
9405,58,0
9406,56,0
9407,55,0
9408,57,0
9409,56,0
9410,56,0
9411,59,0
9412,55,0
9413,56,0
9414,56,0
9415,56,0
9416,56,0
9417,57,0
9418,59,0
9419,58,0
9420,58,0
9421,56,0
9422,57,0
9423,55,0
9424,58,0
9425,56,0
9426,57,0
9427,58,0
9428,56,0
9429,54,0
9430,55,0
9431,55,0
9432,57,0
9433,56,0
9434,57,0
9435,59,0
9436,58,0
9437,56,0
9438,57,0
9439,57,0
9440,58,0
9441,56,0
9442,59,0
9443,59,0
9444,56,0
9445,56,0
9446,55,0
9447,55,0
9448,56,0
9449,58,0
9450,56,0
9451,55,0
9452,56,0
9453,56,0
9454,56,0
9455,57,0
9456,53,0
9457,56,0
9458,56,0
9459,58,0
9460,58,0
9461,55,0
9462,57,0
9463,56,0
9464,58,0
9465,55,0
9466,57,0
9467,58,0
9468,56,0
9469,57,0
9470,53,0
9471,56,0
9472,54,0
9473,59,0
9474,59,0
9475,57,0
9476,60,0
9477,56,0
9478,58,0
9479,57,0
9480,57,0
9481,56,0
9482,58,0
9483,58,0
9484,56,0
9485,57,0
9486,55,0
9487,56,0
9488,56,0
9489,59,0
9490,59,0
9491,56,0
9492,56,0
9493,56,0
9494,56,0
9495,59,0
9496,57,0
9497,56,0
9498,58,0
9499,56,0
9500,55,0
9501,56,0
9502,58,0
9503,56,0
9504,59,0
9505,57,0
9506,58,0
9507,58,0
9508,55,0
9509,57,0
9510,56,0
9511,58,0
9512,58,0
9513,57,0
9514,55,0
9515,58,0
9516,56,0
9517,58,0
9518,57,0
9519,57,0
9520,57,0
9521,56,0
9522,56,0
9523,56,0
9524,56,0
9525,57,0
9526,58,0
9527,56,0
9528,58,0
9529,57,0
9530,55,0
9531,56,0
9532,54,0
9533,56,0
9534,55,0
9535,59,0
9536,56,0
9537,56,0
9538,57,0
9539,55,0
9540,55,0
9541,56,0
9542,57,0
9543,59,0
9544,54,0
9545,56,0
9546,59,0
9547,57,0
9548,58,0
9549,58,0
9550,58,0
9551,55,0
9552,58,0
9553,58,0
9554,55,0
9555,57,0
9556,58,0
9557,56,0
9558,56,0
9559,55,0
9560,59,0
9561,56,0
9562,58,0
9563,58,0
9564,59,0
9565,56,0
9566,56,0
9567,57,0
9568,56,0
9569,54,0
9570,59,0
9571,55,0
9572,56,0
9573,56,0
9574,53,0
9575,57,0
9576,56,0
9577,56,0
9578,57,0
9579,53,0
9580,56,0
9581,58,0
9582,56,0
9583,59,0
9584,56,0
9585,56,0
9586,58,0
9587,59,0
9588,55,0
9589,56,0
9590,56,0
9591,58,0
9592,57,0
9593,53,0
9594,56,0
9595,56,0
9596,57,0
9597,55,0
9598,56,0
9599,58,0
9600,56,0
9601,57,0
9602,55,0
9603,58,0
9604,58,0
9605,55,0
9606,59,0
9607,58,0
9608,56,0
9609,56,0
9610,55,0
9611,59,0
9612,56,0
9613,56,0
9614,57,0
9615,59,0
9616,58,0
9617,54,0
9618,55,0
9619,55,0
9620,55,0
9621,58,0
9622,54,0
9623,56,0
9624,55,0
9625,57,0
9626,54,0
9627,56,0
9628,56,0
9629,55,0
9630,57,0
9631,56,0
9632,56,0
9633,59,0
9634,55,0
9635,58,0
9636,58,0
9637,56,0
9638,59,0
9639,55,0
9640,59,0
9641,56,0
9642,58,0
9643,56,0
9644,57,0
9645,57,0
9646,58,0
9647,56,0
9648,56,0
9649,59,0
9650,57,0
9651,56,0
9652,56,0
9653,58,0
9654,55,0
9655,55,0
9656,57,0
9657,56,0
9658,58,0
9659,56,0
9660,59,0
9661,57,0
9662,55,0
9663,58,0
9664,56,0
9665,59,0
9666,56,0
9667,58,0
9668,56,0
9669,57,0
9670,59,0
9671,58,0
9672,56,0
9673,59,0
9674,58,0
9675,56,0
9676,58,0
9677,57,0
9678,57,0
9679,58,0
9680,54,0
9681,57,0
9682,58,0
9683,58,0
9684,59,0
9685,59,0
9686,56,0
9687,56,0
9688,57,0
9689,55,0
9690,56,0
9691,56,0
9692,56,0
9693,57,0
9694,57,0
9695,56,0
9696,56,0
9697,55,0
9698,59,0
9699,55,0
9700,58,0
9701,56,0
9702,56,0
9703,59,0
9704,55,0
9705,58,0
9706,56,0
9707,59,0
9708,55,0
9709,55,0
9710,58,0
9711,58,0
9712,58,0
9713,58,0
9714,56,0
9715,58,0
9716,58,0
9717,53,0
9718,55,0
9719,56,0
9720,56,0
9721,56,0
9722,55,0
9723,55,0
9724,56,0
9725,56,0
9726,59,0
9727,59,0
9728,60,0
9729,58,0
9730,55,0
9731,57,0
9732,56,0
9733,58,0
9734,58,0
9735,57,0
9736,59,0
9737,56,0
9738,56,0
9739,55,0
9740,55,0
9741,56,0
9742,56,0
9743,59,0
9744,55,0
9745,59,0
9746,56,0
9747,54,0
9748,56,0
9749,57,0
9750,56,0
9751,58,0
9752,58,0
9753,58,0
9754,57,0
9755,57,0
9756,58,0
9757,58,0
9758,58,0
9759,59,0
9760,55,0
9761,56,0
9762,58,0
9763,56,0
9764,57,0
9765,57,0
9766,54,0
9767,56,0
9768,58,0
9769,55,0
9770,55,0
9771,56,0
9772,56,0
9773,56,0
9774,53,0
9775,57,0
9776,56,0
9777,58,0
9778,56,0
9779,56,0
9780,55,0
9781,59,0
9782,56,0
9783,56,0
9784,58,0
9785,55,0
9786,57,0
9787,56,0
9788,56,0
9789,55,0
9790,55,0
9791,58,0
9792,58,0
9793,55,0
9794,55,0
9795,55,0
9796,56,0
9797,56,0
9798,58,0
9799,57,0
9800,57,0
9801,59,0
9802,58,0
9803,56,0
9804,56,0
9805,56,0
9806,56,0
9807,56,0
9808,57,0
9809,55,0
9810,58,0
9811,58,0
9812,58,0
9813,57,0
9814,56,0
9815,58,0
9816,59,0
9817,59,0
9818,58,0
9819,58,0
9820,59,0
9821,55,0
9822,56,0
9823,58,0
9824,56,0
9825,57,0
9826,57,0
9827,56,0
9828,58,0
9829,56,0
9830,57,0
9831,55,0
9832,59,0
9833,58,0
9834,56,0
9835,57,0
9836,55,0
9837,56,0
9838,56,0
9839,56,0
9840,58,0
9841,59,0
9842,59,0
9843,56,0
9844,56,0
9845,55,0
9846,53,0
9847,56,0
9848,56,0
9849,56,0
9850,57,0
9851,56,0
9852,58,0
9853,55,0
9854,59,0
9855,57,0
9856,56,0
9857,56,0
9858,58,0
9859,58,0
9860,55,0
9861,56,0
9862,56,0
9863,58,0
9864,55,0
9865,57,0
9866,58,0
9867,58,0
9868,57,0
9869,53,0
9870,57,0
9871,56,0
9872,56,0
9873,57,0
9874,55,0
9875,57,0
9876,56,0
9877,58,0
9878,55,0
9879,59,0
9880,58,0
9881,56,0
9882,59,0
9883,55,0
9884,56,0
9885,56,0
9886,55,0
9887,59,0
9888,57,0
9889,54,0
9890,58,0
9891,55,0
9892,59,0
9893,54,0
9894,56,0
9895,56,0
9896,55,0
9897,59,0
9898,58,0
9899,56,0
9900,59,0
9901,57,0
9902,58,0
9903,58,0
9904,55,0
9905,57,0
9906,56,0
9907,60,0
9908,56,0
9909,58,0
9910,59,0
9911,59,0
9912,56,0
9913,58,0
9914,56,0
9915,57,0
9916,56,0
9917,58,0
9918,56,0
9919,59,0
9920,57,0
9921,56,0
9922,56,0
9923,56,0
9924,55,0
9925,55,0
9926,59,0
9927,56,0
9928,58,0
9929,57,0
9930,57,0
9931,58,0
9932,56,0
9933,58,0
9934,57,0
9935,57,0
9936,55,0
9937,63,0
9938,57,0
9939,54,0
9940,56,0
9941,53,0
9942,56,0
9943,57,0
9944,57,0
9945,56,0
9946,58,0
9947,55,0
9948,56,0
9949,56,0
9950,55,0
9951,56,0
9952,56,0
9953,55,0
9954,55,0
9955,56,0
9956,56,0
9957,57,0
9958,55,0
9959,58,0
9960,58,0
9961,56,0
9962,57,0
9963,59,0
9964,56,0
9965,56,0
9966,56,0
9967,55,0
9968,55,0
9969,56,0
9970,58,0
9971,55,0
9972,57,0
9973,57,0
9974,56,0
9975,59,0
9976,57,0
9977,58,0
9978,56,0
9979,58,0
9980,55,0
9981,57,0
9982,58,0
9983,56,0
9984,58,0
9985,57,0
9986,56,0
9987,56,0
9988,57,0
9989,55,0
9990,55,0
9991,56,0
9992,58,0
9993,57,0
9994,58,0
9995,56,0
9996,58,0
9997,55,0
9998,59,0
9999,56,0
10000,58,0
10001,56,0
10002,57,0
10003,55,0
10004,58,0
10005,58,0
10006,57,0
10007,57,0
10008,56,0
10009,56,0
10010,56,0
10011,57,0
10012,56,0
10013,59,0
10014,57,0
10015,57,0
10016,58,0
10017,58,0
10018,57,0
10019,58,0
10020,56,0
10021,58,0
10022,55,0
10023,58,0
10024,59,0
10025,58,0
10026,56,0
10027,57,0
10028,59,0
10029,56,0
10030,56,0
10031,57,0
10032,56,0
10033,55,0
10034,59,0
10035,56,0
10036,56,0
10037,57,0
10038,61,0
10039,56,0
10040,60,0
10041,55,0
10042,57,0
10043,54,0
10044,55,0
10045,57,0
10046,56,0
10047,58,0
10048,55,0
10049,59,0
10050,56,0
10051,58,0
10052,55,0
10053,58,0
10054,56,0
10055,58,0
10056,55,0
10057,56,0
10058,58,0
10059,55,0
10060,55,0
10061,58,0
10062,56,0
10063,58,0
10064,55,0
10065,57,0
10066,56,0
10067,58,0
10068,58,0
10069,56,0
10070,57,0
10071,55,0
10072,56,0
10073,56,0
10074,57,0
10075,55,0
10076,58,0
10077,56,0
10078,55,0
10079,55,0
10080,56,0
10081,58,0
10082,56,0
10083,59,0
10084,57,0
10085,56,0
10086,58,0
10087,59,0
10088,55,0
10089,54,0
10090,56,0
10091,55,0
10092,55,0
10093,56,0
10094,56,0
10095,55,0
10096,56,0
10097,56,0
10098,58,0
10099,59,0
10100,57,0
10101,58,0
10102,56,0
10103,57,0
10104,57,0
10105,56,0
10106,56,0
10107,55,0
10108,57,0
10109,57,0
10110,56,0
10111,54,0
10112,56,0
10113,55,0
10114,55,0
10115,54,0
10116,56,0
10117,57,0
10118,57,0
10119,54,0
10120,58,0
10121,57,0
10122,54,0
10123,56,0
10124,55,0
10125,55,0
10126,60,0
10127,58,0
10128,56,0
10129,59,0
10130,55,0
10131,56,0
10132,58,0
10133,58,0
10134,55,0
10135,55,0
10136,54,0
10137,58,0
10138,57,0
10139,56,0
10140,58,0
10141,57,0
10142,55,0
10143,56,0
10144,56,0
10145,56,0
10146,57,0
10147,57,0
10148,57,0
10149,56,0
10150,56,0
10151,55,0
10152,58,0
10153,56,0
10154,56,0
10155,57,0
10156,57,0
10157,57,0
10158,56,0
10159,56,0
10160,55,0
10161,55,0
10162,58,0
10163,56,0
10164,58,0
10165,57,0
10166,57,0
10167,56,0
10168,56,0
10169,55,0
10170,55,0
10171,56,0
10172,56,0
10173,58,0
10174,55,0
10175,58,0
10176,58,0
10177,59,0
10178,56,0
10179,58,0
10180,57,0
10181,57,0
10182,54,0
10183,58,0
10184,58,0
10185,57,0
10186,55,0
10187,56,0
10188,56,0
10189,60,0
10190,57,0
10191,56,0
10192,56,0
10193,53,0
10194,56,0
10195,56,0
10196,55,0
10197,57,0
10198,58,0
10199,56,0
10200,55,0
10201,57,0
10202,58,0
10203,54,0
10204,57,0
10205,56,0
10206,58,0
10207,57,0
10208,58,0
10209,58,0
10210,56,0
10211,59,0
10212,59,0
10213,58,0
10214,58,0
10215,56,0
10216,57,0
10217,58,0
10218,56,0
10219,57,0
10220,58,0
10221,56,0
10222,58,0
10223,55,0
10224,59,0
10225,56,0
10226,56,0
10227,57,0
10228,55,0
10229,60,0
10230,58,0
10231,57,0
10232,55,0
10233,56,0
10234,53,0
10235,57,0
10236,58,0
10237,56,0
10238,55,0
10239,55,0
10240,56,0
10241,58,0
10242,57,0
10243,55,0
10244,56,0
10245,55,0
10246,55,0
10247,58,0
10248,58,0
10249,59,0
10250,61,0
10251,56,0
10252,58,0
10253,56,0
10254,55,0
10255,55,0
10256,56,0
10257,56,0
10258,53,0
10259,56,0
10260,58,0
10261,56,0
10262,57,0
10263,61,0
10264,56,0
10265,56,0
10266,57,0
10267,61,0
10268,58,0
10269,56,0
10270,55,0
10271,57,0
10272,56,0
10273,56,0
10274,57,0
10275,58,0
10276,56,0
10277,55,0
10278,55,0
10279,56,0
10280,56,0
10281,58,0
10282,57,0
10283,59,0
10284,56,0
10285,54,0
10286,54,0
10287,53,0
10288,58,0
10289,58,0
10290,58,0
10291,55,0
10292,56,0
10293,54,0
10294,59,0
10295,57,0
10296,58,0
10297,58,0
10298,55,0
10299,57,0
10300,56,0
10301,58,0
10302,55,0
10303,59,0
10304,56,0
10305,56,0
10306,55,0
10307,59,0
10308,58,0
10309,56,0
10310,59,0
10311,59,0
10312,58,0
10313,56,0
10314,56,0
10315,55,0
10316,53,0
10317,56,0
10318,54,0
10319,58,0
10320,57,0
10321,59,0
10322,58,0
10323,56,0
10324,55,0
10325,57,0
10326,56,0
10327,60,0
10328,56,0
10329,55,0
10330,59,0
10331,61,0
10332,58,0
10333,56,0
10334,56,0
10335,55,0
10336,55,0
10337,60,0
10338,58,0
10339,57,0
10340,57,0
10341,56,0
10342,54,0
10343,55,0
10344,59,0
10345,58,0
10346,56,0
10347,57,0
10348,54,0
10349,56,0
10350,59,0
10351,57,0
10352,58,0
10353,58,0
10354,59,0
10355,57,0
10356,56,0
10357,58,0
10358,56,0
10359,57,0
10360,57,0
10361,58,0
10362,56,0
10363,57,0
10364,56,0
10365,54,0
10366,57,0
10367,55,0
10368,56,0
10369,56,0
10370,58,0
10371,57,0
10372,55,0
10373,56,0
10374,58,0
10375,59,0
10376,59,0
10377,58,0
10378,56,0
10379,57,0
10380,54,0
10381,58,0
10382,57,0
10383,57,0
10384,58,0
10385,56,0
10386,55,0
10387,59,0
10388,58,0
10389,58,0
10390,59,0
10391,56,0
10392,58,0
10393,59,0
10394,58,0
10395,56,0
10396,57,0
10397,56,0
10398,56,0
10399,54,0
10400,57,0
10401,54,0
10402,58,0
10403,55,0
10404,57,0
10405,58,0
10406,60,0
10407,57,0
10408,59,0
10409,57,0
10410,58,0
10411,56,0
10412,53,0
10413,59,0
10414,56,0
10415,58,0
10416,58,0
10417,55,0
10418,56,0
10419,58,0
10420,56,0
10421,57,0
10422,57,0
10423,59,0
10424,56,0
10425,56,0
10426,59,0
10427,55,0
10428,56,0
10429,56,0
10430,56,0
10431,55,0
10432,57,0
10433,56,0
10434,58,0
10435,57,0
10436,56,0
10437,58,0
10438,55,0
10439,61,0
10440,54,0
10441,56,0
10442,57,0
10443,57,0
10444,54,0
10445,58,0
10446,57,0
10447,56,0
10448,58,0
10449,59,0
10450,56,0
10451,58,0
10452,55,0
10453,57,0
10454,56,0
10455,56,0
10456,59,0
10457,57,0
10458,56,0
10459,57,0
10460,57,0
10461,55,0
10462,58,0
10463,56,0
10464,57,0
10465,55,0
10466,56,0
10467,56,0
10468,57,0
10469,58,0
10470,56,0
10471,57,0
10472,57,0
10473,56,0
10474,54,0
10475,56,0
10476,55,0
10477,59,0
10478,54,0
10479,58,0
10480,58,0
10481,56,0
10482,57,0
10483,59,0
10484,56,0
10485,56,0
10486,56,0
10487,59,0
10488,56,0
10489,58,0
10490,56,0
10491,57,0
10492,55,0
10493,58,0
10494,58,0
10495,58,0
10496,55,0
10497,55,0
10498,56,0
10499,55,0
10500,55,0
10501,55,0
10502,56,0
10503,56,0
10504,59,0
10505,58,0
10506,58,0
10507,57,0
10508,59,0
10509,58,0
10510,58,0
10511,57,0
10512,57,0
10513,58,0
10514,58,0
10515,55,0
10516,55,0
10517,56,0
10518,57,0
10519,59,0
10520,56,0
10521,60,0
10522,56,0
10523,61,0
10524,56,0
10525,56,0
10526,57,0
10527,57,0
10528,56,0
10529,56,0
10530,57,0
10531,55,0
10532,56,0
10533,57,0
10534,57,0
10535,56,0
10536,56,0
10537,58,0
10538,59,0
10539,58,0
10540,56,0
10541,58,0
10542,54,0
10543,56,0
10544,59,0
10545,57,0
10546,58,0
10547,56,0
10548,59,0
10549,57,0
10550,58,0
10551,58,0
10552,55,0
10553,53,0
10554,58,0
10555,56,0
10556,57,0
10557,55,0
10558,56,0
10559,58,0
10560,59,0
10561,59,0
10562,56,0
10563,56,0
10564,56,0
10565,57,0
10566,56,0
10567,58,0
10568,58,0
10569,57,0
10570,57,0
10571,60,0
10572,58,0
10573,57,0
10574,58,0
10575,58,0
10576,57,0
10577,56,0
10578,56,0
10579,57,0
10580,57,0
10581,58,0
10582,58,0
10583,56,0
10584,57,0
10585,59,0
10586,56,0
10587,56,0
10588,56,0
10589,57,0
10590,54,0
10591,56,0
10592,55,0
10593,57,0
10594,56,0
10595,58,0
10596,58,0
10597,55,0
10598,59,0
10599,57,0
10600,56,0
10601,56,0
10602,59,0
10603,55,0
10604,56,0
10605,56,0
10606,56,0
10607,58,0
10608,55,0
10609,56,0
10610,56,0
10611,57,0
10612,59,0
10613,58,0
10614,55,0
10615,55,0
10616,54,0
10617,56,0
10618,56,0
10619,57,0
10620,56,0
10621,56,0
10622,58,0
10623,59,0
10624,56,0
10625,54,0
10626,56,0
10627,55,0
10628,55,0
10629,58,0
10630,56,0
10631,58,0
10632,55,0
10633,59,0
10634,54,0
10635,56,0
10636,57,0
10637,55,0
10638,56,0
10639,56,0
10640,58,0
10641,55,0
10642,55,0
10643,56,0
10644,56,0
10645,56,0
10646,57,0
10647,58,0
10648,56,0
10649,56,0
10650,56,0
10651,59,0
10652,55,0
10653,58,0
10654,56,0
10655,57,0
10656,55,0
10657,56,0
10658,56,0
10659,56,0
10660,59,0
10661,55,0
10662,56,0
10663,56,0
10664,55,0
10665,53,0
10666,58,0
10667,56,0
10668,58,0
10669,57,0
10670,55,0
10671,59,0
10672,58,0
10673,56,0
10674,57,0
10675,57,0
10676,56,0
10677,56,0
10678,57,0
10679,57,0
10680,58,0
10681,56,0
10682,56,0
10683,55,0
10684,56,0
10685,56,0
10686,59,0
10687,59,0
10688,63,0
10689,56,0
10690,55,0
10691,55,0
10692,56,0
10693,56,0
10694,57,0
10695,55,0
10696,56,0
10697,56,0
10698,55,0
10699,55,0
10700,56,0
10701,58,0
10702,57,0
10703,55,0
10704,55,0
10705,58,0
10706,58,0
10707,57,0
10708,55,0
10709,56,0
10710,56,0
10711,58,0
10712,57,0
10713,56,0
10714,55,0
10715,53,0
10716,58,0
10717,58,0
10718,59,0
10719,60,0
10720,58,0
10721,59,0
10722,59,0
10723,56,0
10724,56,0
10725,56,0
10726,58,0
10727,56,0
10728,55,0
10729,57,0
10730,56,0
10731,60,0
10732,55,0
10733,58,0
10734,58,0
10735,56,0
10736,55,0
10737,59,0
10738,58,0
10739,59,0
10740,57,0
10741,56,0
10742,56,0
10743,58,0
10744,55,0
10745,58,0
10746,56,0
10747,57,0
10748,56,0
10749,58,0
10750,61,0
10751,55,0
10752,56,0
10753,56,0
10754,58,0
10755,55,0
10756,56,0
10757,56,0
10758,57,0
10759,59,0
10760,56,0
10761,58,0
10762,55,0
10763,57,0
10764,56,0
10765,60,0
10766,59,0
10767,57,0
10768,56,0
10769,55,0
10770,55,0
10771,55,0
10772,56,0
10773,56,0
10774,57,0
10775,57,0
10776,58,0
10777,58,0
10778,55,0
10779,57,0
10780,55,0
10781,56,0
10782,58,0
10783,55,0
10784,59,0
10785,58,0
10786,58,0
10787,57,0
10788,55,0
10789,58,0
10790,60,0
10791,59,0
10792,56,0
10793,58,0
10794,55,0
10795,61,0
10796,56,0
10797,56,0
10798,57,0
10799,55,0
10800,60,0
10801,56,0
10802,55,0
10803,55,0
10804,56,0
10805,54,0
10806,56,0
10807,57,0
10808,59,0
10809,56,0
10810,58,0
10811,58,0
10812,56,0
10813,57,0
10814,55,0
10815,58,0
10816,58,0
10817,59,0
10818,58,0
10819,56,0
10820,59,0
10821,55,0
10822,57,0
10823,54,0
10824,58,0
10825,55,0
10826,59,0
10827,56,0
10828,58,0
10829,56,0
10830,55,0
10831,55,0
10832,56,0
10833,58,0
10834,55,0
10835,56,0
10836,56,0
10837,55,0
10838,55,0
10839,56,0
10840,57,0
10841,57,0
10842,56,0
10843,58,0
10844,59,0
10845,57,0
10846,58,0
10847,58,0
10848,56,0
10849,57,0
10850,59,0
10851,58,0
10852,56,0
10853,58,0
10854,57,0
10855,57,0
10856,58,0
10857,56,0
10858,56,0
10859,55,0
10860,57,0
10861,56,0
10862,57,0
10863,55,0
10864,56,0
10865,58,0
10866,55,0
10867,57,0
10868,58,0
10869,58,0
10870,56,0
10871,57,0
10872,55,0
10873,56,0
10874,58,0
10875,57,0
10876,56,0
10877,58,0
10878,56,0
10879,59,0
10880,59,0
10881,56,0
10882,58,0
10883,57,0
10884,56,0
10885,56,0
10886,55,0
10887,55,0
10888,58,0
10889,56,0
10890,55,0
10891,56,0
10892,58,0
10893,56,0
10894,57,0
10895,57,0
10896,56,0
10897,57,0
10898,57,0
10899,56,0
10900,58,0
10901,55,0
10902,55,0
10903,56,0
10904,58,0
10905,56,0
10906,55,0
10907,55,0
10908,56,0
10909,56,0
10910,57,0
10911,58,0
10912,58,0
10913,56,0
10914,59,0
10915,56,0
10916,56,0
10917,56,0
10918,57,0
10919,59,0
10920,56,0
10921,56,0
10922,58,0
10923,59,0
10924,56,0
10925,61,0
10926,55,0
10927,56,0
10928,59,0
10929,57,0
10930,58,0
10931,58,0
10932,55,0
10933,59,0
10934,56,0
10935,58,0
10936,57,0
10937,59,0
10938,58,0
10939,56,0
10940,55,0
10941,55,0
10942,58,0
10943,58,0
10944,58,0
10945,57,0
10946,59,0
10947,56,0
10948,55,0
10949,57,0
10950,56,0
10951,56,0
10952,56,0
10953,59,0
10954,57,0
10955,56,0
10956,58,0
10957,57,0
10958,59,0
10959,57,0
10960,56,0
10961,58,0
10962,57,0
10963,58,0
10964,56,0
10965,56,0
10966,57,0
10967,59,0
10968,56,0
10969,56,0
10970,57,0
10971,57,0
10972,58,0
10973,56,0
10974,55,0
10975,57,0
10976,56,0
10977,56,0
10978,59,0
10979,56,0
10980,58,0
10981,56,0
10982,55,0
10983,59,0
10984,56,0
10985,58,0
10986,55,0
10987,59,0
10988,54,0
10989,58,0
10990,57,0
10991,57,0
10992,56,0
10993,56,0
10994,57,0
10995,58,0
10996,56,0
10997,56,0
10998,57,0
10999,58,0
11000,58,0
11001,58,0
11002,57,0
11003,59,0
11004,55,0
11005,56,0
11006,57,0
11007,57,0
11008,56,0
11009,56,0
11010,55,0
11011,57,0
11012,56,0
11013,56,0
11014,57,0
11015,55,0
11016,58,0
11017,55,0
11018,55,0
11019,54,0
11020,56,0
11021,57,0
11022,57,0
11023,58,0
11024,58,0
11025,58,0
11026,57,0
11027,57,0
11028,56,0
11029,58,0
11030,59,0
11031,58,0
11032,58,0
11033,59,0
11034,57,0
11035,56,0
11036,56,0
11037,56,0
11038,55,0
11039,58,0
11040,56,0
11041,57,0
11042,55,0
11043,56,0
11044,58,0
11045,58,0
11046,57,0
11047,55,0
11048,58,0
11049,56,0
11050,54,0
11051,59,0
11052,56,0
11053,58,0
11054,59,0
11055,58,0
11056,58,0
11057,56,0
11058,57,0
11059,56,0
11060,59,0
11061,57,0
11062,58,0
11063,56,0
11064,57,0
11065,55,0
11066,56,0
11067,56,0
11068,56,0
11069,55,0
11070,59,0
11071,58,0
11072,56,0
11073,55,0
11074,57,0
11075,56,0
11076,56,0
11077,55,0
11078,55,0
11079,56,0
11080,58,0
11081,57,0
11082,59,0
11083,56,0
11084,56,0
11085,58,0
11086,57,0
11087,57,0
11088,56,0
11089,58,0
11090,58,0
11091,60,0
11092,56,0
11093,55,0
11094,56,0
11095,58,0
11096,57,0
11097,57,0
11098,56,0
11099,58,0
11100,59,0
11101,58,0
11102,54,0
11103,58,0
11104,61,0
11105,58,0
11106,55,0
11107,55,0
11108,56,0
11109,58,0
11110,55,0
11111,57,0
11112,58,0
11113,56,0
11114,59,0
11115,58,0
11116,56,0
11117,56,0
11118,55,0
11119,57,0
11120,56,0
11121,56,0
11122,58,0
11123,57,0
11124,57,0
11125,58,0
11126,56,0
11127,59,0
11128,58,0
11129,56,0
11130,56,0
11131,59,0
11132,59,0
11133,56,0
11134,56,0
11135,55,0
11136,55,0
11137,56,0
11138,56,0
11139,57,0
11140,59,0
11141,56,0
11142,57,0
11143,57,0
11144,56,0
11145,56,0
11146,59,0
11147,56,0
11148,56,0
11149,57,0
11150,57,0
11151,58,0
11152,58,0
11153,56,0
11154,58,0
11155,58,0
11156,56,0
11157,55,0
11158,59,0
11159,58,0
11160,56,0
11161,58,0
11162,55,0
11163,57,0
11164,56,0
11165,56,0
11166,58,0
11167,57,0
11168,54,0
11169,58,0
11170,58,0
11171,57,0
11172,57,0
11173,54,0
11174,54,0
11175,56,0
11176,57,0
11177,58,0
11178,56,0
11179,56,0
11180,59,0
11181,56,0
11182,56,0
11183,58,0
11184,56,0
11185,59,0
11186,55,0
11187,58,0
11188,58,0
11189,57,0
11190,55,0
11191,58,0
11192,56,0
11193,56,0
11194,57,0
11195,59,0
11196,58,0
11197,56,0
11198,56,0
11199,57,0
11200,58,0
11201,58,0
11202,60,0
11203,56,0
11204,58,0
11205,59,0
11206,59,0
11207,56,0
11208,56,0
11209,59,0
11210,57,0
11211,56,0
11212,58,0
11213,56,0
11214,59,0
11215,59,0
11216,58,0
11217,56,0
11218,55,0
11219,55,0
11220,56,0
11221,58,0
11222,59,0
11223,58,0
11224,58,0
11225,58,0
11226,59,0
11227,55,0
11228,58,0
11229,58,0
11230,55,0
11231,57,0
11232,56,0
11233,58,0
11234,56,0
11235,57,0
11236,61,0
11237,58,0
11238,56,0
11239,55,0
11240,59,0
11241,56,0
11242,57,0
11243,56,0
11244,59,0
11245,56,0
11246,58,0
11247,57,0
11248,57,0
11249,58,0
11250,56,0
11251,58,0
11252,59,0
11253,59,0
11254,56,0
11255,57,0
11256,55,0
11257,54,0
11258,56,0
11259,56,0
11260,57,0
11261,58,0
11262,60,0
11263,57,0
11264,57,0
11265,54,0
11266,56,0
11267,57,0
11268,58,0
11269,58,0
11270,58,0
11271,53,0
11272,56,0
11273,56,0
11274,55,0
11275,59,0
11276,56,0
11277,58,0
11278,55,0
11279,56,0
11280,58,0
11281,59,0
11282,57,0
11283,56,0
11284,55,0
11285,57,0
11286,58,0
11287,60,0
11288,57,0
11289,59,0
11290,56,0
11291,60,0
11292,59,0
11293,55,0
11294,58,0
11295,56,0
11296,57,0
11297,53,0
11298,56,0
11299,58,0
11300,59,0
11301,57,0
11302,56,0
11303,56,0
11304,57,0
11305,56,0
11306,56,0
11307,58,0
11308,59,0
11309,59,0
11310,56,0
11311,56,0
11312,55,0
11313,53,0
11314,56,0
11315,58,0
11316,57,0
11317,58,0
11318,58,0
11319,56,0
11320,55,0
11321,56,0
11322,56,0
11323,55,0
11324,56,0
11325,56,0
11326,56,0
11327,57,0
11328,54,0
11329,58,0
11330,56,0
11331,57,0
11332,53,0
11333,56,0
11334,56,0
11335,55,0
11336,56,0
11337,56,0
11338,59,0
11339,58,0
11340,58,0
11341,56,0
11342,55,0
11343,56,0
11344,56,0
11345,55,0
11346,55,0
11347,58,0
11348,56,0
11349,57,0
11350,55,0
11351,56,0
11352,56,0
11353,59,0
11354,59,0
11355,54,0
11356,53,0
11357,57,0
11358,57,0
11359,58,0
11360,58,0
11361,57,0
11362,56,0
11363,58,0
11364,57,0
11365,57,0
11366,59,0
11367,56,0
11368,58,0
11369,55,0
11370,58,0
11371,56,0
11372,59,0
11373,53,0
11374,56,0
11375,58,0
11376,55,0
11377,55,0
11378,56,0
11379,58,0
11380,58,0
11381,59,0
11382,55,0
11383,56,0
11384,58,0
11385,55,0
11386,56,0
11387,56,0
11388,57,0
11389,59,0
11390,58,0
11391,56,0
11392,56,0
11393,59,0
11394,56,0
11395,56,0
11396,56,0
11397,57,0
11398,55,0
11399,56,0
11400,58,0
11401,57,0
11402,56,0
11403,56,0
11404,58,0
11405,55,0
11406,58,0
11407,56,0
11408,58,0
11409,57,0
11410,56,0
11411,56,0
11412,57,0
11413,55,0
11414,56,0
11415,54,0
11416,57,0
11417,59,0
11418,58,0
11419,58,0
11420,55,0
11421,58,0
11422,58,0
11423,57,0
11424,58,0
11425,58,0
11426,57,0
11427,59,0
11428,57,0
11429,56,0
11430,58,0
11431,59,0
11432,57,0
11433,63,0
11434,56,0
11435,57,0
11436,56,0
11437,58,0
11438,59,0
11439,57,0
11440,56,0
11441,54,0
11442,57,0
11443,57,0
11444,56,0
11445,54,0
11446,57,0
11447,57,0
11448,56,0
11449,54,0
11450,56,0
11451,59,0
11452,57,0
11453,55,0
11454,54,0
11455,56,0
11456,57,0
11457,59,0
11458,56,0
11459,58,0
11460,57,0
11461,59,0
11462,54,0
11463,56,0
11464,55,0
11465,58,0
11466,56,0
11467,55,0
11468,55,0
11469,58,0
11470,56,0
11471,55,0
11472,57,0
11473,60,0
11474,54,0
11475,55,0
11476,58,0
11477,56,0
11478,59,0
11479,56,0
11480,56,0
11481,58,0
11482,57,0
11483,59,0
11484,55,0
11485,56,0
11486,59,0
11487,56,0
11488,54,0
11489,56,0
11490,57,0
11491,56,0
11492,56,0
11493,59,0
11494,59,0
11495,56,0
11496,58,0
11497,56,0
11498,58,0
11499,57,0
11500,59,0
11501,56,0
11502,58,0
11503,59,0
11504,55,0
11505,56,0
11506,56,0
11507,56,0
11508,55,0
11509,57,0
11510,59,0
11511,56,0
11512,59,0
11513,55,0
11514,56,0
11515,58,0
11516,56,0
11517,55,0
11518,57,0
11519,58,0
11520,55,0
11521,55,0
11522,58,0
11523,56,0
11524,58,0
11525,57,0
11526,56,0
11527,56,0
11528,57,0
11529,55,0
11530,56,0
11531,56,0
11532,56,0
11533,57,0
11534,55,0
11535,56,0
11536,56,0
11537,57,0
11538,58,0
11539,54,0
11540,57,0
11541,59,0
11542,59,0
11543,56,0
11544,58,0
11545,59,0
11546,59,0
11547,58,0
11548,58,0
11549,55,0
11550,61,0
11551,58,0
11552,58,0
11553,53,0
11554,55,0
11555,57,0
11556,58,0
11557,58,0
11558,59,0
11559,56,0
11560,56,0
11561,57,0
11562,55,0
11563,56,0
11564,56,0
11565,56,0
11566,55,0
11567,55,0
11568,58,0
11569,58,0
11570,55,0
11571,57,0
11572,56,0
11573,53,0
11574,59,0
11575,58,0
11576,56,0
11577,56,0
11578,57,0
11579,59,0
11580,56,0
11581,57,0
11582,57,0
11583,56,0
11584,56,0
11585,57,0
11586,59,0
11587,56,0
11588,58,0
11589,53,0
11590,59,0
11591,60,0
11592,54,0
11593,56,0
11594,59,0
11595,56,0
11596,58,0
11597,55,0
11598,55,0
11599,58,0
11600,58,0
11601,56,0
11602,55,0
11603,55,0
11604,58,0
11605,56,0
11606,55,0
11607,56,0
11608,58,0
11609,59,0
11610,57,0
11611,58,0
11612,58,0
11613,58,0
11614,57,0
11615,57,0
11616,58,0
11617,56,0
11618,61,0
11619,58,0
11620,58,0
11621,56,0
11622,57,0
11623,55,0
11624,58,0
11625,56,0
11626,57,0
11627,56,0
11628,60,0
11629,59,0
11630,57,0
11631,56,0
11632,58,0
11633,58,0
11634,57,0
11635,56,0
11636,58,0
11637,56,0
11638,55,0
11639,56,0
11640,58,0
11641,56,0
11642,57,0
11643,55,0
11644,56,0
11645,58,0
11646,56,0
11647,57,0
11648,55,0
11649,58,0
11650,56,0
11651,61,0
11652,55,0
11653,56,0
11654,56,0
11655,56,0
11656,57,0
11657,56,0
11658,58,0
11659,57,0
11660,55,0
11661,54,0
11662,56,0
11663,56,0
11664,57,0
11665,55,0
11666,56,0
11667,53,0
11668,56,0
11669,58,0
11670,58,0
11671,57,0
11672,58,0
11673,56,0
11674,57,0
11675,55,0
11676,58,0
11677,58,0
11678,57,0
11679,55,0
11680,58,0
11681,57,0
11682,55,0
11683,54,0
11684,56,0
11685,58,0
11686,55,0
11687,59,0
11688,56,0
11689,56,0
11690,57,0
11691,56,0
11692,58,0
11693,56,0
11694,55,0
11695,57,0
11696,58,0
11697,58,0
11698,59,0
11699,56,0
11700,56,0
11701,58,0
11702,57,0
11703,57,0
11704,56,0
11705,58,0
11706,56,0
11707,57,0
11708,59,0
11709,55,0
11710,60,0
11711,57,0
11712,54,0
11713,56,0
11714,56,0
11715,55,0
11716,56,0
11717,56,0
11718,56,0
11719,56,0
11720,59,0
11721,58,0
11722,56,0
11723,58,0
11724,56,0
11725,58,0
11726,56,0
11727,57,0
11728,55,0
11729,58,0
11730,56,0
11731,59,0
11732,58,0
11733,56,0
11734,56,0
11735,56,0
11736,57,0
11737,59,0
11738,56,0
11739,56,0
11740,61,0
11741,54,0
11742,56,0
11743,56,0
11744,57,0
11745,59,0
11746,56,0
11747,55,0
11748,59,0
11749,58,0
11750,56,0
11751,54,0
11752,57,0
11753,55,0
11754,56,0
11755,56,0
11756,53,0
11757,58,0
11758,56,0
11759,59,0
11760,57,0
11761,58,0
11762,58,0
11763,59,0
11764,58,0
11765,58,0
11766,57,0
11767,57,0
11768,56,0
11769,58,0
11770,55,0
11771,55,0
11772,56,0
11773,60,0
11774,55,0
11775,58,0
11776,58,0
11777,57,0
11778,59,0
11779,58,0
11780,56,0
11781,59,0
11782,55,0
11783,56,0
11784,55,0
11785,57,0
11786,56,0
11787,58,0
11788,57,0
11789,55,0
11790,56,0
11791,58,0
11792,57,0
11793,55,0
11794,58,0
11795,58,0
11796,59,0
11797,59,0
11798,58,0
11799,58,0
11800,57,0
11801,55,0
11802,56,0
11803,57,0
11804,55,0
11805,56,0
11806,58,0
11807,57,0
11808,55,0
11809,54,0
11810,56,0
11811,58,0
11812,57,0
11813,55,0
11814,56,0
11815,57,0
11816,55,0
11817,58,0
11818,56,0
11819,56,0
11820,57,0
11821,58,0
11822,56,0
11823,55,0
11824,58,0
11825,56,0
11826,58,0
11827,55,0
11828,55,0
11829,56,0
11830,58,0
11831,57,0
11832,59,0
11833,58,0
11834,56,0
11835,59,0
11836,57,0
11837,58,0
11838,56,0
11839,56,0
11840,59,0
11841,59,0
11842,56,0
11843,58,0
11844,55,0
11845,55,0
11846,56,0
11847,58,0
11848,56,0
11849,57,0
11850,57,0
11851,58,0
11852,56,0
11853,55,0
11854,59,0
11855,56,0
11856,54,0
11857,56,0
11858,57,0
11859,58,0
11860,56,0
11861,60,0
11862,57,0
11863,57,0
11864,59,0
11865,56,0
11866,56,0
11867,56,0
11868,53,0
11869,58,0
11870,58,0
11871,58,0
11872,59,0
11873,58,0
11874,56,0
11875,56,0
11876,58,0
11877,57,0
11878,55,0
11879,58,0
11880,58,0
11881,59,0
11882,55,0
11883,60,0
11884,56,0
11885,56,0
11886,57,0
11887,56,0
11888,56,0
11889,59,0
11890,56,0
11891,56,0
11892,56,0
11893,57,0
11894,57,0
11895,56,0
11896,58,0
11897,57,0
11898,61,0
11899,56,0
11900,58,0
11901,56,0
11902,59,0
11903,59,0
11904,59,0
11905,56,0
11906,56,0
11907,58,0
11908,57,0
11909,59,0
11910,58,0
11911,56,0
11912,58,0
11913,57,0
11914,56,0
11915,56,0
11916,55,0
11917,55,0
11918,56,0
11919,58,0
11920,56,0
11921,59,0
11922,59,0
11923,56,0
11924,58,0
11925,55,0
11926,57,0
11927,54,0
11928,59,0
11929,55,0
11930,58,0
11931,56,0
11932,55,0
11933,57,0
11934,55,0
11935,58,0
11936,56,0
11937,57,0
11938,59,0
11939,56,0
11940,56,0
11941,59,0
11942,57,0
11943,56,0
11944,58,0
11945,55,0
11946,59,0
11947,56,0
11948,56,0
11949,59,0
11950,56,0
11951,58,0
11952,59,0
11953,57,0
11954,56,0
11955,55,0
11956,56,0
11957,56,0
11958,56,0
11959,57,0
11960,57,0
11961,58,0
11962,56,0
11963,57,0
11964,57,0
11965,54,0
11966,56,0
11967,57,0
11968,55,0
11969,56,0
11970,56,0
11971,56,0
11972,56,0
11973,54,0
11974,57,0
11975,55,0
11976,58,0
11977,56,0
11978,57,0
11979,56,0
11980,56,0
11981,56,0
11982,57,0
11983,56,0
11984,56,0
11985,57,0
11986,56,0
11987,60,0
11988,55,0
11989,59,0
11990,56,0
11991,56,0
11992,57,0
11993,58,0
11994,58,0
11995,63,0
11996,71,0
11997,58,0
11998,57,0
11999,68,0
12000,63,0
12001,62,0
12002,65,0
12003,66,0
12004,63,0
12005,57,0
12006,58,0
12007,59,0
12008,59,0
12009,60,0
12010,56,0
12011,65,0
12012,62,0
12013,62,0
12014,55,0
12015,60,0
12016,58,0
12017,57,0
12018,58,0
12019,60,0
12020,74,0
12021,56,0
12022,66,0
12023,60,0
12024,55,0
12025,57,0
12026,56,0
12027,58,0
12028,57,0
12029,58,0
12030,57,0
12031,58,0
12032,56,0
12033,54,0
12034,62,0
12035,62,0
12036,67,0
12037,57,0
12038,59,0
12039,64,0
12040,56,0
12041,59,0
12042,66,0
12043,55,0
12044,61,0
12045,59,0
12046,62,0
12047,61,0
12048,62,0
12049,62,0
12050,60,0
12051,63,0
12052,58,0
12053,57,0
12054,58,0
12055,55,0
12056,61,0
12057,56,0
12058,56,0
12059,60,0
12060,63,0
12061,62,0
12062,61,0
12063,56,0
12064,60,0
12065,64,0
12066,59,0
12067,65,0
12068,61,0
12069,60,0
12070,63,0
12071,58,0
12072,60,0
12073,62,0
12074,72,0
12075,68,0
12076,53,0
12077,63,0
12078,61,0
12079,66,0
12080,56,0
12081,65,0
12082,60,0
12083,61,0
12084,66,0
12085,65,0
12086,61,0
12087,64,0
12088,60,0
12089,62,0
12090,60,0
12091,62,0
12092,74,0
12093,67,0
12094,60,0
12095,63,0
12096,59,0
12097,63,0
12098,59,0
12099,63,0
12100,59,0
12101,63,0
12102,63,0
12103,63,0
12104,63,0
12105,61,0
12106,61,0
12107,63,0
12108,62,0
12109,60,0
12110,63,0
12111,61,0
12112,57,0
12113,63,0
12114,61,0
12115,59,0
12116,66,0
12117,64,0
12118,62,0
12119,57,0
12120,63,0
12121,60,0
12122,60,0
12123,62,0
12124,60,0
12125,54,0
12126,54,0
12127,74,0
12128,60,0
12129,62,0
12130,60,0
12131,57,0
12132,55,0
12133,56,0
12134,55,0
12135,58,0
12136,66,0
12137,57,0
12138,60,0
12139,56,0
12140,56,0
12141,60,0
12142,66,0
12143,61,0
12144,59,0
12145,56,0
12146,58,0
12147,59,0
12148,63,0
12149,63,0
12150,63,0
12151,55,0
12152,59,0
12153,63,0
12154,62,0
12155,59,0
12156,59,0
12157,65,0
12158,56,0
12159,64,0
12160,58,0
12161,58,0
12162,64,0
12163,58,0
12164,58,0
12165,61,0
12166,61,0
12167,60,0
12168,69,0
12169,64,0
12170,62,0
12171,62,0
12172,63,0
12173,61,0
12174,60,0
12175,65,0
12176,60,0
12177,62,0
12178,60,0
12179,57,0
12180,56,0
12181,56,0
12182,55,0
12183,57,0
12184,56,0
12185,58,0
12186,56,0
12187,59,0
12188,57,0
12189,56,0
12190,54,0
12191,58,0
12192,56,0
12193,58,0
12194,56,0
12195,59,0
12196,53,0
12197,58,0
12198,58,0
12199,54,0
12200,55,0
12201,55,0
12202,56,0
12203,56,0
12204,58,0
12205,59,0
12206,57,0
12207,60,0
12208,56,0
12209,57,0
12210,57,0
12211,55,0
12212,56,0
12213,56,0
12214,57,0
12215,59,0
12216,56,0
12217,56,0
12218,57,0
12219,59,0
12220,56,0
12221,56,0
12222,55,0
12223,56,0
12224,58,0
12225,56,0
12226,57,0
12227,57,0
12228,56,0
12229,56,0
12230,56,0
12231,53,0
12232,57,0
12233,56,0
12234,57,0
12235,58,0
12236,58,0
12237,57,0
12238,57,0
12239,57,0
12240,56,0
12241,58,0
12242,55,0
12243,56,0
12244,58,0
12245,58,0
12246,55,0
12247,56,0
12248,56,0
12249,58,0
12250,55,0
12251,55,0
12252,56,0
12253,58,0
12254,56,0
12255,59,0
12256,56,0
12257,56,0
12258,57,0
12259,59,0
12260,56,0
12261,56,0
12262,56,0
12263,55,0
12264,55,0
12265,58,0
12266,56,0
12267,59,0
12268,56,0
12269,58,0
12270,56,0
12271,57,0
12272,57,0
12273,56,0
12274,56,0
12275,57,0
12276,56,0
12277,56,0
12278,56,0
12279,57,0
12280,59,0
12281,58,0
12282,57,0
12283,57,0
12284,58,0
12285,56,0
12286,56,0
12287,55,0
12288,57,0
12289,58,0
12290,56,0
12291,59,0
12292,56,0
12293,56,0
12294,54,0
12295,57,0
12296,56,0
12297,56,0
12298,57,0
12299,56,0
12300,56,0
12301,58,0
12302,53,0
12303,56,0
12304,59,0
12305,56,0
12306,56,0
12307,59,0
12308,58,0
12309,56,0
12310,58,0
12311,57,0
12312,58,0
12313,58,0
12314,57,0
12315,55,0
12316,56,0
12317,56,0
12318,57,0
12319,56,0
12320,57,0
12321,61,0
12322,58,0
12323,56,0
12324,57,0
12325,56,0
12326,56,0
12327,58,0
12328,59,0
12329,57,0
12330,55,0
12331,58,0
12332,56,0
12333,59,0
12334,56,0
12335,58,0
12336,59,0
12337,57,0
12338,58,0
12339,56,0
12340,57,0
12341,57,0
12342,56,0
12343,58,0
12344,58,0
12345,57,0
12346,58,0
12347,61,0
12348,55,0
12349,58,0
12350,56,0
12351,56,0
12352,55,0
12353,56,0
12354,56,0
12355,56,0
12356,55,0
12357,56,0
12358,56,0
12359,56,0
12360,57,0
12361,55,0
12362,56,0
12363,58,0
12364,55,0
12365,59,0
12366,56,0
12367,56,0
12368,59,0
12369,59,0
12370,58,0
12371,56,0
12372,57,0
12373,55,0
12374,56,0
12375,56,0
12376,60,0
12377,59,0
12378,58,0
12379,56,0
12380,54,0
12381,57,0
12382,57,0
12383,58,0
12384,58,0
12385,55,0
12386,55,0
12387,56,0
12388,56,0
12389,55,0
12390,56,0
12391,58,0
12392,57,0
12393,57,0
12394,58,0
12395,56,0
12396,56,0
12397,55,0
12398,56,0
12399,54,0
12400,60,0
12401,57,0
12402,56,0
12403,58,0
12404,58,0
12405,57,0
12406,55,0
12407,59,0
12408,58,0
12409,56,0
12410,58,0
12411,55,0
12412,58,0
12413,56,0
12414,55,0
12415,57,0
12416,58,0
12417,56,0
12418,56,0
12419,55,0
12420,57,0
12421,56,0
12422,55,0
12423,57,0
12424,56,0
12425,56,0
12426,58,0
12427,57,0
12428,56,0
12429,58,0
12430,56,0
12431,57,0
12432,58,0
12433,60,0
12434,57,0
12435,59,0
12436,58,0
12437,58,0
12438,56,0
12439,55,0
12440,57,0
12441,58,0
12442,58,0
12443,55,0
12444,59,0
12445,56,0
12446,57,0
12447,55,0
12448,58,0
12449,58,0
12450,57,0
12451,56,0
12452,58,0
12453,55,0
12454,58,0
12455,56,0
12456,55,0
12457,57,0
12458,55,0
12459,58,0
12460,56,0
12461,56,0
12462,59,0
12463,56,0
12464,56,0
12465,56,0
12466,58,0
12467,58,0
12468,57,0
12469,57,0
12470,58,0
12471,56,0
12472,57,0
12473,55,0
12474,56,0
12475,60,0
12476,58,0
12477,55,0
12478,56,0
12479,56,0
12480,55,0
12481,57,0
12482,56,0
12483,58,0
12484,55,0
12485,55,0
12486,60,0
12487,56,0
12488,56,0
12489,57,0
12490,57,0
12491,56,0
12492,56,0
12493,57,0
12494,54,0
12495,58,0
12496,56,0
12497,57,0
12498,55,0
12499,56,0
12500,58,0
12501,58,0
12502,57,0
12503,59,0
12504,56,0
12505,58,0
12506,57,0
12507,56,0
12508,56,0
12509,58,0
12510,55,0
12511,59,0
12512,56,0
12513,55,0
12514,59,0
12515,58,0
12516,56,0
12517,59,0
12518,55,0
12519,56,0
12520,56,0
12521,58,0
12522,57,0
12523,56,0
12524,56,0
12525,57,0
12526,59,0
12527,58,0
12528,56,0
12529,56,0
12530,55,0
12531,58,0
12532,58,0
12533,58,0
12534,59,0
12535,59,0
12536,56,0
12537,56,0
12538,56,0
12539,58,0
12540,58,0
12541,58,0
12542,58,0
12543,58,0
12544,57,0
12545,55,0
12546,56,0
12547,56,0
12548,57,0
12549,57,0
12550,57,0
12551,58,0
12552,57,0
12553,55,0
12554,54,0
12555,57,0
12556,55,0
12557,58,0
12558,59,0
12559,57,0
12560,56,0
12561,54,0
12562,56,0
12563,59,0
12564,55,0
12565,58,0
12566,56,0
12567,55,0
12568,57,0
12569,56,0
12570,58,0
12571,57,0
12572,55,0
12573,58,0
12574,58,0
12575,57,0
12576,53,0
12577,56,0
12578,58,0
12579,57,0
12580,57,0
12581,56,0
12582,59,0
12583,55,0
12584,56,0
12585,58,0
12586,57,0
12587,56,0
12588,56,0
12589,56,0
12590,59,0
12591,59,0
12592,56,0
12593,56,0
12594,57,0
12595,57,0
12596,56,0
12597,55,0
12598,59,0
12599,56,0
12600,58,0
12601,56,0
12602,55,0
12603,57,0
12604,56,0
12605,56,0
12606,56,0
12607,55,0
12608,56,0
12609,58,0
12610,56,0
12611,55,0
12612,57,0
12613,55,0
12614,56,0
12615,58,0
12616,57,0
12617,59,0
12618,58,0
12619,56,0
12620,56,0
12621,57,0
12622,53,0
12623,56,0
12624,56,0
12625,55,0
12626,58,0
12627,55,0
12628,58,0
12629,56,0
12630,58,0
12631,59,0
12632,56,0
12633,58,0
12634,59,0
12635,58,0
12636,58,0
12637,56,0
12638,55,0
12639,57,0
12640,55,0
12641,54,0
12642,56,0
12643,58,0
12644,58,0
12645,53,0
12646,55,0
12647,58,0
12648,58,0
12649,58,0
12650,59,0
12651,58,0
12652,59,0
12653,58,0
12654,59,0
12655,58,0
12656,57,0
12657,60,0
12658,59,0
12659,58,0
12660,58,0
12661,61,0
12662,56,0
12663,55,0
12664,58,0
12665,57,0
12666,59,0
12667,60,0
12668,59,0
12669,58,0
12670,58,0
12671,57,0
12672,58,0
12673,56,0
12674,61,0
12675,56,0
12676,58,0
12677,55,0
12678,58,0
12679,58,0
12680,59,0
12681,60,0
12682,60,0
12683,59,0
12684,57,0
12685,57,0
12686,60,0
12687,55,0
12688,58,0
12689,59,0
12690,60,0
12691,58,0
12692,59,0
12693,60,0
12694,57,0
12695,58,0
12696,58,0
12697,59,0
12698,56,0
12699,54,0
12700,54,0
12701,55,0
12702,56,0
12703,58,0
12704,57,0
12705,54,0
12706,58,0
12707,57,0
12708,56,0
12709,54,0
12710,54,0
12711,55,0
12712,55,0
12713,56,0
12714,58,0
12715,57,0
12716,58,0
12717,56,0
12718,55,0
12719,57,0
12720,56,0
12721,56,0
12722,53,0
12723,61,0
12724,58,0
12725,56,0
12726,53,0
12727,56,0
12728,58,0
12729,57,0
12730,57,0
12731,60,0
12732,56,0
12733,57,0
12734,56,0
12735,55,0
12736,58,0
12737,56,0
12738,55,0
12739,56,0
12740,58,0
12741,57,0
12742,57,0
12743,56,0
12744,56,0
12745,57,0
12746,58,0
12747,56,0
12748,55,0
12749,57,0
12750,58,0
12751,58,0
12752,57,0
12753,56,0
12754,56,0
12755,56,0
12756,55,0
12757,56,0
12758,58,0
12759,56,0
12760,57,0
12761,55,0
12762,56,0
12763,56,0
12764,55,0
12765,57,0
12766,56,0
12767,55,0
12768,55,0
12769,56,0
12770,56,0
12771,55,0
12772,58,0
12773,58,0
12774,56,0
12775,55,0
12776,57,0
12777,56,0
12778,56,0
12779,57,0
12780,56,0
12781,58,0
12782,56,0
12783,57,0
12784,55,0
12785,56,0
12786,56,0
12787,57,0
12788,57,0
12789,56,0
12790,56,0
12791,55,0
12792,56,0
12793,58,0
12794,57,0
12795,57,0
12796,56,0
12797,56,0
12798,58,0
12799,57,0
12800,57,0
12801,54,0
12802,56,0
12803,56,0
12804,59,0
12805,56,0
12806,56,0
12807,55,0
12808,57,0
12809,58,0
12810,58,0
12811,59,0
12812,53,0
12813,58,0
12814,56,0
12815,57,0
12816,59,0
12817,56,0
12818,56,0
12819,58,0
12820,59,0
12821,59,0
12822,58,0
12823,58,0
12824,53,0
12825,55,0
12826,56,0
12827,56,0
12828,54,0
12829,55,0
12830,56,0
12831,56,0
12832,53,0
12833,57,0
12834,58,0
12835,58,0
12836,57,0
12837,57,0
12838,58,0
12839,55,0
12840,57,0
12841,56,0
12842,54,0
12843,58,0
12844,57,0
12845,57,0
12846,58,0
12847,56,0
12848,57,0
12849,55,0
12850,58,0
12851,60,0
12852,58,0
12853,57,0
12854,57,0
12855,58,0
12856,56,0
12857,59,0
12858,61,0
12859,56,0
12860,57,0
12861,56,0
12862,58,0
12863,56,0
12864,59,0
12865,59,0
12866,58,0
12867,58,0
12868,57,0
12869,61,0
12870,58,0
12871,56,0
12872,58,0
12873,57,0
12874,57,0
12875,56,0
12876,56,0
12877,55,0
12878,57,0
12879,58,0
12880,58,0
12881,57,0
12882,57,0
12883,58,0
12884,56,0
12885,59,0
12886,55,0
12887,58,0
12888,58,0
12889,56,0
12890,55,0
12891,61,0
12892,56,0
12893,58,0
12894,53,0
12895,59,0
12896,56,0
12897,58,0
12898,59,0
12899,55,0
12900,56,0
12901,58,0
12902,58,0
12903,55,0
12904,57,0
12905,54,0
12906,58,0
12907,56,0
12908,55,0
12909,55,0
12910,58,0
12911,58,0
12912,56,0
12913,59,0
12914,55,0
12915,56,0
12916,56,0
12917,57,0
12918,59,0
12919,58,0
12920,56,0
12921,57,0
12922,56,0
12923,62,0
12924,55,0
12925,58,0
12926,56,0
12927,56,0
12928,55,0
12929,56,0
12930,56,0
12931,56,0
12932,57,0
12933,56,0
12934,54,0
12935,56,0
12936,55,0
12937,55,0
12938,57,0
12939,55,0
12940,56,0
12941,54,0
12942,58,0
12943,55,0
12944,57,0
12945,56,0
12946,58,0
12947,57,0
12948,57,0
12949,58,0
12950,56,0
12951,57,0
12952,57,0
12953,56,0
12954,55,0
12955,59,0
12956,56,0
12957,56,0
12958,59,0
12959,55,0
12960,56,0
12961,56,0
12962,56,0
12963,57,0
12964,56,0
12965,56,0
12966,56,0
12967,57,0
12968,59,0
12969,56,0
12970,58,0
12971,55,0
12972,56,0
12973,58,0
12974,59,0
12975,55,0
12976,58,0
12977,58,0
12978,58,0
12979,57,0
12980,56,0
12981,56,0
12982,59,0
12983,54,0
12984,56,0
12985,56,0
12986,55,0
12987,56,0
12988,58,0
12989,59,0
12990,60,0
12991,58,0
12992,55,0
12993,55,0
12994,58,0
12995,58,0
12996,56,0
12997,57,0
12998,57,0
12999,56,0
13000,58,0
13001,59,0
13002,57,0
13003,56,0
13004,57,0
13005,57,0
13006,56,0
13007,58,0
13008,55,0
13009,58,0
13010,58,0
13011,58,0
13012,55,0
13013,56,0
13014,58,0
13015,58,0
13016,55,0
13017,55,0
13018,55,0
13019,58,0
13020,59,0
13021,59,0
13022,58,0
13023,58,0
13024,57,0
13025,61,0
13026,56,0
13027,54,0
13028,57,0
13029,57,0
13030,54,0
13031,56,0
13032,55,0
13033,57,0
13034,60,0
13035,56,0
13036,57,0
13037,55,0
13038,58,0
13039,56,0
13040,56,0
13041,57,0
13042,57,0
13043,56,0
13044,58,0
13045,57,0
13046,59,0
13047,58,0
13048,56,0
13049,55,0
13050,59,0
13051,56,0
13052,56,0
13053,59,0
13054,57,0
13055,58,0
13056,56,0
13057,56,0
13058,59,0
13059,59,0
13060,56,0
13061,58,0
13062,57,0
13063,58,0
13064,58,0
13065,58,0
13066,55,0
13067,56,0
13068,53,0
13069,55,0
13070,56,0
13071,58,0
13072,55,0
13073,56,0
13074,56,0
13075,55,0
13076,56,0
13077,58,0
13078,57,0
13079,56,0
13080,58,0
13081,57,0
13082,55,0
13083,58,0
13084,56,0
13085,57,0
13086,59,0
13087,58,0
13088,58,0
13089,57,0
13090,59,0
13091,56,0
13092,56,0
13093,58,0
13094,57,0
13095,58,0
13096,56,0
13097,56,0
13098,55,0
13099,59,0
13100,54,0
13101,56,0
13102,59,0
13103,56,0
13104,56,0
13105,56,0
13106,55,0
13107,56,0
13108,56,0
13109,56,0
13110,55,0
13111,57,0
13112,56,0
13113,56,0
13114,55,0
13115,56,0
13116,56,0
13117,55,0
13118,54,0
13119,56,0
13120,57,0
13121,57,0
13122,58,0
13123,56,0
13124,58,0
13125,57,0
13126,57,0
13127,60,0
13128,58,0
13129,58,0
13130,57,0
13131,57,0
13132,56,0
13133,58,0
13134,57,0
13135,57,0
13136,60,0
13137,56,0
13138,59,0
13139,57,0
13140,56,0
13141,58,0
13142,56,0
13143,53,0
13144,59,0
13145,56,0
13146,58,0
13147,56,0
13148,55,0
13149,55,0
13150,58,0
13151,57,0
13152,56,0
13153,56,0
13154,58,0
13155,59,0
13156,59,0
13157,58,0
13158,58,0
13159,58,0
13160,55,0
13161,56,0
13162,58,0
13163,58,0
13164,59,0
13165,55,0
13166,56,0
13167,58,0
13168,57,0
13169,56,0
13170,56,0
13171,55,0
13172,57,0
13173,55,0
13174,56,0
13175,56,0
13176,58,0
13177,59,0
13178,57,0
13179,58,0
13180,56,0
13181,61,0
13182,57,0
13183,55,0
13184,56,0
13185,56,0
13186,57,0
13187,57,0
13188,57,0
13189,58,0
13190,58,0
13191,55,0
13192,55,0
13193,56,0
13194,56,0
13195,57,0
13196,55,0
13197,56,0
13198,59,0
13199,55,0
13200,58,0
13201,58,0
13202,57,0
13203,58,0
13204,57,0
13205,55,0
13206,56,0
13207,56,0
13208,55,0
13209,56,0
13210,59,0
13211,57,0
13212,58,0
13213,56,0
13214,55,0
13215,57,0
13216,58,0
13217,56,0
13218,56,0
13219,55,0
13220,56,0
13221,56,0
13222,56,0
13223,57,0
13224,55,0
13225,56,0
13226,55,0
13227,59,0
13228,54,0
13229,56,0
13230,59,0
13231,55,0
13232,58,0
13233,56,0
13234,57,0
13235,58,0
13236,58,0
13237,59,0
13238,55,0
13239,57,0
13240,58,0
13241,58,0
13242,61,0
13243,55,0
13244,56,0
13245,56,0
13246,59,0
13247,59,0
13248,56,0
13249,56,0
13250,55,0
13251,56,0
13252,56,0
13253,58,0
13254,53,0
13255,58,0
13256,56,0
13257,57,0
13258,59,0
13259,56,0
13260,56,0
13261,56,0
13262,55,0
13263,53,0
13264,56,0
13265,56,0
13266,58,0
13267,57,0
13268,55,0
13269,58,0
13270,56,0
13271,57,0
13272,59,0
13273,58,0
13274,56,0
13275,58,0
13276,59,0
13277,53,0
13278,54,0
13279,55,0
13280,57,0
13281,56,0
13282,56,0
13283,57,0
13284,56,0
13285,58,0
13286,59,0
13287,57,0
13288,56,0
13289,57,0
13290,57,0
13291,56,0
13292,54,0
13293,57,0
13294,56,0
13295,56,0
13296,57,0
13297,55,0
13298,56,0
13299,58,0
13300,55,0
13301,59,0
13302,58,0
13303,54,0
13304,57,0
13305,56,0
13306,58,0
13307,57,0
13308,56,0
13309,56,0
13310,58,0
13311,55,0
13312,56,0
13313,56,0
13314,57,0
13315,57,0
13316,56,0
13317,56,0
13318,55,0
13319,55,0
13320,56,0
13321,58,0
13322,55,0
13323,55,0
13324,58,0
13325,56,0
13326,55,0
13327,53,0
13328,58,0
13329,56,0
13330,54,0
13331,55,0
13332,60,0
13333,56,0
13334,60,0
13335,57,0
13336,57,0
13337,56,0
13338,56,0
13339,57,0
13340,56,0
13341,56,0
13342,58,0
13343,56,0
13344,57,0
13345,55,0
13346,56,0
13347,56,0
13348,55,0
13349,57,0
13350,57,0
13351,56,0
13352,58,0
13353,57,0
13354,56,0
13355,58,0
13356,57,0
13357,55,0
13358,58,0
13359,56,0
13360,55,0
13361,56,0
13362,56,0
13363,57,0
13364,57,0
13365,58,0
13366,57,0
13367,56,0
13368,54,0
13369,57,0
13370,55,0
13371,53,0
13372,56,0
13373,58,0
13374,55,0
13375,55,0
13376,58,0
13377,56,0
13378,58,0
13379,57,0
13380,56,0
13381,56,0
13382,58,0
13383,54,0
13384,56,0
13385,56,0
13386,57,0
13387,57,0
13388,56,0
13389,58,0
13390,57,0
13391,58,0
13392,56,0
13393,57,0
13394,59,0
13395,56,0
13396,58,0
13397,56,0
13398,57,0
13399,55,0
13400,54,0
13401,56,0
13402,55,0
13403,59,0
13404,56,0
13405,58,0
13406,57,0
13407,54,0
13408,57,0
13409,55,0
13410,58,0
13411,54,0
13412,57,0
13413,59,0
13414,56,0
13415,58,0
13416,54,0
13417,55,0
13418,56,0
13419,58,0
13420,58,0
13421,57,0
13422,56,0
13423,56,0
13424,61,0
13425,56,0
13426,56,0
13427,57,0
13428,54,0
13429,56,0
13430,56,0
13431,55,0
13432,56,0
13433,58,0
13434,55,0
13435,55,0
13436,56,0
13437,55,0
13438,56,0
13439,58,0
13440,58,0
13441,55,0
13442,55,0
13443,54,0
13444,55,0
13445,57,0
13446,56,0
13447,58,0
13448,56,0
13449,59,0
13450,55,0
13451,56,0
13452,57,0
13453,55,0
13454,57,0
13455,58,0
13456,58,0
13457,55,0
13458,59,0
13459,56,0
13460,58,0
13461,56,0
13462,59,0
13463,55,0
13464,58,0
13465,56,0
13466,60,0
13467,57,0
13468,56,0
13469,56,0
13470,56,0
13471,59,0
13472,57,0
13473,57,0
13474,56,0
13475,58,0
13476,59,0
13477,58,0
13478,58,0
13479,55,0
13480,57,0
13481,58,0
13482,56,0
13483,54,0
13484,57,0
13485,56,0
13486,58,0
13487,57,0
13488,55,0
13489,58,0
13490,58,0
13491,55,0
13492,61,0
13493,60,0
13494,58,0
13495,57,0
13496,55,0
13497,58,0
13498,56,0
13499,57,0
13500,58,0
13501,56,0
13502,59,0
13503,57,0
13504,56,0
13505,57,0
13506,59,0
13507,58,0
13508,58,0
13509,56,0
13510,53,0
13511,56,0
13512,56,0
13513,59,0
13514,59,0
13515,56,0
13516,54,0
13517,57,0
13518,57,0
13519,54,0
13520,56,0
13521,53,0
13522,58,0
13523,56,0
13524,53,0
13525,57,0
13526,56,0
13527,54,0
13528,58,0
13529,57,0
13530,59,0
13531,56,0
13532,56,0
13533,54,0
13534,56,0
13535,54,0
13536,58,0
13537,57,0
13538,59,0
13539,58,0
13540,56,0
13541,53,0
13542,59,0
13543,58,0
13544,57,0
13545,58,0
13546,54,0
13547,58,0
13548,55,0
13549,58,0
13550,58,0
13551,56,0
13552,59,0
13553,61,0
13554,56,0
13555,56,0
13556,57,0
13557,58,0
13558,56,0
13559,57,0
13560,56,0
13561,56,0
13562,58,0
13563,55,0
13564,56,0
13565,56,0
13566,55,0
13567,55,0
13568,56,0
13569,57,0
13570,58,0
13571,58,0
13572,57,0
13573,55,0
13574,58,0
13575,54,0
13576,59,0
13577,58,0
13578,56,0
13579,57,0
13580,55,0
13581,57,0
13582,58,0
13583,56,0
13584,56,0
13585,57,0
13586,57,0
13587,58,0
13588,58,0
13589,59,0
13590,57,0
13591,56,0
13592,58,0
13593,57,0
13594,57,0
13595,58,0
13596,54,0
13597,55,0
13598,57,0
13599,58,0
13600,56,0
13601,55,0
13602,58,0
13603,60,0
13604,59,0
13605,54,0
13606,56,0
13607,56,0
13608,59,0
13609,60,0
13610,58,0
13611,57,0
13612,57,0
13613,58,0
13614,56,0
13615,56,0
13616,57,0
13617,56,0
13618,58,0
13619,53,0
13620,55,0
13621,58,0
13622,58,0
13623,59,0
13624,55,0
13625,56,0
13626,56,0
13627,57,0
13628,55,0
13629,54,0
13630,79,0
13631,56,0
13632,55,0
13633,58,0
13634,56,0
13635,58,0
13636,57,0
13637,57,0
13638,54,0
13639,55,0
13640,57,0
13641,56,0
13642,58,0
13643,58,0
13644,56,0
13645,56,0
13646,55,0
13647,56,0
13648,56,0
13649,56,0
13650,55,0
13651,55,0
13652,56,0
13653,58,0
13654,57,0
13655,55,0
13656,56,0
13657,56,0
13658,56,0
13659,55,0
13660,57,0
13661,54,0
13662,56,0
13663,55,0
13664,59,0
13665,56,0
13666,56,0
13667,57,0
13668,60,0
13669,57,0
13670,56,0
13671,56,0
13672,55,0
13673,59,0
13674,54,0
13675,58,0
13676,57,0
13677,56,0
13678,59,0
13679,57,0
13680,56,0
13681,56,0
13682,57,0
13683,55,0
13684,58,0
13685,58,0
13686,56,0
13687,57,0
13688,57,0
13689,60,0
13690,56,0
13691,57,0
13692,58,0
13693,58,0
13694,57,0
13695,57,0
13696,56,0
13697,58,0
13698,59,0
13699,59,0
13700,57,0
13701,58,0
13702,56,0
13703,56,0
13704,57,0
13705,56,0
13706,56,0
13707,58,0
13708,57,0
13709,56,0
13710,56,0
13711,55,0
13712,57,0
13713,58,0
13714,56,0
13715,57,0
13716,54,0
13717,56,0
13718,58,0
13719,57,0
13720,55,0
13721,58,0
13722,56,0
13723,55,0
13724,56,0
13725,56,0
13726,56,0
13727,57,0
13728,56,0
13729,56,0
13730,55,0
13731,56,0
13732,58,0
13733,57,0
13734,53,0
13735,56,0
13736,58,0
13737,57,0
13738,54,0
13739,58,0
13740,58,0
13741,55,0
13742,57,0
13743,56,0
13744,56,0
13745,59,0
13746,57,0
13747,56,0
13748,56,0
13749,57,0
13750,54,0
13751,58,0
13752,57,0
13753,55,0
13754,58,0
13755,56,0
13756,57,0
13757,55,0
13758,56,0
13759,58,0
13760,55,0
13761,57,0
13762,56,0
13763,56,0
13764,57,0
13765,55,0
13766,56,0
13767,58,0
13768,58,0
13769,57,0
13770,58,0
13771,58,0
13772,57,0
13773,57,0
13774,56,0
13775,56,0
13776,58,0
13777,57,0
13778,57,0
13779,59,0
13780,56,0
13781,56,0
13782,58,0
13783,56,0
13784,58,0
13785,58,0
13786,56,0
13787,57,0
13788,59,0
13789,56,0
13790,58,0
13791,56,0
13792,59,0
13793,56,0
13794,54,0
13795,57,0
13796,56,0
13797,56,0
13798,56,0
13799,55,0
13800,56,0
13801,56,0
13802,59,0
13803,55,0
13804,58,0
13805,58,0
13806,58,0
13807,59,0
13808,57,0
13809,56,0
13810,56,0
13811,57,0
13812,57,0
13813,56,0
13814,56,0
13815,55,0
13816,55,0
13817,58,0
13818,58,0
13819,57,0
13820,57,0
13821,59,0
13822,58,0
13823,57,0
13824,57,0
13825,58,0
13826,58,0
13827,58,0
13828,57,0
13829,59,0
13830,60,0
13831,54,0
13832,53,0
13833,53,0
13834,56,0
13835,56,0
13836,56,0
13837,55,0
13838,57,0
13839,54,0
13840,54,0
13841,55,0
13842,56,0
13843,58,0
13844,58,0
13845,59,0
13846,55,0
13847,58,0
13848,56,0
13849,58,0
13850,57,0
13851,58,0
13852,58,0
13853,56,0
13854,59,0
13855,57,0
13856,56,0
13857,57,0
13858,54,0
13859,56,0
13860,57,0
13861,58,0
13862,58,0
13863,56,0
13864,59,0
13865,59,0
13866,57,0
13867,60,0
13868,58,0
13869,56,0
13870,57,0
13871,58,0
13872,56,0
13873,57,0
13874,57,0
13875,58,0
13876,58,0
13877,56,0
13878,57,0
13879,57,0
13880,58,0
13881,57,0
13882,56,0
13883,58,0
13884,57,0
13885,56,0
13886,56,0
13887,55,0
13888,57,0
13889,58,0
13890,58,0
13891,54,0
13892,59,0
13893,55,0
13894,56,0
13895,56,0
13896,57,0
13897,59,0
13898,58,0
13899,58,0
13900,56,0
13901,57,0
13902,58,0
13903,56,0
13904,57,0
13905,55,0
13906,58,0
13907,59,0
13908,57,0
13909,58,0
13910,56,0
13911,57,0
13912,56,0
13913,58,0
13914,55,0
13915,56,0
13916,58,0
13917,58,0
13918,59,0
13919,57,0
13920,56,0
13921,56,0
13922,56,0
13923,56,0
13924,59,0
13925,55,0
13926,58,0
13927,56,0
13928,57,0
13929,57,0
13930,59,0
13931,56,0
13932,54,0
13933,58,0
13934,57,0
13935,59,0
13936,56,0
13937,58,0
13938,56,0
13939,57,0
13940,54,0
13941,56,0
13942,58,0
13943,55,0
13944,56,0
13945,56,0
13946,57,0
13947,59,0
13948,56,0
13949,58,0
13950,56,0
13951,57,0
13952,58,0
13953,56,0
13954,56,0
13955,57,0
13956,55,0
13957,56,0
13958,56,0
13959,55,0
13960,58,0
13961,56,0
13962,59,0
13963,55,0
13964,56,0
13965,58,0
13966,56,0
13967,57,0
13968,53,0
13969,58,0
13970,56,0
13971,56,0
13972,55,0
13973,56,0
13974,56,0
13975,57,0
13976,57,0
13977,58,0
13978,58,0
13979,57,0
13980,56,0
13981,58,0
13982,57,0
13983,57,0
13984,58,0
13985,58,0
13986,59,0
13987,58,0
13988,56,0
13989,56,0
13990,54,0
13991,56,0
13992,56,0
13993,56,0
13994,55,0
13995,57,0
13996,56,0
13997,56,0
13998,56,0
13999,55,0
14000,53,0
14001,56,0
14002,58,0
14003,55,0
14004,55,0
14005,56,0
14006,56,0
14007,57,0
14008,55,0
14009,56,0
14010,56,0
14011,57,0
14012,57,0
14013,59,0
14014,56,0
14015,58,0
14016,55,0
14017,57,0
14018,58,0
14019,56,0
14020,57,0
14021,57,0
14022,58,0
14023,56,0
14024,55,0
14025,58,0
14026,56,0
14027,57,0
14028,59,0
14029,58,0
14030,56,0
14031,58,0
14032,57,0
14033,57,0
14034,58,0
14035,58,0
14036,58,0
14037,59,0
14038,57,0
14039,58,0
14040,56,0
14041,57,0
14042,56,0
14043,60,0
14044,57,0
14045,56,0
14046,56,0
14047,57,0
14048,59,0
14049,56,0
14050,56,0
14051,57,0
14052,57,0
14053,56,0
14054,56,0
14055,57,0
14056,53,0
14057,54,0
14058,56,0
14059,55,0
14060,56,0
14061,54,0
14062,59,0
14063,59,0
14064,58,0
14065,58,0
14066,56,0
14067,55,0
14068,54,0
14069,58,0
14070,53,0
14071,57,0
14072,58,0
14073,57,0
14074,57,0
14075,58,0
14076,57,0
14077,55,0
14078,61,0
14079,60,0
14080,56,0
14081,55,0
14082,57,0
14083,56,0
14084,58,0
14085,56,0
14086,55,0
14087,56,0
14088,56,0
14089,57,0
14090,59,0
14091,56,0
14092,54,0
14093,55,0
14094,57,0
14095,58,0
14096,58,0
14097,57,0
14098,59,0
14099,56,0
14100,58,0
14101,55,0
14102,55,0
14103,56,0
14104,58,0
14105,55,0
14106,55,0
14107,56,0
14108,55,0
14109,57,0
14110,58,0
14111,56,0
14112,55,0
14113,55,0
14114,56,0
14115,58,0
14116,57,0
14117,55,0
14118,56,0
14119,56,0
14120,55,0
14121,55,0
14122,56,0
14123,56,0
14124,57,0
14125,54,0
14126,56,0
14127,56,0
14128,57,0
14129,56,0
14130,56,0
14131,56,0
14132,57,0
14133,57,0
14134,56,0
14135,56,0
14136,57,0
14137,59,0
14138,56,0
14139,56,0
14140,55,0
14141,55,0
14142,58,0
14143,58,0
14144,57,0
14145,59,0
14146,55,0
14147,56,0
14148,55,0
14149,59,0
14150,58,0
14151,58,0
14152,54,0
14153,57,0
14154,56,0
14155,56,0
14156,56,0
14157,57,0
14158,55,0
14159,58,0
14160,56,0
14161,56,0
14162,55,0
14163,58,0
14164,58,0
14165,57,0
14166,55,0
14167,58,0
14168,58,0
14169,57,0
14170,59,0
14171,58,0
14172,58,0
14173,59,0
14174,56,0
14175,56,0
14176,57,0
14177,59,0
14178,59,0
14179,56,0
14180,58,0
14181,57,0
14182,57,0
14183,56,0
14184,56,0
14185,59,0
14186,59,0
14187,56,0
14188,56,0
14189,59,0
14190,55,0
14191,56,0
14192,56,0
14193,57,0
14194,57,0
14195,58,0
14196,56,0
14197,58,0
14198,55,0
14199,57,0
14200,56,0
14201,58,0
14202,56,0
14203,59,0
14204,56,0
14205,56,0
14206,57,0
14207,55,0
14208,56,0
14209,58,0
14210,56,0
14211,59,0
14212,58,0
14213,56,0
14214,56,0
14215,55,0
14216,58,0
14217,58,0
14218,56,0
14219,57,0
14220,59,0
14221,56,0
14222,58,0
14223,56,0
14224,53,0
14225,59,0
14226,56,0
14227,58,0
14228,58,0
14229,58,0
14230,55,0
14231,59,0
14232,58,0
14233,56,0
14234,56,0
14235,57,0
14236,58,0
14237,58,0
14238,57,0
14239,57,0
14240,58,0
14241,56,0
14242,56,0
14243,57,0
14244,58,0
14245,56,0
14246,56,0
14247,56,0
14248,57,0
14249,57,0
14250,58,0
14251,58,0
14252,57,0
14253,55,0
14254,58,0
14255,58,0
14256,59,0
14257,57,0
14258,56,0
14259,56,0
14260,55,0
14261,56,0
14262,58,0
14263,57,0
14264,59,0
14265,56,0
14266,58,0
14267,56,0
14268,57,0
14269,57,0
14270,56,0
14271,56,0
14272,57,0
14273,57,0
14274,56,0
14275,57,0
14276,57,0
14277,56,0
14278,56,0
14279,58,0
14280,57,0
14281,55,0
14282,55,0
14283,56,0
14284,56,0
14285,58,0
14286,57,0
14287,57,0
14288,56,0
14289,57,0
14290,55,0
14291,55,0
14292,56,0
14293,56,0
14294,59,0
14295,57,0
14296,56,0
14297,58,0
14298,56,0
14299,55,0
14300,55,0
14301,56,0
14302,56,0
14303,57,0
14304,55,0
14305,59,0
14306,58,0
14307,56,0
14308,57,0
14309,57,0
14310,58,0
14311,56,0
14312,56,0
14313,57,0
14314,57,0
14315,56,0
14316,56,0
14317,57,0
14318,58,0
14319,56,0
14320,55,0
14321,59,0
14322,56,0
14323,58,0
14324,56,0
14325,55,0
14326,58,0
14327,56,0
14328,57,0
14329,55,0
14330,56,0
14331,58,0
14332,58,0
14333,55,0
14334,55,0
14335,54,0
14336,56,0
14337,58,0
14338,59,0
14339,55,0
14340,58,0
14341,58,0
14342,55,0
14343,59,0
14344,56,0
14345,59,0
14346,54,0
14347,58,0
14348,57,0
14349,55,0
14350,58,0
14351,58,0
14352,57,0
14353,58,0
14354,56,0
14355,57,0
14356,59,0
14357,54,0
14358,56,0
14359,59,0
14360,56,0
14361,58,0
14362,56,0
14363,57,0
14364,57,0
14365,56,0
14366,58,0
14367,56,0
14368,55,0
14369,54,0
14370,56,0
14371,55,0
14372,55,0
14373,58,0
14374,56,0
14375,56,0
14376,59,0
14377,55,0
14378,56,0
14379,55,0
14380,59,0
14381,55,0
14382,56,0
14383,56,0
14384,59,0
14385,55,0
14386,56,0
14387,56,0
14388,55,0
14389,58,0
14390,56,0
14391,57,0
14392,57,0
14393,58,0
14394,59,0
14395,57,0
14396,56,0
14397,58,0
14398,55,0
14399,56,0
14400,57,0
14401,59,0
14402,56,0
14403,58,0
14404,55,0
14405,56,0
14406,58,0
14407,53,0
14408,58,0
14409,57,0
14410,59,0
14411,56,0
14412,56,0
14413,61,0
14414,58,0
14415,57,0
14416,58,0
14417,59,0
14418,55,0
14419,56,0
14420,56,0
14421,59,0
14422,56,0
14423,56,0
14424,57,0
14425,57,0
14426,58,0
14427,58,0
14428,57,0
14429,59,0
14430,56,0
14431,58,0
14432,58,0
14433,55,0
14434,55,0
14435,59,0
14436,58,0
14437,56,0
14438,58,0
14439,55,0
14440,57,0
14441,58,0
14442,57,0
14443,59,0
14444,56,0
14445,58,0
14446,58,0
14447,56,0
14448,56,0
14449,56,0
14450,55,0
14451,55,0
14452,58,0
14453,56,0
14454,57,0
14455,57,0
14456,58,0
14457,56,0
14458,55,0
14459,59,0
14460,57,0
14461,58,0
14462,56,0
14463,55,0
14464,55,0
14465,58,0
14466,56,0
14467,57,0
14468,55,0
14469,56,0
14470,60,0
14471,56,0
14472,57,0
14473,55,0
14474,58,0
14475,58,0
14476,58,0
14477,57,0
14478,55,0
14479,56,0
14480,57,0
14481,59,0
14482,58,0
14483,56,0
14484,58,0
14485,58,0
14486,57,0
14487,56,0
14488,56,0
14489,54,0
14490,59,0
14491,56,0
14492,58,0
14493,56,0
14494,55,0
14495,58,0
14496,56,0
14497,55,0
14498,60,0
14499,56,0
14500,58,0
14501,57,0
14502,56,0
14503,56,0
14504,56,0
14505,57,0
14506,59,0
14507,56,0
14508,56,0
14509,55,0
14510,58,0
14511,56,0
14512,58,0
14513,61,0
14514,57,0
14515,58,0
14516,56,0
14517,61,0
14518,61,0
14519,60,0
14520,55,0
14521,59,0
14522,58,0
14523,58,0
14524,56,0
14525,57,0
14526,59,0
14527,56,0
14528,56,0
14529,56,0
14530,59,0
14531,59,0
14532,58,0
14533,56,0
14534,59,0
14535,55,0
14536,56,0
14537,56,0
14538,57,0
14539,59,0
14540,54,0
14541,58,0
14542,54,0
14543,58,0
14544,58,0
14545,56,0
14546,57,0
14547,55,0
14548,58,0
14549,58,0
14550,58,0
14551,57,0
14552,57,0
14553,58,0
14554,58,0
14555,57,0
14556,56,0
14557,56,0
14558,57,0
14559,55,0
14560,56,0
14561,56,0
14562,55,0
14563,58,0
14564,56,0
14565,56,0
14566,59,0
14567,58,0
14568,58,0
14569,60,0
14570,55,0
14571,56,0
14572,56,0
14573,58,0
14574,57,0
14575,57,0
14576,56,0
14577,58,0
14578,58,0
14579,57,0
14580,58,0
14581,58,0
14582,56,0
14583,57,0
14584,56,0
14585,57,0
14586,56,0
14587,58,0
14588,58,0
14589,57,0
14590,56,0
14591,58,0
14592,57,0
14593,55,0
14594,58,0
14595,58,0
14596,59,0
14597,57,0
14598,58,0
14599,54,0
14600,55,0
14601,59,0
14602,56,0
14603,56,0
14604,60,0
14605,57,0
14606,53,0
14607,56,0
14608,57,0
14609,55,0
14610,58,0
14611,58,0
14612,56,0
14613,57,0
14614,57,0
14615,56,0
14616,58,0
14617,56,0
14618,57,0
14619,56,0
14620,58,0
14621,57,0
14622,56,0
14623,56,0
14624,56,0
14625,59,0
14626,57,0
14627,56,0
14628,56,0
14629,58,0
14630,57,0
14631,55,0
14632,56,0
14633,58,0
14634,57,0
14635,55,0
14636,58,0
14637,58,0
14638,55,0
14639,55,0
14640,58,0
14641,58,0
14642,58,0
14643,57,0
14644,56,0
14645,56,0
14646,55,0
14647,56,0
14648,57,0
14649,57,0
14650,58,0
14651,56,0
14652,56,0
14653,57,0
14654,55,0
14655,58,0
14656,59,0
14657,56,0
14658,56,0
14659,57,0
14660,53,0
14661,56,0
14662,58,0
14663,56,0
14664,55,0
14665,57,0
14666,58,0
14667,58,0
14668,59,0
14669,55,0
14670,58,0
14671,56,0
14672,55,0
14673,61,0
14674,56,0
14675,58,0
14676,56,0
14677,59,0
14678,57,0
14679,56,0
14680,58,0
14681,56,0
14682,58,0
14683,54,0
14684,56,0
14685,56,0
14686,58,0
14687,57,0
14688,55,0
14689,56,0
14690,56,0
14691,58,0
14692,56,0
14693,57,0
14694,55,0
14695,54,0
14696,57,0
14697,55,0
14698,58,0
14699,56,0
14700,59,0
14701,59,0
14702,60,0
14703,56,0
14704,57,0
14705,55,0
14706,55,0
14707,58,0
14708,56,0
14709,57,0
14710,55,0
14711,56,0
14712,56,0
14713,60,0
14714,57,0
14715,61,0
14716,56,0
14717,56,0
14718,57,0
14719,55,0
14720,58,0
14721,53,0
14722,59,0
14723,58,0
14724,58,0
14725,56,0
14726,57,0
14727,57,0
14728,59,0
14729,58,0
14730,56,0
14731,58,0
14732,59,0
14733,55,0
14734,58,0
14735,58,0
14736,56,0
14737,55,0
14738,57,0
14739,54,0
14740,56,0
14741,57,0
14742,56,0
14743,56,0
14744,58,0
14745,57,0
14746,55,0
14747,56,0
14748,56,0
14749,55,0
14750,55,0
14751,55,0
14752,58,0
14753,57,0
14754,57,0
14755,56,0
14756,58,0
14757,56,0
14758,57,0
14759,57,0
14760,58,0
14761,56,0
14762,57,0
14763,57,0
14764,58,0
14765,56,0
14766,59,0
14767,56,0
14768,56,0
14769,58,0
14770,55,0
14771,55,0
14772,54,0
14773,58,0
14774,55,0
14775,57,0
14776,56,0
14777,56,0
14778,54,0
14779,55,0
14780,57,0
14781,56,0
14782,56,0
14783,58,0
14784,55,0
14785,57,0
14786,56,0
14787,58,0
14788,56,0
14789,55,0
14790,57,0
14791,56,0
14792,58,0
14793,56,0
14794,59,0
14795,55,0
14796,56,0
14797,58,0
14798,57,0
14799,59,0
14800,56,0
14801,58,0
14802,55,0
14803,57,0
14804,56,0
14805,58,0
14806,56,0
14807,57,0
14808,59,0
14809,58,0
14810,58,0
14811,59,0
14812,59,0
14813,58,0
14814,58,0
14815,57,0
14816,55,0
14817,55,0
14818,56,0
14819,58,0
14820,53,0
14821,56,0
14822,56,0
14823,58,0
14824,57,0
14825,56,0
14826,58,0
14827,56,0
14828,57,0
14829,55,0
14830,56,0
14831,60,0
14832,59,0
14833,55,0
14834,56,0
14835,58,0
14836,57,0
14837,55,0
14838,57,0
14839,56,0
14840,58,0
14841,59,0
14842,55,0
14843,58,0
14844,56,0
14845,56,0
14846,55,0
14847,56,0
14848,56,0
14849,58,0
14850,56,0
14851,57,0
14852,57,0
14853,56,0
14854,56,0
14855,58,0
14856,57,0
14857,58,0
14858,58,0
14859,57,0
14860,55,0
14861,54,0
14862,58,0
14863,57,0
14864,55,0
14865,56,0
14866,58,0
14867,59,0
14868,57,0
14869,56,0
14870,56,0
14871,56,0
14872,59,0
14873,56,0
14874,58,0
14875,56,0
14876,59,0
14877,55,0
14878,56,0
14879,58,0
14880,56,0
14881,54,0
14882,56,0
14883,56,0
14884,57,0
14885,56,0
14886,58,0
14887,59,0
14888,59,0
14889,56,0
14890,58,0
14891,56,0
14892,59,0
14893,56,0
14894,56,0
14895,58,0
14896,57,0
14897,58,0
14898,57,0
14899,53,0
14900,56,0
14901,56,0
14902,59,0
14903,56,0
14904,56,0
14905,58,0
14906,61,0
14907,55,0
14908,56,0
14909,56,0
14910,58,0
14911,57,0
14912,58,0
14913,58,0
14914,57,0
14915,56,0
14916,56,0
14917,57,0
14918,57,0
14919,58,0
14920,58,0
14921,55,0
14922,56,0
14923,56,0
14924,55,0
14925,57,0
14926,58,0
14927,56,0
14928,58,0
14929,55,0
14930,59,0
14931,58,0
14932,58,0
14933,57,0
14934,57,0
14935,58,0
14936,58,0
14937,59,0
14938,59,0
14939,56,0
14940,58,0
14941,59,0
14942,59,0
14943,56,0
14944,56,0
14945,56,0
14946,59,0
14947,57,0
14948,58,0
14949,58,0
14950,56,0
14951,58,0
14952,56,0
14953,58,0
14954,59,0
14955,58,0
14956,56,0
14957,55,0
14958,56,0
14959,58,0
14960,58,0
14961,57,0
14962,58,0
14963,56,0
14964,58,0
14965,55,0
14966,56,0
14967,56,0
14968,56,0
14969,59,0
14970,56,0
14971,54,0
14972,57,0
14973,59,0
14974,60,0
14975,58,0
14976,57,0
14977,55,0
14978,58,0
14979,58,0
14980,59,0
14981,57,0
14982,56,0
14983,56,0
14984,57,0
14985,56,0
14986,60,0
14987,58,0
14988,57,0
14989,56,0
14990,58,0
14991,57,0
14992,55,0
14993,56,0
14994,56,0
14995,57,0
14996,59,0
14997,58,0
14998,56,0
14999,55,0
15000,55,0
15001,56,0
15002,58,0
15003,55,0
15004,61,0
15005,56,0
15006,56,0
15007,59,0
15008,55,0
15009,56,0
15010,58,0
15011,58,0
15012,55,0
15013,55,0
15014,58,0
15015,58,0
15016,56,0
15017,57,0
15018,59,0
15019,56,0
15020,56,0
15021,59,0
15022,55,0
15023,54,0
15024,55,0
15025,57,0
15026,58,0
15027,58,0
15028,58,0
15029,55,0
15030,55,0
15031,56,0
15032,58,0
15033,56,0
15034,55,0
15035,59,0
15036,56,0
15037,58,0
15038,58,0
15039,57,0
15040,55,0
15041,56,0
15042,59,0
15043,57,0
15044,58,0
15045,58,0
15046,57,0
15047,57,0
15048,56,0
15049,56,0
15050,59,0
15051,56,0
15052,56,0
15053,56,0
15054,55,0
15055,57,0
15056,60,0
15057,58,0
15058,58,0
15059,57,0
15060,56,0
15061,56,0
15062,55,0
15063,56,0
15064,56,0
15065,58,0
15066,57,0
15067,60,0
15068,56,0
15069,55,0
15070,55,0
15071,58,0
15072,58,0
15073,55,0
15074,57,0
15075,56,0
15076,56,0
15077,59,0
15078,57,0
15079,56,0
15080,56,0
15081,56,0
15082,55,0
15083,58,0
15084,56,0
15085,55,0
15086,58,0
15087,56,0
15088,55,0
15089,57,0
15090,56,0
15091,54,0
15092,57,0
15093,56,0
15094,56,0
15095,56,0
15096,57,0
15097,61,0
15098,56,0
15099,58,0
15100,59,0
15101,55,0
15102,58,0
15103,56,0
15104,59,0
15105,58,0
15106,58,0
15107,57,0
15108,59,0
15109,56,0
15110,56,0
15111,57,0
15112,59,0
15113,58,0
15114,56,0
15115,56,0
15116,57,0
15117,56,0
15118,58,0
15119,56,0
15120,53,0
15121,58,0
15122,56,0
15123,55,0
15124,56,0
15125,58,0
15126,59,0
15127,57,0
15128,58,0
15129,58,0
15130,57,0
15131,57,0
15132,58,0
15133,56,0
15134,57,0
15135,55,0
15136,56,0
15137,55,0
15138,59,0
15139,56,0
15140,58,0
15141,57,0
15142,56,0
15143,58,0
15144,58,0
15145,54,0
15146,58,0
15147,57,0
15148,59,0
15149,58,0
15150,56,0
15151,58,0
15152,57,0
15153,59,0
15154,56,0
15155,58,0
15156,56,0
15157,59,0
15158,61,0
15159,56,0
15160,55,0
15161,56,0
15162,57,0
15163,55,0
15164,56,0
15165,56,0
15166,57,0
15167,59,0
15168,56,0
15169,56,0
15170,55,0
15171,55,0
15172,56,0
15173,56,0
15174,54,0
15175,57,0
15176,55,0
15177,60,0
15178,58,0
15179,55,0
15180,55,0
15181,55,0
15182,58,0
15183,56,0
15184,57,0
15185,59,0
15186,56,0
15187,56,0
15188,56,0
15189,56,0
15190,57,0
15191,55,0
15192,54,0
15193,56,0
15194,59,0
15195,57,0
15196,56,0
15197,57,0
15198,56,0
15199,56,0
15200,56,0
15201,59,0
15202,56,0
15203,58,0
15204,57,0
15205,61,0
15206,58,0
15207,54,0
15208,58,0
15209,57,0
15210,59,0
15211,59,0
15212,54,0
15213,56,0
15214,58,0
15215,55,0
15216,58,0
15217,56,0
15218,58,0
15219,53,0
15220,55,0
15221,56,0
15222,56,0
15223,56,0
15224,59,0
15225,59,0
15226,58,0
15227,58,0
15228,58,0
15229,59,0
15230,56,0
15231,56,0
15232,57,0
15233,56,0
15234,56,0
15235,55,0
15236,55,0
15237,56,0
15238,56,0
15239,57,0
15240,59,0
15241,58,0
15242,60,0
15243,55,0
15244,57,0
15245,56,0
15246,55,0
15247,57,0
15248,56,0
15249,58,0
15250,58,0
15251,57,0
15252,57,0
15253,58,0
15254,56,0
15255,58,0
15256,57,0
15257,58,0
15258,56,0
15259,57,0
15260,53,0
15261,56,0
15262,57,0
15263,55,0
15264,58,0
15265,58,0
15266,55,0
15267,55,0
15268,56,0
15269,58,0
15270,57,0
15271,55,0
15272,56,0
15273,56,0
15274,58,0
15275,57,0
15276,57,0
15277,56,0
15278,58,0
15279,59,0
15280,59,0
15281,56,0
15282,60,0
15283,57,0
15284,59,0
15285,58,0
15286,56,0
15287,55,0
15288,59,0
15289,58,0
15290,55,0
15291,55,0
15292,56,0
15293,58,0
15294,59,0
15295,55,0
15296,57,0
15297,58,0
15298,58,0
15299,58,0
15300,57,0
15301,57,0
15302,56,0
15303,56,0
15304,56,0
15305,59,0
15306,56,0
15307,60,0
15308,56,0
15309,57,0
15310,57,0
15311,56,0
15312,56,0
15313,58,0
15314,57,0
15315,58,0
15316,56,0
15317,58,0
15318,55,0
15319,57,0
15320,56,0
15321,56,0
15322,58,0
15323,57,0
15324,57,0
15325,56,0
15326,56,0
15327,55,0
15328,55,0
15329,56,0
15330,58,0
15331,55,0
15332,56,0
15333,58,0
15334,57,0
15335,59,0
15336,56,0
15337,56,0
15338,55,0
15339,59,0
15340,56,0
15341,56,0
15342,58,0
15343,57,0
15344,58,0
15345,58,0
15346,53,0
15347,55,0
15348,57,0
15349,58,0
15350,56,0
15351,56,0
15352,56,0
15353,55,0
15354,55,0
15355,58,0
15356,56,0
15357,58,0
15358,57,0
15359,56,0
15360,56,0
15361,56,0
15362,60,0
15363,57,0
15364,55,0
15365,56,0
15366,55,0
15367,59,0
15368,58,0
15369,56,0
15370,57,0
15371,56,0
15372,56,0
15373,56,0
15374,56,0
15375,56,0
15376,59,0
15377,57,0
15378,56,0
15379,58,0
15380,56,0
15381,57,0
15382,55,0
15383,56,0
15384,56,0
15385,58,0
15386,55,0
15387,56,0
15388,56,0
15389,56,0
15390,55,0
15391,56,0
15392,56,0
15393,58,0
15394,57,0
15395,57,0
15396,56,0
15397,59,0
15398,59,0
15399,56,0
15400,58,0
15401,56,0
15402,59,0
15403,59,0
15404,56,0
15405,56,0
15406,58,0
15407,59,0
15408,59,0
15409,56,0
15410,54,0
15411,56,0
15412,59,0
15413,56,0
15414,58,0
15415,59,0
15416,59,0
15417,56,0
15418,56,0
15419,57,0
15420,57,0
15421,58,0
15422,56,0
15423,57,0
15424,57,0
15425,60,0
15426,58,0
15427,55,0
15428,57,0
15429,56,0
15430,56,0
15431,59,0
15432,55,0
15433,58,0
15434,58,0
15435,59,0
15436,57,0
15437,56,0
15438,58,0
15439,59,0
15440,60,0
15441,58,0
15442,58,0
15443,53,0
15444,56,0
15445,55,0
15446,55,0
15447,56,0
15448,58,0
15449,57,0
15450,56,0
15451,56,0
15452,58,0
15453,59,0
15454,56,0
15455,58,0
15456,58,0
15457,57,0
15458,58,0
15459,58,0
15460,55,0
15461,56,0
15462,56,0
15463,57,0
15464,57,0
15465,58,0
15466,56,0
15467,57,0
15468,54,0
15469,56,0
15470,56,0
15471,55,0
15472,59,0
15473,56,0
15474,58,0
15475,58,0
15476,57,0
15477,57,0
15478,56,0
15479,58,0
15480,55,0
15481,59,0
15482,56,0
15483,58,0
15484,55,0
15485,56,0
15486,56,0
15487,55,0
15488,54,0
15489,56,0
15490,55,0
15491,57,0
15492,58,0
15493,58,0
15494,57,0
15495,57,0
15496,56,0
15497,58,0
15498,57,0
15499,59,0
15500,58,0
15501,58,0
15502,55,0
15503,56,0
15504,56,0
15505,56,0
15506,55,0
15507,58,0
15508,55,0
15509,56,0
15510,56,0
15511,59,0
15512,57,0
15513,58,0
15514,56,0
15515,53,0
15516,57,0
15517,56,0
15518,58,0
15519,55,0
15520,55,0
15521,56,0
15522,56,0
15523,56,0
15524,55,0
15525,56,0
15526,58,0
15527,55,0
15528,59,0
15529,56,0
15530,54,0
15531,58,0
15532,61,0
15533,55,0
15534,56,0
15535,58,0
15536,59,0
15537,55,0
15538,58,0
15539,57,0
15540,56,0
15541,56,0
15542,58,0
15543,57,0
15544,56,0
15545,58,0
15546,56,0
15547,57,0
15548,56,0
15549,58,0
15550,55,0
15551,56,0
15552,58,0
15553,56,0
15554,57,0
15555,55,0
15556,58,0
15557,58,0
15558,59,0
15559,58,0
15560,58,0
15561,57,0
15562,57,0
15563,58,0
15564,58,0
15565,57,0
15566,57,0
15567,56,0
15568,56,0
15569,59,0
15570,57,0
15571,56,0
15572,58,0
15573,56,0
15574,56,0
15575,57,0
15576,59,0
15577,58,0
15578,58,0
15579,57,0
15580,56,0
15581,58,0
15582,57,0
15583,57,0
15584,58,0
15585,56,0
15586,59,0
15587,59,0
15588,56,0
15589,55,0
15590,54,0
15591,58,0
15592,58,0
15593,57,0
15594,57,0
15595,58,0
15596,56,0
15597,59,0
15598,55,0
15599,55,0
15600,56,0
15601,57,0
15602,57,0
15603,54,0
15604,56,0
15605,57,0
15606,59,0
15607,58,0
15608,58,0
15609,56,0
15610,59,0
15611,59,0
15612,56,0
15613,56,0
15614,57,0
15615,57,0
15616,56,0
15617,56,0
15618,58,0
15619,57,0
15620,56,0
15621,56,0
15622,59,0
15623,57,0
15624,58,0
15625,56,0
15626,56,0
15627,55,0
15628,56,0
15629,56,0
15630,55,0
15631,55,0
15632,56,0
15633,58,0
15634,57,0
15635,57,0
15636,58,0
15637,56,0
15638,57,0
15639,57,0
15640,56,0
15641,58,0
15642,57,0
15643,57,0
15644,58,0
15645,55,0
15646,55,0
15647,56,0
15648,56,0
15649,59,0
15650,58,0
15651,56,0
15652,56,0
15653,59,0
15654,57,0
15655,58,0
15656,58,0
15657,57,0
15658,56,0
15659,56,0
15660,56,0
15661,57,0
15662,54,0
15663,56,0
15664,58,0
15665,55,0
15666,56,0
15667,56,0
15668,57,0
15669,55,0
15670,58,0
15671,56,0
15672,56,0
15673,57,0
15674,58,0
15675,56,0
15676,58,0
15677,57,0
15678,56,0
15679,58,0
15680,56,0
15681,55,0
15682,59,0
15683,58,0
15684,55,0
15685,59,0
15686,54,0
15687,58,0
15688,58,0
15689,55,0
15690,59,0
15691,58,0
15692,56,0
15693,56,0
15694,57,0
15695,57,0
15696,56,0
15697,58,0
15698,58,0
15699,59,0
15700,57,0
15701,56,0
15702,56,0
15703,59,0
15704,55,0
15705,54,0
15706,56,0
15707,55,0
15708,53,0
15709,58,0
15710,58,0
15711,59,0
15712,55,0
15713,56,0
15714,58,0
15715,58,0
15716,55,0
15717,56,0
15718,56,0
15719,58,0
15720,59,0
15721,56,0
15722,56,0
15723,58,0
15724,55,0
15725,55,0
15726,56,0
15727,56,0
15728,57,0
15729,57,0
15730,58,0
15731,56,0
15732,57,0
15733,59,0
15734,56,0
15735,58,0
15736,56,0
15737,57,0
15738,59,0
15739,58,0
15740,56,0
15741,57,0
15742,57,0
15743,56,0
15744,58,0
15745,59,0
15746,55,0
15747,58,0
15748,58,0
15749,57,0
15750,55,0
15751,56,0
15752,55,0
15753,56,0
15754,56,0
15755,56,0
15756,55,0
15757,58,0
15758,58,0
15759,57,0
15760,58,0
15761,56,0
15762,56,0
15763,55,0
15764,56,0
15765,56,0
15766,56,0
15767,59,0
15768,58,0
15769,56,0
15770,58,0
15771,61,0
15772,58,0
15773,58,0
15774,59,0
15775,56,0
15776,58,0
15777,58,0
15778,57,0
15779,57,0
15780,56,0
15781,56,0
15782,59,0
15783,56,0
15784,58,0
15785,57,0
15786,59,0
15787,58,0
15788,58,0
15789,59,0
15790,54,0
15791,56,0
15792,59,0
15793,57,0
15794,58,0
15795,58,0
15796,58,0
15797,56,0
15798,57,0
15799,57,0
15800,56,0
15801,56,0
15802,55,0
15803,59,0
15804,58,0
15805,56,0
15806,59,0
15807,57,0
15808,56,0
15809,58,0
15810,57,0
15811,59,0
15812,58,0
15813,56,0
15814,54,0
15815,57,0
15816,58,0
15817,58,0
15818,57,0
15819,56,0
15820,56,0
15821,56,0
15822,57,0
15823,58,0
15824,56,0
15825,57,0
15826,57,0
15827,56,0
15828,58,0
15829,55,0
15830,56,0
15831,56,0
15832,56,0
15833,57,0
15834,58,0
15835,56,0
15836,57,0
15837,55,0
15838,58,0
15839,60,0
15840,57,0
15841,57,0
15842,56,0
15843,58,0
15844,61,0
15845,57,0
15846,58,0
15847,56,0
15848,57,0
15849,55,0
15850,58,0
15851,58,0
15852,55,0
15853,57,0
15854,58,0
15855,58,0
15856,55,0
15857,57,0
15858,56,0
15859,56,0
15860,55,0
15861,55,0
15862,56,0
15863,56,0
15864,58,0
15865,57,0
15866,56,0
15867,58,0
15868,57,0
15869,58,0
15870,56,0
15871,58,0
15872,59,0
15873,59,0
15874,58,0
15875,57,0
15876,55,0
15877,56,0
15878,56,0
15879,56,0
15880,57,0
15881,55,0
15882,55,0
15883,56,0
15884,58,0
15885,55,0
15886,59,0
15887,58,0
15888,56,0
15889,58,0
15890,55,0
15891,57,0
15892,58,0
15893,57,0
15894,57,0
15895,56,0
15896,58,0
15897,56,0
15898,55,0
15899,59,0
15900,55,0
15901,56,0
15902,56,0
15903,61,0
15904,58,0
15905,54,0
15906,55,0
15907,58,0
15908,54,0
15909,57,0
15910,55,0
15911,58,0
15912,58,0
15913,59,0
15914,56,0
15915,56,0
15916,59,0
15917,56,0
15918,58,0
15919,59,0
15920,58,0
15921,57,0
15922,56,0
15923,58,0
15924,55,0
15925,55,0
15926,58,0
15927,56,0
15928,58,0
15929,55,0
15930,56,0
15931,56,0
15932,56,0
15933,55,0
15934,55,0
15935,53,0
15936,58,0
15937,56,0
15938,57,0
15939,59,0
15940,56,0
15941,58,0
15942,58,0
15943,55,0
15944,57,0
15945,56,0
15946,56,0
15947,59,0
15948,56,0
15949,56,0
15950,59,0
15951,55,0
15952,56,0
15953,57,0
15954,55,0
15955,58,0
15956,56,0
15957,58,0
15958,55,0
15959,55,0
15960,58,0
15961,56,0
15962,58,0
15963,57,0
15964,56,0
15965,58,0
15966,55,0
15967,55,0
15968,58,0
15969,56,0
15970,57,0
15971,59,0
15972,56,0
15973,56,0
15974,55,0
15975,56,0
15976,56,0
15977,55,0
15978,55,0
15979,58,0
15980,54,0
15981,59,0
15982,58,0
15983,55,0
15984,59,0
15985,58,0
15986,58,0
15987,57,0
15988,57,0
15989,58,0
15990,58,0
15991,56,0
15992,57,0
15993,56,0
15994,58,0
15995,59,0
15996,57,0
15997,56,0
15998,56,0
15999,57,0
16000,55,0
16001,58,0
16002,58,0
16003,57,0
16004,56,0
16005,56,0
16006,56,0
16007,57,0
16008,53,0
16009,56,0
16010,56,0
16011,57,0
16012,57,0
16013,57,0
16014,58,0
16015,57,0
16016,57,0
16017,58,0
16018,58,0
16019,56,0
16020,59,0
16021,56,0
16022,56,0
16023,56,0
16024,55,0
16025,55,0
16026,56,0
16027,60,0
16028,56,0
16029,53,0
16030,58,0
16031,58,0
16032,58,0
16033,55,0
16034,56,0
16035,56,0
16036,57,0
16037,58,0
16038,58,0
16039,58,0
16040,56,0
16041,55,0
16042,56,0
16043,58,0
16044,55,0
16045,59,0
16046,56,0
16047,56,0
16048,58,0
16049,59,0
16050,55,0
16051,56,0
16052,56,0
16053,58,0
16054,57,0
16055,59,0
16056,56,0
16057,58,0
16058,56,0
16059,61,0
16060,56,0
16061,56,0
16062,56,0
16063,55,0
16064,56,0
16065,58,0
16066,57,0
16067,55,0
16068,58,0
16069,58,0
16070,56,0
16071,55,0
16072,57,0
16073,58,0
16074,58,0
16075,59,0
16076,53,0
16077,56,0
16078,58,0
16079,57,0
16080,55,0
16081,56,0
16082,58,0
16083,56,0
16084,55,0
16085,58,0
16086,60,0
16087,54,0
16088,55,0
16089,55,0
16090,58,0
16091,56,0
16092,56,0
16093,57,0
16094,58,0
16095,54,0
16096,55,0
16097,56,0
16098,56,0
16099,57,0
16100,56,0
16101,58,0
16102,55,0
16103,53,0
16104,58,0
16105,57,0
16106,59,0
16107,58,0
16108,57,0
16109,55,0
16110,56,0
16111,58,0
16112,58,0
16113,55,0
16114,56,0
16115,56,0
16116,54,0
16117,57,0
16118,59,0
16119,56,0
16120,56,0
16121,57,0
16122,55,0
16123,58,0
16124,56,0
16125,57,0
16126,56,0
16127,58,0
16128,59,0
16129,56,0
16130,58,0
16131,59,0
16132,56,0
16133,58,0
16134,58,0
16135,57,0
16136,59,0
16137,58,0
16138,56,0
16139,57,0
16140,56,0
16141,58,0
16142,57,0
16143,57,0
16144,58,0
16145,56,0
16146,59,0
16147,59,0
16148,56,0
16149,58,0
16150,56,0
16151,57,0
16152,55,0
16153,56,0
16154,58,0
16155,57,0
16156,57,0
16157,58,0
16158,55,0
16159,57,0
16160,56,0
16161,56,0
16162,57,0
16163,55,0
16164,56,0
16165,58,0
16166,57,0
16167,59,0
16168,56,0
16169,56,0
16170,55,0
16171,56,0
16172,56,0
16173,57,0
16174,61,0
16175,56,0
16176,58,0
16177,58,0
16178,57,0
16179,56,0
16180,58,0
16181,55,0
16182,58,0
16183,58,0
16184,60,0
16185,55,0
16186,58,0
16187,58,0
16188,59,0
16189,55,0
16190,56,0
16191,58,0
16192,55,0
16193,57,0
16194,60,0
16195,54,0
16196,55,0
16197,57,0
16198,56,0
16199,59,0
16200,53,0
16201,56,0
16202,56,0
16203,56,0
16204,59,0
16205,55,0
16206,55,0
16207,56,0
16208,56,0
16209,58,0
16210,57,0
16211,55,0
16212,54,0
16213,54,0
16214,58,0
16215,53,0
16216,58,0
16217,58,0
16218,56,0
16219,55,0
16220,57,0
16221,56,0
16222,57,0
16223,57,0
16224,55,0
16225,58,0
16226,56,0
16227,55,0
16228,59,0
16229,56,0
16230,56,0
16231,57,0
16232,57,0
16233,58,0
16234,58,0
16235,57,0
16236,55,0
16237,56,0
16238,56,0
16239,57,0
16240,55,0
16241,58,0
16242,56,0
16243,57,0
16244,57,0
16245,56,0
16246,58,0
16247,58,0
16248,57,0
16249,55,0
16250,56,0
16251,56,0
16252,57,0
16253,57,0
16254,58,0
16255,57,0
16256,59,0
16257,56,0
16258,56,0
16259,55,0
16260,53,0
16261,56,0
16262,54,0
16263,56,0
16264,55,0
16265,58,0
16266,58,0
16267,56,0
16268,55,0
16269,58,0
16270,58,0
16271,59,0
16272,55,0
16273,56,0
16274,58,0
16275,55,0
16276,59,0
16277,56,0
16278,56,0
16279,59,0
16280,56,0
16281,58,0
16282,56,0
16283,57,0
16284,60,0
16285,58,0
16286,57,0
16287,55,0
16288,58,0
16289,58,0
16290,56,0
16291,57,0
16292,55,0
16293,56,0
16294,58,0
16295,55,0
16296,56,0
16297,57,0
16298,57,0
16299,58,0
16300,58,0
16301,58,0
16302,59,0
16303,55,0
16304,58,0
16305,58,0
16306,59,0
16307,55,0
16308,58,0
16309,56,0
16310,56,0
16311,57,0
16312,58,0
16313,56,0
16314,59,0
16315,55,0
16316,58,0
16317,56,0
16318,58,0
16319,57,0
16320,57,0
16321,58,0
16322,58,0
16323,55,0
16324,55,0
16325,57,0
16326,58,0
16327,58,0
16328,57,0
16329,57,0
16330,57,0
16331,56,0
16332,56,0
16333,57,0
16334,57,0
16335,58,0
16336,58,0
16337,56,0
16338,59,0
16339,57,0
16340,56,0
16341,58,0
16342,55,0
16343,56,0
16344,56,0
16345,57,0
16346,57,0
16347,56,0
16348,58,0
16349,57,0
16350,57,0
16351,56,0
16352,56,0
16353,58,0
16354,59,0
16355,56,0
16356,56,0
16357,58,0
16358,55,0
16359,57,0
16360,56,0
16361,56,0
16362,58,0
16363,57,0
16364,55,0
16365,58,0
16366,58,0
16367,57,0
16368,59,0
16369,56,0
16370,57,0
16371,55,0
16372,58,0
16373,59,0
16374,55,0
16375,58,0
16376,58,0
16377,53,0
16378,56,0
16379,58,0
16380,57,0
16381,57,0
16382,55,0
16383,58,0
16384,58,0
16385,53,0
16386,57,0
16387,58,0
16388,60,0
16389,55,0
16390,59,0
16391,55,0
16392,56,0
16393,56,0
16394,58,0
16395,57,0
16396,59,0
16397,59,0
16398,58,0
16399,58,0
16400,56,0
16401,57,0
16402,57,0
16403,58,0
16404,58,0
16405,55,0
16406,58,0
16407,55,0
16408,59,0
16409,56,0
16410,56,0
16411,57,0
16412,55,0
16413,56,0
16414,58,0
16415,56,0
16416,55,0
16417,55,0
16418,56,0
16419,56,0
16420,58,0
16421,57,0
16422,56,0
16423,56,0
16424,56,0
16425,55,0
16426,59,0
16427,56,0
16428,58,0
16429,53,0
16430,61,0
16431,56,0
16432,56,0
16433,57,0
16434,57,0
16435,59,0
16436,56,0
16437,56,0
16438,55,0
16439,57,0
16440,56,0
16441,56,0
16442,58,0
16443,57,0
16444,55,0
16445,58,0
16446,56,0
16447,55,0
16448,57,0
16449,56,0
16450,56,0
16451,58,0
16452,59,0
16453,57,0
16454,56,0
16455,58,0
16456,57,0
16457,56,0
16458,56,0
16459,57,0
16460,55,0
16461,56,0
16462,58,0
16463,60,0
16464,57,0
16465,53,0
16466,56,0
16467,57,0
16468,58,0
16469,58,0
16470,59,0
16471,58,0
16472,56,0
16473,59,0
16474,59,0
16475,58,0
16476,58,0
16477,59,0
16478,56,0
16479,56,0
16480,55,0
16481,55,0
16482,58,0
16483,55,0
16484,57,0
16485,58,0
16486,58,0
16487,55,0
16488,56,0
16489,59,0
16490,53,0
16491,56,0
16492,57,0
16493,55,0
16494,59,0
16495,58,0
16496,58,0
16497,57,0
16498,57,0
16499,56,0
16500,58,0
16501,56,0
16502,57,0
16503,56,0
16504,58,0
16505,58,0
16506,55,0
16507,57,0
16508,58,0
16509,56,0
16510,59,0
16511,57,0
16512,60,0
16513,56,0
16514,57,0
16515,57,0
16516,56,0
16517,56,0
16518,56,0
16519,57,0
16520,55,0
16521,56,0
16522,56,0
16523,58,0
16524,55,0
16525,55,0
16526,56,0
16527,55,0
16528,57,0
16529,56,0
16530,56,0
16531,56,0
16532,57,0
16533,57,0
16534,56,0
16535,56,0
16536,59,0
16537,58,0
16538,56,0
16539,59,0
16540,57,0
16541,56,0
16542,58,0
16543,57,0
16544,58,0
16545,58,0
16546,59,0
16547,57,0
16548,56,0
16549,55,0
16550,57,0
16551,56,0
16552,58,0
16553,59,0
16554,56,0
16555,58,0
16556,57,0
16557,57,0
16558,56,0
16559,56,0
16560,56,0
16561,59,0
16562,55,0
16563,58,0
16564,56,0
16565,56,0
16566,59,0
16567,57,0
16568,56,0
16569,56,0
16570,59,0
16571,57,0
16572,56,0
16573,56,0
16574,57,0
16575,57,0
16576,56,0
16577,55,0
16578,55,0
16579,58,0
16580,56,0
16581,61,0
16582,59,0
16583,58,0
16584,56,0
16585,61,0
16586,55,0
16587,58,0
16588,56,0
16589,57,0
16590,56,0
16591,56,0
16592,56,0
16593,56,0
16594,56,0
16595,59,0
16596,57,0
16597,59,0
16598,56,0
16599,58,0
16600,56,0
16601,57,0
16602,57,0
16603,56,0
16604,56,0
16605,57,0
16606,59,0
16607,58,0
16608,56,0
16609,58,0
16610,57,0
16611,55,0
16612,58,0
16613,55,0
16614,55,0
16615,57,0
16616,56,0
16617,56,0
16618,57,0
16619,57,0
16620,58,0
16621,58,0
16622,57,0
16623,56,0
16624,56,0
16625,59,0
16626,55,0
16627,56,0
16628,56,0
16629,56,0
16630,55,0
16631,55,0
16632,58,0
16633,56,0
16634,57,0
16635,57,0
16636,54,0
16637,58,0
16638,55,0
16639,59,0
16640,57,0
16641,58,0
16642,56,0
16643,57,0
16644,59,0
16645,58,0
16646,58,0
16647,57,0
16648,62,0
16649,59,0
16650,58,0
16651,59,0
16652,56,0
16653,57,0
16654,56,0
16655,57,0
16656,57,0
16657,56,0
16658,57,0
16659,55,0
16660,58,0
16661,56,0
16662,57,0
16663,56,0
16664,57,0
16665,57,0
16666,56,0
16667,56,0
16668,55,0
16669,56,0
16670,56,0
16671,57,0
16672,55,0
16673,56,0
16674,58,0
16675,57,0
16676,56,0
16677,56,0
16678,56,0
16679,55,0
16680,57,0
16681,58,0
16682,57,0
16683,56,0
16684,56,0
16685,59,0
16686,56,0
16687,58,0
16688,59,0
16689,57,0
16690,56,0
16691,55,0
16692,56,0
16693,58,0
16694,57,0
16695,55,0
16696,56,0
16697,56,0
16698,56,0
16699,58,0
16700,58,0
16701,55,0
16702,57,0
16703,56,0
16704,56,0
16705,57,0
16706,59,0
16707,58,0
16708,58,0
16709,56,0
16710,57,0
16711,56,0
16712,56,0
16713,56,0
16714,55,0
16715,56,0
16716,56,0
16717,55,0
16718,57,0
16719,58,0
16720,56,0
16721,57,0
16722,55,0
16723,56,0
16724,60,0
16725,57,0
16726,59,0
16727,56,0
16728,58,0
16729,57,0
16730,55,0
16731,56,0
16732,56,0
16733,58,0
16734,59,0
16735,56,0
16736,58,0
16737,59,0
16738,57,0
16739,58,0
16740,56,0
16741,55,0
16742,56,0
16743,56,0
16744,55,0
16745,58,0
16746,56,0
16747,58,0
16748,57,0
16749,57,0
16750,54,0
16751,56,0
16752,56,0
16753,59,0
16754,59,0
16755,56,0
16756,56,0
16757,56,0
16758,57,0
16759,53,0
16760,58,0
16761,56,0
16762,56,0
16763,59,0
16764,55,0
16765,58,0
16766,58,0
16767,57,0
16768,56,0
16769,54,0
16770,56,0
16771,55,0
16772,57,0
16773,56,0
16774,56,0
16775,59,0
16776,58,0
16777,58,0
16778,56,0
16779,57,0
16780,56,0
16781,56,0
16782,58,0
16783,59,0
16784,55,0
16785,58,0
16786,56,0
16787,57,0
16788,54,0
16789,54,0
16790,56,0
16791,57,0
16792,61,0
16793,56,0
16794,56,0
16795,55,0
16796,54,0
16797,56,0
16798,57,0
16799,55,0
16800,56,0
16801,56,0
16802,55,0
16803,57,0
16804,54,0
16805,58,0
16806,57,0
16807,55,0
16808,58,0
16809,58,0
16810,61,0
16811,59,0
16812,56,0
16813,56,0
16814,59,0
16815,59,0
16816,56,0
16817,57,0
16818,56,0
16819,56,0
16820,56,0
16821,55,0
16822,55,0
16823,58,0
16824,58,0
16825,56,0
16826,55,0
16827,57,0
16828,56,0
16829,56,0
16830,55,0
16831,59,0
16832,56,0
16833,56,0
16834,59,0
16835,55,0
16836,56,0
16837,58,0
16838,57,0
16839,55,0
16840,58,0
16841,58,0
16842,56,0
16843,59,0
16844,55,0
16845,56,0
16846,58,0
16847,58,0
16848,55,0
16849,55,0
16850,58,0
16851,56,0
16852,57,0
16853,58,0
16854,58,0
16855,57,0
16856,56,0
16857,56,0
16858,57,0
16859,55,0
16860,56,0
16861,58,0
16862,56,0
16863,59,0
16864,59,0
16865,56,0
16866,56,0
16867,56,0
16868,61,0
16869,57,0
16870,58,0
16871,56,0
16872,59,0
16873,58,0
16874,55,0
16875,59,0
16876,56,0
16877,58,0
16878,58,0
16879,57,0
16880,57,0
16881,56,0
16882,58,0
16883,55,0
16884,56,0
16885,56,0
16886,59,0
16887,56,0
16888,56,0
16889,56,0
16890,57,0
16891,56,0
16892,58,0
16893,55,0
16894,55,0
16895,56,0
16896,58,0
16897,53,0
16898,57,0
16899,59,0
16900,56,0
16901,57,0
16902,55,0
16903,58,0
16904,58,0
16905,56,0
16906,57,0
16907,58,0
16908,56,0
16909,56,0
16910,55,0
16911,55,0
16912,58,0
16913,58,0
16914,58,0
16915,58,0
16916,57,0
16917,58,0
16918,56,0
16919,56,0
16920,57,0
16921,61,0
16922,56,0
16923,56,0
16924,56,0
16925,57,0
16926,57,0
16927,56,0
16928,58,0
16929,58,0
16930,55,0
16931,55,0
16932,58,0
16933,58,0
16934,58,0
16935,55,0
16936,58,0
16937,60,0
16938,57,0
16939,57,0
16940,58,0
16941,58,0
16942,58,0
16943,55,0
16944,57,0
16945,58,0
16946,58,0
16947,58,0
16948,61,0
16949,55,0
16950,58,0
16951,56,0
16952,56,0
16953,61,0
16954,56,0
16955,58,0
16956,56,0
16957,56,0
16958,56,0
16959,57,0
16960,59,0
16961,58,0
16962,56,0
16963,56,0
16964,59,0
16965,56,0
16966,56,0
16967,59,0
16968,57,0
16969,56,0
16970,55,0
16971,57,0
16972,56,0
16973,56,0
16974,56,0
16975,56,0
16976,56,0
16977,59,0
16978,57,0
16979,56,0
16980,56,0
16981,57,0
16982,57,0
16983,55,0
16984,56,0
16985,56,0
16986,59,0
16987,57,0
16988,56,0
16989,60,0
16990,56,0
16991,55,0
16992,56,0
16993,56,0
16994,56,0
16995,57,0
16996,55,0
16997,56,0
16998,58,0
16999,57,0
17000,55,0
17001,56,0
17002,58,0
17003,59,0
17004,57,0
17005,56,0
17006,56,0
17007,56,0
17008,55,0
17009,59,0
17010,55,0
17011,58,0
17012,56,0
17013,55,0
17014,59,0
17015,54,0
17016,54,0
17017,57,0
17018,56,0
17019,58,0
17020,58,0
17021,55,0
17022,55,0
17023,58,0
17024,58,0
17025,59,0
17026,59,0
17027,56,0
17028,56,0
17029,57,0
17030,57,0
17031,56,0
17032,59,0
17033,57,0
17034,58,0
17035,56,0
17036,59,0
17037,57,0
17038,56,0
17039,58,0
17040,58,0
17041,55,0
17042,55,0
17043,54,0
17044,56,0
17045,58,0
17046,59,0
17047,53,0
17048,56,0
17049,56,0
17050,59,0
17051,59,0
17052,56,0
17053,58,0
17054,57,0
17055,57,0
17056,58,0
17057,57,0
17058,57,0
17059,56,0
17060,56,0
17061,56,0
17062,55,0
17063,61,0
17064,58,0
17065,57,0
17066,57,0
17067,55,0
17068,56,0
17069,56,0
17070,57,0
17071,55,0
17072,58,0
17073,57,0
17074,53,0
17075,58,0
17076,58,0
17077,55,0
17078,57,0
17079,56,0
17080,58,0
17081,55,0
17082,57,0
17083,58,0
17084,56,0
17085,56,0
17086,55,0
17087,58,0
17088,58,0
17089,58,0
17090,59,0
17091,59,0
17092,58,0
17093,56,0
17094,59,0
17095,57,0
17096,58,0
17097,56,0
17098,57,0
17099,57,0
17100,59,0
17101,58,0
17102,59,0
17103,57,0
17104,58,0
17105,56,0
17106,55,0
17107,57,0
17108,58,0
17109,58,0
17110,57,0
17111,57,0
17112,56,0
17113,58,0
17114,58,0
17115,57,0
17116,59,0
17117,56,0
17118,58,0
17119,55,0
17120,57,0
17121,56,0
17122,58,0
17123,56,0
17124,55,0
17125,58,0
17126,56,0
17127,60,0
17128,57,0
17129,55,0
17130,58,0
17131,57,0
17132,59,0
17133,56,0
17134,56,0
17135,57,0
17136,55,0
17137,56,0
17138,58,0
17139,56,0
17140,55,0
17141,55,0
17142,56,0
17143,56,0
17144,55,0
17145,59,0
17146,55,0
17147,56,0
17148,56,0
17149,58,0
17150,59,0
17151,55,0
17152,59,0
17153,58,0
17154,56,0
17155,56,0
17156,55,0
17157,55,0
17158,60,0
17159,58,0
17160,56,0
17161,57,0
17162,56,0
17163,58,0
17164,57,0
17165,55,0
17166,56,0
17167,58,0
17168,58,0
17169,57,0
17170,60,0
17171,56,0
17172,55,0
17173,55,0
17174,56,0
17175,56,0
17176,56,0
17177,55,0
17178,56,0
17179,58,0
17180,57,0
17181,53,0
17182,56,0
17183,56,0
17184,57,0
17185,56,0
17186,56,0
17187,58,0
17188,57,0
17189,59,0
17190,56,0
17191,56,0
17192,57,0
17193,56,0
17194,56,0
17195,55,0
17196,59,0
17197,58,0
17198,56,0
17199,57,0
17200,58,0
17201,58,0
17202,57,0
17203,58,0
17204,57,0
17205,57,0
17206,58,0
17207,58,0
17208,57,0
17209,59,0
17210,56,0
17211,58,0
17212,58,0
17213,55,0
17214,55,0
17215,56,0
17216,58,0
17217,57,0
17218,57,0
17219,55,0
17220,56,0
17221,58,0
17222,59,0
17223,56,0
17224,57,0
17225,59,0
17226,58,0
17227,56,0
17228,57,0
17229,58,0
17230,58,0
17231,57,0
17232,57,0
17233,56,0
17234,58,0
17235,57,0
17236,57,0
17237,58,0
17238,56,0
17239,59,0
17240,57,0
17241,56,0
17242,56,0
17243,58,0
17244,55,0
17245,58,0
17246,58,0
17247,59,0
17248,56,0
17249,58,0
17250,56,0
17251,59,0
17252,55,0
17253,56,0
17254,56,0
17255,58,0
17256,59,0
17257,58,0
17258,58,0
17259,58,0
17260,55,0
17261,58,0
17262,56,0
17263,58,0
17264,57,0
17265,56,0
17266,58,0
17267,58,0
17268,56,0
17269,59,0
17270,55,0
17271,56,0
17272,58,0
17273,56,0
17274,57,0
17275,57,0
17276,56,0
17277,58,0
17278,55,0
17279,55,0
17280,55,0
17281,56,0
17282,56,0
17283,57,0
17284,57,0
17285,56,0
17286,58,0
17287,58,0
17288,59,0
17289,56,0
17290,57,0
17291,57,0
17292,58,0
17293,56,0
17294,55,0
17295,59,0
17296,58,0
17297,56,0
17298,56,0
17299,57,0
17300,59,0
17301,56,0
17302,56,0
17303,59,0
17304,57,0
17305,58,0
17306,54,0
17307,56,0
17308,59,0
17309,56,0
17310,58,0
17311,56,0
17312,57,0
17313,58,0
17314,58,0
17315,55,0
17316,59,0
17317,56,0
17318,56,0
17319,55,0
17320,57,0
17321,58,0
17322,56,0
17323,56,0
17324,55,0
17325,56,0
17326,56,0
17327,57,0
17328,56,0
17329,58,0
17330,55,0
17331,58,0
17332,56,0
17333,59,0
17334,55,0
17335,58,0
17336,56,0
17337,58,0
17338,57,0
17339,56,0
17340,54,0
17341,57,0
17342,56,0
17343,56,0
17344,57,0
17345,55,0
17346,56,0
17347,56,0
17348,56,0
17349,55,0
17350,56,0
17351,58,0
17352,58,0
17353,59,0
17354,58,0
17355,54,0
17356,57,0
17357,58,0
17358,56,0
17359,57,0
17360,59,0
17361,56,0
17362,56,0
17363,58,0
17364,55,0
17365,57,0
17366,58,0
17367,58,0
17368,57,0
17369,57,0
17370,58,0
17371,57,0
17372,54,0
17373,58,0
17374,56,0
17375,59,0
17376,57,0
17377,58,0
17378,56,0
17379,57,0
17380,56,0
17381,58,0
17382,58,0
17383,57,0
17384,56,0
17385,56,0
17386,56,0
17387,61,0
17388,58,0
17389,56,0
17390,57,0
17391,57,0
17392,56,0
17393,61,0
17394,54,0
17395,57,0
17396,56,0
17397,56,0
17398,56,0
17399,54,0
17400,55,0
17401,55,0
17402,54,0
17403,53,0
17404,58,0
17405,56,0
17406,56,0
17407,57,0
17408,56,0
17409,54,0
17410,55,0
17411,58,0
17412,56,0
17413,55,0
17414,59,0
17415,56,0
17416,57,0
17417,57,0
17418,56,0
17419,56,0
17420,56,0
17421,53,0
17422,57,0
17423,58,0
17424,56,0
17425,57,0
17426,55,0
17427,58,0
17428,56,0
17429,57,0
17430,58,0
17431,56,0
17432,57,0
17433,60,0
17434,58,0
17435,59,0
17436,58,0
17437,58,0
17438,55,0
17439,57,0
17440,56,0
17441,58,0
17442,61,0
17443,56,0
17444,55,0
17445,59,0
17446,56,0
17447,58,0
17448,55,0
17449,55,0
17450,58,0
17451,58,0
17452,55,0
17453,57,0
17454,56,0
17455,58,0
17456,55,0
17457,55,0
17458,58,0
17459,58,0
17460,58,0
17461,59,0
17462,56,0
17463,56,0
17464,58,0
17465,57,0
17466,55,0
17467,54,0
17468,58,0
17469,56,0
17470,58,0
17471,57,0
17472,57,0
17473,56,0
17474,56,0
17475,55,0
17476,56,0
17477,56,0
17478,57,0
17479,56,0
17480,58,0
17481,56,0
17482,59,0
17483,55,0
17484,58,0
17485,54,0
17486,55,0
17487,57,0
17488,58,0
17489,58,0
17490,57,0
17491,55,0
17492,58,0
17493,58,0
17494,57,0
17495,55,0
17496,56,0
17497,58,0
17498,57,0
17499,56,0
17500,56,0
17501,56,0
17502,55,0
17503,56,0
17504,58,0
17505,57,0
17506,55,0
17507,55,0
17508,58,0
17509,58,0
17510,56,0
17511,57,0
17512,57,0
17513,58,0
17514,58,0
17515,56,0
17516,55,0
17517,55,0
17518,56,0
17519,58,0
17520,57,0
17521,59,0
17522,56,0
17523,56,0
17524,56,0
17525,55,0
17526,57,0
17527,56,0
17528,56,0
17529,59,0
17530,58,0
17531,56,0
17532,57,0
17533,54,0
17534,58,0
17535,58,0
17536,59,0
17537,55,0
17538,56,0
17539,58,0
17540,58,0
17541,57,0
17542,57,0
17543,58,0
17544,55,0
17545,55,0
17546,58,0
17547,59,0
17548,57,0
17549,58,0
17550,58,0
17551,58,0
17552,57,0
17553,55,0
17554,56,0
17555,58,0
17556,58,0
17557,55,0
17558,56,0
17559,56,0
17560,59,0
17561,57,0
17562,57,0
17563,58,0
17564,56,0
17565,55,0
17566,58,0
17567,56,0
17568,58,0
17569,57,0
17570,55,0
17571,56,0
17572,56,0
17573,61,0
17574,60,0
17575,58,0
17576,58,0
17577,55,0
17578,55,0
17579,58,0
17580,58,0
17581,55,0
17582,54,0
17583,58,0
17584,58,0
17585,57,0
17586,54,0
17587,56,0
17588,57,0
17589,56,0
17590,56,0
17591,57,0
17592,58,0
17593,56,0
17594,58,0
17595,59,0
17596,55,0
17597,58,0
17598,56,0
17599,56,0
17600,57,0
17601,59,0
17602,56,0
17603,58,0
17604,57,0
17605,59,0
17606,58,0
17607,58,0
17608,55,0
17609,56,0
17610,56,0
17611,56,0
17612,61,0
17613,59,0
17614,56,0
17615,56,0
17616,59,0
17617,57,0
17618,58,0
17619,55,0
17620,55,0
17621,58,0
17622,58,0
17623,58,0
17624,55,0
17625,59,0
17626,56,0
17627,58,0
17628,56,0
17629,57,0
17630,56,0
17631,56,0
17632,57,0
17633,56,0
17634,56,0
17635,56,0
17636,57,0
17637,55,0
17638,58,0
17639,56,0
17640,55,0
17641,53,0
17642,58,0
17643,56,0
17644,55,0
17645,59,0
17646,56,0
17647,56,0
17648,59,0
17649,55,0
17650,58,0
17651,58,0
17652,55,0
17653,59,0
17654,56,0
17655,56,0
17656,56,0
17657,55,0
17658,59,0
17659,56,0
17660,58,0
17661,55,0
17662,55,0
17663,56,0
17664,58,0
17665,58,0
17666,56,0
17667,58,0
17668,56,0
17669,55,0
17670,57,0
17671,55,0
17672,58,0
17673,56,0
17674,56,0
17675,55,0
17676,57,0
17677,56,0
17678,54,0
17679,56,0
17680,55,0
17681,53,0
17682,56,0
17683,58,0
17684,56,0
17685,57,0
17686,58,0
17687,56,0
17688,57,0
17689,59,0
17690,56,0
17691,56,0
17692,56,0
17693,55,0
17694,55,0
17695,56,0
17696,58,0
17697,53,0
17698,56,0
17699,56,0
17700,59,0
17701,57,0
17702,58,0
17703,56,0
17704,55,0
17705,56,0
17706,58,0
17707,57,0
17708,58,0
17709,56,0
17710,58,0
17711,57,0
17712,58,0
17713,56,0
17714,55,0
17715,57,0
17716,58,0
17717,58,0
17718,57,0
17719,58,0
17720,56,0
17721,57,0
17722,57,0
17723,58,0
17724,58,0
17725,57,0
17726,56,0
17727,58,0
17728,58,0
17729,53,0
17730,58,0
17731,56,0
17732,57,0
17733,57,0
17734,58,0
17735,58,0
17736,58,0
17737,61,0
17738,58,0
17739,56,0
17740,55,0
17741,55,0
17742,56,0
17743,56,0
17744,57,0
17745,57,0
17746,56,0
17747,58,0
17748,58,0
17749,57,0
17750,57,0
17751,54,0
17752,58,0
17753,56,0
17754,57,0
17755,58,0
17756,56,0
17757,56,0
17758,55,0
17759,59,0
17760,58,0
17761,58,0
17762,56,0
17763,57,0
17764,58,0
17765,58,0
17766,56,0
17767,57,0
17768,59,0
17769,56,0
17770,58,0
17771,57,0
17772,57,0
17773,56,0
17774,56,0
17775,59,0
17776,55,0
17777,56,0
17778,58,0
17779,56,0
17780,59,0
17781,55,0
17782,58,0
17783,58,0
17784,56,0
17785,55,0
17786,59,0
17787,58,0
17788,56,0
17789,56,0
17790,55,0
17791,54,0
17792,58,0
17793,56,0
17794,57,0
17795,59,0
17796,58,0
17797,56,0
17798,58,0
17799,56,0
17800,57,0
17801,57,0
17802,56,0
17803,57,0
17804,58,0
17805,56,0
17806,58,0
17807,55,0
17808,56,0
17809,56,0
17810,58,0
17811,59,0
17812,56,0
17813,58,0
17814,55,0
17815,59,0
17816,56,0
17817,58,0
17818,57,0
17819,57,0
17820,58,0
17821,58,0
17822,57,0
17823,55,0
17824,56,0
17825,58,0
17826,55,0
17827,55,0
17828,56,0
17829,58,0
17830,56,0
17831,57,0
17832,56,0
17833,56,0
17834,57,0
17835,55,0
17836,56,0
17837,56,0
17838,56,0
17839,57,0
17840,55,0
17841,56,0
17842,58,0
17843,57,0
17844,55,0
17845,56,0
17846,58,0
17847,59,0
17848,55,0
17849,58,0
17850,56,0
17851,55,0
17852,55,0
17853,56,0
17854,56,0
17855,57,0
17856,56,0
17857,56,0
17858,58,0
17859,55,0
17860,56,0
17861,58,0
17862,59,0
17863,59,0
17864,58,0
17865,58,0
17866,59,0
17867,56,0
17868,58,0
17869,57,0
17870,55,0
17871,54,0
17872,55,0
17873,55,0
17874,56,0
17875,58,0
17876,57,0
17877,57,0
17878,55,0
17879,56,0
17880,56,0
17881,55,0
17882,56,0
17883,56,0
17884,57,0
17885,58,0
17886,58,0
17887,56,0
17888,57,0
17889,59,0
17890,56,0
17891,58,0
17892,58,0
17893,55,0
17894,56,0
17895,56,0
17896,59,0
17897,57,0
17898,58,0
17899,58,0
17900,59,0
17901,57,0
17902,58,0
17903,56,0
17904,55,0
17905,59,0
17906,56,0
17907,58,0
17908,57,0
17909,58,0
17910,56,0
17911,57,0
17912,56,0
17913,57,0
17914,57,0
17915,58,0
17916,58,0
17917,55,0
17918,56,0
17919,56,0
17920,55,0
17921,57,0
17922,56,0
17923,56,0
17924,57,0
17925,55,0
17926,56,0
17927,56,0
17928,59,0
17929,56,0
17930,58,0
17931,57,0
17932,59,0
17933,58,0
17934,58,0
17935,58,0
17936,55,0
17937,58,0
17938,58,0
17939,59,0
17940,56,0
17941,56,0
17942,55,0
17943,56,0
17944,56,0
17945,55,0
17946,57,0
17947,56,0
17948,56,0
17949,55,0
17950,57,0
17951,57,0
17952,56,0
17953,53,0
17954,57,0
17955,60,0
17956,58,0
17957,59,0
17958,57,0
17959,58,0
17960,56,0
17961,55,0
17962,56,0
17963,58,0
17964,55,0
17965,57,0
17966,58,0
17967,58,0
17968,59,0
17969,55,0
17970,56,0
17971,55,0
17972,55,0
17973,58,0
17974,58,0
17975,55,0
17976,55,0
17977,58,0
17978,56,0
17979,55,0
17980,55,0
17981,56,0
17982,59,0
17983,59,0
17984,58,0
17985,58,0
17986,56,0
17987,55,0
17988,57,0
17989,58,0
17990,56,0
17991,59,0
17992,59,0
17993,58,0
17994,56,0
17995,59,0
17996,59,0
17997,58,0
17998,56,0
17999,57,0
18000,59,0
18001,56,0
18002,56,0
18003,55,0
18004,55,0
18005,56,0
18006,58,0
18007,59,0
18008,55,0
18009,58,0
18010,56,0
18011,55,0
18012,58,0
18013,58,0
18014,57,0
18015,58,0
18016,54,0
18017,55,0
18018,55,0
18019,56,0
18020,56,0
18021,57,0
18022,55,0
18023,58,0
18024,56,0
18025,59,0
18026,55,0
18027,56,0
18028,56,0
18029,54,0
18030,59,0
18031,57,0
18032,58,0
18033,58,0
18034,55,0
18035,59,0
18036,57,0
18037,58,0
18038,55,0
18039,55,0
18040,58,0
18041,58,0
18042,57,0
18043,57,0
18044,56,0
18045,56,0
18046,58,0
18047,55,0
18048,55,0
18049,56,0
18050,56,0
18051,57,0
18052,56,0
18053,58,0
18054,56,0
18055,55,0
18056,57,0
18057,56,0
18058,58,0
18059,57,0
18060,57,0
18061,58,0
18062,56,0
18063,57,0
18064,55,0
18065,60,0
18066,58,0
18067,59,0
18068,58,0
18069,58,0
18070,56,0
18071,57,0
18072,61,0
18073,56,0
18074,58,0
18075,55,0
18076,56,0
18077,56,0
18078,56,0
18079,57,0
18080,57,0
18081,56,0
18082,58,0
18083,59,0
18084,55,0
18085,58,0
18086,58,0
18087,59,0
18088,57,0
18089,56,0
18090,58,0
18091,56,0
18092,56,0
18093,58,0
18094,57,0
18095,56,0
18096,56,0
18097,57,0
18098,54,0
18099,58,0
18100,57,0
18101,57,0
18102,56,0
18103,56,0
18104,57,0
18105,59,0
18106,58,0
18107,58,0
18108,55,0
18109,59,0
18110,58,0
18111,56,0
18112,57,0
18113,59,0
18114,58,0
18115,57,0
18116,57,0
18117,58,0
18118,56,0
18119,56,0
18120,57,0
18121,57,0
18122,58,0
18123,56,0
18124,57,0
18125,55,0
18126,56,0
18127,58,0
18128,58,0
18129,59,0
18130,55,0
18131,59,0
18132,58,0
18133,58,0
18134,55,0
18135,58,0
18136,59,0
18137,57,0
18138,63,0
18139,54,0
18140,58,0
18141,57,0
18142,54,0
18143,56,0
18144,55,0
18145,55,0
18146,56,0
18147,55,0
18148,56,0
18149,57,0
18150,59,0
18151,56,0
18152,54,0
18153,56,0
18154,55,0
18155,55,0
18156,54,0
18157,56,0
18158,56,0
18159,57,0
18160,55,0
18161,58,0
18162,56,0
18163,56,0
18164,55,0
18165,56,0
18166,58,0
18167,56,0
18168,59,0
18169,54,0
18170,56,0
18171,57,0
18172,56,0
18173,58,0
18174,53,0
18175,56,0
18176,58,0
18177,58,0
18178,53,0
18179,59,0
18180,58,0
18181,58,0
18182,56,0
18183,53,0
18184,57,0
18185,56,0
18186,56,0
18187,58,0
18188,55,0
18189,57,0
18190,56,0
18191,56,0
18192,56,0
18193,59,0
18194,55,0
18195,58,0
18196,56,0
18197,58,0
18198,55,0
18199,59,0
18200,56,0
18201,56,0
18202,55,0
18203,55,0
18204,58,0
18205,56,0
18206,57,0
18207,56,0
18208,54,0
18209,57,0
18210,57,0
18211,56,0
18212,58,0
18213,57,0
18214,59,0
18215,56,0
18216,58,0
18217,55,0
18218,57,0
18219,56,0
18220,58,0
18221,57,0
18222,58,0
18223,57,0
18224,56,0
18225,56,0
18226,58,0
18227,59,0
18228,59,0
18229,56,0
18230,58,0
18231,58,0
18232,57,0
18233,56,0
18234,58,0
18235,57,0
18236,59,0
18237,56,0
18238,56,0
18239,56,0
18240,55,0
18241,59,0
18242,56,0
18243,58,0
18244,58,0
18245,57,0
18246,55,0
18247,58,0
18248,57,0
18249,57,0
18250,56,0
18251,58,0
18252,56,0
18253,55,0
18254,55,0
18255,58,0
18256,55,0
18257,61,0
18258,56,0
18259,56,0
18260,57,0
18261,57,0
18262,56,0
18263,58,0
18264,57,0
18265,58,0
18266,56,0
18267,56,0
18268,59,0
18269,57,0
18270,56,0
18271,58,0
18272,55,0
18273,59,0
18274,56,0
18275,58,0
18276,58,0
18277,55,0
18278,55,0
18279,58,0
18280,58,0
18281,57,0
18282,55,0
18283,58,0
18284,58,0
18285,56,0
18286,59,0
18287,55,0
18288,58,0
18289,58,0
18290,57,0
18291,59,0
18292,54,0
18293,56,0
18294,58,0
18295,59,0
18296,56,0
18297,60,0
18298,59,0
18299,57,0
18300,57,0
18301,56,0
18302,56,0
18303,58,0
18304,56,0
18305,59,0
18306,56,0
18307,56,0
18308,55,0
18309,55,0
18310,58,0
18311,56,0
18312,56,0
18313,59,0
18314,58,0
18315,58,0
18316,56,0
18317,57,0
18318,58,0
18319,58,0
18320,55,0
18321,55,0
18322,56,0
18323,56,0
18324,59,0
18325,58,0
18326,58,0
18327,57,0
18328,57,0
18329,54,0
18330,56,0
18331,55,0
18332,56,0
18333,56,0
18334,58,0
18335,57,0
18336,56,0
18337,57,0
18338,59,0
18339,57,0
18340,56,0
18341,58,0
18342,57,0
18343,55,0
18344,56,0
18345,56,0
18346,57,0
18347,57,0
18348,56,0
18349,57,0
18350,55,0
18351,56,0
18352,56,0
18353,56,0
18354,59,0
18355,54,0
18356,58,0
18357,56,0
18358,57,0
18359,59,0
18360,56,0
18361,56,0
18362,55,0
18363,56,0
18364,58,0
18365,55,0
18366,55,0
18367,58,0
18368,56,0
18369,57,0
18370,55,0
18371,56,0
18372,56,0
18373,55,0
18374,57,0
18375,55,0
18376,56,0
18377,58,0
18378,59,0
18379,57,0
18380,56,0
18381,58,0
18382,55,0
18383,59,0
18384,54,0
18385,56,0
18386,59,0
18387,56,0
18388,56,0
18389,56,0
18390,54,0
18391,56,0
18392,56,0
18393,55,0
18394,57,0
18395,56,0
18396,58,0
18397,57,0
18398,58,0
18399,58,0
18400,55,0
18401,55,0
18402,58,0
18403,58,0
18404,56,0
18405,57,0
18406,56,0
18407,58,0
18408,57,0
18409,55,0
18410,56,0
18411,58,0
18412,55,0
18413,61,0
18414,56,0
18415,58,0
18416,59,0
18417,56,0
18418,56,0
18419,56,0
18420,55,0
18421,56,0
18422,56,0
18423,58,0
18424,57,0
18425,56,0
18426,58,0
18427,60,0
18428,59,0
18429,57,0
18430,56,0
18431,58,0
18432,55,0
18433,59,0
18434,56,0
18435,56,0
18436,57,0
18437,57,0
18438,56,0
18439,55,0
18440,57,0
18441,58,0
18442,56,0
18443,55,0
18444,56,0
18445,56,0
18446,56,0
18447,59,0
18448,59,0
18449,57,0
18450,56,0
18451,55,0
18452,57,0
18453,56,0
18454,58,0
18455,59,0
18456,57,0
18457,58,0
18458,56,0
18459,55,0
18460,57,0
18461,58,0
18462,60,0
18463,55,0
18464,56,0
18465,56,0
18466,55,0
18467,57,0
18468,58,0
18469,55,0
18470,57,0
18471,56,0
18472,58,0
18473,57,0
18474,59,0
18475,56,0
18476,58,0
18477,55,0
18478,57,0
18479,56,0
18480,56,0
18481,55,0
18482,58,0
18483,56,0
18484,53,0
18485,59,0
18486,58,0
18487,56,0
18488,56,0
18489,55,0
18490,56,0
18491,54,0
18492,55,0
18493,57,0
18494,58,0
18495,56,0
18496,55,0
18497,58,0
18498,56,0
18499,57,0
18500,56,0
18501,56,0
18502,57,0
18503,59,0
18504,56,0
18505,56,0
18506,55,0
18507,53,0
18508,56,0
18509,58,0
18510,57,0
18511,55,0
18512,58,0
18513,56,0
18514,55,0
18515,55,0
18516,56,0
18517,60,0
18518,56,0
18519,57,0
18520,56,0
18521,56,0
18522,55,0
18523,61,0
18524,56,0
18525,58,0
18526,55,0
18527,59,0
18528,56,0
18529,55,0
18530,59,0
18531,55,0
18532,58,0
18533,56,0
18534,57,0
18535,57,0
18536,61,0
18537,55,0
18538,56,0
18539,56,0
18540,56,0
18541,57,0
18542,55,0
18543,54,0
18544,56,0
18545,56,0
18546,59,0
18547,56,0
18548,56,0
18549,58,0
18550,56,0
18551,57,0
18552,55,0
18553,56,0
18554,56,0
18555,55,0
18556,56,0
18557,56,0
18558,55,0
18559,55,0
18560,56,0
18561,58,0
18562,56,0
18563,57,0
18564,57,0
18565,56,0
18566,56,0
18567,55,0
18568,55,0
18569,56,0
18570,54,0
18571,55,0
18572,55,0
18573,58,0
18574,58,0
18575,56,0
18576,57,0
18577,57,0
18578,58,0
18579,58,0
18580,56,0
18581,55,0
18582,57,0
18583,57,0
18584,58,0
18585,56,0
18586,58,0
18587,58,0
18588,53,0
18589,57,0
18590,56,0
18591,59,0
18592,57,0
18593,56,0
18594,58,0
18595,60,0
18596,57,0
18597,58,0
18598,58,0
18599,58,0
18600,55,0
18601,59,0
18602,58,0
18603,56,0
18604,57,0
18605,56,0
18606,56,0
18607,57,0
18608,59,0
18609,58,0
18610,56,0
18611,60,0
18612,56,0
18613,59,0
18614,56,0
18615,58,0
18616,57,0
18617,58,0
18618,56,0
18619,59,0
18620,56,0
18621,56,0
18622,58,0
18623,53,0
18624,56,0
18625,56,0
18626,58,0
18627,57,0
18628,57,0
18629,58,0
18630,58,0
18631,57,0
18632,57,0
18633,58,0
18634,57,0
18635,58,0
18636,58,0
18637,56,0
18638,59,0
18639,59,0
18640,58,0
18641,57,0
18642,56,0
18643,58,0
18644,57,0
18645,56,0
18646,58,0
18647,59,0
18648,57,0
18649,58,0
18650,60,0
18651,57,0
18652,57,0
18653,56,0
18654,55,0
18655,58,0
18656,58,0
18657,57,0
18658,55,0
18659,56,0
18660,54,0
18661,55,0
18662,57,0
18663,56,0
18664,58,0
18665,57,0
18666,55,0
18667,55,0
18668,56,0
18669,58,0
18670,57,0
18671,55,0
18672,58,0
18673,55,0
18674,55,0
18675,58,0
18676,56,0
18677,57,0
18678,59,0
18679,56,0
18680,56,0
18681,56,0
18682,57,0
18683,61,0
18684,58,0
18685,58,0
18686,56,0
18687,59,0
18688,58,0
18689,56,0
18690,58,0
18691,55,0
18692,55,0
18693,56,0
18694,58,0
18695,58,0
18696,56,0
18697,56,0
18698,58,0
18699,57,0
18700,58,0
18701,58,0
18702,58,0
18703,59,0
18704,55,0
18705,57,0
18706,56,0
18707,56,0
18708,56,0
18709,57,0
18710,57,0
18711,56,0
18712,56,0
18713,58,0
18714,59,0
18715,55,0
18716,56,0
18717,58,0
18718,59,0
18719,55,0
18720,58,0
18721,56,0
18722,57,0
18723,56,0
18724,56,0
18725,56,0
18726,55,0
18727,58,0
18728,56,0
18729,56,0
18730,56,0
18731,59,0
18732,53,0
18733,58,0
18734,58,0
18735,56,0
18736,57,0
18737,57,0
18738,56,0
18739,56,0
18740,59,0
18741,57,0
18742,56,0
18743,56,0
18744,55,0
18745,58,0
18746,58,0
18747,55,0
18748,55,0
18749,58,0
18750,60,0
18751,57,0
18752,57,0
18753,56,0
18754,58,0
18755,57,0
18756,55,0
18757,58,0
18758,58,0
18759,56,0
18760,58,0
18761,58,0
18762,58,0
18763,57,0
18764,55,0
18765,56,0
18766,56,0
18767,55,0
18768,55,0
18769,58,0
18770,56,0
18771,59,0
18772,59,0
18773,56,0
18774,58,0
18775,57,0
18776,59,0
18777,55,0
18778,59,0
18779,58,0
18780,56,0
18781,57,0
18782,55,0
18783,58,0
18784,56,0
18785,58,0
18786,57,0
18787,55,0
18788,56,0
18789,58,0
18790,56,0
18791,57,0
18792,55,0
18793,56,0
18794,56,0
18795,56,0
18796,57,0
18797,58,0
18798,56,0
18799,57,0
18800,55,0
18801,54,0
18802,56,0
18803,58,0
18804,57,0
18805,57,0
18806,58,0
18807,58,0
18808,55,0
18809,56,0
18810,58,0
18811,59,0
18812,58,0
18813,56,0
18814,56,0
18815,59,0
18816,60,0
18817,56,0
18818,57,0
18819,56,0
18820,56,0
18821,57,0
18822,55,0
18823,58,0
18824,56,0
18825,57,0
18826,58,0
18827,57,0
18828,55,0
18829,59,0
18830,58,0
18831,56,0
18832,58,0
18833,57,0
18834,57,0
18835,56,0
18836,56,0
18837,58,0
18838,58,0
18839,58,0
18840,57,0
18841,58,0
18842,58,0
18843,55,0
18844,58,0
18845,56,0
18846,53,0
18847,57,0
18848,56,0
18849,58,0
18850,56,0
18851,57,0
18852,56,0
18853,54,0
18854,56,0
18855,55,0
18856,58,0
18857,56,0
18858,55,0
18859,55,0
18860,56,0
18861,58,0
18862,57,0
18863,55,0
18864,56,0
18865,56,0
18866,57,0
18867,59,0
18868,58,0
18869,58,0
18870,56,0
18871,59,0
18872,59,0
18873,58,0
18874,56,0
18875,58,0
18876,61,0
18877,59,0
18878,56,0
18879,58,0
18880,57,0
18881,56,0
18882,58,0
18883,60,0
18884,55,0
18885,58,0
18886,55,0
18887,58,0
18888,56,0
18889,57,0
18890,56,0
18891,56,0
18892,55,0
18893,59,0
18894,56,0
18895,56,0
18896,63,0
18897,55,0
18898,56,0
18899,58,0
18900,57,0
18901,56,0
18902,58,0
18903,55,0
18904,58,0
18905,58,0
18906,59,0
18907,56,0
18908,56,0
18909,57,0
18910,55,0
18911,56,0
18912,56,0
18913,55,0
18914,56,0
18915,58,0
18916,56,0
18917,57,0
18918,57,0
18919,56,0
18920,56,0
18921,57,0
18922,56,0
18923,58,0
18924,55,0
18925,57,0
18926,54,0
18927,58,0
18928,57,0
18929,56,0
18930,56,0
18931,57,0
18932,54,0
18933,57,0
18934,55,0
18935,56,0
18936,58,0
18937,55,0
18938,58,0
18939,54,0
18940,57,0
18941,55,0
18942,56,0
18943,56,0
18944,57,0
18945,59,0
18946,60,0
18947,54,0
18948,55,0
18949,56,0
18950,56,0
18951,56,0
18952,55,0
18953,57,0
18954,56,0
18955,58,0
18956,59,0
18957,56,0
18958,58,0
18959,58,0
18960,57,0
18961,56,0
18962,58,0
18963,57,0
18964,56,0
18965,58,0
18966,59,0
18967,57,0
18968,56,0
18969,56,0
18970,55,0
18971,58,0
18972,56,0
18973,59,0
18974,57,0
18975,58,0
18976,58,0
18977,56,0
18978,57,0
18979,59,0
18980,56,0
18981,56,0
18982,56,0
18983,55,0
18984,58,0
18985,56,0
18986,55,0
18987,57,0
18988,58,0
18989,54,0
18990,56,0
18991,55,0
18992,58,0
18993,56,0
18994,59,0
18995,57,0
18996,55,0
18997,56,0
18998,56,0
18999,58,0
19000,55,0
19001,55,0
19002,56,0
19003,57,0
19004,57,0
19005,56,0
19006,58,0
19007,54,0
19008,57,0
19009,55,0
19010,56,0
19011,56,0
19012,59,0
19013,53,0
19014,58,0
19015,56,0
19016,55,0
19017,55,0
19018,58,0
19019,60,0
19020,57,0
19021,57,0
19022,56,0
19023,58,0
19024,56,0
19025,59,0
19026,55,0
19027,54,0
19028,56,0
19029,57,0
19030,55,0
19031,54,0
19032,55,0
19033,59,0
19034,56,0
19035,58,0
19036,54,0
19037,55,0
19038,57,0
19039,58,0
19040,56,0
19041,57,0
19042,57,0
19043,56,0
19044,58,0
19045,56,0
19046,59,0
19047,55,0
19048,58,0
19049,56,0
19050,57,0
19051,57,0
19052,56,0
19053,58,0
19054,58,0
19055,59,0
19056,58,0
19057,54,0
19058,56,0
19059,57,0
19060,58,0
19061,58,0
19062,58,0
19063,57,0
19064,59,0
19065,58,0
19066,58,0
19067,56,0
19068,57,0
19069,58,0
19070,56,0
19071,56,0
19072,55,0
19073,56,0
19074,56,0
19075,58,0
19076,57,0
19077,59,0
19078,56,0
19079,58,0
19080,57,0
19081,58,0
19082,56,0
19083,56,0
19084,55,0
19085,55,0
19086,58,0
19087,58,0
19088,56,0
19089,57,0
19090,59,0
19091,56,0
19092,58,0
19093,55,0
19094,57,0
19095,58,0
19096,58,0
19097,57,0
19098,56,0
19099,56,0
19100,56,0
19101,59,0
19102,56,0
19103,56,0
19104,59,0
19105,55,0
19106,58,0
19107,58,0
19108,55,0
19109,56,0
19110,58,0
19111,56,0
19112,61,0
19113,59,0
19114,56,0
19115,58,0
19116,57,0
19117,56,0
19118,58,0
19119,58,0
19120,57,0
19121,59,0
19122,58,0
19123,57,0
19124,57,0
19125,56,0
19126,56,0
19127,56,0
19128,59,0
19129,57,0
19130,56,0
19131,58,0
19132,57,0
19133,60,0
19134,58,0
19135,57,0
19136,56,0
19137,58,0
19138,57,0
19139,58,0
19140,56,0
19141,56,0
19142,59,0
19143,57,0
19144,56,0
19145,56,0
19146,57,0
19147,57,0
19148,54,0
19149,56,0
19150,59,0
19151,57,0
19152,56,0
19153,58,0
19154,57,0
19155,55,0
19156,56,0
19157,56,0
19158,57,0
19159,59,0
19160,58,0
19161,56,0
19162,55,0
19163,56,0
19164,56,0
19165,55,0
19166,57,0
19167,59,0
19168,58,0
19169,56,0
19170,57,0
19171,56,0
19172,58,0
19173,56,0
19174,59,0
19175,56,0
19176,56,0
19177,56,0
19178,57,0
19179,59,0
19180,56,0
19181,57,0
19182,57,0
19183,57,0
19184,56,0
19185,56,0
19186,55,0
19187,55,0
19188,56,0
19189,56,0
19190,57,0
19191,55,0
19192,56,0
19193,56,0
19194,57,0
19195,57,0
19196,55,0
19197,56,0
19198,60,0
19199,53,0
19200,59,0
19201,56,0
19202,58,0
19203,55,0
19204,58,0
19205,58,0
19206,59,0
19207,57,0
19208,56,0
19209,56,0
19210,57,0
19211,56,0
19212,58,0
19213,57,0
19214,55,0
19215,56,0
19216,56,0
19217,55,0
19218,55,0
19219,56,0
19220,58,0
19221,57,0
19222,55,0
19223,56,0
19224,56,0
19225,56,0
19226,57,0
19227,59,0
19228,57,0
19229,58,0
19230,58,0
19231,61,0
19232,56,0
19233,58,0
19234,56,0
19235,55,0
19236,59,0
19237,58,0
19238,56,0
19239,56,0
19240,55,0
19241,58,0
19242,56,0
19243,58,0
19244,55,0
19245,59,0
19246,56,0
19247,59,0
19248,56,0
19249,56,0
19250,57,0
19251,57,0
19252,56,0
19253,58,0
19254,56,0
19255,59,0
19256,59,0
19257,56,0
19258,56,0
19259,58,0
19260,57,0
19261,55,0
19262,56,0
19263,58,0
19264,57,0
19265,59,0
19266,59,0
19267,58,0
19268,54,0
19269,56,0
19270,55,0
19271,55,0
19272,60,0
19273,55,0
19274,59,0
19275,58,0
19276,56,0
19277,55,0
19278,59,0
19279,56,0
19280,58,0
19281,57,0
19282,55,0
19283,56,0
19284,56,0
19285,55,0
19286,58,0
19287,58,0
19288,57,0
19289,58,0
19290,58,0
19291,57,0
19292,57,0
19293,58,0
19294,58,0
19295,57,0
19296,55,0
19297,56,0
19298,58,0
19299,57,0
19300,58,0
19301,58,0
19302,55,0
19303,57,0
19304,56,0
19305,56,0
19306,58,0
19307,57,0
19308,56,0
19309,58,0
19310,57,0
19311,55,0
19312,56,0
19313,58,0
19314,59,0
19315,59,0
19316,58,0
19317,56,0
19318,59,0
19319,59,0
19320,56,0
19321,60,0
19322,55,0
19323,55,0
19324,56,0
19325,56,0
19326,58,0
19327,55,0
19328,57,0
19329,58,0
19330,59,0
19331,57,0
19332,57,0
19333,56,0
19334,56,0
19335,59,0
19336,56,0
19337,58,0
19338,57,0
19339,59,0
19340,58,0
19341,56,0
19342,59,0
19343,56,0
19344,56,0
19345,57,0
19346,55,0
19347,58,0
19348,61,0
19349,55,0
19350,56,0
19351,56,0
19352,59,0
19353,57,0
19354,55,0
19355,58,0
19356,56,0
19357,53,0
19358,55,0
19359,56,0
19360,58,0
19361,58,0
19362,55,0
19363,57,0
19364,56,0
19365,56,0
19366,57,0
19367,55,0
19368,54,0
19369,58,0
19370,57,0
19371,58,0
19372,58,0
19373,59,0
19374,58,0
19375,56,0
19376,56,0
19377,57,0
19378,57,0
19379,58,0
19380,56,0
19381,60,0
19382,55,0
19383,56,0
19384,54,0
19385,59,0
19386,55,0
19387,56,0
19388,54,0
19389,58,0
19390,57,0
19391,58,0
19392,56,0
19393,55,0
19394,58,0
19395,56,0
19396,59,0
19397,57,0
19398,56,0
19399,58,0
19400,59,0
19401,55,0
19402,55,0
19403,56,0
19404,58,0
19405,58,0
19406,57,0
19407,57,0
19408,56,0
19409,56,0
19410,55,0
19411,54,0
19412,58,0
19413,57,0
19414,55,0
19415,56,0
19416,58,0
19417,55,0
19418,59,0
19419,58,0
19420,58,0
19421,55,0
19422,55,0
19423,58,0
19424,56,0
19425,59,0
19426,55,0
19427,56,0
19428,56,0
19429,57,0
19430,55,0
19431,56,0
19432,56,0
19433,55,0
19434,55,0
19435,56,0
19436,56,0
19437,57,0
19438,59,0
19439,58,0
19440,58,0
19441,58,0
19442,56,0
19443,56,0
19444,56,0
19445,57,0
19446,56,0
19447,58,0
19448,58,0
19449,57,0
19450,57,0
19451,58,0
19452,56,0
19453,59,0
19454,56,0
19455,56,0
19456,55,0
19457,57,0
19458,56,0
19459,56,0
19460,58,0
19461,59,0
19462,55,0
19463,57,0
19464,56,0
19465,57,0
19466,55,0
19467,59,0
19468,56,0
19469,58,0
19470,57,0
19471,57,0
19472,56,0
19473,56,0
19474,58,0
19475,55,0
19476,58,0
19477,56,0
19478,56,0
19479,57,0
19480,55,0
19481,55,0
19482,56,0
19483,57,0
19484,55,0
19485,58,0
19486,56,0
19487,58,0
19488,57,0
19489,57,0
19490,58,0
19491,58,0
19492,57,0
19493,58,0
19494,54,0
19495,56,0
19496,55,0
19497,56,0
19498,58,0
19499,58,0
19500,57,0
19501,56,0
19502,56,0
19503,58,0
19504,57,0
19505,57,0
19506,56,0
19507,58,0
19508,59,0
19509,55,0
19510,56,0
19511,56,0
19512,58,0
19513,57,0
19514,58,0
19515,56,0
19516,55,0
19517,59,0
19518,56,0
19519,56,0
19520,57,0
19521,59,0
19522,56,0
19523,56,0
19524,58,0
19525,57,0
19526,59,0
19527,56,0
19528,58,0
19529,55,0
19530,59,0
19531,56,0
19532,56,0
19533,55,0
19534,56,0
19535,58,0
19536,59,0
19537,61,0
19538,58,0
19539,56,0
19540,55,0
19541,55,0
19542,56,0
19543,58,0
19544,57,0
19545,58,0
19546,58,0
19547,55,0
19548,55,0
19549,56,0
19550,56,0
19551,59,0
19552,59,0
19553,56,0
19554,58,0
19555,55,0
19556,56,0
19557,58,0
19558,58,0
19559,56,0
19560,57,0
19561,55,0
19562,56,0
19563,56,0
19564,59,0
19565,61,0
19566,56,0
19567,57,0
19568,55,0
19569,58,0
19570,56,0
19571,55,0
19572,56,0
19573,56,0
19574,55,0
19575,57,0
19576,55,0
19577,56,0
19578,57,0
19579,59,0
19580,56,0
19581,58,0
19582,56,0
19583,57,0
19584,55,0
19585,56,0
19586,58,0
19587,55,0
19588,57,0
19589,56,0
19590,56,0
19591,55,0
19592,57,0
19593,58,0
19594,56,0
19595,56,0
19596,57,0
19597,57,0
19598,56,0
19599,56,0
19600,58,0
19601,56,0
19602,56,0
19603,57,0
19604,59,0
19605,58,0
19606,57,0
19607,55,0
19608,54,0
19609,56,0
19610,59,0
19611,56,0
19612,54,0
19613,57,0
19614,56,0
19615,56,0
19616,59,0
19617,61,0
19618,56,0
19619,58,0
19620,55,0
19621,55,0
19622,56,0
19623,56,0
19624,55,0
19625,55,0
19626,56,0
19627,58,0
19628,60,0
19629,57,0
19630,54,0
19631,58,0
19632,57,0
19633,53,0
19634,56,0
19635,56,0
19636,58,0
19637,59,0
19638,57,0
19639,56,0
19640,56,0
19641,56,0
19642,55,0
19643,57,0
19644,56,0
19645,55,0
19646,58,0
19647,58,0
19648,57,0
19649,57,0
19650,56,0
19651,58,0
19652,57,0
19653,58,0
19654,58,0
19655,55,0
19656,55,0
19657,58,0
19658,60,0
19659,57,0
19660,57,0
19661,58,0
19662,58,0
19663,57,0
19664,55,0
19665,58,0
19666,58,0
19667,55,0
19668,56,0
19669,60,0
19670,56,0
19671,58,0
19672,55,0
19673,56,0
19674,58,0
19675,56,0
19676,57,0
19677,56,0
19678,58,0
19679,57,0
19680,55,0
19681,54,0
19682,58,0
19683,57,0
19684,57,0
19685,56,0
19686,56,0
19687,55,0
19688,55,0
19689,56,0
19690,58,0
19691,59,0
19692,56,0
19693,56,0
19694,59,0
19695,55,0
19696,54,0
19697,56,0
19698,56,0
19699,56,0
19700,56,0
19701,57,0
19702,56,0
19703,54,0
19704,56,0
19705,55,0
19706,55,0
19707,56,0
19708,58,0
19709,53,0
19710,56,0
19711,58,0
19712,55,0
19713,55,0
19714,57,0
19715,60,0
19716,56,0
19717,59,0
19718,57,0
19719,56,0
19720,58,0
19721,56,0
19722,57,0
19723,55,0
19724,57,0
19725,56,0
19726,56,0
19727,55,0
19728,57,0
19729,56,0
19730,60,0
19731,56,0
19732,56,0
19733,55,0
19734,57,0
19735,55,0
19736,57,0
19737,56,0
19738,56,0
19739,57,0
19740,57,0
19741,58,0
19742,56,0
19743,59,0
19744,55,0
19745,56,0
19746,56,0
19747,55,0
19748,60,0
19749,56,0
19750,55,0
19751,57,0
19752,56,0
19753,57,0
19754,57,0
19755,58,0
19756,56,0
19757,55,0
19758,56,0
19759,56,0
19760,59,0
19761,59,0
19762,56,0
19763,58,0
19764,58,0
19765,57,0
19766,56,0
19767,56,0
19768,55,0
19769,55,0
19770,56,0
19771,56,0
19772,56,0
19773,57,0
19774,55,0
19775,58,0
19776,56,0
19777,57,0
19778,55,0
19779,55,0
19780,56,0
19781,56,0
19782,55,0
19783,55,0
19784,56,0
19785,56,0
19786,57,0
19787,56,0
19788,58,0
19789,54,0
19790,56,0
19791,58,0
19792,58,0
19793,55,0
19794,59,0
19795,56,0
19796,58,0
19797,61,0
19798,55,0
19799,58,0
19800,56,0
19801,55,0
19802,56,0
19803,56,0
19804,58,0
19805,55,0
19806,57,0
19807,56,0
19808,56,0
19809,55,0
19810,57,0
19811,60,0
19812,56,0
19813,57,0
19814,57,0
19815,58,0
19816,57,0
19817,59,0
19818,58,0
19819,58,0
19820,57,0
19821,59,0
19822,56,0
19823,56,0
19824,55,0
19825,57,0
19826,58,0
19827,56,0
19828,57,0
19829,59,0
19830,56,0
19831,60,0
19832,58,0
19833,55,0
19834,59,0
19835,56,0
19836,56,0
19837,55,0
19838,56,0
19839,56,0
19840,56,0
19841,57,0
19842,59,0
19843,56,0
19844,58,0
19845,57,0
19846,57,0
19847,58,0
19848,54,0
19849,58,0
19850,57,0
19851,55,0
19852,58,0
19853,57,0
19854,57,0
19855,58,0
19856,58,0
19857,58,0
19858,56,0
19859,55,0
19860,57,0
19861,56,0
19862,58,0
19863,57,0
19864,56,0
19865,56,0
19866,59,0
19867,55,0
19868,58,0
19869,56,0
19870,59,0
19871,55,0
19872,56,0
19873,55,0
19874,57,0
19875,57,0
19876,56,0
19877,58,0
19878,58,0
19879,55,0
19880,58,0
19881,56,0
19882,55,0
19883,55,0
19884,56,0
19885,56,0
19886,57,0
19887,58,0
19888,58,0
19889,57,0
19890,55,0
19891,58,0
19892,58,0
19893,57,0
19894,61,0
19895,58,0
19896,56,0
19897,58,0
19898,55,0
19899,55,0
19900,60,0
19901,56,0
19902,59,0
19903,58,0
19904,58,0
19905,61,0
19906,56,0
19907,58,0
19908,54,0
19909,55,0
19910,56,0
19911,56,0
19912,56,0
19913,56,0
19914,57,0
19915,57,0
19916,56,0
19917,58,0
19918,57,0
19919,57,0
19920,58,0
19921,56,0
19922,59,0
19923,58,0
19924,58,0
19925,56,0
19926,59,0
19927,55,0
19928,56,0
19929,56,0
19930,56,0
19931,59,0
19932,57,0
19933,56,0
19934,58,0
19935,56,0
19936,57,0
19937,56,0
19938,58,0
19939,57,0
19940,59,0
19941,56,0
19942,58,0
19943,61,0
19944,55,0
19945,56,0
19946,58,0
19947,55,0
19948,53,0
19949,56,0
19950,56,0
19951,55,0
19952,58,0
19953,56,0
19954,58,0
19955,59,0
19956,57,0
19957,56,0
19958,54,0
19959,56,0
19960,53,0
19961,57,0
19962,56,0
19963,56,0
19964,56,0
19965,57,0
19966,57,0
19967,58,0
19968,56,0
19969,56,0
19970,55,0
19971,59,0
19972,56,0
19973,56,0
19974,57,0
19975,57,0
19976,56,0
19977,58,0
19978,56,0
19979,59,0
19980,55,0
19981,58,0
19982,58,0
19983,58,0
19984,59,0
19985,56,0
19986,56,0
19987,58,0
19988,55,0
19989,60,0
19990,56,0
19991,57,0
19992,55,0
19993,56,0
19994,56,0
19995,56,0
19996,59,0
19997,56,0
19998,58,0
19999,56,0
