trial,reload_ticks,classified_evicted
0,128,0
1,92,0
2,100,0
3,108,0
4,112,0
5,108,0
6,108,0
7,108,0
8,108,0
9,112,0
10,112,0
11,112,0
12,108,0
13,112,0
14,112,0
15,108,0
16,112,0
17,108,0
18,112,0
19,108,0
20,112,0
21,112,0
22,108,0
23,108,0
24,108,0
25,108,0
26,112,0
27,108,0
28,112,0
29,108,0
30,108,0
31,112,0
32,108,0
33,108,0
34,108,0
35,108,0
36,108,0
37,108,0
38,108,0
39,108,0
40,108,0
41,108,0
42,108,0
43,108,0
44,108,0
45,108,0
46,108,0
47,108,0
48,108,0
49,108,0
50,108,0
51,108,0
52,108,0
53,112,0
54,108,0
55,108,0
56,112,0
57,108,0
58,112,0
59,108,0
60,112,0
61,108,0
62,112,0
63,108,0
64,112,0
65,108,0
66,112,0
67,108,0
68,112,0
69,108,0
70,112,0
71,108,0
72,112,0
73,108,0
74,112,0
75,108,0
76,112,0
77,108,0
78,112,0
79,108,0
80,112,0
81,112,0
82,108,0
83,108,0
84,108,0
85,108,0
86,108,0
87,108,0
88,108,0
89,108,0
90,108,0
91,108,0
92,108,0
93,108,0
94,108,0
95,108,0
96,108,0
97,108,0
98,108,0
99,108,0
100,108,0
101,104,0
102,108,0
103,108,0
104,104,0
105,108,0
106,104,0
107,108,0
108,104,0
109,112,0
110,100,0
111,108,0
112,100,0
113,108,0
114,100,0
115,108,0
116,104,0
117,108,0
118,104,0
119,108,0
120,104,0
121,108,0
122,104,0
123,108,0
124,104,0
125,108,0
126,104,0
127,108,0
128,104,0
129,108,0
130,104,0
131,108,0
132,104,0
133,108,0
134,104,0
135,108,0
136,104,0
137,108,0
138,104,0
139,108,0
140,104,0
141,112,0
142,112,0
143,100,0
144,112,0
145,100,0
146,108,0
147,104,0
148,112,0
149,100,0
150,108,0
151,104,0
152,112,0
153,104,0
154,112,0
155,100,0
156,108,0
157,104,0
158,112,0
159,100,0
160,108,0
161,104,0
162,112,0
163,100,0
164,108,0
165,104,0
166,112,0
167,108,0
168,100,0
169,112,0
170,100,0
171,112,0
172,100,0
173,108,0
174,100,0
175,112,0
176,100,0
177,112,0
178,100,0
179,108,0
180,100,0
181,112,0
182,100,0
183,112,0
184,100,0
185,108,0
186,104,0
187,108,0
188,104,0
189,108,0
190,104,0
191,108,0
192,112,0
193,100,0
194,108,0
195,104,0
196,112,0
197,100,0
198,108,0
199,104,0
200,112,0
201,100,0
202,108,0
203,104,0
204,112,0
205,100,0
206,108,0
207,104,0
208,112,0
209,100,0
210,108,0
211,104,0
212,112,0
213,100,0
214,108,0
215,104,0
216,112,0
217,108,0
218,100,0
219,112,0
220,100,0
221,112,0
222,100,0
223,112,0
224,104,0
225,108,0
226,104,0
227,108,0
228,104,0
229,108,0
230,100,0
231,108,0
232,100,0
233,112,0
234,100,0
235,112,0
236,100,0
237,108,0
238,100,0
239,112,0
240,100,0
241,112,0
242,108,0
243,104,0
244,112,0
245,100,0
246,108,0
247,104,0
248,112,0
249,104,0
250,112,0
251,100,0
252,108,0
253,104,0
254,112,0
255,100,0
256,108,0
257,104,0
258,112,0
259,100,0
260,108,0
261,104,0
262,112,0
263,100,0
264,108,0
265,104,0
266,112,0
267,108,0
268,100,0
269,108,0
270,100,0
271,112,0
272,100,0
273,112,0
274,100,0
275,108,0
276,100,0
277,112,0
278,100,0
279,112,0
280,100,0
281,112,0
282,100,0
283,112,0
284,100,0
285,112,0
286,100,0
287,112,0
288,104,0
289,108,0
290,104,0
291,108,0
292,112,0
293,100,0
294,108,0
295,104,0
296,112,0
297,100,0
298,108,0
299,104,0
300,112,0
301,100,0
302,108,0
303,104,0
304,112,0
305,100,0
306,108,0
307,104,0
308,112,0
309,100,0
310,108,0
311,104,0
312,112,0
313,100,0
314,108,0
315,104,0
316,112,0
317,112,0
318,100,0
319,112,0
320,104,0
321,108,0
322,104,0
323,108,0
324,104,0
325,108,0
326,100,0
327,108,0
328,100,0
329,112,0
330,100,0
331,112,0
332,100,0
333,108,0
334,100,0
335,112,0
336,100,0
337,112,0
338,100,0
339,108,0
340,100,0
341,112,0
342,108,0
343,104,0
344,112,0
345,100,0
346,108,0
347,104,0
348,112,0
349,100,0
350,108,0
351,100,0
352,108,0
353,100,0
354,108,0
355,104,0
356,112,0
357,100,0
358,108,0
359,100,0
360,112,0
361,104,0
362,108,0
363,100,0
364,108,0
365,100,0
366,108,0
367,112,0
368,100,0
369,112,0
370,104,0
371,108,0
372,104,0
373,108,0
374,104,0
375,108,0
376,104,0
377,108,0
378,104,0
379,108,0
380,100,0
381,112,0
382,100,0
383,108,0
384,100,0
385,104,0
386,104,0
387,108,0
388,100,0
389,100,0
390,104,0
391,108,0
392,100,0
393,108,0
394,104,0
395,108,0
396,100,0
397,108,0
398,104,0
399,108,0
400,100,0
401,108,0
402,104,0
403,108,0
404,100,0
405,108,0
406,104,0
407,108,0
408,100,0
409,108,0
410,104,0
411,108,0
412,104,0
413,104,0
414,108,0
415,104,0
416,108,0
417,104,0
418,108,0
419,100,0
420,112,0
421,104,0
422,108,0
423,100,0
424,112,0
425,104,0
426,108,0
427,100,0
428,112,0
429,104,0
430,108,0
431,100,0
432,112,0
433,104,0
434,108,0
435,100,0
436,112,0
437,108,0
438,100,0
439,108,0
440,100,0
441,108,0
442,104,0
443,108,0
444,104,0
445,108,0
446,100,0
447,108,0
448,100,0
449,108,0
450,100,0
451,108,0
452,100,0
453,108,0
454,100,0
455,108,0
456,100,0
457,108,0
458,100,0
459,108,0
460,100,0
461,108,0
462,100,0
463,108,0
464,100,0
465,108,0
466,100,0
467,108,0
468,100,0
469,112,0
470,112,0
471,104,0
472,108,0
473,100,0
474,112,0
475,104,0
476,108,0
477,100,0
478,112,0
479,104,0
480,108,0
481,100,0
482,112,0
483,104,0
484,108,0
485,100,0
486,112,0
487,104,0
488,108,0
489,100,0
490,112,0
491,104,0
492,108,0
493,100,0
494,112,0
495,108,0
496,100,0
497,108,0
498,100,0
499,108,0
500,100,0
501,108,0
502,100,0
503,108,0
504,100,0
505,108,0
506,100,0
507,108,0
508,100,0
509,108,0
510,100,0
511,108,0
512,100,0
513,108,0
514,100,0
515,108,0
516,100,0
517,108,0
518,100,0
519,108,0
520,100,0
521,108,0
522,100,0
523,108,0
524,100,0
525,108,0
526,100,0
527,108,0
528,100,0
529,108,0
530,100,0
531,108,0
532,104,0
533,112,0
534,112,0
535,104,0
536,108,0
537,100,0
538,112,0
539,104,0
540,108,0
541,100,0
542,112,0
543,104,0
544,108,0
545,100,0
546,112,0
547,104,0
548,108,0
549,100,0
550,112,0
551,104,0
552,108,0
553,100,0
554,112,0
555,104,0
556,108,0
557,100,0
558,112,0
559,108,0
560,100,0
561,108,0
562,100,0
563,108,0
564,100,0
565,108,0
566,100,0
567,108,0
568,100,0
569,108,0
570,100,0
571,108,0
572,100,0
573,108,0
574,100,0
575,108,0
576,104,0
577,108,0
578,104,0
579,108,0
580,104,0
581,108,0
582,104,0
583,108,0
584,104,0
585,108,0
586,104,0
587,108,0
588,104,0
589,108,0
590,104,0
591,108,0
592,104,0
593,108,0
594,104,0
595,108,0
596,104,0
597,108,0
598,104,0
599,108,0
600,104,0
601,108,0
602,104,0
603,108,0
604,104,0
605,108,0
606,104,0
607,108,0
608,104,0
609,108,0
610,104,0
611,108,0
612,104,0
613,108,0
614,104,0
615,108,0
616,104,0
617,108,0
618,104,0
619,108,0
620,104,0
621,108,0
622,104,0
623,108,0
624,104,0
625,108,0
626,104,0
627,108,0
628,104,0
629,108,0
630,104,0
631,108,0
632,104,0
633,108,0
634,104,0
635,108,0
636,104,0
637,108,0
638,104,0
639,108,0
640,104,0
641,108,0
642,104,0
643,108,0
644,104,0
645,108,0
646,104,0
647,108,0
648,104,0
649,108,0
650,104,0
651,108,0
652,104,0
653,108,0
654,104,0
655,108,0
656,104,0
657,108,0
658,104,0
659,108,0
660,104,0
661,108,0
662,104,0
663,108,0
664,104,0
665,108,0
666,104,0
667,108,0
668,104,0
669,108,0
670,104,0
671,108,0
672,104,0
673,108,0
674,104,0
675,108,0
676,104,0
677,108,0
678,104,0
679,108,0
680,104,0
681,108,0
682,104,0
683,108,0
684,104,0
685,108,0
686,104,0
687,108,0
688,104,0
689,108,0
690,104,0
691,108,0
692,104,0
693,108,0
694,104,0
695,108,0
696,104,0
697,108,0
698,104,0
699,108,0
700,104,0
701,108,0
702,104,0
703,108,0
704,104,0
705,108,0
706,104,0
707,108,0
708,104,0
709,108,0
710,104,0
711,108,0
712,104,0
713,108,0
714,104,0
715,108,0
716,104,0
717,108,0
718,104,0
719,108,0
720,104,0
721,108,0
722,104,0
723,108,0
724,104,0
725,108,0
726,104,0
727,108,0
728,104,0
729,112,0
730,112,0
731,104,0
732,108,0
733,100,0
734,112,0
735,104,0
736,108,0
737,100,0
738,112,0
739,104,0
740,108,0
741,100,0
742,112,0
743,104,0
744,108,0
745,100,0
746,112,0
747,104,0
748,108,0
749,100,0
750,112,0
751,104,0
752,108,0
753,100,0
754,112,0
755,108,0
756,100,0
757,108,0
758,100,0
759,108,0
760,104,0
761,112,0
762,104,0
763,108,0
764,104,0
765,108,0
766,104,0
767,108,0
768,104,0
769,108,0
770,104,0
771,108,0
772,100,0
773,108,0
774,100,0
775,112,0
776,100,0
777,108,0
778,100,0
779,108,0
780,104,0
781,108,0
782,100,0
783,108,0
784,104,0
785,108,0
786,100,0
787,112,0
788,108,0
789,100,0
790,112,0
791,104,0
792,108,0
793,100,0
794,112,0
795,104,0
796,108,0
797,100,0
798,112,0
799,104,0
800,108,0
801,100,0
802,112,0
803,104,0
804,108,0
805,100,0
806,108,0
807,100,0
808,112,0
809,104,0
810,108,0
811,100,0
812,112,0
813,108,0
814,100,0
815,108,0
816,100,0
817,108,0
818,100,0
819,112,0
820,100,0
821,108,0
822,104,0
823,112,0
824,100,0
825,108,0
826,100,0
827,104,0
828,104,0
829,104,0
830,104,0
831,104,0
832,112,0
833,100,0
834,108,0
835,104,0
836,108,0
837,104,0
838,108,0
839,104,0
840,108,0
841,104,0
842,108,0
843,104,0
844,108,0
845,104,0
846,108,0
847,104,0
848,108,0
849,104,0
850,108,0
851,100,0
852,108,0
853,100,0
854,108,0
855,100,0
856,108,0
857,108,0
858,100,0
859,108,0
860,100,0
861,108,0
862,100,0
863,108,0
864,100,0
865,108,0
866,100,0
867,108,0
868,100,0
869,108,0
870,100,0
871,108,0
872,100,0
873,108,0
874,104,0
875,112,0
876,104,0
877,112,0
878,104,0
879,112,0
880,104,0
881,112,0
882,108,0
883,104,0
884,112,0
885,100,0
886,108,0
887,104,0
888,112,0
889,100,0
890,108,0
891,104,0
892,108,0
893,100,0
894,108,0
895,104,0
896,108,0
897,100,0
898,108,0
899,104,0
900,108,0
901,100,0
902,108,0
903,104,0
904,108,0
905,100,0
906,108,0
907,104,0
908,108,0
909,104,0
910,108,0
911,100,0
912,108,0
913,104,0
914,108,0
915,100,0
916,108,0
917,104,0
918,108,0
919,100,0
920,108,0
921,104,0
922,108,0
923,100,0
924,108,0
925,104,0
926,108,0
927,104,0
928,108,0
929,100,0
930,108,0
931,104,0
932,108,0
933,100,0
934,108,0
935,104,0
936,108,0
937,100,0
938,108,0
939,104,0
940,108,0
941,100,0
942,108,0
943,104,0
944,108,0
945,104,0
946,108,0
947,100,0
948,108,0
949,104,0
950,108,0
951,100,0
952,108,0
953,104,0
954,108,0
955,100,0
956,108,0
957,104,0
958,108,0
959,100,0
960,108,0
961,104,0
962,108,0
963,104,0
964,108,0
965,100,0
966,108,0
967,104,0
968,108,0
969,100,0
970,108,0
971,104,0
972,108,0
973,100,0
974,108,0
975,104,0
976,108,0
977,100,0
978,108,0
979,104,0
980,108,0
981,104,0
982,108,0
983,100,0
984,108,0
985,104,0
986,108,0
987,100,0
988,108,0
989,104,0
990,108,0
991,100,0
992,108,0
993,104,0
994,108,0
995,100,0
996,108,0
997,104,0
998,108,0
999,104,0
1000,108,0
1001,108,0
1002,108,0
1003,108,0
1004,112,0
1005,108,0
1006,108,0
1007,108,0
1008,108,0
1009,108,0
1010,112,0
1011,108,0
1012,108,0
1013,108,0
1014,108,0
1015,108,0
1016,108,0
1017,108,0
1018,108,0
1019,108,0
1020,108,0
1021,108,0
1022,108,0
1023,108,0
1024,108,0
1025,108,0
1026,108,0
1027,108,0
1028,108,0
1029,108,0
1030,108,0
1031,108,0
1032,108,0
1033,108,0
1034,108,0
1035,108,0
1036,108,0
1037,108,0
1038,108,0
1039,108,0
1040,108,0
1041,108,0
1042,108,0
1043,108,0
1044,108,0
1045,108,0
1046,108,0
1047,108,0
1048,108,0
1049,108,0
1050,108,0
1051,108,0
1052,108,0
1053,108,0
1054,108,0
1055,108,0
1056,108,0
1057,108,0
1058,108,0
1059,108,0
1060,108,0
1061,108,0
1062,108,0
1063,108,0
1064,108,0
1065,108,0
1066,108,0
1067,108,0
1068,108,0
1069,108,0
1070,108,0
1071,108,0
1072,108,0
1073,108,0
1074,108,0
1075,108,0
1076,108,0
1077,108,0
1078,108,0
1079,108,0
1080,108,0
1081,108,0
1082,108,0
1083,108,0
1084,108,0
1085,108,0
1086,108,0
1087,108,0
1088,108,0
1089,108,0
1090,108,0
1091,108,0
1092,108,0
1093,108,0
1094,108,0
1095,108,0
1096,108,0
1097,108,0
1098,108,0
1099,108,0
1100,108,0
1101,108,0
1102,108,0
1103,108,0
1104,108,0
1105,108,0
1106,108,0
1107,108,0
1108,108,0
1109,112,0
1110,108,0
1111,108,0
1112,108,0
1113,108,0
1114,108,0
1115,108,0
1116,108,0
1117,108,0
1118,108,0
1119,108,0
1120,108,0
1121,108,0
1122,108,0
1123,108,0
1124,108,0
1125,112,0
1126,108,0
1127,108,0
1128,108,0
1129,108,0
1130,108,0
1131,108,0
1132,112,0
1133,108,0
1134,108,0
1135,108,0
1136,108,0
1137,108,0
1138,108,0
1139,108,0
1140,108,0
1141,108,0
1142,108,0
1143,108,0
1144,108,0
1145,108,0
1146,108,0
1147,108,0
1148,108,0
1149,108,0
1150,108,0
1151,108,0
1152,108,0
1153,108,0
1154,108,0
1155,108,0
1156,108,0
1157,108,0
1158,112,0
1159,108,0
1160,108,0
1161,112,0
1162,108,0
1163,108,0
1164,112,0
1165,108,0
1166,112,0
1167,108,0
1168,112,0
1169,108,0
1170,108,0
1171,108,0
1172,108,0
1173,108,0
1174,108,0
1175,108,0
1176,108,0
1177,108,0
1178,108,0
1179,108,0
1180,108,0
1181,108,0
1182,108,0
1183,108,0
1184,112,0
1185,100,0
1186,100,0
1187,100,0
1188,100,0
1189,104,0
1190,104,0
1191,104,0
1192,104,0
1193,104,0
1194,104,0
1195,104,0
1196,104,0
1197,104,0
1198,104,0
1199,104,0
1200,104,0
1201,104,0
1202,104,0
1203,104,0
1204,104,0
1205,104,0
1206,104,0
1207,104,0
1208,104,0
1209,104,0
1210,104,0
1211,100,0
1212,100,0
1213,100,0
1214,100,0
1215,100,0
1216,100,0
1217,100,0
1218,100,0
1219,100,0
1220,104,0
1221,104,0
1222,104,0
1223,104,0
1224,104,0
1225,104,0
1226,104,0
1227,104,0
1228,104,0
1229,104,0
1230,104,0
1231,104,0
1232,104,0
1233,104,0
1234,104,0
1235,104,0
1236,104,0
1237,104,0
1238,100,0
1239,100,0
1240,100,0
1241,100,0
1242,100,0
1243,100,0
1244,100,0
1245,100,0
1246,100,0
1247,100,0
1248,100,0
1249,100,0
1250,100,0
1251,100,0
1252,100,0
1253,100,0
1254,100,0
1255,100,0
1256,100,0
1257,100,0
1258,100,0
1259,100,0
1260,100,0
1261,100,0
1262,100,0
1263,100,0
1264,100,0
1265,104,0
1266,104,0
1267,104,0
1268,104,0
1269,104,0
1270,104,0
1271,104,0
1272,104,0
1273,104,0
1274,104,0
1275,104,0
1276,104,0
1277,104,0
1278,104,0
1279,104,0
1280,104,0
1281,104,0
1282,104,0
1283,104,0
1284,104,0
1285,104,0
1286,104,0
1287,104,0
1288,104,0
1289,104,0
1290,104,0
1291,104,0
1292,104,0
1293,104,0
1294,104,0
1295,104,0
1296,104,0
1297,104,0
1298,104,0
1299,104,0
1300,104,0
1301,104,0
1302,104,0
1303,104,0
1304,104,0
1305,104,0
1306,104,0
1307,104,0
1308,104,0
1309,104,0
1310,104,0
1311,104,0
1312,104,0
1313,104,0
1314,104,0
1315,104,0
1316,104,0
1317,104,0
1318,104,0
1319,104,0
1320,104,0
1321,104,0
1322,104,0
1323,104,0
1324,104,0
1325,104,0
1326,104,0
1327,104,0
1328,104,0
1329,104,0
1330,104,0
1331,104,0
1332,104,0
1333,104,0
1334,104,0
1335,104,0
1336,104,0
1337,104,0
1338,104,0
1339,104,0
1340,104,0
1341,104,0
1342,104,0
1343,104,0
1344,104,0
1345,104,0
1346,104,0
1347,104,0
1348,104,0
1349,104,0
1350,104,0
1351,104,0
1352,104,0
1353,104,0
1354,104,0
1355,104,0
1356,104,0
1357,104,0
1358,104,0
1359,104,0
1360,104,0
1361,104,0
1362,104,0
1363,104,0
1364,100,0
1365,100,0
1366,100,0
1367,100,0
1368,100,0
1369,100,0
1370,100,0
1371,100,0
1372,100,0
1373,100,0
1374,100,0
1375,100,0
1376,100,0
1377,100,0
1378,100,0
1379,100,0
1380,100,0
1381,100,0
1382,100,0
1383,100,0
1384,100,0
1385,100,0
1386,100,0
1387,100,0
1388,100,0
1389,100,0
1390,100,0
1391,100,0
1392,100,0
1393,100,0
1394,100,0
1395,100,0
1396,100,0
1397,100,0
1398,100,0
1399,100,0
1400,100,0
1401,100,0
1402,100,0
1403,100,0
1404,100,0
1405,100,0
1406,100,0
1407,100,0
1408,100,0
1409,100,0
1410,100,0
1411,100,0
1412,100,0
1413,100,0
1414,100,0
1415,100,0
1416,100,0
1417,100,0
1418,100,0
1419,100,0
1420,100,0
1421,100,0
1422,100,0
1423,100,0
1424,100,0
1425,100,0
1426,100,0
1427,100,0
1428,100,0
1429,100,0
1430,100,0
1431,100,0
1432,100,0
1433,100,0
1434,100,0
1435,104,0
1436,104,0
1437,104,0
1438,104,0
1439,104,0
1440,104,0
1441,104,0
1442,104,0
1443,104,0
1444,104,0
1445,104,0
1446,104,0
1447,104,0
1448,104,0
1449,104,0
1450,104,0
1451,104,0
1452,104,0
1453,104,0
1454,104,0
1455,104,0
1456,104,0
1457,104,0
1458,104,0
1459,104,0
1460,104,0
1461,104,0
1462,104,0
1463,104,0
1464,104,0
1465,104,0
1466,104,0
1467,104,0
1468,104,0
1469,104,0
1470,104,0
1471,104,0
1472,104,0
1473,104,0
1474,104,0
1475,104,0
1476,104,0
1477,104,0
1478,104,0
1479,104,0
1480,104,0
1481,104,0
1482,104,0
1483,104,0
1484,104,0
1485,104,0
1486,104,0
1487,104,0
1488,104,0
1489,104,0
1490,104,0
1491,104,0
1492,104,0
1493,104,0
1494,104,0
1495,104,0
1496,104,0
1497,104,0
1498,104,0
1499,100,0
1500,100,0
1501,100,0
1502,100,0
1503,100,0
1504,100,0
1505,100,0
1506,100,0
1507,100,0
1508,100,0
1509,100,0
1510,100,0
1511,100,0
1512,100,0
1513,100,0
1514,100,0
1515,100,0
1516,100,0
1517,100,0
1518,100,0
1519,100,0
1520,100,0
1521,100,0
1522,100,0
1523,100,0
1524,100,0
1525,100,0
1526,104,0
1527,104,0
1528,104,0
1529,100,0
1530,100,0
1531,100,0
1532,100,0
1533,100,0
1534,104,0
1535,100,0
1536,100,0
1537,104,0
1538,104,0
1539,100,0
1540,104,0
1541,100,0
1542,100,0
1543,100,0
1544,100,0
1545,100,0
1546,100,0
1547,104,0
1548,104,0
1549,104,0
1550,104,0
1551,104,0
1552,100,0
1553,100,0
1554,104,0
1555,104,0
1556,104,0
1557,104,0
1558,104,0
1559,104,0
1560,104,0
1561,104,0
1562,104,0
1563,104,0
1564,104,0
1565,104,0
1566,104,0
1567,100,0
1568,104,0
1569,100,0
1570,104,0
1571,100,0
1572,104,0
1573,100,0
1574,100,0
1575,104,0
1576,100,0
1577,104,0
1578,100,0
1579,104,0
1580,100,0
1581,104,0
1582,100,0
1583,100,0
1584,104,0
1585,100,0
1586,104,0
1587,124,0
1588,104,0
1589,108,0
1590,108,0
1591,104,0
1592,112,0
1593,108,0
1594,112,0
1595,112,0
1596,112,0
1597,112,0
1598,112,0
1599,112,0
1600,112,0
1601,112,0
1602,112,0
1603,112,0
1604,112,0
1605,108,0
1606,108,0
1607,108,0
1608,108,0
1609,108,0
1610,108,0
1611,112,0
1612,108,0
1613,108,0
1614,112,0
1615,108,0
1616,108,0
1617,112,0
1618,108,0
1619,112,0
1620,108,0
1621,108,0
1622,112,0
1623,108,0
1624,112,0
1625,108,0
1626,112,0
1627,108,0
1628,108,0
1629,112,0
1630,108,0
1631,112,0
1632,108,0
1633,112,0
1634,108,0
1635,112,0
1636,108,0
1637,112,0
1638,108,0
1639,112,0
1640,108,0
1641,112,0
1642,108,0
1643,112,0
1644,108,0
1645,112,0
1646,108,0
1647,112,0
1648,108,0
1649,112,0
1650,108,0
1651,112,0
1652,108,0
1653,112,0
1654,108,0
1655,112,0
1656,112,0
1657,108,0
1658,112,0
1659,108,0
1660,112,0
1661,108,0
1662,112,0
1663,108,0
1664,112,0
1665,108,0
1666,112,0
1667,108,0
1668,112,0
1669,108,0
1670,112,0
1671,108,0
1672,112,0
1673,108,0
1674,112,0
1675,108,0
1676,112,0
1677,108,0
1678,112,0
1679,108,0
1680,108,0
1681,112,0
1682,108,0
1683,112,0
1684,108,0
1685,108,0
1686,112,0
1687,108,0
1688,112,0
1689,108,0
1690,112,0
1691,108,0
1692,108,0
1693,112,0
1694,108,0
1695,112,0
1696,112,0
1697,108,0
1698,112,0
1699,108,0
1700,112,0
1701,108,0
1702,112,0
1703,108,0
1704,112,0
1705,108,0
1706,112,0
1707,108,0
1708,112,0
1709,108,0
1710,108,0
1711,108,0
1712,112,0
1713,108,0
1714,112,0
1715,108,0
1716,112,0
1717,108,0
1718,112,0
1719,108,0
1720,112,0
1721,108,0
1722,112,0
1723,108,0
1724,112,0
1725,108,0
1726,112,0
1727,108,0
1728,112,0
1729,108,0
1730,108,0
1731,112,0
1732,108,0
1733,112,0
1734,108,0
1735,112,0
1736,108,0
1737,112,0
1738,108,0
1739,112,0
1740,108,0
1741,112,0
1742,108,0
1743,108,0
1744,112,0
1745,108,0
1746,112,0
1747,108,0
1748,112,0
1749,108,0
1750,108,0
1751,112,0
1752,108,0
1753,112,0
1754,108,0
1755,108,0
1756,112,0
1757,108,0
1758,112,0
1759,108,0
1760,108,0
1761,112,0
1762,108,0
1763,112,0
1764,108,0
1765,112,0
1766,108,0
1767,112,0
1768,108,0
1769,112,0
1770,108,0
1771,112,0
1772,108,0
1773,112,0
1774,108,0
1775,112,0
1776,108,0
1777,112,0
1778,108,0
1779,112,0
1780,108,0
1781,112,0
1782,108,0
1783,112,0
1784,108,0
1785,112,0
1786,108,0
1787,112,0
1788,108,0
1789,112,0
1790,108,0
1791,112,0
1792,108,0
1793,112,0
1794,108,0
1795,112,0
1796,108,0
1797,112,0
1798,108,0
1799,112,0
1800,108,0
1801,112,0
1802,108,0
1803,112,0
1804,108,0
1805,112,0
1806,108,0
1807,108,0
1808,112,0
1809,108,0
1810,112,0
1811,108,0
1812,112,0
1813,108,0
1814,108,0
1815,112,0
1816,108,0
1817,112,0
1818,108,0
1819,108,0
1820,112,0
1821,108,0
1822,112,0
1823,108,0
1824,108,0
1825,108,0
1826,112,0
1827,108,0
1828,112,0
1829,108,0
1830,112,0
1831,108,0
1832,112,0
1833,108,0
1834,112,0
1835,108,0
1836,112,0
1837,108,0
1838,112,0
1839,108,0
1840,112,0
1841,108,0
1842,112,0
1843,108,0
1844,112,0
1845,108,0
1846,112,0
1847,108,0
1848,112,0
1849,108,0
1850,112,0
1851,108,0
1852,112,0
1853,108,0
1854,112,0
1855,108,0
1856,112,0
1857,108,0
1858,112,0
1859,108,0
1860,112,0
1861,108,0
1862,112,0
1863,108,0
1864,112,0
1865,108,0
1866,112,0
1867,108,0
1868,112,0
1869,108,0
1870,112,0
1871,108,0
1872,108,0
1873,112,0
1874,108,0
1875,112,0
1876,108,0
1877,108,0
1878,112,0
1879,108,0
1880,112,0
1881,108,0
1882,112,0
1883,108,0
1884,108,0
1885,112,0
1886,108,0
1887,112,0
1888,108,0
1889,112,0
1890,108,0
1891,112,0
1892,108,0
1893,112,0
1894,108,0
1895,112,0
1896,108,0
1897,112,0
1898,108,0
1899,108,0
1900,108,0
1901,108,0
1902,108,0
1903,112,0
1904,108,0
1905,112,0
1906,108,0
1907,108,0
1908,108,0
1909,108,0
1910,108,0
1911,108,0
1912,108,0
1913,108,0
1914,108,0
1915,108,0
1916,108,0
1917,108,0
1918,108,0
1919,112,0
1920,108,0
1921,112,0
1922,108,0
1923,108,0
1924,108,0
1925,112,0
1926,108,0
1927,108,0
1928,108,0
1929,112,0
1930,108,0
1931,108,0
1932,108,0
1933,108,0
1934,112,0
1935,108,0
1936,112,0
1937,108,0
1938,112,0
1939,108,0
1940,112,0
1941,108,0
1942,108,0
1943,112,0
1944,108,0
1945,112,0
1946,108,0
1947,108,0
1948,112,0
1949,108,0
1950,112,0
1951,108,0
1952,108,0
1953,108,0
1954,112,0
1955,108,0
1956,112,0
1957,108,0
1958,112,0
1959,108,0
1960,112,0
1961,108,0
1962,112,0
1963,108,0
1964,112,0
1965,108,0
1966,112,0
1967,108,0
1968,112,0
1969,108,0
1970,112,0
1971,108,0
1972,112,0
1973,108,0
1974,112,0
1975,108,0
1976,112,0
1977,112,0
1978,108,0
1979,108,0
1980,112,0
1981,108,0
1982,112,0
1983,108,0
1984,112,0
1985,108,0
1986,108,0
1987,112,0
1988,108,0
1989,112,0
1990,108,0
1991,112,0
1992,108,0
1993,112,0
1994,108,0
1995,112,0
1996,108,0
1997,112,0
1998,108,0
1999,112,0
2000,108,0
2001,112,0
2002,108,0
2003,112,0
2004,108,0
2005,112,0
2006,108,0
2007,108,0
2008,108,0
2009,112,0
2010,108,0
2011,112,0
2012,108,0
2013,112,0
2014,108,0
2015,112,0
2016,108,0
2017,112,0
2018,108,0
2019,112,0
2020,108,0
2021,112,0
2022,108,0
2023,112,0
2024,108,0
2025,112,0
2026,108,0
2027,112,0
2028,108,0
2029,112,0
2030,108,0
2031,112,0
2032,108,0
2033,112,0
2034,108,0
2035,112,0
2036,108,0
2037,112,0
2038,108,0
2039,112,0
2040,108,0
2041,112,0
2042,108,0
2043,124,0
2044,104,0
2045,108,0
2046,112,0
2047,108,0
2048,108,0
2049,112,0
2050,112,0
2051,108,0
2052,112,0
2053,108,0
2054,108,0
2055,108,0
2056,112,0
2057,108,0
2058,108,0
2059,108,0
2060,112,0
2061,108,0
2062,108,0
2063,112,0
2064,112,0
2065,108,0
2066,108,0
2067,108,0
2068,112,0
2069,108,0
2070,108,0
2071,108,0
2072,112,0
2073,108,0
2074,108,0
2075,108,0
2076,108,0
2077,108,0
2078,112,0
2079,108,0
2080,108,0
2081,108,0
2082,112,0
2083,108,0
2084,108,0
2085,108,0
2086,112,0
2087,108,0
2088,108,0
2089,108,0
2090,112,0
2091,108,0
2092,108,0
2093,108,0
2094,112,0
2095,108,0
2096,108,0
2097,108,0
2098,112,0
2099,108,0
2100,108,0
2101,108,0
2102,112,0
2103,108,0
2104,108,0
2105,108,0
2106,112,0
2107,108,0
2108,108,0
2109,108,0
2110,112,0
2111,108,0
2112,108,0
2113,108,0
2114,112,0
2115,108,0
2116,108,0
2117,108,0
2118,112,0
2119,108,0
2120,108,0
2121,112,0
2122,112,0
2123,108,0
2124,108,0
2125,108,0
2126,112,0
2127,108,0
2128,108,0
2129,108,0
2130,112,0
2131,108,0
2132,108,0
2133,112,0
2134,112,0
2135,108,0
2136,108,0
2137,108,0
2138,112,0
2139,108,0
2140,108,0
2141,108,0
2142,112,0
2143,108,0
2144,112,0
2145,108,0
2146,108,0
2147,108,0
2148,112,0
2149,108,0
2150,108,0
2151,108,0
2152,112,0
2153,108,0
2154,108,0
2155,108,0
2156,112,0
2157,108,0
2158,108,0
2159,108,0
2160,112,0
2161,108,0
2162,108,0
2163,108,0
2164,112,0
2165,108,0
2166,108,0
2167,108,0
2168,112,0
2169,108,0
2170,108,0
2171,108,0
2172,112,0
2173,108,0
2174,108,0
2175,108,0
2176,112,0
2177,108,0
2178,108,0
2179,108,0
2180,112,0
2181,108,0
2182,108,0
2183,108,0
2184,112,0
2185,108,0
2186,108,0
2187,108,0
2188,112,0
2189,108,0
2190,108,0
2191,112,0
2192,112,0
2193,108,0
2194,108,0
2195,108,0
2196,112,0
2197,108,0
2198,108,0
2199,108,0
2200,112,0
2201,108,0
2202,108,0
2203,112,0
2204,112,0
2205,108,0
2206,108,0
2207,108,0
2208,108,0
2209,108,0
2210,112,0
2211,108,0
2212,108,0
2213,108,0
2214,112,0
2215,108,0
2216,108,0
2217,108,0
2218,112,0
2219,108,0
2220,108,0
2221,108,0
2222,112,0
2223,108,0
2224,108,0
2225,108,0
2226,112,0
2227,108,0
2228,108,0
2229,108,0
2230,112,0
2231,108,0
2232,108,0
2233,108,0
2234,112,0
2235,108,0
2236,108,0
2237,108,0
2238,112,0
2239,108,0
2240,108,0
2241,108,0
2242,112,0
2243,108,0
2244,108,0
2245,108,0
2246,112,0
2247,108,0
2248,108,0
2249,112,0
2250,112,0
2251,108,0
2252,108,0
2253,108,0
2254,112,0
2255,108,0
2256,108,0
2257,108,0
2258,112,0
2259,108,0
2260,108,0
2261,112,0
2262,112,0
2263,108,0
2264,108,0
2265,108,0
2266,112,0
2267,108,0
2268,108,0
2269,108,0
2270,108,0
2271,112,0
2272,108,0
2273,112,0
2274,108,0
2275,112,0
2276,112,0
2277,108,0
2278,108,0
2279,108,0
2280,108,0
2281,108,0
2282,108,0
2283,112,0
2284,108,0
2285,108,0
2286,108,0
2287,108,0
2288,112,0
2289,108,0
2290,108,0
2291,108,0
2292,108,0
2293,108,0
2294,108,0
2295,108,0
2296,108,0
2297,112,0
2298,108,0
2299,112,0
2300,112,0
2301,108,0
2302,108,0
2303,112,0
2304,112,0
2305,108,0
2306,108,0
2307,112,0
2308,112,0
2309,108,0
2310,108,0
2311,108,0
2312,112,0
2313,108,0
2314,108,0
2315,108,0
2316,112,0
2317,108,0
2318,108,0
2319,112,0
2320,112,0
2321,108,0
2322,108,0
2323,108,0
2324,112,0
2325,104,0
2326,100,0
2327,104,0
2328,100,0
2329,104,0
2330,100,0
2331,104,0
2332,108,0
2333,108,0
2334,108,0
2335,104,0
2336,108,0
2337,108,0
2338,108,0
2339,108,0
2340,108,0
2341,108,0
2342,108,0
2343,108,0
2344,108,0
2345,108,0
2346,108,0
2347,108,0
2348,112,0
2349,108,0
2350,108,0
2351,108,0
2352,108,0
2353,108,0
2354,108,0
2355,108,0
2356,108,0
2357,112,0
2358,108,0
2359,108,0
2360,108,0
2361,108,0
2362,108,0
2363,108,0
2364,108,0
2365,108,0
2366,108,0
2367,108,0
2368,108,0
2369,108,0
2370,108,0
2371,108,0
2372,108,0
2373,108,0
2374,108,0
2375,108,0
2376,108,0
2377,108,0
2378,108,0
2379,108,0
2380,108,0
2381,108,0
2382,108,0
2383,108,0
2384,108,0
2385,108,0
2386,108,0
2387,108,0
2388,108,0
2389,108,0
2390,108,0
2391,108,0
2392,108,0
2393,108,0
2394,108,0
2395,108,0
2396,108,0
2397,108,0
2398,108,0
2399,108,0
2400,108,0
2401,108,0
2402,108,0
2403,108,0
2404,108,0
2405,108,0
2406,108,0
2407,108,0
2408,108,0
2409,108,0
2410,108,0
2411,108,0
2412,108,0
2413,108,0
2414,108,0
2415,108,0
2416,108,0
2417,108,0
2418,108,0
2419,108,0
2420,108,0
2421,108,0
2422,108,0
2423,108,0
2424,108,0
2425,108,0
2426,108,0
2427,108,0
2428,108,0
2429,108,0
2430,108,0
2431,108,0
2432,108,0
2433,108,0
2434,108,0
2435,108,0
2436,108,0
2437,108,0
2438,108,0
2439,108,0
2440,108,0
2441,108,0
2442,108,0
2443,108,0
2444,108,0
2445,108,0
2446,108,0
2447,108,0
2448,108,0
2449,108,0
2450,108,0
2451,108,0
2452,108,0
2453,108,0
2454,108,0
2455,108,0
2456,108,0
2457,108,0
2458,108,0
2459,108,0
2460,108,0
2461,108,0
2462,108,0
2463,108,0
2464,108,0
2465,108,0
2466,108,0
2467,108,0
2468,108,0
2469,108,0
2470,108,0
2471,108,0
2472,108,0
2473,108,0
2474,108,0
2475,108,0
2476,108,0
2477,108,0
2478,108,0
2479,108,0
2480,108,0
2481,108,0
2482,108,0
2483,108,0
2484,108,0
2485,108,0
2486,108,0
2487,108,0
2488,108,0
2489,108,0
2490,108,0
2491,108,0
2492,108,0
2493,108,0
2494,108,0
2495,108,0
2496,108,0
2497,108,0
2498,108,0
2499,108,0
2500,108,0
2501,108,0
2502,108,0
2503,108,0
2504,108,0
2505,108,0
2506,108,0
2507,108,0
2508,108,0
2509,108,0
2510,108,0
2511,108,0
2512,108,0
2513,108,0
2514,108,0
2515,108,0
2516,108,0
2517,108,0
2518,108,0
2519,108,0
2520,108,0
2521,108,0
2522,108,0
2523,108,0
2524,108,0
2525,108,0
2526,108,0
2527,108,0
2528,108,0
2529,108,0
2530,108,0
2531,108,0
2532,108,0
2533,108,0
2534,112,0
2535,108,0
2536,108,0
2537,108,0
2538,108,0
2539,108,0
2540,108,0
2541,108,0
2542,108,0
2543,108,0
2544,108,0
2545,108,0
2546,108,0
2547,108,0
2548,108,0
2549,108,0
2550,108,0
2551,108,0
2552,108,0
2553,108,0
2554,108,0
2555,108,0
2556,108,0
2557,108,0
2558,108,0
2559,108,0
2560,108,0
2561,108,0
2562,108,0
2563,108,0
2564,108,0
2565,108,0
2566,108,0
2567,108,0
2568,108,0
2569,108,0
2570,108,0
2571,108,0
2572,108,0
2573,108,0
2574,108,0
2575,108,0
2576,108,0
2577,108,0
2578,108,0
2579,108,0
2580,108,0
2581,108,0
2582,108,0
2583,108,0
2584,108,0
2585,108,0
2586,108,0
2587,108,0
2588,108,0
2589,108,0
2590,108,0
2591,108,0
2592,112,0
2593,108,0
2594,108,0
2595,108,0
2596,108,0
2597,108,0
2598,112,0
2599,108,0
2600,108,0
2601,108,0
2602,108,0
2603,108,0
2604,108,0
2605,108,0
2606,108,0
2607,108,0
2608,108,0
2609,108,0
2610,108,0
2611,108,0
2612,108,0
2613,108,0
2614,108,0
2615,108,0
2616,108,0
2617,108,0
2618,108,0
2619,108,0
2620,108,0
2621,108,0
2622,108,0
2623,108,0
2624,108,0
2625,108,0
2626,108,0
2627,108,0
2628,108,0
2629,108,0
2630,108,0
2631,108,0
2632,108,0
2633,108,0
2634,108,0
2635,108,0
2636,108,0
2637,108,0
2638,108,0
2639,108,0
2640,108,0
2641,108,0
2642,108,0
2643,108,0
2644,108,0
2645,108,0
2646,108,0
2647,108,0
2648,108,0
2649,108,0
2650,108,0
2651,112,0
2652,112,0
2653,112,0
2654,112,0
2655,108,0
2656,108,0
2657,112,0
2658,112,0
2659,108,0
2660,108,0
2661,108,0
2662,108,0
2663,108,0
2664,108,0
2665,108,0
2666,108,0
2667,112,0
2668,108,0
2669,108,0
2670,112,0
2671,108,0
2672,108,0
2673,108,0
2674,112,0
2675,108,0
2676,108,0
2677,112,0
2678,112,0
2679,108,0
2680,108,0
2681,108,0
2682,108,0
2683,108,0
2684,108,0
2685,108,0
2686,108,0
2687,108,0
2688,108,0
2689,108,0
2690,108,0
2691,108,0
2692,108,0
2693,108,0
2694,108,0
2695,108,0
2696,108,0
2697,108,0
2698,108,0
2699,108,0
2700,108,0
2701,108,0
2702,108,0
2703,108,0
2704,108,0
2705,108,0
2706,108,0
2707,108,0
2708,108,0
2709,108,0
2710,108,0
2711,108,0
2712,108,0
2713,108,0
2714,108,0
2715,108,0
2716,108,0
2717,108,0
2718,108,0
2719,108,0
2720,108,0
2721,108,0
2722,108,0
2723,108,0
2724,108,0
2725,108,0
2726,108,0
2727,108,0
2728,108,0
2729,108,0
2730,108,0
2731,108,0
2732,108,0
2733,108,0
2734,108,0
2735,108,0
2736,108,0
2737,108,0
2738,108,0
2739,108,0
2740,108,0
2741,108,0
2742,108,0
2743,108,0
2744,108,0
2745,108,0
2746,108,0
2747,108,0
2748,108,0
2749,108,0
2750,108,0
2751,108,0
2752,108,0
2753,108,0
2754,108,0
2755,108,0
2756,108,0
2757,108,0
2758,108,0
2759,108,0
2760,108,0
2761,108,0
2762,108,0
2763,108,0
2764,108,0
2765,108,0
2766,108,0
2767,108,0
2768,108,0
2769,108,0
2770,108,0
2771,108,0
2772,108,0
2773,108,0
2774,108,0
2775,108,0
2776,108,0
2777,108,0
2778,108,0
2779,108,0
2780,108,0
2781,108,0
2782,108,0
2783,108,0
2784,108,0
2785,108,0
2786,108,0
2787,108,0
2788,108,0
2789,108,0
2790,108,0
2791,108,0
2792,108,0
2793,108,0
2794,108,0
2795,108,0
2796,108,0
2797,108,0
2798,108,0
2799,108,0
2800,108,0
2801,108,0
2802,108,0
2803,108,0
2804,108,0
2805,108,0
2806,108,0
2807,108,0
2808,108,0
2809,108,0
2810,108,0
2811,108,0
2812,108,0
2813,108,0
2814,108,0
2815,108,0
2816,108,0
2817,108,0
2818,108,0
2819,108,0
2820,108,0
2821,108,0
2822,108,0
2823,108,0
2824,108,0
2825,108,0
2826,108,0
2827,108,0
2828,108,0
2829,108,0
2830,108,0
2831,108,0
2832,108,0
2833,108,0
2834,108,0
2835,108,0
2836,108,0
2837,108,0
2838,108,0
2839,108,0
2840,108,0
2841,108,0
2842,108,0
2843,108,0
2844,108,0
2845,108,0
2846,108,0
2847,108,0
2848,108,0
2849,108,0
2850,108,0
2851,108,0
2852,108,0
2853,108,0
2854,108,0
2855,108,0
2856,108,0
2857,108,0
2858,108,0
2859,108,0
2860,108,0
2861,108,0
2862,108,0
2863,108,0
2864,108,0
2865,108,0
2866,108,0
2867,108,0
2868,108,0
2869,108,0
2870,108,0
2871,108,0
2872,108,0
2873,108,0
2874,108,0
2875,108,0
2876,108,0
2877,108,0
2878,108,0
2879,108,0
2880,108,0
2881,108,0
2882,108,0
2883,108,0
2884,108,0
2885,108,0
2886,108,0
2887,108,0
2888,108,0
2889,108,0
2890,108,0
2891,108,0
2892,108,0
2893,108,0
2894,108,0
2895,108,0
2896,108,0
2897,108,0
2898,108,0
2899,108,0
2900,108,0
2901,108,0
2902,108,0
2903,108,0
2904,108,0
2905,108,0
2906,108,0
2907,108,0
2908,108,0
2909,108,0
2910,108,0
2911,108,0
2912,108,0
2913,108,0
2914,108,0
2915,108,0
2916,108,0
2917,108,0
2918,108,0
2919,108,0
2920,108,0
2921,108,0
2922,108,0
2923,108,0
2924,112,0
2925,108,0
2926,108,0
2927,108,0
2928,108,0
2929,108,0
2930,108,0
2931,108,0
2932,108,0
2933,108,0
2934,108,0
2935,108,0
2936,108,0
2937,108,0
2938,108,0
2939,108,0
2940,108,0
2941,108,0
2942,108,0
2943,108,0
2944,108,0
2945,108,0
2946,108,0
2947,108,0
2948,108,0
2949,108,0
2950,108,0
2951,108,0
2952,108,0
2953,108,0
2954,108,0
2955,108,0
2956,108,0
2957,108,0
2958,108,0
2959,108,0
2960,108,0
2961,108,0
2962,108,0
2963,108,0
2964,108,0
2965,108,0
2966,108,0
2967,108,0
2968,108,0
2969,108,0
2970,108,0
2971,108,0
2972,108,0
2973,108,0
2974,108,0
2975,108,0
2976,108,0
2977,108,0
2978,108,0
2979,108,0
2980,108,0
2981,108,0
2982,108,0
2983,108,0
2984,108,0
2985,108,0
2986,108,0
2987,108,0
2988,108,0
2989,108,0
2990,108,0
2991,108,0
2992,108,0
2993,108,0
2994,108,0
2995,108,0
2996,108,0
2997,108,0
2998,108,0
2999,108,0
3000,108,0
3001,108,0
3002,108,0
3003,108,0
3004,108,0
3005,108,0
3006,108,0
3007,108,0
3008,108,0
3009,108,0
3010,108,0
3011,108,0
3012,108,0
3013,108,0
3014,108,0
3015,108,0
3016,108,0
3017,108,0
3018,108,0
3019,108,0
3020,108,0
3021,108,0
3022,108,0
3023,112,0
3024,112,0
3025,108,0
3026,108,0
3027,108,0
3028,108,0
3029,112,0
3030,112,0
3031,112,0
3032,108,0
3033,108,0
3034,108,0
3035,108,0
3036,108,0
3037,108,0
3038,108,0
3039,108,0
3040,112,0
3041,108,0
3042,108,0
3043,112,0
3044,112,0
3045,108,0
3046,108,0
3047,112,0
3048,112,0
3049,108,0
3050,112,0
3051,108,0
3052,112,0
3053,108,0
3054,108,0
3055,112,0
3056,112,0
3057,108,0
3058,108,0
3059,112,0
3060,112,0
3061,108,0
3062,108,0
3063,112,0
3064,112,0
3065,108,0
3066,108,0
3067,112,0
3068,112,0
3069,108,0
3070,112,0
3071,108,0
3072,108,0
3073,112,0
3074,112,0
3075,108,0
3076,108,0
3077,108,0
3078,104,0
3079,104,0
3080,108,0
3081,108,0
3082,108,0
3083,108,0
3084,108,0
3085,108,0
3086,108,0
3087,112,0
3088,108,0
3089,108,0
3090,108,0
3091,112,0
3092,108,0
3093,108,0
3094,108,0
3095,112,0
3096,108,0
3097,108,0
3098,108,0
3099,112,0
3100,108,0
3101,108,0
3102,108,0
3103,108,0
3104,108,0
3105,108,0
3106,108,0
3107,112,0
3108,108,0
3109,108,0
3110,108,0
3111,112,0
3112,108,0
3113,108,0
3114,108,0
3115,112,0
3116,108,0
3117,108,0
3118,108,0
3119,112,0
3120,108,0
3121,108,0
3122,108,0
3123,112,0
3124,108,0
3125,108,0
3126,108,0
3127,112,0
3128,108,0
3129,108,0
3130,108,0
3131,112,0
3132,108,0
3133,108,0
3134,108,0
3135,112,0
3136,108,0
3137,108,0
3138,108,0
3139,112,0
3140,108,0
3141,108,0
3142,108,0
3143,112,0
3144,108,0
3145,108,0
3146,108,0
3147,112,0
3148,108,0
3149,108,0
3150,108,0
3151,112,0
3152,108,0
3153,108,0
3154,108,0
3155,112,0
3156,108,0
3157,108,0
3158,108,0
3159,112,0
3160,108,0
3161,108,0
3162,108,0
3163,112,0
3164,108,0
3165,108,0
3166,108,0
3167,112,0
3168,108,0
3169,108,0
3170,108,0
3171,112,0
3172,108,0
3173,108,0
3174,108,0
3175,112,0
3176,108,0
3177,108,0
3178,108,0
3179,112,0
3180,108,0
3181,108,0
3182,108,0
3183,112,0
3184,108,0
3185,108,0
3186,108,0
3187,108,0
3188,108,0
3189,108,0
3190,108,0
3191,112,0
3192,108,0
3193,108,0
3194,108,0
3195,112,0
3196,108,0
3197,108,0
3198,108,0
3199,112,0
3200,108,0
3201,108,0
3202,108,0
3203,112,0
3204,108,0
3205,108,0
3206,108,0
3207,112,0
3208,108,0
3209,108,0
3210,108,0
3211,112,0
3212,108,0
3213,108,0
3214,108,0
3215,112,0
3216,108,0
3217,108,0
3218,108,0
3219,108,0
3220,108,0
3221,108,0
3222,108,0
3223,112,0
3224,108,0
3225,108,0
3226,108,0
3227,112,0
3228,108,0
3229,108,0
3230,108,0
3231,112,0
3232,108,0
3233,108,0
3234,108,0
3235,112,0
3236,108,0
3237,108,0
3238,108,0
3239,112,0
3240,108,0
3241,108,0
3242,108,0
3243,112,0
3244,108,0
3245,108,0
3246,108,0
3247,112,0
3248,108,0
3249,108,0
3250,108,0
3251,108,0
3252,108,0
3253,108,0
3254,108,0
3255,112,0
3256,108,0
3257,108,0
3258,108,0
3259,112,0
3260,108,0
3261,108,0
3262,108,0
3263,112,0
3264,108,0
3265,108,0
3266,108,0
3267,112,0
3268,108,0
3269,108,0
3270,108,0
3271,112,0
3272,108,0
3273,108,0
3274,108,0
3275,112,0
3276,108,0
3277,108,0
3278,108,0
3279,108,0
3280,108,0
3281,112,0
3282,108,0
3283,108,0
3284,108,0
3285,112,0
3286,108,0
3287,108,0
3288,108,0
3289,112,0
3290,108,0
3291,108,0
3292,108,0
3293,112,0
3294,108,0
3295,108,0
3296,108,0
3297,112,0
3298,108,0
3299,108,0
3300,108,0
3301,112,0
3302,108,0
3303,108,0
3304,108,0
3305,112,0
3306,108,0
3307,108,0
3308,108,0
3309,108,0
3310,108,0
3311,108,0
3312,108,0
3313,112,0
3314,112,0
3315,108,0
3316,108,0
3317,112,0
3318,108,0
3319,108,0
3320,108,0
3321,112,0
3322,108,0
3323,108,0
3324,108,0
3325,112,0
3326,112,0
3327,108,0
3328,108,0
3329,112,0
3330,108,0
3331,108,0
3332,108,0
3333,112,0
3334,108,0
3335,108,0
3336,108,0
3337,112,0
3338,108,0
3339,108,0
3340,108,0
3341,112,0
3342,108,0
3343,108,0
3344,108,0
3345,112,0
3346,108,0
3347,108,0
3348,108,0
3349,112,0
3350,108,0
3351,108,0
3352,108,0
3353,112,0
3354,108,0
3355,108,0
3356,108,0
3357,108,0
3358,108,0
3359,108,0
3360,108,0
3361,112,0
3362,108,0
3363,108,0
3364,108,0
3365,112,0
3366,108,0
3367,108,0
3368,108,0
3369,112,0
3370,108,0
3371,108,0
3372,108,0
3373,108,0
3374,108,0
3375,108,0
3376,108,0
3377,112,0
3378,108,0
3379,108,0
3380,108,0
3381,112,0
3382,108,0
3383,108,0
3384,108,0
3385,112,0
3386,108,0
3387,108,0
3388,108,0
3389,104,0
3390,104,0
3391,100,0
3392,100,0
3393,100,0
3394,100,0
3395,104,0
3396,104,0
3397,100,0
3398,100,0
3399,100,0
3400,100,0
3401,100,0
3402,104,0
3403,100,0
3404,100,0
3405,100,0
3406,104,0
3407,104,0
3408,104,0
3409,104,0
3410,104,0
3411,104,0
3412,104,0
3413,104,0
3414,104,0
3415,100,0
3416,100,0
3417,100,0
3418,100,0
3419,104,0
3420,100,0
3421,100,0
3422,104,0
3423,104,0
3424,100,0
3425,100,0
3426,100,0
3427,100,0
3428,104,0
3429,104,0
3430,104,0
3431,104,0
3432,104,0
3433,104,0
3434,100,0
3435,100,0
3436,100,0
3437,100,0
3438,100,0
3439,100,0
3440,100,0
3441,100,0
3442,104,0
3443,104,0
3444,104,0
3445,104,0
3446,100,0
3447,100,0
3448,100,0
3449,100,0
3450,100,0
3451,100,0
3452,100,0
3453,100,0
3454,100,0
3455,100,0
3456,100,0
3457,100,0
3458,100,0
3459,100,0
3460,100,0
3461,100,0
3462,100,0
3463,100,0
3464,100,0
3465,100,0
3466,100,0
3467,100,0
3468,100,0
3469,100,0
3470,100,0
3471,104,0
3472,104,0
3473,104,0
3474,104,0
3475,104,0
3476,104,0
3477,104,0
3478,104,0
3479,104,0
3480,104,0
3481,104,0
3482,104,0
3483,104,0
3484,104,0
3485,104,0
3486,104,0
3487,104,0
3488,104,0
3489,104,0
3490,104,0
3491,104,0
3492,104,0
3493,104,0
3494,104,0
3495,104,0
3496,104,0
3497,104,0
3498,104,0
3499,104,0
3500,104,0
3501,104,0
3502,104,0
3503,104,0
3504,104,0
3505,104,0
3506,104,0
3507,104,0
3508,104,0
3509,104,0
3510,104,0
3511,104,0
3512,104,0
3513,104,0
3514,104,0
3515,104,0
3516,104,0
3517,104,0
3518,104,0
3519,104,0
3520,104,0
3521,104,0
3522,104,0
3523,104,0
3524,104,0
3525,104,0
3526,104,0
3527,104,0
3528,104,0
3529,104,0
3530,104,0
3531,104,0
3532,104,0
3533,104,0
3534,104,0
3535,104,0
3536,104,0
3537,104,0
3538,104,0
3539,104,0
3540,104,0
3541,104,0
3542,104,0
3543,104,0
3544,104,0
3545,104,0
3546,104,0
3547,104,0
3548,104,0
3549,104,0
3550,104,0
3551,104,0
3552,104,0
3553,100,0
3554,104,0
3555,104,0
3556,104,0
3557,104,0
3558,104,0
3559,104,0
3560,104,0
3561,104,0
3562,104,0
3563,104,0
3564,104,0
3565,104,0
3566,104,0
3567,104,0
3568,104,0
3569,104,0
3570,104,0
3571,104,0
3572,104,0
3573,104,0
3574,104,0
3575,104,0
3576,104,0
3577,104,0
3578,104,0
3579,104,0
3580,104,0
3581,104,0
3582,104,0
3583,104,0
3584,104,0
3585,104,0
3586,104,0
3587,104,0
3588,104,0
3589,104,0
3590,104,0
3591,100,0
3592,100,0
3593,100,0
3594,104,0
3595,104,0
3596,104,0
3597,104,0
3598,104,0
3599,104,0
3600,104,0
3601,104,0
3602,104,0
3603,104,0
3604,104,0
3605,104,0
3606,104,0
3607,104,0
3608,104,0
3609,104,0
3610,104,0
3611,104,0
3612,104,0
3613,104,0
3614,104,0
3615,104,0
3616,104,0
3617,104,0
3618,104,0
3619,104,0
3620,104,0
3621,104,0
3622,104,0
3623,104,0
3624,104,0
3625,104,0
3626,104,0
3627,104,0
3628,104,0
3629,104,0
3630,104,0
3631,104,0
3632,104,0
3633,104,0
3634,104,0
3635,104,0
3636,104,0
3637,104,0
3638,104,0
3639,104,0
3640,104,0
3641,104,0
3642,104,0
3643,104,0
3644,104,0
3645,104,0
3646,104,0
3647,104,0
3648,104,0
3649,104,0
3650,104,0
3651,104,0
3652,104,0
3653,104,0
3654,104,0
3655,104,0
3656,104,0
3657,104,0
3658,104,0
3659,104,0
3660,104,0
3661,104,0
3662,104,0
3663,104,0
3664,104,0
3665,104,0
3666,104,0
3667,104,0
3668,104,0
3669,104,0
3670,104,0
3671,104,0
3672,104,0
3673,104,0
3674,104,0
3675,104,0
3676,104,0
3677,104,0
3678,104,0
3679,104,0
3680,104,0
3681,104,0
3682,104,0
3683,104,0
3684,104,0
3685,104,0
3686,104,0
3687,104,0
3688,104,0
3689,104,0
3690,104,0
3691,104,0
3692,104,0
3693,104,0
3694,104,0
3695,104,0
3696,104,0
3697,104,0
3698,104,0
3699,104,0
3700,104,0
3701,104,0
3702,104,0
3703,104,0
3704,104,0
3705,104,0
3706,104,0
3707,104,0
3708,104,0
3709,104,0
3710,104,0
3711,104,0
3712,104,0
3713,104,0
3714,104,0
3715,104,0
3716,104,0
3717,104,0
3718,104,0
3719,104,0
3720,104,0
3721,104,0
3722,104,0
3723,104,0
3724,104,0
3725,104,0
3726,104,0
3727,104,0
3728,104,0
3729,104,0
3730,104,0
3731,100,0
3732,104,0
3733,104,0
3734,104,0
3735,104,0
3736,104,0
3737,104,0
3738,104,0
3739,104,0
3740,104,0
3741,104,0
3742,104,0
3743,104,0
3744,104,0
3745,104,0
3746,104,0
3747,104,0
3748,104,0
3749,104,0
3750,104,0
3751,104,0
3752,104,0
3753,104,0
3754,104,0
3755,104,0
3756,104,0
3757,104,0
3758,104,0
3759,104,0
3760,104,0
3761,104,0
3762,100,0
3763,100,0
3764,100,0
3765,100,0
3766,100,0
3767,100,0
3768,104,0
3769,104,0
3770,100,0
3771,100,0
3772,100,0
3773,104,0
3774,100,0
3775,104,0
3776,100,0
3777,100,0
3778,100,0
3779,100,0
3780,100,0
3781,100,0
3782,100,0
3783,104,0
3784,100,0
3785,104,0
3786,104,0
3787,100,0
3788,100,0
3789,100,0
3790,100,0
3791,100,0
3792,104,0
3793,104,0
3794,104,0
3795,104,0
3796,100,0
3797,100,0
3798,100,0
3799,100,0
3800,100,0
3801,100,0
3802,104,0
3803,104,0
3804,104,0
3805,104,0
3806,104,0
3807,104,0
3808,104,0
3809,104,0
3810,104,0
3811,104,0
3812,104,0
3813,104,0
3814,104,0
3815,104,0
3816,104,0
3817,104,0
3818,100,0
3819,100,0
3820,100,0
3821,108,0
3822,108,0
3823,104,0
3824,112,0
3825,104,0
3826,112,0
3827,108,0
3828,108,0
3829,108,0
3830,108,0
3831,108,0
3832,108,0
3833,108,0
3834,108,0
3835,108,0
3836,108,0
3837,108,0
3838,112,0
3839,108,0
3840,108,0
3841,108,0
3842,108,0
3843,108,0
3844,108,0
3845,108,0
3846,108,0
3847,108,0
3848,108,0
3849,112,0
3850,108,0
3851,108,0
3852,108,0
3853,108,0
3854,108,0
3855,108,0
3856,108,0
3857,108,0
3858,108,0
3859,108,0
3860,108,0
3861,108,0
3862,108,0
3863,108,0
3864,108,0
3865,108,0
3866,108,0
3867,108,0
3868,108,0
3869,108,0
3870,108,0
3871,108,0
3872,108,0
3873,108,0
3874,108,0
3875,108,0
3876,108,0
3877,108,0
3878,108,0
3879,108,0
3880,108,0
3881,108,0
3882,108,0
3883,108,0
3884,108,0
3885,108,0
3886,108,0
3887,108,0
3888,108,0
3889,108,0
3890,108,0
3891,108,0
3892,108,0
3893,108,0
3894,108,0
3895,108,0
3896,108,0
3897,108,0
3898,108,0
3899,108,0
3900,108,0
3901,108,0
3902,108,0
3903,108,0
3904,108,0
3905,108,0
3906,108,0
3907,108,0
3908,108,0
3909,108,0
3910,108,0
3911,108,0
3912,108,0
3913,108,0
3914,108,0
3915,108,0
3916,108,0
3917,108,0
3918,108,0
3919,112,0
3920,108,0
3921,108,0
3922,108,0
3923,108,0
3924,108,0
3925,108,0
3926,108,0
3927,108,0
3928,108,0
3929,108,0
3930,108,0
3931,108,0
3932,108,0
3933,108,0
3934,108,0
3935,108,0
3936,108,0
3937,108,0
3938,108,0
3939,108,0
3940,108,0
3941,108,0
3942,108,0
3943,108,0
3944,108,0
3945,108,0
3946,108,0
3947,108,0
3948,108,0
3949,108,0
3950,108,0
3951,108,0
3952,108,0
3953,108,0
3954,108,0
3955,108,0
3956,108,0
3957,108,0
3958,108,0
3959,108,0
3960,112,0
3961,108,0
3962,108,0
3963,108,0
3964,108,0
3965,108,0
3966,108,0
3967,108,0
3968,108,0
3969,108,0
3970,108,0
3971,108,0
3972,108,0
3973,108,0
3974,108,0
3975,108,0
3976,108,0
3977,108,0
3978,108,0
3979,108,0
3980,108,0
3981,108,0
3982,108,0
3983,108,0
3984,108,0
3985,108,0
3986,108,0
3987,108,0
3988,108,0
3989,108,0
3990,108,0
3991,108,0
3992,108,0
3993,108,0
3994,108,0
3995,108,0
3996,108,0
3997,108,0
3998,108,0
3999,108,0
4000,108,0
4001,108,0
4002,108,0
4003,108,0
4004,108,0
4005,108,0
4006,108,0
4007,108,0
4008,108,0
4009,108,0
4010,108,0
4011,108,0
4012,108,0
4013,108,0
4014,108,0
4015,108,0
4016,108,0
4017,108,0
4018,108,0
4019,108,0
4020,108,0
4021,108,0
4022,108,0
4023,108,0
4024,108,0
4025,108,0
4026,108,0
4027,108,0
4028,108,0
4029,108,0
4030,108,0
4031,108,0
4032,108,0
4033,108,0
4034,108,0
4035,108,0
4036,108,0
4037,108,0
4038,108,0
4039,108,0
4040,108,0
4041,112,0
4042,108,0
4043,108,0
4044,108,0
4045,108,0
4046,108,0
4047,108,0
4048,108,0
4049,108,0
4050,108,0
4051,108,0
4052,108,0
4053,108,0
4054,108,0
4055,108,0
4056,108,0
4057,108,0
4058,108,0
4059,108,0
4060,108,0
4061,108,0
4062,108,0
4063,108,0
4064,108,0
4065,108,0
4066,108,0
4067,108,0
4068,108,0
4069,108,0
4070,108,0
4071,108,0
4072,108,0
4073,108,0
4074,108,0
4075,108,0
4076,108,0
4077,108,0
4078,108,0
4079,108,0
4080,108,0
4081,108,0
4082,108,0
4083,108,0
4084,108,0
4085,108,0
4086,108,0
4087,108,0
4088,108,0
4089,108,0
4090,108,0
4091,108,0
4092,108,0
4093,108,0
4094,108,0
4095,108,0
4096,108,0
4097,108,0
4098,108,0
4099,108,0
4100,108,0
4101,108,0
4102,108,0
4103,112,0
4104,108,0
4105,108,0
4106,108,0
4107,108,0
4108,108,0
4109,108,0
4110,108,0
4111,108,0
4112,108,0
4113,108,0
4114,108,0
4115,108,0
4116,108,0
4117,108,0
4118,108,0
4119,108,0
4120,108,0
4121,108,0
4122,108,0
4123,108,0
4124,108,0
4125,108,0
4126,108,0
4127,108,0
4128,108,0
4129,108,0
4130,108,0
4131,108,0
4132,108,0
4133,108,0
4134,108,0
4135,108,0
4136,108,0
4137,108,0
4138,108,0
4139,108,0
4140,112,0
4141,108,0
4142,108,0
4143,112,0
4144,108,0
4145,108,0
4146,108,0
4147,108,0
4148,112,0
4149,108,0
4150,108,0
4151,108,0
4152,108,0
4153,108,0
4154,108,0
4155,108,0
4156,108,0
4157,108,0
4158,108,0
4159,108,0
4160,108,0
4161,112,0
4162,108,0
4163,108,0
4164,108,0
4165,108,0
4166,108,0
4167,108,0
4168,108,0
4169,108,0
4170,108,0
4171,108,0
4172,108,0
4173,112,0
4174,108,0
4175,108,0
4176,108,0
4177,108,0
4178,112,0
4179,108,0
4180,108,0
4181,108,0
4182,112,0
4183,108,0
4184,108,0
4185,108,0
4186,112,0
4187,112,0
4188,108,0
4189,108,0
4190,108,0
4191,112,0
4192,108,0
4193,108,0
4194,108,0
4195,112,0
4196,108,0
4197,108,0
4198,108,0
4199,112,0
4200,108,0
4201,108,0
4202,108,0
4203,108,0
4204,108,0
4205,112,0
4206,108,0
4207,108,0
4208,108,0
4209,112,0
4210,108,0
4211,108,0
4212,108,0
4213,112,0
4214,108,0
4215,108,0
4216,108,0
4217,112,0
4218,108,0
4219,112,0
4220,108,0
4221,108,0
4222,108,0
4223,112,0
4224,108,0
4225,108,0
4226,108,0
4227,112,0
4228,108,0
4229,108,0
4230,108,0
4231,112,0
4232,108,0
4233,108,0
4234,108,0
4235,108,0
4236,108,0
4237,112,0
4238,108,0
4239,108,0
4240,108,0
4241,112,0
4242,108,0
4243,108,0
4244,108,0
4245,112,0
4246,108,0
4247,108,0
4248,108,0
4249,112,0
4250,108,0
4251,112,0
4252,108,0
4253,108,0
4254,108,0
4255,112,0
4256,108,0
4257,108,0
4258,108,0
4259,112,0
4260,108,0
4261,108,0
4262,108,0
4263,112,0
4264,108,0
4265,108,0
4266,108,0
4267,108,0
4268,108,0
4269,112,0
4270,108,0
4271,108,0
4272,108,0
4273,112,0
4274,108,0
4275,108,0
4276,108,0
4277,112,0
4278,108,0
4279,108,0
4280,108,0
4281,112,0
4282,108,0
4283,112,0
4284,108,0
4285,108,0
4286,108,0
4287,112,0
4288,108,0
4289,108,0
4290,108,0
4291,112,0
4292,108,0
4293,108,0
4294,108,0
4295,112,0
4296,108,0
4297,108,0
4298,108,0
4299,108,0
4300,108,0
4301,112,0
4302,108,0
4303,108,0
4304,108,0
4305,112,0
4306,108,0
4307,108,0
4308,108,0
4309,112,0
4310,108,0
4311,108,0
4312,108,0
4313,112,0
4314,108,0
4315,112,0
4316,108,0
4317,108,0
4318,108,0
4319,112,0
4320,108,0
4321,108,0
4322,108,0
4323,112,0
4324,108,0
4325,108,0
4326,108,0
4327,112,0
4328,108,0
4329,108,0
4330,108,0
4331,108,0
4332,108,0
4333,112,0
4334,108,0
4335,108,0
4336,108,0
4337,112,0
4338,108,0
4339,108,0
4340,108,0
4341,112,0
4342,108,0
4343,108,0
4344,108,0
4345,112,0
4346,108,0
4347,112,0
4348,108,0
4349,108,0
4350,108,0
4351,112,0
4352,108,0
4353,108,0
4354,108,0
4355,112,0
4356,108,0
4357,108,0
4358,108,0
4359,112,0
4360,108,0
4361,108,0
4362,108,0
4363,108,0
4364,108,0
4365,112,0
4366,108,0
4367,108,0
4368,108,0
4369,112,0
4370,108,0
4371,108,0
4372,108,0
4373,112,0
4374,108,0
4375,108,0
4376,108,0
4377,112,0
4378,108,0
4379,112,0
4380,108,0
4381,108,0
4382,108,0
4383,112,0
4384,108,0
4385,108,0
4386,108,0
4387,112,0
4388,108,0
4389,108,0
4390,108,0
4391,112,0
4392,108,0
4393,108,0
4394,108,0
4395,108,0
4396,108,0
4397,112,0
4398,108,0
4399,108,0
4400,108,0
4401,112,0
4402,108,0
4403,108,0
4404,108,0
4405,112,0
4406,108,0
4407,108,0
4408,108,0
4409,112,0
4410,108,0
4411,112,0
4412,108,0
4413,108,0
4414,108,0
4415,108,0
4416,112,0
4417,108,0
4418,108,0
4419,108,0
4420,112,0
4421,108,0
4422,108,0
4423,108,0
4424,112,0
4425,108,0
4426,108,0
4427,108,0
4428,108,0
4429,112,0
4430,108,0
4431,108,0
4432,108,0
4433,112,0
4434,108,0
4435,108,0
4436,108,0
4437,112,0
4438,108,0
4439,108,0
4440,108,0
4441,112,0
4442,108,0
4443,112,0
4444,108,0
4445,108,0
4446,108,0
4447,112,0
4448,108,0
4449,108,0
4450,108,0
4451,112,0
4452,108,0
4453,108,0
4454,108,0
4455,108,0
4456,112,0
4457,108,0
4458,108,0
4459,108,0
4460,108,0
4461,112,0
4462,108,0
4463,108,0
4464,108,0
4465,112,0
4466,108,0
4467,108,0
4468,108,0
4469,112,0
4470,108,0
4471,108,0
4472,108,0
4473,112,0
4474,108,0
4475,108,0
4476,108,0
4477,112,0
4478,108,0
4479,108,0
4480,108,0
4481,112,0
4482,108,0
4483,108,0
4484,108,0
4485,112,0
4486,108,0
4487,108,0
4488,108,0
4489,112,0
4490,108,0
4491,112,0
4492,108,0
4493,108,0
4494,108,0
4495,112,0
4496,108,0
4497,108,0
4498,108,0
4499,112,0
4500,108,0
4501,108,0
4502,108,0
4503,112,0
4504,108,0
4505,108,0
4506,108,0
4507,108,0
4508,112,0
4509,108,0
4510,108,0
4511,108,0
4512,108,0
4513,108,0
4514,108,0
4515,112,0
4516,108,0
4517,108,0
4518,108,0
4519,108,0
4520,108,0
4521,112,0
4522,108,0
4523,108,0
4524,108,0
4525,108,0
4526,112,0
4527,108,0
4528,108,0
4529,108,0
4530,108,0
4531,108,0
4532,108,0
4533,108,0
4534,112,0
4535,112,0
4536,104,0
4537,100,0
4538,104,0
4539,100,0
4540,104,0
4541,100,0
4542,104,0
4543,100,0
4544,104,0
4545,104,0
4546,100,0
4547,104,0
4548,100,0
4549,104,0
4550,100,0
4551,108,0
4552,108,0
4553,112,0
4554,104,0
4555,104,0
4556,104,0
4557,100,0
4558,100,0
4559,100,0
4560,100,0
4561,104,0
4562,104,0
4563,104,0
4564,100,0
4565,104,0
4566,100,0
4567,100,0
4568,100,0
4569,108,0
4570,104,0
4571,104,0
4572,100,0
4573,100,0
4574,104,0
4575,104,0
4576,100,0
4577,100,0
4578,100,0
4579,100,0
4580,100,0
4581,100,0
4582,100,0
4583,100,0
4584,104,0
4585,104,0
4586,104,0
4587,104,0
4588,104,0
4589,104,0
4590,104,0
4591,104,0
4592,104,0
4593,104,0
4594,104,0
4595,104,0
4596,104,0
4597,104,0
4598,104,0
4599,104,0
4600,104,0
4601,104,0
4602,104,0
4603,104,0
4604,104,0
4605,104,0
4606,104,0
4607,104,0
4608,104,0
4609,104,0
4610,104,0
4611,104,0
4612,104,0
4613,104,0
4614,104,0
4615,104,0
4616,104,0
4617,104,0
4618,104,0
4619,104,0
4620,104,0
4621,104,0
4622,104,0
4623,104,0
4624,104,0
4625,104,0
4626,104,0
4627,104,0
4628,104,0
4629,104,0
4630,104,0
4631,104,0
4632,104,0
4633,104,0
4634,104,0
4635,104,0
4636,104,0
4637,104,0
4638,104,0
4639,104,0
4640,104,0
4641,104,0
4642,104,0
4643,104,0
4644,104,0
4645,104,0
4646,104,0
4647,104,0
4648,104,0
4649,104,0
4650,104,0
4651,104,0
4652,104,0
4653,104,0
4654,104,0
4655,104,0
4656,104,0
4657,104,0
4658,104,0
4659,104,0
4660,104,0
4661,104,0
4662,104,0
4663,104,0
4664,100,0
4665,104,0
4666,104,0
4667,104,0
4668,104,0
4669,104,0
4670,100,0
4671,104,0
4672,104,0
4673,104,0
4674,104,0
4675,104,0
4676,100,0
4677,100,0
4678,100,0
4679,100,0
4680,100,0
4681,104,0
4682,100,0
4683,100,0
4684,100,0
4685,100,0
4686,100,0
4687,100,0
4688,100,0
4689,100,0
4690,100,0
4691,100,0
4692,100,0
4693,100,0
4694,100,0
4695,100,0
4696,100,0
4697,100,0
4698,100,0
4699,100,0
4700,100,0
4701,100,0
4702,100,0
4703,100,0
4704,104,0
4705,104,0
4706,104,0
4707,104,0
4708,100,0
4709,100,0
4710,100,0
4711,100,0
4712,100,0
4713,100,0
4714,100,0
4715,100,0
4716,100,0
4717,100,0
4718,100,0
4719,100,0
4720,100,0
4721,100,0
4722,100,0
4723,100,0
4724,100,0
4725,100,0
4726,100,0
4727,100,0
4728,104,0
4729,100,0
4730,100,0
4731,100,0
4732,100,0
4733,100,0
4734,100,0
4735,100,0
4736,100,0
4737,100,0
4738,100,0
4739,100,0
4740,100,0
4741,100,0
4742,100,0
4743,100,0
4744,100,0
4745,100,0
4746,100,0
4747,100,0
4748,100,0
4749,100,0
4750,100,0
4751,100,0
4752,100,0
4753,100,0
4754,100,0
4755,100,0
4756,100,0
4757,100,0
4758,100,0
4759,100,0
4760,100,0
4761,100,0
4762,100,0
4763,104,0
4764,100,0
4765,100,0
4766,100,0
4767,100,0
4768,100,0
4769,104,0
4770,104,0
4771,104,0
4772,104,0
4773,104,0
4774,104,0
4775,104,0
4776,104,0
4777,104,0
4778,104,0
4779,104,0
4780,100,0
4781,104,0
4782,104,0
4783,104,0
4784,104,0
4785,104,0
4786,100,0
4787,104,0
4788,104,0
4789,104,0
4790,104,0
4791,104,0
4792,104,0
4793,104,0
4794,104,0
4795,104,0
4796,104,0
4797,104,0
4798,100,0
4799,104,0
4800,104,0
4801,104,0
4802,104,0
4803,104,0
4804,100,0
4805,100,0
4806,100,0
4807,100,0
4808,100,0
4809,100,0
4810,100,0
4811,100,0
4812,100,0
4813,100,0
4814,100,0
4815,100,0
4816,100,0
4817,100,0
4818,100,0
4819,100,0
4820,100,0
4821,100,0
4822,100,0
4823,100,0
4824,100,0
4825,100,0
4826,100,0
4827,104,0
4828,100,0
4829,100,0
4830,100,0
4831,100,0
4832,100,0
4833,100,0
4834,100,0
4835,100,0
4836,100,0
4837,100,0
4838,100,0
4839,100,0
4840,100,0
4841,100,0
4842,100,0
4843,100,0
4844,104,0
4845,100,0
4846,100,0
4847,100,0
4848,100,0
4849,100,0
4850,100,0
4851,100,0
4852,100,0
4853,100,0
4854,100,0
4855,100,0
4856,100,0
4857,100,0
4858,100,0
4859,100,0
4860,100,0
4861,100,0
4862,100,0
4863,100,0
4864,100,0
4865,100,0
4866,100,0
4867,100,0
4868,100,0
4869,100,0
4870,100,0
4871,100,0
4872,100,0
4873,104,0
4874,100,0
4875,100,0
4876,100,0
4877,100,0
4878,100,0
4879,100,0
4880,104,0
4881,104,0
4882,100,0
4883,100,0
4884,104,0
4885,100,0
4886,104,0
4887,100,0
4888,104,0
4889,104,0
4890,104,0
4891,104,0
4892,104,0
4893,100,0
4894,100,0
4895,100,0
4896,104,0
4897,104,0
4898,100,0
4899,100,0
4900,100,0
4901,104,0
4902,100,0
4903,100,0
4904,104,0
4905,104,0
4906,100,0
4907,100,0
4908,100,0
4909,104,0
4910,100,0
4911,100,0
4912,104,0
4913,100,0
4914,104,0
4915,104,0
4916,100,0
4917,100,0
4918,100,0
4919,100,0
4920,104,0
4921,100,0
4922,104,0
4923,100,0
4924,100,0
4925,100,0
4926,100,0
4927,100,0
4928,100,0
4929,100,0
4930,100,0
4931,100,0
4932,104,0
4933,104,0
4934,104,0
4935,104,0
4936,104,0
4937,104,0
4938,104,0
4939,104,0
4940,104,0
4941,104,0
4942,104,0
4943,104,0
4944,104,0
4945,104,0
4946,104,0
4947,104,0
4948,104,0
4949,104,0
4950,104,0
4951,104,0
4952,104,0
4953,104,0
4954,104,0
4955,104,0
4956,100,0
4957,100,0
4958,104,0
4959,104,0
4960,104,0
4961,104,0
4962,104,0
4963,104,0
4964,100,0
4965,100,0
4966,100,0
4967,100,0
4968,100,0
4969,100,0
4970,100,0
4971,100,0
4972,100,0
4973,100,0
4974,100,0
4975,100,0
4976,100,0
4977,100,0
4978,100,0
4979,100,0
4980,100,0
4981,100,0
4982,100,0
4983,100,0
4984,100,0
4985,100,0
4986,104,0
4987,104,0
4988,104,0
4989,104,0
4990,104,0
4991,104,0
4992,104,0
4993,104,0
4994,104,0
4995,104,0
4996,104,0
4997,104,0
4998,104,0
4999,104,0
5000,104,0
5001,104,0
5002,104,0
5003,104,0
5004,104,0
5005,104,0
5006,104,0
5007,104,0
5008,104,0
5009,104,0
5010,104,0
5011,104,0
5012,104,0
5013,104,0
5014,104,0
5015,104,0
5016,104,0
5017,104,0
5018,104,0
5019,104,0
5020,104,0
5021,104,0
5022,104,0
5023,104,0
5024,104,0
5025,104,0
5026,104,0
5027,104,0
5028,104,0
5029,104,0
5030,104,0
5031,104,0
5032,104,0
5033,104,0
5034,104,0
5035,104,0
5036,104,0
5037,104,0
5038,104,0
5039,104,0
5040,104,0
5041,104,0
5042,104,0
5043,104,0
5044,104,0
5045,104,0
5046,104,0
5047,104,0
5048,104,0
5049,104,0
5050,104,0
5051,104,0
5052,104,0
5053,104,0
5054,104,0
5055,104,0
5056,104,0
5057,104,0
5058,104,0
5059,104,0
5060,104,0
5061,104,0
5062,104,0
5063,104,0
5064,104,0
5065,104,0
5066,104,0
5067,104,0
5068,104,0
5069,104,0
5070,104,0
5071,104,0
5072,104,0
5073,104,0
5074,104,0
5075,104,0
5076,104,0
5077,104,0
5078,104,0
5079,104,0
5080,100,0
5081,100,0
5082,100,0
5083,100,0
5084,100,0
5085,100,0
5086,100,0
5087,100,0
5088,100,0
5089,100,0
5090,100,0
5091,100,0
5092,100,0
5093,100,0
5094,100,0
5095,100,0
5096,100,0
5097,100,0
5098,100,0
5099,100,0
5100,100,0
5101,100,0
5102,100,0
5103,100,0
5104,100,0
5105,100,0
5106,100,0
5107,100,0
5108,100,0
5109,100,0
5110,100,0
5111,100,0
5112,100,0
5113,100,0
5114,100,0
5115,100,0
5116,100,0
5117,100,0
5118,100,0
5119,100,0
5120,100,0
5121,100,0
5122,100,0
5123,100,0
5124,100,0
5125,100,0
5126,100,0
5127,100,0
5128,100,0
5129,100,0
5130,100,0
5131,100,0
5132,100,0
5133,100,0
5134,100,0
5135,100,0
5136,100,0
5137,100,0
5138,100,0
5139,100,0
5140,100,0
5141,100,0
5142,100,0
5143,100,0
5144,100,0
5145,100,0
5146,100,0
5147,100,0
5148,100,0
5149,100,0
5150,100,0
5151,100,0
5152,104,0
5153,104,0
5154,104,0
5155,104,0
5156,104,0
5157,104,0
5158,100,0
5159,104,0
5160,104,0
5161,104,0
5162,104,0
5163,104,0
5164,104,0
5165,104,0
5166,104,0
5167,104,0
5168,104,0
5169,104,0
5170,104,0
5171,104,0
5172,104,0
5173,104,0
5174,104,0
5175,104,0
5176,104,0
5177,104,0
5178,104,0
5179,104,0
5180,104,0
5181,104,0
5182,104,0
5183,104,0
5184,104,0
5185,104,0
5186,104,0
5187,104,0
5188,104,0
5189,104,0
5190,104,0
5191,104,0
5192,104,0
5193,104,0
5194,104,0
5195,104,0
5196,104,0
5197,104,0
5198,104,0
5199,104,0
5200,104,0
5201,104,0
5202,104,0
5203,104,0
5204,104,0
5205,104,0
5206,104,0
5207,104,0
5208,104,0
5209,104,0
5210,104,0
5211,104,0
5212,104,0
5213,104,0
5214,104,0
5215,104,0
5216,104,0
5217,104,0
5218,104,0
5219,104,0
5220,100,0
5221,100,0
5222,100,0
5223,100,0
5224,100,0
5225,100,0
5226,100,0
5227,100,0
5228,100,0
5229,100,0
5230,100,0
5231,100,0
5232,100,0
5233,100,0
5234,100,0
5235,100,0
5236,100,0
5237,100,0
5238,100,0
5239,100,0
5240,100,0
5241,100,0
5242,100,0
5243,100,0
5244,100,0
5245,100,0
5246,100,0
5247,100,0
5248,100,0
5249,100,0
5250,104,0
5251,100,0
5252,104,0
5253,104,0
5254,100,0
5255,100,0
5256,104,0
5257,100,0
5258,104,0
5259,100,0
5260,104,0
5261,104,0
5262,104,0
5263,100,0
5264,104,0
5265,100,0
5266,104,0
5267,104,0
5268,104,0
5269,104,0
5270,100,0
5271,100,0
5272,100,0
5273,100,0
5274,100,0
5275,100,0
5276,104,0
5277,104,0
5278,104,0
5279,104,0
5280,100,0
5281,104,0
5282,100,0
5283,100,0
5284,100,0
5285,100,0
5286,104,0
5287,104,0
5288,100,0
5289,100,0
5290,100,0
5291,100,0
5292,100,0
5293,100,0
5294,104,0
5295,100,0
5296,100,0
5297,100,0
5298,100,0
5299,100,0
5300,100,0
5301,100,0
5302,100,0
5303,100,0
5304,104,0
5305,104,0
5306,100,0
5307,100,0
5308,100,0
5309,100,0
5310,100,0
5311,112,0
5312,108,0
5313,108,0
5314,112,0
5315,104,0
5316,108,0
5317,108,0
5318,108,0
5319,108,0
5320,108,0
5321,108,0
5322,108,0
5323,108,0
5324,108,0
5325,108,0
5326,108,0
5327,108,0
5328,108,0
5329,108,0
5330,108,0
5331,108,0
5332,112,0
5333,104,0
5334,108,0
5335,112,0
5336,108,0
5337,112,0
5338,108,0
5339,112,0
5340,108,0
5341,112,0
5342,108,0
5343,112,0
5344,108,0
5345,112,0
5346,108,0
5347,112,0
5348,108,0
5349,112,0
5350,108,0
5351,112,0
5352,108,0
5353,112,0
5354,108,0
5355,112,0
5356,108,0
5357,112,0
5358,112,0
5359,108,0
5360,112,0
5361,108,0
5362,112,0
5363,108,0
5364,112,0
5365,108,0
5366,112,0
5367,108,0
5368,112,0
5369,108,0
5370,112,0
5371,108,0
5372,112,0
5373,108,0
5374,112,0
5375,108,0
5376,112,0
5377,108,0
5378,112,0
5379,108,0
5380,112,0
5381,108,0
5382,112,0
5383,108,0
5384,112,0
5385,108,0
5386,112,0
5387,108,0
5388,112,0
5389,108,0
5390,112,0
5391,108,0
5392,112,0
5393,108,0
5394,112,0
5395,108,0
5396,112,0
5397,108,0
5398,112,0
5399,108,0
5400,112,0
5401,108,0
5402,112,0
5403,108,0
5404,112,0
5405,108,0
5406,112,0
5407,108,0
5408,112,0
5409,108,0
5410,112,0
5411,108,0
5412,112,0
5413,108,0
5414,112,0
5415,108,0
5416,112,0
5417,108,0
5418,112,0
5419,108,0
5420,112,0
5421,108,0
5422,112,0
5423,108,0
5424,112,0
5425,108,0
5426,112,0
5427,108,0
5428,112,0
5429,108,0
5430,112,0
5431,108,0
5432,112,0
5433,108,0
5434,112,0
5435,108,0
5436,112,0
5437,108,0
5438,112,0
5439,108,0
5440,112,0
5441,108,0
5442,112,0
5443,108,0
5444,112,0
5445,108,0
5446,112,0
5447,108,0
5448,112,0
5449,108,0
5450,108,0
5451,112,0
5452,108,0
5453,108,0
5454,112,0
5455,108,0
5456,112,0
5457,108,0
5458,112,0
5459,108,0
5460,112,0
5461,108,0
5462,112,0
5463,108,0
5464,112,0
5465,108,0
5466,112,0
5467,108,0
5468,112,0
5469,108,0
5470,112,0
5471,108,0
5472,112,0
5473,108,0
5474,112,0
5475,108,0
5476,112,0
5477,108,0
5478,112,0
5479,108,0
5480,112,0
5481,108,0
5482,112,0
5483,108,0
5484,112,0
5485,108,0
5486,112,0
5487,108,0
5488,112,0
5489,108,0
5490,112,0
5491,108,0
5492,112,0
5493,108,0
5494,112,0
5495,108,0
5496,112,0
5497,108,0
5498,112,0
5499,108,0
5500,112,0
5501,108,0
5502,112,0
5503,108,0
5504,112,0
5505,108,0
5506,112,0
5507,108,0
5508,112,0
5509,108,0
5510,112,0
5511,108,0
5512,112,0
5513,108,0
5514,112,0
5515,108,0
5516,112,0
5517,108,0
5518,112,0
5519,108,0
5520,112,0
5521,108,0
5522,112,0
5523,108,0
5524,112,0
5525,108,0
5526,112,0
5527,108,0
5528,112,0
5529,108,0
5530,112,0
5531,108,0
5532,112,0
5533,108,0
5534,112,0
5535,108,0
5536,112,0
5537,108,0
5538,112,0
5539,108,0
5540,112,0
5541,108,0
5542,112,0
5543,108,0
5544,112,0
5545,108,0
5546,112,0
5547,108,0
5548,112,0
5549,108,0
5550,112,0
5551,108,0
5552,112,0
5553,108,0
5554,112,0
5555,108,0
5556,112,0
5557,108,0
5558,112,0
5559,108,0
5560,112,0
5561,108,0
5562,112,0
5563,108,0
5564,112,0
5565,108,0
5566,112,0
5567,108,0
5568,112,0
5569,108,0
5570,112,0
5571,108,0
5572,112,0
5573,108,0
5574,112,0
5575,108,0
5576,112,0
5577,108,0
5578,112,0
5579,108,0
5580,112,0
5581,108,0
5582,112,0
5583,108,0
5584,112,0
5585,108,0
5586,112,0
5587,108,0
5588,112,0
5589,108,0
5590,112,0
5591,108,0
5592,108,0
5593,108,0
5594,112,0
5595,108,0
5596,112,0
5597,108,0
5598,112,0
5599,108,0
5600,112,0
5601,108,0
5602,112,0
5603,108,0
5604,112,0
5605,108,0
5606,112,0
5607,108,0
5608,112,0
5609,108,0
5610,112,0
5611,108,0
5612,112,0
5613,108,0
5614,112,0
5615,108,0
5616,112,0
5617,108,0
5618,112,0
5619,108,0
5620,112,0
5621,108,0
5622,112,0
5623,108,0
5624,108,0
5625,112,0
5626,108,0
5627,108,0
5628,112,0
5629,108,0
5630,108,0
5631,108,0
5632,108,0
5633,108,0
5634,112,0
5635,108,0
5636,112,0
5637,108,0
5638,108,0
5639,112,0
5640,108,0
5641,112,0
5642,112,0
5643,108,0
5644,112,0
5645,108,0
5646,108,0
5647,108,0
5648,112,0
5649,108,0
5650,112,0
5651,108,0
5652,108,0
5653,108,0
5654,112,0
5655,108,0
5656,108,0
5657,108,0
5658,108,0
5659,112,0
5660,108,0
5661,112,0
5662,108,0
5663,112,0
5664,108,0
5665,112,0
5666,108,0
5667,112,0
5668,108,0
5669,112,0
5670,108,0
5671,112,0
5672,108,0
5673,112,0
5674,108,0
5675,112,0
5676,108,0
5677,112,0
5678,108,0
5679,112,0
5680,108,0
5681,112,0
5682,108,0
5683,112,0
5684,108,0
5685,112,0
5686,108,0
5687,112,0
5688,108,0
5689,112,0
5690,108,0
5691,112,0
5692,108,0
5693,112,0
5694,108,0
5695,112,0
5696,108,0
5697,112,0
5698,108,0
5699,112,0
5700,108,0
5701,108,0
5702,112,0
5703,108,0
5704,112,0
5705,108,0
5706,112,0
5707,108,0
5708,112,0
5709,108,0
5710,112,0
5711,108,0
5712,112,0
5713,108,0
5714,112,0
5715,108,0
5716,112,0
5717,108,0
5718,112,0
5719,108,0
5720,112,0
5721,108,0
5722,112,0
5723,108,0
5724,112,0
5725,108,0
5726,112,0
5727,108,0
5728,112,0
5729,108,0
5730,112,0
5731,108,0
5732,112,0
5733,108,0
5734,112,0
5735,108,0
5736,112,0
5737,108,0
5738,112,0
5739,108,0
5740,112,0
5741,108,0
5742,112,0
5743,108,0
5744,112,0
5745,108,0
5746,112,0
5747,108,0
5748,112,0
5749,108,0
5750,112,0
5751,108,0
5752,112,0
5753,108,0
5754,112,0
5755,108,0
5756,112,0
5757,108,0
5758,112,0
5759,108,0
5760,112,0
5761,108,0
5762,112,0
5763,108,0
5764,112,0
5765,108,0
5766,112,0
5767,108,0
5768,112,0
5769,108,0
5770,112,0
5771,108,0
5772,112,0
5773,108,0
5774,112,0
5775,108,0
5776,112,0
5777,108,0
5778,112,0
5779,108,0
5780,112,0
5781,108,0
5782,112,0
5783,108,0
5784,112,0
5785,108,0
5786,112,0
5787,108,0
5788,112,0
5789,108,0
5790,112,0
5791,108,0
5792,112,0
5793,108,0
5794,112,0
5795,108,0
5796,112,0
5797,108,0
5798,112,0
5799,108,0
5800,112,0
5801,108,0
5802,112,0
5803,108,0
5804,112,0
5805,108,0
5806,112,0
5807,108,0
5808,112,0
5809,108,0
5810,112,0
5811,108,0
5812,112,0
5813,108,0
5814,112,0
5815,108,0
5816,112,0
5817,108,0
5818,112,0
5819,108,0
5820,112,0
5821,108,0
5822,112,0
5823,108,0
5824,112,0
5825,108,0
5826,108,0
5827,112,0
5828,108,0
5829,112,0
5830,108,0
5831,112,0
5832,108,0
5833,112,0
5834,108,0
5835,112,0
5836,108,0
5837,112,0
5838,108,0
5839,112,0
5840,108,0
5841,112,0
5842,108,0
5843,112,0
5844,108,0
5845,112,0
5846,108,0
5847,112,0
5848,108,0
5849,112,0
5850,108,0
5851,112,0
5852,108,0
5853,112,0
5854,108,0
5855,112,0
5856,108,0
5857,112,0
5858,108,0
5859,112,0
5860,108,0
5861,112,0
5862,108,0
5863,112,0
5864,108,0
5865,112,0
5866,108,0
5867,112,0
5868,108,0
5869,112,0
5870,108,0
5871,112,0
5872,108,0
5873,112,0
5874,108,0
5875,112,0
5876,108,0
5877,112,0
5878,108,0
5879,112,0
5880,108,0
5881,112,0
5882,108,0
5883,112,0
5884,108,0
5885,112,0
5886,108,0
5887,112,0
5888,108,0
5889,112,0
5890,108,0
5891,112,0
5892,108,0
5893,112,0
5894,108,0
5895,112,0
5896,108,0
5897,112,0
5898,108,0
5899,112,0
5900,108,0
5901,112,0
5902,108,0
5903,112,0
5904,108,0
5905,112,0
5906,108,0
5907,112,0
5908,108,0
5909,112,0
5910,108,0
5911,112,0
5912,108,0
5913,112,0
5914,108,0
5915,112,0
5916,108,0
5917,112,0
5918,108,0
5919,112,0
5920,108,0
5921,112,0
5922,108,0
5923,112,0
5924,108,0
5925,112,0
5926,108,0
5927,112,0
5928,108,0
5929,112,0
5930,108,0
5931,112,0
5932,108,0
5933,112,0
5934,108,0
5935,112,0
5936,108,0
5937,112,0
5938,108,0
5939,112,0
5940,108,0
5941,112,0
5942,108,0
5943,112,0
5944,108,0
5945,112,0
5946,108,0
5947,112,0
5948,108,0
5949,112,0
5950,108,0
5951,112,0
5952,108,0
5953,112,0
5954,108,0
5955,112,0
5956,108,0
5957,112,0
5958,108,0
5959,112,0
5960,108,0
5961,112,0
5962,108,0
5963,112,0
5964,108,0
5965,108,0
5966,112,0
5967,108,0
5968,112,0
5969,108,0
5970,112,0
5971,108,0
5972,112,0
5973,108,0
5974,112,0
5975,108,0
5976,112,0
5977,108,0
5978,112,0
5979,108,0
5980,112,0
5981,108,0
5982,112,0
5983,108,0
5984,112,0
5985,108,0
5986,112,0
5987,108,0
5988,112,0
5989,108,0
5990,112,0
5991,108,0
5992,112,0
5993,108,0
5994,112,0
5995,108,0
5996,112,0
5997,108,0
5998,108,0
5999,112,0
6000,108,0
6001,112,0
6002,108,0
6003,108,0
6004,108,0
6005,108,0
6006,112,0
6007,112,0
6008,112,0
6009,108,0
6010,108,0
6011,108,0
6012,112,0
6013,108,0
6014,108,0
6015,112,0
6016,108,0
6017,108,0
6018,112,0
6019,108,0
6020,108,0
6021,112,0
6022,108,0
6023,108,0
6024,108,0
6025,108,0
6026,112,0
6027,108,0
6028,112,0
6029,108,0
6030,112,0
6031,108,0
6032,112,0
6033,108,0
6034,112,0
6035,108,0
6036,112,0
6037,108,0
6038,112,0
6039,108,0
6040,112,0
6041,108,0
6042,112,0
6043,108,0
6044,112,0
6045,108,0
6046,112,0
6047,108,0
6048,112,0
6049,108,0
6050,112,0
6051,108,0
6052,112,0
6053,108,0
6054,112,0
6055,108,0
6056,112,0
6057,104,0
6058,112,0
6059,100,0
6060,108,0
6061,100,0
6062,100,0
6063,100,0
6064,100,0
6065,100,0
6066,100,0
6067,100,0
6068,100,0
6069,100,0
6070,100,0
6071,100,0
6072,100,0
6073,100,0
6074,100,0
6075,100,0
6076,100,0
6077,100,0
6078,100,0
6079,104,0
6080,100,0
6081,104,0
6082,104,0
6083,104,0
6084,104,0
6085,104,0
6086,104,0
6087,104,0
6088,104,0
6089,104,0
6090,104,0
6091,104,0
6092,104,0
6093,104,0
6094,104,0
6095,104,0
6096,104,0
6097,104,0
6098,104,0
6099,104,0
6100,104,0
6101,104,0
6102,104,0
6103,104,0
6104,104,0
6105,104,0
6106,100,0
6107,100,0
6108,100,0
6109,100,0
6110,100,0
6111,100,0
6112,100,0
6113,100,0
6114,100,0
6115,100,0
6116,100,0
6117,100,0
6118,100,0
6119,100,0
6120,100,0
6121,100,0
6122,100,0
6123,100,0
6124,100,0
6125,100,0
6126,100,0
6127,100,0
6128,100,0
6129,100,0
6130,100,0
6131,100,0
6132,100,0
6133,100,0
6134,100,0
6135,100,0
6136,100,0
6137,100,0
6138,100,0
6139,100,0
6140,100,0
6141,100,0
6142,100,0
6143,100,0
6144,100,0
6145,100,0
6146,100,0
6147,100,0
6148,100,0
6149,100,0
6150,100,0
6151,100,0
6152,100,0
6153,100,0
6154,100,0
6155,100,0
6156,100,0
6157,100,0
6158,100,0
6159,100,0
6160,100,0
6161,100,0
6162,100,0
6163,100,0
6164,100,0
6165,100,0
6166,100,0
6167,100,0
6168,100,0
6169,100,0
6170,100,0
6171,100,0
6172,100,0
6173,100,0
6174,100,0
6175,100,0
6176,100,0
6177,100,0
6178,100,0
6179,100,0
6180,100,0
6181,100,0
6182,100,0
6183,100,0
6184,100,0
6185,100,0
6186,100,0
6187,100,0
6188,100,0
6189,100,0
6190,100,0
6191,100,0
6192,100,0
6193,100,0
6194,100,0
6195,100,0
6196,100,0
6197,100,0
6198,100,0
6199,100,0
6200,100,0
6201,100,0
6202,100,0
6203,100,0
6204,100,0
6205,100,0
6206,100,0
6207,100,0
6208,100,0
6209,100,0
6210,100,0
6211,100,0
6212,100,0
6213,100,0
6214,100,0
6215,100,0
6216,100,0
6217,100,0
6218,100,0
6219,100,0
6220,100,0
6221,100,0
6222,100,0
6223,100,0
6224,100,0
6225,100,0
6226,100,0
6227,100,0
6228,100,0
6229,100,0
6230,100,0
6231,100,0
6232,100,0
6233,100,0
6234,100,0
6235,100,0
6236,100,0
6237,100,0
6238,100,0
6239,100,0
6240,100,0
6241,100,0
6242,100,0
6243,100,0
6244,100,0
6245,100,0
6246,100,0
6247,100,0
6248,100,0
6249,100,0
6250,100,0
6251,100,0
6252,100,0
6253,100,0
6254,100,0
6255,100,0
6256,100,0
6257,100,0
6258,100,0
6259,100,0
6260,100,0
6261,100,0
6262,100,0
6263,100,0
6264,100,0
6265,100,0
6266,100,0
6267,100,0
6268,100,0
6269,100,0
6270,100,0
6271,100,0
6272,100,0
6273,100,0
6274,100,0
6275,100,0
6276,100,0
6277,100,0
6278,100,0
6279,100,0
6280,100,0
6281,100,0
6282,100,0
6283,100,0
6284,100,0
6285,100,0
6286,100,0
6287,100,0
6288,100,0
6289,100,0
6290,100,0
6291,100,0
6292,100,0
6293,100,0
6294,100,0
6295,100,0
6296,100,0
6297,100,0
6298,100,0
6299,100,0
6300,100,0
6301,100,0
6302,100,0
6303,100,0
6304,100,0
6305,100,0
6306,100,0
6307,100,0
6308,100,0
6309,100,0
6310,100,0
6311,100,0
6312,100,0
6313,100,0
6314,100,0
6315,100,0
6316,100,0
6317,100,0
6318,100,0
6319,100,0
6320,100,0
6321,100,0
6322,100,0
6323,100,0
6324,100,0
6325,100,0
6326,100,0
6327,100,0
6328,100,0
6329,100,0
6330,100,0
6331,100,0
6332,100,0
6333,100,0
6334,100,0
6335,100,0
6336,100,0
6337,100,0
6338,100,0
6339,100,0
6340,100,0
6341,100,0
6342,100,0
6343,100,0
6344,100,0
6345,100,0
6346,100,0
6347,100,0
6348,100,0
6349,100,0
6350,100,0
6351,100,0
6352,100,0
6353,100,0
6354,100,0
6355,100,0
6356,100,0
6357,100,0
6358,100,0
6359,100,0
6360,100,0
6361,100,0
6362,100,0
6363,100,0
6364,100,0
6365,100,0
6366,104,0
6367,100,0
6368,104,0
6369,104,0
6370,100,0
6371,100,0
6372,100,0
6373,100,0
6374,100,0
6375,100,0
6376,104,0
6377,104,0
6378,104,0
6379,104,0
6380,104,0
6381,100,0
6382,100,0
6383,100,0
6384,104,0
6385,100,0
6386,100,0
6387,100,0
6388,100,0
6389,100,0
6390,100,0
6391,100,0
6392,104,0
6393,104,0
6394,100,0
6395,104,0
6396,104,0
6397,100,0
6398,100,0
6399,100,0
6400,100,0
6401,100,0
6402,100,0
6403,100,0
6404,104,0
6405,100,0
6406,104,0
6407,100,0
6408,104,0
6409,100,0
6410,104,0
6411,100,0
6412,100,0
6413,104,0
6414,100,0
6415,104,0
6416,100,0
6417,104,0
6418,100,0
6419,104,0
6420,100,0
6421,100,0
6422,104,0
6423,100,0
6424,104,0
6425,100,0
6426,104,0
6427,100,0
6428,104,0
6429,100,0
6430,100,0
6431,104,0
6432,100,0
6433,104,0
6434,100,0
6435,104,0
6436,100,0
6437,104,0
6438,100,0
6439,100,0
6440,104,0
6441,100,0
6442,104,0
6443,100,0
6444,104,0
6445,100,0
6446,100,0
6447,100,0
6448,100,0
6449,104,0
6450,100,0
6451,104,0
6452,100,0
6453,100,0
6454,104,0
6455,100,0
6456,104,0
6457,104,0
6458,100,0
6459,104,0
6460,100,0
6461,104,0
6462,100,0
6463,104,0
6464,100,0
6465,104,0
6466,104,0
6467,100,0
6468,104,0
6469,100,0
6470,104,0
6471,100,0
6472,104,0
6473,100,0
6474,104,0
6475,100,0
6476,104,0
6477,100,0
6478,104,0
6479,100,0
6480,104,0
6481,100,0
6482,104,0
6483,100,0
6484,100,0
6485,104,0
6486,100,0
6487,104,0
6488,100,0
6489,104,0
6490,100,0
6491,104,0
6492,100,0
6493,100,0
6494,104,0
6495,100,0
6496,104,0
6497,100,0
6498,104,0
6499,100,0
6500,104,0
6501,100,0
6502,100,0
6503,104,0
6504,100,0
6505,104,0
6506,100,0
6507,104,0
6508,100,0
6509,104,0
6510,100,0
6511,100,0
6512,104,0
6513,100,0
6514,104,0
6515,100,0
6516,104,0
6517,100,0
6518,104,0
6519,100,0
6520,100,0
6521,104,0
6522,100,0
6523,104,0
6524,100,0
6525,104,0
6526,100,0
6527,104,0
6528,100,0
6529,100,0
6530,104,0
6531,100,0
6532,104,0
6533,100,0
6534,104,0
6535,100,0
6536,104,0
6537,100,0
6538,100,0
6539,104,0
6540,100,0
6541,104,0
6542,100,0
6543,104,0
6544,100,0
6545,104,0
6546,100,0
6547,100,0
6548,104,0
6549,100,0
6550,104,0
6551,100,0
6552,104,0
6553,100,0
6554,104,0
6555,100,0
6556,100,0
6557,104,0
6558,100,0
6559,104,0
6560,100,0
6561,104,0
6562,100,0
6563,104,0
6564,100,0
6565,100,0
6566,104,0
6567,100,0
6568,104,0
6569,100,0
6570,104,0
6571,100,0
6572,104,0
6573,100,0
6574,100,0
6575,104,0
6576,100,0
6577,104,0
6578,100,0
6579,104,0
6580,100,0
6581,104,0
6582,100,0
6583,100,0
6584,104,0
6585,100,0
6586,104,0
6587,100,0
6588,104,0
6589,100,0
6590,104,0
6591,100,0
6592,100,0
6593,104,0
6594,100,0
6595,104,0
6596,100,0
6597,104,0
6598,100,0
6599,104,0
6600,100,0
6601,100,0
6602,104,0
6603,100,0
6604,104,0
6605,100,0
6606,104,0
6607,100,0
6608,104,0
6609,100,0
6610,100,0
6611,104,0
6612,100,0
6613,104,0
6614,100,0
6615,104,0
6616,100,0
6617,104,0
6618,100,0
6619,100,0
6620,104,0
6621,100,0
6622,104,0
6623,100,0
6624,104,0
6625,100,0
6626,104,0
6627,100,0
6628,100,0
6629,104,0
6630,100,0
6631,104,0
6632,100,0
6633,104,0
6634,100,0
6635,104,0
6636,100,0
6637,100,0
6638,104,0
6639,100,0
6640,104,0
6641,100,0
6642,104,0
6643,100,0
6644,104,0
6645,100,0
6646,100,0
6647,104,0
6648,100,0
6649,104,0
6650,100,0
6651,104,0
6652,100,0
6653,104,0
6654,100,0
6655,100,0
6656,104,0
6657,100,0
6658,104,0
6659,100,0
6660,104,0
6661,100,0
6662,104,0
6663,100,0
6664,100,0
6665,104,0
6666,100,0
6667,104,0
6668,100,0
6669,104,0
6670,100,0
6671,104,0
6672,100,0
6673,100,0
6674,104,0
6675,100,0
6676,104,0
6677,100,0
6678,104,0
6679,100,0
6680,104,0
6681,100,0
6682,100,0
6683,104,0
6684,100,0
6685,104,0
6686,100,0
6687,104,0
6688,100,0
6689,104,0
6690,100,0
6691,100,0
6692,104,0
6693,100,0
6694,104,0
6695,100,0
6696,104,0
6697,100,0
6698,104,0
6699,100,0
6700,100,0
6701,104,0
6702,100,0
6703,104,0
6704,100,0
6705,104,0
6706,104,0
6707,100,0
6708,104,0
6709,100,0
6710,104,0
6711,100,0
6712,104,0
6713,100,0
6714,104,0
6715,100,0
6716,104,0
6717,100,0
6718,100,0
6719,104,0
6720,100,0
6721,104,0
6722,100,0
6723,104,0
6724,100,0
6725,104,0
6726,100,0
6727,100,0
6728,104,0
6729,100,0
6730,104,0
6731,100,0
6732,104,0
6733,100,0
6734,104,0
6735,100,0
6736,100,0
6737,104,0
6738,100,0
6739,104,0
6740,104,0
6741,104,0
6742,104,0
6743,104,0
6744,104,0
6745,104,0
6746,104,0
6747,104,0
6748,100,0
6749,104,0
6750,100,0
6751,100,0
6752,104,0
6753,104,0
6754,100,0
6755,100,0
6756,104,0
6757,104,0
6758,104,0
6759,104,0
6760,104,0
6761,104,0
6762,104,0
6763,100,0
6764,104,0
6765,100,0
6766,100,0
6767,100,0
6768,100,0
6769,100,0
6770,100,0
6771,104,0
6772,100,0
6773,100,0
6774,104,0
6775,104,0
6776,104,0
6777,104,0
6778,104,0
6779,100,0
6780,104,0
6781,100,0
6782,100,0
6783,100,0
6784,104,0
6785,100,0
6786,104,0
6787,100,0
6788,104,0
6789,100,0
6790,104,0
6791,104,0
6792,100,0
6793,104,0
6794,100,0
6795,104,0
6796,100,0
6797,104,0
6798,100,0
6799,104,0
6800,100,0
6801,108,0
6802,100,0
6803,100,0
6804,100,0
6805,104,0
6806,100,0
6807,104,0
6808,100,0
6809,104,0
6810,100,0
6811,100,0
6812,104,0
6813,104,0
6814,100,0
6815,100,0
6816,104,0
6817,104,0
6818,100,0
6819,100,0
6820,100,0
6821,104,0
6822,104,0
6823,104,0
6824,100,0
6825,100,0
6826,104,0
6827,104,0
6828,100,0
6829,100,0
6830,104,0
6831,104,0
6832,100,0
6833,100,0
6834,104,0
6835,104,0
6836,100,0
6837,100,0
6838,104,0
6839,104,0
6840,100,0
6841,100,0
6842,104,0
6843,104,0
6844,100,0
6845,100,0
6846,104,0
6847,104,0
6848,100,0
6849,100,0
6850,104,0
6851,104,0
6852,100,0
6853,100,0
6854,104,0
6855,104,0
6856,100,0
6857,100,0
6858,104,0
6859,104,0
6860,100,0
6861,100,0
6862,104,0
6863,104,0
6864,100,0
6865,100,0
6866,104,0
6867,104,0
6868,100,0
6869,100,0
6870,104,0
6871,104,0
6872,100,0
6873,100,0
6874,104,0
6875,104,0
6876,100,0
6877,100,0
6878,104,0
6879,104,0
6880,100,0
6881,100,0
6882,104,0
6883,104,0
6884,100,0
6885,100,0
6886,104,0
6887,104,0
6888,100,0
6889,100,0
6890,104,0
6891,104,0
6892,100,0
6893,100,0
6894,104,0
6895,104,0
6896,100,0
6897,100,0
6898,104,0
6899,104,0
6900,100,0
6901,100,0
6902,104,0
6903,104,0
6904,100,0
6905,100,0
6906,104,0
6907,104,0
6908,100,0
6909,100,0
6910,104,0
6911,104,0
6912,100,0
6913,100,0
6914,104,0
6915,104,0
6916,100,0
6917,100,0
6918,104,0
6919,104,0
6920,100,0
6921,100,0
6922,104,0
6923,104,0
6924,100,0
6925,100,0
6926,104,0
6927,104,0
6928,100,0
6929,100,0
6930,104,0
6931,104,0
6932,100,0
6933,100,0
6934,104,0
6935,104,0
6936,100,0
6937,100,0
6938,104,0
6939,104,0
6940,100,0
6941,100,0
6942,100,0
6943,100,0
6944,104,0
6945,104,0
6946,100,0
6947,100,0
6948,104,0
6949,104,0
6950,100,0
6951,100,0
6952,104,0
6953,104,0
6954,100,0
6955,100,0
6956,104,0
6957,104,0
6958,100,0
6959,100,0
6960,104,0
6961,104,0
6962,100,0
6963,100,0
6964,104,0
6965,104,0
6966,100,0
6967,100,0
6968,104,0
6969,104,0
6970,100,0
6971,100,0
6972,104,0
6973,104,0
6974,100,0
6975,100,0
6976,104,0
6977,104,0
6978,100,0
6979,100,0
6980,104,0
6981,104,0
6982,100,0
6983,100,0
6984,104,0
6985,104,0
6986,100,0
6987,100,0
6988,104,0
6989,104,0
6990,100,0
6991,100,0
6992,104,0
6993,104,0
6994,100,0
6995,100,0
6996,104,0
6997,104,0
6998,100,0
6999,100,0
7000,104,0
7001,104,0
7002,100,0
7003,100,0
7004,104,0
7005,104,0
7006,100,0
7007,100,0
7008,104,0
7009,104,0
7010,100,0
7011,100,0
7012,104,0
7013,104,0
7014,100,0
7015,100,0
7016,104,0
7017,104,0
7018,100,0
7019,100,0
7020,104,0
7021,104,0
7022,100,0
7023,100,0
7024,104,0
7025,104,0
7026,100,0
7027,100,0
7028,104,0
7029,104,0
7030,100,0
7031,100,0
7032,104,0
7033,104,0
7034,100,0
7035,100,0
7036,104,0
7037,104,0
7038,100,0
7039,100,0
7040,104,0
7041,104,0
7042,100,0
7043,100,0
7044,104,0
7045,104,0
7046,100,0
7047,100,0
7048,104,0
7049,104,0
7050,100,0
7051,104,0
7052,100,0
7053,100,0
7054,104,0
7055,104,0
7056,100,0
7057,100,0
7058,104,0
7059,104,0
7060,100,0
7061,100,0
7062,104,0
7063,104,0
7064,100,0
7065,100,0
7066,104,0
7067,104,0
7068,100,0
7069,100,0
7070,104,0
7071,104,0
7072,100,0
7073,100,0
7074,104,0
7075,104,0
7076,100,0
7077,100,0
7078,104,0
7079,104,0
7080,100,0
7081,100,0
7082,100,0
7083,104,0
7084,100,0
7085,100,0
7086,104,0
7087,104,0
7088,100,0
7089,100,0
7090,104,0
7091,104,0
7092,100,0
7093,100,0
7094,104,0
7095,104,0
7096,100,0
7097,100,0
7098,104,0
7099,104,0
7100,100,0
7101,100,0
7102,104,0
7103,104,0
7104,100,0
7105,100,0
7106,104,0
7107,104,0
7108,100,0
7109,100,0
7110,104,0
7111,100,0
7112,100,0
7113,100,0
7114,104,0
7115,100,0
7116,104,0
7117,100,0
7118,100,0
7119,100,0
7120,104,0
7121,100,0
7122,100,0
7123,100,0
7124,104,0
7125,100,0
7126,100,0
7127,100,0
7128,100,0
7129,104,0
7130,100,0
7131,104,0
7132,100,0
7133,104,0
7134,104,0
7135,100,0
7136,104,0
7137,100,0
7138,104,0
7139,100,0
7140,104,0
7141,100,0
7142,100,0
7143,100,0
7144,104,0
7145,104,0
7146,100,0
7147,100,0
7148,104,0
7149,104,0
7150,104,0
7151,100,0
7152,104,0
7153,104,0
7154,100,0
7155,100,0
7156,100,0
7157,104,0
7158,100,0
7159,100,0
7160,104,0
7161,104,0
7162,100,0
7163,100,0
7164,104,0
7165,104,0
7166,100,0
7167,100,0
7168,100,0
7169,104,0
7170,100,0
7171,100,0
7172,104,0
7173,104,0
7174,100,0
7175,100,0
7176,104,0
7177,104,0
7178,100,0
7179,100,0
7180,104,0
7181,104,0
7182,100,0
7183,100,0
7184,104,0
7185,104,0
7186,100,0
7187,100,0
7188,104,0
7189,104,0
7190,104,0
7191,100,0
7192,100,0
7193,104,0
7194,104,0
7195,104,0
7196,100,0
7197,100,0
7198,104,0
7199,100,0
7200,104,0
7201,104,0
7202,100,0
7203,108,0
7204,108,0
7205,112,0
7206,104,0
7207,100,0
7208,104,0
7209,100,0
7210,104,0
7211,100,0
7212,104,0
7213,104,0
7214,100,0
7215,100,0
7216,104,0
7217,104,0
7218,100,0
7219,100,0
7220,104,0
7221,104,0
7222,100,0
7223,100,0
7224,104,0
7225,104,0
7226,100,0
7227,100,0
7228,104,0
7229,104,0
7230,100,0
7231,100,0
7232,104,0
7233,104,0
7234,100,0
7235,100,0
7236,104,0
7237,104,0
7238,100,0
7239,100,0
7240,104,0
7241,104,0
7242,100,0
7243,100,0
7244,104,0
7245,104,0
7246,100,0
7247,100,0
7248,104,0
7249,104,0
7250,100,0
7251,100,0
7252,104,0
7253,104,0
7254,100,0
7255,100,0
7256,104,0
7257,104,0
7258,100,0
7259,100,0
7260,104,0
7261,104,0
7262,100,0
7263,100,0
7264,104,0
7265,104,0
7266,100,0
7267,100,0
7268,104,0
7269,104,0
7270,100,0
7271,100,0
7272,104,0
7273,104,0
7274,100,0
7275,100,0
7276,104,0
7277,104,0
7278,100,0
7279,100,0
7280,104,0
7281,104,0
7282,100,0
7283,100,0
7284,104,0
7285,104,0
7286,100,0
7287,100,0
7288,104,0
7289,104,0
7290,100,0
7291,100,0
7292,104,0
7293,104,0
7294,100,0
7295,100,0
7296,104,0
7297,104,0
7298,100,0
7299,100,0
7300,104,0
7301,104,0
7302,100,0
7303,100,0
7304,104,0
7305,104,0
7306,100,0
7307,100,0
7308,104,0
7309,104,0
7310,100,0
7311,100,0
7312,104,0
7313,104,0
7314,100,0
7315,100,0
7316,104,0
7317,104,0
7318,100,0
7319,100,0
7320,104,0
7321,104,0
7322,104,0
7323,104,0
7324,100,0
7325,100,0
7326,104,0
7327,104,0
7328,100,0
7329,100,0
7330,104,0
7331,104,0
7332,100,0
7333,100,0
7334,104,0
7335,104,0
7336,100,0
7337,100,0
7338,104,0
7339,104,0
7340,100,0
7341,100,0
7342,104,0
7343,104,0
7344,100,0
7345,100,0
7346,104,0
7347,104,0
7348,100,0
7349,100,0
7350,104,0
7351,104,0
7352,100,0
7353,100,0
7354,104,0
7355,104,0
7356,100,0
7357,100,0
7358,104,0
7359,104,0
7360,100,0
7361,100,0
7362,104,0
7363,104,0
7364,100,0
7365,100,0
7366,104,0
7367,104,0
7368,100,0
7369,100,0
7370,104,0
7371,104,0
7372,100,0
7373,100,0
7374,104,0
7375,100,0
7376,104,0
7377,104,0
7378,100,0
7379,100,0
7380,104,0
7381,104,0
7382,100,0
7383,100,0
7384,104,0
7385,104,0
7386,104,0
7387,104,0
7388,100,0
7389,100,0
7390,104,0
7391,104,0
7392,104,0
7393,104,0
7394,100,0
7395,100,0
7396,104,0
7397,104,0
7398,100,0
7399,100,0
7400,104,0
7401,104,0
7402,100,0
7403,100,0
7404,104,0
7405,104,0
7406,100,0
7407,100,0
7408,104,0
7409,104,0
7410,100,0
7411,100,0
7412,104,0
7413,104,0
7414,100,0
7415,100,0
7416,100,0
7417,100,0
7418,104,0
7419,104,0
7420,100,0
7421,100,0
7422,104,0
7423,104,0
7424,100,0
7425,100,0
7426,104,0
7427,104,0
7428,100,0
7429,100,0
7430,104,0
7431,104,0
7432,100,0
7433,100,0
7434,104,0
7435,104,0
7436,100,0
7437,100,0
7438,104,0
7439,104,0
7440,100,0
7441,100,0
7442,104,0
7443,104,0
7444,100,0
7445,100,0
7446,104,0
7447,104,0
7448,100,0
7449,100,0
7450,100,0
7451,100,0
7452,104,0
7453,104,0
7454,104,0
7455,104,0
7456,100,0
7457,100,0
7458,104,0
7459,104,0
7460,100,0
7461,100,0
7462,104,0
7463,104,0
7464,100,0
7465,100,0
7466,104,0
7467,104,0
7468,100,0
7469,100,0
7470,104,0
7471,104,0
7472,100,0
7473,100,0
7474,104,0
7475,104,0
7476,100,0
7477,100,0
7478,104,0
7479,104,0
7480,100,0
7481,100,0
7482,104,0
7483,108,0
7484,100,0
7485,100,0
7486,100,0
7487,104,0
7488,100,0
7489,104,0
7490,104,0
7491,100,0
7492,104,0
7493,104,0
7494,100,0
7495,100,0
7496,100,0
7497,100,0
7498,104,0
7499,100,0
7500,100,0
7501,104,0
7502,100,0
7503,104,0
7504,104,0
7505,100,0
7506,104,0
7507,100,0
7508,104,0
7509,104,0
7510,100,0
7511,104,0
7512,104,0
7513,100,0
7514,100,0
7515,104,0
7516,100,0
7517,100,0
7518,100,0
7519,104,0
7520,100,0
7521,104,0
7522,104,0
7523,100,0
7524,100,0
7525,104,0
7526,104,0
7527,100,0
7528,100,0
7529,104,0
7530,104,0
7531,100,0
7532,100,0
7533,104,0
7534,104,0
7535,100,0
7536,100,0
7537,104,0
7538,104,0
7539,100,0
7540,104,0
7541,100,0
7542,100,0
7543,104,0
7544,104,0
7545,104,0
7546,104,0
7547,108,0
7548,108,0
7549,108,0
7550,108,0
7551,108,0
7552,108,0
7553,108,0
7554,108,0
7555,108,0
7556,108,0
7557,112,0
7558,108,0
7559,108,0
7560,108,0
7561,112,0
7562,108,0
7563,108,0
7564,108,0
7565,112,0
7566,108,0
7567,108,0
7568,108,0
7569,112,0
7570,112,0
7571,108,0
7572,108,0
7573,112,0
7574,108,0
7575,108,0
7576,108,0
7577,112,0
7578,108,0
7579,108,0
7580,108,0
7581,112,0
7582,108,0
7583,108,0
7584,108,0
7585,112,0
7586,108,0
7587,108,0
7588,108,0
7589,112,0
7590,108,0
7591,108,0
7592,108,0
7593,112,0
7594,108,0
7595,108,0
7596,108,0
7597,112,0
7598,108,0
7599,108,0
7600,108,0
7601,112,0
7602,108,0
7603,108,0
7604,108,0
7605,112,0
7606,108,0
7607,108,0
7608,108,0
7609,112,0
7610,108,0
7611,108,0
7612,108,0
7613,112,0
7614,108,0
7615,108,0
7616,108,0
7617,112,0
7618,108,0
7619,108,0
7620,108,0
7621,112,0
7622,108,0
7623,108,0
7624,108,0
7625,112,0
7626,108,0
7627,108,0
7628,108,0
7629,112,0
7630,108,0
7631,108,0
7632,108,0
7633,112,0
7634,108,0
7635,108,0
7636,108,0
7637,112,0
7638,108,0
7639,108,0
7640,108,0
7641,112,0
7642,108,0
7643,108,0
7644,108,0
7645,112,0
7646,108,0
7647,108,0
7648,108,0
7649,112,0
7650,108,0
7651,108,0
7652,108,0
7653,112,0
7654,108,0
7655,108,0
7656,108,0
7657,112,0
7658,108,0
7659,108,0
7660,108,0
7661,112,0
7662,108,0
7663,108,0
7664,108,0
7665,112,0
7666,108,0
7667,108,0
7668,108,0
7669,112,0
7670,108,0
7671,108,0
7672,108,0
7673,112,0
7674,108,0
7675,108,0
7676,108,0
7677,112,0
7678,108,0
7679,108,0
7680,108,0
7681,112,0
7682,108,0
7683,108,0
7684,108,0
7685,112,0
7686,108,0
7687,108,0
7688,108,0
7689,112,0
7690,108,0
7691,108,0
7692,108,0
7693,112,0
7694,108,0
7695,108,0
7696,108,0
7697,108,0
7698,108,0
7699,112,0
7700,108,0
7701,108,0
7702,108,0
7703,112,0
7704,108,0
7705,108,0
7706,108,0
7707,112,0
7708,108,0
7709,108,0
7710,108,0
7711,112,0
7712,108,0
7713,108,0
7714,108,0
7715,112,0
7716,108,0
7717,108,0
7718,108,0
7719,112,0
7720,108,0
7721,108,0
7722,108,0
7723,112,0
7724,108,0
7725,108,0
7726,108,0
7727,112,0
7728,108,0
7729,108,0
7730,108,0
7731,112,0
7732,108,0
7733,108,0
7734,108,0
7735,112,0
7736,108,0
7737,108,0
7738,108,0
7739,112,0
7740,108,0
7741,108,0
7742,108,0
7743,112,0
7744,108,0
7745,108,0
7746,108,0
7747,112,0
7748,108,0
7749,108,0
7750,108,0
7751,112,0
7752,108,0
7753,108,0
7754,108,0
7755,108,0
7756,108,0
7757,112,0
7758,108,0
7759,108,0
7760,108,0
7761,108,0
7762,108,0
7763,112,0
7764,108,0
7765,108,0
7766,108,0
7767,108,0
7768,108,0
7769,112,0
7770,108,0
7771,108,0
7772,108,0
7773,112,0
7774,108,0
7775,108,0
7776,108,0
7777,108,0
7778,108,0
7779,108,0
7780,108,0
7781,112,0
7782,112,0
7783,108,0
7784,108,0
7785,112,0
7786,108,0
7787,108,0
7788,108,0
7789,112,0
7790,108,0
7791,108,0
7792,108,0
7793,112,0
7794,112,0
7795,108,0
7796,108,0
7797,112,0
7798,108,0
7799,108,0
7800,108,0
7801,112,0
7802,108,0
7803,108,0
7804,108,0
7805,112,0
7806,108,0
7807,108,0
7808,108,0
7809,112,0
7810,108,0
7811,108,0
7812,108,0
7813,108,0
7814,108,0
7815,112,0
7816,108,0
7817,108,0
7818,108,0
7819,112,0
7820,108,0
7821,108,0
7822,108,0
7823,108,0
7824,108,0
7825,112,0
7826,108,0
7827,112,0
7828,108,0
7829,108,0
7830,108,0
7831,112,0
7832,108,0
7833,108,0
7834,108,0
7835,112,0
7836,108,0
7837,108,0
7838,108,0
7839,112,0
7840,108,0
7841,108,0
7842,108,0
7843,112,0
7844,108,0
7845,108,0
7846,108,0
7847,108,0
7848,108,0
7849,108,0
7850,108,0
7851,112,0
7852,108,0
7853,108,0
7854,108,0
7855,112,0
7856,108,0
7857,100,0
7858,108,0
7859,104,0
7860,104,0
7861,100,0
7862,100,0
7863,104,0
7864,104,0
7865,100,0
7866,100,0
7867,104,0
7868,100,0
7869,100,0
7870,100,0
7871,104,0
7872,100,0
7873,104,0
7874,104,0
7875,104,0
7876,100,0
7877,104,0
7878,100,0
7879,104,0
7880,104,0
7881,100,0
7882,104,0
7883,100,0
7884,104,0
7885,100,0
7886,104,0
7887,104,0
7888,100,0
7889,104,0
7890,104,0
7891,100,0
7892,104,0
7893,100,0
7894,104,0
7895,100,0
7896,104,0
7897,104,0
7898,104,0
7899,104,0
7900,100,0
7901,104,0
7902,100,0
7903,100,0
7904,100,0
7905,100,0
7906,100,0
7907,100,0
7908,100,0
7909,100,0
7910,104,0
7911,104,0
7912,100,0
7913,104,0
7914,104,0
7915,104,0
7916,104,0
7917,104,0
7918,104,0
7919,104,0
7920,100,0
7921,100,0
7922,100,0
7923,100,0
7924,100,0
7925,100,0
7926,100,0
7927,100,0
7928,100,0
7929,104,0
7930,104,0
7931,104,0
7932,104,0
7933,104,0
7934,104,0
7935,100,0
7936,104,0
7937,104,0
7938,100,0
7939,100,0
7940,100,0
7941,100,0
7942,100,0
7943,100,0
7944,100,0
7945,100,0
7946,100,0
7947,104,0
7948,104,0
7949,104,0
7950,104,0
7951,104,0
7952,104,0
7953,104,0
7954,104,0
7955,104,0
7956,100,0
7957,100,0
7958,100,0
7959,100,0
7960,100,0
7961,100,0
7962,100,0
7963,100,0
7964,100,0
7965,104,0
7966,104,0
7967,104,0
7968,104,0
7969,104,0
7970,104,0
7971,104,0
7972,104,0
7973,104,0
7974,100,0
7975,100,0
7976,100,0
7977,100,0
7978,100,0
7979,100,0
7980,100,0
7981,100,0
7982,100,0
7983,104,0
7984,104,0
7985,104,0
7986,104,0
7987,104,0
7988,104,0
7989,104,0
7990,104,0
7991,104,0
7992,100,0
7993,100,0
7994,100,0
7995,100,0
7996,100,0
7997,100,0
7998,100,0
7999,100,0
8000,100,0
8001,104,0
8002,104,0
8003,104,0
8004,104,0
8005,104,0
8006,104,0
8007,104,0
8008,104,0
8009,104,0
8010,100,0
8011,100,0
8012,100,0
8013,100,0
8014,100,0
8015,100,0
8016,100,0
8017,100,0
8018,100,0
8019,104,0
8020,104,0
8021,104,0
8022,104,0
8023,104,0
8024,104,0
8025,104,0
8026,104,0
8027,104,0
8028,100,0
8029,100,0
8030,100,0
8031,100,0
8032,100,0
8033,100,0
8034,100,0
8035,100,0
8036,100,0
8037,104,0
8038,104,0
8039,104,0
8040,104,0
8041,104,0
8042,104,0
8043,104,0
8044,104,0
8045,104,0
8046,100,0
8047,100,0
8048,100,0
8049,100,0
8050,100,0
8051,100,0
8052,100,0
8053,100,0
8054,100,0
8055,104,0
8056,104,0
8057,104,0
8058,104,0
8059,100,0
8060,104,0
8061,104,0
8062,104,0
8063,104,0
8064,100,0
8065,100,0
8066,100,0
8067,100,0
8068,100,0
8069,100,0
8070,100,0
8071,100,0
8072,100,0
8073,104,0
8074,104,0
8075,104,0
8076,104,0
8077,104,0
8078,104,0
8079,104,0
8080,104,0
8081,104,0
8082,100,0
8083,100,0
8084,100,0
8085,100,0
8086,100,0
8087,100,0
8088,100,0
8089,100,0
8090,100,0
8091,104,0
8092,104,0
8093,104,0
8094,104,0
8095,104,0
8096,104,0
8097,104,0
8098,104,0
8099,104,0
8100,100,0
8101,100,0
8102,100,0
8103,100,0
8104,100,0
8105,100,0
8106,100,0
8107,100,0
8108,100,0
8109,104,0
8110,104,0
8111,104,0
8112,104,0
8113,104,0
8114,104,0
8115,104,0
8116,104,0
8117,104,0
8118,100,0
8119,100,0
8120,104,0
8121,104,0
8122,104,0
8123,104,0
8124,100,0
8125,104,0
8126,104,0
8127,100,0
8128,100,0
8129,100,0
8130,100,0
8131,100,0
8132,100,0
8133,100,0
8134,100,0
8135,100,0
8136,104,0
8137,104,0
8138,104,0
8139,104,0
8140,104,0
8141,104,0
8142,104,0
8143,104,0
8144,104,0
8145,100,0
8146,100,0
8147,100,0
8148,100,0
8149,100,0
8150,100,0
8151,100,0
8152,100,0
8153,100,0
8154,104,0
8155,104,0
8156,104,0
8157,104,0
8158,104,0
8159,104,0
8160,104,0
8161,104,0
8162,104,0
8163,100,0
8164,100,0
8165,100,0
8166,100,0
8167,100,0
8168,100,0
8169,100,0
8170,100,0
8171,100,0
8172,104,0
8173,104,0
8174,104,0
8175,104,0
8176,104,0
8177,104,0
8178,104,0
8179,104,0
8180,104,0
8181,100,0
8182,100,0
8183,100,0
8184,100,0
8185,100,0
8186,100,0
8187,100,0
8188,100,0
8189,100,0
8190,104,0
8191,104,0
8192,104,0
8193,104,0
8194,104,0
8195,104,0
8196,100,0
8197,100,0
8198,100,0
8199,104,0
8200,104,0
8201,104,0
8202,104,0
8203,104,0
8204,104,0
8205,104,0
8206,104,0
8207,104,0
8208,100,0
8209,100,0
8210,100,0
8211,100,0
8212,100,0
8213,100,0
8214,100,0
8215,100,0
8216,100,0
8217,104,0
8218,104,0
8219,104,0
8220,104,0
8221,104,0
8222,104,0
8223,104,0
8224,104,0
8225,104,0
8226,100,0
8227,100,0
8228,104,0
8229,100,0
8230,100,0
8231,100,0
8232,104,0
8233,100,0
8234,104,0
8235,100,0
8236,100,0
8237,104,0
8238,104,0
8239,104,0
8240,104,0
8241,104,0
8242,104,0
8243,104,0
8244,104,0
8245,100,0
8246,104,0
8247,100,0
8248,104,0
8249,100,0
8250,100,0
8251,100,0
8252,104,0
8253,104,0
8254,100,0
8255,100,0
8256,104,0
8257,104,0
8258,100,0
8259,104,0
8260,100,0
8261,104,0
8262,100,0
8263,104,0
8264,104,0
8265,100,0
8266,104,0
8267,100,0
8268,104,0
8269,100,0
8270,100,0
8271,104,0
8272,104,0
8273,100,0
8274,104,0
8275,104,0
8276,104,0
8277,104,0
8278,104,0
8279,104,0
8280,100,0
8281,100,0
8282,100,0
8283,104,0
8284,100,0
8285,104,0
8286,104,0
8287,104,0
8288,104,0
8289,108,0
8290,108,0
8291,100,0
8292,108,0
8293,100,0
8294,100,0
8295,100,0
8296,100,0
8297,100,0
8298,100,0
8299,104,0
8300,104,0
8301,100,0
8302,100,0
8303,104,0
8304,104,0
8305,100,0
8306,100,0
8307,104,0
8308,104,0
8309,100,0
8310,100,0
8311,104,0
8312,100,0
8313,104,0
8314,104,0
8315,104,0
8316,100,0
8317,104,0
8318,104,0
8319,100,0
8320,100,0
8321,104,0
8322,104,0
8323,100,0
8324,100,0
8325,104,0
8326,104,0
8327,100,0
8328,100,0
8329,104,0
8330,104,0
8331,100,0
8332,100,0
8333,104,0
8334,104,0
8335,100,0
8336,100,0
8337,100,0
8338,100,0
8339,104,0
8340,104,0
8341,100,0
8342,100,0
8343,104,0
8344,104,0
8345,100,0
8346,100,0
8347,104,0
8348,104,0
8349,100,0
8350,100,0
8351,104,0
8352,104,0
8353,100,0
8354,100,0
8355,104,0
8356,104,0
8357,100,0
8358,100,0
8359,104,0
8360,104,0
8361,100,0
8362,100,0
8363,104,0
8364,104,0
8365,100,0
8366,100,0
8367,104,0
8368,104,0
8369,100,0
8370,100,0
8371,104,0
8372,104,0
8373,100,0
8374,100,0
8375,104,0
8376,104,0
8377,100,0
8378,100,0
8379,104,0
8380,104,0
8381,100,0
8382,100,0
8383,104,0
8384,104,0
8385,100,0
8386,100,0
8387,104,0
8388,100,0
8389,104,0
8390,104,0
8391,100,0
8392,100,0
8393,104,0
8394,100,0
8395,104,0
8396,104,0
8397,100,0
8398,100,0
8399,104,0
8400,100,0
8401,104,0
8402,104,0
8403,100,0
8404,104,0
8405,100,0
8406,100,0
8407,104,0
8408,104,0
8409,100,0
8410,100,0
8411,104,0
8412,104,0
8413,100,0
8414,100,0
8415,104,0
8416,104,0
8417,100,0
8418,100,0
8419,104,0
8420,104,0
8421,100,0
8422,100,0
8423,104,0
8424,104,0
8425,100,0
8426,100,0
8427,104,0
8428,104,0
8429,100,0
8430,100,0
8431,100,0
8432,104,0
8433,100,0
8434,100,0
8435,104,0
8436,104,0
8437,100,0
8438,100,0
8439,104,0
8440,104,0
8441,100,0
8442,100,0
8443,104,0
8444,104,0
8445,100,0
8446,100,0
8447,104,0
8448,104,0
8449,100,0
8450,100,0
8451,104,0
8452,104,0
8453,100,0
8454,100,0
8455,104,0
8456,104,0
8457,100,0
8458,100,0
8459,104,0
8460,104,0
8461,100,0
8462,100,0
8463,104,0
8464,104,0
8465,100,0
8466,100,0
8467,104,0
8468,104,0
8469,100,0
8470,100,0
8471,104,0
8472,104,0
8473,100,0
8474,100,0
8475,104,0
8476,104,0
8477,100,0
8478,100,0
8479,104,0
8480,104,0
8481,100,0
8482,100,0
8483,104,0
8484,104,0
8485,100,0
8486,100,0
8487,104,0
8488,104,0
8489,100,0
8490,100,0
8491,104,0
8492,104,0
8493,100,0
8494,100,0
8495,104,0
8496,104,0
8497,100,0
8498,100,0
8499,104,0
8500,104,0
8501,100,0
8502,100,0
8503,104,0
8504,100,0
8505,104,0
8506,104,0
8507,100,0
8508,100,0
8509,104,0
8510,100,0
8511,104,0
8512,104,0
8513,100,0
8514,100,0
8515,104,0
8516,104,0
8517,100,0
8518,100,0
8519,104,0
8520,104,0
8521,100,0
8522,100,0
8523,104,0
8524,104,0
8525,100,0
8526,100,0
8527,104,0
8528,104,0
8529,100,0
8530,100,0
8531,104,0
8532,104,0
8533,100,0
8534,100,0
8535,104,0
8536,104,0
8537,100,0
8538,100,0
8539,104,0
8540,104,0
8541,100,0
8542,100,0
8543,104,0
8544,104,0
8545,100,0
8546,100,0
8547,104,0
8548,104,0
8549,100,0
8550,100,0
8551,104,0
8552,104,0
8553,100,0
8554,100,0
8555,104,0
8556,104,0
8557,100,0
8558,100,0
8559,104,0
8560,104,0
8561,100,0
8562,100,0
8563,104,0
8564,104,0
8565,100,0
8566,100,0
8567,104,0
8568,100,0
8569,104,0
8570,104,0
8571,104,0
8572,100,0
8573,104,0
8574,104,0
8575,100,0
8576,100,0
8577,104,0
8578,104,0
8579,100,0
8580,100,0
8581,104,0
8582,104,0
8583,100,0
8584,100,0
8585,104,0
8586,104,0
8587,100,0
8588,100,0
8589,104,0
8590,104,0
8591,100,0
8592,100,0
8593,104,0
8594,104,0
8595,100,0
8596,100,0
8597,104,0
8598,104,0
8599,100,0
8600,104,0
8601,100,0
8602,104,0
8603,100,0
8604,104,0
8605,100,0
8606,100,0
8607,104,0
8608,100,0
8609,100,0
8610,104,0
8611,104,0
8612,104,0
8613,100,0
8614,100,0
8615,100,0
8616,100,0
8617,104,0
8618,100,0
8619,104,0
8620,100,0
8621,104,0
8622,104,0
8623,100,0
8624,104,0
8625,100,0
8626,100,0
8627,104,0
8628,104,0
8629,104,0
8630,104,0
8631,100,0
8632,104,0
8633,100,0
8634,100,0
8635,100,0
8636,100,0
8637,104,0
8638,104,0
8639,100,0
8640,100,0
8641,100,0
8642,100,0
8643,100,0
8644,100,0
8645,104,0
8646,100,0
8647,100,0
8648,100,0
8649,100,0
8650,100,0
8651,100,0
8652,100,0
8653,100,0
8654,100,0
8655,104,0
8656,100,0
8657,100,0
8658,100,0
8659,100,0
8660,100,0
8661,100,0
8662,100,0
8663,100,0
8664,100,0
8665,100,0
8666,100,0
8667,100,0
8668,100,0
8669,100,0
8670,100,0
8671,100,0
8672,100,0
8673,100,0
8674,100,0
8675,100,0
8676,100,0
8677,100,0
8678,100,0
8679,100,0
8680,100,0
8681,104,0
8682,104,0
8683,100,0
8684,100,0
8685,100,0
8686,100,0
8687,104,0
8688,104,0
8689,104,0
8690,104,0
8691,104,0
8692,104,0
8693,104,0
8694,104,0
8695,104,0
8696,104,0
8697,104,0
8698,104,0
8699,104,0
8700,104,0
8701,104,0
8702,104,0
8703,104,0
8704,104,0
8705,104,0
8706,104,0
8707,104,0
8708,104,0
8709,100,0
8710,100,0
8711,100,0
8712,100,0
8713,100,0
8714,100,0
8715,100,0
8716,100,0
8717,100,0
8718,100,0
8719,100,0
8720,100,0
8721,100,0
8722,100,0
8723,100,0
8724,100,0
8725,100,0
8726,100,0
8727,100,0
8728,100,0
8729,100,0
8730,100,0
8731,100,0
8732,100,0
8733,100,0
8734,100,0
8735,100,0
8736,100,0
8737,100,0
8738,100,0
8739,100,0
8740,100,0
8741,100,0
8742,100,0
8743,100,0
8744,100,0
8745,100,0
8746,100,0
8747,100,0
8748,100,0
8749,100,0
8750,100,0
8751,100,0
8752,100,0
8753,100,0
8754,100,0
8755,100,0
8756,100,0
8757,100,0
8758,100,0
8759,100,0
8760,100,0
8761,100,0
8762,100,0
8763,100,0
8764,100,0
8765,100,0
8766,100,0
8767,100,0
8768,100,0
8769,100,0
8770,100,0
8771,100,0
8772,100,0
8773,100,0
8774,100,0
8775,100,0
8776,100,0
8777,100,0
8778,100,0
8779,100,0
8780,100,0
8781,100,0
8782,100,0
8783,100,0
8784,100,0
8785,100,0
8786,100,0
8787,100,0
8788,100,0
8789,100,0
8790,100,0
8791,100,0
8792,100,0
8793,100,0
8794,100,0
8795,100,0
8796,100,0
8797,100,0
8798,100,0
8799,100,0
8800,100,0
8801,100,0
8802,100,0
8803,100,0
8804,100,0
8805,100,0
8806,100,0
8807,100,0
8808,100,0
8809,100,0
8810,100,0
8811,100,0
8812,100,0
8813,100,0
8814,100,0
8815,100,0
8816,100,0
8817,100,0
8818,100,0
8819,100,0
8820,100,0
8821,100,0
8822,100,0
8823,100,0
8824,100,0
8825,100,0
8826,100,0
8827,100,0
8828,100,0
8829,100,0
8830,100,0
8831,100,0
8832,100,0
8833,100,0
8834,100,0
8835,100,0
8836,100,0
8837,100,0
8838,100,0
8839,100,0
8840,100,0
8841,100,0
8842,100,0
8843,100,0
8844,100,0
8845,100,0
8846,100,0
8847,100,0
8848,100,0
8849,100,0
8850,100,0
8851,100,0
8852,100,0
8853,100,0
8854,100,0
8855,100,0
8856,100,0
8857,100,0
8858,100,0
8859,100,0
8860,100,0
8861,100,0
8862,100,0
8863,100,0
8864,100,0
8865,100,0
8866,100,0
8867,100,0
8868,100,0
8869,104,0
8870,100,0
8871,100,0
8872,100,0
8873,100,0
8874,100,0
8875,100,0
8876,104,0
8877,100,0
8878,100,0
8879,100,0
8880,100,0
8881,100,0
8882,104,0
8883,100,0
8884,100,0
8885,100,0
8886,100,0
8887,100,0
8888,100,0
8889,100,0
8890,100,0
8891,100,0
8892,100,0
8893,100,0
8894,100,0
8895,100,0
8896,100,0
8897,100,0
8898,100,0
8899,100,0
8900,100,0
8901,100,0
8902,100,0
8903,100,0
8904,100,0
8905,100,0
8906,100,0
8907,100,0
8908,100,0
8909,100,0
8910,100,0
8911,100,0
8912,100,0
8913,100,0
8914,100,0
8915,100,0
8916,100,0
8917,100,0
8918,100,0
8919,100,0
8920,100,0
8921,100,0
8922,100,0
8923,100,0
8924,100,0
8925,100,0
8926,100,0
8927,100,0
8928,100,0
8929,100,0
8930,100,0
8931,100,0
8932,100,0
8933,100,0
8934,100,0
8935,100,0
8936,100,0
8937,100,0
8938,100,0
8939,100,0
8940,100,0
8941,100,0
8942,100,0
8943,104,0
8944,104,0
8945,104,0
8946,104,0
8947,104,0
8948,104,0
8949,104,0
8950,104,0
8951,104,0
8952,104,0
8953,104,0
8954,104,0
8955,104,0
8956,104,0
8957,104,0
8958,104,0
8959,104,0
8960,104,0
8961,104,0
8962,104,0
8963,104,0
8964,104,0
8965,104,0
8966,104,0
8967,104,0
8968,104,0
8969,104,0
8970,104,0
8971,104,0
8972,104,0
8973,100,0
8974,104,0
8975,104,0
8976,104,0
8977,104,0
8978,104,0
8979,100,0
8980,100,0
8981,100,0
8982,104,0
8983,100,0
8984,100,0
8985,100,0
8986,100,0
8987,104,0
8988,100,0
8989,104,0
8990,104,0
8991,104,0
8992,100,0
8993,100,0
8994,100,0
8995,104,0
8996,104,0
8997,100,0
8998,104,0
8999,100,0
9000,100,0
9001,104,0
9002,104,0
9003,104,0
9004,104,0
9005,100,0
9006,100,0
9007,100,0
9008,100,0
9009,104,0
9010,104,0
9011,100,0
9012,100,0
9013,100,0
9014,100,0
9015,100,0
9016,100,0
9017,104,0
9018,100,0
9019,100,0
9020,100,0
9021,100,0
9022,100,0
9023,100,0
9024,100,0
9025,100,0
9026,100,0
9027,104,0
9028,100,0
9029,104,0
9030,100,0
9031,100,0
9032,100,0
9033,100,0
9034,112,0
9035,108,0
9036,108,0
9037,108,0
9038,104,0
9039,100,0
9040,104,0
9041,100,0
9042,104,0
9043,100,0
9044,104,0
9045,100,0
9046,104,0
9047,100,0
9048,104,0
9049,100,0
9050,104,0
9051,100,0
9052,100,0
9053,104,0
9054,100,0
9055,100,0
9056,100,0
9057,104,0
9058,104,0
9059,100,0
9060,100,0
9061,104,0
9062,104,0
9063,100,0
9064,100,0
9065,104,0
9066,104,0
9067,100,0
9068,100,0
9069,104,0
9070,104,0
9071,100,0
9072,100,0
9073,104,0
9074,104,0
9075,100,0
9076,100,0
9077,104,0
9078,104,0
9079,100,0
9080,100,0
9081,104,0
9082,104,0
9083,100,0
9084,100,0
9085,104,0
9086,104,0
9087,100,0
9088,100,0
9089,104,0
9090,104,0
9091,100,0
9092,100,0
9093,104,0
9094,104,0
9095,100,0
9096,100,0
9097,104,0
9098,104,0
9099,100,0
9100,100,0
9101,104,0
9102,104,0
9103,100,0
9104,100,0
9105,104,0
9106,104,0
9107,100,0
9108,100,0
9109,104,0
9110,104,0
9111,100,0
9112,100,0
9113,104,0
9114,104,0
9115,100,0
9116,100,0
9117,104,0
9118,104,0
9119,100,0
9120,100,0
9121,104,0
9122,104,0
9123,100,0
9124,100,0
9125,104,0
9126,104,0
9127,100,0
9128,100,0
9129,104,0
9130,104,0
9131,100,0
9132,100,0
9133,104,0
9134,104,0
9135,100,0
9136,100,0
9137,104,0
9138,104,0
9139,104,0
9140,104,0
9141,100,0
9142,100,0
9143,104,0
9144,104,0
9145,100,0
9146,100,0
9147,104,0
9148,104,0
9149,100,0
9150,100,0
9151,104,0
9152,104,0
9153,100,0
9154,100,0
9155,104,0
9156,104,0
9157,100,0
9158,100,0
9159,104,0
9160,104,0
9161,100,0
9162,100,0
9163,104,0
9164,104,0
9165,100,0
9166,100,0
9167,104,0
9168,104,0
9169,100,0
9170,100,0
9171,104,0
9172,104,0
9173,104,0
9174,104,0
9175,100,0
9176,104,0
9177,104,0
9178,104,0
9179,100,0
9180,100,0
9181,104,0
9182,104,0
9183,100,0
9184,100,0
9185,104,0
9186,104,0
9187,100,0
9188,100,0
9189,104,0
9190,104,0
9191,100,0
9192,100,0
9193,104,0
9194,104,0
9195,100,0
9196,100,0
9197,104,0
9198,104,0
9199,100,0
9200,100,0
9201,104,0
9202,104,0
9203,100,0
9204,100,0
9205,104,0
9206,104,0
9207,100,0
9208,100,0
9209,104,0
9210,104,0
9211,100,0
9212,100,0
9213,104,0
9214,104,0
9215,100,0
9216,100,0
9217,104,0
9218,104,0
9219,100,0
9220,100,0
9221,104,0
9222,104,0
9223,100,0
9224,100,0
9225,104,0
9226,104,0
9227,100,0
9228,100,0
9229,104,0
9230,104,0
9231,100,0
9232,100,0
9233,104,0
9234,104,0
9235,100,0
9236,100,0
9237,104,0
9238,104,0
9239,100,0
9240,100,0
9241,104,0
9242,104,0
9243,100,0
9244,100,0
9245,104,0
9246,104,0
9247,100,0
9248,100,0
9249,100,0
9250,100,0
9251,104,0
9252,104,0
9253,100,0
9254,100,0
9255,104,0
9256,104,0
9257,100,0
9258,100,0
9259,104,0
9260,104,0
9261,100,0
9262,100,0
9263,104,0
9264,104,0
9265,100,0
9266,100,0
9267,104,0
9268,104,0
9269,100,0
9270,100,0
9271,104,0
9272,104,0
9273,100,0
9274,100,0
9275,104,0
9276,104,0
9277,100,0
9278,100,0
9279,104,0
9280,104,0
9281,100,0
9282,100,0
9283,104,0
9284,100,0
9285,104,0
9286,104,0
9287,100,0
9288,100,0
9289,104,0
9290,104,0
9291,100,0
9292,100,0
9293,104,0
9294,104,0
9295,100,0
9296,104,0
9297,100,0
9298,100,0
9299,104,0
9300,104,0
9301,100,0
9302,100,0
9303,104,0
9304,104,0
9305,100,0
9306,100,0
9307,104,0
9308,104,0
9309,100,0
9310,100,0
9311,104,0
9312,104,0
9313,100,0
9314,100,0
9315,104,0
9316,104,0
9317,100,0
9318,100,0
9319,104,0
9320,104,0
9321,100,0
9322,100,0
9323,104,0
9324,104,0
9325,100,0
9326,100,0
9327,104,0
9328,104,0
9329,100,0
9330,100,0
9331,104,0
9332,104,0
9333,100,0
9334,100,0
9335,104,0
9336,104,0
9337,100,0
9338,100,0
9339,104,0
9340,104,0
9341,100,0
9342,100,0
9343,104,0
9344,104,0
9345,104,0
9346,100,0
9347,104,0
9348,104,0
9349,104,0
9350,100,0
9351,104,0
9352,104,0
9353,104,0
9354,104,0
9355,104,0
9356,100,0
9357,100,0
9358,100,0
9359,104,0
9360,104,0
9361,100,0
9362,104,0
9363,104,0
9364,100,0
9365,100,0
9366,100,0
9367,100,0
9368,100,0
9369,100,0
9370,104,0
9371,104,0
9372,100,0
9373,100,0
9374,104,0
9375,104,0
9376,100,0
9377,104,0
9378,104,0
9379,100,0
9380,100,0
9381,104,0
9382,104,0
9383,104,0
9384,104,0
9385,100,0
9386,100,0
9387,104,0
9388,104,0
9389,100,0
9390,100,0
9391,104,0
9392,104,0
9393,100,0
9394,100,0
9395,104,0
9396,104,0
9397,100,0
9398,100,0
9399,104,0
9400,104,0
9401,100,0
9402,100,0
9403,104,0
9404,104,0
9405,100,0
9406,100,0
9407,104,0
9408,104,0
9409,100,0
9410,100,0
9411,104,0
9412,104,0
9413,100,0
9414,100,0
9415,104,0
9416,104,0
9417,100,0
9418,100,0
9419,104,0
9420,104,0
9421,100,0
9422,100,0
9423,104,0
9424,104,0
9425,100,0
9426,100,0
9427,104,0
9428,104,0
9429,100,0
9430,100,0
9431,104,0
9432,104,0
9433,104,0
9434,104,0
9435,100,0
9436,100,0
9437,104,0
9438,104,0
9439,100,0
9440,100,0
9441,104,0
9442,104,0
9443,100,0
9444,100,0
9445,104,0
9446,104,0
9447,100,0
9448,100,0
9449,104,0
9450,104,0
9451,100,0
9452,100,0
9453,104,0
9454,100,0
9455,100,0
9456,100,0
9457,104,0
9458,104,0
9459,100,0
9460,100,0
9461,104,0
9462,104,0
9463,100,0
9464,100,0
9465,104,0
9466,104,0
9467,100,0
9468,100,0
9469,104,0
9470,104,0
9471,100,0
9472,100,0
9473,104,0
9474,104,0
9475,100,0
9476,100,0
9477,104,0
9478,104,0
9479,100,0
9480,100,0
9481,104,0
9482,104,0
9483,100,0
9484,100,0
9485,104,0
9486,104,0
9487,100,0
9488,100,0
9489,104,0
9490,104,0
9491,100,0
9492,100,0
9493,104,0
9494,104,0
9495,100,0
9496,100,0
9497,104,0
9498,104,0
9499,100,0
9500,100,0
9501,104,0
9502,104,0
9503,100,0
9504,100,0
9505,104,0
9506,104,0
9507,100,0
9508,100,0
9509,104,0
9510,104,0
9511,104,0
9512,100,0
9513,104,0
9514,104,0
9515,100,0
9516,100,0
9517,104,0
9518,104,0
9519,100,0
9520,100,0
9521,104,0
9522,104,0
9523,100,0
9524,100,0
9525,104,0
9526,104,0
9527,100,0
9528,100,0
9529,104,0
9530,104,0
9531,100,0
9532,100,0
9533,104,0
9534,104,0
9535,100,0
9536,100,0
9537,104,0
9538,104,0
9539,100,0
9540,100,0
9541,104,0
9542,104,0
9543,100,0
9544,100,0
9545,104,0
9546,104,0
9547,100,0
9548,104,0
9549,104,0
9550,104,0
9551,100,0
9552,100,0
9553,104,0
9554,104,0
9555,100,0
9556,100,0
9557,104,0
9558,104,0
9559,100,0
9560,100,0
9561,104,0
9562,104,0
9563,100,0
9564,100,0
9565,104,0
9566,104,0
9567,100,0
9568,100,0
9569,104,0
9570,104,0
9571,100,0
9572,100,0
9573,104,0
9574,104,0
9575,100,0
9576,100,0
9577,104,0
9578,104,0
9579,100,0
9580,100,0
9581,104,0
9582,104,0
9583,100,0
9584,100,0
9585,104,0
9586,104,0
9587,100,0
9588,100,0
9589,104,0
9590,104,0
9591,100,0
9592,100,0
9593,104,0
9594,104,0
9595,100,0
9596,100,0
9597,104,0
9598,104,0
9599,100,0
9600,100,0
9601,104,0
9602,104,0
9603,100,0
9604,100,0
9605,104,0
9606,104,0
9607,100,0
9608,100,0
9609,104,0
9610,104,0
9611,100,0
9612,100,0
9613,104,0
9614,104,0
9615,100,0
9616,100,0
9617,104,0
9618,104,0
9619,100,0
9620,100,0
9621,104,0
9622,104,0
9623,100,0
9624,100,0
9625,104,0
9626,104,0
9627,100,0
9628,100,0
9629,104,0
9630,104,0
9631,100,0
9632,100,0
9633,104,0
9634,104,0
9635,100,0
9636,100,0
9637,104,0
9638,104,0
9639,100,0
9640,100,0
9641,104,0
9642,104,0
9643,100,0
9644,100,0
9645,104,0
9646,104,0
9647,100,0
9648,100,0
9649,104,0
9650,104,0
9651,100,0
9652,100,0
9653,104,0
9654,104,0
9655,100,0
9656,100,0
9657,104,0
9658,104,0
9659,100,0
9660,100,0
9661,104,0
9662,104,0
9663,100,0
9664,100,0
9665,104,0
9666,104,0
9667,100,0
9668,104,0
9669,100,0
9670,100,0
9671,104,0
9672,104,0
9673,100,0
9674,100,0
9675,104,0
9676,104,0
9677,100,0
9678,100,0
9679,104,0
9680,104,0
9681,100,0
9682,100,0
9683,104,0
9684,104,0
9685,100,0
9686,100,0
9687,104,0
9688,100,0
9689,100,0
9690,100,0
9691,104,0
9692,104,0
9693,100,0
9694,100,0
9695,104,0
9696,104,0
9697,100,0
9698,100,0
9699,104,0
9700,104,0
9701,100,0
9702,100,0
9703,104,0
9704,104,0
9705,100,0
9706,100,0
9707,104,0
9708,104,0
9709,100,0
9710,100,0
9711,104,0
9712,104,0
9713,100,0
9714,100,0
9715,104,0
9716,104,0
9717,104,0
9718,100,0
9719,104,0
9720,104,0
9721,104,0
9722,100,0
9723,104,0
9724,104,0
9725,104,0
9726,104,0
9727,104,0
9728,104,0
9729,100,0
9730,100,0
9731,100,0
9732,104,0
9733,100,0
9734,104,0
9735,104,0
9736,100,0
9737,100,0
9738,100,0
9739,100,0
9740,100,0
9741,100,0
9742,100,0
9743,100,0
9744,100,0
9745,100,0
9746,100,0
9747,104,0
9748,104,0
9749,104,0
9750,104,0
9751,100,0
9752,100,0
9753,100,0
9754,100,0
9755,100,0
9756,100,0
9757,104,0
9758,104,0
9759,100,0
9760,100,0
9761,104,0
9762,104,0
9763,100,0
9764,100,0
9765,104,0
9766,104,0
9767,100,0
9768,100,0
9769,104,0
9770,104,0
9771,100,0
9772,100,0
9773,100,0
9774,100,0
9775,100,0
9776,104,0
9777,100,0
9778,100,0
9779,104,0
9780,100,0
9781,108,0
9782,108,0
9783,108,0
9784,108,0
9785,108,0
9786,108,0
9787,112,0
9788,112,0
9789,108,0
9790,108,0
9791,112,0
9792,112,0
9793,108,0
9794,108,0
9795,112,0
9796,112,0
9797,112,0
9798,112,0
9799,108,0
9800,108,0
9801,112,0
9802,112,0
9803,108,0
9804,108,0
9805,112,0
9806,112,0
9807,108,0
9808,108,0
9809,112,0
9810,112,0
9811,108,0
9812,108,0
9813,112,0
9814,112,0
9815,108,0
9816,108,0
9817,112,0
9818,112,0
9819,108,0
9820,108,0
9821,112,0
9822,112,0
9823,108,0
9824,108,0
9825,112,0
9826,108,0
9827,112,0
9828,112,0
9829,108,0
9830,108,0
9831,112,0
9832,112,0
9833,108,0
9834,108,0
9835,112,0
9836,112,0
9837,108,0
9838,108,0
9839,112,0
9840,112,0
9841,108,0
9842,108,0
9843,112,0
9844,112,0
9845,108,0
9846,108,0
9847,108,0
9848,108,0
9849,112,0
9850,112,0
9851,108,0
9852,108,0
9853,112,0
9854,112,0
9855,108,0
9856,108,0
9857,112,0
9858,112,0
9859,108,0
9860,108,0
9861,112,0
9862,112,0
9863,108,0
9864,108,0
9865,112,0
9866,112,0
9867,112,0
9868,108,0
9869,108,0
9870,112,0
9871,108,0
9872,108,0
9873,112,0
9874,112,0
9875,108,0
9876,108,0
9877,112,0
9878,112,0
9879,108,0
9880,108,0
9881,112,0
9882,112,0
9883,112,0
9884,112,0
9885,108,0
9886,108,0
9887,112,0
9888,112,0
9889,108,0
9890,108,0
9891,112,0
9892,112,0
9893,108,0
9894,108,0
9895,112,0
9896,112,0
9897,108,0
9898,108,0
9899,112,0
9900,112,0
9901,108,0
9902,108,0
9903,112,0
9904,112,0
9905,108,0
9906,112,0
9907,108,0
9908,108,0
9909,112,0
9910,112,0
9911,108,0
9912,112,0
9913,108,0
9914,108,0
9915,112,0
9916,112,0
9917,108,0
9918,112,0
9919,108,0
9920,108,0
9921,108,0
9922,108,0
9923,112,0
9924,112,0
9925,108,0
9926,108,0
9927,112,0
9928,112,0
9929,108,0
9930,112,0
9931,108,0
9932,108,0
9933,112,0
9934,112,0
9935,108,0
9936,112,0
9937,108,0
9938,108,0
9939,112,0
9940,112,0
9941,108,0
9942,108,0
9943,112,0
9944,112,0
9945,108,0
9946,108,0
9947,112,0
9948,112,0
9949,108,0
9950,108,0
9951,112,0
9952,112,0
9953,108,0
9954,108,0
9955,112,0
9956,112,0
9957,108,0
9958,108,0
9959,112,0
9960,112,0
9961,108,0
9962,108,0
9963,112,0
9964,112,0
9965,108,0
9966,108,0
9967,112,0
9968,112,0
9969,112,0
9970,112,0
9971,108,0
9972,108,0
9973,112,0
9974,112,0
9975,108,0
9976,108,0
9977,112,0
9978,112,0
9979,108,0
9980,108,0
9981,108,0
9982,108,0
9983,112,0
9984,112,0
9985,108,0
9986,108,0
9987,108,0
9988,108,0
9989,112,0
9990,112,0
9991,108,0
9992,108,0
9993,108,0
9994,108,0
9995,112,0
9996,112,0
9997,108,0
9998,108,0
9999,108,0
10000,108,0
10001,104,0
10002,108,0
10003,100,0
10004,108,0
10005,100,0
10006,108,0
10007,104,0
10008,108,0
10009,100,0
10010,108,0
10011,104,0
10012,108,0
10013,100,0
10014,108,0
10015,104,0
10016,108,0
10017,100,0
10018,108,0
10019,104,0
10020,108,0
10021,100,0
10022,108,0
10023,104,0
10024,108,0
10025,100,0
10026,108,0
10027,104,0
10028,108,0
10029,100,0
10030,108,0
10031,104,0
10032,108,0
10033,100,0
10034,108,0
10035,100,0
10036,108,0
10037,100,0
10038,112,0
10039,104,0
10040,108,0
10041,100,0
10042,108,0
10043,100,0
10044,108,0
10045,100,0
10046,108,0
10047,100,0
10048,112,0
10049,104,0
10050,112,0
10051,104,0
10052,112,0
10053,104,0
10054,108,0
10055,100,0
10056,108,0
10057,104,0
10058,108,0
10059,104,0
10060,108,0
10061,104,0
10062,108,0
10063,100,0
10064,112,0
10065,100,0
10066,112,0
10067,100,0
10068,112,0
10069,100,0
10070,112,0
10071,100,0
10072,108,0
10073,104,0
10074,108,0
10075,104,0
10076,108,0
10077,104,0
10078,108,0
10079,104,0
10080,112,0
10081,104,0
10082,108,0
10083,100,0
10084,112,0
10085,100,0
10086,108,0
10087,104,0
10088,108,0
10089,104,0
10090,108,0
10091,100,0
10092,108,0
10093,104,0
10094,108,0
10095,104,0
10096,112,0
10097,104,0
10098,112,0
10099,100,0
10100,108,0
10101,100,0
10102,108,0
10103,104,0
10104,108,0
10105,104,0
10106,108,0
10107,104,0
10108,108,0
10109,100,0
10110,112,0
10111,100,0
10112,108,0
10113,104,0
10114,108,0
10115,100,0
10116,108,0
10117,100,0
10118,108,0
10119,100,0
10120,108,0
10121,104,0
10122,108,0
10123,100,0
10124,108,0
10125,104,0
10126,108,0
10127,100,0
10128,112,0
10129,100,0
10130,112,0
10131,100,0
10132,108,0
10133,100,0
10134,112,0
10135,100,0
10136,108,0
10137,104,0
10138,108,0
10139,104,0
10140,108,0
10141,104,0
10142,108,0
10143,104,0
10144,108,0
10145,100,0
10146,112,0
10147,100,0
10148,112,0
10149,100,0
10150,112,0
10151,100,0
10152,112,0
10153,100,0
10154,108,0
10155,104,0
10156,112,0
10157,100,0
10158,112,0
10159,100,0
10160,112,0
10161,100,0
10162,108,0
10163,100,0
10164,112,0
10165,100,0
10166,112,0
10167,100,0
10168,112,0
10169,100,0
10170,112,0
10171,100,0
10172,108,0
10173,104,0
10174,108,0
10175,104,0
10176,108,0
10177,104,0
10178,108,0
10179,104,0
10180,108,0
10181,100,0
10182,108,0
10183,104,0
10184,108,0
10185,100,0
10186,112,0
10187,104,0
10188,112,0
10189,104,0
10190,112,0
10191,104,0
10192,112,0
10193,104,0
10194,108,0
10195,100,0
10196,108,0
10197,100,0
10198,108,0
10199,100,0
10200,108,0
10201,100,0
10202,112,0
10203,104,0
10204,112,0
10205,104,0
10206,112,0
10207,104,0
10208,108,0
10209,104,0
10210,108,0
10211,100,0
10212,108,0
10213,104,0
10214,108,0
10215,100,0
10216,108,0
10217,104,0
10218,108,0
10219,100,0
10220,108,0
10221,104,0
10222,108,0
10223,100,0
10224,108,0
10225,104,0
10226,108,0
10227,100,0
10228,108,0
10229,104,0
10230,108,0
10231,100,0
10232,108,0
10233,104,0
10234,108,0
10235,100,0
10236,112,0
10237,104,0
10238,112,0
10239,104,0
10240,112,0
10241,104,0
10242,112,0
10243,104,0
10244,108,0
10245,100,0
10246,108,0
10247,100,0
10248,108,0
10249,100,0
10250,108,0
10251,100,0
10252,112,0
10253,104,0
10254,112,0
10255,104,0
10256,112,0
10257,104,0
10258,108,0
10259,104,0
10260,108,0
10261,100,0
10262,108,0
10263,104,0
10264,108,0
10265,100,0
10266,108,0
10267,104,0
10268,108,0
10269,100,0
10270,108,0
10271,104,0
10272,108,0
10273,100,0
10274,108,0
10275,104,0
10276,108,0
10277,100,0
10278,108,0
10279,104,0
10280,108,0
10281,100,0
10282,112,0
10283,100,0
10284,112,0
10285,104,0
10286,108,0
10287,104,0
10288,108,0
10289,104,0
10290,108,0
10291,104,0
10292,108,0
10293,104,0
10294,112,0
10295,100,0
10296,112,0
10297,100,0
10298,112,0
10299,100,0
10300,112,0
10301,100,0
10302,112,0
10303,104,0
10304,108,0
10305,104,0
10306,108,0
10307,104,0
10308,108,0
10309,104,0
10310,108,0
10311,104,0
10312,112,0
10313,100,0
10314,112,0
10315,100,0
10316,112,0
10317,100,0
10318,112,0
10319,100,0
10320,112,0
10321,104,0
10322,108,0
10323,104,0
10324,108,0
10325,100,0
10326,108,0
10327,104,0
10328,108,0
10329,100,0
10330,108,0
10331,100,0
10332,108,0
10333,100,0
10334,108,0
10335,100,0
10336,112,0
10337,104,0
10338,112,0
10339,104,0
10340,108,0
10341,104,0
10342,108,0
10343,100,0
10344,112,0
10345,104,0
10346,112,0
10347,104,0
10348,112,0
10349,104,0
10350,108,0
10351,104,0
10352,108,0
10353,100,0
10354,108,0
10355,104,0
10356,108,0
10357,100,0
10358,108,0
10359,104,0
10360,108,0
10361,100,0
10362,108,0
10363,104,0
10364,108,0
10365,100,0
10366,108,0
10367,104,0
10368,108,0
10369,100,0
10370,108,0
10371,104,0
10372,108,0
10373,100,0
10374,108,0
10375,104,0
10376,108,0
10377,100,0
10378,112,0
10379,104,0
10380,112,0
10381,104,0
10382,112,0
10383,104,0
10384,112,0
10385,104,0
10386,108,0
10387,100,0
10388,108,0
10389,100,0
10390,108,0
10391,100,0
10392,108,0
10393,100,0
10394,108,0
10395,100,0
10396,112,0
10397,104,0
10398,108,0
10399,100,0
10400,108,0
10401,100,0
10402,108,0
10403,104,0
10404,108,0
10405,100,0
10406,108,0
10407,104,0
10408,108,0
10409,100,0
10410,108,0
10411,104,0
10412,108,0
10413,100,0
10414,108,0
10415,104,0
10416,108,0
10417,100,0
10418,108,0
10419,104,0
10420,108,0
10421,100,0
10422,108,0
10423,104,0
10424,108,0
10425,104,0
10426,108,0
10427,100,0
10428,112,0
10429,104,0
10430,108,0
10431,104,0
10432,108,0
10433,100,0
10434,108,0
10435,104,0
10436,112,0
10437,100,0
10438,108,0
10439,100,0
10440,112,0
10441,104,0
10442,108,0
10443,104,0
10444,108,0
10445,100,0
10446,108,0
10447,104,0
10448,112,0
10449,104,0
10450,108,0
10451,104,0
10452,112,0
10453,100,0
10454,108,0
10455,104,0
10456,112,0
10457,100,0
10458,108,0
10459,100,0
10460,108,0
10461,104,0
10462,108,0
10463,104,0
10464,108,0
10465,104,0
10466,108,0
10467,104,0
10468,108,0
10469,100,0
10470,108,0
10471,104,0
10472,108,0
10473,100,0
10474,108,0
10475,104,0
10476,108,0
10477,100,0
10478,112,0
10479,104,0
10480,100,0
10481,108,0
10482,104,0
10483,100,0
10484,108,0
10485,100,0
10486,112,0
10487,100,0
10488,112,0
10489,100,0
10490,112,0
10491,100,0
10492,112,0
10493,100,0
10494,112,0
10495,100,0
10496,112,0
10497,100,0
10498,112,0
10499,100,0
10500,112,0
10501,100,0
10502,112,0
10503,104,0
10504,108,0
10505,104,0
10506,108,0
10507,104,0
10508,108,0
10509,104,0
10510,108,0
10511,104,0
10512,108,0
10513,104,0
10514,108,0
10515,104,0
10516,108,0
10517,104,0
10518,108,0
10519,104,0
10520,108,0
10521,104,0
10522,108,0
10523,100,0
10524,112,0
10525,100,0
10526,112,0
10527,100,0
10528,112,0
10529,100,0
10530,112,0
10531,100,0
10532,112,0
10533,100,0
10534,112,0
10535,100,0
10536,112,0
10537,100,0
10538,112,0
10539,100,0
10540,112,0
10541,100,0
10542,112,0
10543,100,0
10544,112,0
10545,100,0
10546,112,0
10547,100,0
10548,112,0
10549,100,0
10550,112,0
10551,100,0
10552,112,0
10553,100,0
10554,112,0
10555,100,0
10556,112,0
10557,100,0
10558,112,0
10559,100,0
10560,112,0
10561,100,0
10562,112,0
10563,100,0
10564,112,0
10565,100,0
10566,112,0
10567,100,0
10568,112,0
10569,100,0
10570,112,0
10571,100,0
10572,112,0
10573,100,0
10574,112,0
10575,100,0
10576,112,0
10577,100,0
10578,112,0
10579,100,0
10580,112,0
10581,100,0
10582,112,0
10583,100,0
10584,112,0
10585,100,0
10586,112,0
10587,100,0
10588,112,0
10589,100,0
10590,112,0
10591,100,0
10592,112,0
10593,100,0
10594,112,0
10595,100,0
10596,112,0
10597,100,0
10598,112,0
10599,100,0
10600,112,0
10601,100,0
10602,112,0
10603,100,0
10604,112,0
10605,100,0
10606,112,0
10607,100,0
10608,112,0
10609,100,0
10610,108,0
10611,104,0
10612,108,0
10613,104,0
10614,108,0
10615,104,0
10616,108,0
10617,104,0
10618,108,0
10619,104,0
10620,108,0
10621,104,0
10622,108,0
10623,104,0
10624,108,0
10625,104,0
10626,108,0
10627,104,0
10628,108,0
10629,104,0
10630,108,0
10631,104,0
10632,108,0
10633,100,0
10634,108,0
10635,100,0
10636,112,0
10637,104,0
10638,108,0
10639,100,0
10640,112,0
10641,104,0
10642,108,0
10643,100,0
10644,108,0
10645,104,0
10646,108,0
10647,100,0
10648,112,0
10649,104,0
10650,108,0
10651,100,0
10652,112,0
10653,104,0
10654,108,0
10655,100,0
10656,112,0
10657,104,0
10658,108,0
10659,100,0
10660,112,0
10661,104,0
10662,108,0
10663,100,0
10664,112,0
10665,104,0
10666,108,0
10667,100,0
10668,112,0
10669,104,0
10670,108,0
10671,100,0
10672,112,0
10673,104,0
10674,108,0
10675,100,0
10676,108,0
10677,104,0
10678,112,0
10679,100,0
10680,112,0
10681,100,0
10682,112,0
10683,104,0
10684,108,0
10685,100,0
10686,112,0
10687,100,0
10688,112,0
10689,104,0
10690,112,0
10691,104,0
10692,112,0
10693,104,0
10694,112,0
10695,100,0
10696,112,0
10697,104,0
10698,112,0
10699,104,0
10700,112,0
10701,104,0
10702,112,0
10703,104,0
10704,108,0
10705,104,0
10706,108,0
10707,100,0
10708,108,0
10709,100,0
10710,108,0
10711,104,0
10712,108,0
10713,100,0
10714,112,0
10715,100,0
10716,112,0
10717,100,0
10718,112,0
10719,100,0
10720,112,0
10721,100,0
10722,108,0
10723,104,0
10724,108,0
10725,104,0
10726,108,0
10727,104,0
10728,108,0
10729,104,0
10730,108,0
10731,100,0
10732,112,0
10733,100,0
10734,112,0
10735,100,0
10736,112,0
10737,100,0
10738,112,0
10739,100,0
10740,108,0
10741,104,0
10742,108,0
10743,104,0
10744,108,0
10745,104,0
10746,108,0
10747,104,0
10748,108,0
10749,100,0
10750,112,0
10751,100,0
10752,112,0
10753,100,0
10754,112,0
10755,100,0
10756,112,0
10757,100,0
10758,108,0
10759,104,0
10760,108,0
10761,100,0
10762,108,0
10763,100,0
10764,108,0
10765,100,0
10766,112,0
10767,104,0
10768,108,0
10769,104,0
10770,112,0
10771,104,0
10772,112,0
10773,100,0
10774,108,0
10775,104,0
10776,108,0
10777,104,0
10778,112,0
10779,100,0
10780,112,0
10781,100,0
10782,108,0
10783,100,0
10784,112,0
10785,104,0
10786,108,0
10787,100,0
10788,108,0
10789,104,0
10790,108,0
10791,100,0
10792,108,0
10793,104,0
10794,108,0
10795,100,0
10796,108,0
10797,104,0
10798,108,0
10799,100,0
10800,108,0
10801,104,0
10802,108,0
10803,100,0
10804,108,0
10805,104,0
10806,108,0
10807,100,0
10808,108,0
10809,104,0
10810,108,0
10811,100,0
10812,108,0
10813,104,0
10814,108,0
10815,100,0
10816,108,0
10817,100,0
10818,112,0
10819,104,0
10820,112,0
10821,104,0
10822,108,0
10823,100,0
10824,108,0
10825,100,0
10826,108,0
10827,100,0
10828,108,0
10829,104,0
10830,112,0
10831,100,0
10832,108,0
10833,104,0
10834,108,0
10835,104,0
10836,108,0
10837,104,0
10838,112,0
10839,104,0
10840,108,0
10841,100,0
10842,112,0
10843,100,0
10844,112,0
10845,100,0
10846,112,0
10847,100,0
10848,108,0
10849,104,0
10850,108,0
10851,104,0
10852,108,0
10853,104,0
10854,108,0
10855,104,0
10856,108,0
10857,100,0
10858,112,0
10859,100,0
10860,112,0
10861,100,0
10862,112,0
10863,100,0
10864,112,0
10865,100,0
10866,108,0
10867,104,0
10868,108,0
10869,104,0
10870,108,0
10871,104,0
10872,108,0
10873,104,0
10874,108,0
10875,100,0
10876,112,0
10877,100,0
10878,112,0
10879,100,0
10880,112,0
10881,100,0
10882,112,0
10883,100,0
10884,108,0
10885,104,0
10886,108,0
10887,104,0
10888,108,0
10889,104,0
10890,108,0
10891,104,0
10892,108,0
10893,100,0
10894,112,0
10895,100,0
10896,112,0
10897,100,0
10898,112,0
10899,100,0
10900,112,0
10901,100,0
10902,108,0
10903,104,0
10904,108,0
10905,104,0
10906,108,0
10907,104,0
10908,108,0
10909,104,0
10910,108,0
10911,100,0
10912,112,0
10913,100,0
10914,112,0
10915,100,0
10916,112,0
10917,100,0
10918,112,0
10919,100,0
10920,108,0
10921,104,0
10922,112,0
10923,100,0
10924,108,0
10925,104,0
10926,108,0
10927,104,0
10928,108,0
10929,100,0
10930,112,0
10931,104,0
10932,112,0
10933,104,0
10934,108,0
10935,100,0
10936,108,0
10937,100,0
10938,108,0
10939,100,0
10940,108,0
10941,100,0
10942,112,0
10943,104,0
10944,112,0
10945,104,0
10946,112,0
10947,104,0
10948,108,0
10949,100,0
10950,112,0
10951,100,0
10952,108,0
10953,100,0
10954,108,0
10955,104,0
10956,108,0
10957,100,0
10958,108,0
10959,104,0
10960,108,0
10961,100,0
10962,108,0
10963,104,0
10964,108,0
10965,100,0
10966,108,0
10967,104,0
10968,108,0
10969,100,0
10970,108,0
10971,104,0
10972,108,0
10973,100,0
10974,108,0
10975,104,0
10976,108,0
10977,104,0
10978,108,0
10979,100,0
10980,112,0
10981,100,0
10982,112,0
10983,104,0
10984,112,0
10985,104,0
10986,112,0
10987,104,0
10988,108,0
10989,100,0
10990,108,0
10991,100,0
10992,108,0
10993,100,0
10994,108,0
10995,100,0
10996,108,0
10997,104,0
10998,108,0
10999,100,0
11000,108,0
11001,104,0
11002,108,0
11003,100,0
11004,108,0
11005,104,0
11006,108,0
11007,100,0
11008,108,0
11009,100,0
11010,108,0
11011,100,0
11012,108,0
11013,100,0
11014,108,0
11015,100,0
11016,108,0
11017,104,0
11018,108,0
11019,100,0
11020,108,0
11021,100,0
11022,112,0
11023,104,0
11024,112,0
11025,104,0
11026,108,0
11027,100,0
11028,112,0
11029,104,0
11030,108,0
11031,104,0
11032,108,0
11033,100,0
11034,108,0
11035,104,0
11036,108,0
11037,100,0
11038,108,0
11039,104,0
11040,108,0
11041,104,0
11042,108,0
11043,100,0
11044,108,0
11045,104,0
11046,108,0
11047,100,0
11048,108,0
11049,100,0
11050,108,0
11051,104,0
11052,108,0
11053,100,0
11054,108,0
11055,104,0
11056,108,0
11057,108,0
11058,108,0
11059,100,0
11060,112,0
11061,104,0
11062,112,0
11063,104,0
11064,112,0
11065,104,0
11066,108,0
11067,100,0
11068,108,0
11069,100,0
11070,108,0
11071,100,0
11072,108,0
11073,100,0
11074,112,0
11075,104,0
11076,112,0
11077,104,0
11078,112,0
11079,104,0
11080,112,0
11081,104,0
11082,108,0
11083,100,0
11084,112,0
11085,100,0
11086,112,0
11087,100,0
11088,112,0
11089,100,0
11090,112,0
11091,104,0
11092,108,0
11093,104,0
11094,108,0
11095,104,0
11096,108,0
11097,104,0
11098,108,0
11099,104,0
11100,112,0
11101,100,0
11102,112,0
11103,100,0
11104,108,0
11105,104,0
11106,108,0
11107,100,0
11108,108,0
11109,100,0
11110,108,0
11111,104,0
11112,108,0
11113,104,0
11114,108,0
11115,104,0
11116,108,0
11117,100,0
11118,108,0
11119,100,0
11120,108,0
11121,104,0
11122,112,0
11123,104,0
11124,112,0
11125,104,0
11126,108,0
11127,100,0
11128,108,0
11129,104,0
11130,108,0
11131,100,0
11132,108,0
11133,104,0
11134,108,0
11135,100,0
11136,112,0
11137,100,0
11138,112,0
11139,100,0
11140,112,0
11141,104,0
11142,108,0
11143,100,0
11144,112,0
11145,104,0
11146,108,0
11147,100,0
11148,112,0
11149,104,0
11150,108,0
11151,100,0
11152,112,0
11153,104,0
11154,108,0
11155,104,0
11156,108,0
11157,100,0
11158,112,0
11159,104,0
11160,108,0
11161,100,0
11162,112,0
11163,108,0
11164,112,0
11165,108,0
11166,104,0
11167,112,0
11168,100,0
11169,108,0
11170,104,0
11171,112,0
11172,100,0
11173,108,0
11174,104,0
11175,112,0
11176,100,0
11177,108,0
11178,104,0
11179,108,0
11180,104,0
11181,112,0
11182,100,0
11183,112,0
11184,100,0
11185,108,0
11186,100,0
11187,108,0
11188,100,0
11189,112,0
11190,100,0
11191,108,0
11192,100,0
11193,112,0
11194,104,0
11195,108,0
11196,100,0
11197,112,0
11198,104,0
11199,108,0
11200,104,0
11201,112,0
11202,104,0
11203,112,0
11204,104,0
11205,112,0
11206,104,0
11207,112,0
11208,104,0
11209,108,0
11210,100,0
11211,108,0
11212,100,0
11213,108,0
11214,100,0
11215,108,0
11216,100,0
11217,108,0
11218,100,0
11219,108,0
11220,104,0
11221,112,0
11222,100,0
11223,112,0
11224,100,0
11225,108,0
11226,104,0
11227,112,0
11228,100,0
11229,108,0
11230,104,0
11231,108,0
11232,104,0
11233,108,0
11234,104,0
11235,112,0
11236,100,0
11237,112,0
11238,100,0
11239,108,0
11240,104,0
11241,108,0
11242,100,0
11243,108,0
11244,104,0
11245,108,0
11246,100,0
11247,108,0
11248,100,0
11249,108,0
11250,100,0
11251,108,0
11252,100,0
11253,112,0
11254,104,0
11255,108,0
11256,100,0
11257,112,0
11258,104,0
11259,112,0
11260,100,0
11261,108,0
11262,100,0
11263,108,0
11264,100,0
11265,112,0
11266,104,0
11267,112,0
11268,104,0
11269,108,0
11270,104,0
11271,108,0
11272,100,0
11273,108,0
11274,104,0
11275,108,0
11276,100,0
11277,108,0
11278,104,0
11279,108,0
11280,100,0
11281,108,0
11282,104,0
11283,108,0
11284,100,0
11285,108,0
11286,104,0
11287,108,0
11288,100,0
11289,108,0
11290,104,0
11291,108,0
11292,100,0
11293,108,0
11294,104,0
11295,108,0
11296,100,0
11297,112,0
11298,104,0
11299,112,0
11300,104,0
11301,112,0
11302,104,0
11303,112,0
11304,104,0
11305,108,0
11306,100,0
11307,108,0
11308,100,0
11309,108,0
11310,100,0
11311,108,0
11312,100,0
11313,112,0
11314,104,0
11315,112,0
11316,104,0
11317,112,0
11318,104,0
11319,112,0
11320,104,0
11321,108,0
11322,104,0
11323,108,0
11324,100,0
11325,108,0
11326,104,0
11327,108,0
11328,100,0
11329,108,0
11330,104,0
11331,108,0
11332,100,0
11333,108,0
11334,104,0
11335,108,0
11336,100,0
11337,108,0
11338,100,0
11339,108,0
11340,104,0
11341,108,0
11342,100,0
11343,108,0
11344,104,0
11345,108,0
11346,100,0
11347,108,0
11348,104,0
11349,108,0
11350,100,0
11351,108,0
11352,100,0
11353,108,0
11354,100,0
11355,108,0
11356,100,0
11357,112,0
11358,104,0
11359,108,0
11360,104,0
11361,108,0
11362,100,0
11363,108,0
11364,100,0
11365,112,0
11366,104,0
11367,112,0
11368,104,0
11369,112,0
11370,104,0
11371,108,0
11372,104,0
11373,108,0
11374,100,0
11375,108,0
11376,104,0
11377,108,0
11378,100,0
11379,108,0
11380,100,0
11381,112,0
11382,100,0
11383,108,0
11384,104,0
11385,108,0
11386,104,0
11387,112,0
11388,100,0
11389,108,0
11390,104,0
11391,108,0
11392,100,0
11393,108,0
11394,104,0
11395,108,0
11396,100,0
11397,108,0
11398,104,0
11399,108,0
11400,100,0
11401,108,0
11402,100,0
11403,108,0
11404,100,0
11405,108,0
11406,100,0
11407,112,0
11408,104,0
11409,112,0
11410,104,0
11411,112,0
11412,104,0
11413,112,0
11414,104,0
11415,108,0
11416,100,0
11417,108,0
11418,100,0
11419,108,0
11420,100,0
11421,112,0
11422,100,0
11423,112,0
11424,100,0
11425,112,0
11426,100,0
11427,112,0
11428,100,0
11429,112,0
11430,104,0
11431,108,0
11432,104,0
11433,108,0
11434,104,0
11435,108,0
11436,104,0
11437,108,0
11438,104,0
11439,112,0
11440,100,0
11441,112,0
11442,100,0
11443,112,0
11444,100,0
11445,108,0
11446,104,0
11447,108,0
11448,104,0
11449,112,0
11450,104,0
11451,108,0
11452,104,0
11453,108,0
11454,100,0
11455,108,0
11456,100,0
11457,108,0
11458,100,0
11459,108,0
11460,100,0
11461,108,0
11462,100,0
11463,108,0
11464,100,0
11465,108,0
11466,100,0
11467,108,0
11468,100,0
11469,112,0
11470,104,0
11471,108,0
11472,100,0
11473,112,0
11474,100,0
11475,108,0
11476,104,0
11477,108,0
11478,104,0
11479,108,0
11480,100,0
11481,108,0
11482,104,0
11483,108,0
11484,100,0
11485,108,0
11486,104,0
11487,108,0
11488,100,0
11489,108,0
11490,104,0
11491,108,0
11492,100,0
11493,108,0
11494,104,0
11495,108,0
11496,100,0
11497,108,0
11498,104,0
11499,108,0
11500,100,0
11501,108,0
11502,104,0
11503,108,0
11504,100,0
11505,112,0
11506,104,0
11507,112,0
11508,104,0
11509,112,0
11510,104,0
11511,112,0
11512,104,0
11513,108,0
11514,100,0
11515,108,0
11516,100,0
11517,108,0
11518,100,0
11519,108,0
11520,100,0
11521,112,0
11522,104,0
11523,112,0
11524,104,0
11525,108,0
11526,100,0
11527,108,0
11528,100,0
11529,108,0
11530,100,0
11531,108,0
11532,104,0
11533,108,0
11534,100,0
11535,108,0
11536,104,0
11537,108,0
11538,104,0
11539,108,0
11540,100,0
11541,108,0
11542,104,0
11543,108,0
11544,100,0
11545,108,0
11546,104,0
11547,108,0
11548,100,0
11549,108,0
11550,104,0
11551,108,0
11552,104,0
11553,108,0
11554,104,0
11555,108,0
11556,100,0
11557,112,0
11558,100,0
11559,112,0
11560,100,0
11561,112,0
11562,100,0
11563,112,0
11564,100,0
11565,108,0
11566,104,0
11567,108,0
11568,100,0
11569,112,0
11570,100,0
11571,112,0
11572,100,0
11573,112,0
11574,100,0
11575,112,0
11576,100,0
11577,112,0
11578,104,0
11579,108,0
11580,104,0
11581,108,0
11582,104,0
11583,108,0
11584,104,0
11585,108,0
11586,100,0
11587,108,0
11588,104,0
11589,108,0
11590,100,0
11591,108,0
11592,100,0
11593,112,0
11594,100,0
11595,112,0
11596,104,0
11597,108,0
11598,104,0
11599,108,0
11600,104,0
11601,108,0
11602,104,0
11603,108,0
11604,104,0
11605,112,0
11606,100,0
11607,112,0
11608,100,0
11609,112,0
11610,100,0
11611,112,0
11612,100,0
11613,112,0
11614,104,0
11615,108,0
11616,104,0
11617,108,0
11618,104,0
11619,108,0
11620,104,0
11621,108,0
11622,104,0
11623,112,0
11624,100,0
11625,112,0
11626,100,0
11627,112,0
11628,100,0
11629,112,0
11630,100,0
11631,112,0
11632,104,0
11633,108,0
11634,104,0
11635,108,0
11636,104,0
11637,108,0
11638,104,0
11639,108,0
11640,100,0
11641,112,0
11642,104,0
11643,112,0
11644,104,0
11645,112,0
11646,104,0
11647,112,0
11648,104,0
11649,112,0
11650,104,0
11651,112,0
11652,104,0
11653,112,0
11654,104,0
11655,112,0
11656,104,0
11657,112,0
11658,104,0
11659,108,0
11660,100,0
11661,108,0
11662,100,0
11663,108,0
11664,100,0
11665,108,0
11666,100,0
11667,108,0
11668,104,0
11669,108,0
11670,100,0
11671,108,0
11672,104,0
11673,108,0
11674,100,0
11675,108,0
11676,104,0
11677,108,0
11678,104,0
11679,108,0
11680,104,0
11681,108,0
11682,100,0
11683,108,0
11684,104,0
11685,108,0
11686,100,0
11687,108,0
11688,104,0
11689,108,0
11690,100,0
11691,108,0
11692,104,0
11693,108,0
11694,100,0
11695,108,0
11696,100,0
11697,108,0
11698,104,0
11699,108,0
11700,100,0
11701,112,0
11702,104,0
11703,112,0
11704,104,0
11705,112,0
11706,104,0
11707,112,0
11708,104,0
11709,112,0
11710,100,0
11711,112,0
11712,104,0
11713,112,0
11714,104,0
11715,112,0
11716,104,0
11717,108,0
11718,104,0
11719,108,0
11720,104,0
11721,108,0
11722,104,0
11723,108,0
11724,100,0
11725,108,0
11726,104,0
11727,108,0
11728,100,0
11729,108,0
11730,104,0
11731,112,0
11732,100,0
11733,112,0
11734,100,0
11735,108,0
11736,104,0
11737,108,0
11738,104,0
11739,108,0
11740,104,0
11741,108,0
11742,104,0
11743,108,0
11744,100,0
11745,112,0
11746,100,0
11747,112,0
11748,100,0
11749,112,0
11750,100,0
11751,112,0
11752,100,0
11753,108,0
11754,104,0
11755,108,0
11756,104,0
11757,108,0
11758,104,0
11759,112,0
11760,100,0
11761,112,0
11762,104,0
11763,108,0
11764,104,0
11765,108,0
11766,104,0
11767,108,0
11768,104,0
11769,108,0
11770,104,0
11771,112,0
11772,100,0
11773,112,0
11774,100,0
11775,112,0
11776,100,0
11777,112,0
11778,100,0
11779,112,0
11780,104,0
11781,108,0
11782,104,0
11783,108,0
11784,104,0
11785,108,0
11786,100,0
11787,108,0
11788,104,0
11789,108,0
11790,100,0
11791,112,0
11792,104,0
11793,108,0
11794,100,0
11795,112,0
11796,104,0
11797,108,0
11798,104,0
11799,112,0
11800,104,0
11801,108,0
11802,104,0
11803,112,0
11804,104,0
11805,112,0
11806,104,0
11807,108,0
11808,104,0
11809,108,0
11810,100,0
11811,112,0
11812,104,0
11813,108,0
11814,104,0
11815,108,0
11816,100,0
11817,112,0
11818,104,0
11819,108,0
11820,100,0
11821,112,0
11822,100,0
11823,108,0
11824,104,0
11825,112,0
11826,100,0
11827,112,0
11828,100,0
11829,112,0
11830,104,0
11831,108,0
11832,104,0
11833,108,0
11834,104,0
11835,108,0
11836,104,0
11837,108,0
11838,104,0
11839,108,0
11840,104,0
11841,108,0
11842,104,0
11843,108,0
11844,104,0
11845,108,0
11846,100,0
11847,104,0
11848,104,0
11849,112,0
11850,104,0
11851,108,0
11852,104,0
11853,108,0
11854,104,0
11855,108,0
11856,104,0
11857,108,0
11858,104,0
11859,108,0
11860,104,0
11861,112,0
11862,100,0
11863,108,0
11864,104,0
11865,108,0
11866,104,0
11867,108,0
11868,104,0
11869,108,0
11870,104,0
11871,108,0
11872,104,0
11873,108,0
11874,104,0
11875,108,0
11876,104,0
11877,108,0
11878,104,0
11879,108,0
11880,104,0
11881,108,0
11882,104,0
11883,108,0
11884,104,0
11885,108,0
11886,104,0
11887,108,0
11888,104,0
11889,108,0
11890,104,0
11891,108,0
11892,104,0
11893,108,0
11894,104,0
11895,108,0
11896,104,0
11897,108,0
11898,104,0
11899,108,0
11900,104,0
11901,108,0
11902,104,0
11903,108,0
11904,104,0
11905,108,0
11906,104,0
11907,108,0
11908,104,0
11909,108,0
11910,104,0
11911,108,0
11912,104,0
11913,108,0
11914,104,0
11915,108,0
11916,104,0
11917,108,0
11918,104,0
11919,108,0
11920,104,0
11921,108,0
11922,104,0
11923,108,0
11924,104,0
11925,108,0
11926,104,0
11927,108,0
11928,104,0
11929,108,0
11930,104,0
11931,108,0
11932,104,0
11933,108,0
11934,104,0
11935,108,0
11936,104,0
11937,108,0
11938,104,0
11939,108,0
11940,104,0
11941,108,0
11942,104,0
11943,108,0
11944,104,0
11945,108,0
11946,104,0
11947,108,0
11948,104,0
11949,108,0
11950,104,0
11951,108,0
11952,104,0
11953,108,0
11954,104,0
11955,108,0
11956,104,0
11957,108,0
11958,104,0
11959,108,0
11960,104,0
11961,108,0
11962,104,0
11963,108,0
11964,104,0
11965,108,0
11966,104,0
11967,108,0
11968,104,0
11969,108,0
11970,104,0
11971,108,0
11972,104,0
11973,108,0
11974,104,0
11975,108,0
11976,104,0
11977,108,0
11978,104,0
11979,108,0
11980,104,0
11981,108,0
11982,104,0
11983,108,0
11984,104,0
11985,108,0
11986,104,0
11987,108,0
11988,104,0
11989,108,0
11990,104,0
11991,108,0
11992,104,0
11993,108,0
11994,104,0
11995,108,0
11996,104,0
11997,108,0
11998,104,0
11999,108,0
12000,104,0
12001,108,0
12002,104,0
12003,108,0
12004,104,0
12005,108,0
12006,104,0
12007,108,0
12008,104,0
12009,108,0
12010,104,0
12011,108,0
12012,104,0
12013,108,0
12014,104,0
12015,108,0
12016,104,0
12017,108,0
12018,104,0
12019,108,0
12020,104,0
12021,108,0
12022,104,0
12023,108,0
12024,104,0
12025,108,0
12026,104,0
12027,108,0
12028,104,0
12029,108,0
12030,104,0
12031,108,0
12032,104,0
12033,108,0
12034,104,0
12035,108,0
12036,104,0
12037,108,0
12038,104,0
12039,108,0
12040,104,0
12041,108,0
12042,104,0
12043,108,0
12044,104,0
12045,108,0
12046,104,0
12047,108,0
12048,104,0
12049,108,0
12050,104,0
12051,108,0
12052,104,0
12053,108,0
12054,104,0
12055,108,0
12056,104,0
12057,108,0
12058,104,0
12059,108,0
12060,104,0
12061,108,0
12062,104,0
12063,108,0
12064,104,0
12065,108,0
12066,104,0
12067,108,0
12068,104,0
12069,108,0
12070,104,0
12071,108,0
12072,104,0
12073,108,0
12074,104,0
12075,108,0
12076,104,0
12077,108,0
12078,104,0
12079,108,0
12080,104,0
12081,108,0
12082,104,0
12083,108,0
12084,100,0
12085,112,0
12086,104,0
12087,112,0
12088,104,0
12089,112,0
12090,104,0
12091,112,0
12092,104,0
12093,112,0
12094,104,0
12095,112,0
12096,104,0
12097,112,0
12098,104,0
12099,112,0
12100,104,0
12101,112,0
12102,104,0
12103,108,0
12104,100,0
12105,112,0
12106,104,0
12107,112,0
12108,104,0
12109,108,0
12110,104,0
12111,108,0
12112,100,0
12113,108,0
12114,104,0
12115,108,0
12116,100,0
12117,108,0
12118,104,0
12119,108,0
12120,100,0
12121,108,0
12122,104,0
12123,108,0
12124,100,0
12125,108,0
12126,104,0
12127,108,0
12128,100,0
12129,108,0
12130,104,0
12131,108,0
12132,104,0
12133,108,0
12134,100,0
12135,108,0
12136,104,0
12137,108,0
12138,100,0
12139,108,0
12140,100,0
12141,108,0
12142,100,0
12143,112,0
12144,100,0
12145,112,0
12146,104,0
12147,108,0
12148,104,0
12149,112,0
12150,104,0
12151,108,0
12152,104,0
12153,108,0
12154,100,0
12155,108,0
12156,104,0
12157,112,0
12158,104,0
12159,108,0
12160,100,0
12161,108,0
12162,100,0
12163,108,0
12164,104,0
12165,108,0
12166,100,0
12167,108,0
12168,104,0
12169,108,0
12170,100,0
12171,112,0
12172,100,0
12173,112,0
12174,100,0
12175,112,0
12176,100,0
12177,112,0
12178,100,0
12179,108,0
12180,104,0
12181,108,0
12182,104,0
12183,108,0
12184,104,0
12185,108,0
12186,104,0
12187,108,0
12188,100,0
12189,112,0
12190,100,0
12191,112,0
12192,100,0
12193,112,0
12194,100,0
12195,112,0
12196,100,0
12197,108,0
12198,104,0
12199,108,0
12200,104,0
12201,108,0
12202,104,0
12203,112,0
12204,100,0
12205,112,0
12206,104,0
12207,108,0
12208,104,0
12209,108,0
12210,104,0
12211,108,0
12212,100,0
12213,112,0
12214,104,0
12215,112,0
12216,104,0
12217,112,0
12218,104,0
12219,112,0
12220,104,0
12221,108,0
12222,100,0
12223,108,0
12224,100,0
12225,108,0
12226,100,0
12227,108,0
12228,100,0
12229,112,0
12230,104,0
12231,112,0
12232,104,0
12233,112,0
12234,104,0
12235,108,0
12236,104,0
12237,108,0
12238,100,0
12239,108,0
12240,104,0
12241,108,0
12242,100,0
12243,108,0
12244,104,0
12245,108,0
12246,100,0
12247,108,0
12248,104,0
12249,108,0
12250,100,0
12251,108,0
12252,104,0
12253,108,0
12254,100,0
12255,108,0
12256,104,0
12257,108,0
12258,100,0
12259,108,0
12260,104,0
12261,108,0
12262,100,0
12263,112,0
12264,104,0
12265,112,0
12266,104,0
12267,112,0
12268,104,0
12269,112,0
12270,104,0
12271,108,0
12272,100,0
12273,108,0
12274,100,0
12275,108,0
12276,100,0
12277,108,0
12278,100,0
12279,112,0
12280,104,0
12281,112,0
12282,104,0
12283,112,0
12284,104,0
12285,108,0
12286,104,0
12287,108,0
12288,100,0
12289,108,0
12290,104,0
12291,108,0
12292,100,0
12293,108,0
12294,104,0
12295,108,0
12296,100,0
12297,108,0
12298,104,0
12299,108,0
12300,100,0
12301,108,0
12302,104,0
12303,108,0
12304,100,0
12305,108,0
12306,104,0
12307,108,0
12308,100,0
12309,108,0
12310,104,0
12311,108,0
12312,100,0
12313,112,0
12314,104,0
12315,112,0
12316,104,0
12317,112,0
12318,104,0
12319,112,0
12320,104,0
12321,108,0
12322,100,0
12323,108,0
12324,100,0
12325,108,0
12326,100,0
12327,108,0
12328,100,0
12329,112,0
12330,104,0
12331,112,0
12332,104,0
12333,112,0
12334,104,0
12335,108,0
12336,104,0
12337,108,0
12338,100,0
12339,108,0
12340,104,0
12341,108,0
12342,100,0
12343,108,0
12344,104,0
12345,108,0
12346,100,0
12347,108,0
12348,104,0
12349,108,0
12350,100,0
12351,108,0
12352,104,0
12353,108,0
12354,100,0
12355,108,0
12356,104,0
12357,108,0
12358,100,0
12359,108,0
12360,104,0
12361,108,0
12362,100,0
12363,112,0
12364,104,0
12365,112,0
12366,104,0
12367,112,0
12368,104,0
12369,112,0
12370,104,0
12371,108,0
12372,100,0
12373,108,0
12374,100,0
12375,108,0
12376,100,0
12377,108,0
12378,100,0
12379,112,0
12380,104,0
12381,112,0
12382,104,0
12383,112,0
12384,104,0
12385,108,0
12386,104,0
12387,108,0
12388,100,0
12389,108,0
12390,104,0
12391,108,0
12392,100,0
12393,108,0
12394,104,0
12395,108,0
12396,100,0
12397,108,0
12398,104,0
12399,108,0
12400,100,0
12401,108,0
12402,104,0
12403,108,0
12404,100,0
12405,108,0
12406,104,0
12407,108,0
12408,100,0
12409,108,0
12410,104,0
12411,108,0
12412,100,0
12413,112,0
12414,104,0
12415,112,0
12416,104,0
12417,112,0
12418,104,0
12419,112,0
12420,104,0
12421,108,0
12422,100,0
12423,108,0
12424,100,0
12425,108,0
12426,100,0
12427,108,0
12428,100,0
12429,112,0
12430,104,0
12431,112,0
12432,104,0
12433,112,0
12434,104,0
12435,108,0
12436,104,0
12437,108,0
12438,100,0
12439,108,0
12440,104,0
12441,108,0
12442,104,0
12443,108,0
12444,100,0
12445,108,0
12446,104,0
12447,108,0
12448,104,0
12449,108,0
12450,104,0
12451,108,0
12452,104,0
12453,112,0
12454,100,0
12455,112,0
12456,100,0
12457,112,0
12458,100,0
12459,112,0
12460,100,0
12461,112,0
12462,104,0
12463,108,0
12464,104,0
12465,108,0
12466,104,0
12467,108,0
12468,104,0
12469,112,0
12470,100,0
12471,108,0
12472,104,0
12473,108,0
12474,104,0
12475,108,0
12476,104,0
12477,108,0
12478,104,0
12479,108,0
12480,104,0
12481,112,0
12482,100,0
12483,108,0
12484,100,0
12485,112,0
12486,100,0
12487,108,0
12488,104,0
12489,112,0
12490,100,0
12491,108,0
12492,104,0
12493,112,0
12494,104,0
12495,108,0
12496,100,0
12497,112,0
12498,100,0
12499,108,0
12500,100,0
12501,108,0
12502,100,0
12503,108,0
12504,104,0
12505,108,0
12506,104,0
12507,112,0
12508,104,0
12509,112,0
12510,104,0
12511,108,0
12512,100,0
12513,108,0
12514,100,0
12515,108,0
12516,100,0
12517,108,0
12518,100,0
12519,108,0
12520,96,0
12521,108,0
12522,108,0
12523,108,0
12524,100,0
12525,108,0
12526,100,0
12527,108,0
12528,108,0
12529,108,0
12530,104,0
12531,100,0
12532,108,0
12533,100,0
12534,112,0
12535,100,0
12536,112,0
12537,100,0
12538,112,0
12539,100,0
12540,112,0
12541,100,0
12542,112,0
12543,100,0
12544,112,0
12545,100,0
12546,112,0
12547,100,0
12548,112,0
12549,100,0
12550,112,0
12551,104,0
12552,108,0
12553,104,0
12554,108,0
12555,104,0
12556,108,0
12557,104,0
12558,108,0
12559,104,0
12560,108,0
12561,104,0
12562,108,0
12563,104,0
12564,108,0
12565,104,0
12566,108,0
12567,104,0
12568,108,0
12569,104,0
12570,108,0
12571,100,0
12572,112,0
12573,100,0
12574,112,0
12575,100,0
12576,112,0
12577,100,0
12578,112,0
12579,100,0
12580,112,0
12581,100,0
12582,112,0
12583,100,0
12584,112,0
12585,100,0
12586,112,0
12587,100,0
12588,112,0
12589,100,0
12590,112,0
12591,100,0
12592,112,0
12593,100,0
12594,112,0
12595,100,0
12596,112,0
12597,100,0
12598,112,0
12599,100,0
12600,112,0
12601,100,0
12602,112,0
12603,100,0
12604,112,0
12605,100,0
12606,112,0
12607,100,0
12608,112,0
12609,100,0
12610,112,0
12611,100,0
12612,112,0
12613,100,0
12614,112,0
12615,100,0
12616,112,0
12617,104,0
12618,108,0
12619,100,0
12620,112,0
12621,104,0
12622,108,0
12623,100,0
12624,112,0
12625,100,0
12626,112,0
12627,104,0
12628,108,0
12629,100,0
12630,112,0
12631,104,0
12632,108,0
12633,100,0
12634,112,0
12635,104,0
12636,108,0
12637,100,0
12638,112,0
12639,104,0
12640,108,0
12641,100,0
12642,112,0
12643,104,0
12644,108,0
12645,104,0
12646,108,0
12647,100,0
12648,112,0
12649,104,0
12650,108,0
12651,100,0
12652,112,0
12653,104,0
12654,108,0
12655,104,0
12656,108,0
12657,100,0
12658,108,0
12659,100,0
12660,108,0
12661,104,0
12662,108,0
12663,104,0
12664,108,0
12665,100,0
12666,112,0
12667,100,0
12668,108,0
12669,104,0
12670,108,0
12671,100,0
12672,112,0
12673,100,0
12674,108,0
12675,104,0
12676,108,0
12677,104,0
12678,108,0
12679,104,0
12680,108,0
12681,100,0
12682,112,0
12683,100,0
12684,108,0
12685,104,0
12686,108,0
12687,104,0
12688,112,0
12689,104,0
12690,108,0
12691,100,0
12692,112,0
12693,104,0
12694,108,0
12695,100,0
12696,112,0
12697,100,0
12698,112,0
12699,104,0
12700,108,0
12701,100,0
12702,112,0
12703,104,0
12704,108,0
12705,100,0
12706,112,0
12707,104,0
12708,108,0
12709,100,0
12710,112,0
12711,104,0
12712,108,0
12713,100,0
12714,112,0
12715,100,0
12716,112,0
12717,104,0
12718,108,0
12719,104,0
12720,108,0
12721,100,0
12722,112,0
12723,104,0
12724,108,0
12725,104,0
12726,108,0
12727,100,0
12728,112,0
12729,100,0
12730,108,0
12731,104,0
12732,108,0
12733,104,0
12734,108,0
12735,100,0
12736,108,0
12737,104,0
12738,108,0
12739,104,0
12740,108,0
12741,104,0
12742,108,0
12743,100,0
12744,112,0
12745,100,0
12746,108,0
12747,104,0
12748,108,0
12749,104,0
12750,108,0
12751,100,0
12752,112,0
12753,100,0
12754,108,0
12755,100,0
12756,112,0
12757,104,0
12758,108,0
12759,100,0
12760,112,0
12761,104,0
12762,108,0
12763,104,0
12764,108,0
12765,100,0
12766,112,0
12767,100,0
12768,112,0
12769,104,0
12770,108,0
12771,100,0
12772,112,0
12773,104,0
12774,108,0
12775,100,0
12776,112,0
12777,104,0
12778,108,0
12779,100,0
12780,112,0
12781,100,0
12782,112,0
12783,100,0
12784,112,0
12785,104,0
12786,112,0
12787,104,0
12788,108,0
12789,100,0
12790,112,0
12791,104,0
12792,108,0
12793,100,0
12794,112,0
12795,104,0
12796,108,0
12797,100,0
12798,112,0
12799,100,0
12800,112,0
12801,104,0
12802,108,0
12803,100,0
12804,112,0
12805,104,0
12806,108,0
12807,100,0
12808,112,0
12809,104,0
12810,108,0
12811,100,0
12812,112,0
12813,104,0
12814,112,0
12815,100,0
12816,108,0
12817,104,0
12818,108,0
12819,100,0
12820,108,0
12821,104,0
12822,108,0
12823,100,0
12824,112,0
12825,104,0
12826,108,0
12827,104,0
12828,108,0
12829,100,0
12830,108,0
12831,104,0
12832,108,0
12833,104,0
12834,112,0
12835,100,0
12836,108,0
12837,104,0
12838,108,0
12839,104,0
12840,108,0
12841,104,0
12842,108,0
12843,104,0
12844,108,0
12845,104,0
12846,108,0
12847,104,0
12848,108,0
12849,100,0
12850,112,0
12851,104,0
12852,108,0
12853,100,0
12854,112,0
12855,104,0
12856,108,0
12857,100,0
12858,112,0
12859,104,0
12860,108,0
12861,100,0
12862,112,0
12863,100,0
12864,112,0
12865,100,0
12866,112,0
12867,104,0
12868,108,0
12869,100,0
12870,112,0
12871,104,0
12872,108,0
12873,100,0
12874,112,0
12875,104,0
12876,108,0
12877,100,0
12878,112,0
12879,104,0
12880,108,0
12881,100,0
12882,112,0
12883,100,0
12884,112,0
12885,104,0
12886,108,0
12887,100,0
12888,112,0
12889,100,0
12890,112,0
12891,104,0
12892,108,0
12893,100,0
12894,112,0
12895,104,0
12896,108,0
12897,100,0
12898,112,0
12899,104,0
12900,108,0
12901,104,0
12902,108,0
12903,100,0
12904,112,0
12905,104,0
12906,108,0
12907,100,0
12908,112,0
12909,104,0
12910,108,0
12911,100,0
12912,112,0
12913,104,0
12914,108,0
12915,100,0
12916,112,0
12917,104,0
12918,108,0
12919,104,0
12920,108,0
12921,100,0
12922,112,0
12923,104,0
12924,108,0
12925,100,0
12926,112,0
12927,104,0
12928,108,0
12929,100,0
12930,112,0
12931,104,0
12932,108,0
12933,100,0
12934,112,0
12935,104,0
12936,108,0
12937,104,0
12938,108,0
12939,100,0
12940,112,0
12941,104,0
12942,108,0
12943,100,0
12944,112,0
12945,104,0
12946,108,0
12947,100,0
12948,112,0
12949,104,0
12950,108,0
12951,100,0
12952,112,0
12953,104,0
12954,108,0
12955,104,0
12956,108,0
12957,100,0
12958,112,0
12959,104,0
12960,108,0
12961,100,0
12962,112,0
12963,104,0
12964,108,0
12965,100,0
12966,112,0
12967,104,0
12968,108,0
12969,100,0
12970,112,0
12971,104,0
12972,108,0
12973,104,0
12974,108,0
12975,100,0
12976,112,0
12977,104,0
12978,108,0
12979,100,0
12980,112,0
12981,104,0
12982,108,0
12983,100,0
12984,112,0
12985,104,0
12986,108,0
12987,100,0
12988,112,0
12989,104,0
12990,108,0
12991,104,0
12992,108,0
12993,100,0
12994,112,0
12995,104,0
12996,108,0
12997,100,0
12998,112,0
12999,100,0
13000,108,0
13001,104,0
13002,108,0
13003,104,0
13004,108,0
13005,100,0
13006,112,0
13007,100,0
13008,108,0
13009,104,0
13010,108,0
13011,104,0
13012,108,0
13013,100,0
13014,112,0
13015,100,0
13016,108,0
13017,104,0
13018,108,0
13019,100,0
13020,112,0
13021,100,0
13022,108,0
13023,104,0
13024,108,0
13025,104,0
13026,108,0
13027,100,0
13028,112,0
13029,104,0
13030,108,0
13031,100,0
13032,112,0
13033,104,0
13034,108,0
13035,100,0
13036,112,0
13037,104,0
13038,108,0
13039,100,0
13040,112,0
13041,104,0
13042,108,0
13043,104,0
13044,108,0
13045,100,0
13046,112,0
13047,104,0
13048,108,0
13049,100,0
13050,112,0
13051,104,0
13052,108,0
13053,100,0
13054,112,0
13055,104,0
13056,108,0
13057,100,0
13058,112,0
13059,104,0
13060,108,0
13061,104,0
13062,108,0
13063,100,0
13064,112,0
13065,104,0
13066,108,0
13067,100,0
13068,112,0
13069,104,0
13070,108,0
13071,100,0
13072,112,0
13073,104,0
13074,108,0
13075,100,0
13076,112,0
13077,104,0
13078,108,0
13079,104,0
13080,108,0
13081,100,0
13082,112,0
13083,104,0
13084,108,0
13085,100,0
13086,112,0
13087,104,0
13088,108,0
13089,100,0
13090,112,0
13091,104,0
13092,108,0
13093,100,0
13094,112,0
13095,104,0
13096,108,0
13097,104,0
13098,108,0
13099,100,0
13100,112,0
13101,104,0
13102,108,0
13103,100,0
13104,112,0
13105,104,0
13106,108,0
13107,100,0
13108,112,0
13109,104,0
13110,108,0
13111,100,0
13112,112,0
13113,104,0
13114,108,0
13115,104,0
13116,108,0
13117,100,0
13118,112,0
13119,104,0
13120,108,0
13121,100,0
13122,112,0
13123,104,0
13124,112,0
13125,104,0
13126,108,0
13127,100,0
13128,112,0
13129,104,0
13130,108,0
13131,100,0
13132,112,0
13133,100,0
13134,112,0
13135,104,0
13136,108,0
13137,100,0
13138,112,0
13139,104,0
13140,108,0
13141,100,0
13142,112,0
13143,104,0
13144,108,0
13145,100,0
13146,112,0
13147,104,0
13148,108,0
13149,100,0
13150,112,0
13151,100,0
13152,112,0
13153,104,0
13154,108,0
13155,104,0
13156,112,0
13157,100,0
13158,112,0
13159,100,0
13160,108,0
13161,104,0
13162,108,0
13163,100,0
13164,108,0
13165,104,0
13166,108,0
13167,100,0
13168,108,0
13169,104,0
13170,108,0
13171,104,0
13172,108,0
13173,104,0
13174,108,0
13175,100,0
13176,108,0
13177,100,0
13178,108,0
13179,104,0
13180,108,0
13181,104,0
13182,112,0
13183,104,0
13184,108,0
13185,104,0
13186,108,0
13187,100,0
13188,108,0
13189,100,0
13190,112,0
13191,104,0
13192,108,0
13193,100,0
13194,112,0
13195,104,0
13196,108,0
13197,104,0
13198,108,0
13199,100,0
13200,112,0
13201,104,0
13202,108,0
13203,100,0
13204,112,0
13205,104,0
13206,108,0
13207,100,0
13208,112,0
13209,104,0
13210,112,0
13211,108,0
13212,108,0
13213,108,0
13214,104,0
13215,108,0
13216,100,0
13217,112,0
13218,100,0
13219,108,0
13220,100,0
13221,112,0
13222,100,0
13223,108,0
13224,100,0
13225,112,0
13226,100,0
13227,108,0
13228,100,0
13229,112,0
13230,100,0
13231,108,0
13232,104,0
13233,108,0
13234,104,0
13235,108,0
13236,100,0
13237,108,0
13238,104,0
13239,108,0
13240,100,0
13241,108,0
13242,100,0
13243,108,0
13244,100,0
13245,108,0
13246,100,0
13247,112,0
13248,104,0
13249,112,0
13250,104,0
13251,112,0
13252,104,0
13253,112,0
13254,104,0
13255,108,0
13256,100,0
13257,108,0
13258,100,0
13259,108,0
13260,100,0
13261,108,0
13262,100,0
13263,108,0
13264,104,0
13265,108,0
13266,100,0
13267,108,0
13268,104,0
13269,108,0
13270,100,0
13271,108,0
13272,104,0
13273,108,0
13274,100,0
13275,108,0
13276,104,0
13277,108,0
13278,100,0
13279,108,0
13280,104,0
13281,108,0
13282,100,0
13283,108,0
13284,104,0
13285,108,0
13286,100,0
13287,108,0
13288,104,0
13289,108,0
13290,100,0
13291,108,0
13292,100,0
13293,108,0
13294,100,0
13295,108,0
13296,100,0
13297,112,0
13298,104,0
13299,112,0
13300,104,0
13301,112,0
13302,104,0
13303,112,0
13304,104,0
13305,108,0
13306,100,0
13307,108,0
13308,100,0
13309,108,0
13310,100,0
13311,108,0
13312,100,0
13313,108,0
13314,104,0
13315,108,0
13316,100,0
13317,108,0
13318,104,0
13319,108,0
13320,100,0
13321,108,0
13322,104,0
13323,108,0
13324,100,0
13325,108,0
13326,104,0
13327,108,0
13328,100,0
13329,108,0
13330,104,0
13331,108,0
13332,100,0
13333,108,0
13334,104,0
13335,108,0
13336,100,0
13337,112,0
13338,104,0
13339,112,0
13340,104,0
13341,112,0
13342,104,0
13343,112,0
13344,104,0
13345,112,0
13346,104,0
13347,108,0
13348,100,0
13349,108,0
13350,100,0
13351,108,0
13352,100,0
13353,108,0
13354,100,0
13355,112,0
13356,104,0
13357,112,0
13358,104,0
13359,112,0
13360,104,0
13361,108,0
13362,104,0
13363,108,0
13364,100,0
13365,108,0
13366,104,0
13367,108,0
13368,100,0
13369,108,0
13370,104,0
13371,108,0
13372,100,0
13373,108,0
13374,104,0
13375,108,0
13376,100,0
13377,108,0
13378,104,0
13379,108,0
13380,100,0
13381,108,0
13382,104,0
13383,108,0
13384,100,0
13385,108,0
13386,104,0
13387,108,0
13388,100,0
13389,112,0
13390,104,0
13391,112,0
13392,104,0
13393,112,0
13394,104,0
13395,112,0
13396,104,0
13397,108,0
13398,100,0
13399,108,0
13400,100,0
13401,108,0
13402,100,0
13403,108,0
13404,100,0
13405,112,0
13406,104,0
13407,108,0
13408,104,0
13409,108,0
13410,100,0
13411,108,0
13412,100,0
13413,108,0
13414,100,0
13415,108,0
13416,104,0
13417,108,0
13418,100,0
13419,108,0
13420,104,0
13421,108,0
13422,100,0
13423,108,0
13424,104,0
13425,108,0
13426,100,0
13427,108,0
13428,104,0
13429,108,0
13430,100,0
13431,108,0
13432,104,0
13433,108,0
13434,100,0
13435,108,0
13436,104,0
13437,108,0
13438,100,0
13439,108,0
13440,104,0
13441,108,0
13442,100,0
13443,108,0
13444,100,0
13445,108,0
13446,100,0
13447,108,0
13448,100,0
13449,112,0
13450,104,0
13451,112,0
13452,104,0
13453,112,0
13454,104,0
13455,112,0
13456,104,0
13457,108,0
13458,100,0
13459,108,0
13460,100,0
13461,108,0
13462,100,0
13463,108,0
13464,100,0
13465,108,0
13466,104,0
13467,108,0
13468,104,0
13469,112,0
13470,100,0
13471,112,0
13472,104,0
13473,108,0
13474,104,0
13475,108,0
13476,104,0
13477,108,0
13478,104,0
13479,108,0
13480,104,0
13481,112,0
13482,100,0
13483,112,0
13484,100,0
13485,112,0
13486,100,0
13487,112,0
13488,100,0
13489,112,0
13490,104,0
13491,108,0
13492,104,0
13493,112,0
13494,100,0
13495,112,0
13496,100,0
13497,108,0
13498,104,0
13499,112,0
13500,100,0
13501,112,0
13502,100,0
13503,112,0
13504,100,0
13505,108,0
13506,104,0
13507,108,0
13508,100,0
13509,112,0
13510,100,0
13511,108,0
13512,104,0
13513,112,0
13514,100,0
13515,112,0
13516,100,0
13517,108,0
13518,100,0
13519,108,0
13520,104,0
13521,108,0
13522,100,0
13523,112,0
13524,104,0
13525,108,0
13526,100,0
13527,108,0
13528,104,0
13529,108,0
13530,104,0
13531,112,0
13532,104,0
13533,112,0
13534,104,0
13535,108,0
13536,104,0
13537,112,0
13538,104,0
13539,112,0
13540,104,0
13541,112,0
13542,104,0
13543,108,0
13544,104,0
13545,108,0
13546,100,0
13547,108,0
13548,104,0
13549,108,0
13550,100,0
13551,108,0
13552,104,0
13553,108,0
13554,100,0
13555,108,0
13556,104,0
13557,108,0
13558,100,0
13559,108,0
13560,104,0
13561,108,0
13562,100,0
13563,108,0
13564,104,0
13565,108,0
13566,100,0
13567,108,0
13568,104,0
13569,108,0
13570,100,0
13571,112,0
13572,104,0
13573,108,0
13574,100,0
13575,108,0
13576,100,0
13577,108,0
13578,100,0
13579,112,0
13580,104,0
13581,112,0
13582,104,0
13583,112,0
13584,104,0
13585,112,0
13586,104,0
13587,108,0
13588,100,0
13589,108,0
13590,100,0
13591,108,0
13592,100,0
13593,108,0
13594,100,0
13595,108,0
13596,104,0
13597,108,0
13598,100,0
13599,108,0
13600,104,0
13601,108,0
13602,100,0
13603,108,0
13604,104,0
13605,108,0
13606,100,0
13607,108,0
13608,104,0
13609,108,0
13610,100,0
13611,108,0
13612,104,0
13613,108,0
13614,100,0
13615,108,0
13616,104,0
13617,108,0
13618,100,0
13619,108,0
13620,104,0
13621,108,0
13622,100,0
13623,108,0
13624,100,0
13625,108,0
13626,100,0
13627,108,0
13628,100,0
13629,112,0
13630,104,0
13631,112,0
13632,104,0
13633,112,0
13634,104,0
13635,112,0
13636,104,0
13637,108,0
13638,100,0
13639,108,0
13640,100,0
13641,108,0
13642,100,0
13643,108,0
13644,100,0
13645,108,0
13646,104,0
13647,108,0
13648,100,0
13649,108,0
13650,104,0
13651,108,0
13652,100,0
13653,108,0
13654,104,0
13655,108,0
13656,100,0
13657,108,0
13658,104,0
13659,108,0
13660,100,0
13661,108,0
13662,104,0
13663,108,0
13664,100,0
13665,108,0
13666,104,0
13667,108,0
13668,100,0
13669,108,0
13670,104,0
13671,108,0
13672,100,0
13673,108,0
13674,100,0
13675,108,0
13676,100,0
13677,108,0
13678,100,0
13679,112,0
13680,104,0
13681,112,0
13682,100,0
13683,108,0
13684,100,0
13685,108,0
13686,100,0
13687,112,0
13688,104,0
13689,112,0
13690,104,0
13691,112,0
13692,104,0
13693,108,0
13694,104,0
13695,108,0
13696,100,0
13697,108,0
13698,104,0
13699,108,0
13700,100,0
13701,108,0
13702,104,0
13703,108,0
13704,100,0
13705,108,0
13706,104,0
13707,108,0
13708,100,0
13709,108,0
13710,104,0
13711,108,0
13712,100,0
13713,108,0
13714,104,0
13715,108,0
13716,100,0
13717,108,0
13718,104,0
13719,108,0
13720,100,0
13721,112,0
13722,104,0
13723,112,0
13724,104,0
13725,112,0
13726,104,0
13727,112,0
13728,104,0
13729,108,0
13730,100,0
13731,108,0
13732,100,0
13733,108,0
13734,100,0
13735,108,0
13736,100,0
13737,108,0
13738,100,0
13739,112,0
13740,104,0
13741,112,0
13742,104,0
13743,108,0
13744,104,0
13745,108,0
13746,100,0
13747,108,0
13748,104,0
13749,108,0
13750,100,0
13751,108,0
13752,104,0
13753,108,0
13754,100,0
13755,108,0
13756,104,0
13757,108,0
13758,100,0
13759,108,0
13760,104,0
13761,108,0
13762,100,0
13763,108,0
13764,104,0
13765,108,0
13766,100,0
13767,108,0
13768,104,0
13769,108,0
13770,100,0
13771,112,0
13772,104,0
13773,112,0
13774,104,0
13775,112,0
13776,104,0
13777,112,0
13778,104,0
13779,108,0
13780,100,0
13781,108,0
13782,100,0
13783,108,0
13784,100,0
13785,108,0
13786,100,0
13787,112,0
13788,104,0
13789,112,0
13790,104,0
13791,112,0
13792,104,0
13793,108,0
13794,104,0
13795,108,0
13796,100,0
13797,108,0
13798,104,0
13799,108,0
13800,100,0
13801,108,0
13802,104,0
13803,108,0
13804,100,0
13805,108,0
13806,104,0
13807,112,0
13808,100,0
13809,112,0
13810,100,0
13811,108,0
13812,104,0
13813,108,0
13814,100,0
13815,108,0
13816,104,0
13817,108,0
13818,100,0
13819,108,0
13820,104,0
13821,108,0
13822,100,0
13823,108,0
13824,100,0
13825,108,0
13826,100,0
13827,108,0
13828,100,0
13829,112,0
13830,104,0
13831,112,0
13832,104,0
13833,112,0
13834,104,0
13835,112,0
13836,104,0
13837,108,0
13838,104,0
13839,108,0
13840,100,0
13841,112,0
13842,104,0
13843,108,0
13844,104,0
13845,108,0
13846,104,0
13847,108,0
13848,100,0
13849,108,0
13850,104,0
13851,108,0
13852,104,0
13853,112,0
13854,104,0
13855,108,0
13856,100,0
13857,112,0
13858,104,0
13859,112,0
13860,104,0
13861,108,0
13862,100,0
13863,108,0
13864,104,0
13865,112,0
13866,104,0
13867,108,0
13868,104,0
13869,108,0
13870,100,0
13871,108,0
13872,100,0
13873,108,0
13874,100,0
13875,108,0
13876,100,0
13877,112,0
13878,104,0
13879,112,0
13880,104,0
13881,112,0
13882,104,0
13883,112,0
13884,104,0
13885,108,0
13886,100,0
13887,108,0
13888,104,0
13889,108,0
13890,100,0
13891,108,0
13892,100,0
13893,108,0
13894,100,0
13895,100,0
13896,108,0
13897,108,0
13898,104,0
13899,108,0
13900,104,0
13901,108,0
13902,104,0
13903,112,0
13904,100,0
13905,108,0
13906,100,0
13907,108,0
13908,104,0
13909,108,0
13910,100,0
13911,108,0
13912,104,0
13913,108,0
13914,104,0
13915,108,0
13916,104,0
13917,108,0
13918,100,0
13919,108,0
13920,100,0
13921,108,0
13922,104,0
13923,108,0
13924,100,0
13925,108,0
13926,104,0
13927,108,0
13928,104,0
13929,108,0
13930,100,0
13931,108,0
13932,104,0
13933,108,0
13934,100,0
13935,108,0
13936,104,0
13937,108,0
13938,100,0
13939,108,0
13940,100,0
13941,108,0
13942,104,0
13943,108,0
13944,100,0
13945,108,0
13946,100,0
13947,108,0
13948,104,0
13949,108,0
13950,100,0
13951,108,0
13952,104,0
13953,108,0
13954,100,0
13955,112,0
13956,104,0
13957,108,0
13958,104,0
13959,108,0
13960,104,0
13961,108,0
13962,100,0
13963,108,0
13964,104,0
13965,108,0
13966,100,0
13967,108,0
13968,100,0
13969,108,0
13970,104,0
13971,108,0
13972,100,0
13973,108,0
13974,104,0
13975,108,0
13976,104,0
13977,108,0
13978,104,0
13979,108,0
13980,100,0
13981,108,0
13982,100,0
13983,108,0
13984,104,0
13985,108,0
13986,100,0
13987,108,0
13988,104,0
13989,108,0
13990,104,0
13991,108,0
13992,100,0
13993,108,0
13994,104,0
13995,108,0
13996,100,0
13997,108,0
13998,104,0
13999,108,0
14000,100,0
14001,108,0
14002,100,0
14003,108,0
14004,104,0
14005,108,0
14006,100,0
14007,108,0
14008,100,0
14009,108,0
14010,104,0
14011,108,0
14012,100,0
14013,108,0
14014,104,0
14015,108,0
14016,100,0
14017,112,0
14018,104,0
14019,108,0
14020,104,0
14021,108,0
14022,104,0
14023,112,0
14024,100,0
14025,108,0
14026,100,0
14027,108,0
14028,104,0
14029,108,0
14030,104,0
14031,108,0
14032,100,0
14033,108,0
14034,104,0
14035,108,0
14036,100,0
14037,112,0
14038,100,0
14039,108,0
14040,100,0
14041,108,0
14042,104,0
14043,108,0
14044,104,0
14045,108,0
14046,100,0
14047,108,0
14048,104,0
14049,108,0
14050,100,0
14051,108,0
14052,100,0
14053,108,0
14054,104,0
14055,108,0
14056,100,0
14057,108,0
14058,104,0
14059,108,0
14060,100,0
14061,112,0
14062,104,0
14063,108,0
14064,104,0
14065,108,0
14066,100,0
14067,108,0
14068,104,0
14069,108,0
14070,104,0
14071,108,0
14072,100,0
14073,108,0
14074,104,0
14075,108,0
14076,100,0
14077,108,0
14078,104,0
14079,108,0
14080,100,0
14081,108,0
14082,104,0
14083,108,0
14084,100,0
14085,108,0
14086,104,0
14087,108,0
14088,104,0
14089,108,0
14090,100,0
14091,108,0
14092,104,0
14093,108,0
14094,100,0
14095,108,0
14096,104,0
14097,108,0
14098,100,0
14099,112,0
14100,100,0
14101,108,0
14102,100,0
14103,108,0
14104,104,0
14105,108,0
14106,100,0
14107,108,0
14108,104,0
14109,108,0
14110,104,0
14111,108,0
14112,100,0
14113,108,0
14114,104,0
14115,108,0
14116,100,0
14117,112,0
14118,100,0
14119,108,0
14120,100,0
14121,108,0
14122,104,0
14123,108,0
14124,104,0
14125,108,0
14126,100,0
14127,108,0
14128,104,0
14129,108,0
14130,100,0
14131,108,0
14132,100,0
14133,108,0
14134,100,0
14135,108,0
14136,104,0
14137,108,0
14138,100,0
14139,108,0
14140,104,0
14141,108,0
14142,100,0
14143,108,0
14144,100,0
14145,108,0
14146,104,0
14147,108,0
14148,104,0
14149,108,0
14150,104,0
14151,108,0
14152,104,0
14153,108,0
14154,100,0
14155,108,0
14156,104,0
14157,108,0
14158,100,0
14159,112,0
14160,104,0
14161,108,0
14162,104,0
14163,108,0
14164,104,0
14165,108,0
14166,100,0
14167,108,0
14168,104,0
14169,108,0
14170,100,0
14171,108,0
14172,100,0
14173,108,0
14174,104,0
14175,108,0
14176,100,0
14177,108,0
14178,104,0
14179,108,0
14180,104,0
14181,112,0
14182,100,0
14183,108,0
14184,100,0
14185,112,0
14186,104,0
14187,112,0
14188,104,0
14189,112,0
14190,100,0
14191,112,0
14192,104,0
14193,108,0
14194,104,0
14195,108,0
14196,104,0
14197,108,0
14198,100,0
14199,112,0
14200,104,0
14201,108,0
14202,104,0
14203,112,0
14204,104,0
14205,108,0
14206,100,0
14207,108,0
14208,104,0
14209,108,0
14210,100,0
14211,108,0
14212,100,0
14213,108,0
14214,104,0
14215,108,0
14216,100,0
14217,108,0
14218,104,0
14219,108,0
14220,100,0
14221,112,0
14222,104,0
14223,108,0
14224,104,0
14225,108,0
14226,104,0
14227,108,0
14228,100,0
14229,108,0
14230,104,0
14231,108,0
14232,100,0
14233,108,0
14234,100,0
14235,108,0
14236,104,0
14237,108,0
14238,100,0
14239,108,0
14240,104,0
14241,108,0
14242,104,0
14243,108,0
14244,104,0
14245,108,0
14246,100,0
14247,108,0
14248,100,0
14249,108,0
14250,104,0
14251,108,0
14252,100,0
14253,108,0
14254,104,0
14255,108,0
14256,104,0
14257,108,0
14258,100,0
14259,108,0
14260,100,0
14261,108,0
14262,104,0
14263,108,0
14264,100,0
14265,112,0
14266,104,0
14267,108,0
14268,104,0
14269,108,0
14270,100,0
14271,108,0
14272,104,0
14273,108,0
14274,104,0
14275,108,0
14276,100,0
14277,108,0
14278,100,0
14279,112,0
14280,100,0
14281,108,0
14282,100,0
14283,108,0
14284,104,0
14285,108,0
14286,100,0
14287,108,0
14288,104,0
14289,108,0
14290,104,0
14291,108,0
14292,100,0
14293,108,0
14294,104,0
14295,108,0
14296,100,0
14297,112,0
14298,100,0
14299,108,0
14300,100,0
14301,108,0
14302,104,0
14303,108,0
14304,104,0
14305,108,0
14306,100,0
14307,108,0
14308,104,0
14309,108,0
14310,100,0
14311,108,0
14312,100,0
14313,108,0
14314,104,0
14315,108,0
14316,100,0
14317,108,0
14318,104,0
14319,108,0
14320,100,0
14321,112,0
14322,104,0
14323,108,0
14324,104,0
14325,108,0
14326,100,0
14327,108,0
14328,104,0
14329,108,0
14330,104,0
14331,108,0
14332,100,0
14333,108,0
14334,104,0
14335,108,0
14336,100,0
14337,108,0
14338,104,0
14339,108,0
14340,100,0
14341,112,0
14342,100,0
14343,108,0
14344,100,0
14345,108,0
14346,104,0
14347,108,0
14348,100,0
14349,108,0
14350,104,0
14351,108,0
14352,104,0
14353,108,0
14354,100,0
14355,108,0
14356,104,0
14357,108,0
14358,100,0
14359,112,0
14360,100,0
14361,108,0
14362,100,0
14363,108,0
14364,104,0
14365,108,0
14366,104,0
14367,108,0
14368,100,0
14369,108,0
14370,104,0
14371,108,0
14372,100,0
14373,108,0
14374,100,0
14375,108,0
14376,104,0
14377,108,0
14378,100,0
14379,108,0
14380,104,0
14381,108,0
14382,100,0
14383,112,0
14384,104,0
14385,108,0
14386,104,0
14387,108,0
14388,100,0
14389,108,0
14390,104,0
14391,108,0
14392,104,0
14393,108,0
14394,100,0
14395,108,0
14396,104,0
14397,108,0
14398,100,0
14399,108,0
14400,104,0
14401,108,0
14402,100,0
14403,112,0
14404,100,0
14405,108,0
14406,100,0
14407,108,0
14408,104,0
14409,108,0
14410,100,0
14411,108,0
14412,104,0
14413,108,0
14414,104,0
14415,108,0
14416,100,0
14417,108,0
14418,104,0
14419,108,0
14420,100,0
14421,112,0
14422,100,0
14423,108,0
14424,100,0
14425,108,0
14426,104,0
14427,108,0
14428,104,0
14429,108,0
14430,100,0
14431,108,0
14432,104,0
14433,108,0
14434,100,0
14435,108,0
14436,100,0
14437,108,0
14438,100,0
14439,108,0
14440,104,0
14441,108,0
14442,100,0
14443,108,0
14444,104,0
14445,108,0
14446,100,0
14447,108,0
14448,100,0
14449,108,0
14450,104,0
14451,108,0
14452,100,0
14453,108,0
14454,100,0
14455,108,0
14456,104,0
14457,108,0
14458,100,0
14459,108,0
14460,104,0
14461,108,0
14462,100,0
14463,112,0
14464,104,0
14465,108,0
14466,104,0
14467,108,0
14468,104,0
14469,108,0
14470,100,0
14471,108,0
14472,104,0
14473,108,0
14474,100,0
14475,108,0
14476,100,0
14477,108,0
14478,104,0
14479,108,0
14480,100,0
14481,108,0
14482,104,0
14483,108,0
14484,104,0
14485,108,0
14486,104,0
14487,108,0
14488,100,0
14489,108,0
14490,104,0
14491,108,0
14492,100,0
14493,108,0
14494,100,0
14495,108,0
14496,104,0
14497,108,0
14498,104,0
14499,108,0
14500,100,0
14501,108,0
14502,104,0
14503,108,0
14504,100,0
14505,108,0
14506,104,0
14507,108,0
14508,100,0
14509,108,0
14510,100,0
14511,108,0
14512,104,0
14513,108,0
14514,100,0
14515,108,0
14516,100,0
14517,108,0
14518,104,0
14519,112,0
14520,104,0
14521,108,0
14522,100,0
14523,108,0
14524,100,0
14525,108,0
14526,104,0
14527,112,0
14528,100,0
14529,108,0
14530,104,0
14531,108,0
14532,100,0
14533,108,0
14534,100,0
14535,108,0
14536,104,0
14537,108,0
14538,100,0
14539,108,0
14540,100,0
14541,108,0
14542,100,0
14543,108,0
14544,104,0
14545,108,0
14546,104,0
14547,108,0
14548,100,0
14549,112,0
14550,104,0
14551,108,0
14552,100,0
14553,112,0
14554,104,0
14555,108,0
14556,100,0
14557,108,0
14558,104,0
14559,108,0
14560,100,0
14561,108,0
14562,104,0
14563,108,0
14564,100,0
14565,112,0
14566,104,0
14567,108,0
14568,104,0
14569,108,0
14570,100,0
14571,108,0
14572,104,0
14573,108,0
14574,104,0
14575,108,0
14576,104,0
14577,104,0
14578,108,0
14579,104,0
14580,108,0
14581,100,0
14582,108,0
14583,100,0
14584,112,0
14585,100,0
14586,112,0
14587,100,0
14588,112,0
14589,100,0
14590,112,0
14591,100,0
14592,112,0
14593,100,0
14594,112,0
14595,100,0
14596,112,0
14597,100,0
14598,112,0
14599,104,0
14600,108,0
14601,104,0
14602,108,0
14603,104,0
14604,108,0
14605,104,0
14606,108,0
14607,104,0
14608,108,0
14609,104,0
14610,108,0
14611,104,0
14612,108,0
14613,104,0
14614,108,0
14615,104,0
14616,108,0
14617,104,0
14618,108,0
14619,100,0
14620,112,0
14621,100,0
14622,112,0
14623,100,0
14624,112,0
14625,100,0
14626,112,0
14627,100,0
14628,112,0
14629,100,0
14630,112,0
14631,100,0
14632,112,0
14633,100,0
14634,112,0
14635,100,0
14636,112,0
14637,100,0
14638,112,0
14639,100,0
14640,112,0
14641,100,0
14642,112,0
14643,100,0
14644,112,0
14645,100,0
14646,112,0
14647,100,0
14648,112,0
14649,100,0
14650,112,0
14651,100,0
14652,112,0
14653,100,0
14654,112,0
14655,100,0
14656,112,0
14657,100,0
14658,112,0
14659,100,0
14660,112,0
14661,100,0
14662,112,0
14663,100,0
14664,112,0
14665,104,0
14666,112,0
14667,104,0
14668,108,0
14669,100,0
14670,112,0
14671,100,0
14672,112,0
14673,104,0
14674,108,0
14675,100,0
14676,112,0
14677,104,0
14678,108,0
14679,100,0
14680,112,0
14681,104,0
14682,108,0
14683,104,0
14684,108,0
14685,100,0
14686,112,0
14687,104,0
14688,108,0
14689,100,0
14690,112,0
14691,104,0
14692,108,0
14693,100,0
14694,112,0
14695,104,0
14696,108,0
14697,100,0
14698,112,0
14699,104,0
14700,108,0
14701,104,0
14702,108,0
14703,104,0
14704,108,0
14705,100,0
14706,108,0
14707,100,0
14708,108,0
14709,104,0
14710,108,0
14711,104,0
14712,108,0
14713,100,0
14714,112,0
14715,100,0
14716,108,0
14717,104,0
14718,108,0
14719,100,0
14720,112,0
14721,100,0
14722,108,0
14723,104,0
14724,108,0
14725,104,0
14726,108,0
14727,104,0
14728,108,0
14729,100,0
14730,112,0
14731,100,0
14732,108,0
14733,104,0
14734,108,0
14735,104,0
14736,112,0
14737,104,0
14738,108,0
14739,100,0
14740,112,0
14741,104,0
14742,108,0
14743,100,0
14744,112,0
14745,100,0
14746,112,0
14747,104,0
14748,108,0
14749,100,0
14750,112,0
14751,104,0
14752,108,0
14753,100,0
14754,112,0
14755,104,0
14756,108,0
14757,100,0
14758,112,0
14759,104,0
14760,108,0
14761,100,0
14762,112,0
14763,100,0
14764,112,0
14765,104,0
14766,108,0
14767,100,0
14768,112,0
14769,104,0
14770,108,0
14771,100,0
14772,112,0
14773,104,0
14774,108,0
14775,100,0
14776,112,0
14777,104,0
14778,108,0
14779,100,0
14780,112,0
14781,100,0
14782,112,0
14783,104,0
14784,108,0
14785,100,0
14786,112,0
14787,104,0
14788,108,0
14789,100,0
14790,112,0
14791,104,0
14792,108,0
14793,100,0
14794,112,0
14795,104,0
14796,108,0
14797,100,0
14798,112,0
14799,100,0
14800,112,0
14801,104,0
14802,108,0
14803,100,0
14804,112,0
14805,104,0
14806,108,0
14807,100,0
14808,112,0
14809,104,0
14810,108,0
14811,100,0
14812,112,0
14813,104,0
14814,108,0
14815,104,0
14816,108,0
14817,104,0
14818,108,0
14819,100,0
14820,112,0
14821,104,0
14822,108,0
14823,100,0
14824,112,0
14825,104,0
14826,108,0
14827,100,0
14828,112,0
14829,104,0
14830,108,0
14831,104,0
14832,108,0
14833,100,0
14834,108,0
14835,104,0
14836,108,0
14837,100,0
14838,112,0
14839,104,0
14840,108,0
14841,100,0
14842,112,0
14843,104,0
14844,108,0
14845,100,0
14846,112,0
14847,104,0
14848,108,0
14849,100,0
14850,112,0
14851,104,0
14852,108,0
14853,104,0
14854,108,0
14855,100,0
14856,112,0
14857,104,0
14858,108,0
14859,100,0
14860,112,0
14861,104,0
14862,108,0
14863,104,0
14864,108,0
14865,100,0
14866,108,0
14867,104,0
14868,108,0
14869,100,0
14870,108,0
14871,104,0
14872,108,0
14873,100,0
14874,108,0
14875,100,0
14876,108,0
14877,104,0
14878,112,0
14879,104,0
14880,108,0
14881,104,0
14882,112,0
14883,100,0
14884,108,0
14885,104,0
14886,108,0
14887,104,0
14888,108,0
14889,104,0
14890,108,0
14891,104,0
14892,108,0
14893,104,0
14894,108,0
14895,104,0
14896,108,0
14897,100,0
14898,112,0
14899,104,0
14900,108,0
14901,100,0
14902,112,0
14903,104,0
14904,108,0
14905,100,0
14906,112,0
14907,104,0
14908,108,0
14909,100,0
14910,112,0
14911,100,0
14912,112,0
14913,100,0
14914,112,0
14915,104,0
14916,108,0
14917,100,0
14918,112,0
14919,104,0
14920,108,0
14921,100,0
14922,112,0
14923,104,0
14924,108,0
14925,100,0
14926,112,0
14927,104,0
14928,108,0
14929,100,0
14930,112,0
14931,100,0
14932,112,0
14933,104,0
14934,108,0
14935,100,0
14936,112,0
14937,100,0
14938,112,0
14939,104,0
14940,108,0
14941,100,0
14942,112,0
14943,104,0
14944,108,0
14945,100,0
14946,112,0
14947,104,0
14948,108,0
14949,104,0
14950,108,0
14951,100,0
14952,112,0
14953,104,0
14954,108,0
14955,100,0
14956,112,0
14957,104,0
14958,108,0
14959,100,0
14960,112,0
14961,104,0
14962,108,0
14963,100,0
14964,112,0
14965,104,0
14966,108,0
14967,104,0
14968,108,0
14969,100,0
14970,112,0
14971,104,0
14972,108,0
14973,100,0
14974,112,0
14975,104,0
14976,108,0
14977,100,0
14978,112,0
14979,104,0
14980,108,0
14981,100,0
14982,112,0
14983,104,0
14984,108,0
14985,104,0
14986,108,0
14987,100,0
14988,112,0
14989,104,0
14990,108,0
14991,100,0
14992,112,0
14993,104,0
14994,108,0
14995,100,0
14996,112,0
14997,104,0
14998,108,0
14999,100,0
15000,112,0
15001,104,0
15002,108,0
15003,104,0
15004,108,0
15005,100,0
15006,112,0
15007,104,0
15008,108,0
15009,100,0
15010,112,0
15011,104,0
15012,108,0
15013,100,0
15014,112,0
15015,104,0
15016,108,0
15017,100,0
15018,112,0
15019,104,0
15020,108,0
15021,104,0
15022,108,0
15023,100,0
15024,112,0
15025,104,0
15026,108,0
15027,100,0
15028,112,0
15029,104,0
15030,108,0
15031,100,0
15032,112,0
15033,104,0
15034,108,0
15035,100,0
15036,112,0
15037,104,0
15038,108,0
15039,104,0
15040,108,0
15041,100,0
15042,112,0
15043,104,0
15044,108,0
15045,100,0
15046,112,0
15047,100,0
15048,108,0
15049,104,0
15050,108,0
15051,104,0
15052,108,0
15053,100,0
15054,112,0
15055,100,0
15056,108,0
15057,104,0
15058,108,0
15059,104,0
15060,108,0
15061,100,0
15062,112,0
15063,100,0
15064,108,0
15065,104,0
15066,108,0
15067,100,0
15068,112,0
15069,100,0
15070,108,0
15071,104,0
15072,108,0
15073,104,0
15074,108,0
15075,100,0
15076,112,0
15077,104,0
15078,108,0
15079,100,0
15080,112,0
15081,104,0
15082,108,0
15083,100,0
15084,112,0
15085,104,0
15086,108,0
15087,100,0
15088,112,0
15089,104,0
15090,108,0
15091,104,0
15092,108,0
15093,100,0
15094,112,0
15095,104,0
15096,108,0
15097,100,0
15098,112,0
15099,104,0
15100,108,0
15101,100,0
15102,112,0
15103,104,0
15104,108,0
15105,100,0
15106,112,0
15107,104,0
15108,108,0
15109,104,0
15110,108,0
15111,100,0
15112,112,0
15113,104,0
15114,108,0
15115,100,0
15116,112,0
15117,104,0
15118,108,0
15119,104,0
15120,108,0
15121,100,0
15122,112,0
15123,104,0
15124,108,0
15125,100,0
15126,112,0
15127,100,0
15128,112,0
15129,104,0
15130,108,0
15131,100,0
15132,112,0
15133,104,0
15134,108,0
15135,100,0
15136,112,0
15137,104,0
15138,108,0
15139,100,0
15140,112,0
15141,104,0
15142,108,0
15143,100,0
15144,112,0
15145,100,0
15146,112,0
15147,104,0
15148,108,0
15149,100,0
15150,112,0
15151,104,0
15152,108,0
15153,104,0
15154,108,0
15155,104,0
15156,112,0
15157,104,0
15158,108,0
15159,100,0
15160,108,0
15161,104,0
15162,108,0
15163,104,0
15164,112,0
15165,104,0
15166,108,0
15167,100,0
15168,108,0
15169,104,0
15170,108,0
15171,100,0
15172,108,0
15173,100,0
15174,108,0
15175,104,0
15176,112,0
15177,104,0
15178,108,0
15179,100,0
15180,108,0
15181,104,0
15182,108,0
15183,104,0
15184,108,0
15185,100,0
15186,108,0
15187,104,0
15188,108,0
15189,100,0
15190,108,0
15191,100,0
15192,108,0
15193,104,0
15194,108,0
15195,100,0
15196,108,0
15197,104,0
15198,108,0
15199,100,0
15200,108,0
15201,100,0
15202,108,0
15203,104,0
15204,108,0
15205,104,0
15206,104,0
15207,100,0
15208,112,0
15209,100,0
15210,108,0
15211,100,0
15212,108,0
15213,104,0
15214,108,0
15215,100,0
15216,108,0
15217,100,0
15218,112,0
15219,104,0
15220,112,0
15221,100,0
15222,108,0
15223,104,0
15224,108,0
15225,104,0
15226,108,0
15227,104,0
15228,108,0
15229,104,0
15230,112,0
15231,100,0
15232,108,0
15233,104,0
15234,112,0
15235,104,0
15236,108,0
15237,104,0
15238,108,0
15239,100,0
15240,108,0
15241,104,0
15242,108,0
15243,100,0
15244,108,0
15245,104,0
15246,108,0
15247,104,0
15248,108,0
15249,100,0
15250,108,0
15251,104,0
15252,112,0
15253,100,0
15254,112,0
15255,104,0
15256,108,0
15257,100,0
15258,108,0
15259,108,0
15260,108,0
15261,100,0
15262,108,0
15263,100,0
15264,104,0
15265,100,0
15266,108,0
15267,100,0
15268,108,0
15269,100,0
15270,108,0
15271,100,0
15272,108,0
15273,100,0
15274,108,0
15275,100,0
15276,108,0
15277,104,0
15278,112,0
15279,100,0
15280,108,0
15281,100,0
15282,112,0
15283,100,0
15284,108,0
15285,100,0
15286,108,0
15287,100,0
15288,108,0
15289,100,0
15290,108,0
15291,104,0
15292,108,0
15293,100,0
15294,108,0
15295,104,0
15296,108,0
15297,100,0
15298,108,0
15299,104,0
15300,108,0
15301,100,0
15302,108,0
15303,100,0
15304,108,0
15305,104,0
15306,108,0
15307,100,0
15308,108,0
15309,104,0
15310,108,0
15311,100,0
15312,112,0
15313,104,0
15314,108,0
15315,104,0
15316,108,0
15317,104,0
15318,108,0
15319,100,0
15320,108,0
15321,104,0
15322,108,0
15323,100,0
15324,108,0
15325,100,0
15326,108,0
15327,104,0
15328,108,0
15329,100,0
15330,108,0
15331,104,0
15332,108,0
15333,104,0
15334,108,0
15335,104,0
15336,108,0
15337,100,0
15338,108,0
15339,100,0
15340,108,0
15341,104,0
15342,108,0
15343,100,0
15344,108,0
15345,104,0
15346,108,0
15347,104,0
15348,108,0
15349,100,0
15350,108,0
15351,104,0
15352,108,0
15353,100,0
15354,108,0
15355,104,0
15356,108,0
15357,100,0
15358,108,0
15359,100,0
15360,108,0
15361,104,0
15362,108,0
15363,100,0
15364,108,0
15365,100,0
15366,108,0
15367,104,0
15368,108,0
15369,100,0
15370,108,0
15371,104,0
15372,108,0
15373,100,0
15374,112,0
15375,104,0
15376,108,0
15377,104,0
15378,108,0
15379,104,0
15380,108,0
15381,100,0
15382,108,0
15383,104,0
15384,108,0
15385,100,0
15386,108,0
15387,100,0
15388,108,0
15389,104,0
15390,108,0
15391,100,0
15392,108,0
15393,104,0
15394,108,0
15395,104,0
15396,112,0
15397,100,0
15398,108,0
15399,100,0
15400,108,0
15401,100,0
15402,108,0
15403,104,0
15404,108,0
15405,100,0
15406,108,0
15407,104,0
15408,108,0
15409,104,0
15410,108,0
15411,100,0
15412,108,0
15413,104,0
15414,108,0
15415,100,0
15416,108,0
15417,104,0
15418,108,0
15419,100,0
15420,108,0
15421,100,0
15422,108,0
15423,104,0
15424,108,0
15425,100,0
15426,108,0
15427,100,0
15428,108,0
15429,104,0
15430,108,0
15431,100,0
15432,108,0
15433,104,0
15434,108,0
15435,100,0
15436,112,0
15437,104,0
15438,108,0
15439,100,0
15440,108,0
15441,100,0
15442,108,0
15443,104,0
15444,108,0
15445,100,0
15446,108,0
15447,104,0
15448,108,0
15449,104,0
15450,108,0
15451,100,0
15452,108,0
15453,104,0
15454,108,0
15455,100,0
15456,112,0
15457,100,0
15458,108,0
15459,100,0
15460,112,0
15461,100,0
15462,108,0
15463,100,0
15464,108,0
15465,100,0
15466,108,0
15467,104,0
15468,108,0
15469,100,0
15470,108,0
15471,104,0
15472,108,0
15473,104,0
15474,108,0
15475,100,0
15476,108,0
15477,104,0
15478,108,0
15479,100,0
15480,108,0
15481,104,0
15482,108,0
15483,100,0
15484,108,0
15485,100,0
15486,108,0
15487,104,0
15488,108,0
15489,100,0
15490,108,0
15491,100,0
15492,108,0
15493,104,0
15494,108,0
15495,100,0
15496,108,0
15497,104,0
15498,108,0
15499,100,0
15500,112,0
15501,104,0
15502,108,0
15503,104,0
15504,108,0
15505,104,0
15506,108,0
15507,100,0
15508,108,0
15509,104,0
15510,108,0
15511,100,0
15512,108,0
15513,100,0
15514,108,0
15515,104,0
15516,108,0
15517,100,0
15518,108,0
15519,104,0
15520,108,0
15521,104,0
15522,108,0
15523,104,0
15524,108,0
15525,100,0
15526,108,0
15527,100,0
15528,108,0
15529,104,0
15530,108,0
15531,100,0
15532,108,0
15533,104,0
15534,108,0
15535,104,0
15536,108,0
15537,100,0
15538,108,0
15539,104,0
15540,108,0
15541,100,0
15542,108,0
15543,104,0
15544,108,0
15545,100,0
15546,108,0
15547,104,0
15548,108,0
15549,100,0
15550,108,0
15551,104,0
15552,112,0
15553,100,0
15554,112,0
15555,104,0
15556,108,0
15557,100,0
15558,108,0
15559,104,0
15560,108,0
15561,100,0
15562,112,0
15563,100,0
15564,108,0
15565,100,0
15566,108,0
15567,104,0
15568,108,0
15569,104,0
15570,108,0
15571,100,0
15572,108,0
15573,100,0
15574,112,0
15575,104,0
15576,108,0
15577,100,0
15578,108,0
15579,100,0
15580,108,0
15581,104,0
15582,108,0
15583,100,0
15584,108,0
15585,104,0
15586,108,0
15587,104,0
15588,108,0
15589,100,0
15590,108,0
15591,104,0
15592,108,0
15593,100,0
15594,108,0
15595,104,0
15596,108,0
15597,100,0
15598,108,0
15599,100,0
15600,108,0
15601,104,0
15602,108,0
15603,100,0
15604,108,0
15605,100,0
15606,108,0
15607,104,0
15608,108,0
15609,100,0
15610,108,0
15611,104,0
15612,108,0
15613,100,0
15614,112,0
15615,104,0
15616,108,0
15617,104,0
15618,108,0
15619,104,0
15620,108,0
15621,104,0
15622,108,0
15623,100,0
15624,108,0
15625,104,0
15626,108,0
15627,104,0
15628,108,0
15629,100,0
15630,108,0
15631,104,0
15632,108,0
15633,100,0
15634,112,0
15635,100,0
15636,108,0
15637,100,0
15638,108,0
15639,104,0
15640,108,0
15641,100,0
15642,108,0
15643,104,0
15644,108,0
15645,104,0
15646,108,0
15647,100,0
15648,108,0
15649,104,0
15650,108,0
15651,104,0
15652,108,0
15653,100,0
15654,108,0
15655,104,0
15656,108,0
15657,100,0
15658,108,0
15659,104,0
15660,108,0
15661,100,0
15662,108,0
15663,100,0
15664,108,0
15665,104,0
15666,108,0
15667,100,0
15668,108,0
15669,100,0
15670,108,0
15671,104,0
15672,108,0
15673,100,0
15674,108,0
15675,104,0
15676,108,0
15677,100,0
15678,112,0
15679,104,0
15680,108,0
15681,104,0
15682,108,0
15683,104,0
15684,108,0
15685,100,0
15686,108,0
15687,104,0
15688,108,0
15689,100,0
15690,108,0
15691,100,0
15692,108,0
15693,104,0
15694,108,0
15695,100,0
15696,108,0
15697,104,0
15698,108,0
15699,104,0
15700,108,0
15701,104,0
15702,108,0
15703,100,0
15704,108,0
15705,100,0
15706,108,0
15707,104,0
15708,108,0
15709,100,0
15710,108,0
15711,104,0
15712,108,0
15713,104,0
15714,108,0
15715,100,0
15716,108,0
15717,104,0
15718,108,0
15719,100,0
15720,108,0
15721,104,0
15722,108,0
15723,100,0
15724,108,0
15725,100,0
15726,108,0
15727,104,0
15728,108,0
15729,100,0
15730,108,0
15731,100,0
15732,108,0
15733,104,0
15734,108,0
15735,100,0
15736,108,0
15737,104,0
15738,108,0
15739,100,0
15740,112,0
15741,104,0
15742,108,0
15743,104,0
15744,108,0
15745,104,0
15746,108,0
15747,100,0
15748,108,0
15749,104,0
15750,108,0
15751,100,0
15752,108,0
15753,100,0
15754,108,0
15755,104,0
15756,108,0
15757,100,0
15758,108,0
15759,104,0
15760,108,0
15761,104,0
15762,108,0
15763,104,0
15764,108,0
15765,100,0
15766,108,0
15767,100,0
15768,108,0
15769,104,0
15770,108,0
15771,100,0
15772,108,0
15773,104,0
15774,108,0
15775,104,0
15776,108,0
15777,100,0
15778,108,0
15779,104,0
15780,108,0
15781,100,0
15782,108,0
15783,104,0
15784,108,0
15785,100,0
15786,108,0
15787,100,0
15788,108,0
15789,104,0
15790,108,0
15791,100,0
15792,108,0
15793,100,0
15794,108,0
15795,104,0
15796,108,0
15797,100,0
15798,108,0
15799,104,0
15800,108,0
15801,100,0
15802,112,0
15803,104,0
15804,108,0
15805,104,0
15806,108,0
15807,104,0
15808,108,0
15809,100,0
15810,108,0
15811,104,0
15812,108,0
15813,100,0
15814,108,0
15815,100,0
15816,108,0
15817,104,0
15818,108,0
15819,100,0
15820,108,0
15821,104,0
15822,108,0
15823,104,0
15824,108,0
15825,104,0
15826,108,0
15827,100,0
15828,108,0
15829,100,0
15830,108,0
15831,104,0
15832,108,0
15833,100,0
15834,108,0
15835,104,0
15836,108,0
15837,104,0
15838,108,0
15839,100,0
15840,108,0
15841,104,0
15842,108,0
15843,100,0
15844,108,0
15845,104,0
15846,108,0
15847,100,0
15848,108,0
15849,100,0
15850,108,0
15851,104,0
15852,108,0
15853,100,0
15854,108,0
15855,100,0
15856,108,0
15857,104,0
15858,108,0
15859,104,0
15860,108,0
15861,100,0
15862,108,0
15863,104,0
15864,108,0
15865,100,0
15866,112,0
15867,100,0
15868,108,0
15869,100,0
15870,108,0
15871,104,0
15872,108,0
15873,100,0
15874,108,0
15875,104,0
15876,108,0
15877,104,0
15878,108,0
15879,100,0
15880,108,0
15881,104,0
15882,108,0
15883,100,0
15884,112,0
15885,100,0
15886,108,0
15887,104,0
15888,108,0
15889,104,0
15890,108,0
15891,104,0
15892,112,0
15893,104,0
15894,112,0
15895,104,0
15896,112,0
15897,104,0
15898,108,0
15899,104,0
15900,108,0
15901,104,0
15902,112,0
15903,104,0
15904,108,0
15905,104,0
15906,108,0
15907,100,0
15908,108,0
15909,104,0
15910,108,0
15911,104,0
15912,108,0
15913,100,0
15914,108,0
15915,104,0
15916,108,0
15917,100,0
15918,108,0
15919,104,0
15920,108,0
15921,100,0
15922,108,0
15923,104,0
15924,108,0
15925,100,0
15926,108,0
15927,100,0
15928,108,0
15929,104,0
15930,108,0
15931,100,0
15932,108,0
15933,104,0
15934,108,0
15935,100,0
15936,112,0
15937,104,0
15938,108,0
15939,104,0
15940,108,0
15941,104,0
15942,108,0
15943,108,0
15944,108,0
15945,100,0
15946,108,0
15947,104,0
15948,112,0
15949,100,0
15950,112,0
15951,100,0
15952,112,0
15953,100,0
15954,112,0
15955,100,0
15956,112,0
15957,100,0
15958,112,0
15959,100,0
15960,112,0
15961,100,0
15962,112,0
15963,100,0
15964,112,0
15965,100,0
15966,112,0
15967,100,0
15968,112,0
15969,100,0
15970,112,0
15971,100,0
15972,112,0
15973,100,0
15974,112,0
15975,100,0
15976,112,0
15977,100,0
15978,112,0
15979,100,0
15980,112,0
15981,100,0
15982,112,0
15983,100,0
15984,112,0
15985,100,0
15986,112,0
15987,100,0
15988,112,0
15989,100,0
15990,112,0
15991,100,0
15992,112,0
15993,100,0
15994,112,0
15995,100,0
15996,112,0
15997,100,0
15998,112,0
15999,100,0
16000,112,0
16001,100,0
16002,112,0
16003,100,0
16004,112,0
16005,100,0
16006,112,0
16007,100,0
16008,112,0
16009,100,0
16010,112,0
16011,100,0
16012,112,0
16013,100,0
16014,112,0
16015,100,0
16016,112,0
16017,100,0
16018,112,0
16019,100,0
16020,112,0
16021,100,0
16022,112,0
16023,100,0
16024,112,0
16025,100,0
16026,112,0
16027,100,0
16028,112,0
16029,100,0
16030,112,0
16031,100,0
16032,112,0
16033,100,0
16034,112,0
16035,100,0
16036,112,0
16037,100,0
16038,112,0
16039,100,0
16040,112,0
16041,100,0
16042,112,0
16043,100,0
16044,112,0
16045,100,0
16046,112,0
16047,100,0
16048,112,0
16049,100,0
16050,112,0
16051,100,0
16052,112,0
16053,100,0
16054,112,0
16055,100,0
16056,112,0
16057,100,0
16058,112,0
16059,100,0
16060,112,0
16061,100,0
16062,112,0
16063,100,0
16064,112,0
16065,100,0
16066,112,0
16067,100,0
16068,112,0
16069,100,0
16070,112,0
16071,100,0
16072,108,0
16073,104,0
16074,108,0
16075,104,0
16076,108,0
16077,104,0
16078,108,0
16079,104,0
16080,108,0
16081,104,0
16082,108,0
16083,104,0
16084,108,0
16085,104,0
16086,108,0
16087,104,0
16088,108,0
16089,104,0
16090,108,0
16091,104,0
16092,108,0
16093,104,0
16094,108,0
16095,104,0
16096,108,0
16097,104,0
16098,108,0
16099,104,0
16100,112,0
16101,100,0
16102,108,0
16103,104,0
16104,112,0
16105,100,0
16106,108,0
16107,104,0
16108,112,0
16109,100,0
16110,108,0
16111,104,0
16112,112,0
16113,100,0
16114,108,0
16115,104,0
16116,112,0
16117,100,0
16118,108,0
16119,104,0
16120,112,0
16121,100,0
16122,108,0
16123,104,0
16124,112,0
16125,100,0
16126,108,0
16127,104,0
16128,108,0
16129,100,0
16130,108,0
16131,100,0
16132,108,0
16133,100,0
16134,108,0
16135,100,0
16136,108,0
16137,100,0
16138,108,0
16139,100,0
16140,108,0
16141,100,0
16142,108,0
16143,100,0
16144,108,0
16145,100,0
16146,108,0
16147,100,0
16148,108,0
16149,100,0
16150,108,0
16151,100,0
16152,108,0
16153,100,0
16154,112,0
16155,100,0
16156,108,0
16157,104,0
16158,112,0
16159,100,0
16160,108,0
16161,104,0
16162,112,0
16163,100,0
16164,108,0
16165,104,0
16166,112,0
16167,100,0
16168,108,0
16169,104,0
16170,112,0
16171,100,0
16172,108,0
16173,104,0
16174,112,0
16175,100,0
16176,108,0
16177,104,0
16178,112,0
16179,100,0
16180,108,0
16181,104,0
16182,112,0
16183,100,0
16184,108,0
16185,104,0
16186,108,0
16187,100,0
16188,108,0
16189,100,0
16190,108,0
16191,100,0
16192,108,0
16193,100,0
16194,108,0
16195,100,0
16196,108,0
16197,104,0
16198,108,0
16199,104,0
16200,108,0
16201,104,0
16202,108,0
16203,104,0
16204,108,0
16205,104,0
16206,108,0
16207,104,0
16208,108,0
16209,104,0
16210,108,0
16211,104,0
16212,108,0
16213,104,0
16214,112,0
16215,100,0
16216,108,0
16217,104,0
16218,112,0
16219,100,0
16220,108,0
16221,104,0
16222,112,0
16223,100,0
16224,108,0
16225,104,0
16226,108,0
16227,100,0
16228,108,0
16229,100,0
16230,108,0
16231,104,0
16232,112,0
16233,100,0
16234,108,0
16235,104,0
16236,108,0
16237,104,0
16238,112,0
16239,100,0
16240,108,0
16241,104,0
16242,108,0
16243,104,0
16244,108,0
16245,100,0
16246,108,0
16247,104,0
16248,112,0
16249,104,0
16250,108,0
16251,100,0
16252,108,0
16253,100,0
16254,112,0
16255,100,0
16256,108,0
16257,104,0
16258,112,0
16259,104,0
16260,108,0
16261,100,0
16262,108,0
16263,100,0
16264,108,0
16265,100,0
16266,108,0
16267,100,0
16268,112,0
16269,100,0
16270,108,0
16271,104,0
16272,112,0
16273,100,0
16274,108,0
16275,104,0
16276,112,0
16277,100,0
16278,108,0
16279,104,0
16280,112,0
16281,100,0
16282,108,0
16283,104,0
16284,112,0
16285,100,0
16286,108,0
16287,104,0
16288,112,0
16289,100,0
16290,108,0
16291,104,0
16292,112,0
16293,100,0
16294,108,0
16295,104,0
16296,112,0
16297,100,0
16298,108,0
16299,104,0
16300,112,0
16301,100,0
16302,108,0
16303,104,0
16304,112,0
16305,100,0
16306,108,0
16307,104,0
16308,112,0
16309,100,0
16310,108,0
16311,104,0
16312,112,0
16313,100,0
16314,108,0
16315,104,0
16316,112,0
16317,100,0
16318,108,0
16319,104,0
16320,112,0
16321,100,0
16322,108,0
16323,104,0
16324,112,0
16325,100,0
16326,112,0
16327,100,0
16328,108,0
16329,104,0
16330,112,0
16331,100,0
16332,108,0
16333,104,0
16334,112,0
16335,100,0
16336,108,0
16337,104,0
16338,112,0
16339,100,0
16340,108,0
16341,104,0
16342,112,0
16343,100,0
16344,108,0
16345,104,0
16346,112,0
16347,100,0
16348,108,0
16349,104,0
16350,112,0
16351,100,0
16352,108,0
16353,104,0
16354,112,0
16355,100,0
16356,108,0
16357,104,0
16358,112,0
16359,100,0
16360,108,0
16361,104,0
16362,112,0
16363,100,0
16364,108,0
16365,104,0
16366,112,0
16367,100,0
16368,108,0
16369,104,0
16370,112,0
16371,100,0
16372,108,0
16373,104,0
16374,112,0
16375,100,0
16376,108,0
16377,104,0
16378,112,0
16379,100,0
16380,108,0
16381,104,0
16382,112,0
16383,100,0
16384,108,0
16385,104,0
16386,112,0
16387,100,0
16388,108,0
16389,104,0
16390,112,0
16391,100,0
16392,108,0
16393,104,0
16394,112,0
16395,100,0
16396,108,0
16397,104,0
16398,112,0
16399,100,0
16400,108,0
16401,104,0
16402,112,0
16403,100,0
16404,108,0
16405,104,0
16406,112,0
16407,100,0
16408,108,0
16409,104,0
16410,112,0
16411,100,0
16412,108,0
16413,104,0
16414,112,0
16415,100,0
16416,108,0
16417,104,0
16418,112,0
16419,100,0
16420,108,0
16421,104,0
16422,112,0
16423,100,0
16424,108,0
16425,104,0
16426,112,0
16427,100,0
16428,108,0
16429,104,0
16430,112,0
16431,100,0
16432,108,0
16433,104,0
16434,112,0
16435,100,0
16436,108,0
16437,104,0
16438,112,0
16439,100,0
16440,108,0
16441,104,0
16442,112,0
16443,100,0
16444,108,0
16445,104,0
16446,112,0
16447,100,0
16448,108,0
16449,104,0
16450,112,0
16451,100,0
16452,108,0
16453,104,0
16454,112,0
16455,100,0
16456,108,0
16457,104,0
16458,112,0
16459,100,0
16460,108,0
16461,104,0
16462,112,0
16463,100,0
16464,108,0
16465,104,0
16466,112,0
16467,100,0
16468,108,0
16469,104,0
16470,112,0
16471,100,0
16472,108,0
16473,104,0
16474,112,0
16475,100,0
16476,108,0
16477,104,0
16478,112,0
16479,100,0
16480,108,0
16481,104,0
16482,112,0
16483,100,0
16484,108,0
16485,104,0
16486,112,0
16487,100,0
16488,108,0
16489,104,0
16490,112,0
16491,100,0
16492,108,0
16493,104,0
16494,112,0
16495,100,0
16496,108,0
16497,104,0
16498,112,0
16499,100,0
16500,108,0
16501,104,0
16502,112,0
16503,100,0
16504,108,0
16505,104,0
16506,112,0
16507,100,0
16508,108,0
16509,104,0
16510,112,0
16511,100,0
16512,108,0
16513,104,0
16514,112,0
16515,100,0
16516,108,0
16517,104,0
16518,112,0
16519,100,0
16520,108,0
16521,104,0
16522,112,0
16523,100,0
16524,108,0
16525,104,0
16526,112,0
16527,100,0
16528,108,0
16529,104,0
16530,112,0
16531,100,0
16532,108,0
16533,104,0
16534,112,0
16535,100,0
16536,108,0
16537,104,0
16538,112,0
16539,100,0
16540,108,0
16541,104,0
16542,112,0
16543,100,0
16544,108,0
16545,104,0
16546,112,0
16547,100,0
16548,108,0
16549,104,0
16550,112,0
16551,100,0
16552,108,0
16553,104,0
16554,112,0
16555,100,0
16556,108,0
16557,104,0
16558,112,0
16559,100,0
16560,108,0
16561,104,0
16562,112,0
16563,100,0
16564,108,0
16565,104,0
16566,112,0
16567,100,0
16568,108,0
16569,100,0
16570,108,0
16571,104,0
16572,108,0
16573,104,0
16574,108,0
16575,104,0
16576,112,0
16577,104,0
16578,108,0
16579,104,0
16580,108,0
16581,104,0
16582,108,0
16583,104,0
16584,108,0
16585,100,0
16586,108,0
16587,104,0
16588,108,0
16589,100,0
16590,108,0
16591,100,0
16592,108,0
16593,104,0
16594,108,0
16595,100,0
16596,100,0
16597,112,0
16598,104,0
16599,112,0
16600,104,0
16601,108,0
16602,100,0
16603,112,0
16604,104,0
16605,108,0
16606,100,0
16607,108,0
16608,104,0
16609,108,0
16610,100,0
16611,112,0
16612,104,0
16613,108,0
16614,100,0
16615,112,0
16616,104,0
16617,108,0
16618,100,0
16619,112,0
16620,104,0
16621,108,0
16622,100,0
16623,112,0
16624,108,0
16625,104,0
16626,108,0
16627,104,0
16628,108,0
16629,104,0
16630,112,0
16631,104,0
16632,112,0
16633,104,0
16634,112,0
16635,104,0
16636,112,0
16637,104,0
16638,112,0
16639,104,0
16640,108,0
16641,100,0
16642,112,0
16643,104,0
16644,112,0
16645,104,0
16646,112,0
16647,100,0
16648,108,0
16649,100,0
16650,108,0
16651,100,0
16652,108,0
16653,100,0
16654,108,0
16655,100,0
16656,108,0
16657,100,0
16658,108,0
16659,100,0
16660,108,0
16661,100,0
16662,108,0
16663,100,0
16664,108,0
16665,100,0
16666,108,0
16667,104,0
16668,112,0
16669,104,0
16670,112,0
16671,104,0
16672,112,0
16673,104,0
16674,112,0
16675,104,0
16676,112,0
16677,104,0
16678,112,0
16679,104,0
16680,112,0
16681,104,0
16682,112,0
16683,104,0
16684,112,0
16685,104,0
16686,112,0
16687,104,0
16688,112,0
16689,104,0
16690,112,0
16691,104,0
16692,112,0
16693,104,0
16694,112,0
16695,104,0
16696,112,0
16697,104,0
16698,112,0
16699,104,0
16700,112,0
16701,104,0
16702,112,0
16703,104,0
16704,112,0
16705,104,0
16706,112,0
16707,104,0
16708,112,0
16709,104,0
16710,112,0
16711,104,0
16712,112,0
16713,104,0
16714,112,0
16715,104,0
16716,112,0
16717,104,0
16718,112,0
16719,104,0
16720,112,0
16721,104,0
16722,112,0
16723,104,0
16724,112,0
16725,104,0
16726,112,0
16727,104,0
16728,112,0
16729,104,0
16730,112,0
16731,104,0
16732,112,0
16733,104,0
16734,112,0
16735,104,0
16736,112,0
16737,104,0
16738,112,0
16739,104,0
16740,112,0
16741,104,0
16742,112,0
16743,104,0
16744,112,0
16745,104,0
16746,112,0
16747,104,0
16748,112,0
16749,104,0
16750,112,0
16751,104,0
16752,112,0
16753,104,0
16754,108,0
16755,104,0
16756,112,0
16757,104,0
16758,112,0
16759,104,0
16760,112,0
16761,104,0
16762,112,0
16763,104,0
16764,112,0
16765,104,0
16766,112,0
16767,104,0
16768,112,0
16769,104,0
16770,112,0
16771,104,0
16772,112,0
16773,104,0
16774,112,0
16775,104,0
16776,112,0
16777,104,0
16778,112,0
16779,104,0
16780,112,0
16781,104,0
16782,112,0
16783,104,0
16784,112,0
16785,104,0
16786,112,0
16787,104,0
16788,112,0
16789,104,0
16790,112,0
16791,104,0
16792,112,0
16793,104,0
16794,112,0
16795,104,0
16796,112,0
16797,104,0
16798,112,0
16799,104,0
16800,112,0
16801,104,0
16802,112,0
16803,104,0
16804,112,0
16805,104,0
16806,112,0
16807,104,0
16808,112,0
16809,104,0
16810,112,0
16811,104,0
16812,112,0
16813,104,0
16814,112,0
16815,104,0
16816,112,0
16817,104,0
16818,112,0
16819,104,0
16820,112,0
16821,104,0
16822,112,0
16823,104,0
16824,112,0
16825,104,0
16826,112,0
16827,104,0
16828,112,0
16829,104,0
16830,112,0
16831,104,0
16832,112,0
16833,104,0
16834,112,0
16835,104,0
16836,112,0
16837,104,0
16838,112,0
16839,104,0
16840,112,0
16841,104,0
16842,108,0
16843,104,0
16844,112,0
16845,104,0
16846,108,0
16847,104,0
16848,112,0
16849,104,0
16850,108,0
16851,104,0
16852,108,0
16853,104,0
16854,112,0
16855,104,0
16856,108,0
16857,104,0
16858,112,0
16859,104,0
16860,108,0
16861,104,0
16862,112,0
16863,104,0
16864,108,0
16865,104,0
16866,112,0
16867,100,0
16868,108,0
16869,100,0
16870,108,0
16871,100,0
16872,108,0
16873,100,0
16874,108,0
16875,100,0
16876,108,0
16877,100,0
16878,108,0
16879,100,0
16880,108,0
16881,100,0
16882,108,0
16883,100,0
16884,108,0
16885,100,0
16886,108,0
16887,100,0
16888,108,0
16889,100,0
16890,108,0
16891,100,0
16892,108,0
16893,100,0
16894,108,0
16895,100,0
16896,108,0
16897,100,0
16898,108,0
16899,100,0
16900,108,0
16901,104,0
16902,112,0
16903,104,0
16904,112,0
16905,104,0
16906,108,0
16907,100,0
16908,112,0
16909,104,0
16910,108,0
16911,100,0
16912,108,0
16913,100,0
16914,108,0
16915,100,0
16916,108,0
16917,104,0
16918,108,0
16919,100,0
16920,112,0
16921,100,0
16922,112,0
16923,100,0
16924,108,0
16925,100,0
16926,108,0
16927,100,0
16928,108,0
16929,100,0
16930,108,0
16931,100,0
16932,108,0
16933,104,0
16934,108,0
16935,104,0
16936,108,0
16937,100,0
16938,108,0
16939,100,0
16940,112,0
16941,104,0
16942,108,0
16943,100,0
16944,112,0
16945,104,0
16946,112,0
16947,104,0
16948,108,0
16949,100,0
16950,108,0
16951,100,0
16952,108,0
16953,100,0
16954,108,0
16955,100,0
16956,108,0
16957,100,0
16958,108,0
16959,100,0
16960,108,0
16961,100,0
16962,108,0
16963,100,0
16964,108,0
16965,100,0
16966,108,0
16967,100,0
16968,108,0
16969,100,0
16970,108,0
16971,100,0
16972,108,0
16973,100,0
16974,108,0
16975,100,0
16976,108,0
16977,100,0
16978,108,0
16979,100,0
16980,108,0
16981,100,0
16982,112,0
16983,104,0
16984,112,0
16985,104,0
16986,108,0
16987,104,0
16988,112,0
16989,104,0
16990,108,0
16991,104,0
16992,112,0
16993,104,0
16994,108,0
16995,104,0
16996,108,0
16997,104,0
16998,112,0
16999,104,0
17000,108,0
17001,104,0
17002,112,0
17003,104,0
17004,108,0
17005,104,0
17006,112,0
17007,104,0
17008,108,0
17009,104,0
17010,112,0
17011,100,0
17012,108,0
17013,100,0
17014,108,0
17015,100,0
17016,108,0
17017,100,0
17018,108,0
17019,100,0
17020,108,0
17021,100,0
17022,108,0
17023,100,0
17024,108,0
17025,100,0
17026,108,0
17027,100,0
17028,108,0
17029,100,0
17030,108,0
17031,100,0
17032,108,0
17033,100,0
17034,108,0
17035,100,0
17036,108,0
17037,100,0
17038,108,0
17039,100,0
17040,108,0
17041,100,0
17042,108,0
17043,100,0
17044,108,0
17045,100,0
17046,108,0
17047,100,0
17048,108,0
17049,100,0
17050,108,0
17051,100,0
17052,108,0
17053,100,0
17054,108,0
17055,100,0
17056,108,0
17057,100,0
17058,108,0
17059,100,0
17060,108,0
17061,100,0
17062,108,0
17063,100,0
17064,108,0
17065,100,0
17066,108,0
17067,100,0
17068,108,0
17069,100,0
17070,108,0
17071,100,0
17072,108,0
17073,100,0
17074,108,0
17075,100,0
17076,108,0
17077,100,0
17078,108,0
17079,100,0
17080,108,0
17081,100,0
17082,108,0
17083,100,0
17084,108,0
17085,100,0
17086,108,0
17087,100,0
17088,108,0
17089,100,0
17090,108,0
17091,100,0
17092,108,0
17093,100,0
17094,108,0
17095,104,0
17096,108,0
17097,104,0
17098,112,0
17099,104,0
17100,108,0
17101,104,0
17102,112,0
17103,104,0
17104,108,0
17105,104,0
17106,108,0
17107,104,0
17108,112,0
17109,104,0
17110,108,0
17111,104,0
17112,112,0
17113,104,0
17114,108,0
17115,104,0
17116,112,0
17117,104,0
17118,108,0
17119,104,0
17120,112,0
17121,100,0
17122,108,0
17123,100,0
17124,108,0
17125,100,0
17126,108,0
17127,100,0
17128,108,0
17129,100,0
17130,108,0
17131,100,0
17132,108,0
17133,100,0
17134,108,0
17135,100,0
17136,108,0
17137,100,0
17138,108,0
17139,100,0
17140,108,0
17141,100,0
17142,108,0
17143,100,0
17144,108,0
17145,100,0
17146,108,0
17147,100,0
17148,108,0
17149,100,0
17150,108,0
17151,100,0
17152,108,0
17153,100,0
17154,108,0
17155,100,0
17156,108,0
17157,100,0
17158,108,0
17159,100,0
17160,108,0
17161,104,0
17162,112,0
17163,104,0
17164,112,0
17165,104,0
17166,112,0
17167,104,0
17168,108,0
17169,104,0
17170,112,0
17171,104,0
17172,108,0
17173,104,0
17174,112,0
17175,104,0
17176,108,0
17177,104,0
17178,108,0
17179,104,0
17180,112,0
17181,104,0
17182,108,0
17183,104,0
17184,112,0
17185,104,0
17186,108,0
17187,104,0
17188,112,0
17189,104,0
17190,108,0
17191,104,0
17192,112,0
17193,100,0
17194,108,0
17195,100,0
17196,108,0
17197,100,0
17198,108,0
17199,100,0
17200,108,0
17201,100,0
17202,108,0
17203,100,0
17204,108,0
17205,100,0
17206,108,0
17207,100,0
17208,108,0
17209,100,0
17210,108,0
17211,100,0
17212,108,0
17213,100,0
17214,108,0
17215,100,0
17216,108,0
17217,100,0
17218,108,0
17219,100,0
17220,112,0
17221,104,0
17222,112,0
17223,104,0
17224,108,0
17225,100,0
17226,108,0
17227,100,0
17228,108,0
17229,100,0
17230,108,0
17231,100,0
17232,108,0
17233,100,0
17234,108,0
17235,100,0
17236,108,0
17237,100,0
17238,108,0
17239,100,0
17240,108,0
17241,100,0
17242,108,0
17243,100,0
17244,108,0
17245,100,0
17246,108,0
17247,100,0
17248,112,0
17249,104,0
17250,112,0
17251,104,0
17252,108,0
17253,104,0
17254,108,0
17255,100,0
17256,108,0
17257,104,0
17258,108,0
17259,100,0
17260,108,0
17261,100,0
17262,108,0
17263,100,0
17264,108,0
17265,100,0
17266,108,0
17267,104,0
17268,108,0
17269,100,0
17270,108,0
17271,100,0
17272,108,0
17273,100,0
17274,112,0
17275,100,0
17276,108,0
17277,104,0
17278,112,0
17279,104,0
17280,108,0
17281,100,0
17282,112,0
17283,104,0
17284,108,0
17285,100,0
17286,112,0
17287,104,0
17288,112,0
17289,104,0
17290,112,0
17291,104,0
17292,112,0
17293,104,0
17294,112,0
17295,104,0
17296,112,0
17297,104,0
17298,112,0
17299,104,0
17300,108,0
17301,100,0
17302,108,0
17303,100,0
17304,108,0
17305,100,0
17306,108,0
17307,100,0
17308,104,0
17309,112,0
17310,104,0
17311,104,0
17312,100,0
17313,108,0
17314,100,0
17315,108,0
17316,100,0
17317,112,0
17318,100,0
17319,112,0
17320,100,0
17321,108,0
17322,104,0
17323,112,0
17324,100,0
17325,108,0
17326,104,0
17327,112,0
17328,100,0
17329,108,0
17330,100,0
17331,108,0
17332,104,0
17333,112,0
17334,100,0
17335,108,0
17336,104,0
17337,112,0
17338,100,0
17339,108,0
17340,104,0
17341,112,0
17342,100,0
17343,108,0
17344,104,0
17345,112,0
17346,100,0
17347,108,0
17348,104,0
17349,112,0
17350,104,0
17351,112,0
17352,100,0
17353,108,0
17354,104,0
17355,112,0
17356,100,0
17357,108,0
17358,104,0
17359,112,0
17360,100,0
17361,108,0
17362,104,0
17363,112,0
17364,100,0
17365,108,0
17366,104,0
17367,112,0
17368,100,0
17369,108,0
17370,104,0
17371,112,0
17372,100,0
17373,108,0
17374,104,0
17375,112,0
17376,100,0
17377,108,0
17378,104,0
17379,112,0
17380,100,0
17381,108,0
17382,104,0
17383,108,0
17384,104,0
17385,108,0
17386,104,0
17387,108,0
17388,104,0
17389,108,0
17390,104,0
17391,108,0
17392,104,0
17393,108,0
17394,104,0
17395,108,0
17396,104,0
17397,108,0
17398,104,0
17399,108,0
17400,104,0
17401,112,0
17402,100,0
17403,108,0
17404,100,0
17405,108,0
17406,100,0
17407,112,0
17408,100,0
17409,108,0
17410,104,0
17411,112,0
17412,100,0
17413,108,0
17414,104,0
17415,112,0
17416,100,0
17417,108,0
17418,104,0
17419,112,0
17420,100,0
17421,108,0
17422,104,0
17423,112,0
17424,100,0
17425,108,0
17426,104,0
17427,112,0
17428,100,0
17429,108,0
17430,104,0
17431,112,0
17432,100,0
17433,108,0
17434,104,0
17435,112,0
17436,100,0
17437,108,0
17438,104,0
17439,112,0
17440,100,0
17441,108,0
17442,104,0
17443,112,0
17444,100,0
17445,108,0
17446,104,0
17447,112,0
17448,100,0
17449,108,0
17450,104,0
17451,112,0
17452,100,0
17453,108,0
17454,104,0
17455,112,0
17456,100,0
17457,108,0
17458,104,0
17459,112,0
17460,100,0
17461,108,0
17462,104,0
17463,112,0
17464,100,0
17465,108,0
17466,104,0
17467,112,0
17468,100,0
17469,108,0
17470,104,0
17471,112,0
17472,100,0
17473,108,0
17474,104,0
17475,112,0
17476,100,0
17477,108,0
17478,104,0
17479,112,0
17480,100,0
17481,108,0
17482,104,0
17483,112,0
17484,100,0
17485,108,0
17486,104,0
17487,112,0
17488,100,0
17489,108,0
17490,104,0
17491,112,0
17492,100,0
17493,108,0
17494,104,0
17495,112,0
17496,100,0
17497,108,0
17498,104,0
17499,112,0
17500,100,0
17501,108,0
17502,104,0
17503,112,0
17504,100,0
17505,108,0
17506,104,0
17507,112,0
17508,100,0
17509,108,0
17510,104,0
17511,108,0
17512,104,0
17513,108,0
17514,104,0
17515,108,0
17516,104,0
17517,108,0
17518,104,0
17519,108,0
17520,104,0
17521,108,0
17522,104,0
17523,108,0
17524,104,0
17525,108,0
17526,104,0
17527,108,0
17528,104,0
17529,108,0
17530,104,0
17531,108,0
17532,104,0
17533,108,0
17534,104,0
17535,108,0
17536,104,0
17537,112,0
17538,100,0
17539,108,0
17540,104,0
17541,112,0
17542,100,0
17543,108,0
17544,104,0
17545,112,0
17546,100,0
17547,108,0
17548,104,0
17549,112,0
17550,100,0
17551,108,0
17552,104,0
17553,112,0
17554,100,0
17555,108,0
17556,104,0
17557,112,0
17558,100,0
17559,108,0
17560,104,0
17561,112,0
17562,100,0
17563,108,0
17564,104,0
17565,112,0
17566,100,0
17567,108,0
17568,104,0
17569,112,0
17570,100,0
17571,108,0
17572,104,0
17573,112,0
17574,100,0
17575,108,0
17576,104,0
17577,112,0
17578,100,0
17579,108,0
17580,104,0
17581,112,0
17582,100,0
17583,108,0
17584,104,0
17585,112,0
17586,100,0
17587,108,0
17588,104,0
17589,112,0
17590,100,0
17591,108,0
17592,104,0
17593,108,0
17594,100,0
17595,108,0
17596,104,0
17597,112,0
17598,100,0
17599,108,0
17600,100,0
17601,108,0
17602,100,0
17603,108,0
17604,100,0
17605,108,0
17606,104,0
17607,108,0
17608,104,0
17609,108,0
17610,100,0
17611,108,0
17612,104,0
17613,108,0
17614,100,0
17615,108,0
17616,100,0
17617,108,0
17618,104,0
17619,108,0
17620,104,0
17621,108,0
17622,104,0
17623,112,0
17624,100,0
17625,108,0
17626,104,0
17627,112,0
17628,100,0
17629,108,0
17630,104,0
17631,112,0
17632,100,0
17633,108,0
17634,104,0
17635,112,0
17636,100,0
17637,108,0
17638,104,0
17639,112,0
17640,100,0
17641,108,0
17642,104,0
17643,112,0
17644,100,0
17645,108,0
17646,104,0
17647,112,0
17648,100,0
17649,108,0
17650,104,0
17651,112,0
17652,100,0
17653,108,0
17654,104,0
17655,112,0
17656,100,0
17657,108,0
17658,104,0
17659,112,0
17660,100,0
17661,108,0
17662,104,0
17663,112,0
17664,100,0
17665,108,0
17666,104,0
17667,108,0
17668,104,0
17669,108,0
17670,104,0
17671,108,0
17672,100,0
17673,108,0
17674,100,0
17675,108,0
17676,100,0
17677,108,0
17678,100,0
17679,108,0
17680,100,0
17681,108,0
17682,100,0
17683,108,0
17684,100,0
17685,108,0
17686,100,0
17687,108,0
17688,100,0
17689,108,0
17690,100,0
17691,112,0
17692,100,0
17693,112,0
17694,100,0
17695,108,0
17696,104,0
17697,112,0
17698,100,0
17699,108,0
17700,104,0
17701,112,0
17702,100,0
17703,108,0
17704,104,0
17705,112,0
17706,100,0
17707,108,0
17708,104,0
17709,112,0
17710,100,0
17711,108,0
17712,104,0
17713,112,0
17714,100,0
17715,108,0
17716,104,0
17717,112,0
17718,100,0
17719,108,0
17720,104,0
17721,112,0
17722,100,0
17723,108,0
17724,104,0
17725,112,0
17726,100,0
17727,108,0
17728,104,0
17729,112,0
17730,100,0
17731,108,0
17732,104,0
17733,112,0
17734,100,0
17735,108,0
17736,104,0
17737,112,0
17738,100,0
17739,108,0
17740,104,0
17741,112,0
17742,100,0
17743,108,0
17744,104,0
17745,112,0
17746,100,0
17747,108,0
17748,104,0
17749,112,0
17750,100,0
17751,108,0
17752,104,0
17753,112,0
17754,100,0
17755,108,0
17756,104,0
17757,112,0
17758,100,0
17759,108,0
17760,104,0
17761,112,0
17762,100,0
17763,108,0
17764,104,0
17765,112,0
17766,100,0
17767,108,0
17768,104,0
17769,112,0
17770,100,0
17771,108,0
17772,104,0
17773,112,0
17774,100,0
17775,108,0
17776,104,0
17777,112,0
17778,100,0
17779,108,0
17780,104,0
17781,108,0
17782,104,0
17783,108,0
17784,104,0
17785,108,0
17786,104,0
17787,108,0
17788,104,0
17789,108,0
17790,104,0
17791,108,0
17792,104,0
17793,108,0
17794,104,0
17795,108,0
17796,100,0
17797,108,0
17798,100,0
17799,108,0
17800,100,0
17801,108,0
17802,100,0
17803,108,0
17804,104,0
17805,112,0
17806,100,0
17807,108,0
17808,104,0
17809,112,0
17810,100,0
17811,108,0
17812,104,0
17813,112,0
17814,100,0
17815,108,0
17816,104,0
17817,112,0
17818,100,0
17819,108,0
17820,104,0
17821,112,0
17822,100,0
17823,108,0
17824,104,0
17825,112,0
17826,100,0
17827,108,0
17828,104,0
17829,112,0
17830,100,0
17831,108,0
17832,104,0
17833,112,0
17834,100,0
17835,108,0
17836,104,0
17837,112,0
17838,100,0
17839,108,0
17840,104,0
17841,112,0
17842,100,0
17843,108,0
17844,104,0
17845,108,0
17846,100,0
17847,108,0
17848,100,0
17849,108,0
17850,104,0
17851,108,0
17852,104,0
17853,108,0
17854,104,0
17855,108,0
17856,104,0
17857,108,0
17858,104,0
17859,108,0
17860,104,0
17861,108,0
17862,104,0
17863,108,0
17864,104,0
17865,108,0
17866,104,0
17867,108,0
17868,104,0
17869,108,0
17870,104,0
17871,108,0
17872,104,0
17873,112,0
17874,100,0
17875,108,0
17876,104,0
17877,112,0
17878,100,0
17879,108,0
17880,104,0
17881,112,0
17882,100,0
17883,108,0
17884,104,0
17885,112,0
17886,100,0
17887,108,0
17888,104,0
17889,112,0
17890,100,0
17891,108,0
17892,104,0
17893,112,0
17894,100,0
17895,108,0
17896,104,0
17897,112,0
17898,100,0
17899,108,0
17900,104,0
17901,112,0
17902,100,0
17903,108,0
17904,104,0
17905,112,0
17906,100,0
17907,108,0
17908,104,0
17909,112,0
17910,100,0
17911,108,0
17912,104,0
17913,112,0
17914,100,0
17915,108,0
17916,104,0
17917,112,0
17918,100,0
17919,108,0
17920,104,0
17921,112,0
17922,100,0
17923,108,0
17924,104,0
17925,108,0
17926,100,0
17927,108,0
17928,100,0
17929,108,0
17930,104,0
17931,108,0
17932,104,0
17933,108,0
17934,100,0
17935,108,0
17936,104,0
17937,108,0
17938,104,0
17939,108,0
17940,104,0
17941,112,0
17942,104,0
17943,108,0
17944,104,0
17945,108,0
17946,104,0
17947,108,0
17948,104,0
17949,108,0
17950,100,0
17951,112,0
17952,100,0
17953,108,0
17954,104,0
17955,108,0
17956,104,0
17957,112,0
17958,104,0
17959,108,0
17960,104,0
17961,108,0
17962,104,0
17963,112,0
17964,100,0
17965,108,0
17966,104,0
17967,112,0
17968,100,0
17969,108,0
17970,104,0
17971,112,0
17972,100,0
17973,108,0
17974,104,0
17975,108,0
17976,104,0
17977,112,0
17978,100,0
17979,108,0
17980,100,0
17981,108,0
17982,100,0
17983,108,0
17984,100,0
17985,108,0
17986,104,0
17987,108,0
17988,104,0
17989,100,0
17990,108,0
17991,112,0
17992,108,0
17993,100,0
17994,108,0
17995,104,0
17996,112,0
17997,104,0
17998,112,0
17999,100,0
18000,108,0
18001,104,0
18002,108,0
18003,100,0
18004,108,0
18005,104,0
18006,108,0
18007,100,0
18008,108,0
18009,104,0
18010,108,0
18011,100,0
18012,108,0
18013,104,0
18014,108,0
18015,100,0
18016,108,0
18017,100,0
18018,108,0
18019,100,0
18020,108,0
18021,100,0
18022,108,0
18023,100,0
18024,108,0
18025,100,0
18026,108,0
18027,100,0
18028,108,0
18029,100,0
18030,108,0
18031,100,0
18032,112,0
18033,104,0
18034,112,0
18035,104,0
18036,112,0
18037,104,0
18038,112,0
18039,104,0
18040,112,0
18041,100,0
18042,112,0
18043,100,0
18044,112,0
18045,100,0
18046,112,0
18047,100,0
18048,112,0
18049,100,0
18050,112,0
18051,100,0
18052,112,0
18053,100,0
18054,112,0
18055,100,0
18056,112,0
18057,100,0
18058,108,0
18059,100,0
18060,108,0
18061,100,0
18062,108,0
18063,100,0
18064,108,0
18065,100,0
18066,108,0
18067,100,0
18068,108,0
18069,100,0
18070,108,0
18071,100,0
18072,108,0
18073,100,0
18074,108,0
18075,100,0
18076,108,0
18077,100,0
18078,108,0
18079,100,0
18080,108,0
18081,100,0
18082,108,0
18083,100,0
18084,112,0
18085,104,0
18086,112,0
18087,104,0
18088,112,0
18089,104,0
18090,108,0
18091,100,0
18092,108,0
18093,100,0
18094,108,0
18095,100,0
18096,108,0
18097,100,0
18098,108,0
18099,100,0
18100,108,0
18101,100,0
18102,108,0
18103,100,0
18104,108,0
18105,100,0
18106,108,0
18107,100,0
18108,108,0
18109,104,0
18110,108,0
18111,104,0
18112,108,0
18113,104,0
18114,112,0
18115,104,0
18116,112,0
18117,104,0
18118,112,0
18119,104,0
18120,112,0
18121,104,0
18122,112,0
18123,104,0
18124,108,0
18125,100,0
18126,108,0
18127,100,0
18128,108,0
18129,100,0
18130,108,0
18131,100,0
18132,108,0
18133,100,0
18134,108,0
18135,100,0
18136,108,0
18137,100,0
18138,108,0
18139,104,0
18140,108,0
18141,104,0
18142,108,0
18143,104,0
18144,108,0
18145,104,0
18146,108,0
18147,104,0
18148,108,0
18149,104,0
18150,108,0
18151,104,0
18152,108,0
18153,104,0
18154,108,0
18155,104,0
18156,108,0
18157,100,0
18158,108,0
18159,100,0
18160,108,0
18161,100,0
18162,108,0
18163,100,0
18164,108,0
18165,100,0
18166,108,0
18167,100,0
18168,108,0
18169,100,0
18170,108,0
18171,100,0
18172,112,0
18173,104,0
18174,112,0
18175,104,0
18176,112,0
18177,104,0
18178,112,0
18179,104,0
18180,108,0
18181,104,0
18182,108,0
18183,100,0
18184,108,0
18185,100,0
18186,108,0
18187,104,0
18188,108,0
18189,104,0
18190,108,0
18191,104,0
18192,108,0
18193,104,0
18194,108,0
18195,104,0
18196,108,0
18197,104,0
18198,108,0
18199,104,0
18200,108,0
18201,104,0
18202,108,0
18203,104,0
18204,108,0
18205,100,0
18206,108,0
18207,100,0
18208,108,0
18209,100,0
18210,108,0
18211,100,0
18212,108,0
18213,100,0
18214,108,0
18215,100,0
18216,108,0
18217,100,0
18218,108,0
18219,100,0
18220,112,0
18221,104,0
18222,112,0
18223,104,0
18224,112,0
18225,104,0
18226,112,0
18227,104,0
18228,112,0
18229,104,0
18230,112,0
18231,104,0
18232,112,0
18233,104,0
18234,108,0
18235,100,0
18236,108,0
18237,100,0
18238,108,0
18239,100,0
18240,108,0
18241,100,0
18242,108,0
18243,100,0
18244,108,0
18245,100,0
18246,108,0
18247,100,0
18248,112,0
18249,100,0
18250,112,0
18251,100,0
18252,108,0
18253,104,0
18254,108,0
18255,104,0
18256,108,0
18257,104,0
18258,108,0
18259,104,0
18260,112,0
18261,104,0
18262,112,0
18263,104,0
18264,112,0
18265,104,0
18266,112,0
18267,104,0
18268,112,0
18269,104,0
18270,108,0
18271,100,0
18272,108,0
18273,100,0
18274,108,0
18275,100,0
18276,108,0
18277,100,0
18278,108,0
18279,100,0
18280,112,0
18281,104,0
18282,108,0
18283,100,0
18284,108,0
18285,104,0
18286,108,0
18287,104,0
18288,108,0
18289,104,0
18290,108,0
18291,100,0
18292,108,0
18293,104,0
18294,108,0
18295,100,0
18296,108,0
18297,104,0
18298,108,0
18299,100,0
18300,108,0
18301,104,0
18302,112,0
18303,100,0
18304,108,0
18305,100,0
18306,108,0
18307,100,0
18308,108,0
18309,100,0
18310,108,0
18311,100,0
18312,108,0
18313,100,0
18314,108,0
18315,100,0
18316,108,0
18317,100,0
18318,112,0
18319,104,0
18320,112,0
18321,104,0
18322,112,0
18323,104,0
18324,112,0
18325,104,0
18326,108,0
18327,104,0
18328,108,0
18329,100,0
18330,108,0
18331,100,0
18332,108,0
18333,104,0
18334,108,0
18335,104,0
18336,108,0
18337,104,0
18338,108,0
18339,104,0
18340,108,0
18341,104,0
18342,108,0
18343,104,0
18344,108,0
18345,104,0
18346,108,0
18347,104,0
18348,108,0
18349,104,0
18350,108,0
18351,100,0
18352,108,0
18353,100,0
18354,108,0
18355,104,0
18356,108,0
18357,104,0
18358,108,0
18359,104,0
18360,112,0
18361,104,0
18362,112,0
18363,104,0
18364,112,0
18365,104,0
18366,112,0
18367,104,0
18368,112,0
18369,104,0
18370,108,0
18371,100,0
18372,108,0
18373,100,0
18374,108,0
18375,100,0
18376,112,0
18377,104,0
18378,108,0
18379,104,0
18380,108,0
18381,100,0
18382,108,0
18383,100,0
18384,108,0
18385,104,0
18386,108,0
18387,104,0
18388,108,0
18389,104,0
18390,108,0
18391,104,0
18392,108,0
18393,104,0
18394,108,0
18395,104,0
18396,108,0
18397,104,0
18398,108,0
18399,104,0
18400,108,0
18401,104,0
18402,108,0
18403,100,0
18404,108,0
18405,100,0
18406,108,0
18407,100,0
18408,108,0
18409,100,0
18410,108,0
18411,100,0
18412,108,0
18413,100,0
18414,108,0
18415,100,0
18416,108,0
18417,100,0
18418,112,0
18419,104,0
18420,112,0
18421,104,0
18422,112,0
18423,104,0
18424,112,0
18425,104,0
18426,108,0
18427,100,0
18428,108,0
18429,100,0
18430,108,0
18431,100,0
18432,108,0
18433,104,0
18434,108,0
18435,104,0
18436,108,0
18437,104,0
18438,108,0
18439,104,0
18440,108,0
18441,104,0
18442,108,0
18443,104,0
18444,108,0
18445,104,0
18446,108,0
18447,104,0
18448,108,0
18449,104,0
18450,108,0
18451,100,0
18452,108,0
18453,100,0
18454,108,0
18455,100,0
18456,108,0
18457,100,0
18458,108,0
18459,100,0
18460,108,0
18461,100,0
18462,108,0
18463,100,0
18464,108,0
18465,100,0
18466,112,0
18467,104,0
18468,112,0
18469,104,0
18470,112,0
18471,104,0
18472,112,0
18473,104,0
18474,108,0
18475,104,0
18476,108,0
18477,100,0
18478,108,0
18479,100,0
18480,108,0
18481,104,0
18482,108,0
18483,104,0
18484,108,0
18485,104,0
18486,108,0
18487,104,0
18488,108,0
18489,104,0
18490,108,0
18491,104,0
18492,108,0
18493,104,0
18494,108,0
18495,104,0
18496,108,0
18497,104,0
18498,108,0
18499,100,0
18500,108,0
18501,100,0
18502,108,0
18503,100,0
18504,108,0
18505,100,0
18506,108,0
18507,100,0
18508,108,0
18509,100,0
18510,108,0
18511,100,0
18512,108,0
18513,100,0
18514,112,0
18515,104,0
18516,112,0
18517,104,0
18518,112,0
18519,104,0
18520,112,0
18521,104,0
18522,108,0
18523,104,0
18524,108,0
18525,100,0
18526,108,0
18527,100,0
18528,108,0
18529,104,0
18530,108,0
18531,104,0
18532,112,0
18533,100,0
18534,112,0
18535,100,0
18536,112,0
18537,100,0
18538,108,0
18539,100,0
18540,108,0
18541,100,0
18542,108,0
18543,100,0
18544,108,0
18545,100,0
18546,108,0
18547,104,0
18548,108,0
18549,104,0
18550,108,0
18551,104,0
18552,112,0
18553,104,0
18554,112,0
18555,104,0
18556,112,0
18557,104,0
18558,112,0
18559,104,0
18560,112,0
18561,104,0
18562,108,0
18563,100,0
18564,108,0
18565,100,0
18566,108,0
18567,100,0
18568,108,0
18569,100,0
18570,108,0
18571,100,0
18572,112,0
18573,104,0
18574,112,0
18575,104,0
18576,108,0
18577,100,0
18578,108,0
18579,100,0
18580,108,0
18581,100,0
18582,108,0
18583,100,0
18584,108,0
18585,100,0
18586,108,0
18587,100,0
18588,108,0
18589,104,0
18590,108,0
18591,104,0
18592,108,0
18593,104,0
18594,108,0
18595,100,0
18596,108,0
18597,100,0
18598,108,0
18599,100,0
18600,108,0
18601,100,0
18602,108,0
18603,100,0
18604,108,0
18605,100,0
18606,108,0
18607,100,0
18608,108,0
18609,100,0
18610,108,0
18611,100,0
18612,112,0
18613,104,0
18614,112,0
18615,104,0
18616,112,0
18617,100,0
18618,112,0
18619,104,0
18620,108,0
18621,104,0
18622,108,0
18623,100,0
18624,108,0
18625,104,0
18626,108,0
18627,104,0
18628,108,0
18629,104,0
18630,112,0
18631,100,0
18632,112,0
18633,104,0
18634,108,0
18635,104,0
18636,108,0
18637,100,0
18638,112,0
18639,104,0
18640,108,0
18641,104,0
18642,108,0
18643,100,0
18644,108,0
18645,104,0
18646,108,0
18647,104,0
18648,108,0
18649,104,0
18650,108,0
18651,104,0
18652,112,0
18653,104,0
18654,112,0
18655,104,0
18656,112,0
18657,104,0
18658,112,0
18659,104,0
18660,112,0
18661,104,0
18662,108,0
18663,100,0
18664,108,0
18665,100,0
18666,108,0
18667,100,0
18668,108,0
18669,100,0
18670,108,0
18671,100,0
18672,112,0
18673,108,0
18674,108,0
18675,100,0
18676,108,0
18677,104,0
18678,108,0
18679,104,0
18680,108,0
18681,100,0
18682,108,0
18683,104,0
18684,108,0
18685,100,0
18686,108,0
18687,104,0
18688,108,0
18689,100,0
18690,108,0
18691,104,0
18692,108,0
18693,100,0
18694,108,0
18695,104,0
18696,108,0
18697,100,0
18698,108,0
18699,100,0
18700,108,0
18701,100,0
18702,108,0
18703,104,0
18704,108,0
18705,104,0
18706,108,0
18707,104,0
18708,108,0
18709,100,0
18710,108,0
18711,100,0
18712,108,0
18713,100,0
18714,108,0
18715,104,0
18716,108,0
18717,104,0
18718,108,0
18719,104,0
18720,108,0
18721,100,0
18722,108,0
18723,100,0
18724,108,0
18725,100,0
18726,108,0
18727,104,0
18728,108,0
18729,104,0
18730,108,0
18731,104,0
18732,108,0
18733,100,0
18734,108,0
18735,100,0
18736,108,0
18737,100,0
18738,108,0
18739,104,0
18740,108,0
18741,104,0
18742,108,0
18743,104,0
18744,108,0
18745,100,0
18746,108,0
18747,100,0
18748,108,0
18749,100,0
18750,108,0
18751,104,0
18752,108,0
18753,104,0
18754,108,0
18755,104,0
18756,108,0
18757,100,0
18758,108,0
18759,100,0
18760,108,0
18761,100,0
18762,108,0
18763,104,0
18764,108,0
18765,104,0
18766,108,0
18767,104,0
18768,108,0
18769,100,0
18770,108,0
18771,100,0
18772,108,0
18773,100,0
18774,108,0
18775,104,0
18776,108,0
18777,104,0
18778,108,0
18779,104,0
18780,108,0
18781,100,0
18782,108,0
18783,100,0
18784,108,0
18785,100,0
18786,108,0
18787,104,0
18788,108,0
18789,104,0
18790,108,0
18791,104,0
18792,108,0
18793,100,0
18794,108,0
18795,100,0
18796,108,0
18797,100,0
18798,108,0
18799,100,0
18800,108,0
18801,100,0
18802,108,0
18803,100,0
18804,108,0
18805,104,0
18806,108,0
18807,104,0
18808,108,0
18809,104,0
18810,108,0
18811,100,0
18812,108,0
18813,100,0
18814,108,0
18815,100,0
18816,108,0
18817,104,0
18818,108,0
18819,104,0
18820,108,0
18821,104,0
18822,108,0
18823,100,0
18824,108,0
18825,100,0
18826,108,0
18827,100,0
18828,108,0
18829,104,0
18830,108,0
18831,100,0
18832,108,0
18833,100,0
18834,108,0
18835,104,0
18836,108,0
18837,104,0
18838,108,0
18839,104,0
18840,108,0
18841,100,0
18842,108,0
18843,100,0
18844,108,0
18845,100,0
18846,108,0
18847,104,0
18848,108,0
18849,104,0
18850,108,0
18851,104,0
18852,108,0
18853,100,0
18854,108,0
18855,100,0
18856,108,0
18857,100,0
18858,108,0
18859,104,0
18860,108,0
18861,100,0
18862,108,0
18863,100,0
18864,108,0
18865,100,0
18866,108,0
18867,104,0
18868,108,0
18869,104,0
18870,108,0
18871,104,0
18872,108,0
18873,100,0
18874,108,0
18875,100,0
18876,108,0
18877,100,0
18878,108,0
18879,104,0
18880,108,0
18881,104,0
18882,108,0
18883,104,0
18884,108,0
18885,100,0
18886,108,0
18887,100,0
18888,108,0
18889,100,0
18890,108,0
18891,104,0
18892,108,0
18893,104,0
18894,108,0
18895,104,0
18896,108,0
18897,100,0
18898,108,0
18899,100,0
18900,108,0
18901,100,0
18902,108,0
18903,104,0
18904,108,0
18905,104,0
18906,108,0
18907,104,0
18908,108,0
18909,100,0
18910,108,0
18911,100,0
18912,108,0
18913,100,0
18914,108,0
18915,104,0
18916,108,0
18917,104,0
18918,108,0
18919,104,0
18920,108,0
18921,100,0
18922,108,0
18923,100,0
18924,108,0
18925,100,0
18926,108,0
18927,100,0
18928,108,0
18929,100,0
18930,108,0
18931,104,0
18932,108,0
18933,100,0
18934,108,0
18935,100,0
18936,108,0
18937,100,0
18938,108,0
18939,104,0
18940,108,0
18941,104,0
18942,108,0
18943,104,0
18944,108,0
18945,100,0
18946,108,0
18947,100,0
18948,108,0
18949,100,0
18950,108,0
18951,104,0
18952,108,0
18953,104,0
18954,108,0
18955,104,0
18956,108,0
18957,100,0
18958,112,0
18959,104,0
18960,108,0
18961,104,0
18962,108,0
18963,104,0
18964,108,0
18965,100,0
18966,108,0
18967,100,0
18968,108,0
18969,100,0
18970,108,0
18971,104,0
18972,108,0
18973,104,0
18974,108,0
18975,104,0
18976,108,0
18977,100,0
18978,108,0
18979,104,0
18980,112,0
18981,100,0
18982,108,0
18983,100,0
18984,108,0
18985,100,0
18986,108,0
18987,104,0
18988,108,0
18989,100,0
18990,108,0
18991,104,0
18992,108,0
18993,100,0
18994,108,0
18995,104,0
18996,108,0
18997,100,0
18998,108,0
18999,104,0
19000,108,0
19001,100,0
19002,108,0
19003,104,0
19004,108,0
19005,100,0
19006,108,0
19007,104,0
19008,108,0
19009,100,0
19010,108,0
19011,104,0
19012,108,0
19013,100,0
19014,108,0
19015,104,0
19016,108,0
19017,100,0
19018,108,0
19019,104,0
19020,108,0
19021,100,0
19022,108,0
19023,104,0
19024,108,0
19025,100,0
19026,108,0
19027,104,0
19028,108,0
19029,100,0
19030,108,0
19031,104,0
19032,108,0
19033,104,0
19034,108,0
19035,100,0
19036,108,0
19037,104,0
19038,108,0
19039,100,0
19040,108,0
19041,104,0
19042,108,0
19043,100,0
19044,108,0
19045,104,0
19046,108,0
19047,100,0
19048,108,0
19049,104,0
19050,108,0
19051,100,0
19052,108,0
19053,104,0
19054,108,0
19055,100,0
19056,108,0
19057,104,0
19058,108,0
19059,100,0
19060,108,0
19061,104,0
19062,108,0
19063,100,0
19064,108,0
19065,104,0
19066,108,0
19067,100,0
19068,108,0
19069,104,0
19070,108,0
19071,100,0
19072,108,0
19073,104,0
19074,108,0
19075,100,0
19076,108,0
19077,104,0
19078,108,0
19079,100,0
19080,108,0
19081,104,0
19082,108,0
19083,100,0
19084,108,0
19085,104,0
19086,108,0
19087,100,0
19088,108,0
19089,104,0
19090,108,0
19091,100,0
19092,108,0
19093,104,0
19094,108,0
19095,100,0
19096,108,0
19097,104,0
19098,108,0
19099,100,0
19100,108,0
19101,104,0
19102,108,0
19103,100,0
19104,108,0
19105,104,0
19106,108,0
19107,100,0
19108,108,0
19109,104,0
19110,108,0
19111,100,0
19112,108,0
19113,104,0
19114,108,0
19115,100,0
19116,108,0
19117,104,0
19118,108,0
19119,100,0
19120,108,0
19121,104,0
19122,108,0
19123,100,0
19124,108,0
19125,104,0
19126,108,0
19127,100,0
19128,108,0
19129,104,0
19130,108,0
19131,100,0
19132,108,0
19133,104,0
19134,108,0
19135,100,0
19136,108,0
19137,104,0
19138,108,0
19139,100,0
19140,108,0
19141,104,0
19142,108,0
19143,104,0
19144,108,0
19145,100,0
19146,108,0
19147,104,0
19148,108,0
19149,100,0
19150,108,0
19151,104,0
19152,108,0
19153,100,0
19154,108,0
19155,104,0
19156,108,0
19157,100,0
19158,108,0
19159,104,0
19160,108,0
19161,100,0
19162,108,0
19163,104,0
19164,108,0
19165,100,0
19166,108,0
19167,104,0
19168,108,0
19169,100,0
19170,108,0
19171,104,0
19172,108,0
19173,100,0
19174,108,0
19175,104,0
19176,108,0
19177,100,0
19178,108,0
19179,104,0
19180,108,0
19181,100,0
19182,108,0
19183,104,0
19184,108,0
19185,100,0
19186,108,0
19187,104,0
19188,108,0
19189,100,0
19190,108,0
19191,104,0
19192,108,0
19193,100,0
19194,108,0
19195,104,0
19196,108,0
19197,100,0
19198,108,0
19199,104,0
19200,108,0
19201,100,0
19202,108,0
19203,104,0
19204,108,0
19205,100,0
19206,108,0
19207,104,0
19208,108,0
19209,100,0
19210,108,0
19211,104,0
19212,108,0
19213,100,0
19214,108,0
19215,104,0
19216,108,0
19217,100,0
19218,108,0
19219,104,0
19220,108,0
19221,100,0
19222,108,0
19223,104,0
19224,108,0
19225,100,0
19226,108,0
19227,104,0
19228,108,0
19229,100,0
19230,108,0
19231,104,0
19232,108,0
19233,100,0
19234,108,0
19235,104,0
19236,108,0
19237,100,0
19238,108,0
19239,104,0
19240,108,0
19241,100,0
19242,108,0
19243,104,0
19244,108,0
19245,100,0
19246,108,0
19247,104,0
19248,108,0
19249,100,0
19250,108,0
19251,104,0
19252,108,0
19253,100,0
19254,108,0
19255,104,0
19256,108,0
19257,100,0
19258,108,0
19259,104,0
19260,108,0
19261,100,0
19262,108,0
19263,104,0
19264,108,0
19265,100,0
19266,108,0
19267,104,0
19268,108,0
19269,100,0
19270,108,0
19271,104,0
19272,108,0
19273,100,0
19274,108,0
19275,104,0
19276,108,0
19277,100,0
19278,108,0
19279,104,0
19280,108,0
19281,100,0
19282,108,0
19283,104,0
19284,108,0
19285,100,0
19286,108,0
19287,104,0
19288,108,0
19289,100,0
19290,108,0
19291,104,0
19292,108,0
19293,100,0
19294,108,0
19295,104,0
19296,108,0
19297,100,0
19298,108,0
19299,104,0
19300,108,0
19301,104,0
19302,108,0
19303,100,0
19304,108,0
19305,100,0
19306,108,0
19307,104,0
19308,108,0
19309,104,0
19310,108,0
19311,104,0
19312,108,0
19313,100,0
19314,108,0
19315,104,0
19316,108,0
19317,104,0
19318,112,0
19319,104,0
19320,112,0
19321,104,0
19322,108,0
19323,100,0
19324,112,0
19325,104,0
19326,112,0
19327,104,0
19328,112,0
19329,104,0
19330,112,0
19331,104,0
19332,112,0
19333,104,0
19334,108,0
19335,104,0
19336,108,0
19337,104,0
19338,108,0
19339,100,0
19340,108,0
19341,104,0
19342,108,0
19343,100,0
19344,108,0
19345,104,0
19346,108,0
19347,100,0
19348,108,0
19349,104,0
19350,108,0
19351,100,0
19352,108,0
19353,104,0
19354,108,0
19355,108,0
19356,108,0
19357,112,0
19358,104,0
19359,100,0
19360,104,0
19361,108,0
19362,104,0
19363,112,0
19364,100,0
19365,108,0
19366,100,0
19367,108,0
19368,100,0
19369,108,0
19370,100,0
19371,108,0
19372,100,0
19373,108,0
19374,100,0
19375,108,0
19376,100,0
19377,108,0
19378,100,0
19379,108,0
19380,104,0
19381,108,0
19382,104,0
19383,112,0
19384,100,0
19385,108,0
19386,104,0
19387,112,0
19388,100,0
19389,108,0
19390,104,0
19391,112,0
19392,100,0
19393,108,0
19394,104,0
19395,112,0
19396,100,0
19397,108,0
19398,100,0
19399,108,0
19400,104,0
19401,112,0
19402,100,0
19403,108,0
19404,104,0
19405,112,0
19406,100,0
19407,108,0
19408,104,0
19409,112,0
19410,100,0
19411,108,0
19412,104,0
19413,112,0
19414,100,0
19415,108,0
19416,104,0
19417,112,0
19418,100,0
19419,108,0
19420,104,0
19421,112,0
19422,100,0
19423,108,0
19424,104,0
19425,112,0
19426,100,0
19427,108,0
19428,104,0
19429,112,0
19430,100,0
19431,108,0
19432,104,0
19433,112,0
19434,100,0
19435,108,0
19436,104,0
19437,112,0
19438,100,0
19439,108,0
19440,104,0
19441,112,0
19442,100,0
19443,108,0
19444,104,0
19445,112,0
19446,100,0
19447,108,0
19448,104,0
19449,112,0
19450,100,0
19451,108,0
19452,104,0
19453,112,0
19454,100,0
19455,108,0
19456,104,0
19457,112,0
19458,100,0
19459,108,0
19460,104,0
19461,112,0
19462,100,0
19463,108,0
19464,104,0
19465,112,0
19466,100,0
19467,108,0
19468,104,0
19469,112,0
19470,100,0
19471,108,0
19472,104,0
19473,112,0
19474,100,0
19475,108,0
19476,104,0
19477,112,0
19478,100,0
19479,108,0
19480,104,0
19481,112,0
19482,100,0
19483,108,0
19484,104,0
19485,112,0
19486,100,0
19487,108,0
19488,104,0
19489,112,0
19490,100,0
19491,108,0
19492,104,0
19493,108,0
19494,100,0
19495,108,0
19496,100,0
19497,108,0
19498,100,0
19499,108,0
19500,100,0
19501,108,0
19502,100,0
19503,108,0
19504,100,0
19505,108,0
19506,100,0
19507,108,0
19508,100,0
19509,108,0
19510,100,0
19511,108,0
19512,100,0
19513,108,0
19514,104,0
19515,108,0
19516,104,0
19517,108,0
19518,104,0
19519,108,0
19520,104,0
19521,112,0
19522,100,0
19523,108,0
19524,104,0
19525,112,0
19526,100,0
19527,108,0
19528,104,0
19529,112,0
19530,100,0
19531,108,0
19532,104,0
19533,112,0
19534,100,0
19535,108,0
19536,104,0
19537,112,0
19538,100,0
19539,108,0
19540,104,0
19541,112,0
19542,100,0
19543,108,0
19544,104,0
19545,112,0
19546,100,0
19547,108,0
19548,104,0
19549,112,0
19550,100,0
19551,108,0
19552,104,0
19553,112,0
19554,100,0
19555,108,0
19556,104,0
19557,112,0
19558,100,0
19559,108,0
19560,104,0
19561,112,0
19562,100,0
19563,108,0
19564,104,0
19565,112,0
19566,100,0
19567,108,0
19568,104,0
19569,112,0
19570,100,0
19571,108,0
19572,104,0
19573,112,0
19574,100,0
19575,108,0
19576,104,0
19577,112,0
19578,100,0
19579,108,0
19580,104,0
19581,112,0
19582,100,0
19583,108,0
19584,104,0
19585,112,0
19586,100,0
19587,108,0
19588,104,0
19589,112,0
19590,100,0
19591,108,0
19592,104,0
19593,112,0
19594,100,0
19595,108,0
19596,104,0
19597,112,0
19598,100,0
19599,108,0
19600,104,0
19601,112,0
19602,100,0
19603,108,0
19604,104,0
19605,112,0
19606,100,0
19607,108,0
19608,104,0
19609,112,0
19610,100,0
19611,108,0
19612,104,0
19613,112,0
19614,100,0
19615,108,0
19616,104,0
19617,112,0
19618,100,0
19619,108,0
19620,104,0
19621,112,0
19622,100,0
19623,108,0
19624,104,0
19625,112,0
19626,100,0
19627,108,0
19628,104,0
19629,112,0
19630,100,0
19631,108,0
19632,104,0
19633,112,0
19634,100,0
19635,108,0
19636,104,0
19637,112,0
19638,100,0
19639,108,0
19640,104,0
19641,108,0
19642,100,0
19643,108,0
19644,104,0
19645,112,0
19646,100,0
19647,108,0
19648,100,0
19649,108,0
19650,100,0
19651,108,0
19652,100,0
19653,108,0
19654,104,0
19655,108,0
19656,104,0
19657,108,0
19658,100,0
19659,108,0
19660,104,0
19661,108,0
19662,100,0
19663,108,0
19664,100,0
19665,108,0
19666,104,0
19667,108,0
19668,104,0
19669,108,0
19670,104,0
19671,112,0
19672,100,0
19673,108,0
19674,104,0
19675,112,0
19676,100,0
19677,108,0
19678,104,0
19679,112,0
19680,100,0
19681,108,0
19682,104,0
19683,112,0
19684,100,0
19685,108,0
19686,104,0
19687,112,0
19688,100,0
19689,108,0
19690,104,0
19691,112,0
19692,100,0
19693,108,0
19694,104,0
19695,112,0
19696,100,0
19697,108,0
19698,104,0
19699,112,0
19700,100,0
19701,108,0
19702,104,0
19703,112,0
19704,100,0
19705,108,0
19706,104,0
19707,112,0
19708,100,0
19709,108,0
19710,104,0
19711,112,0
19712,100,0
19713,108,0
19714,104,0
19715,108,0
19716,104,0
19717,108,0
19718,104,0
19719,108,0
19720,100,0
19721,108,0
19722,100,0
19723,108,0
19724,100,0
19725,108,0
19726,100,0
19727,108,0
19728,100,0
19729,108,0
19730,100,0
19731,108,0
19732,100,0
19733,108,0
19734,100,0
19735,108,0
19736,100,0
19737,108,0
19738,100,0
19739,112,0
19740,100,0
19741,112,0
19742,100,0
19743,108,0
19744,104,0
19745,112,0
19746,100,0
19747,108,0
19748,104,0
19749,112,0
19750,100,0
19751,108,0
19752,104,0
19753,112,0
19754,100,0
19755,108,0
19756,104,0
19757,112,0
19758,100,0
19759,108,0
19760,104,0
19761,112,0
19762,100,0
19763,108,0
19764,104,0
19765,112,0
19766,100,0
19767,108,0
19768,104,0
19769,112,0
19770,100,0
19771,108,0
19772,104,0
19773,112,0
19774,100,0
19775,108,0
19776,104,0
19777,112,0
19778,100,0
19779,108,0
19780,104,0
19781,112,0
19782,100,0
19783,108,0
19784,104,0
19785,112,0
19786,100,0
19787,108,0
19788,104,0
19789,112,0
19790,100,0
19791,108,0
19792,104,0
19793,112,0
19794,100,0
19795,108,0
19796,104,0
19797,112,0
19798,100,0
19799,108,0
19800,104,0
19801,112,0
19802,100,0
19803,108,0
19804,104,0
19805,112,0
19806,100,0
19807,108,0
19808,104,0
19809,112,0
19810,100,0
19811,108,0
19812,104,0
19813,112,0
19814,100,0
19815,108,0
19816,104,0
19817,112,0
19818,100,0
19819,108,0
19820,104,0
19821,112,0
19822,100,0
19823,108,0
19824,104,0
19825,112,0
19826,100,0
19827,108,0
19828,104,0
19829,108,0
19830,104,0
19831,108,0
19832,104,0
19833,108,0
19834,104,0
19835,108,0
19836,104,0
19837,108,0
19838,104,0
19839,108,0
19840,104,0
19841,108,0
19842,104,0
19843,108,0
19844,104,0
19845,108,0
19846,104,0
19847,108,0
19848,104,0
19849,108,0
19850,104,0
19851,108,0
19852,104,0
19853,108,0
19854,104,0
19855,112,0
19856,100,0
19857,108,0
19858,104,0
19859,112,0
19860,100,0
19861,108,0
19862,104,0
19863,112,0
19864,100,0
19865,108,0
19866,104,0
19867,112,0
19868,100,0
19869,108,0
19870,104,0
19871,112,0
19872,100,0
19873,108,0
19874,104,0
19875,112,0
19876,100,0
19877,108,0
19878,104,0
19879,112,0
19880,100,0
19881,108,0
19882,104,0
19883,112,0
19884,100,0
19885,108,0
19886,104,0
19887,112,0
19888,100,0
19889,108,0
19890,104,0
19891,112,0
19892,100,0
19893,108,0
19894,104,0
19895,108,0
19896,104,0
19897,108,0
19898,104,0
19899,108,0
19900,104,0
19901,108,0
19902,104,0
19903,108,0
19904,104,0
19905,108,0
19906,104,0
19907,108,0
19908,104,0
19909,108,0
19910,104,0
19911,108,0
19912,104,0
19913,108,0
19914,104,0
19915,108,0
19916,104,0
19917,108,0
19918,104,0
19919,108,0
19920,104,0
19921,112,0
19922,100,0
19923,108,0
19924,104,0
19925,112,0
19926,100,0
19927,108,0
19928,104,0
19929,112,0
19930,100,0
19931,108,0
19932,104,0
19933,112,0
19934,100,0
19935,108,0
19936,104,0
19937,112,0
19938,100,0
19939,108,0
19940,104,0
19941,112,0
19942,100,0
19943,108,0
19944,104,0
19945,112,0
19946,100,0
19947,108,0
19948,104,0
19949,112,0
19950,100,0
19951,108,0
19952,104,0
19953,112,0
19954,100,0
19955,108,0
19956,104,0
19957,112,0
19958,100,0
19959,108,0
19960,104,0
19961,112,0
19962,100,0
19963,108,0
19964,104,0
19965,112,0
19966,100,0
19967,108,0
19968,104,0
19969,112,0
19970,100,0
19971,108,0
19972,104,0
19973,112,0
19974,100,0
19975,108,0
19976,104,0
19977,112,0
19978,100,0
19979,108,0
19980,104,0
19981,112,0
19982,104,0
19983,108,0
19984,100,0
19985,108,0
19986,100,0
19987,108,0
19988,100,0
19989,108,0
19990,100,0
19991,108,0
19992,104,0
19993,108,0
19994,104,0
19995,108,0
19996,104,0
19997,108,0
19998,100,0
19999,108,0
