trial,reload_ticks,classified_evicted
0,55,0
1,57,0
2,51,0
3,52,0
4,52,0
5,53,0
6,53,0
7,51,0
8,51,0
9,53,0
10,52,0
11,52,0
12,53,0
13,51,0
14,51,0
15,51,0
16,51,0
17,51,0
18,52,0
19,52,0
20,50,0
21,50,0
22,52,0
23,52,0
24,50,0
25,52,0
26,52,0
27,53,0
28,51,0
29,53,0
30,49,0
31,52,0
32,51,0
33,53,0
34,51,0
35,53,0
36,50,0
37,50,0
38,52,0
39,54,0
40,52,0
41,52,0
42,53,0
43,53,0
44,51,0
45,51,0
46,52,0
47,52,0
48,52,0
49,50,0
50,52,0
51,52,0
52,52,0
53,51,0
54,51,0
55,51,0
56,53,0
57,53,0
58,52,0
59,51,0
60,51,0
61,52,0
62,52,0
63,52,0
64,50,0
65,50,0
66,52,0
67,53,0
68,53,0
69,53,0
70,51,0
71,52,0
72,50,0
73,50,0
74,52,0
75,50,0
76,51,0
77,53,0
78,51,0
79,53,0
80,50,0
81,50,0
82,52,0
83,52,0
84,50,0
85,52,0
86,52,0
87,52,0
88,52,0
89,52,0
90,53,0
91,51,0
92,53,0
93,51,0
94,55,0
95,52,0
96,50,0
97,54,0
98,52,0
99,50,0
100,52,0
101,50,0
102,53,0
103,52,0
104,55,0
105,52,0
106,50,0
107,50,0
108,50,0
109,52,0
110,54,0
111,54,0
112,52,0
113,52,0
114,50,0
115,54,0
116,50,0
117,52,0
118,52,0
119,52,0
120,54,0
121,52,0
122,52,0
123,50,0
124,52,0
125,52,0
126,52,0
127,52,0
128,52,0
129,52,0
130,54,0
131,50,0
132,50,0
133,52,0
134,50,0
135,50,0
136,52,0
137,52,0
138,52,0
139,52,0
140,54,0
141,54,0
142,54,0
143,52,0
144,54,0
145,54,0
146,52,0
147,50,0
148,52,0
149,52,0
150,52,0
151,52,0
152,52,0
153,52,0
154,52,0
155,52,0
156,52,0
157,52,0
158,52,0
159,52,0
160,52,0
161,52,0
162,54,0
163,52,0
164,54,0
165,52,0
166,52,0
167,52,0
168,52,0
169,52,0
170,54,0
171,52,0
172,52,0
173,50,0
174,50,0
175,50,0
176,52,0
177,52,0
178,53,0
179,51,0
180,51,0
181,53,0
182,53,0
183,52,0
184,50,0
185,51,0
186,53,0
187,51,0
188,53,0
189,51,0
190,53,0
191,52,0
192,50,0
193,50,0
194,52,0
195,52,0
196,50,0
197,54,0
198,54,0
199,52,0
200,51,0
201,51,0
202,51,0
203,51,0
204,51,0
205,52,0
206,50,0
207,50,0
208,50,0
209,52,0
210,52,0
211,52,0
212,52,0
213,50,0
214,50,0
215,53,0
216,51,0
217,51,0
218,53,0
219,51,0
220,52,0
221,50,0
222,50,0
223,50,0
224,52,0
225,50,0
226,52,0
227,51,0
228,53,0
229,55,0
230,51,0
231,52,0
232,50,0
233,50,0
234,52,0
235,50,0
236,52,0
237,50,0
238,52,0
239,50,0
240,54,0
241,54,0
242,54,0
243,52,0
244,55,0
245,53,0
246,53,0
247,53,0
248,51,0
249,52,0
250,52,0
251,52,0
252,52,0
253,52,0
254,54,0
255,52,0
256,53,0
257,52,0
258,51,0
259,51,0
260,51,0
261,51,0
262,52,0
263,51,0
264,55,0
265,53,0
266,51,0
267,52,0
268,50,0
269,52,0
270,50,0
271,52,0
272,50,0
273,50,0
274,49,0
275,53,0
276,49,0
277,51,0
278,49,0
279,52,0
280,50,0
281,50,0
282,50,0
283,52,0
284,50,0
285,52,0
286,52,0
287,51,0
288,51,0
289,50,0
290,52,0
291,53,0
292,51,0
293,51,0
294,53,0
295,53,0
296,55,0
297,52,0
298,52,0
299,50,0
300,50,0
301,52,0
302,54,0
303,52,0
304,51,0
305,53,0
306,55,0
307,51,0
308,51,0
309,52,0
310,52,0
311,50,0
312,52,0
313,52,0
314,50,0
315,50,0
316,52,0
317,54,0
318,52,0
319,50,0
320,52,0
321,51,0
322,51,0
323,53,0
324,55,0
325,53,0
326,52,0
327,53,0
328,53,0
329,52,0
330,52,0
331,54,0
332,52,0
333,52,0
334,52,0
335,52,0
336,52,0
337,51,0
338,55,0
339,53,0
340,51,0
341,55,0
342,52,0
343,53,0
344,51,0
345,53,0
346,51,0
347,52,0
348,50,0
349,54,0
350,50,0
351,50,0
352,52,0
353,52,0
354,51,0
355,51,0
356,49,0
357,51,0
358,53,0
359,52,0
360,50,0
361,50,0
362,50,0
363,50,0
364,50,0
365,50,0
366,51,0
367,53,0
368,54,0
369,52,0
370,49,0
371,53,0
372,51,0
373,51,0
374,52,0
375,52,0
376,54,0
377,50,0
378,52,0
379,52,0
380,54,0
381,52,0
382,52,0
383,51,0
384,53,0
385,55,0
386,51,0
387,52,0
388,52,0
389,50,0
390,52,0
391,52,0
392,52,0
393,53,0
394,55,0
395,53,0
396,55,0
397,51,0
398,53,0
399,51,0
400,53,0
401,52,0
402,54,0
403,50,0
404,50,0
405,50,0
406,50,0
407,52,0
408,51,0
409,53,0
410,53,0
411,55,0
412,50,0
413,52,0
414,52,0
415,52,0
416,52,0
417,52,0
418,52,0
419,51,0
420,53,0
421,55,0
422,52,0
423,52,0
424,49,0
425,53,0
426,51,0
427,49,0
428,53,0
429,50,0
430,50,0
431,52,0
432,50,0
433,52,0
434,50,0
435,52,0
436,51,0
437,51,0
438,51,0
439,51,0
440,53,0
441,52,0
442,52,0
443,50,0
444,52,0
445,52,0
446,52,0
447,52,0
448,52,0
449,54,0
450,52,0
451,54,0
452,52,0
453,55,0
454,53,0
455,56,0
456,50,0
457,52,0
458,52,0
459,51,0
460,51,0
461,53,0
462,51,0
463,53,0
464,52,0
465,51,0
466,52,0
467,52,0
468,52,0
469,54,0
470,52,0
471,52,0
472,54,0
473,52,0
474,54,0
475,52,0
476,52,0
477,52,0
478,52,0
479,54,0
480,54,0
481,52,0
482,50,0
483,52,0
484,50,0
485,54,0
486,52,0
487,54,0
488,54,0
489,52,0
490,52,0
491,54,0
492,54,0
493,54,0
494,52,0
495,52,0
496,54,0
497,54,0
498,52,0
499,54,0
500,54,0
501,54,0
502,52,0
503,52,0
504,54,0
505,52,0
506,52,0
507,53,0
508,53,0
509,53,0
510,51,0
511,50,0
512,52,0
513,50,0
514,52,0
515,50,0
516,52,0
517,52,0
518,50,0
519,52,0
520,50,0
521,52,0
522,53,0
523,49,0
524,55,0
525,51,0
526,53,0
527,51,0
528,51,0
529,53,0
530,50,0
531,52,0
532,50,0
533,54,0
534,50,0
535,50,0
536,50,0
537,51,0
538,52,0
539,52,0
540,52,0
541,50,0
542,50,0
543,50,0
544,50,0
545,50,0
546,52,0
547,50,0
548,52,0
549,52,0
550,51,0
551,51,0
552,51,0
553,53,0
554,55,0
555,53,0
556,53,0
557,53,0
558,53,0
559,51,0
560,52,0
561,52,0
562,52,0
563,55,0
564,55,0
565,52,0
566,52,0
567,52,0
568,52,0
569,52,0
570,52,0
571,52,0
572,52,0
573,52,0
574,52,0
575,51,0
576,53,0
577,53,0
578,55,0
579,51,0
580,53,0
581,51,0
582,51,0
583,53,0
584,51,0
585,52,0
586,52,0
587,52,0
588,52,0
589,54,0
590,52,0
591,52,0
592,50,0
593,52,0
594,52,0
595,52,0
596,50,0
597,52,0
598,52,0
599,52,0
600,52,0
601,52,0
602,52,0
603,52,0
604,52,0
605,52,0
606,52,0
607,52,0
608,52,0
609,52,0
610,52,0
611,50,0
612,52,0
613,52,0
614,52,0
615,52,0
616,52,0
617,52,0
618,52,0
619,52,0
620,50,0
621,50,0
622,52,0
623,52,0
624,52,0
625,52,0
626,52,0
627,53,0
628,53,0
629,51,0
630,49,0
631,51,0
632,53,0
633,53,0
634,49,0
635,50,0
636,52,0
637,50,0
638,50,0
639,50,0
640,50,0
641,52,0
642,50,0
643,50,0
644,52,0
645,52,0
646,52,0
647,52,0
648,52,0
649,53,0
650,51,0
651,51,0
652,55,0
653,51,0
654,52,0
655,52,0
656,52,0
657,52,0
658,50,0
659,52,0
660,52,0
661,53,0
662,51,0
663,51,0
664,51,0
665,51,0
666,51,0
667,55,0
668,55,0
669,53,0
670,53,0
671,51,0
672,53,0
673,53,0
674,51,0
675,55,0
676,51,0
677,55,0
678,51,0
679,55,0
680,51,0
681,53,0
682,51,0
683,53,0
684,53,0
685,51,0
686,51,0
687,53,0
688,53,0
689,51,0
690,51,0
691,52,0
692,50,0
693,52,0
694,52,0
695,54,0
696,50,0
697,50,0
698,52,0
699,52,0
700,52,0
701,51,0
702,53,0
703,51,0
704,51,0
705,53,0
706,51,0
707,51,0
708,52,0
709,50,0
710,53,0
711,53,0
712,52,0
713,52,0
714,52,0
715,50,0
716,52,0
717,52,0
718,52,0
719,53,0
720,55,0
721,53,0
722,51,0
723,51,0
724,52,0
725,50,0
726,52,0
727,52,0
728,52,0
729,52,0
730,52,0
731,52,0
732,51,0
733,55,0
734,51,0
735,55,0
736,51,0
737,52,0
738,52,0
739,54,0
740,51,0
741,53,0
742,52,0
743,50,0
744,52,0
745,50,0
746,54,0
747,50,0
748,50,0
749,50,0
750,52,0
751,50,0
752,52,0
753,52,0
754,52,0
755,52,0
756,54,0
757,50,0
758,50,0
759,52,0
760,52,0
761,50,0
762,54,0
763,52,0
764,52,0
765,50,0
766,51,0
767,53,0
768,54,0
769,54,0
770,52,0
771,51,0
772,53,0
773,53,0
774,55,0
775,51,0
776,51,0
777,52,0
778,52,0
779,52,0
780,54,0
781,52,0
782,52,0
783,54,0
784,52,0
785,53,0
786,51,0
787,51,0
788,51,0
789,55,0
790,52,0
791,54,0
792,52,0
793,52,0
794,52,0
795,52,0
796,52,0
797,52,0
798,52,0
799,52,0
800,52,0
801,52,0
802,52,0
803,52,0
804,52,0
805,52,0
806,52,0
807,51,0
808,51,0
809,55,0
810,55,0
811,51,0
812,51,0
813,51,0
814,51,0
815,49,0
816,51,0
817,51,0
818,51,0
819,51,0
820,52,0
821,50,0
822,52,0
823,50,0
824,51,0
825,51,0
826,53,0
827,53,0
828,51,0
829,52,0
830,52,0
831,52,0
832,50,0
833,52,0
834,52,0
835,50,0
836,52,0
837,50,0
838,52,0
839,52,0
840,51,0
841,53,0
842,49,0
843,53,0
844,51,0
845,52,0
846,52,0
847,50,0
848,50,0
849,52,0
850,52,0
851,50,0
852,50,0
853,50,0
854,52,0
855,52,0
856,52,0
857,55,0
858,53,0
859,51,0
860,51,0
861,55,0
862,52,0
863,52,0
864,50,0
865,54,0
866,52,0
867,52,0
868,52,0
869,53,0
870,55,0
871,53,0
872,53,0
873,55,0
874,52,0
875,52,0
876,54,0
877,52,0
878,50,0
879,52,0
880,52,0
881,51,0
882,52,0
883,52,0
884,50,0
885,54,0
886,50,0
887,52,0
888,50,0
889,52,0
890,50,0
891,52,0
892,51,0
893,51,0
894,53,0
895,51,0
896,51,0
897,51,0
898,53,0
899,53,0
900,51,0
901,53,0
902,51,0
903,51,0
904,49,0
905,52,0
906,52,0
907,52,0
908,52,0
909,53,0
910,53,0
911,53,0
912,51,0
913,51,0
914,53,0
915,55,0
916,53,0
917,55,0
918,55,0
919,82,0
920,51,0
921,52,0
922,52,0
923,52,0
924,52,0
925,54,0
926,50,0
927,50,0
928,54,0
929,51,0
930,51,0
931,53,0
932,53,0
933,51,0
934,51,0
935,53,0
936,52,0
937,50,0
938,50,0
939,50,0
940,52,0
941,52,0
942,50,0
943,52,0
944,50,0
945,52,0
946,52,0
947,50,0
948,50,0
949,53,0
950,52,0
951,50,0
952,51,0
953,53,0
954,52,0
955,53,0
956,51,0
957,50,0
958,51,0
959,53,0
960,51,0
961,53,0
962,51,0
963,53,0
964,53,0
965,51,0
966,49,0
967,55,0
968,53,0
969,51,0
970,52,0
971,51,0
972,51,0
973,53,0
974,53,0
975,53,0
976,53,0
977,53,0
978,53,0
979,51,0
980,51,0
981,53,0
982,52,0
983,50,0
984,52,0
985,54,0
986,52,0
987,52,0
988,54,0
989,52,0
990,52,0
991,52,0
992,52,0
993,52,0
994,52,0
995,53,0
996,53,0
997,51,0
998,53,0
999,52,0
1000,52,0
1001,53,0
1002,52,0
1003,50,0
1004,50,0
1005,50,0
1006,50,0
1007,50,0
1008,52,0
1009,52,0
1010,54,0
1011,52,0
1012,52,0
1013,49,0
1014,49,0
1015,53,0
1016,53,0
1017,51,0
1018,53,0
1019,51,0
1020,51,0
1021,53,0
1022,49,0
1023,51,0
1024,51,0
1025,52,0
1026,52,0
1027,53,0
1028,55,0
1029,51,0
1030,51,0
1031,55,0
1032,51,0
1033,51,0
1034,53,0
1035,55,0
1036,53,0
1037,52,0
1038,50,0
1039,52,0
1040,52,0
1041,52,0
1042,52,0
1043,52,0
1044,52,0
1045,50,0
1046,50,0
1047,52,0
1048,52,0
1049,54,0
1050,50,0
1051,54,0
1052,52,0
1053,50,0
1054,50,0
1055,54,0
1056,53,0
1057,51,0
1058,52,0
1059,52,0
1060,52,0
1061,52,0
1062,52,0
1063,50,0
1064,52,0
1065,52,0
1066,52,0
1067,52,0
1068,55,0
1069,51,0
1070,53,0
1071,51,0
1072,53,0
1073,53,0
1074,53,0
1075,51,0
1076,52,0
1077,52,0
1078,52,0
1079,52,0
1080,52,0
1081,50,0
1082,54,0
1083,52,0
1084,52,0
1085,54,0
1086,52,0
1087,52,0
1088,52,0
1089,50,0
1090,52,0
1091,52,0
1092,54,0
1093,54,0
1094,52,0
1095,52,0
1096,52,0
1097,53,0
1098,53,0
1099,51,0
1100,51,0
1101,53,0
1102,55,0
1103,53,0
1104,49,0
1105,51,0
1106,55,0
1107,52,0
1108,52,0
1109,53,0
1110,51,0
1111,55,0
1112,51,0
1113,55,0
1114,52,0
1115,52,0
1116,50,0
1117,52,0
1118,52,0
1119,50,0
1120,52,0
1121,54,0
1122,52,0
1123,50,0
1124,52,0
1125,52,0
1126,52,0
1127,54,0
1128,52,0
1129,52,0
1130,52,0
1131,52,0
1132,50,0
1133,55,0
1134,53,0
1135,53,0
1136,49,0
1137,52,0
1138,54,0
1139,52,0
1140,52,0
1141,53,0
1142,53,0
1143,55,0
1144,55,0
1145,53,0
1146,53,0
1147,51,0
1148,53,0
1149,51,0
1150,53,0
1151,55,0
1152,51,0
1153,51,0
1154,51,0
1155,51,0
1156,52,0
1157,52,0
1158,50,0
1159,52,0
1160,50,0
1161,50,0
1162,50,0
1163,52,0
1164,52,0
1165,53,0
1166,54,0
1167,52,0
1168,52,0
1169,50,0
1170,54,0
1171,52,0
1172,52,0
1173,52,0
1174,52,0
1175,50,0
1176,52,0
1177,52,0
1178,54,0
1179,52,0
1180,52,0
1181,55,0
1182,51,0
1183,53,0
1184,51,0
1185,51,0
1186,51,0
1187,53,0
1188,55,0
1189,51,0
1190,51,0
1191,53,0
1192,53,0
1193,55,0
1194,53,0
1195,55,0
1196,55,0
1197,53,0
1198,53,0
1199,52,0
1200,54,0
1201,52,0
1202,50,0
1203,52,0
1204,52,0
1205,54,0
1206,52,0
1207,52,0
1208,52,0
1209,52,0
1210,52,0
1211,55,0
1212,51,0
1213,55,0
1214,51,0
1215,53,0
1216,51,0
1217,51,0
1218,51,0
1219,53,0
1220,51,0
1221,51,0
1222,51,0
1223,53,0
1224,52,0
1225,54,0
1226,52,0
1227,50,0
1228,50,0
1229,52,0
1230,50,0
1231,52,0
1232,50,0
1233,52,0
1234,52,0
1235,55,0
1236,53,0
1237,53,0
1238,53,0
1239,53,0
1240,51,0
1241,51,0
1242,55,0
1243,55,0
1244,53,0
1245,51,0
1246,51,0
1247,51,0
1248,51,0
1249,51,0
1250,52,0
1251,52,0
1252,52,0
1253,54,0
1254,52,0
1255,50,0
1256,54,0
1257,54,0
1258,52,0
1259,50,0
1260,52,0
1261,52,0
1262,52,0
1263,52,0
1264,51,0
1265,55,0
1266,51,0
1267,53,0
1268,51,0
1269,51,0
1270,52,0
1271,52,0
1272,52,0
1273,52,0
1274,51,0
1275,55,0
1276,55,0
1277,53,0
1278,51,0
1279,51,0
1280,51,0
1281,51,0
1282,55,0
1283,53,0
1284,55,0
1285,52,0
1286,54,0
1287,52,0
1288,52,0
1289,52,0
1290,52,0
1291,52,0
1292,52,0
1293,54,0
1294,54,0
1295,52,0
1296,52,0
1297,53,0
1298,53,0
1299,51,0
1300,51,0
1301,52,0
1302,52,0
1303,50,0
1304,52,0
1305,54,0
1306,52,0
1307,52,0
1308,52,0
1309,52,0
1310,52,0
1311,52,0
1312,52,0
1313,54,0
1314,52,0
1315,54,0
1316,54,0
1317,50,0
1318,50,0
1319,52,0
1320,52,0
1321,55,0
1322,53,0
1323,53,0
1324,52,0
1325,54,0
1326,52,0
1327,52,0
1328,54,0
1329,52,0
1330,53,0
1331,51,0
1332,53,0
1333,51,0
1334,55,0
1335,49,0
1336,53,0
1337,51,0
1338,51,0
1339,52,0
1340,54,0
1341,52,0
1342,52,0
1343,52,0
1344,52,0
1345,54,0
1346,52,0
1347,52,0
1348,52,0
1349,52,0
1350,52,0
1351,54,0
1352,52,0
1353,54,0
1354,52,0
1355,52,0
1356,52,0
1357,53,0
1358,53,0
1359,53,0
1360,53,0
1361,51,0
1362,53,0
1363,53,0
1364,49,0
1365,55,0
1366,52,0
1367,52,0
1368,52,0
1369,52,0
1370,52,0
1371,50,0
1372,52,0
1373,54,0
1374,52,0
1375,52,0
1376,50,0
1377,52,0
1378,52,0
1379,50,0
1380,50,0
1381,52,0
1382,52,0
1383,52,0
1384,52,0
1385,52,0
1386,53,0
1387,53,0
1388,53,0
1389,53,0
1390,51,0
1391,53,0
1392,55,0
1393,51,0
1394,52,0
1395,52,0
1396,54,0
1397,50,0
1398,52,0
1399,52,0
1400,52,0
1401,52,0
1402,50,0
1403,52,0
1404,52,0
1405,50,0
1406,54,0
1407,52,0
1408,54,0
1409,50,0
1410,50,0
1411,50,0
1412,52,0
1413,52,0
1414,50,0
1415,53,0
1416,53,0
1417,51,0
1418,53,0
1419,53,0
1420,53,0
1421,51,0
1422,53,0
1423,51,0
1424,52,0
1425,54,0
1426,52,0
1427,52,0
1428,50,0
1429,52,0
1430,52,0
1431,55,0
1432,53,0
1433,53,0
1434,51,0
1435,52,0
1436,52,0
1437,52,0
1438,52,0
1439,54,0
1440,52,0
1441,54,0
1442,52,0
1443,52,0
1444,52,0
1445,50,0
1446,52,0
1447,52,0
1448,52,0
1449,52,0
1450,52,0
1451,53,0
1452,51,0
1453,51,0
1454,55,0
1455,51,0
1456,51,0
1457,51,0
1458,52,0
1459,52,0
1460,51,0
1461,55,0
1462,53,0
1463,51,0
1464,51,0
1465,55,0
1466,53,0
1467,53,0
1468,53,0
1469,53,0
1470,53,0
1471,53,0
1472,53,0
1473,52,0
1474,51,0
1475,52,0
1476,52,0
1477,52,0
1478,52,0
1479,52,0
1480,50,0
1481,52,0
1482,52,0
1483,52,0
1484,52,0
1485,52,0
1486,54,0
1487,52,0
1488,54,0
1489,52,0
1490,54,0
1491,52,0
1492,50,0
1493,54,0
1494,52,0
1495,52,0
1496,52,0
1497,52,0
1498,53,0
1499,51,0
1500,51,0
1501,51,0
1502,55,0
1503,53,0
1504,53,0
1505,53,0
1506,52,0
1507,52,0
1508,52,0
1509,50,0
1510,52,0
1511,52,0
1512,52,0
1513,53,0
1514,51,0
1515,55,0
1516,52,0
1517,54,0
1518,52,0
1519,52,0
1520,52,0
1521,50,0
1522,52,0
1523,52,0
1524,52,0
1525,54,0
1526,50,0
1527,52,0
1528,51,0
1529,53,0
1530,53,0
1531,55,0
1532,51,0
1533,51,0
1534,53,0
1535,55,0
1536,52,0
1537,52,0
1538,50,0
1539,52,0
1540,53,0
1541,52,0
1542,54,0
1543,52,0
1544,50,0
1545,50,0
1546,52,0
1547,52,0
1548,52,0
1549,52,0
1550,54,0
1551,54,0
1552,52,0
1553,52,0
1554,52,0
1555,50,0
1556,51,0
1557,51,0
1558,51,0
1559,51,0
1560,51,0
1561,51,0
1562,51,0
1563,53,0
1564,55,0
1565,52,0
1566,52,0
1567,53,0
1568,53,0
1569,51,0
1570,51,0
1571,55,0
1572,49,0
1573,52,0
1574,52,0
1575,54,0
1576,52,0
1577,50,0
1578,54,0
1579,50,0
1580,54,0
1581,54,0
1582,52,0
1583,52,0
1584,50,0
1585,52,0
1586,52,0
1587,52,0
1588,51,0
1589,55,0
1590,53,0
1591,55,0
1592,53,0
1593,51,0
1594,54,0
1595,52,0
1596,54,0
1597,54,0
1598,52,0
1599,52,0
1600,52,0
1601,52,0
1602,53,0
1603,51,0
1604,55,0
1605,53,0
1606,51,0
1607,51,0
1608,51,0
1609,51,0
1610,53,0
1611,51,0
1612,55,0
1613,51,0
1614,53,0
1615,55,0
1616,54,0
1617,52,0
1618,52,0
1619,50,0
1620,52,0
1621,53,0
1622,53,0
1623,55,0
1624,53,0
1625,52,0
1626,52,0
1627,54,0
1628,54,0
1629,54,0
1630,52,0
1631,52,0
1632,50,0
1633,50,0
1634,52,0
1635,54,0
1636,52,0
1637,54,0
1638,52,0
1639,52,0
1640,51,0
1641,53,0
1642,49,0
1643,55,0
1644,51,0
1645,55,0
1646,53,0
1647,51,0
1648,53,0
1649,55,0
1650,51,0
1651,51,0
1652,51,0
1653,53,0
1654,53,0
1655,53,0
1656,51,0
1657,52,0
1658,52,0
1659,52,0
1660,52,0
1661,54,0
1662,52,0
1663,52,0
1664,54,0
1665,52,0
1666,52,0
1667,52,0
1668,54,0
1669,52,0
1670,53,0
1671,53,0
1672,53,0
1673,53,0
1674,50,0
1675,54,0
1676,52,0
1677,52,0
1678,55,0
1679,55,0
1680,51,0
1681,53,0
1682,53,0
1683,49,0
1684,53,0
1685,52,0
1686,54,0
1687,52,0
1688,52,0
1689,50,0
1690,54,0
1691,52,0
1692,50,0
1693,54,0
1694,52,0
1695,52,0
1696,53,0
1697,55,0
1698,51,0
1699,53,0
1700,55,0
1701,52,0
1702,51,0
1703,55,0
1704,53,0
1705,51,0
1706,51,0
1707,53,0
1708,53,0
1709,53,0
1710,55,0
1711,55,0
1712,52,0
1713,50,0
1714,52,0
1715,50,0
1716,50,0
1717,54,0
1718,54,0
1719,52,0
1720,50,0
1721,52,0
1722,50,0
1723,52,0
1724,52,0
1725,55,0
1726,51,0
1727,55,0
1728,50,0
1729,54,0
1730,52,0
1731,52,0
1732,51,0
1733,55,0
1734,51,0
1735,51,0
1736,53,0
1737,51,0
1738,51,0
1739,53,0
1740,55,0
1741,51,0
1742,51,0
1743,51,0
1744,55,0
1745,53,0
1746,57,0
1747,52,0
1748,49,0
1749,53,0
1750,50,0
1751,54,0
1752,52,0
1753,50,0
1754,54,0
1755,50,0
1756,53,0
1757,53,0
1758,51,0
1759,51,0
1760,50,0
1761,52,0
1762,52,0
1763,52,0
1764,52,0
1765,52,0
1766,52,0
1767,52,0
1768,52,0
1769,54,0
1770,52,0
1771,52,0
1772,52,0
1773,53,0
1774,49,0
1775,53,0
1776,53,0
1777,51,0
1778,53,0
1779,51,0
1780,53,0
1781,51,0
1782,53,0
1783,51,0
1784,53,0
1785,52,0
1786,51,0
1787,53,0
1788,52,0
1789,52,0
1790,52,0
1791,54,0
1792,50,0
1793,52,0
1794,52,0
1795,52,0
1796,52,0
1797,52,0
1798,50,0
1799,53,0
1800,51,0
1801,49,0
1802,51,0
1803,53,0
1804,53,0
1805,51,0
1806,53,0
1807,51,0
1808,53,0
1809,51,0
1810,51,0
1811,51,0
1812,53,0
1813,51,0
1814,51,0
1815,49,0
1816,53,0
1817,51,0
1818,51,0
1819,53,0
1820,52,0
1821,53,0
1822,53,0
1823,49,0
1824,53,0
1825,52,0
1826,50,0
1827,50,0
1828,50,0
1829,52,0
1830,50,0
1831,52,0
1832,54,0
1833,50,0
1834,52,0
1835,52,0
1836,52,0
1837,52,0
1838,50,0
1839,52,0
1840,50,0
1841,52,0
1842,52,0
1843,52,0
1844,50,0
1845,52,0
1846,51,0
1847,53,0
1848,51,0
1849,51,0
1850,49,0
1851,51,0
1852,52,0
1853,50,0
1854,52,0
1855,52,0
1856,52,0
1857,52,0
1858,52,0
1859,50,0
1860,54,0
1861,52,0
1862,52,0
1863,52,0
1864,52,0
1865,52,0
1866,50,0
1867,50,0
1868,52,0
1869,50,0
1870,52,0
1871,52,0
1872,50,0
1873,54,0
1874,52,0
1875,55,0
1876,51,0
1877,51,0
1878,53,0
1879,52,0
1880,50,0
1881,54,0
1882,52,0
1883,52,0
1884,50,0
1885,52,0
1886,50,0
1887,50,0
1888,52,0
1889,52,0
1890,52,0
1891,54,0
1892,52,0
1893,50,0
1894,50,0
1895,52,0
1896,52,0
1897,53,0
1898,50,0
1899,55,0
1900,51,0
1901,53,0
1902,49,0
1903,53,0
1904,52,0
1905,50,0
1906,52,0
1907,52,0
1908,50,0
1909,52,0
1910,54,0
1911,54,0
1912,50,0
1913,52,0
1914,50,0
1915,52,0
1916,50,0
1917,52,0
1918,52,0
1919,53,0
1920,52,0
1921,51,0
1922,51,0
1923,53,0
1924,51,0
1925,51,0
1926,51,0
1927,53,0
1928,51,0
1929,53,0
1930,50,0
1931,52,0
1932,52,0
1933,52,0
1934,50,0
1935,52,0
1936,52,0
1937,52,0
1938,50,0
1939,52,0
1940,52,0
1941,52,0
1942,52,0
1943,50,0
1944,50,0
1945,54,0
1946,52,0
1947,52,0
1948,50,0
1949,50,0
1950,52,0
1951,50,0
1952,50,0
1953,52,0
1954,51,0
1955,51,0
1956,51,0
1957,51,0
1958,53,0
1959,51,0
1960,51,0
1961,53,0
1962,51,0
1963,51,0
1964,55,0
1965,51,0
1966,49,0
1967,53,0
1968,51,0
1969,51,0
1970,53,0
1971,52,0
1972,52,0
1973,52,0
1974,52,0
1975,52,0
1976,50,0
1977,52,0
1978,52,0
1979,52,0
1980,50,0
1981,51,0
1982,52,0
1983,53,0
1984,50,0
1985,51,0
1986,51,0
1987,51,0
1988,51,0
1989,51,0
1990,53,0
1991,53,0
1992,51,0
1993,53,0
1994,53,0
1995,51,0
1996,49,0
1997,51,0
1998,53,0
1999,55,0
2000,53,0
2001,53,0
2002,55,0
2003,53,0
2004,53,0
2005,51,0
2006,52,0
2007,52,0
2008,52,0
2009,50,0
2010,52,0
2011,50,0
2012,52,0
2013,52,0
2014,52,0
2015,52,0
2016,52,0
2017,50,0
2018,52,0
2019,50,0
2020,52,0
2021,52,0
2022,54,0
2023,50,0
2024,52,0
2025,52,0
2026,52,0
2027,50,0
2028,51,0
2029,53,0
2030,53,0
2031,53,0
2032,52,0
2033,50,0
2034,52,0
2035,52,0
2036,54,0
2037,50,0
2038,52,0
2039,54,0
2040,54,0
2041,50,0
2042,52,0
2043,52,0
2044,52,0
2045,50,0
2046,52,0
2047,52,0
2048,52,0
2049,52,0
2050,53,0
2051,51,0
2052,51,0
2053,55,0
2054,51,0
2055,53,0
2056,51,0
2057,52,0
2058,52,0
2059,54,0
2060,52,0
2061,52,0
2062,52,0
2063,50,0
2064,52,0
2065,52,0
2066,52,0
2067,52,0
2068,52,0
2069,52,0
2070,52,0
2071,50,0
2072,51,0
2073,51,0
2074,53,0
2075,53,0
2076,53,0
2077,51,0
2078,53,0
2079,53,0
2080,51,0
2081,53,0
2082,51,0
2083,52,0
2084,50,0
2085,52,0
2086,50,0
2087,52,0
2088,52,0
2089,50,0
2090,52,0
2091,52,0
2092,52,0
2093,50,0
2094,52,0
2095,52,0
2096,52,0
2097,50,0
2098,52,0
2099,52,0
2100,52,0
2101,50,0
2102,50,0
2103,52,0
2104,52,0
2105,50,0
2106,52,0
2107,52,0
2108,53,0
2109,51,0
2110,51,0
2111,55,0
2112,53,0
2113,53,0
2114,52,0
2115,52,0
2116,50,0
2117,54,0
2118,52,0
2119,50,0
2120,52,0
2121,52,0
2122,50,0
2123,52,0
2124,51,0
2125,51,0
2126,53,0
2127,53,0
2128,51,0
2129,51,0
2130,53,0
2131,53,0
2132,52,0
2133,52,0
2134,50,0
2135,54,0
2136,52,0
2137,52,0
2138,52,0
2139,52,0
2140,52,0
2141,52,0
2142,52,0
2143,51,0
2144,53,0
2145,53,0
2146,51,0
2147,49,0
2148,53,0
2149,55,0
2150,51,0
2151,51,0
2152,52,0
2153,51,0
2154,52,0
2155,52,0
2156,52,0
2157,52,0
2158,52,0
2159,50,0
2160,52,0
2161,52,0
2162,52,0
2163,50,0
2164,52,0
2165,50,0
2166,52,0
2167,50,0
2168,52,0
2169,51,0
2170,53,0
2171,51,0
2172,53,0
2173,49,0
2174,53,0
2175,51,0
2176,55,0
2177,51,0
2178,51,0
2179,52,0
2180,52,0
2181,50,0
2182,52,0
2183,52,0
2184,52,0
2185,52,0
2186,52,0
2187,50,0
2188,52,0
2189,52,0
2190,50,0
2191,52,0
2192,55,0
2193,53,0
2194,53,0
2195,52,0
2196,52,0
2197,50,0
2198,54,0
2199,52,0
2200,50,0
2201,52,0
2202,52,0
2203,50,0
2204,54,0
2205,52,0
2206,52,0
2207,50,0
2208,52,0
2209,51,0
2210,53,0
2211,51,0
2212,51,0
2213,53,0
2214,53,0
2215,51,0
2216,51,0
2217,51,0
2218,52,0
2219,52,0
2220,54,0
2221,54,0
2222,54,0
2223,50,0
2224,52,0
2225,53,0
2226,53,0
2227,51,0
2228,51,0
2229,51,0
2230,53,0
2231,51,0
2232,53,0
2233,53,0
2234,51,0
2235,53,0
2236,51,0
2237,51,0
2238,51,0
2239,52,0
2240,52,0
2241,54,0
2242,52,0
2243,50,0
2244,52,0
2245,50,0
2246,52,0
2247,52,0
2248,52,0
2249,50,0
2250,52,0
2251,52,0
2252,52,0
2253,52,0
2254,52,0
2255,53,0
2256,55,0
2257,53,0
2258,53,0
2259,53,0
2260,51,0
2261,51,0
2262,51,0
2263,53,0
2264,51,0
2265,53,0
2266,51,0
2267,53,0
2268,53,0
2269,52,0
2270,52,0
2271,52,0
2272,52,0
2273,52,0
2274,52,0
2275,52,0
2276,50,0
2277,54,0
2278,52,0
2279,52,0
2280,50,0
2281,52,0
2282,52,0
2283,55,0
2284,50,0
2285,53,0
2286,52,0
2287,53,0
2288,52,0
2289,53,0
2290,51,0
2291,51,0
2292,49,0
2293,55,0
2294,53,0
2295,51,0
2296,53,0
2297,53,0
2298,51,0
2299,55,0
2300,51,0
2301,51,0
2302,51,0
2303,53,0
2304,50,0
2305,52,0
2306,52,0
2307,52,0
2308,52,0
2309,52,0
2310,50,0
2311,54,0
2312,52,0
2313,52,0
2314,50,0
2315,50,0
2316,52,0
2317,54,0
2318,50,0
2319,54,0
2320,52,0
2321,52,0
2322,50,0
2323,52,0
2324,50,0
2325,52,0
2326,54,0
2327,50,0
2328,52,0
2329,52,0
2330,53,0
2331,51,0
2332,51,0
2333,55,0
2334,53,0
2335,51,0
2336,53,0
2337,53,0
2338,51,0
2339,52,0
2340,50,0
2341,50,0
2342,50,0
2343,52,0
2344,50,0
2345,52,0
2346,52,0
2347,52,0
2348,52,0
2349,52,0
2350,52,0
2351,52,0
2352,54,0
2353,52,0
2354,52,0
2355,52,0
2356,51,0
2357,53,0
2358,51,0
2359,52,0
2360,52,0
2361,52,0
2362,52,0
2363,52,0
2364,52,0
2365,52,0
2366,50,0
2367,52,0
2368,52,0
2369,52,0
2370,52,0
2371,50,0
2372,52,0
2373,52,0
2374,50,0
2375,50,0
2376,52,0
2377,52,0
2378,52,0
2379,52,0
2380,52,0
2381,52,0
2382,51,0
2383,51,0
2384,53,0
2385,51,0
2386,51,0
2387,55,0
2388,51,0
2389,52,0
2390,51,0
2391,52,0
2392,50,0
2393,52,0
2394,52,0
2395,52,0
2396,50,0
2397,52,0
2398,52,0
2399,52,0
2400,50,0
2401,52,0
2402,52,0
2403,52,0
2404,50,0
2405,54,0
2406,52,0
2407,54,0
2408,51,0
2409,51,0
2410,53,0
2411,55,0
2412,55,0
2413,51,0
2414,53,0
2415,51,0
2416,51,0
2417,53,0
2418,53,0
2419,49,0
2420,52,0
2421,52,0
2422,52,0
2423,50,0
2424,50,0
2425,52,0
2426,52,0
2427,52,0
2428,52,0
2429,52,0
2430,52,0
2431,50,0
2432,50,0
2433,54,0
2434,52,0
2435,52,0
2436,53,0
2437,53,0
2438,51,0
2439,51,0
2440,55,0
2441,51,0
2442,53,0
2443,50,0
2444,52,0
2445,50,0
2446,52,0
2447,50,0
2448,52,0
2449,50,0
2450,52,0
2451,50,0
2452,52,0
2453,49,0
2454,55,0
2455,51,0
2456,55,0
2457,51,0
2458,53,0
2459,51,0
2460,52,0
2461,50,0
2462,52,0
2463,50,0
2464,52,0
2465,50,0
2466,52,0
2467,50,0
2468,55,0
2469,49,0
2470,51,0
2471,53,0
2472,52,0
2473,50,0
2474,54,0
2475,50,0
2476,54,0
2477,50,0
2478,52,0
2479,52,0
2480,52,0
2481,50,0
2482,52,0
2483,50,0
2484,50,0
2485,52,0
2486,54,0
2487,52,0
2488,52,0
2489,51,0
2490,51,0
2491,49,0
2492,51,0
2493,51,0
2494,51,0
2495,49,0
2496,51,0
2497,51,0
2498,49,0
2499,50,0
2500,52,0
2501,52,0
2502,54,0
2503,52,0
2504,52,0
2505,52,0
2506,52,0
2507,52,0
2508,52,0
2509,52,0
2510,52,0
2511,52,0
2512,50,0
2513,53,0
2514,53,0
2515,51,0
2516,51,0
2517,55,0
2518,49,0
2519,51,0
2520,51,0
2521,53,0
2522,53,0
2523,53,0
2524,54,0
2525,52,0
2526,52,0
2527,52,0
2528,52,0
2529,52,0
2530,52,0
2531,50,0
2532,52,0
2533,52,0
2534,52,0
2535,52,0
2536,52,0
2537,51,0
2538,50,0
2539,53,0
2540,51,0
2541,53,0
2542,49,0
2543,53,0
2544,51,0
2545,55,0
2546,51,0
2547,51,0
2548,51,0
2549,51,0
2550,51,0
2551,52,0
2552,52,0
2553,52,0
2554,50,0
2555,52,0
2556,52,0
2557,51,0
2558,52,0
2559,51,0
2560,49,0
2561,51,0
2562,49,0
2563,55,0
2564,53,0
2565,56,0
2566,51,0
2567,54,0
2568,50,0
2569,50,0
2570,52,0
2571,54,0
2572,52,0
2573,52,0
2574,50,0
2575,52,0
2576,50,0
2577,52,0
2578,50,0
2579,50,0
2580,52,0
2581,52,0
2582,50,0
2583,50,0
2584,52,0
2585,52,0
2586,52,0
2587,50,0
2588,50,0
2589,52,0
2590,52,0
2591,50,0
2592,50,0
2593,50,0
2594,52,0
2595,52,0
2596,52,0
2597,52,0
2598,50,0
2599,52,0
2600,52,0
2601,52,0
2602,52,0
2603,52,0
2604,52,0
2605,52,0
2606,52,0
2607,52,0
2608,54,0
2609,52,0
2610,54,0
2611,52,0
2612,50,0
2613,52,0
2614,54,0
2615,50,0
2616,52,0
2617,52,0
2618,52,0
2619,52,0
2620,54,0
2621,52,0
2622,54,0
2623,55,0
2624,53,0
2625,51,0
2626,55,0
2627,53,0
2628,53,0
2629,53,0
2630,51,0
2631,51,0
2632,52,0
2633,54,0
2634,50,0
2635,52,0
2636,52,0
2637,52,0
2638,52,0
2639,52,0
2640,49,0
2641,51,0
2642,51,0
2643,53,0
2644,51,0
2645,53,0
2646,53,0
2647,53,0
2648,51,0
2649,51,0
2650,51,0
2651,53,0
2652,49,0
2653,53,0
2654,51,0
2655,51,0
2656,55,0
2657,53,0
2658,53,0
2659,53,0
2660,55,0
2661,53,0
2662,51,0
2663,53,0
2664,53,0
2665,53,0
2666,51,0
2667,51,0
2668,54,0
2669,52,0
2670,52,0
2671,52,0
2672,52,0
2673,52,0
2674,52,0
2675,52,0
2676,52,0
2677,53,0
2678,51,0
2679,51,0
2680,55,0
2681,53,0
2682,51,0
2683,53,0
2684,53,0
2685,51,0
2686,53,0
2687,51,0
2688,53,0
2689,51,0
2690,55,0
2691,51,0
2692,51,0
2693,52,0
2694,51,0
2695,51,0
2696,53,0
2697,54,0
2698,52,0
2699,52,0
2700,50,0
2701,52,0
2702,50,0
2703,52,0
2704,52,0
2705,52,0
2706,52,0
2707,52,0
2708,50,0
2709,52,0
2710,50,0
2711,52,0
2712,52,0
2713,54,0
2714,52,0
2715,52,0
2716,52,0
2717,52,0
2718,50,0
2719,52,0
2720,52,0
2721,52,0
2722,51,0
2723,53,0
2724,52,0
2725,52,0
2726,52,0
2727,50,0
2728,50,0
2729,52,0
2730,52,0
2731,51,0
2732,53,0
2733,53,0
2734,55,0
2735,51,0
2736,51,0
2737,53,0
2738,51,0
2739,53,0
2740,53,0
2741,53,0
2742,53,0
2743,51,0
2744,51,0
2745,51,0
2746,51,0
2747,53,0
2748,51,0
2749,51,0
2750,55,0
2751,54,0
2752,53,0
2753,51,0
2754,51,0
2755,51,0
2756,51,0
2757,51,0
2758,51,0
2759,51,0
2760,51,0
2761,51,0
2762,53,0
2763,53,0
2764,55,0
2765,53,0
2766,51,0
2767,51,0
2768,51,0
2769,55,0
2770,51,0
2771,53,0
2772,51,0
2773,51,0
2774,53,0
2775,53,0
2776,53,0
2777,51,0
2778,52,0
2779,51,0
2780,53,0
2781,52,0
2782,52,0
2783,51,0
2784,53,0
2785,53,0
2786,53,0
2787,51,0
2788,51,0
2789,53,0
2790,53,0
2791,53,0
2792,55,0
2793,55,0
2794,55,0
2795,53,0
2796,53,0
2797,53,0
2798,51,0
2799,51,0
2800,51,0
2801,51,0
2802,53,0
2803,51,0
2804,53,0
2805,52,0
2806,52,0
2807,52,0
2808,52,0
2809,52,0
2810,52,0
2811,52,0
2812,54,0
2813,52,0
2814,52,0
2815,54,0
2816,52,0
2817,50,0
2818,52,0
2819,52,0
2820,52,0
2821,54,0
2822,52,0
2823,52,0
2824,52,0
2825,52,0
2826,52,0
2827,52,0
2828,52,0
2829,52,0
2830,51,0
2831,51,0
2832,52,0
2833,54,0
2834,50,0
2835,52,0
2836,54,0
2837,50,0
2838,54,0
2839,52,0
2840,54,0
2841,52,0
2842,54,0
2843,50,0
2844,52,0
2845,50,0
2846,52,0
2847,50,0
2848,52,0
2849,52,0
2850,52,0
2851,52,0
2852,52,0
2853,52,0
2854,52,0
2855,52,0
2856,52,0
2857,52,0
2858,52,0
2859,52,0
2860,52,0
2861,52,0
2862,54,0
2863,52,0
2864,54,0
2865,52,0
2866,50,0
2867,50,0
2868,52,0
2869,52,0
2870,52,0
2871,52,0
2872,50,0
2873,52,0
2874,52,0
2875,52,0
2876,53,0
2877,53,0
2878,51,0
2879,53,0
2880,51,0
2881,53,0
2882,51,0
2883,51,0
2884,53,0
2885,55,0
2886,52,0
2887,53,0
2888,53,0
2889,53,0
2890,51,0
2891,53,0
2892,53,0
2893,53,0
2894,55,0
2895,51,0
2896,55,0
2897,51,0
2898,53,0
2899,51,0
2900,51,0
2901,53,0
2902,53,0
2903,53,0
2904,51,0
2905,53,0
2906,55,0
2907,53,0
2908,51,0
2909,51,0
2910,53,0
2911,52,0
2912,54,0
2913,53,0
2914,51,0
2915,51,0
2916,53,0
2917,55,0
2918,53,0
2919,51,0
2920,51,0
2921,53,0
2922,53,0
2923,51,0
2924,53,0
2925,55,0
2926,49,0
2927,55,0
2928,51,0
2929,53,0
2930,51,0
2931,55,0
2932,53,0
2933,53,0
2934,53,0
2935,51,0
2936,53,0
2937,55,0
2938,51,0
2939,53,0
2940,53,0
2941,53,0
2942,53,0
2943,51,0
2944,51,0
2945,51,0
2946,51,0
2947,51,0
2948,51,0
2949,51,0
2950,51,0
2951,51,0
2952,53,0
2953,53,0
2954,51,0
2955,51,0
2956,53,0
2957,53,0
2958,51,0
2959,53,0
2960,55,0
2961,51,0
2962,51,0
2963,53,0
2964,53,0
2965,55,0
2966,53,0
2967,52,0
2968,52,0
2969,54,0
2970,50,0
2971,52,0
2972,50,0
2973,50,0
2974,52,0
2975,54,0
2976,50,0
2977,52,0
2978,52,0
2979,52,0
2980,52,0
2981,52,0
2982,52,0
2983,52,0
2984,52,0
2985,52,0
2986,51,0
2987,53,0
2988,50,0
2989,53,0
2990,51,0
2991,53,0
2992,51,0
2993,55,0
2994,52,0
2995,52,0
2996,52,0
2997,52,0
2998,52,0
2999,50,0
3000,54,0
3001,52,0
3002,50,0
3003,52,0
3004,52,0
3005,52,0
3006,52,0
3007,54,0
3008,50,0
3009,52,0
3010,52,0
3011,50,0
3012,52,0
3013,52,0
3014,52,0
3015,55,0
3016,55,0
3017,51,0
3018,53,0
3019,49,0
3020,51,0
3021,54,0
3022,50,0
3023,50,0
3024,52,0
3025,52,0
3026,52,0
3027,54,0
3028,50,0
3029,51,0
3030,53,0
3031,51,0
3032,51,0
3033,55,0
3034,51,0
3035,53,0
3036,51,0
3037,53,0
3038,53,0
3039,55,0
3040,49,0
3041,53,0
3042,53,0
3043,53,0
3044,51,0
3045,52,0
3046,52,0
3047,51,0
3048,53,0
3049,51,0
3050,53,0
3051,53,0
3052,53,0
3053,53,0
3054,51,0
3055,51,0
3056,53,0
3057,53,0
3058,51,0
3059,51,0
3060,53,0
3061,55,0
3062,51,0
3063,53,0
3064,53,0
3065,52,0
3066,50,0
3067,54,0
3068,50,0
3069,52,0
3070,52,0
3071,50,0
3072,52,0
3073,52,0
3074,53,0
3075,53,0
3076,49,0
3077,51,0
3078,52,0
3079,50,0
3080,50,0
3081,52,0
3082,50,0
3083,52,0
3084,52,0
3085,54,0
3086,52,0
3087,54,0
3088,54,0
3089,50,0
3090,52,0
3091,52,0
3092,52,0
3093,52,0
3094,54,0
3095,52,0
3096,54,0
3097,52,0
3098,52,0
3099,50,0
3100,50,0
3101,53,0
3102,53,0
3103,51,0
3104,51,0
3105,53,0
3106,51,0
3107,55,0
3108,51,0
3109,53,0
3110,46587,1
3111,56,0
3112,53,0
3113,53,0
3114,50,0
3115,54,0
3116,50,0
3117,52,0
3118,52,0
3119,52,0
3120,50,0
3121,52,0
3122,54,0
3123,53,0
3124,53,0
3125,53,0
3126,53,0
3127,51,0
3128,55,0
3129,53,0
3130,51,0
3131,55,0
3132,51,0
3133,53,0
3134,55,0
3135,53,0
3136,49,0
3137,52,0
3138,51,0
3139,55,0
3140,53,0
3141,55,0
3142,55,0
3143,51,0
3144,53,0
3145,53,0
3146,55,0
3147,53,0
3148,51,0
3149,51,0
3150,53,0
3151,53,0
3152,55,0
3153,51,0
3154,53,0
3155,53,0
3156,52,0
3157,50,0
3158,52,0
3159,52,0
3160,52,0
3161,52,0
3162,52,0
3163,50,0
3164,52,0
3165,52,0
3166,52,0
3167,51,0
3168,53,0
3169,53,0
3170,51,0
3171,51,0
3172,51,0
3173,51,0
3174,55,0
3175,52,0
3176,50,0
3177,52,0
3178,52,0
3179,52,0
3180,52,0
3181,52,0
3182,50,0
3183,52,0
3184,50,0
3185,54,0
3186,52,0
3187,52,0
3188,50,0
3189,52,0
3190,52,0
3191,52,0
3192,52,0
3193,52,0
3194,52,0
3195,51,0
3196,49,0
3197,53,0
3198,53,0
3199,51,0
3200,51,0
3201,53,0
3202,49,0
3203,51,0
3204,53,0
3205,53,0
3206,51,0
3207,53,0
3208,53,0
3209,53,0
3210,53,0
3211,53,0
3212,51,0
3213,55,0
3214,52,0
3215,52,0
3216,52,0
3217,52,0
3218,52,0
3219,52,0
3220,52,0
3221,52,0
3222,52,0
3223,52,0
3224,51,0
3225,51,0
3226,51,0
3227,53,0
3228,51,0
3229,55,0
3230,55,0
3231,49,0
3232,55,0
3233,53,0
3234,51,0
3235,51,0
3236,55,0
3237,53,0
3238,53,0
3239,51,0
3240,51,0
3241,49,0
3242,53,0
3243,53,0
3244,53,0
3245,53,0
3246,53,0
3247,51,0
3248,51,0
3249,51,0
3250,51,0
3251,53,0
3252,53,0
3253,50,0
3254,52,0
3255,52,0
3256,52,0
3257,50,0
3258,52,0
3259,52,0
3260,52,0
3261,52,0
3262,52,0
3263,50,0
3264,53,0
3265,50,0
3266,52,0
3267,52,0
3268,52,0
3269,54,0
3270,50,0
3271,50,0
3272,50,0
3273,52,0
3274,52,0
3275,50,0
3276,52,0
3277,50,0
3278,52,0
3279,50,0
3280,50,0
3281,52,0
3282,52,0
3283,52,0
3284,52,0
3285,50,0
3286,52,0
3287,50,0
3288,52,0
3289,49,0
3290,51,0
3291,51,0
3292,54,0
3293,50,0
3294,54,0
3295,52,0
3296,52,0
3297,52,0
3298,52,0
3299,52,0
3300,52,0
3301,51,0
3302,53,0
3303,51,0
3304,51,0
3305,51,0
3306,55,0
3307,49,0
3308,53,0
3309,53,0
3310,51,0
3311,53,0
3312,53,0
3313,51,0
3314,53,0
3315,51,0
3316,51,0
3317,53,0
3318,51,0
3319,53,0
3320,55,0
3321,51,0
3322,55,0
3323,53,0
3324,51,0
3325,51,0
3326,53,0
3327,55,0
3328,53,0
3329,53,0
3330,51,0
3331,53,0
3332,51,0
3333,51,0
3334,51,0
3335,53,0
3336,53,0
3337,53,0
3338,49,0
3339,51,0
3340,51,0
3341,53,0
3342,53,0
3343,51,0
3344,51,0
3345,53,0
3346,53,0
3347,53,0
3348,51,0
3349,53,0
3350,51,0
3351,53,0
3352,53,0
3353,50,0
3354,50,0
3355,52,0
3356,50,0
3357,50,0
3358,52,0
3359,52,0
3360,52,0
3361,52,0
3362,52,0
3363,52,0
3364,52,0
3365,54,0
3366,52,0
3367,50,0
3368,50,0
3369,54,0
3370,50,0
3371,54,0
3372,52,0
3373,52,0
3374,52,0
3375,52,0
3376,52,0
3377,54,0
3378,50,0
3379,54,0
3380,52,0
3381,52,0
3382,53,0
3383,53,0
3384,58,0
3385,55,0
3386,52,0
3387,50,0
3388,52,0
3389,50,0
3390,52,0
3391,54,0
3392,52,0
3393,50,0
3394,52,0
3395,52,0
3396,54,0
3397,52,0
3398,50,0
3399,50,0
3400,52,0
3401,50,0
3402,52,0
3403,50,0
3404,52,0
3405,52,0
3406,54,0
3407,52,0
3408,50,0
3409,52,0
3410,52,0
3411,50,0
3412,52,0
3413,51,0
3414,53,0
3415,51,0
3416,55,0
3417,53,0
3418,51,0
3419,53,0
3420,51,0
3421,51,0
3422,55,0
3423,51,0
3424,53,0
3425,53,0
3426,51,0
3427,49,0
3428,51,0
3429,53,0
3430,53,0
3431,53,0
3432,53,0
3433,51,0
3434,55,0
3435,51,0
3436,51,0
3437,51,0
3438,55,0
3439,52,0
3440,52,0
3441,50,0
3442,52,0
3443,52,0
3444,50,0
3445,50,0
3446,52,0
3447,53,0
3448,51,0
3449,53,0
3450,49,0
3451,53,0
3452,51,0
3453,51,0
3454,51,0
3455,51,0
3456,51,0
3457,53,0
3458,53,0
3459,51,0
3460,51,0
3461,51,0
3462,53,0
3463,55,0
3464,53,0
3465,55,0
3466,53,0
3467,53,0
3468,51,0
3469,51,0
3470,51,0
3471,51,0
3472,51,0
3473,53,0
3474,54,0
3475,50,0
3476,52,0
3477,52,0
3478,52,0
3479,50,0
3480,54,0
3481,50,0
3482,52,0
3483,50,0
3484,54,0
3485,54,0
3486,54,0
3487,54,0
3488,52,0
3489,52,0
3490,52,0
3491,50,0
3492,50,0
3493,52,0
3494,52,0
3495,52,0
3496,52,0
3497,55,0
3498,52,0
3499,53,0
3500,53,0
3501,51,0
3502,49,0
3503,53,0
3504,53,0
3505,53,0
3506,50,0
3507,52,0
3508,52,0
3509,52,0
3510,50,0
3511,52,0
3512,52,0
3513,50,0
3514,50,0
3515,52,0
3516,52,0
3517,52,0
3518,50,0
3519,52,0
3520,50,0
3521,52,0
3522,54,0
3523,51,0
3524,51,0
3525,55,0
3526,51,0
3527,55,0
3528,52,0
3529,52,0
3530,52,0
3531,52,0
3532,54,0
3533,52,0
3534,50,0
3535,52,0
3536,52,0
3537,50,0
3538,52,0
3539,52,0
3540,50,0
3541,52,0
3542,50,0
3543,54,0
3544,52,0
3545,52,0
3546,50,0
3547,52,0
3548,52,0
3549,52,0
3550,50,0
3551,52,0
3552,50,0
3553,54,0
3554,52,0
3555,50,0
3556,54,0
3557,50,0
3558,52,0
3559,52,0
3560,52,0
3561,50,0
3562,52,0
3563,52,0
3564,52,0
3565,50,0
3566,54,0
3567,50,0
3568,52,0
3569,52,0
3570,53,0
3571,51,0
3572,51,0
3573,53,0
3574,51,0
3575,49,0
3576,51,0
3577,53,0
3578,53,0
3579,51,0
3580,51,0
3581,51,0
3582,51,0
3583,49,0
3584,51,0
3585,51,0
3586,51,0
3587,49,0
3588,51,0
3589,53,0
3590,55,0
3591,51,0
3592,51,0
3593,51,0
3594,53,0
3595,53,0
3596,52,0
3597,53,0
3598,53,0
3599,51,0
3600,51,0
3601,51,0
3602,53,0
3603,51,0
3604,53,0
3605,51,0
3606,55,0
3607,53,0
3608,51,0
3609,55,0
3610,53,0
3611,51,0
3612,49,0
3613,51,0
3614,53,0
3615,55,0
3616,53,0
3617,53,0
3618,53,0
3619,51,0
3620,51,0
3621,53,0
3622,53,0
3623,53,0
3624,53,0
3625,55,0
3626,52,0
3627,52,0
3628,52,0
3629,50,0
3630,52,0
3631,52,0
3632,52,0
3633,50,0
3634,54,0
3635,50,0
3636,52,0
3637,50,0
3638,52,0
3639,52,0
3640,50,0
3641,52,0
3642,52,0
3643,50,0
3644,52,0
3645,52,0
3646,54,0
3647,52,0
3648,52,0
3649,52,0
3650,52,0
3651,52,0
3652,52,0
3653,52,0
3654,52,0
3655,50,0
3656,52,0
3657,52,0
3658,52,0
3659,49,0
3660,51,0
3661,55,0
3662,53,0
3663,51,0
3664,55,0
3665,51,0
3666,51,0
3667,53,0
3668,51,0
3669,51,0
3670,53,0
3671,52,0
3672,50,0
3673,54,0
3674,52,0
3675,52,0
3676,52,0
3677,52,0
3678,50,0
3679,52,0
3680,50,0
3681,52,0
3682,52,0
3683,54,0
3684,54,0
3685,52,0
3686,52,0
3687,52,0
3688,52,0
3689,52,0
3690,50,0
3691,52,0
3692,51,0
3693,53,0
3694,53,0
3695,51,0
3696,51,0
3697,55,0
3698,53,0
3699,51,0
3700,51,0
3701,51,0
3702,53,0
3703,51,0
3704,50,0
3705,50,0
3706,50,0
3707,52,0
3708,52,0
3709,50,0
3710,52,0
3711,51,0
3712,53,0
3713,53,0
3714,55,0
3715,49,0
3716,53,0
3717,53,0
3718,51,0
3719,51,0
3720,55,0
3721,53,0
3722,53,0
3723,51,0
3724,51,0
3725,52,0
3726,52,0
3727,50,0
3728,52,0
3729,52,0
3730,52,0
3731,50,0
3732,52,0
3733,50,0
3734,52,0
3735,50,0
3736,54,0
3737,52,0
3738,52,0
3739,52,0
3740,52,0
3741,54,0
3742,52,0
3743,50,0
3744,52,0
3745,52,0
3746,52,0
3747,50,0
3748,50,0
3749,52,0
3750,52,0
3751,52,0
3752,52,0
3753,52,0
3754,54,0
3755,52,0
3756,52,0
3757,50,0
3758,52,0
3759,50,0
3760,50,0
3761,52,0
3762,50,0
3763,54,0
3764,52,0
3765,52,0
3766,50,0
3767,52,0
3768,52,0
3769,54,0
3770,52,0
3771,52,0
3772,52,0
3773,54,0
3774,52,0
3775,52,0
3776,52,0
3777,54,0
3778,52,0
3779,52,0
3780,50,0
3781,52,0
3782,51,0
3783,55,0
3784,53,0
3785,51,0
3786,51,0
3787,53,0
3788,51,0
3789,55,0
3790,51,0
3791,53,0
3792,51,0
3793,53,0
3794,53,0
3795,51,0
3796,53,0
3797,55,0
3798,55,0
3799,52,0
3800,51,0
3801,50,0
3802,52,0
3803,52,0
3804,52,0
3805,50,0
3806,52,0
3807,52,0
3808,54,0
3809,52,0
3810,52,0
3811,52,0
3812,52,0
3813,50,0
3814,52,0
3815,52,0
3816,52,0
3817,50,0
3818,52,0
3819,52,0
3820,52,0
3821,50,0
3822,54,0
3823,52,0
3824,54,0
3825,50,0
3826,52,0
3827,52,0
3828,52,0
3829,50,0
3830,52,0
3831,52,0
3832,52,0
3833,50,0
3834,52,0
3835,52,0
3836,54,0
3837,50,0
3838,52,0
3839,52,0
3840,54,0
3841,52,0
3842,50,0
3843,52,0
3844,50,0
3845,52,0
3846,50,0
3847,54,0
3848,52,0
3849,52,0
3850,52,0
3851,52,0
3852,52,0
3853,52,0
3854,52,0
3855,52,0
3856,53,0
3857,55,0
3858,51,0
3859,53,0
3860,51,0
3861,53,0
3862,53,0
3863,51,0
3864,51,0
3865,51,0
3866,49,0
3867,51,0
3868,53,0
3869,53,0
3870,53,0
3871,53,0
3872,55,0
3873,53,0
3874,53,0
3875,50,0
3876,53,0
3877,51,0
3878,53,0
3879,51,0
3880,51,0
3881,55,0
3882,51,0
3883,53,0
3884,53,0
3885,53,0
3886,53,0
3887,51,0
3888,51,0
3889,49,0
3890,53,0
3891,51,0
3892,51,0
3893,51,0
3894,51,0
3895,50,0
3896,50,0
3897,52,0
3898,54,0
3899,54,0
3900,50,0
3901,52,0
3902,50,0
3903,52,0
3904,50,0
3905,52,0
3906,50,0
3907,50,0
3908,50,0
3909,52,0
3910,52,0
3911,54,0
3912,50,0
3913,54,0
3914,54,0
3915,52,0
3916,50,0
3917,52,0
3918,50,0
3919,52,0
3920,52,0
3921,54,0
3922,52,0
3923,52,0
3924,50,0
3925,50,0
3926,52,0
3927,52,0
3928,50,0
3929,50,0
3930,52,0
3931,52,0
3932,52,0
3933,54,0
3934,52,0
3935,52,0
3936,50,0
3937,52,0
3938,54,0
3939,50,0
3940,52,0
3941,50,0
3942,52,0
3943,52,0
3944,50,0
3945,52,0
3946,52,0
3947,52,0
3948,52,0
3949,52,0
3950,52,0
3951,52,0
3952,50,0
3953,52,0
3954,52,0
3955,52,0
3956,50,0
3957,52,0
3958,52,0
3959,51,0
3960,49,0
3961,51,0
3962,50,0
3963,52,0
3964,52,0
3965,52,0
3966,50,0
3967,54,0
3968,52,0
3969,50,0
3970,54,0
3971,52,0
3972,52,0
3973,52,0
3974,52,0
3975,50,0
3976,50,0
3977,54,0
3978,50,0
3979,50,0
3980,54,0
3981,52,0
3982,50,0
3983,50,0
3984,52,0
3985,52,0
3986,50,0
3987,50,0
3988,54,0
3989,52,0
3990,52,0
3991,52,0
3992,52,0
3993,52,0
3994,54,0
3995,52,0
3996,52,0
3997,52,0
3998,50,0
3999,52,0
4000,50,0
4001,54,0
4002,50,0
4003,52,0
4004,52,0
4005,52,0
4006,50,0
4007,52,0
4008,50,0
4009,54,0
4010,50,0
4011,52,0
4012,52,0
4013,52,0
4014,50,0
4015,53,0
4016,55,0
4017,51,0
4018,51,0
4019,53,0
4020,51,0
4021,53,0
4022,51,0
4023,53,0
4024,51,0
4025,51,0
4026,53,0
4027,51,0
4028,53,0
4029,53,0
4030,51,0
4031,51,0
4032,52,0
4033,52,0
4034,50,0
4035,52,0
4036,50,0
4037,54,0
4038,50,0
4039,50,0
4040,52,0
4041,52,0
4042,50,0
4043,52,0
4044,52,0
4045,54,0
4046,50,0
4047,54,0
4048,52,0
4049,50,0
4050,50,0
4051,50,0
4052,52,0
4053,52,0
4054,52,0
4055,50,0
4056,52,0
4057,52,0
4058,50,0
4059,52,0
4060,52,0
4061,52,0
4062,50,0
4063,52,0
4064,52,0
4065,53,0
4066,51,0
4067,55,0
4068,51,0
4069,55,0
4070,53,0
4071,51,0
4072,51,0
4073,53,0
4074,51,0
4075,51,0
4076,51,0
4077,51,0
4078,51,0
4079,51,0
4080,51,0
4081,51,0
4082,51,0
4083,51,0
4084,51,0
4085,51,0
4086,51,0
4087,53,0
4088,55,0
4089,51,0
4090,49,0
4091,53,0
4092,51,0
4093,51,0
4094,53,0
4095,51,0
4096,55,0
4097,51,0
4098,51,0
4099,53,0
4100,53,0
4101,53,0
4102,53,0
4103,51,0
4104,53,0
4105,53,0
4106,51,0
4107,51,0
4108,51,0
4109,52,0
4110,52,0
4111,50,0
4112,52,0
4113,50,0
4114,51,0
4115,51,0
4116,55,0
4117,53,0
4118,53,0
4119,51,0
4120,51,0
4121,51,0
4122,53,0
4123,51,0
4124,53,0
4125,49,0
4126,53,0
4127,53,0
4128,51,0
4129,51,0
4130,51,0
4131,51,0
4132,55,0
4133,49,0
4134,53,0
4135,51,0
4136,51,0
4137,53,0
4138,53,0
4139,53,0
4140,51,0
4141,49,0
4142,53,0
4143,53,0
4144,55,0
4145,50,0
4146,52,0
4147,52,0
4148,52,0
4149,50,0
4150,52,0
4151,52,0
4152,54,0
4153,50,0
4154,50,0
4155,52,0
4156,52,0
4157,55,0
4158,53,0
4159,51,0
4160,53,0
4161,51,0
4162,50,0
4163,52,0
4164,52,0
4165,52,0
4166,50,0
4167,52,0
4168,52,0
4169,52,0
4170,50,0
4171,52,0
4172,52,0
4173,52,0
4174,50,0
4175,50,0
4176,54,0
4177,52,0
4178,50,0
4179,52,0
4180,50,0
4181,50,0
4182,50,0
4183,52,0
4184,52,0
4185,52,0
4186,51,0
4187,55,0
4188,51,0
4189,51,0
4190,55,0
4191,53,0
4192,51,0
4193,51,0
4194,51,0
4195,55,0
4196,53,0
4197,52,0
4198,52,0
4199,52,0
4200,52,0
4201,52,0
4202,52,0
4203,56,0
4204,55,0
4205,52,0
4206,54,0
4207,53,0
4208,53,0
4209,52,0
4210,54,0
4211,52,0
4212,52,0
4213,52,0
4214,51,0
4215,51,0
4216,53,0
4217,53,0
4218,55,0
4219,51,0
4220,53,0
4221,51,0
4222,52,0
4223,52,0
4224,51,0
4225,53,0
4226,55,0
4227,53,0
4228,52,0
4229,52,0
4230,52,0
4231,52,0
4232,52,0
4233,51,0
4234,52,0
4235,54,0
4236,50,0
4237,55,0
4238,53,0
4239,53,0
4240,51,0
4241,53,0
4242,51,0
4243,51,0
4244,53,0
4245,53,0
4246,51,0
4247,53,0
4248,53,0
4249,51,0
4250,53,0
4251,55,0
4252,53,0
4253,55,0
4254,53,0
4255,53,0
4256,53,0
4257,52,0
4258,52,0
4259,52,0
4260,52,0
4261,52,0
4262,50,0
4263,55,0
4264,52,0
4265,52,0
4266,53,0
4267,51,0
4268,51,0
4269,51,0
4270,53,0
4271,53,0
4272,55,0
4273,51,0
4274,53,0
4275,53,0
4276,51,0
4277,53,0
4278,51,0
4279,51,0
4280,49,0
4281,55,0
4282,55,0
4283,53,0
4284,52,0
4285,50,0
4286,50,0
4287,52,0
4288,50,0
4289,52,0
4290,52,0
4291,52,0
4292,52,0
4293,52,0
4294,52,0
4295,50,0
4296,52,0
4297,50,0
4298,52,0
4299,52,0
4300,52,0
4301,50,0
4302,54,0
4303,52,0
4304,52,0
4305,52,0
4306,52,0
4307,52,0
4308,52,0
4309,51,0
4310,53,0
4311,51,0
4312,53,0
4313,52,0
4314,51,0
4315,53,0
4316,51,0
4317,53,0
4318,53,0
4319,51,0
4320,51,0
4321,53,0
4322,51,0
4323,53,0
4324,53,0
4325,55,0
4326,53,0
4327,49,0
4328,55,0
4329,52,0
4330,52,0
4331,52,0
4332,50,0
4333,50,0
4334,54,0
4335,50,0
4336,52,0
4337,50,0
4338,50,0
4339,55,0
4340,52,0
4341,55,0
4342,52,0
4343,54,0
4344,52,0
4345,54,0
4346,52,0
4347,52,0
4348,50,0
4349,52,0
4350,52,0
4351,50,0
4352,54,0
4353,52,0
4354,50,0
4355,52,0
4356,50,0
4357,52,0
4358,52,0
4359,52,0
4360,50,0
4361,53,0
4362,51,0
4363,51,0
4364,55,0
4365,53,0
4366,49,0
4367,50,0
4368,54,0
4369,52,0
4370,52,0
4371,50,0
4372,50,0
4373,52,0
4374,50,0
4375,50,0
4376,50,0
4377,52,0
4378,52,0
4379,54,0
4380,52,0
4381,54,0
4382,52,0
4383,52,0
4384,50,0
4385,52,0
4386,52,0
4387,50,0
4388,52,0
4389,54,0
4390,50,0
4391,54,0
4392,50,0
4393,54,0
4394,54,0
4395,50,0
4396,52,0
4397,52,0
4398,52,0
4399,52,0
4400,52,0
4401,52,0
4402,54,0
4403,52,0
4404,52,0
4405,52,0
4406,52,0
4407,50,0
4408,52,0
4409,50,0
4410,52,0
4411,52,0
4412,52,0
4413,52,0
4414,52,0
4415,50,0
4416,52,0
4417,52,0
4418,52,0
4419,52,0
4420,54,0
4421,50,0
4422,50,0
4423,52,0
4424,52,0
4425,52,0
4426,52,0
4427,52,0
4428,52,0
4429,53,0
4430,52,0
4431,50,0
4432,54,0
4433,50,0
4434,52,0
4435,52,0
4436,52,0
4437,50,0
4438,52,0
4439,50,0
4440,52,0
4441,52,0
4442,52,0
4443,50,0
4444,54,0
4445,52,0
4446,52,0
4447,52,0
4448,54,0
4449,50,0
4450,50,0
4451,52,0
4452,50,0
4453,52,0
4454,54,0
4455,52,0
4456,54,0
4457,52,0
4458,52,0
4459,50,0
4460,52,0
4461,52,0
4462,52,0
4463,52,0
4464,50,0
4465,52,0
4466,52,0
4467,52,0
4468,51,0
4469,53,0
4470,51,0
4471,53,0
4472,51,0
4473,53,0
4474,51,0
4475,53,0
4476,51,0
4477,53,0
4478,52,0
4479,53,0
4480,49,0
4481,55,0
4482,51,0
4483,51,0
4484,51,0
4485,55,0
4486,51,0
4487,51,0
4488,51,0
4489,53,0
4490,53,0
4491,52,0
4492,52,0
4493,50,0
4494,52,0
4495,50,0
4496,50,0
4497,52,0
4498,50,0
4499,52,0
4500,54,0
4501,52,0
4502,50,0
4503,52,0
4504,54,0
4505,52,0
4506,52,0
4507,54,0
4508,52,0
4509,52,0
4510,50,0
4511,54,0
4512,50,0
4513,52,0
4514,52,0
4515,54,0
4516,50,0
4517,52,0
4518,52,0
4519,52,0
4520,52,0
4521,50,0
4522,52,0
4523,52,0
4524,52,0
4525,52,0
4526,52,0
4527,51,0
4528,51,0
4529,51,0
4530,51,0
4531,51,0
4532,51,0
4533,52,0
4534,50,0
4535,54,0
4536,52,0
4537,50,0
4538,52,0
4539,54,0
4540,52,0
4541,52,0
4542,52,0
4543,52,0
4544,52,0
4545,54,0
4546,52,0
4547,54,0
4548,50,0
4549,52,0
4550,52,0
4551,52,0
4552,50,0
4553,52,0
4554,50,0
4555,51,0
4556,51,0
4557,51,0
4558,49,0
4559,53,0
4560,49,0
4561,50,0
4562,52,0
4563,52,0
4564,52,0
4565,52,0
4566,52,0
4567,52,0
4568,52,0
4569,52,0
4570,52,0
4571,54,0
4572,50,0
4573,52,0
4574,52,0
4575,55,0
4576,49,0
4577,55,0
4578,51,0
4579,53,0
4580,51,0
4581,53,0
4582,53,0
4583,51,0
4584,51,0
4585,53,0
4586,51,0
4587,51,0
4588,51,0
4589,55,0
4590,53,0
4591,53,0
4592,51,0
4593,51,0
4594,51,0
4595,51,0
4596,51,0
4597,49,0
4598,51,0
4599,53,0
4600,53,0
4601,51,0
4602,53,0
4603,49,0
4604,52,0
4605,52,0
4606,54,0
4607,50,0
4608,50,0
4609,52,0
4610,50,0
4611,52,0
4612,54,0
4613,52,0
4614,52,0
4615,52,0
4616,50,0
4617,50,0
4618,54,0
4619,50,0
4620,52,0
4621,52,0
4622,50,0
4623,52,0
4624,52,0
4625,50,0
4626,52,0
4627,50,0
4628,54,0
4629,50,0
4630,52,0
4631,52,0
4632,51,0
4633,49,0
4634,55,0
4635,52,0
4636,52,0
4637,50,0
4638,53,0
4639,51,0
4640,53,0
4641,53,0
4642,53,0
4643,49,0
4644,51,0
4645,52,0
4646,50,0
4647,50,0
4648,52,0
4649,51,0
4650,50,0
4651,52,0
4652,51,0
4653,51,0
4654,53,0
4655,51,0
4656,49,0
4657,53,0
4658,53,0
4659,53,0
4660,51,0
4661,55,0
4662,49,0
4663,55,0
4664,51,0
4665,53,0
4666,51,0
4667,53,0
4668,49,0
4669,55,0
4670,51,0
4671,51,0
4672,53,0
4673,51,0
4674,51,0
4675,53,0
4676,53,0
4677,51,0
4678,51,0
4679,51,0
4680,51,0
4681,51,0
4682,51,0
4683,51,0
4684,49,0
4685,52,0
4686,51,0
4687,51,0
4688,53,0
4689,53,0
4690,53,0
4691,53,0
4692,51,0
4693,51,0
4694,51,0
4695,53,0
4696,51,0
4697,55,0
4698,51,0
4699,53,0
4700,52,0
4701,54,0
4702,50,0
4703,54,0
4704,52,0
4705,50,0
4706,52,0
4707,54,0
4708,52,0
4709,52,0
4710,52,0
4711,52,0
4712,50,0
4713,50,0
4714,52,0
4715,52,0
4716,52,0
4717,52,0
4718,52,0
4719,54,0
4720,51,0
4721,53,0
4722,53,0
4723,51,0
4724,51,0
4725,55,0
4726,51,0
4727,51,0
4728,52,0
4729,50,0
4730,52,0
4731,52,0
4732,52,0
4733,52,0
4734,52,0
4735,50,0
4736,52,0
4737,52,0
4738,54,0
4739,50,0
4740,53,0
4741,52,0
4742,53,0
4743,49,0
4744,51,0
4745,51,0
4746,51,0
4747,51,0
4748,51,0
4749,51,0
4750,53,0
4751,49,0
4752,51,0
4753,53,0
4754,52,0
4755,50,0
4756,54,0
4757,51,0
4758,53,0
4759,51,0
4760,49,0
4761,55,0
4762,51,0
4763,51,0
4764,53,0
4765,52,0
4766,50,0
4767,54,0
4768,50,0
4769,52,0
4770,52,0
4771,52,0
4772,50,0
4773,52,0
4774,50,0
4775,52,0
4776,54,0
4777,52,0
4778,50,0
4779,54,0
4780,50,0
4781,52,0
4782,52,0
4783,52,0
4784,52,0
4785,52,0
4786,54,0
4787,50,0
4788,54,0
4789,52,0
4790,52,0
4791,52,0
4792,50,0
4793,50,0
4794,50,0
4795,54,0
4796,52,0
4797,50,0
4798,52,0
4799,52,0
4800,51,0
4801,51,0
4802,53,0
4803,49,0
4804,53,0
4805,53,0
4806,53,0
4807,53,0
4808,55,0
4809,49,0
4810,51,0
4811,55,0
4812,52,0
4813,52,0
4814,52,0
4815,52,0
4816,53,0
4817,51,0
4818,53,0
4819,51,0
4820,55,0
4821,51,0
4822,53,0
4823,51,0
4824,55,0
4825,49,0
4826,51,0
4827,53,0
4828,53,0
4829,49,0
4830,53,0
4831,49,0
4832,53,0
4833,53,0
4834,53,0
4835,53,0
4836,55,0
4837,53,0
4838,52,0
4839,55,0
4840,55,0
4841,50,0
4842,52,0
4843,52,0
4844,50,0
4845,53,0
4846,51,0
4847,51,0
4848,51,0
4849,55,0
4850,49,0
4851,53,0
4852,51,0
4853,51,0
4854,51,0
4855,53,0
4856,53,0
4857,51,0
4858,53,0
4859,53,0
4860,51,0
4861,53,0
4862,51,0
4863,53,0
4864,53,0
4865,55,0
4866,53,0
4867,52,0
4868,52,0
4869,52,0
4870,52,0
4871,52,0
4872,52,0
4873,51,0
4874,51,0
4875,53,0
4876,53,0
4877,51,0
4878,51,0
4879,55,0
4880,49,0
4881,53,0
4882,53,0
4883,51,0
4884,55,0
4885,51,0
4886,51,0
4887,51,0
4888,53,0
4889,55,0
4890,51,0
4891,52,0
4892,50,0
4893,52,0
4894,52,0
4895,52,0
4896,55,0
4897,55,0
4898,53,0
4899,53,0
4900,51,0
4901,51,0
4902,51,0
4903,51,0
4904,52,0
4905,50,0
4906,54,0
4907,50,0
4908,52,0
4909,52,0
4910,52,0
4911,50,0
4912,52,0
4913,52,0
4914,50,0
4915,50,0
4916,54,0
4917,50,0
4918,52,0
4919,50,0
4920,52,0
4921,52,0
4922,51,0
4923,52,0
4924,54,0
4925,52,0
4926,50,0
4927,50,0
4928,52,0
4929,52,0
4930,52,0
4931,52,0
4932,52,0
4933,53,0
4934,51,0
4935,53,0
4936,51,0
4937,53,0
4938,51,0
4939,53,0
4940,53,0
4941,55,0
4942,53,0
4943,51,0
4944,53,0
4945,52,0
4946,52,0
4947,52,0
4948,52,0
4949,50,0
4950,50,0
4951,51,0
4952,51,0
4953,51,0
4954,49,0
4955,51,0
4956,51,0
4957,51,0
4958,51,0
4959,52,0
4960,50,0
4961,52,0
4962,52,0
4963,52,0
4964,52,0
4965,52,0
4966,50,0
4967,52,0
4968,52,0
4969,52,0
4970,52,0
4971,52,0
4972,52,0
4973,52,0
4974,54,0
4975,50,0
4976,52,0
4977,52,0
4978,53,0
4979,51,0
4980,52,0
4981,52,0
4982,54,0
4983,50,0
4984,54,0
4985,54,0
4986,52,0
4987,50,0
4988,52,0
4989,50,0
4990,52,0
4991,52,0
4992,50,0
4993,52,0
4994,50,0
4995,50,0
4996,52,0
4997,52,0
4998,52,0
4999,50,0
5000,52,0
5001,52,0
5002,52,0
5003,52,0
5004,52,0
5005,50,0
5006,54,0
5007,52,0
5008,52,0
5009,52,0
5010,51,0
5011,51,0
5012,52,0
5013,52,0
5014,52,0
5015,52,0
5016,52,0
5017,55,0
5018,53,0
5019,53,0
5020,52,0
5021,50,0
5022,56,0
5023,53,0
5024,50,0
5025,51,0
5026,53,0
5027,53,0
5028,51,0
5029,53,0
5030,51,0
5031,52,0
5032,52,0
5033,52,0
5034,50,0
5035,52,0
5036,52,0
5037,50,0
5038,52,0
5039,50,0
5040,52,0
5041,50,0
5042,52,0
5043,52,0
5044,52,0
5045,51,0
5046,53,0
5047,53,0
5048,51,0
5049,51,0
5050,54,0
5051,52,0
5052,52,0
5053,52,0
5054,52,0
5055,52,0
5056,51,0
5057,51,0
5058,51,0
5059,51,0
5060,51,0
5061,51,0
5062,53,0
5063,51,0
5064,53,0
5065,53,0
5066,53,0
5067,51,0
5068,53,0
5069,51,0
5070,53,0
5071,53,0
5072,53,0
5073,52,0
5074,52,0
5075,50,0
5076,51,0
5077,53,0
5078,53,0
5079,51,0
5080,53,0
5081,51,0
5082,51,0
5083,51,0
5084,51,0
5085,53,0
5086,52,0
5087,52,0
5088,52,0
5089,52,0
5090,50,0
5091,50,0
5092,54,0
5093,52,0
5094,52,0
5095,52,0
5096,52,0
5097,52,0
5098,52,0
5099,52,0
5100,52,0
5101,50,0
5102,53,0
5103,52,0
5104,52,0
5105,52,0
5106,52,0
5107,50,0
5108,54,0
5109,52,0
5110,52,0
5111,52,0
5112,52,0
5113,54,0
5114,50,0
5115,50,0
5116,52,0
5117,50,0
5118,52,0
5119,52,0
5120,54,0
5121,52,0
5122,50,0
5123,52,0
5124,52,0
5125,52,0
5126,52,0
5127,52,0
5128,50,0
5129,54,0
5130,52,0
5131,52,0
5132,54,0
5133,54,0
5134,52,0
5135,50,0
5136,52,0
5137,52,0
5138,52,0
5139,54,0
5140,54,0
5141,52,0
5142,54,0
5143,50,0
5144,52,0
5145,52,0
5146,52,0
5147,52,0
5148,52,0
5149,50,0
5150,52,0
5151,50,0
5152,54,0
5153,54,0
5154,53,0
5155,53,0
5156,51,0
5157,53,0
5158,53,0
5159,53,0
5160,52,0
5161,52,0
5162,52,0
5163,52,0
5164,52,0
5165,54,0
5166,54,0
5167,54,0
5168,52,0
5169,52,0
5170,52,0
5171,52,0
5172,52,0
5173,52,0
5174,50,0
5175,52,0
5176,52,0
5177,52,0
5178,52,0
5179,54,0
5180,54,0
5181,50,0
5182,52,0
5183,52,0
5184,52,0
5185,50,0
5186,52,0
5187,50,0
5188,50,0
5189,52,0
5190,52,0
5191,50,0
5192,52,0
5193,50,0
5194,50,0
5195,52,0
5196,52,0
5197,50,0
5198,52,0
5199,50,0
5200,52,0
5201,52,0
5202,50,0
5203,52,0
5204,52,0
5205,52,0
5206,52,0
5207,50,0
5208,52,0
5209,52,0
5210,50,0
5211,52,0
5212,52,0
5213,50,0
5214,52,0
5215,54,0
5216,52,0
5217,54,0
5218,52,0
5219,52,0
5220,52,0
5221,50,0
5222,52,0
5223,52,0
5224,52,0
5225,52,0
5226,52,0
5227,51,0
5228,51,0
5229,51,0
5230,53,0
5231,51,0
5232,52,0
5233,52,0
5234,51,0
5235,49,0
5236,55,0
5237,51,0
5238,51,0
5239,55,0
5240,53,0
5241,49,0
5242,55,0
5243,51,0
5244,53,0
5245,51,0
5246,51,0
5247,53,0
5248,53,0
5249,53,0
5250,53,0
5251,52,0
5252,52,0
5253,50,0
5254,54,0
5255,52,0
5256,54,0
5257,52,0
5258,55,0
5259,51,0
5260,51,0
5261,53,0
5262,51,0
5263,49,0
5264,53,0
5265,51,0
5266,53,0
5267,49,0
5268,55,0
5269,52,0
5270,55,0
5271,51,0
5272,53,0
5273,53,0
5274,52,0
5275,52,0
5276,52,0
5277,50,0
5278,52,0
5279,50,0
5280,50,0
5281,50,0
5282,52,0
5283,52,0
5284,53,0
5285,53,0
5286,51,0
5287,51,0
5288,53,0
5289,53,0
5290,53,0
5291,51,0
5292,51,0
5293,51,0
5294,53,0
5295,53,0
5296,51,0
5297,53,0
5298,53,0
5299,51,0
5300,51,0
5301,51,0
5302,53,0
5303,51,0
5304,53,0
5305,55,0
5306,51,0
5307,51,0
5308,55,0
5309,51,0
5310,51,0
5311,51,0
5312,53,0
5313,53,0
5314,53,0
5315,55,0
5316,53,0
5317,51,0
5318,53,0
5319,51,0
5320,53,0
5321,51,0
5322,51,0
5323,53,0
5324,53,0
5325,49,0
5326,51,0
5327,53,0
5328,51,0
5329,49,0
5330,53,0
5331,49,0
5332,55,0
5333,51,0
5334,53,0
5335,50,0
5336,53,0
5337,51,0
5338,51,0
5339,53,0
5340,51,0
5341,51,0
5342,55,0
5343,53,0
5344,51,0
5345,51,0
5346,51,0
5347,53,0
5348,55,0
5349,53,0
5350,55,0
5351,53,0
5352,52,0
5353,52,0
5354,52,0
5355,52,0
5356,52,0
5357,50,0
5358,52,0
5359,52,0
5360,50,0
5361,52,0
5362,53,0
5363,53,0
5364,52,0
5365,50,0
5366,52,0
5367,50,0
5368,52,0
5369,50,0
5370,52,0
5371,50,0
5372,54,0
5373,52,0
5374,50,0
5375,52,0
5376,52,0
5377,50,0
5378,52,0
5379,52,0
5380,52,0
5381,52,0
5382,52,0
5383,50,0
5384,52,0
5385,50,0
5386,52,0
5387,53,0
5388,52,0
5389,52,0
5390,50,0
5391,52,0
5392,54,0
5393,50,0
5394,52,0
5395,52,0
5396,52,0
5397,52,0
5398,50,0
5399,50,0
5400,52,0
5401,50,0
5402,52,0
5403,53,0
5404,53,0
5405,53,0
5406,53,0
5407,51,0
5408,53,0
5409,51,0
5410,51,0
5411,51,0
5412,53,0
5413,51,0
5414,52,0
5415,52,0
5416,52,0
5417,51,0
5418,55,0
5419,51,0
5420,53,0
5421,51,0
5422,53,0
5423,51,0
5424,53,0
5425,51,0
5426,53,0
5427,49,0
5428,51,0
5429,53,0
5430,53,0
5431,51,0
5432,51,0
5433,53,0
5434,53,0
5435,53,0
5436,53,0
5437,49,0
5438,51,0
5439,51,0
5440,53,0
5441,51,0
5442,51,0
5443,51,0
5444,55,0
5445,53,0
5446,51,0
5447,51,0
5448,53,0
5449,49,0
5450,51,0
5451,55,0
5452,51,0
5453,53,0
5454,55,0
5455,49,0
5456,53,0
5457,51,0
5458,53,0
5459,53,0
5460,51,0
5461,51,0
5462,53,0
5463,53,0
5464,51,0
5465,51,0
5466,53,0
5467,51,0
5468,55,0
5469,55,0
5470,55,0
5471,55,0
5472,53,0
5473,51,0
5474,53,0
5475,51,0
5476,51,0
5477,53,0
5478,53,0
5479,51,0
5480,51,0
5481,53,0
5482,51,0
5483,53,0
5484,53,0
5485,51,0
5486,53,0
5487,49,0
5488,53,0
5489,49,0
5490,55,0
5491,53,0
5492,51,0
5493,53,0
5494,53,0
5495,51,0
5496,53,0
5497,51,0
5498,55,0
5499,49,0
5500,51,0
5501,51,0
5502,53,0
5503,51,0
5504,53,0
5505,51,0
5506,51,0
5507,51,0
5508,51,0
5509,53,0
5510,51,0
5511,53,0
5512,53,0
5513,51,0
5514,51,0
5515,53,0
5516,53,0
5517,51,0
5518,52,0
5519,53,0
5520,53,0
5521,53,0
5522,53,0
5523,51,0
5524,49,0
5525,51,0
5526,55,0
5527,51,0
5528,53,0
5529,55,0
5530,49,0
5531,51,0
5532,52,0
5533,52,0
5534,52,0
5535,52,0
5536,52,0
5537,52,0
5538,52,0
5539,50,0
5540,50,0
5541,52,0
5542,50,0
5543,50,0
5544,52,0
5545,52,0
5546,50,0
5547,52,0
5548,50,0
5549,52,0
5550,50,0
5551,52,0
5552,52,0
5553,52,0
5554,52,0
5555,50,0
5556,50,0
5557,52,0
5558,50,0
5559,52,0
5560,52,0
5561,54,0
5562,50,0
5563,52,0
5564,52,0
5565,52,0
5566,50,0
5567,51,0
5568,51,0
5569,51,0
5570,53,0
5571,51,0
5572,51,0
5573,52,0
5574,50,0
5575,54,0
5576,52,0
5577,52,0
5578,52,0
5579,52,0
5580,52,0
5581,51,0
5582,51,0
5583,53,0
5584,55,0
5585,51,0
5586,51,0
5587,55,0
5588,53,0
5589,55,0
5590,53,0
5591,53,0
5592,53,0
5593,53,0
5594,53,0
5595,53,0
5596,53,0
5597,55,0
5598,53,0
5599,51,0
5600,51,0
5601,52,0
5602,53,0
5603,53,0
5604,51,0
5605,53,0
5606,53,0
5607,53,0
5608,55,0
5609,51,0
5610,55,0
5611,51,0
5612,51,0
5613,51,0
5614,51,0
5615,53,0
5616,51,0
5617,51,0
5618,51,0
5619,51,0
5620,51,0
5621,53,0
5622,53,0
5623,55,0
5624,55,0
5625,53,0
5626,53,0
5627,53,0
5628,53,0
5629,51,0
5630,51,0
5631,55,0
5632,53,0
5633,51,0
5634,55,0
5635,55,0
5636,51,0
5637,53,0
5638,53,0
5639,51,0
5640,53,0
5641,51,0
5642,55,0
5643,53,0
5644,51,0
5645,52,0
5646,52,0
5647,52,0
5648,52,0
5649,54,0
5650,54,0
5651,50,0
5652,52,0
5653,55,0
5654,52,0
5655,52,0
5656,52,0
5657,52,0
5658,52,0
5659,52,0
5660,52,0
5661,52,0
5662,52,0
5663,52,0
5664,50,0
5665,52,0
5666,50,0
5667,52,0
5668,50,0
5669,52,0
5670,50,0
5671,53,0
5672,49,0
5673,55,0
5674,51,0
5675,51,0
5676,51,0
5677,51,0
5678,51,0
5679,55,0
5680,51,0
5681,53,0
5682,49,0
5683,53,0
5684,51,0
5685,53,0
5686,51,0
5687,53,0
5688,51,0
5689,53,0
5690,50,0
5691,52,0
5692,50,0
5693,52,0
5694,50,0
5695,54,0
5696,50,0
5697,52,0
5698,50,0
5699,52,0
5700,52,0
5701,52,0
5702,50,0
5703,52,0
5704,50,0
5705,52,0
5706,50,0
5707,50,0
5708,50,0
5709,52,0
5710,52,0
5711,54,0
5712,50,0
5713,52,0
5714,52,0
5715,50,0
5716,50,0
5717,52,0
5718,50,0
5719,52,0
5720,50,0
5721,51,0
5722,51,0
5723,55,0
5724,49,0
5725,53,0
5726,53,0
5727,51,0
5728,53,0
5729,51,0
5730,51,0
5731,51,0
5732,53,0
5733,52,0
5734,50,0
5735,52,0
5736,50,0
5737,51,0
5738,51,0
5739,53,0
5740,53,0
5741,51,0
5742,49,0
5743,51,0
5744,53,0
5745,55,0
5746,55,0
5747,53,0
5748,53,0
5749,55,0
5750,55,0
5751,51,0
5752,53,0
5753,53,0
5754,53,0
5755,53,0
5756,53,0
5757,53,0
5758,54,0
5759,51,0
5760,51,0
5761,55,0
5762,51,0
5763,53,0
5764,51,0
5765,51,0
5766,53,0
5767,53,0
5768,55,0
5769,53,0
5770,51,0
5771,53,0
5772,55,0
5773,52,0
5774,52,0
5775,52,0
5776,52,0
5777,54,0
5778,54,0
5779,52,0
5780,52,0
5781,52,0
5782,52,0
5783,50,0
5784,52,0
5785,52,0
5786,52,0
5787,52,0
5788,52,0
5789,52,0
5790,52,0
5791,52,0
5792,52,0
5793,50,0
5794,52,0
5795,52,0
5796,52,0
5797,52,0
5798,50,0
5799,52,0
5800,50,0
5801,52,0
5802,52,0
5803,50,0
5804,50,0
5805,52,0
5806,52,0
5807,52,0
5808,50,0
5809,52,0
5810,50,0
5811,52,0
5812,52,0
5813,50,0
5814,52,0
5815,50,0
5816,50,0
5817,50,0
5818,52,0
5819,54,0
5820,52,0
5821,50,0
5822,54,0
5823,52,0
5824,52,0
5825,52,0
5826,52,0
5827,49,0
5828,55,0
5829,51,0
5830,55,0
5831,53,0
5832,53,0
5833,51,0
5834,51,0
5835,51,0
5836,51,0
5837,53,0
5838,52,0
5839,52,0
5840,52,0
5841,58,0
5842,52,0
5843,52,0
5844,53,0
5845,51,0
5846,52,0
5847,52,0
5848,52,0
5849,50,0
5850,52,0
5851,50,0
5852,52,0
5853,50,0
5854,52,0
5855,52,0
5856,52,0
5857,53,0
5858,53,0
5859,53,0
5860,51,0
5861,51,0
5862,51,0
5863,51,0
5864,51,0
5865,52,0
5866,53,0
5867,52,0
5868,50,0
5869,54,0
5870,50,0
5871,52,0
5872,51,0
5873,53,0
5874,51,0
5875,53,0
5876,51,0
5877,51,0
5878,51,0
5879,53,0
5880,50,0
5881,52,0
5882,50,0
5883,52,0
5884,52,0
5885,54,0
5886,54,0
5887,52,0
5888,52,0
5889,52,0
5890,52,0
5891,52,0
5892,50,0
5893,55,0
5894,53,0
5895,53,0
5896,51,0
5897,52,0
5898,52,0
5899,52,0
5900,52,0
5901,53,0
5902,49,0
5903,53,0
5904,51,0
5905,51,0
5906,53,0
5907,55,0
5908,51,0
5909,53,0
5910,49,0
5911,51,0
5912,55,0
5913,55,0
5914,51,0
5915,51,0
5916,51,0
5917,55,0
5918,55,0
5919,55,0
5920,53,0
5921,53,0
5922,52,0
5923,52,0
5924,53,0
5925,49,0
5926,51,0
5927,53,0
5928,53,0
5929,53,0
5930,52,0
5931,52,0
5932,54,0
5933,50,0
5934,50,0
5935,54,0
5936,52,0
5937,52,0
5938,50,0
5939,54,0
5940,50,0
5941,54,0
5942,50,0
5943,52,0
5944,52,0
5945,52,0
5946,50,0
5947,52,0
5948,52,0
5949,50,0
5950,52,0
5951,52,0
5952,50,0
5953,54,0
5954,50,0
5955,50,0
5956,50,0
5957,52,0
5958,52,0
5959,52,0
5960,50,0
5961,54,0
5962,52,0
5963,52,0
5964,51,0
5965,51,0
5966,55,0
5967,53,0
5968,51,0
5969,53,0
5970,51,0
5971,55,0
5972,50,0
5973,52,0
5974,50,0
5975,52,0
5976,50,0
5977,54,0
5978,50,0
5979,50,0
5980,52,0
5981,52,0
5982,52,0
5983,52,0
5984,50,0
5985,52,0
5986,51,0
5987,51,0
5988,53,0
5989,55,0
5990,51,0
5991,53,0
5992,49,0
5993,55,0
5994,52,0
5995,54,0
5996,50,0
5997,54,0
5998,52,0
5999,50,0
6000,50,0
6001,54,0
6002,54,0
6003,52,0
6004,52,0
6005,52,0
6006,51,0
6007,51,0
6008,52,0
6009,52,0
6010,54,0
6011,50,0
6012,51,0
6013,53,0
6014,53,0
6015,55,0
6016,55,0
6017,49,0
6018,51,0
6019,55,0
6020,53,0
6021,52,0
6022,55,0
6023,52,0
6024,55,0
6025,50,0
6026,52,0
6027,50,0
6028,50,0
6029,50,0
6030,50,0
6031,52,0
6032,54,0
6033,52,0
6034,52,0
6035,52,0
6036,52,0
6037,50,0
6038,50,0
6039,52,0
6040,52,0
6041,54,0
6042,54,0
6043,50,0
6044,54,0
6045,53,0
6046,54,0
6047,53,0
6048,51,0
6049,51,0
6050,53,0
6051,53,0
6052,55,0
6053,49,0
6054,51,0
6055,53,0
6056,53,0
6057,51,0
6058,53,0
6059,53,0
6060,51,0
6061,52,0
6062,52,0
6063,52,0
6064,53,0
6065,51,0
6066,53,0
6067,53,0
6068,51,0
6069,53,0
6070,55,0
6071,50,0
6072,55,0
6073,52,0
6074,52,0
6075,50,0
6076,52,0
6077,50,0
6078,52,0
6079,52,0
6080,52,0
6081,54,0
6082,52,0
6083,50,0
6084,54,0
6085,52,0
6086,52,0
6087,51,0
6088,55,0
6089,51,0
6090,55,0
6091,51,0
6092,52,0
6093,49,0
6094,55,0
6095,49,0
6096,55,0
6097,53,0
6098,51,0
6099,53,0
6100,53,0
6101,51,0
6102,51,0
6103,55,0
6104,55,0
6105,50,0
6106,52,0
6107,52,0
6108,54,0
6109,52,0
6110,54,0
6111,52,0
6112,52,0
6113,50,0
6114,52,0
6115,52,0
6116,52,0
6117,52,0
6118,55,0
6119,52,0
6120,50,0
6121,52,0
6122,52,0
6123,53,0
6124,53,0
6125,53,0
6126,51,0
6127,53,0
6128,53,0
6129,53,0
6130,52,0
6131,52,0
6132,50,0
6133,52,0
6134,54,0
6135,50,0
6136,50,0
6137,52,0
6138,50,0
6139,54,0
6140,51,0
6141,53,0
6142,51,0
6143,53,0
6144,53,0
6145,51,0
6146,52,0
6147,54,0
6148,53,0
6149,51,0
6150,54,0
6151,50,0
6152,52,0
6153,54,0
6154,52,0
6155,52,0
6156,52,0
6157,52,0
6158,52,0
6159,50,0
6160,52,0
6161,52,0
6162,54,0
6163,52,0
6164,51,0
6165,51,0
6166,51,0
6167,53,0
6168,53,0
6169,55,0
6170,52,0
6171,52,0
6172,52,0
6173,50,0
6174,54,0
6175,52,0
6176,54,0
6177,50,0
6178,52,0
6179,52,0
6180,54,0
6181,52,0
6182,52,0
6183,52,0
6184,52,0
6185,52,0
6186,52,0
6187,50,0
6188,54,0
6189,52,0
6190,52,0
6191,52,0
6192,52,0
6193,53,0
6194,55,0
6195,53,0
6196,51,0
6197,51,0
6198,51,0
6199,51,0
6200,51,0
6201,52,0
6202,54,0
6203,50,0
6204,50,0
6205,53,0
6206,51,0
6207,53,0
6208,50,0
6209,52,0
6210,52,0
6211,54,0
6212,50,0
6213,54,0
6214,52,0
6215,54,0
6216,52,0
6217,52,0
6218,52,0
6219,52,0
6220,50,0
6221,52,0
6222,50,0
6223,53,0
6224,53,0
6225,55,0
6226,51,0
6227,53,0
6228,53,0
6229,55,0
6230,53,0
6231,55,0
6232,53,0
6233,51,0
6234,53,0
6235,51,0
6236,51,0
6237,51,0
6238,55,0
6239,51,0
6240,51,0
6241,52,0
6242,51,0
6243,50,0
6244,52,0
6245,52,0
6246,52,0
6247,52,0
6248,50,0
6249,54,0
6250,52,0
6251,50,0
6252,52,0
6253,50,0
6254,52,0
6255,52,0
6256,52,0
6257,52,0
6258,51,0
6259,53,0
6260,53,0
6261,53,0
6262,55,0
6263,52,0
6264,53,0
6265,51,0
6266,51,0
6267,53,0
6268,55,0
6269,55,0
6270,51,0
6271,52,0
6272,52,0
6273,54,0
6274,50,0
6275,52,0
6276,50,0
6277,52,0
6278,54,0
6279,52,0
6280,52,0
6281,52,0
6282,52,0
6283,53,0
6284,51,0
6285,53,0
6286,53,0
6287,51,0
6288,51,0
6289,53,0
6290,51,0
6291,51,0
6292,53,0
6293,55,0
6294,51,0
6295,53,0
6296,51,0
6297,52,0
6298,52,0
6299,52,0
6300,54,0
6301,50,0
6302,54,0
6303,50,0
6304,52,0
6305,52,0
6306,54,0
6307,50,0
6308,52,0
6309,51,0
6310,51,0
6311,51,0
6312,55,0
6313,53,0
6314,55,0
6315,55,0
6316,55,0
6317,51,0
6318,53,0
6319,53,0
6320,51,0
6321,53,0
6322,51,0
6323,53,0
6324,49,0
6325,51,0
6326,50,0
6327,52,0
6328,54,0
6329,54,0
6330,50,0
6331,52,0
6332,50,0
6333,52,0
6334,52,0
6335,50,0
6336,52,0
6337,52,0
6338,50,0
6339,54,0
6340,50,0
6341,52,0
6342,52,0
6343,53,0
6344,51,0
6345,53,0
6346,52,0
6347,52,0
6348,52,0
6349,52,0
6350,52,0
6351,52,0
6352,52,0
6353,52,0
6354,55,0
6355,55,0
6356,55,0
6357,51,0
6358,51,0
6359,51,0
6360,53,0
6361,55,0
6362,51,0
6363,51,0
6364,55,0
6365,55,0
6366,55,0
6367,51,0
6368,53,0
6369,50,0
6370,52,0
6371,52,0
6372,50,0
6373,51,0
6374,53,0
6375,53,0
6376,51,0
6377,53,0
6378,52,0
6379,54,0
6380,50,0
6381,52,0
6382,50,0
6383,54,0
6384,54,0
6385,52,0
6386,52,0
6387,50,0
6388,50,0
6389,52,0
6390,52,0
6391,55,0
6392,51,0
6393,51,0
6394,53,0
6395,53,0
6396,51,0
6397,53,0
6398,53,0
6399,52,0
6400,52,0
6401,54,0
6402,53,0
6403,49,0
6404,55,0
6405,52,0
6406,54,0
6407,50,0
6408,50,0
6409,50,0
6410,52,0
6411,52,0
6412,54,0
6413,52,0
6414,52,0
6415,52,0
6416,52,0
6417,51,0
6418,51,0
6419,51,0
6420,51,0
6421,51,0
6422,55,0
6423,55,0
6424,55,0
6425,51,0
6426,53,0
6427,50,0
6428,52,0
6429,50,0
6430,53,0
6431,53,0
6432,52,0
6433,52,0
6434,52,0
6435,50,0
6436,54,0
6437,50,0
6438,50,0
6439,52,0
6440,52,0
6441,52,0
6442,52,0
6443,51,0
6444,53,0
6445,51,0
6446,51,0
6447,53,0
6448,55,0
6449,51,0
6450,53,0
6451,53,0
6452,53,0
6453,52,0
6454,54,0
6455,50,0
6456,52,0
6457,53,0
6458,51,0
6459,51,0
6460,51,0
6461,55,0
6462,52,0
6463,52,0
6464,52,0
6465,50,0
6466,52,0
6467,54,0
6468,50,0
6469,52,0
6470,52,0
6471,54,0
6472,52,0
6473,54,0
6474,52,0
6475,55,0
6476,53,0
6477,51,0
6478,51,0
6479,51,0
6480,53,0
6481,53,0
6482,51,0
6483,53,0
6484,55,0
6485,51,0
6486,55,0
6487,51,0
6488,53,0
6489,53,0
6490,53,0
6491,53,0
6492,51,0
6493,53,0
6494,53,0
6495,52,0
6496,52,0
6497,54,0
6498,52,0
6499,52,0
6500,52,0
6501,50,0
6502,54,0
6503,50,0
6504,54,0
6505,50,0
6506,54,0
6507,52,0
6508,54,0
6509,50,0
6510,54,0
6511,52,0
6512,54,0
6513,54,0
6514,52,0
6515,52,0
6516,54,0
6517,50,0
6518,52,0
6519,52,0
6520,52,0
6521,51,0
6522,53,0
6523,53,0
6524,53,0
6525,53,0
6526,51,0
6527,51,0
6528,51,0
6529,51,0
6530,53,0
6531,55,0
6532,52,0
6533,52,0
6534,52,0
6535,52,0
6536,52,0
6537,50,0
6538,52,0
6539,50,0
6540,50,0
6541,54,0
6542,52,0
6543,52,0
6544,52,0
6545,52,0
6546,52,0
6547,52,0
6548,52,0
6549,52,0
6550,52,0
6551,52,0
6552,51,0
6553,55,0
6554,51,0
6555,51,0
6556,53,0
6557,55,0
6558,53,0
6559,55,0
6560,51,0
6561,55,0
6562,52,0
6563,52,0
6564,52,0
6565,52,0
6566,54,0
6567,52,0
6568,52,0
6569,50,0
6570,50,0
6571,50,0
6572,52,0
6573,50,0
6574,54,0
6575,50,0
6576,52,0
6577,52,0
6578,52,0
6579,55,0
6580,55,0
6581,51,0
6582,51,0
6583,53,0
6584,53,0
6585,52,0
6586,52,0
6587,50,0
6588,52,0
6589,50,0
6590,52,0
6591,52,0
6592,52,0
6593,50,0
6594,52,0
6595,51,0
6596,55,0
6597,52,0
6598,50,0
6599,54,0
6600,50,0
6601,51,0
6602,51,0
6603,51,0
6604,55,0
6605,51,0
6606,51,0
6607,52,0
6608,52,0
6609,52,0
6610,52,0
6611,52,0
6612,52,0
6613,52,0
6614,52,0
6615,52,0
6616,52,0
6617,50,0
6618,52,0
6619,54,0
6620,51,0
6621,53,0
6622,51,0
6623,51,0
6624,53,0
6625,53,0
6626,55,0
6627,53,0
6628,53,0
6629,53,0
6630,51,0
6631,51,0
6632,51,0
6633,55,0
6634,53,0
6635,53,0
6636,50,0
6637,52,0
6638,52,0
6639,52,0
6640,54,0
6641,54,0
6642,52,0
6643,50,0
6644,52,0
6645,50,0
6646,52,0
6647,52,0
6648,50,0
6649,52,0
6650,52,0
6651,52,0
6652,52,0
6653,50,0
6654,52,0
6655,50,0
6656,54,0
6657,54,0
6658,52,0
6659,52,0
6660,50,0
6661,57,0
6662,54,0
6663,51,0
6664,53,0
6665,54,0
6666,52,0
6667,52,0
6668,52,0
6669,52,0
6670,49,0
6671,52,0
6672,54,0
6673,52,0
6674,52,0
6675,52,0
6676,54,0
6677,52,0
6678,52,0
6679,49,0
6680,52,0
6681,51,0
6682,52,0
6683,51,0
6684,52,0
6685,52,0
6686,54,0
6687,52,0
6688,52,0
6689,52,0
6690,54,0
6691,52,0
6692,52,0
6693,50,0
6694,54,0
6695,54,0
6696,50,0
6697,52,0
6698,52,0
6699,52,0
6700,50,0
6701,52,0
6702,52,0
6703,50,0
6704,52,0
6705,54,0
6706,52,0
6707,52,0
6708,52,0
6709,50,0
6710,50,0
6711,50,0
6712,52,0
6713,52,0
6714,52,0
6715,52,0
6716,50,0
6717,54,0
6718,52,0
6719,52,0
6720,52,0
6721,52,0
6722,52,0
6723,54,0
6724,50,0
6725,54,0
6726,50,0
6727,52,0
6728,50,0
6729,52,0
6730,52,0
6731,52,0
6732,50,0
6733,52,0
6734,52,0
6735,52,0
6736,52,0
6737,50,0
6738,52,0
6739,52,0
6740,50,0
6741,52,0
6742,54,0
6743,50,0
6744,54,0
6745,52,0
6746,54,0
6747,52,0
6748,52,0
6749,50,0
6750,54,0
6751,52,0
6752,50,0
6753,52,0
6754,52,0
6755,50,0
6756,52,0
6757,52,0
6758,50,0
6759,52,0
6760,52,0
6761,52,0
6762,52,0
6763,54,0
6764,52,0
6765,54,0
6766,52,0
6767,51,0
6768,51,0
6769,51,0
6770,51,0
6771,53,0
6772,51,0
6773,51,0
6774,51,0
6775,55,0
6776,51,0
6777,53,0
6778,51,0
6779,53,0
6780,51,0
6781,53,0
6782,52,0
6783,52,0
6784,52,0
6785,52,0
6786,52,0
6787,52,0
6788,52,0
6789,52,0
6790,52,0
6791,52,0
6792,50,0
6793,50,0
6794,53,0
6795,51,0
6796,53,0
6797,51,0
6798,55,0
6799,53,0
6800,51,0
6801,53,0
6802,53,0
6803,51,0
6804,55,0
6805,51,0
6806,53,0
6807,51,0
6808,55,0
6809,51,0
6810,53,0
6811,53,0
6812,53,0
6813,51,0
6814,51,0
6815,51,0
6816,53,0
6817,51,0
6818,53,0
6819,49,0
6820,55,0
6821,55,0
6822,51,0
6823,51,0
6824,53,0
6825,53,0
6826,53,0
6827,53,0
6828,55,0
6829,53,0
6830,55,0
6831,54,0
6832,52,0
6833,52,0
6834,52,0
6835,52,0
6836,52,0
6837,52,0
6838,50,0
6839,52,0
6840,52,0
6841,52,0
6842,52,0
6843,54,0
6844,50,0
6845,52,0
6846,52,0
6847,52,0
6848,50,0
6849,54,0
6850,52,0
6851,50,0
6852,52,0
6853,52,0
6854,52,0
6855,52,0
6856,52,0
6857,52,0
6858,50,0
6859,52,0
6860,54,0
6861,54,0
6862,52,0
6863,50,0
6864,54,0
6865,54,0
6866,52,0
6867,50,0
6868,52,0
6869,50,0
6870,52,0
6871,52,0
6872,54,0
6873,52,0
6874,52,0
6875,52,0
6876,54,0
6877,52,0
6878,52,0
6879,50,0
6880,54,0
6881,52,0
6882,54,0
6883,50,0
6884,54,0
6885,50,0
6886,52,0
6887,52,0
6888,54,0
6889,50,0
6890,52,0
6891,50,0
6892,54,0
6893,50,0
6894,52,0
6895,52,0
6896,54,0
6897,52,0
6898,52,0
6899,52,0
6900,54,0
6901,53,0
6902,52,0
6903,53,0
6904,53,0
6905,51,0
6906,53,0
6907,51,0
6908,51,0
6909,52,0
6910,52,0
6911,50,0
6912,52,0
6913,50,0
6914,52,0
6915,52,0
6916,52,0
6917,54,0
6918,52,0
6919,52,0
6920,52,0
6921,54,0
6922,53,0
6923,52,0
6924,51,0
6925,52,0
6926,51,0
6927,52,0
6928,49,0
6929,53,0
6930,53,0
6931,51,0
6932,51,0
6933,51,0
6934,53,0
6935,51,0
6936,53,0
6937,53,0
6938,55,0
6939,51,0
6940,53,0
6941,55,0
6942,50,0
6943,52,0
6944,52,0
6945,54,0
6946,52,0
6947,52,0
6948,50,0
6949,52,0
6950,52,0
6951,51,0
6952,51,0
6953,51,0
6954,51,0
6955,51,0
6956,51,0
6957,51,0
6958,53,0
6959,53,0
6960,51,0
6961,51,0
6962,53,0
6963,53,0
6964,51,0
6965,52,0
6966,52,0
6967,54,0
6968,52,0
6969,53,0
6970,53,0
6971,51,0
6972,53,0
6973,51,0
6974,53,0
6975,53,0
6976,55,0
6977,53,0
6978,51,0
6979,51,0
6980,51,0
6981,51,0
6982,51,0
6983,52,0
6984,52,0
6985,52,0
6986,52,0
6987,52,0
6988,52,0
6989,52,0
6990,52,0
6991,52,0
6992,52,0
6993,52,0
6994,54,0
6995,50,0
6996,52,0
6997,54,0
6998,52,0
6999,54,0
7000,50,0
7001,52,0
7002,52,0
7003,52,0
7004,54,0
7005,52,0
7006,52,0
7007,53,0
7008,51,0
7009,53,0
7010,55,0
7011,53,0
7012,51,0
7013,51,0
7014,51,0
7015,51,0
7016,53,0
7017,52,0
7018,50,0
7019,52,0
7020,52,0
7021,54,0
7022,54,0
7023,52,0
7024,53,0
7025,53,0
7026,55,0
7027,52,0
7028,54,0
7029,52,0
7030,54,0
7031,52,0
7032,52,0
7033,52,0
7034,52,0
7035,54,0
7036,52,0
7037,52,0
7038,51,0
7039,53,0
7040,53,0
7041,53,0
7042,51,0
7043,55,0
7044,51,0
7045,53,0
7046,53,0
7047,52,0
7048,54,0
7049,52,0
7050,53,0
7051,51,0
7052,53,0
7053,51,0
7054,54,0
7055,52,0
7056,52,0
7057,54,0
7058,54,0
7059,52,0
7060,54,0
7061,52,0
7062,52,0
7063,52,0
7064,54,0
7065,50,0
7066,52,0
7067,51,0
7068,51,0
7069,51,0
7070,51,0
7071,51,0
7072,51,0
7073,51,0
7074,51,0
7075,51,0
7076,53,0
7077,51,0
7078,55,0
7079,51,0
7080,51,0
7081,55,0
7082,55,0
7083,51,0
7084,53,0
7085,51,0
7086,53,0
7087,53,0
7088,51,0
7089,53,0
7090,51,0
7091,51,0
7092,52,0
7093,52,0
7094,50,0
7095,52,0
7096,52,0
7097,52,0
7098,52,0
7099,52,0
7100,52,0
7101,52,0
7102,52,0
7103,52,0
7104,52,0
7105,52,0
7106,54,0
7107,52,0
7108,54,0
7109,52,0
7110,54,0
7111,52,0
7112,54,0
7113,54,0
7114,52,0
7115,50,0
7116,52,0
7117,50,0
7118,52,0
7119,52,0
7120,52,0
7121,52,0
7122,51,0
7123,52,0
7124,55,0
7125,51,0
7126,53,0
7127,51,0
7128,52,0
7129,52,0
7130,52,0
7131,54,0
7132,52,0
7133,53,0
7134,52,0
7135,53,0
7136,51,0
7137,53,0
7138,51,0
7139,53,0
7140,51,0
7141,51,0
7142,51,0
7143,53,0
7144,55,0
7145,52,0
7146,52,0
7147,54,0
7148,52,0
7149,50,0
7150,52,0
7151,52,0
7152,52,0
7153,54,0
7154,52,0
7155,55,0
7156,51,0
7157,53,0
7158,51,0
7159,51,0
7160,53,0
7161,53,0
7162,51,0
7163,51,0
7164,55,0
7165,52,0
7166,54,0
7167,52,0
7168,52,0
7169,52,0
7170,52,0
7171,50,0
7172,50,0
7173,52,0
7174,50,0
7175,54,0
7176,54,0
7177,52,0
7178,52,0
7179,52,0
7180,50,0
7181,52,0
7182,52,0
7183,52,0
7184,54,0
7185,52,0
7186,50,0
7187,54,0
7188,52,0
7189,54,0
7190,52,0
7191,52,0
7192,52,0
7193,55,0
7194,51,0
7195,51,0
7196,51,0
7197,53,0
7198,53,0
7199,53,0
7200,53,0
7201,51,0
7202,51,0
7203,53,0
7204,53,0
7205,52,0
7206,52,0
7207,52,0
7208,50,0
7209,50,0
7210,52,0
7211,49,0
7212,52,0
7213,52,0
7214,52,0
7215,52,0
7216,52,0
7217,52,0
7218,52,0
7219,54,0
7220,52,0
7221,50,0
7222,52,0
7223,52,0
7224,52,0
7225,51,0
7226,51,0
7227,51,0
7228,51,0
7229,51,0
7230,53,0
7231,55,0
7232,53,0
7233,51,0
7234,51,0
7235,55,0
7236,53,0
7237,51,0
7238,53,0
7239,55,0
7240,51,0
7241,55,0
7242,51,0
7243,53,0
7244,51,0
7245,55,0
7246,52,0
7247,52,0
7248,52,0
7249,52,0
7250,52,0
7251,52,0
7252,54,0
7253,54,0
7254,54,0
7255,52,0
7256,50,0
7257,52,0
7258,50,0
7259,52,0
7260,50,0
7261,52,0
7262,50,0
7263,50,0
7264,50,0
7265,54,0
7266,54,0
7267,54,0
7268,52,0
7269,52,0
7270,54,0
7271,52,0
7272,54,0
7273,52,0
7274,54,0
7275,52,0
7276,52,0
7277,52,0
7278,53,0
7279,53,0
7280,53,0
7281,53,0
7282,55,0
7283,51,0
7284,53,0
7285,53,0
7286,51,0
7287,51,0
7288,51,0
7289,51,0
7290,49,0
7291,51,0
7292,51,0
7293,51,0
7294,51,0
7295,53,0
7296,55,0
7297,53,0
7298,55,0
7299,51,0
7300,54,0
7301,52,0
7302,54,0
7303,52,0
7304,54,0
7305,52,0
7306,52,0
7307,54,0
7308,54,0
7309,50,0
7310,54,0
7311,52,0
7312,52,0
7313,54,0
7314,54,0
7315,52,0
7316,50,0
7317,52,0
7318,52,0
7319,52,0
7320,54,0
7321,52,0
7322,52,0
7323,52,0
7324,52,0
7325,51,0
7326,51,0
7327,51,0
7328,51,0
7329,55,0
7330,55,0
7331,53,0
7332,53,0
7333,51,0
7334,53,0
7335,52,0
7336,52,0
7337,50,0
7338,54,0
7339,50,0
7340,54,0
7341,50,0
7342,52,0
7343,52,0
7344,50,0
7345,54,0
7346,52,0
7347,52,0
7348,52,0
7349,52,0
7350,50,0
7351,50,0
7352,53,0
7353,53,0
7354,53,0
7355,55,0
7356,51,0
7357,53,0
7358,55,0
7359,53,0
7360,54,0
7361,52,0
7362,52,0
7363,52,0
7364,52,0
7365,52,0
7366,52,0
7367,52,0
7368,52,0
7369,52,0
7370,52,0
7371,52,0
7372,50,0
7373,52,0
7374,52,0
7375,52,0
7376,52,0
7377,54,0
7378,52,0
7379,52,0
7380,53,0
7381,55,0
7382,53,0
7383,53,0
7384,53,0
7385,51,0
7386,51,0
7387,55,0
7388,53,0
7389,51,0
7390,51,0
7391,55,0
7392,52,0
7393,52,0
7394,53,0
7395,49,0
7396,55,0
7397,51,0
7398,55,0
7399,51,0
7400,52,0
7401,52,0
7402,54,0
7403,50,0
7404,54,0
7405,52,0
7406,54,0
7407,52,0
7408,54,0
7409,52,0
7410,54,0
7411,52,0
7412,54,0
7413,52,0
7414,54,0
7415,52,0
7416,54,0
7417,52,0
7418,55,0
7419,53,0
7420,50,0
7421,54,0
7422,52,0
7423,52,0
7424,52,0
7425,52,0
7426,52,0
7427,52,0
7428,54,0
7429,52,0
7430,55,0
7431,51,0
7432,51,0
7433,55,0
7434,53,0
7435,55,0
7436,51,0
7437,51,0
7438,51,0
7439,53,0
7440,51,0
7441,51,0
7442,51,0
7443,53,0
7444,53,0
7445,53,0
7446,53,0
7447,51,0
7448,53,0
7449,51,0
7450,51,0
7451,53,0
7452,55,0
7453,53,0
7454,53,0
7455,51,0
7456,52,0
7457,52,0
7458,54,0
7459,52,0
7460,54,0
7461,52,0
7462,54,0
7463,50,0
7464,54,0
7465,52,0
7466,54,0
7467,52,0
7468,54,0
7469,52,0
7470,53,0
7471,53,0
7472,50,0
7473,52,0
7474,52,0
7475,50,0
7476,54,0
7477,50,0
7478,54,0
7479,52,0
7480,55,0
7481,53,0
7482,50,0
7483,54,0
7484,50,0
7485,52,0
7486,52,0
7487,52,0
7488,52,0
7489,52,0
7490,50,0
7491,52,0
7492,52,0
7493,52,0
7494,50,0
7495,55,0
7496,51,0
7497,51,0
7498,53,0
7499,51,0
7500,51,0
7501,54,0
7502,52,0
7503,52,0
7504,52,0
7505,51,0
7506,51,0
7507,53,0
7508,53,0
7509,55,0
7510,53,0
7511,51,0
7512,51,0
7513,55,0
7514,51,0
7515,53,0
7516,53,0
7517,51,0
7518,49,0
7519,53,0
7520,50,0
7521,54,0
7522,50,0
7523,50,0
7524,52,0
7525,50,0
7526,52,0
7527,52,0
7528,53,0
7529,53,0
7530,51,0
7531,53,0
7532,53,0
7533,51,0
7534,55,0
7535,51,0
7536,55,0
7537,51,0
7538,53,0
7539,51,0
7540,54,0
7541,52,0
7542,52,0
7543,54,0
7544,52,0
7545,52,0
7546,54,0
7547,52,0
7548,54,0
7549,52,0
7550,50,0
7551,52,0
7552,54,0
7553,52,0
7554,55,0
7555,53,0
7556,53,0
7557,55,0
7558,53,0
7559,51,0
7560,51,0
7561,53,0
7562,55,0
7563,53,0
7564,52,0
7565,53,0
7566,52,0
7567,52,0
7568,52,0
7569,52,0
7570,52,0
7571,52,0
7572,52,0
7573,50,0
7574,52,0
7575,52,0
7576,52,0
7577,50,0
7578,52,0
7579,52,0
7580,54,0
7581,51,0
7582,51,0
7583,51,0
7584,53,0
7585,53,0
7586,53,0
7587,51,0
7588,51,0
7589,51,0
7590,53,0
7591,52,0
7592,52,0
7593,54,0
7594,52,0
7595,52,0
7596,52,0
7597,52,0
7598,52,0
7599,52,0
7600,52,0
7601,50,0
7602,52,0
7603,52,0
7604,52,0
7605,52,0
7606,52,0
7607,52,0
7608,52,0
7609,52,0
7610,51,0
7611,51,0
7612,50,0
7613,53,0
7614,55,0
7615,51,0
7616,51,0
7617,51,0
7618,51,0
7619,51,0
7620,51,0
7621,53,0
7622,51,0
7623,51,0
7624,51,0
7625,53,0
7626,53,0
7627,52,0
7628,52,0
7629,52,0
7630,50,0
7631,52,0
7632,52,0
7633,50,0
7634,52,0
7635,50,0
7636,52,0
7637,52,0
7638,52,0
7639,52,0
7640,52,0
7641,52,0
7642,55,0
7643,53,0
7644,51,0
7645,53,0
7646,51,0
7647,51,0
7648,53,0
7649,53,0
7650,53,0
7651,53,0
7652,53,0
7653,51,0
7654,53,0
7655,51,0
7656,53,0
7657,51,0
7658,55,0
7659,53,0
7660,53,0
7661,52,0
7662,50,0
7663,50,0
7664,54,0
7665,52,0
7666,52,0
7667,50,0
7668,50,0
7669,52,0
7670,50,0
7671,52,0
7672,50,0
7673,52,0
7674,52,0
7675,52,0
7676,52,0
7677,53,0
7678,51,0
7679,51,0
7680,55,0
7681,53,0
7682,51,0
7683,53,0
7684,55,0
7685,51,0
7686,55,0
7687,51,0
7688,54,0
7689,52,0
7690,54,0
7691,52,0
7692,54,0
7693,52,0
7694,52,0
7695,52,0
7696,53,0
7697,51,0
7698,51,0
7699,53,0
7700,53,0
7701,55,0
7702,53,0
7703,51,0
7704,51,0
7705,51,0
7706,51,0
7707,52,0
7708,52,0
7709,52,0
7710,52,0
7711,54,0
7712,54,0
7713,52,0
7714,50,0
7715,53,0
7716,51,0
7717,53,0
7718,55,0
7719,51,0
7720,53,0
7721,51,0
7722,51,0
7723,53,0
7724,52,0
7725,52,0
7726,50,0
7727,54,0
7728,52,0
7729,50,0
7730,52,0
7731,52,0
7732,54,0
7733,54,0
7734,54,0
7735,52,0
7736,52,0
7737,52,0
7738,55,0
7739,55,0
7740,51,0
7741,51,0
7742,51,0
7743,51,0
7744,54,0
7745,52,0
7746,52,0
7747,52,0
7748,50,0
7749,52,0
7750,50,0
7751,52,0
7752,52,0
7753,54,0
7754,55,0
7755,51,0
7756,51,0
7757,49,0
7758,51,0
7759,51,0
7760,53,0
7761,53,0
7762,53,0
7763,51,0
7764,51,0
7765,51,0
7766,49,0
7767,51,0
7768,53,0
7769,53,0
7770,51,0
7771,51,0
7772,53,0
7773,51,0
7774,51,0
7775,53,0
7776,53,0
7777,51,0
7778,53,0
7779,51,0
7780,52,0
7781,52,0
7782,52,0
7783,52,0
7784,51,0
7785,51,0
7786,53,0
7787,51,0
7788,51,0
7789,53,0
7790,53,0
7791,49,0
7792,51,0
7793,51,0
7794,53,0
7795,51,0
7796,55,0
7797,51,0
7798,55,0
7799,49,0
7800,51,0
7801,51,0
7802,49,0
7803,53,0
7804,51,0
7805,51,0
7806,53,0
7807,53,0
7808,53,0
7809,51,0
7810,51,0
7811,51,0
7812,55,0
7813,53,0
7814,53,0
7815,53,0
7816,51,0
7817,51,0
7818,51,0
7819,51,0
7820,55,0
7821,55,0
7822,55,0
7823,51,0
7824,51,0
7825,55,0
7826,53,0
7827,51,0
7828,51,0
7829,55,0
7830,51,0
7831,55,0
7832,51,0
7833,55,0
7834,51,0
7835,51,0
7836,52,0
7837,52,0
7838,54,0
7839,54,0
7840,51,0
7841,52,0
7842,52,0
7843,52,0
7844,52,0
7845,53,0
7846,53,0
7847,51,0
7848,55,0
7849,51,0
7850,53,0
7851,55,0
7852,53,0
7853,52,0
7854,52,0
7855,54,0
7856,54,0
7857,54,0
7858,55,0
7859,55,0
7860,55,0
7861,55,0
7862,53,0
7863,51,0
7864,54,0
7865,54,0
7866,52,0
7867,52,0
7868,53,0
7869,55,0
7870,52,0
7871,54,0
7872,54,0
7873,52,0
7874,54,0
7875,53,0
7876,53,0
7877,51,0
7878,53,0
7879,54,0
7880,52,0
7881,54,0
7882,50,0
7883,51,0
7884,53,0
7885,51,0
7886,53,0
7887,52,0
7888,52,0
7889,50,0
7890,52,0
7891,52,0
7892,55,0
7893,51,0
7894,51,0
7895,53,0
7896,59,0
7897,51,0
7898,52,0
7899,50,0
7900,50,0
7901,52,0
7902,52,0
7903,54,0
7904,52,0
7905,52,0
7906,54,0
7907,52,0
7908,50,0
7909,52,0
7910,52,0
7911,49,0
7912,51,0
7913,55,0
7914,51,0
7915,53,0
7916,52,0
7917,52,0
7918,51,0
7919,51,0
7920,53,0
7921,51,0
7922,51,0
7923,51,0
7924,50,0
7925,52,0
7926,52,0
7927,52,0
7928,52,0
7929,52,0
7930,52,0
7931,52,0
7932,50,0
7933,52,0
7934,51,0
7935,55,0
7936,51,0
7937,53,0
7938,53,0
7939,51,0
7940,52,0
7941,54,0
7942,52,0
7943,52,0
7944,50,0
7945,52,0
7946,52,0
7947,52,0
7948,52,0
7949,52,0
7950,50,0
7951,50,0
7952,52,0
7953,52,0
7954,50,0
7955,52,0
7956,52,0
7957,51,0
7958,51,0
7959,51,0
7960,49,0
7961,51,0
7962,51,0
7963,53,0
7964,52,0
7965,52,0
7966,52,0
7967,52,0
7968,50,0
7969,52,0
7970,50,0
7971,50,0
7972,50,0
7973,52,0
7974,51,0
7975,53,0
7976,51,0
7977,52,0
7978,52,0
7979,53,0
7980,51,0
7981,53,0
7982,53,0
7983,49,0
7984,51,0
7985,55,0
7986,51,0
7987,51,0
7988,52,0
7989,50,0
7990,52,0
7991,50,0
7992,52,0
7993,52,0
7994,50,0
7995,52,0
7996,52,0
7997,50,0
7998,52,0
7999,52,0
8000,52,0
8001,50,0
8002,53,0
8003,51,0
8004,53,0
8005,53,0
8006,50,0
8007,52,0
8008,52,0
8009,50,0
8010,52,0
8011,52,0
8012,53,0
8013,52,0
8014,53,0
8015,53,0
8016,51,0
8017,53,0
8018,53,0
8019,53,0
8020,51,0
8021,51,0
8022,51,0
8023,53,0
8024,53,0
8025,52,0
8026,52,0
8027,54,0
8028,52,0
8029,52,0
8030,50,0
8031,50,0
8032,52,0
8033,52,0
8034,50,0
8035,52,0
8036,52,0
8037,50,0
8038,50,0
8039,52,0
8040,50,0
8041,52,0
8042,52,0
8043,53,0
8044,49,0
8045,55,0
8046,49,0
8047,53,0
8048,53,0
8049,51,0
8050,53,0
8051,55,0
8052,49,0
8053,51,0
8054,52,0
8055,52,0
8056,50,0
8057,52,0
8058,50,0
8059,52,0
8060,50,0
8061,52,0
8062,50,0
8063,52,0
8064,50,0
8065,50,0
8066,52,0
8067,54,0
8068,50,0
8069,52,0
8070,50,0
8071,54,0
8072,52,0
8073,52,0
8074,50,0
8075,51,0
8076,52,0
8077,51,0
8078,53,0
8079,53,0
8080,51,0
8081,51,0
8082,51,0
8083,51,0
8084,51,0
8085,53,0
8086,53,0
8087,52,0
8088,51,0
8089,52,0
8090,53,0
8091,51,0
8092,51,0
8093,53,0
8094,53,0
8095,53,0
8096,51,0
8097,50,0
8098,52,0
8099,50,0
8100,50,0
8101,50,0
8102,50,0
8103,52,0
8104,50,0
8105,50,0
8106,52,0
8107,50,0
8108,52,0
8109,51,0
8110,51,0
8111,53,0
8112,52,0
8113,51,0
8114,53,0
8115,53,0
8116,53,0
8117,55,0
8118,52,0
8119,50,0
8120,52,0
8121,52,0
8122,53,0
8123,52,0
8124,52,0
8125,51,0
8126,53,0
8127,51,0
8128,53,0
8129,51,0
8130,55,0
8131,51,0
8132,53,0
8133,51,0
8134,53,0
8135,51,0
8136,51,0
8137,50,0
8138,52,0
8139,52,0
8140,50,0
8141,50,0
8142,52,0
8143,50,0
8144,52,0
8145,51,0
8146,52,0
8147,52,0
8148,52,0
8149,52,0
8150,50,0
8151,52,0
8152,52,0
8153,54,0
8154,52,0
8155,52,0
8156,50,0
8157,52,0
8158,52,0
8159,52,0
8160,50,0
8161,54,0
8162,52,0
8163,52,0
8164,50,0
8165,52,0
8166,50,0
8167,52,0
8168,51,0
8169,53,0
8170,49,0
8171,53,0
8172,53,0
8173,52,0
8174,50,0
8175,50,0
8176,52,0
8177,52,0
8178,50,0
8179,52,0
8180,53,0
8181,51,0
8182,49,0
8183,51,0
8184,49,0
8185,53,0
8186,53,0
8187,53,0
8188,51,0
8189,51,0
8190,53,0
8191,51,0
8192,49,0
8193,55,0
8194,51,0
8195,53,0
8196,52,0
8197,52,0
8198,52,0
8199,50,0
8200,51,0
8201,51,0
8202,55,0
8203,50,0
8204,51,0
8205,52,0
8206,52,0
8207,52,0
8208,52,0
8209,50,0
8210,52,0
8211,50,0
8212,52,0
8213,50,0
8214,52,0
8215,52,0
8216,50,0
8217,50,0
8218,52,0
8219,49,0
8220,51,0
8221,53,0
8222,51,0
8223,51,0
8224,51,0
8225,53,0
8226,51,0
8227,51,0
8228,53,0
8229,53,0
8230,51,0
8231,53,0
8232,53,0
8233,53,0
8234,51,0
8235,53,0
8236,52,0
8237,52,0
8238,50,0
8239,52,0
8240,50,0
8241,52,0
8242,50,0
8243,52,0
8244,52,0
8245,52,0
8246,50,0
8247,52,0
8248,52,0
8249,52,0
8250,50,0
8251,53,0
8252,53,0
8253,53,0
8254,52,0
8255,51,0
8256,51,0
8257,52,0
8258,53,0
8259,53,0
8260,51,0
8261,49,0
8262,53,0
8263,53,0
8264,53,0
8265,55,0
8266,51,0
8267,50,0
8268,52,0
8269,50,0
8270,52,0
8271,50,0
8272,52,0
8273,52,0
8274,54,0
8275,52,0
8276,50,0
8277,50,0
8278,54,0
8279,52,0
8280,50,0
8281,52,0
8282,52,0
8283,52,0
8284,52,0
8285,52,0
8286,52,0
8287,50,0
8288,52,0
8289,50,0
8290,50,0
8291,52,0
8292,52,0
8293,52,0
8294,52,0
8295,54,0
8296,52,0
8297,51,0
8298,51,0
8299,55,0
8300,52,0
8301,50,0
8302,53,0
8303,52,0
8304,50,0
8305,52,0
8306,52,0
8307,52,0
8308,50,0
8309,54,0
8310,54,0
8311,50,0
8312,52,0
8313,50,0
8314,52,0
8315,52,0
8316,52,0
8317,51,0
8318,51,0
8319,51,0
8320,51,0
8321,51,0
8322,53,0
8323,55,0
8324,53,0
8325,51,0
8326,51,0
8327,55,0
8328,53,0
8329,51,0
8330,53,0
8331,52,0
8332,52,0
8333,52,0
8334,52,0
8335,52,0
8336,52,0
8337,52,0
8338,52,0
8339,52,0
8340,52,0
8341,52,0
8342,52,0
8343,52,0
8344,52,0
8345,52,0
8346,52,0
8347,52,0
8348,54,0
8349,54,0
8350,52,0
8351,52,0
8352,52,0
8353,52,0
8354,54,0
8355,54,0
8356,52,0
8357,52,0
8358,52,0
8359,52,0
8360,50,0
8361,54,0
8362,52,0
8363,52,0
8364,52,0
8365,52,0
8366,52,0
8367,52,0
8368,52,0
8369,52,0
8370,52,0
8371,52,0
8372,52,0
8373,52,0
8374,50,0
8375,55,0
8376,51,0
8377,53,0
8378,55,0
8379,55,0
8380,51,0
8381,52,0
8382,52,0
8383,50,0
8384,52,0
8385,50,0
8386,52,0
8387,52,0
8388,52,0
8389,52,0
8390,52,0
8391,54,0
8392,52,0
8393,50,0
8394,50,0
8395,52,0
8396,50,0
8397,50,0
8398,52,0
8399,52,0
8400,54,0
8401,52,0
8402,50,0
8403,50,0
8404,52,0
8405,50,0
8406,55,0
8407,53,0
8408,53,0
8409,55,0
8410,51,0
8411,49,0
8412,51,0
8413,53,0
8414,55,0
8415,51,0
8416,51,0
8417,53,0
8418,51,0
8419,53,0
8420,51,0
8421,51,0
8422,53,0
8423,51,0
8424,55,0
8425,53,0
8426,51,0
8427,55,0
8428,51,0
8429,51,0
8430,53,0
8431,52,0
8432,52,0
8433,52,0
8434,52,0
8435,52,0
8436,52,0
8437,52,0
8438,50,0
8439,52,0
8440,50,0
8441,54,0
8442,52,0
8443,54,0
8444,52,0
8445,52,0
8446,54,0
8447,52,0
8448,50,0
8449,52,0
8450,52,0
8451,52,0
8452,52,0
8453,52,0
8454,52,0
8455,51,0
8456,53,0
8457,51,0
8458,53,0
8459,53,0
8460,51,0
8461,53,0
8462,55,0
8463,51,0
8464,51,0
8465,55,0
8466,53,0
8467,54,0
8468,52,0
8469,52,0
8470,50,0
8471,50,0
8472,50,0
8473,52,0
8474,52,0
8475,52,0
8476,52,0
8477,52,0
8478,52,0
8479,52,0
8480,52,0
8481,50,0
8482,50,0
8483,52,0
8484,52,0
8485,50,0
8486,51,0
8487,53,0
8488,51,0
8489,53,0
8490,51,0
8491,51,0
8492,53,0
8493,51,0
8494,55,0
8495,55,0
8496,51,0
8497,51,0
8498,55,0
8499,55,0
8500,53,0
8501,51,0
8502,51,0
8503,51,0
8504,51,0
8505,51,0
8506,51,0
8507,51,0
8508,51,0
8509,51,0
8510,51,0
8511,53,0
8512,53,0
8513,53,0
8514,51,0
8515,52,0
8516,54,0
8517,52,0
8518,52,0
8519,52,0
8520,52,0
8521,52,0
8522,52,0
8523,52,0
8524,52,0
8525,52,0
8526,52,0
8527,52,0
8528,52,0
8529,52,0
8530,52,0
8531,52,0
8532,52,0
8533,52,0
8534,50,0
8535,54,0
8536,50,0
8537,50,0
8538,52,0
8539,50,0
8540,52,0
8541,50,0
8542,52,0
8543,52,0
8544,52,0
8545,52,0
8546,52,0
8547,50,0
8548,52,0
8549,54,0
8550,52,0
8551,52,0
8552,52,0
8553,52,0
8554,52,0
8555,52,0
8556,54,0
8557,54,0
8558,52,0
8559,52,0
8560,52,0
8561,52,0
8562,54,0
8563,52,0
8564,52,0
8565,52,0
8566,52,0
8567,52,0
8568,52,0
8569,52,0
8570,52,0
8571,53,0
8572,51,0
8573,53,0
8574,53,0
8575,53,0
8576,53,0
8577,51,0
8578,51,0
8579,55,0
8580,49,0
8581,55,0
8582,51,0
8583,54,0
8584,50,0
8585,52,0
8586,50,0
8587,54,0
8588,50,0
8589,52,0
8590,50,0
8591,54,0
8592,52,0
8593,54,0
8594,50,0
8595,54,0
8596,52,0
8597,51,0
8598,51,0
8599,53,0
8600,55,0
8601,51,0
8602,51,0
8603,55,0
8604,53,0
8605,51,0
8606,53,0
8607,51,0
8608,53,0
8609,51,0
8610,53,0
8611,53,0
8612,51,0
8613,51,0
8614,51,0
8615,51,0
8616,53,0
8617,53,0
8618,51,0
8619,51,0
8620,51,0
8621,53,0
8622,52,0
8623,51,0
8624,52,0
8625,52,0
8626,52,0
8627,52,0
8628,50,0
8629,52,0
8630,52,0
8631,52,0
8632,52,0
8633,52,0
8634,54,0
8635,52,0
8636,52,0
8637,52,0
8638,52,0
8639,52,0
8640,52,0
8641,52,0
8642,55,0
8643,51,0
8644,53,0
8645,51,0
8646,53,0
8647,53,0
8648,51,0
8649,53,0
8650,53,0
8651,53,0
8652,51,0
8653,51,0
8654,51,0
8655,55,0
8656,53,0
8657,55,0
8658,53,0
8659,55,0
8660,50,0
8661,52,0
8662,52,0
8663,52,0
8664,52,0
8665,52,0
8666,52,0
8667,52,0
8668,52,0
8669,52,0
8670,52,0
8671,52,0
8672,52,0
8673,52,0
8674,52,0
8675,52,0
8676,52,0
8677,52,0
8678,52,0
8679,52,0
8680,52,0
8681,50,0
8682,52,0
8683,52,0
8684,52,0
8685,52,0
8686,52,0
8687,54,0
8688,52,0
8689,50,0
8690,50,0
8691,50,0
8692,50,0
8693,52,0
8694,52,0
8695,52,0
8696,52,0
8697,52,0
8698,52,0
8699,52,0
8700,52,0
8701,52,0
8702,52,0
8703,52,0
8704,52,0
8705,52,0
8706,50,0
8707,50,0
8708,50,0
8709,51,0
8710,51,0
8711,53,0
8712,53,0
8713,51,0
8714,53,0
8715,55,0
8716,55,0
8717,51,0
8718,51,0
8719,53,0
8720,53,0
8721,51,0
8722,51,0
8723,53,0
8724,53,0
8725,51,0
8726,55,0
8727,51,0
8728,53,0
8729,51,0
8730,55,0
8731,51,0
8732,53,0
8733,53,0
8734,51,0
8735,55,0
8736,54,0
8737,52,0
8738,52,0
8739,52,0
8740,54,0
8741,52,0
8742,50,0
8743,52,0
8744,50,0
8745,52,0
8746,52,0
8747,52,0
8748,50,0
8749,52,0
8750,50,0
8751,52,0
8752,54,0
8753,50,0
8754,54,0
8755,50,0
8756,52,0
8757,54,0
8758,50,0
8759,52,0
8760,54,0
8761,52,0
8762,52,0
8763,53,0
8764,49,0
8765,55,0
8766,49,0
8767,53,0
8768,53,0
8769,55,0
8770,49,0
8771,53,0
8772,51,0
8773,54,0
8774,52,0
8775,54,0
8776,50,0
8777,54,0
8778,52,0
8779,54,0
8780,52,0
8781,54,0
8782,52,0
8783,52,0
8784,50,0
8785,52,0
8786,54,0
8787,52,0
8788,52,0
8789,52,0
8790,50,0
8791,52,0
8792,52,0
8793,52,0
8794,50,0
8795,54,0
8796,52,0
8797,54,0
8798,50,0
8799,52,0
8800,52,0
8801,52,0
8802,52,0
8803,54,0
8804,50,0
8805,50,0
8806,50,0
8807,52,0
8808,52,0
8809,52,0
8810,50,0
8811,52,0
8812,52,0
8813,54,0
8814,50,0
8815,52,0
8816,52,0
8817,53,0
8818,51,0
8819,51,0
8820,53,0
8821,52,0
8822,50,0
8823,52,0
8824,50,0
8825,52,0
8826,52,0
8827,52,0
8828,52,0
8829,52,0
8830,54,0
8831,52,0
8832,52,0
8833,52,0
8834,52,0
8835,52,0
8836,50,0
8837,50,0
8838,50,0
8839,54,0
8840,50,0
8841,50,0
8842,52,0
8843,50,0
8844,51,0
8845,55,0
8846,51,0
8847,55,0
8848,51,0
8849,52,0
8850,53,0
8851,51,0
8852,52,0
8853,52,0
8854,52,0
8855,50,0
8856,50,0
8857,52,0
8858,50,0
8859,50,0
8860,50,0
8861,50,0
8862,52,0
8863,50,0
8864,52,0
8865,52,0
8866,50,0
8867,50,0
8868,50,0
8869,50,0
8870,52,0
8871,50,0
8872,52,0
8873,53,0
8874,51,0
8875,51,0
8876,55,0
8877,51,0
8878,49,0
8879,53,0
8880,51,0
8881,55,0
8882,51,0
8883,55,0
8884,49,0
8885,53,0
8886,51,0
8887,55,0
8888,53,0
8889,51,0
8890,51,0
8891,53,0
8892,53,0
8893,51,0
8894,51,0
8895,51,0
8896,51,0
8897,53,0
8898,53,0
8899,55,0
8900,52,0
8901,54,0
8902,54,0
8903,50,0
8904,50,0
8905,50,0
8906,52,0
8907,50,0
8908,54,0
8909,52,0
8910,52,0
8911,52,0
8912,52,0
8913,52,0
8914,52,0
8915,52,0
8916,54,0
8917,52,0
8918,50,0
8919,50,0
8920,52,0
8921,52,0
8922,50,0
8923,52,0
8924,52,0
8925,50,0
8926,54,0
8927,53,0
8928,53,0
8929,55,0
8930,53,0
8931,53,0
8932,51,0
8933,51,0
8934,51,0
8935,51,0
8936,51,0
8937,55,0
8938,53,0
8939,51,0
8940,51,0
8941,55,0
8942,51,0
8943,51,0
8944,53,0
8945,51,0
8946,51,0
8947,51,0
8948,55,0
8949,53,0
8950,53,0
8951,51,0
8952,55,0
8953,55,0
8954,52,0
8955,52,0
8956,52,0
8957,52,0
8958,52,0
8959,52,0
8960,52,0
8961,52,0
8962,52,0
8963,50,0
8964,55,0
8965,53,0
8966,53,0
8967,51,0
8968,53,0
8969,53,0
8970,51,0
8971,51,0
8972,53,0
8973,53,0
8974,53,0
8975,49,0
8976,53,0
8977,51,0
8978,53,0
8979,53,0
8980,53,0
8981,52,0
8982,52,0
8983,52,0
8984,50,0
8985,52,0
8986,51,0
8987,53,0
8988,53,0
8989,51,0
8990,53,0
8991,52,0
8992,51,0
8993,53,0
8994,53,0
8995,55,0
8996,51,0
8997,53,0
8998,53,0
8999,51,0
9000,51,0
9001,51,0
9002,53,0
9003,51,0
9004,53,0
9005,53,0
9006,51,0
9007,53,0
9008,51,0
9009,51,0
9010,54,0
9011,54,0
9012,54,0
9013,50,0
9014,52,0
9015,50,0
9016,52,0
9017,52,0
9018,52,0
9019,50,0
9020,52,0
9021,52,0
9022,52,0
9023,52,0
9024,52,0
9025,52,0
9026,52,0
9027,50,0
9028,52,0
9029,52,0
9030,52,0
9031,52,0
9032,52,0
9033,50,0
9034,52,0
9035,52,0
9036,54,0
9037,54,0
9038,50,0
9039,54,0
9040,52,0
9041,52,0
9042,52,0
9043,52,0
9044,52,0
9045,52,0
9046,52,0
9047,52,0
9048,52,0
9049,52,0
9050,52,0
9051,50,0
9052,52,0
9053,52,0
9054,50,0
9055,52,0
9056,52,0
9057,50,0
9058,52,0
9059,52,0
9060,52,0
9061,52,0
9062,50,0
9063,51,0
9064,53,0
9065,55,0
9066,51,0
9067,51,0
9068,51,0
9069,51,0
9070,51,0
9071,53,0
9072,53,0
9073,51,0
9074,53,0
9075,53,0
9076,52,0
9077,52,0
9078,52,0
9079,52,0
9080,52,0
9081,52,0
9082,52,0
9083,52,0
9084,52,0
9085,52,0
9086,52,0
9087,52,0
9088,54,0
9089,52,0
9090,52,0
9091,52,0
9092,54,0
9093,52,0
9094,50,0
9095,52,0
9096,52,0
9097,52,0
9098,52,0
9099,52,0
9100,52,0
9101,52,0
9102,52,0
9103,52,0
9104,52,0
9105,52,0
9106,50,0
9107,52,0
9108,52,0
9109,50,0
9110,52,0
9111,52,0
9112,52,0
9113,54,0
9114,52,0
9115,52,0
9116,52,0
9117,52,0
9118,58,0
9119,53,0
9120,52,0
9121,50,0
9122,50,0
9123,52,0
9124,52,0
9125,50,0
9126,52,0
9127,52,0
9128,51,0
9129,55,0
9130,51,0
9131,51,0
9132,53,0
9133,55,0
9134,53,0
9135,53,0
9136,55,0
9137,53,0
9138,51,0
9139,51,0
9140,51,0
9141,50,0
9142,50,0
9143,53,0
9144,53,0
9145,52,0
9146,52,0
9147,54,0
9148,50,0
9149,54,0
9150,52,0
9151,50,0
9152,52,0
9153,52,0
9154,52,0
9155,54,0
9156,52,0
9157,54,0
9158,52,0
9159,54,0
9160,54,0
9161,52,0
9162,52,0
9163,53,0
9164,51,0
9165,53,0
9166,51,0
9167,51,0
9168,51,0
9169,55,0
9170,53,0
9171,51,0
9172,53,0
9173,55,0
9174,51,0
9175,53,0
9176,53,0
9177,53,0
9178,51,0
9179,51,0
9180,53,0
9181,51,0
9182,53,0
9183,51,0
9184,53,0
9185,52,0
9186,54,0
9187,52,0
9188,54,0
9189,52,0
9190,52,0
9191,50,0
9192,50,0
9193,52,0
9194,52,0
9195,50,0
9196,52,0
9197,50,0
9198,52,0
9199,52,0
9200,52,0
9201,51,0
9202,53,0
9203,50,0
9204,52,0
9205,50,0
9206,50,0
9207,52,0
9208,52,0
9209,52,0
9210,52,0
9211,50,0
9212,52,0
9213,54,0
9214,52,0
9215,50,0
9216,54,0
9217,50,0
9218,52,0
9219,52,0
9220,52,0
9221,52,0
9222,50,0
9223,50,0
9224,50,0
9225,50,0
9226,52,0
9227,52,0
9228,52,0
9229,52,0
9230,51,0
9231,50,0
9232,52,0
9233,52,0
9234,50,0
9235,52,0
9236,52,0
9237,50,0
9238,52,0
9239,52,0
9240,50,0
9241,52,0
9242,52,0
9243,52,0
9244,52,0
9245,52,0
9246,52,0
9247,51,0
9248,55,0
9249,55,0
9250,51,0
9251,55,0
9252,55,0
9253,51,0
9254,51,0
9255,51,0
9256,51,0
9257,53,0
9258,55,0
9259,50,0
9260,53,0
9261,53,0
9262,53,0
9263,53,0
9264,52,0
9265,50,0
9266,54,0
9267,52,0
9268,50,0
9269,52,0
9270,54,0
9271,52,0
9272,52,0
9273,52,0
9274,54,0
9275,52,0
9276,52,0
9277,52,0
9278,55,0
9279,53,0
9280,53,0
9281,51,0
9282,53,0
9283,53,0
9284,51,0
9285,53,0
9286,54,0
9287,52,0
9288,52,0
9289,53,0
9290,53,0
9291,51,0
9292,53,0
9293,52,0
9294,50,0
9295,52,0
9296,50,0
9297,52,0
9298,52,0
9299,52,0
9300,52,0
9301,52,0
9302,50,0
9303,54,0
9304,52,0
9305,53,0
9306,49,0
9307,51,0
9308,53,0
9309,55,0
9310,51,0
9311,53,0
9312,51,0
9313,53,0
9314,51,0
9315,51,0
9316,51,0
9317,52,0
9318,53,0
9319,55,0
9320,53,0
9321,51,0
9322,51,0
9323,53,0
9324,55,0
9325,51,0
9326,55,0
9327,53,0
9328,51,0
9329,53,0
9330,51,0
9331,52,0
9332,52,0
9333,52,0
9334,52,0
9335,52,0
9336,52,0
9337,52,0
9338,54,0
9339,50,0
9340,52,0
9341,52,0
9342,50,0
9343,50,0
9344,52,0
9345,52,0
9346,54,0
9347,53,0
9348,52,0
9349,50,0
9350,50,0
9351,54,0
9352,52,0
9353,50,0
9354,52,0
9355,54,0
9356,52,0
9357,52,0
9358,52,0
9359,52,0
9360,52,0
9361,52,0
9362,50,0
9363,55,0
9364,51,0
9365,55,0
9366,51,0
9367,53,0
9368,55,0
9369,55,0
9370,55,0
9371,53,0
9372,51,0
9373,53,0
9374,53,0
9375,55,0
9376,52,0
9377,52,0
9378,52,0
9379,52,0
9380,52,0
9381,52,0
9382,53,0
9383,51,0
9384,55,0
9385,53,0
9386,51,0
9387,51,0
9388,53,0
9389,55,0
9390,51,0
9391,51,0
9392,55,0
9393,51,0
9394,55,0
9395,51,0
9396,55,0
9397,53,0
9398,53,0
9399,51,0
9400,53,0
9401,51,0
9402,55,0
9403,53,0
9404,53,0
9405,53,0
9406,53,0
9407,53,0
9408,49,0
9409,52,0
9410,52,0
9411,50,0
9412,50,0
9413,52,0
9414,52,0
9415,50,0
9416,52,0
9417,50,0
9418,50,0
9419,52,0
9420,52,0
9421,53,0
9422,53,0
9423,51,0
9424,51,0
9425,55,0
9426,51,0
9427,53,0
9428,53,0
9429,51,0
9430,55,0
9431,55,0
9432,52,0
9433,52,0
9434,55,0
9435,49,0
9436,53,0
9437,51,0
9438,52,0
9439,50,0
9440,52,0
9441,54,0
9442,52,0
9443,52,0
9444,54,0
9445,54,0
9446,52,0
9447,52,0
9448,54,0
9449,52,0
9450,53,0
9451,53,0
9452,51,0
9453,51,0
9454,51,0
9455,53,0
9456,51,0
9457,51,0
9458,53,0
9459,52,0
9460,52,0
9461,52,0
9462,50,0
9463,51,0
9464,50,0
9465,52,0
9466,54,0
9467,52,0
9468,52,0
9469,52,0
9470,52,0
9471,51,0
9472,51,0
9473,51,0
9474,53,0
9475,53,0
9476,53,0
9477,51,0
9478,51,0
9479,55,0
9480,51,0
9481,51,0
9482,50,0
9483,52,0
9484,52,0
9485,52,0
9486,50,0
9487,54,0
9488,50,0
9489,52,0
9490,51,0
9491,51,0
9492,54,0
9493,52,0
9494,50,0
9495,50,0
9496,53,0
9497,53,0
9498,49,0
9499,49,0
9500,51,0
9501,49,0
9502,51,0
9503,52,0
9504,52,0
9505,52,0
9506,52,0
9507,52,0
9508,54,0
9509,54,0
9510,52,0
9511,52,0
9512,52,0
9513,52,0
9514,52,0
9515,52,0
9516,52,0
9517,50,0
9518,52,0
9519,50,0
9520,54,0
9521,52,0
9522,52,0
9523,54,0
9524,52,0
9525,54,0
9526,50,0
9527,54,0
9528,52,0
9529,51,0
9530,51,0
9531,53,0
9532,53,0
9533,53,0
9534,53,0
9535,51,0
9536,51,0
9537,55,0
9538,53,0
9539,51,0
9540,51,0
9541,55,0
9542,53,0
9543,51,0
9544,52,0
9545,52,0
9546,52,0
9547,52,0
9548,52,0
9549,51,0
9550,55,0
9551,51,0
9552,51,0
9553,51,0
9554,52,0
9555,52,0
9556,50,0
9557,50,0
9558,54,0
9559,52,0
9560,50,0
9561,52,0
9562,54,0
9563,52,0
9564,52,0
9565,52,0
9566,51,0
9567,51,0
9568,53,0
9569,53,0
9570,53,0
9571,50,0
9572,52,0
9573,52,0
9574,52,0
9575,50,0
9576,52,0
9577,52,0
9578,52,0
9579,52,0
9580,54,0
9581,50,0
9582,52,0
9583,50,0
9584,54,0
9585,52,0
9586,52,0
9587,52,0
9588,52,0
9589,51,0
9590,55,0
9591,53,0
9592,55,0
9593,53,0
9594,53,0
9595,53,0
9596,51,0
9597,53,0
9598,53,0
9599,53,0
9600,52,0
9601,50,0
9602,52,0
9603,50,0
9604,50,0
9605,52,0
9606,52,0
9607,52,0
9608,51,0
9609,52,0
9610,50,0
9611,50,0
9612,52,0
9613,52,0
9614,52,0
9615,52,0
9616,52,0
9617,50,0
9618,52,0
9619,51,0
9620,50,0
9621,51,0
9622,51,0
9623,51,0
9624,49,0
9625,51,0
9626,53,0
9627,51,0
9628,53,0
9629,55,0
9630,53,0
9631,49,0
9632,51,0
9633,53,0
9634,52,0
9635,50,0
9636,52,0
9637,51,0
9638,53,0
9639,51,0
9640,53,0
9641,51,0
9642,55,0
9643,51,0
9644,52,0
9645,52,0
9646,52,0
9647,50,0
9648,54,0
9649,52,0
9650,54,0
9651,52,0
9652,52,0
9653,54,0
9654,52,0
9655,52,0
9656,52,0
9657,52,0
9658,54,0
9659,54,0
9660,54,0
9661,52,0
9662,54,0
9663,52,0
9664,50,0
9665,54,0
9666,52,0
9667,52,0
9668,50,0
9669,52,0
9670,50,0
9671,52,0
9672,52,0
9673,52,0
9674,52,0
9675,54,0
9676,52,0
9677,54,0
9678,52,0
9679,54,0
9680,54,0
9681,52,0
9682,50,0
9683,52,0
9684,52,0
9685,52,0
9686,52,0
9687,52,0
9688,52,0
9689,55,0
9690,55,0
9691,55,0
9692,53,0
9693,53,0
9694,51,0
9695,51,0
9696,50,0
9697,50,0
9698,52,0
9699,52,0
9700,52,0
9701,53,0
9702,53,0
9703,53,0
9704,51,0
9705,55,0
9706,51,0
9707,53,0
9708,51,0
9709,53,0
9710,51,0
9711,51,0
9712,53,0
9713,53,0
9714,52,0
9715,50,0
9716,50,0
9717,52,0
9718,54,0
9719,52,0
9720,54,0
9721,50,0
9722,52,0
9723,50,0
9724,52,0
9725,50,0
9726,50,0
9727,52,0
9728,52,0
9729,52,0
9730,52,0
9731,52,0
9732,52,0
9733,54,0
9734,52,0
9735,52,0
9736,52,0
9737,52,0
9738,51,0
9739,53,0
9740,51,0
9741,55,0
9742,51,0
9743,53,0
9744,51,0
9745,55,0
9746,51,0
9747,53,0
9748,53,0
9749,55,0
9750,52,0
9751,52,0
9752,50,0
9753,50,0
9754,55,0
9755,51,0
9756,52,0
9757,50,0
9758,52,0
9759,52,0
9760,54,0
9761,52,0
9762,50,0
9763,52,0
9764,52,0
9765,54,0
9766,52,0
9767,50,0
9768,52,0
9769,52,0
9770,52,0
9771,53,0
9772,55,0
9773,49,0
9774,51,0
9775,51,0
9776,51,0
9777,51,0
9778,51,0
9779,51,0
9780,51,0
9781,51,0
9782,50,0
9783,53,0
9784,53,0
9785,49,0
9786,51,0
9787,55,0
9788,55,0
9789,51,0
9790,55,0
9791,51,0
9792,52,0
9793,52,0
9794,52,0
9795,52,0
9796,52,0
9797,52,0
9798,50,0
9799,54,0
9800,50,0
9801,50,0
9802,52,0
9803,53,0
9804,49,0
9805,51,0
9806,55,0
9807,53,0
9808,53,0
9809,53,0
9810,52,0
9811,52,0
9812,53,0
9813,53,0
9814,53,0
9815,51,0
9816,55,0
9817,52,0
9818,52,0
9819,52,0
9820,52,0
9821,52,0
9822,52,0
9823,52,0
9824,54,0
9825,52,0
9826,54,0
9827,52,0
9828,52,0
9829,52,0
9830,52,0
9831,52,0
9832,51,0
9833,51,0
9834,53,0
9835,51,0
9836,53,0
9837,50,0
9838,52,0
9839,52,0
9840,54,0
9841,51,0
9842,51,0
9843,53,0
9844,51,0
9845,51,0
9846,53,0
9847,55,0
9848,53,0
9849,51,0
9850,51,0
9851,52,0
9852,52,0
9853,52,0
9854,52,0
9855,54,0
9856,52,0
9857,54,0
9858,52,0
9859,52,0
9860,52,0
9861,52,0
9862,50,0
9863,54,0
9864,50,0
9865,52,0
9866,51,0
9867,53,0
9868,51,0
9869,55,0
9870,54,0
9871,50,0
9872,51,0
9873,51,0
9874,51,0
9875,53,0
9876,53,0
9877,51,0
9878,52,0
9879,52,0
9880,52,0
9881,52,0
9882,50,0
9883,50,0
9884,52,0
9885,52,0
9886,52,0
9887,50,0
9888,52,0
9889,52,0
9890,53,0
9891,51,0
9892,55,0
9893,51,0
9894,53,0
9895,53,0
9896,55,0
9897,51,0
9898,51,0
9899,51,0
9900,51,0
9901,51,0
9902,55,0
9903,53,0
9904,51,0
9905,53,0
9906,51,0
9907,54,0
9908,52,0
9909,54,0
9910,52,0
9911,52,0
9912,52,0
9913,50,0
9914,50,0
9915,52,0
9916,52,0
9917,52,0
9918,52,0
9919,52,0
9920,49,0
9921,55,0
9922,51,0
9923,51,0
9924,51,0
9925,53,0
9926,55,0
9927,53,0
9928,51,0
9929,51,0
9930,51,0
9931,51,0
9932,52,0
9933,50,0
9934,52,0
9935,52,0
9936,52,0
9937,59,0
9938,54,0
9939,50,0
9940,52,0
9941,51,0
9942,53,0
9943,51,0
9944,51,0
9945,55,0
9946,52,0
9947,52,0
9948,52,0
9949,52,0
9950,54,0
9951,54,0
9952,54,0
9953,52,0
9954,52,0
9955,51,0
9956,53,0
9957,51,0
9958,51,0
9959,53,0
9960,51,0
9961,53,0
9962,54,0
9963,52,0
9964,52,0
9965,52,0
9966,50,0
9967,55,0
9968,53,0
9969,55,0
9970,51,0
9971,53,0
9972,51,0
9973,52,0
9974,52,0
9975,52,0
9976,54,0
9977,54,0
9978,50,0
9979,52,0
9980,52,0
9981,54,0
9982,51,0
9983,53,0
9984,53,0
9985,53,0
9986,51,0
9987,51,0
9988,51,0
9989,52,0
9990,52,0
9991,54,0
9992,52,0
9993,52,0
9994,55,0
9995,51,0
9996,51,0
9997,53,0
9998,51,0
9999,51,0
10000,55,0
10001,50,0
10002,54,0
10003,50,0
10004,54,0
10005,52,0
10006,52,0
10007,52,0
10008,54,0
10009,53,0
10010,51,0
10011,51,0
10012,53,0
10013,53,0
10014,55,0
10015,51,0
10016,52,0
10017,54,0
10018,52,0
10019,54,0
10020,52,0
10021,52,0
10022,52,0
10023,52,0
10024,53,0
10025,51,0
10026,51,0
10027,53,0
10028,53,0
10029,51,0
10030,55,0
10031,53,0
10032,51,0
10033,53,0
10034,52,0
10035,52,0
10036,52,0
10037,54,0
10038,52,0
10039,52,0
10040,52,0
10041,50,0
10042,52,0
10043,50,0
10044,54,0
10045,50,0
10046,52,0
10047,50,0
10048,52,0
10049,52,0
10050,50,0
10051,52,0
10052,52,0
10053,52,0
10054,51,0
10055,51,0
10056,51,0
10057,51,0
10058,51,0
10059,53,0
10060,53,0
10061,49,0
10062,53,0
10063,51,0
10064,51,0
10065,49,0
10066,53,0
10067,53,0
10068,55,0
10069,53,0
10070,51,0
10071,52,0
10072,52,0
10073,50,0
10074,52,0
10075,50,0
10076,52,0
10077,52,0
10078,52,0
10079,50,0
10080,50,0
10081,52,0
10082,50,0
10083,50,0
10084,52,0
10085,50,0
10086,52,0
10087,50,0
10088,52,0
10089,50,0
10090,52,0
10091,51,0
10092,51,0
10093,52,0
10094,50,0
10095,52,0
10096,52,0
10097,50,0
10098,54,0
10099,52,0
10100,52,0
10101,52,0
10102,53,0
10103,53,0
10104,53,0
10105,51,0
10106,53,0
10107,53,0
10108,53,0
10109,53,0
10110,53,0
10111,52,0
10112,52,0
10113,50,0
10114,52,0
10115,52,0
10116,54,0
10117,52,0
10118,52,0
10119,51,0
10120,53,0
10121,49,0
10122,53,0
10123,51,0
10124,51,0
10125,53,0
10126,51,0
10127,51,0
10128,51,0
10129,51,0
10130,52,0
10131,52,0
10132,52,0
10133,50,0
10134,50,0
10135,52,0
10136,50,0
10137,52,0
10138,50,0
10139,50,0
10140,50,0
10141,52,0
10142,50,0
10143,52,0
10144,50,0
10145,52,0
10146,53,0
10147,51,0
10148,49,0
10149,55,0
10150,49,0
10151,55,0
10152,49,0
10153,51,0
10154,51,0
10155,55,0
10156,51,0
10157,55,0
10158,50,0
10159,52,0
10160,50,0
10161,52,0
10162,50,0
10163,52,0
10164,50,0
10165,52,0
10166,50,0
10167,54,0
10168,52,0
10169,50,0
10170,50,0
10171,52,0
10172,50,0
10173,54,0
10174,52,0
10175,50,0
10176,52,0
10177,52,0
10178,50,0
10179,52,0
10180,50,0
10181,52,0
10182,53,0
10183,53,0
10184,51,0
10185,53,0
10186,49,0
10187,53,0
10188,51,0
10189,55,0
10190,51,0
10191,53,0
10192,51,0
10193,53,0
10194,53,0
10195,51,0
10196,51,0
10197,53,0
10198,51,0
10199,53,0
10200,51,0
10201,52,0
10202,50,0
10203,52,0
10204,50,0
10205,52,0
10206,50,0
10207,52,0
10208,50,0
10209,50,0
10210,50,0
10211,52,0
10212,52,0
10213,52,0
10214,50,0
10215,52,0
10216,54,0
10217,50,0
10218,52,0
10219,50,0
10220,52,0
10221,52,0
10222,52,0
10223,50,0
10224,52,0
10225,52,0
10226,52,0
10227,50,0
10228,51,0
10229,53,0
10230,55,0
10231,52,0
10232,52,0
10233,52,0
10234,50,0
10235,54,0
10236,52,0
10237,52,0
10238,54,0
10239,52,0
10240,52,0
10241,52,0
10242,51,0
10243,55,0
10244,51,0
10245,53,0
10246,53,0
10247,51,0
10248,52,0
10249,54,0
10250,52,0
10251,52,0
10252,54,0
10253,52,0
10254,52,0
10255,50,0
10256,52,0
10257,50,0
10258,53,0
10259,53,0
10260,55,0
10261,53,0
10262,53,0
10263,51,0
10264,51,0
10265,49,0
10266,51,0
10267,51,0
10268,53,0
10269,50,0
10270,52,0
10271,52,0
10272,52,0
10273,54,0
10274,54,0
10275,52,0
10276,54,0
10277,50,0
10278,54,0
10279,50,0
10280,52,0
10281,52,0
10282,55,0
10283,53,0
10284,51,0
10285,52,0
10286,50,0
10287,52,0
10288,52,0
10289,54,0
10290,52,0
10291,52,0
10292,52,0
10293,53,0
10294,53,0
10295,55,0
10296,51,0
10297,51,0
10298,53,0
10299,52,0
10300,50,0
10301,52,0
10302,52,0
10303,50,0
10304,54,0
10305,52,0
10306,52,0
10307,53,0
10308,51,0
10309,53,0
10310,51,0
10311,53,0
10312,51,0
10313,51,0
10314,55,0
10315,53,0
10316,51,0
10317,51,0
10318,52,0
10319,52,0
10320,54,0
10321,52,0
10322,52,0
10323,52,0
10324,54,0
10325,52,0
10326,52,0
10327,52,0
10328,52,0
10329,52,0
10330,50,0
10331,51,0
10332,51,0
10333,51,0
10334,53,0
10335,53,0
10336,52,0
10337,52,0
10338,52,0
10339,52,0
10340,52,0
10341,54,0
10342,50,0
10343,52,0
10344,52,0
10345,52,0
10346,53,0
10347,55,0
10348,51,0
10349,51,0
10350,53,0
10351,55,0
10352,51,0
10353,52,0
10354,52,0
10355,52,0
10356,52,0
10357,50,0
10358,52,0
10359,52,0
10360,51,0
10361,53,0
10362,51,0
10363,53,0
10364,51,0
10365,51,0
10366,53,0
10367,53,0
10368,51,0
10369,51,0
10370,51,0
10371,50,0
10372,52,0
10373,50,0
10374,50,0
10375,50,0
10376,50,0
10377,50,0
10378,50,0
10379,52,0
10380,52,0
10381,52,0
10382,52,0
10383,55,0
10384,51,0
10385,51,0
10386,52,0
10387,50,0
10388,52,0
10389,52,0
10390,52,0
10391,50,0
10392,52,0
10393,50,0
10394,52,0
10395,52,0
10396,54,0
10397,52,0
10398,54,0
10399,50,0
10400,52,0
10401,52,0
10402,51,0
10403,55,0
10404,53,0
10405,55,0
10406,51,0
10407,51,0
10408,51,0
10409,51,0
10410,51,0
10411,51,0
10412,51,0
10413,52,0
10414,52,0
10415,52,0
10416,54,0
10417,52,0
10418,52,0
10419,53,0
10420,53,0
10421,51,0
10422,51,0
10423,55,0
10424,51,0
10425,51,0
10426,53,0
10427,52,0
10428,52,0
10429,52,0
10430,54,0
10431,50,0
10432,52,0
10433,54,0
10434,52,0
10435,53,0
10436,51,0
10437,51,0
10438,51,0
10439,53,0
10440,53,0
10441,53,0
10442,54,0
10443,54,0
10444,50,0
10445,50,0
10446,50,0
10447,50,0
10448,49,0
10449,49,0
10450,53,0
10451,53,0
10452,49,0
10453,49,0
10454,55,0
10455,52,0
10456,53,0
10457,52,0
10458,52,0
10459,50,0
10460,52,0
10461,52,0
10462,52,0
10463,52,0
10464,52,0
10465,52,0
10466,54,0
10467,55,0
10468,53,0
10469,51,0
10470,51,0
10471,51,0
10472,52,0
10473,50,0
10474,50,0
10475,52,0
10476,52,0
10477,52,0
10478,54,0
10479,52,0
10480,52,0
10481,50,0
10482,52,0
10483,52,0
10484,51,0
10485,55,0
10486,53,0
10487,51,0
10488,51,0
10489,51,0
10490,51,0
10491,53,0
10492,51,0
10493,51,0
10494,52,0
10495,51,0
10496,50,0
10497,50,0
10498,52,0
10499,52,0
10500,50,0
10501,52,0
10502,51,0
10503,53,0
10504,51,0
10505,51,0
10506,51,0
10507,51,0
10508,53,0
10509,53,0
10510,55,0
10511,51,0
10512,52,0
10513,52,0
10514,50,0
10515,50,0
10516,52,0
10517,50,0
10518,50,0
10519,50,0
10520,50,0
10521,52,0
10522,50,0
10523,50,0
10524,52,0
10525,52,0
10526,52,0
10527,51,0
10528,51,0
10529,50,0
10530,52,0
10531,52,0
10532,52,0
10533,52,0
10534,52,0
10535,50,0
10536,52,0
10537,52,0
10538,52,0
10539,52,0
10540,54,0
10541,51,0
10542,53,0
10543,51,0
10544,53,0
10545,51,0
10546,53,0
10547,51,0
10548,53,0
10549,52,0
10550,54,0
10551,52,0
10552,52,0
10553,52,0
10554,52,0
10555,52,0
10556,52,0
10557,51,0
10558,51,0
10559,51,0
10560,51,0
10561,52,0
10562,50,0
10563,50,0
10564,52,0
10565,50,0
10566,52,0
10567,52,0
10568,52,0
10569,52,0
10570,52,0
10571,51,0
10572,49,0
10573,49,0
10574,51,0
10575,51,0
10576,49,0
10577,50,0
10578,51,0
10579,52,0
10580,50,0
10581,52,0
10582,52,0
10583,50,0
10584,50,0
10585,51,0
10586,53,0
10587,49,0
10588,49,0
10589,49,0
10590,51,0
10591,52,0
10592,52,0
10593,52,0
10594,52,0
10595,52,0
10596,50,0
10597,52,0
10598,50,0
10599,52,0
10600,52,0
10601,51,0
10602,53,0
10603,53,0
10604,49,0
10605,53,0
10606,51,0
10607,51,0
10608,53,0
10609,49,0
10610,50,0
10611,50,0
10612,52,0
10613,50,0
10614,50,0
10615,51,0
10616,53,0
10617,53,0
10618,51,0
10619,53,0
10620,53,0
10621,55,0
10622,51,0
10623,51,0
10624,52,0
10625,50,0
10626,52,0
10627,52,0
10628,52,0
10629,52,0
10630,52,0
10631,50,0
10632,50,0
10633,50,0
10634,52,0
10635,52,0
10636,52,0
10637,51,0
10638,52,0
10639,53,0
10640,51,0
10641,49,0
10642,50,0
10643,52,0
10644,52,0
10645,50,0
10646,52,0
10647,52,0
10648,54,0
10649,52,0
10650,52,0
10651,54,0
10652,50,0
10653,50,0
10654,50,0
10655,52,0
10656,52,0
10657,52,0
10658,53,0
10659,51,0
10660,51,0
10661,55,0
10662,53,0
10663,53,0
10664,53,0
10665,53,0
10666,51,0
10667,52,0
10668,53,0
10669,52,0
10670,52,0
10671,50,0
10672,54,0
10673,52,0
10674,50,0
10675,52,0
10676,52,0
10677,53,0
10678,51,0
10679,51,0
10680,51,0
10681,51,0
10682,51,0
10683,51,0
10684,51,0
10685,50,0
10686,52,0
10687,54,0
10688,56,0
10689,53,0
10690,51,0
10691,50,0
10692,50,0
10693,50,0
10694,52,0
10695,52,0
10696,50,0
10697,52,0
10698,53,0
10699,51,0
10700,51,0
10701,49,0
10702,49,0
10703,49,0
10704,49,0
10705,50,0
10706,50,0
10707,52,0
10708,50,0
10709,50,0
10710,50,0
10711,50,0
10712,50,0
10713,51,0
10714,53,0
10715,51,0
10716,51,0
10717,51,0
10718,49,0
10719,50,0
10720,50,0
10721,52,0
10722,52,0
10723,52,0
10724,52,0
10725,52,0
10726,50,0
10727,50,0
10728,51,0
10729,53,0
10730,53,0
10731,54,0
10732,52,0
10733,52,0
10734,52,0
10735,52,0
10736,52,0
10737,52,0
10738,52,0
10739,52,0
10740,52,0
10741,52,0
10742,52,0
10743,50,0
10744,50,0
10745,50,0
10746,52,0
10747,52,0
10748,52,0
10749,50,0
10750,50,0
10751,52,0
10752,52,0
10753,52,0
10754,52,0
10755,52,0
10756,53,0
10757,53,0
10758,51,0
10759,51,0
10760,53,0
10761,52,0
10762,52,0
10763,52,0
10764,52,0
10765,53,0
10766,52,0
10767,52,0
10768,52,0
10769,52,0
10770,52,0
10771,52,0
10772,50,0
10773,52,0
10774,50,0
10775,50,0
10776,52,0
10777,52,0
10778,52,0
10779,50,0
10780,50,0
10781,52,0
10782,52,0
10783,52,0
10784,52,0
10785,52,0
10786,52,0
10787,52,0
10788,50,0
10789,52,0
10790,52,0
10791,52,0
10792,52,0
10793,52,0
10794,52,0
10795,52,0
10796,52,0
10797,52,0
10798,52,0
10799,52,0
10800,52,0
10801,50,0
10802,52,0
10803,52,0
10804,52,0
10805,50,0
10806,50,0
10807,52,0
10808,52,0
10809,52,0
10810,52,0
10811,55,0
10812,52,0
10813,52,0
10814,52,0
10815,53,0
10816,53,0
10817,53,0
10818,53,0
10819,53,0
10820,53,0
10821,53,0
10822,53,0
10823,52,0
10824,52,0
10825,52,0
10826,52,0
10827,52,0
10828,50,0
10829,50,0
10830,52,0
10831,52,0
10832,52,0
10833,54,0
10834,50,0
10835,50,0
10836,52,0
10837,50,0
10838,52,0
10839,52,0
10840,52,0
10841,52,0
10842,52,0
10843,51,0
10844,50,0
10845,52,0
10846,51,0
10847,55,0
10848,53,0
10849,51,0
10850,51,0
10851,51,0
10852,51,0
10853,51,0
10854,55,0
10855,53,0
10856,51,0
10857,51,0
10858,53,0
10859,55,0
10860,51,0
10861,51,0
10862,52,0
10863,52,0
10864,52,0
10865,52,0
10866,54,0
10867,54,0
10868,52,0
10869,52,0
10870,52,0
10871,52,0
10872,52,0
10873,50,0
10874,52,0
10875,50,0
10876,52,0
10877,52,0
10878,50,0
10879,52,0
10880,52,0
10881,53,0
10882,53,0
10883,51,0
10884,53,0
10885,53,0
10886,53,0
10887,53,0
10888,53,0
10889,53,0
10890,51,0
10891,51,0
10892,51,0
10893,55,0
10894,53,0
10895,53,0
10896,51,0
10897,53,0
10898,52,0
10899,50,0
10900,52,0
10901,50,0
10902,50,0
10903,54,0
10904,52,0
10905,52,0
10906,54,0
10907,50,0
10908,52,0
10909,50,0
10910,52,0
10911,52,0
10912,50,0
10913,52,0
10914,50,0
10915,52,0
10916,52,0
10917,52,0
10918,52,0
10919,52,0
10920,52,0
10921,50,0
10922,50,0
10923,52,0
10924,52,0
10925,52,0
10926,51,0
10927,53,0
10928,55,0
10929,53,0
10930,49,0
10931,53,0
10932,53,0
10933,53,0
10934,55,0
10935,51,0
10936,51,0
10937,55,0
10938,51,0
10939,55,0
10940,51,0
10941,55,0
10942,49,0
10943,51,0
10944,55,0
10945,51,0
10946,53,0
10947,55,0
10948,51,0
10949,53,0
10950,51,0
10951,55,0
10952,51,0
10953,53,0
10954,53,0
10955,51,0
10956,51,0
10957,53,0
10958,53,0
10959,53,0
10960,51,0
10961,51,0
10962,55,0
10963,53,0
10964,51,0
10965,55,0
10966,51,0
10967,50,0
10968,51,0
10969,51,0
10970,51,0
10971,52,0
10972,52,0
10973,52,0
10974,50,0
10975,52,0
10976,52,0
10977,52,0
10978,52,0
10979,52,0
10980,52,0
10981,52,0
10982,52,0
10983,52,0
10984,52,0
10985,50,0
10986,52,0
10987,50,0
10988,52,0
10989,50,0
10990,54,0
10991,50,0
10992,52,0
10993,52,0
10994,52,0
10995,51,0
10996,53,0
10997,51,0
10998,53,0
10999,53,0
11000,51,0
11001,49,0
11002,55,0
11003,53,0
11004,53,0
11005,53,0
11006,51,0
11007,51,0
11008,49,0
11009,51,0
11010,51,0
11011,49,0
11012,53,0
11013,51,0
11014,53,0
11015,55,0
11016,51,0
11017,50,0
11018,52,0
11019,52,0
11020,52,0
11021,52,0
11022,52,0
11023,52,0
11024,50,0
11025,52,0
11026,52,0
11027,54,0
11028,54,0
11029,52,0
11030,52,0
11031,54,0
11032,52,0
11033,52,0
11034,52,0
11035,52,0
11036,50,0
11037,54,0
11038,52,0
11039,52,0
11040,54,0
11041,52,0
11042,50,0
11043,50,0
11044,50,0
11045,52,0
11046,49,0
11047,51,0
11048,53,0
11049,53,0
11050,51,0
11051,53,0
11052,53,0
11053,51,0
11054,52,0
11055,50,0
11056,52,0
11057,52,0
11058,52,0
11059,52,0
11060,52,0
11061,50,0
11062,50,0
11063,54,0
11064,52,0
11065,52,0
11066,52,0
11067,52,0
11068,52,0
11069,52,0
11070,52,0
11071,52,0
11072,50,0
11073,52,0
11074,52,0
11075,50,0
11076,52,0
11077,52,0
11078,52,0
11079,52,0
11080,52,0
11081,50,0
11082,52,0
11083,52,0
11084,52,0
11085,52,0
11086,52,0
11087,52,0
11088,52,0
11089,52,0
11090,52,0
11091,52,0
11092,52,0
11093,50,0
11094,50,0
11095,50,0
11096,54,0
11097,52,0
11098,50,0
11099,52,0
11100,54,0
11101,52,0
11102,50,0
11103,52,0
11104,54,0
11105,50,0
11106,52,0
11107,52,0
11108,50,0
11109,52,0
11110,50,0
11111,50,0
11112,52,0
11113,54,0
11114,50,0
11115,52,0
11116,52,0
11117,52,0
11118,50,0
11119,54,0
11120,52,0
11121,50,0
11122,50,0
11123,50,0
11124,50,0
11125,52,0
11126,52,0
11127,53,0
11128,51,0
11129,51,0
11130,52,0
11131,52,0
11132,52,0
11133,52,0
11134,52,0
11135,51,0
11136,55,0
11137,53,0
11138,51,0
11139,51,0
11140,55,0
11141,51,0
11142,55,0
11143,51,0
11144,53,0
11145,52,0
11146,50,0
11147,52,0
11148,52,0
11149,52,0
11150,52,0
11151,52,0
11152,50,0
11153,52,0
11154,53,0
11155,51,0
11156,51,0
11157,49,0
11158,53,0
11159,53,0
11160,55,0
11161,55,0
11162,53,0
11163,52,0
11164,52,0
11165,52,0
11166,50,0
11167,52,0
11168,50,0
11169,50,0
11170,54,0
11171,52,0
11172,52,0
11173,54,0
11174,52,0
11175,52,0
11176,52,0
11177,52,0
11178,54,0
11179,52,0
11180,52,0
11181,52,0
11182,52,0
11183,52,0
11184,52,0
11185,50,0
11186,52,0
11187,52,0
11188,51,0
11189,51,0
11190,53,0
11191,51,0
11192,51,0
11193,53,0
11194,51,0
11195,51,0
11196,51,0
11197,51,0
11198,55,0
11199,53,0
11200,53,0
11201,51,0
11202,51,0
11203,53,0
11204,51,0
11205,49,0
11206,53,0
11207,51,0
11208,53,0
11209,49,0
11210,52,0
11211,52,0
11212,52,0
11213,50,0
11214,50,0
11215,54,0
11216,52,0
11217,52,0
11218,52,0
11219,52,0
11220,50,0
11221,52,0
11222,52,0
11223,50,0
11224,52,0
11225,52,0
11226,54,0
11227,54,0
11228,54,0
11229,54,0
11230,54,0
11231,54,0
11232,50,0
11233,50,0
11234,52,0
11235,50,0
11236,50,0
11237,52,0
11238,52,0
11239,52,0
11240,50,0
11241,50,0
11242,52,0
11243,50,0
11244,54,0
11245,52,0
11246,52,0
11247,52,0
11248,52,0
11249,52,0
11250,50,0
11251,50,0
11252,54,0
11253,50,0
11254,52,0
11255,52,0
11256,52,0
11257,52,0
11258,52,0
11259,52,0
11260,50,0
11261,52,0
11262,52,0
11263,52,0
11264,52,0
11265,50,0
11266,50,0
11267,52,0
11268,52,0
11269,50,0
11270,54,0
11271,50,0
11272,50,0
11273,50,0
11274,52,0
11275,52,0
11276,52,0
11277,52,0
11278,52,0
11279,50,0
11280,52,0
11281,52,0
11282,50,0
11283,52,0
11284,52,0
11285,52,0
11286,52,0
11287,52,0
11288,52,0
11289,50,0
11290,52,0
11291,50,0
11292,52,0
11293,52,0
11294,53,0
11295,51,0
11296,53,0
11297,51,0
11298,53,0
11299,51,0
11300,53,0
11301,51,0
11302,53,0
11303,51,0
11304,51,0
11305,55,0
11306,53,0
11307,51,0
11308,51,0
11309,51,0
11310,53,0
11311,53,0
11312,53,0
11313,55,0
11314,53,0
11315,53,0
11316,52,0
11317,52,0
11318,52,0
11319,52,0
11320,52,0
11321,52,0
11322,52,0
11323,50,0
11324,52,0
11325,52,0
11326,52,0
11327,52,0
11328,54,0
11329,52,0
11330,52,0
11331,52,0
11332,54,0
11333,50,0
11334,52,0
11335,54,0
11336,52,0
11337,54,0
11338,52,0
11339,52,0
11340,52,0
11341,52,0
11342,54,0
11343,52,0
11344,52,0
11345,54,0
11346,51,0
11347,51,0
11348,51,0
11349,51,0
11350,55,0
11351,55,0
11352,55,0
11353,51,0
11354,49,0
11355,51,0
11356,52,0
11357,52,0
11358,52,0
11359,52,0
11360,52,0
11361,54,0
11362,50,0
11363,52,0
11364,50,0
11365,50,0
11366,52,0
11367,50,0
11368,54,0
11369,54,0
11370,52,0
11371,52,0
11372,50,0
11373,53,0
11374,55,0
11375,53,0
11376,51,0
11377,51,0
11378,51,0
11379,51,0
11380,51,0
11381,51,0
11382,51,0
11383,51,0
11384,51,0
11385,51,0
11386,53,0
11387,51,0
11388,51,0
11389,51,0
11390,51,0
11391,53,0
11392,53,0
11393,51,0
11394,51,0
11395,51,0
11396,53,0
11397,51,0
11398,53,0
11399,51,0
11400,51,0
11401,53,0
11402,53,0
11403,53,0
11404,49,0
11405,53,0
11406,53,0
11407,53,0
11408,51,0
11409,53,0
11410,53,0
11411,53,0
11412,51,0
11413,53,0
11414,51,0
11415,53,0
11416,53,0
11417,51,0
11418,55,0
11419,53,0
11420,51,0
11421,53,0
11422,51,0
11423,51,0
11424,52,0
11425,50,0
11426,50,0
11427,50,0
11428,52,0
11429,52,0
11430,54,0
11431,52,0
11432,52,0
11433,58,0
11434,52,0
11435,51,0
11436,53,0
11437,53,0
11438,51,0
11439,55,0
11440,52,0
11441,54,0
11442,52,0
11443,51,0
11444,52,0
11445,50,0
11446,54,0
11447,52,0
11448,52,0
11449,52,0
11450,52,0
11451,51,0
11452,49,0
11453,49,0
11454,51,0
11455,55,0
11456,52,0
11457,52,0
11458,50,0
11459,52,0
11460,52,0
11461,54,0
11462,52,0
11463,55,0
11464,53,0
11465,51,0
11466,51,0
11467,53,0
11468,52,0
11469,52,0
11470,52,0
11471,52,0
11472,52,0
11473,52,0
11474,50,0
11475,50,0
11476,52,0
11477,52,0
11478,50,0
11479,52,0
11480,54,0
11481,50,0
11482,52,0
11483,54,0
11484,52,0
11485,52,0
11486,52,0
11487,52,0
11488,52,0
11489,52,0
11490,52,0
11491,50,0
11492,52,0
11493,50,0
11494,52,0
11495,51,0
11496,53,0
11497,55,0
11498,51,0
11499,51,0
11500,53,0
11501,50,0
11502,54,0
11503,52,0
11504,54,0
11505,52,0
11506,52,0
11507,52,0
11508,50,0
11509,50,0
11510,52,0
11511,51,0
11512,51,0
11513,53,0
11514,51,0
11515,51,0
11516,53,0
11517,55,0
11518,55,0
11519,49,0
11520,51,0
11521,51,0
11522,51,0
11523,51,0
11524,49,0
11525,53,0
11526,53,0
11527,53,0
11528,53,0
11529,53,0
11530,51,0
11531,49,0
11532,55,0
11533,53,0
11534,51,0
11535,51,0
11536,51,0
11537,51,0
11538,55,0
11539,53,0
11540,53,0
11541,53,0
11542,53,0
11543,51,0
11544,52,0
11545,50,0
11546,52,0
11547,50,0
11548,54,0
11549,50,0
11550,52,0
11551,50,0
11552,52,0
11553,52,0
11554,52,0
11555,50,0
11556,52,0
11557,52,0
11558,50,0
11559,52,0
11560,52,0
11561,52,0
11562,54,0
11563,52,0
11564,50,0
11565,50,0
11566,52,0
11567,52,0
11568,50,0
11569,52,0
11570,52,0
11571,51,0
11572,51,0
11573,51,0
11574,49,0
11575,49,0
11576,49,0
11577,51,0
11578,51,0
11579,51,0
11580,52,0
11581,52,0
11582,53,0
11583,53,0
11584,51,0
11585,51,0
11586,53,0
11587,51,0
11588,51,0
11589,53,0
11590,49,0
11591,55,0
11592,53,0
11593,49,0
11594,55,0
11595,51,0
11596,53,0
11597,51,0
11598,51,0
11599,53,0
11600,51,0
11601,51,0
11602,53,0
11603,53,0
11604,51,0
11605,51,0
11606,51,0
11607,53,0
11608,53,0
11609,55,0
11610,53,0
11611,55,0
11612,55,0
11613,53,0
11614,50,0
11615,52,0
11616,55,0
11617,51,0
11618,51,0
11619,53,0
11620,53,0
11621,51,0
11622,52,0
11623,52,0
11624,52,0
11625,52,0
11626,50,0
11627,52,0
11628,52,0
11629,54,0
11630,52,0
11631,52,0
11632,52,0
11633,50,0
11634,52,0
11635,52,0
11636,52,0
11637,50,0
11638,50,0
11639,50,0
11640,50,0
11641,50,0
11642,52,0
11643,52,0
11644,52,0
11645,51,0
11646,51,0
11647,55,0
11648,55,0
11649,55,0
11650,51,0
11651,51,0
11652,53,0
11653,53,0
11654,51,0
11655,53,0
11656,51,0
11657,55,0
11658,53,0
11659,53,0
11660,55,0
11661,53,0
11662,51,0
11663,53,0
11664,51,0
11665,55,0
11666,52,0
11667,52,0
11668,52,0
11669,50,0
11670,52,0
11671,54,0
11672,52,0
11673,54,0
11674,52,0
11675,50,0
11676,52,0
11677,52,0
11678,50,0
11679,52,0
11680,52,0
11681,54,0
11682,52,0
11683,50,0
11684,50,0
11685,52,0
11686,52,0
11687,52,0
11688,52,0
11689,52,0
11690,53,0
11691,51,0
11692,53,0
11693,51,0
11694,53,0
11695,53,0
11696,53,0
11697,53,0
11698,53,0
11699,51,0
11700,52,0
11701,52,0
11702,52,0
11703,50,0
11704,52,0
11705,52,0
11706,52,0
11707,50,0
11708,50,0
11709,52,0
11710,50,0
11711,50,0
11712,54,0
11713,52,0
11714,52,0
11715,50,0
11716,54,0
11717,52,0
11718,50,0
11719,50,0
11720,53,0
11721,49,0
11722,51,0
11723,55,0
11724,53,0
11725,53,0
11726,51,0
11727,51,0
11728,51,0
11729,51,0
11730,50,0
11731,51,0
11732,51,0
11733,51,0
11734,51,0
11735,55,0
11736,55,0
11737,51,0
11738,49,0
11739,51,0
11740,53,0
11741,51,0
11742,52,0
11743,52,0
11744,50,0
11745,52,0
11746,52,0
11747,52,0
11748,52,0
11749,54,0
11750,50,0
11751,52,0
11752,52,0
11753,52,0
11754,52,0
11755,52,0
11756,50,0
11757,54,0
11758,52,0
11759,52,0
11760,52,0
11761,50,0
11762,50,0
11763,52,0
11764,53,0
11765,53,0
11766,55,0
11767,53,0
11768,53,0
11769,52,0
11770,52,0
11771,52,0
11772,54,0
11773,52,0
11774,50,0
11775,52,0
11776,55,0
11777,51,0
11778,53,0
11779,53,0
11780,51,0
11781,52,0
11782,51,0
11783,53,0
11784,49,0
11785,51,0
11786,55,0
11787,49,0
11788,51,0
11789,55,0
11790,53,0
11791,51,0
11792,51,0
11793,51,0
11794,53,0
11795,51,0
11796,53,0
11797,51,0
11798,52,0
11799,52,0
11800,52,0
11801,52,0
11802,52,0
11803,50,0
11804,50,0
11805,52,0
11806,52,0
11807,50,0
11808,52,0
11809,49,0
11810,52,0
11811,52,0
11812,52,0
11813,50,0
11814,52,0
11815,52,0
11816,50,0
11817,54,0
11818,52,0
11819,50,0
11820,52,0
11821,52,0
11822,50,0
11823,52,0
11824,54,0
11825,50,0
11826,52,0
11827,51,0
11828,53,0
11829,55,0
11830,55,0
11831,55,0
11832,52,0
11833,50,0
11834,53,0
11835,53,0
11836,52,0
11837,52,0
11838,52,0
11839,52,0
11840,52,0
11841,52,0
11842,53,0
11843,51,0
11844,51,0
11845,53,0
11846,51,0
11847,53,0
11848,53,0
11849,52,0
11850,52,0
11851,50,0
11852,52,0
11853,52,0
11854,52,0
11855,50,0
11856,50,0
11857,52,0
11858,52,0
11859,52,0
11860,52,0
11861,52,0
11862,50,0
11863,50,0
11864,52,0
11865,50,0
11866,52,0
11867,52,0
11868,51,0
11869,55,0
11870,51,0
11871,51,0
11872,51,0
11873,51,0
11874,51,0
11875,53,0
11876,51,0
11877,51,0
11878,55,0
11879,53,0
11880,52,0
11881,52,0
11882,52,0
11883,52,0
11884,50,0
11885,53,0
11886,51,0
11887,51,0
11888,52,0
11889,52,0
11890,52,0
11891,52,0
11892,52,0
11893,52,0
11894,53,0
11895,53,0
11896,51,0
11897,51,0
11898,55,0
11899,52,0
11900,52,0
11901,52,0
11902,52,0
11903,52,0
11904,50,0
11905,52,0
11906,52,0
11907,52,0
11908,52,0
11909,52,0
11910,51,0
11911,51,0
11912,52,0
11913,52,0
11914,54,0
11915,52,0
11916,52,0
11917,54,0
11918,52,0
11919,52,0
11920,51,0
11921,53,0
11922,53,0
11923,53,0
11924,52,0
11925,50,0
11926,52,0
11927,52,0
11928,54,0
11929,52,0
11930,52,0
11931,53,0
11932,55,0
11933,51,0
11934,53,0
11935,53,0
11936,53,0
11937,55,0
11938,51,0
11939,53,0
11940,51,0
11941,53,0
11942,53,0
11943,51,0
11944,53,0
11945,53,0
11946,55,0
11947,55,0
11948,55,0
11949,51,0
11950,52,0
11951,52,0
11952,54,0
11953,54,0
11954,54,0
11955,52,0
11956,52,0
11957,52,0
11958,52,0
11959,52,0
11960,52,0
11961,52,0
11962,52,0
11963,50,0
11964,52,0
11965,52,0
11966,51,0
11967,55,0
11968,51,0
11969,53,0
11970,51,0
11971,53,0
11972,51,0
11973,51,0
11974,52,0
11975,52,0
11976,52,0
11977,52,0
11978,52,0
11979,52,0
11980,55,0
11981,51,0
11982,51,0
11983,51,0
11984,53,0
11985,52,0
11986,51,0
11987,53,0
11988,53,0
11989,52,0
11990,54,0
11991,54,0
11992,54,0
11993,50,0
11994,52,0
11995,51,0
11996,55,0
11997,53,0
11998,51,0
11999,52,0
12000,52,0
12001,52,0
12002,52,0
12003,54,0
12004,52,0
12005,55,0
12006,53,0
12007,53,0
12008,51,0
12009,52,0
12010,50,0
12011,52,0
12012,51,0
12013,52,0
12014,52,0
12015,54,0
12016,50,0
12017,52,0
12018,52,0
12019,51,0
12020,51,0
12021,53,0
12022,51,0
12023,52,0
12024,52,0
12025,52,0
12026,52,0
12027,52,0
12028,52,0
12029,51,0
12030,53,0
12031,53,0
12032,53,0
12033,52,0
12034,50,0
12035,50,0
12036,50,0
12037,50,0
12038,52,0
12039,52,0
12040,52,0
12041,52,0
12042,52,0
12043,52,0
12044,55,0
12045,51,0
12046,51,0
12047,53,0
12048,52,0
12049,52,0
12050,52,0
12051,52,0
12052,52,0
12053,52,0
12054,51,0
12055,53,0
12056,51,0
12057,53,0
12058,51,0
12059,52,0
12060,54,0
12061,52,0
12062,52,0
12063,52,0
12064,52,0
12065,52,0
12066,52,0
12067,50,0
12068,54,0
12069,52,0
12070,53,0
12071,51,0
12072,51,0
12073,51,0
12074,51,0
12075,52,0
12076,52,0
12077,54,0
12078,52,0
12079,52,0
12080,54,0
12081,52,0
12082,51,0
12083,51,0
12084,53,0
12085,53,0
12086,53,0
12087,52,0
12088,52,0
12089,50,0
12090,51,0
12091,55,0
12092,51,0
12093,53,0
12094,51,0
12095,51,0
12096,55,0
12097,51,0
12098,52,0
12099,52,0
12100,52,0
12101,52,0
12102,52,0
12103,52,0
12104,50,0
12105,52,0
12106,52,0
12107,52,0
12108,52,0
12109,52,0
12110,50,0
12111,52,0
12112,52,0
12113,50,0
12114,50,0
12115,52,0
12116,52,0
12117,52,0
12118,50,0
12119,54,0
12120,52,0
12121,51,0
12122,55,0
12123,51,0
12124,53,0
12125,51,0
12126,52,0
12127,52,0
12128,52,0
12129,50,0
12130,54,0
12131,52,0
12132,51,0
12133,53,0
12134,55,0
12135,51,0
12136,51,0
12137,49,0
12138,53,0
12139,53,0
12140,51,0
12141,53,0
12142,53,0
12143,53,0
12144,53,0
12145,53,0
12146,51,0
12147,51,0
12148,51,0
12149,53,0
12150,55,0
12151,53,0
12152,51,0
12153,53,0
12154,51,0
12155,50,0
12156,52,0
12157,52,0
12158,52,0
12159,52,0
12160,52,0
12161,52,0
12162,52,0
12163,52,0
12164,52,0
12165,54,0
12166,52,0
12167,52,0
12168,50,0
12169,52,0
12170,53,0
12171,51,0
12172,53,0
12173,55,0
12174,53,0
12175,50,0
12176,52,0
12177,50,0
12178,57,0
12179,52,0
12180,52,0
12181,52,0
12182,52,0
12183,54,0
12184,52,0
12185,53,0
12186,51,0
12187,49,0
12188,53,0
12189,51,0
12190,55,0
12191,53,0
12192,51,0
12193,53,0
12194,51,0
12195,51,0
12196,53,0
12197,51,0
12198,51,0
12199,53,0
12200,51,0
12201,53,0
12202,52,0
12203,50,0
12204,54,0
12205,52,0
12206,52,0
12207,52,0
12208,50,0
12209,50,0
12210,52,0
12211,52,0
12212,50,0
12213,50,0
12214,50,0
12215,52,0
12216,52,0
12217,54,0
12218,54,0
12219,52,0
12220,52,0
12221,52,0
12222,52,0
12223,50,0
12224,52,0
12225,52,0
12226,52,0
12227,52,0
12228,52,0
12229,55,0
12230,53,0
12231,53,0
12232,55,0
12233,51,0
12234,51,0
12235,53,0
12236,53,0
12237,55,0
12238,53,0
12239,55,0
12240,53,0
12241,55,0
12242,55,0
12243,55,0
12244,55,0
12245,52,0
12246,52,0
12247,50,0
12248,52,0
12249,52,0
12250,52,0
12251,50,0
12252,52,0
12253,52,0
12254,52,0
12255,50,0
12256,52,0
12257,50,0
12258,52,0
12259,50,0
12260,52,0
12261,52,0
12262,51,0
12263,53,0
12264,50,0
12265,51,0
12266,53,0
12267,51,0
12268,51,0
12269,51,0
12270,55,0
12271,55,0
12272,55,0
12273,53,0
12274,51,0
12275,51,0
12276,51,0
12277,51,0
12278,49,0
12279,53,0
12280,55,0
12281,55,0
12282,51,0
12283,53,0
12284,52,0
12285,50,0
12286,52,0
12287,54,0
12288,52,0
12289,52,0
12290,50,0
12291,52,0
12292,52,0
12293,54,0
12294,50,0
12295,50,0
12296,52,0
12297,53,0
12298,81,0
12299,52,0
12300,50,0
12301,51,0
12302,51,0
12303,51,0
12304,52,0
12305,54,0
12306,56,0
12307,52,0
12308,52,0
12309,55,0
12310,51,0
12311,51,0
12312,53,0
12313,52,0
12314,52,0
12315,52,0
12316,50,0
12317,54,0
12318,52,0
12319,52,0
12320,52,0
12321,51,0
12322,53,0
12323,51,0
12324,51,0
12325,51,0
12326,51,0
12327,52,0
12328,50,0
12329,54,0
12330,52,0
12331,54,0
12332,52,0
12333,52,0
12334,52,0
12335,52,0
12336,50,0
12337,52,0
12338,52,0
12339,52,0
12340,51,0
12341,51,0
12342,53,0
12343,53,0
12344,53,0
12345,51,0
12346,53,0
12347,55,0
12348,51,0
12349,53,0
12350,53,0
12351,51,0
12352,53,0
12353,50,0
12354,52,0
12355,54,0
12356,54,0
12357,54,0
12358,54,0
12359,50,0
12360,54,0
12361,52,0
12362,52,0
12363,52,0
12364,52,0
12365,53,0
12366,53,0
12367,53,0
12368,53,0
12369,53,0
12370,51,0
12371,51,0
12372,51,0
12373,53,0
12374,55,0
12375,51,0
12376,51,0
12377,53,0
12378,51,0
12379,52,0
12380,52,0
12381,50,0
12382,52,0
12383,52,0
12384,54,0
12385,52,0
12386,52,0
12387,52,0
12388,50,0
12389,52,0
12390,52,0
12391,50,0
12392,52,0
12393,54,0
12394,50,0
12395,52,0
12396,50,0
12397,52,0
12398,52,0
12399,52,0
12400,52,0
12401,52,0
12402,52,0
12403,52,0
12404,52,0
12405,51,0
12406,53,0
12407,53,0
12408,53,0
12409,53,0
12410,51,0
12411,55,0
12412,53,0
12413,51,0
12414,53,0
12415,51,0
12416,53,0
12417,53,0
12418,53,0
12419,53,0
12420,53,0
12421,51,0
12422,51,0
12423,53,0
12424,53,0
12425,53,0
12426,52,0
12427,51,0
12428,52,0
12429,52,0
12430,53,0
12431,52,0
12432,50,0
12433,52,0
12434,52,0
12435,52,0
12436,50,0
12437,52,0
12438,52,0
12439,52,0
12440,52,0
12441,52,0
12442,50,0
12443,50,0
12444,54,0
12445,52,0
12446,52,0
12447,50,0
12448,52,0
12449,52,0
12450,52,0
12451,52,0
12452,52,0
12453,52,0
12454,52,0
12455,52,0
12456,52,0
12457,52,0
12458,51,0
12459,51,0
12460,55,0
12461,53,0
12462,51,0
12463,51,0
12464,55,0
12465,51,0
12466,51,0
12467,53,0
12468,51,0
12469,55,0
12470,51,0
12471,51,0
12472,55,0
12473,53,0
12474,52,0
12475,52,0
12476,52,0
12477,52,0
12478,54,0
12479,52,0
12480,52,0
12481,52,0
12482,54,0
12483,52,0
12484,52,0
12485,52,0
12486,52,0
12487,55,0
12488,53,0
12489,53,0
12490,55,0
12491,53,0
12492,53,0
12493,51,0
12494,51,0
12495,53,0
12496,51,0
12497,55,0
12498,51,0
12499,53,0
12500,53,0
12501,51,0
12502,51,0
12503,55,0
12504,51,0
12505,53,0
12506,51,0
12507,52,0
12508,52,0
12509,52,0
12510,52,0
12511,52,0
12512,52,0
12513,52,0
12514,52,0
12515,54,0
12516,52,0
12517,52,0
12518,52,0
12519,52,0
12520,52,0
12521,52,0
12522,51,0
12523,51,0
12524,51,0
12525,51,0
12526,53,0
12527,53,0
12528,51,0
12529,51,0
12530,53,0
12531,51,0
12532,51,0
12533,53,0
12534,51,0
12535,53,0
12536,51,0
12537,53,0
12538,51,0
12539,52,0
12540,52,0
12541,50,0
12542,52,0
12543,52,0
12544,52,0
12545,52,0
12546,52,0
12547,52,0
12548,52,0
12549,52,0
12550,52,0
12551,52,0
12552,52,0
12553,52,0
12554,52,0
12555,52,0
12556,50,0
12557,50,0
12558,52,0
12559,50,0
12560,54,0
12561,52,0
12562,50,0
12563,52,0
12564,50,0
12565,52,0
12566,52,0
12567,50,0
12568,52,0
12569,51,0
12570,51,0
12571,51,0
12572,51,0
12573,51,0
12574,53,0
12575,53,0
12576,51,0
12577,51,0
12578,53,0
12579,51,0
12580,52,0
12581,50,0
12582,52,0
12583,50,0
12584,52,0
12585,50,0
12586,52,0
12587,52,0
12588,50,0
12589,50,0
12590,52,0
12591,52,0
12592,52,0
12593,52,0
12594,50,0
12595,52,0
12596,50,0
12597,52,0
12598,51,0
12599,51,0
12600,51,0
12601,53,0
12602,53,0
12603,53,0
12604,50,0
12605,52,0
12606,52,0
12607,50,0
12608,52,0
12609,52,0
12610,52,0
12611,52,0
12612,52,0
12613,52,0
12614,50,0
12615,52,0
12616,52,0
12617,52,0
12618,50,0
12619,52,0
12620,52,0
12621,52,0
12622,52,0
12623,54,0
12624,52,0
12625,52,0
12626,52,0
12627,52,0
12628,52,0
12629,52,0
12630,52,0
12631,52,0
12632,52,0
12633,52,0
12634,55,0
12635,53,0
12636,53,0
12637,51,0
12638,51,0
12639,51,0
12640,51,0
12641,51,0
12642,53,0
12643,51,0
12644,51,0
12645,53,0
12646,53,0
12647,52,0
12648,54,0
12649,52,0
12650,52,0
12651,52,0
12652,52,0
12653,50,0
12654,52,0
12655,54,0
12656,50,0
12657,54,0
12658,52,0
12659,52,0
12660,53,0
12661,51,0
12662,51,0
12663,53,0
12664,51,0
12665,53,0
12666,53,0
12667,53,0
12668,53,0
12669,55,0
12670,53,0
12671,53,0
12672,51,0
12673,51,0
12674,53,0
12675,52,0
12676,52,0
12677,52,0
12678,52,0
12679,52,0
12680,52,0
12681,54,0
12682,52,0
12683,52,0
12684,52,0
12685,52,0
12686,54,0
12687,54,0
12688,52,0
12689,50,0
12690,52,0
12691,50,0
12692,55,0
12693,49,0
12694,51,0
12695,51,0
12696,53,0
12697,51,0
12698,51,0
12699,53,0
12700,51,0
12701,53,0
12702,51,0
12703,51,0
12704,51,0
12705,49,0
12706,51,0
12707,51,0
12708,51,0
12709,49,0
12710,51,0
12711,49,0
12712,53,0
12713,53,0
12714,53,0
12715,49,0
12716,51,0
12717,55,0
12718,51,0
12719,51,0
12720,53,0
12721,53,0
12722,51,0
12723,53,0
12724,49,0
12725,52,0
12726,50,0
12727,52,0
12728,52,0
12729,52,0
12730,50,0
12731,52,0
12732,50,0
12733,50,0
12734,50,0
12735,50,0
12736,52,0
12737,50,0
12738,52,0
12739,52,0
12740,52,0
12741,52,0
12742,50,0
12743,52,0
12744,50,0
12745,54,0
12746,52,0
12747,52,0
12748,52,0
12749,52,0
12750,52,0
12751,52,0
12752,52,0
12753,52,0
12754,52,0
12755,53,0
12756,51,0
12757,51,0
12758,51,0
12759,51,0
12760,51,0
12761,51,0
12762,51,0
12763,52,0
12764,52,0
12765,52,0
12766,52,0
12767,52,0
12768,54,0
12769,52,0
12770,52,0
12771,50,0
12772,52,0
12773,52,0
12774,52,0
12775,52,0
12776,50,0
12777,52,0
12778,52,0
12779,54,0
12780,50,0
12781,54,0
12782,52,0
12783,52,0
12784,50,0
12785,52,0
12786,52,0
12787,50,0
12788,52,0
12789,51,0
12790,51,0
12791,51,0
12792,51,0
12793,51,0
12794,51,0
12795,51,0
12796,51,0
12797,51,0
12798,51,0
12799,53,0
12800,52,0
12801,52,0
12802,52,0
12803,52,0
12804,54,0
12805,54,0
12806,52,0
12807,52,0
12808,52,0
12809,54,0
12810,52,0
12811,50,0
12812,52,0
12813,52,0
12814,52,0
12815,52,0
12816,53,0
12817,51,0
12818,51,0
12819,53,0
12820,53,0
12821,53,0
12822,55,0
12823,51,0
12824,51,0
12825,55,0
12826,53,0
12827,53,0
12828,53,0
12829,53,0
12830,53,0
12831,53,0
12832,51,0
12833,51,0
12834,55,0
12835,53,0
12836,51,0
12837,53,0
12838,52,0
12839,52,0
12840,52,0
12841,52,0
12842,50,0
12843,54,0
12844,52,0
12845,52,0
12846,52,0
12847,54,0
12848,52,0
12849,50,0
12850,52,0
12851,52,0
12852,50,0
12853,52,0
12854,50,0
12855,50,0
12856,52,0
12857,52,0
12858,52,0
12859,52,0
12860,52,0
12861,52,0
12862,51,0
12863,51,0
12864,52,0
12865,53,0
12866,52,0
12867,52,0
12868,51,0
12869,53,0
12870,51,0
12871,51,0
12872,53,0
12873,53,0
12874,51,0
12875,53,0
12876,51,0
12877,55,0
12878,51,0
12879,51,0
12880,51,0
12881,53,0
12882,53,0
12883,51,0
12884,53,0
12885,53,0
12886,53,0
12887,51,0
12888,53,0
12889,53,0
12890,55,0
12891,53,0
12892,53,0
12893,55,0
12894,51,0
12895,55,0
12896,50,0
12897,54,0
12898,50,0
12899,50,0
12900,52,0
12901,50,0
12902,50,0
12903,52,0
12904,52,0
12905,52,0
12906,50,0
12907,50,0
12908,52,0
12909,55,0
12910,50,0
12911,53,0
12912,53,0
12913,51,0
12914,53,0
12915,51,0
12916,53,0
12917,52,0
12918,52,0
12919,51,0
12920,51,0
12921,52,0
12922,50,0
12923,58,0
12924,51,0
12925,51,0
12926,52,0
12927,52,0
12928,52,0
12929,52,0
12930,52,0
12931,50,0
12932,52,0
12933,52,0
12934,54,0
12935,50,0
12936,52,0
12937,52,0
12938,55,0
12939,53,0
12940,53,0
12941,51,0
12942,55,0
12943,52,0
12944,52,0
12945,52,0
12946,54,0
12947,52,0
12948,52,0
12949,52,0
12950,52,0
12951,52,0
12952,52,0
12953,54,0
12954,50,0
12955,54,0
12956,54,0
12957,52,0
12958,52,0
12959,54,0
12960,52,0
12961,52,0
12962,52,0
12963,54,0
12964,54,0
12965,52,0
12966,54,0
12967,50,0
12968,51,0
12969,55,0
12970,51,0
12971,53,0
12972,51,0
12973,53,0
12974,53,0
12975,49,0
12976,53,0
12977,53,0
12978,51,0
12979,51,0
12980,51,0
12981,53,0
12982,53,0
12983,55,0
12984,53,0
12985,51,0
12986,53,0
12987,53,0
12988,53,0
12989,55,0
12990,53,0
12991,53,0
12992,51,0
12993,51,0
12994,49,0
12995,52,0
12996,52,0
12997,54,0
12998,52,0
12999,52,0
13000,52,0
13001,52,0
13002,52,0
13003,52,0
13004,52,0
13005,52,0
13006,53,0
13007,51,0
13008,51,0
13009,51,0
13010,53,0
13011,51,0
13012,53,0
13013,53,0
13014,55,0
13015,51,0
13016,51,0
13017,53,0
13018,53,0
13019,51,0
13020,53,0
13021,58,0
13022,50,0
13023,52,0
13024,52,0
13025,50,0
13026,52,0
13027,52,0
13028,52,0
13029,52,0
13030,54,0
13031,52,0
13032,52,0
13033,54,0
13034,52,0
13035,50,0
13036,50,0
13037,54,0
13038,52,0
13039,52,0
13040,52,0
13041,52,0
13042,52,0
13043,54,0
13044,52,0
13045,52,0
13046,52,0
13047,52,0
13048,49,0
13049,51,0
13050,51,0
13051,51,0
13052,51,0
13053,55,0
13054,51,0
13055,53,0
13056,51,0
13057,53,0
13058,51,0
13059,53,0
13060,49,0
13061,53,0
13062,55,0
13063,51,0
13064,53,0
13065,55,0
13066,51,0
13067,51,0
13068,49,0
13069,53,0
13070,53,0
13071,53,0
13072,53,0
13073,53,0
13074,52,0
13075,54,0
13076,54,0
13077,52,0
13078,54,0
13079,54,0
13080,52,0
13081,52,0
13082,54,0
13083,52,0
13084,50,0
13085,54,0
13086,52,0
13087,52,0
13088,54,0
13089,52,0
13090,52,0
13091,52,0
13092,52,0
13093,54,0
13094,52,0
13095,54,0
13096,52,0
13097,52,0
13098,52,0
13099,50,0
13100,51,0
13101,51,0
13102,51,0
13103,51,0
13104,51,0
13105,53,0
13106,51,0
13107,51,0
13108,52,0
13109,53,0
13110,52,0
13111,52,0
13112,52,0
13113,52,0
13114,52,0
13115,54,0
13116,50,0
13117,50,0
13118,54,0
13119,50,0
13120,52,0
13121,52,0
13122,54,0
13123,50,0
13124,52,0
13125,52,0
13126,54,0
13127,49,0
13128,53,0
13129,53,0
13130,51,0
13131,53,0
13132,55,0
13133,52,0
13134,52,0
13135,52,0
13136,50,0
13137,50,0
13138,52,0
13139,52,0
13140,52,0
13141,52,0
13142,52,0
13143,52,0
13144,52,0
13145,50,0
13146,50,0
13147,50,0
13148,52,0
13149,50,0
13150,50,0
13151,52,0
13152,52,0
13153,50,0
13154,51,0
13155,55,0
13156,51,0
13157,53,0
13158,53,0
13159,55,0
13160,51,0
13161,53,0
13162,55,0
13163,51,0
13164,53,0
13165,55,0
13166,51,0
13167,53,0
13168,55,0
13169,55,0
13170,51,0
13171,55,0
13172,55,0
13173,51,0
13174,53,0
13175,51,0
13176,53,0
13177,51,0
13178,53,0
13179,51,0
13180,53,0
13181,50,0
13182,50,0
13183,54,0
13184,50,0
13185,50,0
13186,50,0
13187,52,0
13188,52,0
13189,54,0
13190,52,0
13191,52,0
13192,52,0
13193,53,0
13194,53,0
13195,53,0
13196,51,0
13197,51,0
13198,51,0
13199,51,0
13200,53,0
13201,49,0
13202,51,0
13203,53,0
13204,53,0
13205,51,0
13206,55,0
13207,51,0
13208,53,0
13209,51,0
13210,53,0
13211,49,0
13212,53,0
13213,51,0
13214,53,0
13215,53,0
13216,51,0
13217,55,0
13218,53,0
13219,51,0
13220,52,0
13221,52,0
13222,52,0
13223,52,0
13224,52,0
13225,52,0
13226,52,0
13227,54,0
13228,54,0
13229,52,0
13230,52,0
13231,52,0
13232,52,0
13233,52,0
13234,52,0
13235,54,0
13236,52,0
13237,50,0
13238,52,0
13239,52,0
13240,52,0
13241,52,0
13242,54,0
13243,52,0
13244,54,0
13245,52,0
13246,54,0
13247,52,0
13248,54,0
13249,52,0
13250,50,0
13251,50,0
13252,54,0
13253,54,0
13254,52,0
13255,52,0
13256,52,0
13257,52,0
13258,54,0
13259,54,0
13260,52,0
13261,52,0
13262,52,0
13263,52,0
13264,50,0
13265,50,0
13266,52,0
13267,54,0
13268,52,0
13269,52,0
13270,52,0
13271,52,0
13272,52,0
13273,52,0
13274,52,0
13275,53,0
13276,51,0
13277,53,0
13278,51,0
13279,53,0
13280,53,0
13281,51,0
13282,53,0
13283,52,0
13284,52,0
13285,52,0
13286,53,0
13287,55,0
13288,51,0
13289,51,0
13290,49,0
13291,51,0
13292,51,0
13293,51,0
13294,51,0
13295,51,0
13296,51,0
13297,53,0
13298,51,0
13299,53,0
13300,53,0
13301,51,0
13302,53,0
13303,51,0
13304,52,0
13305,52,0
13306,52,0
13307,52,0
13308,52,0
13309,51,0
13310,53,0
13311,53,0
13312,51,0
13313,52,0
13314,52,0
13315,52,0
13316,50,0
13317,52,0
13318,52,0
13319,52,0
13320,52,0
13321,52,0
13322,52,0
13323,50,0
13324,52,0
13325,52,0
13326,52,0
13327,51,0
13328,53,0
13329,53,0
13330,53,0
13331,53,0
13332,51,0
13333,52,0
13334,52,0
13335,55,0
13336,51,0
13337,53,0
13338,49,0
13339,55,0
13340,55,0
13341,51,0
13342,51,0
13343,51,0
13344,51,0
13345,51,0
13346,51,0
13347,51,0
13348,50,0
13349,52,0
13350,52,0
13351,52,0
13352,50,0
13353,50,0
13354,52,0
13355,52,0
13356,52,0
13357,52,0
13358,52,0
13359,50,0
13360,52,0
13361,52,0
13362,52,0
13363,52,0
13364,50,0
13365,52,0
13366,54,0
13367,50,0
13368,50,0
13369,50,0
13370,54,0
13371,52,0
13372,52,0
13373,52,0
13374,52,0
13375,52,0
13376,50,0
13377,50,0
13378,50,0
13379,52,0
13380,52,0
13381,50,0
13382,52,0
13383,52,0
13384,52,0
13385,50,0
13386,52,0
13387,54,0
13388,52,0
13389,52,0
13390,52,0
13391,54,0
13392,52,0
13393,52,0
13394,52,0
13395,52,0
13396,52,0
13397,52,0
13398,50,0
13399,52,0
13400,52,0
13401,50,0
13402,52,0
13403,52,0
13404,52,0
13405,50,0
13406,52,0
13407,50,0
13408,52,0
13409,52,0
13410,50,0
13411,52,0
13412,52,0
13413,50,0
13414,53,0
13415,55,0
13416,53,0
13417,53,0
13418,51,0
13419,51,0
13420,53,0
13421,55,0
13422,51,0
13423,51,0
13424,53,0
13425,51,0
13426,53,0
13427,53,0
13428,52,0
13429,52,0
13430,52,0
13431,52,0
13432,52,0
13433,54,0
13434,50,0
13435,50,0
13436,52,0
13437,50,0
13438,50,0
13439,54,0
13440,51,0
13441,50,0
13442,50,0
13443,52,0
13444,52,0
13445,50,0
13446,50,0
13447,52,0
13448,50,0
13449,50,0
13450,50,0
13451,52,0
13452,52,0
13453,50,0
13454,54,0
13455,50,0
13456,50,0
13457,50,0
13458,52,0
13459,52,0
13460,52,0
13461,52,0
13462,53,0
13463,52,0
13464,53,0
13465,52,0
13466,50,0
13467,50,0
13468,50,0
13469,52,0
13470,52,0
13471,52,0
13472,52,0
13473,52,0
13474,50,0
13475,53,0
13476,51,0
13477,53,0
13478,51,0
13479,51,0
13480,51,0
13481,49,0
13482,53,0
13483,51,0
13484,53,0
13485,51,0
13486,51,0
13487,51,0
13488,53,0
13489,51,0
13490,52,0
13491,51,0
13492,53,0
13493,55,0
13494,53,0
13495,49,0
13496,49,0
13497,51,0
13498,51,0
13499,51,0
13500,51,0
13501,50,0
13502,52,0
13503,52,0
13504,54,0
13505,52,0
13506,52,0
13507,50,0
13508,50,0
13509,52,0
13510,50,0
13511,52,0
13512,52,0
13513,50,0
13514,50,0
13515,52,0
13516,50,0
13517,52,0
13518,50,0
13519,52,0
13520,52,0
13521,50,0
13522,52,0
13523,50,0
13524,54,0
13525,54,0
13526,52,0
13527,52,0
13528,52,0
13529,54,0
13530,54,0
13531,52,0
13532,52,0
13533,50,0
13534,52,0
13535,52,0
13536,54,0
13537,54,0
13538,52,0
13539,52,0
13540,52,0
13541,52,0
13542,52,0
13543,50,0
13544,50,0
13545,52,0
13546,52,0
13547,52,0
13548,52,0
13549,52,0
13550,52,0
13551,52,0
13552,52,0
13553,52,0
13554,50,0
13555,50,0
13556,52,0
13557,52,0
13558,52,0
13559,52,0
13560,52,0
13561,50,0
13562,50,0
13563,52,0
13564,52,0
13565,50,0
13566,52,0
13567,52,0
13568,52,0
13569,50,0
13570,50,0
13571,52,0
13572,52,0
13573,52,0
13574,50,0
13575,50,0
13576,52,0
13577,52,0
13578,52,0
13579,52,0
13580,52,0
13581,52,0
13582,52,0
13583,52,0
13584,53,0
13585,53,0
13586,52,0
13587,51,0
13588,49,0
13589,51,0
13590,53,0
13591,51,0
13592,51,0
13593,52,0
13594,52,0
13595,50,0
13596,50,0
13597,52,0
13598,50,0
13599,50,0
13600,51,0
13601,53,0
13602,53,0
13603,51,0
13604,51,0
13605,49,0
13606,49,0
13607,51,0
13608,55,0
13609,53,0
13610,49,0
13611,51,0
13612,52,0
13613,52,0
13614,52,0
13615,50,0
13616,54,0
13617,50,0
13618,52,0
13619,52,0
13620,50,0
13621,52,0
13622,52,0
13623,52,0
13624,50,0
13625,50,0
13626,52,0
13627,52,0
13628,50,0
13629,52,0
13630,52,0
13631,50,0
13632,50,0
13633,52,0
13634,50,0
13635,52,0
13636,50,0
13637,52,0
13638,50,0
13639,50,0
13640,51,0
13641,53,0
13642,53,0
13643,49,0
13644,52,0
13645,50,0
13646,52,0
13647,50,0
13648,52,0
13649,52,0
13650,52,0
13651,52,0
13652,52,0
13653,50,0
13654,51,0
13655,53,0
13656,51,0
13657,53,0
13658,53,0
13659,53,0
13660,51,0
13661,49,0
13662,51,0
13663,55,0
13664,53,0
13665,51,0
13666,55,0
13667,53,0
13668,56,0
13669,52,0
13670,52,0
13671,52,0
13672,50,0
13673,52,0
13674,52,0
13675,52,0
13676,52,0
13677,52,0
13678,52,0
13679,50,0
13680,52,0
13681,50,0
13682,52,0
13683,52,0
13684,52,0
13685,50,0
13686,50,0
13687,50,0
13688,52,0
13689,52,0
13690,53,0
13691,53,0
13692,51,0
13693,51,0
13694,51,0
13695,51,0
13696,53,0
13697,49,0
13698,53,0
13699,53,0
13700,50,0
13701,52,0
13702,50,0
13703,52,0
13704,52,0
13705,49,0
13706,51,0
13707,53,0
13708,51,0
13709,51,0
13710,51,0
13711,51,0
13712,51,0
13713,52,0
13714,52,0
13715,50,0
13716,52,0
13717,52,0
13718,52,0
13719,50,0
13720,54,0
13721,50,0
13722,54,0
13723,52,0
13724,52,0
13725,50,0
13726,51,0
13727,55,0
13728,52,0
13729,52,0
13730,52,0
13731,52,0
13732,52,0
13733,50,0
13734,52,0
13735,52,0
13736,52,0
13737,52,0
13738,52,0
13739,52,0
13740,51,0
13741,49,0
13742,51,0
13743,49,0
13744,51,0
13745,55,0
13746,51,0
13747,53,0
13748,51,0
13749,51,0
13750,53,0
13751,53,0
13752,51,0
13753,51,0
13754,52,0
13755,52,0
13756,52,0
13757,52,0
13758,52,0
13759,52,0
13760,51,0
13761,53,0
13762,51,0
13763,53,0
13764,53,0
13765,51,0
13766,53,0
13767,53,0
13768,52,0
13769,50,0
13770,50,0
13771,52,0
13772,50,0
13773,52,0
13774,50,0
13775,52,0
13776,50,0
13777,50,0
13778,52,0
13779,52,0
13780,50,0
13781,52,0
13782,51,0
13783,53,0
13784,51,0
13785,51,0
13786,52,0
13787,52,0
13788,54,0
13789,50,0
13790,50,0
13791,50,0
13792,52,0
13793,50,0
13794,52,0
13795,55,0
13796,53,0
13797,53,0
13798,51,0
13799,51,0
13800,51,0
13801,51,0
13802,55,0
13803,51,0
13804,51,0
13805,53,0
13806,50,0
13807,52,0
13808,50,0
13809,52,0
13810,54,0
13811,52,0
13812,51,0
13813,55,0
13814,49,0
13815,51,0
13816,53,0
13817,51,0
13818,51,0
13819,52,0
13820,52,0
13821,52,0
13822,54,0
13823,52,0
13824,52,0
13825,52,0
13826,50,0
13827,52,0
13828,52,0
13829,52,0
13830,55,0
13831,51,0
13832,51,0
13833,51,0
13834,51,0
13835,53,0
13836,54,0
13837,50,0
13838,54,0
13839,54,0
13840,52,0
13841,54,0
13842,52,0
13843,53,0
13844,49,0
13845,55,0
13846,49,0
13847,51,0
13848,51,0
13849,51,0
13850,53,0
13851,53,0
13852,50,0
13853,52,0
13854,52,0
13855,52,0
13856,52,0
13857,52,0
13858,50,0
13859,52,0
13860,52,0
13861,52,0
13862,52,0
13863,52,0
13864,55,0
13865,52,0
13866,50,0
13867,50,0
13868,52,0
13869,52,0
13870,50,0
13871,52,0
13872,50,0
13873,52,0
13874,50,0
13875,50,0
13876,52,0
13877,52,0
13878,52,0
13879,55,0
13880,51,0
13881,51,0
13882,53,0
13883,51,0
13884,51,0
13885,53,0
13886,55,0
13887,51,0
13888,51,0
13889,49,0
13890,52,0
13891,52,0
13892,50,0
13893,52,0
13894,52,0
13895,52,0
13896,52,0
13897,50,0
13898,51,0
13899,49,0
13900,51,0
13901,53,0
13902,51,0
13903,51,0
13904,55,0
13905,53,0
13906,51,0
13907,55,0
13908,52,0
13909,52,0
13910,50,0
13911,52,0
13912,52,0
13913,50,0
13914,50,0
13915,54,0
13916,52,0
13917,50,0
13918,54,0
13919,53,0
13920,53,0
13921,55,0
13922,55,0
13923,51,0
13924,51,0
13925,53,0
13926,51,0
13927,51,0
13928,51,0
13929,51,0
13930,51,0
13931,53,0
13932,52,0
13933,52,0
13934,52,0
13935,52,0
13936,50,0
13937,50,0
13938,50,0
13939,52,0
13940,52,0
13941,54,0
13942,52,0
13943,52,0
13944,50,0
13945,50,0
13946,52,0
13947,51,0
13948,51,0
13949,49,0
13950,51,0
13951,53,0
13952,50,0
13953,52,0
13954,50,0
13955,52,0
13956,52,0
13957,50,0
13958,50,0
13959,52,0
13960,50,0
13961,52,0
13962,52,0
13963,52,0
13964,50,0
13965,52,0
13966,53,0
13967,51,0
13968,53,0
13969,53,0
13970,51,0
13971,51,0
13972,53,0
13973,52,0
13974,50,0
13975,50,0
13976,52,0
13977,52,0
13978,52,0
13979,51,0
13980,51,0
13981,51,0
13982,53,0
13983,51,0
13984,53,0
13985,55,0
13986,53,0
13987,51,0
13988,52,0
13989,52,0
13990,52,0
13991,52,0
13992,52,0
13993,52,0
13994,50,0
13995,54,0
13996,52,0
13997,52,0
13998,52,0
13999,51,0
14000,53,0
14001,55,0
14002,52,0
14003,52,0
14004,50,0
14005,54,0
14006,52,0
14007,50,0
14008,52,0
14009,52,0
14010,51,0
14011,53,0
14012,53,0
14013,53,0
14014,55,0
14015,53,0
14016,51,0
14017,51,0
14018,53,0
14019,55,0
14020,50,0
14021,52,0
14022,52,0
14023,52,0
14024,50,0
14025,52,0
14026,52,0
14027,52,0
14028,52,0
14029,54,0
14030,53,0
14031,49,0
14032,53,0
14033,53,0
14034,51,0
14035,52,0
14036,52,0
14037,50,0
14038,50,0
14039,52,0
14040,50,0
14041,52,0
14042,52,0
14043,52,0
14044,52,0
14045,52,0
14046,52,0
14047,51,0
14048,51,0
14049,53,0
14050,53,0
14051,53,0
14052,53,0
14053,51,0
14054,51,0
14055,55,0
14056,51,0
14057,51,0
14058,54,0
14059,50,0
14060,54,0
14061,52,0
14062,52,0
14063,52,0
14064,52,0
14065,52,0
14066,51,0
14067,50,0
14068,55,0
14069,51,0
14070,53,0
14071,53,0
14072,53,0
14073,51,0
14074,53,0
14075,51,0
14076,53,0
14077,51,0
14078,51,0
14079,51,0
14080,53,0
14081,51,0
14082,52,0
14083,52,0
14084,52,0
14085,52,0
14086,52,0
14087,52,0
14088,51,0
14089,53,0
14090,51,0
14091,51,0
14092,53,0
14093,53,0
14094,51,0
14095,53,0
14096,51,0
14097,51,0
14098,52,0
14099,52,0
14100,52,0
14101,52,0
14102,52,0
14103,52,0
14104,50,0
14105,50,0
14106,52,0
14107,52,0
14108,50,0
14109,50,0
14110,52,0
14111,52,0
14112,52,0
14113,51,0
14114,53,0
14115,52,0
14116,52,0
14117,54,0
14118,52,0
14119,54,0
14120,54,0
14121,54,0
14122,54,0
14123,52,0
14124,52,0
14125,52,0
14126,51,0
14127,51,0
14128,51,0
14129,53,0
14130,53,0
14131,53,0
14132,53,0
14133,52,0
14134,52,0
14135,54,0
14136,52,0
14137,50,0
14138,52,0
14139,54,0
14140,51,0
14141,53,0
14142,53,0
14143,51,0
14144,52,0
14145,52,0
14146,52,0
14147,52,0
14148,50,0
14149,52,0
14150,52,0
14151,52,0
14152,52,0
14153,52,0
14154,54,0
14155,52,0
14156,55,0
14157,53,0
14158,53,0
14159,53,0
14160,51,0
14161,51,0
14162,51,0
14163,51,0
14164,51,0
14165,51,0
14166,50,0
14167,52,0
14168,50,0
14169,54,0
14170,52,0
14171,52,0
14172,51,0
14173,51,0
14174,53,0
14175,51,0
14176,51,0
14177,53,0
14178,51,0
14179,53,0
14180,51,0
14181,51,0
14182,52,0
14183,52,0
14184,52,0
14185,52,0
14186,50,0
14187,54,0
14188,50,0
14189,50,0
14190,52,0
14191,54,0
14192,50,0
14193,52,0
14194,52,0
14195,55,0
14196,53,0
14197,53,0
14198,52,0
14199,52,0
14200,52,0
14201,52,0
14202,52,0
14203,52,0
14204,50,0
14205,52,0
14206,52,0
14207,52,0
14208,52,0
14209,50,0
14210,52,0
14211,52,0
14212,53,0
14213,51,0
14214,53,0
14215,51,0
14216,51,0
14217,51,0
14218,53,0
14219,55,0
14220,51,0
14221,51,0
14222,53,0
14223,52,0
14224,52,0
14225,52,0
14226,52,0
14227,50,0
14228,50,0
14229,52,0
14230,52,0
14231,52,0
14232,54,0
14233,52,0
14234,52,0
14235,53,0
14236,51,0
14237,53,0
14238,53,0
14239,49,0
14240,51,0
14241,51,0
14242,51,0
14243,53,0
14244,51,0
14245,51,0
14246,52,0
14247,52,0
14248,50,0
14249,52,0
14250,50,0
14251,52,0
14252,51,0
14253,51,0
14254,55,0
14255,53,0
14256,55,0
14257,51,0
14258,51,0
14259,53,0
14260,53,0
14261,49,0
14262,53,0
14263,53,0
14264,52,0
14265,52,0
14266,52,0
14267,52,0
14268,52,0
14269,52,0
14270,52,0
14271,54,0
14272,52,0
14273,52,0
14274,50,0
14275,52,0
14276,52,0
14277,52,0
14278,51,0
14279,51,0
14280,50,0
14281,52,0
14282,50,0
14283,50,0
14284,52,0
14285,50,0
14286,50,0
14287,52,0
14288,50,0
14289,52,0
14290,54,0
14291,52,0
14292,53,0
14293,53,0
14294,51,0
14295,51,0
14296,53,0
14297,51,0
14298,52,0
14299,52,0
14300,54,0
14301,50,0
14302,52,0
14303,52,0
14304,52,0
14305,54,0
14306,53,0
14307,53,0
14308,53,0
14309,51,0
14310,51,0
14311,53,0
14312,52,0
14313,50,0
14314,54,0
14315,52,0
14316,52,0
14317,54,0
14318,52,0
14319,52,0
14320,50,0
14321,50,0
14322,52,0
14323,52,0
14324,50,0
14325,52,0
14326,52,0
14327,53,0
14328,51,0
14329,53,0
14330,51,0
14331,51,0
14332,51,0
14333,50,0
14334,52,0
14335,54,0
14336,52,0
14337,50,0
14338,52,0
14339,52,0
14340,52,0
14341,51,0
14342,51,0
14343,53,0
14344,53,0
14345,55,0
14346,53,0
14347,51,0
14348,53,0
14349,51,0
14350,52,0
14351,54,0
14352,52,0
14353,52,0
14354,50,0
14355,50,0
14356,52,0
14357,50,0
14358,54,0
14359,52,0
14360,50,0
14361,49,0
14362,53,0
14363,53,0
14364,51,0
14365,53,0
14366,49,0
14367,53,0
14368,52,0
14369,52,0
14370,52,0
14371,52,0
14372,50,0
14373,54,0
14374,50,0
14375,52,0
14376,50,0
14377,54,0
14378,50,0
14379,52,0
14380,52,0
14381,52,0
14382,53,0
14383,51,0
14384,53,0
14385,51,0
14386,53,0
14387,53,0
14388,52,0
14389,52,0
14390,50,0
14391,52,0
14392,50,0
14393,50,0
14394,54,0
14395,52,0
14396,50,0
14397,50,0
14398,50,0
14399,52,0
14400,52,0
14401,52,0
14402,52,0
14403,55,0
14404,53,0
14405,53,0
14406,53,0
14407,51,0
14408,51,0
14409,53,0
14410,52,0
14411,50,0
14412,52,0
14413,56,0
14414,50,0
14415,51,0
14416,53,0
14417,50,0
14418,50,0
14419,52,0
14420,52,0
14421,50,0
14422,52,0
14423,52,0
14424,52,0
14425,52,0
14426,54,0
14427,52,0
14428,54,0
14429,52,0
14430,52,0
14431,53,0
14432,53,0
14433,51,0
14434,54,0
14435,52,0
14436,52,0
14437,50,0
14438,54,0
14439,52,0
14440,52,0
14441,52,0
14442,52,0
14443,52,0
14444,50,0
14445,52,0
14446,52,0
14447,52,0
14448,52,0
14449,52,0
14450,54,0
14451,55,0
14452,55,0
14453,53,0
14454,53,0
14455,55,0
14456,55,0
14457,53,0
14458,51,0
14459,53,0
14460,51,0
14461,55,0
14462,53,0
14463,50,0
14464,52,0
14465,52,0
14466,52,0
14467,52,0
14468,50,0
14469,52,0
14470,52,0
14471,52,0
14472,54,0
14473,50,0
14474,52,0
14475,52,0
14476,54,0
14477,50,0
14478,50,0
14479,52,0
14480,52,0
14481,52,0
14482,50,0
14483,50,0
14484,52,0
14485,54,0
14486,54,0
14487,54,0
14488,52,0
14489,50,0
14490,50,0
14491,52,0
14492,52,0
14493,54,0
14494,52,0
14495,50,0
14496,52,0
14497,52,0
14498,52,0
14499,52,0
14500,52,0
14501,52,0
14502,52,0
14503,50,0
14504,52,0
14505,50,0
14506,52,0
14507,50,0
14508,52,0
14509,50,0
14510,52,0
14511,50,0
14512,52,0
14513,54,0
14514,52,0
14515,50,0
14516,52,0
14517,52,0
14518,52,0
14519,52,0
14520,52,0
14521,52,0
14522,52,0
14523,54,0
14524,52,0
14525,54,0
14526,52,0
14527,54,0
14528,50,0
14529,54,0
14530,52,0
14531,52,0
14532,52,0
14533,54,0
14534,52,0
14535,54,0
14536,52,0
14537,54,0
14538,52,0
14539,50,0
14540,52,0
14541,52,0
14542,52,0
14543,52,0
14544,52,0
14545,52,0
14546,51,0
14547,51,0
14548,51,0
14549,52,0
14550,53,0
14551,51,0
14552,51,0
14553,52,0
14554,52,0
14555,49,0
14556,50,0
14557,52,0
14558,51,0
14559,49,0
14560,53,0
14561,49,0
14562,51,0
14563,51,0
14564,53,0
14565,52,0
14566,50,0
14567,50,0
14568,50,0
14569,52,0
14570,52,0
14571,52,0
14572,54,0
14573,54,0
14574,54,0
14575,54,0
14576,54,0
14577,54,0
14578,52,0
14579,52,0
14580,54,0
14581,54,0
14582,54,0
14583,50,0
14584,50,0
14585,54,0
14586,54,0
14587,50,0
14588,54,0
14589,54,0
14590,54,0
14591,52,0
14592,54,0
14593,52,0
14594,52,0
14595,52,0
14596,52,0
14597,52,0
14598,51,0
14599,53,0
14600,55,0
14601,55,0
14602,55,0
14603,51,0
14604,51,0
14605,51,0
14606,51,0
14607,51,0
14608,51,0
14609,52,0
14610,52,0
14611,52,0
14612,52,0
14613,52,0
14614,52,0
14615,52,0
14616,52,0
14617,52,0
14618,54,0
14619,50,0
14620,50,0
14621,52,0
14622,52,0
14623,52,0
14624,52,0
14625,54,0
14626,52,0
14627,51,0
14628,55,0
14629,55,0
14630,51,0
14631,53,0
14632,55,0
14633,54,0
14634,50,0
14635,54,0
14636,52,0
14637,52,0
14638,50,0
14639,54,0
14640,52,0
14641,50,0
14642,52,0
14643,52,0
14644,52,0
14645,55,0
14646,51,0
14647,51,0
14648,51,0
14649,51,0
14650,55,0
14651,52,0
14652,50,0
14653,52,0
14654,54,0
14655,54,0
14656,54,0
14657,52,0
14658,54,0
14659,53,0
14660,53,0
14661,53,0
14662,53,0
14663,53,0
14664,53,0
14665,53,0
14666,53,0
14667,51,0
14668,52,0
14669,52,0
14670,54,0
14671,50,0
14672,52,0
14673,52,0
14674,54,0
14675,52,0
14676,52,0
14677,52,0
14678,55,0
14679,53,0
14680,53,0
14681,53,0
14682,51,0
14683,53,0
14684,51,0
14685,49,0
14686,53,0
14687,53,0
14688,51,0
14689,53,0
14690,51,0
14691,51,0
14692,51,0
14693,51,0
14694,51,0
14695,51,0
14696,53,0
14697,51,0
14698,49,0
14699,51,0
14700,51,0
14701,53,0
14702,51,0
14703,51,0
14704,49,0
14705,52,0
14706,54,0
14707,52,0
14708,52,0
14709,52,0
14710,54,0
14711,50,0
14712,54,0
14713,53,0
14714,51,0
14715,55,0
14716,51,0
14717,53,0
14718,55,0
14719,51,0
14720,51,0
14721,52,0
14722,52,0
14723,52,0
14724,54,0
14725,54,0
14726,52,0
14727,54,0
14728,52,0
14729,54,0
14730,53,0
14731,53,0
14732,52,0
14733,52,0
14734,50,0
14735,53,0
14736,52,0
14737,50,0
14738,50,0
14739,50,0
14740,50,0
14741,52,0
14742,52,0
14743,52,0
14744,52,0
14745,52,0
14746,50,0
14747,50,0
14748,50,0
14749,52,0
14750,50,0
14751,50,0
14752,52,0
14753,52,0
14754,50,0
14755,52,0
14756,52,0
14757,52,0
14758,52,0
14759,54,0
14760,52,0
14761,52,0
14762,50,0
14763,50,0
14764,50,0
14765,50,0
14766,52,0
14767,52,0
14768,52,0
14769,53,0
14770,53,0
14771,52,0
14772,52,0
14773,52,0
14774,52,0
14775,54,0
14776,50,0
14777,54,0
14778,52,0
14779,52,0
14780,55,0
14781,53,0
14782,51,0
14783,55,0
14784,55,0
14785,51,0
14786,51,0
14787,52,0
14788,52,0
14789,54,0
14790,50,0
14791,52,0
14792,52,0
14793,50,0
14794,52,0
14795,52,0
14796,55,0
14797,53,0
14798,53,0
14799,51,0
14800,51,0
14801,51,0
14802,55,0
14803,53,0
14804,51,0
14805,52,0
14806,52,0
14807,52,0
14808,52,0
14809,52,0
14810,52,0
14811,52,0
14812,50,0
14813,52,0
14814,52,0
14815,55,0
14816,53,0
14817,53,0
14818,53,0
14819,53,0
14820,55,0
14821,53,0
14822,52,0
14823,50,0
14824,52,0
14825,50,0
14826,52,0
14827,50,0
14828,53,0
14829,52,0
14830,53,0
14831,52,0
14832,52,0
14833,51,0
14834,52,0
14835,51,0
14836,51,0
14837,53,0
14838,55,0
14839,51,0
14840,51,0
14841,51,0
14842,53,0
14843,55,0
14844,53,0
14845,53,0
14846,53,0
14847,51,0
14848,50,0
14849,52,0
14850,54,0
14851,54,0
14852,52,0
14853,50,0
14854,50,0
14855,50,0
14856,52,0
14857,50,0
14858,52,0
14859,50,0
14860,51,0
14861,51,0
14862,53,0
14863,51,0
14864,51,0
14865,51,0
14866,53,0
14867,51,0
14868,51,0
14869,53,0
14870,51,0
14871,51,0
14872,53,0
14873,51,0
14874,51,0
14875,55,0
14876,54,0
14877,50,0
14878,52,0
14879,52,0
14880,52,0
14881,52,0
14882,54,0
14883,52,0
14884,52,0
14885,50,0
14886,52,0
14887,54,0
14888,54,0
14889,50,0
14890,50,0
14891,52,0
14892,54,0
14893,52,0
14894,54,0
14895,52,0
14896,52,0
14897,52,0
14898,52,0
14899,52,0
14900,52,0
14901,54,0
14902,52,0
14903,52,0
14904,51,0
14905,51,0
14906,53,0
14907,53,0
14908,55,0
14909,51,0
14910,51,0
14911,51,0
14912,51,0
14913,51,0
14914,51,0
14915,51,0
14916,51,0
14917,52,0
14918,52,0
14919,52,0
14920,52,0
14921,54,0
14922,52,0
14923,54,0
14924,52,0
14925,52,0
14926,52,0
14927,52,0
14928,52,0
14929,53,0
14930,50,0
14931,52,0
14932,52,0
14933,52,0
14934,54,0
14935,52,0
14936,52,0
14937,52,0
14938,52,0
14939,50,0
14940,51,0
14941,53,0
14942,50,0
14943,50,0
14944,51,0
14945,49,0
14946,49,0
14947,51,0
14948,49,0
14949,49,0
14950,51,0
14951,51,0
14952,51,0
14953,55,0
14954,55,0
14955,53,0
14956,53,0
14957,51,0
14958,53,0
14959,53,0
14960,51,0
14961,53,0
14962,51,0
14963,51,0
14964,51,0
14965,51,0
14966,51,0
14967,52,0
14968,50,0
14969,50,0
14970,52,0
14971,50,0
14972,50,0
14973,50,0
14974,50,0
14975,52,0
14976,52,0
14977,52,0
14978,52,0
14979,51,0
14980,51,0
14981,49,0
14982,51,0
14983,52,0
14984,50,0
14985,52,0
14986,50,0
14987,52,0
14988,52,0
14989,50,0
14990,52,0
14991,52,0
14992,52,0
14993,51,0
14994,53,0
14995,53,0
14996,55,0
14997,53,0
14998,51,0
14999,53,0
15000,53,0
15001,52,0
15002,50,0
15003,52,0
15004,52,0
15005,50,0
15006,52,0
15007,52,0
15008,54,0
15009,52,0
15010,52,0
15011,52,0
15012,52,0
15013,50,0
15014,52,0
15015,52,0
15016,52,0
15017,52,0
15018,52,0
15019,52,0
15020,52,0
15021,52,0
15022,52,0
15023,51,0
15024,53,0
15025,51,0
15026,51,0
15027,52,0
15028,52,0
15029,52,0
15030,51,0
15031,52,0
15032,50,0
15033,49,0
15034,53,0
15035,52,0
15036,50,0
15037,52,0
15038,52,0
15039,52,0
15040,50,0
15041,50,0
15042,50,0
15043,52,0
15044,50,0
15045,51,0
15046,51,0
15047,51,0
15048,53,0
15049,49,0
15050,51,0
15051,51,0
15052,51,0
15053,53,0
15054,51,0
15055,51,0
15056,52,0
15057,50,0
15058,50,0
15059,50,0
15060,52,0
15061,51,0
15062,53,0
15063,53,0
15064,55,0
15065,53,0
15066,51,0
15067,51,0
15068,53,0
15069,55,0
15070,52,0
15071,52,0
15072,50,0
15073,50,0
15074,50,0
15075,50,0
15076,50,0
15077,52,0
15078,52,0
15079,50,0
15080,52,0
15081,50,0
15082,52,0
15083,50,0
15084,52,0
15085,53,0
15086,51,0
15087,52,0
15088,52,0
15089,52,0
15090,52,0
15091,52,0
15092,50,0
15093,52,0
15094,52,0
15095,54,0
15096,52,0
15097,52,0
15098,51,0
15099,51,0
15100,53,0
15101,51,0
15102,53,0
15103,53,0
15104,51,0
15105,51,0
15106,52,0
15107,52,0
15108,52,0
15109,50,0
15110,52,0
15111,52,0
15112,52,0
15113,52,0
15114,54,0
15115,52,0
15116,50,0
15117,50,0
15118,50,0
15119,52,0
15120,52,0
15121,52,0
15122,52,0
15123,52,0
15124,52,0
15125,50,0
15126,54,0
15127,54,0
15128,52,0
15129,52,0
15130,53,0
15131,53,0
15132,51,0
15133,53,0
15134,55,0
15135,51,0
15136,53,0
15137,52,0
15138,52,0
15139,52,0
15140,50,0
15141,54,0
15142,53,0
15143,52,0
15144,52,0
15145,52,0
15146,52,0
15147,52,0
15148,54,0
15149,52,0
15150,53,0
15151,51,0
15152,51,0
15153,50,0
15154,52,0
15155,50,0
15156,50,0
15157,50,0
15158,59,0
15159,54,0
15160,54,0
15161,52,0
15162,54,0
15163,52,0
15164,53,0
15165,51,0
15166,55,0
15167,53,0
15168,53,0
15169,53,0
15170,55,0
15171,51,0
15172,51,0
15173,51,0
15174,53,0
15175,53,0
15176,53,0
15177,55,0
15178,53,0
15179,51,0
15180,53,0
15181,52,0
15182,52,0
15183,50,0
15184,50,0
15185,52,0
15186,52,0
15187,52,0
15188,52,0
15189,52,0
15190,52,0
15191,52,0
15192,54,0
15193,52,0
15194,54,0
15195,52,0
15196,52,0
15197,51,0
15198,53,0
15199,51,0
15200,53,0
15201,53,0
15202,49,0
15203,51,0
15204,51,0
15205,51,0
15206,52,0
15207,52,0
15208,54,0
15209,52,0
15210,52,0
15211,54,0
15212,52,0
15213,52,0
15214,50,0
15215,51,0
15216,51,0
15217,53,0
15218,53,0
15219,51,0
15220,49,0
15221,52,0
15222,52,0
15223,52,0
15224,50,0
15225,52,0
15226,52,0
15227,54,0
15228,52,0
15229,54,0
15230,52,0
15231,50,0
15232,52,0
15233,50,0
15234,52,0
15235,49,0
15236,51,0
15237,53,0
15238,55,0
15239,55,0
15240,55,0
15241,55,0
15242,52,0
15243,52,0
15244,52,0
15245,54,0
15246,50,0
15247,52,0
15248,52,0
15249,53,0
15250,51,0
15251,51,0
15252,53,0
15253,51,0
15254,51,0
15255,53,0
15256,51,0
15257,52,0
15258,52,0
15259,50,0
15260,52,0
15261,50,0
15262,52,0
15263,52,0
15264,52,0
15265,54,0
15266,50,0
15267,52,0
15268,52,0
15269,52,0
15270,50,0
15271,52,0
15272,52,0
15273,52,0
15274,52,0
15275,52,0
15276,51,0
15277,53,0
15278,53,0
15279,55,0
15280,51,0
15281,53,0
15282,51,0
15283,50,0
15284,52,0
15285,50,0
15286,50,0
15287,52,0
15288,52,0
15289,50,0
15290,50,0
15291,50,0
15292,50,0
15293,50,0
15294,50,0
15295,52,0
15296,52,0
15297,52,0
15298,51,0
15299,53,0
15300,53,0
15301,53,0
15302,51,0
15303,51,0
15304,51,0
15305,49,0
15306,51,0
15307,53,0
15308,51,0
15309,51,0
15310,52,0
15311,52,0
15312,52,0
15313,50,0
15314,52,0
15315,53,0
15316,51,0
15317,55,0
15318,51,0
15319,51,0
15320,53,0
15321,55,0
15322,51,0
15323,51,0
15324,51,0
15325,52,0
15326,52,0
15327,52,0
15328,52,0
15329,54,0
15330,52,0
15331,52,0
15332,54,0
15333,52,0
15334,52,0
15335,54,0
15336,52,0
15337,52,0
15338,49,0
15339,51,0
15340,51,0
15341,49,0
15342,51,0
15343,53,0
15344,51,0
15345,51,0
15346,53,0
15347,50,0
15348,50,0
15349,50,0
15350,52,0
15351,50,0
15352,50,0
15353,50,0
15354,52,0
15355,52,0
15356,50,0
15357,50,0
15358,50,0
15359,50,0
15360,51,0
15361,51,0
15362,53,0
15363,53,0
15364,52,0
15365,54,0
15366,52,0
15367,50,0
15368,50,0
15369,52,0
15370,52,0
15371,52,0
15372,52,0
15373,54,0
15374,52,0
15375,52,0
15376,52,0
15377,53,0
15378,51,0
15379,53,0
15380,53,0
15381,51,0
15382,53,0
15383,53,0
15384,51,0
15385,53,0
15386,55,0
15387,55,0
15388,51,0
15389,52,0
15390,52,0
15391,52,0
15392,54,0
15393,54,0
15394,54,0
15395,54,0
15396,54,0
15397,54,0
15398,54,0
15399,50,0
15400,50,0
15401,50,0
15402,50,0
15403,52,0
15404,52,0
15405,52,0
15406,52,0
15407,52,0
15408,53,0
15409,51,0
15410,55,0
15411,53,0
15412,53,0
15413,51,0
15414,53,0
15415,53,0
15416,53,0
15417,51,0
15418,51,0
15419,53,0
15420,51,0
15421,53,0
15422,51,0
15423,53,0
15424,52,0
15425,52,0
15426,52,0
15427,52,0
15428,50,0
15429,52,0
15430,52,0
15431,52,0
15432,51,0
15433,53,0
15434,53,0
15435,51,0
15436,55,0
15437,53,0
15438,51,0
15439,53,0
15440,53,0
15441,51,0
15442,51,0
15443,51,0
15444,51,0
15445,51,0
15446,51,0
15447,52,0
15448,52,0
15449,50,0
15450,50,0
15451,50,0
15452,50,0
15453,54,0
15454,52,0
15455,50,0
15456,50,0
15457,50,0
15458,50,0
15459,50,0
15460,50,0
15461,52,0
15462,50,0
15463,52,0
15464,51,0
15465,51,0
15466,51,0
15467,49,0
15468,53,0
15469,51,0
15470,52,0
15471,54,0
15472,52,0
15473,52,0
15474,54,0
15475,52,0
15476,52,0
15477,50,0
15478,52,0
15479,52,0
15480,53,0
15481,51,0
15482,53,0
15483,51,0
15484,51,0
15485,53,0
15486,53,0
15487,53,0
15488,53,0
15489,49,0
15490,52,0
15491,50,0
15492,52,0
15493,50,0
15494,52,0
15495,52,0
15496,50,0
15497,52,0
15498,50,0
15499,52,0
15500,50,0
15501,52,0
15502,50,0
15503,51,0
15504,49,0
15505,49,0
15506,51,0
15507,53,0
15508,53,0
15509,49,0
15510,49,0
15511,51,0
15512,50,0
15513,50,0
15514,50,0
15515,50,0
15516,50,0
15517,52,0
15518,49,0
15519,49,0
15520,51,0
15521,51,0
15522,53,0
15523,51,0
15524,53,0
15525,55,0
15526,49,0
15527,50,0
15528,50,0
15529,52,0
15530,52,0
15531,52,0
15532,52,0
15533,52,0
15534,52,0
15535,50,0
15536,52,0
15537,52,0
15538,52,0
15539,50,0
15540,51,0
15541,51,0
15542,51,0
15543,51,0
15544,51,0
15545,51,0
15546,51,0
15547,51,0
15548,51,0
15549,51,0
15550,51,0
15551,51,0
15552,51,0
15553,52,0
15554,52,0
15555,52,0
15556,50,0
15557,50,0
15558,50,0
15559,50,0
15560,50,0
15561,52,0
15562,50,0
15563,50,0
15564,50,0
15565,50,0
15566,50,0
15567,50,0
15568,50,0
15569,52,0
15570,50,0
15571,50,0
15572,52,0
15573,52,0
15574,52,0
15575,55,0
15576,51,0
15577,51,0
15578,53,0
15579,53,0
15580,51,0
15581,51,0
15582,51,0
15583,53,0
15584,49,0
15585,53,0
15586,51,0
15587,51,0
15588,51,0
15589,51,0
15590,53,0
15591,50,0
15592,50,0
15593,50,0
15594,50,0
15595,50,0
15596,50,0
15597,54,0
15598,52,0
15599,52,0
15600,51,0
15601,51,0
15602,51,0
15603,53,0
15604,53,0
15605,53,0
15606,53,0
15607,53,0
15608,51,0
15609,51,0
15610,52,0
15611,54,0
15612,52,0
15613,52,0
15614,52,0
15615,52,0
15616,52,0
15617,52,0
15618,54,0
15619,52,0
15620,52,0
15621,52,0
15622,53,0
15623,50,0
15624,50,0
15625,52,0
15626,54,0
15627,50,0
15628,52,0
15629,52,0
15630,52,0
15631,52,0
15632,51,0
15633,51,0
15634,51,0
15635,49,0
15636,51,0
15637,51,0
15638,51,0
15639,53,0
15640,51,0
15641,55,0
15642,51,0
15643,52,0
15644,52,0
15645,54,0
15646,52,0
15647,54,0
15648,52,0
15649,50,0
15650,52,0
15651,50,0
15652,52,0
15653,50,0
15654,52,0
15655,53,0
15656,53,0
15657,51,0
15658,51,0
15659,53,0
15660,55,0
15661,53,0
15662,53,0
15663,55,0
15664,51,0
15665,52,0
15666,52,0
15667,52,0
15668,52,0
15669,52,0
15670,54,0
15671,52,0
15672,52,0
15673,50,0
15674,54,0
15675,52,0
15676,52,0
15677,52,0
15678,52,0
15679,51,0
15680,51,0
15681,53,0
15682,51,0
15683,51,0
15684,49,0
15685,51,0
15686,53,0
15687,49,0
15688,51,0
15689,53,0
15690,52,0
15691,52,0
15692,50,0
15693,52,0
15694,50,0
15695,50,0
15696,50,0
15697,50,0
15698,52,0
15699,52,0
15700,52,0
15701,52,0
15702,50,0
15703,50,0
15704,50,0
15705,52,0
15706,52,0
15707,52,0
15708,52,0
15709,52,0
15710,49,0
15711,51,0
15712,51,0
15713,51,0
15714,53,0
15715,49,0
15716,53,0
15717,49,0
15718,51,0
15719,51,0
15720,51,0
15721,51,0
15722,51,0
15723,53,0
15724,51,0
15725,51,0
15726,50,0
15727,50,0
15728,50,0
15729,52,0
15730,50,0
15731,50,0
15732,50,0
15733,50,0
15734,50,0
15735,50,0
15736,50,0
15737,50,0
15738,50,0
15739,52,0
15740,50,0
15741,50,0
15742,52,0
15743,50,0
15744,50,0
15745,52,0
15746,50,0
15747,50,0
15748,51,0
15749,51,0
15750,51,0
15751,51,0
15752,51,0
15753,51,0
15754,51,0
15755,51,0
15756,51,0
15757,51,0
15758,49,0
15759,49,0
15760,53,0
15761,50,0
15762,50,0
15763,50,0
15764,52,0
15765,50,0
15766,50,0
15767,52,0
15768,50,0
15769,50,0
15770,50,0
15771,52,0
15772,50,0
15773,52,0
15774,50,0
15775,52,0
15776,50,0
15777,51,0
15778,51,0
15779,53,0
15780,51,0
15781,51,0
15782,49,0
15783,53,0
15784,53,0
15785,51,0
15786,53,0
15787,52,0
15788,50,0
15789,50,0
15790,52,0
15791,52,0
15792,52,0
15793,53,0
15794,51,0
15795,51,0
15796,53,0
15797,53,0
15798,51,0
15799,51,0
15800,55,0
15801,50,0
15802,52,0
15803,50,0
15804,52,0
15805,50,0
15806,52,0
15807,52,0
15808,50,0
15809,50,0
15810,52,0
15811,55,0
15812,51,0
15813,51,0
15814,49,0
15815,52,0
15816,52,0
15817,52,0
15818,50,0
15819,50,0
15820,50,0
15821,53,0
15822,49,0
15823,51,0
15824,51,0
15825,53,0
15826,51,0
15827,51,0
15828,51,0
15829,53,0
15830,49,0
15831,53,0
15832,51,0
15833,52,0
15834,52,0
15835,50,0
15836,50,0
15837,50,0
15838,50,0
15839,52,0
15840,52,0
15841,52,0
15842,52,0
15843,52,0
15844,52,0
15845,52,0
15846,52,0
15847,52,0
15848,52,0
15849,52,0
15850,52,0
15851,51,0
15852,51,0
15853,51,0
15854,51,0
15855,51,0
15856,51,0
15857,51,0
15858,51,0
15859,52,0
15860,54,0
15861,50,0
15862,52,0
15863,50,0
15864,52,0
15865,52,0
15866,52,0
15867,50,0
15868,52,0
15869,50,0
15870,52,0
15871,51,0
15872,53,0
15873,51,0
15874,53,0
15875,53,0
15876,51,0
15877,51,0
15878,53,0
15879,53,0
15880,51,0
15881,51,0
15882,51,0
15883,49,0
15884,50,0
15885,52,0
15886,50,0
15887,52,0
15888,50,0
15889,52,0
15890,52,0
15891,50,0
15892,50,0
15893,51,0
15894,49,0
15895,53,0
15896,53,0
15897,51,0
15898,51,0
15899,51,0
15900,51,0
15901,51,0
15902,51,0
15903,59,0
15904,52,0
15905,52,0
15906,52,0
15907,52,0
15908,52,0
15909,52,0
15910,51,0
15911,53,0
15912,49,0
15913,51,0
15914,51,0
15915,49,0
15916,53,0
15917,51,0
15918,51,0
15919,55,0
15920,53,0
15921,53,0
15922,51,0
15923,51,0
15924,52,0
15925,54,0
15926,52,0
15927,52,0
15928,50,0
15929,52,0
15930,52,0
15931,51,0
15932,51,0
15933,53,0
15934,53,0
15935,53,0
15936,51,0
15937,51,0
15938,55,0
15939,53,0
15940,53,0
15941,53,0
15942,52,0
15943,52,0
15944,52,0
15945,54,0
15946,54,0
15947,54,0
15948,54,0
15949,52,0
15950,52,0
15951,54,0
15952,52,0
15953,54,0
15954,52,0
15955,55,0
15956,53,0
15957,53,0
15958,55,0
15959,53,0
15960,53,0
15961,53,0
15962,51,0
15963,51,0
15964,51,0
15965,53,0
15966,55,0
15967,52,0
15968,52,0
15969,52,0
15970,50,0
15971,52,0
15972,52,0
15973,52,0
15974,50,0
15975,54,0
15976,52,0
15977,52,0
15978,52,0
15979,52,0
15980,50,0
15981,50,0
15982,52,0
15983,52,0
15984,52,0
15985,52,0
15986,52,0
15987,52,0
15988,52,0
15989,50,0
15990,52,0
15991,50,0
15992,50,0
15993,50,0
15994,52,0
15995,52,0
15996,52,0
15997,50,0
15998,53,0
15999,53,0
16000,53,0
16001,51,0
16002,51,0
16003,53,0
16004,53,0
16005,51,0
16006,55,0
16007,53,0
16008,50,0
16009,52,0
16010,52,0
16011,52,0
16012,54,0
16013,53,0
16014,51,0
16015,53,0
16016,52,0
16017,54,0
16018,52,0
16019,52,0
16020,52,0
16021,52,0
16022,50,0
16023,52,0
16024,52,0
16025,52,0
16026,52,0
16027,52,0
16028,52,0
16029,52,0
16030,53,0
16031,53,0
16032,53,0
16033,51,0
16034,55,0
16035,53,0
16036,51,0
16037,55,0
16038,53,0
16039,52,0
16040,51,0
16041,49,0
16042,51,0
16043,55,0
16044,55,0
16045,55,0
16046,55,0
16047,51,0
16048,51,0
16049,50,0
16050,50,0
16051,52,0
16052,50,0
16053,50,0
16054,50,0
16055,50,0
16056,52,0
16057,50,0
16058,50,0
16059,52,0
16060,52,0
16061,52,0
16062,51,0
16063,53,0
16064,51,0
16065,53,0
16066,52,0
16067,54,0
16068,50,0
16069,52,0
16070,54,0
16071,52,0
16072,52,0
16073,54,0
16074,52,0
16075,54,0
16076,52,0
16077,52,0
16078,52,0
16079,55,0
16080,51,0
16081,55,0
16082,51,0
16083,55,0
16084,53,0
16085,55,0
16086,53,0
16087,53,0
16088,53,0
16089,52,0
16090,52,0
16091,52,0
16092,52,0
16093,54,0
16094,52,0
16095,54,0
16096,52,0
16097,50,0
16098,52,0
16099,50,0
16100,52,0
16101,52,0
16102,52,0
16103,52,0
16104,53,0
16105,51,0
16106,51,0
16107,53,0
16108,55,0
16109,53,0
16110,53,0
16111,55,0
16112,53,0
16113,52,0
16114,50,0
16115,52,0
16116,52,0
16117,52,0
16118,54,0
16119,53,0
16120,55,0
16121,51,0
16122,53,0
16123,55,0
16124,53,0
16125,51,0
16126,55,0
16127,52,0
16128,54,0
16129,50,0
16130,54,0
16131,52,0
16132,54,0
16133,52,0
16134,54,0
16135,52,0
16136,52,0
16137,52,0
16138,54,0
16139,52,0
16140,52,0
16141,52,0
16142,52,0
16143,52,0
16144,53,0
16145,53,0
16146,53,0
16147,53,0
16148,53,0
16149,53,0
16150,50,0
16151,50,0
16152,50,0
16153,52,0
16154,52,0
16155,50,0
16156,50,0
16157,50,0
16158,50,0
16159,50,0
16160,51,0
16161,51,0
16162,51,0
16163,53,0
16164,51,0
16165,53,0
16166,51,0
16167,50,0
16168,52,0
16169,50,0
16170,50,0
16171,50,0
16172,53,0
16173,51,0
16174,53,0
16175,51,0
16176,52,0
16177,53,0
16178,53,0
16179,51,0
16180,53,0
16181,53,0
16182,53,0
16183,53,0
16184,53,0
16185,53,0
16186,53,0
16187,51,0
16188,55,0
16189,53,0
16190,51,0
16191,53,0
16192,53,0
16193,53,0
16194,53,0
16195,51,0
16196,53,0
16197,52,0
16198,52,0
16199,50,0
16200,50,0
16201,50,0
16202,50,0
16203,50,0
16204,50,0
16205,53,0
16206,53,0
16207,53,0
16208,51,0
16209,51,0
16210,51,0
16211,51,0
16212,49,0
16213,53,0
16214,50,0
16215,50,0
16216,50,0
16217,52,0
16218,50,0
16219,50,0
16220,52,0
16221,50,0
16222,52,0
16223,50,0
16224,50,0
16225,52,0
16226,52,0
16227,52,0
16228,52,0
16229,52,0
16230,54,0
16231,52,0
16232,52,0
16233,52,0
16234,52,0
16235,51,0
16236,53,0
16237,53,0
16238,53,0
16239,53,0
16240,55,0
16241,55,0
16242,51,0
16243,54,0
16244,52,0
16245,54,0
16246,52,0
16247,54,0
16248,52,0
16249,52,0
16250,51,0
16251,53,0
16252,52,0
16253,52,0
16254,54,0
16255,52,0
16256,50,0
16257,52,0
16258,52,0
16259,54,0
16260,52,0
16261,50,0
16262,52,0
16263,52,0
16264,50,0
16265,50,0
16266,51,0
16267,51,0
16268,49,0
16269,49,0
16270,51,0
16271,51,0
16272,53,0
16273,51,0
16274,51,0
16275,51,0
16276,52,0
16277,51,0
16278,51,0
16279,55,0
16280,51,0
16281,52,0
16282,51,0
16283,54,0
16284,52,0
16285,54,0
16286,52,0
16287,52,0
16288,54,0
16289,54,0
16290,52,0
16291,54,0
16292,54,0
16293,54,0
16294,52,0
16295,52,0
16296,52,0
16297,51,0
16298,51,0
16299,53,0
16300,51,0
16301,53,0
16302,50,0
16303,53,0
16304,49,0
16305,53,0
16306,53,0
16307,51,0
16308,49,0
16309,49,0
16310,52,0
16311,52,0
16312,54,0
16313,50,0
16314,50,0
16315,52,0
16316,50,0
16317,52,0
16318,50,0
16319,50,0
16320,50,0
16321,51,0
16322,53,0
16323,49,0
16324,51,0
16325,51,0
16326,51,0
16327,50,0
16328,52,0
16329,53,0
16330,51,0
16331,55,0
16332,53,0
16333,53,0
16334,53,0
16335,55,0
16336,53,0
16337,54,0
16338,52,0
16339,54,0
16340,52,0
16341,52,0
16342,54,0
16343,52,0
16344,52,0
16345,52,0
16346,52,0
16347,52,0
16348,50,0
16349,52,0
16350,54,0
16351,52,0
16352,52,0
16353,50,0
16354,52,0
16355,52,0
16356,52,0
16357,52,0
16358,50,0
16359,52,0
16360,52,0
16361,52,0
16362,50,0
16363,54,0
16364,54,0
16365,55,0
16366,52,0
16367,52,0
16368,53,0
16369,51,0
16370,55,0
16371,51,0
16372,55,0
16373,53,0
16374,51,0
16375,53,0
16376,51,0
16377,51,0
16378,55,0
16379,55,0
16380,51,0
16381,51,0
16382,51,0
16383,52,0
16384,52,0
16385,54,0
16386,52,0
16387,54,0
16388,52,0
16389,52,0
16390,52,0
16391,52,0
16392,52,0
16393,52,0
16394,54,0
16395,52,0
16396,52,0
16397,52,0
16398,54,0
16399,50,0
16400,54,0
16401,54,0
16402,52,0
16403,52,0
16404,55,0
16405,51,0
16406,53,0
16407,51,0
16408,52,0
16409,53,0
16410,51,0
16411,53,0
16412,53,0
16413,53,0
16414,53,0
16415,51,0
16416,51,0
16417,51,0
16418,49,0
16419,51,0
16420,49,0
16421,49,0
16422,51,0
16423,50,0
16424,50,0
16425,52,0
16426,52,0
16427,50,0
16428,50,0
16429,50,0
16430,54,0
16431,52,0
16432,52,0
16433,52,0
16434,50,0
16435,54,0
16436,52,0
16437,52,0
16438,54,0
16439,52,0
16440,52,0
16441,50,0
16442,54,0
16443,52,0
16444,54,0
16445,53,0
16446,53,0
16447,51,0
16448,53,0
16449,53,0
16450,55,0
16451,55,0
16452,55,0
16453,53,0
16454,55,0
16455,53,0
16456,54,0
16457,52,0
16458,52,0
16459,50,0
16460,52,0
16461,52,0
16462,52,0
16463,53,0
16464,51,0
16465,53,0
16466,50,0
16467,50,0
16468,50,0
16469,50,0
16470,50,0
16471,51,0
16472,53,0
16473,49,0
16474,51,0
16475,49,0
16476,51,0
16477,51,0
16478,50,0
16479,52,0
16480,50,0
16481,50,0
16482,52,0
16483,50,0
16484,50,0
16485,50,0
16486,50,0
16487,50,0
16488,50,0
16489,51,0
16490,53,0
16491,49,0
16492,53,0
16493,51,0
16494,53,0
16495,52,0
16496,52,0
16497,53,0
16498,53,0
16499,53,0
16500,53,0
16501,51,0
16502,53,0
16503,53,0
16504,55,0
16505,53,0
16506,53,0
16507,53,0
16508,55,0
16509,55,0
16510,51,0
16511,51,0
16512,51,0
16513,53,0
16514,52,0
16515,52,0
16516,52,0
16517,54,0
16518,52,0
16519,52,0
16520,52,0
16521,53,0
16522,52,0
16523,52,0
16524,52,0
16525,52,0
16526,50,0
16527,50,0
16528,50,0
16529,50,0
16530,50,0
16531,52,0
16532,52,0
16533,52,0
16534,52,0
16535,53,0
16536,51,0
16537,51,0
16538,51,0
16539,53,0
16540,55,0
16541,53,0
16542,53,0
16543,55,0
16544,51,0
16545,52,0
16546,52,0
16547,52,0
16548,51,0
16549,53,0
16550,55,0
16551,51,0
16552,55,0
16553,52,0
16554,54,0
16555,52,0
16556,54,0
16557,52,0
16558,54,0
16559,54,0
16560,54,0
16561,52,0
16562,52,0
16563,54,0
16564,52,0
16565,52,0
16566,54,0
16567,52,0
16568,52,0
16569,52,0
16570,52,0
16571,50,0
16572,52,0
16573,52,0
16574,53,0
16575,55,0
16576,53,0
16577,51,0
16578,52,0
16579,53,0
16580,52,0
16581,54,0
16582,52,0
16583,52,0
16584,50,0
16585,52,0
16586,52,0
16587,52,0
16588,54,0
16589,53,0
16590,55,0
16591,51,0
16592,55,0
16593,51,0
16594,55,0
16595,51,0
16596,53,0
16597,55,0
16598,51,0
16599,52,0
16600,52,0
16601,52,0
16602,52,0
16603,50,0
16604,50,0
16605,50,0
16606,50,0
16607,53,0
16608,53,0
16609,53,0
16610,53,0
16611,53,0
16612,51,0
16613,49,0
16614,50,0
16615,50,0
16616,50,0
16617,50,0
16618,52,0
16619,50,0
16620,50,0
16621,52,0
16622,50,0
16623,50,0
16624,51,0
16625,53,0
16626,51,0
16627,54,0
16628,50,0
16629,52,0
16630,50,0
16631,52,0
16632,52,0
16633,52,0
16634,52,0
16635,54,0
16636,52,0
16637,54,0
16638,52,0
16639,52,0
16640,52,0
16641,54,0
16642,52,0
16643,54,0
16644,52,0
16645,50,0
16646,54,0
16647,52,0
16648,56,0
16649,49,0
16650,50,0
16651,52,0
16652,52,0
16653,55,0
16654,55,0
16655,54,0
16656,52,0
16657,54,0
16658,50,0
16659,54,0
16660,50,0
16661,52,0
16662,52,0
16663,52,0
16664,55,0
16665,55,0
16666,55,0
16667,51,0
16668,51,0
16669,53,0
16670,52,0
16671,50,0
16672,52,0
16673,52,0
16674,54,0
16675,52,0
16676,52,0
16677,52,0
16678,53,0
16679,50,0
16680,50,0
16681,52,0
16682,54,0
16683,52,0
16684,52,0
16685,52,0
16686,50,0
16687,51,0
16688,51,0
16689,53,0
16690,53,0
16691,51,0
16692,51,0
16693,53,0
16694,49,0
16695,51,0
16696,53,0
16697,50,0
16698,52,0
16699,52,0
16700,52,0
16701,52,0
16702,52,0
16703,50,0
16704,52,0
16705,50,0
16706,55,0
16707,53,0
16708,51,0
16709,52,0
16710,52,0
16711,52,0
16712,50,0
16713,50,0
16714,52,0
16715,52,0
16716,52,0
16717,54,0
16718,50,0
16719,51,0
16720,51,0
16721,53,0
16722,51,0
16723,53,0
16724,53,0
16725,51,0
16726,51,0
16727,52,0
16728,52,0
16729,52,0
16730,52,0
16731,52,0
16732,52,0
16733,54,0
16734,54,0
16735,53,0
16736,57,0
16737,54,0
16738,52,0
16739,54,0
16740,51,0
16741,55,0
16742,56,0
16743,54,0
16744,52,0
16745,53,0
16746,53,0
16747,53,0
16748,52,0
16749,54,0
16750,54,0
16751,54,0
16752,53,0
16753,55,0
16754,55,0
16755,53,0
16756,54,0
16757,56,0
16758,54,0
16759,50,0
16760,53,0
16761,54,0
16762,54,0
16763,54,0
16764,52,0
16765,53,0
16766,53,0
16767,53,0
16768,55,0
16769,52,0
16770,54,0
16771,52,0
16772,52,0
16773,53,0
16774,52,0
16775,53,0
16776,52,0
16777,52,0
16778,52,0
16779,52,0
16780,50,0
16781,52,0
16782,50,0
16783,52,0
16784,52,0
16785,52,0
16786,52,0
16787,52,0
16788,52,0
16789,52,0
16790,52,0
16791,51,0
16792,55,0
16793,51,0
16794,53,0
16795,51,0
16796,53,0
16797,53,0
16798,51,0
16799,51,0
16800,55,0
16801,53,0
16802,53,0
16803,52,0
16804,52,0
16805,54,0
16806,53,0
16807,52,0
16808,52,0
16809,52,0
16810,52,0
16811,54,0
16812,54,0
16813,54,0
16814,54,0
16815,52,0
16816,54,0
16817,54,0
16818,52,0
16819,52,0
16820,52,0
16821,50,0
16822,52,0
16823,52,0
16824,53,0
16825,53,0
16826,51,0
16827,51,0
16828,49,0
16829,53,0
16830,53,0
16831,53,0
16832,53,0
16833,53,0
16834,53,0
16835,53,0
16836,51,0
16837,51,0
16838,53,0
16839,55,0
16840,51,0
16841,51,0
16842,51,0
16843,51,0
16844,53,0
16845,51,0
16846,52,0
16847,52,0
16848,52,0
16849,52,0
16850,50,0
16851,52,0
16852,54,0
16853,52,0
16854,52,0
16855,54,0
16856,52,0
16857,52,0
16858,52,0
16859,54,0
16860,52,0
16861,52,0
16862,52,0
16863,52,0
16864,50,0
16865,52,0
16866,52,0
16867,52,0
16868,54,0
16869,50,0
16870,52,0
16871,52,0
16872,54,0
16873,50,0
16874,52,0
16875,52,0
16876,50,0
16877,52,0
16878,54,0
16879,52,0
16880,52,0
16881,52,0
16882,52,0
16883,55,0
16884,52,0
16885,55,0
16886,53,0
16887,51,0
16888,51,0
16889,52,0
16890,52,0
16891,52,0
16892,54,0
16893,52,0
16894,50,0
16895,52,0
16896,52,0
16897,54,0
16898,50,0
16899,54,0
16900,52,0
16901,52,0
16902,54,0
16903,50,0
16904,50,0
16905,54,0
16906,52,0
16907,52,0
16908,52,0
16909,52,0
16910,51,0
16911,51,0
16912,53,0
16913,49,0
16914,52,0
16915,50,0
16916,52,0
16917,52,0
16918,52,0
16919,50,0
16920,52,0
16921,52,0
16922,50,0
16923,54,0
16924,52,0
16925,50,0
16926,52,0
16927,52,0
16928,54,0
16929,52,0
16930,52,0
16931,50,0
16932,52,0
16933,52,0
16934,50,0
16935,54,0
16936,52,0
16937,52,0
16938,54,0
16939,52,0
16940,52,0
16941,52,0
16942,52,0
16943,52,0
16944,53,0
16945,52,0
16946,53,0
16947,51,0
16948,51,0
16949,55,0
16950,51,0
16951,53,0
16952,51,0
16953,51,0
16954,53,0
16955,51,0
16956,53,0
16957,55,0
16958,51,0
16959,51,0
16960,55,0
16961,53,0
16962,53,0
16963,51,0
16964,51,0
16965,51,0
16966,52,0
16967,52,0
16968,52,0
16969,52,0
16970,52,0
16971,52,0
16972,52,0
16973,50,0
16974,52,0
16975,52,0
16976,50,0
16977,52,0
16978,52,0
16979,50,0
16980,54,0
16981,52,0
16982,52,0
16983,52,0
16984,52,0
16985,52,0
16986,52,0
16987,50,0
16988,52,0
16989,53,0
16990,49,0
16991,53,0
16992,53,0
16993,53,0
16994,49,0
16995,51,0
16996,51,0
16997,50,0
16998,50,0
16999,50,0
17000,52,0
17001,52,0
17002,52,0
17003,52,0
17004,52,0
17005,52,0
17006,51,0
17007,51,0
17008,52,0
17009,52,0
17010,51,0
17011,53,0
17012,53,0
17013,51,0
17014,53,0
17015,51,0
17016,53,0
17017,51,0
17018,55,0
17019,53,0
17020,51,0
17021,55,0
17022,55,0
17023,51,0
17024,53,0
17025,55,0
17026,51,0
17027,51,0
17028,51,0
17029,53,0
17030,53,0
17031,55,0
17032,53,0
17033,53,0
17034,53,0
17035,53,0
17036,53,0
17037,53,0
17038,53,0
17039,51,0
17040,52,0
17041,52,0
17042,52,0
17043,52,0
17044,52,0
17045,52,0
17046,52,0
17047,50,0
17048,50,0
17049,54,0
17050,51,0
17051,51,0
17052,52,0
17053,52,0
17054,52,0
17055,52,0
17056,50,0
17057,52,0
17058,52,0
17059,52,0
17060,52,0
17061,52,0
17062,52,0
17063,54,0
17064,50,0
17065,52,0
17066,52,0
17067,54,0
17068,52,0
17069,52,0
17070,53,0
17071,53,0
17072,51,0
17073,51,0
17074,53,0
17075,53,0
17076,51,0
17077,52,0
17078,52,0
17079,52,0
17080,51,0
17081,51,0
17082,55,0
17083,55,0
17084,53,0
17085,53,0
17086,53,0
17087,55,0
17088,55,0
17089,53,0
17090,55,0
17091,51,0
17092,51,0
17093,51,0
17094,53,0
17095,53,0
17096,51,0
17097,51,0
17098,53,0
17099,51,0
17100,53,0
17101,55,0
17102,51,0
17103,55,0
17104,51,0
17105,53,0
17106,51,0
17107,53,0
17108,55,0
17109,51,0
17110,55,0
17111,55,0
17112,53,0
17113,51,0
17114,53,0
17115,53,0
17116,51,0
17117,51,0
17118,51,0
17119,51,0
17120,51,0
17121,51,0
17122,51,0
17123,51,0
17124,51,0
17125,53,0
17126,53,0
17127,53,0
17128,53,0
17129,53,0
17130,52,0
17131,52,0
17132,53,0
17133,51,0
17134,51,0
17135,53,0
17136,51,0
17137,53,0
17138,51,0
17139,53,0
17140,55,0
17141,53,0
17142,53,0
17143,51,0
17144,51,0
17145,51,0
17146,53,0
17147,53,0
17148,51,0
17149,51,0
17150,51,0
17151,51,0
17152,51,0
17153,52,0
17154,52,0
17155,52,0
17156,52,0
17157,50,0
17158,53,0
17159,53,0
17160,51,0
17161,51,0
17162,53,0
17163,53,0
17164,51,0
17165,53,0
17166,51,0
17167,55,0
17168,53,0
17169,52,0
17170,53,0
17171,51,0
17172,51,0
17173,53,0
17174,51,0
17175,55,0
17176,52,0
17177,52,0
17178,52,0
17179,50,0
17180,52,0
17181,52,0
17182,52,0
17183,52,0
17184,52,0
17185,53,0
17186,53,0
17187,53,0
17188,51,0
17189,51,0
17190,52,0
17191,52,0
17192,52,0
17193,50,0
17194,52,0
17195,52,0
17196,52,0
17197,52,0
17198,52,0
17199,52,0
17200,52,0
17201,52,0
17202,50,0
17203,52,0
17204,50,0
17205,52,0
17206,50,0
17207,52,0
17208,52,0
17209,51,0
17210,50,0
17211,52,0
17212,52,0
17213,52,0
17214,50,0
17215,52,0
17216,52,0
17217,51,0
17218,53,0
17219,55,0
17220,53,0
17221,53,0
17222,51,0
17223,53,0
17224,51,0
17225,53,0
17226,51,0
17227,53,0
17228,51,0
17229,51,0
17230,53,0
17231,55,0
17232,52,0
17233,52,0
17234,52,0
17235,52,0
17236,52,0
17237,53,0
17238,53,0
17239,53,0
17240,53,0
17241,53,0
17242,53,0
17243,53,0
17244,52,0
17245,52,0
17246,52,0
17247,52,0
17248,52,0
17249,52,0
17250,52,0
17251,52,0
17252,50,0
17253,50,0
17254,54,0
17255,52,0
17256,52,0
17257,52,0
17258,52,0
17259,50,0
17260,54,0
17261,52,0
17262,52,0
17263,52,0
17264,52,0
17265,52,0
17266,52,0
17267,54,0
17268,52,0
17269,52,0
17270,50,0
17271,54,0
17272,52,0
17273,52,0
17274,54,0
17275,52,0
17276,52,0
17277,52,0
17278,52,0
17279,52,0
17280,52,0
17281,53,0
17282,51,0
17283,51,0
17284,51,0
17285,55,0
17286,51,0
17287,53,0
17288,55,0
17289,51,0
17290,53,0
17291,51,0
17292,52,0
17293,52,0
17294,54,0
17295,52,0
17296,50,0
17297,52,0
17298,52,0
17299,54,0
17300,52,0
17301,52,0
17302,52,0
17303,54,0
17304,52,0
17305,52,0
17306,52,0
17307,54,0
17308,52,0
17309,54,0
17310,52,0
17311,50,0
17312,52,0
17313,52,0
17314,52,0
17315,52,0
17316,52,0
17317,53,0
17318,55,0
17319,52,0
17320,52,0
17321,52,0
17322,52,0
17323,52,0
17324,52,0
17325,50,0
17326,52,0
17327,52,0
17328,52,0
17329,53,0
17330,51,0
17331,53,0
17332,55,0
17333,51,0
17334,51,0
17335,53,0
17336,53,0
17337,53,0
17338,53,0
17339,53,0
17340,53,0
17341,53,0
17342,53,0
17343,52,0
17344,52,0
17345,52,0
17346,52,0
17347,51,0
17348,51,0
17349,53,0
17350,55,0
17351,53,0
17352,51,0
17353,55,0
17354,53,0
17355,51,0
17356,53,0
17357,52,0
17358,52,0
17359,52,0
17360,52,0
17361,54,0
17362,52,0
17363,52,0
17364,52,0
17365,52,0
17366,52,0
17367,52,0
17368,52,0
17369,52,0
17370,50,0
17371,54,0
17372,52,0
17373,52,0
17374,50,0
17375,50,0
17376,52,0
17377,52,0
17378,52,0
17379,52,0
17380,52,0
17381,50,0
17382,52,0
17383,52,0
17384,52,0
17385,56,0
17386,52,0
17387,52,0
17388,52,0
17389,52,0
17390,52,0
17391,51,0
17392,53,0
17393,57,0
17394,51,0
17395,52,0
17396,52,0
17397,52,0
17398,52,0
17399,52,0
17400,54,0
17401,52,0
17402,54,0
17403,52,0
17404,51,0
17405,51,0
17406,52,0
17407,52,0
17408,52,0
17409,52,0
17410,52,0
17411,50,0
17412,52,0
17413,52,0
17414,51,0
17415,51,0
17416,53,0
17417,55,0
17418,51,0
17419,52,0
17420,54,0
17421,52,0
17422,54,0
17423,52,0
17424,54,0
17425,52,0
17426,51,0
17427,53,0
17428,55,0
17429,51,0
17430,51,0
17431,55,0
17432,53,0
17433,51,0
17434,51,0
17435,50,0
17436,52,0
17437,52,0
17438,54,0
17439,52,0
17440,51,0
17441,55,0
17442,53,0
17443,53,0
17444,53,0
17445,52,0
17446,52,0
17447,52,0
17448,52,0
17449,50,0
17450,50,0
17451,52,0
17452,50,0
17453,52,0
17454,53,0
17455,51,0
17456,53,0
17457,51,0
17458,55,0
17459,51,0
17460,51,0
17461,54,0
17462,52,0
17463,52,0
17464,51,0
17465,51,0
17466,53,0
17467,53,0
17468,53,0
17469,52,0
17470,52,0
17471,50,0
17472,50,0
17473,52,0
17474,50,0
17475,50,0
17476,50,0
17477,52,0
17478,52,0
17479,50,0
17480,52,0
17481,52,0
17482,50,0
17483,52,0
17484,50,0
17485,52,0
17486,52,0
17487,52,0
17488,53,0
17489,53,0
17490,55,0
17491,50,0
17492,50,0
17493,52,0
17494,52,0
17495,52,0
17496,50,0
17497,52,0
17498,50,0
17499,52,0
17500,52,0
17501,52,0
17502,52,0
17503,52,0
17504,50,0
17505,52,0
17506,52,0
17507,53,0
17508,53,0
17509,55,0
17510,53,0
17511,51,0
17512,53,0
17513,51,0
17514,52,0
17515,54,0
17516,50,0
17517,50,0
17518,50,0
17519,52,0
17520,52,0
17521,50,0
17522,50,0
17523,52,0
17524,50,0
17525,52,0
17526,50,0
17527,50,0
17528,50,0
17529,52,0
17530,50,0
17531,52,0
17532,51,0
17533,53,0
17534,53,0
17535,51,0
17536,53,0
17537,55,0
17538,51,0
17539,53,0
17540,51,0
17541,52,0
17542,52,0
17543,52,0
17544,50,0
17545,52,0
17546,50,0
17547,52,0
17548,52,0
17549,50,0
17550,52,0
17551,51,0
17552,51,0
17553,51,0
17554,51,0
17555,49,0
17556,49,0
17557,49,0
17558,52,0
17559,50,0
17560,52,0
17561,52,0
17562,50,0
17563,52,0
17564,50,0
17565,52,0
17566,51,0
17567,51,0
17568,53,0
17569,53,0
17570,51,0
17571,52,0
17572,52,0
17573,52,0
17574,54,0
17575,52,0
17576,54,0
17577,52,0
17578,49,0
17579,51,0
17580,53,0
17581,51,0
17582,53,0
17583,55,0
17584,52,0
17585,49,0
17586,50,0
17587,50,0
17588,52,0
17589,52,0
17590,52,0
17591,52,0
17592,52,0
17593,50,0
17594,50,0
17595,52,0
17596,53,0
17597,51,0
17598,52,0
17599,52,0
17600,54,0
17601,52,0
17602,54,0
17603,54,0
17604,50,0
17605,54,0
17606,52,0
17607,52,0
17608,52,0
17609,52,0
17610,55,0
17611,51,0
17612,51,0
17613,53,0
17614,51,0
17615,51,0
17616,55,0
17617,55,0
17618,52,0
17619,52,0
17620,52,0
17621,52,0
17622,50,0
17623,52,0
17624,52,0
17625,50,0
17626,53,0
17627,53,0
17628,53,0
17629,53,0
17630,50,0
17631,50,0
17632,50,0
17633,52,0
17634,50,0
17635,50,0
17636,52,0
17637,50,0
17638,50,0
17639,52,0
17640,50,0
17641,52,0
17642,52,0
17643,52,0
17644,52,0
17645,49,0
17646,51,0
17647,53,0
17648,51,0
17649,51,0
17650,53,0
17651,53,0
17652,51,0
17653,51,0
17654,53,0
17655,53,0
17656,52,0
17657,52,0
17658,52,0
17659,52,0
17660,50,0
17661,50,0
17662,52,0
17663,53,0
17664,53,0
17665,51,0
17666,53,0
17667,51,0
17668,51,0
17669,53,0
17670,53,0
17671,51,0
17672,50,0
17673,49,0
17674,52,0
17675,52,0
17676,52,0
17677,52,0
17678,50,0
17679,52,0
17680,52,0
17681,52,0
17682,54,0
17683,52,0
17684,53,0
17685,55,0
17686,53,0
17687,51,0
17688,53,0
17689,53,0
17690,51,0
17691,53,0
17692,51,0
17693,52,0
17694,50,0
17695,52,0
17696,52,0
17697,52,0
17698,50,0
17699,52,0
17700,50,0
17701,50,0
17702,50,0
17703,52,0
17704,53,0
17705,53,0
17706,51,0
17707,51,0
17708,51,0
17709,49,0
17710,52,0
17711,50,0
17712,52,0
17713,50,0
17714,52,0
17715,52,0
17716,52,0
17717,51,0
17718,51,0
17719,53,0
17720,55,0
17721,53,0
17722,51,0
17723,53,0
17724,52,0
17725,54,0
17726,54,0
17727,52,0
17728,52,0
17729,50,0
17730,52,0
17731,54,0
17732,52,0
17733,51,0
17734,53,0
17735,53,0
17736,51,0
17737,51,0
17738,51,0
17739,54,0
17740,54,0
17741,52,0
17742,52,0
17743,51,0
17744,51,0
17745,53,0
17746,53,0
17747,53,0
17748,51,0
17749,51,0
17750,52,0
17751,54,0
17752,54,0
17753,50,0
17754,52,0
17755,50,0
17756,52,0
17757,54,0
17758,52,0
17759,54,0
17760,53,0
17761,51,0
17762,55,0
17763,51,0
17764,51,0
17765,53,0
17766,51,0
17767,50,0
17768,52,0
17769,52,0
17770,52,0
17771,52,0
17772,54,0
17773,50,0
17774,52,0
17775,52,0
17776,53,0
17777,53,0
17778,53,0
17779,51,0
17780,51,0
17781,51,0
17782,51,0
17783,51,0
17784,55,0
17785,51,0
17786,52,0
17787,52,0
17788,52,0
17789,50,0
17790,52,0
17791,52,0
17792,50,0
17793,50,0
17794,50,0
17795,50,0
17796,50,0
17797,53,0
17798,51,0
17799,51,0
17800,53,0
17801,52,0
17802,52,0
17803,52,0
17804,52,0
17805,52,0
17806,52,0
17807,50,0
17808,52,0
17809,52,0
17810,52,0
17811,52,0
17812,52,0
17813,50,0
17814,50,0
17815,52,0
17816,52,0
17817,52,0
17818,52,0
17819,49,0
17820,51,0
17821,53,0
17822,51,0
17823,49,0
17824,51,0
17825,49,0
17826,49,0
17827,50,0
17828,50,0
17829,50,0
17830,52,0
17831,52,0
17832,52,0
17833,52,0
17834,53,0
17835,51,0
17836,51,0
17837,51,0
17838,53,0
17839,53,0
17840,51,0
17841,53,0
17842,52,0
17843,52,0
17844,50,0
17845,52,0
17846,54,0
17847,50,0
17848,52,0
17849,50,0
17850,52,0
17851,52,0
17852,52,0
17853,52,0
17854,52,0
17855,51,0
17856,53,0
17857,52,0
17858,52,0
17859,52,0
17860,50,0
17861,50,0
17862,52,0
17863,50,0
17864,50,0
17865,50,0
17866,52,0
17867,52,0
17868,52,0
17869,52,0
17870,52,0
17871,53,0
17872,55,0
17873,51,0
17874,53,0
17875,53,0
17876,53,0
17877,51,0
17878,55,0
17879,52,0
17880,52,0
17881,52,0
17882,52,0
17883,50,0
17884,51,0
17885,51,0
17886,53,0
17887,55,0
17888,51,0
17889,51,0
17890,51,0
17891,52,0
17892,52,0
17893,52,0
17894,52,0
17895,52,0
17896,54,0
17897,52,0
17898,50,0
17899,50,0
17900,50,0
17901,49,0
17902,50,0
17903,53,0
17904,53,0
17905,49,0
17906,53,0
17907,49,0
17908,49,0
17909,55,0
17910,52,0
17911,52,0
17912,54,0
17913,52,0
17914,50,0
17915,55,0
17916,51,0
17917,51,0
17918,55,0
17919,53,0
17920,51,0
17921,51,0
17922,53,0
17923,53,0
17924,50,0
17925,52,0
17926,52,0
17927,50,0
17928,50,0
17929,50,0
17930,52,0
17931,52,0
17932,54,0
17933,54,0
17934,52,0
17935,52,0
17936,52,0
17937,52,0
17938,52,0
17939,53,0
17940,53,0
17941,51,0
17942,52,0
17943,50,0
17944,52,0
17945,52,0
17946,52,0
17947,50,0
17948,52,0
17949,52,0
17950,50,0
17951,52,0
17952,50,0
17953,50,0
17954,50,0
17955,52,0
17956,50,0
17957,53,0
17958,53,0
17959,49,0
17960,53,0
17961,51,0
17962,51,0
17963,55,0
17964,53,0
17965,53,0
17966,51,0
17967,53,0
17968,51,0
17969,50,0
17970,52,0
17971,50,0
17972,50,0
17973,50,0
17974,50,0
17975,50,0
17976,49,0
17977,51,0
17978,53,0
17979,53,0
17980,53,0
17981,53,0
17982,53,0
17983,53,0
17984,55,0
17985,52,0
17986,52,0
17987,52,0
17988,52,0
17989,52,0
17990,54,0
17991,50,0
17992,54,0
17993,52,0
17994,50,0
17995,52,0
17996,55,0
17997,51,0
17998,55,0
17999,51,0
18000,52,0
18001,52,0
18002,52,0
18003,54,0
18004,52,0
18005,52,0
18006,54,0
18007,52,0
18008,50,0
18009,52,0
18010,51,0
18011,51,0
18012,51,0
18013,51,0
18014,51,0
18015,51,0
18016,51,0
18017,52,0
18018,52,0
18019,50,0
18020,54,0
18021,54,0
18022,54,0
18023,54,0
18024,53,0
18025,52,0
18026,52,0
18027,52,0
18028,50,0
18029,52,0
18030,50,0
18031,52,0
18032,50,0
18033,52,0
18034,50,0
18035,50,0
18036,49,0
18037,51,0
18038,53,0
18039,53,0
18040,51,0
18041,51,0
18042,51,0
18043,50,0
18044,52,0
18045,54,0
18046,52,0
18047,52,0
18048,52,0
18049,52,0
18050,50,0
18051,55,0
18052,51,0
18053,51,0
18054,55,0
18055,55,0
18056,51,0
18057,52,0
18058,52,0
18059,50,0
18060,54,0
18061,52,0
18062,52,0
18063,52,0
18064,52,0
18065,52,0
18066,54,0
18067,52,0
18068,55,0
18069,51,0
18070,53,0
18071,55,0
18072,53,0
18073,53,0
18074,52,0
18075,52,0
18076,52,0
18077,54,0
18078,54,0
18079,54,0
18080,52,0
18081,51,0
18082,49,0
18083,49,0
18084,49,0
18085,53,0
18086,53,0
18087,51,0
18088,52,0
18089,52,0
18090,52,0
18091,52,0
18092,52,0
18093,52,0
18094,52,0
18095,52,0
18096,52,0
18097,52,0
18098,50,0
18099,50,0
18100,50,0
18101,52,0
18102,50,0
18103,52,0
18104,50,0
18105,51,0
18106,51,0
18107,53,0
18108,51,0
18109,53,0
18110,52,0
18111,52,0
18112,52,0
18113,50,0
18114,52,0
18115,52,0
18116,52,0
18117,52,0
18118,52,0
18119,50,0
18120,52,0
18121,52,0
18122,52,0
18123,52,0
18124,52,0
18125,51,0
18126,51,0
18127,55,0
18128,53,0
18129,53,0
18130,53,0
18131,51,0
18132,51,0
18133,52,0
18134,52,0
18135,52,0
18136,52,0
18137,52,0
18138,58,0
18139,50,0
18140,51,0
18141,53,0
18142,51,0
18143,51,0
18144,55,0
18145,51,0
18146,51,0
18147,53,0
18148,53,0
18149,53,0
18150,51,0
18151,51,0
18152,49,0
18153,51,0
18154,49,0
18155,49,0
18156,51,0
18157,51,0
18158,51,0
18159,51,0
18160,53,0
18161,53,0
18162,53,0
18163,51,0
18164,51,0
18165,52,0
18166,52,0
18167,52,0
18168,52,0
18169,52,0
18170,52,0
18171,52,0
18172,52,0
18173,52,0
18174,52,0
18175,51,0
18176,53,0
18177,51,0
18178,53,0
18179,53,0
18180,51,0
18181,49,0
18182,51,0
18183,51,0
18184,53,0
18185,49,0
18186,51,0
18187,49,0
18188,51,0
18189,49,0
18190,53,0
18191,51,0
18192,53,0
18193,50,0
18194,52,0
18195,52,0
18196,52,0
18197,50,0
18198,52,0
18199,52,0
18200,52,0
18201,54,0
18202,50,0
18203,52,0
18204,50,0
18205,52,0
18206,52,0
18207,52,0
18208,52,0
18209,52,0
18210,54,0
18211,52,0
18212,50,0
18213,50,0
18214,52,0
18215,54,0
18216,54,0
18217,54,0
18218,52,0
18219,53,0
18220,51,0
18221,55,0
18222,51,0
18223,50,0
18224,53,0
18225,51,0
18226,51,0
18227,53,0
18228,53,0
18229,53,0
18230,51,0
18231,53,0
18232,52,0
18233,52,0
18234,54,0
18235,52,0
18236,55,0
18237,52,0
18238,55,0
18239,51,0
18240,53,0
18241,53,0
18242,53,0
18243,51,0
18244,53,0
18245,55,0
18246,53,0
18247,53,0
18248,53,0
18249,52,0
18250,52,0
18251,52,0
18252,52,0
18253,50,0
18254,52,0
18255,52,0
18256,52,0
18257,52,0
18258,52,0
18259,52,0
18260,52,0
18261,52,0
18262,54,0
18263,50,0
18264,52,0
18265,52,0
18266,52,0
18267,52,0
18268,52,0
18269,50,0
18270,50,0
18271,51,0
18272,51,0
18273,51,0
18274,49,0
18275,51,0
18276,52,0
18277,52,0
18278,50,0
18279,52,0
18280,52,0
18281,54,0
18282,52,0
18283,52,0
18284,52,0
18285,52,0
18286,50,0
18287,54,0
18288,50,0
18289,50,0
18290,52,0
18291,50,0
18292,52,0
18293,52,0
18294,52,0
18295,50,0
18296,52,0
18297,50,0
18298,54,0
18299,52,0
18300,52,0
18301,50,0
18302,52,0
18303,52,0
18304,52,0
18305,50,0
18306,52,0
18307,50,0
18308,52,0
18309,50,0
18310,52,0
18311,52,0
18312,52,0
18313,52,0
18314,52,0
18315,52,0
18316,50,0
18317,54,0
18318,54,0
18319,54,0
18320,52,0
18321,52,0
18322,52,0
18323,52,0
18324,52,0
18325,54,0
18326,52,0
18327,50,0
18328,52,0
18329,53,0
18330,51,0
18331,51,0
18332,51,0
18333,53,0
18334,53,0
18335,53,0
18336,53,0
18337,53,0
18338,51,0
18339,51,0
18340,49,0
18341,51,0
18342,53,0
18343,54,0
18344,52,0
18345,52,0
18346,52,0
18347,52,0
18348,52,0
18349,52,0
18350,52,0
18351,52,0
18352,54,0
18353,50,0
18354,52,0
18355,50,0
18356,52,0
18357,52,0
18358,52,0
18359,52,0
18360,51,0
18361,51,0
18362,53,0
18363,51,0
18364,51,0
18365,53,0
18366,55,0
18367,53,0
18368,51,0
18369,53,0
18370,51,0
18371,53,0
18372,53,0
18373,55,0
18374,51,0
18375,51,0
18376,53,0
18377,50,0
18378,50,0
18379,52,0
18380,52,0
18381,52,0
18382,50,0
18383,52,0
18384,52,0
18385,52,0
18386,50,0
18387,52,0
18388,51,0
18389,51,0
18390,51,0
18391,51,0
18392,51,0
18393,55,0
18394,51,0
18395,55,0
18396,51,0
18397,53,0
18398,51,0
18399,51,0
18400,51,0
18401,52,0
18402,50,0
18403,52,0
18404,50,0
18405,53,0
18406,51,0
18407,53,0
18408,53,0
18409,53,0
18410,53,0
18411,51,0
18412,55,0
18413,52,0
18414,50,0
18415,52,0
18416,50,0
18417,52,0
18418,50,0
18419,50,0
18420,50,0
18421,54,0
18422,52,0
18423,54,0
18424,52,0
18425,50,0
18426,50,0
18427,52,0
18428,52,0
18429,50,0
18430,52,0
18431,52,0
18432,52,0
18433,50,0
18434,52,0
18435,52,0
18436,52,0
18437,52,0
18438,55,0
18439,51,0
18440,55,0
18441,51,0
18442,51,0
18443,55,0
18444,51,0
18445,53,0
18446,51,0
18447,51,0
18448,55,0
18449,51,0
18450,53,0
18451,53,0
18452,51,0
18453,51,0
18454,55,0
18455,51,0
18456,53,0
18457,51,0
18458,52,0
18459,52,0
18460,52,0
18461,52,0
18462,50,0
18463,50,0
18464,50,0
18465,52,0
18466,52,0
18467,52,0
18468,52,0
18469,52,0
18470,50,0
18471,54,0
18472,54,0
18473,52,0
18474,52,0
18475,52,0
18476,52,0
18477,52,0
18478,52,0
18479,52,0
18480,52,0
18481,52,0
18482,52,0
18483,53,0
18484,51,0
18485,52,0
18486,52,0
18487,52,0
18488,52,0
18489,52,0
18490,54,0
18491,53,0
18492,53,0
18493,53,0
18494,53,0
18495,55,0
18496,55,0
18497,53,0
18498,51,0
18499,53,0
18500,53,0
18501,53,0
18502,49,0
18503,51,0
18504,55,0
18505,51,0
18506,53,0
18507,51,0
18508,51,0
18509,55,0
18510,51,0
18511,50,0
18512,52,0
18513,50,0
18514,54,0
18515,50,0
18516,52,0
18517,54,0
18518,52,0
18519,50,0
18520,50,0
18521,52,0
18522,54,0
18523,52,0
18524,52,0
18525,52,0
18526,50,0
18527,52,0
18528,52,0
18529,50,0
18530,53,0
18531,53,0
18532,55,0
18533,51,0
18534,53,0
18535,51,0
18536,53,0
18537,51,0
18538,50,0
18539,52,0
18540,52,0
18541,52,0
18542,52,0
18543,53,0
18544,51,0
18545,53,0
18546,51,0
18547,53,0
18548,53,0
18549,51,0
18550,53,0
18551,53,0
18552,51,0
18553,53,0
18554,53,0
18555,51,0
18556,51,0
18557,51,0
18558,52,0
18559,52,0
18560,52,0
18561,52,0
18562,52,0
18563,50,0
18564,52,0
18565,51,0
18566,51,0
18567,55,0
18568,51,0
18569,51,0
18570,55,0
18571,53,0
18572,51,0
18573,51,0
18574,53,0
18575,53,0
18576,55,0
18577,52,0
18578,52,0
18579,50,0
18580,53,0
18581,51,0
18582,51,0
18583,55,0
18584,53,0
18585,52,0
18586,54,0
18587,49,0
18588,51,0
18589,55,0
18590,51,0
18591,49,0
18592,52,0
18593,52,0
18594,52,0
18595,54,0
18596,50,0
18597,52,0
18598,52,0
18599,52,0
18600,52,0
18601,52,0
18602,54,0
18603,50,0
18604,52,0
18605,54,0
18606,52,0
18607,52,0
18608,52,0
18609,52,0
18610,52,0
18611,54,0
18612,50,0
18613,52,0
18614,50,0
18615,52,0
18616,52,0
18617,52,0
18618,52,0
18619,52,0
18620,52,0
18621,54,0
18622,50,0
18623,52,0
18624,52,0
18625,51,0
18626,55,0
18627,53,0
18628,53,0
18629,55,0
18630,51,0
18631,51,0
18632,51,0
18633,53,0
18634,53,0
18635,53,0
18636,55,0
18637,55,0
18638,52,0
18639,52,0
18640,52,0
18641,54,0
18642,52,0
18643,50,0
18644,52,0
18645,50,0
18646,52,0
18647,52,0
18648,50,0
18649,52,0
18650,52,0
18651,52,0
18652,52,0
18653,52,0
18654,52,0
18655,52,0
18656,52,0
18657,52,0
18658,54,0
18659,52,0
18660,50,0
18661,52,0
18662,50,0
18663,52,0
18664,52,0
18665,52,0
18666,54,0
18667,50,0
18668,52,0
18669,52,0
18670,52,0
18671,52,0
18672,52,0
18673,50,0
18674,52,0
18675,52,0
18676,52,0
18677,50,0
18678,54,0
18679,52,0
18680,52,0
18681,52,0
18682,52,0
18683,52,0
18684,55,0
18685,55,0
18686,53,0
18687,53,0
18688,53,0
18689,51,0
18690,53,0
18691,51,0
18692,49,0
18693,53,0
18694,51,0
18695,53,0
18696,51,0
18697,51,0
18698,55,0
18699,50,0
18700,52,0
18701,52,0
18702,50,0
18703,52,0
18704,54,0
18705,50,0
18706,52,0
18707,50,0
18708,52,0
18709,50,0
18710,52,0
18711,52,0
18712,50,0
18713,54,0
18714,52,0
18715,52,0
18716,54,0
18717,50,0
18718,52,0
18719,50,0
18720,52,0
18721,52,0
18722,52,0
18723,52,0
18724,50,0
18725,52,0
18726,50,0
18727,52,0
18728,50,0
18729,54,0
18730,52,0
18731,52,0
18732,50,0
18733,52,0
18734,50,0
18735,50,0
18736,52,0
18737,52,0
18738,52,0
18739,50,0
18740,50,0
18741,52,0
18742,52,0
18743,50,0
18744,50,0
18745,52,0
18746,50,0
18747,52,0
18748,53,0
18749,51,0
18750,53,0
18751,51,0
18752,51,0
18753,50,0
18754,52,0
18755,52,0
18756,52,0
18757,50,0
18758,52,0
18759,50,0
18760,50,0
18761,54,0
18762,52,0
18763,52,0
18764,52,0
18765,52,0
18766,50,0
18767,52,0
18768,52,0
18769,52,0
18770,50,0
18771,51,0
18772,51,0
18773,53,0
18774,53,0
18775,53,0
18776,53,0
18777,51,0
18778,53,0
18779,55,0
18780,50,0
18781,50,0
18782,52,0
18783,50,0
18784,54,0
18785,50,0
18786,52,0
18787,50,0
18788,52,0
18789,52,0
18790,52,0
18791,52,0
18792,52,0
18793,51,0
18794,53,0
18795,49,0
18796,51,0
18797,51,0
18798,51,0
18799,51,0
18800,51,0
18801,51,0
18802,51,0
18803,51,0
18804,53,0
18805,53,0
18806,51,0
18807,50,0
18808,49,0
18809,53,0
18810,51,0
18811,49,0
18812,53,0
18813,51,0
18814,53,0
18815,51,0
18816,53,0
18817,51,0
18818,51,0
18819,51,0
18820,53,0
18821,51,0
18822,49,0
18823,53,0
18824,51,0
18825,51,0
18826,51,0
18827,53,0
18828,50,0
18829,52,0
18830,50,0
18831,54,0
18832,52,0
18833,52,0
18834,51,0
18835,55,0
18836,53,0
18837,51,0
18838,51,0
18839,51,0
18840,53,0
18841,52,0
18842,52,0
18843,52,0
18844,52,0
18845,52,0
18846,52,0
18847,52,0
18848,50,0
18849,50,0
18850,50,0
18851,54,0
18852,52,0
18853,52,0
18854,52,0
18855,52,0
18856,50,0
18857,50,0
18858,52,0
18859,50,0
18860,52,0
18861,52,0
18862,52,0
18863,52,0
18864,52,0
18865,54,0
18866,52,0
18867,52,0
18868,50,0
18869,52,0
18870,52,0
18871,50,0
18872,52,0
18873,55,0
18874,51,0
18875,55,0
18876,51,0
18877,53,0
18878,51,0
18879,53,0
18880,55,0
18881,51,0
18882,53,0
18883,58,0
18884,53,0
18885,55,0
18886,52,0
18887,52,0
18888,52,0
18889,52,0
18890,52,0
18891,54,0
18892,50,0
18893,50,0
18894,54,0
18895,52,0
18896,54,0
18897,50,0
18898,52,0
18899,50,0
18900,50,0
18901,50,0
18902,54,0
18903,52,0
18904,52,0
18905,51,0
18906,51,0
18907,51,0
18908,51,0
18909,51,0
18910,51,0
18911,51,0
18912,51,0
18913,53,0
18914,51,0
18915,53,0
18916,51,0
18917,51,0
18918,53,0
18919,53,0
18920,51,0
18921,53,0
18922,55,0
18923,53,0
18924,55,0
18925,51,0
18926,55,0
18927,51,0
18928,53,0
18929,53,0
18930,52,0
18931,52,0
18932,59,0
18933,55,0
18934,51,0
18935,51,0
18936,51,0
18937,51,0
18938,51,0
18939,51,0
18940,51,0
18941,51,0
18942,51,0
18943,51,0
18944,52,0
18945,52,0
18946,52,0
18947,52,0
18948,52,0
18949,50,0
18950,54,0
18951,52,0
18952,50,0
18953,52,0
18954,50,0
18955,54,0
18956,52,0
18957,52,0
18958,50,0
18959,52,0
18960,52,0
18961,52,0
18962,54,0
18963,52,0
18964,52,0
18965,52,0
18966,52,0
18967,50,0
18968,50,0
18969,52,0
18970,54,0
18971,54,0
18972,54,0
18973,52,0
18974,54,0
18975,54,0
18976,50,0
18977,50,0
18978,52,0
18979,52,0
18980,52,0
18981,52,0
18982,52,0
18983,52,0
18984,52,0
18985,52,0
18986,53,0
18987,51,0
18988,52,0
18989,50,0
18990,52,0
18991,53,0
18992,55,0
18993,53,0
18994,55,0
18995,51,0
18996,53,0
18997,55,0
18998,52,0
18999,52,0
19000,52,0
19001,54,0
19002,52,0
19003,50,0
19004,50,0
19005,52,0
19006,50,0
19007,52,0
19008,52,0
19009,51,0
19010,53,0
19011,51,0
19012,53,0
19013,53,0
19014,51,0
19015,53,0
19016,51,0
19017,52,0
19018,53,0
19019,53,0
19020,51,0
19021,51,0
19022,55,0
19023,55,0
19024,53,0
19025,52,0
19026,52,0
19027,52,0
19028,52,0
19029,52,0
19030,52,0
19031,52,0
19032,54,0
19033,54,0
19034,52,0
19035,52,0
19036,52,0
19037,54,0
19038,52,0
19039,52,0
19040,52,0
19041,52,0
19042,52,0
19043,52,0
19044,52,0
19045,52,0
19046,53,0
19047,52,0
19048,54,0
19049,52,0
19050,52,0
19051,52,0
19052,50,0
19053,52,0
19054,52,0
19055,52,0
19056,52,0
19057,52,0
19058,52,0
19059,51,0
19060,53,0
19061,53,0
19062,55,0
19063,53,0
19064,53,0
19065,53,0
19066,51,0
19067,51,0
19068,51,0
19069,53,0
19070,55,0
19071,52,0
19072,52,0
19073,52,0
19074,52,0
19075,54,0
19076,53,0
19077,55,0
19078,53,0
19079,55,0
19080,53,0
19081,55,0
19082,51,0
19083,53,0
19084,52,0
19085,52,0
19086,53,0
19087,52,0
19088,50,0
19089,52,0
19090,54,0
19091,52,0
19092,54,0
19093,52,0
19094,54,0
19095,52,0
19096,50,0
19097,52,0
19098,52,0
19099,53,0
19100,55,0
19101,53,0
19102,51,0
19103,55,0
19104,53,0
19105,51,0
19106,53,0
19107,53,0
19108,51,0
19109,55,0
19110,51,0
19111,53,0
19112,51,0
19113,53,0
19114,51,0
19115,52,0
19116,50,0
19117,52,0
19118,52,0
19119,50,0
19120,50,0
19121,52,0
19122,52,0
19123,52,0
19124,52,0
19125,51,0
19126,51,0
19127,51,0
19128,51,0
19129,51,0
19130,51,0
19131,51,0
19132,52,0
19133,52,0
19134,52,0
19135,50,0
19136,53,0
19137,51,0
19138,53,0
19139,52,0
19140,51,0
19141,53,0
19142,52,0
19143,52,0
19144,52,0
19145,52,0
19146,52,0
19147,52,0
19148,52,0
19149,52,0
19150,52,0
19151,53,0
19152,53,0
19153,51,0
19154,51,0
19155,51,0
19156,53,0
19157,52,0
19158,52,0
19159,52,0
19160,50,0
19161,54,0
19162,50,0
19163,54,0
19164,50,0
19165,52,0
19166,52,0
19167,52,0
19168,52,0
19169,50,0
19170,52,0
19171,52,0
19172,52,0
19173,52,0
19174,53,0
19175,53,0
19176,51,0
19177,51,0
19178,51,0
19179,51,0
19180,53,0
19181,52,0
19182,50,0
19183,52,0
19184,52,0
19185,52,0
19186,52,0
19187,54,0
19188,52,0
19189,52,0
19190,52,0
19191,51,0
19192,51,0
19193,55,0
19194,55,0
19195,51,0
19196,52,0
19197,52,0
19198,52,0
19199,55,0
19200,51,0
19201,53,0
19202,51,0
19203,51,0
19204,55,0
19205,51,0
19206,51,0
19207,52,0
19208,52,0
19209,52,0
19210,52,0
19211,50,0
19212,52,0
19213,52,0
19214,54,0
19215,52,0
19216,54,0
19217,52,0
19218,54,0
19219,52,0
19220,52,0
19221,51,0
19222,51,0
19223,53,0
19224,53,0
19225,53,0
19226,52,0
19227,50,0
19228,52,0
19229,52,0
19230,52,0
19231,53,0
19232,51,0
19233,53,0
19234,51,0
19235,51,0
19236,53,0
19237,53,0
19238,55,0
19239,53,0
19240,51,0
19241,52,0
19242,52,0
19243,50,0
19244,52,0
19245,54,0
19246,52,0
19247,54,0
19248,54,0
19249,52,0
19250,52,0
19251,50,0
19252,52,0
19253,50,0
19254,52,0
19255,52,0
19256,52,0
19257,52,0
19258,52,0
19259,54,0
19260,52,0
19261,50,0
19262,54,0
19263,52,0
19264,52,0
19265,52,0
19266,52,0
19267,52,0
19268,53,0
19269,53,0
19270,51,0
19271,53,0
19272,53,0
19273,51,0
19274,51,0
19275,52,0
19276,52,0
19277,52,0
19278,52,0
19279,54,0
19280,54,0
19281,52,0
19282,52,0
19283,50,0
19284,52,0
19285,51,0
19286,52,0
19287,54,0
19288,54,0
19289,50,0
19290,52,0
19291,52,0
19292,52,0
19293,51,0
19294,53,0
19295,53,0
19296,51,0
19297,51,0
19298,53,0
19299,51,0
19300,53,0
19301,51,0
19302,53,0
19303,51,0
19304,52,0
19305,52,0
19306,52,0
19307,52,0
19308,54,0
19309,52,0
19310,50,0
19311,52,0
19312,52,0
19313,51,0
19314,53,0
19315,53,0
19316,54,0
19317,50,0
19318,52,0
19319,51,0
19320,53,0
19321,53,0
19322,55,0
19323,53,0
19324,53,0
19325,55,0
19326,51,0
19327,51,0
19328,51,0
19329,53,0
19330,53,0
19331,51,0
19332,52,0
19333,52,0
19334,51,0
19335,51,0
19336,51,0
19337,52,0
19338,52,0
19339,52,0
19340,52,0
19341,52,0
19342,50,0
19343,55,0
19344,51,0
19345,51,0
19346,53,0
19347,55,0
19348,51,0
19349,52,0
19350,52,0
19351,52,0
19352,55,0
19353,52,0
19354,52,0
19355,54,0
19356,52,0
19357,52,0
19358,52,0
19359,52,0
19360,52,0
19361,52,0
19362,52,0
19363,52,0
19364,52,0
19365,54,0
19366,52,0
19367,52,0
19368,51,0
19369,51,0
19370,51,0
19371,52,0
19372,50,0
19373,52,0
19374,50,0
19375,52,0
19376,52,0
19377,53,0
19378,53,0
19379,53,0
19380,51,0
19381,53,0
19382,53,0
19383,51,0
19384,53,0
19385,53,0
19386,51,0
19387,52,0
19388,52,0
19389,52,0
19390,52,0
19391,54,0
19392,50,0
19393,52,0
19394,54,0
19395,52,0
19396,52,0
19397,52,0
19398,52,0
19399,52,0
19400,55,0
19401,54,0
19402,52,0
19403,54,0
19404,52,0
19405,52,0
19406,52,0
19407,52,0
19408,52,0
19409,52,0
19410,52,0
19411,54,0
19412,52,0
19413,52,0
19414,52,0
19415,51,0
19416,55,0
19417,51,0
19418,53,0
19419,51,0
19420,51,0
19421,53,0
19422,53,0
19423,51,0
19424,55,0
19425,51,0
19426,52,0
19427,52,0
19428,50,0
19429,54,0
19430,51,0
19431,53,0
19432,53,0
19433,52,0
19434,55,0
19435,51,0
19436,52,0
19437,52,0
19438,52,0
19439,54,0
19440,54,0
19441,52,0
19442,52,0
19443,52,0
19444,52,0
19445,52,0
19446,52,0
19447,52,0
19448,51,0
19449,53,0
19450,53,0
19451,53,0
19452,53,0
19453,51,0
19454,55,0
19455,52,0
19456,50,0
19457,52,0
19458,50,0
19459,52,0
19460,52,0
19461,52,0
19462,54,0
19463,52,0
19464,50,0
19465,50,0
19466,52,0
19467,52,0
19468,52,0
19469,52,0
19470,53,0
19471,51,0
19472,51,0
19473,51,0
19474,51,0
19475,51,0
19476,52,0
19477,52,0
19478,52,0
19479,50,0
19480,50,0
19481,54,0
19482,50,0
19483,50,0
19484,52,0
19485,52,0
19486,52,0
19487,51,0
19488,53,0
19489,51,0
19490,50,0
19491,52,0
19492,52,0
19493,52,0
19494,52,0
19495,51,0
19496,55,0
19497,55,0
19498,51,0
19499,51,0
19500,55,0
19501,55,0
19502,52,0
19503,52,0
19504,52,0
19505,52,0
19506,52,0
19507,52,0
19508,50,0
19509,54,0
19510,52,0
19511,52,0
19512,52,0
19513,52,0
19514,53,0
19515,51,0
19516,51,0
19517,55,0
19518,55,0
19519,51,0
19520,52,0
19521,52,0
19522,54,0
19523,52,0
19524,52,0
19525,52,0
19526,53,0
19527,53,0
19528,53,0
19529,53,0
19530,53,0
19531,51,0
19532,51,0
19533,53,0
19534,53,0
19535,55,0
19536,51,0
19537,52,0
19538,52,0
19539,52,0
19540,54,0
19541,50,0
19542,52,0
19543,50,0
19544,52,0
19545,52,0
19546,54,0
19547,52,0
19548,52,0
19549,52,0
19550,52,0
19551,52,0
19552,52,0
19553,50,0
19554,52,0
19555,54,0
19556,52,0
19557,52,0
19558,52,0
19559,52,0
19560,52,0
19561,52,0
19562,54,0
19563,52,0
19564,52,0
19565,51,0
19566,51,0
19567,53,0
19568,51,0
19569,51,0
19570,55,0
19571,51,0
19572,53,0
19573,52,0
19574,52,0
19575,52,0
19576,50,0
19577,54,0
19578,52,0
19579,52,0
19580,52,0
19581,55,0
19582,52,0
19583,52,0
19584,52,0
19585,52,0
19586,52,0
19587,52,0
19588,52,0
19589,52,0
19590,54,0
19591,54,0
19592,52,0
19593,52,0
19594,52,0
19595,55,0
19596,53,0
19597,53,0
19598,51,0
19599,51,0
19600,53,0
19601,52,0
19602,52,0
19603,52,0
19604,50,0
19605,50,0
19606,54,0
19607,50,0
19608,54,0
19609,52,0
19610,52,0
19611,52,0
19612,52,0
19613,52,0
19614,52,0
19615,52,0
19616,52,0
19617,50,0
19618,52,0
19619,52,0
19620,52,0
19621,52,0
19622,52,0
19623,52,0
19624,52,0
19625,53,0
19626,52,0
19627,53,0
19628,58,0
19629,54,0
19630,51,0
19631,49,0
19632,51,0
19633,52,0
19634,52,0
19635,50,0
19636,50,0
19637,52,0
19638,54,0
19639,54,0
19640,52,0
19641,52,0
19642,52,0
19643,52,0
19644,52,0
19645,50,0
19646,52,0
19647,52,0
19648,52,0
19649,50,0
19650,55,0
19651,55,0
19652,53,0
19653,53,0
19654,51,0
19655,51,0
19656,55,0
19657,51,0
19658,52,0
19659,52,0
19660,52,0
19661,52,0
19662,52,0
19663,50,0
19664,52,0
19665,52,0
19666,52,0
19667,54,0
19668,54,0
19669,54,0
19670,52,0
19671,52,0
19672,52,0
19673,52,0
19674,52,0
19675,52,0
19676,51,0
19677,52,0
19678,52,0
19679,50,0
19680,52,0
19681,52,0
19682,52,0
19683,52,0
19684,52,0
19685,51,0
19686,50,0
19687,52,0
19688,52,0
19689,50,0
19690,53,0
19691,51,0
19692,51,0
19693,51,0
19694,51,0
19695,55,0
19696,53,0
19697,55,0
19698,53,0
19699,53,0
19700,53,0
19701,53,0
19702,51,0
19703,51,0
19704,52,0
19705,54,0
19706,52,0
19707,52,0
19708,52,0
19709,52,0
19710,51,0
19711,51,0
19712,53,0
19713,51,0
19714,52,0
19715,52,0
19716,52,0
19717,51,0
19718,55,0
19719,49,0
19720,51,0
19721,55,0
19722,49,0
19723,53,0
19724,53,0
19725,51,0
19726,51,0
19727,49,0
19728,53,0
19729,53,0
19730,52,0
19731,52,0
19732,52,0
19733,52,0
19734,52,0
19735,50,0
19736,52,0
19737,52,0
19738,51,0
19739,51,0
19740,53,0
19741,55,0
19742,53,0
19743,51,0
19744,53,0
19745,51,0
19746,51,0
19747,53,0
19748,51,0
19749,53,0
19750,51,0
19751,55,0
19752,53,0
19753,53,0
19754,52,0
19755,50,0
19756,53,0
19757,51,0
19758,53,0
19759,53,0
19760,51,0
19761,53,0
19762,51,0
19763,50,0
19764,52,0
19765,52,0
19766,52,0
19767,52,0
19768,50,0
19769,50,0
19770,50,0
19771,52,0
19772,52,0
19773,50,0
19774,52,0
19775,50,0
19776,52,0
19777,52,0
19778,52,0
19779,52,0
19780,50,0
19781,50,0
19782,54,0
19783,52,0
19784,52,0
19785,52,0
19786,52,0
19787,50,0
19788,52,0
19789,54,0
19790,54,0
19791,50,0
19792,52,0
19793,54,0
19794,52,0
19795,52,0
19796,52,0
19797,50,0
19798,52,0
19799,52,0
19800,52,0
19801,52,0
19802,54,0
19803,52,0
19804,50,0
19805,52,0
19806,52,0
19807,52,0
19808,52,0
19809,51,0
19810,53,0
19811,51,0
19812,51,0
19813,51,0
19814,53,0
19815,53,0
19816,51,0
19817,51,0
19818,51,0
19819,51,0
19820,51,0
19821,51,0
19822,51,0
19823,52,0
19824,52,0
19825,52,0
19826,50,0
19827,52,0
19828,52,0
19829,52,0
19830,52,0
19831,52,0
19832,50,0
19833,54,0
19834,52,0
19835,51,0
19836,52,0
19837,52,0
19838,52,0
19839,52,0
19840,54,0
19841,50,0
19842,50,0
19843,52,0
19844,52,0
19845,52,0
19846,51,0
19847,51,0
19848,53,0
19849,55,0
19850,53,0
19851,52,0
19852,50,0
19853,52,0
19854,52,0
19855,52,0
19856,54,0
19857,52,0
19858,53,0
19859,51,0
19860,51,0
19861,52,0
19862,52,0
19863,52,0
19864,52,0
19865,53,0
19866,51,0
19867,55,0
19868,51,0
19869,53,0
19870,51,0
19871,53,0
19872,51,0
19873,53,0
19874,53,0
19875,51,0
19876,53,0
19877,52,0
19878,52,0
19879,52,0
19880,52,0
19881,50,0
19882,52,0
19883,52,0
19884,54,0
19885,52,0
19886,52,0
19887,52,0
19888,52,0
19889,52,0
19890,52,0
19891,53,0
19892,53,0
19893,51,0
19894,53,0
19895,52,0
19896,52,0
19897,52,0
19898,52,0
19899,52,0
19900,52,0
19901,53,0
19902,51,0
19903,53,0
19904,53,0
19905,52,0
19906,52,0
19907,52,0
19908,54,0
19909,50,0
19910,52,0
19911,52,0
19912,52,0
19913,52,0
19914,52,0
19915,54,0
19916,52,0
19917,52,0
19918,52,0
19919,52,0
19920,51,0
19921,51,0
19922,51,0
19923,53,0
19924,51,0
19925,53,0
19926,51,0
19927,53,0
19928,53,0
19929,52,0
19930,52,0
19931,50,0
19932,54,0
19933,52,0
19934,50,0
19935,52,0
19936,52,0
19937,52,0
19938,54,0
19939,50,0
19940,50,0
19941,54,0
19942,52,0
19943,52,0
19944,52,0
19945,50,0
19946,52,0
19947,52,0
19948,54,0
19949,52,0
19950,52,0
19951,53,0
19952,53,0
19953,51,0
19954,55,0
19955,53,0
19956,51,0
19957,55,0
19958,49,0
19959,55,0
19960,51,0
19961,51,0
19962,53,0
19963,51,0
19964,51,0
19965,53,0
19966,51,0
19967,51,0
19968,53,0
19969,53,0
19970,51,0
19971,51,0
19972,51,0
19973,51,0
19974,51,0
19975,52,0
19976,52,0
19977,52,0
19978,54,0
19979,52,0
19980,52,0
19981,52,0
19982,52,0
19983,52,0
19984,54,0
19985,52,0
19986,52,0
19987,52,0
19988,50,0
19989,52,0
19990,52,0
19991,50,0
19992,52,0
19993,52,0
19994,50,0
19995,54,0
19996,52,0
19997,52,0
19998,52,0
19999,52,0
