trial,reload_ticks,classified_evicted
0,86,0
1,80,0
2,55,0
3,56,0
4,56,0
5,57,0
6,57,0
7,58,0
8,56,0
9,56,0
10,58,0
11,56,0
12,57,0
13,59,0
14,58,0
15,54,0
16,54,0
17,59,0
18,55,0
19,56,0
20,56,0
21,56,0
22,58,0
23,57,0
24,57,0
25,57,0
26,56,0
27,56,0
28,58,0
29,57,0
30,55,0
31,56,0
32,56,0
33,56,0
34,55,0
35,56,0
36,58,0
37,56,0
38,59,0
39,57,0
40,57,0
41,54,0
42,56,0
43,56,0
44,56,0
45,55,0
46,57,0
47,55,0
48,56,0
49,56,0
50,58,0
51,56,0
52,57,0
53,55,0
54,59,0
55,56,0
56,56,0
57,56,0
58,57,0
59,57,0
60,55,0
61,56,0
62,56,0
63,55,0
64,59,0
65,57,0
66,54,0
67,56,0
68,56,0
69,56,0
70,59,0
71,59,0
72,57,0
73,56,0
74,54,0
75,54,0
76,56,0
77,57,0
78,55,0
79,55,0
80,56,0
81,58,0
82,56,0
83,56,0
84,57,0
85,57,0
86,55,0
87,57,0
88,58,0
89,57,0
90,55,0
91,59,0
92,58,0
93,56,0
94,58,0
95,55,0
96,57,0
97,57,0
98,57,0
99,56,0
100,58,0
101,57,0
102,58,0
103,58,0
104,57,0
105,57,0
106,57,0
107,54,0
108,56,0
109,56,0
110,57,0
111,55,0
112,58,0
113,58,0
114,55,0
115,55,0
116,56,0
117,56,0
118,58,0
119,55,0
120,57,0
121,55,0
122,58,0
123,56,0
124,58,0
125,55,0
126,57,0
127,54,0
128,56,0
129,56,0
130,59,0
131,59,0
132,55,0
133,58,0
134,56,0
135,56,0
136,55,0
137,55,0
138,56,0
139,56,0
140,57,0
141,57,0
142,56,0
143,56,0
144,54,0
145,55,0
146,56,0
147,54,0
148,56,0
149,56,0
150,59,0
151,55,0
152,56,0
153,54,0
154,56,0
155,57,0
156,57,0
157,57,0
158,54,0
159,56,0
160,56,0
161,57,0
162,55,0
163,57,0
164,56,0
165,58,0
166,56,0
167,57,0
168,59,0
169,55,0
170,56,0
171,54,0
172,54,0
173,57,0
174,58,0
175,56,0
176,56,0
177,58,0
178,59,0
179,57,0
180,56,0
181,56,0
182,58,0
183,56,0
184,57,0
185,55,0
186,56,0
187,56,0
188,56,0
189,57,0
190,59,0
191,59,0
192,56,0
193,56,0
194,56,0
195,57,0
196,59,0
197,58,0
198,56,0
199,57,0
200,55,0
201,56,0
202,56,0
203,56,0
204,56,0
205,55,0
206,57,0
207,56,0
208,58,0
209,54,0
210,56,0
211,55,0
212,59,0
213,54,0
214,54,0
215,56,0
216,55,0
217,57,0
218,58,0
219,56,0
220,56,0
221,55,0
222,56,0
223,56,0
224,56,0
225,55,0
226,57,0
227,57,0
228,58,0
229,58,0
230,56,0
231,59,0
232,57,0
233,56,0
234,56,0
235,58,0
236,57,0
237,57,0
238,56,0
239,56,0
240,58,0
241,56,0
242,55,0
243,57,0
244,56,0
245,56,0
246,56,0
247,55,0
248,59,0
249,58,0
250,58,0
251,59,0
252,59,0
253,58,0
254,56,0
255,56,0
256,55,0
257,59,0
258,56,0
259,58,0
260,54,0
261,57,0
262,57,0
263,55,0
264,56,0
265,58,0
266,58,0
267,57,0
268,55,0
269,56,0
270,56,0
271,58,0
272,59,0
273,57,0
274,56,0
275,58,0
276,57,0
277,59,0
278,57,0
279,56,0
280,56,0
281,56,0
282,55,0
283,55,0
284,57,0
285,54,0
286,56,0
287,56,0
288,55,0
289,57,0
290,56,0
291,56,0
292,56,0
293,56,0
294,57,0
295,55,0
296,56,0
297,56,0
298,58,0
299,56,0
300,57,0
301,59,0
302,56,0
303,56,0
304,59,0
305,55,0
306,55,0
307,56,0
308,56,0
309,58,0
310,56,0
311,55,0
312,57,0
313,56,0
314,56,0
315,56,0
316,55,0
317,57,0
318,59,0
319,54,0
320,54,0
321,56,0
322,59,0
323,55,0
324,57,0
325,54,0
326,56,0
327,57,0
328,59,0
329,58,0
330,54,0
331,56,0
332,55,0
333,55,0
334,59,0
335,56,0
336,58,0
337,56,0
338,59,0
339,55,0
340,57,0
341,54,0
342,54,0
343,54,0
344,55,0
345,55,0
346,58,0
347,56,0
348,56,0
349,57,0
350,55,0
351,55,0
352,58,0
353,57,0
354,55,0
355,59,0
356,56,0
357,56,0
358,54,0
359,55,0
360,55,0
361,56,0
362,56,0
363,54,0
364,57,0
365,55,0
366,55,0
367,56,0
368,56,0
369,56,0
370,55,0
371,55,0
372,56,0
373,56,0
374,54,0
375,57,0
376,55,0
377,54,0
378,56,0
379,57,0
380,57,0
381,59,0
382,54,0
383,58,0
384,58,0
385,59,0
386,55,0
387,56,0
388,56,0
389,56,0
390,57,0
391,59,0
392,55,0
393,56,0
394,56,0
395,56,0
396,57,0
397,55,0
398,56,0
399,56,0
400,56,0
401,56,0
402,55,0
403,58,0
404,58,0
405,58,0
406,57,0
407,57,0
408,57,0
409,58,0
410,56,0
411,59,0
412,57,0
413,57,0
414,58,0
415,56,0
416,56,0
417,57,0
418,55,0
419,59,0
420,58,0
421,58,0
422,58,0
423,55,0
424,59,0
425,56,0
426,54,0
427,59,0
428,59,0
429,55,0
430,54,0
431,56,0
432,54,0
433,57,0
434,57,0
435,59,0
436,56,0
437,58,0
438,58,0
439,55,0
440,55,0
441,57,0
442,56,0
443,56,0
444,56,0
445,55,0
446,57,0
447,57,0
448,56,0
449,58,0
450,56,0
451,55,0
452,56,0
453,56,0
454,54,0
455,56,0
456,58,0
457,56,0
458,57,0
459,57,0
460,56,0
461,56,0
462,54,0
463,56,0
464,57,0
465,57,0
466,55,0
467,58,0
468,56,0
469,56,0
470,55,0
471,57,0
472,57,0
473,58,0
474,56,0
475,56,0
476,59,0
477,56,0
478,58,0
479,56,0
480,55,0
481,55,0
482,57,0
483,56,0
484,58,0
485,56,0
486,57,0
487,57,0
488,56,0
489,56,0
490,54,0
491,59,0
492,55,0
493,57,0
494,58,0
495,54,0
496,56,0
497,57,0
498,55,0
499,57,0
500,56,0
501,58,0
502,54,0
503,56,0
504,55,0
505,58,0
506,56,0
507,56,0
508,59,0
509,59,0
510,56,0
511,54,0
512,58,0
513,56,0
514,55,0
515,55,0
516,56,0
517,54,0
518,56,0
519,59,0
520,57,0
521,55,0
522,56,0
523,56,0
524,58,0
525,57,0
526,55,0
527,56,0
528,56,0
529,57,0
530,55,0
531,56,0
532,54,0
533,56,0
534,57,0
535,57,0
536,54,0
537,58,0
538,55,0
539,59,0
540,58,0
541,54,0
542,58,0
543,59,0
544,59,0
545,59,0
546,58,0
547,58,0
548,57,0
549,55,0
550,55,0
551,54,0
552,58,0
553,55,0
554,55,0
555,56,0
556,56,0
557,56,0
558,55,0
559,57,0
560,56,0
561,58,0
562,56,0
563,55,0
564,57,0
565,55,0
566,56,0
567,58,0
568,56,0
569,59,0
570,55,0
571,55,0
572,58,0
573,56,0
574,56,0
575,57,0
576,57,0
577,59,0
578,58,0
579,58,0
580,57,0
581,55,0
582,56,0
583,56,0
584,58,0
585,56,0
586,57,0
587,57,0
588,55,0
589,54,0
590,54,0
591,54,0
592,56,0
593,57,0
594,55,0
595,56,0
596,54,0
597,56,0
598,56,0
599,55,0
600,55,0
601,57,0
602,56,0
603,56,0
604,55,0
605,57,0
606,59,0
607,56,0
608,54,0
609,57,0
610,55,0
611,59,0
612,56,0
613,56,0
614,56,0
615,57,0
616,57,0
617,56,0
618,58,0
619,58,0
620,57,0
621,55,0
622,55,0
623,56,0
624,56,0
625,56,0
626,57,0
627,56,0
628,58,0
629,55,0
630,55,0
631,55,0
632,56,0
633,54,0
634,56,0
635,55,0
636,55,0
637,57,0
638,56,0
639,54,0
640,56,0
641,55,0
642,55,0
643,57,0
644,54,0
645,56,0
646,54,0
647,57,0
648,55,0
649,59,0
650,56,0
651,56,0
652,57,0
653,56,0
654,58,0
655,58,0
656,55,0
657,57,0
658,59,0
659,58,0
660,56,0
661,59,0
662,57,0
663,57,0
664,58,0
665,56,0
666,56,0
667,55,0
668,55,0
669,56,0
670,58,0
671,57,0
672,59,0
673,55,0
674,58,0
675,57,0
676,57,0
677,55,0
678,58,0
679,56,0
680,56,0
681,57,0
682,55,0
683,57,0
684,56,0
685,56,0
686,58,0
687,55,0
688,55,0
689,55,0
690,56,0
691,58,0
692,58,0
693,57,0
694,55,0
695,59,0
696,56,0
697,56,0
698,56,0
699,56,0
700,55,0
701,58,0
702,56,0
703,55,0
704,59,0
705,55,0
706,56,0
707,58,0
708,56,0
709,57,0
710,59,0
711,54,0
712,58,0
713,58,0
714,55,0
715,59,0
716,56,0
717,56,0
718,58,0
719,59,0
720,55,0
721,57,0
722,56,0
723,54,0
724,55,0
725,56,0
726,54,0
727,56,0
728,56,0
729,56,0
730,55,0
731,55,0
732,55,0
733,56,0
734,56,0
735,56,0
736,59,0
737,57,0
738,55,0
739,56,0
740,56,0
741,54,0
742,56,0
743,57,0
744,55,0
745,57,0
746,54,0
747,56,0
748,58,0
749,54,0
750,57,0
751,56,0
752,56,0
753,54,0
754,56,0
755,55,0
756,57,0
757,56,0
758,58,0
759,54,0
760,58,0
761,57,0
762,59,0
763,55,0
764,56,0
765,56,0
766,56,0
767,56,0
768,57,0
769,59,0
770,57,0
771,56,0
772,56,0
773,56,0
774,56,0
775,55,0
776,59,0
777,57,0
778,56,0
779,55,0
780,55,0
781,55,0
782,54,0
783,56,0
784,55,0
785,55,0
786,59,0
787,56,0
788,54,0
789,59,0
790,55,0
791,57,0
792,56,0
793,54,0
794,58,0
795,59,0
796,55,0
797,56,0
798,58,0
799,56,0
800,57,0
801,55,0
802,58,0
803,56,0
804,59,0
805,57,0
806,56,0
807,56,0
808,56,0
809,57,0
810,55,0
811,55,0
812,54,0
813,56,0
814,56,0
815,55,0
816,55,0
817,57,0
818,56,0
819,56,0
820,56,0
821,56,0
822,55,0
823,57,0
824,56,0
825,56,0
826,56,0
827,57,0
828,56,0
829,56,0
830,56,0
831,55,0
832,57,0
833,58,0
834,56,0
835,56,0
836,55,0
837,57,0
838,55,0
839,56,0
840,56,0
841,58,0
842,55,0
843,55,0
844,56,0
845,56,0
846,58,0
847,58,0
848,55,0
849,57,0
850,58,0
851,56,0
852,57,0
853,55,0
854,58,0
855,56,0
856,54,0
857,56,0
858,59,0
859,55,0
860,59,0
861,56,0
862,56,0
863,56,0
864,59,0
865,59,0
866,56,0
867,56,0
868,58,0
869,56,0
870,55,0
871,57,0
872,56,0
873,56,0
874,56,0
875,56,0
876,57,0
877,56,0
878,54,0
879,58,0
880,56,0
881,55,0
882,57,0
883,56,0
884,56,0
885,58,0
886,55,0
887,57,0
888,56,0
889,58,0
890,54,0
891,57,0
892,59,0
893,57,0
894,56,0
895,58,0
896,56,0
897,57,0
898,57,0
899,56,0
900,56,0
901,57,0
902,55,0
903,56,0
904,56,0
905,56,0
906,56,0
907,57,0
908,55,0
909,57,0
910,56,0
911,54,0
912,56,0
913,55,0
914,57,0
915,55,0
916,56,0
917,56,0
918,56,0
919,85,0
920,59,0
921,56,0
922,55,0
923,58,0
924,58,0
925,57,0
926,56,0
927,58,0
928,56,0
929,59,0
930,56,0
931,58,0
932,58,0
933,55,0
934,55,0
935,58,0
936,56,0
937,55,0
938,57,0
939,59,0
940,58,0
941,58,0
942,59,0
943,56,0
944,56,0
945,57,0
946,55,0
947,57,0
948,58,0
949,58,0
950,59,0
951,59,0
952,56,0
953,56,0
954,54,0
955,57,0
956,55,0
957,56,0
958,56,0
959,56,0
960,57,0
961,57,0
962,56,0
963,56,0
964,56,0
965,55,0
966,58,0
967,56,0
968,56,0
969,57,0
970,57,0
971,56,0
972,56,0
973,57,0
974,59,0
975,56,0
976,56,0
977,56,0
978,59,0
979,55,0
980,58,0
981,56,0
982,54,0
983,59,0
984,55,0
985,56,0
986,58,0
987,56,0
988,57,0
989,57,0
990,54,0
991,55,0
992,57,0
993,57,0
994,56,0
995,54,0
996,57,0
997,55,0
998,57,0
999,56,0
1000,54,0
1001,58,0
1002,56,0
1003,56,0
1004,55,0
1005,59,0
1006,56,0
1007,54,0
1008,58,0
1009,57,0
1010,59,0
1011,56,0
1012,56,0
1013,56,0
1014,57,0
1015,56,0
1016,56,0
1017,56,0
1018,57,0
1019,59,0
1020,58,0
1021,54,0
1022,56,0
1023,59,0
1024,55,0
1025,56,0
1026,58,0
1027,56,0
1028,59,0
1029,55,0
1030,56,0
1031,58,0
1032,56,0
1033,55,0
1034,59,0
1035,55,0
1036,56,0
1037,56,0
1038,59,0
1039,54,0
1040,58,0
1041,58,0
1042,59,0
1043,57,0
1044,56,0
1045,56,0
1046,56,0
1047,56,0
1048,57,0
1049,55,0
1050,58,0
1051,58,0
1052,58,0
1053,56,0
1054,55,0
1055,55,0
1056,56,0
1057,58,0
1058,58,0
1059,56,0
1060,55,0
1061,58,0
1062,58,0
1063,56,0
1064,55,0
1065,57,0
1066,59,0
1067,56,0
1068,58,0
1069,56,0
1070,55,0
1071,55,0
1072,57,0
1073,58,0
1074,56,0
1075,56,0
1076,57,0
1077,57,0
1078,56,0
1079,58,0
1080,56,0
1081,57,0
1082,55,0
1083,55,0
1084,58,0
1085,56,0
1086,55,0
1087,57,0
1088,56,0
1089,54,0
1090,56,0
1091,55,0
1092,55,0
1093,59,0
1094,54,0
1095,58,0
1096,56,0
1097,55,0
1098,59,0
1099,55,0
1100,58,0
1101,56,0
1102,58,0
1103,55,0
1104,57,0
1105,57,0
1106,56,0
1107,56,0
1108,56,0
1109,55,0
1110,58,0
1111,56,0
1112,56,0
1113,56,0
1114,57,0
1115,55,0
1116,56,0
1117,56,0
1118,56,0
1119,56,0
1120,57,0
1121,55,0
1122,56,0
1123,56,0
1124,56,0
1125,56,0
1126,57,0
1127,57,0
1128,57,0
1129,54,0
1130,56,0
1131,56,0
1132,59,0
1133,55,0
1134,57,0
1135,56,0
1136,54,0
1137,55,0
1138,57,0
1139,57,0
1140,56,0
1141,58,0
1142,54,0
1143,56,0
1144,55,0
1145,57,0
1146,57,0
1147,56,0
1148,56,0
1149,54,0
1150,55,0
1151,55,0
1152,55,0
1153,58,0
1154,56,0
1155,54,0
1156,56,0
1157,59,0
1158,57,0
1159,56,0
1160,54,0
1161,56,0
1162,57,0
1163,57,0
1164,56,0
1165,56,0
1166,56,0
1167,56,0
1168,55,0
1169,55,0
1170,57,0
1171,56,0
1172,58,0
1173,56,0
1174,57,0
1175,57,0
1176,56,0
1177,56,0
1178,56,0
1179,57,0
1180,55,0
1181,57,0
1182,56,0
1183,56,0
1184,59,0
1185,57,0
1186,57,0
1187,57,0
1188,56,0
1189,58,0
1190,56,0
1191,57,0
1192,59,0
1193,58,0
1194,56,0
1195,56,0
1196,56,0
1197,59,0
1198,57,0
1199,56,0
1200,56,0
1201,58,0
1202,56,0
1203,55,0
1204,55,0
1205,58,0
1206,56,0
1207,54,0
1208,55,0
1209,56,0
1210,58,0
1211,56,0
1212,56,0
1213,57,0
1214,59,0
1215,57,0
1216,58,0
1217,56,0
1218,58,0
1219,57,0
1220,55,0
1221,55,0
1222,58,0
1223,58,0
1224,58,0
1225,59,0
1226,57,0
1227,59,0
1228,58,0
1229,56,0
1230,58,0
1231,55,0
1232,55,0
1233,55,0
1234,56,0
1235,55,0
1236,55,0
1237,59,0
1238,56,0
1239,56,0
1240,58,0
1241,58,0
1242,57,0
1243,55,0
1244,56,0
1245,56,0
1246,54,0
1247,58,0
1248,55,0
1249,57,0
1250,58,0
1251,56,0
1252,58,0
1253,56,0
1254,59,0
1255,59,0
1256,56,0
1257,54,0
1258,56,0
1259,59,0
1260,56,0
1261,58,0
1262,56,0
1263,58,0
1264,57,0
1265,55,0
1266,55,0
1267,54,0
1268,56,0
1269,58,0
1270,59,0
1271,59,0
1272,55,0
1273,58,0
1274,56,0
1275,56,0
1276,57,0
1277,57,0
1278,57,0
1279,59,0
1280,56,0
1281,56,0
1282,55,0
1283,57,0
1284,56,0
1285,56,0
1286,56,0
1287,56,0
1288,57,0
1289,55,0
1290,56,0
1291,54,0
1292,58,0
1293,54,0
1294,59,0
1295,55,0
1296,59,0
1297,56,0
1298,56,0
1299,56,0
1300,59,0
1301,57,0
1302,55,0
1303,56,0
1304,56,0
1305,59,0
1306,55,0
1307,55,0
1308,56,0
1309,58,0
1310,56,0
1311,55,0
1312,55,0
1313,57,0
1314,56,0
1315,58,0
1316,56,0
1317,59,0
1318,59,0
1319,59,0
1320,56,0
1321,56,0
1322,56,0
1323,55,0
1324,59,0
1325,57,0
1326,56,0
1327,58,0
1328,56,0
1329,55,0
1330,57,0
1331,56,0
1332,58,0
1333,57,0
1334,55,0
1335,57,0
1336,56,0
1337,54,0
1338,56,0
1339,56,0
1340,57,0
1341,59,0
1342,58,0
1343,56,0
1344,58,0
1345,56,0
1346,57,0
1347,59,0
1348,56,0
1349,56,0
1350,58,0
1351,56,0
1352,59,0
1353,55,0
1354,56,0
1355,56,0
1356,56,0
1357,59,0
1358,56,0
1359,58,0
1360,56,0
1361,59,0
1362,59,0
1363,56,0
1364,58,0
1365,58,0
1366,55,0
1367,59,0
1368,55,0
1369,58,0
1370,56,0
1371,56,0
1372,57,0
1373,57,0
1374,56,0
1375,56,0
1376,56,0
1377,59,0
1378,57,0
1379,57,0
1380,56,0
1381,56,0
1382,59,0
1383,57,0
1384,58,0
1385,54,0
1386,56,0
1387,57,0
1388,57,0
1389,56,0
1390,56,0
1391,58,0
1392,54,0
1393,55,0
1394,57,0
1395,55,0
1396,58,0
1397,54,0
1398,56,0
1399,55,0
1400,55,0
1401,57,0
1402,56,0
1403,54,0
1404,56,0
1405,55,0
1406,57,0
1407,56,0
1408,58,0
1409,58,0
1410,55,0
1411,55,0
1412,56,0
1413,56,0
1414,58,0
1415,56,0
1416,57,0
1417,57,0
1418,56,0
1419,54,0
1420,58,0
1421,58,0
1422,59,0
1423,57,0
1424,57,0
1425,56,0
1426,54,0
1427,56,0
1428,57,0
1429,55,0
1430,56,0
1431,58,0
1432,56,0
1433,55,0
1434,57,0
1435,57,0
1436,56,0
1437,56,0
1438,56,0
1439,56,0
1440,57,0
1441,57,0
1442,55,0
1443,56,0
1444,56,0
1445,58,0
1446,57,0
1447,55,0
1448,57,0
1449,54,0
1450,56,0
1451,56,0
1452,55,0
1453,57,0
1454,56,0
1455,58,0
1456,58,0
1457,56,0
1458,59,0
1459,59,0
1460,58,0
1461,56,0
1462,58,0
1463,56,0
1464,57,0
1465,55,0
1466,56,0
1467,56,0
1468,58,0
1469,56,0
1470,59,0
1471,59,0
1472,56,0
1473,56,0
1474,58,0
1475,56,0
1476,59,0
1477,55,0
1478,56,0
1479,56,0
1480,56,0
1481,59,0
1482,59,0
1483,56,0
1484,56,0
1485,58,0
1486,56,0
1487,59,0
1488,55,0
1489,56,0
1490,58,0
1491,56,0
1492,55,0
1493,57,0
1494,57,0
1495,56,0
1496,56,0
1497,58,0
1498,57,0
1499,59,0
1500,57,0
1501,56,0
1502,54,0
1503,55,0
1504,59,0
1505,57,0
1506,54,0
1507,56,0
1508,56,0
1509,57,0
1510,59,0
1511,56,0
1512,58,0
1513,56,0
1514,55,0
1515,59,0
1516,55,0
1517,56,0
1518,58,0
1519,56,0
1520,59,0
1521,57,0
1522,55,0
1523,56,0
1524,56,0
1525,54,0
1526,59,0
1527,59,0
1528,56,0
1529,58,0
1530,55,0
1531,57,0
1532,57,0
1533,56,0
1534,56,0
1535,56,0
1536,56,0
1537,57,0
1538,59,0
1539,54,0
1540,58,0
1541,56,0
1542,56,0
1543,59,0
1544,55,0
1545,56,0
1546,56,0
1547,58,0
1548,56,0
1549,57,0
1550,57,0
1551,56,0
1552,58,0
1553,54,0
1554,59,0
1555,55,0
1556,54,0
1557,54,0
1558,56,0
1559,57,0
1560,57,0
1561,56,0
1562,58,0
1563,56,0
1564,58,0
1565,57,0
1566,57,0
1567,55,0
1568,56,0
1569,56,0
1570,56,0
1571,56,0
1572,59,0
1573,55,0
1574,57,0
1575,56,0
1576,58,0
1577,54,0
1578,57,0
1579,57,0
1580,55,0
1581,56,0
1582,56,0
1583,58,0
1584,57,0
1585,59,0
1586,56,0
1587,56,0
1588,54,0
1589,56,0
1590,55,0
1591,57,0
1592,55,0
1593,56,0
1594,56,0
1595,56,0
1596,55,0
1597,57,0
1598,57,0
1599,56,0
1600,58,0
1601,56,0
1602,57,0
1603,55,0
1604,57,0
1605,56,0
1606,56,0
1607,56,0
1608,57,0
1609,55,0
1610,57,0
1611,56,0
1612,56,0
1613,56,0
1614,57,0
1615,55,0
1616,55,0
1617,58,0
1618,58,0
1619,56,0
1620,59,0
1621,59,0
1622,55,0
1623,58,0
1624,58,0
1625,56,0
1626,57,0
1627,59,0
1628,57,0
1629,56,0
1630,56,0
1631,59,0
1632,57,0
1633,57,0
1634,56,0
1635,56,0
1636,56,0
1637,56,0
1638,55,0
1639,59,0
1640,56,0
1641,56,0
1642,58,0
1643,56,0
1644,55,0
1645,55,0
1646,57,0
1647,54,0
1648,54,0
1649,56,0
1650,55,0
1651,55,0
1652,56,0
1653,57,0
1654,59,0
1655,55,0
1656,56,0
1657,58,0
1658,56,0
1659,59,0
1660,59,0
1661,56,0
1662,56,0
1663,56,0
1664,57,0
1665,59,0
1666,57,0
1667,56,0
1668,56,0
1669,56,0
1670,56,0
1671,55,0
1672,55,0
1673,56,0
1674,54,0
1675,58,0
1676,57,0
1677,58,0
1678,56,0
1679,58,0
1680,56,0
1681,59,0
1682,55,0
1683,55,0
1684,58,0
1685,56,0
1686,57,0
1687,57,0
1688,59,0
1689,56,0
1690,56,0
1691,58,0
1692,59,0
1693,59,0
1694,55,0
1695,56,0
1696,56,0
1697,58,0
1698,55,0
1699,57,0
1700,58,0
1701,56,0
1702,57,0
1703,57,0
1704,59,0
1705,56,0
1706,58,0
1707,56,0
1708,55,0
1709,55,0
1710,57,0
1711,56,0
1712,58,0
1713,56,0
1714,59,0
1715,57,0
1716,59,0
1717,56,0
1718,58,0
1719,54,0
1720,57,0
1721,55,0
1722,59,0
1723,56,0
1724,56,0
1725,59,0
1726,55,0
1727,59,0
1728,55,0
1729,54,0
1730,56,0
1731,56,0
1732,56,0
1733,59,0
1734,59,0
1735,55,0
1736,55,0
1737,54,0
1738,56,0
1739,56,0
1740,55,0
1741,57,0
1742,55,0
1743,56,0
1744,56,0
1745,58,0
1746,79,0
1747,56,0
1748,55,0
1749,56,0
1750,59,0
1751,55,0
1752,54,0
1753,54,0
1754,55,0
1755,55,0
1756,58,0
1757,54,0
1758,55,0
1759,57,0
1760,59,0
1761,56,0
1762,58,0
1763,56,0
1764,57,0
1765,57,0
1766,56,0
1767,56,0
1768,55,0
1769,55,0
1770,56,0
1771,56,0
1772,59,0
1773,58,0
1774,56,0
1775,57,0
1776,57,0
1777,56,0
1778,58,0
1779,57,0
1780,59,0
1781,56,0
1782,56,0
1783,56,0
1784,57,0
1785,57,0
1786,58,0
1787,56,0
1788,57,0
1789,55,0
1790,56,0
1791,58,0
1792,58,0
1793,55,0
1794,59,0
1795,56,0
1796,57,0
1797,59,0
1798,56,0
1799,58,0
1800,58,0
1801,59,0
1802,57,0
1803,56,0
1804,56,0
1805,55,0
1806,57,0
1807,56,0
1808,54,0
1809,56,0
1810,59,0
1811,59,0
1812,58,0
1813,58,0
1814,55,0
1815,57,0
1816,58,0
1817,56,0
1818,56,0
1819,55,0
1820,56,0
1821,56,0
1822,55,0
1823,57,0
1824,56,0
1825,58,0
1826,56,0
1827,55,0
1828,59,0
1829,56,0
1830,54,0
1831,58,0
1832,57,0
1833,59,0
1834,59,0
1835,56,0
1836,58,0
1837,55,0
1838,58,0
1839,56,0
1840,58,0
1841,55,0
1842,55,0
1843,56,0
1844,56,0
1845,56,0
1846,56,0
1847,55,0
1848,59,0
1849,55,0
1850,56,0
1851,56,0
1852,56,0
1853,57,0
1854,55,0
1855,57,0
1856,56,0
1857,54,0
1858,57,0
1859,57,0
1860,57,0
1861,54,0
1862,56,0
1863,56,0
1864,55,0
1865,59,0
1866,55,0
1867,56,0
1868,58,0
1869,56,0
1870,56,0
1871,55,0
1872,55,0
1873,55,0
1874,58,0
1875,58,0
1876,56,0
1877,55,0
1878,55,0
1879,58,0
1880,56,0
1881,57,0
1882,59,0
1883,56,0
1884,56,0
1885,56,0
1886,57,0
1887,55,0
1888,57,0
1889,58,0
1890,56,0
1891,56,0
1892,57,0
1893,57,0
1894,55,0
1895,56,0
1896,56,0
1897,56,0
1898,57,0
1899,55,0
1900,56,0
1901,56,0
1902,56,0
1903,54,0
1904,57,0
1905,56,0
1906,54,0
1907,56,0
1908,55,0
1909,55,0
1910,56,0
1911,54,0
1912,54,0
1913,59,0
1914,57,0
1915,57,0
1916,58,0
1917,58,0
1918,56,0
1919,57,0
1920,55,0
1921,57,0
1922,56,0
1923,58,0
1924,56,0
1925,57,0
1926,59,0
1927,58,0
1928,58,0
1929,59,0
1930,55,0
1931,58,0
1932,54,0
1933,57,0
1934,55,0
1935,57,0
1936,58,0
1937,56,0
1938,54,0
1939,59,0
1940,59,0
1941,56,0
1942,58,0
1943,58,0
1944,55,0
1945,55,0
1946,55,0
1947,58,0
1948,58,0
1949,58,0
1950,59,0
1951,59,0
1952,56,0
1953,58,0
1954,58,0
1955,57,0
1956,55,0
1957,56,0
1958,56,0
1959,58,0
1960,59,0
1961,55,0
1962,57,0
1963,56,0
1964,56,0
1965,56,0
1966,56,0
1967,57,0
1968,59,0
1969,54,0
1970,56,0
1971,56,0
1972,59,0
1973,59,0
1974,57,0
1975,58,0
1976,56,0
1977,55,0
1978,55,0
1979,54,0
1980,54,0
1981,58,0
1982,58,0
1983,57,0
1984,57,0
1985,56,0
1986,54,0
1987,56,0
1988,57,0
1989,57,0
1990,55,0
1991,56,0
1992,54,0
1993,56,0
1994,56,0
1995,57,0
1996,57,0
1997,56,0
1998,56,0
1999,57,0
2000,57,0
2001,57,0
2002,54,0
2003,54,0
2004,58,0
2005,55,0
2006,57,0
2007,58,0
2008,58,0
2009,56,0
2010,56,0
2011,57,0
2012,57,0
2013,57,0
2014,58,0
2015,54,0
2016,56,0
2017,59,0
2018,55,0
2019,55,0
2020,56,0
2021,56,0
2022,58,0
2023,55,0
2024,56,0
2025,56,0
2026,54,0
2027,55,0
2028,55,0
2029,57,0
2030,56,0
2031,56,0
2032,56,0
2033,57,0
2034,57,0
2035,55,0
2036,56,0
2037,58,0
2038,54,0
2039,59,0
2040,55,0
2041,59,0
2042,56,0
2043,58,0
2044,56,0
2045,55,0
2046,56,0
2047,56,0
2048,58,0
2049,57,0
2050,57,0
2051,55,0
2052,54,0
2053,56,0
2054,58,0
2055,55,0
2056,55,0
2057,56,0
2058,56,0
2059,56,0
2060,55,0
2061,55,0
2062,57,0
2063,56,0
2064,58,0
2065,56,0
2066,57,0
2067,57,0
2068,59,0
2069,56,0
2070,55,0
2071,57,0
2072,56,0
2073,56,0
2074,58,0
2075,57,0
2076,55,0
2077,56,0
2078,56,0
2079,58,0
2080,55,0
2081,59,0
2082,56,0
2083,56,0
2084,56,0
2085,58,0
2086,55,0
2087,55,0
2088,56,0
2089,58,0
2090,56,0
2091,57,0
2092,55,0
2093,56,0
2094,56,0
2095,56,0
2096,55,0
2097,59,0
2098,58,0
2099,56,0
2100,56,0
2101,55,0
2102,59,0
2103,54,0
2104,58,0
2105,58,0
2106,57,0
2107,55,0
2108,59,0
2109,56,0
2110,56,0
2111,58,0
2112,59,0
2113,57,0
2114,55,0
2115,58,0
2116,57,0
2117,57,0
2118,57,0
2119,56,0
2120,56,0
2121,54,0
2122,57,0
2123,57,0
2124,57,0
2125,56,0
2126,54,0
2127,56,0
2128,55,0
2129,55,0
2130,56,0
2131,56,0
2132,58,0
2133,56,0
2134,57,0
2135,55,0
2136,56,0
2137,56,0
2138,54,0
2139,56,0
2140,57,0
2141,56,0
2142,56,0
2143,56,0
2144,57,0
2145,55,0
2146,55,0
2147,54,0
2148,56,0
2149,56,0
2150,57,0
2151,57,0
2152,59,0
2153,54,0
2154,56,0
2155,58,0
2156,58,0
2157,57,0
2158,57,0
2159,56,0
2160,58,0
2161,56,0
2162,58,0
2163,59,0
2164,54,0
2165,58,0
2166,56,0
2167,59,0
2168,57,0
2169,59,0
2170,56,0
2171,56,0
2172,54,0
2173,55,0
2174,55,0
2175,57,0
2176,56,0
2177,56,0
2178,56,0
2179,55,0
2180,55,0
2181,56,0
2182,56,0
2183,58,0
2184,56,0
2185,59,0
2186,55,0
2187,56,0
2188,58,0
2189,55,0
2190,55,0
2191,56,0
2192,56,0
2193,56,0
2194,55,0
2195,57,0
2196,55,0
2197,54,0
2198,56,0
2199,56,0
2200,59,0
2201,55,0
2202,56,0
2203,56,0
2204,58,0
2205,55,0
2206,55,0
2207,55,0
2208,56,0
2209,56,0
2210,58,0
2211,57,0
2212,56,0
2213,54,0
2214,56,0
2215,55,0
2216,55,0
2217,56,0
2218,56,0
2219,54,0
2220,55,0
2221,57,0
2222,55,0
2223,56,0
2224,58,0
2225,57,0
2226,55,0
2227,59,0
2228,54,0
2229,58,0
2230,58,0
2231,57,0
2232,59,0
2233,58,0
2234,56,0
2235,59,0
2236,57,0
2237,56,0
2238,56,0
2239,58,0
2240,55,0
2241,57,0
2242,55,0
2243,58,0
2244,56,0
2245,58,0
2246,55,0
2247,59,0
2248,59,0
2249,56,0
2250,54,0
2251,56,0
2252,59,0
2253,55,0
2254,57,0
2255,56,0
2256,56,0
2257,58,0
2258,57,0
2259,58,0
2260,58,0
2261,58,0
2262,57,0
2263,59,0
2264,55,0
2265,58,0
2266,56,0
2267,58,0
2268,57,0
2269,57,0
2270,57,0
2271,56,0
2272,54,0
2273,58,0
2274,59,0
2275,57,0
2276,57,0
2277,56,0
2278,56,0
2279,58,0
2280,55,0
2281,59,0
2282,56,0
2283,56,0
2284,56,0
2285,57,0
2286,55,0
2287,56,0
2288,54,0
2289,56,0
2290,56,0
2291,55,0
2292,57,0
2293,56,0
2294,58,0
2295,56,0
2296,55,0
2297,55,0
2298,57,0
2299,56,0
2300,56,0
2301,56,0
2302,58,0
2303,55,0
2304,59,0
2305,55,0
2306,58,0
2307,55,0
2308,57,0
2309,57,0
2310,56,0
2311,56,0
2312,56,0
2313,55,0
2314,55,0
2315,57,0
2316,54,0
2317,56,0
2318,56,0
2319,57,0
2320,57,0
2321,58,0
2322,56,0
2323,56,0
2324,56,0
2325,59,0
2326,55,0
2327,55,0
2328,56,0
2329,58,0
2330,57,0
2331,56,0
2332,58,0
2333,56,0
2334,57,0
2335,57,0
2336,57,0
2337,56,0
2338,56,0
2339,56,0
2340,57,0
2341,55,0
2342,57,0
2343,56,0
2344,56,0
2345,54,0
2346,55,0
2347,59,0
2348,56,0
2349,56,0
2350,56,0
2351,56,0
2352,57,0
2353,55,0
2354,58,0
2355,57,0
2356,55,0
2357,59,0
2358,58,0
2359,58,0
2360,58,0
2361,55,0
2362,57,0
2363,58,0
2364,56,0
2365,56,0
2366,55,0
2367,57,0
2368,59,0
2369,54,0
2370,58,0
2371,57,0
2372,55,0
2373,57,0
2374,56,0
2375,58,0
2376,56,0
2377,59,0
2378,56,0
2379,56,0
2380,58,0
2381,57,0
2382,57,0
2383,57,0
2384,58,0
2385,56,0
2386,56,0
2387,57,0
2388,57,0
2389,54,0
2390,56,0
2391,56,0
2392,57,0
2393,55,0
2394,59,0
2395,56,0
2396,58,0
2397,56,0
2398,55,0
2399,57,0
2400,58,0
2401,54,0
2402,55,0
2403,57,0
2404,58,0
2405,56,0
2406,58,0
2407,59,0
2408,55,0
2409,56,0
2410,56,0
2411,56,0
2412,57,0
2413,57,0
2414,55,0
2415,56,0
2416,56,0
2417,56,0
2418,57,0
2419,57,0
2420,59,0
2421,56,0
2422,58,0
2423,54,0
2424,57,0
2425,57,0
2426,56,0
2427,56,0
2428,56,0
2429,55,0
2430,59,0
2431,58,0
2432,54,0
2433,58,0
2434,54,0
2435,59,0
2436,59,0
2437,57,0
2438,56,0
2439,56,0
2440,58,0
2441,57,0
2442,55,0
2443,55,0
2444,56,0
2445,54,0
2446,56,0
2447,56,0
2448,55,0
2449,57,0
2450,56,0
2451,56,0
2452,55,0
2453,57,0
2454,55,0
2455,56,0
2456,56,0
2457,56,0
2458,58,0
2459,55,0
2460,59,0
2461,57,0
2462,56,0
2463,56,0
2464,56,0
2465,57,0
2466,59,0
2467,57,0
2468,58,0
2469,56,0
2470,56,0
2471,56,0
2472,57,0
2473,58,0
2474,54,0
2475,56,0
2476,59,0
2477,59,0
2478,55,0
2479,56,0
2480,56,0
2481,56,0
2482,57,0
2483,57,0
2484,57,0
2485,56,0
2486,54,0
2487,58,0
2488,57,0
2489,55,0
2490,56,0
2491,56,0
2492,58,0
2493,58,0
2494,59,0
2495,57,0
2496,55,0
2497,56,0
2498,55,0
2499,57,0
2500,55,0
2501,58,0
2502,56,0
2503,56,0
2504,57,0
2505,57,0
2506,55,0
2507,58,0
2508,56,0
2509,56,0
2510,55,0
2511,55,0
2512,56,0
2513,56,0
2514,56,0
2515,56,0
2516,57,0
2517,55,0
2518,55,0
2519,56,0
2520,54,0
2521,57,0
2522,56,0
2523,56,0
2524,56,0
2525,57,0
2526,59,0
2527,54,0
2528,54,0
2529,58,0
2530,57,0
2531,59,0
2532,58,0
2533,58,0
2534,58,0
2535,55,0
2536,55,0
2537,56,0
2538,56,0
2539,58,0
2540,56,0
2541,59,0
2542,59,0
2543,54,0
2544,56,0
2545,55,0
2546,55,0
2547,58,0
2548,56,0
2549,58,0
2550,57,0
2551,55,0
2552,56,0
2553,56,0
2554,56,0
2555,56,0
2556,57,0
2557,55,0
2558,56,0
2559,58,0
2560,56,0
2561,59,0
2562,57,0
2563,57,0
2564,56,0
2565,85,0
2566,58,0
2567,57,0
2568,56,0
2569,59,0
2570,55,0
2571,56,0
2572,56,0
2573,59,0
2574,55,0
2575,56,0
2576,56,0
2577,57,0
2578,59,0
2579,56,0
2580,56,0
2581,54,0
2582,55,0
2583,55,0
2584,54,0
2585,56,0
2586,56,0
2587,57,0
2588,59,0
2589,58,0
2590,56,0
2591,55,0
2592,59,0
2593,57,0
2594,56,0
2595,55,0
2596,59,0
2597,54,0
2598,56,0
2599,56,0
2600,55,0
2601,56,0
2602,58,0
2603,54,0
2604,57,0
2605,55,0
2606,58,0
2607,56,0
2608,56,0
2609,55,0
2610,55,0
2611,56,0
2612,58,0
2613,56,0
2614,55,0
2615,57,0
2616,56,0
2617,54,0
2618,55,0
2619,57,0
2620,56,0
2621,58,0
2622,59,0
2623,55,0
2624,58,0
2625,56,0
2626,56,0
2627,55,0
2628,59,0
2629,56,0
2630,56,0
2631,57,0
2632,57,0
2633,56,0
2634,58,0
2635,56,0
2636,57,0
2637,55,0
2638,58,0
2639,54,0
2640,56,0
2641,59,0
2642,59,0
2643,56,0
2644,57,0
2645,59,0
2646,56,0
2647,58,0
2648,57,0
2649,59,0
2650,56,0
2651,58,0
2652,56,0
2653,59,0
2654,55,0
2655,56,0
2656,54,0
2657,57,0
2658,59,0
2659,58,0
2660,56,0
2661,58,0
2662,57,0
2663,59,0
2664,56,0
2665,58,0
2666,57,0
2667,59,0
2668,56,0
2669,55,0
2670,55,0
2671,59,0
2672,56,0
2673,58,0
2674,55,0
2675,59,0
2676,58,0
2677,56,0
2678,56,0
2679,55,0
2680,55,0
2681,56,0
2682,56,0
2683,56,0
2684,59,0
2685,55,0
2686,56,0
2687,54,0
2688,55,0
2689,57,0
2690,56,0
2691,54,0
2692,54,0
2693,55,0
2694,54,0
2695,56,0
2696,56,0
2697,55,0
2698,57,0
2699,54,0
2700,56,0
2701,56,0
2702,55,0
2703,55,0
2704,56,0
2705,58,0
2706,58,0
2707,57,0
2708,59,0
2709,56,0
2710,56,0
2711,56,0
2712,57,0
2713,57,0
2714,56,0
2715,58,0
2716,56,0
2717,55,0
2718,58,0
2719,56,0
2720,55,0
2721,55,0
2722,57,0
2723,56,0
2724,56,0
2725,56,0
2726,57,0
2727,57,0
2728,56,0
2729,54,0
2730,56,0
2731,55,0
2732,57,0
2733,56,0
2734,56,0
2735,56,0
2736,55,0
2737,57,0
2738,54,0
2739,56,0
2740,56,0
2741,57,0
2742,55,0
2743,56,0
2744,55,0
2745,57,0
2746,57,0
2747,56,0
2748,56,0
2749,59,0
2750,59,0
2751,59,0
2752,54,0
2753,54,0
2754,59,0
2755,55,0
2756,55,0
2757,56,0
2758,56,0
2759,55,0
2760,55,0
2761,55,0
2762,56,0
2763,56,0
2764,57,0
2765,55,0
2766,56,0
2767,56,0
2768,58,0
2769,55,0
2770,56,0
2771,56,0
2772,57,0
2773,55,0
2774,57,0
2775,58,0
2776,54,0
2777,57,0
2778,55,0
2779,56,0
2780,58,0
2781,55,0
2782,55,0
2783,56,0
2784,54,0
2785,56,0
2786,57,0
2787,59,0
2788,58,0
2789,58,0
2790,57,0
2791,57,0
2792,56,0
2793,57,0
2794,55,0
2795,58,0
2796,58,0
2797,58,0
2798,57,0
2799,55,0
2800,58,0
2801,56,0
2802,56,0
2803,57,0
2804,59,0
2805,58,0
2806,56,0
2807,59,0
2808,55,0
2809,56,0
2810,58,0
2811,55,0
2812,57,0
2813,56,0
2814,58,0
2815,56,0
2816,59,0
2817,57,0
2818,56,0
2819,55,0
2820,55,0
2821,56,0
2822,56,0
2823,55,0
2824,59,0
2825,57,0
2826,56,0
2827,56,0
2828,56,0
2829,59,0
2830,57,0
2831,56,0
2832,54,0
2833,55,0
2834,59,0
2835,56,0
2836,54,0
2837,58,0
2838,59,0
2839,55,0
2840,54,0
2841,58,0
2842,58,0
2843,55,0
2844,56,0
2845,56,0
2846,56,0
2847,55,0
2848,57,0
2849,54,0
2850,56,0
2851,56,0
2852,55,0
2853,55,0
2854,58,0
2855,56,0
2856,57,0
2857,57,0
2858,59,0
2859,56,0
2860,56,0
2861,57,0
2862,55,0
2863,57,0
2864,54,0
2865,56,0
2866,58,0
2867,57,0
2868,56,0
2869,54,0
2870,57,0
2871,57,0
2872,57,0
2873,56,0
2874,54,0
2875,56,0
2876,57,0
2877,57,0
2878,57,0
2879,56,0
2880,58,0
2881,56,0
2882,59,0
2883,57,0
2884,56,0
2885,54,0
2886,55,0
2887,59,0
2888,57,0
2889,54,0
2890,56,0
2891,55,0
2892,58,0
2893,54,0
2894,56,0
2895,57,0
2896,57,0
2897,56,0
2898,58,0
2899,59,0
2900,55,0
2901,55,0
2902,56,0
2903,56,0
2904,56,0
2905,57,0
2906,57,0
2907,56,0
2908,56,0
2909,56,0
2910,55,0
2911,57,0
2912,58,0
2913,56,0
2914,54,0
2915,55,0
2916,56,0
2917,56,0
2918,58,0
2919,59,0
2920,55,0
2921,58,0
2922,56,0
2923,59,0
2924,55,0
2925,56,0
2926,58,0
2927,56,0
2928,57,0
2929,57,0
2930,58,0
2931,56,0
2932,56,0
2933,55,0
2934,55,0
2935,56,0
2936,56,0
2937,58,0
2938,57,0
2939,55,0
2940,58,0
2941,57,0
2942,59,0
2943,56,0
2944,58,0
2945,56,0
2946,59,0
2947,55,0
2948,58,0
2949,56,0
2950,58,0
2951,57,0
2952,55,0
2953,56,0
2954,58,0
2955,59,0
2956,55,0
2957,56,0
2958,56,0
2959,58,0
2960,55,0
2961,55,0
2962,56,0
2963,56,0
2964,59,0
2965,56,0
2966,56,0
2967,56,0
2968,59,0
2969,59,0
2970,54,0
2971,56,0
2972,56,0
2973,55,0
2974,57,0
2975,58,0
2976,54,0
2977,58,0
2978,57,0
2979,55,0
2980,56,0
2981,58,0
2982,55,0
2983,55,0
2984,57,0
2985,58,0
2986,54,0
2987,55,0
2988,56,0
2989,54,0
2990,58,0
2991,55,0
2992,57,0
2993,57,0
2994,58,0
2995,56,0
2996,55,0
2997,57,0
2998,57,0
2999,56,0
3000,56,0
3001,59,0
3002,57,0
3003,55,0
3004,56,0
3005,58,0
3006,56,0
3007,59,0
3008,57,0
3009,56,0
3010,54,0
3011,57,0
3012,56,0
3013,54,0
3014,58,0
3015,57,0
3016,57,0
3017,57,0
3018,58,0
3019,56,0
3020,58,0
3021,55,0
3022,57,0
3023,56,0
3024,56,0
3025,56,0
3026,59,0
3027,55,0
3028,54,0
3029,56,0
3030,56,0
3031,55,0
3032,57,0
3033,56,0
3034,56,0
3035,57,0
3036,55,0
3037,56,0
3038,56,0
3039,56,0
3040,55,0
3041,57,0
3042,54,0
3043,56,0
3044,56,0
3045,57,0
3046,57,0
3047,54,0
3048,56,0
3049,58,0
3050,55,0
3051,55,0
3052,56,0
3053,56,0
3054,55,0
3055,55,0
3056,57,0
3057,56,0
3058,57,0
3059,55,0
3060,54,0
3061,58,0
3062,58,0
3063,55,0
3064,57,0
3065,56,0
3066,58,0
3067,57,0
3068,57,0
3069,55,0
3070,56,0
3071,56,0
3072,55,0
3073,57,0
3074,58,0
3075,56,0
3076,56,0
3077,59,0
3078,59,0
3079,58,0
3080,56,0
3081,55,0
3082,57,0
3083,57,0
3084,58,0
3085,55,0
3086,55,0
3087,56,0
3088,58,0
3089,59,0
3090,59,0
3091,55,0
3092,56,0
3093,56,0
3094,57,0
3095,57,0
3096,58,0
3097,56,0
3098,56,0
3099,57,0
3100,55,0
3101,56,0
3102,58,0
3103,57,0
3104,59,0
3105,56,0
3106,56,0
3107,56,0
3108,55,0
3109,55,0
3110,58,0
3111,57,0
3112,57,0
3113,56,0
3114,58,0
3115,56,0
3116,59,0
3117,55,0
3118,58,0
3119,58,0
3120,56,0
3121,57,0
3122,55,0
3123,56,0
3124,56,0
3125,59,0
3126,55,0
3127,56,0
3128,54,0
3129,58,0
3130,55,0
3131,59,0
3132,56,0
3133,54,0
3134,54,0
3135,55,0
3136,56,0
3137,56,0
3138,56,0
3139,57,0
3140,55,0
3141,56,0
3142,56,0
3143,55,0
3144,59,0
3145,59,0
3146,56,0
3147,58,0
3148,55,0
3149,57,0
3150,55,0
3151,56,0
3152,56,0
3153,58,0
3154,59,0
3155,57,0
3156,54,0
3157,58,0
3158,56,0
3159,57,0
3160,56,0
3161,56,0
3162,58,0
3163,57,0
3164,59,0
3165,56,0
3166,56,0
3167,54,0
3168,57,0
3169,57,0
3170,56,0
3171,56,0
3172,56,0
3173,55,0
3174,55,0
3175,54,0
3176,58,0
3177,56,0
3178,55,0
3179,57,0
3180,58,0
3181,58,0
3182,54,0
3183,57,0
3184,56,0
3185,54,0
3186,55,0
3187,57,0
3188,57,0
3189,54,0
3190,54,0
3191,57,0
3192,55,0
3193,56,0
3194,56,0
3195,56,0
3196,57,0
3197,55,0
3198,56,0
3199,54,0
3200,54,0
3201,55,0
3202,55,0
3203,56,0
3204,56,0
3205,57,0
3206,55,0
3207,55,0
3208,56,0
3209,57,0
3210,55,0
3211,59,0
3212,56,0
3213,58,0
3214,54,0
3215,59,0
3216,55,0
3217,57,0
3218,56,0
3219,58,0
3220,56,0
3221,57,0
3222,55,0
3223,58,0
3224,58,0
3225,58,0
3226,55,0
3227,57,0
3228,55,0
3229,56,0
3230,56,0
3231,58,0
3232,57,0
3233,57,0
3234,56,0
3235,56,0
3236,59,0
3237,55,0
3238,58,0
3239,56,0
3240,56,0
3241,55,0
3242,57,0
3243,59,0
3244,56,0
3245,58,0
3246,58,0
3247,55,0
3248,59,0
3249,56,0
3250,56,0
3251,56,0
3252,57,0
3253,55,0
3254,57,0
3255,56,0
3256,58,0
3257,56,0
3258,57,0
3259,55,0
3260,56,0
3261,56,0
3262,57,0
3263,55,0
3264,56,0
3265,56,0
3266,58,0
3267,56,0
3268,57,0
3269,55,0
3270,58,0
3271,54,0
3272,58,0
3273,57,0
3274,57,0
3275,57,0
3276,56,0
3277,56,0
3278,56,0
3279,57,0
3280,55,0
3281,59,0
3282,58,0
3283,56,0
3284,56,0
3285,59,0
3286,56,0
3287,56,0
3288,56,0
3289,59,0
3290,57,0
3291,58,0
3292,56,0
3293,58,0
3294,55,0
3295,57,0
3296,57,0
3297,56,0
3298,56,0
3299,56,0
3300,56,0
3301,59,0
3302,55,0
3303,56,0
3304,56,0
3305,56,0
3306,55,0
3307,59,0
3308,57,0
3309,58,0
3310,57,0
3311,59,0
3312,57,0
3313,56,0
3314,54,0
3315,56,0
3316,58,0
3317,57,0
3318,57,0
3319,56,0
3320,54,0
3321,56,0
3322,57,0
3323,57,0
3324,57,0
3325,56,0
3326,54,0
3327,58,0
3328,59,0
3329,57,0
3330,55,0
3331,58,0
3332,56,0
3333,57,0
3334,57,0
3335,56,0
3336,56,0
3337,58,0
3338,57,0
3339,55,0
3340,59,0
3341,58,0
3342,56,0
3343,58,0
3344,55,0
3345,57,0
3346,56,0
3347,56,0
3348,58,0
3349,58,0
3350,57,0
3351,57,0
3352,55,0
3353,58,0
3354,58,0
3355,56,0
3356,56,0
3357,56,0
3358,56,0
3359,55,0
3360,59,0
3361,55,0
3362,58,0
3363,56,0
3364,56,0
3365,55,0
3366,59,0
3367,57,0
3368,58,0
3369,56,0
3370,58,0
3371,57,0
3372,59,0
3373,56,0
3374,58,0
3375,54,0
3376,59,0
3377,57,0
3378,57,0
3379,56,0
3380,54,0
3381,59,0
3382,56,0
3383,56,0
3384,81,0
3385,57,0
3386,56,0
3387,59,0
3388,56,0
3389,55,0
3390,55,0
3391,54,0
3392,56,0
3393,55,0
3394,59,0
3395,58,0
3396,54,0
3397,57,0
3398,55,0
3399,58,0
3400,56,0
3401,58,0
3402,55,0
3403,55,0
3404,58,0
3405,56,0
3406,55,0
3407,55,0
3408,57,0
3409,54,0
3410,56,0
3411,59,0
3412,55,0
3413,56,0
3414,57,0
3415,59,0
3416,54,0
3417,56,0
3418,59,0
3419,57,0
3420,57,0
3421,58,0
3422,56,0
3423,59,0
3424,57,0
3425,56,0
3426,56,0
3427,58,0
3428,59,0
3429,57,0
3430,57,0
3431,56,0
3432,58,0
3433,57,0
3434,55,0
3435,56,0
3436,54,0
3437,57,0
3438,57,0
3439,56,0
3440,54,0
3441,54,0
3442,59,0
3443,55,0
3444,58,0
3445,58,0
3446,57,0
3447,57,0
3448,58,0
3449,56,0
3450,58,0
3451,55,0
3452,57,0
3453,56,0
3454,58,0
3455,57,0
3456,57,0
3457,56,0
3458,56,0
3459,56,0
3460,57,0
3461,57,0
3462,56,0
3463,57,0
3464,57,0
3465,54,0
3466,54,0
3467,56,0
3468,55,0
3469,57,0
3470,54,0
3471,56,0
3472,59,0
3473,57,0
3474,55,0
3475,56,0
3476,56,0
3477,57,0
3478,55,0
3479,56,0
3480,56,0
3481,59,0
3482,57,0
3483,56,0
3484,58,0
3485,56,0
3486,59,0
3487,54,0
3488,58,0
3489,59,0
3490,55,0
3491,58,0
3492,58,0
3493,58,0
3494,57,0
3495,57,0
3496,56,0
3497,58,0
3498,58,0
3499,55,0
3500,55,0
3501,56,0
3502,58,0
3503,56,0
3504,57,0
3505,57,0
3506,56,0
3507,58,0
3508,58,0
3509,59,0
3510,57,0
3511,56,0
3512,58,0
3513,55,0
3514,57,0
3515,56,0
3516,56,0
3517,56,0
3518,59,0
3519,56,0
3520,56,0
3521,58,0
3522,57,0
3523,59,0
3524,54,0
3525,56,0
3526,58,0
3527,59,0
3528,55,0
3529,56,0
3530,56,0
3531,58,0
3532,57,0
3533,59,0
3534,56,0
3535,57,0
3536,57,0
3537,58,0
3538,58,0
3539,57,0
3540,59,0
3541,57,0
3542,56,0
3543,58,0
3544,56,0
3545,55,0
3546,59,0
3547,56,0
3548,56,0
3549,58,0
3550,57,0
3551,55,0
3552,56,0
3553,58,0
3554,54,0
3555,55,0
3556,55,0
3557,58,0
3558,55,0
3559,59,0
3560,56,0
3561,58,0
3562,56,0
3563,59,0
3564,57,0
3565,59,0
3566,58,0
3567,56,0
3568,58,0
3569,59,0
3570,59,0
3571,58,0
3572,54,0
3573,58,0
3574,55,0
3575,55,0
3576,58,0
3577,56,0
3578,56,0
3579,57,0
3580,57,0
3581,56,0
3582,56,0
3583,57,0
3584,59,0
3585,56,0
3586,56,0
3587,58,0
3588,57,0
3589,55,0
3590,56,0
3591,56,0
3592,56,0
3593,57,0
3594,59,0
3595,56,0
3596,56,0
3597,56,0
3598,55,0
3599,55,0
3600,59,0
3601,56,0
3602,56,0
3603,59,0
3604,57,0
3605,58,0
3606,56,0
3607,59,0
3608,57,0
3609,55,0
3610,56,0
3611,56,0
3612,57,0
3613,57,0
3614,56,0
3615,56,0
3616,56,0
3617,57,0
3618,59,0
3619,59,0
3620,58,0
3621,56,0
3622,56,0
3623,57,0
3624,56,0
3625,56,0
3626,56,0
3627,59,0
3628,57,0
3629,59,0
3630,56,0
3631,56,0
3632,57,0
3633,57,0
3634,58,0
3635,56,0
3636,57,0
3637,59,0
3638,58,0
3639,56,0
3640,56,0
3641,59,0
3642,59,0
3643,56,0
3644,56,0
3645,56,0
3646,57,0
3647,57,0
3648,56,0
3649,56,0
3650,56,0
3651,57,0
3652,59,0
3653,56,0
3654,56,0
3655,59,0
3656,58,0
3657,54,0
3658,56,0
3659,57,0
3660,59,0
3661,58,0
3662,56,0
3663,58,0
3664,57,0
3665,57,0
3666,58,0
3667,56,0
3668,55,0
3669,57,0
3670,56,0
3671,58,0
3672,56,0
3673,55,0
3674,55,0
3675,58,0
3676,56,0
3677,58,0
3678,57,0
3679,56,0
3680,56,0
3681,56,0
3682,55,0
3683,57,0
3684,56,0
3685,56,0
3686,58,0
3687,57,0
3688,57,0
3689,56,0
3690,58,0
3691,56,0
3692,57,0
3693,59,0
3694,56,0
3695,58,0
3696,54,0
3697,55,0
3698,57,0
3699,56,0
3700,56,0
3701,56,0
3702,56,0
3703,59,0
3704,56,0
3705,54,0
3706,57,0
3707,55,0
3708,56,0
3709,56,0
3710,58,0
3711,55,0
3712,55,0
3713,57,0
3714,56,0
3715,56,0
3716,56,0
3717,55,0
3718,59,0
3719,54,0
3720,56,0
3721,56,0
3722,57,0
3723,55,0
3724,56,0
3725,58,0
3726,56,0
3727,59,0
3728,56,0
3729,56,0
3730,56,0
3731,59,0
3732,55,0
3733,58,0
3734,56,0
3735,58,0
3736,56,0
3737,57,0
3738,57,0
3739,57,0
3740,56,0
3741,56,0
3742,54,0
3743,55,0
3744,57,0
3745,59,0
3746,54,0
3747,56,0
3748,56,0
3749,54,0
3750,57,0
3751,54,0
3752,56,0
3753,54,0
3754,55,0
3755,57,0
3756,57,0
3757,54,0
3758,56,0
3759,54,0
3760,56,0
3761,57,0
3762,57,0
3763,56,0
3764,56,0
3765,56,0
3766,57,0
3767,57,0
3768,57,0
3769,56,0
3770,56,0
3771,56,0
3772,55,0
3773,59,0
3774,57,0
3775,58,0
3776,59,0
3777,55,0
3778,57,0
3779,56,0
3780,56,0
3781,58,0
3782,57,0
3783,55,0
3784,57,0
3785,56,0
3786,54,0
3787,58,0
3788,55,0
3789,57,0
3790,59,0
3791,58,0
3792,54,0
3793,56,0
3794,57,0
3795,55,0
3796,55,0
3797,56,0
3798,56,0
3799,56,0
3800,59,0
3801,56,0
3802,58,0
3803,54,0
3804,57,0
3805,55,0
3806,57,0
3807,58,0
3808,56,0
3809,56,0
3810,55,0
3811,55,0
3812,59,0
3813,56,0
3814,56,0
3815,56,0
3816,57,0
3817,59,0
3818,57,0
3819,58,0
3820,58,0
3821,56,0
3822,59,0
3823,55,0
3824,56,0
3825,58,0
3826,55,0
3827,57,0
3828,55,0
3829,58,0
3830,56,0
3831,58,0
3832,55,0
3833,55,0
3834,57,0
3835,56,0
3836,56,0
3837,54,0
3838,55,0
3839,55,0
3840,56,0
3841,56,0
3842,56,0
3843,55,0
3844,55,0
3845,59,0
3846,56,0
3847,58,0
3848,56,0
3849,57,0
3850,58,0
3851,58,0
3852,56,0
3853,59,0
3854,55,0
3855,55,0
3856,56,0
3857,56,0
3858,56,0
3859,56,0
3860,55,0
3861,55,0
3862,56,0
3863,56,0
3864,54,0
3865,56,0
3866,55,0
3867,59,0
3868,59,0
3869,56,0
3870,54,0
3871,54,0
3872,55,0
3873,56,0
3874,56,0
3875,58,0
3876,56,0
3877,57,0
3878,55,0
3879,57,0
3880,54,0
3881,56,0
3882,56,0
3883,59,0
3884,57,0
3885,59,0
3886,56,0
3887,58,0
3888,54,0
3889,57,0
3890,59,0
3891,59,0
3892,56,0
3893,56,0
3894,56,0
3895,56,0
3896,55,0
3897,57,0
3898,54,0
3899,56,0
3900,56,0
3901,55,0
3902,57,0
3903,56,0
3904,56,0
3905,56,0
3906,56,0
3907,55,0
3908,57,0
3909,57,0
3910,56,0
3911,56,0
3912,56,0
3913,55,0
3914,55,0
3915,55,0
3916,58,0
3917,58,0
3918,58,0
3919,56,0
3920,59,0
3921,57,0
3922,58,0
3923,56,0
3924,56,0
3925,57,0
3926,59,0
3927,54,0
3928,58,0
3929,54,0
3930,55,0
3931,57,0
3932,59,0
3933,54,0
3934,58,0
3935,54,0
3936,56,0
3937,55,0
3938,59,0
3939,57,0
3940,56,0
3941,56,0
3942,56,0
3943,55,0
3944,57,0
3945,56,0
3946,56,0
3947,59,0
3948,59,0
3949,55,0
3950,54,0
3951,58,0
3952,56,0
3953,57,0
3954,57,0
3955,58,0
3956,56,0
3957,58,0
3958,55,0
3959,59,0
3960,56,0
3961,56,0
3962,56,0
3963,57,0
3964,57,0
3965,59,0
3966,56,0
3967,56,0
3968,58,0
3969,57,0
3970,59,0
3971,54,0
3972,56,0
3973,55,0
3974,55,0
3975,55,0
3976,54,0
3977,56,0
3978,56,0
3979,59,0
3980,55,0
3981,57,0
3982,56,0
3983,58,0
3984,55,0
3985,55,0
3986,59,0
3987,58,0
3988,54,0
3989,58,0
3990,57,0
3991,57,0
3992,56,0
3993,54,0
3994,58,0
3995,59,0
3996,55,0
3997,58,0
3998,56,0
3999,56,0
4000,55,0
4001,57,0
4002,56,0
4003,58,0
4004,56,0
4005,56,0
4006,59,0
4007,57,0
4008,56,0
4009,58,0
4010,56,0
4011,57,0
4012,55,0
4013,57,0
4014,56,0
4015,58,0
4016,56,0
4017,59,0
4018,59,0
4019,56,0
4020,58,0
4021,56,0
4022,55,0
4023,55,0
4024,57,0
4025,54,0
4026,56,0
4027,54,0
4028,55,0
4029,57,0
4030,55,0
4031,54,0
4032,56,0
4033,54,0
4034,57,0
4035,55,0
4036,55,0
4037,54,0
4038,56,0
4039,58,0
4040,59,0
4041,57,0
4042,59,0
4043,56,0
4044,58,0
4045,59,0
4046,55,0
4047,56,0
4048,54,0
4049,56,0
4050,55,0
4051,59,0
4052,55,0
4053,58,0
4054,56,0
4055,58,0
4056,55,0
4057,59,0
4058,57,0
4059,58,0
4060,56,0
4061,58,0
4062,55,0
4063,59,0
4064,56,0
4065,56,0
4066,55,0
4067,55,0
4068,59,0
4069,56,0
4070,56,0
4071,56,0
4072,55,0
4073,55,0
4074,59,0
4075,54,0
4076,58,0
4077,56,0
4078,57,0
4079,57,0
4080,56,0
4081,56,0
4082,58,0
4083,57,0
4084,57,0
4085,55,0
4086,58,0
4087,58,0
4088,56,0
4089,57,0
4090,58,0
4091,54,0
4092,58,0
4093,59,0
4094,57,0
4095,57,0
4096,56,0
4097,56,0
4098,58,0
4099,59,0
4100,57,0
4101,56,0
4102,56,0
4103,58,0
4104,58,0
4105,59,0
4106,55,0
4107,56,0
4108,58,0
4109,58,0
4110,55,0
4111,57,0
4112,58,0
4113,56,0
4114,57,0
4115,55,0
4116,56,0
4117,56,0
4118,56,0
4119,57,0
4120,59,0
4121,55,0
4122,58,0
4123,54,0
4124,56,0
4125,57,0
4126,55,0
4127,56,0
4128,58,0
4129,56,0
4130,57,0
4131,55,0
4132,55,0
4133,58,0
4134,56,0
4135,54,0
4136,59,0
4137,55,0
4138,57,0
4139,56,0
4140,58,0
4141,57,0
4142,55,0
4143,59,0
4144,56,0
4145,58,0
4146,54,0
4147,57,0
4148,55,0
4149,55,0
4150,58,0
4151,56,0
4152,58,0
4153,57,0
4154,57,0
4155,58,0
4156,56,0
4157,58,0
4158,55,0
4159,55,0
4160,55,0
4161,56,0
4162,54,0
4163,56,0
4164,55,0
4165,56,0
4166,58,0
4167,56,0
4168,57,0
4169,55,0
4170,57,0
4171,56,0
4172,56,0
4173,56,0
4174,55,0
4175,57,0
4176,55,0
4177,56,0
4178,56,0
4179,56,0
4180,55,0
4181,57,0
4182,59,0
4183,56,0
4184,58,0
4185,56,0
4186,58,0
4187,55,0
4188,56,0
4189,56,0
4190,56,0
4191,57,0
4192,59,0
4193,55,0
4194,56,0
4195,56,0
4196,58,0
4197,57,0
4198,55,0
4199,57,0
4200,58,0
4201,56,0
4202,56,0
4203,79,0
4204,58,0
4205,57,0
4206,56,0
4207,56,0
4208,55,0
4209,56,0
4210,54,0
4211,56,0
4212,57,0
4213,56,0
4214,54,0
4215,56,0
4216,55,0
4217,57,0
4218,58,0
4219,56,0
4220,55,0
4221,57,0
4222,58,0
4223,56,0
4224,56,0
4225,57,0
4226,54,0
4227,56,0
4228,59,0
4229,55,0
4230,56,0
4231,58,0
4232,55,0
4233,57,0
4234,57,0
4235,58,0
4236,58,0
4237,59,0
4238,57,0
4239,57,0
4240,56,0
4241,58,0
4242,57,0
4243,59,0
4244,55,0
4245,56,0
4246,56,0
4247,55,0
4248,57,0
4249,58,0
4250,56,0
4251,58,0
4252,59,0
4253,56,0
4254,56,0
4255,55,0
4256,57,0
4257,55,0
4258,58,0
4259,58,0
4260,57,0
4261,59,0
4262,56,0
4263,56,0
4264,56,0
4265,55,0
4266,57,0
4267,56,0
4268,58,0
4269,56,0
4270,59,0
4271,55,0
4272,57,0
4273,56,0
4274,56,0
4275,58,0
4276,57,0
4277,56,0
4278,56,0
4279,59,0
4280,55,0
4281,59,0
4282,56,0
4283,56,0
4284,54,0
4285,55,0
4286,57,0
4287,59,0
4288,58,0
4289,56,0
4290,58,0
4291,57,0
4292,55,0
4293,58,0
4294,54,0
4295,58,0
4296,57,0
4297,57,0
4298,56,0
4299,56,0
4300,56,0
4301,56,0
4302,56,0
4303,56,0
4304,56,0
4305,59,0
4306,55,0
4307,57,0
4308,56,0
4309,56,0
4310,56,0
4311,57,0
4312,59,0
4313,55,0
4314,58,0
4315,56,0
4316,57,0
4317,57,0
4318,57,0
4319,58,0
4320,54,0
4321,56,0
4322,55,0
4323,59,0
4324,55,0
4325,56,0
4326,58,0
4327,57,0
4328,59,0
4329,56,0
4330,56,0
4331,56,0
4332,55,0
4333,57,0
4334,56,0
4335,56,0
4336,56,0
4337,57,0
4338,57,0
4339,55,0
4340,56,0
4341,58,0
4342,56,0
4343,55,0
4344,55,0
4345,56,0
4346,56,0
4347,58,0
4348,57,0
4349,59,0
4350,58,0
4351,56,0
4352,57,0
4353,59,0
4354,56,0
4355,56,0
4356,55,0
4357,59,0
4358,55,0
4359,56,0
4360,56,0
4361,56,0
4362,55,0
4363,57,0
4364,57,0
4365,56,0
4366,58,0
4367,55,0
4368,59,0
4369,57,0
4370,56,0
4371,54,0
4372,56,0
4373,55,0
4374,57,0
4375,56,0
4376,58,0
4377,55,0
4378,55,0
4379,56,0
4380,54,0
4381,58,0
4382,59,0
4383,57,0
4384,56,0
4385,58,0
4386,57,0
4387,57,0
4388,56,0
4389,56,0
4390,56,0
4391,57,0
4392,59,0
4393,58,0
4394,56,0
4395,54,0
4396,55,0
4397,57,0
4398,56,0
4399,58,0
4400,56,0
4401,57,0
4402,59,0
4403,56,0
4404,59,0
4405,57,0
4406,58,0
4407,56,0
4408,58,0
4409,57,0
4410,55,0
4411,58,0
4412,56,0
4413,56,0
4414,57,0
4415,55,0
4416,55,0
4417,58,0
4418,58,0
4419,59,0
4420,55,0
4421,56,0
4422,56,0
4423,56,0
4424,55,0
4425,59,0
4426,56,0
4427,56,0
4428,59,0
4429,57,0
4430,56,0
4431,56,0
4432,58,0
4433,55,0
4434,59,0
4435,58,0
4436,58,0
4437,56,0
4438,57,0
4439,59,0
4440,59,0
4441,58,0
4442,56,0
4443,56,0
4444,57,0
4445,55,0
4446,54,0
4447,58,0
4448,59,0
4449,57,0
4450,57,0
4451,54,0
4452,56,0
4453,56,0
4454,57,0
4455,56,0
4456,56,0
4457,54,0
4458,57,0
4459,55,0
4460,59,0
4461,56,0
4462,58,0
4463,56,0
4464,59,0
4465,55,0
4466,57,0
4467,54,0
4468,56,0
4469,56,0
4470,59,0
4471,57,0
4472,55,0
4473,56,0
4474,56,0
4475,56,0
4476,57,0
4477,57,0
4478,56,0
4479,55,0
4480,59,0
4481,55,0
4482,58,0
4483,56,0
4484,56,0
4485,57,0
4486,57,0
4487,55,0
4488,56,0
4489,56,0
4490,56,0
4491,55,0
4492,57,0
4493,57,0
4494,58,0
4495,56,0
4496,58,0
4497,55,0
4498,55,0
4499,56,0
4500,56,0
4501,55,0
4502,57,0
4503,56,0
4504,58,0
4505,56,0
4506,55,0
4507,59,0
4508,56,0
4509,56,0
4510,56,0
4511,55,0
4512,59,0
4513,56,0
4514,58,0
4515,56,0
4516,57,0
4517,57,0
4518,58,0
4519,56,0
4520,56,0
4521,55,0
4522,57,0
4523,56,0
4524,56,0
4525,59,0
4526,57,0
4527,56,0
4528,54,0
4529,56,0
4530,57,0
4531,59,0
4532,56,0
4533,56,0
4534,58,0
4535,57,0
4536,57,0
4537,57,0
4538,56,0
4539,58,0
4540,56,0
4541,57,0
4542,57,0
4543,56,0
4544,58,0
4545,57,0
4546,57,0
4547,56,0
4548,56,0
4549,55,0
4550,57,0
4551,56,0
4552,58,0
4553,56,0
4554,57,0
4555,57,0
4556,57,0
4557,58,0
4558,56,0
4559,58,0
4560,59,0
4561,57,0
4562,56,0
4563,56,0
4564,56,0
4565,55,0
4566,57,0
4567,57,0
4568,54,0
4569,58,0
4570,56,0
4571,57,0
4572,57,0
4573,56,0
4574,56,0
4575,55,0
4576,57,0
4577,59,0
4578,54,0
4579,54,0
4580,56,0
4581,55,0
4582,57,0
4583,56,0
4584,56,0
4585,56,0
4586,57,0
4587,57,0
4588,59,0
4589,56,0
4590,58,0
4591,58,0
4592,55,0
4593,57,0
4594,56,0
4595,56,0
4596,56,0
4597,57,0
4598,56,0
4599,58,0
4600,56,0
4601,57,0
4602,55,0
4603,58,0
4604,56,0
4605,56,0
4606,57,0
4607,55,0
4608,56,0
4609,54,0
4610,56,0
4611,55,0
4612,57,0
4613,57,0
4614,56,0
4615,54,0
4616,56,0
4617,55,0
4618,55,0
4619,56,0
4620,58,0
4621,57,0
4622,59,0
4623,59,0
4624,58,0
4625,56,0
4626,58,0
4627,57,0
4628,57,0
4629,56,0
4630,58,0
4631,58,0
4632,56,0
4633,55,0
4634,56,0
4635,56,0
4636,56,0
4637,55,0
4638,57,0
4639,57,0
4640,58,0
4641,56,0
4642,56,0
4643,57,0
4644,57,0
4645,58,0
4646,55,0
4647,59,0
4648,56,0
4649,56,0
4650,56,0
4651,57,0
4652,57,0
4653,56,0
4654,56,0
4655,56,0
4656,57,0
4657,55,0
4658,57,0
4659,58,0
4660,56,0
4661,58,0
4662,57,0
4663,57,0
4664,54,0
4665,56,0
4666,56,0
4667,57,0
4668,59,0
4669,58,0
4670,59,0
4671,59,0
4672,56,0
4673,58,0
4674,56,0
4675,57,0
4676,55,0
4677,59,0
4678,58,0
4679,58,0
4680,57,0
4681,57,0
4682,55,0
4683,56,0
4684,56,0
4685,57,0
4686,59,0
4687,56,0
4688,56,0
4689,56,0
4690,55,0
4691,59,0
4692,56,0
4693,56,0
4694,59,0
4695,57,0
4696,54,0
4697,58,0
4698,56,0
4699,57,0
4700,55,0
4701,59,0
4702,58,0
4703,58,0
4704,55,0
4705,55,0
4706,56,0
4707,56,0
4708,58,0
4709,55,0
4710,55,0
4711,56,0
4712,58,0
4713,58,0
4714,59,0
4715,57,0
4716,56,0
4717,56,0
4718,55,0
4719,57,0
4720,56,0
4721,58,0
4722,54,0
4723,57,0
4724,59,0
4725,58,0
4726,56,0
4727,56,0
4728,55,0
4729,59,0
4730,57,0
4731,56,0
4732,56,0
4733,57,0
4734,59,0
4735,59,0
4736,58,0
4737,58,0
4738,56,0
4739,57,0
4740,55,0
4741,58,0
4742,56,0
4743,57,0
4744,59,0
4745,56,0
4746,54,0
4747,56,0
4748,59,0
4749,57,0
4750,56,0
4751,58,0
4752,56,0
4753,55,0
4754,57,0
4755,55,0
4756,56,0
4757,54,0
4758,58,0
4759,55,0
4760,57,0
4761,56,0
4762,58,0
4763,56,0
4764,57,0
4765,56,0
4766,56,0
4767,56,0
4768,59,0
4769,55,0
4770,59,0
4771,54,0
4772,56,0
4773,56,0
4774,55,0
4775,59,0
4776,57,0
4777,56,0
4778,56,0
4779,56,0
4780,57,0
4781,57,0
4782,55,0
4783,54,0
4784,58,0
4785,56,0
4786,55,0
4787,55,0
4788,56,0
4789,59,0
4790,57,0
4791,59,0
4792,56,0
4793,56,0
4794,59,0
4795,55,0
4796,55,0
4797,56,0
4798,58,0
4799,59,0
4800,59,0
4801,55,0
4802,58,0
4803,56,0
4804,58,0
4805,59,0
4806,57,0
4807,56,0
4808,56,0
4809,56,0
4810,57,0
4811,57,0
4812,58,0
4813,59,0
4814,59,0
4815,55,0
4816,54,0
4817,56,0
4818,57,0
4819,57,0
4820,59,0
4821,58,0
4822,58,0
4823,56,0
4824,55,0
4825,55,0
4826,58,0
4827,58,0
4828,55,0
4829,55,0
4830,57,0
4831,58,0
4832,56,0
4833,57,0
4834,57,0
4835,55,0
4836,56,0
4837,56,0
4838,58,0
4839,58,0
4840,56,0
4841,58,0
4842,55,0
4843,57,0
4844,56,0
4845,58,0
4846,58,0
4847,55,0
4848,55,0
4849,58,0
4850,58,0
4851,58,0
4852,57,0
4853,59,0
4854,58,0
4855,56,0
4856,56,0
4857,59,0
4858,55,0
4859,56,0
4860,56,0
4861,58,0
4862,57,0
4863,56,0
4864,54,0
4865,56,0
4866,57,0
4867,55,0
4868,56,0
4869,56,0
4870,56,0
4871,59,0
4872,55,0
4873,56,0
4874,56,0
4875,56,0
4876,57,0
4877,59,0
4878,55,0
4879,56,0
4880,56,0
4881,59,0
4882,59,0
4883,59,0
4884,58,0
4885,58,0
4886,56,0
4887,54,0
4888,56,0
4889,59,0
4890,57,0
4891,55,0
4892,56,0
4893,56,0
4894,58,0
4895,57,0
4896,57,0
4897,56,0
4898,54,0
4899,56,0
4900,55,0
4901,55,0
4902,54,0
4903,54,0
4904,54,0
4905,55,0
4906,57,0
4907,57,0
4908,56,0
4909,56,0
4910,55,0
4911,56,0
4912,54,0
4913,56,0
4914,58,0
4915,57,0
4916,59,0
4917,54,0
4918,58,0
4919,56,0
4920,57,0
4921,57,0
4922,57,0
4923,54,0
4924,58,0
4925,56,0
4926,59,0
4927,55,0
4928,58,0
4929,58,0
4930,54,0
4931,59,0
4932,55,0
4933,59,0
4934,58,0
4935,59,0
4936,59,0
4937,56,0
4938,58,0
4939,54,0
4940,59,0
4941,57,0
4942,56,0
4943,54,0
4944,56,0
4945,56,0
4946,59,0
4947,57,0
4948,58,0
4949,56,0
4950,59,0
4951,55,0
4952,56,0
4953,54,0
4954,56,0
4955,59,0
4956,55,0
4957,56,0
4958,56,0
4959,57,0
4960,56,0
4961,56,0
4962,56,0
4963,55,0
4964,55,0
4965,56,0
4966,56,0
4967,59,0
4968,55,0
4969,57,0
4970,58,0
4971,58,0
4972,55,0
4973,55,0
4974,57,0
4975,58,0
4976,56,0
4977,55,0
4978,55,0
4979,56,0
4980,58,0
4981,58,0
4982,55,0
4983,55,0
4984,58,0
4985,55,0
4986,57,0
4987,55,0
4988,56,0
4989,56,0
4990,58,0
4991,57,0
4992,55,0
4993,56,0
4994,58,0
4995,56,0
4996,55,0
4997,59,0
4998,56,0
4999,56,0
5000,56,0
5001,59,0
5002,59,0
5003,58,0
5004,58,0
5005,56,0
5006,57,0
5007,57,0
5008,54,0
5009,55,0
5010,55,0
5011,57,0
5012,56,0
5013,56,0
5014,57,0
5015,55,0
5016,59,0
5017,56,0
5018,56,0
5019,57,0
5020,59,0
5021,56,0
5022,58,0
5023,59,0
5024,58,0
5025,56,0
5026,57,0
5027,55,0
5028,56,0
5029,54,0
5030,57,0
5031,57,0
5032,56,0
5033,58,0
5034,56,0
5035,56,0
5036,59,0
5037,57,0
5038,58,0
5039,56,0
5040,58,0
5041,56,0
5042,57,0
5043,55,0
5044,57,0
5045,56,0
5046,59,0
5047,55,0
5048,57,0
5049,56,0
5050,56,0
5051,54,0
5052,58,0
5053,57,0
5054,57,0
5055,57,0
5056,56,0
5057,58,0
5058,56,0
5059,57,0
5060,57,0
5061,57,0
5062,54,0
5063,56,0
5064,56,0
5065,55,0
5066,55,0
5067,57,0
5068,56,0
5069,58,0
5070,55,0
5071,57,0
5072,56,0
5073,54,0
5074,56,0
5075,57,0
5076,55,0
5077,56,0
5078,56,0
5079,58,0
5080,59,0
5081,57,0
5082,55,0
5083,58,0
5084,54,0
5085,56,0
5086,57,0
5087,59,0
5088,57,0
5089,58,0
5090,58,0
5091,54,0
5092,55,0
5093,55,0
5094,56,0
5095,56,0
5096,59,0
5097,59,0
5098,58,0
5099,54,0
5100,58,0
5101,56,0
5102,57,0
5103,57,0
5104,56,0
5105,56,0
5106,56,0
5107,55,0
5108,55,0
5109,56,0
5110,56,0
5111,56,0
5112,57,0
5113,57,0
5114,56,0
5115,56,0
5116,56,0
5117,59,0
5118,55,0
5119,57,0
5120,56,0
5121,56,0
5122,59,0
5123,56,0
5124,56,0
5125,56,0
5126,58,0
5127,55,0
5128,55,0
5129,57,0
5130,58,0
5131,56,0
5132,58,0
5133,55,0
5134,57,0
5135,56,0
5136,58,0
5137,56,0
5138,57,0
5139,55,0
5140,56,0
5141,56,0
5142,58,0
5143,56,0
5144,57,0
5145,55,0
5146,58,0
5147,58,0
5148,59,0
5149,57,0
5150,56,0
5151,56,0
5152,56,0
5153,57,0
5154,59,0
5155,55,0
5156,58,0
5157,58,0
5158,56,0
5159,57,0
5160,57,0
5161,56,0
5162,56,0
5163,56,0
5164,55,0
5165,55,0
5166,57,0
5167,54,0
5168,56,0
5169,56,0
5170,59,0
5171,55,0
5172,56,0
5173,56,0
5174,55,0
5175,59,0
5176,59,0
5177,54,0
5178,56,0
5179,58,0
5180,57,0
5181,57,0
5182,59,0
5183,56,0
5184,56,0
5185,56,0
5186,57,0
5187,57,0
5188,57,0
5189,54,0
5190,56,0
5191,56,0
5192,55,0
5193,59,0
5194,55,0
5195,56,0
5196,54,0
5197,56,0
5198,57,0
5199,57,0
5200,54,0
5201,56,0
5202,59,0
5203,55,0
5204,59,0
5205,56,0
5206,56,0
5207,56,0
5208,57,0
5209,57,0
5210,56,0
5211,56,0
5212,54,0
5213,56,0
5214,57,0
5215,55,0
5216,58,0
5217,54,0
5218,56,0
5219,59,0
5220,59,0
5221,57,0
5222,56,0
5223,56,0
5224,56,0
5225,57,0
5226,56,0
5227,54,0
5228,58,0
5229,56,0
5230,59,0
5231,55,0
5232,56,0
5233,56,0
5234,58,0
5235,56,0
5236,57,0
5237,55,0
5238,56,0
5239,56,0
5240,56,0
5241,55,0
5242,57,0
5243,57,0
5244,56,0
5245,56,0
5246,58,0
5247,57,0
5248,59,0
5249,57,0
5250,58,0
5251,56,0
5252,59,0
5253,57,0
5254,58,0
5255,56,0
5256,58,0
5257,59,0
5258,59,0
5259,55,0
5260,56,0
5261,56,0
5262,57,0
5263,59,0
5264,55,0
5265,56,0
5266,58,0
5267,58,0
5268,55,0
5269,55,0
5270,57,0
5271,56,0
5272,56,0
5273,58,0
5274,55,0
5275,57,0
5276,57,0
5277,56,0
5278,57,0
5279,57,0
5280,58,0
5281,56,0
5282,58,0
5283,57,0
5284,57,0
5285,59,0
5286,56,0
5287,54,0
5288,58,0
5289,55,0
5290,57,0
5291,59,0
5292,56,0
5293,56,0
5294,58,0
5295,59,0
5296,59,0
5297,55,0
5298,56,0
5299,56,0
5300,58,0
5301,57,0
5302,57,0
5303,56,0
5304,57,0
5305,55,0
5306,57,0
5307,56,0
5308,58,0
5309,56,0
5310,56,0
5311,57,0
5312,57,0
5313,54,0
5314,56,0
5315,56,0
5316,57,0
5317,55,0
5318,57,0
5319,56,0
5320,56,0
5321,56,0
5322,55,0
5323,55,0
5324,56,0
5325,54,0
5326,56,0
5327,55,0
5328,57,0
5329,57,0
5330,54,0
5331,55,0
5332,57,0
5333,55,0
5334,58,0
5335,56,0
5336,56,0
5337,56,0
5338,55,0
5339,55,0
5340,57,0
5341,58,0
5342,56,0
5343,54,0
5344,59,0
5345,55,0
5346,57,0
5347,56,0
5348,56,0
5349,58,0
5350,57,0
5351,55,0
5352,57,0
5353,56,0
5354,56,0
5355,59,0
5356,55,0
5357,54,0
5358,58,0
5359,56,0
5360,56,0
5361,57,0
5362,57,0
5363,55,0
5364,56,0
5365,56,0
5366,54,0
5367,59,0
5368,59,0
5369,59,0
5370,56,0
5371,58,0
5372,56,0
5373,57,0
5374,57,0
5375,56,0
5376,58,0
5377,56,0
5378,54,0
5379,59,0
5380,57,0
5381,58,0
5382,56,0
5383,58,0
5384,57,0
5385,55,0
5386,56,0
5387,58,0
5388,54,0
5389,56,0
5390,55,0
5391,57,0
5392,56,0
5393,54,0
5394,56,0
5395,55,0
5396,57,0
5397,55,0
5398,56,0
5399,56,0
5400,56,0
5401,59,0
5402,57,0
5403,56,0
5404,58,0
5405,58,0
5406,57,0
5407,56,0
5408,56,0
5409,58,0
5410,56,0
5411,57,0
5412,57,0
5413,57,0
5414,56,0
5415,54,0
5416,55,0
5417,57,0
5418,55,0
5419,56,0
5420,56,0
5421,56,0
5422,55,0
5423,57,0
5424,56,0
5425,56,0
5426,56,0
5427,59,0
5428,57,0
5429,57,0
5430,58,0
5431,58,0
5432,56,0
5433,57,0
5434,54,0
5435,56,0
5436,56,0
5437,55,0
5438,55,0
5439,56,0
5440,56,0
5441,54,0
5442,55,0
5443,59,0
5444,55,0
5445,58,0
5446,56,0
5447,58,0
5448,59,0
5449,57,0
5450,59,0
5451,56,0
5452,56,0
5453,58,0
5454,57,0
5455,57,0
5456,55,0
5457,56,0
5458,56,0
5459,59,0
5460,58,0
5461,56,0
5462,56,0
5463,54,0
5464,57,0
5465,59,0
5466,57,0
5467,56,0
5468,56,0
5469,56,0
5470,56,0
5471,55,0
5472,57,0
5473,57,0
5474,56,0
5475,58,0
5476,56,0
5477,57,0
5478,55,0
5479,59,0
5480,54,0
5481,58,0
5482,56,0
5483,57,0
5484,55,0
5485,56,0
5486,54,0
5487,56,0
5488,57,0
5489,55,0
5490,55,0
5491,56,0
5492,58,0
5493,56,0
5494,59,0
5495,55,0
5496,57,0
5497,56,0
5498,54,0
5499,56,0
5500,57,0
5501,55,0
5502,56,0
5503,56,0
5504,56,0
5505,56,0
5506,57,0
5507,57,0
5508,56,0
5509,59,0
5510,57,0
5511,57,0
5512,56,0
5513,54,0
5514,56,0
5515,58,0
5516,59,0
5517,59,0
5518,56,0
5519,56,0
5520,56,0
5521,56,0
5522,55,0
5523,55,0
5524,57,0
5525,56,0
5526,54,0
5527,56,0
5528,56,0
5529,57,0
5530,55,0
5531,58,0
5532,54,0
5533,57,0
5534,57,0
5535,55,0
5536,58,0
5537,58,0
5538,54,0
5539,59,0
5540,59,0
5541,56,0
5542,56,0
5543,58,0
5544,55,0
5545,59,0
5546,56,0
5547,58,0
5548,58,0
5549,55,0
5550,55,0
5551,55,0
5552,58,0
5553,58,0
5554,55,0
5555,57,0
5556,57,0
5557,58,0
5558,56,0
5559,55,0
5560,57,0
5561,58,0
5562,56,0
5563,59,0
5564,55,0
5565,59,0
5566,58,0
5567,56,0
5568,58,0
5569,57,0
5570,57,0
5571,57,0
5572,56,0
5573,58,0
5574,56,0
5575,59,0
5576,57,0
5577,59,0
5578,56,0
5579,58,0
5580,58,0
5581,55,0
5582,59,0
5583,59,0
5584,56,0
5585,59,0
5586,57,0
5587,56,0
5588,56,0
5589,54,0
5590,56,0
5591,59,0
5592,55,0
5593,58,0
5594,54,0
5595,58,0
5596,57,0
5597,57,0
5598,59,0
5599,56,0
5600,54,0
5601,56,0
5602,56,0
5603,57,0
5604,59,0
5605,56,0
5606,56,0
5607,54,0
5608,55,0
5609,55,0
5610,55,0
5611,56,0
5612,57,0
5613,55,0
5614,55,0
5615,56,0
5616,56,0
5617,56,0
5618,55,0
5619,55,0
5620,57,0
5621,56,0
5622,56,0
5623,58,0
5624,55,0
5625,59,0
5626,56,0
5627,58,0
5628,56,0
5629,55,0
5630,57,0
5631,55,0
5632,56,0
5633,58,0
5634,56,0
5635,59,0
5636,55,0
5637,56,0
5638,54,0
5639,58,0
5640,55,0
5641,57,0
5642,59,0
5643,58,0
5644,56,0
5645,58,0
5646,57,0
5647,55,0
5648,57,0
5649,56,0
5650,56,0
5651,54,0
5652,55,0
5653,55,0
5654,56,0
5655,58,0
5656,56,0
5657,57,0
5658,59,0
5659,55,0
5660,54,0
5661,56,0
5662,56,0
5663,59,0
5664,56,0
5665,56,0
5666,56,0
5667,58,0
5668,57,0
5669,59,0
5670,56,0
5671,56,0
5672,56,0
5673,57,0
5674,55,0
5675,59,0
5676,56,0
5677,58,0
5678,56,0
5679,55,0
5680,59,0
5681,56,0
5682,56,0
5683,56,0
5684,55,0
5685,55,0
5686,59,0
5687,56,0
5688,56,0
5689,55,0
5690,55,0
5691,58,0
5692,58,0
5693,56,0
5694,55,0
5695,55,0
5696,54,0
5697,56,0
5698,54,0
5699,59,0
5700,59,0
5701,56,0
5702,54,0
5703,58,0
5704,55,0
5705,57,0
5706,56,0
5707,58,0
5708,56,0
5709,59,0
5710,57,0
5711,56,0
5712,56,0
5713,56,0
5714,55,0
5715,58,0
5716,56,0
5717,56,0
5718,55,0
5719,57,0
5720,59,0
5721,58,0
5722,54,0
5723,59,0
5724,55,0
5725,55,0
5726,54,0
5727,56,0
5728,56,0
5729,57,0
5730,55,0
5731,56,0
5732,56,0
5733,58,0
5734,55,0
5735,59,0
5736,56,0
5737,58,0
5738,56,0
5739,58,0
5740,56,0
5741,58,0
5742,58,0
5743,56,0
5744,55,0
5745,59,0
5746,58,0
5747,56,0
5748,58,0
5749,56,0
5750,59,0
5751,55,0
5752,57,0
5753,56,0
5754,56,0
5755,56,0
5756,59,0
5757,57,0
5758,59,0
5759,58,0
5760,56,0
5761,56,0
5762,59,0
5763,57,0
5764,56,0
5765,54,0
5766,57,0
5767,57,0
5768,55,0
5769,56,0
5770,56,0
5771,54,0
5772,57,0
5773,55,0
5774,57,0
5775,56,0
5776,54,0
5777,56,0
5778,59,0
5779,55,0
5780,59,0
5781,56,0
5782,58,0
5783,56,0
5784,59,0
5785,57,0
5786,55,0
5787,57,0
5788,54,0
5789,58,0
5790,57,0
5791,57,0
5792,58,0
5793,54,0
5794,58,0
5795,55,0
5796,57,0
5797,59,0
5798,56,0
5799,56,0
5800,59,0
5801,55,0
5802,55,0
5803,54,0
5804,56,0
5805,56,0
5806,59,0
5807,59,0
5808,56,0
5809,56,0
5810,58,0
5811,55,0
5812,55,0
5813,56,0
5814,57,0
5815,59,0
5816,55,0
5817,56,0
5818,56,0
5819,58,0
5820,55,0
5821,59,0
5822,57,0
5823,56,0
5824,58,0
5825,56,0
5826,59,0
5827,57,0
5828,59,0
5829,56,0
5830,58,0
5831,56,0
5832,57,0
5833,57,0
5834,56,0
5835,56,0
5836,58,0
5837,59,0
5838,58,0
5839,58,0
5840,57,0
5841,57,0
5842,58,0
5843,58,0
5844,56,0
5845,57,0
5846,56,0
5847,58,0
5848,57,0
5849,57,0
5850,56,0
5851,56,0
5852,56,0
5853,59,0
5854,57,0
5855,56,0
5856,59,0
5857,57,0
5858,56,0
5859,56,0
5860,56,0
5861,57,0
5862,56,0
5863,56,0
5864,58,0
5865,55,0
5866,57,0
5867,54,0
5868,58,0
5869,56,0
5870,55,0
5871,59,0
5872,56,0
5873,54,0
5874,56,0
5875,55,0
5876,59,0
5877,56,0
5878,56,0
5879,55,0
5880,58,0
5881,56,0
5882,55,0
5883,55,0
5884,59,0
5885,54,0
5886,56,0
5887,55,0
5888,59,0
5889,57,0
5890,56,0
5891,54,0
5892,59,0
5893,55,0
5894,55,0
5895,56,0
5896,56,0
5897,57,0
5898,57,0
5899,57,0
5900,56,0
5901,54,0
5902,59,0
5903,55,0
5904,56,0
5905,56,0
5906,57,0
5907,55,0
5908,58,0
5909,56,0
5910,56,0
5911,59,0
5912,57,0
5913,56,0
5914,56,0
5915,55,0
5916,59,0
5917,59,0
5918,56,0
5919,56,0
5920,57,0
5921,55,0
5922,59,0
5923,56,0
5924,56,0
5925,59,0
5926,57,0
5927,56,0
5928,58,0
5929,57,0
5930,59,0
5931,56,0
5932,58,0
5933,56,0
5934,57,0
5935,59,0
5936,56,0
5937,56,0
5938,58,0
5939,57,0
5940,57,0
5941,56,0
5942,56,0
5943,56,0
5944,57,0
5945,55,0
5946,56,0
5947,58,0
5948,57,0
5949,55,0
5950,58,0
5951,56,0
5952,57,0
5953,55,0
5954,56,0
5955,56,0
5956,57,0
5957,59,0
5958,57,0
5959,54,0
5960,58,0
5961,57,0
5962,55,0
5963,56,0
5964,56,0
5965,56,0
5966,55,0
5967,57,0
5968,58,0
5969,54,0
5970,56,0
5971,57,0
5972,59,0
5973,54,0
5974,56,0
5975,55,0
5976,56,0
5977,56,0
5978,56,0
5979,57,0
5980,57,0
5981,58,0
5982,58,0
5983,57,0
5984,55,0
5985,56,0
5986,56,0
5987,56,0
5988,55,0
5989,57,0
5990,58,0
5991,56,0
5992,55,0
5993,57,0
5994,56,0
5995,54,0
5996,56,0
5997,57,0
5998,55,0
5999,56,0
6000,59,0
6001,55,0
6002,58,0
6003,56,0
6004,59,0
6005,55,0
6006,55,0
6007,56,0
6008,58,0
6009,55,0
6010,55,0
6011,56,0
6012,58,0
6013,57,0
6014,57,0
6015,56,0
6016,56,0
6017,58,0
6018,57,0
6019,59,0
6020,58,0
6021,54,0
6022,59,0
6023,55,0
6024,58,0
6025,56,0
6026,59,0
6027,55,0
6028,58,0
6029,56,0
6030,59,0
6031,55,0
6032,59,0
6033,54,0
6034,56,0
6035,55,0
6036,57,0
6037,56,0
6038,58,0
6039,56,0
6040,57,0
6041,55,0
6042,58,0
6043,56,0
6044,57,0
6045,59,0
6046,59,0
6047,56,0
6048,57,0
6049,57,0
6050,56,0
6051,54,0
6052,59,0
6053,57,0
6054,55,0
6055,58,0
6056,54,0
6057,57,0
6058,55,0
6059,56,0
6060,56,0
6061,58,0
6062,57,0
6063,55,0
6064,56,0
6065,58,0
6066,56,0
6067,59,0
6068,57,0
6069,56,0
6070,58,0
6071,56,0
6072,57,0
6073,56,0
6074,56,0
6075,55,0
6076,55,0
6077,56,0
6078,56,0
6079,54,0
6080,59,0
6081,57,0
6082,56,0
6083,58,0
6084,56,0
6085,55,0
6086,55,0
6087,56,0
6088,58,0
6089,56,0
6090,57,0
6091,57,0
6092,56,0
6093,56,0
6094,58,0
6095,59,0
6096,58,0
6097,56,0
6098,55,0
6099,57,0
6100,58,0
6101,56,0
6102,56,0
6103,57,0
6104,55,0
6105,56,0
6106,58,0
6107,56,0
6108,59,0
6109,55,0
6110,58,0
6111,56,0
6112,55,0
6113,57,0
6114,56,0
6115,56,0
6116,56,0
6117,57,0
6118,57,0
6119,56,0
6120,59,0
6121,55,0
6122,56,0
6123,58,0
6124,58,0
6125,55,0
6126,57,0
6127,56,0
6128,58,0
6129,57,0
6130,57,0
6131,56,0
6132,58,0
6133,56,0
6134,59,0
6135,55,0
6136,58,0
6137,58,0
6138,59,0
6139,57,0
6140,58,0
6141,56,0
6142,58,0
6143,57,0
6144,56,0
6145,58,0
6146,57,0
6147,55,0
6148,58,0
6149,56,0
6150,57,0
6151,55,0
6152,56,0
6153,56,0
6154,56,0
6155,55,0
6156,55,0
6157,56,0
6158,56,0
6159,57,0
6160,59,0
6161,57,0
6162,58,0
6163,58,0
6164,57,0
6165,59,0
6166,56,0
6167,56,0
6168,57,0
6169,55,0
6170,58,0
6171,56,0
6172,59,0
6173,55,0
6174,58,0
6175,56,0
6176,56,0
6177,55,0
6178,59,0
6179,58,0
6180,54,0
6181,55,0
6182,55,0
6183,59,0
6184,58,0
6185,56,0
6186,59,0
6187,57,0
6188,59,0
6189,58,0
6190,56,0
6191,55,0
6192,56,0
6193,54,0
6194,54,0
6195,59,0
6196,57,0
6197,55,0
6198,54,0
6199,54,0
6200,57,0
6201,57,0
6202,58,0
6203,54,0
6204,56,0
6205,59,0
6206,59,0
6207,56,0
6208,56,0
6209,54,0
6210,57,0
6211,59,0
6212,57,0
6213,54,0
6214,58,0
6215,59,0
6216,58,0
6217,56,0
6218,56,0
6219,55,0
6220,59,0
6221,56,0
6222,56,0
6223,56,0
6224,55,0
6225,57,0
6226,56,0
6227,58,0
6228,57,0
6229,57,0
6230,55,0
6231,58,0
6232,56,0
6233,57,0
6234,57,0
6235,56,0
6236,58,0
6237,56,0
6238,57,0
6239,57,0
6240,58,0
6241,55,0
6242,57,0
6243,56,0
6244,56,0
6245,54,0
6246,59,0
6247,55,0
6248,56,0
6249,58,0
6250,58,0
6251,59,0
6252,59,0
6253,56,0
6254,58,0
6255,56,0
6256,59,0
6257,55,0
6258,56,0
6259,54,0
6260,55,0
6261,57,0
6262,56,0
6263,56,0
6264,55,0
6265,56,0
6266,58,0
6267,57,0
6268,57,0
6269,56,0
6270,54,0
6271,56,0
6272,59,0
6273,55,0
6274,58,0
6275,56,0
6276,57,0
6277,55,0
6278,57,0
6279,56,0
6280,58,0
6281,55,0
6282,55,0
6283,56,0
6284,58,0
6285,59,0
6286,59,0
6287,54,0
6288,57,0
6289,57,0
6290,56,0
6291,56,0
6292,56,0
6293,55,0
6294,59,0
6295,56,0
6296,56,0
6297,57,0
6298,57,0
6299,56,0
6300,56,0
6301,56,0
6302,59,0
6303,59,0
6304,58,0
6305,58,0
6306,56,0
6307,55,0
6308,57,0
6309,56,0
6310,58,0
6311,55,0
6312,56,0
6313,56,0
6314,55,0
6315,57,0
6316,58,0
6317,54,0
6318,56,0
6319,57,0
6320,57,0
6321,56,0
6322,56,0
6323,55,0
6324,59,0
6325,56,0
6326,58,0
6327,56,0
6328,59,0
6329,55,0
6330,56,0
6331,56,0
6332,58,0
6333,55,0
6334,57,0
6335,54,0
6336,59,0
6337,57,0
6338,58,0
6339,56,0
6340,57,0
6341,57,0
6342,57,0
6343,56,0
6344,56,0
6345,57,0
6346,57,0
6347,56,0
6348,56,0
6349,56,0
6350,57,0
6351,57,0
6352,56,0
6353,56,0
6354,54,0
6355,57,0
6356,57,0
6357,56,0
6358,56,0
6359,56,0
6360,58,0
6361,56,0
6362,58,0
6363,55,0
6364,57,0
6365,54,0
6366,58,0
6367,79,0
6368,59,0
6369,54,0
6370,55,0
6371,58,0
6372,56,0
6373,59,0
6374,55,0
6375,54,0
6376,54,0
6377,55,0
6378,55,0
6379,56,0
6380,54,0
6381,56,0
6382,57,0
6383,57,0
6384,56,0
6385,56,0
6386,55,0
6387,59,0
6388,56,0
6389,54,0
6390,57,0
6391,55,0
6392,56,0
6393,55,0
6394,56,0
6395,56,0
6396,55,0
6397,59,0
6398,56,0
6399,58,0
6400,57,0
6401,55,0
6402,55,0
6403,56,0
6404,56,0
6405,56,0
6406,55,0
6407,59,0
6408,56,0
6409,58,0
6410,57,0
6411,59,0
6412,56,0
6413,58,0
6414,58,0
6415,55,0
6416,57,0
6417,59,0
6418,58,0
6419,57,0
6420,55,0
6421,56,0
6422,58,0
6423,54,0
6424,55,0
6425,57,0
6426,56,0
6427,54,0
6428,58,0
6429,57,0
6430,57,0
6431,56,0
6432,58,0
6433,56,0
6434,57,0
6435,57,0
6436,57,0
6437,56,0
6438,56,0
6439,56,0
6440,57,0
6441,58,0
6442,58,0
6443,55,0
6444,55,0
6445,57,0
6446,54,0
6447,56,0
6448,56,0
6449,57,0
6450,55,0
6451,56,0
6452,58,0
6453,56,0
6454,57,0
6455,55,0
6456,58,0
6457,58,0
6458,54,0
6459,55,0
6460,57,0
6461,57,0
6462,56,0
6463,58,0
6464,57,0
6465,58,0
6466,56,0
6467,56,0
6468,57,0
6469,55,0
6470,55,0
6471,56,0
6472,56,0
6473,56,0
6474,55,0
6475,55,0
6476,56,0
6477,58,0
6478,56,0
6479,59,0
6480,59,0
6481,56,0
6482,56,0
6483,56,0
6484,57,0
6485,55,0
6486,59,0
6487,54,0
6488,54,0
6489,57,0
6490,56,0
6491,58,0
6492,56,0
6493,56,0
6494,57,0
6495,55,0
6496,56,0
6497,58,0
6498,56,0
6499,55,0
6500,57,0
6501,57,0
6502,56,0
6503,56,0
6504,56,0
6505,57,0
6506,57,0
6507,56,0
6508,56,0
6509,56,0
6510,56,0
6511,55,0
6512,59,0
6513,54,0
6514,54,0
6515,57,0
6516,61,0
6517,56,0
6518,54,0
6519,56,0
6520,55,0
6521,55,0
6522,56,0
6523,56,0
6524,58,0
6525,55,0
6526,55,0
6527,57,0
6528,58,0
6529,56,0
6530,58,0
6531,55,0
6532,57,0
6533,56,0
6534,58,0
6535,56,0
6536,57,0
6537,56,0
6538,56,0
6539,56,0
6540,55,0
6541,57,0
6542,55,0
6543,56,0
6544,58,0
6545,56,0
6546,55,0
6547,59,0
6548,58,0
6549,56,0
6550,56,0
6551,55,0
6552,57,0
6553,56,0
6554,56,0
6555,58,0
6556,57,0
6557,57,0
6558,55,0
6559,56,0
6560,57,0
6561,57,0
6562,58,0
6563,56,0
6564,54,0
6565,55,0
6566,57,0
6567,55,0
6568,58,0
6569,56,0
6570,56,0
6571,57,0
6572,55,0
6573,56,0
6574,56,0
6575,56,0
6576,57,0
6577,57,0
6578,56,0
6579,56,0
6580,59,0
6581,55,0
6582,58,0
6583,56,0
6584,57,0
6585,59,0
6586,54,0
6587,54,0
6588,55,0
6589,55,0
6590,55,0
6591,56,0
6592,58,0
6593,59,0
6594,57,0
6595,56,0
6596,58,0
6597,56,0
6598,57,0
6599,55,0
6600,56,0
6601,56,0
6602,56,0
6603,59,0
6604,57,0
6605,54,0
6606,58,0
6607,59,0
6608,56,0
6609,58,0
6610,56,0
6611,57,0
6612,55,0
6613,56,0
6614,54,0
6615,56,0
6616,55,0
6617,55,0
6618,56,0
6619,58,0
6620,56,0
6621,55,0
6622,59,0
6623,56,0
6624,56,0
6625,57,0
6626,59,0
6627,57,0
6628,56,0
6629,58,0
6630,55,0
6631,57,0
6632,56,0
6633,54,0
6634,59,0
6635,57,0
6636,58,0
6637,54,0
6638,56,0
6639,55,0
6640,55,0
6641,55,0
6642,54,0
6643,56,0
6644,56,0
6645,55,0
6646,59,0
6647,56,0
6648,56,0
6649,56,0
6650,55,0
6651,55,0
6652,56,0
6653,56,0
6654,55,0
6655,57,0
6656,56,0
6657,56,0
6658,56,0
6659,56,0
6660,55,0
6661,85,0
6662,57,0
6663,56,0
6664,57,0
6665,55,0
6666,56,0
6667,56,0
6668,55,0
6669,55,0
6670,56,0
6671,56,0
6672,56,0
6673,55,0
6674,57,0
6675,56,0
6676,56,0
6677,56,0
6678,57,0
6679,55,0
6680,57,0
6681,58,0
6682,58,0
6683,55,0
6684,59,0
6685,58,0
6686,59,0
6687,57,0
6688,56,0
6689,56,0
6690,57,0
6691,59,0
6692,58,0
6693,58,0
6694,55,0
6695,57,0
6696,56,0
6697,56,0
6698,56,0
6699,55,0
6700,55,0
6701,58,0
6702,58,0
6703,58,0
6704,59,0
6705,55,0
6706,56,0
6707,58,0
6708,56,0
6709,59,0
6710,56,0
6711,58,0
6712,55,0
6713,57,0
6714,56,0
6715,58,0
6716,56,0
6717,59,0
6718,59,0
6719,56,0
6720,56,0
6721,59,0
6722,55,0
6723,56,0
6724,56,0
6725,57,0
6726,59,0
6727,57,0
6728,56,0
6729,58,0
6730,56,0
6731,57,0
6732,55,0
6733,58,0
6734,56,0
6735,56,0
6736,56,0
6737,56,0
6738,59,0
6739,55,0
6740,55,0
6741,58,0
6742,58,0
6743,57,0
6744,55,0
6745,57,0
6746,56,0
6747,54,0
6748,57,0
6749,55,0
6750,56,0
6751,56,0
6752,58,0
6753,57,0
6754,57,0
6755,56,0
6756,58,0
6757,58,0
6758,55,0
6759,59,0
6760,58,0
6761,55,0
6762,57,0
6763,56,0
6764,58,0
6765,56,0
6766,59,0
6767,55,0
6768,58,0
6769,54,0
6770,56,0
6771,55,0
6772,59,0
6773,56,0
6774,58,0
6775,59,0
6776,59,0
6777,56,0
6778,56,0
6779,56,0
6780,59,0
6781,57,0
6782,56,0
6783,56,0
6784,57,0
6785,58,0
6786,54,0
6787,59,0
6788,55,0
6789,56,0
6790,56,0
6791,56,0
6792,55,0
6793,59,0
6794,56,0
6795,56,0
6796,55,0
6797,59,0
6798,56,0
6799,54,0
6800,56,0
6801,57,0
6802,59,0
6803,58,0
6804,58,0
6805,59,0
6806,56,0
6807,56,0
6808,56,0
6809,57,0
6810,56,0
6811,54,0
6812,57,0
6813,57,0
6814,58,0
6815,56,0
6816,55,0
6817,57,0
6818,56,0
6819,56,0
6820,57,0
6821,55,0
6822,58,0
6823,56,0
6824,55,0
6825,59,0
6826,56,0
6827,58,0
6828,57,0
6829,59,0
6830,56,0
6831,56,0
6832,58,0
6833,57,0
6834,59,0
6835,58,0
6836,57,0
6837,59,0
6838,58,0
6839,58,0
6840,55,0
6841,55,0
6842,54,0
6843,58,0
6844,57,0
6845,55,0
6846,55,0
6847,54,0
6848,58,0
6849,57,0
6850,57,0
6851,58,0
6852,56,0
6853,55,0
6854,55,0
6855,56,0
6856,56,0
6857,59,0
6858,55,0
6859,56,0
6860,59,0
6861,57,0
6862,56,0
6863,58,0
6864,56,0
6865,57,0
6866,57,0
6867,56,0
6868,56,0
6869,57,0
6870,57,0
6871,56,0
6872,56,0
6873,56,0
6874,57,0
6875,59,0
6876,58,0
6877,56,0
6878,57,0
6879,55,0
6880,54,0
6881,56,0
6882,55,0
6883,58,0
6884,54,0
6885,57,0
6886,57,0
6887,59,0
6888,56,0
6889,56,0
6890,55,0
6891,59,0
6892,56,0
6893,54,0
6894,56,0
6895,55,0
6896,57,0
6897,56,0
6898,58,0
6899,56,0
6900,59,0
6901,59,0
6902,56,0
6903,56,0
6904,57,0
6905,57,0
6906,54,0
6907,56,0
6908,55,0
6909,56,0
6910,58,0
6911,56,0
6912,59,0
6913,55,0
6914,56,0
6915,58,0
6916,59,0
6917,59,0
6918,56,0
6919,56,0
6920,57,0
6921,57,0
6922,56,0
6923,58,0
6924,56,0
6925,57,0
6926,57,0
6927,56,0
6928,54,0
6929,55,0
6930,57,0
6931,59,0
6932,56,0
6933,57,0
6934,56,0
6935,56,0
6936,56,0
6937,55,0
6938,59,0
6939,56,0
6940,56,0
6941,58,0
6942,59,0
6943,56,0
6944,56,0
6945,54,0
6946,57,0
6947,55,0
6948,58,0
6949,58,0
6950,55,0
6951,55,0
6952,54,0
6953,56,0
6954,57,0
6955,57,0
6956,56,0
6957,56,0
6958,57,0
6959,55,0
6960,56,0
6961,58,0
6962,57,0
6963,59,0
6964,58,0
6965,56,0
6966,55,0
6967,55,0
6968,58,0
6969,58,0
6970,57,0
6971,55,0
6972,57,0
6973,56,0
6974,54,0
6975,55,0
6976,55,0
6977,56,0
6978,58,0
6979,58,0
6980,58,0
6981,58,0
6982,57,0
6983,56,0
6984,56,0
6985,56,0
6986,57,0
6987,56,0
6988,56,0
6989,56,0
6990,55,0
6991,59,0
6992,58,0
6993,58,0
6994,57,0
6995,59,0
6996,58,0
6997,58,0
6998,55,0
6999,59,0
7000,56,0
7001,58,0
7002,56,0
7003,57,0
7004,56,0
7005,58,0
7006,57,0
7007,57,0
7008,56,0
7009,58,0
7010,59,0
7011,55,0
7012,58,0
7013,58,0
7014,55,0
7015,55,0
7016,56,0
7017,54,0
7018,57,0
7019,57,0
7020,58,0
7021,56,0
7022,54,0
7023,59,0
7024,57,0
7025,56,0
7026,56,0
7027,57,0
7028,59,0
7029,58,0
7030,56,0
7031,55,0
7032,57,0
7033,54,0
7034,58,0
7035,58,0
7036,55,0
7037,59,0
7038,56,0
7039,56,0
7040,57,0
7041,57,0
7042,57,0
7043,54,0
7044,56,0
7045,56,0
7046,59,0
7047,56,0
7048,56,0
7049,58,0
7050,55,0
7051,56,0
7052,54,0
7053,57,0
7054,57,0
7055,55,0
7056,56,0
7057,56,0
7058,55,0
7059,59,0
7060,56,0
7061,56,0
7062,57,0
7063,55,0
7064,56,0
7065,56,0
7066,58,0
7067,57,0
7068,59,0
7069,56,0
7070,54,0
7071,57,0
7072,57,0
7073,55,0
7074,58,0
7075,55,0
7076,59,0
7077,56,0
7078,56,0
7079,55,0
7080,57,0
7081,58,0
7082,56,0
7083,54,0
7084,55,0
7085,57,0
7086,58,0
7087,58,0
7088,57,0
7089,57,0
7090,55,0
7091,58,0
7092,56,0
7093,59,0
7094,59,0
7095,56,0
7096,56,0
7097,59,0
7098,55,0
7099,58,0
7100,59,0
7101,57,0
7102,58,0
7103,56,0
7104,56,0
7105,55,0
7106,59,0
7107,56,0
7108,58,0
7109,55,0
7110,57,0
7111,56,0
7112,56,0
7113,55,0
7114,59,0
7115,56,0
7116,56,0
7117,56,0
7118,57,0
7119,59,0
7120,58,0
7121,56,0
7122,57,0
7123,57,0
7124,56,0
7125,56,0
7126,55,0
7127,57,0
7128,58,0
7129,58,0
7130,59,0
7131,57,0
7132,56,0
7133,56,0
7134,55,0
7135,55,0
7136,58,0
7137,56,0
7138,55,0
7139,55,0
7140,56,0
7141,56,0
7142,57,0
7143,57,0
7144,56,0
7145,58,0
7146,55,0
7147,57,0
7148,56,0
7149,57,0
7150,59,0
7151,56,0
7152,56,0
7153,59,0
7154,55,0
7155,56,0
7156,56,0
7157,57,0
7158,59,0
7159,58,0
7160,58,0
7161,59,0
7162,59,0
7163,58,0
7164,56,0
7165,55,0
7166,55,0
7167,56,0
7168,56,0
7169,57,0
7170,55,0
7171,54,0
7172,58,0
7173,55,0
7174,58,0
7175,58,0
7176,57,0
7177,57,0
7178,56,0
7179,54,0
7180,56,0
7181,59,0
7182,57,0
7183,58,0
7184,58,0
7185,59,0
7186,55,0
7187,56,0
7188,58,0
7189,55,0
7190,59,0
7191,58,0
7192,56,0
7193,57,0
7194,59,0
7195,56,0
7196,55,0
7197,57,0
7198,56,0
7199,58,0
7200,55,0
7201,57,0
7202,56,0
7203,56,0
7204,59,0
7205,57,0
7206,57,0
7207,56,0
7208,58,0
7209,57,0
7210,57,0
7211,58,0
7212,58,0
7213,55,0
7214,59,0
7215,56,0
7216,54,0
7217,58,0
7218,59,0
7219,56,0
7220,58,0
7221,55,0
7222,56,0
7223,56,0
7224,56,0
7225,55,0
7226,55,0
7227,59,0
7228,56,0
7229,54,0
7230,56,0
7231,59,0
7232,55,0
7233,56,0
7234,54,0
7235,58,0
7236,57,0
7237,59,0
7238,56,0
7239,56,0
7240,58,0
7241,57,0
7242,59,0
7243,57,0
7244,56,0
7245,59,0
7246,59,0
7247,58,0
7248,56,0
7249,56,0
7250,57,0
7251,57,0
7252,56,0
7253,56,0
7254,56,0
7255,59,0
7256,57,0
7257,56,0
7258,54,0
7259,58,0
7260,57,0
7261,59,0
7262,56,0
7263,56,0
7264,54,0
7265,59,0
7266,55,0
7267,58,0
7268,54,0
7269,57,0
7270,57,0
7271,56,0
7272,54,0
7273,59,0
7274,57,0
7275,56,0
7276,56,0
7277,56,0
7278,57,0
7279,56,0
7280,56,0
7281,58,0
7282,55,0
7283,56,0
7284,56,0
7285,58,0
7286,57,0
7287,58,0
7288,56,0
7289,58,0
7290,59,0
7291,59,0
7292,54,0
7293,56,0
7294,57,0
7295,58,0
7296,58,0
7297,57,0
7298,55,0
7299,58,0
7300,58,0
7301,59,0
7302,57,0
7303,58,0
7304,58,0
7305,57,0
7306,59,0
7307,58,0
7308,58,0
7309,55,0
7310,55,0
7311,56,0
7312,56,0
7313,59,0
7314,59,0
7315,58,0
7316,54,0
7317,57,0
7318,55,0
7319,56,0
7320,55,0
7321,57,0
7322,56,0
7323,56,0
7324,59,0
7325,55,0
7326,57,0
7327,56,0
7328,58,0
7329,59,0
7330,55,0
7331,56,0
7332,58,0
7333,59,0
7334,57,0
7335,58,0
7336,56,0
7337,59,0
7338,59,0
7339,58,0
7340,56,0
7341,59,0
7342,57,0
7343,58,0
7344,57,0
7345,55,0
7346,54,0
7347,54,0
7348,58,0
7349,55,0
7350,57,0
7351,58,0
7352,58,0
7353,56,0
7354,55,0
7355,56,0
7356,56,0
7357,58,0
7358,59,0
7359,55,0
7360,56,0
7361,56,0
7362,55,0
7363,55,0
7364,56,0
7365,56,0
7366,57,0
7367,55,0
7368,57,0
7369,56,0
7370,57,0
7371,57,0
7372,58,0
7373,56,0
7374,57,0
7375,55,0
7376,56,0
7377,56,0
7378,56,0
7379,57,0
7380,59,0
7381,54,0
7382,56,0
7383,55,0
7384,57,0
7385,56,0
7386,58,0
7387,58,0
7388,55,0
7389,59,0
7390,56,0
7391,56,0
7392,59,0
7393,58,0
7394,56,0
7395,56,0
7396,57,0
7397,59,0
7398,56,0
7399,56,0
7400,57,0
7401,57,0
7402,57,0
7403,58,0
7404,56,0
7405,57,0
7406,57,0
7407,56,0
7408,56,0
7409,55,0
7410,57,0
7411,57,0
7412,58,0
7413,56,0
7414,55,0
7415,55,0
7416,56,0
7417,56,0
7418,59,0
7419,56,0
7420,56,0
7421,59,0
7422,55,0
7423,56,0
7424,56,0
7425,56,0
7426,57,0
7427,57,0
7428,58,0
7429,56,0
7430,55,0
7431,59,0
7432,56,0
7433,56,0
7434,56,0
7435,59,0
7436,55,0
7437,56,0
7438,58,0
7439,55,0
7440,59,0
7441,56,0
7442,57,0
7443,59,0
7444,58,0
7445,58,0
7446,58,0
7447,55,0
7448,56,0
7449,56,0
7450,56,0
7451,57,0
7452,57,0
7453,56,0
7454,58,0
7455,59,0
7456,56,0
7457,56,0
7458,56,0
7459,57,0
7460,57,0
7461,56,0
7462,56,0
7463,59,0
7464,57,0
7465,56,0
7466,56,0
7467,55,0
7468,56,0
7469,56,0
7470,58,0
7471,57,0
7472,57,0
7473,58,0
7474,58,0
7475,56,0
7476,59,0
7477,56,0
7478,58,0
7479,56,0
7480,83,0
7481,55,0
7482,56,0
7483,56,0
7484,57,0
7485,57,0
7486,58,0
7487,56,0
7488,56,0
7489,57,0
7490,57,0
7491,56,0
7492,54,0
7493,56,0
7494,59,0
7495,59,0
7496,58,0
7497,56,0
7498,58,0
7499,57,0
7500,57,0
7501,55,0
7502,58,0
7503,56,0
7504,56,0
7505,57,0
7506,55,0
7507,55,0
7508,59,0
7509,56,0
7510,55,0
7511,57,0
7512,54,0
7513,54,0
7514,54,0
7515,57,0
7516,57,0
7517,56,0
7518,56,0
7519,56,0
7520,57,0
7521,55,0
7522,56,0
7523,58,0
7524,56,0
7525,59,0
7526,57,0
7527,57,0
7528,54,0
7529,54,0
7530,56,0
7531,56,0
7532,59,0
7533,57,0
7534,58,0
7535,56,0
7536,59,0
7537,55,0
7538,58,0
7539,56,0
7540,56,0
7541,57,0
7542,55,0
7543,56,0
7544,58,0
7545,56,0
7546,56,0
7547,57,0
7548,55,0
7549,58,0
7550,56,0
7551,58,0
7552,57,0
7553,59,0
7554,58,0
7555,56,0
7556,54,0
7557,59,0
7558,55,0
7559,55,0
7560,56,0
7561,56,0
7562,57,0
7563,57,0
7564,57,0
7565,56,0
7566,56,0
7567,56,0
7568,55,0
7569,57,0
7570,56,0
7571,56,0
7572,56,0
7573,55,0
7574,57,0
7575,56,0
7576,59,0
7577,55,0
7578,58,0
7579,56,0
7580,58,0
7581,55,0
7582,59,0
7583,54,0
7584,56,0
7585,58,0
7586,59,0
7587,55,0
7588,56,0
7589,56,0
7590,58,0
7591,55,0
7592,55,0
7593,54,0
7594,58,0
7595,56,0
7596,57,0
7597,57,0
7598,55,0
7599,56,0
7600,57,0
7601,55,0
7602,58,0
7603,58,0
7604,58,0
7605,57,0
7606,57,0
7607,56,0
7608,58,0
7609,56,0
7610,57,0
7611,55,0
7612,59,0
7613,56,0
7614,58,0
7615,56,0
7616,59,0
7617,55,0
7618,56,0
7619,56,0
7620,56,0
7621,55,0
7622,57,0
7623,56,0
7624,58,0
7625,56,0
7626,55,0
7627,56,0
7628,56,0
7629,54,0
7630,57,0
7631,55,0
7632,55,0
7633,56,0
7634,58,0
7635,58,0
7636,59,0
7637,57,0
7638,56,0
7639,56,0
7640,58,0
7641,56,0
7642,57,0
7643,55,0
7644,56,0
7645,56,0
7646,56,0
7647,55,0
7648,57,0
7649,55,0
7650,59,0
7651,57,0
7652,55,0
7653,56,0
7654,58,0
7655,56,0
7656,57,0
7657,55,0
7658,57,0
7659,56,0
7660,58,0
7661,59,0
7662,57,0
7663,57,0
7664,56,0
7665,56,0
7666,56,0
7667,57,0
7668,55,0
7669,57,0
7670,56,0
7671,56,0
7672,58,0
7673,57,0
7674,57,0
7675,56,0
7676,56,0
7677,56,0
7678,59,0
7679,59,0
7680,59,0
7681,56,0
7682,56,0
7683,56,0
7684,59,0
7685,55,0
7686,58,0
7687,56,0
7688,58,0
7689,59,0
7690,58,0
7691,56,0
7692,58,0
7693,57,0
7694,57,0
7695,56,0
7696,56,0
7697,58,0
7698,58,0
7699,55,0
7700,57,0
7701,56,0
7702,58,0
7703,56,0
7704,59,0
7705,55,0
7706,56,0
7707,54,0
7708,58,0
7709,57,0
7710,57,0
7711,57,0
7712,56,0
7713,56,0
7714,55,0
7715,56,0
7716,56,0
7717,56,0
7718,55,0
7719,57,0
7720,56,0
7721,56,0
7722,56,0
7723,55,0
7724,57,0
7725,55,0
7726,56,0
7727,58,0
7728,57,0
7729,57,0
7730,59,0
7731,58,0
7732,56,0
7733,57,0
7734,59,0
7735,55,0
7736,58,0
7737,56,0
7738,55,0
7739,56,0
7740,58,0
7741,56,0
7742,59,0
7743,57,0
7744,59,0
7745,56,0
7746,54,0
7747,56,0
7748,57,0
7749,55,0
7750,58,0
7751,58,0
7752,56,0
7753,55,0
7754,55,0
7755,56,0
7756,56,0
7757,56,0
7758,59,0
7759,55,0
7760,57,0
7761,56,0
7762,55,0
7763,55,0
7764,56,0
7765,56,0
7766,56,0
7767,59,0
7768,59,0
7769,56,0
7770,56,0
7771,54,0
7772,59,0
7773,57,0
7774,59,0
7775,58,0
7776,56,0
7777,56,0
7778,55,0
7779,55,0
7780,56,0
7781,58,0
7782,54,0
7783,57,0
7784,57,0
7785,56,0
7786,56,0
7787,59,0
7788,57,0
7789,58,0
7790,54,0
7791,58,0
7792,57,0
7793,55,0
7794,59,0
7795,56,0
7796,56,0
7797,58,0
7798,56,0
7799,57,0
7800,59,0
7801,55,0
7802,54,0
7803,56,0
7804,56,0
7805,57,0
7806,57,0
7807,55,0
7808,56,0
7809,58,0
7810,54,0
7811,55,0
7812,59,0
7813,56,0
7814,54,0
7815,56,0
7816,59,0
7817,57,0
7818,57,0
7819,56,0
7820,56,0
7821,56,0
7822,56,0
7823,55,0
7824,55,0
7825,56,0
7826,56,0
7827,56,0
7828,56,0
7829,57,0
7830,59,0
7831,56,0
7832,58,0
7833,56,0
7834,55,0
7835,56,0
7836,56,0
7837,56,0
7838,57,0
7839,55,0
7840,57,0
7841,56,0
7842,56,0
7843,58,0
7844,55,0
7845,59,0
7846,54,0
7847,56,0
7848,56,0
7849,56,0
7850,55,0
7851,55,0
7852,57,0
7853,56,0
7854,56,0
7855,56,0
7856,56,0
7857,59,0
7858,57,0
7859,56,0
7860,58,0
7861,57,0
7862,57,0
7863,57,0
7864,56,0
7865,56,0
7866,56,0
7867,57,0
7868,57,0
7869,57,0
7870,56,0
7871,56,0
7872,56,0
7873,57,0
7874,55,0
7875,57,0
7876,56,0
7877,58,0
7878,56,0
7879,59,0
7880,55,0
7881,57,0
7882,58,0
7883,55,0
7884,57,0
7885,57,0
7886,58,0
7887,54,0
7888,58,0
7889,57,0
7890,59,0
7891,56,0
7892,58,0
7893,56,0
7894,56,0
7895,57,0
7896,57,0
7897,56,0
7898,58,0
7899,56,0
7900,59,0
7901,55,0
7902,59,0
7903,58,0
7904,54,0
7905,58,0
7906,59,0
7907,55,0
7908,59,0
7909,54,0
7910,56,0
7911,57,0
7912,57,0
7913,59,0
7914,56,0
7915,56,0
7916,56,0
7917,56,0
7918,55,0
7919,55,0
7920,56,0
7921,56,0
7922,56,0
7923,56,0
7924,55,0
7925,57,0
7926,55,0
7927,58,0
7928,56,0
7929,58,0
7930,57,0
7931,55,0
7932,55,0
7933,56,0
7934,56,0
7935,57,0
7936,59,0
7937,56,0
7938,56,0
7939,56,0
7940,54,0
7941,57,0
7942,57,0
7943,57,0
7944,56,0
7945,56,0
7946,58,0
7947,57,0
7948,59,0
7949,55,0
7950,56,0
7951,56,0
7952,58,0
7953,56,0
7954,57,0
7955,55,0
7956,55,0
7957,56,0
7958,56,0
7959,55,0
7960,55,0
7961,55,0
7962,56,0
7963,56,0
7964,56,0
7965,56,0
7966,55,0
7967,55,0
7968,57,0
7969,58,0
7970,54,0
7971,58,0
7972,57,0
7973,57,0
7974,57,0
7975,58,0
7976,58,0
7977,58,0
7978,55,0
7979,57,0
7980,57,0
7981,58,0
7982,56,0
7983,56,0
7984,55,0
7985,55,0
7986,58,0
7987,54,0
7988,58,0
7989,55,0
7990,59,0
7991,55,0
7992,58,0
7993,56,0
7994,54,0
7995,55,0
7996,57,0
7997,57,0
7998,58,0
7999,56,0
8000,58,0
8001,55,0
8002,59,0
8003,57,0
8004,58,0
8005,56,0
8006,56,0
8007,55,0
8008,56,0
8009,56,0
8010,56,0
8011,57,0
8012,59,0
8013,57,0
8014,56,0
8015,56,0
8016,58,0
8017,56,0
8018,59,0
8019,55,0
8020,58,0
8021,56,0
8022,56,0
8023,57,0
8024,57,0
8025,57,0
8026,58,0
8027,54,0
8028,58,0
8029,57,0
8030,59,0
8031,57,0
8032,56,0
8033,59,0
8034,55,0
8035,55,0
8036,56,0
8037,56,0
8038,54,0
8039,58,0
8040,57,0
8041,57,0
8042,56,0
8043,58,0
8044,56,0
8045,58,0
8046,55,0
8047,59,0
8048,55,0
8049,54,0
8050,58,0
8051,56,0
8052,57,0
8053,55,0
8054,56,0
8055,54,0
8056,58,0
8057,57,0
8058,57,0
8059,55,0
8060,56,0
8061,56,0
8062,58,0
8063,59,0
8064,57,0
8065,56,0
8066,56,0
8067,56,0
8068,57,0
8069,55,0
8070,57,0
8071,56,0
8072,58,0
8073,54,0
8074,56,0
8075,57,0
8076,55,0
8077,56,0
8078,58,0
8079,58,0
8080,58,0
8081,57,0
8082,54,0
8083,58,0
8084,56,0
8085,55,0
8086,55,0
8087,57,0
8088,54,0
8089,56,0
8090,54,0
8091,57,0
8092,55,0
8093,57,0
8094,56,0
8095,56,0
8096,54,0
8097,56,0
8098,55,0
8099,57,0
8100,57,0
8101,58,0
8102,56,0
8103,58,0
8104,55,0
8105,55,0
8106,55,0
8107,56,0
8108,58,0
8109,55,0
8110,57,0
8111,56,0
8112,56,0
8113,56,0
8114,56,0
8115,59,0
8116,57,0
8117,55,0
8118,56,0
8119,54,0
8120,56,0
8121,55,0
8122,57,0
8123,55,0
8124,58,0
8125,56,0
8126,54,0
8127,59,0
8128,57,0
8129,55,0
8130,56,0
8131,58,0
8132,56,0
8133,59,0
8134,55,0
8135,56,0
8136,56,0
8137,56,0
8138,55,0
8139,57,0
8140,55,0
8141,56,0
8142,56,0
8143,56,0
8144,55,0
8145,59,0
8146,57,0
8147,56,0
8148,56,0
8149,56,0
8150,59,0
8151,57,0
8152,57,0
8153,56,0
8154,58,0
8155,55,0
8156,55,0
8157,55,0
8158,56,0
8159,56,0
8160,58,0
8161,55,0
8162,57,0
8163,57,0
8164,58,0
8165,56,0
8166,56,0
8167,55,0
8168,55,0
8169,56,0
8170,54,0
8171,56,0
8172,59,0
8173,55,0
8174,59,0
8175,56,0
8176,58,0
8177,57,0
8178,57,0
8179,56,0
8180,56,0
8181,58,0
8182,55,0
8183,55,0
8184,57,0
8185,58,0
8186,58,0
8187,58,0
8188,57,0
8189,57,0
8190,56,0
8191,58,0
8192,56,0
8193,56,0
8194,57,0
8195,55,0
8196,55,0
8197,56,0
8198,56,0
8199,58,0
8200,57,0
8201,55,0
8202,56,0
8203,54,0
8204,55,0
8205,59,0
8206,56,0
8207,58,0
8208,58,0
8209,57,0
8210,55,0
8211,55,0
8212,58,0
8213,58,0
8214,58,0
8215,56,0
8216,59,0
8217,59,0
8218,56,0
8219,56,0
8220,58,0
8221,56,0
8222,55,0
8223,55,0
8224,56,0
8225,56,0
8226,55,0
8227,59,0
8228,59,0
8229,54,0
8230,58,0
8231,58,0
8232,57,0
8233,55,0
8234,56,0
8235,56,0
8236,58,0
8237,56,0
8238,55,0
8239,57,0
8240,57,0
8241,56,0
8242,54,0
8243,58,0
8244,57,0
8245,59,0
8246,59,0
8247,56,0
8248,56,0
8249,59,0
8250,55,0
8251,56,0
8252,56,0
8253,54,0
8254,55,0
8255,57,0
8256,55,0
8257,56,0
8258,56,0
8259,54,0
8260,58,0
8261,59,0
8262,55,0
8263,55,0
8264,54,0
8265,58,0
8266,58,0
8267,55,0
8268,55,0
8269,59,0
8270,54,0
8271,58,0
8272,56,0
8273,57,0
8274,57,0
8275,57,0
8276,58,0
8277,58,0
8278,58,0
8279,57,0
8280,59,0
8281,56,0
8282,58,0
8283,58,0
8284,56,0
8285,55,0
8286,59,0
8287,55,0
8288,56,0
8289,54,0
8290,58,0
8291,54,0
8292,59,0
8293,55,0
8294,56,0
8295,58,0
8296,54,0
8297,56,0
8298,59,0
8299,56,0
8300,55,0
8301,58,0
8302,57,0
8303,55,0
8304,56,0
8305,58,0
8306,56,0
8307,55,0
8308,57,0
8309,58,0
8310,56,0
8311,57,0
8312,57,0
8313,56,0
8314,56,0
8315,58,0
8316,57,0
8317,57,0
8318,56,0
8319,56,0
8320,57,0
8321,59,0
8322,56,0
8323,59,0
8324,59,0
8325,56,0
8326,54,0
8327,56,0
8328,57,0
8329,59,0
8330,56,0
8331,56,0
8332,55,0
8333,55,0
8334,59,0
8335,58,0
8336,58,0
8337,55,0
8338,57,0
8339,56,0
8340,56,0
8341,58,0
8342,57,0
8343,55,0
8344,56,0
8345,58,0
8346,57,0
8347,58,0
8348,56,0
8349,54,0
8350,57,0
8351,55,0
8352,54,0
8353,56,0
8354,56,0
8355,57,0
8356,56,0
8357,56,0
8358,58,0
8359,55,0
8360,57,0
8361,57,0
8362,58,0
8363,56,0
8364,59,0
8365,55,0
8366,57,0
8367,58,0
8368,54,0
8369,57,0
8370,56,0
8371,56,0
8372,56,0
8373,57,0
8374,55,0
8375,57,0
8376,56,0
8377,56,0
8378,57,0
8379,57,0
8380,55,0
8381,58,0
8382,54,0
8383,56,0
8384,57,0
8385,55,0
8386,54,0
8387,58,0
8388,56,0
8389,57,0
8390,57,0
8391,57,0
8392,56,0
8393,55,0
8394,57,0
8395,59,0
8396,54,0
8397,56,0
8398,56,0
8399,57,0
8400,57,0
8401,54,0
8402,56,0
8403,56,0
8404,55,0
8405,55,0
8406,56,0
8407,56,0
8408,56,0
8409,59,0
8410,57,0
8411,55,0
8412,56,0
8413,54,0
8414,57,0
8415,55,0
8416,54,0
8417,58,0
8418,59,0
8419,55,0
8420,59,0
8421,56,0
8422,56,0
8423,58,0
8424,57,0
8425,57,0
8426,56,0
8427,56,0
8428,56,0
8429,55,0
8430,59,0
8431,57,0
8432,56,0
8433,58,0
8434,56,0
8435,57,0
8436,55,0
8437,56,0
8438,58,0
8439,56,0
8440,55,0
8441,56,0
8442,58,0
8443,55,0
8444,57,0
8445,56,0
8446,58,0
8447,58,0
8448,57,0
8449,57,0
8450,56,0
8451,56,0
8452,55,0
8453,57,0
8454,56,0
8455,58,0
8456,56,0
8457,55,0
8458,57,0
8459,58,0
8460,56,0
8461,55,0
8462,57,0
8463,56,0
8464,58,0
8465,57,0
8466,57,0
8467,56,0
8468,56,0
8469,57,0
8470,57,0
8471,56,0
8472,58,0
8473,56,0
8474,55,0
8475,57,0
8476,58,0
8477,58,0
8478,56,0
8479,55,0
8480,55,0
8481,56,0
8482,58,0
8483,56,0
8484,57,0
8485,57,0
8486,56,0
8487,55,0
8488,59,0
8489,56,0
8490,56,0
8491,56,0
8492,59,0
8493,55,0
8494,56,0
8495,58,0
8496,58,0
8497,59,0
8498,57,0
8499,56,0
8500,56,0
8501,56,0
8502,57,0
8503,55,0
8504,58,0
8505,56,0
8506,56,0
8507,57,0
8508,57,0
8509,56,0
8510,57,0
8511,55,0
8512,57,0
8513,56,0
8514,58,0
8515,57,0
8516,55,0
8517,57,0
8518,56,0
8519,58,0
8520,56,0
8521,55,0
8522,59,0
8523,58,0
8524,56,0
8525,56,0
8526,55,0
8527,55,0
8528,55,0
8529,56,0
8530,56,0
8531,56,0
8532,55,0
8533,55,0
8534,54,0
8535,58,0
8536,57,0
8537,55,0
8538,57,0
8539,56,0
8540,56,0
8541,56,0
8542,57,0
8543,57,0
8544,58,0
8545,56,0
8546,56,0
8547,55,0
8548,55,0
8549,56,0
8550,58,0
8551,56,0
8552,55,0
8553,57,0
8554,57,0
8555,58,0
8556,58,0
8557,55,0
8558,56,0
8559,56,0
8560,58,0
8561,55,0
8562,59,0
8563,56,0
8564,56,0
8565,56,0
8566,57,0
8567,57,0
8568,55,0
8569,58,0
8570,56,0
8571,55,0
8572,59,0
8573,55,0
8574,56,0
8575,56,0
8576,56,0
8577,57,0
8578,59,0
8579,58,0
8580,59,0
8581,59,0
8582,56,0
8583,56,0
8584,56,0
8585,59,0
8586,57,0
8587,58,0
8588,58,0
8589,56,0
8590,55,0
8591,55,0
8592,58,0
8593,56,0
8594,58,0
8595,57,0
8596,57,0
8597,56,0
8598,58,0
8599,56,0
8600,59,0
8601,55,0
8602,58,0
8603,57,0
8604,55,0
8605,56,0
8606,56,0
8607,58,0
8608,57,0
8609,57,0
8610,56,0
8611,56,0
8612,56,0
8613,55,0
8614,55,0
8615,56,0
8616,56,0
8617,55,0
8618,59,0
8619,57,0
8620,56,0
8621,58,0
8622,58,0
8623,55,0
8624,57,0
8625,59,0
8626,56,0
8627,59,0
8628,55,0
8629,56,0
8630,58,0
8631,54,0
8632,55,0
8633,57,0
8634,56,0
8635,56,0
8636,56,0
8637,55,0
8638,55,0
8639,59,0
8640,54,0
8641,54,0
8642,55,0
8643,55,0
8644,57,0
8645,58,0
8646,58,0
8647,56,0
8648,57,0
8649,58,0
8650,56,0
8651,57,0
8652,57,0
8653,55,0
8654,54,0
8655,56,0
8656,55,0
8657,57,0
8658,56,0
8659,54,0
8660,56,0
8661,55,0
8662,57,0
8663,55,0
8664,58,0
8665,56,0
8666,56,0
8667,57,0
8668,57,0
8669,58,0
8670,54,0
8671,56,0
8672,55,0
8673,58,0
8674,54,0
8675,57,0
8676,55,0
8677,57,0
8678,56,0
8679,56,0
8680,56,0
8681,55,0
8682,57,0
8683,54,0
8684,56,0
8685,58,0
8686,57,0
8687,57,0
8688,56,0
8689,56,0
8690,56,0
8691,55,0
8692,59,0
8693,58,0
8694,56,0
8695,57,0
8696,57,0
8697,56,0
8698,54,0
8699,57,0
8700,55,0
8701,57,0
8702,56,0
8703,56,0
8704,55,0
8705,55,0
8706,54,0
8707,56,0
8708,56,0
8709,55,0
8710,55,0
8711,58,0
8712,56,0
8713,58,0
8714,55,0
8715,57,0
8716,56,0
8717,56,0
8718,55,0
8719,56,0
8720,56,0
8721,56,0
8722,55,0
8723,59,0
8724,58,0
8725,56,0
8726,56,0
8727,55,0
8728,59,0
8729,56,0
8730,58,0
8731,56,0
8732,57,0
8733,55,0
8734,58,0
8735,56,0
8736,56,0
8737,57,0
8738,57,0
8739,56,0
8740,58,0
8741,55,0
8742,57,0
8743,58,0
8744,56,0
8745,55,0
8746,57,0
8747,56,0
8748,56,0
8749,55,0
8750,57,0
8751,58,0
8752,58,0
8753,56,0
8754,55,0
8755,57,0
8756,56,0
8757,56,0
8758,54,0
8759,57,0
8760,55,0
8761,57,0
8762,56,0
8763,58,0
8764,57,0
8765,55,0
8766,56,0
8767,57,0
8768,59,0
8769,56,0
8770,56,0
8771,56,0
8772,57,0
8773,57,0
8774,56,0
8775,56,0
8776,56,0
8777,57,0
8778,57,0
8779,58,0
8780,58,0
8781,55,0
8782,57,0
8783,55,0
8784,56,0
8785,56,0
8786,59,0
8787,57,0
8788,56,0
8789,56,0
8790,57,0
8791,59,0
8792,56,0
8793,58,0
8794,56,0
8795,57,0
8796,57,0
8797,59,0
8798,56,0
8799,54,0
8800,57,0
8801,59,0
8802,57,0
8803,54,0
8804,54,0
8805,56,0
8806,55,0
8807,57,0
8808,56,0
8809,56,0
8810,56,0
8811,55,0
8812,57,0
8813,56,0
8814,56,0
8815,57,0
8816,55,0
8817,59,0
8818,54,0
8819,56,0
8820,55,0
8821,57,0
8822,55,0
8823,58,0
8824,56,0
8825,56,0
8826,57,0
8827,59,0
8828,56,0
8829,56,0
8830,54,0
8831,59,0
8832,55,0
8833,59,0
8834,54,0
8835,56,0
8836,56,0
8837,57,0
8838,58,0
8839,58,0
8840,56,0
8841,57,0
8842,57,0
8843,58,0
8844,56,0
8845,56,0
8846,55,0
8847,57,0
8848,54,0
8849,56,0
8850,56,0
8851,57,0
8852,57,0
8853,58,0
8854,58,0
8855,59,0
8856,57,0
8857,56,0
8858,56,0
8859,57,0
8860,55,0
8861,56,0
8862,56,0
8863,56,0
8864,59,0
8865,57,0
8866,56,0
8867,56,0
8868,56,0
8869,59,0
8870,55,0
8871,56,0
8872,54,0
8873,58,0
8874,55,0
8875,55,0
8876,57,0
8877,58,0
8878,58,0
8879,56,0
8880,55,0
8881,57,0
8882,56,0
8883,59,0
8884,57,0
8885,59,0
8886,56,0
8887,56,0
8888,56,0
8889,59,0
8890,55,0
8891,58,0
8892,58,0
8893,56,0
8894,55,0
8895,57,0
8896,58,0
8897,58,0
8898,55,0
8899,57,0
8900,54,0
8901,58,0
8902,58,0
8903,57,0
8904,55,0
8905,58,0
8906,58,0
8907,57,0
8908,56,0
8909,56,0
8910,58,0
8911,57,0
8912,57,0
8913,56,0
8914,56,0
8915,59,0
8916,57,0
8917,55,0
8918,56,0
8919,54,0
8920,55,0
8921,55,0
8922,56,0
8923,56,0
8924,56,0
8925,59,0
8926,55,0
8927,56,0
8928,54,0
8929,55,0
8930,55,0
8931,56,0
8932,56,0
8933,55,0
8934,57,0
8935,59,0
8936,54,0
8937,56,0
8938,56,0
8939,55,0
8940,57,0
8941,58,0
8942,58,0
8943,58,0
8944,56,0
8945,55,0
8946,55,0
8947,56,0
8948,56,0
8949,56,0
8950,55,0
8951,55,0
8952,56,0
8953,58,0
8954,59,0
8955,55,0
8956,56,0
8957,58,0
8958,54,0
8959,57,0
8960,59,0
8961,59,0
8962,56,0
8963,56,0
8964,54,0
8965,57,0
8966,57,0
8967,55,0
8968,56,0
8969,58,0
8970,56,0
8971,55,0
8972,56,0
8973,56,0
8974,56,0
8975,55,0
8976,56,0
8977,58,0
8978,54,0
8979,59,0
8980,57,0
8981,56,0
8982,56,0
8983,54,0
8984,55,0
8985,59,0
8986,56,0
8987,56,0
8988,56,0
8989,56,0
8990,59,0
8991,57,0
8992,56,0
8993,56,0
8994,56,0
8995,59,0
8996,59,0
8997,56,0
8998,58,0
8999,55,0
9000,57,0
9001,56,0
9002,56,0
9003,58,0
9004,57,0
9005,59,0
9006,58,0
9007,54,0
9008,54,0
9009,55,0
9010,59,0
9011,55,0
9012,58,0
9013,56,0
9014,57,0
9015,59,0
9016,57,0
9017,56,0
9018,56,0
9019,56,0
9020,57,0
9021,56,0
9022,56,0
9023,57,0
9024,55,0
9025,56,0
9026,56,0
9027,56,0
9028,55,0
9029,55,0
9030,54,0
9031,54,0
9032,56,0
9033,59,0
9034,55,0
9035,58,0
9036,56,0
9037,58,0
9038,55,0
9039,57,0
9040,56,0
9041,58,0
9042,56,0
9043,55,0
9044,56,0
9045,58,0
9046,57,0
9047,55,0
9048,57,0
9049,56,0
9050,58,0
9051,57,0
9052,57,0
9053,59,0
9054,54,0
9055,56,0
9056,57,0
9057,57,0
9058,56,0
9059,58,0
9060,56,0
9061,57,0
9062,57,0
9063,56,0
9064,56,0
9065,56,0
9066,56,0
9067,56,0
9068,56,0
9069,55,0
9070,59,0
9071,56,0
9072,58,0
9073,58,0
9074,56,0
9075,55,0
9076,59,0
9077,58,0
9078,58,0
9079,54,0
9080,57,0
9081,57,0
9082,58,0
9083,56,0
9084,56,0
9085,55,0
9086,57,0
9087,56,0
9088,56,0
9089,55,0
9090,55,0
9091,55,0
9092,56,0
9093,56,0
9094,56,0
9095,59,0
9096,57,0
9097,56,0
9098,54,0
9099,56,0
9100,57,0
9101,55,0
9102,56,0
9103,58,0
9104,54,0
9105,57,0
9106,55,0
9107,59,0
9108,56,0
9109,58,0
9110,54,0
9111,59,0
9112,55,0
9113,56,0
9114,57,0
9115,57,0
9116,55,0
9117,56,0
9118,56,0
9119,56,0
9120,55,0
9121,58,0
9122,54,0
9123,57,0
9124,55,0
9125,59,0
9126,56,0
9127,54,0
9128,57,0
9129,57,0
9130,57,0
9131,58,0
9132,54,0
9133,59,0
9134,57,0
9135,56,0
9136,54,0
9137,56,0
9138,57,0
9139,58,0
9140,54,0
9141,56,0
9142,55,0
9143,57,0
9144,56,0
9145,56,0
9146,57,0
9147,55,0
9148,59,0
9149,56,0
9150,58,0
9151,59,0
9152,55,0
9153,57,0
9154,54,0
9155,58,0
9156,55,0
9157,57,0
9158,57,0
9159,58,0
9160,54,0
9161,59,0
9162,57,0
9163,56,0
9164,58,0
9165,57,0
9166,58,0
9167,58,0
9168,56,0
9169,57,0
9170,57,0
9171,58,0
9172,56,0
9173,57,0
9174,55,0
9175,56,0
9176,56,0
9177,56,0
9178,59,0
9179,55,0
9180,56,0
9181,56,0
9182,57,0
9183,55,0
9184,56,0
9185,56,0
9186,56,0
9187,57,0
9188,57,0
9189,56,0
9190,55,0
9191,55,0
9192,58,0
9193,56,0
9194,55,0
9195,55,0
9196,55,0
9197,54,0
9198,56,0
9199,57,0
9200,59,0
9201,56,0
9202,56,0
9203,56,0
9204,55,0
9205,55,0
9206,58,0
9207,56,0
9208,54,0
9209,55,0
9210,57,0
9211,54,0
9212,58,0
9213,56,0
9214,57,0
9215,56,0
9216,56,0
9217,55,0
9218,57,0
9219,57,0
9220,54,0
9221,56,0
9222,56,0
9223,55,0
9224,55,0
9225,56,0
9226,58,0
9227,54,0
9228,59,0
9229,59,0
9230,58,0
9231,58,0
9232,56,0
9233,55,0
9234,55,0
9235,56,0
9236,56,0
9237,59,0
9238,56,0
9239,56,0
9240,56,0
9241,57,0
9242,57,0
9243,57,0
9244,56,0
9245,56,0
9246,56,0
9247,59,0
9248,55,0
9249,58,0
9250,56,0
9251,57,0
9252,55,0
9253,58,0
9254,56,0
9255,58,0
9256,57,0
9257,57,0
9258,56,0
9259,58,0
9260,56,0
9261,59,0
9262,57,0
9263,58,0
9264,57,0
9265,57,0
9266,56,0
9267,54,0
9268,58,0
9269,59,0
9270,57,0
9271,56,0
9272,56,0
9273,55,0
9274,55,0
9275,56,0
9276,56,0
9277,58,0
9278,55,0
9279,57,0
9280,56,0
9281,56,0
9282,56,0
9283,55,0
9284,57,0
9285,54,0
9286,56,0
9287,57,0
9288,56,0
9289,58,0
9290,56,0
9291,57,0
9292,56,0
9293,56,0
9294,58,0
9295,55,0
9296,57,0
9297,56,0
9298,58,0
9299,54,0
9300,55,0
9301,59,0
9302,57,0
9303,56,0
9304,58,0
9305,55,0
9306,55,0
9307,56,0
9308,56,0
9309,55,0
9310,57,0
9311,58,0
9312,56,0
9313,57,0
9314,55,0
9315,55,0
9316,56,0
9317,58,0
9318,57,0
9319,55,0
9320,58,0
9321,56,0
9322,56,0
9323,59,0
9324,55,0
9325,56,0
9326,58,0
9327,58,0
9328,55,0
9329,59,0
9330,56,0
9331,58,0
9332,58,0
9333,55,0
9334,55,0
9335,56,0
9336,57,0
9337,57,0
9338,56,0
9339,56,0
9340,57,0
9341,57,0
9342,55,0
9343,56,0
9344,56,0
9345,56,0
9346,55,0
9347,55,0
9348,54,0
9349,56,0
9350,56,0
9351,55,0
9352,57,0
9353,56,0
9354,56,0
9355,56,0
9356,55,0
9357,57,0
9358,56,0
9359,58,0
9360,54,0
9361,57,0
9362,58,0
9363,54,0
9364,56,0
9365,55,0
9366,55,0
9367,58,0
9368,54,0
9369,56,0
9370,57,0
9371,57,0
9372,56,0
9373,58,0
9374,54,0
9375,57,0
9376,55,0
9377,55,0
9378,56,0
9379,58,0
9380,56,0
9381,57,0
9382,55,0
9383,59,0
9384,56,0
9385,56,0
9386,57,0
9387,54,0
9388,56,0
9389,58,0
9390,55,0
9391,59,0
9392,57,0
9393,58,0
9394,56,0
9395,58,0
9396,55,0
9397,55,0
9398,56,0
9399,58,0
9400,56,0
9401,56,0
9402,57,0
9403,57,0
9404,56,0
9405,58,0
9406,56,0
9407,56,0
9408,59,0
9409,57,0
9410,56,0
9411,57,0
9412,59,0
9413,57,0
9414,56,0
9415,58,0
9416,54,0
9417,57,0
9418,57,0
9419,57,0
9420,54,0
9421,56,0
9422,56,0
9423,57,0
9424,55,0
9425,56,0
9426,58,0
9427,58,0
9428,57,0
9429,57,0
9430,57,0
9431,58,0
9432,56,0
9433,57,0
9434,56,0
9435,58,0
9436,56,0
9437,57,0
9438,57,0
9439,56,0
9440,58,0
9441,56,0
9442,57,0
9443,55,0
9444,57,0
9445,56,0
9446,56,0
9447,59,0
9448,55,0
9449,56,0
9450,58,0
9451,58,0
9452,57,0
9453,59,0
9454,56,0
9455,56,0
9456,56,0
9457,57,0
9458,57,0
9459,56,0
9460,57,0
9461,59,0
9462,55,0
9463,56,0
9464,56,0
9465,59,0
9466,57,0
9467,56,0
9468,56,0
9469,56,0
9470,55,0
9471,57,0
9472,56,0
9473,56,0
9474,56,0
9475,57,0
9476,55,0
9477,55,0
9478,54,0
9479,56,0
9480,56,0
9481,59,0
9482,55,0
9483,58,0
9484,55,0
9485,57,0
9486,57,0
9487,58,0
9488,56,0
9489,57,0
9490,57,0
9491,56,0
9492,56,0
9493,56,0
9494,55,0
9495,59,0
9496,58,0
9497,58,0
9498,54,0
9499,59,0
9500,55,0
9501,56,0
9502,56,0
9503,56,0
9504,57,0
9505,55,0
9506,56,0
9507,56,0
9508,57,0
9509,57,0
9510,56,0
9511,54,0
9512,55,0
9513,57,0
9514,55,0
9515,56,0
9516,56,0
9517,56,0
9518,55,0
9519,55,0
9520,56,0
9521,56,0
9522,58,0
9523,55,0
9524,57,0
9525,56,0
9526,54,0
9527,56,0
9528,57,0
9529,57,0
9530,56,0
9531,58,0
9532,55,0
9533,57,0
9534,56,0
9535,56,0
9536,58,0
9537,59,0
9538,55,0
9539,59,0
9540,56,0
9541,58,0
9542,54,0
9543,55,0
9544,55,0
9545,56,0
9546,54,0
9547,56,0
9548,57,0
9549,59,0
9550,59,0
9551,56,0
9552,56,0
9553,56,0
9554,55,0
9555,58,0
9556,56,0
9557,56,0
9558,59,0
9559,57,0
9560,58,0
9561,56,0
9562,57,0
9563,57,0
9564,56,0
9565,56,0
9566,56,0
9567,57,0
9568,55,0
9569,56,0
9570,58,0
9571,57,0
9572,59,0
9573,58,0
9574,56,0
9575,58,0
9576,55,0
9577,55,0
9578,56,0
9579,56,0
9580,57,0
9581,57,0
9582,56,0
9583,56,0
9584,58,0
9585,55,0
9586,57,0
9587,58,0
9588,58,0
9589,56,0
9590,59,0
9591,55,0
9592,58,0
9593,54,0
9594,57,0
9595,55,0
9596,56,0
9597,56,0
9598,57,0
9599,55,0
9600,57,0
9601,56,0
9602,59,0
9603,57,0
9604,56,0
9605,56,0
9606,55,0
9607,55,0
9608,56,0
9609,54,0
9610,56,0
9611,57,0
9612,57,0
9613,56,0
9614,54,0
9615,59,0
9616,55,0
9617,56,0
9618,56,0
9619,57,0
9620,57,0
9621,56,0
9622,58,0
9623,57,0
9624,55,0
9625,56,0
9626,56,0
9627,55,0
9628,55,0
9629,58,0
9630,54,0
9631,55,0
9632,55,0
9633,56,0
9634,56,0
9635,55,0
9636,55,0
9637,54,0
9638,56,0
9639,57,0
9640,57,0
9641,56,0
9642,56,0
9643,56,0
9644,57,0
9645,57,0
9646,56,0
9647,56,0
9648,57,0
9649,55,0
9650,58,0
9651,56,0
9652,55,0
9653,55,0
9654,56,0
9655,56,0
9656,57,0
9657,57,0
9658,58,0
9659,56,0
9660,55,0
9661,55,0
9662,56,0
9663,58,0
9664,56,0
9665,59,0
9666,57,0
9667,58,0
9668,54,0
9669,57,0
9670,55,0
9671,56,0
9672,56,0
9673,58,0
9674,59,0
9675,58,0
9676,56,0
9677,59,0
9678,57,0
9679,56,0
9680,56,0
9681,58,0
9682,57,0
9683,55,0
9684,56,0
9685,58,0
9686,57,0
9687,55,0
9688,56,0
9689,56,0
9690,56,0
9691,57,0
9692,57,0
9693,56,0
9694,56,0
9695,55,0
9696,57,0
9697,57,0
9698,58,0
9699,57,0
9700,55,0
9701,57,0
9702,54,0
9703,56,0
9704,58,0
9705,57,0
9706,55,0
9707,59,0
9708,54,0
9709,56,0
9710,58,0
9711,57,0
9712,57,0
9713,56,0
9714,56,0
9715,54,0
9716,58,0
9717,55,0
9718,57,0
9719,55,0
9720,58,0
9721,56,0
9722,55,0
9723,55,0
9724,56,0
9725,56,0
9726,58,0
9727,55,0
9728,57,0
9729,57,0
9730,58,0
9731,54,0
9732,54,0
9733,55,0
9734,57,0
9735,59,0
9736,54,0
9737,58,0
9738,56,0
9739,55,0
9740,57,0
9741,55,0
9742,59,0
9743,58,0
9744,56,0
9745,55,0
9746,55,0
9747,57,0
9748,58,0
9749,57,0
9750,57,0
9751,59,0
9752,58,0
9753,58,0
9754,56,0
9755,57,0
9756,59,0
9757,57,0
9758,58,0
9759,56,0
9760,56,0
9761,56,0
9762,59,0
9763,55,0
9764,55,0
9765,58,0
9766,58,0
9767,56,0
9768,56,0
9769,55,0
9770,57,0
9771,57,0
9772,56,0
9773,56,0
9774,55,0
9775,57,0
9776,56,0
9777,58,0
9778,58,0
9779,59,0
9780,57,0
9781,54,0
9782,54,0
9783,56,0
9784,55,0
9785,55,0
9786,55,0
9787,56,0
9788,54,0
9789,56,0
9790,55,0
9791,55,0
9792,57,0
9793,56,0
9794,56,0
9795,58,0
9796,55,0
9797,55,0
9798,59,0
9799,58,0
9800,59,0
9801,57,0
9802,56,0
9803,56,0
9804,54,0
9805,58,0
9806,57,0
9807,59,0
9808,56,0
9809,58,0
9810,58,0
9811,56,0
9812,59,0
9813,59,0
9814,55,0
9815,54,0
9816,54,0
9817,56,0
9818,57,0
9819,59,0
9820,56,0
9821,56,0
9822,56,0
9823,58,0
9824,55,0
9825,58,0
9826,56,0
9827,56,0
9828,57,0
9829,57,0
9830,55,0
9831,56,0
9832,54,0
9833,56,0
9834,56,0
9835,58,0
9836,57,0
9837,55,0
9838,57,0
9839,56,0
9840,54,0
9841,58,0
9842,56,0
9843,59,0
9844,55,0
9845,57,0
9846,54,0
9847,56,0
9848,56,0
9849,55,0
9850,59,0
9851,56,0
9852,58,0
9853,56,0
9854,55,0
9855,55,0
9856,55,0
9857,54,0
9858,58,0
9859,56,0
9860,59,0
9861,57,0
9862,55,0
9863,56,0
9864,58,0
9865,56,0
9866,56,0
9867,59,0
9868,59,0
9869,56,0
9870,58,0
9871,56,0
9872,57,0
9873,56,0
9874,56,0
9875,56,0
9876,56,0
9877,55,0
9878,55,0
9879,58,0
9880,56,0
9881,58,0
9882,56,0
9883,57,0
9884,59,0
9885,55,0
9886,56,0
9887,56,0
9888,56,0
9889,56,0
9890,55,0
9891,59,0
9892,55,0
9893,57,0
9894,56,0
9895,56,0
9896,56,0
9897,56,0
9898,54,0
9899,56,0
9900,59,0
9901,57,0
9902,57,0
9903,58,0
9904,56,0
9905,58,0
9906,55,0
9907,55,0
9908,55,0
9909,56,0
9910,56,0
9911,56,0
9912,55,0
9913,59,0
9914,55,0
9915,54,0
9916,56,0
9917,58,0
9918,55,0
9919,57,0
9920,56,0
9921,58,0
9922,57,0
9923,57,0
9924,55,0
9925,56,0
9926,58,0
9927,56,0
9928,57,0
9929,55,0
9930,59,0
9931,58,0
9932,58,0
9933,58,0
9934,57,0
9935,55,0
9936,57,0
9937,56,0
9938,81,0
9939,56,0
9940,58,0
9941,57,0
9942,59,0
9943,58,0
9944,54,0
9945,59,0
9946,57,0
9947,56,0
9948,54,0
9949,58,0
9950,57,0
9951,57,0
9952,56,0
9953,58,0
9954,56,0
9955,55,0
9956,57,0
9957,58,0
9958,56,0
9959,59,0
9960,55,0
9961,56,0
9962,56,0
9963,55,0
9964,59,0
9965,56,0
9966,56,0
9967,56,0
9968,55,0
9969,57,0
9970,56,0
9971,56,0
9972,55,0
9973,55,0
9974,56,0
9975,56,0
9976,58,0
9977,57,0
9978,57,0
9979,56,0
9980,58,0
9981,58,0
9982,55,0
9983,57,0
9984,56,0
9985,58,0
9986,57,0
9987,58,0
9988,56,0
9989,59,0
9990,57,0
9991,57,0
9992,56,0
9993,54,0
9994,57,0
9995,55,0
9996,56,0
9997,58,0
9998,56,0
9999,59,0
10000,57,0
10001,55,0
10002,59,0
10003,58,0
10004,56,0
10005,55,0
10006,57,0
10007,58,0
10008,56,0
10009,57,0
10010,57,0
10011,56,0
10012,56,0
10013,55,0
10014,55,0
10015,56,0
10016,56,0
10017,55,0
10018,57,0
10019,56,0
10020,58,0
10021,56,0
10022,55,0
10023,58,0
10024,55,0
10025,59,0
10026,56,0
10027,56,0
10028,55,0
10029,55,0
10030,56,0
10031,56,0
10032,55,0
10033,55,0
10034,56,0
10035,58,0
10036,57,0
10037,57,0
10038,56,0
10039,56,0
10040,55,0
10041,57,0
10042,56,0
10043,58,0
10044,59,0
10045,55,0
10046,56,0
10047,58,0
10048,57,0
10049,56,0
10050,58,0
10051,56,0
10052,55,0
10053,56,0
10054,56,0
10055,55,0
10056,57,0
10057,56,0
10058,56,0
10059,56,0
10060,55,0
10061,56,0
10062,54,0
10063,59,0
10064,55,0
10065,56,0
10066,58,0
10067,55,0
10068,57,0
10069,56,0
10070,56,0
10071,59,0
10072,57,0
10073,56,0
10074,58,0
10075,55,0
10076,57,0
10077,58,0
10078,54,0
10079,55,0
10080,57,0
10081,56,0
10082,56,0
10083,59,0
10084,55,0
10085,54,0
10086,56,0
10087,59,0
10088,58,0
10089,59,0
10090,59,0
10091,56,0
10092,56,0
10093,55,0
10094,57,0
10095,56,0
10096,56,0
10097,59,0
10098,59,0
10099,58,0
10100,58,0
10101,55,0
10102,55,0
10103,56,0
10104,56,0
10105,55,0
10106,59,0
10107,56,0
10108,58,0
10109,58,0
10110,59,0
10111,59,0
10112,56,0
10113,56,0
10114,57,0
10115,59,0
10116,54,0
10117,55,0
10118,55,0
10119,56,0
10120,56,0
10121,57,0
10122,55,0
10123,56,0
10124,56,0
10125,55,0
10126,57,0
10127,56,0
10128,56,0
10129,56,0
10130,55,0
10131,57,0
10132,56,0
10133,56,0
10134,55,0
10135,57,0
10136,56,0
10137,56,0
10138,56,0
10139,57,0
10140,54,0
10141,56,0
10142,55,0
10143,55,0
10144,56,0
10145,56,0
10146,55,0
10147,55,0
10148,56,0
10149,56,0
10150,56,0
10151,57,0
10152,56,0
10153,56,0
10154,56,0
10155,57,0
10156,59,0
10157,56,0
10158,59,0
10159,55,0
10160,54,0
10161,56,0
10162,57,0
10163,55,0
10164,56,0
10165,56,0
10166,57,0
10167,55,0
10168,54,0
10169,56,0
10170,57,0
10171,55,0
10172,56,0
10173,58,0
10174,55,0
10175,55,0
10176,56,0
10177,55,0
10178,55,0
10179,56,0
10180,56,0
10181,55,0
10182,55,0
10183,54,0
10184,56,0
10185,55,0
10186,55,0
10187,56,0
10188,56,0
10189,56,0
10190,55,0
10191,56,0
10192,56,0
10193,56,0
10194,57,0
10195,56,0
10196,56,0
10197,55,0
10198,57,0
10199,56,0
10200,56,0
10201,57,0
10202,55,0
10203,58,0
10204,58,0
10205,57,0
10206,59,0
10207,54,0
10208,56,0
10209,57,0
10210,57,0
10211,58,0
10212,55,0
10213,56,0
10214,56,0
10215,59,0
10216,57,0
10217,54,0
10218,54,0
10219,57,0
10220,55,0
10221,55,0
10222,56,0
10223,56,0
10224,59,0
10225,55,0
10226,56,0
10227,56,0
10228,55,0
10229,57,0
10230,58,0
10231,56,0
10232,55,0
10233,57,0
10234,56,0
10235,54,0
10236,57,0
10237,55,0
10238,54,0
10239,56,0
10240,55,0
10241,55,0
10242,54,0
10243,56,0
10244,59,0
10245,57,0
10246,56,0
10247,56,0
10248,59,0
10249,57,0
10250,56,0
10251,56,0
10252,59,0
10253,57,0
10254,54,0
10255,56,0
10256,59,0
10257,57,0
10258,56,0
10259,58,0
10260,56,0
10261,55,0
10262,55,0
10263,56,0
10264,56,0
10265,55,0
10266,55,0
10267,56,0
10268,56,0
10269,57,0
10270,57,0
10271,56,0
10272,56,0
10273,59,0
10274,55,0
10275,55,0
10276,56,0
10277,57,0
10278,55,0
10279,56,0
10280,54,0
10281,56,0
10282,55,0
10283,57,0
10284,54,0
10285,56,0
10286,55,0
10287,55,0
10288,56,0
10289,56,0
10290,59,0
10291,57,0
10292,56,0
10293,56,0
10294,55,0
10295,55,0
10296,56,0
10297,56,0
10298,57,0
10299,57,0
10300,56,0
10301,56,0
10302,57,0
10303,56,0
10304,56,0
10305,56,0
10306,55,0
10307,57,0
10308,56,0
10309,56,0
10310,55,0
10311,57,0
10312,54,0
10313,56,0
10314,55,0
10315,57,0
10316,54,0
10317,56,0
10318,55,0
10319,57,0
10320,58,0
10321,56,0
10322,55,0
10323,55,0
10324,56,0
10325,54,0
10326,57,0
10327,55,0
10328,56,0
10329,55,0
10330,55,0
10331,56,0
10332,56,0
10333,55,0
10334,55,0
10335,58,0
10336,57,0
10337,59,0
10338,56,0
10339,56,0
10340,55,0
10341,59,0
10342,56,0
10343,58,0
10344,55,0
10345,57,0
10346,56,0
10347,58,0
10348,59,0
10349,55,0
10350,56,0
10351,58,0
10352,57,0
10353,57,0
10354,56,0
10355,56,0
10356,57,0
10357,56,0
10358,58,0
10359,56,0
10360,55,0
10361,56,0
10362,56,0
10363,56,0
10364,55,0
10365,56,0
10366,56,0
10367,56,0
10368,59,0
10369,56,0
10370,58,0
10371,56,0
10372,55,0
10373,56,0
10374,56,0
10375,56,0
10376,57,0
10377,56,0
10378,56,0
10379,56,0
10380,59,0
10381,56,0
10382,54,0
10383,55,0
10384,55,0
10385,56,0
10386,55,0
10387,55,0
10388,54,0
10389,56,0
10390,57,0
10391,57,0
10392,56,0
10393,56,0
10394,56,0
10395,55,0
10396,56,0
10397,56,0
10398,56,0
10399,57,0
10400,56,0
10401,56,0
10402,54,0
10403,57,0
10404,55,0
10405,54,0
10406,56,0
10407,55,0
10408,55,0
10409,56,0
10410,56,0
10411,55,0
10412,57,0
10413,56,0
10414,54,0
10415,54,0
10416,57,0
10417,54,0
10418,54,0
10419,57,0
10420,55,0
10421,56,0
10422,54,0
10423,56,0
10424,55,0
10425,55,0
10426,54,0
10427,54,0
10428,55,0
10429,55,0
10430,58,0
10431,56,0
10432,57,0
10433,55,0
10434,56,0
10435,56,0
10436,55,0
10437,56,0
10438,56,0
10439,56,0
10440,55,0
10441,55,0
10442,56,0
10443,56,0
10444,57,0
10445,57,0
10446,58,0
10447,56,0
10448,57,0
10449,55,0
10450,56,0
10451,56,0
10452,55,0
10453,56,0
10454,56,0
10455,59,0
10456,55,0
10457,58,0
10458,56,0
10459,55,0
10460,57,0
10461,56,0
10462,56,0
10463,55,0
10464,55,0
10465,56,0
10466,56,0
10467,59,0
10468,57,0
10469,56,0
10470,57,0
10471,57,0
10472,56,0
10473,56,0
10474,57,0
10475,56,0
10476,54,0
10477,57,0
10478,57,0
10479,58,0
10480,56,0
10481,59,0
10482,54,0
10483,55,0
10484,55,0
10485,56,0
10486,56,0
10487,57,0
10488,56,0
10489,56,0
10490,59,0
10491,57,0
10492,56,0
10493,54,0
10494,55,0
10495,56,0
10496,56,0
10497,59,0
10498,55,0
10499,56,0
10500,58,0
10501,55,0
10502,55,0
10503,56,0
10504,58,0
10505,59,0
10506,56,0
10507,56,0
10508,59,0
10509,57,0
10510,58,0
10511,56,0
10512,57,0
10513,55,0
10514,58,0
10515,58,0
10516,59,0
10517,56,0
10518,56,0
10519,55,0
10520,59,0
10521,58,0
10522,56,0
10523,57,0
10524,59,0
10525,58,0
10526,58,0
10527,59,0
10528,54,0
10529,56,0
10530,55,0
10531,55,0
10532,54,0
10533,58,0
10534,55,0
10535,55,0
10536,54,0
10537,56,0
10538,57,0
10539,57,0
10540,54,0
10541,56,0
10542,57,0
10543,56,0
10544,56,0
10545,56,0
10546,55,0
10547,59,0
10548,54,0
10549,56,0
10550,55,0
10551,57,0
10552,56,0
10553,56,0
10554,55,0
10555,57,0
10556,56,0
10557,56,0
10558,56,0
10559,57,0
10560,56,0
10561,56,0
10562,57,0
10563,56,0
10564,54,0
10565,56,0
10566,55,0
10567,55,0
10568,56,0
10569,56,0
10570,59,0
10571,55,0
10572,58,0
10573,54,0
10574,55,0
10575,57,0
10576,56,0
10577,56,0
10578,55,0
10579,56,0
10580,58,0
10581,56,0
10582,59,0
10583,56,0
10584,56,0
10585,57,0
10586,57,0
10587,58,0
10588,56,0
10589,55,0
10590,55,0
10591,56,0
10592,56,0
10593,55,0
10594,57,0
10595,56,0
10596,58,0
10597,59,0
10598,55,0
10599,58,0
10600,56,0
10601,57,0
10602,55,0
10603,56,0
10604,56,0
10605,55,0
10606,57,0
10607,56,0
10608,55,0
10609,55,0
10610,56,0
10611,54,0
10612,57,0
10613,57,0
10614,56,0
10615,54,0
10616,59,0
10617,57,0
10618,56,0
10619,56,0
10620,55,0
10621,55,0
10622,56,0
10623,56,0
10624,57,0
10625,57,0
10626,56,0
10627,56,0
10628,55,0
10629,57,0
10630,56,0
10631,56,0
10632,57,0
10633,56,0
10634,56,0
10635,59,0
10636,55,0
10637,58,0
10638,56,0
10639,55,0
10640,57,0
10641,56,0
10642,56,0
10643,55,0
10644,57,0
10645,58,0
10646,56,0
10647,57,0
10648,55,0
10649,56,0
10650,56,0
10651,56,0
10652,57,0
10653,59,0
10654,56,0
10655,56,0
10656,59,0
10657,55,0
10658,56,0
10659,56,0
10660,55,0
10661,56,0
10662,58,0
10663,59,0
10664,55,0
10665,58,0
10666,56,0
10667,55,0
10668,57,0
10669,56,0
10670,56,0
10671,55,0
10672,57,0
10673,58,0
10674,56,0
10675,55,0
10676,55,0
10677,58,0
10678,58,0
10679,57,0
10680,56,0
10681,56,0
10682,59,0
10683,56,0
10684,58,0
10685,59,0
10686,57,0
10687,58,0
10688,85,0
10689,59,0
10690,58,0
10691,56,0
10692,59,0
10693,57,0
10694,58,0
10695,56,0
10696,57,0
10697,59,0
10698,58,0
10699,58,0
10700,56,0
10701,57,0
10702,55,0
10703,58,0
10704,59,0
10705,56,0
10706,56,0
10707,55,0
10708,57,0
10709,54,0
10710,56,0
10711,56,0
10712,55,0
10713,57,0
10714,56,0
10715,56,0
10716,56,0
10717,55,0
10718,59,0
10719,54,0
10720,58,0
10721,59,0
10722,55,0
10723,56,0
10724,54,0
10725,58,0
10726,57,0
10727,57,0
10728,56,0
10729,55,0
10730,55,0
10731,58,0
10732,56,0
10733,55,0
10734,59,0
10735,56,0
10736,58,0
10737,58,0
10738,55,0
10739,57,0
10740,56,0
10741,58,0
10742,55,0
10743,55,0
10744,56,0
10745,56,0
10746,58,0
10747,57,0
10748,57,0
10749,56,0
10750,56,0
10751,57,0
10752,57,0
10753,56,0
10754,54,0
10755,57,0
10756,57,0
10757,56,0
10758,58,0
10759,55,0
10760,59,0
10761,56,0
10762,56,0
10763,54,0
10764,57,0
10765,57,0
10766,56,0
10767,56,0
10768,59,0
10769,57,0
10770,56,0
10771,58,0
10772,56,0
10773,57,0
10774,59,0
10775,56,0
10776,56,0
10777,55,0
10778,55,0
10779,56,0
10780,58,0
10781,57,0
10782,55,0
10783,56,0
10784,56,0
10785,57,0
10786,57,0
10787,55,0
10788,56,0
10789,58,0
10790,59,0
10791,57,0
10792,55,0
10793,56,0
10794,58,0
10795,55,0
10796,55,0
10797,58,0
10798,58,0
10799,58,0
10800,55,0
10801,55,0
10802,56,0
10803,56,0
10804,58,0
10805,55,0
10806,55,0
10807,56,0
10808,57,0
10809,56,0
10810,56,0
10811,56,0
10812,57,0
10813,55,0
10814,58,0
10815,56,0
10816,58,0
10817,57,0
10818,55,0
10819,58,0
10820,56,0
10821,56,0
10822,55,0
10823,59,0
10824,56,0
10825,56,0
10826,57,0
10827,55,0
10828,56,0
10829,56,0
10830,55,0
10831,55,0
10832,57,0
10833,56,0
10834,57,0
10835,57,0
10836,56,0
10837,56,0
10838,56,0
10839,57,0
10840,57,0
10841,56,0
10842,56,0
10843,56,0
10844,57,0
10845,59,0
10846,54,0
10847,58,0
10848,55,0
10849,57,0
10850,56,0
10851,54,0
10852,56,0
10853,57,0
10854,57,0
10855,58,0
10856,58,0
10857,57,0
10858,59,0
10859,58,0
10860,56,0
10861,57,0
10862,55,0
10863,56,0
10864,56,0
10865,57,0
10866,55,0
10867,85,0
10868,59,0
10869,58,0
10870,59,0
10871,56,0
10872,58,0
10873,59,0
10874,58,0
10875,56,0
10876,59,0
10877,57,0
10878,58,0
10879,56,0
10880,59,0
10881,57,0
10882,57,0
10883,58,0
10884,58,0
10885,57,0
10886,59,0
10887,58,0
10888,58,0
10889,56,0
10890,59,0
10891,59,0
10892,56,0
10893,54,0
10894,59,0
10895,58,0
10896,56,0
10897,59,0
10898,57,0
10899,57,0
10900,58,0
10901,56,0
10902,56,0
10903,55,0
10904,59,0
10905,58,0
10906,58,0
10907,58,0
10908,55,0
10909,59,0
10910,55,0
10911,56,0
10912,56,0
10913,58,0
10914,59,0
10915,59,0
10916,57,0
10917,58,0
10918,58,0
10919,58,0
10920,59,0
10921,57,0
10922,58,0
10923,58,0
10924,56,0
10925,57,0
10926,59,0
10927,58,0
10928,58,0
10929,57,0
10930,59,0
10931,58,0
10932,58,0
10933,56,0
10934,59,0
10935,55,0
10936,56,0
10937,56,0
10938,56,0
10939,55,0
10940,59,0
10941,59,0
10942,58,0
10943,58,0
10944,58,0
10945,55,0
10946,57,0
10947,58,0
10948,58,0
10949,56,0
10950,59,0
10951,55,0
10952,55,0
10953,58,0
10954,58,0
10955,54,0
10956,57,0
10957,58,0
10958,58,0
10959,55,0
10960,59,0
10961,56,0
10962,58,0
10963,60,0
10964,59,0
10965,57,0
10966,57,0
10967,58,0
10968,58,0
10969,59,0
10970,59,0
10971,59,0
10972,58,0
10973,58,0
10974,57,0
10975,57,0
10976,56,0
10977,58,0
10978,56,0
10979,59,0
10980,59,0
10981,58,0
10982,59,0
10983,57,0
10984,57,0
10985,56,0
10986,58,0
10987,55,0
10988,59,0
10989,56,0
10990,58,0
10991,56,0
10992,59,0
10993,57,0
10994,58,0
10995,58,0
10996,57,0
10997,57,0
10998,58,0
10999,58,0
11000,57,0
11001,59,0
11002,58,0
11003,58,0
11004,58,0
11005,59,0
11006,57,0
11007,54,0
11008,59,0
11009,59,0
11010,58,0
11011,58,0
11012,58,0
11013,57,0
11014,55,0
11015,58,0
11016,58,0
11017,59,0
11018,55,0
11019,59,0
11020,56,0
11021,58,0
11022,57,0
11023,57,0
11024,58,0
11025,56,0
11026,58,0
11027,59,0
11028,59,0
11029,58,0
11030,56,0
11031,58,0
11032,57,0
11033,58,0
11034,56,0
11035,59,0
11036,59,0
11037,59,0
11038,58,0
11039,58,0
11040,56,0
11041,55,0
11042,55,0
11043,56,0
11044,58,0
11045,57,0
11046,59,0
11047,57,0
11048,56,0
11049,56,0
11050,55,0
11051,57,0
11052,55,0
11053,58,0
11054,56,0
11055,59,0
11056,59,0
11057,55,0
11058,56,0
11059,58,0
11060,57,0
11061,58,0
11062,58,0
11063,58,0
11064,59,0
11065,57,0
11066,57,0
11067,56,0
11068,56,0
11069,57,0
11070,55,0
11071,57,0
11072,58,0
11073,56,0
11074,55,0
11075,57,0
11076,56,0
11077,58,0
11078,60,0
11079,57,0
11080,57,0
11081,58,0
11082,58,0
11083,59,0
11084,58,0
11085,56,0
11086,58,0
11087,59,0
11088,59,0
11089,58,0
11090,58,0
11091,56,0
11092,55,0
11093,57,0
11094,56,0
11095,58,0
11096,58,0
11097,57,0
11098,57,0
11099,56,0
11100,58,0
11101,56,0
11102,59,0
11103,57,0
11104,58,0
11105,56,0
11106,60,0
11107,59,0
11108,55,0
11109,59,0
11110,54,0
11111,54,0
11112,56,0
11113,59,0
11114,57,0
11115,56,0
11116,57,0
11117,59,0
11118,58,0
11119,58,0
11120,55,0
11121,55,0
11122,56,0
11123,56,0
11124,58,0
11125,59,0
11126,55,0
11127,56,0
11128,56,0
11129,56,0
11130,59,0
11131,59,0
11132,56,0
11133,58,0
11134,56,0
11135,57,0
11136,57,0
11137,58,0
11138,56,0
11139,57,0
11140,59,0
11141,58,0
11142,58,0
11143,54,0
11144,59,0
11145,56,0
11146,58,0
11147,56,0
11148,57,0
11149,55,0
11150,58,0
11151,58,0
11152,57,0
11153,55,0
11154,57,0
11155,56,0
11156,56,0
11157,57,0
11158,55,0
11159,56,0
11160,58,0
11161,57,0
11162,59,0
11163,56,0
11164,56,0
11165,58,0
11166,59,0
11167,55,0
11168,56,0
11169,58,0
11170,55,0
11171,59,0
11172,54,0
11173,58,0
11174,56,0
11175,59,0
11176,57,0
11177,54,0
11178,58,0
11179,56,0
11180,55,0
11181,57,0
11182,56,0
11183,58,0
11184,58,0
11185,57,0
11186,55,0
11187,56,0
11188,56,0
11189,56,0
11190,55,0
11191,59,0
11192,56,0
11193,56,0
11194,58,0
11195,57,0
11196,57,0
11197,56,0
11198,54,0
11199,55,0
11200,57,0
11201,58,0
11202,58,0
11203,56,0
11204,55,0
11205,55,0
11206,56,0
11207,56,0
11208,58,0
11209,59,0
11210,57,0
11211,56,0
11212,56,0
11213,56,0
11214,59,0
11215,57,0
11216,57,0
11217,56,0
11218,56,0
11219,56,0
11220,55,0
11221,59,0
11222,54,0
11223,58,0
11224,57,0
11225,59,0
11226,56,0
11227,58,0
11228,58,0
11229,57,0
11230,55,0
11231,54,0
11232,56,0
11233,56,0
11234,55,0
11235,59,0
11236,58,0
11237,56,0
11238,58,0
11239,57,0
11240,55,0
11241,56,0
11242,56,0
11243,58,0
11244,55,0
11245,55,0
11246,58,0
11247,54,0
11248,59,0
11249,56,0
11250,56,0
11251,56,0
11252,55,0
11253,59,0
11254,56,0
11255,56,0
11256,58,0
11257,55,0
11258,59,0
11259,56,0
11260,56,0
11261,58,0
11262,59,0
11263,55,0
11264,54,0
11265,58,0
11266,55,0
11267,55,0
11268,57,0
11269,56,0
11270,58,0
11271,58,0
11272,59,0
11273,59,0
11274,58,0
11275,58,0
11276,59,0
11277,57,0
11278,56,0
11279,56,0
11280,55,0
11281,57,0
11282,56,0
11283,58,0
11284,57,0
11285,57,0
11286,57,0
11287,58,0
11288,58,0
11289,55,0
11290,57,0
11291,58,0
11292,56,0
11293,58,0
11294,59,0
11295,55,0
11296,56,0
11297,58,0
11298,56,0
11299,57,0
11300,57,0
11301,56,0
11302,54,0
11303,56,0
11304,59,0
11305,57,0
11306,56,0
11307,56,0
11308,58,0
11309,57,0
11310,58,0
11311,58,0
11312,59,0
11313,57,0
11314,58,0
11315,56,0
11316,58,0
11317,59,0
11318,57,0
11319,58,0
11320,58,0
11321,58,0
11322,57,0
11323,55,0
11324,58,0
11325,58,0
11326,59,0
11327,59,0
11328,59,0
11329,56,0
11330,56,0
11331,58,0
11332,59,0
11333,58,0
11334,58,0
11335,59,0
11336,59,0
11337,58,0
11338,58,0
11339,56,0
11340,59,0
11341,57,0
11342,56,0
11343,58,0
11344,56,0
11345,57,0
11346,57,0
11347,58,0
11348,58,0
11349,57,0
11350,57,0
11351,58,0
11352,56,0
11353,56,0
11354,57,0
11355,59,0
11356,58,0
11357,59,0
11358,59,0
11359,56,0
11360,56,0
11361,56,0
11362,55,0
11363,59,0
11364,58,0
11365,56,0
11366,58,0
11367,59,0
11368,57,0
11369,56,0
11370,56,0
11371,58,0
11372,59,0
11373,55,0
11374,58,0
11375,58,0
11376,59,0
11377,57,0
11378,58,0
11379,56,0
11380,56,0
11381,57,0
11382,56,0
11383,56,0
11384,59,0
11385,55,0
11386,56,0
11387,54,0
11388,56,0
11389,57,0
11390,57,0
11391,58,0
11392,56,0
11393,58,0
11394,59,0
11395,59,0
11396,56,0
11397,58,0
11398,56,0
11399,56,0
11400,57,0
11401,59,0
11402,58,0
11403,54,0
11404,55,0
11405,59,0
11406,58,0
11407,56,0
11408,58,0
11409,57,0
11410,58,0
11411,58,0
11412,57,0
11413,55,0
11414,56,0
11415,56,0
11416,57,0
11417,59,0
11418,59,0
11419,58,0
11420,58,0
11421,55,0
11422,57,0
11423,57,0
11424,58,0
11425,58,0
11426,59,0
11427,57,0
11428,58,0
11429,58,0
11430,59,0
11431,57,0
11432,58,0
11433,84,0
11434,55,0
11435,56,0
11436,55,0
11437,59,0
11438,56,0
11439,58,0
11440,59,0
11441,59,0
11442,56,0
11443,58,0
11444,59,0
11445,59,0
11446,57,0
11447,56,0
11448,55,0
11449,57,0
11450,56,0
11451,56,0
11452,57,0
11453,57,0
11454,59,0
11455,58,0
11456,58,0
11457,56,0
11458,57,0
11459,59,0
11460,58,0
11461,58,0
11462,56,0
11463,59,0
11464,59,0
11465,58,0
11466,58,0
11467,56,0
11468,59,0
11469,57,0
11470,57,0
11471,56,0
11472,57,0
11473,55,0
11474,58,0
11475,56,0
11476,54,0
11477,55,0
11478,57,0
11479,58,0
11480,56,0
11481,56,0
11482,57,0
11483,55,0
11484,56,0
11485,56,0
11486,56,0
11487,55,0
11488,55,0
11489,56,0
11490,54,0
11491,54,0
11492,57,0
11493,55,0
11494,56,0
11495,56,0
11496,57,0
11497,55,0
11498,56,0
11499,56,0
11500,57,0
11501,59,0
11502,56,0
11503,58,0
11504,54,0
11505,59,0
11506,59,0
11507,59,0
11508,56,0
11509,58,0
11510,54,0
11511,59,0
11512,59,0
11513,56,0
11514,54,0
11515,55,0
11516,55,0
11517,59,0
11518,54,0
11519,58,0
11520,58,0
11521,59,0
11522,55,0
11523,56,0
11524,54,0
11525,59,0
11526,57,0
11527,56,0
11528,58,0
11529,56,0
11530,55,0
11531,55,0
11532,56,0
11533,58,0
11534,56,0
11535,59,0
11536,57,0
11537,57,0
11538,56,0
11539,58,0
11540,56,0
11541,55,0
11542,55,0
11543,58,0
11544,56,0
11545,58,0
11546,57,0
11547,59,0
11548,56,0
11549,59,0
11550,57,0
11551,58,0
11552,58,0
11553,57,0
11554,55,0
11555,56,0
11556,58,0
11557,58,0
11558,57,0
11559,55,0
11560,56,0
11561,58,0
11562,54,0
11563,59,0
11564,57,0
11565,57,0
11566,56,0
11567,57,0
11568,57,0
11569,57,0
11570,56,0
11571,58,0
11572,57,0
11573,57,0
11574,54,0
11575,56,0
11576,56,0
11577,57,0
11578,59,0
11579,56,0
11580,58,0
11581,57,0
11582,59,0
11583,56,0
11584,56,0
11585,59,0
11586,55,0
11587,57,0
11588,56,0
11589,58,0
11590,56,0
11591,55,0
11592,57,0
11593,56,0
11594,58,0
11595,54,0
11596,59,0
11597,56,0
11598,56,0
11599,56,0
11600,57,0
11601,57,0
11602,56,0
11603,58,0
11604,56,0
11605,59,0
11606,57,0
11607,59,0
11608,54,0
11609,58,0
11610,54,0
11611,55,0
11612,58,0
11613,58,0
11614,56,0
11615,57,0
11616,59,0
11617,55,0
11618,56,0
11619,56,0
11620,55,0
11621,59,0
11622,56,0
11623,58,0
11624,56,0
11625,56,0
11626,59,0
11627,55,0
11628,56,0
11629,58,0
11630,55,0
11631,57,0
11632,57,0
11633,58,0
11634,56,0
11635,58,0
11636,58,0
11637,57,0
11638,57,0
11639,56,0
11640,58,0
11641,54,0
11642,59,0
11643,57,0
11644,56,0
11645,56,0
11646,58,0
11647,55,0
11648,56,0
11649,58,0
11650,58,0
11651,55,0
11652,57,0
11653,56,0
11654,58,0
11655,54,0
11656,58,0
11657,59,0
11658,57,0
11659,54,0
11660,58,0
11661,58,0
11662,57,0
11663,57,0
11664,59,0
11665,56,0
11666,56,0
11667,57,0
11668,57,0
11669,58,0
11670,56,0
11671,59,0
11672,55,0
11673,58,0
11674,58,0
11675,58,0
11676,55,0
11677,55,0
11678,59,0
11679,56,0
11680,58,0
11681,56,0
11682,57,0
11683,55,0
11684,58,0
11685,56,0
11686,58,0
11687,59,0
11688,61,0
11689,58,0
11690,58,0
11691,54,0
11692,59,0
11693,54,0
11694,56,0
11695,55,0
11696,55,0
11697,58,0
11698,56,0
11699,57,0
11700,57,0
11701,56,0
11702,54,0
11703,56,0
11704,57,0
11705,57,0
11706,58,0
11707,54,0
11708,55,0
11709,55,0
11710,56,0
11711,56,0
11712,56,0
11713,55,0
11714,57,0
11715,56,0
11716,58,0
11717,55,0
11718,55,0
11719,56,0
11720,56,0
11721,55,0
11722,55,0
11723,56,0
11724,56,0
11725,58,0
11726,57,0
11727,55,0
11728,56,0
11729,58,0
11730,56,0
11731,55,0
11732,57,0
11733,58,0
11734,56,0
11735,55,0
11736,55,0
11737,59,0
11738,54,0
11739,56,0
11740,55,0
11741,55,0
11742,58,0
11743,58,0
11744,56,0
11745,57,0
11746,57,0
11747,56,0
11748,58,0
11749,55,0
11750,56,0
11751,58,0
11752,56,0
11753,57,0
11754,57,0
11755,58,0
11756,58,0
11757,58,0
11758,59,0
11759,59,0
11760,58,0
11761,56,0
11762,56,0
11763,59,0
11764,57,0
11765,58,0
11766,58,0
11767,58,0
11768,55,0
11769,57,0
11770,56,0
11771,56,0
11772,55,0
11773,57,0
11774,58,0
11775,56,0
11776,55,0
11777,57,0
11778,55,0
11779,56,0
11780,56,0
11781,57,0
11782,59,0
11783,55,0
11784,54,0
11785,56,0
11786,57,0
11787,55,0
11788,55,0
11789,56,0
11790,54,0
11791,57,0
11792,55,0
11793,56,0
11794,56,0
11795,54,0
11796,57,0
11797,57,0
11798,56,0
11799,58,0
11800,56,0
11801,55,0
11802,56,0
11803,56,0
11804,54,0
11805,57,0
11806,55,0
11807,56,0
11808,56,0
11809,56,0
11810,55,0
11811,57,0
11812,56,0
11813,56,0
11814,58,0
11815,59,0
11816,55,0
11817,56,0
11818,54,0
11819,56,0
11820,57,0
11821,55,0
11822,56,0
11823,56,0
11824,57,0
11825,57,0
11826,56,0
11827,56,0
11828,55,0
11829,55,0
11830,56,0
11831,56,0
11832,59,0
11833,59,0
11834,56,0
11835,56,0
11836,57,0
11837,55,0
11838,56,0
11839,56,0
11840,58,0
11841,57,0
11842,57,0
11843,56,0
11844,54,0
11845,56,0
11846,57,0
11847,58,0
11848,56,0
11849,55,0
11850,55,0
11851,56,0
11852,56,0
11853,56,0
11854,55,0
11855,57,0
11856,56,0
11857,56,0
11858,55,0
11859,56,0
11860,58,0
11861,58,0
11862,57,0
11863,55,0
11864,56,0
11865,58,0
11866,56,0
11867,59,0
11868,55,0
11869,55,0
11870,56,0
11871,58,0
11872,56,0
11873,59,0
11874,58,0
11875,58,0
11876,58,0
11877,59,0
11878,55,0
11879,56,0
11880,56,0
11881,58,0
11882,59,0
11883,58,0
11884,58,0
11885,56,0
11886,59,0
11887,57,0
11888,56,0
11889,58,0
11890,56,0
11891,59,0
11892,55,0
11893,59,0
11894,58,0
11895,56,0
11896,58,0
11897,55,0
11898,57,0
11899,56,0
11900,56,0
11901,57,0
11902,57,0
11903,57,0
11904,58,0
11905,58,0
11906,54,0
11907,57,0
11908,56,0
11909,56,0
11910,56,0
11911,57,0
11912,57,0
11913,57,0
11914,56,0
11915,56,0
11916,56,0
11917,57,0
11918,59,0
11919,54,0
11920,56,0
11921,56,0
11922,57,0
11923,55,0
11924,59,0
11925,56,0
11926,56,0
11927,56,0
11928,57,0
11929,57,0
11930,57,0
11931,56,0
11932,56,0
11933,59,0
11934,55,0
11935,58,0
11936,56,0
11937,56,0
11938,57,0
11939,55,0
11940,58,0
11941,54,0
11942,58,0
11943,57,0
11944,57,0
11945,57,0
11946,56,0
11947,56,0
11948,56,0
11949,59,0
11950,57,0
11951,59,0
11952,56,0
11953,56,0
11954,59,0
11955,59,0
11956,54,0
11957,57,0
11958,55,0
11959,55,0
11960,56,0
11961,54,0
11962,55,0
11963,57,0
11964,54,0
11965,56,0
11966,54,0
11967,55,0
11968,59,0
11969,56,0
11970,54,0
11971,56,0
11972,57,0
11973,56,0
11974,56,0
11975,56,0
11976,57,0
11977,55,0
11978,56,0
11979,56,0
11980,57,0
11981,59,0
11982,56,0
11983,58,0
11984,57,0
11985,59,0
11986,58,0
11987,58,0
11988,58,0
11989,57,0
11990,55,0
11991,58,0
11992,58,0
11993,54,0
11994,57,0
11995,57,0
11996,56,0
11997,58,0
11998,54,0
11999,55,0
12000,57,0
12001,58,0
12002,56,0
12003,55,0
12004,57,0
12005,57,0
12006,58,0
12007,58,0
12008,57,0
12009,56,0
12010,56,0
12011,56,0
12012,55,0
12013,55,0
12014,56,0
12015,56,0
12016,57,0
12017,55,0
12018,55,0
12019,58,0
12020,56,0
12021,57,0
12022,55,0
12023,56,0
12024,56,0
12025,56,0
12026,55,0
12027,56,0
12028,56,0
12029,58,0
12030,57,0
12031,55,0
12032,56,0
12033,56,0
12034,56,0
12035,59,0
12036,55,0
12037,58,0
12038,57,0
12039,55,0
12040,57,0
12041,54,0
12042,58,0
12043,54,0
12044,59,0
12045,59,0
12046,58,0
12047,56,0
12048,58,0
12049,56,0
12050,59,0
12051,57,0
12052,56,0
12053,56,0
12054,55,0
12055,57,0
12056,57,0
12057,56,0
12058,56,0
12059,56,0
12060,59,0
12061,58,0
12062,56,0
12063,56,0
12064,55,0
12065,59,0
12066,57,0
12067,56,0
12068,58,0
12069,58,0
12070,55,0
12071,59,0
12072,59,0
12073,56,0
12074,54,0
12075,56,0
12076,55,0
12077,57,0
12078,55,0
12079,56,0
12080,57,0
12081,57,0
12082,57,0
12083,58,0
12084,56,0
12085,56,0
12086,57,0
12087,58,0
12088,56,0
12089,58,0
12090,55,0
12091,55,0
12092,56,0
12093,58,0
12094,58,0
12095,55,0
12096,55,0
12097,55,0
12098,56,0
12099,56,0
12100,58,0
12101,55,0
12102,59,0
12103,58,0
12104,54,0
12105,58,0
12106,59,0
12107,57,0
12108,57,0
12109,56,0
12110,56,0
12111,55,0
12112,56,0
12113,56,0
12114,58,0
12115,55,0
12116,59,0
12117,56,0
12118,58,0
12119,56,0
12120,57,0
12121,57,0
12122,56,0
12123,54,0
12124,57,0
12125,57,0
12126,55,0
12127,56,0
12128,56,0
12129,55,0
12130,55,0
12131,56,0
12132,54,0
12133,58,0
12134,55,0
12135,56,0
12136,56,0
12137,55,0
12138,57,0
12139,58,0
12140,58,0
12141,58,0
12142,57,0
12143,57,0
12144,56,0
12145,56,0
12146,54,0
12147,59,0
12148,59,0
12149,56,0
12150,58,0
12151,57,0
12152,59,0
12153,58,0
12154,56,0
12155,59,0
12156,57,0
12157,57,0
12158,58,0
12159,57,0
12160,58,0
12161,56,0
12162,56,0
12163,57,0
12164,55,0
12165,58,0
12166,58,0
12167,58,0
12168,56,0
12169,57,0
12170,55,0
12171,58,0
12172,58,0
12173,58,0
12174,57,0
12175,57,0
12176,58,0
12177,56,0
12178,81,0
12179,58,0
12180,56,0
12181,57,0
12182,56,0
12183,56,0
12184,55,0
12185,55,0
12186,56,0
12187,56,0
12188,55,0
12189,58,0
12190,56,0
12191,59,0
12192,55,0
12193,58,0
12194,58,0
12195,55,0
12196,57,0
12197,56,0
12198,54,0
12199,57,0
12200,56,0
12201,59,0
12202,55,0
12203,56,0
12204,56,0
12205,55,0
12206,57,0
12207,56,0
12208,56,0
12209,55,0
12210,57,0
12211,56,0
12212,54,0
12213,59,0
12214,58,0
12215,58,0
12216,57,0
12217,59,0
12218,56,0
12219,58,0
12220,59,0
12221,55,0
12222,54,0
12223,55,0
12224,56,0
12225,56,0
12226,55,0
12227,55,0
12228,58,0
12229,58,0
12230,55,0
12231,55,0
12232,58,0
12233,56,0
12234,57,0
12235,58,0
12236,56,0
12237,57,0
12238,59,0
12239,56,0
12240,58,0
12241,55,0
12242,57,0
12243,58,0
12244,56,0
12245,55,0
12246,58,0
12247,59,0
12248,55,0
12249,56,0
12250,58,0
12251,59,0
12252,57,0
12253,54,0
12254,56,0
12255,59,0
12256,56,0
12257,58,0
12258,57,0
12259,59,0
12260,58,0
12261,56,0
12262,57,0
12263,58,0
12264,58,0
12265,55,0
12266,59,0
12267,58,0
12268,58,0
12269,57,0
12270,58,0
12271,59,0
12272,59,0
12273,56,0
12274,56,0
12275,57,0
12276,58,0
12277,58,0
12278,57,0
12279,55,0
12280,58,0
12281,58,0
12282,59,0
12283,56,0
12284,58,0
12285,55,0
12286,59,0
12287,58,0
12288,56,0
12289,57,0
12290,56,0
12291,56,0
12292,59,0
12293,59,0
12294,56,0
12295,55,0
12296,57,0
12297,56,0
12298,55,0
12299,55,0
12300,58,0
12301,58,0
12302,57,0
12303,57,0
12304,56,0
12305,56,0
12306,57,0
12307,58,0
12308,58,0
12309,59,0
12310,57,0
12311,58,0
12312,56,0
12313,55,0
12314,56,0
12315,58,0
12316,59,0
12317,56,0
12318,54,0
12319,59,0
12320,59,0
12321,54,0
12322,56,0
12323,59,0
12324,59,0
12325,58,0
12326,56,0
12327,57,0
12328,56,0
12329,54,0
12330,57,0
12331,57,0
12332,56,0
12333,58,0
12334,57,0
12335,57,0
12336,58,0
12337,58,0
12338,57,0
12339,56,0
12340,55,0
12341,59,0
12342,56,0
12343,56,0
12344,59,0
12345,57,0
12346,56,0
12347,56,0
12348,59,0
12349,56,0
12350,56,0
12351,55,0
12352,59,0
12353,58,0
12354,56,0
12355,55,0
12356,59,0
12357,56,0
12358,56,0
12359,57,0
12360,57,0
12361,58,0
12362,56,0
12363,55,0
12364,58,0
12365,58,0
12366,57,0
12367,56,0
12368,58,0
12369,55,0
12370,59,0
12371,58,0
12372,58,0
12373,59,0
12374,57,0
12375,58,0
12376,58,0
12377,57,0
12378,55,0
12379,56,0
12380,58,0
12381,55,0
12382,55,0
12383,56,0
12384,58,0
12385,55,0
12386,56,0
12387,57,0
12388,59,0
12389,58,0
12390,56,0
12391,59,0
12392,56,0
12393,58,0
12394,57,0
12395,55,0
12396,56,0
12397,58,0
12398,59,0
12399,59,0
12400,56,0
12401,55,0
12402,55,0
12403,56,0
12404,54,0
12405,57,0
12406,59,0
12407,56,0
12408,57,0
12409,59,0
12410,58,0
12411,57,0
12412,57,0
12413,58,0
12414,57,0
12415,57,0
12416,58,0
12417,54,0
12418,57,0
12419,57,0
12420,58,0
12421,59,0
12422,55,0
12423,58,0
12424,56,0
12425,55,0
12426,56,0
12427,58,0
12428,56,0
12429,55,0
12430,58,0
12431,58,0
12432,55,0
12433,59,0
12434,58,0
12435,59,0
12436,59,0
12437,56,0
12438,58,0
12439,55,0
12440,56,0
12441,54,0
12442,57,0
12443,59,0
12444,56,0
12445,56,0
12446,55,0
12447,56,0
12448,58,0
12449,55,0
12450,59,0
12451,54,0
12452,56,0
12453,59,0
12454,57,0
12455,56,0
12456,56,0
12457,56,0
12458,58,0
12459,59,0
12460,56,0
12461,56,0
12462,58,0
12463,55,0
12464,56,0
12465,56,0
12466,57,0
12467,55,0
12468,56,0
12469,58,0
12470,57,0
12471,57,0
12472,58,0
12473,58,0
12474,55,0
12475,57,0
12476,58,0
12477,58,0
12478,57,0
12479,56,0
12480,56,0
12481,57,0
12482,58,0
12483,58,0
12484,56,0
12485,55,0
12486,57,0
12487,58,0
12488,54,0
12489,57,0
12490,59,0
12491,54,0
12492,58,0
12493,57,0
12494,56,0
12495,58,0
12496,56,0
12497,57,0
12498,59,0
12499,54,0
12500,54,0
12501,59,0
12502,55,0
12503,58,0
12504,56,0
12505,58,0
12506,54,0
12507,56,0
12508,56,0
12509,57,0
12510,56,0
12511,56,0
12512,59,0
12513,57,0
12514,54,0
12515,56,0
12516,55,0
12517,55,0
12518,56,0
12519,56,0
12520,56,0
12521,57,0
12522,55,0
12523,56,0
12524,54,0
12525,55,0
12526,55,0
12527,56,0
12528,56,0
12529,55,0
12530,56,0
12531,58,0
12532,57,0
12533,55,0
12534,56,0
12535,58,0
12536,57,0
12537,55,0
12538,56,0
12539,56,0
12540,55,0
12541,56,0
12542,58,0
12543,57,0
12544,55,0
12545,54,0
12546,56,0
12547,55,0
12548,59,0
12549,56,0
12550,58,0
12551,55,0
12552,55,0
12553,54,0
12554,56,0
12555,56,0
12556,55,0
12557,59,0
12558,56,0
12559,56,0
12560,59,0
12561,56,0
12562,56,0
12563,57,0
12564,57,0
12565,56,0
12566,56,0
12567,57,0
12568,55,0
12569,56,0
12570,56,0
12571,56,0
12572,57,0
12573,55,0
12574,56,0
12575,55,0
12576,57,0
12577,58,0
12578,54,0
12579,57,0
12580,55,0
12581,54,0
12582,56,0
12583,56,0
12584,57,0
12585,57,0
12586,59,0
12587,56,0
12588,58,0
12589,58,0
12590,57,0
12591,59,0
12592,56,0
12593,58,0
12594,55,0
12595,55,0
12596,58,0
12597,56,0
12598,55,0
12599,57,0
12600,56,0
12601,55,0
12602,59,0
12603,56,0
12604,58,0
12605,55,0
12606,56,0
12607,56,0
12608,56,0
12609,55,0
12610,56,0
12611,58,0
12612,56,0
12613,55,0
12614,56,0
12615,56,0
12616,59,0
12617,57,0
12618,56,0
12619,58,0
12620,59,0
12621,57,0
12622,56,0
12623,56,0
12624,57,0
12625,56,0
12626,54,0
12627,56,0
12628,55,0
12629,56,0
12630,56,0
12631,56,0
12632,59,0
12633,55,0
12634,58,0
12635,54,0
12636,57,0
12637,56,0
12638,56,0
12639,56,0
12640,57,0
12641,55,0
12642,56,0
12643,57,0
12644,55,0
12645,56,0
12646,54,0
12647,55,0
12648,57,0
12649,56,0
12650,56,0
12651,59,0
12652,55,0
12653,58,0
12654,56,0
12655,55,0
12656,55,0
12657,56,0
12658,58,0
12659,57,0
12660,57,0
12661,56,0
12662,56,0
12663,55,0
12664,58,0
12665,56,0
12666,55,0
12667,56,0
12668,58,0
12669,57,0
12670,57,0
12671,58,0
12672,56,0
12673,57,0
12674,59,0
12675,56,0
12676,58,0
12677,55,0
12678,56,0
12679,58,0
12680,59,0
12681,55,0
12682,58,0
12683,58,0
12684,57,0
12685,56,0
12686,54,0
12687,57,0
12688,56,0
12689,58,0
12690,57,0
12691,56,0
12692,56,0
12693,59,0
12694,55,0
12695,56,0
12696,58,0
12697,57,0
12698,56,0
12699,56,0
12700,59,0
12701,59,0
12702,56,0
12703,58,0
12704,57,0
12705,56,0
12706,58,0
12707,59,0
12708,59,0
12709,56,0
12710,58,0
12711,56,0
12712,58,0
12713,57,0
12714,55,0
12715,58,0
12716,56,0
12717,55,0
12718,58,0
12719,56,0
12720,55,0
12721,55,0
12722,58,0
12723,56,0
12724,57,0
12725,56,0
12726,56,0
12727,59,0
12728,59,0
12729,58,0
12730,56,0
12731,55,0
12732,58,0
12733,56,0
12734,59,0
12735,56,0
12736,58,0
12737,59,0
12738,56,0
12739,56,0
12740,56,0
12741,59,0
12742,56,0
12743,54,0
12744,55,0
12745,59,0
12746,56,0
12747,56,0
12748,57,0
12749,55,0
12750,58,0
12751,56,0
12752,57,0
12753,58,0
12754,56,0
12755,59,0
12756,55,0
12757,56,0
12758,59,0
12759,59,0
12760,58,0
12761,56,0
12762,55,0
12763,58,0
12764,56,0
12765,57,0
12766,59,0
12767,58,0
12768,56,0
12769,55,0
12770,56,0
12771,58,0
12772,55,0
12773,57,0
12774,56,0
12775,56,0
12776,55,0
12777,57,0
12778,58,0
12779,58,0
12780,57,0
12781,57,0
12782,58,0
12783,59,0
12784,56,0
12785,56,0
12786,57,0
12787,59,0
12788,56,0
12789,56,0
12790,59,0
12791,59,0
12792,56,0
12793,56,0
12794,59,0
12795,57,0
12796,56,0
12797,56,0
12798,57,0
12799,58,0
12800,56,0
12801,55,0
12802,55,0
12803,58,0
12804,54,0
12805,57,0
12806,56,0
12807,58,0
12808,55,0
12809,55,0
12810,56,0
12811,58,0
12812,55,0
12813,56,0
12814,58,0
12815,57,0
12816,55,0
12817,54,0
12818,56,0
12819,55,0
12820,56,0
12821,56,0
12822,55,0
12823,57,0
12824,56,0
12825,54,0
12826,57,0
12827,55,0
12828,58,0
12829,56,0
12830,56,0
12831,58,0
12832,55,0
12833,57,0
12834,56,0
12835,54,0
12836,55,0
12837,57,0
12838,58,0
12839,58,0
12840,57,0
12841,56,0
12842,58,0
12843,57,0
12844,55,0
12845,58,0
12846,58,0
12847,59,0
12848,58,0
12849,56,0
12850,59,0
12851,59,0
12852,56,0
12853,57,0
12854,56,0
12855,58,0
12856,56,0
12857,57,0
12858,56,0
12859,56,0
12860,55,0
12861,57,0
12862,58,0
12863,58,0
12864,59,0
12865,56,0
12866,58,0
12867,57,0
12868,57,0
12869,58,0
12870,54,0
12871,59,0
12872,59,0
12873,56,0
12874,56,0
12875,57,0
12876,58,0
12877,56,0
12878,55,0
12879,55,0
12880,56,0
12881,58,0
12882,59,0
12883,58,0
12884,56,0
12885,57,0
12886,55,0
12887,58,0
12888,54,0
12889,57,0
12890,55,0
12891,58,0
12892,56,0
12893,55,0
12894,57,0
12895,56,0
12896,54,0
12897,55,0
12898,55,0
12899,56,0
12900,56,0
12901,57,0
12902,56,0
12903,56,0
12904,56,0
12905,57,0
12906,57,0
12907,56,0
12908,56,0
12909,56,0
12910,56,0
12911,59,0
12912,59,0
12913,56,0
12914,56,0
12915,57,0
12916,55,0
12917,56,0
12918,58,0
12919,54,0
12920,55,0
12921,55,0
12922,58,0
12923,58,0
12924,57,0
12925,57,0
12926,54,0
12927,54,0
12928,57,0
12929,58,0
12930,58,0
12931,58,0
12932,55,0
12933,57,0
12934,58,0
12935,54,0
12936,57,0
12937,55,0
12938,57,0
12939,56,0
12940,54,0
12941,57,0
12942,59,0
12943,56,0
12944,56,0
12945,57,0
12946,55,0
12947,58,0
12948,58,0
12949,59,0
12950,57,0
12951,54,0
12952,58,0
12953,55,0
12954,58,0
12955,56,0
12956,59,0
12957,57,0
12958,58,0
12959,56,0
12960,56,0
12961,57,0
12962,59,0
12963,56,0
12964,56,0
12965,57,0
12966,55,0
12967,55,0
12968,58,0
12969,58,0
12970,55,0
12971,59,0
12972,56,0
12973,58,0
12974,56,0
12975,55,0
12976,56,0
12977,56,0
12978,54,0
12979,59,0
12980,55,0
12981,56,0
12982,56,0
12983,55,0
12984,57,0
12985,58,0
12986,58,0
12987,56,0
12988,56,0
12989,56,0
12990,59,0
12991,56,0
12992,56,0
12993,59,0
12994,55,0
12995,57,0
12996,56,0
12997,56,0
12998,55,0
12999,55,0
13000,58,0
13001,55,0
13002,57,0
13003,56,0
13004,56,0
13005,55,0
13006,55,0
13007,55,0
13008,56,0
13009,54,0
13010,55,0
13011,55,0
13012,56,0
13013,57,0
13014,55,0
13015,58,0
13016,56,0
13017,59,0
13018,55,0
13019,56,0
13020,54,0
13021,56,0
13022,55,0
13023,55,0
13024,56,0
13025,54,0
13026,55,0
13027,57,0
13028,56,0
13029,54,0
13030,56,0
13031,55,0
13032,55,0
13033,54,0
13034,58,0
13035,55,0
13036,55,0
13037,56,0
13038,59,0
13039,59,0
13040,56,0
13041,58,0
13042,56,0
13043,55,0
13044,57,0
13045,58,0
13046,56,0
13047,58,0
13048,57,0
13049,57,0
13050,57,0
13051,56,0
13052,58,0
13053,54,0
13054,55,0
13055,57,0
13056,56,0
13057,56,0
13058,56,0
13059,59,0
13060,56,0
13061,56,0
13062,58,0
13063,57,0
13064,59,0
13065,58,0
13066,56,0
13067,56,0
13068,57,0
13069,59,0
13070,56,0
13071,54,0
13072,59,0
13073,57,0
13074,56,0
13075,56,0
13076,58,0
13077,59,0
13078,57,0
13079,56,0
13080,56,0
13081,59,0
13082,58,0
13083,56,0
13084,56,0
13085,59,0
13086,59,0
13087,56,0
13088,56,0
13089,56,0
13090,59,0
13091,59,0
13092,58,0
13093,58,0
13094,55,0
13095,57,0
13096,58,0
13097,58,0
13098,59,0
13099,59,0
13100,56,0
13101,56,0
13102,58,0
13103,59,0
13104,58,0
13105,56,0
13106,57,0
13107,55,0
13108,58,0
13109,58,0
13110,58,0
13111,57,0
13112,57,0
13113,56,0
13114,58,0
13115,57,0
13116,57,0
13117,56,0
13118,56,0
13119,57,0
13120,57,0
13121,58,0
13122,56,0
13123,58,0
13124,57,0
13125,55,0
13126,56,0
13127,56,0
13128,59,0
13129,58,0
13130,56,0
13131,55,0
13132,55,0
13133,58,0
13134,58,0
13135,56,0
13136,57,0
13137,57,0
13138,54,0
13139,58,0
13140,59,0
13141,57,0
13142,56,0
13143,58,0
13144,59,0
13145,55,0
13146,56,0
13147,58,0
13148,56,0
13149,57,0
13150,59,0
13151,56,0
13152,57,0
13153,55,0
13154,56,0
13155,58,0
13156,57,0
13157,57,0
13158,56,0
13159,58,0
13160,56,0
13161,55,0
13162,59,0
13163,56,0
13164,54,0
13165,55,0
13166,57,0
13167,56,0
13168,58,0
13169,56,0
13170,55,0
13171,59,0
13172,58,0
13173,56,0
13174,57,0
13175,59,0
13176,56,0
13177,59,0
13178,55,0
13179,58,0
13180,56,0
13181,56,0
13182,55,0
13183,55,0
13184,56,0
13185,56,0
13186,57,0
13187,57,0
13188,56,0
13189,56,0
13190,56,0
13191,57,0
13192,57,0
13193,58,0
13194,58,0
13195,58,0
13196,57,0
13197,57,0
13198,58,0
13199,59,0
13200,57,0
13201,56,0
13202,56,0
13203,57,0
13204,59,0
13205,58,0
13206,56,0
13207,56,0
13208,59,0
13209,59,0
13210,54,0
13211,56,0
13212,58,0
13213,57,0
13214,57,0
13215,56,0
13216,58,0
13217,59,0
13218,59,0
13219,55,0
13220,56,0
13221,56,0
13222,59,0
13223,58,0
13224,56,0
13225,57,0
13226,55,0
13227,56,0
13228,56,0
13229,56,0
13230,57,0
13231,57,0
13232,57,0
13233,56,0
13234,56,0
13235,55,0
13236,55,0
13237,56,0
13238,56,0
13239,56,0
13240,55,0
13241,57,0
13242,56,0
13243,58,0
13244,56,0
13245,58,0
13246,58,0
13247,58,0
13248,59,0
13249,57,0
13250,56,0
13251,54,0
13252,55,0
13253,59,0
13254,56,0
13255,58,0
13256,59,0
13257,55,0
13258,55,0
13259,56,0
13260,56,0
13261,59,0
13262,55,0
13263,58,0
13264,56,0
13265,59,0
13266,57,0
13267,56,0
13268,59,0
13269,59,0
13270,58,0
13271,56,0
13272,55,0
13273,57,0
13274,58,0
13275,58,0
13276,59,0
13277,59,0
13278,54,0
13279,58,0
13280,55,0
13281,58,0
13282,56,0
13283,55,0
13284,57,0
13285,54,0
13286,56,0
13287,56,0
13288,55,0
13289,58,0
13290,58,0
13291,57,0
13292,56,0
13293,56,0
13294,57,0
13295,55,0
13296,54,0
13297,56,0
13298,57,0
13299,55,0
13300,56,0
13301,58,0
13302,55,0
13303,55,0
13304,56,0
13305,58,0
13306,55,0
13307,57,0
13308,56,0
13309,56,0
13310,56,0
13311,55,0
13312,56,0
13313,56,0
13314,56,0
13315,58,0
13316,56,0
13317,55,0
13318,57,0
13319,56,0
13320,56,0
13321,56,0
13322,57,0
13323,59,0
13324,56,0
13325,56,0
13326,57,0
13327,55,0
13328,58,0
13329,56,0
13330,56,0
13331,59,0
13332,59,0
13333,56,0
13334,54,0
13335,56,0
13336,55,0
13337,58,0
13338,57,0
13339,59,0
13340,57,0
13341,58,0
13342,56,0
13343,55,0
13344,57,0
13345,56,0
13346,56,0
13347,56,0
13348,55,0
13349,57,0
13350,56,0
13351,58,0
13352,57,0
13353,59,0
13354,54,0
13355,58,0
13356,56,0
13357,55,0
13358,56,0
13359,56,0
13360,58,0
13361,55,0
13362,56,0
13363,54,0
13364,59,0
13365,55,0
13366,56,0
13367,56,0
13368,56,0
13369,57,0
13370,55,0
13371,58,0
13372,56,0
13373,55,0
13374,55,0
13375,56,0
13376,56,0
13377,58,0
13378,59,0
13379,59,0
13380,56,0
13381,58,0
13382,55,0
13383,55,0
13384,56,0
13385,56,0
13386,57,0
13387,59,0
13388,54,0
13389,54,0
13390,57,0
13391,57,0
13392,56,0
13393,56,0
13394,55,0
13395,57,0
13396,56,0
13397,58,0
13398,56,0
13399,55,0
13400,57,0
13401,56,0
13402,58,0
13403,59,0
13404,55,0
13405,56,0
13406,56,0
13407,55,0
13408,57,0
13409,58,0
13410,57,0
13411,59,0
13412,58,0
13413,58,0
13414,55,0
13415,55,0
13416,56,0
13417,54,0
13418,56,0
13419,59,0
13420,59,0
13421,56,0
13422,56,0
13423,55,0
13424,57,0
13425,56,0
13426,56,0
13427,57,0
13428,57,0
13429,56,0
13430,58,0
13431,55,0
13432,56,0
13433,58,0
13434,59,0
13435,57,0
13436,56,0
13437,58,0
13438,57,0
13439,57,0
13440,58,0
13441,56,0
13442,57,0
13443,57,0
13444,58,0
13445,58,0
13446,56,0
13447,59,0
13448,59,0
13449,58,0
13450,58,0
13451,55,0
13452,59,0
13453,58,0
13454,58,0
13455,57,0
13456,56,0
13457,58,0
13458,55,0
13459,59,0
13460,58,0
13461,56,0
13462,56,0
13463,55,0
13464,58,0
13465,54,0
13466,59,0
13467,55,0
13468,58,0
13469,56,0
13470,57,0
13471,59,0
13472,58,0
13473,56,0
13474,57,0
13475,57,0
13476,56,0
13477,56,0
13478,57,0
13479,57,0
13480,56,0
13481,58,0
13482,59,0
13483,57,0
13484,54,0
13485,56,0
13486,55,0
13487,57,0
13488,57,0
13489,56,0
13490,54,0
13491,55,0
13492,57,0
13493,56,0
13494,58,0
13495,56,0
13496,55,0
13497,57,0
13498,58,0
13499,56,0
13500,56,0
13501,57,0
13502,58,0
13503,56,0
13504,57,0
13505,59,0
13506,56,0
13507,56,0
13508,56,0
13509,55,0
13510,59,0
13511,58,0
13512,56,0
13513,56,0
13514,57,0
13515,59,0
13516,54,0
13517,56,0
13518,57,0
13519,59,0
13520,56,0
13521,54,0
13522,54,0
13523,55,0
13524,56,0
13525,56,0
13526,55,0
13527,55,0
13528,56,0
13529,56,0
13530,56,0
13531,57,0
13532,59,0
13533,56,0
13534,56,0
13535,57,0
13536,59,0
13537,56,0
13538,58,0
13539,58,0
13540,57,0
13541,59,0
13542,56,0
13543,58,0
13544,59,0
13545,57,0
13546,56,0
13547,59,0
13548,55,0
13549,58,0
13550,56,0
13551,55,0
13552,55,0
13553,56,0
13554,58,0
13555,56,0
13556,55,0
13557,55,0
13558,58,0
13559,56,0
13560,57,0
13561,59,0
13562,58,0
13563,56,0
13564,55,0
13565,57,0
13566,55,0
13567,58,0
13568,57,0
13569,57,0
13570,56,0
13571,59,0
13572,55,0
13573,54,0
13574,60,0
13575,56,0
13576,57,0
13577,59,0
13578,58,0
13579,56,0
13580,55,0
13581,59,0
13582,54,0
13583,56,0
13584,55,0
13585,59,0
13586,56,0
13587,54,0
13588,58,0
13589,57,0
13590,57,0
13591,56,0
13592,58,0
13593,59,0
13594,57,0
13595,56,0
13596,59,0
13597,59,0
13598,58,0
13599,56,0
13600,56,0
13601,55,0
13602,59,0
13603,58,0
13604,56,0
13605,55,0
13606,57,0
13607,58,0
13608,56,0
13609,58,0
13610,57,0
13611,56,0
13612,54,0
13613,56,0
13614,57,0
13615,59,0
13616,56,0
13617,56,0
13618,56,0
13619,56,0
13620,58,0
13621,55,0
13622,55,0
13623,56,0
13624,56,0
13625,56,0
13626,59,0
13627,57,0
13628,56,0
13629,54,0
13630,57,0
13631,55,0
13632,54,0
13633,56,0
13634,55,0
13635,57,0
13636,57,0
13637,56,0
13638,56,0
13639,57,0
13640,55,0
13641,56,0
13642,57,0
13643,55,0
13644,56,0
13645,56,0
13646,56,0
13647,59,0
13648,55,0
13649,58,0
13650,58,0
13651,56,0
13652,57,0
13653,57,0
13654,56,0
13655,56,0
13656,59,0
13657,57,0
13658,57,0
13659,56,0
13660,54,0
13661,57,0
13662,55,0
13663,58,0
13664,56,0
13665,57,0
13666,55,0
13667,58,0
13668,56,0
13669,55,0
13670,58,0
13671,57,0
13672,59,0
13673,56,0
13674,56,0
13675,57,0
13676,55,0
13677,56,0
13678,56,0
13679,55,0
13680,59,0
13681,56,0
13682,58,0
13683,57,0
13684,59,0
13685,58,0
13686,56,0
13687,58,0
13688,56,0
13689,58,0
13690,56,0
13691,57,0
13692,59,0
13693,59,0
13694,56,0
13695,56,0
13696,56,0
13697,57,0
13698,57,0
13699,56,0
13700,56,0
13701,54,0
13702,59,0
13703,55,0
13704,56,0
13705,56,0
13706,56,0
13707,57,0
13708,55,0
13709,56,0
13710,56,0
13711,55,0
13712,57,0
13713,54,0
13714,56,0
13715,57,0
13716,55,0
13717,58,0
13718,56,0
13719,56,0
13720,57,0
13721,57,0
13722,56,0
13723,54,0
13724,56,0
13725,57,0
13726,57,0
13727,56,0
13728,56,0
13729,56,0
13730,55,0
13731,55,0
13732,56,0
13733,58,0
13734,56,0
13735,57,0
13736,55,0
13737,56,0
13738,58,0
13739,57,0
13740,59,0
13741,56,0
13742,58,0
13743,56,0
13744,55,0
13745,57,0
13746,56,0
13747,54,0
13748,58,0
13749,55,0
13750,59,0
13751,56,0
13752,58,0
13753,56,0
13754,57,0
13755,55,0
13756,58,0
13757,56,0
13758,56,0
13759,59,0
13760,59,0
13761,55,0
13762,58,0
13763,55,0
13764,57,0
13765,57,0
13766,56,0
13767,56,0
13768,56,0
13769,55,0
13770,57,0
13771,56,0
13772,56,0
13773,56,0
13774,57,0
13775,55,0
13776,57,0
13777,56,0
13778,56,0
13779,56,0
13780,59,0
13781,55,0
13782,56,0
13783,56,0
13784,56,0
13785,56,0
13786,57,0
13787,57,0
13788,56,0
13789,56,0
13790,55,0
13791,59,0
13792,56,0
13793,58,0
13794,56,0
13795,59,0
13796,57,0
13797,56,0
13798,56,0
13799,56,0
13800,57,0
13801,57,0
13802,56,0
13803,54,0
13804,58,0
13805,55,0
13806,55,0
13807,56,0
13808,58,0
13809,56,0
13810,56,0
13811,57,0
13812,58,0
13813,54,0
13814,56,0
13815,55,0
13816,55,0
13817,56,0
13818,56,0
13819,56,0
13820,57,0
13821,55,0
13822,55,0
13823,56,0
13824,58,0
13825,56,0
13826,55,0
13827,59,0
13828,55,0
13829,56,0
13830,56,0
13831,56,0
13832,57,0
13833,57,0
13834,56,0
13835,56,0
13836,56,0
13837,55,0
13838,57,0
13839,56,0
13840,57,0
13841,55,0
13842,57,0
13843,54,0
13844,56,0
13845,56,0
13846,59,0
13847,57,0
13848,57,0
13849,54,0
13850,56,0
13851,56,0
13852,55,0
13853,55,0
13854,58,0
13855,56,0
13856,59,0
13857,55,0
13858,57,0
13859,56,0
13860,58,0
13861,55,0
13862,55,0
13863,58,0
13864,54,0
13865,55,0
13866,55,0
13867,56,0
13868,56,0
13869,56,0
13870,59,0
13871,59,0
13872,56,0
13873,58,0
13874,58,0
13875,55,0
13876,55,0
13877,56,0
13878,56,0
13879,56,0
13880,55,0
13881,55,0
13882,56,0
13883,56,0
13884,56,0
13885,57,0
13886,55,0
13887,57,0
13888,56,0
13889,55,0
13890,59,0
13891,57,0
13892,58,0
13893,56,0
13894,55,0
13895,59,0
13896,56,0
13897,56,0
13898,58,0
13899,55,0
13900,57,0
13901,57,0
13902,58,0
13903,56,0
13904,56,0
13905,57,0
13906,55,0
13907,56,0
13908,54,0
13909,54,0
13910,57,0
13911,57,0
13912,56,0
13913,56,0
13914,57,0
13915,57,0
13916,56,0
13917,54,0
13918,58,0
13919,56,0
13920,58,0
13921,56,0
13922,56,0
13923,59,0
13924,55,0
13925,57,0
13926,57,0
13927,57,0
13928,57,0
13929,56,0
13930,56,0
13931,56,0
13932,56,0
13933,56,0
13934,56,0
13935,56,0
13936,57,0
13937,55,0
13938,56,0
13939,58,0
13940,56,0
13941,59,0
13942,57,0
13943,59,0
13944,56,0
13945,58,0
13946,56,0
13947,57,0
13948,55,0
13949,56,0
13950,56,0
13951,56,0
13952,57,0
13953,57,0
13954,55,0
13955,56,0
13956,55,0
13957,55,0
13958,55,0
13959,56,0
13960,54,0
13961,54,0
13962,57,0
13963,57,0
13964,55,0
13965,56,0
13966,56,0
13967,58,0
13968,55,0
13969,59,0
13970,55,0
13971,54,0
13972,56,0
13973,56,0
13974,55,0
13975,59,0
13976,56,0
13977,58,0
13978,56,0
13979,59,0
13980,56,0
13981,56,0
13982,59,0
13983,59,0
13984,57,0
13985,56,0
13986,58,0
13987,55,0
13988,55,0
13989,59,0
13990,58,0
13991,58,0
13992,56,0
13993,55,0
13994,57,0
13995,58,0
13996,58,0
13997,56,0
13998,57,0
13999,55,0
14000,58,0
14001,56,0
14002,57,0
14003,58,0
14004,56,0
14005,56,0
14006,57,0
14007,57,0
14008,56,0
14009,58,0
14010,59,0
14011,55,0
14012,57,0
14013,58,0
14014,58,0
14015,56,0
14016,55,0
14017,55,0
14018,56,0
14019,58,0
14020,55,0
14021,55,0
14022,57,0
14023,56,0
14024,56,0
14025,59,0
14026,59,0
14027,56,0
14028,54,0
14029,57,0
14030,55,0
14031,56,0
14032,56,0
14033,56,0
14034,57,0
14035,55,0
14036,56,0
14037,56,0
14038,56,0
14039,56,0
14040,55,0
14041,57,0
14042,56,0
14043,58,0
14044,56,0
14045,59,0
14046,59,0
14047,55,0
14048,54,0
14049,56,0
14050,58,0
14051,55,0
14052,56,0
14053,58,0
14054,56,0
14055,55,0
14056,57,0
14057,56,0
14058,54,0
14059,58,0
14060,55,0
14061,59,0
14062,58,0
14063,54,0
14064,56,0
14065,56,0
14066,59,0
14067,57,0
14068,56,0
14069,58,0
14070,56,0
14071,57,0
14072,57,0
14073,57,0
14074,56,0
14075,56,0
14076,58,0
14077,57,0
14078,56,0
14079,56,0
14080,56,0
14081,59,0
14082,55,0
14083,56,0
14084,56,0
14085,58,0
14086,57,0
14087,59,0
14088,55,0
14089,56,0
14090,54,0
14091,56,0
14092,57,0
14093,57,0
14094,54,0
14095,56,0
14096,56,0
14097,59,0
14098,57,0
14099,56,0
14100,56,0
14101,57,0
14102,55,0
14103,56,0
14104,56,0
14105,56,0
14106,57,0
14107,55,0
14108,55,0
14109,58,0
14110,56,0
14111,58,0
14112,55,0
14113,59,0
14114,56,0
14115,54,0
14116,56,0
14117,55,0
14118,55,0
14119,56,0
14120,56,0
14121,56,0
14122,55,0
14123,57,0
14124,56,0
14125,58,0
14126,57,0
14127,59,0
14128,58,0
14129,56,0
14130,58,0
14131,55,0
14132,59,0
14133,56,0
14134,56,0
14135,54,0
14136,59,0
14137,57,0
14138,58,0
14139,56,0
14140,58,0
14141,55,0
14142,57,0
14143,56,0
14144,56,0
14145,56,0
14146,57,0
14147,55,0
14148,56,0
14149,57,0
14150,57,0
14151,55,0
14152,58,0
14153,58,0
14154,59,0
14155,55,0
14156,58,0
14157,56,0
14158,58,0
14159,57,0
14160,57,0
14161,56,0
14162,58,0
14163,56,0
14164,57,0
14165,57,0
14166,54,0
14167,54,0
14168,54,0
14169,57,0
14170,59,0
14171,56,0
14172,56,0
14173,55,0
14174,55,0
14175,58,0
14176,58,0
14177,57,0
14178,57,0
14179,57,0
14180,56,0
14181,56,0
14182,55,0
14183,57,0
14184,55,0
14185,56,0
14186,56,0
14187,56,0
14188,57,0
14189,55,0
14190,56,0
14191,58,0
14192,54,0
14193,57,0
14194,55,0
14195,55,0
14196,58,0
14197,58,0
14198,55,0
14199,56,0
14200,56,0
14201,56,0
14202,57,0
14203,55,0
14204,55,0
14205,56,0
14206,56,0
14207,58,0
14208,55,0
14209,57,0
14210,58,0
14211,56,0
14212,56,0
14213,57,0
14214,55,0
14215,59,0
14216,56,0
14217,56,0
14218,56,0
14219,57,0
14220,55,0
14221,56,0
14222,56,0
14223,57,0
14224,57,0
14225,54,0
14226,56,0
14227,58,0
14228,57,0
14229,57,0
14230,57,0
14231,56,0
14232,56,0
14233,54,0
14234,55,0
14235,55,0
14236,56,0
14237,54,0
14238,56,0
14239,57,0
14240,57,0
14241,59,0
14242,58,0
14243,56,0
14244,56,0
14245,55,0
14246,57,0
14247,58,0
14248,58,0
14249,56,0
14250,57,0
14251,55,0
14252,56,0
14253,56,0
14254,56,0
14255,59,0
14256,59,0
14257,58,0
14258,56,0
14259,58,0
14260,59,0
14261,55,0
14262,57,0
14263,56,0
14264,58,0
14265,55,0
14266,57,0
14267,56,0
14268,58,0
14269,56,0
14270,59,0
14271,54,0
14272,58,0
14273,58,0
14274,57,0
14275,57,0
14276,58,0
14277,58,0
14278,58,0
14279,59,0
14280,57,0
14281,58,0
14282,58,0
14283,58,0
14284,57,0
14285,55,0
14286,56,0
14287,58,0
14288,58,0
14289,59,0
14290,59,0
14291,56,0
14292,58,0
14293,58,0
14294,55,0
14295,56,0
14296,56,0
14297,56,0
14298,57,0
14299,57,0
14300,56,0
14301,56,0
14302,55,0
14303,55,0
14304,57,0
14305,56,0
14306,56,0
14307,56,0
14308,56,0
14309,56,0
14310,56,0
14311,55,0
14312,57,0
14313,59,0
14314,55,0
14315,55,0
14316,56,0
14317,56,0
14318,56,0
14319,59,0
14320,59,0
14321,56,0
14322,58,0
14323,54,0
14324,59,0
14325,57,0
14326,57,0
14327,56,0
14328,55,0
14329,56,0
14330,56,0
14331,55,0
14332,57,0
14333,57,0
14334,54,0
14335,58,0
14336,56,0
14337,59,0
14338,55,0
14339,56,0
14340,56,0
14341,54,0
14342,55,0
14343,57,0
14344,57,0
14345,56,0
14346,56,0
14347,56,0
14348,57,0
14349,57,0
14350,56,0
14351,56,0
14352,57,0
14353,57,0
14354,58,0
14355,58,0
14356,56,0
14357,57,0
14358,59,0
14359,56,0
14360,56,0
14361,56,0
14362,59,0
14363,57,0
14364,55,0
14365,58,0
14366,56,0
14367,58,0
14368,55,0
14369,55,0
14370,57,0
14371,56,0
14372,56,0
14373,58,0
14374,55,0
14375,57,0
14376,56,0
14377,57,0
14378,55,0
14379,58,0
14380,56,0
14381,56,0
14382,59,0
14383,57,0
14384,58,0
14385,54,0
14386,56,0
14387,57,0
14388,55,0
14389,56,0
14390,58,0
14391,56,0
14392,57,0
14393,57,0
14394,56,0
14395,54,0
14396,56,0
14397,55,0
14398,55,0
14399,55,0
14400,56,0
14401,56,0
14402,57,0
14403,57,0
14404,58,0
14405,56,0
14406,56,0
14407,55,0
14408,55,0
14409,56,0
14410,56,0
14411,56,0
14412,59,0
14413,57,0
14414,56,0
14415,55,0
14416,55,0
14417,56,0
14418,58,0
14419,55,0
14420,55,0
14421,56,0
14422,58,0
14423,57,0
14424,57,0
14425,58,0
14426,56,0
14427,57,0
14428,55,0
14429,56,0
14430,58,0
14431,55,0
14432,57,0
14433,56,0
14434,56,0
14435,57,0
14436,58,0
14437,58,0
14438,59,0
14439,57,0
14440,56,0
14441,56,0
14442,57,0
14443,55,0
14444,58,0
14445,58,0
14446,57,0
14447,59,0
14448,58,0
14449,56,0
14450,54,0
14451,57,0
14452,57,0
14453,58,0
14454,56,0
14455,55,0
14456,56,0
14457,56,0
14458,57,0
14459,56,0
14460,56,0
14461,57,0
14462,55,0
14463,56,0
14464,58,0
14465,57,0
14466,55,0
14467,56,0
14468,58,0
14469,56,0
14470,55,0
14471,58,0
14472,56,0
14473,56,0
14474,55,0
14475,56,0
14476,56,0
14477,56,0
14478,57,0
14479,54,0
14480,56,0
14481,57,0
14482,56,0
14483,54,0
14484,56,0
14485,55,0
14486,57,0
14487,56,0
14488,56,0
14489,55,0
14490,57,0
14491,58,0
14492,54,0
14493,56,0
14494,57,0
14495,55,0
14496,56,0
14497,56,0
14498,57,0
14499,55,0
14500,59,0
14501,56,0
14502,56,0
14503,57,0
14504,54,0
14505,54,0
14506,56,0
14507,57,0
14508,56,0
14509,54,0
14510,56,0
14511,57,0
14512,57,0
14513,56,0
14514,56,0
14515,56,0
14516,56,0
14517,55,0
14518,55,0
14519,56,0
14520,54,0
14521,56,0
14522,57,0
14523,55,0
14524,58,0
14525,56,0
14526,57,0
14527,54,0
14528,56,0
14529,56,0
14530,55,0
14531,57,0
14532,56,0
14533,56,0
14534,57,0
14535,55,0
14536,56,0
14537,56,0
14538,57,0
14539,57,0
14540,56,0
14541,56,0
14542,54,0
14543,57,0
14544,55,0
14545,54,0
14546,56,0
14547,56,0
14548,59,0
14549,56,0
14550,56,0
14551,56,0
14552,57,0
14553,55,0
14554,56,0
14555,54,0
14556,56,0
14557,57,0
14558,57,0
14559,56,0
14560,58,0
14561,55,0
14562,57,0
14563,59,0
14564,56,0
14565,56,0
14566,56,0
14567,57,0
14568,55,0
14569,56,0
14570,54,0
14571,57,0
14572,56,0
14573,56,0
14574,56,0
14575,57,0
14576,55,0
14577,56,0
14578,56,0
14579,58,0
14580,59,0
14581,55,0
14582,56,0
14583,56,0
14584,57,0
14585,55,0
14586,56,0
14587,54,0
14588,55,0
14589,57,0
14590,56,0
14591,56,0
14592,55,0
14593,58,0
14594,56,0
14595,58,0
14596,59,0
14597,57,0
14598,56,0
14599,56,0
14600,56,0
14601,57,0
14602,57,0
14603,56,0
14604,56,0
14605,57,0
14606,57,0
14607,56,0
14608,56,0
14609,55,0
14610,59,0
14611,56,0
14612,54,0
14613,56,0
14614,57,0
14615,54,0
14616,56,0
14617,57,0
14618,59,0
14619,56,0
14620,56,0
14621,56,0
14622,57,0
14623,57,0
14624,56,0
14625,56,0
14626,59,0
14627,55,0
14628,56,0
14629,56,0
14630,54,0
14631,59,0
14632,57,0
14633,57,0
14634,56,0
14635,58,0
14636,55,0
14637,54,0
14638,54,0
14639,55,0
14640,59,0
14641,56,0
14642,56,0
14643,56,0
14644,55,0
14645,59,0
14646,56,0
14647,54,0
14648,55,0
14649,55,0
14650,55,0
14651,56,0
14652,56,0
14653,54,0
14654,55,0
14655,57,0
14656,58,0
14657,56,0
14658,57,0
14659,59,0
14660,56,0
14661,54,0
14662,59,0
14663,55,0
14664,56,0
14665,56,0
14666,58,0
14667,57,0
14668,57,0
14669,56,0
14670,56,0
14671,55,0
14672,57,0
14673,56,0
14674,54,0
14675,56,0
14676,55,0
14677,55,0
14678,56,0
14679,58,0
14680,55,0
14681,55,0
14682,56,0
14683,56,0
14684,57,0
14685,54,0
14686,54,0
14687,56,0
14688,57,0
14689,55,0
14690,56,0
14691,56,0
14692,55,0
14693,55,0
14694,56,0
14695,56,0
14696,56,0
14697,55,0
14698,57,0
14699,56,0
14700,56,0
14701,57,0
14702,55,0
14703,58,0
14704,54,0
14705,59,0
14706,56,0
14707,58,0
14708,55,0
14709,57,0
14710,56,0
14711,58,0
14712,56,0
14713,57,0
14714,57,0
14715,56,0
14716,56,0
14717,59,0
14718,57,0
14719,59,0
14720,56,0
14721,56,0
14722,55,0
14723,55,0
14724,56,0
14725,56,0
14726,55,0
14727,57,0
14728,54,0
14729,56,0
14730,57,0
14731,56,0
14732,54,0
14733,58,0
14734,57,0
14735,56,0
14736,58,0
14737,58,0
14738,57,0
14739,56,0
14740,56,0
14741,56,0
14742,57,0
14743,57,0
14744,56,0
14745,56,0
14746,55,0
14747,55,0
14748,56,0
14749,56,0
14750,57,0
14751,58,0
14752,57,0
14753,59,0
14754,58,0
14755,58,0
14756,56,0
14757,59,0
14758,55,0
14759,58,0
14760,56,0
14761,57,0
14762,59,0
14763,56,0
14764,58,0
14765,56,0
14766,57,0
14767,56,0
14768,58,0
14769,56,0
14770,55,0
14771,55,0
14772,58,0
14773,55,0
14774,57,0
14775,56,0
14776,58,0
14777,55,0
14778,55,0
14779,55,0
14780,56,0
14781,56,0
14782,57,0
14783,57,0
14784,56,0
14785,56,0
14786,57,0
14787,55,0
14788,56,0
14789,56,0
14790,59,0
14791,55,0
14792,57,0
14793,56,0
14794,56,0
14795,57,0
14796,57,0
14797,56,0
14798,57,0
14799,55,0
14800,56,0
14801,56,0
14802,55,0
14803,55,0
14804,56,0
14805,56,0
14806,55,0
14807,55,0
14808,56,0
14809,58,0
14810,56,0
14811,57,0
14812,55,0
14813,54,0
14814,56,0
14815,56,0
14816,57,0
14817,55,0
14818,56,0
14819,56,0
14820,55,0
14821,57,0
14822,56,0
14823,56,0
14824,57,0
14825,57,0
14826,56,0
14827,54,0
14828,57,0
14829,55,0
14830,56,0
14831,54,0
14832,56,0
14833,55,0
14834,55,0
14835,56,0
14836,56,0
14837,56,0
14838,55,0
14839,57,0
14840,56,0
14841,56,0
14842,57,0
14843,56,0
14844,58,0
14845,56,0
14846,57,0
14847,56,0
14848,56,0
14849,56,0
14850,57,0
14851,55,0
14852,56,0
14853,56,0
14854,59,0
14855,57,0
14856,55,0
14857,56,0
14858,56,0
14859,56,0
14860,55,0
14861,55,0
14862,56,0
14863,57,0
14864,59,0
14865,58,0
14866,58,0
14867,55,0
14868,55,0
14869,56,0
14870,56,0
14871,59,0
14872,59,0
14873,56,0
14874,56,0
14875,56,0
14876,57,0
14877,55,0
14878,56,0
14879,58,0
14880,56,0
14881,55,0
14882,57,0
14883,56,0
14884,58,0
14885,57,0
14886,57,0
14887,56,0
14888,55,0
14889,55,0
14890,58,0
14891,58,0
14892,55,0
14893,55,0
14894,56,0
14895,56,0
14896,57,0
14897,55,0
14898,56,0
14899,56,0
14900,56,0
14901,55,0
14902,59,0
14903,56,0
14904,56,0
14905,59,0
14906,55,0
14907,56,0
14908,56,0
14909,55,0
14910,58,0
14911,54,0
14912,56,0
14913,55,0
14914,56,0
14915,56,0
14916,56,0
14917,55,0
14918,55,0
14919,56,0
14920,58,0
14921,57,0
14922,57,0
14923,56,0
14924,56,0
14925,58,0
14926,55,0
14927,56,0
14928,56,0
14929,56,0
14930,57,0
14931,57,0
14932,56,0
14933,55,0
14934,55,0
14935,54,0
14936,56,0
14937,54,0
14938,57,0
14939,55,0
14940,56,0
14941,56,0
14942,56,0
14943,57,0
14944,55,0
14945,54,0
14946,56,0
14947,56,0
14948,55,0
14949,55,0
14950,54,0
14951,56,0
14952,57,0
14953,57,0
14954,56,0
14955,58,0
14956,57,0
14957,57,0
14958,54,0
14959,58,0
14960,57,0
14961,59,0
14962,59,0
14963,58,0
14964,54,0
14965,57,0
14966,55,0
14967,56,0
14968,56,0
14969,58,0
14970,57,0
14971,59,0
14972,56,0
14973,58,0
14974,57,0
14975,57,0
14976,56,0
14977,54,0
14978,57,0
14979,56,0
14980,58,0
14981,55,0
14982,55,0
14983,56,0
14984,56,0
14985,56,0
14986,59,0
14987,55,0
14988,56,0
14989,56,0
14990,57,0
14991,55,0
14992,58,0
14993,56,0
14994,55,0
14995,59,0
14996,56,0
14997,58,0
14998,56,0
14999,55,0
15000,56,0
15001,56,0
15002,55,0
15003,57,0
15004,56,0
15005,54,0
15006,54,0
15007,57,0
15008,59,0
15009,58,0
15010,58,0
15011,55,0
15012,55,0
15013,56,0
15014,54,0
15015,55,0
15016,55,0
15017,56,0
15018,56,0
15019,56,0
15020,57,0
15021,55,0
15022,56,0
15023,59,0
15024,55,0
15025,56,0
15026,58,0
15027,59,0
15028,57,0
15029,58,0
15030,56,0
15031,55,0
15032,57,0
15033,56,0
15034,58,0
15035,57,0
15036,57,0
15037,56,0
15038,56,0
15039,56,0
15040,57,0
15041,57,0
15042,56,0
15043,58,0
15044,56,0
15045,59,0
15046,55,0
15047,56,0
15048,57,0
15049,55,0
15050,56,0
15051,56,0
15052,57,0
15053,55,0
15054,58,0
15055,58,0
15056,57,0
15057,55,0
15058,56,0
15059,56,0
15060,59,0
15061,55,0
15062,57,0
15063,58,0
15064,54,0
15065,57,0
15066,55,0
15067,54,0
15068,54,0
15069,56,0
15070,55,0
15071,55,0
15072,54,0
15073,57,0
15074,57,0
15075,58,0
15076,56,0
15077,57,0
15078,57,0
15079,56,0
15080,54,0
15081,56,0
15082,55,0
15083,59,0
15084,56,0
15085,54,0
15086,58,0
15087,55,0
15088,55,0
15089,56,0
15090,56,0
15091,58,0
15092,57,0
15093,57,0
15094,56,0
15095,54,0
15096,57,0
15097,58,0
15098,58,0
15099,56,0
15100,59,0
15101,57,0
15102,56,0
15103,56,0
15104,57,0
15105,57,0
15106,59,0
15107,54,0
15108,56,0
15109,57,0
15110,55,0
15111,56,0
15112,56,0
15113,55,0
15114,57,0
15115,58,0
15116,56,0
15117,59,0
15118,59,0
15119,58,0
15120,59,0
15121,59,0
15122,56,0
15123,56,0
15124,59,0
15125,59,0
15126,58,0
15127,58,0
15128,59,0
15129,59,0
15130,58,0
15131,54,0
15132,59,0
15133,55,0
15134,55,0
15135,56,0
15136,56,0
15137,57,0
15138,55,0
15139,58,0
15140,56,0
15141,57,0
15142,57,0
15143,54,0
15144,54,0
15145,55,0
15146,56,0
15147,56,0
15148,56,0
15149,57,0
15150,57,0
15151,56,0
15152,56,0
15153,59,0
15154,56,0
15155,58,0
15156,56,0
15157,57,0
15158,7105,1
15159,59,0
15160,55,0
15161,56,0
15162,56,0
15163,59,0
15164,57,0
15165,54,0
15166,56,0
15167,57,0
15168,55,0
15169,56,0
15170,56,0
15171,57,0
15172,55,0
15173,56,0
15174,56,0
15175,59,0
15176,55,0
15177,58,0
15178,58,0
15179,55,0
15180,55,0
15181,56,0
15182,56,0
15183,56,0
15184,57,0
15185,56,0
15186,57,0
15187,59,0
15188,58,0
15189,58,0
15190,57,0
15191,55,0
15192,56,0
15193,58,0
15194,59,0
15195,57,0
15196,56,0
15197,56,0
15198,57,0
15199,57,0
15200,56,0
15201,56,0
15202,58,0
15203,55,0
15204,59,0
15205,56,0
15206,56,0
15207,58,0
15208,57,0
15209,59,0
15210,56,0
15211,59,0
15212,55,0
15213,56,0
15214,56,0
15215,55,0
15216,55,0
15217,58,0
15218,54,0
15219,56,0
15220,59,0
15221,55,0
15222,56,0
15223,56,0
15224,59,0
15225,55,0
15226,56,0
15227,54,0
15228,55,0
15229,57,0
15230,56,0
15231,54,0
15232,55,0
15233,59,0
15234,57,0
15235,56,0
15236,57,0
15237,55,0
15238,54,0
15239,54,0
15240,55,0
15241,59,0
15242,56,0
15243,56,0
15244,55,0
15245,55,0
15246,56,0
15247,58,0
15248,55,0
15249,57,0
15250,56,0
15251,58,0
15252,56,0
15253,57,0
15254,56,0
15255,58,0
15256,54,0
15257,55,0
15258,58,0
15259,56,0
15260,56,0
15261,57,0
15262,58,0
15263,56,0
15264,55,0
15265,55,0
15266,56,0
15267,58,0
15268,59,0
15269,57,0
15270,58,0
15271,56,0
15272,59,0
15273,56,0
15274,58,0
15275,58,0
15276,55,0
15277,57,0
15278,56,0
15279,56,0
15280,55,0
15281,56,0
15282,56,0
15283,56,0
15284,57,0
15285,57,0
15286,58,0
15287,57,0
15288,56,0
15289,58,0
15290,55,0
15291,55,0
15292,56,0
15293,56,0
15294,57,0
15295,56,0
15296,56,0
15297,56,0
15298,59,0
15299,56,0
15300,54,0
15301,56,0
15302,59,0
15303,59,0
15304,56,0
15305,58,0
15306,55,0
15307,55,0
15308,56,0
15309,56,0
15310,55,0
15311,55,0
15312,56,0
15313,57,0
15314,59,0
15315,58,0
15316,56,0
15317,57,0
15318,59,0
15319,56,0
15320,58,0
15321,59,0
15322,57,0
15323,58,0
15324,56,0
15325,55,0
15326,57,0
15327,58,0
15328,58,0
15329,59,0
15330,55,0
15331,56,0
15332,56,0
15333,59,0
15334,57,0
15335,58,0
15336,55,0
15337,55,0
15338,56,0
15339,56,0
15340,55,0
15341,55,0
15342,56,0
15343,56,0
15344,56,0
15345,55,0
15346,57,0
15347,56,0
15348,56,0
15349,55,0
15350,59,0
15351,56,0
15352,56,0
15353,57,0
15354,57,0
15355,56,0
15356,54,0
15357,55,0
15358,55,0
15359,58,0
15360,59,0
15361,59,0
15362,56,0
15363,58,0
15364,58,0
15365,59,0
15366,57,0
15367,54,0
15368,56,0
15369,57,0
15370,59,0
15371,56,0
15372,58,0
15373,56,0
15374,55,0
15375,57,0
15376,58,0
15377,54,0
15378,57,0
15379,57,0
15380,58,0
15381,56,0
15382,59,0
15383,59,0
15384,54,0
15385,57,0
15386,57,0
15387,56,0
15388,58,0
15389,59,0
15390,55,0
15391,56,0
15392,56,0
15393,56,0
15394,55,0
15395,56,0
15396,58,0
15397,58,0
15398,57,0
15399,55,0
15400,54,0
15401,58,0
15402,59,0
15403,55,0
15404,58,0
15405,56,0
15406,55,0
15407,59,0
15408,58,0
15409,58,0
15410,55,0
15411,58,0
15412,56,0
15413,59,0
15414,59,0
15415,58,0
15416,54,0
15417,59,0
15418,57,0
15419,56,0
15420,56,0
15421,55,0
15422,55,0
15423,56,0
15424,54,0
15425,56,0
15426,55,0
15427,56,0
15428,58,0
15429,58,0
15430,59,0
15431,57,0
15432,56,0
15433,58,0
15434,59,0
15435,56,0
15436,58,0
15437,59,0
15438,57,0
15439,56,0
15440,56,0
15441,55,0
15442,57,0
15443,58,0
15444,56,0
15445,57,0
15446,56,0
15447,58,0
15448,58,0
15449,57,0
15450,58,0
15451,58,0
15452,56,0
15453,55,0
15454,58,0
15455,58,0
15456,56,0
15457,55,0
15458,59,0
15459,56,0
15460,57,0
15461,57,0
15462,54,0
15463,58,0
15464,55,0
15465,55,0
15466,56,0
15467,56,0
15468,55,0
15469,56,0
15470,54,0
15471,54,0
15472,55,0
15473,57,0
15474,56,0
15475,54,0
15476,56,0
15477,55,0
15478,55,0
15479,56,0
15480,56,0
15481,55,0
15482,55,0
15483,56,0
15484,55,0
15485,57,0
15486,54,0
15487,56,0
15488,55,0
15489,55,0
15490,56,0
15491,58,0
15492,57,0
15493,57,0
15494,56,0
15495,56,0
15496,59,0
15497,57,0
15498,56,0
15499,58,0
15500,56,0
15501,59,0
15502,57,0
15503,56,0
15504,56,0
15505,59,0
15506,55,0
15507,54,0
15508,59,0
15509,57,0
15510,54,0
15511,56,0
15512,57,0
15513,59,0
15514,56,0
15515,56,0
15516,58,0
15517,57,0
15518,57,0
15519,56,0
15520,58,0
15521,56,0
15522,57,0
15523,57,0
15524,58,0
15525,56,0
15526,57,0
15527,59,0
15528,54,0
15529,56,0
15530,55,0
15531,54,0
15532,56,0
15533,57,0
15534,57,0
15535,56,0
15536,58,0
15537,55,0
15538,55,0
15539,56,0
15540,58,0
15541,54,0
15542,57,0
15543,55,0
15544,54,0
15545,56,0
15546,55,0
15547,57,0
15548,56,0
15549,58,0
15550,55,0
15551,57,0
15552,56,0
15553,56,0
15554,55,0
15555,57,0
15556,56,0
15557,59,0
15558,59,0
15559,56,0
15560,58,0
15561,55,0
15562,55,0
15563,56,0
15564,58,0
15565,59,0
15566,59,0
15567,58,0
15568,58,0
15569,55,0
15570,55,0
15571,56,0
15572,58,0
15573,55,0
15574,59,0
15575,56,0
15576,56,0
15577,59,0
15578,59,0
15579,56,0
15580,57,0
15581,59,0
15582,58,0
15583,58,0
15584,57,0
15585,57,0
15586,58,0
15587,56,0
15588,55,0
15589,57,0
15590,58,0
15591,56,0
15592,57,0
15593,59,0
15594,56,0
15595,58,0
15596,57,0
15597,55,0
15598,56,0
15599,58,0
15600,59,0
15601,59,0
15602,56,0
15603,59,0
15604,56,0
15605,56,0
15606,57,0
15607,55,0
15608,56,0
15609,58,0
15610,57,0
15611,57,0
15612,58,0
15613,58,0
15614,55,0
15615,57,0
15616,56,0
15617,56,0
15618,55,0
15619,57,0
15620,56,0
15621,56,0
15622,57,0
15623,55,0
15624,56,0
15625,56,0
15626,57,0
15627,57,0
15628,56,0
15629,58,0
15630,57,0
15631,56,0
15632,56,0
15633,56,0
15634,59,0
15635,57,0
15636,56,0
15637,58,0
15638,59,0
15639,59,0
15640,54,0
15641,54,0
15642,55,0
15643,59,0
15644,56,0
15645,58,0
15646,56,0
15647,55,0
15648,59,0
15649,56,0
15650,56,0
15651,55,0
15652,54,0
15653,58,0
15654,55,0
15655,57,0
15656,56,0
15657,56,0
15658,56,0
15659,57,0
15660,56,0
15661,56,0
15662,56,0
15663,57,0
15664,55,0
15665,58,0
15666,56,0
15667,55,0
15668,57,0
15669,54,0
15670,56,0
15671,55,0
15672,57,0
15673,54,0
15674,56,0
15675,59,0
15676,55,0
15677,56,0
15678,59,0
15679,59,0
15680,56,0
15681,58,0
15682,55,0
15683,55,0
15684,56,0
15685,58,0
15686,56,0
15687,55,0
15688,56,0
15689,56,0
15690,57,0
15691,57,0
15692,56,0
15693,58,0
15694,56,0
15695,55,0
15696,59,0
15697,56,0
15698,58,0
15699,59,0
15700,55,0
15701,58,0
15702,58,0
15703,56,0
15704,56,0
15705,56,0
15706,55,0
15707,56,0
15708,56,0
15709,55,0
15710,57,0
15711,56,0
15712,58,0
15713,57,0
15714,57,0
15715,56,0
15716,56,0
15717,56,0
15718,57,0
15719,56,0
15720,56,0
15721,56,0
15722,57,0
15723,57,0
15724,56,0
15725,56,0
15726,55,0
15727,58,0
15728,57,0
15729,57,0
15730,56,0
15731,56,0
15732,56,0
15733,59,0
15734,56,0
15735,56,0
15736,59,0
15737,55,0
15738,58,0
15739,58,0
15740,56,0
15741,55,0
15742,58,0
15743,58,0
15744,58,0
15745,59,0
15746,59,0
15747,58,0
15748,56,0
15749,59,0
15750,55,0
15751,56,0
15752,55,0
15753,57,0
15754,58,0
15755,56,0
15756,57,0
15757,55,0
15758,58,0
15759,57,0
15760,57,0
15761,58,0
15762,58,0
15763,59,0
15764,55,0
15765,56,0
15766,58,0
15767,56,0
15768,59,0
15769,56,0
15770,56,0
15771,56,0
15772,57,0
15773,55,0
15774,56,0
15775,55,0
15776,55,0
15777,56,0
15778,56,0
15779,59,0
15780,57,0
15781,54,0
15782,56,0
15783,55,0
15784,57,0
15785,57,0
15786,54,0
15787,56,0
15788,55,0
15789,57,0
15790,56,0
15791,56,0
15792,57,0
15793,55,0
15794,58,0
15795,56,0
15796,56,0
15797,55,0
15798,57,0
15799,56,0
15800,57,0
15801,58,0
15802,56,0
15803,58,0
15804,57,0
15805,55,0
15806,54,0
15807,56,0
15808,55,0
15809,59,0
15810,56,0
15811,56,0
15812,56,0
15813,57,0
15814,55,0
15815,56,0
15816,56,0
15817,55,0
15818,57,0
15819,54,0
15820,56,0
15821,57,0
15822,57,0
15823,58,0
15824,57,0
15825,59,0
15826,56,0
15827,58,0
15828,55,0
15829,55,0
15830,56,0
15831,58,0
15832,55,0
15833,55,0
15834,56,0
15835,56,0
15836,56,0
15837,59,0
15838,56,0
15839,56,0
15840,58,0
15841,59,0
15842,55,0
15843,58,0
15844,56,0
15845,55,0
15846,57,0
15847,58,0
15848,56,0
15849,55,0
15850,56,0
15851,56,0
15852,57,0
15853,58,0
15854,58,0
15855,58,0
15856,57,0
15857,55,0
15858,56,0
15859,54,0
15860,59,0
15861,59,0
15862,56,0
15863,56,0
15864,57,0
15865,57,0
15866,58,0
15867,56,0
15868,55,0
15869,55,0
15870,58,0
15871,56,0
15872,55,0
15873,58,0
15874,56,0
15875,59,0
15876,55,0
15877,56,0
15878,56,0
15879,55,0
15880,55,0
15881,56,0
15882,54,0
15883,59,0
15884,55,0
15885,56,0
15886,56,0
15887,55,0
15888,57,0
15889,56,0
15890,56,0
15891,57,0
15892,55,0
15893,56,0
15894,56,0
15895,57,0
15896,55,0
15897,56,0
15898,57,0
15899,56,0
15900,58,0
15901,59,0
15902,83,0
15903,54,0
15904,55,0
15905,56,0
15906,58,0
15907,57,0
15908,55,0
15909,58,0
15910,54,0
15911,56,0
15912,57,0
15913,59,0
15914,56,0
15915,56,0
15916,58,0
15917,59,0
15918,57,0
15919,56,0
15920,56,0
15921,57,0
15922,57,0
15923,57,0
15924,58,0
15925,54,0
15926,55,0
15927,54,0
15928,54,0
15929,56,0
15930,57,0
15931,57,0
15932,58,0
15933,56,0
15934,57,0
15935,58,0
15936,56,0
15937,58,0
15938,57,0
15939,56,0
15940,56,0
15941,55,0
15942,57,0
15943,56,0
15944,54,0
15945,55,0
15946,59,0
15947,57,0
15948,56,0
15949,56,0
15950,55,0
15951,56,0
15952,58,0
15953,56,0
15954,55,0
15955,57,0
15956,56,0
15957,56,0
15958,59,0
15959,59,0
15960,58,0
15961,58,0
15962,59,0
15963,55,0
15964,56,0
15965,56,0
15966,58,0
15967,57,0
15968,55,0
15969,58,0
15970,56,0
15971,57,0
15972,55,0
15973,56,0
15974,59,0
15975,56,0
15976,58,0
15977,56,0
15978,57,0
15979,56,0
15980,54,0
15981,56,0
15982,55,0
15983,56,0
15984,56,0
15985,56,0
15986,55,0
15987,56,0
15988,56,0
15989,56,0
15990,57,0
15991,56,0
15992,56,0
15993,56,0
15994,55,0
15995,56,0
15996,56,0
15997,56,0
15998,55,0
15999,56,0
16000,56,0
16001,56,0
16002,55,0
16003,56,0
16004,56,0
16005,56,0
16006,57,0
16007,55,0
16008,56,0
16009,58,0
16010,57,0
16011,56,0
16012,58,0
16013,56,0
16014,57,0
16015,56,0
16016,56,0
16017,56,0
16018,55,0
16019,55,0
16020,56,0
16021,54,0
16022,59,0
16023,57,0
16024,56,0
16025,54,0
16026,55,0
16027,55,0
16028,58,0
16029,56,0
16030,57,0
16031,55,0
16032,56,0
16033,56,0
16034,55,0
16035,57,0
16036,54,0
16037,56,0
16038,57,0
16039,55,0
16040,56,0
16041,56,0
16042,55,0
16043,59,0
16044,56,0
16045,54,0
16046,59,0
16047,58,0
16048,58,0
16049,59,0
16050,59,0
16051,58,0
16052,58,0
16053,59,0
16054,59,0
16055,58,0
16056,56,0
16057,58,0
16058,59,0
16059,58,0
16060,56,0
16061,58,0
16062,59,0
16063,57,0
16064,56,0
16065,58,0
16066,59,0
16067,57,0
16068,58,0
16069,57,0
16070,55,0
16071,56,0
16072,56,0
16073,57,0
16074,55,0
16075,56,0
16076,56,0
16077,55,0
16078,55,0
16079,56,0
16080,56,0
16081,56,0
16082,55,0
16083,59,0
16084,54,0
16085,56,0
16086,55,0
16087,59,0
16088,54,0
16089,56,0
16090,56,0
16091,59,0
16092,56,0
16093,56,0
16094,56,0
16095,55,0
16096,57,0
16097,56,0
16098,58,0
16099,55,0
16100,55,0
16101,56,0
16102,56,0
16103,57,0
16104,57,0
16105,56,0
16106,59,0
16107,55,0
16108,56,0
16109,54,0
16110,55,0
16111,55,0
16112,58,0
16113,56,0
16114,57,0
16115,55,0
16116,58,0
16117,56,0
16118,57,0
16119,59,0
16120,56,0
16121,58,0
16122,59,0
16123,59,0
16124,58,0
16125,58,0
16126,59,0
16127,56,0
16128,56,0
16129,59,0
16130,56,0
16131,56,0
16132,56,0
16133,57,0
16134,57,0
16135,56,0
16136,58,0
16137,57,0
16138,56,0
16139,58,0
16140,56,0
16141,57,0
16142,57,0
16143,56,0
16144,56,0
16145,57,0
16146,56,0
16147,54,0
16148,56,0
16149,59,0
16150,56,0
16151,58,0
16152,56,0
16153,56,0
16154,58,0
16155,55,0
16156,59,0
16157,56,0
16158,56,0
16159,58,0
16160,55,0
16161,56,0
16162,54,0
16163,57,0
16164,59,0
16165,58,0
16166,58,0
16167,57,0
16168,55,0
16169,54,0
16170,54,0
16171,57,0
16172,55,0
16173,56,0
16174,56,0
16175,57,0
16176,58,0
16177,56,0
16178,55,0
16179,55,0
16180,56,0
16181,56,0
16182,57,0
16183,55,0
16184,56,0
16185,56,0
16186,59,0
16187,55,0
16188,56,0
16189,56,0
16190,55,0
16191,59,0
16192,58,0
16193,56,0
16194,59,0
16195,59,0
16196,56,0
16197,58,0
16198,56,0
16199,55,0
16200,56,0
16201,56,0
16202,57,0
16203,56,0
16204,58,0
16205,56,0
16206,57,0
16207,55,0
16208,56,0
16209,58,0
16210,57,0
16211,57,0
16212,56,0
16213,56,0
16214,58,0
16215,57,0
16216,57,0
16217,56,0
16218,58,0
16219,57,0
16220,59,0
16221,58,0
16222,56,0
16223,55,0
16224,57,0
16225,54,0
16226,59,0
16227,55,0
16228,58,0
16229,58,0
16230,56,0
16231,55,0
16232,59,0
16233,56,0
16234,58,0
16235,59,0
16236,57,0
16237,58,0
16238,56,0
16239,57,0
16240,59,0
16241,58,0
16242,58,0
16243,56,0
16244,59,0
16245,57,0
16246,58,0
16247,58,0
16248,55,0
16249,54,0
16250,56,0
16251,55,0
16252,55,0
16253,54,0
16254,56,0
16255,59,0
16256,55,0
16257,54,0
16258,56,0
16259,55,0
16260,57,0
16261,56,0
16262,56,0
16263,57,0
16264,57,0
16265,56,0
16266,56,0
16267,55,0
16268,59,0
16269,56,0
16270,58,0
16271,55,0
16272,57,0
16273,58,0
16274,58,0
16275,57,0
16276,57,0
16277,56,0
16278,57,0
16279,57,0
16280,58,0
16281,58,0
16282,58,0
16283,55,0
16284,58,0
16285,58,0
16286,55,0
16287,57,0
16288,56,0
16289,58,0
16290,59,0
16291,59,0
16292,58,0
16293,58,0
16294,57,0
16295,55,0
16296,56,0
16297,58,0
16298,55,0
16299,57,0
16300,58,0
16301,55,0
16302,59,0
16303,58,0
16304,58,0
16305,59,0
16306,57,0
16307,58,0
16308,58,0
16309,57,0
16310,57,0
16311,58,0
16312,58,0
16313,55,0
16314,55,0
16315,56,0
16316,56,0
16317,55,0
16318,57,0
16319,58,0
16320,58,0
16321,59,0
16322,56,0
16323,57,0
16324,55,0
16325,56,0
16326,54,0
16327,56,0
16328,57,0
16329,56,0
16330,56,0
16331,56,0
16332,59,0
16333,56,0
16334,54,0
16335,56,0
16336,55,0
16337,57,0
16338,58,0
16339,56,0
16340,55,0
16341,57,0
16342,56,0
16343,56,0
16344,59,0
16345,55,0
16346,56,0
16347,56,0
16348,55,0
16349,57,0
16350,56,0
16351,54,0
16352,57,0
16353,57,0
16354,54,0
16355,56,0
16356,57,0
16357,57,0
16358,56,0
16359,56,0
16360,57,0
16361,55,0
16362,56,0
16363,56,0
16364,57,0
16365,57,0
16366,54,0
16367,56,0
16368,57,0
16369,55,0
16370,56,0
16371,56,0
16372,55,0
16373,57,0
16374,56,0
16375,56,0
16376,56,0
16377,55,0
16378,57,0
16379,56,0
16380,56,0
16381,57,0
16382,55,0
16383,56,0
16384,56,0
16385,57,0
16386,55,0
16387,54,0
16388,56,0
16389,55,0
16390,55,0
16391,56,0
16392,56,0
16393,57,0
16394,58,0
16395,56,0
16396,57,0
16397,59,0
16398,58,0
16399,56,0
16400,59,0
16401,57,0
16402,56,0
16403,54,0
16404,55,0
16405,59,0
16406,58,0
16407,58,0
16408,55,0
16409,59,0
16410,54,0
16411,56,0
16412,55,0
16413,59,0
16414,58,0
16415,56,0
16416,55,0
16417,56,0
16418,56,0
16419,55,0
16420,57,0
16421,56,0
16422,58,0
16423,55,0
16424,57,0
16425,56,0
16426,58,0
16427,55,0
16428,55,0
16429,56,0
16430,56,0
16431,59,0
16432,59,0
16433,54,0
16434,56,0
16435,55,0
16436,57,0
16437,56,0
16438,54,0
16439,55,0
16440,56,0
16441,57,0
16442,59,0
16443,56,0
16444,56,0
16445,56,0
16446,57,0
16447,58,0
16448,58,0
16449,57,0
16450,57,0
16451,58,0
16452,58,0
16453,59,0
16454,57,0
16455,58,0
16456,56,0
16457,55,0
16458,55,0
16459,56,0
16460,56,0
16461,59,0
16462,57,0
16463,56,0
16464,57,0
16465,56,0
16466,54,0
16467,55,0
16468,57,0
16469,56,0
16470,56,0
16471,59,0
16472,57,0
16473,56,0
16474,56,0
16475,56,0
16476,57,0
16477,56,0
16478,56,0
16479,56,0
16480,57,0
16481,56,0
16482,56,0
16483,54,0
16484,55,0
16485,55,0
16486,56,0
16487,56,0
16488,55,0
16489,55,0
16490,56,0
16491,56,0
16492,57,0
16493,57,0
16494,54,0
16495,57,0
16496,55,0
16497,58,0
16498,56,0
16499,57,0
16500,57,0
16501,58,0
16502,56,0
16503,59,0
16504,55,0
16505,56,0
16506,58,0
16507,57,0
16508,57,0
16509,56,0
16510,56,0
16511,57,0
16512,59,0
16513,58,0
16514,56,0
16515,56,0
16516,56,0
16517,56,0
16518,56,0
16519,57,0
16520,57,0
16521,56,0
16522,58,0
16523,59,0
16524,55,0
16525,56,0
16526,54,0
16527,55,0
16528,55,0
16529,56,0
16530,58,0
16531,59,0
16532,57,0
16533,56,0
16534,56,0
16535,56,0
16536,59,0
16537,56,0
16538,56,0
16539,56,0
16540,57,0
16541,57,0
16542,56,0
16543,58,0
16544,55,0
16545,55,0
16546,56,0
16547,56,0
16548,55,0
16549,59,0
16550,58,0
16551,54,0
16552,55,0
16553,57,0
16554,56,0
16555,56,0
16556,55,0
16557,57,0
16558,56,0
16559,59,0
16560,55,0
16561,58,0
16562,58,0
16563,59,0
16564,55,0
16565,58,0
16566,58,0
16567,57,0
16568,59,0
16569,58,0
16570,58,0
16571,55,0
16572,59,0
16573,58,0
16574,58,0
16575,59,0
16576,59,0
16577,58,0
16578,58,0
16579,57,0
16580,59,0
16581,56,0
16582,59,0
16583,55,0
16584,58,0
16585,58,0
16586,57,0
16587,55,0
16588,56,0
16589,54,0
16590,55,0
16591,56,0
16592,58,0
16593,58,0
16594,59,0
16595,58,0
16596,56,0
16597,58,0
16598,57,0
16599,55,0
16600,54,0
16601,58,0
16602,59,0
16603,57,0
16604,56,0
16605,57,0
16606,57,0
16607,56,0
16608,56,0
16609,57,0
16610,55,0
16611,56,0
16612,56,0
16613,55,0
16614,57,0
16615,56,0
16616,56,0
16617,55,0
16618,57,0
16619,54,0
16620,56,0
16621,56,0
16622,55,0
16623,55,0
16624,56,0
16625,54,0
16626,57,0
16627,55,0
16628,56,0
16629,56,0
16630,55,0
16631,54,0
16632,56,0
16633,57,0
16634,59,0
16635,54,0
16636,56,0
16637,59,0
16638,59,0
16639,54,0
16640,58,0
16641,55,0
16642,57,0
16643,56,0
16644,56,0
16645,57,0
16646,57,0
16647,79,0
16648,58,0
16649,59,0
16650,56,0
16651,56,0
16652,56,0
16653,55,0
16654,55,0
16655,56,0
16656,54,0
16657,56,0
16658,59,0
16659,59,0
16660,56,0
16661,56,0
16662,58,0
16663,55,0
16664,59,0
16665,56,0
16666,56,0
16667,56,0
16668,55,0
16669,55,0
16670,56,0
16671,58,0
16672,55,0
16673,57,0
16674,54,0
16675,56,0
16676,58,0
16677,57,0
16678,55,0
16679,56,0
16680,56,0
16681,58,0
16682,57,0
16683,56,0
16684,58,0
16685,56,0
16686,55,0
16687,59,0
16688,56,0
16689,54,0
16690,55,0
16691,59,0
16692,56,0
16693,58,0
16694,59,0
16695,58,0
16696,56,0
16697,55,0
16698,57,0
16699,58,0
16700,56,0
16701,55,0
16702,56,0
16703,58,0
16704,57,0
16705,57,0
16706,56,0
16707,56,0
16708,59,0
16709,59,0
16710,58,0
16711,58,0
16712,59,0
16713,59,0
16714,58,0
16715,56,0
16716,55,0
16717,59,0
16718,56,0
16719,59,0
16720,56,0
16721,56,0
16722,59,0
16723,57,0
16724,56,0
16725,56,0
16726,59,0
16727,57,0
16728,59,0
16729,54,0
16730,56,0
16731,57,0
16732,59,0
16733,56,0
16734,58,0
16735,55,0
16736,57,0
16737,54,0
16738,56,0
16739,59,0
16740,59,0
16741,58,0
16742,59,0
16743,57,0
16744,56,0
16745,56,0
16746,55,0
16747,57,0
16748,56,0
16749,56,0
16750,56,0
16751,57,0
16752,55,0
16753,56,0
16754,54,0
16755,55,0
16756,57,0
16757,56,0
16758,54,0
16759,56,0
16760,57,0
16761,59,0
16762,54,0
16763,56,0
16764,58,0
16765,55,0
16766,55,0
16767,54,0
16768,59,0
16769,57,0
16770,58,0
16771,56,0
16772,57,0
16773,57,0
16774,58,0
16775,56,0
16776,55,0
16777,57,0
16778,56,0
16779,56,0
16780,56,0
16781,57,0
16782,56,0
16783,58,0
16784,56,0
16785,57,0
16786,57,0
16787,58,0
16788,58,0
16789,57,0
16790,57,0
16791,58,0
16792,56,0
16793,55,0
16794,55,0
16795,58,0
16796,54,0
16797,56,0
16798,55,0
16799,57,0
16800,56,0
16801,54,0
16802,55,0
16803,55,0
16804,56,0
16805,56,0
16806,56,0
16807,55,0
16808,57,0
16809,56,0
16810,56,0
16811,56,0
16812,55,0
16813,57,0
16814,56,0
16815,56,0
16816,59,0
16817,56,0
16818,56,0
16819,56,0
16820,57,0
16821,57,0
16822,56,0
16823,56,0
16824,57,0
16825,57,0
16826,57,0
16827,58,0
16828,56,0
16829,59,0
16830,55,0
16831,56,0
16832,56,0
16833,59,0
16834,55,0
16835,57,0
16836,56,0
16837,56,0
16838,57,0
16839,55,0
16840,58,0
16841,56,0
16842,59,0
16843,56,0
16844,56,0
16845,56,0
16846,59,0
16847,59,0
16848,56,0
16849,58,0
16850,57,0
16851,57,0
16852,58,0
16853,56,0
16854,55,0
16855,55,0
16856,58,0
16857,56,0
16858,56,0
16859,57,0
16860,57,0
16861,54,0
16862,58,0
16863,55,0
16864,55,0
16865,58,0
16866,56,0
16867,55,0
16868,56,0
16869,56,0
16870,55,0
16871,57,0
16872,58,0
16873,56,0
16874,55,0
16875,57,0
16876,58,0
16877,56,0
16878,57,0
16879,55,0
16880,56,0
16881,56,0
16882,56,0
16883,59,0
16884,58,0
16885,56,0
16886,56,0
16887,55,0
16888,59,0
16889,56,0
16890,58,0
16891,59,0
16892,57,0
16893,56,0
16894,56,0
16895,57,0
16896,56,0
16897,56,0
16898,56,0
16899,55,0
16900,55,0
16901,56,0
16902,54,0
16903,55,0
16904,55,0
16905,56,0
16906,54,0
16907,56,0
16908,57,0
16909,55,0
16910,56,0
16911,58,0
16912,56,0
16913,55,0
16914,56,0
16915,58,0
16916,56,0
16917,57,0
16918,57,0
16919,56,0
16920,59,0
16921,57,0
16922,56,0
16923,56,0
16924,56,0
16925,55,0
16926,57,0
16927,54,0
16928,56,0
16929,55,0
16930,57,0
16931,57,0
16932,56,0
16933,58,0
16934,55,0
16935,57,0
16936,54,0
16937,54,0
16938,55,0
16939,55,0
16940,58,0
16941,56,0
16942,56,0
16943,57,0
16944,57,0
16945,56,0
16946,57,0
16947,57,0
16948,54,0
16949,56,0
16950,56,0
16951,57,0
16952,57,0
16953,56,0
16954,56,0
16955,57,0
16956,57,0
16957,58,0
16958,58,0
16959,54,0
16960,57,0
16961,55,0
16962,56,0
16963,56,0
16964,59,0
16965,57,0
16966,56,0
16967,58,0
16968,56,0
16969,55,0
16970,58,0
16971,54,0
16972,57,0
16973,55,0
16974,56,0
16975,58,0
16976,58,0
16977,59,0
16978,56,0
16979,58,0
16980,56,0
16981,59,0
16982,59,0
16983,56,0
16984,58,0
16985,59,0
16986,59,0
16987,55,0
16988,58,0
16989,58,0
16990,57,0
16991,57,0
16992,56,0
16993,58,0
16994,58,0
16995,56,0
16996,58,0
16997,56,0
16998,57,0
16999,59,0
17000,58,0
17001,56,0
17002,55,0
17003,55,0
17004,58,0
17005,56,0
17006,56,0
17007,55,0
17008,55,0
17009,58,0
17010,56,0
17011,55,0
17012,57,0
17013,58,0
17014,58,0
17015,55,0
17016,58,0
17017,56,0
17018,57,0
17019,58,0
17020,56,0
17021,55,0
17022,55,0
17023,58,0
17024,58,0
17025,59,0
17026,55,0
17027,58,0
17028,58,0
17029,57,0
17030,57,0
17031,56,0
17032,58,0
17033,58,0
17034,59,0
17035,56,0
17036,56,0
17037,56,0
17038,55,0
17039,56,0
17040,56,0
17041,57,0
17042,57,0
17043,57,0
17044,58,0
17045,54,0
17046,55,0
17047,58,0
17048,58,0
17049,55,0
17050,57,0
17051,59,0
17052,56,0
17053,58,0
17054,55,0
17055,57,0
17056,58,0
17057,58,0
17058,58,0
17059,55,0
17060,58,0
17061,56,0
17062,56,0
17063,59,0
17064,59,0
17065,58,0
17066,58,0
17067,57,0
17068,58,0
17069,56,0
17070,54,0
17071,59,0
17072,56,0
17073,58,0
17074,57,0
17075,59,0
17076,56,0
17077,56,0
17078,54,0
17079,59,0
17080,57,0
17081,56,0
17082,56,0
17083,57,0
17084,57,0
17085,56,0
17086,58,0
17087,56,0
17088,55,0
17089,57,0
17090,58,0
17091,56,0
17092,57,0
17093,59,0
17094,55,0
17095,56,0
17096,58,0
17097,59,0
17098,55,0
17099,56,0
17100,57,0
17101,57,0
17102,59,0
17103,56,0
17104,56,0
17105,57,0
17106,55,0
17107,56,0
17108,58,0
17109,58,0
17110,57,0
17111,59,0
17112,58,0
17113,56,0
17114,58,0
17115,55,0
17116,55,0
17117,54,0
17118,56,0
17119,55,0
17120,55,0
17121,58,0
17122,56,0
17123,59,0
17124,58,0
17125,56,0
17126,56,0
17127,57,0
17128,55,0
17129,56,0
17130,56,0
17131,55,0
17132,57,0
17133,56,0
17134,58,0
17135,56,0
17136,57,0
17137,55,0
17138,56,0
17139,56,0
17140,56,0
17141,59,0
17142,57,0
17143,58,0
17144,56,0
17145,55,0
17146,59,0
17147,56,0
17148,60,0
17149,56,0
17150,57,0
17151,59,0
17152,56,0
17153,56,0
17154,55,0
17155,57,0
17156,57,0
17157,56,0
17158,54,0
17159,57,0
17160,57,0
17161,58,0
17162,58,0
17163,57,0
17164,59,0
17165,56,0
17166,57,0
17167,59,0
17168,56,0
17169,56,0
17170,58,0
17171,57,0
17172,58,0
17173,58,0
17174,57,0
17175,57,0
17176,58,0
17177,56,0
17178,55,0
17179,59,0
17180,58,0
17181,56,0
17182,59,0
17183,59,0
17184,58,0
17185,56,0
17186,57,0
17187,55,0
17188,58,0
17189,54,0
17190,59,0
17191,54,0
17192,56,0
17193,57,0
17194,55,0
17195,57,0
17196,56,0
17197,56,0
17198,55,0
17199,55,0
17200,56,0
17201,56,0
17202,54,0
17203,57,0
17204,57,0
17205,56,0
17206,56,0
17207,56,0
17208,59,0
17209,55,0
17210,56,0
17211,56,0
17212,58,0
17213,55,0
17214,59,0
17215,58,0
17216,58,0
17217,59,0
17218,54,0
17219,56,0
17220,55,0
17221,59,0
17222,54,0
17223,58,0
17224,57,0
17225,59,0
17226,58,0
17227,58,0
17228,55,0
17229,59,0
17230,56,0
17231,58,0
17232,56,0
17233,59,0
17234,57,0
17235,58,0
17236,56,0
17237,59,0
17238,55,0
17239,56,0
17240,56,0
17241,57,0
17242,57,0
17243,58,0
17244,57,0
17245,55,0
17246,58,0
17247,56,0
17248,57,0
17249,57,0
17250,58,0
17251,54,0
17252,58,0
17253,55,0
17254,55,0
17255,56,0
17256,56,0
17257,56,0
17258,55,0
17259,57,0
17260,56,0
17261,56,0
17262,55,0
17263,59,0
17264,58,0
17265,58,0
17266,57,0
17267,59,0
17268,58,0
17269,56,0
17270,59,0
17271,56,0
17272,56,0
17273,56,0
17274,57,0
17275,55,0
17276,58,0
17277,56,0
17278,55,0
17279,57,0
17280,56,0
17281,54,0
17282,56,0
17283,55,0
17284,57,0
17285,58,0
17286,54,0
17287,56,0
17288,55,0
17289,57,0
17290,56,0
17291,56,0
17292,57,0
17293,57,0
17294,56,0
17295,58,0
17296,57,0
17297,56,0
17298,58,0
17299,55,0
17300,57,0
17301,56,0
17302,56,0
17303,57,0
17304,57,0
17305,56,0
17306,56,0
17307,55,0
17308,57,0
17309,56,0
17310,58,0
17311,57,0
17312,57,0
17313,56,0
17314,58,0
17315,55,0
17316,59,0
17317,54,0
17318,56,0
17319,59,0
17320,57,0
17321,58,0
17322,57,0
17323,55,0
17324,58,0
17325,54,0
17326,59,0
17327,57,0
17328,56,0
17329,56,0
17330,57,0
17331,57,0
17332,55,0
17333,58,0
17334,56,0
17335,57,0
17336,55,0
17337,56,0
17338,58,0
17339,59,0
17340,55,0
17341,58,0
17342,56,0
17343,59,0
17344,55,0
17345,55,0
17346,58,0
17347,56,0
17348,59,0
17349,56,0
17350,56,0
17351,59,0
17352,57,0
17353,56,0
17354,56,0
17355,55,0
17356,55,0
17357,56,0
17358,56,0
17359,57,0
17360,55,0
17361,54,0
17362,56,0
17363,56,0
17364,55,0
17365,57,0
17366,58,0
17367,56,0
17368,57,0
17369,55,0
17370,56,0
17371,56,0
17372,59,0
17373,57,0
17374,56,0
17375,55,0
17376,57,0
17377,56,0
17378,56,0
17379,56,0
17380,55,0
17381,57,0
17382,56,0
17383,54,0
17384,56,0
17385,59,0
17386,55,0
17387,56,0
17388,56,0
17389,54,0
17390,55,0
17391,57,0
17392,63,0
17393,56,0
17394,56,0
17395,59,0
17396,57,0
17397,56,0
17398,56,0
17399,57,0
17400,55,0
17401,56,0
17402,56,0
17403,55,0
17404,59,0
17405,58,0
17406,54,0
17407,55,0
17408,59,0
17409,56,0
17410,56,0
17411,59,0
17412,57,0
17413,58,0
17414,56,0
17415,59,0
17416,57,0
17417,56,0
17418,58,0
17419,55,0
17420,56,0
17421,58,0
17422,55,0
17423,55,0
17424,56,0
17425,56,0
17426,59,0
17427,59,0
17428,56,0
17429,56,0
17430,56,0
17431,57,0
17432,55,0
17433,56,0
17434,56,0
17435,55,0
17436,59,0
17437,56,0
17438,56,0
17439,55,0
17440,55,0
17441,54,0
17442,56,0
17443,59,0
17444,58,0
17445,56,0
17446,56,0
17447,57,0
17448,56,0
17449,58,0
17450,58,0
17451,55,0
17452,59,0
17453,56,0
17454,58,0
17455,55,0
17456,55,0
17457,54,0
17458,56,0
17459,59,0
17460,57,0
17461,54,0
17462,58,0
17463,55,0
17464,55,0
17465,56,0
17466,56,0
17467,59,0
17468,56,0
17469,56,0
17470,56,0
17471,57,0
17472,59,0
17473,56,0
17474,58,0
17475,59,0
17476,55,0
17477,56,0
17478,58,0
17479,56,0
17480,59,0
17481,55,0
17482,56,0
17483,54,0
17484,59,0
17485,57,0
17486,54,0
17487,56,0
17488,56,0
17489,59,0
17490,56,0
17491,58,0
17492,59,0
17493,59,0
17494,56,0
17495,58,0
17496,56,0
17497,55,0
17498,59,0
17499,58,0
17500,56,0
17501,57,0
17502,57,0
17503,56,0
17504,56,0
17505,56,0
17506,57,0
17507,59,0
17508,58,0
17509,56,0
17510,58,0
17511,55,0
17512,59,0
17513,56,0
17514,56,0
17515,57,0
17516,56,0
17517,56,0
17518,59,0
17519,59,0
17520,56,0
17521,56,0
17522,56,0
17523,57,0
17524,59,0
17525,56,0
17526,58,0
17527,59,0
17528,57,0
17529,55,0
17530,58,0
17531,56,0
17532,59,0
17533,55,0
17534,58,0
17535,56,0
17536,56,0
17537,57,0
17538,59,0
17539,58,0
17540,59,0
17541,57,0
17542,58,0
17543,56,0
17544,59,0
17545,57,0
17546,58,0
17547,56,0
17548,56,0
17549,57,0
17550,57,0
17551,56,0
17552,56,0
17553,57,0
17554,57,0
17555,56,0
17556,58,0
17557,56,0
17558,55,0
17559,59,0
17560,56,0
17561,58,0
17562,57,0
17563,58,0
17564,56,0
17565,55,0
17566,59,0
17567,58,0
17568,58,0
17569,55,0
17570,55,0
17571,56,0
17572,56,0
17573,57,0
17574,57,0
17575,56,0
17576,58,0
17577,56,0
17578,55,0
17579,55,0
17580,56,0
17581,56,0
17582,57,0
17583,55,0
17584,58,0
17585,54,0
17586,55,0
17587,56,0
17588,58,0
17589,58,0
17590,55,0
17591,57,0
17592,58,0
17593,58,0
17594,57,0
17595,57,0
17596,56,0
17597,56,0
17598,55,0
17599,55,0
17600,56,0
17601,56,0
17602,56,0
17603,59,0
17604,57,0
17605,56,0
17606,58,0
17607,59,0
17608,57,0
17609,56,0
17610,57,0
17611,59,0
17612,56,0
17613,56,0
17614,55,0
17615,57,0
17616,54,0
17617,56,0
17618,56,0
17619,55,0
17620,57,0
17621,54,0
17622,58,0
17623,59,0
17624,59,0
17625,54,0
17626,58,0
17627,55,0
17628,57,0
17629,56,0
17630,58,0
17631,56,0
17632,55,0
17633,56,0
17634,56,0
17635,56,0
17636,59,0
17637,57,0
17638,54,0
17639,56,0
17640,57,0
17641,57,0
17642,55,0
17643,54,0
17644,54,0
17645,55,0
17646,59,0
17647,56,0
17648,56,0
17649,56,0
17650,55,0
17651,57,0
17652,54,0
17653,56,0
17654,56,0
17655,55,0
17656,57,0
17657,58,0
17658,55,0
17659,57,0
17660,55,0
17661,56,0
17662,54,0
17663,57,0
17664,55,0
17665,56,0
17666,58,0
17667,56,0
17668,55,0
17669,55,0
17670,56,0
17671,56,0
17672,56,0
17673,55,0
17674,55,0
17675,56,0
17676,58,0
17677,56,0
17678,57,0
17679,57,0
17680,56,0
17681,56,0
17682,55,0
17683,55,0
17684,56,0
17685,59,0
17686,57,0
17687,59,0
17688,56,0
17689,56,0
17690,55,0
17691,57,0
17692,58,0
17693,56,0
17694,56,0
17695,57,0
17696,55,0
17697,56,0
17698,58,0
17699,57,0
17700,55,0
17701,56,0
17702,58,0
17703,59,0
17704,57,0
17705,56,0
17706,58,0
17707,54,0
17708,57,0
17709,54,0
17710,57,0
17711,55,0
17712,56,0
17713,56,0
17714,56,0
17715,55,0
17716,55,0
17717,54,0
17718,54,0
17719,57,0
17720,57,0
17721,58,0
17722,58,0
17723,56,0
17724,55,0
17725,56,0
17726,56,0
17727,58,0
17728,59,0
17729,55,0
17730,58,0
17731,55,0
17732,57,0
17733,54,0
17734,58,0
17735,55,0
17736,55,0
17737,56,0
17738,56,0
17739,56,0
17740,57,0
17741,57,0
17742,56,0
17743,56,0
17744,59,0
17745,55,0
17746,56,0
17747,54,0
17748,56,0
17749,55,0
17750,57,0
17751,56,0
17752,56,0
17753,56,0
17754,59,0
17755,58,0
17756,56,0
17757,59,0
17758,55,0
17759,56,0
17760,58,0
17761,55,0
17762,59,0
17763,56,0
17764,56,0
17765,57,0
17766,55,0
17767,56,0
17768,56,0
17769,54,0
17770,55,0
17771,57,0
17772,58,0
17773,54,0
17774,57,0
17775,55,0
17776,55,0
17777,56,0
17778,56,0
17779,57,0
17780,58,0
17781,56,0
17782,57,0
17783,59,0
17784,56,0
17785,56,0
17786,59,0
17787,59,0
17788,56,0
17789,56,0
17790,58,0
17791,55,0
17792,59,0
17793,56,0
17794,56,0
17795,56,0
17796,59,0
17797,57,0
17798,58,0
17799,56,0
17800,57,0
17801,59,0
17802,58,0
17803,57,0
17804,57,0
17805,55,0
17806,56,0
17807,56,0
17808,55,0
17809,59,0
17810,56,0
17811,56,0
17812,57,0
17813,57,0
17814,56,0
17815,58,0
17816,56,0
17817,58,0
17818,57,0
17819,55,0
17820,54,0
17821,56,0
17822,57,0
17823,59,0
17824,56,0
17825,56,0
17826,58,0
17827,56,0
17828,54,0
17829,56,0
17830,59,0
17831,57,0
17832,54,0
17833,56,0
17834,57,0
17835,59,0
17836,58,0
17837,56,0
17838,57,0
17839,55,0
17840,56,0
17841,58,0
17842,58,0
17843,59,0
17844,59,0
17845,56,0
17846,58,0
17847,57,0
17848,59,0
17849,58,0
17850,58,0
17851,57,0
17852,56,0
17853,56,0
17854,56,0
17855,55,0
17856,59,0
17857,58,0
17858,54,0
17859,59,0
17860,57,0
17861,56,0
17862,54,0
17863,57,0
17864,57,0
17865,56,0
17866,56,0
17867,56,0
17868,55,0
17869,55,0
17870,56,0
17871,56,0
17872,55,0
17873,58,0
17874,56,0
17875,57,0
17876,56,0
17877,54,0
17878,56,0
17879,59,0
17880,57,0
17881,56,0
17882,56,0
17883,55,0
17884,57,0
17885,56,0
17886,56,0
17887,55,0
17888,55,0
17889,56,0
17890,58,0
17891,57,0
17892,57,0
17893,56,0
17894,56,0
17895,56,0
17896,57,0
17897,56,0
17898,56,0
17899,59,0
17900,57,0
17901,56,0
17902,54,0
17903,56,0
17904,55,0
17905,57,0
17906,56,0
17907,56,0
17908,55,0
17909,55,0
17910,56,0
17911,56,0
17912,56,0
17913,57,0
17914,55,0
17915,54,0
17916,58,0
17917,59,0
17918,55,0
17919,56,0
17920,56,0
17921,56,0
17922,59,0
17923,58,0
17924,56,0
17925,55,0
17926,57,0
17927,56,0
17928,56,0
17929,54,0
17930,57,0
17931,59,0
17932,56,0
17933,58,0
17934,57,0
17935,57,0
17936,56,0
17937,56,0
17938,56,0
17939,57,0
17940,57,0
17941,56,0
17942,56,0
17943,59,0
17944,55,0
17945,56,0
17946,56,0
17947,55,0
17948,57,0
17949,56,0
17950,56,0
17951,57,0
17952,55,0
17953,55,0
17954,54,0
17955,58,0
17956,56,0
17957,57,0
17958,57,0
17959,54,0
17960,56,0
17961,55,0
17962,57,0
17963,56,0
17964,56,0
17965,54,0
17966,55,0
17967,57,0
17968,54,0
17969,56,0
17970,55,0
17971,57,0
17972,56,0
17973,54,0
17974,56,0
17975,55,0
17976,55,0
17977,54,0
17978,56,0
17979,59,0
17980,59,0
17981,56,0
17982,56,0
17983,56,0
17984,55,0
17985,59,0
17986,58,0
17987,56,0
17988,57,0
17989,55,0
17990,56,0
17991,56,0
17992,54,0
17993,57,0
17994,54,0
17995,56,0
17996,59,0
17997,59,0
17998,56,0
17999,56,0
18000,56,0
18001,55,0
18002,55,0
18003,58,0
18004,56,0
18005,59,0
18006,55,0
18007,56,0
18008,56,0
18009,56,0
18010,55,0
18011,55,0
18012,56,0
18013,54,0
18014,57,0
18015,55,0
18016,56,0
18017,56,0
18018,55,0
18019,55,0
18020,56,0
18021,58,0
18022,57,0
18023,55,0
18024,58,0
18025,56,0
18026,54,0
18027,55,0
18028,57,0
18029,56,0
18030,56,0
18031,57,0
18032,57,0
18033,54,0
18034,56,0
18035,55,0
18036,55,0
18037,56,0
18038,56,0
18039,56,0
18040,57,0
18041,56,0
18042,54,0
18043,57,0
18044,57,0
18045,56,0
18046,54,0
18047,56,0
18048,55,0
18049,55,0
18050,56,0
18051,56,0
18052,57,0
18053,56,0
18054,56,0
18055,58,0
18056,59,0
18057,55,0
18058,54,0
18059,56,0
18060,55,0
18061,57,0
18062,55,0
18063,56,0
18064,56,0
18065,59,0
18066,54,0
18067,56,0
18068,56,0
18069,55,0
18070,55,0
18071,58,0
18072,56,0
18073,55,0
18074,55,0
18075,56,0
18076,56,0
18077,59,0
18078,57,0
18079,54,0
18080,54,0
18081,56,0
18082,57,0
18083,55,0
18084,56,0
18085,54,0
18086,54,0
18087,55,0
18088,57,0
18089,54,0
18090,55,0
18091,57,0
18092,56,0
18093,56,0
18094,56,0
18095,55,0
18096,55,0
18097,56,0
18098,56,0
18099,58,0
18100,58,0
18101,56,0
18102,56,0
18103,57,0
18104,55,0
18105,56,0
18106,58,0
18107,56,0
18108,57,0
18109,55,0
18110,56,0
18111,56,0
18112,58,0
18113,57,0
18114,57,0
18115,56,0
18116,56,0
18117,59,0
18118,57,0
18119,54,0
18120,54,0
18121,56,0
18122,55,0
18123,57,0
18124,54,0
18125,57,0
18126,57,0
18127,56,0
18128,58,0
18129,56,0
18130,55,0
18131,56,0
18132,56,0
18133,55,0
18134,55,0
18135,57,0
18136,58,0
18137,56,0
18138,57,0
18139,56,0
18140,57,0
18141,57,0
18142,56,0
18143,58,0
18144,56,0
18145,59,0
18146,57,0
18147,58,0
18148,58,0
18149,55,0
18150,57,0
18151,56,0
18152,58,0
18153,58,0
18154,59,0
18155,57,0
18156,58,0
18157,58,0
18158,58,0
18159,55,0
18160,58,0
18161,58,0
18162,56,0
18163,57,0
18164,57,0
18165,56,0
18166,56,0
18167,56,0
18168,55,0
18169,57,0
18170,55,0
18171,56,0
18172,58,0
18173,56,0
18174,57,0
18175,55,0
18176,56,0
18177,56,0
18178,56,0
18179,57,0
18180,59,0
18181,57,0
18182,56,0
18183,56,0
18184,55,0
18185,57,0
18186,56,0
18187,58,0
18188,56,0
18189,55,0
18190,59,0
18191,57,0
18192,58,0
18193,56,0
18194,58,0
18195,59,0
18196,55,0
18197,59,0
18198,55,0
18199,58,0
18200,58,0
18201,58,0
18202,55,0
18203,59,0
18204,57,0
18205,57,0
18206,56,0
18207,57,0
18208,59,0
18209,59,0
18210,57,0
18211,56,0
18212,56,0
18213,58,0
18214,58,0
18215,59,0
18216,57,0
18217,55,0
18218,56,0
18219,56,0
18220,54,0
18221,55,0
18222,59,0
18223,57,0
18224,59,0
18225,58,0
18226,56,0
18227,58,0
18228,58,0
18229,55,0
18230,56,0
18231,58,0
18232,56,0
18233,57,0
18234,55,0
18235,55,0
18236,56,0
18237,56,0
18238,58,0
18239,57,0
18240,57,0
18241,57,0
18242,54,0
18243,56,0
18244,55,0
18245,55,0
18246,57,0
18247,54,0
18248,56,0
18249,56,0
18250,57,0
18251,55,0
18252,56,0
18253,56,0
18254,57,0
18255,57,0
18256,57,0
18257,56,0
18258,56,0
18259,54,0
18260,57,0
18261,59,0
18262,57,0
18263,58,0
18264,56,0
18265,56,0
18266,57,0
18267,57,0
18268,56,0
18269,56,0
18270,58,0
18271,55,0
18272,59,0
18273,56,0
18274,54,0
18275,58,0
18276,57,0
18277,55,0
18278,58,0
18279,56,0
18280,58,0
18281,59,0
18282,57,0
18283,57,0
18284,56,0
18285,54,0
18286,56,0
18287,55,0
18288,55,0
18289,55,0
18290,56,0
18291,56,0
18292,58,0
18293,56,0
18294,55,0
18295,57,0
18296,57,0
18297,56,0
18298,58,0
18299,56,0
18300,59,0
18301,56,0
18302,56,0
18303,56,0
18304,55,0
18305,57,0
18306,57,0
18307,58,0
18308,58,0
18309,58,0
18310,59,0
18311,57,0
18312,57,0
18313,55,0
18314,56,0
18315,56,0
18316,58,0
18317,57,0
18318,59,0
18319,59,0
18320,58,0
18321,56,0
18322,58,0
18323,57,0
18324,56,0
18325,58,0
18326,58,0
18327,57,0
18328,59,0
18329,59,0
18330,58,0
18331,56,0
18332,56,0
18333,56,0
18334,57,0
18335,59,0
18336,55,0
18337,54,0
18338,56,0
18339,56,0
18340,55,0
18341,59,0
18342,55,0
18343,58,0
18344,56,0
18345,58,0
18346,57,0
18347,58,0
18348,56,0
18349,56,0
18350,55,0
18351,57,0
18352,59,0
18353,58,0
18354,58,0
18355,58,0
18356,58,0
18357,57,0
18358,55,0
18359,56,0
18360,56,0
18361,58,0
18362,58,0
18363,55,0
18364,59,0
18365,57,0
18366,56,0
18367,54,0
18368,58,0
18369,57,0
18370,56,0
18371,58,0
18372,56,0
18373,56,0
18374,55,0
18375,55,0
18376,57,0
18377,58,0
18378,56,0
18379,56,0
18380,58,0
18381,57,0
18382,57,0
18383,57,0
18384,55,0
18385,56,0
18386,56,0
18387,58,0
18388,58,0
18389,59,0
18390,55,0
18391,57,0
18392,56,0
18393,59,0
18394,57,0
18395,57,0
18396,56,0
18397,56,0
18398,56,0
18399,57,0
18400,55,0
18401,56,0
18402,56,0
18403,56,0
18404,55,0
18405,55,0
18406,55,0
18407,56,0
18408,56,0
18409,56,0
18410,58,0
18411,57,0
18412,55,0
18413,57,0
18414,56,0
18415,58,0
18416,57,0
18417,57,0
18418,58,0
18419,56,0
18420,56,0
18421,58,0
18422,57,0
18423,55,0
18424,56,0
18425,58,0
18426,56,0
18427,56,0
18428,55,0
18429,57,0
18430,58,0
18431,58,0
18432,58,0
18433,58,0
18434,59,0
18435,59,0
18436,55,0
18437,54,0
18438,57,0
18439,55,0
18440,55,0
18441,54,0
18442,54,0
18443,56,0
18444,57,0
18445,59,0
18446,56,0
18447,56,0
18448,58,0
18449,59,0
18450,55,0
18451,56,0
18452,56,0
18453,58,0
18454,59,0
18455,55,0
18456,57,0
18457,56,0
18458,54,0
18459,56,0
18460,59,0
18461,58,0
18462,58,0
18463,56,0
18464,59,0
18465,55,0
18466,56,0
18467,58,0
18468,56,0
18469,57,0
18470,59,0
18471,59,0
18472,56,0
18473,58,0
18474,58,0
18475,55,0
18476,55,0
18477,56,0
18478,58,0
18479,58,0
18480,57,0
18481,59,0
18482,57,0
18483,54,0
18484,57,0
18485,55,0
18486,59,0
18487,56,0
18488,58,0
18489,56,0
18490,56,0
18491,57,0
18492,55,0
18493,57,0
18494,58,0
18495,58,0
18496,56,0
18497,55,0
18498,57,0
18499,59,0
18500,56,0
18501,58,0
18502,56,0
18503,57,0
18504,59,0
18505,59,0
18506,56,0
18507,55,0
18508,55,0
18509,55,0
18510,58,0
18511,56,0
18512,58,0
18513,57,0
18514,57,0
18515,57,0
18516,54,0
18517,56,0
18518,56,0
18519,56,0
18520,55,0
18521,57,0
18522,55,0
18523,56,0
18524,56,0
18525,56,0
18526,55,0
18527,57,0
18528,58,0
18529,56,0
18530,55,0
18531,55,0
18532,56,0
18533,58,0
18534,56,0
18535,58,0
18536,57,0
18537,59,0
18538,57,0
18539,58,0
18540,54,0
18541,54,0
18542,56,0
18543,55,0
18544,57,0
18545,57,0
18546,58,0
18547,58,0
18548,56,0
18549,58,0
18550,57,0
18551,57,0
18552,59,0
18553,58,0
18554,57,0
18555,57,0
18556,56,0
18557,58,0
18558,56,0
18559,58,0
18560,55,0
18561,57,0
18562,57,0
18563,56,0
18564,56,0
18565,54,0
18566,55,0
18567,55,0
18568,57,0
18569,56,0
18570,54,0
18571,56,0
18572,55,0
18573,57,0
18574,55,0
18575,58,0
18576,59,0
18577,57,0
18578,57,0
18579,56,0
18580,56,0
18581,58,0
18582,57,0
18583,57,0
18584,59,0
18585,58,0
18586,58,0
18587,58,0
18588,58,0
18589,57,0
18590,59,0
18591,57,0
18592,58,0
18593,56,0
18594,56,0
18595,57,0
18596,59,0
18597,57,0
18598,56,0
18599,55,0
18600,55,0
18601,58,0
18602,58,0
18603,58,0
18604,55,0
18605,57,0
18606,57,0
18607,58,0
18608,58,0
18609,58,0
18610,55,0
18611,59,0
18612,56,0
18613,58,0
18614,58,0
18615,57,0
18616,57,0
18617,59,0
18618,56,0
18619,56,0
18620,54,0
18621,56,0
18622,59,0
18623,56,0
18624,58,0
18625,56,0
18626,59,0
18627,57,0
18628,55,0
18629,57,0
18630,58,0
18631,54,0
18632,54,0
18633,57,0
18634,59,0
18635,59,0
18636,56,0
18637,58,0
18638,54,0
18639,55,0
18640,59,0
18641,55,0
18642,56,0
18643,56,0
18644,56,0
18645,59,0
18646,56,0
18647,56,0
18648,54,0
18649,58,0
18650,55,0
18651,55,0
18652,56,0
18653,58,0
18654,54,0
18655,56,0
18656,57,0
18657,59,0
18658,59,0
18659,58,0
18660,56,0
18661,54,0
18662,56,0
18663,55,0
18664,55,0
18665,59,0
18666,56,0
18667,58,0
18668,59,0
18669,57,0
18670,56,0
18671,58,0
18672,58,0
18673,56,0
18674,57,0
18675,55,0
18676,57,0
18677,55,0
18678,56,0
18679,56,0
18680,56,0
18681,56,0
18682,57,0
18683,55,0
18684,57,0
18685,56,0
18686,58,0
18687,56,0
18688,56,0
18689,57,0
18690,56,0
18691,56,0
18692,56,0
18693,56,0
18694,59,0
18695,59,0
18696,57,0
18697,58,0
18698,56,0
18699,54,0
18700,57,0
18701,55,0
18702,57,0
18703,56,0
18704,58,0
18705,56,0
18706,56,0
18707,55,0
18708,59,0
18709,57,0
18710,58,0
18711,56,0
18712,54,0
18713,57,0
18714,56,0
18715,56,0
18716,54,0
18717,55,0
18718,57,0
18719,56,0
18720,56,0
18721,58,0
18722,57,0
18723,55,0
18724,59,0
18725,56,0
18726,56,0
18727,55,0
18728,57,0
18729,59,0
18730,56,0
18731,56,0
18732,58,0
18733,57,0
18734,59,0
18735,59,0
18736,58,0
18737,55,0
18738,59,0
18739,59,0
18740,58,0
18741,56,0
18742,56,0
18743,57,0
18744,55,0
18745,56,0
18746,56,0
18747,56,0
18748,57,0
18749,57,0
18750,58,0
18751,56,0
18752,56,0
18753,55,0
18754,59,0
18755,56,0
18756,56,0
18757,58,0
18758,57,0
18759,59,0
18760,56,0
18761,56,0
18762,57,0
18763,57,0
18764,57,0
18765,56,0
18766,56,0
18767,57,0
18768,59,0
18769,57,0
18770,58,0
18771,56,0
18772,56,0
18773,55,0
18774,55,0
18775,55,0
18776,56,0
18777,56,0
18778,56,0
18779,55,0
18780,55,0
18781,57,0
18782,56,0
18783,57,0
18784,59,0
18785,57,0
18786,56,0
18787,56,0
18788,56,0
18789,56,0
18790,55,0
18791,57,0
18792,58,0
18793,56,0
18794,54,0
18795,56,0
18796,55,0
18797,59,0
18798,59,0
18799,56,0
18800,56,0
18801,56,0
18802,57,0
18803,57,0
18804,59,0
18805,56,0
18806,56,0
18807,57,0
18808,55,0
18809,56,0
18810,56,0
18811,58,0
18812,57,0
18813,55,0
18814,56,0
18815,56,0
18816,54,0
18817,59,0
18818,59,0
18819,57,0
18820,56,0
18821,54,0
18822,56,0
18823,59,0
18824,55,0
18825,57,0
18826,56,0
18827,56,0
18828,57,0
18829,57,0
18830,58,0
18831,56,0
18832,54,0
18833,59,0
18834,57,0
18835,57,0
18836,56,0
18837,56,0
18838,54,0
18839,59,0
18840,57,0
18841,55,0
18842,58,0
18843,56,0
18844,56,0
18845,55,0
18846,59,0
18847,56,0
18848,56,0
18849,56,0
18850,56,0
18851,57,0
18852,56,0
18853,56,0
18854,58,0
18855,56,0
18856,57,0
18857,55,0
18858,57,0
18859,56,0
18860,58,0
18861,56,0
18862,55,0
18863,59,0
18864,56,0
18865,54,0
18866,56,0
18867,56,0
18868,57,0
18869,55,0
18870,59,0
18871,57,0
18872,56,0
18873,56,0
18874,58,0
18875,57,0
18876,58,0
18877,56,0
18878,54,0
18879,55,0
18880,55,0
18881,59,0
18882,55,0
18883,58,0
18884,58,0
18885,59,0
18886,56,0
18887,56,0
18888,54,0
18889,55,0
18890,57,0
18891,54,0
18892,56,0
18893,57,0
18894,59,0
18895,54,0
18896,56,0
18897,57,0
18898,55,0
18899,56,0
18900,56,0
18901,57,0
18902,59,0
18903,56,0
18904,56,0
18905,55,0
18906,55,0
18907,58,0
18908,56,0
18909,57,0
18910,55,0
18911,56,0
18912,56,0
18913,55,0
18914,57,0
18915,56,0
18916,56,0
18917,55,0
18918,57,0
18919,56,0
18920,56,0
18921,56,0
18922,57,0
18923,56,0
18924,54,0
18925,58,0
18926,57,0
18927,57,0
18928,58,0
18929,54,0
18930,57,0
18931,56,0
18932,56,0
18933,57,0
18934,56,0
18935,56,0
18936,56,0
18937,57,0
18938,57,0
18939,56,0
18940,54,0
18941,57,0
18942,57,0
18943,56,0
18944,54,0
18945,55,0
18946,57,0
18947,56,0
18948,56,0
18949,56,0
18950,59,0
18951,57,0
18952,54,0
18953,54,0
18954,57,0
18955,58,0
18956,56,0
18957,57,0
18958,57,0
18959,58,0
18960,56,0
18961,57,0
18962,59,0
18963,56,0
18964,56,0
18965,59,0
18966,55,0
18967,56,0
18968,58,0
18969,58,0
18970,59,0
18971,58,0
18972,58,0
18973,56,0
18974,57,0
18975,55,0
18976,56,0
18977,56,0
18978,55,0
18979,56,0
18980,58,0
18981,57,0
18982,57,0
18983,56,0
18984,56,0
18985,57,0
18986,57,0
18987,54,0
18988,56,0
18989,55,0
18990,55,0
18991,54,0
18992,56,0
18993,56,0
18994,55,0
18995,56,0
18996,56,0
18997,56,0
18998,57,0
18999,56,0
19000,56,0
19001,56,0
19002,59,0
19003,55,0
19004,56,0
19005,57,0
19006,55,0
19007,56,0
19008,56,0
19009,57,0
19010,55,0
19011,56,0
19012,58,0
19013,56,0
19014,57,0
19015,57,0
19016,54,0
19017,56,0
19018,57,0
19019,59,0
19020,56,0
19021,56,0
19022,55,0
19023,55,0
19024,56,0
19025,56,0
19026,56,0
19027,57,0
19028,56,0
19029,57,0
19030,59,0
19031,58,0
19032,56,0
19033,55,0
19034,57,0
19035,56,0
19036,58,0
19037,59,0
19038,55,0
19039,56,0
19040,56,0
19041,55,0
19042,56,0
19043,56,0
19044,56,0
19045,57,0
19046,56,0
19047,56,0
19048,57,0
19049,59,0
19050,58,0
19051,55,0
19052,55,0
19053,56,0
19054,56,0
19055,57,0
19056,55,0
19057,56,0
19058,58,0
19059,57,0
19060,59,0
19061,56,0
19062,56,0
19063,57,0
19064,57,0
19065,58,0
19066,56,0
19067,59,0
19068,55,0
19069,58,0
19070,54,0
19071,56,0
19072,55,0
19073,59,0
19074,56,0
19075,59,0
19076,57,0
19077,54,0
19078,56,0
19079,57,0
19080,55,0
19081,54,0
19082,56,0
19083,55,0
19084,55,0
19085,54,0
19086,56,0
19087,57,0
19088,55,0
19089,56,0
19090,56,0
19091,55,0
19092,59,0
19093,56,0
19094,56,0
19095,56,0
19096,57,0
19097,55,0
19098,56,0
19099,56,0
19100,57,0
19101,56,0
19102,56,0
19103,57,0
19104,55,0
19105,58,0
19106,56,0
19107,56,0
19108,57,0
19109,58,0
19110,56,0
19111,58,0
19112,59,0
19113,57,0
19114,58,0
19115,56,0
19116,59,0
19117,55,0
19118,58,0
19119,56,0
19120,56,0
19121,57,0
19122,57,0
19123,56,0
19124,58,0
19125,55,0
19126,56,0
19127,56,0
19128,57,0
19129,57,0
19130,56,0
19131,54,0
19132,58,0
19133,59,0
19134,57,0
19135,56,0
19136,58,0
19137,55,0
19138,55,0
19139,55,0
19140,58,0
19141,58,0
19142,57,0
19143,57,0
19144,56,0
19145,54,0
19146,55,0
19147,57,0
19148,55,0
19149,55,0
19150,59,0
19151,59,0
19152,56,0
19153,56,0
19154,55,0
19155,59,0
19156,56,0
19157,56,0
19158,54,0
19159,55,0
19160,55,0
19161,56,0
19162,56,0
19163,58,0
19164,55,0
19165,57,0
19166,56,0
19167,58,0
19168,55,0
19169,55,0
19170,56,0
19171,56,0
19172,57,0
19173,59,0
19174,57,0
19175,56,0
19176,59,0
19177,55,0
19178,56,0
19179,58,0
19180,57,0
19181,55,0
19182,56,0
19183,54,0
19184,56,0
19185,57,0
19186,57,0
19187,56,0
19188,56,0
19189,57,0
19190,59,0
19191,56,0
19192,56,0
19193,56,0
19194,55,0
19195,55,0
19196,56,0
19197,56,0
19198,57,0
19199,57,0
19200,58,0
19201,57,0
19202,59,0
19203,58,0
19204,56,0
19205,57,0
19206,57,0
19207,56,0
19208,58,0
19209,58,0
19210,57,0
19211,55,0
19212,58,0
19213,56,0
19214,57,0
19215,56,0
19216,56,0
19217,54,0
19218,55,0
19219,59,0
19220,56,0
19221,54,0
19222,59,0
19223,56,0
19224,56,0
19225,58,0
19226,55,0
19227,55,0
19228,56,0
19229,56,0
19230,59,0
19231,57,0
19232,56,0
19233,56,0
19234,59,0
19235,55,0
19236,56,0
19237,56,0
19238,56,0
19239,55,0
19240,57,0
19241,54,0
19242,56,0
19243,56,0
19244,55,0
19245,56,0
19246,56,0
19247,57,0
19248,56,0
19249,54,0
19250,56,0
19251,57,0
19252,56,0
19253,54,0
19254,56,0
19255,57,0
19256,55,0
19257,56,0
19258,58,0
19259,55,0
19260,57,0
19261,56,0
19262,56,0
19263,56,0
19264,55,0
19265,55,0
19266,56,0
19267,54,0
19268,57,0
19269,57,0
19270,56,0
19271,58,0
19272,55,0
19273,57,0
19274,54,0
19275,54,0
19276,57,0
19277,57,0
19278,56,0
19279,56,0
19280,59,0
19281,57,0
19282,56,0
19283,56,0
19284,57,0
19285,59,0
19286,56,0
19287,56,0
19288,57,0
19289,55,0
19290,56,0
19291,58,0
19292,55,0
19293,59,0
19294,56,0
19295,57,0
19296,55,0
19297,56,0
19298,56,0
19299,56,0
19300,55,0
19301,57,0
19302,56,0
19303,56,0
19304,55,0
19305,55,0
19306,58,0
19307,56,0
19308,59,0
19309,57,0
19310,56,0
19311,58,0
19312,55,0
19313,55,0
19314,56,0
19315,58,0
19316,55,0
19317,57,0
19318,58,0
19319,56,0
19320,57,0
19321,56,0
19322,56,0
19323,56,0
19324,57,0
19325,56,0
19326,56,0
19327,55,0
19328,57,0
19329,56,0
19330,56,0
19331,56,0
19332,55,0
19333,56,0
19334,58,0
19335,56,0
19336,55,0
19337,56,0
19338,56,0
19339,56,0
19340,57,0
19341,58,0
19342,57,0
19343,57,0
19344,58,0
19345,56,0
19346,58,0
19347,55,0
19348,57,0
19349,58,0
19350,56,0
19351,57,0
19352,59,0
19353,56,0
19354,56,0
19355,57,0
19356,58,0
19357,56,0
19358,59,0
19359,55,0
19360,58,0
19361,56,0
19362,55,0
19363,54,0
19364,56,0
19365,57,0
19366,55,0
19367,56,0
19368,56,0
19369,56,0
19370,55,0
19371,56,0
19372,56,0
19373,59,0
19374,57,0
19375,54,0
19376,56,0
19377,57,0
19378,57,0
19379,56,0
19380,54,0
19381,54,0
19382,57,0
19383,55,0
19384,56,0
19385,56,0
19386,57,0
19387,54,0
19388,56,0
19389,55,0
19390,59,0
19391,58,0
19392,56,0
19393,56,0
19394,55,0
19395,57,0
19396,56,0
19397,56,0
19398,58,0
19399,55,0
19400,59,0
19401,57,0
19402,58,0
19403,54,0
19404,56,0
19405,59,0
19406,55,0
19407,56,0
19408,58,0
19409,57,0
19410,56,0
19411,56,0
19412,57,0
19413,55,0
19414,56,0
19415,56,0
19416,57,0
19417,55,0
19418,58,0
19419,56,0
19420,56,0
19421,57,0
19422,55,0
19423,54,0
19424,56,0
19425,55,0
19426,55,0
19427,54,0
19428,56,0
19429,57,0
19430,57,0
19431,56,0
19432,57,0
19433,57,0
19434,56,0
19435,54,0
19436,55,0
19437,55,0
19438,58,0
19439,54,0
19440,57,0
19441,55,0
19442,56,0
19443,56,0
19444,57,0
19445,55,0
19446,58,0
19447,54,0
19448,55,0
19449,57,0
19450,56,0
19451,56,0
19452,56,0
19453,55,0
19454,55,0
19455,58,0
19456,55,0
19457,57,0
19458,56,0
19459,56,0
19460,57,0
19461,58,0
19462,58,0
19463,55,0
19464,59,0
19465,58,0
19466,58,0
19467,59,0
19468,55,0
19469,58,0
19470,56,0
19471,57,0
19472,58,0
19473,56,0
19474,56,0
19475,59,0
19476,58,0
19477,56,0
19478,57,0
19479,57,0
19480,58,0
19481,59,0
19482,57,0
19483,56,0
19484,56,0
19485,59,0
19486,55,0
19487,56,0
19488,58,0
19489,59,0
19490,57,0
19491,58,0
19492,58,0
19493,55,0
19494,55,0
19495,56,0
19496,56,0
19497,58,0
19498,59,0
19499,59,0
19500,55,0
19501,58,0
19502,55,0
19503,57,0
19504,56,0
19505,56,0
19506,59,0
19507,55,0
19508,56,0
19509,56,0
19510,59,0
19511,57,0
19512,56,0
19513,56,0
19514,55,0
19515,57,0
19516,56,0
19517,56,0
19518,56,0
19519,57,0
19520,56,0
19521,56,0
19522,56,0
19523,55,0
19524,56,0
19525,54,0
19526,59,0
19527,55,0
19528,56,0
19529,54,0
19530,55,0
19531,57,0
19532,56,0
19533,56,0
19534,55,0
19535,59,0
19536,56,0
19537,56,0
19538,57,0
19539,57,0
19540,56,0
19541,54,0
19542,55,0
19543,57,0
19544,56,0
19545,56,0
19546,57,0
19547,55,0
19548,56,0
19549,54,0
19550,59,0
19551,58,0
19552,56,0
19553,57,0
19554,55,0
19555,59,0
19556,56,0
19557,56,0
19558,56,0
19559,57,0
19560,57,0
19561,57,0
19562,56,0
19563,58,0
19564,59,0
19565,59,0
19566,58,0
19567,56,0
19568,56,0
19569,55,0
19570,55,0
19571,58,0
19572,54,0
19573,54,0
19574,57,0
19575,56,0
19576,58,0
19577,57,0
19578,57,0
19579,58,0
19580,58,0
19581,56,0
19582,59,0
19583,56,0
19584,56,0
19585,56,0
19586,55,0
19587,59,0
19588,56,0
19589,56,0
19590,59,0
19591,55,0
19592,56,0
19593,58,0
19594,59,0
19595,55,0
19596,56,0
19597,55,0
19598,59,0
19599,56,0
19600,56,0
19601,59,0
19602,59,0
19603,56,0
19604,56,0
19605,59,0
19606,58,0
19607,56,0
19608,56,0
19609,59,0
19610,56,0
19611,58,0
19612,56,0
19613,57,0
19614,55,0
19615,58,0
19616,58,0
19617,57,0
19618,59,0
19619,54,0
19620,59,0
19621,57,0
19622,58,0
19623,56,0
19624,59,0
19625,55,0
19626,56,0
19627,85,0
19628,58,0
19629,59,0
19630,58,0
19631,54,0
19632,57,0
19633,55,0
19634,56,0
19635,55,0
19636,57,0
19637,56,0
19638,56,0
19639,59,0
19640,55,0
19641,57,0
19642,56,0
19643,56,0
19644,56,0
19645,56,0
19646,55,0
19647,57,0
19648,58,0
19649,59,0
19650,56,0
19651,55,0
19652,58,0
19653,57,0
19654,56,0
19655,58,0
19656,55,0
19657,59,0
19658,56,0
19659,56,0
19660,57,0
19661,57,0
19662,58,0
19663,56,0
19664,58,0
19665,59,0
19666,57,0
19667,57,0
19668,58,0
19669,56,0
19670,57,0
19671,59,0
19672,58,0
19673,56,0
19674,57,0
19675,58,0
19676,56,0
19677,57,0
19678,55,0
19679,55,0
19680,56,0
19681,56,0
19682,55,0
19683,55,0
19684,55,0
19685,54,0
19686,54,0
19687,57,0
19688,55,0
19689,56,0
19690,54,0
19691,56,0
19692,58,0
19693,55,0
19694,57,0
19695,57,0
19696,56,0
19697,59,0
19698,57,0
19699,57,0
19700,58,0
19701,56,0
19702,56,0
19703,55,0
19704,57,0
19705,56,0
19706,54,0
19707,56,0
19708,56,0
19709,55,0
19710,55,0
19711,56,0
19712,56,0
19713,54,0
19714,55,0
19715,57,0
19716,56,0
19717,56,0
19718,54,0
19719,55,0
19720,57,0
19721,56,0
19722,56,0
19723,55,0
19724,57,0
19725,56,0
19726,58,0
19727,54,0
19728,57,0
19729,57,0
19730,55,0
19731,54,0
19732,56,0
19733,56,0
19734,57,0
19735,57,0
19736,56,0
19737,54,0
19738,59,0
19739,55,0
19740,55,0
19741,56,0
19742,56,0
19743,56,0
19744,57,0
19745,58,0
19746,58,0
19747,56,0
19748,59,0
19749,55,0
19750,56,0
19751,56,0
19752,56,0
19753,57,0
19754,59,0
19755,55,0
19756,58,0
19757,58,0
19758,58,0
19759,57,0
19760,57,0
19761,56,0
19762,56,0
19763,56,0
19764,59,0
19765,57,0
19766,57,0
19767,56,0
19768,54,0
19769,57,0
19770,55,0
19771,56,0
19772,56,0
19773,56,0
19774,57,0
19775,57,0
19776,56,0
19777,58,0
19778,56,0
19779,55,0
19780,57,0
19781,54,0
19782,56,0
19783,54,0
19784,55,0
19785,55,0
19786,56,0
19787,54,0
19788,58,0
19789,56,0
19790,55,0
19791,57,0
19792,56,0
19793,55,0
19794,55,0
19795,55,0
19796,56,0
19797,56,0
19798,56,0
19799,55,0
19800,55,0
19801,55,0
19802,54,0
19803,56,0
19804,55,0
19805,59,0
19806,57,0
19807,56,0
19808,54,0
19809,56,0
19810,55,0
19811,55,0
19812,56,0
19813,56,0
19814,56,0
19815,56,0
19816,57,0
19817,56,0
19818,56,0
19819,56,0
19820,57,0
19821,57,0
19822,56,0
19823,56,0
19824,56,0
19825,56,0
19826,55,0
19827,57,0
19828,56,0
19829,54,0
19830,56,0
19831,56,0
19832,55,0
19833,55,0
19834,56,0
19835,58,0
19836,56,0
19837,59,0
19838,57,0
19839,55,0
19840,56,0
19841,56,0
19842,57,0
19843,55,0
19844,56,0
19845,56,0
19846,54,0
19847,57,0
19848,57,0
19849,56,0
19850,56,0
19851,58,0
19852,55,0
19853,57,0
19854,57,0
19855,58,0
19856,56,0
19857,56,0
19858,55,0
19859,57,0
19860,56,0
19861,56,0
19862,58,0
19863,57,0
19864,56,0
19865,56,0
19866,59,0
19867,55,0
19868,57,0
19869,56,0
19870,54,0
19871,56,0
19872,55,0
19873,59,0
19874,58,0
19875,56,0
19876,56,0
19877,57,0
19878,55,0
19879,54,0
19880,56,0
19881,56,0
19882,57,0
19883,57,0
19884,56,0
19885,56,0
19886,56,0
19887,57,0
19888,54,0
19889,56,0
19890,56,0
19891,57,0
19892,57,0
19893,56,0
19894,56,0
19895,55,0
19896,57,0
19897,56,0
19898,54,0
19899,56,0
19900,57,0
19901,57,0
19902,56,0
19903,56,0
19904,56,0
19905,57,0
19906,57,0
19907,59,0
19908,56,0
19909,56,0
19910,57,0
19911,57,0
19912,57,0
19913,56,0
19914,55,0
19915,55,0
19916,57,0
19917,58,0
19918,58,0
19919,56,0
19920,55,0
19921,55,0
19922,56,0
19923,56,0
19924,56,0
19925,55,0
19926,57,0
19927,56,0
19928,56,0
19929,56,0
19930,55,0
19931,57,0
19932,57,0
19933,54,0
19934,54,0
19935,56,0
19936,59,0
19937,56,0
19938,54,0
19939,56,0
19940,59,0
19941,57,0
19942,56,0
19943,56,0
19944,56,0
19945,55,0
19946,57,0
19947,57,0
19948,56,0
19949,56,0
19950,56,0
19951,55,0
19952,55,0
19953,57,0
19954,54,0
19955,56,0
19956,56,0
19957,56,0
19958,57,0
19959,58,0
19960,56,0
19961,58,0
19962,54,0
19963,55,0
19964,57,0
19965,58,0
19966,54,0
19967,58,0
19968,56,0
19969,59,0
19970,55,0
19971,56,0
19972,58,0
19973,58,0
19974,56,0
19975,59,0
19976,57,0
19977,58,0
19978,56,0
19979,56,0
19980,58,0
19981,57,0
19982,57,0
19983,54,0
19984,55,0
19985,55,0
19986,59,0
19987,58,0
19988,56,0
19989,56,0
19990,57,0
19991,57,0
19992,56,0
19993,56,0
19994,58,0
19995,55,0
19996,55,0
19997,57,0
19998,58,0
19999,56,0
