trial,reload_ticks,classified_evicted
0,85,0
1,63,0
2,62,0
3,63,0
4,62,0
5,63,0
6,62,0
7,62,0
8,63,0
9,61,0
10,60,0
11,64,0
12,61,0
13,62,0
14,62,0
15,63,0
16,63,0
17,62,0
18,65,0
19,63,0
20,62,0
21,66,0
22,65,0
23,62,0
24,62,0
25,61,0
26,62,0
27,62,0
28,61,0
29,63,0
30,62,0
31,62,0
32,61,0
33,63,0
34,62,0
35,62,0
36,61,0
37,62,0
38,62,0
39,63,0
40,63,0
41,62,0
42,63,0
43,65,0
44,62,0
45,64,0
46,63,0
47,62,0
48,62,0
49,63,0
50,62,0
51,62,0
52,65,0
53,62,0
54,62,0
55,63,0
56,60,0
57,62,0
58,63,0
59,65,0
60,61,0
61,62,0
62,62,0
63,63,0
64,62,0
65,62,0
66,63,0
67,62,0
68,62,0
69,63,0
70,61,0
71,64,0
72,63,0
73,63,0
74,62,0
75,63,0
76,61,0
77,62,0
78,62,0
79,63,0
80,62,0
81,62,0
82,63,0
83,62,0
84,64,0
85,63,0
86,65,0
87,64,0
88,62,0
89,62,0
90,63,0
91,62,0
92,64,0
93,61,0
94,63,0
95,62,0
96,61,0
97,63,0
98,62,0
99,62,0
100,61,0
101,63,0
102,65,0
103,62,0
104,62,0
105,61,0
106,62,0
107,62,0
108,65,0
109,65,0
110,64,0
111,61,0
112,63,0
113,64,0
114,60,0
115,63,0
116,61,0
117,65,0
118,60,0
119,63,0
120,63,0
121,64,0
122,62,0
123,63,0
124,61,0
125,64,0
126,62,0
127,65,0
128,63,0
129,62,0
130,63,0
131,63,0
132,62,0
133,62,0
134,61,0
135,61,0
136,62,0
137,61,0
138,65,0
139,62,0
140,62,0
141,63,0
142,62,0
143,62,0
144,60,0
145,63,0
146,61,0
147,62,0
148,62,0
149,65,0
150,64,0
151,64,0
152,61,0
153,61,0
154,62,0
155,64,0
156,61,0
157,62,0
158,60,0
159,61,0
160,61,0
161,64,0
162,63,0
163,63,0
164,62,0
165,62,0
166,63,0
167,65,0
168,62,0
169,61,0
170,63,0
171,61,0
172,62,0
173,62,0
174,63,0
175,62,0
176,62,0
177,63,0
178,63,0
179,62,0
180,61,0
181,63,0
182,62,0
183,62,0
184,63,0
185,60,0
186,62,0
187,63,0
188,61,0
189,64,0
190,63,0
191,63,0
192,62,0
193,62,0
194,65,0
195,62,0
196,62,0
197,61,0
198,63,0
199,62,0
200,62,0
201,61,0
202,65,0
203,62,0
204,62,0
205,63,0
206,62,0
207,62,0
208,61,0
209,61,0
210,64,0
211,63,0
212,61,0
213,62,0
214,62,0
215,61,0
216,65,0
217,62,0
218,65,0
219,63,0
220,62,0
221,64,0
222,61,0
223,65,0
224,62,0
225,62,0
226,63,0
227,63,0
228,64,0
229,61,0
230,61,0
231,62,0
232,61,0
233,59,0
234,62,0
235,62,0
236,65,0
237,62,0
238,62,0
239,65,0
240,65,0
241,62,0
242,62,0
243,61,0
244,62,0
245,62,0
246,63,0
247,63,0
248,62,0
249,64,0
250,61,0
251,64,0
252,65,0
253,62,0
254,63,0
255,63,0
256,64,0
257,64,0
258,63,0
259,63,0
260,62,0
261,65,0
262,65,0
263,62,0
264,64,0
265,63,0
266,61,0
267,62,0
268,62,0
269,61,0
270,63,0
271,62,0
272,65,0
273,63,0
274,64,0
275,64,0
276,61,0
277,62,0
278,62,0
279,61,0
280,63,0
281,61,0
282,62,0
283,60,0
284,63,0
285,62,0
286,62,0
287,63,0
288,65,0
289,62,0
290,62,0
291,65,0
292,62,0
293,64,0
294,65,0
295,65,0
296,64,0
297,63,0
298,61,0
299,64,0
300,60,0
301,59,0
302,62,0
303,62,0
304,61,0
305,63,0
306,61,0
307,61,0
308,61,0
309,63,0
310,62,0
311,62,0
312,62,0
313,63,0
314,63,0
315,64,0
316,63,0
317,65,0
318,62,0
319,62,0
320,65,0
321,63,0
322,64,0
323,62,0
324,61,0
325,63,0
326,64,0
327,63,0
328,65,0
329,62,0
330,63,0
331,63,0
332,62,0
333,63,0
334,61,0
335,63,0
336,62,0
337,64,0
338,59,0
339,63,0
340,62,0
341,61,0
342,59,0
343,64,0
344,63,0
345,63,0
346,62,0
347,62,0
348,61,0
349,63,0
350,62,0
351,62,0
352,63,0
353,60,0
354,62,0
355,63,0
356,61,0
357,60,0
358,62,0
359,63,0
360,65,0
361,63,0
362,62,0
363,61,0
364,61,0
365,62,0
366,62,0
367,65,0
368,60,0
369,62,0
370,63,0
371,65,0
372,62,0
373,61,0
374,61,0
375,62,0
376,64,0
377,63,0
378,63,0
379,62,0
380,60,0
381,65,0
382,63,0
383,62,0
384,60,0
385,63,0
386,62,0
387,62,0
388,62,0
389,62,0
390,63,0
391,61,0
392,62,0
393,65,0
394,63,0
395,64,0
396,64,0
397,63,0
398,62,0
399,62,0
400,65,0
401,63,0
402,62,0
403,63,0
404,61,0
405,62,0
406,63,0
407,63,0
408,64,0
409,64,0
410,61,0
411,60,0
412,62,0
413,65,0
414,61,0
415,63,0
416,60,0
417,63,0
418,65,0
419,62,0
420,62,0
421,61,0
422,63,0
423,62,0
424,64,0
425,63,0
426,63,0
427,64,0
428,62,0
429,61,0
430,62,0
431,62,0
432,63,0
433,61,0
434,60,0
435,62,0
436,61,0
437,62,0
438,62,0
439,65,0
440,61,0
441,63,0
442,60,0
443,62,0
444,65,0
445,65,0
446,60,0
447,63,0
448,61,0
449,62,0
450,62,0
451,63,0
452,63,0
453,62,0
454,63,0
455,63,0
456,62,0
457,60,0
458,61,0
459,62,0
460,62,0
461,63,0
462,62,0
463,62,0
464,63,0
465,63,0
466,64,0
467,62,0
468,61,0
469,65,0
470,65,0
471,62,0
472,64,0
473,63,0
474,62,0
475,62,0
476,61,0
477,61,0
478,62,0
479,63,0
480,65,0
481,62,0
482,65,0
483,61,0
484,62,0
485,65,0
486,63,0
487,62,0
488,63,0
489,63,0
490,64,0
491,60,0
492,63,0
493,64,0
494,62,0
495,62,0
496,63,0
497,65,0
498,62,0
499,62,0
500,63,0
501,63,0
502,62,0
503,61,0
504,63,0
505,64,0
506,64,0
507,63,0
508,63,0
509,62,0
510,62,0
511,61,0
512,64,0
513,62,0
514,61,0
515,63,0
516,64,0
517,62,0
518,61,0
519,61,0
520,62,0
521,60,0
522,62,0
523,65,0
524,65,0
525,60,0
526,63,0
527,63,0
528,64,0
529,62,0
530,61,0
531,64,0
532,64,0
533,63,0
534,63,0
535,64,0
536,61,0
537,63,0
538,62,0
539,65,0
540,63,0
541,64,0
542,62,0
543,63,0
544,64,0
545,62,0
546,65,0
547,62,0
548,63,0
549,64,0
550,62,0
551,63,0
552,62,0
553,64,0
554,61,0
555,61,0
556,62,0
557,63,0
558,65,0
559,60,0
560,64,0
561,63,0
562,61,0
563,64,0
564,62,0
565,61,0
566,65,0
567,62,0
568,61,0
569,65,0
570,64,0
571,60,0
572,63,0
573,63,0
574,62,0
575,62,0
576,63,0
577,63,0
578,62,0
579,62,0
580,63,0
581,60,0
582,60,0
583,63,0
584,61,0
585,62,0
586,63,0
587,63,0
588,62,0
589,62,0
590,59,0
591,65,0
592,62,0
593,63,0
594,63,0
595,62,0
596,63,0
597,61,0
598,62,0
599,62,0
600,63,0
601,62,0
602,62,0
603,62,0
604,61,0
605,63,0
606,60,0
607,61,0
608,62,0
609,62,0
610,61,0
611,61,0
612,64,0
613,62,0
614,59,0
615,62,0
616,62,0
617,63,0
618,63,0
619,60,0
620,65,0
621,61,0
622,62,0
623,62,0
624,63,0
625,64,0
626,62,0
627,61,0
628,61,0
629,63,0
630,62,0
631,62,0
632,61,0
633,61,0
634,62,0
635,62,0
636,61,0
637,64,0
638,64,0
639,59,0
640,63,0
641,62,0
642,62,0
643,65,0
644,61,0
645,60,0
646,64,0
647,61,0
648,62,0
649,64,0
650,63,0
651,61,0
652,62,0
653,60,0
654,63,0
655,65,0
656,62,0
657,62,0
658,62,0
659,65,0
660,61,0
661,62,0
662,61,0
663,63,0
664,60,0
665,64,0
666,61,0
667,61,0
668,62,0
669,61,0
670,63,0
671,64,0
672,62,0
673,63,0
674,63,0
675,62,0
676,60,0
677,63,0
678,63,0
679,62,0
680,61,0
681,63,0
682,62,0
683,62,0
684,62,0
685,63,0
686,62,0
687,64,0
688,61,0
689,61,0
690,64,0
691,62,0
692,63,0
693,61,0
694,64,0
695,64,0
696,61,0
697,64,0
698,64,0
699,65,0
700,65,0
701,62,0
702,61,0
703,65,0
704,62,0
705,63,0
706,67,0
707,62,0
708,62,0
709,61,0
710,63,0
711,65,0
712,62,0
713,62,0
714,63,0
715,62,0
716,62,0
717,61,0
718,61,0
719,64,0
720,63,0
721,63,0
722,62,0
723,62,0
724,61,0
725,62,0
726,62,0
727,63,0
728,63,0
729,60,0
730,62,0
731,63,0
732,64,0
733,62,0
734,63,0
735,63,0
736,62,0
737,62,0
738,62,0
739,65,0
740,63,0
741,62,0
742,61,0
743,61,0
744,64,0
745,61,0
746,61,0
747,62,0
748,61,0
749,63,0
750,62,0
751,62,0
752,61,0
753,62,0
754,64,0
755,61,0
756,62,0
757,62,0
758,63,0
759,62,0
760,62,0
761,61,0
762,59,0
763,62,0
764,62,0
765,60,0
766,63,0
767,62,0
768,62,0
769,65,0
770,63,0
771,62,0
772,62,0
773,63,0
774,62,0
775,60,0
776,61,0
777,65,0
778,62,0
779,59,0
780,63,0
781,62,0
782,60,0
783,63,0
784,62,0
785,64,0
786,61,0
787,65,0
788,60,0
789,64,0
790,65,0
791,65,0
792,65,0
793,62,0
794,62,0
795,63,0
796,63,0
797,62,0
798,62,0
799,61,0
800,62,0
801,62,0
802,61,0
803,61,0
804,62,0
805,62,0
806,65,0
807,62,0
808,62,0
809,63,0
810,65,0
811,64,0
812,62,0
813,65,0
814,59,0
815,62,0
816,61,0
817,63,0
818,65,0
819,63,0
820,64,0
821,63,0
822,63,0
823,62,0
824,61,0
825,63,0
826,64,0
827,62,0
828,60,0
829,63,0
830,64,0
831,64,0
832,61,0
833,65,0
834,60,0
835,62,0
836,61,0
837,63,0
838,64,0
839,61,0
840,63,0
841,62,0
842,62,0
843,61,0
844,63,0
845,63,0
846,60,0
847,64,0
848,63,0
849,60,0
850,62,0
851,63,0
852,61,0
853,62,0
854,63,0
855,63,0
856,62,0
857,63,0
858,63,0
859,62,0
860,62,0
861,63,0
862,63,0
863,62,0
864,62,0
865,63,0
866,62,0
867,62,0
868,63,0
869,63,0
870,60,0
871,63,0
872,65,0
873,63,0
874,62,0
875,61,0
876,61,0
877,64,0
878,64,0
879,61,0
880,61,0
881,62,0
882,63,0
883,63,0
884,62,0
885,64,0
886,63,0
887,62,0
888,64,0
889,61,0
890,65,0
891,62,0
892,64,0
893,63,0
894,61,0
895,62,0
896,59,0
897,65,0
898,62,0
899,65,0
900,62,0
901,61,0
902,61,0
903,62,0
904,64,0
905,63,0
906,64,0
907,62,0
908,63,0
909,63,0
910,62,0
911,64,0
912,61,0
913,62,0
914,62,0
915,63,0
916,63,0
917,64,0
918,62,0
919,63,0
920,65,0
921,63,0
922,65,0
923,63,0
924,62,0
925,64,0
926,63,0
927,63,0
928,62,0
929,64,0
930,63,0
931,63,0
932,60,0
933,62,0
934,63,0
935,65,0
936,62,0
937,64,0
938,61,0
939,63,0
940,62,0
941,65,0
942,61,0
943,62,0
944,62,0
945,62,0
946,63,0
947,63,0
948,62,0
949,62,0
950,63,0
951,63,0
952,62,0
953,62,0
954,63,0
955,61,0
956,62,0
957,62,0
958,63,0
959,65,0
960,62,0
961,62,0
962,65,0
963,61,0
964,64,0
965,62,0
966,63,0
967,65,0
968,64,0
969,62,0
970,63,0
971,63,0
972,61,0
973,61,0
974,62,0
975,65,0
976,63,0
977,62,0
978,62,0
979,61,0
980,63,0
981,63,0
982,64,0
983,63,0
984,63,0
985,65,0
986,62,0
987,62,0
988,63,0
989,63,0
990,62,0
991,62,0
992,65,0
993,63,0
994,62,0
995,62,0
996,61,0
997,65,0
998,64,0
999,62,0
1000,64,0
1001,63,0
1002,63,0
1003,67,0
1004,64,0
1005,62,0
1006,62,0
1007,61,0
1008,63,0
1009,62,0
1010,62,0
1011,61,0
1012,61,0
1013,62,0
1014,64,0
1015,63,0
1016,63,0
1017,62,0
1018,64,0
1019,61,0
1020,64,0
1021,62,0
1022,62,0
1023,65,0
1024,61,0
1025,60,0
1026,62,0
1027,63,0
1028,65,0
1029,62,0
1030,62,0
1031,61,0
1032,65,0
1033,62,0
1034,64,0
1035,63,0
1036,65,0
1037,62,0
1038,62,0
1039,65,0
1040,63,0
1041,62,0
1042,62,0
1043,61,0
1044,65,0
1045,62,0
1046,62,0
1047,61,0
1048,65,0
1049,60,0
1050,62,0
1051,63,0
1052,63,0
1053,62,0
1054,63,0
1055,61,0
1056,62,0
1057,61,0
1058,62,0
1059,62,0
1060,61,0
1061,61,0
1062,62,0
1063,63,0
1064,63,0
1065,62,0
1066,60,0
1067,63,0
1068,63,0
1069,60,0
1070,62,0
1071,63,0
1072,61,0
1073,62,0
1074,64,0
1075,61,0
1076,65,0
1077,62,0
1078,60,0
1079,63,0
1080,63,0
1081,64,0
1082,60,0
1083,61,0
1084,65,0
1085,62,0
1086,65,0
1087,62,0
1088,62,0
1089,63,0
1090,63,0
1091,62,0
1092,64,0
1093,63,0
1094,63,0
1095,62,0
1096,62,0
1097,61,0
1098,65,0
1099,64,0
1100,62,0
1101,63,0
1102,65,0
1103,64,0
1104,62,0
1105,63,0
1106,63,0
1107,62,0
1108,62,0
1109,61,0
1110,65,0
1111,62,0
1112,64,0
1113,65,0
1114,65,0
1115,62,0
1116,62,0
1117,62,0
1118,63,0
1119,63,0
1120,63,0
1121,60,0
1122,63,0
1123,61,0
1124,64,0
1125,62,0
1126,61,0
1127,65,0
1128,63,0
1129,62,0
1130,64,0
1131,61,0
1132,65,0
1133,62,0
1134,62,0
1135,63,0
1136,65,0
1137,64,0
1138,62,0
1139,61,0
1140,65,0
1141,60,0
1142,62,0
1143,65,0
1144,65,0
1145,65,0
1146,63,0
1147,62,0
1148,60,0
1149,63,0
1150,63,0
1151,62,0
1152,60,0
1153,63,0
1154,59,0
1155,62,0
1156,62,0
1157,65,0
1158,59,0
1159,62,0
1160,62,0
1161,59,0
1162,63,0
1163,62,0
1164,59,0
1165,63,0
1166,60,0
1167,60,0
1168,63,0
1169,63,0
1170,62,0
1171,62,0
1172,59,0
1173,62,0
1174,61,0
1175,62,0
1176,60,0
1177,63,0
1178,63,0
1179,62,0
1180,60,0
1181,65,0
1182,63,0
1183,62,0
1184,62,0
1185,65,0
1186,63,0
1187,62,0
1188,64,0
1189,65,0
1190,61,0
1191,62,0
1192,62,0
1193,61,0
1194,65,0
1195,62,0
1196,62,0
1197,65,0
1198,63,0
1199,62,0
1200,62,0
1201,62,0
1202,63,0
1203,65,0
1204,62,0
1205,62,0
1206,63,0
1207,67,0
1208,62,0
1209,62,0
1210,67,0
1211,61,0
1212,62,0
1213,64,0
1214,65,0
1215,61,0
1216,66,0
1217,62,0
1218,63,0
1219,63,0
1220,63,0
1221,62,0
1222,65,0
1223,63,0
1224,64,0
1225,62,0
1226,63,0
1227,61,0
1228,63,0
1229,63,0
1230,62,0
1231,62,0
1232,61,0
1233,63,0
1234,64,0
1235,62,0
1236,63,0
1237,62,0
1238,63,0
1239,61,0
1240,62,0
1241,62,0
1242,65,0
1243,63,0
1244,64,0
1245,64,0
1246,65,0
1247,63,0
1248,62,0
1249,62,0
1250,63,0
1251,61,0
1252,64,0
1253,62,0
1254,65,0
1255,63,0
1256,62,0
1257,62,0
1258,61,0
1259,63,0
1260,62,0
1261,64,0
1262,63,0
1263,61,0
1264,60,0
1265,62,0
1266,62,0
1267,63,0
1268,59,0
1269,62,0
1270,64,0
1271,63,0
1272,61,0
1273,62,0
1274,62,0
1275,61,0
1276,61,0
1277,62,0
1278,60,0
1279,63,0
1280,61,0
1281,62,0
1282,62,0
1283,63,0
1284,61,0
1285,62,0
1286,62,0
1287,65,0
1288,63,0
1289,64,0
1290,64,0
1291,63,0
1292,64,0
1293,65,0
1294,61,0
1295,62,0
1296,62,0
1297,63,0
1298,63,0
1299,62,0
1300,60,0
1301,61,0
1302,63,0
1303,62,0
1304,61,0
1305,61,0
1306,61,0
1307,62,0
1308,62,0
1309,63,0
1310,63,0
1311,64,0
1312,63,0
1313,63,0
1314,65,0
1315,62,0
1316,62,0
1317,63,0
1318,62,0
1319,64,0
1320,61,0
1321,64,0
1322,63,0
1323,61,0
1324,62,0
1325,60,0
1326,61,0
1327,65,0
1328,62,0
1329,63,0
1330,63,0
1331,62,0
1332,62,0
1333,63,0
1334,63,0
1335,62,0
1336,65,0
1337,65,0
1338,62,0
1339,64,0
1340,63,0
1341,65,0
1342,64,0
1343,62,0
1344,65,0
1345,61,0
1346,62,0
1347,61,0
1348,65,0
1349,65,0
1350,63,0
1351,64,0
1352,63,0
1353,63,0
1354,63,0
1355,62,0
1356,63,0
1357,65,0
1358,62,0
1359,64,0
1360,65,0
1361,67,0
1362,64,0
1363,66,0
1364,63,0
1365,62,0
1366,62,0
1367,62,0
1368,61,0
1369,63,0
1370,64,0
1371,62,0
1372,65,0
1373,63,0
1374,64,0
1375,62,0
1376,62,0
1377,65,0
1378,65,0
1379,60,0
1380,62,0
1381,61,0
1382,63,0
1383,62,0
1384,62,0
1385,63,0
1386,63,0
1387,62,0
1388,64,0
1389,60,0
1390,63,0
1391,59,0
1392,64,0
1393,60,0
1394,59,0
1395,63,0
1396,64,0
1397,62,0
1398,63,0
1399,63,0
1400,64,0
1401,62,0
1402,63,0
1403,63,0
1404,63,0
1405,62,0
1406,62,0
1407,64,0
1408,65,0
1409,63,0
1410,62,0
1411,62,0
1412,63,0
1413,65,0
1414,62,0
1415,62,0
1416,65,0
1417,63,0
1418,62,0
1419,66,0
1420,63,0
1421,59,0
1422,62,0
1423,64,0
1424,63,0
1425,65,0
1426,64,0
1427,62,0
1428,63,0
1429,61,0
1430,62,0
1431,62,0
1432,62,0
1433,63,0
1434,59,0
1435,62,0
1436,64,0
1437,65,0
1438,61,0
1439,62,0
1440,62,0
1441,63,0
1442,61,0
1443,64,0
1444,60,0
1445,63,0
1446,64,0
1447,62,0
1448,63,0
1449,65,0
1450,64,0
1451,62,0
1452,63,0
1453,63,0
1454,62,0
1455,63,0
1456,65,0
1457,62,0
1458,64,0
1459,60,0
1460,63,0
1461,61,0
1462,64,0
1463,62,0
1464,64,0
1465,63,0
1466,62,0
1467,64,0
1468,62,0
1469,59,0
1470,64,0
1471,60,0
1472,66,0
1473,63,0
1474,64,0
1475,62,0
1476,64,0
1477,63,0
1478,61,0
1479,62,0
1480,62,0
1481,63,0
1482,61,0
1483,62,0
1484,62,0
1485,62,0
1486,64,0
1487,63,0
1488,63,0
1489,62,0
1490,62,0
1491,63,0
1492,63,0
1493,62,0
1494,62,0
1495,63,0
1496,63,0
1497,62,0
1498,64,0
1499,61,0
1500,63,0
1501,63,0
1502,64,0
1503,64,0
1504,61,0
1505,63,0
1506,64,0
1507,62,0
1508,61,0
1509,63,0
1510,65,0
1511,64,0
1512,63,0
1513,65,0
1514,62,0
1515,63,0
1516,62,0
1517,62,0
1518,63,0
1519,63,0
1520,64,0
1521,62,0
1522,61,0
1523,63,0
1524,64,0
1525,62,0
1526,61,0
1527,65,0
1528,65,0
1529,64,0
1530,61,0
1531,65,0
1532,64,0
1533,62,0
1534,63,0
1535,61,0
1536,65,0
1537,62,0
1538,65,0
1539,63,0
1540,64,0
1541,62,0
1542,63,0
1543,63,0
1544,62,0
1545,64,0
1546,62,0
1547,63,0
1548,63,0
1549,62,0
1550,62,0
1551,64,0
1552,63,0
1553,61,0
1554,64,0
1555,62,0
1556,63,0
1557,63,0
1558,62,0
1559,63,0
1560,63,0
1561,65,0
1562,62,0
1563,62,0
1564,63,0
1565,65,0
1566,62,0
1567,62,0
1568,63,0
1569,65,0
1570,62,0
1571,64,0
1572,62,0
1573,65,0
1574,60,0
1575,62,0
1576,63,0
1577,65,0
1578,62,0
1579,62,0
1580,63,0
1581,63,0
1582,62,0
1583,61,0
1584,63,0
1585,64,0
1586,62,0
1587,65,0
1588,62,0
1589,62,0
1590,61,0
1591,63,0
1592,62,0
1593,63,0
1594,63,0
1595,64,0
1596,62,0
1597,63,0
1598,62,0
1599,62,0
1600,62,0
1601,63,0
1602,63,0
1603,62,0
1604,64,0
1605,63,0
1606,65,0
1607,62,0
1608,62,0
1609,63,0
1610,63,0
1611,62,0
1612,62,0
1613,61,0
1614,63,0
1615,62,0
1616,62,0
1617,63,0
1618,62,0
1619,64,0
1620,63,0
1621,63,0
1622,62,0
1623,60,0
1624,63,0
1625,63,0
1626,64,0
1627,61,0
1628,62,0
1629,63,0
1630,67,0
1631,64,0
1632,64,0
1633,61,0
1634,67,0
1635,64,0
1636,62,0
1637,65,0
1638,63,0
1639,60,0
1640,62,0
1641,65,0
1642,65,0
1643,62,0
1644,64,0
1645,61,0
1646,63,0
1647,64,0
1648,64,0
1649,61,0
1650,63,0
1651,62,0
1652,62,0
1653,61,0
1654,63,0
1655,63,0
1656,63,0
1657,62,0
1658,64,0
1659,63,0
1660,63,0
1661,64,0
1662,62,0
1663,65,0
1664,65,0
1665,64,0
1666,62,0
1667,65,0
1668,61,0
1669,62,0
1670,62,0
1671,64,0
1672,63,0
1673,61,0
1674,62,0
1675,64,0
1676,61,0
1677,61,0
1678,62,0
1679,64,0
1680,63,0
1681,63,0
1682,63,0
1683,62,0
1684,62,0
1685,65,0
1686,61,0
1687,62,0
1688,62,0
1689,65,0
1690,63,0
1691,64,0
1692,62,0
1693,65,0
1694,61,0
1695,60,0
1696,62,0
1697,65,0
1698,66,0
1699,62,0
1700,63,0
1701,61,0
1702,62,0
1703,62,0
1704,61,0
1705,64,0
1706,64,0
1707,63,0
1708,63,0
1709,62,0
1710,62,0
1711,62,0
1712,63,0
1713,61,0
1714,62,0
1715,62,0
1716,63,0
1717,61,0
1718,62,0
1719,64,0
1720,63,0
1721,61,0
1722,62,0
1723,62,0
1724,63,0
1725,63,0
1726,62,0
1727,62,0
1728,63,0
1729,63,0
1730,62,0
1731,62,0
1732,61,0
1733,64,0
1734,62,0
1735,63,0
1736,63,0
1737,63,0
1738,62,0
1739,64,0
1740,61,0
1741,63,0
1742,62,0
1743,64,0
1744,63,0
1745,61,0
1746,65,0
1747,64,0
1748,62,0
1749,62,0
1750,62,0
1751,65,0
1752,61,0
1753,64,0
1754,60,0
1755,65,0
1756,62,0
1757,62,0
1758,63,0
1759,63,0
1760,62,0
1761,62,0
1762,63,0
1763,65,0
1764,62,0
1765,64,0
1766,61,0
1767,63,0
1768,63,0
1769,64,0
1770,62,0
1771,63,0
1772,63,0
1773,62,0
1774,62,0
1775,65,0
1776,63,0
1777,62,0
1778,62,0
1779,63,0
1780,63,0
1781,62,0
1782,65,0
1783,63,0
1784,62,0
1785,62,0
1786,65,0
1787,61,0
1788,62,0
1789,64,0
1790,63,0
1791,61,0
1792,62,0
1793,61,0
1794,65,0
1795,63,0
1796,65,0
1797,62,0
1798,63,0
1799,65,0
1800,62,0
1801,63,0
1802,63,0
1803,64,0
1804,62,0
1805,61,0
1806,65,0
1807,62,0
1808,62,0
1809,63,0
1810,61,0
1811,62,0
1812,62,0
1813,63,0
1814,63,0
1815,64,0
1816,61,0
1817,65,0
1818,62,0
1819,64,0
1820,61,0
1821,63,0
1822,62,0
1823,62,0
1824,62,0
1825,63,0
1826,61,0
1827,62,0
1828,62,0
1829,63,0
1830,63,0
1831,64,0
1832,62,0
1833,63,0
1834,64,0
1835,62,0
1836,63,0
1837,62,0
1838,62,0
1839,63,0
1840,63,0
1841,62,0
1842,63,0
1843,61,0
1844,62,0
1845,62,0
1846,61,0
1847,65,0
1848,62,0
1849,62,0
1850,63,0
1851,63,0
1852,64,0
1853,62,0
1854,62,0
1855,61,0
1856,62,0
1857,64,0
1858,63,0
1859,63,0
1860,60,0
1861,64,0
1862,63,0
1863,65,0
1864,62,0
1865,63,0
1866,63,0
1867,62,0
1868,64,0
1869,63,0
1870,61,0
1871,62,0
1872,62,0
1873,61,0
1874,62,0
1875,62,0
1876,61,0
1877,61,0
1878,62,0
1879,64,0
1880,61,0
1881,63,0
1882,63,0
1883,62,0
1884,64,0
1885,63,0
1886,63,0
1887,64,0
1888,62,0
1889,65,0
1890,61,0
1891,60,0
1892,62,0
1893,63,0
1894,63,0
1895,62,0
1896,64,0
1897,63,0
1898,63,0
1899,62,0
1900,65,0
1901,65,0
1902,62,0
1903,60,0
1904,61,0
1905,61,0
1906,64,0
1907,62,0
1908,65,0
1909,65,0
1910,62,0
1911,65,0
1912,60,0
1913,65,0
1914,65,0
1915,62,0
1916,62,0
1917,63,0
1918,61,0
1919,62,0
1920,64,0
1921,61,0
1922,63,0
1923,64,0
1924,64,0
1925,63,0
1926,63,0
1927,62,0
1928,62,0
1929,65,0
1930,65,0
1931,64,0
1932,62,0
1933,67,0
1934,65,0
1935,64,0
1936,62,0
1937,65,0
1938,65,0
1939,63,0
1940,64,0
1941,65,0
1942,61,0
1943,62,0
1944,62,0
1945,63,0
1946,61,0
1947,62,0
1948,65,0
1949,63,0
1950,62,0
1951,60,0
1952,65,0
1953,63,0
1954,62,0
1955,62,0
1956,61,0
1957,63,0
1958,62,0
1959,63,0
1960,63,0
1961,62,0
1962,62,0
1963,61,0
1964,63,0
1965,62,0
1966,62,0
1967,62,0
1968,65,0
1969,62,0
1970,62,0
1971,63,0
1972,63,0
1973,62,0
1974,62,0
1975,63,0
1976,60,0
1977,64,0
1978,61,0
1979,61,0
1980,62,0
1981,62,0
1982,61,0
1983,64,0
1984,64,0
1985,65,0
1986,65,0
1987,62,0
1988,62,0
1989,65,0
1990,62,0
1991,64,0
1992,61,0
1993,61,0
1994,60,0
1995,64,0
1996,62,0
1997,65,0
1998,61,0
1999,62,0
2000,62,0
2001,65,0
2002,62,0
2003,62,0
2004,59,0
2005,63,0
2006,60,0
2007,64,0
2008,63,0
2009,65,0
2010,62,0
2011,61,0
2012,61,0
2013,64,0
2014,60,0
2015,61,0
2016,61,0
2017,62,0
2018,62,0
2019,63,0
2020,59,0
2021,64,0
2022,60,0
2023,62,0
2024,63,0
2025,65,0
2026,62,0
2027,64,0
2028,63,0
2029,65,0
2030,62,0
2031,65,0
2032,61,0
2033,62,0
2034,64,0
2035,63,0
2036,65,0
2037,62,0
2038,60,0
2039,61,0
2040,63,0
2041,62,0
2042,62,0
2043,65,0
2044,61,0
2045,64,0
2046,62,0
2047,61,0
2048,61,0
2049,62,0
2050,65,0
2051,64,0
2052,59,0
2053,63,0
2054,64,0
2055,63,0
2056,65,0
2057,62,0
2058,62,0
2059,61,0
2060,63,0
2061,62,0
2062,62,0
2063,65,0
2064,63,0
2065,62,0
2066,62,0
2067,61,0
2068,62,0
2069,64,0
2070,65,0
2071,63,0
2072,62,0
2073,62,0
2074,63,0
2075,62,0
2076,64,0
2077,63,0
2078,63,0
2079,61,0
2080,60,0
2081,64,0
2082,63,0
2083,63,0
2084,62,0
2085,61,0
2086,63,0
2087,62,0
2088,62,0
2089,65,0
2090,65,0
2091,62,0
2092,62,0
2093,65,0
2094,62,0
2095,62,0
2096,63,0
2097,61,0
2098,60,0
2099,63,0
2100,59,0
2101,64,0
2102,62,0
2103,61,0
2104,63,0
2105,64,0
2106,62,0
2107,63,0
2108,61,0
2109,62,0
2110,62,0
2111,63,0
2112,59,0
2113,62,0
2114,61,0
2115,63,0
2116,64,0
2117,62,0
2118,63,0
2119,63,0
2120,62,0
2121,61,0
2122,63,0
2123,62,0
2124,60,0
2125,63,0
2126,63,0
2127,64,0
2128,61,0
2129,63,0
2130,62,0
2131,62,0
2132,61,0
2133,61,0
2134,62,0
2135,64,0
2136,62,0
2137,61,0
2138,65,0
2139,62,0
2140,61,0
2141,65,0
2142,62,0
2143,62,0
2144,61,0
2145,63,0
2146,62,0
2147,64,0
2148,59,0
2149,63,0
2150,62,0
2151,62,0
2152,63,0
2153,62,0
2154,64,0
2155,63,0
2156,59,0
2157,62,0
2158,64,0
2159,61,0
2160,63,0
2161,62,0
2162,62,0
2163,60,0
2164,63,0
2165,65,0
2166,62,0
2167,62,0
2168,63,0
2169,62,0
2170,60,0
2171,61,0
2172,63,0
2173,62,0
2174,62,0
2175,65,0
2176,59,0
2177,62,0
2178,64,0
2179,63,0
2180,61,0
2181,64,0
2182,62,0
2183,61,0
2184,65,0
2185,64,0
2186,60,0
2187,63,0
2188,62,0
2189,64,0
2190,61,0
2191,61,0
2192,65,0
2193,64,0
2194,62,0
2195,63,0
2196,59,0
2197,62,0
2198,62,0
2199,61,0
2200,64,0
2201,62,0
2202,63,0
2203,63,0
2204,60,0
2205,64,0
2206,59,0
2207,63,0
2208,60,0
2209,64,0
2210,61,0
2211,64,0
2212,60,0
2213,65,0
2214,61,0
2215,62,0
2216,62,0
2217,61,0
2218,63,0
2219,65,0
2220,64,0
2221,62,0
2222,61,0
2223,62,0
2224,60,0
2225,63,0
2226,63,0
2227,62,0
2228,62,0
2229,63,0
2230,62,0
2231,62,0
2232,61,0
2233,63,0
2234,62,0
2235,62,0
2236,63,0
2237,62,0
2238,62,0
2239,63,0
2240,63,0
2241,62,0
2242,60,0
2243,63,0
2244,62,0
2245,64,0
2246,61,0
2247,63,0
2248,61,0
2249,62,0
2250,62,0
2251,63,0
2252,60,0
2253,62,0
2254,61,0
2255,63,0
2256,62,0
2257,62,0
2258,61,0
2259,62,0
2260,62,0
2261,63,0
2262,63,0
2263,64,0
2264,62,0
2265,65,0
2266,64,0
2267,62,0
2268,63,0
2269,63,0
2270,62,0
2271,62,0
2272,63,0
2273,63,0
2274,60,0
2275,60,0
2276,62,0
2277,63,0
2278,62,0
2279,66,0
2280,65,0
2281,65,0
2282,62,0
2283,62,0
2284,63,0
2285,61,0
2286,62,0
2287,62,0
2288,61,0
2289,62,0
2290,64,0
2291,61,0
2292,63,0
2293,64,0
2294,62,0
2295,65,0
2296,63,0
2297,62,0
2298,64,0
2299,61,0
2300,61,0
2301,64,0
2302,62,0
2303,62,0
2304,63,0
2305,63,0
2306,62,0
2307,65,0
2308,63,0
2309,65,0
2310,64,0
2311,62,0
2312,63,0
2313,64,0
2314,62,0
2315,63,0
2316,61,0
2317,62,0
2318,62,0
2319,65,0
2320,61,0
2321,62,0
2322,62,0
2323,65,0
2324,61,0
2325,64,0
2326,60,0
2327,63,0
2328,65,0
2329,64,0
2330,63,0
2331,65,0
2332,61,0
2333,64,0
2334,64,0
2335,65,0
2336,63,0
2337,62,0
2338,62,0
2339,61,0
2340,62,0
2341,60,0
2342,65,0
2343,63,0
2344,62,0
2345,60,0
2346,63,0
2347,63,0
2348,62,0
2349,62,0
2350,65,0
2351,62,0
2352,62,0
2353,63,0
2354,65,0
2355,62,0
2356,64,0
2357,63,0
2358,65,0
2359,64,0
2360,64,0
2361,65,0
2362,65,0
2363,65,0
2364,62,0
2365,63,0
2366,65,0
2367,62,0
2368,62,0
2369,63,0
2370,62,0
2371,62,0
2372,63,0
2373,61,0
2374,62,0
2375,63,0
2376,63,0
2377,60,0
2378,62,0
2379,63,0
2380,63,0
2381,60,0
2382,62,0
2383,63,0
2384,61,0
2385,64,0
2386,65,0
2387,61,0
2388,63,0
2389,62,0
2390,62,0
2391,65,0
2392,63,0
2393,62,0
2394,62,0
2395,61,0
2396,63,0
2397,62,0
2398,62,0
2399,63,0
2400,64,0
2401,62,0
2402,65,0
2403,63,0
2404,64,0
2405,60,0
2406,63,0
2407,63,0
2408,62,0
2409,61,0
2410,63,0
2411,60,0
2412,64,0
2413,63,0
2414,63,0
2415,60,0
2416,61,0
2417,62,0
2418,63,0
2419,65,0
2420,64,0
2421,61,0
2422,61,0
2423,62,0
2424,62,0
2425,63,0
2426,63,0
2427,64,0
2428,60,0
2429,65,0
2430,63,0
2431,62,0
2432,62,0
2433,63,0
2434,61,0
2435,62,0
2436,63,0
2437,63,0
2438,62,0
2439,64,0
2440,65,0
2441,65,0
2442,62,0
2443,62,0
2444,63,0
2445,64,0
2446,63,0
2447,65,0
2448,62,0
2449,63,0
2450,61,0
2451,64,0
2452,60,0
2453,65,0
2454,63,0
2455,62,0
2456,62,0
2457,63,0
2458,63,0
2459,64,0
2460,60,0
2461,63,0
2462,62,0
2463,64,0
2464,63,0
2465,65,0
2466,62,0
2467,64,0
2468,65,0
2469,67,0
2470,62,0
2471,62,0
2472,61,0
2473,63,0
2474,63,0
2475,62,0
2476,62,0
2477,63,0
2478,64,0
2479,62,0
2480,61,0
2481,63,0
2482,62,0
2483,62,0
2484,63,0
2485,62,0
2486,62,0
2487,61,0
2488,61,0
2489,62,0
2490,62,0
2491,63,0
2492,63,0
2493,62,0
2494,63,0
2495,65,0
2496,62,0
2497,62,0
2498,63,0
2499,63,0
2500,60,0
2501,61,0
2502,62,0
2503,63,0
2504,63,0
2505,62,0
2506,61,0
2507,63,0
2508,64,0
2509,62,0
2510,63,0
2511,63,0
2512,62,0
2513,62,0
2514,63,0
2515,62,0
2516,62,0
2517,63,0
2518,65,0
2519,62,0
2520,62,0
2521,63,0
2522,63,0
2523,60,0
2524,61,0
2525,63,0
2526,62,0
2527,62,0
2528,63,0
2529,63,0
2530,63,0
2531,60,0
2532,62,0
2533,63,0
2534,62,0
2535,62,0
2536,65,0
2537,61,0
2538,64,0
2539,63,0
2540,65,0
2541,60,0
2542,62,0
2543,62,0
2544,65,0
2545,62,0
2546,62,0
2547,61,0
2548,63,0
2549,64,0
2550,62,0
2551,63,0
2552,65,0
2553,62,0
2554,64,0
2555,61,0
2556,63,0
2557,62,0
2558,62,0
2559,62,0
2560,63,0
2561,63,0
2562,64,0
2563,62,0
2564,63,0
2565,64,0
2566,64,0
2567,64,0
2568,64,0
2569,62,0
2570,61,0
2571,61,0
2572,63,0
2573,64,0
2574,64,0
2575,64,0
2576,62,0
2577,61,0
2578,63,0
2579,64,0
2580,64,0
2581,62,0
2582,63,0
2583,61,0
2584,60,0
2585,64,0
2586,65,0
2587,63,0
2588,60,0
2589,62,0
2590,63,0
2591,62,0
2592,63,0
2593,63,0
2594,62,0
2595,64,0
2596,63,0
2597,63,0
2598,63,0
2599,64,0
2600,64,0
2601,63,0
2602,61,0
2603,63,0
2604,62,0
2605,64,0
2606,63,0
2607,63,0
2608,62,0
2609,62,0
2610,61,0
2611,63,0
2612,62,0
2613,62,0
2614,63,0
2615,61,0
2616,63,0
2617,60,0
2618,62,0
2619,61,0
2620,65,0
2621,63,0
2622,62,0
2623,62,0
2624,61,0
2625,65,0
2626,62,0
2627,60,0
2628,62,0
2629,61,0
2630,63,0
2631,62,0
2632,62,0
2633,63,0
2634,63,0
2635,62,0
2636,64,0
2637,61,0
2638,61,0
2639,62,0
2640,62,0
2641,62,0
2642,63,0
2643,60,0
2644,64,0
2645,62,0
2646,63,0
2647,63,0
2648,65,0
2649,62,0
2650,62,0
2651,63,0
2652,61,0
2653,62,0
2654,62,0
2655,63,0
2656,63,0
2657,64,0
2658,62,0
2659,60,0
2660,61,0
2661,63,0
2662,62,0
2663,64,0
2664,63,0
2665,63,0
2666,62,0
2667,60,0
2668,61,0
2669,65,0
2670,62,0
2671,60,0
2672,62,0
2673,61,0
2674,61,0
2675,62,0
2676,62,0
2677,63,0
2678,63,0
2679,63,0
2680,64,0
2681,62,0
2682,64,0
2683,65,0
2684,61,0
2685,62,0
2686,62,0
2687,61,0
2688,65,0
2689,61,0
2690,64,0
2691,62,0
2692,63,0
2693,63,0
2694,62,0
2695,62,0
2696,62,0
2697,65,0
2698,65,0
2699,62,0
2700,64,0
2701,62,0
2702,65,0
2703,63,0
2704,64,0
2705,62,0
2706,62,0
2707,60,0
2708,61,0
2709,63,0
2710,62,0
2711,62,0
2712,62,0
2713,59,0
2714,63,0
2715,64,0
2716,62,0
2717,63,0
2718,65,0
2719,63,0
2720,62,0
2721,64,0
2722,63,0
2723,63,0
2724,62,0
2725,62,0
2726,63,0
2727,61,0
2728,62,0
2729,62,0
2730,62,0
2731,63,0
2732,61,0
2733,62,0
2734,63,0
2735,62,0
2736,64,0
2737,63,0
2738,61,0
2739,62,0
2740,62,0
2741,61,0
2742,61,0
2743,60,0
2744,62,0
2745,62,0
2746,65,0
2747,59,0
2748,62,0
2749,62,0
2750,63,0
2751,63,0
2752,62,0
2753,60,0
2754,63,0
2755,61,0
2756,61,0
2757,64,0
2758,62,0
2759,61,0
2760,63,0
2761,65,0
2762,63,0
2763,60,0
2764,62,0
2765,59,0
2766,63,0
2767,62,0
2768,62,0
2769,63,0
2770,63,0
2771,62,0
2772,61,0
2773,62,0
2774,62,0
2775,62,0
2776,61,0
2777,63,0
2778,62,0
2779,64,0
2780,65,0
2781,63,0
2782,60,0
2783,64,0
2784,61,0
2785,61,0
2786,62,0
2787,62,0
2788,62,0
2789,61,0
2790,63,0
2791,62,0
2792,64,0
2793,63,0
2794,63,0
2795,65,0
2796,62,0
2797,64,0
2798,60,0
2799,62,0
2800,63,0
2801,65,0
2802,62,0
2803,62,0
2804,61,0
2805,63,0
2806,61,0
2807,64,0
2808,60,0
2809,61,0
2810,63,0
2811,62,0
2812,60,0
2813,65,0
2814,61,0
2815,61,0
2816,62,0
2817,64,0
2818,61,0
2819,63,0
2820,62,0
2821,62,0
2822,62,0
2823,63,0
2824,63,0
2825,63,0
2826,63,0
2827,62,0
2828,62,0
2829,63,0
2830,61,0
2831,64,0
2832,64,0
2833,63,0
2834,61,0
2835,64,0
2836,62,0
2837,64,0
2838,63,0
2839,65,0
2840,63,0
2841,62,0
2842,62,0
2843,63,0
2844,61,0
2845,65,0
2846,64,0
2847,62,0
2848,65,0
2849,61,0
2850,62,0
2851,64,0
2852,62,0
2853,62,0
2854,63,0
2855,65,0
2856,62,0
2857,62,0
2858,62,0
2859,65,0
2860,63,0
2861,62,0
2862,62,0
2863,62,0
2864,61,0
2865,61,0
2866,62,0
2867,62,0
2868,59,0
2869,65,0
2870,62,0
2871,64,0
2872,60,0
2873,63,0
2874,65,0
2875,62,0
2876,62,0
2877,63,0
2878,59,0
2879,62,0
2880,63,0
2881,60,0
2882,62,0
2883,63,0
2884,61,0
2885,64,0
2886,64,0
2887,65,0
2888,63,0
2889,62,0
2890,62,0
2891,62,0
2892,65,0
2893,61,0
2894,62,0
2895,60,0
2896,61,0
2897,65,0
2898,62,0
2899,62,0
2900,61,0
2901,61,0
2902,63,0
2903,62,0
2904,64,0
2905,61,0
2906,63,0
2907,61,0
2908,62,0
2909,62,0
2910,63,0
2911,61,0
2912,61,0
2913,62,0
2914,62,0
2915,61,0
2916,59,0
2917,62,0
2918,60,0
2919,63,0
2920,63,0
2921,63,0
2922,60,0
2923,64,0
2924,61,0
2925,65,0
2926,62,0
2927,62,0
2928,62,0
2929,65,0
2930,63,0
2931,62,0
2932,62,0
2933,63,0
2934,62,0
2935,61,0
2936,61,0
2937,64,0
2938,64,0
2939,62,0
2940,65,0
2941,65,0
2942,63,0
2943,62,0
2944,64,0
2945,63,0
2946,65,0
2947,62,0
2948,62,0
2949,61,0
2950,65,0
2951,63,0
2952,64,0
2953,62,0
2954,65,0
2955,61,0
2956,64,0
2957,64,0
2958,62,0
2959,61,0
2960,65,0
2961,65,0
2962,63,0
2963,62,0
2964,62,0
2965,61,0
2966,61,0
2967,63,0
2968,62,0
2969,62,0
2970,59,0
2971,61,0
2972,63,0
2973,62,0
2974,62,0
2975,63,0
2976,63,0
2977,61,0
2978,62,0
2979,64,0
2980,63,0
2981,65,0
2982,61,0
2983,62,0
2984,62,0
2985,63,0
2986,61,0
2987,65,0
2988,65,0
2989,61,0
2990,62,0
2991,64,0
2992,65,0
2993,63,0
2994,65,0
2995,62,0
2996,62,0
2997,61,0
2998,63,0
2999,60,0
3000,62,0
3001,63,0
3002,61,0
3003,63,0
3004,62,0
3005,60,0
3006,61,0
3007,63,0
3008,63,0
3009,60,0
3010,62,0
3011,65,0
3012,63,0
3013,64,0
3014,62,0
3015,62,0
3016,60,0
3017,63,0
3018,63,0
3019,62,0
3020,60,0
3021,63,0
3022,63,0
3023,62,0
3024,62,0
3025,61,0
3026,65,0
3027,62,0
3028,62,0
3029,62,0
3030,61,0
3031,63,0
3032,62,0
3033,62,0
3034,65,0
3035,63,0
3036,63,0
3037,62,0
3038,62,0
3039,63,0
3040,63,0
3041,62,0
3042,64,0
3043,62,0
3044,62,0
3045,63,0
3046,63,0
3047,60,0
3048,62,0
3049,65,0
3050,65,0
3051,62,0
3052,62,0
3053,62,0
3054,63,0
3055,61,0
3056,62,0
3057,62,0
3058,63,0
3059,61,0
3060,63,0
3061,62,0
3062,62,0
3063,59,0
3064,65,0
3065,60,0
3066,62,0
3067,62,0
3068,61,0
3069,64,0
3070,61,0
3071,61,0
3072,64,0
3073,62,0
3074,65,0
3075,63,0
3076,61,0
3077,62,0
3078,62,0
3079,65,0
3080,59,0
3081,65,0
3082,62,0
3083,62,0
3084,63,0
3085,61,0
3086,63,0
3087,64,0
3088,62,0
3089,63,0
3090,61,0
3091,64,0
3092,62,0
3093,62,0
3094,61,0
3095,61,0
3096,63,0
3097,63,0
3098,62,0
3099,64,0
3100,62,0
3101,61,0
3102,63,0
3103,61,0
3104,62,0
3105,62,0
3106,61,0
3107,65,0
3108,65,0
3109,62,0
3110,64,0
3111,62,0
3112,65,0
3113,61,0
3114,63,0
3115,62,0
3116,64,0
3117,61,0
3118,65,0
3119,63,0
3120,64,0
3121,60,0
3122,62,0
3123,61,0
3124,61,0
3125,63,0
3126,61,0
3127,64,0
3128,62,0
3129,61,0
3130,63,0
3131,64,0
3132,62,0
3133,63,0
3134,63,0
3135,63,0
3136,64,0
3137,62,0
3138,62,0
3139,63,0
3140,63,0
3141,64,0
3142,62,0
3143,62,0
3144,63,0
3145,65,0
3146,64,0
3147,64,0
3148,60,0
3149,63,0
3150,61,0
3151,62,0
3152,64,0
3153,64,0
3154,62,0
3155,63,0
3156,61,0
3157,64,0
3158,62,0
3159,61,0
3160,63,0
3161,62,0
3162,62,0
3163,62,0
3164,63,0
3165,63,0
3166,62,0
3167,62,0
3168,63,0
3169,63,0
3170,64,0
3171,62,0
3172,61,0
3173,65,0
3174,60,0
3175,62,0
3176,63,0
3177,63,0
3178,63,0
3179,62,0
3180,60,0
3181,62,0
3182,60,0
3183,61,0
3184,61,0
3185,62,0
3186,62,0
3187,65,0
3188,61,0
3189,65,0
3190,62,0
3191,62,0
3192,61,0
3193,65,0
3194,64,0
3195,64,0
3196,61,0
3197,63,0
3198,62,0
3199,62,0
3200,59,0
3201,63,0
3202,59,0
3203,64,0
3204,62,0
3205,63,0
3206,61,0
3207,64,0
3208,62,0
3209,61,0
3210,64,0
3211,59,0
3212,63,0
3213,63,0
3214,64,0
3215,62,0
3216,65,0
3217,61,0
3218,61,0
3219,62,0
3220,62,0
3221,64,0
3222,63,0
3223,61,0
3224,63,0
3225,62,0
3226,62,0
3227,59,0
3228,63,0
3229,62,0
3230,64,0
3231,62,0
3232,61,0
3233,63,0
3234,61,0
3235,62,0
3236,64,0
3237,64,0
3238,62,0
3239,61,0
3240,65,0
3241,63,0
3242,62,0
3243,62,0
3244,63,0
3245,61,0
3246,65,0
3247,64,0
3248,62,0
3249,63,0
3250,63,0
3251,64,0
3252,62,0
3253,63,0
3254,61,0
3255,61,0
3256,62,0
3257,62,0
3258,61,0
3259,61,0
3260,62,0
3261,62,0
3262,62,0
3263,63,0
3264,63,0
3265,65,0
3266,61,0
3267,62,0
3268,62,0
3269,65,0
3270,61,0
3271,63,0
3272,62,0
3273,62,0
3274,65,0
3275,61,0
3276,62,0
3277,62,0
3278,63,0
3279,65,0
3280,65,0
3281,62,0
3282,62,0
3283,63,0
3284,65,0
3285,63,0
3286,60,0
3287,62,0
3288,65,0
3289,63,0
3290,62,0
3291,64,0
3292,62,0
3293,62,0
3294,65,0
3295,63,0
3296,63,0
3297,62,0
3298,62,0
3299,61,0
3300,63,0
3301,64,0
3302,62,0
3303,61,0
3304,61,0
3305,60,0
3306,62,0
3307,61,0
3308,61,0
3309,63,0
3310,62,0
3311,62,0
3312,61,0
3313,59,0
3314,62,0
3315,62,0
3316,61,0
3317,65,0
3318,64,0
3319,63,0
3320,62,0
3321,62,0
3322,62,0
3323,63,0
3324,63,0
3325,62,0
3326,64,0
3327,61,0
3328,63,0
3329,65,0
3330,62,0
3331,64,0
3332,63,0
3333,63,0
3334,65,0
3335,62,0
3336,60,0
3337,63,0
3338,63,0
3339,65,0
3340,62,0
3341,64,0
3342,60,0
3343,61,0
3344,65,0
3345,61,0
3346,65,0
3347,64,0
3348,62,0
3349,63,0
3350,61,0
3351,63,0
3352,64,0
3353,62,0
3354,63,0
3355,63,0
3356,62,0
3357,64,0
3358,64,0
3359,63,0
3360,63,0
3361,62,0
3362,64,0
3363,60,0
3364,61,0
3365,63,0
3366,63,0
3367,62,0
3368,62,0
3369,63,0
3370,63,0
3371,61,0
3372,63,0
3373,62,0
3374,62,0
3375,63,0
3376,61,0
3377,62,0
3378,62,0
3379,62,0
3380,61,0
3381,65,0
3382,62,0
3383,64,0
3384,84,0
3385,63,0
3386,63,0
3387,61,0
3388,61,0
3389,65,0
3390,62,0
3391,62,0
3392,63,0
3393,61,0
3394,62,0
3395,64,0
3396,63,0
3397,64,0
3398,62,0
3399,63,0
3400,61,0
3401,62,0
3402,62,0
3403,65,0
3404,65,0
3405,62,0
3406,60,0
3407,61,0
3408,61,0
3409,62,0
3410,63,0
3411,62,0
3412,63,0
3413,63,0
3414,64,0
3415,63,0
3416,61,0
3417,62,0
3418,64,0
3419,63,0
3420,61,0
3421,62,0
3422,64,0
3423,63,0
3424,59,0
3425,62,0
3426,63,0
3427,61,0
3428,62,0
3429,62,0
3430,63,0
3431,63,0
3432,60,0
3433,62,0
3434,63,0
3435,63,0
3436,62,0
3437,64,0
3438,61,0
3439,61,0
3440,63,0
3441,64,0
3442,60,0
3443,65,0
3444,61,0
3445,62,0
3446,63,0
3447,65,0
3448,63,0
3449,62,0
3450,61,0
3451,63,0
3452,62,0
3453,62,0
3454,61,0
3455,61,0
3456,62,0
3457,64,0
3458,63,0
3459,65,0
3460,62,0
3461,62,0
3462,65,0
3463,61,0
3464,62,0
3465,62,0
3466,63,0
3467,63,0
3468,62,0
3469,64,0
3470,62,0
3471,65,0
3472,59,0
3473,62,0
3474,62,0
3475,65,0
3476,61,0
3477,62,0
3478,62,0
3479,63,0
3480,63,0
3481,63,0
3482,62,0
3483,64,0
3484,65,0
3485,61,0
3486,62,0
3487,64,0
3488,63,0
3489,63,0
3490,60,0
3491,64,0
3492,63,0
3493,65,0
3494,62,0
3495,64,0
3496,63,0
3497,65,0
3498,63,0
3499,64,0
3500,62,0
3501,63,0
3502,65,0
3503,62,0
3504,62,0
3505,61,0
3506,63,0
3507,60,0
3508,64,0
3509,63,0
3510,65,0
3511,62,0
3512,62,0
3513,61,0
3514,63,0
3515,64,0
3516,64,0
3517,63,0
3518,61,0
3519,62,0
3520,62,0
3521,61,0
3522,65,0
3523,62,0
3524,62,0
3525,63,0
3526,63,0
3527,63,0
3528,62,0
3529,62,0
3530,65,0
3531,62,0
3532,64,0
3533,61,0
3534,61,0
3535,64,0
3536,63,0
3537,63,0
3538,62,0
3539,64,0
3540,63,0
3541,62,0
3542,62,0
3543,63,0
3544,65,0
3545,62,0
3546,65,0
3547,63,0
3548,60,0
3549,62,0
3550,63,0
3551,62,0
3552,62,0
3553,63,0
3554,63,0
3555,62,0
3556,63,0
3557,63,0
3558,65,0
3559,62,0
3560,62,0
3561,61,0
3562,61,0
3563,62,0
3564,63,0
3565,63,0
3566,62,0
3567,62,0
3568,63,0
3569,65,0
3570,64,0
3571,65,0
3572,59,0
3573,62,0
3574,62,0
3575,65,0
3576,61,0
3577,62,0
3578,62,0
3579,65,0
3580,62,0
3581,62,0
3582,61,0
3583,65,0
3584,60,0
3585,64,0
3586,62,0
3587,63,0
3588,65,0
3589,60,0
3590,62,0
3591,59,0
3592,61,0
3593,62,0
3594,64,0
3595,61,0
3596,63,0
3597,62,0
3598,62,0
3599,63,0
3600,61,0
3601,62,0
3602,63,0
3603,61,0
3604,62,0
3605,62,0
3606,63,0
3607,61,0
3608,62,0
3609,63,0
3610,65,0
3611,62,0
3612,64,0
3613,63,0
3614,62,0
3615,63,0
3616,65,0
3617,62,0
3618,63,0
3619,61,0
3620,62,0
3621,64,0
3622,62,0
3623,63,0
3624,62,0
3625,62,0
3626,65,0
3627,65,0
3628,64,0
3629,62,0
3630,63,0
3631,65,0
3632,64,0
3633,62,0
3634,65,0
3635,61,0
3636,62,0
3637,64,0
3638,63,0
3639,61,0
3640,62,0
3641,60,0
3642,63,0
3643,63,0
3644,60,0
3645,62,0
3646,61,0
3647,61,0
3648,62,0
3649,64,0
3650,65,0
3651,61,0
3652,64,0
3653,62,0
3654,61,0
3655,62,0
3656,60,0
3657,63,0
3658,61,0
3659,62,0
3660,62,0
3661,63,0
3662,62,0
3663,64,0
3664,63,0
3665,63,0
3666,60,0
3667,62,0
3668,63,0
3669,62,0
3670,60,0
3671,63,0
3672,63,0
3673,63,0
3674,62,0
3675,62,0
3676,63,0
3677,63,0
3678,62,0
3679,62,0
3680,63,0
3681,60,0
3682,62,0
3683,61,0
3684,63,0
3685,60,0
3686,62,0
3687,63,0
3688,63,0
3689,62,0
3690,61,0
3691,63,0
3692,62,0
3693,62,0
3694,63,0
3695,63,0
3696,62,0
3697,60,0
3698,63,0
3699,62,0
3700,63,0
3701,62,0
3702,63,0
3703,63,0
3704,62,0
3705,62,0
3706,65,0
3707,61,0
3708,62,0
3709,62,0
3710,61,0
3711,65,0
3712,62,0
3713,62,0
3714,61,0
3715,62,0
3716,62,0
3717,63,0
3718,63,0
3719,62,0
3720,62,0
3721,63,0
3722,65,0
3723,64,0
3724,62,0
3725,61,0
3726,63,0
3727,62,0
3728,62,0
3729,62,0
3730,59,0
3731,65,0
3732,62,0
3733,64,0
3734,63,0
3735,65,0
3736,62,0
3737,63,0
3738,63,0
3739,62,0
3740,62,0
3741,61,0
3742,63,0
3743,64,0
3744,64,0
3745,63,0
3746,61,0
3747,64,0
3748,62,0
3749,63,0
3750,64,0
3751,64,0
3752,59,0
3753,63,0
3754,62,0
3755,64,0
3756,64,0
3757,65,0
3758,65,0
3759,62,0
3760,62,0
3761,63,0
3762,63,0
3763,62,0
3764,63,0
3765,63,0
3766,62,0
3767,64,0
3768,65,0
3769,61,0
3770,62,0
3771,65,0
3772,63,0
3773,62,0
3774,62,0
3775,61,0
3776,63,0
3777,62,0
3778,62,0
3779,61,0
3780,61,0
3781,62,0
3782,63,0
3783,65,0
3784,63,0
3785,64,0
3786,62,0
3787,61,0
3788,63,0
3789,62,0
3790,62,0
3791,63,0
3792,61,0
3793,62,0
3794,65,0
3795,61,0
3796,62,0
3797,62,0
3798,63,0
3799,63,0
3800,62,0
3801,62,0
3802,63,0
3803,63,0
3804,60,0
3805,62,0
3806,61,0
3807,62,0
3808,62,0
3809,65,0
3810,61,0
3811,62,0
3812,62,0
3813,62,0
3814,63,0
3815,65,0
3816,62,0
3817,62,0
3818,63,0
3819,63,0
3820,62,0
3821,63,0
3822,61,0
3823,62,0
3824,62,0
3825,63,0
3826,63,0
3827,62,0
3828,63,0
3829,61,0
3830,62,0
3831,62,0
3832,63,0
3833,63,0
3834,64,0
3835,62,0
3836,61,0
3837,62,0
3838,62,0
3839,63,0
3840,65,0
3841,61,0
3842,62,0
3843,62,0
3844,61,0
3845,63,0
3846,62,0
3847,61,0
3848,63,0
3849,62,0
3850,62,0
3851,65,0
3852,61,0
3853,64,0
3854,64,0
3855,63,0
3856,61,0
3857,62,0
3858,62,0
3859,61,0
3860,61,0
3861,64,0
3862,60,0
3863,61,0
3864,62,0
3865,62,0
3866,61,0
3867,63,0
3868,62,0
3869,62,0
3870,64,0
3871,62,0
3872,63,0
3873,59,0
3874,62,0
3875,62,0
3876,65,0
3877,63,0
3878,62,0
3879,63,0
3880,63,0
3881,62,0
3882,64,0
3883,62,0
3884,65,0
3885,62,0
3886,62,0
3887,63,0
3888,63,0
3889,61,0
3890,64,0
3891,61,0
3892,63,0
3893,62,0
3894,62,0
3895,62,0
3896,63,0
3897,64,0
3898,65,0
3899,64,0
3900,63,0
3901,63,0
3902,65,0
3903,62,0
3904,63,0
3905,61,0
3906,64,0
3907,60,0
3908,63,0
3909,65,0
3910,62,0
3911,62,0
3912,63,0
3913,63,0
3914,62,0
3915,62,0
3916,63,0
3917,62,0
3918,62,0
3919,61,0
3920,65,0
3921,62,0
3922,62,0
3923,63,0
3924,61,0
3925,62,0
3926,64,0
3927,62,0
3928,63,0
3929,65,0
3930,63,0
3931,65,0
3932,63,0
3933,61,0
3934,64,0
3935,62,0
3936,62,0
3937,65,0
3938,63,0
3939,63,0
3940,62,0
3941,62,0
3942,61,0
3943,65,0
3944,61,0
3945,64,0
3946,62,0
3947,64,0
3948,65,0
3949,63,0
3950,62,0
3951,64,0
3952,63,0
3953,63,0
3954,63,0
3955,64,0
3956,64,0
3957,62,0
3958,61,0
3959,61,0
3960,63,0
3961,64,0
3962,62,0
3963,63,0
3964,63,0
3965,61,0
3966,62,0
3967,62,0
3968,63,0
3969,65,0
3970,63,0
3971,62,0
3972,62,0
3973,62,0
3974,64,0
3975,61,0
3976,65,0
3977,65,0
3978,64,0
3979,64,0
3980,62,0
3981,61,0
3982,63,0
3983,61,0
3984,62,0
3985,62,0
3986,65,0
3987,65,0
3988,65,0
3989,62,0
3990,62,0
3991,63,0
3992,63,0
3993,63,0
3994,64,0
3995,62,0
3996,62,0
3997,63,0
3998,65,0
3999,64,0
4000,60,0
4001,62,0
4002,63,0
4003,63,0
4004,64,0
4005,62,0
4006,61,0
4007,63,0
4008,63,0
4009,62,0
4010,60,0
4011,62,0
4012,61,0
4013,63,0
4014,62,0
4015,62,0
4016,61,0
4017,61,0
4018,63,0
4019,62,0
4020,64,0
4021,63,0
4022,63,0
4023,62,0
4024,60,0
4025,62,0
4026,61,0
4027,63,0
4028,60,0
4029,62,0
4030,62,0
4031,63,0
4032,62,0
4033,62,0
4034,62,0
4035,63,0
4036,63,0
4037,62,0
4038,63,0
4039,64,0
4040,63,0
4041,63,0
4042,61,0
4043,62,0
4044,60,0
4045,63,0
4046,59,0
4047,65,0
4048,62,0
4049,62,0
4050,63,0
4051,65,0
4052,64,0
4053,62,0
4054,60,0
4055,61,0
4056,63,0
4057,65,0
4058,64,0
4059,64,0
4060,63,0
4061,65,0
4062,63,0
4063,62,0
4064,62,0
4065,65,0
4066,63,0
4067,62,0
4068,62,0
4069,62,0
4070,60,0
4071,65,0
4072,61,0
4073,63,0
4074,62,0
4075,62,0
4076,62,0
4077,63,0
4078,63,0
4079,62,0
4080,62,0
4081,63,0
4082,63,0
4083,61,0
4084,62,0
4085,64,0
4086,62,0
4087,63,0
4088,63,0
4089,62,0
4090,60,0
4091,62,0
4092,63,0
4093,63,0
4094,63,0
4095,62,0
4096,64,0
4097,62,0
4098,62,0
4099,63,0
4100,63,0
4101,63,0
4102,61,0
4103,62,0
4104,62,0
4105,62,0
4106,61,0
4107,63,0
4108,64,0
4109,62,0
4110,63,0
4111,63,0
4112,63,0
4113,64,0
4114,64,0
4115,63,0
4116,63,0
4117,63,0
4118,62,0
4119,62,0
4120,61,0
4121,61,0
4122,62,0
4123,62,0
4124,62,0
4125,65,0
4126,61,0
4127,62,0
4128,62,0
4129,64,0
4130,63,0
4131,63,0
4132,64,0
4133,62,0
4134,60,0
4135,64,0
4136,61,0
4137,61,0
4138,62,0
4139,62,0
4140,61,0
4141,63,0
4142,60,0
4143,62,0
4144,61,0
4145,63,0
4146,60,0
4147,62,0
4148,60,0
4149,63,0
4150,63,0
4151,62,0
4152,62,0
4153,63,0
4154,65,0
4155,62,0
4156,60,0
4157,61,0
4158,63,0
4159,62,0
4160,60,0
4161,62,0
4162,62,0
4163,63,0
4164,61,0
4165,62,0
4166,64,0
4167,63,0
4168,63,0
4169,62,0
4170,62,0
4171,63,0
4172,63,0
4173,62,0
4174,60,0
4175,65,0
4176,61,0
4177,62,0
4178,62,0
4179,61,0
4180,63,0
4181,62,0
4182,60,0
4183,63,0
4184,61,0
4185,65,0
4186,62,0
4187,64,0
4188,63,0
4189,61,0
4190,61,0
4191,64,0
4192,62,0
4193,65,0
4194,63,0
4195,62,0
4196,62,0
4197,62,0
4198,63,0
4199,65,0
4200,62,0
4201,64,0
4202,59,0
4203,64,0
4204,63,0
4205,64,0
4206,63,0
4207,65,0
4208,63,0
4209,62,0
4210,62,0
4211,64,0
4212,63,0
4213,63,0
4214,62,0
4215,62,0
4216,59,0
4217,63,0
4218,62,0
4219,62,0
4220,64,0
4221,60,0
4222,65,0
4223,61,0
4224,62,0
4225,62,0
4226,63,0
4227,61,0
4228,62,0
4229,62,0
4230,61,0
4231,61,0
4232,64,0
4233,62,0
4234,63,0
4235,62,0
4236,62,0
4237,61,0
4238,63,0
4239,62,0
4240,62,0
4241,63,0
4242,61,0
4243,62,0
4244,62,0
4245,65,0
4246,61,0
4247,62,0
4248,64,0
4249,63,0
4250,67,0
4251,62,0
4252,62,0
4253,63,0
4254,63,0
4255,60,0
4256,62,0
4257,63,0
4258,62,0
4259,60,0
4260,61,0
4261,61,0
4262,62,0
4263,63,0
4264,63,0
4265,62,0
4266,62,0
4267,61,0
4268,64,0
4269,60,0
4270,63,0
4271,63,0
4272,64,0
4273,60,0
4274,63,0
4275,64,0
4276,65,0
4277,60,0
4278,65,0
4279,61,0
4280,64,0
4281,62,0
4282,63,0
4283,61,0
4284,62,0
4285,60,0
4286,61,0
4287,61,0
4288,64,0
4289,61,0
4290,61,0
4291,60,0
4292,62,0
4293,63,0
4294,63,0
4295,64,0
4296,63,0
4297,63,0
4298,64,0
4299,62,0
4300,65,0
4301,65,0
4302,64,0
4303,62,0
4304,61,0
4305,65,0
4306,63,0
4307,62,0
4308,62,0
4309,61,0
4310,64,0
4311,64,0
4312,63,0
4313,63,0
4314,60,0
4315,62,0
4316,65,0
4317,65,0
4318,62,0
4319,62,0
4320,61,0
4321,65,0
4322,62,0
4323,62,0
4324,61,0
4325,64,0
4326,62,0
4327,65,0
4328,63,0
4329,64,0
4330,62,0
4331,63,0
4332,63,0
4333,63,0
4334,62,0
4335,64,0
4336,63,0
4337,65,0
4338,62,0
4339,64,0
4340,63,0
4341,63,0
4342,62,0
4343,62,0
4344,61,0
4345,63,0
4346,64,0
4347,64,0
4348,61,0
4349,63,0
4350,60,0
4351,64,0
4352,61,0
4353,65,0
4354,64,0
4355,62,0
4356,63,0
4357,63,0
4358,62,0
4359,62,0
4360,63,0
4361,63,0
4362,63,0
4363,64,0
4364,65,0
4365,61,0
4366,62,0
4367,64,0
4368,63,0
4369,65,0
4370,62,0
4371,62,0
4372,63,0
4373,65,0
4374,64,0
4375,64,0
4376,61,0
4377,65,0
4378,62,0
4379,63,0
4380,59,0
4381,62,0
4382,64,0
4383,63,0
4384,63,0
4385,62,0
4386,64,0
4387,65,0
4388,59,0
4389,63,0
4390,60,0
4391,62,0
4392,61,0
4393,64,0
4394,64,0
4395,63,0
4396,63,0
4397,62,0
4398,60,0
4399,65,0
4400,63,0
4401,62,0
4402,62,0
4403,63,0
4404,64,0
4405,62,0
4406,63,0
4407,63,0
4408,62,0
4409,62,0
4410,63,0
4411,62,0
4412,62,0
4413,61,0
4414,65,0
4415,62,0
4416,62,0
4417,62,0
4418,63,0
4419,61,0
4420,64,0
4421,64,0
4422,63,0
4423,61,0
4424,64,0
4425,59,0
4426,63,0
4427,60,0
4428,64,0
4429,63,0
4430,63,0
4431,62,0
4432,65,0
4433,65,0
4434,64,0
4435,60,0
4436,61,0
4437,63,0
4438,62,0
4439,62,0
4440,63,0
4441,63,0
4442,64,0
4443,64,0
4444,62,0
4445,63,0
4446,63,0
4447,62,0
4448,62,0
4449,63,0
4450,61,0
4451,62,0
4452,62,0
4453,63,0
4454,63,0
4455,62,0
4456,63,0
4457,63,0
4458,64,0
4459,62,0
4460,65,0
4461,61,0
4462,64,0
4463,62,0
4464,65,0
4465,62,0
4466,62,0
4467,64,0
4468,63,0
4469,61,0
4470,62,0
4471,62,0
4472,62,0
4473,61,0
4474,63,0
4475,64,0
4476,62,0
4477,61,0
4478,61,0
4479,64,0
4480,62,0
4481,61,0
4482,62,0
4483,62,0
4484,61,0
4485,63,0
4486,60,0
4487,64,0
4488,61,0
4489,65,0
4490,64,0
4491,62,0
4492,65,0
4493,62,0
4494,62,0
4495,63,0
4496,63,0
4497,64,0
4498,62,0
4499,62,0
4500,61,0
4501,61,0
4502,64,0
4503,62,0
4504,59,0
4505,61,0
4506,64,0
4507,62,0
4508,61,0
4509,63,0
4510,60,0
4511,63,0
4512,61,0
4513,62,0
4514,62,0
4515,63,0
4516,63,0
4517,64,0
4518,62,0
4519,65,0
4520,65,0
4521,62,0
4522,65,0
4523,61,0
4524,62,0
4525,62,0
4526,63,0
4527,63,0
4528,63,0
4529,62,0
4530,62,0
4531,63,0
4532,62,0
4533,62,0
4534,63,0
4535,61,0
4536,60,0
4537,62,0
4538,61,0
4539,63,0
4540,60,0
4541,63,0
4542,61,0
4543,62,0
4544,60,0
4545,63,0
4546,61,0
4547,64,0
4548,63,0
4549,63,0
4550,62,0
4551,64,0
4552,63,0
4553,65,0
4554,60,0
4555,62,0
4556,62,0
4557,65,0
4558,61,0
4559,64,0
4560,62,0
4561,63,0
4562,62,0
4563,64,0
4564,61,0
4565,65,0
4566,62,0
4567,62,0
4568,61,0
4569,62,0
4570,62,0
4571,63,0
4572,61,0
4573,64,0
4574,62,0
4575,63,0
4576,61,0
4577,62,0
4578,62,0
4579,65,0
4580,62,0
4581,62,0
4582,65,0
4583,65,0
4584,65,0
4585,64,0
4586,62,0
4587,61,0
4588,63,0
4589,64,0
4590,60,0
4591,63,0
4592,61,0
4593,62,0
4594,64,0
4595,63,0
4596,61,0
4597,62,0
4598,64,0
4599,65,0
4600,65,0
4601,64,0
4602,63,0
4603,65,0
4604,60,0
4605,62,0
4606,63,0
4607,61,0
4608,64,0
4609,64,0
4610,63,0
4611,63,0
4612,63,0
4613,62,0
4614,62,0
4615,63,0
4616,63,0
4617,64,0
4618,65,0
4619,61,0
4620,62,0
4621,64,0
4622,61,0
4623,63,0
4624,62,0
4625,62,0
4626,61,0
4627,65,0
4628,62,0
4629,64,0
4630,61,0
4631,61,0
4632,62,0
4633,64,0
4634,65,0
4635,65,0
4636,60,0
4637,63,0
4638,61,0
4639,61,0
4640,62,0
4641,62,0
4642,61,0
4643,63,0
4644,62,0
4645,62,0
4646,61,0
4647,62,0
4648,64,0
4649,61,0
4650,63,0
4651,64,0
4652,60,0
4653,61,0
4654,63,0
4655,62,0
4656,63,0
4657,65,0
4658,64,0
4659,62,0
4660,63,0
4661,63,0
4662,60,0
4663,62,0
4664,59,0
4665,64,0
4666,62,0
4667,63,0
4668,61,0
4669,63,0
4670,62,0
4671,60,0
4672,61,0
4673,61,0
4674,62,0
4675,63,0
4676,65,0
4677,62,0
4678,64,0
4679,61,0
4680,63,0
4681,62,0
4682,62,0
4683,61,0
4684,65,0
4685,62,0
4686,63,0
4687,61,0
4688,62,0
4689,62,0
4690,63,0
4691,63,0
4692,62,0
4693,62,0
4694,61,0
4695,62,0
4696,62,0
4697,62,0
4698,60,0
4699,65,0
4700,61,0
4701,62,0
4702,63,0
4703,65,0
4704,62,0
4705,62,0
4706,61,0
4707,63,0
4708,60,0
4709,62,0
4710,59,0
4711,63,0
4712,62,0
4713,64,0
4714,65,0
4715,62,0
4716,64,0
4717,63,0
4718,63,0
4719,62,0
4720,64,0
4721,63,0
4722,65,0
4723,64,0
4724,62,0
4725,64,0
4726,59,0
4727,63,0
4728,62,0
4729,64,0
4730,63,0
4731,63,0
4732,60,0
4733,63,0
4734,63,0
4735,64,0
4736,62,0
4737,65,0
4738,65,0
4739,62,0
4740,62,0
4741,61,0
4742,63,0
4743,64,0
4744,62,0
4745,63,0
4746,61,0
4747,62,0
4748,62,0
4749,61,0
4750,63,0
4751,64,0
4752,64,0
4753,59,0
4754,65,0
4755,62,0
4756,62,0
4757,63,0
4758,63,0
4759,62,0
4760,62,0
4761,63,0
4762,61,0
4763,62,0
4764,62,0
4765,61,0
4766,63,0
4767,62,0
4768,65,0
4769,63,0
4770,62,0
4771,62,0
4772,61,0
4773,61,0
4774,62,0
4775,62,0
4776,65,0
4777,63,0
4778,64,0
4779,62,0
4780,62,0
4781,61,0
4782,61,0
4783,62,0
4784,63,0
4785,63,0
4786,64,0
4787,62,0
4788,63,0
4789,62,0
4790,62,0
4791,63,0
4792,65,0
4793,62,0
4794,62,0
4795,63,0
4796,63,0
4797,62,0
4798,63,0
4799,63,0
4800,62,0
4801,64,0
4802,63,0
4803,62,0
4804,62,0
4805,61,0
4806,65,0
4807,62,0
4808,62,0
4809,61,0
4810,63,0
4811,64,0
4812,62,0
4813,63,0
4814,65,0
4815,62,0
4816,65,0
4817,63,0
4818,62,0
4819,60,0
4820,61,0
4821,61,0
4822,62,0
4823,61,0
4824,61,0
4825,62,0
4826,62,0
4827,61,0
4828,63,0
4829,64,0
4830,62,0
4831,63,0
4832,62,0
4833,62,0
4834,63,0
4835,61,0
4836,65,0
4837,62,0
4838,64,0
4839,59,0
4840,61,0
4841,60,0
4842,62,0
4843,61,0
4844,61,0
4845,62,0
4846,62,0
4847,63,0
4848,62,0
4849,62,0
4850,61,0
4851,63,0
4852,62,0
4853,62,0
4854,61,0
4855,65,0
4856,62,0
4857,62,0
4858,61,0
4859,65,0
4860,64,0
4861,62,0
4862,65,0
4863,62,0
4864,62,0
4865,62,0
4866,65,0
4867,65,0
4868,62,0
4869,62,0
4870,65,0
4871,65,0
4872,62,0
4873,62,0
4874,61,0
4875,63,0
4876,62,0
4877,62,0
4878,61,0
4879,63,0
4880,62,0
4881,62,0
4882,61,0
4883,63,0
4884,62,0
4885,64,0
4886,63,0
4887,61,0
4888,62,0
4889,64,0
4890,63,0
4891,65,0
4892,62,0
4893,62,0
4894,62,0
4895,63,0
4896,64,0
4897,64,0
4898,63,0
4899,61,0
4900,62,0
4901,64,0
4902,63,0
4903,65,0
4904,62,0
4905,62,0
4906,61,0
4907,63,0
4908,62,0
4909,64,0
4910,63,0
4911,64,0
4912,62,0
4913,63,0
4914,63,0
4915,62,0
4916,62,0
4917,63,0
4918,64,0
4919,62,0
4920,63,0
4921,63,0
4922,61,0
4923,62,0
4924,62,0
4925,63,0
4926,62,0
4927,62,0
4928,61,0
4929,63,0
4930,62,0
4931,62,0
4932,63,0
4933,61,0
4934,64,0
4935,62,0
4936,63,0
4937,62,0
4938,62,0
4939,65,0
4940,63,0
4941,64,0
4942,60,0
4943,65,0
4944,62,0
4945,62,0
4946,61,0
4947,63,0
4948,62,0
4949,62,0
4950,62,0
4951,63,0
4952,62,0
4953,62,0
4954,63,0
4955,63,0
4956,62,0
4957,64,0
4958,65,0
4959,61,0
4960,64,0
4961,61,0
4962,63,0
4963,62,0
4964,64,0
4965,61,0
4966,65,0
4967,62,0
4968,62,0
4969,65,0
4970,63,0
4971,64,0
4972,62,0
4973,63,0
4974,65,0
4975,60,0
4976,63,0
4977,63,0
4978,61,0
4979,64,0
4980,62,0
4981,65,0
4982,65,0
4983,62,0
4984,63,0
4985,63,0
4986,62,0
4987,64,0
4988,63,0
4989,61,0
4990,60,0
4991,64,0
4992,63,0
4993,64,0
4994,64,0
4995,63,0
4996,65,0
4997,64,0
4998,62,0
4999,61,0
5000,63,0
5001,62,0
5002,62,0
5003,65,0
5004,65,0
5005,65,0
5006,62,0
5007,62,0
5008,63,0
5009,63,0
5010,64,0
5011,62,0
5012,59,0
5013,61,0
5014,62,0
5015,62,0
5016,59,0
5017,61,0
5018,62,0
5019,62,0
5020,65,0
5021,61,0
5022,60,0
5023,61,0
5024,63,0
5025,61,0
5026,62,0
5027,64,0
5028,63,0
5029,63,0
5030,62,0
5031,62,0
5032,59,0
5033,64,0
5034,62,0
5035,61,0
5036,62,0
5037,64,0
5038,61,0
5039,65,0
5040,62,0
5041,61,0
5042,61,0
5043,62,0
5044,63,0
5045,61,0
5046,62,0
5047,63,0
5048,60,0
5049,63,0
5050,63,0
5051,62,0
5052,61,0
5053,63,0
5054,64,0
5055,63,0
5056,63,0
5057,64,0
5058,62,0
5059,63,0
5060,64,0
5061,62,0
5062,63,0
5063,62,0
5064,64,0
5065,63,0
5066,62,0
5067,62,0
5068,61,0
5069,63,0
5070,62,0
5071,61,0
5072,63,0
5073,62,0
5074,63,0
5075,62,0
5076,64,0
5077,64,0
5078,65,0
5079,62,0
5080,62,0
5081,61,0
5082,62,0
5083,60,0
5084,65,0
5085,62,0
5086,62,0
5087,61,0
5088,65,0
5089,64,0
5090,61,0
5091,63,0
5092,62,0
5093,63,0
5094,63,0
5095,62,0
5096,63,0
5097,59,0
5098,62,0
5099,62,0
5100,61,0
5101,60,0
5102,62,0
5103,61,0
5104,61,0
5105,62,0
5106,62,0
5107,61,0
5108,62,0
5109,62,0
5110,59,0
5111,63,0
5112,62,0
5113,65,0
5114,61,0
5115,64,0
5116,62,0
5117,61,0
5118,62,0
5119,64,0
5120,61,0
5121,64,0
5122,60,0
5123,63,0
5124,62,0
5125,64,0
5126,63,0
5127,65,0
5128,64,0
5129,64,0
5130,65,0
5131,61,0
5132,62,0
5133,64,0
5134,65,0
5135,62,0
5136,60,0
5137,61,0
5138,63,0
5139,64,0
5140,62,0
5141,61,0
5142,60,0
5143,62,0
5144,63,0
5145,64,0
5146,60,0
5147,65,0
5148,61,0
5149,62,0
5150,63,0
5151,61,0
5152,64,0
5153,61,0
5154,59,0
5155,62,0
5156,60,0
5157,63,0
5158,65,0
5159,62,0
5160,62,0
5161,61,0
5162,64,0
5163,64,0
5164,61,0
5165,64,0
5166,62,0
5167,61,0
5168,65,0
5169,62,0
5170,63,0
5171,61,0
5172,62,0
5173,60,0
5174,65,0
5175,62,0
5176,62,0
5177,63,0
5178,62,0
5179,62,0
5180,63,0
5181,62,0
5182,62,0
5183,63,0
5184,61,0
5185,62,0
5186,62,0
5187,65,0
5188,65,0
5189,60,0
5190,63,0
5191,59,0
5192,64,0
5193,63,0
5194,61,0
5195,62,0
5196,61,0
5197,65,0
5198,62,0
5199,61,0
5200,63,0
5201,62,0
5202,65,0
5203,62,0
5204,62,0
5205,61,0
5206,62,0
5207,62,0
5208,63,0
5209,62,0
5210,62,0
5211,61,0
5212,66,0
5213,62,0
5214,61,0
5215,61,0
5216,60,0
5217,62,0
5218,63,0
5219,62,0
5220,62,0
5221,65,0
5222,62,0
5223,61,0
5224,63,0
5225,64,0
5226,63,0
5227,61,0
5228,62,0
5229,65,0
5230,63,0
5231,64,0
5232,60,0
5233,63,0
5234,62,0
5235,61,0
5236,61,0
5237,62,0
5238,63,0
5239,65,0
5240,62,0
5241,63,0
5242,63,0
5243,62,0
5244,62,0
5245,64,0
5246,63,0
5247,62,0
5248,62,0
5249,63,0
5250,65,0
5251,62,0
5252,63,0
5253,61,0
5254,62,0
5255,63,0
5256,63,0
5257,62,0
5258,62,0
5259,61,0
5260,65,0
5261,60,0
5262,61,0
5263,62,0
5264,64,0
5265,61,0
5266,63,0
5267,62,0
5268,63,0
5269,61,0
5270,64,0
5271,62,0
5272,64,0
5273,63,0
5274,64,0
5275,64,0
5276,63,0
5277,61,0
5278,64,0
5279,61,0
5280,65,0
5281,64,0
5282,62,0
5283,63,0
5284,62,0
5285,60,0
5286,61,0
5287,62,0
5288,64,0
5289,65,0
5290,62,0
5291,62,0
5292,63,0
5293,61,0
5294,64,0
5295,63,0
5296,65,0
5297,64,0
5298,65,0
5299,65,0
5300,65,0
5301,64,0
5302,65,0
5303,61,0
5304,62,0
5305,61,0
5306,63,0
5307,62,0
5308,62,0
5309,61,0
5310,62,0
5311,62,0
5312,65,0
5313,62,0
5314,62,0
5315,61,0
5316,62,0
5317,60,0
5318,63,0
5319,62,0
5320,62,0
5321,61,0
5322,61,0
5323,62,0
5324,63,0
5325,63,0
5326,62,0
5327,61,0
5328,63,0
5329,63,0
5330,64,0
5331,63,0
5332,61,0
5333,62,0
5334,65,0
5335,63,0
5336,62,0
5337,63,0
5338,63,0
5339,64,0
5340,63,0
5341,63,0
5342,64,0
5343,62,0
5344,63,0
5345,64,0
5346,62,0
5347,63,0
5348,62,0
5349,60,0
5350,65,0
5351,62,0
5352,64,0
5353,61,0
5354,64,0
5355,62,0
5356,62,0
5357,65,0
5358,62,0
5359,62,0
5360,63,0
5361,61,0
5362,62,0
5363,65,0
5364,63,0
5365,64,0
5366,63,0
5367,63,0
5368,62,0
5369,63,0
5370,61,0
5371,64,0
5372,65,0
5373,63,0
5374,60,0
5375,62,0
5376,61,0
5377,64,0
5378,62,0
5379,61,0
5380,63,0
5381,62,0
5382,65,0
5383,63,0
5384,63,0
5385,62,0
5386,62,0
5387,63,0
5388,62,0
5389,62,0
5390,63,0
5391,63,0
5392,64,0
5393,63,0
5394,61,0
5395,62,0
5396,63,0
5397,61,0
5398,62,0
5399,62,0
5400,63,0
5401,62,0
5402,64,0
5403,63,0
5404,61,0
5405,64,0
5406,63,0
5407,65,0
5408,60,0
5409,62,0
5410,62,0
5411,65,0
5412,62,0
5413,62,0
5414,63,0
5415,63,0
5416,62,0
5417,63,0
5418,65,0
5419,62,0
5420,63,0
5421,63,0
5422,62,0
5423,64,0
5424,65,0
5425,62,0
5426,64,0
5427,63,0
5428,63,0
5429,60,0
5430,61,0
5431,63,0
5432,64,0
5433,63,0
5434,65,0
5435,62,0
5436,62,0
5437,64,0
5438,61,0
5439,62,0
5440,62,0
5441,65,0
5442,62,0
5443,62,0
5444,63,0
5445,62,0
5446,62,0
5447,65,0
5448,62,0
5449,64,0
5450,61,0
5451,61,0
5452,62,0
5453,63,0
5454,61,0
5455,62,0
5456,59,0
5457,63,0
5458,62,0
5459,62,0
5460,63,0
5461,64,0
5462,62,0
5463,63,0
5464,63,0
5465,60,0
5466,62,0
5467,65,0
5468,63,0
5469,60,0
5470,61,0
5471,63,0
5472,64,0
5473,61,0
5474,65,0
5475,62,0
5476,61,0
5477,65,0
5478,62,0
5479,61,0
5480,63,0
5481,64,0
5482,64,0
5483,63,0
5484,62,0
5485,61,0
5486,63,0
5487,62,0
5488,62,0
5489,63,0
5490,64,0
5491,62,0
5492,61,0
5493,65,0
5494,62,0
5495,62,0
5496,65,0
5497,62,0
5498,62,0
5499,63,0
5500,64,0
5501,62,0
5502,61,0
5503,65,0
5504,60,0
5505,63,0
5506,61,0
5507,64,0
5508,64,0
5509,63,0
5510,60,0
5511,62,0
5512,59,0
5513,65,0
5514,62,0
5515,63,0
5516,65,0
5517,62,0
5518,61,0
5519,64,0
5520,63,0
5521,64,0
5522,62,0
5523,61,0
5524,60,0
5525,65,0
5526,63,0
5527,64,0
5528,61,0
5529,63,0
5530,60,0
5531,62,0
5532,61,0
5533,64,0
5534,64,0
5535,63,0
5536,63,0
5537,62,0
5538,62,0
5539,63,0
5540,64,0
5541,62,0
5542,61,0
5543,65,0
5544,60,0
5545,63,0
5546,63,0
5547,63,0
5548,62,0
5549,62,0
5550,65,0
5551,63,0
5552,62,0
5553,65,0
5554,61,0
5555,64,0
5556,63,0
5557,63,0
5558,62,0
5559,62,0
5560,65,0
5561,63,0
5562,64,0
5563,63,0
5564,63,0
5565,62,0
5566,61,0
5567,61,0
5568,62,0
5569,62,0
5570,61,0
5571,62,0
5572,62,0
5573,63,0
5574,62,0
5575,64,0
5576,62,0
5577,61,0
5578,60,0
5579,62,0
5580,63,0
5581,62,0
5582,62,0
5583,65,0
5584,64,0
5585,62,0
5586,61,0
5587,62,0
5588,60,0
5589,63,0
5590,61,0
5591,62,0
5592,63,0
5593,65,0
5594,62,0
5595,63,0
5596,61,0
5597,62,0
5598,63,0
5599,65,0
5600,60,0
5601,65,0
5602,63,0
5603,64,0
5604,62,0
5605,65,0
5606,63,0
5607,60,0
5608,61,0
5609,61,0
5610,62,0
5611,63,0
5612,63,0
5613,62,0
5614,65,0
5615,62,0
5616,62,0
5617,61,0
5618,64,0
5619,62,0
5620,61,0
5621,64,0
5622,62,0
5623,61,0
5624,62,0
5625,62,0
5626,63,0
5627,62,0
5628,62,0
5629,63,0
5630,61,0
5631,62,0
5632,63,0
5633,61,0
5634,61,0
5635,60,0
5636,61,0
5637,65,0
5638,62,0
5639,61,0
5640,61,0
5641,62,0
5642,61,0
5643,61,0
5644,62,0
5645,62,0
5646,61,0
5647,64,0
5648,62,0
5649,61,0
5650,65,0
5651,62,0
5652,63,0
5653,59,0
5654,64,0
5655,61,0
5656,65,0
5657,64,0
5658,64,0
5659,61,0
5660,62,0
5661,64,0
5662,62,0
5663,61,0
5664,63,0
5665,62,0
5666,64,0
5667,63,0
5668,62,0
5669,62,0
5670,65,0
5671,65,0
5672,62,0
5673,63,0
5674,63,0
5675,62,0
5676,64,0
5677,63,0
5678,65,0
5679,64,0
5680,65,0
5681,63,0
5682,64,0
5683,63,0
5684,61,0
5685,62,0
5686,62,0
5687,61,0
5688,62,0
5689,61,0
5690,64,0
5691,61,0
5692,63,0
5693,62,0
5694,63,0
5695,63,0
5696,60,0
5697,62,0
5698,65,0
5699,62,0
5700,60,0
5701,63,0
5702,62,0
5703,63,0
5704,63,0
5705,64,0
5706,64,0
5707,63,0
5708,60,0
5709,62,0
5710,63,0
5711,64,0
5712,62,0
5713,65,0
5714,62,0
5715,62,0
5716,65,0
5717,63,0
5718,62,0
5719,62,0
5720,65,0
5721,65,0
5722,64,0
5723,65,0
5724,67,0
5725,62,0
5726,63,0
5727,63,0
5728,62,0
5729,62,0
5730,63,0
5731,62,0
5732,62,0
5733,61,0
5734,62,0
5735,62,0
5736,63,0
5737,62,0
5738,62,0
5739,63,0
5740,63,0
5741,62,0
5742,61,0
5743,63,0
5744,61,0
5745,62,0
5746,63,0
5747,61,0
5748,62,0
5749,63,0
5750,63,0
5751,62,0
5752,61,0
5753,61,0
5754,64,0
5755,63,0
5756,61,0
5757,62,0
5758,61,0
5759,63,0
5760,62,0
5761,64,0
5762,61,0
5763,60,0
5764,62,0
5765,61,0
5766,62,0
5767,62,0
5768,63,0
5769,63,0
5770,62,0
5771,62,0
5772,63,0
5773,63,0
5774,62,0
5775,63,0
5776,63,0
5777,62,0
5778,61,0
5779,63,0
5780,62,0
5781,62,0
5782,61,0
5783,63,0
5784,60,0
5785,65,0
5786,63,0
5787,62,0
5788,61,0
5789,63,0
5790,60,0
5791,64,0
5792,61,0
5793,66,0
5794,62,0
5795,65,0
5796,65,0
5797,62,0
5798,63,0
5799,61,0
5800,61,0
5801,64,0
5802,62,0
5803,63,0
5804,64,0
5805,62,0
5806,63,0
5807,62,0
5808,64,0
5809,63,0
5810,63,0
5811,64,0
5812,63,0
5813,65,0
5814,62,0
5815,62,0
5816,65,0
5817,64,0
5818,62,0
5819,61,0
5820,65,0
5821,64,0
5822,61,0
5823,65,0
5824,64,0
5825,63,0
5826,61,0
5827,63,0
5828,62,0
5829,62,0
5830,65,0
5831,62,0
5832,62,0
5833,63,0
5834,62,0
5835,62,0
5836,61,0
5837,62,0
5838,62,0
5839,61,0
5840,61,0
5841,62,0
5842,89,0
5843,62,0
5844,62,0
5845,62,0
5846,63,0
5847,63,0
5848,62,0
5849,62,0
5850,61,0
5851,61,0
5852,62,0
5853,62,0
5854,63,0
5855,61,0
5856,64,0
5857,60,0
5858,61,0
5859,61,0
5860,62,0
5861,62,0
5862,63,0
5863,60,0
5864,62,0
5865,63,0
5866,65,0
5867,60,0
5868,62,0
5869,63,0
5870,61,0
5871,61,0
5872,64,0
5873,62,0
5874,65,0
5875,61,0
5876,64,0
5877,62,0
5878,63,0
5879,63,0
5880,62,0
5881,62,0
5882,63,0
5883,63,0
5884,62,0
5885,62,0
5886,65,0
5887,63,0
5888,64,0
5889,60,0
5890,61,0
5891,63,0
5892,62,0
5893,62,0
5894,65,0
5895,65,0
5896,62,0
5897,62,0
5898,61,0
5899,61,0
5900,63,0
5901,62,0
5902,60,0
5903,65,0
5904,63,0
5905,64,0
5906,64,0
5907,61,0
5908,65,0
5909,62,0
5910,64,0
5911,65,0
5912,63,0
5913,62,0
5914,62,0
5915,64,0
5916,63,0
5917,63,0
5918,62,0
5919,62,0
5920,61,0
5921,65,0
5922,62,0
5923,62,0
5924,61,0
5925,63,0
5926,64,0
5927,62,0
5928,62,0
5929,63,0
5930,61,0
5931,62,0
5932,62,0
5933,63,0
5934,63,0
5935,64,0
5936,62,0
5937,63,0
5938,63,0
5939,64,0
5940,62,0
5941,63,0
5942,63,0
5943,62,0
5944,62,0
5945,63,0
5946,65,0
5947,62,0
5948,64,0
5949,59,0
5950,61,0
5951,62,0
5952,62,0
5953,61,0
5954,65,0
5955,62,0
5956,61,0
5957,62,0
5958,61,0
5959,65,0
5960,60,0
5961,65,0
5962,63,0
5963,64,0
5964,62,0
5965,61,0
5966,61,0
5967,62,0
5968,60,0
5969,63,0
5970,60,0
5971,64,0
5972,61,0
5973,63,0
5974,60,0
5975,62,0
5976,61,0
5977,63,0
5978,62,0
5979,62,0
5980,61,0
5981,64,0
5982,64,0
5983,63,0
5984,63,0
5985,62,0
5986,62,0
5987,60,0
5988,61,0
5989,65,0
5990,62,0
5991,62,0
5992,63,0
5993,63,0
5994,64,0
5995,60,0
5996,65,0
5997,62,0
5998,64,0
5999,61,0
6000,63,0
6001,62,0
6002,64,0
6003,61,0
6004,63,0
6005,60,0
6006,62,0
6007,59,0
6008,62,0
6009,62,0
6010,62,0
6011,61,0
6012,62,0
6013,62,0
6014,61,0
6015,63,0
6016,63,0
6017,64,0
6018,62,0
6019,61,0
6020,63,0
6021,62,0
6022,60,0
6023,61,0
6024,62,0
6025,62,0
6026,63,0
6027,65,0
6028,62,0
6029,62,0
6030,61,0
6031,61,0
6032,64,0
6033,63,0
6034,61,0
6035,61,0
6036,64,0
6037,62,0
6038,61,0
6039,63,0
6040,62,0
6041,62,0
6042,63,0
6043,65,0
6044,61,0
6045,62,0
6046,64,0
6047,61,0
6048,63,0
6049,62,0
6050,62,0
6051,65,0
6052,65,0
6053,62,0
6054,62,0
6055,63,0
6056,65,0
6057,62,0
6058,62,0
6059,61,0
6060,63,0
6061,61,0
6062,62,0
6063,62,0
6064,61,0
6065,63,0
6066,62,0
6067,62,0
6068,65,0
6069,65,0
6070,64,0
6071,62,0
6072,61,0
6073,65,0
6074,61,0
6075,62,0
6076,64,0
6077,65,0
6078,61,0
6079,62,0
6080,62,0
6081,65,0
6082,63,0
6083,64,0
6084,62,0
6085,65,0
6086,63,0
6087,62,0
6088,62,0
6089,61,0
6090,59,0
6091,62,0
6092,60,0
6093,61,0
6094,63,0
6095,62,0
6096,60,0
6097,63,0
6098,62,0
6099,62,0
6100,61,0
6101,63,0
6102,65,0
6103,62,0
6104,62,0
6105,61,0
6106,63,0
6107,62,0
6108,62,0
6109,65,0
6110,63,0
6111,62,0
6112,64,0
6113,65,0
6114,63,0
6115,60,0
6116,63,0
6117,63,0
6118,62,0
6119,62,0
6120,61,0
6121,63,0
6122,62,0
6123,62,0
6124,63,0
6125,62,0
6126,62,0
6127,61,0
6128,61,0
6129,62,0
6130,64,0
6131,62,0
6132,59,0
6133,65,0
6134,62,0
6135,62,0
6136,61,0
6137,61,0
6138,60,0
6139,63,0
6140,63,0
6141,62,0
6142,62,0
6143,63,0
6144,63,0
6145,64,0
6146,64,0
6147,61,0
6148,65,0
6149,64,0
6150,62,0
6151,63,0
6152,61,0
6153,62,0
6154,63,0
6155,63,0
6156,64,0
6157,62,0
6158,63,0
6159,67,0
6160,63,0
6161,60,0
6162,62,0
6163,61,0
6164,61,0
6165,62,0
6166,62,0
6167,63,0
6168,61,0
6169,62,0
6170,64,0
6171,61,0
6172,63,0
6173,60,0
6174,62,0
6175,63,0
6176,61,0
6177,60,0
6178,64,0
6179,61,0
6180,61,0
6181,62,0
6182,64,0
6183,63,0
6184,61,0
6185,64,0
6186,62,0
6187,63,0
6188,61,0
6189,61,0
6190,64,0
6191,64,0
6192,62,0
6193,63,0
6194,63,0
6195,64,0
6196,64,0
6197,63,0
6198,62,0
6199,64,0
6200,65,0
6201,63,0
6202,62,0
6203,64,0
6204,59,0
6205,65,0
6206,61,0
6207,62,0
6208,62,0
6209,61,0
6210,62,0
6211,62,0
6212,65,0
6213,63,0
6214,62,0
6215,62,0
6216,59,0
6217,65,0
6218,63,0
6219,62,0
6220,62,0
6221,61,0
6222,61,0
6223,62,0
6224,64,0
6225,63,0
6226,61,0
6227,62,0
6228,61,0
6229,59,0
6230,62,0
6231,62,0
6232,63,0
6233,63,0
6234,64,0
6235,62,0
6236,65,0
6237,59,0
6238,62,0
6239,60,0
6240,65,0
6241,62,0
6242,62,0
6243,59,0
6244,63,0
6245,64,0
6246,64,0
6247,64,0
6248,62,0
6249,63,0
6250,62,0
6251,62,0
6252,63,0
6253,63,0
6254,60,0
6255,64,0
6256,61,0
6257,65,0
6258,62,0
6259,63,0
6260,61,0
6261,62,0
6262,62,0
6263,63,0
6264,61,0
6265,62,0
6266,60,0
6267,65,0
6268,62,0
6269,62,0
6270,61,0
6271,65,0
6272,62,0
6273,62,0
6274,63,0
6275,65,0
6276,63,0
6277,62,0
6278,62,0
6279,61,0
6280,62,0
6281,62,0
6282,65,0
6283,59,0
6284,62,0
6285,62,0
6286,63,0
6287,61,0
6288,62,0
6289,60,0
6290,65,0
6291,62,0
6292,64,0
6293,61,0
6294,61,0
6295,64,0
6296,62,0
6297,61,0
6298,61,0
6299,64,0
6300,62,0
6301,61,0
6302,61,0
6303,62,0
6304,62,0
6305,64,0
6306,63,0
6307,61,0
6308,60,0
6309,64,0
6310,61,0
6311,63,0
6312,62,0
6313,62,0
6314,63,0
6315,63,0
6316,62,0
6317,62,0
6318,61,0
6319,63,0
6320,62,0
6321,62,0
6322,63,0
6323,65,0
6324,60,0
6325,62,0
6326,63,0
6327,63,0
6328,62,0
6329,62,0
6330,61,0
6331,61,0
6332,64,0
6333,64,0
6334,62,0
6335,63,0
6336,65,0
6337,60,0
6338,62,0
6339,61,0
6340,65,0
6341,62,0
6342,62,0
6343,63,0
6344,61,0
6345,62,0
6346,62,0
6347,63,0
6348,61,0
6349,64,0
6350,64,0
6351,63,0
6352,61,0
6353,64,0
6354,64,0
6355,63,0
6356,65,0
6357,62,0
6358,64,0
6359,63,0
6360,65,0
6361,62,0
6362,63,0
6363,61,0
6364,63,0
6365,62,0
6366,62,0
6367,61,0
6368,63,0
6369,62,0
6370,60,0
6371,63,0
6372,63,0
6373,64,0
6374,60,0
6375,61,0
6376,62,0
6377,62,0
6378,61,0
6379,61,0
6380,62,0
6381,64,0
6382,63,0
6383,63,0
6384,60,0
6385,62,0
6386,63,0
6387,62,0
6388,62,0
6389,63,0
6390,61,0
6391,62,0
6392,62,0
6393,62,0
6394,61,0
6395,63,0
6396,62,0
6397,63,0
6398,61,0
6399,62,0
6400,62,0
6401,65,0
6402,63,0
6403,62,0
6404,62,0
6405,61,0
6406,63,0
6407,64,0
6408,65,0
6409,65,0
6410,64,0
6411,64,0
6412,61,0
6413,63,0
6414,62,0
6415,64,0
6416,61,0
6417,65,0
6418,62,0
6419,62,0
6420,63,0
6421,61,0
6422,65,0
6423,62,0
6424,62,0
6425,63,0
6426,62,0
6427,62,0
6428,63,0
6429,61,0
6430,62,0
6431,64,0
6432,63,0
6433,65,0
6434,64,0
6435,62,0
6436,63,0
6437,65,0
6438,64,0
6439,62,0
6440,61,0
6441,65,0
6442,64,0
6443,62,0
6444,63,0
6445,63,0
6446,62,0
6447,64,0
6448,63,0
6449,65,0
6450,65,0
6451,62,0
6452,64,0
6453,63,0
6454,63,0
6455,62,0
6456,64,0
6457,63,0
6458,65,0
6459,60,0
6460,62,0
6461,62,0
6462,63,0
6463,61,0
6464,62,0
6465,62,0
6466,63,0
6467,65,0
6468,64,0
6469,62,0
6470,63,0
6471,64,0
6472,62,0
6473,65,0
6474,63,0
6475,64,0
6476,62,0
6477,63,0
6478,65,0
6479,63,0
6480,62,0
6481,62,0
6482,61,0
6483,63,0
6484,62,0
6485,62,0
6486,63,0
6487,61,0
6488,62,0
6489,62,0
6490,63,0
6491,65,0
6492,62,0
6493,62,0
6494,63,0
6495,65,0
6496,64,0
6497,62,0
6498,63,0
6499,62,0
6500,64,0
6501,63,0
6502,65,0
6503,64,0
6504,62,0
6505,65,0
6506,63,0
6507,61,0
6508,62,0
6509,62,0
6510,63,0
6511,63,0
6512,62,0
6513,62,0
6514,61,0
6515,61,0
6516,64,0
6517,63,0
6518,63,0
6519,62,0
6520,62,0
6521,63,0
6522,63,0
6523,62,0
6524,60,0
6525,63,0
6526,61,0
6527,62,0
6528,62,0
6529,63,0
6530,62,0
6531,62,0
6532,63,0
6533,63,0
6534,60,0
6535,64,0
6536,64,0
6537,63,0
6538,63,0
6539,62,0
6540,62,0
6541,63,0
6542,63,0
6543,60,0
6544,63,0
6545,61,0
6546,65,0
6547,60,0
6548,62,0
6549,61,0
6550,65,0
6551,64,0
6552,62,0
6553,63,0
6554,63,0
6555,62,0
6556,62,0
6557,63,0
6558,65,0
6559,62,0
6560,62,0
6561,63,0
6562,61,0
6563,64,0
6564,64,0
6565,62,0
6566,65,0
6567,65,0
6568,62,0
6569,65,0
6570,65,0
6571,62,0
6572,64,0
6573,61,0
6574,63,0
6575,63,0
6576,64,0
6577,62,0
6578,63,0
6579,63,0
6580,62,0
6581,63,0
6582,63,0
6583,61,0
6584,64,0
6585,62,0
6586,61,0
6587,65,0
6588,60,0
6589,62,0
6590,59,0
6591,63,0
6592,62,0
6593,63,0
6594,64,0
6595,62,0
6596,63,0
6597,61,0
6598,62,0
6599,62,0
6600,61,0
6601,61,0
6602,62,0
6603,62,0
6604,63,0
6605,63,0
6606,62,0
6607,62,0
6608,63,0
6609,61,0
6610,62,0
6611,64,0
6612,60,0
6613,61,0
6614,62,0
6615,62,0
6616,61,0
6617,65,0
6618,63,0
6619,62,0
6620,60,0
6621,61,0
6622,63,0
6623,61,0
6624,62,0
6625,62,0
6626,63,0
6627,64,0
6628,64,0
6629,61,0
6630,61,0
6631,62,0
6632,64,0
6633,63,0
6634,63,0
6635,63,0
6636,62,0
6637,65,0
6638,61,0
6639,62,0
6640,62,0
6641,63,0
6642,63,0
6643,64,0
6644,64,0
6645,63,0
6646,63,0
6647,62,0
6648,64,0
6649,63,0
6650,63,0
6651,63,0
6652,64,0
6653,62,0
6654,63,0
6655,63,0
6656,62,0
6657,62,0
6658,63,0
6659,63,0
6660,62,0
6661,61,0
6662,63,0
6663,65,0
6664,63,0
6665,63,0
6666,64,0
6667,62,0
6668,65,0
6669,63,0
6670,62,0
6671,63,0
6672,63,0
6673,64,0
6674,62,0
6675,65,0
6676,61,0
6677,62,0
6678,62,0
6679,65,0
6680,61,0
6681,64,0
6682,62,0
6683,61,0
6684,61,0
6685,62,0
6686,61,0
6687,61,0
6688,64,0
6689,62,0
6690,64,0
6691,63,0
6692,65,0
6693,62,0
6694,64,0
6695,59,0
6696,63,0
6697,62,0
6698,62,0
6699,61,0
6700,63,0
6701,60,0
6702,64,0
6703,63,0
6704,61,0
6705,60,0
6706,64,0
6707,63,0
6708,61,0
6709,62,0
6710,62,0
6711,61,0
6712,61,0
6713,62,0
6714,64,0
6715,63,0
6716,63,0
6717,62,0
6718,62,0
6719,62,0
6720,63,0
6721,61,0
6722,62,0
6723,63,0
6724,63,0
6725,62,0
6726,64,0
6727,61,0
6728,61,0
6729,64,0
6730,64,0
6731,61,0
6732,65,0
6733,62,0
6734,62,0
6735,65,0
6736,62,0
6737,62,0
6738,61,0
6739,61,0
6740,65,0
6741,60,0
6742,63,0
6743,61,0
6744,62,0
6745,62,0
6746,65,0
6747,62,0
6748,65,0
6749,65,0
6750,64,0
6751,63,0
6752,61,0
6753,64,0
6754,62,0
6755,63,0
6756,63,0
6757,62,0
6758,61,0
6759,65,0
6760,64,0
6761,62,0
6762,63,0
6763,65,0
6764,62,0
6765,64,0
6766,61,0
6767,63,0
6768,62,0
6769,62,0
6770,59,0
6771,61,0
6772,62,0
6773,62,0
6774,62,0
6775,63,0
6776,64,0
6777,62,0
6778,63,0
6779,61,0
6780,62,0
6781,62,0
6782,63,0
6783,61,0
6784,62,0
6785,64,0
6786,63,0
6787,62,0
6788,62,0
6789,63,0
6790,63,0
6791,62,0
6792,62,0
6793,63,0
6794,63,0
6795,64,0
6796,64,0
6797,65,0
6798,62,0
6799,64,0
6800,63,0
6801,65,0
6802,62,0
6803,63,0
6804,60,0
6805,65,0
6806,63,0
6807,62,0
6808,62,0
6809,63,0
6810,63,0
6811,64,0
6812,62,0
6813,65,0
6814,65,0
6815,62,0
6816,65,0
6817,63,0
6818,62,0
6819,64,0
6820,63,0
6821,63,0
6822,60,0
6823,62,0
6824,61,0
6825,63,0
6826,62,0
6827,62,0
6828,61,0
6829,63,0
6830,67,0
6831,62,0
6832,63,0
6833,63,0
6834,62,0
6835,62,0
6836,61,0
6837,63,0
6838,62,0
6839,62,0
6840,61,0
6841,61,0
6842,64,0
6843,62,0
6844,61,0
6845,63,0
6846,62,0
6847,62,0
6848,63,0
6849,61,0
6850,66,0
6851,62,0
6852,61,0
6853,61,0
6854,62,0
6855,64,0
6856,63,0
6857,63,0
6858,61,0
6859,64,0
6860,62,0
6861,65,0
6862,63,0
6863,64,0
6864,62,0
6865,65,0
6866,61,0
6867,62,0
6868,62,0
6869,61,0
6870,64,0
6871,62,0
6872,61,0
6873,65,0
6874,62,0
6875,64,0
6876,65,0
6877,63,0
6878,62,0
6879,60,0
6880,61,0
6881,61,0
6882,64,0
6883,60,0
6884,61,0
6885,61,0
6886,63,0
6887,62,0
6888,64,0
6889,63,0
6890,62,0
6891,62,0
6892,63,0
6893,63,0
6894,64,0
6895,60,0
6896,65,0
6897,63,0
6898,62,0
6899,63,0
6900,63,0
6901,62,0
6902,62,0
6903,63,0
6904,63,0
6905,62,0
6906,62,0
6907,61,0
6908,63,0
6909,60,0
6910,63,0
6911,63,0
6912,62,0
6913,62,0
6914,62,0
6915,63,0
6916,63,0
6917,62,0
6918,62,0
6919,61,0
6920,63,0
6921,62,0
6922,62,0
6923,63,0
6924,63,0
6925,64,0
6926,63,0
6927,63,0
6928,62,0
6929,62,0
6930,65,0
6931,61,0
6932,62,0
6933,62,0
6934,65,0
6935,61,0
6936,62,0
6937,60,0
6938,63,0
6939,60,0
6940,64,0
6941,61,0
6942,65,0
6943,61,0
6944,62,0
6945,64,0
6946,65,0
6947,61,0
6948,62,0
6949,60,0
6950,65,0
6951,63,0
6952,62,0
6953,60,0
6954,61,0
6955,63,0
6956,62,0
6957,63,0
6958,65,0
6959,60,0
6960,62,0
6961,63,0
6962,67,0
6963,62,0
6964,64,0
6965,61,0
6966,65,0
6967,62,0
6968,62,0
6969,61,0
6970,61,0
6971,63,0
6972,64,0
6973,62,0
6974,61,0
6975,63,0
6976,62,0
6977,62,0
6978,65,0
6979,63,0
6980,62,0
6981,62,0
6982,65,0
6983,65,0
6984,62,0
6985,62,0
6986,63,0
6987,65,0
6988,62,0
6989,62,0
6990,61,0
6991,61,0
6992,62,0
6993,62,0
6994,65,0
6995,63,0
6996,64,0
6997,62,0
6998,65,0
6999,62,0
7000,65,0
7001,62,0
7002,62,0
7003,65,0
7004,65,0
7005,64,0
7006,64,0
7007,63,0
7008,63,0
7009,62,0
7010,62,0
7011,61,0
7012,59,0
7013,64,0
7014,64,0
7015,63,0
7016,61,0
7017,62,0
7018,64,0
7019,61,0
7020,61,0
7021,62,0
7022,65,0
7023,63,0
7024,62,0
7025,62,0
7026,65,0
7027,61,0
7028,63,0
7029,62,0
7030,64,0
7031,61,0
7032,62,0
7033,62,0
7034,63,0
7035,63,0
7036,62,0
7037,63,0
7038,59,0
7039,62,0
7040,62,0
7041,63,0
7042,62,0
7043,62,0
7044,63,0
7045,63,0
7046,62,0
7047,62,0
7048,63,0
7049,65,0
7050,62,0
7051,62,0
7052,61,0
7053,62,0
7054,64,0
7055,62,0
7056,61,0
7057,61,0
7058,62,0
7059,62,0
7060,63,0
7061,63,0
7062,62,0
7063,61,0
7064,65,0
7065,62,0
7066,62,0
7067,65,0
7068,63,0
7069,62,0
7070,62,0
7071,63,0
7072,65,0
7073,64,0
7074,62,0
7075,63,0
7076,63,0
7077,62,0
7078,64,0
7079,61,0
7080,62,0
7081,62,0
7082,64,0
7083,62,0
7084,61,0
7085,61,0
7086,64,0
7087,63,0
7088,61,0
7089,62,0
7090,64,0
7091,65,0
7092,61,0
7093,64,0
7094,62,0
7095,61,0
7096,61,0
7097,62,0
7098,64,0
7099,65,0
7100,63,0
7101,62,0
7102,64,0
7103,61,0
7104,63,0
7105,64,0
7106,62,0
7107,63,0
7108,65,0
7109,62,0
7110,64,0
7111,64,0
7112,63,0
7113,61,0
7114,62,0
7115,62,0
7116,63,0
7117,65,0
7118,62,0
7119,64,0
7120,63,0
7121,65,0
7122,64,0
7123,63,0
7124,65,0
7125,62,0
7126,62,0
7127,65,0
7128,63,0
7129,62,0
7130,61,0
7131,65,0
7132,65,0
7133,62,0
7134,63,0
7135,61,0
7136,62,0
7137,64,0
7138,63,0
7139,63,0
7140,63,0
7141,62,0
7142,62,0
7143,61,0
7144,65,0
7145,62,0
7146,61,0
7147,61,0
7148,62,0
7149,62,0
7150,61,0
7151,61,0
7152,62,0
7153,63,0
7154,65,0
7155,62,0
7156,62,0
7157,61,0
7158,65,0
7159,62,0
7160,63,0
7161,63,0
7162,62,0
7163,62,0
7164,65,0
7165,61,0
7166,61,0
7167,62,0
7168,62,0
7169,61,0
7170,61,0
7171,64,0
7172,64,0
7173,63,0
7174,63,0
7175,62,0
7176,62,0
7177,65,0
7178,62,0
7179,62,0
7180,63,0
7181,63,0
7182,62,0
7183,62,0
7184,61,0
7185,63,0
7186,62,0
7187,62,0
7188,65,0
7189,63,0
7190,62,0
7191,63,0
7192,61,0
7193,62,0
7194,62,0
7195,62,0
7196,61,0
7197,61,0
7198,62,0
7199,65,0
7200,63,0
7201,62,0
7202,64,0
7203,61,0
7204,62,0
7205,62,0
7206,63,0
7207,65,0
7208,62,0
7209,62,0
7210,65,0
7211,64,0
7212,62,0
7213,63,0
7214,65,0
7215,64,0
7216,64,0
7217,61,0
7218,61,0
7219,64,0
7220,60,0
7221,61,0
7222,61,0
7223,59,0
7224,64,0
7225,62,0
7226,63,0
7227,63,0
7228,62,0
7229,62,0
7230,61,0
7231,65,0
7232,64,0
7233,64,0
7234,61,0
7235,63,0
7236,64,0
7237,62,0
7238,63,0
7239,63,0
7240,62,0
7241,62,0
7242,63,0
7243,62,0
7244,64,0
7245,63,0
7246,63,0
7247,62,0
7248,64,0
7249,65,0
7250,65,0
7251,62,0
7252,62,0
7253,64,0
7254,62,0
7255,63,0
7256,63,0
7257,62,0
7258,65,0
7259,63,0
7260,62,0
7261,64,0
7262,63,0
7263,61,0
7264,62,0
7265,64,0
7266,63,0
7267,61,0
7268,64,0
7269,63,0
7270,65,0
7271,62,0
7272,64,0
7273,61,0
7274,61,0
7275,62,0
7276,61,0
7277,63,0
7278,62,0
7279,62,0
7280,62,0
7281,64,0
7282,63,0
7283,65,0
7284,62,0
7285,62,0
7286,65,0
7287,63,0
7288,64,0
7289,63,0
7290,61,0
7291,62,0
7292,62,0
7293,63,0
7294,63,0
7295,64,0
7296,62,0
7297,63,0
7298,65,0
7299,62,0
7300,64,0
7301,63,0
7302,64,0
7303,62,0
7304,63,0
7305,63,0
7306,62,0
7307,62,0
7308,62,0
7309,63,0
7310,61,0
7311,64,0
7312,62,0
7313,63,0
7314,65,0
7315,62,0
7316,63,0
7317,63,0
7318,62,0
7319,62,0
7320,63,0
7321,61,0
7322,62,0
7323,62,0
7324,63,0
7325,63,0
7326,64,0
7327,63,0
7328,63,0
7329,62,0
7330,64,0
7331,63,0
7332,63,0
7333,62,0
7334,62,0
7335,63,0
7336,63,0
7337,61,0
7338,62,0
7339,62,0
7340,63,0
7341,62,0
7342,62,0
7343,63,0
7344,61,0
7345,62,0
7346,65,0
7347,63,0
7348,64,0
7349,62,0
7350,61,0
7351,65,0
7352,62,0
7353,63,0
7354,65,0
7355,62,0
7356,62,0
7357,63,0
7358,63,0
7359,64,0
7360,63,0
7361,61,0
7362,64,0
7363,62,0
7364,62,0
7365,65,0
7366,65,0
7367,62,0
7368,62,0
7369,61,0
7370,63,0
7371,62,0
7372,62,0
7373,61,0
7374,65,0
7375,62,0
7376,62,0
7377,61,0
7378,63,0
7379,62,0
7380,64,0
7381,61,0
7382,63,0
7383,62,0
7384,64,0
7385,63,0
7386,63,0
7387,62,0
7388,64,0
7389,63,0
7390,65,0
7391,60,0
7392,62,0
7393,62,0
7394,63,0
7395,63,0
7396,62,0
7397,62,0
7398,65,0
7399,63,0
7400,62,0
7401,64,0
7402,63,0
7403,65,0
7404,62,0
7405,62,0
7406,61,0
7407,63,0
7408,62,0
7409,64,0
7410,65,0
7411,65,0
7412,62,0
7413,64,0
7414,63,0
7415,65,0
7416,62,0
7417,64,0
7418,63,0
7419,64,0
7420,64,0
7421,61,0
7422,63,0
7423,62,0
7424,64,0
7425,61,0
7426,65,0
7427,61,0
7428,62,0
7429,62,0
7430,63,0
7431,63,0
7432,62,0
7433,62,0
7434,63,0
7435,59,0
7436,64,0
7437,61,0
7438,61,0
7439,62,0
7440,64,0
7441,65,0
7442,63,0
7443,60,0
7444,62,0
7445,63,0
7446,63,0
7447,62,0
7448,63,0
7449,61,0
7450,62,0
7451,60,0
7452,63,0
7453,61,0
7454,62,0
7455,62,0
7456,62,0
7457,65,0
7458,62,0
7459,62,0
7460,65,0
7461,63,0
7462,62,0
7463,61,0
7464,65,0
7465,62,0
7466,60,0
7467,63,0
7468,65,0
7469,62,0
7470,62,0
7471,61,0
7472,61,0
7473,62,0
7474,64,0
7475,63,0
7476,62,0
7477,62,0
7478,63,0
7479,63,0
7480,85,0
7481,62,0
7482,62,0
7483,65,0
7484,60,0
7485,64,0
7486,63,0
7487,65,0
7488,64,0
7489,61,0
7490,61,0
7491,62,0
7492,64,0
7493,61,0
7494,62,0
7495,64,0
7496,61,0
7497,65,0
7498,62,0
7499,62,0
7500,63,0
7501,63,0
7502,62,0
7503,63,0
7504,61,0
7505,64,0
7506,62,0
7507,63,0
7508,63,0
7509,64,0
7510,61,0
7511,62,0
7512,63,0
7513,63,0
7514,62,0
7515,62,0
7516,63,0
7517,63,0
7518,62,0
7519,64,0
7520,61,0
7521,63,0
7522,62,0
7523,63,0
7524,61,0
7525,64,0
7526,62,0
7527,65,0
7528,61,0
7529,62,0
7530,60,0
7531,63,0
7532,60,0
7533,64,0
7534,65,0
7535,65,0
7536,62,0
7537,61,0
7538,59,0
7539,62,0
7540,61,0
7541,63,0
7542,62,0
7543,62,0
7544,63,0
7545,65,0
7546,62,0
7547,60,0
7548,61,0
7549,63,0
7550,64,0
7551,61,0
7552,65,0
7553,62,0
7554,62,0
7555,61,0
7556,63,0
7557,60,0
7558,64,0
7559,63,0
7560,61,0
7561,64,0
7562,62,0
7563,63,0
7564,65,0
7565,62,0
7566,62,0
7567,61,0
7568,63,0
7569,65,0
7570,62,0
7571,64,0
7572,63,0
7573,61,0
7574,62,0
7575,62,0
7576,63,0
7577,65,0
7578,62,0
7579,63,0
7580,63,0
7581,62,0
7582,62,0
7583,65,0
7584,65,0
7585,60,0
7586,62,0
7587,61,0
7588,64,0
7589,64,0
7590,65,0
7591,63,0
7592,64,0
7593,64,0
7594,63,0
7595,59,0
7596,63,0
7597,62,0
7598,62,0
7599,59,0
7600,63,0
7601,62,0
7602,62,0
7603,65,0
7604,61,0
7605,60,0
7606,62,0
7607,63,0
7608,65,0
7609,62,0
7610,62,0
7611,63,0
7612,63,0
7613,60,0
7614,64,0
7615,61,0
7616,61,0
7617,62,0
7618,62,0
7619,61,0
7620,61,0
7621,62,0
7622,62,0
7623,63,0
7624,63,0
7625,61,0
7626,62,0
7627,62,0
7628,61,0
7629,63,0
7630,62,0
7631,64,0
7632,61,0
7633,63,0
7634,62,0
7635,62,0
7636,63,0
7637,63,0
7638,62,0
7639,62,0
7640,65,0
7641,65,0
7642,64,0
7643,64,0
7644,63,0
7645,65,0
7646,62,0
7647,62,0
7648,63,0
7649,61,0
7650,62,0
7651,62,0
7652,62,0
7653,62,0
7654,63,0
7655,61,0
7656,62,0
7657,62,0
7658,61,0
7659,65,0
7660,62,0
7661,62,0
7662,61,0
7663,65,0
7664,62,0
7665,62,0
7666,65,0
7667,63,0
7668,64,0
7669,63,0
7670,65,0
7671,62,0
7672,62,0
7673,63,0
7674,61,0
7675,62,0
7676,62,0
7677,65,0
7678,65,0
7679,61,0
7680,64,0
7681,62,0
7682,65,0
7683,61,0
7684,62,0
7685,62,0
7686,61,0
7687,63,0
7688,64,0
7689,64,0
7690,61,0
7691,61,0
7692,62,0
7693,63,0
7694,63,0
7695,62,0
7696,62,0
7697,61,0
7698,61,0
7699,62,0
7700,62,0
7701,63,0
7702,61,0
7703,62,0
7704,63,0
7705,59,0
7706,65,0
7707,60,0
7708,62,0
7709,61,0
7710,63,0
7711,64,0
7712,62,0
7713,64,0
7714,63,0
7715,63,0
7716,62,0
7717,63,0
7718,61,0
7719,62,0
7720,62,0
7721,61,0
7722,63,0
7723,62,0
7724,62,0
7725,61,0
7726,63,0
7727,62,0
7728,62,0
7729,65,0
7730,65,0
7731,62,0
7732,62,0
7733,65,0
7734,63,0
7735,65,0
7736,64,0
7737,60,0
7738,63,0
7739,62,0
7740,62,0
7741,65,0
7742,63,0
7743,62,0
7744,64,0
7745,59,0
7746,61,0
7747,62,0
7748,64,0
7749,65,0
7750,63,0
7751,62,0
7752,62,0
7753,63,0
7754,63,0
7755,64,0
7756,62,0
7757,63,0
7758,63,0
7759,65,0
7760,64,0
7761,62,0
7762,63,0
7763,61,0
7764,62,0
7765,62,0
7766,63,0
7767,61,0
7768,64,0
7769,62,0
7770,61,0
7771,61,0
7772,62,0
7773,62,0
7774,62,0
7775,63,0
7776,63,0
7777,62,0
7778,62,0
7779,59,0
7780,63,0
7781,62,0
7782,62,0
7783,62,0
7784,63,0
7785,61,0
7786,64,0
7787,62,0
7788,64,0
7789,63,0
7790,61,0
7791,62,0
7792,62,0
7793,63,0
7794,63,0
7795,62,0
7796,62,0
7797,63,0
7798,65,0
7799,64,0
7800,64,0
7801,63,0
7802,62,0
7803,62,0
7804,65,0
7805,63,0
7806,62,0
7807,62,0
7808,65,0
7809,65,0
7810,62,0
7811,62,0
7812,63,0
7813,59,0
7814,62,0
7815,64,0
7816,62,0
7817,65,0
7818,63,0
7819,62,0
7820,65,0
7821,61,0
7822,62,0
7823,62,0
7824,63,0
7825,63,0
7826,62,0
7827,62,0
7828,65,0
7829,63,0
7830,62,0
7831,62,0
7832,63,0
7833,60,0
7834,64,0
7835,64,0
7836,63,0
7837,63,0
7838,64,0
7839,61,0
7840,65,0
7841,62,0
7842,62,0
7843,62,0
7844,65,0
7845,61,0
7846,62,0
7847,62,0
7848,63,0
7849,63,0
7850,62,0
7851,62,0
7852,63,0
7853,62,0
7854,64,0
7855,65,0
7856,63,0
7857,60,0
7858,62,0
7859,63,0
7860,65,0
7861,62,0
7862,65,0
7863,61,0
7864,63,0
7865,62,0
7866,62,0
7867,61,0
7868,65,0
7869,59,0
7870,62,0
7871,62,0
7872,63,0
7873,61,0
7874,64,0
7875,62,0
7876,61,0
7877,61,0
7878,60,0
7879,62,0
7880,59,0
7881,61,0
7882,64,0
7883,62,0
7884,63,0
7885,63,0
7886,64,0
7887,64,0
7888,61,0
7889,63,0
7890,62,0
7891,64,0
7892,61,0
7893,63,0
7894,64,0
7895,62,0
7896,63,0
7897,61,0
7898,63,0
7899,62,0
7900,62,0
7901,63,0
7902,63,0
7903,64,0
7904,62,0
7905,63,0
7906,61,0
7907,62,0
7908,62,0
7909,65,0
7910,61,0
7911,61,0
7912,62,0
7913,62,0
7914,65,0
7915,65,0
7916,62,0
7917,64,0
7918,63,0
7919,63,0
7920,62,0
7921,62,0
7922,63,0
7923,63,0
7924,60,0
7925,64,0
7926,62,0
7927,63,0
7928,61,0
7929,62,0
7930,62,0
7931,65,0
7932,63,0
7933,62,0
7934,62,0
7935,63,0
7936,65,0
7937,64,0
7938,62,0
7939,63,0
7940,63,0
7941,64,0
7942,62,0
7943,63,0
7944,64,0
7945,62,0
7946,61,0
7947,63,0
7948,62,0
7949,62,0
7950,61,0
7951,65,0
7952,59,0
7953,60,0
7954,62,0
7955,62,0
7956,61,0
7957,63,0
7958,62,0
7959,63,0
7960,63,0
7961,62,0
7962,62,0
7963,61,0
7964,63,0
7965,62,0
7966,63,0
7967,63,0
7968,62,0
7969,60,0
7970,61,0
7971,65,0
7972,62,0
7973,62,0
7974,63,0
7975,65,0
7976,62,0
7977,60,0
7978,65,0
7979,65,0
7980,65,0
7981,62,0
7982,65,0
7983,61,0
7984,62,0
7985,5919,1
7986,63,0
7987,62,0
7988,62,0
7989,62,0
7990,62,0
7991,61,0
7992,61,0
7993,60,0
7994,64,0
7995,63,0
7996,65,0
7997,62,0
7998,64,0
7999,63,0
8000,61,0
8001,61,0
8002,62,0
8003,60,0
8004,61,0
8005,61,0
8006,64,0
8007,64,0
8008,65,0
8009,62,0
8010,64,0
8011,64,0
8012,60,0
8013,61,0
8014,63,0
8015,62,0
8016,63,0
8017,63,0
8018,65,0
8019,64,0
8020,61,0
8021,65,0
8022,62,0
8023,62,0
8024,61,0
8025,61,0
8026,63,0
8027,62,0
8028,60,0
8029,63,0
8030,65,0
8031,62,0
8032,62,0
8033,61,0
8034,62,0
8035,64,0
8036,63,0
8037,63,0
8038,63,0
8039,61,0
8040,64,0
8041,60,0
8042,63,0
8043,63,0
8044,62,0
8045,62,0
8046,63,0
8047,61,0
8048,62,0
8049,64,0
8050,61,0
8051,65,0
8052,62,0
8053,63,0
8054,61,0
8055,62,0
8056,62,0
8057,61,0
8058,63,0
8059,60,0
8060,62,0
8061,61,0
8062,61,0
8063,62,0
8064,64,0
8065,62,0
8066,65,0
8067,59,0
8068,64,0
8069,62,0
8070,61,0
8071,63,0
8072,62,0
8073,62,0
8074,63,0
8075,63,0
8076,64,0
8077,62,0
8078,65,0
8079,61,0
8080,62,0
8081,60,0
8082,63,0
8083,63,0
8084,62,0
8085,62,0
8086,63,0
8087,60,0
8088,62,0
8089,63,0
8090,63,0
8091,62,0
8092,62,0
8093,64,0
8094,63,0
8095,61,0
8096,63,0
8097,65,0
8098,62,0
8099,62,0
8100,63,0
8101,62,0
8102,62,0
8103,63,0
8104,61,0
8105,62,0
8106,62,0
8107,65,0
8108,63,0
8109,64,0
8110,63,0
8111,63,0
8112,60,0
8113,62,0
8114,59,0
8115,63,0
8116,60,0
8117,61,0
8118,63,0
8119,62,0
8120,60,0
8121,65,0
8122,59,0
8123,62,0
8124,62,0
8125,64,0
8126,63,0
8127,63,0
8128,62,0
8129,64,0
8130,63,0
8131,64,0
8132,62,0
8133,61,0
8134,65,0
8135,60,0
8136,62,0
8137,63,0
8138,61,0
8139,62,0
8140,64,0
8141,65,0
8142,65,0
8143,64,0
8144,63,0
8145,63,0
8146,64,0
8147,62,0
8148,63,0
8149,63,0
8150,64,0
8151,62,0
8152,62,0
8153,62,0
8154,63,0
8155,63,0
8156,62,0
8157,62,0
8158,63,0
8159,63,0
8160,64,0
8161,62,0
8162,61,0
8163,63,0
8164,62,0
8165,64,0
8166,65,0
8167,65,0
8168,64,0
8169,64,0
8170,63,0
8171,65,0
8172,62,0
8173,61,0
8174,61,0
8175,65,0
8176,62,0
8177,63,0
8178,63,0
8179,63,0
8180,60,0
8181,62,0
8182,63,0
8183,63,0
8184,64,0
8185,62,0
8186,63,0
8187,63,0
8188,64,0
8189,62,0
8190,61,0
8191,65,0
8192,60,0
8193,62,0
8194,61,0
8195,63,0
8196,64,0
8197,63,0
8198,63,0
8199,62,0
8200,62,0
8201,63,0
8202,63,0
8203,62,0
8204,62,0
8205,62,0
8206,65,0
8207,61,0
8208,62,0
8209,64,0
8210,63,0
8211,63,0
8212,62,0
8213,60,0
8214,61,0
8215,60,0
8216,62,0
8217,63,0
8218,63,0
8219,60,0
8220,62,0
8221,61,0
8222,63,0
8223,60,0
8224,64,0
8225,65,0
8226,62,0
8227,62,0
8228,65,0
8229,63,0
8230,64,0
8231,62,0
8232,63,0
8233,63,0
8234,63,0
8235,62,0
8236,64,0
8237,63,0
8238,61,0
8239,62,0
8240,62,0
8241,63,0
8242,62,0
8243,62,0
8244,65,0
8245,65,0
8246,60,0
8247,62,0
8248,61,0
8249,63,0
8250,62,0
8251,63,0
8252,63,0
8253,62,0
8254,62,0
8255,61,0
8256,63,0
8257,62,0
8258,64,0
8259,61,0
8260,63,0
8261,59,0
8262,62,0
8263,62,0
8264,65,0
8265,62,0
8266,64,0
8267,61,0
8268,63,0
8269,64,0
8270,64,0
8271,63,0
8272,63,0
8273,62,0
8274,62,0
8275,61,0
8276,63,0
8277,64,0
8278,61,0
8279,63,0
8280,62,0
8281,62,0
8282,61,0
8283,59,0
8284,62,0
8285,64,0
8286,61,0
8287,65,0
8288,61,0
8289,62,0
8290,62,0
8291,65,0
8292,63,0
8293,64,0
8294,62,0
8295,65,0
8296,61,0
8297,64,0
8298,62,0
8299,62,0
8300,64,0
8301,64,0
8302,64,0
8303,64,0
8304,63,0
8305,63,0
8306,64,0
8307,64,0
8308,61,0
8309,64,0
8310,62,0
8311,65,0
8312,63,0
8313,62,0
8314,61,0
8315,63,0
8316,62,0
8317,64,0
8318,63,0
8319,64,0
8320,62,0
8321,61,0
8322,62,0
8323,64,0
8324,62,0
8325,63,0
8326,61,0
8327,62,0
8328,62,0
8329,61,0
8330,61,0
8331,62,0
8332,60,0
8333,63,0
8334,63,0
8335,62,0
8336,63,0
8337,61,0
8338,64,0
8339,62,0
8340,63,0
8341,63,0
8342,62,0
8343,63,0
8344,61,0
8345,64,0
8346,62,0
8347,61,0
8348,63,0
8349,64,0
8350,62,0
8351,65,0
8352,63,0
8353,63,0
8354,62,0
8355,62,0
8356,63,0
8357,62,0
8358,62,0
8359,63,0
8360,63,0
8361,62,0
8362,62,0
8363,61,0
8364,64,0
8365,64,0
8366,61,0
8367,61,0
8368,62,0
8369,62,0
8370,65,0
8371,63,0
8372,64,0
8373,62,0
8374,65,0
8375,64,0
8376,62,0
8377,63,0
8378,63,0
8379,61,0
8380,60,0
8381,62,0
8382,63,0
8383,65,0
8384,60,0
8385,62,0
8386,61,0
8387,63,0
8388,62,0
8389,62,0
8390,65,0
8391,65,0
8392,62,0
8393,62,0
8394,63,0
8395,65,0
8396,62,0
8397,62,0
8398,63,0
8399,65,0
8400,64,0
8401,61,0
8402,63,0
8403,62,0
8404,64,0
8405,61,0
8406,63,0
8407,61,0
8408,64,0
8409,62,0
8410,63,0
8411,63,0
8412,62,0
8413,62,0
8414,63,0
8415,63,0
8416,62,0
8417,60,0
8418,63,0
8419,61,0
8420,64,0
8421,62,0
8422,65,0
8423,63,0
8424,62,0
8425,62,0
8426,65,0
8427,61,0
8428,62,0
8429,62,0
8430,63,0
8431,61,0
8432,62,0
8433,64,0
8434,62,0
8435,63,0
8436,63,0
8437,64,0
8438,62,0
8439,61,0
8440,59,0
8441,64,0
8442,61,0
8443,61,0
8444,62,0
8445,64,0
8446,61,0
8447,63,0
8448,62,0
8449,62,0
8450,63,0
8451,63,0
8452,64,0
8453,62,0
8454,63,0
8455,65,0
8456,62,0
8457,61,0
8458,65,0
8459,62,0
8460,62,0
8461,60,0
8462,63,0
8463,61,0
8464,64,0
8465,61,0
8466,63,0
8467,62,0
8468,62,0
8469,61,0
8470,63,0
8471,64,0
8472,64,0
8473,63,0
8474,63,0
8475,62,0
8476,64,0
8477,63,0
8478,62,0
8479,64,0
8480,63,0
8481,61,0
8482,62,0
8483,62,0
8484,63,0
8485,61,0
8486,62,0
8487,62,0
8488,60,0
8489,63,0
8490,63,0
8491,64,0
8492,62,0
8493,63,0
8494,60,0
8495,62,0
8496,62,0
8497,63,0
8498,62,0
8499,62,0
8500,61,0
8501,63,0
8502,62,0
8503,62,0
8504,63,0
8505,63,0
8506,60,0
8507,62,0
8508,62,0
8509,63,0
8510,61,0
8511,62,0
8512,63,0
8513,65,0
8514,61,0
8515,61,0
8516,64,0
8517,62,0
8518,61,0
8519,62,0
8520,62,0
8521,61,0
8522,61,0
8523,64,0
8524,62,0
8525,61,0
8526,61,0
8527,62,0
8528,60,0
8529,63,0
8530,63,0
8531,64,0
8532,62,0
8533,63,0
8534,65,0
8535,62,0
8536,62,0
8537,61,0
8538,63,0
8539,64,0
8540,62,0
8541,62,0
8542,59,0
8543,65,0
8544,62,0
8545,62,0
8546,61,0
8547,63,0
8548,62,0
8549,64,0
8550,61,0
8551,63,0
8552,62,0
8553,62,0
8554,63,0
8555,63,0
8556,64,0
8557,64,0
8558,61,0
8559,63,0
8560,62,0
8561,62,0
8562,63,0
8563,61,0
8564,62,0
8565,64,0
8566,61,0
8567,65,0
8568,61,0
8569,62,0
8570,62,0
8571,63,0
8572,63,0
8573,62,0
8574,64,0
8575,62,0
8576,63,0
8577,61,0
8578,64,0
8579,62,0
8580,65,0
8581,62,0
8582,64,0
8583,65,0
8584,63,0
8585,62,0
8586,62,0
8587,65,0
8588,63,0
8589,64,0
8590,62,0
8591,63,0
8592,61,0
8593,62,0
8594,65,0
8595,61,0
8596,59,0
8597,62,0
8598,60,0
8599,65,0
8600,63,0
8601,62,0
8602,62,0
8603,63,0
8604,60,0
8605,62,0
8606,61,0
8607,61,0
8608,62,0
8609,62,0
8610,63,0
8611,65,0
8612,62,0
8613,61,0
8614,63,0
8615,64,0
8616,62,0
8617,65,0
8618,63,0
8619,62,0
8620,61,0
8621,63,0
8622,63,0
8623,65,0
8624,62,0
8625,60,0
8626,63,0
8627,65,0
8628,62,0
8629,62,0
8630,63,0
8631,61,0
8632,62,0
8633,63,0
8634,63,0
8635,62,0
8636,64,0
8637,61,0
8638,63,0
8639,62,0
8640,64,0
8641,61,0
8642,63,0
8643,62,0
8644,62,0
8645,63,0
8646,62,0
8647,62,0
8648,62,0
8649,61,0
8650,61,0
8651,62,0
8652,60,0
8653,63,0
8654,61,0
8655,64,0
8656,62,0
8657,65,0
8658,63,0
8659,62,0
8660,64,0
8661,65,0
8662,61,0
8663,62,0
8664,62,0
8665,65,0
8666,59,0
8667,64,0
8668,62,0
8669,61,0
8670,65,0
8671,64,0
8672,64,0
8673,61,0
8674,63,0
8675,64,0
8676,62,0
8677,64,0
8678,63,0
8679,63,0
8680,64,0
8681,64,0
8682,63,0
8683,65,0
8684,62,0
8685,64,0
8686,63,0
8687,65,0
8688,62,0
8689,62,0
8690,61,0
8691,65,0
8692,62,0
8693,64,0
8694,63,0
8695,61,0
8696,62,0
8697,63,0
8698,63,0
8699,64,0
8700,62,0
8701,63,0
8702,65,0
8703,61,0
8704,64,0
8705,62,0
8706,63,0
8707,63,0
8708,60,0
8709,62,0
8710,61,0
8711,63,0
8712,62,0
8713,62,0
8714,63,0
8715,65,0
8716,62,0
8717,63,0
8718,63,0
8719,62,0
8720,62,0
8721,61,0
8722,63,0
8723,62,0
8724,60,0
8725,63,0
8726,63,0
8727,62,0
8728,60,0
8729,61,0
8730,63,0
8731,62,0
8732,62,0
8733,63,0
8734,61,0
8735,62,0
8736,64,0
8737,63,0
8738,65,0
8739,62,0
8740,62,0
8741,59,0
8742,62,0
8743,60,0
8744,63,0
8745,63,0
8746,62,0
8747,64,0
8748,63,0
8749,62,0
8750,62,0
8751,63,0
8752,63,0
8753,62,0
8754,62,0
8755,63,0
8756,63,0
8757,61,0
8758,62,0
8759,63,0
8760,63,0
8761,62,0
8762,62,0
8763,65,0
8764,63,0
8765,62,0
8766,62,0
8767,63,0
8768,63,0
8769,64,0
8770,63,0
8771,63,0
8772,60,0
8773,62,0
8774,63,0
8775,63,0
8776,60,0
8777,64,0
8778,63,0
8779,61,0
8780,62,0
8781,62,0
8782,65,0
8783,65,0
8784,61,0
8785,62,0
8786,65,0
8787,63,0
8788,62,0
8789,62,0
8790,61,0
8791,63,0
8792,64,0
8793,62,0
8794,61,0
8795,63,0
8796,62,0
8797,62,0
8798,65,0
8799,61,0
8800,62,0
8801,62,0
8802,61,0
8803,65,0
8804,64,0
8805,62,0
8806,63,0
8807,63,0
8808,64,0
8809,62,0
8810,63,0
8811,59,0
8812,61,0
8813,64,0
8814,62,0
8815,63,0
8816,63,0
8817,62,0
8818,62,0
8819,59,0
8820,63,0
8821,62,0
8822,64,0
8823,63,0
8824,65,0
8825,62,0
8826,64,0
8827,61,0
8828,63,0
8829,62,0
8830,62,0
8831,63,0
8832,62,0
8833,62,0
8834,63,0
8835,63,0
8836,64,0
8837,62,0
8838,61,0
8839,65,0
8840,63,0
8841,62,0
8842,62,0
8843,63,0
8844,63,0
8845,62,0
8846,62,0
8847,61,0
8848,61,0
8849,64,0
8850,60,0
8851,63,0
8852,63,0
8853,62,0
8854,62,0
8855,63,0
8856,61,0
8857,62,0
8858,62,0
8859,61,0
8860,60,0
8861,64,0
8862,61,0
8863,63,0
8864,60,0
8865,62,0
8866,62,0
8867,65,0
8868,65,0
8869,62,0
8870,63,0
8871,63,0
8872,62,0
8873,62,0
8874,63,0
8875,59,0
8876,62,0
8877,60,0
8878,63,0
8879,62,0
8880,62,0
8881,65,0
8882,63,0
8883,60,0
8884,62,0
8885,63,0
8886,61,0
8887,62,0
8888,65,0
8889,63,0
8890,62,0
8891,62,0
8892,63,0
8893,63,0
8894,64,0
8895,64,0
8896,63,0
8897,65,0
8898,62,0
8899,62,0
8900,63,0
8901,65,0
8902,62,0
8903,64,0
8904,61,0
8905,62,0
8906,60,0
8907,63,0
8908,61,0
8909,62,0
8910,62,0
8911,63,0
8912,63,0
8913,62,0
8914,64,0
8915,63,0
8916,61,0
8917,62,0
8918,62,0
8919,61,0
8920,61,0
8921,59,0
8922,62,0
8923,62,0
8924,65,0
8925,63,0
8926,62,0
8927,62,0
8928,63,0
8929,65,0
8930,62,0
8931,60,0
8932,61,0
8933,63,0
8934,64,0
8935,60,0
8936,65,0
8937,63,0
8938,62,0
8939,62,0
8940,63,0
8941,62,0
8942,64,0
8943,59,0
8944,63,0
8945,62,0
8946,62,0
8947,62,0
8948,61,0
8949,61,0
8950,62,0
8951,62,0
8952,63,0
8953,63,0
8954,62,0
8955,64,0
8956,65,0
8957,63,0
8958,62,0
8959,64,0
8960,63,0
8961,63,0
8962,64,0
8963,62,0
8964,63,0
8965,63,0
8966,62,0
8967,64,0
8968,63,0
8969,61,0
8970,62,0
8971,62,0
8972,65,0
8973,64,0
8974,64,0
8975,62,0
8976,62,0
8977,63,0
8978,63,0
8979,62,0
8980,65,0
8981,63,0
8982,62,0
8983,62,0
8984,65,0
8985,61,0
8986,64,0
8987,62,0
8988,61,0
8989,63,0
8990,62,0
8991,63,0
8992,61,0
8993,60,0
8994,62,0
8995,60,0
8996,61,0
8997,61,0
8998,62,0
8999,65,0
9000,65,0
9001,61,0
9002,62,0
9003,64,0
9004,65,0
9005,63,0
9006,60,0
9007,62,0
9008,61,0
9009,64,0
9010,62,0
9011,63,0
9012,61,0
9013,62,0
9014,62,0
9015,65,0
9016,60,0
9017,62,0
9018,61,0
9019,63,0
9020,62,0
9021,62,0
9022,61,0
9023,63,0
9024,60,0
9025,63,0
9026,61,0
9027,64,0
9028,64,0
9029,64,0
9030,63,0
9031,63,0
9032,62,0
9033,62,0
9034,65,0
9035,63,0
9036,62,0
9037,60,0
9038,63,0
9039,60,0
9040,62,0
9041,63,0
9042,63,0
9043,60,0
9044,64,0
9045,63,0
9046,61,0
9047,60,0
9048,62,0
9049,63,0
9050,62,0
9051,62,0
9052,63,0
9053,63,0
9054,62,0
9055,62,0
9056,64,0
9057,63,0
9058,63,0
9059,64,0
9060,64,0
9061,63,0
9062,61,0
9063,64,0
9064,63,0
9065,65,0
9066,62,0
9067,62,0
9068,61,0
9069,63,0
9070,62,0
9071,62,0
9072,63,0
9073,63,0
9074,64,0
9075,62,0
9076,63,0
9077,61,0
9078,62,0
9079,62,0
9080,65,0
9081,65,0
9082,61,0
9083,62,0
9084,64,0
9085,65,0
9086,63,0
9087,62,0
9088,62,0
9089,63,0
9090,61,0
9091,64,0
9092,62,0
9093,61,0
9094,63,0
9095,62,0
9096,62,0
9097,63,0
9098,63,0
9099,62,0
9100,64,0
9101,61,0
9102,63,0
9103,60,0
9104,62,0
9105,65,0
9106,61,0
9107,60,0
9108,61,0
9109,62,0
9110,61,0
9111,62,0
9112,60,0
9113,61,0
9114,63,0
9115,64,0
9116,60,0
9117,61,0
9118,62,0
9119,65,0
9120,67,0
9121,61,0
9122,65,0
9123,62,0
9124,62,0
9125,62,0
9126,62,0
9127,67,0
9128,63,0
9129,64,0
9130,62,0
9131,62,0
9132,63,0
9133,65,0
9134,62,0
9135,62,0
9136,60,0
9137,63,0
9138,63,0
9139,62,0
9140,64,0
9141,62,0
9142,62,0
9143,61,0
9144,65,0
9145,62,0
9146,62,0
9147,60,0
9148,63,0
9149,65,0
9150,62,0
9151,62,0
9152,62,0
9153,61,0
9154,63,0
9155,62,0
9156,64,0
9157,62,0
9158,61,0
9159,63,0
9160,65,0
9161,62,0
9162,64,0
9163,63,0
9164,65,0
9165,64,0
9166,62,0
9167,64,0
9168,62,0
9169,63,0
9170,62,0
9171,63,0
9172,61,0
9173,65,0
9174,62,0
9175,64,0
9176,63,0
9177,65,0
9178,65,0
9179,62,0
9180,60,0
9181,63,0
9182,63,0
9183,65,0
9184,62,0
9185,62,0
9186,62,0
9187,63,0
9188,63,0
9189,64,0
9190,64,0
9191,62,0
9192,63,0
9193,63,0
9194,61,0
9195,62,0
9196,62,0
9197,63,0
9198,61,0
9199,61,0
9200,61,0
9201,62,0
9202,62,0
9203,62,0
9204,63,0
9205,61,0
9206,63,0
9207,62,0
9208,64,0
9209,62,0
9210,63,0
9211,63,0
9212,62,0
9213,60,0
9214,62,0
9215,63,0
9216,65,0
9217,61,0
9218,62,0
9219,62,0
9220,65,0
9221,63,0
9222,63,0
9223,62,0
9224,62,0
9225,62,0
9226,59,0
9227,61,0
9228,65,0
9229,65,0
9230,64,0
9231,64,0
9232,62,0
9233,64,0
9234,63,0
9235,65,0
9236,60,0
9237,60,0
9238,60,0
9239,63,0
9240,65,0
9241,62,0
9242,64,0
9243,62,0
9244,61,0
9245,65,0
9246,62,0
9247,64,0
9248,62,0
9249,63,0
9250,63,0
9251,64,0
9252,62,0
9253,62,0
9254,65,0
9255,65,0
9256,62,0
9257,59,0
9258,62,0
9259,62,0
9260,64,0
9261,61,0
9262,63,0
9263,64,0
9264,62,0
9265,61,0
9266,63,0
9267,63,0
9268,62,0
9269,64,0
9270,63,0
9271,63,0
9272,65,0
9273,62,0
9274,62,0
9275,63,0
9276,63,0
9277,63,0
9278,62,0
9279,64,0
9280,63,0
9281,61,0
9282,62,0
9283,62,0
9284,62,0
9285,63,0
9286,63,0
9287,63,0
9288,63,0
9289,62,0
9290,62,0
9291,65,0
9292,61,0
9293,62,0
9294,60,0
9295,64,0
9296,61,0
9297,62,0
9298,62,0
9299,62,0
9300,63,0
9301,61,0
9302,62,0
9303,62,0
9304,61,0
9305,65,0
9306,63,0
9307,64,0
9308,62,0
9309,62,0
9310,63,0
9311,65,0
9312,62,0
9313,62,0
9314,63,0
9315,62,0
9316,63,0
9317,61,0
9318,61,0
9319,62,0
9320,64,0
9321,65,0
9322,61,0
9323,62,0
9324,62,0
9325,62,0
9326,61,0
9327,63,0
9328,64,0
9329,64,0
9330,62,0
9331,63,0
9332,63,0
9333,62,0
9334,64,0
9335,65,0
9336,63,0
9337,63,0
9338,60,0
9339,62,0
9340,64,0
9341,63,0
9342,63,0
9343,65,0
9344,63,0
9345,62,0
9346,64,0
9347,62,0
9348,63,0
9349,63,0
9350,63,0
9351,62,0
9352,64,0
9353,62,0
9354,65,0
9355,61,0
9356,62,0
9357,62,0
9358,64,0
9359,61,0
9360,65,0
9361,65,0
9362,60,0
9363,62,0
9364,65,0
9365,65,0
9366,62,0
9367,62,0
9368,62,0
9369,63,0
9370,63,0
9371,62,0
9372,62,0
9373,62,0
9374,62,0
9375,63,0
9376,63,0
9377,62,0
9378,62,0
9379,62,0
9380,65,0
9381,63,0
9382,63,0
9383,64,0
9384,62,0
9385,65,0
9386,59,0
9387,64,0
9388,64,0
9389,62,0
9390,61,0
9391,61,0
9392,62,0
9393,64,0
9394,63,0
9395,63,0
9396,60,0
9397,64,0
9398,62,0
9399,63,0
9400,61,0
9401,62,0
9402,63,0
9403,62,0
9404,62,0
9405,63,0
9406,63,0
9407,65,0
9408,62,0
9409,62,0
9410,63,0
9411,63,0
9412,64,0
9413,62,0
9414,64,0
9415,63,0
9416,63,0
9417,60,0
9418,62,0
9419,62,0
9420,63,0
9421,63,0
9422,62,0
9423,62,0
9424,66,0
9425,63,0
9426,63,0
9427,62,0
9428,64,0
9429,62,0
9430,65,0
9431,62,0
9432,63,0
9433,63,0
9434,62,0
9435,62,0
9436,63,0
9437,65,0
9438,61,0
9439,64,0
9440,62,0
9441,63,0
9442,65,0
9443,65,0
9444,62,0
9445,62,0
9446,63,0
9447,65,0
9448,65,0
9449,62,0
9450,64,0
9451,61,0
9452,61,0
9453,63,0
9454,62,0
9455,62,0
9456,62,0
9457,61,0
9458,63,0
9459,61,0
9460,65,0
9461,65,0
9462,62,0
9463,62,0
9464,64,0
9465,63,0
9466,63,0
9467,61,0
9468,62,0
9469,62,0
9470,63,0
9471,63,0
9472,63,0
9473,62,0
9474,62,0
9475,62,0
9476,61,0
9477,63,0
9478,65,0
9479,62,0
9480,62,0
9481,61,0
9482,63,0
9483,61,0
9484,62,0
9485,62,0
9486,66,0
9487,61,0
9488,64,0
9489,65,0
9490,61,0
9491,63,0
9492,62,0
9493,62,0
9494,62,0
9495,61,0
9496,61,0
9497,64,0
9498,64,0
9499,64,0
9500,65,0
9501,63,0
9502,62,0
9503,62,0
9504,63,0
9505,63,0
9506,63,0
9507,62,0
9508,62,0
9509,62,0
9510,63,0
9511,65,0
9512,64,0
9513,62,0
9514,60,0
9515,63,0
9516,65,0
9517,61,0
9518,61,0
9519,62,0
9520,62,0
9521,63,0
9522,61,0
9523,63,0
9524,60,0
9525,62,0
9526,62,0
9527,63,0
9528,63,0
9529,62,0
9530,62,0
9531,65,0
9532,61,0
9533,61,0
9534,62,0
9535,62,0
9536,63,0
9537,59,0
9538,65,0
9539,64,0
9540,60,0
9541,60,0
9542,63,0
9543,61,0
9544,62,0
9545,60,0
9546,62,0
9547,62,0
9548,61,0
9549,65,0
9550,62,0
9551,64,0
9552,62,0
9553,63,0
9554,63,0
9555,61,0
9556,62,0
9557,62,0
9558,65,0
9559,61,0
9560,60,0
9561,62,0
9562,64,0
9563,61,0
9564,61,0
9565,65,0
9566,64,0
9567,62,0
9568,60,0
9569,63,0
9570,63,0
9571,62,0
9572,62,0
9573,62,0
9574,62,0
9575,62,0
9576,61,0
9577,63,0
9578,61,0
9579,60,0
9580,62,0
9581,59,0
9582,63,0
9583,63,0
9584,64,0
9585,62,0
9586,64,0
9587,65,0
9588,63,0
9589,61,0
9590,62,0
9591,64,0
9592,61,0
9593,61,0
9594,67,0
9595,62,0
9596,64,0
9597,62,0
9598,63,0
9599,63,0
9600,63,0
9601,62,0
9602,65,0
9603,62,0
9604,64,0
9605,63,0
9606,63,0
9607,63,0
9608,64,0
9609,64,0
9610,64,0
9611,63,0
9612,63,0
9613,61,0
9614,62,0
9615,64,0
9616,63,0
9617,63,0
9618,65,0
9619,62,0
9620,62,0
9621,62,0
9622,63,0
9623,61,0
9624,62,0
9625,62,0
9626,60,0
9627,63,0
9628,65,0
9629,63,0
9630,62,0
9631,64,0
9632,62,0
9633,62,0
9634,61,0
9635,65,0
9636,65,0
9637,62,0
9638,62,0
9639,62,0
9640,63,0
9641,65,0
9642,62,0
9643,62,0
9644,64,0
9645,63,0
9646,63,0
9647,62,0
9648,62,0
9649,61,0
9650,63,0
9651,65,0
9652,62,0
9653,64,0
9654,65,0
9655,67,0
9656,65,0
9657,62,0
9658,62,0
9659,62,0
9660,62,0
9661,61,0
9662,63,0
9663,63,0
9664,60,0
9665,62,0
9666,63,0
9667,63,0
9668,61,0
9669,62,0
9670,62,0
9671,63,0
9672,61,0
9673,63,0
9674,62,0
9675,62,0
9676,61,0
9677,61,0
9678,63,0
9679,62,0
9680,60,0
9681,63,0
9682,63,0
9683,62,0
9684,62,0
9685,62,0
9686,63,0
9687,65,0
9688,65,0
9689,61,0
9690,62,0
9691,62,0
9692,65,0
9693,59,0
9694,63,0
9695,64,0
9696,62,0
9697,61,0
9698,63,0
9699,63,0
9700,64,0
9701,62,0
9702,63,0
9703,63,0
9704,61,0
9705,64,0
9706,62,0
9707,60,0
9708,59,0
9709,61,0
9710,62,0
9711,62,0
9712,61,0
9713,65,0
9714,65,0
9715,63,0
9716,64,0
9717,64,0
9718,64,0
9719,61,0
9720,63,0
9721,64,0
9722,64,0
9723,61,0
9724,63,0
9725,63,0
9726,64,0
9727,62,0
9728,62,0
9729,61,0
9730,63,0
9731,62,0
9732,62,0
9733,59,0
9734,63,0
9735,63,0
9736,62,0
9737,62,0
9738,63,0
9739,61,0
9740,63,0
9741,64,0
9742,64,0
9743,62,0
9744,62,0
9745,65,0
9746,63,0
9747,61,0
9748,60,0
9749,64,0
9750,62,0
9751,65,0
9752,63,0
9753,62,0
9754,62,0
9755,64,0
9756,61,0
9757,63,0
9758,62,0
9759,62,0
9760,64,0
9761,65,0
9762,63,0
9763,65,0
9764,62,0
9765,62,0
9766,63,0
9767,63,0
9768,63,0
9769,62,0
9770,62,0
9771,59,0
9772,63,0
9773,63,0
9774,63,0
9775,65,0
9776,62,0
9777,62,0
9778,65,0
9779,61,0
9780,63,0
9781,62,0
9782,62,0
9783,65,0
9784,65,0
9785,61,0
9786,62,0
9787,64,0
9788,63,0
9789,63,0
9790,65,0
9791,60,0
9792,60,0
9793,62,0
9794,65,0
9795,63,0
9796,62,0
9797,62,0
9798,63,0
9799,61,0
9800,63,0
9801,62,0
9802,62,0
9803,64,0
9804,63,0
9805,65,0
9806,63,0
9807,64,0
9808,62,0
9809,61,0
9810,61,0
9811,63,0
9812,60,0
9813,62,0
9814,63,0
9815,63,0
9816,63,0
9817,62,0
9818,62,0
9819,63,0
9820,63,0
9821,61,0
9822,60,0
9823,62,0
9824,61,0
9825,65,0
9826,62,0
9827,62,0
9828,62,0
9829,61,0
9830,63,0
9831,61,0
9832,63,0
9833,65,0
9834,62,0
9835,64,0
9836,63,0
9837,65,0
9838,65,0
9839,62,0
9840,62,0
9841,61,0
9842,61,0
9843,65,0
9844,62,0
9845,64,0
9846,64,0
9847,59,0
9848,63,0
9849,62,0
9850,62,0
9851,60,0
9852,65,0
9853,63,0
9854,63,0
9855,64,0
9856,64,0
9857,63,0
9858,65,0
9859,65,0
9860,65,0
9861,63,0
9862,62,0
9863,64,0
9864,65,0
9865,63,0
9866,65,0
9867,62,0
9868,64,0
9869,62,0
9870,63,0
9871,67,0
9872,62,0
9873,60,0
9874,64,0
9875,63,0
9876,65,0
9877,61,0
9878,64,0
9879,62,0
9880,65,0
9881,59,0
9882,63,0
9883,64,0
9884,62,0
9885,62,0
9886,61,0
9887,61,0
9888,62,0
9889,63,0
9890,64,0
9891,64,0
9892,62,0
9893,61,0
9894,59,0
9895,64,0
9896,62,0
9897,62,0
9898,63,0
9899,63,0
9900,62,0
9901,62,0
9902,64,0
9903,63,0
9904,61,0
9905,61,0
9906,60,0
9907,62,0
9908,62,0
9909,65,0
9910,63,0
9911,62,0
9912,62,0
9913,64,0
9914,61,0
9915,61,0
9916,64,0
9917,62,0
9918,62,0
9919,64,0
9920,62,0
9921,63,0
9922,61,0
9923,64,0
9924,64,0
9925,60,0
9926,63,0
9927,63,0
9928,62,0
9929,62,0
9930,64,0
9931,63,0
9932,63,0
9933,62,0
9934,60,0
9935,63,0
9936,63,0
9937,64,0
9938,62,0
9939,63,0
9940,63,0
9941,62,0
9942,62,0
9943,63,0
9944,61,0
9945,62,0
9946,62,0
9947,65,0
9948,61,0
9949,62,0
9950,62,0
9951,63,0
9952,63,0
9953,65,0
9954,62,0
9955,62,0
9956,62,0
9957,63,0
9958,61,0
9959,64,0
9960,64,0
9961,64,0
9962,63,0
9963,65,0
9964,62,0
9965,64,0
9966,63,0
9967,65,0
9968,61,0
9969,64,0
9970,62,0
9971,64,0
9972,59,0
9973,61,0
9974,62,0
9975,64,0
9976,62,0
9977,63,0
9978,65,0
9979,63,0
9980,61,0
9981,62,0
9982,62,0
9983,64,0
9984,65,0
9985,63,0
9986,65,0
9987,60,0
9988,62,0
9989,61,0
9990,63,0
9991,63,0
9992,64,0
9993,60,0
9994,61,0
9995,63,0
9996,63,0
9997,62,0
9998,62,0
9999,62,0
10000,65,0
10001,63,0
10002,61,0
10003,63,0
10004,64,0
10005,62,0
10006,62,0
10007,64,0
10008,61,0
10009,63,0
10010,65,0
10011,64,0
10012,64,0
10013,64,0
10014,61,0
10015,61,0
10016,62,0
10017,64,0
10018,62,0
10019,63,0
10020,65,0
10021,63,0
10022,62,0
10023,64,0
10024,62,0
10025,63,0
10026,65,0
10027,63,0
10028,64,0
10029,62,0
10030,64,0
10031,61,0
10032,63,0
10033,61,0
10034,62,0
10035,65,0
10036,64,0
10037,64,0
10038,61,0
10039,61,0
10040,62,0
10041,62,0
10042,63,0
10043,61,0
10044,61,0
10045,62,0
10046,62,0
10047,63,0
10048,61,0
10049,65,0
10050,62,0
10051,62,0
10052,62,0
10053,63,0
10054,65,0
10055,63,0
10056,62,0
10057,62,0
10058,62,0
10059,61,0
10060,63,0
10061,62,0
10062,64,0
10063,62,0
10064,62,0
10065,61,0
10066,61,0
10067,63,0
10068,64,0
10069,64,0
10070,64,0
10071,65,0
10072,63,0
10073,63,0
10074,64,0
10075,62,0
10076,62,0
10077,65,0
10078,61,0
10079,65,0
10080,62,0
10081,62,0
10082,64,0
10083,63,0
10084,61,0
10085,65,0
10086,62,0
10087,64,0
10088,62,0
10089,63,0
10090,63,0
10091,63,0
10092,64,0
10093,64,0
10094,64,0
10095,65,0
10096,63,0
10097,67,0
10098,64,0
10099,62,0
10100,63,0
10101,63,0
10102,65,0
10103,64,0
10104,62,0
10105,64,0
10106,63,0
10107,63,0
10108,61,0
10109,62,0
10110,64,0
10111,64,0
10112,63,0
10113,63,0
10114,62,0
10115,64,0
10116,65,0
10117,65,0
10118,62,0
10119,63,0
10120,62,0
10121,62,0
10122,63,0
10123,63,0
10124,65,0
10125,62,0
10126,62,0
10127,63,0
10128,61,0
10129,63,0
10130,62,0
10131,62,0
10132,62,0
10133,61,0
10134,63,0
10135,62,0
10136,62,0
10137,64,0
10138,61,0
10139,63,0
10140,61,0
10141,62,0
10142,60,0
10143,62,0
10144,62,0
10145,63,0
10146,63,0
10147,62,0
10148,64,0
10149,64,0
10150,65,0
10151,65,0
10152,62,0
10153,62,0
10154,62,0
10155,63,0
10156,61,0
10157,59,0
10158,62,0
10159,64,0
10160,63,0
10161,61,0
10162,63,0
10163,62,0
10164,60,0
10165,61,0
10166,63,0
10167,61,0
10168,60,0
10169,62,0
10170,62,0
10171,63,0
10172,65,0
10173,63,0
10174,62,0
10175,62,0
10176,60,0
10177,61,0
10178,61,0
10179,64,0
10180,60,0
10181,62,0
10182,59,0
10183,61,0
10184,62,0
10185,62,0
10186,61,0
10187,63,0
10188,63,0
10189,62,0
10190,62,0
10191,63,0
10192,61,0
10193,63,0
10194,62,0
10195,62,0
10196,63,0
10197,61,0
10198,63,0
10199,61,0
10200,62,0
10201,62,0
10202,65,0
10203,59,0
10204,62,0
10205,60,0
10206,62,0
10207,63,0
10208,63,0
10209,61,0
10210,62,0
10211,62,0
10212,61,0
10213,65,0
10214,62,0
10215,60,0
10216,64,0
10217,65,0
10218,61,0
10219,62,0
10220,62,0
10221,62,0
10222,59,0
10223,61,0
10224,63,0
10225,62,0
10226,63,0
10227,62,0
10228,64,0
10229,65,0
10230,65,0
10231,61,0
10232,64,0
10233,62,0
10234,65,0
10235,65,0
10236,61,0
10237,62,0
10238,62,0
10239,61,0
10240,63,0
10241,61,0
10242,64,0
10243,62,0
10244,64,0
10245,63,0
10246,61,0
10247,62,0
10248,62,0
10249,62,0
10250,63,0
10251,63,0
10252,63,0
10253,60,0
10254,60,0
10255,61,0
10256,64,0
10257,63,0
10258,61,0
10259,62,0
10260,62,0
10261,62,0
10262,64,0
10263,61,0
10264,63,0
10265,60,0
10266,62,0
10267,60,0
10268,65,0
10269,61,0
10270,62,0
10271,64,0
10272,62,0
10273,61,0
10274,65,0
10275,62,0
10276,64,0
10277,64,0
10278,65,0
10279,61,0
10280,61,0
10281,62,0
10282,62,0
10283,63,0
10284,63,0
10285,63,0
10286,62,0
10287,62,0
10288,61,0
10289,61,0
10290,65,0
10291,61,0
10292,60,0
10293,62,0
10294,64,0
10295,61,0
10296,61,0
10297,63,0
10298,62,0
10299,62,0
10300,63,0
10301,63,0
10302,65,0
10303,62,0
10304,62,0
10305,63,0
10306,63,0
10307,60,0
10308,62,0
10309,60,0
10310,63,0
10311,59,0
10312,62,0
10313,62,0
10314,60,0
10315,63,0
10316,63,0
10317,62,0
10318,60,0
10319,62,0
10320,63,0
10321,63,0
10322,63,0
10323,62,0
10324,60,0
10325,62,0
10326,63,0
10327,61,0
10328,62,0
10329,62,0
10330,63,0
10331,63,0
10332,63,0
10333,62,0
10334,62,0
10335,62,0
10336,61,0
10337,63,0
10338,62,0
10339,62,0
10340,63,0
10341,61,0
10342,63,0
10343,64,0
10344,62,0
10345,65,0
10346,61,0
10347,65,0
10348,62,0
10349,64,0
10350,61,0
10351,59,0
10352,65,0
10353,63,0
10354,60,0
10355,62,0
10356,62,0
10357,63,0
10358,63,0
10359,62,0
10360,62,0
10361,63,0
10362,63,0
10363,63,0
10364,62,0
10365,60,0
10366,62,0
10367,63,0
10368,61,0
10369,65,0
10370,62,0
10371,60,0
10372,65,0
10373,61,0
10374,61,0
10375,62,0
10376,62,0
10377,63,0
10378,61,0
10379,61,0
10380,62,0
10381,62,0
10382,62,0
10383,62,0
10384,63,0
10385,61,0
10386,63,0
10387,60,0
10388,60,0
10389,60,0
10390,59,0
10391,59,0
10392,62,0
10393,62,0
10394,60,0
10395,59,0
10396,63,0
10397,61,0
10398,62,0
10399,62,0
10400,63,0
10401,63,0
10402,63,0
10403,61,0
10404,62,0
10405,62,0
10406,62,0
10407,63,0
10408,59,0
10409,62,0
10410,62,0
10411,64,0
10412,62,0
10413,61,0
10414,61,0
10415,62,0
10416,62,0
10417,62,0
10418,61,0
10419,63,0
10420,65,0
10421,62,0
10422,62,0
10423,59,0
10424,63,0
10425,61,0
10426,62,0
10427,62,0
10428,63,0
10429,65,0
10430,63,0
10431,62,0
10432,62,0
10433,65,0
10434,65,0
10435,62,0
10436,64,0
10437,62,0
10438,61,0
10439,61,0
10440,62,0
10441,62,0
10442,62,0
10443,61,0
10444,61,0
10445,63,0
10446,62,0
10447,62,0
10448,60,0
10449,59,0
10450,63,0
10451,62,0
10452,62,0
10453,62,0
10454,63,0
10455,59,0
10456,60,0
10457,64,0
10458,60,0
10459,61,0
10460,61,0
10461,62,0
10462,62,0
10463,63,0
10464,61,0
10465,61,0
10466,60,0
10467,62,0
10468,63,0
10469,61,0
10470,60,0
10471,62,0
10472,62,0
10473,61,0
10474,65,0
10475,61,0
10476,63,0
10477,64,0
10478,62,0
10479,64,0
10480,63,0
10481,61,0
10482,63,0
10483,62,0
10484,64,0
10485,64,0
10486,63,0
10487,61,0
10488,64,0
10489,62,0
10490,64,0
10491,63,0
10492,63,0
10493,64,0
10494,64,0
10495,63,0
10496,61,0
10497,63,0
10498,62,0
10499,64,0
10500,62,0
10501,63,0
10502,63,0
10503,63,0
10504,64,0
10505,62,0
10506,62,0
10507,63,0
10508,61,0
10509,62,0
10510,62,0
10511,64,0
10512,63,0
10513,65,0
10514,63,0
10515,62,0
10516,62,0
10517,63,0
10518,61,0
10519,63,0
10520,64,0
10521,64,0
10522,63,0
10523,63,0
10524,63,0
10525,62,0
10526,62,0
10527,64,0
10528,63,0
10529,61,0
10530,62,0
10531,64,0
10532,64,0
10533,62,0
10534,63,0
10535,65,0
10536,61,0
10537,62,0
10538,64,0
10539,63,0
10540,63,0
10541,64,0
10542,64,0
10543,62,0
10544,65,0
10545,63,0
10546,61,0
10547,62,0
10548,62,0
10549,63,0
10550,63,0
10551,62,0
10552,62,0
10553,64,0
10554,65,0
10555,61,0
10556,64,0
10557,62,0
10558,64,0
10559,61,0
10560,65,0
10561,64,0
10562,64,0
10563,62,0
10564,62,0
10565,65,0
10566,65,0
10567,64,0
10568,62,0
10569,64,0
10570,65,0
10571,65,0
10572,62,0
10573,62,0
10574,63,0
10575,63,0
10576,64,0
10577,62,0
10578,62,0
10579,61,0
10580,65,0
10581,63,0
10582,62,0
10583,62,0
10584,63,0
10585,63,0
10586,62,0
10587,64,0
10588,63,0
10589,61,0
10590,63,0
10591,62,0
10592,64,0
10593,64,0
10594,65,0
10595,63,0
10596,63,0
10597,62,0
10598,62,0
10599,63,0
10600,63,0
10601,62,0
10602,62,0
10603,62,0
10604,65,0
10605,63,0
10606,62,0
10607,62,0
10608,62,0
10609,63,0
10610,61,0
10611,62,0
10612,64,0
10613,64,0
10614,61,0
10615,61,0
10616,62,0
10617,62,0
10618,62,0
10619,65,0
10620,63,0
10621,62,0
10622,65,0
10623,62,0
10624,62,0
10625,62,0
10626,63,0
10627,63,0
10628,64,0
10629,64,0
10630,61,0
10631,61,0
10632,65,0
10633,62,0
10634,62,0
10635,65,0
10636,63,0
10637,63,0
10638,64,0
10639,64,0
10640,62,0
10641,61,0
10642,65,0
10643,62,0
10644,64,0
10645,64,0
10646,63,0
10647,67,0
10648,65,0
10649,62,0
10650,64,0
10651,64,0
10652,63,0
10653,63,0
10654,65,0
10655,62,0
10656,62,0
10657,63,0
10658,65,0
10659,65,0
10660,62,0
10661,62,0
10662,63,0
10663,67,0
10664,61,0
10665,63,0
10666,64,0
10667,62,0
10668,63,0
10669,65,0
10670,61,0
10671,62,0
10672,62,0
10673,63,0
10674,63,0
10675,62,0
10676,62,0
10677,62,0
10678,61,0
10679,61,0
10680,61,0
10681,61,0
10682,64,0
10683,62,0
10684,62,0
10685,61,0
10686,65,0
10687,64,0
10688,62,0
10689,63,0
10690,63,0
10691,61,0
10692,63,0
10693,63,0
10694,63,0
10695,63,0
10696,63,0
10697,62,0
10698,62,0
10699,60,0
10700,63,0
10701,61,0
10702,60,0
10703,60,0
10704,62,0
10705,59,0
10706,61,0
10707,62,0
10708,60,0
10709,63,0
10710,63,0
10711,62,0
10712,62,0
10713,61,0
10714,65,0
10715,62,0
10716,62,0
10717,63,0
10718,61,0
10719,62,0
10720,63,0
10721,62,0
10722,62,0
10723,63,0
10724,65,0
10725,63,0
10726,64,0
10727,62,0
10728,63,0
10729,65,0
10730,64,0
10731,62,0
10732,61,0
10733,65,0
10734,64,0
10735,64,0
10736,61,0
10737,65,0
10738,63,0
10739,62,0
10740,64,0
10741,64,0
10742,65,0
10743,63,0
10744,64,0
10745,62,0
10746,61,0
10747,63,0
10748,65,0
10749,62,0
10750,64,0
10751,65,0
10752,63,0
10753,63,0
10754,65,0
10755,64,0
10756,62,0
10757,63,0
10758,63,0
10759,65,0
10760,65,0
10761,64,0
10762,62,0
10763,61,0
10764,65,0
10765,62,0
10766,64,0
10767,63,0
10768,65,0
10769,65,0
10770,62,0
10771,62,0
10772,64,0
10773,63,0
10774,63,0
10775,63,0
10776,62,0
10777,62,0
10778,63,0
10779,63,0
10780,63,0
10781,62,0
10782,64,0
10783,63,0
10784,61,0
10785,65,0
10786,61,0
10787,62,0
10788,64,0
10789,61,0
10790,63,0
10791,63,0
10792,64,0
10793,64,0
10794,63,0
10795,63,0
10796,62,0
10797,62,0
10798,61,0
10799,63,0
10800,63,0
10801,64,0
10802,64,0
10803,65,0
10804,61,0
10805,62,0
10806,62,0
10807,62,0
10808,63,0
10809,63,0
10810,64,0
10811,62,0
10812,63,0
10813,62,0
10814,63,0
10815,61,0
10816,62,0
10817,62,0
10818,63,0
10819,61,0
10820,59,0
10821,60,0
10822,62,0
10823,63,0
10824,63,0
10825,62,0
10826,60,0
10827,61,0
10828,63,0
10829,63,0
10830,60,0
10831,60,0
10832,64,0
10833,61,0
10834,61,0
10835,60,0
10836,62,0
10837,63,0
10838,63,0
10839,61,0
10840,62,0
10841,60,0
10842,64,0
10843,62,0
10844,63,0
10845,61,0
10846,65,0
10847,62,0
10848,62,0
10849,61,0
10850,61,0
10851,61,0
10852,62,0
10853,64,0
10854,63,0
10855,63,0
10856,61,0
10857,62,0
10858,62,0
10859,65,0
10860,61,0
10861,63,0
10862,62,0
10863,62,0
10864,62,0
10865,61,0
10866,65,0
10867,63,0
10868,64,0
10869,64,0
10870,61,0
10871,62,0
10872,63,0
10873,65,0
10874,63,0
10875,62,0
10876,64,0
10877,62,0
10878,61,0
10879,61,0
10880,62,0
10881,62,0
10882,62,0
10883,65,0
10884,65,0
10885,64,0
10886,62,0
10887,62,0
10888,65,0
10889,63,0
10890,64,0
10891,62,0
10892,64,0
10893,61,0
10894,63,0
10895,65,0
10896,62,0
10897,64,0
10898,65,0
10899,63,0
10900,63,0
10901,63,0
10902,63,0
10903,62,0
10904,62,0
10905,61,0
10906,63,0
10907,63,0
10908,64,0
10909,62,0
10910,65,0
10911,65,0
10912,63,0
10913,64,0
10914,64,0
10915,62,0
10916,63,0
10917,63,0
10918,63,0
10919,62,0
10920,64,0
10921,61,0
10922,63,0
10923,65,0
10924,64,0
10925,64,0
10926,63,0
10927,63,0
10928,62,0
10929,62,0
10930,62,0
10931,61,0
10932,62,0
10933,61,0
10934,61,0
10935,63,0
10936,62,0
10937,60,0
10938,62,0
10939,63,0
10940,59,0
10941,64,0
10942,62,0
10943,63,0
10944,61,0
10945,63,0
10946,64,0
10947,62,0
10948,63,0
10949,63,0
10950,60,0
10951,62,0
10952,60,0
10953,63,0
10954,63,0
10955,62,0
10956,62,0
10957,62,0
10958,61,0
10959,63,0
10960,63,0
10961,61,0
10962,61,0
10963,62,0
10964,62,0
10965,63,0
10966,63,0
10967,63,0
10968,62,0
10969,62,0
10970,63,0
10971,63,0
10972,63,0
10973,64,0
10974,62,0
10975,61,0
10976,63,0
10977,62,0
10978,62,0
10979,63,0
10980,63,0
10981,62,0
10982,62,0
10983,62,0
10984,63,0
10985,63,0
10986,64,0
10987,62,0
10988,62,0
10989,62,0
10990,65,0
10991,61,0
10992,62,0
10993,62,0
10994,63,0
10995,63,0
10996,62,0
10997,62,0
10998,63,0
10999,61,0
11000,63,0
11001,62,0
11002,62,0
11003,63,0
11004,63,0
11005,64,0
11006,62,0
11007,65,0
11008,65,0
11009,62,0
11010,64,0
11011,63,0
11012,65,0
11013,62,0
11014,64,0
11015,64,0
11016,61,0
11017,65,0
11018,62,0
11019,64,0
11020,62,0
11021,64,0
11022,62,0
11023,63,0
11024,63,0
11025,64,0
11026,62,0
11027,61,0
11028,65,0
11029,64,0
11030,62,0
11031,64,0
11032,63,0
11033,63,0
11034,64,0
11035,62,0
11036,63,0
11037,63,0
11038,63,0
11039,62,0
11040,62,0
11041,61,0
11042,61,0
11043,62,0
11044,62,0
11045,62,0
11046,65,0
11047,63,0
11048,64,0
11049,65,0
11050,64,0
11051,62,0
11052,62,0
11053,63,0
11054,63,0
11055,62,0
11056,64,0
11057,63,0
11058,63,0
11059,62,0
11060,62,0
11061,62,0
11062,63,0
11063,65,0
11064,63,0
11065,62,0
11066,62,0
11067,65,0
11068,65,0
11069,62,0
11070,64,0
11071,63,0
11072,61,0
11073,62,0
11074,62,0
11075,65,0
11076,63,0
11077,65,0
11078,62,0
11079,62,0
11080,64,0
11081,62,0
11082,65,0
11083,65,0
11084,64,0
11085,64,0
11086,63,0
11087,61,0
11088,62,0
11089,62,0
11090,63,0
11091,65,0
11092,63,0
11093,62,0
11094,62,0
11095,63,0
11096,65,0
11097,62,0
11098,62,0
11099,65,0
11100,63,0
11101,62,0
11102,62,0
11103,63,0
11104,61,0
11105,62,0
11106,64,0
11107,62,0
11108,64,0
11109,63,0
11110,63,0
11111,64,0
11112,62,0
11113,63,0
11114,63,0
11115,63,0
11116,62,0
11117,62,0
11118,61,0
11119,63,0
11120,62,0
11121,62,0
11122,65,0
11123,61,0
11124,62,0
11125,62,0
11126,65,0
11127,63,0
11128,63,0
11129,64,0
11130,62,0
11131,65,0
11132,65,0
11133,64,0
11134,64,0
11135,63,0
11136,61,0
11137,61,0
11138,65,0
11139,62,0
11140,62,0
11141,61,0
11142,61,0
11143,62,0
11144,62,0
11145,62,0
11146,63,0
11147,67,0
11148,62,0
11149,64,0
11150,62,0
11151,63,0
11152,63,0
11153,64,0
11154,62,0
11155,65,0
11156,63,0
11157,61,0
11158,62,0
11159,62,0
11160,63,0
11161,63,0
11162,64,0
11163,62,0
11164,62,0
11165,66,0
11166,63,0
11167,63,0
11168,63,0
11169,62,0
11170,62,0
11171,63,0
11172,63,0
11173,64,0
11174,64,0
11175,64,0
11176,63,0
11177,61,0
11178,64,0
11179,62,0
11180,63,0
11181,63,0
11182,64,0
11183,62,0
11184,62,0
11185,61,0
11186,63,0
11187,62,0
11188,62,0
11189,63,0
11190,63,0
11191,65,0
11192,61,0
11193,64,0
11194,62,0
11195,62,0
11196,63,0
11197,61,0
11198,62,0
11199,62,0
11200,63,0
11201,63,0
11202,63,0
11203,62,0
11204,62,0
11205,65,0
11206,63,0
11207,64,0
11208,62,0
11209,65,0
11210,61,0
11211,62,0
11212,62,0
11213,61,0
11214,63,0
11215,62,0
11216,62,0
11217,64,0
11218,65,0
11219,61,0
11220,61,0
11221,63,0
11222,62,0
11223,62,0
11224,61,0
11225,61,0
11226,62,0
11227,62,0
11228,62,0
11229,63,0
11230,63,0
11231,62,0
11232,62,0
11233,62,0
11234,63,0
11235,61,0
11236,62,0
11237,62,0
11238,63,0
11239,65,0
11240,63,0
11241,64,0
11242,62,0
11243,63,0
11244,61,0
11245,62,0
11246,62,0
11247,63,0
11248,62,0
11249,63,0
11250,63,0
11251,63,0
11252,62,0
11253,62,0
11254,64,0
11255,61,0
11256,63,0
11257,60,0
11258,62,0
11259,60,0
11260,63,0
11261,63,0
11262,62,0
11263,62,0
11264,62,0
11265,61,0
11266,61,0
11267,65,0
11268,62,0
11269,64,0
11270,65,0
11271,65,0
11272,63,0
11273,62,0
11274,62,0
11275,61,0
11276,59,0
11277,63,0
11278,63,0
11279,59,0
11280,62,0
11281,60,0
11282,62,0
11283,64,0
11284,61,0
11285,65,0
11286,62,0
11287,62,0
11288,62,0
11289,63,0
11290,61,0
11291,63,0
11292,62,0
11293,62,0
11294,60,0
11295,59,0
11296,61,0
11297,60,0
11298,60,0
11299,64,0
11300,63,0
11301,65,0
11302,63,0
11303,62,0
11304,62,0
11305,64,0
11306,63,0
11307,61,0
11308,64,0
11309,63,0
11310,65,0
11311,64,0
11312,64,0
11313,64,0
11314,63,0
11315,63,0
11316,64,0
11317,60,0
11318,64,0
11319,65,0
11320,61,0
11321,62,0
11322,64,0
11323,62,0
11324,63,0
11325,63,0
11326,61,0
11327,62,0
11328,62,0
11329,63,0
11330,63,0
11331,65,0
11332,62,0
11333,60,0
11334,63,0
11335,63,0
11336,61,0
11337,64,0
11338,60,0
11339,62,0
11340,62,0
11341,61,0
11342,63,0
11343,61,0
11344,60,0
11345,60,0
11346,62,0
11347,59,0
11348,61,0
11349,60,0
11350,62,0
11351,60,0
11352,63,0
11353,63,0
11354,60,0
11355,62,0
11356,63,0
11357,61,0
11358,61,0
11359,62,0
11360,62,0
11361,61,0
11362,63,0
11363,63,0
11364,62,0
11365,63,0
11366,62,0
11367,62,0
11368,62,0
11369,61,0
11370,59,0
11371,60,0
11372,64,0
11373,63,0
11374,63,0
11375,61,0
11376,62,0
11377,62,0
11378,63,0
11379,63,0
11380,63,0
11381,60,0
11382,62,0
11383,61,0
11384,63,0
11385,62,0
11386,62,0
11387,64,0
11388,65,0
11389,63,0
11390,62,0
11391,64,0
11392,62,0
11393,63,0
11394,61,0
11395,63,0
11396,63,0
11397,64,0
11398,62,0
11399,60,0
11400,65,0
11401,63,0
11402,63,0
11403,62,0
11404,62,0
11405,63,0
11406,61,0
11407,61,0
11408,64,0
11409,62,0
11410,61,0
11411,61,0
11412,63,0
11413,62,0
11414,64,0
11415,62,0
11416,63,0
11417,63,0
11418,61,0
11419,62,0
11420,62,0
11421,65,0
11422,62,0
11423,63,0
11424,63,0
11425,63,0
11426,62,0
11427,62,0
11428,62,0
11429,63,0
11430,63,0
11431,63,0
11432,62,0
11433,61,0
11434,66,0
11435,62,0
11436,64,0
11437,60,0
11438,64,0
11439,62,0
11440,61,0
11441,61,0
11442,62,0
11443,64,0
11444,60,0
11445,61,0
11446,61,0
11447,62,0
11448,62,0
11449,62,0
11450,63,0
11451,63,0
11452,64,0
11453,60,0
11454,62,0
11455,61,0
11456,65,0
11457,61,0
11458,62,0
11459,64,0
11460,62,0
11461,62,0
11462,59,0
11463,63,0
11464,62,0
11465,62,0
11466,61,0
11467,61,0
11468,60,0
11469,62,0
11470,63,0
11471,63,0
11472,60,0
11473,62,0
11474,61,0
11475,61,0
11476,64,0
11477,62,0
11478,63,0
11479,61,0
11480,62,0
11481,62,0
11482,63,0
11483,59,0
11484,60,0
11485,62,0
11486,62,0
11487,63,0
11488,63,0
11489,62,0
11490,62,0
11491,61,0
11492,65,0
11493,62,0
11494,61,0
11495,63,0
11496,62,0
11497,62,0
11498,63,0
11499,63,0
11500,62,0
11501,62,0
11502,61,0
11503,63,0
11504,62,0
11505,62,0
11506,61,0
11507,61,0
11508,62,0
11509,62,0
11510,61,0
11511,65,0
11512,62,0
11513,62,0
11514,62,0
11515,65,0
11516,63,0
11517,64,0
11518,62,0
11519,61,0
11520,61,0
11521,64,0
11522,62,0
11523,63,0
11524,63,0
11525,62,0
11526,62,0
11527,63,0
11528,61,0
11529,62,0
11530,62,0
11531,65,0
11532,61,0
11533,62,0
11534,62,0
11535,65,0
11536,61,0
11537,62,0
11538,64,0
11539,61,0
11540,67,0
11541,63,0
11542,62,0
11543,64,0
11544,61,0
11545,63,0
11546,62,0
11547,62,0
11548,61,0
11549,63,0
11550,64,0
11551,64,0
11552,65,0
11553,61,0
11554,64,0
11555,64,0
11556,63,0
11557,63,0
11558,64,0
11559,64,0
11560,63,0
11561,63,0
11562,62,0
11563,62,0
11564,65,0
11565,63,0
11566,64,0
11567,62,0
11568,63,0
11569,65,0
11570,61,0
11571,62,0
11572,64,0
11573,63,0
11574,61,0
11575,62,0
11576,62,0
11577,63,0
11578,61,0
11579,62,0
11580,64,0
11581,63,0
11582,63,0
11583,62,0
11584,62,0
11585,65,0
11586,65,0
11587,64,0
11588,65,0
11589,61,0
11590,63,0
11591,64,0
11592,62,0
11593,63,0
11594,63,0
11595,62,0
11596,64,0
11597,62,0
11598,63,0
11599,63,0
11600,64,0
11601,64,0
11602,63,0
11603,61,0
11604,64,0
11605,64,0
11606,65,0
11607,65,0
11608,62,0
11609,62,0
11610,63,0
11611,65,0
11612,62,0
11613,62,0
11614,65,0
11615,62,0
11616,64,0
11617,63,0
11618,65,0
11619,62,0
11620,62,0
11621,63,0
11622,63,0
11623,61,0
11624,65,0
11625,62,0
11626,63,0
11627,65,0
11628,62,0
11629,62,0
11630,61,0
11631,61,0
11632,62,0
11633,62,0
11634,61,0
11635,63,0
11636,62,0
11637,62,0
11638,63,0
11639,63,0
11640,62,0
11641,62,0
11642,63,0
11643,65,0
11644,62,0
11645,62,0
11646,65,0
11647,63,0
11648,64,0
11649,62,0
11650,61,0
11651,62,0
11652,65,0
11653,62,0
11654,62,0
11655,65,0
11656,65,0
11657,62,0
11658,62,0
11659,61,0
11660,65,0
11661,62,0
11662,62,0
11663,65,0
11664,61,0
11665,62,0
11666,62,0
11667,63,0
11668,63,0
11669,62,0
11670,62,0
11671,63,0
11672,63,0
11673,64,0
11674,62,0
11675,65,0
11676,63,0
11677,62,0
11678,64,0
11679,64,0
11680,62,0
11681,63,0
11682,61,0
11683,64,0
11684,64,0
11685,65,0
11686,61,0
11687,64,0
11688,62,0
11689,63,0
11690,65,0
11691,62,0
11692,64,0
11693,64,0
11694,63,0
11695,61,0
11696,64,0
11697,62,0
11698,65,0
11699,63,0
11700,62,0
11701,64,0
11702,61,0
11703,62,0
11704,64,0
11705,63,0
11706,62,0
11707,63,0
11708,63,0
11709,62,0
11710,62,0
11711,61,0
11712,65,0
11713,62,0
11714,62,0
11715,61,0
11716,65,0
11717,62,0
11718,62,0
11719,61,0
11720,62,0
11721,64,0
11722,65,0
11723,61,0
11724,62,0
11725,62,0
11726,63,0
11727,61,0
11728,62,0
11729,62,0
11730,65,0
11731,61,0
11732,62,0
11733,62,0
11734,62,0
11735,65,0
11736,62,0
11737,62,0
11738,65,0
11739,63,0
11740,62,0
11741,62,0
11742,61,0
11743,63,0
11744,62,0
11745,62,0
11746,65,0
11747,63,0
11748,62,0
11749,63,0
11750,63,0
11751,62,0
11752,62,0
11753,63,0
11754,61,0
11755,62,0
11756,64,0
11757,63,0
11758,63,0
11759,62,0
11760,63,0
11761,61,0
11762,61,0
11763,64,0
11764,62,0
11765,63,0
11766,63,0
11767,62,0
11768,62,0
11769,63,0
11770,63,0
11771,62,0
11772,62,0
11773,61,0
11774,62,0
11775,62,0
11776,63,0
11777,63,0
11778,62,0
11779,62,0
11780,63,0
11781,63,0
11782,62,0
11783,62,0
11784,65,0
11785,63,0
11786,62,0
11787,64,0
11788,63,0
11789,63,0
11790,65,0
11791,62,0
11792,62,0
11793,61,0
11794,65,0
11795,62,0
11796,64,0
11797,65,0
11798,63,0
11799,62,0
11800,62,0
11801,65,0
11802,65,0
11803,62,0
11804,64,0
11805,61,0
11806,65,0
11807,64,0
11808,63,0
11809,63,0
11810,62,0
11811,62,0
11812,65,0
11813,65,0
11814,62,0
11815,62,0
11816,61,0
11817,61,0
11818,61,0
11819,61,0
11820,64,0
11821,62,0
11822,63,0
11823,61,0
11824,64,0
11825,64,0
11826,63,0
11827,61,0
11828,62,0
11829,62,0
11830,65,0
11831,61,0
11832,62,0
11833,64,0
11834,61,0
11835,65,0
11836,64,0
11837,63,0
11838,63,0
11839,62,0
11840,64,0
11841,65,0
11842,61,0
11843,62,0
11844,62,0
11845,63,0
11846,65,0
11847,61,0
11848,62,0
11849,62,0
11850,61,0
11851,61,0
11852,64,0
11853,62,0
11854,63,0
11855,63,0
11856,64,0
11857,64,0
11858,61,0
11859,63,0
11860,64,0
11861,62,0
11862,65,0
11863,61,0
11864,62,0
11865,62,0
11866,65,0
11867,62,0
11868,64,0
11869,65,0
11870,65,0
11871,64,0
11872,64,0
11873,62,0
11874,63,0
11875,63,0
11876,62,0
11877,62,0
11878,65,0
11879,63,0
11880,64,0
11881,63,0
11882,63,0
11883,62,0
11884,62,0
11885,63,0
11886,63,0
11887,62,0
11888,62,0
11889,63,0
11890,64,0
11891,62,0
11892,63,0
11893,65,0
11894,62,0
11895,62,0
11896,65,0
11897,65,0
11898,62,0
11899,62,0
11900,63,0
11901,65,0
11902,62,0
11903,62,0
11904,65,0
11905,61,0
11906,62,0
11907,62,0
11908,65,0
11909,61,0
11910,62,0
11911,62,0
11912,63,0
11913,65,0
11914,64,0
11915,62,0
11916,61,0
11917,63,0
11918,62,0
11919,62,0
11920,65,0
11921,62,0
11922,62,0
11923,61,0
11924,61,0
11925,64,0
11926,64,0
11927,65,0
11928,63,0
11929,61,0
11930,64,0
11931,62,0
11932,63,0
11933,63,0
11934,62,0
11935,62,0
11936,65,0
11937,63,0
11938,62,0
11939,64,0
11940,63,0
11941,65,0
11942,62,0
11943,64,0
11944,63,0
11945,63,0
11946,63,0
11947,64,0
11948,62,0
11949,63,0
11950,63,0
11951,62,0
11952,62,0
11953,61,0
11954,63,0
11955,63,0
11956,64,0
11957,64,0
11958,63,0
11959,65,0
11960,64,0
11961,62,0
11962,62,0
11963,61,0
11964,65,0
11965,64,0
11966,64,0
11967,63,0
11968,63,0
11969,64,0
11970,64,0
11971,61,0
11972,65,0
11973,62,0
11974,62,0
11975,63,0
11976,61,0
11977,63,0
11978,62,0
11979,63,0
11980,65,0
11981,63,0
11982,63,0
11983,62,0
11984,62,0
11985,61,0
11986,65,0
11987,62,0
11988,64,0
11989,62,0
11990,61,0
11991,65,0
11992,64,0
11993,62,0
11994,65,0
11995,61,0
11996,62,0
11997,64,0
11998,63,0
11999,61,0
12000,62,0
12001,62,0
12002,63,0
12003,63,0
12004,62,0
12005,62,0
12006,63,0
12007,63,0
12008,63,0
12009,64,0
12010,62,0
12011,63,0
12012,63,0
12013,62,0
12014,62,0
12015,63,0
12016,65,0
12017,62,0
12018,62,0
12019,63,0
12020,63,0
12021,64,0
12022,62,0
12023,65,0
12024,62,0
12025,64,0
12026,63,0
12027,63,0
12028,64,0
12029,64,0
12030,63,0
12031,63,0
12032,62,0
12033,62,0
12034,63,0
12035,63,0
12036,63,0
12037,62,0
12038,65,0
12039,63,0
12040,64,0
12041,62,0
12042,63,0
12043,61,0
12044,62,0
12045,64,0
12046,61,0
12047,65,0
12048,62,0
12049,62,0
12050,63,0
12051,61,0
12052,61,0
12053,62,0
12054,62,0
12055,61,0
12056,61,0
12057,64,0
12058,64,0
12059,65,0
12060,62,0
12061,187,1
12062,56,0
12063,58,0
12064,58,0
12065,59,0
12066,59,0
12067,58,0
12068,58,0
12069,56,0
12070,59,0
12071,58,0
12072,56,0
12073,56,0
12074,57,0
12075,58,0
12076,56,0
12077,56,0
12078,59,0
12079,58,0
12080,56,0
12081,56,0
12082,59,0
12083,61,0
12084,58,0
12085,58,0
12086,55,0
12087,57,0
12088,59,0
12089,59,0
12090,58,0
12091,58,0
12092,57,0
12093,57,0
12094,60,0
12095,58,0
12096,57,0
12097,57,0
12098,56,0
12099,58,0
12100,59,0
12101,57,0
12102,58,0
12103,60,0
12104,59,0
12105,59,0
12106,58,0
12107,60,0
12108,55,0
12109,57,0
12110,58,0
12111,58,0
12112,59,0
12113,59,0
12114,58,0
12115,58,0
12116,58,0
12117,60,0
12118,59,0
12119,58,0
12120,56,0
12121,56,0
12122,59,0
12123,58,0
12124,58,0
12125,58,0
12126,57,0
12127,60,0
12128,58,0
12129,60,0
12130,57,0
12131,60,0
12132,58,0
12133,56,0
12134,57,0
12135,58,0
12136,58,0
12137,55,0
12138,59,0
12139,56,0
12140,58,0
12141,55,0
12142,57,0
12143,58,0
12144,58,0
12145,58,0
12146,59,0
12147,57,0
12148,58,0
12149,58,0
12150,57,0
12151,59,0
12152,58,0
12153,56,0
12154,57,0
12155,59,0
12156,58,0
12157,58,0
12158,59,0
12159,56,0
12160,58,0
12161,57,0
12162,57,0
12163,58,0
12164,56,0
12165,57,0
12166,57,0
12167,56,0
12168,56,0
12169,57,0
12170,57,0
12171,56,0
12172,56,0
12173,57,0
12174,61,0
12175,57,0
12176,60,0
12177,64,0
12178,64,0
12179,64,0
12180,62,0
12181,62,0
12182,62,0
12183,61,0
12184,63,0
12185,63,0
12186,62,0
12187,62,0
12188,64,0
12189,61,0
12190,65,0
12191,63,0
12192,62,0
12193,62,0
12194,62,0
12195,63,0
12196,63,0
12197,63,0
12198,62,0
12199,62,0
12200,62,0
12201,62,0
12202,62,0
12203,63,0
12204,63,0
12205,62,0
12206,62,0
12207,62,0
12208,63,0
12209,61,0
12210,60,0
12211,62,0
12212,62,0
12213,61,0
12214,63,0
12215,64,0
12216,60,0
12217,62,0
12218,61,0
12219,61,0
12220,62,0
12221,60,0
12222,62,0
12223,63,0
12224,65,0
12225,62,0
12226,61,0
12227,62,0
12228,64,0
12229,63,0
12230,65,0
12231,62,0
12232,64,0
12233,62,0
12234,63,0
12235,63,0
12236,60,0
12237,64,0
12238,63,0
12239,63,0
12240,59,0
12241,63,0
12242,62,0
12243,62,0
12244,65,0
12245,61,0
12246,62,0
12247,62,0
12248,62,0
12249,63,0
12250,63,0
12251,62,0
12252,60,0
12253,63,0
12254,63,0
12255,63,0
12256,61,0
12257,60,0
12258,60,0
12259,61,0
12260,65,0
12261,62,0
12262,62,0
12263,62,0
12264,61,0
12265,63,0
12266,62,0
12267,62,0
12268,65,0
12269,61,0
12270,60,0
12271,62,0
12272,65,0
12273,63,0
12274,61,0
12275,62,0
12276,64,0
12277,63,0
12278,65,0
12279,65,0
12280,63,0
12281,62,0
12282,64,0
12283,62,0
12284,61,0
12285,63,0
12286,60,0
12287,62,0
12288,60,0
12289,63,0
12290,63,0
12291,62,0
12292,62,0
12293,62,0
12294,59,0
12295,65,0
12296,62,0
12297,64,0
12298,62,0
12299,63,0
12300,63,0
12301,63,0
12302,65,0
12303,60,0
12304,65,0
12305,62,0
12306,62,0
12307,65,0
12308,63,0
12309,62,0
12310,64,0
12311,62,0
12312,61,0
12313,63,0
12314,64,0
12315,62,0
12316,60,0
12317,59,0
12318,65,0
12319,62,0
12320,62,0
12321,61,0
12322,63,0
12323,61,0
12324,64,0
12325,62,0
12326,64,0
12327,61,0
12328,63,0
12329,62,0
12330,62,0
12331,62,0
12332,65,0
12333,59,0
12334,64,0
12335,63,0
12336,62,0
12337,64,0
12338,62,0
12339,63,0
12340,63,0
12341,61,0
12342,62,0
12343,62,0
12344,64,0
12345,62,0
12346,65,0
12347,63,0
12348,64,0
12349,62,0
12350,65,0
12351,63,0
12352,63,0
12353,62,0
12354,62,0
12355,64,0
12356,61,0
12357,61,0
12358,61,0
12359,62,0
12360,64,0
12361,64,0
12362,63,0
12363,61,0
12364,63,0
12365,65,0
12366,62,0
12367,64,0
12368,60,0
12369,61,0
12370,65,0
12371,62,0
12372,60,0
12373,64,0
12374,63,0
12375,65,0
12376,64,0
12377,62,0
12378,59,0
12379,63,0
12380,61,0
12381,60,0
12382,60,0
12383,63,0
12384,65,0
12385,63,0
12386,62,0
12387,62,0
12388,61,0
12389,63,0
12390,60,0
12391,62,0
12392,64,0
12393,62,0
12394,61,0
12395,63,0
12396,62,0
12397,62,0
12398,62,0
12399,63,0
12400,63,0
12401,62,0
12402,62,0
12403,60,0
12404,63,0
12405,61,0
12406,63,0
12407,62,0
12408,62,0
12409,61,0
12410,61,0
12411,63,0
12412,62,0
12413,62,0
12414,62,0
12415,63,0
12416,63,0
12417,60,0
12418,61,0
12419,62,0
12420,60,0
12421,62,0
12422,60,0
12423,59,0
12424,65,0
12425,62,0
12426,62,0
12427,62,0
12428,63,0
12429,61,0
12430,62,0
12431,62,0
12432,62,0
12433,62,0
12434,63,0
12435,61,0
12436,64,0
12437,64,0
12438,62,0
12439,65,0
12440,61,0
12441,64,0
12442,62,0
12443,60,0
12444,65,0
12445,59,0
12446,63,0
12447,59,0
12448,66,0
12449,62,0
12450,61,0
12451,63,0
12452,59,0
12453,64,0
12454,60,0
12455,64,0
12456,63,0
12457,65,0
12458,63,0
12459,61,0
12460,64,0
12461,62,0
12462,65,0
12463,63,0
12464,63,0
12465,62,0
12466,64,0
12467,62,0
12468,63,0
12469,63,0
12470,63,0
12471,62,0
12472,62,0
12473,62,0
12474,60,0
12475,65,0
12476,63,0
12477,62,0
12478,60,0
12479,62,0
12480,59,0
12481,63,0
12482,64,0
12483,62,0
12484,61,0
12485,59,0
12486,61,0
12487,62,0
12488,62,0
12489,59,0
12490,61,0
12491,61,0
12492,62,0
12493,62,0
12494,65,0
12495,63,0
12496,62,0
12497,59,0
12498,60,0
12499,62,0
12500,65,0
12501,63,0
12502,62,0
12503,62,0
12504,65,0
12505,61,0
12506,63,0
12507,62,0
12508,62,0
12509,61,0
12510,63,0
12511,62,0
12512,64,0
12513,64,0
12514,63,0
12515,63,0
12516,62,0
12517,62,0
12518,63,0
12519,63,0
12520,62,0
12521,62,0
12522,62,0
12523,62,0
12524,63,0
12525,61,0
12526,62,0
12527,62,0
12528,63,0
12529,61,0
12530,62,0
12531,62,0
12532,60,0
12533,65,0
12534,63,0
12535,62,0
12536,60,0
12537,63,0
12538,63,0
12539,60,0
12540,62,0
12541,61,0
12542,61,0
12543,59,0
12544,60,0
12545,62,0
12546,63,0
12547,63,0
12548,65,0
12549,65,0
12550,62,0
12551,62,0
12552,61,0
12553,65,0
12554,64,0
12555,62,0
12556,62,0
12557,63,0
12558,61,0
12559,62,0
12560,62,0
12561,64,0
12562,63,0
12563,61,0
12564,62,0
12565,62,0
12566,64,0
12567,65,0
12568,63,0
12569,60,0
12570,62,0
12571,62,0
12572,61,0
12573,63,0
12574,61,0
12575,61,0
12576,62,0
12577,62,0
12578,63,0
12579,63,0
12580,62,0
12581,64,0
12582,62,0
12583,65,0
12584,63,0
12585,64,0
12586,60,0
12587,62,0
12588,62,0
12589,63,0
12590,63,0
12591,62,0
12592,64,0
12593,62,0
12594,65,0
12595,65,0
12596,62,0
12597,64,0
12598,62,0
12599,63,0
12600,65,0
12601,63,0
12602,62,0
12603,64,0
12604,62,0
12605,64,0
12606,61,0
12607,63,0
12608,62,0
12609,64,0
12610,61,0
12611,61,0
12612,63,0
12613,62,0
12614,64,0
12615,65,0
12616,61,0
12617,62,0
12618,62,0
12619,62,0
12620,63,0
12621,65,0
12622,60,0
12623,62,0
12624,61,0
12625,61,0
12626,62,0
12627,62,0
12628,60,0
12629,59,0
12630,61,0
12631,62,0
12632,62,0
12633,64,0
12634,61,0
12635,63,0
12636,63,0
12637,62,0
12638,62,0
12639,60,0
12640,65,0
12641,63,0
12642,62,0
12643,62,0
12644,63,0
12645,63,0
12646,63,0
12647,62,0
12648,62,0
12649,63,0
12650,63,0
12651,62,0
12652,64,0
12653,62,0
12654,63,0
12655,63,0
12656,62,0
12657,62,0
12658,63,0
12659,63,0
12660,63,0
12661,64,0
12662,62,0
12663,61,0
12664,59,0
12665,60,0
12666,62,0
12667,62,0
12668,62,0
12669,63,0
12670,65,0
12671,62,0
12672,62,0
12673,62,0
12674,61,0
12675,61,0
12676,62,0
12677,62,0
12678,60,0
12679,61,0
12680,63,0
12681,62,0
12682,62,0
12683,63,0
12684,63,0
12685,62,0
12686,62,0
12687,63,0
12688,63,0
12689,61,0
12690,62,0
12691,62,0
12692,63,0
12693,63,0
12694,61,0
12695,60,0
12696,62,0
12697,62,0
12698,61,0
12699,59,0
12700,63,0
12701,60,0
12702,64,0
12703,65,0
12704,63,0
12705,62,0
12706,62,0
12707,62,0
12708,61,0
12709,65,0
12710,61,0
12711,62,0
12712,62,0
12713,65,0
12714,63,0
12715,61,0
12716,62,0
12717,64,0
12718,64,0
12719,61,0
12720,61,0
12721,65,0
12722,60,0
12723,62,0
12724,65,0
12725,62,0
12726,63,0
12727,63,0
12728,63,0
12729,62,0
12730,62,0
12731,63,0
12732,63,0
12733,65,0
12734,60,0
12735,62,0
12736,62,0
12737,65,0
12738,63,0
12739,64,0
12740,62,0
12741,62,0
12742,63,0
12743,61,0
12744,62,0
12745,64,0
12746,62,0
12747,61,0
12748,63,0
12749,62,0
12750,60,0
12751,64,0
12752,65,0
12753,63,0
12754,64,0
12755,64,0
12756,62,0
12757,62,0
12758,63,0
12759,61,0
12760,61,0
12761,64,0
12762,62,0
12763,61,0
12764,63,0
12765,65,0
12766,64,0
12767,62,0
12768,65,0
12769,61,0
12770,62,0
12771,62,0
12772,62,0
12773,65,0
12774,63,0
12775,64,0
12776,60,0
12777,61,0
12778,63,0
12779,62,0
12780,62,0
12781,62,0
12782,59,0
12783,61,0
12784,59,0
12785,61,0
12786,62,0
12787,60,0
12788,61,0
12789,63,0
12790,62,0
12791,62,0
12792,63,0
12793,63,0
12794,63,0
12795,60,0
12796,62,0
12797,62,0
12798,63,0
12799,63,0
12800,62,0
12801,64,0
12802,61,0
12803,63,0
12804,62,0
12805,62,0
12806,64,0
12807,63,0
12808,63,0
12809,60,0
12810,62,0
12811,63,0
12812,63,0
12813,61,0
12814,62,0
12815,62,0
12816,62,0
12817,61,0
12818,63,0
12819,61,0
12820,62,0
12821,62,0
12822,59,0
12823,65,0
12824,62,0
12825,62,0
12826,65,0
12827,61,0
12828,61,0
12829,60,0
12830,60,0
12831,61,0
12832,63,0
12833,61,0
12834,62,0
12835,62,0
12836,61,0
12837,61,0
12838,63,0
12839,62,0
12840,64,0
12841,61,0
12842,63,0
12843,63,0
12844,62,0
12845,62,0
12846,62,0
12847,62,0
12848,65,0
12849,63,0
12850,64,0
12851,60,0
12852,60,0
12853,65,0
12854,65,0
12855,63,0
12856,62,0
12857,60,0
12858,63,0
12859,63,0
12860,64,0
12861,62,0
12862,62,0
12863,63,0
12864,63,0
12865,62,0
12866,62,0
12867,61,0
12868,61,0
12869,65,0
12870,62,0
12871,64,0
12872,62,0
12873,61,0
12874,65,0
12875,61,0
12876,65,0
12877,62,0
12878,62,0
12879,61,0
12880,63,0
12881,61,0
12882,62,0
12883,62,0
12884,59,0
12885,59,0
12886,60,0
12887,62,0
12888,62,0
12889,61,0
12890,61,0
12891,62,0
12892,62,0
12893,62,0
12894,63,0
12895,65,0
12896,62,0
12897,62,0
12898,61,0
12899,65,0
12900,63,0
12901,62,0
12902,60,0
12903,62,0
12904,65,0
12905,61,0
12906,63,0
12907,62,0
12908,64,0
12909,63,0
12910,63,0
12911,62,0
12912,62,0
12913,62,0
12914,65,0
12915,65,0
12916,62,0
12917,60,0
12918,61,0
12919,61,0
12920,63,0
12921,62,0
12922,83,0
12923,61,0
12924,65,0
12925,63,0
12926,63,0
12927,60,0
12928,62,0
12929,59,0
12930,61,0
12931,61,0
12932,62,0
12933,62,0
12934,63,0
12935,63,0
12936,60,0
12937,62,0
12938,62,0
12939,63,0
12940,65,0
12941,61,0
12942,62,0
12943,62,0
12944,62,0
12945,63,0
12946,63,0
12947,60,0
12948,62,0
12949,62,0
12950,65,0
12951,61,0
12952,61,0
12953,63,0
12954,62,0
12955,62,0
12956,62,0
12957,61,0
12958,61,0
12959,59,0
12960,62,0
12961,60,0
12962,64,0
12963,63,0
12964,61,0
12965,65,0
12966,64,0
12967,62,0
12968,63,0
12969,61,0
12970,62,0
12971,62,0
12972,62,0
12973,63,0
12974,61,0
12975,62,0
12976,62,0
12977,62,0
12978,59,0
12979,59,0
12980,64,0
12981,63,0
12982,62,0
12983,62,0
12984,63,0
12985,63,0
12986,62,0
12987,60,0
12988,60,0
12989,63,0
12990,63,0
12991,60,0
12992,62,0
12993,62,0
12994,61,0
12995,61,0
12996,63,0
12997,64,0
12998,62,0
12999,63,0
13000,65,0
13001,61,0
13002,60,0
13003,64,0
13004,63,0
13005,61,0
13006,64,0
13007,62,0
13008,62,0
13009,65,0
13010,61,0
13011,63,0
13012,63,0
13013,62,0
13014,62,0
13015,59,0
13016,65,0
13017,63,0
13018,64,0
13019,60,0
13020,59,0
13021,65,0
13022,62,0
13023,62,0
13024,62,0
13025,61,0
13026,65,0
13027,62,0
13028,62,0
13029,62,0
13030,63,0
13031,63,0
13032,62,0
13033,62,0
13034,63,0
13035,63,0
13036,62,0
13037,62,0
13038,60,0
13039,62,0
13040,59,0
13041,61,0
13042,60,0
13043,60,0
13044,63,0
13045,61,0
13046,62,0
13047,62,0
13048,63,0
13049,61,0
13050,63,0
13051,62,0
13052,60,0
13053,65,0
13054,61,0
13055,62,0
13056,62,0
13057,61,0
13058,63,0
13059,63,0
13060,62,0
13061,64,0
13062,63,0
13063,65,0
13064,64,0
13065,62,0
13066,62,0
13067,63,0
13068,63,0
13069,65,0
13070,64,0
13071,62,0
13072,62,0
13073,65,0
13074,59,0
13075,62,0
13076,60,0
13077,65,0
13078,63,0
13079,61,0
13080,60,0
13081,62,0
13082,61,0
13083,63,0
13084,63,0
13085,62,0
13086,60,0
13087,61,0
13088,61,0
13089,62,0
13090,62,0
13091,61,0
13092,61,0
13093,62,0
13094,62,0
13095,63,0
13096,59,0
13097,63,0
13098,63,0
13099,64,0
13100,62,0
13101,65,0
13102,63,0
13103,64,0
13104,60,0
13105,61,0
13106,63,0
13107,60,0
13108,64,0
13109,62,0
13110,63,0
13111,63,0
13112,65,0
13113,62,0
13114,62,0
13115,65,0
13116,61,0
13117,64,0
13118,62,0
13119,62,0
13120,63,0
13121,63,0
13122,64,0
13123,62,0
13124,63,0
13125,61,0
13126,61,0
13127,65,0
13128,64,0
13129,60,0
13130,63,0
13131,63,0
13132,63,0
13133,62,0
13134,62,0
13135,61,0
13136,63,0
13137,65,0
13138,62,0
13139,62,0
13140,65,0
13141,63,0
13142,60,0
13143,62,0
13144,60,0
13145,63,0
13146,61,0
13147,62,0
13148,62,0
13149,60,0
13150,63,0
13151,65,0
13152,62,0
13153,62,0
13154,62,0
13155,61,0
13156,61,0
13157,63,0
13158,62,0
13159,62,0
13160,61,0
13161,63,0
13162,62,0
13163,64,0
13164,65,0
13165,65,0
13166,61,0
13167,64,0
13168,62,0
13169,63,0
13170,65,0
13171,62,0
13172,62,0
13173,65,0
13174,63,0
13175,62,0
13176,62,0
13177,63,0
13178,61,0
13179,62,0
13180,62,0
13181,63,0
13182,61,0
13183,63,0
13184,62,0
13185,62,0
13186,64,0
13187,61,0
13188,61,0
13189,62,0
13190,60,0
13191,63,0
13192,61,0
13193,63,0
13194,64,0
13195,62,0
13196,61,0
13197,59,0
13198,62,0
13199,60,0
13200,61,0
13201,65,0
13202,65,0
13203,62,0
13204,62,0
13205,63,0
13206,61,0
13207,65,0
13208,62,0
13209,62,0
13210,61,0
13211,63,0
13212,62,0
13213,64,0
13214,62,0
13215,63,0
13216,61,0
13217,61,0
13218,64,0
13219,64,0
13220,63,0
13221,63,0
13222,62,0
13223,62,0
13224,65,0
13225,63,0
13226,61,0
13227,64,0
13228,62,0
13229,63,0
13230,63,0
13231,62,0
13232,64,0
13233,62,0
13234,65,0
13235,61,0
13236,62,0
13237,62,0
13238,63,0
13239,61,0
13240,64,0
13241,65,0
13242,62,0
13243,62,0
13244,61,0
13245,61,0
13246,63,0
13247,62,0
13248,62,0
13249,63,0
13250,63,0
13251,59,0
13252,62,0
13253,64,0
13254,62,0
13255,61,0
13256,61,0
13257,62,0
13258,62,0
13259,63,0
13260,61,0
13261,63,0
13262,62,0
13263,62,0
13264,62,0
13265,61,0
13266,65,0
13267,62,0
13268,64,0
13269,60,0
13270,61,0
13271,61,0
13272,63,0
13273,62,0
13274,60,0
13275,62,0
13276,61,0
13277,61,0
13278,64,0
13279,62,0
13280,61,0
13281,61,0
13282,63,0
13283,60,0
13284,62,0
13285,61,0
13286,61,0
13287,62,0
13288,64,0
13289,60,0
13290,63,0
13291,63,0
13292,62,0
13293,60,0
13294,63,0
13295,61,0
13296,61,0
13297,61,0
13298,62,0
13299,64,0
13300,61,0
13301,61,0
13302,62,0
13303,62,0
13304,62,0
13305,63,0
13306,63,0
13307,62,0
13308,60,0
13309,61,0
13310,65,0
13311,60,0
13312,62,0
13313,62,0
13314,61,0
13315,61,0
13316,62,0
13317,62,0
13318,61,0
13319,63,0
13320,60,0
13321,62,0
13322,62,0
13323,63,0
13324,63,0
13325,61,0
13326,62,0
13327,62,0
13328,63,0
13329,63,0
13330,63,0
13331,62,0
13332,60,0
13333,63,0
13334,63,0
13335,62,0
13336,62,0
13337,62,0
13338,63,0
13339,61,0
13340,60,0
13341,64,0
13342,59,0
13343,65,0
13344,64,0
13345,62,0
13346,61,0
13347,63,0
13348,62,0
13349,62,0
13350,62,0
13351,61,0
13352,61,0
13353,64,0
13354,60,0
13355,62,0
13356,64,0
13357,63,0
13358,61,0
13359,64,0
13360,62,0
13361,60,0
13362,63,0
13363,61,0
13364,62,0
13365,62,0
13366,62,0
13367,63,0
13368,61,0
13369,60,0
13370,60,0
13371,64,0
13372,65,0
13373,61,0
13374,64,0
13375,62,0
13376,62,0
13377,61,0
13378,63,0
13379,61,0
13380,60,0
13381,62,0
13382,61,0
13383,65,0
13384,62,0
13385,63,0
13386,64,0
13387,64,0
13388,63,0
13389,61,0
13390,62,0
13391,62,0
13392,64,0
13393,63,0
13394,63,0
13395,64,0
13396,64,0
13397,64,0
13398,61,0
13399,63,0
13400,62,0
13401,62,0
13402,61,0
13403,61,0
13404,64,0
13405,62,0
13406,62,0
13407,63,0
13408,63,0
13409,64,0
13410,62,0
13411,65,0
13412,61,0
13413,61,0
13414,62,0
13415,60,0
13416,62,0
13417,63,0
13418,59,0
13419,62,0
13420,62,0
13421,60,0
13422,63,0
13423,61,0
13424,62,0
13425,62,0
13426,61,0
13427,61,0
13428,60,0
13429,62,0
13430,62,0
13431,63,0
13432,63,0
13433,62,0
13434,60,0
13435,61,0
13436,61,0
13437,65,0
13438,62,0
13439,62,0
13440,61,0
13441,63,0
13442,62,0
13443,64,0
13444,62,0
13445,62,0
13446,63,0
13447,63,0
13448,60,0
13449,62,0
13450,61,0
13451,63,0
13452,62,0
13453,62,0
13454,63,0
13455,63,0
13456,62,0
13457,64,0
13458,63,0
13459,65,0
13460,62,0
13461,60,0
13462,60,0
13463,63,0
13464,65,0
13465,62,0
13466,64,0
13467,61,0
13468,63,0
13469,62,0
13470,62,0
13471,62,0
13472,61,0
13473,63,0
13474,64,0
13475,62,0
13476,61,0
13477,63,0
13478,63,0
13479,62,0
13480,64,0
13481,63,0
13482,61,0
13483,62,0
13484,64,0
13485,62,0
13486,61,0
13487,61,0
13488,62,0
13489,64,0
13490,59,0
13491,63,0
13492,62,0
13493,62,0
13494,62,0
13495,61,0
13496,65,0
13497,62,0
13498,62,0
13499,64,0
13500,62,0
13501,61,0
13502,65,0
13503,64,0
13504,62,0
13505,62,0
13506,61,0
13507,63,0
13508,62,0
13509,62,0
13510,63,0
13511,63,0
13512,62,0
13513,62,0
13514,62,0
13515,61,0
13516,65,0
13517,64,0
13518,64,0
13519,63,0
13520,63,0
13521,64,0
13522,64,0
13523,61,0
13524,65,0
13525,62,0
13526,64,0
13527,64,0
13528,62,0
13529,61,0
13530,63,0
13531,63,0
13532,64,0
13533,62,0
13534,61,0
13535,65,0
13536,60,0
13537,64,0
13538,65,0
13539,63,0
13540,65,0
13541,62,0
13542,62,0
13543,61,0
13544,65,0
13545,62,0
13546,64,0
13547,62,0
13548,61,0
13549,61,0
13550,60,0
13551,64,0
13552,63,0
13553,65,0
13554,61,0
13555,62,0
13556,62,0
13557,64,0
13558,65,0
13559,61,0
13560,62,0
13561,62,0
13562,62,0
13563,63,0
13564,63,0
13565,62,0
13566,62,0
13567,61,0
13568,61,0
13569,63,0
13570,62,0
13571,62,0
13572,61,0
13573,61,0
13574,62,0
13575,60,0
13576,65,0
13577,63,0
13578,60,0
13579,64,0
13580,63,0
13581,63,0
13582,63,0
13583,62,0
13584,60,0
13585,62,0
13586,65,0
13587,65,0
13588,62,0
13589,62,0
13590,62,0
13591,65,0
13592,63,0
13593,62,0
13594,60,0
13595,65,0
13596,65,0
13597,61,0
13598,62,0
13599,62,0
13600,63,0
13601,63,0
13602,64,0
13603,60,0
13604,63,0
13605,61,0
13606,63,0
13607,62,0
13608,62,0
13609,63,0
13610,59,0
13611,65,0
13612,62,0
13613,64,0
13614,62,0
13615,63,0
13616,63,0
13617,62,0
13618,60,0
13619,62,0
13620,63,0
13621,63,0
13622,60,0
13623,62,0
13624,64,0
13625,59,0
13626,65,0
13627,62,0
13628,64,0
13629,61,0
13630,63,0
13631,61,0
13632,60,0
13633,62,0
13634,62,0
13635,59,0
13636,63,0
13637,60,0
13638,62,0
13639,62,0
13640,65,0
13641,67,0
13642,63,0
13643,62,0
13644,60,0
13645,61,0
13646,61,0
13647,61,0
13648,62,0
13649,62,0
13650,61,0
13651,63,0
13652,63,0
13653,62,0
13654,62,0
13655,64,0
13656,63,0
13657,61,0
13658,62,0
13659,62,0
13660,61,0
13661,63,0
13662,61,0
13663,62,0
13664,62,0
13665,63,0
13666,59,0
13667,86,0
13668,61,0
13669,63,0
13670,63,0
13671,63,0
13672,62,0
13673,60,0
13674,61,0
13675,64,0
13676,64,0
13677,61,0
13678,63,0
13679,62,0
13680,62,0
13681,63,0
13682,60,0
13683,60,0
13684,65,0
13685,63,0
13686,62,0
13687,61,0
13688,65,0
13689,60,0
13690,62,0
13691,62,0
13692,61,0
13693,60,0
13694,60,0
13695,61,0
13696,65,0
13697,62,0
13698,62,0
13699,61,0
13700,64,0
13701,62,0
13702,63,0
13703,63,0
13704,62,0
13705,62,0
13706,63,0
13707,61,0
13708,62,0
13709,62,0
13710,61,0
13711,59,0
13712,60,0
13713,62,0
13714,63,0
13715,63,0
13716,62,0
13717,62,0
13718,62,0
13719,65,0
13720,65,0
13721,64,0
13722,64,0
13723,63,0
13724,63,0
13725,62,0
13726,62,0
13727,63,0
13728,61,0
13729,62,0
13730,63,0
13731,65,0
13732,61,0
13733,62,0
13734,62,0
13735,61,0
13736,63,0
13737,62,0
13738,62,0
13739,63,0
13740,61,0
13741,64,0
13742,64,0
13743,65,0
13744,63,0
13745,62,0
13746,64,0
13747,62,0
13748,63,0
13749,65,0
13750,62,0
13751,62,0
13752,65,0
13753,63,0
13754,62,0
13755,62,0
13756,63,0
13757,65,0
13758,62,0
13759,64,0
13760,63,0
13761,63,0
13762,62,0
13763,64,0
13764,63,0
13765,63,0
13766,63,0
13767,64,0
13768,64,0
13769,63,0
13770,61,0
13771,62,0
13772,62,0
13773,62,0
13774,63,0
13775,63,0
13776,64,0
13777,64,0
13778,63,0
13779,63,0
13780,64,0
13781,62,0
13782,65,0
13783,61,0
13784,62,0
13785,64,0
13786,65,0
13787,63,0
13788,62,0
13789,62,0
13790,65,0
13791,65,0
13792,62,0
13793,64,0
13794,65,0
13795,63,0
13796,62,0
13797,62,0
13798,61,0
13799,61,0
13800,64,0
13801,62,0
13802,62,0
13803,61,0
13804,65,0
13805,62,0
13806,64,0
13807,61,0
13808,65,0
13809,64,0
13810,62,0
13811,65,0
13812,61,0
13813,62,0
13814,62,0
13815,65,0
13816,61,0
13817,64,0
13818,61,0
13819,61,0
13820,62,0
13821,62,0
13822,63,0
13823,63,0
13824,62,0
13825,62,0
13826,63,0
13827,61,0
13828,64,0
13829,63,0
13830,62,0
13831,64,0
13832,63,0
13833,64,0
13834,62,0
13835,65,0
13836,63,0
13837,62,0
13838,62,0
13839,63,0
13840,63,0
13841,62,0
13842,62,0
13843,63,0
13844,63,0
13845,62,0
13846,62,0
13847,63,0
13848,63,0
13849,62,0
13850,62,0
13851,61,0
13852,61,0
13853,62,0
13854,62,0
13855,63,0
13856,63,0
13857,63,0
13858,65,0
13859,64,0
13860,62,0
13861,63,0
13862,62,0
13863,62,0
13864,61,0
13865,65,0
13866,62,0
13867,62,0
13868,63,0
13869,63,0
13870,64,0
13871,64,0
13872,63,0
13873,65,0
13874,62,0
13875,62,0
13876,63,0
13877,63,0
13878,62,0
13879,62,0
13880,63,0
13881,63,0
13882,64,0
13883,64,0
13884,62,0
13885,65,0
13886,63,0
13887,62,0
13888,62,0
13889,63,0
13890,61,0
13891,62,0
13892,64,0
13893,65,0
13894,63,0
13895,62,0
13896,64,0
13897,63,0
13898,63,0
13899,64,0
13900,64,0
13901,65,0
13902,61,0
13903,64,0
13904,64,0
13905,63,0
13906,63,0
13907,62,0
13908,62,0
13909,62,0
13910,62,0
13911,63,0
13912,63,0
13913,64,0
13914,62,0
13915,65,0
13916,61,0
13917,62,0
13918,64,0
13919,61,0
13920,63,0
13921,62,0
13922,62,0
13923,63,0
13924,61,0
13925,62,0
13926,62,0
13927,61,0
13928,63,0
13929,62,0
13930,64,0
13931,65,0
13932,63,0
13933,62,0
13934,64,0
13935,63,0
13936,65,0
13937,61,0
13938,64,0
13939,62,0
13940,63,0
13941,61,0
13942,62,0
13943,64,0
13944,63,0
13945,65,0
13946,64,0
13947,62,0
13948,63,0
13949,62,0
13950,64,0
13951,65,0
13952,65,0
13953,62,0
13954,64,0
13955,65,0
13956,65,0
13957,62,0
13958,62,0
13959,63,0
13960,63,0
13961,62,0
13962,62,0
13963,61,0
13964,65,0
13965,63,0
13966,64,0
13967,63,0
13968,65,0
13969,62,0
13970,62,0
13971,61,0
13972,63,0
13973,62,0
13974,62,0
13975,61,0
13976,65,0
13977,62,0
13978,62,0
13979,63,0
13980,65,0
13981,62,0
13982,63,0
13983,65,0
13984,62,0
13985,62,0
13986,63,0
13987,65,0
13988,64,0
13989,62,0
13990,63,0
13991,65,0
13992,61,0
13993,62,0
13994,62,0
13995,63,0
13996,61,0
13997,62,0
13998,64,0
13999,63,0
14000,61,0
14001,64,0
14002,62,0
14003,61,0
14004,63,0
14005,62,0
14006,64,0
14007,63,0
14008,65,0
14009,62,0
14010,62,0
14011,61,0
14012,63,0
14013,62,0
14014,64,0
14015,65,0
14016,61,0
14017,62,0
14018,65,0
14019,62,0
14020,64,0
14021,61,0
14022,63,0
14023,64,0
14024,62,0
14025,61,0
14026,63,0
14027,62,0
14028,64,0
14029,65,0
14030,63,0
14031,64,0
14032,64,0
14033,65,0
14034,65,0
14035,62,0
14036,64,0
14037,65,0
14038,63,0
14039,62,0
14040,62,0
14041,61,0
14042,61,0
14043,62,0
14044,62,0
14045,64,0
14046,65,0
14047,61,0
14048,62,0
14049,62,0
14050,61,0
14051,63,0
14052,64,0
14053,62,0
14054,65,0
14055,65,0
14056,64,0
14057,62,0
14058,61,0
14059,63,0
14060,62,0
14061,62,0
14062,63,0
14063,61,0
14064,62,0
14065,64,0
14066,65,0
14067,61,0
14068,64,0
14069,62,0
14070,63,0
14071,61,0
14072,63,0
14073,62,0
14074,62,0
14075,63,0
14076,63,0
14077,62,0
14078,62,0
14079,63,0
14080,63,0
14081,62,0
14082,62,0
14083,61,0
14084,63,0
14085,62,0
14086,63,0
14087,63,0
14088,62,0
14089,62,0
14090,63,0
14091,61,0
14092,62,0
14093,62,0
14094,63,0
14095,61,0
14096,62,0
14097,62,0
14098,63,0
14099,63,0
14100,61,0
14101,62,0
14102,63,0
14103,63,0
14104,62,0
14105,62,0
14106,63,0
14107,63,0
14108,62,0
14109,62,0
14110,61,0
14111,65,0
14112,62,0
14113,62,0
14114,63,0
14115,63,0
14116,62,0
14117,62,0
14118,61,0
14119,63,0
14120,62,0
14121,62,0
14122,65,0
14123,64,0
14124,62,0
14125,63,0
14126,65,0
14127,63,0
14128,65,0
14129,62,0
14130,62,0
14131,61,0
14132,61,0
14133,62,0
14134,61,0
14135,63,0
14136,62,0
14137,62,0
14138,65,0
14139,65,0
14140,62,0
14141,62,0
14142,63,0
14143,65,0
14144,62,0
14145,62,0
14146,65,0
14147,61,0
14148,62,0
14149,62,0
14150,63,0
14151,65,0
14152,64,0
14153,62,0
14154,62,0
14155,61,0
14156,63,0
14157,64,0
14158,64,0
14159,62,0
14160,61,0
14161,63,0
14162,62,0
14163,62,0
14164,65,0
14165,63,0
14166,62,0
14167,62,0
14168,63,0
14169,63,0
14170,62,0
14171,62,0
14172,61,0
14173,61,0
14174,62,0
14175,64,0
14176,63,0
14177,61,0
14178,63,0
14179,62,0
14180,64,0
14181,62,0
14182,61,0
14183,63,0
14184,64,0
14185,62,0
14186,63,0
14187,65,0
14188,64,0
14189,64,0
14190,61,0
14191,65,0
14192,65,0
14193,62,0
14194,64,0
14195,65,0
14196,65,0
14197,62,0
14198,62,0
14199,61,0
14200,65,0
14201,62,0
14202,62,0
14203,65,0
14204,62,0
14205,64,0
14206,61,0
14207,63,0
14208,65,0
14209,62,0
14210,62,0
14211,65,0
14212,63,0
14213,62,0
14214,62,0
14215,65,0
14216,61,0
14217,64,0
14218,62,0
14219,61,0
14220,65,0
14221,64,0
14222,64,0
14223,65,0
14224,63,0
14225,62,0
14226,62,0
14227,63,0
14228,65,0
14229,62,0
14230,62,0
14231,65,0
14232,63,0
14233,61,0
14234,62,0
14235,62,0
14236,62,0
14237,63,0
14238,63,0
14239,62,0
14240,62,0
14241,65,0
14242,62,0
14243,62,0
14244,65,0
14245,63,0
14246,62,0
14247,62,0
14248,63,0
14249,63,0
14250,64,0
14251,62,0
14252,61,0
14253,63,0
14254,62,0
14255,62,0
14256,65,0
14257,61,0
14258,62,0
14259,62,0
14260,61,0
14261,63,0
14262,63,0
14263,62,0
14264,62,0
14265,63,0
14266,63,0
14267,62,0
14268,62,0
14269,61,0
14270,65,0
14271,62,0
14272,62,0
14273,61,0
14274,63,0
14275,64,0
14276,61,0
14277,63,0
14278,64,0
14279,62,0
14280,61,0
14281,65,0
14282,65,0
14283,64,0
14284,64,0
14285,63,0
14286,63,0
14287,62,0
14288,64,0
14289,62,0
14290,65,0
14291,61,0
14292,64,0
14293,62,0
14294,63,0
14295,65,0
14296,63,0
14297,62,0
14298,64,0
14299,65,0
14300,61,0
14301,64,0
14302,64,0
14303,65,0
14304,63,0
14305,62,0
14306,62,0
14307,63,0
14308,61,0
14309,62,0
14310,62,0
14311,61,0
14312,63,0
14313,62,0
14314,64,0
14315,61,0
14316,64,0
14317,63,0
14318,65,0
14319,62,0
14320,62,0
14321,63,0
14322,65,0
14323,64,0
14324,64,0
14325,63,0
14326,61,0
14327,64,0
14328,64,0
14329,65,0
14330,65,0
14331,62,0
14332,62,0
14333,63,0
14334,61,0
14335,62,0
14336,62,0
14337,63,0
14338,63,0
14339,62,0
14340,62,0
14341,61,0
14342,63,0
14343,61,0
14344,62,0
14345,64,0
14346,63,0
14347,61,0
14348,62,0
14349,62,0
14350,65,0
14351,65,0
14352,62,0
14353,62,0
14354,63,0
14355,61,0
14356,64,0
14357,62,0
14358,63,0
14359,63,0
14360,64,0
14361,62,0
14362,63,0
14363,61,0
14364,62,0
14365,62,0
14366,63,0
14367,63,0
14368,64,0
14369,62,0
14370,62,0
14371,63,0
14372,62,0
14373,64,0
14374,63,0
14375,63,0
14376,64,0
14377,62,0
14378,63,0
14379,63,0
14380,64,0
14381,64,0
14382,63,0
14383,65,0
14384,64,0
14385,65,0
14386,65,0
14387,62,0
14388,62,0
14389,63,0
14390,63,0
14391,62,0
14392,62,0
14393,63,0
14394,63,0
14395,62,0
14396,64,0
14397,62,0
14398,61,0
14399,65,0
14400,62,0
14401,62,0
14402,65,0
14403,65,0
14404,62,0
14405,64,0
14406,65,0
14407,63,0
14408,62,0
14409,62,0
14410,63,0
14411,63,0
14412,88,0
14413,63,0
14414,63,0
14415,63,0
14416,62,0
14417,60,0
14418,62,0
14419,61,0
14420,61,0
14421,63,0
14422,64,0
14423,64,0
14424,60,0
14425,59,0
14426,61,0
14427,63,0
14428,62,0
14429,60,0
14430,62,0
14431,65,0
14432,61,0
14433,65,0
14434,62,0
14435,62,0
14436,63,0
14437,61,0
14438,65,0
14439,61,0
14440,65,0
14441,62,0
14442,64,0
14443,64,0
14444,61,0
14445,61,0
14446,63,0
14447,62,0
14448,62,0
14449,62,0
14450,65,0
14451,63,0
14452,65,0
14453,64,0
14454,62,0
14455,63,0
14456,61,0
14457,62,0
14458,62,0
14459,62,0
14460,63,0
14461,65,0
14462,63,0
14463,62,0
14464,64,0
14465,62,0
14466,62,0
14467,62,0
14468,65,0
14469,61,0
14470,64,0
14471,64,0
14472,62,0
14473,63,0
14474,61,0
14475,65,0
14476,62,0
14477,62,0
14478,63,0
14479,61,0
14480,61,0
14481,62,0
14482,62,0
14483,62,0
14484,63,0
14485,65,0
14486,62,0
14487,62,0
14488,62,0
14489,63,0
14490,61,0
14491,63,0
14492,63,0
14493,64,0
14494,64,0
14495,62,0
14496,61,0
14497,61,0
14498,65,0
14499,62,0
14500,62,0
14501,62,0
14502,65,0
14503,63,0
14504,64,0
14505,62,0
14506,62,0
14507,65,0
14508,61,0
14509,62,0
14510,62,0
14511,64,0
14512,61,0
14513,63,0
14514,63,0
14515,62,0
14516,62,0
14517,64,0
14518,64,0
14519,62,0
14520,61,0
14521,61,0
14522,61,0
14523,64,0
14524,64,0
14525,62,0
14526,63,0
14527,65,0
14528,65,0
14529,62,0
14530,64,0
14531,62,0
14532,61,0
14533,67,0
14534,63,0
14535,64,0
14536,64,0
14537,65,0
14538,63,0
14539,64,0
14540,62,0
14541,62,0
14542,63,0
14543,61,0
14544,65,0
14545,65,0
14546,62,0
14547,62,0
14548,64,0
14549,63,0
14550,63,0
14551,63,0
14552,62,0
14553,64,0
14554,64,0
14555,65,0
14556,65,0
14557,65,0
14558,62,0
14559,62,0
14560,62,0
14561,65,0
14562,63,0
14563,61,0
14564,63,0
14565,64,0
14566,64,0
14567,62,0
14568,63,0
14569,65,0
14570,63,0
14571,65,0
14572,64,0
14573,62,0
14574,62,0
14575,65,0
14576,65,0
14577,65,0
14578,62,0
14579,62,0
14580,62,0
14581,63,0
14582,61,0
14583,63,0
14584,62,0
14585,62,0
14586,61,0
14587,65,0
14588,65,0
14589,64,0
14590,62,0
14591,64,0
14592,65,0
14593,61,0
14594,62,0
14595,62,0
14596,62,0
14597,61,0
14598,65,0
14599,62,0
14600,62,0
14601,64,0
14602,63,0
14603,63,0
14604,61,0
14605,62,0
14606,62,0
14607,65,0
14608,63,0
14609,62,0
14610,62,0
14611,62,0
14612,63,0
14613,61,0
14614,62,0
14615,62,0
14616,62,0
14617,63,0
14618,65,0
14619,62,0
14620,62,0
14621,62,0
14622,63,0
14623,63,0
14624,64,0
14625,60,0
14626,62,0
14627,62,0
14628,65,0
14629,65,0
14630,63,0
14631,62,0
14632,60,0
14633,62,0
14634,61,0
14635,65,0
14636,62,0
14637,62,0
14638,60,0
14639,63,0
14640,63,0
14641,61,0
14642,62,0
14643,62,0
14644,61,0
14645,63,0
14646,62,0
14647,62,0
14648,62,0
14649,65,0
14650,61,0
14651,61,0
14652,62,0
14653,62,0
14654,62,0
14655,60,0
14656,61,0
14657,63,0
14658,63,0
14659,62,0
14660,62,0
14661,65,0
14662,63,0
14663,63,0
14664,62,0
14665,62,0
14666,61,0
14667,63,0
14668,61,0
14669,60,0
14670,62,0
14671,61,0
14672,61,0
14673,63,0
14674,64,0
14675,62,0
14676,62,0
14677,61,0
14678,61,0
14679,63,0
14680,60,0
14681,62,0
14682,60,0
14683,62,0
14684,64,0
14685,63,0
14686,65,0
14687,65,0
14688,62,0
14689,62,0
14690,62,0
14691,61,0
14692,61,0
14693,63,0
14694,64,0
14695,64,0
14696,64,0
14697,62,0
14698,65,0
14699,61,0
14700,65,0
14701,62,0
14702,64,0
14703,62,0
14704,63,0
14705,65,0
14706,61,0
14707,62,0
14708,64,0
14709,62,0
14710,61,0
14711,63,0
14712,63,0
14713,64,0
14714,62,0
14715,62,0
14716,61,0
14717,61,0
14718,65,0
14719,62,0
14720,64,0
14721,64,0
14722,61,0
14723,65,0
14724,64,0
14725,62,0
14726,64,0
14727,61,0
14728,63,0
14729,61,0
14730,64,0
14731,62,0
14732,62,0
14733,63,0
14734,65,0
14735,65,0
14736,63,0
14737,62,0
14738,62,0
14739,62,0
14740,63,0
14741,61,0
14742,61,0
14743,62,0
14744,62,0
14745,65,0
14746,63,0
14747,64,0
14748,62,0
14749,62,0
14750,63,0
14751,63,0
14752,63,0
14753,62,0
14754,62,0
14755,65,0
14756,63,0
14757,63,0
14758,62,0
14759,64,0
14760,64,0
14761,63,0
14762,63,0
14763,63,0
14764,63,0
14765,62,0
14766,62,0
14767,62,0
14768,65,0
14769,63,0
14770,64,0
14771,62,0
14772,62,0
14773,63,0
14774,61,0
14775,65,0
14776,62,0
14777,62,0
14778,62,0
14779,63,0
14780,63,0
14781,61,0
14782,62,0
14783,62,0
14784,62,0
14785,63,0
14786,65,0
14787,63,0
14788,62,0
14789,62,0
14790,64,0
14791,62,0
14792,64,0
14793,61,0
14794,63,0
14795,65,0
14796,62,0
14797,62,0
14798,61,0
14799,63,0
14800,63,0
14801,65,0
14802,64,0
14803,62,0
14804,62,0
14805,63,0
14806,61,0
14807,63,0
14808,62,0
14809,62,0
14810,65,0
14811,63,0
14812,63,0
14813,64,0
14814,62,0
14815,62,0
14816,64,0
14817,62,0
14818,63,0
14819,65,0
14820,65,0
14821,62,0
14822,64,0
14823,64,0
14824,65,0
14825,61,0
14826,61,0
14827,62,0
14828,64,0
14829,64,0
14830,62,0
14831,65,0
14832,61,0
14833,63,0
14834,62,0
14835,64,0
14836,62,0
14837,61,0
14838,63,0
14839,65,0
14840,62,0
14841,62,0
14842,62,0
14843,63,0
14844,65,0
14845,65,0
14846,63,0
14847,62,0
14848,64,0
14849,62,0
14850,61,0
14851,63,0
14852,65,0
14853,64,0
14854,62,0
14855,61,0
14856,63,0
14857,61,0
14858,62,0
14859,62,0
14860,63,0
14861,61,0
14862,63,0
14863,62,0
14864,62,0
14865,65,0
14866,65,0
14867,63,0
14868,64,0
14869,64,0
14870,63,0
14871,62,0
14872,63,0
14873,61,0
14874,64,0
14875,62,0
14876,62,0
14877,65,0
14878,63,0
14879,64,0
14880,62,0
14881,62,0
14882,63,0
14883,63,0
14884,62,0
14885,62,0
14886,62,0
14887,63,0
14888,63,0
14889,62,0
14890,64,0
14891,62,0
14892,63,0
14893,63,0
14894,62,0
14895,62,0
14896,62,0
14897,63,0
14898,62,0
14899,63,0
14900,65,0
14901,62,0
14902,62,0
14903,62,0
14904,65,0
14905,61,0
14906,65,0
14907,62,0
14908,62,0
14909,62,0
14910,63,0
14911,61,0
14912,62,0
14913,62,0
14914,64,0
14915,65,0
14916,63,0
14917,63,0
14918,64,0
14919,62,0
14920,64,0
14921,65,0
14922,61,0
14923,61,0
14924,62,0
14925,63,0
14926,62,0
14927,64,0
14928,65,0
14929,61,0
14930,63,0
14931,64,0
14932,64,0
14933,63,0
14934,63,0
14935,65,0
14936,64,0
14937,64,0
14938,62,0
14939,63,0
14940,63,0
14941,64,0
14942,62,0
14943,64,0
14944,65,0
14945,63,0
14946,65,0
14947,64,0
14948,64,0
14949,63,0
14950,63,0
14951,63,0
14952,63,0
14953,64,0
14954,62,0
14955,64,0
14956,63,0
14957,63,0
14958,64,0
14959,62,0
14960,62,0
14961,63,0
14962,63,0
14963,62,0
14964,62,0
14965,65,0
14966,63,0
14967,65,0
14968,62,0
14969,62,0
14970,65,0
14971,61,0
14972,63,0
14973,64,0
14974,64,0
14975,62,0
14976,61,0
14977,63,0
14978,65,0
14979,62,0
14980,62,0
14981,64,0
14982,64,0
14983,61,0
14984,63,0
14985,65,0
14986,64,0
14987,62,0
14988,64,0
14989,63,0
14990,65,0
14991,61,0
14992,62,0
14993,66,0
14994,65,0
14995,61,0
14996,64,0
14997,62,0
14998,61,0
14999,63,0
15000,62,0
15001,62,0
15002,62,0
15003,63,0
15004,65,0
15005,62,0
15006,62,0
15007,62,0
15008,64,0
15009,61,0
15010,61,0
15011,62,0
15012,62,0
15013,62,0
15014,61,0
15015,61,0
15016,62,0
15017,62,0
15018,62,0
15019,61,0
15020,65,0
15021,63,0
15022,62,0
15023,62,0
15024,63,0
15025,63,0
15026,63,0
15027,62,0
15028,62,0
15029,63,0
15030,65,0
15031,63,0
15032,64,0
15033,62,0
15034,63,0
15035,65,0
15036,64,0
15037,63,0
15038,64,0
15039,62,0
15040,62,0
15041,61,0
15042,65,0
15043,62,0
15044,64,0
15045,62,0
15046,63,0
15047,61,0
15048,62,0
15049,62,0
15050,62,0
15051,61,0
15052,63,0
15053,61,0
15054,64,0
15055,64,0
15056,62,0
15057,63,0
15058,65,0
15059,63,0
15060,64,0
15061,62,0
15062,62,0
15063,65,0
15064,62,0
15065,65,0
15066,63,0
15067,61,0
15068,62,0
15069,64,0
15070,64,0
15071,63,0
15072,63,0
15073,63,0
15074,62,0
15075,62,0
15076,62,0
15077,61,0
15078,61,0
15079,61,0
15080,61,0
15081,62,0
15082,62,0
15083,62,0
15084,63,0
15085,63,0
15086,65,0
15087,62,0
15088,62,0
15089,64,0
15090,64,0
15091,61,0
15092,63,0
15093,63,0
15094,64,0
15095,64,0
15096,63,0
15097,65,0
15098,61,0
15099,62,0
15100,62,0
15101,64,0
15102,63,0
15103,63,0
15104,61,0
15105,62,0
15106,64,0
15107,64,0
15108,65,0
15109,63,0
15110,65,0
15111,62,0
15112,62,0
15113,64,0
15114,63,0
15115,61,0
15116,62,0
15117,65,0
15118,64,0
15119,62,0
15120,63,0
15121,61,0
15122,65,0
15123,62,0
15124,62,0
15125,62,0
15126,65,0
15127,63,0
15128,64,0
15129,64,0
15130,64,0
15131,61,0
15132,63,0
15133,63,0
15134,62,0
15135,64,0
15136,62,0
15137,63,0
15138,61,0
15139,61,0
15140,62,0
15141,64,0
15142,63,0
15143,63,0
15144,63,0
15145,63,0
15146,62,0
15147,62,0
15148,63,0
15149,61,0
15150,63,0
15151,62,0
15152,64,0
15153,63,0
15154,61,0
15155,63,0
15156,62,0
15157,63,0
15158,65,0
15159,61,0
15160,65,0
15161,64,0
15162,62,0
15163,62,0
15164,64,0
15165,63,0
15166,61,0
15167,62,0
15168,62,0
15169,62,0
15170,61,0
15171,63,0
15172,64,0
15173,66,0
15174,65,0
15175,65,0
15176,65,0
15177,62,0
15178,62,0
15179,61,0
15180,63,0
15181,65,0
15182,64,0
15183,62,0
15184,63,0
15185,61,0
15186,63,0
15187,62,0
15188,62,0
15189,62,0
15190,61,0
15191,62,0
15192,65,0
15193,65,0
15194,63,0
15195,64,0
15196,64,0
15197,63,0
15198,65,0
15199,64,0
15200,62,0
15201,64,0
15202,63,0
15203,63,0
15204,62,0
15205,62,0
15206,62,0
15207,63,0
15208,65,0
15209,62,0
15210,64,0
15211,64,0
15212,61,0
15213,67,0
15214,64,0
15215,62,0
15216,62,0
15217,63,0
15218,65,0
15219,63,0
15220,62,0
15221,62,0
15222,64,0
15223,63,0
15224,65,0
15225,64,0
15226,62,0
15227,64,0
15228,65,0
15229,65,0
15230,62,0
15231,62,0
15232,61,0
15233,65,0
15234,65,0
15235,64,0
15236,62,0
15237,63,0
15238,63,0
15239,62,0
15240,62,0
15241,62,0
15242,63,0
15243,61,0
15244,62,0
15245,62,0
15246,62,0
15247,63,0
15248,63,0
15249,63,0
15250,62,0
15251,62,0
15252,63,0
15253,63,0
15254,60,0
15255,62,0
15256,60,0
15257,63,0
15258,65,0
15259,63,0
15260,64,0
15261,62,0
15262,63,0
15263,61,0
15264,61,0
15265,62,0
15266,62,0
15267,65,0
15268,63,0
15269,62,0
15270,62,0
15271,63,0
15272,63,0
15273,61,0
15274,62,0
15275,62,0
15276,62,0
15277,62,0
15278,65,0
15279,63,0
15280,64,0
15281,64,0
15282,63,0
15283,65,0
15284,62,0
15285,62,0
15286,61,0
15287,61,0
15288,65,0
15289,64,0
15290,62,0
15291,65,0
15292,61,0
15293,62,0
15294,62,0
15295,63,0
15296,61,0
15297,62,0
15298,62,0
15299,62,0
15300,63,0
15301,63,0
15302,65,0
15303,62,0
15304,62,0
15305,62,0
15306,61,0
15307,61,0
15308,64,0
15309,62,0
15310,61,0
15311,63,0
15312,65,0
15313,64,0
15314,64,0
15315,61,0
15316,63,0
15317,64,0
15318,62,0
15319,64,0
15320,61,0
15321,65,0
15322,62,0
15323,62,0
15324,62,0
15325,59,0
15326,63,0
15327,62,0
15328,65,0
15329,62,0
15330,62,0
15331,61,0
15332,61,0
15333,62,0
15334,62,0
15335,62,0
15336,61,0
15337,63,0
15338,59,0
15339,64,0
15340,64,0
15341,61,0
15342,63,0
15343,62,0
15344,62,0
15345,64,0
15346,61,0
15347,63,0
15348,61,0
15349,60,0
15350,62,0
15351,62,0
15352,61,0
15353,63,0
15354,62,0
15355,64,0
15356,63,0
15357,64,0
15358,63,0
15359,63,0
15360,64,0
15361,62,0
15362,63,0
15363,65,0
15364,63,0
15365,64,0
15366,62,0
15367,63,0
15368,61,0
15369,60,0
15370,62,0
15371,63,0
15372,61,0
15373,65,0
15374,62,0
15375,62,0
15376,63,0
15377,61,0
15378,62,0
15379,62,0
15380,63,0
15381,65,0
15382,63,0
15383,61,0
15384,62,0
15385,62,0
15386,63,0
15387,63,0
15388,62,0
15389,62,0
15390,61,0
15391,63,0
15392,62,0
15393,62,0
15394,62,0
15395,63,0
15396,63,0
15397,62,0
15398,62,0
15399,63,0
15400,61,0
15401,62,0
15402,64,0
15403,63,0
15404,63,0
15405,62,0
15406,62,0
15407,62,0
15408,65,0
15409,63,0
15410,63,0
15411,62,0
15412,62,0
15413,60,0
15414,63,0
15415,61,0
15416,62,0
15417,60,0
15418,60,0
15419,63,0
15420,61,0
15421,60,0
15422,62,0
15423,65,0
15424,63,0
15425,61,0
15426,62,0
15427,62,0
15428,60,0
15429,63,0
15430,63,0
15431,60,0
15432,64,0
15433,64,0
15434,65,0
15435,63,0
15436,60,0
15437,62,0
15438,60,0
15439,62,0
15440,63,0
15441,63,0
15442,64,0
15443,62,0
15444,62,0
15445,65,0
15446,61,0
15447,64,0
15448,62,0
15449,65,0
15450,63,0
15451,60,0
15452,62,0
15453,64,0
15454,63,0
15455,65,0
15456,62,0
15457,64,0
15458,64,0
15459,63,0
15460,63,0
15461,62,0
15462,64,0
15463,63,0
15464,65,0
15465,65,0
15466,63,0
15467,63,0
15468,62,0
15469,64,0
15470,62,0
15471,63,0
15472,63,0
15473,62,0
15474,64,0
15475,62,0
15476,59,0
15477,63,0
15478,61,0
15479,62,0
15480,62,0
15481,61,0
15482,63,0
15483,62,0
15484,62,0
15485,60,0
15486,63,0
15487,63,0
15488,62,0
15489,62,0
15490,62,0
15491,63,0
15492,59,0
15493,64,0
15494,62,0
15495,62,0
15496,64,0
15497,59,0
15498,61,0
15499,63,0
15500,62,0
15501,62,0
15502,63,0
15503,61,0
15504,63,0
15505,62,0
15506,62,0
15507,65,0
15508,61,0
15509,62,0
15510,64,0
15511,63,0
15512,61,0
15513,63,0
15514,62,0
15515,62,0
15516,63,0
15517,63,0
15518,62,0
15519,62,0
15520,61,0
15521,62,0
15522,61,0
15523,63,0
15524,62,0
15525,62,0
15526,65,0
15527,63,0
15528,61,0
15529,62,0
15530,62,0
15531,63,0
15532,63,0
15533,62,0
15534,62,0
15535,61,0
15536,65,0
15537,63,0
15538,62,0
15539,62,0
15540,63,0
15541,63,0
15542,64,0
15543,64,0
15544,63,0
15545,65,0
15546,62,0
15547,62,0
15548,64,0
15549,62,0
15550,63,0
15551,61,0
15552,62,0
15553,62,0
15554,61,0
15555,63,0
15556,63,0
15557,62,0
15558,60,0
15559,63,0
15560,65,0
15561,63,0
15562,64,0
15563,62,0
15564,63,0
15565,61,0
15566,63,0
15567,60,0
15568,60,0
15569,63,0
15570,59,0
15571,64,0
15572,62,0
15573,62,0
15574,61,0
15575,64,0
15576,64,0
15577,63,0
15578,61,0
15579,62,0
15580,64,0
15581,62,0
15582,63,0
15583,61,0
15584,62,0
15585,64,0
15586,62,0
15587,63,0
15588,65,0
15589,64,0
15590,64,0
15591,63,0
15592,63,0
15593,63,0
15594,64,0
15595,62,0
15596,62,0
15597,63,0
15598,61,0
15599,62,0
15600,62,0
15601,64,0
15602,62,0
15603,63,0
15604,63,0
15605,62,0
15606,64,0
15607,64,0
15608,59,0
15609,65,0
15610,62,0
15611,62,0
15612,62,0
15613,63,0
15614,61,0
15615,63,0
15616,63,0
15617,64,0
15618,62,0
15619,59,0
15620,65,0
15621,62,0
15622,62,0
15623,62,0
15624,63,0
15625,63,0
15626,60,0
15627,62,0
15628,64,0
15629,65,0
15630,63,0
15631,63,0
15632,61,0
15633,64,0
15634,64,0
15635,65,0
15636,61,0
15637,60,0
15638,64,0
15639,61,0
15640,65,0
15641,61,0
15642,62,0
15643,62,0
15644,63,0
15645,61,0
15646,64,0
15647,62,0
15648,61,0
15649,63,0
15650,62,0
15651,62,0
15652,65,0
15653,63,0
15654,65,0
15655,62,0
15656,62,0
15657,65,0
15658,62,0
15659,63,0
15660,61,0
15661,62,0
15662,62,0
15663,63,0
15664,65,0
15665,62,0
15666,62,0
15667,62,0
15668,63,0
15669,63,0
15670,61,0
15671,62,0
15672,60,0
15673,61,0
15674,65,0
15675,62,0
15676,62,0
15677,63,0
15678,65,0
15679,63,0
15680,62,0
15681,62,0
15682,65,0
15683,63,0
15684,63,0
15685,62,0
15686,64,0
15687,62,0
15688,62,0
15689,65,0
15690,63,0
15691,61,0
15692,62,0
15693,64,0
15694,63,0
15695,61,0
15696,61,0
15697,64,0
15698,62,0
15699,61,0
15700,61,0
15701,63,0
15702,62,0
15703,64,0
15704,65,0
15705,67,0
15706,63,0
15707,64,0
15708,62,0
15709,61,0
15710,63,0
15711,61,0
15712,62,0
15713,62,0
15714,62,0
15715,62,0
15716,65,0
15717,63,0
15718,61,0
15719,60,0
15720,64,0
15721,65,0
15722,61,0
15723,63,0
15724,62,0
15725,62,0
15726,63,0
15727,63,0
15728,63,0
15729,64,0
15730,64,0
15731,63,0
15732,61,0
15733,61,0
15734,64,0
15735,62,0
15736,63,0
15737,61,0
15738,63,0
15739,62,0
15740,62,0
15741,62,0
15742,65,0
15743,61,0
15744,63,0
15745,64,0
15746,64,0
15747,65,0
15748,61,0
15749,62,0
15750,62,0
15751,62,0
15752,65,0
15753,61,0
15754,62,0
15755,64,0
15756,63,0
15757,65,0
15758,65,0
15759,62,0
15760,62,0
15761,63,0
15762,65,0
15763,62,0
15764,62,0
15765,64,0
15766,67,0
15767,61,0
15768,63,0
15769,62,0
15770,60,0
15771,62,0
15772,63,0
15773,65,0
15774,62,0
15775,62,0
15776,62,0
15777,65,0
15778,63,0
15779,64,0
15780,60,0
15781,63,0
15782,63,0
15783,63,0
15784,64,0
15785,62,0
15786,63,0
15787,63,0
15788,64,0
15789,64,0
15790,60,0
15791,63,0
15792,65,0
15793,62,0
15794,62,0
15795,63,0
15796,63,0
15797,63,0
15798,63,0
15799,62,0
15800,62,0
15801,63,0
15802,63,0
15803,62,0
15804,62,0
15805,63,0
15806,65,0
15807,62,0
15808,62,0
15809,63,0
15810,61,0
15811,63,0
15812,62,0
15813,62,0
15814,63,0
15815,65,0
15816,62,0
15817,64,0
15818,61,0
15819,65,0
15820,61,0
15821,62,0
15822,62,0
15823,62,0
15824,64,0
15825,61,0
15826,61,0
15827,62,0
15828,62,0
15829,63,0
15830,63,0
15831,60,0
15832,62,0
15833,61,0
15834,61,0
15835,64,0
15836,62,0
15837,64,0
15838,63,0
15839,59,0
15840,64,0
15841,62,0
15842,64,0
15843,63,0
15844,63,0
15845,62,0
15846,62,0
15847,64,0
15848,63,0
15849,59,0
15850,65,0
15851,63,0
15852,62,0
15853,62,0
15854,61,0
15855,63,0
15856,62,0
15857,64,0
15858,63,0
15859,63,0
15860,65,0
15861,62,0
15862,62,0
15863,63,0
15864,63,0
15865,63,0
15866,62,0
15867,62,0
15868,62,0
15869,63,0
15870,65,0
15871,62,0
15872,62,0
15873,65,0
15874,63,0
15875,61,0
15876,65,0
15877,63,0
15878,62,0
15879,64,0
15880,64,0
15881,61,0
15882,63,0
15883,62,0
15884,64,0
15885,62,0
15886,63,0
15887,61,0
15888,64,0
15889,62,0
15890,62,0
15891,65,0
15892,65,0
15893,60,0
15894,62,0
15895,65,0
15896,63,0
15897,61,0
15898,64,0
15899,62,0
15900,62,0
15901,65,0
15902,63,0
15903,61,0
15904,61,0
15905,62,0
15906,60,0
15907,62,0
15908,63,0
15909,63,0
15910,62,0
15911,62,0
15912,63,0
15913,63,0
15914,62,0
15915,62,0
15916,63,0
15917,62,0
15918,64,0
15919,63,0
15920,63,0
15921,62,0
15922,63,0
15923,63,0
15924,62,0
15925,62,0
15926,61,0
15927,63,0
15928,60,0
15929,62,0
15930,63,0
15931,61,0
15932,61,0
15933,62,0
15934,62,0
15935,63,0
15936,65,0
15937,62,0
15938,64,0
15939,61,0
15940,63,0
15941,62,0
15942,64,0
15943,61,0
15944,63,0
15945,63,0
15946,62,0
15947,62,0
15948,61,0
15949,63,0
15950,65,0
15951,64,0
15952,62,0
15953,65,0
15954,65,0
15955,62,0
15956,64,0
15957,62,0
15958,61,0
15959,61,0
15960,62,0
15961,65,0
15962,62,0
15963,64,0
15964,65,0
15965,61,0
15966,62,0
15967,64,0
15968,62,0
15969,63,0
15970,64,0
15971,62,0
15972,62,0
15973,61,0
15974,61,0
15975,62,0
15976,62,0
15977,63,0
15978,65,0
15979,63,0
15980,64,0
15981,64,0
15982,65,0
15983,65,0
15984,64,0
15985,62,0
15986,62,0
15987,65,0
15988,61,0
15989,64,0
15990,62,0
15991,61,0
15992,62,0
15993,64,0
15994,60,0
15995,62,0
15996,60,0
15997,60,0
15998,63,0
15999,65,0
16000,62,0
16001,64,0
16002,62,0
16003,65,0
16004,63,0
16005,62,0
16006,60,0
16007,62,0
16008,63,0
16009,63,0
16010,62,0
16011,64,0
16012,63,0
16013,63,0
16014,62,0
16015,62,0
16016,61,0
16017,63,0
16018,61,0
16019,62,0
16020,63,0
16021,62,0
16022,63,0
16023,63,0
16024,65,0
16025,62,0
16026,62,0
16027,65,0
16028,65,0
16029,62,0
16030,62,0
16031,63,0
16032,63,0
16033,62,0
16034,64,0
16035,63,0
16036,63,0
16037,62,0
16038,62,0
16039,61,0
16040,65,0
16041,62,0
16042,62,0
16043,63,0
16044,63,0
16045,62,0
16046,61,0
16047,63,0
16048,63,0
16049,61,0
16050,62,0
16051,62,0
16052,61,0
16053,63,0
16054,62,0
16055,62,0
16056,63,0
16057,65,0
16058,63,0
16059,62,0
16060,62,0
16061,61,0
16062,63,0
16063,62,0
16064,64,0
16065,63,0
16066,65,0
16067,65,0
16068,62,0
16069,62,0
16070,61,0
16071,65,0
16072,63,0
16073,64,0
16074,64,0
16075,62,0
16076,63,0
16077,59,0
16078,63,0
16079,60,0
16080,62,0
16081,61,0
16082,63,0
16083,60,0
16084,62,0
16085,61,0
16086,65,0
16087,63,0
16088,62,0
16089,64,0
16090,61,0
16091,63,0
16092,62,0
16093,60,0
16094,63,0
16095,63,0
16096,65,0
16097,62,0
16098,62,0
16099,61,0
16100,63,0
16101,59,0
16102,62,0
16103,60,0
16104,62,0
16105,61,0
16106,63,0
16107,63,0
16108,64,0
16109,62,0
16110,65,0
16111,63,0
16112,62,0
16113,62,0
16114,62,0
16115,63,0
16116,63,0
16117,62,0
16118,64,0
16119,63,0
16120,63,0
16121,61,0
16122,62,0
16123,64,0
16124,61,0
16125,63,0
16126,64,0
16127,62,0
16128,63,0
16129,65,0
16130,65,0
16131,64,0
16132,64,0
16133,62,0
16134,65,0
16135,61,0
16136,63,0
16137,64,0
16138,62,0
16139,63,0
16140,63,0
16141,64,0
16142,62,0
16143,63,0
16144,65,0
16145,65,0
16146,62,0
16147,62,0
16148,61,0
16149,63,0
16150,64,0
16151,62,0
16152,63,0
16153,65,0
16154,64,0
16155,62,0
16156,62,0
16157,63,0
16158,65,0
16159,62,0
16160,63,0
16161,62,0
16162,64,0
16163,65,0
16164,65,0
16165,62,0
16166,62,0
16167,63,0
16168,63,0
16169,62,0
16170,64,0
16171,63,0
16172,65,0
16173,62,0
16174,64,0
16175,63,0
16176,65,0
16177,62,0
16178,62,0
16179,61,0
16180,63,0
16181,62,0
16182,64,0
16183,63,0
16184,63,0
16185,64,0
16186,62,0
16187,64,0
16188,65,0
16189,65,0
16190,62,0
16191,64,0
16192,65,0
16193,61,0
16194,61,0
16195,62,0
16196,62,0
16197,65,0
16198,61,0
16199,62,0
16200,64,0
16201,61,0
16202,63,0
16203,62,0
16204,64,0
16205,62,0
16206,61,0
16207,65,0
16208,62,0
16209,62,0
16210,63,0
16211,65,0
16212,62,0
16213,62,0
16214,62,0
16215,62,0
16216,63,0
16217,63,0
16218,62,0
16219,62,0
16220,63,0
16221,61,0
16222,62,0
16223,62,0
16224,65,0
16225,61,0
16226,62,0
16227,64,0
16228,63,0
16229,61,0
16230,62,0
16231,64,0
16232,63,0
16233,61,0
16234,62,0
16235,62,0
16236,61,0
16237,61,0
16238,65,0
16239,64,0
16240,64,0
16241,64,0
16242,64,0
16243,65,0
16244,63,0
16245,63,0
16246,62,0
16247,62,0
16248,61,0
16249,61,0
16250,62,0
16251,62,0
16252,64,0
16253,63,0
16254,61,0
16255,62,0
16256,62,0
16257,61,0
16258,65,0
16259,64,0
16260,64,0
16261,61,0
16262,63,0
16263,63,0
16264,64,0
16265,64,0
16266,65,0
16267,65,0
16268,63,0
16269,61,0
16270,62,0
16271,62,0
16272,63,0
16273,63,0
16274,64,0
16275,62,0
16276,62,0
16277,65,0
16278,63,0
16279,62,0
16280,62,0
16281,65,0
16282,63,0
16283,62,0
16284,62,0
16285,63,0
16286,63,0
16287,62,0
16288,64,0
16289,61,0
16290,61,0
16291,63,0
16292,62,0
16293,62,0
16294,63,0
16295,63,0
16296,63,0
16297,62,0
16298,64,0
16299,62,0
16300,63,0
16301,63,0
16302,62,0
16303,62,0
16304,63,0
16305,63,0
16306,64,0
16307,62,0
16308,65,0
16309,63,0
16310,62,0
16311,62,0
16312,63,0
16313,63,0
16314,64,0
16315,62,0
16316,63,0
16317,61,0
16318,62,0
16319,62,0
16320,63,0
16321,63,0
16322,62,0
16323,62,0
16324,62,0
16325,65,0
16326,63,0
16327,64,0
16328,62,0
16329,61,0
16330,63,0
16331,64,0
16332,62,0
16333,62,0
16334,61,0
16335,63,0
16336,64,0
16337,62,0
16338,61,0
16339,65,0
16340,62,0
16341,62,0
16342,64,0
16343,65,0
16344,65,0
16345,62,0
16346,62,0
16347,61,0
16348,63,0
16349,64,0
16350,62,0
16351,62,0
16352,64,0
16353,63,0
16354,61,0
16355,62,0
16356,64,0
16357,64,0
16358,63,0
16359,65,0
16360,64,0
16361,62,0
16362,63,0
16363,63,0
16364,61,0
16365,62,0
16366,62,0
16367,63,0
16368,65,0
16369,63,0
16370,62,0
16371,62,0
16372,63,0
16373,61,0
16374,64,0
16375,64,0
16376,65,0
16377,61,0
16378,61,0
16379,61,0
16380,64,0
16381,62,0
16382,62,0
16383,63,0
16384,63,0
16385,64,0
16386,64,0
16387,61,0
16388,65,0
16389,62,0
16390,62,0
16391,62,0
16392,65,0
16393,62,0
16394,62,0
16395,64,0
16396,63,0
16397,63,0
16398,64,0
16399,64,0
16400,65,0
16401,63,0
16402,62,0
16403,62,0
16404,63,0
16405,61,0
16406,63,0
16407,62,0
16408,62,0
16409,61,0
16410,65,0
16411,61,0
16412,62,0
16413,61,0
16414,63,0
16415,62,0
16416,62,0
16417,65,0
16418,63,0
16419,62,0
16420,62,0
16421,63,0
16422,65,0
16423,65,0
16424,62,0
16425,64,0
16426,61,0
16427,61,0
16428,61,0
16429,64,0
16430,62,0
16431,63,0
16432,63,0
16433,61,0
16434,62,0
16435,62,0
16436,61,0
16437,63,0
16438,62,0
16439,62,0
16440,61,0
16441,63,0
16442,60,0
16443,62,0
16444,60,0
16445,63,0
16446,61,0
16447,62,0
16448,62,0
16449,63,0
16450,63,0
16451,62,0
16452,62,0
16453,59,0
16454,61,0
16455,62,0
16456,62,0
16457,61,0
16458,61,0
16459,62,0
16460,60,0
16461,63,0
16462,61,0
16463,63,0
16464,63,0
16465,62,0
16466,62,0
16467,63,0
16468,63,0
16469,62,0
16470,62,0
16471,60,0
16472,63,0
16473,63,0
16474,62,0
16475,62,0
16476,62,0
16477,63,0
16478,63,0
16479,62,0
16480,62,0
16481,60,0
16482,61,0
16483,59,0
16484,60,0
16485,62,0
16486,63,0
16487,61,0
16488,63,0
16489,62,0
16490,62,0
16491,62,0
16492,62,0
16493,63,0
16494,63,0
16495,64,0
16496,64,0
16497,61,0
16498,61,0
16499,62,0
16500,62,0
16501,65,0
16502,65,0
16503,65,0
16504,62,0
16505,62,0
16506,61,0
16507,63,0
16508,63,0
16509,62,0
16510,62,0
16511,61,0
16512,61,0
16513,63,0
16514,62,0
16515,62,0
16516,65,0
16517,63,0
16518,63,0
16519,61,0
16520,62,0
16521,64,0
16522,63,0
16523,63,0
16524,63,0
16525,62,0
16526,62,0
16527,65,0
16528,63,0
16529,64,0
16530,64,0
16531,63,0
16532,63,0
16533,61,0
16534,62,0
16535,64,0
16536,63,0
16537,65,0
16538,62,0
16539,62,0
16540,63,0
16541,65,0
16542,64,0
16543,62,0
16544,63,0
16545,65,0
16546,62,0
16547,62,0
16548,62,0
16549,63,0
16550,65,0
16551,64,0
16552,62,0
16553,63,0
16554,63,0
16555,62,0
16556,64,0
16557,63,0
16558,61,0
16559,63,0
16560,64,0
16561,64,0
16562,65,0
16563,62,0
16564,62,0
16565,61,0
16566,65,0
16567,62,0
16568,62,0
16569,63,0
16570,63,0
16571,62,0
16572,62,0
16573,62,0
16574,63,0
16575,63,0
16576,62,0
16577,60,0
16578,61,0
16579,65,0
16580,60,0
16581,62,0
16582,63,0
16583,63,0
16584,63,0
16585,62,0
16586,62,0
16587,61,0
16588,59,0
16589,62,0
16590,62,0
16591,61,0
16592,63,0
16593,62,0
16594,62,0
16595,62,0
16596,61,0
16597,63,0
16598,62,0
16599,62,0
16600,63,0
16601,61,0
16602,61,0
16603,65,0
16604,62,0
16605,64,0
16606,63,0
16607,59,0
16608,63,0
16609,62,0
16610,62,0
16611,61,0
16612,61,0
16613,63,0
16614,60,0
16615,62,0
16616,61,0
16617,63,0
16618,62,0
16619,62,0
16620,59,0
16621,61,0
16622,63,0
16623,62,0
16624,60,0
16625,65,0
16626,61,0
16627,63,0
16628,62,0
16629,62,0
16630,62,0
16631,59,0
16632,63,0
16633,65,0
16634,62,0
16635,62,0
16636,63,0
16637,65,0
16638,62,0
16639,62,0
16640,62,0
16641,63,0
16642,65,0
16643,62,0
16644,62,0
16645,62,0
16646,61,0
16647,62,0
16648,64,0
16649,60,0
16650,64,0
16651,62,0
16652,62,0
16653,63,0
16654,63,0
16655,62,0
16656,62,0
16657,63,0
16658,61,0
16659,62,0
16660,62,0
16661,62,0
16662,63,0
16663,65,0
16664,64,0
16665,62,0
16666,63,0
16667,61,0
16668,64,0
16669,62,0
16670,63,0
16671,63,0
16672,60,0
16673,62,0
16674,61,0
16675,61,0
16676,60,0
16677,60,0
16678,61,0
16679,61,0
16680,60,0
16681,62,0
16682,61,0
16683,63,0
16684,62,0
16685,62,0
16686,63,0
16687,65,0
16688,62,0
16689,62,0
16690,61,0
16691,63,0
16692,61,0
16693,60,0
16694,60,0
16695,65,0
16696,61,0
16697,65,0
16698,64,0
16699,62,0
16700,63,0
16701,65,0
16702,65,0
16703,60,0
16704,60,0
16705,65,0
16706,63,0
16707,62,0
16708,60,0
16709,62,0
16710,63,0
16711,61,0
16712,60,0
16713,62,0
16714,59,0
16715,63,0
16716,64,0
16717,64,0
16718,62,0
16719,64,0
16720,63,0
16721,61,0
16722,61,0
16723,62,0
16724,62,0
16725,61,0
16726,63,0
16727,64,0
16728,62,0
16729,62,0
16730,61,0
16731,63,0
16732,62,0
16733,62,0
16734,64,0
16735,63,0
16736,61,0
16737,65,0
16738,64,0
16739,62,0
16740,62,0
16741,61,0
16742,65,0
16743,64,0
16744,61,0
16745,65,0
16746,62,0
16747,62,0
16748,65,0
16749,65,0
16750,63,0
16751,64,0
16752,64,0
16753,62,0
16754,61,0
16755,63,0
16756,64,0
16757,64,0
16758,64,0
16759,65,0
16760,65,0
16761,62,0
16762,62,0
16763,64,0
16764,63,0
16765,63,0
16766,61,0
16767,62,0
16768,62,0
16769,61,0
16770,63,0
16771,61,0
16772,65,0
16773,61,0
16774,62,0
16775,62,0
16776,64,0
16777,65,0
16778,65,0
16779,62,0
16780,62,0
16781,62,0
16782,63,0
16783,63,0
16784,64,0
16785,64,0
16786,64,0
16787,63,0
16788,61,0
16789,61,0
16790,62,0
16791,62,0
16792,63,0
16793,61,0
16794,65,0
16795,64,0
16796,62,0
16797,65,0
16798,61,0
16799,65,0
16800,61,0
16801,64,0
16802,62,0
16803,61,0
16804,63,0
16805,62,0
16806,62,0
16807,63,0
16808,61,0
16809,61,0
16810,64,0
16811,64,0
16812,63,0
16813,63,0
16814,63,0
16815,62,0
16816,62,0
16817,63,0
16818,63,0
16819,63,0
16820,62,0
16821,64,0
16822,61,0
16823,65,0
16824,62,0
16825,62,0
16826,62,0
16827,62,0
16828,63,0
16829,63,0
16830,62,0
16831,62,0
16832,62,0
16833,65,0
16834,63,0
16835,62,0
16836,64,0
16837,61,0
16838,63,0
16839,64,0
16840,62,0
16841,63,0
16842,65,0
16843,61,0
16844,62,0
16845,62,0
16846,62,0
16847,64,0
16848,61,0
16849,65,0
16850,62,0
16851,62,0
16852,63,0
16853,63,0
16854,61,0
16855,63,0
16856,60,0
16857,62,0
16858,63,0
16859,61,0
16860,61,0
16861,62,0
16862,60,0
16863,61,0
16864,65,0
16865,60,0
16866,62,0
16867,62,0
16868,61,0
16869,63,0
16870,60,0
16871,62,0
16872,63,0
16873,61,0
16874,62,0
16875,64,0
16876,64,0
16877,61,0
16878,65,0
16879,62,0
16880,62,0
16881,64,0
16882,65,0
16883,61,0
16884,64,0
16885,62,0
16886,62,0
16887,61,0
16888,61,0
16889,62,0
16890,64,0
16891,62,0
16892,62,0
16893,62,0
16894,63,0
16895,65,0
16896,62,0
16897,62,0
16898,62,0
16899,61,0
16900,65,0
16901,64,0
16902,62,0
16903,62,0
16904,65,0
16905,61,0
16906,62,0
16907,62,0
16908,62,0
16909,65,0
16910,61,0
16911,64,0
16912,64,0
16913,64,0
16914,63,0
16915,63,0
16916,65,0
16917,62,0
16918,62,0
16919,61,0
16920,65,0
16921,63,0
16922,61,0
16923,64,0
16924,62,0
16925,62,0
16926,63,0
16927,65,0
16928,62,0
16929,62,0
16930,65,0
16931,61,0
16932,63,0
16933,62,0
16934,64,0
16935,63,0
16936,61,0
16937,64,0
16938,62,0
16939,61,0
16940,61,0
16941,63,0
16942,62,0
16943,62,0
16944,63,0
16945,61,0
16946,62,0
16947,62,0
16948,62,0
16949,65,0
16950,63,0
16951,65,0
16952,62,0
16953,62,0
16954,61,0
16955,63,0
16956,61,0
16957,63,0
16958,62,0
16959,64,0
16960,63,0
16961,63,0
16962,61,0
16963,64,0
16964,62,0
16965,63,0
16966,63,0
16967,62,0
16968,62,0
16969,62,0
16970,63,0
16971,65,0
16972,64,0
16973,62,0
16974,61,0
16975,65,0
16976,61,0
16977,62,0
16978,62,0
16979,62,0
16980,63,0
16981,61,0
16982,64,0
16983,65,0
16984,64,0
16985,64,0
16986,65,0
16987,61,0
16988,61,0
16989,64,0
16990,64,0
16991,63,0
16992,63,0
16993,62,0
16994,62,0
16995,64,0
16996,63,0
16997,61,0
16998,63,0
16999,62,0
17000,62,0
17001,63,0
17002,61,0
17003,65,0
17004,64,0
17005,62,0
17006,62,0
17007,63,0
17008,63,0
17009,62,0
17010,63,0
17011,64,0
17012,62,0
17013,63,0
17014,63,0
17015,63,0
17016,64,0
17017,64,0
17018,63,0
17019,63,0
17020,62,0
17021,62,0
17022,65,0
17023,65,0
17024,65,0
17025,62,0
17026,62,0
17027,65,0
17028,65,0
17029,62,0
17030,62,0
17031,61,0
17032,63,0
17033,64,0
17034,62,0
17035,64,0
17036,61,0
17037,63,0
17038,62,0
17039,64,0
17040,65,0
17041,61,0
17042,64,0
17043,62,0
17044,60,0
17045,61,0
17046,63,0
17047,64,0
17048,62,0
17049,63,0
17050,65,0
17051,62,0
17052,64,0
17053,65,0
17054,61,0
17055,64,0
17056,62,0
17057,63,0
17058,65,0
17059,62,0
17060,62,0
17061,62,0
17062,63,0
17063,63,0
17064,63,0
17065,64,0
17066,62,0
17067,61,0
17068,63,0
17069,63,0
17070,62,0
17071,62,0
17072,63,0
17073,63,0
17074,63,0
17075,62,0
17076,64,0
17077,63,0
17078,63,0
17079,64,0
17080,62,0
17081,62,0
17082,65,0
17083,63,0
17084,62,0
17085,62,0
17086,61,0
17087,63,0
17088,65,0
17089,62,0
17090,64,0
17091,60,0
17092,63,0
17093,65,0
17094,61,0
17095,60,0
17096,62,0
17097,65,0
17098,63,0
17099,62,0
17100,62,0
17101,65,0
17102,65,0
17103,62,0
17104,62,0
17105,61,0
17106,61,0
17107,65,0
17108,62,0
17109,60,0
17110,63,0
17111,61,0
17112,62,0
17113,62,0
17114,63,0
17115,63,0
17116,62,0
17117,62,0
17118,62,0
17119,63,0
17120,65,0
17121,62,0
17122,62,0
17123,63,0
17124,61,0
17125,62,0
17126,64,0
17127,65,0
17128,65,0
17129,61,0
17130,64,0
17131,62,0
17132,65,0
17133,65,0
17134,62,0
17135,62,0
17136,63,0
17137,63,0
17138,62,0
17139,64,0
17140,63,0
17141,61,0
17142,63,0
17143,62,0
17144,62,0
17145,63,0
17146,63,0
17147,62,0
17148,62,0
17149,63,0
17150,61,0
17151,62,0
17152,64,0
17153,64,0
17154,63,0
17155,63,0
17156,62,0
17157,62,0
17158,63,0
17159,63,0
17160,63,0
17161,64,0
17162,62,0
17163,62,0
17164,61,0
17165,63,0
17166,62,0
17167,62,0
17168,64,0
17169,61,0
17170,61,0
17171,65,0
17172,64,0
17173,62,0
17174,59,0
17175,61,0
17176,63,0
17177,60,0
17178,62,0
17179,60,0
17180,61,0
17181,59,0
17182,61,0
17183,64,0
17184,60,0
17185,61,0
17186,61,0
17187,60,0
17188,62,0
17189,64,0
17190,61,0
17191,65,0
17192,62,0
17193,60,0
17194,63,0
17195,59,0
17196,62,0
17197,62,0
17198,64,0
17199,59,0
17200,63,0
17201,60,0
17202,62,0
17203,61,0
17204,63,0
17205,63,0
17206,62,0
17207,62,0
17208,62,0
17209,65,0
17210,65,0
17211,62,0
17212,62,0
17213,63,0
17214,63,0
17215,61,0
17216,62,0
17217,62,0
17218,63,0
17219,65,0
17220,61,0
17221,62,0
17222,64,0
17223,63,0
17224,61,0
17225,62,0
17226,62,0
17227,62,0
17228,61,0
17229,61,0
17230,63,0
17231,62,0
17232,64,0
17233,63,0
17234,65,0
17235,64,0
17236,62,0
17237,63,0
17238,61,0
17239,63,0
17240,61,0
17241,63,0
17242,64,0
17243,62,0
17244,63,0
17245,61,0
17246,63,0
17247,64,0
17248,62,0
17249,62,0
17250,63,0
17251,65,0
17252,62,0
17253,62,0
17254,64,0
17255,63,0
17256,65,0
17257,62,0
17258,62,0
17259,64,0
17260,65,0
17261,61,0
17262,64,0
17263,62,0
17264,62,0
17265,65,0
17266,61,0
17267,63,0
17268,65,0
17269,64,0
17270,62,0
17271,61,0
17272,65,0
17273,63,0
17274,64,0
17275,62,0
17276,62,0
17277,62,0
17278,62,0
17279,65,0
17280,65,0
17281,62,0
17282,64,0
17283,62,0
17284,62,0
17285,63,0
17286,61,0
17287,63,0
17288,64,0
17289,64,0
17290,65,0
17291,63,0
17292,63,0
17293,64,0
17294,64,0
17295,63,0
17296,63,0
17297,63,0
17298,64,0
17299,64,0
17300,64,0
17301,63,0
17302,61,0
17303,64,0
17304,63,0
17305,61,0
17306,62,0
17307,62,0
17308,62,0
17309,65,0
17310,65,0
17311,62,0
17312,62,0
17313,62,0
17314,63,0
17315,61,0
17316,65,0
17317,62,0
17318,64,0
17319,63,0
17320,63,0
17321,61,0
17322,62,0
17323,64,0
17324,61,0
17325,65,0
17326,63,0
17327,62,0
17328,64,0
17329,63,0
17330,61,0
17331,62,0
17332,62,0
17333,62,0
17334,64,0
17335,64,0
17336,61,0
17337,61,0
17338,61,0
17339,62,0
17340,62,0
17341,63,0
17342,61,0
17343,65,0
17344,62,0
17345,64,0
17346,63,0
17347,63,0
17348,62,0
17349,62,0
17350,63,0
17351,63,0
17352,63,0
17353,64,0
17354,62,0
17355,61,0
17356,63,0
17357,63,0
17358,62,0
17359,64,0
17360,63,0
17361,63,0
17362,63,0
17363,63,0
17364,63,0
17365,62,0
17366,62,0
17367,63,0
17368,65,0
17369,62,0
17370,64,0
17371,62,0
17372,63,0
17373,65,0
17374,62,0
17375,62,0
17376,64,0
17377,63,0
17378,61,0
17379,62,0
17380,62,0
17381,64,0
17382,63,0
17383,61,0
17384,62,0
17385,64,0
17386,62,0
17387,63,0
17388,63,0
17389,63,0
17390,62,0
17391,62,0
17392,65,0
17393,63,0
17394,61,0
17395,65,0
17396,63,0
17397,62,0
17398,62,0
17399,62,0
17400,63,0
17401,65,0
17402,63,0
17403,62,0
17404,62,0
17405,62,0
17406,63,0
17407,65,0
17408,62,0
17409,62,0
17410,62,0
17411,64,0
17412,62,0
17413,61,0
17414,65,0
17415,65,0
17416,62,0
17417,62,0
17418,62,0
17419,65,0
17420,61,0
17421,65,0
17422,64,0
17423,62,0
17424,64,0
17425,63,0
17426,61,0
17427,62,0
17428,62,0
17429,62,0
17430,63,0
17431,63,0
17432,62,0
17433,62,0
17434,62,0
17435,61,0
17436,65,0
17437,63,0
17438,62,0
17439,62,0
17440,64,0
17441,62,0
17442,61,0
17443,65,0
17444,62,0
17445,62,0
17446,62,0
17447,63,0
17448,65,0
17449,62,0
17450,62,0
17451,64,0
17452,63,0
17453,61,0
17454,62,0
17455,62,0
17456,62,0
17457,63,0
17458,63,0
17459,61,0
17460,64,0
17461,62,0
17462,63,0
17463,63,0
17464,62,0
17465,64,0
17466,62,0
17467,62,0
17468,63,0
17469,63,0
17470,62,0
17471,62,0
17472,64,0
17473,63,0
17474,63,0
17475,63,0
17476,62,0
17477,62,0
17478,63,0
17479,63,0
17480,62,0
17481,62,0
17482,62,0
17483,63,0
17484,65,0
17485,62,0
17486,62,0
17487,62,0
17488,65,0
17489,61,0
17490,62,0
17491,62,0
17492,62,0
17493,64,0
17494,62,0
17495,63,0
17496,61,0
17497,63,0
17498,64,0
17499,62,0
17500,63,0
17501,63,0
17502,61,0
17503,62,0
17504,62,0
17505,61,0
17506,65,0
17507,65,0
17508,62,0
17509,62,0
17510,62,0
17511,61,0
17512,63,0
17513,62,0
17514,62,0
17515,64,0
17516,65,0
17517,61,0
17518,63,0
17519,62,0
17520,62,0
17521,62,0
17522,64,0
17523,61,0
17524,63,0
17525,61,0
17526,62,0
17527,62,0
17528,65,0
17529,63,0
17530,61,0
17531,64,0
17532,64,0
17533,62,0
17534,63,0
17535,63,0
17536,63,0
17537,64,0
17538,64,0
17539,61,0
17540,63,0
17541,63,0
17542,64,0
17543,62,0
17544,62,0
17545,62,0
17546,61,0
17547,61,0
17548,65,0
17549,63,0
17550,62,0
17551,62,0
17552,64,0
17553,63,0
17554,65,0
17555,64,0
17556,64,0
17557,62,0
17558,63,0
17559,65,0
17560,63,0
17561,63,0
17562,64,0
17563,64,0
17564,65,0
17565,61,0
17566,61,0
17567,62,0
17568,62,0
17569,62,0
17570,61,0
17571,65,0
17572,63,0
17573,62,0
17574,62,0
17575,61,0
17576,63,0
17577,61,0
17578,65,0
17579,63,0
17580,62,0
17581,62,0
17582,61,0
17583,63,0
17584,65,0
17585,62,0
17586,62,0
17587,65,0
17588,65,0
17589,63,0
17590,62,0
17591,62,0
17592,65,0
17593,63,0
17594,63,0
17595,64,0
17596,64,0
17597,63,0
17598,61,0
17599,63,0
17600,62,0
17601,64,0
17602,63,0
17603,61,0
17604,63,0
17605,62,0
17606,62,0
17607,63,0
17608,63,0
17609,65,0
17610,63,0
17611,62,0
17612,64,0
17613,62,0
17614,63,0
17615,63,0
17616,62,0
17617,62,0
17618,61,0
17619,63,0
17620,63,0
17621,62,0
17622,64,0
17623,64,0
17624,61,0
17625,63,0
17626,63,0
17627,64,0
17628,62,0
17629,64,0
17630,63,0
17631,61,0
17632,62,0
17633,64,0
17634,64,0
17635,61,0
17636,61,0
17637,63,0
17638,65,0
17639,62,0
17640,62,0
17641,62,0
17642,63,0
17643,61,0
17644,62,0
17645,62,0
17646,62,0
17647,63,0
17648,65,0
17649,63,0
17650,64,0
17651,62,0
17652,62,0
17653,63,0
17654,63,0
17655,61,0
17656,62,0
17657,64,0
17658,61,0
17659,65,0
17660,63,0
17661,63,0
17662,64,0
17663,62,0
17664,63,0
17665,64,0
17666,63,0
17667,63,0
17668,64,0
17669,64,0
17670,62,0
17671,61,0
17672,63,0
17673,64,0
17674,64,0
17675,62,0
17676,63,0
17677,63,0
17678,63,0
17679,64,0
17680,62,0
17681,64,0
17682,63,0
17683,61,0
17684,63,0
17685,62,0
17686,62,0
17687,64,0
17688,64,0
17689,61,0
17690,63,0
17691,62,0
17692,62,0
17693,63,0
17694,65,0
17695,62,0
17696,62,0
17697,62,0
17698,61,0
17699,63,0
17700,64,0
17701,62,0
17702,65,0
17703,61,0
17704,64,0
17705,62,0
17706,64,0
17707,65,0
17708,61,0
17709,63,0
17710,61,0
17711,63,0
17712,64,0
17713,62,0
17714,63,0
17715,65,0
17716,61,0
17717,64,0
17718,62,0
17719,63,0
17720,61,0
17721,63,0
17722,62,0
17723,62,0
17724,61,0
17725,65,0
17726,62,0
17727,62,0
17728,62,0
17729,65,0
17730,63,0
17731,63,0
17732,62,0
17733,62,0
17734,63,0
17735,63,0
17736,62,0
17737,62,0
17738,63,0
17739,61,0
17740,62,0
17741,62,0
17742,62,0
17743,63,0
17744,63,0
17745,63,0
17746,63,0
17747,62,0
17748,62,0
17749,62,0
17750,65,0
17751,63,0
17752,63,0
17753,64,0
17754,64,0
17755,61,0
17756,63,0
17757,65,0
17758,63,0
17759,62,0
17760,64,0
17761,61,0
17762,65,0
17763,63,0
17764,64,0
17765,62,0
17766,61,0
17767,63,0
17768,63,0
17769,62,0
17770,64,0
17771,65,0
17772,65,0
17773,62,0
17774,62,0
17775,61,0
17776,61,0
17777,63,0
17778,62,0
17779,62,0
17780,63,0
17781,63,0
17782,64,0
17783,62,0
17784,61,0
17785,65,0
17786,61,0
17787,62,0
17788,64,0
17789,64,0
17790,62,0
17791,62,0
17792,63,0
17793,63,0
17794,61,0
17795,64,0
17796,62,0
17797,62,0
17798,63,0
17799,63,0
17800,61,0
17801,64,0
17802,64,0
17803,62,0
17804,61,0
17805,61,0
17806,61,0
17807,64,0
17808,64,0
17809,61,0
17810,61,0
17811,63,0
17812,64,0
17813,64,0
17814,62,0
17815,63,0
17816,63,0
17817,62,0
17818,64,0
17819,61,0
17820,65,0
17821,63,0
17822,63,0
17823,65,0
17824,65,0
17825,62,0
17826,64,0
17827,62,0
17828,65,0
17829,65,0
17830,62,0
17831,62,0
17832,62,0
17833,61,0
17834,65,0
17835,65,0
17836,64,0
17837,62,0
17838,62,0
17839,65,0
17840,63,0
17841,63,0
17842,62,0
17843,62,0
17844,62,0
17845,63,0
17846,65,0
17847,61,0
17848,62,0
17849,62,0
17850,63,0
17851,63,0
17852,62,0
17853,62,0
17854,63,0
17855,63,0
17856,63,0
17857,62,0
17858,62,0
17859,64,0
17860,62,0
17861,63,0
17862,61,0
17863,63,0
17864,62,0
17865,62,0
17866,62,0
17867,65,0
17868,61,0
17869,62,0
17870,62,0
17871,62,0
17872,63,0
17873,63,0
17874,63,0
17875,64,0
17876,62,0
17877,63,0
17878,63,0
17879,63,0
17880,62,0
17881,64,0
17882,63,0
17883,61,0
17884,63,0
17885,62,0
17886,62,0
17887,65,0
17888,61,0
17889,62,0
17890,62,0
17891,64,0
17892,62,0
17893,64,0
17894,61,0
17895,65,0
17896,63,0
17897,62,0
17898,62,0
17899,62,0
17900,65,0
17901,63,0
17902,65,0
17903,62,0
17904,62,0
17905,63,0
17906,63,0
17907,61,0
17908,63,0
17909,64,0
17910,64,0
17911,63,0
17912,63,0
17913,65,0
17914,62,0
17915,62,0
17916,62,0
17917,65,0
17918,61,0
17919,65,0
17920,63,0
17921,64,0
17922,62,0
17923,64,0
17924,65,0
17925,61,0
17926,61,0
17927,62,0
17928,62,0
17929,62,0
17930,61,0
17931,63,0
17932,63,0
17933,64,0
17934,64,0
17935,64,0
17936,63,0
17937,61,0
17938,64,0
17939,64,0
17940,64,0
17941,63,0
17942,61,0
17943,63,0
17944,62,0
17945,63,0
17946,62,0
17947,64,0
17948,63,0
17949,63,0
17950,63,0
17951,62,0
17952,64,0
17953,62,0
17954,61,0
17955,65,0
17956,65,0
17957,62,0
17958,62,0
17959,62,0
17960,63,0
17961,65,0
17962,62,0
17963,62,0
17964,65,0
17965,63,0
17966,65,0
17967,62,0
17968,62,0
17969,62,0
17970,61,0
17971,65,0
17972,61,0
17973,63,0
17974,61,0
17975,62,0
17976,62,0
17977,61,0
17978,63,0
17979,63,0
17980,64,0
17981,62,0
17982,62,0
17983,63,0
17984,63,0
17985,63,0
17986,62,0
17987,62,0
17988,62,0
17989,61,0
17990,65,0
17991,65,0
17992,62,0
17993,62,0
17994,65,0
17995,63,0
17996,61,0
17997,62,0
17998,64,0
17999,63,0
18000,65,0
18001,62,0
18002,62,0
18003,61,0
18004,63,0
18005,63,0
18006,64,0
18007,62,0
18008,62,0
18009,62,0
18010,63,0
18011,61,0
18012,62,0
18013,64,0
18014,64,0
18015,61,0
18016,61,0
18017,63,0
18018,62,0
18019,62,0
18020,65,0
18021,61,0
18022,62,0
18023,62,0
18024,63,0
18025,63,0
18026,61,0
18027,62,0
18028,62,0
18029,62,0
18030,61,0
18031,61,0
18032,65,0
18033,65,0
18034,63,0
18035,64,0
18036,64,0
18037,64,0
18038,63,0
18039,65,0
18040,61,0
18041,64,0
18042,62,0
18043,62,0
18044,61,0
18045,65,0
18046,63,0
18047,64,0
18048,62,0
18049,64,0
18050,62,0
18051,65,0
18052,63,0
18053,63,0
18054,62,0
18055,64,0
18056,65,0
18057,63,0
18058,61,0
18059,64,0
18060,64,0
18061,62,0
18062,62,0
18063,63,0
18064,63,0
18065,62,0
18066,62,0
18067,62,0
18068,61,0
18069,63,0
18070,63,0
18071,64,0
18072,64,0
18073,62,0
18074,61,0
18075,63,0
18076,63,0
18077,63,0
18078,62,0
18079,62,0
18080,62,0
18081,61,0
18082,63,0
18083,63,0
18084,64,0
18085,62,0
18086,61,0
18087,65,0
18088,65,0
18089,62,0
18090,62,0
18091,61,0
18092,65,0
18093,63,0
18094,62,0
18095,64,0
18096,62,0
18097,64,0
18098,62,0
18099,63,0
18100,61,0
18101,62,0
18102,62,0
18103,64,0
18104,61,0
18105,65,0
18106,63,0
18107,62,0
18108,64,0
18109,66,0
18110,63,0
18111,65,0
18112,63,0
18113,64,0
18114,62,0
18115,62,0
18116,63,0
18117,61,0
18118,62,0
18119,64,0
18120,64,0
18121,65,0
18122,63,0
18123,63,0
18124,63,0
18125,62,0
18126,62,0
18127,61,0
18128,63,0
18129,63,0
18130,62,0
18131,62,0
18132,63,0
18133,63,0
18134,63,0
18135,64,0
18136,62,0
18137,61,0
18138,61,0
18139,60,0
18140,65,0
18141,66,0
18142,61,0
18143,65,0
18144,63,0
18145,62,0
18146,62,0
18147,61,0
18148,63,0
18149,64,0
18150,62,0
18151,61,0
18152,63,0
18153,62,0
18154,62,0
18155,65,0
18156,65,0
18157,62,0
18158,62,0
18159,63,0
18160,61,0
18161,62,0
18162,62,0
18163,61,0
18164,61,0
18165,62,0
18166,62,0
18167,63,0
18168,61,0
18169,64,0
18170,62,0
18171,65,0
18172,63,0
18173,62,0
18174,63,0
18175,63,0
18176,62,0
18177,62,0
18178,61,0
18179,65,0
18180,62,0
18181,62,0
18182,65,0
18183,63,0
18184,62,0
18185,64,0
18186,63,0
18187,61,0
18188,62,0
18189,64,0
18190,65,0
18191,61,0
18192,62,0
18193,64,0
18194,63,0
18195,63,0
18196,64,0
18197,62,0
18198,63,0
18199,63,0
18200,62,0
18201,62,0
18202,64,0
18203,62,0
18204,63,0
18205,64,0
18206,64,0
18207,63,0
18208,63,0
18209,62,0
18210,62,0
18211,65,0
18212,65,0
18213,62,0
18214,62,0
18215,63,0
18216,63,0
18217,64,0
18218,62,0
18219,65,0
18220,63,0
18221,62,0
18222,64,0
18223,63,0
18224,61,0
18225,62,0
18226,64,0
18227,63,0
18228,63,0
18229,62,0
18230,62,0
18231,65,0
18232,63,0
18233,62,0
18234,63,0
18235,64,0
18236,64,0
18237,61,0
18238,64,0
18239,62,0
18240,65,0
18241,65,0
18242,62,0
18243,62,0
18244,63,0
18245,63,0
18246,64,0
18247,62,0
18248,63,0
18249,61,0
18250,62,0
18251,61,0
18252,63,0
18253,62,0
18254,62,0
18255,61,0
18256,63,0
18257,64,0
18258,62,0
18259,65,0
18260,62,0
18261,64,0
18262,63,0
18263,63,0
18264,62,0
18265,64,0
18266,65,0
18267,65,0
18268,62,0
18269,62,0
18270,65,0
18271,65,0
18272,64,0
18273,63,0
18274,63,0
18275,62,0
18276,62,0
18277,65,0
18278,61,0
18279,62,0
18280,64,0
18281,61,0
18282,61,0
18283,62,0
18284,64,0
18285,65,0
18286,64,0
18287,62,0
18288,63,0
18289,63,0
18290,61,0
18291,62,0
18292,64,0
18293,65,0
18294,65,0
18295,65,0
18296,63,0
18297,64,0
18298,62,0
18299,61,0
18300,63,0
18301,62,0
18302,64,0
18303,63,0
18304,63,0
18305,62,0
18306,64,0
18307,63,0
18308,63,0
18309,65,0
18310,62,0
18311,63,0
18312,63,0
18313,62,0
18314,62,0
18315,62,0
18316,61,0
18317,63,0
18318,64,0
18319,64,0
18320,63,0
18321,63,0
18322,64,0
18323,62,0
18324,64,0
18325,60,0
18326,61,0
18327,61,0
18328,62,0
18329,62,0
18330,61,0
18331,63,0
18332,62,0
18333,62,0
18334,60,0
18335,63,0
18336,61,0
18337,60,0
18338,64,0
18339,61,0
18340,65,0
18341,65,0
18342,64,0
18343,62,0
18344,61,0
18345,61,0
18346,62,0
18347,64,0
18348,62,0
18349,63,0
18350,63,0
18351,65,0
18352,63,0
18353,62,0
18354,64,0
18355,63,0
18356,61,0
18357,62,0
18358,62,0
18359,62,0
18360,61,0
18361,63,0
18362,62,0
18363,60,0
18364,65,0
18365,61,0
18366,60,0
18367,62,0
18368,63,0
18369,65,0
18370,62,0
18371,62,0
18372,61,0
18373,61,0
18374,62,0
18375,62,0
18376,62,0
18377,62,0
18378,63,0
18379,63,0
18380,62,0
18381,62,0
18382,61,0
18383,63,0
18384,62,0
18385,61,0
18386,63,0
18387,59,0
18388,60,0
18389,62,0
18390,61,0
18391,61,0
18392,62,0
18393,62,0
18394,61,0
18395,61,0
18396,62,0
18397,62,0
18398,61,0
18399,61,0
18400,59,0
18401,62,0
18402,60,0
18403,61,0
18404,61,0
18405,63,0
18406,62,0
18407,64,0
18408,65,0
18409,61,0
18410,60,0
18411,64,0
18412,63,0
18413,65,0
18414,59,0
18415,60,0
18416,60,0
18417,63,0
18418,61,0
18419,62,0
18420,64,0
18421,61,0
18422,61,0
18423,63,0
18424,62,0
18425,62,0
18426,63,0
18427,63,0
18428,62,0
18429,62,0
18430,63,0
18431,64,0
18432,61,0
18433,61,0
18434,62,0
18435,62,0
18436,63,0
18437,61,0
18438,62,0
18439,62,0
18440,64,0
18441,61,0
18442,65,0
18443,62,0
18444,62,0
18445,63,0
18446,61,0
18447,61,0
18448,62,0
18449,62,0
18450,61,0
18451,61,0
18452,61,0
18453,62,0
18454,62,0
18455,63,0
18456,61,0
18457,62,0
18458,62,0
18459,62,0
18460,62,0
18461,62,0
18462,61,0
18463,63,0
18464,64,0
18465,62,0
18466,61,0
18467,63,0
18468,61,0
18469,62,0
18470,62,0
18471,61,0
18472,63,0
18473,63,0
18474,62,0
18475,62,0
18476,61,0
18477,63,0
18478,62,0
18479,62,0
18480,60,0
18481,61,0
18482,61,0
18483,62,0
18484,62,0
18485,65,0
18486,61,0
18487,63,0
18488,65,0
18489,62,0
18490,64,0
18491,62,0
18492,59,0
18493,65,0
18494,62,0
18495,62,0
18496,63,0
18497,61,0
18498,62,0
18499,62,0
18500,62,0
18501,65,0
18502,59,0
18503,62,0
18504,62,0
18505,61,0
18506,61,0
18507,64,0
18508,62,0
18509,65,0
18510,63,0
18511,62,0
18512,60,0
18513,64,0
18514,63,0
18515,63,0
18516,65,0
18517,62,0
18518,65,0
18519,61,0
18520,62,0
18521,62,0
18522,63,0
18523,63,0
18524,62,0
18525,64,0
18526,63,0
18527,63,0
18528,62,0
18529,63,0
18530,63,0
18531,62,0
18532,62,0
18533,63,0
18534,65,0
18535,62,0
18536,64,0
18537,61,0
18538,63,0
18539,62,0
18540,63,0
18541,63,0
18542,64,0
18543,62,0
18544,63,0
18545,65,0
18546,62,0
18547,62,0
18548,63,0
18549,65,0
18550,62,0
18551,64,0
18552,63,0
18553,61,0
18554,63,0
18555,64,0
18556,62,0
18557,63,0
18558,63,0
18559,62,0
18560,63,0
18561,63,0
18562,64,0
18563,64,0
18564,63,0
18565,63,0
18566,62,0
18567,62,0
18568,64,0
18569,63,0
18570,65,0
18571,64,0
18572,62,0
18573,63,0
18574,63,0
18575,62,0
18576,64,0
18577,61,0
18578,63,0
18579,62,0
18580,64,0
18581,63,0
18582,63,0
18583,63,0
18584,64,0
18585,64,0
18586,65,0
18587,61,0
18588,62,0
18589,62,0
18590,65,0
18591,65,0
18592,62,0
18593,62,0
18594,61,0
18595,65,0
18596,62,0
18597,64,0
18598,63,0
18599,63,0
18600,62,0
18601,64,0
18602,61,0
18603,65,0
18604,64,0
18605,64,0
18606,63,0
18607,65,0
18608,62,0
18609,64,0
18610,65,0
18611,65,0
18612,64,0
18613,62,0
18614,65,0
18615,62,0
18616,62,0
18617,63,0
18618,63,0
18619,62,0
18620,62,0
18621,63,0
18622,63,0
18623,64,0
18624,64,0
18625,61,0
18626,63,0
18627,64,0
18628,62,0
18629,63,0
18630,63,0
18631,62,0
18632,65,0
18633,63,0
18634,62,0
18635,62,0
18636,63,0
18637,63,0
18638,62,0
18639,62,0
18640,61,0
18641,61,0
18642,62,0
18643,65,0
18644,63,0
18645,62,0
18646,62,0
18647,63,0
18648,63,0
18649,64,0
18650,62,0
18651,63,0
18652,63,0
18653,64,0
18654,63,0
18655,65,0
18656,62,0
18657,62,0
18658,61,0
18659,63,0
18660,62,0
18661,64,0
18662,65,0
18663,62,0
18664,62,0
18665,61,0
18666,63,0
18667,61,0
18668,63,0
18669,62,0
18670,62,0
18671,62,0
18672,63,0
18673,63,0
18674,62,0
18675,64,0
18676,63,0
18677,63,0
18678,62,0
18679,62,0
18680,65,0
18681,61,0
18682,65,0
18683,62,0
18684,64,0
18685,65,0
18686,63,0
18687,64,0
18688,62,0
18689,63,0
18690,63,0
18691,62,0
18692,62,0
18693,65,0
18694,63,0
18695,64,0
18696,64,0
18697,60,0
18698,62,0
18699,63,0
18700,63,0
18701,62,0
18702,60,0
18703,64,0
18704,65,0
18705,63,0
18706,64,0
18707,62,0
18708,63,0
18709,61,0
18710,61,0
18711,62,0
18712,62,0
18713,63,0
18714,63,0
18715,62,0
18716,62,0
18717,62,0
18718,61,0
18719,61,0
18720,62,0
18721,62,0
18722,63,0
18723,63,0
18724,63,0
18725,63,0
18726,62,0
18727,62,0
18728,59,0
18729,63,0
18730,63,0
18731,62,0
18732,60,0
18733,63,0
18734,63,0
18735,63,0
18736,64,0
18737,62,0
18738,65,0
18739,61,0
18740,62,0
18741,60,0
18742,60,0
18743,63,0
18744,63,0
18745,62,0
18746,62,0
18747,65,0
18748,63,0
18749,62,0
18750,62,0
18751,62,0
18752,64,0
18753,65,0
18754,61,0
18755,62,0
18756,62,0
18757,63,0
18758,65,0
18759,64,0
18760,62,0
18761,63,0
18762,63,0
18763,62,0
18764,64,0
18765,61,0
18766,63,0
18767,62,0
18768,62,0
18769,65,0
18770,62,0
18771,62,0
18772,63,0
18773,63,0
18774,62,0
18775,62,0
18776,63,0
18777,61,0
18778,62,0
18779,62,0
18780,63,0
18781,62,0
18782,62,0
18783,63,0
18784,63,0
18785,64,0
18786,62,0
18787,63,0
18788,63,0
18789,62,0
18790,63,0
18791,63,0
18792,64,0
18793,62,0
18794,63,0
18795,61,0
18796,64,0
18797,62,0
18798,63,0
18799,63,0
18800,62,0
18801,63,0
18802,61,0
18803,63,0
18804,62,0
18805,62,0
18806,62,0
18807,61,0
18808,61,0
18809,62,0
18810,62,0
18811,62,0
18812,65,0
18813,61,0
18814,62,0
18815,64,0
18816,64,0
18817,61,0
18818,61,0
18819,63,0
18820,62,0
18821,62,0
18822,65,0
18823,65,0
18824,62,0
18825,62,0
18826,63,0
18827,65,0
18828,62,0
18829,62,0
18830,61,0
18831,65,0
18832,62,0
18833,62,0
18834,61,0
18835,62,0
18836,62,0
18837,65,0
18838,61,0
18839,62,0
18840,64,0
18841,63,0
18842,63,0
18843,62,0
18844,64,0
18845,65,0
18846,63,0
18847,64,0
18848,64,0
18849,65,0
18850,65,0
18851,62,0
18852,62,0
18853,61,0
18854,63,0
18855,64,0
18856,64,0
18857,61,0
18858,61,0
18859,62,0
18860,62,0
18861,61,0
18862,63,0
18863,62,0
18864,62,0
18865,63,0
18866,61,0
18867,62,0
18868,64,0
18869,63,0
18870,63,0
18871,64,0
18872,64,0
18873,63,0
18874,63,0
18875,62,0
18876,64,0
18877,65,0
18878,65,0
18879,62,0
18880,62,0
18881,61,0
18882,85,0
18883,63,0
18884,65,0
18885,61,0
18886,65,0
18887,61,0
18888,63,0
18889,62,0
18890,62,0
18891,63,0
18892,63,0
18893,61,0
18894,64,0
18895,64,0
18896,61,0
18897,63,0
18898,61,0
18899,62,0
18900,62,0
18901,61,0
18902,61,0
18903,63,0
18904,63,0
18905,62,0
18906,62,0
18907,60,0
18908,61,0
18909,61,0
18910,62,0
18911,62,0
18912,62,0
18913,63,0
18914,63,0
18915,62,0
18916,62,0
18917,62,0
18918,61,0
18919,59,0
18920,63,0
18921,60,0
18922,62,0
18923,63,0
18924,63,0
18925,65,0
18926,60,0
18927,62,0
18928,64,0
18929,61,0
18930,61,0
18931,62,0
18932,62,0
18933,62,0
18934,63,0
18935,59,0
18936,62,0
18937,60,0
18938,64,0
18939,61,0
18940,61,0
18941,63,0
18942,62,0
18943,62,0
18944,63,0
18945,65,0
18946,63,0
18947,60,0
18948,62,0
18949,62,0
18950,59,0
18951,61,0
18952,60,0
18953,65,0
18954,64,0
18955,64,0
18956,62,0
18957,65,0
18958,61,0
18959,63,0
18960,62,0
18961,62,0
18962,62,0
18963,61,0
18964,63,0
18965,63,0
18966,62,0
18967,62,0
18968,61,0
18969,61,0
18970,61,0
18971,62,0
18972,62,0
18973,62,0
18974,62,0
18975,61,0
18976,63,0
18977,63,0
18978,62,0
18979,62,0
18980,62,0
18981,63,0
18982,61,0
18983,61,0
18984,62,0
18985,62,0
18986,63,0
18987,61,0
18988,61,0
18989,60,0
18990,62,0
18991,62,0
18992,63,0
18993,65,0
18994,62,0
18995,62,0
18996,62,0
18997,63,0
18998,63,0
18999,61,0
19000,62,0
19001,62,0
19002,60,0
19003,61,0
19004,59,0
19005,64,0
19006,62,0
19007,62,0
19008,63,0
19009,63,0
19010,62,0
19011,62,0
19012,62,0
19013,63,0
19014,61,0
19015,62,0
19016,60,0
19017,64,0
19018,61,0
19019,63,0
19020,63,0
19021,62,0
19022,60,0
19023,61,0
19024,63,0
19025,61,0
19026,62,0
19027,60,0
19028,63,0
19029,61,0
19030,63,0
19031,62,0
19032,62,0
19033,63,0
19034,63,0
19035,61,0
19036,62,0
19037,60,0
19038,65,0
19039,61,0
19040,61,0
19041,61,0
19042,62,0
19043,62,0
19044,62,0
19045,61,0
19046,63,0
19047,62,0
19048,62,0
19049,62,0
19050,61,0
19051,63,0
19052,62,0
19053,64,0
19054,62,0
19055,63,0
19056,61,0
19057,59,0
19058,62,0
19059,62,0
19060,61,0
19061,63,0
19062,62,0
19063,60,0
19064,61,0
19065,63,0
19066,59,0
19067,62,0
19068,62,0
19069,63,0
19070,62,0
19071,65,0
19072,61,0
19073,62,0
19074,60,0
19075,61,0
19076,61,0
19077,61,0
19078,62,0
19079,64,0
19080,65,0
19081,65,0
19082,60,0
19083,62,0
19084,62,0
19085,65,0
19086,63,0
19087,64,0
19088,62,0
19089,62,0
19090,63,0
19091,63,0
19092,62,0
19093,62,0
19094,63,0
19095,63,0
19096,63,0
19097,64,0
19098,63,0
19099,62,0
19100,60,0
19101,62,0
19102,63,0
19103,63,0
19104,60,0
19105,60,0
19106,62,0
19107,63,0
19108,61,0
19109,61,0
19110,62,0
19111,60,0
19112,61,0
19113,61,0
19114,62,0
19115,62,0
19116,62,0
19117,63,0
19118,63,0
19119,61,0
19120,60,0
19121,64,0
19122,64,0
19123,63,0
19124,61,0
19125,63,0
19126,62,0
19127,62,0
19128,62,0
19129,63,0
19130,65,0
19131,63,0
19132,62,0
19133,64,0
19134,64,0
19135,63,0
19136,65,0
19137,65,0
19138,62,0
19139,62,0
19140,60,0
19141,63,0
19142,63,0
19143,64,0
19144,60,0
19145,62,0
19146,63,0
19147,61,0
19148,65,0
19149,64,0
19150,62,0
19151,62,0
19152,63,0
19153,61,0
19154,61,0
19155,62,0
19156,62,0
19157,60,0
19158,62,0
19159,65,0
19160,63,0
19161,63,0
19162,62,0
19163,62,0
19164,60,0
19165,61,0
19166,63,0
19167,63,0
19168,60,0
19169,62,0
19170,63,0
19171,63,0
19172,61,0
19173,62,0
19174,62,0
19175,60,0
19176,61,0
19177,65,0
19178,63,0
19179,62,0
19180,62,0
19181,61,0
19182,63,0
19183,63,0
19184,62,0
19185,60,0
19186,61,0
19187,61,0
19188,61,0
19189,60,0
19190,62,0
19191,62,0
19192,65,0
19193,59,0
19194,60,0
19195,62,0
19196,62,0
19197,61,0
19198,63,0
19199,59,0
19200,62,0
19201,62,0
19202,62,0
19203,63,0
19204,65,0
19205,60,0
19206,62,0
19207,64,0
19208,67,0
19209,65,0
19210,61,0
19211,62,0
19212,60,0
19213,60,0
19214,61,0
19215,61,0
19216,63,0
19217,62,0
19218,62,0
19219,64,0
19220,59,0
19221,63,0
19222,65,0
19223,62,0
19224,62,0
19225,60,0
19226,61,0
19227,63,0
19228,63,0
19229,64,0
19230,62,0
19231,64,0
19232,63,0
19233,61,0
19234,63,0
19235,62,0
19236,62,0
19237,60,0
19238,61,0
19239,64,0
19240,63,0
19241,63,0
19242,62,0
19243,62,0
19244,61,0
19245,63,0
19246,64,0
19247,62,0
19248,63,0
19249,61,0
19250,65,0
19251,62,0
19252,64,0
19253,62,0
19254,65,0
19255,63,0
19256,64,0
19257,62,0
19258,64,0
19259,65,0
19260,61,0
19261,63,0
19262,62,0
19263,62,0
19264,63,0
19265,64,0
19266,65,0
19267,63,0
19268,63,0
19269,60,0
19270,62,0
19271,62,0
19272,65,0
19273,63,0
19274,61,0
19275,60,0
19276,62,0
19277,62,0
19278,62,0
19279,63,0
19280,61,0
19281,63,0
19282,62,0
19283,62,0
19284,62,0
19285,63,0
19286,61,0
19287,63,0
19288,62,0
19289,62,0
19290,63,0
19291,63,0
19292,62,0
19293,62,0
19294,63,0
19295,61,0
19296,62,0
19297,60,0
19298,63,0
19299,61,0
19300,63,0
19301,62,0
19302,62,0
19303,63,0
19304,61,0
19305,63,0
19306,62,0
19307,62,0
19308,62,0
19309,63,0
19310,63,0
19311,63,0
19312,62,0
19313,62,0
19314,61,0
19315,61,0
19316,59,0
19317,62,0
19318,64,0
19319,64,0
19320,63,0
19321,63,0
19322,61,0
19323,64,0
19324,61,0
19325,60,0
19326,62,0
19327,62,0
19328,61,0
19329,61,0
19330,61,0
19331,62,0
19332,62,0
19333,63,0
19334,61,0
19335,62,0
19336,60,0
19337,61,0
19338,65,0
19339,65,0
19340,60,0
19341,62,0
19342,63,0
19343,63,0
19344,62,0
19345,60,0
19346,62,0
19347,63,0
19348,63,0
19349,62,0
19350,62,0
19351,62,0
19352,63,0
19353,63,0
19354,63,0
19355,63,0
19356,62,0
19357,62,0
19358,62,0
19359,61,0
19360,63,0
19361,60,0
19362,62,0
19363,64,0
19364,62,0
19365,61,0
19366,63,0
19367,62,0
19368,64,0
19369,64,0
19370,64,0
19371,63,0
19372,65,0
19373,61,0
19374,62,0
19375,64,0
19376,62,0
19377,63,0
19378,63,0
19379,63,0
19380,62,0
19381,62,0
19382,62,0
19383,63,0
19384,61,0
19385,65,0
19386,62,0
19387,62,0
19388,62,0
19389,61,0
19390,65,0
19391,63,0
19392,62,0
19393,64,0
19394,61,0
19395,59,0
19396,61,0
19397,62,0
19398,62,0
19399,62,0
19400,63,0
19401,61,0
19402,63,0
19403,60,0
19404,60,0
19405,64,0
19406,63,0
19407,61,0
19408,60,0
19409,62,0
19410,62,0
19411,61,0
19412,62,0
19413,59,0
19414,63,0
19415,62,0
19416,60,0
19417,62,0
19418,61,0
19419,65,0
19420,62,0
19421,64,0
19422,62,0
19423,63,0
19424,63,0
19425,65,0
19426,62,0
19427,62,0
19428,63,0
19429,61,0
19430,63,0
19431,62,0
19432,60,0
19433,65,0
19434,61,0
19435,59,0
19436,62,0
19437,62,0
19438,63,0
19439,63,0
19440,63,0
19441,65,0
19442,62,0
19443,62,0
19444,62,0
19445,63,0
19446,61,0
19447,62,0
19448,62,0
19449,62,0
19450,63,0
19451,63,0
19452,62,0
19453,62,0
19454,63,0
19455,63,0
19456,62,0
19457,62,0
19458,61,0
19459,62,0
19460,62,0
19461,63,0
19462,61,0
19463,65,0
19464,62,0
19465,64,0
19466,63,0
19467,62,0
19468,65,0
19469,63,0
19470,62,0
19471,64,0
19472,63,0
19473,61,0
19474,64,0
19475,62,0
19476,62,0
19477,65,0
19478,61,0
19479,64,0
19480,64,0
19481,61,0
19482,63,0
19483,62,0
19484,62,0
19485,63,0
19486,61,0
19487,62,0
19488,64,0
19489,61,0
19490,65,0
19491,62,0
19492,64,0
19493,62,0
19494,65,0
19495,63,0
19496,63,0
19497,64,0
19498,64,0
19499,62,0
19500,63,0
19501,63,0
19502,63,0
19503,64,0
19504,62,0
19505,61,0
19506,63,0
19507,64,0
19508,62,0
19509,63,0
19510,63,0
19511,63,0
19512,62,0
19513,64,0
19514,61,0
19515,65,0
19516,64,0
19517,64,0
19518,62,0
19519,65,0
19520,63,0
19521,64,0
19522,62,0
19523,62,0
19524,64,0
19525,63,0
19526,63,0
19527,63,0
19528,62,0
19529,62,0
19530,63,0
19531,65,0
19532,63,0
19533,62,0
19534,64,0
19535,64,0
19536,65,0
19537,61,0
19538,62,0
19539,62,0
19540,62,0
19541,65,0
19542,61,0
19543,62,0
19544,64,0
19545,63,0
19546,63,0
19547,63,0
19548,62,0
19549,62,0
19550,65,0
19551,61,0
19552,61,0
19553,62,0
19554,62,0
19555,63,0
19556,63,0
19557,63,0
19558,62,0
19559,62,0
19560,65,0
19561,63,0
19562,63,0
19563,64,0
19564,62,0
19565,63,0
19566,65,0
19567,62,0
19568,64,0
19569,62,0
19570,65,0
19571,63,0
19572,62,0
19573,62,0
19574,63,0
19575,63,0
19576,62,0
19577,62,0
19578,62,0
19579,63,0
19580,65,0
19581,62,0
19582,62,0
19583,63,0
19584,63,0
19585,62,0
19586,62,0
19587,62,0
19588,65,0
19589,61,0
19590,62,0
19591,62,0
19592,64,0
19593,63,0
19594,62,0
19595,61,0
19596,63,0
19597,61,0
19598,62,0
19599,62,0
19600,62,0
19601,61,0
19602,63,0
19603,64,0
19604,62,0
19605,61,0
19606,61,0
19607,64,0
19608,64,0
19609,63,0
19610,65,0
19611,62,0
19612,62,0
19613,62,0
19614,61,0
19615,63,0
19616,63,0
19617,61,0
19618,64,0
19619,62,0
19620,64,0
19621,61,0
19622,63,0
19623,65,0
19624,62,0
19625,62,0
19626,61,0
19627,83,0
19628,61,0
19629,60,0
19630,63,0
19631,61,0
19632,61,0
19633,62,0
19634,62,0
19635,62,0
19636,63,0
19637,61,0
19638,62,0
19639,60,0
19640,65,0
19641,63,0
19642,63,0
19643,62,0
19644,62,0
19645,61,0
19646,61,0
19647,65,0
19648,62,0
19649,64,0
19650,65,0
19651,65,0
19652,62,0
19653,62,0
19654,62,0
19655,62,0
19656,63,0
19657,63,0
19658,62,0
19659,62,0
19660,62,0
19661,65,0
19662,63,0
19663,62,0
19664,62,0
19665,65,0
19666,61,0
19667,65,0
19668,64,0
19669,62,0
19670,63,0
19671,65,0
19672,62,0
19673,62,0
19674,61,0
19675,61,0
19676,63,0
19677,62,0
19678,62,0
19679,61,0
19680,61,0
19681,65,0
19682,63,0
19683,62,0
19684,62,0
19685,65,0
19686,63,0
19687,62,0
19688,62,0
19689,63,0
19690,65,0
19691,63,0
19692,62,0
19693,62,0
19694,63,0
19695,61,0
19696,62,0
19697,62,0
19698,63,0
19699,63,0
19700,63,0
19701,62,0
19702,62,0
19703,63,0
19704,63,0
19705,62,0
19706,62,0
19707,62,0
19708,63,0
19709,65,0
19710,63,0
19711,64,0
19712,62,0
19713,62,0
19714,65,0
19715,63,0
19716,62,0
19717,64,0
19718,61,0
19719,61,0
19720,63,0
19721,62,0
19722,64,0
19723,61,0
19724,63,0
19725,65,0
19726,62,0
19727,62,0
19728,61,0
19729,61,0
19730,63,0
19731,62,0
19732,64,0
19733,63,0
19734,61,0
19735,64,0
19736,62,0
19737,62,0
19738,65,0
19739,63,0
19740,63,0
19741,63,0
19742,64,0
19743,62,0
19744,63,0
19745,63,0
19746,63,0
19747,62,0
19748,64,0
19749,64,0
19750,63,0
19751,63,0
19752,62,0
19753,64,0
19754,62,0
19755,63,0
19756,63,0
19757,64,0
19758,62,0
19759,62,0
19760,63,0
19761,63,0
19762,63,0
19763,64,0
19764,64,0
19765,63,0
19766,63,0
19767,64,0
19768,63,0
19769,62,0
19770,62,0
19771,61,0
19772,63,0
19773,61,0
19774,62,0
19775,64,0
19776,61,0
19777,61,0
19778,65,0
19779,64,0
19780,64,0
19781,62,0
19782,63,0
19783,61,0
19784,62,0
19785,64,0
19786,65,0
19787,65,0
19788,65,0
19789,62,0
19790,66,0
19791,65,0
19792,63,0
19793,61,0
19794,62,0
19795,62,0
19796,64,0
19797,63,0
19798,65,0
19799,62,0
19800,62,0
19801,65,0
19802,65,0
19803,61,0
19804,62,0
19805,62,0
19806,65,0
19807,65,0
19808,62,0
19809,62,0
19810,67,0
19811,65,0
19812,65,0
19813,62,0
19814,61,0
19815,61,0
19816,62,0
19817,62,0
19818,62,0
19819,63,0
19820,63,0
19821,62,0
19822,62,0
19823,61,0
19824,63,0
19825,61,0
19826,62,0
19827,62,0
19828,62,0
19829,65,0
19830,62,0
19831,62,0
19832,62,0
19833,63,0
19834,63,0
19835,62,0
19836,62,0
19837,62,0
19838,61,0
19839,61,0
19840,62,0
19841,62,0
19842,63,0
19843,63,0
19844,63,0
19845,62,0
19846,62,0
19847,63,0
19848,61,0
19849,62,0
19850,62,0
19851,62,0
19852,64,0
19853,61,0
19854,61,0
19855,62,0
19856,64,0
19857,63,0
19858,65,0
19859,65,0
19860,64,0
19861,64,0
19862,63,0
19863,63,0
19864,61,0
19865,64,0
19866,64,0
19867,63,0
19868,61,0
19869,63,0
19870,62,0
19871,62,0
19872,61,0
19873,63,0
19874,63,0
19875,62,0
19876,64,0
19877,61,0
19878,63,0
19879,62,0
19880,64,0
19881,62,0
19882,62,0
19883,62,0
19884,65,0
19885,65,0
19886,63,0
19887,64,0
19888,64,0
19889,63,0
19890,63,0
19891,63,0
19892,62,0
19893,64,0
19894,65,0
19895,65,0
19896,65,0
19897,62,0
19898,64,0
19899,65,0
19900,63,0
19901,61,0
19902,64,0
19903,62,0
19904,63,0
19905,61,0
19906,65,0
19907,64,0
19908,64,0
19909,62,0
19910,64,0
19911,65,0
19912,63,0
19913,64,0
19914,64,0
19915,62,0
19916,63,0
19917,63,0
19918,64,0
19919,64,0
19920,63,0
19921,61,0
19922,63,0
19923,62,0
19924,62,0
19925,61,0
19926,65,0
19927,63,0
19928,62,0
19929,62,0
19930,63,0
19931,63,0
19932,61,0
19933,64,0
19934,62,0
19935,63,0
19936,65,0
19937,61,0
19938,63,0
19939,62,0
19940,62,0
19941,63,0
19942,63,0
19943,62,0
19944,62,0
19945,63,0
19946,61,0
19947,63,0
19948,62,0
19949,62,0
19950,61,0
19951,65,0
19952,62,0
19953,64,0
19954,63,0
19955,63,0
19956,63,0
19957,62,0
19958,62,0
19959,63,0
19960,61,0
19961,62,0
19962,62,0
19963,64,0
19964,62,0
19965,63,0
19966,63,0
19967,64,0
19968,64,0
19969,63,0
19970,63,0
19971,62,0
19972,62,0
19973,65,0
19974,65,0
19975,64,0
19976,62,0
19977,63,0
19978,63,0
19979,62,0
19980,62,0
19981,63,0
19982,61,0
19983,63,0
19984,64,0
19985,62,0
19986,61,0
19987,63,0
19988,65,0
19989,64,0
19990,62,0
19991,65,0
19992,62,0
19993,65,0
19994,63,0
19995,62,0
19996,62,0
19997,61,0
19998,61,0
19999,64,0
