
/home/swu35/ECE592-HW1/PMU-verification/associativity/build/thunderbird/associativity_pmu:     file format elf64-littleaarch64


Disassembly of section .init:

0000000000401928 <_init>:
  401928:	d503201f 	nop
  40192c:	a9bf7bfd 	stp	x29, x30, [sp, #-16]!
  401930:	910003fd 	mov	x29, sp
  401934:	94000124 	bl	401dc4 <call_weak_fn>
  401938:	a8c17bfd 	ldp	x29, x30, [sp], #16
  40193c:	d65f03c0 	ret

Disassembly of section .plt:

0000000000401940 <.plt>:
  401940:	a9bf7bf0 	stp	x16, x30, [sp, #-16]!
  401944:	d00000f0 	adrp	x16, 41f000 <__FRAME_END__+0x128d0>
  401948:	f947fe11 	ldr	x17, [x16, #4088]
  40194c:	913fe210 	add	x16, x16, #0xff8
  401950:	d61f0220 	br	x17
  401954:	d503201f 	nop
  401958:	d503201f 	nop
  40195c:	d503201f 	nop

0000000000401960 <_ZNSt7__cxx1112basic_stringIcSt11char_traitsIcESaIcEEaSERKS4_@plt>:
  401960:	f00000f0 	adrp	x16, 420000 <_ZNSt7__cxx1112basic_stringIcSt11char_traitsIcESaIcEEaSERKS4_@GLIBCXX_3.4.21>
  401964:	f9400211 	ldr	x17, [x16]
  401968:	91000210 	add	x16, x16, #0x0
  40196c:	d61f0220 	br	x17

0000000000401970 <fputs@plt>:
  401970:	f00000f0 	adrp	x16, 420000 <_ZNSt7__cxx1112basic_stringIcSt11char_traitsIcESaIcEEaSERKS4_@GLIBCXX_3.4.21>
  401974:	f9400611 	ldr	x17, [x16, #8]
  401978:	91002210 	add	x16, x16, #0x8
  40197c:	d61f0220 	br	x17

0000000000401980 <_ZNSolsEm@plt>:
  401980:	f00000f0 	adrp	x16, 420000 <_ZNSt7__cxx1112basic_stringIcSt11char_traitsIcESaIcEEaSERKS4_@GLIBCXX_3.4.21>
  401984:	f9400a11 	ldr	x17, [x16, #16]
  401988:	91004210 	add	x16, x16, #0x10
  40198c:	d61f0220 	br	x17

0000000000401990 <_ZNKSt7__cxx1112basic_stringIcSt11char_traitsIcESaIcEE7compareEPKc@plt>:
  401990:	f00000f0 	adrp	x16, 420000 <_ZNSt7__cxx1112basic_stringIcSt11char_traitsIcESaIcEEaSERKS4_@GLIBCXX_3.4.21>
  401994:	f9400e11 	ldr	x17, [x16, #24]
  401998:	91006210 	add	x16, x16, #0x18
  40199c:	d61f0220 	br	x17

00000000004019a0 <fprintf@plt>:
  4019a0:	f00000f0 	adrp	x16, 420000 <_ZNSt7__cxx1112basic_stringIcSt11char_traitsIcESaIcEEaSERKS4_@GLIBCXX_3.4.21>
  4019a4:	f9401211 	ldr	x17, [x16, #32]
  4019a8:	91008210 	add	x16, x16, #0x20
  4019ac:	d61f0220 	br	x17

00000000004019b0 <_ZSt17__throw_bad_allocv@plt>:
  4019b0:	f00000f0 	adrp	x16, 420000 <_ZNSt7__cxx1112basic_stringIcSt11char_traitsIcESaIcEEaSERKS4_@GLIBCXX_3.4.21>
  4019b4:	f9401611 	ldr	x17, [x16, #40]
  4019b8:	9100a210 	add	x16, x16, #0x28
  4019bc:	d61f0220 	br	x17

00000000004019c0 <perror@plt>:
  4019c0:	f00000f0 	adrp	x16, 420000 <_ZNSt7__cxx1112basic_stringIcSt11char_traitsIcESaIcEEaSERKS4_@GLIBCXX_3.4.21>
  4019c4:	f9401a11 	ldr	x17, [x16, #48]
  4019c8:	9100c210 	add	x16, x16, #0x30
  4019cc:	d61f0220 	br	x17

00000000004019d0 <sched_getcpu@plt>:
  4019d0:	f00000f0 	adrp	x16, 420000 <_ZNSt7__cxx1112basic_stringIcSt11char_traitsIcESaIcEEaSERKS4_@GLIBCXX_3.4.21>
  4019d4:	f9401e11 	ldr	x17, [x16, #56]
  4019d8:	9100e210 	add	x16, x16, #0x38
  4019dc:	d61f0220 	br	x17

00000000004019e0 <__cxa_begin_catch@plt>:
  4019e0:	f00000f0 	adrp	x16, 420000 <_ZNSt7__cxx1112basic_stringIcSt11char_traitsIcESaIcEEaSERKS4_@GLIBCXX_3.4.21>
  4019e4:	f9402211 	ldr	x17, [x16, #64]
  4019e8:	91010210 	add	x16, x16, #0x40
  4019ec:	d61f0220 	br	x17

00000000004019f0 <_ZNKSt7__cxx1112basic_stringIcSt11char_traitsIcESaIcEE5c_strEv@plt>:
  4019f0:	f00000f0 	adrp	x16, 420000 <_ZNSt7__cxx1112basic_stringIcSt11char_traitsIcESaIcEEaSERKS4_@GLIBCXX_3.4.21>
  4019f4:	f9402611 	ldr	x17, [x16, #72]
  4019f8:	91012210 	add	x16, x16, #0x48
  4019fc:	d61f0220 	br	x17

0000000000401a00 <_ZNSt14basic_ofstreamIcSt11char_traitsIcEE4openERKNSt7__cxx1112basic_stringIcS1_SaIcEEESt13_Ios_Openmode@plt>:
  401a00:	f00000f0 	adrp	x16, 420000 <_ZNSt7__cxx1112basic_stringIcSt11char_traitsIcESaIcEEaSERKS4_@GLIBCXX_3.4.21>
  401a04:	f9402a11 	ldr	x17, [x16, #80]
  401a08:	91014210 	add	x16, x16, #0x50
  401a0c:	d61f0220 	br	x17

0000000000401a10 <fclose@plt>:
  401a10:	f00000f0 	adrp	x16, 420000 <_ZNSt7__cxx1112basic_stringIcSt11char_traitsIcESaIcEEaSERKS4_@GLIBCXX_3.4.21>
  401a14:	f9402e11 	ldr	x17, [x16, #88]
  401a18:	91016210 	add	x16, x16, #0x58
  401a1c:	d61f0220 	br	x17

0000000000401a20 <_ZSt20__throw_length_errorPKc@plt>:
  401a20:	f00000f0 	adrp	x16, 420000 <_ZNSt7__cxx1112basic_stringIcSt11char_traitsIcESaIcEEaSERKS4_@GLIBCXX_3.4.21>
  401a24:	f9403211 	ldr	x17, [x16, #96]
  401a28:	91018210 	add	x16, x16, #0x60
  401a2c:	d61f0220 	br	x17

0000000000401a30 <memset@plt>:
  401a30:	f00000f0 	adrp	x16, 420000 <_ZNSt7__cxx1112basic_stringIcSt11char_traitsIcESaIcEEaSERKS4_@GLIBCXX_3.4.21>
  401a34:	f9403611 	ldr	x17, [x16, #104]
  401a38:	9101a210 	add	x16, x16, #0x68
  401a3c:	d61f0220 	br	x17

0000000000401a40 <_ZSt24__throw_invalid_argumentPKc@plt>:
  401a40:	f00000f0 	adrp	x16, 420000 <_ZNSt7__cxx1112basic_stringIcSt11char_traitsIcESaIcEEaSERKS4_@GLIBCXX_3.4.21>
  401a44:	f9403a11 	ldr	x17, [x16, #112]
  401a48:	9101c210 	add	x16, x16, #0x70
  401a4c:	d61f0220 	br	x17

0000000000401a50 <_ZNSt7__cxx1112basic_stringIcSt11char_traitsIcESaIcEED1Ev@plt>:
  401a50:	f00000f0 	adrp	x16, 420000 <_ZNSt7__cxx1112basic_stringIcSt11char_traitsIcESaIcEEaSERKS4_@GLIBCXX_3.4.21>
  401a54:	f9403e11 	ldr	x17, [x16, #120]
  401a58:	9101e210 	add	x16, x16, #0x78
  401a5c:	d61f0220 	br	x17

0000000000401a60 <read@plt>:
  401a60:	f00000f0 	adrp	x16, 420000 <_ZNSt7__cxx1112basic_stringIcSt11char_traitsIcESaIcEEaSERKS4_@GLIBCXX_3.4.21>
  401a64:	f9404211 	ldr	x17, [x16, #128]
  401a68:	91020210 	add	x16, x16, #0x80
  401a6c:	d61f0220 	br	x17

0000000000401a70 <_ZNKSt7__cxx1112basic_stringIcSt11char_traitsIcESaIcEE4sizeEv@plt>:
  401a70:	f00000f0 	adrp	x16, 420000 <_ZNSt7__cxx1112basic_stringIcSt11char_traitsIcESaIcEEaSERKS4_@GLIBCXX_3.4.21>
  401a74:	f9404611 	ldr	x17, [x16, #136]
  401a78:	91022210 	add	x16, x16, #0x88
  401a7c:	d61f0220 	br	x17

0000000000401a80 <strerror@plt>:
  401a80:	f00000f0 	adrp	x16, 420000 <_ZNSt7__cxx1112basic_stringIcSt11char_traitsIcESaIcEEaSERKS4_@GLIBCXX_3.4.21>
  401a84:	f9404a11 	ldr	x17, [x16, #144]
  401a88:	91024210 	add	x16, x16, #0x90
  401a8c:	d61f0220 	br	x17

0000000000401a90 <__libc_start_main@plt>:
  401a90:	f00000f0 	adrp	x16, 420000 <_ZNSt7__cxx1112basic_stringIcSt11char_traitsIcESaIcEEaSERKS4_@GLIBCXX_3.4.21>
  401a94:	f9404e11 	ldr	x17, [x16, #152]
  401a98:	91026210 	add	x16, x16, #0x98
  401a9c:	d61f0220 	br	x17

0000000000401aa0 <getrusage@plt>:
  401aa0:	f00000f0 	adrp	x16, 420000 <_ZNSt7__cxx1112basic_stringIcSt11char_traitsIcESaIcEEaSERKS4_@GLIBCXX_3.4.21>
  401aa4:	f9405211 	ldr	x17, [x16, #160]
  401aa8:	91028210 	add	x16, x16, #0xa0
  401aac:	d61f0220 	br	x17

0000000000401ab0 <_ZSt28__throw_bad_array_new_lengthv@plt>:
  401ab0:	f00000f0 	adrp	x16, 420000 <_ZNSt7__cxx1112basic_stringIcSt11char_traitsIcESaIcEEaSERKS4_@GLIBCXX_3.4.21>
  401ab4:	f9405611 	ldr	x17, [x16, #168]
  401ab8:	9102a210 	add	x16, x16, #0xa8
  401abc:	d61f0220 	br	x17

0000000000401ac0 <ioctl@plt>:
  401ac0:	f00000f0 	adrp	x16, 420000 <_ZNSt7__cxx1112basic_stringIcSt11char_traitsIcESaIcEEaSERKS4_@GLIBCXX_3.4.21>
  401ac4:	f9405a11 	ldr	x17, [x16, #176]
  401ac8:	9102c210 	add	x16, x16, #0xb0
  401acc:	d61f0220 	br	x17

0000000000401ad0 <syscall@plt>:
  401ad0:	f00000f0 	adrp	x16, 420000 <_ZNSt7__cxx1112basic_stringIcSt11char_traitsIcESaIcEEaSERKS4_@GLIBCXX_3.4.21>
  401ad4:	f9405e11 	ldr	x17, [x16, #184]
  401ad8:	9102e210 	add	x16, x16, #0xb8
  401adc:	d61f0220 	br	x17

0000000000401ae0 <_ZStlsIcSt11char_traitsIcESaIcEERSt13basic_ostreamIT_T0_ES7_RKNSt7__cxx1112basic_stringIS4_S5_T1_EE@plt>:
  401ae0:	f00000f0 	adrp	x16, 420000 <_ZNSt7__cxx1112basic_stringIcSt11char_traitsIcESaIcEEaSERKS4_@GLIBCXX_3.4.21>
  401ae4:	f9406211 	ldr	x17, [x16, #192]
  401ae8:	91030210 	add	x16, x16, #0xc0
  401aec:	d61f0220 	br	x17

0000000000401af0 <_ZdlPv@plt>:
  401af0:	f00000f0 	adrp	x16, 420000 <_ZNSt7__cxx1112basic_stringIcSt11char_traitsIcESaIcEEaSERKS4_@GLIBCXX_3.4.21>
  401af4:	f9406611 	ldr	x17, [x16, #200]
  401af8:	91032210 	add	x16, x16, #0xc8
  401afc:	d61f0220 	br	x17

0000000000401b00 <mmap@plt>:
  401b00:	f00000f0 	adrp	x16, 420000 <_ZNSt7__cxx1112basic_stringIcSt11char_traitsIcESaIcEEaSERKS4_@GLIBCXX_3.4.21>
  401b04:	f9406a11 	ldr	x17, [x16, #208]
  401b08:	91034210 	add	x16, x16, #0xd0
  401b0c:	d61f0220 	br	x17

0000000000401b10 <_ZStlsISt11char_traitsIcEERSt13basic_ostreamIcT_ES5_PKc@plt>:
  401b10:	f00000f0 	adrp	x16, 420000 <_ZNSt7__cxx1112basic_stringIcSt11char_traitsIcESaIcEEaSERKS4_@GLIBCXX_3.4.21>
  401b14:	f9406e11 	ldr	x17, [x16, #216]
  401b18:	91036210 	add	x16, x16, #0xd8
  401b1c:	d61f0220 	br	x17

0000000000401b20 <_Znwm@plt>:
  401b20:	f00000f0 	adrp	x16, 420000 <_ZNSt7__cxx1112basic_stringIcSt11char_traitsIcESaIcEEaSERKS4_@GLIBCXX_3.4.21>
  401b24:	f9407211 	ldr	x17, [x16, #224]
  401b28:	91038210 	add	x16, x16, #0xe0
  401b2c:	d61f0220 	br	x17

0000000000401b30 <strncmp@plt>:
  401b30:	f00000f0 	adrp	x16, 420000 <_ZNSt7__cxx1112basic_stringIcSt11char_traitsIcESaIcEEaSERKS4_@GLIBCXX_3.4.21>
  401b34:	f9407611 	ldr	x17, [x16, #232]
  401b38:	9103a210 	add	x16, x16, #0xe8
  401b3c:	d61f0220 	br	x17

0000000000401b40 <_ZNKSt7__cxx1112basic_stringIcSt11char_traitsIcESaIcEE6substrEmm@plt>:
  401b40:	f00000f0 	adrp	x16, 420000 <_ZNSt7__cxx1112basic_stringIcSt11char_traitsIcESaIcEEaSERKS4_@GLIBCXX_3.4.21>
  401b44:	f9407a11 	ldr	x17, [x16, #240]
  401b48:	9103c210 	add	x16, x16, #0xf0
  401b4c:	d61f0220 	br	x17

0000000000401b50 <munmap@plt>:
  401b50:	f00000f0 	adrp	x16, 420000 <_ZNSt7__cxx1112basic_stringIcSt11char_traitsIcESaIcEEaSERKS4_@GLIBCXX_3.4.21>
  401b54:	f9407e11 	ldr	x17, [x16, #248]
  401b58:	9103e210 	add	x16, x16, #0xf8
  401b5c:	d61f0220 	br	x17

0000000000401b60 <_ZNSaIcED1Ev@plt>:
  401b60:	f00000f0 	adrp	x16, 420000 <_ZNSt7__cxx1112basic_stringIcSt11char_traitsIcESaIcEEaSERKS4_@GLIBCXX_3.4.21>
  401b64:	f9408211 	ldr	x17, [x16, #256]
  401b68:	91040210 	add	x16, x16, #0x100
  401b6c:	d61f0220 	br	x17

0000000000401b70 <__isoc99_sscanf@plt>:
  401b70:	f00000f0 	adrp	x16, 420000 <_ZNSt7__cxx1112basic_stringIcSt11char_traitsIcESaIcEEaSERKS4_@GLIBCXX_3.4.21>
  401b74:	f9408611 	ldr	x17, [x16, #264]
  401b78:	91042210 	add	x16, x16, #0x108
  401b7c:	d61f0220 	br	x17

0000000000401b80 <__cxa_atexit@plt>:
  401b80:	f00000f0 	adrp	x16, 420000 <_ZNSt7__cxx1112basic_stringIcSt11char_traitsIcESaIcEEaSERKS4_@GLIBCXX_3.4.21>
  401b84:	f9408a11 	ldr	x17, [x16, #272]
  401b88:	91044210 	add	x16, x16, #0x110
  401b8c:	d61f0220 	br	x17

0000000000401b90 <madvise@plt>:
  401b90:	f00000f0 	adrp	x16, 420000 <_ZNSt7__cxx1112basic_stringIcSt11char_traitsIcESaIcEEaSERKS4_@GLIBCXX_3.4.21>
  401b94:	f9408e11 	ldr	x17, [x16, #280]
  401b98:	91046210 	add	x16, x16, #0x118
  401b9c:	d61f0220 	br	x17

0000000000401ba0 <memmove@plt>:
  401ba0:	f00000f0 	adrp	x16, 420000 <_ZNSt7__cxx1112basic_stringIcSt11char_traitsIcESaIcEEaSERKS4_@GLIBCXX_3.4.21>
  401ba4:	f9409211 	ldr	x17, [x16, #288]
  401ba8:	91048210 	add	x16, x16, #0x120
  401bac:	d61f0220 	br	x17

0000000000401bb0 <__errno_location@plt>:
  401bb0:	f00000f0 	adrp	x16, 420000 <_ZNSt7__cxx1112basic_stringIcSt11char_traitsIcESaIcEEaSERKS4_@GLIBCXX_3.4.21>
  401bb4:	f9409611 	ldr	x17, [x16, #296]
  401bb8:	9104a210 	add	x16, x16, #0x128
  401bbc:	d61f0220 	br	x17

0000000000401bc0 <_ZNKSt7__cxx1112basic_stringIcSt11char_traitsIcESaIcEE4findEcm@plt>:
  401bc0:	f00000f0 	adrp	x16, 420000 <_ZNSt7__cxx1112basic_stringIcSt11char_traitsIcESaIcEEaSERKS4_@GLIBCXX_3.4.21>
  401bc4:	f9409a11 	ldr	x17, [x16, #304]
  401bc8:	9104c210 	add	x16, x16, #0x130
  401bcc:	d61f0220 	br	x17

0000000000401bd0 <strtoul@plt>:
  401bd0:	f00000f0 	adrp	x16, 420000 <_ZNSt7__cxx1112basic_stringIcSt11char_traitsIcESaIcEEaSERKS4_@GLIBCXX_3.4.21>
  401bd4:	f9409e11 	ldr	x17, [x16, #312]
  401bd8:	9104e210 	add	x16, x16, #0x138
  401bdc:	d61f0220 	br	x17

0000000000401be0 <_ZNSt7__cxx1112basic_stringIcSt11char_traitsIcESaIcEEaSEPKc@plt>:
  401be0:	f00000f0 	adrp	x16, 420000 <_ZNSt7__cxx1112basic_stringIcSt11char_traitsIcESaIcEEaSERKS4_@GLIBCXX_3.4.21>
  401be4:	f940a211 	ldr	x17, [x16, #320]
  401be8:	91050210 	add	x16, x16, #0x140
  401bec:	d61f0220 	br	x17

0000000000401bf0 <_ZNSt7__cxx1112basic_stringIcSt11char_traitsIcESaIcEEC1EPKcRKS3_@plt>:
  401bf0:	f00000f0 	adrp	x16, 420000 <_ZNSt7__cxx1112basic_stringIcSt11char_traitsIcESaIcEEaSERKS4_@GLIBCXX_3.4.21>
  401bf4:	f940a611 	ldr	x17, [x16, #328]
  401bf8:	91052210 	add	x16, x16, #0x148
  401bfc:	d61f0220 	br	x17

0000000000401c00 <_ZNSt7__cxx1112basic_stringIcSt11char_traitsIcESaIcEEC1Ev@plt>:
  401c00:	f00000f0 	adrp	x16, 420000 <_ZNSt7__cxx1112basic_stringIcSt11char_traitsIcESaIcEEaSERKS4_@GLIBCXX_3.4.21>
  401c04:	f940aa11 	ldr	x17, [x16, #336]
  401c08:	91054210 	add	x16, x16, #0x150
  401c0c:	d61f0220 	br	x17

0000000000401c10 <fopen@plt>:
  401c10:	f00000f0 	adrp	x16, 420000 <_ZNSt7__cxx1112basic_stringIcSt11char_traitsIcESaIcEEaSERKS4_@GLIBCXX_3.4.21>
  401c14:	f940ae11 	ldr	x17, [x16, #344]
  401c18:	91056210 	add	x16, x16, #0x158
  401c1c:	d61f0220 	br	x17

0000000000401c20 <_ZNSt14basic_ofstreamIcSt11char_traitsIcEE5closeEv@plt>:
  401c20:	f00000f0 	adrp	x16, 420000 <_ZNSt7__cxx1112basic_stringIcSt11char_traitsIcESaIcEEaSERKS4_@GLIBCXX_3.4.21>
  401c24:	f940b211 	ldr	x17, [x16, #352]
  401c28:	91058210 	add	x16, x16, #0x160
  401c2c:	d61f0220 	br	x17

0000000000401c30 <close@plt>:
  401c30:	f00000f0 	adrp	x16, 420000 <_ZNSt7__cxx1112basic_stringIcSt11char_traitsIcESaIcEEaSERKS4_@GLIBCXX_3.4.21>
  401c34:	f940b611 	ldr	x17, [x16, #360]
  401c38:	9105a210 	add	x16, x16, #0x168
  401c3c:	d61f0220 	br	x17

0000000000401c40 <_ZSt20__throw_out_of_rangePKc@plt>:
  401c40:	f00000f0 	adrp	x16, 420000 <_ZNSt7__cxx1112basic_stringIcSt11char_traitsIcESaIcEEaSERKS4_@GLIBCXX_3.4.21>
  401c44:	f940ba11 	ldr	x17, [x16, #368]
  401c48:	9105c210 	add	x16, x16, #0x170
  401c4c:	d61f0220 	br	x17

0000000000401c50 <__cxa_rethrow@plt>:
  401c50:	f00000f0 	adrp	x16, 420000 <_ZNSt7__cxx1112basic_stringIcSt11char_traitsIcESaIcEEaSERKS4_@GLIBCXX_3.4.21>
  401c54:	f940be11 	ldr	x17, [x16, #376]
  401c58:	9105e210 	add	x16, x16, #0x178
  401c5c:	d61f0220 	br	x17

0000000000401c60 <fgets@plt>:
  401c60:	f00000f0 	adrp	x16, 420000 <_ZNSt7__cxx1112basic_stringIcSt11char_traitsIcESaIcEEaSERKS4_@GLIBCXX_3.4.21>
  401c64:	f940c211 	ldr	x17, [x16, #384]
  401c68:	91060210 	add	x16, x16, #0x180
  401c6c:	d61f0220 	br	x17

0000000000401c70 <_ZNSt14basic_ofstreamIcSt11char_traitsIcEED1Ev@plt>:
  401c70:	f00000f0 	adrp	x16, 420000 <_ZNSt7__cxx1112basic_stringIcSt11char_traitsIcESaIcEEaSERKS4_@GLIBCXX_3.4.21>
  401c74:	f940c611 	ldr	x17, [x16, #392]
  401c78:	91062210 	add	x16, x16, #0x188
  401c7c:	d61f0220 	br	x17

0000000000401c80 <_ZNSt8ios_base4InitC1Ev@plt>:
  401c80:	f00000f0 	adrp	x16, 420000 <_ZNSt7__cxx1112basic_stringIcSt11char_traitsIcESaIcEEaSERKS4_@GLIBCXX_3.4.21>
  401c84:	f940ca11 	ldr	x17, [x16, #400]
  401c88:	91064210 	add	x16, x16, #0x190
  401c8c:	d61f0220 	br	x17

0000000000401c90 <strtoull@plt>:
  401c90:	f00000f0 	adrp	x16, 420000 <_ZNSt7__cxx1112basic_stringIcSt11char_traitsIcESaIcEEaSERKS4_@GLIBCXX_3.4.21>
  401c94:	f940ce11 	ldr	x17, [x16, #408]
  401c98:	91066210 	add	x16, x16, #0x198
  401c9c:	d61f0220 	br	x17

0000000000401ca0 <abort@plt>:
  401ca0:	f00000f0 	adrp	x16, 420000 <_ZNSt7__cxx1112basic_stringIcSt11char_traitsIcESaIcEEaSERKS4_@GLIBCXX_3.4.21>
  401ca4:	f940d211 	ldr	x17, [x16, #416]
  401ca8:	91068210 	add	x16, x16, #0x1a0
  401cac:	d61f0220 	br	x17

0000000000401cb0 <__cxa_end_catch@plt>:
  401cb0:	f00000f0 	adrp	x16, 420000 <_ZNSt7__cxx1112basic_stringIcSt11char_traitsIcESaIcEEaSERKS4_@GLIBCXX_3.4.21>
  401cb4:	f940d611 	ldr	x17, [x16, #424]
  401cb8:	9106a210 	add	x16, x16, #0x1a8
  401cbc:	d61f0220 	br	x17

0000000000401cc0 <__gxx_personality_v0@plt>:
  401cc0:	f00000f0 	adrp	x16, 420000 <_ZNSt7__cxx1112basic_stringIcSt11char_traitsIcESaIcEEaSERKS4_@GLIBCXX_3.4.21>
  401cc4:	f940da11 	ldr	x17, [x16, #432]
  401cc8:	9106c210 	add	x16, x16, #0x1b0
  401ccc:	d61f0220 	br	x17

0000000000401cd0 <_ZNKSt7__cxx1112basic_stringIcSt11char_traitsIcESaIcEE5emptyEv@plt>:
  401cd0:	f00000f0 	adrp	x16, 420000 <_ZNSt7__cxx1112basic_stringIcSt11char_traitsIcESaIcEEaSERKS4_@GLIBCXX_3.4.21>
  401cd4:	f940de11 	ldr	x17, [x16, #440]
  401cd8:	9106e210 	add	x16, x16, #0x1b8
  401cdc:	d61f0220 	br	x17

0000000000401ce0 <_ZNSt14basic_ofstreamIcSt11char_traitsIcEEC1Ev@plt>:
  401ce0:	f00000f0 	adrp	x16, 420000 <_ZNSt7__cxx1112basic_stringIcSt11char_traitsIcESaIcEEaSERKS4_@GLIBCXX_3.4.21>
  401ce4:	f940e211 	ldr	x17, [x16, #448]
  401ce8:	91070210 	add	x16, x16, #0x1c0
  401cec:	d61f0220 	br	x17

0000000000401cf0 <exit@plt>:
  401cf0:	f00000f0 	adrp	x16, 420000 <_ZNSt7__cxx1112basic_stringIcSt11char_traitsIcESaIcEEaSERKS4_@GLIBCXX_3.4.21>
  401cf4:	f940e611 	ldr	x17, [x16, #456]
  401cf8:	91072210 	add	x16, x16, #0x1c8
  401cfc:	d61f0220 	br	x17

0000000000401d00 <_ZNSolsEi@plt>:
  401d00:	f00000f0 	adrp	x16, 420000 <_ZNSt7__cxx1112basic_stringIcSt11char_traitsIcESaIcEEaSERKS4_@GLIBCXX_3.4.21>
  401d04:	f940ea11 	ldr	x17, [x16, #464]
  401d08:	91074210 	add	x16, x16, #0x1d0
  401d0c:	d61f0220 	br	x17

0000000000401d10 <fwrite@plt>:
  401d10:	f00000f0 	adrp	x16, 420000 <_ZNSt7__cxx1112basic_stringIcSt11char_traitsIcESaIcEEaSERKS4_@GLIBCXX_3.4.21>
  401d14:	f940ee11 	ldr	x17, [x16, #472]
  401d18:	91076210 	add	x16, x16, #0x1d8
  401d1c:	d61f0220 	br	x17

0000000000401d20 <_Unwind_Resume@plt>:
  401d20:	f00000f0 	adrp	x16, 420000 <_ZNSt7__cxx1112basic_stringIcSt11char_traitsIcESaIcEEaSERKS4_@GLIBCXX_3.4.21>
  401d24:	f940f211 	ldr	x17, [x16, #480]
  401d28:	91078210 	add	x16, x16, #0x1e0
  401d2c:	d61f0220 	br	x17

0000000000401d30 <_ZNSaIcEC1Ev@plt>:
  401d30:	f00000f0 	adrp	x16, 420000 <_ZNSt7__cxx1112basic_stringIcSt11char_traitsIcESaIcEEaSERKS4_@GLIBCXX_3.4.21>
  401d34:	f940f611 	ldr	x17, [x16, #488]
  401d38:	9107a210 	add	x16, x16, #0x1e8
  401d3c:	d61f0220 	br	x17

0000000000401d40 <__gmon_start__@plt>:
  401d40:	f00000f0 	adrp	x16, 420000 <_ZNSt7__cxx1112basic_stringIcSt11char_traitsIcESaIcEEaSERKS4_@GLIBCXX_3.4.21>
  401d44:	f940fa11 	ldr	x17, [x16, #496]
  401d48:	9107c210 	add	x16, x16, #0x1f0
  401d4c:	d61f0220 	br	x17

0000000000401d50 <_ZNSolsEd@plt>:
  401d50:	f00000f0 	adrp	x16, 420000 <_ZNSt7__cxx1112basic_stringIcSt11char_traitsIcESaIcEEaSERKS4_@GLIBCXX_3.4.21>
  401d54:	f940fe11 	ldr	x17, [x16, #504]
  401d58:	9107e210 	add	x16, x16, #0x1f8
  401d5c:	d61f0220 	br	x17

0000000000401d60 <_ZNSt14basic_ofstreamIcSt11char_traitsIcEEC1ERKNSt7__cxx1112basic_stringIcS1_SaIcEEESt13_Ios_Openmode@plt>:
  401d60:	f00000f0 	adrp	x16, 420000 <_ZNSt7__cxx1112basic_stringIcSt11char_traitsIcESaIcEEaSERKS4_@GLIBCXX_3.4.21>
  401d64:	f9410211 	ldr	x17, [x16, #512]
  401d68:	91080210 	add	x16, x16, #0x200
  401d6c:	d61f0220 	br	x17

0000000000401d70 <_ZNSt8ios_base4InitD1Ev@plt>:
  401d70:	f00000f0 	adrp	x16, 420000 <_ZNSt7__cxx1112basic_stringIcSt11char_traitsIcESaIcEEaSERKS4_@GLIBCXX_3.4.21>
  401d74:	f9410611 	ldr	x17, [x16, #520]
  401d78:	91082210 	add	x16, x16, #0x208
  401d7c:	d61f0220 	br	x17

Disassembly of section .text:

0000000000401d80 <_start>:
  401d80:	d503201f 	nop
  401d84:	d280001d 	mov	x29, #0x0                   	// #0
  401d88:	d280001e 	mov	x30, #0x0                   	// #0
  401d8c:	aa0003e5 	mov	x5, x0
  401d90:	f94003e1 	ldr	x1, [sp]
  401d94:	910023e2 	add	x2, sp, #0x8
  401d98:	910003e6 	mov	x6, sp
  401d9c:	90000000 	adrp	x0, 401000 <__abi_tag+0xd88>
  401da0:	9136d000 	add	x0, x0, #0xdb4
  401da4:	d2800003 	mov	x3, #0x0                   	// #0
  401da8:	d2800004 	mov	x4, #0x0                   	// #0
  401dac:	97ffff39 	bl	401a90 <__libc_start_main@plt>
  401db0:	97ffffbc 	bl	401ca0 <abort@plt>

0000000000401db4 <__wrap_main>:
  401db4:	d503201f 	nop
  401db8:	14000900 	b	4041b8 <main>
  401dbc:	d503201f 	nop

0000000000401dc0 <_dl_relocate_static_pie>:
  401dc0:	d65f03c0 	ret

0000000000401dc4 <call_weak_fn>:
  401dc4:	d00000e0 	adrp	x0, 41f000 <__FRAME_END__+0x128d0>
  401dc8:	f947ec00 	ldr	x0, [x0, #4056]
  401dcc:	b4000040 	cbz	x0, 401dd4 <call_weak_fn+0x10>
  401dd0:	17ffffdc 	b	401d40 <__gmon_start__@plt>
  401dd4:	d65f03c0 	ret
  401dd8:	d503201f 	nop
  401ddc:	d503201f 	nop

0000000000401de0 <deregister_tm_clones>:
  401de0:	f00000e0 	adrp	x0, 420000 <_ZNSt7__cxx1112basic_stringIcSt11char_traitsIcESaIcEEaSERKS4_@GLIBCXX_3.4.21>
  401de4:	91088000 	add	x0, x0, #0x220
  401de8:	f00000e1 	adrp	x1, 420000 <_ZNSt7__cxx1112basic_stringIcSt11char_traitsIcESaIcEEaSERKS4_@GLIBCXX_3.4.21>
  401dec:	91088021 	add	x1, x1, #0x220
  401df0:	eb00003f 	cmp	x1, x0
  401df4:	540000c0 	b.eq	401e0c <deregister_tm_clones+0x2c>  // b.none
  401df8:	d00000e1 	adrp	x1, 41f000 <__FRAME_END__+0x128d0>
  401dfc:	f947e821 	ldr	x1, [x1, #4048]
  401e00:	b4000061 	cbz	x1, 401e0c <deregister_tm_clones+0x2c>
  401e04:	aa0103f0 	mov	x16, x1
  401e08:	d61f0200 	br	x16
  401e0c:	d65f03c0 	ret

0000000000401e10 <register_tm_clones>:
  401e10:	f00000e0 	adrp	x0, 420000 <_ZNSt7__cxx1112basic_stringIcSt11char_traitsIcESaIcEEaSERKS4_@GLIBCXX_3.4.21>
  401e14:	91088000 	add	x0, x0, #0x220
  401e18:	f00000e1 	adrp	x1, 420000 <_ZNSt7__cxx1112basic_stringIcSt11char_traitsIcESaIcEEaSERKS4_@GLIBCXX_3.4.21>
  401e1c:	91088021 	add	x1, x1, #0x220
  401e20:	cb000021 	sub	x1, x1, x0
  401e24:	d37ffc22 	lsr	x2, x1, #63
  401e28:	8b810c41 	add	x1, x2, x1, asr #3
  401e2c:	9341fc21 	asr	x1, x1, #1
  401e30:	b40000c1 	cbz	x1, 401e48 <register_tm_clones+0x38>
  401e34:	d00000e2 	adrp	x2, 41f000 <__FRAME_END__+0x128d0>
  401e38:	f947f042 	ldr	x2, [x2, #4064]
  401e3c:	b4000062 	cbz	x2, 401e48 <register_tm_clones+0x38>
  401e40:	aa0203f0 	mov	x16, x2
  401e44:	d61f0200 	br	x16
  401e48:	d65f03c0 	ret
  401e4c:	d503201f 	nop

0000000000401e50 <__do_global_dtors_aux>:
  401e50:	a9be7bfd 	stp	x29, x30, [sp, #-32]!
  401e54:	910003fd 	mov	x29, sp
  401e58:	f9000bf3 	str	x19, [sp, #16]
  401e5c:	f00000f3 	adrp	x19, 420000 <_ZNSt7__cxx1112basic_stringIcSt11char_traitsIcESaIcEEaSERKS4_@GLIBCXX_3.4.21>
  401e60:	394d0260 	ldrb	w0, [x19, #832]
  401e64:	35000080 	cbnz	w0, 401e74 <__do_global_dtors_aux+0x24>
  401e68:	97ffffde 	bl	401de0 <deregister_tm_clones>
  401e6c:	52800020 	mov	w0, #0x1                   	// #1
  401e70:	390d0260 	strb	w0, [x19, #832]
  401e74:	f9400bf3 	ldr	x19, [sp, #16]
  401e78:	a8c27bfd 	ldp	x29, x30, [sp], #32
  401e7c:	d65f03c0 	ret

0000000000401e80 <frame_dummy>:
  401e80:	17ffffe4 	b	401e10 <register_tm_clones>

0000000000401e84 <_ZL11timer_startv>:
  401e84:	d10043ff 	sub	sp, sp, #0x10
  401e88:	d5033f9f 	dsb	sy
  401e8c:	d5033fdf 	isb
  401e90:	d53be040 	mrs	x0, cntvct_el0
  401e94:	d5033fdf 	isb
  401e98:	f90007e0 	str	x0, [sp, #8]
  401e9c:	f94007e0 	ldr	x0, [sp, #8]
  401ea0:	910043ff 	add	sp, sp, #0x10
  401ea4:	d65f03c0 	ret

0000000000401ea8 <_ZL10timer_stopv>:
  401ea8:	d10043ff 	sub	sp, sp, #0x10
  401eac:	d5033f9f 	dsb	sy
  401eb0:	d5033fdf 	isb
  401eb4:	d53be040 	mrs	x0, cntvct_el0
  401eb8:	d5033fdf 	isb
  401ebc:	f90007e0 	str	x0, [sp, #8]
  401ec0:	f94007e0 	ldr	x0, [sp, #8]
  401ec4:	910043ff 	add	sp, sp, #0x10
  401ec8:	d65f03c0 	ret

0000000000401ecc <_ZL4failPKc>:
  401ecc:	a9be7bfd 	stp	x29, x30, [sp, #-32]!
  401ed0:	910003fd 	mov	x29, sp
  401ed4:	f9000fe0 	str	x0, [sp, #24]
  401ed8:	f9400fe0 	ldr	x0, [sp, #24]
  401edc:	97fffeb9 	bl	4019c0 <perror@plt>
  401ee0:	52800020 	mov	w0, #0x1                   	// #1
  401ee4:	97ffff83 	bl	401cf0 <exit@plt>

0000000000401ee8 <_ZL8pmu_openPKc>:
  401ee8:	a9b47bfd 	stp	x29, x30, [sp, #-192]!
  401eec:	910003fd 	mov	x29, sp
  401ef0:	f9000fe0 	str	x0, [sp, #24]
  401ef4:	f9400fe0 	ldr	x0, [sp, #24]
  401ef8:	f9005fe0 	str	x0, [sp, #184]
  401efc:	b900b7ff 	str	wzr, [sp, #180]
  401f00:	14000099 	b	402164 <_ZL8pmu_openPKc+0x27c>
  401f04:	97ffff2b 	bl	401bb0 <__errno_location@plt>
  401f08:	b900001f 	str	wzr, [x0]
  401f0c:	9102a3e0 	add	x0, sp, #0xa8
  401f10:	52800002 	mov	w2, #0x0                   	// #0
  401f14:	aa0003e1 	mov	x1, x0
  401f18:	f9405fe0 	ldr	x0, [sp, #184]
  401f1c:	97ffff5d 	bl	401c90 <strtoull@plt>
  401f20:	aa0003e2 	mov	x2, x0
  401f24:	f00000e0 	adrp	x0, 420000 <_ZNSt7__cxx1112basic_stringIcSt11char_traitsIcESaIcEEaSERKS4_@GLIBCXX_3.4.21>
  401f28:	910e0000 	add	x0, x0, #0x380
  401f2c:	b980b7e1 	ldrsw	x1, [sp, #180]
  401f30:	f8217802 	str	x2, [x0, x1, lsl #3]
  401f34:	97ffff1f 	bl	401bb0 <__errno_location@plt>
  401f38:	b9400000 	ldr	w0, [x0]
  401f3c:	7100001f 	cmp	w0, #0x0
  401f40:	540002a1 	b.ne	401f94 <_ZL8pmu_openPKc+0xac>  // b.any
  401f44:	f94057e0 	ldr	x0, [sp, #168]
  401f48:	f9405fe1 	ldr	x1, [sp, #184]
  401f4c:	eb00003f 	cmp	x1, x0
  401f50:	54000220 	b.eq	401f94 <_ZL8pmu_openPKc+0xac>  // b.none
  401f54:	f9405fe0 	ldr	x0, [sp, #184]
  401f58:	39400000 	ldrb	w0, [x0]
  401f5c:	7100b41f 	cmp	w0, #0x2d
  401f60:	540001a0 	b.eq	401f94 <_ZL8pmu_openPKc+0xac>  // b.none
  401f64:	b940b7e0 	ldr	w0, [sp, #180]
  401f68:	7100081f 	cmp	w0, #0x2
  401f6c:	540000cc 	b.gt	401f84 <_ZL8pmu_openPKc+0x9c>
  401f70:	f94057e0 	ldr	x0, [sp, #168]
  401f74:	39400000 	ldrb	w0, [x0]
  401f78:	7100b01f 	cmp	w0, #0x2c
  401f7c:	540000c1 	b.ne	401f94 <_ZL8pmu_openPKc+0xac>  // b.any
  401f80:	14000010 	b	401fc0 <_ZL8pmu_openPKc+0xd8>
  401f84:	f94057e0 	ldr	x0, [sp, #168]
  401f88:	39400000 	ldrb	w0, [x0]
  401f8c:	7100001f 	cmp	w0, #0x0
  401f90:	54000180 	b.eq	401fc0 <_ZL8pmu_openPKc+0xd8>  // b.none
  401f94:	f00000e0 	adrp	x0, 420000 <_ZNSt7__cxx1112basic_stringIcSt11char_traitsIcESaIcEEaSERKS4_@GLIBCXX_3.4.21>
  401f98:	91088000 	add	x0, x0, #0x220
  401f9c:	f9400000 	ldr	x0, [x0]
  401fa0:	aa0003e3 	mov	x3, x0
  401fa4:	d2800702 	mov	x2, #0x38                  	// #56
  401fa8:	d2800021 	mov	x1, #0x1                   	// #1
  401fac:	90000040 	adrp	x0, 409000 <_ZSt22__copy_move_backward_aILb1EN9__gnu_cxx17__normal_iteratorIPmSt6vectorImSaImEEEES6_ET1_T0_S8_S7_+0x30>
  401fb0:	911ec000 	add	x0, x0, #0x7b0
  401fb4:	97ffff57 	bl	401d10 <fwrite@plt>
  401fb8:	52800020 	mov	w0, #0x1                   	// #1
  401fbc:	97ffff4d 	bl	401cf0 <exit@plt>
  401fc0:	f94057e0 	ldr	x0, [sp, #168]
  401fc4:	39400000 	ldrb	w0, [x0]
  401fc8:	7100001f 	cmp	w0, #0x0
  401fcc:	54000080 	b.eq	401fdc <_ZL8pmu_openPKc+0xf4>  // b.none
  401fd0:	f94057e0 	ldr	x0, [sp, #168]
  401fd4:	91000400 	add	x0, x0, #0x1
  401fd8:	14000002 	b	401fe0 <_ZL8pmu_openPKc+0xf8>
  401fdc:	f94057e0 	ldr	x0, [sp, #168]
  401fe0:	f9005fe0 	str	x0, [sp, #184]
  401fe4:	910083e0 	add	x0, sp, #0x20
  401fe8:	4f000400 	movi	v0.4s, #0x0
  401fec:	ad000000 	stp	q0, q0, [x0]
  401ff0:	ad010000 	stp	q0, q0, [x0, #32]
  401ff4:	ad020000 	stp	q0, q0, [x0, #64]
  401ff8:	ad030000 	stp	q0, q0, [x0, #96]
  401ffc:	9e660001 	fmov	x1, d0
  402000:	f9004001 	str	x1, [x0, #128]
  402004:	52800080 	mov	w0, #0x4                   	// #4
  402008:	b90023e0 	str	w0, [sp, #32]
  40200c:	52801100 	mov	w0, #0x88                  	// #136
  402010:	b90027e0 	str	w0, [sp, #36]
  402014:	d00000e0 	adrp	x0, 420000 <_ZNSt7__cxx1112basic_stringIcSt11char_traitsIcESaIcEEaSERKS4_@GLIBCXX_3.4.21>
  402018:	910e0000 	add	x0, x0, #0x380
  40201c:	b980b7e1 	ldrsw	x1, [sp, #180]
  402020:	f8617800 	ldr	x0, [x0, x1, lsl #3]
  402024:	f90017e0 	str	x0, [sp, #40]
  402028:	b940b7e0 	ldr	w0, [sp, #180]
  40202c:	7100001f 	cmp	w0, #0x0
  402030:	1a9f17e0 	cset	w0, eq  // eq = none
  402034:	12001c01 	and	w1, w0, #0xff
  402038:	b9404be0 	ldr	w0, [sp, #72]
  40203c:	33000020 	bfxil	w0, w1, #0, #1
  402040:	b9004be0 	str	w0, [sp, #72]
  402044:	b940b7e0 	ldr	w0, [sp, #180]
  402048:	7100001f 	cmp	w0, #0x0
  40204c:	1a9f17e0 	cset	w0, eq  // eq = none
  402050:	12001c01 	and	w1, w0, #0xff
  402054:	b9404be0 	ldr	w0, [sp, #72]
  402058:	331e0020 	bfi	w0, w1, #2, #1
  40205c:	b9004be0 	str	w0, [sp, #72]
  402060:	f94027e0 	ldr	x0, [sp, #72]
  402064:	b27b0000 	orr	x0, x0, #0x20
  402068:	f90027e0 	str	x0, [sp, #72]
  40206c:	f94027e0 	ldr	x0, [sp, #72]
  402070:	b27a0000 	orr	x0, x0, #0x40
  402074:	f90027e0 	str	x0, [sp, #72]
  402078:	f94027e0 	ldr	x0, [sp, #72]
  40207c:	b26c0000 	orr	x0, x0, #0x100000
  402080:	f90027e0 	str	x0, [sp, #72]
  402084:	d28001e0 	mov	x0, #0xf                   	// #15
  402088:	f90023e0 	str	x0, [sp, #64]
  40208c:	b940b7e0 	ldr	w0, [sp, #180]
  402090:	7100001f 	cmp	w0, #0x0
  402094:	540000a0 	b.eq	4020a8 <_ZL8pmu_openPKc+0x1c0>  // b.none
  402098:	d00000e0 	adrp	x0, 420000 <_ZNSt7__cxx1112basic_stringIcSt11char_traitsIcESaIcEEaSERKS4_@GLIBCXX_3.4.21>
  40209c:	910d4000 	add	x0, x0, #0x350
  4020a0:	b9400000 	ldr	w0, [x0]
  4020a4:	14000002 	b	4020ac <_ZL8pmu_openPKc+0x1c4>
  4020a8:	12800000 	mov	w0, #0xffffffff            	// #-1
  4020ac:	910083e1 	add	x1, sp, #0x20
  4020b0:	d2800105 	mov	x5, #0x8                   	// #8
  4020b4:	2a0003e4 	mov	w4, w0
  4020b8:	12800003 	mov	w3, #0xffffffff            	// #-1
  4020bc:	52800002 	mov	w2, #0x0                   	// #0
  4020c0:	d2801e20 	mov	x0, #0xf1                  	// #241
  4020c4:	97fffe83 	bl	401ad0 <syscall@plt>
  4020c8:	2a0003e2 	mov	w2, w0
  4020cc:	d00000e0 	adrp	x0, 420000 <_ZNSt7__cxx1112basic_stringIcSt11char_traitsIcESaIcEEaSERKS4_@GLIBCXX_3.4.21>
  4020d0:	910d4000 	add	x0, x0, #0x350
  4020d4:	b980b7e1 	ldrsw	x1, [sp, #180]
  4020d8:	b8217802 	str	w2, [x0, x1, lsl #2]
  4020dc:	d00000e0 	adrp	x0, 420000 <_ZNSt7__cxx1112basic_stringIcSt11char_traitsIcESaIcEEaSERKS4_@GLIBCXX_3.4.21>
  4020e0:	910d4000 	add	x0, x0, #0x350
  4020e4:	b980b7e1 	ldrsw	x1, [sp, #180]
  4020e8:	b8617800 	ldr	w0, [x0, x1, lsl #2]
  4020ec:	7100001f 	cmp	w0, #0x0
  4020f0:	5400008a 	b.ge	402100 <_ZL8pmu_openPKc+0x218>  // b.tcont
  4020f4:	f0000020 	adrp	x0, 409000 <_ZSt22__copy_move_backward_aILb1EN9__gnu_cxx17__normal_iteratorIPmSt6vectorImSaImEEEES6_ET1_T0_S8_S7_+0x30>
  4020f8:	911fc000 	add	x0, x0, #0x7f0
  4020fc:	97ffff74 	bl	401ecc <_ZL4failPKc>
  402100:	d00000e0 	adrp	x0, 420000 <_ZNSt7__cxx1112basic_stringIcSt11char_traitsIcESaIcEEaSERKS4_@GLIBCXX_3.4.21>
  402104:	910d4000 	add	x0, x0, #0x350
  402108:	b980b7e1 	ldrsw	x1, [sp, #180]
  40210c:	b8617803 	ldr	w3, [x0, x1, lsl #2]
  402110:	b980b7e0 	ldrsw	x0, [sp, #180]
  402114:	d37df001 	lsl	x1, x0, #3
  402118:	d00000e0 	adrp	x0, 420000 <_ZNSt7__cxx1112basic_stringIcSt11char_traitsIcESaIcEEaSERKS4_@GLIBCXX_3.4.21>
  40211c:	910d8000 	add	x0, x0, #0x360
  402120:	8b000020 	add	x0, x1, x0
  402124:	aa0003e2 	mov	x2, x0
  402128:	d28480e1 	mov	x1, #0x2407                	// #9223
  40212c:	f2b00101 	movk	x1, #0x8008, lsl #16
  402130:	2a0303e0 	mov	w0, w3
  402134:	97fffe63 	bl	401ac0 <ioctl@plt>
  402138:	7100001f 	cmp	w0, #0x0
  40213c:	1a9f07e0 	cset	w0, ne  // ne = any
  402140:	12001c00 	and	w0, w0, #0xff
  402144:	7100001f 	cmp	w0, #0x0
  402148:	54000080 	b.eq	402158 <_ZL8pmu_openPKc+0x270>  // b.none
  40214c:	f0000020 	adrp	x0, 409000 <_ZSt22__copy_move_backward_aILb1EN9__gnu_cxx17__normal_iteratorIPmSt6vectorImSaImEEEES6_ET1_T0_S8_S7_+0x30>
  402150:	91200000 	add	x0, x0, #0x800
  402154:	97ffff5e 	bl	401ecc <_ZL4failPKc>
  402158:	b940b7e0 	ldr	w0, [sp, #180]
  40215c:	11000400 	add	w0, w0, #0x1
  402160:	b900b7e0 	str	w0, [sp, #180]
  402164:	b940b7e0 	ldr	w0, [sp, #180]
  402168:	71000c1f 	cmp	w0, #0x3
  40216c:	54ffeccd 	b.le	401f04 <_ZL8pmu_openPKc+0x1c>
  402170:	d503201f 	nop
  402174:	d503201f 	nop
  402178:	a8cc7bfd 	ldp	x29, x30, [sp], #192
  40217c:	d65f03c0 	ret

0000000000402180 <_ZL9pmu_startv>:
  402180:	a9bf7bfd 	stp	x29, x30, [sp, #-16]!
  402184:	910003fd 	mov	x29, sp
  402188:	d00000e0 	adrp	x0, 420000 <_ZNSt7__cxx1112basic_stringIcSt11char_traitsIcESaIcEEaSERKS4_@GLIBCXX_3.4.21>
  40218c:	910d4000 	add	x0, x0, #0x350
  402190:	b9400000 	ldr	w0, [x0]
  402194:	52800022 	mov	w2, #0x1                   	// #1
  402198:	d2848061 	mov	x1, #0x2403                	// #9219
  40219c:	97fffe49 	bl	401ac0 <ioctl@plt>
  4021a0:	7100001f 	cmp	w0, #0x0
  4021a4:	1a9f07e0 	cset	w0, ne  // ne = any
  4021a8:	12001c00 	and	w0, w0, #0xff
  4021ac:	7100001f 	cmp	w0, #0x0
  4021b0:	54000080 	b.eq	4021c0 <_ZL9pmu_startv+0x40>  // b.none
  4021b4:	f0000020 	adrp	x0, 409000 <_ZSt22__copy_move_backward_aILb1EN9__gnu_cxx17__normal_iteratorIPmSt6vectorImSaImEEEES6_ET1_T0_S8_S7_+0x30>
  4021b8:	91206000 	add	x0, x0, #0x818
  4021bc:	97ffff44 	bl	401ecc <_ZL4failPKc>
  4021c0:	d00000e0 	adrp	x0, 420000 <_ZNSt7__cxx1112basic_stringIcSt11char_traitsIcESaIcEEaSERKS4_@GLIBCXX_3.4.21>
  4021c4:	910d4000 	add	x0, x0, #0x350
  4021c8:	b9400000 	ldr	w0, [x0]
  4021cc:	52800022 	mov	w2, #0x1                   	// #1
  4021d0:	d2848001 	mov	x1, #0x2400                	// #9216
  4021d4:	97fffe3b 	bl	401ac0 <ioctl@plt>
  4021d8:	7100001f 	cmp	w0, #0x0
  4021dc:	1a9f07e0 	cset	w0, ne  // ne = any
  4021e0:	12001c00 	and	w0, w0, #0xff
  4021e4:	7100001f 	cmp	w0, #0x0
  4021e8:	54000080 	b.eq	4021f8 <_ZL9pmu_startv+0x78>  // b.none
  4021ec:	f0000020 	adrp	x0, 409000 <_ZSt22__copy_move_backward_aILb1EN9__gnu_cxx17__normal_iteratorIPmSt6vectorImSaImEEEES6_ET1_T0_S8_S7_+0x30>
  4021f0:	9120a000 	add	x0, x0, #0x828
  4021f4:	97ffff36 	bl	401ecc <_ZL4failPKc>
  4021f8:	d503201f 	nop
  4021fc:	a8c17bfd 	ldp	x29, x30, [sp], #16
  402200:	d65f03c0 	ret

0000000000402204 <_ZL8pmu_stopv>:
  402204:	a9be7bfd 	stp	x29, x30, [sp, #-32]!
  402208:	910003fd 	mov	x29, sp
  40220c:	d00000e0 	adrp	x0, 420000 <_ZNSt7__cxx1112basic_stringIcSt11char_traitsIcESaIcEEaSERKS4_@GLIBCXX_3.4.21>
  402210:	910d4000 	add	x0, x0, #0x350
  402214:	b9400000 	ldr	w0, [x0]
  402218:	52800022 	mov	w2, #0x1                   	// #1
  40221c:	d2848021 	mov	x1, #0x2401                	// #9217
  402220:	97fffe28 	bl	401ac0 <ioctl@plt>
  402224:	7100001f 	cmp	w0, #0x0
  402228:	1a9f07e0 	cset	w0, ne  // ne = any
  40222c:	12001c00 	and	w0, w0, #0xff
  402230:	7100001f 	cmp	w0, #0x0
  402234:	54000080 	b.eq	402244 <_ZL8pmu_stopv+0x40>  // b.none
  402238:	f0000020 	adrp	x0, 409000 <_ZSt22__copy_move_backward_aILb1EN9__gnu_cxx17__normal_iteratorIPmSt6vectorImSaImEEEES6_ET1_T0_S8_S7_+0x30>
  40223c:	9120e000 	add	x0, x0, #0x838
  402240:	97ffff23 	bl	401ecc <_ZL4failPKc>
  402244:	d00000e0 	adrp	x0, 420000 <_ZNSt7__cxx1112basic_stringIcSt11char_traitsIcESaIcEEaSERKS4_@GLIBCXX_3.4.21>
  402248:	910d4000 	add	x0, x0, #0x350
  40224c:	b9400003 	ldr	w3, [x0]
  402250:	d2800b02 	mov	x2, #0x58                  	// #88
  402254:	d00000e0 	adrp	x0, 420000 <_ZNSt7__cxx1112basic_stringIcSt11char_traitsIcESaIcEEaSERKS4_@GLIBCXX_3.4.21>
  402258:	910e8001 	add	x1, x0, #0x3a0
  40225c:	2a0303e0 	mov	w0, w3
  402260:	97fffe00 	bl	401a60 <read@plt>
  402264:	f9000fe0 	str	x0, [sp, #24]
  402268:	f9400fe0 	ldr	x0, [sp, #24]
  40226c:	f101601f 	cmp	x0, #0x58
  402270:	54000301 	b.ne	4022d0 <_ZL8pmu_stopv+0xcc>  // b.any
  402274:	d00000e0 	adrp	x0, 420000 <_ZNSt7__cxx1112basic_stringIcSt11char_traitsIcESaIcEEaSERKS4_@GLIBCXX_3.4.21>
  402278:	910e8000 	add	x0, x0, #0x3a0
  40227c:	f9400000 	ldr	x0, [x0]
  402280:	f100101f 	cmp	x0, #0x4
  402284:	54000261 	b.ne	4022d0 <_ZL8pmu_stopv+0xcc>  // b.any
  402288:	d00000e0 	adrp	x0, 420000 <_ZNSt7__cxx1112basic_stringIcSt11char_traitsIcESaIcEEaSERKS4_@GLIBCXX_3.4.21>
  40228c:	910e8000 	add	x0, x0, #0x3a0
  402290:	f9400400 	ldr	x0, [x0, #8]
  402294:	f100001f 	cmp	x0, #0x0
  402298:	540001c0 	b.eq	4022d0 <_ZL8pmu_stopv+0xcc>  // b.none
  40229c:	d00000e0 	adrp	x0, 420000 <_ZNSt7__cxx1112basic_stringIcSt11char_traitsIcESaIcEEaSERKS4_@GLIBCXX_3.4.21>
  4022a0:	910e8000 	add	x0, x0, #0x3a0
  4022a4:	f9400800 	ldr	x0, [x0, #16]
  4022a8:	f100001f 	cmp	x0, #0x0
  4022ac:	54000120 	b.eq	4022d0 <_ZL8pmu_stopv+0xcc>  // b.none
  4022b0:	d00000e0 	adrp	x0, 420000 <_ZNSt7__cxx1112basic_stringIcSt11char_traitsIcESaIcEEaSERKS4_@GLIBCXX_3.4.21>
  4022b4:	910e8000 	add	x0, x0, #0x3a0
  4022b8:	f9400801 	ldr	x1, [x0, #16]
  4022bc:	d00000e0 	adrp	x0, 420000 <_ZNSt7__cxx1112basic_stringIcSt11char_traitsIcESaIcEEaSERKS4_@GLIBCXX_3.4.21>
  4022c0:	910e8000 	add	x0, x0, #0x3a0
  4022c4:	f9400400 	ldr	x0, [x0, #8]
  4022c8:	eb00003f 	cmp	x1, x0
  4022cc:	54000260 	b.eq	402318 <_ZL8pmu_stopv+0x114>  // b.none
  4022d0:	d00000e0 	adrp	x0, 420000 <_ZNSt7__cxx1112basic_stringIcSt11char_traitsIcESaIcEEaSERKS4_@GLIBCXX_3.4.21>
  4022d4:	91088000 	add	x0, x0, #0x220
  4022d8:	f9400005 	ldr	x5, [x0]
  4022dc:	d00000e0 	adrp	x0, 420000 <_ZNSt7__cxx1112basic_stringIcSt11char_traitsIcESaIcEEaSERKS4_@GLIBCXX_3.4.21>
  4022e0:	910e8000 	add	x0, x0, #0x3a0
  4022e4:	f9400401 	ldr	x1, [x0, #8]
  4022e8:	d00000e0 	adrp	x0, 420000 <_ZNSt7__cxx1112basic_stringIcSt11char_traitsIcESaIcEEaSERKS4_@GLIBCXX_3.4.21>
  4022ec:	910e8000 	add	x0, x0, #0x3a0
  4022f0:	f9400800 	ldr	x0, [x0, #16]
  4022f4:	aa0003e4 	mov	x4, x0
  4022f8:	aa0103e3 	mov	x3, x1
  4022fc:	f9400fe2 	ldr	x2, [sp, #24]
  402300:	f0000020 	adrp	x0, 409000 <_ZSt22__copy_move_backward_aILb1EN9__gnu_cxx17__normal_iteratorIPmSt6vectorImSaImEEEES6_ET1_T0_S8_S7_+0x30>
  402304:	91212001 	add	x1, x0, #0x848
  402308:	aa0503e0 	mov	x0, x5
  40230c:	97fffda5 	bl	4019a0 <fprintf@plt>
  402310:	52800020 	mov	w0, #0x1                   	// #1
  402314:	97fffe77 	bl	401cf0 <exit@plt>
  402318:	d503201f 	nop
  40231c:	a8c27bfd 	ldp	x29, x30, [sp], #32
  402320:	d65f03c0 	ret

0000000000402324 <_ZL8pmu_savePKcm>:
  402324:	a9bc7bfd 	stp	x29, x30, [sp, #-64]!
  402328:	910003fd 	mov	x29, sp
  40232c:	f9000fe0 	str	x0, [sp, #24]
  402330:	f9000be1 	str	x1, [sp, #16]
  402334:	f0000020 	adrp	x0, 409000 <_ZSt22__copy_move_backward_aILb1EN9__gnu_cxx17__normal_iteratorIPmSt6vectorImSaImEEEES6_ET1_T0_S8_S7_+0x30>
  402338:	91228001 	add	x1, x0, #0x8a0
  40233c:	f9400fe0 	ldr	x0, [sp, #24]
  402340:	97fffe34 	bl	401c10 <fopen@plt>
  402344:	f90017e0 	str	x0, [sp, #40]
  402348:	f94017e0 	ldr	x0, [sp, #40]
  40234c:	f100001f 	cmp	x0, #0x0
  402350:	54000081 	b.ne	402360 <_ZL8pmu_savePKcm+0x3c>  // b.any
  402354:	f0000020 	adrp	x0, 409000 <_ZSt22__copy_move_backward_aILb1EN9__gnu_cxx17__normal_iteratorIPmSt6vectorImSaImEEEES6_ET1_T0_S8_S7_+0x30>
  402358:	9122a000 	add	x0, x0, #0x8a8
  40235c:	97fffedc 	bl	401ecc <_ZL4failPKc>
  402360:	d00000e0 	adrp	x0, 420000 <_ZNSt7__cxx1112basic_stringIcSt11char_traitsIcESaIcEEaSERKS4_@GLIBCXX_3.4.21>
  402364:	910e8000 	add	x0, x0, #0x3a0
  402368:	f9400401 	ldr	x1, [x0, #8]
  40236c:	d00000e0 	adrp	x0, 420000 <_ZNSt7__cxx1112basic_stringIcSt11char_traitsIcESaIcEEaSERKS4_@GLIBCXX_3.4.21>
  402370:	910e8000 	add	x0, x0, #0x3a0
  402374:	f9400800 	ldr	x0, [x0, #16]
  402378:	f9400be4 	ldr	x4, [sp, #16]
  40237c:	aa0003e3 	mov	x3, x0
  402380:	aa0103e2 	mov	x2, x1
  402384:	f0000020 	adrp	x0, 409000 <_ZSt22__copy_move_backward_aILb1EN9__gnu_cxx17__normal_iteratorIPmSt6vectorImSaImEEEES6_ET1_T0_S8_S7_+0x30>
  402388:	9122e001 	add	x1, x0, #0x8b8
  40238c:	f94017e0 	ldr	x0, [sp, #40]
  402390:	97fffd84 	bl	4019a0 <fprintf@plt>
  402394:	b9003fff 	str	wzr, [sp, #60]
  402398:	14000051 	b	4024dc <_ZL8pmu_savePKcm+0x1b8>
  40239c:	12800000 	mov	w0, #0xffffffff            	// #-1
  4023a0:	b9003be0 	str	w0, [sp, #56]
  4023a4:	b90037ff 	str	wzr, [sp, #52]
  4023a8:	14000013 	b	4023f4 <_ZL8pmu_savePKcm+0xd0>
  4023ac:	d00000e0 	adrp	x0, 420000 <_ZNSt7__cxx1112basic_stringIcSt11char_traitsIcESaIcEEaSERKS4_@GLIBCXX_3.4.21>
  4023b0:	910e8001 	add	x1, x0, #0x3a0
  4023b4:	b98037e0 	ldrsw	x0, [sp, #52]
  4023b8:	91000400 	add	x0, x0, #0x1
  4023bc:	d37cec00 	lsl	x0, x0, #4
  4023c0:	8b000020 	add	x0, x1, x0
  4023c4:	f9400801 	ldr	x1, [x0, #16]
  4023c8:	d00000e0 	adrp	x0, 420000 <_ZNSt7__cxx1112basic_stringIcSt11char_traitsIcESaIcEEaSERKS4_@GLIBCXX_3.4.21>
  4023cc:	910d8000 	add	x0, x0, #0x360
  4023d0:	b9803fe2 	ldrsw	x2, [sp, #60]
  4023d4:	f8627800 	ldr	x0, [x0, x2, lsl #3]
  4023d8:	eb00003f 	cmp	x1, x0
  4023dc:	54000061 	b.ne	4023e8 <_ZL8pmu_savePKcm+0xc4>  // b.any
  4023e0:	b94037e0 	ldr	w0, [sp, #52]
  4023e4:	b9003be0 	str	w0, [sp, #56]
  4023e8:	b94037e0 	ldr	w0, [sp, #52]
  4023ec:	11000400 	add	w0, w0, #0x1
  4023f0:	b90037e0 	str	w0, [sp, #52]
  4023f4:	b94037e0 	ldr	w0, [sp, #52]
  4023f8:	71000c1f 	cmp	w0, #0x3
  4023fc:	54fffd8d 	b.le	4023ac <_ZL8pmu_savePKcm+0x88>
  402400:	b9403be0 	ldr	w0, [sp, #56]
  402404:	7100001f 	cmp	w0, #0x0
  402408:	5400018a 	b.ge	402438 <_ZL8pmu_savePKcm+0x114>  // b.tcont
  40240c:	d00000e0 	adrp	x0, 420000 <_ZNSt7__cxx1112basic_stringIcSt11char_traitsIcESaIcEEaSERKS4_@GLIBCXX_3.4.21>
  402410:	91088000 	add	x0, x0, #0x220
  402414:	f9400000 	ldr	x0, [x0]
  402418:	aa0003e3 	mov	x3, x0
  40241c:	d28002a2 	mov	x2, #0x15                  	// #21
  402420:	d2800021 	mov	x1, #0x1                   	// #1
  402424:	f0000020 	adrp	x0, 409000 <_ZSt22__copy_move_backward_aILb1EN9__gnu_cxx17__normal_iteratorIPmSt6vectorImSaImEEEES6_ET1_T0_S8_S7_+0x30>
  402428:	91242000 	add	x0, x0, #0x908
  40242c:	97fffe39 	bl	401d10 <fwrite@plt>
  402430:	52800020 	mov	w0, #0x1                   	// #1
  402434:	97fffe2f 	bl	401cf0 <exit@plt>
  402438:	b9403fe0 	ldr	w0, [sp, #60]
  40243c:	7100001f 	cmp	w0, #0x0
  402440:	54000080 	b.eq	402450 <_ZL8pmu_savePKcm+0x12c>  // b.none
  402444:	f0000020 	adrp	x0, 409000 <_ZSt22__copy_move_backward_aILb1EN9__gnu_cxx17__normal_iteratorIPmSt6vectorImSaImEEEES6_ET1_T0_S8_S7_+0x30>
  402448:	91248000 	add	x0, x0, #0x920
  40244c:	14000003 	b	402458 <_ZL8pmu_savePKcm+0x134>
  402450:	f0000020 	adrp	x0, 409000 <_ZSt22__copy_move_backward_aILb1EN9__gnu_cxx17__normal_iteratorIPmSt6vectorImSaImEEEES6_ET1_T0_S8_S7_+0x30>
  402454:	9124a000 	add	x0, x0, #0x928
  402458:	d00000e1 	adrp	x1, 420000 <_ZNSt7__cxx1112basic_stringIcSt11char_traitsIcESaIcEEaSERKS4_@GLIBCXX_3.4.21>
  40245c:	910e0021 	add	x1, x1, #0x380
  402460:	b9803fe2 	ldrsw	x2, [sp, #60]
  402464:	f8627823 	ldr	x3, [x1, x2, lsl #3]
  402468:	d00000e1 	adrp	x1, 420000 <_ZNSt7__cxx1112basic_stringIcSt11char_traitsIcESaIcEEaSERKS4_@GLIBCXX_3.4.21>
  40246c:	910e8022 	add	x2, x1, #0x3a0
  402470:	b9803be1 	ldrsw	x1, [sp, #56]
  402474:	91000421 	add	x1, x1, #0x1
  402478:	d37cec21 	lsl	x1, x1, #4
  40247c:	8b010041 	add	x1, x2, x1
  402480:	f9400421 	ldr	x1, [x1, #8]
  402484:	aa0103e4 	mov	x4, x1
  402488:	aa0003e2 	mov	x2, x0
  40248c:	f0000020 	adrp	x0, 409000 <_ZSt22__copy_move_backward_aILb1EN9__gnu_cxx17__normal_iteratorIPmSt6vectorImSaImEEEES6_ET1_T0_S8_S7_+0x30>
  402490:	9124c001 	add	x1, x0, #0x930
  402494:	f94017e0 	ldr	x0, [sp, #40]
  402498:	97fffd42 	bl	4019a0 <fprintf@plt>
  40249c:	d00000e0 	adrp	x0, 420000 <_ZNSt7__cxx1112basic_stringIcSt11char_traitsIcESaIcEEaSERKS4_@GLIBCXX_3.4.21>
  4024a0:	910d4000 	add	x0, x0, #0x350
  4024a4:	b9803fe1 	ldrsw	x1, [sp, #60]
  4024a8:	b8617800 	ldr	w0, [x0, x1, lsl #2]
  4024ac:	97fffde1 	bl	401c30 <close@plt>
  4024b0:	7100001f 	cmp	w0, #0x0
  4024b4:	1a9f07e0 	cset	w0, ne  // ne = any
  4024b8:	12001c00 	and	w0, w0, #0xff
  4024bc:	7100001f 	cmp	w0, #0x0
  4024c0:	54000080 	b.eq	4024d0 <_ZL8pmu_savePKcm+0x1ac>  // b.none
  4024c4:	f0000020 	adrp	x0, 409000 <_ZSt22__copy_move_backward_aILb1EN9__gnu_cxx17__normal_iteratorIPmSt6vectorImSaImEEEES6_ET1_T0_S8_S7_+0x30>
  4024c8:	91254000 	add	x0, x0, #0x950
  4024cc:	97fffe80 	bl	401ecc <_ZL4failPKc>
  4024d0:	b9403fe0 	ldr	w0, [sp, #60]
  4024d4:	11000400 	add	w0, w0, #0x1
  4024d8:	b9003fe0 	str	w0, [sp, #60]
  4024dc:	b9403fe0 	ldr	w0, [sp, #60]
  4024e0:	71000c1f 	cmp	w0, #0x3
  4024e4:	54fff5cd 	b.le	40239c <_ZL8pmu_savePKcm+0x78>
  4024e8:	f94017e3 	ldr	x3, [sp, #40]
  4024ec:	d2800062 	mov	x2, #0x3                   	// #3
  4024f0:	d2800021 	mov	x1, #0x1                   	// #1
  4024f4:	f0000020 	adrp	x0, 409000 <_ZSt22__copy_move_backward_aILb1EN9__gnu_cxx17__normal_iteratorIPmSt6vectorImSaImEEEES6_ET1_T0_S8_S7_+0x30>
  4024f8:	91258000 	add	x0, x0, #0x960
  4024fc:	97fffe05 	bl	401d10 <fwrite@plt>
  402500:	f94017e0 	ldr	x0, [sp, #40]
  402504:	97fffd43 	bl	401a10 <fclose@plt>
  402508:	7100001f 	cmp	w0, #0x0
  40250c:	1a9f07e0 	cset	w0, ne  // ne = any
  402510:	12001c00 	and	w0, w0, #0xff
  402514:	7100001f 	cmp	w0, #0x0
  402518:	54000080 	b.eq	402528 <_ZL8pmu_savePKcm+0x204>  // b.none
  40251c:	f0000020 	adrp	x0, 409000 <_ZSt22__copy_move_backward_aILb1EN9__gnu_cxx17__normal_iteratorIPmSt6vectorImSaImEEEES6_ET1_T0_S8_S7_+0x30>
  402520:	9125a000 	add	x0, x0, #0x968
  402524:	97fffe6a 	bl	401ecc <_ZL4failPKc>
  402528:	d503201f 	nop
  40252c:	a8c47bfd 	ldp	x29, x30, [sp], #64
  402530:	d65f03c0 	ret

0000000000402534 <_ZL10save_ticksPKcPKmm>:
  402534:	a9bc7bfd 	stp	x29, x30, [sp, #-64]!
  402538:	910003fd 	mov	x29, sp
  40253c:	f90017e0 	str	x0, [sp, #40]
  402540:	f90013e1 	str	x1, [sp, #32]
  402544:	f9000fe2 	str	x2, [sp, #24]
  402548:	f0000020 	adrp	x0, 409000 <_ZSt22__copy_move_backward_aILb1EN9__gnu_cxx17__normal_iteratorIPmSt6vectorImSaImEEEES6_ET1_T0_S8_S7_+0x30>
  40254c:	9125e001 	add	x1, x0, #0x978
  402550:	f94017e0 	ldr	x0, [sp, #40]
  402554:	97fffdaf 	bl	401c10 <fopen@plt>
  402558:	f9001fe0 	str	x0, [sp, #56]
  40255c:	f9401fe0 	ldr	x0, [sp, #56]
  402560:	f100001f 	cmp	x0, #0x0
  402564:	54000140 	b.eq	40258c <_ZL10save_ticksPKcPKmm+0x58>  // b.none
  402568:	f9401fe3 	ldr	x3, [sp, #56]
  40256c:	f9400fe2 	ldr	x2, [sp, #24]
  402570:	d2800101 	mov	x1, #0x8                   	// #8
  402574:	f94013e0 	ldr	x0, [sp, #32]
  402578:	97fffde6 	bl	401d10 <fwrite@plt>
  40257c:	aa0003e1 	mov	x1, x0
  402580:	f9400fe0 	ldr	x0, [sp, #24]
  402584:	eb01001f 	cmp	x0, x1
  402588:	54000060 	b.eq	402594 <_ZL10save_ticksPKcPKmm+0x60>  // b.none
  40258c:	52800020 	mov	w0, #0x1                   	// #1
  402590:	14000002 	b	402598 <_ZL10save_ticksPKcPKmm+0x64>
  402594:	52800000 	mov	w0, #0x0                   	// #0
  402598:	7100001f 	cmp	w0, #0x0
  40259c:	54000080 	b.eq	4025ac <_ZL10save_ticksPKcPKmm+0x78>  // b.none
  4025a0:	f0000020 	adrp	x0, 409000 <_ZSt22__copy_move_backward_aILb1EN9__gnu_cxx17__normal_iteratorIPmSt6vectorImSaImEEEES6_ET1_T0_S8_S7_+0x30>
  4025a4:	91260000 	add	x0, x0, #0x980
  4025a8:	97fffe49 	bl	401ecc <_ZL4failPKc>
  4025ac:	f9401fe0 	ldr	x0, [sp, #56]
  4025b0:	97fffd18 	bl	401a10 <fclose@plt>
  4025b4:	7100001f 	cmp	w0, #0x0
  4025b8:	1a9f07e0 	cset	w0, ne  // ne = any
  4025bc:	12001c00 	and	w0, w0, #0xff
  4025c0:	7100001f 	cmp	w0, #0x0
  4025c4:	54000080 	b.eq	4025d4 <_ZL10save_ticksPKcPKmm+0xa0>  // b.none
  4025c8:	f0000020 	adrp	x0, 409000 <_ZSt22__copy_move_backward_aILb1EN9__gnu_cxx17__normal_iteratorIPmSt6vectorImSaImEEEES6_ET1_T0_S8_S7_+0x30>
  4025cc:	91264000 	add	x0, x0, #0x990
  4025d0:	97fffe3f 	bl	401ecc <_ZL4failPKc>
  4025d4:	d503201f 	nop
  4025d8:	a8c47bfd 	ldp	x29, x30, [sp], #64
  4025dc:	d65f03c0 	ret

00000000004025e0 <_ZL9log_usageRK6rusageS1_>:
  4025e0:	a9bd7bfd 	stp	x29, x30, [sp, #-48]!
  4025e4:	910003fd 	mov	x29, sp
  4025e8:	f9000bf3 	str	x19, [sp, #16]
  4025ec:	f90017e0 	str	x0, [sp, #40]
  4025f0:	f90013e1 	str	x1, [sp, #32]
  4025f4:	d00000e0 	adrp	x0, 420000 <_ZNSt7__cxx1112basic_stringIcSt11char_traitsIcESaIcEEaSERKS4_@GLIBCXX_3.4.21>
  4025f8:	91088000 	add	x0, x0, #0x220
  4025fc:	f9400013 	ldr	x19, [x0]
  402600:	97fffcf4 	bl	4019d0 <sched_getcpu@plt>
  402604:	2a0003e7 	mov	w7, w0
  402608:	f94013e0 	ldr	x0, [sp, #32]
  40260c:	f9402001 	ldr	x1, [x0, #64]
  402610:	f94017e0 	ldr	x0, [sp, #40]
  402614:	f9402000 	ldr	x0, [x0, #64]
  402618:	cb000022 	sub	x2, x1, x0
  40261c:	f94013e0 	ldr	x0, [sp, #32]
  402620:	f9402401 	ldr	x1, [x0, #72]
  402624:	f94017e0 	ldr	x0, [sp, #40]
  402628:	f9402400 	ldr	x0, [x0, #72]
  40262c:	cb000023 	sub	x3, x1, x0
  402630:	f94013e0 	ldr	x0, [sp, #32]
  402634:	f9404001 	ldr	x1, [x0, #128]
  402638:	f94017e0 	ldr	x0, [sp, #40]
  40263c:	f9404000 	ldr	x0, [x0, #128]
  402640:	cb000024 	sub	x4, x1, x0
  402644:	f94013e0 	ldr	x0, [sp, #32]
  402648:	f9404401 	ldr	x1, [x0, #136]
  40264c:	f94017e0 	ldr	x0, [sp, #40]
  402650:	f9404400 	ldr	x0, [x0, #136]
  402654:	cb000020 	sub	x0, x1, x0
  402658:	aa0003e6 	mov	x6, x0
  40265c:	aa0403e5 	mov	x5, x4
  402660:	aa0303e4 	mov	x4, x3
  402664:	aa0203e3 	mov	x3, x2
  402668:	2a0703e2 	mov	w2, w7
  40266c:	f0000020 	adrp	x0, 409000 <_ZSt22__copy_move_backward_aILb1EN9__gnu_cxx17__normal_iteratorIPmSt6vectorImSaImEEEES6_ET1_T0_S8_S7_+0x30>
  402670:	91268001 	add	x1, x0, #0x9a0
  402674:	aa1303e0 	mov	x0, x19
  402678:	97fffcca 	bl	4019a0 <fprintf@plt>
  40267c:	d503201f 	nop
  402680:	f9400bf3 	ldr	x19, [sp, #16]
  402684:	a8c37bfd 	ldp	x29, x30, [sp], #48
  402688:	d65f03c0 	ret

000000000040268c <_ZL11log_mappingPKvPKc>:
  40268c:	d10983ff 	sub	sp, sp, #0x260
  402690:	a9007bfd 	stp	x29, x30, [sp]
  402694:	910003fd 	mov	x29, sp
  402698:	f9000bf3 	str	x19, [sp, #16]
  40269c:	f90017e0 	str	x0, [sp, #40]
  4026a0:	f90013e1 	str	x1, [sp, #32]
  4026a4:	f0000020 	adrp	x0, 409000 <_ZSt22__copy_move_backward_aILb1EN9__gnu_cxx17__normal_iteratorIPmSt6vectorImSaImEEEES6_ET1_T0_S8_S7_+0x30>
  4026a8:	91280001 	add	x1, x0, #0xa00
  4026ac:	f0000020 	adrp	x0, 409000 <_ZSt22__copy_move_backward_aILb1EN9__gnu_cxx17__normal_iteratorIPmSt6vectorImSaImEEEES6_ET1_T0_S8_S7_+0x30>
  4026b0:	91282000 	add	x0, x0, #0xa08
  4026b4:	97fffd57 	bl	401c10 <fopen@plt>
  4026b8:	f90127e0 	str	x0, [sp, #584]
  4026bc:	f94127e0 	ldr	x0, [sp, #584]
  4026c0:	f100001f 	cmp	x0, #0x0
  4026c4:	54000081 	b.ne	4026d4 <_ZL11log_mappingPKvPKc+0x48>  // b.any
  4026c8:	f0000020 	adrp	x0, 409000 <_ZSt22__copy_move_backward_aILb1EN9__gnu_cxx17__normal_iteratorIPmSt6vectorImSaImEEEES6_ET1_T0_S8_S7_+0x30>
  4026cc:	91288000 	add	x0, x0, #0xa20
  4026d0:	97fffdff 	bl	401ecc <_ZL4failPKc>
  4026d4:	f90023ff 	str	xzr, [sp, #64]
  4026d8:	f9001fff 	str	xzr, [sp, #56]
  4026dc:	f9012fff 	str	xzr, [sp, #600]
  4026e0:	39095fff 	strb	wzr, [sp, #599]
  4026e4:	d00000e0 	adrp	x0, 420000 <_ZNSt7__cxx1112basic_stringIcSt11char_traitsIcESaIcEEaSERKS4_@GLIBCXX_3.4.21>
  4026e8:	91088000 	add	x0, x0, #0x220
  4026ec:	f9400013 	ldr	x19, [x0]
  4026f0:	97fffcb8 	bl	4019d0 <sched_getcpu@plt>
  4026f4:	2a0003e4 	mov	w4, w0
  4026f8:	f94017e3 	ldr	x3, [sp, #40]
  4026fc:	f94013e2 	ldr	x2, [sp, #32]
  402700:	f0000020 	adrp	x0, 409000 <_ZSt22__copy_move_backward_aILb1EN9__gnu_cxx17__normal_iteratorIPmSt6vectorImSaImEEEES6_ET1_T0_S8_S7_+0x30>
  402704:	9128a001 	add	x1, x0, #0xa28
  402708:	aa1303e0 	mov	x0, x19
  40270c:	97fffca5 	bl	4019a0 <fprintf@plt>
  402710:	14000040 	b	402810 <_ZL11log_mappingPKvPKc+0x184>
  402714:	9100e3e1 	add	x1, sp, #0x38
  402718:	910103e0 	add	x0, sp, #0x40
  40271c:	910123e4 	add	x4, sp, #0x48
  402720:	aa0103e3 	mov	x3, x1
  402724:	aa0003e2 	mov	x2, x0
  402728:	f0000020 	adrp	x0, 409000 <_ZSt22__copy_move_backward_aILb1EN9__gnu_cxx17__normal_iteratorIPmSt6vectorImSaImEEEES6_ET1_T0_S8_S7_+0x30>
  40272c:	91292001 	add	x1, x0, #0xa48
  402730:	aa0403e0 	mov	x0, x4
  402734:	97fffd0f 	bl	401b70 <__isoc99_sscanf@plt>
  402738:	7100081f 	cmp	w0, #0x2
  40273c:	1a9f17e0 	cset	w0, eq  // eq = none
  402740:	12001c00 	and	w0, w0, #0xff
  402744:	7100001f 	cmp	w0, #0x0
  402748:	54000240 	b.eq	402790 <_ZL11log_mappingPKvPKc+0x104>  // b.none
  40274c:	f94017e1 	ldr	x1, [sp, #40]
  402750:	f94023e0 	ldr	x0, [sp, #64]
  402754:	eb00003f 	cmp	x1, x0
  402758:	540000e3 	b.cc	402774 <_ZL11log_mappingPKvPKc+0xe8>  // b.lo, b.ul, b.last
  40275c:	f94017e1 	ldr	x1, [sp, #40]
  402760:	f9401fe0 	ldr	x0, [sp, #56]
  402764:	eb00003f 	cmp	x1, x0
  402768:	54000062 	b.cs	402774 <_ZL11log_mappingPKvPKc+0xe8>  // b.hs, b.nlast
  40276c:	52800020 	mov	w0, #0x1                   	// #1
  402770:	14000002 	b	402778 <_ZL11log_mappingPKvPKc+0xec>
  402774:	52800000 	mov	w0, #0x0                   	// #0
  402778:	39095fe0 	strb	w0, [sp, #599]
  40277c:	39495fe0 	ldrb	w0, [sp, #599]
  402780:	7100001f 	cmp	w0, #0x0
  402784:	54000060 	b.eq	402790 <_ZL11log_mappingPKvPKc+0x104>  // b.none
  402788:	f94023e0 	ldr	x0, [sp, #64]
  40278c:	f9012fe0 	str	x0, [sp, #600]
  402790:	39495fe0 	ldrb	w0, [sp, #599]
  402794:	7100001f 	cmp	w0, #0x0
  402798:	540003c0 	b.eq	402810 <_ZL11log_mappingPKvPKc+0x184>  // b.none
  40279c:	910123e3 	add	x3, sp, #0x48
  4027a0:	d28001c2 	mov	x2, #0xe                   	// #14
  4027a4:	f0000020 	adrp	x0, 409000 <_ZSt22__copy_move_backward_aILb1EN9__gnu_cxx17__normal_iteratorIPmSt6vectorImSaImEEEES6_ET1_T0_S8_S7_+0x30>
  4027a8:	91294001 	add	x1, x0, #0xa50
  4027ac:	aa0303e0 	mov	x0, x3
  4027b0:	97fffce0 	bl	401b30 <strncmp@plt>
  4027b4:	7100001f 	cmp	w0, #0x0
  4027b8:	54000220 	b.eq	4027fc <_ZL11log_mappingPKvPKc+0x170>  // b.none
  4027bc:	910123e3 	add	x3, sp, #0x48
  4027c0:	d28001e2 	mov	x2, #0xf                   	// #15
  4027c4:	f0000020 	adrp	x0, 409000 <_ZSt22__copy_move_backward_aILb1EN9__gnu_cxx17__normal_iteratorIPmSt6vectorImSaImEEEES6_ET1_T0_S8_S7_+0x30>
  4027c8:	91298001 	add	x1, x0, #0xa60
  4027cc:	aa0303e0 	mov	x0, x3
  4027d0:	97fffcd8 	bl	401b30 <strncmp@plt>
  4027d4:	7100001f 	cmp	w0, #0x0
  4027d8:	54000120 	b.eq	4027fc <_ZL11log_mappingPKvPKc+0x170>  // b.none
  4027dc:	910123e3 	add	x3, sp, #0x48
  4027e0:	d28000a2 	mov	x2, #0x5                   	// #5
  4027e4:	f0000020 	adrp	x0, 409000 <_ZSt22__copy_move_backward_aILb1EN9__gnu_cxx17__normal_iteratorIPmSt6vectorImSaImEEEES6_ET1_T0_S8_S7_+0x30>
  4027e8:	9129c001 	add	x1, x0, #0xa70
  4027ec:	aa0303e0 	mov	x0, x3
  4027f0:	97fffcd0 	bl	401b30 <strncmp@plt>
  4027f4:	7100001f 	cmp	w0, #0x0
  4027f8:	540000c1 	b.ne	402810 <_ZL11log_mappingPKvPKc+0x184>  // b.any
  4027fc:	d00000e0 	adrp	x0, 420000 <_ZNSt7__cxx1112basic_stringIcSt11char_traitsIcESaIcEEaSERKS4_@GLIBCXX_3.4.21>
  402800:	91088000 	add	x0, x0, #0x220
  402804:	f9400001 	ldr	x1, [x0]
  402808:	910123e0 	add	x0, sp, #0x48
  40280c:	97fffc59 	bl	401970 <fputs@plt>
  402810:	910123e0 	add	x0, sp, #0x48
  402814:	f94127e2 	ldr	x2, [sp, #584]
  402818:	52804001 	mov	w1, #0x200                 	// #512
  40281c:	97fffd11 	bl	401c60 <fgets@plt>
  402820:	f100001f 	cmp	x0, #0x0
  402824:	1a9f07e0 	cset	w0, ne  // ne = any
  402828:	12001c00 	and	w0, w0, #0xff
  40282c:	7100001f 	cmp	w0, #0x0
  402830:	54fff721 	b.ne	402714 <_ZL11log_mappingPKvPKc+0x88>  // b.any
  402834:	f94127e0 	ldr	x0, [sp, #584]
  402838:	97fffc76 	bl	401a10 <fclose@plt>
  40283c:	f0000020 	adrp	x0, 409000 <_ZSt22__copy_move_backward_aILb1EN9__gnu_cxx17__normal_iteratorIPmSt6vectorImSaImEEEES6_ET1_T0_S8_S7_+0x30>
  402840:	91280001 	add	x1, x0, #0xa00
  402844:	f0000020 	adrp	x0, 409000 <_ZSt22__copy_move_backward_aILb1EN9__gnu_cxx17__normal_iteratorIPmSt6vectorImSaImEEEES6_ET1_T0_S8_S7_+0x30>
  402848:	9129e000 	add	x0, x0, #0xa78
  40284c:	97fffcf1 	bl	401c10 <fopen@plt>
  402850:	f90127e0 	str	x0, [sp, #584]
  402854:	f94127e0 	ldr	x0, [sp, #584]
  402858:	f100001f 	cmp	x0, #0x0
  40285c:	54000401 	b.ne	4028dc <_ZL11log_mappingPKvPKc+0x250>  // b.any
  402860:	f0000020 	adrp	x0, 409000 <_ZSt22__copy_move_backward_aILb1EN9__gnu_cxx17__normal_iteratorIPmSt6vectorImSaImEEEES6_ET1_T0_S8_S7_+0x30>
  402864:	912a4000 	add	x0, x0, #0xa90
  402868:	97fffd99 	bl	401ecc <_ZL4failPKc>
  40286c:	1400001c 	b	4028dc <_ZL11log_mappingPKvPKc+0x250>
  402870:	910103e0 	add	x0, sp, #0x40
  402874:	910123e3 	add	x3, sp, #0x48
  402878:	aa0003e2 	mov	x2, x0
  40287c:	f0000020 	adrp	x0, 409000 <_ZSt22__copy_move_backward_aILb1EN9__gnu_cxx17__normal_iteratorIPmSt6vectorImSaImEEEES6_ET1_T0_S8_S7_+0x30>
  402880:	912a8001 	add	x1, x0, #0xaa0
  402884:	aa0303e0 	mov	x0, x3
  402888:	97fffcba 	bl	401b70 <__isoc99_sscanf@plt>
  40288c:	7100041f 	cmp	w0, #0x1
  402890:	540000e1 	b.ne	4028ac <_ZL11log_mappingPKvPKc+0x220>  // b.any
  402894:	f94023e0 	ldr	x0, [sp, #64]
  402898:	f9412fe1 	ldr	x1, [sp, #600]
  40289c:	eb00003f 	cmp	x1, x0
  4028a0:	54000061 	b.ne	4028ac <_ZL11log_mappingPKvPKc+0x220>  // b.any
  4028a4:	52800020 	mov	w0, #0x1                   	// #1
  4028a8:	14000002 	b	4028b0 <_ZL11log_mappingPKvPKc+0x224>
  4028ac:	52800000 	mov	w0, #0x0                   	// #0
  4028b0:	7100001f 	cmp	w0, #0x0
  4028b4:	54000140 	b.eq	4028dc <_ZL11log_mappingPKvPKc+0x250>  // b.none
  4028b8:	d00000e0 	adrp	x0, 420000 <_ZNSt7__cxx1112basic_stringIcSt11char_traitsIcESaIcEEaSERKS4_@GLIBCXX_3.4.21>
  4028bc:	91088000 	add	x0, x0, #0x220
  4028c0:	f9400003 	ldr	x3, [x0]
  4028c4:	910123e0 	add	x0, sp, #0x48
  4028c8:	aa0003e2 	mov	x2, x0
  4028cc:	f0000020 	adrp	x0, 409000 <_ZSt22__copy_move_backward_aILb1EN9__gnu_cxx17__normal_iteratorIPmSt6vectorImSaImEEEES6_ET1_T0_S8_S7_+0x30>
  4028d0:	912aa001 	add	x1, x0, #0xaa8
  4028d4:	aa0303e0 	mov	x0, x3
  4028d8:	97fffc32 	bl	4019a0 <fprintf@plt>
  4028dc:	910123e0 	add	x0, sp, #0x48
  4028e0:	f94127e2 	ldr	x2, [sp, #584]
  4028e4:	52804001 	mov	w1, #0x200                 	// #512
  4028e8:	97fffcde 	bl	401c60 <fgets@plt>
  4028ec:	f100001f 	cmp	x0, #0x0
  4028f0:	1a9f07e0 	cset	w0, ne  // ne = any
  4028f4:	12001c00 	and	w0, w0, #0xff
  4028f8:	7100001f 	cmp	w0, #0x0
  4028fc:	54fffba1 	b.ne	402870 <_ZL11log_mappingPKvPKc+0x1e4>  // b.any
  402900:	f94127e0 	ldr	x0, [sp, #584]
  402904:	97fffc43 	bl	401a10 <fclose@plt>
  402908:	d503201f 	nop
  40290c:	f9400bf3 	ldr	x19, [sp, #16]
  402910:	a9407bfd 	ldp	x29, x30, [sp]
  402914:	910983ff 	add	sp, sp, #0x260
  402918:	d65f03c0 	ret

000000000040291c <_ZL9tsc_startv>:
  40291c:	a9bf7bfd 	stp	x29, x30, [sp, #-16]!
  402920:	910003fd 	mov	x29, sp
  402924:	97fffd58 	bl	401e84 <_ZL11timer_startv>
  402928:	a8c17bfd 	ldp	x29, x30, [sp], #16
  40292c:	d65f03c0 	ret

0000000000402930 <_ZL8tsc_stopv>:
  402930:	a9bf7bfd 	stp	x29, x30, [sp, #-16]!
  402934:	910003fd 	mov	x29, sp
  402938:	97fffd5c 	bl	401ea8 <_ZL10timer_stopv>
  40293c:	a8c17bfd 	ldp	x29, x30, [sp], #16
  402940:	d65f03c0 	ret

0000000000402944 <_ZL15parse_size_listRKNSt7__cxx1112basic_stringIcSt11char_traitsIcESaIcEEE>:
  402944:	a9b97bfd 	stp	x29, x30, [sp, #-112]!
  402948:	910003fd 	mov	x29, sp
  40294c:	a90153f3 	stp	x19, x20, [sp, #16]
  402950:	aa0803f3 	mov	x19, x8
  402954:	f90017e0 	str	x0, [sp, #40]
  402958:	aa1303e0 	mov	x0, x19
  40295c:	94000839 	bl	404a40 <_ZNSt6vectorImSaImEEC1Ev>
  402960:	f90037ff 	str	xzr, [sp, #104]
  402964:	14000031 	b	402a28 <_ZL15parse_size_listRKNSt7__cxx1112basic_stringIcSt11char_traitsIcESaIcEEE+0xe4>
  402968:	f94037e2 	ldr	x2, [sp, #104]
  40296c:	52800581 	mov	w1, #0x2c                  	// #44
  402970:	f94017e0 	ldr	x0, [sp, #40]
  402974:	97fffc93 	bl	401bc0 <_ZNKSt7__cxx1112basic_stringIcSt11char_traitsIcESaIcEE4findEcm@plt>
  402978:	f90033e0 	str	x0, [sp, #96]
  40297c:	f94033e0 	ldr	x0, [sp, #96]
  402980:	b100041f 	cmn	x0, #0x1
  402984:	540000a0 	b.eq	402998 <_ZL15parse_size_listRKNSt7__cxx1112basic_stringIcSt11char_traitsIcESaIcEEE+0x54>  // b.none
  402988:	f94033e1 	ldr	x1, [sp, #96]
  40298c:	f94037e0 	ldr	x0, [sp, #104]
  402990:	cb000020 	sub	x0, x1, x0
  402994:	14000002 	b	40299c <_ZL15parse_size_listRKNSt7__cxx1112basic_stringIcSt11char_traitsIcESaIcEEE+0x58>
  402998:	92800000 	mov	x0, #0xffffffffffffffff    	// #-1
  40299c:	9100e3e1 	add	x1, sp, #0x38
  4029a0:	aa0103e8 	mov	x8, x1
  4029a4:	aa0003e2 	mov	x2, x0
  4029a8:	f94037e1 	ldr	x1, [sp, #104]
  4029ac:	f94017e0 	ldr	x0, [sp, #40]
  4029b0:	97fffc64 	bl	401b40 <_ZNKSt7__cxx1112basic_stringIcSt11char_traitsIcESaIcEE6substrEmm@plt>
  4029b4:	9100e3e0 	add	x0, sp, #0x38
  4029b8:	97fffcc6 	bl	401cd0 <_ZNKSt7__cxx1112basic_stringIcSt11char_traitsIcESaIcEE5emptyEv@plt>
  4029bc:	12001c00 	and	w0, w0, #0xff
  4029c0:	52000000 	eor	w0, w0, #0x1
  4029c4:	12001c00 	and	w0, w0, #0xff
  4029c8:	7100001f 	cmp	w0, #0x0
  4029cc:	54000140 	b.eq	4029f4 <_ZL15parse_size_listRKNSt7__cxx1112basic_stringIcSt11char_traitsIcESaIcEEE+0xb0>  // b.none
  4029d0:	9100e3e0 	add	x0, sp, #0x38
  4029d4:	52800142 	mov	w2, #0xa                   	// #10
  4029d8:	d2800001 	mov	x1, #0x0                   	// #0
  4029dc:	940007f8 	bl	4049bc <_ZNSt7__cxx115stoulERKNS_12basic_stringIcSt11char_traitsIcESaIcEEEPmi>
  4029e0:	f9002fe0 	str	x0, [sp, #88]
  4029e4:	910163e0 	add	x0, sp, #0x58
  4029e8:	aa0003e1 	mov	x1, x0
  4029ec:	aa1303e0 	mov	x0, x19
  4029f0:	940008d3 	bl	404d3c <_ZNSt6vectorImSaImEE9push_backEOm>
  4029f4:	f94033e0 	ldr	x0, [sp, #96]
  4029f8:	b100041f 	cmn	x0, #0x1
  4029fc:	54000061 	b.ne	402a08 <_ZL15parse_size_listRKNSt7__cxx1112basic_stringIcSt11char_traitsIcESaIcEEE+0xc4>  // b.any
  402a00:	52800014 	mov	w20, #0x0                   	// #0
  402a04:	14000005 	b	402a18 <_ZL15parse_size_listRKNSt7__cxx1112basic_stringIcSt11char_traitsIcESaIcEEE+0xd4>
  402a08:	f94033e0 	ldr	x0, [sp, #96]
  402a0c:	91000400 	add	x0, x0, #0x1
  402a10:	f90037e0 	str	x0, [sp, #104]
  402a14:	52800034 	mov	w20, #0x1                   	// #1
  402a18:	9100e3e0 	add	x0, sp, #0x38
  402a1c:	97fffc0d 	bl	401a50 <_ZNSt7__cxx1112basic_stringIcSt11char_traitsIcESaIcEED1Ev@plt>
  402a20:	7100069f 	cmp	w20, #0x1
  402a24:	54000281 	b.ne	402a74 <_ZL15parse_size_listRKNSt7__cxx1112basic_stringIcSt11char_traitsIcESaIcEEE+0x130>  // b.any
  402a28:	f94017e0 	ldr	x0, [sp, #40]
  402a2c:	97fffc11 	bl	401a70 <_ZNKSt7__cxx1112basic_stringIcSt11char_traitsIcESaIcEE4sizeEv@plt>
  402a30:	aa0003e1 	mov	x1, x0
  402a34:	f94037e0 	ldr	x0, [sp, #104]
  402a38:	eb01001f 	cmp	x0, x1
  402a3c:	1a9f27e0 	cset	w0, cc  // cc = lo, ul, last
  402a40:	12001c00 	and	w0, w0, #0xff
  402a44:	7100001f 	cmp	w0, #0x0
  402a48:	54fff901 	b.ne	402968 <_ZL15parse_size_listRKNSt7__cxx1112basic_stringIcSt11char_traitsIcESaIcEEE+0x24>  // b.any
  402a4c:	1400000a 	b	402a74 <_ZL15parse_size_listRKNSt7__cxx1112basic_stringIcSt11char_traitsIcESaIcEEE+0x130>
  402a50:	aa0003f4 	mov	x20, x0
  402a54:	9100e3e0 	add	x0, sp, #0x38
  402a58:	97fffbfe 	bl	401a50 <_ZNSt7__cxx1112basic_stringIcSt11char_traitsIcESaIcEED1Ev@plt>
  402a5c:	14000002 	b	402a64 <_ZL15parse_size_listRKNSt7__cxx1112basic_stringIcSt11char_traitsIcESaIcEEE+0x120>
  402a60:	aa0003f4 	mov	x20, x0
  402a64:	aa1303e0 	mov	x0, x19
  402a68:	940008a1 	bl	404cec <_ZNSt6vectorImSaImEED1Ev>
  402a6c:	aa1403e0 	mov	x0, x20
  402a70:	97fffcac 	bl	401d20 <_Unwind_Resume@plt>
  402a74:	d503201f 	nop
  402a78:	aa1303e0 	mov	x0, x19
  402a7c:	a94153f3 	ldp	x19, x20, [sp, #16]
  402a80:	a8c77bfd 	ldp	x29, x30, [sp], #112
  402a84:	d65f03c0 	ret

0000000000402a88 <_Z10parse_argsiPPcR6Config>:
  402a88:	d10843ff 	sub	sp, sp, #0x210
  402a8c:	a9007bfd 	stp	x29, x30, [sp]
  402a90:	910003fd 	mov	x29, sp
  402a94:	a90153f3 	stp	x19, x20, [sp, #16]
  402a98:	f90013f5 	str	x21, [sp, #32]
  402a9c:	b9004fe0 	str	w0, [sp, #76]
  402aa0:	f90023e1 	str	x1, [sp, #64]
  402aa4:	f9001fe2 	str	x2, [sp, #56]
  402aa8:	52800013 	mov	w19, #0x0                   	// #0
  402aac:	f9401fe0 	ldr	x0, [sp, #56]
  402ab0:	d2800801 	mov	x1, #0x40                  	// #64
  402ab4:	f9003401 	str	x1, [x0, #104]
  402ab8:	f9401fe0 	ldr	x0, [sp, #56]
  402abc:	d2801001 	mov	x1, #0x80                  	// #128
  402ac0:	f9004401 	str	x1, [x0, #136]
  402ac4:	52800020 	mov	w0, #0x1                   	// #1
  402ac8:	b9020fe0 	str	w0, [sp, #524]
  402acc:	14000267 	b	403468 <_Z10parse_argsiPPcR6Config+0x9e0>
  402ad0:	b9820fe0 	ldrsw	x0, [sp, #524]
  402ad4:	d37df000 	lsl	x0, x0, #3
  402ad8:	f94023e1 	ldr	x1, [sp, #64]
  402adc:	8b000020 	add	x0, x1, x0
  402ae0:	f9400014 	ldr	x20, [x0]
  402ae4:	9101c3e0 	add	x0, sp, #0x70
  402ae8:	97fffc92 	bl	401d30 <_ZNSaIcEC1Ev@plt>
  402aec:	9101c3e1 	add	x1, sp, #0x70
  402af0:	910143e0 	add	x0, sp, #0x50
  402af4:	aa0103e2 	mov	x2, x1
  402af8:	aa1403e1 	mov	x1, x20
  402afc:	97fffc3d 	bl	401bf0 <_ZNSt7__cxx1112basic_stringIcSt11char_traitsIcESaIcEEC1EPKcRKS3_@plt>
  402b00:	9101c3e0 	add	x0, sp, #0x70
  402b04:	97fffc17 	bl	401b60 <_ZNSaIcED1Ev@plt>
  402b08:	910143e2 	add	x2, sp, #0x50
  402b0c:	f0000020 	adrp	x0, 409000 <_ZSt22__copy_move_backward_aILb1EN9__gnu_cxx17__normal_iteratorIPmSt6vectorImSaImEEEES6_ET1_T0_S8_S7_+0x30>
  402b10:	912b0001 	add	x1, x0, #0xac0
  402b14:	aa0203e0 	mov	x0, x2
  402b18:	94000895 	bl	404d6c <_ZSteqIcSt11char_traitsIcESaIcEEbRKNSt7__cxx1112basic_stringIT_T0_T1_EEPKS5_>
  402b1c:	12001c00 	and	w0, w0, #0xff
  402b20:	7100001f 	cmp	w0, #0x0
  402b24:	54000100 	b.eq	402b44 <_Z10parse_argsiPPcR6Config+0xbc>  // b.none
  402b28:	b9420fe0 	ldr	w0, [sp, #524]
  402b2c:	11000400 	add	w0, w0, #0x1
  402b30:	b9404fe1 	ldr	w1, [sp, #76]
  402b34:	6b00003f 	cmp	w1, w0
  402b38:	5400006d 	b.le	402b44 <_Z10parse_argsiPPcR6Config+0xbc>
  402b3c:	52800020 	mov	w0, #0x1                   	// #1
  402b40:	14000002 	b	402b48 <_Z10parse_argsiPPcR6Config+0xc0>
  402b44:	52800000 	mov	w0, #0x0                   	// #0
  402b48:	7100001f 	cmp	w0, #0x0
  402b4c:	540001c0 	b.eq	402b84 <_Z10parse_argsiPPcR6Config+0xfc>  // b.none
  402b50:	f9401fe2 	ldr	x2, [sp, #56]
  402b54:	b9420fe0 	ldr	w0, [sp, #524]
  402b58:	11000400 	add	w0, w0, #0x1
  402b5c:	b9020fe0 	str	w0, [sp, #524]
  402b60:	b9820fe0 	ldrsw	x0, [sp, #524]
  402b64:	d37df000 	lsl	x0, x0, #3
  402b68:	f94023e1 	ldr	x1, [sp, #64]
  402b6c:	8b000020 	add	x0, x1, x0
  402b70:	f9400000 	ldr	x0, [x0]
  402b74:	aa0003e1 	mov	x1, x0
  402b78:	aa0203e0 	mov	x0, x2
  402b7c:	97fffc19 	bl	401be0 <_ZNSt7__cxx1112basic_stringIcSt11char_traitsIcESaIcEEaSEPKc@plt>
  402b80:	14000232 	b	403448 <_Z10parse_argsiPPcR6Config+0x9c0>
  402b84:	910143e2 	add	x2, sp, #0x50
  402b88:	f0000020 	adrp	x0, 409000 <_ZSt22__copy_move_backward_aILb1EN9__gnu_cxx17__normal_iteratorIPmSt6vectorImSaImEEEES6_ET1_T0_S8_S7_+0x30>
  402b8c:	912b4001 	add	x1, x0, #0xad0
  402b90:	aa0203e0 	mov	x0, x2
  402b94:	94000876 	bl	404d6c <_ZSteqIcSt11char_traitsIcESaIcEEbRKNSt7__cxx1112basic_stringIT_T0_T1_EEPKS5_>
  402b98:	12001c00 	and	w0, w0, #0xff
  402b9c:	7100001f 	cmp	w0, #0x0
  402ba0:	54000100 	b.eq	402bc0 <_Z10parse_argsiPPcR6Config+0x138>  // b.none
  402ba4:	b9420fe0 	ldr	w0, [sp, #524]
  402ba8:	11000400 	add	w0, w0, #0x1
  402bac:	b9404fe1 	ldr	w1, [sp, #76]
  402bb0:	6b00003f 	cmp	w1, w0
  402bb4:	5400006d 	b.le	402bc0 <_Z10parse_argsiPPcR6Config+0x138>
  402bb8:	52800020 	mov	w0, #0x1                   	// #1
  402bbc:	14000002 	b	402bc4 <_Z10parse_argsiPPcR6Config+0x13c>
  402bc0:	52800000 	mov	w0, #0x0                   	// #0
  402bc4:	7100001f 	cmp	w0, #0x0
  402bc8:	540001e0 	b.eq	402c04 <_Z10parse_argsiPPcR6Config+0x17c>  // b.none
  402bcc:	f9401fe0 	ldr	x0, [sp, #56]
  402bd0:	91008002 	add	x2, x0, #0x20
  402bd4:	b9420fe0 	ldr	w0, [sp, #524]
  402bd8:	11000400 	add	w0, w0, #0x1
  402bdc:	b9020fe0 	str	w0, [sp, #524]
  402be0:	b9820fe0 	ldrsw	x0, [sp, #524]
  402be4:	d37df000 	lsl	x0, x0, #3
  402be8:	f94023e1 	ldr	x1, [sp, #64]
  402bec:	8b000020 	add	x0, x1, x0
  402bf0:	f9400000 	ldr	x0, [x0]
  402bf4:	aa0003e1 	mov	x1, x0
  402bf8:	aa0203e0 	mov	x0, x2
  402bfc:	97fffbf9 	bl	401be0 <_ZNSt7__cxx1112basic_stringIcSt11char_traitsIcESaIcEEaSEPKc@plt>
  402c00:	14000212 	b	403448 <_Z10parse_argsiPPcR6Config+0x9c0>
  402c04:	910143e2 	add	x2, sp, #0x50
  402c08:	f0000020 	adrp	x0, 409000 <_ZSt22__copy_move_backward_aILb1EN9__gnu_cxx17__normal_iteratorIPmSt6vectorImSaImEEEES6_ET1_T0_S8_S7_+0x30>
  402c0c:	912b8001 	add	x1, x0, #0xae0
  402c10:	aa0203e0 	mov	x0, x2
  402c14:	94000856 	bl	404d6c <_ZSteqIcSt11char_traitsIcESaIcEEbRKNSt7__cxx1112basic_stringIT_T0_T1_EEPKS5_>
  402c18:	12001c00 	and	w0, w0, #0xff
  402c1c:	7100001f 	cmp	w0, #0x0
  402c20:	54000100 	b.eq	402c40 <_Z10parse_argsiPPcR6Config+0x1b8>  // b.none
  402c24:	b9420fe0 	ldr	w0, [sp, #524]
  402c28:	11000400 	add	w0, w0, #0x1
  402c2c:	b9404fe1 	ldr	w1, [sp, #76]
  402c30:	6b00003f 	cmp	w1, w0
  402c34:	5400006d 	b.le	402c40 <_Z10parse_argsiPPcR6Config+0x1b8>
  402c38:	52800020 	mov	w0, #0x1                   	// #1
  402c3c:	14000002 	b	402c44 <_Z10parse_argsiPPcR6Config+0x1bc>
  402c40:	52800000 	mov	w0, #0x0                   	// #0
  402c44:	7100001f 	cmp	w0, #0x0
  402c48:	540001e0 	b.eq	402c84 <_Z10parse_argsiPPcR6Config+0x1fc>  // b.none
  402c4c:	f9401fe0 	ldr	x0, [sp, #56]
  402c50:	91010002 	add	x2, x0, #0x40
  402c54:	b9420fe0 	ldr	w0, [sp, #524]
  402c58:	11000400 	add	w0, w0, #0x1
  402c5c:	b9020fe0 	str	w0, [sp, #524]
  402c60:	b9820fe0 	ldrsw	x0, [sp, #524]
  402c64:	d37df000 	lsl	x0, x0, #3
  402c68:	f94023e1 	ldr	x1, [sp, #64]
  402c6c:	8b000020 	add	x0, x1, x0
  402c70:	f9400000 	ldr	x0, [x0]
  402c74:	aa0003e1 	mov	x1, x0
  402c78:	aa0203e0 	mov	x0, x2
  402c7c:	97fffbd9 	bl	401be0 <_ZNSt7__cxx1112basic_stringIcSt11char_traitsIcESaIcEEaSEPKc@plt>
  402c80:	140001f2 	b	403448 <_Z10parse_argsiPPcR6Config+0x9c0>
  402c84:	910143e2 	add	x2, sp, #0x50
  402c88:	f0000020 	adrp	x0, 409000 <_ZSt22__copy_move_backward_aILb1EN9__gnu_cxx17__normal_iteratorIPmSt6vectorImSaImEEEES6_ET1_T0_S8_S7_+0x30>
  402c8c:	912bc001 	add	x1, x0, #0xaf0
  402c90:	aa0203e0 	mov	x0, x2
  402c94:	94000836 	bl	404d6c <_ZSteqIcSt11char_traitsIcESaIcEEbRKNSt7__cxx1112basic_stringIT_T0_T1_EEPKS5_>
  402c98:	12001c00 	and	w0, w0, #0xff
  402c9c:	7100001f 	cmp	w0, #0x0
  402ca0:	54000100 	b.eq	402cc0 <_Z10parse_argsiPPcR6Config+0x238>  // b.none
  402ca4:	b9420fe0 	ldr	w0, [sp, #524]
  402ca8:	11000400 	add	w0, w0, #0x1
  402cac:	b9404fe1 	ldr	w1, [sp, #76]
  402cb0:	6b00003f 	cmp	w1, w0
  402cb4:	5400006d 	b.le	402cc0 <_Z10parse_argsiPPcR6Config+0x238>
  402cb8:	52800020 	mov	w0, #0x1                   	// #1
  402cbc:	14000002 	b	402cc4 <_Z10parse_argsiPPcR6Config+0x23c>
  402cc0:	52800000 	mov	w0, #0x0                   	// #0
  402cc4:	7100001f 	cmp	w0, #0x0
  402cc8:	54000380 	b.eq	402d38 <_Z10parse_argsiPPcR6Config+0x2b0>  // b.none
  402ccc:	b9420fe0 	ldr	w0, [sp, #524]
  402cd0:	11000400 	add	w0, w0, #0x1
  402cd4:	b9020fe0 	str	w0, [sp, #524]
  402cd8:	b9820fe0 	ldrsw	x0, [sp, #524]
  402cdc:	d37df000 	lsl	x0, x0, #3
  402ce0:	f94023e1 	ldr	x1, [sp, #64]
  402ce4:	8b000020 	add	x0, x1, x0
  402ce8:	f9400014 	ldr	x20, [x0]
  402cec:	910263e0 	add	x0, sp, #0x98
  402cf0:	97fffc10 	bl	401d30 <_ZNSaIcEC1Ev@plt>
  402cf4:	910263e1 	add	x1, sp, #0x98
  402cf8:	9101e3e0 	add	x0, sp, #0x78
  402cfc:	aa0103e2 	mov	x2, x1
  402d00:	aa1403e1 	mov	x1, x20
  402d04:	97fffbbb 	bl	401bf0 <_ZNSt7__cxx1112basic_stringIcSt11char_traitsIcESaIcEEC1EPKcRKS3_@plt>
  402d08:	9101e3e0 	add	x0, sp, #0x78
  402d0c:	52800142 	mov	w2, #0xa                   	// #10
  402d10:	d2800001 	mov	x1, #0x0                   	// #0
  402d14:	9400072a 	bl	4049bc <_ZNSt7__cxx115stoulERKNS_12basic_stringIcSt11char_traitsIcESaIcEEEPmi>
  402d18:	aa0003e1 	mov	x1, x0
  402d1c:	f9401fe0 	ldr	x0, [sp, #56]
  402d20:	f9003001 	str	x1, [x0, #96]
  402d24:	9101e3e0 	add	x0, sp, #0x78
  402d28:	97fffb4a 	bl	401a50 <_ZNSt7__cxx1112basic_stringIcSt11char_traitsIcESaIcEED1Ev@plt>
  402d2c:	910263e0 	add	x0, sp, #0x98
  402d30:	97fffb8c 	bl	401b60 <_ZNSaIcED1Ev@plt>
  402d34:	140001c5 	b	403448 <_Z10parse_argsiPPcR6Config+0x9c0>
  402d38:	910143e2 	add	x2, sp, #0x50
  402d3c:	f0000020 	adrp	x0, 409000 <_ZSt22__copy_move_backward_aILb1EN9__gnu_cxx17__normal_iteratorIPmSt6vectorImSaImEEEES6_ET1_T0_S8_S7_+0x30>
  402d40:	912c0001 	add	x1, x0, #0xb00
  402d44:	aa0203e0 	mov	x0, x2
  402d48:	94000809 	bl	404d6c <_ZSteqIcSt11char_traitsIcESaIcEEbRKNSt7__cxx1112basic_stringIT_T0_T1_EEPKS5_>
  402d4c:	12001c00 	and	w0, w0, #0xff
  402d50:	7100001f 	cmp	w0, #0x0
  402d54:	54000100 	b.eq	402d74 <_Z10parse_argsiPPcR6Config+0x2ec>  // b.none
  402d58:	b9420fe0 	ldr	w0, [sp, #524]
  402d5c:	11000400 	add	w0, w0, #0x1
  402d60:	b9404fe1 	ldr	w1, [sp, #76]
  402d64:	6b00003f 	cmp	w1, w0
  402d68:	5400006d 	b.le	402d74 <_Z10parse_argsiPPcR6Config+0x2ec>
  402d6c:	52800020 	mov	w0, #0x1                   	// #1
  402d70:	14000002 	b	402d78 <_Z10parse_argsiPPcR6Config+0x2f0>
  402d74:	52800000 	mov	w0, #0x0                   	// #0
  402d78:	7100001f 	cmp	w0, #0x0
  402d7c:	54000380 	b.eq	402dec <_Z10parse_argsiPPcR6Config+0x364>  // b.none
  402d80:	b9420fe0 	ldr	w0, [sp, #524]
  402d84:	11000400 	add	w0, w0, #0x1
  402d88:	b9020fe0 	str	w0, [sp, #524]
  402d8c:	b9820fe0 	ldrsw	x0, [sp, #524]
  402d90:	d37df000 	lsl	x0, x0, #3
  402d94:	f94023e1 	ldr	x1, [sp, #64]
  402d98:	8b000020 	add	x0, x1, x0
  402d9c:	f9400014 	ldr	x20, [x0]
  402da0:	910303e0 	add	x0, sp, #0xc0
  402da4:	97fffbe3 	bl	401d30 <_ZNSaIcEC1Ev@plt>
  402da8:	910303e1 	add	x1, sp, #0xc0
  402dac:	910283e0 	add	x0, sp, #0xa0
  402db0:	aa0103e2 	mov	x2, x1
  402db4:	aa1403e1 	mov	x1, x20
  402db8:	97fffb8e 	bl	401bf0 <_ZNSt7__cxx1112basic_stringIcSt11char_traitsIcESaIcEEC1EPKcRKS3_@plt>
  402dbc:	910283e0 	add	x0, sp, #0xa0
  402dc0:	52800142 	mov	w2, #0xa                   	// #10
  402dc4:	d2800001 	mov	x1, #0x0                   	// #0
  402dc8:	940006fd 	bl	4049bc <_ZNSt7__cxx115stoulERKNS_12basic_stringIcSt11char_traitsIcESaIcEEEPmi>
  402dcc:	aa0003e1 	mov	x1, x0
  402dd0:	f9401fe0 	ldr	x0, [sp, #56]
  402dd4:	f9003401 	str	x1, [x0, #104]
  402dd8:	910283e0 	add	x0, sp, #0xa0
  402ddc:	97fffb1d 	bl	401a50 <_ZNSt7__cxx1112basic_stringIcSt11char_traitsIcESaIcEED1Ev@plt>
  402de0:	910303e0 	add	x0, sp, #0xc0
  402de4:	97fffb5f 	bl	401b60 <_ZNSaIcED1Ev@plt>
  402de8:	14000198 	b	403448 <_Z10parse_argsiPPcR6Config+0x9c0>
  402dec:	910143e2 	add	x2, sp, #0x50
  402df0:	f0000020 	adrp	x0, 409000 <_ZSt22__copy_move_backward_aILb1EN9__gnu_cxx17__normal_iteratorIPmSt6vectorImSaImEEEES6_ET1_T0_S8_S7_+0x30>
  402df4:	912c4001 	add	x1, x0, #0xb10
  402df8:	aa0203e0 	mov	x0, x2
  402dfc:	940007dc 	bl	404d6c <_ZSteqIcSt11char_traitsIcESaIcEEbRKNSt7__cxx1112basic_stringIT_T0_T1_EEPKS5_>
  402e00:	12001c00 	and	w0, w0, #0xff
  402e04:	7100001f 	cmp	w0, #0x0
  402e08:	54000100 	b.eq	402e28 <_Z10parse_argsiPPcR6Config+0x3a0>  // b.none
  402e0c:	b9420fe0 	ldr	w0, [sp, #524]
  402e10:	11000400 	add	w0, w0, #0x1
  402e14:	b9404fe1 	ldr	w1, [sp, #76]
  402e18:	6b00003f 	cmp	w1, w0
  402e1c:	5400006d 	b.le	402e28 <_Z10parse_argsiPPcR6Config+0x3a0>
  402e20:	52800020 	mov	w0, #0x1                   	// #1
  402e24:	14000002 	b	402e2c <_Z10parse_argsiPPcR6Config+0x3a4>
  402e28:	52800000 	mov	w0, #0x0                   	// #0
  402e2c:	7100001f 	cmp	w0, #0x0
  402e30:	54000380 	b.eq	402ea0 <_Z10parse_argsiPPcR6Config+0x418>  // b.none
  402e34:	b9420fe0 	ldr	w0, [sp, #524]
  402e38:	11000400 	add	w0, w0, #0x1
  402e3c:	b9020fe0 	str	w0, [sp, #524]
  402e40:	b9820fe0 	ldrsw	x0, [sp, #524]
  402e44:	d37df000 	lsl	x0, x0, #3
  402e48:	f94023e1 	ldr	x1, [sp, #64]
  402e4c:	8b000020 	add	x0, x1, x0
  402e50:	f9400014 	ldr	x20, [x0]
  402e54:	9103a3e0 	add	x0, sp, #0xe8
  402e58:	97fffbb6 	bl	401d30 <_ZNSaIcEC1Ev@plt>
  402e5c:	9103a3e1 	add	x1, sp, #0xe8
  402e60:	910323e0 	add	x0, sp, #0xc8
  402e64:	aa0103e2 	mov	x2, x1
  402e68:	aa1403e1 	mov	x1, x20
  402e6c:	97fffb61 	bl	401bf0 <_ZNSt7__cxx1112basic_stringIcSt11char_traitsIcESaIcEEC1EPKcRKS3_@plt>
  402e70:	910323e0 	add	x0, sp, #0xc8
  402e74:	52800142 	mov	w2, #0xa                   	// #10
  402e78:	d2800001 	mov	x1, #0x0                   	// #0
  402e7c:	940006d0 	bl	4049bc <_ZNSt7__cxx115stoulERKNS_12basic_stringIcSt11char_traitsIcESaIcEEEPmi>
  402e80:	aa0003e1 	mov	x1, x0
  402e84:	f9401fe0 	ldr	x0, [sp, #56]
  402e88:	f9003801 	str	x1, [x0, #112]
  402e8c:	910323e0 	add	x0, sp, #0xc8
  402e90:	97fffaf0 	bl	401a50 <_ZNSt7__cxx1112basic_stringIcSt11char_traitsIcESaIcEED1Ev@plt>
  402e94:	9103a3e0 	add	x0, sp, #0xe8
  402e98:	97fffb32 	bl	401b60 <_ZNSaIcED1Ev@plt>
  402e9c:	1400016b 	b	403448 <_Z10parse_argsiPPcR6Config+0x9c0>
  402ea0:	910143e2 	add	x2, sp, #0x50
  402ea4:	f0000020 	adrp	x0, 409000 <_ZSt22__copy_move_backward_aILb1EN9__gnu_cxx17__normal_iteratorIPmSt6vectorImSaImEEEES6_ET1_T0_S8_S7_+0x30>
  402ea8:	912c6001 	add	x1, x0, #0xb18
  402eac:	aa0203e0 	mov	x0, x2
  402eb0:	940007af 	bl	404d6c <_ZSteqIcSt11char_traitsIcESaIcEEbRKNSt7__cxx1112basic_stringIT_T0_T1_EEPKS5_>
  402eb4:	12001c00 	and	w0, w0, #0xff
  402eb8:	7100001f 	cmp	w0, #0x0
  402ebc:	54000100 	b.eq	402edc <_Z10parse_argsiPPcR6Config+0x454>  // b.none
  402ec0:	b9420fe0 	ldr	w0, [sp, #524]
  402ec4:	11000400 	add	w0, w0, #0x1
  402ec8:	b9404fe1 	ldr	w1, [sp, #76]
  402ecc:	6b00003f 	cmp	w1, w0
  402ed0:	5400006d 	b.le	402edc <_Z10parse_argsiPPcR6Config+0x454>
  402ed4:	52800020 	mov	w0, #0x1                   	// #1
  402ed8:	14000002 	b	402ee0 <_Z10parse_argsiPPcR6Config+0x458>
  402edc:	52800000 	mov	w0, #0x0                   	// #0
  402ee0:	7100001f 	cmp	w0, #0x0
  402ee4:	54000380 	b.eq	402f54 <_Z10parse_argsiPPcR6Config+0x4cc>  // b.none
  402ee8:	b9420fe0 	ldr	w0, [sp, #524]
  402eec:	11000400 	add	w0, w0, #0x1
  402ef0:	b9020fe0 	str	w0, [sp, #524]
  402ef4:	b9820fe0 	ldrsw	x0, [sp, #524]
  402ef8:	d37df000 	lsl	x0, x0, #3
  402efc:	f94023e1 	ldr	x1, [sp, #64]
  402f00:	8b000020 	add	x0, x1, x0
  402f04:	f9400014 	ldr	x20, [x0]
  402f08:	910443e0 	add	x0, sp, #0x110
  402f0c:	97fffb89 	bl	401d30 <_ZNSaIcEC1Ev@plt>
  402f10:	910443e1 	add	x1, sp, #0x110
  402f14:	9103c3e0 	add	x0, sp, #0xf0
  402f18:	aa0103e2 	mov	x2, x1
  402f1c:	aa1403e1 	mov	x1, x20
  402f20:	97fffb34 	bl	401bf0 <_ZNSt7__cxx1112basic_stringIcSt11char_traitsIcESaIcEEC1EPKcRKS3_@plt>
  402f24:	9103c3e0 	add	x0, sp, #0xf0
  402f28:	52800142 	mov	w2, #0xa                   	// #10
  402f2c:	d2800001 	mov	x1, #0x0                   	// #0
  402f30:	940006a3 	bl	4049bc <_ZNSt7__cxx115stoulERKNS_12basic_stringIcSt11char_traitsIcESaIcEEEPmi>
  402f34:	aa0003e1 	mov	x1, x0
  402f38:	f9401fe0 	ldr	x0, [sp, #56]
  402f3c:	f9003c01 	str	x1, [x0, #120]
  402f40:	9103c3e0 	add	x0, sp, #0xf0
  402f44:	97fffac3 	bl	401a50 <_ZNSt7__cxx1112basic_stringIcSt11char_traitsIcESaIcEED1Ev@plt>
  402f48:	910443e0 	add	x0, sp, #0x110
  402f4c:	97fffb05 	bl	401b60 <_ZNSaIcED1Ev@plt>
  402f50:	1400013e 	b	403448 <_Z10parse_argsiPPcR6Config+0x9c0>
  402f54:	910143e2 	add	x2, sp, #0x50
  402f58:	f0000020 	adrp	x0, 409000 <_ZSt22__copy_move_backward_aILb1EN9__gnu_cxx17__normal_iteratorIPmSt6vectorImSaImEEEES6_ET1_T0_S8_S7_+0x30>
  402f5c:	912ca001 	add	x1, x0, #0xb28
  402f60:	aa0203e0 	mov	x0, x2
  402f64:	94000782 	bl	404d6c <_ZSteqIcSt11char_traitsIcESaIcEEbRKNSt7__cxx1112basic_stringIT_T0_T1_EEPKS5_>
  402f68:	12001c00 	and	w0, w0, #0xff
  402f6c:	7100001f 	cmp	w0, #0x0
  402f70:	54000100 	b.eq	402f90 <_Z10parse_argsiPPcR6Config+0x508>  // b.none
  402f74:	b9420fe0 	ldr	w0, [sp, #524]
  402f78:	11000400 	add	w0, w0, #0x1
  402f7c:	b9404fe1 	ldr	w1, [sp, #76]
  402f80:	6b00003f 	cmp	w1, w0
  402f84:	5400006d 	b.le	402f90 <_Z10parse_argsiPPcR6Config+0x508>
  402f88:	52800020 	mov	w0, #0x1                   	// #1
  402f8c:	14000002 	b	402f94 <_Z10parse_argsiPPcR6Config+0x50c>
  402f90:	52800000 	mov	w0, #0x0                   	// #0
  402f94:	7100001f 	cmp	w0, #0x0
  402f98:	54000380 	b.eq	403008 <_Z10parse_argsiPPcR6Config+0x580>  // b.none
  402f9c:	b9420fe0 	ldr	w0, [sp, #524]
  402fa0:	11000400 	add	w0, w0, #0x1
  402fa4:	b9020fe0 	str	w0, [sp, #524]
  402fa8:	b9820fe0 	ldrsw	x0, [sp, #524]
  402fac:	d37df000 	lsl	x0, x0, #3
  402fb0:	f94023e1 	ldr	x1, [sp, #64]
  402fb4:	8b000020 	add	x0, x1, x0
  402fb8:	f9400014 	ldr	x20, [x0]
  402fbc:	9104e3e0 	add	x0, sp, #0x138
  402fc0:	97fffb5c 	bl	401d30 <_ZNSaIcEC1Ev@plt>
  402fc4:	9104e3e1 	add	x1, sp, #0x138
  402fc8:	910463e0 	add	x0, sp, #0x118
  402fcc:	aa0103e2 	mov	x2, x1
  402fd0:	aa1403e1 	mov	x1, x20
  402fd4:	97fffb07 	bl	401bf0 <_ZNSt7__cxx1112basic_stringIcSt11char_traitsIcESaIcEEC1EPKcRKS3_@plt>
  402fd8:	910463e0 	add	x0, sp, #0x118
  402fdc:	52800142 	mov	w2, #0xa                   	// #10
  402fe0:	d2800001 	mov	x1, #0x0                   	// #0
  402fe4:	94000676 	bl	4049bc <_ZNSt7__cxx115stoulERKNS_12basic_stringIcSt11char_traitsIcESaIcEEEPmi>
  402fe8:	aa0003e1 	mov	x1, x0
  402fec:	f9401fe0 	ldr	x0, [sp, #56]
  402ff0:	f9004001 	str	x1, [x0, #128]
  402ff4:	910463e0 	add	x0, sp, #0x118
  402ff8:	97fffa96 	bl	401a50 <_ZNSt7__cxx1112basic_stringIcSt11char_traitsIcESaIcEED1Ev@plt>
  402ffc:	9104e3e0 	add	x0, sp, #0x138
  403000:	97fffad8 	bl	401b60 <_ZNSaIcED1Ev@plt>
  403004:	14000111 	b	403448 <_Z10parse_argsiPPcR6Config+0x9c0>
  403008:	910143e2 	add	x2, sp, #0x50
  40300c:	d0000020 	adrp	x0, 409000 <_ZSt22__copy_move_backward_aILb1EN9__gnu_cxx17__normal_iteratorIPmSt6vectorImSaImEEEES6_ET1_T0_S8_S7_+0x30>
  403010:	912ce001 	add	x1, x0, #0xb38
  403014:	aa0203e0 	mov	x0, x2
  403018:	94000755 	bl	404d6c <_ZSteqIcSt11char_traitsIcESaIcEEbRKNSt7__cxx1112basic_stringIT_T0_T1_EEPKS5_>
  40301c:	12001c00 	and	w0, w0, #0xff
  403020:	7100001f 	cmp	w0, #0x0
  403024:	54000100 	b.eq	403044 <_Z10parse_argsiPPcR6Config+0x5bc>  // b.none
  403028:	b9420fe0 	ldr	w0, [sp, #524]
  40302c:	11000400 	add	w0, w0, #0x1
  403030:	b9404fe1 	ldr	w1, [sp, #76]
  403034:	6b00003f 	cmp	w1, w0
  403038:	5400006d 	b.le	403044 <_Z10parse_argsiPPcR6Config+0x5bc>
  40303c:	52800020 	mov	w0, #0x1                   	// #1
  403040:	14000002 	b	403048 <_Z10parse_argsiPPcR6Config+0x5c0>
  403044:	52800000 	mov	w0, #0x0                   	// #0
  403048:	7100001f 	cmp	w0, #0x0
  40304c:	54000380 	b.eq	4030bc <_Z10parse_argsiPPcR6Config+0x634>  // b.none
  403050:	b9420fe0 	ldr	w0, [sp, #524]
  403054:	11000400 	add	w0, w0, #0x1
  403058:	b9020fe0 	str	w0, [sp, #524]
  40305c:	b9820fe0 	ldrsw	x0, [sp, #524]
  403060:	d37df000 	lsl	x0, x0, #3
  403064:	f94023e1 	ldr	x1, [sp, #64]
  403068:	8b000020 	add	x0, x1, x0
  40306c:	f9400014 	ldr	x20, [x0]
  403070:	910583e0 	add	x0, sp, #0x160
  403074:	97fffb2f 	bl	401d30 <_ZNSaIcEC1Ev@plt>
  403078:	910583e1 	add	x1, sp, #0x160
  40307c:	910503e0 	add	x0, sp, #0x140
  403080:	aa0103e2 	mov	x2, x1
  403084:	aa1403e1 	mov	x1, x20
  403088:	97fffada 	bl	401bf0 <_ZNSt7__cxx1112basic_stringIcSt11char_traitsIcESaIcEEC1EPKcRKS3_@plt>
  40308c:	910503e0 	add	x0, sp, #0x140
  403090:	52800142 	mov	w2, #0xa                   	// #10
  403094:	d2800001 	mov	x1, #0x0                   	// #0
  403098:	94000649 	bl	4049bc <_ZNSt7__cxx115stoulERKNS_12basic_stringIcSt11char_traitsIcESaIcEEEPmi>
  40309c:	aa0003e1 	mov	x1, x0
  4030a0:	f9401fe0 	ldr	x0, [sp, #56]
  4030a4:	f9004401 	str	x1, [x0, #136]
  4030a8:	910503e0 	add	x0, sp, #0x140
  4030ac:	97fffa69 	bl	401a50 <_ZNSt7__cxx1112basic_stringIcSt11char_traitsIcESaIcEED1Ev@plt>
  4030b0:	910583e0 	add	x0, sp, #0x160
  4030b4:	97fffaab 	bl	401b60 <_ZNSaIcED1Ev@plt>
  4030b8:	140000e4 	b	403448 <_Z10parse_argsiPPcR6Config+0x9c0>
  4030bc:	910143e2 	add	x2, sp, #0x50
  4030c0:	d0000020 	adrp	x0, 409000 <_ZSt22__copy_move_backward_aILb1EN9__gnu_cxx17__normal_iteratorIPmSt6vectorImSaImEEEES6_ET1_T0_S8_S7_+0x30>
  4030c4:	912d0001 	add	x1, x0, #0xb40
  4030c8:	aa0203e0 	mov	x0, x2
  4030cc:	94000728 	bl	404d6c <_ZSteqIcSt11char_traitsIcESaIcEEbRKNSt7__cxx1112basic_stringIT_T0_T1_EEPKS5_>
  4030d0:	12001c00 	and	w0, w0, #0xff
  4030d4:	7100001f 	cmp	w0, #0x0
  4030d8:	54000100 	b.eq	4030f8 <_Z10parse_argsiPPcR6Config+0x670>  // b.none
  4030dc:	b9420fe0 	ldr	w0, [sp, #524]
  4030e0:	11000400 	add	w0, w0, #0x1
  4030e4:	b9404fe1 	ldr	w1, [sp, #76]
  4030e8:	6b00003f 	cmp	w1, w0
  4030ec:	5400006d 	b.le	4030f8 <_Z10parse_argsiPPcR6Config+0x670>
  4030f0:	52800020 	mov	w0, #0x1                   	// #1
  4030f4:	14000002 	b	4030fc <_Z10parse_argsiPPcR6Config+0x674>
  4030f8:	52800000 	mov	w0, #0x0                   	// #0
  4030fc:	7100001f 	cmp	w0, #0x0
  403100:	54000380 	b.eq	403170 <_Z10parse_argsiPPcR6Config+0x6e8>  // b.none
  403104:	b9420fe0 	ldr	w0, [sp, #524]
  403108:	11000400 	add	w0, w0, #0x1
  40310c:	b9020fe0 	str	w0, [sp, #524]
  403110:	b9820fe0 	ldrsw	x0, [sp, #524]
  403114:	d37df000 	lsl	x0, x0, #3
  403118:	f94023e1 	ldr	x1, [sp, #64]
  40311c:	8b000020 	add	x0, x1, x0
  403120:	f9400014 	ldr	x20, [x0]
  403124:	910623e0 	add	x0, sp, #0x188
  403128:	97fffb02 	bl	401d30 <_ZNSaIcEC1Ev@plt>
  40312c:	910623e1 	add	x1, sp, #0x188
  403130:	9105a3e0 	add	x0, sp, #0x168
  403134:	aa0103e2 	mov	x2, x1
  403138:	aa1403e1 	mov	x1, x20
  40313c:	97fffaad 	bl	401bf0 <_ZNSt7__cxx1112basic_stringIcSt11char_traitsIcESaIcEEC1EPKcRKS3_@plt>
  403140:	9105a3e0 	add	x0, sp, #0x168
  403144:	52800142 	mov	w2, #0xa                   	// #10
  403148:	d2800001 	mov	x1, #0x0                   	// #0
  40314c:	9400061c 	bl	4049bc <_ZNSt7__cxx115stoulERKNS_12basic_stringIcSt11char_traitsIcESaIcEEEPmi>
  403150:	2a0003e1 	mov	w1, w0
  403154:	f9401fe0 	ldr	x0, [sp, #56]
  403158:	b9009001 	str	w1, [x0, #144]
  40315c:	9105a3e0 	add	x0, sp, #0x168
  403160:	97fffa3c 	bl	401a50 <_ZNSt7__cxx1112basic_stringIcSt11char_traitsIcESaIcEED1Ev@plt>
  403164:	910623e0 	add	x0, sp, #0x188
  403168:	97fffa7e 	bl	401b60 <_ZNSaIcED1Ev@plt>
  40316c:	140000b7 	b	403448 <_Z10parse_argsiPPcR6Config+0x9c0>
  403170:	910143e2 	add	x2, sp, #0x50
  403174:	d0000020 	adrp	x0, 409000 <_ZSt22__copy_move_backward_aILb1EN9__gnu_cxx17__normal_iteratorIPmSt6vectorImSaImEEEES6_ET1_T0_S8_S7_+0x30>
  403178:	912d2001 	add	x1, x0, #0xb48
  40317c:	aa0203e0 	mov	x0, x2
  403180:	940006fb 	bl	404d6c <_ZSteqIcSt11char_traitsIcESaIcEEbRKNSt7__cxx1112basic_stringIT_T0_T1_EEPKS5_>
  403184:	12001c00 	and	w0, w0, #0xff
  403188:	7100001f 	cmp	w0, #0x0
  40318c:	54000100 	b.eq	4031ac <_Z10parse_argsiPPcR6Config+0x724>  // b.none
  403190:	b9420fe0 	ldr	w0, [sp, #524]
  403194:	11000400 	add	w0, w0, #0x1
  403198:	b9404fe1 	ldr	w1, [sp, #76]
  40319c:	6b00003f 	cmp	w1, w0
  4031a0:	5400006d 	b.le	4031ac <_Z10parse_argsiPPcR6Config+0x724>
  4031a4:	52800020 	mov	w0, #0x1                   	// #1
  4031a8:	14000002 	b	4031b0 <_Z10parse_argsiPPcR6Config+0x728>
  4031ac:	52800000 	mov	w0, #0x0                   	// #0
  4031b0:	7100001f 	cmp	w0, #0x0
  4031b4:	540001e0 	b.eq	4031f0 <_Z10parse_argsiPPcR6Config+0x768>  // b.none
  4031b8:	f9401fe0 	ldr	x0, [sp, #56]
  4031bc:	91026002 	add	x2, x0, #0x98
  4031c0:	b9420fe0 	ldr	w0, [sp, #524]
  4031c4:	11000400 	add	w0, w0, #0x1
  4031c8:	b9020fe0 	str	w0, [sp, #524]
  4031cc:	b9820fe0 	ldrsw	x0, [sp, #524]
  4031d0:	d37df000 	lsl	x0, x0, #3
  4031d4:	f94023e1 	ldr	x1, [sp, #64]
  4031d8:	8b000020 	add	x0, x1, x0
  4031dc:	f9400000 	ldr	x0, [x0]
  4031e0:	aa0003e1 	mov	x1, x0
  4031e4:	aa0203e0 	mov	x0, x2
  4031e8:	97fffa7e 	bl	401be0 <_ZNSt7__cxx1112basic_stringIcSt11char_traitsIcESaIcEEaSEPKc@plt>
  4031ec:	14000097 	b	403448 <_Z10parse_argsiPPcR6Config+0x9c0>
  4031f0:	910143e2 	add	x2, sp, #0x50
  4031f4:	d0000020 	adrp	x0, 409000 <_ZSt22__copy_move_backward_aILb1EN9__gnu_cxx17__normal_iteratorIPmSt6vectorImSaImEEEES6_ET1_T0_S8_S7_+0x30>
  4031f8:	912d6001 	add	x1, x0, #0xb58
  4031fc:	aa0203e0 	mov	x0, x2
  403200:	940006db 	bl	404d6c <_ZSteqIcSt11char_traitsIcESaIcEEbRKNSt7__cxx1112basic_stringIT_T0_T1_EEPKS5_>
  403204:	12001c00 	and	w0, w0, #0xff
  403208:	7100001f 	cmp	w0, #0x0
  40320c:	54000100 	b.eq	40322c <_Z10parse_argsiPPcR6Config+0x7a4>  // b.none
  403210:	b9420fe0 	ldr	w0, [sp, #524]
  403214:	11000400 	add	w0, w0, #0x1
  403218:	b9404fe1 	ldr	w1, [sp, #76]
  40321c:	6b00003f 	cmp	w1, w0
  403220:	5400006d 	b.le	40322c <_Z10parse_argsiPPcR6Config+0x7a4>
  403224:	52800020 	mov	w0, #0x1                   	// #1
  403228:	14000002 	b	403230 <_Z10parse_argsiPPcR6Config+0x7a8>
  40322c:	52800000 	mov	w0, #0x0                   	// #0
  403230:	7100001f 	cmp	w0, #0x0
  403234:	540001e0 	b.eq	403270 <_Z10parse_argsiPPcR6Config+0x7e8>  // b.none
  403238:	f9401fe0 	ldr	x0, [sp, #56]
  40323c:	9102e002 	add	x2, x0, #0xb8
  403240:	b9420fe0 	ldr	w0, [sp, #524]
  403244:	11000400 	add	w0, w0, #0x1
  403248:	b9020fe0 	str	w0, [sp, #524]
  40324c:	b9820fe0 	ldrsw	x0, [sp, #524]
  403250:	d37df000 	lsl	x0, x0, #3
  403254:	f94023e1 	ldr	x1, [sp, #64]
  403258:	8b000020 	add	x0, x1, x0
  40325c:	f9400000 	ldr	x0, [x0]
  403260:	aa0003e1 	mov	x1, x0
  403264:	aa0203e0 	mov	x0, x2
  403268:	97fffa5e 	bl	401be0 <_ZNSt7__cxx1112basic_stringIcSt11char_traitsIcESaIcEEaSEPKc@plt>
  40326c:	14000077 	b	403448 <_Z10parse_argsiPPcR6Config+0x9c0>
  403270:	910143e2 	add	x2, sp, #0x50
  403274:	d0000020 	adrp	x0, 409000 <_ZSt22__copy_move_backward_aILb1EN9__gnu_cxx17__normal_iteratorIPmSt6vectorImSaImEEEES6_ET1_T0_S8_S7_+0x30>
  403278:	912da001 	add	x1, x0, #0xb68
  40327c:	aa0203e0 	mov	x0, x2
  403280:	940006bb 	bl	404d6c <_ZSteqIcSt11char_traitsIcESaIcEEbRKNSt7__cxx1112basic_stringIT_T0_T1_EEPKS5_>
  403284:	12001c00 	and	w0, w0, #0xff
  403288:	7100001f 	cmp	w0, #0x0
  40328c:	54000100 	b.eq	4032ac <_Z10parse_argsiPPcR6Config+0x824>  // b.none
  403290:	b9420fe0 	ldr	w0, [sp, #524]
  403294:	11000400 	add	w0, w0, #0x1
  403298:	b9404fe1 	ldr	w1, [sp, #76]
  40329c:	6b00003f 	cmp	w1, w0
  4032a0:	5400006d 	b.le	4032ac <_Z10parse_argsiPPcR6Config+0x824>
  4032a4:	52800020 	mov	w0, #0x1                   	// #1
  4032a8:	14000002 	b	4032b0 <_Z10parse_argsiPPcR6Config+0x828>
  4032ac:	52800000 	mov	w0, #0x0                   	// #0
  4032b0:	7100001f 	cmp	w0, #0x0
  4032b4:	54000420 	b.eq	403338 <_Z10parse_argsiPPcR6Config+0x8b0>  // b.none
  4032b8:	f9401fe0 	ldr	x0, [sp, #56]
  4032bc:	91036014 	add	x20, x0, #0xd8
  4032c0:	b9420fe0 	ldr	w0, [sp, #524]
  4032c4:	11000400 	add	w0, w0, #0x1
  4032c8:	b9020fe0 	str	w0, [sp, #524]
  4032cc:	b9820fe0 	ldrsw	x0, [sp, #524]
  4032d0:	d37df000 	lsl	x0, x0, #3
  4032d4:	f94023e1 	ldr	x1, [sp, #64]
  4032d8:	8b000020 	add	x0, x1, x0
  4032dc:	f9400015 	ldr	x21, [x0]
  4032e0:	910723e0 	add	x0, sp, #0x1c8
  4032e4:	97fffa93 	bl	401d30 <_ZNSaIcEC1Ev@plt>
  4032e8:	910723e1 	add	x1, sp, #0x1c8
  4032ec:	9106a3e0 	add	x0, sp, #0x1a8
  4032f0:	aa0103e2 	mov	x2, x1
  4032f4:	aa1503e1 	mov	x1, x21
  4032f8:	97fffa3e 	bl	401bf0 <_ZNSt7__cxx1112basic_stringIcSt11char_traitsIcESaIcEEC1EPKcRKS3_@plt>
  4032fc:	9106a3e0 	add	x0, sp, #0x1a8
  403300:	910643e1 	add	x1, sp, #0x190
  403304:	aa0103e8 	mov	x8, x1
  403308:	97fffd8f 	bl	402944 <_ZL15parse_size_listRKNSt7__cxx1112basic_stringIcSt11char_traitsIcESaIcEEE>
  40330c:	910643e0 	add	x0, sp, #0x190
  403310:	aa0003e1 	mov	x1, x0
  403314:	aa1403e0 	mov	x0, x20
  403318:	940006a1 	bl	404d9c <_ZNSt6vectorImSaImEEaSEOS1_>
  40331c:	910643e0 	add	x0, sp, #0x190
  403320:	94000673 	bl	404cec <_ZNSt6vectorImSaImEED1Ev>
  403324:	9106a3e0 	add	x0, sp, #0x1a8
  403328:	97fff9ca 	bl	401a50 <_ZNSt7__cxx1112basic_stringIcSt11char_traitsIcESaIcEED1Ev@plt>
  40332c:	910723e0 	add	x0, sp, #0x1c8
  403330:	97fffa0c 	bl	401b60 <_ZNSaIcED1Ev@plt>
  403334:	14000045 	b	403448 <_Z10parse_argsiPPcR6Config+0x9c0>
  403338:	910143e2 	add	x2, sp, #0x50
  40333c:	d0000020 	adrp	x0, 409000 <_ZSt22__copy_move_backward_aILb1EN9__gnu_cxx17__normal_iteratorIPmSt6vectorImSaImEEEES6_ET1_T0_S8_S7_+0x30>
  403340:	912de001 	add	x1, x0, #0xb78
  403344:	aa0203e0 	mov	x0, x2
  403348:	94000689 	bl	404d6c <_ZSteqIcSt11char_traitsIcESaIcEEbRKNSt7__cxx1112basic_stringIT_T0_T1_EEPKS5_>
  40334c:	12001c00 	and	w0, w0, #0xff
  403350:	7100001f 	cmp	w0, #0x0
  403354:	54000100 	b.eq	403374 <_Z10parse_argsiPPcR6Config+0x8ec>  // b.none
  403358:	b9420fe0 	ldr	w0, [sp, #524]
  40335c:	11000400 	add	w0, w0, #0x1
  403360:	b9404fe1 	ldr	w1, [sp, #76]
  403364:	6b00003f 	cmp	w1, w0
  403368:	5400006d 	b.le	403374 <_Z10parse_argsiPPcR6Config+0x8ec>
  40336c:	52800020 	mov	w0, #0x1                   	// #1
  403370:	14000002 	b	403378 <_Z10parse_argsiPPcR6Config+0x8f0>
  403374:	52800000 	mov	w0, #0x0                   	// #0
  403378:	7100001f 	cmp	w0, #0x0
  40337c:	54000420 	b.eq	403400 <_Z10parse_argsiPPcR6Config+0x978>  // b.none
  403380:	f9401fe0 	ldr	x0, [sp, #56]
  403384:	9103c014 	add	x20, x0, #0xf0
  403388:	b9420fe0 	ldr	w0, [sp, #524]
  40338c:	11000400 	add	w0, w0, #0x1
  403390:	b9020fe0 	str	w0, [sp, #524]
  403394:	b9820fe0 	ldrsw	x0, [sp, #524]
  403398:	d37df000 	lsl	x0, x0, #3
  40339c:	f94023e1 	ldr	x1, [sp, #64]
  4033a0:	8b000020 	add	x0, x1, x0
  4033a4:	f9400015 	ldr	x21, [x0]
  4033a8:	910823e0 	add	x0, sp, #0x208
  4033ac:	97fffa61 	bl	401d30 <_ZNSaIcEC1Ev@plt>
  4033b0:	910823e1 	add	x1, sp, #0x208
  4033b4:	9107a3e0 	add	x0, sp, #0x1e8
  4033b8:	aa0103e2 	mov	x2, x1
  4033bc:	aa1503e1 	mov	x1, x21
  4033c0:	97fffa0c 	bl	401bf0 <_ZNSt7__cxx1112basic_stringIcSt11char_traitsIcESaIcEEC1EPKcRKS3_@plt>
  4033c4:	9107a3e0 	add	x0, sp, #0x1e8
  4033c8:	910743e1 	add	x1, sp, #0x1d0
  4033cc:	aa0103e8 	mov	x8, x1
  4033d0:	97fffd5d 	bl	402944 <_ZL15parse_size_listRKNSt7__cxx1112basic_stringIcSt11char_traitsIcESaIcEEE>
  4033d4:	910743e0 	add	x0, sp, #0x1d0
  4033d8:	aa0003e1 	mov	x1, x0
  4033dc:	aa1403e0 	mov	x0, x20
  4033e0:	9400066f 	bl	404d9c <_ZNSt6vectorImSaImEEaSEOS1_>
  4033e4:	910743e0 	add	x0, sp, #0x1d0
  4033e8:	94000641 	bl	404cec <_ZNSt6vectorImSaImEED1Ev>
  4033ec:	9107a3e0 	add	x0, sp, #0x1e8
  4033f0:	97fff998 	bl	401a50 <_ZNSt7__cxx1112basic_stringIcSt11char_traitsIcESaIcEED1Ev@plt>
  4033f4:	910823e0 	add	x0, sp, #0x208
  4033f8:	97fff9da 	bl	401b60 <_ZNSaIcED1Ev@plt>
  4033fc:	14000013 	b	403448 <_Z10parse_argsiPPcR6Config+0x9c0>
  403400:	d0000020 	adrp	x0, 409000 <_ZSt22__copy_move_backward_aILb1EN9__gnu_cxx17__normal_iteratorIPmSt6vectorImSaImEEEES6_ET1_T0_S8_S7_+0x30>
  403404:	912e2001 	add	x1, x0, #0xb88
  403408:	b00000e0 	adrp	x0, 420000 <_ZNSt7__cxx1112basic_stringIcSt11char_traitsIcESaIcEEaSERKS4_@GLIBCXX_3.4.21>
  40340c:	9108c000 	add	x0, x0, #0x230
  403410:	97fff9c0 	bl	401b10 <_ZStlsISt11char_traitsIcEERSt13basic_ostreamIcT_ES5_PKc@plt>
  403414:	aa0003e2 	mov	x2, x0
  403418:	910143e0 	add	x0, sp, #0x50
  40341c:	aa0003e1 	mov	x1, x0
  403420:	aa0203e0 	mov	x0, x2
  403424:	97fff9af 	bl	401ae0 <_ZStlsIcSt11char_traitsIcESaIcEERSt13basic_ostreamIT_T0_ES7_RKNSt7__cxx1112basic_stringIS4_S5_T1_EE@plt>
  403428:	aa0003e2 	mov	x2, x0
  40342c:	d0000020 	adrp	x0, 409000 <_ZSt22__copy_move_backward_aILb1EN9__gnu_cxx17__normal_iteratorIPmSt6vectorImSaImEEEES6_ET1_T0_S8_S7_+0x30>
  403430:	912e6001 	add	x1, x0, #0xb98
  403434:	aa0203e0 	mov	x0, x2
  403438:	97fff9b6 	bl	401b10 <_ZStlsISt11char_traitsIcEERSt13basic_ostreamIcT_ES5_PKc@plt>
  40343c:	52800013 	mov	w19, #0x0                   	// #0
  403440:	52800014 	mov	w20, #0x0                   	// #0
  403444:	14000002 	b	40344c <_Z10parse_argsiPPcR6Config+0x9c4>
  403448:	52800034 	mov	w20, #0x1                   	// #1
  40344c:	910143e0 	add	x0, sp, #0x50
  403450:	97fff980 	bl	401a50 <_ZNSt7__cxx1112basic_stringIcSt11char_traitsIcESaIcEED1Ev@plt>
  403454:	7100069f 	cmp	w20, #0x1
  403458:	540004e1 	b.ne	4034f4 <_Z10parse_argsiPPcR6Config+0xa6c>  // b.any
  40345c:	b9420fe0 	ldr	w0, [sp, #524]
  403460:	11000400 	add	w0, w0, #0x1
  403464:	b9020fe0 	str	w0, [sp, #524]
  403468:	b9420fe1 	ldr	w1, [sp, #524]
  40346c:	b9404fe0 	ldr	w0, [sp, #76]
  403470:	6b00003f 	cmp	w1, w0
  403474:	54ffb2eb 	b.lt	402ad0 <_Z10parse_argsiPPcR6Config+0x48>  // b.tstop
  403478:	f9401fe0 	ldr	x0, [sp, #56]
  40347c:	f9403000 	ldr	x0, [x0, #96]
  403480:	f100001f 	cmp	x0, #0x0
  403484:	540001e0 	b.eq	4034c0 <_Z10parse_argsiPPcR6Config+0xa38>  // b.none
  403488:	f9401fe0 	ldr	x0, [sp, #56]
  40348c:	f9403800 	ldr	x0, [x0, #112]
  403490:	f100001f 	cmp	x0, #0x0
  403494:	54000160 	b.eq	4034c0 <_Z10parse_argsiPPcR6Config+0xa38>  // b.none
  403498:	f9401fe0 	ldr	x0, [sp, #56]
  40349c:	f9403c00 	ldr	x0, [x0, #120]
  4034a0:	f100001f 	cmp	x0, #0x0
  4034a4:	540000e0 	b.eq	4034c0 <_Z10parse_argsiPPcR6Config+0xa38>  // b.none
  4034a8:	f9401fe0 	ldr	x0, [sp, #56]
  4034ac:	91026000 	add	x0, x0, #0x98
  4034b0:	97fffa08 	bl	401cd0 <_ZNKSt7__cxx1112basic_stringIcSt11char_traitsIcESaIcEE5emptyEv@plt>
  4034b4:	12001c00 	and	w0, w0, #0xff
  4034b8:	7100001f 	cmp	w0, #0x0
  4034bc:	54000060 	b.eq	4034c8 <_Z10parse_argsiPPcR6Config+0xa40>  // b.none
  4034c0:	52800020 	mov	w0, #0x1                   	// #1
  4034c4:	14000002 	b	4034cc <_Z10parse_argsiPPcR6Config+0xa44>
  4034c8:	52800000 	mov	w0, #0x0                   	// #0
  4034cc:	7100001f 	cmp	w0, #0x0
  4034d0:	54000100 	b.eq	4034f0 <_Z10parse_argsiPPcR6Config+0xa68>  // b.none
  4034d4:	d0000020 	adrp	x0, 409000 <_ZSt22__copy_move_backward_aILb1EN9__gnu_cxx17__normal_iteratorIPmSt6vectorImSaImEEEES6_ET1_T0_S8_S7_+0x30>
  4034d8:	912e8001 	add	x1, x0, #0xba0
  4034dc:	b00000e0 	adrp	x0, 420000 <_ZNSt7__cxx1112basic_stringIcSt11char_traitsIcESaIcEEaSERKS4_@GLIBCXX_3.4.21>
  4034e0:	9108c000 	add	x0, x0, #0x230
  4034e4:	97fff98b 	bl	401b10 <_ZStlsISt11char_traitsIcEERSt13basic_ostreamIcT_ES5_PKc@plt>
  4034e8:	52800013 	mov	w19, #0x0                   	// #0
  4034ec:	14000002 	b	4034f4 <_Z10parse_argsiPPcR6Config+0xa6c>
  4034f0:	52800033 	mov	w19, #0x1                   	// #1
  4034f4:	2a1303e0 	mov	w0, w19
  4034f8:	14000053 	b	403644 <_Z10parse_argsiPPcR6Config+0xbbc>
  4034fc:	aa0003f3 	mov	x19, x0
  403500:	9101c3e0 	add	x0, sp, #0x70
  403504:	97fff997 	bl	401b60 <_ZNSaIcED1Ev@plt>
  403508:	aa1303e0 	mov	x0, x19
  40350c:	97fffa05 	bl	401d20 <_Unwind_Resume@plt>
  403510:	aa0003f3 	mov	x19, x0
  403514:	9101e3e0 	add	x0, sp, #0x78
  403518:	97fff94e 	bl	401a50 <_ZNSt7__cxx1112basic_stringIcSt11char_traitsIcESaIcEED1Ev@plt>
  40351c:	14000002 	b	403524 <_Z10parse_argsiPPcR6Config+0xa9c>
  403520:	aa0003f3 	mov	x19, x0
  403524:	910263e0 	add	x0, sp, #0x98
  403528:	97fff98e 	bl	401b60 <_ZNSaIcED1Ev@plt>
  40352c:	14000042 	b	403634 <_Z10parse_argsiPPcR6Config+0xbac>
  403530:	aa0003f3 	mov	x19, x0
  403534:	910283e0 	add	x0, sp, #0xa0
  403538:	97fff946 	bl	401a50 <_ZNSt7__cxx1112basic_stringIcSt11char_traitsIcESaIcEED1Ev@plt>
  40353c:	14000002 	b	403544 <_Z10parse_argsiPPcR6Config+0xabc>
  403540:	aa0003f3 	mov	x19, x0
  403544:	910303e0 	add	x0, sp, #0xc0
  403548:	97fff986 	bl	401b60 <_ZNSaIcED1Ev@plt>
  40354c:	1400003a 	b	403634 <_Z10parse_argsiPPcR6Config+0xbac>
  403550:	aa0003f3 	mov	x19, x0
  403554:	910323e0 	add	x0, sp, #0xc8
  403558:	97fff93e 	bl	401a50 <_ZNSt7__cxx1112basic_stringIcSt11char_traitsIcESaIcEED1Ev@plt>
  40355c:	14000002 	b	403564 <_Z10parse_argsiPPcR6Config+0xadc>
  403560:	aa0003f3 	mov	x19, x0
  403564:	9103a3e0 	add	x0, sp, #0xe8
  403568:	97fff97e 	bl	401b60 <_ZNSaIcED1Ev@plt>
  40356c:	14000032 	b	403634 <_Z10parse_argsiPPcR6Config+0xbac>
  403570:	aa0003f3 	mov	x19, x0
  403574:	9103c3e0 	add	x0, sp, #0xf0
  403578:	97fff936 	bl	401a50 <_ZNSt7__cxx1112basic_stringIcSt11char_traitsIcESaIcEED1Ev@plt>
  40357c:	14000002 	b	403584 <_Z10parse_argsiPPcR6Config+0xafc>
  403580:	aa0003f3 	mov	x19, x0
  403584:	910443e0 	add	x0, sp, #0x110
  403588:	97fff976 	bl	401b60 <_ZNSaIcED1Ev@plt>
  40358c:	1400002a 	b	403634 <_Z10parse_argsiPPcR6Config+0xbac>
  403590:	aa0003f3 	mov	x19, x0
  403594:	910463e0 	add	x0, sp, #0x118
  403598:	97fff92e 	bl	401a50 <_ZNSt7__cxx1112basic_stringIcSt11char_traitsIcESaIcEED1Ev@plt>
  40359c:	14000002 	b	4035a4 <_Z10parse_argsiPPcR6Config+0xb1c>
  4035a0:	aa0003f3 	mov	x19, x0
  4035a4:	9104e3e0 	add	x0, sp, #0x138
  4035a8:	97fff96e 	bl	401b60 <_ZNSaIcED1Ev@plt>
  4035ac:	14000022 	b	403634 <_Z10parse_argsiPPcR6Config+0xbac>
  4035b0:	aa0003f3 	mov	x19, x0
  4035b4:	910503e0 	add	x0, sp, #0x140
  4035b8:	97fff926 	bl	401a50 <_ZNSt7__cxx1112basic_stringIcSt11char_traitsIcESaIcEED1Ev@plt>
  4035bc:	14000002 	b	4035c4 <_Z10parse_argsiPPcR6Config+0xb3c>
  4035c0:	aa0003f3 	mov	x19, x0
  4035c4:	910583e0 	add	x0, sp, #0x160
  4035c8:	97fff966 	bl	401b60 <_ZNSaIcED1Ev@plt>
  4035cc:	1400001a 	b	403634 <_Z10parse_argsiPPcR6Config+0xbac>
  4035d0:	aa0003f3 	mov	x19, x0
  4035d4:	9105a3e0 	add	x0, sp, #0x168
  4035d8:	97fff91e 	bl	401a50 <_ZNSt7__cxx1112basic_stringIcSt11char_traitsIcESaIcEED1Ev@plt>
  4035dc:	14000002 	b	4035e4 <_Z10parse_argsiPPcR6Config+0xb5c>
  4035e0:	aa0003f3 	mov	x19, x0
  4035e4:	910623e0 	add	x0, sp, #0x188
  4035e8:	97fff95e 	bl	401b60 <_ZNSaIcED1Ev@plt>
  4035ec:	14000012 	b	403634 <_Z10parse_argsiPPcR6Config+0xbac>
  4035f0:	aa0003f3 	mov	x19, x0
  4035f4:	9106a3e0 	add	x0, sp, #0x1a8
  4035f8:	97fff916 	bl	401a50 <_ZNSt7__cxx1112basic_stringIcSt11char_traitsIcESaIcEED1Ev@plt>
  4035fc:	14000002 	b	403604 <_Z10parse_argsiPPcR6Config+0xb7c>
  403600:	aa0003f3 	mov	x19, x0
  403604:	910723e0 	add	x0, sp, #0x1c8
  403608:	97fff956 	bl	401b60 <_ZNSaIcED1Ev@plt>
  40360c:	1400000a 	b	403634 <_Z10parse_argsiPPcR6Config+0xbac>
  403610:	aa0003f3 	mov	x19, x0
  403614:	9107a3e0 	add	x0, sp, #0x1e8
  403618:	97fff90e 	bl	401a50 <_ZNSt7__cxx1112basic_stringIcSt11char_traitsIcESaIcEED1Ev@plt>
  40361c:	14000002 	b	403624 <_Z10parse_argsiPPcR6Config+0xb9c>
  403620:	aa0003f3 	mov	x19, x0
  403624:	910823e0 	add	x0, sp, #0x208
  403628:	97fff94e 	bl	401b60 <_ZNSaIcED1Ev@plt>
  40362c:	14000002 	b	403634 <_Z10parse_argsiPPcR6Config+0xbac>
  403630:	aa0003f3 	mov	x19, x0
  403634:	910143e0 	add	x0, sp, #0x50
  403638:	97fff906 	bl	401a50 <_ZNSt7__cxx1112basic_stringIcSt11char_traitsIcESaIcEED1Ev@plt>
  40363c:	aa1303e0 	mov	x0, x19
  403640:	97fff9b8 	bl	401d20 <_Unwind_Resume@plt>
  403644:	a94153f3 	ldp	x19, x20, [sp, #16]
  403648:	f94013f5 	ldr	x21, [sp, #32]
  40364c:	a9407bfd 	ldp	x29, x30, [sp]
  403650:	910843ff 	add	sp, sp, #0x210
  403654:	d65f03c0 	ret

0000000000403658 <_Z15allocate_buffermbRm>:
  403658:	a9b97bfd 	stp	x29, x30, [sp, #-112]!
  40365c:	910003fd 	mov	x29, sp
  403660:	f9000bf3 	str	x19, [sp, #16]
  403664:	f9001fe0 	str	x0, [sp, #56]
  403668:	3900dfe1 	strb	w1, [sp, #55]
  40366c:	f90017e2 	str	x2, [sp, #40]
  403670:	d2a00400 	mov	x0, #0x200000              	// #2097152
  403674:	f90033e0 	str	x0, [sp, #96]
  403678:	3940dfe0 	ldrb	w0, [sp, #55]
  40367c:	7100001f 	cmp	w0, #0x0
  403680:	540000c0 	b.eq	403698 <_Z15allocate_buffermbRm+0x40>  // b.none
  403684:	f9401fe1 	ldr	x1, [sp, #56]
  403688:	b24053e0 	mov	x0, #0x1fffff              	// #2097151
  40368c:	8b000020 	add	x0, x1, x0
  403690:	926ba800 	and	x0, x0, #0xffffffffffe00000
  403694:	14000002 	b	40369c <_Z15allocate_buffermbRm+0x44>
  403698:	f9401fe0 	ldr	x0, [sp, #56]
  40369c:	f9002fe0 	str	x0, [sp, #88]
  4036a0:	d2800005 	mov	x5, #0x0                   	// #0
  4036a4:	12800004 	mov	w4, #0xffffffff            	// #-1
  4036a8:	52800443 	mov	w3, #0x22                  	// #34
  4036ac:	52800062 	mov	w2, #0x3                   	// #3
  4036b0:	f9402fe1 	ldr	x1, [sp, #88]
  4036b4:	d2800000 	mov	x0, #0x0                   	// #0
  4036b8:	97fff912 	bl	401b00 <mmap@plt>
  4036bc:	f9002be0 	str	x0, [sp, #80]
  4036c0:	f9402be0 	ldr	x0, [sp, #80]
  4036c4:	b100041f 	cmn	x0, #0x1
  4036c8:	540003e1 	b.ne	403744 <_Z15allocate_buffermbRm+0xec>  // b.any
  4036cc:	d0000020 	adrp	x0, 409000 <_ZSt22__copy_move_backward_aILb1EN9__gnu_cxx17__normal_iteratorIPmSt6vectorImSaImEEEES6_ET1_T0_S8_S7_+0x30>
  4036d0:	912f6001 	add	x1, x0, #0xbd8
  4036d4:	b00000e0 	adrp	x0, 420000 <_ZNSt7__cxx1112basic_stringIcSt11char_traitsIcESaIcEEaSERKS4_@GLIBCXX_3.4.21>
  4036d8:	9108c000 	add	x0, x0, #0x230
  4036dc:	97fff90d 	bl	401b10 <_ZStlsISt11char_traitsIcEERSt13basic_ostreamIcT_ES5_PKc@plt>
  4036e0:	aa0003f3 	mov	x19, x0
  4036e4:	97fff933 	bl	401bb0 <__errno_location@plt>
  4036e8:	b9400000 	ldr	w0, [x0]
  4036ec:	2a0003e1 	mov	w1, w0
  4036f0:	aa1303e0 	mov	x0, x19
  4036f4:	97fff983 	bl	401d00 <_ZNSolsEi@plt>
  4036f8:	aa0003e2 	mov	x2, x0
  4036fc:	d0000020 	adrp	x0, 409000 <_ZSt22__copy_move_backward_aILb1EN9__gnu_cxx17__normal_iteratorIPmSt6vectorImSaImEEEES6_ET1_T0_S8_S7_+0x30>
  403700:	91300001 	add	x1, x0, #0xc00
  403704:	aa0203e0 	mov	x0, x2
  403708:	97fff902 	bl	401b10 <_ZStlsISt11char_traitsIcEERSt13basic_ostreamIcT_ES5_PKc@plt>
  40370c:	aa0003f3 	mov	x19, x0
  403710:	97fff928 	bl	401bb0 <__errno_location@plt>
  403714:	b9400000 	ldr	w0, [x0]
  403718:	97fff8da 	bl	401a80 <strerror@plt>
  40371c:	aa0003e1 	mov	x1, x0
  403720:	aa1303e0 	mov	x0, x19
  403724:	97fff8fb 	bl	401b10 <_ZStlsISt11char_traitsIcEERSt13basic_ostreamIcT_ES5_PKc@plt>
  403728:	aa0003e2 	mov	x2, x0
  40372c:	d0000020 	adrp	x0, 409000 <_ZSt22__copy_move_backward_aILb1EN9__gnu_cxx17__normal_iteratorIPmSt6vectorImSaImEEEES6_ET1_T0_S8_S7_+0x30>
  403730:	91302001 	add	x1, x0, #0xc08
  403734:	aa0203e0 	mov	x0, x2
  403738:	97fff8f6 	bl	401b10 <_ZStlsISt11char_traitsIcEERSt13basic_ostreamIcT_ES5_PKc@plt>
  40373c:	52800020 	mov	w0, #0x1                   	// #1
  403740:	97fff96c 	bl	401cf0 <exit@plt>
  403744:	3940dfe0 	ldrb	w0, [sp, #55]
  403748:	7100001f 	cmp	w0, #0x0
  40374c:	540004c0 	b.eq	4037e4 <_Z15allocate_buffermbRm+0x18c>  // b.none
  403750:	528001c2 	mov	w2, #0xe                   	// #14
  403754:	f9402fe1 	ldr	x1, [sp, #88]
  403758:	f9402be0 	ldr	x0, [sp, #80]
  40375c:	97fff90d 	bl	401b90 <madvise@plt>
  403760:	7100001f 	cmp	w0, #0x0
  403764:	1a9f07e0 	cset	w0, ne  // ne = any
  403768:	12001c00 	and	w0, w0, #0xff
  40376c:	7100001f 	cmp	w0, #0x0
  403770:	540003a0 	b.eq	4037e4 <_Z15allocate_buffermbRm+0x18c>  // b.none
  403774:	d0000020 	adrp	x0, 409000 <_ZSt22__copy_move_backward_aILb1EN9__gnu_cxx17__normal_iteratorIPmSt6vectorImSaImEEEES6_ET1_T0_S8_S7_+0x30>
  403778:	91304001 	add	x1, x0, #0xc10
  40377c:	b00000e0 	adrp	x0, 420000 <_ZNSt7__cxx1112basic_stringIcSt11char_traitsIcESaIcEEaSERKS4_@GLIBCXX_3.4.21>
  403780:	9108c000 	add	x0, x0, #0x230
  403784:	97fff8e3 	bl	401b10 <_ZStlsISt11char_traitsIcEERSt13basic_ostreamIcT_ES5_PKc@plt>
  403788:	aa0003f3 	mov	x19, x0
  40378c:	97fff909 	bl	401bb0 <__errno_location@plt>
  403790:	b9400000 	ldr	w0, [x0]
  403794:	2a0003e1 	mov	w1, w0
  403798:	aa1303e0 	mov	x0, x19
  40379c:	97fff959 	bl	401d00 <_ZNSolsEi@plt>
  4037a0:	aa0003e2 	mov	x2, x0
  4037a4:	d0000020 	adrp	x0, 409000 <_ZSt22__copy_move_backward_aILb1EN9__gnu_cxx17__normal_iteratorIPmSt6vectorImSaImEEEES6_ET1_T0_S8_S7_+0x30>
  4037a8:	91300001 	add	x1, x0, #0xc00
  4037ac:	aa0203e0 	mov	x0, x2
  4037b0:	97fff8d8 	bl	401b10 <_ZStlsISt11char_traitsIcEERSt13basic_ostreamIcT_ES5_PKc@plt>
  4037b4:	aa0003f3 	mov	x19, x0
  4037b8:	97fff8fe 	bl	401bb0 <__errno_location@plt>
  4037bc:	b9400000 	ldr	w0, [x0]
  4037c0:	97fff8b0 	bl	401a80 <strerror@plt>
  4037c4:	aa0003e1 	mov	x1, x0
  4037c8:	aa1303e0 	mov	x0, x19
  4037cc:	97fff8d1 	bl	401b10 <_ZStlsISt11char_traitsIcEERSt13basic_ostreamIcT_ES5_PKc@plt>
  4037d0:	aa0003e2 	mov	x2, x0
  4037d4:	d0000020 	adrp	x0, 409000 <_ZSt22__copy_move_backward_aILb1EN9__gnu_cxx17__normal_iteratorIPmSt6vectorImSaImEEEES6_ET1_T0_S8_S7_+0x30>
  4037d8:	91310001 	add	x1, x0, #0xc40
  4037dc:	aa0203e0 	mov	x0, x2
  4037e0:	97fff8cc 	bl	401b10 <_ZStlsISt11char_traitsIcEERSt13basic_ostreamIcT_ES5_PKc@plt>
  4037e4:	f9402be0 	ldr	x0, [sp, #80]
  4037e8:	f90027e0 	str	x0, [sp, #72]
  4037ec:	f90037ff 	str	xzr, [sp, #104]
  4037f0:	14000008 	b	403810 <_Z15allocate_buffermbRm+0x1b8>
  4037f4:	f94027e1 	ldr	x1, [sp, #72]
  4037f8:	f94037e0 	ldr	x0, [sp, #104]
  4037fc:	8b000020 	add	x0, x1, x0
  403800:	3900001f 	strb	wzr, [x0]
  403804:	f94037e0 	ldr	x0, [sp, #104]
  403808:	91400400 	add	x0, x0, #0x1, lsl #12
  40380c:	f90037e0 	str	x0, [sp, #104]
  403810:	f94037e1 	ldr	x1, [sp, #104]
  403814:	f9402fe0 	ldr	x0, [sp, #88]
  403818:	eb00003f 	cmp	x1, x0
  40381c:	54fffec3 	b.cc	4037f4 <_Z15allocate_buffermbRm+0x19c>  // b.lo, b.ul, b.last
  403820:	f94017e0 	ldr	x0, [sp, #40]
  403824:	f9402fe1 	ldr	x1, [sp, #88]
  403828:	f9000001 	str	x1, [x0]
  40382c:	f9402be0 	ldr	x0, [sp, #80]
  403830:	f9400bf3 	ldr	x19, [sp, #16]
  403834:	a8c77bfd 	ldp	x29, x30, [sp], #112
  403838:	d65f03c0 	ret

000000000040383c <_Z20build_conflict_cycleP4Nodemmj>:
  40383c:	d282840c 	mov	x12, #0x1420                	// #5152
  403840:	cb2c63ff 	sub	sp, sp, x12
  403844:	a9007bfd 	stp	x29, x30, [sp]
  403848:	910003fd 	mov	x29, sp
  40384c:	f9000bf3 	str	x19, [sp, #16]
  403850:	f9001fe0 	str	x0, [sp, #56]
  403854:	f9001be1 	str	x1, [sp, #48]
  403858:	f90017e2 	str	x2, [sp, #40]
  40385c:	b90027e3 	str	w3, [sp, #36]
  403860:	f94017e0 	ldr	x0, [sp, #40]
  403864:	f100041f 	cmp	x0, #0x1
  403868:	54000108 	b.hi	403888 <_Z20build_conflict_cycleP4Nodemmj+0x4c>  // b.pmore
  40386c:	f94017e0 	ldr	x0, [sp, #40]
  403870:	f100041f 	cmp	x0, #0x1
  403874:	54000d61 	b.ne	403a20 <_Z20build_conflict_cycleP4Nodemmj+0x1e4>  // b.any
  403878:	f9401fe1 	ldr	x1, [sp, #56]
  40387c:	f9401fe0 	ldr	x0, [sp, #56]
  403880:	f9000001 	str	x1, [x0]
  403884:	14000068 	b	403a24 <_Z20build_conflict_cycleP4Nodemmj+0x1e8>
  403888:	914007e0 	add	x0, sp, #0x1, lsl #12
  40388c:	910fa000 	add	x0, x0, #0x3e8
  403890:	94000554 	bl	404de0 <_ZNSaImEC1Ev>
  403894:	914007e1 	add	x1, sp, #0x1, lsl #12
  403898:	910fa021 	add	x1, x1, #0x3e8
  40389c:	914007e0 	add	x0, sp, #0x1, lsl #12
  4038a0:	910f4000 	add	x0, x0, #0x3d0
  4038a4:	aa0103e2 	mov	x2, x1
  4038a8:	f94017e1 	ldr	x1, [sp, #40]
  4038ac:	94000555 	bl	404e00 <_ZNSt6vectorImSaImEEC1EmRKS0_>
  4038b0:	914007e0 	add	x0, sp, #0x1, lsl #12
  4038b4:	910fa000 	add	x0, x0, #0x3e8
  4038b8:	940004f1 	bl	404c7c <_ZNSaImED1Ev>
  4038bc:	f90a0fff 	str	xzr, [sp, #5144]
  4038c0:	1400000b 	b	4038ec <_Z20build_conflict_cycleP4Nodemmj+0xb0>
  4038c4:	914007e0 	add	x0, sp, #0x1, lsl #12
  4038c8:	910f4000 	add	x0, x0, #0x3d0
  4038cc:	f94a0fe1 	ldr	x1, [sp, #5144]
  4038d0:	94000566 	bl	404e68 <_ZNSt6vectorImSaImEEixEm>
  4038d4:	aa0003e1 	mov	x1, x0
  4038d8:	f94a0fe0 	ldr	x0, [sp, #5144]
  4038dc:	f9000020 	str	x0, [x1]
  4038e0:	f94a0fe0 	ldr	x0, [sp, #5144]
  4038e4:	91000400 	add	x0, x0, #0x1
  4038e8:	f90a0fe0 	str	x0, [sp, #5144]
  4038ec:	f94a0fe1 	ldr	x1, [sp, #5144]
  4038f0:	f94017e0 	ldr	x0, [sp, #40]
  4038f4:	eb00003f 	cmp	x1, x0
  4038f8:	54fffe63 	b.cc	4038c4 <_Z20build_conflict_cycleP4Nodemmj+0x88>  // b.lo, b.ul, b.last
  4038fc:	b94027e1 	ldr	w1, [sp, #36]
  403900:	910123e0 	add	x0, sp, #0x48
  403904:	94000563 	bl	404e90 <_ZNSt23mersenne_twister_engineImLm32ELm624ELm397ELm31ELm2567483615ELm11ELm4294967295ELm7ELm2636928640ELm15ELm4022730752ELm18ELm1812433253EEC1Em>
  403908:	914007e0 	add	x0, sp, #0x1, lsl #12
  40390c:	910f4000 	add	x0, x0, #0x3d0
  403910:	9400056a 	bl	404eb8 <_ZNSt6vectorImSaImEE5beginEv>
  403914:	aa0003f3 	mov	x19, x0
  403918:	914007e0 	add	x0, sp, #0x1, lsl #12
  40391c:	910f4000 	add	x0, x0, #0x3d0
  403920:	9400056f 	bl	404edc <_ZNSt6vectorImSaImEE3endEv>
  403924:	aa0003e1 	mov	x1, x0
  403928:	910123e0 	add	x0, sp, #0x48
  40392c:	aa0003e2 	mov	x2, x0
  403930:	aa1303e0 	mov	x0, x19
  403934:	94000574 	bl	404f04 <_ZSt7shuffleIN9__gnu_cxx17__normal_iteratorIPmSt6vectorImSaImEEEERSt23mersenne_twister_engineImLm32ELm624ELm397ELm31ELm2567483615ELm11ELm4294967295ELm7ELm2636928640ELm15ELm4022730752ELm18ELm1812433253EEEvT_SA_OT0_>
  403938:	f90a0bff 	str	xzr, [sp, #5136]
  40393c:	14000025 	b	4039d0 <_Z20build_conflict_cycleP4Nodemmj+0x194>
  403940:	914007e0 	add	x0, sp, #0x1, lsl #12
  403944:	910f4000 	add	x0, x0, #0x3d0
  403948:	f94a0be1 	ldr	x1, [sp, #5136]
  40394c:	94000547 	bl	404e68 <_ZNSt6vectorImSaImEEixEm>
  403950:	f9400000 	ldr	x0, [x0]
  403954:	f90a07e0 	str	x0, [sp, #5128]
  403958:	f94a0be0 	ldr	x0, [sp, #5136]
  40395c:	91000400 	add	x0, x0, #0x1
  403960:	f94017e1 	ldr	x1, [sp, #40]
  403964:	9ac10802 	udiv	x2, x0, x1
  403968:	f94017e1 	ldr	x1, [sp, #40]
  40396c:	9b017c41 	mul	x1, x2, x1
  403970:	cb010001 	sub	x1, x0, x1
  403974:	914007e0 	add	x0, sp, #0x1, lsl #12
  403978:	910f4000 	add	x0, x0, #0x3d0
  40397c:	9400053b 	bl	404e68 <_ZNSt6vectorImSaImEEixEm>
  403980:	f9400000 	ldr	x0, [x0]
  403984:	f90a03e0 	str	x0, [sp, #5120]
  403988:	f94a07e1 	ldr	x1, [sp, #5128]
  40398c:	f9401be0 	ldr	x0, [sp, #48]
  403990:	9b007c20 	mul	x0, x1, x0
  403994:	f9401fe1 	ldr	x1, [sp, #56]
  403998:	8b000020 	add	x0, x1, x0
  40399c:	f909ffe0 	str	x0, [sp, #5112]
  4039a0:	f94a03e1 	ldr	x1, [sp, #5120]
  4039a4:	f9401be0 	ldr	x0, [sp, #48]
  4039a8:	9b007c20 	mul	x0, x1, x0
  4039ac:	f9401fe1 	ldr	x1, [sp, #56]
  4039b0:	8b000020 	add	x0, x1, x0
  4039b4:	f909fbe0 	str	x0, [sp, #5104]
  4039b8:	f949fbe1 	ldr	x1, [sp, #5104]
  4039bc:	f949ffe0 	ldr	x0, [sp, #5112]
  4039c0:	f9000001 	str	x1, [x0]
  4039c4:	f94a0be0 	ldr	x0, [sp, #5136]
  4039c8:	91000400 	add	x0, x0, #0x1
  4039cc:	f90a0be0 	str	x0, [sp, #5136]
  4039d0:	f94a0be1 	ldr	x1, [sp, #5136]
  4039d4:	f94017e0 	ldr	x0, [sp, #40]
  4039d8:	eb00003f 	cmp	x1, x0
  4039dc:	54fffb23 	b.cc	403940 <_Z20build_conflict_cycleP4Nodemmj+0x104>  // b.lo, b.ul, b.last
  4039e0:	914007e0 	add	x0, sp, #0x1, lsl #12
  4039e4:	910f4000 	add	x0, x0, #0x3d0
  4039e8:	940004c1 	bl	404cec <_ZNSt6vectorImSaImEED1Ev>
  4039ec:	1400000e 	b	403a24 <_Z20build_conflict_cycleP4Nodemmj+0x1e8>
  4039f0:	aa0003f3 	mov	x19, x0
  4039f4:	914007e0 	add	x0, sp, #0x1, lsl #12
  4039f8:	910fa000 	add	x0, x0, #0x3e8
  4039fc:	940004a0 	bl	404c7c <_ZNSaImED1Ev>
  403a00:	aa1303e0 	mov	x0, x19
  403a04:	97fff8c7 	bl	401d20 <_Unwind_Resume@plt>
  403a08:	aa0003f3 	mov	x19, x0
  403a0c:	914007e0 	add	x0, sp, #0x1, lsl #12
  403a10:	910f4000 	add	x0, x0, #0x3d0
  403a14:	940004b6 	bl	404cec <_ZNSt6vectorImSaImEED1Ev>
  403a18:	aa1303e0 	mov	x0, x19
  403a1c:	97fff8c1 	bl	401d20 <_Unwind_Resume@plt>
  403a20:	d503201f 	nop
  403a24:	f9400bf3 	ldr	x19, [sp, #16]
  403a28:	a9407bfd 	ldp	x29, x30, [sp]
  403a2c:	d282840c 	mov	x12, #0x1420                	// #5152
  403a30:	8b2c63ff 	add	sp, sp, x12
  403a34:	d65f03c0 	ret

0000000000403a38 <_Z9measure_KP4NodemmmmmmmjPSt14basic_ofstreamIcSt11char_traitsIcEE>:
  403a38:	d10903ff 	sub	sp, sp, #0x240
  403a3c:	a9007bfd 	stp	x29, x30, [sp]
  403a40:	910003fd 	mov	x29, sp
  403a44:	a90153f3 	stp	x19, x20, [sp, #16]
  403a48:	f90013f5 	str	x21, [sp, #32]
  403a4c:	f90037e0 	str	x0, [sp, #104]
  403a50:	f90033e1 	str	x1, [sp, #96]
  403a54:	f9002fe2 	str	x2, [sp, #88]
  403a58:	f9002be3 	str	x3, [sp, #80]
  403a5c:	f90027e4 	str	x4, [sp, #72]
  403a60:	f90023e5 	str	x5, [sp, #64]
  403a64:	f9001fe6 	str	x6, [sp, #56]
  403a68:	f9001be7 	str	x7, [sp, #48]
  403a6c:	b94243e3 	ldr	w3, [sp, #576]
  403a70:	f9402fe2 	ldr	x2, [sp, #88]
  403a74:	f94033e1 	ldr	x1, [sp, #96]
  403a78:	f94037e0 	ldr	x0, [sp, #104]
  403a7c:	97ffff70 	bl	40383c <_Z20build_conflict_cycleP4Nodemmj>
  403a80:	f94037e0 	ldr	x0, [sp, #104]
  403a84:	f9011fe0 	str	x0, [sp, #568]
  403a88:	f9011bff 	str	xzr, [sp, #560]
  403a8c:	14000010 	b	403acc <_Z9measure_KP4NodemmmmmmmjPSt14basic_ofstreamIcSt11char_traitsIcEE+0x94>
  403a90:	f90117ff 	str	xzr, [sp, #552]
  403a94:	14000007 	b	403ab0 <_Z9measure_KP4NodemmmmmmmjPSt14basic_ofstreamIcSt11char_traitsIcEE+0x78>
  403a98:	f9411fe0 	ldr	x0, [sp, #568]
  403a9c:	f9400000 	ldr	x0, [x0]
  403aa0:	f9011fe0 	str	x0, [sp, #568]
  403aa4:	f94117e0 	ldr	x0, [sp, #552]
  403aa8:	91000400 	add	x0, x0, #0x1
  403aac:	f90117e0 	str	x0, [sp, #552]
  403ab0:	f94117e1 	ldr	x1, [sp, #552]
  403ab4:	f9402fe0 	ldr	x0, [sp, #88]
  403ab8:	eb00003f 	cmp	x1, x0
  403abc:	54fffee3 	b.cc	403a98 <_Z9measure_KP4NodemmmmmmmjPSt14basic_ofstreamIcSt11char_traitsIcEE+0x60>  // b.lo, b.ul, b.last
  403ac0:	f9411be0 	ldr	x0, [sp, #560]
  403ac4:	91000400 	add	x0, x0, #0x1
  403ac8:	f9011be0 	str	x0, [sp, #560]
  403acc:	f9411be1 	ldr	x1, [sp, #560]
  403ad0:	f94027e0 	ldr	x0, [sp, #72]
  403ad4:	eb00003f 	cmp	x1, x0
  403ad8:	54fffdc3 	b.cc	403a90 <_Z9measure_KP4NodemmmmmmmjPSt14basic_ofstreamIcSt11char_traitsIcEE+0x58>  // b.lo, b.ul, b.last
  403adc:	f9401fe1 	ldr	x1, [sp, #56]
  403ae0:	f9401be0 	ldr	x0, [sp, #48]
  403ae4:	8b000020 	add	x0, x1, x0
  403ae8:	d341fc00 	lsr	x0, x0, #1
  403aec:	f900ffe0 	str	x0, [sp, #504]
  403af0:	9106c3e0 	add	x0, sp, #0x1b0
  403af4:	940003d3 	bl	404a40 <_ZNSt6vectorImSaImEEC1Ev>
  403af8:	f900e7ff 	str	xzr, [sp, #456]
  403afc:	910723e1 	add	x1, sp, #0x1c8
  403b00:	9106c3e0 	add	x0, sp, #0x1b0
  403b04:	aa0103e2 	mov	x2, x1
  403b08:	f9402be1 	ldr	x1, [sp, #80]
  403b0c:	94000580 	bl	40510c <_ZNSt6vectorImSaImEE6resizeEmRKm>
  403b10:	9106c3e0 	add	x0, sp, #0x1b0
  403b14:	940005b0 	bl	4051d4 <_ZNSt6vectorImSaImEE5clearEv>
  403b18:	f90113ff 	str	xzr, [sp, #544]
  403b1c:	f94037e0 	ldr	x0, [sp, #104]
  403b20:	f9011fe0 	str	x0, [sp, #568]
  403b24:	d0000020 	adrp	x0, 409000 <_ZSt22__copy_move_backward_aILb1EN9__gnu_cxx17__normal_iteratorIPmSt6vectorImSaImEEEES6_ET1_T0_S8_S7_+0x30>
  403b28:	9133e001 	add	x1, x0, #0xcf8
  403b2c:	f94037e0 	ldr	x0, [sp, #104]
  403b30:	97fffad7 	bl	40268c <_ZL11log_mappingPKvPKc>
  403b34:	910483e0 	add	x0, sp, #0x120
  403b38:	4f000400 	movi	v0.4s, #0x0
  403b3c:	ad000000 	stp	q0, q0, [x0]
  403b40:	ad010000 	stp	q0, q0, [x0, #32]
  403b44:	ad020000 	stp	q0, q0, [x0, #64]
  403b48:	ad030000 	stp	q0, q0, [x0, #96]
  403b4c:	3d802000 	str	q0, [x0, #128]
  403b50:	910243e0 	add	x0, sp, #0x90
  403b54:	4f000400 	movi	v0.4s, #0x0
  403b58:	ad000000 	stp	q0, q0, [x0]
  403b5c:	ad010000 	stp	q0, q0, [x0, #32]
  403b60:	ad020000 	stp	q0, q0, [x0, #64]
  403b64:	ad030000 	stp	q0, q0, [x0, #96]
  403b68:	3d802000 	str	q0, [x0, #128]
  403b6c:	910483e0 	add	x0, sp, #0x120
  403b70:	aa0003e1 	mov	x1, x0
  403b74:	52800000 	mov	w0, #0x0                   	// #0
  403b78:	97fff7ca 	bl	401aa0 <getrusage@plt>
  403b7c:	97fff981 	bl	402180 <_ZL9pmu_startv>
  403b80:	f9010fff 	str	xzr, [sp, #536]
  403b84:	14000034 	b	403c54 <_Z9measure_KP4NodemmmmmmmjPSt14basic_ofstreamIcSt11char_traitsIcEE+0x21c>
  403b88:	f9010bff 	str	xzr, [sp, #528]
  403b8c:	14000007 	b	403ba8 <_Z9measure_KP4NodemmmmmmmjPSt14basic_ofstreamIcSt11char_traitsIcEE+0x170>
  403b90:	f9411fe0 	ldr	x0, [sp, #568]
  403b94:	f9400000 	ldr	x0, [x0]
  403b98:	f9011fe0 	str	x0, [sp, #568]
  403b9c:	f9410be0 	ldr	x0, [sp, #528]
  403ba0:	91000400 	add	x0, x0, #0x1
  403ba4:	f9010be0 	str	x0, [sp, #528]
  403ba8:	f9402fe0 	ldr	x0, [sp, #88]
  403bac:	d1000400 	sub	x0, x0, #0x1
  403bb0:	f9410be1 	ldr	x1, [sp, #528]
  403bb4:	eb00003f 	cmp	x1, x0
  403bb8:	54fffec3 	b.cc	403b90 <_Z9measure_KP4NodemmmmmmmjPSt14basic_ofstreamIcSt11char_traitsIcEE+0x158>  // b.lo, b.ul, b.last
  403bbc:	97fffb58 	bl	40291c <_ZL9tsc_startv>
  403bc0:	f900efe0 	str	x0, [sp, #472]
  403bc4:	f9411fe0 	ldr	x0, [sp, #568]
  403bc8:	f9400000 	ldr	x0, [x0]
  403bcc:	f90107e0 	str	x0, [sp, #520]
  403bd0:	f90103ff 	str	xzr, [sp, #512]
  403bd4:	14000007 	b	403bf0 <_Z9measure_KP4NodemmmmmmmjPSt14basic_ofstreamIcSt11char_traitsIcEE+0x1b8>
  403bd8:	f94107e0 	ldr	x0, [sp, #520]
  403bdc:	f9400000 	ldr	x0, [x0]
  403be0:	f90107e0 	str	x0, [sp, #520]
  403be4:	f94103e0 	ldr	x0, [sp, #512]
  403be8:	91000400 	add	x0, x0, #0x1
  403bec:	f90103e0 	str	x0, [sp, #512]
  403bf0:	f94103e1 	ldr	x1, [sp, #512]
  403bf4:	f94023e0 	ldr	x0, [sp, #64]
  403bf8:	eb00003f 	cmp	x1, x0
  403bfc:	54fffee3 	b.cc	403bd8 <_Z9measure_KP4NodemmmmmmmjPSt14basic_ofstreamIcSt11char_traitsIcEE+0x1a0>  // b.lo, b.ul, b.last
  403c00:	97fffb4c 	bl	402930 <_ZL8tsc_stopv>
  403c04:	f900ebe0 	str	x0, [sp, #464]
  403c08:	f940ebe1 	ldr	x1, [sp, #464]
  403c0c:	f940efe0 	ldr	x0, [sp, #472]
  403c10:	cb000020 	sub	x0, x1, x0
  403c14:	f90047e0 	str	x0, [sp, #136]
  403c18:	910223e1 	add	x1, sp, #0x88
  403c1c:	9106c3e0 	add	x0, sp, #0x1b0
  403c20:	94000578 	bl	405200 <_ZNSt6vectorImSaImEE9push_backERKm>
  403c24:	f94047e0 	ldr	x0, [sp, #136]
  403c28:	f940ffe1 	ldr	x1, [sp, #504]
  403c2c:	eb00003f 	cmp	x1, x0
  403c30:	54000082 	b.cs	403c40 <_Z9measure_KP4NodemmmmmmmjPSt14basic_ofstreamIcSt11char_traitsIcEE+0x208>  // b.hs, b.nlast
  403c34:	f94113e0 	ldr	x0, [sp, #544]
  403c38:	91000400 	add	x0, x0, #0x1
  403c3c:	f90113e0 	str	x0, [sp, #544]
  403c40:	f94037e0 	ldr	x0, [sp, #104]
  403c44:	f9011fe0 	str	x0, [sp, #568]
  403c48:	f9410fe0 	ldr	x0, [sp, #536]
  403c4c:	91000400 	add	x0, x0, #0x1
  403c50:	f9010fe0 	str	x0, [sp, #536]
  403c54:	f9410fe1 	ldr	x1, [sp, #536]
  403c58:	f9402be0 	ldr	x0, [sp, #80]
  403c5c:	eb00003f 	cmp	x1, x0
  403c60:	54fff943 	b.cc	403b88 <_Z9measure_KP4NodemmmmmmmjPSt14basic_ofstreamIcSt11char_traitsIcEE+0x150>  // b.lo, b.ul, b.last
  403c64:	97fff968 	bl	402204 <_ZL8pmu_stopv>
  403c68:	910243e0 	add	x0, sp, #0x90
  403c6c:	aa0003e1 	mov	x1, x0
  403c70:	52800000 	mov	w0, #0x0                   	// #0
  403c74:	97fff78b 	bl	401aa0 <getrusage@plt>
  403c78:	910243e1 	add	x1, sp, #0x90
  403c7c:	910483e0 	add	x0, sp, #0x120
  403c80:	97fffa58 	bl	4025e0 <_ZL9log_usageRK6rusageS1_>
  403c84:	d0000020 	adrp	x0, 409000 <_ZSt22__copy_move_backward_aILb1EN9__gnu_cxx17__normal_iteratorIPmSt6vectorImSaImEEEES6_ET1_T0_S8_S7_+0x30>
  403c88:	91340001 	add	x1, x0, #0xd00
  403c8c:	f94037e0 	ldr	x0, [sp, #104]
  403c90:	97fffa7f 	bl	40268c <_ZL11log_mappingPKvPKc>
  403c94:	b00000e0 	adrp	x0, 420000 <_ZNSt7__cxx1112basic_stringIcSt11char_traitsIcESaIcEEaSERKS4_@GLIBCXX_3.4.21>
  403c98:	910fe000 	add	x0, x0, #0x3f8
  403c9c:	97fff755 	bl	4019f0 <_ZNKSt7__cxx1112basic_stringIcSt11char_traitsIcESaIcEE5c_strEv@plt>
  403ca0:	aa0003e2 	mov	x2, x0
  403ca4:	f9402fe1 	ldr	x1, [sp, #88]
  403ca8:	f94023e0 	ldr	x0, [sp, #64]
  403cac:	8b000021 	add	x1, x1, x0
  403cb0:	f9402be0 	ldr	x0, [sp, #80]
  403cb4:	9b007c20 	mul	x0, x1, x0
  403cb8:	aa0003e1 	mov	x1, x0
  403cbc:	aa0203e0 	mov	x0, x2
  403cc0:	97fff999 	bl	402324 <_ZL8pmu_savePKcm>
  403cc4:	b00000e0 	adrp	x0, 420000 <_ZNSt7__cxx1112basic_stringIcSt11char_traitsIcESaIcEEaSERKS4_@GLIBCXX_3.4.21>
  403cc8:	91106000 	add	x0, x0, #0x418
  403ccc:	97fff749 	bl	4019f0 <_ZNKSt7__cxx1112basic_stringIcSt11char_traitsIcESaIcEE5c_strEv@plt>
  403cd0:	aa0003f3 	mov	x19, x0
  403cd4:	9106c3e0 	add	x0, sp, #0x1b0
  403cd8:	9400056a 	bl	405280 <_ZNSt6vectorImSaImEE4dataEv>
  403cdc:	f9402be2 	ldr	x2, [sp, #80]
  403ce0:	aa0003e1 	mov	x1, x0
  403ce4:	aa1303e0 	mov	x0, x19
  403ce8:	97fffa13 	bl	402534 <_ZL10save_ticksPKcPKmm>
  403cec:	9106c3e0 	add	x0, sp, #0x1b0
  403cf0:	94000472 	bl	404eb8 <_ZNSt6vectorImSaImEE5beginEv>
  403cf4:	aa0003f3 	mov	x19, x0
  403cf8:	9106c3e0 	add	x0, sp, #0x1b0
  403cfc:	94000478 	bl	404edc <_ZNSt6vectorImSaImEE3endEv>
  403d00:	aa0003e1 	mov	x1, x0
  403d04:	aa1303e0 	mov	x0, x19
  403d08:	94000568 	bl	4052a8 <_ZSt4sortIN9__gnu_cxx17__normal_iteratorIPmSt6vectorImSaImEEEEEvT_S7_>
  403d0c:	f9402be0 	ldr	x0, [sp, #80]
  403d10:	d341fc01 	lsr	x1, x0, #1
  403d14:	9106c3e0 	add	x0, sp, #0x1b0
  403d18:	94000454 	bl	404e68 <_ZNSt6vectorImSaImEEixEm>
  403d1c:	fd400000 	ldr	d0, [x0]
  403d20:	7e61d801 	ucvtf	d1, d0
  403d24:	fd4023e0 	ldr	d0, [sp, #64]
  403d28:	7e61d800 	ucvtf	d0, d0
  403d2c:	1e601820 	fdiv	d0, d1, d0
  403d30:	fd00fbe0 	str	d0, [sp, #496]
  403d34:	f94127e0 	ldr	x0, [sp, #584]
  403d38:	f100001f 	cmp	x0, #0x0
  403d3c:	54000520 	b.eq	403de0 <_Z9measure_KP4NodemmmmmmmjPSt14basic_ofstreamIcSt11char_traitsIcEE+0x3a8>  // b.none
  403d40:	9106c3e0 	add	x0, sp, #0x1b0
  403d44:	f900f7e0 	str	x0, [sp, #488]
  403d48:	f940f7e0 	ldr	x0, [sp, #488]
  403d4c:	9400045b 	bl	404eb8 <_ZNSt6vectorImSaImEE5beginEv>
  403d50:	f90043e0 	str	x0, [sp, #128]
  403d54:	f940f7e0 	ldr	x0, [sp, #488]
  403d58:	94000461 	bl	404edc <_ZNSt6vectorImSaImEE3endEv>
  403d5c:	f9003fe0 	str	x0, [sp, #120]
  403d60:	1400001a 	b	403dc8 <_Z9measure_KP4NodemmmmmmmjPSt14basic_ofstreamIcSt11char_traitsIcEE+0x390>
  403d64:	910203e0 	add	x0, sp, #0x80
  403d68:	94000579 	bl	40534c <_ZNK9__gnu_cxx17__normal_iteratorIPmSt6vectorImSaImEEEdeEv>
  403d6c:	f9400000 	ldr	x0, [x0]
  403d70:	f900f3e0 	str	x0, [sp, #480]
  403d74:	f94127e0 	ldr	x0, [sp, #584]
  403d78:	f9402fe1 	ldr	x1, [sp, #88]
  403d7c:	97fff701 	bl	401980 <_ZNSolsEm@plt>
  403d80:	aa0003e2 	mov	x2, x0
  403d84:	d0000020 	adrp	x0, 409000 <_ZSt22__copy_move_backward_aILb1EN9__gnu_cxx17__normal_iteratorIPmSt6vectorImSaImEEEES6_ET1_T0_S8_S7_+0x30>
  403d88:	91248001 	add	x1, x0, #0x920
  403d8c:	aa0203e0 	mov	x0, x2
  403d90:	97fff760 	bl	401b10 <_ZStlsISt11char_traitsIcEERSt13basic_ostreamIcT_ES5_PKc@plt>
  403d94:	fd40f3e0 	ldr	d0, [sp, #480]
  403d98:	7e61d801 	ucvtf	d1, d0
  403d9c:	fd4023e0 	ldr	d0, [sp, #64]
  403da0:	7e61d800 	ucvtf	d0, d0
  403da4:	1e601820 	fdiv	d0, d1, d0
  403da8:	97fff7ea 	bl	401d50 <_ZNSolsEd@plt>
  403dac:	aa0003e2 	mov	x2, x0
  403db0:	d0000020 	adrp	x0, 409000 <_ZSt22__copy_move_backward_aILb1EN9__gnu_cxx17__normal_iteratorIPmSt6vectorImSaImEEEES6_ET1_T0_S8_S7_+0x30>
  403db4:	912e6001 	add	x1, x0, #0xb98
  403db8:	aa0203e0 	mov	x0, x2
  403dbc:	97fff755 	bl	401b10 <_ZStlsISt11char_traitsIcEERSt13basic_ostreamIcT_ES5_PKc@plt>
  403dc0:	910203e0 	add	x0, sp, #0x80
  403dc4:	94000558 	bl	405324 <_ZN9__gnu_cxx17__normal_iteratorIPmSt6vectorImSaImEEEppEv>
  403dc8:	9101e3e1 	add	x1, sp, #0x78
  403dcc:	910203e0 	add	x0, sp, #0x80
  403dd0:	94000544 	bl	4052e0 <_ZN9__gnu_cxxneIPmSt6vectorImSaImEEEEbRKNS_17__normal_iteratorIT_T0_EESA_>
  403dd4:	12001c00 	and	w0, w0, #0xff
  403dd8:	7100001f 	cmp	w0, #0x0
  403ddc:	54fffc41 	b.ne	403d64 <_Z9measure_KP4NodemmmmmmmjPSt14basic_ofstreamIcSt11char_traitsIcEE+0x32c>  // b.any
  403de0:	fd4113e0 	ldr	d0, [sp, #544]
  403de4:	7e61d801 	ucvtf	d1, d0
  403de8:	fd402be0 	ldr	d0, [sp, #80]
  403dec:	7e61d800 	ucvtf	d0, d0
  403df0:	1e601820 	fdiv	d0, d1, d0
  403df4:	9e660014 	fmov	x20, d0
  403df8:	f940fbf5 	ldr	x21, [sp, #496]
  403dfc:	9106c3e0 	add	x0, sp, #0x1b0
  403e00:	940003bb 	bl	404cec <_ZNSt6vectorImSaImEED1Ev>
  403e04:	aa1403e2 	mov	x2, x20
  403e08:	aa1503e3 	mov	x3, x21
  403e0c:	aa1403e0 	mov	x0, x20
  403e10:	aa1503e1 	mov	x1, x21
  403e14:	9e670040 	fmov	d0, x2
  403e18:	9e670021 	fmov	d1, x1
  403e1c:	14000006 	b	403e34 <_Z9measure_KP4NodemmmmmmmjPSt14basic_ofstreamIcSt11char_traitsIcEE+0x3fc>
  403e20:	aa0003f3 	mov	x19, x0
  403e24:	9106c3e0 	add	x0, sp, #0x1b0
  403e28:	940003b1 	bl	404cec <_ZNSt6vectorImSaImEED1Ev>
  403e2c:	aa1303e0 	mov	x0, x19
  403e30:	97fff7bc 	bl	401d20 <_Unwind_Resume@plt>
  403e34:	a94153f3 	ldp	x19, x20, [sp, #16]
  403e38:	f94013f5 	ldr	x21, [sp, #32]
  403e3c:	a9407bfd 	ldp	x29, x30, [sp]
  403e40:	910903ff 	add	sp, sp, #0x240
  403e44:	d65f03c0 	ret

0000000000403e48 <_Z9calibrateP4NodemmmmRmS1_j>:
  403e48:	a9ae7bfd 	stp	x29, x30, [sp, #-288]!
  403e4c:	910003fd 	mov	x29, sp
  403e50:	f9000bf3 	str	x19, [sp, #16]
  403e54:	f9002fe0 	str	x0, [sp, #88]
  403e58:	f9002be1 	str	x1, [sp, #80]
  403e5c:	f90027e2 	str	x2, [sp, #72]
  403e60:	f90023e3 	str	x3, [sp, #64]
  403e64:	f9001fe4 	str	x4, [sp, #56]
  403e68:	f9001be5 	str	x5, [sp, #48]
  403e6c:	f90017e6 	str	x6, [sp, #40]
  403e70:	b90027e7 	str	w7, [sp, #36]
  403e74:	d284e200 	mov	x0, #0x2710                	// #10000
  403e78:	f90063e0 	str	x0, [sp, #192]
  403e7c:	b94027e3 	ldr	w3, [sp, #36]
  403e80:	d2800022 	mov	x2, #0x1                   	// #1
  403e84:	f9402be1 	ldr	x1, [sp, #80]
  403e88:	f9402fe0 	ldr	x0, [sp, #88]
  403e8c:	97fffe6c 	bl	40383c <_Z20build_conflict_cycleP4Nodemmj>
  403e90:	f9402fe0 	ldr	x0, [sp, #88]
  403e94:	f9008fe0 	str	x0, [sp, #280]
  403e98:	f9008bff 	str	xzr, [sp, #272]
  403e9c:	14000007 	b	403eb8 <_Z9calibrateP4NodemmmmRmS1_j+0x70>
  403ea0:	f9408fe0 	ldr	x0, [sp, #280]
  403ea4:	f9400000 	ldr	x0, [x0]
  403ea8:	f9008fe0 	str	x0, [sp, #280]
  403eac:	f9408be0 	ldr	x0, [sp, #272]
  403eb0:	91000400 	add	x0, x0, #0x1
  403eb4:	f9008be0 	str	x0, [sp, #272]
  403eb8:	f9408be1 	ldr	x1, [sp, #272]
  403ebc:	f94023e0 	ldr	x0, [sp, #64]
  403ec0:	eb00003f 	cmp	x1, x0
  403ec4:	54fffee3 	b.cc	403ea0 <_Z9calibrateP4NodemmmmRmS1_j+0x58>  // b.lo, b.ul, b.last
  403ec8:	910243e0 	add	x0, sp, #0x90
  403ecc:	940003c5 	bl	404de0 <_ZNSaImEC1Ev>
  403ed0:	910243e1 	add	x1, sp, #0x90
  403ed4:	9101e3e0 	add	x0, sp, #0x78
  403ed8:	aa0103e2 	mov	x2, x1
  403edc:	d284e201 	mov	x1, #0x2710                	// #10000
  403ee0:	940003c8 	bl	404e00 <_ZNSt6vectorImSaImEEC1EmRKS0_>
  403ee4:	910243e0 	add	x0, sp, #0x90
  403ee8:	94000365 	bl	404c7c <_ZNSaImED1Ev>
  403eec:	f90087ff 	str	xzr, [sp, #264]
  403ef0:	1400001e 	b	403f68 <_Z9calibrateP4NodemmmmRmS1_j+0x120>
  403ef4:	97fffa8a 	bl	40291c <_ZL9tsc_startv>
  403ef8:	f90057e0 	str	x0, [sp, #168]
  403efc:	f9408fe0 	ldr	x0, [sp, #280]
  403f00:	f90083e0 	str	x0, [sp, #256]
  403f04:	f9007fff 	str	xzr, [sp, #248]
  403f08:	14000007 	b	403f24 <_Z9calibrateP4NodemmmmRmS1_j+0xdc>
  403f0c:	f94083e0 	ldr	x0, [sp, #256]
  403f10:	f9400000 	ldr	x0, [x0]
  403f14:	f90083e0 	str	x0, [sp, #256]
  403f18:	f9407fe0 	ldr	x0, [sp, #248]
  403f1c:	91000400 	add	x0, x0, #0x1
  403f20:	f9007fe0 	str	x0, [sp, #248]
  403f24:	f9407fe1 	ldr	x1, [sp, #248]
  403f28:	f9401fe0 	ldr	x0, [sp, #56]
  403f2c:	eb00003f 	cmp	x1, x0
  403f30:	54fffee3 	b.cc	403f0c <_Z9calibrateP4NodemmmmRmS1_j+0xc4>  // b.lo, b.ul, b.last
  403f34:	97fffa7f 	bl	402930 <_ZL8tsc_stopv>
  403f38:	f90053e0 	str	x0, [sp, #160]
  403f3c:	9101e3e0 	add	x0, sp, #0x78
  403f40:	f94087e1 	ldr	x1, [sp, #264]
  403f44:	940003c9 	bl	404e68 <_ZNSt6vectorImSaImEEixEm>
  403f48:	aa0003e2 	mov	x2, x0
  403f4c:	f94053e1 	ldr	x1, [sp, #160]
  403f50:	f94057e0 	ldr	x0, [sp, #168]
  403f54:	cb000020 	sub	x0, x1, x0
  403f58:	f9000040 	str	x0, [x2]
  403f5c:	f94087e0 	ldr	x0, [sp, #264]
  403f60:	91000400 	add	x0, x0, #0x1
  403f64:	f90087e0 	str	x0, [sp, #264]
  403f68:	f94087e1 	ldr	x1, [sp, #264]
  403f6c:	d284e1e0 	mov	x0, #0x270f                	// #9999
  403f70:	eb00003f 	cmp	x1, x0
  403f74:	54fffc09 	b.ls	403ef4 <_Z9calibrateP4NodemmmmRmS1_j+0xac>  // b.plast
  403f78:	9101e3e0 	add	x0, sp, #0x78
  403f7c:	940003cf 	bl	404eb8 <_ZNSt6vectorImSaImEE5beginEv>
  403f80:	aa0003f3 	mov	x19, x0
  403f84:	9101e3e0 	add	x0, sp, #0x78
  403f88:	940003d5 	bl	404edc <_ZNSt6vectorImSaImEE3endEv>
  403f8c:	aa0003e1 	mov	x1, x0
  403f90:	aa1303e0 	mov	x0, x19
  403f94:	940004c5 	bl	4052a8 <_ZSt4sortIN9__gnu_cxx17__normal_iteratorIPmSt6vectorImSaImEEEEEvT_S7_>
  403f98:	9101e3e0 	add	x0, sp, #0x78
  403f9c:	d284a381 	mov	x1, #0x251c                	// #9500
  403fa0:	940003b2 	bl	404e68 <_ZNSt6vectorImSaImEEixEm>
  403fa4:	f9400001 	ldr	x1, [x0]
  403fa8:	f9401be0 	ldr	x0, [sp, #48]
  403fac:	f9000001 	str	x1, [x0]
  403fb0:	b94027e0 	ldr	w0, [sp, #36]
  403fb4:	11000400 	add	w0, w0, #0x1
  403fb8:	2a0003e3 	mov	w3, w0
  403fbc:	f94027e2 	ldr	x2, [sp, #72]
  403fc0:	f9402be1 	ldr	x1, [sp, #80]
  403fc4:	f9402fe0 	ldr	x0, [sp, #88]
  403fc8:	97fffe1d 	bl	40383c <_Z20build_conflict_cycleP4Nodemmj>
  403fcc:	f9402fe0 	ldr	x0, [sp, #88]
  403fd0:	f9008fe0 	str	x0, [sp, #280]
  403fd4:	f9007bff 	str	xzr, [sp, #240]
  403fd8:	14000010 	b	404018 <_Z9calibrateP4NodemmmmRmS1_j+0x1d0>
  403fdc:	f90077ff 	str	xzr, [sp, #232]
  403fe0:	14000007 	b	403ffc <_Z9calibrateP4NodemmmmRmS1_j+0x1b4>
  403fe4:	f9408fe0 	ldr	x0, [sp, #280]
  403fe8:	f9400000 	ldr	x0, [x0]
  403fec:	f9008fe0 	str	x0, [sp, #280]
  403ff0:	f94077e0 	ldr	x0, [sp, #232]
  403ff4:	91000400 	add	x0, x0, #0x1
  403ff8:	f90077e0 	str	x0, [sp, #232]
  403ffc:	f94077e1 	ldr	x1, [sp, #232]
  404000:	f94027e0 	ldr	x0, [sp, #72]
  404004:	eb00003f 	cmp	x1, x0
  404008:	54fffee3 	b.cc	403fe4 <_Z9calibrateP4NodemmmmRmS1_j+0x19c>  // b.lo, b.ul, b.last
  40400c:	f9407be0 	ldr	x0, [sp, #240]
  404010:	91000400 	add	x0, x0, #0x1
  404014:	f9007be0 	str	x0, [sp, #240]
  404018:	f9407be1 	ldr	x1, [sp, #240]
  40401c:	f94023e0 	ldr	x0, [sp, #64]
  404020:	eb00003f 	cmp	x1, x0
  404024:	54fffdc3 	b.cc	403fdc <_Z9calibrateP4NodemmmmRmS1_j+0x194>  // b.lo, b.ul, b.last
  404028:	910263e0 	add	x0, sp, #0x98
  40402c:	9400036d 	bl	404de0 <_ZNSaImEC1Ev>
  404030:	910263e1 	add	x1, sp, #0x98
  404034:	910183e0 	add	x0, sp, #0x60
  404038:	aa0103e2 	mov	x2, x1
  40403c:	d284e201 	mov	x1, #0x2710                	// #10000
  404040:	94000370 	bl	404e00 <_ZNSt6vectorImSaImEEC1EmRKS0_>
  404044:	910263e0 	add	x0, sp, #0x98
  404048:	9400030d 	bl	404c7c <_ZNSaImED1Ev>
  40404c:	f90073ff 	str	xzr, [sp, #224]
  404050:	1400002e 	b	404108 <_Z9calibrateP4NodemmmmRmS1_j+0x2c0>
  404054:	f9006fff 	str	xzr, [sp, #216]
  404058:	14000007 	b	404074 <_Z9calibrateP4NodemmmmRmS1_j+0x22c>
  40405c:	f9408fe0 	ldr	x0, [sp, #280]
  404060:	f9400000 	ldr	x0, [x0]
  404064:	f9008fe0 	str	x0, [sp, #280]
  404068:	f9406fe0 	ldr	x0, [sp, #216]
  40406c:	91000400 	add	x0, x0, #0x1
  404070:	f9006fe0 	str	x0, [sp, #216]
  404074:	f94027e0 	ldr	x0, [sp, #72]
  404078:	d1000400 	sub	x0, x0, #0x1
  40407c:	f9406fe1 	ldr	x1, [sp, #216]
  404080:	eb00003f 	cmp	x1, x0
  404084:	54fffec3 	b.cc	40405c <_Z9calibrateP4NodemmmmRmS1_j+0x214>  // b.lo, b.ul, b.last
  404088:	97fffa25 	bl	40291c <_ZL9tsc_startv>
  40408c:	f9005fe0 	str	x0, [sp, #184]
  404090:	f9408fe0 	ldr	x0, [sp, #280]
  404094:	f9400000 	ldr	x0, [x0]
  404098:	f9006be0 	str	x0, [sp, #208]
  40409c:	f90067ff 	str	xzr, [sp, #200]
  4040a0:	14000007 	b	4040bc <_Z9calibrateP4NodemmmmRmS1_j+0x274>
  4040a4:	f9406be0 	ldr	x0, [sp, #208]
  4040a8:	f9400000 	ldr	x0, [x0]
  4040ac:	f9006be0 	str	x0, [sp, #208]
  4040b0:	f94067e0 	ldr	x0, [sp, #200]
  4040b4:	91000400 	add	x0, x0, #0x1
  4040b8:	f90067e0 	str	x0, [sp, #200]
  4040bc:	f94067e1 	ldr	x1, [sp, #200]
  4040c0:	f9401fe0 	ldr	x0, [sp, #56]
  4040c4:	eb00003f 	cmp	x1, x0
  4040c8:	54fffee3 	b.cc	4040a4 <_Z9calibrateP4NodemmmmRmS1_j+0x25c>  // b.lo, b.ul, b.last
  4040cc:	97fffa19 	bl	402930 <_ZL8tsc_stopv>
  4040d0:	f9005be0 	str	x0, [sp, #176]
  4040d4:	910183e0 	add	x0, sp, #0x60
  4040d8:	f94073e1 	ldr	x1, [sp, #224]
  4040dc:	94000363 	bl	404e68 <_ZNSt6vectorImSaImEEixEm>
  4040e0:	aa0003e2 	mov	x2, x0
  4040e4:	f9405be1 	ldr	x1, [sp, #176]
  4040e8:	f9405fe0 	ldr	x0, [sp, #184]
  4040ec:	cb000020 	sub	x0, x1, x0
  4040f0:	f9000040 	str	x0, [x2]
  4040f4:	f9402fe0 	ldr	x0, [sp, #88]
  4040f8:	f9008fe0 	str	x0, [sp, #280]
  4040fc:	f94073e0 	ldr	x0, [sp, #224]
  404100:	91000400 	add	x0, x0, #0x1
  404104:	f90073e0 	str	x0, [sp, #224]
  404108:	f94073e1 	ldr	x1, [sp, #224]
  40410c:	d284e1e0 	mov	x0, #0x270f                	// #9999
  404110:	eb00003f 	cmp	x1, x0
  404114:	54fffa09 	b.ls	404054 <_Z9calibrateP4NodemmmmRmS1_j+0x20c>  // b.plast
  404118:	910183e0 	add	x0, sp, #0x60
  40411c:	94000367 	bl	404eb8 <_ZNSt6vectorImSaImEE5beginEv>
  404120:	aa0003f3 	mov	x19, x0
  404124:	910183e0 	add	x0, sp, #0x60
  404128:	9400036d 	bl	404edc <_ZNSt6vectorImSaImEE3endEv>
  40412c:	aa0003e1 	mov	x1, x0
  404130:	aa1303e0 	mov	x0, x19
  404134:	9400045d 	bl	4052a8 <_ZSt4sortIN9__gnu_cxx17__normal_iteratorIPmSt6vectorImSaImEEEEEvT_S7_>
  404138:	910183e0 	add	x0, sp, #0x60
  40413c:	d2803e81 	mov	x1, #0x1f4                 	// #500
  404140:	9400034a 	bl	404e68 <_ZNSt6vectorImSaImEEixEm>
  404144:	f9400001 	ldr	x1, [x0]
  404148:	f94017e0 	ldr	x0, [sp, #40]
  40414c:	f9000001 	str	x1, [x0]
  404150:	910183e0 	add	x0, sp, #0x60
  404154:	940002e6 	bl	404cec <_ZNSt6vectorImSaImEED1Ev>
  404158:	9101e3e0 	add	x0, sp, #0x78
  40415c:	940002e4 	bl	404cec <_ZNSt6vectorImSaImEED1Ev>
  404160:	14000013 	b	4041ac <_Z9calibrateP4NodemmmmRmS1_j+0x364>
  404164:	aa0003f3 	mov	x19, x0
  404168:	910243e0 	add	x0, sp, #0x90
  40416c:	940002c4 	bl	404c7c <_ZNSaImED1Ev>
  404170:	aa1303e0 	mov	x0, x19
  404174:	97fff6eb 	bl	401d20 <_Unwind_Resume@plt>
  404178:	aa0003f3 	mov	x19, x0
  40417c:	910263e0 	add	x0, sp, #0x98
  404180:	940002bf 	bl	404c7c <_ZNSaImED1Ev>
  404184:	14000006 	b	40419c <_Z9calibrateP4NodemmmmRmS1_j+0x354>
  404188:	aa0003f3 	mov	x19, x0
  40418c:	910183e0 	add	x0, sp, #0x60
  404190:	940002d7 	bl	404cec <_ZNSt6vectorImSaImEED1Ev>
  404194:	14000002 	b	40419c <_Z9calibrateP4NodemmmmRmS1_j+0x354>
  404198:	aa0003f3 	mov	x19, x0
  40419c:	9101e3e0 	add	x0, sp, #0x78
  4041a0:	940002d3 	bl	404cec <_ZNSt6vectorImSaImEED1Ev>
  4041a4:	aa1303e0 	mov	x0, x19
  4041a8:	97fff6de 	bl	401d20 <_Unwind_Resume@plt>
  4041ac:	f9400bf3 	ldr	x19, [sp, #16]
  4041b0:	a8d27bfd 	ldp	x29, x30, [sp], #288
  4041b4:	d65f03c0 	ret

00000000004041b8 <main>:
  4041b8:	d11843ff 	sub	sp, sp, #0x610
  4041bc:	a9017bfd 	stp	x29, x30, [sp, #16]
  4041c0:	910043fd 	add	x29, sp, #0x10
  4041c4:	f90013f3 	str	x19, [sp, #32]
  4041c8:	b9003fe0 	str	w0, [sp, #60]
  4041cc:	f9001be1 	str	x1, [sp, #48]
  4041d0:	9112e3e0 	add	x0, sp, #0x4b8
  4041d4:	d2802101 	mov	x1, #0x108                 	// #264
  4041d8:	aa0103e2 	mov	x2, x1
  4041dc:	52800001 	mov	w1, #0x0                   	// #0
  4041e0:	97fff614 	bl	401a30 <memset@plt>
  4041e4:	9112e3e0 	add	x0, sp, #0x4b8
  4041e8:	97fff686 	bl	401c00 <_ZNSt7__cxx1112basic_stringIcSt11char_traitsIcESaIcEEC1Ev@plt>
  4041ec:	9112e3e0 	add	x0, sp, #0x4b8
  4041f0:	91008000 	add	x0, x0, #0x20
  4041f4:	97fff683 	bl	401c00 <_ZNSt7__cxx1112basic_stringIcSt11char_traitsIcESaIcEEC1Ev@plt>
  4041f8:	9112e3e0 	add	x0, sp, #0x4b8
  4041fc:	91010000 	add	x0, x0, #0x40
  404200:	97fff680 	bl	401c00 <_ZNSt7__cxx1112basic_stringIcSt11char_traitsIcESaIcEEC1Ev@plt>
  404204:	9112e3e0 	add	x0, sp, #0x4b8
  404208:	91026000 	add	x0, x0, #0x98
  40420c:	97fff67d 	bl	401c00 <_ZNSt7__cxx1112basic_stringIcSt11char_traitsIcESaIcEEC1Ev@plt>
  404210:	9112e3e0 	add	x0, sp, #0x4b8
  404214:	9102e000 	add	x0, x0, #0xb8
  404218:	97fff67a 	bl	401c00 <_ZNSt7__cxx1112basic_stringIcSt11char_traitsIcESaIcEEC1Ev@plt>
  40421c:	f902cbff 	str	xzr, [sp, #1424]
  404220:	f902cfff 	str	xzr, [sp, #1432]
  404224:	f902d3ff 	str	xzr, [sp, #1440]
  404228:	9112e3e0 	add	x0, sp, #0x4b8
  40422c:	91036000 	add	x0, x0, #0xd8
  404230:	94000204 	bl	404a40 <_ZNSt6vectorImSaImEEC1Ev>
  404234:	f902d7ff 	str	xzr, [sp, #1448]
  404238:	f902dbff 	str	xzr, [sp, #1456]
  40423c:	f902dfff 	str	xzr, [sp, #1464]
  404240:	9112e3e0 	add	x0, sp, #0x4b8
  404244:	9103c000 	add	x0, x0, #0xf0
  404248:	940001fe 	bl	404a40 <_ZNSt6vectorImSaImEEC1Ev>
  40424c:	9112e3e0 	add	x0, sp, #0x4b8
  404250:	aa0003e2 	mov	x2, x0
  404254:	f9401be1 	ldr	x1, [sp, #48]
  404258:	b9403fe0 	ldr	w0, [sp, #60]
  40425c:	97fffa0b 	bl	402a88 <_Z10parse_argsiPPcR6Config>
  404260:	12001c00 	and	w0, w0, #0xff
  404264:	52000000 	eor	w0, w0, #0x1
  404268:	12001c00 	and	w0, w0, #0xff
  40426c:	7100001f 	cmp	w0, #0x0
  404270:	54000060 	b.eq	40427c <main+0xc4>  // b.none
  404274:	52800033 	mov	w19, #0x1                   	// #1
  404278:	14000162 	b	404800 <main+0x648>
  40427c:	9112e3e0 	add	x0, sp, #0x4b8
  404280:	97fff694 	bl	401cd0 <_ZNKSt7__cxx1112basic_stringIcSt11char_traitsIcESaIcEE5emptyEv@plt>
  404284:	12001c00 	and	w0, w0, #0xff
  404288:	7100001f 	cmp	w0, #0x0
  40428c:	54000341 	b.ne	4042f4 <main+0x13c>  // b.any
  404290:	9112e3e0 	add	x0, sp, #0x4b8
  404294:	91008000 	add	x0, x0, #0x20
  404298:	97fff68e 	bl	401cd0 <_ZNKSt7__cxx1112basic_stringIcSt11char_traitsIcESaIcEE5emptyEv@plt>
  40429c:	12001c00 	and	w0, w0, #0xff
  4042a0:	7100001f 	cmp	w0, #0x0
  4042a4:	54000281 	b.ne	4042f4 <main+0x13c>  // b.any
  4042a8:	9112e3e0 	add	x0, sp, #0x4b8
  4042ac:	91010000 	add	x0, x0, #0x40
  4042b0:	97fff688 	bl	401cd0 <_ZNKSt7__cxx1112basic_stringIcSt11char_traitsIcESaIcEE5emptyEv@plt>
  4042b4:	12001c00 	and	w0, w0, #0xff
  4042b8:	7100001f 	cmp	w0, #0x0
  4042bc:	540001c1 	b.ne	4042f4 <main+0x13c>  // b.any
  4042c0:	9112e3e0 	add	x0, sp, #0x4b8
  4042c4:	9103c000 	add	x0, x0, #0xf0
  4042c8:	94000427 	bl	405364 <_ZNKSt6vectorImSaImEE4sizeEv>
  4042cc:	f100041f 	cmp	x0, #0x1
  4042d0:	54000121 	b.ne	4042f4 <main+0x13c>  // b.any
  4042d4:	9112e3e0 	add	x0, sp, #0x4b8
  4042d8:	9103c000 	add	x0, x0, #0xf0
  4042dc:	d2800001 	mov	x1, #0x0                   	// #0
  4042e0:	940002e2 	bl	404e68 <_ZNSt6vectorImSaImEEixEm>
  4042e4:	f9400001 	ldr	x1, [x0]
  4042e8:	f94297e0 	ldr	x0, [sp, #1320]
  4042ec:	eb00003f 	cmp	x1, x0
  4042f0:	54000069 	b.ls	4042fc <main+0x144>  // b.plast
  4042f4:	52800020 	mov	w0, #0x1                   	// #1
  4042f8:	14000002 	b	404300 <main+0x148>
  4042fc:	52800000 	mov	w0, #0x0                   	// #0
  404300:	7100001f 	cmp	w0, #0x0
  404304:	54000100 	b.eq	404324 <main+0x16c>  // b.none
  404308:	b0000020 	adrp	x0, 409000 <_ZSt22__copy_move_backward_aILb1EN9__gnu_cxx17__normal_iteratorIPmSt6vectorImSaImEEEES6_ET1_T0_S8_S7_+0x30>
  40430c:	91342001 	add	x1, x0, #0xd08
  404310:	900000e0 	adrp	x0, 420000 <_ZNSt7__cxx1112basic_stringIcSt11char_traitsIcESaIcEEaSERKS4_@GLIBCXX_3.4.21>
  404314:	9108c000 	add	x0, x0, #0x230
  404318:	97fff5fe 	bl	401b10 <_ZStlsISt11char_traitsIcEERSt13basic_ostreamIcT_ES5_PKc@plt>
  40431c:	52800033 	mov	w19, #0x1                   	// #1
  404320:	14000138 	b	404800 <main+0x648>
  404324:	9112e3e0 	add	x0, sp, #0x4b8
  404328:	97fff5b2 	bl	4019f0 <_ZNKSt7__cxx1112basic_stringIcSt11char_traitsIcESaIcEE5c_strEv@plt>
  40432c:	97fff6ef 	bl	401ee8 <_ZL8pmu_openPKc>
  404330:	9112e3e0 	add	x0, sp, #0x4b8
  404334:	91008000 	add	x0, x0, #0x20
  404338:	aa0003e1 	mov	x1, x0
  40433c:	900000e0 	adrp	x0, 420000 <_ZNSt7__cxx1112basic_stringIcSt11char_traitsIcESaIcEEaSERKS4_@GLIBCXX_3.4.21>
  404340:	910fe000 	add	x0, x0, #0x3f8
  404344:	97fff587 	bl	401960 <_ZNSt7__cxx1112basic_stringIcSt11char_traitsIcESaIcEEaSERKS4_@plt>
  404348:	9112e3e0 	add	x0, sp, #0x4b8
  40434c:	91010000 	add	x0, x0, #0x40
  404350:	aa0003e1 	mov	x1, x0
  404354:	900000e0 	adrp	x0, 420000 <_ZNSt7__cxx1112basic_stringIcSt11char_traitsIcESaIcEEaSERKS4_@GLIBCXX_3.4.21>
  404358:	91106000 	add	x0, x0, #0x418
  40435c:	97fff581 	bl	401960 <_ZNSt7__cxx1112basic_stringIcSt11char_traitsIcESaIcEEaSERKS4_@plt>
  404360:	f94293e1 	ldr	x1, [sp, #1312]
  404364:	f9428fe0 	ldr	x0, [sp, #1304]
  404368:	9b007c20 	mul	x0, x1, x0
  40436c:	f90307e0 	str	x0, [sp, #1544]
  404370:	f94297e1 	ldr	x1, [sp, #1320]
  404374:	f94307e0 	ldr	x0, [sp, #1544]
  404378:	9b007c21 	mul	x1, x1, x0
  40437c:	f94293e0 	ldr	x0, [sp, #1312]
  404380:	8b000020 	add	x0, x1, x0
  404384:	f90303e0 	str	x0, [sp, #1536]
  404388:	52800020 	mov	w0, #0x1                   	// #1
  40438c:	3917ffe0 	strb	w0, [sp, #1535]
  404390:	f9025bff 	str	xzr, [sp, #1200]
  404394:	9112c3e0 	add	x0, sp, #0x4b0
  404398:	aa0003e2 	mov	x2, x0
  40439c:	3957ffe1 	ldrb	w1, [sp, #1535]
  4043a0:	f94303e0 	ldr	x0, [sp, #1536]
  4043a4:	97fffcad 	bl	403658 <_Z15allocate_buffermbRm>
  4043a8:	f902fbe0 	str	x0, [sp, #1520]
  4043ac:	f942fbe0 	ldr	x0, [sp, #1520]
  4043b0:	f902f7e0 	str	x0, [sp, #1512]
  4043b4:	f94297e0 	ldr	x0, [sp, #1320]
  4043b8:	f9429fe1 	ldr	x1, [sp, #1336]
  4043bc:	f942a3e2 	ldr	x2, [sp, #1344]
  4043c0:	b9454be5 	ldr	w5, [sp, #1352]
  4043c4:	911283e4 	add	x4, sp, #0x4a0
  4043c8:	9112a3e3 	add	x3, sp, #0x4a8
  4043cc:	2a0503e7 	mov	w7, w5
  4043d0:	aa0403e6 	mov	x6, x4
  4043d4:	aa0303e5 	mov	x5, x3
  4043d8:	aa0203e4 	mov	x4, x2
  4043dc:	aa0103e3 	mov	x3, x1
  4043e0:	aa0003e2 	mov	x2, x0
  4043e4:	f94307e1 	ldr	x1, [sp, #1544]
  4043e8:	f942f7e0 	ldr	x0, [sp, #1512]
  4043ec:	97fffe97 	bl	403e48 <_Z9calibrateP4NodemmmmRmS1_j>
  4043f0:	b0000020 	adrp	x0, 409000 <_ZSt22__copy_move_backward_aILb1EN9__gnu_cxx17__normal_iteratorIPmSt6vectorImSaImEEEES6_ET1_T0_S8_S7_+0x30>
  4043f4:	9134e001 	add	x1, x0, #0xd38
  4043f8:	900000e0 	adrp	x0, 420000 <_ZNSt7__cxx1112basic_stringIcSt11char_traitsIcESaIcEEaSERKS4_@GLIBCXX_3.4.21>
  4043fc:	9108c000 	add	x0, x0, #0x230
  404400:	97fff5c4 	bl	401b10 <_ZStlsISt11char_traitsIcEERSt13basic_ostreamIcT_ES5_PKc@plt>
  404404:	aa0003e2 	mov	x2, x0
  404408:	f94257e0 	ldr	x0, [sp, #1192]
  40440c:	aa0003e1 	mov	x1, x0
  404410:	aa0203e0 	mov	x0, x2
  404414:	97fff55b 	bl	401980 <_ZNSolsEm@plt>
  404418:	aa0003e2 	mov	x2, x0
  40441c:	b0000020 	adrp	x0, 409000 <_ZSt22__copy_move_backward_aILb1EN9__gnu_cxx17__normal_iteratorIPmSt6vectorImSaImEEEES6_ET1_T0_S8_S7_+0x30>
  404420:	91354001 	add	x1, x0, #0xd50
  404424:	aa0203e0 	mov	x0, x2
  404428:	97fff5ba 	bl	401b10 <_ZStlsISt11char_traitsIcEERSt13basic_ostreamIcT_ES5_PKc@plt>
  40442c:	aa0003e2 	mov	x2, x0
  404430:	f942a3e0 	ldr	x0, [sp, #1344]
  404434:	aa0003e1 	mov	x1, x0
  404438:	aa0203e0 	mov	x0, x2
  40443c:	97fff551 	bl	401980 <_ZNSolsEm@plt>
  404440:	aa0003e2 	mov	x2, x0
  404444:	b0000020 	adrp	x0, 409000 <_ZSt22__copy_move_backward_aILb1EN9__gnu_cxx17__normal_iteratorIPmSt6vectorImSaImEEEES6_ET1_T0_S8_S7_+0x30>
  404448:	91302001 	add	x1, x0, #0xc08
  40444c:	aa0203e0 	mov	x0, x2
  404450:	97fff5b0 	bl	401b10 <_ZStlsISt11char_traitsIcEERSt13basic_ostreamIcT_ES5_PKc@plt>
  404454:	b0000020 	adrp	x0, 409000 <_ZSt22__copy_move_backward_aILb1EN9__gnu_cxx17__normal_iteratorIPmSt6vectorImSaImEEEES6_ET1_T0_S8_S7_+0x30>
  404458:	9135a001 	add	x1, x0, #0xd68
  40445c:	900000e0 	adrp	x0, 420000 <_ZNSt7__cxx1112basic_stringIcSt11char_traitsIcESaIcEEaSERKS4_@GLIBCXX_3.4.21>
  404460:	9108c000 	add	x0, x0, #0x230
  404464:	97fff5ab 	bl	401b10 <_ZStlsISt11char_traitsIcEERSt13basic_ostreamIcT_ES5_PKc@plt>
  404468:	aa0003e2 	mov	x2, x0
  40446c:	f94253e0 	ldr	x0, [sp, #1184]
  404470:	aa0003e1 	mov	x1, x0
  404474:	aa0203e0 	mov	x0, x2
  404478:	97fff542 	bl	401980 <_ZNSolsEm@plt>
  40447c:	aa0003e2 	mov	x2, x0
  404480:	b0000020 	adrp	x0, 409000 <_ZSt22__copy_move_backward_aILb1EN9__gnu_cxx17__normal_iteratorIPmSt6vectorImSaImEEEES6_ET1_T0_S8_S7_+0x30>
  404484:	91360001 	add	x1, x0, #0xd80
  404488:	aa0203e0 	mov	x0, x2
  40448c:	97fff5a1 	bl	401b10 <_ZStlsISt11char_traitsIcEERSt13basic_ostreamIcT_ES5_PKc@plt>
  404490:	9112e3e0 	add	x0, sp, #0x4b8
  404494:	91026001 	add	x1, x0, #0x98
  404498:	910a63e0 	add	x0, sp, #0x298
  40449c:	52800202 	mov	w2, #0x10                  	// #16
  4044a0:	97fff630 	bl	401d60 <_ZNSt14basic_ofstreamIcSt11char_traitsIcEEC1ERKNSt7__cxx1112basic_stringIcS1_SaIcEEESt13_Ios_Openmode@plt>
  4044a4:	910a63e2 	add	x2, sp, #0x298
  4044a8:	b0000020 	adrp	x0, 409000 <_ZSt22__copy_move_backward_aILb1EN9__gnu_cxx17__normal_iteratorIPmSt6vectorImSaImEEEES6_ET1_T0_S8_S7_+0x30>
  4044ac:	91362001 	add	x1, x0, #0xd88
  4044b0:	aa0203e0 	mov	x0, x2
  4044b4:	97fff597 	bl	401b10 <_ZStlsISt11char_traitsIcEERSt13basic_ostreamIcT_ES5_PKc@plt>
  4044b8:	910243e0 	add	x0, sp, #0x90
  4044bc:	97fff609 	bl	401ce0 <_ZNSt14basic_ofstreamIcSt11char_traitsIcEEC1Ev@plt>
  4044c0:	9112e3e0 	add	x0, sp, #0x4b8
  4044c4:	9102e000 	add	x0, x0, #0xb8
  4044c8:	97fff602 	bl	401cd0 <_ZNKSt7__cxx1112basic_stringIcSt11char_traitsIcESaIcEE5emptyEv@plt>
  4044cc:	12001c00 	and	w0, w0, #0xff
  4044d0:	52000000 	eor	w0, w0, #0x1
  4044d4:	12001c00 	and	w0, w0, #0xff
  4044d8:	7100001f 	cmp	w0, #0x0
  4044dc:	54000160 	b.eq	404508 <main+0x350>  // b.none
  4044e0:	9112e3e0 	add	x0, sp, #0x4b8
  4044e4:	91036000 	add	x0, x0, #0xd8
  4044e8:	940003a9 	bl	40538c <_ZNKSt6vectorImSaImEE5emptyEv>
  4044ec:	12001c00 	and	w0, w0, #0xff
  4044f0:	52000000 	eor	w0, w0, #0x1
  4044f4:	12001c00 	and	w0, w0, #0xff
  4044f8:	7100001f 	cmp	w0, #0x0
  4044fc:	54000060 	b.eq	404508 <main+0x350>  // b.none
  404500:	52800020 	mov	w0, #0x1                   	// #1
  404504:	14000002 	b	40450c <main+0x354>
  404508:	52800000 	mov	w0, #0x0                   	// #0
  40450c:	39179fe0 	strb	w0, [sp, #1511]
  404510:	39579fe0 	ldrb	w0, [sp, #1511]
  404514:	7100001f 	cmp	w0, #0x0
  404518:	54000160 	b.eq	404544 <main+0x38c>  // b.none
  40451c:	9112e3e0 	add	x0, sp, #0x4b8
  404520:	9102e001 	add	x1, x0, #0xb8
  404524:	910243e0 	add	x0, sp, #0x90
  404528:	52800202 	mov	w2, #0x10                  	// #16
  40452c:	97fff535 	bl	401a00 <_ZNSt14basic_ofstreamIcSt11char_traitsIcEE4openERKNSt7__cxx1112basic_stringIcS1_SaIcEEESt13_Ios_Openmode@plt>
  404530:	910243e2 	add	x2, sp, #0x90
  404534:	b0000020 	adrp	x0, 409000 <_ZSt22__copy_move_backward_aILb1EN9__gnu_cxx17__normal_iteratorIPmSt6vectorImSaImEEEES6_ET1_T0_S8_S7_+0x30>
  404538:	9136c001 	add	x1, x0, #0xdb0
  40453c:	aa0203e0 	mov	x0, x2
  404540:	97fff574 	bl	401b10 <_ZStlsISt11char_traitsIcEERSt13basic_ostreamIcT_ES5_PKc@plt>
  404544:	9101e3e0 	add	x0, sp, #0x78
  404548:	9400013e 	bl	404a40 <_ZNSt6vectorImSaImEEC1Ev>
  40454c:	9112e3e0 	add	x0, sp, #0x4b8
  404550:	9103c000 	add	x0, x0, #0xf0
  404554:	9400038e 	bl	40538c <_ZNKSt6vectorImSaImEE5emptyEv>
  404558:	12001c00 	and	w0, w0, #0xff
  40455c:	52000000 	eor	w0, w0, #0x1
  404560:	12001c00 	and	w0, w0, #0xff
  404564:	7100001f 	cmp	w0, #0x0
  404568:	540000c0 	b.eq	404580 <main+0x3c8>  // b.none
  40456c:	9112e3e0 	add	x0, sp, #0x4b8
  404570:	9103c001 	add	x1, x0, #0xf0
  404574:	9101e3e0 	add	x0, sp, #0x78
  404578:	94000396 	bl	4053d0 <_ZNSt6vectorImSaImEEaSERKS1_>
  40457c:	1400000e 	b	4045b4 <main+0x3fc>
  404580:	d2800020 	mov	x0, #0x1                   	// #1
  404584:	f9003be0 	str	x0, [sp, #112]
  404588:	14000007 	b	4045a4 <main+0x3ec>
  40458c:	9101c3e1 	add	x1, sp, #0x70
  404590:	9101e3e0 	add	x0, sp, #0x78
  404594:	9400031b 	bl	405200 <_ZNSt6vectorImSaImEE9push_backERKm>
  404598:	f9403be0 	ldr	x0, [sp, #112]
  40459c:	91000400 	add	x0, x0, #0x1
  4045a0:	f9003be0 	str	x0, [sp, #112]
  4045a4:	f94297e1 	ldr	x1, [sp, #1320]
  4045a8:	f9403be0 	ldr	x0, [sp, #112]
  4045ac:	eb00003f 	cmp	x1, x0
  4045b0:	54fffee2 	b.cs	40458c <main+0x3d4>  // b.hs, b.nlast
  4045b4:	9101e3e0 	add	x0, sp, #0x78
  4045b8:	f902efe0 	str	x0, [sp, #1496]
  4045bc:	f942efe0 	ldr	x0, [sp, #1496]
  4045c0:	9400023e 	bl	404eb8 <_ZNSt6vectorImSaImEE5beginEv>
  4045c4:	f90033e0 	str	x0, [sp, #96]
  4045c8:	f942efe0 	ldr	x0, [sp, #1496]
  4045cc:	94000244 	bl	404edc <_ZNSt6vectorImSaImEE3endEv>
  4045d0:	f9002fe0 	str	x0, [sp, #88]
  4045d4:	14000073 	b	4047a0 <main+0x5e8>
  4045d8:	910183e0 	add	x0, sp, #0x60
  4045dc:	9400035c 	bl	40534c <_ZNK9__gnu_cxx17__normal_iteratorIPmSt6vectorImSaImEEEdeEv>
  4045e0:	f9400000 	ldr	x0, [x0]
  4045e4:	f90037e0 	str	x0, [sp, #104]
  4045e8:	39579fe0 	ldrb	w0, [sp, #1511]
  4045ec:	7100001f 	cmp	w0, #0x0
  4045f0:	54000340 	b.eq	404658 <main+0x4a0>  // b.none
  4045f4:	9112e3e0 	add	x0, sp, #0x4b8
  4045f8:	91036000 	add	x0, x0, #0xd8
  4045fc:	9400022f 	bl	404eb8 <_ZNSt6vectorImSaImEE5beginEv>
  404600:	aa0003f3 	mov	x19, x0
  404604:	9112e3e0 	add	x0, sp, #0x4b8
  404608:	91036000 	add	x0, x0, #0xd8
  40460c:	94000234 	bl	404edc <_ZNSt6vectorImSaImEE3endEv>
  404610:	aa0003e1 	mov	x1, x0
  404614:	9101a3e0 	add	x0, sp, #0x68
  404618:	aa0003e2 	mov	x2, x0
  40461c:	aa1303e0 	mov	x0, x19
  404620:	94000430 	bl	4056e0 <_ZSt4findIN9__gnu_cxx17__normal_iteratorIPmSt6vectorImSaImEEEEmET_S7_S7_RKT0_>
  404624:	f902e3e0 	str	x0, [sp, #1472]
  404628:	9112e3e0 	add	x0, sp, #0x4b8
  40462c:	91036000 	add	x0, x0, #0xd8
  404630:	9400022b 	bl	404edc <_ZNSt6vectorImSaImEE3endEv>
  404634:	f902e7e0 	str	x0, [sp, #1480]
  404638:	911723e1 	add	x1, sp, #0x5c8
  40463c:	911703e0 	add	x0, sp, #0x5c0
  404640:	94000328 	bl	4052e0 <_ZN9__gnu_cxxneIPmSt6vectorImSaImEEEEbRKNS_17__normal_iteratorIT_T0_EESA_>
  404644:	12001c00 	and	w0, w0, #0xff
  404648:	7100001f 	cmp	w0, #0x0
  40464c:	54000060 	b.eq	404658 <main+0x4a0>  // b.none
  404650:	52800020 	mov	w0, #0x1                   	// #1
  404654:	14000002 	b	40465c <main+0x4a4>
  404658:	52800000 	mov	w0, #0x0                   	// #0
  40465c:	39175fe0 	strb	w0, [sp, #1495]
  404660:	f94037e2 	ldr	x2, [sp, #104]
  404664:	f9429be3 	ldr	x3, [sp, #1328]
  404668:	f9429fe4 	ldr	x4, [sp, #1336]
  40466c:	f942a3e5 	ldr	x5, [sp, #1344]
  404670:	f94257e6 	ldr	x6, [sp, #1192]
  404674:	f94253e7 	ldr	x7, [sp, #1184]
  404678:	b9454be1 	ldr	w1, [sp, #1352]
  40467c:	f94037e0 	ldr	x0, [sp, #104]
  404680:	2a0003e8 	mov	w8, w0
  404684:	52800c80 	mov	w0, #0x64                  	// #100
  404688:	1b007d00 	mul	w0, w8, w0
  40468c:	0b000021 	add	w1, w1, w0
  404690:	39575fe0 	ldrb	w0, [sp, #1495]
  404694:	7100001f 	cmp	w0, #0x0
  404698:	54000060 	b.eq	4046a4 <main+0x4ec>  // b.none
  40469c:	910243e0 	add	x0, sp, #0x90
  4046a0:	14000002 	b	4046a8 <main+0x4f0>
  4046a4:	d2800000 	mov	x0, #0x0                   	// #0
  4046a8:	f90007e0 	str	x0, [sp, #8]
  4046ac:	b90003e1 	str	w1, [sp]
  4046b0:	f94307e1 	ldr	x1, [sp, #1544]
  4046b4:	f942f7e0 	ldr	x0, [sp, #1512]
  4046b8:	97fffce0 	bl	403a38 <_Z9measure_KP4NodemmmmmmmjPSt14basic_ofstreamIcSt11char_traitsIcEE>
  4046bc:	1e604002 	fmov	d2, d0
  4046c0:	1e604020 	fmov	d0, d1
  4046c4:	fd0027e2 	str	d2, [sp, #72]
  4046c8:	fd002be0 	str	d0, [sp, #80]
  4046cc:	f94037e1 	ldr	x1, [sp, #104]
  4046d0:	910a63e0 	add	x0, sp, #0x298
  4046d4:	97fff4ab 	bl	401980 <_ZNSolsEm@plt>
  4046d8:	aa0003e2 	mov	x2, x0
  4046dc:	b0000020 	adrp	x0, 409000 <_ZSt22__copy_move_backward_aILb1EN9__gnu_cxx17__normal_iteratorIPmSt6vectorImSaImEEEES6_ET1_T0_S8_S7_+0x30>
  4046e0:	91248001 	add	x1, x0, #0x920
  4046e4:	aa0203e0 	mov	x0, x2
  4046e8:	97fff50a 	bl	401b10 <_ZStlsISt11char_traitsIcEERSt13basic_ostreamIcT_ES5_PKc@plt>
  4046ec:	fd4027e0 	ldr	d0, [sp, #72]
  4046f0:	97fff598 	bl	401d50 <_ZNSolsEd@plt>
  4046f4:	aa0003e2 	mov	x2, x0
  4046f8:	b0000020 	adrp	x0, 409000 <_ZSt22__copy_move_backward_aILb1EN9__gnu_cxx17__normal_iteratorIPmSt6vectorImSaImEEEES6_ET1_T0_S8_S7_+0x30>
  4046fc:	91248001 	add	x1, x0, #0x920
  404700:	aa0203e0 	mov	x0, x2
  404704:	97fff503 	bl	401b10 <_ZStlsISt11char_traitsIcEERSt13basic_ostreamIcT_ES5_PKc@plt>
  404708:	fd402be0 	ldr	d0, [sp, #80]
  40470c:	97fff591 	bl	401d50 <_ZNSolsEd@plt>
  404710:	aa0003e2 	mov	x2, x0
  404714:	b0000020 	adrp	x0, 409000 <_ZSt22__copy_move_backward_aILb1EN9__gnu_cxx17__normal_iteratorIPmSt6vectorImSaImEEEES6_ET1_T0_S8_S7_+0x30>
  404718:	912e6001 	add	x1, x0, #0xb98
  40471c:	aa0203e0 	mov	x0, x2
  404720:	97fff4fc 	bl	401b10 <_ZStlsISt11char_traitsIcEERSt13basic_ostreamIcT_ES5_PKc@plt>
  404724:	b0000020 	adrp	x0, 409000 <_ZSt22__copy_move_backward_aILb1EN9__gnu_cxx17__normal_iteratorIPmSt6vectorImSaImEEEES6_ET1_T0_S8_S7_+0x30>
  404728:	91372001 	add	x1, x0, #0xdc8
  40472c:	900000e0 	adrp	x0, 420000 <_ZNSt7__cxx1112basic_stringIcSt11char_traitsIcESaIcEEaSERKS4_@GLIBCXX_3.4.21>
  404730:	9108c000 	add	x0, x0, #0x230
  404734:	97fff4f7 	bl	401b10 <_ZStlsISt11char_traitsIcEERSt13basic_ostreamIcT_ES5_PKc@plt>
  404738:	aa0003e2 	mov	x2, x0
  40473c:	f94037e0 	ldr	x0, [sp, #104]
  404740:	aa0003e1 	mov	x1, x0
  404744:	aa0203e0 	mov	x0, x2
  404748:	97fff48e 	bl	401980 <_ZNSolsEm@plt>
  40474c:	aa0003e2 	mov	x2, x0
  404750:	b0000020 	adrp	x0, 409000 <_ZSt22__copy_move_backward_aILb1EN9__gnu_cxx17__normal_iteratorIPmSt6vectorImSaImEEEES6_ET1_T0_S8_S7_+0x30>
  404754:	91374001 	add	x1, x0, #0xdd0
  404758:	aa0203e0 	mov	x0, x2
  40475c:	97fff4ed 	bl	401b10 <_ZStlsISt11char_traitsIcEERSt13basic_ostreamIcT_ES5_PKc@plt>
  404760:	fd4027e0 	ldr	d0, [sp, #72]
  404764:	97fff57b 	bl	401d50 <_ZNSolsEd@plt>
  404768:	aa0003e2 	mov	x2, x0
  40476c:	b0000020 	adrp	x0, 409000 <_ZSt22__copy_move_backward_aILb1EN9__gnu_cxx17__normal_iteratorIPmSt6vectorImSaImEEEES6_ET1_T0_S8_S7_+0x30>
  404770:	91376001 	add	x1, x0, #0xdd8
  404774:	aa0203e0 	mov	x0, x2
  404778:	97fff4e6 	bl	401b10 <_ZStlsISt11char_traitsIcEERSt13basic_ostreamIcT_ES5_PKc@plt>
  40477c:	fd402be0 	ldr	d0, [sp, #80]
  404780:	97fff574 	bl	401d50 <_ZNSolsEd@plt>
  404784:	aa0003e2 	mov	x2, x0
  404788:	b0000020 	adrp	x0, 409000 <_ZSt22__copy_move_backward_aILb1EN9__gnu_cxx17__normal_iteratorIPmSt6vectorImSaImEEEES6_ET1_T0_S8_S7_+0x30>
  40478c:	912e6001 	add	x1, x0, #0xb98
  404790:	aa0203e0 	mov	x0, x2
  404794:	97fff4df 	bl	401b10 <_ZStlsISt11char_traitsIcEERSt13basic_ostreamIcT_ES5_PKc@plt>
  404798:	910183e0 	add	x0, sp, #0x60
  40479c:	940002e2 	bl	405324 <_ZN9__gnu_cxx17__normal_iteratorIPmSt6vectorImSaImEEEppEv>
  4047a0:	910163e1 	add	x1, sp, #0x58
  4047a4:	910183e0 	add	x0, sp, #0x60
  4047a8:	940002ce 	bl	4052e0 <_ZN9__gnu_cxxneIPmSt6vectorImSaImEEEEbRKNS_17__normal_iteratorIT_T0_EESA_>
  4047ac:	12001c00 	and	w0, w0, #0xff
  4047b0:	7100001f 	cmp	w0, #0x0
  4047b4:	54fff121 	b.ne	4045d8 <main+0x420>  // b.any
  4047b8:	910a63e0 	add	x0, sp, #0x298
  4047bc:	97fff519 	bl	401c20 <_ZNSt14basic_ofstreamIcSt11char_traitsIcEE5closeEv@plt>
  4047c0:	39579fe0 	ldrb	w0, [sp, #1511]
  4047c4:	7100001f 	cmp	w0, #0x0
  4047c8:	54000060 	b.eq	4047d4 <main+0x61c>  // b.none
  4047cc:	910243e0 	add	x0, sp, #0x90
  4047d0:	97fff514 	bl	401c20 <_ZNSt14basic_ofstreamIcSt11char_traitsIcEE5closeEv@plt>
  4047d4:	f9425be0 	ldr	x0, [sp, #1200]
  4047d8:	aa0003e1 	mov	x1, x0
  4047dc:	f942fbe0 	ldr	x0, [sp, #1520]
  4047e0:	97fff4dc 	bl	401b50 <munmap@plt>
  4047e4:	52800013 	mov	w19, #0x0                   	// #0
  4047e8:	9101e3e0 	add	x0, sp, #0x78
  4047ec:	94000140 	bl	404cec <_ZNSt6vectorImSaImEED1Ev>
  4047f0:	910243e0 	add	x0, sp, #0x90
  4047f4:	97fff51f 	bl	401c70 <_ZNSt14basic_ofstreamIcSt11char_traitsIcEED1Ev@plt>
  4047f8:	910a63e0 	add	x0, sp, #0x298
  4047fc:	97fff51d 	bl	401c70 <_ZNSt14basic_ofstreamIcSt11char_traitsIcEED1Ev@plt>
  404800:	9112e3e0 	add	x0, sp, #0x4b8
  404804:	94000099 	bl	404a68 <_ZN6ConfigD1Ev>
  404808:	2a1303e0 	mov	w0, w19
  40480c:	14000012 	b	404854 <main+0x69c>
  404810:	aa0003f3 	mov	x19, x0
  404814:	9101e3e0 	add	x0, sp, #0x78
  404818:	94000135 	bl	404cec <_ZNSt6vectorImSaImEED1Ev>
  40481c:	14000002 	b	404824 <main+0x66c>
  404820:	aa0003f3 	mov	x19, x0
  404824:	910243e0 	add	x0, sp, #0x90
  404828:	97fff512 	bl	401c70 <_ZNSt14basic_ofstreamIcSt11char_traitsIcEED1Ev@plt>
  40482c:	14000002 	b	404834 <main+0x67c>
  404830:	aa0003f3 	mov	x19, x0
  404834:	910a63e0 	add	x0, sp, #0x298
  404838:	97fff50e 	bl	401c70 <_ZNSt14basic_ofstreamIcSt11char_traitsIcEED1Ev@plt>
  40483c:	14000002 	b	404844 <main+0x68c>
  404840:	aa0003f3 	mov	x19, x0
  404844:	9112e3e0 	add	x0, sp, #0x4b8
  404848:	94000088 	bl	404a68 <_ZN6ConfigD1Ev>
  40484c:	aa1303e0 	mov	x0, x19
  404850:	97fff534 	bl	401d20 <_Unwind_Resume@plt>
  404854:	f94013f3 	ldr	x19, [sp, #32]
  404858:	a9417bfd 	ldp	x29, x30, [sp, #16]
  40485c:	911843ff 	add	sp, sp, #0x610
  404860:	d65f03c0 	ret

0000000000404864 <_Z41__static_initialization_and_destruction_0ii>:
  404864:	a9be7bfd 	stp	x29, x30, [sp, #-32]!
  404868:	910003fd 	mov	x29, sp
  40486c:	b9001fe0 	str	w0, [sp, #28]
  404870:	b9001be1 	str	w1, [sp, #24]
  404874:	b9401fe0 	ldr	w0, [sp, #28]
  404878:	7100041f 	cmp	w0, #0x1
  40487c:	54000461 	b.ne	404908 <_Z41__static_initialization_and_destruction_0ii+0xa4>  // b.any
  404880:	b9401be1 	ldr	w1, [sp, #24]
  404884:	529fffe0 	mov	w0, #0xffff                	// #65535
  404888:	6b00003f 	cmp	w1, w0
  40488c:	540003e1 	b.ne	404908 <_Z41__static_initialization_and_destruction_0ii+0xa4>  // b.any
  404890:	900000e0 	adrp	x0, 420000 <_ZNSt7__cxx1112basic_stringIcSt11char_traitsIcESaIcEEaSERKS4_@GLIBCXX_3.4.21>
  404894:	910d2000 	add	x0, x0, #0x348
  404898:	97fff4fa 	bl	401c80 <_ZNSt8ios_base4InitC1Ev@plt>
  40489c:	b0000020 	adrp	x0, 409000 <_ZSt22__copy_move_backward_aILb1EN9__gnu_cxx17__normal_iteratorIPmSt6vectorImSaImEEEES6_ET1_T0_S8_S7_+0x30>
  4048a0:	911e6002 	add	x2, x0, #0x798
  4048a4:	900000e0 	adrp	x0, 420000 <_ZNSt7__cxx1112basic_stringIcSt11char_traitsIcESaIcEEaSERKS4_@GLIBCXX_3.4.21>
  4048a8:	910d2001 	add	x1, x0, #0x348
  4048ac:	b0ffffe0 	adrp	x0, 401000 <__abi_tag+0xd88>
  4048b0:	9135c000 	add	x0, x0, #0xd70
  4048b4:	97fff4b3 	bl	401b80 <__cxa_atexit@plt>
  4048b8:	900000e0 	adrp	x0, 420000 <_ZNSt7__cxx1112basic_stringIcSt11char_traitsIcESaIcEEaSERKS4_@GLIBCXX_3.4.21>
  4048bc:	910fe000 	add	x0, x0, #0x3f8
  4048c0:	97fff4d0 	bl	401c00 <_ZNSt7__cxx1112basic_stringIcSt11char_traitsIcESaIcEEC1Ev@plt>
  4048c4:	b0000020 	adrp	x0, 409000 <_ZSt22__copy_move_backward_aILb1EN9__gnu_cxx17__normal_iteratorIPmSt6vectorImSaImEEEES6_ET1_T0_S8_S7_+0x30>
  4048c8:	911e6002 	add	x2, x0, #0x798
  4048cc:	900000e0 	adrp	x0, 420000 <_ZNSt7__cxx1112basic_stringIcSt11char_traitsIcESaIcEEaSERKS4_@GLIBCXX_3.4.21>
  4048d0:	910fe001 	add	x1, x0, #0x3f8
  4048d4:	b0ffffe0 	adrp	x0, 401000 <__abi_tag+0xd88>
  4048d8:	91294000 	add	x0, x0, #0xa50
  4048dc:	97fff4a9 	bl	401b80 <__cxa_atexit@plt>
  4048e0:	900000e0 	adrp	x0, 420000 <_ZNSt7__cxx1112basic_stringIcSt11char_traitsIcESaIcEEaSERKS4_@GLIBCXX_3.4.21>
  4048e4:	91106000 	add	x0, x0, #0x418
  4048e8:	97fff4c6 	bl	401c00 <_ZNSt7__cxx1112basic_stringIcSt11char_traitsIcESaIcEEC1Ev@plt>
  4048ec:	b0000020 	adrp	x0, 409000 <_ZSt22__copy_move_backward_aILb1EN9__gnu_cxx17__normal_iteratorIPmSt6vectorImSaImEEEES6_ET1_T0_S8_S7_+0x30>
  4048f0:	911e6002 	add	x2, x0, #0x798
  4048f4:	900000e0 	adrp	x0, 420000 <_ZNSt7__cxx1112basic_stringIcSt11char_traitsIcESaIcEEaSERKS4_@GLIBCXX_3.4.21>
  4048f8:	91106001 	add	x1, x0, #0x418
  4048fc:	b0ffffe0 	adrp	x0, 401000 <__abi_tag+0xd88>
  404900:	91294000 	add	x0, x0, #0xa50
  404904:	97fff49f 	bl	401b80 <__cxa_atexit@plt>
  404908:	d503201f 	nop
  40490c:	a8c27bfd 	ldp	x29, x30, [sp], #32
  404910:	d65f03c0 	ret

0000000000404914 <_GLOBAL__sub_I__Z10parse_argsiPPcR6Config>:
  404914:	a9bf7bfd 	stp	x29, x30, [sp, #-16]!
  404918:	910003fd 	mov	x29, sp
  40491c:	529fffe1 	mov	w1, #0xffff                	// #65535
  404920:	52800020 	mov	w0, #0x1                   	// #1
  404924:	97ffffd0 	bl	404864 <_Z41__static_initialization_and_destruction_0ii>
  404928:	a8c17bfd 	ldp	x29, x30, [sp], #16
  40492c:	d65f03c0 	ret

0000000000404930 <_ZnwmPv>:
  404930:	d10043ff 	sub	sp, sp, #0x10
  404934:	f90007e0 	str	x0, [sp, #8]
  404938:	f90003e1 	str	x1, [sp]
  40493c:	f94003e0 	ldr	x0, [sp]
  404940:	910043ff 	add	sp, sp, #0x10
  404944:	d65f03c0 	ret

0000000000404948 <_ZN9__gnu_cxx5__ops16__iter_less_iterEv>:
  404948:	d503201f 	nop
  40494c:	d65f03c0 	ret

0000000000404950 <_ZN9__gnu_cxx5__ops14_Iter_less_valC1ENS0_15_Iter_less_iterE>:
  404950:	d10043ff 	sub	sp, sp, #0x10
  404954:	f90007e0 	str	x0, [sp, #8]
  404958:	390003e1 	strb	w1, [sp]
  40495c:	d503201f 	nop
  404960:	910043ff 	add	sp, sp, #0x10
  404964:	d65f03c0 	ret

0000000000404968 <_ZN9__gnu_cxx5__ops15__val_comp_iterENS0_15_Iter_less_iterE>:
  404968:	d10043ff 	sub	sp, sp, #0x10
  40496c:	390023e0 	strb	w0, [sp, #8]
  404970:	d503201f 	nop
  404974:	2a0103e0 	mov	w0, w1
  404978:	910043ff 	add	sp, sp, #0x10
  40497c:	d65f03c0 	ret

0000000000404980 <_ZSt17__size_to_integerm>:
  404980:	d10043ff 	sub	sp, sp, #0x10
  404984:	f90007e0 	str	x0, [sp, #8]
  404988:	f94007e0 	ldr	x0, [sp, #8]
  40498c:	910043ff 	add	sp, sp, #0x10
  404990:	d65f03c0 	ret

0000000000404994 <_ZSt4__lgl>:
  404994:	d10043ff 	sub	sp, sp, #0x10
  404998:	f90007e0 	str	x0, [sp, #8]
  40499c:	f94007e0 	ldr	x0, [sp, #8]
  4049a0:	dac01000 	clz	x0, x0
  4049a4:	2a0003e1 	mov	w1, w0
  4049a8:	528007e0 	mov	w0, #0x3f                  	// #63
  4049ac:	4b010000 	sub	w0, w0, w1
  4049b0:	93407c00 	sxtw	x0, w0
  4049b4:	910043ff 	add	sp, sp, #0x10
  4049b8:	d65f03c0 	ret

00000000004049bc <_ZNSt7__cxx115stoulERKNS_12basic_stringIcSt11char_traitsIcESaIcEEEPmi>:
  4049bc:	a9bd7bfd 	stp	x29, x30, [sp, #-48]!
  4049c0:	910003fd 	mov	x29, sp
  4049c4:	f90017e0 	str	x0, [sp, #40]
  4049c8:	f90013e1 	str	x1, [sp, #32]
  4049cc:	b9001fe2 	str	w2, [sp, #28]
  4049d0:	f94017e0 	ldr	x0, [sp, #40]
  4049d4:	97fff407 	bl	4019f0 <_ZNKSt7__cxx1112basic_stringIcSt11char_traitsIcESaIcEE5c_strEv@plt>
  4049d8:	b9401fe4 	ldr	w4, [sp, #28]
  4049dc:	f94013e3 	ldr	x3, [sp, #32]
  4049e0:	aa0003e2 	mov	x2, x0
  4049e4:	b0000020 	adrp	x0, 409000 <_ZSt22__copy_move_backward_aILb1EN9__gnu_cxx17__normal_iteratorIPmSt6vectorImSaImEEEES6_ET1_T0_S8_S7_+0x30>
  4049e8:	911ea001 	add	x1, x0, #0x7a8
  4049ec:	b0ffffe0 	adrp	x0, 401000 <__abi_tag+0xd88>
  4049f0:	912f4000 	add	x0, x0, #0xbd0
  4049f4:	94000058 	bl	404b54 <_ZN9__gnu_cxx6__stoaImmcJiEEET0_PFT_PKT1_PPS3_DpT2_EPKcS5_PmS9_>
  4049f8:	a8c37bfd 	ldp	x29, x30, [sp], #48
  4049fc:	d65f03c0 	ret

0000000000404a00 <_ZNSt12_Vector_baseImSaImEE12_Vector_implD1Ev>:
  404a00:	a9be7bfd 	stp	x29, x30, [sp, #-32]!
  404a04:	910003fd 	mov	x29, sp
  404a08:	f9000fe0 	str	x0, [sp, #24]
  404a0c:	f9400fe0 	ldr	x0, [sp, #24]
  404a10:	9400009b 	bl	404c7c <_ZNSaImED1Ev>
  404a14:	d503201f 	nop
  404a18:	a8c27bfd 	ldp	x29, x30, [sp], #32
  404a1c:	d65f03c0 	ret

0000000000404a20 <_ZNSt12_Vector_baseImSaImEEC1Ev>:
  404a20:	a9be7bfd 	stp	x29, x30, [sp, #-32]!
  404a24:	910003fd 	mov	x29, sp
  404a28:	f9000fe0 	str	x0, [sp, #24]
  404a2c:	f9400fe0 	ldr	x0, [sp, #24]
  404a30:	94000089 	bl	404c54 <_ZNSt12_Vector_baseImSaImEE12_Vector_implC1Ev>
  404a34:	d503201f 	nop
  404a38:	a8c27bfd 	ldp	x29, x30, [sp], #32
  404a3c:	d65f03c0 	ret

0000000000404a40 <_ZNSt6vectorImSaImEEC1Ev>:
  404a40:	a9be7bfd 	stp	x29, x30, [sp, #-32]!
  404a44:	910003fd 	mov	x29, sp
  404a48:	f9000fe0 	str	x0, [sp, #24]
  404a4c:	f9400fe0 	ldr	x0, [sp, #24]
  404a50:	97fffff4 	bl	404a20 <_ZNSt12_Vector_baseImSaImEEC1Ev>
  404a54:	d503201f 	nop
  404a58:	a8c27bfd 	ldp	x29, x30, [sp], #32
  404a5c:	d65f03c0 	ret

0000000000404a60 <_ZN9__gnu_cxx14__alloc_traitsISaImEmE15_S_always_equalEv>:
  404a60:	52800020 	mov	w0, #0x1                   	// #1
  404a64:	d65f03c0 	ret

0000000000404a68 <_ZN6ConfigD1Ev>:
  404a68:	a9be7bfd 	stp	x29, x30, [sp, #-32]!
  404a6c:	910003fd 	mov	x29, sp
  404a70:	f9000fe0 	str	x0, [sp, #24]
  404a74:	f9400fe0 	ldr	x0, [sp, #24]
  404a78:	9103c000 	add	x0, x0, #0xf0
  404a7c:	9400009c 	bl	404cec <_ZNSt6vectorImSaImEED1Ev>
  404a80:	f9400fe0 	ldr	x0, [sp, #24]
  404a84:	91036000 	add	x0, x0, #0xd8
  404a88:	94000099 	bl	404cec <_ZNSt6vectorImSaImEED1Ev>
  404a8c:	f9400fe0 	ldr	x0, [sp, #24]
  404a90:	9102e000 	add	x0, x0, #0xb8
  404a94:	97fff3ef 	bl	401a50 <_ZNSt7__cxx1112basic_stringIcSt11char_traitsIcESaIcEED1Ev@plt>
  404a98:	f9400fe0 	ldr	x0, [sp, #24]
  404a9c:	91026000 	add	x0, x0, #0x98
  404aa0:	97fff3ec 	bl	401a50 <_ZNSt7__cxx1112basic_stringIcSt11char_traitsIcESaIcEED1Ev@plt>
  404aa4:	f9400fe0 	ldr	x0, [sp, #24]
  404aa8:	91010000 	add	x0, x0, #0x40
  404aac:	97fff3e9 	bl	401a50 <_ZNSt7__cxx1112basic_stringIcSt11char_traitsIcESaIcEED1Ev@plt>
  404ab0:	f9400fe0 	ldr	x0, [sp, #24]
  404ab4:	91008000 	add	x0, x0, #0x20
  404ab8:	97fff3e6 	bl	401a50 <_ZNSt7__cxx1112basic_stringIcSt11char_traitsIcESaIcEED1Ev@plt>
  404abc:	f9400fe0 	ldr	x0, [sp, #24]
  404ac0:	97fff3e4 	bl	401a50 <_ZNSt7__cxx1112basic_stringIcSt11char_traitsIcESaIcEED1Ev@plt>
  404ac4:	d503201f 	nop
  404ac8:	a8c27bfd 	ldp	x29, x30, [sp], #32
  404acc:	d65f03c0 	ret

0000000000404ad0 <_ZZN9__gnu_cxx6__stoaImmcJiEEET0_PFT_PKT1_PPS3_DpT2_EPKcS5_PmS9_EN11_Save_errnoC1Ev>:
  404ad0:	a9be7bfd 	stp	x29, x30, [sp, #-32]!
  404ad4:	910003fd 	mov	x29, sp
  404ad8:	f9000fe0 	str	x0, [sp, #24]
  404adc:	97fff435 	bl	401bb0 <__errno_location@plt>
  404ae0:	b9400001 	ldr	w1, [x0]
  404ae4:	f9400fe0 	ldr	x0, [sp, #24]
  404ae8:	b9000001 	str	w1, [x0]
  404aec:	97fff431 	bl	401bb0 <__errno_location@plt>
  404af0:	b900001f 	str	wzr, [x0]
  404af4:	d503201f 	nop
  404af8:	a8c27bfd 	ldp	x29, x30, [sp], #32
  404afc:	d65f03c0 	ret

0000000000404b00 <_ZZN9__gnu_cxx6__stoaImmcJiEEET0_PFT_PKT1_PPS3_DpT2_EPKcS5_PmS9_EN11_Save_errnoD1Ev>:
  404b00:	a9be7bfd 	stp	x29, x30, [sp, #-32]!
  404b04:	910003fd 	mov	x29, sp
  404b08:	f9000fe0 	str	x0, [sp, #24]
  404b0c:	97fff429 	bl	401bb0 <__errno_location@plt>
  404b10:	b9400000 	ldr	w0, [x0]
  404b14:	7100001f 	cmp	w0, #0x0
  404b18:	540000c1 	b.ne	404b30 <_ZZN9__gnu_cxx6__stoaImmcJiEEET0_PFT_PKT1_PPS3_DpT2_EPKcS5_PmS9_EN11_Save_errnoD1Ev+0x30>  // b.any
  404b1c:	97fff425 	bl	401bb0 <__errno_location@plt>
  404b20:	aa0003e1 	mov	x1, x0
  404b24:	f9400fe0 	ldr	x0, [sp, #24]
  404b28:	b9400000 	ldr	w0, [x0]
  404b2c:	b9000020 	str	w0, [x1]
  404b30:	d503201f 	nop
  404b34:	a8c27bfd 	ldp	x29, x30, [sp], #32
  404b38:	d65f03c0 	ret

0000000000404b3c <_ZZN9__gnu_cxx6__stoaImmcJiEEET0_PFT_PKT1_PPS3_DpT2_EPKcS5_PmS9_EN10_Range_chk6_S_chkEmSt17integral_constantIbLb0EE>:
  404b3c:	d10043ff 	sub	sp, sp, #0x10
  404b40:	f90007e0 	str	x0, [sp, #8]
  404b44:	390003e1 	strb	w1, [sp]
  404b48:	52800000 	mov	w0, #0x0                   	// #0
  404b4c:	910043ff 	add	sp, sp, #0x10
  404b50:	d65f03c0 	ret

0000000000404b54 <_ZN9__gnu_cxx6__stoaImmcJiEEET0_PFT_PKT1_PPS3_DpT2_EPKcS5_PmS9_>:
  404b54:	a9b87bfd 	stp	x29, x30, [sp, #-128]!
  404b58:	910003fd 	mov	x29, sp
  404b5c:	f9000bf3 	str	x19, [sp, #16]
  404b60:	f90027e0 	str	x0, [sp, #72]
  404b64:	f90023e1 	str	x1, [sp, #64]
  404b68:	f9001fe2 	str	x2, [sp, #56]
  404b6c:	f9001be3 	str	x3, [sp, #48]
  404b70:	b9002fe4 	str	w4, [sp, #44]
  404b74:	910163e0 	add	x0, sp, #0x58
  404b78:	97ffffd6 	bl	404ad0 <_ZZN9__gnu_cxx6__stoaImmcJiEEET0_PFT_PKT1_PPS3_DpT2_EPKcS5_PmS9_EN11_Save_errnoC1Ev>
  404b7c:	910183e0 	add	x0, sp, #0x60
  404b80:	f94027e3 	ldr	x3, [sp, #72]
  404b84:	b9402fe2 	ldr	w2, [sp, #44]
  404b88:	aa0003e1 	mov	x1, x0
  404b8c:	f9401fe0 	ldr	x0, [sp, #56]
  404b90:	d63f0060 	blr	x3
  404b94:	f9003fe0 	str	x0, [sp, #120]
  404b98:	f94033e0 	ldr	x0, [sp, #96]
  404b9c:	f9401fe1 	ldr	x1, [sp, #56]
  404ba0:	eb00003f 	cmp	x1, x0
  404ba4:	54000061 	b.ne	404bb0 <_ZN9__gnu_cxx6__stoaImmcJiEEET0_PFT_PKT1_PPS3_DpT2_EPKcS5_PmS9_+0x5c>  // b.any
  404ba8:	f94023e0 	ldr	x0, [sp, #64]
  404bac:	97fff3a5 	bl	401a40 <_ZSt24__throw_invalid_argumentPKc@plt>
  404bb0:	97fff400 	bl	401bb0 <__errno_location@plt>
  404bb4:	b9400000 	ldr	w0, [x0]
  404bb8:	7100881f 	cmp	w0, #0x22
  404bbc:	540000e0 	b.eq	404bd8 <_ZN9__gnu_cxx6__stoaImmcJiEEET0_PFT_PKT1_PPS3_DpT2_EPKcS5_PmS9_+0x84>  // b.none
  404bc0:	2a1303e1 	mov	w1, w19
  404bc4:	f9403fe0 	ldr	x0, [sp, #120]
  404bc8:	97ffffdd 	bl	404b3c <_ZZN9__gnu_cxx6__stoaImmcJiEEET0_PFT_PKT1_PPS3_DpT2_EPKcS5_PmS9_EN10_Range_chk6_S_chkEmSt17integral_constantIbLb0EE>
  404bcc:	12001c00 	and	w0, w0, #0xff
  404bd0:	7100001f 	cmp	w0, #0x0
  404bd4:	54000060 	b.eq	404be0 <_ZN9__gnu_cxx6__stoaImmcJiEEET0_PFT_PKT1_PPS3_DpT2_EPKcS5_PmS9_+0x8c>  // b.none
  404bd8:	52800020 	mov	w0, #0x1                   	// #1
  404bdc:	14000002 	b	404be4 <_ZN9__gnu_cxx6__stoaImmcJiEEET0_PFT_PKT1_PPS3_DpT2_EPKcS5_PmS9_+0x90>
  404be0:	52800000 	mov	w0, #0x0                   	// #0
  404be4:	7100001f 	cmp	w0, #0x0
  404be8:	54000060 	b.eq	404bf4 <_ZN9__gnu_cxx6__stoaImmcJiEEET0_PFT_PKT1_PPS3_DpT2_EPKcS5_PmS9_+0xa0>  // b.none
  404bec:	f94023e0 	ldr	x0, [sp, #64]
  404bf0:	97fff414 	bl	401c40 <_ZSt20__throw_out_of_rangePKc@plt>
  404bf4:	f9403fe0 	ldr	x0, [sp, #120]
  404bf8:	f9003be0 	str	x0, [sp, #112]
  404bfc:	f9401be0 	ldr	x0, [sp, #48]
  404c00:	f100001f 	cmp	x0, #0x0
  404c04:	540000e0 	b.eq	404c20 <_ZN9__gnu_cxx6__stoaImmcJiEEET0_PFT_PKT1_PPS3_DpT2_EPKcS5_PmS9_+0xcc>  // b.none
  404c08:	f94033e1 	ldr	x1, [sp, #96]
  404c0c:	f9401fe0 	ldr	x0, [sp, #56]
  404c10:	cb000020 	sub	x0, x1, x0
  404c14:	aa0003e1 	mov	x1, x0
  404c18:	f9401be0 	ldr	x0, [sp, #48]
  404c1c:	f9000001 	str	x1, [x0]
  404c20:	f9403bf3 	ldr	x19, [sp, #112]
  404c24:	910163e0 	add	x0, sp, #0x58
  404c28:	97ffffb6 	bl	404b00 <_ZZN9__gnu_cxx6__stoaImmcJiEEET0_PFT_PKT1_PPS3_DpT2_EPKcS5_PmS9_EN11_Save_errnoD1Ev>
  404c2c:	aa1303e0 	mov	x0, x19
  404c30:	14000006 	b	404c48 <_ZN9__gnu_cxx6__stoaImmcJiEEET0_PFT_PKT1_PPS3_DpT2_EPKcS5_PmS9_+0xf4>
  404c34:	aa0003f3 	mov	x19, x0
  404c38:	910163e0 	add	x0, sp, #0x58
  404c3c:	97ffffb1 	bl	404b00 <_ZZN9__gnu_cxx6__stoaImmcJiEEET0_PFT_PKT1_PPS3_DpT2_EPKcS5_PmS9_EN11_Save_errnoD1Ev>
  404c40:	aa1303e0 	mov	x0, x19
  404c44:	97fff437 	bl	401d20 <_Unwind_Resume@plt>
  404c48:	f9400bf3 	ldr	x19, [sp, #16]
  404c4c:	a8c87bfd 	ldp	x29, x30, [sp], #128
  404c50:	d65f03c0 	ret

0000000000404c54 <_ZNSt12_Vector_baseImSaImEE12_Vector_implC1Ev>:
  404c54:	a9be7bfd 	stp	x29, x30, [sp, #-32]!
  404c58:	910003fd 	mov	x29, sp
  404c5c:	f9000fe0 	str	x0, [sp, #24]
  404c60:	f9400fe0 	ldr	x0, [sp, #24]
  404c64:	9400005f 	bl	404de0 <_ZNSaImEC1Ev>
  404c68:	f9400fe0 	ldr	x0, [sp, #24]
  404c6c:	940002aa 	bl	405714 <_ZNSt12_Vector_baseImSaImEE17_Vector_impl_dataC1Ev>
  404c70:	d503201f 	nop
  404c74:	a8c27bfd 	ldp	x29, x30, [sp], #32
  404c78:	d65f03c0 	ret

0000000000404c7c <_ZNSaImED1Ev>:
  404c7c:	a9be7bfd 	stp	x29, x30, [sp, #-32]!
  404c80:	910003fd 	mov	x29, sp
  404c84:	f9000fe0 	str	x0, [sp, #24]
  404c88:	f9400fe0 	ldr	x0, [sp, #24]
  404c8c:	940002ad 	bl	405740 <_ZN9__gnu_cxx13new_allocatorImED1Ev>
  404c90:	d503201f 	nop
  404c94:	a8c27bfd 	ldp	x29, x30, [sp], #32
  404c98:	d65f03c0 	ret

0000000000404c9c <_ZNSt12_Vector_baseImSaImEED1Ev>:
  404c9c:	a9be7bfd 	stp	x29, x30, [sp, #-32]!
  404ca0:	910003fd 	mov	x29, sp
  404ca4:	f9000fe0 	str	x0, [sp, #24]
  404ca8:	f9400fe0 	ldr	x0, [sp, #24]
  404cac:	f9400003 	ldr	x3, [x0]
  404cb0:	f9400fe0 	ldr	x0, [sp, #24]
  404cb4:	f9400801 	ldr	x1, [x0, #16]
  404cb8:	f9400fe0 	ldr	x0, [sp, #24]
  404cbc:	f9400000 	ldr	x0, [x0]
  404cc0:	cb000020 	sub	x0, x1, x0
  404cc4:	9343fc00 	asr	x0, x0, #3
  404cc8:	aa0003e2 	mov	x2, x0
  404ccc:	aa0303e1 	mov	x1, x3
  404cd0:	f9400fe0 	ldr	x0, [sp, #24]
  404cd4:	940002a0 	bl	405754 <_ZNSt12_Vector_baseImSaImEE13_M_deallocateEPmm>
  404cd8:	f9400fe0 	ldr	x0, [sp, #24]
  404cdc:	97ffff49 	bl	404a00 <_ZNSt12_Vector_baseImSaImEE12_Vector_implD1Ev>
  404ce0:	d503201f 	nop
  404ce4:	a8c27bfd 	ldp	x29, x30, [sp], #32
  404ce8:	d65f03c0 	ret

0000000000404cec <_ZNSt6vectorImSaImEED1Ev>:
  404cec:	a9bd7bfd 	stp	x29, x30, [sp, #-48]!
  404cf0:	910003fd 	mov	x29, sp
  404cf4:	a90153f3 	stp	x19, x20, [sp, #16]
  404cf8:	f90017e0 	str	x0, [sp, #40]
  404cfc:	f94017e0 	ldr	x0, [sp, #40]
  404d00:	f9400013 	ldr	x19, [x0]
  404d04:	f94017e0 	ldr	x0, [sp, #40]
  404d08:	f9400414 	ldr	x20, [x0, #8]
  404d0c:	f94017e0 	ldr	x0, [sp, #40]
  404d10:	940002a0 	bl	405790 <_ZNSt12_Vector_baseImSaImEE19_M_get_Tp_allocatorEv>
  404d14:	aa0003e2 	mov	x2, x0
  404d18:	aa1403e1 	mov	x1, x20
  404d1c:	aa1303e0 	mov	x0, x19
  404d20:	940002a1 	bl	4057a4 <_ZSt8_DestroyIPmmEvT_S1_RSaIT0_E>
  404d24:	f94017e0 	ldr	x0, [sp, #40]
  404d28:	97ffffdd 	bl	404c9c <_ZNSt12_Vector_baseImSaImEED1Ev>
  404d2c:	d503201f 	nop
  404d30:	a94153f3 	ldp	x19, x20, [sp, #16]
  404d34:	a8c37bfd 	ldp	x29, x30, [sp], #48
  404d38:	d65f03c0 	ret

0000000000404d3c <_ZNSt6vectorImSaImEE9push_backEOm>:
  404d3c:	a9be7bfd 	stp	x29, x30, [sp, #-32]!
  404d40:	910003fd 	mov	x29, sp
  404d44:	f9000fe0 	str	x0, [sp, #24]
  404d48:	f9000be1 	str	x1, [sp, #16]
  404d4c:	f9400be0 	ldr	x0, [sp, #16]
  404d50:	940002a0 	bl	4057d0 <_ZSt4moveIRmEONSt16remove_referenceIT_E4typeEOS2_>
  404d54:	aa0003e1 	mov	x1, x0
  404d58:	f9400fe0 	ldr	x0, [sp, #24]
  404d5c:	940002a2 	bl	4057e4 <_ZNSt6vectorImSaImEE12emplace_backIJmEEEvDpOT_>
  404d60:	d503201f 	nop
  404d64:	a8c27bfd 	ldp	x29, x30, [sp], #32
  404d68:	d65f03c0 	ret

0000000000404d6c <_ZSteqIcSt11char_traitsIcESaIcEEbRKNSt7__cxx1112basic_stringIT_T0_T1_EEPKS5_>:
  404d6c:	a9be7bfd 	stp	x29, x30, [sp, #-32]!
  404d70:	910003fd 	mov	x29, sp
  404d74:	f9000fe0 	str	x0, [sp, #24]
  404d78:	f9000be1 	str	x1, [sp, #16]
  404d7c:	f9400be1 	ldr	x1, [sp, #16]
  404d80:	f9400fe0 	ldr	x0, [sp, #24]
  404d84:	97fff303 	bl	401990 <_ZNKSt7__cxx1112basic_stringIcSt11char_traitsIcESaIcEE7compareEPKc@plt>
  404d88:	7100001f 	cmp	w0, #0x0
  404d8c:	1a9f17e0 	cset	w0, eq  // eq = none
  404d90:	12001c00 	and	w0, w0, #0xff
  404d94:	a8c27bfd 	ldp	x29, x30, [sp], #32
  404d98:	d65f03c0 	ret

0000000000404d9c <_ZNSt6vectorImSaImEEaSEOS1_>:
  404d9c:	a9bc7bfd 	stp	x29, x30, [sp, #-64]!
  404da0:	910003fd 	mov	x29, sp
  404da4:	f9000bf3 	str	x19, [sp, #16]
  404da8:	f90017e0 	str	x0, [sp, #40]
  404dac:	f90013e1 	str	x1, [sp, #32]
  404db0:	52800020 	mov	w0, #0x1                   	// #1
  404db4:	3900ffe0 	strb	w0, [sp, #63]
  404db8:	f94013e0 	ldr	x0, [sp, #32]
  404dbc:	940002bb 	bl	4058a8 <_ZSt4moveIRSt6vectorImSaImEEEONSt16remove_referenceIT_E4typeEOS5_>
  404dc0:	2a1303e2 	mov	w2, w19
  404dc4:	aa0003e1 	mov	x1, x0
  404dc8:	f94017e0 	ldr	x0, [sp, #40]
  404dcc:	940002bc 	bl	4058bc <_ZNSt6vectorImSaImEE14_M_move_assignEOS1_St17integral_constantIbLb1EE>
  404dd0:	f94017e0 	ldr	x0, [sp, #40]
  404dd4:	f9400bf3 	ldr	x19, [sp, #16]
  404dd8:	a8c47bfd 	ldp	x29, x30, [sp], #64
  404ddc:	d65f03c0 	ret

0000000000404de0 <_ZNSaImEC1Ev>:
  404de0:	a9be7bfd 	stp	x29, x30, [sp, #-32]!
  404de4:	910003fd 	mov	x29, sp
  404de8:	f9000fe0 	str	x0, [sp, #24]
  404dec:	f9400fe0 	ldr	x0, [sp, #24]
  404df0:	940002d5 	bl	405944 <_ZN9__gnu_cxx13new_allocatorImEC1Ev>
  404df4:	d503201f 	nop
  404df8:	a8c27bfd 	ldp	x29, x30, [sp], #32
  404dfc:	d65f03c0 	ret

0000000000404e00 <_ZNSt6vectorImSaImEEC1EmRKS0_>:
  404e00:	a9bc7bfd 	stp	x29, x30, [sp, #-64]!
  404e04:	910003fd 	mov	x29, sp
  404e08:	f9000bf3 	str	x19, [sp, #16]
  404e0c:	f9001fe0 	str	x0, [sp, #56]
  404e10:	f9001be1 	str	x1, [sp, #48]
  404e14:	f90017e2 	str	x2, [sp, #40]
  404e18:	f9401ff3 	ldr	x19, [sp, #56]
  404e1c:	f94017e1 	ldr	x1, [sp, #40]
  404e20:	f9401be0 	ldr	x0, [sp, #48]
  404e24:	940002cd 	bl	405958 <_ZNSt6vectorImSaImEE17_S_check_init_lenEmRKS0_>
  404e28:	f94017e2 	ldr	x2, [sp, #40]
  404e2c:	aa0003e1 	mov	x1, x0
  404e30:	aa1303e0 	mov	x0, x19
  404e34:	940002e3 	bl	4059c0 <_ZNSt12_Vector_baseImSaImEEC1EmRKS0_>
  404e38:	f9401be1 	ldr	x1, [sp, #48]
  404e3c:	f9401fe0 	ldr	x0, [sp, #56]
  404e40:	940002f5 	bl	405a14 <_ZNSt6vectorImSaImEE21_M_default_initializeEm>
  404e44:	14000006 	b	404e5c <_ZNSt6vectorImSaImEEC1EmRKS0_+0x5c>
  404e48:	aa0003f3 	mov	x19, x0
  404e4c:	f9401fe0 	ldr	x0, [sp, #56]
  404e50:	97ffff93 	bl	404c9c <_ZNSt12_Vector_baseImSaImEED1Ev>
  404e54:	aa1303e0 	mov	x0, x19
  404e58:	97fff3b2 	bl	401d20 <_Unwind_Resume@plt>
  404e5c:	f9400bf3 	ldr	x19, [sp, #16]
  404e60:	a8c47bfd 	ldp	x29, x30, [sp], #64
  404e64:	d65f03c0 	ret

0000000000404e68 <_ZNSt6vectorImSaImEEixEm>:
  404e68:	d10043ff 	sub	sp, sp, #0x10
  404e6c:	f90007e0 	str	x0, [sp, #8]
  404e70:	f90003e1 	str	x1, [sp]
  404e74:	f94007e0 	ldr	x0, [sp, #8]
  404e78:	f9400001 	ldr	x1, [x0]
  404e7c:	f94003e0 	ldr	x0, [sp]
  404e80:	d37df000 	lsl	x0, x0, #3
  404e84:	8b000020 	add	x0, x1, x0
  404e88:	910043ff 	add	sp, sp, #0x10
  404e8c:	d65f03c0 	ret

0000000000404e90 <_ZNSt23mersenne_twister_engineImLm32ELm624ELm397ELm31ELm2567483615ELm11ELm4294967295ELm7ELm2636928640ELm15ELm4022730752ELm18ELm1812433253EEC1Em>:
  404e90:	a9be7bfd 	stp	x29, x30, [sp, #-32]!
  404e94:	910003fd 	mov	x29, sp
  404e98:	f9000fe0 	str	x0, [sp, #24]
  404e9c:	f9000be1 	str	x1, [sp, #16]
  404ea0:	f9400be1 	ldr	x1, [sp, #16]
  404ea4:	f9400fe0 	ldr	x0, [sp, #24]
  404ea8:	940002ef 	bl	405a64 <_ZNSt23mersenne_twister_engineImLm32ELm624ELm397ELm31ELm2567483615ELm11ELm4294967295ELm7ELm2636928640ELm15ELm4022730752ELm18ELm1812433253EE4seedEm>
  404eac:	d503201f 	nop
  404eb0:	a8c27bfd 	ldp	x29, x30, [sp], #32
  404eb4:	d65f03c0 	ret

0000000000404eb8 <_ZNSt6vectorImSaImEE5beginEv>:
  404eb8:	a9bd7bfd 	stp	x29, x30, [sp, #-48]!
  404ebc:	910003fd 	mov	x29, sp
  404ec0:	f9000fe0 	str	x0, [sp, #24]
  404ec4:	f9400fe1 	ldr	x1, [sp, #24]
  404ec8:	9100a3e0 	add	x0, sp, #0x28
  404ecc:	94000319 	bl	405b30 <_ZN9__gnu_cxx17__normal_iteratorIPmSt6vectorImSaImEEEC1ERKS1_>
  404ed0:	f94017e0 	ldr	x0, [sp, #40]
  404ed4:	a8c37bfd 	ldp	x29, x30, [sp], #48
  404ed8:	d65f03c0 	ret

0000000000404edc <_ZNSt6vectorImSaImEE3endEv>:
  404edc:	a9bd7bfd 	stp	x29, x30, [sp, #-48]!
  404ee0:	910003fd 	mov	x29, sp
  404ee4:	f9000fe0 	str	x0, [sp, #24]
  404ee8:	f9400fe0 	ldr	x0, [sp, #24]
  404eec:	91002001 	add	x1, x0, #0x8
  404ef0:	9100a3e0 	add	x0, sp, #0x28
  404ef4:	9400030f 	bl	405b30 <_ZN9__gnu_cxx17__normal_iteratorIPmSt6vectorImSaImEEEC1ERKS1_>
  404ef8:	f94017e0 	ldr	x0, [sp, #40]
  404efc:	a8c37bfd 	ldp	x29, x30, [sp], #48
  404f00:	d65f03c0 	ret

0000000000404f04 <_ZSt7shuffleIN9__gnu_cxx17__normal_iteratorIPmSt6vectorImSaImEEEERSt23mersenne_twister_engineImLm32ELm624ELm397ELm31ELm2567483615ELm11ELm4294967295ELm7ELm2636928640ELm15ELm4022730752ELm18ELm1812433253EEEvT_SA_OT0_>:
  404f04:	a9b57bfd 	stp	x29, x30, [sp, #-176]!
  404f08:	910003fd 	mov	x29, sp
  404f0c:	f9000bf3 	str	x19, [sp, #16]
  404f10:	f9001fe0 	str	x0, [sp, #56]
  404f14:	f9001be1 	str	x1, [sp, #48]
  404f18:	f90017e2 	str	x2, [sp, #40]
  404f1c:	9100c3e1 	add	x1, sp, #0x30
  404f20:	9100e3e0 	add	x0, sp, #0x38
  404f24:	9400030d 	bl	405b58 <_ZN9__gnu_cxxeqIPmSt6vectorImSaImEEEEbRKNS_17__normal_iteratorIT_T0_EESA_>
  404f28:	12001c00 	and	w0, w0, #0xff
  404f2c:	7100001f 	cmp	w0, #0x0
  404f30:	54000e61 	b.ne	4050fc <_ZSt7shuffleIN9__gnu_cxx17__normal_iteratorIPmSt6vectorImSaImEEEERSt23mersenne_twister_engineImLm32ELm624ELm397ELm31ELm2567483615ELm11ELm4294967295ELm7ELm2636928640ELm15ELm4022730752ELm18ELm1812433253EEEvT_SA_OT0_+0x1f8>  // b.any
  404f34:	b2407fe0 	mov	x0, #0xffffffff            	// #4294967295
  404f38:	f90057e0 	str	x0, [sp, #168]
  404f3c:	9100e3e1 	add	x1, sp, #0x38
  404f40:	9100c3e0 	add	x0, sp, #0x30
  404f44:	94000316 	bl	405b9c <_ZN9__gnu_cxxmiIPmSt6vectorImSaImEEEENS_17__normal_iteratorIT_T0_E15difference_typeERKS8_SB_>
  404f48:	f90053e0 	str	x0, [sp, #160]
  404f4c:	b2407fe1 	mov	x1, #0xffffffff            	// #4294967295
  404f50:	f94053e0 	ldr	x0, [sp, #160]
  404f54:	9ac00820 	udiv	x0, x1, x0
  404f58:	f94053e1 	ldr	x1, [sp, #160]
  404f5c:	eb00003f 	cmp	x1, x0
  404f60:	54000888 	b.hi	405070 <_ZSt7shuffleIN9__gnu_cxx17__normal_iteratorIPmSt6vectorImSaImEEEERSt23mersenne_twister_engineImLm32ELm624ELm397ELm31ELm2567483615ELm11ELm4294967295ELm7ELm2636928640ELm15ELm4022730752ELm18ELm1812433253EEEvT_SA_OT0_+0x16c>  // b.pmore
  404f64:	9100e3e0 	add	x0, sp, #0x38
  404f68:	d2800021 	mov	x1, #0x1                   	// #1
  404f6c:	9400031c 	bl	405bdc <_ZNK9__gnu_cxx17__normal_iteratorIPmSt6vectorImSaImEEEplEl>
  404f70:	f9003be0 	str	x0, [sp, #112]
  404f74:	f94053e0 	ldr	x0, [sp, #160]
  404f78:	92400000 	and	x0, x0, #0x1
  404f7c:	f100001f 	cmp	x0, #0x0
  404f80:	540006a1 	b.ne	405054 <_ZSt7shuffleIN9__gnu_cxx17__normal_iteratorIPmSt6vectorImSaImEEEERSt23mersenne_twister_engineImLm32ELm624ELm397ELm31ELm2567483615ELm11ELm4294967295ELm7ELm2636928640ELm15ELm4022730752ELm18ELm1812433253EEEvT_SA_OT0_+0x150>  // b.any
  404f84:	910183e0 	add	x0, sp, #0x60
  404f88:	d2800022 	mov	x2, #0x1                   	// #1
  404f8c:	d2800001 	mov	x1, #0x0                   	// #0
  404f90:	94000323 	bl	405c1c <_ZNSt24uniform_int_distributionImEC1Emm>
  404f94:	9101c3e0 	add	x0, sp, #0x70
  404f98:	52800001 	mov	w1, #0x0                   	// #0
  404f9c:	9400032c 	bl	405c4c <_ZN9__gnu_cxx17__normal_iteratorIPmSt6vectorImSaImEEEppEi>
  404fa0:	aa0003f3 	mov	x19, x0
  404fa4:	910183e0 	add	x0, sp, #0x60
  404fa8:	f94017e1 	ldr	x1, [sp, #40]
  404fac:	94000338 	bl	405c8c <_ZNSt24uniform_int_distributionImEclISt23mersenne_twister_engineImLm32ELm624ELm397ELm31ELm2567483615ELm11ELm4294967295ELm7ELm2636928640ELm15ELm4022730752ELm18ELm1812433253EEEEmRT_>
  404fb0:	aa0003e1 	mov	x1, x0
  404fb4:	9100e3e0 	add	x0, sp, #0x38
  404fb8:	94000309 	bl	405bdc <_ZNK9__gnu_cxx17__normal_iteratorIPmSt6vectorImSaImEEEplEl>
  404fbc:	aa0003e1 	mov	x1, x0
  404fc0:	aa1303e0 	mov	x0, x19
  404fc4:	9400033d 	bl	405cb8 <_ZSt9iter_swapIN9__gnu_cxx17__normal_iteratorIPmSt6vectorImSaImEEEES6_EvT_T0_>
  404fc8:	14000023 	b	405054 <_ZSt7shuffleIN9__gnu_cxx17__normal_iteratorIPmSt6vectorImSaImEEEERSt23mersenne_twister_engineImLm32ELm624ELm397ELm31ELm2567483615ELm11ELm4294967295ELm7ELm2636928640ELm15ELm4022730752ELm18ELm1812433253EEEvT_SA_OT0_+0x150>
  404fcc:	9100e3e1 	add	x1, sp, #0x38
  404fd0:	9101c3e0 	add	x0, sp, #0x70
  404fd4:	940002f2 	bl	405b9c <_ZN9__gnu_cxxmiIPmSt6vectorImSaImEEEENS_17__normal_iteratorIT_T0_E15difference_typeERKS8_SB_>
  404fd8:	91000400 	add	x0, x0, #0x1
  404fdc:	f9004fe0 	str	x0, [sp, #152]
  404fe0:	f9404fe0 	ldr	x0, [sp, #152]
  404fe4:	91000400 	add	x0, x0, #0x1
  404fe8:	f94017e2 	ldr	x2, [sp, #40]
  404fec:	aa0003e1 	mov	x1, x0
  404ff0:	f9404fe0 	ldr	x0, [sp, #152]
  404ff4:	94000342 	bl	405cfc <_ZSt22__gen_two_uniform_intsImRSt23mersenne_twister_engineImLm32ELm624ELm397ELm31ELm2567483615ELm11ELm4294967295ELm7ELm2636928640ELm15ELm4022730752ELm18ELm1812433253EEESt4pairIT_S4_ES4_S4_OT0_>
  404ff8:	a90507e0 	stp	x0, x1, [sp, #80]
  404ffc:	9101c3e0 	add	x0, sp, #0x70
  405000:	52800001 	mov	w1, #0x0                   	// #0
  405004:	94000312 	bl	405c4c <_ZN9__gnu_cxx17__normal_iteratorIPmSt6vectorImSaImEEEppEi>
  405008:	aa0003f3 	mov	x19, x0
  40500c:	f9402be0 	ldr	x0, [sp, #80]
  405010:	aa0003e1 	mov	x1, x0
  405014:	9100e3e0 	add	x0, sp, #0x38
  405018:	940002f1 	bl	405bdc <_ZNK9__gnu_cxx17__normal_iteratorIPmSt6vectorImSaImEEEplEl>
  40501c:	aa0003e1 	mov	x1, x0
  405020:	aa1303e0 	mov	x0, x19
  405024:	94000325 	bl	405cb8 <_ZSt9iter_swapIN9__gnu_cxx17__normal_iteratorIPmSt6vectorImSaImEEEES6_EvT_T0_>
  405028:	9101c3e0 	add	x0, sp, #0x70
  40502c:	52800001 	mov	w1, #0x0                   	// #0
  405030:	94000307 	bl	405c4c <_ZN9__gnu_cxx17__normal_iteratorIPmSt6vectorImSaImEEEppEi>
  405034:	aa0003f3 	mov	x19, x0
  405038:	f9402fe0 	ldr	x0, [sp, #88]
  40503c:	aa0003e1 	mov	x1, x0
  405040:	9100e3e0 	add	x0, sp, #0x38
  405044:	940002e6 	bl	405bdc <_ZNK9__gnu_cxx17__normal_iteratorIPmSt6vectorImSaImEEEplEl>
  405048:	aa0003e1 	mov	x1, x0
  40504c:	aa1303e0 	mov	x0, x19
  405050:	9400031a 	bl	405cb8 <_ZSt9iter_swapIN9__gnu_cxx17__normal_iteratorIPmSt6vectorImSaImEEEES6_EvT_T0_>
  405054:	9100c3e1 	add	x1, sp, #0x30
  405058:	9101c3e0 	add	x0, sp, #0x70
  40505c:	940000a1 	bl	4052e0 <_ZN9__gnu_cxxneIPmSt6vectorImSaImEEEEbRKNS_17__normal_iteratorIT_T0_EESA_>
  405060:	12001c00 	and	w0, w0, #0xff
  405064:	7100001f 	cmp	w0, #0x0
  405068:	54fffb21 	b.ne	404fcc <_ZSt7shuffleIN9__gnu_cxx17__normal_iteratorIPmSt6vectorImSaImEEEERSt23mersenne_twister_engineImLm32ELm624ELm397ELm31ELm2567483615ELm11ELm4294967295ELm7ELm2636928640ELm15ELm4022730752ELm18ELm1812433253EEEvT_SA_OT0_+0xc8>  // b.any
  40506c:	14000025 	b	405100 <_ZSt7shuffleIN9__gnu_cxx17__normal_iteratorIPmSt6vectorImSaImEEEERSt23mersenne_twister_engineImLm32ELm624ELm397ELm31ELm2567483615ELm11ELm4294967295ELm7ELm2636928640ELm15ELm4022730752ELm18ELm1812433253EEEvT_SA_OT0_+0x1fc>
  405070:	9101e3e0 	add	x0, sp, #0x78
  405074:	94000343 	bl	405d80 <_ZNSt24uniform_int_distributionImEC1Ev>
  405078:	9100e3e0 	add	x0, sp, #0x38
  40507c:	d2800021 	mov	x1, #0x1                   	// #1
  405080:	940002d7 	bl	405bdc <_ZNK9__gnu_cxx17__normal_iteratorIPmSt6vectorImSaImEEEplEl>
  405084:	f90027e0 	str	x0, [sp, #72]
  405088:	14000016 	b	4050e0 <_ZSt7shuffleIN9__gnu_cxx17__normal_iteratorIPmSt6vectorImSaImEEEERSt23mersenne_twister_engineImLm32ELm624ELm397ELm31ELm2567483615ELm11ELm4294967295ELm7ELm2636928640ELm15ELm4022730752ELm18ELm1812433253EEEvT_SA_OT0_+0x1dc>
  40508c:	9100e3e1 	add	x1, sp, #0x38
  405090:	910123e0 	add	x0, sp, #0x48
  405094:	940002c2 	bl	405b9c <_ZN9__gnu_cxxmiIPmSt6vectorImSaImEEEENS_17__normal_iteratorIT_T0_E15difference_typeERKS8_SB_>
  405098:	aa0003e1 	mov	x1, x0
  40509c:	910223e0 	add	x0, sp, #0x88
  4050a0:	aa0103e2 	mov	x2, x1
  4050a4:	d2800001 	mov	x1, #0x0                   	// #0
  4050a8:	94000340 	bl	405da8 <_ZNSt24uniform_int_distributionImE10param_typeC1Emm>
  4050ac:	910223e1 	add	x1, sp, #0x88
  4050b0:	9101e3e0 	add	x0, sp, #0x78
  4050b4:	aa0103e2 	mov	x2, x1
  4050b8:	f94017e1 	ldr	x1, [sp, #40]
  4050bc:	94000348 	bl	405ddc <_ZNSt24uniform_int_distributionImEclISt23mersenne_twister_engineImLm32ELm624ELm397ELm31ELm2567483615ELm11ELm4294967295ELm7ELm2636928640ELm15ELm4022730752ELm18ELm1812433253EEEEmRT_RKNS0_10param_typeE>
  4050c0:	aa0003e1 	mov	x1, x0
  4050c4:	9100e3e0 	add	x0, sp, #0x38
  4050c8:	940002c5 	bl	405bdc <_ZNK9__gnu_cxx17__normal_iteratorIPmSt6vectorImSaImEEEplEl>
  4050cc:	aa0003e1 	mov	x1, x0
  4050d0:	f94027e0 	ldr	x0, [sp, #72]
  4050d4:	940002f9 	bl	405cb8 <_ZSt9iter_swapIN9__gnu_cxx17__normal_iteratorIPmSt6vectorImSaImEEEES6_EvT_T0_>
  4050d8:	910123e0 	add	x0, sp, #0x48
  4050dc:	94000092 	bl	405324 <_ZN9__gnu_cxx17__normal_iteratorIPmSt6vectorImSaImEEEppEv>
  4050e0:	9100c3e1 	add	x1, sp, #0x30
  4050e4:	910123e0 	add	x0, sp, #0x48
  4050e8:	9400007e 	bl	4052e0 <_ZN9__gnu_cxxneIPmSt6vectorImSaImEEEEbRKNS_17__normal_iteratorIT_T0_EESA_>
  4050ec:	12001c00 	and	w0, w0, #0xff
  4050f0:	7100001f 	cmp	w0, #0x0
  4050f4:	54fffcc1 	b.ne	40508c <_ZSt7shuffleIN9__gnu_cxx17__normal_iteratorIPmSt6vectorImSaImEEEERSt23mersenne_twister_engineImLm32ELm624ELm397ELm31ELm2567483615ELm11ELm4294967295ELm7ELm2636928640ELm15ELm4022730752ELm18ELm1812433253EEEvT_SA_OT0_+0x188>  // b.any
  4050f8:	14000002 	b	405100 <_ZSt7shuffleIN9__gnu_cxx17__normal_iteratorIPmSt6vectorImSaImEEEERSt23mersenne_twister_engineImLm32ELm624ELm397ELm31ELm2567483615ELm11ELm4294967295ELm7ELm2636928640ELm15ELm4022730752ELm18ELm1812433253EEEvT_SA_OT0_+0x1fc>
  4050fc:	d503201f 	nop
  405100:	f9400bf3 	ldr	x19, [sp, #16]
  405104:	a8cb7bfd 	ldp	x29, x30, [sp], #176
  405108:	d65f03c0 	ret

000000000040510c <_ZNSt6vectorImSaImEE6resizeEmRKm>:
  40510c:	a9bc7bfd 	stp	x29, x30, [sp, #-64]!
  405110:	910003fd 	mov	x29, sp
  405114:	f9000bf3 	str	x19, [sp, #16]
  405118:	f9001fe0 	str	x0, [sp, #56]
  40511c:	f9001be1 	str	x1, [sp, #48]
  405120:	f90017e2 	str	x2, [sp, #40]
  405124:	f9401fe0 	ldr	x0, [sp, #56]
  405128:	9400008f 	bl	405364 <_ZNKSt6vectorImSaImEE4sizeEv>
  40512c:	aa0003e1 	mov	x1, x0
  405130:	f9401be0 	ldr	x0, [sp, #48]
  405134:	eb01001f 	cmp	x0, x1
  405138:	1a9f97e0 	cset	w0, hi  // hi = pmore
  40513c:	12001c00 	and	w0, w0, #0xff
  405140:	7100001f 	cmp	w0, #0x0
  405144:	540001e0 	b.eq	405180 <_ZNSt6vectorImSaImEE6resizeEmRKm+0x74>  // b.none
  405148:	f9401fe0 	ldr	x0, [sp, #56]
  40514c:	97ffff64 	bl	404edc <_ZNSt6vectorImSaImEE3endEv>
  405150:	aa0003f3 	mov	x19, x0
  405154:	f9401fe0 	ldr	x0, [sp, #56]
  405158:	94000083 	bl	405364 <_ZNKSt6vectorImSaImEE4sizeEv>
  40515c:	aa0003e1 	mov	x1, x0
  405160:	f9401be0 	ldr	x0, [sp, #48]
  405164:	cb010000 	sub	x0, x0, x1
  405168:	f94017e3 	ldr	x3, [sp, #40]
  40516c:	aa0003e2 	mov	x2, x0
  405170:	aa1303e1 	mov	x1, x19
  405174:	f9401fe0 	ldr	x0, [sp, #56]
  405178:	94000367 	bl	405f14 <_ZNSt6vectorImSaImEE14_M_fill_insertEN9__gnu_cxx17__normal_iteratorIPmS1_EEmRKm>
  40517c:	14000012 	b	4051c4 <_ZNSt6vectorImSaImEE6resizeEmRKm+0xb8>
  405180:	f9401fe0 	ldr	x0, [sp, #56]
  405184:	94000078 	bl	405364 <_ZNKSt6vectorImSaImEE4sizeEv>
  405188:	aa0003e1 	mov	x1, x0
  40518c:	f9401be0 	ldr	x0, [sp, #48]
  405190:	eb01001f 	cmp	x0, x1
  405194:	1a9f27e0 	cset	w0, cc  // cc = lo, ul, last
  405198:	12001c00 	and	w0, w0, #0xff
  40519c:	7100001f 	cmp	w0, #0x0
  4051a0:	54000120 	b.eq	4051c4 <_ZNSt6vectorImSaImEE6resizeEmRKm+0xb8>  // b.none
  4051a4:	f9401fe0 	ldr	x0, [sp, #56]
  4051a8:	f9400001 	ldr	x1, [x0]
  4051ac:	f9401be0 	ldr	x0, [sp, #48]
  4051b0:	d37df000 	lsl	x0, x0, #3
  4051b4:	8b000020 	add	x0, x1, x0
  4051b8:	aa0003e1 	mov	x1, x0
  4051bc:	f9401fe0 	ldr	x0, [sp, #56]
  4051c0:	9400046c 	bl	406370 <_ZNSt6vectorImSaImEE15_M_erase_at_endEPm>
  4051c4:	d503201f 	nop
  4051c8:	f9400bf3 	ldr	x19, [sp, #16]
  4051cc:	a8c47bfd 	ldp	x29, x30, [sp], #64
  4051d0:	d65f03c0 	ret

00000000004051d4 <_ZNSt6vectorImSaImEE5clearEv>:
  4051d4:	a9be7bfd 	stp	x29, x30, [sp, #-32]!
  4051d8:	910003fd 	mov	x29, sp
  4051dc:	f9000fe0 	str	x0, [sp, #24]
  4051e0:	f9400fe0 	ldr	x0, [sp, #24]
  4051e4:	f9400000 	ldr	x0, [x0]
  4051e8:	aa0003e1 	mov	x1, x0
  4051ec:	f9400fe0 	ldr	x0, [sp, #24]
  4051f0:	94000460 	bl	406370 <_ZNSt6vectorImSaImEE15_M_erase_at_endEPm>
  4051f4:	d503201f 	nop
  4051f8:	a8c27bfd 	ldp	x29, x30, [sp], #32
  4051fc:	d65f03c0 	ret

0000000000405200 <_ZNSt6vectorImSaImEE9push_backERKm>:
  405200:	a9be7bfd 	stp	x29, x30, [sp, #-32]!
  405204:	910003fd 	mov	x29, sp
  405208:	f9000fe0 	str	x0, [sp, #24]
  40520c:	f9000be1 	str	x1, [sp, #16]
  405210:	f9400fe0 	ldr	x0, [sp, #24]
  405214:	f9400401 	ldr	x1, [x0, #8]
  405218:	f9400fe0 	ldr	x0, [sp, #24]
  40521c:	f9400800 	ldr	x0, [x0, #16]
  405220:	eb00003f 	cmp	x1, x0
  405224:	540001c0 	b.eq	40525c <_ZNSt6vectorImSaImEE9push_backERKm+0x5c>  // b.none
  405228:	f9400fe3 	ldr	x3, [sp, #24]
  40522c:	f9400fe0 	ldr	x0, [sp, #24]
  405230:	f9400400 	ldr	x0, [x0, #8]
  405234:	f9400be2 	ldr	x2, [sp, #16]
  405238:	aa0003e1 	mov	x1, x0
  40523c:	aa0303e0 	mov	x0, x3
  405240:	94000469 	bl	4063e4 <_ZNSt16allocator_traitsISaImEE9constructImJRKmEEEvRS0_PT_DpOT0_>
  405244:	f9400fe0 	ldr	x0, [sp, #24]
  405248:	f9400400 	ldr	x0, [x0, #8]
  40524c:	91002001 	add	x1, x0, #0x8
  405250:	f9400fe0 	ldr	x0, [sp, #24]
  405254:	f9000401 	str	x1, [x0, #8]
  405258:	14000007 	b	405274 <_ZNSt6vectorImSaImEE9push_backERKm+0x74>
  40525c:	f9400fe0 	ldr	x0, [sp, #24]
  405260:	97ffff1f 	bl	404edc <_ZNSt6vectorImSaImEE3endEv>
  405264:	f9400be2 	ldr	x2, [sp, #16]
  405268:	aa0003e1 	mov	x1, x0
  40526c:	f9400fe0 	ldr	x0, [sp, #24]
  405270:	94000476 	bl	406448 <_ZNSt6vectorImSaImEE17_M_realloc_insertIJRKmEEEvN9__gnu_cxx17__normal_iteratorIPmS1_EEDpOT_>
  405274:	d503201f 	nop
  405278:	a8c27bfd 	ldp	x29, x30, [sp], #32
  40527c:	d65f03c0 	ret

0000000000405280 <_ZNSt6vectorImSaImEE4dataEv>:
  405280:	a9be7bfd 	stp	x29, x30, [sp, #-32]!
  405284:	910003fd 	mov	x29, sp
  405288:	f9000fe0 	str	x0, [sp, #24]
  40528c:	f9400fe0 	ldr	x0, [sp, #24]
  405290:	f9400000 	ldr	x0, [x0]
  405294:	aa0003e1 	mov	x1, x0
  405298:	f9400fe0 	ldr	x0, [sp, #24]
  40529c:	9400050f 	bl	4066d8 <_ZNKSt6vectorImSaImEE11_M_data_ptrImEEPT_S4_>
  4052a0:	a8c27bfd 	ldp	x29, x30, [sp], #32
  4052a4:	d65f03c0 	ret

00000000004052a8 <_ZSt4sortIN9__gnu_cxx17__normal_iteratorIPmSt6vectorImSaImEEEEEvT_S7_>:
  4052a8:	a9bd7bfd 	stp	x29, x30, [sp, #-48]!
  4052ac:	910003fd 	mov	x29, sp
  4052b0:	f9000bf3 	str	x19, [sp, #16]
  4052b4:	f90017e0 	str	x0, [sp, #40]
  4052b8:	f90013e1 	str	x1, [sp, #32]
  4052bc:	97fffda3 	bl	404948 <_ZN9__gnu_cxx5__ops16__iter_less_iterEv>
  4052c0:	2a1303e2 	mov	w2, w19
  4052c4:	f94013e1 	ldr	x1, [sp, #32]
  4052c8:	f94017e0 	ldr	x0, [sp, #40]
  4052cc:	94000509 	bl	4066f0 <_ZSt6__sortIN9__gnu_cxx17__normal_iteratorIPmSt6vectorImSaImEEEENS0_5__ops15_Iter_less_iterEEvT_S9_T0_>
  4052d0:	d503201f 	nop
  4052d4:	f9400bf3 	ldr	x19, [sp, #16]
  4052d8:	a8c37bfd 	ldp	x29, x30, [sp], #48
  4052dc:	d65f03c0 	ret

00000000004052e0 <_ZN9__gnu_cxxneIPmSt6vectorImSaImEEEEbRKNS_17__normal_iteratorIT_T0_EESA_>:
  4052e0:	a9bd7bfd 	stp	x29, x30, [sp, #-48]!
  4052e4:	910003fd 	mov	x29, sp
  4052e8:	f9000bf3 	str	x19, [sp, #16]
  4052ec:	f90017e0 	str	x0, [sp, #40]
  4052f0:	f90013e1 	str	x1, [sp, #32]
  4052f4:	f94017e0 	ldr	x0, [sp, #40]
  4052f8:	9400051c 	bl	406768 <_ZNK9__gnu_cxx17__normal_iteratorIPmSt6vectorImSaImEEE4baseEv>
  4052fc:	f9400013 	ldr	x19, [x0]
  405300:	f94013e0 	ldr	x0, [sp, #32]
  405304:	94000519 	bl	406768 <_ZNK9__gnu_cxx17__normal_iteratorIPmSt6vectorImSaImEEE4baseEv>
  405308:	f9400000 	ldr	x0, [x0]
  40530c:	eb00027f 	cmp	x19, x0
  405310:	1a9f07e0 	cset	w0, ne  // ne = any
  405314:	12001c00 	and	w0, w0, #0xff
  405318:	f9400bf3 	ldr	x19, [sp, #16]
  40531c:	a8c37bfd 	ldp	x29, x30, [sp], #48
  405320:	d65f03c0 	ret

0000000000405324 <_ZN9__gnu_cxx17__normal_iteratorIPmSt6vectorImSaImEEEppEv>:
  405324:	d10043ff 	sub	sp, sp, #0x10
  405328:	f90007e0 	str	x0, [sp, #8]
  40532c:	f94007e0 	ldr	x0, [sp, #8]
  405330:	f9400000 	ldr	x0, [x0]
  405334:	91002001 	add	x1, x0, #0x8
  405338:	f94007e0 	ldr	x0, [sp, #8]
  40533c:	f9000001 	str	x1, [x0]
  405340:	f94007e0 	ldr	x0, [sp, #8]
  405344:	910043ff 	add	sp, sp, #0x10
  405348:	d65f03c0 	ret

000000000040534c <_ZNK9__gnu_cxx17__normal_iteratorIPmSt6vectorImSaImEEEdeEv>:
  40534c:	d10043ff 	sub	sp, sp, #0x10
  405350:	f90007e0 	str	x0, [sp, #8]
  405354:	f94007e0 	ldr	x0, [sp, #8]
  405358:	f9400000 	ldr	x0, [x0]
  40535c:	910043ff 	add	sp, sp, #0x10
  405360:	d65f03c0 	ret

0000000000405364 <_ZNKSt6vectorImSaImEE4sizeEv>:
  405364:	d10043ff 	sub	sp, sp, #0x10
  405368:	f90007e0 	str	x0, [sp, #8]
  40536c:	f94007e0 	ldr	x0, [sp, #8]
  405370:	f9400401 	ldr	x1, [x0, #8]
  405374:	f94007e0 	ldr	x0, [sp, #8]
  405378:	f9400000 	ldr	x0, [x0]
  40537c:	cb000020 	sub	x0, x1, x0
  405380:	9343fc00 	asr	x0, x0, #3
  405384:	910043ff 	add	sp, sp, #0x10
  405388:	d65f03c0 	ret

000000000040538c <_ZNKSt6vectorImSaImEE5emptyEv>:
  40538c:	a9bd7bfd 	stp	x29, x30, [sp, #-48]!
  405390:	910003fd 	mov	x29, sp
  405394:	f9000fe0 	str	x0, [sp, #24]
  405398:	f9400fe0 	ldr	x0, [sp, #24]
  40539c:	940004f8 	bl	40677c <_ZNKSt6vectorImSaImEE5beginEv>
  4053a0:	f90013e0 	str	x0, [sp, #32]
  4053a4:	f9400fe0 	ldr	x0, [sp, #24]
  4053a8:	940004fe 	bl	4067a0 <_ZNKSt6vectorImSaImEE3endEv>
  4053ac:	f90017e0 	str	x0, [sp, #40]
  4053b0:	9100a3e1 	add	x1, sp, #0x28
  4053b4:	910083e0 	add	x0, sp, #0x20
  4053b8:	94000504 	bl	4067c8 <_ZN9__gnu_cxxeqIPKmSt6vectorImSaImEEEEbRKNS_17__normal_iteratorIT_T0_EESB_>
  4053bc:	12001c00 	and	w0, w0, #0xff
  4053c0:	a8c37bfd 	ldp	x29, x30, [sp], #48
  4053c4:	d65f03c0 	ret

00000000004053c8 <_ZN9__gnu_cxx14__alloc_traitsISaImEmE27_S_propagate_on_copy_assignEv>:
  4053c8:	52800000 	mov	w0, #0x0                   	// #0
  4053cc:	d65f03c0 	ret

00000000004053d0 <_ZNSt6vectorImSaImEEaSERKS1_>:
  4053d0:	a9bb7bfd 	stp	x29, x30, [sp, #-80]!
  4053d4:	910003fd 	mov	x29, sp
  4053d8:	a90153f3 	stp	x19, x20, [sp, #16]
  4053dc:	f90013f5 	str	x21, [sp, #32]
  4053e0:	f9001fe0 	str	x0, [sp, #56]
  4053e4:	f9001be1 	str	x1, [sp, #48]
  4053e8:	f9401be1 	ldr	x1, [sp, #48]
  4053ec:	f9401fe0 	ldr	x0, [sp, #56]
  4053f0:	eb00003f 	cmp	x1, x0
  4053f4:	540016c0 	b.eq	4056cc <_ZNSt6vectorImSaImEEaSERKS1_+0x2fc>  // b.none
  4053f8:	97fffff4 	bl	4053c8 <_ZN9__gnu_cxx14__alloc_traitsISaImEmE27_S_propagate_on_copy_assignEv>
  4053fc:	12001c00 	and	w0, w0, #0xff
  405400:	7100001f 	cmp	w0, #0x0
  405404:	54000680 	b.eq	4054d4 <_ZNSt6vectorImSaImEEaSERKS1_+0x104>  // b.none
  405408:	97fffd96 	bl	404a60 <_ZN9__gnu_cxx14__alloc_traitsISaImEmE15_S_always_equalEv>
  40540c:	12001c00 	and	w0, w0, #0xff
  405410:	52000000 	eor	w0, w0, #0x1
  405414:	12001c00 	and	w0, w0, #0xff
  405418:	7100001f 	cmp	w0, #0x0
  40541c:	540001c0 	b.eq	405454 <_ZNSt6vectorImSaImEEaSERKS1_+0x84>  // b.none
  405420:	f9401fe0 	ldr	x0, [sp, #56]
  405424:	940000db 	bl	405790 <_ZNSt12_Vector_baseImSaImEE19_M_get_Tp_allocatorEv>
  405428:	aa0003f3 	mov	x19, x0
  40542c:	f9401be0 	ldr	x0, [sp, #48]
  405430:	940004f7 	bl	40680c <_ZNKSt12_Vector_baseImSaImEE19_M_get_Tp_allocatorEv>
  405434:	aa0003e1 	mov	x1, x0
  405438:	aa1303e0 	mov	x0, x19
  40543c:	940004f9 	bl	406820 <_ZStneRKSaImES1_>
  405440:	12001c00 	and	w0, w0, #0xff
  405444:	7100001f 	cmp	w0, #0x0
  405448:	54000060 	b.eq	405454 <_ZNSt6vectorImSaImEEaSERKS1_+0x84>  // b.none
  40544c:	52800020 	mov	w0, #0x1                   	// #1
  405450:	14000002 	b	405458 <_ZNSt6vectorImSaImEEaSERKS1_+0x88>
  405454:	52800000 	mov	w0, #0x0                   	// #0
  405458:	7100001f 	cmp	w0, #0x0
  40545c:	540002c0 	b.eq	4054b4 <_ZNSt6vectorImSaImEEaSERKS1_+0xe4>  // b.none
  405460:	f9401fe0 	ldr	x0, [sp, #56]
  405464:	97ffff5c 	bl	4051d4 <_ZNSt6vectorImSaImEE5clearEv>
  405468:	f9401fe3 	ldr	x3, [sp, #56]
  40546c:	f9401fe0 	ldr	x0, [sp, #56]
  405470:	f9400004 	ldr	x4, [x0]
  405474:	f9401fe0 	ldr	x0, [sp, #56]
  405478:	f9400801 	ldr	x1, [x0, #16]
  40547c:	f9401fe0 	ldr	x0, [sp, #56]
  405480:	f9400000 	ldr	x0, [x0]
  405484:	cb000020 	sub	x0, x1, x0
  405488:	9343fc00 	asr	x0, x0, #3
  40548c:	aa0003e2 	mov	x2, x0
  405490:	aa0403e1 	mov	x1, x4
  405494:	aa0303e0 	mov	x0, x3
  405498:	940000af 	bl	405754 <_ZNSt12_Vector_baseImSaImEE13_M_deallocateEPmm>
  40549c:	f9401fe0 	ldr	x0, [sp, #56]
  4054a0:	f900001f 	str	xzr, [x0]
  4054a4:	f9401fe0 	ldr	x0, [sp, #56]
  4054a8:	f900041f 	str	xzr, [x0, #8]
  4054ac:	f9401fe0 	ldr	x0, [sp, #56]
  4054b0:	f900081f 	str	xzr, [x0, #16]
  4054b4:	f9401fe0 	ldr	x0, [sp, #56]
  4054b8:	940000b6 	bl	405790 <_ZNSt12_Vector_baseImSaImEE19_M_get_Tp_allocatorEv>
  4054bc:	aa0003f3 	mov	x19, x0
  4054c0:	f9401be0 	ldr	x0, [sp, #48]
  4054c4:	940004d2 	bl	40680c <_ZNKSt12_Vector_baseImSaImEE19_M_get_Tp_allocatorEv>
  4054c8:	aa0003e1 	mov	x1, x0
  4054cc:	aa1303e0 	mov	x0, x19
  4054d0:	940004da 	bl	406838 <_ZSt15__alloc_on_copyISaImEEvRT_RKS1_>
  4054d4:	f9401be0 	ldr	x0, [sp, #48]
  4054d8:	97ffffa3 	bl	405364 <_ZNKSt6vectorImSaImEE4sizeEv>
  4054dc:	f90027e0 	str	x0, [sp, #72]
  4054e0:	f9401fe0 	ldr	x0, [sp, #56]
  4054e4:	940004df 	bl	406860 <_ZNKSt6vectorImSaImEE8capacityEv>
  4054e8:	aa0003e1 	mov	x1, x0
  4054ec:	f94027e0 	ldr	x0, [sp, #72]
  4054f0:	eb01001f 	cmp	x0, x1
  4054f4:	1a9f97e0 	cset	w0, hi  // hi = pmore
  4054f8:	12001c00 	and	w0, w0, #0xff
  4054fc:	7100001f 	cmp	w0, #0x0
  405500:	540005c0 	b.eq	4055b8 <_ZNSt6vectorImSaImEEaSERKS1_+0x1e8>  // b.none
  405504:	f9401be0 	ldr	x0, [sp, #48]
  405508:	9400049d 	bl	40677c <_ZNKSt6vectorImSaImEE5beginEv>
  40550c:	aa0003f3 	mov	x19, x0
  405510:	f9401be0 	ldr	x0, [sp, #48]
  405514:	940004a3 	bl	4067a0 <_ZNKSt6vectorImSaImEE3endEv>
  405518:	aa0003e3 	mov	x3, x0
  40551c:	aa1303e2 	mov	x2, x19
  405520:	f94027e1 	ldr	x1, [sp, #72]
  405524:	f9401fe0 	ldr	x0, [sp, #56]
  405528:	940004d8 	bl	406888 <_ZNSt6vectorImSaImEE20_M_allocate_and_copyIN9__gnu_cxx17__normal_iteratorIPKmS1_EEEEPmmT_S9_>
  40552c:	f90023e0 	str	x0, [sp, #64]
  405530:	f9401fe0 	ldr	x0, [sp, #56]
  405534:	f9400013 	ldr	x19, [x0]
  405538:	f9401fe0 	ldr	x0, [sp, #56]
  40553c:	f9400414 	ldr	x20, [x0, #8]
  405540:	f9401fe0 	ldr	x0, [sp, #56]
  405544:	94000093 	bl	405790 <_ZNSt12_Vector_baseImSaImEE19_M_get_Tp_allocatorEv>
  405548:	aa0003e2 	mov	x2, x0
  40554c:	aa1403e1 	mov	x1, x20
  405550:	aa1303e0 	mov	x0, x19
  405554:	94000094 	bl	4057a4 <_ZSt8_DestroyIPmmEvT_S1_RSaIT0_E>
  405558:	f9401fe3 	ldr	x3, [sp, #56]
  40555c:	f9401fe0 	ldr	x0, [sp, #56]
  405560:	f9400004 	ldr	x4, [x0]
  405564:	f9401fe0 	ldr	x0, [sp, #56]
  405568:	f9400801 	ldr	x1, [x0, #16]
  40556c:	f9401fe0 	ldr	x0, [sp, #56]
  405570:	f9400000 	ldr	x0, [x0]
  405574:	cb000020 	sub	x0, x1, x0
  405578:	9343fc00 	asr	x0, x0, #3
  40557c:	aa0003e2 	mov	x2, x0
  405580:	aa0403e1 	mov	x1, x4
  405584:	aa0303e0 	mov	x0, x3
  405588:	94000073 	bl	405754 <_ZNSt12_Vector_baseImSaImEE13_M_deallocateEPmm>
  40558c:	f9401fe0 	ldr	x0, [sp, #56]
  405590:	f94023e1 	ldr	x1, [sp, #64]
  405594:	f9000001 	str	x1, [x0]
  405598:	f9401fe0 	ldr	x0, [sp, #56]
  40559c:	f9400001 	ldr	x1, [x0]
  4055a0:	f94027e0 	ldr	x0, [sp, #72]
  4055a4:	d37df000 	lsl	x0, x0, #3
  4055a8:	8b000021 	add	x1, x1, x0
  4055ac:	f9401fe0 	ldr	x0, [sp, #56]
  4055b0:	f9000801 	str	x1, [x0, #16]
  4055b4:	1400003f 	b	4056b0 <_ZNSt6vectorImSaImEEaSERKS1_+0x2e0>
  4055b8:	f9401fe0 	ldr	x0, [sp, #56]
  4055bc:	97ffff6a 	bl	405364 <_ZNKSt6vectorImSaImEE4sizeEv>
  4055c0:	aa0003e1 	mov	x1, x0
  4055c4:	f94027e0 	ldr	x0, [sp, #72]
  4055c8:	eb01001f 	cmp	x0, x1
  4055cc:	1a9f87e0 	cset	w0, ls  // ls = plast
  4055d0:	12001c00 	and	w0, w0, #0xff
  4055d4:	7100001f 	cmp	w0, #0x0
  4055d8:	54000300 	b.eq	405638 <_ZNSt6vectorImSaImEEaSERKS1_+0x268>  // b.none
  4055dc:	f9401be0 	ldr	x0, [sp, #48]
  4055e0:	94000467 	bl	40677c <_ZNKSt6vectorImSaImEE5beginEv>
  4055e4:	aa0003f3 	mov	x19, x0
  4055e8:	f9401be0 	ldr	x0, [sp, #48]
  4055ec:	9400046d 	bl	4067a0 <_ZNKSt6vectorImSaImEE3endEv>
  4055f0:	aa0003f4 	mov	x20, x0
  4055f4:	f9401fe0 	ldr	x0, [sp, #56]
  4055f8:	97fffe30 	bl	404eb8 <_ZNSt6vectorImSaImEE5beginEv>
  4055fc:	aa0003e2 	mov	x2, x0
  405600:	aa1403e1 	mov	x1, x20
  405604:	aa1303e0 	mov	x0, x19
  405608:	940004c1 	bl	40690c <_ZSt4copyIN9__gnu_cxx17__normal_iteratorIPKmSt6vectorImSaImEEEENS1_IPmS6_EEET0_T_SB_SA_>
  40560c:	aa0003f3 	mov	x19, x0
  405610:	f9401fe0 	ldr	x0, [sp, #56]
  405614:	97fffe32 	bl	404edc <_ZNSt6vectorImSaImEE3endEv>
  405618:	aa0003f4 	mov	x20, x0
  40561c:	f9401fe0 	ldr	x0, [sp, #56]
  405620:	9400005c 	bl	405790 <_ZNSt12_Vector_baseImSaImEE19_M_get_Tp_allocatorEv>
  405624:	aa0003e2 	mov	x2, x0
  405628:	aa1403e1 	mov	x1, x20
  40562c:	aa1303e0 	mov	x0, x19
  405630:	940004c9 	bl	406954 <_ZSt8_DestroyIN9__gnu_cxx17__normal_iteratorIPmSt6vectorImSaImEEEEmEvT_S7_RSaIT0_E>
  405634:	1400001f 	b	4056b0 <_ZNSt6vectorImSaImEEaSERKS1_+0x2e0>
  405638:	f9401be0 	ldr	x0, [sp, #48]
  40563c:	f9400014 	ldr	x20, [x0]
  405640:	f9401be0 	ldr	x0, [sp, #48]
  405644:	f9400013 	ldr	x19, [x0]
  405648:	f9401fe0 	ldr	x0, [sp, #56]
  40564c:	97ffff46 	bl	405364 <_ZNKSt6vectorImSaImEE4sizeEv>
  405650:	d37df000 	lsl	x0, x0, #3
  405654:	8b000261 	add	x1, x19, x0
  405658:	f9401fe0 	ldr	x0, [sp, #56]
  40565c:	f9400000 	ldr	x0, [x0]
  405660:	aa0003e2 	mov	x2, x0
  405664:	aa1403e0 	mov	x0, x20
  405668:	940004c6 	bl	406980 <_ZSt4copyIPmS0_ET0_T_S2_S1_>
  40566c:	f9401be0 	ldr	x0, [sp, #48]
  405670:	f9400013 	ldr	x19, [x0]
  405674:	f9401fe0 	ldr	x0, [sp, #56]
  405678:	97ffff3b 	bl	405364 <_ZNKSt6vectorImSaImEE4sizeEv>
  40567c:	d37df000 	lsl	x0, x0, #3
  405680:	8b000273 	add	x19, x19, x0
  405684:	f9401be0 	ldr	x0, [sp, #48]
  405688:	f9400414 	ldr	x20, [x0, #8]
  40568c:	f9401fe0 	ldr	x0, [sp, #56]
  405690:	f9400415 	ldr	x21, [x0, #8]
  405694:	f9401fe0 	ldr	x0, [sp, #56]
  405698:	9400003e 	bl	405790 <_ZNSt12_Vector_baseImSaImEE19_M_get_Tp_allocatorEv>
  40569c:	aa0003e3 	mov	x3, x0
  4056a0:	aa1503e2 	mov	x2, x21
  4056a4:	aa1403e1 	mov	x1, x20
  4056a8:	aa1303e0 	mov	x0, x19
  4056ac:	940004c7 	bl	4069c8 <_ZSt22__uninitialized_copy_aIPmS0_mET0_T_S2_S1_RSaIT1_E>
  4056b0:	f9401fe0 	ldr	x0, [sp, #56]
  4056b4:	f9400001 	ldr	x1, [x0]
  4056b8:	f94027e0 	ldr	x0, [sp, #72]
  4056bc:	d37df000 	lsl	x0, x0, #3
  4056c0:	8b000021 	add	x1, x1, x0
  4056c4:	f9401fe0 	ldr	x0, [sp, #56]
  4056c8:	f9000401 	str	x1, [x0, #8]
  4056cc:	f9401fe0 	ldr	x0, [sp, #56]
  4056d0:	a94153f3 	ldp	x19, x20, [sp, #16]
  4056d4:	f94013f5 	ldr	x21, [sp, #32]
  4056d8:	a8c57bfd 	ldp	x29, x30, [sp], #80
  4056dc:	d65f03c0 	ret

00000000004056e0 <_ZSt4findIN9__gnu_cxx17__normal_iteratorIPmSt6vectorImSaImEEEEmET_S7_S7_RKT0_>:
  4056e0:	a9bd7bfd 	stp	x29, x30, [sp, #-48]!
  4056e4:	910003fd 	mov	x29, sp
  4056e8:	f90017e0 	str	x0, [sp, #40]
  4056ec:	f90013e1 	str	x1, [sp, #32]
  4056f0:	f9000fe2 	str	x2, [sp, #24]
  4056f4:	f9400fe0 	ldr	x0, [sp, #24]
  4056f8:	940004c0 	bl	4069f8 <_ZN9__gnu_cxx5__ops17__iter_equals_valIKmEENS0_16_Iter_equals_valIT_EERS4_>
  4056fc:	aa0003e2 	mov	x2, x0
  405700:	f94013e1 	ldr	x1, [sp, #32]
  405704:	f94017e0 	ldr	x0, [sp, #40]
  405708:	940004c5 	bl	406a1c <_ZSt9__find_ifIN9__gnu_cxx17__normal_iteratorIPmSt6vectorImSaImEEEENS0_5__ops16_Iter_equals_valIKmEEET_SB_SB_T0_>
  40570c:	a8c37bfd 	ldp	x29, x30, [sp], #48
  405710:	d65f03c0 	ret

0000000000405714 <_ZNSt12_Vector_baseImSaImEE17_Vector_impl_dataC1Ev>:
  405714:	d10043ff 	sub	sp, sp, #0x10
  405718:	f90007e0 	str	x0, [sp, #8]
  40571c:	f94007e0 	ldr	x0, [sp, #8]
  405720:	f900001f 	str	xzr, [x0]
  405724:	f94007e0 	ldr	x0, [sp, #8]
  405728:	f900041f 	str	xzr, [x0, #8]
  40572c:	f94007e0 	ldr	x0, [sp, #8]
  405730:	f900081f 	str	xzr, [x0, #16]
  405734:	d503201f 	nop
  405738:	910043ff 	add	sp, sp, #0x10
  40573c:	d65f03c0 	ret

0000000000405740 <_ZN9__gnu_cxx13new_allocatorImED1Ev>:
  405740:	d10043ff 	sub	sp, sp, #0x10
  405744:	f90007e0 	str	x0, [sp, #8]
  405748:	d503201f 	nop
  40574c:	910043ff 	add	sp, sp, #0x10
  405750:	d65f03c0 	ret

0000000000405754 <_ZNSt12_Vector_baseImSaImEE13_M_deallocateEPmm>:
  405754:	a9bd7bfd 	stp	x29, x30, [sp, #-48]!
  405758:	910003fd 	mov	x29, sp
  40575c:	f90017e0 	str	x0, [sp, #40]
  405760:	f90013e1 	str	x1, [sp, #32]
  405764:	f9000fe2 	str	x2, [sp, #24]
  405768:	f94013e0 	ldr	x0, [sp, #32]
  40576c:	f100001f 	cmp	x0, #0x0
  405770:	540000a0 	b.eq	405784 <_ZNSt12_Vector_baseImSaImEE13_M_deallocateEPmm+0x30>  // b.none
  405774:	f94017e0 	ldr	x0, [sp, #40]
  405778:	f9400fe2 	ldr	x2, [sp, #24]
  40577c:	f94013e1 	ldr	x1, [sp, #32]
  405780:	940004b7 	bl	406a5c <_ZNSt16allocator_traitsISaImEE10deallocateERS0_Pmm>
  405784:	d503201f 	nop
  405788:	a8c37bfd 	ldp	x29, x30, [sp], #48
  40578c:	d65f03c0 	ret

0000000000405790 <_ZNSt12_Vector_baseImSaImEE19_M_get_Tp_allocatorEv>:
  405790:	d10043ff 	sub	sp, sp, #0x10
  405794:	f90007e0 	str	x0, [sp, #8]
  405798:	f94007e0 	ldr	x0, [sp, #8]
  40579c:	910043ff 	add	sp, sp, #0x10
  4057a0:	d65f03c0 	ret

00000000004057a4 <_ZSt8_DestroyIPmmEvT_S1_RSaIT0_E>:
  4057a4:	a9bd7bfd 	stp	x29, x30, [sp, #-48]!
  4057a8:	910003fd 	mov	x29, sp
  4057ac:	f90017e0 	str	x0, [sp, #40]
  4057b0:	f90013e1 	str	x1, [sp, #32]
  4057b4:	f9000fe2 	str	x2, [sp, #24]
  4057b8:	f94013e1 	ldr	x1, [sp, #32]
  4057bc:	f94017e0 	ldr	x0, [sp, #40]
  4057c0:	940004b3 	bl	406a8c <_ZSt8_DestroyIPmEvT_S1_>
  4057c4:	d503201f 	nop
  4057c8:	a8c37bfd 	ldp	x29, x30, [sp], #48
  4057cc:	d65f03c0 	ret

00000000004057d0 <_ZSt4moveIRmEONSt16remove_referenceIT_E4typeEOS2_>:
  4057d0:	d10043ff 	sub	sp, sp, #0x10
  4057d4:	f90007e0 	str	x0, [sp, #8]
  4057d8:	f94007e0 	ldr	x0, [sp, #8]
  4057dc:	910043ff 	add	sp, sp, #0x10
  4057e0:	d65f03c0 	ret

00000000004057e4 <_ZNSt6vectorImSaImEE12emplace_backIJmEEEvDpOT_>:
  4057e4:	a9bd7bfd 	stp	x29, x30, [sp, #-48]!
  4057e8:	910003fd 	mov	x29, sp
  4057ec:	a90153f3 	stp	x19, x20, [sp, #16]
  4057f0:	f90017e0 	str	x0, [sp, #40]
  4057f4:	f90013e1 	str	x1, [sp, #32]
  4057f8:	f94017e0 	ldr	x0, [sp, #40]
  4057fc:	f9400401 	ldr	x1, [x0, #8]
  405800:	f94017e0 	ldr	x0, [sp, #40]
  405804:	f9400800 	ldr	x0, [x0, #16]
  405808:	eb00003f 	cmp	x1, x0
  40580c:	54000200 	b.eq	40584c <_ZNSt6vectorImSaImEE12emplace_backIJmEEEvDpOT_+0x68>  // b.none
  405810:	f94017f3 	ldr	x19, [sp, #40]
  405814:	f94017e0 	ldr	x0, [sp, #40]
  405818:	f9400414 	ldr	x20, [x0, #8]
  40581c:	f94013e0 	ldr	x0, [sp, #32]
  405820:	940004a5 	bl	406ab4 <_ZSt7forwardImEOT_RNSt16remove_referenceIS0_E4typeE>
  405824:	aa0003e2 	mov	x2, x0
  405828:	aa1403e1 	mov	x1, x20
  40582c:	aa1303e0 	mov	x0, x19
  405830:	940004a6 	bl	406ac8 <_ZNSt16allocator_traitsISaImEE9constructImJmEEEvRS0_PT_DpOT0_>
  405834:	f94017e0 	ldr	x0, [sp, #40]
  405838:	f9400400 	ldr	x0, [x0, #8]
  40583c:	91002001 	add	x1, x0, #0x8
  405840:	f94017e0 	ldr	x0, [sp, #40]
  405844:	f9000401 	str	x1, [x0, #8]
  405848:	1400000a 	b	405870 <_ZNSt6vectorImSaImEE12emplace_backIJmEEEvDpOT_+0x8c>
  40584c:	f94017e0 	ldr	x0, [sp, #40]
  405850:	97fffda3 	bl	404edc <_ZNSt6vectorImSaImEE3endEv>
  405854:	aa0003f3 	mov	x19, x0
  405858:	f94013e0 	ldr	x0, [sp, #32]
  40585c:	94000496 	bl	406ab4 <_ZSt7forwardImEOT_RNSt16remove_referenceIS0_E4typeE>
  405860:	aa0003e2 	mov	x2, x0
  405864:	aa1303e1 	mov	x1, x19
  405868:	f94017e0 	ldr	x0, [sp, #40]
  40586c:	940004a5 	bl	406b00 <_ZNSt6vectorImSaImEE17_M_realloc_insertIJmEEEvN9__gnu_cxx17__normal_iteratorIPmS1_EEDpOT_>
  405870:	d503201f 	nop
  405874:	a94153f3 	ldp	x19, x20, [sp, #16]
  405878:	a8c37bfd 	ldp	x29, x30, [sp], #48
  40587c:	d65f03c0 	ret

0000000000405880 <_ZNSaImEC1ERKS_>:
  405880:	a9be7bfd 	stp	x29, x30, [sp, #-32]!
  405884:	910003fd 	mov	x29, sp
  405888:	f9000fe0 	str	x0, [sp, #24]
  40588c:	f9000be1 	str	x1, [sp, #16]
  405890:	f9400be1 	ldr	x1, [sp, #16]
  405894:	f9400fe0 	ldr	x0, [sp, #24]
  405898:	9400053e 	bl	406d90 <_ZN9__gnu_cxx13new_allocatorImEC1ERKS1_>
  40589c:	d503201f 	nop
  4058a0:	a8c27bfd 	ldp	x29, x30, [sp], #32
  4058a4:	d65f03c0 	ret

00000000004058a8 <_ZSt4moveIRSt6vectorImSaImEEEONSt16remove_referenceIT_E4typeEOS5_>:
  4058a8:	d10043ff 	sub	sp, sp, #0x10
  4058ac:	f90007e0 	str	x0, [sp, #8]
  4058b0:	f94007e0 	ldr	x0, [sp, #8]
  4058b4:	910043ff 	add	sp, sp, #0x10
  4058b8:	d65f03c0 	ret

00000000004058bc <_ZNSt6vectorImSaImEE14_M_move_assignEOS1_St17integral_constantIbLb1EE>:
  4058bc:	a9ba7bfd 	stp	x29, x30, [sp, #-96]!
  4058c0:	910003fd 	mov	x29, sp
  4058c4:	f9000bf3 	str	x19, [sp, #16]
  4058c8:	f9001fe0 	str	x0, [sp, #56]
  4058cc:	f9001be1 	str	x1, [sp, #48]
  4058d0:	3900a3e2 	strb	w2, [sp, #40]
  4058d4:	f9401fe0 	ldr	x0, [sp, #56]
  4058d8:	910163e1 	add	x1, sp, #0x58
  4058dc:	aa0103e8 	mov	x8, x1
  4058e0:	94000532 	bl	406da8 <_ZNKSt12_Vector_baseImSaImEE13get_allocatorEv>
  4058e4:	910163e1 	add	x1, sp, #0x58
  4058e8:	910103e0 	add	x0, sp, #0x40
  4058ec:	9400053d 	bl	406de0 <_ZNSt6vectorImSaImEEC1ERKS0_>
  4058f0:	910163e0 	add	x0, sp, #0x58
  4058f4:	97fffce2 	bl	404c7c <_ZNSaImED1Ev>
  4058f8:	f9401fe0 	ldr	x0, [sp, #56]
  4058fc:	f9401be1 	ldr	x1, [sp, #48]
  405900:	94000542 	bl	406e08 <_ZNSt12_Vector_baseImSaImEE17_Vector_impl_data12_M_swap_dataERS2_>
  405904:	f9401be1 	ldr	x1, [sp, #48]
  405908:	910103e0 	add	x0, sp, #0x40
  40590c:	9400053f 	bl	406e08 <_ZNSt12_Vector_baseImSaImEE17_Vector_impl_data12_M_swap_dataERS2_>
  405910:	f9401fe0 	ldr	x0, [sp, #56]
  405914:	97ffff9f 	bl	405790 <_ZNSt12_Vector_baseImSaImEE19_M_get_Tp_allocatorEv>
  405918:	aa0003f3 	mov	x19, x0
  40591c:	f9401be0 	ldr	x0, [sp, #48]
  405920:	97ffff9c 	bl	405790 <_ZNSt12_Vector_baseImSaImEE19_M_get_Tp_allocatorEv>
  405924:	aa0003e1 	mov	x1, x0
  405928:	aa1303e0 	mov	x0, x19
  40592c:	9400054a 	bl	406e54 <_ZSt15__alloc_on_moveISaImEEvRT_S2_>
  405930:	910103e0 	add	x0, sp, #0x40
  405934:	97fffcee 	bl	404cec <_ZNSt6vectorImSaImEED1Ev>
  405938:	f9400bf3 	ldr	x19, [sp, #16]
  40593c:	a8c67bfd 	ldp	x29, x30, [sp], #96
  405940:	d65f03c0 	ret

0000000000405944 <_ZN9__gnu_cxx13new_allocatorImEC1Ev>:
  405944:	d10043ff 	sub	sp, sp, #0x10
  405948:	f90007e0 	str	x0, [sp, #8]
  40594c:	d503201f 	nop
  405950:	910043ff 	add	sp, sp, #0x10
  405954:	d65f03c0 	ret

0000000000405958 <_ZNSt6vectorImSaImEE17_S_check_init_lenEmRKS0_>:
  405958:	a9bc7bfd 	stp	x29, x30, [sp, #-64]!
  40595c:	910003fd 	mov	x29, sp
  405960:	f9000bf3 	str	x19, [sp, #16]
  405964:	f90017e0 	str	x0, [sp, #40]
  405968:	f90013e1 	str	x1, [sp, #32]
  40596c:	9100e3e0 	add	x0, sp, #0x38
  405970:	f94013e1 	ldr	x1, [sp, #32]
  405974:	97ffffc3 	bl	405880 <_ZNSaImEC1ERKS_>
  405978:	9100e3e0 	add	x0, sp, #0x38
  40597c:	94000540 	bl	406e7c <_ZNSt6vectorImSaImEE11_S_max_sizeERKS0_>
  405980:	aa0003e1 	mov	x1, x0
  405984:	f94017e0 	ldr	x0, [sp, #40]
  405988:	eb01001f 	cmp	x0, x1
  40598c:	1a9f97e0 	cset	w0, hi  // hi = pmore
  405990:	12001c13 	and	w19, w0, #0xff
  405994:	9100e3e0 	add	x0, sp, #0x38
  405998:	97fffcb9 	bl	404c7c <_ZNSaImED1Ev>
  40599c:	7100027f 	cmp	w19, #0x0
  4059a0:	54000080 	b.eq	4059b0 <_ZNSt6vectorImSaImEE17_S_check_init_lenEmRKS0_+0x58>  // b.none
  4059a4:	90000020 	adrp	x0, 409000 <_ZSt22__copy_move_backward_aILb1EN9__gnu_cxx17__normal_iteratorIPmSt6vectorImSaImEEEES6_ET1_T0_S8_S7_+0x30>
  4059a8:	91378000 	add	x0, x0, #0xde0
  4059ac:	97fff01d 	bl	401a20 <_ZSt20__throw_length_errorPKc@plt>
  4059b0:	f94017e0 	ldr	x0, [sp, #40]
  4059b4:	f9400bf3 	ldr	x19, [sp, #16]
  4059b8:	a8c47bfd 	ldp	x29, x30, [sp], #64
  4059bc:	d65f03c0 	ret

00000000004059c0 <_ZNSt12_Vector_baseImSaImEEC1EmRKS0_>:
  4059c0:	a9bc7bfd 	stp	x29, x30, [sp, #-64]!
  4059c4:	910003fd 	mov	x29, sp
  4059c8:	f9000bf3 	str	x19, [sp, #16]
  4059cc:	f9001fe0 	str	x0, [sp, #56]
  4059d0:	f9001be1 	str	x1, [sp, #48]
  4059d4:	f90017e2 	str	x2, [sp, #40]
  4059d8:	f9401fe0 	ldr	x0, [sp, #56]
  4059dc:	f94017e1 	ldr	x1, [sp, #40]
  4059e0:	94000535 	bl	406eb4 <_ZNSt12_Vector_baseImSaImEE12_Vector_implC1ERKS0_>
  4059e4:	f9401be1 	ldr	x1, [sp, #48]
  4059e8:	f9401fe0 	ldr	x0, [sp, #56]
  4059ec:	9400053e 	bl	406ee4 <_ZNSt12_Vector_baseImSaImEE17_M_create_storageEm>
  4059f0:	14000006 	b	405a08 <_ZNSt12_Vector_baseImSaImEEC1EmRKS0_+0x48>
  4059f4:	aa0003f3 	mov	x19, x0
  4059f8:	f9401fe0 	ldr	x0, [sp, #56]
  4059fc:	97fffc01 	bl	404a00 <_ZNSt12_Vector_baseImSaImEE12_Vector_implD1Ev>
  405a00:	aa1303e0 	mov	x0, x19
  405a04:	97fff0c7 	bl	401d20 <_Unwind_Resume@plt>
  405a08:	f9400bf3 	ldr	x19, [sp, #16]
  405a0c:	a8c47bfd 	ldp	x29, x30, [sp], #64
  405a10:	d65f03c0 	ret

0000000000405a14 <_ZNSt6vectorImSaImEE21_M_default_initializeEm>:
  405a14:	a9bd7bfd 	stp	x29, x30, [sp, #-48]!
  405a18:	910003fd 	mov	x29, sp
  405a1c:	f9000bf3 	str	x19, [sp, #16]
  405a20:	f90017e0 	str	x0, [sp, #40]
  405a24:	f90013e1 	str	x1, [sp, #32]
  405a28:	f94017e0 	ldr	x0, [sp, #40]
  405a2c:	f9400013 	ldr	x19, [x0]
  405a30:	f94017e0 	ldr	x0, [sp, #40]
  405a34:	97ffff57 	bl	405790 <_ZNSt12_Vector_baseImSaImEE19_M_get_Tp_allocatorEv>
  405a38:	aa0003e2 	mov	x2, x0
  405a3c:	f94013e1 	ldr	x1, [sp, #32]
  405a40:	aa1303e0 	mov	x0, x19
  405a44:	94000540 	bl	406f44 <_ZSt27__uninitialized_default_n_aIPmmmET_S1_T0_RSaIT1_E>
  405a48:	aa0003e1 	mov	x1, x0
  405a4c:	f94017e0 	ldr	x0, [sp, #40]
  405a50:	f9000401 	str	x1, [x0, #8]
  405a54:	d503201f 	nop
  405a58:	f9400bf3 	ldr	x19, [sp, #16]
  405a5c:	a8c37bfd 	ldp	x29, x30, [sp], #48
  405a60:	d65f03c0 	ret

0000000000405a64 <_ZNSt23mersenne_twister_engineImLm32ELm624ELm397ELm31ELm2567483615ELm11ELm4294967295ELm7ELm2636928640ELm15ELm4022730752ELm18ELm1812433253EE4seedEm>:
  405a64:	a9bd7bfd 	stp	x29, x30, [sp, #-48]!
  405a68:	910003fd 	mov	x29, sp
  405a6c:	f9000fe0 	str	x0, [sp, #24]
  405a70:	f9000be1 	str	x1, [sp, #16]
  405a74:	f9400be0 	ldr	x0, [sp, #16]
  405a78:	9400053d 	bl	406f6c <_ZNSt8__detail5__modImLm4294967296ELm1ELm0EEET_S1_>
  405a7c:	aa0003e1 	mov	x1, x0
  405a80:	f9400fe0 	ldr	x0, [sp, #24]
  405a84:	f9000001 	str	x1, [x0]
  405a88:	d2800020 	mov	x0, #0x1                   	// #1
  405a8c:	f90017e0 	str	x0, [sp, #40]
  405a90:	1400001f 	b	405b0c <_ZNSt23mersenne_twister_engineImLm32ELm624ELm397ELm31ELm2567483615ELm11ELm4294967295ELm7ELm2636928640ELm15ELm4022730752ELm18ELm1812433253EE4seedEm+0xa8>
  405a94:	f94017e0 	ldr	x0, [sp, #40]
  405a98:	d1000401 	sub	x1, x0, #0x1
  405a9c:	f9400fe0 	ldr	x0, [sp, #24]
  405aa0:	f8617800 	ldr	x0, [x0, x1, lsl #3]
  405aa4:	f90013e0 	str	x0, [sp, #32]
  405aa8:	f94013e0 	ldr	x0, [sp, #32]
  405aac:	d35efc00 	lsr	x0, x0, #30
  405ab0:	f94013e1 	ldr	x1, [sp, #32]
  405ab4:	ca000020 	eor	x0, x1, x0
  405ab8:	f90013e0 	str	x0, [sp, #32]
  405abc:	f94013e1 	ldr	x1, [sp, #32]
  405ac0:	d2912ca0 	mov	x0, #0x8965                	// #35173
  405ac4:	f2ad80e0 	movk	x0, #0x6c07, lsl #16
  405ac8:	9b007c20 	mul	x0, x1, x0
  405acc:	f90013e0 	str	x0, [sp, #32]
  405ad0:	f94017e0 	ldr	x0, [sp, #40]
  405ad4:	94000530 	bl	406f94 <_ZNSt8__detail5__modImLm624ELm1ELm0EEET_S1_>
  405ad8:	aa0003e1 	mov	x1, x0
  405adc:	f94013e0 	ldr	x0, [sp, #32]
  405ae0:	8b010000 	add	x0, x0, x1
  405ae4:	f90013e0 	str	x0, [sp, #32]
  405ae8:	f94013e0 	ldr	x0, [sp, #32]
  405aec:	94000520 	bl	406f6c <_ZNSt8__detail5__modImLm4294967296ELm1ELm0EEET_S1_>
  405af0:	aa0003e2 	mov	x2, x0
  405af4:	f9400fe0 	ldr	x0, [sp, #24]
  405af8:	f94017e1 	ldr	x1, [sp, #40]
  405afc:	f8217802 	str	x2, [x0, x1, lsl #3]
  405b00:	f94017e0 	ldr	x0, [sp, #40]
  405b04:	91000400 	add	x0, x0, #0x1
  405b08:	f90017e0 	str	x0, [sp, #40]
  405b0c:	f94017e0 	ldr	x0, [sp, #40]
  405b10:	f109bc1f 	cmp	x0, #0x26f
  405b14:	54fffc09 	b.ls	405a94 <_ZNSt23mersenne_twister_engineImLm32ELm624ELm397ELm31ELm2567483615ELm11ELm4294967295ELm7ELm2636928640ELm15ELm4022730752ELm18ELm1812433253EE4seedEm+0x30>  // b.plast
  405b18:	f9400fe0 	ldr	x0, [sp, #24]
  405b1c:	d2804e01 	mov	x1, #0x270                 	// #624
  405b20:	f909c001 	str	x1, [x0, #4992]
  405b24:	d503201f 	nop
  405b28:	a8c37bfd 	ldp	x29, x30, [sp], #48
  405b2c:	d65f03c0 	ret

0000000000405b30 <_ZN9__gnu_cxx17__normal_iteratorIPmSt6vectorImSaImEEEC1ERKS1_>:
  405b30:	d10043ff 	sub	sp, sp, #0x10
  405b34:	f90007e0 	str	x0, [sp, #8]
  405b38:	f90003e1 	str	x1, [sp]
  405b3c:	f94003e0 	ldr	x0, [sp]
  405b40:	f9400001 	ldr	x1, [x0]
  405b44:	f94007e0 	ldr	x0, [sp, #8]
  405b48:	f9000001 	str	x1, [x0]
  405b4c:	d503201f 	nop
  405b50:	910043ff 	add	sp, sp, #0x10
  405b54:	d65f03c0 	ret

0000000000405b58 <_ZN9__gnu_cxxeqIPmSt6vectorImSaImEEEEbRKNS_17__normal_iteratorIT_T0_EESA_>:
  405b58:	a9bd7bfd 	stp	x29, x30, [sp, #-48]!
  405b5c:	910003fd 	mov	x29, sp
  405b60:	f9000bf3 	str	x19, [sp, #16]
  405b64:	f90017e0 	str	x0, [sp, #40]
  405b68:	f90013e1 	str	x1, [sp, #32]
  405b6c:	f94017e0 	ldr	x0, [sp, #40]
  405b70:	940002fe 	bl	406768 <_ZNK9__gnu_cxx17__normal_iteratorIPmSt6vectorImSaImEEE4baseEv>
  405b74:	f9400013 	ldr	x19, [x0]
  405b78:	f94013e0 	ldr	x0, [sp, #32]
  405b7c:	940002fb 	bl	406768 <_ZNK9__gnu_cxx17__normal_iteratorIPmSt6vectorImSaImEEE4baseEv>
  405b80:	f9400000 	ldr	x0, [x0]
  405b84:	eb00027f 	cmp	x19, x0
  405b88:	1a9f17e0 	cset	w0, eq  // eq = none
  405b8c:	12001c00 	and	w0, w0, #0xff
  405b90:	f9400bf3 	ldr	x19, [sp, #16]
  405b94:	a8c37bfd 	ldp	x29, x30, [sp], #48
  405b98:	d65f03c0 	ret

0000000000405b9c <_ZN9__gnu_cxxmiIPmSt6vectorImSaImEEEENS_17__normal_iteratorIT_T0_E15difference_typeERKS8_SB_>:
  405b9c:	a9bd7bfd 	stp	x29, x30, [sp, #-48]!
  405ba0:	910003fd 	mov	x29, sp
  405ba4:	f9000bf3 	str	x19, [sp, #16]
  405ba8:	f90017e0 	str	x0, [sp, #40]
  405bac:	f90013e1 	str	x1, [sp, #32]
  405bb0:	f94017e0 	ldr	x0, [sp, #40]
  405bb4:	940002ed 	bl	406768 <_ZNK9__gnu_cxx17__normal_iteratorIPmSt6vectorImSaImEEE4baseEv>
  405bb8:	f9400013 	ldr	x19, [x0]
  405bbc:	f94013e0 	ldr	x0, [sp, #32]
  405bc0:	940002ea 	bl	406768 <_ZNK9__gnu_cxx17__normal_iteratorIPmSt6vectorImSaImEEE4baseEv>
  405bc4:	f9400000 	ldr	x0, [x0]
  405bc8:	cb000260 	sub	x0, x19, x0
  405bcc:	9343fc00 	asr	x0, x0, #3
  405bd0:	f9400bf3 	ldr	x19, [sp, #16]
  405bd4:	a8c37bfd 	ldp	x29, x30, [sp], #48
  405bd8:	d65f03c0 	ret

0000000000405bdc <_ZNK9__gnu_cxx17__normal_iteratorIPmSt6vectorImSaImEEEplEl>:
  405bdc:	a9bd7bfd 	stp	x29, x30, [sp, #-48]!
  405be0:	910003fd 	mov	x29, sp
  405be4:	f9000fe0 	str	x0, [sp, #24]
  405be8:	f9000be1 	str	x1, [sp, #16]
  405bec:	f9400fe0 	ldr	x0, [sp, #24]
  405bf0:	f9400001 	ldr	x1, [x0]
  405bf4:	f9400be0 	ldr	x0, [sp, #16]
  405bf8:	d37df000 	lsl	x0, x0, #3
  405bfc:	8b000020 	add	x0, x1, x0
  405c00:	f90017e0 	str	x0, [sp, #40]
  405c04:	9100a3e1 	add	x1, sp, #0x28
  405c08:	910083e0 	add	x0, sp, #0x20
  405c0c:	97ffffc9 	bl	405b30 <_ZN9__gnu_cxx17__normal_iteratorIPmSt6vectorImSaImEEEC1ERKS1_>
  405c10:	f94013e0 	ldr	x0, [sp, #32]
  405c14:	a8c37bfd 	ldp	x29, x30, [sp], #48
  405c18:	d65f03c0 	ret

0000000000405c1c <_ZNSt24uniform_int_distributionImEC1Emm>:
  405c1c:	a9bd7bfd 	stp	x29, x30, [sp, #-48]!
  405c20:	910003fd 	mov	x29, sp
  405c24:	f90017e0 	str	x0, [sp, #40]
  405c28:	f90013e1 	str	x1, [sp, #32]
  405c2c:	f9000fe2 	str	x2, [sp, #24]
  405c30:	f94017e0 	ldr	x0, [sp, #40]
  405c34:	f9400fe2 	ldr	x2, [sp, #24]
  405c38:	f94013e1 	ldr	x1, [sp, #32]
  405c3c:	9400005b 	bl	405da8 <_ZNSt24uniform_int_distributionImE10param_typeC1Emm>
  405c40:	d503201f 	nop
  405c44:	a8c37bfd 	ldp	x29, x30, [sp], #48
  405c48:	d65f03c0 	ret

0000000000405c4c <_ZN9__gnu_cxx17__normal_iteratorIPmSt6vectorImSaImEEEppEi>:
  405c4c:	a9bd7bfd 	stp	x29, x30, [sp, #-48]!
  405c50:	910003fd 	mov	x29, sp
  405c54:	f9000fe0 	str	x0, [sp, #24]
  405c58:	b90017e1 	str	w1, [sp, #20]
  405c5c:	f9400fe0 	ldr	x0, [sp, #24]
  405c60:	f9400000 	ldr	x0, [x0]
  405c64:	91002002 	add	x2, x0, #0x8
  405c68:	f9400fe1 	ldr	x1, [sp, #24]
  405c6c:	f9000022 	str	x2, [x1]
  405c70:	f90017e0 	str	x0, [sp, #40]
  405c74:	9100a3e1 	add	x1, sp, #0x28
  405c78:	910083e0 	add	x0, sp, #0x20
  405c7c:	97ffffad 	bl	405b30 <_ZN9__gnu_cxx17__normal_iteratorIPmSt6vectorImSaImEEEC1ERKS1_>
  405c80:	f94013e0 	ldr	x0, [sp, #32]
  405c84:	a8c37bfd 	ldp	x29, x30, [sp], #48
  405c88:	d65f03c0 	ret

0000000000405c8c <_ZNSt24uniform_int_distributionImEclISt23mersenne_twister_engineImLm32ELm624ELm397ELm31ELm2567483615ELm11ELm4294967295ELm7ELm2636928640ELm15ELm4022730752ELm18ELm1812433253EEEEmRT_>:
  405c8c:	a9be7bfd 	stp	x29, x30, [sp, #-32]!
  405c90:	910003fd 	mov	x29, sp
  405c94:	f9000fe0 	str	x0, [sp, #24]
  405c98:	f9000be1 	str	x1, [sp, #16]
  405c9c:	f9400fe0 	ldr	x0, [sp, #24]
  405ca0:	aa0003e2 	mov	x2, x0
  405ca4:	f9400be1 	ldr	x1, [sp, #16]
  405ca8:	f9400fe0 	ldr	x0, [sp, #24]
  405cac:	9400004c 	bl	405ddc <_ZNSt24uniform_int_distributionImEclISt23mersenne_twister_engineImLm32ELm624ELm397ELm31ELm2567483615ELm11ELm4294967295ELm7ELm2636928640ELm15ELm4022730752ELm18ELm1812433253EEEEmRT_RKNS0_10param_typeE>
  405cb0:	a8c27bfd 	ldp	x29, x30, [sp], #32
  405cb4:	d65f03c0 	ret

0000000000405cb8 <_ZSt9iter_swapIN9__gnu_cxx17__normal_iteratorIPmSt6vectorImSaImEEEES6_EvT_T0_>:
  405cb8:	a9bd7bfd 	stp	x29, x30, [sp, #-48]!
  405cbc:	910003fd 	mov	x29, sp
  405cc0:	f9000bf3 	str	x19, [sp, #16]
  405cc4:	f90017e0 	str	x0, [sp, #40]
  405cc8:	f90013e1 	str	x1, [sp, #32]
  405ccc:	9100a3e0 	add	x0, sp, #0x28
  405cd0:	97fffd9f 	bl	40534c <_ZNK9__gnu_cxx17__normal_iteratorIPmSt6vectorImSaImEEEdeEv>
  405cd4:	aa0003f3 	mov	x19, x0
  405cd8:	910083e0 	add	x0, sp, #0x20
  405cdc:	97fffd9c 	bl	40534c <_ZNK9__gnu_cxx17__normal_iteratorIPmSt6vectorImSaImEEEdeEv>
  405ce0:	aa0003e1 	mov	x1, x0
  405ce4:	aa1303e0 	mov	x0, x19
  405ce8:	940004b5 	bl	406fbc <_ZSt4swapImENSt9enable_ifIXsrSt6__and_IJSt6__not_ISt15__is_tuple_likeIT_EESt21is_move_constructibleIS4_ESt18is_move_assignableIS4_EEE5valueEvE4typeERS4_SE_>
  405cec:	d503201f 	nop
  405cf0:	f9400bf3 	ldr	x19, [sp, #16]
  405cf4:	a8c37bfd 	ldp	x29, x30, [sp], #48
  405cf8:	d65f03c0 	ret

0000000000405cfc <_ZSt22__gen_two_uniform_intsImRSt23mersenne_twister_engineImLm32ELm624ELm397ELm31ELm2567483615ELm11ELm4294967295ELm7ELm2636928640ELm15ELm4022730752ELm18ELm1812433253EEESt4pairIT_S4_ES4_S4_OT0_>:
  405cfc:	a9ba7bfd 	stp	x29, x30, [sp, #-96]!
  405d00:	910003fd 	mov	x29, sp
  405d04:	f90017e0 	str	x0, [sp, #40]
  405d08:	f90013e1 	str	x1, [sp, #32]
  405d0c:	f9000fe2 	str	x2, [sp, #24]
  405d10:	f94017e1 	ldr	x1, [sp, #40]
  405d14:	f94013e0 	ldr	x0, [sp, #32]
  405d18:	9b007c20 	mul	x0, x1, x0
  405d1c:	d1000401 	sub	x1, x0, #0x1
  405d20:	9100e3e0 	add	x0, sp, #0x38
  405d24:	aa0103e2 	mov	x2, x1
  405d28:	d2800001 	mov	x1, #0x0                   	// #0
  405d2c:	97ffffbc 	bl	405c1c <_ZNSt24uniform_int_distributionImEC1Emm>
  405d30:	9100e3e0 	add	x0, sp, #0x38
  405d34:	f9400fe1 	ldr	x1, [sp, #24]
  405d38:	97ffffd5 	bl	405c8c <_ZNSt24uniform_int_distributionImEclISt23mersenne_twister_engineImLm32ELm624ELm397ELm31ELm2567483615ELm11ELm4294967295ELm7ELm2636928640ELm15ELm4022730752ELm18ELm1812433253EEEEmRT_>
  405d3c:	f9002fe0 	str	x0, [sp, #88]
  405d40:	f9402fe1 	ldr	x1, [sp, #88]
  405d44:	f94013e0 	ldr	x0, [sp, #32]
  405d48:	9ac00820 	udiv	x0, x1, x0
  405d4c:	f90027e0 	str	x0, [sp, #72]
  405d50:	f9402fe0 	ldr	x0, [sp, #88]
  405d54:	f94013e1 	ldr	x1, [sp, #32]
  405d58:	9ac10802 	udiv	x2, x0, x1
  405d5c:	f94013e1 	ldr	x1, [sp, #32]
  405d60:	9b017c41 	mul	x1, x2, x1
  405d64:	cb010000 	sub	x0, x0, x1
  405d68:	f9002be0 	str	x0, [sp, #80]
  405d6c:	910143e1 	add	x1, sp, #0x50
  405d70:	910123e0 	add	x0, sp, #0x48
  405d74:	940004a7 	bl	407010 <_ZSt9make_pairImmESt4pairINSt25__strip_reference_wrapperINSt5decayIT_E4typeEE6__typeENS1_INS2_IT0_E4typeEE6__typeEEOS3_OS8_>
  405d78:	a8c67bfd 	ldp	x29, x30, [sp], #96
  405d7c:	d65f03c0 	ret

0000000000405d80 <_ZNSt24uniform_int_distributionImEC1Ev>:
  405d80:	a9be7bfd 	stp	x29, x30, [sp, #-32]!
  405d84:	910003fd 	mov	x29, sp
  405d88:	f9000fe0 	str	x0, [sp, #24]
  405d8c:	92800002 	mov	x2, #0xffffffffffffffff    	// #-1
  405d90:	d2800001 	mov	x1, #0x0                   	// #0
  405d94:	f9400fe0 	ldr	x0, [sp, #24]
  405d98:	97ffffa1 	bl	405c1c <_ZNSt24uniform_int_distributionImEC1Emm>
  405d9c:	d503201f 	nop
  405da0:	a8c27bfd 	ldp	x29, x30, [sp], #32
  405da4:	d65f03c0 	ret

0000000000405da8 <_ZNSt24uniform_int_distributionImE10param_typeC1Emm>:
  405da8:	d10083ff 	sub	sp, sp, #0x20
  405dac:	f9000fe0 	str	x0, [sp, #24]
  405db0:	f9000be1 	str	x1, [sp, #16]
  405db4:	f90007e2 	str	x2, [sp, #8]
  405db8:	f9400fe0 	ldr	x0, [sp, #24]
  405dbc:	f9400be1 	ldr	x1, [sp, #16]
  405dc0:	f9000001 	str	x1, [x0]
  405dc4:	f9400fe0 	ldr	x0, [sp, #24]
  405dc8:	f94007e1 	ldr	x1, [sp, #8]
  405dcc:	f9000401 	str	x1, [x0, #8]
  405dd0:	d503201f 	nop
  405dd4:	910083ff 	add	sp, sp, #0x20
  405dd8:	d65f03c0 	ret

0000000000405ddc <_ZNSt24uniform_int_distributionImEclISt23mersenne_twister_engineImLm32ELm624ELm397ELm31ELm2567483615ELm11ELm4294967295ELm7ELm2636928640ELm15ELm4022730752ELm18ELm1812433253EEEEmRT_RKNS0_10param_typeE>:
  405ddc:	a9b67bfd 	stp	x29, x30, [sp, #-160]!
  405de0:	910003fd 	mov	x29, sp
  405de4:	f9000bf3 	str	x19, [sp, #16]
  405de8:	f9001fe0 	str	x0, [sp, #56]
  405dec:	f9001be1 	str	x1, [sp, #48]
  405df0:	f90017e2 	str	x2, [sp, #40]
  405df4:	f9004bff 	str	xzr, [sp, #144]
  405df8:	b2407fe0 	mov	x0, #0xffffffff            	// #4294967295
  405dfc:	f90047e0 	str	x0, [sp, #136]
  405e00:	b2407fe0 	mov	x0, #0xffffffff            	// #4294967295
  405e04:	f90043e0 	str	x0, [sp, #128]
  405e08:	f94017e0 	ldr	x0, [sp, #40]
  405e0c:	94000494 	bl	40705c <_ZNKSt24uniform_int_distributionImE10param_type1bEv>
  405e10:	aa0003f3 	mov	x19, x0
  405e14:	f94017e0 	ldr	x0, [sp, #40]
  405e18:	94000497 	bl	407074 <_ZNKSt24uniform_int_distributionImE10param_type1aEv>
  405e1c:	cb000260 	sub	x0, x19, x0
  405e20:	f9003fe0 	str	x0, [sp, #120]
  405e24:	f9403fe1 	ldr	x1, [sp, #120]
  405e28:	b27f7be0 	mov	x0, #0xfffffffe            	// #4294967294
  405e2c:	eb00003f 	cmp	x1, x0
  405e30:	54000188 	b.hi	405e60 <_ZNSt24uniform_int_distributionImEclISt23mersenne_twister_engineImLm32ELm624ELm397ELm31ELm2567483615ELm11ELm4294967295ELm7ELm2636928640ELm15ELm4022730752ELm18ELm1812433253EEEEmRT_RKNS0_10param_typeE+0x84>  // b.pmore
  405e34:	f9403fe0 	ldr	x0, [sp, #120]
  405e38:	91000400 	add	x0, x0, #0x1
  405e3c:	f90033e0 	str	x0, [sp, #96]
  405e40:	f94033e0 	ldr	x0, [sp, #96]
  405e44:	b9005fe0 	str	w0, [sp, #92]
  405e48:	b9405fe1 	ldr	w1, [sp, #92]
  405e4c:	f9401be0 	ldr	x0, [sp, #48]
  405e50:	9400048f 	bl	40708c <_ZNSt24uniform_int_distributionImE5_S_ndImSt23mersenne_twister_engineImLm32ELm624ELm397ELm31ELm2567483615ELm11ELm4294967295ELm7ELm2636928640ELm15ELm4022730752ELm18ELm1812433253EEjEET1_RT0_S4_>
  405e54:	2a0003e0 	mov	w0, w0
  405e58:	f9004fe0 	str	x0, [sp, #152]
  405e5c:	14000026 	b	405ef4 <_ZNSt24uniform_int_distributionImEclISt23mersenne_twister_engineImLm32ELm624ELm397ELm31ELm2567483615ELm11ELm4294967295ELm7ELm2636928640ELm15ELm4022730752ELm18ELm1812433253EEEEmRT_RKNS0_10param_typeE+0x118>
  405e60:	f9403fe1 	ldr	x1, [sp, #120]
  405e64:	b2407fe0 	mov	x0, #0xffffffff            	// #4294967295
  405e68:	eb00003f 	cmp	x1, x0
  405e6c:	540003e9 	b.ls	405ee8 <_ZNSt24uniform_int_distributionImEclISt23mersenne_twister_engineImLm32ELm624ELm397ELm31ELm2567483615ELm11ELm4294967295ELm7ELm2636928640ELm15ELm4022730752ELm18ELm1812433253EEEEmRT_RKNS0_10param_typeE+0x10c>  // b.plast
  405e70:	d2c00020 	mov	x0, #0x100000000           	// #4294967296
  405e74:	f9003be0 	str	x0, [sp, #112]
  405e78:	f9403fe0 	ldr	x0, [sp, #120]
  405e7c:	d360fc01 	lsr	x1, x0, #32
  405e80:	910123e0 	add	x0, sp, #0x48
  405e84:	aa0103e2 	mov	x2, x1
  405e88:	d2800001 	mov	x1, #0x0                   	// #0
  405e8c:	97ffffc7 	bl	405da8 <_ZNSt24uniform_int_distributionImE10param_typeC1Emm>
  405e90:	910123e0 	add	x0, sp, #0x48
  405e94:	aa0003e2 	mov	x2, x0
  405e98:	f9401be1 	ldr	x1, [sp, #48]
  405e9c:	f9401fe0 	ldr	x0, [sp, #56]
  405ea0:	97ffffcf 	bl	405ddc <_ZNSt24uniform_int_distributionImEclISt23mersenne_twister_engineImLm32ELm624ELm397ELm31ELm2567483615ELm11ELm4294967295ELm7ELm2636928640ELm15ELm4022730752ELm18ELm1812433253EEEEmRT_RKNS0_10param_typeE>
  405ea4:	d3607c00 	lsl	x0, x0, #32
  405ea8:	f90037e0 	str	x0, [sp, #104]
  405eac:	f9401be0 	ldr	x0, [sp, #48]
  405eb0:	940004a0 	bl	407130 <_ZNSt23mersenne_twister_engineImLm32ELm624ELm397ELm31ELm2567483615ELm11ELm4294967295ELm7ELm2636928640ELm15ELm4022730752ELm18ELm1812433253EEclEv>
  405eb4:	aa0003e1 	mov	x1, x0
  405eb8:	f94037e0 	ldr	x0, [sp, #104]
  405ebc:	8b010000 	add	x0, x0, x1
  405ec0:	f9004fe0 	str	x0, [sp, #152]
  405ec4:	f9404fe1 	ldr	x1, [sp, #152]
  405ec8:	f9403fe0 	ldr	x0, [sp, #120]
  405ecc:	eb00003f 	cmp	x1, x0
  405ed0:	54fffd08 	b.hi	405e70 <_ZNSt24uniform_int_distributionImEclISt23mersenne_twister_engineImLm32ELm624ELm397ELm31ELm2567483615ELm11ELm4294967295ELm7ELm2636928640ELm15ELm4022730752ELm18ELm1812433253EEEEmRT_RKNS0_10param_typeE+0x94>  // b.pmore
  405ed4:	f9404fe1 	ldr	x1, [sp, #152]
  405ed8:	f94037e0 	ldr	x0, [sp, #104]
  405edc:	eb00003f 	cmp	x1, x0
  405ee0:	54fffc83 	b.cc	405e70 <_ZNSt24uniform_int_distributionImEclISt23mersenne_twister_engineImLm32ELm624ELm397ELm31ELm2567483615ELm11ELm4294967295ELm7ELm2636928640ELm15ELm4022730752ELm18ELm1812433253EEEEmRT_RKNS0_10param_typeE+0x94>  // b.lo, b.ul, b.last
  405ee4:	14000004 	b	405ef4 <_ZNSt24uniform_int_distributionImEclISt23mersenne_twister_engineImLm32ELm624ELm397ELm31ELm2567483615ELm11ELm4294967295ELm7ELm2636928640ELm15ELm4022730752ELm18ELm1812433253EEEEmRT_RKNS0_10param_typeE+0x118>
  405ee8:	f9401be0 	ldr	x0, [sp, #48]
  405eec:	94000491 	bl	407130 <_ZNSt23mersenne_twister_engineImLm32ELm624ELm397ELm31ELm2567483615ELm11ELm4294967295ELm7ELm2636928640ELm15ELm4022730752ELm18ELm1812433253EEclEv>
  405ef0:	f9004fe0 	str	x0, [sp, #152]
  405ef4:	f94017e0 	ldr	x0, [sp, #40]
  405ef8:	9400045f 	bl	407074 <_ZNKSt24uniform_int_distributionImE10param_type1aEv>
  405efc:	aa0003e1 	mov	x1, x0
  405f00:	f9404fe0 	ldr	x0, [sp, #152]
  405f04:	8b000020 	add	x0, x1, x0
  405f08:	f9400bf3 	ldr	x19, [sp, #16]
  405f0c:	a8ca7bfd 	ldp	x29, x30, [sp], #160
  405f10:	d65f03c0 	ret

0000000000405f14 <_ZNSt6vectorImSaImEE14_M_fill_insertEN9__gnu_cxx17__normal_iteratorIPmS1_EEmRKm>:
  405f14:	a9b57bfd 	stp	x29, x30, [sp, #-176]!
  405f18:	910003fd 	mov	x29, sp
  405f1c:	a90153f3 	stp	x19, x20, [sp, #16]
  405f20:	f90013f5 	str	x21, [sp, #32]
  405f24:	f90027e0 	str	x0, [sp, #72]
  405f28:	f90023e1 	str	x1, [sp, #64]
  405f2c:	f9001fe2 	str	x2, [sp, #56]
  405f30:	f9001be3 	str	x3, [sp, #48]
  405f34:	f9401fe0 	ldr	x0, [sp, #56]
  405f38:	f100001f 	cmp	x0, #0x0
  405f3c:	54002100 	b.eq	40635c <_ZNSt6vectorImSaImEE14_M_fill_insertEN9__gnu_cxx17__normal_iteratorIPmS1_EEmRKm+0x448>  // b.none
  405f40:	f94027e0 	ldr	x0, [sp, #72]
  405f44:	f9400801 	ldr	x1, [x0, #16]
  405f48:	f94027e0 	ldr	x0, [sp, #72]
  405f4c:	f9400400 	ldr	x0, [x0, #8]
  405f50:	cb000020 	sub	x0, x1, x0
  405f54:	9343fc00 	asr	x0, x0, #3
  405f58:	aa0003e1 	mov	x1, x0
  405f5c:	f9401fe0 	ldr	x0, [sp, #56]
  405f60:	eb01001f 	cmp	x0, x1
  405f64:	54000e68 	b.hi	406130 <_ZNSt6vectorImSaImEE14_M_fill_insertEN9__gnu_cxx17__normal_iteratorIPmS1_EEmRKm+0x21c>  // b.pmore
  405f68:	910163e0 	add	x0, sp, #0x58
  405f6c:	f9401be2 	ldr	x2, [sp, #48]
  405f70:	f94027e1 	ldr	x1, [sp, #72]
  405f74:	9400049d 	bl	4071e8 <_ZNSt6vectorImSaImEE16_Temporary_valueC1IJRKmEEEPS1_DpOT_>
  405f78:	910163e0 	add	x0, sp, #0x58
  405f7c:	940004c4 	bl	40728c <_ZNSt6vectorImSaImEE16_Temporary_value6_M_valEv>
  405f80:	f90047e0 	str	x0, [sp, #136]
  405f84:	f94027e0 	ldr	x0, [sp, #72]
  405f88:	97fffbd5 	bl	404edc <_ZNSt6vectorImSaImEE3endEv>
  405f8c:	f90037e0 	str	x0, [sp, #104]
  405f90:	910103e1 	add	x1, sp, #0x40
  405f94:	9101a3e0 	add	x0, sp, #0x68
  405f98:	97ffff01 	bl	405b9c <_ZN9__gnu_cxxmiIPmSt6vectorImSaImEEEENS_17__normal_iteratorIT_T0_E15difference_typeERKS8_SB_>
  405f9c:	f90043e0 	str	x0, [sp, #128]
  405fa0:	f94027e0 	ldr	x0, [sp, #72]
  405fa4:	f9400400 	ldr	x0, [x0, #8]
  405fa8:	f9003fe0 	str	x0, [sp, #120]
  405fac:	f94043e1 	ldr	x1, [sp, #128]
  405fb0:	f9401fe0 	ldr	x0, [sp, #56]
  405fb4:	eb00003f 	cmp	x1, x0
  405fb8:	54000669 	b.ls	406084 <_ZNSt6vectorImSaImEE14_M_fill_insertEN9__gnu_cxx17__normal_iteratorIPmS1_EEmRKm+0x170>  // b.plast
  405fbc:	f94027e0 	ldr	x0, [sp, #72]
  405fc0:	f9400401 	ldr	x1, [x0, #8]
  405fc4:	f9401fe0 	ldr	x0, [sp, #56]
  405fc8:	d37df000 	lsl	x0, x0, #3
  405fcc:	cb0003e0 	neg	x0, x0
  405fd0:	8b000033 	add	x19, x1, x0
  405fd4:	f94027e0 	ldr	x0, [sp, #72]
  405fd8:	f9400414 	ldr	x20, [x0, #8]
  405fdc:	f94027e0 	ldr	x0, [sp, #72]
  405fe0:	f9400415 	ldr	x21, [x0, #8]
  405fe4:	f94027e0 	ldr	x0, [sp, #72]
  405fe8:	97fffdea 	bl	405790 <_ZNSt12_Vector_baseImSaImEE19_M_get_Tp_allocatorEv>
  405fec:	aa0003e3 	mov	x3, x0
  405ff0:	aa1503e2 	mov	x2, x21
  405ff4:	aa1403e1 	mov	x1, x20
  405ff8:	aa1303e0 	mov	x0, x19
  405ffc:	940004ab 	bl	4072a8 <_ZSt22__uninitialized_move_aIPmS0_SaImEET0_T_S3_S2_RT1_>
  406000:	f94027e0 	ldr	x0, [sp, #72]
  406004:	f9400401 	ldr	x1, [x0, #8]
  406008:	f9401fe0 	ldr	x0, [sp, #56]
  40600c:	d37df000 	lsl	x0, x0, #3
  406010:	8b000021 	add	x1, x1, x0
  406014:	f94027e0 	ldr	x0, [sp, #72]
  406018:	f9000401 	str	x1, [x0, #8]
  40601c:	910103e0 	add	x0, sp, #0x40
  406020:	940001d2 	bl	406768 <_ZNK9__gnu_cxx17__normal_iteratorIPmSt6vectorImSaImEEE4baseEv>
  406024:	f9400003 	ldr	x3, [x0]
  406028:	f9401fe0 	ldr	x0, [sp, #56]
  40602c:	d37df000 	lsl	x0, x0, #3
  406030:	cb0003e0 	neg	x0, x0
  406034:	f9403fe1 	ldr	x1, [sp, #120]
  406038:	8b000020 	add	x0, x1, x0
  40603c:	f9403fe2 	ldr	x2, [sp, #120]
  406040:	aa0003e1 	mov	x1, x0
  406044:	aa0303e0 	mov	x0, x3
  406048:	940004ac 	bl	4072f8 <_ZSt13move_backwardIPmS0_ET0_T_S2_S1_>
  40604c:	910103e0 	add	x0, sp, #0x40
  406050:	940001c6 	bl	406768 <_ZNK9__gnu_cxx17__normal_iteratorIPmSt6vectorImSaImEEE4baseEv>
  406054:	f9400013 	ldr	x19, [x0]
  406058:	910103e0 	add	x0, sp, #0x40
  40605c:	940001c3 	bl	406768 <_ZNK9__gnu_cxx17__normal_iteratorIPmSt6vectorImSaImEEE4baseEv>
  406060:	f9400001 	ldr	x1, [x0]
  406064:	f9401fe0 	ldr	x0, [sp, #56]
  406068:	d37df000 	lsl	x0, x0, #3
  40606c:	8b000020 	add	x0, x1, x0
  406070:	f94047e2 	ldr	x2, [sp, #136]
  406074:	aa0003e1 	mov	x1, x0
  406078:	aa1303e0 	mov	x0, x19
  40607c:	940004b1 	bl	407340 <_ZSt4fillIPmmEvT_S1_RKT0_>
  406080:	14000029 	b	406124 <_ZNSt6vectorImSaImEE14_M_fill_insertEN9__gnu_cxx17__normal_iteratorIPmS1_EEmRKm+0x210>
  406084:	f94027e0 	ldr	x0, [sp, #72]
  406088:	f9400413 	ldr	x19, [x0, #8]
  40608c:	f9401fe1 	ldr	x1, [sp, #56]
  406090:	f94043e0 	ldr	x0, [sp, #128]
  406094:	cb000034 	sub	x20, x1, x0
  406098:	f94027e0 	ldr	x0, [sp, #72]
  40609c:	97fffdbd 	bl	405790 <_ZNSt12_Vector_baseImSaImEE19_M_get_Tp_allocatorEv>
  4060a0:	aa0003e3 	mov	x3, x0
  4060a4:	f94047e2 	ldr	x2, [sp, #136]
  4060a8:	aa1403e1 	mov	x1, x20
  4060ac:	aa1303e0 	mov	x0, x19
  4060b0:	940004b0 	bl	407370 <_ZSt24__uninitialized_fill_n_aIPmmmmET_S1_T0_RKT1_RSaIT2_E>
  4060b4:	aa0003e1 	mov	x1, x0
  4060b8:	f94027e0 	ldr	x0, [sp, #72]
  4060bc:	f9000401 	str	x1, [x0, #8]
  4060c0:	910103e0 	add	x0, sp, #0x40
  4060c4:	940001a9 	bl	406768 <_ZNK9__gnu_cxx17__normal_iteratorIPmSt6vectorImSaImEEE4baseEv>
  4060c8:	f9400013 	ldr	x19, [x0]
  4060cc:	f94027e0 	ldr	x0, [sp, #72]
  4060d0:	f9400414 	ldr	x20, [x0, #8]
  4060d4:	f94027e0 	ldr	x0, [sp, #72]
  4060d8:	97fffdae 	bl	405790 <_ZNSt12_Vector_baseImSaImEE19_M_get_Tp_allocatorEv>
  4060dc:	aa0003e3 	mov	x3, x0
  4060e0:	aa1403e2 	mov	x2, x20
  4060e4:	f9403fe1 	ldr	x1, [sp, #120]
  4060e8:	aa1303e0 	mov	x0, x19
  4060ec:	9400046f 	bl	4072a8 <_ZSt22__uninitialized_move_aIPmS0_SaImEET0_T_S3_S2_RT1_>
  4060f0:	f94027e0 	ldr	x0, [sp, #72]
  4060f4:	f9400401 	ldr	x1, [x0, #8]
  4060f8:	f94043e0 	ldr	x0, [sp, #128]
  4060fc:	d37df000 	lsl	x0, x0, #3
  406100:	8b000021 	add	x1, x1, x0
  406104:	f94027e0 	ldr	x0, [sp, #72]
  406108:	f9000401 	str	x1, [x0, #8]
  40610c:	910103e0 	add	x0, sp, #0x40
  406110:	94000196 	bl	406768 <_ZNK9__gnu_cxx17__normal_iteratorIPmSt6vectorImSaImEEE4baseEv>
  406114:	f9400000 	ldr	x0, [x0]
  406118:	f94047e2 	ldr	x2, [sp, #136]
  40611c:	f9403fe1 	ldr	x1, [sp, #120]
  406120:	94000488 	bl	407340 <_ZSt4fillIPmmEvT_S1_RKT0_>
  406124:	910163e0 	add	x0, sp, #0x58
  406128:	94000449 	bl	40724c <_ZNSt6vectorImSaImEE16_Temporary_valueD1Ev>
  40612c:	1400008c 	b	40635c <_ZNSt6vectorImSaImEE14_M_fill_insertEN9__gnu_cxx17__normal_iteratorIPmS1_EEmRKm+0x448>
  406130:	f0000000 	adrp	x0, 409000 <_ZSt22__copy_move_backward_aILb1EN9__gnu_cxx17__normal_iteratorIPmSt6vectorImSaImEEEES6_ET1_T0_S8_S7_+0x30>
  406134:	91386002 	add	x2, x0, #0xe18
  406138:	f9401fe1 	ldr	x1, [sp, #56]
  40613c:	f94027e0 	ldr	x0, [sp, #72]
  406140:	94000498 	bl	4073a0 <_ZNKSt6vectorImSaImEE12_M_check_lenEmPKc>
  406144:	f90053e0 	str	x0, [sp, #160]
  406148:	f94027e0 	ldr	x0, [sp, #72]
  40614c:	97fffb5b 	bl	404eb8 <_ZNSt6vectorImSaImEE5beginEv>
  406150:	f9003be0 	str	x0, [sp, #112]
  406154:	9101c3e1 	add	x1, sp, #0x70
  406158:	910103e0 	add	x0, sp, #0x40
  40615c:	97fffe90 	bl	405b9c <_ZN9__gnu_cxxmiIPmSt6vectorImSaImEEEENS_17__normal_iteratorIT_T0_E15difference_typeERKS8_SB_>
  406160:	f9004fe0 	str	x0, [sp, #152]
  406164:	f94027e0 	ldr	x0, [sp, #72]
  406168:	f94053e1 	ldr	x1, [sp, #160]
  40616c:	940004c0 	bl	40746c <_ZNSt12_Vector_baseImSaImEE11_M_allocateEm>
  406170:	f9004be0 	str	x0, [sp, #144]
  406174:	f9404be0 	ldr	x0, [sp, #144]
  406178:	f90057e0 	str	x0, [sp, #168]
  40617c:	f9404fe0 	ldr	x0, [sp, #152]
  406180:	d37df000 	lsl	x0, x0, #3
  406184:	f9404be1 	ldr	x1, [sp, #144]
  406188:	8b000033 	add	x19, x1, x0
  40618c:	f94027e0 	ldr	x0, [sp, #72]
  406190:	97fffd80 	bl	405790 <_ZNSt12_Vector_baseImSaImEE19_M_get_Tp_allocatorEv>
  406194:	aa0003e3 	mov	x3, x0
  406198:	f9401be2 	ldr	x2, [sp, #48]
  40619c:	f9401fe1 	ldr	x1, [sp, #56]
  4061a0:	aa1303e0 	mov	x0, x19
  4061a4:	94000473 	bl	407370 <_ZSt24__uninitialized_fill_n_aIPmmmmET_S1_T0_RKT1_RSaIT2_E>
  4061a8:	f90057ff 	str	xzr, [sp, #168]
  4061ac:	f94027e0 	ldr	x0, [sp, #72]
  4061b0:	f9400013 	ldr	x19, [x0]
  4061b4:	910103e0 	add	x0, sp, #0x40
  4061b8:	9400016c 	bl	406768 <_ZNK9__gnu_cxx17__normal_iteratorIPmSt6vectorImSaImEEE4baseEv>
  4061bc:	f9400014 	ldr	x20, [x0]
  4061c0:	f94027e0 	ldr	x0, [sp, #72]
  4061c4:	97fffd73 	bl	405790 <_ZNSt12_Vector_baseImSaImEE19_M_get_Tp_allocatorEv>
  4061c8:	aa0003e3 	mov	x3, x0
  4061cc:	f9404be2 	ldr	x2, [sp, #144]
  4061d0:	aa1403e1 	mov	x1, x20
  4061d4:	aa1303e0 	mov	x0, x19
  4061d8:	940004b3 	bl	4074a4 <_ZSt34__uninitialized_move_if_noexcept_aIPmS0_SaImEET0_T_S3_S2_RT1_>
  4061dc:	f90057e0 	str	x0, [sp, #168]
  4061e0:	f9401fe0 	ldr	x0, [sp, #56]
  4061e4:	d37df000 	lsl	x0, x0, #3
  4061e8:	f94057e1 	ldr	x1, [sp, #168]
  4061ec:	8b000020 	add	x0, x1, x0
  4061f0:	f90057e0 	str	x0, [sp, #168]
  4061f4:	910103e0 	add	x0, sp, #0x40
  4061f8:	9400015c 	bl	406768 <_ZNK9__gnu_cxx17__normal_iteratorIPmSt6vectorImSaImEEE4baseEv>
  4061fc:	f9400013 	ldr	x19, [x0]
  406200:	f94027e0 	ldr	x0, [sp, #72]
  406204:	f9400414 	ldr	x20, [x0, #8]
  406208:	f94027e0 	ldr	x0, [sp, #72]
  40620c:	97fffd61 	bl	405790 <_ZNSt12_Vector_baseImSaImEE19_M_get_Tp_allocatorEv>
  406210:	aa0003e3 	mov	x3, x0
  406214:	f94057e2 	ldr	x2, [sp, #168]
  406218:	aa1403e1 	mov	x1, x20
  40621c:	aa1303e0 	mov	x0, x19
  406220:	940004a1 	bl	4074a4 <_ZSt34__uninitialized_move_if_noexcept_aIPmS0_SaImEET0_T_S3_S2_RT1_>
  406224:	f90057e0 	str	x0, [sp, #168]
  406228:	f94027e0 	ldr	x0, [sp, #72]
  40622c:	f9400013 	ldr	x19, [x0]
  406230:	f94027e0 	ldr	x0, [sp, #72]
  406234:	f9400414 	ldr	x20, [x0, #8]
  406238:	f94027e0 	ldr	x0, [sp, #72]
  40623c:	97fffd55 	bl	405790 <_ZNSt12_Vector_baseImSaImEE19_M_get_Tp_allocatorEv>
  406240:	aa0003e2 	mov	x2, x0
  406244:	aa1403e1 	mov	x1, x20
  406248:	aa1303e0 	mov	x0, x19
  40624c:	97fffd56 	bl	4057a4 <_ZSt8_DestroyIPmmEvT_S1_RSaIT0_E>
  406250:	f94027e3 	ldr	x3, [sp, #72]
  406254:	f94027e0 	ldr	x0, [sp, #72]
  406258:	f9400004 	ldr	x4, [x0]
  40625c:	f94027e0 	ldr	x0, [sp, #72]
  406260:	f9400801 	ldr	x1, [x0, #16]
  406264:	f94027e0 	ldr	x0, [sp, #72]
  406268:	f9400000 	ldr	x0, [x0]
  40626c:	cb000020 	sub	x0, x1, x0
  406270:	9343fc00 	asr	x0, x0, #3
  406274:	aa0003e2 	mov	x2, x0
  406278:	aa0403e1 	mov	x1, x4
  40627c:	aa0303e0 	mov	x0, x3
  406280:	97fffd35 	bl	405754 <_ZNSt12_Vector_baseImSaImEE13_M_deallocateEPmm>
  406284:	f94027e0 	ldr	x0, [sp, #72]
  406288:	f9404be1 	ldr	x1, [sp, #144]
  40628c:	f9000001 	str	x1, [x0]
  406290:	f94027e0 	ldr	x0, [sp, #72]
  406294:	f94057e1 	ldr	x1, [sp, #168]
  406298:	f9000401 	str	x1, [x0, #8]
  40629c:	f94053e0 	ldr	x0, [sp, #160]
  4062a0:	d37df000 	lsl	x0, x0, #3
  4062a4:	f9404be1 	ldr	x1, [sp, #144]
  4062a8:	8b000021 	add	x1, x1, x0
  4062ac:	f94027e0 	ldr	x0, [sp, #72]
  4062b0:	f9000801 	str	x1, [x0, #16]
  4062b4:	1400002a 	b	40635c <_ZNSt6vectorImSaImEE14_M_fill_insertEN9__gnu_cxx17__normal_iteratorIPmS1_EEmRKm+0x448>
  4062b8:	aa0003f3 	mov	x19, x0
  4062bc:	910163e0 	add	x0, sp, #0x58
  4062c0:	940003e3 	bl	40724c <_ZNSt6vectorImSaImEE16_Temporary_valueD1Ev>
  4062c4:	aa1303e0 	mov	x0, x19
  4062c8:	97ffee96 	bl	401d20 <_Unwind_Resume@plt>
  4062cc:	97ffedc5 	bl	4019e0 <__cxa_begin_catch@plt>
  4062d0:	f94057e0 	ldr	x0, [sp, #168]
  4062d4:	f100001f 	cmp	x0, #0x0
  4062d8:	54000241 	b.ne	406320 <_ZNSt6vectorImSaImEE14_M_fill_insertEN9__gnu_cxx17__normal_iteratorIPmS1_EEmRKm+0x40c>  // b.any
  4062dc:	f9404fe0 	ldr	x0, [sp, #152]
  4062e0:	d37df000 	lsl	x0, x0, #3
  4062e4:	f9404be1 	ldr	x1, [sp, #144]
  4062e8:	8b000033 	add	x19, x1, x0
  4062ec:	f9404fe1 	ldr	x1, [sp, #152]
  4062f0:	f9401fe0 	ldr	x0, [sp, #56]
  4062f4:	8b000020 	add	x0, x1, x0
  4062f8:	d37df000 	lsl	x0, x0, #3
  4062fc:	f9404be1 	ldr	x1, [sp, #144]
  406300:	8b000034 	add	x20, x1, x0
  406304:	f94027e0 	ldr	x0, [sp, #72]
  406308:	97fffd22 	bl	405790 <_ZNSt12_Vector_baseImSaImEE19_M_get_Tp_allocatorEv>
  40630c:	aa0003e2 	mov	x2, x0
  406310:	aa1403e1 	mov	x1, x20
  406314:	aa1303e0 	mov	x0, x19
  406318:	97fffd23 	bl	4057a4 <_ZSt8_DestroyIPmmEvT_S1_RSaIT0_E>
  40631c:	14000007 	b	406338 <_ZNSt6vectorImSaImEE14_M_fill_insertEN9__gnu_cxx17__normal_iteratorIPmS1_EEmRKm+0x424>
  406320:	f94027e0 	ldr	x0, [sp, #72]
  406324:	97fffd1b 	bl	405790 <_ZNSt12_Vector_baseImSaImEE19_M_get_Tp_allocatorEv>
  406328:	aa0003e2 	mov	x2, x0
  40632c:	f94057e1 	ldr	x1, [sp, #168]
  406330:	f9404be0 	ldr	x0, [sp, #144]
  406334:	97fffd1c 	bl	4057a4 <_ZSt8_DestroyIPmmEvT_S1_RSaIT0_E>
  406338:	f94027e0 	ldr	x0, [sp, #72]
  40633c:	f94053e2 	ldr	x2, [sp, #160]
  406340:	f9404be1 	ldr	x1, [sp, #144]
  406344:	97fffd04 	bl	405754 <_ZNSt12_Vector_baseImSaImEE13_M_deallocateEPmm>
  406348:	97ffee42 	bl	401c50 <__cxa_rethrow@plt>
  40634c:	aa0003f3 	mov	x19, x0
  406350:	97ffee58 	bl	401cb0 <__cxa_end_catch@plt>
  406354:	aa1303e0 	mov	x0, x19
  406358:	97ffee72 	bl	401d20 <_Unwind_Resume@plt>
  40635c:	d503201f 	nop
  406360:	a94153f3 	ldp	x19, x20, [sp, #16]
  406364:	f94013f5 	ldr	x21, [sp, #32]
  406368:	a8cb7bfd 	ldp	x29, x30, [sp], #176
  40636c:	d65f03c0 	ret

0000000000406370 <_ZNSt6vectorImSaImEE15_M_erase_at_endEPm>:
  406370:	a9bc7bfd 	stp	x29, x30, [sp, #-64]!
  406374:	910003fd 	mov	x29, sp
  406378:	f9000bf3 	str	x19, [sp, #16]
  40637c:	f90017e0 	str	x0, [sp, #40]
  406380:	f90013e1 	str	x1, [sp, #32]
  406384:	f94017e0 	ldr	x0, [sp, #40]
  406388:	f9400401 	ldr	x1, [x0, #8]
  40638c:	f94013e0 	ldr	x0, [sp, #32]
  406390:	cb000020 	sub	x0, x1, x0
  406394:	9343fc00 	asr	x0, x0, #3
  406398:	f9001fe0 	str	x0, [sp, #56]
  40639c:	f9401fe0 	ldr	x0, [sp, #56]
  4063a0:	f100001f 	cmp	x0, #0x0
  4063a4:	54000180 	b.eq	4063d4 <_ZNSt6vectorImSaImEE15_M_erase_at_endEPm+0x64>  // b.none
  4063a8:	f94017e0 	ldr	x0, [sp, #40]
  4063ac:	f9400413 	ldr	x19, [x0, #8]
  4063b0:	f94017e0 	ldr	x0, [sp, #40]
  4063b4:	97fffcf7 	bl	405790 <_ZNSt12_Vector_baseImSaImEE19_M_get_Tp_allocatorEv>
  4063b8:	aa0003e2 	mov	x2, x0
  4063bc:	aa1303e1 	mov	x1, x19
  4063c0:	f94013e0 	ldr	x0, [sp, #32]
  4063c4:	97fffcf8 	bl	4057a4 <_ZSt8_DestroyIPmmEvT_S1_RSaIT0_E>
  4063c8:	f94017e0 	ldr	x0, [sp, #40]
  4063cc:	f94013e1 	ldr	x1, [sp, #32]
  4063d0:	f9000401 	str	x1, [x0, #8]
  4063d4:	d503201f 	nop
  4063d8:	f9400bf3 	ldr	x19, [sp, #16]
  4063dc:	a8c47bfd 	ldp	x29, x30, [sp], #64
  4063e0:	d65f03c0 	ret

00000000004063e4 <_ZNSt16allocator_traitsISaImEE9constructImJRKmEEEvRS0_PT_DpOT0_>:
  4063e4:	a9bd7bfd 	stp	x29, x30, [sp, #-48]!
  4063e8:	910003fd 	mov	x29, sp
  4063ec:	f90017e0 	str	x0, [sp, #40]
  4063f0:	f90013e1 	str	x1, [sp, #32]
  4063f4:	f9000fe2 	str	x2, [sp, #24]
  4063f8:	f9400fe0 	ldr	x0, [sp, #24]
  4063fc:	9400043e 	bl	4074f4 <_ZSt7forwardIRKmEOT_RNSt16remove_referenceIS2_E4typeE>
  406400:	aa0003e2 	mov	x2, x0
  406404:	f94013e1 	ldr	x1, [sp, #32]
  406408:	f94017e0 	ldr	x0, [sp, #40]
  40640c:	9400043f 	bl	407508 <_ZN9__gnu_cxx13new_allocatorImE9constructImJRKmEEEvPT_DpOT0_>
  406410:	d503201f 	nop
  406414:	a8c37bfd 	ldp	x29, x30, [sp], #48
  406418:	d65f03c0 	ret

000000000040641c <_ZNSt6vectorImSaImEE15_S_use_relocateEv>:
  40641c:	a9be7bfd 	stp	x29, x30, [sp, #-32]!
  406420:	910003fd 	mov	x29, sp
  406424:	94000004 	bl	406434 <_ZNSt6vectorImSaImEE19_S_nothrow_relocateESt17integral_constantIbLb1EE>
  406428:	12001c00 	and	w0, w0, #0xff
  40642c:	a8c27bfd 	ldp	x29, x30, [sp], #32
  406430:	d65f03c0 	ret

0000000000406434 <_ZNSt6vectorImSaImEE19_S_nothrow_relocateESt17integral_constantIbLb1EE>:
  406434:	d10043ff 	sub	sp, sp, #0x10
  406438:	390023e0 	strb	w0, [sp, #8]
  40643c:	52800020 	mov	w0, #0x1                   	// #1
  406440:	910043ff 	add	sp, sp, #0x10
  406444:	d65f03c0 	ret

0000000000406448 <_ZNSt6vectorImSaImEE17_M_realloc_insertIJRKmEEEvN9__gnu_cxx17__normal_iteratorIPmS1_EEDpOT_>:
  406448:	a9b87bfd 	stp	x29, x30, [sp, #-128]!
  40644c:	910003fd 	mov	x29, sp
  406450:	a90153f3 	stp	x19, x20, [sp, #16]
  406454:	f9001fe0 	str	x0, [sp, #56]
  406458:	f9001be1 	str	x1, [sp, #48]
  40645c:	f90017e2 	str	x2, [sp, #40]
  406460:	f0000000 	adrp	x0, 409000 <_ZSt22__copy_move_backward_aILb1EN9__gnu_cxx17__normal_iteratorIPmSt6vectorImSaImEEEES6_ET1_T0_S8_S7_+0x30>
  406464:	9138c002 	add	x2, x0, #0xe30
  406468:	d2800021 	mov	x1, #0x1                   	// #1
  40646c:	f9401fe0 	ldr	x0, [sp, #56]
  406470:	940003cc 	bl	4073a0 <_ZNKSt6vectorImSaImEE12_M_check_lenEmPKc>
  406474:	f9003be0 	str	x0, [sp, #112]
  406478:	f9401fe0 	ldr	x0, [sp, #56]
  40647c:	f9400000 	ldr	x0, [x0]
  406480:	f90037e0 	str	x0, [sp, #104]
  406484:	f9401fe0 	ldr	x0, [sp, #56]
  406488:	f9400400 	ldr	x0, [x0, #8]
  40648c:	f90033e0 	str	x0, [sp, #96]
  406490:	f9401fe0 	ldr	x0, [sp, #56]
  406494:	97fffa89 	bl	404eb8 <_ZNSt6vectorImSaImEE5beginEv>
  406498:	f90027e0 	str	x0, [sp, #72]
  40649c:	910123e1 	add	x1, sp, #0x48
  4064a0:	9100c3e0 	add	x0, sp, #0x30
  4064a4:	97fffdbe 	bl	405b9c <_ZN9__gnu_cxxmiIPmSt6vectorImSaImEEEENS_17__normal_iteratorIT_T0_E15difference_typeERKS8_SB_>
  4064a8:	f9002fe0 	str	x0, [sp, #88]
  4064ac:	f9401fe0 	ldr	x0, [sp, #56]
  4064b0:	f9403be1 	ldr	x1, [sp, #112]
  4064b4:	940003ee 	bl	40746c <_ZNSt12_Vector_baseImSaImEE11_M_allocateEm>
  4064b8:	f9002be0 	str	x0, [sp, #80]
  4064bc:	f9402be0 	ldr	x0, [sp, #80]
  4064c0:	f9003fe0 	str	x0, [sp, #120]
  4064c4:	f9401ff3 	ldr	x19, [sp, #56]
  4064c8:	f9402fe0 	ldr	x0, [sp, #88]
  4064cc:	d37df000 	lsl	x0, x0, #3
  4064d0:	f9402be1 	ldr	x1, [sp, #80]
  4064d4:	8b000034 	add	x20, x1, x0
  4064d8:	f94017e0 	ldr	x0, [sp, #40]
  4064dc:	94000406 	bl	4074f4 <_ZSt7forwardIRKmEOT_RNSt16remove_referenceIS2_E4typeE>
  4064e0:	aa0003e2 	mov	x2, x0
  4064e4:	aa1403e1 	mov	x1, x20
  4064e8:	aa1303e0 	mov	x0, x19
  4064ec:	97ffffbe 	bl	4063e4 <_ZNSt16allocator_traitsISaImEE9constructImJRKmEEEvRS0_PT_DpOT0_>
  4064f0:	f9003fff 	str	xzr, [sp, #120]
  4064f4:	97ffffca 	bl	40641c <_ZNSt6vectorImSaImEE15_S_use_relocateEv>
  4064f8:	12001c00 	and	w0, w0, #0xff
  4064fc:	7100001f 	cmp	w0, #0x0
  406500:	54000360 	b.eq	40656c <_ZNSt6vectorImSaImEE17_M_realloc_insertIJRKmEEEvN9__gnu_cxx17__normal_iteratorIPmS1_EEDpOT_+0x124>  // b.none
  406504:	9100c3e0 	add	x0, sp, #0x30
  406508:	94000098 	bl	406768 <_ZNK9__gnu_cxx17__normal_iteratorIPmSt6vectorImSaImEEE4baseEv>
  40650c:	f9400013 	ldr	x19, [x0]
  406510:	f9401fe0 	ldr	x0, [sp, #56]
  406514:	97fffc9f 	bl	405790 <_ZNSt12_Vector_baseImSaImEE19_M_get_Tp_allocatorEv>
  406518:	aa0003e3 	mov	x3, x0
  40651c:	f9402be2 	ldr	x2, [sp, #80]
  406520:	aa1303e1 	mov	x1, x19
  406524:	f94037e0 	ldr	x0, [sp, #104]
  406528:	9400040a 	bl	407550 <_ZNSt6vectorImSaImEE11_S_relocateEPmS2_S2_RS0_>
  40652c:	f9003fe0 	str	x0, [sp, #120]
  406530:	f9403fe0 	ldr	x0, [sp, #120]
  406534:	91002000 	add	x0, x0, #0x8
  406538:	f9003fe0 	str	x0, [sp, #120]
  40653c:	9100c3e0 	add	x0, sp, #0x30
  406540:	9400008a 	bl	406768 <_ZNK9__gnu_cxx17__normal_iteratorIPmSt6vectorImSaImEEE4baseEv>
  406544:	f9400013 	ldr	x19, [x0]
  406548:	f9401fe0 	ldr	x0, [sp, #56]
  40654c:	97fffc91 	bl	405790 <_ZNSt12_Vector_baseImSaImEE19_M_get_Tp_allocatorEv>
  406550:	aa0003e3 	mov	x3, x0
  406554:	f9403fe2 	ldr	x2, [sp, #120]
  406558:	f94033e1 	ldr	x1, [sp, #96]
  40655c:	aa1303e0 	mov	x0, x19
  406560:	940003fc 	bl	407550 <_ZNSt6vectorImSaImEE11_S_relocateEPmS2_S2_RS0_>
  406564:	f9003fe0 	str	x0, [sp, #120]
  406568:	1400001a 	b	4065d0 <_ZNSt6vectorImSaImEE17_M_realloc_insertIJRKmEEEvN9__gnu_cxx17__normal_iteratorIPmS1_EEDpOT_+0x188>
  40656c:	9100c3e0 	add	x0, sp, #0x30
  406570:	9400007e 	bl	406768 <_ZNK9__gnu_cxx17__normal_iteratorIPmSt6vectorImSaImEEE4baseEv>
  406574:	f9400013 	ldr	x19, [x0]
  406578:	f9401fe0 	ldr	x0, [sp, #56]
  40657c:	97fffc85 	bl	405790 <_ZNSt12_Vector_baseImSaImEE19_M_get_Tp_allocatorEv>
  406580:	aa0003e3 	mov	x3, x0
  406584:	f9402be2 	ldr	x2, [sp, #80]
  406588:	aa1303e1 	mov	x1, x19
  40658c:	f94037e0 	ldr	x0, [sp, #104]
  406590:	940003c5 	bl	4074a4 <_ZSt34__uninitialized_move_if_noexcept_aIPmS0_SaImEET0_T_S3_S2_RT1_>
  406594:	f9003fe0 	str	x0, [sp, #120]
  406598:	f9403fe0 	ldr	x0, [sp, #120]
  40659c:	91002000 	add	x0, x0, #0x8
  4065a0:	f9003fe0 	str	x0, [sp, #120]
  4065a4:	9100c3e0 	add	x0, sp, #0x30
  4065a8:	94000070 	bl	406768 <_ZNK9__gnu_cxx17__normal_iteratorIPmSt6vectorImSaImEEE4baseEv>
  4065ac:	f9400013 	ldr	x19, [x0]
  4065b0:	f9401fe0 	ldr	x0, [sp, #56]
  4065b4:	97fffc77 	bl	405790 <_ZNSt12_Vector_baseImSaImEE19_M_get_Tp_allocatorEv>
  4065b8:	aa0003e3 	mov	x3, x0
  4065bc:	f9403fe2 	ldr	x2, [sp, #120]
  4065c0:	f94033e1 	ldr	x1, [sp, #96]
  4065c4:	aa1303e0 	mov	x0, x19
  4065c8:	940003b7 	bl	4074a4 <_ZSt34__uninitialized_move_if_noexcept_aIPmS0_SaImEET0_T_S3_S2_RT1_>
  4065cc:	f9003fe0 	str	x0, [sp, #120]
  4065d0:	97ffff93 	bl	40641c <_ZNSt6vectorImSaImEE15_S_use_relocateEv>
  4065d4:	12001c00 	and	w0, w0, #0xff
  4065d8:	52000000 	eor	w0, w0, #0x1
  4065dc:	12001c00 	and	w0, w0, #0xff
  4065e0:	7100001f 	cmp	w0, #0x0
  4065e4:	540000e0 	b.eq	406600 <_ZNSt6vectorImSaImEE17_M_realloc_insertIJRKmEEEvN9__gnu_cxx17__normal_iteratorIPmS1_EEDpOT_+0x1b8>  // b.none
  4065e8:	f9401fe0 	ldr	x0, [sp, #56]
  4065ec:	97fffc69 	bl	405790 <_ZNSt12_Vector_baseImSaImEE19_M_get_Tp_allocatorEv>
  4065f0:	aa0003e2 	mov	x2, x0
  4065f4:	f94033e1 	ldr	x1, [sp, #96]
  4065f8:	f94037e0 	ldr	x0, [sp, #104]
  4065fc:	97fffc6a 	bl	4057a4 <_ZSt8_DestroyIPmmEvT_S1_RSaIT0_E>
  406600:	f9401fe3 	ldr	x3, [sp, #56]
  406604:	f9401fe0 	ldr	x0, [sp, #56]
  406608:	f9400801 	ldr	x1, [x0, #16]
  40660c:	f94037e0 	ldr	x0, [sp, #104]
  406610:	cb000020 	sub	x0, x1, x0
  406614:	9343fc00 	asr	x0, x0, #3
  406618:	aa0003e2 	mov	x2, x0
  40661c:	f94037e1 	ldr	x1, [sp, #104]
  406620:	aa0303e0 	mov	x0, x3
  406624:	97fffc4c 	bl	405754 <_ZNSt12_Vector_baseImSaImEE13_M_deallocateEPmm>
  406628:	f9401fe0 	ldr	x0, [sp, #56]
  40662c:	f9402be1 	ldr	x1, [sp, #80]
  406630:	f9000001 	str	x1, [x0]
  406634:	f9401fe0 	ldr	x0, [sp, #56]
  406638:	f9403fe1 	ldr	x1, [sp, #120]
  40663c:	f9000401 	str	x1, [x0, #8]
  406640:	f9403be0 	ldr	x0, [sp, #112]
  406644:	d37df000 	lsl	x0, x0, #3
  406648:	f9402be1 	ldr	x1, [sp, #80]
  40664c:	8b000021 	add	x1, x1, x0
  406650:	f9401fe0 	ldr	x0, [sp, #56]
  406654:	f9000801 	str	x1, [x0, #16]
  406658:	1400001d 	b	4066cc <_ZNSt6vectorImSaImEE17_M_realloc_insertIJRKmEEEvN9__gnu_cxx17__normal_iteratorIPmS1_EEDpOT_+0x284>
  40665c:	97ffece1 	bl	4019e0 <__cxa_begin_catch@plt>
  406660:	f9403fe0 	ldr	x0, [sp, #120]
  406664:	f100001f 	cmp	x0, #0x0
  406668:	54000141 	b.ne	406690 <_ZNSt6vectorImSaImEE17_M_realloc_insertIJRKmEEEvN9__gnu_cxx17__normal_iteratorIPmS1_EEDpOT_+0x248>  // b.any
  40666c:	f9401fe2 	ldr	x2, [sp, #56]
  406670:	f9402fe0 	ldr	x0, [sp, #88]
  406674:	d37df000 	lsl	x0, x0, #3
  406678:	f9402be1 	ldr	x1, [sp, #80]
  40667c:	8b000020 	add	x0, x1, x0
  406680:	aa0003e1 	mov	x1, x0
  406684:	aa0203e0 	mov	x0, x2
  406688:	940003bf 	bl	407584 <_ZNSt16allocator_traitsISaImEE7destroyImEEvRS0_PT_>
  40668c:	14000007 	b	4066a8 <_ZNSt6vectorImSaImEE17_M_realloc_insertIJRKmEEEvN9__gnu_cxx17__normal_iteratorIPmS1_EEDpOT_+0x260>
  406690:	f9401fe0 	ldr	x0, [sp, #56]
  406694:	97fffc3f 	bl	405790 <_ZNSt12_Vector_baseImSaImEE19_M_get_Tp_allocatorEv>
  406698:	aa0003e2 	mov	x2, x0
  40669c:	f9403fe1 	ldr	x1, [sp, #120]
  4066a0:	f9402be0 	ldr	x0, [sp, #80]
  4066a4:	97fffc40 	bl	4057a4 <_ZSt8_DestroyIPmmEvT_S1_RSaIT0_E>
  4066a8:	f9401fe0 	ldr	x0, [sp, #56]
  4066ac:	f9403be2 	ldr	x2, [sp, #112]
  4066b0:	f9402be1 	ldr	x1, [sp, #80]
  4066b4:	97fffc28 	bl	405754 <_ZNSt12_Vector_baseImSaImEE13_M_deallocateEPmm>
  4066b8:	97ffed66 	bl	401c50 <__cxa_rethrow@plt>
  4066bc:	aa0003f3 	mov	x19, x0
  4066c0:	97ffed7c 	bl	401cb0 <__cxa_end_catch@plt>
  4066c4:	aa1303e0 	mov	x0, x19
  4066c8:	97ffed96 	bl	401d20 <_Unwind_Resume@plt>
  4066cc:	a94153f3 	ldp	x19, x20, [sp, #16]
  4066d0:	a8c87bfd 	ldp	x29, x30, [sp], #128
  4066d4:	d65f03c0 	ret

00000000004066d8 <_ZNKSt6vectorImSaImEE11_M_data_ptrImEEPT_S4_>:
  4066d8:	d10043ff 	sub	sp, sp, #0x10
  4066dc:	f90007e0 	str	x0, [sp, #8]
  4066e0:	f90003e1 	str	x1, [sp]
  4066e4:	f94003e0 	ldr	x0, [sp]
  4066e8:	910043ff 	add	sp, sp, #0x10
  4066ec:	d65f03c0 	ret

00000000004066f0 <_ZSt6__sortIN9__gnu_cxx17__normal_iteratorIPmSt6vectorImSaImEEEENS0_5__ops15_Iter_less_iterEEvT_S9_T0_>:
  4066f0:	a9bc7bfd 	stp	x29, x30, [sp, #-64]!
  4066f4:	910003fd 	mov	x29, sp
  4066f8:	a90153f3 	stp	x19, x20, [sp, #16]
  4066fc:	f9001fe0 	str	x0, [sp, #56]
  406700:	f9001be1 	str	x1, [sp, #48]
  406704:	3900a3e2 	strb	w2, [sp, #40]
  406708:	9100c3e1 	add	x1, sp, #0x30
  40670c:	9100e3e0 	add	x0, sp, #0x38
  406710:	97fffaf4 	bl	4052e0 <_ZN9__gnu_cxxneIPmSt6vectorImSaImEEEEbRKNS_17__normal_iteratorIT_T0_EESA_>
  406714:	12001c00 	and	w0, w0, #0xff
  406718:	7100001f 	cmp	w0, #0x0
  40671c:	540001e0 	b.eq	406758 <_ZSt6__sortIN9__gnu_cxx17__normal_iteratorIPmSt6vectorImSaImEEEENS0_5__ops15_Iter_less_iterEEvT_S9_T0_+0x68>  // b.none
  406720:	9100e3e1 	add	x1, sp, #0x38
  406724:	9100c3e0 	add	x0, sp, #0x30
  406728:	97fffd1d 	bl	405b9c <_ZN9__gnu_cxxmiIPmSt6vectorImSaImEEEENS_17__normal_iteratorIT_T0_E15difference_typeERKS8_SB_>
  40672c:	97fff89a 	bl	404994 <_ZSt4__lgl>
  406730:	d37ff800 	lsl	x0, x0, #1
  406734:	2a1403e3 	mov	w3, w20
  406738:	aa0003e2 	mov	x2, x0
  40673c:	f9401be1 	ldr	x1, [sp, #48]
  406740:	f9401fe0 	ldr	x0, [sp, #56]
  406744:	9400039a 	bl	4075ac <_ZSt16__introsort_loopIN9__gnu_cxx17__normal_iteratorIPmSt6vectorImSaImEEEElNS0_5__ops15_Iter_less_iterEEvT_S9_T0_T1_>
  406748:	2a1303e2 	mov	w2, w19
  40674c:	f9401be1 	ldr	x1, [sp, #48]
  406750:	f9401fe0 	ldr	x0, [sp, #56]
  406754:	940003c3 	bl	407660 <_ZSt22__final_insertion_sortIN9__gnu_cxx17__normal_iteratorIPmSt6vectorImSaImEEEENS0_5__ops15_Iter_less_iterEEvT_S9_T0_>
  406758:	d503201f 	nop
  40675c:	a94153f3 	ldp	x19, x20, [sp, #16]
  406760:	a8c47bfd 	ldp	x29, x30, [sp], #64
  406764:	d65f03c0 	ret

0000000000406768 <_ZNK9__gnu_cxx17__normal_iteratorIPmSt6vectorImSaImEEE4baseEv>:
  406768:	d10043ff 	sub	sp, sp, #0x10
  40676c:	f90007e0 	str	x0, [sp, #8]
  406770:	f94007e0 	ldr	x0, [sp, #8]
  406774:	910043ff 	add	sp, sp, #0x10
  406778:	d65f03c0 	ret

000000000040677c <_ZNKSt6vectorImSaImEE5beginEv>:
  40677c:	a9bd7bfd 	stp	x29, x30, [sp, #-48]!
  406780:	910003fd 	mov	x29, sp
  406784:	f9000fe0 	str	x0, [sp, #24]
  406788:	f9400fe1 	ldr	x1, [sp, #24]
  40678c:	9100a3e0 	add	x0, sp, #0x28
  406790:	940003da 	bl	4076f8 <_ZN9__gnu_cxx17__normal_iteratorIPKmSt6vectorImSaImEEEC1ERKS2_>
  406794:	f94017e0 	ldr	x0, [sp, #40]
  406798:	a8c37bfd 	ldp	x29, x30, [sp], #48
  40679c:	d65f03c0 	ret

00000000004067a0 <_ZNKSt6vectorImSaImEE3endEv>:
  4067a0:	a9bd7bfd 	stp	x29, x30, [sp, #-48]!
  4067a4:	910003fd 	mov	x29, sp
  4067a8:	f9000fe0 	str	x0, [sp, #24]
  4067ac:	f9400fe0 	ldr	x0, [sp, #24]
  4067b0:	91002001 	add	x1, x0, #0x8
  4067b4:	9100a3e0 	add	x0, sp, #0x28
  4067b8:	940003d0 	bl	4076f8 <_ZN9__gnu_cxx17__normal_iteratorIPKmSt6vectorImSaImEEEC1ERKS2_>
  4067bc:	f94017e0 	ldr	x0, [sp, #40]
  4067c0:	a8c37bfd 	ldp	x29, x30, [sp], #48
  4067c4:	d65f03c0 	ret

00000000004067c8 <_ZN9__gnu_cxxeqIPKmSt6vectorImSaImEEEEbRKNS_17__normal_iteratorIT_T0_EESB_>:
  4067c8:	a9bd7bfd 	stp	x29, x30, [sp, #-48]!
  4067cc:	910003fd 	mov	x29, sp
  4067d0:	f9000bf3 	str	x19, [sp, #16]
  4067d4:	f90017e0 	str	x0, [sp, #40]
  4067d8:	f90013e1 	str	x1, [sp, #32]
  4067dc:	f94017e0 	ldr	x0, [sp, #40]
  4067e0:	940003d0 	bl	407720 <_ZNK9__gnu_cxx17__normal_iteratorIPKmSt6vectorImSaImEEE4baseEv>
  4067e4:	f9400013 	ldr	x19, [x0]
  4067e8:	f94013e0 	ldr	x0, [sp, #32]
  4067ec:	940003cd 	bl	407720 <_ZNK9__gnu_cxx17__normal_iteratorIPKmSt6vectorImSaImEEE4baseEv>
  4067f0:	f9400000 	ldr	x0, [x0]
  4067f4:	eb00027f 	cmp	x19, x0
  4067f8:	1a9f17e0 	cset	w0, eq  // eq = none
  4067fc:	12001c00 	and	w0, w0, #0xff
  406800:	f9400bf3 	ldr	x19, [sp, #16]
  406804:	a8c37bfd 	ldp	x29, x30, [sp], #48
  406808:	d65f03c0 	ret

000000000040680c <_ZNKSt12_Vector_baseImSaImEE19_M_get_Tp_allocatorEv>:
  40680c:	d10043ff 	sub	sp, sp, #0x10
  406810:	f90007e0 	str	x0, [sp, #8]
  406814:	f94007e0 	ldr	x0, [sp, #8]
  406818:	910043ff 	add	sp, sp, #0x10
  40681c:	d65f03c0 	ret

0000000000406820 <_ZStneRKSaImES1_>:
  406820:	d10043ff 	sub	sp, sp, #0x10
  406824:	f90007e0 	str	x0, [sp, #8]
  406828:	f90003e1 	str	x1, [sp]
  40682c:	52800000 	mov	w0, #0x0                   	// #0
  406830:	910043ff 	add	sp, sp, #0x10
  406834:	d65f03c0 	ret

0000000000406838 <_ZSt15__alloc_on_copyISaImEEvRT_RKS1_>:
  406838:	a9be7bfd 	stp	x29, x30, [sp, #-32]!
  40683c:	910003fd 	mov	x29, sp
  406840:	f9000fe0 	str	x0, [sp, #24]
  406844:	f9000be1 	str	x1, [sp, #16]
  406848:	f9400be1 	ldr	x1, [sp, #16]
  40684c:	f9400fe0 	ldr	x0, [sp, #24]
  406850:	940003b9 	bl	407734 <_ZSt18__do_alloc_on_copyISaImEEvRT_RKS1_St17integral_constantIbLb0EE>
  406854:	d503201f 	nop
  406858:	a8c27bfd 	ldp	x29, x30, [sp], #32
  40685c:	d65f03c0 	ret

0000000000406860 <_ZNKSt6vectorImSaImEE8capacityEv>:
  406860:	d10043ff 	sub	sp, sp, #0x10
  406864:	f90007e0 	str	x0, [sp, #8]
  406868:	f94007e0 	ldr	x0, [sp, #8]
  40686c:	f9400801 	ldr	x1, [x0, #16]
  406870:	f94007e0 	ldr	x0, [sp, #8]
  406874:	f9400000 	ldr	x0, [x0]
  406878:	cb000020 	sub	x0, x1, x0
  40687c:	9343fc00 	asr	x0, x0, #3
  406880:	910043ff 	add	sp, sp, #0x10
  406884:	d65f03c0 	ret

0000000000406888 <_ZNSt6vectorImSaImEE20_M_allocate_and_copyIN9__gnu_cxx17__normal_iteratorIPKmS1_EEEEPmmT_S9_>:
  406888:	a9bb7bfd 	stp	x29, x30, [sp, #-80]!
  40688c:	910003fd 	mov	x29, sp
  406890:	f9000bf3 	str	x19, [sp, #16]
  406894:	f9001fe0 	str	x0, [sp, #56]
  406898:	f9001be1 	str	x1, [sp, #48]
  40689c:	f90017e2 	str	x2, [sp, #40]
  4068a0:	f90013e3 	str	x3, [sp, #32]
  4068a4:	f9401fe0 	ldr	x0, [sp, #56]
  4068a8:	f9401be1 	ldr	x1, [sp, #48]
  4068ac:	940002f0 	bl	40746c <_ZNSt12_Vector_baseImSaImEE11_M_allocateEm>
  4068b0:	f90027e0 	str	x0, [sp, #72]
  4068b4:	f9401fe0 	ldr	x0, [sp, #56]
  4068b8:	97fffbb6 	bl	405790 <_ZNSt12_Vector_baseImSaImEE19_M_get_Tp_allocatorEv>
  4068bc:	aa0003e3 	mov	x3, x0
  4068c0:	f94027e2 	ldr	x2, [sp, #72]
  4068c4:	f94013e1 	ldr	x1, [sp, #32]
  4068c8:	f94017e0 	ldr	x0, [sp, #40]
  4068cc:	940003a1 	bl	407750 <_ZSt22__uninitialized_copy_aIN9__gnu_cxx17__normal_iteratorIPKmSt6vectorImSaImEEEEPmmET0_T_SA_S9_RSaIT1_E>
  4068d0:	f94027e0 	ldr	x0, [sp, #72]
  4068d4:	1400000b 	b	406900 <_ZNSt6vectorImSaImEE20_M_allocate_and_copyIN9__gnu_cxx17__normal_iteratorIPKmS1_EEEEPmmT_S9_+0x78>
  4068d8:	97ffec42 	bl	4019e0 <__cxa_begin_catch@plt>
  4068dc:	f9401fe0 	ldr	x0, [sp, #56]
  4068e0:	f9401be2 	ldr	x2, [sp, #48]
  4068e4:	f94027e1 	ldr	x1, [sp, #72]
  4068e8:	97fffb9b 	bl	405754 <_ZNSt12_Vector_baseImSaImEE13_M_deallocateEPmm>
  4068ec:	97ffecd9 	bl	401c50 <__cxa_rethrow@plt>
  4068f0:	aa0003f3 	mov	x19, x0
  4068f4:	97ffecef 	bl	401cb0 <__cxa_end_catch@plt>
  4068f8:	aa1303e0 	mov	x0, x19
  4068fc:	97ffed09 	bl	401d20 <_Unwind_Resume@plt>
  406900:	f9400bf3 	ldr	x19, [sp, #16]
  406904:	a8c57bfd 	ldp	x29, x30, [sp], #80
  406908:	d65f03c0 	ret

000000000040690c <_ZSt4copyIN9__gnu_cxx17__normal_iteratorIPKmSt6vectorImSaImEEEENS1_IPmS6_EEET0_T_SB_SA_>:
  40690c:	a9bc7bfd 	stp	x29, x30, [sp, #-64]!
  406910:	910003fd 	mov	x29, sp
  406914:	f9000bf3 	str	x19, [sp, #16]
  406918:	f9001fe0 	str	x0, [sp, #56]
  40691c:	f9001be1 	str	x1, [sp, #48]
  406920:	f90017e2 	str	x2, [sp, #40]
  406924:	f9401fe0 	ldr	x0, [sp, #56]
  406928:	94000396 	bl	407780 <_ZSt12__miter_baseIN9__gnu_cxx17__normal_iteratorIPKmSt6vectorImSaImEEEEET_S8_>
  40692c:	aa0003f3 	mov	x19, x0
  406930:	f9401be0 	ldr	x0, [sp, #48]
  406934:	94000393 	bl	407780 <_ZSt12__miter_baseIN9__gnu_cxx17__normal_iteratorIPKmSt6vectorImSaImEEEEET_S8_>
  406938:	f94017e2 	ldr	x2, [sp, #40]
  40693c:	aa0003e1 	mov	x1, x0
  406940:	aa1303e0 	mov	x0, x19
  406944:	94000394 	bl	407794 <_ZSt13__copy_move_aILb0EN9__gnu_cxx17__normal_iteratorIPKmSt6vectorImSaImEEEENS1_IPmS6_EEET1_T0_SB_SA_>
  406948:	f9400bf3 	ldr	x19, [sp, #16]
  40694c:	a8c47bfd 	ldp	x29, x30, [sp], #64
  406950:	d65f03c0 	ret

0000000000406954 <_ZSt8_DestroyIN9__gnu_cxx17__normal_iteratorIPmSt6vectorImSaImEEEEmEvT_S7_RSaIT0_E>:
  406954:	a9bd7bfd 	stp	x29, x30, [sp, #-48]!
  406958:	910003fd 	mov	x29, sp
  40695c:	f90017e0 	str	x0, [sp, #40]
  406960:	f90013e1 	str	x1, [sp, #32]
  406964:	f9000fe2 	str	x2, [sp, #24]
  406968:	f94013e1 	ldr	x1, [sp, #32]
  40696c:	f94017e0 	ldr	x0, [sp, #40]
  406970:	940003a1 	bl	4077f4 <_ZSt8_DestroyIN9__gnu_cxx17__normal_iteratorIPmSt6vectorImSaImEEEEEvT_S7_>
  406974:	d503201f 	nop
  406978:	a8c37bfd 	ldp	x29, x30, [sp], #48
  40697c:	d65f03c0 	ret

0000000000406980 <_ZSt4copyIPmS0_ET0_T_S2_S1_>:
  406980:	a9bc7bfd 	stp	x29, x30, [sp, #-64]!
  406984:	910003fd 	mov	x29, sp
  406988:	f9000bf3 	str	x19, [sp, #16]
  40698c:	f9001fe0 	str	x0, [sp, #56]
  406990:	f9001be1 	str	x1, [sp, #48]
  406994:	f90017e2 	str	x2, [sp, #40]
  406998:	f9401fe0 	ldr	x0, [sp, #56]
  40699c:	940003a0 	bl	40781c <_ZSt12__miter_baseIPmET_S1_>
  4069a0:	aa0003f3 	mov	x19, x0
  4069a4:	f9401be0 	ldr	x0, [sp, #48]
  4069a8:	9400039d 	bl	40781c <_ZSt12__miter_baseIPmET_S1_>
  4069ac:	f94017e2 	ldr	x2, [sp, #40]
  4069b0:	aa0003e1 	mov	x1, x0
  4069b4:	aa1303e0 	mov	x0, x19
  4069b8:	9400039e 	bl	407830 <_ZSt13__copy_move_aILb0EPmS0_ET1_T0_S2_S1_>
  4069bc:	f9400bf3 	ldr	x19, [sp, #16]
  4069c0:	a8c47bfd 	ldp	x29, x30, [sp], #64
  4069c4:	d65f03c0 	ret

00000000004069c8 <_ZSt22__uninitialized_copy_aIPmS0_mET0_T_S2_S1_RSaIT1_E>:
  4069c8:	a9bd7bfd 	stp	x29, x30, [sp, #-48]!
  4069cc:	910003fd 	mov	x29, sp
  4069d0:	f90017e0 	str	x0, [sp, #40]
  4069d4:	f90013e1 	str	x1, [sp, #32]
  4069d8:	f9000fe2 	str	x2, [sp, #24]
  4069dc:	f9000be3 	str	x3, [sp, #16]
  4069e0:	f9400fe2 	ldr	x2, [sp, #24]
  4069e4:	f94013e1 	ldr	x1, [sp, #32]
  4069e8:	f94017e0 	ldr	x0, [sp, #40]
  4069ec:	940003a9 	bl	407890 <_ZSt18uninitialized_copyIPmS0_ET0_T_S2_S1_>
  4069f0:	a8c37bfd 	ldp	x29, x30, [sp], #48
  4069f4:	d65f03c0 	ret

00000000004069f8 <_ZN9__gnu_cxx5__ops17__iter_equals_valIKmEENS0_16_Iter_equals_valIT_EERS4_>:
  4069f8:	a9bd7bfd 	stp	x29, x30, [sp, #-48]!
  4069fc:	910003fd 	mov	x29, sp
  406a00:	f9000fe0 	str	x0, [sp, #24]
  406a04:	9100a3e0 	add	x0, sp, #0x28
  406a08:	f9400fe1 	ldr	x1, [sp, #24]
  406a0c:	940003ae 	bl	4078c4 <_ZN9__gnu_cxx5__ops16_Iter_equals_valIKmEC1ERS2_>
  406a10:	f94017e0 	ldr	x0, [sp, #40]
  406a14:	a8c37bfd 	ldp	x29, x30, [sp], #48
  406a18:	d65f03c0 	ret

0000000000406a1c <_ZSt9__find_ifIN9__gnu_cxx17__normal_iteratorIPmSt6vectorImSaImEEEENS0_5__ops16_Iter_equals_valIKmEEET_SB_SB_T0_>:
  406a1c:	a9bc7bfd 	stp	x29, x30, [sp, #-64]!
  406a20:	910003fd 	mov	x29, sp
  406a24:	f9000bf3 	str	x19, [sp, #16]
  406a28:	f9001fe0 	str	x0, [sp, #56]
  406a2c:	f9001be1 	str	x1, [sp, #48]
  406a30:	f90017e2 	str	x2, [sp, #40]
  406a34:	9100e3e0 	add	x0, sp, #0x38
  406a38:	940003ac 	bl	4078e8 <_ZSt19__iterator_categoryIN9__gnu_cxx17__normal_iteratorIPmSt6vectorImSaImEEEEENSt15iterator_traitsIT_E17iterator_categoryERKS8_>
  406a3c:	2a1303e3 	mov	w3, w19
  406a40:	f94017e2 	ldr	x2, [sp, #40]
  406a44:	f9401be1 	ldr	x1, [sp, #48]
  406a48:	f9401fe0 	ldr	x0, [sp, #56]
  406a4c:	940003ad 	bl	407900 <_ZSt9__find_ifIN9__gnu_cxx17__normal_iteratorIPmSt6vectorImSaImEEEENS0_5__ops16_Iter_equals_valIKmEEET_SB_SB_T0_St26random_access_iterator_tag>
  406a50:	f9400bf3 	ldr	x19, [sp, #16]
  406a54:	a8c47bfd 	ldp	x29, x30, [sp], #64
  406a58:	d65f03c0 	ret

0000000000406a5c <_ZNSt16allocator_traitsISaImEE10deallocateERS0_Pmm>:
  406a5c:	a9bd7bfd 	stp	x29, x30, [sp, #-48]!
  406a60:	910003fd 	mov	x29, sp
  406a64:	f90017e0 	str	x0, [sp, #40]
  406a68:	f90013e1 	str	x1, [sp, #32]
  406a6c:	f9000fe2 	str	x2, [sp, #24]
  406a70:	f9400fe2 	ldr	x2, [sp, #24]
  406a74:	f94013e1 	ldr	x1, [sp, #32]
  406a78:	f94017e0 	ldr	x0, [sp, #40]
  406a7c:	94000408 	bl	407a9c <_ZN9__gnu_cxx13new_allocatorImE10deallocateEPmm>
  406a80:	d503201f 	nop
  406a84:	a8c37bfd 	ldp	x29, x30, [sp], #48
  406a88:	d65f03c0 	ret

0000000000406a8c <_ZSt8_DestroyIPmEvT_S1_>:
  406a8c:	a9be7bfd 	stp	x29, x30, [sp, #-32]!
  406a90:	910003fd 	mov	x29, sp
  406a94:	f9000fe0 	str	x0, [sp, #24]
  406a98:	f9000be1 	str	x1, [sp, #16]
  406a9c:	f9400be1 	ldr	x1, [sp, #16]
  406aa0:	f9400fe0 	ldr	x0, [sp, #24]
  406aa4:	94000408 	bl	407ac4 <_ZNSt12_Destroy_auxILb1EE9__destroyIPmEEvT_S3_>
  406aa8:	d503201f 	nop
  406aac:	a8c27bfd 	ldp	x29, x30, [sp], #32
  406ab0:	d65f03c0 	ret

0000000000406ab4 <_ZSt7forwardImEOT_RNSt16remove_referenceIS0_E4typeE>:
  406ab4:	d10043ff 	sub	sp, sp, #0x10
  406ab8:	f90007e0 	str	x0, [sp, #8]
  406abc:	f94007e0 	ldr	x0, [sp, #8]
  406ac0:	910043ff 	add	sp, sp, #0x10
  406ac4:	d65f03c0 	ret

0000000000406ac8 <_ZNSt16allocator_traitsISaImEE9constructImJmEEEvRS0_PT_DpOT0_>:
  406ac8:	a9bd7bfd 	stp	x29, x30, [sp, #-48]!
  406acc:	910003fd 	mov	x29, sp
  406ad0:	f90017e0 	str	x0, [sp, #40]
  406ad4:	f90013e1 	str	x1, [sp, #32]
  406ad8:	f9000fe2 	str	x2, [sp, #24]
  406adc:	f9400fe0 	ldr	x0, [sp, #24]
  406ae0:	97fffff5 	bl	406ab4 <_ZSt7forwardImEOT_RNSt16remove_referenceIS0_E4typeE>
  406ae4:	aa0003e2 	mov	x2, x0
  406ae8:	f94013e1 	ldr	x1, [sp, #32]
  406aec:	f94017e0 	ldr	x0, [sp, #40]
  406af0:	940003fb 	bl	407adc <_ZN9__gnu_cxx13new_allocatorImE9constructImJmEEEvPT_DpOT0_>
  406af4:	d503201f 	nop
  406af8:	a8c37bfd 	ldp	x29, x30, [sp], #48
  406afc:	d65f03c0 	ret

0000000000406b00 <_ZNSt6vectorImSaImEE17_M_realloc_insertIJmEEEvN9__gnu_cxx17__normal_iteratorIPmS1_EEDpOT_>:
  406b00:	a9b87bfd 	stp	x29, x30, [sp, #-128]!
  406b04:	910003fd 	mov	x29, sp
  406b08:	a90153f3 	stp	x19, x20, [sp, #16]
  406b0c:	f9001fe0 	str	x0, [sp, #56]
  406b10:	f9001be1 	str	x1, [sp, #48]
  406b14:	f90017e2 	str	x2, [sp, #40]
  406b18:	f0000000 	adrp	x0, 409000 <_ZSt22__copy_move_backward_aILb1EN9__gnu_cxx17__normal_iteratorIPmSt6vectorImSaImEEEES6_ET1_T0_S8_S7_+0x30>
  406b1c:	9138c002 	add	x2, x0, #0xe30
  406b20:	d2800021 	mov	x1, #0x1                   	// #1
  406b24:	f9401fe0 	ldr	x0, [sp, #56]
  406b28:	9400021e 	bl	4073a0 <_ZNKSt6vectorImSaImEE12_M_check_lenEmPKc>
  406b2c:	f9003be0 	str	x0, [sp, #112]
  406b30:	f9401fe0 	ldr	x0, [sp, #56]
  406b34:	f9400000 	ldr	x0, [x0]
  406b38:	f90037e0 	str	x0, [sp, #104]
  406b3c:	f9401fe0 	ldr	x0, [sp, #56]
  406b40:	f9400400 	ldr	x0, [x0, #8]
  406b44:	f90033e0 	str	x0, [sp, #96]
  406b48:	f9401fe0 	ldr	x0, [sp, #56]
  406b4c:	97fff8db 	bl	404eb8 <_ZNSt6vectorImSaImEE5beginEv>
  406b50:	f90027e0 	str	x0, [sp, #72]
  406b54:	910123e1 	add	x1, sp, #0x48
  406b58:	9100c3e0 	add	x0, sp, #0x30
  406b5c:	97fffc10 	bl	405b9c <_ZN9__gnu_cxxmiIPmSt6vectorImSaImEEEENS_17__normal_iteratorIT_T0_E15difference_typeERKS8_SB_>
  406b60:	f9002fe0 	str	x0, [sp, #88]
  406b64:	f9401fe0 	ldr	x0, [sp, #56]
  406b68:	f9403be1 	ldr	x1, [sp, #112]
  406b6c:	94000240 	bl	40746c <_ZNSt12_Vector_baseImSaImEE11_M_allocateEm>
  406b70:	f9002be0 	str	x0, [sp, #80]
  406b74:	f9402be0 	ldr	x0, [sp, #80]
  406b78:	f9003fe0 	str	x0, [sp, #120]
  406b7c:	f9401ff3 	ldr	x19, [sp, #56]
  406b80:	f9402fe0 	ldr	x0, [sp, #88]
  406b84:	d37df000 	lsl	x0, x0, #3
  406b88:	f9402be1 	ldr	x1, [sp, #80]
  406b8c:	8b000034 	add	x20, x1, x0
  406b90:	f94017e0 	ldr	x0, [sp, #40]
  406b94:	97ffffc8 	bl	406ab4 <_ZSt7forwardImEOT_RNSt16remove_referenceIS0_E4typeE>
  406b98:	aa0003e2 	mov	x2, x0
  406b9c:	aa1403e1 	mov	x1, x20
  406ba0:	aa1303e0 	mov	x0, x19
  406ba4:	97ffffc9 	bl	406ac8 <_ZNSt16allocator_traitsISaImEE9constructImJmEEEvRS0_PT_DpOT0_>
  406ba8:	f9003fff 	str	xzr, [sp, #120]
  406bac:	97fffe1c 	bl	40641c <_ZNSt6vectorImSaImEE15_S_use_relocateEv>
  406bb0:	12001c00 	and	w0, w0, #0xff
  406bb4:	7100001f 	cmp	w0, #0x0
  406bb8:	54000360 	b.eq	406c24 <_ZNSt6vectorImSaImEE17_M_realloc_insertIJmEEEvN9__gnu_cxx17__normal_iteratorIPmS1_EEDpOT_+0x124>  // b.none
  406bbc:	9100c3e0 	add	x0, sp, #0x30
  406bc0:	97fffeea 	bl	406768 <_ZNK9__gnu_cxx17__normal_iteratorIPmSt6vectorImSaImEEE4baseEv>
  406bc4:	f9400013 	ldr	x19, [x0]
  406bc8:	f9401fe0 	ldr	x0, [sp, #56]
  406bcc:	97fffaf1 	bl	405790 <_ZNSt12_Vector_baseImSaImEE19_M_get_Tp_allocatorEv>
  406bd0:	aa0003e3 	mov	x3, x0
  406bd4:	f9402be2 	ldr	x2, [sp, #80]
  406bd8:	aa1303e1 	mov	x1, x19
  406bdc:	f94037e0 	ldr	x0, [sp, #104]
  406be0:	9400025c 	bl	407550 <_ZNSt6vectorImSaImEE11_S_relocateEPmS2_S2_RS0_>
  406be4:	f9003fe0 	str	x0, [sp, #120]
  406be8:	f9403fe0 	ldr	x0, [sp, #120]
  406bec:	91002000 	add	x0, x0, #0x8
  406bf0:	f9003fe0 	str	x0, [sp, #120]
  406bf4:	9100c3e0 	add	x0, sp, #0x30
  406bf8:	97fffedc 	bl	406768 <_ZNK9__gnu_cxx17__normal_iteratorIPmSt6vectorImSaImEEE4baseEv>
  406bfc:	f9400013 	ldr	x19, [x0]
  406c00:	f9401fe0 	ldr	x0, [sp, #56]
  406c04:	97fffae3 	bl	405790 <_ZNSt12_Vector_baseImSaImEE19_M_get_Tp_allocatorEv>
  406c08:	aa0003e3 	mov	x3, x0
  406c0c:	f9403fe2 	ldr	x2, [sp, #120]
  406c10:	f94033e1 	ldr	x1, [sp, #96]
  406c14:	aa1303e0 	mov	x0, x19
  406c18:	9400024e 	bl	407550 <_ZNSt6vectorImSaImEE11_S_relocateEPmS2_S2_RS0_>
  406c1c:	f9003fe0 	str	x0, [sp, #120]
  406c20:	1400001a 	b	406c88 <_ZNSt6vectorImSaImEE17_M_realloc_insertIJmEEEvN9__gnu_cxx17__normal_iteratorIPmS1_EEDpOT_+0x188>
  406c24:	9100c3e0 	add	x0, sp, #0x30
  406c28:	97fffed0 	bl	406768 <_ZNK9__gnu_cxx17__normal_iteratorIPmSt6vectorImSaImEEE4baseEv>
  406c2c:	f9400013 	ldr	x19, [x0]
  406c30:	f9401fe0 	ldr	x0, [sp, #56]
  406c34:	97fffad7 	bl	405790 <_ZNSt12_Vector_baseImSaImEE19_M_get_Tp_allocatorEv>
  406c38:	aa0003e3 	mov	x3, x0
  406c3c:	f9402be2 	ldr	x2, [sp, #80]
  406c40:	aa1303e1 	mov	x1, x19
  406c44:	f94037e0 	ldr	x0, [sp, #104]
  406c48:	94000217 	bl	4074a4 <_ZSt34__uninitialized_move_if_noexcept_aIPmS0_SaImEET0_T_S3_S2_RT1_>
  406c4c:	f9003fe0 	str	x0, [sp, #120]
  406c50:	f9403fe0 	ldr	x0, [sp, #120]
  406c54:	91002000 	add	x0, x0, #0x8
  406c58:	f9003fe0 	str	x0, [sp, #120]
  406c5c:	9100c3e0 	add	x0, sp, #0x30
  406c60:	97fffec2 	bl	406768 <_ZNK9__gnu_cxx17__normal_iteratorIPmSt6vectorImSaImEEE4baseEv>
  406c64:	f9400013 	ldr	x19, [x0]
  406c68:	f9401fe0 	ldr	x0, [sp, #56]
  406c6c:	97fffac9 	bl	405790 <_ZNSt12_Vector_baseImSaImEE19_M_get_Tp_allocatorEv>
  406c70:	aa0003e3 	mov	x3, x0
  406c74:	f9403fe2 	ldr	x2, [sp, #120]
  406c78:	f94033e1 	ldr	x1, [sp, #96]
  406c7c:	aa1303e0 	mov	x0, x19
  406c80:	94000209 	bl	4074a4 <_ZSt34__uninitialized_move_if_noexcept_aIPmS0_SaImEET0_T_S3_S2_RT1_>
  406c84:	f9003fe0 	str	x0, [sp, #120]
  406c88:	97fffde5 	bl	40641c <_ZNSt6vectorImSaImEE15_S_use_relocateEv>
  406c8c:	12001c00 	and	w0, w0, #0xff
  406c90:	52000000 	eor	w0, w0, #0x1
  406c94:	12001c00 	and	w0, w0, #0xff
  406c98:	7100001f 	cmp	w0, #0x0
  406c9c:	540000e0 	b.eq	406cb8 <_ZNSt6vectorImSaImEE17_M_realloc_insertIJmEEEvN9__gnu_cxx17__normal_iteratorIPmS1_EEDpOT_+0x1b8>  // b.none
  406ca0:	f9401fe0 	ldr	x0, [sp, #56]
  406ca4:	97fffabb 	bl	405790 <_ZNSt12_Vector_baseImSaImEE19_M_get_Tp_allocatorEv>
  406ca8:	aa0003e2 	mov	x2, x0
  406cac:	f94033e1 	ldr	x1, [sp, #96]
  406cb0:	f94037e0 	ldr	x0, [sp, #104]
  406cb4:	97fffabc 	bl	4057a4 <_ZSt8_DestroyIPmmEvT_S1_RSaIT0_E>
  406cb8:	f9401fe3 	ldr	x3, [sp, #56]
  406cbc:	f9401fe0 	ldr	x0, [sp, #56]
  406cc0:	f9400801 	ldr	x1, [x0, #16]
  406cc4:	f94037e0 	ldr	x0, [sp, #104]
  406cc8:	cb000020 	sub	x0, x1, x0
  406ccc:	9343fc00 	asr	x0, x0, #3
  406cd0:	aa0003e2 	mov	x2, x0
  406cd4:	f94037e1 	ldr	x1, [sp, #104]
  406cd8:	aa0303e0 	mov	x0, x3
  406cdc:	97fffa9e 	bl	405754 <_ZNSt12_Vector_baseImSaImEE13_M_deallocateEPmm>
  406ce0:	f9401fe0 	ldr	x0, [sp, #56]
  406ce4:	f9402be1 	ldr	x1, [sp, #80]
  406ce8:	f9000001 	str	x1, [x0]
  406cec:	f9401fe0 	ldr	x0, [sp, #56]
  406cf0:	f9403fe1 	ldr	x1, [sp, #120]
  406cf4:	f9000401 	str	x1, [x0, #8]
  406cf8:	f9403be0 	ldr	x0, [sp, #112]
  406cfc:	d37df000 	lsl	x0, x0, #3
  406d00:	f9402be1 	ldr	x1, [sp, #80]
  406d04:	8b000021 	add	x1, x1, x0
  406d08:	f9401fe0 	ldr	x0, [sp, #56]
  406d0c:	f9000801 	str	x1, [x0, #16]
  406d10:	1400001d 	b	406d84 <_ZNSt6vectorImSaImEE17_M_realloc_insertIJmEEEvN9__gnu_cxx17__normal_iteratorIPmS1_EEDpOT_+0x284>
  406d14:	97ffeb33 	bl	4019e0 <__cxa_begin_catch@plt>
  406d18:	f9403fe0 	ldr	x0, [sp, #120]
  406d1c:	f100001f 	cmp	x0, #0x0
  406d20:	54000141 	b.ne	406d48 <_ZNSt6vectorImSaImEE17_M_realloc_insertIJmEEEvN9__gnu_cxx17__normal_iteratorIPmS1_EEDpOT_+0x248>  // b.any
  406d24:	f9401fe2 	ldr	x2, [sp, #56]
  406d28:	f9402fe0 	ldr	x0, [sp, #88]
  406d2c:	d37df000 	lsl	x0, x0, #3
  406d30:	f9402be1 	ldr	x1, [sp, #80]
  406d34:	8b000020 	add	x0, x1, x0
  406d38:	aa0003e1 	mov	x1, x0
  406d3c:	aa0203e0 	mov	x0, x2
  406d40:	94000211 	bl	407584 <_ZNSt16allocator_traitsISaImEE7destroyImEEvRS0_PT_>
  406d44:	14000007 	b	406d60 <_ZNSt6vectorImSaImEE17_M_realloc_insertIJmEEEvN9__gnu_cxx17__normal_iteratorIPmS1_EEDpOT_+0x260>
  406d48:	f9401fe0 	ldr	x0, [sp, #56]
  406d4c:	97fffa91 	bl	405790 <_ZNSt12_Vector_baseImSaImEE19_M_get_Tp_allocatorEv>
  406d50:	aa0003e2 	mov	x2, x0
  406d54:	f9403fe1 	ldr	x1, [sp, #120]
  406d58:	f9402be0 	ldr	x0, [sp, #80]
  406d5c:	97fffa92 	bl	4057a4 <_ZSt8_DestroyIPmmEvT_S1_RSaIT0_E>
  406d60:	f9401fe0 	ldr	x0, [sp, #56]
  406d64:	f9403be2 	ldr	x2, [sp, #112]
  406d68:	f9402be1 	ldr	x1, [sp, #80]
  406d6c:	97fffa7a 	bl	405754 <_ZNSt12_Vector_baseImSaImEE13_M_deallocateEPmm>
  406d70:	97ffebb8 	bl	401c50 <__cxa_rethrow@plt>
  406d74:	aa0003f3 	mov	x19, x0
  406d78:	97ffebce 	bl	401cb0 <__cxa_end_catch@plt>
  406d7c:	aa1303e0 	mov	x0, x19
  406d80:	97ffebe8 	bl	401d20 <_Unwind_Resume@plt>
  406d84:	a94153f3 	ldp	x19, x20, [sp, #16]
  406d88:	a8c87bfd 	ldp	x29, x30, [sp], #128
  406d8c:	d65f03c0 	ret

0000000000406d90 <_ZN9__gnu_cxx13new_allocatorImEC1ERKS1_>:
  406d90:	d10043ff 	sub	sp, sp, #0x10
  406d94:	f90007e0 	str	x0, [sp, #8]
  406d98:	f90003e1 	str	x1, [sp]
  406d9c:	d503201f 	nop
  406da0:	910043ff 	add	sp, sp, #0x10
  406da4:	d65f03c0 	ret

0000000000406da8 <_ZNKSt12_Vector_baseImSaImEE13get_allocatorEv>:
  406da8:	a9bd7bfd 	stp	x29, x30, [sp, #-48]!
  406dac:	910003fd 	mov	x29, sp
  406db0:	f9000bf3 	str	x19, [sp, #16]
  406db4:	aa0803f3 	mov	x19, x8
  406db8:	f90017e0 	str	x0, [sp, #40]
  406dbc:	f94017e0 	ldr	x0, [sp, #40]
  406dc0:	97fffe93 	bl	40680c <_ZNKSt12_Vector_baseImSaImEE19_M_get_Tp_allocatorEv>
  406dc4:	aa0003e1 	mov	x1, x0
  406dc8:	aa1303e0 	mov	x0, x19
  406dcc:	97fffaad 	bl	405880 <_ZNSaImEC1ERKS_>
  406dd0:	aa1303e0 	mov	x0, x19
  406dd4:	f9400bf3 	ldr	x19, [sp, #16]
  406dd8:	a8c37bfd 	ldp	x29, x30, [sp], #48
  406ddc:	d65f03c0 	ret

0000000000406de0 <_ZNSt6vectorImSaImEEC1ERKS0_>:
  406de0:	a9be7bfd 	stp	x29, x30, [sp, #-32]!
  406de4:	910003fd 	mov	x29, sp
  406de8:	f9000fe0 	str	x0, [sp, #24]
  406dec:	f9000be1 	str	x1, [sp, #16]
  406df0:	f9400fe0 	ldr	x0, [sp, #24]
  406df4:	f9400be1 	ldr	x1, [sp, #16]
  406df8:	9400034b 	bl	407b24 <_ZNSt12_Vector_baseImSaImEEC1ERKS0_>
  406dfc:	d503201f 	nop
  406e00:	a8c27bfd 	ldp	x29, x30, [sp], #32
  406e04:	d65f03c0 	ret

0000000000406e08 <_ZNSt12_Vector_baseImSaImEE17_Vector_impl_data12_M_swap_dataERS2_>:
  406e08:	a9bc7bfd 	stp	x29, x30, [sp, #-64]!
  406e0c:	910003fd 	mov	x29, sp
  406e10:	f9000fe0 	str	x0, [sp, #24]
  406e14:	f9000be1 	str	x1, [sp, #16]
  406e18:	9100a3e0 	add	x0, sp, #0x28
  406e1c:	97fffa3e 	bl	405714 <_ZNSt12_Vector_baseImSaImEE17_Vector_impl_dataC1Ev>
  406e20:	9100a3e0 	add	x0, sp, #0x28
  406e24:	f9400fe1 	ldr	x1, [sp, #24]
  406e28:	94000349 	bl	407b4c <_ZNSt12_Vector_baseImSaImEE17_Vector_impl_data12_M_copy_dataERKS2_>
  406e2c:	f9400be1 	ldr	x1, [sp, #16]
  406e30:	f9400fe0 	ldr	x0, [sp, #24]
  406e34:	94000346 	bl	407b4c <_ZNSt12_Vector_baseImSaImEE17_Vector_impl_data12_M_copy_dataERKS2_>
  406e38:	9100a3e0 	add	x0, sp, #0x28
  406e3c:	aa0003e1 	mov	x1, x0
  406e40:	f9400be0 	ldr	x0, [sp, #16]
  406e44:	94000342 	bl	407b4c <_ZNSt12_Vector_baseImSaImEE17_Vector_impl_data12_M_copy_dataERKS2_>
  406e48:	d503201f 	nop
  406e4c:	a8c47bfd 	ldp	x29, x30, [sp], #64
  406e50:	d65f03c0 	ret

0000000000406e54 <_ZSt15__alloc_on_moveISaImEEvRT_S2_>:
  406e54:	a9be7bfd 	stp	x29, x30, [sp, #-32]!
  406e58:	910003fd 	mov	x29, sp
  406e5c:	f9000fe0 	str	x0, [sp, #24]
  406e60:	f9000be1 	str	x1, [sp, #16]
  406e64:	f9400be1 	ldr	x1, [sp, #16]
  406e68:	f9400fe0 	ldr	x0, [sp, #24]
  406e6c:	9400034a 	bl	407b94 <_ZSt18__do_alloc_on_moveISaImEEvRT_S2_St17integral_constantIbLb1EE>
  406e70:	d503201f 	nop
  406e74:	a8c27bfd 	ldp	x29, x30, [sp], #32
  406e78:	d65f03c0 	ret

0000000000406e7c <_ZNSt6vectorImSaImEE11_S_max_sizeERKS0_>:
  406e7c:	a9bd7bfd 	stp	x29, x30, [sp, #-48]!
  406e80:	910003fd 	mov	x29, sp
  406e84:	f9000fe0 	str	x0, [sp, #24]
  406e88:	92fe0000 	mov	x0, #0xfffffffffffffff     	// #1152921504606846975
  406e8c:	f90017e0 	str	x0, [sp, #40]
  406e90:	f9400fe0 	ldr	x0, [sp, #24]
  406e94:	9400034a 	bl	407bbc <_ZNSt16allocator_traitsISaImEE8max_sizeERKS0_>
  406e98:	f90013e0 	str	x0, [sp, #32]
  406e9c:	910083e1 	add	x1, sp, #0x20
  406ea0:	9100a3e0 	add	x0, sp, #0x28
  406ea4:	9400034d 	bl	407bd8 <_ZSt3minImERKT_S2_S2_>
  406ea8:	f9400000 	ldr	x0, [x0]
  406eac:	a8c37bfd 	ldp	x29, x30, [sp], #48
  406eb0:	d65f03c0 	ret

0000000000406eb4 <_ZNSt12_Vector_baseImSaImEE12_Vector_implC1ERKS0_>:
  406eb4:	a9be7bfd 	stp	x29, x30, [sp, #-32]!
  406eb8:	910003fd 	mov	x29, sp
  406ebc:	f9000fe0 	str	x0, [sp, #24]
  406ec0:	f9000be1 	str	x1, [sp, #16]
  406ec4:	f9400be1 	ldr	x1, [sp, #16]
  406ec8:	f9400fe0 	ldr	x0, [sp, #24]
  406ecc:	97fffa6d 	bl	405880 <_ZNSaImEC1ERKS_>
  406ed0:	f9400fe0 	ldr	x0, [sp, #24]
  406ed4:	97fffa10 	bl	405714 <_ZNSt12_Vector_baseImSaImEE17_Vector_impl_dataC1Ev>
  406ed8:	d503201f 	nop
  406edc:	a8c27bfd 	ldp	x29, x30, [sp], #32
  406ee0:	d65f03c0 	ret

0000000000406ee4 <_ZNSt12_Vector_baseImSaImEE17_M_create_storageEm>:
  406ee4:	a9be7bfd 	stp	x29, x30, [sp, #-32]!
  406ee8:	910003fd 	mov	x29, sp
  406eec:	f9000fe0 	str	x0, [sp, #24]
  406ef0:	f9000be1 	str	x1, [sp, #16]
  406ef4:	f9400be1 	ldr	x1, [sp, #16]
  406ef8:	f9400fe0 	ldr	x0, [sp, #24]
  406efc:	9400015c 	bl	40746c <_ZNSt12_Vector_baseImSaImEE11_M_allocateEm>
  406f00:	aa0003e1 	mov	x1, x0
  406f04:	f9400fe0 	ldr	x0, [sp, #24]
  406f08:	f9000001 	str	x1, [x0]
  406f0c:	f9400fe0 	ldr	x0, [sp, #24]
  406f10:	f9400001 	ldr	x1, [x0]
  406f14:	f9400fe0 	ldr	x0, [sp, #24]
  406f18:	f9000401 	str	x1, [x0, #8]
  406f1c:	f9400fe0 	ldr	x0, [sp, #24]
  406f20:	f9400001 	ldr	x1, [x0]
  406f24:	f9400be0 	ldr	x0, [sp, #16]
  406f28:	d37df000 	lsl	x0, x0, #3
  406f2c:	8b000021 	add	x1, x1, x0
  406f30:	f9400fe0 	ldr	x0, [sp, #24]
  406f34:	f9000801 	str	x1, [x0, #16]
  406f38:	d503201f 	nop
  406f3c:	a8c27bfd 	ldp	x29, x30, [sp], #32
  406f40:	d65f03c0 	ret

0000000000406f44 <_ZSt27__uninitialized_default_n_aIPmmmET_S1_T0_RSaIT1_E>:
  406f44:	a9bd7bfd 	stp	x29, x30, [sp, #-48]!
  406f48:	910003fd 	mov	x29, sp
  406f4c:	f90017e0 	str	x0, [sp, #40]
  406f50:	f90013e1 	str	x1, [sp, #32]
  406f54:	f9000fe2 	str	x2, [sp, #24]
  406f58:	f94013e1 	ldr	x1, [sp, #32]
  406f5c:	f94017e0 	ldr	x0, [sp, #40]
  406f60:	9400032c 	bl	407c10 <_ZSt25__uninitialized_default_nIPmmET_S1_T0_>
  406f64:	a8c37bfd 	ldp	x29, x30, [sp], #48
  406f68:	d65f03c0 	ret

0000000000406f6c <_ZNSt8__detail5__modImLm4294967296ELm1ELm0EEET_S1_>:
  406f6c:	a9bd7bfd 	stp	x29, x30, [sp, #-48]!
  406f70:	910003fd 	mov	x29, sp
  406f74:	f9000fe0 	str	x0, [sp, #24]
  406f78:	d2800020 	mov	x0, #0x1                   	// #1
  406f7c:	f90017e0 	str	x0, [sp, #40]
  406f80:	f9400fe0 	ldr	x0, [sp, #24]
  406f84:	9400032e 	bl	407c3c <_ZNSt8__detail4_ModImLm4294967296ELm1ELm0ELb1ELb1EE6__calcEm>
  406f88:	d503201f 	nop
  406f8c:	a8c37bfd 	ldp	x29, x30, [sp], #48
  406f90:	d65f03c0 	ret

0000000000406f94 <_ZNSt8__detail5__modImLm624ELm1ELm0EEET_S1_>:
  406f94:	a9bd7bfd 	stp	x29, x30, [sp, #-48]!
  406f98:	910003fd 	mov	x29, sp
  406f9c:	f9000fe0 	str	x0, [sp, #24]
  406fa0:	d2800020 	mov	x0, #0x1                   	// #1
  406fa4:	f90017e0 	str	x0, [sp, #40]
  406fa8:	f9400fe0 	ldr	x0, [sp, #24]
  406fac:	9400032e 	bl	407c64 <_ZNSt8__detail4_ModImLm624ELm1ELm0ELb1ELb1EE6__calcEm>
  406fb0:	d503201f 	nop
  406fb4:	a8c37bfd 	ldp	x29, x30, [sp], #48
  406fb8:	d65f03c0 	ret

0000000000406fbc <_ZSt4swapImENSt9enable_ifIXsrSt6__and_IJSt6__not_ISt15__is_tuple_likeIT_EESt21is_move_constructibleIS4_ESt18is_move_assignableIS4_EEE5valueEvE4typeERS4_SE_>:
  406fbc:	a9bd7bfd 	stp	x29, x30, [sp, #-48]!
  406fc0:	910003fd 	mov	x29, sp
  406fc4:	f9000fe0 	str	x0, [sp, #24]
  406fc8:	f9000be1 	str	x1, [sp, #16]
  406fcc:	f9400fe0 	ldr	x0, [sp, #24]
  406fd0:	97fffa00 	bl	4057d0 <_ZSt4moveIRmEONSt16remove_referenceIT_E4typeEOS2_>
  406fd4:	f9400000 	ldr	x0, [x0]
  406fd8:	f90017e0 	str	x0, [sp, #40]
  406fdc:	f9400be0 	ldr	x0, [sp, #16]
  406fe0:	97fff9fc 	bl	4057d0 <_ZSt4moveIRmEONSt16remove_referenceIT_E4typeEOS2_>
  406fe4:	f9400001 	ldr	x1, [x0]
  406fe8:	f9400fe0 	ldr	x0, [sp, #24]
  406fec:	f9000001 	str	x1, [x0]
  406ff0:	9100a3e0 	add	x0, sp, #0x28
  406ff4:	97fff9f7 	bl	4057d0 <_ZSt4moveIRmEONSt16remove_referenceIT_E4typeEOS2_>
  406ff8:	f9400001 	ldr	x1, [x0]
  406ffc:	f9400be0 	ldr	x0, [sp, #16]
  407000:	f9000001 	str	x1, [x0]
  407004:	d503201f 	nop
  407008:	a8c37bfd 	ldp	x29, x30, [sp], #48
  40700c:	d65f03c0 	ret

0000000000407010 <_ZSt9make_pairImmESt4pairINSt25__strip_reference_wrapperINSt5decayIT_E4typeEE6__typeENS1_INS2_IT0_E4typeEE6__typeEEOS3_OS8_>:
  407010:	a9bc7bfd 	stp	x29, x30, [sp, #-64]!
  407014:	910003fd 	mov	x29, sp
  407018:	f9000bf3 	str	x19, [sp, #16]
  40701c:	f90017e0 	str	x0, [sp, #40]
  407020:	f90013e1 	str	x1, [sp, #32]
  407024:	f94017e0 	ldr	x0, [sp, #40]
  407028:	97fffea3 	bl	406ab4 <_ZSt7forwardImEOT_RNSt16remove_referenceIS0_E4typeE>
  40702c:	aa0003f3 	mov	x19, x0
  407030:	f94013e0 	ldr	x0, [sp, #32]
  407034:	97fffea0 	bl	406ab4 <_ZSt7forwardImEOT_RNSt16remove_referenceIS0_E4typeE>
  407038:	aa0003e1 	mov	x1, x0
  40703c:	9100c3e0 	add	x0, sp, #0x30
  407040:	aa0103e2 	mov	x2, x1
  407044:	aa1303e1 	mov	x1, x19
  407048:	9400031e 	bl	407cc0 <_ZNSt4pairImmEC1ImmLb1EEEOT_OT0_>
  40704c:	a94307e0 	ldp	x0, x1, [sp, #48]
  407050:	f9400bf3 	ldr	x19, [sp, #16]
  407054:	a8c47bfd 	ldp	x29, x30, [sp], #64
  407058:	d65f03c0 	ret

000000000040705c <_ZNKSt24uniform_int_distributionImE10param_type1bEv>:
  40705c:	d10043ff 	sub	sp, sp, #0x10
  407060:	f90007e0 	str	x0, [sp, #8]
  407064:	f94007e0 	ldr	x0, [sp, #8]
  407068:	f9400400 	ldr	x0, [x0, #8]
  40706c:	910043ff 	add	sp, sp, #0x10
  407070:	d65f03c0 	ret

0000000000407074 <_ZNKSt24uniform_int_distributionImE10param_type1aEv>:
  407074:	d10043ff 	sub	sp, sp, #0x10
  407078:	f90007e0 	str	x0, [sp, #8]
  40707c:	f94007e0 	ldr	x0, [sp, #8]
  407080:	f9400000 	ldr	x0, [x0]
  407084:	910043ff 	add	sp, sp, #0x10
  407088:	d65f03c0 	ret

000000000040708c <_ZNSt24uniform_int_distributionImE5_S_ndImSt23mersenne_twister_engineImLm32ELm624ELm397ELm31ELm2567483615ELm11ELm4294967295ELm7ELm2636928640ELm15ELm4022730752ELm18ELm1812433253EEjEET1_RT0_S4_>:
  40708c:	a9bd7bfd 	stp	x29, x30, [sp, #-48]!
  407090:	910003fd 	mov	x29, sp
  407094:	f9000fe0 	str	x0, [sp, #24]
  407098:	b90017e1 	str	w1, [sp, #20]
  40709c:	f9400fe0 	ldr	x0, [sp, #24]
  4070a0:	94000024 	bl	407130 <_ZNSt23mersenne_twister_engineImLm32ELm624ELm397ELm31ELm2567483615ELm11ELm4294967295ELm7ELm2636928640ELm15ELm4022730752ELm18ELm1812433253EEclEv>
  4070a4:	aa0003e1 	mov	x1, x0
  4070a8:	b94017e0 	ldr	w0, [sp, #20]
  4070ac:	9b007c20 	mul	x0, x1, x0
  4070b0:	f90017e0 	str	x0, [sp, #40]
  4070b4:	f94017e0 	ldr	x0, [sp, #40]
  4070b8:	b90027e0 	str	w0, [sp, #36]
  4070bc:	b94027e1 	ldr	w1, [sp, #36]
  4070c0:	b94017e0 	ldr	w0, [sp, #20]
  4070c4:	6b00003f 	cmp	w1, w0
  4070c8:	540002c2 	b.cs	407120 <_ZNSt24uniform_int_distributionImE5_S_ndImSt23mersenne_twister_engineImLm32ELm624ELm397ELm31ELm2567483615ELm11ELm4294967295ELm7ELm2636928640ELm15ELm4022730752ELm18ELm1812433253EEjEET1_RT0_S4_+0x94>  // b.hs, b.nlast
  4070cc:	b94017e0 	ldr	w0, [sp, #20]
  4070d0:	4b0003e0 	neg	w0, w0
  4070d4:	b94017e1 	ldr	w1, [sp, #20]
  4070d8:	1ac10802 	udiv	w2, w0, w1
  4070dc:	b94017e1 	ldr	w1, [sp, #20]
  4070e0:	1b017c41 	mul	w1, w2, w1
  4070e4:	4b010000 	sub	w0, w0, w1
  4070e8:	b90023e0 	str	w0, [sp, #32]
  4070ec:	14000009 	b	407110 <_ZNSt24uniform_int_distributionImE5_S_ndImSt23mersenne_twister_engineImLm32ELm624ELm397ELm31ELm2567483615ELm11ELm4294967295ELm7ELm2636928640ELm15ELm4022730752ELm18ELm1812433253EEjEET1_RT0_S4_+0x84>
  4070f0:	f9400fe0 	ldr	x0, [sp, #24]
  4070f4:	9400000f 	bl	407130 <_ZNSt23mersenne_twister_engineImLm32ELm624ELm397ELm31ELm2567483615ELm11ELm4294967295ELm7ELm2636928640ELm15ELm4022730752ELm18ELm1812433253EEclEv>
  4070f8:	aa0003e1 	mov	x1, x0
  4070fc:	b94017e0 	ldr	w0, [sp, #20]
  407100:	9b007c20 	mul	x0, x1, x0
  407104:	f90017e0 	str	x0, [sp, #40]
  407108:	f94017e0 	ldr	x0, [sp, #40]
  40710c:	b90027e0 	str	w0, [sp, #36]
  407110:	b94027e1 	ldr	w1, [sp, #36]
  407114:	b94023e0 	ldr	w0, [sp, #32]
  407118:	6b00003f 	cmp	w1, w0
  40711c:	54fffea3 	b.cc	4070f0 <_ZNSt24uniform_int_distributionImE5_S_ndImSt23mersenne_twister_engineImLm32ELm624ELm397ELm31ELm2567483615ELm11ELm4294967295ELm7ELm2636928640ELm15ELm4022730752ELm18ELm1812433253EEjEET1_RT0_S4_+0x64>  // b.lo, b.ul, b.last
  407120:	f94017e0 	ldr	x0, [sp, #40]
  407124:	d360fc00 	lsr	x0, x0, #32
  407128:	a8c37bfd 	ldp	x29, x30, [sp], #48
  40712c:	d65f03c0 	ret

0000000000407130 <_ZNSt23mersenne_twister_engineImLm32ELm624ELm397ELm31ELm2567483615ELm11ELm4294967295ELm7ELm2636928640ELm15ELm4022730752ELm18ELm1812433253EEclEv>:
  407130:	a9bd7bfd 	stp	x29, x30, [sp, #-48]!
  407134:	910003fd 	mov	x29, sp
  407138:	f9000fe0 	str	x0, [sp, #24]
  40713c:	f9400fe0 	ldr	x0, [sp, #24]
  407140:	f949c000 	ldr	x0, [x0, #4992]
  407144:	f109bc1f 	cmp	x0, #0x26f
  407148:	54000069 	b.ls	407154 <_ZNSt23mersenne_twister_engineImLm32ELm624ELm397ELm31ELm2567483615ELm11ELm4294967295ELm7ELm2636928640ELm15ELm4022730752ELm18ELm1812433253EEclEv+0x24>  // b.plast
  40714c:	f9400fe0 	ldr	x0, [sp, #24]
  407150:	940002ee 	bl	407d08 <_ZNSt23mersenne_twister_engineImLm32ELm624ELm397ELm31ELm2567483615ELm11ELm4294967295ELm7ELm2636928640ELm15ELm4022730752ELm18ELm1812433253EE11_M_gen_randEv>
  407154:	f9400fe0 	ldr	x0, [sp, #24]
  407158:	f949c000 	ldr	x0, [x0, #4992]
  40715c:	91000402 	add	x2, x0, #0x1
  407160:	f9400fe1 	ldr	x1, [sp, #24]
  407164:	f909c022 	str	x2, [x1, #4992]
  407168:	f9400fe1 	ldr	x1, [sp, #24]
  40716c:	f8607820 	ldr	x0, [x1, x0, lsl #3]
  407170:	f90017e0 	str	x0, [sp, #40]
  407174:	f94017e0 	ldr	x0, [sp, #40]
  407178:	d34bfc00 	lsr	x0, x0, #11
  40717c:	92407c00 	and	x0, x0, #0xffffffff
  407180:	f94017e1 	ldr	x1, [sp, #40]
  407184:	ca000020 	eor	x0, x1, x0
  407188:	f90017e0 	str	x0, [sp, #40]
  40718c:	f94017e0 	ldr	x0, [sp, #40]
  407190:	d379e001 	lsl	x1, x0, #7
  407194:	d28ad000 	mov	x0, #0x5680                	// #22144
  407198:	f2b3a580 	movk	x0, #0x9d2c, lsl #16
  40719c:	8a000020 	and	x0, x1, x0
  4071a0:	f94017e1 	ldr	x1, [sp, #40]
  4071a4:	ca000020 	eor	x0, x1, x0
  4071a8:	f90017e0 	str	x0, [sp, #40]
  4071ac:	f94017e0 	ldr	x0, [sp, #40]
  4071b0:	d371c001 	lsl	x1, x0, #15
  4071b4:	d2bdf8c0 	mov	x0, #0xefc60000            	// #4022730752
  4071b8:	8a000020 	and	x0, x1, x0
  4071bc:	f94017e1 	ldr	x1, [sp, #40]
  4071c0:	ca000020 	eor	x0, x1, x0
  4071c4:	f90017e0 	str	x0, [sp, #40]
  4071c8:	f94017e0 	ldr	x0, [sp, #40]
  4071cc:	d352fc00 	lsr	x0, x0, #18
  4071d0:	f94017e1 	ldr	x1, [sp, #40]
  4071d4:	ca000020 	eor	x0, x1, x0
  4071d8:	f90017e0 	str	x0, [sp, #40]
  4071dc:	f94017e0 	ldr	x0, [sp, #40]
  4071e0:	a8c37bfd 	ldp	x29, x30, [sp], #48
  4071e4:	d65f03c0 	ret

00000000004071e8 <_ZNSt6vectorImSaImEE16_Temporary_valueC1IJRKmEEEPS1_DpOT_>:
  4071e8:	a9bc7bfd 	stp	x29, x30, [sp, #-64]!
  4071ec:	910003fd 	mov	x29, sp
  4071f0:	a90153f3 	stp	x19, x20, [sp, #16]
  4071f4:	f9001fe0 	str	x0, [sp, #56]
  4071f8:	f9001be1 	str	x1, [sp, #48]
  4071fc:	f90017e2 	str	x2, [sp, #40]
  407200:	f9401fe0 	ldr	x0, [sp, #56]
  407204:	f9401be1 	ldr	x1, [sp, #48]
  407208:	f9000001 	str	x1, [x0]
  40720c:	f9401fe0 	ldr	x0, [sp, #56]
  407210:	f9400000 	ldr	x0, [x0]
  407214:	aa0003f4 	mov	x20, x0
  407218:	f9401fe0 	ldr	x0, [sp, #56]
  40721c:	9400032b 	bl	407ec8 <_ZNSt6vectorImSaImEE16_Temporary_value6_M_ptrEv>
  407220:	aa0003f3 	mov	x19, x0
  407224:	f94017e0 	ldr	x0, [sp, #40]
  407228:	940000b3 	bl	4074f4 <_ZSt7forwardIRKmEOT_RNSt16remove_referenceIS2_E4typeE>
  40722c:	aa0003e2 	mov	x2, x0
  407230:	aa1303e1 	mov	x1, x19
  407234:	aa1403e0 	mov	x0, x20
  407238:	97fffc6b 	bl	4063e4 <_ZNSt16allocator_traitsISaImEE9constructImJRKmEEEvRS0_PT_DpOT0_>
  40723c:	d503201f 	nop
  407240:	a94153f3 	ldp	x19, x20, [sp, #16]
  407244:	a8c47bfd 	ldp	x29, x30, [sp], #64
  407248:	d65f03c0 	ret

000000000040724c <_ZNSt6vectorImSaImEE16_Temporary_valueD1Ev>:
  40724c:	a9bd7bfd 	stp	x29, x30, [sp, #-48]!
  407250:	910003fd 	mov	x29, sp
  407254:	f9000bf3 	str	x19, [sp, #16]
  407258:	f90017e0 	str	x0, [sp, #40]
  40725c:	f94017e0 	ldr	x0, [sp, #40]
  407260:	f9400000 	ldr	x0, [x0]
  407264:	aa0003f3 	mov	x19, x0
  407268:	f94017e0 	ldr	x0, [sp, #40]
  40726c:	94000317 	bl	407ec8 <_ZNSt6vectorImSaImEE16_Temporary_value6_M_ptrEv>
  407270:	aa0003e1 	mov	x1, x0
  407274:	aa1303e0 	mov	x0, x19
  407278:	940000c3 	bl	407584 <_ZNSt16allocator_traitsISaImEE7destroyImEEvRS0_PT_>
  40727c:	d503201f 	nop
  407280:	f9400bf3 	ldr	x19, [sp, #16]
  407284:	a8c37bfd 	ldp	x29, x30, [sp], #48
  407288:	d65f03c0 	ret

000000000040728c <_ZNSt6vectorImSaImEE16_Temporary_value6_M_valEv>:
  40728c:	a9be7bfd 	stp	x29, x30, [sp, #-32]!
  407290:	910003fd 	mov	x29, sp
  407294:	f9000fe0 	str	x0, [sp, #24]
  407298:	f9400fe0 	ldr	x0, [sp, #24]
  40729c:	9400030b 	bl	407ec8 <_ZNSt6vectorImSaImEE16_Temporary_value6_M_ptrEv>
  4072a0:	a8c27bfd 	ldp	x29, x30, [sp], #32
  4072a4:	d65f03c0 	ret

00000000004072a8 <_ZSt22__uninitialized_move_aIPmS0_SaImEET0_T_S3_S2_RT1_>:
  4072a8:	a9bc7bfd 	stp	x29, x30, [sp, #-64]!
  4072ac:	910003fd 	mov	x29, sp
  4072b0:	f9000bf3 	str	x19, [sp, #16]
  4072b4:	f9001fe0 	str	x0, [sp, #56]
  4072b8:	f9001be1 	str	x1, [sp, #48]
  4072bc:	f90017e2 	str	x2, [sp, #40]
  4072c0:	f90013e3 	str	x3, [sp, #32]
  4072c4:	f9401fe0 	ldr	x0, [sp, #56]
  4072c8:	94000306 	bl	407ee0 <_ZSt18make_move_iteratorIPmESt13move_iteratorIT_ES2_>
  4072cc:	aa0003f3 	mov	x19, x0
  4072d0:	f9401be0 	ldr	x0, [sp, #48]
  4072d4:	94000303 	bl	407ee0 <_ZSt18make_move_iteratorIPmESt13move_iteratorIT_ES2_>
  4072d8:	f94013e3 	ldr	x3, [sp, #32]
  4072dc:	f94017e2 	ldr	x2, [sp, #40]
  4072e0:	aa0003e1 	mov	x1, x0
  4072e4:	aa1303e0 	mov	x0, x19
  4072e8:	94000309 	bl	407f0c <_ZSt22__uninitialized_copy_aISt13move_iteratorIPmES1_mET0_T_S4_S3_RSaIT1_E>
  4072ec:	f9400bf3 	ldr	x19, [sp, #16]
  4072f0:	a8c47bfd 	ldp	x29, x30, [sp], #64
  4072f4:	d65f03c0 	ret

00000000004072f8 <_ZSt13move_backwardIPmS0_ET0_T_S2_S1_>:
  4072f8:	a9bc7bfd 	stp	x29, x30, [sp, #-64]!
  4072fc:	910003fd 	mov	x29, sp
  407300:	f9000bf3 	str	x19, [sp, #16]
  407304:	f9001fe0 	str	x0, [sp, #56]
  407308:	f9001be1 	str	x1, [sp, #48]
  40730c:	f90017e2 	str	x2, [sp, #40]
  407310:	f9401fe0 	ldr	x0, [sp, #56]
  407314:	94000142 	bl	40781c <_ZSt12__miter_baseIPmET_S1_>
  407318:	aa0003f3 	mov	x19, x0
  40731c:	f9401be0 	ldr	x0, [sp, #48]
  407320:	9400013f 	bl	40781c <_ZSt12__miter_baseIPmET_S1_>
  407324:	f94017e2 	ldr	x2, [sp, #40]
  407328:	aa0003e1 	mov	x1, x0
  40732c:	aa1303e0 	mov	x0, x19
  407330:	94000303 	bl	407f3c <_ZSt22__copy_move_backward_aILb1EPmS0_ET1_T0_S2_S1_>
  407334:	f9400bf3 	ldr	x19, [sp, #16]
  407338:	a8c47bfd 	ldp	x29, x30, [sp], #64
  40733c:	d65f03c0 	ret

0000000000407340 <_ZSt4fillIPmmEvT_S1_RKT0_>:
  407340:	a9bd7bfd 	stp	x29, x30, [sp, #-48]!
  407344:	910003fd 	mov	x29, sp
  407348:	f90017e0 	str	x0, [sp, #40]
  40734c:	f90013e1 	str	x1, [sp, #32]
  407350:	f9000fe2 	str	x2, [sp, #24]
  407354:	f9400fe2 	ldr	x2, [sp, #24]
  407358:	f94013e1 	ldr	x1, [sp, #32]
  40735c:	f94017e0 	ldr	x0, [sp, #40]
  407360:	9400030f 	bl	407f9c <_ZSt8__fill_aIPmmEvT_S1_RKT0_>
  407364:	d503201f 	nop
  407368:	a8c37bfd 	ldp	x29, x30, [sp], #48
  40736c:	d65f03c0 	ret

0000000000407370 <_ZSt24__uninitialized_fill_n_aIPmmmmET_S1_T0_RKT1_RSaIT2_E>:
  407370:	a9bd7bfd 	stp	x29, x30, [sp, #-48]!
  407374:	910003fd 	mov	x29, sp
  407378:	f90017e0 	str	x0, [sp, #40]
  40737c:	f90013e1 	str	x1, [sp, #32]
  407380:	f9000fe2 	str	x2, [sp, #24]
  407384:	f9000be3 	str	x3, [sp, #16]
  407388:	f9400fe2 	ldr	x2, [sp, #24]
  40738c:	f94013e1 	ldr	x1, [sp, #32]
  407390:	f94017e0 	ldr	x0, [sp, #40]
  407394:	9400030e 	bl	407fcc <_ZSt20uninitialized_fill_nIPmmmET_S1_T0_RKT1_>
  407398:	a8c37bfd 	ldp	x29, x30, [sp], #48
  40739c:	d65f03c0 	ret

00000000004073a0 <_ZNKSt6vectorImSaImEE12_M_check_lenEmPKc>:
  4073a0:	a9bb7bfd 	stp	x29, x30, [sp, #-80]!
  4073a4:	910003fd 	mov	x29, sp
  4073a8:	f9000bf3 	str	x19, [sp, #16]
  4073ac:	f9001fe0 	str	x0, [sp, #56]
  4073b0:	f9001be1 	str	x1, [sp, #48]
  4073b4:	f90017e2 	str	x2, [sp, #40]
  4073b8:	f9401fe0 	ldr	x0, [sp, #56]
  4073bc:	94000311 	bl	408000 <_ZNKSt6vectorImSaImEE8max_sizeEv>
  4073c0:	aa0003f3 	mov	x19, x0
  4073c4:	f9401fe0 	ldr	x0, [sp, #56]
  4073c8:	97fff7e7 	bl	405364 <_ZNKSt6vectorImSaImEE4sizeEv>
  4073cc:	cb000261 	sub	x1, x19, x0
  4073d0:	f9401be0 	ldr	x0, [sp, #48]
  4073d4:	eb00003f 	cmp	x1, x0
  4073d8:	1a9f27e0 	cset	w0, cc  // cc = lo, ul, last
  4073dc:	12001c00 	and	w0, w0, #0xff
  4073e0:	7100001f 	cmp	w0, #0x0
  4073e4:	54000060 	b.eq	4073f0 <_ZNKSt6vectorImSaImEE12_M_check_lenEmPKc+0x50>  // b.none
  4073e8:	f94017e0 	ldr	x0, [sp, #40]
  4073ec:	97ffe98d 	bl	401a20 <_ZSt20__throw_length_errorPKc@plt>
  4073f0:	f9401fe0 	ldr	x0, [sp, #56]
  4073f4:	97fff7dc 	bl	405364 <_ZNKSt6vectorImSaImEE4sizeEv>
  4073f8:	aa0003f3 	mov	x19, x0
  4073fc:	f9401fe0 	ldr	x0, [sp, #56]
  407400:	97fff7d9 	bl	405364 <_ZNKSt6vectorImSaImEE4sizeEv>
  407404:	f90023e0 	str	x0, [sp, #64]
  407408:	9100c3e1 	add	x1, sp, #0x30
  40740c:	910103e0 	add	x0, sp, #0x40
  407410:	94000304 	bl	408020 <_ZSt3maxImERKT_S2_S2_>
  407414:	f9400000 	ldr	x0, [x0]
  407418:	8b000260 	add	x0, x19, x0
  40741c:	f90027e0 	str	x0, [sp, #72]
  407420:	f9401fe0 	ldr	x0, [sp, #56]
  407424:	97fff7d0 	bl	405364 <_ZNKSt6vectorImSaImEE4sizeEv>
  407428:	aa0003e1 	mov	x1, x0
  40742c:	f94027e0 	ldr	x0, [sp, #72]
  407430:	eb01001f 	cmp	x0, x1
  407434:	540000e3 	b.cc	407450 <_ZNKSt6vectorImSaImEE12_M_check_lenEmPKc+0xb0>  // b.lo, b.ul, b.last
  407438:	f9401fe0 	ldr	x0, [sp, #56]
  40743c:	940002f1 	bl	408000 <_ZNKSt6vectorImSaImEE8max_sizeEv>
  407440:	aa0003e1 	mov	x1, x0
  407444:	f94027e0 	ldr	x0, [sp, #72]
  407448:	eb01001f 	cmp	x0, x1
  40744c:	54000089 	b.ls	40745c <_ZNKSt6vectorImSaImEE12_M_check_lenEmPKc+0xbc>  // b.plast
  407450:	f9401fe0 	ldr	x0, [sp, #56]
  407454:	940002eb 	bl	408000 <_ZNKSt6vectorImSaImEE8max_sizeEv>
  407458:	14000002 	b	407460 <_ZNKSt6vectorImSaImEE12_M_check_lenEmPKc+0xc0>
  40745c:	f94027e0 	ldr	x0, [sp, #72]
  407460:	f9400bf3 	ldr	x19, [sp, #16]
  407464:	a8c57bfd 	ldp	x29, x30, [sp], #80
  407468:	d65f03c0 	ret

000000000040746c <_ZNSt12_Vector_baseImSaImEE11_M_allocateEm>:
  40746c:	a9be7bfd 	stp	x29, x30, [sp, #-32]!
  407470:	910003fd 	mov	x29, sp
  407474:	f9000fe0 	str	x0, [sp, #24]
  407478:	f9000be1 	str	x1, [sp, #16]
  40747c:	f9400be0 	ldr	x0, [sp, #16]
  407480:	f100001f 	cmp	x0, #0x0
  407484:	540000a0 	b.eq	407498 <_ZNSt12_Vector_baseImSaImEE11_M_allocateEm+0x2c>  // b.none
  407488:	f9400fe0 	ldr	x0, [sp, #24]
  40748c:	f9400be1 	ldr	x1, [sp, #16]
  407490:	940002f2 	bl	408058 <_ZNSt16allocator_traitsISaImEE8allocateERS0_m>
  407494:	14000002 	b	40749c <_ZNSt12_Vector_baseImSaImEE11_M_allocateEm+0x30>
  407498:	d2800000 	mov	x0, #0x0                   	// #0
  40749c:	a8c27bfd 	ldp	x29, x30, [sp], #32
  4074a0:	d65f03c0 	ret

00000000004074a4 <_ZSt34__uninitialized_move_if_noexcept_aIPmS0_SaImEET0_T_S3_S2_RT1_>:
  4074a4:	a9bc7bfd 	stp	x29, x30, [sp, #-64]!
  4074a8:	910003fd 	mov	x29, sp
  4074ac:	f9000bf3 	str	x19, [sp, #16]
  4074b0:	f9001fe0 	str	x0, [sp, #56]
  4074b4:	f9001be1 	str	x1, [sp, #48]
  4074b8:	f90017e2 	str	x2, [sp, #40]
  4074bc:	f90013e3 	str	x3, [sp, #32]
  4074c0:	f9401fe0 	ldr	x0, [sp, #56]
  4074c4:	940002ef 	bl	408080 <_ZSt32__make_move_if_noexcept_iteratorImSt13move_iteratorIPmEET0_PT_>
  4074c8:	aa0003f3 	mov	x19, x0
  4074cc:	f9401be0 	ldr	x0, [sp, #48]
  4074d0:	940002ec 	bl	408080 <_ZSt32__make_move_if_noexcept_iteratorImSt13move_iteratorIPmEET0_PT_>
  4074d4:	f94013e3 	ldr	x3, [sp, #32]
  4074d8:	f94017e2 	ldr	x2, [sp, #40]
  4074dc:	aa0003e1 	mov	x1, x0
  4074e0:	aa1303e0 	mov	x0, x19
  4074e4:	9400028a 	bl	407f0c <_ZSt22__uninitialized_copy_aISt13move_iteratorIPmES1_mET0_T_S4_S3_RSaIT1_E>
  4074e8:	f9400bf3 	ldr	x19, [sp, #16]
  4074ec:	a8c47bfd 	ldp	x29, x30, [sp], #64
  4074f0:	d65f03c0 	ret

00000000004074f4 <_ZSt7forwardIRKmEOT_RNSt16remove_referenceIS2_E4typeE>:
  4074f4:	d10043ff 	sub	sp, sp, #0x10
  4074f8:	f90007e0 	str	x0, [sp, #8]
  4074fc:	f94007e0 	ldr	x0, [sp, #8]
  407500:	910043ff 	add	sp, sp, #0x10
  407504:	d65f03c0 	ret

0000000000407508 <_ZN9__gnu_cxx13new_allocatorImE9constructImJRKmEEEvPT_DpOT0_>:
  407508:	a9bc7bfd 	stp	x29, x30, [sp, #-64]!
  40750c:	910003fd 	mov	x29, sp
  407510:	f9000bf3 	str	x19, [sp, #16]
  407514:	f9001fe0 	str	x0, [sp, #56]
  407518:	f9001be1 	str	x1, [sp, #48]
  40751c:	f90017e2 	str	x2, [sp, #40]
  407520:	f94017e0 	ldr	x0, [sp, #40]
  407524:	97fffff4 	bl	4074f4 <_ZSt7forwardIRKmEOT_RNSt16remove_referenceIS2_E4typeE>
  407528:	f9400013 	ldr	x19, [x0]
  40752c:	f9401be0 	ldr	x0, [sp, #48]
  407530:	aa0003e1 	mov	x1, x0
  407534:	d2800100 	mov	x0, #0x8                   	// #8
  407538:	97fff4fe 	bl	404930 <_ZnwmPv>
  40753c:	f9000013 	str	x19, [x0]
  407540:	d503201f 	nop
  407544:	f9400bf3 	ldr	x19, [sp, #16]
  407548:	a8c47bfd 	ldp	x29, x30, [sp], #64
  40754c:	d65f03c0 	ret

0000000000407550 <_ZNSt6vectorImSaImEE11_S_relocateEPmS2_S2_RS0_>:
  407550:	a9bd7bfd 	stp	x29, x30, [sp, #-48]!
  407554:	910003fd 	mov	x29, sp
  407558:	f90017e0 	str	x0, [sp, #40]
  40755c:	f90013e1 	str	x1, [sp, #32]
  407560:	f9000fe2 	str	x2, [sp, #24]
  407564:	f9000be3 	str	x3, [sp, #16]
  407568:	f9400be3 	ldr	x3, [sp, #16]
  40756c:	f9400fe2 	ldr	x2, [sp, #24]
  407570:	f94013e1 	ldr	x1, [sp, #32]
  407574:	f94017e0 	ldr	x0, [sp, #40]
  407578:	940002cb 	bl	4080a4 <_ZNSt6vectorImSaImEE14_S_do_relocateEPmS2_S2_RS0_St17integral_constantIbLb1EE>
  40757c:	a8c37bfd 	ldp	x29, x30, [sp], #48
  407580:	d65f03c0 	ret

0000000000407584 <_ZNSt16allocator_traitsISaImEE7destroyImEEvRS0_PT_>:
  407584:	a9be7bfd 	stp	x29, x30, [sp, #-32]!
  407588:	910003fd 	mov	x29, sp
  40758c:	f9000fe0 	str	x0, [sp, #24]
  407590:	f9000be1 	str	x1, [sp, #16]
  407594:	f9400be1 	ldr	x1, [sp, #16]
  407598:	f9400fe0 	ldr	x0, [sp, #24]
  40759c:	940002d0 	bl	4080dc <_ZN9__gnu_cxx13new_allocatorImE7destroyImEEvPT_>
  4075a0:	d503201f 	nop
  4075a4:	a8c27bfd 	ldp	x29, x30, [sp], #32
  4075a8:	d65f03c0 	ret

00000000004075ac <_ZSt16__introsort_loopIN9__gnu_cxx17__normal_iteratorIPmSt6vectorImSaImEEEElNS0_5__ops15_Iter_less_iterEEvT_S9_T0_T1_>:
  4075ac:	a9ba7bfd 	stp	x29, x30, [sp, #-96]!
  4075b0:	910003fd 	mov	x29, sp
  4075b4:	a90153f3 	stp	x19, x20, [sp, #16]
  4075b8:	f90013f5 	str	x21, [sp, #32]
  4075bc:	f90027e0 	str	x0, [sp, #72]
  4075c0:	f90023e1 	str	x1, [sp, #64]
  4075c4:	f9001fe2 	str	x2, [sp, #56]
  4075c8:	3900c3e3 	strb	w3, [sp, #48]
  4075cc:	14000019 	b	407630 <_ZSt16__introsort_loopIN9__gnu_cxx17__normal_iteratorIPmSt6vectorImSaImEEEElNS0_5__ops15_Iter_less_iterEEvT_S9_T0_T1_+0x84>
  4075d0:	f9401fe0 	ldr	x0, [sp, #56]
  4075d4:	f100001f 	cmp	x0, #0x0
  4075d8:	540000e1 	b.ne	4075f4 <_ZSt16__introsort_loopIN9__gnu_cxx17__normal_iteratorIPmSt6vectorImSaImEEEElNS0_5__ops15_Iter_less_iterEEvT_S9_T0_T1_+0x48>  // b.any
  4075dc:	2a1503e3 	mov	w3, w21
  4075e0:	f94023e2 	ldr	x2, [sp, #64]
  4075e4:	f94023e1 	ldr	x1, [sp, #64]
  4075e8:	f94027e0 	ldr	x0, [sp, #72]
  4075ec:	940002c2 	bl	4080f4 <_ZSt14__partial_sortIN9__gnu_cxx17__normal_iteratorIPmSt6vectorImSaImEEEENS0_5__ops15_Iter_less_iterEEvT_S9_S9_T0_>
  4075f0:	14000018 	b	407650 <_ZSt16__introsort_loopIN9__gnu_cxx17__normal_iteratorIPmSt6vectorImSaImEEEElNS0_5__ops15_Iter_less_iterEEvT_S9_T0_T1_+0xa4>
  4075f4:	f9401fe0 	ldr	x0, [sp, #56]
  4075f8:	d1000400 	sub	x0, x0, #0x1
  4075fc:	f9001fe0 	str	x0, [sp, #56]
  407600:	2a1403e2 	mov	w2, w20
  407604:	f94023e1 	ldr	x1, [sp, #64]
  407608:	f94027e0 	ldr	x0, [sp, #72]
  40760c:	940002cd 	bl	408140 <_ZSt27__unguarded_partition_pivotIN9__gnu_cxx17__normal_iteratorIPmSt6vectorImSaImEEEENS0_5__ops15_Iter_less_iterEET_S9_S9_T0_>
  407610:	f9002fe0 	str	x0, [sp, #88]
  407614:	2a1303e3 	mov	w3, w19
  407618:	f9401fe2 	ldr	x2, [sp, #56]
  40761c:	f94023e1 	ldr	x1, [sp, #64]
  407620:	f9402fe0 	ldr	x0, [sp, #88]
  407624:	97ffffe2 	bl	4075ac <_ZSt16__introsort_loopIN9__gnu_cxx17__normal_iteratorIPmSt6vectorImSaImEEEElNS0_5__ops15_Iter_less_iterEEvT_S9_T0_T1_>
  407628:	f9402fe0 	ldr	x0, [sp, #88]
  40762c:	f90023e0 	str	x0, [sp, #64]
  407630:	910123e1 	add	x1, sp, #0x48
  407634:	910103e0 	add	x0, sp, #0x40
  407638:	97fff959 	bl	405b9c <_ZN9__gnu_cxxmiIPmSt6vectorImSaImEEEENS_17__normal_iteratorIT_T0_E15difference_typeERKS8_SB_>
  40763c:	f100401f 	cmp	x0, #0x10
  407640:	1a9fd7e0 	cset	w0, gt
  407644:	12001c00 	and	w0, w0, #0xff
  407648:	7100001f 	cmp	w0, #0x0
  40764c:	54fffc21 	b.ne	4075d0 <_ZSt16__introsort_loopIN9__gnu_cxx17__normal_iteratorIPmSt6vectorImSaImEEEElNS0_5__ops15_Iter_less_iterEEvT_S9_T0_T1_+0x24>  // b.any
  407650:	a94153f3 	ldp	x19, x20, [sp, #16]
  407654:	f94013f5 	ldr	x21, [sp, #32]
  407658:	a8c67bfd 	ldp	x29, x30, [sp], #96
  40765c:	d65f03c0 	ret

0000000000407660 <_ZSt22__final_insertion_sortIN9__gnu_cxx17__normal_iteratorIPmSt6vectorImSaImEEEENS0_5__ops15_Iter_less_iterEEvT_S9_T0_>:
  407660:	a9bb7bfd 	stp	x29, x30, [sp, #-80]!
  407664:	910003fd 	mov	x29, sp
  407668:	a90153f3 	stp	x19, x20, [sp, #16]
  40766c:	f90013f5 	str	x21, [sp, #32]
  407670:	f90027e0 	str	x0, [sp, #72]
  407674:	f90023e1 	str	x1, [sp, #64]
  407678:	3900e3e2 	strb	w2, [sp, #56]
  40767c:	910123e1 	add	x1, sp, #0x48
  407680:	910103e0 	add	x0, sp, #0x40
  407684:	97fff946 	bl	405b9c <_ZN9__gnu_cxxmiIPmSt6vectorImSaImEEEENS_17__normal_iteratorIT_T0_E15difference_typeERKS8_SB_>
  407688:	f100401f 	cmp	x0, #0x10
  40768c:	1a9fd7e0 	cset	w0, gt
  407690:	12001c00 	and	w0, w0, #0xff
  407694:	7100001f 	cmp	w0, #0x0
  407698:	540001e0 	b.eq	4076d4 <_ZSt22__final_insertion_sortIN9__gnu_cxx17__normal_iteratorIPmSt6vectorImSaImEEEENS0_5__ops15_Iter_less_iterEEvT_S9_T0_+0x74>  // b.none
  40769c:	910123e0 	add	x0, sp, #0x48
  4076a0:	d2800201 	mov	x1, #0x10                  	// #16
  4076a4:	97fff94e 	bl	405bdc <_ZNK9__gnu_cxx17__normal_iteratorIPmSt6vectorImSaImEEEplEl>
  4076a8:	2a1503e2 	mov	w2, w21
  4076ac:	aa0003e1 	mov	x1, x0
  4076b0:	f94027e0 	ldr	x0, [sp, #72]
  4076b4:	940002cc 	bl	4081e4 <_ZSt16__insertion_sortIN9__gnu_cxx17__normal_iteratorIPmSt6vectorImSaImEEEENS0_5__ops15_Iter_less_iterEEvT_S9_T0_>
  4076b8:	910123e0 	add	x0, sp, #0x48
  4076bc:	d2800201 	mov	x1, #0x10                  	// #16
  4076c0:	97fff947 	bl	405bdc <_ZNK9__gnu_cxx17__normal_iteratorIPmSt6vectorImSaImEEEplEl>
  4076c4:	2a1403e2 	mov	w2, w20
  4076c8:	f94023e1 	ldr	x1, [sp, #64]
  4076cc:	94000307 	bl	4082e8 <_ZSt26__unguarded_insertion_sortIN9__gnu_cxx17__normal_iteratorIPmSt6vectorImSaImEEEENS0_5__ops15_Iter_less_iterEEvT_S9_T0_>
  4076d0:	14000005 	b	4076e4 <_ZSt22__final_insertion_sortIN9__gnu_cxx17__normal_iteratorIPmSt6vectorImSaImEEEENS0_5__ops15_Iter_less_iterEEvT_S9_T0_+0x84>
  4076d4:	2a1303e2 	mov	w2, w19
  4076d8:	f94023e1 	ldr	x1, [sp, #64]
  4076dc:	f94027e0 	ldr	x0, [sp, #72]
  4076e0:	940002c1 	bl	4081e4 <_ZSt16__insertion_sortIN9__gnu_cxx17__normal_iteratorIPmSt6vectorImSaImEEEENS0_5__ops15_Iter_less_iterEEvT_S9_T0_>
  4076e4:	d503201f 	nop
  4076e8:	a94153f3 	ldp	x19, x20, [sp, #16]
  4076ec:	f94013f5 	ldr	x21, [sp, #32]
  4076f0:	a8c57bfd 	ldp	x29, x30, [sp], #80
  4076f4:	d65f03c0 	ret

00000000004076f8 <_ZN9__gnu_cxx17__normal_iteratorIPKmSt6vectorImSaImEEEC1ERKS2_>:
  4076f8:	d10043ff 	sub	sp, sp, #0x10
  4076fc:	f90007e0 	str	x0, [sp, #8]
  407700:	f90003e1 	str	x1, [sp]
  407704:	f94003e0 	ldr	x0, [sp]
  407708:	f9400001 	ldr	x1, [x0]
  40770c:	f94007e0 	ldr	x0, [sp, #8]
  407710:	f9000001 	str	x1, [x0]
  407714:	d503201f 	nop
  407718:	910043ff 	add	sp, sp, #0x10
  40771c:	d65f03c0 	ret

0000000000407720 <_ZNK9__gnu_cxx17__normal_iteratorIPKmSt6vectorImSaImEEE4baseEv>:
  407720:	d10043ff 	sub	sp, sp, #0x10
  407724:	f90007e0 	str	x0, [sp, #8]
  407728:	f94007e0 	ldr	x0, [sp, #8]
  40772c:	910043ff 	add	sp, sp, #0x10
  407730:	d65f03c0 	ret

0000000000407734 <_ZSt18__do_alloc_on_copyISaImEEvRT_RKS1_St17integral_constantIbLb0EE>:
  407734:	d10083ff 	sub	sp, sp, #0x20
  407738:	f9000fe0 	str	x0, [sp, #24]
  40773c:	f9000be1 	str	x1, [sp, #16]
  407740:	390023e2 	strb	w2, [sp, #8]
  407744:	d503201f 	nop
  407748:	910083ff 	add	sp, sp, #0x20
  40774c:	d65f03c0 	ret

0000000000407750 <_ZSt22__uninitialized_copy_aIN9__gnu_cxx17__normal_iteratorIPKmSt6vectorImSaImEEEEPmmET0_T_SA_S9_RSaIT1_E>:
  407750:	a9bd7bfd 	stp	x29, x30, [sp, #-48]!
  407754:	910003fd 	mov	x29, sp
  407758:	f90017e0 	str	x0, [sp, #40]
  40775c:	f90013e1 	str	x1, [sp, #32]
  407760:	f9000fe2 	str	x2, [sp, #24]
  407764:	f9000be3 	str	x3, [sp, #16]
  407768:	f9400fe2 	ldr	x2, [sp, #24]
  40776c:	f94013e1 	ldr	x1, [sp, #32]
  407770:	f94017e0 	ldr	x0, [sp, #40]
  407774:	940002f8 	bl	408354 <_ZSt18uninitialized_copyIN9__gnu_cxx17__normal_iteratorIPKmSt6vectorImSaImEEEEPmET0_T_SA_S9_>
  407778:	a8c37bfd 	ldp	x29, x30, [sp], #48
  40777c:	d65f03c0 	ret

0000000000407780 <_ZSt12__miter_baseIN9__gnu_cxx17__normal_iteratorIPKmSt6vectorImSaImEEEEET_S8_>:
  407780:	d10043ff 	sub	sp, sp, #0x10
  407784:	f90007e0 	str	x0, [sp, #8]
  407788:	f94007e0 	ldr	x0, [sp, #8]
  40778c:	910043ff 	add	sp, sp, #0x10
  407790:	d65f03c0 	ret

0000000000407794 <_ZSt13__copy_move_aILb0EN9__gnu_cxx17__normal_iteratorIPKmSt6vectorImSaImEEEENS1_IPmS6_EEET1_T0_SB_SA_>:
  407794:	a9bc7bfd 	stp	x29, x30, [sp, #-64]!
  407798:	910003fd 	mov	x29, sp
  40779c:	a90153f3 	stp	x19, x20, [sp, #16]
  4077a0:	f9001fe0 	str	x0, [sp, #56]
  4077a4:	f9001be1 	str	x1, [sp, #48]
  4077a8:	f90017e2 	str	x2, [sp, #40]
  4077ac:	f9401fe0 	ldr	x0, [sp, #56]
  4077b0:	940002f6 	bl	408388 <_ZSt12__niter_baseIPKmSt6vectorImSaImEEET_N9__gnu_cxx17__normal_iteratorIS5_T0_EE>
  4077b4:	aa0003f3 	mov	x19, x0
  4077b8:	f9401be0 	ldr	x0, [sp, #48]
  4077bc:	940002f3 	bl	408388 <_ZSt12__niter_baseIPKmSt6vectorImSaImEEET_N9__gnu_cxx17__normal_iteratorIS5_T0_EE>
  4077c0:	aa0003f4 	mov	x20, x0
  4077c4:	f94017e0 	ldr	x0, [sp, #40]
  4077c8:	940002f8 	bl	4083a8 <_ZSt12__niter_baseIPmSt6vectorImSaImEEET_N9__gnu_cxx17__normal_iteratorIS4_T0_EE>
  4077cc:	aa0003e2 	mov	x2, x0
  4077d0:	aa1403e1 	mov	x1, x20
  4077d4:	aa1303e0 	mov	x0, x19
  4077d8:	940002fc 	bl	4083c8 <_ZSt14__copy_move_a1ILb0EPKmPmET1_T0_S4_S3_>
  4077dc:	aa0003e1 	mov	x1, x0
  4077e0:	f94017e0 	ldr	x0, [sp, #40]
  4077e4:	94000304 	bl	4083f4 <_ZSt12__niter_wrapIN9__gnu_cxx17__normal_iteratorIPmSt6vectorImSaImEEEES2_ET_S7_T0_>
  4077e8:	a94153f3 	ldp	x19, x20, [sp, #16]
  4077ec:	a8c47bfd 	ldp	x29, x30, [sp], #64
  4077f0:	d65f03c0 	ret

00000000004077f4 <_ZSt8_DestroyIN9__gnu_cxx17__normal_iteratorIPmSt6vectorImSaImEEEEEvT_S7_>:
  4077f4:	a9be7bfd 	stp	x29, x30, [sp, #-32]!
  4077f8:	910003fd 	mov	x29, sp
  4077fc:	f9000fe0 	str	x0, [sp, #24]
  407800:	f9000be1 	str	x1, [sp, #16]
  407804:	f9400be1 	ldr	x1, [sp, #16]
  407808:	f9400fe0 	ldr	x0, [sp, #24]
  40780c:	94000309 	bl	408430 <_ZNSt12_Destroy_auxILb1EE9__destroyIN9__gnu_cxx17__normal_iteratorIPmSt6vectorImSaImEEEEEEvT_S9_>
  407810:	d503201f 	nop
  407814:	a8c27bfd 	ldp	x29, x30, [sp], #32
  407818:	d65f03c0 	ret

000000000040781c <_ZSt12__miter_baseIPmET_S1_>:
  40781c:	d10043ff 	sub	sp, sp, #0x10
  407820:	f90007e0 	str	x0, [sp, #8]
  407824:	f94007e0 	ldr	x0, [sp, #8]
  407828:	910043ff 	add	sp, sp, #0x10
  40782c:	d65f03c0 	ret

0000000000407830 <_ZSt13__copy_move_aILb0EPmS0_ET1_T0_S2_S1_>:
  407830:	a9bc7bfd 	stp	x29, x30, [sp, #-64]!
  407834:	910003fd 	mov	x29, sp
  407838:	a90153f3 	stp	x19, x20, [sp, #16]
  40783c:	f9001fe0 	str	x0, [sp, #56]
  407840:	f9001be1 	str	x1, [sp, #48]
  407844:	f90017e2 	str	x2, [sp, #40]
  407848:	f9401fe0 	ldr	x0, [sp, #56]
  40784c:	940002ff 	bl	408448 <_ZSt12__niter_baseIPmET_S1_>
  407850:	aa0003f3 	mov	x19, x0
  407854:	f9401be0 	ldr	x0, [sp, #48]
  407858:	940002fc 	bl	408448 <_ZSt12__niter_baseIPmET_S1_>
  40785c:	aa0003f4 	mov	x20, x0
  407860:	f94017e0 	ldr	x0, [sp, #40]
  407864:	940002f9 	bl	408448 <_ZSt12__niter_baseIPmET_S1_>
  407868:	aa0003e2 	mov	x2, x0
  40786c:	aa1403e1 	mov	x1, x20
  407870:	aa1303e0 	mov	x0, x19
  407874:	940002fa 	bl	40845c <_ZSt14__copy_move_a1ILb0EPmS0_ET1_T0_S2_S1_>
  407878:	aa0003e1 	mov	x1, x0
  40787c:	9100a3e0 	add	x0, sp, #0x28
  407880:	94000302 	bl	408488 <_ZSt12__niter_wrapIPmET_RKS1_S1_>
  407884:	a94153f3 	ldp	x19, x20, [sp, #16]
  407888:	a8c47bfd 	ldp	x29, x30, [sp], #64
  40788c:	d65f03c0 	ret

0000000000407890 <_ZSt18uninitialized_copyIPmS0_ET0_T_S2_S1_>:
  407890:	a9bc7bfd 	stp	x29, x30, [sp, #-64]!
  407894:	910003fd 	mov	x29, sp
  407898:	f90017e0 	str	x0, [sp, #40]
  40789c:	f90013e1 	str	x1, [sp, #32]
  4078a0:	f9000fe2 	str	x2, [sp, #24]
  4078a4:	52800020 	mov	w0, #0x1                   	// #1
  4078a8:	3900ffe0 	strb	w0, [sp, #63]
  4078ac:	f9400fe2 	ldr	x2, [sp, #24]
  4078b0:	f94013e1 	ldr	x1, [sp, #32]
  4078b4:	f94017e0 	ldr	x0, [sp, #40]
  4078b8:	940002fa 	bl	4084a0 <_ZNSt20__uninitialized_copyILb1EE13__uninit_copyIPmS2_EET0_T_S4_S3_>
  4078bc:	a8c47bfd 	ldp	x29, x30, [sp], #64
  4078c0:	d65f03c0 	ret

00000000004078c4 <_ZN9__gnu_cxx5__ops16_Iter_equals_valIKmEC1ERS2_>:
  4078c4:	d10043ff 	sub	sp, sp, #0x10
  4078c8:	f90007e0 	str	x0, [sp, #8]
  4078cc:	f90003e1 	str	x1, [sp]
  4078d0:	f94007e0 	ldr	x0, [sp, #8]
  4078d4:	f94003e1 	ldr	x1, [sp]
  4078d8:	f9000001 	str	x1, [x0]
  4078dc:	d503201f 	nop
  4078e0:	910043ff 	add	sp, sp, #0x10
  4078e4:	d65f03c0 	ret

00000000004078e8 <_ZSt19__iterator_categoryIN9__gnu_cxx17__normal_iteratorIPmSt6vectorImSaImEEEEENSt15iterator_traitsIT_E17iterator_categoryERKS8_>:
  4078e8:	d10043ff 	sub	sp, sp, #0x10
  4078ec:	f90007e0 	str	x0, [sp, #8]
  4078f0:	d503201f 	nop
  4078f4:	2a0103e0 	mov	w0, w1
  4078f8:	910043ff 	add	sp, sp, #0x10
  4078fc:	d65f03c0 	ret

0000000000407900 <_ZSt9__find_ifIN9__gnu_cxx17__normal_iteratorIPmSt6vectorImSaImEEEENS0_5__ops16_Iter_equals_valIKmEEET_SB_SB_T0_St26random_access_iterator_tag>:
  407900:	a9bc7bfd 	stp	x29, x30, [sp, #-64]!
  407904:	910003fd 	mov	x29, sp
  407908:	f90017e0 	str	x0, [sp, #40]
  40790c:	f90013e1 	str	x1, [sp, #32]
  407910:	f9000fe2 	str	x2, [sp, #24]
  407914:	390043e3 	strb	w3, [sp, #16]
  407918:	9100a3e1 	add	x1, sp, #0x28
  40791c:	910083e0 	add	x0, sp, #0x20
  407920:	97fff89f 	bl	405b9c <_ZN9__gnu_cxxmiIPmSt6vectorImSaImEEEENS_17__normal_iteratorIT_T0_E15difference_typeERKS8_SB_>
  407924:	9342fc00 	asr	x0, x0, #2
  407928:	f9001fe0 	str	x0, [sp, #56]
  40792c:	1400002c 	b	4079dc <_ZSt9__find_ifIN9__gnu_cxx17__normal_iteratorIPmSt6vectorImSaImEEEENS0_5__ops16_Iter_equals_valIKmEEET_SB_SB_T0_St26random_access_iterator_tag+0xdc>
  407930:	910063e0 	add	x0, sp, #0x18
  407934:	f94017e1 	ldr	x1, [sp, #40]
  407938:	940002e5 	bl	4084cc <_ZN9__gnu_cxx5__ops16_Iter_equals_valIKmEclINS_17__normal_iteratorIPmSt6vectorImSaImEEEEEEbT_>
  40793c:	12001c00 	and	w0, w0, #0xff
  407940:	7100001f 	cmp	w0, #0x0
  407944:	54000060 	b.eq	407950 <_ZSt9__find_ifIN9__gnu_cxx17__normal_iteratorIPmSt6vectorImSaImEEEENS0_5__ops16_Iter_equals_valIKmEEET_SB_SB_T0_St26random_access_iterator_tag+0x50>  // b.none
  407948:	f94017e0 	ldr	x0, [sp, #40]
  40794c:	14000052 	b	407a94 <_ZSt9__find_ifIN9__gnu_cxx17__normal_iteratorIPmSt6vectorImSaImEEEENS0_5__ops16_Iter_equals_valIKmEEET_SB_SB_T0_St26random_access_iterator_tag+0x194>
  407950:	9100a3e0 	add	x0, sp, #0x28
  407954:	97fff674 	bl	405324 <_ZN9__gnu_cxx17__normal_iteratorIPmSt6vectorImSaImEEEppEv>
  407958:	910063e0 	add	x0, sp, #0x18
  40795c:	f94017e1 	ldr	x1, [sp, #40]
  407960:	940002db 	bl	4084cc <_ZN9__gnu_cxx5__ops16_Iter_equals_valIKmEclINS_17__normal_iteratorIPmSt6vectorImSaImEEEEEEbT_>
  407964:	12001c00 	and	w0, w0, #0xff
  407968:	7100001f 	cmp	w0, #0x0
  40796c:	54000060 	b.eq	407978 <_ZSt9__find_ifIN9__gnu_cxx17__normal_iteratorIPmSt6vectorImSaImEEEENS0_5__ops16_Iter_equals_valIKmEEET_SB_SB_T0_St26random_access_iterator_tag+0x78>  // b.none
  407970:	f94017e0 	ldr	x0, [sp, #40]
  407974:	14000048 	b	407a94 <_ZSt9__find_ifIN9__gnu_cxx17__normal_iteratorIPmSt6vectorImSaImEEEENS0_5__ops16_Iter_equals_valIKmEEET_SB_SB_T0_St26random_access_iterator_tag+0x194>
  407978:	9100a3e0 	add	x0, sp, #0x28
  40797c:	97fff66a 	bl	405324 <_ZN9__gnu_cxx17__normal_iteratorIPmSt6vectorImSaImEEEppEv>
  407980:	910063e0 	add	x0, sp, #0x18
  407984:	f94017e1 	ldr	x1, [sp, #40]
  407988:	940002d1 	bl	4084cc <_ZN9__gnu_cxx5__ops16_Iter_equals_valIKmEclINS_17__normal_iteratorIPmSt6vectorImSaImEEEEEEbT_>
  40798c:	12001c00 	and	w0, w0, #0xff
  407990:	7100001f 	cmp	w0, #0x0
  407994:	54000060 	b.eq	4079a0 <_ZSt9__find_ifIN9__gnu_cxx17__normal_iteratorIPmSt6vectorImSaImEEEENS0_5__ops16_Iter_equals_valIKmEEET_SB_SB_T0_St26random_access_iterator_tag+0xa0>  // b.none
  407998:	f94017e0 	ldr	x0, [sp, #40]
  40799c:	1400003e 	b	407a94 <_ZSt9__find_ifIN9__gnu_cxx17__normal_iteratorIPmSt6vectorImSaImEEEENS0_5__ops16_Iter_equals_valIKmEEET_SB_SB_T0_St26random_access_iterator_tag+0x194>
  4079a0:	9100a3e0 	add	x0, sp, #0x28
  4079a4:	97fff660 	bl	405324 <_ZN9__gnu_cxx17__normal_iteratorIPmSt6vectorImSaImEEEppEv>
  4079a8:	910063e0 	add	x0, sp, #0x18
  4079ac:	f94017e1 	ldr	x1, [sp, #40]
  4079b0:	940002c7 	bl	4084cc <_ZN9__gnu_cxx5__ops16_Iter_equals_valIKmEclINS_17__normal_iteratorIPmSt6vectorImSaImEEEEEEbT_>
  4079b4:	12001c00 	and	w0, w0, #0xff
  4079b8:	7100001f 	cmp	w0, #0x0
  4079bc:	54000060 	b.eq	4079c8 <_ZSt9__find_ifIN9__gnu_cxx17__normal_iteratorIPmSt6vectorImSaImEEEENS0_5__ops16_Iter_equals_valIKmEEET_SB_SB_T0_St26random_access_iterator_tag+0xc8>  // b.none
  4079c0:	f94017e0 	ldr	x0, [sp, #40]
  4079c4:	14000034 	b	407a94 <_ZSt9__find_ifIN9__gnu_cxx17__normal_iteratorIPmSt6vectorImSaImEEEENS0_5__ops16_Iter_equals_valIKmEEET_SB_SB_T0_St26random_access_iterator_tag+0x194>
  4079c8:	9100a3e0 	add	x0, sp, #0x28
  4079cc:	97fff656 	bl	405324 <_ZN9__gnu_cxx17__normal_iteratorIPmSt6vectorImSaImEEEppEv>
  4079d0:	f9401fe0 	ldr	x0, [sp, #56]
  4079d4:	d1000400 	sub	x0, x0, #0x1
  4079d8:	f9001fe0 	str	x0, [sp, #56]
  4079dc:	f9401fe0 	ldr	x0, [sp, #56]
  4079e0:	f100001f 	cmp	x0, #0x0
  4079e4:	54fffa6c 	b.gt	407930 <_ZSt9__find_ifIN9__gnu_cxx17__normal_iteratorIPmSt6vectorImSaImEEEENS0_5__ops16_Iter_equals_valIKmEEET_SB_SB_T0_St26random_access_iterator_tag+0x30>
  4079e8:	9100a3e1 	add	x1, sp, #0x28
  4079ec:	910083e0 	add	x0, sp, #0x20
  4079f0:	97fff86b 	bl	405b9c <_ZN9__gnu_cxxmiIPmSt6vectorImSaImEEEENS_17__normal_iteratorIT_T0_E15difference_typeERKS8_SB_>
  4079f4:	f1000c1f 	cmp	x0, #0x3
  4079f8:	54000100 	b.eq	407a18 <_ZSt9__find_ifIN9__gnu_cxx17__normal_iteratorIPmSt6vectorImSaImEEEENS0_5__ops16_Iter_equals_valIKmEEET_SB_SB_T0_St26random_access_iterator_tag+0x118>  // b.none
  4079fc:	f1000c1f 	cmp	x0, #0x3
  407a00:	5400048c 	b.gt	407a90 <_ZSt9__find_ifIN9__gnu_cxx17__normal_iteratorIPmSt6vectorImSaImEEEENS0_5__ops16_Iter_equals_valIKmEEET_SB_SB_T0_St26random_access_iterator_tag+0x190>
  407a04:	f100041f 	cmp	x0, #0x1
  407a08:	54000300 	b.eq	407a68 <_ZSt9__find_ifIN9__gnu_cxx17__normal_iteratorIPmSt6vectorImSaImEEEENS0_5__ops16_Iter_equals_valIKmEEET_SB_SB_T0_St26random_access_iterator_tag+0x168>  // b.none
  407a0c:	f100081f 	cmp	x0, #0x2
  407a10:	54000180 	b.eq	407a40 <_ZSt9__find_ifIN9__gnu_cxx17__normal_iteratorIPmSt6vectorImSaImEEEENS0_5__ops16_Iter_equals_valIKmEEET_SB_SB_T0_St26random_access_iterator_tag+0x140>  // b.none
  407a14:	1400001f 	b	407a90 <_ZSt9__find_ifIN9__gnu_cxx17__normal_iteratorIPmSt6vectorImSaImEEEENS0_5__ops16_Iter_equals_valIKmEEET_SB_SB_T0_St26random_access_iterator_tag+0x190>
  407a18:	910063e0 	add	x0, sp, #0x18
  407a1c:	f94017e1 	ldr	x1, [sp, #40]
  407a20:	940002ab 	bl	4084cc <_ZN9__gnu_cxx5__ops16_Iter_equals_valIKmEclINS_17__normal_iteratorIPmSt6vectorImSaImEEEEEEbT_>
  407a24:	12001c00 	and	w0, w0, #0xff
  407a28:	7100001f 	cmp	w0, #0x0
  407a2c:	54000060 	b.eq	407a38 <_ZSt9__find_ifIN9__gnu_cxx17__normal_iteratorIPmSt6vectorImSaImEEEENS0_5__ops16_Iter_equals_valIKmEEET_SB_SB_T0_St26random_access_iterator_tag+0x138>  // b.none
  407a30:	f94017e0 	ldr	x0, [sp, #40]
  407a34:	14000018 	b	407a94 <_ZSt9__find_ifIN9__gnu_cxx17__normal_iteratorIPmSt6vectorImSaImEEEENS0_5__ops16_Iter_equals_valIKmEEET_SB_SB_T0_St26random_access_iterator_tag+0x194>
  407a38:	9100a3e0 	add	x0, sp, #0x28
  407a3c:	97fff63a 	bl	405324 <_ZN9__gnu_cxx17__normal_iteratorIPmSt6vectorImSaImEEEppEv>
  407a40:	910063e0 	add	x0, sp, #0x18
  407a44:	f94017e1 	ldr	x1, [sp, #40]
  407a48:	940002a1 	bl	4084cc <_ZN9__gnu_cxx5__ops16_Iter_equals_valIKmEclINS_17__normal_iteratorIPmSt6vectorImSaImEEEEEEbT_>
  407a4c:	12001c00 	and	w0, w0, #0xff
  407a50:	7100001f 	cmp	w0, #0x0
  407a54:	54000060 	b.eq	407a60 <_ZSt9__find_ifIN9__gnu_cxx17__normal_iteratorIPmSt6vectorImSaImEEEENS0_5__ops16_Iter_equals_valIKmEEET_SB_SB_T0_St26random_access_iterator_tag+0x160>  // b.none
  407a58:	f94017e0 	ldr	x0, [sp, #40]
  407a5c:	1400000e 	b	407a94 <_ZSt9__find_ifIN9__gnu_cxx17__normal_iteratorIPmSt6vectorImSaImEEEENS0_5__ops16_Iter_equals_valIKmEEET_SB_SB_T0_St26random_access_iterator_tag+0x194>
  407a60:	9100a3e0 	add	x0, sp, #0x28
  407a64:	97fff630 	bl	405324 <_ZN9__gnu_cxx17__normal_iteratorIPmSt6vectorImSaImEEEppEv>
  407a68:	910063e0 	add	x0, sp, #0x18
  407a6c:	f94017e1 	ldr	x1, [sp, #40]
  407a70:	94000297 	bl	4084cc <_ZN9__gnu_cxx5__ops16_Iter_equals_valIKmEclINS_17__normal_iteratorIPmSt6vectorImSaImEEEEEEbT_>
  407a74:	12001c00 	and	w0, w0, #0xff
  407a78:	7100001f 	cmp	w0, #0x0
  407a7c:	54000060 	b.eq	407a88 <_ZSt9__find_ifIN9__gnu_cxx17__normal_iteratorIPmSt6vectorImSaImEEEENS0_5__ops16_Iter_equals_valIKmEEET_SB_SB_T0_St26random_access_iterator_tag+0x188>  // b.none
  407a80:	f94017e0 	ldr	x0, [sp, #40]
  407a84:	14000004 	b	407a94 <_ZSt9__find_ifIN9__gnu_cxx17__normal_iteratorIPmSt6vectorImSaImEEEENS0_5__ops16_Iter_equals_valIKmEEET_SB_SB_T0_St26random_access_iterator_tag+0x194>
  407a88:	9100a3e0 	add	x0, sp, #0x28
  407a8c:	97fff626 	bl	405324 <_ZN9__gnu_cxx17__normal_iteratorIPmSt6vectorImSaImEEEppEv>
  407a90:	f94013e0 	ldr	x0, [sp, #32]
  407a94:	a8c47bfd 	ldp	x29, x30, [sp], #64
  407a98:	d65f03c0 	ret

0000000000407a9c <_ZN9__gnu_cxx13new_allocatorImE10deallocateEPmm>:
  407a9c:	a9bd7bfd 	stp	x29, x30, [sp, #-48]!
  407aa0:	910003fd 	mov	x29, sp
  407aa4:	f90017e0 	str	x0, [sp, #40]
  407aa8:	f90013e1 	str	x1, [sp, #32]
  407aac:	f9000fe2 	str	x2, [sp, #24]
  407ab0:	f94013e0 	ldr	x0, [sp, #32]
  407ab4:	97ffe80f 	bl	401af0 <_ZdlPv@plt>
  407ab8:	d503201f 	nop
  407abc:	a8c37bfd 	ldp	x29, x30, [sp], #48
  407ac0:	d65f03c0 	ret

0000000000407ac4 <_ZNSt12_Destroy_auxILb1EE9__destroyIPmEEvT_S3_>:
  407ac4:	d10043ff 	sub	sp, sp, #0x10
  407ac8:	f90007e0 	str	x0, [sp, #8]
  407acc:	f90003e1 	str	x1, [sp]
  407ad0:	d503201f 	nop
  407ad4:	910043ff 	add	sp, sp, #0x10
  407ad8:	d65f03c0 	ret

0000000000407adc <_ZN9__gnu_cxx13new_allocatorImE9constructImJmEEEvPT_DpOT0_>:
  407adc:	a9bc7bfd 	stp	x29, x30, [sp, #-64]!
  407ae0:	910003fd 	mov	x29, sp
  407ae4:	f9000bf3 	str	x19, [sp, #16]
  407ae8:	f9001fe0 	str	x0, [sp, #56]
  407aec:	f9001be1 	str	x1, [sp, #48]
  407af0:	f90017e2 	str	x2, [sp, #40]
  407af4:	f94017e0 	ldr	x0, [sp, #40]
  407af8:	97fffbef 	bl	406ab4 <_ZSt7forwardImEOT_RNSt16remove_referenceIS0_E4typeE>
  407afc:	f9400013 	ldr	x19, [x0]
  407b00:	f9401be0 	ldr	x0, [sp, #48]
  407b04:	aa0003e1 	mov	x1, x0
  407b08:	d2800100 	mov	x0, #0x8                   	// #8
  407b0c:	97fff389 	bl	404930 <_ZnwmPv>
  407b10:	f9000013 	str	x19, [x0]
  407b14:	d503201f 	nop
  407b18:	f9400bf3 	ldr	x19, [sp, #16]
  407b1c:	a8c47bfd 	ldp	x29, x30, [sp], #64
  407b20:	d65f03c0 	ret

0000000000407b24 <_ZNSt12_Vector_baseImSaImEEC1ERKS0_>:
  407b24:	a9be7bfd 	stp	x29, x30, [sp, #-32]!
  407b28:	910003fd 	mov	x29, sp
  407b2c:	f9000fe0 	str	x0, [sp, #24]
  407b30:	f9000be1 	str	x1, [sp, #16]
  407b34:	f9400fe0 	ldr	x0, [sp, #24]
  407b38:	f9400be1 	ldr	x1, [sp, #16]
  407b3c:	97fffcde 	bl	406eb4 <_ZNSt12_Vector_baseImSaImEE12_Vector_implC1ERKS0_>
  407b40:	d503201f 	nop
  407b44:	a8c27bfd 	ldp	x29, x30, [sp], #32
  407b48:	d65f03c0 	ret

0000000000407b4c <_ZNSt12_Vector_baseImSaImEE17_Vector_impl_data12_M_copy_dataERKS2_>:
  407b4c:	d10043ff 	sub	sp, sp, #0x10
  407b50:	f90007e0 	str	x0, [sp, #8]
  407b54:	f90003e1 	str	x1, [sp]
  407b58:	f94003e0 	ldr	x0, [sp]
  407b5c:	f9400001 	ldr	x1, [x0]
  407b60:	f94007e0 	ldr	x0, [sp, #8]
  407b64:	f9000001 	str	x1, [x0]
  407b68:	f94003e0 	ldr	x0, [sp]
  407b6c:	f9400401 	ldr	x1, [x0, #8]
  407b70:	f94007e0 	ldr	x0, [sp, #8]
  407b74:	f9000401 	str	x1, [x0, #8]
  407b78:	f94003e0 	ldr	x0, [sp]
  407b7c:	f9400801 	ldr	x1, [x0, #16]
  407b80:	f94007e0 	ldr	x0, [sp, #8]
  407b84:	f9000801 	str	x1, [x0, #16]
  407b88:	d503201f 	nop
  407b8c:	910043ff 	add	sp, sp, #0x10
  407b90:	d65f03c0 	ret

0000000000407b94 <_ZSt18__do_alloc_on_moveISaImEEvRT_S2_St17integral_constantIbLb1EE>:
  407b94:	a9bd7bfd 	stp	x29, x30, [sp, #-48]!
  407b98:	910003fd 	mov	x29, sp
  407b9c:	f90017e0 	str	x0, [sp, #40]
  407ba0:	f90013e1 	str	x1, [sp, #32]
  407ba4:	390063e2 	strb	w2, [sp, #24]
  407ba8:	f94013e0 	ldr	x0, [sp, #32]
  407bac:	94000257 	bl	408508 <_ZSt4moveIRSaImEEONSt16remove_referenceIT_E4typeEOS3_>
  407bb0:	d503201f 	nop
  407bb4:	a8c37bfd 	ldp	x29, x30, [sp], #48
  407bb8:	d65f03c0 	ret

0000000000407bbc <_ZNSt16allocator_traitsISaImEE8max_sizeERKS0_>:
  407bbc:	a9be7bfd 	stp	x29, x30, [sp, #-32]!
  407bc0:	910003fd 	mov	x29, sp
  407bc4:	f9000fe0 	str	x0, [sp, #24]
  407bc8:	f9400fe0 	ldr	x0, [sp, #24]
  407bcc:	94000254 	bl	40851c <_ZNK9__gnu_cxx13new_allocatorImE8max_sizeEv>
  407bd0:	a8c27bfd 	ldp	x29, x30, [sp], #32
  407bd4:	d65f03c0 	ret

0000000000407bd8 <_ZSt3minImERKT_S2_S2_>:
  407bd8:	d10043ff 	sub	sp, sp, #0x10
  407bdc:	f90007e0 	str	x0, [sp, #8]
  407be0:	f90003e1 	str	x1, [sp]
  407be4:	f94003e0 	ldr	x0, [sp]
  407be8:	f9400001 	ldr	x1, [x0]
  407bec:	f94007e0 	ldr	x0, [sp, #8]
  407bf0:	f9400000 	ldr	x0, [x0]
  407bf4:	eb00003f 	cmp	x1, x0
  407bf8:	54000062 	b.cs	407c04 <_ZSt3minImERKT_S2_S2_+0x2c>  // b.hs, b.nlast
  407bfc:	f94003e0 	ldr	x0, [sp]
  407c00:	14000002 	b	407c08 <_ZSt3minImERKT_S2_S2_+0x30>
  407c04:	f94007e0 	ldr	x0, [sp, #8]
  407c08:	910043ff 	add	sp, sp, #0x10
  407c0c:	d65f03c0 	ret

0000000000407c10 <_ZSt25__uninitialized_default_nIPmmET_S1_T0_>:
  407c10:	a9bd7bfd 	stp	x29, x30, [sp, #-48]!
  407c14:	910003fd 	mov	x29, sp
  407c18:	f9000fe0 	str	x0, [sp, #24]
  407c1c:	f9000be1 	str	x1, [sp, #16]
  407c20:	52800020 	mov	w0, #0x1                   	// #1
  407c24:	3900bfe0 	strb	w0, [sp, #47]
  407c28:	f9400be1 	ldr	x1, [sp, #16]
  407c2c:	f9400fe0 	ldr	x0, [sp, #24]
  407c30:	94000247 	bl	40854c <_ZNSt27__uninitialized_default_n_1ILb1EE18__uninit_default_nIPmmEET_S3_T0_>
  407c34:	a8c37bfd 	ldp	x29, x30, [sp], #48
  407c38:	d65f03c0 	ret

0000000000407c3c <_ZNSt8__detail4_ModImLm4294967296ELm1ELm0ELb1ELb1EE6__calcEm>:
  407c3c:	d10083ff 	sub	sp, sp, #0x20
  407c40:	f90007e0 	str	x0, [sp, #8]
  407c44:	f94007e0 	ldr	x0, [sp, #8]
  407c48:	f9000fe0 	str	x0, [sp, #24]
  407c4c:	f9400fe0 	ldr	x0, [sp, #24]
  407c50:	92407c00 	and	x0, x0, #0xffffffff
  407c54:	f9000fe0 	str	x0, [sp, #24]
  407c58:	f9400fe0 	ldr	x0, [sp, #24]
  407c5c:	910083ff 	add	sp, sp, #0x20
  407c60:	d65f03c0 	ret

0000000000407c64 <_ZNSt8__detail4_ModImLm624ELm1ELm0ELb1ELb1EE6__calcEm>:
  407c64:	d10083ff 	sub	sp, sp, #0x20
  407c68:	f90007e0 	str	x0, [sp, #8]
  407c6c:	f94007e0 	ldr	x0, [sp, #8]
  407c70:	f9000fe0 	str	x0, [sp, #24]
  407c74:	f9400fe2 	ldr	x2, [sp, #24]
  407c78:	d344fc41 	lsr	x1, x2, #4
  407c7c:	d281a420 	mov	x0, #0xd21                 	// #3361
  407c80:	f2a41a40 	movk	x0, #0x20d2, lsl #16
  407c84:	f2da41a0 	movk	x0, #0xd20d, lsl #32
  407c88:	f2e1a400 	movk	x0, #0xd20, lsl #48
  407c8c:	9bc07c20 	umulh	x0, x1, x0
  407c90:	d341fc01 	lsr	x1, x0, #1
  407c94:	aa0103e0 	mov	x0, x1
  407c98:	d37ef400 	lsl	x0, x0, #2
  407c9c:	8b010000 	add	x0, x0, x1
  407ca0:	d37df000 	lsl	x0, x0, #3
  407ca4:	cb010000 	sub	x0, x0, x1
  407ca8:	d37cec00 	lsl	x0, x0, #4
  407cac:	cb000040 	sub	x0, x2, x0
  407cb0:	f9000fe0 	str	x0, [sp, #24]
  407cb4:	f9400fe0 	ldr	x0, [sp, #24]
  407cb8:	910083ff 	add	sp, sp, #0x20
  407cbc:	d65f03c0 	ret

0000000000407cc0 <_ZNSt4pairImmEC1ImmLb1EEEOT_OT0_>:
  407cc0:	a9bd7bfd 	stp	x29, x30, [sp, #-48]!
  407cc4:	910003fd 	mov	x29, sp
  407cc8:	f90017e0 	str	x0, [sp, #40]
  407ccc:	f90013e1 	str	x1, [sp, #32]
  407cd0:	f9000fe2 	str	x2, [sp, #24]
  407cd4:	f94013e0 	ldr	x0, [sp, #32]
  407cd8:	97fffb77 	bl	406ab4 <_ZSt7forwardImEOT_RNSt16remove_referenceIS0_E4typeE>
  407cdc:	f9400001 	ldr	x1, [x0]
  407ce0:	f94017e0 	ldr	x0, [sp, #40]
  407ce4:	f9000001 	str	x1, [x0]
  407ce8:	f9400fe0 	ldr	x0, [sp, #24]
  407cec:	97fffb72 	bl	406ab4 <_ZSt7forwardImEOT_RNSt16remove_referenceIS0_E4typeE>
  407cf0:	f9400001 	ldr	x1, [x0]
  407cf4:	f94017e0 	ldr	x0, [sp, #40]
  407cf8:	f9000401 	str	x1, [x0, #8]
  407cfc:	d503201f 	nop
  407d00:	a8c37bfd 	ldp	x29, x30, [sp], #48
  407d04:	d65f03c0 	ret

0000000000407d08 <_ZNSt23mersenne_twister_engineImLm32ELm624ELm397ELm31ELm2567483615ELm11ELm4294967295ELm7ELm2636928640ELm15ELm4022730752ELm18ELm1812433253EE11_M_gen_randEv>:
  407d08:	d10143ff 	sub	sp, sp, #0x50
  407d0c:	f90007e0 	str	x0, [sp, #8]
  407d10:	b26183e0 	mov	x0, #0xffffffff80000000    	// #-2147483648
  407d14:	f9001fe0 	str	x0, [sp, #56]
  407d18:	b2407be0 	mov	x0, #0x7fffffff            	// #2147483647
  407d1c:	f9001be0 	str	x0, [sp, #48]
  407d20:	f90027ff 	str	xzr, [sp, #72]
  407d24:	14000022 	b	407dac <_ZNSt23mersenne_twister_engineImLm32ELm624ELm397ELm31ELm2567483615ELm11ELm4294967295ELm7ELm2636928640ELm15ELm4022730752ELm18ELm1812433253EE11_M_gen_randEv+0xa4>
  407d28:	f94007e0 	ldr	x0, [sp, #8]
  407d2c:	f94027e1 	ldr	x1, [sp, #72]
  407d30:	f8617800 	ldr	x0, [x0, x1, lsl #3]
  407d34:	92618001 	and	x1, x0, #0xffffffff80000000
  407d38:	f94027e0 	ldr	x0, [sp, #72]
  407d3c:	91000402 	add	x2, x0, #0x1
  407d40:	f94007e0 	ldr	x0, [sp, #8]
  407d44:	f8627800 	ldr	x0, [x0, x2, lsl #3]
  407d48:	92407800 	and	x0, x0, #0x7fffffff
  407d4c:	aa000020 	orr	x0, x1, x0
  407d50:	f9000fe0 	str	x0, [sp, #24]
  407d54:	f94027e0 	ldr	x0, [sp, #72]
  407d58:	91063401 	add	x1, x0, #0x18d
  407d5c:	f94007e0 	ldr	x0, [sp, #8]
  407d60:	f8617801 	ldr	x1, [x0, x1, lsl #3]
  407d64:	f9400fe0 	ldr	x0, [sp, #24]
  407d68:	d341fc00 	lsr	x0, x0, #1
  407d6c:	ca000021 	eor	x1, x1, x0
  407d70:	f9400fe0 	ldr	x0, [sp, #24]
  407d74:	92400000 	and	x0, x0, #0x1
  407d78:	f100001f 	cmp	x0, #0x0
  407d7c:	54000080 	b.eq	407d8c <_ZNSt23mersenne_twister_engineImLm32ELm624ELm397ELm31ELm2567483615ELm11ELm4294967295ELm7ELm2636928640ELm15ELm4022730752ELm18ELm1812433253EE11_M_gen_randEv+0x84>  // b.none
  407d80:	d2961be0 	mov	x0, #0xb0df                	// #45279
  407d84:	f2b32100 	movk	x0, #0x9908, lsl #16
  407d88:	14000002 	b	407d90 <_ZNSt23mersenne_twister_engineImLm32ELm624ELm397ELm31ELm2567483615ELm11ELm4294967295ELm7ELm2636928640ELm15ELm4022730752ELm18ELm1812433253EE11_M_gen_randEv+0x88>
  407d8c:	d2800000 	mov	x0, #0x0                   	// #0
  407d90:	ca010002 	eor	x2, x0, x1
  407d94:	f94007e0 	ldr	x0, [sp, #8]
  407d98:	f94027e1 	ldr	x1, [sp, #72]
  407d9c:	f8217802 	str	x2, [x0, x1, lsl #3]
  407da0:	f94027e0 	ldr	x0, [sp, #72]
  407da4:	91000400 	add	x0, x0, #0x1
  407da8:	f90027e0 	str	x0, [sp, #72]
  407dac:	f94027e0 	ldr	x0, [sp, #72]
  407db0:	f103881f 	cmp	x0, #0xe2
  407db4:	54fffba9 	b.ls	407d28 <_ZNSt23mersenne_twister_engineImLm32ELm624ELm397ELm31ELm2567483615ELm11ELm4294967295ELm7ELm2636928640ELm15ELm4022730752ELm18ELm1812433253EE11_M_gen_randEv+0x20>  // b.plast
  407db8:	d2801c60 	mov	x0, #0xe3                  	// #227
  407dbc:	f90023e0 	str	x0, [sp, #64]
  407dc0:	14000022 	b	407e48 <_ZNSt23mersenne_twister_engineImLm32ELm624ELm397ELm31ELm2567483615ELm11ELm4294967295ELm7ELm2636928640ELm15ELm4022730752ELm18ELm1812433253EE11_M_gen_randEv+0x140>
  407dc4:	f94007e0 	ldr	x0, [sp, #8]
  407dc8:	f94023e1 	ldr	x1, [sp, #64]
  407dcc:	f8617800 	ldr	x0, [x0, x1, lsl #3]
  407dd0:	92618001 	and	x1, x0, #0xffffffff80000000
  407dd4:	f94023e0 	ldr	x0, [sp, #64]
  407dd8:	91000402 	add	x2, x0, #0x1
  407ddc:	f94007e0 	ldr	x0, [sp, #8]
  407de0:	f8627800 	ldr	x0, [x0, x2, lsl #3]
  407de4:	92407800 	and	x0, x0, #0x7fffffff
  407de8:	aa000020 	orr	x0, x1, x0
  407dec:	f90013e0 	str	x0, [sp, #32]
  407df0:	f94023e0 	ldr	x0, [sp, #64]
  407df4:	d1038c01 	sub	x1, x0, #0xe3
  407df8:	f94007e0 	ldr	x0, [sp, #8]
  407dfc:	f8617801 	ldr	x1, [x0, x1, lsl #3]
  407e00:	f94013e0 	ldr	x0, [sp, #32]
  407e04:	d341fc00 	lsr	x0, x0, #1
  407e08:	ca000021 	eor	x1, x1, x0
  407e0c:	f94013e0 	ldr	x0, [sp, #32]
  407e10:	92400000 	and	x0, x0, #0x1
  407e14:	f100001f 	cmp	x0, #0x0
  407e18:	54000080 	b.eq	407e28 <_ZNSt23mersenne_twister_engineImLm32ELm624ELm397ELm31ELm2567483615ELm11ELm4294967295ELm7ELm2636928640ELm15ELm4022730752ELm18ELm1812433253EE11_M_gen_randEv+0x120>  // b.none
  407e1c:	d2961be0 	mov	x0, #0xb0df                	// #45279
  407e20:	f2b32100 	movk	x0, #0x9908, lsl #16
  407e24:	14000002 	b	407e2c <_ZNSt23mersenne_twister_engineImLm32ELm624ELm397ELm31ELm2567483615ELm11ELm4294967295ELm7ELm2636928640ELm15ELm4022730752ELm18ELm1812433253EE11_M_gen_randEv+0x124>
  407e28:	d2800000 	mov	x0, #0x0                   	// #0
  407e2c:	ca010002 	eor	x2, x0, x1
  407e30:	f94007e0 	ldr	x0, [sp, #8]
  407e34:	f94023e1 	ldr	x1, [sp, #64]
  407e38:	f8217802 	str	x2, [x0, x1, lsl #3]
  407e3c:	f94023e0 	ldr	x0, [sp, #64]
  407e40:	91000400 	add	x0, x0, #0x1
  407e44:	f90023e0 	str	x0, [sp, #64]
  407e48:	f94023e0 	ldr	x0, [sp, #64]
  407e4c:	f109b81f 	cmp	x0, #0x26e
  407e50:	54fffba9 	b.ls	407dc4 <_ZNSt23mersenne_twister_engineImLm32ELm624ELm397ELm31ELm2567483615ELm11ELm4294967295ELm7ELm2636928640ELm15ELm4022730752ELm18ELm1812433253EE11_M_gen_randEv+0xbc>  // b.plast
  407e54:	f94007e0 	ldr	x0, [sp, #8]
  407e58:	f949bc00 	ldr	x0, [x0, #4984]
  407e5c:	92618001 	and	x1, x0, #0xffffffff80000000
  407e60:	f94007e0 	ldr	x0, [sp, #8]
  407e64:	f9400000 	ldr	x0, [x0]
  407e68:	92407800 	and	x0, x0, #0x7fffffff
  407e6c:	aa000020 	orr	x0, x1, x0
  407e70:	f90017e0 	str	x0, [sp, #40]
  407e74:	f94007e0 	ldr	x0, [sp, #8]
  407e78:	f9463001 	ldr	x1, [x0, #3168]
  407e7c:	f94017e0 	ldr	x0, [sp, #40]
  407e80:	d341fc00 	lsr	x0, x0, #1
  407e84:	ca000021 	eor	x1, x1, x0
  407e88:	f94017e0 	ldr	x0, [sp, #40]
  407e8c:	92400000 	and	x0, x0, #0x1
  407e90:	f100001f 	cmp	x0, #0x0
  407e94:	54000080 	b.eq	407ea4 <_ZNSt23mersenne_twister_engineImLm32ELm624ELm397ELm31ELm2567483615ELm11ELm4294967295ELm7ELm2636928640ELm15ELm4022730752ELm18ELm1812433253EE11_M_gen_randEv+0x19c>  // b.none
  407e98:	d2961be0 	mov	x0, #0xb0df                	// #45279
  407e9c:	f2b32100 	movk	x0, #0x9908, lsl #16
  407ea0:	14000002 	b	407ea8 <_ZNSt23mersenne_twister_engineImLm32ELm624ELm397ELm31ELm2567483615ELm11ELm4294967295ELm7ELm2636928640ELm15ELm4022730752ELm18ELm1812433253EE11_M_gen_randEv+0x1a0>
  407ea4:	d2800000 	mov	x0, #0x0                   	// #0
  407ea8:	ca010001 	eor	x1, x0, x1
  407eac:	f94007e0 	ldr	x0, [sp, #8]
  407eb0:	f909bc01 	str	x1, [x0, #4984]
  407eb4:	f94007e0 	ldr	x0, [sp, #8]
  407eb8:	f909c01f 	str	xzr, [x0, #4992]
  407ebc:	d503201f 	nop
  407ec0:	910143ff 	add	sp, sp, #0x50
  407ec4:	d65f03c0 	ret

0000000000407ec8 <_ZNSt6vectorImSaImEE16_Temporary_value6_M_ptrEv>:
  407ec8:	d10043ff 	sub	sp, sp, #0x10
  407ecc:	f90007e0 	str	x0, [sp, #8]
  407ed0:	f94007e0 	ldr	x0, [sp, #8]
  407ed4:	91002000 	add	x0, x0, #0x8
  407ed8:	910043ff 	add	sp, sp, #0x10
  407edc:	d65f03c0 	ret

0000000000407ee0 <_ZSt18make_move_iteratorIPmESt13move_iteratorIT_ES2_>:
  407ee0:	a9bd7bfd 	stp	x29, x30, [sp, #-48]!
  407ee4:	910003fd 	mov	x29, sp
  407ee8:	f9000fe0 	str	x0, [sp, #24]
  407eec:	910063e0 	add	x0, sp, #0x18
  407ef0:	940001b0 	bl	4085b0 <_ZSt4moveIRPmEONSt16remove_referenceIT_E4typeEOS3_>
  407ef4:	f9400001 	ldr	x1, [x0]
  407ef8:	9100a3e0 	add	x0, sp, #0x28
  407efc:	940001b2 	bl	4085c4 <_ZNSt13move_iteratorIPmEC1ES0_>
  407f00:	f94017e0 	ldr	x0, [sp, #40]
  407f04:	a8c37bfd 	ldp	x29, x30, [sp], #48
  407f08:	d65f03c0 	ret

0000000000407f0c <_ZSt22__uninitialized_copy_aISt13move_iteratorIPmES1_mET0_T_S4_S3_RSaIT1_E>:
  407f0c:	a9bd7bfd 	stp	x29, x30, [sp, #-48]!
  407f10:	910003fd 	mov	x29, sp
  407f14:	f90017e0 	str	x0, [sp, #40]
  407f18:	f90013e1 	str	x1, [sp, #32]
  407f1c:	f9000fe2 	str	x2, [sp, #24]
  407f20:	f9000be3 	str	x3, [sp, #16]
  407f24:	f9400fe2 	ldr	x2, [sp, #24]
  407f28:	f94013e1 	ldr	x1, [sp, #32]
  407f2c:	f94017e0 	ldr	x0, [sp, #40]
  407f30:	940001b1 	bl	4085f4 <_ZSt18uninitialized_copyISt13move_iteratorIPmES1_ET0_T_S4_S3_>
  407f34:	a8c37bfd 	ldp	x29, x30, [sp], #48
  407f38:	d65f03c0 	ret

0000000000407f3c <_ZSt22__copy_move_backward_aILb1EPmS0_ET1_T0_S2_S1_>:
  407f3c:	a9bc7bfd 	stp	x29, x30, [sp, #-64]!
  407f40:	910003fd 	mov	x29, sp
  407f44:	a90153f3 	stp	x19, x20, [sp, #16]
  407f48:	f9001fe0 	str	x0, [sp, #56]
  407f4c:	f9001be1 	str	x1, [sp, #48]
  407f50:	f90017e2 	str	x2, [sp, #40]
  407f54:	f9401fe0 	ldr	x0, [sp, #56]
  407f58:	9400013c 	bl	408448 <_ZSt12__niter_baseIPmET_S1_>
  407f5c:	aa0003f3 	mov	x19, x0
  407f60:	f9401be0 	ldr	x0, [sp, #48]
  407f64:	94000139 	bl	408448 <_ZSt12__niter_baseIPmET_S1_>
  407f68:	aa0003f4 	mov	x20, x0
  407f6c:	f94017e0 	ldr	x0, [sp, #40]
  407f70:	94000136 	bl	408448 <_ZSt12__niter_baseIPmET_S1_>
  407f74:	aa0003e2 	mov	x2, x0
  407f78:	aa1403e1 	mov	x1, x20
  407f7c:	aa1303e0 	mov	x0, x19
  407f80:	940001aa 	bl	408628 <_ZSt23__copy_move_backward_a1ILb1EPmS0_ET1_T0_S2_S1_>
  407f84:	aa0003e1 	mov	x1, x0
  407f88:	9100a3e0 	add	x0, sp, #0x28
  407f8c:	9400013f 	bl	408488 <_ZSt12__niter_wrapIPmET_RKS1_S1_>
  407f90:	a94153f3 	ldp	x19, x20, [sp, #16]
  407f94:	a8c47bfd 	ldp	x29, x30, [sp], #64
  407f98:	d65f03c0 	ret

0000000000407f9c <_ZSt8__fill_aIPmmEvT_S1_RKT0_>:
  407f9c:	a9bd7bfd 	stp	x29, x30, [sp, #-48]!
  407fa0:	910003fd 	mov	x29, sp
  407fa4:	f90017e0 	str	x0, [sp, #40]
  407fa8:	f90013e1 	str	x1, [sp, #32]
  407fac:	f9000fe2 	str	x2, [sp, #24]
  407fb0:	f9400fe2 	ldr	x2, [sp, #24]
  407fb4:	f94013e1 	ldr	x1, [sp, #32]
  407fb8:	f94017e0 	ldr	x0, [sp, #40]
  407fbc:	940001a6 	bl	408654 <_ZSt9__fill_a1IPmmEN9__gnu_cxx11__enable_ifIXsrSt11__is_scalarIT0_E7__valueEvE6__typeET_S8_RKS4_>
  407fc0:	d503201f 	nop
  407fc4:	a8c37bfd 	ldp	x29, x30, [sp], #48
  407fc8:	d65f03c0 	ret

0000000000407fcc <_ZSt20uninitialized_fill_nIPmmmET_S1_T0_RKT1_>:
  407fcc:	a9bc7bfd 	stp	x29, x30, [sp, #-64]!
  407fd0:	910003fd 	mov	x29, sp
  407fd4:	f90017e0 	str	x0, [sp, #40]
  407fd8:	f90013e1 	str	x1, [sp, #32]
  407fdc:	f9000fe2 	str	x2, [sp, #24]
  407fe0:	52800020 	mov	w0, #0x1                   	// #1
  407fe4:	3900ffe0 	strb	w0, [sp, #63]
  407fe8:	f9400fe2 	ldr	x2, [sp, #24]
  407fec:	f94013e1 	ldr	x1, [sp, #32]
  407ff0:	f94017e0 	ldr	x0, [sp, #40]
  407ff4:	940001ae 	bl	4086ac <_ZNSt22__uninitialized_fill_nILb1EE15__uninit_fill_nIPmmmEET_S3_T0_RKT1_>
  407ff8:	a8c47bfd 	ldp	x29, x30, [sp], #64
  407ffc:	d65f03c0 	ret

0000000000408000 <_ZNKSt6vectorImSaImEE8max_sizeEv>:
  408000:	a9be7bfd 	stp	x29, x30, [sp, #-32]!
  408004:	910003fd 	mov	x29, sp
  408008:	f9000fe0 	str	x0, [sp, #24]
  40800c:	f9400fe0 	ldr	x0, [sp, #24]
  408010:	97fff9ff 	bl	40680c <_ZNKSt12_Vector_baseImSaImEE19_M_get_Tp_allocatorEv>
  408014:	97fffb9a 	bl	406e7c <_ZNSt6vectorImSaImEE11_S_max_sizeERKS0_>
  408018:	a8c27bfd 	ldp	x29, x30, [sp], #32
  40801c:	d65f03c0 	ret

0000000000408020 <_ZSt3maxImERKT_S2_S2_>:
  408020:	d10043ff 	sub	sp, sp, #0x10
  408024:	f90007e0 	str	x0, [sp, #8]
  408028:	f90003e1 	str	x1, [sp]
  40802c:	f94007e0 	ldr	x0, [sp, #8]
  408030:	f9400001 	ldr	x1, [x0]
  408034:	f94003e0 	ldr	x0, [sp]
  408038:	f9400000 	ldr	x0, [x0]
  40803c:	eb00003f 	cmp	x1, x0
  408040:	54000062 	b.cs	40804c <_ZSt3maxImERKT_S2_S2_+0x2c>  // b.hs, b.nlast
  408044:	f94003e0 	ldr	x0, [sp]
  408048:	14000002 	b	408050 <_ZSt3maxImERKT_S2_S2_+0x30>
  40804c:	f94007e0 	ldr	x0, [sp, #8]
  408050:	910043ff 	add	sp, sp, #0x10
  408054:	d65f03c0 	ret

0000000000408058 <_ZNSt16allocator_traitsISaImEE8allocateERS0_m>:
  408058:	a9be7bfd 	stp	x29, x30, [sp, #-32]!
  40805c:	910003fd 	mov	x29, sp
  408060:	f9000fe0 	str	x0, [sp, #24]
  408064:	f9000be1 	str	x1, [sp, #16]
  408068:	d2800002 	mov	x2, #0x0                   	// #0
  40806c:	f9400be1 	ldr	x1, [sp, #16]
  408070:	f9400fe0 	ldr	x0, [sp, #24]
  408074:	94000199 	bl	4086d8 <_ZN9__gnu_cxx13new_allocatorImE8allocateEmPKv>
  408078:	a8c27bfd 	ldp	x29, x30, [sp], #32
  40807c:	d65f03c0 	ret

0000000000408080 <_ZSt32__make_move_if_noexcept_iteratorImSt13move_iteratorIPmEET0_PT_>:
  408080:	a9bd7bfd 	stp	x29, x30, [sp, #-48]!
  408084:	910003fd 	mov	x29, sp
  408088:	f9000fe0 	str	x0, [sp, #24]
  40808c:	9100a3e0 	add	x0, sp, #0x28
  408090:	f9400fe1 	ldr	x1, [sp, #24]
  408094:	9400014c 	bl	4085c4 <_ZNSt13move_iteratorIPmEC1ES0_>
  408098:	f94017e0 	ldr	x0, [sp, #40]
  40809c:	a8c37bfd 	ldp	x29, x30, [sp], #48
  4080a0:	d65f03c0 	ret

00000000004080a4 <_ZNSt6vectorImSaImEE14_S_do_relocateEPmS2_S2_RS0_St17integral_constantIbLb1EE>:
  4080a4:	a9bc7bfd 	stp	x29, x30, [sp, #-64]!
  4080a8:	910003fd 	mov	x29, sp
  4080ac:	f9001fe0 	str	x0, [sp, #56]
  4080b0:	f9001be1 	str	x1, [sp, #48]
  4080b4:	f90017e2 	str	x2, [sp, #40]
  4080b8:	f90013e3 	str	x3, [sp, #32]
  4080bc:	390063e4 	strb	w4, [sp, #24]
  4080c0:	f94013e3 	ldr	x3, [sp, #32]
  4080c4:	f94017e2 	ldr	x2, [sp, #40]
  4080c8:	f9401be1 	ldr	x1, [sp, #48]
  4080cc:	f9401fe0 	ldr	x0, [sp, #56]
  4080d0:	9400019f 	bl	40874c <_ZSt12__relocate_aIPmS0_SaImEET0_T_S3_S2_RT1_>
  4080d4:	a8c47bfd 	ldp	x29, x30, [sp], #64
  4080d8:	d65f03c0 	ret

00000000004080dc <_ZN9__gnu_cxx13new_allocatorImE7destroyImEEvPT_>:
  4080dc:	d10043ff 	sub	sp, sp, #0x10
  4080e0:	f90007e0 	str	x0, [sp, #8]
  4080e4:	f90003e1 	str	x1, [sp]
  4080e8:	d503201f 	nop
  4080ec:	910043ff 	add	sp, sp, #0x10
  4080f0:	d65f03c0 	ret

00000000004080f4 <_ZSt14__partial_sortIN9__gnu_cxx17__normal_iteratorIPmSt6vectorImSaImEEEENS0_5__ops15_Iter_less_iterEEvT_S9_S9_T0_>:
  4080f4:	a9bd7bfd 	stp	x29, x30, [sp, #-48]!
  4080f8:	910003fd 	mov	x29, sp
  4080fc:	f90017e0 	str	x0, [sp, #40]
  408100:	f90013e1 	str	x1, [sp, #32]
  408104:	f9000fe2 	str	x2, [sp, #24]
  408108:	390043e3 	strb	w3, [sp, #16]
  40810c:	2a0403e3 	mov	w3, w4
  408110:	f9400fe2 	ldr	x2, [sp, #24]
  408114:	f94013e1 	ldr	x1, [sp, #32]
  408118:	f94017e0 	ldr	x0, [sp, #40]
  40811c:	940001a3 	bl	4087a8 <_ZSt13__heap_selectIN9__gnu_cxx17__normal_iteratorIPmSt6vectorImSaImEEEENS0_5__ops15_Iter_less_iterEEvT_S9_S9_T0_>
  408120:	910043e0 	add	x0, sp, #0x10
  408124:	aa0003e2 	mov	x2, x0
  408128:	f94013e1 	ldr	x1, [sp, #32]
  40812c:	f94017e0 	ldr	x0, [sp, #40]
  408130:	940001c5 	bl	408844 <_ZSt11__sort_heapIN9__gnu_cxx17__normal_iteratorIPmSt6vectorImSaImEEEENS0_5__ops15_Iter_less_iterEEvT_S9_RT0_>
  408134:	d503201f 	nop
  408138:	a8c37bfd 	ldp	x29, x30, [sp], #48
  40813c:	d65f03c0 	ret

0000000000408140 <_ZSt27__unguarded_partition_pivotIN9__gnu_cxx17__normal_iteratorIPmSt6vectorImSaImEEEENS0_5__ops15_Iter_less_iterEET_S9_S9_T0_>:
  408140:	a9ba7bfd 	stp	x29, x30, [sp, #-96]!
  408144:	910003fd 	mov	x29, sp
  408148:	a90153f3 	stp	x19, x20, [sp, #16]
  40814c:	f90013f5 	str	x21, [sp, #32]
  408150:	f90027e0 	str	x0, [sp, #72]
  408154:	f90023e1 	str	x1, [sp, #64]
  408158:	3900e3e2 	strb	w2, [sp, #56]
  40815c:	910123e1 	add	x1, sp, #0x48
  408160:	910103e0 	add	x0, sp, #0x40
  408164:	97fff68e 	bl	405b9c <_ZN9__gnu_cxxmiIPmSt6vectorImSaImEEEENS_17__normal_iteratorIT_T0_E15difference_typeERKS8_SB_>
  408168:	d37ffc01 	lsr	x1, x0, #63
  40816c:	8b000020 	add	x0, x1, x0
  408170:	9341fc00 	asr	x0, x0, #1
  408174:	aa0003e1 	mov	x1, x0
  408178:	910123e0 	add	x0, sp, #0x48
  40817c:	97fff698 	bl	405bdc <_ZNK9__gnu_cxx17__normal_iteratorIPmSt6vectorImSaImEEEplEl>
  408180:	f9002fe0 	str	x0, [sp, #88]
  408184:	910123e0 	add	x0, sp, #0x48
  408188:	d2800021 	mov	x1, #0x1                   	// #1
  40818c:	97fff694 	bl	405bdc <_ZNK9__gnu_cxx17__normal_iteratorIPmSt6vectorImSaImEEEplEl>
  408190:	aa0003f3 	mov	x19, x0
  408194:	910103e0 	add	x0, sp, #0x40
  408198:	d2800021 	mov	x1, #0x1                   	// #1
  40819c:	940001c3 	bl	4088a8 <_ZNK9__gnu_cxx17__normal_iteratorIPmSt6vectorImSaImEEEmiEl>
  4081a0:	2a1503e4 	mov	w4, w21
  4081a4:	aa0003e3 	mov	x3, x0
  4081a8:	f9402fe2 	ldr	x2, [sp, #88]
  4081ac:	aa1303e1 	mov	x1, x19
  4081b0:	f94027e0 	ldr	x0, [sp, #72]
  4081b4:	940001ce 	bl	4088ec <_ZSt22__move_median_to_firstIN9__gnu_cxx17__normal_iteratorIPmSt6vectorImSaImEEEENS0_5__ops15_Iter_less_iterEEvT_S9_S9_S9_T0_>
  4081b8:	910123e0 	add	x0, sp, #0x48
  4081bc:	d2800021 	mov	x1, #0x1                   	// #1
  4081c0:	97fff687 	bl	405bdc <_ZNK9__gnu_cxx17__normal_iteratorIPmSt6vectorImSaImEEEplEl>
  4081c4:	2a1403e3 	mov	w3, w20
  4081c8:	f94027e2 	ldr	x2, [sp, #72]
  4081cc:	f94023e1 	ldr	x1, [sp, #64]
  4081d0:	9400020b 	bl	4089fc <_ZSt21__unguarded_partitionIN9__gnu_cxx17__normal_iteratorIPmSt6vectorImSaImEEEENS0_5__ops15_Iter_less_iterEET_S9_S9_S9_T0_>
  4081d4:	a94153f3 	ldp	x19, x20, [sp, #16]
  4081d8:	f94013f5 	ldr	x21, [sp, #32]
  4081dc:	a8c67bfd 	ldp	x29, x30, [sp], #96
  4081e0:	d65f03c0 	ret

00000000004081e4 <_ZSt16__insertion_sortIN9__gnu_cxx17__normal_iteratorIPmSt6vectorImSaImEEEENS0_5__ops15_Iter_less_iterEEvT_S9_T0_>:
  4081e4:	a9ba7bfd 	stp	x29, x30, [sp, #-96]!
  4081e8:	910003fd 	mov	x29, sp
  4081ec:	a90153f3 	stp	x19, x20, [sp, #16]
  4081f0:	f90013f5 	str	x21, [sp, #32]
  4081f4:	f90027e0 	str	x0, [sp, #72]
  4081f8:	f90023e1 	str	x1, [sp, #64]
  4081fc:	3900e3e2 	strb	w2, [sp, #56]
  408200:	910103e1 	add	x1, sp, #0x40
  408204:	910123e0 	add	x0, sp, #0x48
  408208:	97fff654 	bl	405b58 <_ZN9__gnu_cxxeqIPmSt6vectorImSaImEEEEbRKNS_17__normal_iteratorIT_T0_EESA_>
  40820c:	12001c00 	and	w0, w0, #0xff
  408210:	7100001f 	cmp	w0, #0x0
  408214:	54000601 	b.ne	4082d4 <_ZSt16__insertion_sortIN9__gnu_cxx17__normal_iteratorIPmSt6vectorImSaImEEEENS0_5__ops15_Iter_less_iterEEvT_S9_T0_+0xf0>  // b.any
  408218:	910123e0 	add	x0, sp, #0x48
  40821c:	d2800021 	mov	x1, #0x1                   	// #1
  408220:	97fff66f 	bl	405bdc <_ZNK9__gnu_cxx17__normal_iteratorIPmSt6vectorImSaImEEEplEl>
  408224:	f9002fe0 	str	x0, [sp, #88]
  408228:	14000024 	b	4082b8 <_ZSt16__insertion_sortIN9__gnu_cxx17__normal_iteratorIPmSt6vectorImSaImEEEENS0_5__ops15_Iter_less_iterEEvT_S9_T0_+0xd4>
  40822c:	9100e3e0 	add	x0, sp, #0x38
  408230:	f94027e2 	ldr	x2, [sp, #72]
  408234:	f9402fe1 	ldr	x1, [sp, #88]
  408238:	9400021f 	bl	408ab4 <_ZNK9__gnu_cxx5__ops15_Iter_less_iterclINS_17__normal_iteratorIPmSt6vectorImSaImEEEES8_EEbT_T0_>
  40823c:	12001c00 	and	w0, w0, #0xff
  408240:	7100001f 	cmp	w0, #0x0
  408244:	540002c0 	b.eq	40829c <_ZSt16__insertion_sortIN9__gnu_cxx17__normal_iteratorIPmSt6vectorImSaImEEEENS0_5__ops15_Iter_less_iterEEvT_S9_T0_+0xb8>  // b.none
  408248:	910163e0 	add	x0, sp, #0x58
  40824c:	97fff440 	bl	40534c <_ZNK9__gnu_cxx17__normal_iteratorIPmSt6vectorImSaImEEEdeEv>
  408250:	97fff560 	bl	4057d0 <_ZSt4moveIRmEONSt16remove_referenceIT_E4typeEOS2_>
  408254:	f9400000 	ldr	x0, [x0]
  408258:	f9002be0 	str	x0, [sp, #80]
  40825c:	910163e0 	add	x0, sp, #0x58
  408260:	d2800021 	mov	x1, #0x1                   	// #1
  408264:	97fff65e 	bl	405bdc <_ZNK9__gnu_cxx17__normal_iteratorIPmSt6vectorImSaImEEEplEl>
  408268:	aa0003e2 	mov	x2, x0
  40826c:	f9402fe1 	ldr	x1, [sp, #88]
  408270:	f94027e0 	ldr	x0, [sp, #72]
  408274:	94000222 	bl	408afc <_ZSt13move_backwardIN9__gnu_cxx17__normal_iteratorIPmSt6vectorImSaImEEEES6_ET0_T_S8_S7_>
  408278:	910143e0 	add	x0, sp, #0x50
  40827c:	97fff555 	bl	4057d0 <_ZSt4moveIRmEONSt16remove_referenceIT_E4typeEOS2_>
  408280:	aa0003f3 	mov	x19, x0
  408284:	910123e0 	add	x0, sp, #0x48
  408288:	97fff431 	bl	40534c <_ZNK9__gnu_cxx17__normal_iteratorIPmSt6vectorImSaImEEEdeEv>
  40828c:	aa0003e1 	mov	x1, x0
  408290:	f9400260 	ldr	x0, [x19]
  408294:	f9000020 	str	x0, [x1]
  408298:	14000006 	b	4082b0 <_ZSt16__insertion_sortIN9__gnu_cxx17__normal_iteratorIPmSt6vectorImSaImEEEENS0_5__ops15_Iter_less_iterEEvT_S9_T0_+0xcc>
  40829c:	2a1503e0 	mov	w0, w21
  4082a0:	97fff1b2 	bl	404968 <_ZN9__gnu_cxx5__ops15__val_comp_iterENS0_15_Iter_less_iterE>
  4082a4:	2a1403e1 	mov	w1, w20
  4082a8:	f9402fe0 	ldr	x0, [sp, #88]
  4082ac:	94000226 	bl	408b44 <_ZSt25__unguarded_linear_insertIN9__gnu_cxx17__normal_iteratorIPmSt6vectorImSaImEEEENS0_5__ops14_Val_less_iterEEvT_T0_>
  4082b0:	910163e0 	add	x0, sp, #0x58
  4082b4:	97fff41c 	bl	405324 <_ZN9__gnu_cxx17__normal_iteratorIPmSt6vectorImSaImEEEppEv>
  4082b8:	910103e1 	add	x1, sp, #0x40
  4082bc:	910163e0 	add	x0, sp, #0x58
  4082c0:	97fff408 	bl	4052e0 <_ZN9__gnu_cxxneIPmSt6vectorImSaImEEEEbRKNS_17__normal_iteratorIT_T0_EESA_>
  4082c4:	12001c00 	and	w0, w0, #0xff
  4082c8:	7100001f 	cmp	w0, #0x0
  4082cc:	54fffb01 	b.ne	40822c <_ZSt16__insertion_sortIN9__gnu_cxx17__normal_iteratorIPmSt6vectorImSaImEEEENS0_5__ops15_Iter_less_iterEEvT_S9_T0_+0x48>  // b.any
  4082d0:	14000002 	b	4082d8 <_ZSt16__insertion_sortIN9__gnu_cxx17__normal_iteratorIPmSt6vectorImSaImEEEENS0_5__ops15_Iter_less_iterEEvT_S9_T0_+0xf4>
  4082d4:	d503201f 	nop
  4082d8:	a94153f3 	ldp	x19, x20, [sp, #16]
  4082dc:	f94013f5 	ldr	x21, [sp, #32]
  4082e0:	a8c67bfd 	ldp	x29, x30, [sp], #96
  4082e4:	d65f03c0 	ret

00000000004082e8 <_ZSt26__unguarded_insertion_sortIN9__gnu_cxx17__normal_iteratorIPmSt6vectorImSaImEEEENS0_5__ops15_Iter_less_iterEEvT_S9_T0_>:
  4082e8:	a9bb7bfd 	stp	x29, x30, [sp, #-80]!
  4082ec:	910003fd 	mov	x29, sp
  4082f0:	a90153f3 	stp	x19, x20, [sp, #16]
  4082f4:	f9001fe0 	str	x0, [sp, #56]
  4082f8:	f9001be1 	str	x1, [sp, #48]
  4082fc:	3900a3e2 	strb	w2, [sp, #40]
  408300:	f9401fe0 	ldr	x0, [sp, #56]
  408304:	f90027e0 	str	x0, [sp, #72]
  408308:	14000008 	b	408328 <_ZSt26__unguarded_insertion_sortIN9__gnu_cxx17__normal_iteratorIPmSt6vectorImSaImEEEENS0_5__ops15_Iter_less_iterEEvT_S9_T0_+0x40>
  40830c:	2a1403e0 	mov	w0, w20
  408310:	97fff196 	bl	404968 <_ZN9__gnu_cxx5__ops15__val_comp_iterENS0_15_Iter_less_iterE>
  408314:	2a1303e1 	mov	w1, w19
  408318:	f94027e0 	ldr	x0, [sp, #72]
  40831c:	9400020a 	bl	408b44 <_ZSt25__unguarded_linear_insertIN9__gnu_cxx17__normal_iteratorIPmSt6vectorImSaImEEEENS0_5__ops14_Val_less_iterEEvT_T0_>
  408320:	910123e0 	add	x0, sp, #0x48
  408324:	97fff400 	bl	405324 <_ZN9__gnu_cxx17__normal_iteratorIPmSt6vectorImSaImEEEppEv>
  408328:	9100c3e1 	add	x1, sp, #0x30
  40832c:	910123e0 	add	x0, sp, #0x48
  408330:	97fff3ec 	bl	4052e0 <_ZN9__gnu_cxxneIPmSt6vectorImSaImEEEEbRKNS_17__normal_iteratorIT_T0_EESA_>
  408334:	12001c00 	and	w0, w0, #0xff
  408338:	7100001f 	cmp	w0, #0x0
  40833c:	54fffe81 	b.ne	40830c <_ZSt26__unguarded_insertion_sortIN9__gnu_cxx17__normal_iteratorIPmSt6vectorImSaImEEEENS0_5__ops15_Iter_less_iterEEvT_S9_T0_+0x24>  // b.any
  408340:	d503201f 	nop
  408344:	d503201f 	nop
  408348:	a94153f3 	ldp	x19, x20, [sp, #16]
  40834c:	a8c57bfd 	ldp	x29, x30, [sp], #80
  408350:	d65f03c0 	ret

0000000000408354 <_ZSt18uninitialized_copyIN9__gnu_cxx17__normal_iteratorIPKmSt6vectorImSaImEEEEPmET0_T_SA_S9_>:
  408354:	a9bc7bfd 	stp	x29, x30, [sp, #-64]!
  408358:	910003fd 	mov	x29, sp
  40835c:	f90017e0 	str	x0, [sp, #40]
  408360:	f90013e1 	str	x1, [sp, #32]
  408364:	f9000fe2 	str	x2, [sp, #24]
  408368:	52800020 	mov	w0, #0x1                   	// #1
  40836c:	3900ffe0 	strb	w0, [sp, #63]
  408370:	f9400fe2 	ldr	x2, [sp, #24]
  408374:	f94013e1 	ldr	x1, [sp, #32]
  408378:	f94017e0 	ldr	x0, [sp, #40]
  40837c:	94000221 	bl	408c00 <_ZNSt20__uninitialized_copyILb1EE13__uninit_copyIN9__gnu_cxx17__normal_iteratorIPKmSt6vectorImSaImEEEEPmEET0_T_SC_SB_>
  408380:	a8c47bfd 	ldp	x29, x30, [sp], #64
  408384:	d65f03c0 	ret

0000000000408388 <_ZSt12__niter_baseIPKmSt6vectorImSaImEEET_N9__gnu_cxx17__normal_iteratorIS5_T0_EE>:
  408388:	a9be7bfd 	stp	x29, x30, [sp, #-32]!
  40838c:	910003fd 	mov	x29, sp
  408390:	f9000fe0 	str	x0, [sp, #24]
  408394:	910063e0 	add	x0, sp, #0x18
  408398:	97fffce2 	bl	407720 <_ZNK9__gnu_cxx17__normal_iteratorIPKmSt6vectorImSaImEEE4baseEv>
  40839c:	f9400000 	ldr	x0, [x0]
  4083a0:	a8c27bfd 	ldp	x29, x30, [sp], #32
  4083a4:	d65f03c0 	ret

00000000004083a8 <_ZSt12__niter_baseIPmSt6vectorImSaImEEET_N9__gnu_cxx17__normal_iteratorIS4_T0_EE>:
  4083a8:	a9be7bfd 	stp	x29, x30, [sp, #-32]!
  4083ac:	910003fd 	mov	x29, sp
  4083b0:	f9000fe0 	str	x0, [sp, #24]
  4083b4:	910063e0 	add	x0, sp, #0x18
  4083b8:	97fff8ec 	bl	406768 <_ZNK9__gnu_cxx17__normal_iteratorIPmSt6vectorImSaImEEE4baseEv>
  4083bc:	f9400000 	ldr	x0, [x0]
  4083c0:	a8c27bfd 	ldp	x29, x30, [sp], #32
  4083c4:	d65f03c0 	ret

00000000004083c8 <_ZSt14__copy_move_a1ILb0EPKmPmET1_T0_S4_S3_>:
  4083c8:	a9bd7bfd 	stp	x29, x30, [sp, #-48]!
  4083cc:	910003fd 	mov	x29, sp
  4083d0:	f90017e0 	str	x0, [sp, #40]
  4083d4:	f90013e1 	str	x1, [sp, #32]
  4083d8:	f9000fe2 	str	x2, [sp, #24]
  4083dc:	f9400fe2 	ldr	x2, [sp, #24]
  4083e0:	f94013e1 	ldr	x1, [sp, #32]
  4083e4:	f94017e0 	ldr	x0, [sp, #40]
  4083e8:	94000211 	bl	408c2c <_ZSt14__copy_move_a2ILb0EPKmPmET1_T0_S4_S3_>
  4083ec:	a8c37bfd 	ldp	x29, x30, [sp], #48
  4083f0:	d65f03c0 	ret

00000000004083f4 <_ZSt12__niter_wrapIN9__gnu_cxx17__normal_iteratorIPmSt6vectorImSaImEEEES2_ET_S7_T0_>:
  4083f4:	a9be7bfd 	stp	x29, x30, [sp, #-32]!
  4083f8:	910003fd 	mov	x29, sp
  4083fc:	f9000fe0 	str	x0, [sp, #24]
  408400:	f9000be1 	str	x1, [sp, #16]
  408404:	f9400fe0 	ldr	x0, [sp, #24]
  408408:	97ffffe8 	bl	4083a8 <_ZSt12__niter_baseIPmSt6vectorImSaImEEET_N9__gnu_cxx17__normal_iteratorIS4_T0_EE>
  40840c:	aa0003e1 	mov	x1, x0
  408410:	f9400be0 	ldr	x0, [sp, #16]
  408414:	cb010000 	sub	x0, x0, x1
  408418:	9343fc00 	asr	x0, x0, #3
  40841c:	aa0003e1 	mov	x1, x0
  408420:	910063e0 	add	x0, sp, #0x18
  408424:	97fff5ee 	bl	405bdc <_ZNK9__gnu_cxx17__normal_iteratorIPmSt6vectorImSaImEEEplEl>
  408428:	a8c27bfd 	ldp	x29, x30, [sp], #32
  40842c:	d65f03c0 	ret

0000000000408430 <_ZNSt12_Destroy_auxILb1EE9__destroyIN9__gnu_cxx17__normal_iteratorIPmSt6vectorImSaImEEEEEEvT_S9_>:
  408430:	d10043ff 	sub	sp, sp, #0x10
  408434:	f90007e0 	str	x0, [sp, #8]
  408438:	f90003e1 	str	x1, [sp]
  40843c:	d503201f 	nop
  408440:	910043ff 	add	sp, sp, #0x10
  408444:	d65f03c0 	ret

0000000000408448 <_ZSt12__niter_baseIPmET_S1_>:
  408448:	d10043ff 	sub	sp, sp, #0x10
  40844c:	f90007e0 	str	x0, [sp, #8]
  408450:	f94007e0 	ldr	x0, [sp, #8]
  408454:	910043ff 	add	sp, sp, #0x10
  408458:	d65f03c0 	ret

000000000040845c <_ZSt14__copy_move_a1ILb0EPmS0_ET1_T0_S2_S1_>:
  40845c:	a9bd7bfd 	stp	x29, x30, [sp, #-48]!
  408460:	910003fd 	mov	x29, sp
  408464:	f90017e0 	str	x0, [sp, #40]
  408468:	f90013e1 	str	x1, [sp, #32]
  40846c:	f9000fe2 	str	x2, [sp, #24]
  408470:	f9400fe2 	ldr	x2, [sp, #24]
  408474:	f94013e1 	ldr	x1, [sp, #32]
  408478:	f94017e0 	ldr	x0, [sp, #40]
  40847c:	940001f7 	bl	408c58 <_ZSt14__copy_move_a2ILb0EPmS0_ET1_T0_S2_S1_>
  408480:	a8c37bfd 	ldp	x29, x30, [sp], #48
  408484:	d65f03c0 	ret

0000000000408488 <_ZSt12__niter_wrapIPmET_RKS1_S1_>:
  408488:	d10043ff 	sub	sp, sp, #0x10
  40848c:	f90007e0 	str	x0, [sp, #8]
  408490:	f90003e1 	str	x1, [sp]
  408494:	f94003e0 	ldr	x0, [sp]
  408498:	910043ff 	add	sp, sp, #0x10
  40849c:	d65f03c0 	ret

00000000004084a0 <_ZNSt20__uninitialized_copyILb1EE13__uninit_copyIPmS2_EET0_T_S4_S3_>:
  4084a0:	a9bd7bfd 	stp	x29, x30, [sp, #-48]!
  4084a4:	910003fd 	mov	x29, sp
  4084a8:	f90017e0 	str	x0, [sp, #40]
  4084ac:	f90013e1 	str	x1, [sp, #32]
  4084b0:	f9000fe2 	str	x2, [sp, #24]
  4084b4:	f9400fe2 	ldr	x2, [sp, #24]
  4084b8:	f94013e1 	ldr	x1, [sp, #32]
  4084bc:	f94017e0 	ldr	x0, [sp, #40]
  4084c0:	97fff930 	bl	406980 <_ZSt4copyIPmS0_ET0_T_S2_S1_>
  4084c4:	a8c37bfd 	ldp	x29, x30, [sp], #48
  4084c8:	d65f03c0 	ret

00000000004084cc <_ZN9__gnu_cxx5__ops16_Iter_equals_valIKmEclINS_17__normal_iteratorIPmSt6vectorImSaImEEEEEEbT_>:
  4084cc:	a9be7bfd 	stp	x29, x30, [sp, #-32]!
  4084d0:	910003fd 	mov	x29, sp
  4084d4:	f9000fe0 	str	x0, [sp, #24]
  4084d8:	f9000be1 	str	x1, [sp, #16]
  4084dc:	910043e0 	add	x0, sp, #0x10
  4084e0:	97fff39b 	bl	40534c <_ZNK9__gnu_cxx17__normal_iteratorIPmSt6vectorImSaImEEEdeEv>
  4084e4:	f9400001 	ldr	x1, [x0]
  4084e8:	f9400fe0 	ldr	x0, [sp, #24]
  4084ec:	f9400000 	ldr	x0, [x0]
  4084f0:	f9400000 	ldr	x0, [x0]
  4084f4:	eb00003f 	cmp	x1, x0
  4084f8:	1a9f17e0 	cset	w0, eq  // eq = none
  4084fc:	12001c00 	and	w0, w0, #0xff
  408500:	a8c27bfd 	ldp	x29, x30, [sp], #32
  408504:	d65f03c0 	ret

0000000000408508 <_ZSt4moveIRSaImEEONSt16remove_referenceIT_E4typeEOS3_>:
  408508:	d10043ff 	sub	sp, sp, #0x10
  40850c:	f90007e0 	str	x0, [sp, #8]
  408510:	f94007e0 	ldr	x0, [sp, #8]
  408514:	910043ff 	add	sp, sp, #0x10
  408518:	d65f03c0 	ret

000000000040851c <_ZNK9__gnu_cxx13new_allocatorImE8max_sizeEv>:
  40851c:	a9be7bfd 	stp	x29, x30, [sp, #-32]!
  408520:	910003fd 	mov	x29, sp
  408524:	f9000fe0 	str	x0, [sp, #24]
  408528:	f9400fe0 	ldr	x0, [sp, #24]
  40852c:	940001d6 	bl	408c84 <_ZNK9__gnu_cxx13new_allocatorImE11_M_max_sizeEv>
  408530:	a8c27bfd 	ldp	x29, x30, [sp], #32
  408534:	d65f03c0 	ret

0000000000408538 <_ZSt11__addressofImEPT_RS0_>:
  408538:	d10043ff 	sub	sp, sp, #0x10
  40853c:	f90007e0 	str	x0, [sp, #8]
  408540:	f94007e0 	ldr	x0, [sp, #8]
  408544:	910043ff 	add	sp, sp, #0x10
  408548:	d65f03c0 	ret

000000000040854c <_ZNSt27__uninitialized_default_n_1ILb1EE18__uninit_default_nIPmmEET_S3_T0_>:
  40854c:	a9bd7bfd 	stp	x29, x30, [sp, #-48]!
  408550:	910003fd 	mov	x29, sp
  408554:	f9000fe0 	str	x0, [sp, #24]
  408558:	f9000be1 	str	x1, [sp, #16]
  40855c:	f9400be0 	ldr	x0, [sp, #16]
  408560:	f100001f 	cmp	x0, #0x0
  408564:	54000200 	b.eq	4085a4 <_ZNSt27__uninitialized_default_n_1ILb1EE18__uninit_default_nIPmmEET_S3_T0_+0x58>  // b.none
  408568:	f9400fe0 	ldr	x0, [sp, #24]
  40856c:	97fffff3 	bl	408538 <_ZSt11__addressofImEPT_RS0_>
  408570:	f90017e0 	str	x0, [sp, #40]
  408574:	f94017e0 	ldr	x0, [sp, #40]
  408578:	940001c8 	bl	408c98 <_ZSt10_ConstructImJEEvPT_DpOT0_>
  40857c:	f9400fe0 	ldr	x0, [sp, #24]
  408580:	91002000 	add	x0, x0, #0x8
  408584:	f9000fe0 	str	x0, [sp, #24]
  408588:	f9400be0 	ldr	x0, [sp, #16]
  40858c:	d1000400 	sub	x0, x0, #0x1
  408590:	f94017e2 	ldr	x2, [sp, #40]
  408594:	aa0003e1 	mov	x1, x0
  408598:	f9400fe0 	ldr	x0, [sp, #24]
  40859c:	940001ca 	bl	408cc4 <_ZSt6fill_nIPmmmET_S1_T0_RKT1_>
  4085a0:	f9000fe0 	str	x0, [sp, #24]
  4085a4:	f9400fe0 	ldr	x0, [sp, #24]
  4085a8:	a8c37bfd 	ldp	x29, x30, [sp], #48
  4085ac:	d65f03c0 	ret

00000000004085b0 <_ZSt4moveIRPmEONSt16remove_referenceIT_E4typeEOS3_>:
  4085b0:	d10043ff 	sub	sp, sp, #0x10
  4085b4:	f90007e0 	str	x0, [sp, #8]
  4085b8:	f94007e0 	ldr	x0, [sp, #8]
  4085bc:	910043ff 	add	sp, sp, #0x10
  4085c0:	d65f03c0 	ret

00000000004085c4 <_ZNSt13move_iteratorIPmEC1ES0_>:
  4085c4:	a9be7bfd 	stp	x29, x30, [sp, #-32]!
  4085c8:	910003fd 	mov	x29, sp
  4085cc:	f9000fe0 	str	x0, [sp, #24]
  4085d0:	f9000be1 	str	x1, [sp, #16]
  4085d4:	910043e0 	add	x0, sp, #0x10
  4085d8:	97fffff6 	bl	4085b0 <_ZSt4moveIRPmEONSt16remove_referenceIT_E4typeEOS3_>
  4085dc:	f9400001 	ldr	x1, [x0]
  4085e0:	f9400fe0 	ldr	x0, [sp, #24]
  4085e4:	f9000001 	str	x1, [x0]
  4085e8:	d503201f 	nop
  4085ec:	a8c27bfd 	ldp	x29, x30, [sp], #32
  4085f0:	d65f03c0 	ret

00000000004085f4 <_ZSt18uninitialized_copyISt13move_iteratorIPmES1_ET0_T_S4_S3_>:
  4085f4:	a9bc7bfd 	stp	x29, x30, [sp, #-64]!
  4085f8:	910003fd 	mov	x29, sp
  4085fc:	f90017e0 	str	x0, [sp, #40]
  408600:	f90013e1 	str	x1, [sp, #32]
  408604:	f9000fe2 	str	x2, [sp, #24]
  408608:	52800020 	mov	w0, #0x1                   	// #1
  40860c:	3900ffe0 	strb	w0, [sp, #63]
  408610:	f9400fe2 	ldr	x2, [sp, #24]
  408614:	f94013e1 	ldr	x1, [sp, #32]
  408618:	f94017e0 	ldr	x0, [sp, #40]
  40861c:	940001c0 	bl	408d1c <_ZNSt20__uninitialized_copyILb1EE13__uninit_copyISt13move_iteratorIPmES3_EET0_T_S6_S5_>
  408620:	a8c47bfd 	ldp	x29, x30, [sp], #64
  408624:	d65f03c0 	ret

0000000000408628 <_ZSt23__copy_move_backward_a1ILb1EPmS0_ET1_T0_S2_S1_>:
  408628:	a9bd7bfd 	stp	x29, x30, [sp, #-48]!
  40862c:	910003fd 	mov	x29, sp
  408630:	f90017e0 	str	x0, [sp, #40]
  408634:	f90013e1 	str	x1, [sp, #32]
  408638:	f9000fe2 	str	x2, [sp, #24]
  40863c:	f9400fe2 	ldr	x2, [sp, #24]
  408640:	f94013e1 	ldr	x1, [sp, #32]
  408644:	f94017e0 	ldr	x0, [sp, #40]
  408648:	940001c0 	bl	408d48 <_ZSt23__copy_move_backward_a2ILb1EPmS0_ET1_T0_S2_S1_>
  40864c:	a8c37bfd 	ldp	x29, x30, [sp], #48
  408650:	d65f03c0 	ret

0000000000408654 <_ZSt9__fill_a1IPmmEN9__gnu_cxx11__enable_ifIXsrSt11__is_scalarIT0_E7__valueEvE6__typeET_S8_RKS4_>:
  408654:	d100c3ff 	sub	sp, sp, #0x30
  408658:	f9000fe0 	str	x0, [sp, #24]
  40865c:	f9000be1 	str	x1, [sp, #16]
  408660:	f90007e2 	str	x2, [sp, #8]
  408664:	f94007e0 	ldr	x0, [sp, #8]
  408668:	f9400000 	ldr	x0, [x0]
  40866c:	f90017e0 	str	x0, [sp, #40]
  408670:	14000007 	b	40868c <_ZSt9__fill_a1IPmmEN9__gnu_cxx11__enable_ifIXsrSt11__is_scalarIT0_E7__valueEvE6__typeET_S8_RKS4_+0x38>
  408674:	f9400fe0 	ldr	x0, [sp, #24]
  408678:	f94017e1 	ldr	x1, [sp, #40]
  40867c:	f9000001 	str	x1, [x0]
  408680:	f9400fe0 	ldr	x0, [sp, #24]
  408684:	91002000 	add	x0, x0, #0x8
  408688:	f9000fe0 	str	x0, [sp, #24]
  40868c:	f9400fe1 	ldr	x1, [sp, #24]
  408690:	f9400be0 	ldr	x0, [sp, #16]
  408694:	eb00003f 	cmp	x1, x0
  408698:	54fffee1 	b.ne	408674 <_ZSt9__fill_a1IPmmEN9__gnu_cxx11__enable_ifIXsrSt11__is_scalarIT0_E7__valueEvE6__typeET_S8_RKS4_+0x20>  // b.any
  40869c:	d503201f 	nop
  4086a0:	d503201f 	nop
  4086a4:	9100c3ff 	add	sp, sp, #0x30
  4086a8:	d65f03c0 	ret

00000000004086ac <_ZNSt22__uninitialized_fill_nILb1EE15__uninit_fill_nIPmmmEET_S3_T0_RKT1_>:
  4086ac:	a9bd7bfd 	stp	x29, x30, [sp, #-48]!
  4086b0:	910003fd 	mov	x29, sp
  4086b4:	f90017e0 	str	x0, [sp, #40]
  4086b8:	f90013e1 	str	x1, [sp, #32]
  4086bc:	f9000fe2 	str	x2, [sp, #24]
  4086c0:	f9400fe2 	ldr	x2, [sp, #24]
  4086c4:	f94013e1 	ldr	x1, [sp, #32]
  4086c8:	f94017e0 	ldr	x0, [sp, #40]
  4086cc:	9400017e 	bl	408cc4 <_ZSt6fill_nIPmmmET_S1_T0_RKT1_>
  4086d0:	a8c37bfd 	ldp	x29, x30, [sp], #48
  4086d4:	d65f03c0 	ret

00000000004086d8 <_ZN9__gnu_cxx13new_allocatorImE8allocateEmPKv>:
  4086d8:	a9bd7bfd 	stp	x29, x30, [sp, #-48]!
  4086dc:	910003fd 	mov	x29, sp
  4086e0:	f90017e0 	str	x0, [sp, #40]
  4086e4:	f90013e1 	str	x1, [sp, #32]
  4086e8:	f9000fe2 	str	x2, [sp, #24]
  4086ec:	f94017e0 	ldr	x0, [sp, #40]
  4086f0:	94000165 	bl	408c84 <_ZNK9__gnu_cxx13new_allocatorImE11_M_max_sizeEv>
  4086f4:	aa0003e1 	mov	x1, x0
  4086f8:	f94013e0 	ldr	x0, [sp, #32]
  4086fc:	eb01001f 	cmp	x0, x1
  408700:	1a9f97e0 	cset	w0, hi  // hi = pmore
  408704:	12001c00 	and	w0, w0, #0xff
  408708:	92401c00 	and	x0, x0, #0xff
  40870c:	f100001f 	cmp	x0, #0x0
  408710:	1a9f07e0 	cset	w0, ne  // ne = any
  408714:	12001c00 	and	w0, w0, #0xff
  408718:	7100001f 	cmp	w0, #0x0
  40871c:	540000e0 	b.eq	408738 <_ZN9__gnu_cxx13new_allocatorImE8allocateEmPKv+0x60>  // b.none
  408720:	f94013e1 	ldr	x1, [sp, #32]
  408724:	92fc0000 	mov	x0, #0x1fffffffffffffff    	// #2305843009213693951
  408728:	eb00003f 	cmp	x1, x0
  40872c:	54000049 	b.ls	408734 <_ZN9__gnu_cxx13new_allocatorImE8allocateEmPKv+0x5c>  // b.plast
  408730:	97ffe4e0 	bl	401ab0 <_ZSt28__throw_bad_array_new_lengthv@plt>
  408734:	97ffe49f 	bl	4019b0 <_ZSt17__throw_bad_allocv@plt>
  408738:	f94013e0 	ldr	x0, [sp, #32]
  40873c:	d37df000 	lsl	x0, x0, #3
  408740:	97ffe4f8 	bl	401b20 <_Znwm@plt>
  408744:	a8c37bfd 	ldp	x29, x30, [sp], #48
  408748:	d65f03c0 	ret

000000000040874c <_ZSt12__relocate_aIPmS0_SaImEET0_T_S3_S2_RT1_>:
  40874c:	a9bc7bfd 	stp	x29, x30, [sp, #-64]!
  408750:	910003fd 	mov	x29, sp
  408754:	a90153f3 	stp	x19, x20, [sp, #16]
  408758:	f9001fe0 	str	x0, [sp, #56]
  40875c:	f9001be1 	str	x1, [sp, #48]
  408760:	f90017e2 	str	x2, [sp, #40]
  408764:	f90013e3 	str	x3, [sp, #32]
  408768:	f9401fe0 	ldr	x0, [sp, #56]
  40876c:	97ffff37 	bl	408448 <_ZSt12__niter_baseIPmET_S1_>
  408770:	aa0003f3 	mov	x19, x0
  408774:	f9401be0 	ldr	x0, [sp, #48]
  408778:	97ffff34 	bl	408448 <_ZSt12__niter_baseIPmET_S1_>
  40877c:	aa0003f4 	mov	x20, x0
  408780:	f94017e0 	ldr	x0, [sp, #40]
  408784:	97ffff31 	bl	408448 <_ZSt12__niter_baseIPmET_S1_>
  408788:	f94013e3 	ldr	x3, [sp, #32]
  40878c:	aa0003e2 	mov	x2, x0
  408790:	aa1403e1 	mov	x1, x20
  408794:	aa1303e0 	mov	x0, x19
  408798:	94000177 	bl	408d74 <_ZSt14__relocate_a_1ImmENSt9enable_ifIXsrSt24__is_bitwise_relocatableIT_vE5valueEPS2_E4typeES4_S4_S4_RSaIT0_E>
  40879c:	a94153f3 	ldp	x19, x20, [sp, #16]
  4087a0:	a8c47bfd 	ldp	x29, x30, [sp], #64
  4087a4:	d65f03c0 	ret

00000000004087a8 <_ZSt13__heap_selectIN9__gnu_cxx17__normal_iteratorIPmSt6vectorImSaImEEEENS0_5__ops15_Iter_less_iterEEvT_S9_S9_T0_>:
  4087a8:	a9bc7bfd 	stp	x29, x30, [sp, #-64]!
  4087ac:	910003fd 	mov	x29, sp
  4087b0:	f90017e0 	str	x0, [sp, #40]
  4087b4:	f90013e1 	str	x1, [sp, #32]
  4087b8:	f9000fe2 	str	x2, [sp, #24]
  4087bc:	390043e3 	strb	w3, [sp, #16]
  4087c0:	910043e0 	add	x0, sp, #0x10
  4087c4:	aa0003e2 	mov	x2, x0
  4087c8:	f94013e1 	ldr	x1, [sp, #32]
  4087cc:	f94017e0 	ldr	x0, [sp, #40]
  4087d0:	94000183 	bl	408ddc <_ZSt11__make_heapIN9__gnu_cxx17__normal_iteratorIPmSt6vectorImSaImEEEENS0_5__ops15_Iter_less_iterEEvT_S9_RT0_>
  4087d4:	f94013e0 	ldr	x0, [sp, #32]
  4087d8:	f9001fe0 	str	x0, [sp, #56]
  4087dc:	14000010 	b	40881c <_ZSt13__heap_selectIN9__gnu_cxx17__normal_iteratorIPmSt6vectorImSaImEEEENS0_5__ops15_Iter_less_iterEEvT_S9_S9_T0_+0x74>
  4087e0:	910043e0 	add	x0, sp, #0x10
  4087e4:	f94017e2 	ldr	x2, [sp, #40]
  4087e8:	f9401fe1 	ldr	x1, [sp, #56]
  4087ec:	940000b2 	bl	408ab4 <_ZNK9__gnu_cxx5__ops15_Iter_less_iterclINS_17__normal_iteratorIPmSt6vectorImSaImEEEES8_EEbT_T0_>
  4087f0:	12001c00 	and	w0, w0, #0xff
  4087f4:	7100001f 	cmp	w0, #0x0
  4087f8:	540000e0 	b.eq	408814 <_ZSt13__heap_selectIN9__gnu_cxx17__normal_iteratorIPmSt6vectorImSaImEEEENS0_5__ops15_Iter_less_iterEEvT_S9_S9_T0_+0x6c>  // b.none
  4087fc:	910043e0 	add	x0, sp, #0x10
  408800:	aa0003e3 	mov	x3, x0
  408804:	f9401fe2 	ldr	x2, [sp, #56]
  408808:	f94013e1 	ldr	x1, [sp, #32]
  40880c:	f94017e0 	ldr	x0, [sp, #40]
  408810:	940001bb 	bl	408efc <_ZSt10__pop_heapIN9__gnu_cxx17__normal_iteratorIPmSt6vectorImSaImEEEENS0_5__ops15_Iter_less_iterEEvT_S9_S9_RT0_>
  408814:	9100e3e0 	add	x0, sp, #0x38
  408818:	97fff2c3 	bl	405324 <_ZN9__gnu_cxx17__normal_iteratorIPmSt6vectorImSaImEEEppEv>
  40881c:	910063e1 	add	x1, sp, #0x18
  408820:	9100e3e0 	add	x0, sp, #0x38
  408824:	940001a5 	bl	408eb8 <_ZN9__gnu_cxxltIPmSt6vectorImSaImEEEEbRKNS_17__normal_iteratorIT_T0_EESA_>
  408828:	12001c00 	and	w0, w0, #0xff
  40882c:	7100001f 	cmp	w0, #0x0
  408830:	54fffd81 	b.ne	4087e0 <_ZSt13__heap_selectIN9__gnu_cxx17__normal_iteratorIPmSt6vectorImSaImEEEENS0_5__ops15_Iter_less_iterEEvT_S9_S9_T0_+0x38>  // b.any
  408834:	d503201f 	nop
  408838:	d503201f 	nop
  40883c:	a8c47bfd 	ldp	x29, x30, [sp], #64
  408840:	d65f03c0 	ret

0000000000408844 <_ZSt11__sort_heapIN9__gnu_cxx17__normal_iteratorIPmSt6vectorImSaImEEEENS0_5__ops15_Iter_less_iterEEvT_S9_RT0_>:
  408844:	a9bd7bfd 	stp	x29, x30, [sp, #-48]!
  408848:	910003fd 	mov	x29, sp
  40884c:	f90017e0 	str	x0, [sp, #40]
  408850:	f90013e1 	str	x1, [sp, #32]
  408854:	f9000fe2 	str	x2, [sp, #24]
  408858:	14000008 	b	408878 <_ZSt11__sort_heapIN9__gnu_cxx17__normal_iteratorIPmSt6vectorImSaImEEEENS0_5__ops15_Iter_less_iterEEvT_S9_RT0_+0x34>
  40885c:	910083e0 	add	x0, sp, #0x20
  408860:	940001cd 	bl	408f94 <_ZN9__gnu_cxx17__normal_iteratorIPmSt6vectorImSaImEEEmmEv>
  408864:	f9400fe3 	ldr	x3, [sp, #24]
  408868:	f94013e2 	ldr	x2, [sp, #32]
  40886c:	f94013e1 	ldr	x1, [sp, #32]
  408870:	f94017e0 	ldr	x0, [sp, #40]
  408874:	940001a2 	bl	408efc <_ZSt10__pop_heapIN9__gnu_cxx17__normal_iteratorIPmSt6vectorImSaImEEEENS0_5__ops15_Iter_less_iterEEvT_S9_S9_RT0_>
  408878:	9100a3e1 	add	x1, sp, #0x28
  40887c:	910083e0 	add	x0, sp, #0x20
  408880:	97fff4c7 	bl	405b9c <_ZN9__gnu_cxxmiIPmSt6vectorImSaImEEEENS_17__normal_iteratorIT_T0_E15difference_typeERKS8_SB_>
  408884:	f100041f 	cmp	x0, #0x1
  408888:	1a9fd7e0 	cset	w0, gt
  40888c:	12001c00 	and	w0, w0, #0xff
  408890:	7100001f 	cmp	w0, #0x0
  408894:	54fffe41 	b.ne	40885c <_ZSt11__sort_heapIN9__gnu_cxx17__normal_iteratorIPmSt6vectorImSaImEEEENS0_5__ops15_Iter_less_iterEEvT_S9_RT0_+0x18>  // b.any
  408898:	d503201f 	nop
  40889c:	d503201f 	nop
  4088a0:	a8c37bfd 	ldp	x29, x30, [sp], #48
  4088a4:	d65f03c0 	ret

00000000004088a8 <_ZNK9__gnu_cxx17__normal_iteratorIPmSt6vectorImSaImEEEmiEl>:
  4088a8:	a9bd7bfd 	stp	x29, x30, [sp, #-48]!
  4088ac:	910003fd 	mov	x29, sp
  4088b0:	f9000fe0 	str	x0, [sp, #24]
  4088b4:	f9000be1 	str	x1, [sp, #16]
  4088b8:	f9400fe0 	ldr	x0, [sp, #24]
  4088bc:	f9400001 	ldr	x1, [x0]
  4088c0:	f9400be0 	ldr	x0, [sp, #16]
  4088c4:	d37df000 	lsl	x0, x0, #3
  4088c8:	cb0003e0 	neg	x0, x0
  4088cc:	8b000020 	add	x0, x1, x0
  4088d0:	f90017e0 	str	x0, [sp, #40]
  4088d4:	9100a3e1 	add	x1, sp, #0x28
  4088d8:	910083e0 	add	x0, sp, #0x20
  4088dc:	97fff495 	bl	405b30 <_ZN9__gnu_cxx17__normal_iteratorIPmSt6vectorImSaImEEEC1ERKS1_>
  4088e0:	f94013e0 	ldr	x0, [sp, #32]
  4088e4:	a8c37bfd 	ldp	x29, x30, [sp], #48
  4088e8:	d65f03c0 	ret

00000000004088ec <_ZSt22__move_median_to_firstIN9__gnu_cxx17__normal_iteratorIPmSt6vectorImSaImEEEENS0_5__ops15_Iter_less_iterEEvT_S9_S9_S9_T0_>:
  4088ec:	a9bc7bfd 	stp	x29, x30, [sp, #-64]!
  4088f0:	910003fd 	mov	x29, sp
  4088f4:	f9001fe0 	str	x0, [sp, #56]
  4088f8:	f9001be1 	str	x1, [sp, #48]
  4088fc:	f90017e2 	str	x2, [sp, #40]
  408900:	f90013e3 	str	x3, [sp, #32]
  408904:	390063e4 	strb	w4, [sp, #24]
  408908:	910063e0 	add	x0, sp, #0x18
  40890c:	f94017e2 	ldr	x2, [sp, #40]
  408910:	f9401be1 	ldr	x1, [sp, #48]
  408914:	94000068 	bl	408ab4 <_ZNK9__gnu_cxx5__ops15_Iter_less_iterclINS_17__normal_iteratorIPmSt6vectorImSaImEEEES8_EEbT_T0_>
  408918:	12001c00 	and	w0, w0, #0xff
  40891c:	7100001f 	cmp	w0, #0x0
  408920:	54000360 	b.eq	40898c <_ZSt22__move_median_to_firstIN9__gnu_cxx17__normal_iteratorIPmSt6vectorImSaImEEEENS0_5__ops15_Iter_less_iterEEvT_S9_S9_S9_T0_+0xa0>  // b.none
  408924:	910063e0 	add	x0, sp, #0x18
  408928:	f94013e2 	ldr	x2, [sp, #32]
  40892c:	f94017e1 	ldr	x1, [sp, #40]
  408930:	94000061 	bl	408ab4 <_ZNK9__gnu_cxx5__ops15_Iter_less_iterclINS_17__normal_iteratorIPmSt6vectorImSaImEEEES8_EEbT_T0_>
  408934:	12001c00 	and	w0, w0, #0xff
  408938:	7100001f 	cmp	w0, #0x0
  40893c:	540000a0 	b.eq	408950 <_ZSt22__move_median_to_firstIN9__gnu_cxx17__normal_iteratorIPmSt6vectorImSaImEEEENS0_5__ops15_Iter_less_iterEEvT_S9_S9_S9_T0_+0x64>  // b.none
  408940:	f94017e1 	ldr	x1, [sp, #40]
  408944:	f9401fe0 	ldr	x0, [sp, #56]
  408948:	97fff4dc 	bl	405cb8 <_ZSt9iter_swapIN9__gnu_cxx17__normal_iteratorIPmSt6vectorImSaImEEEES6_EvT_T0_>
  40894c:	14000029 	b	4089f0 <_ZSt22__move_median_to_firstIN9__gnu_cxx17__normal_iteratorIPmSt6vectorImSaImEEEENS0_5__ops15_Iter_less_iterEEvT_S9_S9_S9_T0_+0x104>
  408950:	910063e0 	add	x0, sp, #0x18
  408954:	f94013e2 	ldr	x2, [sp, #32]
  408958:	f9401be1 	ldr	x1, [sp, #48]
  40895c:	94000056 	bl	408ab4 <_ZNK9__gnu_cxx5__ops15_Iter_less_iterclINS_17__normal_iteratorIPmSt6vectorImSaImEEEES8_EEbT_T0_>
  408960:	12001c00 	and	w0, w0, #0xff
  408964:	7100001f 	cmp	w0, #0x0
  408968:	540000a0 	b.eq	40897c <_ZSt22__move_median_to_firstIN9__gnu_cxx17__normal_iteratorIPmSt6vectorImSaImEEEENS0_5__ops15_Iter_less_iterEEvT_S9_S9_S9_T0_+0x90>  // b.none
  40896c:	f94013e1 	ldr	x1, [sp, #32]
  408970:	f9401fe0 	ldr	x0, [sp, #56]
  408974:	97fff4d1 	bl	405cb8 <_ZSt9iter_swapIN9__gnu_cxx17__normal_iteratorIPmSt6vectorImSaImEEEES6_EvT_T0_>
  408978:	1400001e 	b	4089f0 <_ZSt22__move_median_to_firstIN9__gnu_cxx17__normal_iteratorIPmSt6vectorImSaImEEEENS0_5__ops15_Iter_less_iterEEvT_S9_S9_S9_T0_+0x104>
  40897c:	f9401be1 	ldr	x1, [sp, #48]
  408980:	f9401fe0 	ldr	x0, [sp, #56]
  408984:	97fff4cd 	bl	405cb8 <_ZSt9iter_swapIN9__gnu_cxx17__normal_iteratorIPmSt6vectorImSaImEEEES6_EvT_T0_>
  408988:	1400001a 	b	4089f0 <_ZSt22__move_median_to_firstIN9__gnu_cxx17__normal_iteratorIPmSt6vectorImSaImEEEENS0_5__ops15_Iter_less_iterEEvT_S9_S9_S9_T0_+0x104>
  40898c:	910063e0 	add	x0, sp, #0x18
  408990:	f94013e2 	ldr	x2, [sp, #32]
  408994:	f9401be1 	ldr	x1, [sp, #48]
  408998:	94000047 	bl	408ab4 <_ZNK9__gnu_cxx5__ops15_Iter_less_iterclINS_17__normal_iteratorIPmSt6vectorImSaImEEEES8_EEbT_T0_>
  40899c:	12001c00 	and	w0, w0, #0xff
  4089a0:	7100001f 	cmp	w0, #0x0
  4089a4:	540000a0 	b.eq	4089b8 <_ZSt22__move_median_to_firstIN9__gnu_cxx17__normal_iteratorIPmSt6vectorImSaImEEEENS0_5__ops15_Iter_less_iterEEvT_S9_S9_S9_T0_+0xcc>  // b.none
  4089a8:	f9401be1 	ldr	x1, [sp, #48]
  4089ac:	f9401fe0 	ldr	x0, [sp, #56]
  4089b0:	97fff4c2 	bl	405cb8 <_ZSt9iter_swapIN9__gnu_cxx17__normal_iteratorIPmSt6vectorImSaImEEEES6_EvT_T0_>
  4089b4:	1400000f 	b	4089f0 <_ZSt22__move_median_to_firstIN9__gnu_cxx17__normal_iteratorIPmSt6vectorImSaImEEEENS0_5__ops15_Iter_less_iterEEvT_S9_S9_S9_T0_+0x104>
  4089b8:	910063e0 	add	x0, sp, #0x18
  4089bc:	f94013e2 	ldr	x2, [sp, #32]
  4089c0:	f94017e1 	ldr	x1, [sp, #40]
  4089c4:	9400003c 	bl	408ab4 <_ZNK9__gnu_cxx5__ops15_Iter_less_iterclINS_17__normal_iteratorIPmSt6vectorImSaImEEEES8_EEbT_T0_>
  4089c8:	12001c00 	and	w0, w0, #0xff
  4089cc:	7100001f 	cmp	w0, #0x0
  4089d0:	540000a0 	b.eq	4089e4 <_ZSt22__move_median_to_firstIN9__gnu_cxx17__normal_iteratorIPmSt6vectorImSaImEEEENS0_5__ops15_Iter_less_iterEEvT_S9_S9_S9_T0_+0xf8>  // b.none
  4089d4:	f94013e1 	ldr	x1, [sp, #32]
  4089d8:	f9401fe0 	ldr	x0, [sp, #56]
  4089dc:	97fff4b7 	bl	405cb8 <_ZSt9iter_swapIN9__gnu_cxx17__normal_iteratorIPmSt6vectorImSaImEEEES6_EvT_T0_>
  4089e0:	14000004 	b	4089f0 <_ZSt22__move_median_to_firstIN9__gnu_cxx17__normal_iteratorIPmSt6vectorImSaImEEEENS0_5__ops15_Iter_less_iterEEvT_S9_S9_S9_T0_+0x104>
  4089e4:	f94017e1 	ldr	x1, [sp, #40]
  4089e8:	f9401fe0 	ldr	x0, [sp, #56]
  4089ec:	97fff4b3 	bl	405cb8 <_ZSt9iter_swapIN9__gnu_cxx17__normal_iteratorIPmSt6vectorImSaImEEEES6_EvT_T0_>
  4089f0:	d503201f 	nop
  4089f4:	a8c47bfd 	ldp	x29, x30, [sp], #64
  4089f8:	d65f03c0 	ret

00000000004089fc <_ZSt21__unguarded_partitionIN9__gnu_cxx17__normal_iteratorIPmSt6vectorImSaImEEEENS0_5__ops15_Iter_less_iterEET_S9_S9_S9_T0_>:
  4089fc:	a9bd7bfd 	stp	x29, x30, [sp, #-48]!
  408a00:	910003fd 	mov	x29, sp
  408a04:	f90017e0 	str	x0, [sp, #40]
  408a08:	f90013e1 	str	x1, [sp, #32]
  408a0c:	f9000fe2 	str	x2, [sp, #24]
  408a10:	390043e3 	strb	w3, [sp, #16]
  408a14:	14000003 	b	408a20 <_ZSt21__unguarded_partitionIN9__gnu_cxx17__normal_iteratorIPmSt6vectorImSaImEEEENS0_5__ops15_Iter_less_iterEET_S9_S9_S9_T0_+0x24>
  408a18:	9100a3e0 	add	x0, sp, #0x28
  408a1c:	97fff242 	bl	405324 <_ZN9__gnu_cxx17__normal_iteratorIPmSt6vectorImSaImEEEppEv>
  408a20:	910043e0 	add	x0, sp, #0x10
  408a24:	f9400fe2 	ldr	x2, [sp, #24]
  408a28:	f94017e1 	ldr	x1, [sp, #40]
  408a2c:	94000022 	bl	408ab4 <_ZNK9__gnu_cxx5__ops15_Iter_less_iterclINS_17__normal_iteratorIPmSt6vectorImSaImEEEES8_EEbT_T0_>
  408a30:	12001c00 	and	w0, w0, #0xff
  408a34:	7100001f 	cmp	w0, #0x0
  408a38:	54ffff01 	b.ne	408a18 <_ZSt21__unguarded_partitionIN9__gnu_cxx17__normal_iteratorIPmSt6vectorImSaImEEEENS0_5__ops15_Iter_less_iterEET_S9_S9_S9_T0_+0x1c>  // b.any
  408a3c:	910083e0 	add	x0, sp, #0x20
  408a40:	94000155 	bl	408f94 <_ZN9__gnu_cxx17__normal_iteratorIPmSt6vectorImSaImEEEmmEv>
  408a44:	14000003 	b	408a50 <_ZSt21__unguarded_partitionIN9__gnu_cxx17__normal_iteratorIPmSt6vectorImSaImEEEENS0_5__ops15_Iter_less_iterEET_S9_S9_S9_T0_+0x54>
  408a48:	910083e0 	add	x0, sp, #0x20
  408a4c:	94000152 	bl	408f94 <_ZN9__gnu_cxx17__normal_iteratorIPmSt6vectorImSaImEEEmmEv>
  408a50:	910043e0 	add	x0, sp, #0x10
  408a54:	f94013e2 	ldr	x2, [sp, #32]
  408a58:	f9400fe1 	ldr	x1, [sp, #24]
  408a5c:	94000016 	bl	408ab4 <_ZNK9__gnu_cxx5__ops15_Iter_less_iterclINS_17__normal_iteratorIPmSt6vectorImSaImEEEES8_EEbT_T0_>
  408a60:	12001c00 	and	w0, w0, #0xff
  408a64:	7100001f 	cmp	w0, #0x0
  408a68:	54ffff01 	b.ne	408a48 <_ZSt21__unguarded_partitionIN9__gnu_cxx17__normal_iteratorIPmSt6vectorImSaImEEEENS0_5__ops15_Iter_less_iterEET_S9_S9_S9_T0_+0x4c>  // b.any
  408a6c:	910083e1 	add	x1, sp, #0x20
  408a70:	9100a3e0 	add	x0, sp, #0x28
  408a74:	94000111 	bl	408eb8 <_ZN9__gnu_cxxltIPmSt6vectorImSaImEEEEbRKNS_17__normal_iteratorIT_T0_EESA_>
  408a78:	12001c00 	and	w0, w0, #0xff
  408a7c:	52000000 	eor	w0, w0, #0x1
  408a80:	12001c00 	and	w0, w0, #0xff
  408a84:	7100001f 	cmp	w0, #0x0
  408a88:	54000060 	b.eq	408a94 <_ZSt21__unguarded_partitionIN9__gnu_cxx17__normal_iteratorIPmSt6vectorImSaImEEEENS0_5__ops15_Iter_less_iterEET_S9_S9_S9_T0_+0x98>  // b.none
  408a8c:	f94017e0 	ldr	x0, [sp, #40]
  408a90:	14000007 	b	408aac <_ZSt21__unguarded_partitionIN9__gnu_cxx17__normal_iteratorIPmSt6vectorImSaImEEEENS0_5__ops15_Iter_less_iterEET_S9_S9_S9_T0_+0xb0>
  408a94:	f94013e1 	ldr	x1, [sp, #32]
  408a98:	f94017e0 	ldr	x0, [sp, #40]
  408a9c:	97fff487 	bl	405cb8 <_ZSt9iter_swapIN9__gnu_cxx17__normal_iteratorIPmSt6vectorImSaImEEEES6_EvT_T0_>
  408aa0:	9100a3e0 	add	x0, sp, #0x28
  408aa4:	97fff220 	bl	405324 <_ZN9__gnu_cxx17__normal_iteratorIPmSt6vectorImSaImEEEppEv>
  408aa8:	17ffffde 	b	408a20 <_ZSt21__unguarded_partitionIN9__gnu_cxx17__normal_iteratorIPmSt6vectorImSaImEEEENS0_5__ops15_Iter_less_iterEET_S9_S9_S9_T0_+0x24>
  408aac:	a8c37bfd 	ldp	x29, x30, [sp], #48
  408ab0:	d65f03c0 	ret

0000000000408ab4 <_ZNK9__gnu_cxx5__ops15_Iter_less_iterclINS_17__normal_iteratorIPmSt6vectorImSaImEEEES8_EEbT_T0_>:
  408ab4:	a9bc7bfd 	stp	x29, x30, [sp, #-64]!
  408ab8:	910003fd 	mov	x29, sp
  408abc:	f9000bf3 	str	x19, [sp, #16]
  408ac0:	f9001fe0 	str	x0, [sp, #56]
  408ac4:	f9001be1 	str	x1, [sp, #48]
  408ac8:	f90017e2 	str	x2, [sp, #40]
  408acc:	9100c3e0 	add	x0, sp, #0x30
  408ad0:	97fff21f 	bl	40534c <_ZNK9__gnu_cxx17__normal_iteratorIPmSt6vectorImSaImEEEdeEv>
  408ad4:	f9400013 	ldr	x19, [x0]
  408ad8:	9100a3e0 	add	x0, sp, #0x28
  408adc:	97fff21c 	bl	40534c <_ZNK9__gnu_cxx17__normal_iteratorIPmSt6vectorImSaImEEEdeEv>
  408ae0:	f9400000 	ldr	x0, [x0]
  408ae4:	eb00027f 	cmp	x19, x0
  408ae8:	1a9f27e0 	cset	w0, cc  // cc = lo, ul, last
  408aec:	12001c00 	and	w0, w0, #0xff
  408af0:	f9400bf3 	ldr	x19, [sp, #16]
  408af4:	a8c47bfd 	ldp	x29, x30, [sp], #64
  408af8:	d65f03c0 	ret

0000000000408afc <_ZSt13move_backwardIN9__gnu_cxx17__normal_iteratorIPmSt6vectorImSaImEEEES6_ET0_T_S8_S7_>:
  408afc:	a9bc7bfd 	stp	x29, x30, [sp, #-64]!
  408b00:	910003fd 	mov	x29, sp
  408b04:	f9000bf3 	str	x19, [sp, #16]
  408b08:	f9001fe0 	str	x0, [sp, #56]
  408b0c:	f9001be1 	str	x1, [sp, #48]
  408b10:	f90017e2 	str	x2, [sp, #40]
  408b14:	f9401fe0 	ldr	x0, [sp, #56]
  408b18:	94000129 	bl	408fbc <_ZSt12__miter_baseIN9__gnu_cxx17__normal_iteratorIPmSt6vectorImSaImEEEEET_S7_>
  408b1c:	aa0003f3 	mov	x19, x0
  408b20:	f9401be0 	ldr	x0, [sp, #48]
  408b24:	94000126 	bl	408fbc <_ZSt12__miter_baseIN9__gnu_cxx17__normal_iteratorIPmSt6vectorImSaImEEEEET_S7_>
  408b28:	f94017e2 	ldr	x2, [sp, #40]
  408b2c:	aa0003e1 	mov	x1, x0
  408b30:	aa1303e0 	mov	x0, x19
  408b34:	94000127 	bl	408fd0 <_ZSt22__copy_move_backward_aILb1EN9__gnu_cxx17__normal_iteratorIPmSt6vectorImSaImEEEES6_ET1_T0_S8_S7_>
  408b38:	f9400bf3 	ldr	x19, [sp, #16]
  408b3c:	a8c47bfd 	ldp	x29, x30, [sp], #64
  408b40:	d65f03c0 	ret

0000000000408b44 <_ZSt25__unguarded_linear_insertIN9__gnu_cxx17__normal_iteratorIPmSt6vectorImSaImEEEENS0_5__ops14_Val_less_iterEEvT_T0_>:
  408b44:	a9bc7bfd 	stp	x29, x30, [sp, #-64]!
  408b48:	910003fd 	mov	x29, sp
  408b4c:	f9000bf3 	str	x19, [sp, #16]
  408b50:	f90017e0 	str	x0, [sp, #40]
  408b54:	390083e1 	strb	w1, [sp, #32]
  408b58:	9100a3e0 	add	x0, sp, #0x28
  408b5c:	97fff1fc 	bl	40534c <_ZNK9__gnu_cxx17__normal_iteratorIPmSt6vectorImSaImEEEdeEv>
  408b60:	97fff31c 	bl	4057d0 <_ZSt4moveIRmEONSt16remove_referenceIT_E4typeEOS2_>
  408b64:	f9400000 	ldr	x0, [x0]
  408b68:	f9001fe0 	str	x0, [sp, #56]
  408b6c:	f94017e0 	ldr	x0, [sp, #40]
  408b70:	f9001be0 	str	x0, [sp, #48]
  408b74:	9100c3e0 	add	x0, sp, #0x30
  408b78:	94000107 	bl	408f94 <_ZN9__gnu_cxx17__normal_iteratorIPmSt6vectorImSaImEEEmmEv>
  408b7c:	1400000e 	b	408bb4 <_ZSt25__unguarded_linear_insertIN9__gnu_cxx17__normal_iteratorIPmSt6vectorImSaImEEEENS0_5__ops14_Val_less_iterEEvT_T0_+0x70>
  408b80:	9100c3e0 	add	x0, sp, #0x30
  408b84:	97fff1f2 	bl	40534c <_ZNK9__gnu_cxx17__normal_iteratorIPmSt6vectorImSaImEEEdeEv>
  408b88:	97fff312 	bl	4057d0 <_ZSt4moveIRmEONSt16remove_referenceIT_E4typeEOS2_>
  408b8c:	aa0003f3 	mov	x19, x0
  408b90:	9100a3e0 	add	x0, sp, #0x28
  408b94:	97fff1ee 	bl	40534c <_ZNK9__gnu_cxx17__normal_iteratorIPmSt6vectorImSaImEEEdeEv>
  408b98:	aa0003e1 	mov	x1, x0
  408b9c:	f9400260 	ldr	x0, [x19]
  408ba0:	f9000020 	str	x0, [x1]
  408ba4:	f9401be0 	ldr	x0, [sp, #48]
  408ba8:	f90017e0 	str	x0, [sp, #40]
  408bac:	9100c3e0 	add	x0, sp, #0x30
  408bb0:	940000f9 	bl	408f94 <_ZN9__gnu_cxx17__normal_iteratorIPmSt6vectorImSaImEEEmmEv>
  408bb4:	9100e3e1 	add	x1, sp, #0x38
  408bb8:	910083e0 	add	x0, sp, #0x20
  408bbc:	f9401be2 	ldr	x2, [sp, #48]
  408bc0:	9400011c 	bl	409030 <_ZNK9__gnu_cxx5__ops14_Val_less_iterclImNS_17__normal_iteratorIPmSt6vectorImSaImEEEEEEbRT_T0_>
  408bc4:	12001c00 	and	w0, w0, #0xff
  408bc8:	7100001f 	cmp	w0, #0x0
  408bcc:	54fffda1 	b.ne	408b80 <_ZSt25__unguarded_linear_insertIN9__gnu_cxx17__normal_iteratorIPmSt6vectorImSaImEEEENS0_5__ops14_Val_less_iterEEvT_T0_+0x3c>  // b.any
  408bd0:	9100e3e0 	add	x0, sp, #0x38
  408bd4:	97fff2ff 	bl	4057d0 <_ZSt4moveIRmEONSt16remove_referenceIT_E4typeEOS2_>
  408bd8:	aa0003f3 	mov	x19, x0
  408bdc:	9100a3e0 	add	x0, sp, #0x28
  408be0:	97fff1db 	bl	40534c <_ZNK9__gnu_cxx17__normal_iteratorIPmSt6vectorImSaImEEEdeEv>
  408be4:	aa0003e1 	mov	x1, x0
  408be8:	f9400260 	ldr	x0, [x19]
  408bec:	f9000020 	str	x0, [x1]
  408bf0:	d503201f 	nop
  408bf4:	f9400bf3 	ldr	x19, [sp, #16]
  408bf8:	a8c47bfd 	ldp	x29, x30, [sp], #64
  408bfc:	d65f03c0 	ret

0000000000408c00 <_ZNSt20__uninitialized_copyILb1EE13__uninit_copyIN9__gnu_cxx17__normal_iteratorIPKmSt6vectorImSaImEEEEPmEET0_T_SC_SB_>:
  408c00:	a9bd7bfd 	stp	x29, x30, [sp, #-48]!
  408c04:	910003fd 	mov	x29, sp
  408c08:	f90017e0 	str	x0, [sp, #40]
  408c0c:	f90013e1 	str	x1, [sp, #32]
  408c10:	f9000fe2 	str	x2, [sp, #24]
  408c14:	f9400fe2 	ldr	x2, [sp, #24]
  408c18:	f94013e1 	ldr	x1, [sp, #32]
  408c1c:	f94017e0 	ldr	x0, [sp, #40]
  408c20:	94000115 	bl	409074 <_ZSt4copyIN9__gnu_cxx17__normal_iteratorIPKmSt6vectorImSaImEEEEPmET0_T_SA_S9_>
  408c24:	a8c37bfd 	ldp	x29, x30, [sp], #48
  408c28:	d65f03c0 	ret

0000000000408c2c <_ZSt14__copy_move_a2ILb0EPKmPmET1_T0_S4_S3_>:
  408c2c:	a9bd7bfd 	stp	x29, x30, [sp, #-48]!
  408c30:	910003fd 	mov	x29, sp
  408c34:	f90017e0 	str	x0, [sp, #40]
  408c38:	f90013e1 	str	x1, [sp, #32]
  408c3c:	f9000fe2 	str	x2, [sp, #24]
  408c40:	f9400fe2 	ldr	x2, [sp, #24]
  408c44:	f94013e1 	ldr	x1, [sp, #32]
  408c48:	f94017e0 	ldr	x0, [sp, #40]
  408c4c:	9400011c 	bl	4090bc <_ZNSt11__copy_moveILb0ELb1ESt26random_access_iterator_tagE8__copy_mImEEPT_PKS3_S6_S4_>
  408c50:	a8c37bfd 	ldp	x29, x30, [sp], #48
  408c54:	d65f03c0 	ret

0000000000408c58 <_ZSt14__copy_move_a2ILb0EPmS0_ET1_T0_S2_S1_>:
  408c58:	a9bd7bfd 	stp	x29, x30, [sp, #-48]!
  408c5c:	910003fd 	mov	x29, sp
  408c60:	f90017e0 	str	x0, [sp, #40]
  408c64:	f90013e1 	str	x1, [sp, #32]
  408c68:	f9000fe2 	str	x2, [sp, #24]
  408c6c:	f9400fe2 	ldr	x2, [sp, #24]
  408c70:	f94013e1 	ldr	x1, [sp, #32]
  408c74:	f94017e0 	ldr	x0, [sp, #40]
  408c78:	94000111 	bl	4090bc <_ZNSt11__copy_moveILb0ELb1ESt26random_access_iterator_tagE8__copy_mImEEPT_PKS3_S6_S4_>
  408c7c:	a8c37bfd 	ldp	x29, x30, [sp], #48
  408c80:	d65f03c0 	ret

0000000000408c84 <_ZNK9__gnu_cxx13new_allocatorImE11_M_max_sizeEv>:
  408c84:	d10043ff 	sub	sp, sp, #0x10
  408c88:	f90007e0 	str	x0, [sp, #8]
  408c8c:	92fe0000 	mov	x0, #0xfffffffffffffff     	// #1152921504606846975
  408c90:	910043ff 	add	sp, sp, #0x10
  408c94:	d65f03c0 	ret

0000000000408c98 <_ZSt10_ConstructImJEEvPT_DpOT0_>:
  408c98:	a9be7bfd 	stp	x29, x30, [sp, #-32]!
  408c9c:	910003fd 	mov	x29, sp
  408ca0:	f9000fe0 	str	x0, [sp, #24]
  408ca4:	f9400fe0 	ldr	x0, [sp, #24]
  408ca8:	aa0003e1 	mov	x1, x0
  408cac:	d2800100 	mov	x0, #0x8                   	// #8
  408cb0:	97ffef20 	bl	404930 <_ZnwmPv>
  408cb4:	f900001f 	str	xzr, [x0]
  408cb8:	d503201f 	nop
  408cbc:	a8c27bfd 	ldp	x29, x30, [sp], #32
  408cc0:	d65f03c0 	ret

0000000000408cc4 <_ZSt6fill_nIPmmmET_S1_T0_RKT1_>:
  408cc4:	a9bb7bfd 	stp	x29, x30, [sp, #-80]!
  408cc8:	910003fd 	mov	x29, sp
  408ccc:	a90153f3 	stp	x19, x20, [sp, #16]
  408cd0:	f90013f5 	str	x21, [sp, #32]
  408cd4:	f90027e0 	str	x0, [sp, #72]
  408cd8:	f90023e1 	str	x1, [sp, #64]
  408cdc:	f9001fe2 	str	x2, [sp, #56]
  408ce0:	f94027f3 	ldr	x19, [sp, #72]
  408ce4:	f94023e0 	ldr	x0, [sp, #64]
  408ce8:	97ffef26 	bl	404980 <_ZSt17__size_to_integerm>
  408cec:	aa0003f4 	mov	x20, x0
  408cf0:	910123e0 	add	x0, sp, #0x48
  408cf4:	9400010b 	bl	409120 <_ZSt19__iterator_categoryIPmENSt15iterator_traitsIT_E17iterator_categoryERKS2_>
  408cf8:	2a1503e3 	mov	w3, w21
  408cfc:	f9401fe2 	ldr	x2, [sp, #56]
  408d00:	aa1403e1 	mov	x1, x20
  408d04:	aa1303e0 	mov	x0, x19
  408d08:	9400010c 	bl	409138 <_ZSt10__fill_n_aIPmmmET_S1_T0_RKT1_St26random_access_iterator_tag>
  408d0c:	a94153f3 	ldp	x19, x20, [sp, #16]
  408d10:	f94013f5 	ldr	x21, [sp, #32]
  408d14:	a8c57bfd 	ldp	x29, x30, [sp], #80
  408d18:	d65f03c0 	ret

0000000000408d1c <_ZNSt20__uninitialized_copyILb1EE13__uninit_copyISt13move_iteratorIPmES3_EET0_T_S6_S5_>:
  408d1c:	a9bd7bfd 	stp	x29, x30, [sp, #-48]!
  408d20:	910003fd 	mov	x29, sp
  408d24:	f90017e0 	str	x0, [sp, #40]
  408d28:	f90013e1 	str	x1, [sp, #32]
  408d2c:	f9000fe2 	str	x2, [sp, #24]
  408d30:	f9400fe2 	ldr	x2, [sp, #24]
  408d34:	f94013e1 	ldr	x1, [sp, #32]
  408d38:	f94017e0 	ldr	x0, [sp, #40]
  408d3c:	94000118 	bl	40919c <_ZSt4copyISt13move_iteratorIPmES1_ET0_T_S4_S3_>
  408d40:	a8c37bfd 	ldp	x29, x30, [sp], #48
  408d44:	d65f03c0 	ret

0000000000408d48 <_ZSt23__copy_move_backward_a2ILb1EPmS0_ET1_T0_S2_S1_>:
  408d48:	a9bd7bfd 	stp	x29, x30, [sp, #-48]!
  408d4c:	910003fd 	mov	x29, sp
  408d50:	f90017e0 	str	x0, [sp, #40]
  408d54:	f90013e1 	str	x1, [sp, #32]
  408d58:	f9000fe2 	str	x2, [sp, #24]
  408d5c:	f9400fe2 	ldr	x2, [sp, #24]
  408d60:	f94013e1 	ldr	x1, [sp, #32]
  408d64:	f94017e0 	ldr	x0, [sp, #40]
  408d68:	9400011f 	bl	4091e4 <_ZNSt20__copy_move_backwardILb1ELb1ESt26random_access_iterator_tagE13__copy_move_bImEEPT_PKS3_S6_S4_>
  408d6c:	a8c37bfd 	ldp	x29, x30, [sp], #48
  408d70:	d65f03c0 	ret

0000000000408d74 <_ZSt14__relocate_a_1ImmENSt9enable_ifIXsrSt24__is_bitwise_relocatableIT_vE5valueEPS2_E4typeES4_S4_S4_RSaIT0_E>:
  408d74:	a9bc7bfd 	stp	x29, x30, [sp, #-64]!
  408d78:	910003fd 	mov	x29, sp
  408d7c:	f90017e0 	str	x0, [sp, #40]
  408d80:	f90013e1 	str	x1, [sp, #32]
  408d84:	f9000fe2 	str	x2, [sp, #24]
  408d88:	f9000be3 	str	x3, [sp, #16]
  408d8c:	f94013e1 	ldr	x1, [sp, #32]
  408d90:	f94017e0 	ldr	x0, [sp, #40]
  408d94:	cb000020 	sub	x0, x1, x0
  408d98:	9343fc00 	asr	x0, x0, #3
  408d9c:	f9001fe0 	str	x0, [sp, #56]
  408da0:	f9401fe0 	ldr	x0, [sp, #56]
  408da4:	f100001f 	cmp	x0, #0x0
  408da8:	540000ed 	b.le	408dc4 <_ZSt14__relocate_a_1ImmENSt9enable_ifIXsrSt24__is_bitwise_relocatableIT_vE5valueEPS2_E4typeES4_S4_S4_RSaIT0_E+0x50>
  408dac:	f9401fe0 	ldr	x0, [sp, #56]
  408db0:	d37df000 	lsl	x0, x0, #3
  408db4:	aa0003e2 	mov	x2, x0
  408db8:	f94017e1 	ldr	x1, [sp, #40]
  408dbc:	f9400fe0 	ldr	x0, [sp, #24]
  408dc0:	97ffe378 	bl	401ba0 <memmove@plt>
  408dc4:	f9401fe0 	ldr	x0, [sp, #56]
  408dc8:	d37df000 	lsl	x0, x0, #3
  408dcc:	f9400fe1 	ldr	x1, [sp, #24]
  408dd0:	8b000020 	add	x0, x1, x0
  408dd4:	a8c47bfd 	ldp	x29, x30, [sp], #64
  408dd8:	d65f03c0 	ret

0000000000408ddc <_ZSt11__make_heapIN9__gnu_cxx17__normal_iteratorIPmSt6vectorImSaImEEEENS0_5__ops15_Iter_less_iterEEvT_S9_RT0_>:
  408ddc:	a9ba7bfd 	stp	x29, x30, [sp, #-96]!
  408de0:	910003fd 	mov	x29, sp
  408de4:	f9000bf3 	str	x19, [sp, #16]
  408de8:	f9001fe0 	str	x0, [sp, #56]
  408dec:	f9001be1 	str	x1, [sp, #48]
  408df0:	f90017e2 	str	x2, [sp, #40]
  408df4:	9100e3e1 	add	x1, sp, #0x38
  408df8:	9100c3e0 	add	x0, sp, #0x30
  408dfc:	97fff368 	bl	405b9c <_ZN9__gnu_cxxmiIPmSt6vectorImSaImEEEENS_17__normal_iteratorIT_T0_E15difference_typeERKS8_SB_>
  408e00:	f100041f 	cmp	x0, #0x1
  408e04:	1a9fc7e0 	cset	w0, le
  408e08:	12001c00 	and	w0, w0, #0xff
  408e0c:	7100001f 	cmp	w0, #0x0
  408e10:	54000481 	b.ne	408ea0 <_ZSt11__make_heapIN9__gnu_cxx17__normal_iteratorIPmSt6vectorImSaImEEEENS0_5__ops15_Iter_less_iterEEvT_S9_RT0_+0xc4>  // b.any
  408e14:	9100e3e1 	add	x1, sp, #0x38
  408e18:	9100c3e0 	add	x0, sp, #0x30
  408e1c:	97fff360 	bl	405b9c <_ZN9__gnu_cxxmiIPmSt6vectorImSaImEEEENS_17__normal_iteratorIT_T0_E15difference_typeERKS8_SB_>
  408e20:	f9002be0 	str	x0, [sp, #80]
  408e24:	f9402be0 	ldr	x0, [sp, #80]
  408e28:	d1000800 	sub	x0, x0, #0x2
  408e2c:	d37ffc01 	lsr	x1, x0, #63
  408e30:	8b000020 	add	x0, x1, x0
  408e34:	9341fc00 	asr	x0, x0, #1
  408e38:	f9002fe0 	str	x0, [sp, #88]
  408e3c:	9100e3e0 	add	x0, sp, #0x38
  408e40:	f9402fe1 	ldr	x1, [sp, #88]
  408e44:	97fff366 	bl	405bdc <_ZNK9__gnu_cxx17__normal_iteratorIPmSt6vectorImSaImEEEplEl>
  408e48:	f90027e0 	str	x0, [sp, #72]
  408e4c:	910123e0 	add	x0, sp, #0x48
  408e50:	97fff13f 	bl	40534c <_ZNK9__gnu_cxx17__normal_iteratorIPmSt6vectorImSaImEEEdeEv>
  408e54:	97fff25f 	bl	4057d0 <_ZSt4moveIRmEONSt16remove_referenceIT_E4typeEOS2_>
  408e58:	f9400000 	ldr	x0, [x0]
  408e5c:	f90023e0 	str	x0, [sp, #64]
  408e60:	910103e0 	add	x0, sp, #0x40
  408e64:	97fff25b 	bl	4057d0 <_ZSt4moveIRmEONSt16remove_referenceIT_E4typeEOS2_>
  408e68:	f9400000 	ldr	x0, [x0]
  408e6c:	2a1303e4 	mov	w4, w19
  408e70:	aa0003e3 	mov	x3, x0
  408e74:	f9402be2 	ldr	x2, [sp, #80]
  408e78:	f9402fe1 	ldr	x1, [sp, #88]
  408e7c:	f9401fe0 	ldr	x0, [sp, #56]
  408e80:	940000f8 	bl	409260 <_ZSt13__adjust_heapIN9__gnu_cxx17__normal_iteratorIPmSt6vectorImSaImEEEElmNS0_5__ops15_Iter_less_iterEEvT_T0_SA_T1_T2_>
  408e84:	f9402fe0 	ldr	x0, [sp, #88]
  408e88:	f100001f 	cmp	x0, #0x0
  408e8c:	540000e0 	b.eq	408ea8 <_ZSt11__make_heapIN9__gnu_cxx17__normal_iteratorIPmSt6vectorImSaImEEEENS0_5__ops15_Iter_less_iterEEvT_S9_RT0_+0xcc>  // b.none
  408e90:	f9402fe0 	ldr	x0, [sp, #88]
  408e94:	d1000400 	sub	x0, x0, #0x1
  408e98:	f9002fe0 	str	x0, [sp, #88]
  408e9c:	17ffffe8 	b	408e3c <_ZSt11__make_heapIN9__gnu_cxx17__normal_iteratorIPmSt6vectorImSaImEEEENS0_5__ops15_Iter_less_iterEEvT_S9_RT0_+0x60>
  408ea0:	d503201f 	nop
  408ea4:	14000002 	b	408eac <_ZSt11__make_heapIN9__gnu_cxx17__normal_iteratorIPmSt6vectorImSaImEEEENS0_5__ops15_Iter_less_iterEEvT_S9_RT0_+0xd0>
  408ea8:	d503201f 	nop
  408eac:	f9400bf3 	ldr	x19, [sp, #16]
  408eb0:	a8c67bfd 	ldp	x29, x30, [sp], #96
  408eb4:	d65f03c0 	ret

0000000000408eb8 <_ZN9__gnu_cxxltIPmSt6vectorImSaImEEEEbRKNS_17__normal_iteratorIT_T0_EESA_>:
  408eb8:	a9bd7bfd 	stp	x29, x30, [sp, #-48]!
  408ebc:	910003fd 	mov	x29, sp
  408ec0:	f9000bf3 	str	x19, [sp, #16]
  408ec4:	f90017e0 	str	x0, [sp, #40]
  408ec8:	f90013e1 	str	x1, [sp, #32]
  408ecc:	f94017e0 	ldr	x0, [sp, #40]
  408ed0:	97fff626 	bl	406768 <_ZNK9__gnu_cxx17__normal_iteratorIPmSt6vectorImSaImEEE4baseEv>
  408ed4:	f9400013 	ldr	x19, [x0]
  408ed8:	f94013e0 	ldr	x0, [sp, #32]
  408edc:	97fff623 	bl	406768 <_ZNK9__gnu_cxx17__normal_iteratorIPmSt6vectorImSaImEEE4baseEv>
  408ee0:	f9400000 	ldr	x0, [x0]
  408ee4:	eb00027f 	cmp	x19, x0
  408ee8:	1a9f27e0 	cset	w0, cc  // cc = lo, ul, last
  408eec:	12001c00 	and	w0, w0, #0xff
  408ef0:	f9400bf3 	ldr	x19, [sp, #16]
  408ef4:	a8c37bfd 	ldp	x29, x30, [sp], #48
  408ef8:	d65f03c0 	ret

0000000000408efc <_ZSt10__pop_heapIN9__gnu_cxx17__normal_iteratorIPmSt6vectorImSaImEEEENS0_5__ops15_Iter_less_iterEEvT_S9_S9_RT0_>:
  408efc:	a9bb7bfd 	stp	x29, x30, [sp, #-80]!
  408f00:	910003fd 	mov	x29, sp
  408f04:	a90153f3 	stp	x19, x20, [sp, #16]
  408f08:	f9001fe0 	str	x0, [sp, #56]
  408f0c:	f9001be1 	str	x1, [sp, #48]
  408f10:	f90017e2 	str	x2, [sp, #40]
  408f14:	f90013e3 	str	x3, [sp, #32]
  408f18:	9100a3e0 	add	x0, sp, #0x28
  408f1c:	97fff10c 	bl	40534c <_ZNK9__gnu_cxx17__normal_iteratorIPmSt6vectorImSaImEEEdeEv>
  408f20:	97fff22c 	bl	4057d0 <_ZSt4moveIRmEONSt16remove_referenceIT_E4typeEOS2_>
  408f24:	f9400000 	ldr	x0, [x0]
  408f28:	f90027e0 	str	x0, [sp, #72]
  408f2c:	9100e3e0 	add	x0, sp, #0x38
  408f30:	97fff107 	bl	40534c <_ZNK9__gnu_cxx17__normal_iteratorIPmSt6vectorImSaImEEEdeEv>
  408f34:	97fff227 	bl	4057d0 <_ZSt4moveIRmEONSt16remove_referenceIT_E4typeEOS2_>
  408f38:	aa0003f3 	mov	x19, x0
  408f3c:	9100a3e0 	add	x0, sp, #0x28
  408f40:	97fff103 	bl	40534c <_ZNK9__gnu_cxx17__normal_iteratorIPmSt6vectorImSaImEEEdeEv>
  408f44:	aa0003e1 	mov	x1, x0
  408f48:	f9400260 	ldr	x0, [x19]
  408f4c:	f9000020 	str	x0, [x1]
  408f50:	9100e3e1 	add	x1, sp, #0x38
  408f54:	9100c3e0 	add	x0, sp, #0x30
  408f58:	97fff311 	bl	405b9c <_ZN9__gnu_cxxmiIPmSt6vectorImSaImEEEENS_17__normal_iteratorIT_T0_E15difference_typeERKS8_SB_>
  408f5c:	aa0003f3 	mov	x19, x0
  408f60:	910123e0 	add	x0, sp, #0x48
  408f64:	97fff21b 	bl	4057d0 <_ZSt4moveIRmEONSt16remove_referenceIT_E4typeEOS2_>
  408f68:	f9400000 	ldr	x0, [x0]
  408f6c:	2a1403e4 	mov	w4, w20
  408f70:	aa0003e3 	mov	x3, x0
  408f74:	aa1303e2 	mov	x2, x19
  408f78:	d2800001 	mov	x1, #0x0                   	// #0
  408f7c:	f9401fe0 	ldr	x0, [sp, #56]
  408f80:	940000b8 	bl	409260 <_ZSt13__adjust_heapIN9__gnu_cxx17__normal_iteratorIPmSt6vectorImSaImEEEElmNS0_5__ops15_Iter_less_iterEEvT_T0_SA_T1_T2_>
  408f84:	d503201f 	nop
  408f88:	a94153f3 	ldp	x19, x20, [sp, #16]
  408f8c:	a8c57bfd 	ldp	x29, x30, [sp], #80
  408f90:	d65f03c0 	ret

0000000000408f94 <_ZN9__gnu_cxx17__normal_iteratorIPmSt6vectorImSaImEEEmmEv>:
  408f94:	d10043ff 	sub	sp, sp, #0x10
  408f98:	f90007e0 	str	x0, [sp, #8]
  408f9c:	f94007e0 	ldr	x0, [sp, #8]
  408fa0:	f9400000 	ldr	x0, [x0]
  408fa4:	d1002001 	sub	x1, x0, #0x8
  408fa8:	f94007e0 	ldr	x0, [sp, #8]
  408fac:	f9000001 	str	x1, [x0]
  408fb0:	f94007e0 	ldr	x0, [sp, #8]
  408fb4:	910043ff 	add	sp, sp, #0x10
  408fb8:	d65f03c0 	ret

0000000000408fbc <_ZSt12__miter_baseIN9__gnu_cxx17__normal_iteratorIPmSt6vectorImSaImEEEEET_S7_>:
  408fbc:	d10043ff 	sub	sp, sp, #0x10
  408fc0:	f90007e0 	str	x0, [sp, #8]
  408fc4:	f94007e0 	ldr	x0, [sp, #8]
  408fc8:	910043ff 	add	sp, sp, #0x10
  408fcc:	d65f03c0 	ret

0000000000408fd0 <_ZSt22__copy_move_backward_aILb1EN9__gnu_cxx17__normal_iteratorIPmSt6vectorImSaImEEEES6_ET1_T0_S8_S7_>:
  408fd0:	a9bc7bfd 	stp	x29, x30, [sp, #-64]!
  408fd4:	910003fd 	mov	x29, sp
  408fd8:	a90153f3 	stp	x19, x20, [sp, #16]
  408fdc:	f9001fe0 	str	x0, [sp, #56]
  408fe0:	f9001be1 	str	x1, [sp, #48]
  408fe4:	f90017e2 	str	x2, [sp, #40]
  408fe8:	f9401fe0 	ldr	x0, [sp, #56]
  408fec:	97fffcef 	bl	4083a8 <_ZSt12__niter_baseIPmSt6vectorImSaImEEET_N9__gnu_cxx17__normal_iteratorIS4_T0_EE>
  408ff0:	aa0003f3 	mov	x19, x0
  408ff4:	f9401be0 	ldr	x0, [sp, #48]
  408ff8:	97fffcec 	bl	4083a8 <_ZSt12__niter_baseIPmSt6vectorImSaImEEET_N9__gnu_cxx17__normal_iteratorIS4_T0_EE>
  408ffc:	aa0003f4 	mov	x20, x0
  409000:	f94017e0 	ldr	x0, [sp, #40]
  409004:	97fffce9 	bl	4083a8 <_ZSt12__niter_baseIPmSt6vectorImSaImEEET_N9__gnu_cxx17__normal_iteratorIS4_T0_EE>
  409008:	aa0003e2 	mov	x2, x0
  40900c:	aa1403e1 	mov	x1, x20
  409010:	aa1303e0 	mov	x0, x19
  409014:	97fffd85 	bl	408628 <_ZSt23__copy_move_backward_a1ILb1EPmS0_ET1_T0_S2_S1_>
  409018:	aa0003e1 	mov	x1, x0
  40901c:	f94017e0 	ldr	x0, [sp, #40]
  409020:	97fffcf5 	bl	4083f4 <_ZSt12__niter_wrapIN9__gnu_cxx17__normal_iteratorIPmSt6vectorImSaImEEEES2_ET_S7_T0_>
  409024:	a94153f3 	ldp	x19, x20, [sp, #16]
  409028:	a8c47bfd 	ldp	x29, x30, [sp], #64
  40902c:	d65f03c0 	ret

0000000000409030 <_ZNK9__gnu_cxx5__ops14_Val_less_iterclImNS_17__normal_iteratorIPmSt6vectorImSaImEEEEEEbRT_T0_>:
  409030:	a9bc7bfd 	stp	x29, x30, [sp, #-64]!
  409034:	910003fd 	mov	x29, sp
  409038:	f9000bf3 	str	x19, [sp, #16]
  40903c:	f9001fe0 	str	x0, [sp, #56]
  409040:	f9001be1 	str	x1, [sp, #48]
  409044:	f90017e2 	str	x2, [sp, #40]
  409048:	f9401be0 	ldr	x0, [sp, #48]
  40904c:	f9400013 	ldr	x19, [x0]
  409050:	9100a3e0 	add	x0, sp, #0x28
  409054:	97fff0be 	bl	40534c <_ZNK9__gnu_cxx17__normal_iteratorIPmSt6vectorImSaImEEEdeEv>
  409058:	f9400000 	ldr	x0, [x0]
  40905c:	eb00027f 	cmp	x19, x0
  409060:	1a9f27e0 	cset	w0, cc  // cc = lo, ul, last
  409064:	12001c00 	and	w0, w0, #0xff
  409068:	f9400bf3 	ldr	x19, [sp, #16]
  40906c:	a8c47bfd 	ldp	x29, x30, [sp], #64
  409070:	d65f03c0 	ret

0000000000409074 <_ZSt4copyIN9__gnu_cxx17__normal_iteratorIPKmSt6vectorImSaImEEEEPmET0_T_SA_S9_>:
  409074:	a9bc7bfd 	stp	x29, x30, [sp, #-64]!
  409078:	910003fd 	mov	x29, sp
  40907c:	f9000bf3 	str	x19, [sp, #16]
  409080:	f9001fe0 	str	x0, [sp, #56]
  409084:	f9001be1 	str	x1, [sp, #48]
  409088:	f90017e2 	str	x2, [sp, #40]
  40908c:	f9401fe0 	ldr	x0, [sp, #56]
  409090:	97fff9bc 	bl	407780 <_ZSt12__miter_baseIN9__gnu_cxx17__normal_iteratorIPKmSt6vectorImSaImEEEEET_S8_>
  409094:	aa0003f3 	mov	x19, x0
  409098:	f9401be0 	ldr	x0, [sp, #48]
  40909c:	97fff9b9 	bl	407780 <_ZSt12__miter_baseIN9__gnu_cxx17__normal_iteratorIPKmSt6vectorImSaImEEEEET_S8_>
  4090a0:	f94017e2 	ldr	x2, [sp, #40]
  4090a4:	aa0003e1 	mov	x1, x0
  4090a8:	aa1303e0 	mov	x0, x19
  4090ac:	940000e6 	bl	409444 <_ZSt13__copy_move_aILb0EN9__gnu_cxx17__normal_iteratorIPKmSt6vectorImSaImEEEEPmET1_T0_SA_S9_>
  4090b0:	f9400bf3 	ldr	x19, [sp, #16]
  4090b4:	a8c47bfd 	ldp	x29, x30, [sp], #64
  4090b8:	d65f03c0 	ret

00000000004090bc <_ZNSt11__copy_moveILb0ELb1ESt26random_access_iterator_tagE8__copy_mImEEPT_PKS3_S6_S4_>:
  4090bc:	a9bc7bfd 	stp	x29, x30, [sp, #-64]!
  4090c0:	910003fd 	mov	x29, sp
  4090c4:	f90017e0 	str	x0, [sp, #40]
  4090c8:	f90013e1 	str	x1, [sp, #32]
  4090cc:	f9000fe2 	str	x2, [sp, #24]
  4090d0:	f94013e1 	ldr	x1, [sp, #32]
  4090d4:	f94017e0 	ldr	x0, [sp, #40]
  4090d8:	cb000020 	sub	x0, x1, x0
  4090dc:	9343fc00 	asr	x0, x0, #3
  4090e0:	f9001fe0 	str	x0, [sp, #56]
  4090e4:	f9401fe0 	ldr	x0, [sp, #56]
  4090e8:	f100001f 	cmp	x0, #0x0
  4090ec:	540000e0 	b.eq	409108 <_ZNSt11__copy_moveILb0ELb1ESt26random_access_iterator_tagE8__copy_mImEEPT_PKS3_S6_S4_+0x4c>  // b.none
  4090f0:	f9401fe0 	ldr	x0, [sp, #56]
  4090f4:	d37df000 	lsl	x0, x0, #3
  4090f8:	aa0003e2 	mov	x2, x0
  4090fc:	f94017e1 	ldr	x1, [sp, #40]
  409100:	f9400fe0 	ldr	x0, [sp, #24]
  409104:	97ffe2a7 	bl	401ba0 <memmove@plt>
  409108:	f9401fe0 	ldr	x0, [sp, #56]
  40910c:	d37df000 	lsl	x0, x0, #3
  409110:	f9400fe1 	ldr	x1, [sp, #24]
  409114:	8b000020 	add	x0, x1, x0
  409118:	a8c47bfd 	ldp	x29, x30, [sp], #64
  40911c:	d65f03c0 	ret

0000000000409120 <_ZSt19__iterator_categoryIPmENSt15iterator_traitsIT_E17iterator_categoryERKS2_>:
  409120:	d10043ff 	sub	sp, sp, #0x10
  409124:	f90007e0 	str	x0, [sp, #8]
  409128:	d503201f 	nop
  40912c:	2a0103e0 	mov	w0, w1
  409130:	910043ff 	add	sp, sp, #0x10
  409134:	d65f03c0 	ret

0000000000409138 <_ZSt10__fill_n_aIPmmmET_S1_T0_RKT1_St26random_access_iterator_tag>:
  409138:	a9bd7bfd 	stp	x29, x30, [sp, #-48]!
  40913c:	910003fd 	mov	x29, sp
  409140:	f90017e0 	str	x0, [sp, #40]
  409144:	f90013e1 	str	x1, [sp, #32]
  409148:	f9000fe2 	str	x2, [sp, #24]
  40914c:	390043e3 	strb	w3, [sp, #16]
  409150:	f94013e0 	ldr	x0, [sp, #32]
  409154:	f100001f 	cmp	x0, #0x0
  409158:	54000061 	b.ne	409164 <_ZSt10__fill_n_aIPmmmET_S1_T0_RKT1_St26random_access_iterator_tag+0x2c>  // b.any
  40915c:	f94017e0 	ldr	x0, [sp, #40]
  409160:	1400000d 	b	409194 <_ZSt10__fill_n_aIPmmmET_S1_T0_RKT1_St26random_access_iterator_tag+0x5c>
  409164:	f94013e0 	ldr	x0, [sp, #32]
  409168:	d37df000 	lsl	x0, x0, #3
  40916c:	f94017e1 	ldr	x1, [sp, #40]
  409170:	8b000020 	add	x0, x1, x0
  409174:	f9400fe2 	ldr	x2, [sp, #24]
  409178:	aa0003e1 	mov	x1, x0
  40917c:	f94017e0 	ldr	x0, [sp, #40]
  409180:	97fffb87 	bl	407f9c <_ZSt8__fill_aIPmmEvT_S1_RKT0_>
  409184:	f94013e0 	ldr	x0, [sp, #32]
  409188:	d37df000 	lsl	x0, x0, #3
  40918c:	f94017e1 	ldr	x1, [sp, #40]
  409190:	8b000020 	add	x0, x1, x0
  409194:	a8c37bfd 	ldp	x29, x30, [sp], #48
  409198:	d65f03c0 	ret

000000000040919c <_ZSt4copyISt13move_iteratorIPmES1_ET0_T_S4_S3_>:
  40919c:	a9bc7bfd 	stp	x29, x30, [sp, #-64]!
  4091a0:	910003fd 	mov	x29, sp
  4091a4:	f9000bf3 	str	x19, [sp, #16]
  4091a8:	f9001fe0 	str	x0, [sp, #56]
  4091ac:	f9001be1 	str	x1, [sp, #48]
  4091b0:	f90017e2 	str	x2, [sp, #40]
  4091b4:	f9401fe0 	ldr	x0, [sp, #56]
  4091b8:	940000bb 	bl	4094a4 <_ZSt12__miter_baseIPmEDTcl12__miter_basecldtfp_4baseEEESt13move_iteratorIT_E>
  4091bc:	aa0003f3 	mov	x19, x0
  4091c0:	f9401be0 	ldr	x0, [sp, #48]
  4091c4:	940000b8 	bl	4094a4 <_ZSt12__miter_baseIPmEDTcl12__miter_basecldtfp_4baseEEESt13move_iteratorIT_E>
  4091c8:	f94017e2 	ldr	x2, [sp, #40]
  4091cc:	aa0003e1 	mov	x1, x0
  4091d0:	aa1303e0 	mov	x0, x19
  4091d4:	940000bc 	bl	4094c4 <_ZSt13__copy_move_aILb1EPmS0_ET1_T0_S2_S1_>
  4091d8:	f9400bf3 	ldr	x19, [sp, #16]
  4091dc:	a8c47bfd 	ldp	x29, x30, [sp], #64
  4091e0:	d65f03c0 	ret

00000000004091e4 <_ZNSt20__copy_move_backwardILb1ELb1ESt26random_access_iterator_tagE13__copy_move_bImEEPT_PKS3_S6_S4_>:
  4091e4:	a9bc7bfd 	stp	x29, x30, [sp, #-64]!
  4091e8:	910003fd 	mov	x29, sp
  4091ec:	f90017e0 	str	x0, [sp, #40]
  4091f0:	f90013e1 	str	x1, [sp, #32]
  4091f4:	f9000fe2 	str	x2, [sp, #24]
  4091f8:	f94013e1 	ldr	x1, [sp, #32]
  4091fc:	f94017e0 	ldr	x0, [sp, #40]
  409200:	cb000020 	sub	x0, x1, x0
  409204:	9343fc00 	asr	x0, x0, #3
  409208:	f9001fe0 	str	x0, [sp, #56]
  40920c:	f9401fe0 	ldr	x0, [sp, #56]
  409210:	f100001f 	cmp	x0, #0x0
  409214:	54000180 	b.eq	409244 <_ZNSt20__copy_move_backwardILb1ELb1ESt26random_access_iterator_tagE13__copy_move_bImEEPT_PKS3_S6_S4_+0x60>  // b.none
  409218:	f9401fe0 	ldr	x0, [sp, #56]
  40921c:	d37df000 	lsl	x0, x0, #3
  409220:	cb0003e0 	neg	x0, x0
  409224:	f9400fe1 	ldr	x1, [sp, #24]
  409228:	8b000023 	add	x3, x1, x0
  40922c:	f9401fe0 	ldr	x0, [sp, #56]
  409230:	d37df000 	lsl	x0, x0, #3
  409234:	aa0003e2 	mov	x2, x0
  409238:	f94017e1 	ldr	x1, [sp, #40]
  40923c:	aa0303e0 	mov	x0, x3
  409240:	97ffe258 	bl	401ba0 <memmove@plt>
  409244:	f9401fe0 	ldr	x0, [sp, #56]
  409248:	d37df000 	lsl	x0, x0, #3
  40924c:	cb0003e0 	neg	x0, x0
  409250:	f9400fe1 	ldr	x1, [sp, #24]
  409254:	8b000020 	add	x0, x1, x0
  409258:	a8c47bfd 	ldp	x29, x30, [sp], #64
  40925c:	d65f03c0 	ret

0000000000409260 <_ZSt13__adjust_heapIN9__gnu_cxx17__normal_iteratorIPmSt6vectorImSaImEEEElmNS0_5__ops15_Iter_less_iterEEvT_T0_SA_T1_T2_>:
  409260:	a9b77bfd 	stp	x29, x30, [sp, #-144]!
  409264:	910003fd 	mov	x29, sp
  409268:	a90153f3 	stp	x19, x20, [sp, #16]
  40926c:	f90027e0 	str	x0, [sp, #72]
  409270:	f90023e1 	str	x1, [sp, #64]
  409274:	f9001fe2 	str	x2, [sp, #56]
  409278:	f9001be3 	str	x3, [sp, #48]
  40927c:	3900a3e4 	strb	w4, [sp, #40]
  409280:	f94023e0 	ldr	x0, [sp, #64]
  409284:	f90043e0 	str	x0, [sp, #128]
  409288:	f94023e0 	ldr	x0, [sp, #64]
  40928c:	f90047e0 	str	x0, [sp, #136]
  409290:	1400002b 	b	40933c <_ZSt13__adjust_heapIN9__gnu_cxx17__normal_iteratorIPmSt6vectorImSaImEEEElmNS0_5__ops15_Iter_less_iterEEvT_T0_SA_T1_T2_+0xdc>
  409294:	f94047e0 	ldr	x0, [sp, #136]
  409298:	91000400 	add	x0, x0, #0x1
  40929c:	d37ff800 	lsl	x0, x0, #1
  4092a0:	f90047e0 	str	x0, [sp, #136]
  4092a4:	910123e0 	add	x0, sp, #0x48
  4092a8:	f94047e1 	ldr	x1, [sp, #136]
  4092ac:	97fff24c 	bl	405bdc <_ZNK9__gnu_cxx17__normal_iteratorIPmSt6vectorImSaImEEEplEl>
  4092b0:	aa0003f3 	mov	x19, x0
  4092b4:	f94047e0 	ldr	x0, [sp, #136]
  4092b8:	d1000401 	sub	x1, x0, #0x1
  4092bc:	910123e0 	add	x0, sp, #0x48
  4092c0:	97fff247 	bl	405bdc <_ZNK9__gnu_cxx17__normal_iteratorIPmSt6vectorImSaImEEEplEl>
  4092c4:	aa0003e1 	mov	x1, x0
  4092c8:	9100a3e0 	add	x0, sp, #0x28
  4092cc:	aa0103e2 	mov	x2, x1
  4092d0:	aa1303e1 	mov	x1, x19
  4092d4:	97fffdf8 	bl	408ab4 <_ZNK9__gnu_cxx5__ops15_Iter_less_iterclINS_17__normal_iteratorIPmSt6vectorImSaImEEEES8_EEbT_T0_>
  4092d8:	12001c00 	and	w0, w0, #0xff
  4092dc:	7100001f 	cmp	w0, #0x0
  4092e0:	54000080 	b.eq	4092f0 <_ZSt13__adjust_heapIN9__gnu_cxx17__normal_iteratorIPmSt6vectorImSaImEEEElmNS0_5__ops15_Iter_less_iterEEvT_T0_SA_T1_T2_+0x90>  // b.none
  4092e4:	f94047e0 	ldr	x0, [sp, #136]
  4092e8:	d1000400 	sub	x0, x0, #0x1
  4092ec:	f90047e0 	str	x0, [sp, #136]
  4092f0:	910123e0 	add	x0, sp, #0x48
  4092f4:	f94047e1 	ldr	x1, [sp, #136]
  4092f8:	97fff239 	bl	405bdc <_ZNK9__gnu_cxx17__normal_iteratorIPmSt6vectorImSaImEEEplEl>
  4092fc:	f90033e0 	str	x0, [sp, #96]
  409300:	910183e0 	add	x0, sp, #0x60
  409304:	97fff012 	bl	40534c <_ZNK9__gnu_cxx17__normal_iteratorIPmSt6vectorImSaImEEEdeEv>
  409308:	97fff132 	bl	4057d0 <_ZSt4moveIRmEONSt16remove_referenceIT_E4typeEOS2_>
  40930c:	aa0003f3 	mov	x19, x0
  409310:	910123e0 	add	x0, sp, #0x48
  409314:	f94023e1 	ldr	x1, [sp, #64]
  409318:	97fff231 	bl	405bdc <_ZNK9__gnu_cxx17__normal_iteratorIPmSt6vectorImSaImEEEplEl>
  40931c:	f90037e0 	str	x0, [sp, #104]
  409320:	9101a3e0 	add	x0, sp, #0x68
  409324:	97fff00a 	bl	40534c <_ZNK9__gnu_cxx17__normal_iteratorIPmSt6vectorImSaImEEEdeEv>
  409328:	aa0003e1 	mov	x1, x0
  40932c:	f9400260 	ldr	x0, [x19]
  409330:	f9000020 	str	x0, [x1]
  409334:	f94047e0 	ldr	x0, [sp, #136]
  409338:	f90023e0 	str	x0, [sp, #64]
  40933c:	f9401fe0 	ldr	x0, [sp, #56]
  409340:	d1000400 	sub	x0, x0, #0x1
  409344:	d37ffc01 	lsr	x1, x0, #63
  409348:	8b000020 	add	x0, x1, x0
  40934c:	9341fc00 	asr	x0, x0, #1
  409350:	aa0003e1 	mov	x1, x0
  409354:	f94047e0 	ldr	x0, [sp, #136]
  409358:	eb01001f 	cmp	x0, x1
  40935c:	54fff9cb 	b.lt	409294 <_ZSt13__adjust_heapIN9__gnu_cxx17__normal_iteratorIPmSt6vectorImSaImEEEElmNS0_5__ops15_Iter_less_iterEEvT_T0_SA_T1_T2_+0x34>  // b.tstop
  409360:	f9401fe0 	ldr	x0, [sp, #56]
  409364:	92400000 	and	x0, x0, #0x1
  409368:	f100001f 	cmp	x0, #0x0
  40936c:	54000461 	b.ne	4093f8 <_ZSt13__adjust_heapIN9__gnu_cxx17__normal_iteratorIPmSt6vectorImSaImEEEElmNS0_5__ops15_Iter_less_iterEEvT_T0_SA_T1_T2_+0x198>  // b.any
  409370:	f9401fe0 	ldr	x0, [sp, #56]
  409374:	d1000800 	sub	x0, x0, #0x2
  409378:	d37ffc01 	lsr	x1, x0, #63
  40937c:	8b000020 	add	x0, x1, x0
  409380:	9341fc00 	asr	x0, x0, #1
  409384:	aa0003e1 	mov	x1, x0
  409388:	f94047e0 	ldr	x0, [sp, #136]
  40938c:	eb01001f 	cmp	x0, x1
  409390:	54000341 	b.ne	4093f8 <_ZSt13__adjust_heapIN9__gnu_cxx17__normal_iteratorIPmSt6vectorImSaImEEEElmNS0_5__ops15_Iter_less_iterEEvT_T0_SA_T1_T2_+0x198>  // b.any
  409394:	f94047e0 	ldr	x0, [sp, #136]
  409398:	91000400 	add	x0, x0, #0x1
  40939c:	d37ff800 	lsl	x0, x0, #1
  4093a0:	f90047e0 	str	x0, [sp, #136]
  4093a4:	f94047e0 	ldr	x0, [sp, #136]
  4093a8:	d1000401 	sub	x1, x0, #0x1
  4093ac:	910123e0 	add	x0, sp, #0x48
  4093b0:	97fff20b 	bl	405bdc <_ZNK9__gnu_cxx17__normal_iteratorIPmSt6vectorImSaImEEEplEl>
  4093b4:	f9003be0 	str	x0, [sp, #112]
  4093b8:	9101c3e0 	add	x0, sp, #0x70
  4093bc:	97ffefe4 	bl	40534c <_ZNK9__gnu_cxx17__normal_iteratorIPmSt6vectorImSaImEEEdeEv>
  4093c0:	97fff104 	bl	4057d0 <_ZSt4moveIRmEONSt16remove_referenceIT_E4typeEOS2_>
  4093c4:	aa0003f3 	mov	x19, x0
  4093c8:	910123e0 	add	x0, sp, #0x48
  4093cc:	f94023e1 	ldr	x1, [sp, #64]
  4093d0:	97fff203 	bl	405bdc <_ZNK9__gnu_cxx17__normal_iteratorIPmSt6vectorImSaImEEEplEl>
  4093d4:	f9003fe0 	str	x0, [sp, #120]
  4093d8:	9101e3e0 	add	x0, sp, #0x78
  4093dc:	97ffefdc 	bl	40534c <_ZNK9__gnu_cxx17__normal_iteratorIPmSt6vectorImSaImEEEdeEv>
  4093e0:	aa0003e1 	mov	x1, x0
  4093e4:	f9400260 	ldr	x0, [x19]
  4093e8:	f9000020 	str	x0, [x1]
  4093ec:	f94047e0 	ldr	x0, [sp, #136]
  4093f0:	d1000400 	sub	x0, x0, #0x1
  4093f4:	f90023e0 	str	x0, [sp, #64]
  4093f8:	9100a3e0 	add	x0, sp, #0x28
  4093fc:	9400004a 	bl	409524 <_ZSt4moveIRN9__gnu_cxx5__ops15_Iter_less_iterEEONSt16remove_referenceIT_E4typeEOS5_>
  409400:	910163e0 	add	x0, sp, #0x58
  409404:	2a1403e1 	mov	w1, w20
  409408:	97ffed52 	bl	404950 <_ZN9__gnu_cxx5__ops14_Iter_less_valC1ENS0_15_Iter_less_iterE>
  40940c:	9100c3e0 	add	x0, sp, #0x30
  409410:	97fff0f0 	bl	4057d0 <_ZSt4moveIRmEONSt16remove_referenceIT_E4typeEOS2_>
  409414:	f9400000 	ldr	x0, [x0]
  409418:	910163e1 	add	x1, sp, #0x58
  40941c:	aa0103e4 	mov	x4, x1
  409420:	aa0003e3 	mov	x3, x0
  409424:	f94043e2 	ldr	x2, [sp, #128]
  409428:	f94023e1 	ldr	x1, [sp, #64]
  40942c:	f94027e0 	ldr	x0, [sp, #72]
  409430:	94000042 	bl	409538 <_ZSt11__push_heapIN9__gnu_cxx17__normal_iteratorIPmSt6vectorImSaImEEEElmNS0_5__ops14_Iter_less_valEEvT_T0_SA_T1_RT2_>
  409434:	d503201f 	nop
  409438:	a94153f3 	ldp	x19, x20, [sp, #16]
  40943c:	a8c97bfd 	ldp	x29, x30, [sp], #144
  409440:	d65f03c0 	ret

0000000000409444 <_ZSt13__copy_move_aILb0EN9__gnu_cxx17__normal_iteratorIPKmSt6vectorImSaImEEEEPmET1_T0_SA_S9_>:
  409444:	a9bc7bfd 	stp	x29, x30, [sp, #-64]!
  409448:	910003fd 	mov	x29, sp
  40944c:	a90153f3 	stp	x19, x20, [sp, #16]
  409450:	f9001fe0 	str	x0, [sp, #56]
  409454:	f9001be1 	str	x1, [sp, #48]
  409458:	f90017e2 	str	x2, [sp, #40]
  40945c:	f9401fe0 	ldr	x0, [sp, #56]
  409460:	97fffbca 	bl	408388 <_ZSt12__niter_baseIPKmSt6vectorImSaImEEET_N9__gnu_cxx17__normal_iteratorIS5_T0_EE>
  409464:	aa0003f3 	mov	x19, x0
  409468:	f9401be0 	ldr	x0, [sp, #48]
  40946c:	97fffbc7 	bl	408388 <_ZSt12__niter_baseIPKmSt6vectorImSaImEEET_N9__gnu_cxx17__normal_iteratorIS5_T0_EE>
  409470:	aa0003f4 	mov	x20, x0
  409474:	f94017e0 	ldr	x0, [sp, #40]
  409478:	97fffbf4 	bl	408448 <_ZSt12__niter_baseIPmET_S1_>
  40947c:	aa0003e2 	mov	x2, x0
  409480:	aa1403e1 	mov	x1, x20
  409484:	aa1303e0 	mov	x0, x19
  409488:	97fffbd0 	bl	4083c8 <_ZSt14__copy_move_a1ILb0EPKmPmET1_T0_S4_S3_>
  40948c:	aa0003e1 	mov	x1, x0
  409490:	9100a3e0 	add	x0, sp, #0x28
  409494:	97fffbfd 	bl	408488 <_ZSt12__niter_wrapIPmET_RKS1_S1_>
  409498:	a94153f3 	ldp	x19, x20, [sp, #16]
  40949c:	a8c47bfd 	ldp	x29, x30, [sp], #64
  4094a0:	d65f03c0 	ret

00000000004094a4 <_ZSt12__miter_baseIPmEDTcl12__miter_basecldtfp_4baseEEESt13move_iteratorIT_E>:
  4094a4:	a9be7bfd 	stp	x29, x30, [sp, #-32]!
  4094a8:	910003fd 	mov	x29, sp
  4094ac:	f9000fe0 	str	x0, [sp, #24]
  4094b0:	910063e0 	add	x0, sp, #0x18
  4094b4:	9400006d 	bl	409668 <_ZNKSt13move_iteratorIPmE4baseEv>
  4094b8:	97fff8d9 	bl	40781c <_ZSt12__miter_baseIPmET_S1_>
  4094bc:	a8c27bfd 	ldp	x29, x30, [sp], #32
  4094c0:	d65f03c0 	ret

00000000004094c4 <_ZSt13__copy_move_aILb1EPmS0_ET1_T0_S2_S1_>:
  4094c4:	a9bc7bfd 	stp	x29, x30, [sp, #-64]!
  4094c8:	910003fd 	mov	x29, sp
  4094cc:	a90153f3 	stp	x19, x20, [sp, #16]
  4094d0:	f9001fe0 	str	x0, [sp, #56]
  4094d4:	f9001be1 	str	x1, [sp, #48]
  4094d8:	f90017e2 	str	x2, [sp, #40]
  4094dc:	f9401fe0 	ldr	x0, [sp, #56]
  4094e0:	97fffbda 	bl	408448 <_ZSt12__niter_baseIPmET_S1_>
  4094e4:	aa0003f3 	mov	x19, x0
  4094e8:	f9401be0 	ldr	x0, [sp, #48]
  4094ec:	97fffbd7 	bl	408448 <_ZSt12__niter_baseIPmET_S1_>
  4094f0:	aa0003f4 	mov	x20, x0
  4094f4:	f94017e0 	ldr	x0, [sp, #40]
  4094f8:	97fffbd4 	bl	408448 <_ZSt12__niter_baseIPmET_S1_>
  4094fc:	aa0003e2 	mov	x2, x0
  409500:	aa1403e1 	mov	x1, x20
  409504:	aa1303e0 	mov	x0, x19
  409508:	9400005e 	bl	409680 <_ZSt14__copy_move_a1ILb1EPmS0_ET1_T0_S2_S1_>
  40950c:	aa0003e1 	mov	x1, x0
  409510:	9100a3e0 	add	x0, sp, #0x28
  409514:	97fffbdd 	bl	408488 <_ZSt12__niter_wrapIPmET_RKS1_S1_>
  409518:	a94153f3 	ldp	x19, x20, [sp, #16]
  40951c:	a8c47bfd 	ldp	x29, x30, [sp], #64
  409520:	d65f03c0 	ret

0000000000409524 <_ZSt4moveIRN9__gnu_cxx5__ops15_Iter_less_iterEEONSt16remove_referenceIT_E4typeEOS5_>:
  409524:	d10043ff 	sub	sp, sp, #0x10
  409528:	f90007e0 	str	x0, [sp, #8]
  40952c:	f94007e0 	ldr	x0, [sp, #8]
  409530:	910043ff 	add	sp, sp, #0x10
  409534:	d65f03c0 	ret

0000000000409538 <_ZSt11__push_heapIN9__gnu_cxx17__normal_iteratorIPmSt6vectorImSaImEEEElmNS0_5__ops14_Iter_less_valEEvT_T0_SA_T1_RT2_>:
  409538:	a9b97bfd 	stp	x29, x30, [sp, #-112]!
  40953c:	910003fd 	mov	x29, sp
  409540:	f9000bf3 	str	x19, [sp, #16]
  409544:	f90027e0 	str	x0, [sp, #72]
  409548:	f90023e1 	str	x1, [sp, #64]
  40954c:	f9001fe2 	str	x2, [sp, #56]
  409550:	f9001be3 	str	x3, [sp, #48]
  409554:	f90017e4 	str	x4, [sp, #40]
  409558:	f94023e0 	ldr	x0, [sp, #64]
  40955c:	d1000400 	sub	x0, x0, #0x1
  409560:	d37ffc01 	lsr	x1, x0, #63
  409564:	8b000020 	add	x0, x1, x0
  409568:	9341fc00 	asr	x0, x0, #1
  40956c:	f90037e0 	str	x0, [sp, #104]
  409570:	1400001a 	b	4095d8 <_ZSt11__push_heapIN9__gnu_cxx17__normal_iteratorIPmSt6vectorImSaImEEEElmNS0_5__ops14_Iter_less_valEEvT_T0_SA_T1_RT2_+0xa0>
  409574:	910123e0 	add	x0, sp, #0x48
  409578:	f94037e1 	ldr	x1, [sp, #104]
  40957c:	97fff198 	bl	405bdc <_ZNK9__gnu_cxx17__normal_iteratorIPmSt6vectorImSaImEEEplEl>
  409580:	f9002be0 	str	x0, [sp, #80]
  409584:	910143e0 	add	x0, sp, #0x50
  409588:	97ffef71 	bl	40534c <_ZNK9__gnu_cxx17__normal_iteratorIPmSt6vectorImSaImEEEdeEv>
  40958c:	97fff091 	bl	4057d0 <_ZSt4moveIRmEONSt16remove_referenceIT_E4typeEOS2_>
  409590:	aa0003f3 	mov	x19, x0
  409594:	910123e0 	add	x0, sp, #0x48
  409598:	f94023e1 	ldr	x1, [sp, #64]
  40959c:	97fff190 	bl	405bdc <_ZNK9__gnu_cxx17__normal_iteratorIPmSt6vectorImSaImEEEplEl>
  4095a0:	f9002fe0 	str	x0, [sp, #88]
  4095a4:	910163e0 	add	x0, sp, #0x58
  4095a8:	97ffef69 	bl	40534c <_ZNK9__gnu_cxx17__normal_iteratorIPmSt6vectorImSaImEEEdeEv>
  4095ac:	aa0003e1 	mov	x1, x0
  4095b0:	f9400260 	ldr	x0, [x19]
  4095b4:	f9000020 	str	x0, [x1]
  4095b8:	f94037e0 	ldr	x0, [sp, #104]
  4095bc:	f90023e0 	str	x0, [sp, #64]
  4095c0:	f94023e0 	ldr	x0, [sp, #64]
  4095c4:	d1000400 	sub	x0, x0, #0x1
  4095c8:	d37ffc01 	lsr	x1, x0, #63
  4095cc:	8b000020 	add	x0, x1, x0
  4095d0:	9341fc00 	asr	x0, x0, #1
  4095d4:	f90037e0 	str	x0, [sp, #104]
  4095d8:	f94023e1 	ldr	x1, [sp, #64]
  4095dc:	f9401fe0 	ldr	x0, [sp, #56]
  4095e0:	eb00003f 	cmp	x1, x0
  4095e4:	540001cd 	b.le	40961c <_ZSt11__push_heapIN9__gnu_cxx17__normal_iteratorIPmSt6vectorImSaImEEEElmNS0_5__ops14_Iter_less_valEEvT_T0_SA_T1_RT2_+0xe4>
  4095e8:	910123e0 	add	x0, sp, #0x48
  4095ec:	f94037e1 	ldr	x1, [sp, #104]
  4095f0:	97fff17b 	bl	405bdc <_ZNK9__gnu_cxx17__normal_iteratorIPmSt6vectorImSaImEEEplEl>
  4095f4:	aa0003e1 	mov	x1, x0
  4095f8:	9100c3e0 	add	x0, sp, #0x30
  4095fc:	aa0003e2 	mov	x2, x0
  409600:	f94017e0 	ldr	x0, [sp, #40]
  409604:	9400002a 	bl	4096ac <_ZNK9__gnu_cxx5__ops14_Iter_less_valclINS_17__normal_iteratorIPmSt6vectorImSaImEEEEmEEbT_RT0_>
  409608:	12001c00 	and	w0, w0, #0xff
  40960c:	7100001f 	cmp	w0, #0x0
  409610:	54000060 	b.eq	40961c <_ZSt11__push_heapIN9__gnu_cxx17__normal_iteratorIPmSt6vectorImSaImEEEElmNS0_5__ops14_Iter_less_valEEvT_T0_SA_T1_RT2_+0xe4>  // b.none
  409614:	52800020 	mov	w0, #0x1                   	// #1
  409618:	14000002 	b	409620 <_ZSt11__push_heapIN9__gnu_cxx17__normal_iteratorIPmSt6vectorImSaImEEEElmNS0_5__ops14_Iter_less_valEEvT_T0_SA_T1_RT2_+0xe8>
  40961c:	52800000 	mov	w0, #0x0                   	// #0
  409620:	7100001f 	cmp	w0, #0x0
  409624:	54fffa81 	b.ne	409574 <_ZSt11__push_heapIN9__gnu_cxx17__normal_iteratorIPmSt6vectorImSaImEEEElmNS0_5__ops14_Iter_less_valEEvT_T0_SA_T1_RT2_+0x3c>  // b.any
  409628:	9100c3e0 	add	x0, sp, #0x30
  40962c:	97fff069 	bl	4057d0 <_ZSt4moveIRmEONSt16remove_referenceIT_E4typeEOS2_>
  409630:	aa0003f3 	mov	x19, x0
  409634:	910123e0 	add	x0, sp, #0x48
  409638:	f94023e1 	ldr	x1, [sp, #64]
  40963c:	97fff168 	bl	405bdc <_ZNK9__gnu_cxx17__normal_iteratorIPmSt6vectorImSaImEEEplEl>
  409640:	f90033e0 	str	x0, [sp, #96]
  409644:	910183e0 	add	x0, sp, #0x60
  409648:	97ffef41 	bl	40534c <_ZNK9__gnu_cxx17__normal_iteratorIPmSt6vectorImSaImEEEdeEv>
  40964c:	aa0003e1 	mov	x1, x0
  409650:	f9400260 	ldr	x0, [x19]
  409654:	f9000020 	str	x0, [x1]
  409658:	d503201f 	nop
  40965c:	f9400bf3 	ldr	x19, [sp, #16]
  409660:	a8c77bfd 	ldp	x29, x30, [sp], #112
  409664:	d65f03c0 	ret

0000000000409668 <_ZNKSt13move_iteratorIPmE4baseEv>:
  409668:	d10043ff 	sub	sp, sp, #0x10
  40966c:	f90007e0 	str	x0, [sp, #8]
  409670:	f94007e0 	ldr	x0, [sp, #8]
  409674:	f9400000 	ldr	x0, [x0]
  409678:	910043ff 	add	sp, sp, #0x10
  40967c:	d65f03c0 	ret

0000000000409680 <_ZSt14__copy_move_a1ILb1EPmS0_ET1_T0_S2_S1_>:
  409680:	a9bd7bfd 	stp	x29, x30, [sp, #-48]!
  409684:	910003fd 	mov	x29, sp
  409688:	f90017e0 	str	x0, [sp, #40]
  40968c:	f90013e1 	str	x1, [sp, #32]
  409690:	f9000fe2 	str	x2, [sp, #24]
  409694:	f9400fe2 	ldr	x2, [sp, #24]
  409698:	f94013e1 	ldr	x1, [sp, #32]
  40969c:	f94017e0 	ldr	x0, [sp, #40]
  4096a0:	94000012 	bl	4096e8 <_ZSt14__copy_move_a2ILb1EPmS0_ET1_T0_S2_S1_>
  4096a4:	a8c37bfd 	ldp	x29, x30, [sp], #48
  4096a8:	d65f03c0 	ret

00000000004096ac <_ZNK9__gnu_cxx5__ops14_Iter_less_valclINS_17__normal_iteratorIPmSt6vectorImSaImEEEEmEEbT_RT0_>:
  4096ac:	a9bd7bfd 	stp	x29, x30, [sp, #-48]!
  4096b0:	910003fd 	mov	x29, sp
  4096b4:	f90017e0 	str	x0, [sp, #40]
  4096b8:	f90013e1 	str	x1, [sp, #32]
  4096bc:	f9000fe2 	str	x2, [sp, #24]
  4096c0:	910083e0 	add	x0, sp, #0x20
  4096c4:	97ffef22 	bl	40534c <_ZNK9__gnu_cxx17__normal_iteratorIPmSt6vectorImSaImEEEdeEv>
  4096c8:	f9400001 	ldr	x1, [x0]
  4096cc:	f9400fe0 	ldr	x0, [sp, #24]
  4096d0:	f9400000 	ldr	x0, [x0]
  4096d4:	eb00003f 	cmp	x1, x0
  4096d8:	1a9f27e0 	cset	w0, cc  // cc = lo, ul, last
  4096dc:	12001c00 	and	w0, w0, #0xff
  4096e0:	a8c37bfd 	ldp	x29, x30, [sp], #48
  4096e4:	d65f03c0 	ret

00000000004096e8 <_ZSt14__copy_move_a2ILb1EPmS0_ET1_T0_S2_S1_>:
  4096e8:	a9bd7bfd 	stp	x29, x30, [sp, #-48]!
  4096ec:	910003fd 	mov	x29, sp
  4096f0:	f90017e0 	str	x0, [sp, #40]
  4096f4:	f90013e1 	str	x1, [sp, #32]
  4096f8:	f9000fe2 	str	x2, [sp, #24]
  4096fc:	f9400fe2 	ldr	x2, [sp, #24]
  409700:	f94013e1 	ldr	x1, [sp, #32]
  409704:	f94017e0 	ldr	x0, [sp, #40]
  409708:	94000003 	bl	409714 <_ZNSt11__copy_moveILb1ELb1ESt26random_access_iterator_tagE8__copy_mImEEPT_PKS3_S6_S4_>
  40970c:	a8c37bfd 	ldp	x29, x30, [sp], #48
  409710:	d65f03c0 	ret

0000000000409714 <_ZNSt11__copy_moveILb1ELb1ESt26random_access_iterator_tagE8__copy_mImEEPT_PKS3_S6_S4_>:
  409714:	a9bc7bfd 	stp	x29, x30, [sp, #-64]!
  409718:	910003fd 	mov	x29, sp
  40971c:	f90017e0 	str	x0, [sp, #40]
  409720:	f90013e1 	str	x1, [sp, #32]
  409724:	f9000fe2 	str	x2, [sp, #24]
  409728:	f94013e1 	ldr	x1, [sp, #32]
  40972c:	f94017e0 	ldr	x0, [sp, #40]
  409730:	cb000020 	sub	x0, x1, x0
  409734:	9343fc00 	asr	x0, x0, #3
  409738:	f9001fe0 	str	x0, [sp, #56]
  40973c:	f9401fe0 	ldr	x0, [sp, #56]
  409740:	f100001f 	cmp	x0, #0x0
  409744:	540000e0 	b.eq	409760 <_ZNSt11__copy_moveILb1ELb1ESt26random_access_iterator_tagE8__copy_mImEEPT_PKS3_S6_S4_+0x4c>  // b.none
  409748:	f9401fe0 	ldr	x0, [sp, #56]
  40974c:	d37df000 	lsl	x0, x0, #3
  409750:	aa0003e2 	mov	x2, x0
  409754:	f94017e1 	ldr	x1, [sp, #40]
  409758:	f9400fe0 	ldr	x0, [sp, #24]
  40975c:	97ffe111 	bl	401ba0 <memmove@plt>
  409760:	f9401fe0 	ldr	x0, [sp, #56]
  409764:	d37df000 	lsl	x0, x0, #3
  409768:	f9400fe1 	ldr	x1, [sp, #24]
  40976c:	8b000020 	add	x0, x1, x0
  409770:	a8c47bfd 	ldp	x29, x30, [sp], #64
  409774:	d65f03c0 	ret

Disassembly of section .fini:

0000000000409778 <_fini>:
  409778:	d503201f 	nop
  40977c:	a9bf7bfd 	stp	x29, x30, [sp, #-16]!
  409780:	910003fd 	mov	x29, sp
  409784:	a8c17bfd 	ldp	x29, x30, [sp], #16
  409788:	d65f03c0 	ret
