trial,reload_ticks,classified_evicted
0,102,0
1,102,0
2,96,0
3,104,0
4,102,0
5,96,0
6,96,0
7,96,0
8,96,0
9,94,0
10,94,0
11,100,0
12,96,0
13,96,0
14,94,0
15,96,0
16,98,0
17,96,0
18,100,0
19,96,0
20,94,0
21,96,0
22,94,0
23,100,0
24,94,0
25,94,0
26,96,0
27,94,0
28,94,0
29,104,0
30,102,0
31,106,0
32,102,0
33,102,0
34,102,0
35,102,0
36,104,0
37,100,0
38,104,0
39,104,0
40,104,0
41,100,0
42,96,0
43,102,0
44,102,0
45,104,0
46,104,0
47,102,0
48,108,0
49,102,0
50,102,0
51,104,0
52,104,0
53,102,0
54,102,0
55,102,0
56,102,0
57,106,0
58,102,0
59,104,0
60,102,0
61,102,0
62,102,0
63,102,0
64,96,0
65,96,0
66,96,0
67,94,0
68,96,0
69,96,0
70,96,0
71,94,0
72,96,0
73,94,0
74,94,0
75,96,0
76,96,0
77,100,0
78,96,0
79,96,0
80,100,0
81,96,0
82,94,0
83,94,0
84,96,0
85,96,0
86,96,0
87,92,0
88,96,0
89,92,0
90,96,0
91,98,0
92,96,0
93,96,0
94,96,0
95,96,0
96,94,0
97,96,0
98,96,0
99,96,0
100,96,0
101,96,0
102,96,0
103,96,0
104,94,0
105,96,0
106,96,0
107,94,0
108,96,0
109,94,0
110,94,0
111,96,0
112,96,0
113,96,0
114,94,0
115,94,0
116,96,0
117,96,0
118,96,0
119,94,0
120,96,0
121,94,0
122,94,0
123,96,0
124,94,0
125,94,0
126,96,0
127,96,0
128,96,0
129,96,0
130,96,0
131,94,0
132,100,0
133,96,0
134,94,0
135,96,0
136,96,0
137,96,0
138,96,0
139,96,0
140,94,0
141,96,0
142,96,0
143,94,0
144,96,0
145,94,0
146,100,0
147,96,0
148,96,0
149,96,0
150,94,0
151,96,0
152,96,0
153,96,0
154,96,0
155,96,0
156,96,0
157,96,0
158,96,0
159,96,0
160,96,0
161,96,0
162,94,0
163,98,0
164,94,0
165,94,0
166,96,0
167,96,0
168,98,0
169,96,0
170,98,0
171,96,0
172,96,0
173,98,0
174,96,0
175,98,0
176,96,0
177,96,0
178,96,0
179,94,0
180,98,0
181,94,0
182,96,0
183,96,0
184,96,0
185,96,0
186,94,0
187,96,0
188,96,0
189,96,0
190,96,0
191,96,0
192,100,0
193,96,0
194,96,0
195,96,0
196,96,0
197,100,0
198,94,0
199,94,0
200,96,0
201,94,0
202,94,0
203,96,0
204,94,0
205,100,0
206,98,0
207,94,0
208,98,0
209,92,0
210,96,0
211,92,0
212,96,0
213,94,0
214,102,0
215,96,0
216,94,0
217,98,0
218,94,0
219,94,0
220,94,0
221,96,0
222,98,0
223,96,0
224,94,0
225,94,0
226,96,0
227,96,0
228,96,0
229,96,0
230,100,0
231,96,0
232,96,0
233,96,0
234,96,0
235,96,0
236,96,0
237,96,0
238,96,0
239,94,0
240,96,0
241,96,0
242,94,0
243,96,0
244,96,0
245,96,0
246,96,0
247,96,0
248,96,0
249,96,0
250,96,0
251,94,0
252,96,0
253,94,0
254,96,0
255,100,0
256,94,0
257,100,0
258,96,0
259,98,0
260,94,0
261,94,0
262,94,0
263,98,0
264,94,0
265,94,0
266,104,0
267,104,0
268,102,0
269,102,0
270,102,0
271,108,0
272,104,0
273,96,0
274,106,0
275,104,0
276,94,0
277,98,0
278,96,0
279,96,0
280,94,0
281,96,0
282,98,0
283,96,0
284,94,0
285,96,0
286,100,0
287,96,0
288,96,0
289,94,0
290,96,0
291,96,0
292,96,0
293,98,0
294,98,0
295,96,0
296,96,0
297,94,0
298,96,0
299,94,0
300,96,0
301,94,0
302,96,0
303,96,0
304,94,0
305,96,0
306,96,0
307,94,0
308,96,0
309,96,0
310,96,0
311,94,0
312,96,0
313,96,0
314,96,0
315,94,0
316,96,0
317,94,0
318,94,0
319,94,0
320,100,0
321,94,0
322,96,0
323,100,0
324,94,0
325,94,0
326,96,0
327,96,0
328,96,0
329,96,0
330,96,0
331,94,0
332,94,0
333,94,0
334,96,0
335,96,0
336,98,0
337,98,0
338,98,0
339,96,0
340,94,0
341,94,0
342,98,0
343,98,0
344,96,0
345,96,0
346,94,0
347,96,0
348,98,0
349,96,0
350,96,0
351,96,0
352,96,0
353,94,0
354,94,0
355,96,0
356,96,0
357,96,0
358,92,0
359,96,0
360,96,0
361,96,0
362,96,0
363,96,0
364,96,0
365,94,0
366,98,0
367,94,0
368,96,0
369,96,0
370,96,0
371,94,0
372,96,0
373,92,0
374,94,0
375,100,0
376,104,0
377,94,0
378,104,0
379,102,0
380,104,0
381,104,0
382,100,0
383,102,0
384,104,0
385,102,0
386,106,0
387,104,0
388,100,0
389,102,0
390,102,0
391,104,0
392,104,0
393,100,0
394,102,0
395,102,0
396,100,0
397,106,0
398,102,0
399,104,0
400,104,0
401,102,0
402,98,0
403,94,0
404,100,0
405,102,0
406,102,0
407,102,0
408,104,0
409,104,0
410,102,0
411,96,0
412,102,0
413,104,0
414,102,0
415,102,0
416,104,0
417,102,0
418,102,0
419,102,0
420,102,0
421,102,0
422,102,0
423,94,0
424,102,0
425,102,0
426,100,0
427,106,0
428,104,0
429,102,0
430,98,0
431,102,0
432,96,0
433,94,0
434,102,0
435,102,0
436,104,0
437,102,0
438,102,0
439,102,0
440,102,0
441,100,0
442,102,0
443,102,0
444,102,0
445,102,0
446,102,0
447,100,0
448,104,0
449,94,0
450,100,0
451,100,0
452,98,0
453,104,0
454,96,0
455,102,0
456,102,0
457,102,0
458,108,0
459,102,0
460,102,0
461,102,0
462,102,0
463,100,0
464,102,0
465,102,0
466,100,0
467,104,0
468,102,0
469,102,0
470,102,0
471,102,0
472,96,0
473,104,0
474,104,0
475,102,0
476,104,0
477,98,0
478,102,0
479,102,0
480,102,0
481,102,0
482,102,0
483,102,0
484,102,0
485,100,0
486,100,0
487,102,0
488,102,0
489,102,0
490,98,0
491,102,0
492,100,0
493,102,0
494,102,0
495,102,0
496,102,0
497,100,0
498,102,0
499,102,0
500,94,0
501,100,0
502,106,0
503,102,0
504,106,0
505,106,0
506,106,0
507,102,0
508,104,0
509,102,0
510,96,0
511,100,0
512,102,0
513,102,0
514,104,0
515,96,0
516,104,0
517,94,0
518,104,0
519,96,0
520,96,0
521,96,0
522,92,0
523,96,0
524,96,0
525,100,0
526,96,0
527,94,0
528,96,0
529,92,0
530,96,0
531,94,0
532,96,0
533,94,0
534,96,0
535,96,0
536,96,0
537,96,0
538,96,0
539,94,0
540,96,0
541,96,0
542,96,0
543,96,0
544,96,0
545,96,0
546,94,0
547,94,0
548,96,0
549,94,0
550,96,0
551,96,0
552,100,0
553,96,0
554,96,0
555,94,0
556,96,0
557,94,0
558,98,0
559,96,0
560,94,0
561,96,0
562,100,0
563,96,0
564,100,0
565,94,0
566,94,0
567,96,0
568,94,0
569,96,0
570,96,0
571,96,0
572,96,0
573,96,0
574,96,0
575,96,0
576,96,0
577,98,0
578,94,0
579,98,0
580,96,0
581,96,0
582,94,0
583,96,0
584,96,0
585,96,0
586,94,0
587,94,0
588,96,0
589,96,0
590,96,0
591,96,0
592,102,0
593,104,0
594,102,0
595,102,0
596,102,0
597,102,0
598,102,0
599,104,0
600,104,0
601,104,0
602,102,0
603,104,0
604,102,0
605,102,0
606,102,0
607,102,0
608,102,0
609,106,0
610,98,0
611,104,0
612,106,0
613,102,0
614,102,0
615,102,0
616,102,0
617,96,0
618,102,0
619,96,0
620,94,0
621,104,0
622,96,0
623,96,0
624,96,0
625,100,0
626,98,0
627,94,0
628,104,0
629,102,0
630,108,0
631,96,0
632,106,0
633,104,0
634,96,0
635,102,0
636,106,0
637,102,0
638,102,0
639,96,0
640,104,0
641,100,0
642,100,0
643,102,0
644,108,0
645,102,0
646,98,0
647,102,0
648,96,0
649,96,0
650,100,0
651,94,0
652,96,0
653,102,0
654,96,0
655,94,0
656,96,0
657,96,0
658,94,0
659,104,0
660,96,0
661,108,0
662,102,0
663,104,0
664,102,0
665,96,0
666,96,0
667,96,0
668,106,0
669,98,0
670,104,0
671,96,0
672,102,0
673,94,0
674,96,0
675,96,0
676,96,0
677,96,0
678,96,0
679,96,0
680,96,0
681,96,0
682,96,0
683,96,0
684,96,0
685,100,0
686,100,0
687,96,0
688,96,0
689,96,0
690,100,0
691,96,0
692,96,0
693,96,0
694,96,0
695,96,0
696,96,0
697,96,0
698,96,0
699,96,0
700,96,0
701,94,0
702,96,0
703,96,0
704,96,0
705,96,0
706,96,0
707,96,0
708,96,0
709,96,0
710,94,0
711,96,0
712,96,0
713,96,0
714,96,0
715,96,0
716,96,0
717,96,0
718,100,0
719,96,0
720,104,0
721,102,0
722,106,0
723,102,0
724,102,0
725,102,0
726,96,0
727,104,0
728,100,0
729,94,0
730,96,0
731,96,0
732,96,0
733,98,0
734,96,0
735,96,0
736,96,0
737,96,0
738,96,0
739,94,0
740,96,0
741,96,0
742,96,0
743,98,0
744,96,0
745,96,0
746,96,0
747,96,0
748,96,0
749,92,0
750,96,0
751,96,0
752,96,0
753,96,0
754,96,0
755,96,0
756,94,0
757,96,0
758,96,0
759,96,0
760,96,0
761,96,0
762,96,0
763,96,0
764,96,0
765,96,0
766,96,0
767,96,0
768,94,0
769,100,0
770,102,0
771,96,0
772,102,0
773,96,0
774,104,0
775,104,0
776,104,0
777,102,0
778,102,0
779,102,0
780,102,0
781,102,0
782,100,0
783,102,0
784,102,0
785,106,0
786,102,0
787,102,0
788,100,0
789,102,0
790,100,0
791,104,0
792,100,0
793,104,0
794,100,0
795,106,0
796,102,0
797,96,0
798,104,0
799,96,0
800,96,0
801,104,0
802,102,0
803,104,0
804,102,0
805,104,0
806,104,0
807,102,0
808,106,0
809,102,0
810,102,0
811,104,0
812,104,0
813,102,0
814,104,0
815,104,0
816,104,0
817,102,0
818,102,0
819,104,0
820,100,0
821,102,0
822,102,0
823,104,0
824,104,0
825,102,0
826,104,0
827,104,0
828,104,0
829,102,0
830,106,0
831,98,0
832,102,0
833,96,0
834,102,0
835,102,0
836,104,0
837,102,0
838,102,0
839,106,0
840,102,0
841,102,0
842,104,0
843,102,0
844,104,0
845,100,0
846,104,0
847,104,0
848,100,0
849,108,0
850,106,0
851,104,0
852,104,0
853,104,0
854,106,0
855,104,0
856,104,0
857,104,0
858,102,0
859,104,0
860,106,0
861,104,0
862,104,0
863,104,0
864,104,0
865,104,0
866,104,0
867,102,0
868,102,0
869,104,0
870,96,0
871,104,0
872,96,0
873,96,0
874,96,0
875,104,0
876,96,0
877,96,0
878,94,0
879,104,0
880,96,0
881,104,0
882,96,0
883,94,0
884,100,0
885,96,0
886,96,0
887,94,0
888,96,0
889,96,0
890,96,0
891,94,0
892,96,0
893,96,0
894,96,0
895,96,0
896,100,0
897,102,0
898,96,0
899,96,0
900,94,0
901,96,0
902,96,0
903,94,0
904,96,0
905,100,0
906,96,0
907,96,0
908,96,0
909,96,0
910,96,0
911,96,0
912,96,0
913,96,0
914,94,0
915,94,0
916,96,0
917,96,0
918,96,0
919,94,0
920,96,0
921,98,0
922,94,0
923,100,0
924,96,0
925,98,0
926,96,0
927,96,0
928,98,0
929,96,0
930,98,0
931,100,0
932,96,0
933,96,0
934,94,0
935,96,0
936,96,0
937,96,0
938,96,0
939,96,0
940,92,0
941,96,0
942,96,0
943,96,0
944,94,0
945,96,0
946,94,0
947,96,0
948,94,0
949,96,0
950,94,0
951,94,0
952,96,0
953,96,0
954,96,0
955,94,0
956,96,0
957,96,0
958,96,0
959,96,0
960,96,0
961,96,0
962,94,0
963,96,0
964,96,0
965,94,0
966,98,0
967,94,0
968,96,0
969,94,0
970,92,0
971,96,0
972,96,0
973,96,0
974,96,0
975,96,0
976,96,0
977,96,0
978,94,0
979,94,0
980,96,0
981,96,0
982,94,0
983,96,0
984,96,0
985,94,0
986,96,0
987,94,0
988,94,0
989,96,0
990,98,0
991,94,0
992,94,0
993,96,0
994,96,0
995,94,0
996,102,0
997,96,0
998,96,0
999,96,0
1000,96,0
1001,96,0
1002,100,0
1003,96,0
1004,96,0
1005,96,0
1006,94,0
1007,100,0
1008,96,0
1009,96,0
1010,96,0
1011,98,0
1012,96,0
1013,94,0
1014,98,0
1015,94,0
1016,96,0
1017,96,0
1018,96,0
1019,96,0
1020,98,0
1021,96,0
1022,100,0
1023,96,0
1024,94,0
1025,96,0
1026,96,0
1027,96,0
1028,96,0
1029,96,0
1030,94,0
1031,96,0
1032,96,0
1033,96,0
1034,96,0
1035,98,0
1036,96,0
1037,96,0
1038,96,0
1039,94,0
1040,96,0
1041,96,0
1042,98,0
1043,96,0
1044,94,0
1045,96,0
1046,96,0
1047,96,0
1048,98,0
1049,96,0
1050,98,0
1051,94,0
1052,96,0
1053,96,0
1054,94,0
1055,96,0
1056,96,0
1057,100,0
1058,96,0
1059,96,0
1060,94,0
1061,96,0
1062,102,0
1063,96,0
1064,94,0
1065,96,0
1066,94,0
1067,94,0
1068,96,0
1069,94,0
1070,96,0
1071,94,0
1072,94,0
1073,94,0
1074,100,0
1075,96,0
1076,96,0
1077,94,0
1078,96,0
1079,96,0
1080,100,0
1081,96,0
1082,96,0
1083,96,0
1084,94,0
1085,96,0
1086,94,0
1087,96,0
1088,96,0
1089,96,0
1090,96,0
1091,96,0
1092,96,0
1093,96,0
1094,96,0
1095,96,0
1096,98,0
1097,96,0
1098,92,0
1099,96,0
1100,96,0
1101,96,0
1102,96,0
1103,94,0
1104,96,0
1105,94,0
1106,96,0
1107,96,0
1108,96,0
1109,100,0
1110,94,0
1111,96,0
1112,102,0
1113,96,0
1114,96,0
1115,104,0
1116,102,0
1117,104,0
1118,96,0
1119,102,0
1120,102,0
1121,104,0
1122,102,0
1123,102,0
1124,102,0
1125,96,0
1126,102,0
1127,106,0
1128,94,0
1129,104,0
1130,102,0
1131,96,0
1132,104,0
1133,102,0
1134,104,0
1135,104,0
1136,102,0
1137,104,0
1138,96,0
1139,96,0
1140,94,0
1141,102,0
1142,94,0
1143,100,0
1144,96,0
1145,96,0
1146,104,0
1147,96,0
1148,96,0
1149,102,0
1150,96,0
1151,100,0
1152,100,0
1153,96,0
1154,94,0
1155,96,0
1156,96,0
1157,96,0
1158,96,0
1159,96,0
1160,92,0
1161,96,0
1162,94,0
1163,94,0
1164,98,0
1165,96,0
1166,96,0
1167,96,0
1168,94,0
1169,96,0
1170,96,0
1171,96,0
1172,96,0
1173,96,0
1174,98,0
1175,96,0
1176,96,0
1177,94,0
1178,94,0
1179,96,0
1180,96,0
1181,96,0
1182,96,0
1183,96,0
1184,96,0
1185,96,0
1186,96,0
1187,96,0
1188,94,0
1189,100,0
1190,96,0
1191,100,0
1192,94,0
1193,96,0
1194,96,0
1195,96,0
1196,94,0
1197,96,0
1198,96,0
1199,96,0
1200,94,0
1201,94,0
1202,96,0
1203,98,0
1204,96,0
1205,96,0
1206,96,0
1207,96,0
1208,96,0
1209,96,0
1210,96,0
1211,96,0
1212,96,0
1213,96,0
1214,96,0
1215,96,0
1216,100,0
1217,94,0
1218,96,0
1219,96,0
1220,94,0
1221,94,0
1222,96,0
1223,96,0
1224,96,0
1225,96,0
1226,94,0
1227,96,0
1228,96,0
1229,92,0
1230,98,0
1231,96,0
1232,96,0
1233,92,0
1234,96,0
1235,94,0
1236,96,0
1237,98,0
1238,96,0
1239,94,0
1240,94,0
1241,96,0
1242,92,0
1243,98,0
1244,96,0
1245,96,0
1246,96,0
1247,96,0
1248,94,0
1249,94,0
1250,94,0
1251,96,0
1252,96,0
1253,94,0
1254,96,0
1255,96,0
1256,96,0
1257,96,0
1258,96,0
1259,96,0
1260,96,0
1261,96,0
1262,94,0
1263,96,0
1264,96,0
1265,96,0
1266,94,0
1267,96,0
1268,96,0
1269,96,0
1270,96,0
1271,96,0
1272,96,0
1273,96,0
1274,96,0
1275,94,0
1276,96,0
1277,94,0
1278,96,0
1279,98,0
1280,96,0
1281,94,0
1282,96,0
1283,96,0
1284,96,0
1285,96,0
1286,96,0
1287,94,0
1288,96,0
1289,96,0
1290,100,0
1291,100,0
1292,96,0
1293,96,0
1294,100,0
1295,102,0
1296,102,0
1297,106,0
1298,102,0
1299,102,0
1300,102,0
1301,100,0
1302,104,0
1303,96,0
1304,100,0
1305,102,0
1306,104,0
1307,104,0
1308,104,0
1309,104,0
1310,96,0
1311,94,0
1312,96,0
1313,96,0
1314,96,0
1315,102,0
1316,94,0
1317,94,0
1318,104,0
1319,98,0
1320,104,0
1321,94,0
1322,94,0
1323,96,0
1324,96,0
1325,96,0
1326,98,0
1327,94,0
1328,96,0
1329,96,0
1330,96,0
1331,94,0
1332,94,0
1333,96,0
1334,96,0
1335,98,0
1336,94,0
1337,96,0
1338,94,0
1339,94,0
1340,96,0
1341,96,0
1342,94,0
1343,100,0
1344,96,0
1345,94,0
1346,96,0
1347,96,0
1348,96,0
1349,96,0
1350,96,0
1351,98,0
1352,96,0
1353,96,0
1354,94,0
1355,94,0
1356,96,0
1357,94,0
1358,96,0
1359,94,0
1360,96,0
1361,96,0
1362,96,0
1363,96,0
1364,96,0
1365,96,0
1366,96,0
1367,96,0
1368,96,0
1369,96,0
1370,96,0
1371,94,0
1372,96,0
1373,100,0
1374,96,0
1375,100,0
1376,96,0
1377,98,0
1378,96,0
1379,96,0
1380,96,0
1381,96,0
1382,96,0
1383,96,0
1384,96,0
1385,96,0
1386,96,0
1387,104,0
1388,94,0
1389,96,0
1390,96,0
1391,104,0
1392,102,0
1393,102,0
1394,102,0
1395,96,0
1396,102,0
1397,102,0
1398,94,0
1399,102,0
1400,96,0
1401,96,0
1402,96,0
1403,96,0
1404,98,0
1405,94,0
1406,96,0
1407,96,0
1408,96,0
1409,98,0
1410,96,0
1411,94,0
1412,94,0
1413,96,0
1414,98,0
1415,94,0
1416,94,0
1417,96,0
1418,94,0
1419,96,0
1420,102,0
1421,102,0
1422,96,0
1423,104,0
1424,104,0
1425,104,0
1426,96,0
1427,102,0
1428,96,0
1429,104,0
1430,100,0
1431,96,0
1432,102,0
1433,96,0
1434,98,0
1435,96,0
1436,94,0
1437,96,0
1438,94,0
1439,94,0
1440,96,0
1441,96,0
1442,96,0
1443,96,0
1444,96,0
1445,94,0
1446,96,0
1447,96,0
1448,94,0
1449,96,0
1450,96,0
1451,96,0
1452,96,0
1453,96,0
1454,94,0
1455,96,0
1456,96,0
1457,96,0
1458,96,0
1459,96,0
1460,96,0
1461,96,0
1462,96,0
1463,94,0
1464,94,0
1465,96,0
1466,96,0
1467,96,0
1468,96,0
1469,96,0
1470,96,0
1471,94,0
1472,98,0
1473,96,0
1474,94,0
1475,94,0
1476,96,0
1477,96,0
1478,96,0
1479,96,0
1480,94,0
1481,94,0
1482,96,0
1483,100,0
1484,96,0
1485,94,0
1486,96,0
1487,94,0
1488,96,0
1489,94,0
1490,94,0
1491,94,0
1492,96,0
1493,94,0
1494,96,0
1495,96,0
1496,94,0
1497,94,0
1498,94,0
1499,96,0
1500,96,0
1501,96,0
1502,96,0
1503,102,0
1504,96,0
1505,96,0
1506,96,0
1507,96,0
1508,100,0
1509,96,0
1510,96,0
1511,96,0
1512,96,0
1513,96,0
1514,96,0
1515,96,0
1516,96,0
1517,96,0
1518,96,0
1519,96,0
1520,96,0
1521,94,0
1522,98,0
1523,96,0
1524,96,0
1525,94,0
1526,96,0
1527,94,0
1528,96,0
1529,96,0
1530,96,0
1531,98,0
1532,100,0
1533,96,0
1534,102,0
1535,96,0
1536,108,0
1537,102,0
1538,104,0
1539,92,0
1540,94,0
1541,104,0
1542,102,0
1543,102,0
1544,104,0
1545,102,0
1546,102,0
1547,102,0
1548,102,0
1549,102,0
1550,102,0
1551,102,0
1552,104,0
1553,102,0
1554,102,0
1555,102,0
1556,96,0
1557,94,0
1558,96,0
1559,104,0
1560,102,0
1561,96,0
1562,96,0
1563,102,0
1564,96,0
1565,102,0
1566,102,0
1567,104,0
1568,104,0
1569,102,0
1570,108,0
1571,102,0
1572,102,0
1573,102,0
1574,96,0
1575,104,0
1576,102,0
1577,100,0
1578,102,0
1579,102,0
1580,96,0
1581,102,0
1582,102,0
1583,102,0
1584,102,0
1585,102,0
1586,104,0
1587,102,0
1588,104,0
1589,102,0
1590,100,0
1591,108,0
1592,100,0
1593,102,0
1594,102,0
1595,102,0
1596,98,0
1597,106,0
1598,96,0
1599,102,0
1600,96,0
1601,104,0
1602,102,0
1603,104,0
1604,96,0
1605,94,0
1606,106,0
1607,104,0
1608,102,0
1609,98,0
1610,100,0
1611,96,0
1612,102,0
1613,96,0
1614,100,0
1615,102,0
1616,102,0
1617,98,0
1618,102,0
1619,104,0
1620,102,0
1621,102,0
1622,102,0
1623,96,0
1624,102,0
1625,102,0
1626,102,0
1627,96,0
1628,96,0
1629,102,0
1630,102,0
1631,102,0
1632,100,0
1633,104,0
1634,100,0
1635,102,0
1636,104,0
1637,96,0
1638,102,0
1639,96,0
1640,96,0
1641,106,0
1642,102,0
1643,104,0
1644,102,0
1645,102,0
1646,104,0
1647,102,0
1648,102,0
1649,96,0
1650,102,0
1651,106,0
1652,102,0
1653,96,0
1654,96,0
1655,106,0
1656,96,0
1657,94,0
1658,96,0
1659,100,0
1660,106,0
1661,100,0
1662,104,0
1663,102,0
1664,104,0
1665,96,0
1666,94,0
1667,102,0
1668,102,0
1669,96,0
1670,106,0
1671,96,0
1672,96,0
1673,96,0
1674,102,0
1675,104,0
1676,104,0
1677,102,0
1678,96,0
1679,94,0
1680,104,0
1681,102,0
1682,104,0
1683,96,0
1684,94,0
1685,96,0
1686,96,0
1687,98,0
1688,100,0
1689,96,0
1690,102,0
1691,102,0
1692,94,0
1693,96,0
1694,94,0
1695,98,0
1696,96,0
1697,96,0
1698,96,0
1699,96,0
1700,94,0
1701,96,0
1702,94,0
1703,96,0
1704,96,0
1705,96,0
1706,96,0
1707,94,0
1708,100,0
1709,96,0
1710,96,0
1711,98,0
1712,96,0
1713,96,0
1714,92,0
1715,96,0
1716,96,0
1717,96,0
1718,96,0
1719,96,0
1720,96,0
1721,98,0
1722,98,0
1723,98,0
1724,96,0
1725,96,0
1726,96,0
1727,96,0
1728,94,0
1729,96,0
1730,96,0
1731,96,0
1732,96,0
1733,96,0
1734,96,0
1735,96,0
1736,96,0
1737,96,0
1738,100,0
1739,98,0
1740,96,0
1741,96,0
1742,96,0
1743,96,0
1744,94,0
1745,96,0
1746,96,0
1747,96,0
1748,96,0
1749,100,0
1750,96,0
1751,98,0
1752,96,0
1753,96,0
1754,96,0
1755,96,0
1756,96,0
1757,96,0
1758,96,0
1759,98,0
1760,96,0
1761,96,0
1762,96,0
1763,96,0
1764,96,0
1765,100,0
1766,96,0
1767,98,0
1768,96,0
1769,96,0
1770,96,0
1771,94,0
1772,96,0
1773,96,0
1774,98,0
1775,96,0
1776,96,0
1777,96,0
1778,94,0
1779,96,0
1780,96,0
1781,94,0
1782,96,0
1783,96,0
1784,94,0
1785,96,0
1786,96,0
1787,96,0
1788,96,0
1789,96,0
1790,96,0
1791,96,0
1792,96,0
1793,96,0
1794,96,0
1795,96,0
1796,96,0
1797,96,0
1798,96,0
1799,96,0
1800,94,0
1801,96,0
1802,94,0
1803,94,0
1804,96,0
1805,100,0
1806,96,0
1807,100,0
1808,96,0
1809,96,0
1810,98,0
1811,96,0
1812,96,0
1813,106,0
1814,108,0
1815,102,0
1816,102,0
1817,102,0
1818,102,0
1819,104,0
1820,96,0
1821,98,0
1822,104,0
1823,102,0
1824,96,0
1825,96,0
1826,98,0
1827,100,0
1828,96,0
1829,98,0
1830,96,0
1831,96,0
1832,98,0
1833,96,0
1834,96,0
1835,96,0
1836,96,0
1837,96,0
1838,96,0
1839,96,0
1840,96,0
1841,96,0
1842,96,0
1843,96,0
1844,96,0
1845,96,0
1846,96,0
1847,96,0
1848,96,0
1849,94,0
1850,94,0
1851,96,0
1852,96,0
1853,94,0
1854,96,0
1855,96,0
1856,96,0
1857,96,0
1858,94,0
1859,96,0
1860,96,0
1861,94,0
1862,94,0
1863,96,0
1864,96,0
1865,96,0
1866,96,0
1867,96,0
1868,96,0
1869,96,0
1870,96,0
1871,96,0
1872,94,0
1873,96,0
1874,96,0
1875,100,0
1876,98,0
1877,100,0
1878,94,0
1879,96,0
1880,94,0
1881,96,0
1882,100,0
1883,96,0
1884,100,0
1885,96,0
1886,94,0
1887,96,0
1888,96,0
1889,94,0
1890,96,0
1891,94,0
1892,96,0
1893,96,0
1894,96,0
1895,98,0
1896,92,0
1897,96,0
1898,96,0
1899,96,0
1900,96,0
1901,96,0
1902,96,0
1903,96,0
1904,96,0
1905,98,0
1906,96,0
1907,96,0
1908,96,0
1909,96,0
1910,96,0
1911,96,0
1912,96,0
1913,96,0
1914,96,0
1915,96,0
1916,96,0
1917,96,0
1918,96,0
1919,96,0
1920,98,0
1921,96,0
1922,96,0
1923,96,0
1924,94,0
1925,94,0
1926,94,0
1927,96,0
1928,96,0
1929,94,0
1930,96,0
1931,94,0
1932,98,0
1933,96,0
1934,102,0
1935,96,0
1936,106,0
1937,96,0
1938,104,0
1939,102,0
1940,106,0
1941,100,0
1942,104,0
1943,96,0
1944,106,0
1945,102,0
1946,96,0
1947,104,0
1948,96,0
1949,96,0
1950,96,0
1951,100,0
1952,96,0
1953,96,0
1954,96,0
1955,96,0
1956,96,0
1957,96,0
1958,96,0
1959,100,0
1960,96,0
1961,96,0
1962,96,0
1963,96,0
1964,96,0
1965,96,0
1966,94,0
1967,96,0
1968,96,0
1969,94,0
1970,96,0
1971,94,0
1972,96,0
1973,96,0
1974,94,0
1975,96,0
1976,96,0
1977,94,0
1978,96,0
1979,96,0
1980,98,0
1981,100,0
1982,96,0
1983,94,0
1984,96,0
1985,96,0
1986,96,0
1987,94,0
1988,96,0
1989,100,0
1990,96,0
1991,96,0
1992,98,0
1993,96,0
1994,98,0
1995,100,0
1996,96,0
1997,96,0
1998,96,0
1999,94,0
2000,98,0
2001,94,0
2002,94,0
2003,96,0
2004,96,0
2005,94,0
2006,94,0
2007,100,0
2008,96,0
2009,96,0
2010,96,0
2011,96,0
2012,94,0
2013,98,0
2014,96,0
2015,94,0
2016,96,0
2017,96,0
2018,96,0
2019,96,0
2020,96,0
2021,96,0
2022,100,0
2023,96,0
2024,96,0
2025,94,0
2026,96,0
2027,96,0
2028,96,0
2029,96,0
2030,96,0
2031,96,0
2032,96,0
2033,96,0
2034,94,0
2035,96,0
2036,94,0
2037,94,0
2038,96,0
2039,96,0
2040,96,0
2041,96,0
2042,100,0
2043,96,0
2044,96,0
2045,96,0
2046,96,0
2047,94,0
2048,98,0
2049,96,0
2050,94,0
2051,96,0
2052,96,0
2053,100,0
2054,90,0
2055,96,0
2056,96,0
2057,96,0
2058,98,0
2059,100,0
2060,100,0
2061,98,0
2062,94,0
2063,96,0
2064,96,0
2065,96,0
2066,100,0
2067,96,0
2068,96,0
2069,96,0
2070,96,0
2071,96,0
2072,96,0
2073,96,0
2074,96,0
2075,94,0
2076,96,0
2077,96,0
2078,96,0
2079,96,0
2080,96,0
2081,96,0
2082,96,0
2083,96,0
2084,94,0
2085,96,0
2086,96,0
2087,96,0
2088,96,0
2089,96,0
2090,94,0
2091,96,0
2092,96,0
2093,96,0
2094,96,0
2095,96,0
2096,94,0
2097,96,0
2098,96,0
2099,96,0
2100,96,0
2101,96,0
2102,96,0
2103,96,0
2104,98,0
2105,98,0
2106,96,0
2107,96,0
2108,96,0
2109,96,0
2110,96,0
2111,100,0
2112,96,0
2113,98,0
2114,94,0
2115,96,0
2116,96,0
2117,96,0
2118,94,0
2119,96,0
2120,96,0
2121,92,0
2122,100,0
2123,98,0
2124,94,0
2125,96,0
2126,96,0
2127,96,0
2128,94,0
2129,96,0
2130,96,0
2131,96,0
2132,96,0
2133,96,0
2134,96,0
2135,94,0
2136,94,0
2137,96,0
2138,96,0
2139,96,0
2140,98,0
2141,96,0
2142,96,0
2143,96,0
2144,96,0
2145,96,0
2146,96,0
2147,96,0
2148,94,0
2149,100,0
2150,96,0
2151,96,0
2152,96,0
2153,96,0
2154,96,0
2155,94,0
2156,96,0
2157,96,0
2158,96,0
2159,96,0
2160,96,0
2161,96,0
2162,94,0
2163,96,0
2164,94,0
2165,96,0
2166,96,0
2167,96,0
2168,94,0
2169,96,0
2170,96,0
2171,96,0
2172,96,0
2173,96,0
2174,94,0
2175,96,0
2176,96,0
2177,100,0
2178,96,0
2179,94,0
2180,96,0
2181,96,0
2182,96,0
2183,96,0
2184,94,0
2185,94,0
2186,100,0
2187,96,0
2188,98,0
2189,96,0
2190,100,0
2191,96,0
2192,96,0
2193,96,0
2194,96,0
2195,96,0
2196,100,0
2197,96,0
2198,96,0
2199,96,0
2200,96,0
2201,96,0
2202,96,0
2203,94,0
2204,96,0
2205,96,0
2206,96,0
2207,96,0
2208,94,0
2209,94,0
2210,96,0
2211,96,0
2212,94,0
2213,96,0
2214,96,0
2215,96,0
2216,96,0
2217,96,0
2218,96,0
2219,94,0
2220,96,0
2221,96,0
2222,96,0
2223,96,0
2224,96,0
2225,96,0
2226,96,0
2227,96,0
2228,96,0
2229,96,0
2230,96,0
2231,96,0
2232,96,0
2233,94,0
2234,96,0
2235,94,0
2236,96,0
2237,102,0
2238,96,0
2239,102,0
2240,100,0
2241,102,0
2242,104,0
2243,104,0
2244,104,0
2245,102,0
2246,104,0
2247,102,0
2248,106,0
2249,104,0
2250,102,0
2251,100,0
2252,104,0
2253,102,0
2254,98,0
2255,96,0
2256,102,0
2257,100,0
2258,102,0
2259,96,0
2260,102,0
2261,94,0
2262,94,0
2263,96,0
2264,96,0
2265,96,0
2266,96,0
2267,96,0
2268,96,0
2269,96,0
2270,96,0
2271,94,0
2272,96,0
2273,96,0
2274,94,0
2275,96,0
2276,96,0
2277,96,0
2278,94,0
2279,96,0
2280,96,0
2281,96,0
2282,98,0
2283,94,0
2284,98,0
2285,94,0
2286,96,0
2287,96,0
2288,96,0
2289,94,0
2290,96,0
2291,96,0
2292,96,0
2293,98,0
2294,96,0
2295,96,0
2296,96,0
2297,96,0
2298,90,0
2299,96,0
2300,96,0
2301,100,0
2302,94,0
2303,96,0
2304,96,0
2305,96,0
2306,98,0
2307,96,0
2308,96,0
2309,100,0
2310,96,0
2311,94,0
2312,100,0
2313,96,0
2314,96,0
2315,94,0
2316,94,0
2317,96,0
2318,96,0
2319,96,0
2320,96,0
2321,96,0
2322,92,0
2323,96,0
2324,96,0
2325,96,0
2326,96,0
2327,96,0
2328,100,0
2329,96,0
2330,94,0
2331,94,0
2332,96,0
2333,96,0
2334,94,0
2335,96,0
2336,94,0
2337,96,0
2338,100,0
2339,96,0
2340,96,0
2341,96,0
2342,94,0
2343,96,0
2344,96,0
2345,96,0
2346,98,0
2347,96,0
2348,100,0
2349,94,0
2350,96,0
2351,96,0
2352,96,0
2353,96,0
2354,96,0
2355,96,0
2356,94,0
2357,96,0
2358,96,0
2359,96,0
2360,100,0
2361,96,0
2362,100,0
2363,96,0
2364,94,0
2365,96,0
2366,96,0
2367,94,0
2368,96,0
2369,96,0
2370,96,0
2371,96,0
2372,98,0
2373,98,0
2374,96,0
2375,96,0
2376,96,0
2377,96,0
2378,94,0
2379,96,0
2380,96,0
2381,96,0
2382,96,0
2383,94,0
2384,96,0
2385,92,0
2386,96,0
2387,96,0
2388,100,0
2389,96,0
2390,96,0
2391,96,0
2392,96,0
2393,94,0
2394,96,0
2395,96,0
2396,96,0
2397,96,0
2398,96,0
2399,94,0
2400,96,0
2401,96,0
2402,94,0
2403,96,0
2404,94,0
2405,96,0
2406,98,0
2407,96,0
2408,96,0
2409,96,0
2410,96,0
2411,96,0
2412,96,0
2413,96,0
2414,96,0
2415,98,0
2416,96,0
2417,96,0
2418,96,0
2419,102,0
2420,96,0
2421,106,0
2422,102,0
2423,96,0
2424,100,0
2425,104,0
2426,102,0
2427,102,0
2428,104,0
2429,104,0
2430,102,0
2431,102,0
2432,102,0
2433,102,0
2434,104,0
2435,100,0
2436,104,0
2437,102,0
2438,104,0
2439,104,0
2440,104,0
2441,104,0
2442,96,0
2443,102,0
2444,96,0
2445,94,0
2446,102,0
2447,104,0
2448,102,0
2449,108,0
2450,100,0
2451,102,0
2452,100,0
2453,102,0
2454,96,0
2455,104,0
2456,104,0
2457,102,0
2458,102,0
2459,104,0
2460,102,0
2461,96,0
2462,104,0
2463,102,0
2464,104,0
2465,104,0
2466,94,0
2467,96,0
2468,106,0
2469,102,0
2470,102,0
2471,104,0
2472,104,0
2473,96,0
2474,116,0
2475,102,0
2476,96,0
2477,96,0
2478,96,0
2479,96,0
2480,96,0
2481,96,0
2482,96,0
2483,96,0
2484,96,0
2485,96,0
2486,94,0
2487,100,0
2488,96,0
2489,96,0
2490,96,0
2491,96,0
2492,102,0
2493,96,0
2494,100,0
2495,104,0
2496,104,0
2497,94,0
2498,94,0
2499,94,0
2500,96,0
2501,98,0
2502,96,0
2503,96,0
2504,96,0
2505,94,0
2506,96,0
2507,96,0
2508,96,0
2509,100,0
2510,104,0
2511,96,0
2512,104,0
2513,102,0
2514,104,0
2515,96,0
2516,104,0
2517,96,0
2518,102,0
2519,102,0
2520,102,0
2521,96,0
2522,102,0
2523,98,0
2524,100,0
2525,96,0
2526,106,0
2527,100,0
2528,102,0
2529,108,0
2530,94,0
2531,102,0
2532,98,0
2533,96,0
2534,98,0
2535,94,0
2536,102,0
2537,96,0
2538,96,0
2539,96,0
2540,102,0
2541,104,0
2542,102,0
2543,104,0
2544,96,0
2545,104,0
2546,96,0
2547,96,0
2548,104,0
2549,104,0
2550,96,0
2551,96,0
2552,96,0
2553,94,0
2554,96,0
2555,96,0
2556,96,0
2557,96,0
2558,94,0
2559,96,0
2560,96,0
2561,96,0
2562,96,0
2563,96,0
2564,96,0
2565,96,0
2566,96,0
2567,96,0
2568,96,0
2569,94,0
2570,98,0
2571,94,0
2572,96,0
2573,96,0
2574,96,0
2575,96,0
2576,94,0
2577,96,0
2578,96,0
2579,100,0
2580,96,0
2581,96,0
2582,96,0
2583,96,0
2584,96,0
2585,94,0
2586,104,0
2587,94,0
2588,102,0
2589,100,0
2590,102,0
2591,94,0
2592,96,0
2593,108,0
2594,104,0
2595,102,0
2596,102,0
2597,102,0
2598,102,0
2599,96,0
2600,102,0
2601,102,0
2602,104,0
2603,104,0
2604,96,0
2605,102,0
2606,104,0
2607,96,0
2608,96,0
2609,102,0
2610,96,0
2611,96,0
2612,102,0
2613,102,0
2614,96,0
2615,96,0
2616,102,0
2617,106,0
2618,104,0
2619,102,0
2620,102,0
2621,94,0
2622,96,0
2623,94,0
2624,94,0
2625,102,0
2626,102,0
2627,96,0
2628,96,0
2629,102,0
2630,100,0
2631,96,0
2632,96,0
2633,96,0
2634,94,0
2635,96,0
2636,104,0
2637,94,0
2638,102,0
2639,96,0
2640,102,0
2641,102,0
2642,102,0
2643,100,0
2644,96,0
2645,102,0
2646,106,0
2647,102,0
2648,102,0
2649,94,0
2650,96,0
2651,102,0
2652,106,0
2653,96,0
2654,96,0
2655,102,0
2656,96,0
2657,96,0
2658,94,0
2659,96,0
2660,96,0
2661,96,0
2662,96,0
2663,96,0
2664,96,0
2665,96,0
2666,94,0
2667,96,0
2668,96,0
2669,96,0
2670,94,0
2671,96,0
2672,96,0
2673,96,0
2674,96,0
2675,96,0
2676,94,0
2677,96,0
2678,96,0
2679,94,0
2680,96,0
2681,96,0
2682,96,0
2683,96,0
2684,96,0
2685,100,0
2686,96,0
2687,96,0
2688,96,0
2689,96,0
2690,96,0
2691,96,0
2692,96,0
2693,96,0
2694,100,0
2695,102,0
2696,102,0
2697,100,0
2698,94,0
2699,102,0
2700,96,0
2701,94,0
2702,94,0
2703,98,0
2704,96,0
2705,96,0
2706,94,0
2707,98,0
2708,94,0
2709,96,0
2710,96,0
2711,96,0
2712,100,0
2713,96,0
2714,96,0
2715,96,0
2716,96,0
2717,96,0
2718,96,0
2719,96,0
2720,96,0
2721,100,0
2722,96,0
2723,100,0
2724,96,0
2725,102,0
2726,96,0
2727,96,0
2728,104,0
2729,102,0
2730,94,0
2731,104,0
2732,104,0
2733,104,0
2734,96,0
2735,104,0
2736,96,0
2737,104,0
2738,104,0
2739,100,0
2740,96,0
2741,104,0
2742,102,0
2743,96,0
2744,100,0
2745,100,0
2746,106,0
2747,102,0
2748,96,0
2749,102,0
2750,100,0
2751,96,0
2752,100,0
2753,96,0
2754,100,0
2755,104,0
2756,96,0
2757,96,0
2758,94,0
2759,98,0
2760,98,0
2761,94,0
2762,98,0
2763,96,0
2764,96,0
2765,96,0
2766,100,0
2767,96,0
2768,96,0
2769,96,0
2770,96,0
2771,96,0
2772,98,0
2773,104,0
2774,102,0
2775,98,0
2776,100,0
2777,104,0
2778,102,0
2779,104,0
2780,104,0
2781,96,0
2782,104,0
2783,98,0
2784,96,0
2785,104,0
2786,102,0
2787,96,0
2788,104,0
2789,102,0
2790,104,0
2791,106,0
2792,104,0
2793,104,0
2794,96,0
2795,96,0
2796,104,0
2797,102,0
2798,96,0
2799,102,0
2800,100,0
2801,102,0
2802,102,0
2803,96,0
2804,104,0
2805,104,0
2806,104,0
2807,102,0
2808,102,0
2809,96,0
2810,94,0
2811,96,0
2812,108,0
2813,102,0
2814,104,0
2815,104,0
2816,104,0
2817,100,0
2818,102,0
2819,96,0
2820,96,0
2821,96,0
2822,106,0
2823,96,0
2824,104,0
2825,94,0
2826,94,0
2827,94,0
2828,96,0
2829,104,0
2830,102,0
2831,102,0
2832,108,0
2833,104,0
2834,100,0
2835,102,0
2836,104,0
2837,104,0
2838,102,0
2839,104,0
2840,96,0
2841,96,0
2842,100,0
2843,102,0
2844,98,0
2845,96,0
2846,94,0
2847,104,0
2848,96,0
2849,96,0
2850,96,0
2851,96,0
2852,96,0
2853,94,0
2854,96,0
2855,96,0
2856,96,0
2857,94,0
2858,96,0
2859,96,0
2860,98,0
2861,96,0
2862,96,0
2863,96,0
2864,96,0
2865,96,0
2866,96,0
2867,96,0
2868,96,0
2869,94,0
2870,96,0
2871,100,0
2872,94,0
2873,96,0
2874,96,0
2875,96,0
2876,96,0
2877,100,0
2878,96,0
2879,94,0
2880,96,0
2881,98,0
2882,96,0
2883,96,0
2884,96,0
2885,108,0
2886,102,0
2887,102,0
2888,102,0
2889,94,0
2890,96,0
2891,96,0
2892,96,0
2893,96,0
2894,104,0
2895,102,0
2896,102,0
2897,106,0
2898,96,0
2899,104,0
2900,102,0
2901,96,0
2902,104,0
2903,104,0
2904,110,0
2905,106,0
2906,96,0
2907,104,0
2908,98,0
2909,96,0
2910,102,0
2911,102,0
2912,96,0
2913,102,0
2914,102,0
2915,102,0
2916,104,0
2917,104,0
2918,104,0
2919,108,0
2920,100,0
2921,94,0
2922,102,0
2923,96,0
2924,104,0
2925,102,0
2926,104,0
2927,102,0
2928,102,0
2929,102,0
2930,102,0
2931,104,0
2932,104,0
2933,102,0
2934,108,0
2935,102,0
2936,96,0
2937,96,0
2938,100,0
2939,98,0
2940,100,0
2941,104,0
2942,104,0
2943,102,0
2944,100,0
2945,96,0
2946,100,0
2947,106,0
2948,106,0
2949,104,0
2950,96,0
2951,104,0
2952,102,0
2953,106,0
2954,110,0
2955,96,0
2956,96,0
2957,106,0
2958,102,0
2959,96,0
2960,104,0
2961,96,0
2962,96,0
2963,100,0
2964,96,0
2965,96,0
2966,96,0
2967,96,0
2968,96,0
2969,96,0
2970,96,0
2971,96,0
2972,96,0
2973,96,0
2974,96,0
2975,96,0
2976,96,0
2977,92,0
2978,96,0
2979,102,0
2980,104,0
2981,102,0
2982,104,0
2983,106,0
2984,102,0
2985,94,0
2986,104,0
2987,104,0
2988,102,0
2989,96,0
2990,104,0
2991,104,0
2992,96,0
2993,104,0
2994,96,0
2995,102,0
2996,106,0
2997,100,0
2998,96,0
2999,96,0
3000,102,0
3001,102,0
3002,100,0
3003,104,0
3004,98,0
3005,96,0
3006,100,0
3007,96,0
3008,106,0
3009,106,0
3010,96,0
3011,98,0
3012,104,0
3013,102,0
3014,96,0
3015,96,0
3016,108,0
3017,96,0
3018,96,0
3019,104,0
3020,102,0
3021,102,0
3022,98,0
3023,104,0
3024,104,0
3025,96,0
3026,102,0
3027,104,0
3028,96,0
3029,108,0
3030,104,0
3031,96,0
3032,102,0
3033,102,0
3034,94,0
3035,96,0
3036,96,0
3037,96,0
3038,102,0
3039,104,0
3040,96,0
3041,102,0
3042,104,0
3043,102,0
3044,104,0
3045,102,0
3046,104,0
3047,104,0
3048,102,0
3049,96,0
3050,96,0
3051,102,0
3052,102,0
3053,100,0
3054,96,0
3055,100,0
3056,96,0
3057,104,0
3058,102,0
3059,106,0
3060,104,0
3061,98,0
3062,104,0
3063,102,0
3064,102,0
3065,102,0
3066,106,0
3067,100,0
3068,96,0
3069,104,0
3070,104,0
3071,102,0
3072,102,0
3073,96,0
3074,94,0
3075,104,0
3076,104,0
3077,96,0
3078,102,0
3079,102,0
3080,104,0
3081,104,0
3082,102,0
3083,106,0
3084,102,0
3085,108,0
3086,104,0
3087,104,0
3088,104,0
3089,102,0
3090,104,0
3091,104,0
3092,102,0
3093,104,0
3094,96,0
3095,102,0
3096,104,0
3097,104,0
3098,104,0
3099,96,0
3100,104,0
3101,96,0
3102,104,0
3103,102,0
3104,104,0
3105,104,0
3106,104,0
3107,94,0
3108,96,0
3109,96,0
3110,102,0
3111,102,0
3112,94,0
3113,96,0
3114,102,0
3115,100,0
3116,100,0
3117,98,0
3118,104,0
3119,96,0
3120,104,0
3121,100,0
3122,102,0
3123,104,0
3124,106,0
3125,104,0
3126,100,0
3127,96,0
3128,96,0
3129,94,0
3130,104,0
3131,96,0
3132,102,0
3133,104,0
3134,94,0
3135,96,0
3136,96,0
3137,96,0
3138,96,0
3139,96,0
3140,96,0
3141,98,0
3142,96,0
3143,96,0
3144,96,0
3145,94,0
3146,96,0
3147,94,0
3148,96,0
3149,96,0
3150,96,0
3151,96,0
3152,96,0
3153,96,0
3154,96,0
3155,96,0
3156,92,0
3157,96,0
3158,96,0
3159,96,0
3160,96,0
3161,100,0
3162,96,0
3163,96,0
3164,96,0
3165,96,0
3166,94,0
3167,96,0
3168,96,0
3169,96,0
3170,96,0
3171,96,0
3172,98,0
3173,96,0
3174,96,0
3175,100,0
3176,96,0
3177,96,0
3178,96,0
3179,96,0
3180,96,0
3181,96,0
3182,100,0
3183,96,0
3184,96,0
3185,94,0
3186,96,0
3187,94,0
3188,96,0
3189,96,0
3190,96,0
3191,96,0
3192,96,0
3193,96,0
3194,96,0
3195,94,0
3196,96,0
3197,94,0
3198,96,0
3199,96,0
3200,94,0
3201,96,0
3202,96,0
3203,96,0
3204,96,0
3205,96,0
3206,96,0
3207,96,0
3208,96,0
3209,96,0
3210,96,0
3211,96,0
3212,96,0
3213,96,0
3214,96,0
3215,96,0
3216,96,0
3217,96,0
3218,96,0
3219,98,0
3220,98,0
3221,94,0
3222,96,0
3223,96,0
3224,96,0
3225,100,0
3226,96,0
3227,102,0
3228,104,0
3229,106,0
3230,102,0
3231,104,0
3232,106,0
3233,96,0
3234,102,0
3235,102,0
3236,102,0
3237,108,0
3238,100,0
3239,100,0
3240,94,0
3241,108,0
3242,96,0
3243,102,0
3244,96,0
3245,108,0
3246,96,0
3247,96,0
3248,96,0
3249,90,0
3250,96,0
3251,96,0
3252,96,0
3253,96,0
3254,96,0
3255,96,0
3256,98,0
3257,96,0
3258,100,0
3259,96,0
3260,96,0
3261,96,0
3262,96,0
3263,104,0
3264,102,0
3265,102,0
3266,100,0
3267,96,0
3268,102,0
3269,106,0
3270,96,0
3271,94,0
3272,102,0
3273,96,0
3274,96,0
3275,96,0
3276,96,0
3277,96,0
3278,96,0
3279,96,0
3280,96,0
3281,104,0
3282,102,0
3283,94,0
3284,96,0
3285,96,0
3286,96,0
3287,96,0
3288,94,0
3289,96,0
3290,96,0
3291,96,0
3292,96,0
3293,96,0
3294,106,0
3295,104,0
3296,102,0
3297,102,0
3298,100,0
3299,102,0
3300,102,0
3301,108,0
3302,102,0
3303,102,0
3304,94,0
3305,104,0
3306,102,0
3307,104,0
3308,106,0
3309,102,0
3310,102,0
3311,102,0
3312,100,0
3313,100,0
3314,102,0
3315,102,0
3316,102,0
3317,94,0
3318,96,0
3319,96,0
3320,96,0
3321,96,0
3322,102,0
3323,96,0
3324,96,0
3325,102,0
3326,102,0
3327,104,0
3328,98,0
3329,104,0
3330,104,0
3331,100,0
3332,102,0
3333,104,0
3334,104,0
3335,102,0
3336,104,0
3337,94,0
3338,102,0
3339,102,0
3340,94,0
3341,104,0
3342,104,0
3343,100,0
3344,102,0
3345,104,0
3346,100,0
3347,106,0
3348,100,0
3349,98,0
3350,100,0
3351,96,0
3352,102,0
3353,104,0
3354,102,0
3355,104,0
3356,102,0
3357,104,0
3358,98,0
3359,102,0
3360,104,0
3361,104,0
3362,102,0
3363,102,0
3364,102,0
3365,102,0
3366,96,0
3367,94,0
3368,100,0
3369,96,0
3370,90,0
3371,94,0
3372,96,0
3373,96,0
3374,96,0
3375,96,0
3376,96,0
3377,96,0
3378,102,0
3379,96,0
3380,102,0
3381,102,0
3382,102,0
3383,102,0
3384,98,0
3385,102,0
3386,102,0
3387,102,0
3388,102,0
3389,102,0
3390,104,0
3391,102,0
3392,106,0
3393,96,0
3394,96,0
3395,96,0
3396,104,0
3397,102,0
3398,104,0
3399,104,0
3400,94,0
3401,96,0
3402,104,0
3403,104,0
3404,102,0
3405,102,0
3406,106,0
3407,102,0
3408,102,0
3409,104,0
3410,96,0
3411,94,0
3412,104,0
3413,104,0
3414,104,0
3415,102,0
3416,102,0
3417,104,0
3418,94,0
3419,102,0
3420,102,0
3421,104,0
3422,102,0
3423,104,0
3424,102,0
3425,102,0
3426,96,0
3427,106,0
3428,96,0
3429,100,0
3430,96,0
3431,96,0
3432,96,0
3433,96,0
3434,102,0
3435,104,0
3436,104,0
3437,104,0
3438,104,0
3439,106,0
3440,102,0
3441,102,0
3442,102,0
3443,96,0
3444,102,0
3445,102,0
3446,96,0
3447,96,0
3448,94,0
3449,96,0
3450,94,0
3451,96,0
3452,94,0
3453,102,0
3454,96,0
3455,96,0
3456,102,0
3457,106,0
3458,104,0
3459,102,0
3460,100,0
3461,102,0
3462,96,0
3463,96,0
3464,104,0
3465,96,0
3466,108,0
3467,102,0
3468,104,0
3469,102,0
3470,96,0
3471,106,0
3472,96,0
3473,104,0
3474,96,0
3475,96,0
3476,98,0
3477,94,0
3478,96,0
3479,96,0
3480,94,0
3481,98,0
3482,96,0
3483,96,0
3484,104,0
3485,100,0
3486,104,0
3487,102,0
3488,104,0
3489,102,0
3490,96,0
3491,108,0
3492,108,0
3493,102,0
3494,102,0
3495,102,0
3496,96,0
3497,104,0
3498,96,0
3499,104,0
3500,102,0
3501,104,0
3502,102,0
3503,100,0
3504,102,0
3505,96,0
3506,96,0
3507,96,0
3508,96,0
3509,94,0
3510,96,0
3511,96,0
3512,96,0
3513,98,0
3514,96,0
3515,98,0
3516,102,0
3517,102,0
3518,94,0
3519,102,0
3520,102,0
3521,100,0
3522,102,0
3523,96,0
3524,104,0
3525,102,0
3526,96,0
3527,94,0
3528,98,0
3529,104,0
3530,108,0
3531,104,0
3532,104,0
3533,96,0
3534,102,0
3535,104,0
3536,104,0
3537,104,0
3538,102,0
3539,102,0
3540,102,0
3541,96,0
3542,104,0
3543,96,0
3544,96,0
3545,96,0
3546,96,0
3547,92,0
3548,94,0
3549,96,0
3550,102,0
3551,102,0
3552,102,0
3553,102,0
3554,102,0
3555,108,0
3556,96,0
3557,98,0
3558,96,0
3559,94,0
3560,96,0
3561,94,0
3562,96,0
3563,96,0
3564,96,0
3565,96,0
3566,96,0
3567,96,0
3568,96,0
3569,100,0
3570,96,0
3571,96,0
3572,100,0
3573,96,0
3574,102,0
3575,104,0
3576,102,0
3577,96,0
3578,104,0
3579,102,0
3580,104,0
3581,104,0
3582,98,0
3583,102,0
3584,102,0
3585,104,0
3586,106,0
3587,104,0
3588,104,0
3589,102,0
3590,102,0
3591,96,0
3592,94,0
3593,96,0
3594,100,0
3595,96,0
3596,94,0
3597,96,0
3598,94,0
3599,96,0
3600,96,0
3601,96,0
3602,96,0
3603,96,0
3604,100,0
3605,96,0
3606,94,0
3607,96,0
3608,94,0
3609,96,0
3610,96,0
3611,102,0
3612,96,0
3613,102,0
3614,102,0
3615,102,0
3616,104,0
3617,102,0
3618,104,0
3619,102,0
3620,102,0
3621,104,0
3622,104,0
3623,104,0
3624,102,0
3625,100,0
3626,102,0
3627,98,0
3628,96,0
3629,96,0
3630,96,0
3631,96,0
3632,96,0
3633,96,0
3634,96,0
3635,96,0
3636,94,0
3637,96,0
3638,92,0
3639,94,0
3640,96,0
3641,94,0
3642,94,0
3643,96,0
3644,96,0
3645,94,0
3646,96,0
3647,92,0
3648,96,0
3649,94,0
3650,98,0
3651,96,0
3652,96,0
3653,100,0
3654,102,0
3655,102,0
3656,94,0
3657,102,0
3658,102,0
3659,96,0
3660,104,0
3661,102,0
3662,94,0
3663,102,0
3664,108,0
3665,104,0
3666,102,0
3667,102,0
3668,96,0
3669,104,0
3670,102,0
3671,100,0
3672,102,0
3673,102,0
3674,102,0
3675,102,0
3676,102,0
3677,102,0
3678,96,0
3679,96,0
3680,96,0
3681,94,0
3682,108,0
3683,96,0
3684,96,0
3685,96,0
3686,94,0
3687,96,0
3688,96,0
3689,96,0
3690,96,0
3691,94,0
3692,100,0
3693,94,0
3694,94,0
3695,94,0
3696,96,0
3697,94,0
3698,100,0
3699,94,0
3700,104,0
3701,96,0
3702,100,0
3703,102,0
3704,96,0
3705,94,0
3706,96,0
3707,104,0
3708,102,0
3709,102,0
3710,96,0
3711,96,0
3712,94,0
3713,92,0
3714,96,0
3715,94,0
3716,96,0
3717,96,0
3718,98,0
3719,98,0
3720,94,0
3721,92,0
3722,94,0
3723,96,0
3724,96,0
3725,96,0
3726,94,0
3727,102,0
3728,96,0
3729,102,0
3730,104,0
3731,102,0
3732,102,0
3733,102,0
3734,102,0
3735,102,0
3736,104,0
3737,104,0
3738,96,0
3739,96,0
3740,102,0
3741,106,0
3742,98,0
3743,96,0
3744,98,0
3745,96,0
3746,92,0
3747,96,0
3748,96,0
3749,94,0
3750,96,0
3751,96,0
3752,100,0
3753,96,0
3754,96,0
3755,94,0
3756,104,0
3757,96,0
3758,102,0
3759,102,0
3760,104,0
3761,102,0
3762,100,0
3763,106,0
3764,102,0
3765,102,0
3766,102,0
3767,102,0
3768,106,0
3769,102,0
3770,92,0
3771,104,0
3772,96,0
3773,96,0
3774,94,0
3775,96,0
3776,96,0
3777,102,0
3778,102,0
3779,94,0
3780,102,0
3781,102,0
3782,100,0
3783,102,0
3784,104,0
3785,104,0
3786,106,0
3787,104,0
3788,96,0
3789,102,0
3790,96,0
3791,96,0
3792,94,0
3793,96,0
3794,96,0
3795,96,0
3796,96,0
3797,94,0
3798,98,0
3799,96,0
3800,94,0
3801,94,0
3802,96,0
3803,102,0
3804,104,0
3805,102,0
3806,94,0
3807,102,0
3808,96,0
3809,104,0
3810,94,0
3811,102,0
3812,94,0
3813,94,0
3814,96,0
3815,94,0
3816,96,0
3817,94,0
3818,96,0
3819,98,0
3820,96,0
3821,96,0
3822,94,0
3823,96,0
3824,94,0
3825,96,0
3826,98,0
3827,94,0
3828,94,0
3829,96,0
3830,94,0
3831,96,0
3832,96,0
3833,94,0
3834,96,0
3835,94,0
3836,96,0
3837,92,0
3838,96,0
3839,96,0
3840,94,0
3841,96,0
3842,94,0
3843,96,0
3844,96,0
3845,96,0
3846,94,0
3847,96,0
3848,96,0
3849,96,0
3850,98,0
3851,96,0
3852,94,0
3853,96,0
3854,96,0
3855,94,0
3856,96,0
3857,94,0
3858,94,0
3859,96,0
3860,94,0
3861,94,0
3862,96,0
3863,94,0
3864,96,0
3865,96,0
3866,94,0
3867,96,0
3868,96,0
3869,102,0
3870,100,0
3871,102,0
3872,96,0
3873,104,0
3874,96,0
3875,100,0
3876,96,0
3877,102,0
3878,94,0
3879,102,0
3880,96,0
3881,106,0
3882,106,0
3883,102,0
3884,96,0
3885,102,0
3886,102,0
3887,102,0
3888,100,0
3889,104,0
3890,100,0
3891,106,0
3892,100,0
3893,104,0
3894,102,0
3895,96,0
3896,102,0
3897,102,0
3898,102,0
3899,96,0
3900,104,0
3901,102,0
3902,104,0
3903,102,0
3904,100,0
3905,96,0
3906,104,0
3907,102,0
3908,102,0
3909,102,0
3910,102,0
3911,102,0
3912,102,0
3913,102,0
3914,106,0
3915,104,0
3916,94,0
3917,96,0
3918,96,0
3919,96,0
3920,96,0
3921,94,0
3922,94,0
3923,96,0
3924,94,0
3925,94,0
3926,94,0
3927,94,0
3928,94,0
3929,96,0
3930,96,0
3931,94,0
3932,96,0
3933,98,0
3934,94,0
3935,96,0
3936,94,0
3937,94,0
3938,96,0
3939,98,0
3940,96,0
3941,94,0
3942,94,0
3943,94,0
3944,96,0
3945,100,0
3946,102,0
3947,106,0
3948,94,0
3949,106,0
3950,102,0
3951,92,0
3952,104,0
3953,94,0
3954,96,0
3955,102,0
3956,94,0
3957,100,0
3958,102,0
3959,104,0
3960,102,0
3961,104,0
3962,102,0
3963,102,0
3964,102,0
3965,100,0
3966,102,0
3967,102,0
3968,102,0
3969,96,0
3970,100,0
3971,96,0
3972,102,0
3973,98,0
3974,92,0
3975,96,0
3976,96,0
3977,96,0
3978,102,0
3979,96,0
3980,106,0
3981,102,0
3982,98,0
3983,102,0
3984,102,0
3985,102,0
3986,96,0
3987,100,0
3988,104,0
3989,102,0
3990,102,0
3991,102,0
3992,104,0
3993,102,0
3994,104,0
3995,102,0
3996,102,0
3997,96,0
3998,104,0
3999,100,0
4000,100,0
4001,94,0
4002,102,0
4003,100,0
4004,102,0
4005,102,0
4006,104,0
4007,100,0
4008,96,0
4009,96,0
4010,102,0
4011,98,0
4012,96,0
4013,96,0
4014,94,0
4015,104,0
4016,104,0
4017,104,0
4018,96,0
4019,108,0
4020,102,0
4021,104,0
4022,96,0
4023,100,0
4024,96,0
4025,96,0
4026,94,0
4027,96,0
4028,96,0
4029,96,0
4030,96,0
4031,102,0
4032,96,0
4033,94,0
4034,94,0
4035,94,0
4036,96,0
4037,96,0
4038,96,0
4039,94,0
4040,94,0
4041,96,0
4042,100,0
4043,102,0
4044,96,0
4045,102,0
4046,100,0
4047,102,0
4048,102,0
4049,102,0
4050,102,0
4051,100,0
4052,102,0
4053,104,0
4054,100,0
4055,100,0
4056,108,0
4057,94,0
4058,106,0
4059,102,0
4060,102,0
4061,102,0
4062,108,0
4063,104,0
4064,96,0
4065,96,0
4066,96,0
4067,96,0
4068,96,0
4069,96,0
4070,92,0
4071,96,0
4072,96,0
4073,96,0
4074,96,0
4075,96,0
4076,96,0
4077,94,0
4078,94,0
4079,96,0
4080,96,0
4081,96,0
4082,96,0
4083,96,0
4084,94,0
4085,96,0
4086,96,0
4087,96,0
4088,96,0
4089,96,0
4090,94,0
4091,96,0
4092,94,0
4093,96,0
4094,96,0
4095,102,0
4096,104,0
4097,102,0
4098,102,0
4099,96,0
4100,104,0
4101,102,0
4102,106,0
4103,96,0
4104,96,0
4105,96,0
4106,96,0
4107,96,0
4108,94,0
4109,96,0
4110,98,0
4111,98,0
4112,96,0
4113,94,0
4114,96,0
4115,100,0
4116,96,0
4117,96,0
4118,100,0
4119,98,0
4120,96,0
4121,108,0
4122,102,0
4123,96,0
4124,102,0
4125,96,0
4126,100,0
4127,104,0
4128,104,0
4129,106,0
4130,104,0
4131,102,0
4132,96,0
4133,104,0
4134,104,0
4135,102,0
4136,102,0
4137,100,0
4138,96,0
4139,102,0
4140,104,0
4141,102,0
4142,96,0
4143,104,0
4144,102,0
4145,102,0
4146,96,0
4147,96,0
4148,96,0
4149,102,0
4150,96,0
4151,102,0
4152,104,0
4153,102,0
4154,96,0
4155,108,0
4156,104,0
4157,102,0
4158,102,0
4159,104,0
4160,94,0
4161,96,0
4162,104,0
4163,102,0
4164,98,0
4165,104,0
4166,100,0
4167,94,0
4168,96,0
4169,96,0
4170,96,0
4171,96,0
4172,94,0
4173,96,0
4174,96,0
4175,96,0
4176,96,0
4177,96,0
4178,94,0
4179,94,0
4180,96,0
4181,96,0
4182,96,0
4183,96,0
4184,96,0
4185,108,0
4186,104,0
4187,96,0
4188,102,0
4189,104,0
4190,102,0
4191,104,0
4192,96,0
4193,102,0
4194,104,0
4195,96,0
4196,96,0
4197,102,0
4198,104,0
4199,108,0
4200,104,0
4201,96,0
4202,96,0
4203,104,0
4204,96,0
4205,104,0
4206,96,0
4207,104,0
4208,96,0
4209,96,0
4210,94,0
4211,96,0
4212,96,0
4213,94,0
4214,96,0
4215,96,0
4216,96,0
4217,96,0
4218,94,0
4219,96,0
4220,96,0
4221,96,0
4222,94,0
4223,100,0
4224,94,0
4225,94,0
4226,96,0
4227,96,0
4228,96,0
4229,102,0
4230,104,0
4231,100,0
4232,102,0
4233,104,0
4234,106,0
4235,102,0
4236,96,0
4237,96,0
4238,100,0
4239,104,0
4240,96,0
4241,96,0
4242,96,0
4243,102,0
4244,102,0
4245,96,0
4246,96,0
4247,104,0
4248,106,0
4249,96,0
4250,96,0
4251,102,0
4252,102,0
4253,102,0
4254,104,0
4255,102,0
4256,102,0
4257,98,0
4258,102,0
4259,96,0
4260,100,0
4261,104,0
4262,102,0
4263,102,0
4264,96,0
4265,104,0
4266,102,0
4267,102,0
4268,104,0
4269,96,0
4270,104,0
4271,102,0
4272,102,0
4273,104,0
4274,102,0
4275,104,0
4276,102,0
4277,98,0
4278,106,0
4279,104,0
4280,104,0
4281,102,0
4282,104,0
4283,104,0
4284,96,0
4285,104,0
4286,104,0
4287,96,0
4288,102,0
4289,102,0
4290,100,0
4291,104,0
4292,98,0
4293,96,0
4294,96,0
4295,102,0
4296,102,0
4297,94,0
4298,96,0
4299,96,0
4300,100,0
4301,96,0
4302,96,0
4303,96,0
4304,94,0
4305,96,0
4306,100,0
4307,94,0
4308,96,0
4309,96,0
4310,96,0
4311,96,0
4312,96,0
4313,96,0
4314,96,0
4315,98,0
4316,94,0
4317,98,0
4318,94,0
4319,96,0
4320,96,0
4321,94,0
4322,96,0
4323,96,0
4324,98,0
4325,96,0
4326,96,0
4327,92,0
4328,96,0
4329,96,0
4330,94,0
4331,94,0
4332,102,0
4333,94,0
4334,94,0
4335,96,0
4336,102,0
4337,106,0
4338,106,0
4339,96,0
4340,106,0
4341,102,0
4342,104,0
4343,102,0
4344,96,0
4345,102,0
4346,102,0
4347,102,0
4348,104,0
4349,96,0
4350,104,0
4351,96,0
4352,102,0
4353,96,0
4354,102,0
4355,102,0
4356,102,0
4357,104,0
4358,102,0
4359,104,0
4360,102,0
4361,102,0
4362,104,0
4363,104,0
4364,96,0
4365,102,0
4366,102,0
4367,96,0
4368,106,0
4369,96,0
4370,98,0
4371,102,0
4372,96,0
4373,96,0
4374,96,0
4375,96,0
4376,96,0
4377,96,0
4378,96,0
4379,94,0
4380,94,0
4381,94,0
4382,96,0
4383,94,0
4384,96,0
4385,96,0
4386,96,0
4387,96,0
4388,96,0
4389,96,0
4390,94,0
4391,102,0
4392,96,0
4393,102,0
4394,104,0
4395,102,0
4396,100,0
4397,96,0
4398,96,0
4399,94,0
4400,98,0
4401,102,0
4402,102,0
4403,96,0
4404,96,0
4405,102,0
4406,96,0
4407,96,0
4408,96,0
4409,94,0
4410,94,0
4411,104,0
4412,108,0
4413,104,0
4414,104,0
4415,104,0
4416,102,0
4417,102,0
4418,104,0
4419,96,0
4420,102,0
4421,104,0
4422,100,0
4423,106,0
4424,98,0
4425,102,0
4426,104,0
4427,96,0
4428,94,0
4429,96,0
4430,102,0
4431,104,0
4432,96,0
4433,96,0
4434,100,0
4435,102,0
4436,96,0
4437,96,0
4438,94,0
4439,94,0
4440,96,0
4441,94,0
4442,96,0
4443,96,0
4444,96,0
4445,96,0
4446,96,0
4447,96,0
4448,96,0
4449,96,0
4450,100,0
4451,92,0
4452,96,0
4453,96,0
4454,96,0
4455,104,0
4456,96,0
4457,106,0
4458,96,0
4459,100,0
4460,106,0
4461,108,0
4462,106,0
4463,94,0
4464,106,0
4465,102,0
4466,102,0
4467,104,0
4468,108,0
4469,96,0
4470,100,0
4471,104,0
4472,96,0
4473,94,0
4474,96,0
4475,102,0
4476,106,0
4477,96,0
4478,96,0
4479,96,0
4480,102,0
4481,96,0
4482,96,0
4483,96,0
4484,94,0
4485,96,0
4486,96,0
4487,96,0
4488,96,0
4489,96,0
4490,96,0
4491,92,0
4492,94,0
4493,98,0
4494,96,0
4495,96,0
4496,96,0
4497,96,0
4498,94,0
4499,96,0
4500,94,0
4501,94,0
4502,104,0
4503,96,0
4504,102,0
4505,96,0
4506,104,0
4507,104,0
4508,100,0
4509,108,0
4510,100,0
4511,102,0
4512,104,0
4513,102,0
4514,102,0
4515,94,0
4516,104,0
4517,96,0
4518,104,0
4519,110,0
4520,104,0
4521,102,0
4522,104,0
4523,96,0
4524,104,0
4525,102,0
4526,94,0
4527,104,0
4528,96,0
4529,96,0
4530,102,0
4531,96,0
4532,102,0
4533,102,0
4534,94,0
4535,100,0
4536,102,0
4537,96,0
4538,96,0
4539,96,0
4540,102,0
4541,102,0
4542,96,0
4543,96,0
4544,96,0
4545,94,0
4546,102,0
4547,96,0
4548,96,0
4549,102,0
4550,94,0
4551,102,0
4552,96,0
4553,106,0
4554,102,0
4555,102,0
4556,102,0
4557,100,0
4558,102,0
4559,104,0
4560,104,0
4561,104,0
4562,102,0
4563,102,0
4564,96,0
4565,102,0
4566,102,0
4567,96,0
4568,96,0
4569,96,0
4570,98,0
4571,92,0
4572,102,0
4573,96,0
4574,100,0
4575,98,0
4576,104,0
4577,96,0
4578,94,0
4579,96,0
4580,100,0
4581,94,0
4582,94,0
4583,96,0
4584,100,0
4585,92,0
4586,92,0
4587,96,0
4588,96,0
4589,96,0
4590,94,0
4591,96,0
4592,96,0
4593,96,0
4594,94,0
4595,96,0
4596,96,0
4597,96,0
4598,96,0
4599,94,0
4600,96,0
4601,96,0
4602,96,0
4603,96,0
4604,104,0
4605,102,0
4606,96,0
4607,96,0
4608,102,0
4609,102,0
4610,102,0
4611,104,0
4612,96,0
4613,102,0
4614,98,0
4615,94,0
4616,94,0
4617,96,0
4618,96,0
4619,96,0
4620,96,0
4621,96,0
4622,96,0
4623,96,0
4624,94,0
4625,96,0
4626,96,0
4627,96,0
4628,96,0
4629,104,0
4630,96,0
4631,102,0
4632,102,0
4633,102,0
4634,106,0
4635,104,0
4636,106,0
4637,102,0
4638,96,0
4639,102,0
4640,108,0
4641,100,0
4642,100,0
4643,96,0
4644,96,0
4645,96,0
4646,102,0
4647,96,0
4648,102,0
4649,96,0
4650,102,0
4651,98,0
4652,100,0
4653,96,0
4654,94,0
4655,102,0
4656,102,0
4657,96,0
4658,102,0
4659,102,0
4660,102,0
4661,104,0
4662,102,0
4663,102,0
4664,96,0
4665,102,0
4666,96,0
4667,96,0
4668,102,0
4669,102,0
4670,102,0
4671,102,0
4672,102,0
4673,102,0
4674,102,0
4675,102,0
4676,102,0
4677,102,0
4678,102,0
4679,96,0
4680,102,0
4681,104,0
4682,96,0
4683,102,0
4684,96,0
4685,96,0
4686,104,0
4687,102,0
4688,104,0
4689,102,0
4690,98,0
4691,96,0
4692,102,0
4693,102,0
4694,104,0
4695,100,0
4696,96,0
4697,96,0
4698,100,0
4699,96,0
4700,100,0
4701,100,0
4702,102,0
4703,92,0
4704,94,0
4705,94,0
4706,94,0
4707,96,0
4708,94,0
4709,94,0
4710,96,0
4711,102,0
4712,102,0
4713,102,0
4714,102,0
4715,98,0
4716,104,0
4717,104,0
4718,96,0
4719,96,0
4720,102,0
4721,102,0
4722,102,0
4723,96,0
4724,96,0
4725,96,0
4726,96,0
4727,94,0
4728,100,0
4729,94,0
4730,104,0
4731,106,0
4732,104,0
4733,96,0
4734,102,0
4735,102,0
4736,104,0
4737,96,0
4738,102,0
4739,104,0
4740,102,0
4741,96,0
4742,106,0
4743,98,0
4744,100,0
4745,104,0
4746,96,0
4747,104,0
4748,104,0
4749,104,0
4750,100,0
4751,94,0
4752,106,0
4753,96,0
4754,102,0
4755,102,0
4756,100,0
4757,96,0
4758,100,0
4759,96,0
4760,102,0
4761,100,0
4762,104,0
4763,96,0
4764,96,0
4765,102,0
4766,100,0
4767,96,0
4768,96,0
4769,96,0
4770,96,0
4771,98,0
4772,94,0
4773,96,0
4774,96,0
4775,96,0
4776,96,0
4777,94,0
4778,94,0
4779,96,0
4780,96,0
4781,96,0
4782,94,0
4783,96,0
4784,96,0
4785,96,0
4786,100,0
4787,102,0
4788,96,0
4789,102,0
4790,104,0
4791,102,0
4792,102,0
4793,102,0
4794,96,0
4795,96,0
4796,96,0
4797,96,0
4798,96,0
4799,96,0
4800,102,0
4801,96,0
4802,96,0
4803,106,0
4804,100,0
4805,96,0
4806,94,0
4807,94,0
4808,96,0
4809,96,0
4810,94,0
4811,100,0
4812,96,0
4813,96,0
4814,96,0
4815,90,0
4816,98,0
4817,96,0
4818,102,0
4819,96,0
4820,104,0
4821,104,0
4822,102,0
4823,102,0
4824,104,0
4825,104,0
4826,102,0
4827,102,0
4828,102,0
4829,102,0
4830,102,0
4831,104,0
4832,104,0
4833,104,0
4834,96,0
4835,102,0
4836,102,0
4837,106,0
4838,96,0
4839,102,0
4840,94,0
4841,104,0
4842,96,0
4843,96,0
4844,94,0
4845,102,0
4846,96,0
4847,96,0
4848,102,0
4849,96,0
4850,104,0
4851,96,0
4852,98,0
4853,102,0
4854,96,0
4855,96,0
4856,96,0
4857,96,0
4858,94,0
4859,96,0
4860,96,0
4861,104,0
4862,96,0
4863,96,0
4864,96,0
4865,96,0
4866,96,0
4867,96,0
4868,100,0
4869,104,0
4870,102,0
4871,104,0
4872,102,0
4873,102,0
4874,94,0
4875,96,0
4876,102,0
4877,94,0
4878,102,0
4879,96,0
4880,96,0
4881,98,0
4882,96,0
4883,96,0
4884,96,0
4885,96,0
4886,96,0
4887,96,0
4888,96,0
4889,96,0
4890,96,0
4891,96,0
4892,106,0
4893,96,0
4894,92,0
4895,96,0
4896,98,0
4897,96,0
4898,96,0
4899,96,0
4900,96,0
4901,96,0
4902,96,0
4903,104,0
4904,96,0
4905,102,0
4906,96,0
4907,106,0
4908,96,0
4909,104,0
4910,96,0
4911,104,0
4912,104,0
4913,96,0
4914,100,0
4915,96,0
4916,96,0
4917,96,0
4918,96,0
4919,96,0
4920,104,0
4921,100,0
4922,100,0
4923,96,0
4924,102,0
4925,96,0
4926,94,0
4927,96,0
4928,100,0
4929,96,0
4930,108,0
4931,100,0
4932,96,0
4933,96,0
4934,96,0
4935,98,0
4936,94,0
4937,96,0
4938,96,0
4939,96,0
4940,96,0
4941,96,0
4942,96,0
4943,96,0
4944,94,0
4945,96,0
4946,102,0
4947,96,0
4948,96,0
4949,96,0
4950,108,0
4951,102,0
4952,104,0
4953,102,0
4954,104,0
4955,96,0
4956,102,0
4957,108,0
4958,96,0
4959,102,0
4960,96,0
4961,96,0
4962,94,0
4963,96,0
4964,96,0
4965,96,0
4966,96,0
4967,96,0
4968,96,0
4969,96,0
4970,96,0
4971,98,0
4972,96,0
4973,94,0
4974,96,0
4975,96,0
4976,96,0
4977,94,0
4978,100,0
4979,98,0
4980,96,0
4981,94,0
4982,100,0
4983,98,0
4984,96,0
4985,94,0
4986,96,0
4987,96,0
4988,98,0
4989,96,0
4990,96,0
4991,100,0
4992,94,0
4993,96,0
4994,94,0
4995,100,0
4996,100,0
4997,100,0
4998,96,0
4999,96,0
5000,96,0
5001,98,0
5002,96,0
5003,96,0
5004,96,0
5005,96,0
5006,94,0
5007,96,0
5008,96,0
5009,96,0
5010,96,0
5011,96,0
5012,98,0
5013,96,0
5014,96,0
5015,96,0
5016,96,0
5017,96,0
5018,96,0
5019,96,0
5020,96,0
5021,96,0
5022,96,0
5023,96,0
5024,96,0
5025,98,0
5026,96,0
5027,96,0
5028,96,0
5029,100,0
5030,96,0
5031,96,0
5032,96,0
5033,96,0
5034,94,0
5035,100,0
5036,96,0
5037,100,0
5038,96,0
5039,100,0
5040,96,0
5041,96,0
5042,96,0
5043,100,0
5044,96,0
5045,98,0
5046,96,0
5047,96,0
5048,100,0
5049,96,0
5050,96,0
5051,96,0
5052,94,0
5053,96,0
5054,96,0
5055,96,0
5056,96,0
5057,96,0
5058,96,0
5059,96,0
5060,96,0
5061,96,0
5062,96,0
5063,96,0
5064,96,0
5065,96,0
5066,102,0
5067,94,0
5068,102,0
5069,104,0
5070,96,0
5071,96,0
5072,96,0
5073,96,0
5074,96,0
5075,96,0
5076,96,0
5077,96,0
5078,102,0
5079,96,0
5080,102,0
5081,102,0
5082,96,0
5083,96,0
5084,96,0
5085,96,0
5086,96,0
5087,96,0
5088,96,0
5089,96,0
5090,96,0
5091,96,0
5092,96,0
5093,98,0
5094,100,0
5095,100,0
5096,96,0
5097,96,0
5098,96,0
5099,94,0
5100,104,0
5101,96,0
5102,102,0
5103,100,0
5104,104,0
5105,96,0
5106,100,0
5107,102,0
5108,100,0
5109,102,0
5110,96,0
5111,102,0
5112,98,0
5113,104,0
5114,100,0
5115,104,0
5116,104,0
5117,96,0
5118,102,0
5119,102,0
5120,102,0
5121,96,0
5122,96,0
5123,104,0
5124,102,0
5125,102,0
5126,96,0
5127,96,0
5128,102,0
5129,96,0
5130,104,0
5131,96,0
5132,96,0
5133,96,0
5134,96,0
5135,104,0
5136,98,0
5137,102,0
5138,104,0
5139,102,0
5140,104,0
5141,104,0
5142,106,0
5143,102,0
5144,104,0
5145,102,0
5146,102,0
5147,104,0
5148,102,0
5149,104,0
5150,102,0
5151,102,0
5152,100,0
5153,108,0
5154,102,0
5155,108,0
5156,102,0
5157,104,0
5158,102,0
5159,100,0
5160,104,0
5161,102,0
5162,108,0
5163,104,0
5164,102,0
5165,102,0
5166,96,0
5167,104,0
5168,104,0
5169,102,0
5170,96,0
5171,96,0
5172,102,0
5173,102,0
5174,96,0
5175,96,0
5176,96,0
5177,96,0
5178,96,0
5179,100,0
5180,96,0
5181,104,0
5182,98,0
5183,96,0
5184,96,0
5185,96,0
5186,96,0
5187,96,0
5188,102,0
5189,96,0
5190,96,0
5191,94,0
5192,96,0
5193,98,0
5194,98,0
5195,96,0
5196,96,0
5197,96,0
5198,96,0
5199,100,0
5200,100,0
5201,92,0
5202,94,0
5203,98,0
5204,96,0
5205,96,0
5206,96,0
5207,96,0
5208,96,0
5209,96,0
5210,96,0
5211,100,0
5212,96,0
5213,94,0
5214,96,0
5215,96,0
5216,96,0
5217,96,0
5218,96,0
5219,94,0
5220,98,0
5221,96,0
5222,96,0
5223,96,0
5224,100,0
5225,96,0
5226,96,0
5227,96,0
5228,100,0
5229,100,0
5230,96,0
5231,96,0
5232,96,0
5233,96,0
5234,96,0
5235,96,0
5236,94,0
5237,96,0
5238,96,0
5239,96,0
5240,96,0
5241,94,0
5242,96,0
5243,96,0
5244,96,0
5245,96,0
5246,96,0
5247,98,0
5248,98,0
5249,96,0
5250,96,0
5251,96,0
5252,96,0
5253,96,0
5254,96,0
5255,96,0
5256,100,0
5257,96,0
5258,94,0
5259,96,0
5260,96,0
5261,96,0
5262,102,0
5263,96,0
5264,104,0
5265,96,0
5266,104,0
5267,104,0
5268,104,0
5269,102,0
5270,100,0
5271,102,0
5272,104,0
5273,100,0
5274,96,0
5275,96,0
5276,104,0
5277,96,0
5278,100,0
5279,96,0
5280,96,0
5281,96,0
5282,96,0
5283,96,0
5284,94,0
5285,96,0
5286,96,0
5287,96,0
5288,96,0
5289,96,0
5290,100,0
5291,96,0
5292,94,0
5293,106,0
5294,104,0
5295,100,0
5296,96,0
5297,102,0
5298,104,0
5299,96,0
5300,96,0
5301,104,0
5302,100,0
5303,98,0
5304,96,0
5305,96,0
5306,102,0
5307,96,0
5308,96,0
5309,96,0
5310,96,0
5311,94,0
5312,96,0
5313,96,0
5314,96,0
5315,96,0
5316,96,0
5317,96,0
5318,96,0
5319,100,0
5320,100,0
5321,96,0
5322,104,0
5323,104,0
5324,102,0
5325,96,0
5326,102,0
5327,102,0
5328,100,0
5329,96,0
5330,100,0
5331,104,0
5332,102,0
5333,96,0
5334,96,0
5335,104,0
5336,104,0
5337,102,0
5338,96,0
5339,96,0
5340,92,0
5341,106,0
5342,96,0
5343,106,0
5344,104,0
5345,102,0
5346,94,0
5347,104,0
5348,94,0
5349,106,0
5350,100,0
5351,94,0
5352,96,0
5353,94,0
5354,96,0
5355,94,0
5356,96,0
5357,96,0
5358,94,0
5359,98,0
5360,96,0
5361,96,0
5362,96,0
5363,96,0
5364,96,0
5365,96,0
5366,96,0
5367,96,0
5368,96,0
5369,96,0
5370,94,0
5371,96,0
5372,96,0
5373,100,0
5374,96,0
5375,96,0
5376,94,0
5377,96,0
5378,96,0
5379,96,0
5380,96,0
5381,96,0
5382,98,0
5383,96,0
5384,96,0
5385,96,0
5386,100,0
5387,96,0
5388,96,0
5389,98,0
5390,96,0
5391,96,0
5392,96,0
5393,100,0
5394,98,0
5395,96,0
5396,96,0
5397,100,0
5398,96,0
5399,94,0
5400,96,0
5401,96,0
5402,98,0
5403,96,0
5404,100,0
5405,96,0
5406,96,0
5407,96,0
5408,96,0
5409,100,0
5410,98,0
5411,96,0
5412,96,0
5413,96,0
5414,96,0
5415,96,0
5416,96,0
5417,96,0
5418,96,0
5419,96,0
5420,96,0
5421,96,0
5422,96,0
5423,96,0
5424,96,0
5425,100,0
5426,92,0
5427,96,0
5428,96,0
5429,104,0
5430,94,0
5431,104,0
5432,104,0
5433,102,0
5434,96,0
5435,102,0
5436,96,0
5437,94,0
5438,100,0
5439,102,0
5440,96,0
5441,96,0
5442,96,0
5443,96,0
5444,96,0
5445,96,0
5446,96,0
5447,96,0
5448,96,0
5449,96,0
5450,96,0
5451,96,0
5452,98,0
5453,96,0
5454,96,0
5455,94,0
5456,96,0
5457,96,0
5458,96,0
5459,94,0
5460,94,0
5461,102,0
5462,96,0
5463,102,0
5464,96,0
5465,96,0
5466,104,0
5467,102,0
5468,96,0
5469,102,0
5470,106,0
5471,104,0
5472,104,0
5473,94,0
5474,104,0
5475,102,0
5476,102,0
5477,96,0
5478,104,0
5479,104,0
5480,102,0
5481,96,0
5482,102,0
5483,98,0
5484,104,0
5485,102,0
5486,96,0
5487,96,0
5488,96,0
5489,94,0
5490,102,0
5491,96,0
5492,104,0
5493,96,0
5494,102,0
5495,102,0
5496,104,0
5497,102,0
5498,102,0
5499,96,0
5500,96,0
5501,106,0
5502,102,0
5503,102,0
5504,104,0
5505,102,0
5506,94,0
5507,108,0
5508,96,0
5509,96,0
5510,102,0
5511,106,0
5512,104,0
5513,96,0
5514,96,0
5515,104,0
5516,108,0
5517,102,0
5518,96,0
5519,102,0
5520,102,0
5521,108,0
5522,102,0
5523,96,0
5524,102,0
5525,104,0
5526,96,0
5527,94,0
5528,96,0
5529,100,0
5530,96,0
5531,94,0
5532,94,0
5533,96,0
5534,96,0
5535,96,0
5536,98,0
5537,96,0
5538,98,0
5539,96,0
5540,96,0
5541,100,0
5542,96,0
5543,96,0
5544,96,0
5545,96,0
5546,96,0
5547,96,0
5548,94,0
5549,96,0
5550,96,0
5551,96,0
5552,96,0
5553,104,0
5554,96,0
5555,96,0
5556,102,0
5557,102,0
5558,104,0
5559,104,0
5560,94,0
5561,96,0
5562,104,0
5563,102,0
5564,94,0
5565,96,0
5566,96,0
5567,96,0
5568,98,0
5569,96,0
5570,96,0
5571,96,0
5572,98,0
5573,96,0
5574,96,0
5575,98,0
5576,104,0
5577,98,0
5578,102,0
5579,100,0
5580,104,0
5581,100,0
5582,94,0
5583,94,0
5584,96,0
5585,94,0
5586,98,0
5587,96,0
5588,96,0
5589,104,0
5590,96,0
5591,104,0
5592,96,0
5593,94,0
5594,100,0
5595,102,0
5596,102,0
5597,104,0
5598,104,0
5599,106,0
5600,102,0
5601,102,0
5602,102,0
5603,96,0
5604,102,0
5605,102,0
5606,96,0
5607,96,0
5608,102,0
5609,102,0
5610,102,0
5611,96,0
5612,104,0
5613,104,0
5614,104,0
5615,96,0
5616,96,0
5617,102,0
5618,102,0
5619,96,0
5620,104,0
5621,100,0
5622,102,0
5623,96,0
5624,102,0
5625,96,0
5626,96,0
5627,96,0
5628,96,0
5629,96,0
5630,96,0
5631,94,0
5632,100,0
5633,94,0
5634,96,0
5635,96,0
5636,100,0
5637,100,0
5638,106,0
5639,102,0
5640,102,0
5641,96,0
5642,96,0
5643,96,0
5644,96,0
5645,96,0
5646,94,0
5647,96,0
5648,94,0
5649,102,0
5650,96,0
5651,104,0
5652,106,0
5653,102,0
5654,104,0
5655,96,0
5656,102,0
5657,102,0
5658,102,0
5659,104,0
5660,96,0
5661,102,0
5662,102,0
5663,102,0
5664,96,0
5665,104,0
5666,100,0
5667,102,0
5668,96,0
5669,102,0
5670,96,0
5671,96,0
5672,96,0
5673,96,0
5674,100,0
5675,96,0
5676,96,0
5677,96,0
5678,96,0
5679,94,0
5680,102,0
5681,94,0
5682,96,0
5683,96,0
5684,96,0
5685,98,0
5686,96,0
5687,96,0
5688,96,0
5689,96,0
5690,96,0
5691,96,0
5692,96,0
5693,96,0
5694,96,0
5695,100,0
5696,96,0
5697,100,0
5698,96,0
5699,100,0
5700,96,0
5701,96,0
5702,96,0
5703,96,0
5704,96,0
5705,96,0
5706,96,0
5707,94,0
5708,96,0
5709,96,0
5710,96,0
5711,94,0
5712,96,0
5713,96,0
5714,96,0
5715,96,0
5716,96,0
5717,96,0
5718,96,0
5719,94,0
5720,96,0
5721,94,0
5722,96,0
5723,94,0
5724,96,0
5725,96,0
5726,96,0
5727,96,0
5728,98,0
5729,94,0
5730,96,0
5731,96,0
5732,96,0
5733,96,0
5734,96,0
5735,94,0
5736,94,0
5737,96,0
5738,96,0
5739,96,0
5740,96,0
5741,98,0
5742,98,0
5743,96,0
5744,96,0
5745,96,0
5746,100,0
5747,96,0
5748,94,0
5749,96,0
5750,96,0
5751,96,0
5752,100,0
5753,96,0
5754,94,0
5755,94,0
5756,96,0
5757,96,0
5758,96,0
5759,96,0
5760,100,0
5761,94,0
5762,96,0
5763,96,0
5764,96,0
5765,96,0
5766,96,0
5767,96,0
5768,96,0
5769,96,0
5770,96,0
5771,96,0
5772,96,0
5773,102,0
5774,96,0
5775,102,0
5776,96,0
5777,104,0
5778,106,0
5779,96,0
5780,104,0
5781,102,0
5782,94,0
5783,104,0
5784,96,0
5785,96,0
5786,94,0
5787,96,0
5788,104,0
5789,96,0
5790,96,0
5791,96,0
5792,102,0
5793,96,0
5794,94,0
5795,102,0
5796,96,0
5797,96,0
5798,96,0
5799,102,0
5800,96,0
5801,96,0
5802,96,0
5803,96,0
5804,94,0
5805,96,0
5806,102,0
5807,104,0
5808,108,0
5809,96,0
5810,96,0
5811,96,0
5812,98,0
5813,102,0
5814,94,0
5815,96,0
5816,104,0
5817,106,0
5818,94,0
5819,94,0
5820,96,0
5821,100,0
5822,96,0
5823,96,0
5824,96,0
5825,96,0
5826,104,0
5827,96,0
5828,96,0
5829,96,0
5830,96,0
5831,102,0
5832,96,0
5833,96,0
5834,104,0
5835,96,0
5836,96,0
5837,104,0
5838,104,0
5839,100,0
5840,96,0
5841,100,0
5842,102,0
5843,102,0
5844,96,0
5845,100,0
5846,108,0
5847,96,0
5848,96,0
5849,104,0
5850,104,0
5851,100,0
5852,104,0
5853,96,0
5854,102,0
5855,96,0
5856,98,0
5857,100,0
5858,96,0
5859,104,0
5860,106,0
5861,96,0
5862,102,0
5863,96,0
5864,106,0
5865,96,0
5866,104,0
5867,100,0
5868,96,0
5869,96,0
5870,102,0
5871,96,0
5872,96,0
5873,96,0
5874,96,0
5875,102,0
5876,98,0
5877,96,0
5878,96,0
5879,96,0
5880,96,0
5881,96,0
5882,102,0
5883,102,0
5884,96,0
5885,102,0
5886,106,0
5887,96,0
5888,102,0
5889,102,0
5890,96,0
5891,100,0
5892,94,0
5893,96,0
5894,104,0
5895,96,0
5896,96,0
5897,102,0
5898,96,0
5899,96,0
5900,96,0
5901,96,0
5902,96,0
5903,96,0
5904,96,0
5905,96,0
5906,96,0
5907,96,0
5908,100,0
5909,106,0
5910,94,0
5911,106,0
5912,96,0
5913,100,0
5914,106,0
5915,104,0
5916,98,0
5917,102,0
5918,96,0
5919,104,0
5920,96,0
5921,100,0
5922,94,0
5923,96,0
5924,96,0
5925,96,0
5926,96,0
5927,96,0
5928,94,0
5929,100,0
5930,104,0
5931,100,0
5932,102,0
5933,94,0
5934,102,0
5935,104,0
5936,106,0
5937,96,0
5938,96,0
5939,94,0
5940,100,0
5941,104,0
5942,102,0
5943,104,0
5944,102,0
5945,94,0
5946,96,0
5947,102,0
5948,102,0
5949,102,0
5950,96,0
5951,96,0
5952,96,0
5953,96,0
5954,96,0
5955,96,0
5956,96,0
5957,96,0
5958,96,0
5959,96,0
5960,96,0
5961,96,0
5962,96,0
5963,96,0
5964,96,0
5965,96,0
5966,96,0
5967,96,0
5968,100,0
5969,104,0
5970,106,0
5971,100,0
5972,108,0
5973,96,0
5974,98,0
5975,100,0
5976,96,0
5977,96,0
5978,96,0
5979,96,0
5980,96,0
5981,96,0
5982,96,0
5983,96,0
5984,100,0
5985,96,0
5986,96,0
5987,96,0
5988,100,0
5989,96,0
5990,96,0
5991,96,0
5992,96,0
5993,96,0
5994,96,0
5995,96,0
5996,96,0
5997,96,0
5998,96,0
5999,94,0
6000,96,0
6001,96,0
6002,96,0
6003,96,0
6004,96,0
6005,96,0
6006,96,0
6007,96,0
6008,96,0
6009,96,0
6010,96,0
6011,96,0
6012,96,0
6013,96,0
6014,96,0
6015,96,0
6016,94,0
6017,96,0
6018,96,0
6019,96,0
6020,96,0
6021,100,0
6022,96,0
6023,96,0
6024,96,0
6025,98,0
6026,94,0
6027,96,0
6028,96,0
6029,96,0
6030,96,0
6031,94,0
6032,96,0
6033,96,0
6034,96,0
6035,98,0
6036,98,0
6037,94,0
6038,96,0
6039,96,0
6040,96,0
6041,96,0
6042,100,0
6043,96,0
6044,96,0
6045,96,0
6046,94,0
6047,96,0
6048,96,0
6049,94,0
6050,96,0
6051,98,0
6052,96,0
6053,96,0
6054,96,0
6055,96,0
6056,96,0
6057,100,0
6058,96,0
6059,98,0
6060,98,0
6061,96,0
6062,96,0
6063,96,0
6064,96,0
6065,94,0
6066,96,0
6067,96,0
6068,96,0
6069,96,0
6070,96,0
6071,98,0
6072,98,0
6073,94,0
6074,94,0
6075,96,0
6076,96,0
6077,96,0
6078,96,0
6079,94,0
6080,96,0
6081,96,0
6082,96,0
6083,96,0
6084,96,0
6085,96,0
6086,96,0
6087,96,0
6088,100,0
6089,96,0
6090,96,0
6091,96,0
6092,96,0
6093,98,0
6094,98,0
6095,94,0
6096,96,0
6097,96,0
6098,96,0
6099,96,0
6100,100,0
6101,98,0
6102,96,0
6103,96,0
6104,96,0
6105,96,0
6106,96,0
6107,94,0
6108,96,0
6109,96,0
6110,100,0
6111,96,0
6112,100,0
6113,96,0
6114,96,0
6115,96,0
6116,94,0
6117,96,0
6118,96,0
6119,96,0
6120,96,0
6121,96,0
6122,96,0
6123,96,0
6124,96,0
6125,96,0
6126,98,0
6127,96,0
6128,96,0
6129,96,0
6130,96,0
6131,96,0
6132,96,0
6133,94,0
6134,96,0
6135,100,0
6136,96,0
6137,102,0
6138,96,0
6139,96,0
6140,96,0
6141,102,0
6142,104,0
6143,96,0
6144,102,0
6145,102,0
6146,104,0
6147,102,0
6148,94,0
6149,96,0
6150,96,0
6151,96,0
6152,96,0
6153,96,0
6154,98,0
6155,94,0
6156,96,0
6157,100,0
6158,98,0
6159,94,0
6160,100,0
6161,96,0
6162,96,0
6163,96,0
6164,96,0
6165,96,0
6166,96,0
6167,100,0
6168,98,0
6169,96,0
6170,108,0
6171,94,0
6172,94,0
6173,102,0
6174,102,0
6175,102,0
6176,102,0
6177,104,0
6178,102,0
6179,104,0
6180,102,0
6181,104,0
6182,102,0
6183,96,0
6184,102,0
6185,102,0
6186,102,0
6187,100,0
6188,102,0
6189,104,0
6190,102,0
6191,104,0
6192,102,0
6193,102,0
6194,102,0
6195,102,0
6196,102,0
6197,108,0
6198,104,0
6199,104,0
6200,106,0
6201,102,0
6202,106,0
6203,104,0
6204,104,0
6205,102,0
6206,102,0
6207,104,0
6208,102,0
6209,102,0
6210,102,0
6211,104,0
6212,96,0
6213,108,0
6214,102,0
6215,106,0
6216,104,0
6217,96,0
6218,106,0
6219,100,0
6220,104,0
6221,104,0
6222,104,0
6223,106,0
6224,104,0
6225,102,0
6226,104,0
6227,100,0
6228,100,0
6229,104,0
6230,102,0
6231,102,0
6232,96,0
6233,102,0
6234,102,0
6235,104,0
6236,102,0
6237,106,0
6238,102,0
6239,102,0
6240,102,0
6241,104,0
6242,108,0
6243,104,0
6244,104,0
6245,102,0
6246,102,0
6247,104,0
6248,104,0
6249,104,0
6250,102,0
6251,96,0
6252,96,0
6253,104,0
6254,102,0
6255,108,0
6256,100,0
6257,104,0
6258,102,0
6259,102,0
6260,98,0
6261,102,0
6262,102,0
6263,102,0
6264,100,0
6265,102,0
6266,94,0
6267,96,0
6268,102,0
6269,106,0
6270,102,0
6271,102,0
6272,102,0
6273,102,0
6274,106,0
6275,102,0
6276,102,0
6277,104,0
6278,104,0
6279,102,0
6280,106,0
6281,100,0
6282,96,0
6283,104,0
6284,102,0
6285,102,0
6286,104,0
6287,100,0
6288,102,0
6289,102,0
6290,102,0
6291,104,0
6292,94,0
6293,94,0
6294,102,0
6295,104,0
6296,96,0
6297,94,0
6298,104,0
6299,102,0
6300,102,0
6301,104,0
6302,102,0
6303,96,0
6304,102,0
6305,104,0
6306,96,0
6307,94,0
6308,94,0
6309,100,0
6310,96,0
6311,94,0
6312,94,0
6313,94,0
6314,96,0
6315,96,0
6316,94,0
6317,96,0
6318,94,0
6319,96,0
6320,96,0
6321,96,0
6322,100,0
6323,96,0
6324,96,0
6325,96,0
6326,100,0
6327,94,0
6328,96,0
6329,94,0
6330,96,0
6331,94,0
6332,96,0
6333,94,0
6334,94,0
6335,94,0
6336,96,0
6337,96,0
6338,98,0
6339,94,0
6340,96,0
6341,98,0
6342,98,0
6343,96,0
6344,96,0
6345,96,0
6346,100,0
6347,96,0
6348,96,0
6349,94,0
6350,96,0
6351,94,0
6352,96,0
6353,92,0
6354,94,0
6355,96,0
6356,96,0
6357,96,0
6358,94,0
6359,96,0
6360,94,0
6361,100,0
6362,96,0
6363,94,0
6364,96,0
6365,96,0
6366,100,0
6367,96,0
6368,96,0
6369,96,0
6370,96,0
6371,96,0
6372,96,0
6373,96,0
6374,96,0
6375,94,0
6376,96,0
6377,90,0
6378,98,0
6379,96,0
6380,96,0
6381,96,0
6382,94,0
6383,96,0
6384,98,0
6385,98,0
6386,96,0
6387,96,0
6388,100,0
6389,102,0
6390,96,0
6391,106,0
6392,96,0
6393,102,0
6394,94,0
6395,108,0
6396,100,0
6397,102,0
6398,104,0
6399,106,0
6400,96,0
6401,96,0
6402,100,0
6403,100,0
6404,102,0
6405,102,0
6406,96,0
6407,102,0
6408,94,0
6409,102,0
6410,96,0
6411,102,0
6412,104,0
6413,94,0
6414,94,0
6415,100,0
6416,96,0
6417,96,0
6418,94,0
6419,96,0
6420,96,0
6421,102,0
6422,102,0
6423,100,0
6424,94,0
6425,96,0
6426,96,0
6427,94,0
6428,94,0
6429,96,0
6430,102,0
6431,104,0
6432,106,0
6433,100,0
6434,96,0
6435,94,0
6436,96,0
6437,96,0
6438,96,0
6439,96,0
6440,94,0
6441,98,0
6442,96,0
6443,96,0
6444,96,0
6445,106,0
6446,96,0
6447,104,0
6448,104,0
6449,102,0
6450,104,0
6451,104,0
6452,102,0
6453,102,0
6454,106,0
6455,100,0
6456,96,0
6457,96,0
6458,96,0
6459,96,0
6460,96,0
6461,96,0
6462,96,0
6463,96,0
6464,96,0
6465,96,0
6466,102,0
6467,96,0
6468,102,0
6469,104,0
6470,96,0
6471,96,0
6472,96,0
6473,96,0
6474,96,0
6475,104,0
6476,96,0
6477,104,0
6478,102,0
6479,104,0
6480,94,0
6481,104,0
6482,104,0
6483,96,0
6484,104,0
6485,104,0
6486,104,0
6487,96,0
6488,96,0
6489,104,0
6490,96,0
6491,102,0
6492,102,0
6493,96,0
6494,96,0
6495,94,0
6496,96,0
6497,100,0
6498,96,0
6499,96,0
6500,96,0
6501,96,0
6502,98,0
6503,102,0
6504,98,0
6505,98,0
6506,104,0
6507,102,0
6508,98,0
6509,96,0
6510,102,0
6511,96,0
6512,106,0
6513,96,0
6514,96,0
6515,96,0
6516,100,0
6517,104,0
6518,96,0
6519,96,0
6520,96,0
6521,104,0
6522,104,0
6523,104,0
6524,102,0
6525,102,0
6526,102,0
6527,96,0
6528,102,0
6529,100,0
6530,102,0
6531,102,0
6532,104,0
6533,104,0
6534,96,0
6535,102,0
6536,102,0
6537,96,0
6538,96,0
6539,96,0
6540,96,0
6541,96,0
6542,104,0
6543,104,0
6544,96,0
6545,104,0
6546,106,0
6547,102,0
6548,94,0
6549,104,0
6550,102,0
6551,108,0
6552,102,0
6553,102,0
6554,102,0
6555,104,0
6556,96,0
6557,104,0
6558,104,0
6559,104,0
6560,104,0
6561,104,0
6562,104,0
6563,110,0
6564,102,0
6565,96,0
6566,96,0
6567,100,0
6568,102,0
6569,100,0
6570,96,0
6571,104,0
6572,96,0
6573,100,0
6574,96,0
6575,100,0
6576,102,0
6577,96,0
6578,104,0
6579,108,0
6580,102,0
6581,104,0
6582,104,0
6583,102,0
6584,104,0
6585,104,0
6586,102,0
6587,104,0
6588,102,0
6589,102,0
6590,104,0
6591,104,0
6592,102,0
6593,104,0
6594,104,0
6595,102,0
6596,104,0
6597,104,0
6598,102,0
6599,104,0
6600,106,0
6601,104,0
6602,100,0
6603,102,0
6604,106,0
6605,104,0
6606,102,0
6607,102,0
6608,108,0
6609,104,0
6610,102,0
6611,104,0
6612,102,0
6613,102,0
6614,102,0
6615,102,0
6616,104,0
6617,102,0
6618,102,0
6619,104,0
6620,92,0
6621,94,0
6622,96,0
6623,104,0
6624,102,0
6625,96,0
6626,106,0
6627,96,0
6628,96,0
6629,104,0
6630,96,0
6631,108,0
6632,102,0
6633,104,0
6634,94,0
6635,102,0
6636,104,0
6637,104,0
6638,104,0
6639,104,0
6640,104,0
6641,96,0
6642,96,0
6643,96,0
6644,96,0
6645,102,0
6646,96,0
6647,102,0
6648,96,0
6649,96,0
6650,94,0
6651,96,0
6652,96,0
6653,102,0
6654,98,0
6655,96,0
6656,96,0
6657,96,0
6658,96,0
6659,94,0
6660,96,0
6661,98,0
6662,96,0
6663,96,0
6664,96,0
6665,96,0
6666,104,0
6667,96,0
6668,102,0
6669,104,0
6670,102,0
6671,110,0
6672,96,0
6673,94,0
6674,104,0
6675,102,0
6676,100,0
6677,96,0
6678,104,0
6679,96,0
6680,100,0
6681,98,0
6682,96,0
6683,96,0
6684,98,0
6685,98,0
6686,96,0
6687,96,0
6688,96,0
6689,100,0
6690,96,0
6691,94,0
6692,94,0
6693,94,0
6694,106,0
6695,104,0
6696,104,0
6697,102,0
6698,102,0
6699,104,0
6700,102,0
6701,102,0
6702,96,0
6703,104,0
6704,102,0
6705,104,0
6706,102,0
6707,102,0
6708,104,0
6709,104,0
6710,102,0
6711,102,0
6712,108,0
6713,104,0
6714,102,0
6715,94,0
6716,102,0
6717,102,0
6718,104,0
6719,102,0
6720,102,0
6721,104,0
6722,104,0
6723,102,0
6724,104,0
6725,96,0
6726,96,0
6727,104,0
6728,96,0
6729,98,0
6730,104,0
6731,100,0
6732,98,0
6733,96,0
6734,96,0
6735,96,0
6736,94,0
6737,96,0
6738,96,0
6739,96,0
6740,96,0
6741,94,0
6742,94,0
6743,94,0
6744,96,0
6745,100,0
6746,94,0
6747,98,0
6748,96,0
6749,94,0
6750,96,0
6751,96,0
6752,94,0
6753,96,0
6754,96,0
6755,94,0
6756,96,0
6757,96,0
6758,96,0
6759,96,0
6760,94,0
6761,96,0
6762,96,0
6763,96,0
6764,96,0
6765,96,0
6766,92,0
6767,96,0
6768,96,0
6769,96,0
6770,96,0
6771,100,0
6772,96,0
6773,94,0
6774,96,0
6775,96,0
6776,98,0
6777,104,0
6778,100,0
6779,104,0
6780,104,0
6781,102,0
6782,104,0
6783,104,0
6784,102,0
6785,102,0
6786,104,0
6787,104,0
6788,100,0
6789,96,0
6790,96,0
6791,96,0
6792,96,0
6793,96,0
6794,94,0
6795,104,0
6796,96,0
6797,102,0
6798,106,0
6799,96,0
6800,102,0
6801,106,0
6802,96,0
6803,96,0
6804,96,0
6805,96,0
6806,102,0
6807,96,0
6808,104,0
6809,96,0
6810,100,0
6811,100,0
6812,104,0
6813,96,0
6814,96,0
6815,96,0
6816,96,0
6817,96,0
6818,96,0
6819,96,0
6820,96,0
6821,96,0
6822,102,0
6823,96,0
6824,102,0
6825,102,0
6826,106,0
6827,96,0
6828,96,0
6829,104,0
6830,106,0
6831,106,0
6832,104,0
6833,102,0
6834,96,0
6835,96,0
6836,104,0
6837,94,0
6838,106,0
6839,96,0
6840,96,0
6841,96,0
6842,102,0
6843,96,0
6844,96,0
6845,100,0
6846,96,0
6847,102,0
6848,96,0
6849,104,0
6850,102,0
6851,102,0
6852,108,0
6853,102,0
6854,104,0
6855,104,0
6856,102,0
6857,106,0
6858,104,0
6859,102,0
6860,96,0
6861,100,0
6862,104,0
6863,96,0
6864,104,0
6865,96,0
6866,104,0
6867,98,0
6868,96,0
6869,96,0
6870,96,0
6871,98,0
6872,96,0
6873,96,0
6874,96,0
6875,96,0
6876,102,0
6877,96,0
6878,106,0
6879,102,0
6880,96,0
6881,102,0
6882,104,0
6883,102,0
6884,104,0
6885,102,0
6886,104,0
6887,104,0
6888,102,0
6889,100,0
6890,104,0
6891,104,0
6892,102,0
6893,102,0
6894,104,0
6895,96,0
6896,104,0
6897,102,0
6898,96,0
6899,104,0
6900,102,0
6901,104,0
6902,104,0
6903,104,0
6904,104,0
6905,104,0
6906,102,0
6907,106,0
6908,104,0
6909,104,0
6910,96,0
6911,104,0
6912,102,0
6913,104,0
6914,96,0
6915,104,0
6916,96,0
6917,94,0
6918,108,0
6919,98,0
6920,96,0
6921,102,0
6922,104,0
6923,104,0
6924,104,0
6925,102,0
6926,94,0
6927,98,0
6928,94,0
6929,94,0
6930,94,0
6931,104,0
6932,96,0
6933,102,0
6934,102,0
6935,96,0
6936,96,0
6937,96,0
6938,96,0
6939,96,0
6940,96,0
6941,96,0
6942,96,0
6943,100,0
6944,102,0
6945,96,0
6946,102,0
6947,102,0
6948,102,0
6949,104,0
6950,106,0
6951,96,0
6952,106,0
6953,96,0
6954,100,0
6955,102,0
6956,96,0
6957,96,0
6958,94,0
6959,96,0
6960,96,0
6961,96,0
6962,102,0
6963,96,0
6964,98,0
6965,94,0
6966,96,0
6967,96,0
6968,96,0
6969,96,0
6970,108,0
6971,96,0
6972,96,0
6973,108,0
6974,100,0
6975,98,0
6976,102,0
6977,96,0
6978,100,0
6979,96,0
6980,96,0
6981,96,0
6982,96,0
6983,104,0
6984,96,0
6985,96,0
6986,96,0
6987,96,0
6988,96,0
6989,94,0
6990,98,0
6991,96,0
6992,98,0
6993,96,0
6994,96,0
6995,94,0
6996,94,0
6997,96,0
6998,96,0
6999,96,0
7000,96,0
7001,96,0
7002,96,0
7003,100,0
7004,96,0
7005,102,0
7006,102,0
7007,104,0
7008,102,0
7009,94,0
7010,96,0
7011,96,0
7012,96,0
7013,98,0
7014,96,0
7015,96,0
7016,104,0
7017,96,0
7018,104,0
7019,96,0
7020,96,0
7021,108,0
7022,96,0
7023,96,0
7024,96,0
7025,96,0
7026,96,0
7027,96,0
7028,106,0
7029,96,0
7030,96,0
7031,102,0
7032,102,0
7033,104,0
7034,96,0
7035,96,0
7036,94,0
7037,98,0
7038,100,0
7039,96,0
7040,106,0
7041,100,0
7042,96,0
7043,96,0
7044,96,0
7045,100,0
7046,96,0
7047,96,0
7048,102,0
7049,96,0
7050,98,0
7051,96,0
7052,96,0
7053,96,0
7054,98,0
7055,94,0
7056,94,0
7057,98,0
7058,98,0
7059,94,0
7060,96,0
7061,96,0
7062,102,0
7063,96,0
7064,106,0
7065,104,0
7066,96,0
7067,102,0
7068,102,0
7069,102,0
7070,104,0
7071,102,0
7072,102,0
7073,102,0
7074,104,0
7075,100,0
7076,102,0
7077,96,0
7078,100,0
7079,96,0
7080,96,0
7081,96,0
7082,96,0
7083,96,0
7084,96,0
7085,96,0
7086,96,0
7087,96,0
7088,96,0
7089,94,0
7090,96,0
7091,94,0
7092,96,0
7093,102,0
7094,100,0
7095,102,0
7096,102,0
7097,104,0
7098,104,0
7099,104,0
7100,96,0
7101,104,0
7102,96,0
7103,104,0
7104,102,0
7105,98,0
7106,96,0
7107,96,0
7108,96,0
7109,96,0
7110,108,0
7111,104,0
7112,100,0
7113,106,0
7114,104,0
7115,106,0
7116,102,0
7117,104,0
7118,104,0
7119,102,0
7120,96,0
7121,102,0
7122,104,0
7123,102,0
7124,104,0
7125,104,0
7126,106,0
7127,102,0
7128,100,0
7129,96,0
7130,104,0
7131,102,0
7132,96,0
7133,96,0
7134,96,0
7135,96,0
7136,96,0
7137,96,0
7138,96,0
7139,94,0
7140,94,0
7141,94,0
7142,96,0
7143,96,0
7144,104,0
7145,102,0
7146,102,0
7147,96,0
7148,102,0
7149,96,0
7150,96,0
7151,106,0
7152,100,0
7153,100,0
7154,104,0
7155,104,0
7156,102,0
7157,106,0
7158,106,0
7159,94,0
7160,108,0
7161,104,0
7162,98,0
7163,100,0
7164,96,0
7165,102,0
7166,102,0
7167,96,0
7168,96,0
7169,96,0
7170,96,0
7171,96,0
7172,96,0
7173,96,0
7174,96,0
7175,96,0
7176,104,0
7177,96,0
7178,96,0
7179,96,0
7180,96,0
7181,96,0
7182,96,0
7183,96,0
7184,96,0
7185,102,0
7186,102,0
7187,104,0
7188,104,0
7189,104,0
7190,102,0
7191,104,0
7192,104,0
7193,96,0
7194,96,0
7195,106,0
7196,94,0
7197,96,0
7198,98,0
7199,96,0
7200,96,0
7201,96,0
7202,96,0
7203,96,0
7204,96,0
7205,96,0
7206,96,0
7207,96,0
7208,96,0
7209,96,0
7210,96,0
7211,104,0
7212,94,0
7213,96,0
7214,100,0
7215,96,0
7216,96,0
7217,92,0
7218,96,0
7219,96,0
7220,96,0
7221,96,0
7222,94,0
7223,102,0
7224,104,0
7225,108,0
7226,102,0
7227,100,0
7228,104,0
7229,104,0
7230,100,0
7231,102,0
7232,104,0
7233,96,0
7234,96,0
7235,96,0
7236,96,0
7237,96,0
7238,94,0
7239,94,0
7240,94,0
7241,96,0
7242,94,0
7243,96,0
7244,96,0
7245,94,0
7246,96,0
7247,96,0
7248,96,0
7249,96,0
7250,96,0
7251,96,0
7252,96,0
7253,96,0
7254,96,0
7255,96,0
7256,96,0
7257,96,0
7258,98,0
7259,96,0
7260,96,0
7261,96,0
7262,96,0
7263,96,0
7264,100,0
7265,96,0
7266,94,0
7267,96,0
7268,98,0
7269,96,0
7270,96,0
7271,96,0
7272,96,0
7273,96,0
7274,96,0
7275,94,0
7276,94,0
7277,94,0
7278,96,0
7279,96,0
7280,94,0
7281,94,0
7282,100,0
7283,94,0
7284,96,0
7285,100,0
7286,94,0
7287,96,0
7288,92,0
7289,94,0
7290,96,0
7291,94,0
7292,96,0
7293,94,0
7294,96,0
7295,104,0
7296,108,0
7297,96,0
7298,102,0
7299,102,0
7300,102,0
7301,102,0
7302,102,0
7303,102,0
7304,102,0
7305,104,0
7306,102,0
7307,102,0
7308,102,0
7309,106,0
7310,102,0
7311,104,0
7312,98,0
7313,102,0
7314,106,0
7315,102,0
7316,104,0
7317,104,0
7318,104,0
7319,102,0
7320,106,0
7321,108,0
7322,104,0
7323,104,0
7324,102,0
7325,102,0
7326,104,0
7327,102,0
7328,104,0
7329,108,0
7330,106,0
7331,102,0
7332,104,0
7333,102,0
7334,100,0
7335,102,0
7336,102,0
7337,100,0
7338,102,0
7339,102,0
7340,102,0
7341,102,0
7342,104,0
7343,96,0
7344,102,0
7345,102,0
7346,102,0
7347,102,0
7348,102,0
7349,102,0
7350,102,0
7351,102,0
7352,104,0
7353,102,0
7354,102,0
7355,102,0
7356,102,0
7357,102,0
7358,102,0
7359,104,0
7360,104,0
7361,102,0
7362,102,0
7363,102,0
7364,110,0
7365,102,0
7366,102,0
7367,102,0
7368,102,0
7369,102,0
7370,100,0
7371,96,0
7372,96,0
7373,102,0
7374,94,0
7375,102,0
7376,106,0
7377,102,0
7378,102,0
7379,102,0
7380,104,0
7381,96,0
7382,104,0
7383,102,0
7384,106,0
7385,104,0
7386,104,0
7387,106,0
7388,102,0
7389,104,0
7390,106,0
7391,102,0
7392,102,0
7393,102,0
7394,102,0
7395,102,0
7396,102,0
7397,104,0
7398,104,0
7399,100,0
7400,102,0
7401,102,0
7402,104,0
7403,104,0
7404,94,0
7405,102,0
7406,96,0
7407,104,0
7408,102,0
7409,100,0
7410,98,0
7411,96,0
7412,96,0
7413,94,0
7414,94,0
7415,96,0
7416,94,0
7417,96,0
7418,96,0
7419,96,0
7420,96,0
7421,94,0
7422,94,0
7423,96,0
7424,96,0
7425,96,0
7426,96,0
7427,96,0
7428,94,0
7429,96,0
7430,96,0
7431,98,0
7432,96,0
7433,96,0
7434,94,0
7435,96,0
7436,96,0
7437,98,0
7438,96,0
7439,96,0
7440,96,0
7441,96,0
7442,96,0
7443,96,0
7444,92,0
7445,94,0
7446,96,0
7447,94,0
7448,100,0
7449,94,0
7450,94,0
7451,94,0
7452,96,0
7453,96,0
7454,100,0
7455,96,0
7456,94,0
7457,96,0
7458,98,0
7459,98,0
7460,96,0
7461,96,0
7462,94,0
7463,92,0
7464,92,0
7465,94,0
7466,92,0
7467,96,0
7468,94,0
7469,94,0
7470,96,0
7471,94,0
7472,96,0
7473,94,0
7474,96,0
7475,96,0
7476,94,0
7477,94,0
7478,96,0
7479,96,0
7480,92,0
7481,98,0
7482,94,0
7483,94,0
7484,96,0
7485,98,0
7486,94,0
7487,94,0
7488,96,0
7489,98,0
7490,100,0
7491,96,0
7492,94,0
7493,96,0
7494,94,0
7495,94,0
7496,94,0
7497,96,0
7498,94,0
7499,96,0
7500,94,0
7501,96,0
7502,94,0
7503,100,0
7504,94,0
7505,96,0
7506,96,0
7507,96,0
7508,94,0
7509,96,0
7510,96,0
7511,96,0
7512,100,0
7513,96,0
7514,96,0
7515,98,0
7516,100,0
7517,96,0
7518,96,0
7519,96,0
7520,96,0
7521,96,0
7522,92,0
7523,96,0
7524,96,0
7525,92,0
7526,96,0
7527,98,0
7528,96,0
7529,96,0
7530,96,0
7531,94,0
7532,94,0
7533,94,0
7534,96,0
7535,96,0
7536,96,0
7537,96,0
7538,96,0
7539,96,0
7540,96,0
7541,94,0
7542,94,0
7543,96,0
7544,96,0
7545,94,0
7546,96,0
7547,96,0
7548,96,0
7549,96,0
7550,100,0
7551,94,0
7552,94,0
7553,96,0
7554,96,0
7555,96,0
7556,96,0
7557,96,0
7558,94,0
7559,96,0
7560,96,0
7561,100,0
7562,94,0
7563,94,0
7564,98,0
7565,96,0
7566,98,0
7567,98,0
7568,96,0
7569,96,0
7570,96,0
7571,96,0
7572,94,0
7573,96,0
7574,100,0
7575,98,0
7576,98,0
7577,94,0
7578,98,0
7579,96,0
7580,96,0
7581,96,0
7582,96,0
7583,94,0
7584,96,0
7585,96,0
7586,100,0
7587,94,0
7588,96,0
7589,92,0
7590,96,0
7591,96,0
7592,94,0
7593,96,0
7594,96,0
7595,94,0
7596,94,0
7597,90,0
7598,94,0
7599,96,0
7600,96,0
7601,96,0
7602,96,0
7603,98,0
7604,96,0
7605,96,0
7606,94,0
7607,98,0
7608,100,0
7609,100,0
7610,102,0
7611,94,0
7612,94,0
7613,94,0
7614,96,0
7615,96,0
7616,96,0
7617,96,0
7618,96,0
7619,94,0
7620,96,0
7621,96,0
7622,96,0
7623,100,0
7624,94,0
7625,96,0
7626,94,0
7627,94,0
7628,96,0
7629,96,0
7630,92,0
7631,100,0
7632,96,0
7633,96,0
7634,96,0
7635,96,0
7636,94,0
7637,100,0
7638,94,0
7639,96,0
7640,96,0
7641,100,0
7642,96,0
7643,96,0
7644,96,0
7645,98,0
7646,96,0
7647,96,0
7648,96,0
7649,94,0
7650,94,0
7651,100,0
7652,96,0
7653,96,0
7654,92,0
7655,98,0
7656,94,0
7657,96,0
7658,96,0
7659,96,0
7660,98,0
7661,94,0
7662,96,0
7663,96,0
7664,96,0
7665,94,0
7666,94,0
7667,96,0
7668,94,0
7669,96,0
7670,94,0
7671,92,0
7672,96,0
7673,96,0
7674,94,0
7675,94,0
7676,94,0
7677,96,0
7678,100,0
7679,96,0
7680,98,0
7681,92,0
7682,96,0
7683,96,0
7684,96,0
7685,96,0
7686,94,0
7687,94,0
7688,96,0
7689,102,0
7690,98,0
7691,96,0
7692,92,0
7693,96,0
7694,96,0
7695,100,0
7696,94,0
7697,94,0
7698,98,0
7699,96,0
7700,100,0
7701,96,0
7702,94,0
7703,96,0
7704,96,0
7705,94,0
7706,96,0
7707,96,0
7708,96,0
7709,94,0
7710,100,0
7711,94,0
7712,98,0
7713,94,0
7714,96,0
7715,94,0
7716,96,0
7717,96,0
7718,94,0
7719,96,0
7720,96,0
7721,94,0
7722,96,0
7723,96,0
7724,96,0
7725,96,0
7726,96,0
7727,96,0
7728,96,0
7729,94,0
7730,102,0
7731,104,0
7732,102,0
7733,108,0
7734,102,0
7735,102,0
7736,106,0
7737,102,0
7738,102,0
7739,102,0
7740,102,0
7741,104,0
7742,102,0
7743,102,0
7744,102,0
7745,100,0
7746,106,0
7747,100,0
7748,100,0
7749,98,0
7750,96,0
7751,104,0
7752,102,0
7753,102,0
7754,108,0
7755,104,0
7756,102,0
7757,96,0
7758,102,0
7759,102,0
7760,102,0
7761,96,0
7762,96,0
7763,96,0
7764,96,0
7765,96,0
7766,96,0
7767,96,0
7768,96,0
7769,98,0
7770,94,0
7771,96,0
7772,96,0
7773,96,0
7774,94,0
7775,96,0
7776,96,0
7777,96,0
7778,98,0
7779,96,0
7780,96,0
7781,96,0
7782,96,0
7783,96,0
7784,92,0
7785,98,0
7786,96,0
7787,96,0
7788,96,0
7789,96,0
7790,96,0
7791,96,0
7792,96,0
7793,96,0
7794,92,0
7795,94,0
7796,96,0
7797,96,0
7798,96,0
7799,98,0
7800,100,0
7801,96,0
7802,94,0
7803,100,0
7804,98,0
7805,96,0
7806,96,0
7807,96,0
7808,96,0
7809,94,0
7810,96,0
7811,100,0
7812,96,0
7813,96,0
7814,100,0
7815,98,0
7816,96,0
7817,94,0
7818,94,0
7819,96,0
7820,96,0
7821,92,0
7822,98,0
7823,96,0
7824,96,0
7825,96,0
7826,96,0
7827,96,0
7828,92,0
7829,102,0
7830,98,0
7831,102,0
7832,96,0
7833,106,0
7834,100,0
7835,102,0
7836,96,0
7837,96,0
7838,96,0
7839,96,0
7840,96,0
7841,96,0
7842,96,0
7843,96,0
7844,94,0
7845,94,0
7846,96,0
7847,100,0
7848,98,0
7849,94,0
7850,96,0
7851,96,0
7852,94,0
7853,94,0
7854,96,0
7855,96,0
7856,94,0
7857,94,0
7858,92,0
7859,98,0
7860,104,0
7861,102,0
7862,102,0
7863,104,0
7864,102,0
7865,100,0
7866,100,0
7867,100,0
7868,104,0
7869,106,0
7870,104,0
7871,104,0
7872,102,0
7873,102,0
7874,102,0
7875,96,0
7876,106,0
7877,100,0
7878,102,0
7879,106,0
7880,106,0
7881,104,0
7882,102,0
7883,102,0
7884,102,0
7885,102,0
7886,104,0
7887,102,0
7888,102,0
7889,102,0
7890,102,0
7891,102,0
7892,102,0
7893,104,0
7894,104,0
7895,102,0
7896,102,0
7897,102,0
7898,102,0
7899,102,0
7900,104,0
7901,94,0
7902,102,0
7903,94,0
7904,96,0
7905,102,0
7906,96,0
7907,96,0
7908,96,0
7909,96,0
7910,94,0
7911,94,0
7912,98,0
7913,94,0
7914,98,0
7915,94,0
7916,96,0
7917,96,0
7918,96,0
7919,98,0
7920,96,0
7921,96,0
7922,96,0
7923,96,0
7924,96,0
7925,96,0
7926,96,0
7927,94,0
7928,96,0
7929,98,0
7930,92,0
7931,96,0
7932,96,0
7933,94,0
7934,98,0
7935,96,0
7936,100,0
7937,96,0
7938,96,0
7939,94,0
7940,96,0
7941,94,0
7942,96,0
7943,96,0
7944,96,0
7945,92,0
7946,96,0
7947,96,0
7948,96,0
7949,96,0
7950,94,0
7951,94,0
7952,94,0
7953,96,0
7954,96,0
7955,96,0
7956,94,0
7957,94,0
7958,96,0
7959,96,0
7960,94,0
7961,96,0
7962,96,0
7963,96,0
7964,94,0
7965,94,0
7966,96,0
7967,102,0
7968,104,0
7969,106,0
7970,104,0
7971,104,0
7972,102,0
7973,102,0
7974,96,0
7975,104,0
7976,102,0
7977,104,0
7978,108,0
7979,104,0
7980,104,0
7981,100,0
7982,106,0
7983,104,0
7984,102,0
7985,98,0
7986,104,0
7987,102,0
7988,98,0
7989,98,0
7990,96,0
7991,106,0
7992,102,0
7993,102,0
7994,100,0
7995,96,0
7996,96,0
7997,94,0
7998,98,0
7999,94,0
8000,94,0
8001,96,0
8002,94,0
8003,96,0
8004,102,0
8005,104,0
8006,96,0
8007,98,0
8008,96,0
8009,96,0
8010,96,0
8011,106,0
8012,104,0
8013,98,0
8014,104,0
8015,104,0
8016,104,0
8017,102,0
8018,96,0
8019,102,0
8020,108,0
8021,104,0
8022,96,0
8023,104,0
8024,96,0
8025,102,0
8026,98,0
8027,94,0
8028,104,0
8029,102,0
8030,102,0
8031,102,0
8032,94,0
8033,100,0
8034,96,0
8035,96,0
8036,96,0
8037,102,0
8038,96,0
8039,104,0
8040,102,0
8041,104,0
8042,96,0
8043,102,0
8044,104,0
8045,96,0
8046,104,0
8047,102,0
8048,96,0
8049,96,0
8050,96,0
8051,96,0
8052,104,0
8053,96,0
8054,104,0
8055,98,0
8056,96,0
8057,102,0
8058,96,0
8059,96,0
8060,102,0
8061,96,0
8062,104,0
8063,102,0
8064,96,0
8065,102,0
8066,96,0
8067,106,0
8068,102,0
8069,98,0
8070,96,0
8071,96,0
8072,102,0
8073,102,0
8074,102,0
8075,104,0
8076,98,0
8077,108,0
8078,100,0
8079,102,0
8080,100,0
8081,102,0
8082,106,0
8083,106,0
8084,102,0
8085,104,0
8086,102,0
8087,102,0
8088,104,0
8089,102,0
8090,102,0
8091,96,0
8092,98,0
8093,106,0
8094,100,0
8095,96,0
8096,96,0
8097,96,0
8098,96,0
8099,98,0
8100,98,0
8101,96,0
8102,98,0
8103,94,0
8104,104,0
8105,96,0
8106,96,0
8107,102,0
8108,96,0
8109,100,0
8110,102,0
8111,106,0
8112,102,0
8113,100,0
8114,102,0
8115,104,0
8116,96,0
8117,102,0
8118,96,0
8119,102,0
8120,94,0
8121,104,0
8122,96,0
8123,96,0
8124,102,0
8125,96,0
8126,102,0
8127,96,0
8128,96,0
8129,96,0
8130,104,0
8131,102,0
8132,94,0
8133,102,0
8134,102,0
8135,102,0
8136,104,0
8137,96,0
8138,96,0
8139,106,0
8140,96,0
8141,106,0
8142,108,0
8143,106,0
8144,104,0
8145,102,0
8146,96,0
8147,104,0
8148,102,0
8149,104,0
8150,104,0
8151,102,0
8152,100,0
8153,94,0
8154,104,0
8155,102,0
8156,104,0
8157,102,0
8158,96,0
8159,102,0
8160,102,0
8161,104,0
8162,96,0
8163,104,0
8164,102,0
8165,96,0
8166,108,0
8167,102,0
8168,106,0
8169,102,0
8170,100,0
8171,100,0
8172,102,0
8173,96,0
8174,96,0
8175,96,0
8176,96,0
8177,92,0
8178,96,0
8179,96,0
8180,96,0
8181,96,0
8182,92,0
8183,96,0
8184,96,0
8185,96,0
8186,96,0
8187,96,0
8188,96,0
8189,96,0
8190,100,0
8191,96,0
8192,96,0
8193,94,0
8194,96,0
8195,96,0
8196,96,0
8197,94,0
8198,102,0
8199,96,0
8200,104,0
8201,96,0
8202,104,0
8203,108,0
8204,100,0
8205,106,0
8206,104,0
8207,102,0
8208,104,0
8209,108,0
8210,102,0
8211,108,0
8212,96,0
8213,100,0
8214,102,0
8215,104,0
8216,104,0
8217,102,0
8218,96,0
8219,104,0
8220,96,0
8221,100,0
8222,102,0
8223,96,0
8224,96,0
8225,96,0
8226,96,0
8227,96,0
8228,96,0
8229,96,0
8230,96,0
8231,96,0
8232,96,0
8233,96,0
8234,96,0
8235,96,0
8236,96,0
8237,96,0
8238,96,0
8239,100,0
8240,96,0
8241,96,0
8242,96,0
8243,96,0
8244,96,0
8245,96,0
8246,96,0
8247,96,0
8248,96,0
8249,96,0
8250,96,0
8251,96,0
8252,104,0
8253,96,0
8254,96,0
8255,102,0
8256,102,0
8257,102,0
8258,108,0
8259,104,0
8260,104,0
8261,98,0
8262,104,0
8263,104,0
8264,104,0
8265,104,0
8266,94,0
8267,104,0
8268,96,0
8269,102,0
8270,100,0
8271,100,0
8272,102,0
8273,96,0
8274,96,0
8275,96,0
8276,96,0
8277,96,0
8278,96,0
8279,100,0
8280,96,0
8281,96,0
8282,100,0
8283,96,0
8284,98,0
8285,96,0
8286,96,0
8287,96,0
8288,94,0
8289,96,0
8290,98,0
8291,96,0
8292,98,0
8293,96,0
8294,100,0
8295,96,0
8296,96,0
8297,96,0
8298,96,0
8299,96,0
8300,96,0
8301,96,0
8302,96,0
8303,96,0
8304,96,0
8305,96,0
8306,94,0
8307,94,0
8308,96,0
8309,96,0
8310,96,0
8311,94,0
8312,96,0
8313,96,0
8314,96,0
8315,96,0
8316,96,0
8317,96,0
8318,96,0
8319,100,0
8320,98,0
8321,98,0
8322,96,0
8323,96,0
8324,100,0
8325,96,0
8326,96,0
8327,96,0
8328,96,0
8329,96,0
8330,104,0
8331,96,0
8332,102,0
8333,104,0
8334,102,0
8335,104,0
8336,96,0
8337,96,0
8338,94,0
8339,102,0
8340,102,0
8341,104,0
8342,96,0
8343,102,0
8344,104,0
8345,96,0
8346,104,0
8347,96,0
8348,104,0
8349,100,0
8350,96,0
8351,96,0
8352,94,0
8353,96,0
8354,96,0
8355,96,0
8356,96,0
8357,96,0
8358,96,0
8359,96,0
8360,96,0
8361,96,0
8362,102,0
8363,102,0
8364,104,0
8365,102,0
8366,106,0
8367,104,0
8368,104,0
8369,104,0
8370,104,0
8371,108,0
8372,102,0
8373,102,0
8374,104,0
8375,94,0
8376,104,0
8377,96,0
8378,108,0
8379,102,0
8380,102,0
8381,104,0
8382,104,0
8383,100,0
8384,108,0
8385,102,0
8386,96,0
8387,96,0
8388,102,0
8389,106,0
8390,106,0
8391,104,0
8392,102,0
8393,100,0
8394,106,0
8395,102,0
8396,102,0
8397,96,0
8398,104,0
8399,102,0
8400,104,0
8401,96,0
8402,96,0
8403,106,0
8404,96,0
8405,110,0
8406,100,0
8407,102,0
8408,96,0
8409,96,0
8410,102,0
8411,96,0
8412,104,0
8413,94,0
8414,96,0
8415,96,0
8416,96,0
8417,96,0
8418,96,0
8419,96,0
8420,96,0
8421,96,0
8422,96,0
8423,94,0
8424,102,0
8425,96,0
8426,102,0
8427,94,0
8428,104,0
8429,96,0
8430,106,0
8431,104,0
8432,100,0
8433,96,0
8434,102,0
8435,94,0
8436,102,0
8437,96,0
8438,96,0
8439,96,0
8440,96,0
8441,98,0
8442,102,0
8443,100,0
8444,94,0
8445,96,0
8446,96,0
8447,96,0
8448,96,0
8449,102,0
8450,96,0
8451,94,0
8452,100,0
8453,96,0
8454,96,0
8455,96,0
8456,100,0
8457,96,0
8458,100,0
8459,96,0
8460,96,0
8461,96,0
8462,96,0
8463,96,0
8464,96,0
8465,96,0
8466,96,0
8467,96,0
8468,94,0
8469,96,0
8470,104,0
8471,102,0
8472,104,0
8473,96,0
8474,104,0
8475,100,0
8476,106,0
8477,96,0
8478,96,0
8479,96,0
8480,96,0
8481,96,0
8482,96,0
8483,94,0
8484,96,0
8485,96,0
8486,96,0
8487,96,0
8488,94,0
8489,96,0
8490,96,0
8491,94,0
8492,96,0
8493,96,0
8494,94,0
8495,96,0
8496,96,0
8497,104,0
8498,102,0
8499,102,0
8500,98,0
8501,96,0
8502,102,0
8503,96,0
8504,96,0
8505,96,0
8506,96,0
8507,106,0
8508,96,0
8509,100,0
8510,102,0
8511,100,0
8512,96,0
8513,98,0
8514,100,0
8515,96,0
8516,96,0
8517,98,0
8518,96,0
8519,98,0
8520,96,0
8521,94,0
8522,96,0
8523,100,0
8524,96,0
8525,96,0
8526,96,0
8527,96,0
8528,96,0
8529,96,0
8530,96,0
8531,96,0
8532,96,0
8533,96,0
8534,96,0
8535,96,0
8536,96,0
8537,96,0
8538,96,0
8539,96,0
8540,96,0
8541,98,0
8542,96,0
8543,96,0
8544,94,0
8545,96,0
8546,96,0
8547,96,0
8548,96,0
8549,96,0
8550,96,0
8551,96,0
8552,96,0
8553,96,0
8554,100,0
8555,100,0
8556,102,0
8557,102,0
8558,106,0
8559,96,0
8560,96,0
8561,96,0
8562,102,0
8563,96,0
8564,106,0
8565,104,0
8566,96,0
8567,104,0
8568,102,0
8569,104,0
8570,104,0
8571,104,0
8572,102,0
8573,100,0
8574,104,0
8575,102,0
8576,102,0
8577,104,0
8578,106,0
8579,96,0
8580,102,0
8581,104,0
8582,104,0
8583,104,0
8584,106,0
8585,106,0
8586,102,0
8587,100,0
8588,108,0
8589,106,0
8590,104,0
8591,102,0
8592,102,0
8593,96,0
8594,96,0
8595,96,0
8596,102,0
8597,102,0
8598,104,0
8599,102,0
8600,104,0
8601,104,0
8602,104,0
8603,96,0
8604,104,0
8605,96,0
8606,94,0
8607,102,0
8608,96,0
8609,94,0
8610,100,0
8611,96,0
8612,96,0
8613,96,0
8614,96,0
8615,96,0
8616,108,0
8617,96,0
8618,102,0
8619,96,0
8620,96,0
8621,102,0
8622,102,0
8623,100,0
8624,102,0
8625,108,0
8626,106,0
8627,102,0
8628,104,0
8629,96,0
8630,96,0
8631,102,0
8632,102,0
8633,104,0
8634,104,0
8635,94,0
8636,102,0
8637,102,0
8638,96,0
8639,96,0
8640,96,0
8641,96,0
8642,96,0
8643,96,0
8644,96,0
8645,96,0
8646,104,0
8647,102,0
8648,96,0
8649,94,0
8650,98,0
8651,94,0
8652,96,0
8653,102,0
8654,96,0
8655,96,0
8656,96,0
8657,96,0
8658,96,0
8659,96,0
8660,96,0
8661,96,0
8662,96,0
8663,96,0
8664,94,0
8665,102,0
8666,96,0
8667,102,0
8668,96,0
8669,100,0
8670,104,0
8671,96,0
8672,104,0
8673,104,0
8674,102,0
8675,104,0
8676,104,0
8677,96,0
8678,96,0
8679,96,0
8680,96,0
8681,102,0
8682,96,0
8683,102,0
8684,96,0
8685,104,0
8686,104,0
8687,102,0
8688,96,0
8689,102,0
8690,106,0
8691,100,0
8692,104,0
8693,100,0
8694,102,0
8695,102,0
8696,94,0
8697,104,0
8698,104,0
8699,102,0
8700,102,0
8701,104,0
8702,102,0
8703,96,0
8704,96,0
8705,104,0
8706,102,0
8707,104,0
8708,102,0
8709,94,0
8710,96,0
8711,104,0
8712,102,0
8713,104,0
8714,104,0
8715,102,0
8716,96,0
8717,102,0
8718,102,0
8719,104,0
8720,104,0
8721,104,0
8722,102,0
8723,104,0
8724,96,0
8725,96,0
8726,102,0
8727,96,0
8728,96,0
8729,102,0
8730,102,0
8731,96,0
8732,104,0
8733,96,0
8734,106,0
8735,102,0
8736,96,0
8737,104,0
8738,102,0
8739,102,0
8740,104,0
8741,102,0
8742,104,0
8743,104,0
8744,96,0
8745,104,0
8746,100,0
8747,102,0
8748,102,0
8749,102,0
8750,96,0
8751,104,0
8752,104,0
8753,96,0
8754,102,0
8755,94,0
8756,102,0
8757,104,0
8758,104,0
8759,94,0
8760,102,0
8761,104,0
8762,96,0
8763,104,0
8764,96,0
8765,96,0
8766,102,0
8767,102,0
8768,96,0
8769,104,0
8770,104,0
8771,102,0
8772,102,0
8773,96,0
8774,100,0
8775,104,0
8776,104,0
8777,96,0
8778,96,0
8779,100,0
8780,104,0
8781,102,0
8782,104,0
8783,102,0
8784,104,0
8785,104,0
8786,104,0
8787,100,0
8788,100,0
8789,92,0
8790,104,0
8791,102,0
8792,100,0
8793,100,0
8794,96,0
8795,104,0
8796,100,0
8797,104,0
8798,96,0
8799,96,0
8800,102,0
8801,104,0
8802,96,0
8803,98,0
8804,94,0
8805,96,0
8806,96,0
8807,94,0
8808,96,0
8809,96,0
8810,96,0
8811,96,0
8812,94,0
8813,102,0
8814,104,0
8815,102,0
8816,96,0
8817,96,0
8818,94,0
8819,100,0
8820,94,0
8821,98,0
8822,96,0
8823,102,0
8824,96,0
8825,104,0
8826,102,0
8827,96,0
8828,102,0
8829,102,0
8830,96,0
8831,96,0
8832,102,0
8833,104,0
8834,102,0
8835,96,0
8836,102,0
8837,96,0
8838,106,0
8839,96,0
8840,102,0
8841,96,0
8842,96,0
8843,106,0
8844,102,0
8845,96,0
8846,104,0
8847,102,0
8848,108,0
8849,96,0
8850,104,0
8851,104,0
8852,98,0
8853,104,0
8854,102,0
8855,104,0
8856,102,0
8857,96,0
8858,104,0
8859,94,0
8860,104,0
8861,96,0
8862,102,0
8863,96,0
8864,94,0
8865,96,0
8866,96,0
8867,92,0
8868,96,0
8869,94,0
8870,96,0
8871,96,0
8872,96,0
8873,96,0
8874,96,0
8875,102,0
8876,94,0
8877,94,0
8878,104,0
8879,96,0
8880,104,0
8881,104,0
8882,102,0
8883,104,0
8884,104,0
8885,94,0
8886,102,0
8887,96,0
8888,102,0
8889,94,0
8890,98,0
8891,100,0
8892,104,0
8893,96,0
8894,94,0
8895,96,0
8896,100,0
8897,98,0
8898,100,0
8899,100,0
8900,94,0
8901,98,0
8902,108,0
8903,102,0
8904,104,0
8905,96,0
8906,96,0
8907,102,0
8908,104,0
8909,104,0
8910,96,0
8911,104,0
8912,96,0
8913,96,0
8914,94,0
8915,104,0
8916,104,0
8917,98,0
8918,96,0
8919,96,0
8920,96,0
8921,96,0
8922,96,0
8923,96,0
8924,94,0
8925,104,0
8926,104,0
8927,102,0
8928,100,0
8929,96,0
8930,96,0
8931,102,0
8932,102,0
8933,102,0
8934,104,0
8935,96,0
8936,102,0
8937,104,0
8938,104,0
8939,104,0
8940,94,0
8941,96,0
8942,102,0
8943,102,0
8944,96,0
8945,96,0
8946,96,0
8947,96,0
8948,96,0
8949,102,0
8950,96,0
8951,92,0
8952,96,0
8953,98,0
8954,98,0
8955,96,0
8956,96,0
8957,96,0
8958,96,0
8959,100,0
8960,96,0
8961,96,0
8962,104,0
8963,106,0
8964,106,0
8965,108,0
8966,96,0
8967,100,0
8968,102,0
8969,104,0
8970,102,0
8971,102,0
8972,102,0
8973,102,0
8974,96,0
8975,96,0
8976,104,0
8977,96,0
8978,98,0
8979,102,0
8980,102,0
8981,104,0
8982,96,0
8983,104,0
8984,96,0
8985,104,0
8986,104,0
8987,96,0
8988,102,0
8989,98,0
8990,96,0
8991,94,0
8992,96,0
8993,102,0
8994,102,0
8995,104,0
8996,96,0
8997,102,0
8998,102,0
8999,96,0
9000,94,0
9001,96,0
9002,96,0
9003,94,0
9004,102,0
9005,96,0
9006,96,0
9007,96,0
9008,96,0
9009,94,0
9010,102,0
9011,102,0
9012,102,0
9013,104,0
9014,104,0
9015,100,0
9016,96,0
9017,102,0
9018,94,0
9019,98,0
9020,96,0
9021,96,0
9022,102,0
9023,96,0
9024,94,0
9025,96,0
9026,96,0
9027,96,0
9028,96,0
9029,96,0
9030,98,0
9031,96,0
9032,96,0
9033,94,0
9034,96,0
9035,96,0
9036,104,0
9037,102,0
9038,102,0
9039,96,0
9040,102,0
9041,96,0
9042,104,0
9043,102,0
9044,96,0
9045,94,0
9046,96,0
9047,96,0
9048,96,0
9049,96,0
9050,96,0
9051,96,0
9052,96,0
9053,96,0
9054,98,0
9055,96,0
9056,96,0
9057,96,0
9058,94,0
9059,96,0
9060,96,0
9061,96,0
9062,96,0
9063,96,0
9064,96,0
9065,96,0
9066,96,0
9067,96,0
9068,96,0
9069,96,0
9070,96,0
9071,94,0
9072,102,0
9073,96,0
9074,102,0
9075,102,0
9076,102,0
9077,104,0
9078,104,0
9079,104,0
9080,96,0
9081,102,0
9082,100,0
9083,102,0
9084,96,0
9085,96,0
9086,104,0
9087,100,0
9088,96,0
9089,102,0
9090,106,0
9091,100,0
9092,100,0
9093,102,0
9094,102,0
9095,96,0
9096,104,0
9097,96,0
9098,96,0
9099,94,0
9100,96,0
9101,96,0
9102,94,0
9103,96,0
9104,94,0
9105,100,0
9106,96,0
9107,94,0
9108,96,0
9109,96,0
9110,96,0
9111,100,0
9112,96,0
9113,96,0
9114,96,0
9115,96,0
9116,102,0
9117,104,0
9118,100,0
9119,102,0
9120,104,0
9121,96,0
9122,102,0
9123,96,0
9124,96,0
9125,104,0
9126,102,0
9127,96,0
9128,96,0
9129,96,0
9130,96,0
9131,104,0
9132,96,0
9133,104,0
9134,102,0
9135,96,0
9136,106,0
9137,104,0
9138,104,0
9139,102,0
9140,96,0
9141,102,0
9142,98,0
9143,96,0
9144,94,0
9145,96,0
9146,94,0
9147,98,0
9148,104,0
9149,102,0
9150,102,0
9151,98,0
9152,106,0
9153,94,0
9154,102,0
9155,106,0
9156,96,0
9157,96,0
9158,94,0
9159,94,0
9160,96,0
9161,94,0
9162,96,0
9163,96,0
9164,96,0
9165,96,0
9166,96,0
9167,96,0
9168,102,0
9169,96,0
9170,104,0
9171,104,0
9172,100,0
9173,102,0
9174,96,0
9175,102,0
9176,96,0
9177,96,0
9178,102,0
9179,96,0
9180,96,0
9181,94,0
9182,96,0
9183,98,0
9184,96,0
9185,96,0
9186,96,0
9187,96,0
9188,94,0
9189,100,0
9190,94,0
9191,96,0
9192,96,0
9193,94,0
9194,96,0
9195,96,0
9196,94,0
9197,94,0
9198,98,0
9199,104,0
9200,96,0
9201,96,0
9202,96,0
9203,96,0
9204,102,0
9205,102,0
9206,102,0
9207,102,0
9208,94,0
9209,102,0
9210,104,0
9211,96,0
9212,96,0
9213,96,0
9214,94,0
9215,102,0
9216,98,0
9217,100,0
9218,100,0
9219,96,0
9220,96,0
9221,94,0
9222,100,0
9223,96,0
9224,96,0
9225,94,0
9226,96,0
9227,96,0
9228,96,0
9229,96,0
9230,104,0
9231,96,0
9232,100,0
9233,94,0
9234,104,0
9235,96,0
9236,100,0
9237,96,0
9238,96,0
9239,96,0
9240,96,0
9241,102,0
9242,96,0
9243,100,0
9244,96,0
9245,94,0
9246,100,0
9247,96,0
9248,102,0
9249,102,0
9250,94,0
9251,94,0
9252,102,0
9253,106,0
9254,104,0
9255,102,0
9256,96,0
9257,102,0
9258,102,0
9259,100,0
9260,102,0
9261,102,0
9262,96,0
9263,104,0
9264,104,0
9265,96,0
9266,96,0
9267,110,0
9268,100,0
9269,102,0
9270,94,0
9271,96,0
9272,96,0
9273,106,0
9274,96,0
9275,104,0
9276,96,0
9277,94,0
9278,96,0
9279,96,0
9280,102,0
9281,96,0
9282,96,0
9283,96,0
9284,96,0
9285,96,0
9286,96,0
9287,102,0
9288,102,0
9289,104,0
9290,92,0
9291,96,0
9292,96,0
9293,102,0
9294,104,0
9295,96,0
9296,96,0
9297,96,0
9298,96,0
9299,96,0
9300,104,0
9301,96,0
9302,96,0
9303,96,0
9304,94,0
9305,96,0
9306,96,0
9307,100,0
9308,94,0
9309,96,0
9310,92,0
9311,96,0
9312,96,0
9313,96,0
9314,96,0
9315,96,0
9316,94,0
9317,102,0
9318,96,0
9319,96,0
9320,96,0
9321,94,0
9322,100,0
9323,100,0
9324,104,0
9325,102,0
9326,96,0
9327,102,0
9328,96,0
9329,94,0
9330,98,0
9331,96,0
9332,96,0
9333,100,0
9334,98,0
9335,104,0
9336,94,0
9337,96,0
9338,96,0
9339,96,0
9340,96,0
9341,96,0
9342,96,0
9343,98,0
9344,94,0
9345,96,0
9346,96,0
9347,96,0
9348,102,0
9349,96,0
9350,96,0
9351,96,0
9352,102,0
9353,102,0
9354,106,0
9355,96,0
9356,102,0
9357,96,0
9358,104,0
9359,96,0
9360,96,0
9361,96,0
9362,102,0
9363,96,0
9364,102,0
9365,104,0
9366,104,0
9367,94,0
9368,96,0
9369,96,0
9370,96,0
9371,102,0
9372,94,0
9373,96,0
9374,102,0
9375,96,0
9376,98,0
9377,104,0
9378,98,0
9379,96,0
9380,96,0
9381,100,0
9382,96,0
9383,96,0
9384,98,0
9385,96,0
9386,96,0
9387,100,0
9388,94,0
9389,102,0
9390,106,0
9391,104,0
9392,98,0
9393,102,0
9394,96,0
9395,94,0
9396,96,0
9397,102,0
9398,96,0
9399,96,0
9400,96,0
9401,96,0
9402,94,0
9403,98,0
9404,96,0
9405,96,0
9406,104,0
9407,102,0
9408,96,0
9409,102,0
9410,102,0
9411,104,0
9412,102,0
9413,94,0
9414,98,0
9415,102,0
9416,94,0
9417,104,0
9418,96,0
9419,96,0
9420,96,0
9421,94,0
9422,104,0
9423,96,0
9424,96,0
9425,94,0
9426,96,0
9427,96,0
9428,98,0
9429,96,0
9430,100,0
9431,96,0
9432,96,0
9433,96,0
9434,96,0
9435,100,0
9436,96,0
9437,96,0
9438,96,0
9439,100,0
9440,96,0
9441,94,0
9442,100,0
9443,96,0
9444,96,0
9445,94,0
9446,100,0
9447,94,0
9448,96,0
9449,96,0
9450,98,0
9451,96,0
9452,94,0
9453,96,0
9454,104,0
9455,106,0
9456,100,0
9457,96,0
9458,96,0
9459,104,0
9460,102,0
9461,104,0
9462,104,0
9463,102,0
9464,96,0
9465,102,0
9466,96,0
9467,108,0
9468,104,0
9469,98,0
9470,104,0
9471,96,0
9472,102,0
9473,104,0
9474,96,0
9475,96,0
9476,102,0
9477,102,0
9478,96,0
9479,100,0
9480,96,0
9481,96,0
9482,96,0
9483,96,0
9484,96,0
9485,96,0
9486,96,0
9487,96,0
9488,102,0
9489,104,0
9490,104,0
9491,102,0
9492,94,0
9493,94,0
9494,104,0
9495,102,0
9496,102,0
9497,100,0
9498,102,0
9499,108,0
9500,104,0
9501,102,0
9502,96,0
9503,96,0
9504,100,0
9505,102,0
9506,108,0
9507,104,0
9508,102,0
9509,96,0
9510,96,0
9511,96,0
9512,96,0
9513,94,0
9514,102,0
9515,96,0
9516,108,0
9517,96,0
9518,102,0
9519,96,0
9520,98,0
9521,96,0
9522,96,0
9523,94,0
9524,96,0
9525,96,0
9526,98,0
9527,96,0
9528,96,0
9529,96,0
9530,96,0
9531,96,0
9532,96,0
9533,96,0
9534,102,0
9535,96,0
9536,102,0
9537,96,0
9538,102,0
9539,102,0
9540,102,0
9541,98,0
9542,96,0
9543,94,0
9544,98,0
9545,96,0
9546,94,0
9547,94,0
9548,96,0
9549,100,0
9550,96,0
9551,100,0
9552,96,0
9553,102,0
9554,104,0
9555,96,0
9556,104,0
9557,96,0
9558,96,0
9559,94,0
9560,100,0
9561,96,0
9562,104,0
9563,104,0
9564,98,0
9565,102,0
9566,96,0
9567,104,0
9568,96,0
9569,106,0
9570,96,0
9571,96,0
9572,96,0
9573,96,0
9574,96,0
9575,102,0
9576,102,0
9577,102,0
9578,96,0
9579,96,0
9580,96,0
9581,96,0
9582,94,0
9583,96,0
9584,96,0
9585,98,0
9586,96,0
9587,96,0
9588,94,0
9589,96,0
9590,96,0
9591,96,0
9592,94,0
9593,96,0
9594,96,0
9595,96,0
9596,96,0
9597,96,0
9598,98,0
9599,96,0
9600,96,0
9601,96,0
9602,96,0
9603,94,0
9604,94,0
9605,98,0
9606,98,0
9607,96,0
9608,100,0
9609,96,0
9610,94,0
9611,96,0
9612,96,0
9613,96,0
9614,96,0
9615,100,0
9616,96,0
9617,96,0
9618,96,0
9619,96,0
9620,96,0
9621,96,0
9622,96,0
9623,96,0
9624,96,0
9625,96,0
9626,96,0
9627,96,0
9628,100,0
9629,96,0
9630,96,0
9631,100,0
9632,96,0
9633,96,0
9634,96,0
9635,96,0
9636,96,0
9637,96,0
9638,96,0
9639,94,0
9640,96,0
9641,96,0
9642,96,0
9643,96,0
9644,98,0
9645,96,0
9646,94,0
9647,96,0
9648,96,0
9649,96,0
9650,96,0
9651,96,0
9652,100,0
9653,96,0
9654,96,0
9655,96,0
9656,96,0
9657,96,0
9658,96,0
9659,100,0
9660,94,0
9661,96,0
9662,96,0
9663,104,0
9664,96,0
9665,98,0
9666,96,0
9667,96,0
9668,106,0
9669,96,0
9670,96,0
9671,104,0
9672,96,0
9673,104,0
9674,104,0
9675,102,0
9676,96,0
9677,102,0
9678,102,0
9679,104,0
9680,102,0
9681,96,0
9682,106,0
9683,102,0
9684,104,0
9685,100,0
9686,104,0
9687,102,0
9688,102,0
9689,104,0
9690,96,0
9691,102,0
9692,102,0
9693,100,0
9694,96,0
9695,96,0
9696,96,0
9697,96,0
9698,96,0
9699,104,0
9700,104,0
9701,102,0
9702,104,0
9703,102,0
9704,96,0
9705,104,0
9706,102,0
9707,104,0
9708,102,0
9709,102,0
9710,102,0
9711,104,0
9712,102,0
9713,104,0
9714,102,0
9715,104,0
9716,102,0
9717,104,0
9718,100,0
9719,104,0
9720,104,0
9721,102,0
9722,102,0
9723,104,0
9724,104,0
9725,108,0
9726,102,0
9727,102,0
9728,102,0
9729,102,0
9730,102,0
9731,100,0
9732,104,0
9733,104,0
9734,96,0
9735,96,0
9736,94,0
9737,96,0
9738,96,0
9739,94,0
9740,98,0
9741,96,0
9742,96,0
9743,104,0
9744,96,0
9745,96,0
9746,100,0
9747,96,0
9748,106,0
9749,104,0
9750,102,0
9751,94,0
9752,104,0
9753,102,0
9754,104,0
9755,102,0
9756,102,0
9757,102,0
9758,104,0
9759,96,0
9760,100,0
9761,104,0
9762,104,0
9763,102,0
9764,102,0
9765,106,0
9766,102,0
9767,96,0
9768,104,0
9769,102,0
9770,104,0
9771,102,0
9772,102,0
9773,104,0
9774,102,0
9775,96,0
9776,110,0
9777,104,0
9778,104,0
9779,108,0
9780,102,0
9781,104,0
9782,100,0
9783,104,0
9784,108,0
9785,102,0
9786,104,0
9787,106,0
9788,104,0
9789,102,0
9790,104,0
9791,104,0
9792,102,0
9793,96,0
9794,102,0
9795,102,0
9796,96,0
9797,98,0
9798,96,0
9799,96,0
9800,96,0
9801,94,0
9802,100,0
9803,96,0
9804,96,0
9805,96,0
9806,96,0
9807,96,0
9808,96,0
9809,96,0
9810,96,0
9811,96,0
9812,96,0
9813,96,0
9814,100,0
9815,96,0
9816,96,0
9817,96,0
9818,96,0
9819,96,0
9820,96,0
9821,96,0
9822,96,0
9823,96,0
9824,96,0
9825,96,0
9826,94,0
9827,94,0
9828,96,0
9829,96,0
9830,96,0
9831,94,0
9832,96,0
9833,100,0
9834,96,0
9835,96,0
9836,104,0
9837,102,0
9838,100,0
9839,102,0
9840,96,0
9841,96,0
9842,94,0
9843,94,0
9844,96,0
9845,96,0
9846,98,0
9847,96,0
9848,102,0
9849,104,0
9850,100,0
9851,102,0
9852,96,0
9853,100,0
9854,96,0
9855,96,0
9856,94,0
9857,96,0
9858,102,0
9859,96,0
9860,100,0
9861,96,0
9862,100,0
9863,96,0
9864,96,0
9865,94,0
9866,96,0
9867,96,0
9868,94,0
9869,96,0
9870,96,0
9871,96,0
9872,94,0
9873,96,0
9874,94,0
9875,96,0
9876,96,0
9877,94,0
9878,94,0
9879,96,0
9880,96,0
9881,96,0
9882,100,0
9883,98,0
9884,96,0
9885,100,0
9886,104,0
9887,96,0
9888,106,0
9889,94,0
9890,102,0
9891,104,0
9892,104,0
9893,100,0
9894,104,0
9895,102,0
9896,102,0
9897,96,0
9898,102,0
9899,94,0
9900,104,0
9901,104,0
9902,100,0
9903,102,0
9904,102,0
9905,102,0
9906,104,0
9907,102,0
9908,102,0
9909,102,0
9910,98,0
9911,96,0
9912,102,0
9913,104,0
9914,102,0
9915,102,0
9916,108,0
9917,102,0
9918,102,0
9919,102,0
9920,96,0
9921,102,0
9922,104,0
9923,96,0
9924,106,0
9925,104,0
9926,96,0
9927,102,0
9928,102,0
9929,104,0
9930,102,0
9931,102,0
9932,102,0
9933,100,0
9934,104,0
9935,104,0
9936,104,0
9937,102,0
9938,104,0
9939,96,0
9940,102,0
9941,104,0
9942,104,0
9943,104,0
9944,94,0
9945,92,0
9946,104,0
9947,96,0
9948,102,0
9949,104,0
9950,102,0
9951,102,0
9952,106,0
9953,104,0
9954,102,0
9955,96,0
9956,104,0
9957,96,0
9958,104,0
9959,102,0
9960,100,0
9961,100,0
9962,102,0
9963,94,0
9964,94,0
9965,98,0
9966,94,0
9967,94,0
9968,94,0
9969,102,0
9970,96,0
9971,96,0
9972,96,0
9973,94,0
9974,94,0
9975,94,0
9976,96,0
9977,96,0
9978,96,0
9979,96,0
9980,94,0
9981,96,0
9982,100,0
9983,94,0
9984,96,0
9985,96,0
9986,94,0
9987,96,0
9988,94,0
9989,96,0
9990,98,0
9991,96,0
9992,96,0
9993,96,0
9994,96,0
9995,96,0
9996,94,0
9997,96,0
9998,96,0
9999,96,0
10000,96,0
10001,106,0
10002,96,0
10003,104,0
10004,104,0
10005,96,0
10006,104,0
10007,102,0
10008,102,0
10009,102,0
10010,102,0
10011,100,0
10012,96,0
10013,96,0
10014,104,0
10015,102,0
10016,104,0
10017,102,0
10018,100,0
10019,104,0
10020,104,0
10021,104,0
10022,102,0
10023,106,0
10024,104,0
10025,104,0
10026,106,0
10027,102,0
10028,102,0
10029,104,0
10030,104,0
10031,98,0
10032,102,0
10033,96,0
10034,102,0
10035,96,0
10036,96,0
10037,94,0
10038,96,0
10039,96,0
10040,96,0
10041,98,0
10042,96,0
10043,96,0
10044,96,0
10045,104,0
10046,96,0
10047,96,0
10048,96,0
10049,96,0
10050,96,0
10051,96,0
10052,96,0
10053,96,0
10054,96,0
10055,98,0
10056,96,0
10057,96,0
10058,96,0
10059,96,0
10060,98,0
10061,96,0
10062,96,0
10063,94,0
10064,96,0
10065,102,0
10066,96,0
10067,104,0
10068,104,0
10069,102,0
10070,104,0
10071,106,0
10072,108,0
10073,102,0
10074,104,0
10075,102,0
10076,104,0
10077,106,0
10078,104,0
10079,100,0
10080,106,0
10081,104,0
10082,102,0
10083,102,0
10084,104,0
10085,104,0
10086,106,0
10087,104,0
10088,104,0
10089,102,0
10090,104,0
10091,102,0
10092,106,0
10093,100,0
10094,104,0
10095,102,0
10096,102,0
10097,104,0
10098,102,0
10099,102,0
10100,104,0
10101,102,0
10102,104,0
10103,96,0
10104,104,0
10105,102,0
10106,104,0
10107,104,0
10108,102,0
10109,104,0
10110,104,0
10111,96,0
10112,96,0
10113,96,0
10114,102,0
10115,104,0
10116,96,0
10117,104,0
10118,102,0
10119,102,0
10120,100,0
10121,104,0
10122,102,0
10123,104,0
10124,102,0
10125,102,0
10126,100,0
10127,102,0
10128,106,0
10129,102,0
10130,104,0
10131,106,0
10132,104,0
10133,102,0
10134,102,0
10135,106,0
10136,102,0
10137,102,0
10138,102,0
10139,102,0
10140,106,0
10141,104,0
10142,102,0
10143,100,0
10144,102,0
10145,100,0
10146,106,0
10147,106,0
10148,104,0
10149,104,0
10150,102,0
10151,102,0
10152,102,0
10153,102,0
10154,104,0
10155,104,0
10156,104,0
10157,102,0
10158,102,0
10159,102,0
10160,104,0
10161,102,0
10162,100,0
10163,102,0
10164,104,0
10165,104,0
10166,102,0
10167,98,0
10168,104,0
10169,96,0
10170,104,0
10171,102,0
10172,104,0
10173,102,0
10174,104,0
10175,100,0
10176,102,0
10177,102,0
10178,100,0
10179,104,0
10180,104,0
10181,108,0
10182,102,0
10183,96,0
10184,102,0
10185,104,0
10186,102,0
10187,102,0
10188,104,0
10189,96,0
10190,96,0
10191,102,0
10192,94,0
10193,102,0
10194,96,0
10195,102,0
10196,98,0
10197,100,0
10198,94,0
10199,98,0
10200,96,0
10201,102,0
10202,98,0
10203,96,0
10204,98,0
10205,96,0
10206,94,0
10207,96,0
10208,96,0
10209,100,0
10210,94,0
10211,96,0
10212,96,0
10213,96,0
10214,100,0
10215,94,0
10216,96,0
10217,102,0
10218,102,0
10219,102,0
10220,102,0
10221,102,0
10222,96,0
10223,100,0
10224,102,0
10225,96,0
10226,102,0
10227,100,0
10228,102,0
10229,102,0
10230,102,0
10231,96,0
10232,96,0
10233,102,0
10234,104,0
10235,96,0
10236,96,0
10237,94,0
10238,102,0
10239,102,0
10240,102,0
10241,104,0
10242,104,0
10243,96,0
10244,100,0
10245,102,0
10246,104,0
10247,102,0
10248,104,0
10249,96,0
10250,98,0
10251,100,0
10252,96,0
10253,94,0
10254,94,0
10255,100,0
10256,96,0
10257,96,0
10258,98,0
10259,96,0
10260,96,0
10261,96,0
10262,100,0
10263,96,0
10264,96,0
10265,96,0
10266,96,0
10267,96,0
10268,96,0
10269,94,0
10270,98,0
10271,96,0
10272,100,0
10273,96,0
10274,96,0
10275,96,0
10276,96,0
10277,96,0
10278,94,0
10279,96,0
10280,96,0
10281,96,0
10282,102,0
10283,104,0
10284,102,0
10285,102,0
10286,102,0
10287,104,0
10288,96,0
10289,102,0
10290,104,0
10291,102,0
10292,96,0
10293,96,0
10294,96,0
10295,96,0
10296,94,0
10297,96,0
10298,102,0
10299,104,0
10300,102,0
10301,102,0
10302,102,0
10303,104,0
10304,104,0
10305,100,0
10306,104,0
10307,104,0
10308,104,0
10309,104,0
10310,102,0
10311,104,0
10312,102,0
10313,104,0
10314,104,0
10315,104,0
10316,104,0
10317,96,0
10318,94,0
10319,104,0
10320,96,0
10321,102,0
10322,102,0
10323,106,0
10324,94,0
10325,98,0
10326,96,0
10327,96,0
10328,96,0
10329,96,0
10330,96,0
10331,106,0
10332,96,0
10333,102,0
10334,104,0
10335,102,0
10336,108,0
10337,102,0
10338,96,0
10339,104,0
10340,102,0
10341,104,0
10342,100,0
10343,104,0
10344,102,0
10345,102,0
10346,102,0
10347,102,0
10348,108,0
10349,104,0
10350,102,0
10351,102,0
10352,104,0
10353,104,0
10354,102,0
10355,106,0
10356,102,0
10357,106,0
10358,104,0
10359,104,0
10360,106,0
10361,102,0
10362,104,0
10363,104,0
10364,106,0
10365,102,0
10366,100,0
10367,102,0
10368,102,0
10369,104,0
10370,102,0
10371,104,0
10372,102,0
10373,102,0
10374,102,0
10375,104,0
10376,102,0
10377,106,0
10378,102,0
10379,104,0
10380,102,0
10381,102,0
10382,102,0
10383,104,0
10384,102,0
10385,102,0
10386,100,0
10387,104,0
10388,102,0
10389,102,0
10390,104,0
10391,104,0
10392,102,0
10393,100,0
10394,104,0
10395,106,0
10396,102,0
10397,102,0
10398,102,0
10399,102,0
10400,102,0
10401,102,0
10402,104,0
10403,104,0
10404,102,0
10405,102,0
10406,104,0
10407,108,0
10408,102,0
10409,102,0
10410,104,0
10411,104,0
10412,102,0
10413,102,0
10414,108,0
10415,104,0
10416,104,0
10417,102,0
10418,104,0
10419,106,0
10420,102,0
10421,102,0
10422,104,0
10423,104,0
10424,102,0
10425,106,0
10426,104,0
10427,104,0
10428,102,0
10429,106,0
10430,100,0
10431,100,0
10432,102,0
10433,106,0
10434,104,0
10435,104,0
10436,102,0
10437,102,0
10438,104,0
10439,104,0
10440,102,0
10441,106,0
10442,100,0
10443,106,0
10444,104,0
10445,104,0
10446,102,0
10447,102,0
10448,104,0
10449,104,0
10450,102,0
10451,102,0
10452,104,0
10453,104,0
10454,102,0
10455,102,0
10456,104,0
10457,104,0
10458,102,0
10459,106,0
10460,104,0
10461,104,0
10462,102,0
10463,104,0
10464,102,0
10465,102,0
10466,104,0
10467,102,0
10468,104,0
10469,104,0
10470,102,0
10471,102,0
10472,104,0
10473,102,0
10474,104,0
10475,104,0
10476,102,0
10477,104,0
10478,106,0
10479,104,0
10480,108,0
10481,104,0
10482,108,0
10483,102,0
10484,108,0
10485,102,0
10486,104,0
10487,106,0
10488,102,0
10489,104,0
10490,102,0
10491,100,0
10492,104,0
10493,104,0
10494,102,0
10495,102,0
10496,106,0
10497,104,0
10498,102,0
10499,102,0
10500,104,0
10501,104,0
10502,104,0
10503,104,0
10504,104,0
10505,104,0
10506,102,0
10507,102,0
10508,104,0
10509,108,0
10510,102,0
10511,104,0
10512,104,0
10513,102,0
10514,104,0
10515,104,0
10516,104,0
10517,104,0
10518,102,0
10519,102,0
10520,102,0
10521,104,0
10522,102,0
10523,102,0
10524,104,0
10525,104,0
10526,104,0
10527,104,0
10528,102,0
10529,102,0
10530,104,0
10531,104,0
10532,102,0
10533,100,0
10534,104,0
10535,104,0
10536,98,0
10537,100,0
10538,102,0
10539,102,0
10540,102,0
10541,102,0
10542,104,0
10543,94,0
10544,100,0
10545,96,0
10546,96,0
10547,102,0
10548,94,0
10549,96,0
10550,96,0
10551,96,0
10552,96,0
10553,96,0
10554,96,0
10555,96,0
10556,94,0
10557,96,0
10558,96,0
10559,96,0
10560,96,0
10561,96,0
10562,96,0
10563,96,0
10564,96,0
10565,94,0
10566,96,0
10567,96,0
10568,96,0
10569,96,0
10570,96,0
10571,96,0
10572,96,0
10573,96,0
10574,96,0
10575,96,0
10576,94,0
10577,96,0
10578,96,0
10579,96,0
10580,96,0
10581,94,0
10582,94,0
10583,96,0
10584,96,0
10585,96,0
10586,96,0
10587,100,0
10588,102,0
10589,102,0
10590,102,0
10591,106,0
10592,96,0
10593,104,0
10594,96,0
10595,96,0
10596,100,0
10597,96,0
10598,102,0
10599,96,0
10600,94,0
10601,96,0
10602,96,0
10603,102,0
10604,96,0
10605,96,0
10606,94,0
10607,92,0
10608,100,0
10609,106,0
10610,104,0
10611,102,0
10612,96,0
10613,102,0
10614,104,0
10615,100,0
10616,104,0
10617,106,0
10618,104,0
10619,102,0
10620,104,0
10621,102,0
10622,104,0
10623,106,0
10624,104,0
10625,102,0
10626,104,0
10627,100,0
10628,104,0
10629,102,0
10630,102,0
10631,102,0
10632,102,0
10633,102,0
10634,102,0
10635,100,0
10636,102,0
10637,104,0
10638,102,0
10639,104,0
10640,104,0
10641,104,0
10642,102,0
10643,104,0
10644,102,0
10645,104,0
10646,102,0
10647,104,0
10648,100,0
10649,104,0
10650,102,0
10651,104,0
10652,96,0
10653,104,0
10654,100,0
10655,102,0
10656,102,0
10657,104,0
10658,102,0
10659,106,0
10660,96,0
10661,96,0
10662,98,0
10663,102,0
10664,102,0
10665,102,0
10666,96,0
10667,100,0
10668,102,0
10669,104,0
10670,102,0
10671,100,0
10672,104,0
10673,102,0
10674,104,0
10675,106,0
10676,102,0
10677,104,0
10678,94,0
10679,102,0
10680,104,0
10681,102,0
10682,104,0
10683,102,0
10684,104,0
10685,96,0
10686,104,0
10687,102,0
10688,102,0
10689,96,0
10690,96,0
10691,94,0
10692,94,0
10693,102,0
10694,104,0
10695,96,0
10696,96,0
10697,96,0
10698,94,0
10699,96,0
10700,94,0
10701,98,0
10702,96,0
10703,96,0
10704,104,0
10705,94,0
10706,96,0
10707,94,0
10708,96,0
10709,96,0
10710,96,0
10711,94,0
10712,96,0
10713,96,0
10714,96,0
10715,96,0
10716,98,0
10717,94,0
10718,96,0
10719,96,0
10720,100,0
10721,100,0
10722,106,0
10723,102,0
10724,100,0
10725,102,0
10726,104,0
10727,96,0
10728,96,0
10729,94,0
10730,96,0
10731,96,0
10732,96,0
10733,96,0
10734,96,0
10735,94,0
10736,96,0
10737,108,0
10738,96,0
10739,96,0
10740,100,0
10741,96,0
10742,102,0
10743,94,0
10744,96,0
10745,96,0
10746,96,0
10747,96,0
10748,96,0
10749,96,0
10750,96,0
10751,98,0
10752,96,0
10753,96,0
10754,94,0
10755,94,0
10756,96,0
10757,92,0
10758,96,0
10759,96,0
10760,96,0
10761,96,0
10762,96,0
10763,94,0
10764,96,0
10765,96,0
10766,94,0
10767,96,0
10768,98,0
10769,100,0
10770,96,0
10771,94,0
10772,94,0
10773,96,0
10774,96,0
10775,100,0
10776,96,0
10777,100,0
10778,94,0
10779,94,0
10780,94,0
10781,96,0
10782,96,0
10783,94,0
10784,94,0
10785,96,0
10786,100,0
10787,94,0
10788,100,0
10789,96,0
10790,96,0
10791,96,0
10792,96,0
10793,100,0
10794,96,0
10795,96,0
10796,96,0
10797,96,0
10798,96,0
10799,96,0
10800,96,0
10801,94,0
10802,96,0
10803,94,0
10804,94,0
10805,96,0
10806,96,0
10807,96,0
10808,94,0
10809,94,0
10810,94,0
10811,96,0
10812,96,0
10813,96,0
10814,104,0
10815,96,0
10816,102,0
10817,104,0
10818,102,0
10819,102,0
10820,104,0
10821,104,0
10822,102,0
10823,104,0
10824,102,0
10825,104,0
10826,102,0
10827,104,0
10828,106,0
10829,104,0
10830,104,0
10831,100,0
10832,104,0
10833,102,0
10834,104,0
10835,106,0
10836,102,0
10837,102,0
10838,104,0
10839,106,0
10840,104,0
10841,104,0
10842,104,0
10843,106,0
10844,104,0
10845,106,0
10846,106,0
10847,100,0
10848,102,0
10849,104,0
10850,102,0
10851,104,0
10852,102,0
10853,104,0
10854,96,0
10855,94,0
10856,102,0
10857,98,0
10858,104,0
10859,102,0
10860,102,0
10861,104,0
10862,102,0
10863,104,0
10864,102,0
10865,102,0
10866,102,0
10867,100,0
10868,104,0
10869,96,0
10870,98,0
10871,104,0
10872,104,0
10873,104,0
10874,102,0
10875,102,0
10876,104,0
10877,94,0
10878,96,0
10879,102,0
10880,96,0
10881,102,0
10882,96,0
10883,96,0
10884,96,0
10885,94,0
10886,96,0
10887,96,0
10888,96,0
10889,94,0
10890,96,0
10891,96,0
10892,96,0
10893,96,0
10894,96,0
10895,96,0
10896,98,0
10897,96,0
10898,96,0
10899,96,0
10900,96,0
10901,104,0
10902,96,0
10903,106,0
10904,102,0
10905,102,0
10906,104,0
10907,102,0
10908,104,0
10909,102,0
10910,104,0
10911,102,0
10912,104,0
10913,96,0
10914,94,0
10915,102,0
10916,102,0
10917,102,0
10918,96,0
10919,96,0
10920,106,0
10921,102,0
10922,92,0
10923,104,0
10924,102,0
10925,104,0
10926,102,0
10927,102,0
10928,96,0
10929,104,0
10930,104,0
10931,102,0
10932,104,0
10933,102,0
10934,104,0
10935,104,0
10936,104,0
10937,100,0
10938,102,0
10939,104,0
10940,102,0
10941,90,0
10942,104,0
10943,96,0
10944,102,0
10945,104,0
10946,102,0
10947,100,0
10948,102,0
10949,102,0
10950,102,0
10951,94,0
10952,96,0
10953,94,0
10954,108,0
10955,104,0
10956,96,0
10957,104,0
10958,104,0
10959,100,0
10960,106,0
10961,100,0
10962,104,0
10963,102,0
10964,104,0
10965,98,0
10966,102,0
10967,94,0
10968,104,0
10969,106,0
10970,104,0
10971,104,0
10972,102,0
10973,96,0
10974,102,0
10975,100,0
10976,96,0
10977,100,0
10978,96,0
10979,104,0
10980,96,0
10981,98,0
10982,94,0
10983,96,0
10984,94,0
10985,96,0
10986,96,0
10987,90,0
10988,96,0
10989,96,0
10990,98,0
10991,96,0
10992,96,0
10993,98,0
10994,96,0
10995,96,0
10996,96,0
10997,96,0
10998,96,0
10999,100,0
11000,98,0
11001,94,0
11002,96,0
11003,100,0
11004,92,0
11005,98,0
11006,96,0
11007,96,0
11008,96,0
11009,98,0
11010,96,0
11011,96,0
11012,94,0
11013,96,0
11014,94,0
11015,96,0
11016,94,0
11017,98,0
11018,96,0
11019,96,0
11020,98,0
11021,92,0
11022,94,0
11023,100,0
11024,94,0
11025,96,0
11026,100,0
11027,106,0
11028,102,0
11029,100,0
11030,96,0
11031,96,0
11032,96,0
11033,96,0
11034,96,0
11035,96,0
11036,96,0
11037,96,0
11038,96,0
11039,96,0
11040,96,0
11041,96,0
11042,94,0
11043,96,0
11044,96,0
11045,96,0
11046,96,0
11047,96,0
11048,96,0
11049,92,0
11050,96,0
11051,96,0
11052,96,0
11053,94,0
11054,96,0
11055,98,0
11056,98,0
11057,96,0
11058,96,0
11059,96,0
11060,94,0
11061,94,0
11062,96,0
11063,94,0
11064,96,0
11065,96,0
11066,96,0
11067,94,0
11068,94,0
11069,98,0
11070,100,0
11071,94,0
11072,96,0
11073,96,0
11074,96,0
11075,96,0
11076,96,0
11077,96,0
11078,100,0
11079,96,0
11080,96,0
11081,96,0
11082,100,0
11083,94,0
11084,96,0
11085,98,0
11086,96,0
11087,96,0
11088,104,0
11089,96,0
11090,104,0
11091,102,0
11092,102,0
11093,96,0
11094,104,0
11095,102,0
11096,102,0
11097,96,0
11098,102,0
11099,102,0
11100,102,0
11101,102,0
11102,102,0
11103,102,0
11104,102,0
11105,102,0
11106,96,0
11107,102,0
11108,102,0
11109,104,0
11110,102,0
11111,106,0
11112,102,0
11113,104,0
11114,102,0
11115,104,0
11116,104,0
11117,104,0
11118,106,0
11119,104,0
11120,102,0
11121,104,0
11122,102,0
11123,104,0
11124,102,0
11125,104,0
11126,106,0
11127,106,0
11128,102,0
11129,108,0
11130,102,0
11131,102,0
11132,102,0
11133,102,0
11134,106,0
11135,104,0
11136,102,0
11137,104,0
11138,102,0
11139,106,0
11140,102,0
11141,104,0
11142,102,0
11143,106,0
11144,104,0
11145,104,0
11146,102,0
11147,104,0
11148,102,0
11149,104,0
11150,102,0
11151,104,0
11152,102,0
11153,104,0
11154,102,0
11155,104,0
11156,102,0
11157,104,0
11158,102,0
11159,104,0
11160,102,0
11161,104,0
11162,102,0
11163,106,0
11164,102,0
11165,104,0
11166,102,0
11167,104,0
11168,102,0
11169,104,0
11170,102,0
11171,104,0
11172,102,0
11173,104,0
11174,98,0
11175,102,0
11176,100,0
11177,104,0
11178,96,0
11179,96,0
11180,104,0
11181,102,0
11182,102,0
11183,102,0
11184,100,0
11185,100,0
11186,102,0
11187,94,0
11188,104,0
11189,96,0
11190,108,0
11191,102,0
11192,102,0
11193,104,0
11194,102,0
11195,102,0
11196,94,0
11197,96,0
11198,102,0
11199,96,0
11200,100,0
11201,96,0
11202,102,0
11203,96,0
11204,104,0
11205,96,0
11206,100,0
11207,96,0
11208,96,0
11209,96,0
11210,96,0
11211,96,0
11212,96,0
11213,96,0
11214,96,0
11215,96,0
11216,96,0
11217,96,0
11218,96,0
11219,96,0
11220,96,0
11221,96,0
11222,104,0
11223,96,0
11224,102,0
11225,96,0
11226,102,0
11227,102,0
11228,102,0
11229,102,0
11230,102,0
11231,96,0
11232,102,0
11233,96,0
11234,104,0
11235,106,0
11236,104,0
11237,102,0
11238,102,0
11239,96,0
11240,102,0
11241,102,0
11242,102,0
11243,96,0
11244,96,0
11245,108,0
11246,102,0
11247,102,0
11248,106,0
11249,94,0
11250,102,0
11251,96,0
11252,96,0
11253,98,0
11254,94,0
11255,96,0
11256,104,0
11257,98,0
11258,96,0
11259,104,0
11260,102,0
11261,102,0
11262,100,0
11263,104,0
11264,104,0
11265,96,0
11266,96,0
11267,96,0
11268,96,0
11269,96,0
11270,102,0
11271,96,0
11272,104,0
11273,96,0
11274,96,0
11275,96,0
11276,94,0
11277,104,0
11278,96,0
11279,96,0
11280,96,0
11281,96,0
11282,96,0
11283,96,0
11284,96,0
11285,96,0
11286,96,0
11287,96,0
11288,96,0
11289,96,0
11290,98,0
11291,96,0
11292,102,0
11293,94,0
11294,100,0
11295,96,0
11296,96,0
11297,100,0
11298,104,0
11299,106,0
11300,96,0
11301,96,0
11302,102,0
11303,104,0
11304,104,0
11305,104,0
11306,100,0
11307,104,0
11308,102,0
11309,96,0
11310,108,0
11311,96,0
11312,100,0
11313,106,0
11314,110,0
11315,106,0
11316,102,0
11317,102,0
11318,104,0
11319,102,0
11320,104,0
11321,102,0
11322,104,0
11323,102,0
11324,104,0
11325,102,0
11326,106,0
11327,102,0
11328,104,0
11329,102,0
11330,104,0
11331,102,0
11332,104,0
11333,102,0
11334,104,0
11335,102,0
11336,104,0
11337,102,0
11338,104,0
11339,102,0
11340,104,0
11341,104,0
11342,104,0
11343,102,0
11344,104,0
11345,104,0
11346,104,0
11347,102,0
11348,104,0
11349,102,0
11350,104,0
11351,102,0
11352,104,0
11353,102,0
11354,104,0
11355,102,0
11356,104,0
11357,102,0
11358,108,0
11359,102,0
11360,104,0
11361,104,0
11362,104,0
11363,100,0
11364,104,0
11365,96,0
11366,96,0
11367,104,0
11368,104,0
11369,106,0
11370,94,0
11371,108,0
11372,104,0
11373,104,0
11374,104,0
11375,104,0
11376,104,0
11377,108,0
11378,104,0
11379,104,0
11380,102,0
11381,102,0
11382,102,0
11383,102,0
11384,102,0
11385,102,0
11386,102,0
11387,102,0
11388,102,0
11389,102,0
11390,102,0
11391,106,0
11392,102,0
11393,98,0
11394,102,0
11395,96,0
11396,102,0
11397,100,0
11398,102,0
11399,96,0
11400,96,0
11401,104,0
11402,102,0
11403,96,0
11404,98,0
11405,96,0
11406,96,0
11407,104,0
11408,96,0
11409,96,0
11410,96,0
11411,94,0
11412,98,0
11413,96,0
11414,96,0
11415,100,0
11416,96,0
11417,96,0
11418,96,0
11419,96,0
11420,96,0
11421,96,0
11422,96,0
11423,96,0
11424,102,0
11425,98,0
11426,102,0
11427,100,0
11428,102,0
11429,98,0
11430,102,0
11431,106,0
11432,104,0
11433,102,0
11434,96,0
11435,104,0
11436,102,0
11437,104,0
11438,96,0
11439,96,0
11440,94,0
11441,104,0
11442,98,0
11443,104,0
11444,96,0
11445,102,0
11446,96,0
11447,96,0
11448,94,0
11449,96,0
11450,102,0
11451,96,0
11452,96,0
11453,96,0
11454,100,0
11455,104,0
11456,102,0
11457,104,0
11458,104,0
11459,102,0
11460,106,0
11461,104,0
11462,96,0
11463,96,0
11464,104,0
11465,96,0
11466,102,0
11467,96,0
11468,102,0
11469,100,0
11470,98,0
11471,96,0
11472,98,0
11473,94,0
11474,96,0
11475,96,0
11476,100,0
11477,106,0
11478,100,0
11479,96,0
11480,102,0
11481,104,0
11482,102,0
11483,98,0
11484,102,0
11485,104,0
11486,106,0
11487,106,0
11488,104,0
11489,104,0
11490,106,0
11491,102,0
11492,96,0
11493,96,0
11494,96,0
11495,96,0
11496,96,0
11497,94,0
11498,96,0
11499,102,0
11500,96,0
11501,94,0
11502,96,0
11503,96,0
11504,92,0
11505,96,0
11506,94,0
11507,100,0
11508,96,0
11509,94,0
11510,96,0
11511,108,0
11512,96,0
11513,104,0
11514,102,0
11515,104,0
11516,108,0
11517,104,0
11518,96,0
11519,96,0
11520,94,0
11521,96,0
11522,104,0
11523,102,0
11524,96,0
11525,94,0
11526,96,0
11527,96,0
11528,96,0
11529,96,0
11530,96,0
11531,96,0
11532,96,0
11533,96,0
11534,96,0
11535,94,0
11536,96,0
11537,96,0
11538,96,0
11539,96,0
11540,96,0
11541,96,0
11542,96,0
11543,94,0
11544,94,0
11545,106,0
11546,94,0
11547,96,0
11548,96,0
11549,96,0
11550,96,0
11551,94,0
11552,96,0
11553,96,0
11554,96,0
11555,96,0
11556,96,0
11557,96,0
11558,96,0
11559,96,0
11560,96,0
11561,96,0
11562,96,0
11563,96,0
11564,100,0
11565,96,0
11566,96,0
11567,94,0
11568,96,0
11569,96,0
11570,100,0
11571,96,0
11572,96,0
11573,96,0
11574,102,0
11575,96,0
11576,102,0
11577,104,0
11578,104,0
11579,104,0
11580,100,0
11581,102,0
11582,106,0
11583,102,0
11584,102,0
11585,96,0
11586,102,0
11587,96,0
11588,104,0
11589,96,0
11590,104,0
11591,100,0
11592,94,0
11593,102,0
11594,96,0
11595,104,0
11596,102,0
11597,102,0
11598,96,0
11599,96,0
11600,96,0
11601,96,0
11602,100,0
11603,96,0
11604,96,0
11605,96,0
11606,96,0
11607,108,0
11608,98,0
11609,102,0
11610,102,0
11611,92,0
11612,94,0
11613,96,0
11614,96,0
11615,96,0
11616,100,0
11617,102,0
11618,96,0
11619,100,0
11620,102,0
11621,102,0
11622,96,0
11623,96,0
11624,102,0
11625,102,0
11626,96,0
11627,96,0
11628,96,0
11629,102,0
11630,104,0
11631,96,0
11632,102,0
11633,104,0
11634,102,0
11635,102,0
11636,102,0
11637,104,0
11638,100,0
11639,96,0
11640,96,0
11641,102,0
11642,104,0
11643,96,0
11644,96,0
11645,96,0
11646,96,0
11647,94,0
11648,104,0
11649,94,0
11650,96,0
11651,98,0
11652,96,0
11653,96,0
11654,96,0
11655,100,0
11656,96,0
11657,98,0
11658,96,0
11659,96,0
11660,96,0
11661,96,0
11662,96,0
11663,96,0
11664,94,0
11665,100,0
11666,96,0
11667,98,0
11668,96,0
11669,100,0
11670,96,0
11671,94,0
11672,96,0
11673,96,0
11674,96,0
11675,100,0
11676,96,0
11677,96,0
11678,96,0
11679,96,0
11680,96,0
11681,96,0
11682,96,0
11683,96,0
11684,96,0
11685,96,0
11686,96,0
11687,96,0
11688,102,0
11689,94,0
11690,98,0
11691,96,0
11692,96,0
11693,96,0
11694,96,0
11695,96,0
11696,96,0
11697,96,0
11698,94,0
11699,96,0
11700,94,0
11701,94,0
11702,96,0
11703,96,0
11704,96,0
11705,100,0
11706,96,0
11707,96,0
11708,96,0
11709,100,0
11710,94,0
11711,96,0
11712,94,0
11713,96,0
11714,94,0
11715,96,0
11716,96,0
11717,98,0
11718,96,0
11719,96,0
11720,100,0
11721,94,0
11722,96,0
11723,100,0
11724,100,0
11725,98,0
11726,96,0
11727,100,0
11728,98,0
11729,96,0
11730,92,0
11731,96,0
11732,94,0
11733,96,0
11734,92,0
11735,96,0
11736,94,0
11737,98,0
11738,96,0
11739,100,0
11740,96,0
11741,102,0
11742,104,0
11743,102,0
11744,96,0
11745,96,0
11746,94,0
11747,96,0
11748,102,0
11749,96,0
11750,104,0
11751,104,0
11752,102,0
11753,104,0
11754,102,0
11755,102,0
11756,96,0
11757,104,0
11758,102,0
11759,104,0
11760,104,0
11761,100,0
11762,102,0
11763,100,0
11764,104,0
11765,106,0
11766,102,0
11767,104,0
11768,102,0
11769,104,0
11770,102,0
11771,102,0
11772,104,0
11773,102,0
11774,108,0
11775,102,0
11776,102,0
11777,102,0
11778,102,0
11779,102,0
11780,98,0
11781,96,0
11782,104,0
11783,102,0
11784,102,0
11785,102,0
11786,94,0
11787,96,0
11788,104,0
11789,100,0
11790,96,0
11791,100,0
11792,94,0
11793,96,0
11794,104,0
11795,96,0
11796,104,0
11797,96,0
11798,96,0
11799,108,0
11800,96,0
11801,96,0
11802,96,0
11803,94,0
11804,94,0
11805,94,0
11806,96,0
11807,96,0
11808,94,0
11809,96,0
11810,100,0
11811,96,0
11812,96,0
11813,96,0
11814,96,0
11815,102,0
11816,102,0
11817,104,0
11818,94,0
11819,104,0
11820,104,0
11821,102,0
11822,104,0
11823,104,0
11824,100,0
11825,104,0
11826,106,0
11827,104,0
11828,104,0
11829,102,0
11830,104,0
11831,102,0
11832,106,0
11833,102,0
11834,96,0
11835,102,0
11836,102,0
11837,106,0
11838,96,0
11839,106,0
11840,102,0
11841,94,0
11842,96,0
11843,102,0
11844,104,0
11845,96,0
11846,102,0
11847,104,0
11848,102,0
11849,104,0
11850,102,0
11851,102,0
11852,94,0
11853,104,0
11854,102,0
11855,102,0
11856,100,0
11857,104,0
11858,102,0
11859,102,0
11860,104,0
11861,96,0
11862,104,0
11863,104,0
11864,102,0
11865,102,0
11866,98,0
11867,94,0
11868,102,0
11869,96,0
11870,106,0
11871,96,0
11872,96,0
11873,94,0
11874,96,0
11875,96,0
11876,96,0
11877,96,0
11878,102,0
11879,102,0
11880,102,0
11881,102,0
11882,102,0
11883,102,0
11884,106,0
11885,96,0
11886,102,0
11887,96,0
11888,104,0
11889,102,0
11890,102,0
11891,96,0
11892,104,0
11893,102,0
11894,96,0
11895,102,0
11896,106,0
11897,102,0
11898,102,0
11899,102,0
11900,104,0
11901,96,0
11902,98,0
11903,96,0
11904,100,0
11905,104,0
11906,102,0
11907,102,0
11908,96,0
11909,102,0
11910,100,0
11911,102,0
11912,102,0
11913,96,0
11914,96,0
11915,102,0
11916,96,0
11917,104,0
11918,96,0
11919,102,0
11920,94,0
11921,96,0
11922,94,0
11923,96,0
11924,96,0
11925,94,0
11926,98,0
11927,96,0
11928,96,0
11929,96,0
11930,96,0
11931,96,0
11932,94,0
11933,96,0
11934,98,0
11935,96,0
11936,94,0
11937,96,0
11938,96,0
11939,96,0
11940,96,0
11941,96,0
11942,96,0
11943,96,0
11944,100,0
11945,96,0
11946,100,0
11947,96,0
11948,102,0
11949,98,0
11950,102,0
11951,102,0
11952,102,0
11953,102,0
11954,102,0
11955,106,0
11956,106,0
11957,98,0
11958,94,0
11959,102,0
11960,102,0
11961,104,0
11962,106,0
11963,104,0
11964,96,0
11965,102,0
11966,104,0
11967,96,0
11968,98,0
11969,100,0
11970,96,0
11971,96,0
11972,94,0
11973,102,0
11974,96,0
11975,96,0
11976,94,0
11977,102,0
11978,96,0
11979,102,0
11980,102,0
11981,96,0
11982,96,0
11983,102,0
11984,102,0
11985,96,0
11986,104,0
11987,96,0
11988,104,0
11989,104,0
11990,106,0
11991,102,0
11992,106,0
11993,102,0
11994,104,0
11995,96,0
11996,104,0
11997,100,0
11998,108,0
11999,104,0
12000,96,0
12001,102,0
12002,98,0
12003,102,0
12004,94,0
12005,96,0
12006,104,0
12007,96,0
12008,94,0
12009,96,0
12010,96,0
12011,96,0
12012,100,0
12013,96,0
12014,96,0
12015,100,0
12016,104,0
12017,106,0
12018,102,0
12019,106,0
12020,100,0
12021,102,0
12022,96,0
12023,96,0
12024,104,0
12025,104,0
12026,96,0
12027,102,0
12028,102,0
12029,102,0
12030,102,0
12031,102,0
12032,96,0
12033,104,0
12034,102,0
12035,96,0
12036,102,0
12037,96,0
12038,104,0
12039,102,0
12040,96,0
12041,98,0
12042,104,0
12043,96,0
12044,96,0
12045,96,0
12046,96,0
12047,102,0
12048,102,0
12049,96,0
12050,96,0
12051,96,0
12052,96,0
12053,104,0
12054,104,0
12055,104,0
12056,102,0
12057,104,0
12058,100,0
12059,104,0
12060,104,0
12061,100,0
12062,96,0
12063,94,0
12064,96,0
12065,96,0
12066,96,0
12067,94,0
12068,94,0
12069,96,0
12070,96,0
12071,96,0
12072,96,0
12073,94,0
12074,96,0
12075,96,0
12076,96,0
12077,96,0
12078,96,0
12079,100,0
12080,94,0
12081,96,0
12082,100,0
12083,94,0
12084,96,0
12085,96,0
12086,96,0
12087,96,0
12088,96,0
12089,96,0
12090,96,0
12091,102,0
12092,102,0
12093,96,0
12094,104,0
12095,104,0
12096,104,0
12097,102,0
12098,92,0
12099,96,0
12100,96,0
12101,102,0
12102,96,0
12103,102,0
12104,106,0
12105,104,0
12106,102,0
12107,102,0
12108,94,0
12109,104,0
12110,96,0
12111,96,0
12112,98,0
12113,94,0
12114,94,0
12115,96,0
12116,96,0
12117,94,0
12118,98,0
12119,98,0
12120,94,0
12121,98,0
12122,106,0
12123,102,0
12124,106,0
12125,102,0
12126,104,0
12127,106,0
12128,108,0
12129,96,0
12130,104,0
12131,102,0
12132,96,0
12133,100,0
12134,100,0
12135,94,0
12136,94,0
12137,96,0
12138,96,0
12139,96,0
12140,96,0
12141,96,0
12142,96,0
12143,96,0
12144,94,0
12145,96,0
12146,96,0
12147,96,0
12148,96,0
12149,96,0
12150,96,0
12151,96,0
12152,96,0
12153,96,0
12154,94,0
12155,94,0
12156,100,0
12157,98,0
12158,96,0
12159,98,0
12160,94,0
12161,94,0
12162,94,0
12163,96,0
12164,98,0
12165,96,0
12166,94,0
12167,96,0
12168,96,0
12169,94,0
12170,96,0
12171,98,0
12172,94,0
12173,96,0
12174,98,0
12175,96,0
12176,94,0
12177,94,0
12178,102,0
12179,96,0
12180,104,0
12181,96,0
12182,104,0
12183,104,0
12184,98,0
12185,102,0
12186,102,0
12187,102,0
12188,96,0
12189,106,0
12190,100,0
12191,106,0
12192,96,0
12193,94,0
12194,104,0
12195,96,0
12196,100,0
12197,108,0
12198,104,0
12199,96,0
12200,94,0
12201,100,0
12202,102,0
12203,106,0
12204,102,0
12205,102,0
12206,102,0
12207,96,0
12208,96,0
12209,102,0
12210,102,0
12211,102,0
12212,104,0
12213,102,0
12214,104,0
12215,102,0
12216,102,0
12217,102,0
12218,102,0
12219,104,0
12220,102,0
12221,104,0
12222,102,0
12223,102,0
12224,104,0
12225,102,0
12226,102,0
12227,102,0
12228,100,0
12229,102,0
12230,106,0
12231,104,0
12232,102,0
12233,108,0
12234,102,0
12235,102,0
12236,108,0
12237,104,0
12238,106,0
12239,104,0
12240,104,0
12241,106,0
12242,104,0
12243,102,0
12244,104,0
12245,106,0
12246,102,0
12247,102,0
12248,100,0
12249,100,0
12250,104,0
12251,100,0
12252,104,0
12253,102,0
12254,104,0
12255,102,0
12256,108,0
12257,102,0
12258,102,0
12259,102,0
12260,102,0
12261,100,0
12262,102,0
12263,96,0
12264,102,0
12265,96,0
12266,96,0
12267,106,0
12268,102,0
12269,102,0
12270,102,0
12271,102,0
12272,96,0
12273,104,0
12274,102,0
12275,102,0
12276,102,0
12277,102,0
12278,96,0
12279,102,0
12280,96,0
12281,96,0
12282,96,0
12283,96,0
12284,96,0
12285,94,0
12286,94,0
12287,96,0
12288,102,0
12289,96,0
12290,94,0
12291,96,0
12292,104,0
12293,96,0
12294,106,0
12295,104,0
12296,102,0
12297,100,0
12298,104,0
12299,100,0
12300,96,0
12301,104,0
12302,106,0
12303,102,0
12304,102,0
12305,104,0
12306,104,0
12307,100,0
12308,104,0
12309,104,0
12310,100,0
12311,102,0
12312,96,0
12313,104,0
12314,104,0
12315,106,0
12316,96,0
12317,98,0
12318,104,0
12319,104,0
12320,100,0
12321,102,0
12322,94,0
12323,102,0
12324,102,0
12325,104,0
12326,102,0
12327,96,0
12328,96,0
12329,102,0
12330,102,0
12331,102,0
12332,96,0
12333,96,0
12334,96,0
12335,102,0
12336,96,0
12337,96,0
12338,102,0
12339,102,0
12340,102,0
12341,102,0
12342,104,0
12343,96,0
12344,96,0
12345,104,0
12346,104,0
12347,102,0
12348,96,0
12349,96,0
12350,102,0
12351,106,0
12352,104,0
12353,96,0
12354,94,0
12355,102,0
12356,106,0
12357,100,0
12358,94,0
12359,94,0
12360,96,0
12361,94,0
12362,96,0
12363,96,0
12364,96,0
12365,96,0
12366,104,0
12367,96,0
12368,94,0
12369,96,0
12370,96,0
12371,96,0
12372,96,0
12373,96,0
12374,100,0
12375,96,0
12376,96,0
12377,94,0
12378,96,0
12379,96,0
12380,96,0
12381,96,0
12382,96,0
12383,96,0
12384,96,0
12385,96,0
12386,96,0
12387,96,0
12388,96,0
12389,96,0
12390,96,0
12391,96,0
12392,96,0
12393,96,0
12394,96,0
12395,96,0
12396,94,0
12397,96,0
12398,96,0
12399,96,0
12400,96,0
12401,96,0
12402,96,0
12403,98,0
12404,98,0
12405,92,0
12406,96,0
12407,102,0
12408,96,0
12409,102,0
12410,104,0
12411,102,0
12412,104,0
12413,104,0
12414,104,0
12415,102,0
12416,104,0
12417,100,0
12418,106,0
12419,104,0
12420,102,0
12421,102,0
12422,106,0
12423,102,0
12424,94,0
12425,102,0
12426,104,0
12427,102,0
12428,96,0
12429,100,0
12430,96,0
12431,106,0
12432,100,0
12433,106,0
12434,106,0
12435,98,0
12436,104,0
12437,106,0
12438,102,0
12439,102,0
12440,102,0
12441,102,0
12442,106,0
12443,102,0
12444,104,0
12445,102,0
12446,102,0
12447,102,0
12448,104,0
12449,106,0
12450,102,0
12451,96,0
12452,106,0
12453,104,0
12454,104,0
12455,98,0
12456,94,0
12457,102,0
12458,102,0
12459,96,0
12460,96,0
12461,96,0
12462,96,0
12463,104,0
12464,96,0
12465,96,0
12466,96,0
12467,94,0
12468,98,0
12469,94,0
12470,96,0
12471,100,0
12472,94,0
12473,96,0
12474,94,0
12475,94,0
12476,94,0
12477,94,0
12478,98,0
12479,96,0
12480,96,0
12481,96,0
12482,96,0
12483,96,0
12484,92,0
12485,96,0
12486,96,0
12487,96,0
12488,94,0
12489,94,0
12490,96,0
12491,94,0
12492,94,0
12493,94,0
12494,96,0
12495,96,0
12496,94,0
12497,94,0
12498,96,0
12499,94,0
12500,92,0
12501,94,0
12502,96,0
12503,96,0
12504,94,0
12505,94,0
12506,94,0
12507,96,0
12508,96,0
12509,96,0
12510,96,0
12511,96,0
12512,96,0
12513,94,0
12514,96,0
12515,96,0
12516,94,0
12517,94,0
12518,96,0
12519,96,0
12520,94,0
12521,92,0
12522,100,0
12523,96,0
12524,100,0
12525,96,0
12526,96,0
12527,94,0
12528,96,0
12529,96,0
12530,94,0
12531,96,0
12532,96,0
12533,94,0
12534,94,0
12535,94,0
12536,96,0
12537,96,0
12538,100,0
12539,94,0
12540,96,0
12541,94,0
12542,96,0
12543,94,0
12544,94,0
12545,94,0
12546,94,0
12547,96,0
12548,96,0
12549,94,0
12550,96,0
12551,108,0
12552,102,0
12553,104,0
12554,102,0
12555,102,0
12556,104,0
12557,102,0
12558,102,0
12559,102,0
12560,106,0
12561,102,0
12562,102,0
12563,106,0
12564,94,0
12565,100,0
12566,102,0
12567,102,0
12568,100,0
12569,102,0
12570,100,0
12571,100,0
12572,104,0
12573,102,0
12574,96,0
12575,96,0
12576,102,0
12577,102,0
12578,102,0
12579,96,0
12580,94,0
12581,94,0
12582,94,0
12583,94,0
12584,94,0
12585,98,0
12586,94,0
12587,96,0
12588,96,0
12589,94,0
12590,96,0
12591,96,0
12592,94,0
12593,94,0
12594,94,0
12595,94,0
12596,96,0
12597,98,0
12598,96,0
12599,96,0
12600,94,0
12601,96,0
12602,96,0
12603,96,0
12604,96,0
12605,96,0
12606,94,0
12607,94,0
12608,94,0
12609,94,0
12610,98,0
12611,94,0
12612,94,0
12613,96,0
12614,94,0
12615,96,0
12616,94,0
12617,94,0
12618,96,0
12619,96,0
12620,94,0
12621,96,0
12622,96,0
12623,102,0
12624,90,0
12625,96,0
12626,96,0
12627,96,0
12628,94,0
12629,96,0
12630,94,0
12631,94,0
12632,94,0
12633,96,0
12634,96,0
12635,94,0
12636,94,0
12637,96,0
12638,98,0
12639,94,0
12640,94,0
12641,94,0
12642,96,0
12643,96,0
12644,96,0
12645,94,0
12646,90,0
12647,94,0
12648,94,0
12649,94,0
12650,94,0
12651,96,0
12652,94,0
12653,94,0
12654,94,0
12655,94,0
12656,96,0
12657,94,0
12658,96,0
12659,98,0
12660,92,0
12661,96,0
12662,94,0
12663,94,0
12664,96,0
12665,94,0
12666,94,0
12667,96,0
12668,96,0
12669,94,0
12670,96,0
12671,96,0
12672,96,0
12673,96,0
12674,94,0
12675,96,0
12676,92,0
12677,94,0
12678,94,0
12679,94,0
12680,94,0
12681,94,0
12682,96,0
12683,96,0
12684,94,0
12685,96,0
12686,96,0
12687,94,0
12688,94,0
12689,94,0
12690,94,0
12691,92,0
12692,96,0
12693,94,0
12694,94,0
12695,94,0
12696,92,0
12697,96,0
12698,94,0
12699,96,0
12700,96,0
12701,96,0
12702,92,0
12703,94,0
12704,96,0
12705,96,0
12706,100,0
12707,102,0
12708,102,0
12709,100,0
12710,94,0
12711,102,0
12712,102,0
12713,94,0
12714,102,0
12715,98,0
12716,102,0
12717,102,0
12718,102,0
12719,102,0
12720,102,0
12721,102,0
12722,102,0
12723,102,0
12724,102,0
12725,102,0
12726,102,0
12727,104,0
12728,102,0
12729,106,0
12730,102,0
12731,106,0
12732,102,0
12733,102,0
12734,106,0
12735,96,0
12736,102,0
12737,102,0
12738,96,0
12739,96,0
12740,102,0
12741,96,0
12742,106,0
12743,104,0
12744,96,0
12745,96,0
12746,96,0
12747,98,0
12748,92,0
12749,94,0
12750,96,0
12751,94,0
12752,96,0
12753,94,0
12754,96,0
12755,96,0
12756,96,0
12757,96,0
12758,94,0
12759,96,0
12760,96,0
12761,96,0
12762,96,0
12763,94,0
12764,96,0
12765,96,0
12766,94,0
12767,94,0
12768,100,0
12769,98,0
12770,94,0
12771,98,0
12772,100,0
12773,106,0
12774,106,0
12775,102,0
12776,96,0
12777,104,0
12778,106,0
12779,104,0
12780,100,0
12781,100,0
12782,104,0
12783,102,0
12784,100,0
12785,104,0
12786,96,0
12787,102,0
12788,102,0
12789,98,0
12790,104,0
12791,106,0
12792,104,0
12793,102,0
12794,102,0
12795,102,0
12796,102,0
12797,102,0
12798,96,0
12799,102,0
12800,100,0
12801,104,0
12802,94,0
12803,96,0
12804,96,0
12805,94,0
12806,94,0
12807,96,0
12808,96,0
12809,96,0
12810,94,0
12811,94,0
12812,94,0
12813,94,0
12814,96,0
12815,94,0
12816,94,0
12817,98,0
12818,94,0
12819,96,0
12820,96,0
12821,96,0
12822,94,0
12823,94,0
12824,96,0
12825,94,0
12826,94,0
12827,90,0
12828,96,0
12829,96,0
12830,94,0
12831,92,0
12832,96,0
12833,96,0
12834,96,0
12835,94,0
12836,94,0
12837,96,0
12838,96,0
12839,96,0
12840,96,0
12841,96,0
12842,96,0
12843,94,0
12844,96,0
12845,96,0
12846,96,0
12847,96,0
12848,94,0
12849,96,0
12850,94,0
12851,96,0
12852,94,0
12853,96,0
12854,94,0
12855,98,0
12856,94,0
12857,94,0
12858,98,0
12859,96,0
12860,98,0
12861,96,0
12862,94,0
12863,96,0
12864,94,0
12865,94,0
12866,94,0
12867,96,0
12868,98,0
12869,96,0
12870,94,0
12871,94,0
12872,96,0
12873,92,0
12874,96,0
12875,96,0
12876,96,0
12877,96,0
12878,92,0
12879,96,0
12880,96,0
12881,96,0
12882,94,0
12883,94,0
12884,94,0
12885,96,0
12886,94,0
12887,96,0
12888,100,0
12889,96,0
12890,96,0
12891,94,0
12892,96,0
12893,96,0
12894,98,0
12895,96,0
12896,104,0
12897,104,0
12898,106,0
12899,104,0
12900,102,0
12901,102,0
12902,104,0
12903,102,0
12904,106,0
12905,102,0
12906,102,0
12907,102,0
12908,102,0
12909,100,0
12910,102,0
12911,106,0
12912,96,0
12913,104,0
12914,102,0
12915,102,0
12916,92,0
12917,102,0
12918,102,0
12919,94,0
12920,96,0
12921,96,0
12922,96,0
12923,94,0
12924,96,0
12925,96,0
12926,94,0
12927,94,0
12928,96,0
12929,96,0
12930,96,0
12931,96,0
12932,94,0
12933,94,0
12934,94,0
12935,94,0
12936,96,0
12937,94,0
12938,94,0
12939,96,0
12940,94,0
12941,94,0
12942,102,0
12943,102,0
12944,104,0
12945,102,0
12946,100,0
12947,102,0
12948,96,0
12949,102,0
12950,102,0
12951,100,0
12952,102,0
12953,104,0
12954,106,0
12955,102,0
12956,102,0
12957,104,0
12958,102,0
12959,102,0
12960,102,0
12961,102,0
12962,102,0
12963,104,0
12964,102,0
12965,102,0
12966,106,0
12967,102,0
12968,106,0
12969,106,0
12970,100,0
12971,102,0
12972,102,0
12973,102,0
12974,100,0
12975,102,0
12976,100,0
12977,106,0
12978,102,0
12979,102,0
12980,102,0
12981,102,0
12982,104,0
12983,104,0
12984,104,0
12985,102,0
12986,102,0
12987,102,0
12988,102,0
12989,102,0
12990,102,0
12991,102,0
12992,102,0
12993,102,0
12994,104,0
12995,102,0
12996,102,0
12997,102,0
12998,102,0
12999,102,0
13000,102,0
13001,102,0
13002,102,0
13003,102,0
13004,102,0
13005,102,0
13006,102,0
13007,102,0
13008,102,0
13009,102,0
13010,102,0
13011,100,0
13012,104,0
13013,102,0
13014,104,0
13015,102,0
13016,106,0
13017,102,0
13018,108,0
13019,102,0
13020,96,0
13021,102,0
13022,102,0
13023,102,0
13024,94,0
13025,104,0
13026,102,0
13027,94,0
13028,104,0
13029,104,0
13030,102,0
13031,102,0
13032,102,0
13033,102,0
13034,100,0
13035,94,0
13036,94,0
13037,102,0
13038,96,0
13039,96,0
13040,96,0
13041,94,0
13042,106,0
13043,96,0
13044,102,0
13045,102,0
13046,102,0
13047,102,0
13048,102,0
13049,100,0
13050,102,0
13051,102,0
13052,104,0
13053,102,0
13054,102,0
13055,102,0
13056,100,0
13057,102,0
13058,102,0
13059,102,0
13060,102,0
13061,102,0
13062,104,0
13063,102,0
13064,96,0
13065,100,0
13066,100,0
13067,102,0
13068,102,0
13069,96,0
13070,102,0
13071,94,0
13072,94,0
13073,94,0
13074,94,0
13075,94,0
13076,94,0
13077,94,0
13078,94,0
13079,94,0
13080,92,0
13081,94,0
13082,96,0
13083,94,0
13084,98,0
13085,96,0
13086,100,0
13087,100,0
13088,102,0
13089,96,0
13090,102,0
13091,106,0
13092,106,0
13093,102,0
13094,102,0
13095,102,0
13096,102,0
13097,106,0
13098,102,0
13099,106,0
13100,102,0
13101,104,0
13102,102,0
13103,102,0
13104,102,0
13105,102,0
13106,102,0
13107,102,0
13108,102,0
13109,102,0
13110,102,0
13111,102,0
13112,102,0
13113,104,0
13114,102,0
13115,102,0
13116,98,0
13117,100,0
13118,104,0
13119,102,0
13120,96,0
13121,104,0
13122,102,0
13123,102,0
13124,102,0
13125,102,0
13126,102,0
13127,102,0
13128,104,0
13129,102,0
13130,102,0
13131,102,0
13132,102,0
13133,102,0
13134,102,0
13135,102,0
13136,102,0
13137,106,0
13138,106,0
13139,102,0
13140,104,0
13141,102,0
13142,102,0
13143,102,0
13144,102,0
13145,102,0
13146,102,0
13147,102,0
13148,100,0
13149,106,0
13150,102,0
13151,102,0
13152,106,0
13153,102,0
13154,102,0
13155,102,0
13156,102,0
13157,102,0
13158,100,0
13159,108,0
13160,102,0
13161,102,0
13162,102,0
13163,94,0
13164,104,0
13165,102,0
13166,102,0
13167,94,0
13168,104,0
13169,98,0
13170,104,0
13171,90,0
13172,96,0
13173,94,0
13174,96,0
13175,96,0
13176,96,0
13177,96,0
13178,94,0
13179,96,0
13180,94,0
13181,94,0
13182,106,0
13183,96,0
13184,102,0
13185,98,0
13186,102,0
13187,92,0
13188,102,0
13189,102,0
13190,100,0
13191,96,0
13192,102,0
13193,102,0
13194,96,0
13195,96,0
13196,96,0
13197,106,0
13198,102,0
13199,104,0
13200,100,0
13201,100,0
13202,94,0
13203,96,0
13204,98,0
13205,102,0
13206,94,0
13207,100,0
13208,96,0
13209,98,0
13210,96,0
13211,96,0
13212,96,0
13213,94,0
13214,96,0
13215,96,0
13216,96,0
13217,96,0
13218,96,0
13219,96,0
13220,94,0
13221,96,0
13222,96,0
13223,98,0
13224,96,0
13225,94,0
13226,96,0
13227,96,0
13228,96,0
13229,98,0
13230,100,0
13231,96,0
13232,94,0
13233,96,0
13234,94,0
13235,96,0
13236,94,0
13237,96,0
13238,94,0
13239,94,0
13240,96,0
13241,96,0
13242,96,0
13243,94,0
13244,96,0
13245,96,0
13246,100,0
13247,96,0
13248,96,0
13249,96,0
13250,100,0
13251,96,0
13252,94,0
13253,104,0
13254,96,0
13255,102,0
13256,94,0
13257,94,0
13258,102,0
13259,96,0
13260,104,0
13261,106,0
13262,100,0
13263,102,0
13264,102,0
13265,102,0
13266,106,0
13267,96,0
13268,102,0
13269,98,0
13270,102,0
13271,96,0
13272,104,0
13273,96,0
13274,102,0
13275,94,0
13276,96,0
13277,104,0
13278,102,0
13279,96,0
13280,104,0
13281,102,0
13282,102,0
13283,96,0
13284,102,0
13285,96,0
13286,104,0
13287,94,0
13288,102,0
13289,102,0
13290,102,0
13291,96,0
13292,102,0
13293,92,0
13294,102,0
13295,102,0
13296,102,0
13297,104,0
13298,102,0
13299,96,0
13300,102,0
13301,102,0
13302,100,0
13303,94,0
13304,94,0
13305,96,0
13306,94,0
13307,102,0
13308,102,0
13309,96,0
13310,102,0
13311,104,0
13312,96,0
13313,100,0
13314,102,0
13315,106,0
13316,104,0
13317,104,0
13318,104,0
13319,96,0
13320,102,0
13321,104,0
13322,104,0
13323,96,0
13324,100,0
13325,102,0
13326,102,0
13327,94,0
13328,96,0
13329,94,0
13330,104,0
13331,102,0
13332,102,0
13333,96,0
13334,100,0
13335,108,0
13336,102,0
13337,96,0
13338,102,0
13339,104,0
13340,96,0
13341,96,0
13342,104,0
13343,106,0
13344,104,0
13345,96,0
13346,102,0
13347,100,0
13348,100,0
13349,102,0
13350,104,0
13351,102,0
13352,104,0
13353,96,0
13354,102,0
13355,100,0
13356,102,0
13357,96,0
13358,96,0
13359,96,0
13360,94,0
13361,94,0
13362,94,0
13363,96,0
13364,92,0
13365,96,0
13366,96,0
13367,94,0
13368,96,0
13369,98,0
13370,94,0
13371,96,0
13372,98,0
13373,96,0
13374,96,0
13375,96,0
13376,94,0
13377,96,0
13378,96,0
13379,96,0
13380,100,0
13381,94,0
13382,96,0
13383,94,0
13384,94,0
13385,100,0
13386,98,0
13387,98,0
13388,96,0
13389,96,0
13390,96,0
13391,96,0
13392,94,0
13393,98,0
13394,96,0
13395,100,0
13396,94,0
13397,92,0
13398,94,0
13399,96,0
13400,96,0
13401,96,0
13402,98,0
13403,96,0
13404,96,0
13405,96,0
13406,98,0
13407,96,0
13408,96,0
13409,94,0
13410,94,0
13411,96,0
13412,94,0
13413,94,0
13414,96,0
13415,96,0
13416,96,0
13417,96,0
13418,94,0
13419,100,0
13420,98,0
13421,100,0
13422,96,0
13423,94,0
13424,96,0
13425,94,0
13426,100,0
13427,96,0
13428,96,0
13429,96,0
13430,96,0
13431,96,0
13432,100,0
13433,98,0
13434,98,0
13435,96,0
13436,96,0
13437,94,0
13438,94,0
13439,96,0
13440,92,0
13441,92,0
13442,94,0
13443,94,0
13444,96,0
13445,98,0
13446,96,0
13447,94,0
13448,96,0
13449,96,0
13450,96,0
13451,96,0
13452,96,0
13453,94,0
13454,96,0
13455,96,0
13456,94,0
13457,96,0
13458,96,0
13459,94,0
13460,96,0
13461,96,0
13462,100,0
13463,98,0
13464,96,0
13465,94,0
13466,94,0
13467,94,0
13468,96,0
13469,96,0
13470,96,0
13471,94,0
13472,96,0
13473,96,0
13474,94,0
13475,94,0
13476,96,0
13477,94,0
13478,96,0
13479,96,0
13480,96,0
13481,96,0
13482,96,0
13483,96,0
13484,96,0
13485,92,0
13486,98,0
13487,96,0
13488,94,0
13489,94,0
13490,96,0
13491,100,0
13492,100,0
13493,94,0
13494,94,0
13495,96,0
13496,96,0
13497,96,0
13498,94,0
13499,96,0
13500,100,0
13501,96,0
13502,96,0
13503,94,0
13504,98,0
13505,92,0
13506,100,0
13507,96,0
13508,94,0
13509,94,0
13510,96,0
13511,96,0
13512,96,0
13513,94,0
13514,94,0
13515,96,0
13516,98,0
13517,96,0
13518,98,0
13519,96,0
13520,96,0
13521,96,0
13522,94,0
13523,96,0
13524,94,0
13525,94,0
13526,94,0
13527,94,0
13528,96,0
13529,98,0
13530,96,0
13531,96,0
13532,96,0
13533,96,0
13534,96,0
13535,94,0
13536,94,0
13537,94,0
13538,94,0
13539,96,0
13540,94,0
13541,94,0
13542,96,0
13543,94,0
13544,96,0
13545,94,0
13546,94,0
13547,94,0
13548,102,0
13549,100,0
13550,92,0
13551,100,0
13552,102,0
13553,102,0
13554,114,0
13555,102,0
13556,94,0
13557,96,0
13558,100,0
13559,94,0
13560,94,0
13561,96,0
13562,96,0
13563,98,0
13564,94,0
13565,96,0
13566,98,0
13567,96,0
13568,96,0
13569,98,0
13570,96,0
13571,96,0
13572,98,0
13573,96,0
13574,96,0
13575,94,0
13576,96,0
13577,96,0
13578,96,0
13579,94,0
13580,96,0
13581,94,0
13582,96,0
13583,96,0
13584,94,0
13585,96,0
13586,96,0
13587,94,0
13588,96,0
13589,96,0
13590,94,0
13591,96,0
13592,96,0
13593,96,0
13594,96,0
13595,98,0
13596,96,0
13597,96,0
13598,96,0
13599,100,0
13600,96,0
13601,94,0
13602,96,0
13603,96,0
13604,96,0
13605,98,0
13606,96,0
13607,98,0
13608,96,0
13609,96,0
13610,96,0
13611,96,0
13612,100,0
13613,96,0
13614,100,0
13615,96,0
13616,94,0
13617,96,0
13618,96,0
13619,98,0
13620,98,0
13621,96,0
13622,96,0
13623,96,0
13624,96,0
13625,96,0
13626,96,0
13627,94,0
13628,96,0
13629,96,0
13630,94,0
13631,94,0
13632,96,0
13633,100,0
13634,94,0
13635,96,0
13636,98,0
13637,96,0
13638,96,0
13639,96,0
13640,96,0
13641,92,0
13642,96,0
13643,96,0
13644,96,0
13645,96,0
13646,96,0
13647,98,0
13648,96,0
13649,94,0
13650,100,0
13651,96,0
13652,96,0
13653,96,0
13654,96,0
13655,96,0
13656,94,0
13657,96,0
13658,96,0
13659,94,0
13660,96,0
13661,96,0
13662,96,0
13663,96,0
13664,100,0
13665,98,0
13666,94,0
13667,94,0
13668,96,0
13669,94,0
13670,96,0
13671,94,0
13672,94,0
13673,92,0
13674,96,0
13675,96,0
13676,94,0
13677,96,0
13678,96,0
13679,96,0
13680,96,0
13681,96,0
13682,96,0
13683,96,0
13684,96,0
13685,98,0
13686,96,0
13687,96,0
13688,96,0
13689,96,0
13690,94,0
13691,98,0
13692,94,0
13693,96,0
13694,100,0
13695,94,0
13696,96,0
13697,96,0
13698,96,0
13699,100,0
13700,96,0
13701,94,0
13702,96,0
13703,96,0
13704,94,0
13705,100,0
13706,94,0
13707,94,0
13708,96,0
13709,96,0
13710,96,0
13711,94,0
13712,96,0
13713,96,0
13714,96,0
13715,94,0
13716,96,0
13717,96,0
13718,94,0
13719,98,0
13720,96,0
13721,96,0
13722,96,0
13723,96,0
13724,98,0
13725,92,0
13726,96,0
13727,100,0
13728,98,0
13729,96,0
13730,96,0
13731,96,0
13732,96,0
13733,96,0
13734,100,0
13735,96,0
13736,94,0
13737,96,0
13738,94,0
13739,96,0
13740,92,0
13741,96,0
13742,96,0
13743,100,0
13744,96,0
13745,100,0
13746,96,0
13747,96,0
13748,92,0
13749,100,0
13750,96,0
13751,100,0
13752,96,0
13753,94,0
13754,96,0
13755,96,0
13756,96,0
13757,96,0
13758,96,0
13759,100,0
13760,96,0
13761,94,0
13762,96,0
13763,94,0
13764,94,0
13765,96,0
13766,96,0
13767,96,0
13768,94,0
13769,94,0
13770,100,0
13771,96,0
13772,96,0
13773,96,0
13774,96,0
13775,96,0
13776,96,0
13777,94,0
13778,92,0
13779,100,0
13780,96,0
13781,96,0
13782,96,0
13783,94,0
13784,96,0
13785,98,0
13786,96,0
13787,94,0
13788,96,0
13789,96,0
13790,96,0
13791,96,0
13792,92,0
13793,94,0
13794,96,0
13795,96,0
13796,94,0
13797,100,0
13798,100,0
13799,96,0
13800,94,0
13801,96,0
13802,94,0
13803,92,0
13804,96,0
13805,96,0
13806,96,0
13807,96,0
13808,96,0
13809,96,0
13810,96,0
13811,96,0
13812,96,0
13813,96,0
13814,96,0
13815,96,0
13816,94,0
13817,98,0
13818,96,0
13819,96,0
13820,96,0
13821,96,0
13822,96,0
13823,94,0
13824,96,0
13825,96,0
13826,96,0
13827,98,0
13828,96,0
13829,96,0
13830,96,0
13831,94,0
13832,96,0
13833,96,0
13834,96,0
13835,96,0
13836,94,0
13837,96,0
13838,94,0
13839,96,0
13840,96,0
13841,96,0
13842,94,0
13843,94,0
13844,96,0
13845,96,0
13846,94,0
13847,96,0
13848,94,0
13849,96,0
13850,96,0
13851,96,0
13852,94,0
13853,96,0
13854,96,0
13855,94,0
13856,100,0
13857,96,0
13858,96,0
13859,100,0
13860,98,0
13861,100,0
13862,96,0
13863,100,0
13864,96,0
13865,94,0
13866,96,0
13867,96,0
13868,94,0
13869,96,0
13870,94,0
13871,94,0
13872,94,0
13873,94,0
13874,94,0
13875,100,0
13876,96,0
13877,98,0
13878,96,0
13879,96,0
13880,96,0
13881,96,0
13882,96,0
13883,96,0
13884,96,0
13885,96,0
13886,94,0
13887,96,0
13888,96,0
13889,94,0
13890,94,0
13891,98,0
13892,100,0
13893,94,0
13894,96,0
13895,96,0
13896,96,0
13897,94,0
13898,104,0
13899,102,0
13900,102,0
13901,98,0
13902,98,0
13903,100,0
13904,96,0
13905,96,0
13906,104,0
13907,100,0
13908,104,0
13909,96,0
13910,102,0
13911,102,0
13912,96,0
13913,100,0
13914,102,0
13915,96,0
13916,102,0
13917,106,0
13918,98,0
13919,94,0
13920,102,0
13921,102,0
13922,92,0
13923,104,0
13924,102,0
13925,100,0
13926,102,0
13927,104,0
13928,102,0
13929,104,0
13930,100,0
13931,96,0
13932,102,0
13933,104,0
13934,102,0
13935,108,0
13936,96,0
13937,102,0
13938,100,0
13939,102,0
13940,104,0
13941,98,0
13942,102,0
13943,96,0
13944,96,0
13945,96,0
13946,104,0
13947,100,0
13948,108,0
13949,104,0
13950,96,0
13951,96,0
13952,104,0
13953,96,0
13954,96,0
13955,96,0
13956,104,0
13957,102,0
13958,96,0
13959,96,0
13960,100,0
13961,104,0
13962,102,0
13963,104,0
13964,102,0
13965,102,0
13966,108,0
13967,102,0
13968,100,0
13969,108,0
13970,102,0
13971,102,0
13972,104,0
13973,102,0
13974,104,0
13975,96,0
13976,102,0
13977,102,0
13978,104,0
13979,102,0
13980,102,0
13981,102,0
13982,104,0
13983,102,0
13984,104,0
13985,106,0
13986,104,0
13987,96,0
13988,104,0
13989,94,0
13990,102,0
13991,102,0
13992,104,0
13993,102,0
13994,104,0
13995,102,0
13996,102,0
13997,104,0
13998,102,0
13999,102,0
14000,96,0
14001,102,0
14002,104,0
14003,106,0
14004,102,0
14005,102,0
14006,102,0
14007,104,0
14008,98,0
14009,102,0
14010,96,0
14011,98,0
14012,104,0
14013,104,0
14014,104,0
14015,104,0
14016,102,0
14017,104,0
14018,104,0
14019,96,0
14020,96,0
14021,104,0
14022,106,0
14023,102,0
14024,106,0
14025,96,0
14026,102,0
14027,108,0
14028,106,0
14029,104,0
14030,96,0
14031,102,0
14032,96,0
14033,96,0
14034,96,0
14035,104,0
14036,102,0
14037,96,0
14038,102,0
14039,96,0
14040,102,0
14041,104,0
14042,96,0
14043,104,0
14044,104,0
14045,104,0
14046,104,0
14047,96,0
14048,102,0
14049,104,0
14050,102,0
14051,102,0
14052,96,0
14053,104,0
14054,102,0
14055,96,0
14056,102,0
14057,102,0
14058,96,0
14059,102,0
14060,96,0
14061,100,0
14062,104,0
14063,102,0
14064,108,0
14065,102,0
14066,106,0
14067,102,0
14068,96,0
14069,102,0
14070,104,0
14071,96,0
14072,96,0
14073,102,0
14074,102,0
14075,104,0
14076,102,0
14077,106,0
14078,102,0
14079,104,0
14080,96,0
14081,102,0
14082,106,0
14083,104,0
14084,96,0
14085,96,0
14086,104,0
14087,104,0
14088,104,0
14089,102,0
14090,104,0
14091,100,0
14092,104,0
14093,102,0
14094,106,0
14095,104,0
14096,98,0
14097,96,0
14098,104,0
14099,102,0
14100,104,0
14101,96,0
14102,94,0
14103,96,0
14104,94,0
14105,96,0
14106,96,0
14107,96,0
14108,96,0
14109,96,0
14110,96,0
14111,96,0
14112,96,0
14113,96,0
14114,96,0
14115,96,0
14116,96,0
14117,96,0
14118,102,0
14119,96,0
14120,102,0
14121,98,0
14122,104,0
14123,96,0
14124,98,0
14125,96,0
14126,106,0
14127,102,0
14128,104,0
14129,96,0
14130,104,0
14131,104,0
14132,104,0
14133,104,0
14134,104,0
14135,106,0
14136,96,0
14137,104,0
14138,96,0
14139,96,0
14140,100,0
14141,102,0
14142,104,0
14143,94,0
14144,104,0
14145,96,0
14146,104,0
14147,104,0
14148,94,0
14149,104,0
14150,104,0
14151,102,0
14152,102,0
14153,102,0
14154,96,0
14155,96,0
14156,96,0
14157,104,0
14158,104,0
14159,94,0
14160,98,0
14161,96,0
14162,102,0
14163,96,0
14164,96,0
14165,96,0
14166,96,0
14167,96,0
14168,96,0
14169,104,0
14170,94,0
14171,106,0
14172,102,0
14173,102,0
14174,96,0
14175,102,0
14176,102,0
14177,102,0
14178,104,0
14179,104,0
14180,104,0
14181,96,0
14182,106,0
14183,102,0
14184,102,0
14185,104,0
14186,102,0
14187,102,0
14188,104,0
14189,94,0
14190,96,0
14191,100,0
14192,96,0
14193,104,0
14194,96,0
14195,106,0
14196,102,0
14197,108,0
14198,102,0
14199,104,0
14200,104,0
14201,102,0
14202,102,0
14203,102,0
14204,96,0
14205,102,0
14206,106,0
14207,106,0
14208,102,0
14209,102,0
14210,104,0
14211,102,0
14212,100,0
14213,104,0
14214,102,0
14215,102,0
14216,106,0
14217,104,0
14218,102,0
14219,104,0
14220,102,0
14221,104,0
14222,96,0
14223,102,0
14224,102,0
14225,104,0
14226,102,0
14227,102,0
14228,104,0
14229,102,0
14230,102,0
14231,96,0
14232,96,0
14233,96,0
14234,96,0
14235,94,0
14236,96,0
14237,94,0
14238,96,0
14239,96,0
14240,96,0
14241,96,0
14242,96,0
14243,96,0
14244,96,0
14245,96,0
14246,104,0
14247,96,0
14248,104,0
14249,106,0
14250,104,0
14251,102,0
14252,104,0
14253,102,0
14254,102,0
14255,98,0
14256,102,0
14257,102,0
14258,108,0
14259,108,0
14260,104,0
14261,106,0
14262,106,0
14263,104,0
14264,100,0
14265,104,0
14266,102,0
14267,96,0
14268,104,0
14269,108,0
14270,104,0
14271,102,0
14272,104,0
14273,106,0
14274,104,0
14275,94,0
14276,96,0
14277,102,0
14278,96,0
14279,104,0
14280,96,0
14281,102,0
14282,102,0
14283,104,0
14284,104,0
14285,104,0
14286,104,0
14287,96,0
14288,100,0
14289,104,0
14290,102,0
14291,94,0
14292,102,0
14293,102,0
14294,102,0
14295,102,0
14296,102,0
14297,102,0
14298,102,0
14299,94,0
14300,102,0
14301,96,0
14302,104,0
14303,96,0
14304,92,0
14305,102,0
14306,96,0
14307,96,0
14308,96,0
14309,96,0
14310,96,0
14311,104,0
14312,102,0
14313,96,0
14314,102,0
14315,104,0
14316,96,0
14317,102,0
14318,106,0
14319,104,0
14320,100,0
14321,104,0
14322,104,0
14323,102,0
14324,104,0
14325,104,0
14326,102,0
14327,98,0
14328,100,0
14329,104,0
14330,96,0
14331,96,0
14332,102,0
14333,102,0
14334,104,0
14335,106,0
14336,102,0
14337,96,0
14338,100,0
14339,102,0
14340,104,0
14341,102,0
14342,102,0
14343,96,0
14344,102,0
14345,96,0
14346,96,0
14347,96,0
14348,96,0
14349,98,0
14350,104,0
14351,96,0
14352,106,0
14353,104,0
14354,96,0
14355,108,0
14356,96,0
14357,102,0
14358,102,0
14359,104,0
14360,106,0
14361,104,0
14362,104,0
14363,104,0
14364,102,0
14365,104,0
14366,106,0
14367,96,0
14368,96,0
14369,106,0
14370,94,0
14371,96,0
14372,100,0
14373,96,0
14374,96,0
14375,96,0
14376,96,0
14377,100,0
14378,96,0
14379,106,0
14380,96,0
14381,102,0
14382,96,0
14383,106,0
14384,102,0
14385,104,0
14386,104,0
14387,102,0
14388,104,0
14389,100,0
14390,102,0
14391,96,0
14392,102,0
14393,102,0
14394,104,0
14395,104,0
14396,102,0
14397,102,0
14398,100,0
14399,100,0
14400,104,0
14401,104,0
14402,102,0
14403,102,0
14404,96,0
14405,102,0
14406,96,0
14407,98,0
14408,100,0
14409,106,0
14410,102,0
14411,104,0
14412,96,0
14413,104,0
14414,108,0
14415,96,0
14416,98,0
14417,96,0
14418,96,0
14419,96,0
14420,96,0
14421,94,0
14422,96,0
14423,100,0
14424,100,0
14425,96,0
14426,94,0
14427,100,0
14428,96,0
14429,96,0
14430,96,0
14431,96,0
14432,96,0
14433,96,0
14434,96,0
14435,94,0
14436,94,0
14437,94,0
14438,96,0
14439,96,0
14440,96,0
14441,96,0
14442,96,0
14443,98,0
14444,104,0
14445,104,0
14446,108,0
14447,102,0
14448,104,0
14449,104,0
14450,102,0
14451,100,0
14452,104,0
14453,96,0
14454,96,0
14455,94,0
14456,94,0
14457,96,0
14458,96,0
14459,96,0
14460,96,0
14461,94,0
14462,96,0
14463,96,0
14464,96,0
14465,96,0
14466,96,0
14467,96,0
14468,90,0
14469,98,0
14470,96,0
14471,96,0
14472,92,0
14473,96,0
14474,96,0
14475,100,0
14476,96,0
14477,96,0
14478,96,0
14479,96,0
14480,100,0
14481,104,0
14482,96,0
14483,96,0
14484,96,0
14485,96,0
14486,96,0
14487,94,0
14488,96,0
14489,100,0
14490,102,0
14491,106,0
14492,100,0
14493,104,0
14494,96,0
14495,100,0
14496,102,0
14497,104,0
14498,104,0
14499,96,0
14500,96,0
14501,96,0
14502,96,0
14503,96,0
14504,96,0
14505,100,0
14506,96,0
14507,96,0
14508,96,0
14509,96,0
14510,96,0
14511,102,0
14512,94,0
14513,104,0
14514,102,0
14515,102,0
14516,96,0
14517,96,0
14518,102,0
14519,96,0
14520,96,0
14521,96,0
14522,96,0
14523,96,0
14524,104,0
14525,104,0
14526,102,0
14527,102,0
14528,102,0
14529,102,0
14530,106,0
14531,102,0
14532,96,0
14533,102,0
14534,102,0
14535,100,0
14536,96,0
14537,104,0
14538,96,0
14539,102,0
14540,104,0
14541,108,0
14542,104,0
14543,104,0
14544,102,0
14545,104,0
14546,102,0
14547,108,0
14548,104,0
14549,102,0
14550,96,0
14551,104,0
14552,96,0
14553,104,0
14554,98,0
14555,96,0
14556,108,0
14557,102,0
14558,106,0
14559,100,0
14560,96,0
14561,102,0
14562,100,0
14563,102,0
14564,104,0
14565,96,0
14566,102,0
14567,96,0
14568,106,0
14569,102,0
14570,102,0
14571,104,0
14572,96,0
14573,104,0
14574,106,0
14575,102,0
14576,96,0
14577,94,0
14578,96,0
14579,96,0
14580,96,0
14581,96,0
14582,96,0
14583,96,0
14584,104,0
14585,102,0
14586,102,0
14587,102,0
14588,104,0
14589,102,0
14590,106,0
14591,96,0
14592,100,0
14593,102,0
14594,104,0
14595,96,0
14596,104,0
14597,100,0
14598,96,0
14599,100,0
14600,96,0
14601,96,0
14602,96,0
14603,102,0
14604,96,0
14605,96,0
14606,96,0
14607,98,0
14608,94,0
14609,96,0
14610,94,0
14611,96,0
14612,96,0
14613,96,0
14614,94,0
14615,96,0
14616,96,0
14617,96,0
14618,96,0
14619,96,0
14620,96,0
14621,96,0
14622,96,0
14623,92,0
14624,96,0
14625,100,0
14626,94,0
14627,96,0
14628,96,0
14629,100,0
14630,98,0
14631,94,0
14632,94,0
14633,96,0
14634,96,0
14635,96,0
14636,94,0
14637,96,0
14638,96,0
14639,96,0
14640,96,0
14641,94,0
14642,96,0
14643,96,0
14644,94,0
14645,96,0
14646,94,0
14647,96,0
14648,102,0
14649,94,0
14650,104,0
14651,106,0
14652,96,0
14653,96,0
14654,102,0
14655,104,0
14656,104,0
14657,104,0
14658,96,0
14659,102,0
14660,96,0
14661,102,0
14662,98,0
14663,102,0
14664,96,0
14665,94,0
14666,100,0
14667,98,0
14668,96,0
14669,94,0
14670,96,0
14671,96,0
14672,96,0
14673,96,0
14674,96,0
14675,94,0
14676,96,0
14677,104,0
14678,96,0
14679,104,0
14680,100,0
14681,96,0
14682,104,0
14683,104,0
14684,106,0
14685,100,0
14686,104,0
14687,108,0
14688,104,0
14689,102,0
14690,100,0
14691,102,0
14692,102,0
14693,100,0
14694,96,0
14695,96,0
14696,104,0
14697,96,0
14698,102,0
14699,104,0
14700,102,0
14701,102,0
14702,102,0
14703,102,0
14704,106,0
14705,102,0
14706,102,0
14707,106,0
14708,102,0
14709,108,0
14710,104,0
14711,108,0
14712,104,0
14713,100,0
14714,94,0
14715,94,0
14716,104,0
14717,102,0
14718,102,0
14719,98,0
14720,104,0
14721,96,0
14722,96,0
14723,104,0
14724,104,0
14725,94,0
14726,104,0
14727,102,0
14728,102,0
14729,102,0
14730,106,0
14731,96,0
14732,96,0
14733,108,0
14734,102,0
14735,102,0
14736,102,0
14737,104,0
14738,104,0
14739,102,0
14740,100,0
14741,104,0
14742,102,0
14743,102,0
14744,104,0
14745,96,0
14746,104,0
14747,102,0
14748,102,0
14749,104,0
14750,96,0
14751,96,0
14752,98,0
14753,102,0
14754,102,0
14755,96,0
14756,102,0
14757,96,0
14758,96,0
14759,100,0
14760,96,0
14761,96,0
14762,96,0
14763,96,0
14764,94,0
14765,94,0
14766,96,0
14767,96,0
14768,96,0
14769,94,0
14770,106,0
14771,98,0
14772,102,0
14773,104,0
14774,106,0
14775,100,0
14776,102,0
14777,98,0
14778,102,0
14779,94,0
14780,104,0
14781,100,0
14782,96,0
14783,96,0
14784,96,0
14785,94,0
14786,94,0
14787,96,0
14788,94,0
14789,98,0
14790,96,0
14791,96,0
14792,98,0
14793,96,0
14794,96,0
14795,94,0
14796,96,0
14797,96,0
14798,96,0
14799,96,0
14800,96,0
14801,96,0
14802,96,0
14803,96,0
14804,96,0
14805,96,0
14806,96,0
14807,96,0
14808,96,0
14809,96,0
14810,96,0
14811,94,0
14812,102,0
14813,96,0
14814,96,0
14815,104,0
14816,104,0
14817,102,0
14818,102,0
14819,102,0
14820,108,0
14821,104,0
14822,104,0
14823,104,0
14824,102,0
14825,102,0
14826,104,0
14827,104,0
14828,104,0
14829,104,0
14830,102,0
14831,92,0
14832,96,0
14833,102,0
14834,102,0
14835,100,0
14836,100,0
14837,100,0
14838,100,0
14839,102,0
14840,106,0
14841,104,0
14842,102,0
14843,104,0
14844,94,0
14845,102,0
14846,96,0
14847,108,0
14848,100,0
14849,102,0
14850,100,0
14851,108,0
14852,102,0
14853,102,0
14854,100,0
14855,102,0
14856,102,0
14857,102,0
14858,102,0
14859,104,0
14860,102,0
14861,104,0
14862,104,0
14863,102,0
14864,102,0
14865,102,0
14866,102,0
14867,102,0
14868,96,0
14869,100,0
14870,96,0
14871,104,0
14872,104,0
14873,102,0
14874,104,0
14875,104,0
14876,102,0
14877,102,0
14878,102,0
14879,102,0
14880,106,0
14881,104,0
14882,102,0
14883,102,0
14884,104,0
14885,102,0
14886,102,0
14887,102,0
14888,108,0
14889,106,0
14890,106,0
14891,102,0
14892,102,0
14893,106,0
14894,106,0
14895,100,0
14896,104,0
14897,104,0
14898,104,0
14899,104,0
14900,104,0
14901,104,0
14902,106,0
14903,104,0
14904,104,0
14905,102,0
14906,102,0
14907,102,0
14908,104,0
14909,106,0
14910,102,0
14911,104,0
14912,102,0
14913,102,0
14914,98,0
14915,96,0
14916,102,0
14917,104,0
14918,104,0
14919,106,0
14920,104,0
14921,104,0
14922,102,0
14923,104,0
14924,102,0
14925,100,0
14926,106,0
14927,96,0
14928,102,0
14929,102,0
14930,102,0
14931,102,0
14932,102,0
14933,104,0
14934,104,0
14935,102,0
14936,100,0
14937,102,0
14938,102,0
14939,104,0
14940,100,0
14941,104,0
14942,102,0
14943,108,0
14944,104,0
14945,104,0
14946,102,0
14947,108,0
14948,106,0
14949,102,0
14950,102,0
14951,102,0
14952,102,0
14953,104,0
14954,102,0
14955,102,0
14956,104,0
14957,100,0
14958,100,0
14959,104,0
14960,106,0
14961,102,0
14962,104,0
14963,100,0
14964,104,0
14965,102,0
14966,102,0
14967,104,0
14968,104,0
14969,102,0
14970,102,0
14971,104,0
14972,106,0
14973,104,0
14974,102,0
14975,102,0
14976,102,0
14977,100,0
14978,102,0
14979,108,0
14980,102,0
14981,100,0
14982,104,0
14983,102,0
14984,102,0
14985,102,0
14986,102,0
14987,96,0
14988,104,0
14989,102,0
14990,102,0
14991,102,0
14992,102,0
14993,104,0
14994,104,0
14995,102,0
14996,102,0
14997,102,0
14998,104,0
14999,104,0
15000,102,0
15001,104,0
15002,102,0
15003,104,0
15004,106,0
15005,104,0
15006,104,0
15007,106,0
15008,102,0
15009,102,0
15010,102,0
15011,104,0
15012,100,0
15013,104,0
15014,100,0
15015,104,0
15016,102,0
15017,102,0
15018,104,0
15019,102,0
15020,102,0
15021,104,0
15022,102,0
15023,104,0
15024,104,0
15025,102,0
15026,102,0
15027,102,0
15028,102,0
15029,108,0
15030,102,0
15031,102,0
15032,104,0
15033,104,0
15034,104,0
15035,104,0
15036,106,0
15037,102,0
15038,104,0
15039,102,0
15040,102,0
15041,102,0
15042,104,0
15043,104,0
15044,104,0
15045,104,0
15046,102,0
15047,102,0
15048,102,0
15049,102,0
15050,100,0
15051,104,0
15052,102,0
15053,102,0
15054,102,0
15055,102,0
15056,100,0
15057,102,0
15058,100,0
15059,104,0
15060,106,0
15061,104,0
15062,102,0
15063,102,0
15064,102,0
15065,104,0
15066,102,0
15067,106,0
15068,102,0
15069,102,0
15070,106,0
15071,102,0
15072,102,0
15073,102,0
15074,104,0
15075,102,0
15076,100,0
15077,100,0
15078,102,0
15079,106,0
15080,100,0
15081,102,0
15082,108,0
15083,104,0
15084,102,0
15085,102,0
15086,104,0
15087,104,0
15088,104,0
15089,102,0
15090,104,0
15091,102,0
15092,106,0
15093,102,0
15094,102,0
15095,102,0
15096,104,0
15097,104,0
15098,104,0
15099,106,0
15100,100,0
15101,104,0
15102,102,0
15103,102,0
15104,102,0
15105,102,0
15106,102,0
15107,102,0
15108,102,0
15109,102,0
15110,104,0
15111,104,0
15112,100,0
15113,102,0
15114,100,0
15115,100,0
15116,100,0
15117,102,0
15118,102,0
15119,106,0
15120,102,0
15121,104,0
15122,102,0
15123,102,0
15124,102,0
15125,102,0
15126,102,0
15127,100,0
15128,102,0
15129,102,0
15130,102,0
15131,102,0
15132,102,0
15133,100,0
15134,104,0
15135,102,0
15136,102,0
15137,106,0
15138,102,0
15139,102,0
15140,102,0
15141,106,0
15142,102,0
15143,98,0
15144,108,0
15145,104,0
15146,104,0
15147,104,0
15148,102,0
15149,104,0
15150,102,0
15151,106,0
15152,102,0
15153,104,0
15154,102,0
15155,104,0
15156,108,0
15157,102,0
15158,102,0
15159,102,0
15160,104,0
15161,104,0
15162,102,0
15163,102,0
15164,102,0
15165,104,0
15166,104,0
15167,104,0
15168,104,0
15169,104,0
15170,104,0
15171,102,0
15172,102,0
15173,102,0
15174,102,0
15175,102,0
15176,102,0
15177,102,0
15178,102,0
15179,104,0
15180,100,0
15181,102,0
15182,102,0
15183,104,0
15184,104,0
15185,104,0
15186,102,0
15187,102,0
15188,102,0
15189,106,0
15190,104,0
15191,102,0
15192,102,0
15193,102,0
15194,104,0
15195,104,0
15196,102,0
15197,100,0
15198,102,0
15199,102,0
15200,106,0
15201,104,0
15202,102,0
15203,102,0
15204,100,0
15205,104,0
15206,102,0
15207,104,0
15208,104,0
15209,104,0
15210,102,0
15211,104,0
15212,102,0
15213,106,0
15214,102,0
15215,102,0
15216,104,0
15217,104,0
15218,104,0
15219,102,0
15220,104,0
15221,104,0
15222,104,0
15223,104,0
15224,104,0
15225,100,0
15226,102,0
15227,102,0
15228,102,0
15229,104,0
15230,104,0
15231,102,0
15232,102,0
15233,104,0
15234,102,0
15235,100,0
15236,104,0
15237,104,0
15238,102,0
15239,102,0
15240,106,0
15241,102,0
15242,102,0
15243,108,0
15244,104,0
15245,102,0
15246,106,0
15247,102,0
15248,102,0
15249,102,0
15250,102,0
15251,104,0
15252,104,0
15253,104,0
15254,106,0
15255,100,0
15256,102,0
15257,104,0
15258,102,0
15259,104,0
15260,106,0
15261,108,0
15262,106,0
15263,104,0
15264,102,0
15265,102,0
15266,106,0
15267,104,0
15268,104,0
15269,102,0
15270,106,0
15271,102,0
15272,104,0
15273,100,0
15274,106,0
15275,102,0
15276,106,0
15277,102,0
15278,102,0
15279,104,0
15280,102,0
15281,102,0
15282,100,0
15283,102,0
15284,104,0
15285,104,0
15286,104,0
15287,104,0
15288,100,0
15289,104,0
15290,104,0
15291,104,0
15292,104,0
15293,102,0
15294,104,0
15295,104,0
15296,104,0
15297,102,0
15298,102,0
15299,102,0
15300,102,0
15301,104,0
15302,102,0
15303,104,0
15304,96,0
15305,100,0
15306,100,0
15307,102,0
15308,104,0
15309,104,0
15310,104,0
15311,96,0
15312,96,0
15313,102,0
15314,96,0
15315,100,0
15316,94,0
15317,104,0
15318,96,0
15319,96,0
15320,98,0
15321,94,0
15322,96,0
15323,100,0
15324,96,0
15325,94,0
15326,96,0
15327,106,0
15328,102,0
15329,102,0
15330,104,0
15331,102,0
15332,96,0
15333,102,0
15334,104,0
15335,104,0
15336,96,0
15337,104,0
15338,104,0
15339,102,0
15340,96,0
15341,104,0
15342,96,0
15343,96,0
15344,96,0
15345,96,0
15346,106,0
15347,96,0
15348,98,0
15349,96,0
15350,94,0
15351,96,0
15352,96,0
15353,96,0
15354,96,0
15355,96,0
15356,96,0
15357,94,0
15358,96,0
15359,96,0
15360,96,0
15361,104,0
15362,96,0
15363,102,0
15364,96,0
15365,96,0
15366,100,0
15367,102,0
15368,100,0
15369,102,0
15370,104,0
15371,106,0
15372,98,0
15373,96,0
15374,102,0
15375,104,0
15376,96,0
15377,102,0
15378,100,0
15379,96,0
15380,104,0
15381,100,0
15382,96,0
15383,96,0
15384,96,0
15385,96,0
15386,96,0
15387,94,0
15388,96,0
15389,94,0
15390,96,0
15391,96,0
15392,94,0
15393,94,0
15394,94,0
15395,96,0
15396,96,0
15397,96,0
15398,96,0
15399,96,0
15400,96,0
15401,96,0
15402,96,0
15403,94,0
15404,96,0
15405,100,0
15406,98,0
15407,94,0
15408,96,0
15409,96,0
15410,94,0
15411,100,0
15412,96,0
15413,94,0
15414,94,0
15415,96,0
15416,96,0
15417,96,0
15418,94,0
15419,92,0
15420,96,0
15421,96,0
15422,96,0
15423,92,0
15424,100,0
15425,96,0
15426,100,0
15427,96,0
15428,94,0
15429,96,0
15430,96,0
15431,96,0
15432,94,0
15433,94,0
15434,96,0
15435,96,0
15436,94,0
15437,96,0
15438,96,0
15439,92,0
15440,94,0
15441,96,0
15442,96,0
15443,94,0
15444,94,0
15445,94,0
15446,94,0
15447,96,0
15448,96,0
15449,96,0
15450,94,0
15451,94,0
15452,96,0
15453,94,0
15454,96,0
15455,96,0
15456,96,0
15457,96,0
15458,94,0
15459,94,0
15460,98,0
15461,96,0
15462,96,0
15463,96,0
15464,96,0
15465,96,0
15466,98,0
15467,96,0
15468,96,0
15469,96,0
15470,96,0
15471,98,0
15472,96,0
15473,94,0
15474,96,0
15475,92,0
15476,98,0
15477,96,0
15478,96,0
15479,94,0
15480,94,0
15481,92,0
15482,96,0
15483,96,0
15484,94,0
15485,96,0
15486,96,0
15487,96,0
15488,96,0
15489,96,0
15490,96,0
15491,94,0
15492,94,0
15493,94,0
15494,96,0
15495,96,0
15496,96,0
15497,96,0
15498,96,0
15499,96,0
15500,98,0
15501,96,0
15502,94,0
15503,96,0
15504,94,0
15505,96,0
15506,102,0
15507,96,0
15508,102,0
15509,102,0
15510,104,0
15511,102,0
15512,102,0
15513,104,0
15514,106,0
15515,102,0
15516,96,0
15517,96,0
15518,104,0
15519,100,0
15520,96,0
15521,96,0
15522,96,0
15523,96,0
15524,102,0
15525,104,0
15526,100,0
15527,106,0
15528,96,0
15529,96,0
15530,96,0
15531,98,0
15532,96,0
15533,96,0
15534,94,0
15535,96,0
15536,104,0
15537,96,0
15538,96,0
15539,96,0
15540,98,0
15541,96,0
15542,100,0
15543,96,0
15544,96,0
15545,96,0
15546,94,0
15547,94,0
15548,96,0
15549,96,0
15550,96,0
15551,96,0
15552,96,0
15553,94,0
15554,96,0
15555,96,0
15556,96,0
15557,94,0
15558,94,0
15559,94,0
15560,96,0
15561,96,0
15562,96,0
15563,96,0
15564,96,0
15565,96,0
15566,96,0
15567,94,0
15568,96,0
15569,100,0
15570,96,0
15571,100,0
15572,94,0
15573,96,0
15574,100,0
15575,96,0
15576,94,0
15577,100,0
15578,94,0
15579,100,0
15580,94,0
15581,96,0
15582,96,0
15583,96,0
15584,96,0
15585,96,0
15586,98,0
15587,96,0
15588,96,0
15589,96,0
15590,96,0
15591,96,0
15592,98,0
15593,94,0
15594,98,0
15595,96,0
15596,94,0
15597,100,0
15598,94,0
15599,96,0
15600,92,0
15601,94,0
15602,100,0
15603,100,0
15604,94,0
15605,96,0
15606,96,0
15607,96,0
15608,98,0
15609,96,0
15610,96,0
15611,96,0
15612,96,0
15613,96,0
15614,96,0
15615,96,0
15616,96,0
15617,96,0
15618,96,0
15619,96,0
15620,96,0
15621,94,0
15622,96,0
15623,96,0
15624,96,0
15625,96,0
15626,94,0
15627,96,0
15628,96,0
15629,96,0
15630,94,0
15631,96,0
15632,96,0
15633,96,0
15634,96,0
15635,94,0
15636,96,0
15637,96,0
15638,96,0
15639,96,0
15640,96,0
15641,96,0
15642,96,0
15643,94,0
15644,96,0
15645,96,0
15646,96,0
15647,100,0
15648,96,0
15649,96,0
15650,94,0
15651,96,0
15652,96,0
15653,96,0
15654,96,0
15655,100,0
15656,96,0
15657,94,0
15658,100,0
15659,94,0
15660,96,0
15661,96,0
15662,92,0
15663,96,0
15664,92,0
15665,94,0
15666,92,0
15667,96,0
15668,96,0
15669,96,0
15670,96,0
15671,96,0
15672,94,0
15673,96,0
15674,98,0
15675,98,0
15676,98,0
15677,94,0
15678,96,0
15679,96,0
15680,94,0
15681,96,0
15682,94,0
15683,94,0
15684,100,0
15685,92,0
15686,102,0
15687,104,0
15688,102,0
15689,104,0
15690,104,0
15691,108,0
15692,102,0
15693,104,0
15694,104,0
15695,104,0
15696,102,0
15697,104,0
15698,102,0
15699,108,0
15700,106,0
15701,104,0
15702,108,0
15703,104,0
15704,96,0
15705,96,0
15706,92,0
15707,94,0
15708,96,0
15709,94,0
15710,104,0
15711,104,0
15712,102,0
15713,104,0
15714,100,0
15715,96,0
15716,96,0
15717,94,0
15718,106,0
15719,94,0
15720,94,0
15721,92,0
15722,96,0
15723,104,0
15724,100,0
15725,96,0
15726,98,0
15727,106,0
15728,92,0
15729,102,0
15730,96,0
15731,94,0
15732,104,0
15733,100,0
15734,96,0
15735,102,0
15736,104,0
15737,104,0
15738,94,0
15739,102,0
15740,102,0
15741,102,0
15742,96,0
15743,94,0
15744,96,0
15745,102,0
15746,102,0
15747,104,0
15748,102,0
15749,96,0
15750,96,0
15751,94,0
15752,96,0
15753,96,0
15754,104,0
15755,94,0
15756,96,0
15757,100,0
15758,96,0
15759,96,0
15760,96,0
15761,100,0
15762,96,0
15763,96,0
15764,94,0
15765,94,0
15766,102,0
15767,96,0
15768,104,0
15769,102,0
15770,94,0
15771,100,0
15772,94,0
15773,106,0
15774,96,0
15775,102,0
15776,102,0
15777,102,0
15778,94,0
15779,96,0
15780,102,0
15781,98,0
15782,96,0
15783,96,0
15784,98,0
15785,106,0
15786,96,0
15787,96,0
15788,96,0
15789,96,0
15790,96,0
15791,96,0
15792,96,0
15793,96,0
15794,102,0
15795,96,0
15796,102,0
15797,104,0
15798,104,0
15799,102,0
15800,102,0
15801,104,0
15802,104,0
15803,104,0
15804,104,0
15805,96,0
15806,94,0
15807,96,0
15808,104,0
15809,96,0
15810,94,0
15811,104,0
15812,102,0
15813,104,0
15814,108,0
15815,104,0
15816,102,0
15817,94,0
15818,96,0
15819,96,0
15820,96,0
15821,96,0
15822,104,0
15823,96,0
15824,102,0
15825,96,0
15826,100,0
15827,96,0
15828,96,0
15829,100,0
15830,96,0
15831,96,0
15832,106,0
15833,96,0
15834,96,0
15835,96,0
15836,96,0
15837,94,0
15838,96,0
15839,96,0
15840,96,0
15841,96,0
15842,96,0
15843,96,0
15844,98,0
15845,98,0
15846,96,0
15847,96,0
15848,96,0
15849,96,0
15850,96,0
15851,96,0
15852,96,0
15853,96,0
15854,94,0
15855,96,0
15856,96,0
15857,96,0
15858,96,0
15859,100,0
15860,96,0
15861,94,0
15862,96,0
15863,96,0
15864,96,0
15865,94,0
15866,96,0
15867,96,0
15868,96,0
15869,96,0
15870,96,0
15871,96,0
15872,96,0
15873,96,0
15874,96,0
15875,96,0
15876,96,0
15877,100,0
15878,96,0
15879,96,0
15880,96,0
15881,94,0
15882,100,0
15883,102,0
15884,98,0
15885,100,0
15886,98,0
15887,102,0
15888,104,0
15889,94,0
15890,94,0
15891,96,0
15892,94,0
15893,96,0
15894,94,0
15895,94,0
15896,96,0
15897,94,0
15898,96,0
15899,94,0
15900,94,0
15901,94,0
15902,102,0
15903,96,0
15904,102,0
15905,94,0
15906,100,0
15907,96,0
15908,102,0
15909,94,0
15910,96,0
15911,96,0
15912,96,0
15913,98,0
15914,96,0
15915,96,0
15916,96,0
15917,96,0
15918,96,0
15919,96,0
15920,96,0
15921,96,0
15922,96,0
15923,96,0
15924,94,0
15925,96,0
15926,94,0
15927,96,0
15928,96,0
15929,96,0
15930,92,0
15931,94,0
15932,96,0
15933,98,0
15934,96,0
15935,96,0
15936,94,0
15937,96,0
15938,96,0
15939,96,0
15940,96,0
15941,100,0
15942,96,0
15943,96,0
15944,96,0
15945,100,0
15946,98,0
15947,96,0
15948,96,0
15949,96,0
15950,96,0
15951,96,0
15952,96,0
15953,96,0
15954,96,0
15955,102,0
15956,96,0
15957,106,0
15958,102,0
15959,106,0
15960,104,0
15961,102,0
15962,104,0
15963,96,0
15964,96,0
15965,96,0
15966,96,0
15967,104,0
15968,96,0
15969,104,0
15970,104,0
15971,104,0
15972,102,0
15973,104,0
15974,102,0
15975,108,0
15976,100,0
15977,96,0
15978,96,0
15979,96,0
15980,96,0
15981,96,0
15982,102,0
15983,96,0
15984,96,0
15985,102,0
15986,96,0
15987,96,0
15988,104,0
15989,96,0
15990,96,0
15991,96,0
15992,96,0
15993,96,0
15994,96,0
15995,96,0
15996,94,0
15997,96,0
15998,96,0
15999,96,0
16000,106,0
16001,104,0
16002,102,0
16003,102,0
16004,104,0
16005,104,0
16006,104,0
16007,104,0
16008,104,0
16009,102,0
16010,100,0
16011,100,0
16012,102,0
16013,100,0
16014,106,0
16015,96,0
16016,96,0
16017,100,0
16018,96,0
16019,100,0
16020,96,0
16021,96,0
16022,96,0
16023,96,0
16024,102,0
16025,102,0
16026,104,0
16027,96,0
16028,102,0
16029,96,0
16030,96,0
16031,96,0
16032,92,0
16033,96,0
16034,96,0
16035,96,0
16036,94,0
16037,96,0
16038,96,0
16039,96,0
16040,94,0
16041,96,0
16042,96,0
16043,96,0
16044,96,0
16045,94,0
16046,96,0
16047,94,0
16048,98,0
16049,96,0
16050,96,0
16051,96,0
16052,96,0
16053,94,0
16054,94,0
16055,96,0
16056,96,0
16057,94,0
16058,94,0
16059,100,0
16060,100,0
16061,96,0
16062,98,0
16063,96,0
16064,96,0
16065,96,0
16066,96,0
16067,96,0
16068,94,0
16069,98,0
16070,96,0
16071,94,0
16072,94,0
16073,96,0
16074,96,0
16075,96,0
16076,96,0
16077,98,0
16078,96,0
16079,96,0
16080,96,0
16081,96,0
16082,94,0
16083,96,0
16084,98,0
16085,98,0
16086,94,0
16087,96,0
16088,96,0
16089,94,0
16090,96,0
16091,96,0
16092,96,0
16093,100,0
16094,94,0
16095,96,0
16096,94,0
16097,96,0
16098,94,0
16099,96,0
16100,96,0
16101,96,0
16102,96,0
16103,96,0
16104,96,0
16105,96,0
16106,96,0
16107,96,0
16108,94,0
16109,96,0
16110,96,0
16111,96,0
16112,100,0
16113,100,0
16114,94,0
16115,94,0
16116,96,0
16117,96,0
16118,96,0
16119,96,0
16120,96,0
16121,100,0
16122,94,0
16123,94,0
16124,96,0
16125,96,0
16126,94,0
16127,96,0
16128,96,0
16129,94,0
16130,92,0
16131,96,0
16132,96,0
16133,96,0
16134,96,0
16135,94,0
16136,96,0
16137,96,0
16138,98,0
16139,96,0
16140,96,0
16141,94,0
16142,100,0
16143,96,0
16144,96,0
16145,94,0
16146,94,0
16147,96,0
16148,94,0
16149,96,0
16150,96,0
16151,98,0
16152,96,0
16153,94,0
16154,94,0
16155,100,0
16156,96,0
16157,96,0
16158,96,0
16159,96,0
16160,96,0
16161,94,0
16162,94,0
16163,96,0
16164,96,0
16165,98,0
16166,98,0
16167,94,0
16168,94,0
16169,96,0
16170,96,0
16171,96,0
16172,96,0
16173,96,0
16174,94,0
16175,96,0
16176,96,0
16177,98,0
16178,100,0
16179,96,0
16180,96,0
16181,96,0
16182,96,0
16183,94,0
16184,96,0
16185,98,0
16186,94,0
16187,96,0
16188,96,0
16189,96,0
16190,100,0
16191,96,0
16192,96,0
16193,100,0
16194,96,0
16195,96,0
16196,96,0
16197,96,0
16198,96,0
16199,96,0
16200,94,0
16201,96,0
16202,96,0
16203,96,0
16204,96,0
16205,96,0
16206,96,0
16207,94,0
16208,96,0
16209,96,0
16210,96,0
16211,96,0
16212,96,0
16213,96,0
16214,102,0
16215,102,0
16216,94,0
16217,104,0
16218,102,0
16219,106,0
16220,104,0
16221,102,0
16222,96,0
16223,106,0
16224,102,0
16225,102,0
16226,96,0
16227,104,0
16228,104,0
16229,106,0
16230,104,0
16231,104,0
16232,102,0
16233,94,0
16234,102,0
16235,106,0
16236,100,0
16237,108,0
16238,104,0
16239,104,0
16240,106,0
16241,104,0
16242,104,0
16243,104,0
16244,102,0
16245,104,0
16246,102,0
16247,104,0
16248,102,0
16249,100,0
16250,102,0
16251,104,0
16252,102,0
16253,104,0
16254,102,0
16255,104,0
16256,102,0
16257,106,0
16258,100,0
16259,104,0
16260,102,0
16261,106,0
16262,102,0
16263,104,0
16264,102,0
16265,108,0
16266,102,0
16267,102,0
16268,102,0
16269,104,0
16270,102,0
16271,106,0
16272,102,0
16273,104,0
16274,102,0
16275,104,0
16276,102,0
16277,104,0
16278,102,0
16279,104,0
16280,102,0
16281,104,0
16282,102,0
16283,104,0
16284,102,0
16285,104,0
16286,106,0
16287,108,0
16288,100,0
16289,102,0
16290,102,0
16291,104,0
16292,102,0
16293,102,0
16294,102,0
16295,104,0
16296,106,0
16297,104,0
16298,102,0
16299,106,0
16300,106,0
16301,104,0
16302,102,0
16303,106,0
16304,102,0
16305,102,0
16306,102,0
16307,104,0
16308,102,0
16309,104,0
16310,102,0
16311,108,0
16312,102,0
16313,104,0
16314,100,0
16315,104,0
16316,102,0
16317,104,0
16318,102,0
16319,108,0
16320,102,0
16321,104,0
16322,100,0
16323,104,0
16324,104,0
16325,104,0
16326,102,0
16327,104,0
16328,104,0
16329,104,0
16330,102,0
16331,104,0
16332,104,0
16333,104,0
16334,102,0
16335,104,0
16336,102,0
16337,104,0
16338,102,0
16339,104,0
16340,106,0
16341,104,0
16342,104,0
16343,104,0
16344,104,0
16345,104,0
16346,106,0
16347,104,0
16348,102,0
16349,106,0
16350,100,0
16351,104,0
16352,106,0
16353,104,0
16354,102,0
16355,106,0
16356,100,0
16357,104,0
16358,102,0
16359,106,0
16360,102,0
16361,104,0
16362,102,0
16363,104,0
16364,102,0
16365,102,0
16366,106,0
16367,104,0
16368,102,0
16369,104,0
16370,102,0
16371,104,0
16372,102,0
16373,104,0
16374,102,0
16375,104,0
16376,102,0
16377,108,0
16378,100,0
16379,104,0
16380,102,0
16381,104,0
16382,102,0
16383,104,0
16384,102,0
16385,104,0
16386,102,0
16387,104,0
16388,102,0
16389,104,0
16390,102,0
16391,104,0
16392,102,0
16393,104,0
16394,102,0
16395,104,0
16396,102,0
16397,104,0
16398,106,0
16399,106,0
16400,100,0
16401,104,0
16402,102,0
16403,104,0
16404,100,0
16405,104,0
16406,102,0
16407,104,0
16408,102,0
16409,102,0
16410,102,0
16411,104,0
16412,106,0
16413,104,0
16414,102,0
16415,104,0
16416,102,0
16417,104,0
16418,102,0
16419,108,0
16420,102,0
16421,104,0
16422,106,0
16423,104,0
16424,102,0
16425,104,0
16426,102,0
16427,104,0
16428,102,0
16429,108,0
16430,100,0
16431,104,0
16432,102,0
16433,104,0
16434,102,0
16435,104,0
16436,102,0
16437,104,0
16438,106,0
16439,104,0
16440,102,0
16441,104,0
16442,102,0
16443,104,0
16444,102,0
16445,104,0
16446,104,0
16447,104,0
16448,102,0
16449,104,0
16450,102,0
16451,102,0
16452,102,0
16453,104,0
16454,100,0
16455,104,0
16456,102,0
16457,104,0
16458,102,0
16459,104,0
16460,102,0
16461,104,0
16462,102,0
16463,104,0
16464,102,0
16465,102,0
16466,102,0
16467,106,0
16468,102,0
16469,104,0
16470,102,0
16471,104,0
16472,102,0
16473,102,0
16474,104,0
16475,102,0
16476,102,0
16477,104,0
16478,102,0
16479,104,0
16480,106,0
16481,104,0
16482,106,0
16483,102,0
16484,102,0
16485,102,0
16486,106,0
16487,106,0
16488,102,0
16489,104,0
16490,106,0
16491,106,0
16492,100,0
16493,102,0
16494,102,0
16495,110,0
16496,102,0
16497,104,0
16498,102,0
16499,104,0
16500,102,0
16501,104,0
16502,102,0
16503,104,0
16504,102,0
16505,104,0
16506,102,0
16507,100,0
16508,102,0
16509,104,0
16510,100,0
16511,104,0
16512,102,0
16513,102,0
16514,102,0
16515,104,0
16516,102,0
16517,104,0
16518,102,0
16519,104,0
16520,102,0
16521,102,0
16522,102,0
16523,104,0
16524,102,0
16525,104,0
16526,106,0
16527,106,0
16528,102,0
16529,104,0
16530,106,0
16531,104,0
16532,102,0
16533,104,0
16534,102,0
16535,108,0
16536,104,0
16537,108,0
16538,102,0
16539,102,0
16540,104,0
16541,104,0
16542,102,0
16543,106,0
16544,100,0
16545,104,0
16546,102,0
16547,102,0
16548,108,0
16549,104,0
16550,100,0
16551,104,0
16552,102,0
16553,104,0
16554,100,0
16555,108,0
16556,102,0
16557,104,0
16558,96,0
16559,94,0
16560,102,0
16561,102,0
16562,102,0
16563,102,0
16564,102,0
16565,102,0
16566,102,0
16567,100,0
16568,100,0
16569,102,0
16570,94,0
16571,96,0
16572,96,0
16573,96,0
16574,102,0
16575,102,0
16576,104,0
16577,96,0
16578,96,0
16579,96,0
16580,96,0
16581,94,0
16582,96,0
16583,96,0
16584,92,0
16585,96,0
16586,96,0
16587,96,0
16588,94,0
16589,96,0
16590,94,0
16591,96,0
16592,96,0
16593,100,0
16594,98,0
16595,96,0
16596,96,0
16597,96,0
16598,100,0
16599,92,0
16600,96,0
16601,92,0
16602,96,0
16603,96,0
16604,94,0
16605,94,0
16606,100,0
16607,94,0
16608,94,0
16609,94,0
16610,96,0
16611,96,0
16612,96,0
16613,96,0
16614,94,0
16615,96,0
16616,96,0
16617,94,0
16618,96,0
16619,96,0
16620,96,0
16621,96,0
16622,98,0
16623,96,0
16624,96,0
16625,96,0
16626,96,0
16627,96,0
16628,96,0
16629,96,0
16630,96,0
16631,96,0
16632,96,0
16633,96,0
16634,96,0
16635,94,0
16636,94,0
16637,96,0
16638,96,0
16639,96,0
16640,96,0
16641,96,0
16642,94,0
16643,98,0
16644,100,0
16645,96,0
16646,96,0
16647,94,0
16648,94,0
16649,98,0
16650,96,0
16651,96,0
16652,96,0
16653,96,0
16654,96,0
16655,100,0
16656,98,0
16657,92,0
16658,96,0
16659,100,0
16660,98,0
16661,100,0
16662,94,0
16663,96,0
16664,96,0
16665,96,0
16666,102,0
16667,96,0
16668,96,0
16669,96,0
16670,96,0
16671,100,0
16672,96,0
16673,94,0
16674,94,0
16675,94,0
16676,96,0
16677,96,0
16678,96,0
16679,96,0
16680,96,0
16681,96,0
16682,96,0
16683,96,0
16684,96,0
16685,96,0
16686,96,0
16687,96,0
16688,96,0
16689,94,0
16690,94,0
16691,94,0
16692,96,0
16693,96,0
16694,96,0
16695,94,0
16696,94,0
16697,96,0
16698,96,0
16699,96,0
16700,96,0
16701,94,0
16702,94,0
16703,94,0
16704,96,0
16705,94,0
16706,96,0
16707,94,0
16708,96,0
16709,94,0
16710,94,0
16711,96,0
16712,96,0
16713,96,0
16714,98,0
16715,100,0
16716,94,0
16717,94,0
16718,96,0
16719,96,0
16720,98,0
16721,96,0
16722,96,0
16723,100,0
16724,92,0
16725,94,0
16726,94,0
16727,98,0
16728,96,0
16729,96,0
16730,94,0
16731,96,0
16732,96,0
16733,94,0
16734,104,0
16735,102,0
16736,104,0
16737,96,0
16738,96,0
16739,96,0
16740,96,0
16741,96,0
16742,96,0
16743,96,0
16744,94,0
16745,96,0
16746,96,0
16747,96,0
16748,96,0
16749,94,0
16750,96,0
16751,96,0
16752,96,0
16753,96,0
16754,96,0
16755,94,0
16756,94,0
16757,98,0
16758,96,0
16759,96,0
16760,96,0
16761,98,0
16762,96,0
16763,94,0
16764,92,0
16765,96,0
16766,96,0
16767,96,0
16768,98,0
16769,96,0
16770,94,0
16771,96,0
16772,96,0
16773,96,0
16774,94,0
16775,94,0
16776,94,0
16777,96,0
16778,96,0
16779,94,0
16780,96,0
16781,96,0
16782,96,0
16783,96,0
16784,96,0
16785,94,0
16786,94,0
16787,94,0
16788,94,0
16789,94,0
16790,96,0
16791,96,0
16792,96,0
16793,96,0
16794,96,0
16795,96,0
16796,94,0
16797,102,0
16798,96,0
16799,96,0
16800,102,0
16801,102,0
16802,96,0
16803,102,0
16804,102,0
16805,102,0
16806,96,0
16807,102,0
16808,102,0
16809,96,0
16810,96,0
16811,96,0
16812,96,0
16813,96,0
16814,96,0
16815,94,0
16816,96,0
16817,100,0
16818,106,0
16819,94,0
16820,96,0
16821,96,0
16822,96,0
16823,94,0
16824,94,0
16825,96,0
16826,94,0
16827,92,0
16828,94,0
16829,98,0
16830,96,0
16831,94,0
16832,100,0
16833,96,0
16834,94,0
16835,102,0
16836,96,0
16837,102,0
16838,102,0
16839,104,0
16840,102,0
16841,102,0
16842,104,0
16843,104,0
16844,106,0
16845,106,0
16846,102,0
16847,96,0
16848,100,0
16849,104,0
16850,102,0
16851,102,0
16852,102,0
16853,102,0
16854,102,0
16855,102,0
16856,102,0
16857,104,0
16858,102,0
16859,102,0
16860,94,0
16861,104,0
16862,104,0
16863,94,0
16864,102,0
16865,96,0
16866,104,0
16867,96,0
16868,104,0
16869,94,0
16870,94,0
16871,96,0
16872,96,0
16873,96,0
16874,96,0
16875,96,0
16876,96,0
16877,96,0
16878,96,0
16879,100,0
16880,96,0
16881,94,0
16882,96,0
16883,92,0
16884,96,0
16885,94,0
16886,96,0
16887,96,0
16888,104,0
16889,94,0
16890,102,0
16891,102,0
16892,104,0
16893,106,0
16894,106,0
16895,102,0
16896,100,0
16897,102,0
16898,106,0
16899,96,0
16900,102,0
16901,104,0
16902,104,0
16903,110,0
16904,102,0
16905,106,0
16906,102,0
16907,102,0
16908,102,0
16909,102,0
16910,102,0
16911,102,0
16912,102,0
16913,102,0
16914,102,0
16915,102,0
16916,100,0
16917,102,0
16918,100,0
16919,102,0
16920,102,0
16921,102,0
16922,104,0
16923,96,0
16924,100,0
16925,102,0
16926,100,0
16927,102,0
16928,96,0
16929,96,0
16930,104,0
16931,102,0
16932,104,0
16933,102,0
16934,104,0
16935,108,0
16936,104,0
16937,102,0
16938,104,0
16939,102,0
16940,98,0
16941,96,0
16942,102,0
16943,102,0
16944,96,0
16945,102,0
16946,104,0
16947,102,0
16948,102,0
16949,102,0
16950,102,0
16951,96,0
16952,106,0
16953,106,0
16954,96,0
16955,104,0
16956,102,0
16957,108,0
16958,102,0
16959,102,0
16960,102,0
16961,106,0
16962,98,0
16963,104,0
16964,104,0
16965,104,0
16966,102,0
16967,102,0
16968,100,0
16969,102,0
16970,102,0
16971,102,0
16972,96,0
16973,102,0
16974,104,0
16975,96,0
16976,104,0
16977,104,0
16978,104,0
16979,104,0
16980,102,0
16981,102,0
16982,104,0
16983,104,0
16984,104,0
16985,104,0
16986,102,0
16987,102,0
16988,98,0
16989,102,0
16990,102,0
16991,104,0
16992,102,0
16993,102,0
16994,102,0
16995,106,0
16996,104,0
16997,106,0
16998,102,0
16999,102,0
17000,106,0
17001,104,0
17002,102,0
17003,102,0
17004,104,0
17005,104,0
17006,102,0
17007,102,0
17008,100,0
17009,104,0
17010,100,0
17011,102,0
17012,104,0
17013,102,0
17014,102,0
17015,104,0
17016,104,0
17017,102,0
17018,104,0
17019,108,0
17020,104,0
17021,104,0
17022,110,0
17023,106,0
17024,102,0
17025,104,0
17026,102,0
17027,102,0
17028,102,0
17029,96,0
17030,100,0
17031,102,0
17032,106,0
17033,104,0
17034,102,0
17035,100,0
17036,96,0
17037,102,0
17038,102,0
17039,104,0
17040,102,0
17041,104,0
17042,108,0
17043,102,0
17044,94,0
17045,102,0
17046,96,0
17047,96,0
17048,94,0
17049,94,0
17050,96,0
17051,94,0
17052,94,0
17053,96,0
17054,94,0
17055,96,0
17056,96,0
17057,96,0
17058,94,0
17059,94,0
17060,94,0
17061,94,0
17062,96,0
17063,96,0
17064,96,0
17065,96,0
17066,96,0
17067,96,0
17068,96,0
17069,96,0
17070,96,0
17071,94,0
17072,96,0
17073,96,0
17074,96,0
17075,94,0
17076,94,0
17077,96,0
17078,96,0
17079,96,0
17080,96,0
17081,96,0
17082,100,0
17083,96,0
17084,96,0
17085,94,0
17086,98,0
17087,94,0
17088,98,0
17089,96,0
17090,96,0
17091,96,0
17092,96,0
17093,96,0
17094,96,0
17095,96,0
17096,96,0
17097,94,0
17098,96,0
17099,96,0
17100,96,0
17101,96,0
17102,94,0
17103,96,0
17104,96,0
17105,96,0
17106,96,0
17107,96,0
17108,96,0
17109,100,0
17110,96,0
17111,96,0
17112,96,0
17113,96,0
17114,96,0
17115,96,0
17116,96,0
17117,94,0
17118,96,0
17119,96,0
17120,96,0
17121,96,0
17122,98,0
17123,96,0
17124,100,0
17125,100,0
17126,96,0
17127,96,0
17128,96,0
17129,96,0
17130,94,0
17131,96,0
17132,104,0
17133,94,0
17134,102,0
17135,108,0
17136,96,0
17137,102,0
17138,104,0
17139,102,0
17140,104,0
17141,96,0
17142,104,0
17143,102,0
17144,102,0
17145,98,0
17146,102,0
17147,104,0
17148,96,0
17149,102,0
17150,94,0
17151,102,0
17152,94,0
17153,102,0
17154,102,0
17155,102,0
17156,102,0
17157,102,0
17158,102,0
17159,96,0
17160,96,0
17161,102,0
17162,102,0
17163,104,0
17164,104,0
17165,102,0
17166,102,0
17167,94,0
17168,104,0
17169,102,0
17170,96,0
17171,102,0
17172,104,0
17173,102,0
17174,102,0
17175,104,0
17176,104,0
17177,106,0
17178,104,0
17179,106,0
17180,102,0
17181,94,0
17182,102,0
17183,102,0
17184,104,0
17185,102,0
17186,96,0
17187,104,0
17188,96,0
17189,102,0
17190,106,0
17191,102,0
17192,102,0
17193,102,0
17194,104,0
17195,104,0
17196,100,0
17197,96,0
17198,104,0
17199,94,0
17200,102,0
17201,100,0
17202,102,0
17203,104,0
17204,106,0
17205,104,0
17206,108,0
17207,96,0
17208,104,0
17209,104,0
17210,102,0
17211,100,0
17212,104,0
17213,104,0
17214,102,0
17215,104,0
17216,102,0
17217,102,0
17218,104,0
17219,102,0
17220,104,0
17221,100,0
17222,96,0
17223,96,0
17224,104,0
17225,104,0
17226,94,0
17227,104,0
17228,104,0
17229,104,0
17230,102,0
17231,94,0
17232,102,0
17233,102,0
17234,102,0
17235,102,0
17236,104,0
17237,104,0
17238,102,0
17239,108,0
17240,94,0
17241,100,0
17242,96,0
17243,96,0
17244,96,0
17245,96,0
17246,96,0
17247,100,0
17248,96,0
17249,100,0
17250,96,0
17251,100,0
17252,96,0
17253,96,0
17254,98,0
17255,98,0
17256,96,0
17257,96,0
17258,100,0
17259,96,0
17260,94,0
17261,104,0
17262,104,0
17263,96,0
17264,100,0
17265,108,0
17266,104,0
17267,102,0
17268,104,0
17269,102,0
17270,102,0
17271,96,0
17272,102,0
17273,102,0
17274,104,0
17275,104,0
17276,104,0
17277,102,0
17278,102,0
17279,102,0
17280,96,0
17281,100,0
17282,102,0
17283,102,0
17284,102,0
17285,102,0
17286,102,0
17287,104,0
17288,102,0
17289,102,0
17290,106,0
17291,104,0
17292,104,0
17293,104,0
17294,104,0
17295,102,0
17296,104,0
17297,104,0
17298,100,0
17299,102,0
17300,108,0
17301,104,0
17302,102,0
17303,108,0
17304,106,0
17305,102,0
17306,102,0
17307,102,0
17308,104,0
17309,102,0
17310,102,0
17311,102,0
17312,104,0
17313,102,0
17314,104,0
17315,104,0
17316,102,0
17317,102,0
17318,98,0
17319,104,0
17320,104,0
17321,104,0
17322,102,0
17323,102,0
17324,102,0
17325,102,0
17326,106,0
17327,102,0
17328,96,0
17329,104,0
17330,104,0
17331,102,0
17332,104,0
17333,102,0
17334,102,0
17335,102,0
17336,102,0
17337,102,0
17338,104,0
17339,102,0
17340,104,0
17341,102,0
17342,100,0
17343,104,0
17344,102,0
17345,104,0
17346,104,0
17347,104,0
17348,102,0
17349,102,0
17350,102,0
17351,102,0
17352,102,0
17353,106,0
17354,96,0
17355,104,0
17356,102,0
17357,100,0
17358,102,0
17359,104,0
17360,102,0
17361,102,0
17362,104,0
17363,106,0
17364,102,0
17365,106,0
17366,106,0
17367,106,0
17368,102,0
17369,102,0
17370,108,0
17371,102,0
17372,102,0
17373,102,0
17374,104,0
17375,102,0
17376,104,0
17377,102,0
17378,96,0
17379,106,0
17380,102,0
17381,102,0
17382,94,0
17383,102,0
17384,100,0
17385,102,0
17386,94,0
17387,106,0
17388,104,0
17389,104,0
17390,96,0
17391,102,0
17392,102,0
17393,104,0
17394,102,0
17395,108,0
17396,104,0
17397,102,0
17398,102,0
17399,100,0
17400,104,0
17401,100,0
17402,102,0
17403,102,0
17404,102,0
17405,104,0
17406,102,0
17407,106,0
17408,104,0
17409,106,0
17410,104,0
17411,104,0
17412,104,0
17413,102,0
17414,102,0
17415,100,0
17416,104,0
17417,106,0
17418,102,0
17419,104,0
17420,96,0
17421,102,0
17422,102,0
17423,106,0
17424,102,0
17425,100,0
17426,106,0
17427,102,0
17428,100,0
17429,102,0
17430,100,0
17431,104,0
17432,104,0
17433,104,0
17434,106,0
17435,106,0
17436,102,0
17437,102,0
17438,102,0
17439,104,0
17440,96,0
17441,94,0
17442,96,0
17443,98,0
17444,96,0
17445,96,0
17446,96,0
17447,94,0
17448,96,0
17449,96,0
17450,96,0
17451,96,0
17452,94,0
17453,96,0
17454,94,0
17455,94,0
17456,96,0
17457,96,0
17458,100,0
17459,100,0
17460,102,0
17461,104,0
17462,102,0
17463,96,0
17464,104,0
17465,102,0
17466,96,0
17467,102,0
17468,100,0
17469,102,0
17470,104,0
17471,104,0
17472,102,0
17473,96,0
17474,100,0
17475,100,0
17476,100,0
17477,102,0
17478,94,0
17479,96,0
17480,92,0
17481,100,0
17482,96,0
17483,96,0
17484,94,0
17485,94,0
17486,96,0
17487,96,0
17488,96,0
17489,94,0
17490,96,0
17491,100,0
17492,94,0
17493,96,0
17494,96,0
17495,96,0
17496,96,0
17497,94,0
17498,96,0
17499,96,0
17500,96,0
17501,96,0
17502,98,0
17503,94,0
17504,94,0
17505,94,0
17506,96,0
17507,96,0
17508,94,0
17509,96,0
17510,96,0
17511,100,0
17512,96,0
17513,94,0
17514,102,0
17515,96,0
17516,102,0
17517,104,0
17518,94,0
17519,106,0
17520,106,0
17521,104,0
17522,100,0
17523,104,0
17524,102,0
17525,100,0
17526,102,0
17527,102,0
17528,102,0
17529,104,0
17530,102,0
17531,102,0
17532,100,0
17533,102,0
17534,104,0
17535,102,0
17536,96,0
17537,96,0
17538,96,0
17539,104,0
17540,102,0
17541,102,0
17542,104,0
17543,104,0
17544,104,0
17545,102,0
17546,104,0
17547,96,0
17548,102,0
17549,98,0
17550,98,0
17551,96,0
17552,96,0
17553,96,0
17554,96,0
17555,104,0
17556,96,0
17557,96,0
17558,94,0
17559,94,0
17560,96,0
17561,96,0
17562,94,0
17563,94,0
17564,94,0
17565,96,0
17566,96,0
17567,96,0
17568,96,0
17569,96,0
17570,102,0
17571,102,0
17572,104,0
17573,96,0
17574,102,0
17575,104,0
17576,102,0
17577,102,0
17578,102,0
17579,96,0
17580,96,0
17581,102,0
17582,102,0
17583,96,0
17584,104,0
17585,102,0
17586,110,0
17587,92,0
17588,100,0
17589,98,0
17590,102,0
17591,100,0
17592,100,0
17593,104,0
17594,96,0
17595,94,0
17596,94,0
17597,94,0
17598,94,0
17599,94,0
17600,96,0
17601,100,0
17602,96,0
17603,94,0
17604,94,0
17605,96,0
17606,94,0
17607,96,0
17608,94,0
17609,100,0
17610,102,0
17611,94,0
17612,96,0
17613,104,0
17614,104,0
17615,100,0
17616,102,0
17617,96,0
17618,96,0
17619,102,0
17620,96,0
17621,96,0
17622,96,0
17623,94,0
17624,96,0
17625,96,0
17626,96,0
17627,96,0
17628,96,0
17629,96,0
17630,104,0
17631,102,0
17632,102,0
17633,102,0
17634,96,0
17635,102,0
17636,96,0
17637,104,0
17638,104,0
17639,104,0
17640,102,0
17641,96,0
17642,104,0
17643,104,0
17644,104,0
17645,102,0
17646,106,0
17647,104,0
17648,102,0
17649,100,0
17650,102,0
17651,100,0
17652,102,0
17653,102,0
17654,104,0
17655,106,0
17656,102,0
17657,102,0
17658,104,0
17659,102,0
17660,94,0
17661,102,0
17662,104,0
17663,104,0
17664,104,0
17665,104,0
17666,102,0
17667,104,0
17668,102,0
17669,106,0
17670,94,0
17671,102,0
17672,102,0
17673,104,0
17674,102,0
17675,104,0
17676,96,0
17677,94,0
17678,96,0
17679,98,0
17680,102,0
17681,104,0
17682,102,0
17683,96,0
17684,94,0
17685,92,0
17686,98,0
17687,98,0
17688,96,0
17689,96,0
17690,94,0
17691,96,0
17692,96,0
17693,96,0
17694,98,0
17695,96,0
17696,94,0
17697,96,0
17698,96,0
17699,96,0
17700,98,0
17701,94,0
17702,100,0
17703,102,0
17704,96,0
17705,98,0
17706,106,0
17707,102,0
17708,96,0
17709,108,0
17710,94,0
17711,98,0
17712,102,0
17713,102,0
17714,102,0
17715,106,0
17716,104,0
17717,102,0
17718,102,0
17719,102,0
17720,102,0
17721,102,0
17722,102,0
17723,102,0
17724,104,0
17725,102,0
17726,104,0
17727,102,0
17728,102,0
17729,98,0
17730,102,0
17731,104,0
17732,104,0
17733,102,0
17734,102,0
17735,104,0
17736,96,0
17737,102,0
17738,102,0
17739,94,0
17740,104,0
17741,102,0
17742,104,0
17743,104,0
17744,104,0
17745,102,0
17746,102,0
17747,104,0
17748,104,0
17749,98,0
17750,100,0
17751,102,0
17752,104,0
17753,96,0
17754,102,0
17755,96,0
17756,106,0
17757,102,0
17758,96,0
17759,96,0
17760,94,0
17761,98,0
17762,94,0
17763,96,0
17764,96,0
17765,96,0
17766,96,0
17767,94,0
17768,100,0
17769,102,0
17770,102,0
17771,106,0
17772,100,0
17773,102,0
17774,96,0
17775,102,0
17776,102,0
17777,102,0
17778,106,0
17779,102,0
17780,102,0
17781,102,0
17782,102,0
17783,104,0
17784,102,0
17785,94,0
17786,100,0
17787,104,0
17788,104,0
17789,102,0
17790,98,0
17791,98,0
17792,102,0
17793,96,0
17794,104,0
17795,102,0
17796,96,0
17797,92,0
17798,100,0
17799,104,0
17800,96,0
17801,96,0
17802,94,0
17803,104,0
17804,96,0
17805,94,0
17806,96,0
17807,96,0
17808,96,0
17809,96,0
17810,96,0
17811,100,0
17812,96,0
17813,96,0
17814,96,0
17815,94,0
17816,96,0
17817,96,0
17818,102,0
17819,104,0
17820,102,0
17821,102,0
17822,102,0
17823,104,0
17824,102,0
17825,92,0
17826,102,0
17827,96,0
17828,100,0
17829,104,0
17830,96,0
17831,94,0
17832,106,0
17833,98,0
17834,96,0
17835,96,0
17836,96,0
17837,96,0
17838,96,0
17839,102,0
17840,98,0
17841,102,0
17842,102,0
17843,96,0
17844,96,0
17845,102,0
17846,102,0
17847,102,0
17848,96,0
17849,96,0
17850,96,0
17851,96,0
17852,96,0
17853,96,0
17854,96,0
17855,96,0
17856,96,0
17857,96,0
17858,96,0
17859,94,0
17860,98,0
17861,96,0
17862,96,0
17863,96,0
17864,104,0
17865,96,0
17866,102,0
17867,100,0
17868,96,0
17869,104,0
17870,102,0
17871,106,0
17872,104,0
17873,102,0
17874,106,0
17875,96,0
17876,96,0
17877,96,0
17878,100,0
17879,104,0
17880,102,0
17881,100,0
17882,102,0
17883,98,0
17884,96,0
17885,94,0
17886,92,0
17887,96,0
17888,100,0
17889,102,0
17890,96,0
17891,94,0
17892,96,0
17893,100,0
17894,100,0
17895,94,0
17896,96,0
17897,92,0
17898,100,0
17899,96,0
17900,96,0
17901,96,0
17902,96,0
17903,96,0
17904,96,0
17905,96,0
17906,96,0
17907,94,0
17908,96,0
17909,96,0
17910,96,0
17911,96,0
17912,96,0
17913,96,0
17914,94,0
17915,96,0
17916,96,0
17917,102,0
17918,96,0
17919,96,0
17920,104,0
17921,102,0
17922,96,0
17923,94,0
17924,102,0
17925,102,0
17926,102,0
17927,102,0
17928,102,0
17929,102,0
17930,102,0
17931,102,0
17932,104,0
17933,96,0
17934,108,0
17935,104,0
17936,96,0
17937,104,0
17938,102,0
17939,96,0
17940,96,0
17941,100,0
17942,94,0
17943,92,0
17944,102,0
17945,98,0
17946,102,0
17947,96,0
17948,106,0
17949,102,0
17950,104,0
17951,102,0
17952,104,0
17953,102,0
17954,104,0
17955,102,0
17956,96,0
17957,102,0
17958,94,0
17959,100,0
17960,100,0
17961,96,0
17962,98,0
17963,96,0
17964,96,0
17965,94,0
17966,96,0
17967,96,0
17968,94,0
17969,96,0
17970,96,0
17971,96,0
17972,96,0
17973,96,0
17974,96,0
17975,96,0
17976,96,0
17977,94,0
17978,96,0
17979,96,0
17980,94,0
17981,96,0
17982,96,0
17983,96,0
17984,96,0
17985,96,0
17986,96,0
17987,92,0
17988,96,0
17989,94,0
17990,96,0
17991,96,0
17992,96,0
17993,100,0
17994,96,0
17995,94,0
17996,96,0
17997,94,0
17998,100,0
17999,96,0
18000,94,0
18001,96,0
18002,96,0
18003,96,0
18004,96,0
18005,96,0
18006,96,0
18007,94,0
18008,96,0
18009,98,0
18010,98,0
18011,96,0
18012,100,0
18013,98,0
18014,100,0
18015,102,0
18016,96,0
18017,102,0
18018,102,0
18019,104,0
18020,102,0
18021,102,0
18022,102,0
18023,96,0
18024,102,0
18025,102,0
18026,106,0
18027,102,0
18028,102,0
18029,104,0
18030,102,0
18031,96,0
18032,104,0
18033,104,0
18034,108,0
18035,102,0
18036,104,0
18037,100,0
18038,102,0
18039,102,0
18040,102,0
18041,106,0
18042,102,0
18043,102,0
18044,102,0
18045,104,0
18046,104,0
18047,102,0
18048,104,0
18049,104,0
18050,104,0
18051,96,0
18052,96,0
18053,102,0
18054,94,0
18055,94,0
18056,102,0
18057,100,0
18058,102,0
18059,102,0
18060,102,0
18061,104,0
18062,102,0
18063,104,0
18064,106,0
18065,100,0
18066,104,0
18067,100,0
18068,102,0
18069,102,0
18070,104,0
18071,102,0
18072,106,0
18073,102,0
18074,96,0
18075,104,0
18076,104,0
18077,108,0
18078,102,0
18079,96,0
18080,106,0
18081,96,0
18082,100,0
18083,96,0
18084,106,0
18085,102,0
18086,104,0
18087,96,0
18088,96,0
18089,96,0
18090,96,0
18091,104,0
18092,104,0
18093,98,0
18094,102,0
18095,92,0
18096,96,0
18097,96,0
18098,96,0
18099,96,0
18100,96,0
18101,96,0
18102,96,0
18103,96,0
18104,94,0
18105,96,0
18106,100,0
18107,98,0
18108,94,0
18109,96,0
18110,98,0
18111,96,0
18112,100,0
18113,96,0
18114,96,0
18115,94,0
18116,96,0
18117,96,0
18118,94,0
18119,96,0
18120,96,0
18121,94,0
18122,96,0
18123,94,0
18124,96,0
18125,96,0
18126,96,0
18127,96,0
18128,102,0
18129,100,0
18130,94,0
18131,104,0
18132,98,0
18133,96,0
18134,102,0
18135,94,0
18136,104,0
18137,96,0
18138,106,0
18139,102,0
18140,104,0
18141,94,0
18142,104,0
18143,104,0
18144,100,0
18145,96,0
18146,102,0
18147,102,0
18148,96,0
18149,102,0
18150,96,0
18151,102,0
18152,102,0
18153,96,0
18154,102,0
18155,104,0
18156,96,0
18157,94,0
18158,96,0
18159,102,0
18160,94,0
18161,98,0
18162,96,0
18163,96,0
18164,96,0
18165,96,0
18166,96,0
18167,96,0
18168,94,0
18169,96,0
18170,96,0
18171,96,0
18172,94,0
18173,96,0
18174,94,0
18175,98,0
18176,96,0
18177,100,0
18178,100,0
18179,106,0
18180,102,0
18181,102,0
18182,102,0
18183,96,0
18184,98,0
18185,104,0
18186,102,0
18187,104,0
18188,104,0
18189,102,0
18190,96,0
18191,104,0
18192,104,0
18193,104,0
18194,104,0
18195,102,0
18196,104,0
18197,104,0
18198,102,0
18199,104,0
18200,104,0
18201,104,0
18202,102,0
18203,102,0
18204,104,0
18205,102,0
18206,104,0
18207,102,0
18208,102,0
18209,102,0
18210,104,0
18211,102,0
18212,104,0
18213,102,0
18214,104,0
18215,102,0
18216,102,0
18217,104,0
18218,104,0
18219,104,0
18220,102,0
18221,102,0
18222,104,0
18223,100,0
18224,102,0
18225,102,0
18226,104,0
18227,104,0
18228,102,0
18229,104,0
18230,102,0
18231,104,0
18232,102,0
18233,102,0
18234,102,0
18235,102,0
18236,104,0
18237,106,0
18238,102,0
18239,106,0
18240,104,0
18241,104,0
18242,104,0
18243,104,0
18244,108,0
18245,102,0
18246,102,0
18247,104,0
18248,100,0
18249,100,0
18250,102,0
18251,104,0
18252,104,0
18253,104,0
18254,102,0
18255,104,0
18256,104,0
18257,104,0
18258,102,0
18259,108,0
18260,104,0
18261,102,0
18262,102,0
18263,102,0
18264,102,0
18265,102,0
18266,102,0
18267,100,0
18268,104,0
18269,102,0
18270,102,0
18271,104,0
18272,102,0
18273,104,0
18274,102,0
18275,102,0
18276,102,0
18277,102,0
18278,104,0
18279,102,0
18280,104,0
18281,102,0
18282,106,0
18283,108,0
18284,104,0
18285,102,0
18286,104,0
18287,106,0
18288,108,0
18289,102,0
18290,102,0
18291,102,0
18292,104,0
18293,104,0
18294,102,0
18295,104,0
18296,102,0
18297,106,0
18298,102,0
18299,102,0
18300,104,0
18301,102,0
18302,104,0
18303,100,0
18304,104,0
18305,100,0
18306,106,0
18307,104,0
18308,102,0
18309,104,0
18310,104,0
18311,104,0
18312,102,0
18313,110,0
18314,102,0
18315,104,0
18316,104,0
18317,104,0
18318,100,0
18319,102,0
18320,104,0
18321,104,0
18322,104,0
18323,104,0
18324,104,0
18325,100,0
18326,104,0
18327,102,0
18328,100,0
18329,104,0
18330,102,0
18331,104,0
18332,102,0
18333,104,0
18334,102,0
18335,104,0
18336,104,0
18337,104,0
18338,102,0
18339,102,0
18340,104,0
18341,102,0
18342,104,0
18343,102,0
18344,96,0
18345,102,0
18346,102,0
18347,96,0
18348,104,0
18349,100,0
18350,102,0
18351,108,0
18352,104,0
18353,102,0
18354,104,0
18355,108,0
18356,102,0
18357,104,0
18358,102,0
18359,104,0
18360,102,0
18361,102,0
18362,104,0
18363,94,0
18364,102,0
18365,104,0
18366,108,0
18367,102,0
18368,98,0
18369,94,0
18370,106,0
18371,102,0
18372,96,0
18373,96,0
18374,96,0
18375,96,0
18376,92,0
18377,96,0
18378,96,0
18379,94,0
18380,94,0
18381,94,0
18382,100,0
18383,96,0
18384,94,0
18385,94,0
18386,94,0
18387,96,0
18388,96,0
18389,94,0
18390,96,0
18391,96,0
18392,94,0
18393,96,0
18394,96,0
18395,96,0
18396,94,0
18397,96,0
18398,94,0
18399,96,0
18400,94,0
18401,96,0
18402,98,0
18403,98,0
18404,94,0
18405,96,0
18406,98,0
18407,96,0
18408,100,0
18409,96,0
18410,96,0
18411,96,0
18412,94,0
18413,96,0
18414,94,0
18415,96,0
18416,94,0
18417,94,0
18418,94,0
18419,96,0
18420,100,0
18421,102,0
18422,96,0
18423,102,0
18424,94,0
18425,104,0
18426,102,0
18427,104,0
18428,106,0
18429,104,0
18430,96,0
18431,106,0
18432,100,0
18433,100,0
18434,104,0
18435,100,0
18436,104,0
18437,102,0
18438,102,0
18439,102,0
18440,104,0
18441,100,0
18442,102,0
18443,102,0
18444,104,0
18445,102,0
18446,102,0
18447,102,0
18448,104,0
18449,104,0
18450,104,0
18451,102,0
18452,104,0
18453,102,0
18454,102,0
18455,104,0
18456,102,0
18457,102,0
18458,104,0
18459,106,0
18460,100,0
18461,102,0
18462,104,0
18463,102,0
18464,104,0
18465,98,0
18466,104,0
18467,104,0
18468,96,0
18469,108,0
18470,102,0
18471,104,0
18472,104,0
18473,104,0
18474,102,0
18475,104,0
18476,102,0
18477,102,0
18478,102,0
18479,102,0
18480,104,0
18481,102,0
18482,104,0
18483,104,0
18484,100,0
18485,104,0
18486,102,0
18487,104,0
18488,108,0
18489,102,0
18490,104,0
18491,100,0
18492,104,0
18493,104,0
18494,102,0
18495,104,0
18496,102,0
18497,104,0
18498,102,0
18499,104,0
18500,102,0
18501,104,0
18502,102,0
18503,104,0
18504,100,0
18505,104,0
18506,102,0
18507,104,0
18508,102,0
18509,104,0
18510,102,0
18511,102,0
18512,104,0
18513,104,0
18514,104,0
18515,102,0
18516,104,0
18517,106,0
18518,104,0
18519,104,0
18520,102,0
18521,104,0
18522,106,0
18523,102,0
18524,104,0
18525,102,0
18526,102,0
18527,106,0
18528,104,0
18529,106,0
18530,104,0
18531,102,0
18532,102,0
18533,104,0
18534,108,0
18535,104,0
18536,104,0
18537,104,0
18538,104,0
18539,102,0
18540,104,0
18541,106,0
18542,104,0
18543,106,0
18544,104,0
18545,104,0
18546,102,0
18547,104,0
18548,104,0
18549,102,0
18550,102,0
18551,102,0
18552,104,0
18553,102,0
18554,102,0
18555,104,0
18556,104,0
18557,104,0
18558,102,0
18559,104,0
18560,102,0
18561,104,0
18562,102,0
18563,102,0
18564,104,0
18565,106,0
18566,104,0
18567,104,0
18568,100,0
18569,104,0
18570,102,0
18571,102,0
18572,108,0
18573,104,0
18574,104,0
18575,102,0
18576,102,0
18577,102,0
18578,102,0
18579,102,0
18580,100,0
18581,100,0
18582,102,0
18583,104,0
18584,102,0
18585,104,0
18586,104,0
18587,100,0
18588,106,0
18589,102,0
18590,104,0
18591,102,0
18592,102,0
18593,104,0
18594,104,0
18595,104,0
18596,100,0
18597,108,0
18598,104,0
18599,102,0
18600,106,0
18601,104,0
18602,104,0
18603,106,0
18604,104,0
18605,108,0
18606,102,0
18607,106,0
18608,102,0
18609,108,0
18610,102,0
18611,106,0
18612,102,0
18613,100,0
18614,104,0
18615,106,0
18616,104,0
18617,102,0
18618,102,0
18619,104,0
18620,102,0
18621,102,0
18622,102,0
18623,102,0
18624,104,0
18625,102,0
18626,102,0
18627,102,0
18628,104,0
18629,102,0
18630,108,0
18631,102,0
18632,102,0
18633,104,0
18634,104,0
18635,102,0
18636,102,0
18637,104,0
18638,102,0
18639,104,0
18640,104,0
18641,102,0
18642,102,0
18643,102,0
18644,102,0
18645,102,0
18646,104,0
18647,102,0
18648,102,0
18649,102,0
18650,102,0
18651,104,0
18652,100,0
18653,102,0
18654,102,0
18655,104,0
18656,102,0
18657,102,0
18658,104,0
18659,104,0
18660,102,0
18661,102,0
18662,104,0
18663,104,0
18664,104,0
18665,102,0
18666,102,0
18667,102,0
18668,104,0
18669,102,0
18670,104,0
18671,102,0
18672,102,0
18673,104,0
18674,100,0
18675,104,0
18676,104,0
18677,102,0
18678,106,0
18679,104,0
18680,102,0
18681,102,0
18682,104,0
18683,104,0
18684,104,0
18685,102,0
18686,104,0
18687,104,0
18688,102,0
18689,102,0
18690,104,0
18691,102,0
18692,104,0
18693,100,0
18694,104,0
18695,102,0
18696,104,0
18697,102,0
18698,102,0
18699,104,0
18700,102,0
18701,104,0
18702,104,0
18703,102,0
18704,104,0
18705,104,0
18706,106,0
18707,104,0
18708,104,0
18709,102,0
18710,102,0
18711,104,0
18712,104,0
18713,106,0
18714,106,0
18715,104,0
18716,102,0
18717,104,0
18718,106,0
18719,104,0
18720,102,0
18721,108,0
18722,102,0
18723,102,0
18724,104,0
18725,108,0
18726,104,0
18727,104,0
18728,100,0
18729,104,0
18730,100,0
18731,108,0
18732,106,0
18733,104,0
18734,104,0
18735,104,0
18736,102,0
18737,102,0
18738,104,0
18739,102,0
18740,104,0
18741,102,0
18742,104,0
18743,104,0
18744,104,0
18745,104,0
18746,104,0
18747,102,0
18748,102,0
18749,104,0
18750,104,0
18751,102,0
18752,104,0
18753,102,0
18754,102,0
18755,102,0
18756,104,0
18757,104,0
18758,104,0
18759,102,0
18760,104,0
18761,102,0
18762,104,0
18763,102,0
18764,104,0
18765,102,0
18766,102,0
18767,104,0
18768,102,0
18769,100,0
18770,102,0
18771,104,0
18772,102,0
18773,102,0
18774,104,0
18775,108,0
18776,100,0
18777,102,0
18778,102,0
18779,102,0
18780,104,0
18781,102,0
18782,104,0
18783,104,0
18784,102,0
18785,104,0
18786,104,0
18787,102,0
18788,104,0
18789,104,0
18790,104,0
18791,104,0
18792,104,0
18793,102,0
18794,104,0
18795,104,0
18796,104,0
18797,104,0
18798,104,0
18799,104,0
18800,104,0
18801,104,0
18802,102,0
18803,104,0
18804,94,0
18805,102,0
18806,102,0
18807,104,0
18808,104,0
18809,96,0
18810,102,0
18811,96,0
18812,104,0
18813,102,0
18814,102,0
18815,104,0
18816,100,0
18817,104,0
18818,104,0
18819,104,0
18820,106,0
18821,102,0
18822,104,0
18823,102,0
18824,104,0
18825,102,0
18826,104,0
18827,104,0
18828,104,0
18829,104,0
18830,102,0
18831,102,0
18832,104,0
18833,104,0
18834,106,0
18835,102,0
18836,106,0
18837,102,0
18838,102,0
18839,104,0
18840,102,0
18841,106,0
18842,94,0
18843,104,0
18844,96,0
18845,96,0
18846,102,0
18847,102,0
18848,96,0
18849,96,0
18850,96,0
18851,96,0
18852,96,0
18853,96,0
18854,96,0
18855,96,0
18856,96,0
18857,94,0
18858,102,0
18859,102,0
18860,102,0
18861,106,0
18862,92,0
18863,104,0
18864,96,0
18865,102,0
18866,96,0
18867,96,0
18868,94,0
18869,96,0
18870,96,0
18871,96,0
18872,98,0
18873,98,0
18874,98,0
18875,94,0
18876,100,0
18877,96,0
18878,98,0
18879,92,0
18880,106,0
18881,96,0
18882,100,0
18883,96,0
18884,94,0
18885,100,0
18886,102,0
18887,100,0
18888,94,0
18889,104,0
18890,94,0
18891,104,0
18892,96,0
18893,106,0
18894,102,0
18895,102,0
18896,104,0
18897,104,0
18898,102,0
18899,94,0
18900,98,0
18901,104,0
18902,102,0
18903,96,0
18904,96,0
18905,96,0
18906,96,0
18907,96,0
18908,96,0
18909,96,0
18910,94,0
18911,92,0
18912,94,0
18913,96,0
18914,94,0
18915,96,0
18916,96,0
18917,100,0
18918,96,0
18919,96,0
18920,94,0
18921,96,0
18922,96,0
18923,96,0
18924,94,0
18925,96,0
18926,94,0
18927,96,0
18928,98,0
18929,94,0
18930,94,0
18931,96,0
18932,104,0
18933,102,0
18934,104,0
18935,102,0
18936,102,0
18937,102,0
18938,104,0
18939,104,0
18940,98,0
18941,96,0
18942,98,0
18943,94,0
18944,94,0
18945,104,0
18946,104,0
18947,106,0
18948,96,0
18949,96,0
18950,96,0
18951,94,0
18952,94,0
18953,96,0
18954,94,0
18955,100,0
18956,96,0
18957,96,0
18958,94,0
18959,96,0
18960,96,0
18961,104,0
18962,96,0
18963,102,0
18964,102,0
18965,102,0
18966,102,0
18967,102,0
18968,102,0
18969,96,0
18970,102,0
18971,96,0
18972,102,0
18973,102,0
18974,96,0
18975,96,0
18976,96,0
18977,94,0
18978,104,0
18979,96,0
18980,102,0
18981,96,0
18982,96,0
18983,102,0
18984,102,0
18985,102,0
18986,102,0
18987,102,0
18988,102,0
18989,96,0
18990,102,0
18991,96,0
18992,102,0
18993,104,0
18994,102,0
18995,102,0
18996,102,0
18997,96,0
18998,96,0
18999,96,0
19000,96,0
19001,96,0
19002,96,0
19003,100,0
19004,94,0
19005,96,0
19006,98,0
19007,98,0
19008,102,0
19009,96,0
19010,96,0
19011,102,0
19012,96,0
19013,102,0
19014,98,0
19015,102,0
19016,96,0
19017,96,0
19018,94,0
19019,96,0
19020,100,0
19021,94,0
19022,96,0
19023,94,0
19024,98,0
19025,94,0
19026,94,0
19027,94,0
19028,94,0
19029,98,0
19030,98,0
19031,96,0
19032,96,0
19033,102,0
19034,96,0
19035,104,0
19036,104,0
19037,104,0
19038,102,0
19039,104,0
19040,102,0
19041,96,0
19042,94,0
19043,94,0
19044,104,0
19045,96,0
19046,94,0
19047,96,0
19048,96,0
19049,98,0
19050,98,0
19051,98,0
19052,100,0
19053,94,0
19054,98,0
19055,96,0
19056,98,0
19057,100,0
19058,96,0
19059,94,0
19060,96,0
19061,100,0
19062,96,0
19063,98,0
19064,98,0
19065,96,0
19066,96,0
19067,94,0
19068,94,0
19069,92,0
19070,98,0
19071,98,0
19072,94,0
19073,94,0
19074,96,0
19075,94,0
19076,96,0
19077,96,0
19078,94,0
19079,98,0
19080,94,0
19081,96,0
19082,96,0
19083,94,0
19084,94,0
19085,102,0
19086,102,0
19087,96,0
19088,96,0
19089,96,0
19090,96,0
19091,96,0
19092,96,0
19093,94,0
19094,96,0
19095,94,0
19096,96,0
19097,94,0
19098,96,0
19099,94,0
19100,94,0
19101,94,0
19102,94,0
19103,94,0
19104,94,0
19105,94,0
19106,96,0
19107,94,0
19108,96,0
19109,96,0
19110,94,0
19111,96,0
19112,96,0
19113,94,0
19114,96,0
19115,96,0
19116,102,0
19117,100,0
19118,102,0
19119,106,0
19120,104,0
19121,94,0
19122,102,0
19123,104,0
19124,102,0
19125,102,0
19126,102,0
19127,102,0
19128,102,0
19129,106,0
19130,102,0
19131,102,0
19132,106,0
19133,100,0
19134,102,0
19135,100,0
19136,94,0
19137,94,0
19138,104,0
19139,102,0
19140,102,0
19141,102,0
19142,96,0
19143,96,0
19144,98,0
19145,96,0
19146,96,0
19147,96,0
19148,96,0
19149,94,0
19150,96,0
19151,96,0
19152,96,0
19153,94,0
19154,96,0
19155,94,0
19156,96,0
19157,94,0
19158,104,0
19159,102,0
19160,94,0
19161,96,0
19162,96,0
19163,94,0
19164,102,0
19165,96,0
19166,96,0
19167,94,0
19168,96,0
19169,96,0
19170,96,0
19171,94,0
19172,96,0
19173,102,0
19174,100,0
19175,96,0
19176,96,0
19177,96,0
19178,94,0
19179,96,0
19180,94,0
19181,98,0
19182,96,0
19183,94,0
19184,96,0
19185,96,0
19186,100,0
19187,94,0
19188,96,0
19189,96,0
19190,94,0
19191,96,0
19192,96,0
19193,96,0
19194,96,0
19195,96,0
19196,94,0
19197,94,0
19198,94,0
19199,94,0
19200,98,0
19201,94,0
19202,96,0
19203,94,0
19204,94,0
19205,94,0
19206,96,0
19207,96,0
19208,92,0
19209,96,0
19210,94,0
19211,96,0
19212,98,0
19213,98,0
19214,96,0
19215,94,0
19216,94,0
19217,96,0
19218,94,0
19219,94,0
19220,96,0
19221,94,0
19222,94,0
19223,94,0
19224,96,0
19225,96,0
19226,94,0
19227,96,0
19228,96,0
19229,96,0
19230,94,0
19231,96,0
19232,98,0
19233,94,0
19234,96,0
19235,98,0
19236,94,0
19237,96,0
19238,94,0
19239,96,0
19240,98,0
19241,96,0
19242,96,0
19243,94,0
19244,96,0
19245,92,0
19246,96,0
19247,98,0
19248,96,0
19249,102,0
19250,94,0
19251,96,0
19252,94,0
19253,94,0
19254,96,0
19255,96,0
19256,98,0
19257,96,0
19258,96,0
19259,96,0
19260,96,0
19261,98,0
19262,96,0
19263,94,0
19264,96,0
19265,96,0
19266,96,0
19267,94,0
19268,94,0
19269,96,0
19270,94,0
19271,94,0
19272,94,0
19273,94,0
19274,94,0
19275,96,0
19276,94,0
19277,94,0
19278,96,0
19279,94,0
19280,94,0
19281,96,0
19282,94,0
19283,96,0
19284,96,0
19285,98,0
19286,96,0
19287,94,0
19288,96,0
19289,94,0
19290,96,0
19291,96,0
19292,96,0
19293,98,0
19294,96,0
19295,96,0
19296,96,0
19297,96,0
19298,96,0
19299,94,0
19300,96,0
19301,96,0
19302,96,0
19303,96,0
19304,96,0
19305,94,0
19306,96,0
19307,96,0
19308,100,0
19309,94,0
19310,96,0
19311,96,0
19312,94,0
19313,96,0
19314,96,0
19315,94,0
19316,100,0
19317,96,0
19318,96,0
19319,94,0
19320,96,0
19321,96,0
19322,96,0
19323,96,0
19324,96,0
19325,88,0
19326,92,0
19327,96,0
19328,96,0
19329,96,0
19330,92,0
19331,96,0
19332,94,0
19333,94,0
19334,96,0
19335,96,0
19336,96,0
19337,94,0
19338,96,0
19339,96,0
19340,96,0
19341,96,0
19342,98,0
19343,94,0
19344,92,0
19345,94,0
19346,96,0
19347,96,0
19348,100,0
19349,94,0
19350,96,0
19351,94,0
19352,96,0
19353,92,0
19354,92,0
19355,94,0
19356,98,0
19357,94,0
19358,94,0
19359,94,0
19360,96,0
19361,96,0
19362,98,0
19363,96,0
19364,98,0
19365,94,0
19366,100,0
19367,96,0
19368,96,0
19369,94,0
19370,96,0
19371,96,0
19372,92,0
19373,96,0
19374,96,0
19375,94,0
19376,98,0
19377,94,0
19378,98,0
19379,96,0
19380,96,0
19381,96,0
19382,96,0
19383,96,0
19384,96,0
19385,94,0
19386,96,0
19387,96,0
19388,94,0
19389,94,0
19390,96,0
19391,96,0
19392,96,0
19393,94,0
19394,96,0
19395,96,0
19396,100,0
19397,96,0
19398,94,0
19399,94,0
19400,96,0
19401,94,0
19402,96,0
19403,96,0
19404,96,0
19405,94,0
19406,96,0
19407,94,0
19408,96,0
19409,96,0
19410,96,0
19411,94,0
19412,94,0
19413,100,0
19414,94,0
19415,94,0
19416,96,0
19417,94,0
19418,98,0
19419,96,0
19420,94,0
19421,96,0
19422,96,0
19423,96,0
19424,94,0
19425,98,0
19426,92,0
19427,94,0
19428,94,0
19429,96,0
19430,98,0
19431,96,0
19432,94,0
19433,94,0
19434,96,0
19435,96,0
19436,96,0
19437,94,0
19438,94,0
19439,94,0
19440,96,0
19441,94,0
19442,96,0
19443,94,0
19444,96,0
19445,94,0
19446,92,0
19447,94,0
19448,94,0
19449,96,0
19450,94,0
19451,94,0
19452,96,0
19453,96,0
19454,96,0
19455,94,0
19456,96,0
19457,96,0
19458,94,0
19459,96,0
19460,94,0
19461,96,0
19462,96,0
19463,96,0
19464,92,0
19465,94,0
19466,94,0
19467,96,0
19468,94,0
19469,94,0
19470,94,0
19471,96,0
19472,94,0
19473,96,0
19474,94,0
19475,94,0
19476,98,0
19477,96,0
19478,100,0
19479,98,0
19480,96,0
19481,98,0
19482,96,0
19483,94,0
19484,96,0
19485,94,0
19486,100,0
19487,94,0
19488,96,0
19489,94,0
19490,96,0
19491,94,0
19492,96,0
19493,94,0
19494,94,0
19495,94,0
19496,96,0
19497,96,0
19498,98,0
19499,96,0
19500,92,0
19501,96,0
19502,94,0
19503,94,0
19504,96,0
19505,94,0
19506,96,0
19507,94,0
19508,94,0
19509,96,0
19510,92,0
19511,94,0
19512,96,0
19513,96,0
19514,94,0
19515,94,0
19516,94,0
19517,94,0
19518,100,0
19519,98,0
19520,96,0
19521,94,0
19522,94,0
19523,96,0
19524,94,0
19525,96,0
19526,96,0
19527,96,0
19528,96,0
19529,96,0
19530,94,0
19531,96,0
19532,96,0
19533,98,0
19534,96,0
19535,96,0
19536,96,0
19537,100,0
19538,96,0
19539,94,0
19540,96,0
19541,94,0
19542,94,0
19543,96,0
19544,94,0
19545,94,0
19546,96,0
19547,96,0
19548,96,0
19549,94,0
19550,96,0
19551,96,0
19552,96,0
19553,92,0
19554,96,0
19555,94,0
19556,96,0
19557,94,0
19558,94,0
19559,96,0
19560,94,0
19561,94,0
19562,94,0
19563,94,0
19564,96,0
19565,94,0
19566,96,0
19567,94,0
19568,96,0
19569,96,0
19570,96,0
19571,94,0
19572,94,0
19573,96,0
19574,94,0
19575,102,0
19576,100,0
19577,96,0
19578,94,0
19579,96,0
19580,96,0
19581,98,0
19582,98,0
19583,96,0
19584,98,0
19585,96,0
19586,100,0
19587,94,0
19588,96,0
19589,94,0
19590,96,0
19591,96,0
19592,96,0
19593,94,0
19594,94,0
19595,96,0
19596,96,0
19597,94,0
19598,96,0
19599,96,0
19600,94,0
19601,92,0
19602,98,0
19603,96,0
19604,96,0
19605,94,0
19606,96,0
19607,96,0
19608,96,0
19609,94,0
19610,100,0
19611,94,0
19612,94,0
19613,94,0
19614,98,0
19615,96,0
19616,94,0
19617,96,0
19618,96,0
19619,96,0
19620,96,0
19621,96,0
19622,96,0
19623,94,0
19624,96,0
19625,94,0
19626,94,0
19627,96,0
19628,94,0
19629,96,0
19630,96,0
19631,98,0
19632,96,0
19633,96,0
19634,96,0
19635,96,0
19636,96,0
19637,96,0
19638,96,0
19639,94,0
19640,96,0
19641,98,0
19642,92,0
19643,96,0
19644,94,0
19645,94,0
19646,96,0
19647,100,0
19648,96,0
19649,96,0
19650,96,0
19651,94,0
19652,96,0
19653,96,0
19654,96,0
19655,98,0
19656,96,0
19657,96,0
19658,96,0
19659,100,0
19660,94,0
19661,96,0
19662,96,0
19663,98,0
19664,96,0
19665,96,0
19666,94,0
19667,94,0
19668,96,0
19669,96,0
19670,96,0
19671,96,0
19672,96,0
19673,96,0
19674,96,0
19675,96,0
19676,94,0
19677,96,0
19678,96,0
19679,94,0
19680,96,0
19681,96,0
19682,96,0
19683,94,0
19684,96,0
19685,96,0
19686,94,0
19687,96,0
19688,98,0
19689,96,0
19690,96,0
19691,96,0
19692,96,0
19693,94,0
19694,94,0
19695,96,0
19696,94,0
19697,96,0
19698,96,0
19699,96,0
19700,96,0
19701,96,0
19702,94,0
19703,100,0
19704,94,0
19705,94,0
19706,96,0
19707,92,0
19708,94,0
19709,96,0
19710,98,0
19711,98,0
19712,94,0
19713,94,0
19714,96,0
19715,96,0
19716,100,0
19717,96,0
19718,100,0
19719,96,0
19720,98,0
19721,94,0
19722,96,0
19723,100,0
19724,96,0
19725,94,0
19726,96,0
19727,94,0
19728,96,0
19729,94,0
19730,94,0
19731,96,0
19732,96,0
19733,96,0
19734,96,0
19735,96,0
19736,96,0
19737,96,0
19738,90,0
19739,94,0
19740,98,0
19741,94,0
19742,96,0
19743,96,0
19744,96,0
19745,96,0
19746,94,0
19747,96,0
19748,96,0
19749,94,0
19750,96,0
19751,96,0
19752,94,0
19753,96,0
19754,96,0
19755,96,0
19756,94,0
19757,96,0
19758,94,0
19759,96,0
19760,94,0
19761,96,0
19762,96,0
19763,94,0
19764,94,0
19765,96,0
19766,94,0
19767,94,0
19768,98,0
19769,96,0
19770,92,0
19771,96,0
19772,96,0
19773,96,0
19774,96,0
19775,96,0
19776,96,0
19777,96,0
19778,96,0
19779,96,0
19780,96,0
19781,96,0
19782,96,0
19783,94,0
19784,94,0
19785,96,0
19786,96,0
19787,96,0
19788,96,0
19789,96,0
19790,94,0
19791,94,0
19792,96,0
19793,94,0
19794,94,0
19795,96,0
19796,96,0
19797,96,0
19798,94,0
19799,96,0
19800,96,0
19801,94,0
19802,96,0
19803,96,0
19804,98,0
19805,96,0
19806,98,0
19807,96,0
19808,94,0
19809,94,0
19810,94,0
19811,96,0
19812,94,0
19813,94,0
19814,96,0
19815,98,0
19816,92,0
19817,96,0
19818,98,0
19819,96,0
19820,96,0
19821,102,0
19822,96,0
19823,96,0
19824,96,0
19825,94,0
19826,94,0
19827,92,0
19828,96,0
19829,94,0
19830,94,0
19831,96,0
19832,96,0
19833,96,0
19834,98,0
19835,96,0
19836,96,0
19837,96,0
19838,94,0
19839,96,0
19840,96,0
19841,94,0
19842,96,0
19843,96,0
19844,96,0
19845,96,0
19846,96,0
19847,96,0
19848,96,0
19849,96,0
19850,96,0
19851,96,0
19852,96,0
19853,94,0
19854,96,0
19855,94,0
19856,96,0
19857,96,0
19858,92,0
19859,96,0
19860,94,0
19861,94,0
19862,94,0
19863,96,0
19864,94,0
19865,96,0
19866,96,0
19867,96,0
19868,100,0
19869,96,0
19870,96,0
19871,96,0
19872,94,0
19873,96,0
19874,96,0
19875,96,0
19876,96,0
19877,94,0
19878,94,0
19879,94,0
19880,96,0
19881,96,0
19882,96,0
19883,96,0
19884,100,0
19885,96,0
19886,96,0
19887,96,0
19888,96,0
19889,98,0
19890,96,0
19891,96,0
19892,96,0
19893,96,0
19894,96,0
19895,94,0
19896,96,0
19897,94,0
19898,96,0
19899,94,0
19900,96,0
19901,94,0
19902,98,0
19903,96,0
19904,94,0
19905,94,0
19906,94,0
19907,98,0
19908,96,0
19909,94,0
19910,96,0
19911,96,0
19912,94,0
19913,96,0
19914,98,0
19915,94,0
19916,96,0
19917,94,0
19918,96,0
19919,94,0
19920,96,0
19921,94,0
19922,96,0
19923,96,0
19924,94,0
19925,94,0
19926,94,0
19927,96,0
19928,96,0
19929,92,0
19930,96,0
19931,96,0
19932,96,0
19933,96,0
19934,98,0
19935,100,0
19936,96,0
19937,100,0
19938,96,0
19939,96,0
19940,94,0
19941,96,0
19942,96,0
19943,94,0
19944,96,0
19945,96,0
19946,98,0
19947,94,0
19948,96,0
19949,94,0
19950,96,0
19951,94,0
19952,92,0
19953,96,0
19954,94,0
19955,96,0
19956,96,0
19957,96,0
19958,96,0
19959,96,0
19960,96,0
19961,94,0
19962,96,0
19963,96,0
19964,96,0
19965,96,0
19966,96,0
19967,96,0
19968,92,0
19969,96,0
19970,94,0
19971,96,0
19972,96,0
19973,96,0
19974,100,0
19975,96,0
19976,96,0
19977,96,0
19978,96,0
19979,96,0
19980,96,0
19981,94,0
19982,94,0
19983,96,0
19984,98,0
19985,98,0
19986,94,0
19987,96,0
19988,98,0
19989,98,0
19990,96,0
19991,98,0
19992,100,0
19993,96,0
19994,96,0
19995,96,0
19996,96,0
19997,96,0
19998,96,0
19999,94,0
